# ============================================================
# Calculated and Observed Apparent Resistivity Data
# Paper: A Comparative Study of Pseudo-diode Arrays and Standard Arrays
# Based on High-density DC Resistivity Method
# ============================================================
# Column 1: X_Coord (m)       - Horizontal coordinate
# Column 2: Z_Coord (m)       - Depth coordinate (negative downward)
# Column 3: App_Resistivity   - Apparent resistivity (Ohm-m)
#            Computed from forward DC resistivity modeling

-78.75	0	-80	991.467
-78.125	0	-80.625	991.097
-77.5	0	-81.25	1008.07
-76.875	0	-81.875	1011.72
-76.25	0	-82.5	1004.04
-75.625	0	-83.125	995.201
-75	0	-83.75	989.535
-74.375	0	-84.375	988.431
-73.75	0	-85	990.761
-73.125	0	-85.625	994.283
-72.5	0	-86.25	998.484
-71.875	0	-86.875	1001.9
-71.25	0	-87.5	1003.97
-70.625	0	-88.125	1005.93
-70	0	-88.75	1006.39
-69.375	0	-89.375	1004.93
-68.75	0	-90	1003.73
-68.125	0	-90.625	1000.55
-67.5	0	-91.25	997.82
-66.875	0	-91.875	993.813
-66.25	0	-92.5	990.656
-65.625	0	-93.125	986.985
-65	0	-93.75	983.885
-64.375	0	-94.375	980.803
-63.75	0	-95	977.88
-63.125	0	-95.625	975.441
-62.5	0	-96.25	972.945
-61.875	0	-96.875	970.492
-61.25	0	-97.5	968.249
-60.625	0	-98.125	966.101
-60	0	-98.75	963.573
-59.375	0	-99.375	960.716
-58.75	0	-100	957.939
-58.125	0	-100.625	954.226
-57.5	0	-101.25	950.533
-56.875	0	-101.875	946.384
-56.25	0	-102.5	941.601
-55.625	0	-103.125	936.452
-55	0	-103.75	930.542
-54.375	0	-104.375	924.09
-53.75	0	-105	916.626
-53.125	0	-105.625	908.694
-52.5	0	-106.25	899.452
-51.875	0	-106.875	889.163
-51.25	0	-107.5	878.125
-50.625	0	-108.125	865.602
-50	0	-108.75	852.112
-49.375	0	-109.375	837.632
-48.75	0	-110	821.972
-48.125	0	-110.625	805.238
-47.5	0	-111.25	788.083
-46.875	0	-111.875	770.263
-46.25	0	-112.5	752.499
-45.625	0	-113.125	734.951
-45	0	-113.75	718.38
-44.375	0	-114.375	703.805
-43.75	0	-115	690.826
-43.125	0	-115.625	681.178
-42.5	0	-116.25	675.481
-41.875	0	-116.875	673.988
-41.25	0	-117.5	676.276
-40.625	0	-118.125	682.857
-40	0	-118.75	692.899
-39.375	0	-119.375	705.394
-38.75	0	-120	719.706
-38.125	0	-120.625	734.893
-37.5	0	-121.25	750.201
-36.875	0	-121.875	765.031
-36.25	0	-122.5	779.029
-35.625	0	-123.125	791.714
-35	0	-123.75	803.224
-34.375	0	-124.375	813.658
-33.75	0	-125	822.72
-33.125	0	-125.625	830.802
-32.5	0	-126.25	837.896
-31.875	0	-126.875	844.02
-31.25	0	-127.5	849.467
-30.625	0	-128.125	854.239
-30	0	-128.75	858.359
-29.375	0	-129.375	862.13
-28.75	0	-130	865.436
-28.125	0	-130.625	868.328
-27.5	0	-131.25	870.953
-26.875	0	-131.875	873.279
-26.25	0	-132.5	875.317
-25.625	0	-133.125	877.091
-25	0	-133.75	878.68
-24.375	0	-134.375	880.108
-23.75	0	-135	881.342
-23.125	0	-135.625	882.585
-22.5	0	-136.25	883.562
-21.875	0	-136.875	884.478
-21.25	0	-137.5	885.433
-20.625	0	-138.125	886.253
-20	0	-138.75	887.192
-19.375	0	-139.375	887.962
-18.75	0	-140	888.716
-18.125	0	-140.625	889.358
-17.5	0	-141.25	890.086
-16.875	0	-141.875	890.633
-16.25	0	-142.5	891.346
-15.625	0	-143.125	892.009
-15	0	-143.75	892.656
-14.375	0	-144.375	893.27
-13.75	0	-145	893.91
-13.125	0	-145.625	894.46
-12.5	0	-146.25	894.839
-11.875	0	-146.875	895.915
-11.25	0	-147.5	896.402
-10.625	0	-148.125	897.208
-10	0	-148.75	897.714
-9.375	0	-149.375	897.805
-8.75	0	-150	898.432
-8.125	0	-150.625	898.609
-7.5	0	-151.25	899.412
-6.875	0	-151.875	899.673
-6.25	0	-152.5	900.645
-5.625	0	-153.125	901.147
-5	0	-153.75	901.829
-4.375	0	-154.375	901.427
-3.75	0	-155	902.031
-3.125	0	-155.625	901.903
-2.5	0	-156.25	900.828
-1.875	0	-156.875	898.688
-1.25	0	-157.5	898.344
-77.5	0	-80	998.54
-76.875	0	-80.625	997.794
-76.25	0	-81.25	1004.69
-75.625	0	-81.875	1001.73
-75	0	-82.5	992.888
-74.375	0	-83.125	984.845
-73.75	0	-83.75	981.175
-73.125	0	-84.375	981.797
-72.5	0	-85	984.457
-71.875	0	-85.625	988.494
-71.25	0	-86.25	992.195
-70.625	0	-86.875	994.813
-70	0	-87.5	997.477
-69.375	0	-88.125	998.607
-68.75	0	-88.75	997.722
-68.125	0	-89.375	997.012
-67.5	0	-90	994.183
-66.875	0	-90.625	991.705
-66.25	0	-91.25	987.832
-65.625	0	-91.875	984.754
-65	0	-92.5	981.087
-64.375	0	-93.125	977.96
-63.75	0	-93.75	974.815
-63.125	0	-94.375	971.812
-62.5	0	-95	969.287
-61.875	0	-95.625	966.699
-61.25	0	-96.25	964.157
-60.625	0	-96.875	961.834
-60	0	-97.5	959.619
-59.375	0	-98.125	957.032
-58.75	0	-98.75	954.126
-58.125	0	-99.375	951.319
-57.5	0	-100	947.583
-56.875	0	-100.625	943.886
-56.25	0	-101.25	939.745
-55.625	0	-101.875	934.985
-55	0	-102.5	929.87
-54.375	0	-103.125	924.008
-53.75	0	-103.75	917.613
-53.125	0	-104.375	910.214
-52.5	0	-105	902.355
-51.875	0	-105.625	893.19
-51.25	0	-106.25	882.981
-50.625	0	-106.875	872.024
-50	0	-107.5	859.582
-49.375	0	-108.125	846.171
-48.75	0	-108.75	831.767
-48.125	0	-109.375	816.177
-47.5	0	-110	799.506
-46.875	0	-110.625	782.404
-46.25	0	-111.25	764.627
-45.625	0	-111.875	746.893
-45	0	-112.5	729.36
-44.375	0	-113.125	712.79
-43.75	0	-113.75	698.199
-43.125	0	-114.375	685.188
-42.5	0	-115	675.493
-41.875	0	-115.625	669.735
-41.25	0	-116.25	668.17
-40.625	0	-116.875	670.379
-40	0	-117.5	676.877
-39.375	0	-118.125	686.834
-38.75	0	-118.75	699.246
-38.125	0	-119.375	713.48
-37.5	0	-120	728.597
-36.875	0	-120.625	743.842
-36.25	0	-121.25	758.62
-35.625	0	-121.875	772.575
-35	0	-122.5	785.226
-34.375	0	-123.125	796.71
-33.75	0	-123.75	807.124
-33.125	0	-124.375	816.174
-32.5	0	-125	824.249
-31.875	0	-125.625	831.339
-31.25	0	-126.25	837.464
-30.625	0	-126.875	842.912
-30	0	-127.5	847.689
-29.375	0	-128.125	851.815
-28.75	0	-128.75	855.591
-28.125	0	-129.375	858.904
-27.5	0	-130	861.804
-26.875	0	-130.625	864.436
-26.25	0	-131.25	866.769
-25.625	0	-131.875	868.813
-25	0	-132.5	870.594
-24.375	0	-133.125	872.19
-23.75	0	-133.75	873.623
-23.125	0	-134.375	874.863
-22.5	0	-135	876.111
-21.875	0	-135.625	877.092
-21.25	0	-136.25	878.011
-20.625	0	-136.875	878.969
-20	0	-137.5	879.792
-19.375	0	-138.125	880.732
-18.75	0	-138.75	881.503
-18.125	0	-139.375	882.258
-17.5	0	-140	882.9
-16.875	0	-140.625	883.628
-16.25	0	-141.25	884.174
-15.625	0	-141.875	884.886
-15	0	-142.5	885.546
-14.375	0	-143.125	886.191
-13.75	0	-143.75	886.802
-13.125	0	-144.375	887.439
-12.5	0	-145	887.986
-11.875	0	-145.625	888.363
-11.25	0	-146.25	889.433
-10.625	0	-146.875	889.916
-10	0	-147.5	890.717
-9.375	0	-148.125	891.219
-8.75	0	-148.75	891.308
-8.125	0	-149.375	891.929
-7.5	0	-150	892.104
-6.875	0	-150.625	892.9
-6.25	0	-151.25	893.158
-5.625	0	-151.875	894.121
-5	0	-152.5	894.618
-4.375	0	-153.125	895.293
-3.75	0	-153.75	894.892
-3.125	0	-154.375	895.49
-2.5	0	-155	895.361
-1.875	0	-155.625	894.292
-1.25	0	-156.25	892.166
-0.625	0	-156.875	891.823
-76.25	0	-80	1005.94
-75.625	0	-80.625	1002.38
-75	0	-81.25	1005.4
-74.375	0	-81.875	1001.08
-73.75	0	-82.5	992.579
-73.125	0	-83.125	986.49
-72.5	0	-83.75	984.978
-71.875	0	-84.375	986.283
-71.25	0	-85	989.802
-70.625	0	-85.625	993.593
-70	0	-86.25	996.718
-69.375	0	-86.875	1000.15
-68.75	0	-87.5	1002.06
-68.125	0	-88.125	1001.85
-67.5	0	-88.75	1001.76
-66.875	0	-89.375	999.358
-66.25	0	-90	997.213
-65.625	0	-90.625	993.514
-65	0	-91.25	990.551
-64.375	0	-91.875	986.902
-63.75	0	-92.5	983.754
-63.125	0	-93.125	980.543
-62.5	0	-93.75	977.448
-61.875	0	-94.375	974.824
-61.25	0	-95	972.124
-60.625	0	-95.625	969.469
-60	0	-96.25	967.042
-59.375	0	-96.875	964.734
-58.75	0	-97.5	962.057
-58.125	0	-98.125	959.065
-57.5	0	-98.75	956.191
-56.875	0	-99.375	952.384
-56.25	0	-100	948.633
-55.625	0	-100.625	944.449
-55	0	-101.25	939.65
-54.375	0	-101.875	934.508
-53.75	0	-102.5	928.619
-53.125	0	-103.125	922.204
-52.5	0	-103.75	914.781
-51.875	0	-104.375	906.901
-51.25	0	-105	897.702
-50.625	0	-105.625	887.45
-50	0	-106.25	876.444
-49.375	0	-106.875	863.933
-48.75	0	-107.5	850.44
-48.125	0	-108.125	835.94
-47.5	0	-108.75	820.232
-46.875	0	-109.375	803.423
-46.25	0	-110	786.168
-45.625	0	-110.625	768.219
-45	0	-111.25	750.3
-44.375	0	-111.875	732.57
-43.75	0	-112.5	715.799
-43.125	0	-113.125	701.014
-42.5	0	-113.75	687.813
-41.875	0	-114.375	677.952
-41.25	0	-115	672.062
-40.625	0	-115.625	670.406
-40	0	-116.25	672.562
-39.375	0	-116.875	679.054
-38.75	0	-117.5	689.048
-38.125	0	-118.125	701.528
-37.5	0	-118.75	715.858
-36.875	0	-119.375	731.087
-36.25	0	-120	746.457
-35.625	0	-120.625	761.364
-35	0	-121.25	775.446
-34.375	0	-121.875	788.219
-33.75	0	-122.5	799.819
-33.125	0	-123.125	810.343
-32.5	0	-123.75	819.493
-31.875	0	-124.375	827.66
-31.25	0	-125	834.834
-30.625	0	-125.625	841.036
-30	0	-126.25	846.555
-29.375	0	-126.875	851.396
-28.75	0	-127.5	855.58
-28.125	0	-128.125	859.41
-27.5	0	-128.75	862.772
-26.875	0	-129.375	865.715
-26.25	0	-130	868.388
-25.625	0	-130.625	870.758
-25	0	-131.25	872.835
-24.375	0	-131.875	874.646
-23.75	0	-132.5	876.268
-23.125	0	-133.125	877.727
-22.5	0	-133.75	878.988
-21.875	0	-134.375	880.257
-21.25	0	-135	881.256
-20.625	0	-135.625	882.191
-20	0	-136.25	883.165
-19.375	0	-136.875	884.001
-18.75	0	-137.5	884.955
-18.125	0	-138.125	885.737
-17.5	0	-138.75	886.503
-16.875	0	-139.375	887.155
-16.25	0	-140	887.891
-15.625	0	-140.625	888.444
-15	0	-141.25	889.163
-14.375	0	-141.875	889.83
-13.75	0	-142.5	890.481
-13.125	0	-143.125	891.098
-12.5	0	-143.75	891.74
-11.875	0	-144.375	892.291
-11.25	0	-145	892.671
-10.625	0	-145.625	893.749
-10	0	-146.25	894.235
-9.375	0	-146.875	895.04
-8.75	0	-147.5	895.545
-8.125	0	-148.125	895.634
-7.5	0	-148.75	896.258
-6.875	0	-149.375	896.433
-6.25	0	-150	897.232
-5.625	0	-150.625	897.489
-5	0	-151.25	898.456
-4.375	0	-151.875	898.954
-3.75	0	-152.5	899.631
-3.125	0	-153.125	899.226
-2.5	0	-153.75	899.825
-1.875	0	-154.375	899.694
-1.25	0	-155	898.619
-0.625	0	-155.625	896.482
0	0	-156.25	896.137
-75	0	-80	1018.77
-74.375	0	-80.625	1003.51
-73.75	0	-81.25	1003.65
-73.125	0	-81.875	997.762
-72.5	0	-82.5	990.059
-71.875	0	-83.125	985.887
-71.25	0	-83.75	984.891
-70.625	0	-84.375	987.015
-70	0	-85	990.259
-69.375	0	-85.625	993.511
-68.75	0	-86.25	997.532
-68.125	0	-86.875	1000.17
-67.5	0	-87.5	1000.68
-66.875	0	-88.125	1001.26
-66.25	0	-88.75	999.383
-65.625	0	-89.375	997.657
-65	0	-90	994.211
-64.375	0	-90.625	991.432
-63.75	0	-91.25	987.854
-63.125	0	-91.875	984.73
-62.5	0	-92.5	981.483
-61.875	0	-93.125	978.32
-61.25	0	-93.75	975.612
-60.625	0	-94.375	972.809
-60	0	-95	970.046
-59.375	0	-95.625	967.516
-58.75	0	-96.25	965.115
-58.125	0	-96.875	962.347
-57.5	0	-97.5	959.269
-56.875	0	-98.125	956.329
-56.25	0	-98.75	952.455
-55.625	0	-99.375	948.658
-55	0	-100	944.438
-54.375	0	-100.625	939.615
-53.75	0	-101.25	934.46
-53.125	0	-101.875	928.567
-52.5	0	-102.5	922.156
-51.875	0	-103.125	914.739
-51.25	0	-103.75	906.872
-50.625	0	-104.375	897.682
-50	0	-105	887.433
-49.375	0	-105.625	876.429
-48.75	0	-106.25	863.909
-48.125	0	-106.875	850.4
-47.5	0	-107.5	835.872
-46.875	0	-108.125	820.123
-46.25	0	-108.75	803.257
-45.625	0	-109.375	785.933
-45	0	-110	767.898
-44.375	0	-110.625	749.881
-43.75	0	-111.25	732.039
-43.125	0	-111.875	715.147
-42.5	0	-112.5	700.238
-41.875	0	-113.125	686.906
-41.25	0	-113.75	676.924
-40.625	0	-114.375	670.928
-40	0	-115	669.184
-39.375	0	-115.625	671.272
-38.75	0	-116.25	677.723
-38.125	0	-116.875	687.701
-37.5	0	-117.5	700.186
-36.875	0	-118.125	714.538
-36.25	0	-118.75	729.804
-35.625	0	-119.375	745.222
-35	0	-120	760.183
-34.375	0	-120.625	774.323
-33.75	0	-121.25	787.155
-33.125	0	-121.875	798.814
-32.5	0	-122.5	809.396
-31.875	0	-123.125	818.601
-31.25	0	-123.75	826.821
-30.625	0	-124.375	834.046
-30	0	-125	840.295
-29.375	0	-125.625	845.858
-28.75	0	-126.25	850.74
-28.125	0	-126.875	854.963
-27.5	0	-127.5	858.828
-26.875	0	-128.125	862.223
-26.25	0	-128.75	865.197
-25.625	0	-129.375	867.898
-25	0	-130	870.294
-24.375	0	-130.625	872.394
-23.75	0	-131.25	874.228
-23.125	0	-131.875	875.87
-22.5	0	-132.5	877.346
-21.875	0	-133.125	878.624
-21.25	0	-133.75	879.907
-20.625	0	-134.375	880.92
-20	0	-135	881.867
-19.375	0	-135.625	882.852
-18.75	0	-136.25	883.698
-18.125	0	-136.875	884.661
-17.5	0	-137.5	885.452
-16.875	0	-138.125	886.224
-16.25	0	-138.75	886.882
-15.625	0	-139.375	887.624
-15	0	-140	888.182
-14.375	0	-140.625	888.905
-13.75	0	-141.25	889.575
-13.125	0	-141.875	890.229
-12.5	0	-142.5	890.848
-11.875	0	-143.125	891.493
-11.25	0	-143.75	892.046
-10.625	0	-144.375	892.427
-10	0	-145	893.506
-9.375	0	-145.625	893.993
-8.75	0	-146.25	894.799
-8.125	0	-146.875	895.303
-7.5	0	-147.5	895.392
-6.875	0	-148.125	896.016
-6.25	0	-148.75	896.19
-5.625	0	-149.375	896.987
-5	0	-150	897.244
-4.375	0	-150.625	898.209
-3.75	0	-151.25	898.706
-3.125	0	-151.875	899.381
-2.5	0	-152.5	898.974
-1.875	0	-153.125	899.572
-1.25	0	-153.75	899.439
-0.625	0	-154.375	898.363
0	0	-155	896.225
0.625	0	-155.625	895.879
-73.75	0	-80	1011.05
-73.125	0	-80.625	1001.76
-72.5	0	-81.25	1000.51
-71.875	0	-81.875	994.746
-71.25	0	-82.5	989.033
-70.625	0	-83.125	985.306
-70	0	-83.75	985.157
-69.375	0	-84.375	987.066
-68.75	0	-85	989.912
-68.125	0	-85.625	994.249
-67.5	0	-86.25	997.509
-66.875	0	-86.875	998.709
-66.25	0	-87.5	1000.04
-65.625	0	-88.125	998.758
-65	0	-88.75	997.539
-64.375	0	-89.375	994.422
-63.75	0	-90	991.894
-63.125	0	-90.625	988.441
-62.5	0	-91.25	985.379
-61.875	0	-91.875	982.124
-61.25	0	-92.5	978.91
-60.625	0	-93.125	976.124
-60	0	-93.75	973.219
-59.375	0	-94.375	970.343
-58.75	0	-95	967.702
-58.125	0	-95.625	965.196
-57.5	0	-96.25	962.324
-56.875	0	-96.875	959.146
-56.25	0	-97.5	956.125
-55.625	0	-98.125	952.169
-55	0	-98.75	948.311
-54.375	0	-99.375	944.044
-53.75	0	-100	939.184
-53.125	0	-100.625	934.008
-52.5	0	-101.25	928.102
-51.875	0	-101.875	921.688
-51.25	0	-102.5	914.273
-50.625	0	-103.125	906.415
-50	0	-103.75	897.23
-49.375	0	-104.375	886.985
-48.75	0	-105	875.982
-48.125	0	-105.625	863.455
-47.5	0	-106.25	849.931
-46.875	0	-106.875	835.379
-46.25	0	-107.5	819.591
-45.625	0	-108.125	802.673
-45	0	-108.75	785.284
-44.375	0	-109.375	767.167
-43.75	0	-110	749.055
-43.125	0	-110.625	731.105
-42.5	0	-111.25	714.094
-41.875	0	-111.875	699.063
-41.25	0	-112.5	685.602
-40.625	0	-113.125	675.498
-40	0	-113.75	669.392
-39.375	0	-114.375	667.557
-38.75	0	-115	669.572
-38.125	0	-115.625	675.977
-37.5	0	-116.25	685.931
-36.875	0	-116.875	698.412
-36.25	0	-117.5	712.779
-35.625	0	-118.125	728.074
-35	0	-118.75	743.531
-34.375	0	-119.375	758.54
-33.75	0	-120	772.732
-33.125	0	-120.625	785.618
-32.5	0	-121.25	797.331
-31.875	0	-121.875	807.967
-31.25	0	-122.5	817.224
-30.625	0	-123.125	825.494
-30	0	-123.75	832.767
-29.375	0	-124.375	839.06
-28.75	0	-125	844.666
-28.125	0	-125.625	849.588
-27.5	0	-126.25	853.848
-26.875	0	-126.875	857.749
-26.25	0	-127.5	861.176
-25.625	0	-128.125	864.18
-25	0	-128.75	866.908
-24.375	0	-129.375	869.329
-23.75	0	-130	871.453
-23.125	0	-130.625	873.308
-22.5	0	-131.25	874.969
-21.875	0	-131.875	876.463
-21.25	0	-132.5	877.758
-20.625	0	-133.125	879.056
-20	0	-133.75	880.081
-19.375	0	-134.375	881.041
-18.75	0	-135	882.037
-18.125	0	-135.625	882.893
-17.5	0	-136.25	883.864
-16.875	0	-136.875	884.662
-16.25	0	-137.5	885.442
-15.625	0	-138.125	886.106
-15	0	-138.75	886.853
-14.375	0	-139.375	887.415
-13.75	0	-140	888.142
-13.125	0	-140.625	888.815
-12.5	0	-141.25	889.471
-11.875	0	-141.875	890.093
-11.25	0	-142.5	890.739
-10.625	0	-143.125	891.293
-10	0	-143.75	891.676
-9.375	0	-144.375	892.755
-8.75	0	-145	893.243
-8.125	0	-145.625	894.049
-7.5	0	-146.25	894.553
-6.875	0	-146.875	894.641
-6.25	0	-147.5	895.264
-5.625	0	-148.125	895.437
-5	0	-148.75	896.233
-4.375	0	-149.375	896.488
-3.75	0	-150	897.451
-3.125	0	-150.625	897.946
-2.5	0	-151.25	898.618
-1.875	0	-151.875	898.209
-1.25	0	-152.5	898.805
-0.625	0	-153.125	898.671
0	0	-153.75	897.593
0.625	0	-154.375	895.457
1.25	0	-155	895.11
-72.5	0	-80	1020.54
-71.875	0	-80.625	1005.45
-71.25	0	-81.25	1001.88
-70.625	0	-81.875	997.631
-70	0	-82.5	991.515
-69.375	0	-83.125	988.072
-68.75	0	-83.75	987.433
-68.125	0	-84.375	988.897
-67.5	0	-85	992.933
-66.875	0	-85.625	996.451
-66.25	0	-86.25	998.163
-65.625	0	-86.875	1000.19
-65	0	-87.5	999.506
-64.375	0	-88.125	998.835
-63.75	0	-88.75	996.084
-63.125	0	-89.375	993.85
-62.5	0	-90	990.547
-61.875	0	-90.625	987.568
-61.25	0	-91.25	984.312
-60.625	0	-91.875	981.044
-60	0	-92.5	978.171
-59.375	0	-93.125	975.147
-58.75	0	-93.75	972.134
-58.125	0	-94.375	969.356
-57.5	0	-95	966.719
-56.875	0	-95.625	963.712
-56.25	0	-96.25	960.402
-55.625	0	-96.875	957.27
-55	0	-97.5	953.2
-54.375	0	-98.125	949.251
-53.75	0	-98.75	944.907
-53.125	0	-99.375	939.982
-52.5	0	-100	934.757
-51.875	0	-100.625	928.811
-51.25	0	-101.25	922.37
-50.625	0	-101.875	914.932
-50	0	-102.5	907.06
-49.375	0	-103.125	897.858
-48.75	0	-103.75	887.592
-48.125	0	-104.375	876.567
-47.5	0	-105	864.008
-46.875	0	-105.625	850.444
-46.25	0	-106.25	835.842
-45.625	0	-106.875	819.989
-45	0	-107.5	802.99
-44.375	0	-108.125	785.507
-43.75	0	-108.75	767.279
-43.125	0	-109.375	749.042
-42.5	0	-110	730.954
-41.875	0	-110.625	713.796
-41.25	0	-111.25	698.616
-40.625	0	-111.875	685.002
-40	0	-112.5	674.754
-39.375	0	-113.125	668.525
-38.75	0	-113.75	666.589
-38.125	0	-114.375	668.526
-37.5	0	-115	674.885
-36.875	0	-115.625	684.823
-36.25	0	-116.25	697.311
-35.625	0	-116.875	711.705
-35	0	-117.5	727.045
-34.375	0	-118.125	742.558
-33.75	0	-118.75	757.63
-33.125	0	-119.375	771.89
-32.5	0	-120	784.843
-31.875	0	-120.625	796.624
-31.25	0	-121.25	807.325
-30.625	0	-121.875	816.645
-30	0	-122.5	824.975
-29.375	0	-123.125	832.304
-28.75	0	-123.75	838.65
-28.125	0	-124.375	844.305
-27.5	0	-125	849.273
-26.875	0	-125.625	853.575
-26.25	0	-126.25	857.515
-25.625	0	-126.875	860.978
-25	0	-127.5	864.015
-24.375	0	-128.125	866.774
-23.75	0	-128.75	869.224
-23.125	0	-129.375	871.373
-22.5	0	-130	873.251
-21.875	0	-130.625	874.934
-21.25	0	-131.25	876.447
-20.625	0	-131.875	877.758
-20	0	-132.5	879.072
-19.375	0	-133.125	880.112
-18.75	0	-133.75	881.084
-18.125	0	-134.375	882.092
-17.5	0	-135	882.958
-16.875	0	-135.625	883.939
-16.25	0	-136.25	884.745
-15.625	0	-136.875	885.531
-15	0	-137.5	886.202
-14.375	0	-138.125	886.954
-13.75	0	-138.75	887.521
-13.125	0	-139.375	888.251
-12.5	0	-140	888.928
-11.875	0	-140.625	889.587
-11.25	0	-141.25	890.211
-10.625	0	-141.875	890.859
-10	0	-142.5	891.414
-9.375	0	-143.125	891.797
-8.75	0	-143.75	892.879
-8.125	0	-144.375	893.366
-7.5	0	-145	894.172
-6.875	0	-145.625	894.676
-6.25	0	-146.25	894.763
-5.625	0	-146.875	895.385
-5	0	-147.5	895.556
-4.375	0	-148.125	896.351
-3.75	0	-148.75	896.603
-3.125	0	-149.375	897.565
-2.5	0	-150	898.057
-1.875	0	-150.625	898.727
-1.25	0	-151.25	898.316
-0.625	0	-151.875	898.91
0	0	-152.5	898.773
0.625	0	-153.125	897.693
1.25	0	-153.75	895.554
1.875	0	-154.375	895.205
-71.25	0	-80	1027.43
-70.625	0	-80.625	1002.31
-70	0	-81.25	1003.94
-69.375	0	-81.875	999.136
-68.75	0	-82.5	992.957
-68.125	0	-83.125	989.072
-67.5	0	-83.75	988.208
-66.875	0	-84.375	991.24
-66.25	0	-85	994.569
-65.625	0	-85.625	996.561
-65	0	-86.25	999.239
-64.375	0	-86.875	999.179
-63.75	0	-87.5	999.143
-63.125	0	-88.125	996.853
-62.5	0	-88.75	995.018
-61.875	0	-89.375	991.958
-61.25	0	-90	989.141
-60.625	0	-90.625	985.947
-60	0	-91.25	982.674
-59.375	0	-91.875	979.751
-58.75	0	-92.5	976.632
-58.125	0	-93.125	973.498
-57.5	0	-93.75	970.591
-56.875	0	-94.375	967.824
-56.25	0	-95	964.681
-55.625	0	-95.625	961.233
-55	0	-96.25	957.983
-54.375	0	-96.875	953.79
-53.75	0	-97.5	949.742
-53.125	0	-98.125	945.311
-52.5	0	-98.75	940.314
-51.875	0	-99.375	935.032
-51.25	0	-100	929.042
-50.625	0	-100.625	922.57
-50	0	-101.25	915.105
-49.375	0	-101.875	907.218
-48.75	0	-102.5	897.997
-48.125	0	-103.125	887.711
-47.5	0	-103.75	876.667
-46.875	0	-104.375	864.078
-46.25	0	-105	850.478
-45.625	0	-105.625	835.831
-45	0	-106.25	819.917
-44.375	0	-106.875	802.844
-43.75	0	-107.5	785.273
-43.125	0	-108.125	766.94
-42.5	0	-108.75	748.585
-41.875	0	-109.375	730.363
-41.25	0	-110	713.063
-40.625	0	-110.625	697.737
-40	0	-111.25	683.971
-39.375	0	-111.875	673.582
-38.75	0	-112.5	667.226
-38.125	0	-113.125	665.186
-37.5	0	-113.75	667.041
-36.875	0	-114.375	673.349
-36.25	0	-115	683.263
-35.625	0	-115.625	695.75
-35	0	-116.25	710.164
-34.375	0	-116.875	725.54
-33.75	0	-117.5	741.101
-33.125	0	-118.125	756.23
-32.5	0	-118.75	770.55
-31.875	0	-119.375	783.566
-31.25	0	-120	795.41
-30.625	0	-120.625	806.173
-30	0	-121.25	815.552
-29.375	0	-121.875	823.94
-28.75	0	-122.5	831.323
-28.125	0	-123.125	837.719
-27.5	0	-123.75	843.423
-26.875	0	-124.375	848.435
-26.25	0	-125	852.779
-25.625	0	-125.625	856.757
-25	0	-126.25	860.257
-24.375	0	-126.875	863.327
-23.75	0	-127.5	866.116
-23.125	0	-128.125	868.594
-22.5	0	-128.75	870.769
-21.875	0	-129.375	872.67
-21.25	0	-130	874.374
-20.625	0	-130.625	875.907
-20	0	-131.25	877.236
-19.375	0	-131.875	878.566
-18.75	0	-132.5	879.62
-18.125	0	-133.125	880.605
-17.5	0	-133.75	881.624
-16.875	0	-134.375	882.501
-16.25	0	-135	883.492
-15.625	0	-135.625	884.306
-15	0	-136.25	885.1
-14.375	0	-136.875	885.777
-13.75	0	-137.5	886.534
-13.125	0	-138.125	887.106
-12.5	0	-138.75	887.84
-11.875	0	-139.375	888.52
-11.25	0	-140	889.182
-10.625	0	-140.625	889.808
-10	0	-141.25	890.458
-9.375	0	-141.875	891.015
-8.75	0	-142.5	891.398
-8.125	0	-143.125	892.481
-7.5	0	-143.75	892.968
-6.875	0	-144.375	893.775
-6.25	0	-145	894.278
-5.625	0	-145.625	894.364
-5	0	-146.25	894.984
-4.375	0	-146.875	895.154
-3.75	0	-147.5	895.947
-3.125	0	-148.125	896.198
-2.5	0	-148.75	897.157
-1.875	0	-149.375	897.647
-1.25	0	-150	898.314
-0.625	0	-150.625	897.9
0	0	-151.25	898.491
0.625	0	-151.875	898.352
1.25	0	-152.5	897.271
1.875	0	-153.125	895.131
2.5	0	-153.75	894.781
-70	0	-80	989.855
-69.375	0	-80.625	1005.51
-68.75	0	-81.25	1007.36
-68.125	0	-81.875	1001.29
-67.5	0	-82.5	994.472
-66.875	0	-83.125	990.336
-66.25	0	-83.75	991.35
-65.625	0	-84.375	993.697
-65	0	-85	995.451
-64.375	0	-85.625	998.533
-63.75	0	-86.25	998.998
-63.125	0	-86.875	999.606
-62.5	0	-87.5	997.822
-61.875	0	-88.125	996.461
-61.25	0	-88.75	993.716
-60.625	0	-89.375	991.132
-60	0	-90	988.054
-59.375	0	-90.625	984.819
-58.75	0	-91.25	981.875
-58.125	0	-91.875	978.677
-57.5	0	-92.5	975.428
-56.875	0	-93.125	972.391
-56.25	0	-93.75	969.488
-55.625	0	-94.375	966.196
-55	0	-95	962.594
-54.375	0	-95.625	959.208
-53.75	0	-96.25	954.871
-53.125	0	-96.875	950.702
-52.5	0	-97.5	946.166
-51.875	0	-98.125	941.076
-51.25	0	-98.75	935.719
-50.625	0	-99.375	929.667
-50	0	-100	923.146
-49.375	0	-100.625	915.64
-48.75	0	-101.25	907.723
-48.125	0	-101.875	898.47
-47.5	0	-102.5	888.15
-46.875	0	-103.125	877.074
-46.25	0	-103.75	864.443
-45.625	0	-104.375	850.795
-45	0	-105	836.091
-44.375	0	-105.625	820.105
-43.75	0	-106.25	802.944
-43.125	0	-106.875	785.273
-42.5	0	-107.5	766.821
-41.875	0	-108.125	748.335
-41.25	0	-108.75	729.966
-40.625	0	-109.375	712.51
-40	0	-110	697.025
-39.375	0	-110.625	683.095
-38.75	0	-111.25	672.552
-38.125	0	-111.875	666.061
-37.5	0	-112.5	663.91
-36.875	0	-113.125	665.677
-36.25	0	-113.75	671.931
-35.625	0	-114.375	681.821
-35	0	-115	694.308
-34.375	0	-115.625	708.744
-33.75	0	-116.25	724.161
-33.125	0	-116.875	739.775
-32.5	0	-117.5	754.965
-31.875	0	-118.125	769.352
-31.25	0	-118.75	782.435
-30.625	0	-119.375	794.347
-30	0	-120	805.176
-29.375	0	-120.625	814.619
-28.75	0	-121.25	823.067
-28.125	0	-121.875	830.508
-27.5	0	-122.5	836.959
-26.875	0	-123.125	842.713
-26.25	0	-123.75	847.773
-25.625	0	-124.375	852.16
-25	0	-125	856.18
-24.375	0	-125.625	859.718
-23.75	0	-126.25	862.823
-23.125	0	-126.875	865.645
-22.5	0	-127.5	868.152
-21.875	0	-128.125	870.354
-21.25	0	-128.75	872.28
-20.625	0	-129.375	874.006
-20	0	-130	875.559
-19.375	0	-130.625	876.907
-18.75	0	-131.25	878.254
-18.125	0	-131.875	879.323
-17.5	0	-132.5	880.322
-16.875	0	-133.125	881.353
-16.25	0	-133.75	882.241
-15.625	0	-134.375	883.242
-15	0	-135	884.065
-14.375	0	-135.625	884.867
-13.75	0	-136.25	885.55
-13.125	0	-136.875	886.313
-12.5	0	-137.5	886.889
-11.875	0	-138.125	887.628
-11.25	0	-138.75	888.311
-10.625	0	-139.375	888.976
-10	0	-140	889.604
-9.375	0	-140.625	890.256
-8.75	0	-141.25	890.814
-8.125	0	-141.875	891.199
-7.5	0	-142.5	892.282
-6.875	0	-143.125	892.77
-6.25	0	-143.75	893.576
-5.625	0	-144.375	894.079
-5	0	-145	894.164
-4.375	0	-145.625	894.783
-3.75	0	-146.25	894.951
-3.125	0	-146.875	895.742
-2.5	0	-147.5	895.99
-1.875	0	-148.125	896.947
-1.25	0	-148.75	897.435
-0.625	0	-149.375	898.099
0	0	-150	897.682
0.625	0	-150.625	898.271
1.25	0	-151.25	898.13
1.875	0	-151.875	897.046
2.5	0	-152.5	894.905
3.125	0	-153.125	894.553
-68.75	0	-80	1045.27
-68.125	0	-80.625	1003.19
-67.5	0	-81.25	1003.71
-66.875	0	-81.875	998.714
-66.25	0	-82.5	992.449
-65.625	0	-83.125	991.169
-65	0	-83.75	991.928
-64.375	0	-84.375	992.93
-63.75	0	-85	996.164
-63.125	0	-85.625	997.057
-62.5	0	-86.25	998.352
-61.875	0	-86.875	997.167
-61.25	0	-87.5	996.423
-60.625	0	-88.125	994.134
-60	0	-88.75	991.919
-59.375	0	-89.375	989.08
-58.75	0	-90	985.986
-58.125	0	-90.625	983.107
-57.5	0	-91.25	979.898
-56.875	0	-91.875	976.587
-56.25	0	-92.5	973.459
-55.625	0	-93.125	970.449
-55	0	-93.75	967.028
-54.375	0	-94.375	963.284
-53.75	0	-95	959.772
-53.125	0	-95.625	955.294
-52.5	0	-96.25	951.007
-51.875	0	-96.875	946.365
-51.25	0	-97.5	941.182
-50.625	0	-98.125	935.752
-50	0	-98.75	929.636
-49.375	0	-99.375	923.069
-48.75	0	-100	915.523
-48.125	0	-100.625	907.58
-47.5	0	-101.25	898.299
-46.875	0	-101.875	887.951
-46.25	0	-102.5	876.849
-45.625	0	-103.125	864.184
-45	0	-103.75	850.495
-44.375	0	-104.375	835.743
-43.75	0	-105	819.695
-43.125	0	-105.625	802.457
-42.5	0	-106.25	784.696
-41.875	0	-106.875	766.137
-41.25	0	-107.5	747.529
-40.625	0	-108.125	729.024
-40	0	-108.75	711.421
-39.375	0	-109.375	695.785
-38.75	0	-110	681.695
-38.125	0	-110.625	671.002
-37.5	0	-111.25	664.377
-36.875	0	-111.875	662.112
-36.25	0	-112.5	663.789
-35.625	0	-113.125	669.981
-35	0	-113.75	679.84
-34.375	0	-114.375	692.318
-33.75	0	-115	706.768
-33.125	0	-115.625	722.215
-32.5	0	-116.25	737.873
-31.875	0	-116.875	753.117
-31.25	0	-117.5	767.562
-30.625	0	-118.125	780.706
-30	0	-118.75	792.68
-29.375	0	-119.375	803.571
-28.75	0	-120	813.074
-28.125	0	-120.625	821.58
-27.5	0	-121.25	829.076
-26.875	0	-121.875	835.58
-26.25	0	-122.5	841.383
-25.625	0	-123.125	846.49
-25	0	-123.75	850.921
-24.375	0	-124.375	854.982
-23.75	0	-125	858.557
-23.125	0	-125.625	861.697
-22.5	0	-126.25	864.551
-21.875	0	-126.875	867.088
-21.25	0	-127.5	869.318
-20.625	0	-128.125	871.269
-20	0	-128.75	873.019
-19.375	0	-129.375	874.593
-18.75	0	-130	875.96
-18.125	0	-130.625	877.325
-17.5	0	-131.25	878.409
-16.875	0	-131.875	879.422
-16.25	0	-132.5	880.467
-15.625	0	-133.125	881.366
-15	0	-133.75	882.377
-14.375	0	-134.375	883.21
-13.75	0	-135	884.02
-13.125	0	-135.625	884.71
-12.5	0	-136.25	885.48
-11.875	0	-136.875	886.061
-11.25	0	-137.5	886.804
-10.625	0	-138.125	887.491
-10	0	-138.75	888.159
-9.375	0	-139.375	888.791
-8.75	0	-140	889.444
-8.125	0	-140.625	890.004
-7.5	0	-141.25	890.39
-6.875	0	-141.875	891.475
-6.25	0	-142.5	891.963
-5.625	0	-143.125	892.769
-5	0	-143.75	893.271
-4.375	0	-144.375	893.356
-3.75	0	-145	893.974
-3.125	0	-145.625	894.14
-2.5	0	-146.25	894.929
-1.875	0	-146.875	895.176
-1.25	0	-147.5	896.131
-0.625	0	-148.125	896.616
0	0	-148.75	897.277
0.625	0	-149.375	896.858
1.25	0	-150	897.445
1.875	0	-150.625	897.301
2.5	0	-151.25	896.216
3.125	0	-151.875	894.075
3.75	0	-152.5	893.722
-67.5	0	-80	1027.77
-66.875	0	-80.625	1004.9
-66.25	0	-81.25	1004.22
-65.625	0	-81.875	998.395
-65	0	-82.5	994.888
-64.375	0	-83.125	993.065
-63.75	0	-83.75	992.215
-63.125	0	-84.375	994.847
-62.5	0	-85	995.669
-61.875	0	-85.625	997.421
-61.25	0	-86.25	996.728
-60.625	0	-86.875	996.615
-60	0	-87.5	994.832
-59.375	0	-88.125	993.064
-58.75	0	-88.75	990.538
-58.125	0	-89.375	987.654
-57.5	0	-90	984.894
-56.875	0	-90.625	981.714
-56.25	0	-91.25	978.366
-55.625	0	-91.875	975.162
-55	0	-92.5	972.051
-54.375	0	-93.125	968.496
-53.75	0	-93.75	964.599
-53.125	0	-94.375	960.945
-52.5	0	-95	956.307
-51.875	0	-95.625	951.882
-51.25	0	-96.25	947.113
-50.625	0	-96.875	941.815
-50	0	-97.5	936.289
-49.375	0	-98.125	930.091
-48.75	0	-98.75	923.457
-48.125	0	-99.375	915.853
-47.5	0	-100	907.866
-46.875	0	-100.625	898.54
-46.25	0	-101.25	888.147
-45.625	0	-101.875	877.005
-45	0	-102.5	864.289
-44.375	0	-103.125	850.546
-43.75	0	-103.75	835.731
-43.125	0	-104.375	819.605
-42.5	0	-105	802.274
-41.875	0	-105.625	784.408
-41.25	0	-106.25	765.725
-40.625	0	-106.875	746.98
-40	0	-107.5	728.322
-39.375	0	-108.125	710.555
-38.75	0	-108.75	694.752
-38.125	0	-109.375	680.489
-37.5	0	-110	669.632
-36.875	0	-110.625	662.862
-36.25	0	-111.25	660.475
-35.625	0	-111.875	662.055
-35	0	-112.5	668.184
-34.375	0	-113.125	678.01
-33.75	0	-113.75	690.482
-33.125	0	-114.375	704.948
-32.5	0	-115	720.43
-31.875	0	-115.625	736.137
-31.25	0	-116.25	751.44
-30.625	0	-116.875	765.95
-30	0	-117.5	779.161
-29.375	0	-118.125	791.203
-28.75	0	-118.75	802.161
-28.125	0	-119.375	811.728
-27.5	0	-120	820.297
-26.875	0	-120.625	827.853
-26.25	0	-121.25	834.412
-25.625	0	-121.875	840.269
-25	0	-122.5	845.426
-24.375	0	-123.125	849.903
-23.75	0	-123.75	854.007
-23.125	0	-124.375	857.622
-22.5	0	-125	860.8
-21.875	0	-125.625	863.689
-21.25	0	-126.25	866.258
-20.625	0	-126.875	868.516
-20	0	-127.5	870.494
-19.375	0	-128.125	872.268
-18.75	0	-128.75	873.864
-18.125	0	-129.375	875.251
-17.5	0	-130	876.635
-16.875	0	-130.625	877.736
-16.25	0	-131.25	878.764
-15.625	0	-131.875	879.822
-15	0	-132.5	880.734
-14.375	0	-133.125	881.756
-13.75	0	-133.75	882.599
-13.125	0	-134.375	883.417
-12.5	0	-135	884.116
-11.875	0	-135.625	884.892
-11.25	0	-136.25	885.479
-10.625	0	-136.875	886.227
-10	0	-137.5	886.918
-9.375	0	-138.125	887.589
-8.75	0	-138.75	888.224
-8.125	0	-139.375	888.879
-7.5	0	-140	889.441
-6.875	0	-140.625	889.828
-6.25	0	-141.25	890.914
-5.625	0	-141.875	891.403
-5	0	-142.5	892.21
-4.375	0	-143.125	892.711
-3.75	0	-143.75	892.795
-3.125	0	-144.375	893.412
-2.5	0	-145	893.577
-1.875	0	-145.625	894.364
-1.25	0	-146.25	894.609
-0.625	0	-146.875	895.561
0	0	-147.5	896.043
0.625	0	-148.125	896.702
1.25	0	-148.75	896.28
1.875	0	-149.375	896.864
2.5	0	-150	896.718
3.125	0	-150.625	895.632
3.75	0	-151.25	893.49
4.375	0	-151.875	893.135
-66.25	0	-80	1006.96
-65.625	0	-80.625	1008.23
-65	0	-81.25	1005.99
-64.375	0	-81.875	1002.64
-63.75	0	-82.5	998.122
-63.125	0	-83.125	994.282
-62.5	0	-83.75	995.281
-61.875	0	-84.375	995.223
-61.25	0	-85	996.973
-60.625	0	-85.625	996.497
-60	0	-86.25	996.942
-59.375	0	-86.875	995.667
-58.75	0	-87.5	994.408
-58.125	0	-88.125	992.271
-57.5	0	-88.75	989.676
-56.875	0	-89.375	987.107
-56.25	0	-90	984.013
-55.625	0	-90.625	980.669
-55	0	-91.25	977.419
-54.375	0	-91.875	974.223
-53.75	0	-92.5	970.541
-53.125	0	-93.125	966.488
-52.5	0	-93.75	962.684
-51.875	0	-94.375	957.871
-51.25	0	-95	953.29
-50.625	0	-95.625	948.375
-50	0	-96.25	942.943
-49.375	0	-96.875	937.301
-48.75	0	-97.5	931.001
-48.125	0	-98.125	924.282
-47.5	0	-98.75	916.602
-46.875	0	-99.375	908.556
-46.25	0	-100	899.168
-45.625	0	-100.625	888.715
-45	0	-101.25	877.516
-44.375	0	-101.875	864.735
-43.75	0	-102.5	850.922
-43.125	0	-103.125	836.03
-42.5	0	-103.75	819.811
-41.875	0	-104.375	802.372
-41.25	0	-105	784.386
-40.625	0	-105.625	765.564
-40	0	-106.25	746.666
-39.375	0	-106.875	727.838
-38.75	0	-107.5	709.892
-38.125	0	-108.125	693.907
-37.5	0	-108.75	679.455
-36.875	0	-109.375	668.421
-36.25	0	-110	661.494
-35.625	0	-110.625	658.977
-35	0	-111.25	660.453
-34.375	0	-111.875	666.516
-33.75	0	-112.5	676.308
-33.125	0	-113.125	688.775
-32.5	0	-113.75	703.261
-31.875	0	-114.375	718.782
-31.25	0	-115	734.544
-30.625	0	-115.625	749.912
-30	0	-116.25	764.492
-29.375	0	-116.875	777.775
-28.75	0	-117.5	789.89
-28.125	0	-118.125	800.92
-27.5	0	-118.75	810.557
-26.875	0	-119.375	819.193
-26.25	0	-120	826.813
-25.625	0	-120.625	833.432
-25	0	-121.25	839.345
-24.375	0	-121.875	844.555
-23.75	0	-122.5	849.082
-23.125	0	-123.125	853.232
-22.5	0	-123.75	856.89
-21.875	0	-124.375	860.107
-21.25	0	-125	863.033
-20.625	0	-125.625	865.635
-20	0	-126.25	867.924
-19.375	0	-126.875	869.93
-18.75	0	-127.5	871.731
-18.125	0	-128.125	873.35
-17.5	0	-128.75	874.759
-16.875	0	-129.375	876.163
-16.25	0	-130	877.281
-15.625	0	-130.625	878.325
-15	0	-131.25	879.398
-14.375	0	-131.875	880.323
-13.75	0	-132.5	881.357
-13.125	0	-133.125	882.21
-12.5	0	-133.75	883.038
-11.875	0	-134.375	883.745
-11.25	0	-135	884.528
-10.625	0	-135.625	885.121
-10	0	-136.25	885.874
-9.375	0	-136.875	886.57
-8.75	0	-137.5	887.245
-8.125	0	-138.125	887.882
-7.5	0	-138.75	888.541
-6.875	0	-139.375	889.104
-6.25	0	-140	889.493
-5.625	0	-140.625	890.581
-5	0	-141.25	891.07
-4.375	0	-141.875	891.877
-3.75	0	-142.5	892.378
-3.125	0	-143.125	892.461
-2.5	0	-143.75	893.078
-1.875	0	-144.375	893.241
-1.25	0	-145	894.026
-0.625	0	-145.625	894.269
0	0	-146.25	895.218
0.625	0	-146.875	895.698
1.25	0	-147.5	896.354
1.875	0	-148.125	895.93
2.5	0	-148.75	896.511
3.125	0	-149.375	896.362
3.75	0	-150	895.274
4.375	0	-150.625	893.131
5	0	-151.25	892.774
-65	0	-80	1011.3
-64.375	0	-80.625	1009.1
-63.75	0	-81.25	1009.37
-63.125	0	-81.875	1004.98
-62.5	0	-82.5	998.287
-61.875	0	-83.125	996.903
-61.25	0	-83.75	995.046
-60.625	0	-84.375	996.175
-60	0	-85	995.494
-59.375	0	-85.625	996.345
-58.75	0	-86.25	995.547
-58.125	0	-86.875	994.865
-57.5	0	-87.5	993.221
-56.875	0	-88.125	991.033
-56.25	0	-88.75	988.77
-55.625	0	-89.375	985.861
-55	0	-90	982.604
-54.375	0	-90.625	979.373
-53.75	0	-91.25	976.143
-53.125	0	-91.875	972.371
-52.5	0	-92.5	968.184
-51.875	0	-93.125	964.245
-51.25	0	-93.75	959.262
-50.625	0	-94.375	954.527
-50	0	-95	949.463
-49.375	0	-95.625	943.892
-48.75	0	-96.25	938.129
-48.125	0	-96.875	931.719
-47.5	0	-97.5	924.909
-46.875	0	-98.125	917.146
-46.25	0	-98.75	909.035
-45.625	0	-99.375	899.581
-45	0	-100	889.063
-44.375	0	-100.625	877.805
-43.75	0	-101.25	864.956
-43.125	0	-101.875	851.072
-42.5	0	-102.5	836.101
-41.875	0	-103.125	819.788
-41.25	0	-103.75	802.241
-40.625	0	-104.375	784.133
-40	0	-105	765.171
-39.375	0	-105.625	746.118
-38.75	0	-106.25	727.12
-38.125	0	-106.875	708.993
-37.5	0	-107.5	692.822
-36.875	0	-108.125	678.178
-36.25	0	-108.75	666.963
-35.625	0	-109.375	659.874
-35	0	-110	657.221
-34.375	0	-110.625	658.588
-33.75	0	-111.25	664.578
-33.125	0	-111.875	674.333
-32.5	0	-112.5	686.789
-31.875	0	-113.125	701.289
-31.25	0	-113.75	716.847
-30.625	0	-114.375	732.659
-30	0	-115	748.089
-29.375	0	-115.625	762.737
-28.75	0	-116.25	776.092
-28.125	0	-116.875	788.279
-27.5	0	-117.5	799.382
-26.875	0	-118.125	809.088
-26.25	0	-118.75	817.791
-25.625	0	-119.375	825.475
-25	0	-120	832.155
-24.375	0	-120.625	838.126
-23.75	0	-121.25	843.39
-23.125	0	-121.875	847.967
-22.5	0	-122.5	852.165
-21.875	0	-123.125	855.867
-21.25	0	-123.75	859.125
-20.625	0	-124.375	862.089
-20	0	-125	864.726
-19.375	0	-125.625	867.047
-18.75	0	-126.25	869.083
-18.125	0	-126.875	870.91
-17.5	0	-127.5	872.555
-16.875	0	-128.125	873.986
-16.25	0	-128.75	875.411
-15.625	0	-129.375	876.548
-15	0	-130	877.609
-14.375	0	-130.625	878.697
-13.75	0	-131.25	879.636
-13.125	0	-131.875	880.683
-12.5	0	-132.5	881.548
-11.875	0	-133.125	882.386
-11.25	0	-133.75	883.101
-10.625	0	-134.375	883.892
-10	0	-135	884.492
-9.375	0	-135.625	885.251
-8.75	0	-136.25	885.951
-8.125	0	-136.875	886.631
-7.5	0	-137.5	887.272
-6.875	0	-138.125	887.934
-6.25	0	-138.75	888.5
-5.625	0	-139.375	888.89
-5	0	-140	889.98
-4.375	0	-140.625	890.471
-3.75	0	-141.25	891.278
-3.125	0	-141.875	891.78
-2.5	0	-142.5	891.862
-1.875	0	-143.125	892.477
-1.25	0	-143.75	892.64
-0.625	0	-144.375	893.423
0	0	-145	893.664
0.625	0	-145.625	894.612
1.25	0	-146.25	895.089
1.875	0	-146.875	895.742
2.5	0	-147.5	895.315
3.125	0	-148.125	895.894
3.75	0	-148.75	895.743
4.375	0	-149.375	894.653
5	0	-150	892.51
5.625	0	-150.625	892.151
-63.75	0	-80	1015.97
-63.125	0	-80.625	1005.4
-62.5	0	-81.25	1007.63
-61.875	0	-81.875	1002.01
-61.25	0	-82.5	999.224
-60.625	0	-83.125	995.143
-60	0	-83.75	995.084
-59.375	0	-84.375	993.661
-58.75	0	-85	994.679
-58.125	0	-85.625	994.266
-57.5	0	-86.25	994.213
-56.875	0	-86.875	993.173
-56.25	0	-87.5	991.538
-55.625	0	-88.125	989.73
-55	0	-88.75	987.144
-54.375	0	-89.375	984.093
-53.75	0	-90	980.98
-53.125	0	-90.625	977.797
-52.5	0	-91.25	973.995
-51.875	0	-91.875	969.719
-51.25	0	-92.5	965.678
-50.625	0	-93.125	960.545
-50	0	-93.75	955.67
-49.375	0	-94.375	950.466
-48.75	0	-95	944.758
-48.125	0	-95.625	938.874
-47.5	0	-96.25	932.354
-46.875	0	-96.875	925.45
-46.25	0	-97.5	917.602
-45.625	0	-98.125	909.423
-45	0	-98.75	899.9
-44.375	0	-99.375	889.314
-43.75	0	-100	877.994
-43.125	0	-100.625	865.075
-42.5	0	-101.25	851.117
-41.875	0	-101.875	836.065
-41.25	0	-102.5	819.657
-40.625	0	-103.125	801.999
-40	0	-103.75	783.768
-39.375	0	-104.375	764.663
-38.75	0	-105	745.453
-38.125	0	-105.625	726.28
-37.5	0	-106.25	707.967
-36.875	0	-106.875	691.607
-36.25	0	-107.5	676.765
-35.625	0	-108.125	665.363
-35	0	-108.75	658.107
-34.375	0	-109.375	655.314
-33.75	0	-110	656.566
-33.125	0	-110.625	662.48
-32.5	0	-111.25	672.192
-31.875	0	-111.875	684.635
-31.25	0	-112.5	699.149
-30.625	0	-113.125	714.741
-30	0	-113.75	730.604
-29.375	0	-114.375	746.096
-28.75	0	-115	760.813
-28.125	0	-115.625	774.239
-27.5	0	-116.25	786.5
-26.875	0	-116.875	797.677
-26.25	0	-117.5	807.454
-25.625	0	-118.125	816.227
-25	0	-118.75	823.977
-24.375	0	-119.375	830.721
-23.75	0	-120	836.752
-23.125	0	-120.625	842.071
-22.5	0	-121.25	846.702
-21.875	0	-121.875	850.949
-21.25	0	-122.5	854.698
-20.625	0	-123.125	857.998
-20	0	-123.75	861.002
-19.375	0	-124.375	863.677
-18.75	0	-125	866.032
-18.125	0	-125.625	868.099
-17.5	0	-126.25	869.955
-16.875	0	-126.875	871.626
-16.25	0	-127.5	873.082
-15.625	0	-128.125	874.529
-15	0	-128.75	875.686
-14.375	0	-129.375	876.766
-13.75	0	-130	877.871
-13.125	0	-130.625	878.825
-12.5	0	-131.25	879.887
-11.875	0	-131.875	880.764
-11.25	0	-132.5	881.613
-10.625	0	-133.125	882.338
-10	0	-133.75	883.138
-9.375	0	-134.375	883.746
-8.75	0	-135	884.511
-8.125	0	-135.625	885.218
-7.5	0	-136.25	885.902
-6.875	0	-136.875	886.548
-6.25	0	-137.5	887.214
-5.625	0	-138.125	887.783
-5	0	-138.75	888.176
-4.375	0	-139.375	889.268
-3.75	0	-140	889.761
-3.125	0	-140.625	890.57
-2.5	0	-141.25	891.071
-1.875	0	-141.875	891.154
-1.25	0	-142.5	891.769
-0.625	0	-143.125	891.931
0	0	-143.75	892.713
0.625	0	-144.375	892.953
1.25	0	-145	893.898
1.875	0	-145.625	894.374
2.5	0	-146.25	895.024
3.125	0	-146.875	894.596
3.75	0	-147.5	895.172
4.375	0	-148.125	895.019
5	0	-148.75	893.928
5.625	0	-149.375	891.785
6.25	0	-150	891.425
-62.5	0	-80	1004.33
-61.875	0	-80.625	1005.89
-61.25	0	-81.25	1005.73
-60.625	0	-81.875	1004.85
-60	0	-82.5	998.758
-59.375	0	-83.125	996.78
-58.75	0	-83.75	993.563
-58.125	0	-84.375	994.074
-57.5	0	-85	993.595
-56.875	0	-85.625	993.98
-56.25	0	-86.25	993.488
-55.625	0	-86.875	992.444
-55	0	-87.5	991.17
-54.375	0	-88.125	988.995
-53.75	0	-88.75	986.232
-53.125	0	-89.375	983.308
-52.5	0	-90	980.228
-51.875	0	-90.625	976.433
-51.25	0	-91.25	972.087
-50.625	0	-91.875	967.955
-50	0	-92.5	962.668
-49.375	0	-93.125	957.642
-48.75	0	-93.75	952.281
-48.125	0	-94.375	946.417
-47.5	0	-95	940.391
-46.875	0	-95.625	933.737
-46.25	0	-96.25	926.716
-45.625	0	-96.875	918.758
-45	0	-97.5	910.489
-44.375	0	-98.125	900.873
-43.75	0	-98.75	890.195
-43.125	0	-99.375	878.79
-42.5	0	-100	865.778
-41.875	0	-100.625	851.723
-41.25	0	-101.25	836.568
-40.625	0	-101.875	820.041
-40	0	-102.5	802.248
-39.375	0	-103.125	783.869
-38.75	0	-103.75	764.597
-38.125	0	-104.375	745.205
-37.5	0	-105	725.832
-36.875	0	-105.625	707.309
-36.25	0	-106.25	690.736
-35.625	0	-106.875	675.674
-35	0	-107.5	664.065
-34.375	0	-108.125	656.625
-33.75	0	-108.75	653.678
-33.125	0	-109.375	654.807
-32.5	0	-110	660.64
-31.875	0	-110.625	670.311
-31.25	0	-111.25	682.743
-30.625	0	-111.875	697.275
-30	0	-112.5	712.908
-29.375	0	-113.125	728.83
-28.75	0	-113.75	744.393
-28.125	0	-114.375	759.187
-27.5	0	-115	772.694
-26.875	0	-115.625	785.037
-26.25	0	-116.25	796.294
-25.625	0	-116.875	806.15
-25	0	-117.5	815
-24.375	0	-118.125	822.822
-23.75	0	-118.75	829.634
-23.125	0	-119.375	835.729
-22.5	0	-120	841.11
-21.875	0	-120.625	845.797
-21.25	0	-121.25	850.098
-20.625	0	-121.875	853.897
-20	0	-122.5	857.243
-19.375	0	-123.125	860.29
-18.75	0	-123.75	863.004
-18.125	0	-124.375	865.395
-17.5	0	-125	867.497
-16.875	0	-125.625	869.384
-16.25	0	-126.25	871.083
-15.625	0	-126.875	872.565
-15	0	-127.5	874.035
-14.375	0	-128.125	875.214
-13.75	0	-128.75	876.313
-13.125	0	-129.375	877.437
-12.5	0	-130	878.407
-11.875	0	-130.625	879.484
-11.25	0	-131.25	880.374
-10.625	0	-131.875	881.235
-10	0	-132.5	881.972
-9.375	0	-133.125	882.781
-8.75	0	-133.75	883.396
-8.125	0	-134.375	884.169
-7.5	0	-135	884.882
-6.875	0	-135.625	885.572
-6.25	0	-136.25	886.223
-5.625	0	-136.875	886.893
-5	0	-137.5	887.465
-4.375	0	-138.125	887.862
-3.75	0	-138.75	888.957
-3.125	0	-139.375	889.451
-2.5	0	-140	890.261
-1.875	0	-140.625	890.764
-1.25	0	-141.25	890.847
-0.625	0	-141.875	891.462
0	0	-142.5	891.623
0.625	0	-143.125	892.404
1.25	0	-143.75	892.642
1.875	0	-144.375	893.586
2.5	0	-145	894.059
3.125	0	-145.625	894.708
3.75	0	-146.25	894.277
4.375	0	-146.875	894.851
5	0	-147.5	894.696
5.625	0	-148.125	893.603
6.25	0	-148.75	891.458
6.875	0	-149.375	891.097
-61.25	0	-80	1012.91
-60.625	0	-80.625	996.472
-60	0	-81.25	1005.4
-59.375	0	-81.875	1001.3
-58.75	0	-82.5	998.505
-58.125	0	-83.125	992.947
-57.5	0	-83.75	992.379
-56.875	0	-84.375	991.348
-56.25	0	-85	991.958
-55.625	0	-85.625	991.967
-55	0	-86.25	991.597
-54.375	0	-86.875	991.002
-53.75	0	-87.5	989.405
-53.125	0	-88.125	987.093
-52.5	0	-88.75	984.511
-51.875	0	-89.375	981.665
-51.25	0	-90	977.985
-50.625	0	-90.625	973.656
-50	0	-91.25	969.5
-49.375	0	-91.875	964.11
-48.75	0	-92.5	958.972
-48.125	0	-93.125	953.483
-47.5	0	-93.75	947.484
-46.875	0	-94.375	941.33
-46.25	0	-95	934.552
-45.625	0	-95.625	927.424
-45	0	-96.25	919.363
-44.375	0	-96.875	911.009
-43.75	0	-97.5	901.306
-43.125	0	-98.125	890.541
-42.5	0	-98.75	879.057
-41.875	0	-99.375	865.957
-41.25	0	-100	851.811
-40.625	0	-100.625	836.56
-40	0	-101.25	819.92
-39.375	0	-101.875	801.999
-38.75	0	-102.5	783.481
-38.125	0	-103.125	764.048
-37.5	0	-103.75	744.481
-36.875	0	-104.375	724.915
-36.25	0	-105	706.187
-35.625	0	-105.625	689.404
-35	0	-106.25	674.123
-34.375	0	-106.875	662.307
-33.75	0	-107.5	654.682
-33.125	0	-108.125	651.577
-32.5	0	-108.75	652.578
-31.875	0	-109.375	658.323
-31.25	0	-110	667.943
-30.625	0	-110.625	680.356
-30	0	-111.25	694.898
-29.375	0	-111.875	710.564
-28.75	0	-112.5	726.537
-28.125	0	-113.125	742.164
-27.5	0	-113.75	757.031
-26.875	0	-114.375	770.613
-26.25	0	-115	783.034
-25.625	0	-115.625	794.369
-25	0	-116.25	804.302
-24.375	0	-116.875	813.226
-23.75	0	-117.5	821.12
-23.125	0	-118.125	827.999
-22.5	0	-118.75	834.16
-21.875	0	-119.375	839.602
-21.25	0	-120	844.347
-20.625	0	-120.625	848.702
-20	0	-121.25	852.551
-19.375	0	-121.875	855.946
-18.75	0	-122.5	859.037
-18.125	0	-123.125	861.792
-17.5	0	-123.75	864.221
-16.875	0	-124.375	866.357
-16.25	0	-125	868.276
-15.625	0	-125.625	870.005
-15	0	-126.25	871.514
-14.375	0	-126.875	873.011
-13.75	0	-127.5	874.212
-13.125	0	-128.125	875.333
-12.5	0	-128.75	876.476
-11.875	0	-129.375	877.464
-11.25	0	-130	878.556
-10.625	0	-130.625	879.461
-10	0	-131.25	880.336
-9.375	0	-131.875	881.084
-8.75	0	-132.5	881.904
-8.125	0	-133.125	882.529
-7.5	0	-133.75	883.31
-6.875	0	-134.375	884.03
-6.25	0	-135	884.727
-5.625	0	-135.625	885.384
-5	0	-136.25	886.058
-4.375	0	-136.875	886.635
-3.75	0	-137.5	887.035
-3.125	0	-138.125	888.134
-2.5	0	-138.75	888.631
-1.875	0	-139.375	889.443
-1.25	0	-140	889.947
-0.625	0	-140.625	890.031
0	0	-141.25	890.646
0.625	0	-141.875	890.807
1.25	0	-142.5	891.588
1.875	0	-143.125	891.825
2.5	0	-143.75	892.767
3.125	0	-144.375	893.24
3.75	0	-145	893.886
4.375	0	-145.625	893.453
5	0	-146.25	894.026
5.625	0	-146.875	893.869
6.25	0	-147.5	892.776
6.875	0	-148.125	890.632
7.5	0	-148.75	890.27
-60	0	-80	1015.3
-59.375	0	-80.625	1001.62
-58.75	0	-81.25	1002.89
-58.125	0	-81.875	1002.64
-57.5	0	-82.5	994.595
-56.875	0	-83.125	992.149
-56.25	0	-83.75	989.598
-55.625	0	-84.375	989.818
-55	0	-85	989.973
-54.375	0	-85.625	990.159
-53.75	0	-86.25	990.264
-53.125	0	-86.875	989.338
-52.5	0	-87.5	987.6
-51.875	0	-88.125	985.487
-51.25	0	-88.75	982.995
-50.625	0	-89.375	979.53
-50	0	-90	975.295
-49.375	0	-90.625	971.178
-48.75	0	-91.25	965.725
-48.125	0	-91.875	960.505
-47.5	0	-92.5	954.905
-46.875	0	-93.125	948.779
-46.25	0	-93.75	942.501
-45.625	0	-94.375	935.598
-45	0	-95	928.356
-44.375	0	-95.625	920.185
-43.75	0	-96.25	911.739
-43.125	0	-96.875	901.938
-42.5	0	-97.5	891.076
-41.875	0	-98.125	879.503
-41.25	0	-98.75	866.304
-40.625	0	-99.375	852.056
-40	0	-100	836.697
-39.375	0	-100.625	819.934
-38.75	0	-101.25	801.874
-38.125	0	-101.875	783.203
-37.5	0	-102.5	763.597
-36.875	0	-103.125	743.841
-36.25	0	-103.75	724.068
-35.625	0	-104.375	705.121
-35	0	-105	688.115
-34.375	0	-105.625	672.601
-33.75	0	-106.25	660.565
-33.125	0	-106.875	652.742
-32.5	0	-107.5	649.47
-31.875	0	-108.125	650.334
-31.25	0	-108.75	655.985
-30.625	0	-109.375	665.552
-30	0	-110	677.944
-29.375	0	-110.625	692.495
-28.75	0	-111.25	708.195
-28.125	0	-111.875	724.222
-27.5	0	-112.5	739.916
-26.875	0	-113.125	754.858
-26.25	0	-113.75	768.52
-25.625	0	-114.375	781.022
-25	0	-115	792.441
-24.375	0	-115.625	802.453
-23.75	0	-116.25	811.456
-23.125	0	-116.875	819.425
-22.5	0	-117.5	826.377
-21.875	0	-118.125	832.606
-21.25	0	-118.75	838.113
-20.625	0	-119.375	842.919
-20	0	-120	847.331
-19.375	0	-120.625	851.234
-18.75	0	-121.25	854.678
-18.125	0	-121.875	857.816
-17.5	0	-122.5	860.615
-16.875	0	-123.125	863.084
-16.25	0	-123.75	865.257
-15.625	0	-124.375	867.211
-15	0	-125	868.973
-14.375	0	-125.625	870.511
-13.75	0	-126.25	872.034
-13.125	0	-126.875	873.26
-12.5	0	-127.5	874.404
-11.875	0	-128.125	875.568
-11.25	0	-128.75	876.575
-10.625	0	-129.375	877.685
-10	0	-130	878.606
-9.375	0	-130.625	879.495
-8.75	0	-131.25	880.256
-8.125	0	-131.875	881.088
-7.5	0	-132.5	881.723
-6.875	0	-133.125	882.514
-6.25	0	-133.75	883.242
-5.625	0	-134.375	883.946
-5	0	-135	884.609
-4.375	0	-135.625	885.29
-3.75	0	-136.25	885.872
-3.125	0	-136.875	886.276
-2.5	0	-137.5	887.379
-1.875	0	-138.125	887.879
-1.25	0	-138.75	888.694
-0.625	0	-139.375	889.2
0	0	-140	889.285
0.625	0	-140.625	889.902
1.25	0	-141.25	890.063
1.875	0	-141.875	890.843
2.5	0	-142.5	891.08
3.125	0	-143.125	892.022
3.75	0	-143.75	892.492
4.375	0	-144.375	893.137
5	0	-145	892.703
5.625	0	-145.625	893.274
6.25	0	-146.25	893.116
6.875	0	-146.875	892.023
7.5	0	-147.5	889.88
8.125	0	-148.125	889.517
-58.75	0	-80	1001.38
-58.125	0	-80.625	996.987
-57.5	0	-81.25	1006.5
-56.875	0	-81.875	998.56
-56.25	0	-82.5	994.591
-55.625	0	-83.125	989.586
-55	0	-83.75	988.551
-54.375	0	-84.375	988.213
-53.75	0	-85	988.631
-53.125	0	-85.625	989.329
-52.5	0	-86.25	989.096
-51.875	0	-86.875	988.023
-51.25	0	-87.5	986.502
-50.625	0	-88.125	984.488
-50	0	-88.75	981.348
-49.375	0	-89.375	977.296
-48.75	0	-90	973.289
-48.125	0	-90.625	967.822
-47.5	0	-91.25	962.554
-46.875	0	-91.875	956.864
-46.25	0	-92.5	950.621
-45.625	0	-93.125	944.22
-45	0	-93.75	937.188
-44.375	0	-94.375	929.824
-43.75	0	-95	921.53
-43.125	0	-95.625	912.98
-42.5	0	-96.25	903.066
-41.875	0	-96.875	892.09
-41.25	0	-97.5	880.41
-40.625	0	-98.125	867.093
-40	0	-98.75	852.725
-39.375	0	-99.375	837.239
-38.75	0	-100	820.332
-38.125	0	-100.625	802.112
-37.5	0	-101.25	783.268
-36.875	0	-101.875	763.467
-36.25	0	-102.5	743.5
-35.625	0	-103.125	723.497
-35	0	-103.75	704.308
-34.375	0	-104.375	687.057
-33.75	0	-105	671.288
-33.125	0	-105.625	659.013
-32.5	0	-106.25	650.975
-31.875	0	-106.875	647.523
-31.25	0	-107.5	648.24
-30.625	0	-108.125	653.791
-30	0	-108.75	663.302
-29.375	0	-109.375	675.673
-28.75	0	-110	690.237
-28.125	0	-110.625	705.977
-27.5	0	-111.25	722.062
-26.875	0	-111.875	737.83
-26.25	0	-112.5	752.855
-25.625	0	-113.125	766.603
-25	0	-113.75	779.195
-24.375	0	-114.375	790.702
-23.75	0	-115	800.801
-23.125	0	-115.625	809.888
-22.5	0	-116.25	817.939
-21.875	0	-116.875	824.967
-21.25	0	-117.5	831.27
-20.625	0	-118.125	836.846
-20	0	-118.75	841.717
-19.375	0	-119.375	846.191
-18.75	0	-120	850.152
-18.125	0	-120.625	853.65
-17.5	0	-121.25	856.838
-16.875	0	-121.875	859.683
-16.25	0	-122.5	862.195
-15.625	0	-123.125	864.408
-15	0	-123.75	866.399
-14.375	0	-124.375	868.195
-13.75	0	-125	869.764
-13.125	0	-125.625	871.317
-12.5	0	-126.25	872.569
-11.875	0	-126.875	873.737
-11.25	0	-127.5	874.924
-10.625	0	-128.125	875.952
-10	0	-128.75	877.081
-9.375	0	-129.375	878.019
-8.75	0	-130	878.924
-8.125	0	-130.625	879.699
-7.5	0	-131.25	880.544
-6.875	0	-131.875	881.19
-6.25	0	-132.5	881.991
-5.625	0	-133.125	882.728
-5	0	-133.75	883.441
-4.375	0	-134.375	884.111
-3.75	0	-135	884.798
-3.125	0	-135.625	885.386
-2.5	0	-136.25	885.795
-1.875	0	-136.875	886.903
-1.25	0	-137.5	887.407
-0.625	0	-138.125	888.225
0	0	-138.75	888.734
0.625	0	-139.375	888.821
1.25	0	-140	889.438
1.875	0	-140.625	889.6
2.5	0	-141.25	890.381
3.125	0	-141.875	890.617
3.75	0	-142.5	891.558
4.375	0	-143.125	892.028
5	0	-143.75	892.672
5.625	0	-144.375	892.237
6.25	0	-145	892.806
6.875	0	-145.625	892.647
7.5	0	-146.25	891.553
8.125	0	-146.875	889.41
8.75	0	-147.5	889.046
-57.5	0	-80	1011.13
-56.875	0	-80.625	999.938
-56.25	0	-81.25	998.196
-55.625	0	-81.875	996.713
-55	0	-82.5	989.598
-54.375	0	-83.125	986.721
-53.75	0	-83.75	985.147
-53.125	0	-84.375	985.336
-52.5	0	-85	986.421
-51.875	0	-85.625	986.863
-51.25	0	-86.25	986.547
-50.625	0	-86.875	985.775
-50	0	-87.5	984.416
-49.375	0	-88.125	981.771
-48.75	0	-88.75	978.051
-48.125	0	-89.375	974.286
-47.5	0	-90	968.91
-46.875	0	-90.625	963.679
-46.25	0	-91.25	957.967
-45.625	0	-91.875	951.66
-45	0	-92.5	945.178
-44.375	0	-93.125	938.047
-43.75	0	-93.75	930.587
-43.125	0	-94.375	922.191
-42.5	0	-95	913.552
-41.875	0	-95.625	903.538
-41.25	0	-96.25	892.459
-40.625	0	-96.875	880.684
-40	0	-97.5	867.259
-39.375	0	-98.125	852.78
-38.75	0	-98.75	837.178
-38.125	0	-99.375	820.136
-37.5	0	-100	801.765
-36.875	0	-100.625	782.757
-36.25	0	-101.25	762.77
-35.625	0	-101.875	742.601
-35	0	-102.5	722.375
-34.375	0	-103.125	702.951
-33.75	0	-103.75	685.459
-33.125	0	-104.375	669.437
-32.5	0	-105	656.922
-31.875	0	-105.625	648.668
-31.25	0	-106.25	645.03
-30.625	0	-106.875	645.592
-30	0	-107.5	651.036
-29.375	0	-108.125	660.48
-28.75	0	-108.75	672.821
-28.125	0	-109.375	687.386
-27.5	0	-110	703.154
-26.875	0	-110.625	719.29
-26.25	0	-111.25	735.124
-25.625	0	-111.875	750.223
-25	0	-112.5	764.051
-24.375	0	-113.125	776.727
-23.75	0	-113.75	788.319
-23.125	0	-114.375	798.503
-22.5	0	-115	807.672
-21.875	0	-115.625	815.802
-21.25	0	-116.25	822.908
-20.625	0	-116.875	829.284
-20	0	-117.5	834.93
-19.375	0	-118.125	839.867
-18.75	0	-118.75	844.403
-18.125	0	-119.375	848.422
-17.5	0	-120	851.975
-16.875	0	-120.625	855.215
-16.25	0	-121.25	858.108
-15.625	0	-121.875	860.664
-15	0	-122.5	862.92
-14.375	0	-123.125	864.949
-13.75	0	-123.75	866.781
-13.125	0	-124.375	868.384
-12.5	0	-125	869.967
-11.875	0	-125.625	871.248
-11.25	0	-126.25	872.442
-10.625	0	-126.875	873.653
-10	0	-127.5	874.703
-9.375	0	-128.125	875.853
-8.75	0	-128.75	876.81
-8.125	0	-129.375	877.732
-7.5	0	-130	878.524
-6.875	0	-130.625	879.382
-6.25	0	-131.25	880.041
-5.625	0	-131.875	880.853
-5	0	-132.5	881.601
-4.375	0	-133.125	882.323
-3.75	0	-133.75	883.002
-3.125	0	-134.375	883.697
-2.5	0	-135	884.291
-1.875	0	-135.625	884.707
-1.25	0	-136.25	885.82
-0.625	0	-136.875	886.329
0	0	-137.5	887.152
0.625	0	-138.125	887.663
1.25	0	-138.75	887.753
1.875	0	-139.375	888.373
2.5	0	-140	888.536
3.125	0	-140.625	889.318
3.75	0	-141.25	889.555
4.375	0	-141.875	890.496
5	0	-142.5	890.966
5.625	0	-143.125	891.608
6.25	0	-143.75	891.173
6.875	0	-144.375	891.742
7.5	0	-145	891.582
8.125	0	-145.625	890.489
8.75	0	-146.25	888.348
9.375	0	-146.875	887.985
-56.25	0	-80	984.59
-55.625	0	-80.625	992.466
-55	0	-81.25	1000.57
-54.375	0	-81.875	993.573
-53.75	0	-82.5	988.689
-53.125	0	-83.125	984.743
-52.5	0	-83.75	983.71
-51.875	0	-84.375	984.516
-51.25	0	-85	985.269
-50.625	0	-85.625	985.561
-50	0	-86.25	985.534
-49.375	0	-86.875	984.9
-48.75	0	-87.5	982.841
-48.125	0	-88.125	979.542
-47.5	0	-88.75	976.104
-46.875	0	-89.375	970.878
-46.25	0	-90	965.733
-45.625	0	-90.625	960.028
-45	0	-91.25	953.672
-44.375	0	-91.875	947.112
-43.75	0	-92.5	939.878
-43.125	0	-93.125	932.31
-42.5	0	-93.75	923.794
-41.875	0	-94.375	915.046
-41.25	0	-95	904.909
-40.625	0	-95.625	893.7
-40	0	-96.25	881.801
-39.375	0	-96.875	868.239
-38.75	0	-97.5	853.619
-38.125	0	-98.125	837.867
-37.5	0	-98.75	820.658
-36.875	0	-99.375	802.102
-36.25	0	-100	782.895
-35.625	0	-100.625	762.686
-35	0	-101.25	742.279
-34.375	0	-101.875	721.793
-33.75	0	-102.5	702.097
-33.125	0	-103.125	684.329
-32.5	0	-103.75	668.021
-31.875	0	-104.375	655.236
-31.25	0	-105	646.74
-30.625	0	-105.625	642.895
-30	0	-106.25	643.289
-29.375	0	-106.875	648.616
-28.75	0	-107.5	657.992
-28.125	0	-108.125	670.303
-27.5	0	-108.75	684.875
-26.875	0	-109.375	700.68
-26.25	0	-110	716.875
-25.625	0	-110.625	732.784
-25	0	-111.25	747.97
-24.375	0	-111.875	761.889
-23.75	0	-112.5	774.659
-23.125	0	-113.125	786.346
-22.5	0	-113.75	796.622
-21.875	0	-114.375	805.882
-21.25	0	-115	814.1
-20.625	0	-115.625	821.289
-20	0	-116.25	827.745
-19.375	0	-116.875	833.466
-18.75	0	-117.5	838.475
-18.125	0	-118.125	843.078
-17.5	0	-118.75	847.161
-16.875	0	-119.375	850.773
-16.25	0	-120	854.068
-15.625	0	-120.625	857.013
-15	0	-121.25	859.617
-14.375	0	-121.875	861.917
-13.75	0	-122.5	863.988
-13.125	0	-123.125	865.858
-12.5	0	-123.75	867.497
-11.875	0	-124.375	869.113
-11.25	0	-125	870.424
-10.625	0	-125.625	871.646
-10	0	-126.25	872.884
-9.375	0	-126.875	873.957
-8.75	0	-127.5	875.129
-8.125	0	-128.125	876.106
-7.5	0	-128.75	877.047
-6.875	0	-129.375	877.855
-6.25	0	-130	878.728
-5.625	0	-130.625	879.401
-5	0	-131.25	880.226
-4.375	0	-131.875	880.985
-3.75	0	-132.5	881.717
-3.125	0	-133.125	882.405
-2.5	0	-133.75	883.108
-1.875	0	-134.375	883.71
-1.25	0	-135	884.132
-0.625	0	-135.625	885.252
0	0	-136.25	885.766
0.625	0	-136.875	886.593
1.25	0	-137.5	887.108
1.875	0	-138.125	887.201
2.5	0	-138.75	887.823
3.125	0	-139.375	887.988
3.75	0	-140	888.771
4.375	0	-140.625	889.009
5	0	-141.25	889.95
5.625	0	-141.875	890.42
6.25	0	-142.5	891.062
6.875	0	-143.125	890.626
7.5	0	-143.75	891.194
8.125	0	-144.375	891.034
8.75	0	-145	889.941
9.375	0	-145.625	887.801
10	0	-146.25	887.438
-55	0	-80	1001.21
-54.375	0	-80.625	999.09
-53.75	0	-81.25	996.212
-53.125	0	-81.875	991.887
-52.5	0	-82.5	985.377
-51.875	0	-83.125	982.231
-51.25	0	-83.75	981.914
-50.625	0	-84.375	982.433
-50	0	-85	983.065
-49.375	0	-85.625	983.736
-48.75	0	-86.25	983.903
-48.125	0	-86.875	982.559
-47.5	0	-87.5	979.828
-46.875	0	-88.125	976.867
-46.25	0	-88.75	971.922
-45.625	0	-89.375	966.974
-45	0	-90	961.369
-44.375	0	-90.625	955.036
-43.75	0	-91.25	948.457
-43.125	0	-91.875	941.162
-42.5	0	-92.5	933.519
-41.875	0	-93.125	924.908
-41.25	0	-93.75	916.071
-40.625	0	-94.375	905.824
-40	0	-95	894.495
-39.375	0	-95.625	882.48
-38.75	0	-96.25	868.785
-38.125	0	-96.875	854.028
-37.5	0	-97.5	838.133
-36.875	0	-98.125	820.758
-36.25	0	-98.75	802.02
-35.625	0	-99.375	782.617
-35	0	-100	762.187
-34.375	0	-100.625	741.542
-33.75	0	-101.25	720.796
-33.125	0	-101.875	700.826
-32.5	0	-102.5	682.778
-31.875	0	-103.125	666.18
-31.25	0	-103.75	653.118
-30.625	0	-104.375	644.372
-30	0	-105	640.312
-29.375	0	-105.625	640.527
-28.75	0	-106.25	645.727
-28.125	0	-106.875	655.023
-27.5	0	-107.5	667.294
-26.875	0	-108.125	681.864
-26.25	0	-108.75	697.696
-25.625	0	-109.375	713.943
-25	0	-110	729.921
-24.375	0	-110.625	745.187
-23.75	0	-111.25	759.193
-23.125	0	-111.875	772.053
-22.5	0	-112.5	783.833
-21.875	0	-113.125	794.2
-21.25	0	-113.75	803.55
-20.625	0	-114.375	811.855
-20	0	-115	819.128
-19.375	0	-115.625	825.664
-18.75	0	-116.25	831.462
-18.125	0	-116.875	836.544
-17.5	0	-117.5	841.216
-16.875	0	-118.125	845.364
-16.25	0	-118.75	849.036
-15.625	0	-119.375	852.389
-15	0	-120	855.387
-14.375	0	-120.625	858.042
-13.75	0	-121.25	860.389
-13.125	0	-121.875	862.503
-12.5	0	-122.5	864.413
-11.875	0	-123.125	866.09
-11.25	0	-123.75	867.741
-10.625	0	-124.375	869.084
-10	0	-125	870.336
-9.375	0	-125.625	871.602
-8.75	0	-126.25	872.701
-8.125	0	-126.875	873.897
-7.5	0	-127.5	874.895
-6.875	0	-128.125	875.856
-6.25	0	-128.75	876.682
-5.625	0	-129.375	877.573
-5	0	-130	878.261
-4.375	0	-130.625	879.099
-3.75	0	-131.25	879.87
-3.125	0	-131.875	880.614
-2.5	0	-132.5	881.313
-1.875	0	-133.125	882.025
-1.25	0	-133.75	882.636
-0.625	0	-134.375	883.065
0	0	-135	884.192
0.625	0	-135.625	884.712
1.25	0	-136.25	885.545
1.875	0	-136.875	886.065
2.5	0	-137.5	886.162
3.125	0	-138.125	886.787
3.75	0	-138.75	886.955
4.375	0	-139.375	887.74
5	0	-140	887.979
5.625	0	-140.625	888.921
6.25	0	-141.25	889.391
6.875	0	-141.875	890.033
7.5	0	-142.5	889.598
8.125	0	-143.125	890.166
8.75	0	-143.75	890.006
9.375	0	-144.375	888.914
10	0	-145	886.777
10.625	0	-145.625	886.415
-53.75	0	-80	994.681
-53.125	0	-80.625	996.895
-52.5	0	-81.25	997.076
-51.875	0	-81.875	989.71
-51.25	0	-82.5	984.135
-50.625	0	-83.125	981.617
-50	0	-83.75	980.934
-49.375	0	-84.375	981.252
-48.75	0	-85	982.294
-48.125	0	-85.625	983.15
-47.5	0	-86.25	982.526
-46.875	0	-86.875	980.424
-46.25	0	-87.5	978.04
-45.625	0	-88.125	973.464
-45	0	-88.75	968.796
-44.375	0	-89.375	963.355
-43.75	0	-90	957.094
-43.125	0	-90.625	950.528
-42.5	0	-91.25	943.192
-41.875	0	-91.875	935.482
-41.25	0	-92.5	926.774
-40.625	0	-93.125	917.842
-40	0	-93.75	907.47
-39.375	0	-94.375	896.002
-38.75	0	-95	883.851
-38.125	0	-95.625	869.998
-37.5	0	-96.25	855.078
-36.875	0	-96.875	839.01
-36.25	0	-97.5	821.44
-35.625	0	-98.125	802.487
-35	0	-98.75	782.854
-34.375	0	-99.375	762.17
-33.75	0	-100	741.252
-33.125	0	-100.625	720.21
-32.5	0	-101.25	699.931
-31.875	0	-101.875	681.569
-31.25	0	-102.5	664.645
-30.625	0	-103.125	651.276
-30	0	-103.75	642.252
-29.375	0	-104.375	637.956
-28.75	0	-105	637.974
-28.125	0	-105.625	643.035
-27.5	0	-106.25	652.246
-26.875	0	-106.875	664.475
-26.25	0	-107.5	679.043
-25.625	0	-108.125	694.907
-25	0	-108.75	711.211
-24.375	0	-109.375	727.266
-23.75	0	-110	742.62
-23.125	0	-110.625	756.72
-22.5	0	-111.25	769.68
-21.875	0	-111.875	781.559
-21.25	0	-112.5	792.025
-20.625	0	-113.125	801.472
-20	0	-113.75	809.871
-19.375	0	-114.375	817.234
-18.75	0	-115	823.856
-18.125	0	-115.625	829.737
-17.5	0	-116.25	834.896
-16.875	0	-116.875	839.641
-16.25	0	-117.5	843.858
-15.625	0	-118.125	847.596
-15	0	-118.75	851.01
-14.375	0	-119.375	854.066
-13.75	0	-120	856.773
-13.125	0	-120.625	859.17
-12.5	0	-121.25	861.331
-11.875	0	-121.875	863.284
-11.25	0	-122.5	865
-10.625	0	-123.125	866.689
-10	0	-123.75	868.066
-9.375	0	-124.375	869.35
-8.75	0	-125	870.644
-8.125	0	-125.625	871.771
-7.5	0	-126.25	872.992
-6.875	0	-126.875	874.014
-6.25	0	-127.5	874.996
-5.625	0	-128.125	875.842
-5	0	-128.75	876.75
-4.375	0	-129.375	877.454
-3.75	0	-130	878.307
-3.125	0	-130.625	879.092
-2.5	0	-131.25	879.848
-1.875	0	-131.875	880.558
-1.25	0	-132.5	881.281
-0.625	0	-133.125	881.9
0	0	-133.75	882.338
0.625	0	-134.375	883.474
1.25	0	-135	884
1.875	0	-135.625	884.839
2.5	0	-136.25	885.363
3.125	0	-136.875	885.465
3.75	0	-137.5	886.094
4.375	0	-138.125	886.265
5	0	-138.75	887.052
5.625	0	-139.375	887.293
6.25	0	-140	888.236
6.875	0	-140.625	888.707
7.5	0	-141.25	889.349
8.125	0	-141.875	888.914
8.75	0	-142.5	889.483
9.375	0	-143.125	889.323
10	0	-143.75	888.232
10.625	0	-144.375	886.097
11.25	0	-145	885.736
-52.5	0	-80	1010.72
-51.875	0	-80.625	1004.59
-51.25	0	-81.25	996.254
-50.625	0	-81.875	989.614
-50	0	-82.5	984.149
-49.375	0	-83.125	980.99
-48.75	0	-83.75	979.885
-48.125	0	-84.375	980.616
-47.5	0	-85	981.809
-46.875	0	-85.625	981.763
-46.25	0	-86.25	980.279
-45.625	0	-86.875	978.549
-45	0	-87.5	974.435
-44.375	0	-88.125	970.152
-43.75	0	-88.75	964.969
-43.125	0	-89.375	958.86
-42.5	0	-90	952.369
-41.875	0	-90.625	945.04
-41.25	0	-91.25	937.298
-40.625	0	-91.875	928.517
-40	0	-92.5	919.506
-39.375	0	-93.125	909.018
-38.75	0	-93.75	897.413
-38.125	0	-94.375	885.123
-37.5	0	-95	871.108
-36.875	0	-95.625	856.016
-36.25	0	-96.25	839.768
-35.625	0	-96.875	821.993
-35	0	-97.5	802.813
-34.375	0	-98.125	782.94
-33.75	0	-98.75	761.987
-33.125	0	-99.375	740.782
-32.5	0	-100	719.429
-31.875	0	-100.625	698.825
-31.25	0	-101.25	680.133
-30.625	0	-101.875	662.865
-30	0	-102.5	649.17
-29.375	0	-103.125	639.851
-28.75	0	-103.75	635.3
-28.125	0	-104.375	635.106
-27.5	0	-105	640.014
-26.875	0	-105.625	649.126
-26.25	0	-106.25	661.303
-25.625	0	-106.875	675.86
-25	0	-107.5	691.748
-24.375	0	-108.125	708.104
-23.75	0	-108.75	724.231
-23.125	0	-109.375	739.669
-22.5	0	-110	753.861
-21.875	0	-110.625	766.918
-21.25	0	-111.25	778.897
-20.625	0	-111.875	789.461
-20	0	-112.5	799.006
-19.375	0	-113.125	807.5
-18.75	0	-113.75	814.953
-18.125	0	-114.375	821.664
-17.5	0	-115	827.628
-16.875	0	-115.625	832.867
-16.25	0	-116.25	837.688
-15.625	0	-116.875	841.977
-15	0	-117.5	845.782
-14.375	0	-118.125	849.259
-13.75	0	-118.75	852.374
-13.125	0	-119.375	855.137
-12.5	0	-120	857.585
-11.875	0	-120.625	859.794
-11.25	0	-121.25	861.792
-10.625	0	-121.875	863.55
-10	0	-122.5	865.279
-9.375	0	-123.125	866.692
-8.75	0	-123.75	868.009
-8.125	0	-124.375	869.336
-7.5	0	-125	870.491
-6.875	0	-125.625	871.739
-6.25	0	-126.25	872.786
-5.625	0	-126.875	873.791
-5	0	-127.5	874.658
-4.375	0	-128.125	875.585
-3.75	0	-128.75	876.307
-3.125	0	-129.375	877.175
-2.5	0	-130	877.975
-1.875	0	-130.625	878.744
-1.25	0	-131.25	879.467
-0.625	0	-131.875	880.201
0	0	-132.5	880.83
0.625	0	-133.125	881.278
1.25	0	-133.75	882.422
1.875	0	-134.375	882.956
2.5	0	-135	883.801
3.125	0	-135.625	884.332
3.75	0	-136.25	884.438
4.375	0	-136.875	885.072
5	0	-137.5	885.246
5.625	0	-138.125	886.036
6.25	0	-138.75	886.28
6.875	0	-139.375	887.224
7.5	0	-140	887.696
8.125	0	-140.625	888.339
8.75	0	-141.25	887.905
9.375	0	-141.875	888.475
10	0	-142.5	888.316
10.625	0	-143.125	887.227
11.25	0	-143.75	885.095
11.875	0	-144.375	884.735
-51.25	0	-80	981.134
-50.625	0	-80.625	992.636
-50	0	-81.25	993.19
-49.375	0	-81.875	987.999
-48.75	0	-82.5	982.687
-48.125	0	-83.125	979.453
-47.5	0	-83.75	979.21
-46.875	0	-84.375	980.312
-46.25	0	-85	980.631
-45.625	0	-85.625	979.712
-45	0	-86.25	978.709
-44.375	0	-86.875	975.16
-43.75	0	-87.5	971.391
-43.125	0	-88.125	966.588
-42.5	0	-88.75	960.736
-41.875	0	-89.375	954.41
-41.25	0	-90	947.154
-40.625	0	-90.625	939.433
-40	0	-91.25	930.615
-39.375	0	-91.875	921.55
-38.75	0	-92.5	910.958
-38.125	0	-93.125	899.22
-37.5	0	-93.75	886.791
-36.875	0	-94.375	872.604
-36.25	0	-95	857.329
-35.625	0	-95.625	840.884
-35	0	-96.25	822.884
-34.375	0	-96.875	803.457
-33.75	0	-97.5	783.319
-33.125	0	-98.125	762.071
-32.5	0	-98.75	740.552
-31.875	0	-99.375	718.859
-31.25	0	-100	697.899
-30.625	0	-100.625	678.847
-30	0	-101.25	661.205
-29.375	0	-101.875	647.155
-28.75	0	-102.5	637.515
-28.125	0	-103.125	632.688
-27.5	0	-103.75	632.263
-26.875	0	-104.375	637.004
-26.25	0	-105	646.008
-25.625	0	-105.625	658.125
-25	0	-106.25	672.669
-24.375	0	-106.875	688.581
-23.75	0	-107.5	704.99
-23.125	0	-108.125	721.192
-22.5	0	-108.75	736.719
-21.875	0	-109.375	751.008
-21.25	0	-110	764.168
-20.625	0	-110.625	776.251
-20	0	-111.25	786.919
-19.375	0	-111.875	796.566
-18.75	0	-112.5	805.16
-18.125	0	-113.125	812.71
-17.5	0	-113.75	819.513
-16.875	0	-114.375	825.566
-16.25	0	-115	830.889
-15.625	0	-115.625	835.79
-15	0	-116.25	840.154
-14.375	0	-116.875	844.03
-13.75	0	-117.5	847.574
-13.125	0	-118.125	850.752
-12.5	0	-118.75	853.573
-11.875	0	-119.375	856.077
-11.25	0	-120	858.337
-10.625	0	-120.625	860.383
-10	0	-121.25	862.186
-9.375	0	-121.875	863.956
-8.75	0	-122.5	865.408
-8.125	0	-123.125	866.761
-7.5	0	-123.75	868.121
-6.875	0	-124.375	869.307
-6.25	0	-125	870.584
-5.625	0	-125.625	871.658
-5	0	-126.25	872.687
-4.375	0	-126.875	873.577
-3.75	0	-127.5	874.525
-3.125	0	-128.125	875.265
-2.5	0	-128.75	876.151
-1.875	0	-129.375	876.967
-1.25	0	-130	877.751
-0.625	0	-130.625	878.487
0	0	-131.25	879.233
0.625	0	-131.875	879.874
1.25	0	-132.5	880.331
1.875	0	-133.125	881.485
2.5	0	-133.75	882.027
3.125	0	-134.375	882.88
3.75	0	-135	883.417
4.375	0	-135.625	883.53
5	0	-136.25	884.168
5.625	0	-136.875	884.347
6.25	0	-137.5	885.14
6.875	0	-138.125	885.387
7.5	0	-138.75	886.333
8.125	0	-139.375	886.807
8.75	0	-140	887.451
9.375	0	-140.625	887.019
10	0	-141.25	887.589
10.625	0	-141.875	887.431
11.25	0	-142.5	886.345
11.875	0	-143.125	884.216
12.5	0	-143.75	883.858
-50	0	-80	990.443
-49.375	0	-80.625	1002.23
-48.75	0	-81.25	996.365
-48.125	0	-81.875	989.459
-47.5	0	-82.5	982.938
-46.875	0	-83.125	980.325
-46.25	0	-83.75	980.193
-45.625	0	-84.375	980.094
-45	0	-85	979.286
-44.375	0	-85.625	978.835
-43.75	0	-86.25	975.797
-43.125	0	-86.875	972.578
-42.5	0	-87.5	968.224
-41.875	0	-88.125	962.705
-41.25	0	-88.75	956.614
-40.625	0	-89.375	949.491
-40	0	-90	941.835
-39.375	0	-90.625	933.011
-38.75	0	-91.25	923.913
-38.125	0	-91.875	913.227
-37.5	0	-92.5	901.354
-36.875	0	-93.125	888.778
-36.25	0	-93.75	874.407
-35.625	0	-94.375	858.932
-35	0	-95	842.27
-34.375	0	-95.625	824.022
-33.75	0	-96.25	804.321
-33.125	0	-96.875	783.89
-32.5	0	-97.5	762.318
-31.875	0	-98.125	740.453
-31.25	0	-98.75	718.388
-30.625	0	-99.375	697.04
-30	0	-100	677.594
-29.375	0	-100.625	659.544
-28.75	0	-101.25	645.107
-28.125	0	-101.875	635.117
-27.5	0	-102.5	629.987
-26.875	0	-103.125	629.307
-26.25	0	-103.75	633.862
-25.625	0	-104.375	642.744
-25	0	-105	654.791
-24.375	0	-105.625	669.314
-23.75	0	-106.25	685.245
-23.125	0	-106.875	701.704
-22.5	0	-107.5	717.981
-21.875	0	-108.125	733.596
-21.25	0	-108.75	747.984
-20.625	0	-109.375	761.247
-20	0	-110	773.437
-19.375	0	-110.625	784.212
-18.75	0	-111.25	793.965
-18.125	0	-111.875	802.661
-17.5	0	-112.5	810.311
-16.875	0	-113.125	817.21
-16.25	0	-113.75	823.355
-15.625	0	-114.375	828.765
-15	0	-115	833.749
-14.375	0	-115.625	838.191
-13.75	0	-116.25	842.141
-13.125	0	-116.875	845.755
-12.5	0	-117.5	848.998
-11.875	0	-118.125	851.881
-11.25	0	-118.75	854.442
-10.625	0	-119.375	856.757
-10	0	-120	858.853
-9.375	0	-120.625	860.702
-8.75	0	-121.25	862.517
-8.125	0	-121.875	864.009
-7.5	0	-122.5	865.4
-6.875	0	-123.125	866.795
-6.25	0	-123.75	868.014
-5.625	0	-124.375	869.322
-5	0	-125	870.423
-4.375	0	-125.625	871.479
-3.75	0	-126.25	872.393
-3.125	0	-126.875	873.362
-2.5	0	-127.5	874.123
-1.875	0	-128.125	875.028
-1.25	0	-128.75	875.86
-0.625	0	-129.375	876.66
0	0	-130	877.411
0.625	0	-130.625	878.17
1.25	0	-131.25	878.823
1.875	0	-131.875	879.291
2.5	0	-132.5	880.455
3.125	0	-133.125	881.007
3.75	0	-133.75	881.868
4.375	0	-134.375	882.412
5	0	-135	882.531
5.625	0	-135.625	883.175
6.25	0	-136.25	883.359
6.875	0	-136.875	884.156
7.5	0	-137.5	884.406
8.125	0	-138.125	885.355
8.75	0	-138.75	885.831
9.375	0	-139.375	886.477
10	0	-140	886.046
10.625	0	-140.625	886.618
11.25	0	-141.25	886.462
11.875	0	-141.875	885.377
12.5	0	-142.5	883.252
13.125	0	-143.125	882.896
-48.75	0	-80	1008.33
-48.125	0	-80.625	998.174
-47.5	0	-81.25	994.653
-46.875	0	-81.875	987.415
-46.25	0	-82.5	982.776
-45.625	0	-83.125	980.81
-45	0	-83.75	979.603
-44.375	0	-84.375	978.421
-43.75	0	-85	978.333
-43.125	0	-85.625	975.754
-42.5	0	-86.25	973.158
-41.875	0	-86.875	969.37
-41.25	0	-87.5	964.316
-40.625	0	-88.125	958.589
-40	0	-88.75	951.711
-39.375	0	-89.375	944.218
-38.75	0	-90	935.464
-38.125	0	-90.625	926.394
-37.5	0	-91.25	915.655
-36.875	0	-91.875	903.676
-36.25	0	-92.5	890.972
-35.625	0	-93.125	876.424
-35	0	-93.75	860.75
-34.375	0	-94.375	843.866
-33.75	0	-95	825.359
-33.125	0	-95.625	805.369
-32.5	0	-96.25	784.627
-31.875	0	-96.875	762.709
-31.25	0	-97.5	740.476
-30.625	0	-98.125	718.011
-30	0	-98.75	696.247
-29.375	0	-99.375	676.379
-28.75	0	-100	657.889
-28.125	0	-100.625	643.036
-27.5	0	-101.25	632.667
-26.875	0	-101.875	627.209
-26.25	0	-102.5	626.253
-25.625	0	-103.125	630.605
-25	0	-103.75	639.351
-24.375	0	-104.375	651.318
-23.75	0	-105	665.813
-23.125	0	-105.625	681.759
-22.5	0	-106.25	698.267
-21.875	0	-106.875	714.618
-21.25	0	-107.5	730.324
-20.625	0	-108.125	744.811
-20	0	-108.75	758.182
-19.375	0	-109.375	770.482
-18.75	0	-110	781.367
-18.125	0	-110.625	791.23
-17.5	0	-111.25	800.033
-16.875	0	-111.875	807.786
-16.25	0	-112.5	814.786
-15.625	0	-113.125	821.026
-15	0	-113.75	826.527
-14.375	0	-114.375	831.598
-13.75	0	-115	836.123
-13.125	0	-115.625	840.151
-12.5	0	-116.25	843.839
-11.875	0	-116.875	847.151
-11.25	0	-117.5	850.098
-10.625	0	-118.125	852.72
-10	0	-118.75	855.092
-9.375	0	-119.375	857.241
-8.75	0	-120	859.14
-8.125	0	-120.625	861.001
-7.5	0	-121.25	862.537
-6.875	0	-121.875	863.968
-6.25	0	-122.5	865.401
-5.625	0	-123.125	866.655
-5	0	-123.75	867.996
-4.375	0	-124.375	869.127
-3.75	0	-125	870.211
-3.125	0	-125.625	871.151
-2.5	0	-126.25	872.145
-1.875	0	-126.875	872.927
-1.25	0	-127.5	873.852
-0.625	0	-128.125	874.703
0	0	-128.75	875.52
0.625	0	-129.375	876.286
1.25	0	-130	877.06
1.875	0	-130.625	877.726
2.5	0	-131.25	878.207
3.125	0	-131.875	879.383
3.75	0	-132.5	879.945
4.375	0	-133.125	880.816
5	0	-133.75	881.368
5.625	0	-134.375	881.494
6.25	0	-135	882.145
6.875	0	-135.625	882.334
7.5	0	-136.25	883.136
8.125	0	-136.875	883.39
8.75	0	-137.5	884.342
9.375	0	-138.125	884.821
10	0	-138.75	885.469
10.625	0	-139.375	885.041
11.25	0	-140	885.614
11.875	0	-140.625	885.46
12.5	0	-141.25	884.379
13.125	0	-141.875	882.259
13.75	0	-142.5	881.904
-47.5	0	-80	986.075
-46.875	0	-80.625	996.363
-46.25	0	-81.25	992.317
-45.625	0	-81.875	988.29
-45	0	-82.5	984.416
-44.375	0	-83.125	981.11
-43.75	0	-83.75	978.587
-43.125	0	-84.375	978.281
-42.5	0	-85	975.81
-41.875	0	-85.625	973.721
-41.25	0	-86.25	970.501
-40.625	0	-86.875	965.973
-40	0	-87.5	960.698
-39.375	0	-88.125	954.156
-38.75	0	-88.75	946.907
-38.125	0	-89.375	938.289
-37.5	0	-90	929.301
-36.875	0	-90.625	918.545
-36.25	0	-91.25	906.48
-35.625	0	-91.875	893.658
-35	0	-92.5	878.931
-34.375	0	-93.125	863.047
-33.75	0	-93.75	845.926
-33.125	0	-94.375	827.136
-32.5	0	-95	806.829
-31.875	0	-95.625	785.745
-31.25	0	-96.25	763.445
-30.625	0	-96.875	740.805
-30	0	-97.5	717.9
-29.375	0	-98.125	695.677
-28.75	0	-98.75	675.343
-28.125	0	-99.375	656.371
-27.5	0	-100	641.059
-26.875	0	-100.625	630.275
-26.25	0	-101.25	624.455
-25.625	0	-101.875	623.193
-25	0	-102.5	627.32
-24.375	0	-103.125	635.914
-23.75	0	-103.75	647.789
-23.125	0	-104.375	662.248
-22.5	0	-105	678.206
-21.875	0	-105.625	694.762
-21.25	0	-106.25	711.187
-20.625	0	-106.875	726.986
-20	0	-107.5	741.576
-19.375	0	-108.125	755.058
-18.75	0	-108.75	767.473
-18.125	0	-109.375	778.472
-17.5	0	-110	788.449
-16.875	0	-110.625	797.364
-16.25	0	-111.25	805.226
-15.625	0	-111.875	812.329
-15	0	-112.5	818.67
-14.375	0	-113.125	824.267
-13.75	0	-113.75	829.429
-13.125	0	-114.375	834.041
-12.5	0	-115	838.15
-11.875	0	-115.625	841.915
-11.25	0	-116.25	845.3
-10.625	0	-116.875	848.315
-10	0	-117.5	851.001
-9.375	0	-118.125	853.432
-8.75	0	-118.75	855.638
-8.125	0	-119.375	857.59
-7.5	0	-120	859.5
-6.875	0	-120.625	861.081
-6.25	0	-121.25	862.555
-5.625	0	-121.875	864.028
-5	0	-122.5	865.319
-4.375	0	-123.125	866.694
-3.75	0	-123.75	867.858
-3.125	0	-124.375	868.972
-2.5	0	-125	869.939
-1.875	0	-125.625	870.958
-1.25	0	-126.25	871.764
-0.625	0	-126.875	872.711
0	0	-127.5	873.582
0.625	0	-128.125	874.417
1.25	0	-128.75	875.201
1.875	0	-129.375	875.99
2.5	0	-130	876.671
3.125	0	-130.625	877.165
3.75	0	-131.25	878.353
4.375	0	-131.875	878.927
5	0	-132.5	879.807
5.625	0	-133.125	880.368
6.25	0	-133.75	880.503
6.875	0	-134.375	881.161
7.5	0	-135	881.357
8.125	0	-135.625	882.163
8.75	0	-136.25	882.422
9.375	0	-136.875	883.378
10	0	-137.5	883.861
10.625	0	-138.125	884.511
11.25	0	-138.75	884.086
11.875	0	-139.375	884.661
12.5	0	-140	884.51
13.125	0	-140.625	883.432
13.75	0	-141.25	881.316
14.375	0	-141.875	880.965
-46.25	0	-80	1002.85
-45.625	0	-80.625	986.193
-45	0	-81.25	990.855
-44.375	0	-81.875	988.667
-43.75	0	-82.5	983.62
-43.125	0	-83.125	979.043
-42.5	0	-83.75	977.881
-41.875	0	-84.375	975.049
-41.25	0	-85	973.281
-40.625	0	-85.625	970.607
-40	0	-86.25	966.684
-39.375	0	-86.875	961.991
-38.75	0	-87.5	955.927
-38.125	0	-88.125	949.063
-37.5	0	-88.75	940.707
-36.875	0	-89.375	931.91
-36.25	0	-90	921.222
-35.625	0	-90.625	909.137
-35	0	-91.25	896.247
-34.375	0	-91.875	881.376
-33.75	0	-92.5	865.306
-33.125	0	-93.125	847.963
-32.5	0	-93.75	828.896
-31.875	0	-94.375	808.27
-31.25	0	-95	786.837
-30.625	0	-95.625	764.143
-30	0	-96.25	741.079
-29.375	0	-96.875	717.713
-28.75	0	-97.5	695.008
-28.125	0	-98.125	674.183
-27.5	0	-98.75	654.699
-26.875	0	-99.375	638.9
-26.25	0	-100	627.67
-25.625	0	-100.625	621.462
-25	0	-101.25	619.871
-24.375	0	-101.875	623.75
-23.75	0	-102.5	632.174
-23.125	0	-103.125	643.943
-22.5	0	-103.75	658.355
-21.875	0	-104.375	674.315
-21.25	0	-105	690.912
-20.625	0	-105.625	707.409
-20	0	-106.25	723.297
-19.375	0	-106.875	737.989
-18.75	0	-107.5	751.582
-18.125	0	-108.125	764.112
-17.5	0	-108.75	775.227
-16.875	0	-109.375	785.32
-16.25	0	-110	794.35
-15.625	0	-110.625	802.322
-15	0	-111.25	809.533
-14.375	0	-111.875	815.977
-13.75	0	-112.5	821.673
-13.125	0	-113.125	826.93
-12.5	0	-113.75	831.631
-11.875	0	-114.375	835.826
-11.25	0	-115	839.671
-10.625	0	-115.625	843.132
-10	0	-116.25	846.219
-9.375	0	-116.875	848.972
-8.75	0	-117.5	851.467
-8.125	0	-118.125	853.732
-7.5	0	-118.75	855.739
-6.875	0	-119.375	857.702
-6.25	0	-120	859.331
-5.625	0	-120.625	860.851
-5	0	-121.25	862.367
-4.375	0	-121.875	863.698
-3.75	0	-122.5	865.111
-3.125	0	-123.125	866.309
-2.5	0	-123.75	867.455
-1.875	0	-124.375	868.452
-1.25	0	-125	869.499
-0.625	0	-125.625	870.33
0	0	-126.25	871.3
0.625	0	-126.875	872.193
1.25	0	-127.5	873.049
1.875	0	-128.125	873.851
2.5	0	-128.75	874.658
3.125	0	-129.375	875.355
3.75	0	-130	875.864
4.375	0	-130.625	877.066
5	0	-131.25	877.652
5.625	0	-131.875	878.544
6.25	0	-132.5	879.116
6.875	0	-133.125	879.26
7.5	0	-133.75	879.926
8.125	0	-134.375	880.129
8.75	0	-135	880.942
9.375	0	-135.625	881.207
10	0	-136.25	882.167
10.625	0	-136.875	882.655
11.25	0	-137.5	883.308
11.875	0	-138.125	882.887
12.5	0	-138.75	883.466
13.125	0	-139.375	883.318
13.75	0	-140	882.244
14.375	0	-140.625	880.135
15	0	-141.25	879.787
-45	0	-80	990.204
-44.375	0	-80.625	989.548
-43.75	0	-81.25	994.187
-43.125	0	-81.875	989.673
-42.5	0	-82.5	982.664
-41.875	0	-83.125	979.663
-41.25	0	-83.75	975.476
-40.625	0	-84.375	973.428
-40	0	-85	970.975
-39.375	0	-85.625	967.529
-38.75	0	-86.25	963.415
-38.125	0	-86.875	957.891
-37.5	0	-87.5	951.503
-36.875	0	-88.125	943.499
-36.25	0	-88.75	934.978
-35.625	0	-89.375	924.425
-35	0	-90	912.365
-34.375	0	-90.625	899.439
-33.75	0	-91.25	884.438
-33.125	0	-91.875	868.184
-32.5	0	-92.5	850.609
-31.875	0	-93.125	831.244
-31.25	0	-93.75	810.271
-30.625	0	-94.375	788.455
-30	0	-95	765.326
-29.375	0	-95.625	741.793
-28.75	0	-96.25	717.917
-28.125	0	-96.875	694.678
-27.5	0	-97.5	673.309
-26.875	0	-98.125	653.258
-26.25	0	-98.75	636.919
-25.625	0	-99.375	625.196
-25	0	-100	618.557
-24.375	0	-100.625	616.599
-23.75	0	-101.25	620.204
-23.125	0	-101.875	628.437
-22.5	0	-102.5	640.084
-21.875	0	-103.125	654.439
-21.25	0	-103.75	670.397
-20.625	0	-104.375	687.033
-20	0	-105	703.601
-19.375	0	-105.625	719.582
-18.75	0	-106.25	734.38
-18.125	0	-106.875	748.088
-17.5	0	-107.5	760.738
-16.875	0	-108.125	771.974
-16.25	0	-108.75	782.188
-15.625	0	-109.375	791.337
-15	0	-110	799.425
-14.375	0	-110.625	806.749
-13.75	0	-111.25	813.302
-13.125	0	-111.875	819.101
-12.5	0	-112.5	824.457
-11.875	0	-113.125	829.253
-11.25	0	-113.75	833.537
-10.625	0	-114.375	837.467
-10	0	-115	841.008
-9.375	0	-115.625	844.17
-8.75	0	-116.25	846.994
-8.125	0	-116.875	849.556
-7.5	0	-117.5	851.883
-6.875	0	-118.125	853.949
-6.25	0	-118.75	855.967
-5.625	0	-119.375	857.647
-5	0	-120	859.216
-4.375	0	-120.625	860.776
-3.75	0	-121.25	862.15
-3.125	0	-121.875	863.602
-2.5	0	-122.5	864.837
-1.875	0	-123.125	866.017
-1.25	0	-123.75	867.046
-0.625	0	-124.375	868.122
0	0	-125	868.981
0.625	0	-125.625	869.976
1.25	0	-126.25	870.892
1.875	0	-126.875	871.769
2.5	0	-127.5	872.592
3.125	0	-128.125	873.418
3.75	0	-128.75	874.131
4.375	0	-129.375	874.656
5	0	-130	875.874
5.625	0	-130.625	876.473
6.25	0	-131.25	877.378
6.875	0	-131.875	877.96
7.5	0	-132.5	878.115
8.125	0	-133.125	878.79
8.75	0	-133.75	879.002
9.375	0	-134.375	879.821
10	0	-135	880.093
10.625	0	-135.625	881.058
11.25	0	-136.25	881.551
11.875	0	-136.875	882.208
12.5	0	-137.5	881.791
13.125	0	-138.125	882.374
13.75	0	-138.75	882.229
14.375	0	-139.375	881.161
15	0	-140	879.057
15.625	0	-140.625	878.713
-43.75	0	-80	981.014
-43.125	0	-80.625	997.935
-42.5	0	-81.25	997.74
-41.875	0	-81.875	990.189
-41.25	0	-82.5	984.949
-40.625	0	-83.125	978.176
-40	0	-83.75	974.882
-39.375	0	-84.375	971.998
-38.75	0	-85	968.669
-38.125	0	-85.625	964.993
-37.5	0	-86.25	959.996
-36.875	0	-86.875	954.143
-36.25	0	-87.5	946.577
-35.625	0	-88.125	938.427
-35	0	-88.75	928.087
-34.375	0	-89.375	916.113
-33.75	0	-90	903.197
-33.125	0	-90.625	888.092
-32.5	0	-91.25	871.665
-31.875	0	-91.875	853.857
-31.25	0	-92.5	834.18
-30.625	0	-93.125	812.835
-30	0	-93.75	790.603
-29.375	0	-94.375	766.997
-28.75	0	-95	742.95
-28.125	0	-95.625	718.511
-27.5	0	-96.25	694.683
-26.875	0	-96.875	672.713
-26.25	0	-97.5	652.035
-25.625	0	-98.125	635.099
-25	0	-98.75	622.831
-24.375	0	-99.375	615.714
-23.75	0	-100	613.349
-23.125	0	-100.625	616.646
-22.5	0	-101.25	624.663
-21.875	0	-101.875	636.171
-21.25	0	-102.5	650.457
-20.625	0	-103.125	666.404
-20	0	-103.75	683.076
-19.375	0	-104.375	699.715
-18.75	0	-105	715.79
-18.125	0	-105.625	730.695
-17.5	0	-106.25	744.522
-16.875	0	-106.875	757.296
-16.25	0	-107.5	768.657
-15.625	0	-108.125	778.998
-15	0	-108.75	788.271
-14.375	0	-109.375	796.48
-13.75	0	-110	803.921
-13.125	0	-110.625	810.587
-12.5	0	-111.25	816.495
-11.875	0	-111.875	821.955
-11.25	0	-112.5	826.849
-10.625	0	-113.125	831.227
-10	0	-113.75	835.246
-9.375	0	-114.375	838.87
-8.75	0	-115	842.111
-8.125	0	-115.625	845.01
-7.5	0	-116.25	847.641
-6.875	0	-116.875	850.034
-6.25	0	-117.5	852.162
-5.625	0	-118.125	854.238
-5	0	-118.75	855.973
-4.375	0	-119.375	857.592
-3.75	0	-120	859.2
-3.125	0	-120.625	860.619
-2.5	0	-121.25	862.112
-1.875	0	-121.875	863.386
-1.25	0	-122.5	864.603
-0.625	0	-123.125	865.666
0	0	-123.75	866.773
0.625	0	-124.375	867.66
1.25	0	-125	868.682
1.875	0	-125.625	869.623
2.5	0	-126.25	870.523
3.125	0	-126.875	871.368
3.75	0	-127.5	872.213
4.375	0	-128.125	872.946
5	0	-128.75	873.488
5.625	0	-129.375	874.721
6.25	0	-130	875.335
6.875	0	-130.625	876.253
7.5	0	-131.25	876.848
8.125	0	-131.875	877.014
8.75	0	-132.5	877.699
9.375	0	-133.125	877.919
10	0	-133.75	878.747
10.625	0	-134.375	879.025
11.25	0	-135	879.997
11.875	0	-135.625	880.495
12.5	0	-136.25	881.157
13.125	0	-136.875	880.745
13.75	0	-137.5	881.331
14.375	0	-138.125	881.191
15	0	-138.75	880.128
15.625	0	-139.375	878.03
16.25	0	-140	877.691
-42.5	0	-80	991.601
-41.875	0	-80.625	995.244
-41.25	0	-81.25	995.647
-40.625	0	-81.875	991.504
-40	0	-82.5	982.34
-39.375	0	-83.125	977.198
-38.75	0	-83.75	973.207
-38.125	0	-84.375	969.537
-37.5	0	-85	966.088
-36.875	0	-85.625	961.584
-36.25	0	-86.25	956.34
-35.625	0	-86.875	949.332
-35	0	-87.5	941.697
-34.375	0	-88.125	931.702
-33.75	0	-88.75	919.926
-33.125	0	-89.375	907.114
-32.5	0	-90	891.974
-31.875	0	-90.625	875.423
-31.25	0	-91.25	857.414
-30.625	0	-91.875	837.439
-30	0	-92.5	815.723
-29.375	0	-93.125	793.064
-28.75	0	-93.75	768.959
-28.125	0	-94.375	744.367
-27.5	0	-95	719.328
-26.875	0	-95.625	694.868
-26.25	0	-96.25	672.249
-25.625	0	-96.875	650.894
-25	0	-97.5	633.31
-24.375	0	-98.125	620.448
-23.75	0	-98.75	612.809
-23.125	0	-99.375	609.996
-22.5	0	-100	612.952
-21.875	0	-100.625	620.728
-21.25	0	-101.25	632.076
-20.625	0	-101.875	646.278
-20	0	-102.5	662.205
-19.375	0	-103.125	678.907
-18.75	0	-103.75	695.614
-18.125	0	-104.375	711.78
-17.5	0	-105	726.794
-16.875	0	-105.625	740.741
-16.25	0	-106.25	753.642
-15.625	0	-106.875	765.132
-15	0	-107.5	775.602
-14.375	0	-108.125	785.002
-13.75	0	-108.75	793.336
-13.125	0	-109.375	800.9
-12.5	0	-110	807.683
-11.875	0	-110.625	813.704
-11.25	0	-111.25	819.271
-10.625	0	-111.875	824.269
-10	0	-112.5	828.744
-9.375	0	-113.125	832.856
-8.75	0	-113.75	836.569
-8.125	0	-114.375	839.892
-7.5	0	-115	842.869
-6.875	0	-115.625	845.574
-6.25	0	-116.25	848.037
-5.625	0	-116.875	850.23
-5	0	-117.5	852.368
-4.375	0	-118.125	854.159
-3.75	0	-118.75	855.832
-3.125	0	-119.375	857.491
-2.5	0	-120	858.957
-1.875	0	-120.625	860.495
-1.25	0	-121.25	861.81
-0.625	0	-121.875	863.066
0	0	-122.5	864.165
0.625	0	-123.125	865.305
1.25	0	-123.75	866.224
1.875	0	-124.375	867.274
2.5	0	-125	868.242
3.125	0	-125.625	869.168
3.75	0	-126.25	870.036
4.375	0	-126.875	870.903
5	0	-127.5	871.655
5.625	0	-128.125	872.216
6.25	0	-128.75	873.467
6.875	0	-129.375	874.097
7.5	0	-130	875.03
8.125	0	-130.625	875.638
8.75	0	-131.25	875.816
9.375	0	-131.875	876.512
10	0	-132.5	876.743
10.625	0	-133.125	877.579
11.25	0	-133.75	877.866
11.875	0	-134.375	878.845
12.5	0	-135	879.349
13.125	0	-135.625	880.016
13.75	0	-136.25	879.61
14.375	0	-136.875	880.201
15	0	-137.5	880.066
15.625	0	-138.125	879.009
16.25	0	-138.75	876.919
16.875	0	-139.375	876.584
-41.25	0	-80	1005.36
-40.625	0	-80.625	1005.69
-40	0	-81.25	1001.72
-39.375	0	-81.875	990.841
-38.75	0	-82.5	983.15
-38.125	0	-83.125	976.775
-37.5	0	-83.75	971.675
-36.875	0	-84.375	967.753
-36.25	0	-85	963.367
-35.625	0	-85.625	958.596
-35	0	-86.25	952.143
-34.375	0	-86.875	945.1
-33.75	0	-87.5	935.543
-33.125	0	-88.125	924.058
-32.5	0	-88.75	911.435
-31.875	0	-89.375	896.324
-31.25	0	-90	879.697
-30.625	0	-90.625	861.515
-30	0	-91.25	841.25
-29.375	0	-91.875	819.155
-28.75	0	-92.5	796.05
-28.125	0	-93.125	771.414
-27.5	0	-93.75	746.235
-26.875	0	-94.375	720.545
-26.25	0	-95	695.396
-25.625	0	-95.625	672.068
-25	0	-96.25	649.969
-24.375	0	-96.875	631.673
-23.75	0	-97.5	618.155
-23.125	0	-98.125	609.938
-22.5	0	-98.75	606.628
-21.875	0	-99.375	609.205
-21.25	0	-100	616.708
-20.625	0	-100.625	627.872
-20	0	-101.25	641.974
-19.375	0	-101.875	657.87
-18.75	0	-102.5	674.595
-18.125	0	-103.125	691.366
-17.5	0	-103.75	707.624
-16.875	0	-104.375	722.746
-16.25	0	-105	736.815
-15.625	0	-105.625	749.846
-15	0	-106.25	761.467
-14.375	0	-106.875	772.071
-13.75	0	-107.5	781.604
-13.125	0	-108.125	790.067
-12.5	0	-108.75	797.757
-11.875	0	-109.375	804.662
-11.25	0	-110	810.801
-10.625	0	-110.625	816.481
-10	0	-111.25	821.585
-9.375	0	-111.875	826.163
-8.75	0	-112.5	830.372
-8.125	0	-113.125	834.177
-7.5	0	-113.75	837.587
-6.875	0	-114.375	840.646
-6.25	0	-115	843.429
-5.625	0	-115.625	845.964
-5	0	-116.25	848.226
-4.375	0	-116.875	850.428
-3.75	0	-117.5	852.28
-3.125	0	-118.125	854.01
-2.5	0	-118.75	855.723
-1.875	0	-119.375	857.239
-1.25	0	-120	858.824
-0.625	0	-120.625	860.183
0	0	-121.25	861.479
0.625	0	-121.875	862.617
1.25	0	-122.5	863.793
1.875	0	-123.125	864.745
2.5	0	-123.75	865.826
3.125	0	-124.375	866.823
3.75	0	-125	867.775
4.375	0	-125.625	868.668
5	0	-126.25	869.558
5.625	0	-126.875	870.332
6.25	0	-127.5	870.913
6.875	0	-128.125	872.184
7.5	0	-128.75	872.831
8.125	0	-129.375	873.78
8.75	0	-130	874.402
9.375	0	-130.625	874.594
10	0	-131.25	875.302
10.625	0	-131.875	875.544
11.25	0	-132.5	876.39
11.875	0	-133.125	876.686
12.5	0	-133.75	877.672
13.125	0	-134.375	878.183
13.75	0	-135	878.856
14.375	0	-135.625	878.457
15	0	-136.25	879.054
15.625	0	-136.875	878.924
16.25	0	-137.5	877.874
16.875	0	-138.125	875.791
17.5	0	-138.75	875.462
-40	0	-80	1061.79
-39.375	0	-80.625	1009.31
-38.75	0	-81.25	998.595
-38.125	0	-81.875	991.176
-37.5	0	-82.5	982.579
-36.875	0	-83.125	975.281
-36.25	0	-83.75	970.133
-35.625	0	-84.375	965.379
-35	0	-85	960.866
-34.375	0	-85.625	954.926
-33.75	0	-86.25	948.555
-33.125	0	-86.875	939.557
-32.5	0	-87.5	928.488
-31.875	0	-88.125	916.176
-31.25	0	-88.75	901.193
-30.625	0	-89.375	884.565
-30	0	-90	866.265
-29.375	0	-90.625	845.74
-28.75	0	-91.25	823.273
-28.125	0	-91.875	799.712
-27.5	0	-92.5	774.517
-26.875	0	-93.125	748.713
-26.25	0	-93.75	722.319
-25.625	0	-94.375	696.421
-25	0	-95	672.318
-24.375	0	-95.625	649.403
-23.75	0	-96.25	630.321
-23.125	0	-96.875	616.08
-22.5	0	-97.5	607.224
-21.875	0	-98.125	603.364
-21.25	0	-98.75	605.517
-20.625	0	-99.375	612.715
-20	0	-100	623.671
-19.375	0	-100.625	637.657
-18.75	0	-101.25	653.511
-18.125	0	-101.875	670.254
-17.5	0	-102.5	687.089
-16.875	0	-103.125	703.439
-16.25	0	-103.75	718.674
-15.625	0	-104.375	732.87
-15	0	-105	746.035
-14.375	0	-105.625	757.794
-13.75	0	-106.25	768.537
-13.125	0	-106.875	778.208
-12.5	0	-107.5	786.807
-11.875	0	-108.125	794.629
-11.25	0	-108.75	801.662
-10.625	0	-109.375	807.923
-10	0	-110	813.721
-9.375	0	-110.625	818.939
-8.75	0	-111.25	823.624
-8.125	0	-111.875	827.936
-7.5	0	-112.5	831.837
-6.875	0	-113.125	835.338
-6.25	0	-113.75	838.484
-5.625	0	-114.375	841.348
-5	0	-115	843.96
-4.375	0	-115.625	846.295
-3.75	0	-116.25	848.565
-3.125	0	-116.875	850.481
-2.5	0	-117.5	852.272
-1.875	0	-118.125	854.041
-1.25	0	-118.75	855.61
-0.625	0	-119.375	857.245
0	0	-120	858.651
0.625	0	-120.625	859.991
1.25	0	-121.25	861.169
1.875	0	-121.875	862.383
2.5	0	-122.5	863.37
3.125	0	-123.125	864.484
3.75	0	-123.75	865.512
4.375	0	-124.375	866.493
5	0	-125	867.412
5.625	0	-125.625	868.328
6.25	0	-126.25	869.125
6.875	0	-126.875	869.728
7.5	0	-127.5	871.019
8.125	0	-128.125	871.685
8.75	0	-128.75	872.651
9.375	0	-129.375	873.289
10	0	-130	873.496
10.625	0	-130.625	874.217
11.25	0	-131.25	874.471
11.875	0	-131.875	875.327
12.5	0	-132.5	875.633
13.125	0	-133.125	876.628
13.75	0	-133.75	877.147
14.375	0	-134.375	877.827
15	0	-135	877.435
15.625	0	-135.625	878.038
16.25	0	-136.25	877.915
16.875	0	-136.875	876.871
17.5	0	-137.5	874.797
18.125	0	-138.125	874.474
-38.75	0	-80	1006.46
-38.125	0	-80.625	993.696
-37.5	0	-81.25	994.849
-36.875	0	-81.875	988.118
-36.25	0	-82.5	979.341
-35.625	0	-83.125	972.572
-35	0	-83.75	966.945
-34.375	0	-84.375	962.399
-33.75	0	-85	956.881
-33.125	0	-85.625	951.263
-32.5	0	-86.25	942.974
-31.875	0	-86.875	932.499
-31.25	0	-87.5	920.685
-30.625	0	-88.125	905.994
-30	0	-88.75	889.507
-29.375	0	-89.375	871.201
-28.75	0	-90	850.496
-28.125	0	-90.625	827.713
-27.5	0	-91.25	803.726
-26.875	0	-91.875	777.981
-26.25	0	-92.5	751.541
-25.625	0	-93.125	724.418
-25	0	-93.75	697.732
-24.375	0	-94.375	672.807
-23.75	0	-95	649.017
-23.125	0	-95.625	629.091
-22.5	0	-96.25	614.068
-21.875	0	-96.875	604.517
-21.25	0	-97.5	600.055
-20.625	0	-98.125	601.744
-20	0	-98.75	608.604
-19.375	0	-99.375	619.327
-18.75	0	-100	633.177
-18.125	0	-100.625	648.978
-17.5	0	-101.25	665.731
-16.875	0	-101.875	682.626
-16.25	0	-102.5	699.069
-15.625	0	-103.125	714.416
-15	0	-103.75	728.741
-14.375	0	-104.375	742.044
-13.75	0	-105	753.944
-13.125	0	-105.625	764.832
-12.5	0	-106.25	774.646
-11.875	0	-106.875	783.386
-11.25	0	-107.5	791.345
-10.625	0	-108.125	798.512
-10	0	-108.75	804.902
-9.375	0	-109.375	810.824
-8.75	0	-110	816.16
-8.125	0	-110.625	820.957
-7.5	0	-111.25	825.376
-6.875	0	-111.875	829.379
-6.25	0	-112.5	832.977
-5.625	0	-113.125	836.214
-5	0	-113.75	839.165
-4.375	0	-114.375	841.859
-3.75	0	-115	844.27
-3.125	0	-115.625	846.613
-2.5	0	-116.25	848.597
-1.875	0	-116.875	850.451
-1.25	0	-117.5	852.281
-0.625	0	-118.125	853.907
0	0	-118.75	855.595
0.625	0	-119.375	857.051
1.25	0	-120	858.438
1.875	0	-120.625	859.66
2.5	0	-121.25	860.915
3.125	0	-121.875	861.94
3.75	0	-122.5	863.09
4.375	0	-123.125	864.151
5	0	-123.75	865.162
5.625	0	-124.375	866.111
6.25	0	-125	867.054
6.875	0	-125.625	867.877
7.5	0	-126.25	868.503
8.125	0	-126.875	869.817
8.75	0	-127.5	870.503
9.375	0	-128.125	871.488
10	0	-128.75	872.144
10.625	0	-129.375	872.366
11.25	0	-130	873.103
11.875	0	-130.625	873.37
12.5	0	-131.25	874.239
13.125	0	-131.875	874.556
13.75	0	-132.5	875.56
14.375	0	-133.125	876.089
15	0	-133.75	876.777
15.625	0	-134.375	876.393
16.25	0	-135	877.003
16.875	0	-135.625	876.887
17.5	0	-136.25	875.851
18.125	0	-136.875	873.786
18.75	0	-137.5	873.47
-37.5	0	-80	993.55
-36.875	0	-80.625	993.905
-36.25	0	-81.25	993.962
-35.625	0	-81.875	985.819
-35	0	-82.5	977.176
-34.375	0	-83.125	969.728
-33.75	0	-83.75	964.337
-33.125	0	-84.375	958.717
-32.5	0	-85	953.644
-31.875	0	-85.625	946.024
-31.25	0	-86.25	936.203
-30.625	0	-86.875	925.013
-30	0	-87.5	910.747
-29.375	0	-88.125	894.526
-28.75	0	-88.75	876.326
-28.125	0	-89.375	855.521
-27.5	0	-90	832.478
-26.875	0	-90.625	808.099
-26.25	0	-91.25	781.81
-25.625	0	-91.875	754.725
-25	0	-92.5	726.843
-24.375	0	-93.125	699.327
-23.75	0	-93.75	673.525
-23.125	0	-94.375	648.794
-22.5	0	-95	627.954
-21.875	0	-95.625	612.08
-21.25	0	-96.25	601.77
-20.625	0	-96.875	596.646
-20	0	-97.5	597.82
-19.375	0	-98.125	604.301
-18.75	0	-98.75	614.758
-18.125	0	-99.375	628.448
-17.5	0	-100	644.177
-16.875	0	-100.625	660.929
-16.25	0	-101.25	677.875
-15.625	0	-101.875	694.405
-15	0	-102.5	709.863
-14.375	0	-103.125	724.316
-13.75	0	-103.75	737.758
-13.125	0	-104.375	749.802
-12.5	0	-105	760.837
-11.875	0	-105.625	770.798
-11.25	0	-106.25	779.682
-10.625	0	-106.875	787.783
-10	0	-107.5	795.088
-9.375	0	-108.125	801.611
-8.75	0	-108.75	807.661
-8.125	0	-109.375	813.12
-7.5	0	-110	818.036
-6.875	0	-110.625	822.567
-6.25	0	-111.25	826.676
-5.625	0	-111.875	830.374
-5	0	-112.5	833.708
-4.375	0	-113.125	836.749
-3.75	0	-113.75	839.528
-3.125	0	-114.375	842.02
-2.5	0	-115	844.44
-1.875	0	-115.625	846.496
-1.25	0	-116.25	848.418
-0.625	0	-116.875	850.312
0	0	-117.5	851.998
0.625	0	-118.125	853.743
1.25	0	-118.75	855.252
1.875	0	-119.375	856.689
2.5	0	-120	857.959
3.125	0	-120.625	859.257
3.75	0	-121.25	860.323
4.375	0	-121.875	861.511
5	0	-122.5	862.607
5.625	0	-123.125	863.653
6.25	0	-123.75	864.633
6.875	0	-124.375	865.605
7.5	0	-125	866.455
8.125	0	-125.625	867.107
8.75	0	-126.25	868.445
9.375	0	-126.875	869.154
10	0	-127.5	870.16
10.625	0	-128.125	870.835
11.25	0	-128.75	871.076
11.875	0	-129.375	871.828
12.5	0	-130	872.111
13.125	0	-130.625	872.993
13.75	0	-131.25	873.322
14.375	0	-131.875	874.338
15	0	-132.5	874.877
15.625	0	-133.125	875.574
16.25	0	-133.75	875.2
16.875	0	-134.375	875.818
17.5	0	-135	875.71
18.125	0	-135.625	874.684
18.75	0	-136.25	872.63
19.375	0	-136.875	872.321
-36.25	0	-80	1001.09
-35.625	0	-80.625	990.392
-35	0	-81.25	990.099
-34.375	0	-81.875	982.961
-33.75	0	-82.5	974.171
-33.125	0	-83.125	967.458
-32.5	0	-83.75	961.151
-31.875	0	-84.375	956.299
-31.25	0	-85	949.215
-30.625	0	-85.625	940.055
-30	0	-86.25	929.595
-29.375	0	-86.875	915.89
-28.75	0	-87.5	900.078
-28.125	0	-88.125	882.11
-27.5	0	-88.75	861.301
-26.875	0	-89.375	838.063
-26.25	0	-90	813.326
-25.625	0	-90.625	786.499
-25	0	-91.25	758.747
-24.375	0	-91.875	730.064
-23.75	0	-92.5	701.656
-23.125	0	-93.125	674.902
-22.5	0	-93.75	649.142
-21.875	0	-94.375	627.297
-21.25	0	-95	610.482
-20.625	0	-95.625	599.331
-20	0	-96.25	593.473
-19.375	0	-96.875	594.072
-18.75	0	-97.5	600.13
-18.125	0	-98.125	610.286
-17.5	0	-98.75	623.793
-16.875	0	-99.375	639.437
-16.25	0	-100	656.18
-15.625	0	-100.625	673.177
-15	0	-101.25	689.795
-14.375	0	-101.875	705.367
-13.75	0	-102.5	719.954
-13.125	0	-103.125	733.541
-12.5	0	-103.75	745.736
-11.875	0	-104.375	756.925
-11.25	0	-105	767.039
-10.625	0	-105.625	776.075
-10	0	-106.25	784.326
-9.375	0	-106.875	791.775
-8.75	0	-107.5	798.439
-8.125	0	-108.125	804.624
-7.5	0	-108.75	810.212
-6.875	0	-109.375	815.251
-6.25	0	-110	819.9
-5.625	0	-110.625	824.122
-5	0	-111.25	827.927
-4.375	0	-111.875	831.361
-3.75	0	-112.5	834.498
-3.125	0	-113.125	837.368
-2.5	0	-113.75	839.946
-1.875	0	-114.375	842.447
-1.25	0	-115	844.578
-0.625	0	-115.625	846.572
0	0	-116.25	848.534
0.625	0	-116.875	850.284
1.25	0	-117.5	852.089
1.875	0	-118.125	853.655
2.5	0	-118.75	855.145
3.125	0	-119.375	856.464
3.75	0	-120	857.809
4.375	0	-120.625	858.919
5	0	-121.25	860.147
5.625	0	-121.875	861.281
6.25	0	-122.5	862.362
6.875	0	-123.125	863.377
7.5	0	-123.75	864.38
8.125	0	-124.375	865.259
8.75	0	-125	865.939
9.375	0	-125.625	867.303
10	0	-126.25	868.037
10.625	0	-126.875	869.065
11.25	0	-127.5	869.76
11.875	0	-128.125	870.02
12.5	0	-128.75	870.79
13.125	0	-129.375	871.089
13.75	0	-130	871.985
14.375	0	-130.625	872.329
15	0	-131.25	873.357
15.625	0	-131.875	873.907
16.25	0	-132.5	874.614
16.875	0	-133.125	874.25
17.5	0	-133.75	874.878
18.125	0	-134.375	874.779
18.75	0	-135	873.762
19.375	0	-135.625	871.718
20	0	-136.25	871.418
-35	0	-80	982.483
-34.375	0	-80.625	990.322
-33.75	0	-81.25	987.818
-33.125	0	-81.875	979.994
-32.5	0	-82.5	972.042
-31.875	0	-83.125	964.254
-31.25	0	-83.75	958.971
-30.625	0	-84.375	951.998
-30	0	-85	943.305
-29.375	0	-85.625	933.586
-28.75	0	-86.25	920.54
-28.125	0	-86.875	905.284
-27.5	0	-87.5	887.71
-26.875	0	-88.125	867.037
-26.25	0	-88.75	843.719
-25.625	0	-89.375	818.713
-25	0	-90	791.401
-24.375	0	-90.625	763.012
-23.75	0	-91.25	733.526
-23.125	0	-91.875	704.204
-22.5	0	-92.5	676.457
-21.875	0	-93.125	649.609
-21.25	0	-93.75	626.689
-20.625	0	-94.375	608.863
-20	0	-95	596.799
-19.375	0	-95.625	590.138
-18.75	0	-96.25	590.105
-18.125	0	-96.875	595.69
-17.5	0	-97.5	605.506
-16.875	0	-98.125	618.799
-16.25	0	-98.75	634.334
-15.625	0	-99.375	651.051
-15	0	-100	668.087
-14.375	0	-100.625	684.786
-13.75	0	-101.25	700.467
-13.125	0	-101.875	715.186
-12.5	0	-102.5	728.918
-11.875	0	-103.125	741.263
-11.25	0	-103.75	752.608
-10.625	0	-104.375	762.879
-10	0	-105	772.07
-9.375	0	-105.625	780.474
-8.75	0	-106.25	788.073
-8.125	0	-106.875	794.881
-7.5	0	-107.5	801.205
-6.875	0	-108.125	806.928
-6.25	0	-108.75	812.096
-5.625	0	-109.375	816.868
-5	0	-110	821.207
-4.375	0	-110.625	825.123
-3.75	0	-111.25	828.664
-3.125	0	-111.875	831.901
-2.5	0	-112.5	834.866
-1.875	0	-113.125	837.534
-1.25	0	-113.75	840.121
-0.625	0	-114.375	842.333
0	0	-115	844.403
0.625	0	-115.625	846.436
1.25	0	-116.25	848.254
1.875	0	-116.875	850.123
2.5	0	-117.5	851.749
3.125	0	-118.125	853.296
3.75	0	-118.75	854.669
4.375	0	-119.375	856.064
5	0	-120	857.22
5.625	0	-120.625	858.492
6.25	0	-121.25	859.668
6.875	0	-121.875	860.787
7.5	0	-122.5	861.838
8.125	0	-123.125	862.876
8.75	0	-123.75	863.787
9.375	0	-124.375	864.497
10	0	-125	865.89
10.625	0	-125.625	866.649
11.25	0	-126.25	867.702
11.875	0	-126.875	868.42
12.5	0	-127.5	868.701
13.125	0	-128.125	869.491
13.75	0	-128.75	869.808
14.375	0	-129.375	870.721
15	0	-130	871.079
15.625	0	-130.625	872.121
16.25	0	-131.25	872.684
16.875	0	-131.875	873.404
17.5	0	-132.5	873.051
18.125	0	-133.125	873.689
18.75	0	-133.75	873.601
19.375	0	-134.375	872.595
20	0	-135	870.564
20.625	0	-135.625	870.273
-33.75	0	-80	999.376
-33.125	0	-80.625	988.335
-32.5	0	-81.25	984.854
-31.875	0	-81.875	978.492
-31.25	0	-82.5	969.229
-30.625	0	-83.125	962.855
-30	0	-83.75	955.295
-29.375	0	-84.375	946.601
-28.75	0	-85	937.45
-28.125	0	-85.625	925.05
-27.5	0	-86.25	910.444
-26.875	0	-86.875	893.406
-26.25	0	-87.5	873.005
-25.625	0	-88.125	849.729
-25	0	-88.75	824.549
-24.375	0	-89.375	796.811
-23.75	0	-90	767.813
-23.125	0	-90.625	737.52
-22.5	0	-91.25	707.254
-21.875	0	-91.875	678.461
-21.25	0	-92.5	650.449
-20.625	0	-93.125	626.371
-20	0	-93.75	607.444
-19.375	0	-94.375	594.382
-18.75	0	-95	586.837
-18.125	0	-95.625	586.104
-17.5	0	-96.25	591.16
-16.875	0	-96.875	600.592
-16.25	0	-97.5	613.637
-15.625	0	-98.125	629.039
-15	0	-98.75	645.714
-14.375	0	-99.375	662.779
-13.75	0	-100	679.553
-13.125	0	-100.625	695.34
-12.5	0	-101.25	710.19
-11.875	0	-101.875	724.068
-11.25	0	-102.5	736.567
-10.625	0	-103.125	748.072
-10	0	-103.75	758.504
-9.375	0	-104.375	767.855
-8.75	0	-105	776.416
-8.125	0	-105.625	784.17
-7.5	0	-106.25	791.128
-6.875	0	-106.875	797.598
-6.25	0	-107.5	803.462
-5.625	0	-108.125	808.763
-5	0	-108.75	813.664
-4.375	0	-109.375	818.126
-3.75	0	-110	822.158
-3.125	0	-110.625	825.81
-2.5	0	-111.25	829.154
-1.875	0	-111.875	832.219
-1.25	0	-112.5	834.982
-0.625	0	-113.125	837.659
0	0	-113.75	839.956
0.625	0	-114.375	842.106
1.25	0	-115	844.216
1.875	0	-115.625	846.106
2.5	0	-116.25	848.043
3.125	0	-116.875	849.733
3.75	0	-117.5	851.341
4.375	0	-118.125	852.77
5	0	-118.75	854.218
5.625	0	-119.375	855.424
6.25	0	-120	856.743
6.875	0	-120.625	857.963
7.5	0	-121.25	859.124
8.125	0	-121.875	860.214
8.75	0	-122.5	861.289
9.375	0	-123.125	862.235
10	0	-123.75	862.977
10.625	0	-124.375	864.4
11.25	0	-125	865.189
11.875	0	-125.625	866.268
12.5	0	-126.25	867.011
13.125	0	-126.875	867.315
13.75	0	-127.5	868.127
14.375	0	-128.125	868.464
15	0	-128.75	869.394
15.625	0	-129.375	869.77
16.25	0	-130	870.827
16.875	0	-130.625	871.405
17.5	0	-131.25	872.137
18.125	0	-131.875	871.798
18.75	0	-132.5	872.448
19.375	0	-133.125	872.371
20	0	-133.75	871.378
20.625	0	-134.375	869.36
21.25	0	-135	869.081
-32.5	0	-80	1007.32
-31.875	0	-80.625	984.256
-31.25	0	-81.25	985.155
-30.625	0	-81.875	976.764
-30	0	-82.5	969.396
-29.375	0	-83.125	960.441
-28.75	0	-83.75	950.927
-28.125	0	-84.375	941.875
-27.5	0	-85	929.891
-26.875	0	-85.625	915.895
-26.25	0	-86.25	899.468
-25.625	0	-86.875	879.44
-25	0	-87.5	856.316
-24.375	0	-88.125	831.053
-23.75	0	-88.75	802.948
-23.125	0	-89.375	773.37
-22.5	0	-90	742.263
-21.875	0	-90.625	711.016
-21.25	0	-91.25	681.114
-20.625	0	-91.875	651.846
-20	0	-92.5	626.508
-19.375	0	-93.125	606.375
-18.75	0	-93.75	592.212
-18.125	0	-94.375	583.687
-17.5	0	-95	582.172
-16.875	0	-95.625	586.634
-16.25	0	-96.25	595.629
-15.625	0	-96.875	608.387
-15	0	-97.5	623.628
-14.375	0	-98.125	640.244
-13.75	0	-98.75	657.326
-13.125	0	-99.375	674.169
-12.5	0	-100	690.059
-11.875	0	-100.625	705.04
-11.25	0	-101.25	719.066
-10.625	0	-101.875	731.721
-10	0	-102.5	743.39
-9.375	0	-103.125	753.987
-8.75	0	-103.75	763.504
-8.125	0	-104.375	772.229
-7.5	0	-105	780.143
-6.875	0	-105.625	787.257
-6.25	0	-106.25	793.878
-5.625	0	-106.875	799.887
-5	0	-107.5	805.329
-4.375	0	-108.125	810.365
-3.75	0	-108.75	814.955
-3.125	0	-109.375	819.109
-2.5	0	-110	822.878
-1.875	0	-110.625	826.332
-1.25	0	-111.25	829.502
-0.625	0	-111.875	832.365
0	0	-112.5	835.137
0.625	0	-113.125	837.523
1.25	0	-113.75	839.759
1.875	0	-114.375	841.95
2.5	0	-115	843.915
3.125	0	-115.625	845.925
3.75	0	-116.25	847.683
4.375	0	-116.875	849.354
5	0	-117.5	850.844
5.625	0	-118.125	852.349
6.25	0	-118.75	853.608
6.875	0	-119.375	854.977
7.5	0	-120	856.244
8.125	0	-120.625	857.449
8.75	0	-121.25	858.581
9.375	0	-121.875	859.695
10	0	-122.5	860.678
10.625	0	-123.125	861.455
11.25	0	-123.75	862.912
11.875	0	-124.375	863.731
12.5	0	-125	864.839
13.125	0	-125.625	865.609
13.75	0	-126.25	865.938
14.375	0	-126.875	866.772
15	0	-127.5	867.131
15.625	0	-128.125	868.081
16.25	0	-128.75	868.476
16.875	0	-129.375	869.549
17.5	0	-130	870.143
18.125	0	-130.625	870.889
18.75	0	-131.25	870.564
19.375	0	-131.875	871.228
20	0	-132.5	871.164
20.625	0	-133.125	870.185
21.25	0	-133.75	868.181
21.875	0	-134.375	867.914
-31.25	0	-80	985.839
-30.625	0	-80.625	982.972
-30	0	-81.25	981.247
-29.375	0	-81.875	976.326
-28.75	0	-82.5	966.409
-28.125	0	-83.125	955.475
-27.5	0	-83.75	946.004
-26.875	0	-84.375	934.111
-26.25	0	-85	920.641
-25.625	0	-85.625	904.912
-25	0	-86.25	885.404
-24.375	0	-86.875	862.612
-23.75	0	-87.5	837.441
-23.125	0	-88.125	809.11
-22.5	0	-88.75	779.06
-21.875	0	-89.375	747.205
-21.25	0	-90	715.007
-20.625	0	-90.625	683.989
-20	0	-91.25	653.425
-19.375	0	-91.875	626.763
-18.75	0	-92.5	605.35
-18.125	0	-93.125	590.004
-17.5	0	-93.75	580.418
-16.875	0	-94.375	578.048
-16.25	0	-95	581.855
-15.625	0	-95.625	590.361
-15	0	-96.25	602.792
-14.375	0	-96.875	617.842
-13.75	0	-97.5	634.375
-13.125	0	-98.125	651.458
-12.5	0	-98.75	668.359
-11.875	0	-99.375	684.345
-11.25	0	-100	699.454
-10.625	0	-100.625	713.626
-10	0	-101.25	726.438
-9.375	0	-101.875	738.272
-8.75	0	-102.5	749.037
-8.125	0	-103.125	758.722
-7.5	0	-103.75	767.615
-6.875	0	-104.375	775.694
-6.25	0	-105	782.97
-5.625	0	-105.625	789.747
-5	0	-106.25	795.908
-4.375	0	-106.875	801.495
-3.75	0	-107.5	806.671
-3.125	0	-108.125	811.395
-2.5	0	-108.75	815.677
-1.875	0	-109.375	819.569
-1.25	0	-110	823.139
-0.625	0	-110.625	826.421
0	0	-111.25	829.389
0.625	0	-111.875	832.261
1.25	0	-112.5	834.742
1.875	0	-113.125	837.068
2.5	0	-113.75	839.345
3.125	0	-114.375	841.391
3.75	0	-115	843.477
4.375	0	-115.625	845.308
5	0	-116.25	847.047
5.625	0	-116.875	848.602
6.25	0	-117.5	850.167
6.875	0	-118.125	851.484
7.5	0	-118.75	852.907
8.125	0	-119.375	854.224
8.75	0	-120	855.478
9.375	0	-120.625	856.655
10	0	-121.25	857.812
10.625	0	-121.875	858.835
11.25	0	-122.5	859.65
11.875	0	-123.125	861.142
12.5	0	-123.75	861.995
13.125	0	-124.375	863.135
13.75	0	-125	863.934
14.375	0	-125.625	864.291
15	0	-126.25	865.151
15.625	0	-126.875	865.534
16.25	0	-127.5	866.506
16.875	0	-128.125	866.922
17.5	0	-128.75	868.014
18.125	0	-129.375	868.626
18.75	0	-130	869.388
19.375	0	-130.625	869.08
20	0	-131.25	869.758
20.625	0	-131.875	869.709
21.25	0	-132.5	868.745
21.875	0	-133.125	866.759
22.5	0	-133.75	866.506
-30	0	-80	1001.47
-29.375	0	-80.625	980.604
-28.75	0	-81.25	982.981
-28.125	0	-81.875	974.745
-27.5	0	-82.5	962.238
-26.875	0	-83.125	951.617
-26.25	0	-83.75	939.088
-25.625	0	-84.375	925.714
-25	0	-85	910.54
-24.375	0	-85.625	891.543
-23.75	0	-86.25	869.171
-23.125	0	-86.875	844.213
-22.5	0	-87.5	815.767
-21.875	0	-88.125	785.334
-21.25	0	-88.75	752.777
-20.625	0	-89.375	719.637
-20	0	-90	687.473
-19.375	0	-90.625	655.543
-18.75	0	-91.25	627.467
-18.125	0	-91.875	604.668
-17.5	0	-92.5	588.032
-16.875	0	-93.125	577.278
-16.25	0	-93.75	573.963
-15.625	0	-94.375	577.038
-15	0	-95	584.992
-14.375	0	-95.625	597.048
-13.75	0	-96.25	611.871
-13.125	0	-96.875	628.296
-12.5	0	-97.5	645.366
-11.875	0	-98.125	662.314
-11.25	0	-98.75	678.39
-10.625	0	-99.375	693.623
-10	0	-100	707.941
-9.375	0	-100.625	720.911
-8.75	0	-101.25	732.913
-8.125	0	-101.875	743.85
-7.5	0	-102.5	753.708
-6.875	0	-103.125	762.774
-6.25	0	-103.75	771.023
-5.625	0	-104.375	778.466
-5	0	-105	785.405
-4.375	0	-105.625	791.723
-3.75	0	-106.25	797.462
-3.125	0	-106.875	802.784
-2.5	0	-107.5	807.648
-1.875	0	-108.125	812.064
-1.25	0	-108.75	816.084
-0.625	0	-109.375	819.777
0	0	-110	823.175
0.625	0	-110.625	826.254
1.25	0	-111.25	829.232
1.875	0	-111.875	831.813
2.5	0	-112.5	834.234
3.125	0	-113.125	836.601
3.75	0	-113.75	838.733
4.375	0	-114.375	840.9
5	0	-115	842.807
5.625	0	-115.625	844.62
6.25	0	-116.25	846.243
6.875	0	-116.875	847.873
7.5	0	-117.5	849.251
8.125	0	-118.125	850.731
8.75	0	-118.75	852.103
9.375	0	-119.375	853.408
10	0	-120	854.634
10.625	0	-120.625	855.836
11.25	0	-121.25	856.902
11.875	0	-121.875	857.759
12.5	0	-122.5	859.29
13.125	0	-123.125	860.179
13.75	0	-123.75	861.352
14.375	0	-124.375	862.183
15	0	-125	862.571
15.625	0	-125.625	863.459
16.25	0	-126.25	863.868
16.875	0	-126.875	864.864
17.5	0	-127.5	865.302
18.125	0	-128.125	866.415
18.75	0	-128.75	867.046
19.375	0	-129.375	867.827
20	0	-130	867.537
20.625	0	-130.625	868.232
21.25	0	-131.25	868.199
21.875	0	-131.875	867.253
22.5	0	-132.5	865.285
23.125	0	-133.125	865.046
-28.75	0	-80	980.485
-28.125	0	-80.625	980.486
-27.5	0	-81.25	980.801
-26.875	0	-81.875	969.476
-26.25	0	-82.5	958.143
-25.625	0	-83.125	944.439
-25	0	-83.75	930.634
-24.375	0	-84.375	915.762
-23.75	0	-85	897.193
-23.125	0	-85.625	875.318
-22.5	0	-86.25	850.725
-21.875	0	-86.875	822.324
-21.25	0	-87.5	791.66
-20.625	0	-88.125	758.516
-20	0	-88.75	724.506
-19.375	0	-89.375	691.223
-18.75	0	-90	657.903
-18.125	0	-90.625	628.357
-17.5	0	-91.25	604.096
-16.875	0	-91.875	586.081
-16.25	0	-92.5	574.066
-15.625	0	-93.125	569.718
-15	0	-93.75	571.987
-14.375	0	-94.375	579.327
-13.75	0	-95	590.955
-13.125	0	-95.625	605.513
-12.5	0	-96.25	621.802
-11.875	0	-96.875	638.836
-11.25	0	-97.5	655.817
-10.625	0	-98.125	671.974
-10	0	-98.75	687.325
-9.375	0	-99.375	701.786
-8.75	0	-100	714.912
-8.125	0	-100.625	727.083
-7.5	0	-101.25	738.194
-6.875	0	-101.875	748.227
-6.25	0	-102.5	757.47
-5.625	0	-103.125	765.894
-5	0	-103.75	773.509
-4.375	0	-104.375	780.616
-3.75	0	-105	787.097
-3.125	0	-105.625	792.993
-2.5	0	-106.25	798.467
-1.875	0	-106.875	803.477
-1.25	0	-107.5	808.032
-0.625	0	-108.125	812.186
0	0	-108.75	816.008
0.625	0	-109.375	819.528
1.25	0	-110	822.724
1.875	0	-110.625	825.813
2.5	0	-111.25	828.5
3.125	0	-111.875	831.022
3.75	0	-112.5	833.484
4.375	0	-113.125	835.707
5	0	-113.75	837.961
5.625	0	-114.375	839.95
6.25	0	-115	841.84
6.875	0	-115.625	843.537
7.5	0	-116.25	845.236
8.125	0	-116.875	846.68
8.75	0	-117.5	848.221
9.375	0	-118.125	849.652
10	0	-118.75	851.012
10.625	0	-119.375	852.29
11.25	0	-120	853.542
11.875	0	-120.625	854.655
12.5	0	-121.25	855.556
13.125	0	-121.875	857.129
13.75	0	-122.5	858.057
14.375	0	-123.125	859.268
15	0	-123.75	860.134
15.625	0	-124.375	860.554
16.25	0	-125	861.473
16.875	0	-125.625	861.911
17.5	0	-126.25	862.934
18.125	0	-126.875	863.397
18.75	0	-127.5	864.533
19.375	0	-128.125	865.186
20	0	-128.75	865.987
20.625	0	-129.375	865.718
21.25	0	-130	866.431
21.875	0	-130.625	866.417
22.5	0	-131.25	865.49
23.125	0	-131.875	863.544
23.75	0	-132.5	863.322
-27.5	0	-80	993.706
-26.875	0	-80.625	982.88
-26.25	0	-81.25	976.524
-25.625	0	-81.875	967.102
-25	0	-82.5	952.225
-24.375	0	-83.125	937.236
-23.75	0	-83.75	922.052
-23.125	0	-84.375	903.479
-22.5	0	-85	881.938
-21.875	0	-85.625	857.707
-21.25	0	-86.25	829.415
-20.625	0	-86.875	798.617
-20	0	-87.5	764.957
-19.375	0	-88.125	730.121
-18.75	0	-88.75	695.714
-18.125	0	-89.375	660.945
-17.5	0	-90	629.84
-16.875	0	-90.625	604.003
-16.25	0	-91.25	584.486
-15.625	0	-91.875	571.085
-15	0	-92.5	565.593
-14.375	0	-93.125	566.961
-13.75	0	-93.75	573.607
-13.125	0	-94.375	584.747
-12.5	0	-95	598.993
-11.875	0	-95.625	615.114
-11.25	0	-96.25	632.092
-10.625	0	-96.875	649.091
-10	0	-97.5	665.318
-9.375	0	-98.125	680.782
-8.75	0	-98.75	695.383
-8.125	0	-99.375	708.666
-7.5	0	-100	721.007
-6.875	0	-100.625	732.294
-6.25	0	-101.25	742.508
-5.625	0	-101.875	751.932
-5	0	-102.5	760.536
-4.375	0	-103.125	768.327
-3.75	0	-103.75	775.607
-3.125	0	-104.375	782.257
-2.5	0	-105	788.317
-1.875	0	-105.625	793.949
-1.25	0	-106.25	799.111
-0.625	0	-106.875	803.812
0	0	-107.5	808.106
0.625	0	-108.125	812.062
1.25	0	-108.75	815.71
1.875	0	-109.375	819.029
2.5	0	-110	822.235
3.125	0	-110.625	825.033
3.75	0	-111.25	827.661
4.375	0	-111.875	830.224
5	0	-112.5	832.543
5.625	0	-113.125	834.888
6.25	0	-113.75	836.964
6.875	0	-114.375	838.936
7.5	0	-115	840.711
8.125	0	-115.625	842.484
8.75	0	-116.25	843.997
9.375	0	-116.875	845.604
10	0	-117.5	847.097
10.625	0	-118.125	848.516
11.25	0	-118.75	849.85
11.875	0	-119.375	851.154
12.5	0	-120	852.317
13.125	0	-120.625	853.266
13.75	0	-121.25	854.884
14.375	0	-121.875	855.855
15	0	-122.5	857.105
15.625	0	-123.125	858.008
16.25	0	-123.75	858.465
16.875	0	-124.375	859.416
17.5	0	-125	859.886
18.125	0	-125.625	860.937
18.75	0	-126.25	861.429
19.375	0	-126.875	862.589
20	0	-127.5	863.267
20.625	0	-128.125	864.09
21.25	0	-128.75	863.843
21.875	0	-129.375	864.576
22.5	0	-130	864.582
23.125	0	-130.625	863.677
23.75	0	-131.25	861.754
24.375	0	-131.875	861.551
-26.25	0	-80	995.56
-25.625	0	-80.625	977.816
-25	0	-81.25	973.762
-24.375	0	-81.875	960.251
-23.75	0	-82.5	944.301
-23.125	0	-83.125	928.394
-22.5	0	-83.75	909.299
-21.875	0	-84.375	887.848
-21.25	0	-85	863.955
-20.625	0	-85.625	835.87
-20	0	-86.25	805.109
-19.375	0	-86.875	771.106
-18.75	0	-87.5	735.594
-18.125	0	-88.125	700.162
-17.5	0	-88.75	663.983
-16.875	0	-89.375	631.31
-16.25	0	-90	603.852
-15.625	0	-90.625	582.761
-15	0	-91.25	567.887
-14.375	0	-91.875	561.164
-13.75	0	-92.5	561.551
-13.125	0	-93.125	567.432
-12.5	0	-93.75	578.025
-11.875	0	-94.375	591.911
-11.25	0	-95	607.826
-10.625	0	-95.625	624.72
-10	0	-96.25	641.716
-9.375	0	-96.875	657.997
-8.75	0	-97.5	673.564
-8.125	0	-98.125	688.298
-7.5	0	-98.75	701.732
-6.875	0	-99.375	714.241
-6.25	0	-100	725.705
-5.625	0	-100.625	736.099
-5	0	-101.25	745.706
-4.375	0	-101.875	754.493
-3.75	0	-102.5	762.466
-3.125	0	-103.125	769.924
-2.5	0	-103.75	776.748
-1.875	0	-104.375	782.976
-1.25	0	-105	788.772
-0.625	0	-105.625	794.092
0	0	-106.25	798.945
0.625	0	-106.875	803.386
1.25	0	-107.5	807.482
1.875	0	-108.125	811.264
2.5	0	-108.75	814.712
3.125	0	-109.375	818.042
3.75	0	-110	820.957
4.375	0	-110.625	823.697
5	0	-111.25	826.367
5.625	0	-111.875	828.788
6.25	0	-112.5	831.23
6.875	0	-113.125	833.398
7.5	0	-113.75	835.457
8.125	0	-114.375	837.316
8.75	0	-115	839.167
9.375	0	-115.625	840.755
10	0	-116.25	842.433
10.625	0	-116.875	843.993
11.25	0	-117.5	845.475
11.875	0	-118.125	846.87
12.5	0	-118.75	848.232
13.125	0	-119.375	849.449
13.75	0	-120	850.45
14.375	0	-120.625	852.116
15	0	-121.25	853.133
15.625	0	-121.875	854.427
16.25	0	-122.5	855.372
16.875	0	-123.125	855.868
17.5	0	-123.75	856.856
18.125	0	-124.375	857.361
18.75	0	-125	858.444
19.375	0	-125.625	858.966
20	0	-126.25	860.155
20.625	0	-126.875	860.859
21.25	0	-127.5	861.706
21.875	0	-128.125	861.485
22.5	0	-128.75	862.242
23.125	0	-129.375	862.271
23.75	0	-130	861.391
24.375	0	-130.625	859.494
25	0	-131.25	859.312
-25	0	-80	959.167
-24.375	0	-80.625	974.546
-23.75	0	-81.25	968.018
-23.125	0	-81.875	953.602
-22.5	0	-82.5	937.252
-21.875	0	-83.125	916.903
-21.25	0	-83.75	894.921
-20.625	0	-84.375	871.001
-20	0	-85	842.959
-19.375	0	-85.625	812.237
-18.75	0	-86.25	777.938
-18.125	0	-86.875	741.816
-17.5	0	-87.5	705.389
-16.875	0	-88.125	667.767
-16.25	0	-88.75	633.452
-15.625	0	-89.375	604.267
-15	0	-90	581.475
-14.375	0	-90.625	564.99
-13.75	0	-91.25	556.91
-13.125	0	-91.875	556.206
-12.5	0	-92.5	561.227
-11.875	0	-93.125	571.197
-11.25	0	-93.75	584.667
-10.625	0	-94.375	600.334
-10	0	-95	617.115
-9.375	0	-95.625	634.088
-8.75	0	-96.25	650.41
-8.125	0	-96.875	666.071
-7.5	0	-97.5	680.934
-6.875	0	-98.125	694.517
-6.25	0	-98.75	707.194
-5.625	0	-99.375	718.836
-5	0	-100	729.413
-4.375	0	-100.625	739.208
-3.75	0	-101.25	748.183
-3.125	0	-101.875	756.341
-2.5	0	-102.5	763.983
-1.875	0	-103.125	770.986
-1.25	0	-103.75	777.389
-0.625	0	-104.375	783.355
0	0	-105	788.839
0.625	0	-105.625	793.85
1.25	0	-106.25	798.443
1.875	0	-106.875	802.686
2.5	0	-107.5	806.609
3.125	0	-108.125	810.192
3.75	0	-108.75	813.65
4.375	0	-109.375	816.689
5	0	-110	819.547
5.625	0	-110.625	822.33
6.25	0	-111.25	824.858
6.875	0	-111.875	827.402
7.5	0	-112.5	829.667
8.125	0	-113.125	831.82
8.75	0	-113.75	833.767
9.375	0	-114.375	835.701
10	0	-115	837.369
10.625	0	-115.625	839.121
11.25	0	-116.25	840.752
11.875	0	-116.875	842.303
12.5	0	-117.5	843.762
13.125	0	-118.125	845.185
13.75	0	-118.75	846.461
14.375	0	-119.375	847.517
15	0	-120	849.235
15.625	0	-120.625	850.302
16.25	0	-121.25	851.642
16.875	0	-121.875	852.631
17.5	0	-122.5	853.17
18.125	0	-123.125	854.197
18.75	0	-123.75	854.74
19.375	0	-124.375	855.857
20	0	-125	856.413
20.625	0	-125.625	857.631
21.25	0	-126.25	858.365
21.875	0	-126.875	859.24
22.5	0	-127.5	859.047
23.125	0	-128.125	859.828
23.75	0	-128.75	859.883
24.375	0	-129.375	859.029
25	0	-130	857.161
25.625	0	-130.625	857.002
-23.75	0	-80	1021.58
-23.125	0	-80.625	970.551
-22.5	0	-81.25	962.104
-21.875	0	-81.875	948.289
-21.25	0	-82.5	926.668
-20.625	0	-83.125	903.498
-20	0	-83.75	878.955
-19.375	0	-84.375	850.575
-18.75	0	-85	819.767
-18.125	0	-85.625	785.168
-17.5	0	-86.25	748.502
-16.875	0	-86.875	711.128
-16.25	0	-87.5	672.059
-15.625	0	-88.125	636.058
-15	0	-88.75	605.06
-14.375	0	-89.375	580.452
-13.75	0	-90	562.225
-13.125	0	-90.625	552.661
-12.5	0	-91.25	550.752
-11.875	0	-91.875	554.813
-11.25	0	-92.5	564.077
-10.625	0	-93.125	577.066
-10	0	-93.75	592.436
-9.375	0	-94.375	609.068
-8.75	0	-95	625.992
-8.125	0	-95.625	642.334
-7.5	0	-96.25	658.076
-6.875	0	-96.875	673.058
-6.25	0	-97.5	686.784
-5.625	0	-98.125	699.627
-5	0	-98.75	711.445
-4.375	0	-99.375	722.206
-3.75	0	-100	732.19
-3.125	0	-100.625	741.355
-2.5	0	-101.25	749.704
-1.875	0	-101.875	757.532
-1.25	0	-102.5	764.72
-0.625	0	-103.125	771.303
0	0	-103.75	777.445
0.625	0	-104.375	783.099
1.25	0	-105	788.273
1.875	0	-105.625	793.025
2.5	0	-106.25	797.421
3.125	0	-106.875	801.491
3.75	0	-107.5	805.214
4.375	0	-108.125	808.809
5	0	-108.75	811.976
5.625	0	-109.375	814.958
6.25	0	-110	817.86
6.875	0	-110.625	820.501
7.5	0	-111.25	823.153
8.125	0	-111.875	825.521
8.75	0	-112.5	827.772
9.375	0	-113.125	829.813
10	0	-113.75	831.836
10.625	0	-114.375	833.588
11.25	0	-115	835.42
11.875	0	-115.625	837.127
12.5	0	-116.25	838.75
13.125	0	-116.875	840.279
13.75	0	-117.5	841.767
14.375	0	-118.125	843.105
15	0	-118.75	844.221
15.625	0	-119.375	845.994
16.25	0	-120	847.115
16.875	0	-120.625	848.505
17.5	0	-121.25	849.542
18.125	0	-121.875	850.128
18.75	0	-122.5	851.197
19.375	0	-123.125	851.782
20	0	-123.75	852.936
20.625	0	-124.375	853.528
21.25	0	-125	854.779
21.875	0	-125.625	855.545
22.5	0	-126.25	856.45
23.125	0	-126.875	856.288
23.75	0	-127.5	857.096
24.375	0	-128.125	857.179
25	0	-128.75	856.355
25.625	0	-129.375	854.519
26.25	0	-130	854.386
-22.5	0	-80	986.243
-21.875	0	-80.625	968.227
-21.25	0	-81.25	960.83
-20.625	0	-81.875	939.443
-20	0	-82.5	914.844
-19.375	0	-83.125	888.853
-18.75	0	-83.75	859.367
-18.125	0	-84.375	828.061
-17.5	0	-85	792.962
-16.875	0	-85.625	755.723
-16.25	0	-86.25	717.403
-15.625	0	-86.875	676.858
-15	0	-87.5	639.115
-14.375	0	-88.125	606.211
-13.75	0	-88.75	579.663
-13.125	0	-89.375	559.551
-12.5	0	-90	548.362
-11.875	0	-90.625	545.118
-11.25	0	-91.25	548.103
-10.625	0	-91.875	556.564
-10	0	-92.5	568.994
-9.375	0	-93.125	584.008
-8.75	0	-93.75	600.445
-8.125	0	-94.375	617.285
-7.5	0	-95	633.622
-6.875	0	-95.625	649.425
-6.25	0	-96.25	664.511
-5.625	0	-96.875	678.37
-5	0	-97.5	691.37
-4.375	0	-98.125	703.36
-3.75	0	-98.75	714.303
-3.125	0	-99.375	724.475
-2.5	0	-100	733.831
-1.875	0	-100.625	742.372
-1.25	0	-101.25	750.39
-0.625	0	-101.875	757.766
0	0	-102.5	764.533
0.625	0	-103.125	770.854
1.25	0	-103.75	776.683
1.875	0	-104.375	782.026
2.5	0	-105	786.943
3.125	0	-105.625	791.497
3.75	0	-106.25	795.719
4.375	0	-106.875	799.59
5	0	-107.5	803.325
5.625	0	-108.125	806.628
6.25	0	-108.75	809.74
6.875	0	-109.375	812.766
7.5	0	-110	815.527
8.125	0	-110.625	818.291
8.75	0	-111.25	820.768
9.375	0	-111.875	823.123
10	0	-112.5	825.263
10.625	0	-113.125	827.38
11.25	0	-113.75	829.222
11.875	0	-114.375	831.139
12.5	0	-115	832.927
13.125	0	-115.625	834.628
13.75	0	-116.25	836.23
14.375	0	-116.875	837.788
15	0	-117.5	839.193
15.625	0	-118.125	840.373
16.25	0	-118.75	842.206
16.875	0	-119.375	843.384
17.5	0	-120	844.829
18.125	0	-120.625	845.918
18.75	0	-121.25	846.553
19.375	0	-121.875	847.67
20	0	-122.5	848.299
20.625	0	-123.125	849.494
21.25	0	-123.75	850.126
21.875	0	-124.375	851.413
22.5	0	-125	852.214
23.125	0	-125.625	853.151
23.75	0	-126.25	853.024
24.375	0	-126.875	853.863
25	0	-127.5	853.976
25.625	0	-128.125	853.185
26.25	0	-128.75	851.385
26.875	0	-129.375	851.281
-21.25	0	-80	963.346
-20.625	0	-80.625	975.909
-20	0	-81.25	956.292
-19.375	0	-81.875	931.659
-18.75	0	-82.5	903.74
-18.125	0	-83.125	872.003
-17.5	0	-83.75	839.318
-16.875	0	-84.375	803.107
-16.25	0	-85	764.975
-15.625	0	-85.625	725.493
-15	0	-86.25	683.261
-14.375	0	-86.875	643.58
-13.75	0	-87.5	608.558
-13.125	0	-88.125	579.842
-12.5	0	-88.75	557.61
-11.875	0	-89.375	544.582
-11.25	0	-90	539.819
-10.625	0	-90.625	541.566
-10	0	-91.25	549.096
-9.375	0	-91.875	560.867
-8.75	0	-92.5	575.448
-8.125	0	-93.125	591.637
-7.5	0	-93.75	608.351
-6.875	0	-94.375	624.652
-6.25	0	-95	640.494
-5.625	0	-95.625	655.669
-5	0	-96.25	669.65
-4.375	0	-96.875	682.801
-3.75	0	-97.5	694.958
-3.125	0	-98.125	706.08
-2.5	0	-98.75	716.439
-1.875	0	-99.375	725.987
-1.25	0	-100	734.721
-0.625	0	-100.625	742.932
0	0	-101.25	750.498
0.625	0	-101.875	757.453
1.25	0	-102.5	763.958
1.875	0	-103.125	769.966
2.5	0	-103.75	775.483
3.125	0	-104.375	780.568
3.75	0	-105	785.286
4.375	0	-105.625	789.666
5	0	-106.25	793.689
5.625	0	-106.875	797.57
6.25	0	-107.5	801.014
6.875	0	-108.125	804.261
7.5	0	-108.75	807.416
8.125	0	-109.375	810.301
8.75	0	-110	813.185
9.375	0	-110.625	815.775
10	0	-111.25	818.238
10.625	0	-111.875	820.482
11.25	0	-112.5	822.698
11.875	0	-113.125	824.635
12.5	0	-113.75	826.641
13.125	0	-114.375	828.515
13.75	0	-115	830.296
14.375	0	-115.625	831.976
15	0	-116.25	833.609
15.625	0	-116.875	835.084
16.25	0	-117.5	836.332
16.875	0	-118.125	838.228
17.5	0	-118.75	839.468
18.125	0	-119.375	840.97
18.75	0	-120	842.113
19.375	0	-120.625	842.803
20	0	-121.25	843.968
20.625	0	-121.875	844.645
21.25	0	-122.5	845.883
21.875	0	-123.125	846.559
22.5	0	-123.75	847.884
23.125	0	-124.375	848.723
23.75	0	-125	849.695
24.375	0	-125.625	849.604
25	0	-126.25	850.476
25.625	0	-126.875	850.623
26.25	0	-127.5	849.867
26.875	0	-128.125	848.106
27.5	0	-128.75	848.032
-20	0	-80	972.273
-19.375	0	-80.625	967.548
-18.75	0	-81.25	948.363
-18.125	0	-81.875	921.473
-17.5	0	-82.5	887.649
-16.875	0	-83.125	853.047
-16.25	0	-83.75	815.124
-15.625	0	-84.375	775.768
-15	0	-85	734.91
-14.375	0	-85.625	690.803
-13.75	0	-86.25	649.025
-13.125	0	-86.875	611.717
-12.5	0	-87.5	580.641
-11.875	0	-88.125	556.083
-11.25	0	-88.75	541.019
-10.625	0	-89.375	534.556
-10	0	-90	534.907
-9.375	0	-90.625	541.371
-8.75	0	-91.25	552.375
-8.125	0	-91.875	566.441
-7.5	0	-92.5	582.319
-6.875	0	-93.125	598.859
-6.25	0	-93.75	615.086
-5.625	0	-94.375	630.94
-5	0	-95	646.183
-4.375	0	-95.625	660.269
-3.75	0	-96.25	673.559
-3.125	0	-96.875	685.875
-2.5	0	-97.5	697.169
-1.875	0	-98.125	707.713
-1.25	0	-98.75	717.45
-0.625	0	-99.375	726.377
0	0	-100	734.781
0.625	0	-100.625	742.54
1.25	0	-101.25	749.685
1.875	0	-101.875	756.377
2.5	0	-102.5	762.568
3.125	0	-103.125	768.262
3.75	0	-103.75	773.521
4.375	0	-104.375	778.407
5	0	-105	782.95
5.625	0	-105.625	787.13
6.25	0	-106.25	791.164
6.875	0	-106.875	794.753
7.5	0	-107.5	798.141
8.125	0	-108.125	801.431
8.75	0	-108.75	804.446
9.375	0	-109.375	807.454
10	0	-110	810.164
10.625	0	-110.625	812.741
11.25	0	-111.25	815.094
11.875	0	-111.875	817.414
12.5	0	-112.5	819.45
13.125	0	-113.125	821.551
13.75	0	-113.75	823.515
14.375	0	-114.375	825.383
15	0	-115	827.145
15.625	0	-115.625	828.856
16.25	0	-116.25	830.407
16.875	0	-116.875	831.727
17.5	0	-117.5	833.69
18.125	0	-118.125	834.996
18.75	0	-118.75	836.559
19.375	0	-119.375	837.761
20	0	-120	838.509
20.625	0	-120.625	839.727
21.25	0	-121.25	840.456
21.875	0	-121.875	841.741
22.5	0	-122.5	842.463
23.125	0	-123.125	843.829
23.75	0	-123.75	844.709
24.375	0	-124.375	845.72
25	0	-125	845.67
25.625	0	-125.625	846.577
26.25	0	-126.25	846.76
26.875	0	-126.875	846.044
27.5	0	-127.5	844.324
28.125	0	-128.125	844.285
-18.75	0	-80	995.039
-18.125	0	-80.625	965.149
-17.5	0	-81.25	941.213
-16.875	0	-81.875	907.203
-16.25	0	-82.5	870.707
-15.625	0	-83.125	830.331
-15	0	-83.75	789.163
-14.375	0	-84.375	746.462
-13.75	0	-85	700.088
-13.125	0	-85.625	655.921
-12.5	0	-86.25	616.059
-11.875	0	-86.875	582.358
-11.25	0	-87.5	555.206
-10.625	0	-88.125	537.861
-10	0	-88.75	529.481
-9.375	0	-89.375	528.244
-8.75	0	-90	533.482
-8.125	0	-90.625	543.592
-7.5	0	-91.25	557.043
-6.875	0	-91.875	572.534
-6.25	0	-92.5	588.842
-5.625	0	-93.125	604.95
-5	0	-93.75	620.781
-4.375	0	-94.375	636.065
-3.75	0	-95	650.236
-3.125	0	-95.625	663.649
-2.5	0	-96.25	676.111
-1.875	0	-96.875	687.57
-1.25	0	-97.5	698.291
-0.625	0	-98.125	708.214
0	0	-98.75	717.332
0.625	0	-99.375	725.927
1.25	0	-100	733.879
1.875	0	-100.625	741.216
2.5	0	-101.25	748.097
3.125	0	-101.875	754.473
3.75	0	-102.5	760.347
4.375	0	-103.125	765.784
5	0	-103.75	770.842
5.625	0	-104.375	775.552
6.25	0	-105	779.895
6.875	0	-105.625	784.085
7.5	0	-106.25	787.826
8.125	0	-106.875	791.36
8.75	0	-107.5	794.79
9.375	0	-108.125	797.94
10	0	-108.75	801.076
10.625	0	-109.375	803.911
11.25	0	-110	806.607
11.875	0	-110.625	809.075
12.5	0	-111.25	811.504
13.125	0	-111.875	813.645
13.75	0	-112.5	815.845
14.375	0	-113.125	817.905
15	0	-113.75	819.864
15.625	0	-114.375	821.714
16.25	0	-115	823.508
16.875	0	-115.625	825.138
17.5	0	-116.25	826.536
18.125	0	-116.875	828.569
18.75	0	-117.5	829.945
19.375	0	-118.125	831.573
20	0	-118.75	832.838
20.625	0	-119.375	833.648
21.25	0	-120	834.923
21.875	0	-120.625	835.707
22.5	0	-121.25	837.043
23.125	0	-121.875	837.814
23.75	0	-122.5	839.226
24.375	0	-123.125	840.15
25	0	-123.75	841.201
25.625	0	-124.375	841.196
26.25	0	-125	842.141
26.875	0	-125.625	842.364
27.5	0	-126.25	841.691
28.125	0	-126.875	840.018
28.75	0	-127.5	840.015
-17.5	0	-80	985.838
-16.875	0	-80.625	952.926
-16.25	0	-81.25	925.55
-15.625	0	-81.875	890.696
-15	0	-82.5	848.593
-14.375	0	-83.125	805.488
-13.75	0	-83.75	760.555
-13.125	0	-84.375	711.468
-12.5	0	-85	664.562
-11.875	0	-85.625	621.833
-11.25	0	-86.25	585.195
-10.625	0	-86.875	555.149
-10	0	-87.5	535.248
-9.375	0	-88.125	524.709
-8.75	0	-88.75	521.667
-8.125	0	-89.375	525.501
-7.5	0	-90	534.574
-6.875	0	-90.625	547.299
-6.25	0	-91.25	562.319
-5.625	0	-91.875	578.33
-5	0	-92.5	594.267
-4.375	0	-93.125	610.036
-3.75	0	-93.75	625.333
-3.125	0	-94.375	639.564
-2.5	0	-95	653.083
-1.875	0	-95.625	665.678
-1.25	0	-96.25	677.291
-0.625	0	-96.875	688.183
0	0	-97.5	698.287
0.625	0	-98.125	707.592
1.25	0	-98.75	716.378
1.875	0	-99.375	724.522
2.5	0	-100	732.05
3.125	0	-100.625	739.122
3.75	0	-101.25	745.685
4.375	0	-101.875	751.744
5	0	-102.5	757.361
5.625	0	-103.125	762.596
6.25	0	-103.75	767.477
6.875	0	-104.375	771.986
7.5	0	-105	776.337
8.125	0	-105.625	780.234
8.75	0	-106.25	783.92
9.375	0	-106.875	787.495
10	0	-107.5	790.786
10.625	0	-108.125	794.056
11.25	0	-108.75	797.02
11.875	0	-109.375	799.841
12.5	0	-110	802.429
13.125	0	-110.625	804.972
13.75	0	-111.25	807.223
14.375	0	-111.875	809.528
15	0	-112.5	811.687
15.625	0	-113.125	813.742
16.25	0	-113.75	815.684
16.875	0	-114.375	817.567
17.5	0	-115	819.281
18.125	0	-115.625	820.76
18.75	0	-116.25	822.869
19.375	0	-116.875	824.318
20	0	-117.5	826.016
20.625	0	-118.125	827.349
21.25	0	-118.75	828.224
21.875	0	-119.375	829.56
22.5	0	-120	830.404
23.125	0	-120.625	831.793
23.75	0	-121.25	832.618
24.375	0	-121.875	834.078
25	0	-122.5	835.049
25.625	0	-123.125	836.145
26.25	0	-123.75	836.188
26.875	0	-124.375	837.175
27.5	0	-125	837.441
28.125	0	-125.625	836.814
28.75	0	-126.25	835.193
29.375	0	-126.875	835.229
-16.25	0	-80	985.069
-15.625	0	-80.625	950.669
-15	0	-81.25	916.993
-14.375	0	-81.875	874.229
-13.75	0	-82.5	828.797
-13.125	0	-83.125	780.568
-12.5	0	-83.75	727.578
-11.875	0	-84.375	676.979
-11.25	0	-85	630.599
-10.625	0	-85.625	590.35
-10	0	-86.25	556.83
-9.375	0	-86.875	533.89
-8.75	0	-87.5	520.79
-8.125	0	-88.125	515.606
-7.5	0	-88.75	517.765
-6.875	0	-89.375	525.588
-6.25	0	-90	537.425
-5.625	0	-90.625	551.853
-5	0	-91.25	567.471
-4.375	0	-91.875	583.162
-3.75	0	-92.5	598.813
-3.125	0	-93.125	614.076
-2.5	0	-93.75	628.331
-1.875	0	-94.375	641.928
-1.25	0	-95	654.633
-0.625	0	-95.625	666.382
0	0	-96.25	677.429
0.625	0	-96.875	687.703
1.25	0	-97.5	697.186
1.875	0	-98.125	706.156
2.5	0	-98.75	714.488
3.125	0	-99.375	722.204
3.75	0	-100	729.464
4.375	0	-100.625	736.214
5	0	-101.25	742.456
5.625	0	-101.875	748.255
6.25	0	-102.5	753.667
6.875	0	-103.125	758.721
7.5	0	-103.75	763.4
8.125	0	-104.375	767.915
8.75	0	-105	771.972
9.375	0	-105.625	775.812
10	0	-106.25	779.536
10.625	0	-106.875	782.971
11.25	0	-107.5	786.38
11.875	0	-108.125	789.477
12.5	0	-108.75	792.427
13.125	0	-109.375	795.14
13.75	0	-110	797.801
14.375	0	-110.625	800.167
15	0	-111.25	802.58
15.625	0	-111.875	804.844
16.25	0	-112.5	806.999
16.875	0	-113.125	809.037
17.5	0	-113.75	811.011
18.125	0	-114.375	812.815
18.75	0	-115	814.38
19.375	0	-115.625	816.567
20	0	-116.25	818.094
20.625	0	-116.875	819.864
21.25	0	-117.5	821.268
21.875	0	-118.125	822.214
22.5	0	-118.75	823.613
23.125	0	-119.375	824.521
23.75	0	-120	825.967
24.375	0	-120.625	826.85
25	0	-121.25	828.359
25.625	0	-121.875	829.382
26.25	0	-122.5	830.526
26.875	0	-123.125	830.62
27.5	0	-123.75	831.65
28.125	0	-124.375	831.963
28.75	0	-125	831.387
29.375	0	-125.625	829.821
30	0	-126.25	829.9
-15	0	-80	1022.41
-14.375	0	-80.625	950.194
-13.75	0	-81.25	905.675
-13.125	0	-81.875	859.04
-12.5	0	-82.5	807.167
-11.875	0	-83.125	749.113
-11.25	0	-83.75	693.698
-10.625	0	-84.375	642.688
-10	0	-85	597.985
-9.375	0	-85.625	560.294
-8.75	0	-86.25	533.745
-8.125	0	-86.875	517.621
-7.5	0	-87.5	509.908
-6.875	0	-88.125	510.082
-6.25	0	-88.75	516.413
-5.625	0	-89.375	527.174
-5	0	-90	540.865
-4.375	0	-90.625	555.978
-3.75	0	-91.25	571.335
-3.125	0	-91.875	586.797
-2.5	0	-92.5	601.971
-1.875	0	-93.125	616.205
-1.25	0	-93.75	629.843
-0.625	0	-94.375	642.629
0	0	-95	654.489
0.625	0	-95.625	665.674
1.25	0	-96.25	676.101
1.875	0	-96.875	685.751
2.5	0	-97.5	694.894
3.125	0	-98.125	703.406
3.75	0	-98.75	711.305
4.375	0	-99.375	718.749
5	0	-100	725.683
5.625	0	-100.625	732.107
6.25	0	-101.25	738.087
6.875	0	-101.875	743.677
7.5	0	-102.5	748.905
8.125	0	-103.125	753.755
8.75	0	-103.75	758.437
9.375	0	-104.375	762.655
10	0	-105	766.653
10.625	0	-105.625	770.53
11.25	0	-106.25	774.113
11.875	0	-106.875	777.664
12.5	0	-107.5	780.9
13.125	0	-108.125	783.982
13.75	0	-108.75	786.824
14.375	0	-109.375	789.608
15	0	-110	792.093
15.625	0	-110.625	794.62
16.25	0	-111.25	796.992
16.875	0	-111.875	799.252
17.5	0	-112.5	801.392
18.125	0	-113.125	803.462
18.75	0	-113.75	805.359
19.375	0	-114.375	807.014
20	0	-115	809.284
20.625	0	-115.625	810.893
21.25	0	-116.25	812.74
21.875	0	-116.875	814.22
22.5	0	-117.5	815.24
23.125	0	-118.125	816.708
23.75	0	-118.75	817.684
24.375	0	-119.375	819.19
25	0	-120	820.134
25.625	0	-120.625	821.698
26.25	0	-121.25	822.776
26.875	0	-121.875	823.97
27.5	0	-122.5	824.121
28.125	0	-123.125	825.199
28.75	0	-123.75	825.562
29.375	0	-124.375	825.041
30	0	-125	823.536
30.625	0	-125.625	823.662
-13.75	0	-80	979.043
-13.125	0	-80.625	936.003
-12.5	0	-81.25	893.123
-11.875	0	-81.875	840.803
-11.25	0	-82.5	777.9
-10.625	0	-83.125	716.745
-10	0	-83.75	659.892
-9.375	0	-84.375	609.559
-8.75	0	-85	566.701
-8.125	0	-85.625	535.736
-7.5	0	-86.25	515.943
-6.875	0	-86.875	505.176
-6.25	0	-87.5	502.956
-5.625	0	-88.125	507.481
-5	0	-88.75	516.925
-4.375	0	-89.375	529.703
-3.75	0	-90	544.171
-3.125	0	-90.625	559.081
-2.5	0	-91.25	574.269
-1.875	0	-91.875	589.286
-1.25	0	-92.5	603.444
-0.625	0	-93.125	617.077
0	0	-93.75	629.906
0.625	0	-94.375	641.848
1.25	0	-95	653.144
1.875	0	-95.625	663.704
2.5	0	-96.25	673.504
3.125	0	-96.875	682.806
3.75	0	-97.5	691.486
4.375	0	-98.125	699.558
5	0	-98.75	707.179
5.625	0	-99.375	714.291
6.25	0	-100	720.891
6.875	0	-100.625	727.05
7.5	0	-101.25	732.815
8.125	0	-101.875	738.217
8.75	0	-102.5	743.237
9.375	0	-103.125	748.085
10	0	-103.75	752.467
10.625	0	-104.375	756.624
11.25	0	-105	760.655
11.875	0	-105.625	764.388
12.5	0	-106.25	768.084
13.125	0	-106.875	771.46
13.75	0	-107.5	774.679
14.375	0	-108.125	777.653
15	0	-108.75	780.563
15.625	0	-109.375	783.171
16.25	0	-110	785.814
16.875	0	-110.625	788.3
17.5	0	-111.25	790.668
18.125	0	-111.875	792.912
18.75	0	-112.5	795.083
19.375	0	-113.125	797.077
20	0	-113.75	798.827
20.625	0	-114.375	801.181
21.25	0	-115	802.877
21.875	0	-115.625	804.805
22.5	0	-116.25	806.363
23.125	0	-116.875	807.462
23.75	0	-117.5	809.001
24.375	0	-118.125	810.049
25	0	-118.75	811.619
25.625	0	-119.375	812.629
26.25	0	-120	814.249
26.875	0	-120.625	815.385
27.5	0	-121.25	816.633
28.125	0	-121.875	816.844
28.75	0	-122.5	817.973
29.375	0	-123.125	818.39
30	0	-123.75	817.928
30.625	0	-124.375	816.489
31.25	0	-125	816.666
-12.5	0	-80	1004.41
-11.875	0	-80.625	932.925
-11.25	0	-81.25	880.539
-10.625	0	-81.875	815.594
-10	0	-82.5	748.716
-9.375	0	-83.125	684.712
-8.75	0	-83.75	627.125
-8.125	0	-84.375	577.638
-7.5	0	-85	541.042
-6.875	0	-85.625	516.61
-6.25	0	-86.25	502.011
-5.625	0	-86.875	496.797
-5	0	-87.5	499.062
-4.375	0	-88.125	506.847
-3.75	0	-88.75	518.455
-3.125	0	-89.375	532.079
-2.5	0	-90	546.386
-1.875	0	-90.625	561.178
-1.25	0	-91.25	575.939
-0.625	0	-91.875	589.939
0	0	-92.5	603.503
0.625	0	-93.125	616.32
1.25	0	-93.75	628.297
1.875	0	-94.375	639.667
2.5	0	-95	650.328
3.125	0	-95.625	660.25
3.75	0	-96.25	669.689
4.375	0	-96.875	678.517
5	0	-97.5	686.747
5.625	0	-98.125	694.531
6.25	0	-98.75	701.808
6.875	0	-99.375	708.576
7.5	0	-100	714.905
8.125	0	-100.625	720.84
8.75	0	-101.25	726.41
9.375	0	-101.875	731.598
10	0	-102.5	736.609
10.625	0	-103.125	741.153
11.25	0	-103.75	745.468
11.875	0	-104.375	749.654
12.5	0	-105	753.537
13.125	0	-105.625	757.378
13.75	0	-106.25	760.896
14.375	0	-106.875	764.253
15	0	-107.5	767.361
15.625	0	-108.125	770.399
16.25	0	-108.75	773.133
16.875	0	-109.375	775.896
17.5	0	-110	778.497
18.125	0	-110.625	780.977
18.75	0	-111.25	783.329
19.375	0	-111.875	785.603
20	0	-112.5	787.696
20.625	0	-113.125	789.545
21.25	0	-113.75	791.987
21.875	0	-114.375	793.773
22.5	0	-115	795.783
23.125	0	-115.625	797.424
23.75	0	-116.25	798.607
24.375	0	-116.875	800.22
25	0	-117.5	801.344
25.625	0	-118.125	802.98
26.25	0	-118.75	804.059
26.875	0	-119.375	805.739
27.5	0	-120	806.936
28.125	0	-120.625	808.242
28.75	0	-121.25	808.517
29.375	0	-121.875	809.699
30	0	-122.5	810.173
30.625	0	-123.125	809.776
31.25	0	-123.75	808.409
31.875	0	-124.375	808.64
-11.25	0	-80	995.7
-10.625	0	-80.625	919.61
-10	0	-81.25	858.755
-9.375	0	-81.875	789.793
-8.75	0	-82.5	718.746
-8.125	0	-83.125	652.468
-7.5	0	-83.75	594.688
-6.875	0	-84.375	550.93
-6.25	0	-85	520.597
-5.625	0	-85.625	501.153
-5	0	-86.25	492.177
-4.375	0	-86.875	491.607
-3.75	0	-87.5	497.305
-3.125	0	-88.125	507.428
-2.5	0	-88.75	519.966
-1.875	0	-89.375	533.478
-1.25	0	-90	547.727
-0.625	0	-90.625	562.115
0	0	-91.25	575.858
0.625	0	-91.875	589.273
1.25	0	-92.5	602.011
1.875	0	-93.125	613.966
2.5	0	-93.75	625.362
3.125	0	-94.375	636.084
3.75	0	-95	646.093
4.375	0	-95.625	655.638
5	0	-96.25	664.59
5.625	0	-96.875	672.954
6.25	0	-97.5	680.882
6.875	0	-98.125	688.31
7.5	0	-98.75	695.232
8.125	0	-99.375	701.718
8.75	0	-100	707.813
9.375	0	-100.625	713.543
10	0	-101.25	718.891
10.625	0	-101.875	724.061
11.25	0	-102.5	728.761
11.875	0	-103.125	733.232
12.5	0	-103.75	737.569
13.125	0	-104.375	741.601
13.75	0	-105	745.585
14.375	0	-105.625	749.246
15	0	-106.25	752.74
15.625	0	-106.875	755.983
16.25	0	-107.5	759.15
16.875	0	-108.125	762.011
17.5	0	-108.75	764.894
18.125	0	-109.375	767.612
18.75	0	-110	770.205
19.375	0	-110.625	772.667
20	0	-111.25	775.046
20.625	0	-111.875	777.243
21.25	0	-112.5	779.191
21.875	0	-113.125	781.724
22.5	0	-113.75	783.602
23.125	0	-114.375	785.698
23.75	0	-115	787.424
24.375	0	-115.625	788.693
25	0	-116.25	790.383
25.625	0	-116.875	791.586
26.25	0	-117.5	793.292
26.875	0	-118.125	794.442
27.5	0	-118.75	796.184
28.125	0	-119.375	797.445
28.75	0	-120	798.81
29.375	0	-120.625	799.154
30	0	-121.25	800.392
30.625	0	-121.875	800.927
31.25	0	-122.5	800.599
31.875	0	-123.125	799.309
32.5	0	-123.75	799.597
-10	0	-80	956.966
-9.375	0	-80.625	903.957
-8.75	0	-81.25	839.148
-8.125	0	-81.875	764.008
-7.5	0	-82.5	688.531
-6.875	0	-83.125	620.737
-6.25	0	-83.75	567.797
-5.625	0	-84.375	529.765
-5	0	-85	503.997
-4.375	0	-85.625	490.137
-3.75	0	-86.25	485.902
-3.125	0	-86.875	488.899
-2.5	0	-87.5	497.092
-1.875	0	-88.125	508.202
-1.25	0	-88.75	520.652
-0.625	0	-89.375	534.152
0	0	-90	548.002
0.625	0	-90.625	561.351
1.25	0	-91.25	574.506
1.875	0	-91.875	587.07
2.5	0	-92.5	598.923
3.125	0	-93.125	610.278
3.75	0	-93.75	621.001
4.375	0	-94.375	631.046
5	0	-95	640.654
5.625	0	-95.625	649.69
6.25	0	-96.25	658.155
6.875	0	-96.875	666.198
7.5	0	-97.5	673.75
8.125	0	-98.125	680.803
8.75	0	-98.75	687.428
9.375	0	-99.375	693.666
10	0	-100	699.54
10.625	0	-100.625	705.036
11.25	0	-101.25	710.353
11.875	0	-101.875	715.201
12.5	0	-102.5	719.819
13.125	0	-103.125	724.3
13.75	0	-103.75	728.476
14.375	0	-104.375	732.598
15	0	-105	736.396
15.625	0	-105.625	740.025
16.25	0	-106.25	743.4
16.875	0	-106.875	746.695
17.5	0	-107.5	749.681
18.125	0	-108.125	752.684
18.75	0	-108.75	755.519
19.375	0	-109.375	758.225
20	0	-110	760.797
20.625	0	-110.625	763.282
21.25	0	-111.25	765.582
21.875	0	-111.875	767.632
22.5	0	-112.5	770.255
23.125	0	-113.125	772.227
23.75	0	-113.75	774.41
24.375	0	-114.375	776.222
25	0	-115	777.579
25.625	0	-115.625	779.349
26.25	0	-116.25	780.633
26.875	0	-116.875	782.409
27.5	0	-117.5	783.634
28.125	0	-118.125	785.44
28.75	0	-118.75	786.767
29.375	0	-119.375	788.193
30	0	-120	788.608
30.625	0	-120.625	789.904
31.25	0	-121.25	790.504
31.875	0	-121.875	790.248
32.5	0	-122.5	789.042
33.125	0	-123.125	789.39
-8.75	0	-80	977.926
-8.125	0	-80.625	891.599
-7.5	0	-81.25	814.4
-6.875	0	-81.875	732.834
-6.25	0	-82.5	655.656
-5.625	0	-83.125	592.267
-5	0	-83.75	544.821
-4.375	0	-84.375	511.116
-3.75	0	-85	491.087
-3.125	0	-85.625	482.22
-2.5	0	-86.25	481.795
-1.875	0	-86.875	487.533
-1.25	0	-87.5	496.817
-0.625	0	-88.125	507.892
0	0	-88.75	520.404
0.625	0	-89.375	533.524
1.25	0	-90	546.321
1.875	0	-90.625	559.086
2.5	0	-91.25	571.366
3.125	0	-91.875	583.023
3.75	0	-92.5	594.256
4.375	0	-93.125	604.912
5	0	-93.75	614.933
5.625	0	-94.375	624.551
6.25	0	-95	633.626
6.875	0	-95.625	642.151
7.5	0	-96.25	650.273
8.125	0	-96.875	657.917
8.75	0	-97.5	665.073
9.375	0	-98.125	671.813
10	0	-98.75	678.172
10.625	0	-99.375	684.172
11.25	0	-100	689.798
11.875	0	-100.625	695.248
12.5	0	-101.25	700.231
13.125	0	-101.875	704.985
13.75	0	-102.5	709.601
14.375	0	-103.125	713.912
15	0	-103.75	718.166
15.625	0	-104.375	722.096
16.25	0	-105	725.854
16.875	0	-105.625	729.357
17.5	0	-106.25	732.775
18.125	0	-106.875	735.885
18.75	0	-107.5	739.005
19.375	0	-108.125	741.955
20	0	-108.75	744.773
20.625	0	-109.375	747.453
21.25	0	-110	750.044
21.875	0	-110.625	752.447
22.5	0	-111.25	754.6
23.125	0	-111.875	757.313
23.75	0	-112.5	759.379
24.375	0	-113.125	761.649
25	0	-113.75	763.549
25.625	0	-114.375	764.997
26.25	0	-115	766.847
26.875	0	-115.625	768.214
27.5	0	-116.25	770.062
28.125	0	-116.875	771.364
28.75	0	-117.5	773.234
29.375	0	-118.125	774.629
30	0	-118.75	776.118
30.625	0	-119.375	776.608
31.25	0	-120	777.964
31.875	0	-120.625	778.631
32.5	0	-121.25	778.452
33.125	0	-121.875	777.335
33.75	0	-122.5	777.747
-7.5	0	-80	963.44
-6.875	0	-80.625	872.932
-6.25	0	-81.25	786.084
-5.625	0	-81.875	703.388
-5	0	-82.5	629.225
-4.375	0	-83.125	570.264
-3.75	0	-83.75	526.244
-3.125	0	-84.375	498.06
-2.5	0	-85	483.04
-1.875	0	-85.625	478.063
-1.25	0	-86.25	480.537
-0.625	0	-86.875	487.386
0	0	-87.5	496.617
0.625	0	-88.125	507.787
1.25	0	-88.75	519.898
1.875	0	-89.375	531.912
2.5	0	-90	544.098
3.125	0	-90.625	555.932
3.75	0	-91.25	567.257
4.375	0	-91.875	578.25
5	0	-92.5	588.736
5.625	0	-93.125	598.643
6.25	0	-93.75	608.19
6.875	0	-94.375	617.233
7.5	0	-95	625.756
8.125	0	-95.625	633.9
8.75	0	-96.25	641.587
9.375	0	-96.875	648.8
10	0	-97.5	655.614
10.625	0	-98.125	662.057
11.25	0	-98.75	668.151
11.875	0	-99.375	673.88
12.5	0	-100	679.435
13.125	0	-100.625	684.531
13.75	0	-101.25	689.4
14.375	0	-101.875	694.132
15	0	-102.5	698.561
15.625	0	-103.125	702.931
16.25	0	-103.75	706.979
16.875	0	-104.375	710.854
17.5	0	-105	714.476
18.125	0	-105.625	718.008
18.75	0	-106.25	721.232
19.375	0	-106.875	724.462
20	0	-107.5	727.52
20.625	0	-108.125	730.444
21.25	0	-108.75	733.228
21.875	0	-109.375	735.919
22.5	0	-110	738.421
23.125	0	-110.625	740.673
23.75	0	-111.25	743.471
24.375	0	-111.875	745.629
25	0	-112.5	747.982
25.625	0	-113.125	749.968
26.25	0	-113.75	751.505
26.875	0	-114.375	753.433
27.5	0	-115	754.882
28.125	0	-115.625	756.801
28.75	0	-116.25	758.178
29.375	0	-116.875	760.111
30	0	-117.5	761.573
30.625	0	-118.125	763.125
31.25	0	-118.75	763.69
31.875	0	-119.375	765.105
32.5	0	-120	765.839
33.125	0	-120.625	765.739
33.75	0	-121.25	764.713
34.375	0	-121.875	765.189
-6.25	0	-80	983.062
-5.625	0	-80.625	850.033
-5	0	-81.25	765.317
-4.375	0	-81.875	682.711
-3.75	0	-82.5	610.655
-3.125	0	-83.125	553.341
-2.5	0	-83.75	514.213
-1.875	0	-84.375	490.806
-1.25	0	-85	479.582
-0.625	0	-85.625	477.568
0	0	-86.25	481.062
0.625	0	-86.875	487.744
1.25	0	-87.5	497.041
1.875	0	-88.125	507.729
2.5	0	-88.75	518.615
3.125	0	-89.375	529.946
3.75	0	-90	541.1
4.375	0	-90.625	551.89
5	0	-91.25	562.472
5.625	0	-91.875	572.638
6.25	0	-92.5	582.298
6.875	0	-93.125	591.657
7.5	0	-93.75	600.565
8.125	0	-94.375	608.992
8.75	0	-95	617.076
9.375	0	-95.625	624.731
10	0	-96.25	631.934
10.625	0	-96.875	638.762
11.25	0	-97.5	645.236
11.875	0	-98.125	651.375
12.5	0	-98.75	657.161
13.125	0	-99.375	662.783
13.75	0	-100	667.955
14.375	0	-100.625	672.907
15	0	-101.25	677.726
15.625	0	-101.875	682.247
16.25	0	-102.5	686.71
16.875	0	-103.125	690.855
17.5	0	-103.75	694.828
18.125	0	-104.375	698.549
18.75	0	-105	702.18
19.375	0	-105.625	705.505
20	0	-106.25	708.831
20.625	0	-106.875	711.984
21.25	0	-107.5	715.003
21.875	0	-108.125	717.881
22.5	0	-108.75	720.663
23.125	0	-109.375	723.256
23.75	0	-110	725.6
24.375	0	-110.625	728.477
25	0	-111.25	730.72
25.625	0	-111.875	733.151
26.25	0	-112.5	735.218
26.875	0	-113.125	736.84
27.5	0	-113.75	738.842
28.125	0	-114.375	740.37
28.75	0	-115	742.355
29.375	0	-115.625	743.805
30	0	-116.25	745.797
30.625	0	-116.875	747.324
31.25	0	-117.5	748.935
31.875	0	-118.125	749.575
32.5	0	-118.75	751.047
33.125	0	-119.375	751.847
33.75	0	-120	751.827
34.375	0	-120.625	750.894
35	0	-121.25	751.433
-5	0	-80	920.52
-4.375	0	-80.625	834.962
-3.75	0	-81.25	751.209
-3.125	0	-81.875	668.453
-2.5	0	-82.5	595.893
-1.875	0	-83.125	542.889
-1.25	0	-83.75	508.367
-0.625	0	-84.375	488.696
0	0	-85	480.573
0.625	0	-85.625	479.491
1.25	0	-86.25	482.684
1.875	0	-86.875	489.415
2.5	0	-87.5	498.14
3.125	0	-88.125	507.457
3.75	0	-88.75	517.577
4.375	0	-89.375	527.75
5	0	-90	537.747
5.625	0	-90.625	547.698
6.25	0	-91.25	557.349
6.875	0	-91.875	566.591
7.5	0	-92.5	575.612
8.125	0	-93.125	584.249
8.75	0	-93.75	592.458
9.375	0	-94.375	600.374
10	0	-95	607.898
10.625	0	-95.625	615.002
11.25	0	-96.25	621.764
11.875	0	-96.875	628.195
12.5	0	-97.5	634.312
13.125	0	-98.125	640.097
13.75	0	-98.75	645.731
14.375	0	-99.375	650.929
15	0	-100	655.92
15.625	0	-100.625	660.785
16.25	0	-101.25	665.361
16.875	0	-101.875	669.883
17.5	0	-102.5	674.094
18.125	0	-103.125	678.137
18.75	0	-103.75	681.933
19.375	0	-104.375	685.638
20	0	-105	689.042
20.625	0	-105.625	692.444
21.25	0	-106.25	695.676
21.875	0	-106.875	698.773
22.5	0	-107.5	701.729
23.125	0	-108.125	704.589
23.75	0	-108.75	707.26
24.375	0	-109.375	709.684
25	0	-110	712.627
25.625	0	-110.625	714.946
26.25	0	-111.25	717.446
26.875	0	-111.875	719.584
27.5	0	-112.5	721.283
28.125	0	-113.125	723.352
28.75	0	-113.75	724.952
29.375	0	-114.375	726.996
30	0	-115	728.513
30.625	0	-115.625	730.558
31.25	0	-116.25	732.145
31.875	0	-116.875	733.811
32.5	0	-117.5	734.521
33.125	0	-118.125	736.045
33.75	0	-118.75	736.909
34.375	0	-119.375	736.965
35	0	-120	736.124
35.625	0	-120.625	736.725
-3.75	0	-80	947.059
-3.125	0	-80.625	826.166
-2.5	0	-81.25	739.419
-1.875	0	-81.875	654.174
-1.25	0	-82.5	586.34
-0.625	0	-83.125	538.396
0	0	-83.75	507.941
0.625	0	-84.375	491.823
1.25	0	-85	484.679
1.875	0	-85.625	483.222
2.5	0	-86.25	486.522
3.125	0	-86.875	492.617
3.75	0	-87.5	499.816
4.375	0	-88.125	508.287
5	0	-88.75	517.106
5.625	0	-89.375	525.991
6.25	0	-90	535.036
6.875	0	-90.625	543.933
7.5	0	-91.25	552.541
8.125	0	-91.875	561.031
8.75	0	-92.5	569.225
9.375	0	-93.125	577.061
10	0	-93.75	584.669
10.625	0	-94.375	591.935
11.25	0	-95	598.822
11.875	0	-95.625	605.412
12.5	0	-96.25	611.705
13.125	0	-96.875	617.713
13.75	0	-97.5	623.415
14.375	0	-98.125	628.99
15	0	-98.75	634.148
15.625	0	-99.375	639.116
16.25	0	-100	643.972
16.875	0	-100.625	648.554
17.5	0	-101.25	653.088
18.125	0	-101.875	657.323
18.75	0	-102.5	661.397
19.375	0	-103.125	665.233
20	0	-103.75	668.979
20.625	0	-104.375	672.432
21.25	0	-105	675.883
21.875	0	-105.625	679.167
22.5	0	-106.25	682.318
23.125	0	-106.875	685.331
23.75	0	-107.5	688.248
24.375	0	-108.125	690.978
25	0	-108.75	693.464
25.625	0	-109.375	696.458
26.25	0	-110	698.837
26.875	0	-110.625	701.39
27.5	0	-111.25	703.587
28.125	0	-111.875	705.35
28.75	0	-112.5	707.473
29.375	0	-113.125	709.134
30	0	-113.75	711.228
30.625	0	-114.375	712.801
31.25	0	-115	714.89
31.875	0	-115.625	716.526
32.5	0	-116.25	718.238
33.125	0	-116.875	719.012
33.75	0	-117.5	720.58
34.375	0	-118.125	721.5
35	0	-118.75	721.626
35.625	0	-119.375	720.873
36.25	0	-120	721.529
-2.5	0	-80	915.289
-1.875	0	-80.625	823.026
-1.25	0	-81.25	729.4
-0.625	0	-81.875	648.485
0	0	-82.5	585.473
0.625	0	-83.125	541.588
1.25	0	-83.75	515.054
1.875	0	-84.375	499.844
2.5	0	-85	492.15
3.125	0	-85.625	490.854
3.75	0	-86.25	493.433
4.375	0	-86.875	497.794
5	0	-87.5	504.053
5.625	0	-88.125	511.042
6.25	0	-88.75	518.408
6.875	0	-89.375	526.2
7.5	0	-90	534.035
8.125	0	-90.625	541.734
8.75	0	-91.25	549.447
9.375	0	-91.875	556.975
10	0	-92.5	564.235
10.625	0	-93.125	571.351
11.25	0	-93.75	578.191
11.875	0	-94.375	584.707
12.5	0	-95	590.984
13.125	0	-95.625	597.01
13.75	0	-96.25	602.79
14.375	0	-96.875	608.303
15	0	-97.5	613.721
15.625	0	-98.125	618.747
16.25	0	-98.75	623.611
16.875	0	-99.375	628.383
17.5	0	-100	632.9
18.125	0	-100.625	637.384
18.75	0	-101.25	641.584
19.375	0	-101.875	645.637
20	0	-102.5	649.462
20.625	0	-103.125	653.205
21.25	0	-103.75	656.664
21.875	0	-104.375	660.125
22.5	0	-105	663.424
23.125	0	-105.625	666.596
23.75	0	-106.25	669.635
24.375	0	-106.875	672.579
25	0	-107.5	675.34
25.625	0	-108.125	677.863
26.25	0	-108.75	680.884
26.875	0	-109.375	683.3
27.5	0	-110	685.887
28.125	0	-110.625	688.121
28.75	0	-111.25	689.931
29.375	0	-111.875	692.09
30	0	-112.5	693.794
30.625	0	-113.125	695.92
31.25	0	-113.75	697.536
31.875	0	-114.375	699.653
32.5	0	-115	701.326
33.125	0	-115.625	703.07
33.75	0	-116.25	703.893
34.375	0	-116.875	705.494
35	0	-117.5	706.457
35.625	0	-118.125	706.642
36.25	0	-118.75	705.965
36.875	0	-119.375	706.666
-1.25	0	-80	943.231
-0.625	0	-80.625	817.886
0	0	-81.25	728.183
0.625	0	-81.875	651.143
1.25	0	-82.5	592.212
1.875	0	-83.125	552.888
2.5	0	-83.75	527.333
3.125	0	-84.375	511.496
3.75	0	-85	504.183
4.375	0	-85.625	502.171
5	0	-86.25	502.828
5.625	0	-86.875	506.207
6.25	0	-87.5	510.811
6.875	0	-88.125	516.185
7.5	0	-88.75	522.324
8.125	0	-89.375	528.741
8.75	0	-90	535.212
9.375	0	-90.625	541.86
10	0	-91.25	548.462
10.625	0	-91.875	554.907
11.25	0	-92.5	561.313
11.875	0	-93.125	567.527
12.5	0	-93.75	573.487
13.125	0	-94.375	579.283
13.75	0	-95	584.887
14.375	0	-95.625	590.297
15	0	-96.25	595.489
15.625	0	-96.875	600.631
16.25	0	-97.5	605.415
16.875	0	-98.125	610.072
17.5	0	-98.75	614.668
18.125	0	-99.375	619.035
18.75	0	-100	623.392
19.375	0	-100.625	627.486
20	0	-101.25	631.45
20.625	0	-101.875	635.204
21.25	0	-102.5	638.887
21.875	0	-103.125	642.299
22.5	0	-103.75	645.721
23.125	0	-104.375	648.991
23.75	0	-105	652.142
24.375	0	-105.625	655.166
25	0	-106.25	658.102
25.625	0	-106.875	660.861
26.25	0	-107.5	663.387
26.875	0	-108.125	666.407
27.5	0	-108.75	668.832
28.125	0	-109.375	671.425
28.75	0	-110	673.673
29.375	0	-110.625	675.503
30	0	-111.25	677.676
30.625	0	-111.875	679.401
31.25	0	-112.5	681.54
31.875	0	-113.125	683.176
32.5	0	-113.75	685.304
33.125	0	-114.375	686.995
33.75	0	-115	688.754
34.375	0	-115.625	689.61
35	0	-116.25	691.228
35.625	0	-116.875	692.219
36.25	0	-117.5	692.447
36.875	0	-118.125	691.829
37.5	0	-118.75	692.561
0	0	-80	909.216
0.625	0	-80.625	819.01
1.25	0	-81.25	732.612
1.875	0	-81.875	660.785
2.5	0	-82.5	607.78
3.125	0	-83.125	569.911
3.75	0	-83.75	543.923
4.375	0	-84.375	528.984
5	0	-85	521.14
5.625	0	-85.625	517.078
6.25	0	-86.25	516.807
6.875	0	-86.875	518.39
7.5	0	-87.5	521.235
8.125	0	-88.125	525.266
8.75	0	-88.75	529.862
9.375	0	-89.375	534.737
10	0	-90	539.99
10.625	0	-90.625	545.363
11.25	0	-91.25	550.711
11.875	0	-91.875	556.152
12.5	0	-92.5	561.501
13.125	0	-93.125	566.68
13.75	0	-93.75	571.792
14.375	0	-94.375	576.785
15	0	-95	581.65
15.625	0	-95.625	586.36
16.25	0	-96.25	591.079
16.875	0	-96.875	595.483
17.5	0	-97.5	599.809
18.125	0	-98.125	604.114
18.75	0	-98.75	608.226
19.375	0	-99.375	612.359
20	0	-100	616.257
20.625	0	-100.625	620.05
21.25	0	-101.25	623.656
21.875	0	-101.875	627.207
22.5	0	-102.5	630.507
23.125	0	-103.125	633.828
23.75	0	-103.75	637.012
24.375	0	-104.375	640.088
25	0	-105	643.049
25.625	0	-105.625	645.93
26.25	0	-106.25	648.642
26.875	0	-106.875	651.132
27.5	0	-107.5	654.113
28.125	0	-108.125	656.511
28.75	0	-108.75	659.078
29.375	0	-109.375	661.305
30	0	-110	663.124
30.625	0	-110.625	665.281
31.25	0	-111.25	667
31.875	0	-111.875	669.124
32.5	0	-112.5	670.756
33.125	0	-113.125	672.871
33.75	0	-113.75	674.556
34.375	0	-114.375	676.308
35	0	-115	677.172
35.625	0	-115.625	678.786
36.25	0	-116.25	679.783
36.875	0	-116.875	680.032
37.5	0	-117.5	679.45
38.125	0	-118.125	680.195
1.25	0	-80	954.557
1.875	0	-80.625	829.379
2.5	0	-81.25	745.053
3.125	0	-81.875	679.727
3.75	0	-82.5	628.654
4.375	0	-83.125	590.801
5	0	-83.75	566.588
5.625	0	-84.375	551.578
6.25	0	-85	541.701
6.875	0	-85.625	536.974
7.5	0	-86.25	534.888
8.125	0	-86.875	534.673
8.75	0	-87.5	536.157
9.375	0	-88.125	538.543
10	0	-88.75	541.467
10.625	0	-89.375	544.999
11.25	0	-90	548.842
11.875	0	-90.625	552.809
12.5	0	-91.25	557.022
13.125	0	-91.875	561.259
13.75	0	-92.5	565.424
14.375	0	-93.125	569.633
15	0	-93.75	573.813
15.625	0	-94.375	577.945
16.25	0	-95	581.998
16.875	0	-95.625	586.134
17.5	0	-96.25	590.007
18.125	0	-96.875	593.863
18.75	0	-97.5	597.75
19.375	0	-98.125	601.488
20	0	-98.75	605.289
20.625	0	-99.375	608.891
21.25	0	-100	612.422
21.875	0	-100.625	615.794
22.5	0	-101.25	619.134
23.125	0	-101.875	622.246
23.75	0	-102.5	625.398
24.375	0	-103.125	628.432
25	0	-103.75	631.374
25.625	0	-104.375	634.216
26.25	0	-105	636.99
26.875	0	-105.625	639.607
27.5	0	-106.25	642.013
28.125	0	-106.875	644.915
28.75	0	-107.5	647.245
29.375	0	-108.125	649.748
30	0	-108.75	651.918
30.625	0	-109.375	653.689
31.25	0	-110	655.798
31.875	0	-110.625	657.476
32.5	0	-111.25	659.557
33.125	0	-111.875	661.153
33.75	0	-112.5	663.228
34.375	0	-113.125	664.881
35	0	-113.75	666.6
35.625	0	-114.375	667.444
36.25	0	-115	669.031
36.875	0	-115.625	670.01
37.5	0	-116.25	670.253
38.125	0	-116.875	669.679
38.75	0	-117.5	670.412
2.5	0	-80	953.465
3.125	0	-80.625	844.08
3.75	0	-81.25	765.18
4.375	0	-81.875	702.378
5	0	-82.5	652.332
5.625	0	-83.125	617.532
6.25	0	-83.75	594.039
6.875	0	-84.375	577.176
7.5	0	-85	567.152
8.125	0	-85.625	560.752
8.75	0	-86.25	556.971
9.375	0	-86.875	555.516
10	0	-87.5	555.352
10.625	0	-88.125	556.013
11.25	0	-88.75	557.537
11.875	0	-89.375	559.58
12.5	0	-90	561.905
13.125	0	-90.625	564.644
13.75	0	-91.25	567.533
14.375	0	-91.875	570.454
15	0	-92.5	573.547
15.625	0	-93.125	576.71
16.25	0	-93.75	579.917
16.875	0	-94.375	583.134
17.5	0	-95	586.522
18.125	0	-95.625	589.707
18.75	0	-96.25	592.947
19.375	0	-96.875	596.284
20	0	-97.5	599.525
20.625	0	-98.125	602.881
21.25	0	-98.75	606.081
21.875	0	-99.375	609.251
22.5	0	-100	612.299
23.125	0	-100.625	615.344
23.75	0	-101.25	618.188
24.375	0	-101.875	621.098
25	0	-102.5	623.913
25.625	0	-103.125	626.658
26.25	0	-103.75	629.322
26.875	0	-104.375	631.934
27.5	0	-105	634.403
28.125	0	-105.625	636.674
28.75	0	-106.25	639.456
29.375	0	-106.875	641.673
30	0	-107.5	644.072
30.625	0	-108.125	646.147
31.25	0	-108.75	647.83
31.875	0	-109.375	649.856
32.5	0	-110	651.457
33.125	0	-110.625	653.463
33.75	0	-111.25	654.991
34.375	0	-111.875	656.999
35	0	-112.5	658.589
35.625	0	-113.125	660.248
36.25	0	-113.75	661.042
36.875	0	-114.375	662.576
37.5	0	-115	663.51
38.125	0	-115.625	663.717
38.75	0	-116.25	663.119
39.375	0	-116.875	663.817
3.75	0	-80	975.213
4.375	0	-80.625	860.784
5	0	-81.25	787.011
5.625	0	-81.875	728.41
6.25	0	-82.5	683.144
6.875	0	-83.125	650.186
7.5	0	-83.75	625.081
8.125	0	-84.375	608.775
8.75	0	-85	597.299
9.375	0	-85.625	589.384
10	0	-86.25	584.576
10.625	0	-86.875	581.52
11.25	0	-87.5	579.612
11.875	0	-88.125	578.85
12.5	0	-88.75	578.829
13.125	0	-89.375	579.253
13.75	0	-90	580.269
14.375	0	-90.625	581.566
15	0	-91.25	583.003
15.625	0	-91.875	584.752
16.25	0	-92.5	586.68
16.875	0	-93.125	588.753
17.5	0	-93.75	590.936
18.125	0	-94.375	593.395
18.75	0	-95	595.714
19.375	0	-95.625	598.177
20	0	-96.25	600.815
20.625	0	-96.875	603.418
21.25	0	-97.5	606.202
21.875	0	-98.125	608.88
22.5	0	-98.75	611.579
23.125	0	-99.375	614.199
23.75	0	-100	616.852
24.375	0	-100.625	619.339
25	0	-101.25	621.924
25.625	0	-101.875	624.442
26.25	0	-102.5	626.917
26.875	0	-103.125	629.336
27.5	0	-103.75	631.723
28.125	0	-104.375	633.984
28.75	0	-105	636.066
29.375	0	-105.625	638.678
30	0	-106.25	640.734
30.625	0	-106.875	642.984
31.25	0	-107.5	644.917
31.875	0	-108.125	646.468
32.5	0	-108.75	648.371
33.125	0	-109.375	649.855
33.75	0	-110	651.75
34.375	0	-110.625	653.173
35	0	-111.25	655.081
35.625	0	-111.875	656.577
36.25	0	-112.5	658.144
36.875	0	-113.125	658.852
37.5	0	-113.75	660.305
38.125	0	-114.375	661.162
38.75	0	-115	661.3
39.375	0	-115.625	660.639
40	0	-116.25	661.274
5	0	-80	972.261
5.625	0	-80.625	865.995
6.25	0	-81.25	808.77
6.875	0	-81.875	757.61
7.5	0	-82.5	716.507
8.125	0	-83.125	682.905
8.75	0	-83.75	659.77
9.375	0	-84.375	642.705
10	0	-85	630.292
10.625	0	-85.625	621.922
11.25	0	-86.25	615.824
11.875	0	-86.875	611.222
12.5	0	-87.5	608.056
13.125	0	-88.125	605.85
13.75	0	-88.75	604.238
14.375	0	-89.375	603.392
15	0	-90	602.946
15.625	0	-90.625	602.735
16.25	0	-91.25	602.977
16.875	0	-91.875	603.507
17.5	0	-92.5	604.285
18.125	0	-93.125	605.277
18.75	0	-93.75	606.657
19.375	0	-94.375	607.965
20	0	-95	609.513
20.625	0	-95.625	611.323
21.25	0	-96.25	613.168
21.875	0	-96.875	615.269
22.5	0	-97.5	617.32
23.125	0	-98.125	619.449
23.75	0	-98.75	621.55
24.375	0	-99.375	623.726
25	0	-100	625.775
25.625	0	-100.625	627.959
26.25	0	-101.25	630.112
26.875	0	-101.875	632.252
27.5	0	-102.5	634.365
28.125	0	-103.125	636.471
28.75	0	-103.75	638.472
29.375	0	-104.375	640.311
30	0	-105	642.712
30.625	0	-105.625	644.561
31.25	0	-106.25	646.622
31.875	0	-106.875	648.375
32.5	0	-107.5	649.752
33.125	0	-108.125	651.496
33.75	0	-108.75	652.825
34.375	0	-109.375	654.578
35	0	-110	655.862
35.625	0	-110.625	657.641
36.25	0	-111.25	659.012
36.875	0	-111.875	660.459
37.5	0	-112.5	661.048
38.125	0	-113.125	662.394
38.75	0	-113.75	663.146
39.375	0	-114.375	663.181
40	0	-115	662.422
40.625	0	-115.625	662.968
6.25	0	-80	937.578
6.875	0	-80.625	889.683
7.5	0	-81.25	836.792
8.125	0	-81.875	790.877
8.75	0	-82.5	749.462
9.375	0	-83.125	719.008
10	0	-83.75	695.681
10.625	0	-84.375	678.295
11.25	0	-85	666.141
11.875	0	-85.625	656.905
12.5	0	-86.25	649.572
13.125	0	-86.875	643.993
13.75	0	-87.5	639.599
14.375	0	-88.125	635.927
15	0	-88.75	633.181
15.625	0	-89.375	630.932
16.25	0	-90	628.99
16.875	0	-90.625	627.632
17.5	0	-91.25	626.66
18.125	0	-91.875	626.032
18.75	0	-92.5	625.718
19.375	0	-93.125	625.909
20	0	-93.75	626.091
20.625	0	-94.375	626.614
21.25	0	-95	627.493
21.875	0	-95.625	628.48
22.5	0	-96.25	629.806
23.125	0	-96.875	631.142
23.75	0	-97.5	632.619
24.375	0	-98.125	634.122
25	0	-98.75	635.749
25.625	0	-99.375	637.289
26.25	0	-100	639.01
26.875	0	-100.625	640.738
27.5	0	-101.25	642.488
28.125	0	-101.875	644.243
28.75	0	-102.5	646.019
29.375	0	-103.125	647.713
30	0	-103.75	649.267
30.625	0	-104.375	651.42
31.25	0	-105	653.024
31.875	0	-105.625	654.863
32.5	0	-106.25	656.4
33.125	0	-106.875	657.569
33.75	0	-107.5	659.123
34.375	0	-108.125	660.267
35	0	-108.75	661.849
35.625	0	-109.375	662.965
36.25	0	-110	664.592
36.875	0	-110.625	665.812
37.5	0	-111.25	667.115
38.125	0	-111.875	667.557
38.75	0	-112.5	668.774
39.375	0	-113.125	669.395
40	0	-113.75	669.3
40.625	0	-114.375	668.41
41.25	0	-115	668.843
7.5	0	-80	1001.9
8.125	0	-80.625	907.955
8.75	0	-81.25	859.024
9.375	0	-81.875	815.366
10	0	-82.5	779.567
10.625	0	-83.125	750.463
11.25	0	-83.75	728.282
11.875	0	-84.375	712.585
12.5	0	-85	700.491
13.125	0	-85.625	690.731
13.75	0	-86.25	683.041
14.375	0	-86.875	676.741
15	0	-87.5	671.243
15.625	0	-88.125	666.793
16.25	0	-88.75	662.887
16.875	0	-89.375	659.315
17.5	0	-90	656.427
18.125	0	-90.625	653.993
18.75	0	-91.25	651.975
19.375	0	-91.875	650.353
20	0	-92.5	649.343
20.625	0	-93.125	648.373
21.25	0	-93.75	647.839
21.875	0	-94.375	647.755
22.5	0	-95	647.846
23.125	0	-95.625	648.359
23.75	0	-96.25	648.942
24.375	0	-96.875	649.731
25	0	-97.5	650.601
25.625	0	-98.125	651.644
26.25	0	-98.75	652.641
26.875	0	-99.375	653.867
27.5	0	-100	655.139
28.125	0	-100.625	656.47
28.75	0	-101.25	657.842
29.375	0	-101.875	659.263
30	0	-102.5	660.627
30.625	0	-103.125	661.872
31.25	0	-103.75	663.76
31.875	0	-104.375	665.1
32.5	0	-105	666.699
33.125	0	-105.625	668.002
33.75	0	-106.25	668.944
34.375	0	-106.875	670.294
35	0	-107.5	671.233
35.625	0	-108.125	672.632
36.25	0	-108.75	673.564
36.875	0	-109.375	675.026
37.5	0	-110	676.082
38.125	0	-110.625	677.228
38.75	0	-111.25	677.506
39.375	0	-111.875	678.582
40	0	-112.5	679.058
40.625	0	-113.125	678.815
41.25	0	-113.75	677.774
41.875	0	-114.375	678.081
8.75	0	-80	975.397
9.375	0	-80.625	908.503
10	0	-81.25	873.93
10.625	0	-81.875	838.442
11.25	0	-82.5	805.495
11.875	0	-83.125	779.126
12.5	0	-83.75	760.217
13.125	0	-84.375	745.553
13.75	0	-85	733.682
14.375	0	-85.625	724.224
15	0	-86.25	716.368
15.625	0	-86.875	709.359
16.25	0	-87.5	703.483
16.875	0	-88.125	698.148
17.5	0	-88.75	693.119
18.125	0	-89.375	688.835
18.75	0	-90	685.034
19.375	0	-90.625	681.688
20	0	-91.25	678.797
20.625	0	-91.875	676.607
21.25	0	-92.5	674.486
21.875	0	-93.125	672.89
22.5	0	-93.75	671.827
23.125	0	-94.375	671.004
23.75	0	-95	670.683
24.375	0	-95.625	670.488
25	0	-96.25	670.563
25.625	0	-96.875	670.774
26.25	0	-97.5	671.207
26.875	0	-98.125	671.636
27.5	0	-98.75	672.341
28.125	0	-99.375	673.134
28.75	0	-100	674.026
29.375	0	-100.625	674.993
30	0	-101.25	676.041
30.625	0	-101.875	677.056
31.25	0	-102.5	677.974
31.875	0	-103.125	679.585
32.5	0	-103.75	680.645
33.125	0	-104.375	681.992
33.75	0	-105	683.047
34.375	0	-105.625	683.747
35	0	-106.25	684.88
35.625	0	-106.875	685.603
36.25	0	-107.5	686.807
36.875	0	-108.125	687.543
37.5	0	-108.75	688.832
38.125	0	-109.375	689.712
38.75	0	-110	690.692
39.375	0	-110.625	690.792
40	0	-111.25	691.718
40.625	0	-111.875	692.038
41.25	0	-112.5	691.632
41.875	0	-113.125	690.423
42.5	0	-113.75	690.593
10	0	-80	954.153
10.625	0	-80.625	928.894
11.25	0	-81.25	896.038
11.875	0	-81.875	860.863
12.5	0	-82.5	830.484
13.125	0	-83.125	808.077
13.75	0	-83.75	790.558
14.375	0	-84.375	776.489
15	0	-85	765.374
15.625	0	-85.625	756.216
16.25	0	-86.25	747.993
16.875	0	-86.875	741.007
17.5	0	-87.5	734.536
18.125	0	-88.125	728.298
18.75	0	-88.75	722.83
19.375	0	-89.375	717.835
20	0	-90	713.295
20.625	0	-90.625	709.239
21.25	0	-91.25	705.95
21.875	0	-91.875	702.735
22.5	0	-92.5	700.116
23.125	0	-93.125	698.105
23.75	0	-93.75	696.387
24.375	0	-94.375	695.246
25	0	-95	694.28
25.625	0	-95.625	693.645
26.25	0	-96.25	693.197
26.875	0	-96.875	693.019
27.5	0	-97.5	692.876
28.125	0	-98.125	693.059
28.75	0	-98.75	693.369
29.375	0	-99.375	693.817
30	0	-100	694.376
30.625	0	-100.625	695.048
31.25	0	-101.25	695.711
31.875	0	-101.875	696.3
32.5	0	-102.5	697.633
33.125	0	-103.125	698.412
33.75	0	-103.75	699.506
34.375	0	-104.375	700.312
35	0	-105	700.767
35.625	0	-105.625	701.683
36.25	0	-106.25	702.187
36.875	0	-106.875	703.198
37.5	0	-107.5	703.736
38.125	0	-108.125	704.852
38.75	0	-108.75	705.556
39.375	0	-109.375	706.369
40	0	-110	706.289
40.625	0	-110.625	707.065
41.25	0	-111.25	707.226
41.875	0	-111.875	706.654
42.5	0	-112.5	705.269
43.125	0	-113.125	705.301
11.25	0	-80	1017.3
11.875	0	-80.625	946.932
12.5	0	-81.25	907.361
13.125	0	-81.875	876.302
13.75	0	-82.5	851.869
14.375	0	-83.125	831.889
15	0	-83.75	815.788
15.625	0	-84.375	803.257
16.25	0	-85	793.175
16.875	0	-85.625	784.17
17.5	0	-86.25	776.538
18.125	0	-86.875	769.374
18.75	0	-87.5	762.321
19.375	0	-88.125	756.023
20	0	-88.75	750.132
20.625	0	-89.375	744.651
21.25	0	-90	739.638
21.875	0	-90.625	735.422
22.5	0	-91.25	731.252
23.125	0	-91.875	727.726
23.75	0	-92.5	724.862
24.375	0	-93.125	722.325
25	0	-93.75	720.428
25.625	0	-94.375	718.746
26.25	0	-95	717.445
26.875	0	-95.625	716.378
27.5	0	-96.25	715.621
28.125	0	-96.875	714.935
28.75	0	-97.5	714.62
29.375	0	-98.125	714.47
30	0	-98.75	714.494
30.625	0	-99.375	714.665
31.25	0	-100	714.978
31.875	0	-100.625	715.306
32.5	0	-101.25	715.58
33.125	0	-101.875	716.652
33.75	0	-102.5	717.163
34.375	0	-103.125	718.018
35	0	-103.75	718.589
35.625	0	-104.375	718.811
36.25	0	-105	719.522
36.875	0	-105.625	719.818
37.5	0	-106.25	720.645
38.125	0	-106.875	720.997
38.75	0	-107.5	721.95
39.375	0	-108.125	722.488
40	0	-108.75	723.145
40.625	0	-109.375	722.891
41.25	0	-110	723.526
41.875	0	-110.625	723.537
42.5	0	-111.25	722.805
43.125	0	-111.875	721.249
43.75	0	-112.5	721.148
12.5	0	-80	1012.26
13.125	0	-80.625	941.881
13.75	0	-81.25	914.161
14.375	0	-81.875	892.007
15	0	-82.5	870.861
15.625	0	-83.125	852.856
16.25	0	-83.75	838.857
16.875	0	-84.375	827.959
17.5	0	-85	818.39
18.125	0	-85.625	810.448
18.75	0	-86.25	802.961
19.375	0	-86.875	795.442
20	0	-87.5	788.645
20.625	0	-88.125	782.15
21.25	0	-88.75	775.972
21.875	0	-89.375	770.207
22.5	0	-90	765.236
23.125	0	-90.625	760.245
23.75	0	-91.25	755.922
24.375	0	-91.875	752.293
25	0	-92.5	749.008
25.625	0	-93.125	746.413
26.25	0	-93.75	744.059
26.875	0	-94.375	742.132
27.5	0	-95	740.476
28.125	0	-95.625	739.165
28.75	0	-96.25	737.957
29.375	0	-96.875	737.161
30	0	-97.5	736.568
30.625	0	-98.125	736.183
31.25	0	-98.75	735.978
31.875	0	-99.375	735.944
32.5	0	-100	735.948
33.125	0	-100.625	735.917
33.75	0	-101.25	736.741
34.375	0	-101.875	736.994
35	0	-102.5	737.621
35.625	0	-103.125	737.966
36.25	0	-103.75	737.964
36.875	0	-104.375	738.479
37.5	0	-105	738.577
38.125	0	-105.625	739.23
38.75	0	-106.25	739.402
39.375	0	-106.875	740.202
40	0	-107.5	740.583
40.625	0	-108.125	741.09
41.25	0	-108.75	740.669
41.875	0	-109.375	741.172
42.5	0	-110	741.038
43.125	0	-110.625	740.15
43.75	0	-111.25	738.428
44.375	0	-111.875	738.201
13.75	0	-80	989.026
14.375	0	-80.625	946.783
15	0	-81.25	930.328
15.625	0	-81.875	909.762
16.25	0	-82.5	889.444
16.875	0	-83.125	873.051
17.5	0	-83.75	860.684
18.125	0	-84.375	850.19
18.75	0	-85	841.905
19.375	0	-85.625	834.24
20	0	-86.25	826.476
20.625	0	-86.875	819.451
21.25	0	-87.5	812.62
21.875	0	-88.125	805.989
22.5	0	-88.75	799.687
23.125	0	-89.375	794.146
23.75	0	-90	788.487
24.375	0	-90.625	783.494
25	0	-91.25	779.204
25.625	0	-91.875	775.257
26.25	0	-92.5	772.033
26.875	0	-93.125	769.066
27.5	0	-93.75	766.559
28.125	0	-94.375	764.355
28.75	0	-95	762.524
29.375	0	-95.625	760.823
30	0	-96.25	759.572
30.625	0	-96.875	758.557
31.25	0	-97.5	757.783
31.875	0	-98.125	757.222
32.5	0	-98.75	756.858
33.125	0	-99.375	756.555
33.75	0	-100	756.237
34.375	0	-100.625	756.828
35	0	-101.25	756.84
35.625	0	-101.875	757.254
36.25	0	-102.5	757.387
36.875	0	-103.125	757.176
37.5	0	-103.75	757.509
38.125	0	-104.375	757.421
38.75	0	-105	757.915
39.375	0	-105.625	757.921
40	0	-106.25	758.581
40.625	0	-106.875	758.817
41.25	0	-107.5	759.187
41.875	0	-108.125	758.613
42.5	0	-108.75	758.994
43.125	0	-109.375	758.728
43.75	0	-110	757.697
44.375	0	-110.625	755.819
45	0	-111.25	755.477
15	0	-80	982.347
15.625	0	-80.625	954.767
16.25	0	-81.25	941.329
16.875	0	-81.875	922.144
17.5	0	-82.5	904.101
18.125	0	-83.125	890.169
18.75	0	-83.75	878.486
19.375	0	-84.375	869.831
20	0	-85	862.145
20.625	0	-85.625	854.375
21.25	0	-86.25	847.446
21.875	0	-86.875	840.607
22.5	0	-87.5	833.833
23.125	0	-88.125	827.274
23.75	0	-88.75	821.411
24.375	0	-89.375	815.289
25	0	-90	809.799
25.625	0	-90.625	804.993
26.25	0	-91.25	800.503
26.875	0	-91.875	796.749
27.5	0	-92.5	793.249
28.125	0	-93.125	790.231
28.75	0	-93.75	787.537
29.375	0	-94.375	785.235
30	0	-95	783.081
30.625	0	-95.625	781.411
31.25	0	-96.25	780.005
31.875	0	-96.875	778.87
32.5	0	-97.5	777.979
33.125	0	-98.125	777.31
33.75	0	-98.75	776.721
34.375	0	-99.375	776.137
35	0	-100	776.516
35.625	0	-100.625	776.305
36.25	0	-101.25	776.526
36.875	0	-101.875	776.465
37.5	0	-102.5	776.062
38.125	0	-103.125	776.232
38.75	0	-103.75	775.975
39.375	0	-104.375	776.325
40	0	-105	776.181
40.625	0	-105.625	776.718
41.25	0	-106.25	776.823
41.875	0	-106.875	777.073
42.5	0	-107.5	776.358
43.125	0	-108.125	776.634
43.75	0	-108.75	776.249
44.375	0	-109.375	775.089
45	0	-110	773.069
45.625	0	-110.625	772.626
16.25	0	-80	961.422
16.875	0	-80.625	963.734
17.5	0	-81.25	950.03
18.125	0	-81.875	932.917
18.75	0	-82.5	917.899
19.375	0	-83.125	904.51
20	0	-83.75	895.085
20.625	0	-84.375	887.207
21.25	0	-85	879.42
21.875	0	-85.625	872.758
22.5	0	-86.25	866.15
23.125	0	-86.875	859.489
23.75	0	-87.5	852.927
24.375	0	-88.125	846.979
25	0	-88.75	840.594
25.625	0	-89.375	834.779
26.25	0	-90	829.601
26.875	0	-90.625	824.685
27.5	0	-91.25	820.497
28.125	0	-91.875	816.545
28.75	0	-92.5	813.08
29.375	0	-93.125	809.948
30	0	-93.75	807.218
30.625	0	-94.375	804.648
31.25	0	-95	802.588
31.875	0	-95.625	800.818
32.5	0	-96.25	799.345
33.125	0	-96.875	798.144
33.75	0	-97.5	797.189
34.375	0	-98.125	796.332
35	0	-98.75	795.498
35.625	0	-99.375	795.681
36.25	0	-100	795.264
36.875	0	-100.625	795.305
37.5	0	-101.25	795.066
38.125	0	-101.875	794.486
38.75	0	-102.5	794.506
39.375	0	-103.125	794.095
40	0	-103.75	794.314
40.625	0	-104.375	794.035
41.25	0	-105	794.461
41.875	0	-105.625	794.451
42.5	0	-106.25	794.592
43.125	0	-106.875	793.752
43.75	0	-107.5	793.934
44.375	0	-108.125	793.445
45	0	-108.75	792.169
45.625	0	-109.375	790.02
46.25	0	-110	789.489
17.5	0	-80	959.126
18.125	0	-80.625	967.277
18.75	0	-81.25	956.191
19.375	0	-81.875	943.326
20	0	-82.5	928.394
20.625	0	-83.125	917.731
21.25	0	-83.75	909.229
21.875	0	-84.375	901.145
22.5	0	-85	894.751
23.125	0	-85.625	888.516
23.75	0	-86.25	882.182
24.375	0	-86.875	875.862
25	0	-87.5	870.079
25.625	0	-88.125	863.652
26.25	0	-88.75	857.71
26.875	0	-89.375	852.329
27.5	0	-90	847.128
28.125	0	-90.625	842.624
28.75	0	-91.25	838.314
29.375	0	-91.875	834.482
30	0	-92.5	830.978
30.625	0	-93.125	827.872
31.25	0	-93.75	824.93
31.875	0	-94.375	822.517
32.5	0	-95	820.413
33.125	0	-95.625	818.63
33.75	0	-96.25	817.142
34.375	0	-96.875	815.922
35	0	-97.5	814.818
35.625	0	-98.125	813.752
36.25	0	-98.75	813.757
36.875	0	-99.375	813.149
37.5	0	-100	813.028
38.125	0	-100.625	812.627
38.75	0	-101.25	811.885
39.375	0	-101.875	811.771
40	0	-102.5	811.221
40.625	0	-103.125	811.326
41.25	0	-103.75	810.926
41.875	0	-104.375	811.256
42.5	0	-105	811.145
43.125	0	-105.625	811.193
43.75	0	-106.25	810.242
44.375	0	-106.875	810.346
45	0	-107.5	809.767
45.625	0	-108.125	808.39
46.25	0	-108.75	806.131
46.875	0	-109.375	805.526
18.75	0	-80	965.754
19.375	0	-80.625	970.079
20	0	-81.25	965.248
20.625	0	-81.875	950.769
21.25	0	-82.5	938.958
21.875	0	-83.125	929.275
22.5	0	-83.75	920.251
23.125	0	-84.375	913.84
23.75	0	-85	907.917
24.375	0	-85.625	901.995
25	0	-86.25	896.097
25.625	0	-86.875	890.704
26.25	0	-87.5	884.449
26.875	0	-88.125	878.582
27.5	0	-88.75	873.177
28.125	0	-89.375	867.843
28.75	0	-90	863.147
29.375	0	-90.625	858.583
30	0	-91.25	854.468
30.625	0	-91.875	850.661
31.25	0	-92.5	847.234
31.875	0	-93.125	843.963
32.5	0	-93.75	841.232
33.125	0	-94.375	838.823
33.75	0	-95	836.753
34.375	0	-95.625	835
35	0	-96.25	833.533
35.625	0	-96.875	832.196
36.25	0	-97.5	830.913
36.875	0	-98.125	830.754
37.5	0	-98.75	829.97
38.125	0	-99.375	829.699
38.75	0	-100	829.148
39.375	0	-100.625	828.258
40	0	-101.25	828.022
40.625	0	-101.875	827.346
41.25	0	-102.5	827.348
41.875	0	-103.125	826.841
42.5	0	-103.75	827.086
43.125	0	-104.375	826.886
43.75	0	-105	826.853
44.375	0	-105.625	825.805
45	0	-106.25	825.843
45.625	0	-106.875	825.188
46.25	0	-107.5	823.725
46.875	0	-108.125	821.369
47.5	0	-108.75	820.704
20	0	-80	971.74
20.625	0	-80.625	983.962
21.25	0	-81.25	971.276
21.875	0	-81.875	960.092
22.5	0	-82.5	949.178
23.125	0	-83.125	938.256
23.75	0	-83.75	931.14
24.375	0	-84.375	925.111
25	0	-85	919.425
25.625	0	-85.625	913.963
26.25	0	-86.25	909.096
26.875	0	-86.875	903.175
27.5	0	-87.5	897.561
28.125	0	-88.125	892.3
28.75	0	-88.75	886.981
29.375	0	-89.375	882.22
30	0	-90	877.506
30.625	0	-90.625	873.192
31.25	0	-91.25	869.148
31.875	0	-91.875	865.45
32.5	0	-92.5	861.89
33.125	0	-93.125	858.87
33.75	0	-93.75	856.18
34.375	0	-94.375	853.839
35	0	-95	851.835
35.625	0	-95.625	850.132
36.25	0	-96.25	848.572
36.875	0	-96.875	847.081
37.5	0	-97.5	846.765
38.125	0	-98.125	845.811
38.75	0	-98.75	845.397
39.375	0	-99.375	844.702
40	0	-100	843.671
40.625	0	-100.625	843.321
41.25	0	-101.25	842.527
41.875	0	-101.875	842.433
42.5	0	-102.5	841.826
43.125	0	-103.125	841.996
43.75	0	-103.75	841.716
44.375	0	-104.375	841.61
45	0	-105	840.475
45.625	0	-105.625	840.456
46.25	0	-106.25	839.735
46.875	0	-106.875	838.198
47.5	0	-107.5	835.758
48.125	0	-108.125	835.043
21.25	0	-80	973.758
21.875	0	-80.625	975.359
22.5	0	-81.25	972.053
23.125	0	-81.875	964.433
23.75	0	-82.5	952.533
24.375	0	-83.125	944.736
25	0	-83.75	938.405
25.625	0	-84.375	932.849
26.25	0	-85	927.888
26.875	0	-85.625	923.751
27.5	0	-86.25	918.401
28.125	0	-86.875	913.303
28.75	0	-87.5	908.444
29.375	0	-88.125	903.37
30	0	-88.75	898.744
30.625	0	-89.375	894.053
31.25	0	-90	889.684
31.875	0	-90.625	885.525
32.5	0	-91.25	881.653
33.125	0	-91.875	877.884
33.75	0	-92.5	874.639
34.375	0	-93.125	871.719
35	0	-93.75	869.152
35.625	0	-94.375	866.933
36.25	0	-95	865.024
36.875	0	-95.625	863.267
37.5	0	-96.25	861.591
38.125	0	-96.875	861.138
38.75	0	-97.5	860.034
39.375	0	-98.125	859.493
40	0	-98.75	858.671
40.625	0	-99.375	857.516
41.25	0	-100	857.065
41.875	0	-100.625	856.167
42.5	0	-101.25	855.992
43.125	0	-101.875	855.299
43.75	0	-102.5	855.406
44.375	0	-103.125	855.06
45	0	-103.75	854.894
45.625	0	-104.375	853.687
46.25	0	-105	853.625
46.875	0	-105.625	852.852
47.5	0	-106.25	851.257
48.125	0	-106.875	848.751
48.75	0	-107.5	848.001
22.5	0	-80	995.456
23.125	0	-80.625	979.847
23.75	0	-81.25	978.568
24.375	0	-81.875	966.944
25	0	-82.5	958.392
25.625	0	-83.125	950.944
26.25	0	-83.75	944.733
26.875	0	-84.375	939.794
27.5	0	-85	936.222
28.125	0	-85.625	931.42
28.75	0	-86.25	926.934
29.375	0	-86.875	922.623
30	0	-87.5	917.951
30.625	0	-88.125	913.611
31.25	0	-88.75	909.074
31.875	0	-89.375	904.764
32.5	0	-90	900.583
33.125	0	-90.625	896.609
33.75	0	-91.25	892.686
34.375	0	-91.875	889.256
35	0	-92.5	886.137
35.625	0	-93.125	883.366
36.25	0	-93.75	880.948
36.875	0	-94.375	878.843
37.5	0	-95	876.896
38.125	0	-95.625	875.039
38.75	0	-96.25	874.454
39.375	0	-96.875	873.201
40	0	-97.5	872.536
40.625	0	-98.125	871.587
41.25	0	-98.75	870.309
41.875	0	-99.375	869.76
42.5	0	-100	868.762
43.125	0	-100.625	868.507
43.75	0	-101.25	867.733
44.375	0	-101.875	867.779
45	0	-102.5	867.371
45.625	0	-103.125	867.151
46.25	0	-103.75	865.878
46.875	0	-104.375	865.779
47.5	0	-105	864.961
48.125	0	-105.625	863.315
48.75	0	-106.25	860.753
49.375	0	-106.875	859.977
23.75	0	-80	970.778
24.375	0	-80.625	986.997
25	0	-81.25	977.612
25.625	0	-81.875	971.222
26.25	0	-82.5	962.917
26.875	0	-83.125	955.374
27.5	0	-83.75	949.797
28.125	0	-84.375	946.458
28.75	0	-85	942.041
29.375	0	-85.625	938.193
30	0	-86.25	934.555
30.625	0	-86.875	930.446
31.25	0	-87.5	926.562
31.875	0	-88.125	922.341
32.5	0	-88.75	918.231
33.125	0	-89.375	914.15
33.75	0	-90	910.17
34.375	0	-90.625	906.17
35	0	-91.25	902.615
35.625	0	-91.875	899.341
36.25	0	-92.5	896.399
36.875	0	-93.125	893.806
37.5	0	-93.75	891.525
38.125	0	-94.375	889.4
38.75	0	-95	887.371
39.375	0	-95.625	886.661
40	0	-96.25	885.264
40.625	0	-96.875	884.477
41.25	0	-97.5	883.405
41.875	0	-98.125	882.007
42.5	0	-98.75	881.362
43.125	0	-99.375	880.265
43.75	0	-100	879.932
44.375	0	-100.625	879.079
45	0	-101.25	879.068
45.625	0	-101.875	878.601
46.25	0	-102.5	878.33
46.875	0	-103.125	876.996
47.5	0	-103.75	876.865
48.125	0	-104.375	876.008
48.75	0	-105	874.32
49.375	0	-105.625	871.711
50	0	-106.25	870.916
25	0	-80	1025.56
25.625	0	-80.625	983.152
26.25	0	-81.25	982.627
26.875	0	-81.875	975.551
27.5	0	-82.5	966.398
28.125	0	-83.125	959.194
28.75	0	-83.75	955.352
29.375	0	-84.375	950.783
30	0	-85	947.347
30.625	0	-85.625	944.355
31.25	0	-86.25	940.884
31.875	0	-86.875	937.584
32.5	0	-87.5	933.824
33.125	0	-88.125	930.058
33.75	0	-88.75	926.204
34.375	0	-89.375	922.324
35	0	-90	918.333
35.625	0	-90.625	914.716
36.25	0	-91.25	911.337
36.875	0	-91.875	908.26
37.5	0	-92.5	905.519
38.125	0	-93.125	903.078
38.75	0	-93.75	900.787
39.375	0	-94.375	898.594
40	0	-95	897.762
40.625	0	-95.625	896.222
41.25	0	-96.25	895.314
41.875	0	-96.875	894.117
42.5	0	-97.5	892.597
43.125	0	-98.125	891.854
43.75	0	-98.75	890.658
44.375	0	-99.375	890.245
45	0	-100	889.312
45.625	0	-100.625	889.243
46.25	0	-101.25	888.718
46.875	0	-101.875	888.395
47.5	0	-102.5	887.004
48.125	0	-103.125	886.842
48.75	0	-103.75	885.95
49.375	0	-104.375	884.225
50	0	-105	881.576
50.625	0	-105.625	880.768
26.25	0	-80	962.662
26.875	0	-80.625	985.098
27.5	0	-81.25	984.897
28.125	0	-81.875	976.997
28.75	0	-82.5	968.245
29.375	0	-83.125	963.358
30	0	-83.75	957.929
30.625	0	-84.375	954.498
31.25	0	-85	952
31.875	0	-85.625	949.172
32.5	0	-86.25	946.559
33.125	0	-86.875	943.409
33.75	0	-87.5	940.15
34.375	0	-88.125	936.681
35	0	-88.75	933.033
35.625	0	-89.375	929.162
36.25	0	-90	925.574
36.875	0	-90.625	922.16
37.5	0	-91.25	919.001
38.125	0	-91.875	916.152
38.75	0	-92.5	913.58
39.375	0	-93.125	911.142
40	0	-93.75	908.797
40.625	0	-94.375	907.853
41.25	0	-95	906.175
41.875	0	-95.625	905.147
42.5	0	-96.25	903.825
43.125	0	-96.875	902.183
43.75	0	-97.5	901.34
44.375	0	-98.125	900.041
45	0	-98.75	899.546
45.625	0	-99.375	898.531
46.25	0	-100	898.401
46.875	0	-100.625	897.816
47.5	0	-101.25	897.442
48.125	0	-101.875	895.993
48.75	0	-102.5	895.802
49.375	0	-103.125	894.877
50	0	-103.75	893.118
50.625	0	-104.375	890.436
51.25	0	-105	889.619
27.5	0	-80	983.609
28.125	0	-80.625	985.308
28.75	0	-81.25	985.082
29.375	0	-81.875	977.27
30	0	-82.5	971.662
30.625	0	-83.125	964.539
31.25	0	-83.75	960.403
31.875	0	-84.375	957.972
32.5	0	-85	955.59
33.125	0	-85.625	953.645
33.75	0	-86.25	951.189
34.375	0	-86.875	948.571
35	0	-87.5	945.641
35.625	0	-88.125	942.364
36.25	0	-88.75	938.738
36.875	0	-89.375	935.278
37.5	0	-90	931.909
38.125	0	-90.625	928.732
38.75	0	-91.25	925.822
39.375	0	-91.875	923.153
40	0	-92.5	920.592
40.625	0	-93.125	918.111
41.25	0	-93.75	917.065
41.875	0	-94.375	915.253
42.5	0	-95	914.107
43.125	0	-95.625	912.658
43.75	0	-96.25	910.89
44.375	0	-96.875	909.942
45	0	-97.5	908.536
45.625	0	-98.125	907.954
46.25	0	-98.75	906.852
46.875	0	-99.375	906.657
47.5	0	-100	906.008
48.125	0	-100.625	905.578
48.75	0	-101.25	904.069
49.375	0	-101.875	903.846
50	0	-102.5	902.887
50.625	0	-103.125	901.096
51.25	0	-103.75	898.382
51.875	0	-104.375	897.558
28.75	0	-80	1013.13
29.375	0	-80.625	998.02
30	0	-81.25	990.7
30.625	0	-81.875	985.598
31.25	0	-82.5	975.368
31.875	0	-83.125	968.873
32.5	0	-83.75	965.205
33.125	0	-84.375	962.381
33.75	0	-85	960.599
34.375	0	-85.625	958.592
35	0	-86.25	956.536
35.625	0	-86.875	954.157
36.25	0	-87.5	951.292
36.875	0	-88.125	947.965
37.5	0	-88.75	944.681
38.125	0	-89.375	941.397
38.75	0	-90	938.227
39.375	0	-90.625	935.272
40	0	-91.25	932.511
40.625	0	-91.875	929.821
41.25	0	-92.5	927.192
41.875	0	-93.125	926.031
42.5	0	-93.75	924.065
43.125	0	-94.375	922.779
43.75	0	-95	921.179
44.375	0	-95.625	919.261
45	0	-96.25	918.185
45.625	0	-96.875	916.649
46.25	0	-97.5	915.956
46.875	0	-98.125	914.745
47.5	0	-98.75	914.464
48.125	0	-99.375	913.733
48.75	0	-100	913.23
49.375	0	-100.625	911.645
50	0	-101.25	911.377
50.625	0	-101.875	910.372
51.25	0	-102.5	908.538
51.875	0	-103.125	905.786
52.5	0	-103.75	904.948
30	0	-80	1021.58
30.625	0	-80.625	992.457
31.25	0	-81.25	995.981
31.875	0	-81.875	985.857
32.5	0	-82.5	977.439
33.125	0	-83.125	971.994
33.75	0	-83.75	968.078
34.375	0	-84.375	966.038
35	0	-85	964.296
35.625	0	-85.625	962.795
36.25	0	-86.25	961.069
36.875	0	-86.875	958.751
37.5	0	-87.5	955.873
38.125	0	-88.125	952.901
38.75	0	-88.75	949.822
39.375	0	-89.375	946.761
40	0	-90	943.841
40.625	0	-90.625	941.048
41.25	0	-91.25	938.275
41.875	0	-91.875	935.53
42.5	0	-92.5	934.276
43.125	0	-93.125	932.169
43.75	0	-93.75	930.749
44.375	0	-94.375	928.998
45	0	-95	926.926
45.625	0	-95.625	925.717
46.25	0	-96.25	924.042
46.875	0	-96.875	923.23
47.5	0	-97.5	921.901
48.125	0	-98.125	921.525
48.75	0	-98.75	920.702
49.375	0	-99.375	920.116
50	0	-100	918.449
50.625	0	-100.625	918.128
51.25	0	-101.25	917.071
51.875	0	-101.875	915.192
52.5	0	-102.5	912.399
53.125	0	-103.125	911.544
31.25	0	-80	997.753
31.875	0	-80.625	997.111
32.5	0	-81.25	993.163
33.125	0	-81.875	986.031
33.75	0	-82.5	979.226
34.375	0	-83.125	973.555
35	0	-83.75	970.575
35.625	0	-84.375	968.652
36.25	0	-85	967.515
36.875	0	-85.625	966.441
37.5	0	-86.25	964.747
38.125	0	-86.875	962.45
38.75	0	-87.5	959.928
39.375	0	-88.125	957.188
40	0	-88.75	954.352
40.625	0	-89.375	951.567
41.25	0	-90	948.821
41.875	0	-90.625	946.022
42.5	0	-91.25	943.203
43.125	0	-91.875	941.889
43.75	0	-92.5	939.66
44.375	0	-93.125	938.117
45	0	-93.75	936.219
45.625	0	-94.375	933.992
46.25	0	-95	932.645
46.875	0	-95.625	930.824
47.5	0	-96.25	929.883
48.125	0	-96.875	928.425
48.75	0	-97.5	927.943
49.375	0	-98.125	927.016
50	0	-98.75	926.337
50.625	0	-99.375	924.577
51.25	0	-100	924.194
51.875	0	-100.625	923.077
52.5	0	-101.25	921.145
53.125	0	-101.875	918.308
53.75	0	-102.5	917.431
32.5	0	-80	991.475
33.125	0	-80.625	995.907
33.75	0	-81.25	993.987
34.375	0	-81.875	988.517
35	0	-82.5	980.922
35.625	0	-83.125	976.054
36.25	0	-83.75	973.055
36.875	0	-84.375	971.713
37.5	0	-85	971.03
38.125	0	-85.625	969.864
38.75	0	-86.25	968.179
39.375	0	-86.875	966.187
40	0	-87.5	963.89
40.625	0	-88.125	961.384
41.25	0	-88.75	958.827
41.875	0	-89.375	956.204
42.5	0	-90	953.438
43.125	0	-90.625	950.588
43.75	0	-91.25	949.245
44.375	0	-91.875	946.909
45	0	-92.5	945.25
45.625	0	-93.125	943.203
46.25	0	-93.75	940.813
46.875	0	-94.375	939.316
47.5	0	-95	937.334
48.125	0	-95.625	936.245
48.75	0	-96.25	934.641
49.375	0	-96.875	934.033
50	0	-97.5	932.985
50.625	0	-98.125	932.194
51.25	0	-98.75	930.323
51.875	0	-99.375	929.862
52.5	0	-100	928.671
53.125	0	-100.625	926.674
53.75	0	-101.25	923.781
54.375	0	-101.875	922.873
33.75	0	-80	996.148
34.375	0	-80.625	993.046
35	0	-81.25	995.248
35.625	0	-81.875	988.51
36.25	0	-82.5	981.98
36.875	0	-83.125	977.185
37.5	0	-83.75	974.945
38.125	0	-84.375	974.252
38.75	0	-85	973.412
39.375	0	-85.625	972.327
40	0	-86.25	970.94
40.625	0	-86.875	969.215
41.25	0	-87.5	967.182
41.875	0	-88.125	964.992
42.5	0	-88.75	962.615
43.125	0	-89.375	959.985
43.75	0	-90	957.186
44.375	0	-90.625	955.881
45	0	-91.25	953.486
45.625	0	-91.875	951.746
46.25	0	-92.5	949.571
46.875	0	-93.125	947.031
47.5	0	-93.75	945.389
48.125	0	-94.375	943.246
48.75	0	-95	942.007
49.375	0	-95.625	940.248
50	0	-96.25	939.506
50.625	0	-96.875	938.326
51.25	0	-97.5	937.41
51.875	0	-98.125	935.418
52.5	0	-98.75	934.869
53.125	0	-99.375	933.593
53.75	0	-100	931.522
54.375	0	-100.625	928.568
55	0	-101.25	927.62
35	0	-80	976.976
35.625	0	-80.625	991.645
36.25	0	-81.25	992.481
36.875	0	-81.875	987.905
37.5	0	-82.5	981.72
38.125	0	-83.125	978.037
38.75	0	-83.75	976.801
39.375	0	-84.375	975.895
40	0	-85	975.267
40.625	0	-85.625	974.479
41.25	0	-86.25	973.421
41.875	0	-86.875	971.998
42.5	0	-87.5	970.328
43.125	0	-88.125	968.341
43.75	0	-88.75	965.97
44.375	0	-89.375	963.326
45	0	-90	962.147
45.625	0	-90.625	959.755
46.25	0	-91.25	957.98
46.875	0	-91.875	955.709
47.5	0	-92.5	953.038
48.125	0	-93.125	951.262
48.75	0	-93.75	948.959
49.375	0	-94.375	947.566
50	0	-95	945.646
50.625	0	-95.625	944.758
51.25	0	-96.25	943.433
51.875	0	-96.875	942.38
52.5	0	-97.5	940.252
53.125	0	-98.125	939.601
53.75	0	-98.75	938.226
54.375	0	-99.375	936.069
55	0	-100	933.043
55.625	0	-100.625	932.046
36.25	0	-80	1015.99
36.875	0	-80.625	997.559
37.5	0	-81.25	997.069
38.125	0	-81.875	990.271
38.75	0	-82.5	984.223
39.375	0	-83.125	981.203
40	0	-83.75	979.102
40.625	0	-84.375	978.241
41.25	0	-85	977.649
41.875	0	-85.625	977.095
42.5	0	-86.25	976.261
43.125	0	-86.875	975.166
43.75	0	-87.5	973.651
44.375	0	-88.125	971.63
45	0	-88.75	969.224
45.625	0	-89.375	968.245
46.25	0	-90	965.911
46.875	0	-90.625	964.143
47.5	0	-91.25	961.798
48.125	0	-91.875	959.009
48.75	0	-92.5	957.102
49.375	0	-93.125	954.635
50	0	-93.75	953.076
50.625	0	-94.375	950.978
51.25	0	-95	949.928
51.875	0	-95.625	948.438
52.5	0	-96.25	947.225
53.125	0	-96.875	944.939
53.75	0	-97.5	944.164
54.375	0	-98.125	942.672
55	0	-98.75	940.41
55.625	0	-99.375	937.293
56.25	0	-100	936.232
37.5	0	-80	998.478
38.125	0	-80.625	999.181
38.75	0	-81.25	996.59
39.375	0	-81.875	990.928
40	0	-82.5	986.416
40.625	0	-83.125	982.335
41.25	0	-83.75	980.549
41.875	0	-84.375	979.662
42.5	0	-85	979.395
43.125	0	-85.625	979.111
43.75	0	-86.25	978.672
44.375	0	-86.875	977.763
45	0	-87.5	976.238
45.625	0	-88.125	974.215
46.25	0	-88.75	973.574
46.875	0	-89.375	971.407
47.5	0	-90	969.735
48.125	0	-90.625	967.387
48.75	0	-91.25	964.53
49.375	0	-91.875	962.529
50	0	-92.5	959.921
50.625	0	-93.125	958.209
51.25	0	-93.75	955.939
51.875	0	-94.375	954.726
52.5	0	-95	953.067
53.125	0	-95.625	951.686
53.75	0	-96.25	949.231
54.375	0	-96.875	948.322
55	0	-97.5	946.699
55.625	0	-98.125	944.321
56.25	0	-98.75	941.105
56.875	0	-99.375	939.968
38.75	0	-80	1019.14
39.375	0	-80.625	1001.75
40	0	-81.25	998.095
40.625	0	-81.875	994.06
41.25	0	-82.5	987.574
41.875	0	-83.125	983.944
42.5	0	-83.75	981.84
43.125	0	-84.375	981.28
43.75	0	-85	981.252
44.375	0	-85.625	981.389
45	0	-86.25	981.122
45.625	0	-86.875	980.192
46.25	0	-87.5	978.676
46.875	0	-88.125	978.504
47.5	0	-88.75	976.616
48.125	0	-89.375	975.138
48.75	0	-90	972.86
49.375	0	-90.625	969.991
50	0	-91.25	967.938
50.625	0	-91.875	965.214
51.25	0	-92.5	963.365
51.875	0	-93.125	960.927
52.5	0	-93.75	959.549
53.125	0	-94.375	957.712
53.75	0	-95	956.151
54.375	0	-95.625	953.512
55	0	-96.25	952.454
55.625	0	-96.875	950.684
56.25	0	-97.5	948.174
56.875	0	-98.125	944.842
57.5	0	-98.75	943.615
40	0	-80	1028.86
40.625	0	-80.625	1001.08
41.25	0	-81.25	1000.37
41.875	0	-81.875	993.42
42.5	0	-82.5	988.021
43.125	0	-83.125	983.837
43.75	0	-83.75	982.226
44.375	0	-84.375	981.971
45	0	-85	982.483
45.625	0	-85.625	982.837
46.25	0	-86.25	982.593
46.875	0	-86.875	981.731
47.5	0	-87.5	982.202
48.125	0	-88.125	980.755
48.75	0	-88.75	979.616
49.375	0	-89.375	977.532
50	0	-90	974.754
50.625	0	-90.625	972.729
51.25	0	-91.25	969.953
51.875	0	-91.875	968.011
52.5	0	-92.5	965.439
53.125	0	-93.125	963.918
53.75	0	-93.75	961.917
54.375	0	-94.375	960.181
55	0	-95	957.36
55.625	0	-95.625	956.151
56.25	0	-96.25	954.23
56.875	0	-96.875	951.581
57.5	0	-97.5	948.13
58.125	0	-98.125	946.806
41.25	0	-80	1007.48
41.875	0	-80.625	1000.28
42.5	0	-81.25	997.912
43.125	0	-81.875	993.941
43.75	0	-82.5	987.664
44.375	0	-83.125	984.171
45	0	-83.75	982.858
45.625	0	-84.375	983.22
46.25	0	-85	983.93
46.875	0	-85.625	984.296
47.5	0	-86.25	984.136
48.125	0	-86.875	985.375
48.75	0	-87.5	984.498
49.375	0	-88.125	983.834
50	0	-88.75	982.061
50.625	0	-89.375	979.473
51.25	0	-90	977.557
51.875	0	-90.625	974.788
52.5	0	-91.25	972.796
53.125	0	-91.875	970.118
53.75	0	-92.5	968.47
54.375	0	-93.125	966.313
55	0	-93.75	964.401
55.625	0	-94.375	961.389
56.25	0	-95	960.021
56.875	0	-95.625	957.936
57.5	0	-96.25	955.135
58.125	0	-96.875	951.548
58.75	0	-97.5	950.113
42.5	0	-80	1021.48
43.125	0	-80.625	1000.02
43.75	0	-81.25	1001.36
44.375	0	-81.875	994.404
45	0	-82.5	988.52
45.625	0	-83.125	984.972
46.25	0	-83.75	984.204
46.875	0	-84.375	984.623
47.5	0	-85	985.263
48.125	0	-85.625	985.695
48.75	0	-86.25	987.747
49.375	0	-86.875	987.535
50	0	-87.5	987.475
50.625	0	-88.125	986.14
51.25	0	-88.75	983.86
51.875	0	-89.375	982.156
52.5	0	-90	979.476
53.125	0	-90.625	977.497
53.75	0	-91.25	974.758
54.375	0	-91.875	973.017
55	0	-92.5	970.722
55.625	0	-93.125	968.645
56.25	0	-93.75	965.445
56.875	0	-94.375	963.915
57.5	0	-95	961.66
58.125	0	-95.625	958.698
58.75	0	-96.25	954.966
59.375	0	-96.875	953.408
43.75	0	-80	980.59
44.375	0	-80.625	1006.27
45	0	-81.25	1002.1
45.625	0	-81.875	996.03
46.25	0	-82.5	989.839
46.875	0	-83.125	986.861
47.5	0	-83.75	985.995
48.125	0	-84.375	986.242
48.75	0	-85	986.914
49.375	0	-85.625	989.68
50	0	-86.25	990.14
50.625	0	-86.875	990.77
51.25	0	-87.5	989.985
51.875	0	-88.125	988.129
52.5	0	-88.75	986.748
53.125	0	-89.375	984.249
53.75	0	-90	982.357
54.375	0	-90.625	979.612
55	0	-91.25	977.819
55.625	0	-91.875	975.414
56.25	0	-92.5	973.184
56.875	0	-93.125	969.8
57.5	0	-93.75	968.108
58.125	0	-94.375	965.676
58.75	0	-95	962.543
59.375	0	-95.625	958.654
60	0	-96.25	956.962
45	0	-80	985.275
45.625	0	-80.625	996.445
46.25	0	-81.25	998.289
46.875	0	-81.875	993.114
47.5	0	-82.5	988.676
48.125	0	-83.125	986.163
48.75	0	-83.75	985.523
49.375	0	-84.375	986.129
50	0	-85	989.546
50.625	0	-85.625	990.73
51.25	0	-86.25	992.205
51.875	0	-86.875	992.16
52.5	0	-87.5	990.934
53.125	0	-88.125	990.07
53.75	0	-88.75	987.928
54.375	0	-89.375	986.272
55	0	-90	983.648
55.625	0	-90.625	981.905
56.25	0	-91.25	979.472
56.875	0	-91.875	977.153
57.5	0	-92.5	973.635
58.125	0	-93.125	971.819
58.75	0	-93.75	969.239
59.375	0	-94.375	965.958
60	0	-95	961.929
60.625	0	-95.625	960.113
46.25	0	-80	988.75
46.875	0	-80.625	1004.88
47.5	0	-81.25	1000.39
48.125	0	-81.875	995.266
48.75	0	-82.5	990.196
49.375	0	-83.125	987.28
50	0	-83.75	986.664
50.625	0	-84.375	990.038
51.25	0	-85	991.515
51.875	0	-85.625	993.664
52.5	0	-86.25	994.321
53.125	0	-86.875	993.776
53.75	0	-87.5	993.522
54.375	0	-88.125	991.833
55	0	-88.75	990.506
55.625	0	-89.375	988.081
56.25	0	-90	986.453
56.875	0	-90.625	984.041
57.5	0	-91.25	981.666
58.125	0	-91.875	978.032
58.75	0	-92.5	976.105
59.375	0	-93.125	973.38
60	0	-93.75	969.946
60.625	0	-94.375	965.77
61.25	0	-95	963.822
47.5	0	-80	1012.31
48.125	0	-80.625	1001.14
48.75	0	-81.25	999.153
49.375	0	-81.875	994.28
50	0	-82.5	989.344
50.625	0	-83.125	986.839
51.25	0	-83.75	989.562
51.875	0	-84.375	990.86
52.5	0	-85	993.486
53.125	0	-85.625	994.818
53.75	0	-86.25	995.047
54.375	0	-86.875	995.556
55	0	-87.5	994.495
55.625	0	-88.125	993.663
56.25	0	-88.75	991.594
56.875	0	-89.375	990.219
57.5	0	-90	987.943
58.125	0	-90.625	985.605
58.75	0	-91.25	981.931
59.375	0	-91.875	979.955
60	0	-92.5	977.132
60.625	0	-93.125	973.584
61.25	0	-93.75	969.291
61.875	0	-94.375	967.232
48.75	0	-80	1018.4
49.375	0	-80.625	1003.54
50	0	-81.25	1000.37
50.625	0	-81.875	995.108
51.25	0	-82.5	990.208
51.875	0	-83.125	991.254
52.5	0	-83.75	991.291
53.125	0	-84.375	993.702
53.75	0	-85	995.295
54.375	0	-85.625	996.126
55	0	-86.25	997.377
55.625	0	-86.875	996.997
56.25	0	-87.5	996.75
56.875	0	-88.125	995.14
57.5	0	-88.75	994.117
58.125	0	-89.375	992.066
58.75	0	-90	989.836
59.375	0	-90.625	986.177
60	0	-91.25	984.196
60.625	0	-91.875	981.307
61.25	0	-92.5	977.666
61.875	0	-93.125	973.269
62.5	0	-93.75	971.109
50	0	-80	992.654
50.625	0	-80.625	1000.55
51.25	0	-81.25	1000.6
51.875	0	-81.875	995.931
52.5	0	-82.5	995.441
53.125	0	-83.125	993.233
53.75	0	-83.75	994.554
54.375	0	-84.375	995.767
55	0	-85	996.852
55.625	0	-85.625	998.717
56.25	0	-86.25	999.015
56.875	0	-86.875	999.422
57.5	0	-87.5	998.377
58.125	0	-88.125	997.826
58.75	0	-88.75	996.112
59.375	0	-89.375	994.088
60	0	-90	990.526
60.625	0	-90.625	988.611
61.25	0	-91.25	985.71
61.875	0	-91.875	982.018
62.5	0	-92.5	977.551
63.125	0	-93.125	975.314
51.25	0	-80	987.892
51.875	0	-80.625	1001.39
52.5	0	-81.25	1001.8
53.125	0	-81.875	1002.46
53.75	0	-82.5	997.796
54.375	0	-83.125	997.135
55	0	-83.75	997.014
55.625	0	-84.375	997.698
56.25	0	-85	999.815
56.875	0	-85.625	1000.63
57.5	0	-86.25	1001.67
58.125	0	-86.875	1001.25
58.75	0	-87.5	1001.27
59.375	0	-88.125	1000.01
60	0	-88.75	998.301
60.625	0	-89.375	994.933
61.25	0	-90	993.172
61.875	0	-90.625	990.332
62.5	0	-91.25	986.647
63.125	0	-91.875	982.157
63.75	0	-92.5	979.881
52.5	0	-80	1011.71
53.125	0	-80.625	994.979
53.75	0	-81.25	1004.43
54.375	0	-81.875	1001.17
55	0	-82.5	999.593
55.625	0	-83.125	997.846
56.25	0	-83.75	997.625
56.875	0	-84.375	999.633
57.5	0	-85	1000.79
58.125	0	-85.625	1002.41
58.75	0	-86.25	1002.7
59.375	0	-86.875	1003.44
60	0	-87.5	1002.8
60.625	0	-88.125	1001.56
61.25	0	-88.75	998.542
61.875	0	-89.375	997.077
62.5	0	-90	994.42
63.125	0	-90.625	990.849
63.75	0	-91.25	986.428
64.375	0	-91.875	984.188
53.75	0	-80	1015.27
54.375	0	-80.625	1005.32
55	0	-81.25	1004
55.625	0	-81.875	1004
56.25	0	-82.5	1000.7
56.875	0	-83.125	998.759
57.5	0	-83.75	999.819
58.125	0	-84.375	1000.68
58.75	0	-85	1002.52
59.375	0	-85.625	1003.36
60	0	-86.25	1004.79
60.625	0	-86.875	1004.85
61.25	0	-87.5	1004.19
61.875	0	-88.125	1001.64
62.5	0	-88.75	1000.6
63.125	0	-89.375	998.245
63.75	0	-90	994.893
64.375	0	-90.625	990.633
65	0	-91.25	988.51
55	0	-80	992.251
55.625	0	-80.625	1000.98
56.25	0	-81.25	1007.77
56.875	0	-81.875	1006.03
57.5	0	-82.5	1002.64
58.125	0	-83.125	1001.96
58.75	0	-83.75	1001.6
59.375	0	-84.375	1002.92
60	0	-85	1003.87
60.625	0	-85.625	1005.81
61.25	0	-86.25	1006.49
61.875	0	-86.875	1006.44
62.5	0	-87.5	1004.44
63.125	0	-88.125	1003.92
63.75	0	-88.75	1001.97
64.375	0	-89.375	998.941
65	0	-90	994.939
65.625	0	-90.625	993.016
56.25	0	-80	991.828
56.875	0	-80.625	1002.64
57.5	0	-81.25	1006.15
58.125	0	-81.875	1004.91
58.75	0	-82.5	1003.35
59.375	0	-83.125	1001.36
60	0	-83.75	1001.47
60.625	0	-84.375	1002.03
61.25	0	-85	1004.19
61.875	0	-85.625	1005.43
62.5	0	-86.25	1006
63.125	0	-86.875	1004.66
63.75	0	-87.5	1004.83
64.375	0	-88.125	1003.45
65	0	-88.75	1000.92
65.625	0	-89.375	997.342
66.25	0	-90	995.771
57.5	0	-80	1012.7
58.125	0	-80.625	1002.04
58.75	0	-81.25	1005.87
59.375	0	-81.875	1006.6
60	0	-82.5	1003.49
60.625	0	-83.125	1001.61
61.25	0	-83.75	1000.95
61.875	0	-84.375	1002.69
62.5	0	-85	1004.08
63.125	0	-85.625	1005.06
63.75	0	-86.25	1004.31
64.375	0	-86.875	1005.2
65	0	-87.5	1004.49
65.625	0	-88.125	1002.56
66.25	0	-88.75	999.531
66.875	0	-89.375	998.431
58.75	0	-80	1003.36
59.375	0	-80.625	991.591
60	0	-81.25	1003.5
60.625	0	-81.875	1003.96
61.25	0	-82.5	1001.09
61.875	0	-83.125	998.918
62.5	0	-83.75	999.651
63.125	0	-84.375	1000.73
63.75	0	-85	1001.8
64.375	0	-85.625	1001.5
65	0	-86.25	1003.12
65.625	0	-86.875	1003.15
66.25	0	-87.5	1001.95
66.875	0	-88.125	999.63
67.5	0	-88.75	999.159
60	0	-80	992.566
60.625	0	-80.625	990.853
61.25	0	-81.25	1001.9
61.875	0	-81.875	1001.44
62.5	0	-82.5	998.495
63.125	0	-83.125	997.678
63.75	0	-83.75	997.67
64.375	0	-84.375	998.123
65	0	-85	997.802
65.625	0	-85.625	999.916
66.25	0	-86.25	1000.59
66.875	0	-86.875	1000.13
67.5	0	-87.5	998.58
68.125	0	-88.125	998.839
61.25	0	-80	997.624
61.875	0	-80.625	1003.91
62.5	0	-81.25	1005.24
63.125	0	-81.875	1003.46
63.75	0	-82.5	1000.76
64.375	0	-83.125	998.458
65	0	-83.75	996.908
65.625	0	-84.375	995.489
66.25	0	-85	997.382
66.875	0	-85.625	998.231
67.5	0	-86.25	998.243
68.125	0	-86.875	997.359
68.75	0	-87.5	998.318
62.5	0	-80	981.337
63.125	0	-80.625	996.145
63.75	0	-81.25	1002.8
64.375	0	-81.875	1002.52
65	0	-82.5	999.146
65.625	0	-83.125	995.133
66.25	0	-83.75	991.843
66.875	0	-84.375	992.879
67.5	0	-85	993.443
68.125	0	-85.625	993.659
68.75	0	-86.25	993.331
69.375	0	-86.875	994.981
63.75	0	-80	990.131
64.375	0	-80.625	1002.56
65	0	-81.25	1006.42
65.625	0	-81.875	1004.89
66.25	0	-82.5	998.292
66.875	0	-83.125	991.983
67.5	0	-83.75	990.944
68.125	0	-84.375	990.16
68.75	0	-85	989.802
69.375	0	-85.625	989.528
70	0	-86.25	991.562
65	0	-80	1001.18
65.625	0	-80.625	1000.84
66.25	0	-81.25	1007.24
66.875	0	-81.875	1001.5
67.5	0	-82.5	993.035
68.125	0	-83.125	989.478
68.75	0	-83.75	986.483
69.375	0	-84.375	984.749
70	0	-85	983.953
70.625	0	-85.625	985.988
66.25	0	-80	988.765
66.875	0	-80.625	1010.77
67.5	0	-81.25	1007.81
68.125	0	-81.875	1000.03
68.75	0	-82.5	994.348
69.375	0	-83.125	988.163
70	0	-83.75	983.769
70.625	0	-84.375	981.349
71.25	0	-85	982.532
67.5	0	-80	1016.77
68.125	0	-80.625	1002.88
68.75	0	-81.25	1001.24
69.375	0	-81.875	998.442
70	0	-82.5	990.814
70.625	0	-83.125	983.72
71.25	0	-83.75	979.102
71.875	0	-84.375	978.768
68.75	0	-80	1019.14
69.375	0	-80.625	1003
70	0	-81.25	1004.53
70.625	0	-81.875	998.941
71.25	0	-82.5	990
71.875	0	-83.125	982.736
72.5	0	-83.75	979.962
70	0	-80	1025.16
70.625	0	-80.625	1004.01
71.25	0	-81.25	1004.14
71.875	0	-81.875	997.744
72.5	0	-82.5	989.853
73.125	0	-83.125	984.928
71.25	0	-80	993.102
71.875	0	-80.625	1005.2
72.5	0	-81.25	1004.63
73.125	0	-81.875	1001.2
73.75	0	-82.5	996.464
72.5	0	-80	1030.77
73.125	0	-80.625	1006.58
73.75	0	-81.25	1007.49
74.375	0	-81.875	1007.46
73.75	0	-80	1010.3
74.375	0	-80.625	1002.41
75	0	-81.25	1007.63
75	0	-80	1012.56
75.625	0	-80.625	999.633
76.25	0	-80	998.129
-78.75	0	-78.75	-264661
-78.125	0	-78.125	920.192
-77.5	0	-77.5	935.745
-76.875	0	-76.875	942.843
-76.25	0	-76.25	946.764
-75.625	0	-75.625	948.793
-75	0	-75	949.929
-74.375	0	-74.375	950.582
-73.75	0	-73.75	951.047
-73.125	0	-73.125	951.453
-72.5	0	-72.5	951.791
-71.875	0	-71.875	952.109
-71.25	0	-71.25	952.422
-70.625	0	-70.625	952.665
-70	0	-70	952.897
-69.375	0	-69.375	953.131
-68.75	0	-68.75	953.303
-68.125	0	-68.125	953.491
-67.5	0	-67.5	953.631
-66.875	0	-66.875	953.778
-66.25	0	-66.25	953.886
-65.625	0	-65.625	953.992
-65	0	-65	954.078
-64.375	0	-64.375	954.158
-63.75	0	-63.75	954.233
-63.125	0	-63.125	954.296
-62.5	0	-62.5	954.36
-61.875	0	-61.875	954.423
-61.25	0	-61.25	954.482
-60.625	0	-60.625	954.54
-60	0	-60	954.604
-59.375	0	-59.375	954.67
-58.75	0	-58.75	954.734
-58.125	0	-58.125	954.809
-57.5	0	-57.5	954.879
-56.875	0	-56.875	954.951
-56.25	0	-56.25	955.028
-55.625	0	-55.625	955.103
-55	0	-55	955.181
-54.375	0	-54.375	955.258
-53.75	0	-53.75	955.34
-53.125	0	-53.125	955.416
-52.5	0	-52.5	955.498
-51.875	0	-51.875	955.58
-51.25	0	-51.25	955.657
-50.625	0	-50.625	955.738
-50	0	-50	955.813
-49.375	0	-49.375	955.884
-48.75	0	-48.75	955.951
-48.125	0	-48.125	956.011
-47.5	0	-47.5	956.056
-46.875	0	-46.875	956.09
-46.25	0	-46.25	956.104
-45.625	0	-45.625	956.097
-45	0	-45	956.064
-44.375	0	-44.375	955.995
-43.75	0	-43.75	955.898
-43.125	0	-43.125	955.761
-42.5	0	-42.5	955.583
-41.875	0	-41.875	955.367
-41.25	0	-41.25	955.124
-40.625	0	-40.625	954.855
-40	0	-40	954.573
-39.375	0	-39.375	954.293
-38.75	0	-38.75	954.025
-38.125	0	-38.125	953.781
-37.5	0	-37.5	953.569
-36.875	0	-36.875	953.396
-36.25	0	-36.25	953.26
-35.625	0	-35.625	953.165
-35	0	-35	953.105
-34.375	0	-34.375	953.071
-33.75	0	-33.75	953.067
-33.125	0	-33.125	953.083
-32.5	0	-32.5	953.117
-31.875	0	-31.875	953.167
-31.25	0	-31.25	953.226
-30.625	0	-30.625	953.294
-30	0	-30	953.37
-29.375	0	-29.375	953.445
-28.75	0	-28.75	953.525
-28.125	0	-28.125	953.607
-27.5	0	-27.5	953.688
-26.875	0	-26.875	953.769
-26.25	0	-26.25	953.849
-25.625	0	-25.625	953.932
-25	0	-25	954.013
-24.375	0	-24.375	954.092
-23.75	0	-23.75	954.172
-23.125	0	-23.125	954.248
-22.5	0	-22.5	954.325
-21.875	0	-21.875	954.402
-21.25	0	-21.25	954.476
-20.625	0	-20.625	954.55
-20	0	-20	954.619
-19.375	0	-19.375	954.692
-18.75	0	-18.75	954.765
-18.125	0	-18.125	954.842
-17.5	0	-17.5	954.915
-16.875	0	-16.875	954.998
-16.25	0	-16.25	955.077
-15.625	0	-15.625	955.166
-15	0	-15	955.265
-14.375	0	-14.375	955.379
-13.75	0	-13.75	955.501
-13.125	0	-13.125	955.641
-12.5	0	-12.5	955.808
-11.875	0	-11.875	955.962
-11.25	0	-11.25	956.156
-10.625	0	-10.625	956.344
-10	0	-10	956.558
-9.375	0	-9.375	956.82
-8.75	0	-8.75	957.05
-8.125	0	-8.125	957.321
-7.5	0	-7.5	957.532
-6.875	0	-6.875	957.799
-6.25	0	-6.25	957.977
-5.625	0	-5.625	958.223
-5	0	-5	958.487
-4.375	0	-4.375	959.094
-3.75	0	-3.75	960.064
-3.125	0	-3.125	961.704
-2.5	0	-2.5	964.157
-1.875	0	-1.875	966.074
-1.25	0	-1.25	965.537
-77.5	0	-78.75	1005.39
-76.875	0	-78.125	-14209.6
-76.25	0	-77.5	968.917
-75.625	0	-76.875	980.492
-75	0	-76.25	984.458
-74.375	0	-75.625	985.724
-73.75	0	-75	985.743
-73.125	0	-74.375	985.462
-72.5	0	-73.75	985.286
-71.875	0	-73.125	985.15
-71.25	0	-72.5	985.151
-70.625	0	-71.875	985.281
-70	0	-71.25	985.345
-69.375	0	-70.625	985.471
-68.75	0	-70	985.672
-68.125	0	-69.375	985.771
-67.5	0	-68.75	985.951
-66.875	0	-68.125	986.046
-66.25	0	-67.5	986.183
-65.625	0	-66.875	986.247
-65	0	-66.25	986.323
-64.375	0	-65.625	986.367
-63.75	0	-65	986.408
-63.125	0	-64.375	986.446
-62.5	0	-63.75	986.465
-61.875	0	-63.125	986.495
-61.25	0	-62.5	986.529
-60.625	0	-61.875	986.56
-60	0	-61.25	986.594
-59.375	0	-60.625	986.645
-58.75	0	-60	986.707
-58.125	0	-59.375	986.766
-57.5	0	-58.75	986.854
-56.875	0	-58.125	986.935
-56.25	0	-57.5	987.023
-55.625	0	-56.875	987.123
-55	0	-56.25	987.222
-54.375	0	-55.625	987.331
-53.75	0	-55	987.44
-53.125	0	-54.375	987.559
-52.5	0	-53.75	987.671
-51.875	0	-53.125	987.795
-51.25	0	-52.5	987.922
-50.625	0	-51.875	988.04
-50	0	-51.25	988.166
-49.375	0	-50.625	988.284
-48.75	0	-50	988.393
-48.125	0	-49.375	988.494
-47.5	0	-48.75	988.582
-46.875	0	-48.125	988.642
-46.25	0	-47.5	988.677
-45.625	0	-46.875	988.674
-45	0	-46.25	988.628
-44.375	0	-45.625	988.527
-43.75	0	-45	988.354
-43.125	0	-44.375	988.123
-42.5	0	-43.75	987.81
-41.875	0	-43.125	987.412
-41.25	0	-42.5	986.938
-40.625	0	-41.875	986.406
-40	0	-41.25	985.823
-39.375	0	-40.625	985.214
-38.75	0	-40	984.609
-38.125	0	-39.375	984.027
-37.5	0	-38.75	983.495
-36.875	0	-38.125	983.031
-36.25	0	-37.5	982.644
-35.625	0	-36.875	982.333
-35	0	-36.25	982.106
-34.375	0	-35.625	981.947
-33.75	0	-35	981.844
-33.125	0	-34.375	981.8
-32.5	0	-33.75	981.798
-31.875	0	-33.125	981.83
-31.25	0	-32.5	981.895
-30.625	0	-31.875	981.978
-30	0	-31.25	982.077
-29.375	0	-30.625	982.191
-28.75	0	-30	982.305
-28.125	0	-29.375	982.425
-27.5	0	-28.75	982.549
-26.875	0	-28.125	982.67
-26.25	0	-27.5	982.79
-25.625	0	-26.875	982.908
-25	0	-26.25	983.029
-24.375	0	-25.625	983.144
-23.75	0	-25	983.255
-23.125	0	-24.375	983.365
-22.5	0	-23.75	983.464
-21.875	0	-23.125	983.564
-21.25	0	-22.5	983.66
-20.625	0	-21.875	983.747
-20	0	-21.25	983.833
-19.375	0	-20.625	983.905
-18.75	0	-20	983.981
-18.125	0	-19.375	984.052
-17.5	0	-18.75	984.129
-16.875	0	-18.125	984.19
-16.25	0	-17.5	984.266
-15.625	0	-16.875	984.328
-15	0	-16.25	984.404
-14.375	0	-15.625	984.491
-13.75	0	-15	984.598
-13.125	0	-14.375	984.711
-12.5	0	-13.75	984.846
-11.875	0	-13.125	985.02
-11.25	0	-12.5	985.154
-10.625	0	-11.875	985.345
-10	0	-11.25	985.505
-9.375	0	-10.625	985.687
-8.75	0	-10	985.931
-8.125	0	-9.375	986.077
-7.5	0	-8.75	986.255
-6.875	0	-8.125	986.263
-6.25	0	-7.5	986.307
-5.625	0	-6.875	986.098
-5	0	-6.25	985.901
-4.375	0	-5.625	985.583
-3.75	0	-5	985.663
-3.125	0	-4.375	986.044
-2.5	0	-3.75	987.029
-1.875	0	-3.125	988.397
-1.25	0	-2.5	987.182
-0.625	0	-1.875	979.351
-76.25	0	-78.75	1007.85
-75.625	0	-78.125	1009.68
-75	0	-77.5	-4050.44
-74.375	0	-76.875	981.826
-73.75	0	-76.25	991.237
-73.125	0	-75.625	992.349
-72.5	0	-75	991.6
-71.875	0	-74.375	990.853
-71.25	0	-73.75	990.165
-70.625	0	-73.125	989.831
-70	0	-72.5	989.822
-69.375	0	-71.875	989.739
-68.75	0	-71.25	989.838
-68.125	0	-70.625	990.121
-67.5	0	-70	990.239
-66.875	0	-69.375	990.525
-66.25	0	-68.75	990.668
-65.625	0	-68.125	990.891
-65	0	-67.5	990.985
-64.375	0	-66.875	991.103
-63.75	0	-66.25	991.162
-63.125	0	-65.625	991.215
-62.5	0	-65	991.263
-61.875	0	-64.375	991.278
-61.25	0	-63.75	991.309
-60.625	0	-63.125	991.346
-60	0	-62.5	991.379
-59.375	0	-61.875	991.415
-58.75	0	-61.25	991.48
-58.125	0	-60.625	991.563
-57.5	0	-60	991.641
-56.875	0	-59.375	991.765
-56.25	0	-58.75	991.879
-55.625	0	-58.125	992.006
-55	0	-57.5	992.151
-54.375	0	-56.875	992.295
-53.75	0	-56.25	992.454
-53.125	0	-55.625	992.614
-52.5	0	-55	992.792
-51.875	0	-54.375	992.958
-51.25	0	-53.75	993.145
-50.625	0	-53.125	993.335
-50	0	-52.5	993.512
-49.375	0	-51.875	993.704
-48.75	0	-51.25	993.883
-48.125	0	-50.625	994.048
-47.5	0	-50	994.2
-46.875	0	-49.375	994.335
-46.25	0	-48.75	994.424
-45.625	0	-48.125	994.477
-45	0	-47.5	994.468
-44.375	0	-46.875	994.394
-43.75	0	-46.25	994.236
-43.125	0	-45.625	993.965
-42.5	0	-45	993.606
-41.875	0	-44.375	993.118
-41.25	0	-43.75	992.501
-40.625	0	-43.125	991.764
-40	0	-42.5	990.941
-39.375	0	-41.875	990.036
-38.75	0	-41.25	989.094
-38.125	0	-40.625	988.157
-37.5	0	-40	987.256
-36.875	0	-39.375	986.433
-36.25	0	-38.75	985.713
-35.625	0	-38.125	985.113
-35	0	-37.5	984.629
-34.375	0	-36.875	984.272
-33.75	0	-36.25	984.022
-33.125	0	-35.625	983.855
-32.5	0	-35	983.78
-31.875	0	-34.375	983.767
-31.25	0	-33.75	983.807
-30.625	0	-33.125	983.896
-30	0	-32.5	984.013
-29.375	0	-31.875	984.155
-28.75	0	-31.25	984.319
-28.125	0	-30.625	984.484
-27.5	0	-30	984.658
-26.875	0	-29.375	984.836
-26.25	0	-28.75	985.012
-25.625	0	-28.125	985.184
-25	0	-27.5	985.354
-24.375	0	-26.875	985.526
-23.75	0	-26.25	985.691
-23.125	0	-25.625	985.849
-22.5	0	-25	986.005
-21.875	0	-24.375	986.145
-21.25	0	-23.75	986.285
-20.625	0	-23.125	986.42
-20	0	-22.5	986.54
-19.375	0	-21.875	986.658
-18.75	0	-21.25	986.755
-18.125	0	-20.625	986.856
-17.5	0	-20	986.951
-16.875	0	-19.375	987.051
-16.25	0	-18.75	987.13
-15.625	0	-18.125	987.228
-15	0	-17.5	987.305
-14.375	0	-16.875	987.4
-13.75	0	-16.25	987.512
-13.125	0	-15.625	987.65
-12.5	0	-15	987.795
-11.875	0	-14.375	987.971
-11.25	0	-13.75	988.201
-10.625	0	-13.125	988.368
-10	0	-12.5	988.614
-9.375	0	-11.875	988.812
-8.75	0	-11.25	989.036
-8.125	0	-10.625	989.343
-7.5	0	-10	989.502
-6.875	0	-9.375	989.698
-6.25	0	-8.75	989.646
-5.625	0	-8.125	989.632
-5	0	-7.5	989.255
-4.375	0	-6.875	988.884
-3.75	0	-6.25	988.333
-3.125	0	-5.625	988.304
-2.5	0	-5	988.637
-1.875	0	-4.375	989.683
-1.25	0	-3.75	991.062
-0.625	0	-3.125	989.055
0	0	-2.5	979.522
-75	0	-78.75	1020.19
-74.375	0	-78.125	1005.87
-73.75	0	-77.5	1015.98
-73.125	0	-76.875	-267.191
-72.5	0	-76.25	992.719
-71.875	0	-75.625	993.678
-71.25	0	-75	992.416
-70.625	0	-74.375	990.788
-70	0	-73.75	989.843
-69.375	0	-73.125	989.544
-68.75	0	-72.5	989.16
-68.125	0	-71.875	989.195
-67.5	0	-71.25	989.615
-66.875	0	-70.625	989.783
-66.25	0	-70	990.263
-65.625	0	-69.375	990.514
-65	0	-68.75	990.904
-64.375	0	-68.125	991.082
-63.75	0	-67.5	991.296
-63.125	0	-66.875	991.412
-62.5	0	-66.25	991.515
-61.875	0	-65.625	991.602
-61.25	0	-65	991.636
-60.625	0	-64.375	991.69
-60	0	-63.75	991.751
-59.375	0	-63.125	991.8
-58.75	0	-62.5	991.852
-58.125	0	-61.875	991.945
-57.5	0	-61.25	992.063
-56.875	0	-60.625	992.172
-56.25	0	-60	992.347
-55.625	0	-59.375	992.506
-55	0	-58.75	992.682
-54.375	0	-58.125	992.885
-53.75	0	-57.5	993.086
-53.125	0	-56.875	993.308
-52.5	0	-56.25	993.531
-51.875	0	-55.625	993.78
-51.25	0	-55	994.012
-50.625	0	-54.375	994.273
-50	0	-53.75	994.539
-49.375	0	-53.125	994.789
-48.75	0	-52.5	995.058
-48.125	0	-51.875	995.31
-47.5	0	-51.25	995.543
-46.875	0	-50.625	995.759
-46.25	0	-50	995.951
-45.625	0	-49.375	996.08
-45	0	-48.75	996.159
-44.375	0	-48.125	996.152
-43.75	0	-47.5	996.057
-43.125	0	-46.875	995.843
-42.5	0	-46.25	995.477
-41.875	0	-45.625	994.987
-41.25	0	-45	994.321
-40.625	0	-44.375	993.476
-40	0	-43.75	992.468
-39.375	0	-43.125	991.34
-38.75	0	-42.5	990.102
-38.125	0	-41.875	988.813
-37.5	0	-41.25	987.531
-36.875	0	-40.625	986.3
-36.25	0	-40	985.175
-35.625	0	-39.375	984.191
-35	0	-38.75	983.371
-34.375	0	-38.125	982.71
-33.75	0	-37.5	982.222
-33.125	0	-36.875	981.878
-32.5	0	-36.25	981.649
-31.875	0	-35.625	981.543
-31.25	0	-35	981.523
-30.625	0	-34.375	981.575
-30	0	-33.75	981.693
-29.375	0	-33.125	981.849
-28.75	0	-32.5	982.039
-28.125	0	-31.875	982.259
-27.5	0	-31.25	982.479
-26.875	0	-30.625	982.713
-26.25	0	-30	982.952
-25.625	0	-29.375	983.188
-25	0	-28.75	983.42
-24.375	0	-28.125	983.648
-23.75	0	-27.5	983.879
-23.125	0	-26.875	984.102
-22.5	0	-26.25	984.314
-21.875	0	-25.625	984.524
-21.25	0	-25	984.713
-20.625	0	-24.375	984.901
-20	0	-23.75	985.083
-19.375	0	-23.125	985.245
-18.75	0	-22.5	985.405
-18.125	0	-21.875	985.537
-17.5	0	-21.25	985.673
-16.875	0	-20.625	985.803
-16.25	0	-20	985.94
-15.625	0	-19.375	986.048
-15	0	-18.75	986.181
-14.375	0	-18.125	986.288
-13.75	0	-17.5	986.417
-13.125	0	-16.875	986.569
-12.5	0	-16.25	986.755
-11.875	0	-15.625	986.95
-11.25	0	-15	987.184
-10.625	0	-14.375	987.488
-10	0	-13.75	987.71
-9.375	0	-13.125	988.034
-8.75	0	-12.5	988.295
-8.125	0	-11.875	988.588
-7.5	0	-11.25	988.986
-6.875	0	-10.625	989.194
-6.25	0	-10	989.447
-5.625	0	-9.375	989.387
-5	0	-8.75	989.376
-4.375	0	-8.125	988.916
-3.75	0	-7.5	988.471
-3.125	0	-6.875	987.818
-2.5	0	-6.25	987.813
-1.875	0	-5.625	988.248
-1.25	0	-5	989.514
-0.625	0	-4.375	991.12
0	0	-3.75	988.872
0.625	0	-3.125	978.769
-73.75	0	-78.75	1011.73
-73.125	0	-78.125	1003.8
-72.5	0	-77.5	1007.05
-71.875	0	-76.875	1008.13
-71.25	0	-76.25	620.922
-70.625	0	-75.625	989.124
-70	0	-75	987.959
-69.375	0	-74.375	986.658
-68.75	0	-73.75	986.144
-68.125	0	-73.125	985.302
-67.5	0	-72.5	985.308
-66.875	0	-71.875	986.031
-66.25	0	-71.25	986.341
-65.625	0	-70.625	987.196
-65	0	-70	987.679
-64.375	0	-69.375	988.384
-63.75	0	-68.75	988.746
-63.125	0	-68.125	989.157
-62.5	0	-67.5	989.403
-61.875	0	-66.875	989.621
-61.25	0	-66.25	989.804
-60.625	0	-65.625	989.899
-60	0	-65	990.013
-59.375	0	-64.375	990.131
-58.75	0	-63.75	990.225
-58.125	0	-63.125	990.316
-57.5	0	-62.5	990.46
-56.875	0	-61.875	990.636
-56.25	0	-61.25	990.793
-55.625	0	-60.625	991.041
-55	0	-60	991.263
-54.375	0	-59.375	991.506
-53.75	0	-58.75	991.783
-53.125	0	-58.125	992.056
-52.5	0	-57.5	992.358
-51.875	0	-56.875	992.659
-51.25	0	-56.25	992.994
-50.625	0	-55.625	993.305
-50	0	-55	993.657
-49.375	0	-54.375	994.015
-48.75	0	-53.75	994.35
-48.125	0	-53.125	994.712
-47.5	0	-52.5	995.053
-46.875	0	-51.875	995.367
-46.25	0	-51.25	995.66
-45.625	0	-50.625	995.922
-45	0	-50	996.102
-44.375	0	-49.375	996.217
-43.75	0	-48.75	996.222
-43.125	0	-48.125	996.11
-42.5	0	-47.5	995.847
-41.875	0	-46.875	995.384
-41.25	0	-46.25	994.763
-40.625	0	-45.625	993.914
-40	0	-45	992.833
-39.375	0	-44.375	991.542
-38.75	0	-43.75	990.098
-38.125	0	-43.125	988.511
-37.5	0	-42.5	986.859
-36.875	0	-41.875	985.218
-36.25	0	-41.25	983.643
-35.625	0	-40.625	982.205
-35	0	-40	980.948
-34.375	0	-39.375	979.901
-33.75	0	-38.75	979.057
-33.125	0	-38.125	978.435
-32.5	0	-37.5	977.997
-31.875	0	-36.875	977.706
-31.25	0	-36.25	977.573
-30.625	0	-35.625	977.548
-30	0	-35	977.616
-29.375	0	-34.375	977.767
-28.75	0	-33.75	977.967
-28.125	0	-33.125	978.21
-27.5	0	-32.5	978.491
-26.875	0	-31.875	978.774
-26.25	0	-31.25	979.073
-25.625	0	-30.625	979.38
-25	0	-30	979.682
-24.375	0	-29.375	979.98
-23.75	0	-28.75	980.273
-23.125	0	-28.125	980.572
-22.5	0	-27.5	980.858
-21.875	0	-26.875	981.132
-21.25	0	-26.25	981.404
-20.625	0	-25.625	981.649
-20	0	-25	981.895
-19.375	0	-24.375	982.132
-18.75	0	-23.75	982.345
-18.125	0	-23.125	982.556
-17.5	0	-22.5	982.732
-16.875	0	-21.875	982.915
-16.25	0	-21.25	983.089
-15.625	0	-20.625	983.273
-15	0	-20	983.422
-14.375	0	-19.375	983.603
-13.75	0	-18.75	983.752
-13.125	0	-18.125	983.929
-12.5	0	-17.5	984.135
-11.875	0	-16.875	984.383
-11.25	0	-16.25	984.643
-10.625	0	-15.625	984.951
-10	0	-15	985.345
-9.375	0	-14.375	985.64
-8.75	0	-13.75	986.06
-8.125	0	-13.125	986.403
-7.5	0	-12.5	986.787
-6.875	0	-11.875	987.297
-6.25	0	-11.25	987.58
-5.625	0	-10.625	987.92
-5	0	-10	987.89
-4.375	0	-9.375	987.926
-3.75	0	-8.75	987.442
-3.125	0	-8.125	986.991
-2.5	0	-7.5	986.319
-1.875	0	-6.875	986.416
-1.25	0	-6.25	987.029
-0.625	0	-5.625	988.581
0	0	-5	990.494
0.625	0	-4.375	988.234
1.25	0	-3.75	977.972
-72.5	0	-78.75	1021.53
-71.875	0	-78.125	1008.1
-71.25	0	-77.5	1008.26
-70.625	0	-76.875	1009.92
-70	0	-76.25	1011.74
-69.375	0	-75.625	497.087
-68.75	0	-75	974.401
-68.125	0	-74.375	979.419
-67.5	0	-73.75	978.985
-66.875	0	-73.125	979.593
-66.25	0	-72.5	981.22
-65.625	0	-71.875	981.932
-65	0	-71.25	983.528
-64.375	0	-70.625	984.464
-63.75	0	-70	985.73
-63.125	0	-69.375	986.424
-62.5	0	-68.75	987.174
-61.875	0	-68.125	987.651
-61.25	0	-67.5	988.068
-60.625	0	-66.875	988.413
-60	0	-66.25	988.617
-59.375	0	-65.625	988.835
-58.75	0	-65	989.044
-58.125	0	-64.375	989.209
-57.5	0	-63.75	989.36
-56.875	0	-63.125	989.575
-56.25	0	-62.5	989.826
-55.625	0	-61.875	990.048
-55	0	-61.25	990.384
-54.375	0	-60.625	990.682
-53.75	0	-60	991.004
-53.125	0	-59.375	991.368
-52.5	0	-58.75	991.723
-51.875	0	-58.125	992.114
-51.25	0	-57.5	992.503
-50.625	0	-56.875	992.935
-50	0	-56.25	993.335
-49.375	0	-55.625	993.787
-48.75	0	-55	994.247
-48.125	0	-54.375	994.678
-47.5	0	-53.75	995.144
-46.875	0	-53.125	995.581
-46.25	0	-52.5	995.987
-45.625	0	-51.875	996.367
-45	0	-51.25	996.706
-44.375	0	-50.625	996.945
-43.75	0	-50	997.101
-43.125	0	-49.375	997.12
-42.5	0	-48.75	996.995
-41.875	0	-48.125	996.68
-41.25	0	-47.5	996.116
-40.625	0	-46.875	995.356
-40	0	-46.25	994.312
-39.375	0	-45.625	992.981
-38.75	0	-45	991.389
-38.125	0	-44.375	989.608
-37.5	0	-43.75	987.651
-36.875	0	-43.125	985.615
-36.25	0	-42.5	983.593
-35.625	0	-41.875	981.653
-35	0	-41.25	979.884
-34.375	0	-40.625	978.338
-33.75	0	-40	977.052
-33.125	0	-39.375	976.014
-32.5	0	-38.75	975.25
-31.875	0	-38.125	974.713
-31.25	0	-37.5	974.354
-30.625	0	-36.875	974.19
-30	0	-36.25	974.159
-29.375	0	-35.625	974.241
-28.75	0	-35	974.425
-28.125	0	-34.375	974.669
-27.5	0	-33.75	974.965
-26.875	0	-33.125	975.309
-26.25	0	-32.5	975.654
-25.625	0	-31.875	976.019
-25	0	-31.25	976.394
-24.375	0	-30.625	976.764
-23.75	0	-30	977.129
-23.125	0	-29.375	977.489
-22.5	0	-28.75	977.854
-21.875	0	-28.125	978.206
-21.25	0	-27.5	978.543
-20.625	0	-26.875	978.877
-20	0	-26.25	979.18
-19.375	0	-25.625	979.483
-18.75	0	-25	979.776
-18.125	0	-24.375	980.04
-17.5	0	-23.75	980.302
-16.875	0	-23.125	980.524
-16.25	0	-22.5	980.753
-15.625	0	-21.875	980.973
-15	0	-21.25	981.205
-14.375	0	-20.625	981.395
-13.75	0	-20	981.624
-13.125	0	-19.375	981.815
-12.5	0	-18.75	982.041
-11.875	0	-18.125	982.3
-11.25	0	-17.5	982.609
-10.625	0	-16.875	982.932
-10	0	-16.25	983.313
-9.375	0	-15.625	983.793
-8.75	0	-15	984.159
-8.125	0	-14.375	984.669
-7.5	0	-13.75	985.09
-6.875	0	-13.125	985.558
-6.25	0	-12.5	986.172
-5.625	0	-11.875	986.524
-5	0	-11.25	986.942
-4.375	0	-10.625	986.938
-3.75	0	-10	987.014
-3.125	0	-9.375	986.506
-2.5	0	-8.75	986.047
-1.875	0	-8.125	985.356
-1.25	0	-7.5	985.535
-0.625	0	-6.875	986.29
0	0	-6.25	988.064
0.625	0	-5.625	990.198
1.25	0	-5	987.897
1.875	0	-4.375	977.484
-71.25	0	-78.75	1028.38
-70.625	0	-78.125	1004.25
-70	0	-77.5	1009.26
-69.375	0	-76.875	1007.83
-68.75	0	-76.25	1004.42
-68.125	0	-75.625	1006.35
-67.5	0	-75	696.336
-66.875	0	-74.375	965.152
-66.25	0	-73.75	972.057
-65.625	0	-73.125	976.658
-65	0	-72.5	978.172
-64.375	0	-71.875	981.07
-63.75	0	-71.25	982.652
-63.125	0	-70.625	984.739
-62.5	0	-70	985.862
-61.875	0	-69.375	987.058
-61.25	0	-68.75	987.816
-60.625	0	-68.125	988.473
-60	0	-67.5	989.008
-59.375	0	-66.875	989.329
-58.75	0	-66.25	989.658
-58.125	0	-65.625	989.959
-57.5	0	-65	990.191
-56.875	0	-64.375	990.393
-56.25	0	-63.75	990.674
-55.625	0	-63.125	990.998
-55	0	-62.5	991.275
-54.375	0	-61.875	991.698
-53.75	0	-61.25	992.065
-53.125	0	-60.625	992.461
-52.5	0	-60	992.906
-51.875	0	-59.375	993.339
-51.25	0	-58.75	993.816
-50.625	0	-58.125	994.288
-50	0	-57.5	994.814
-49.375	0	-56.875	995.3
-48.75	0	-56.25	995.851
-48.125	0	-55.625	996.414
-47.5	0	-55	996.939
-46.875	0	-54.375	997.509
-46.25	0	-53.75	998.046
-45.625	0	-53.125	998.542
-45	0	-52.5	999.009
-44.375	0	-51.875	999.428
-43.75	0	-51.25	999.723
-43.125	0	-50.625	999.918
-42.5	0	-50	999.948
-41.875	0	-49.375	999.802
-41.25	0	-48.75	999.425
-40.625	0	-48.125	998.748
-40	0	-47.5	997.834
-39.375	0	-46.875	996.576
-38.75	0	-46.25	994.971
-38.125	0	-45.625	993.051
-37.5	0	-45	990.904
-36.875	0	-44.375	988.547
-36.25	0	-43.75	986.095
-35.625	0	-43.125	983.663
-35	0	-42.5	981.331
-34.375	0	-41.875	979.204
-33.75	0	-41.25	977.347
-33.125	0	-40.625	975.801
-32.5	0	-40	974.553
-31.875	0	-39.375	973.633
-31.25	0	-38.75	972.983
-30.625	0	-38.125	972.548
-30	0	-37.5	972.344
-29.375	0	-36.875	972.298
-28.75	0	-36.25	972.388
-28.125	0	-35.625	972.6
-27.5	0	-35	972.882
-26.875	0	-34.375	973.226
-26.25	0	-33.75	973.626
-25.625	0	-33.125	974.029
-25	0	-32.5	974.456
-24.375	0	-31.875	974.895
-23.75	0	-31.25	975.328
-23.125	0	-30.625	975.755
-22.5	0	-30	976.175
-21.875	0	-29.375	976.603
-21.25	0	-28.75	977.014
-20.625	0	-28.125	977.409
-20	0	-27.5	977.799
-19.375	0	-26.875	978.154
-18.75	0	-26.25	978.508
-18.125	0	-25.625	978.851
-17.5	0	-25	979.16
-16.875	0	-24.375	979.467
-16.25	0	-23.75	979.726
-15.625	0	-23.125	979.995
-15	0	-22.5	980.251
-14.375	0	-21.875	980.522
-13.75	0	-21.25	980.745
-13.125	0	-20.625	981.012
-12.5	0	-20	981.236
-11.875	0	-19.375	981.499
-11.25	0	-18.75	981.799
-10.625	0	-18.125	982.157
-10	0	-17.5	982.529
-9.375	0	-16.875	982.966
-8.75	0	-16.25	983.516
-8.125	0	-15.625	983.933
-7.5	0	-15	984.513
-6.875	0	-14.375	984.99
-6.25	0	-13.75	985.517
-5.625	0	-13.125	986.206
-5	0	-12.5	986.598
-4.375	0	-11.875	987.06
-3.75	0	-11.25	987.051
-3.125	0	-10.625	987.129
-2.5	0	-10	986.564
-1.875	0	-9.375	986.058
-1.25	0	-8.75	985.304
-0.625	0	-8.125	985.502
0	0	-7.5	986.315
0.625	0	-6.875	988.199
1.25	0	-6.25	990.418
1.875	0	-5.625	987.971
2.5	0	-5	977.304
-70	0	-78.75	990.036
-69.375	0	-78.125	1007.26
-68.75	0	-77.5	1011.7
-68.125	0	-76.875	1007.74
-67.5	0	-76.25	1001.66
-66.875	0	-75.625	997.473
-66.25	0	-75	1011.36
-65.625	0	-74.375	586.738
-65	0	-73.75	959.442
-64.375	0	-73.125	969.44
-63.75	0	-72.5	976.905
-63.125	0	-71.875	980.101
-62.5	0	-71.25	983.803
-61.875	0	-70.625	985.636
-61.25	0	-70	987.536
-60.625	0	-69.375	988.703
-60	0	-68.75	989.699
-59.375	0	-68.125	990.494
-58.75	0	-67.5	990.966
-58.125	0	-66.875	991.434
-57.5	0	-66.25	991.851
-56.875	0	-65.625	992.159
-56.25	0	-65	992.415
-55.625	0	-64.375	992.768
-55	0	-63.75	993.169
-54.375	0	-63.125	993.499
-53.75	0	-62.5	994.015
-53.125	0	-61.875	994.451
-52.5	0	-61.25	994.919
-51.875	0	-60.625	995.447
-51.25	0	-60	995.955
-50.625	0	-59.375	996.517
-50	0	-58.75	997.071
-49.375	0	-58.125	997.693
-48.75	0	-57.5	998.264
-48.125	0	-56.875	998.916
-47.5	0	-56.25	999.583
-46.875	0	-55.625	1000.2
-46.25	0	-55	1000.88
-45.625	0	-54.375	1001.52
-45	0	-53.75	1002.11
-44.375	0	-53.125	1002.67
-43.75	0	-52.5	1003.17
-43.125	0	-51.875	1003.52
-42.5	0	-51.25	1003.75
-41.875	0	-50.625	1003.79
-41.25	0	-50	1003.62
-40.625	0	-49.375	1003.17
-40	0	-48.75	1002.37
-39.375	0	-48.125	1001.28
-38.75	0	-47.5	999.789
-38.125	0	-46.875	997.885
-37.5	0	-46.25	995.61
-36.875	0	-45.625	993.067
-36.25	0	-45	990.277
-35.625	0	-44.375	987.377
-35	0	-43.75	984.502
-34.375	0	-43.125	981.747
-33.75	0	-42.5	979.237
-33.125	0	-41.875	977.045
-32.5	0	-41.25	975.218
-31.875	0	-40.625	973.744
-31.25	0	-40	972.652
-30.625	0	-39.375	971.879
-30	0	-38.75	971.357
-29.375	0	-38.125	971.106
-28.75	0	-37.5	971.04
-28.125	0	-36.875	971.132
-27.5	0	-36.25	971.366
-26.875	0	-35.625	971.682
-26.25	0	-35	972.071
-25.625	0	-34.375	972.525
-25	0	-33.75	972.983
-24.375	0	-33.125	973.469
-23.75	0	-32.5	973.968
-23.125	0	-31.875	974.461
-22.5	0	-31.25	974.947
-21.875	0	-30.625	975.426
-21.25	0	-30	975.913
-20.625	0	-29.375	976.381
-20	0	-28.75	976.829
-19.375	0	-28.125	977.273
-18.75	0	-27.5	977.676
-18.125	0	-26.875	978.078
-17.5	0	-26.25	978.467
-16.875	0	-25.625	978.817
-16.25	0	-25	979.164
-15.625	0	-24.375	979.457
-15	0	-23.75	979.76
-14.375	0	-23.125	980.05
-13.75	0	-22.5	980.355
-13.125	0	-21.875	980.605
-12.5	0	-21.25	980.905
-11.875	0	-20.625	981.156
-11.25	0	-20	981.45
-10.625	0	-19.375	981.785
-10	0	-18.75	982.184
-9.375	0	-18.125	982.598
-8.75	0	-17.5	983.082
-8.125	0	-16.875	983.691
-7.5	0	-16.25	984.149
-6.875	0	-15.625	984.786
-6.25	0	-15	985.306
-5.625	0	-14.375	985.879
-5	0	-13.75	986.626
-4.375	0	-13.125	987.042
-3.75	0	-12.5	987.532
-3.125	0	-11.875	987.504
-2.5	0	-11.25	987.568
-1.875	0	-10.625	986.933
-1.25	0	-10	986.366
-0.625	0	-9.375	985.535
0	0	-8.75	985.725
0.625	0	-8.125	986.561
1.25	0	-7.5	988.504
1.875	0	-6.875	990.756
2.5	0	-6.25	988.144
3.125	0	-5.625	977.227
-68.75	0	-78.75	1046.09
-68.125	0	-78.125	1004.25
-67.5	0	-77.5	1006.19
-66.875	0	-76.875	1002.02
-66.25	0	-76.25	994.841
-65.625	0	-75.625	993.908
-65	0	-75	997.262
-64.375	0	-74.375	1006.7
-63.75	0	-73.75	724.881
-63.125	0	-73.125	966.399
-62.5	0	-72.5	976.685
-61.875	0	-71.875	984.062
-61.25	0	-71.25	986.795
-60.625	0	-70.625	989.593
-60	0	-70	991.139
-59.375	0	-69.375	992.455
-58.75	0	-68.75	993.476
-58.125	0	-68.125	994.04
-57.5	0	-67.5	994.61
-56.875	0	-66.875	995.106
-56.25	0	-66.25	995.449
-55.625	0	-65.625	995.718
-55	0	-65	996.115
-54.375	0	-64.375	996.571
-53.75	0	-63.75	996.926
-53.125	0	-63.125	997.52
-52.5	0	-62.5	998.004
-51.875	0	-61.875	998.526
-51.25	0	-61.25	999.12
-50.625	0	-60.625	999.688
-50	0	-60	1000.32
-49.375	0	-59.375	1000.95
-48.75	0	-58.75	1001.65
-48.125	0	-58.125	1002.3
-47.5	0	-57.5	1003.04
-46.875	0	-56.875	1003.81
-46.25	0	-56.25	1004.52
-45.625	0	-55.625	1005.3
-45	0	-55	1006.04
-44.375	0	-54.375	1006.72
-43.75	0	-53.75	1007.37
-43.125	0	-53.125	1007.94
-42.5	0	-52.5	1008.35
-41.875	0	-51.875	1008.61
-41.25	0	-51.25	1008.65
-40.625	0	-50.625	1008.44
-40	0	-50	1007.91
-39.375	0	-49.375	1006.96
-38.75	0	-48.75	1005.68
-38.125	0	-48.125	1003.93
-37.5	0	-47.5	1001.7
-36.875	0	-46.875	999.029
-36.25	0	-46.25	996.054
-35.625	0	-45.625	992.792
-35	0	-45	989.405
-34.375	0	-44.375	986.051
-33.75	0	-43.75	982.839
-33.125	0	-43.125	979.914
-32.5	0	-42.5	977.359
-31.875	0	-41.875	975.228
-31.25	0	-41.25	973.507
-30.625	0	-40.625	972.228
-30	0	-40	971.318
-29.375	0	-39.375	970.698
-28.75	0	-38.75	970.39
-28.125	0	-38.125	970.295
-27.5	0	-37.5	970.383
-26.875	0	-36.875	970.633
-26.25	0	-36.25	970.979
-25.625	0	-35.625	971.408
-25	0	-35	971.912
-24.375	0	-34.375	972.42
-23.75	0	-33.75	972.961
-23.125	0	-33.125	973.517
-22.5	0	-32.5	974.066
-21.875	0	-31.875	974.608
-21.25	0	-31.25	975.141
-20.625	0	-30.625	975.683
-20	0	-30	976.204
-19.375	0	-29.375	976.703
-18.75	0	-28.75	977.196
-18.125	0	-28.125	977.642
-17.5	0	-27.5	978.088
-16.875	0	-26.875	978.519
-16.25	0	-26.25	978.905
-15.625	0	-25.625	979.288
-15	0	-25	979.61
-14.375	0	-24.375	979.943
-13.75	0	-23.75	980.26
-13.125	0	-23.125	980.594
-12.5	0	-22.5	980.866
-11.875	0	-21.875	981.193
-11.25	0	-21.25	981.464
-10.625	0	-20.625	981.783
-10	0	-20	982.146
-9.375	0	-19.375	982.578
-8.75	0	-18.75	983.025
-8.125	0	-18.125	983.548
-7.5	0	-17.5	984.204
-6.875	0	-16.875	984.694
-6.25	0	-16.25	985.376
-5.625	0	-15.625	985.927
-5	0	-15	986.533
-4.375	0	-14.375	987.322
-3.75	0	-13.75	987.749
-3.125	0	-13.125	988.25
-2.5	0	-12.5	988.189
-1.875	0	-11.875	988.225
-1.25	0	-11.25	987.51
-0.625	0	-10.625	986.869
0	0	-10	985.951
0.625	0	-9.375	986.112
1.25	0	-8.75	986.944
1.875	0	-8.125	988.909
2.5	0	-7.5	991.155
3.125	0	-6.875	988.37
3.75	0	-6.25	977.21
-67.5	0	-78.75	1028.2
-66.875	0	-78.125	1005.68
-66.25	0	-77.5	1005.86
-65.625	0	-76.875	1000.06
-65	0	-76.25	996.45
-64.375	0	-75.625	994.254
-63.75	0	-75	992.331
-63.125	0	-74.375	999.801
-62.5	0	-73.75	1009.08
-61.875	0	-73.125	846.666
-61.25	0	-72.5	980.401
-60.625	0	-71.875	986.96
-60	0	-71.25	991.807
-59.375	0	-70.625	993.862
-58.75	0	-70	995.586
-58.125	0	-69.375	996.864
-57.5	0	-68.75	997.491
-56.875	0	-68.125	998.161
-56.25	0	-67.5	998.737
-55.625	0	-66.875	999.101
-55	0	-66.25	999.366
-54.375	0	-65.625	999.802
-53.75	0	-65	1000.31
-53.125	0	-64.375	1000.68
-52.5	0	-63.75	1001.36
-51.875	0	-63.125	1001.89
-51.25	0	-62.5	1002.46
-50.625	0	-61.875	1003.12
-50	0	-61.25	1003.74
-49.375	0	-60.625	1004.45
-48.75	0	-60	1005.13
-48.125	0	-59.375	1005.93
-47.5	0	-58.75	1006.64
-46.875	0	-58.125	1007.48
-46.25	0	-57.5	1008.35
-45.625	0	-56.875	1009.15
-45	0	-56.25	1010.04
-44.375	0	-55.625	1010.88
-43.75	0	-55	1011.66
-43.125	0	-54.375	1012.39
-42.5	0	-53.75	1013.05
-41.875	0	-53.125	1013.5
-41.25	0	-52.5	1013.8
-40.625	0	-51.875	1013.83
-40	0	-51.25	1013.57
-39.375	0	-50.625	1012.95
-38.75	0	-50	1011.84
-38.125	0	-49.375	1010.35
-37.5	0	-48.75	1008.31
-36.875	0	-48.125	1005.71
-36.25	0	-47.5	1002.62
-35.625	0	-46.875	999.174
-35	0	-46.25	995.4
-34.375	0	-45.625	991.486
-33.75	0	-45	987.614
-33.125	0	-44.375	983.911
-32.5	0	-43.75	980.538
-31.875	0	-43.125	977.593
-31.25	0	-42.5	975.136
-30.625	0	-41.875	973.148
-30	0	-41.25	971.668
-29.375	0	-40.625	970.608
-28.75	0	-40	969.881
-28.125	0	-39.375	969.509
-27.5	0	-38.75	969.381
-26.875	0	-38.125	969.461
-26.25	0	-37.5	969.725
-25.625	0	-36.875	970.099
-25	0	-36.25	970.567
-24.375	0	-35.625	971.119
-23.75	0	-35	971.678
-23.125	0	-34.375	972.273
-22.5	0	-33.75	972.886
-21.875	0	-33.125	973.491
-21.25	0	-32.5	974.089
-20.625	0	-31.875	974.676
-20	0	-31.25	975.274
-19.375	0	-30.625	975.848
-18.75	0	-30	976.397
-18.125	0	-29.375	976.939
-17.5	0	-28.75	977.43
-16.875	0	-28.125	977.919
-16.25	0	-27.5	978.392
-15.625	0	-26.875	978.815
-15	0	-26.25	979.233
-14.375	0	-25.625	979.584
-13.75	0	-25	979.947
-13.125	0	-24.375	980.292
-12.5	0	-23.75	980.655
-11.875	0	-23.125	980.95
-11.25	0	-22.5	981.304
-10.625	0	-21.875	981.596
-10	0	-21.25	981.939
-9.375	0	-20.625	982.331
-8.75	0	-20	982.796
-8.125	0	-19.375	983.276
-7.5	0	-18.75	983.837
-6.875	0	-18.125	984.54
-6.25	0	-17.5	985.061
-5.625	0	-16.875	985.787
-5	0	-16.25	986.368
-4.375	0	-15.625	987.006
-3.75	0	-15	987.837
-3.125	0	-14.375	988.274
-2.5	0	-13.75	988.788
-1.875	0	-13.125	988.698
-1.25	0	-12.5	988.709
-0.625	0	-11.875	987.925
0	0	-11.25	987.22
0.625	0	-10.625	986.228
1.25	0	-10	986.37
1.875	0	-9.375	987.203
2.5	0	-8.75	989.196
3.125	0	-8.125	991.444
3.75	0	-7.5	988.523
4.375	0	-6.875	977.177
-66.25	0	-78.75	1007.13
-65.625	0	-78.125	1008.89
-65	0	-77.5	1007.16
-64.375	0	-76.875	1004.29
-63.75	0	-76.25	999.569
-63.125	0	-75.625	994.453
-62.5	0	-75	996.256
-61.875	0	-74.375	995.894
-61.25	0	-73.75	1002.1
-60.625	0	-73.125	1004.85
-60	0	-72.5	941.075
-59.375	0	-71.875	992.231
-58.75	0	-71.25	995.918
-58.125	0	-70.625	998.428
-57.5	0	-70	1000.07
-56.875	0	-69.375	1000.72
-56.25	0	-68.75	1001.52
-55.625	0	-68.125	1002.2
-55	0	-67.5	1002.59
-54.375	0	-66.875	1002.84
-53.75	0	-66.25	1003.34
-53.125	0	-65.625	1003.93
-52.5	0	-65	1004.32
-51.875	0	-64.375	1005.11
-51.25	0	-63.75	1005.69
-50.625	0	-63.125	1006.32
-50	0	-62.5	1007.05
-49.375	0	-61.875	1007.73
-48.75	0	-61.25	1008.5
-48.125	0	-60.625	1009.26
-47.5	0	-60	1010.14
-46.875	0	-59.375	1010.93
-46.25	0	-58.75	1011.87
-45.625	0	-58.125	1012.84
-45	0	-57.5	1013.75
-44.375	0	-56.875	1014.75
-43.75	0	-56.25	1015.7
-43.125	0	-55.625	1016.57
-42.5	0	-55	1017.4
-41.875	0	-54.375	1018.14
-41.25	0	-53.75	1018.65
-40.625	0	-53.125	1018.99
-40	0	-52.5	1019
-39.375	0	-51.875	1018.7
-38.75	0	-51.25	1017.97
-38.125	0	-50.625	1016.67
-37.5	0	-50	1014.95
-36.875	0	-49.375	1012.6
-36.25	0	-48.75	1009.61
-35.625	0	-48.125	1006.05
-35	0	-47.5	1002.09
-34.375	0	-46.875	997.763
-33.75	0	-46.25	993.279
-33.125	0	-45.625	988.849
-32.5	0	-45	984.615
-31.875	0	-44.375	980.763
-31.25	0	-43.75	977.4
-30.625	0	-43.125	974.593
-30	0	-42.5	972.321
-29.375	0	-41.875	970.625
-28.75	0	-41.25	969.406
-28.125	0	-40.625	968.564
-27.5	0	-40	968.124
-26.875	0	-39.375	967.959
-26.25	0	-38.75	968.029
-25.625	0	-38.125	968.307
-25	0	-37.5	968.709
-24.375	0	-36.875	969.217
-23.75	0	-36.25	969.821
-23.125	0	-35.625	970.432
-22.5	0	-35	971.083
-21.875	0	-34.375	971.756
-21.25	0	-33.75	972.42
-20.625	0	-33.125	973.076
-20	0	-32.5	973.721
-19.375	0	-31.875	974.377
-18.75	0	-31.25	975.008
-18.125	0	-30.625	975.61
-17.5	0	-30	976.205
-16.875	0	-29.375	976.743
-16.25	0	-28.75	977.28
-15.625	0	-28.125	977.797
-15	0	-27.5	978.261
-14.375	0	-26.875	978.718
-13.75	0	-26.25	979.103
-13.125	0	-25.625	979.499
-12.5	0	-25	979.876
-11.875	0	-24.375	980.273
-11.25	0	-23.75	980.595
-10.625	0	-23.125	980.98
-10	0	-22.5	981.299
-9.375	0	-21.875	981.672
-8.75	0	-21.25	982.097
-8.125	0	-20.625	982.6
-7.5	0	-20	983.118
-6.875	0	-19.375	983.722
-6.25	0	-18.75	984.479
-5.625	0	-18.125	985.036
-5	0	-17.5	985.811
-4.375	0	-16.875	986.43
-3.75	0	-16.25	987.106
-3.125	0	-15.625	987.985
-2.5	0	-15	988.443
-1.875	0	-14.375	988.978
-1.25	0	-13.75	988.873
-0.625	0	-13.125	988.875
0	0	-12.5	988.04
0.625	0	-11.875	987.295
1.25	0	-11.25	986.254
1.875	0	-10.625	986.398
2.5	0	-10	987.255
3.125	0	-9.375	989.295
3.75	0	-8.75	991.574
4.375	0	-8.125	988.568
5	0	-7.5	977.104
-65	0	-78.75	1011.44
-64.375	0	-78.125	1009.52
-63.75	0	-77.5	1010.4
-63.125	0	-76.875	1006.3
-62.5	0	-76.25	998.794
-61.875	0	-75.625	997.315
-61.25	0	-75	994.279
-60.625	0	-74.375	996.038
-60	0	-73.75	993.8
-59.375	0	-73.125	996.005
-58.75	0	-72.5	989.152
-58.125	0	-71.875	1027.12
-57.5	0	-71.25	1008.58
-56.875	0	-70.625	1007.48
-56.25	0	-70	1006.62
-55.625	0	-69.375	1006.9
-55	0	-68.75	1007.33
-54.375	0	-68.125	1007.46
-53.75	0	-67.5	1007.5
-53.125	0	-66.875	1007.95
-52.5	0	-66.25	1008.56
-51.875	0	-65.625	1008.89
-51.25	0	-65	1009.76
-50.625	0	-64.375	1010.34
-50	0	-63.75	1010.99
-49.375	0	-63.125	1011.76
-48.75	0	-62.5	1012.46
-48.125	0	-61.875	1013.29
-47.5	0	-61.25	1014.09
-46.875	0	-60.625	1015.04
-46.25	0	-60	1015.88
-45.625	0	-59.375	1016.91
-45	0	-58.75	1017.98
-44.375	0	-58.125	1018.97
-43.75	0	-57.5	1020.09
-43.125	0	-56.875	1021.14
-42.5	0	-56.25	1022.1
-41.875	0	-55.625	1023.02
-41.25	0	-55	1023.85
-40.625	0	-54.375	1024.4
-40	0	-53.75	1024.76
-39.375	0	-53.125	1024.75
-38.75	0	-52.5	1024.38
-38.125	0	-51.875	1023.52
-37.5	0	-51.25	1022.02
-36.875	0	-50.625	1020.03
-36.25	0	-50	1017.33
-35.625	0	-49.375	1013.9
-35	0	-48.75	1009.82
-34.375	0	-48.125	1005.3
-33.75	0	-47.5	1000.37
-33.125	0	-46.875	995.261
-32.5	0	-46.25	990.223
-31.875	0	-45.625	985.413
-31.25	0	-45	981.04
-30.625	0	-44.375	977.224
-30	0	-43.75	974.039
-29.375	0	-43.125	971.459
-28.75	0	-42.5	969.529
-28.125	0	-41.875	968.136
-27.5	0	-41.25	967.168
-26.875	0	-40.625	966.651
-26.25	0	-40	966.443
-25.625	0	-39.375	966.5
-25	0	-38.75	966.789
-24.375	0	-38.125	967.217
-23.75	0	-37.5	967.764
-23.125	0	-36.875	968.417
-22.5	0	-36.25	969.08
-21.875	0	-35.625	969.789
-21.25	0	-35	970.521
-20.625	0	-34.375	971.244
-20	0	-33.75	971.959
-19.375	0	-33.125	972.662
-18.75	0	-32.5	973.377
-18.125	0	-31.875	974.064
-17.5	0	-31.25	974.721
-16.875	0	-30.625	975.369
-16.25	0	-30	975.955
-15.625	0	-29.375	976.539
-15	0	-28.75	977.103
-14.375	0	-28.125	977.607
-13.75	0	-27.5	978.105
-13.125	0	-26.875	978.524
-12.5	0	-26.25	978.955
-11.875	0	-25.625	979.364
-11.25	0	-25	979.795
-10.625	0	-24.375	980.145
-10	0	-23.75	980.563
-9.375	0	-23.125	980.908
-8.75	0	-22.5	981.313
-8.125	0	-21.875	981.771
-7.5	0	-21.25	982.313
-6.875	0	-20.625	982.871
-6.25	0	-20	983.518
-5.625	0	-19.375	984.326
-5	0	-18.75	984.921
-4.375	0	-18.125	985.745
-3.75	0	-17.5	986.402
-3.125	0	-16.875	987.116
-2.5	0	-16.25	988.043
-1.875	0	-15.625	988.521
-1.25	0	-15	989.079
-0.625	0	-14.375	988.963
0	0	-13.75	988.959
0.625	0	-13.125	988.082
1.25	0	-12.5	987.302
1.875	0	-11.875	986.222
2.5	0	-11.25	986.373
3.125	0	-10.625	987.258
3.75	0	-10	989.347
4.375	0	-9.375	991.657
5	0	-8.75	988.586
5.625	0	-8.125	977.031
-63.75	0	-78.75	1016.08
-63.125	0	-78.125	1005.64
-62.5	0	-77.5	1008.31
-61.875	0	-76.875	1002.5
-61.25	0	-76.25	999.641
-60.625	0	-75.625	994.422
-60	0	-75	994.087
-59.375	0	-74.375	991.001
-58.75	0	-73.75	991.955
-58.125	0	-73.125	989.303
-57.5	0	-72.5	985.734
-56.875	0	-71.875	962.038
-56.25	0	-71.25	1092.47
-55.625	0	-70.625	1026.03
-55	0	-70	1018.59
-54.375	0	-69.375	1016.27
-53.75	0	-68.75	1014.87
-53.125	0	-68.125	1013.97
-52.5	0	-67.5	1013.99
-51.875	0	-66.875	1014.39
-51.25	0	-66.25	1014.47
-50.625	0	-65.625	1015.34
-50	0	-65	1015.83
-49.375	0	-64.375	1016.42
-48.75	0	-63.75	1017.17
-48.125	0	-63.125	1017.85
-47.5	0	-62.5	1018.68
-46.875	0	-61.875	1019.47
-46.25	0	-61.25	1020.47
-45.625	0	-60.625	1021.33
-45	0	-60	1022.43
-44.375	0	-59.375	1023.59
-43.75	0	-58.75	1024.65
-43.125	0	-58.125	1025.87
-42.5	0	-57.5	1027.02
-41.875	0	-56.875	1028.07
-41.25	0	-56.25	1029.07
-40.625	0	-55.625	1029.97
-40	0	-55	1030.57
-39.375	0	-54.375	1030.93
-38.75	0	-53.75	1030.89
-38.125	0	-53.125	1030.43
-37.5	0	-52.5	1029.42
-36.875	0	-51.875	1027.67
-36.25	0	-51.25	1025.39
-35.625	0	-50.625	1022.28
-35	0	-50	1018.37
-34.375	0	-49.375	1013.72
-33.75	0	-48.75	1008.58
-33.125	0	-48.125	1002.98
-32.5	0	-47.5	997.19
-31.875	0	-46.875	991.488
-31.25	0	-46.25	986.053
-30.625	0	-45.625	981.116
-30	0	-45	976.81
-29.375	0	-44.375	973.215
-28.75	0	-43.75	970.303
-28.125	0	-43.125	968.12
-27.5	0	-42.5	966.54
-26.875	0	-41.875	965.436
-26.25	0	-41.25	964.836
-25.625	0	-40.625	964.581
-25	0	-40	964.621
-24.375	0	-39.375	964.92
-23.75	0	-38.75	965.374
-23.125	0	-38.125	965.961
-22.5	0	-37.5	966.666
-21.875	0	-36.875	967.382
-21.25	0	-36.25	968.15
-20.625	0	-35.625	968.944
-20	0	-35	969.729
-19.375	0	-34.375	970.505
-18.75	0	-33.75	971.269
-18.125	0	-33.125	972.047
-17.5	0	-32.5	972.794
-16.875	0	-31.875	973.507
-16.25	0	-31.25	974.212
-15.625	0	-30.625	974.849
-15	0	-30	975.485
-14.375	0	-29.375	976.097
-13.75	0	-28.75	976.646
-13.125	0	-28.125	977.188
-12.5	0	-27.5	977.643
-11.875	0	-26.875	978.113
-11.25	0	-26.25	978.559
-10.625	0	-25.625	979.028
-10	0	-25	979.41
-9.375	0	-24.375	979.865
-8.75	0	-23.75	980.242
-8.125	0	-23.125	980.681
-7.5	0	-22.5	981.178
-6.875	0	-21.875	981.763
-6.25	0	-21.25	982.365
-5.625	0	-20.625	983.06
-5	0	-20	983.925
-4.375	0	-19.375	984.561
-3.75	0	-18.75	985.44
-3.125	0	-18.125	986.139
-2.5	0	-17.5	986.898
-1.875	0	-16.875	987.877
-1.25	0	-16.25	988.384
-0.625	0	-15.625	988.972
0	0	-15	988.855
0.625	0	-14.375	988.856
1.25	0	-13.75	987.951
1.875	0	-13.125	987.153
2.5	0	-12.5	986.05
3.125	0	-11.875	986.223
3.75	0	-11.25	987.149
4.375	0	-10.625	989.298
5	0	-10	991.657
5.625	0	-9.375	988.55
6.25	0	-8.75	976.942
-62.5	0	-78.75	1004.38
-61.875	0	-78.125	1006.13
-61.25	0	-77.5	1006.14
-60.625	0	-76.875	1005.61
-60	0	-76.25	998.922
-59.375	0	-75.625	996.655
-58.75	0	-75	992.092
-58.125	0	-74.375	992.396
-57.5	0	-73.75	990.823
-56.875	0	-73.125	990.617
-56.25	0	-72.5	987.605
-55.625	0	-71.875	978.414
-55	0	-71.25	937.67
-54.375	0	-70.625	1107.73
-53.75	0	-70	1039.88
-53.125	0	-69.375	1028.17
-52.5	0	-68.75	1023.41
-51.875	0	-68.125	1021.93
-51.25	0	-67.5	1021.61
-50.625	0	-66.875	1021.07
-50	0	-66.25	1021.81
-49.375	0	-65.625	1022.07
-48.75	0	-65	1022.5
-48.125	0	-64.375	1023.18
-47.5	0	-63.75	1023.76
-46.875	0	-63.125	1024.55
-46.25	0	-62.5	1025.32
-45.625	0	-61.875	1026.33
-45	0	-61.25	1027.19
-44.375	0	-60.625	1028.35
-43.75	0	-60	1029.58
-43.125	0	-59.375	1030.7
-42.5	0	-58.75	1032.02
-41.875	0	-58.125	1033.26
-41.25	0	-57.5	1034.39
-40.625	0	-56.875	1035.48
-40	0	-56.25	1036.45
-39.375	0	-55.625	1037.07
-38.75	0	-55	1037.44
-38.125	0	-54.375	1037.34
-37.5	0	-53.75	1036.78
-36.875	0	-53.125	1035.59
-36.25	0	-52.5	1033.57
-35.625	0	-51.875	1030.95
-35	0	-51.25	1027.4
-34.375	0	-50.625	1022.93
-33.75	0	-50	1017.66
-33.125	0	-49.375	1011.83
-32.5	0	-48.75	1005.49
-31.875	0	-48.125	998.955
-31.25	0	-47.5	992.53
-30.625	0	-46.875	986.414
-30	0	-46.25	980.865
-29.375	0	-45.625	976.029
-28.75	0	-45	971.993
-28.125	0	-44.375	968.724
-27.5	0	-43.75	966.269
-26.875	0	-43.125	964.488
-26.25	0	-42.5	963.239
-25.625	0	-41.875	962.55
-25	0	-41.25	962.244
-24.375	0	-40.625	962.267
-23.75	0	-40	962.577
-23.125	0	-39.375	963.059
-22.5	0	-38.75	963.689
-21.875	0	-38.125	964.449
-21.25	0	-37.5	965.224
-20.625	0	-36.875	966.055
-20	0	-36.25	966.916
-19.375	0	-35.625	967.767
-18.75	0	-35	968.61
-18.125	0	-34.375	969.44
-17.5	0	-33.75	970.285
-16.875	0	-33.125	971.097
-16.25	0	-32.5	971.873
-15.625	0	-31.875	972.64
-15	0	-31.25	973.333
-14.375	0	-30.625	974.025
-13.75	0	-30	974.693
-13.125	0	-29.375	975.292
-12.5	0	-28.75	975.883
-11.875	0	-28.125	976.382
-11.25	0	-27.5	976.896
-10.625	0	-26.875	977.385
-10	0	-26.25	977.897
-9.375	0	-25.625	978.318
-8.75	0	-25	978.816
-8.125	0	-24.375	979.232
-7.5	0	-23.75	979.713
-6.875	0	-23.125	980.256
-6.25	0	-22.5	980.891
-5.625	0	-21.875	981.543
-5	0	-21.25	982.294
-4.375	0	-20.625	983.222
-3.75	0	-20	983.909
-3.125	0	-19.375	984.849
-2.5	0	-18.75	985.599
-1.875	0	-18.125	986.41
-1.25	0	-17.5	987.451
-0.625	0	-16.875	987.996
0	0	-16.25	988.625
0.625	0	-15.625	988.521
1.25	0	-15	988.54
1.875	0	-14.375	987.625
2.5	0	-13.75	986.827
3.125	0	-13.125	985.722
3.75	0	-12.5	985.934
4.375	0	-11.875	986.917
5	0	-11.25	989.144
5.625	0	-10.625	991.569
6.25	0	-10	988.457
6.875	0	-9.375	976.831
-61.25	0	-78.75	1012.99
-60.625	0	-78.125	996.413
-60	0	-77.5	1005.71
-59.375	0	-76.875	1001.47
-58.75	0	-76.25	998.508
-58.125	0	-75.625	991.763
-57.5	0	-75	990.658
-56.875	0	-74.375	988.507
-56.25	0	-73.75	988.536
-55.625	0	-73.125	987.302
-55	0	-72.5	984.412
-54.375	0	-71.875	978.93
-53.75	0	-71.25	960.649
-53.125	0	-70.625	856.376
-52.5	0	-70	1157.05
-51.875	0	-69.375	1062.1
-51.25	0	-68.75	1045.07
-50.625	0	-68.125	1038.95
-50	0	-67.5	1035.03
-49.375	0	-66.875	1034.28
-48.75	0	-66.25	1033.31
-48.125	0	-65.625	1032.89
-47.5	0	-65	1033
-46.875	0	-64.375	1033.1
-46.25	0	-63.75	1033.56
-45.625	0	-63.125	1034.04
-45	0	-62.5	1034.89
-44.375	0	-61.875	1035.56
-43.75	0	-61.25	1036.65
-43.125	0	-60.625	1037.85
-42.5	0	-60	1038.93
-41.875	0	-59.375	1040.28
-41.25	0	-58.75	1041.53
-40.625	0	-58.125	1042.69
-40	0	-57.5	1043.8
-39.375	0	-56.875	1044.79
-38.75	0	-56.25	1045.39
-38.125	0	-55.625	1045.71
-37.5	0	-55	1045.5
-36.875	0	-54.375	1044.78
-36.25	0	-53.75	1043.34
-35.625	0	-53.125	1040.98
-35	0	-52.5	1037.94
-34.375	0	-51.875	1033.87
-33.75	0	-51.25	1028.77
-33.125	0	-50.625	1022.77
-32.5	0	-50	1016.16
-31.875	0	-49.375	1009
-31.25	0	-48.75	1001.63
-30.625	0	-48.125	994.392
-30	0	-47.5	987.519
-29.375	0	-46.875	981.291
-28.75	0	-46.25	975.867
-28.125	0	-45.625	971.343
-27.5	0	-45	967.676
-26.875	0	-44.375	964.919
-26.25	0	-43.75	962.911
-25.625	0	-43.125	961.496
-25	0	-42.5	960.702
-24.375	0	-41.875	960.334
-23.75	0	-41.25	960.329
-23.125	0	-40.625	960.642
-22.5	0	-40	961.144
-21.875	0	-39.375	961.811
-21.25	0	-38.75	962.621
-20.625	0	-38.125	963.448
-20	0	-37.5	964.339
-19.375	0	-36.875	965.262
-18.75	0	-36.25	966.177
-18.125	0	-35.625	967.083
-17.5	0	-35	967.975
-16.875	0	-34.375	968.883
-16.25	0	-33.75	969.757
-15.625	0	-33.125	970.592
-15	0	-32.5	971.416
-14.375	0	-31.875	972.163
-13.75	0	-31.25	972.908
-13.125	0	-30.625	973.626
-12.5	0	-30	974.271
-11.875	0	-29.375	974.907
-11.25	0	-28.75	975.446
-10.625	0	-28.125	976
-10	0	-27.5	976.527
-9.375	0	-26.875	977.079
-8.75	0	-26.25	977.534
-8.125	0	-25.625	978.07
-7.5	0	-25	978.519
-6.875	0	-24.375	979.038
-6.25	0	-23.75	979.62
-5.625	0	-23.125	980.3
-5	0	-22.5	980.996
-4.375	0	-21.875	981.795
-3.75	0	-21.25	982.779
-3.125	0	-20.625	983.508
-2.5	0	-20	984.501
-1.875	0	-19.375	985.294
-1.25	0	-18.75	986.149
-0.625	0	-18.125	987.24
0	0	-17.5	987.814
0.625	0	-16.875	988.474
1.25	0	-16.25	988.373
1.875	0	-15.625	988.4
2.5	0	-15	987.466
3.125	0	-14.375	986.657
3.75	0	-13.75	985.539
4.375	0	-13.125	985.775
5	0	-12.5	986.798
5.625	0	-11.875	989.08
6.25	0	-11.25	991.55
6.875	0	-10.625	988.416
7.5	0	-10	976.756
-60	0	-78.75	1015.35
-59.375	0	-78.125	1001.67
-58.75	0	-77.5	1002.99
-58.125	0	-76.875	1002.88
-57.5	0	-76.25	994.039
-56.875	0	-75.625	991.035
-56.25	0	-75	987.402
-55.625	0	-74.375	986.982
-55	0	-73.75	986.264
-54.375	0	-73.125	985.251
-53.75	0	-72.5	983.753
-53.125	0	-71.875	978.478
-52.5	0	-71.25	965.889
-51.875	0	-70.625	933.292
-51.25	0	-70	715.746
-50.625	0	-69.375	1196.06
-50	0	-68.75	1092.19
-49.375	0	-68.125	1066.33
-48.75	0	-67.5	1057.75
-48.125	0	-66.875	1052.17
-47.5	0	-66.25	1049
-46.875	0	-65.625	1047.37
-46.25	0	-65	1046.17
-45.625	0	-64.375	1045.74
-45	0	-63.75	1045.5
-44.375	0	-63.125	1045.87
-43.75	0	-62.5	1046.1
-43.125	0	-61.875	1046.93
-42.5	0	-61.25	1047.95
-41.875	0	-60.625	1048.86
-41.25	0	-60	1050.13
-40.625	0	-59.375	1051.32
-40	0	-58.75	1052.42
-39.375	0	-58.125	1053.49
-38.75	0	-57.5	1054.45
-38.125	0	-56.875	1054.96
-37.5	0	-56.25	1055.17
-36.875	0	-55.625	1054.8
-36.25	0	-55	1053.85
-35.625	0	-54.375	1052.11
-35	0	-53.75	1049.33
-34.375	0	-53.125	1045.8
-33.75	0	-52.5	1041.11
-33.125	0	-51.875	1035.28
-32.5	0	-51.25	1028.46
-31.875	0	-50.625	1020.97
-31.25	0	-50	1012.87
-30.625	0	-49.375	1004.56
-30	0	-48.75	996.433
-29.375	0	-48.125	988.723
-28.75	0	-47.5	981.746
-28.125	0	-46.875	975.678
-27.5	0	-46.25	970.617
-26.875	0	-45.625	966.516
-26.25	0	-45	963.427
-25.625	0	-44.375	961.17
-25	0	-43.75	959.574
-24.375	0	-43.125	958.663
-23.75	0	-42.5	958.224
-23.125	0	-41.875	958.187
-22.5	0	-41.25	958.499
-21.875	0	-40.625	959.021
-21.25	0	-40	959.725
-20.625	0	-39.375	960.585
-20	0	-38.75	961.467
-19.375	0	-38.125	962.419
-18.75	0	-37.5	963.407
-18.125	0	-36.875	964.387
-17.5	0	-36.25	965.358
-16.875	0	-35.625	966.315
-16.25	0	-35	967.29
-15.625	0	-34.375	968.227
-15	0	-33.75	969.124
-14.375	0	-33.125	970.01
-13.75	0	-32.5	970.812
-13.125	0	-31.875	971.612
-12.5	0	-31.25	972.384
-11.875	0	-30.625	973.078
-11.25	0	-30	973.763
-10.625	0	-29.375	974.343
-10	0	-28.75	974.94
-9.375	0	-28.125	975.509
-8.75	0	-27.5	976.104
-8.125	0	-26.875	976.597
-7.5	0	-26.25	977.174
-6.875	0	-25.625	977.66
-6.25	0	-25	978.219
-5.625	0	-24.375	978.845
-5	0	-23.75	979.571
-4.375	0	-23.125	980.315
-3.75	0	-22.5	981.166
-3.125	0	-21.875	982.209
-2.5	0	-21.25	982.984
-1.875	0	-20.625	984.033
-1.25	0	-20	984.871
-0.625	0	-19.375	985.773
0	0	-18.75	986.919
0.625	0	-18.125	987.525
1.25	0	-17.5	988.22
1.875	0	-16.875	988.128
2.5	0	-16.25	988.171
3.125	0	-15.625	987.226
3.75	0	-15	986.415
4.375	0	-14.375	985.294
5	0	-13.75	985.562
5.625	0	-13.125	986.631
6.25	0	-12.5	988.974
6.875	0	-11.875	991.494
7.5	0	-11.25	988.353
8.125	0	-10.625	976.675
-58.75	0	-78.75	1001.41
-58.125	0	-78.125	996.964
-57.5	0	-77.5	1006.8
-56.875	0	-76.875	998.57
-56.25	0	-76.25	994.308
-55.625	0	-75.625	988.434
-55	0	-75	986.79
-54.375	0	-74.375	985.748
-53.75	0	-73.75	985.489
-53.125	0	-73.125	985.635
-52.5	0	-72.5	983.861
-51.875	0	-71.875	979.289
-51.25	0	-71.25	970.811
-50.625	0	-70.625	952.988
-50	0	-70	897.909
-49.375	0	-69.375	332.274
-48.75	0	-68.75	1233.57
-48.125	0	-68.125	1123.69
-47.5	0	-67.5	1091.91
-46.875	0	-66.875	1077.72
-46.25	0	-66.25	1070.37
-45.625	0	-65.625	1065.54
-45	0	-65	1062.79
-44.375	0	-64.375	1060.88
-43.75	0	-63.75	1060.13
-43.125	0	-63.125	1059.42
-42.5	0	-62.5	1059.64
-41.875	0	-61.875	1060.22
-41.25	0	-61.25	1060.75
-40.625	0	-60.625	1061.79
-40	0	-60	1062.78
-39.375	0	-59.375	1063.7
-38.75	0	-58.75	1064.64
-38.125	0	-58.125	1065.48
-37.5	0	-57.5	1065.83
-36.875	0	-56.875	1065.86
-36.25	0	-56.25	1065.24
-35.625	0	-55.625	1063.99
-35	0	-55	1061.85
-34.375	0	-54.375	1058.55
-33.75	0	-53.75	1054.44
-33.125	0	-53.125	1049.03
-32.5	0	-52.5	1042.35
-31.875	0	-51.875	1034.59
-31.25	0	-51.25	1026.1
-30.625	0	-50.625	1016.95
-30	0	-50	1007.6
-29.375	0	-49.375	998.466
-28.75	0	-48.75	989.829
-28.125	0	-48.125	982.026
-27.5	0	-47.5	975.248
-26.875	0	-46.875	969.6
-26.25	0	-46.25	965.025
-25.625	0	-45.625	961.575
-25	0	-45	959.049
-24.375	0	-44.375	957.255
-23.75	0	-43.75	956.219
-23.125	0	-43.125	955.704
-22.5	0	-42.5	955.631
-21.875	0	-41.875	955.943
-21.25	0	-41.25	956.487
-20.625	0	-40.625	957.23
-20	0	-40	958.146
-19.375	0	-39.375	959.086
-18.75	0	-38.75	960.103
-18.125	0	-38.125	961.162
-17.5	0	-37.5	962.212
-16.875	0	-36.875	963.254
-16.25	0	-36.25	964.282
-15.625	0	-35.625	965.329
-15	0	-35	966.336
-14.375	0	-34.375	967.3
-13.75	0	-33.75	968.253
-13.125	0	-33.125	969.117
-12.5	0	-32.5	969.979
-11.875	0	-31.875	970.81
-11.25	0	-31.25	971.559
-10.625	0	-30.625	972.298
-10	0	-30	972.927
-9.375	0	-29.375	973.573
-8.75	0	-28.75	974.19
-8.125	0	-28.125	974.834
-7.5	0	-27.5	975.37
-6.875	0	-26.875	975.996
-6.25	0	-26.25	976.525
-5.625	0	-25.625	977.131
-5	0	-25	977.807
-4.375	0	-24.375	978.588
-3.75	0	-23.75	979.386
-3.125	0	-23.125	980.296
-2.5	0	-22.5	981.404
-1.875	0	-21.875	982.232
-1.25	0	-21.25	983.344
-0.625	0	-20.625	984.236
0	0	-20	985.193
0.625	0	-19.375	986.4
1.25	0	-18.75	987.049
1.875	0	-18.125	987.789
2.5	0	-17.5	987.717
3.125	0	-16.875	987.786
3.75	0	-16.25	986.845
4.375	0	-15.625	986.047
5	0	-15	984.937
5.625	0	-14.375	985.251
6.25	0	-13.75	986.379
6.875	0	-13.125	988.794
7.5	0	-12.5	991.38
8.125	0	-11.875	988.251
8.75	0	-11.25	976.58
-57.5	0	-78.75	1011.15
-56.875	0	-78.125	999.944
-56.25	0	-77.5	998.137
-55.625	0	-76.875	996.613
-55	0	-76.25	988.846
-54.375	0	-75.625	985.322
-53.75	0	-75	982.939
-53.125	0	-74.375	982.39
-52.5	0	-73.75	982.963
-51.875	0	-73.125	982.453
-51.25	0	-72.5	980.302
-50.625	0	-71.875	976.4
-50	0	-71.25	969.183
-49.375	0	-70.625	953.043
-48.75	0	-70	916.691
-48.125	0	-69.375	813.884
-47.5	0	-68.75	-2178.09
-46.875	0	-68.125	1305.61
-46.25	0	-67.5	1168.89
-45.625	0	-66.875	1127.3
-45	0	-66.25	1106.88
-44.375	0	-65.625	1095.72
-43.75	0	-65	1088.48
-43.125	0	-64.375	1084.31
-42.5	0	-63.75	1081.04
-41.875	0	-63.125	1079.53
-41.25	0	-62.5	1078.84
-40.625	0	-61.875	1078.32
-40	0	-61.25	1078.62
-39.375	0	-60.625	1079
-38.75	0	-60	1079.41
-38.125	0	-59.375	1079.92
-37.5	0	-58.75	1080.4
-36.875	0	-58.125	1080.35
-36.25	0	-57.5	1080
-35.625	0	-56.875	1078.95
-35	0	-56.25	1077.21
-34.375	0	-55.625	1074.5
-33.75	0	-55	1070.51
-33.125	0	-54.375	1065.63
-32.5	0	-53.75	1059.32
-31.875	0	-53.125	1051.62
-31.25	0	-52.5	1042.72
-30.625	0	-51.875	1033.06
-30	0	-51.25	1022.69
-29.375	0	-50.625	1012.13
-28.75	0	-50	1001.86
-28.125	0	-49.375	992.161
-27.5	0	-48.75	983.42
-26.875	0	-48.125	975.838
-26.25	0	-47.5	969.524
-25.625	0	-46.875	964.41
-25	0	-46.25	960.547
-24.375	0	-45.625	957.709
-23.75	0	-45	955.684
-23.125	0	-44.375	954.495
-22.5	0	-43.75	953.88
-21.875	0	-43.125	953.754
-21.25	0	-42.5	954.05
-20.625	0	-41.875	954.601
-20	0	-41.25	955.372
-19.375	0	-40.625	956.332
-18.75	0	-40	957.321
-18.125	0	-39.375	958.395
-17.5	0	-38.75	959.515
-16.875	0	-38.125	960.627
-16.25	0	-37.5	961.732
-15.625	0	-36.875	962.823
-15	0	-36.25	963.934
-14.375	0	-35.625	965.004
-13.75	0	-35	966.028
-13.125	0	-34.375	967.039
-12.5	0	-33.75	967.957
-11.875	0	-33.125	968.873
-11.25	0	-32.5	969.757
-10.625	0	-31.875	970.552
-10	0	-31.25	971.337
-9.375	0	-30.625	972.006
-8.75	0	-30	972.694
-8.125	0	-29.375	973.35
-7.5	0	-28.75	974.035
-6.875	0	-28.125	974.606
-6.25	0	-27.5	975.271
-5.625	0	-26.875	975.834
-5	0	-26.25	976.478
-4.375	0	-25.625	977.193
-3.75	0	-25	978.018
-3.125	0	-24.375	978.86
-2.5	0	-23.75	979.817
-1.875	0	-23.125	980.978
-1.25	0	-22.5	981.847
-0.625	0	-21.875	983.009
0	0	-21.25	983.941
0.625	0	-20.625	984.938
1.25	0	-20	986.193
1.875	0	-19.375	986.868
2.5	0	-18.75	987.636
3.125	0	-18.125	987.57
3.75	0	-17.5	987.649
4.375	0	-16.875	986.695
5	0	-16.25	985.892
5.625	0	-15.625	984.776
6.25	0	-15	985.112
6.875	0	-14.375	986.275
7.5	0	-13.75	988.736
8.125	0	-13.125	991.357
8.75	0	-12.5	988.216
9.375	0	-11.875	976.524
-56.25	0	-78.75	984.561
-55.625	0	-78.125	992.399
-55	0	-77.5	1000.68
-54.375	0	-76.875	993.434
-53.75	0	-76.25	988.143
-53.125	0	-75.625	983.511
-52.5	0	-75	981.811
-51.875	0	-74.375	982.181
-51.25	0	-73.75	982.354
-50.625	0	-73.125	981.707
-50	0	-72.5	980.271
-49.375	0	-71.875	977.143
-48.75	0	-71.25	969.453
-48.125	0	-70.625	954.608
-47.5	0	-70	929.597
-46.875	0	-69.375	868.707
-46.25	0	-68.75	676.417
-45.625	0	-68.125	4490.35
-45	0	-67.5	1356.08
-44.375	0	-66.875	1211.01
-43.75	0	-66.25	1161.28
-43.125	0	-65.625	1136.05
-42.5	0	-65	1122.13
-41.875	0	-64.375	1112.53
-41.25	0	-63.75	1107.05
-40.625	0	-63.125	1103.58
-40	0	-62.5	1100.93
-39.375	0	-61.875	1099.75
-38.75	0	-61.25	1098.94
-38.125	0	-60.625	1098.38
-37.5	0	-60	1098.11
-36.875	0	-59.375	1097.93
-36.25	0	-58.75	1097.24
-35.625	0	-58.125	1096.29
-35	0	-57.5	1094.6
-34.375	0	-56.875	1092.18
-33.75	0	-56.25	1088.72
-33.125	0	-55.625	1083.85
-32.5	0	-55	1078.03
-31.875	0	-54.375	1070.64
-31.25	0	-53.75	1061.72
-30.625	0	-53.125	1051.5
-30	0	-52.5	1040.48
-29.375	0	-51.875	1028.71
-28.75	0	-51.25	1016.78
-28.125	0	-50.625	1005.21
-27.5	0	-50	994.33
-26.875	0	-49.375	984.545
-26.25	0	-48.75	976.071
-25.625	0	-48.125	969.022
-25	0	-47.5	963.317
-24.375	0	-46.875	959.003
-23.75	0	-46.25	955.827
-23.125	0	-45.625	953.551
-22.5	0	-45	952.198
-21.875	0	-44.375	951.479
-21.25	0	-43.75	951.297
-20.625	0	-43.125	951.578
-20	0	-42.5	952.141
-19.375	0	-41.875	952.944
-18.75	0	-41.25	953.954
-18.125	0	-40.625	954.999
-17.5	0	-40	956.137
-16.875	0	-39.375	957.327
-16.25	0	-38.75	958.509
-15.625	0	-38.125	959.685
-15	0	-37.5	960.847
-14.375	0	-36.875	962.031
-13.75	0	-36.25	963.172
-13.125	0	-35.625	964.264
-12.5	0	-35	965.343
-11.875	0	-34.375	966.323
-11.25	0	-33.75	967.301
-10.625	0	-33.125	968.245
-10	0	-32.5	969.096
-9.375	0	-31.875	969.937
-8.75	0	-31.25	970.655
-8.125	0	-30.625	971.392
-7.5	0	-30	972.096
-6.875	0	-29.375	972.831
-6.25	0	-28.75	973.446
-5.625	0	-28.125	974.159
-5	0	-27.5	974.767
-4.375	0	-26.875	975.457
-3.75	0	-26.25	976.222
-3.125	0	-25.625	977.101
-2.5	0	-25	977.996
-1.875	0	-24.375	979.01
-1.25	0	-23.75	980.234
-0.625	0	-23.125	981.155
0	0	-22.5	982.377
0.625	0	-21.875	983.36
1.25	0	-21.25	984.41
1.875	0	-20.625	985.722
2.5	0	-20	986.437
3.125	0	-19.375	987.247
3.75	0	-18.75	987.201
4.375	0	-18.125	987.305
5	0	-17.5	986.356
5.625	0	-16.875	985.566
6.25	0	-16.25	984.463
6.875	0	-15.625	984.841
7.5	0	-15	986.056
8.125	0	-14.375	988.581
8.75	0	-13.75	991.258
9.375	0	-13.125	988.13
10	0	-12.5	976.445
-55	0	-78.75	1001.21
-54.375	0	-78.125	999.106
-53.75	0	-77.5	996.191
-53.125	0	-76.875	991.71
-52.5	0	-76.25	984.673
-51.875	0	-75.625	980.876
-51.25	0	-75	980.024
-50.625	0	-74.375	979.949
-50	0	-73.75	979.844
-49.375	0	-73.125	979.632
-48.75	0	-72.5	978.421
-48.125	0	-71.875	973.991
-47.5	0	-71.25	965.244
-46.875	0	-70.625	952.539
-46.25	0	-70	927.063
-45.625	0	-69.375	883.69
-45	0	-68.75	786.341
-44.375	0	-68.125	405.145
-43.75	0	-67.5	2638.73
-43.125	0	-66.875	1418.26
-42.5	0	-66.25	1263.36
-41.875	0	-65.625	1204.93
-41.25	0	-65	1173.32
-40.625	0	-64.375	1155.7
-40	0	-63.75	1144.6
-39.375	0	-63.125	1136.61
-38.75	0	-62.5	1131.8
-38.125	0	-61.875	1128.23
-37.5	0	-61.25	1125.5
-36.875	0	-60.625	1123.55
-36.25	0	-60	1121.99
-35.625	0	-59.375	1120.04
-35	0	-58.75	1117.97
-34.375	0	-58.125	1115.19
-33.75	0	-57.5	1111.7
-33.125	0	-56.875	1107.11
-32.5	0	-56.25	1101
-31.875	0	-55.625	1093.91
-31.25	0	-55	1085.12
-30.625	0	-54.375	1074.67
-30	0	-53.75	1062.84
-29.375	0	-53.125	1050.18
-28.75	0	-52.5	1036.75
-28.125	0	-51.875	1023.2
-27.5	0	-51.25	1010.13
-26.875	0	-50.625	997.879
-26.25	0	-50	986.89
-25.625	0	-49.375	977.394
-25	0	-48.75	969.502
-24.375	0	-48.125	963.117
-23.75	0	-47.5	958.283
-23.125	0	-46.875	954.713
-22.5	0	-46.25	952.143
-21.875	0	-45.625	950.591
-21.25	0	-45	949.738
-20.625	0	-44.375	949.477
-20	0	-43.75	949.725
-19.375	0	-43.125	950.282
-18.75	0	-42.5	951.104
-18.125	0	-41.875	952.152
-17.5	0	-41.25	953.242
-16.875	0	-40.625	954.434
-16.25	0	-40	955.683
-15.625	0	-39.375	956.926
-15	0	-38.75	958.164
-14.375	0	-38.125	959.389
-13.75	0	-37.5	960.638
-13.125	0	-36.875	961.841
-12.5	0	-36.25	962.994
-11.875	0	-35.625	964.133
-11.25	0	-35	965.167
-10.625	0	-34.375	966.2
-10	0	-33.75	967.196
-9.375	0	-33.125	968.095
-8.75	0	-32.5	968.982
-8.125	0	-31.875	969.741
-7.5	0	-31.25	970.52
-6.875	0	-30.625	971.264
-6.25	0	-30	972.039
-5.625	0	-29.375	972.69
-5	0	-28.75	973.443
-4.375	0	-28.125	974.085
-3.75	0	-27.5	974.813
-3.125	0	-26.875	975.619
-2.5	0	-26.25	976.541
-1.875	0	-25.625	977.479
-1.25	0	-25	978.539
-0.625	0	-24.375	979.816
0	0	-23.75	980.776
0.625	0	-23.125	982.046
1.25	0	-22.5	983.069
1.875	0	-21.875	984.157
2.5	0	-21.25	985.513
3.125	0	-20.625	986.255
3.75	0	-20	987.092
4.375	0	-19.375	987.052
5	0	-18.75	987.167
5.625	0	-18.125	986.209
6.25	0	-17.5	985.417
6.875	0	-16.875	984.311
7.5	0	-16.25	984.711
8.125	0	-15.625	985.958
8.75	0	-15	988.524
9.375	0	-14.375	991.234
10	0	-13.75	988.097
10.625	0	-13.125	976.397
-53.75	0	-78.75	994.686
-53.125	0	-78.125	996.92
-52.5	0	-77.5	997.153
-51.875	0	-76.875	989.567
-51.25	0	-76.25	983.547
-50.625	0	-75.625	980.543
-50	0	-75	979.305
-49.375	0	-74.375	979.012
-48.75	0	-73.75	979.473
-48.125	0	-73.125	979.574
-47.5	0	-72.5	977.217
-46.875	0	-71.875	971.719
-46.25	0	-71.25	964.167
-45.625	0	-70.625	949.07
-45	0	-70	927.595
-44.375	0	-69.375	891.772
-43.75	0	-68.75	824.1
-43.125	0	-68.125	665.185
-42.5	0	-67.5	-153.699
-41.875	0	-66.875	2250.06
-41.25	0	-66.25	1472.54
-40.625	0	-65.625	1314.15
-40	0	-65	1249.37
-39.375	0	-64.375	1214.7
-38.75	0	-63.75	1192.72
-38.125	0	-63.125	1179.19
-37.5	0	-62.5	1169.56
-36.875	0	-61.875	1162.4
-36.25	0	-61.25	1157.14
-35.625	0	-60.625	1152.99
-35	0	-60	1148.83
-34.375	0	-59.375	1144.89
-33.75	0	-58.75	1140.37
-33.125	0	-58.125	1135.27
-32.5	0	-57.5	1129.07
-31.875	0	-56.875	1121.28
-31.25	0	-56.25	1112.52
-30.625	0	-55.625	1101.94
-30	0	-55	1089.6
-29.375	0	-54.375	1075.8
-28.75	0	-53.75	1061.18
-28.125	0	-53.125	1045.79
-27.5	0	-52.5	1030.36
-26.875	0	-51.875	1015.55
-26.25	0	-51.25	1001.73
-25.625	0	-50.625	989.367
-25	0	-50	978.714
-24.375	0	-49.375	969.874
-23.75	0	-48.75	962.73
-23.125	0	-48.125	957.315
-22.5	0	-47.5	953.308
-21.875	0	-46.875	950.412
-21.25	0	-46.25	948.64
-20.625	0	-45.625	947.64
-20	0	-45	947.291
-19.375	0	-44.375	947.501
-18.75	0	-43.75	948.053
-18.125	0	-43.125	948.894
-17.5	0	-42.5	949.984
-16.875	0	-41.875	951.121
-16.25	0	-41.25	952.372
-15.625	0	-40.625	953.686
-15	0	-40	954.996
-14.375	0	-39.375	956.302
-13.75	0	-38.75	957.595
-13.125	0	-38.125	958.915
-12.5	0	-37.5	960.187
-11.875	0	-36.875	961.406
-11.25	0	-36.25	962.611
-10.625	0	-35.625	963.705
-10	0	-35	964.799
-9.375	0	-34.375	965.854
-8.75	0	-33.75	966.805
-8.125	0	-33.125	967.746
-7.5	0	-32.5	968.551
-6.875	0	-31.875	969.378
-6.25	0	-31.25	970.169
-5.625	0	-30.625	970.991
-5	0	-30	971.684
-4.375	0	-29.375	972.483
-3.75	0	-28.75	973.166
-3.125	0	-28.125	973.938
-2.5	0	-27.5	974.791
-1.875	0	-26.875	975.763
-1.25	0	-26.25	976.751
-0.625	0	-25.625	977.864
0	0	-25	979.199
0.625	0	-24.375	980.206
1.25	0	-23.75	981.531
1.875	0	-23.125	982.599
2.5	0	-22.5	983.734
3.125	0	-21.875	985.142
3.75	0	-21.25	985.918
4.375	0	-20.625	986.79
5	0	-20	986.767
5.625	0	-19.375	986.902
6.25	0	-18.75	985.947
6.875	0	-18.125	985.164
7.5	0	-17.5	984.067
8.125	0	-16.875	984.501
8.75	0	-16.25	985.791
9.375	0	-15.625	988.409
10	0	-15	991.163
10.625	0	-14.375	988.033
11.25	0	-13.75	976.336
-52.5	0	-78.75	1010.76
-51.875	0	-78.125	1004.68
-51.25	0	-77.5	996.307
-50.625	0	-76.875	989.472
-50	0	-76.25	983.637
-49.375	0	-75.625	979.943
-48.75	0	-75	978.22
-48.125	0	-74.375	978.403
-47.5	0	-73.75	979.024
-46.875	0	-73.125	977.822
-46.25	0	-72.5	974.151
-45.625	0	-71.875	969.267
-45	0	-71.25	958.744
-44.375	0	-70.625	944.923
-43.75	0	-70	924.071
-43.125	0	-69.375	891.184
-42.5	0	-68.75	837.58
-41.875	0	-68.125	732.987
-41.25	0	-67.5	459.996
-40.625	0	-66.875	-2024.1
-40	0	-66.25	2122.82
-39.375	0	-65.625	1534.72
-38.75	0	-65	1376.94
-38.125	0	-64.375	1303.47
-37.5	0	-63.75	1263.46
-36.875	0	-63.125	1237.79
-36.25	0	-62.5	1220.02
-35.625	0	-61.875	1207.38
-35	0	-61.25	1197.81
-34.375	0	-60.625	1189.31
-33.75	0	-60	1181.88
-33.125	0	-59.375	1174.34
-32.5	0	-58.75	1166.56
-31.875	0	-58.125	1157.86
-31.25	0	-57.5	1147.59
-30.625	0	-56.875	1136.48
-30	0	-56.25	1123.49
-29.375	0	-55.625	1108.67
-28.75	0	-55	1092.37
-28.125	0	-54.375	1075.31
-27.5	0	-53.75	1057.53
-26.875	0	-53.125	1039.83
-26.25	0	-52.5	1022.95
-25.625	0	-51.875	1007.27
-25	0	-51.25	993.309
-24.375	0	-50.625	981.306
-23.75	0	-50	971.364
-23.125	0	-49.375	963.337
-22.5	0	-48.75	957.246
-21.875	0	-48.125	952.725
-21.25	0	-47.5	949.443
-20.625	0	-46.875	947.403
-20	0	-46.25	946.218
-19.375	0	-45.625	945.752
-18.75	0	-45	945.9
-18.125	0	-44.375	946.424
-17.5	0	-43.75	947.268
-16.875	0	-43.125	948.383
-16.25	0	-42.5	949.555
-15.625	0	-41.875	950.851
-15	0	-41.25	952.219
-14.375	0	-40.625	953.585
-13.75	0	-40	954.948
-13.125	0	-39.375	956.3
-12.5	0	-38.75	957.682
-11.875	0	-38.125	959.013
-11.25	0	-37.5	960.289
-10.625	0	-36.875	961.552
-10	0	-36.25	962.698
-9.375	0	-35.625	963.843
-8.75	0	-35	964.948
-8.125	0	-34.375	965.944
-7.5	0	-33.75	966.929
-6.875	0	-33.125	967.772
-6.25	0	-32.5	968.638
-5.625	0	-31.875	969.466
-5	0	-31.25	970.327
-4.375	0	-30.625	971.052
-3.75	0	-30	971.888
-3.125	0	-29.375	972.603
-2.5	0	-28.75	973.411
-1.875	0	-28.125	974.3
-1.25	0	-27.5	975.312
-0.625	0	-26.875	976.34
0	0	-26.25	977.495
0.625	0	-25.625	978.877
1.25	0	-25	979.919
1.875	0	-24.375	981.287
2.5	0	-23.75	982.39
3.125	0	-23.125	983.558
3.75	0	-22.5	985.005
4.375	0	-21.875	985.802
5	0	-21.25	986.697
5.625	0	-20.625	986.677
6.25	0	-20	986.819
6.875	0	-19.375	985.852
7.5	0	-18.75	985.065
8.125	0	-18.125	983.962
8.75	0	-17.5	984.412
9.375	0	-16.875	985.727
10	0	-16.25	988.377
10.625	0	-15.625	991.155
11.25	0	-15	988.014
11.875	0	-14.375	976.301
-51.25	0	-78.75	981.112
-50.625	0	-78.125	992.64
-50	0	-77.5	993.203
-49.375	0	-76.875	987.867
-48.75	0	-76.25	982.174
-48.125	0	-75.625	978.388
-47.5	0	-75	977.625
-46.875	0	-74.375	978.235
-46.25	0	-73.75	977.713
-45.625	0	-73.125	975.307
-45	0	-72.5	972.289
-44.375	0	-71.875	964.577
-43.75	0	-71.25	954.848
-43.125	0	-70.625	940.629
-42.5	0	-70	919.699
-41.875	0	-69.375	889.802
-41.25	0	-68.75	842.638
-40.625	0	-68.125	763.176
-40	0	-67.5	598.543
-39.375	0	-66.875	102.152
-38.75	0	-66.25	72385
-38.125	0	-65.625	2081.59
-37.5	0	-65	1599.04
-36.875	0	-64.375	1440.98
-36.25	0	-63.75	1362.34
-35.625	0	-63.125	1315.52
-35	0	-62.5	1285.07
-34.375	0	-61.875	1263.56
-33.75	0	-61.25	1246.33
-33.125	0	-60.625	1232.3
-32.5	0	-60	1219.43
-31.875	0	-59.375	1207.19
-31.25	0	-58.75	1194.55
-30.625	0	-58.125	1180.61
-30	0	-57.5	1166.15
-29.375	0	-56.875	1149.86
-28.75	0	-56.25	1131.79
-28.125	0	-55.625	1112.29
-27.5	0	-55	1092.18
-26.875	0	-54.375	1071.46
-26.25	0	-53.75	1051.03
-25.625	0	-53.125	1031.68
-25	0	-52.5	1013.81
-24.375	0	-51.875	997.978
-23.75	0	-51.25	984.412
-23.125	0	-50.625	973.199
-22.5	0	-50	964.16
-21.875	0	-49.375	957.295
-21.25	0	-48.75	952.189
-20.625	0	-48.125	948.467
-20	0	-47.5	946.121
-19.375	0	-46.875	944.723
-18.75	0	-46.25	944.119
-18.125	0	-45.625	944.191
-17.5	0	-45	944.679
-16.875	0	-44.375	945.518
-16.25	0	-43.75	946.656
-15.625	0	-43.125	947.86
-15	0	-42.5	949.201
-14.375	0	-41.875	950.622
-13.75	0	-41.25	952.044
-13.125	0	-40.625	953.467
-12.5	0	-40	954.879
-11.875	0	-39.375	956.323
-11.25	0	-38.75	957.716
-10.625	0	-38.125	959.051
-10	0	-37.5	960.373
-9.375	0	-36.875	961.572
-8.75	0	-36.25	962.771
-8.125	0	-35.625	963.928
-7.5	0	-35	964.971
-6.875	0	-34.375	966.002
-6.25	0	-33.75	966.886
-5.625	0	-33.125	967.794
-5	0	-32.5	968.661
-4.375	0	-31.875	969.563
-3.75	0	-31.25	970.323
-3.125	0	-30.625	971.198
-2.5	0	-30	971.948
-1.875	0	-29.375	972.792
-1.25	0	-28.75	973.721
-0.625	0	-28.125	974.775
0	0	-27.5	975.845
0.625	0	-26.875	977.044
1.25	0	-26.25	978.476
1.875	0	-25.625	979.556
2.5	0	-25	980.97
3.125	0	-24.375	982.108
3.75	0	-23.75	983.313
4.375	0	-23.125	984.8
5	0	-22.5	985.622
5.625	0	-21.875	986.543
6.25	0	-21.25	986.53
6.875	0	-20.625	986.683
7.5	0	-20	985.71
8.125	0	-19.375	984.924
8.75	0	-18.75	983.821
9.375	0	-18.125	984.292
10	0	-17.5	985.636
10.625	0	-16.875	988.322
11.25	0	-16.25	991.128
11.875	0	-15.625	987.983
12.5	0	-15	976.261
-50	0	-78.75	990.439
-49.375	0	-78.125	1002.3
-48.75	0	-77.5	996.439
-48.125	0	-76.875	989.368
-47.5	0	-76.25	982.435
-46.875	0	-75.625	979.348
-46.25	0	-75	978.739
-45.625	0	-74.375	977.933
-45	0	-73.75	976
-44.375	0	-73.125	974.156
-43.75	0	-72.5	968.242
-43.125	0	-71.875	961.037
-42.5	0	-71.25	950.504
-41.875	0	-70.625	935.382
-41.25	0	-70	915.081
-40.625	0	-69.375	885.737
-40	0	-68.75	843.254
-39.375	0	-68.125	774.644
-38.75	0	-67.5	655.868
-38.125	0	-66.875	388.035
-37.5	0	-66.25	-661.451
-36.875	0	-65.625	5188.56
-36.25	0	-65	2079
-35.625	0	-64.375	1669.61
-35	0	-63.75	1508.77
-34.375	0	-63.125	1423.93
-33.75	0	-62.5	1371.49
-33.125	0	-61.875	1334.27
-32.5	0	-61.25	1306.5
-31.875	0	-60.625	1283.36
-31.25	0	-60	1263.13
-30.625	0	-59.375	1243.88
-30	0	-58.75	1224.14
-29.375	0	-58.125	1204.64
-28.75	0	-57.5	1183.64
-28.125	0	-56.875	1161.11
-27.5	0	-56.25	1137.38
-26.875	0	-55.625	1113.32
-26.25	0	-55	1088.9
-25.625	0	-54.375	1065.09
-25	0	-53.75	1042.72
-24.375	0	-53.125	1022.23
-23.75	0	-52.5	1004.16
-23.125	0	-51.875	988.744
-22.5	0	-51.25	976.039
-21.875	0	-50.625	965.814
-21.25	0	-50	958.044
-20.625	0	-49.375	952.251
-20	0	-48.75	948.011
-19.375	0	-48.125	945.301
-18.75	0	-47.5	943.645
-18.125	0	-46.875	942.869
-17.5	0	-46.25	942.839
-16.875	0	-45.625	943.269
-16.25	0	-45	944.087
-15.625	0	-44.375	945.232
-15	0	-43.75	946.456
-14.375	0	-43.125	947.832
-13.75	0	-42.5	949.297
-13.125	0	-41.875	950.768
-12.5	0	-41.25	952.242
-11.875	0	-40.625	953.707
-11.25	0	-40	955.208
-10.625	0	-39.375	956.657
-10	0	-38.75	958.046
-9.375	0	-38.125	959.421
-8.75	0	-37.5	960.668
-8.125	0	-36.875	961.916
-7.5	0	-36.25	963.12
-6.875	0	-35.625	964.205
-6.25	0	-35	965.278
-5.625	0	-34.375	966.197
-5	0	-33.75	967.14
-4.375	0	-33.125	968.042
-3.75	0	-32.5	968.98
-3.125	0	-31.875	969.771
-2.5	0	-31.25	970.68
-1.875	0	-30.625	971.459
-1.25	0	-30	972.336
-0.625	0	-29.375	973.298
0	0	-28.75	974.39
0.625	0	-28.125	975.496
1.25	0	-27.5	976.734
1.875	0	-26.875	978.209
2.5	0	-26.25	979.322
3.125	0	-25.625	980.774
3.75	0	-25	981.943
4.375	0	-24.375	983.178
5	0	-23.75	984.699
5.625	0	-23.125	985.539
6.25	0	-22.5	986.478
6.875	0	-21.875	986.467
7.5	0	-21.25	986.624
8.125	0	-20.625	985.641
8.75	0	-20	984.849
9.375	0	-19.375	983.739
10	0	-18.75	984.225
10.625	0	-18.125	985.589
11.25	0	-17.5	988.301
11.875	0	-16.875	991.127
12.5	0	-16.25	987.97
13.125	0	-15.625	976.232
-48.75	0	-78.75	1008.35
-48.125	0	-78.125	998.218
-47.5	0	-77.5	994.688
-46.875	0	-76.875	987.246
-46.25	0	-76.25	982.264
-45.625	0	-75.625	979.871
-45	0	-75	978.034
-44.375	0	-74.375	975.929
-43.75	0	-73.75	974.798
-43.125	0	-73.125	970.131
-42.5	0	-72.5	964.745
-41.875	0	-71.875	956.695
-41.25	0	-71.25	945.113
-40.625	0	-70.625	930
-40	0	-70	908.99
-39.375	0	-69.375	880.711
-38.75	0	-68.75	839.428
-38.125	0	-68.125	779.658
-37.5	0	-67.5	679.493
-36.875	0	-66.875	491.278
-36.25	0	-66.25	29.3808
-35.625	0	-65.625	-2911.99
-35	0	-65	3619.76
-34.375	0	-64.375	2096.05
-33.75	0	-63.75	1737.2
-33.125	0	-63.125	1577.28
-32.5	0	-62.5	1484.59
-31.875	0	-61.875	1423.95
-31.25	0	-61.25	1378.98
-30.625	0	-60.625	1343.22
-30	0	-60	1312.11
-29.375	0	-59.375	1282.71
-28.75	0	-58.75	1255.28
-28.125	0	-58.125	1227.27
-27.5	0	-57.5	1198.38
-26.875	0	-56.875	1168.87
-26.25	0	-56.25	1139.61
-25.625	0	-55.625	1110.42
-25	0	-55	1082.34
-24.375	0	-54.375	1056.26
-23.75	0	-53.75	1032.56
-23.125	0	-53.125	1011.81
-22.5	0	-52.5	994.187
-21.875	0	-51.875	979.717
-21.25	0	-51.25	968.099
-20.625	0	-50.625	959.271
-20	0	-50	952.675
-19.375	0	-49.375	947.831
-18.75	0	-48.75	944.693
-18.125	0	-48.125	942.731
-17.5	0	-47.5	941.748
-16.875	0	-46.875	941.588
-16.25	0	-46.25	941.941
-15.625	0	-45.625	942.723
-15	0	-45	943.865
-14.375	0	-44.375	945.1
-13.75	0	-43.75	946.504
-13.125	0	-43.125	948.008
-12.5	0	-42.5	949.522
-11.875	0	-41.875	951.044
-11.25	0	-41.25	952.56
-10.625	0	-40.625	954.115
-10	0	-40	955.617
-9.375	0	-39.375	957.057
-8.75	0	-38.75	958.484
-8.125	0	-38.125	959.778
-7.5	0	-37.5	961.073
-6.875	0	-36.875	962.323
-6.25	0	-36.25	963.449
-5.625	0	-35.625	964.561
-5	0	-35	965.515
-4.375	0	-34.375	966.494
-3.75	0	-33.75	967.43
-3.125	0	-33.125	968.402
-2.5	0	-32.5	969.223
-1.875	0	-31.875	970.166
-1.25	0	-31.25	970.974
-0.625	0	-30.625	971.882
0	0	-30	972.878
0.625	0	-29.375	974.006
1.25	0	-28.75	975.148
1.875	0	-28.125	976.424
2.5	0	-27.5	977.942
3.125	0	-26.875	979.085
3.75	0	-26.25	980.576
4.375	0	-25.625	981.774
5	0	-25	983.039
5.625	0	-24.375	984.593
6.25	0	-23.75	985.451
6.875	0	-23.125	986.408
7.5	0	-22.5	986.398
8.125	0	-21.875	986.561
8.75	0	-21.25	985.567
9.375	0	-20.625	984.77
10	0	-20	983.656
10.625	0	-19.375	984.155
11.25	0	-18.75	985.54
11.875	0	-18.125	988.278
12.5	0	-17.5	991.122
13.125	0	-16.875	987.956
13.75	0	-16.25	976.204
-47.5	0	-78.75	986.068
-46.875	0	-78.125	996.392
-46.25	0	-77.5	992.302
-45.625	0	-76.875	988.133
-45	0	-76.25	983.964
-44.375	0	-75.625	980.132
-43.75	0	-75	976.826
-43.125	0	-74.375	975.686
-42.5	0	-73.75	971.632
-41.875	0	-73.125	967.518
-41.25	0	-72.5	961.261
-40.625	0	-71.875	952.131
-40	0	-71.25	940.348
-39.375	0	-70.625	924.183
-38.75	0	-70	903.245
-38.125	0	-69.375	874.13
-37.5	0	-68.75	835.525
-36.875	0	-68.125	777.794
-36.25	0	-67.5	688.867
-35.625	0	-66.875	540.913
-35	0	-66.25	239.401
-34.375	0	-65.625	-648.807
-33.75	0	-65	-53539
-33.125	0	-64.375	3106.72
-32.5	0	-63.75	2122.15
-31.875	0	-63.125	1798.42
-31.25	0	-62.5	1636.7
-30.625	0	-61.875	1536.48
-30	0	-61.25	1466.47
-29.375	0	-60.625	1411.89
-28.75	0	-60	1365.05
-28.125	0	-59.375	1324.27
-27.5	0	-58.75	1285.23
-26.875	0	-58.125	1246.91
-26.25	0	-57.5	1209.2
-25.625	0	-56.875	1172.81
-25	0	-56.25	1137.32
-24.375	0	-55.625	1103.75
-23.75	0	-55	1072.97
-23.125	0	-54.375	1045.3
-22.5	0	-53.75	1021.26
-21.875	0	-53.125	1000.98
-21.25	0	-52.5	984.402
-20.625	0	-51.875	971.133
-20	0	-51.25	961.053
-19.375	0	-50.625	953.515
-18.75	0	-50	947.96
-18.125	0	-49.375	944.318
-17.5	0	-48.75	941.994
-16.875	0	-48.125	940.761
-16.25	0	-47.5	940.443
-15.625	0	-46.875	940.695
-15	0	-46.25	941.423
-14.375	0	-45.625	942.55
-13.75	0	-45	943.786
-13.125	0	-44.375	945.209
-12.5	0	-43.75	946.746
-11.875	0	-43.125	948.3
-11.25	0	-42.5	949.865
-10.625	0	-41.875	951.428
-10	0	-41.25	953.035
-9.375	0	-40.625	954.588
-8.75	0	-40	956.078
-8.125	0	-39.375	957.555
-7.5	0	-38.75	958.895
-6.875	0	-38.125	960.236
-6.25	0	-37.5	961.53
-5.625	0	-36.875	962.695
-5	0	-36.25	963.848
-4.375	0	-35.625	964.834
-3.75	0	-35	965.848
-3.125	0	-34.375	966.817
-2.5	0	-33.75	967.824
-1.875	0	-33.125	968.674
-1.25	0	-32.5	969.65
-0.625	0	-31.875	970.487
0	0	-31.25	971.426
0.625	0	-30.625	972.455
1.25	0	-30	973.619
1.875	0	-29.375	974.797
2.5	0	-28.75	976.11
3.125	0	-28.125	977.669
3.75	0	-27.5	978.844
4.375	0	-26.875	980.372
5	0	-26.25	981.599
5.625	0	-25.625	982.892
6.25	0	-25	984.479
6.875	0	-24.375	985.355
7.5	0	-23.75	986.33
8.125	0	-23.125	986.322
8.75	0	-22.5	986.49
9.375	0	-21.875	985.487
10	0	-21.25	984.687
10.625	0	-20.625	983.569
11.25	0	-20	984.082
11.875	0	-19.375	985.487
12.5	0	-18.75	988.25
13.125	0	-18.125	991.114
13.75	0	-17.5	987.939
14.375	0	-16.875	976.177
-46.25	0	-78.75	1002.86
-45.625	0	-78.125	986.139
-45	0	-77.5	990.787
-44.375	0	-76.875	988.472
-43.75	0	-76.25	983.038
-43.125	0	-75.625	977.796
-42.5	0	-75	975.914
-41.875	0	-74.375	971.795
-41.25	0	-73.75	968.461
-40.625	0	-73.125	963.513
-40	0	-72.5	956.203
-39.375	0	-71.875	946.795
-38.75	0	-71.25	933.841
-38.125	0	-70.625	917.367
-37.5	0	-70	894.956
-36.875	0	-69.375	866.679
-36.25	0	-68.75	826.642
-35.625	0	-68.125	770.325
-35	0	-67.5	689.444
-34.375	0	-66.875	559.423
-33.75	0	-66.25	330.056
-33.125	0	-65.625	-177.682
-32.5	0	-65	-2232.12
-31.875	0	-64.375	7866.2
-31.25	0	-63.75	2867.55
-30.625	0	-63.125	2142.15
-30	0	-62.5	1845.81
-29.375	0	-61.875	1681.32
-28.75	0	-61.25	1572.16
-28.125	0	-60.625	1489.66
-27.5	0	-60	1424.11
-26.875	0	-59.375	1366.24
-26.25	0	-58.75	1312.92
-25.625	0	-58.125	1262.88
-25	0	-57.5	1216.29
-24.375	0	-56.875	1172.11
-23.75	0	-56.25	1131.2
-23.125	0	-55.625	1094.31
-22.5	0	-55	1061.59
-21.875	0	-54.375	1033.44
-21.25	0	-53.75	1009.88
-20.625	0	-53.125	990.722
-20	0	-52.5	975.453
-19.375	0	-51.875	963.866
-18.75	0	-51.25	955.193
-18.125	0	-50.625	948.784
-17.5	0	-50	944.532
-16.875	0	-49.375	941.765
-16.25	0	-48.75	940.222
-15.625	0	-48.125	939.698
-15	0	-47.5	939.812
-14.375	0	-46.875	940.457
-13.75	0	-46.25	941.545
-13.125	0	-45.625	942.761
-12.5	0	-45	944.188
-11.875	0	-44.375	945.744
-11.25	0	-43.75	947.323
-10.625	0	-43.125	948.921
-10	0	-42.5	950.521
-9.375	0	-41.875	952.17
-8.75	0	-41.25	953.766
-8.125	0	-40.625	955.298
-7.5	0	-40	956.818
-6.875	0	-39.375	958.195
-6.25	0	-38.75	959.576
-5.625	0	-38.125	960.908
-5	0	-37.5	962.108
-4.375	0	-36.875	963.294
-3.75	0	-36.25	964.308
-3.125	0	-35.625	965.351
-2.5	0	-35	966.348
-1.875	0	-34.375	967.384
-1.25	0	-33.75	968.258
-0.625	0	-33.125	969.262
0	0	-32.5	970.122
0.625	0	-31.875	971.088
1.25	0	-31.25	972.146
1.875	0	-30.625	973.341
2.5	0	-30	974.548
3.125	0	-29.375	975.894
3.75	0	-28.75	977.49
4.375	0	-28.125	978.691
5	0	-27.5	980.251
5.625	0	-26.875	981.502
6.25	0	-26.25	982.819
6.875	0	-25.625	984.433
7.5	0	-25	985.322
8.125	0	-24.375	986.31
8.75	0	-23.75	986.3
9.375	0	-23.125	986.469
10	0	-22.5	985.453
10.625	0	-21.875	984.645
11.25	0	-21.25	983.519
11.875	0	-20.625	984.042
12.5	0	-20	985.461
13.125	0	-19.375	988.244
13.75	0	-18.75	991.121
14.375	0	-18.125	987.934
15	0	-17.5	976.157
-45	0	-78.75	990.195
-44.375	0	-78.125	989.507
-43.75	0	-77.5	994.143
-43.125	0	-76.875	989.44
-42.5	0	-76.25	981.949
-41.875	0	-75.625	978.356
-41.25	0	-75	973.11
-40.625	0	-74.375	969.814
-40	0	-73.75	965.611
-39.375	0	-73.125	959.62
-38.75	0	-72.5	952.024
-38.125	0	-71.875	941.455
-37.5	0	-71.25	928.116
-36.875	0	-70.625	910.064
-36.25	0	-70	887.95
-35.625	0	-69.375	857.444
-35	0	-68.75	816.568
-34.375	0	-68.125	762.187
-33.75	0	-67.5	683.286
-33.125	0	-66.875	566.118
-32.5	0	-66.25	375.689
-31.875	0	-65.625	12.7934
-31.25	0	-65	-929.609
-30.625	0	-64.375	-9083.63
-30	0	-63.75	4796.45
-29.375	0	-63.125	2710.97
-28.75	0	-62.5	2140.11
-28.125	0	-61.875	1865.24
-27.5	0	-61.25	1695.56
-26.875	0	-60.625	1577.69
-26.25	0	-60	1484.42
-25.625	0	-59.375	1405.36
-25	0	-58.75	1335.68
-24.375	0	-58.125	1273.75
-23.75	0	-57.5	1217.14
-23.125	0	-56.875	1166.14
-22.5	0	-56.25	1121.12
-21.875	0	-55.625	1081.83
-21.25	0	-55	1048.47
-20.625	0	-54.375	1020.82
-20	0	-53.75	998.487
-19.375	0	-53.125	980.786
-18.75	0	-52.5	967.384
-18.125	0	-51.875	957.353
-17.5	0	-51.25	949.929
-16.875	0	-50.625	944.953
-16.25	0	-50	941.66
-15.625	0	-49.375	939.746
-15	0	-48.75	938.974
-14.375	0	-48.125	938.919
-13.75	0	-47.5	939.459
-13.125	0	-46.875	940.491
-12.5	0	-46.25	941.675
-11.875	0	-45.625	943.096
-11.25	0	-45	944.664
-10.625	0	-44.375	946.264
-10	0	-43.75	947.891
-9.375	0	-43.125	949.526
-8.75	0	-42.5	951.217
-8.125	0	-41.875	952.854
-7.5	0	-41.25	954.428
-6.875	0	-40.625	955.991
-6.25	0	-40	957.406
-5.625	0	-39.375	958.827
-5	0	-38.75	960.198
-4.375	0	-38.125	961.431
-3.75	0	-37.5	962.652
-3.125	0	-36.875	963.695
-2.5	0	-36.25	964.768
-1.875	0	-35.625	965.794
-1.25	0	-35	966.861
-0.625	0	-34.375	967.761
0	0	-33.75	968.795
0.625	0	-33.125	969.681
1.25	0	-32.5	970.674
1.875	0	-31.875	971.762
2.5	0	-31.25	972.991
3.125	0	-30.625	974.23
3.75	0	-30	975.611
4.375	0	-29.375	977.246
5	0	-28.75	978.474
5.625	0	-28.125	980.068
6.25	0	-27.5	981.346
6.875	0	-26.875	982.689
7.5	0	-26.25	984.332
8.125	0	-25.625	985.236
8.75	0	-25	986.241
9.375	0	-24.375	986.232
10	0	-23.75	986.405
10.625	0	-23.125	985.38
11.25	0	-22.5	984.569
11.875	0	-21.875	983.439
12.5	0	-21.25	983.974
13.125	0	-20.625	985.412
13.75	0	-20	988.218
14.375	0	-19.375	991.112
15	0	-18.75	987.919
15.625	0	-18.125	976.132
-43.75	0	-78.75	980.993
-43.125	0	-78.125	997.934
-42.5	0	-77.5	997.702
-41.875	0	-76.875	989.897
-41.25	0	-76.25	984.242
-40.625	0	-75.625	976.625
-40	0	-75	972.321
-39.375	0	-74.375	968.054
-38.75	0	-73.75	962.766
-38.125	0	-73.125	956.466
-37.5	0	-72.5	947.71
-36.875	0	-71.875	936.729
-36.25	0	-71.25	921.791
-35.625	0	-70.625	903.816
-35	0	-70	879.233
-34.375	0	-69.375	847.159
-33.75	0	-68.75	806.371
-33.125	0	-68.125	750.312
-32.5	0	-67.5	673.936
-31.875	0	-66.875	564.803
-31.25	0	-66.25	395.986
-30.625	0	-65.625	105.962
-30	0	-65	-496.162
-29.375	0	-64.375	-2546.2
-28.75	0	-63.75	19278.2
-28.125	0	-63.125	3807.39
-27.5	0	-62.5	2572.77
-26.875	0	-61.875	2100.13
-26.25	0	-61.25	1843.75
-25.625	0	-60.625	1672.42
-25	0	-60	1543.66
-24.375	0	-59.375	1439.7
-23.75	0	-58.75	1352.99
-23.125	0	-58.125	1277.53
-22.5	0	-57.5	1211.98
-21.875	0	-56.875	1155.68
-21.25	0	-56.25	1107.6
-20.625	0	-55.625	1067.43
-20	0	-55	1034.54
-19.375	0	-54.375	1008.23
-18.75	0	-53.75	987.521
-18.125	0	-53.125	971.896
-17.5	0	-52.5	960.218
-16.875	0	-51.875	951.57
-16.25	0	-51.25	945.723
-15.625	0	-50.625	941.798
-15	0	-50	939.438
-14.375	0	-49.375	938.362
-13.75	0	-48.75	938.098
-13.125	0	-48.125	938.503
-12.5	0	-47.5	939.458
-11.875	0	-46.875	940.593
-11.25	0	-46.25	941.996
-10.625	0	-45.625	943.566
-10	0	-45	945.18
-9.375	0	-44.375	946.83
-8.75	0	-43.75	948.495
-8.125	0	-43.125	950.224
-7.5	0	-42.5	951.9
-6.875	0	-41.875	953.513
-6.25	0	-41.25	955.118
-5.625	0	-40.625	956.57
-5	0	-40	958.03
-4.375	0	-39.375	959.439
-3.75	0	-38.75	960.707
-3.125	0	-38.125	961.962
-2.5	0	-37.5	963.033
-1.875	0	-36.875	964.138
-1.25	0	-36.25	965.193
-0.625	0	-35.625	966.291
0	0	-35	967.218
0.625	0	-34.375	968.282
1.25	0	-33.75	969.193
1.875	0	-33.125	970.216
2.5	0	-32.5	971.335
3.125	0	-31.875	972.598
3.75	0	-31.25	973.87
4.375	0	-30.625	975.286
5	0	-30	976.961
5.625	0	-29.375	978.218
6.25	0	-28.75	979.847
6.875	0	-28.125	981.152
7.5	0	-27.5	982.522
8.125	0	-26.875	984.196
8.75	0	-26.25	985.117
9.375	0	-25.625	986.14
10	0	-25	986.134
10.625	0	-24.375	986.313
11.25	0	-23.75	985.283
11.875	0	-23.125	984.471
12.5	0	-22.5	983.341
13.125	0	-21.875	983.891
13.75	0	-21.25	985.349
14.375	0	-20.625	988.18
15	0	-20	991.093
15.625	0	-19.375	987.898
16.25	0	-18.75	976.105
-42.5	0	-78.75	991.592
-41.875	0	-78.125	995.205
-41.25	0	-77.5	995.529
-40.625	0	-76.875	991.171
-40	0	-76.25	981.397
-39.375	0	-75.625	975.454
-38.75	0	-75	970.347
-38.125	0	-74.375	965.122
-37.5	0	-73.75	959.642
-36.875	0	-73.125	952.272
-36.25	0	-72.5	943.171
-35.625	0	-71.875	930.643
-35	0	-71.25	915.728
-34.375	0	-70.625	895.233
-33.75	0	-70	868.82
-33.125	0	-69.375	836.145
-32.5	0	-68.75	792.574
-31.875	0	-68.125	736.112
-31.25	0	-67.5	660.866
-30.625	0	-66.875	555.356
-30	0	-66.25	400.084
-29.375	0	-65.625	155.266
-28.75	0	-65	-294.977
-28.125	0	-64.375	-1389.19
-27.5	0	-63.75	-8369.95
-26.875	0	-63.125	6685.54
-26.25	0	-62.5	3255.85
-25.625	0	-61.875	2415.44
-25	0	-61.25	2016.88
-24.375	0	-60.625	1772.38
-23.75	0	-60	1599.91
-23.125	0	-59.375	1468.85
-22.5	0	-58.75	1362.45
-21.875	0	-58.125	1274.56
-21.25	0	-57.5	1201.82
-20.625	0	-56.875	1141.44
-20	0	-56.25	1092.05
-19.375	0	-55.625	1052.27
-18.75	0	-55	1020.83
-18.125	0	-54.375	996.308
-17.5	0	-53.75	977.903
-16.875	0	-53.125	964.186
-16.25	0	-52.5	954.035
-15.625	0	-51.875	947.119
-15	0	-51.25	942.42
-14.375	0	-50.625	939.51
-13.75	0	-50	938.056
-13.125	0	-49.375	937.526
-12.5	0	-48.75	937.753
-11.875	0	-48.125	938.598
-11.25	0	-47.5	939.659
-10.625	0	-46.875	941.023
-10	0	-46.25	942.579
-9.375	0	-45.625	944.194
-8.75	0	-45	945.856
-8.125	0	-44.375	947.541
-7.5	0	-43.75	949.3
-6.875	0	-43.125	951.009
-6.25	0	-42.5	952.655
-5.625	0	-41.875	954.296
-5	0	-41.25	955.78
-4.375	0	-40.625	957.276
-3.75	0	-40	958.72
-3.125	0	-39.375	960.017
-2.5	0	-38.75	961.304
-1.875	0	-38.125	962.401
-1.25	0	-37.5	963.534
-0.625	0	-36.875	964.617
0	0	-36.25	965.744
0.625	0	-35.625	966.695
1.25	0	-35	967.788
1.875	0	-34.375	968.724
2.5	0	-33.75	969.774
3.125	0	-33.125	970.923
3.75	0	-32.5	972.217
4.375	0	-31.875	973.522
5	0	-31.25	974.972
5.625	0	-30.625	976.685
6.25	0	-30	977.969
6.875	0	-29.375	979.633
7.5	0	-28.75	980.964
8.125	0	-28.125	982.36
8.75	0	-27.5	984.064
9.375	0	-26.875	985.001
10	0	-26.25	986.04
10.625	0	-25.625	986.037
11.25	0	-25	986.223
11.875	0	-24.375	985.187
12.5	0	-23.75	984.375
13.125	0	-23.125	983.244
13.75	0	-22.5	983.809
14.375	0	-21.875	985.287
15	0	-21.25	988.142
15.625	0	-20.625	991.074
16.25	0	-20	987.876
16.875	0	-19.375	976.08
-41.25	0	-78.75	1005.35
-40.625	0	-78.125	1005.67
-40	0	-77.5	1001.62
-39.375	0	-76.875	990.379
-38.75	0	-76.25	982.111
-38.125	0	-75.625	974.853
-37.5	0	-75	968.502
-36.875	0	-74.375	962.966
-36.25	0	-73.75	956.352
-35.625	0	-73.125	948.631
-35	0	-72.5	937.986
-34.375	0	-71.875	925.466
-33.75	0	-71.25	908.022
-33.125	0	-70.625	885.603
-32.5	0	-70	858.327
-31.875	0	-69.375	822.532
-31.25	0	-68.75	777.565
-30.625	0	-68.125	720.123
-30	0	-67.5	643.925
-29.375	0	-66.875	540.483
-28.75	0	-66.25	396.363
-28.125	0	-65.625	178.486
-27.5	0	-65	-184.033
-26.875	0	-64.375	-921.307
-26.25	0	-63.75	-3297.03
-25.625	0	-63.125	32431.5
-25	0	-62.5	4500.2
-24.375	0	-61.875	2842.05
-23.75	0	-61.25	2217.79
-23.125	0	-60.625	1875.17
-22.5	0	-60	1651.9
-21.875	0	-59.375	1488.83
-21.25	0	-58.75	1363.67
-20.625	0	-58.125	1265.37
-20	0	-57.5	1186.9
-19.375	0	-56.875	1124.53
-18.75	0	-56.25	1075.36
-18.125	0	-55.625	1037.13
-17.5	0	-55	1007.67
-16.875	0	-54.375	985.726
-16.25	0	-53.75	969.446
-15.625	0	-53.125	957.427
-15	0	-52.5	949.192
-14.375	0	-51.875	943.54
-13.75	0	-51.25	939.952
-13.125	0	-50.625	938.029
-12.5	0	-50	937.167
-11.875	0	-49.375	937.166
-11.25	0	-48.75	937.865
-10.625	0	-48.125	938.823
-10	0	-47.5	940.125
-9.375	0	-46.875	941.65
-8.75	0	-46.25	943.251
-8.125	0	-45.625	944.914
-7.5	0	-45	946.612
-6.875	0	-44.375	948.393
-6.25	0	-43.75	950.128
-5.625	0	-43.125	951.803
-5	0	-42.5	953.476
-4.375	0	-41.875	954.988
-3.75	0	-41.25	956.516
-3.125	0	-40.625	957.992
-2.5	0	-40	959.318
-1.875	0	-39.375	960.634
-1.25	0	-38.75	961.756
-0.625	0	-38.125	962.915
0	0	-37.5	964.024
0.625	0	-36.875	965.18
1.25	0	-36.25	966.154
1.875	0	-35.625	967.276
2.5	0	-35	968.235
3.125	0	-34.375	969.313
3.75	0	-33.75	970.491
4.375	0	-33.125	971.818
5	0	-32.5	973.155
5.625	0	-31.875	974.639
6.25	0	-31.25	976.39
6.875	0	-30.625	977.702
7.5	0	-30	979.399
8.125	0	-29.375	980.757
8.75	0	-28.75	982.18
9.375	0	-28.125	983.913
10	0	-27.5	984.866
10.625	0	-26.875	985.923
11.25	0	-26.25	985.925
11.875	0	-25.625	986.118
12.5	0	-25	985.078
13.125	0	-24.375	984.267
13.75	0	-23.75	983.137
14.375	0	-23.125	983.718
15	0	-22.5	985.218
15.625	0	-21.875	988.097
16.25	0	-21.25	991.049
16.875	0	-20.625	987.851
17.5	0	-20	976.053
-40	0	-78.75	1061.84
-39.375	0	-78.125	1009.29
-38.75	0	-77.5	998.402
-38.125	0	-76.875	990.653
-37.5	0	-76.25	981.427
-36.875	0	-75.625	973.156
-36.25	0	-75	966.729
-35.625	0	-74.375	960.225
-35	0	-73.75	953.435
-34.375	0	-73.125	944.29
-33.75	0	-72.5	933.776
-33.125	0	-71.875	918.803
-32.5	0	-71.25	899.465
-31.875	0	-70.625	876.144
-31.25	0	-70	845.706
-30.625	0	-69.375	808.193
-30	0	-68.75	761.534
-29.375	0	-68.125	701.696
-28.75	0	-67.5	624.298
-28.125	0	-66.875	523.762
-27.5	0	-66.25	385.889
-26.875	0	-65.625	189.214
-26.25	0	-65	-118.246
-25.625	0	-64.375	-670.285
-25	0	-63.75	-1993.91
-24.375	0	-63.125	-10644
-23.75	0	-62.5	7394.11
-23.125	0	-61.875	3447.75
-22.5	0	-61.25	2450.7
-21.875	0	-60.625	1979.45
-21.25	0	-60	1693.42
-20.625	0	-59.375	1498.18
-20	0	-58.75	1356.51
-19.375	0	-58.125	1249.6
-18.75	0	-57.5	1167.99
-18.125	0	-56.875	1105.54
-17.5	0	-56.25	1058.03
-16.875	0	-55.625	1022.02
-16.25	0	-55	995.494
-15.625	0	-54.375	975.958
-15	0	-53.75	961.603
-14.375	0	-53.125	951.736
-13.75	0	-52.5	944.918
-13.125	0	-51.875	940.507
-12.5	0	-51.25	938.015
-11.875	0	-50.625	936.751
-11.25	0	-50	936.474
-10.625	0	-49.375	936.994
-10	0	-48.75	937.824
-9.375	0	-48.125	939.049
-8.75	0	-47.5	940.533
-8.125	0	-46.875	942.113
-7.5	0	-46.25	943.772
-6.875	0	-45.625	945.479
-6.25	0	-45	947.283
-5.625	0	-44.375	949.045
-5	0	-43.75	950.749
-4.375	0	-43.125	952.456
-3.75	0	-42.5	954
-3.125	0	-41.875	955.563
-2.5	0	-41.25	957.074
-1.875	0	-40.625	958.432
-1.25	0	-40	959.781
-0.625	0	-39.375	960.931
0	0	-38.75	962.121
0.625	0	-38.125	963.261
1.25	0	-37.5	964.449
1.875	0	-36.875	965.452
2.5	0	-36.25	966.607
3.125	0	-35.625	967.595
3.75	0	-35	968.705
4.375	0	-34.375	969.918
5	0	-33.75	971.282
5.625	0	-33.125	972.656
6.25	0	-32.5	974.179
6.875	0	-31.875	975.973
7.5	0	-31.25	977.318
8.125	0	-30.625	979.055
8.75	0	-30	980.444
9.375	0	-29.375	981.898
10	0	-28.75	983.666
10.625	0	-28.125	984.642
11.25	0	-27.5	985.723
11.875	0	-26.875	985.735
12.5	0	-26.25	985.942
13.125	0	-25.625	984.905
13.75	0	-25	984.101
14.375	0	-24.375	982.98
15	0	-23.75	983.584
15.625	0	-23.125	985.111
16.25	0	-22.5	988.022
16.875	0	-21.875	991.001
17.5	0	-21.25	987.811
18.125	0	-20.625	976.019
-38.75	0	-78.75	1006.46
-38.125	0	-78.125	993.584
-37.5	0	-77.5	994.584
-36.875	0	-76.875	987.481
-36.25	0	-76.25	978.006
-35.625	0	-75.625	970.242
-35	0	-75	963.232
-34.375	0	-74.375	956.902
-33.75	0	-73.75	948.904
-33.125	0	-73.125	940.124
-32.5	0	-72.5	927.275
-31.875	0	-71.875	910.489
-31.25	0	-71.25	890.3
-30.625	0	-70.625	863.86
-30	0	-70	831.603
-29.375	0	-69.375	792.126
-28.75	0	-68.75	742.524
-28.125	0	-68.125	680.303
-27.5	0	-67.5	602.974
-26.875	0	-66.875	502.839
-26.25	0	-66.25	371.535
-25.625	0	-65.625	190.002
-25	0	-65	-76.541
-24.375	0	-64.375	-511.73
-23.75	0	-63.75	-1402.91
-23.125	0	-63.125	-4408.66
-22.5	0	-62.5	22487.6
-21.875	0	-61.875	4396.44
-21.25	0	-61.25	2730.82
-20.625	0	-60.625	2079.81
-20	0	-60	1723.91
-19.375	0	-59.375	1497.82
-18.75	0	-58.75	1341.51
-18.125	0	-58.125	1229.13
-17.5	0	-57.5	1146.72
-16.875	0	-56.875	1085.92
-16.25	0	-56.25	1040.89
-15.625	0	-55.625	1008.21
-15	0	-55	984.414
-14.375	0	-54.375	967.061
-13.75	0	-53.75	955.129
-13.125	0	-53.125	946.85
-12.5	0	-52.5	941.415
-11.875	0	-51.875	938.218
-11.25	0	-51.25	936.454
-10.625	0	-50.625	935.834
-10	0	-50	936.126
-9.375	0	-49.375	936.793
-8.75	0	-48.75	937.915
-8.125	0	-48.125	939.338
-7.5	0	-47.5	940.883
-6.875	0	-46.875	942.528
-6.25	0	-46.25	944.238
-5.625	0	-45.625	946.059
-5	0	-45	947.844
-4.375	0	-44.375	949.576
-3.75	0	-43.75	951.317
-3.125	0	-43.125	952.89
-2.5	0	-42.5	954.489
-1.875	0	-41.875	956.037
-1.25	0	-41.25	957.427
-0.625	0	-40.625	958.811
0	0	-40	959.99
0.625	0	-39.375	961.214
1.25	0	-38.75	962.386
1.875	0	-38.125	963.61
2.5	0	-37.5	964.643
3.125	0	-36.875	965.834
3.75	0	-36.25	966.855
4.375	0	-35.625	968
5	0	-35	969.25
5.625	0	-34.375	970.655
6.25	0	-33.75	972.069
6.875	0	-33.125	973.634
7.5	0	-32.5	975.474
8.125	0	-31.875	976.856
8.75	0	-31.25	978.635
9.375	0	-30.625	980.059
10	0	-30	981.549
10.625	0	-29.375	983.355
11.25	0	-28.75	984.358
11.875	0	-28.125	985.465
12.5	0	-27.5	985.492
13.125	0	-26.875	985.717
13.75	0	-26.25	984.688
14.375	0	-25.625	983.897
15	0	-25	982.789
15.625	0	-24.375	983.421
16.25	0	-23.75	984.979
16.875	0	-23.125	987.926
17.5	0	-22.5	990.936
18.125	0	-21.875	987.76
18.75	0	-21.25	975.981
-37.5	0	-78.75	993.517
-36.875	0	-78.125	993.772
-36.25	0	-77.5	993.642
-35.625	0	-76.875	985.062
-35	0	-76.25	975.69
-34.375	0	-75.625	967.159
-33.75	0	-75	960.352
-33.125	0	-74.375	952.779
-32.5	0	-73.75	945.255
-31.875	0	-73.125	934.119
-31.25	0	-72.5	919.436
-30.625	0	-71.875	901.812
-30	0	-71.25	878.502
-29.375	0	-70.625	850.176
-28.75	0	-70	815.814
-28.125	0	-69.375	773.129
-27.5	0	-68.75	720.633
-26.875	0	-68.125	657.27
-26.25	0	-67.5	578.172
-25.625	0	-66.875	479.77
-25	0	-66.25	353.066
-24.375	0	-65.625	185.576
-23.75	0	-65	-46.5615
-23.125	0	-64.375	-407.483
-22.5	0	-63.75	-1053.3
-21.875	0	-63.125	-2677.3
-21.25	0	-62.5	-18701.8
-20.625	0	-61.875	6177.91
-20	0	-61.25	3073.82
-19.375	0	-60.625	2177.62
-18.75	0	-60	1744.85
-18.125	0	-59.375	1488.51
-17.5	0	-58.75	1321.22
-16.875	0	-58.125	1206.22
-16.25	0	-57.5	1125.1
-15.625	0	-56.875	1066.95
-15	0	-56.25	1025.67
-14.375	0	-55.625	996.075
-13.75	0	-55	974.738
-13.125	0	-54.375	960.104
-12.5	0	-53.75	949.937
-11.875	0	-53.125	943.187
-11.25	0	-52.5	939.083
-10.625	0	-51.875	936.677
-10	0	-51.25	935.608
-9.375	0	-50.625	935.596
-8.75	0	-50	936.041
-8.125	0	-49.375	937.015
-7.5	0	-48.75	938.342
-6.875	0	-48.125	939.824
-6.25	0	-47.5	941.433
-5.625	0	-46.875	943.126
-5	0	-46.25	944.949
-4.375	0	-45.625	946.745
-3.75	0	-45	948.494
-3.125	0	-44.375	950.258
-2.5	0	-43.75	951.854
-1.875	0	-43.125	953.48
-1.25	0	-42.5	955.058
-0.625	0	-41.875	956.476
0	0	-41.25	957.89
0.625	0	-40.625	959.095
1.25	0	-40	960.347
1.875	0	-39.375	961.549
2.5	0	-38.75	962.805
3.125	0	-38.125	963.866
3.75	0	-37.5	965.091
4.375	0	-36.875	966.141
5	0	-36.25	967.319
5.625	0	-35.625	968.605
6.25	0	-35	970.049
6.875	0	-34.375	971.501
7.5	0	-33.75	973.107
8.125	0	-33.125	974.992
8.75	0	-32.5	976.409
9.375	0	-31.875	978.228
10	0	-31.25	979.686
10.625	0	-30.625	981.21
11.25	0	-30	983.054
11.875	0	-29.375	984.081
12.5	0	-28.75	985.215
13.125	0	-28.125	985.256
13.75	0	-27.5	985.499
14.375	0	-26.875	984.477
15	0	-26.25	983.699
15.625	0	-25.625	982.604
16.25	0	-25	983.262
16.875	0	-24.375	984.851
17.5	0	-23.75	987.833
18.125	0	-23.125	990.874
18.75	0	-22.5	987.711
19.375	0	-21.875	975.944
-36.25	0	-78.75	1001.06
-35.625	0	-78.125	990.242
-35	0	-77.5	989.722
-34.375	0	-76.875	982.133
-33.75	0	-76.25	972.565
-33.125	0	-75.625	964.769
-32.5	0	-75	956.94
-31.875	0	-74.375	950.195
-31.25	0	-73.75	940.407
-30.625	0	-73.125	927.512
-30	0	-72.5	912.123
-29.375	0	-71.875	891.454
-28.75	0	-71.25	866.313
-28.125	0	-70.625	835.902
-27.5	0	-70	798.283
-26.875	0	-69.375	752.566
-26.25	0	-68.75	698.452
-25.625	0	-68.125	632.506
-25	0	-67.5	553.304
-24.375	0	-66.875	455.877
-23.75	0	-66.25	335.161
-23.125	0	-65.625	182.766
-22.5	0	-65	-24.7897
-21.875	0	-64.375	-321.567
-21.25	0	-63.75	-806.256
-20.625	0	-63.125	-1829.6
-20	0	-62.5	-6091.25
-19.375	0	-61.875	10936.9
-18.75	0	-61.25	3514.79
-18.125	0	-60.625	2270.62
-17.5	0	-60	1752
-16.875	0	-59.375	1469.45
-16.25	0	-58.75	1295.17
-15.625	0	-58.125	1180.57
-15	0	-57.5	1102.3
-14.375	0	-56.875	1048.54
-13.75	0	-56.25	1010.9
-13.125	0	-55.625	984.214
-12.5	0	-55	966.052
-11.875	0	-54.375	953.477
-11.25	0	-53.75	945.084
-10.625	0	-53.125	939.864
-10	0	-52.5	936.679
-9.375	0	-51.875	935.075
-8.75	0	-51.25	934.705
-8.125	0	-50.625	934.893
-7.5	0	-50	935.698
-6.875	0	-49.375	936.918
-6.25	0	-48.75	938.332
-5.625	0	-48.125	939.905
-5	0	-47.5	941.585
-4.375	0	-46.875	943.416
-3.75	0	-46.25	945.23
-3.125	0	-45.625	947.004
-2.5	0	-45	948.802
-1.875	0	-44.375	950.429
-1.25	0	-43.75	952.094
-0.625	0	-43.125	953.713
0	0	-42.5	955.168
0.625	0	-41.875	956.623
1.25	0	-41.25	957.863
1.875	0	-40.625	959.155
2.5	0	-40	960.397
3.125	0	-39.375	961.696
3.75	0	-38.75	962.796
4.375	0	-38.125	964.065
5	0	-37.5	965.155
5.625	0	-36.875	966.377
6.25	0	-36.25	967.709
6.875	0	-35.625	969.202
7.5	0	-35	970.703
8.125	0	-34.375	972.361
8.75	0	-33.75	974.3
9.375	0	-33.125	975.762
10	0	-32.5	977.633
10.625	0	-31.875	979.135
11.25	0	-31.25	980.703
11.875	0	-30.625	982.594
12.5	0	-30	983.657
13.125	0	-29.375	984.828
13.75	0	-28.75	984.894
14.375	0	-28.125	985.165
15	0	-27.5	984.162
15.625	0	-26.875	983.408
16.25	0	-26.25	982.338
16.875	0	-25.625	983.033
17.5	0	-25	984.665
18.125	0	-24.375	987.692
18.75	0	-23.75	990.774
19.375	0	-23.125	987.638
20	0	-22.5	975.895
-35	0	-78.75	982.438
-34.375	0	-78.125	990.152
-33.75	0	-77.5	987.394
-33.125	0	-76.875	979.069
-32.5	0	-76.25	970.33
-31.875	0	-75.625	961.364
-31.25	0	-75	954.605
-30.625	0	-74.375	945.526
-30	0	-73.75	933.934
-29.375	0	-73.125	920.41
-28.75	0	-72.5	901.97
-28.125	0	-71.875	879.475
-27.5	0	-71.25	852.234
-26.875	0	-70.625	818.483
-26.25	0	-70	777.715
-25.625	0	-69.375	730.058
-25	0	-68.75	672.875
-24.375	0	-68.125	605.84
-23.75	0	-67.5	525.878
-23.125	0	-66.875	430.996
-22.5	0	-66.25	318.229
-21.875	0	-65.625	176.281
-21.25	0	-65	-3.2829
-20.625	0	-64.375	-246.042
-20	0	-63.75	-615.55
-19.375	0	-63.125	-1313.85
-18.75	0	-62.5	-3361.48
-18.125	0	-61.875	92939.2
-17.5	0	-61.25	4155.79
-16.875	0	-60.625	2364.6
-16.25	0	-60	1751
-15.625	0	-59.375	1445.54
-15	0	-58.75	1267.75
-14.375	0	-58.125	1155.36
-13.75	0	-57.5	1081.92
-13.125	0	-56.875	1032.27
-12.5	0	-56.25	997.951
-11.875	0	-55.625	974.887
-11.25	0	-55	959.043
-10.625	0	-54.375	948.449
-10	0	-53.75	941.748
-9.375	0	-53.125	937.531
-8.75	0	-52.5	935.214
-8.125	0	-51.875	934.358
-7.5	0	-51.25	934.193
-6.875	0	-50.625	934.757
-6.25	0	-50	935.816
-5.625	0	-49.375	937.119
-5	0	-48.75	938.62
-4.375	0	-48.125	940.259
-3.75	0	-47.5	942.075
-3.125	0	-46.875	943.887
-2.5	0	-46.25	945.67
-1.875	0	-45.625	947.486
-1.25	0	-45	949.132
-0.625	0	-44.375	950.826
0	0	-43.75	952.476
0.625	0	-43.125	953.96
1.25	0	-42.5	955.448
1.875	0	-41.875	956.717
2.5	0	-41.25	958.043
3.125	0	-40.625	959.319
3.75	0	-40	960.657
4.375	0	-39.375	961.791
5	0	-38.75	963.1
5.625	0	-38.125	964.227
6.25	0	-37.5	965.489
6.875	0	-36.875	966.864
7.5	0	-36.25	968.404
8.125	0	-35.625	969.951
8.75	0	-35	971.656
9.375	0	-34.375	973.648
10	0	-33.75	975.152
10.625	0	-33.125	977.072
11.25	0	-32.5	978.616
11.875	0	-31.875	980.226
12.5	0	-31.25	982.161
13.125	0	-30.625	983.258
13.75	0	-30	984.464
14.375	0	-29.375	984.553
15	0	-28.75	984.85
15.625	0	-28.125	983.865
16.25	0	-27.5	983.133
16.875	0	-26.875	982.086
17.5	0	-26.25	982.817
18.125	0	-25.625	984.488
18.75	0	-25	987.559
19.375	0	-24.375	990.681
20	0	-23.75	987.569
20.625	0	-23.125	975.849
-33.75	0	-78.75	999.34
-33.125	0	-78.125	988.148
-32.5	0	-77.5	984.378
-31.875	0	-76.875	977.511
-31.25	0	-76.25	967.39
-30.625	0	-75.625	959.885
-30	0	-75	950.688
-29.375	0	-74.375	939.737
-28.75	0	-73.75	927.642
-28.125	0	-73.125	911.059
-27.5	0	-72.5	890.831
-26.875	0	-71.875	866.266
-26.25	0	-71.25	835.64
-25.625	0	-70.625	798.701
-25	0	-70	755.826
-24.375	0	-69.375	704.853
-23.75	0	-68.75	646.079
-23.125	0	-68.125	577.431
-22.5	0	-67.5	498.394
-21.875	0	-66.875	408.288
-21.25	0	-66.25	300.601
-20.625	0	-65.625	174.749
-20	0	-65	22.8092
-19.375	0	-64.375	-173.006
-18.75	0	-63.75	-457.642
-18.125	0	-63.125	-944.046
-17.5	0	-62.5	-2125.09
-16.875	0	-61.875	-11457.4
-16.25	0	-61.25	5221.63
-15.625	0	-60.625	2463.51
-15	0	-60	1742.23
-14.375	0	-59.375	1417.71
-13.75	0	-58.75	1239.15
-13.125	0	-58.125	1131.78
-12.5	0	-57.5	1063.04
-11.875	0	-56.875	1017.28
-11.25	0	-56.25	987.196
-10.625	0	-55.625	966.823
-10	0	-55	953.259
-9.375	0	-54.375	944.591
-8.75	0	-53.75	939.024
-8.125	0	-53.125	935.782
-7.5	0	-52.5	934.298
-6.875	0	-51.875	933.676
-6.25	0	-51.25	933.926
-5.625	0	-50.625	934.771
-5	0	-50	935.923
-4.375	0	-49.375	937.324
-3.75	0	-48.75	938.9
-3.125	0	-48.125	940.685
-2.5	0	-47.5	942.485
-1.875	0	-46.875	944.267
-1.25	0	-46.25	946.097
-0.625	0	-45.625	947.756
0	0	-45	949.475
0.625	0	-44.375	951.154
1.25	0	-43.75	952.666
1.875	0	-43.125	954.187
2.5	0	-42.5	955.484
3.125	0	-41.875	956.845
3.75	0	-41.25	958.157
4.375	0	-40.625	959.534
5	0	-40	960.704
5.625	0	-39.375	962.055
6.25	0	-38.75	963.22
6.875	0	-38.125	964.525
7.5	0	-37.5	965.946
8.125	0	-36.875	967.534
8.75	0	-36.25	969.13
9.375	0	-35.625	970.887
10	0	-35	972.934
10.625	0	-34.375	974.483
11.25	0	-33.75	976.454
11.875	0	-33.125	978.042
12.5	0	-32.5	979.697
13.125	0	-31.875	981.681
13.75	0	-31.25	982.815
14.375	0	-30.625	984.058
15	0	-30	984.173
15.625	0	-29.375	984.501
16.25	0	-28.75	983.536
16.875	0	-28.125	982.831
17.5	0	-27.5	981.81
18.125	0	-26.875	982.58
18.75	0	-26.25	984.295
19.375	0	-25.625	987.412
20	0	-25	990.577
20.625	0	-24.375	987.492
21.25	0	-23.75	975.8
-32.5	0	-78.75	1007.29
-31.875	0	-78.125	984.047
-31.25	0	-77.5	984.669
-30.625	0	-76.875	975.726
-30	0	-76.25	967.551
-29.375	0	-75.625	957.355
-28.75	0	-75	946.097
-28.125	0	-74.375	934.773
-27.5	0	-73.75	919.552
-26.875	0	-73.125	901.202
-26.25	0	-72.5	878.928
-25.625	0	-71.875	850.907
-25	0	-71.25	817.056
-24.375	0	-70.625	777.885
-23.75	0	-70	731.512
-23.125	0	-69.375	678.629
-22.5	0	-68.75	617.725
-21.875	0	-68.125	549.085
-21.25	0	-67.5	473.116
-20.625	0	-66.875	385.53
-20	0	-66.25	288.705
-19.375	0	-65.625	180.533
-18.75	0	-65	55.4073
-18.125	0	-64.375	-101.344
-17.5	0	-63.75	-313.53
-16.875	0	-63.125	-656.688
-16.25	0	-62.5	-1400.26
-15.625	0	-61.875	-4658.48
-15	0	-61.25	7508.55
-14.375	0	-60.625	2574.28
-13.75	0	-60	1727.29
-13.125	0	-59.375	1386.76
-12.5	0	-58.75	1211.56
-11.875	0	-58.125	1109.3
-11.25	0	-57.5	1045.17
-10.625	0	-56.875	1004.48
-10	0	-56.25	977.597
-9.375	0	-55.625	959.91
-8.75	0	-55	948.584
-8.125	0	-54.375	941.232
-7.5	0	-53.75	936.784
-6.875	0	-53.125	934.487
-6.25	0	-52.5	933.283
-5.625	0	-51.875	933.133
-5	0	-51.25	933.704
-4.375	0	-50.625	934.663
-3.75	0	-50	935.933
-3.125	0	-49.375	937.426
-2.5	0	-48.75	939.167
-1.875	0	-48.125	940.943
-1.25	0	-47.5	942.718
-0.625	0	-46.875	944.557
0	0	-46.25	946.229
0.625	0	-45.625	947.972
1.25	0	-45	949.68
1.875	0	-44.375	951.221
2.5	0	-43.75	952.777
3.125	0	-43.125	954.106
3.75	0	-42.5	955.504
4.375	0	-41.875	956.855
5	0	-41.25	958.276
5.625	0	-40.625	959.486
6.25	0	-40	960.884
6.875	0	-39.375	962.092
7.5	0	-38.75	963.444
8.125	0	-38.125	964.915
8.75	0	-37.5	966.557
9.375	0	-36.875	968.206
10	0	-36.25	970.018
10.625	0	-35.625	972.125
11.25	0	-35	973.725
11.875	0	-34.375	975.751
12.5	0	-33.75	977.389
13.125	0	-33.125	979.093
13.75	0	-32.5	981.13
14.375	0	-31.875	982.305
15	0	-31.25	983.59
15.625	0	-30.625	983.738
16.25	0	-30	984.1
16.875	0	-29.375	983.162
17.5	0	-28.75	982.487
18.125	0	-28.125	981.499
18.75	0	-27.5	982.313
19.375	0	-26.875	984.076
20	0	-26.25	987.245
20.625	0	-25.625	990.457
21.25	0	-25	987.406
21.875	0	-24.375	975.747
-31.25	0	-78.75	985.787
-30.625	0	-78.125	982.751
-30	0	-77.5	980.704
-29.375	0	-76.875	975.265
-28.75	0	-76.25	964.456
-28.125	0	-75.625	952.191
-27.5	0	-75	940.967
-26.875	0	-74.375	926.564
-26.25	0	-73.75	909.716
-25.625	0	-73.125	889.445
-25	0	-72.5	863.686
-24.375	0	-71.875	832.457
-23.75	0	-71.25	796.309
-23.125	0	-70.625	753.514
-22.5	0	-70	705.024
-21.875	0	-69.375	649.659
-21.25	0	-68.75	588.176
-20.625	0	-68.125	521.541
-20	0	-67.5	446.63
-19.375	0	-66.875	367.094
-18.75	0	-66.25	283.117
-18.125	0	-65.625	193.275
-17.5	0	-65	91.7242
-16.875	0	-64.375	-26.5106
-16.25	0	-63.75	-182.143
-15.625	0	-63.125	-426.511
-15	0	-62.5	-915.702
-14.375	0	-61.875	-2555.65
-13.75	0	-61.25	16715.1
-13.125	0	-60.625	2714.18
-12.5	0	-60	1710.21
-11.875	0	-59.375	1358.03
-11.25	0	-58.75	1186.19
-10.625	0	-58.125	1088.91
-10	0	-57.5	1030.76
-9.375	0	-56.875	993.819
-8.75	0	-56.25	970.049
-8.125	0	-55.625	954.923
-7.5	0	-55	945.077
-6.875	0	-54.375	938.969
-6.25	0	-53.75	935.558
-5.625	0	-53.125	933.56
-5	0	-52.5	932.86
-4.375	0	-51.875	933.049
-3.75	0	-51.25	933.733
-3.125	0	-50.625	934.811
-2.5	0	-50	936.172
-1.875	0	-49.375	937.83
-1.25	0	-48.75	939.554
-0.625	0	-48.125	941.298
0	0	-47.5	943.125
0.625	0	-46.875	944.792
1.25	0	-46.25	946.546
1.875	0	-45.625	948.273
2.5	0	-45	949.833
3.125	0	-44.375	951.415
3.75	0	-43.75	952.768
4.375	0	-43.125	954.198
5	0	-42.5	955.583
5.625	0	-41.875	957.043
6.25	0	-41.25	958.289
6.875	0	-40.625	959.73
7.5	0	-40	960.978
8.125	0	-39.375	962.376
8.75	0	-38.75	963.895
9.375	0	-38.125	965.589
10	0	-37.5	967.29
10.625	0	-36.875	969.157
11.25	0	-36.25	971.323
11.875	0	-35.625	972.971
12.5	0	-35	975.053
13.125	0	-34.375	976.738
13.75	0	-33.75	978.491
14.375	0	-33.125	980.58
15	0	-32.5	981.796
15.625	0	-31.875	983.124
16.25	0	-31.25	983.303
16.875	0	-30.625	983.7
17.5	0	-30	982.788
18.125	0	-29.375	982.145
18.75	0	-28.75	981.189
19.375	0	-28.125	982.047
20	0	-27.5	983.857
20.625	0	-26.875	987.077
21.25	0	-26.25	990.337
21.875	0	-25.625	987.32
22.5	0	-25	975.693
-30	0	-78.75	1001.43
-29.375	0	-78.125	980.366
-28.75	0	-77.5	982.448
-28.125	0	-76.875	973.64
-27.5	0	-76.25	960.176
-26.875	0	-75.625	948.234
-26.25	0	-75	933.776
-25.625	0	-74.375	917.794
-25	0	-73.75	899.108
-24.375	0	-73.125	875.244
-23.75	0	-72.5	846.26
-23.125	0	-71.875	812.654
-22.5	0	-71.25	772.74
-21.875	0	-70.625	727.652
-21.25	0	-70	676.393
-20.625	0	-69.375	620.025
-20	0	-68.75	559.815
-19.375	0	-68.125	493.304
-18.75	0	-67.5	424.761
-18.125	0	-66.875	355.386
-17.5	0	-66.25	285.447
-16.875	0	-65.625	212.339
-16.25	0	-65	136.574
-15.625	0	-64.375	50.5393
-15	0	-63.75	-61.9833
-14.375	0	-63.125	-234.013
-13.75	0	-62.5	-565.874
-13.125	0	-61.875	-1523.92
-12.5	0	-61.25	-27485.6
-11.875	0	-60.625	2897.16
-11.25	0	-60	1693.79
-10.625	0	-59.375	1329.63
-10	0	-58.75	1161.7
-9.375	0	-58.125	1071.55
-8.75	0	-57.5	1017.95
-8.125	0	-56.875	984.778
-7.5	0	-56.25	964.061
-6.875	0	-55.625	950.684
-6.25	0	-55	942.288
-5.625	0	-54.375	937.37
-5	0	-53.75	934.316
-4.375	0	-53.125	932.892
-3.75	0	-52.5	932.578
-3.125	0	-51.875	932.903
-2.5	0	-51.25	933.727
-1.875	0	-50.625	934.913
-1.25	0	-50	936.458
-0.625	0	-49.375	938.105
0	0	-48.75	939.8
0.625	0	-48.125	941.605
1.25	0	-47.5	943.257
1.875	0	-46.875	945.016
2.5	0	-46.25	946.757
3.125	0	-45.625	948.333
3.75	0	-45	949.941
4.375	0	-44.375	951.317
5	0	-43.75	952.779
5.625	0	-43.125	954.199
6.25	0	-42.5	955.701
6.875	0	-41.875	956.986
7.5	0	-41.25	958.473
8.125	0	-40.625	959.765
8.75	0	-40	961.21
9.375	0	-39.375	962.781
10	0	-38.75	964.53
10.625	0	-38.125	966.287
11.25	0	-37.5	968.212
11.875	0	-36.875	970.441
12.5	0	-36.25	972.141
13.125	0	-35.625	974.282
13.75	0	-35	976.02
14.375	0	-34.375	977.826
15	0	-33.75	979.97
15.625	0	-33.125	981.231
16.25	0	-32.5	982.605
16.875	0	-31.875	982.82
17.5	0	-31.25	983.257
18.125	0	-30.625	982.376
18.75	0	-30	981.769
19.375	0	-29.375	980.849
20	0	-28.75	981.756
20.625	0	-28.125	983.618
21.25	0	-27.5	986.893
21.875	0	-26.875	990.204
22.5	0	-26.25	987.225
23.125	0	-25.625	975.636
-28.75	0	-78.75	980.425
-28.125	0	-78.125	980.245
-27.5	0	-77.5	980.233
-26.875	0	-76.875	968.28
-26.25	0	-76.25	956
-25.625	0	-75.625	940.84
-25	0	-75	925.032
-24.375	0	-74.375	907.453
-23.75	0	-73.75	885.103
-23.125	0	-73.125	858.062
-22.5	0	-72.5	826.67
-21.875	0	-71.875	789.183
-21.25	0	-71.25	746.853
-20.625	0	-70.625	698.758
-20	0	-70	646.172
-19.375	0	-69.375	590.524
-18.75	0	-68.75	529.755
-18.125	0	-68.125	468.474
-17.5	0	-67.5	408.377
-16.875	0	-66.875	350.488
-16.25	0	-66.25	293.582
-15.625	0	-65.625	240.049
-15	0	-65	186.434
-14.375	0	-64.375	125.688
-13.75	0	-63.75	47.4584
-13.125	0	-63.125	-73.7053
-12.5	0	-62.5	-304.81
-11.875	0	-61.875	-917.075
-11.25	0	-61.25	-5970
-10.625	0	-60.625	3166.75
-10	0	-60	1679.57
-9.375	0	-59.375	1303
-8.75	0	-58.75	1141.94
-8.125	0	-58.125	1056.97
-7.5	0	-57.5	1007.85
-6.875	0	-56.875	978.273
-6.25	0	-56.25	959.567
-5.625	0	-55.625	947.832
-5	0	-55	940.762
-4.375	0	-54.375	936.225
-3.75	0	-53.75	933.79
-3.125	0	-53.125	932.775
-2.5	0	-52.5	932.595
-1.875	0	-51.875	933.059
-1.25	0	-51.25	933.989
-0.625	0	-50.625	935.358
0	0	-50	936.881
0.625	0	-49.375	938.49
1.25	0	-48.75	940.241
1.875	0	-48.125	941.853
2.5	0	-47.5	943.596
3.125	0	-46.875	945.333
3.75	0	-46.25	946.911
4.375	0	-45.625	948.532
5	0	-45	949.921
5.625	0	-44.375	951.407
6.25	0	-43.75	952.855
6.875	0	-43.125	954.392
7.5	0	-42.5	955.71
8.125	0	-41.875	957.239
8.75	0	-41.25	958.57
9.375	0	-40.625	960.06
10	0	-40	961.68
10.625	0	-39.375	963.483
11.25	0	-38.75	965.293
11.875	0	-38.125	967.276
12.5	0	-37.5	969.565
13.125	0	-36.875	971.317
13.75	0	-36.25	973.516
14.375	0	-35.625	975.305
15	0	-35	977.163
15.625	0	-34.375	979.362
16.25	0	-33.75	980.668
16.875	0	-33.125	982.088
17.5	0	-32.5	982.338
18.125	0	-31.875	982.814
18.75	0	-31.25	981.964
19.375	0	-30.625	981.393
20	0	-30	980.51
20.625	0	-29.375	981.464
21.25	0	-28.75	983.378
21.875	0	-28.125	986.708
22.5	0	-27.5	990.07
23.125	0	-26.875	987.13
23.75	0	-26.25	975.58
-27.5	0	-78.75	993.659
-26.875	0	-78.125	982.643
-26.25	0	-77.5	975.921
-25.625	0	-76.875	965.892
-25	0	-76.25	949.978
-24.375	0	-75.625	933.492
-23.75	0	-75	916.252
-23.125	0	-74.375	894.772
-22.5	0	-73.75	869.228
-21.875	0	-73.125	839.694
-21.25	0	-72.5	804.246
-20.625	0	-71.875	764.194
-20	0	-71.25	718.595
-19.375	0	-70.625	668.867
-18.75	0	-70	616.518
-18.125	0	-69.375	559.735
-17.5	0	-68.75	503.353
-16.875	0	-68.125	449.333
-16.25	0	-67.5	399.078
-15.625	0	-66.875	352.019
-15	0	-66.25	311.257
-14.375	0	-65.625	274.904
-13.75	0	-65	239
-13.125	0	-64.375	199.44
-12.5	0	-63.75	146.495
-11.875	0	-63.125	61.2074
-11.25	0	-62.5	-103.731
-10.625	0	-61.875	-519.564
-10	0	-61.25	-2841.25
-9.375	0	-60.625	3562.12
-8.75	0	-60	1662.97
-8.125	0	-59.375	1279.74
-7.5	0	-58.75	1123.71
-6.875	0	-58.125	1044.32
-6.25	0	-57.5	999.693
-5.625	0	-56.875	972.607
-5	0	-56.25	955.897
-4.375	0	-55.625	945.739
-3.75	0	-55	939.145
-3.125	0	-54.375	935.337
-2.5	0	-53.75	933.382
-1.875	0	-53.125	932.536
-1.25	0	-52.5	932.528
-0.625	0	-51.875	933.124
0	0	-51.25	934.263
0.625	0	-50.625	935.621
1.25	0	-50	937.114
1.875	0	-49.375	938.79
2.5	0	-48.75	940.346
3.125	0	-48.125	942.062
3.75	0	-47.5	943.789
4.375	0	-46.875	945.364
5	0	-46.25	946.995
5.625	0	-45.625	948.396
6.25	0	-45	949.905
6.875	0	-44.375	951.382
7.5	0	-43.75	952.956
8.125	0	-43.125	954.309
8.75	0	-42.5	955.883
9.375	0	-41.875	957.257
10	0	-41.25	958.796
10.625	0	-40.625	960.469
11.25	0	-40	962.33
11.875	0	-39.375	964.198
12.5	0	-38.75	966.241
13.125	0	-38.125	968.596
13.75	0	-37.5	970.404
14.375	0	-36.875	972.665
15	0	-36.25	974.511
15.625	0	-35.625	976.425
16.25	0	-35	978.684
16.875	0	-34.375	980.039
17.5	0	-33.75	981.51
18.125	0	-33.125	981.801
18.75	0	-32.5	982.321
19.375	0	-31.875	981.507
20	0	-31.25	980.976
20.625	0	-30.625	980.136
21.25	0	-30	981.143
21.875	0	-29.375	983.114
22.5	0	-28.75	986.503
23.125	0	-28.125	989.922
23.75	0	-27.5	987.025
24.375	0	-26.875	975.518
-26.25	0	-78.75	995.509
-25.625	0	-78.125	977.552
-25	0	-77.5	973.137
-24.375	0	-76.875	958.944
-23.75	0	-76.25	941.918
-23.125	0	-75.625	924.476
-22.5	0	-75	903.159
-21.875	0	-74.375	878.62
-21.25	0	-73.75	850.605
-20.625	0	-73.125	816.905
-20	0	-72.5	778.827
-19.375	0	-71.875	735.299
-18.75	0	-71.25	687.837
-18.125	0	-70.625	637.954
-17.5	0	-70	583.985
-16.875	0	-69.375	530.942
-16.25	0	-68.75	480.943
-15.625	0	-68.125	435.597
-15	0	-67.5	394.682
-14.375	0	-66.875	361.581
-13.75	0	-66.25	335.057
-13.125	0	-65.625	312.36
-12.5	0	-65	291.506
-11.875	0	-64.375	267.454
-11.25	0	-63.75	232.317
-10.625	0	-63.125	171.208
-10	0	-62.5	49.5007
-9.375	0	-61.875	-253.839
-8.75	0	-61.25	-1621.05
-8.125	0	-60.625	4192.28
-7.5	0	-60	1656.54
-6.875	0	-59.375	1261.52
-6.25	0	-58.75	1110.52
-5.625	0	-58.125	1036.21
-5	0	-57.5	994.338
-4.375	0	-56.875	969.454
-3.75	0	-56.25	954.448
-3.125	0	-55.625	944.734
-2.5	0	-55	938.879
-1.875	0	-54.375	935.536
-1.25	0	-53.75	933.709
-0.625	0	-53.125	933.001
0	0	-52.5	933.093
0.625	0	-51.875	933.873
1.25	0	-51.25	934.966
1.875	0	-50.625	936.26
2.5	0	-50	937.796
3.125	0	-49.375	939.242
3.75	0	-48.75	940.886
4.375	0	-48.125	942.565
5	0	-47.5	944.103
5.625	0	-46.875	945.716
6.25	0	-46.25	947.103
6.875	0	-45.625	948.614
7.5	0	-45	950.102
8.125	0	-44.375	951.696
8.75	0	-43.75	953.07
9.375	0	-43.125	954.676
10	0	-42.5	956.081
10.625	0	-41.875	957.658
11.25	0	-41.25	959.375
11.875	0	-40.625	961.284
12.5	0	-40	963.202
13.125	0	-39.375	965.3
13.75	0	-38.75	967.713
14.375	0	-38.125	969.57
15	0	-37.5	971.888
15.625	0	-36.875	973.783
16.25	0	-36.25	975.749
16.875	0	-35.625	978.062
17.5	0	-35	979.461
18.125	0	-34.375	980.978
18.75	0	-33.75	981.305
19.375	0	-33.125	981.865
20	0	-32.5	981.083
20.625	0	-31.875	980.59
21.25	0	-31.25	979.788
21.875	0	-30.625	980.845
22.5	0	-30	982.868
23.125	0	-29.375	986.312
23.75	0	-28.75	989.784
24.375	0	-28.125	986.928
25	0	-27.5	975.461
-25	0	-78.75	959.09
-24.375	0	-78.125	974.281
-23.75	0	-77.5	967.358
-23.125	0	-76.875	952.245
-22.5	0	-76.25	934.816
-21.875	0	-75.625	912.818
-21.25	0	-75	888.497
-20.625	0	-74.375	861.419
-20	0	-73.75	829.021
-19.375	0	-73.125	792.57
-18.75	0	-72.5	750.734
-18.125	0	-71.875	705.075
-17.5	0	-71.25	657.037
-16.875	0	-70.625	605.025
-16.25	0	-70	554.219
-15.625	0	-69.375	506.843
-15	0	-68.75	464.642
-14.375	0	-68.125	427.599
-13.75	0	-67.5	399.233
-13.125	0	-66.875	378.605
-12.5	0	-66.25	363.49
-11.875	0	-65.625	352.739
-11.25	0	-65	343.054
-10.625	0	-64.375	330.074
-10	0	-63.75	307.13
-9.375	0	-63.125	262.542
-8.75	0	-62.5	167.408
-8.125	0	-61.875	-63.5279
-7.5	0	-61.25	-979.062
-6.875	0	-60.625	5257.51
-6.25	0	-60	1648.01
-5.625	0	-59.375	1245.03
-5	0	-58.75	1099.82
-4.375	0	-58.125	1029.04
-3.75	0	-57.5	989.997
-3.125	0	-56.875	967.24
-2.5	0	-56.25	952.825
-1.875	0	-55.625	944.012
-1.25	0	-55	938.724
-0.625	0	-54.375	935.556
0	0	-53.75	933.909
0.625	0	-53.125	933.334
1.25	0	-52.5	933.642
1.875	0	-51.875	934.387
2.5	0	-51.25	935.425
3.125	0	-50.625	936.778
3.75	0	-50	938.08
4.375	0	-49.375	939.63
5	0	-48.75	941.243
5.625	0	-48.125	942.732
6.25	0	-47.5	944.319
6.875	0	-46.875	945.686
7.5	0	-46.25	947.196
8.125	0	-45.625	948.691
8.75	0	-45	950.306
9.375	0	-44.375	951.702
10	0	-43.75	953.342
10.625	0	-43.125	954.78
11.25	0	-42.5	956.398
11.875	0	-41.875	958.162
12.5	0	-41.25	960.124
13.125	0	-40.625	962.096
13.75	0	-40	964.252
14.375	0	-39.375	966.729
15	0	-38.75	968.64
15.625	0	-38.125	971.018
16.25	0	-37.5	972.969
16.875	0	-36.875	974.99
17.5	0	-36.25	977.363
18.125	0	-35.625	978.812
18.75	0	-35	980.38
19.375	0	-34.375	980.748
20	0	-33.75	981.353
20.625	0	-33.125	980.61
21.25	0	-32.5	980.159
21.875	0	-31.875	979.401
22.5	0	-31.25	980.513
23.125	0	-30.625	982.594
23.75	0	-30	986.1
24.375	0	-29.375	989.629
25	0	-28.75	986.819
25.625	0	-28.125	975.398
-23.75	0	-78.75	1021.54
-23.125	0	-78.125	970.277
-22.5	0	-77.5	961.426
-21.875	0	-76.875	946.925
-21.25	0	-76.25	924.146
-20.625	0	-75.625	899.255
-20	0	-75	872.333
-19.375	0	-74.375	840.617
-18.75	0	-73.75	805.375
-18.125	0	-73.125	764.866
-17.5	0	-72.5	720.645
-16.875	0	-71.875	673.989
-16.25	0	-71.25	623.3
-15.625	0	-70.625	573.926
-15	0	-70	528.169
-14.375	0	-69.375	487.877
-13.75	0	-68.75	453.174
-13.125	0	-68.125	427.666
-12.5	0	-67.5	410.564
-11.875	0	-66.875	399.883
-11.25	0	-66.25	394.831
-10.625	0	-65.625	392.858
-10	0	-65	390.957
-9.375	0	-64.375	385.227
-8.75	0	-63.75	370.174
-8.125	0	-63.125	334.602
-7.5	0	-62.5	257.929
-6.875	0	-61.875	74.2714
-6.25	0	-61.25	-609.145
-5.625	0	-60.625	7210.89
-5	0	-60	1641.99
-4.375	0	-59.375	1233.4
-3.75	0	-58.75	1091.69
-3.125	0	-58.125	1024.31
-2.5	0	-57.5	987.793
-1.875	0	-56.875	965.687
-1.25	0	-56.25	952.283
-0.625	0	-55.625	944.085
0	0	-55	938.964
0.625	0	-54.375	935.974
1.25	0	-53.75	934.454
1.875	0	-53.125	934.091
2.5	0	-52.5	934.344
3.125	0	-51.875	935.017
3.75	0	-51.25	936.103
4.375	0	-50.625	937.196
5	0	-50	938.599
5.625	0	-49.375	940.105
6.25	0	-48.75	941.511
6.875	0	-48.125	943.044
7.5	0	-47.5	944.369
8.125	0	-46.875	945.859
8.75	0	-46.25	947.347
9.375	0	-45.625	948.97
10	0	-45	950.376
10.625	0	-44.375	952.041
11.25	0	-43.75	953.505
11.875	0	-43.125	955.159
12.5	0	-42.5	956.965
13.125	0	-41.875	958.976
13.75	0	-41.25	960.999
14.375	0	-40.625	963.209
15	0	-40	965.748
15.625	0	-39.375	967.71
16.25	0	-38.75	970.148
16.875	0	-38.125	972.152
17.5	0	-37.5	974.229
18.125	0	-36.875	976.661
18.75	0	-36.25	978.158
19.375	0	-35.625	979.777
20	0	-35	980.187
20.625	0	-34.375	980.837
21.25	0	-33.75	980.132
21.875	0	-33.125	979.725
22.5	0	-32.5	979.01
23.125	0	-31.875	980.178
23.75	0	-31.25	982.317
24.375	0	-30.625	985.884
25	0	-30	989.472
25.625	0	-29.375	986.709
26.25	0	-28.75	975.334
-22.5	0	-78.75	986.185
-21.875	0	-78.125	967.949
-21.25	0	-77.5	960.165
-20.625	0	-76.875	938.035
-20	0	-76.25	912.234
-19.375	0	-75.625	884.501
-18.75	0	-75	852.503
-18.125	0	-74.375	817.81
-17.5	0	-73.75	778.127
-16.875	0	-73.125	734.96
-16.25	0	-72.5	689.273
-15.625	0	-71.875	639.382
-15	0	-71.25	590.805
-14.375	0	-70.625	545.898
-13.75	0	-70	506.593
-13.125	0	-69.375	473.126
-12.5	0	-68.75	449.19
-11.875	0	-68.125	434.076
-11.25	0	-67.5	425.911
-10.625	0	-66.875	424.071
-10	0	-66.25	426.356
-9.375	0	-65.625	430.354
-8.75	0	-65	433.278
-8.125	0	-64.375	431.781
-7.5	0	-63.75	419.937
-6.875	0	-63.125	390.526
-6.25	0	-62.5	326.068
-5.625	0	-61.875	167.645
-5	0	-61.25	-383.615
-4.375	0	-60.625	11309.1
-3.75	0	-60	1643.29
-3.125	0	-59.375	1226.5
-2.5	0	-58.75	1087.93
-1.875	0	-58.125	1023.26
-1.25	0	-57.5	987.24
-0.625	0	-56.875	966.137
0	0	-56.25	953.294
0.625	0	-55.625	945.166
1.25	0	-55	940.151
1.875	0	-54.375	937.223
2.5	0	-53.75	935.865
3.125	0	-53.125	935.386
3.75	0	-52.5	935.512
4.375	0	-51.875	936.192
5	0	-51.25	936.964
5.625	0	-50.625	938.132
6.25	0	-50	939.459
6.875	0	-49.375	940.721
7.5	0	-48.75	942.15
8.125	0	-48.125	943.389
8.75	0	-47.5	944.822
9.375	0	-46.875	946.273
10	0	-46.25	947.876
10.625	0	-45.625	949.27
11.25	0	-45	950.94
11.875	0	-44.375	952.411
12.5	0	-43.75	954.084
13.125	0	-43.125	955.917
13.75	0	-42.5	957.964
14.375	0	-41.875	960.026
15	0	-41.25	962.282
15.625	0	-40.625	964.871
16.25	0	-40	966.876
16.875	0	-39.375	969.366
17.5	0	-38.75	971.416
18.125	0	-38.125	973.54
18.75	0	-37.5	976.024
19.375	0	-36.875	977.564
20	0	-36.25	979.227
20.625	0	-35.625	979.673
21.25	0	-35	980.363
21.875	0	-34.375	979.691
22.5	0	-33.75	979.323
23.125	0	-33.125	978.649
23.75	0	-32.5	979.866
24.375	0	-31.875	982.06
25	0	-31.25	985.684
25.625	0	-30.625	989.326
26.25	0	-30	986.606
26.875	0	-29.375	975.275
-21.25	0	-78.75	963.278
-20.625	0	-78.125	975.669
-20	0	-77.5	955.645
-19.375	0	-76.875	930.265
-18.75	0	-76.25	901.159
-18.125	0	-75.625	867.607
-17.5	0	-75	832.408
-16.875	0	-74.375	792.719
-16.25	0	-73.75	750.019
-15.625	0	-73.125	704.776
-15	0	-72.5	655.109
-14.375	0	-71.875	606.716
-13.75	0	-71.25	561.97
-13.125	0	-70.625	522.881
-12.5	0	-70	489.784
-11.875	0	-69.375	466.477
-11.25	0	-68.75	452.308
-10.625	0	-68.125	445.452
-10	0	-67.5	445.373
-9.375	0	-66.875	450.053
-8.75	0	-66.25	457.367
-8.125	0	-65.625	465.046
-7.5	0	-65	470.625
-6.875	0	-64.375	470.229
-6.25	0	-63.75	460.724
-5.625	0	-63.125	435.523
-5	0	-62.5	376.125
-4.375	0	-61.875	235.562
-3.75	0	-61.25	-240.594
-3.125	0	-60.625	20898
-2.5	0	-60	1638.07
-1.875	0	-59.375	1220.6
-1.25	0	-58.75	1085.83
-0.625	0	-58.125	1021.98
0	0	-57.5	987.319
0.625	0	-56.875	966.952
1.25	0	-56.25	954.232
1.875	0	-55.625	946.254
2.5	0	-55	941.331
3.125	0	-54.375	938.592
3.75	0	-53.75	937.116
4.375	0	-53.125	936.507
5	0	-52.5	936.647
5.625	0	-51.875	936.996
6.25	0	-51.25	937.854
6.875	0	-50.625	938.945
7.5	0	-50	940.019
8.125	0	-49.375	941.309
8.75	0	-48.75	942.435
9.375	0	-48.125	943.791
10	0	-47.5	945.187
10.625	0	-46.875	946.76
11.25	0	-46.25	948.13
11.875	0	-45.625	949.798
12.5	0	-45	951.271
13.125	0	-44.375	952.96
13.75	0	-43.75	954.818
14.375	0	-43.125	956.899
15	0	-42.5	959
15.625	0	-41.875	961.3
16.25	0	-41.25	963.941
16.875	0	-40.625	965.99
17.5	0	-40	968.533
18.125	0	-39.375	970.63
18.75	0	-38.75	972.804
19.375	0	-38.125	975.342
20	0	-37.5	976.927
20.625	0	-36.875	978.637
21.25	0	-36.25	979.122
21.875	0	-35.625	979.855
22.5	0	-35	979.22
23.125	0	-34.375	978.893
23.75	0	-33.75	978.262
24.375	0	-33.125	979.534
25	0	-32.5	981.786
25.625	0	-31.875	985.47
26.25	0	-31.25	989.17
26.875	0	-30.625	986.497
27.5	0	-30	975.212
-20	0	-78.75	972.215
-19.375	0	-78.125	967.307
-18.75	0	-77.5	947.722
-18.125	0	-76.875	920.113
-17.5	0	-76.25	885.064
-16.875	0	-75.625	848.672
-16.25	0	-75	808.182
-15.625	0	-74.375	765.385
-15	0	-73.75	720.1
-14.375	0	-73.125	670.156
-13.75	0	-72.5	621.443
-13.125	0	-71.875	576.306
-12.5	0	-71.25	536.816
-11.875	0	-70.625	503.401
-11.25	0	-70	479.993
-10.625	0	-69.375	465.986
-10	0	-68.75	459.568
-9.375	0	-68.125	460.257
-8.75	0	-67.5	466.137
-8.125	0	-66.875	475.223
-7.5	0	-66.25	485.504
-6.875	0	-65.625	494.908
-6.25	0	-65	500.498
-5.625	0	-64.375	500.679
-5	0	-63.75	492.312
-4.375	0	-63.125	466.938
-3.75	0	-62.5	411.026
-3.125	0	-61.875	278.481
-2.5	0	-61.25	-164.086
-1.875	0	-60.625	40338.7
-1.25	0	-60	1634.26
-0.625	0	-59.375	1219.93
0	0	-58.75	1085.79
0.625	0	-58.125	1023.4
1.25	0	-57.5	989.402
1.875	0	-56.875	968.998
2.5	0	-56.25	956.313
3.125	0	-55.625	948.327
3.75	0	-55	943.514
4.375	0	-54.375	940.567
5	0	-53.75	938.883
5.625	0	-53.125	938.232
6.25	0	-52.5	937.967
6.875	0	-51.875	938.369
7.5	0	-51.25	939.106
8.125	0	-50.625	939.897
8.75	0	-50	940.973
9.375	0	-49.375	941.921
10	0	-48.75	943.147
10.625	0	-48.125	944.443
11.25	0	-47.5	945.946
11.875	0	-46.875	947.261
12.5	0	-46.25	948.899
13.125	0	-45.625	950.349
13.75	0	-45	952.031
14.375	0	-44.375	953.896
15	0	-43.75	955.995
15.625	0	-43.125	958.119
16.25	0	-42.5	960.45
16.875	0	-41.875	963.131
17.5	0	-41.25	965.213
18.125	0	-40.625	967.797
18.75	0	-40	969.933
19.375	0	-39.375	972.148
20	0	-38.75	974.732
20.625	0	-38.125	976.354
21.25	0	-37.5	978.105
21.875	0	-36.875	978.622
22.5	0	-36.25	979.393
23.125	0	-35.625	978.788
23.75	0	-35	978.498
24.375	0	-34.375	977.906
25	0	-33.75	979.227
25.625	0	-33.125	981.532
26.25	0	-32.5	985.272
26.875	0	-31.875	989.025
27.5	0	-31.25	986.395
28.125	0	-30.625	975.154
-18.75	0	-78.75	994.999
-18.125	0	-78.125	964.923
-17.5	0	-77.5	940.613
-16.875	0	-76.875	905.87
-16.25	0	-76.25	868.192
-15.625	0	-75.625	826.008
-15	0	-75	782.333
-14.375	0	-74.375	736.317
-13.75	0	-73.75	685.448
-13.125	0	-73.125	635.84
-12.5	0	-72.5	589.745
-11.875	0	-71.875	549.263
-11.25	0	-71.25	514.91
-10.625	0	-70.625	490.778
-10	0	-70	476.302
-9.375	0	-69.375	469.662
-8.75	0	-68.75	470.419
-8.125	0	-68.125	476.711
-7.5	0	-67.5	486.623
-6.875	0	-66.875	498.276
-6.25	0	-66.25	509.777
-5.625	0	-65.625	518.672
-5	0	-65	524.038
-4.375	0	-64.375	524.072
-3.75	0	-63.75	513.855
-3.125	0	-63.125	488.328
-2.5	0	-62.5	432.122
-1.875	0	-61.875	299.527
-1.25	0	-61.25	-135.407
-0.625	0	-60.625	40132.1
0	0	-60	1632.32
0.625	0	-59.375	1221.11
1.25	0	-58.75	1089
1.875	0	-58.125	1027.21
2.5	0	-57.5	992.933
3.125	0	-56.875	972.38
3.75	0	-56.25	959.533
4.375	0	-55.625	951.54
5	0	-55	946.391
5.625	0	-54.375	943.129
6.25	0	-53.75	941.325
6.875	0	-53.125	940.176
7.5	0	-52.5	939.917
8.125	0	-51.875	940.141
8.75	0	-51.25	940.523
9.375	0	-50.625	941.28
10	0	-50	941.966
10.625	0	-49.375	942.993
11.25	0	-48.75	944.131
11.875	0	-48.125	945.516
12.5	0	-47.5	946.733
13.125	0	-46.875	948.303
13.75	0	-46.25	949.7
14.375	0	-45.625	951.348
15	0	-45	953.194
15.625	0	-44.375	955.29
16.25	0	-43.75	957.418
16.875	0	-43.125	959.763
17.5	0	-42.5	962.469
18.125	0	-41.875	964.569
18.75	0	-41.25	967.183
19.375	0	-40.625	969.345
20	0	-40	971.59
20.625	0	-39.375	974.211
21.25	0	-38.75	975.862
21.875	0	-38.125	977.645
22.5	0	-37.5	978.186
23.125	0	-36.875	978.986
23.75	0	-36.25	978.405
24.375	0	-35.625	978.146
25	0	-35	977.586
25.625	0	-34.375	978.95
26.25	0	-33.75	981.302
26.875	0	-33.125	985.093
27.5	0	-32.5	988.894
28.125	0	-31.875	986.303
28.75	0	-31.25	975.1
-17.5	0	-78.75	985.798
-16.875	0	-78.125	952.714
-16.25	0	-77.5	924.971
-15.625	0	-76.875	889.436
-15	0	-76.25	846.164
-14.375	0	-75.625	801.334
-13.75	0	-75	754.021
-13.125	0	-74.375	701.572
-12.5	0	-73.75	650.495
-11.875	0	-73.125	602.887
-11.25	0	-72.5	560.855
-10.625	0	-71.875	525.001
-10	0	-71.25	499.602
-9.375	0	-70.625	484.129
-8.75	0	-70	476.742
-8.125	0	-69.375	477.044
-7.5	0	-68.75	483.2
-6.875	0	-68.125	493.326
-6.25	0	-67.5	505.608
-5.625	0	-66.875	518.22
-5	0	-66.25	528.986
-4.375	0	-65.625	537.303
-3.75	0	-65	541.957
-3.125	0	-64.375	539.586
-2.5	0	-63.75	528.055
-1.875	0	-63.125	500.371
-1.25	0	-62.5	440.657
-0.625	0	-61.875	303.941
0	0	-61.25	-150.316
0.625	0	-60.625	20571.5
1.25	0	-60	1624.7
1.875	0	-59.375	1225.29
2.5	0	-58.75	1094.65
3.125	0	-58.125	1032.4
3.75	0	-57.5	997.776
4.375	0	-56.875	976.876
5	0	-56.25	963.876
5.625	0	-55.625	955.388
6.25	0	-55	949.796
6.875	0	-54.375	946.321
7.5	0	-53.75	943.912
8.125	0	-53.125	942.714
8.75	0	-52.5	942.216
9.375	0	-51.875	942.021
10	0	-51.25	942.33
10.625	0	-50.625	942.647
11.25	0	-50	943.387
11.875	0	-49.375	944.296
12.5	0	-48.75	945.503
13.125	0	-48.125	946.571
13.75	0	-47.5	948.033
14.375	0	-46.875	949.338
15	0	-46.25	950.92
15.625	0	-45.625	952.722
16.25	0	-45	954.789
16.875	0	-44.375	956.9
17.5	0	-43.75	959.241
18.125	0	-43.125	961.955
18.75	0	-42.5	964.057
19.375	0	-41.875	966.688
20	0	-41.25	968.863
20.625	0	-40.625	971.128
21.25	0	-40	973.774
21.875	0	-39.375	975.444
22.5	0	-38.75	977.25
23.125	0	-38.125	977.808
23.75	0	-37.5	978.63
24.375	0	-36.875	978.067
25	0	-36.25	977.831
25.625	0	-35.625	977.298
26.25	0	-35	978.701
26.875	0	-34.375	981.095
27.5	0	-33.75	984.931
28.125	0	-33.125	988.776
28.75	0	-32.5	986.218
29.375	0	-31.875	975.05
-16.25	0	-78.75	985.042
-15.625	0	-78.125	950.505
-15	0	-77.5	916.516
-14.375	0	-76.875	873.11
-13.75	0	-76.25	826.613
-13.125	0	-75.625	776.791
-12.5	0	-75	721.4
-11.875	0	-74.375	667.711
-11.25	0	-73.75	617.611
-10.625	0	-73.125	573.152
-10	0	-72.5	535.011
-9.375	0	-71.875	507.653
-8.75	0	-71.25	490.577
-8.125	0	-70.625	481.888
-7.5	0	-70	481.231
-6.875	0	-69.375	486.779
-6.25	0	-68.75	496.643
-5.625	0	-68.125	509.03
-5	0	-67.5	522.121
-4.375	0	-66.875	533.899
-3.75	0	-66.25	543.924
-3.125	0	-65.625	551.257
-2.5	0	-65	553.331
-1.875	0	-64.375	549.226
-1.25	0	-63.75	535.045
-0.625	0	-63.125	503.422
0	0	-62.5	439.153
0.625	0	-61.875	291.546
1.25	0	-61.25	-211.813
1.875	0	-60.625	10955.2
2.5	0	-60	1616
3.125	0	-59.375	1231.91
3.75	0	-58.75	1101.79
4.375	0	-58.125	1039.14
5	0	-57.5	1003.95
5.625	0	-56.875	982.702
6.25	0	-56.25	968.992
6.875	0	-55.625	959.887
7.5	0	-55	953.956
8.125	0	-54.375	949.736
8.75	0	-53.75	947.203
9.375	0	-53.125	945.684
10	0	-52.5	944.685
10.625	0	-51.875	944.367
11.25	0	-51.25	944.172
11.875	0	-50.625	944.511
12.5	0	-50	945.096
13.125	0	-49.375	946.046
13.75	0	-48.75	946.899
14.375	0	-48.125	948.195
15	0	-47.5	949.361
15.625	0	-46.875	950.837
16.25	0	-46.25	952.556
16.875	0	-45.625	954.564
17.5	0	-45	956.631
18.125	0	-44.375	958.943
18.75	0	-43.75	961.642
19.375	0	-43.125	963.727
20	0	-42.5	966.356
20.625	0	-41.875	968.528
21.25	0	-41.25	970.797
21.875	0	-40.625	973.456
22.5	0	-40	975.132
23.125	0	-39.375	976.95
23.75	0	-38.75	977.513
24.375	0	-38.125	978.348
25	0	-37.5	977.792
25.625	0	-36.875	977.572
26.25	0	-36.25	977.058
26.875	0	-35.625	978.491
27.5	0	-35	980.919
28.125	0	-34.375	984.794
28.75	0	-33.75	988.675
29.375	0	-33.125	986.146
30	0	-32.5	975.006
-15	0	-78.75	1022.41
-14.375	0	-78.125	950.093
-13.75	0	-77.5	905.306
-13.125	0	-76.875	858.131
-12.5	0	-76.25	805.319
-11.875	0	-75.625	745.671
-11.25	0	-75	688.078
-10.625	0	-74.375	634.33
-10	0	-73.75	586.425
-9.375	0	-73.125	545.12
-8.75	0	-72.5	515.062
-8.125	0	-71.875	495.748
-7.5	0	-71.25	485.198
-6.875	0	-70.625	483.093
-6.25	0	-70	487.591
-5.625	0	-69.375	496.772
-5	0	-68.75	508.837
-4.375	0	-68.125	521.921
-3.75	0	-67.5	534.1
-3.125	0	-66.875	545.012
-2.5	0	-66.25	553.844
-1.875	0	-65.625	558.471
-1.25	0	-65	558.531
-0.625	0	-64.375	551.498
0	0	-63.75	533.237
0.625	0	-63.125	497.062
1.25	0	-62.5	424.411
1.875	0	-61.875	256.887
2.5	0	-61.25	-331.384
3.125	0	-60.625	6939.81
3.75	0	-60	1612.95
4.375	0	-59.375	1242.98
5	0	-58.75	1112.89
5.625	0	-58.125	1049.11
6.25	0	-57.5	1013.01
6.875	0	-56.875	990.537
7.5	0	-56.25	975.809
8.125	0	-55.625	966.067
8.75	0	-55	959.109
9.375	0	-54.375	954.583
10	0	-53.75	951.557
10.625	0	-53.125	949.38
11.25	0	-52.5	948.145
11.875	0	-51.875	947.205
12.5	0	-51.25	946.952
13.125	0	-50.625	947.057
13.75	0	-50	947.62
14.375	0	-49.375	948.147
15	0	-48.75	949.183
15.625	0	-48.125	950.126
16.25	0	-47.5	951.423
16.875	0	-46.875	952.998
17.5	0	-46.25	954.89
18.125	0	-45.625	956.862
18.75	0	-45	959.099
19.375	0	-44.375	961.744
20	0	-43.75	963.774
20.625	0	-43.125	966.366
21.25	0	-42.5	968.505
21.875	0	-41.875	970.748
22.5	0	-41.25	973.393
23.125	0	-40.625	975.049
23.75	0	-40	976.855
24.375	0	-39.375	977.401
25	0	-38.75	978.228
25.625	0	-38.125	977.661
26.25	0	-37.5	977.437
26.875	0	-36.875	976.924
27.5	0	-36.25	978.37
28.125	0	-35.625	980.817
28.75	0	-35	984.714
29.375	0	-34.375	988.618
30	0	-33.75	986.101
30.625	0	-33.125	974.976
-13.75	0	-78.75	979.044
-13.125	0	-78.125	935.953
-12.5	0	-77.5	892.905
-11.875	0	-76.875	840.177
-11.25	0	-76.25	776.369
-10.625	0	-75.625	713.821
-10	0	-75	655.081
-9.375	0	-74.375	602.419
-8.75	0	-73.75	556.822
-8.125	0	-73.125	523.134
-7.5	0	-72.5	500.822
-6.875	0	-71.875	487.776
-6.25	0	-71.25	483.706
-5.625	0	-70.625	486.728
-5	0	-70	494.861
-4.375	0	-69.375	506.269
-3.75	0	-68.75	519.006
-3.125	0	-68.125	531.193
-2.5	0	-67.5	542.5
-1.875	0	-66.875	552.161
-1.25	0	-66.25	558.319
-0.625	0	-65.625	560.897
0	0	-65	558.059
0.625	0	-64.375	547.17
1.25	0	-63.75	524.802
1.875	0	-63.125	481.997
2.5	0	-62.5	397.105
3.125	0	-61.875	203.258
3.75	0	-61.25	-530.62
4.375	0	-60.625	5009.69
5	0	-60	1609.47
5.625	0	-59.375	1256.33
6.25	0	-58.75	1126.26
6.875	0	-58.125	1061.3
7.5	0	-57.5	1023.49
8.125	0	-56.875	999.582
8.75	0	-56.25	983.909
9.375	0	-55.625	972.842
10	0	-55	965.396
10.625	0	-54.375	960.203
11.25	0	-53.75	956.36
11.875	0	-53.125	953.837
12.5	0	-52.5	951.861
13.125	0	-51.875	950.788
13.75	0	-51.25	950.227
14.375	0	-50.625	950.252
15	0	-50	950.325
15.625	0	-49.375	950.994
16.25	0	-48.75	951.625
16.875	0	-48.125	952.664
17.5	0	-47.5	954.026
18.125	0	-46.875	955.744
18.75	0	-46.25	957.568
19.375	0	-45.625	959.684
20	0	-45	962.232
20.625	0	-44.375	964.17
21.25	0	-43.75	966.692
21.875	0	-43.125	968.766
22.5	0	-42.5	970.955
23.125	0	-41.875	973.559
23.75	0	-41.25	975.172
24.375	0	-40.625	976.944
25	0	-40	977.453
25.625	0	-39.375	978.251
26.25	0	-38.75	977.654
26.875	0	-38.125	977.411
27.5	0	-37.5	976.882
28.125	0	-36.875	978.326
28.75	0	-36.25	980.778
29.375	0	-35.625	984.684
30	0	-35	988.596
30.625	0	-34.375	986.08
31.25	0	-33.75	974.958
-12.5	0	-78.75	1004.44
-11.875	0	-78.125	932.966
-11.25	0	-77.5	880.521
-10.625	0	-76.875	815.227
-10	0	-76.25	747.625
-9.375	0	-75.625	682.469
-8.75	0	-75	623.311
-8.125	0	-74.375	571.848
-7.5	0	-73.75	533.21
-6.875	0	-73.125	506.833
-6.25	0	-72.5	490.421
-5.625	0	-71.875	483.699
-5	0	-71.25	484.701
-4.375	0	-70.625	491.345
-3.75	0	-70	501.723
-3.125	0	-69.375	513.767
-2.5	0	-68.75	525.598
-1.875	0	-68.125	536.894
-1.25	0	-67.5	546.884
-0.625	0	-66.875	553.874
0	0	-66.25	557.933
0.625	0	-65.625	557.605
1.25	0	-65	551.036
1.875	0	-64.375	536.27
2.5	0	-63.75	508.142
3.125	0	-63.125	456.086
3.75	0	-62.5	356.216
4.375	0	-61.875	120.933
5	0	-61.25	-863.067
5.625	0	-60.625	3970.17
6.25	0	-60	1610.77
6.875	0	-59.375	1273.8
7.5	0	-58.75	1143.42
8.125	0	-58.125	1076.09
8.75	0	-57.5	1036.17
9.375	0	-56.875	1010.78
10	0	-56.25	993.298
10.625	0	-55.625	981.427
11.25	0	-55	973.024
11.875	0	-54.375	966.761
12.5	0	-53.75	962.387
13.125	0	-53.125	958.942
13.75	0	-52.5	956.709
14.375	0	-51.875	955.208
15	0	-51.25	954.47
15.625	0	-50.625	953.903
16.25	0	-50	954.049
16.875	0	-49.375	954.232
17.5	0	-48.75	954.899
18.125	0	-48.125	955.949
18.75	0	-47.5	957.404
19.375	0	-46.875	959.003
20	0	-46.25	960.929
20.625	0	-45.625	963.319
21.25	0	-45	965.108
21.875	0	-44.375	967.509
22.5	0	-43.75	969.47
23.125	0	-43.125	971.563
23.75	0	-42.5	974.087
24.375	0	-41.875	975.619
25	0	-41.25	977.322
25.625	0	-40.625	977.762
26.25	0	-40	978.503
26.875	0	-39.375	977.848
27.5	0	-38.75	977.557
28.125	0	-38.125	976.988
28.75	0	-37.5	978.407
29.375	0	-36.875	980.839
30	0	-36.25	984.733
30.625	0	-35.625	988.632
31.25	0	-35	986.098
31.875	0	-34.375	974.959
-11.25	0	-78.75	995.757
-10.625	0	-78.125	919.748
-10	0	-77.5	858.915
-9.375	0	-76.875	789.767
-8.75	0	-76.25	718.2
-8.125	0	-75.625	651.019
-7.5	0	-75	591.94
-6.875	0	-74.375	546.746
-6.25	0	-73.75	514.975
-5.625	0	-73.125	494.123
-5	0	-72.5	483.928
-4.375	0	-71.875	482.285
-3.75	0	-71.25	486.958
-3.125	0	-70.625	495.928
-2.5	0	-70	506.954
-1.875	0	-69.375	518.122
-1.25	0	-68.75	529.094
-0.625	0	-68.125	539.058
0	0	-67.5	546.418
0.625	0	-66.875	551.321
1.25	0	-66.25	552.527
1.875	0	-65.625	548.633
2.5	0	-65	538.433
3.125	0	-64.375	518.564
3.75	0	-63.75	482.919
4.375	0	-63.125	420.418
5	0	-62.5	298.565
5.625	0	-61.875	2.92894
6.25	0	-61.25	-1431.6
6.875	0	-60.625	3355.86
7.5	0	-60	1615.39
8.125	0	-59.375	1294.47
8.75	0	-58.75	1162.77
9.375	0	-58.125	1092.85
10	0	-57.5	1050.89
10.625	0	-56.875	1023.12
11.25	0	-56.25	1004.46
11.875	0	-55.625	991.285
12.5	0	-55	981.514
13.125	0	-54.375	974.505
13.75	0	-53.75	969
14.375	0	-53.125	965.153
15	0	-52.5	962.355
15.625	0	-51.875	960.567
16.25	0	-51.25	959.124
16.875	0	-50.625	958.552
17.5	0	-50	958.122
18.125	0	-49.375	958.277
18.75	0	-48.75	958.893
19.375	0	-48.125	959.981
20	0	-47.5	961.263
20.625	0	-46.875	962.917
21.25	0	-46.25	965.075
21.875	0	-45.625	966.65
22.5	0	-45	968.871
23.125	0	-44.375	970.666
23.75	0	-43.75	972.614
24.375	0	-43.125	975.012
25	0	-42.5	976.423
25.625	0	-41.875	978.019
26.25	0	-41.25	978.353
26.875	0	-40.625	979.003
27.5	0	-40	978.259
28.125	0	-39.375	977.892
28.75	0	-38.75	977.255
29.375	0	-38.125	978.622
30	0	-37.5	981.011
30.625	0	-36.875	984.867
31.25	0	-36.25	988.732
31.875	0	-35.625	986.156
32.5	0	-35	974.979
-10	0	-78.75	957.037
-9.375	0	-78.125	904.191
-8.75	0	-77.5	839.541
-8.125	0	-76.875	764.387
-7.5	0	-76.25	688.587
-6.875	0	-75.625	620.102
-6.25	0	-75	566.27
-5.625	0	-74.375	527.255
-5	0	-73.75	500.44
-4.375	0	-73.125	485.609
-3.75	0	-72.5	480.456
-3.125	0	-71.875	482.506
-2.5	0	-71.25	489.578
-1.875	0	-70.625	499.19
-1.25	0	-70	509.347
-0.625	0	-69.375	519.677
0	0	-68.75	529.29
0.625	0	-68.125	536.64
1.25	0	-67.5	541.912
1.875	0	-66.875	543.984
2.5	0	-66.25	541.732
3.125	0	-65.625	534.365
3.75	0	-65	519.478
4.375	0	-64.375	493.107
5	0	-63.75	449.225
5.625	0	-63.125	371.82
6.25	0	-62.5	219.83
6.875	0	-61.875	-164.129
7.5	0	-61.25	-2538.94
8.125	0	-60.625	2971.88
8.75	0	-60	1624.87
9.375	0	-59.375	1317.68
10	0	-58.75	1184.55
10.625	0	-58.125	1112.17
11.25	0	-57.5	1067.13
11.875	0	-56.875	1037.68
12.5	0	-56.25	1017.25
13.125	0	-55.625	1002.31
13.75	0	-55	991.5
14.375	0	-54.375	983.081
15	0	-53.75	976.976
15.625	0	-53.125	972.382
16.25	0	-52.5	969.149
16.875	0	-51.875	966.509
17.5	0	-51.25	964.955
18.125	0	-50.625	963.692
18.75	0	-50	963.147
19.375	0	-49.375	963.17
20	0	-48.75	963.753
20.625	0	-48.125	964.596
21.25	0	-47.5	965.871
21.875	0	-46.875	967.704
22.5	0	-46.25	968.978
23.125	0	-45.625	970.942
23.75	0	-45	972.502
24.375	0	-44.375	974.24
25	0	-43.75	976.455
25.625	0	-43.125	977.69
26.25	0	-42.5	979.129
26.875	0	-41.875	979.312
27.5	0	-41.25	979.826
28.125	0	-40.625	978.953
28.75	0	-40	978.472
29.375	0	-39.375	977.731
30	0	-38.75	979.012
30.625	0	-38.125	981.324
31.25	0	-37.5	985.113
31.875	0	-36.875	988.913
32.5	0	-36.25	986.268
33.125	0	-35.625	975.027
-8.75	0	-78.75	978.036
-8.125	0	-78.125	891.948
-7.5	0	-77.5	815.022
-6.875	0	-76.875	733.581
-6.25	0	-76.25	656.238
-5.625	0	-75.625	592.449
-5	0	-75	544.433
-4.375	0	-74.375	510.007
-3.75	0	-73.75	489.229
-3.125	0	-73.125	479.571
-2.5	0	-72.5	478.249
-1.875	0	-71.875	482.865
-1.25	0	-71.25	490.618
-0.625	0	-70.625	499.388
0	0	-70	508.746
0.625	0	-69.375	517.696
1.25	0	-68.75	524.695
1.875	0	-68.125	529.941
2.5	0	-67.5	532.372
3.125	0	-66.875	531.038
3.75	0	-66.25	525.386
4.375	0	-65.625	513.568
5	0	-65	492.771
5.625	0	-64.375	459.333
6.25	0	-63.75	403.863
6.875	0	-63.125	306.594
7.5	0	-62.5	113.332
8.125	0	-61.875	-408.27
8.75	0	-61.25	-5396.11
9.375	0	-60.625	2727.06
10	0	-60	1639.57
10.625	0	-59.375	1344.4
11.25	0	-58.75	1209.88
11.875	0	-58.125	1133.74
12.5	0	-57.5	1086.37
13.125	0	-56.875	1054.5
13.75	0	-56.25	1031.73
14.375	0	-55.625	1015.33
15	0	-55	1002.73
15.625	0	-54.375	993.426
16.25	0	-53.75	986.321
16.875	0	-53.125	981.084
17.5	0	-52.5	976.799
18.125	0	-51.875	973.898
18.75	0	-51.25	971.499
19.375	0	-50.625	970
20	0	-50	969.213
20.625	0	-49.375	969.103
21.25	0	-48.75	969.345
21.875	0	-48.125	970.099
22.5	0	-47.5	971.479
23.125	0	-46.875	972.341
23.75	0	-46.25	973.946
24.375	0	-45.625	975.177
25	0	-45	976.622
25.625	0	-44.375	978.576
26.25	0	-43.75	979.564
26.875	0	-43.125	980.781
27.5	0	-42.5	980.75
28.125	0	-41.875	981.074
28.75	0	-41.25	980.017
29.375	0	-40.625	979.372
30	0	-40	978.48
30.625	0	-39.375	979.63
31.25	0	-38.75	981.824
31.875	0	-38.125	985.505
32.5	0	-37.5	989.201
33.125	0	-36.875	986.45
33.75	0	-36.25	975.108
-7.5	0	-78.75	963.582
-6.875	0	-78.125	873.409
-6.25	0	-77.5	786.946
-5.625	0	-76.875	704.517
-5	0	-76.25	630.409
-4.375	0	-75.625	571.283
-3.75	0	-75	526.869
-3.125	0	-74.375	498.165
-2.5	0	-73.75	482.496
-1.875	0	-73.125	476.69
-1.25	0	-72.5	478.059
-0.625	0	-71.875	483.363
0	0	-71.25	490.285
0.625	0	-70.625	498.317
1.25	0	-70	506.306
1.875	0	-69.375	512.675
2.5	0	-68.75	517.618
3.125	0	-68.125	520.087
3.75	0	-67.5	519.247
4.375	0	-66.875	514.696
5	0	-66.25	504.934
5.625	0	-65.625	487.841
6.25	0	-65	461.025
6.875	0	-64.375	418.341
7.5	0	-63.75	348.555
8.125	0	-63.125	226.455
8.75	0	-62.5	-23.8573
9.375	0	-61.875	-762.894
10	0	-61.25	-25008.7
10.625	0	-60.625	2550.9
11.25	0	-60	1652.04
11.875	0	-59.375	1370.36
12.5	0	-58.75	1234.23
13.125	0	-58.125	1156.07
13.75	0	-57.5	1106.02
14.375	0	-56.875	1071.48
15	0	-56.25	1046.98
15.625	0	-55.625	1028.49
16.25	0	-55	1014.8
16.875	0	-54.375	1004.31
17.5	0	-53.75	996.412
18.125	0	-53.125	989.967
18.75	0	-52.5	985.313
19.375	0	-51.875	981.448
20	0	-51.25	978.723
20.625	0	-50.625	976.9
21.25	0	-50	975.907
21.875	0	-49.375	975.384
22.5	0	-48.75	975.475
23.125	0	-48.125	976.279
23.75	0	-47.5	976.619
24.375	0	-46.875	977.768
25	0	-46.25	978.585
25.625	0	-45.625	979.659
26.25	0	-45	981.282
26.875	0	-44.375	981.959
27.5	0	-43.75	982.894
28.125	0	-43.125	982.596
28.75	0	-42.5	982.678
29.375	0	-41.875	981.392
30	0	-41.25	980.539
30.625	0	-40.625	979.456
31.25	0	-40	980.437
31.875	0	-39.375	982.477
32.5	0	-38.75	986.016
33.125	0	-38.125	989.577
33.75	0	-37.5	986.689
34.375	0	-36.875	975.218
-6.25	0	-78.75	983.255
-5.625	0	-78.125	850.623
-5	0	-77.5	766.417
-4.375	0	-76.875	684.237
-3.75	0	-76.25	612.394
-3.125	0	-75.625	555.01
-2.5	0	-75	515.601
-1.875	0	-74.375	491.697
-1.25	0	-73.75	479.722
-0.625	0	-73.125	476.629
0	0	-72.5	478.57
0.625	0	-71.875	482.934
1.25	0	-71.25	489.097
1.875	0	-70.625	495.684
2.5	0	-70	501.025
3.125	0	-69.375	505.301
3.75	0	-68.75	507.43
4.375	0	-68.125	506.65
5	0	-67.5	502.647
5.625	0	-66.875	494.141
6.25	0	-66.25	479.452
6.875	0	-65.625	456.919
7.5	0	-65	422.181
8.125	0	-64.375	368.081
8.75	0	-63.75	280.654
9.375	0	-63.125	125.176
10	0	-62.5	-206.714
10.625	0	-61.875	-1319.83
11.25	0	-61.25	15334.6
11.875	0	-60.625	2425.46
12.5	0	-60	1666.31
13.125	0	-59.375	1396.04
13.75	0	-58.75	1260.25
14.375	0	-58.125	1179.58
15	0	-57.5	1126.52
15.625	0	-56.875	1089.9
16.25	0	-56.25	1062.93
16.875	0	-55.625	1043.08
17.5	0	-55	1027.93
18.125	0	-54.375	1016.42
18.75	0	-53.75	1007.1
19.375	0	-53.125	1000.12
20	0	-52.5	994.333
20.625	0	-51.875	990.011
21.25	0	-51.25	986.842
21.875	0	-50.625	984.705
22.5	0	-50	983.195
23.125	0	-49.375	982.431
23.75	0	-48.75	982.492
24.375	0	-48.125	982.161
25	0	-47.5	982.724
25.625	0	-46.875	983.008
26.25	0	-46.25	983.604
26.875	0	-45.625	984.8
27.5	0	-45	985.078
28.125	0	-44.375	985.651
28.75	0	-43.75	985.012
29.375	0	-43.125	984.783
30	0	-42.5	983.203
30.625	0	-41.875	982.083
31.25	0	-41.25	980.752
31.875	0	-40.625	981.512
32.5	0	-40	983.347
33.125	0	-39.375	986.697
33.75	0	-38.75	990.077
34.375	0	-38.125	987.009
35	0	-37.5	975.367
-5	0	-78.75	920.719
-4.375	0	-78.125	835.655
-3.75	0	-77.5	752.531
-3.125	0	-76.875	670.306
-2.5	0	-76.25	598
-1.875	0	-75.625	544.975
-1.25	0	-75	510.138
-0.625	0	-74.375	489.827
0	0	-73.75	480.683
0.625	0	-73.125	478.068
1.25	0	-72.5	478.962
1.875	0	-71.875	482.579
2.5	0	-71.25	487.236
3.125	0	-70.625	491.101
3.75	0	-70	494.328
4.375	0	-69.375	495.754
5	0	-68.75	494.656
5.625	0	-68.125	490.773
6.25	0	-67.5	482.96
6.875	0	-66.875	469.828
7.5	0	-66.25	450.17
8.125	0	-65.625	420.702
8.75	0	-65	376.487
9.375	0	-64.375	308.878
10	0	-63.75	198.749
10.625	0	-63.125	-1.32208
11.25	0	-62.5	-452.539
11.875	0	-61.875	-2277.16
12.5	0	-61.25	6962.67
13.125	0	-60.625	2331.61
13.75	0	-60	1678.17
14.375	0	-59.375	1421.45
15	0	-58.75	1285.89
15.625	0	-58.125	1202.72
16.25	0	-57.5	1147.61
16.875	0	-56.875	1108.3
17.5	0	-56.25	1079.77
18.125	0	-55.625	1058.24
18.75	0	-55	1041.89
19.375	0	-54.375	1028.76
20	0	-53.75	1018.76
20.625	0	-53.125	1010.49
21.25	0	-52.5	1004.13
21.875	0	-51.875	999.25
22.5	0	-51.25	995.667
23.125	0	-50.625	992.914
23.75	0	-50	991.078
24.375	0	-49.375	990.208
25	0	-48.75	989.042
25.625	0	-48.125	988.874
26.25	0	-47.5	988.498
26.875	0	-46.875	988.502
27.5	0	-46.25	989.166
28.125	0	-45.625	988.952
28.75	0	-45	989.076
29.375	0	-44.375	988.017
30	0	-43.75	987.405
30.625	0	-43.125	985.465
31.25	0	-42.5	984.014
31.875	0	-41.875	982.377
32.5	0	-41.25	982.86
33.125	0	-40.625	984.44
33.75	0	-40	987.551
34.375	0	-39.375	990.704
35	0	-38.75	987.412
35.625	0	-38.125	975.557
-3.75	0	-78.75	947.299
-3.125	0	-78.125	826.951
-2.5	0	-77.5	740.892
-1.875	0	-76.875	656.184
-1.25	0	-76.25	588.612
-0.625	0	-75.625	540.584
0	0	-75	509.654
0.625	0	-74.375	492.631
1.25	0	-73.75	484.031
1.875	0	-73.125	480.346
2.5	0	-72.5	480.605
3.125	0	-71.875	482.715
3.75	0	-71.25	484.596
4.375	0	-70.625	486.367
5	0	-70	486.73
5.625	0	-69.375	484.972
6.25	0	-68.75	480.856
6.875	0	-68.125	473.32
7.5	0	-67.5	461.171
8.125	0	-66.875	443.502
8.75	0	-66.25	417.731
9.375	0	-65.625	380.249
10	0	-65	325.294
10.625	0	-64.375	241.025
11.25	0	-63.75	102.192
11.875	0	-63.125	-157.684
12.5	0	-62.5	-787.337
13.125	0	-61.875	-4252.71
13.75	0	-61.25	4896.96
14.375	0	-60.625	2252.13
15	0	-60	1687
15.625	0	-59.375	1443.43
16.25	0	-58.75	1308.78
16.875	0	-58.125	1224.71
17.5	0	-57.5	1167.21
18.125	0	-56.875	1126.46
18.75	0	-56.25	1096.23
19.375	0	-55.625	1073.44
20	0	-55	1055.35
20.625	0	-54.375	1041.48
21.25	0	-53.75	1030.08
21.875	0	-53.125	1021.16
22.5	0	-52.5	1014.17
23.125	0	-51.875	1008.81
23.75	0	-51.25	1004.54
24.375	0	-50.625	1001.4
25	0	-50	999.399
25.625	0	-49.375	997.228
26.25	0	-48.75	996.182
26.875	0	-48.125	995.014
27.5	0	-47.5	994.311
28.125	0	-46.875	994.342
28.75	0	-46.25	993.541
29.375	0	-45.625	993.134
30	0	-45	991.578
30.625	0	-44.375	990.514
31.25	0	-43.75	988.147
31.875	0	-43.125	986.307
32.5	0	-42.5	984.308
33.125	0	-41.875	984.464
33.75	0	-41.25	985.738
34.375	0	-40.625	988.566
35	0	-40	991.448
35.625	0	-39.375	987.891
36.25	0	-38.75	975.784
-2.5	0	-78.75	915.539
-1.875	0	-78.125	823.882
-1.25	0	-77.5	730.942
-0.625	0	-76.875	650.555
0	0	-76.25	587.732
0.625	0	-75.625	543.609
1.25	0	-75	516.362
1.875	0	-74.375	499.859
2.5	0	-73.75	490.093
3.125	0	-73.125	485.917
3.75	0	-72.5	484.686
4.375	0	-71.875	483.954
5	0	-71.25	483.795
5.625	0	-70.625	482.703
6.25	0	-70	479.946
6.875	0	-69.375	475.291
7.5	0	-68.75	467.709
8.125	0	-68.125	456.147
8.75	0	-67.5	439.903
9.375	0	-66.875	416.881
10	0	-66.25	384.337
10.625	0	-65.625	338.236
11.25	0	-65	270.665
11.875	0	-64.375	166.492
12.5	0	-63.75	-8.14953
13.125	0	-63.125	-347.591
13.75	0	-62.5	-1257.51
14.375	0	-61.875	-10660.2
15	0	-61.25	3939.11
15.625	0	-60.625	2179.2
16.25	0	-60	1687.75
16.875	0	-59.375	1458.34
17.5	0	-58.75	1327.25
18.125	0	-58.125	1242.55
18.75	0	-57.5	1184.52
19.375	0	-56.875	1142.5
20	0	-56.25	1111.26
20.625	0	-55.625	1086.85
21.25	0	-55	1068.12
21.875	0	-54.375	1052.87
22.5	0	-53.75	1040.86
23.125	0	-53.125	1031.32
23.75	0	-52.5	1023.85
24.375	0	-51.875	1017.79
25	0	-51.25	1013.13
25.625	0	-50.625	1009.82
26.25	0	-50	1006.49
26.875	0	-49.375	1004.43
27.5	0	-48.75	1002.36
28.125	0	-48.125	1000.85
28.75	0	-47.5	1000.16
29.375	0	-46.875	998.694
30	0	-46.25	997.686
30.625	0	-45.625	995.57
31.25	0	-45	993.996
31.875	0	-44.375	991.153
32.5	0	-43.75	988.876
33.125	0	-43.125	986.472
33.75	0	-42.5	986.26
34.375	0	-41.875	987.192
35	0	-41.25	989.701
35.625	0	-40.625	992.28
36.25	0	-40	988.427
36.875	0	-39.375	976.039
-1.25	0	-78.75	943.506
-0.625	0	-78.125	818.754
0	0	-77.5	729.717
0.625	0	-76.875	653.124
1.25	0	-76.25	594.234
1.875	0	-75.625	554.458
2.5	0	-75	527.849
3.125	0	-74.375	510.179
3.75	0	-73.75	500.233
4.375	0	-73.125	494.676
5	0	-72.5	490.555
5.625	0	-71.875	487.89
6.25	0	-71.25	484.876
6.875	0	-70.625	480.725
7.5	0	-70	475.189
8.125	0	-69.375	467.227
8.75	0	-68.75	455.874
9.375	0	-68.125	440.578
10	0	-67.5	419.587
10.625	0	-66.875	390.74
11.25	0	-66.25	351.118
11.875	0	-65.625	295.12
12.5	0	-65	212.925
13.125	0	-64.375	84.9623
13.75	0	-63.75	-134.328
14.375	0	-63.125	-583.59
15	0	-62.5	-1974.84
15.625	0	-61.875	88152.5
16.25	0	-61.25	3377.14
16.875	0	-60.625	2108.65
17.5	0	-60	1680.11
18.125	0	-59.375	1467.08
18.75	0	-58.75	1339.96
19.375	0	-58.125	1256.91
20	0	-57.5	1198.7
20.625	0	-56.875	1156.31
21.25	0	-56.25	1123.81
21.875	0	-55.625	1099.02
22.5	0	-55	1079.07
23.125	0	-54.375	1063.32
23.75	0	-53.75	1050.77
24.375	0	-53.125	1040.82
25	0	-52.5	1032.68
25.625	0	-51.875	1026.26
26.25	0	-51.25	1021.44
26.875	0	-50.625	1016.79
27.5	0	-50	1013.59
28.125	0	-49.375	1010.5
28.75	0	-48.75	1008.08
29.375	0	-48.125	1006.58
30	0	-47.5	1004.38
30.625	0	-46.875	1002.7
31.25	0	-46.25	999.967
31.875	0	-45.625	997.83
32.5	0	-45	994.46
33.125	0	-44.375	991.702
33.75	0	-43.75	988.853
34.375	0	-43.125	988.234
35	0	-42.5	988.791
35.625	0	-41.875	990.948
36.25	0	-41.25	993.193
36.875	0	-40.625	989.016
37.5	0	-40	976.32
0	0	-78.75	909.473
0.625	0	-78.125	819.854
1.25	0	-77.5	734.048
1.875	0	-76.875	662.541
2.5	0	-76.25	609.401
3.125	0	-75.625	570.8
3.75	0	-75	543.313
4.375	0	-74.375	526.09
5	0	-73.75	515.074
5.625	0	-73.125	506.665
6.25	0	-72.5	500.847
6.875	0	-71.875	495.4
7.5	0	-71.25	489.441
8.125	0	-70.625	482.688
8.75	0	-70	474.038
9.375	0	-69.375	462.58
10	0	-68.75	447.869
10.625	0	-68.125	428.408
11.25	0	-67.5	402.444
11.875	0	-66.875	367.826
12.5	0	-66.25	320.423
13.125	0	-65.625	253.506
13.75	0	-65	154.841
14.375	0	-64.375	-0.817447
15	0	-63.75	-276.29
15.625	0	-63.125	-882.03
16.25	0	-62.5	-3207.11
16.875	0	-61.875	10563.1
17.5	0	-61.25	2989.14
18.125	0	-60.625	2034.17
18.75	0	-60	1663.17
19.375	0	-59.375	1466.52
20	0	-58.75	1346.37
20.625	0	-58.125	1265.76
21.25	0	-57.5	1208.7
21.875	0	-56.875	1165.96
22.5	0	-56.25	1133.73
23.125	0	-55.625	1108.13
23.75	0	-55	1088
24.375	0	-54.375	1071.97
25	0	-53.75	1059.18
25.625	0	-53.125	1048.71
26.25	0	-52.5	1040.32
26.875	0	-51.875	1033.85
27.5	0	-51.25	1027.75
28.125	0	-50.625	1023.3
28.75	0	-50	1019.1
29.375	0	-49.375	1015.71
30	0	-48.75	1013.35
30.625	0	-48.125	1010.36
31.25	0	-47.5	1007.97
31.875	0	-46.875	1004.58
32.5	0	-46.25	1001.85
33.125	0	-45.625	997.924
33.75	0	-45	994.66
34.375	0	-44.375	991.342
35	0	-43.75	990.299
35.625	0	-43.125	990.461
36.25	0	-42.5	992.25
36.875	0	-41.875	994.147
37.5	0	-41.25	989.63
38.125	0	-40.625	976.613
1.25	0	-78.75	954.826
1.875	0	-78.125	830.17
2.5	0	-77.5	746.328
3.125	0	-76.875	681.175
3.75	0	-76.25	629.743
4.375	0	-75.625	590.805
5	0	-75	564.747
5.625	0	-74.375	547.04
6.25	0	-73.75	533.355
6.875	0	-73.125	523.695
7.5	0	-72.5	515.294
8.125	0	-71.875	507.126
8.75	0	-71.25	498.846
9.375	0	-70.625	489.238
10	0	-70	477.408
10.625	0	-69.375	462.99
11.25	0	-68.75	444.676
11.875	0	-68.125	421.004
12.5	0	-67.5	390.381
13.125	0	-66.875	349.658
13.75	0	-66.25	294.04
14.375	0	-65.625	215.49
15	0	-65	98.7431
15.625	0	-64.375	-89.3882
16.25	0	-63.75	-436.97
16.875	0	-63.125	-1273.63
17.5	0	-62.5	-5954.35
18.125	0	-61.875	6063.34
18.75	0	-61.25	2690.59
19.375	0	-60.625	1955.73
20	0	-60	1635.12
20.625	0	-59.375	1457.49
21.25	0	-58.75	1345.2
21.875	0	-58.125	1268.69
22.5	0	-57.5	1213
23.125	0	-56.875	1171.71
23.75	0	-56.25	1139.44
24.375	0	-55.625	1114.27
25	0	-55	1094.29
25.625	0	-54.375	1078.37
26.25	0	-53.75	1065.34
26.875	0	-53.125	1054.83
27.5	0	-52.5	1046.59
28.125	0	-51.875	1038.95
28.75	0	-51.25	1033.19
29.375	0	-50.625	1027.84
30	0	-50	1023.44
30.625	0	-49.375	1020.19
31.25	0	-48.75	1016.39
31.875	0	-48.125	1013.28
32.5	0	-47.5	1009.22
33.125	0	-46.875	1005.88
33.75	0	-46.25	1001.4
34.375	0	-45.625	997.62
35	0	-45	993.832
35.625	0	-44.375	992.361
36.25	0	-43.75	992.128
36.875	0	-43.125	993.549
37.5	0	-42.5	995.097
38.125	0	-41.875	990.242
38.75	0	-41.25	976.904
2.5	0	-78.75	953.709
3.125	0	-78.125	844.783
3.75	0	-77.5	766.245
4.375	0	-76.875	703.437
5	0	-76.25	652.758
5.625	0	-75.625	616.611
6.25	0	-75	590.968
6.875	0	-74.375	570.919
7.5	0	-73.75	556.664
8.125	0	-73.125	544.761
8.75	0	-72.5	533.981
9.375	0	-71.875	523.886
10	0	-71.25	513.077
10.625	0	-70.625	500.638
11.25	0	-70	486.26
11.875	0	-69.375	468.768
12.5	0	-68.75	446.91
13.125	0	-68.125	419.512
13.75	0	-67.5	384.1
14.375	0	-66.875	337.158
15	0	-66.25	273.236
15.625	0	-65.625	182.534
16.25	0	-65	45.7592
16.875	0	-64.375	-181.14
17.5	0	-63.75	-621.782
18.125	0	-63.125	-1835.54
18.75	0	-62.5	-18692
19.375	0	-61.875	4391.72
20	0	-61.25	2447.64
20.625	0	-60.625	1872.3
21.25	0	-60	1598.97
21.875	0	-59.375	1440.06
22.5	0	-58.75	1337.19
23.125	0	-58.125	1264.98
23.75	0	-57.5	1212.64
24.375	0	-56.875	1172.54
25	0	-56.25	1141.6
25.625	0	-55.625	1117.24
26.25	0	-55	1097.89
26.875	0	-54.375	1082.11
27.5	0	-53.75	1069.37
28.125	0	-53.125	1059.27
28.75	0	-52.5	1050.05
29.375	0	-51.875	1042.95
30	0	-51.25	1036.43
30.625	0	-50.625	1031.01
31.25	0	-50	1026.87
31.875	0	-49.375	1022.27
32.5	0	-48.75	1018.44
33.125	0	-48.125	1013.72
33.75	0	-47.5	1009.79
34.375	0	-46.875	1004.76
35	0	-46.25	1000.48
35.625	0	-45.625	996.237
36.25	0	-45	994.352
36.875	0	-44.375	993.735
37.5	0	-43.75	994.801
38.125	0	-43.125	996.013
38.75	0	-42.5	990.832
39.375	0	-41.875	977.185
3.75	0	-78.75	975.435
4.375	0	-78.125	861.375
5	0	-77.5	787.834
5.625	0	-76.875	729.038
6.25	0	-76.25	682.956
6.875	0	-75.625	648.448
7.5	0	-75	620.842
8.125	0	-74.375	601.082
8.75	0	-73.75	584.996
9.375	0	-73.125	571.122
10	0	-72.5	558.892
10.625	0	-71.875	546.632
11.25	0	-71.25	533.358
11.875	0	-70.625	518.789
12.5	0	-70	501.843
13.125	0	-69.375	481.41
13.75	0	-68.75	456.645
14.375	0	-68.125	425.55
15	0	-67.5	385.486
15.625	0	-66.875	332.71
16.25	0	-66.25	260.66
16.875	0	-65.625	157.408
17.5	0	-65	-1.54742
18.125	0	-64.375	-273.319
18.75	0	-63.75	-842.824
19.375	0	-63.125	-2742.66
20	0	-62.5	22853
20.625	0	-61.875	3487.99
21.25	0	-61.25	2236.63
21.875	0	-60.625	1785.74
22.5	0	-60	1554.41
23.125	0	-59.375	1414.88
23.75	0	-58.75	1321.4
24.375	0	-58.125	1255.64
25	0	-57.5	1206.43
25.625	0	-56.875	1169.03
26.25	0	-56.25	1139.9
26.875	0	-55.625	1116.92
27.5	0	-55	1098.28
28.125	0	-54.375	1083.26
28.75	0	-53.75	1071.3
29.375	0	-53.125	1060.51
30	0	-52.5	1052.11
30.625	0	-51.875	1044.46
31.25	0	-51.25	1038.07
31.875	0	-50.625	1033.08
32.5	0	-50	1027.71
33.125	0	-49.375	1023.21
33.75	0	-48.75	1017.87
34.375	0	-48.125	1013.39
35	0	-47.5	1007.84
35.625	0	-46.875	1003.11
36.25	0	-46.25	998.44
36.875	0	-45.625	996.175
37.5	0	-45	995.207
38.125	0	-44.375	995.948
38.75	0	-43.75	996.852
39.375	0	-43.125	991.371
40	0	-42.5	977.441
5	0	-78.75	972.443
5.625	0	-78.125	866.441
6.25	0	-77.5	809.325
6.875	0	-76.875	757.829
7.5	0	-76.25	715.773
8.125	0	-75.625	680.372
8.75	0	-75	654.58
9.375	0	-74.375	633.824
10	0	-73.75	616.524
10.625	0	-73.125	601.981
11.25	0	-72.5	588.149
11.875	0	-71.875	573.927
12.5	0	-71.25	559.039
13.125	0	-70.625	542.453
13.75	0	-70	523.15
14.375	0	-69.375	500.548
15	0	-68.75	472.985
15.625	0	-68.125	438.439
16.25	0	-67.5	394.344
16.875	0	-66.875	336.16
17.5	0	-66.25	256.189
18.125	0	-65.625	139.821
18.75	0	-65	-42.6632
19.375	0	-64.375	-371.358
20	0	-63.75	-1125.67
20.625	0	-63.125	-4595.58
21.25	0	-62.5	7612.14
21.875	0	-61.875	2903.29
22.5	0	-61.25	2052.64
23.125	0	-60.625	1697.82
23.75	0	-60	1504.54
24.375	0	-59.375	1382.83
25	0	-58.75	1300.49
25.625	0	-58.125	1240.61
26.25	0	-57.5	1195.98
26.875	0	-56.875	1161.71
27.5	0	-56.25	1134.92
28.125	0	-55.625	1113.37
28.75	0	-55	1096.08
29.375	0	-54.375	1082.31
30	0	-53.75	1070.01
30.625	0	-53.125	1060.37
31.25	0	-52.5	1051.66
31.875	0	-51.875	1044.36
32.5	0	-51.25	1038.6
33.125	0	-50.625	1032.54
33.75	0	-50	1027.42
34.375	0	-49.375	1021.53
35	0	-48.75	1016.56
35.625	0	-48.125	1010.56
36.25	0	-47.5	1005.41
36.875	0	-46.875	1000.37
37.5	0	-46.25	997.77
38.125	0	-45.625	996.495
38.75	0	-45	996.951
39.375	0	-44.375	997.586
40	0	-43.75	991.843
40.625	0	-43.125	977.664
6.25	0	-78.75	937.705
6.875	0	-78.125	890.017
7.5	0	-77.5	837.123
8.125	0	-76.875	790.775
8.75	0	-76.25	748.228
9.375	0	-75.625	715.886
10	0	-75	689.759
10.625	0	-74.375	668.529
11.25	0	-73.75	651.419
11.875	0	-73.125	635.881
12.5	0	-72.5	620.626
13.125	0	-71.875	605.336
13.75	0	-71.25	588.986
14.375	0	-70.625	570.586
15	0	-70	549.774
15.625	0	-69.375	525.113
16.25	0	-68.75	495.022
16.875	0	-68.125	457.782
17.5	0	-67.5	410.158
18.125	0	-66.875	347.029
18.75	0	-66.25	259.258
19.375	0	-65.625	130.205
20	0	-65	-80.5526
20.625	0	-64.375	-480.626
21.25	0	-63.75	-1526.26
21.875	0	-63.125	-11237.3
22.5	0	-62.5	4675.76
23.125	0	-61.875	2489.31
23.75	0	-61.25	1890.1
24.375	0	-60.625	1611.67
25	0	-60	1450.73
25.625	0	-59.375	1347.31
26.25	0	-58.75	1274.79
26.875	0	-58.125	1222.02
27.5	0	-57.5	1182.2
28.125	0	-56.875	1151.47
28.75	0	-56.25	1126.99
29.375	0	-55.625	1107.47
30	0	-55	1091.98
30.625	0	-54.375	1078.26
31.25	0	-53.75	1067.49
31.875	0	-53.125	1057.82
32.5	0	-52.5	1049.72
33.125	0	-51.875	1043.28
33.75	0	-51.25	1036.62
34.375	0	-50.625	1030.98
35	0	-50	1024.61
35.625	0	-49.375	1019.21
36.25	0	-48.75	1012.82
36.875	0	-48.125	1007.33
37.5	0	-47.5	1001.97
38.125	0	-46.875	999.096
38.75	0	-46.25	997.566
39.375	0	-45.625	997.787
40	0	-45	998.199
40.625	0	-44.375	992.236
41.25	0	-43.75	977.848
7.5	0	-78.75	1002.02
8.125	0	-78.125	908.171
8.75	0	-77.5	859.135
9.375	0	-76.875	814.897
10	0	-76.25	777.889
10.625	0	-75.625	746.79
11.25	0	-75	721.712
11.875	0	-74.375	702.17
12.5	0	-73.75	685.086
13.125	0	-73.125	668.961
13.75	0	-72.5	653.402
14.375	0	-71.875	637.354
15	0	-71.25	619.804
15.625	0	-70.625	600.566
16.25	0	-70	578.355
16.875	0	-69.375	551.9
17.5	0	-68.75	520.11
18.125	0	-68.125	480.611
18.75	0	-67.5	429.913
19.375	0	-66.875	362.092
20	0	-66.25	267.374
20.625	0	-65.625	123.11
21.25	0	-65	-120.215
21.875	0	-64.375	-617.084
22.5	0	-63.75	-2201.38
23.125	0	-63.125	34583.1
23.75	0	-62.5	3415.04
24.375	0	-61.875	2180.93
25	0	-61.25	1749.44
25.625	0	-60.625	1529.64
26.25	0	-60	1397.97
26.875	0	-59.375	1309.79
27.5	0	-58.75	1247.55
28.125	0	-58.125	1201.6
28.75	0	-57.5	1166.69
29.375	0	-56.875	1139.23
30	0	-56.25	1117.52
30.625	0	-55.625	1100.36
31.25	0	-55	1085.32
31.875	0	-54.375	1073.51
32.5	0	-53.75	1062.99
33.125	0	-53.125	1054.18
33.75	0	-52.5	1047.15
34.375	0	-51.875	1039.97
35	0	-51.25	1033.88
35.625	0	-50.625	1027.11
36.25	0	-50	1021.36
36.875	0	-49.375	1014.65
37.5	0	-48.75	1008.88
38.125	0	-48.125	1003.26
38.75	0	-47.5	1000.16
39.375	0	-46.875	998.427
40	0	-46.25	998.46
40.625	0	-45.625	998.693
41.25	0	-45	992.552
41.875	0	-44.375	977.996
8.75	0	-78.75	975.468
9.375	0	-78.125	908.593
10	0	-77.5	873.821
10.625	0	-76.875	837.685
11.25	0	-76.25	803.447
11.875	0	-75.625	775.023
12.5	0	-75	753.26
13.125	0	-74.375	734.779
13.75	0	-73.75	717.945
14.375	0	-73.125	702.277
15	0	-72.5	686.66
15.625	0	-71.875	669.992
16.25	0	-71.25	652.236
16.875	0	-70.625	632.184
17.5	0	-70	608.787
18.125	0	-69.375	581.44
18.75	0	-68.75	548.348
19.375	0	-68.125	507.096
20	0	-67.5	453.754
20.625	0	-66.875	382.433
21.25	0	-66.25	279.427
21.875	0	-65.625	119.506
22.5	0	-65	-163.155
23.125	0	-64.375	-804.075
23.75	0	-63.75	-3637.4
24.375	0	-63.125	7148.43
25	0	-62.5	2705.54
25.625	0	-61.875	1941.87
26.25	0	-61.25	1625.34
26.875	0	-60.625	1453.8
27.5	0	-60	1345.66
28.125	0	-59.375	1272.25
28.75	0	-58.75	1219.49
29.375	0	-58.125	1180.17
30	0	-57.5	1149.7
30.625	0	-56.875	1125.86
31.25	0	-56.25	1107.17
31.875	0	-55.625	1090.93
32.5	0	-55	1078.21
33.125	0	-54.375	1066.96
33.75	0	-53.75	1057.57
34.375	0	-53.125	1050.08
35	0	-52.5	1042.48
35.625	0	-51.875	1036.05
36.25	0	-51.25	1028.96
36.875	0	-50.625	1022.95
37.5	0	-50	1015.99
38.125	0	-49.375	1010.01
38.75	0	-48.75	1004.2
39.375	0	-48.125	1000.93
40	0	-47.5	999.052
40.625	0	-46.875	998.951
41.25	0	-46.25	999.055
41.875	0	-45.625	992.782
42.5	0	-45	978.102
10	0	-78.75	954.186
10.625	0	-78.125	928.91
11.25	0	-77.5	895.792
11.875	0	-76.875	859.889
12.5	0	-76.25	828.161
13.125	0	-75.625	803.736
13.75	0	-75	783.398
14.375	0	-74.375	765.56
15	0	-73.75	749.654
15.625	0	-73.125	734.444
16.25	0	-72.5	718.622
16.875	0	-71.875	702.25
17.5	0	-71.25	684.114
18.125	0	-70.625	663.302
18.75	0	-70	639.59
19.375	0	-69.375	611.566
20	0	-68.75	577.538
20.625	0	-68.125	534.857
21.25	0	-67.5	479.942
21.875	0	-66.875	403.929
22.5	0	-66.25	293.132
23.125	0	-65.625	115.488
23.75	0	-65	-220.768
24.375	0	-64.375	-1095.6
25	0	-63.75	-9241.89
25.625	0	-63.125	4077.6
26.25	0	-62.5	2254.79
26.875	0	-61.875	1753.03
27.5	0	-61.25	1519.89
28.125	0	-60.625	1384.6
28.75	0	-60	1297.26
29.375	0	-59.375	1236.58
30	0	-58.75	1192.42
30.625	0	-58.125	1158.82
31.25	0	-57.5	1132.86
31.875	0	-56.875	1112.7
32.5	0	-56.25	1095.35
33.125	0	-55.625	1081.83
33.75	0	-55	1069.96
34.375	0	-54.375	1060.08
35	0	-53.75	1052.21
35.625	0	-53.125	1044.29
36.25	0	-52.5	1037.59
36.875	0	-51.875	1030.27
37.5	0	-51.25	1024.06
38.125	0	-50.625	1016.92
38.75	0	-50	1010.78
39.375	0	-49.375	1004.84
40	0	-48.75	1001.46
40.625	0	-48.125	999.48
41.25	0	-47.5	999.29
41.875	0	-46.875	999.308
42.5	0	-46.25	992.942
43.125	0	-45.625	978.173
11.25	0	-78.75	1017.34
11.875	0	-78.125	946.885
12.5	0	-77.5	906.954
13.125	0	-76.875	875.095
13.75	0	-76.25	849.322
14.375	0	-75.625	827.334
15	0	-75	808.439
15.625	0	-74.375	792.279
16.25	0	-73.75	777.553
16.875	0	-73.125	762.654
17.5	0	-72.5	747.701
18.125	0	-71.875	731.397
18.75	0	-71.25	712.885
19.375	0	-70.625	692.249
20	0	-70	668.323
20.625	0	-69.375	639.908
21.25	0	-68.75	605.2
21.875	0	-68.125	562.045
22.5	0	-67.5	504.341
23.125	0	-66.875	424.404
23.75	0	-66.25	305.154
24.375	0	-65.625	103.911
25	0	-65	-307.181
25.625	0	-64.375	-1643.42
26.25	0	-63.75	21284
26.875	0	-63.125	2906.45
27.5	0	-62.5	1946.64
28.125	0	-61.875	1605.69
28.75	0	-61.25	1430.29
29.375	0	-60.625	1324.45
30	0	-60	1254.01
30.625	0	-59.375	1204.24
31.25	0	-58.75	1167.17
31.875	0	-58.125	1138.98
32.5	0	-57.5	1117.34
33.125	0	-56.875	1098.91
33.75	0	-56.25	1084.65
34.375	0	-55.625	1072.21
35	0	-55	1061.93
35.625	0	-54.375	1053.75
36.25	0	-53.75	1045.56
36.875	0	-53.125	1038.66
37.5	0	-52.5	1031.16
38.125	0	-51.875	1024.8
38.75	0	-51.25	1017.53
39.375	0	-50.625	1011.28
40	0	-50	1005.24
40.625	0	-49.375	1001.8
41.25	0	-48.75	999.755
41.875	0	-48.125	999.51
42.5	0	-47.5	999.474
43.125	0	-46.875	993.046
43.75	0	-46.25	978.217
12.5	0	-78.75	1012.27
13.125	0	-78.125	941.743
13.75	0	-77.5	913.612
14.375	0	-76.875	890.663
15	0	-76.25	868.18
15.625	0	-75.625	848.186
16.25	0	-75	831.514
16.875	0	-74.375	817.131
17.5	0	-73.75	803.079
18.125	0	-73.125	789.53
18.75	0	-72.5	774.998
19.375	0	-71.875	758.599
20	0	-71.25	740.672
20.625	0	-70.625	720.186
21.25	0	-70	696.284
21.875	0	-69.375	667.744
22.5	0	-68.75	633.335
23.125	0	-68.125	588.612
23.75	0	-67.5	529.266
24.375	0	-66.875	445.648
25	0	-66.25	315.534
25.625	0	-65.625	85.5746
26.25	0	-65	-444.645
26.875	0	-64.375	-2968.45
27.5	0	-63.75	5266.38
28.125	0	-63.125	2289.57
28.75	0	-62.5	1725.51
29.375	0	-61.875	1485.94
30	0	-61.25	1354.41
30.625	0	-60.625	1271.67
31.25	0	-60	1215.31
31.875	0	-59.375	1174.43
32.5	0	-58.75	1143.94
33.125	0	-58.125	1120.84
33.75	0	-57.5	1101.4
34.375	0	-56.875	1086.49
35	0	-56.25	1073.58
35.625	0	-55.625	1062.97
36.25	0	-55	1054.57
36.875	0	-54.375	1046.21
37.5	0	-53.75	1039.18
38.125	0	-53.125	1031.56
38.75	0	-52.5	1025.12
39.375	0	-51.875	1017.77
40	0	-51.25	1011.47
40.625	0	-50.625	1005.39
41.25	0	-50	1001.92
41.875	0	-49.375	999.858
42.5	0	-48.75	999.599
43.125	0	-48.125	999.544
43.75	0	-47.5	993.088
44.375	0	-46.875	978.231
13.75	0	-78.75	989.01
14.375	0	-78.125	946.586
15	0	-77.5	929.726
15.625	0	-76.875	908.358
16.25	0	-76.25	886.702
16.875	0	-75.625	868.401
17.5	0	-75	853.47
18.125	0	-74.375	839.615
18.75	0	-73.75	827.092
19.375	0	-73.125	814.067
20	0	-72.5	799.496
20.625	0	-71.875	783.918
21.25	0	-71.25	766.317
21.875	0	-70.625	746.059
22.5	0	-70	722.324
23.125	0	-69.375	694.487
23.75	0	-68.75	659.117
24.375	0	-68.125	613.904
25	0	-67.5	553.157
25.625	0	-66.875	464.279
26.25	0	-66.25	322.074
26.875	0	-65.625	49.1574
27.5	0	-65	-689.593
28.125	0	-64.375	-10437
28.75	0	-63.75	3128.81
29.375	0	-63.125	1919.06
30	0	-62.5	1561.26
30.625	0	-61.875	1390.74
31.25	0	-61.25	1291.35
31.875	0	-60.625	1226.77
32.5	0	-60	1181.42
33.125	0	-59.375	1148.34
33.75	0	-58.75	1123.71
34.375	0	-58.125	1103.24
35	0	-57.5	1087.72
35.625	0	-56.875	1074.39
36.25	0	-56.25	1063.51
36.875	0	-55.625	1054.94
37.5	0	-55	1046.44
38.125	0	-54.375	1039.34
38.75	0	-53.75	1031.64
39.375	0	-53.125	1025.17
40	0	-52.5	1017.78
40.625	0	-51.875	1011.46
41.25	0	-51.25	1005.36
41.875	0	-50.625	1001.9
42.5	0	-50	999.845
43.125	0	-49.375	999.597
43.75	0	-48.75	999.55
44.375	0	-48.125	993.089
45	0	-47.5	978.225
15	0	-78.75	982.312
15.625	0	-78.125	954.536
16.25	0	-77.5	940.677
16.875	0	-76.875	920.674
17.5	0	-76.25	901.34
18.125	0	-75.625	885.578
18.75	0	-75	871.415
19.375	0	-74.375	859.6
20	0	-73.75	847.882
20.625	0	-73.125	834.951
21.25	0	-72.5	821.514
21.875	0	-71.875	806.458
22.5	0	-71.25	789.274
23.125	0	-70.625	769.42
23.75	0	-70	746.681
24.375	0	-69.375	718.251
25	0	-68.75	683.07
25.625	0	-68.125	637.678
26.25	0	-67.5	574.433
26.875	0	-66.875	480.52
27.5	0	-66.25	320.218
28.125	0	-65.625	-16.5335
28.75	0	-65	-1203.97
29.375	0	-64.375	8884.52
30	0	-63.75	2302.14
30.625	0	-63.125	1674.25
31.25	0	-62.5	1438.14
31.875	0	-61.875	1314.69
32.5	0	-61.25	1239.33
33.125	0	-60.625	1188.49
33.75	0	-60	1152.44
34.375	0	-59.375	1126.12
35	0	-58.75	1104.58
35.625	0	-58.125	1088.45
36.25	0	-57.5	1074.72
36.875	0	-56.875	1063.61
37.5	0	-56.25	1054.92
38.125	0	-55.625	1046.33
38.75	0	-55	1039.18
39.375	0	-54.375	1031.45
40	0	-53.75	1024.97
40.625	0	-53.125	1017.57
41.25	0	-52.5	1011.26
41.875	0	-51.875	1005.18
42.5	0	-51.25	1001.75
43.125	0	-50.625	999.732
43.75	0	-50	999.518
44.375	0	-49.375	999.499
45	0	-48.75	993.053
45.625	0	-48.125	978.201
16.25	0	-78.75	961.365
16.875	0	-78.125	963.488
17.5	0	-77.5	949.343
18.125	0	-76.875	931.436
18.75	0	-76.25	915.183
19.375	0	-75.625	900.019
20	0	-75	888.277
20.625	0	-74.375	877.408
21.25	0	-73.75	865.753
21.875	0	-73.125	854.195
22.5	0	-72.5	841.384
23.125	0	-71.875	826.845
23.75	0	-71.25	810.214
24.375	0	-70.625	791.548
25	0	-70	768.418
25.625	0	-69.375	740.586
26.25	0	-68.75	705.909
26.875	0	-68.125	659.481
27.5	0	-67.5	594.53
28.125	0	-66.875	492.48
28.75	0	-66.25	308.105
29.375	0	-65.625	-136.189
30	0	-65	-2741.28
30.625	0	-64.375	3466.27
31.25	0	-63.75	1869.01
31.875	0	-63.125	1504.91
32.5	0	-62.5	1343.95
33.125	0	-61.875	1253.72
33.75	0	-61.25	1195.94
34.375	0	-60.625	1156.35
35	0	-60	1128.13
35.625	0	-59.375	1105.45
36.25	0	-58.75	1088.71
36.875	0	-58.125	1074.61
37.5	0	-57.5	1063.3
38.125	0	-56.875	1054.53
38.75	0	-56.25	1045.89
39.375	0	-55.625	1038.73
40	0	-55	1031
40.625	0	-54.375	1024.55
41.25	0	-53.75	1017.17
41.875	0	-53.125	1010.9
42.5	0	-52.5	1004.87
43.125	0	-51.875	1001.49
43.75	0	-51.25	999.528
44.375	0	-50.625	999.37
45	0	-50	999.398
45.625	0	-49.375	992.984
46.25	0	-48.75	978.161
17.5	0	-78.75	959.059
18.125	0	-78.125	967.007
18.75	0	-77.5	955.485
19.375	0	-76.875	941.862
20	0	-76.25	925.716
20.625	0	-75.625	913.394
21.25	0	-75	902.699
21.875	0	-74.375	891.734
22.5	0	-73.75	881.683
23.125	0	-73.125	870.798
23.75	0	-72.5	858.539
24.375	0	-71.875	844.634
25	0	-71.25	829.302
25.625	0	-70.625	810.308
26.25	0	-70	787.98
26.875	0	-69.375	760.973
27.5	0	-68.75	725.958
28.125	0	-68.125	679.339
28.75	0	-67.5	610.518
29.375	0	-66.875	498.315
30	0	-66.25	276.769
30.625	0	-65.625	-372.735
31.25	0	-65	-63354.1
31.875	0	-64.375	2302.83
32.5	0	-63.75	1611.46
33.125	0	-63.125	1384.41
33.75	0	-62.5	1272.01
34.375	0	-61.875	1204.85
35	0	-61.25	1160.77
35.625	0	-60.625	1130.26
36.25	0	-60	1106.24
36.875	0	-59.375	1088.82
37.5	0	-58.75	1074.31
38.125	0	-58.125	1062.81
38.75	0	-57.5	1053.97
39.375	0	-56.875	1045.28
40	0	-56.25	1038.14
40.625	0	-55.625	1030.42
41.25	0	-55	1024.01
41.875	0	-54.375	1016.67
42.5	0	-53.75	1010.45
43.125	0	-53.125	1004.47
43.75	0	-52.5	1001.17
44.375	0	-51.875	999.273
45	0	-51.25	999.182
45.625	0	-50.625	999.269
46.25	0	-50	992.896
46.875	0	-49.375	978.111
18.75	0	-78.75	965.684
19.375	0	-78.125	969.799
20	0	-77.5	964.559
20.625	0	-76.875	949.321
21.25	0	-76.25	936.378
21.875	0	-75.625	925.124
22.5	0	-75	913.975
23.125	0	-74.375	904.851
23.75	0	-73.75	895.463
24.375	0	-73.125	885.114
25	0	-72.5	873.537
25.625	0	-71.875	861.018
26.25	0	-71.25	845.362
26.875	0	-70.625	827.301
27.5	0	-70	805.978
28.125	0	-69.375	779.016
28.75	0	-68.75	744.587
29.375	0	-68.125	696.169
30	0	-67.5	623.013
30.625	0	-66.875	495.699
31.25	0	-66.25	215.982
31.875	0	-65.625	-955.666
32.5	0	-65	4132.07
33.125	0	-64.375	1810.11
33.75	0	-63.75	1444.78
34.375	0	-63.125	1296.46
35	0	-62.5	1215.94
35.625	0	-61.875	1165.97
36.25	0	-61.25	1132.62
36.875	0	-60.625	1107.02
37.5	0	-60	1088.82
38.125	0	-59.375	1073.87
38.75	0	-58.75	1062.16
39.375	0	-58.125	1053.25
40	0	-57.5	1044.54
40.625	0	-56.875	1037.42
41.25	0	-56.25	1029.73
41.875	0	-55.625	1023.37
42.5	0	-55	1016.08
43.125	0	-54.375	1009.92
43.75	0	-53.75	1004.01
44.375	0	-53.125	1000.79
45	0	-52.5	998.972
45.625	0	-51.875	998.959
46.25	0	-51.25	999.114
46.875	0	-50.625	992.793
47.5	0	-50	978.054
20	0	-78.75	971.673
20.625	0	-78.125	983.71
21.25	0	-77.5	970.604
21.875	0	-76.875	958.722
22.5	0	-76.25	946.745
23.125	0	-75.625	934.293
23.75	0	-75	925.187
24.375	0	-74.375	916.595
25	0	-73.75	907.623
25.625	0	-73.125	897.942
26.25	0	-72.5	887.799
26.875	0	-71.875	874.888
27.5	0	-71.25	860.239
28.125	0	-70.625	843.274
28.75	0	-70	822.203
29.375	0	-69.375	796.229
30	0	-68.75	761.069
30.625	0	-68.125	711.01
31.25	0	-67.5	631.304
31.875	0	-66.875	483.155
32.5	0	-66.25	94.3064
33.125	0	-65.625	-3698.69
33.75	0	-65	2312.76
34.375	0	-64.375	1544.91
35	0	-63.75	1330.99
35.625	0	-63.125	1230.27
36.25	0	-62.5	1172.3
36.875	0	-61.875	1135.33
37.5	0	-61.25	1107.82
38.125	0	-60.625	1088.72
38.75	0	-60	1073.29
39.375	0	-59.375	1061.36
40	0	-58.75	1052.39
40.625	0	-58.125	1043.65
41.25	0	-57.5	1036.57
41.875	0	-56.875	1028.92
42.5	0	-56.25	1022.63
43.125	0	-55.625	1015.4
43.75	0	-55	1009.32
44.375	0	-54.375	1003.49
45	0	-53.75	1000.35
45.625	0	-53.125	998.629
46.25	0	-52.5	998.704
46.875	0	-51.875	998.936
47.5	0	-51.25	992.673
48.125	0	-50.625	977.989
21.25	0	-78.75	973.689
21.875	0	-78.125	975.075
22.5	0	-77.5	971.372
23.125	0	-76.875	963.091
23.75	0	-76.25	950.129
24.375	0	-75.625	940.889
25	0	-75	932.661
25.625	0	-74.375	924.654
26.25	0	-73.75	916.544
26.875	0	-73.125	908.496
27.5	0	-72.5	897.941
28.125	0	-71.875	886.134
28.75	0	-71.25	872.637
29.375	0	-70.625	856.007
30	0	-70	836.066
30.625	0	-69.375	809.814
31.25	0	-68.75	774.143
31.875	0	-68.125	720.973
32.5	0	-67.5	632.587
33.125	0	-66.875	447.901
33.75	0	-66.25	-178.028
34.375	0	-65.625	6154.18
35	0	-65	1749.36
35.625	0	-64.375	1386.34
36.25	0	-63.75	1251.31
36.875	0	-63.125	1181.39
37.5	0	-62.5	1139.4
38.125	0	-61.875	1109.35
38.75	0	-61.25	1089.06
39.375	0	-60.625	1072.97
40	0	-60	1060.74
40.625	0	-59.375	1051.66
41.25	0	-58.75	1042.86
41.875	0	-58.125	1035.79
42.5	0	-57.5	1028.16
43.125	0	-56.875	1021.92
43.75	0	-56.25	1014.74
44.375	0	-55.625	1008.73
45	0	-55	1002.97
45.625	0	-54.375	999.929
46.25	0	-53.75	998.292
46.875	0	-53.125	998.452
47.5	0	-52.5	998.76
48.125	0	-51.875	992.555
48.75	0	-51.25	977.923
22.5	0	-78.75	995.4
23.125	0	-78.125	979.573
23.75	0	-77.5	977.927
24.375	0	-76.875	965.629
25	0	-76.25	956.081
25.625	0	-75.625	947.254
26.25	0	-75	939.22
26.875	0	-74.375	931.93
27.5	0	-73.75	925.464
28.125	0	-73.125	916.794
28.75	0	-72.5	907.344
29.375	0	-71.875	896.679
30	0	-71.25	883.536
30.625	0	-70.625	868.108
31.25	0	-70	848.166
31.875	0	-69.375	822.048
32.5	0	-68.75	785.029
33.125	0	-68.125	728.26
33.75	0	-67.5	625.035
34.375	0	-66.875	380.694
35	0	-66.25	-1053.3
35.625	0	-65.625	2360.43
36.25	0	-65	1483.09
36.875	0	-64.375	1282.31
37.5	0	-63.75	1193.8
38.125	0	-63.125	1144.76
38.75	0	-62.5	1111.4
39.375	0	-61.875	1089.62
40	0	-61.25	1072.74
40.625	0	-60.625	1060.14
41.25	0	-60	1050.92
41.875	0	-59.375	1042.04
42.5	0	-58.75	1034.98
43.125	0	-58.125	1027.36
43.75	0	-57.5	1021.18
44.375	0	-56.875	1014.05
45	0	-56.25	1008.11
45.625	0	-55.625	1002.43
46.25	0	-55	999.484
46.875	0	-54.375	997.938
47.5	0	-53.75	998.188
48.125	0	-53.125	998.576
48.75	0	-52.5	992.431
49.375	0	-51.875	977.855
23.75	0	-78.75	970.706
24.375	0	-78.125	986.746
25	0	-77.5	976.971
25.625	0	-76.875	969.959
26.25	0	-76.25	960.699
26.875	0	-75.625	951.822
27.5	0	-75	944.487
28.125	0	-74.375	939
28.75	0	-73.75	931.702
29.375	0	-73.125	924.18
30	0	-72.5	915.876
30.625	0	-71.875	905.562
31.25	0	-71.25	893.644
31.875	0	-70.625	878.355
32.5	0	-70	858.866
33.125	0	-69.375	832.261
33.75	0	-68.75	793.838
34.375	0	-68.125	730.241
35	0	-67.5	606.645
35.625	0	-66.875	236.576
36.25	0	-66.25	91739
36.875	0	-65.625	1693.39
37.5	0	-65	1332.32
38.125	0	-64.375	1211.71
38.75	0	-63.75	1152.21
39.375	0	-63.125	1114.33
40	0	-62.5	1090.6
40.625	0	-61.875	1072.72
41.25	0	-61.25	1059.65
41.875	0	-60.625	1050.25
42.5	0	-60	1041.26
43.125	0	-59.375	1034.2
43.75	0	-58.75	1026.58
44.375	0	-58.125	1020.45
45	0	-57.5	1013.36
45.625	0	-56.875	1007.49
46.25	0	-56.25	1001.89
46.875	0	-55.625	999.032
47.5	0	-55	997.579
48.125	0	-54.375	997.919
48.75	0	-53.75	998.387
49.375	0	-53.125	992.303
50	0	-52.5	977.785
25	0	-78.75	1025.52
25.625	0	-78.125	982.894
26.25	0	-77.5	982.022
26.875	0	-76.875	974.349
27.5	0	-76.25	964.265
28.125	0	-75.625	955.762
28.75	0	-75	950.32
29.375	0	-74.375	943.587
30	0	-73.75	937.415
30.625	0	-73.125	930.987
31.25	0	-72.5	922.965
31.875	0	-71.875	913.838
32.5	0	-71.25	902.099
33.125	0	-70.625	887.398
33.75	0	-70	867.842
34.375	0	-69.375	840.808
35	0	-68.75	798.94
35.625	0	-68.125	727.394
36.25	0	-67.5	566.536
36.875	0	-66.875	-153.899
37.5	0	-66.25	2474.2
38.125	0	-65.625	1424.68
38.75	0	-65	1239.33
39.375	0	-64.375	1163.01
40	0	-63.75	1118.65
40.625	0	-63.125	1092.27
41.25	0	-62.5	1073.08
41.875	0	-61.875	1059.39
42.5	0	-61.25	1049.73
43.125	0	-60.625	1040.59
43.75	0	-60	1033.49
44.375	0	-59.375	1025.85
45	0	-58.75	1019.76
45.625	0	-58.125	1012.71
46.25	0	-57.5	1006.9
46.875	0	-56.875	1001.36
47.5	0	-56.25	998.594
48.125	0	-55.625	997.23
48.75	0	-55	997.658
49.375	0	-54.375	998.204
50	0	-53.75	992.179
50.625	0	-53.125	977.716
26.25	0	-78.75	962.585
26.875	0	-78.125	984.846
27.5	0	-77.5	984.314
28.125	0	-76.875	975.829
28.75	0	-76.25	966.161
29.375	0	-75.625	960.097
30	0	-75	953.03
30.625	0	-74.375	947.541
31.25	0	-73.75	942.492
31.875	0	-73.125	936.31
32.5	0	-72.5	929.462
33.125	0	-71.875	920.546
33.75	0	-71.25	909.473
34.375	0	-70.625	894.944
35	0	-70	875.416
35.625	0	-69.375	846.539
36.25	0	-68.75	801.486
36.875	0	-68.125	715.696
37.5	0	-67.5	482.296
38.125	0	-66.875	-2991.21
38.75	0	-66.25	1643.55
39.375	0	-65.625	1285.46
40	0	-65	1179.07
40.625	0	-64.375	1124.92
41.25	0	-63.75	1094.84
41.875	0	-63.125	1073.9
42.5	0	-62.5	1059.41
43.125	0	-61.875	1049.39
43.75	0	-61.25	1040.04
44.375	0	-60.625	1032.87
45	0	-60	1025.19
45.625	0	-59.375	1019.11
46.25	0	-58.75	1012.08
46.875	0	-58.125	1006.32
47.5	0	-57.5	1000.85
48.125	0	-56.875	998.168
48.75	0	-56.25	996.89
49.375	0	-55.625	997.404
50	0	-55	998.026
50.625	0	-54.375	992.057
51.25	0	-53.75	977.647
27.5	0	-78.75	983.546
28.125	0	-78.125	985.058
28.75	0	-77.5	984.51
29.375	0	-76.875	976.116
30	0	-76.25	969.689
30.625	0	-75.625	961.34
31.25	0	-75	955.642
31.875	0	-74.375	951.293
32.5	0	-73.75	946.413
33.125	0	-73.125	941.372
33.75	0	-72.5	934.736
34.375	0	-71.875	926.52
35	0	-71.25	915.753
35.625	0	-70.625	901.449
36.25	0	-70	880.894
36.875	0	-69.375	850.877
37.5	0	-68.75	799.622
38.125	0	-68.125	690.062
38.75	0	-67.5	275.551
39.375	0	-66.875	2734.21
40	0	-66.25	1374.11
40.625	0	-65.625	1204.15
41.25	0	-65	1134.06
41.875	0	-64.375	1098.61
42.5	0	-63.75	1075.3
43.125	0	-63.125	1059.74
43.75	0	-62.5	1049.26
44.375	0	-61.875	1039.62
45	0	-61.25	1032.34
45.625	0	-60.625	1024.58
46.25	0	-60	1018.51
46.875	0	-59.375	1011.49
47.5	0	-58.75	1005.77
48.125	0	-58.125	1000.35
48.75	0	-57.5	997.757
49.375	0	-56.875	996.561
50	0	-56.25	997.158
50.625	0	-55.625	997.854
51.25	0	-55	991.939
51.875	0	-54.375	977.58
28.75	0	-78.75	1013.09
29.375	0	-78.125	997.822
30	0	-77.5	990.189
30.625	0	-76.875	984.608
31.25	0	-76.25	973.528
31.875	0	-75.625	965.879
32.5	0	-75	960.775
33.125	0	-74.375	956.086
33.75	0	-73.75	952.04
34.375	0	-73.125	947.016
35	0	-72.5	940.981
35.625	0	-71.875	933.089
36.25	0	-71.25	922.59
36.875	0	-70.625	907.725
37.5	0	-70	887.052
38.125	0	-69.375	854.348
38.75	0	-68.75	793.982
39.375	0	-68.125	640.566
40	0	-67.5	-611.283
40.625	0	-66.875	1599.3
41.25	0	-66.25	1245.23
41.875	0	-65.625	1146.85
42.5	0	-65	1103.5
43.125	0	-64.375	1077.05
43.75	0	-63.75	1060.18
44.375	0	-63.125	1049.14
45	0	-62.5	1039.19
45.625	0	-61.875	1031.79
46.25	0	-61.25	1023.96
46.875	0	-60.625	1017.89
47.5	0	-60	1010.87
48.125	0	-59.375	1005.21
48.75	0	-58.75	999.843
49.375	0	-58.125	997.334
50	0	-57.5	996.224
50.625	0	-56.875	996.907
51.25	0	-56.25	997.678
51.875	0	-55.625	991.818
52.5	0	-55	977.511
30	0	-78.75	1021.55
30.625	0	-78.125	992.247
31.25	0	-77.5	995.541
31.875	0	-76.875	984.905
32.5	0	-76.25	975.69
33.125	0	-75.625	969.187
33.75	0	-75	963.866
34.375	0	-74.375	960.144
35	0	-73.75	956.198
35.625	0	-73.125	951.85
36.25	0	-72.5	946.238
36.875	0	-71.875	938.619
37.5	0	-71.25	927.808
38.125	0	-70.625	913.234
38.75	0	-70	891.345
39.375	0	-69.375	854.684
40	0	-68.75	779.044
40.625	0	-68.125	525.728
41.25	0	-67.5	3385.93
41.875	0	-66.875	1327.69
42.5	0	-66.25	1167.23
43.125	0	-65.625	1110.76
43.75	0	-65	1079.74
44.375	0	-64.375	1061.08
45	0	-63.75	1049.3
45.625	0	-63.125	1038.92
46.25	0	-62.5	1031.35
46.875	0	-61.875	1023.41
47.5	0	-61.25	1017.33
48.125	0	-60.625	1010.3
48.75	0	-60	1004.67
49.375	0	-59.375	999.361
50	0	-58.75	996.934
50.625	0	-58.125	995.904
51.25	0	-57.5	996.669
51.875	0	-56.875	997.512
52.5	0	-56.25	991.703
53.125	0	-55.625	977.444
31.25	0	-78.75	997.707
31.875	0	-78.125	996.931
32.5	0	-77.5	992.719
33.125	0	-76.875	985.11
33.75	0	-76.25	977.58
34.375	0	-75.625	970.864
35	0	-75	966.615
35.625	0	-74.375	963.047
36.25	0	-73.75	959.842
36.875	0	-73.125	956.009
37.5	0	-72.5	950.62
38.125	0	-71.875	942.841
38.75	0	-71.25	932.492
39.375	0	-70.625	917.422
40	0	-70	893.758
40.625	0	-69.375	850.826
41.25	0	-68.75	747.795
41.875	0	-68.125	121.317
42.5	0	-67.5	1564.33
43.125	0	-66.875	1202.87
43.75	0	-66.25	1121.81
44.375	0	-65.625	1083.75
45	0	-65	1062.56
45.625	0	-64.375	1049.78
46.25	0	-63.75	1038.85
46.875	0	-63.125	1031.05
47.5	0	-62.5	1022.96
48.125	0	-61.875	1016.84
48.75	0	-61.25	1009.78
49.375	0	-60.625	1004.18
50	0	-60	998.908
50.625	0	-59.375	996.556
51.25	0	-58.75	995.603
51.875	0	-58.125	996.446
52.5	0	-57.5	997.356
53.125	0	-56.875	991.593
53.75	0	-56.25	977.379
32.5	0	-78.75	991.429
33.125	0	-78.125	995.735
33.75	0	-77.5	993.574
34.375	0	-76.875	987.69
35	0	-76.25	979.38
35.625	0	-75.625	973.575
36.25	0	-75	969.34
36.875	0	-74.375	966.473
37.5	0	-73.75	963.817
38.125	0	-73.125	960.075
38.75	0	-72.5	954.613
39.375	0	-71.875	947.348
40	0	-71.25	936.908
40.625	0	-70.625	921.144
41.25	0	-70	894.84
41.875	0	-69.375	842.254
42.5	0	-68.75	678.133
43.125	0	-68.125	6684.55
43.75	0	-67.5	1275.82
44.375	0	-66.875	1138.87
45	0	-66.25	1089.28
45.625	0	-65.625	1064.53
46.25	0	-65	1050.45
46.875	0	-64.375	1038.84
47.5	0	-63.75	1030.78
48.125	0	-63.125	1022.51
48.75	0	-62.5	1016.35
49.375	0	-61.875	1009.26
50	0	-61.25	1003.68
50.625	0	-60.625	998.453
51.25	0	-60	996.179
51.875	0	-59.375	995.304
52.5	0	-58.75	996.226
53.125	0	-58.125	997.203
53.75	0	-57.5	991.485
54.375	0	-56.875	977.315
33.75	0	-78.75	996.106
34.375	0	-78.125	992.867
35	0	-77.5	994.871
35.625	0	-76.875	987.713
36.25	0	-76.25	980.538
36.875	0	-75.625	974.813
37.5	0	-75	971.414
38.125	0	-74.375	969.263
38.75	0	-73.75	966.575
39.375	0	-73.125	962.842
40	0	-72.5	957.857
40.625	0	-71.875	950.673
41.25	0	-71.25	939.983
41.875	0	-70.625	923.024
42.5	0	-70	892.662
43.125	0	-69.375	821.016
43.75	0	-68.75	456.686
44.375	0	-68.125	1512.71
45	0	-67.5	1170.02
45.625	0	-66.875	1098.18
46.25	0	-66.25	1067.75
46.875	0	-65.625	1051.75
47.5	0	-65	1039.19
48.125	0	-64.375	1030.74
48.75	0	-63.75	1022.22
49.375	0	-63.125	1015.98
50	0	-62.5	1008.83
50.625	0	-61.875	1003.26
51.25	0	-61.25	998.055
51.875	0	-60.625	995.848
52.5	0	-60	995.041
53.125	0	-59.375	996.033
53.75	0	-58.75	997.07
54.375	0	-58.125	991.389
55	0	-57.5	977.256
35	0	-78.75	976.917
35.625	0	-78.125	991.475
36.25	0	-77.5	992.103
36.875	0	-76.875	987.159
37.5	0	-76.25	980.33
38.125	0	-75.625	975.776
38.75	0	-75	973.441
39.375	0	-74.375	971.172
40	0	-73.75	968.655
40.625	0	-73.125	965.389
41.25	0	-72.5	960.654
41.875	0	-71.875	953.529
42.5	0	-71.25	942.451
43.125	0	-70.625	923.814
43.75	0	-70	885.95
44.375	0	-69.375	773.164
45	0	-68.75	-4463.92
45.625	0	-68.125	1236.86
46.25	0	-67.5	1112.13
46.875	0	-66.875	1072.23
47.5	0	-66.25	1053.46
48.125	0	-65.625	1039.67
48.75	0	-65	1030.75
49.375	0	-64.375	1021.94
50	0	-63.75	1015.61
50.625	0	-63.125	1008.39
51.25	0	-62.5	1002.82
51.875	0	-61.875	997.649
52.5	0	-61.25	995.513
53.125	0	-60.625	994.776
53.75	0	-60	995.841
54.375	0	-59.375	996.938
55	0	-58.75	991.294
55.625	0	-58.125	977.196
36.25	0	-78.75	1015.97
36.875	0	-78.125	997.427
37.5	0	-77.5	996.784
38.125	0	-76.875	989.624
38.75	0	-76.25	982.981
39.375	0	-75.625	979.151
40	0	-75	976.022
40.625	0	-74.375	973.78
41.25	0	-73.75	971.451
41.875	0	-73.125	968.407
42.5	0	-72.5	963.805
43.125	0	-71.875	956.665
43.75	0	-71.25	944.947
44.375	0	-70.625	922.969
45	0	-70	871.357
45.625	0	-69.375	663.597
46.25	0	-68.75	1477.12
46.875	0	-68.125	1136.58
47.5	0	-67.5	1078.66
48.125	0	-66.875	1055.71
48.75	0	-66.25	1040.28
49.375	0	-65.625	1030.79
50	0	-65	1021.66
50.625	0	-64.375	1015.23
51.25	0	-63.75	1007.94
51.875	0	-63.125	1002.38
52.5	0	-62.5	997.239
53.125	0	-61.875	995.18
53.75	0	-61.25	994.515
54.375	0	-60.625	995.654
55	0	-60	996.812
55.625	0	-59.375	991.201
56.25	0	-58.75	977.137
37.5	0	-78.75	998.448
38.125	0	-78.125	999.076
38.75	0	-77.5	996.325
39.375	0	-76.875	990.332
40	0	-76.25	985.274
40.625	0	-75.625	980.414
41.25	0	-75	977.576
41.875	0	-74.375	975.398
42.5	0	-73.75	973.366
43.125	0	-73.125	970.517
43.75	0	-72.5	966.094
44.375	0	-71.875	958.724
45	0	-71.25	945.242
45.625	0	-70.625	917.207
46.25	0	-70	849.48
46.875	0	-69.375	-391.811
47.5	0	-68.75	1193.33
48.125	0	-68.125	1089.67
48.75	0	-67.5	1059.32
49.375	0	-66.875	1041.42
50	0	-66.25	1031.1
50.625	0	-65.625	1021.52
51.25	0	-65	1014.96
51.875	0	-64.375	1007.56
52.5	0	-63.75	1002
53.125	0	-63.125	996.875
53.75	0	-62.5	994.885
54.375	0	-61.875	994.287
55	0	-61.25	995.493
55.625	0	-60.625	996.704
56.25	0	-60	991.12
56.875	0	-59.375	977.083
38.75	0	-78.75	1019.14
39.375	0	-78.125	1001.67
40	0	-77.5	997.879
40.625	0	-76.875	993.564
41.25	0	-76.25	986.549
41.875	0	-75.625	982.132
42.5	0	-75	979.036
43.125	0	-74.375	977.172
43.75	0	-73.75	975.34
44.375	0	-73.125	972.804
45	0	-72.5	968.386
45.625	0	-71.875	960.072
46.25	0	-71.25	943.642
46.875	0	-70.625	913.926
47.5	0	-70	777.31
48.125	0	-69.375	1428.89
48.75	0	-68.75	1109.31
49.375	0	-68.125	1064.46
50	0	-67.5	1042.84
50.625	0	-66.875	1031.45
51.25	0	-66.25	1021.35
51.875	0	-65.625	1014.63
52.5	0	-65	1007.14
53.125	0	-64.375	1001.58
53.75	0	-63.75	996.485
54.375	0	-63.125	994.577
55	0	-62.5	994.053
55.625	0	-61.875	995.331
56.25	0	-61.25	996.598
56.875	0	-60.625	991.039
57.5	0	-60	977.028
40	0	-78.75	1028.88
40.625	0	-78.125	1001.01
41.25	0	-77.5	1000.18
41.875	0	-76.875	992.942
42.5	0	-76.25	986.999
43.125	0	-75.625	982.029
43.75	0	-75	979.375
44.375	0	-74.375	977.729
45	0	-73.75	976.308
45.625	0	-73.125	973.832
46.25	0	-72.5	968.768
46.875	0	-71.875	958.687
47.5	0	-71.25	943.989
48.125	0	-70.625	893.958
48.75	0	-70	355.036
49.375	0	-69.375	1158.54
50	0	-68.75	1073.97
50.625	0	-68.125	1045.54
51.25	0	-67.5	1032.37
51.875	0	-66.875	1021.46
52.5	0	-66.25	1014.5
53.125	0	-65.625	1006.83
53.75	0	-65	1001.25
54.375	0	-64.375	996.166
55	0	-63.75	994.328
55.625	0	-63.125	993.865
56.25	0	-62.5	995.206
56.875	0	-61.875	996.518
57.5	0	-61.25	990.975
58.125	0	-60.625	976.981
41.25	0	-78.75	1007.47
41.875	0	-78.125	1000.2
42.5	0	-77.5	997.727
43.125	0	-76.875	993.485
43.75	0	-76.25	986.664
44.375	0	-75.625	982.353
45	0	-75	979.93
45.625	0	-74.375	978.82
46.25	0	-73.75	977.514
46.875	0	-73.125	974.634
47.5	0	-72.5	968.564
48.125	0	-71.875	961.541
48.75	0	-71.25	937.867
49.375	0	-70.625	854.236
50	0	-70	1396.98
50.625	0	-69.375	1090.89
51.25	0	-68.75	1049.17
51.875	0	-68.125	1033.36
52.5	0	-67.5	1021.45
53.125	0	-66.875	1014.23
53.75	0	-66.25	1006.41
54.375	0	-65.625	1000.83
55	0	-65	995.782
55.625	0	-64.375	994.037
56.25	0	-63.75	993.653
56.875	0	-63.125	995.068
57.5	0	-62.5	996.433
58.125	0	-61.875	990.907
58.75	0	-61.25	976.93
42.5	0	-78.75	1021.49
43.125	0	-78.125	999.958
43.75	0	-77.5	1001.23
44.375	0	-76.875	993.996
45	0	-76.25	987.545
45.625	0	-75.625	983.113
46.25	0	-75	981.161
46.875	0	-74.375	980.032
47.5	0	-73.75	978.346
48.125	0	-73.125	974.793
48.75	0	-72.5	972.128
49.375	0	-71.875	959.751
50	0	-71.25	929.802
50.625	0	-70.625	643.191
51.25	0	-70	1132.61
51.875	0	-69.375	1055.17
52.5	0	-68.75	1034.79
53.125	0	-68.125	1021.45
53.75	0	-67.5	1013.93
54.375	0	-66.875	1005.93
55	0	-66.25	1000.37
55.625	0	-65.625	995.367
56.25	0	-65	993.733
56.875	0	-64.375	993.437
57.5	0	-63.75	994.933
58.125	0	-63.125	996.352
58.75	0	-62.5	990.842
59.375	0	-61.875	976.88
43.75	0	-78.75	980.551
44.375	0	-78.125	1006.25
45	0	-77.5	1002.02
45.625	0	-76.875	995.689
46.25	0	-76.25	988.895
46.875	0	-75.625	984.994
47.5	0	-75	982.898
48.125	0	-74.375	981.384
48.75	0	-73.75	979.242
49.375	0	-73.125	979.244
50	0	-72.5	972.79
50.625	0	-71.875	960.129
51.25	0	-71.25	906.136
51.875	0	-70.625	1372.88
52.5	0	-70	1065.68
53.125	0	-69.375	1036.48
53.75	0	-68.75	1021.19
54.375	0	-68.125	1013.35
55	0	-67.5	1005.22
55.625	0	-66.875	999.738
56.25	0	-66.25	994.834
56.875	0	-65.625	993.354
57.5	0	-65	993.175
58.125	0	-64.375	994.772
58.75	0	-63.75	996.258
59.375	0	-63.125	990.769
60	0	-62.5	976.827
45	0	-78.75	985.235
45.625	0	-78.125	996.371
46.25	0	-77.5	998.139
46.875	0	-76.875	992.63
47.5	0	-76.25	987.513
48.125	0	-75.625	983.971
48.75	0	-75	981.844
49.375	0	-74.375	980.209
50	0	-73.75	981.713
50.625	0	-73.125	978.421
51.25	0	-72.5	972.836
51.875	0	-71.875	952.114
52.5	0	-71.25	774.13
53.125	0	-70.625	1097.66
53.75	0	-70	1040.98
54.375	0	-69.375	1021.67
55	0	-68.75	1013.11
55.625	0	-68.125	1004.67
56.25	0	-67.5	999.206
56.875	0	-66.875	994.371
57.5	0	-66.25	993.035
58.125	0	-65.625	992.962
58.75	0	-65	994.651
59.375	0	-64.375	996.194
60	0	-63.75	990.714
60.625	0	-63.125	976.78
46.25	0	-78.75	988.723
46.875	0	-78.125	1004.88
47.5	0	-77.5	1000.28
48.125	0	-76.875	994.794
48.75	0	-76.25	988.994
49.375	0	-75.625	984.883
50	0	-75	982.458
50.625	0	-74.375	984.43
51.25	0	-73.75	982.876
51.875	0	-73.125	981.115
52.5	0	-72.5	972.194
53.125	0	-71.875	932.619
53.75	0	-71.25	1315.39
54.375	0	-70.625	1048.03
55	0	-70	1021.6
55.625	0	-69.375	1012.27
56.25	0	-68.75	1003.63
56.875	0	-68.125	998.324
57.5	0	-67.5	993.662
58.125	0	-66.875	992.556
58.75	0	-66.25	992.647
59.375	0	-65.625	994.468
60	0	-65	996.094
60.625	0	-64.375	990.639
61.25	0	-63.75	976.723
47.5	0	-78.75	1012.32
48.125	0	-78.125	1001.08
48.75	0	-77.5	998.948
49.375	0	-76.875	993.658
50	0	-76.25	987.825
50.625	0	-75.625	983.809
51.25	0	-75	985.319
51.875	0	-74.375	984.231
52.5	0	-73.75	984.241
53.125	0	-73.125	980.129
53.75	0	-72.5	963.967
54.375	0	-71.875	871.165
55	0	-71.25	1071.7
55.625	0	-70.625	1023.07
56.25	0	-70	1011.85
56.875	0	-69.375	1002.7
57.5	0	-68.75	997.491
58.125	0	-68.125	992.984
58.75	0	-67.5	992.114
59.375	0	-66.875	992.366
60	0	-66.25	994.317
60.625	0	-65.625	996.02
61.25	0	-65	990.578
61.875	0	-64.375	976.672
48.75	0	-78.75	1018.42
49.375	0	-78.125	1003.48
50	0	-77.5	1000.14
50.625	0	-76.875	994.382
51.25	0	-76.25	988.382
51.875	0	-75.625	988.443
52.5	0	-75	986.548
53.125	0	-74.375	987.054
53.75	0	-73.75	985.258
54.375	0	-73.125	977.742
55	0	-72.5	958.584
55.625	0	-71.875	1277.84
56.25	0	-71.25	1025.24
56.875	0	-70.625	1010.8
57.5	0	-70	1001.16
58.125	0	-69.375	996.23
58.75	0	-68.75	992.013
59.375	0	-68.125	991.489
60	0	-67.5	991.972
60.625	0	-66.875	994.101
61.25	0	-66.25	995.91
61.875	0	-65.625	990.498
62.5	0	-65	976.61
50	0	-78.75	992.613
50.625	0	-78.125	1000.45
51.25	0	-77.5	1000.32
51.875	0	-76.875	995.031
52.5	0	-76.25	993.89
53.125	0	-75.625	990.162
53.75	0	-75	990.002
54.375	0	-74.375	988.863
55	0	-73.75	985.083
55.625	0	-73.125	979.796
56.25	0	-72.5	928.657
56.875	0	-71.875	1031.46
57.5	0	-71.25	1009.01
58.125	0	-70.625	998.86
58.75	0	-70	994.469
59.375	0	-69.375	990.712
60	0	-68.75	990.665
60.625	0	-68.125	991.457
61.25	0	-67.5	993.817
61.875	0	-66.875	995.764
62.5	0	-66.25	990.397
63.125	0	-65.625	976.539
51.25	0	-78.75	987.836
51.875	0	-78.125	1001.27
52.5	0	-77.5	1001.44
53.125	0	-76.875	1001.87
53.75	0	-76.25	996.189
54.375	0	-75.625	994.437
55	0	-75	992.586
55.625	0	-74.375	990.131
56.25	0	-73.75	989.333
56.875	0	-73.125	979.239
57.5	0	-72.5	1103.85
58.125	0	-71.875	1005.42
58.75	0	-71.25	995.241
59.375	0	-70.625	991.936
60	0	-70	988.93
60.625	0	-69.375	989.559
61.25	0	-68.75	990.77
61.875	0	-68.125	993.433
62.5	0	-67.5	995.563
63.125	0	-66.875	990.265
63.75	0	-66.25	976.452
52.5	0	-78.75	1011.71
53.125	0	-78.125	994.725
53.75	0	-77.5	1004.14
54.375	0	-76.875	1000.36
55	0	-76.25	998.069
55.625	0	-75.625	994.984
56.25	0	-75	992.415
56.875	0	-74.375	992.74
57.5	0	-73.75	989.662
58.125	0	-73.125	987.272
58.75	0	-72.5	1000.49
59.375	0	-71.875	990.545
60	0	-71.25	988.902
60.625	0	-70.625	986.864
61.25	0	-70	988.308
61.875	0	-69.375	990.003
62.5	0	-68.75	993.01
63.125	0	-68.125	995.344
63.75	0	-67.5	990.121
64.375	0	-66.875	976.359
53.75	0	-78.75	1015.25
54.375	0	-78.125	1005.21
55	0	-77.5	1003.64
55.625	0	-76.875	1003.38
56.25	0	-76.25	999.239
56.875	0	-75.625	995.574
57.5	0	-75	995.475
58.125	0	-74.375	994.148
58.75	0	-73.75	998.197
59.375	0	-73.125	945.78
60	0	-72.5	982.255
60.625	0	-71.875	984.608
61.25	0	-71.25	984.158
61.875	0	-70.625	986.725
62.5	0	-70	989.042
63.125	0	-69.375	992.478
63.75	0	-68.75	995.065
64.375	0	-68.125	989.942
65	0	-67.5	976.247
55	0	-78.75	992.198
55.625	0	-78.125	1000.81
56.25	0	-77.5	1007.64
56.875	0	-76.875	1005.67
57.5	0	-76.25	1001.31
58.125	0	-75.625	999.993
58.75	0	-75	998.457
59.375	0	-74.375	1002.32
60	0	-73.75	1019.61
60.625	0	-73.125	958.752
61.25	0	-72.5	977.374
61.875	0	-71.875	980.228
62.5	0	-71.25	984.55
63.125	0	-70.625	987.746
63.75	0	-70	991.756
64.375	0	-69.375	994.679
65	0	-68.75	989.701
65.625	0	-68.125	976.106
56.25	0	-78.75	991.741
56.875	0	-78.125	1002.48
57.5	0	-77.5	1005.94
58.125	0	-76.875	1004.28
58.75	0	-76.25	1002.34
59.375	0	-75.625	999.321
60	0	-75	1000.41
60.625	0	-74.375	1005.65
61.25	0	-73.75	614.508
61.875	0	-73.125	968.706
62.5	0	-72.5	976.599
63.125	0	-71.875	982.791
63.75	0	-71.25	986.745
64.375	0	-70.625	991.235
65	0	-70	994.418
65.625	0	-69.375	989.523
66.25	0	-68.75	975.985
57.5	0	-78.75	1012.71
58.125	0	-78.125	1001.91
58.75	0	-77.5	1005.63
59.375	0	-76.875	1006.48
60	0	-76.25	1002.92
60.625	0	-75.625	1001.62
61.25	0	-75	1003.06
61.875	0	-74.375	1039.54
62.5	0	-73.75	943.74
63.125	0	-73.125	970.576
63.75	0	-72.5	980.26
64.375	0	-71.875	985.351
65	0	-71.25	990.494
65.625	0	-70.625	994.028
66.25	0	-70	989.263
66.875	0	-69.375	975.823
58.75	0	-78.75	1003.33
59.375	0	-78.125	991.166
60	0	-77.5	1003.27
60.625	0	-76.875	1003.75
61.25	0	-76.25	1001.2
61.875	0	-75.625	999.521
62.5	0	-75	1010.77
63.125	0	-74.375	368.596
63.75	0	-73.75	963.197
64.375	0	-73.125	978.302
65	0	-72.5	984.384
65.625	0	-71.875	990.024
66.25	0	-71.25	993.787
66.875	0	-70.625	989.065
67.5	0	-70	975.676
60	0	-78.75	992.455
60.625	0	-78.125	990.461
61.25	0	-77.5	1001.7
61.875	0	-76.875	1001.79
62.5	0	-76.25	999.188
63.125	0	-75.625	1003.04
63.75	0	-75	1031.76
64.375	0	-74.375	944.303
65	0	-73.75	976.021
65.625	0	-73.125	983.479
66.25	0	-72.5	989.622
66.875	0	-71.875	993.575
67.5	0	-71.25	988.856
68.125	0	-70.625	975.51
61.25	0	-78.75	997.606
61.875	0	-78.125	1003.98
62.5	0	-77.5	1006.02
63.125	0	-76.875	1005.38
63.75	0	-76.25	1006.37
64.375	0	-75.625	1015.49
65	0	-75	-34.3119
65.625	0	-74.375	969.963
66.25	0	-73.75	981.797
66.875	0	-73.125	988.976
67.5	0	-72.5	993.247
68.125	0	-71.875	988.564
68.75	0	-71.25	975.294
62.5	0	-78.75	981.194
63.125	0	-78.125	996.23
63.75	0	-77.5	1003.9
64.375	0	-76.875	1006.53
65	0	-76.25	1009.11
65.625	0	-75.625	1034.81
66.25	0	-75	959.942
66.875	0	-74.375	981.523
67.5	0	-73.75	989.301
68.125	0	-73.125	993.442
68.75	0	-72.5	988.491
69.375	0	-71.875	975.14
63.75	0	-78.75	990.158
64.375	0	-78.125	1003.17
65	0	-77.5	1009.39
65.625	0	-76.875	1012.91
66.25	0	-76.25	1018.54
66.875	0	-75.625	-58.931
67.5	0	-75	979.006
68.125	0	-74.375	989.5
68.75	0	-73.75	993.677
69.375	0	-73.125	988.403
70	0	-72.5	974.954
65	0	-78.75	1001.3
65.625	0	-78.125	1001.86
66.25	0	-77.5	1011.76
66.875	0	-76.875	1012.98
67.5	0	-76.25	1020.81
68.125	0	-75.625	974.78
68.75	0	-75	991.38
69.375	0	-74.375	994.859
70	0	-73.75	988.709
70.625	0	-73.125	974.88
66.25	0	-78.75	988.936
66.875	0	-78.125	1013.08
67.5	0	-77.5	1015.07
68.125	0	-76.875	1016.2
68.75	0	-76.25	-470.515
69.375	0	-75.625	991.16
70	0	-75	995.819
70.625	0	-74.375	988.933
71.25	0	-73.75	974.751
67.5	0	-78.75	1017.4
68.125	0	-78.125	1005.28
68.75	0	-77.5	1008.03
69.375	0	-76.875	1021.46
70	0	-76.25	991.354
70.625	0	-75.625	998.126
71.25	0	-75	989.703
71.875	0	-74.375	974.78
68.75	0	-78.75	1020.07
69.375	0	-78.125	1005.62
70	0	-77.5	1014.35
70.625	0	-76.875	-522.4
71.25	0	-76.25	998.858
71.875	0	-75.625	990.075
72.5	0	-75	974.692
70	0	-78.75	1026.24
70.625	0	-78.125	1006.48
71.25	0	-77.5	1015.37
71.875	0	-76.875	997.52
72.5	0	-76.25	990.014
73.125	0	-75.625	974.511
71.25	0	-78.75	993.087
71.875	0	-78.125	1007.71
72.5	0	-77.5	-1375.05
73.125	0	-76.875	986.475
73.75	0	-76.25	973.512
72.5	0	-78.75	1032.79
73.125	0	-78.125	1011.49
73.75	0	-77.5	975.648
74.375	0	-76.875	971.382
73.75	0	-78.75	1011.53
74.375	0	-78.125	-13432.6
75	0	-77.5	967.372
75	0	-78.75	1023.01
75.625	0	-78.125	957.815
76.25	0	-78.75	-134703
