# File: Inv_SEN1.vtk
# (No specific header documentation)

# vtk DataFile Version 2.0
Finite element discrete.
ASCII
DATASET UNSTRUCTURED_GRID
POINTS 3533 double
-2208.06	0	0
-1864.63	0	0
-1578.44	0	0
-1339.95	0	0
-1141.21	0	0
-975.592	0	0
-837.577	0	0
-722.564	0	0
-626.72	0	0
-546.85	0	0
-480.292	0	0
-424.826	0	0
-378.605	0	0
-340.088	0	0
-307.99	0	0
-281.242	0	0
-258.951	0	0
-240.376	0	0
-224.897	0	0
-211.997	0	0
-201.248	0	0
-192.29	0	0
-184.825	0	0
-178.604	0	0
-173.42	0	0
-169.1	0	0
-165.5	0	0
-162.5	0	0
-160	0	0
-158.75	0	0
-157.5	0	0
-156.25	0	0
-155	0	0
-153.75	0	0
-152.5	0	0
-151.25	0	0
-150	0	0
-148.75	0	0
-147.5	0	0
-146.25	0	0
-145	0	0
-143.75	0	0
-142.5	0	0
-141.25	0	0
-140	0	0
-138.75	0	0
-137.5	0	0
-136.25	0	0
-135	0	0
-133.75	0	0
-132.5	0	0
-131.25	0	0
-130	0	0
-128.75	0	0
-127.5	0	0
-126.25	0	0
-125	0	0
-123.75	0	0
-122.5	0	0
-121.25	0	0
-120	0	0
-118.75	0	0
-117.5	0	0
-116.25	0	0
-115	0	0
-113.75	0	0
-112.5	0	0
-111.25	0	0
-110	0	0
-108.75	0	0
-107.5	0	0
-106.25	0	0
-105	0	0
-103.75	0	0
-102.5	0	0
-101.25	0	0
-100	0	0
-98.75	0	0
-97.5	0	0
-96.25	0	0
-95	0	0
-93.75	0	0
-92.5	0	0
-91.25	0	0
-90	0	0
-88.75	0	0
-87.5	0	0
-86.25	0	0
-85	0	0
-83.75	0	0
-82.5	0	0
-81.25	0	0
-80	0	0
-78.75	0	0
-77.5	0	0
-76.25	0	0
-75	0	0
-73.75	0	0
-72.5	0	0
-71.25	0	0
-70	0	0
-68.75	0	0
-67.5	0	0
-66.25	0	0
-65	0	0
-63.75	0	0
-62.5	0	0
-61.25	0	0
-60	0	0
-58.75	0	0
-57.5	0	0
-56.25	0	0
-55	0	0
-53.75	0	0
-52.5	0	0
-51.25	0	0
-50	0	0
-48.75	0	0
-47.5	0	0
-46.25	0	0
-45	0	0
-43.75	0	0
-42.5	0	0
-41.25	0	0
-40	0	0
-38.75	0	0
-37.5	0	0
-36.25	0	0
-35	0	0
-33.75	0	0
-32.5	0	0
-31.25	0	0
-30	0	0
-28.75	0	0
-27.5	0	0
-26.25	0	0
-25	0	0
-23.75	0	0
-22.5	0	0
-21.25	0	0
-20	0	0
-18.75	0	0
-17.5	0	0
-16.25	0	0
-15	0	0
-13.75	0	0
-12.5	0	0
-11.25	0	0
-10	0	0
-8.75	0	0
-7.5	0	0
-6.25	0	0
-5	0	0
-3.75	0	0
-2.5	0	0
-1.25	0	0
0	0	0
1.25	0	0
2.5	0	0
3.75	0	0
5	0	0
6.25	0	0
7.5	0	0
8.75	0	0
10	0	0
11.25	0	0
12.5	0	0
13.75	0	0
15	0	0
16.25	0	0
17.5	0	0
18.75	0	0
20	0	0
21.25	0	0
22.5	0	0
23.75	0	0
25	0	0
26.25	0	0
27.5	0	0
28.75	0	0
30	0	0
31.25	0	0
32.5	0	0
33.75	0	0
35	0	0
36.25	0	0
37.5	0	0
38.75	0	0
40	0	0
41.25	0	0
42.5	0	0
43.75	0	0
45	0	0
46.25	0	0
47.5	0	0
48.75	0	0
50	0	0
51.25	0	0
52.5	0	0
53.75	0	0
55	0	0
56.25	0	0
57.5	0	0
58.75	0	0
60	0	0
61.25	0	0
62.5	0	0
63.75	0	0
65	0	0
66.25	0	0
67.5	0	0
68.75	0	0
70	0	0
71.25	0	0
72.5	0	0
73.75	0	0
75	0	0
76.25	0	0
77.5	0	0
78.75	0	0
80	0	0
81.25	0	0
82.5	0	0
83.75	0	0
85	0	0
86.25	0	0
87.5	0	0
88.75	0	0
90	0	0
91.25	0	0
92.5	0	0
93.75	0	0
95	0	0
96.25	0	0
97.5	0	0
98.75	0	0
100	0	0
101.25	0	0
102.5	0	0
103.75	0	0
105	0	0
106.25	0	0
107.5	0	0
108.75	0	0
110	0	0
111.25	0	0
112.5	0	0
113.75	0	0
115	0	0
116.25	0	0
117.5	0	0
118.75	0	0
120	0	0
121.25	0	0
122.5	0	0
123.75	0	0
125	0	0
126.25	0	0
127.5	0	0
128.75	0	0
130	0	0
131.25	0	0
132.5	0	0
133.75	0	0
135	0	0
136.25	0	0
137.5	0	0
138.75	0	0
140	0	0
141.25	0	0
142.5	0	0
143.75	0	0
145	0	0
146.25	0	0
147.5	0	0
148.75	0	0
150	0	0
151.25	0	0
152.5	0	0
153.75	0	0
155	0	0
156.25	0	0
157.5	0	0
158.75	0	0
161.25	0	0
164.25	0	0
167.85	0	0
172.17	0	0
177.354	0	0
183.575	0	0
191.04	0	0
199.998	0	0
210.747	0	0
223.647	0	0
239.126	0	0
257.701	0	0
279.992	0	0
306.74	0	0
338.838	0	0
377.355	0	0
423.576	0	0
479.042	0	0
545.6	0	0
625.47	0	0
721.314	0	0
836.327	0	0
974.342	0	0
1139.96	0	0
1338.7	0	0
1577.19	0	0
1863.38	0	0
2206.81	0	0
-2208.06	-4856.36	0
2206.81	-4856.36	0
-0.625	-4414.87	0
-0.625	-4856.36	0
-159.375	-2.00447	0
-64.375	-2.00447	0
31.875	-2.00447	0
126.875	-2.00447	0
-113.125	-2.00447	0
-136.875	-2.00447	0
-148.125	-2.00447	0
-154.375	-2.00447	0
-156.875	-2.00447	0
-16.875	-2.00447	0
-40.625	-2.00447	0
-53.125	-2.00447	0
-59.375	-2.00447	0
-61.875	-2.00447	0
-65.625	-1.29455	0
-71.875	-2.00447	0
79.375	-2.00447	0
55.625	-2.00447	0
43.125	-2.00447	0
36.875	-2.00447	0
34.375	-2.00447	0
33.125	-1.29455	0
30.625	-1.29455	0
24.375	-2.00447	0
158.125	-2.00447	0
141.875	-2.00447	0
133.125	-2.00447	0
129.375	-2.00447	0
128.125	-1.29455	0
125.625	-1.29455	0
119.375	-2.00447	0
-114.375	-1.29455	0
-120.625	-2.00447	0
-93.125	-2.00447	0
-103.125	-2.00447	0
-109.375	-2.00447	0
-111.875	-1.29455	0
-138.125	-1.29455	0
-129.375	-2.00447	0
-133.125	-2.00447	0
-135.625	-1.29455	0
-149.375	-1.29455	0
-143.125	-2.00447	0
-145.625	-2.00447	0
-146.875	-1.29455	0
-155.625	-1.29455	0
-151.875	-2.00447	0
-153.125	-1.29455	0
-158.125	-1.29455	0
-18.125	-1.29455	0
-24.375	-2.00447	0
3.125	-2.00447	0
-6.875	-2.00447	0
-13.125	-2.00447	0
-15.625	-1.29455	0
-41.875	-1.29455	0
-33.125	-2.00447	0
-36.875	-2.00447	0
-39.375	-1.29455	0
-54.375	-1.29455	0
-48.125	-2.00447	0
-50.625	-2.00447	0
-51.875	-1.29455	0
-60.625	-1.29455	0
-56.875	-2.00447	0
-58.125	-1.29455	0
-63.125	-1.29455	0
-66.875	-1.09989	0
-69.375	-2.00447	0
-70.625	-1.29455	0
-73.125	-1.29455	0
-79.375	-2.00447	0
99.375	-2.00447	0
89.375	-2.00447	0
83.125	-2.00447	0
80.625	-1.29455	0
78.125	-1.29455	0
71.875	-2.00447	0
63.125	-2.00447	0
59.375	-2.00447	0
56.875	-1.29455	0
54.375	-1.29455	0
48.125	-2.00447	0
45.625	-2.00447	0
44.375	-1.29455	0
41.875	-1.29455	0
39.375	-2.00447	0
38.125	-1.29455	0
35.625	-1.29455	0
29.375	-1.09989	0
26.875	-2.00447	0
25.625	-1.29455	0
23.125	-1.29455	0
16.875	-2.00447	0
156.875	-1.29455	0
150.625	-2.00447	0
145.625	-2.00447	0
143.125	-1.29455	0
140.625	-1.29455	0
136.875	-2.00447	0
134.375	-1.29455	0
131.875	-1.29455	0
124.375	-1.09989	0
121.875	-2.00447	0
120.625	-1.29455	0
118.125	-1.29455	0
111.875	-2.00447	0
-115.625	-1.09989	0
-118.125	-2.00447	0
-119.375	-1.29455	0
-121.875	-1.29455	0
-86.875	-2.00447	0
-90.625	-2.00447	0
-91.875	-1.29455	0
-94.375	-1.29455	0
-99.375	-2.00447	0
-101.875	-1.29455	0
-104.375	-1.29455	0
-106.875	-2.00447	0
-108.125	-1.29455	0
-110.625	-1.09989	0
-139.375	-1.09989	0
-125.625	-2.00447	0
-128.125	-1.29455	0
-130.625	-1.29455	0
-134.375	-1.09989	0
-150.625	-1.09989	0
-141.875	-1.29455	0
-144.375	-1.29455	0
-19.375	-1.09989	0
-21.875	-2.00447	0
-23.125	-1.29455	0
-25.625	-1.29455	0
9.375	-2.00447	0
5.625	-2.00447	0
4.375	-1.29455	0
1.875	-1.29455	0
-3.125	-2.00447	0
-5.625	-1.29455	0
-8.125	-1.29455	0
-10.625	-2.00447	0
-11.875	-1.29455	0
-14.375	-1.09989	0
-43.125	-1.09989	0
-29.375	-2.00447	0
-31.875	-1.29455	0
-34.375	-1.29455	0
-38.125	-1.09989	0
-55.625	-1.09989	0
-45.625	-2.00447	0
-46.875	-1.29455	0
-49.375	-1.29455	0
-68.125	-1.08267	0
-66.5621	-3.20169	0
-74.375	-1.09989	0
-76.875	-2.00447	0
-78.125	-1.29455	0
-80.625	-1.29455	0
105.625	-2.00447	0
101.875	-2.00447	0
100.625	-1.29455	0
98.125	-1.29455	0
93.125	-2.00447	0
90.625	-1.29455	0
88.125	-1.29455	0
85.625	-2.00447	0
84.375	-1.29455	0
81.875	-1.09989	0
76.875	-1.09989	0
74.375	-2.00447	0
73.125	-1.29455	0
70.625	-1.29455	0
66.875	-2.00447	0
64.375	-1.29455	0
61.875	-1.29455	0
58.125	-1.09989	0
53.125	-1.09989	0
50.625	-2.00447	0
49.375	-1.29455	0
46.875	-1.29455	0
40.625	-1.09989	0
28.125	-1.08267	0
29.6879	-3.20169	0
21.875	-1.09989	0
19.375	-2.00447	0
18.125	-1.29455	0
15.625	-1.29455	0
155.625	-1.09989	0
153.125	-2.00447	0
151.875	-1.29455	0
149.375	-1.29455	0
146.875	-1.29455	0
144.375	-1.09989	0
139.375	-1.09989	0
135.625	-1.09989	0
130.625	-1.09989	0
123.125	-1.08267	0
124.688	-3.20169	0
116.875	-1.09989	0
114.375	-2.00447	0
113.125	-1.29455	0
110.625	-1.29455	0
-116.875	-1.08267	0
-115.312	-3.20169	0
-123.125	-1.09989	0
-84.375	-2.00447	0
-85.625	-1.29455	0
-88.125	-1.29455	0
-95.625	-1.09989	0
-98.125	-1.29455	0
-100.625	-1.09989	0
-105.625	-1.09989	0
-110.983	-2.91077	0
-140.625	-1.08267	0
-139.062	-3.20169	0
-126.875	-1.09989	0
-131.875	-1.09989	0
-134.733	-2.91077	0
-150.267	-2.91077	0
-20.625	-1.08267	0
-19.0621	-3.20169	0
-26.875	-1.09989	0
11.875	-2.00447	0
10.625	-1.29455	0
8.125	-1.29455	0
0.625	-1.09989	0
-1.875	-1.29455	0
-4.375	-1.09989	0
-9.375	-1.09989	0
-14.7332	-2.91077	0
-44.375	-1.08267	0
-42.8121	-3.20169	0
-30.625	-1.09989	0
-35.625	-1.09989	0
-38.4832	-2.91077	0
-55.2668	-2.91077	0
-67.5162	-2.26952	0
-75.625	-1.08267	0
-74.0621	-3.20169	0
-81.875	-1.09989	0
108.125	-2.00447	0
106.875	-1.29455	0
104.375	-1.29455	0
96.875	-1.09989	0
94.375	-1.29455	0
91.875	-1.09989	0
86.875	-1.09989	0
81.5168	-2.91077	0
75.625	-1.08267	0
77.1879	-3.20169	0
69.375	-1.09989	0
65.625	-1.09989	0
60.625	-1.09989	0
57.7668	-2.91077	0
51.875	-1.08267	0
53.4379	-3.20169	0
40.9832	-2.91077	0
28.7338	-2.26952	0
20.625	-1.08267	0
22.1879	-3.20169	0
14.375	-1.09989	0
154.375	-1.08267	0
155.938	-3.20169	0
148.125	-1.09989	0
144.017	-2.91077	0
138.125	-1.08267	0
139.688	-3.20169	0
135.267	-2.91077	0
130.983	-2.91077	0
123.734	-2.26952	0
115.625	-1.08267	0
117.188	-3.20169	0
109.375	-1.09989	0
-116.266	-2.26952	0
-124.375	-1.08267	0
-122.812	-3.20169	0
-89.375	-1.09989	0
-96.875	-1.08267	0
-95.3121	-3.20169	0
-100.983	-2.91077	0
-105.267	-2.91077	0
-140.016	-2.26952	0
-127.233	-2.91077	0
-131.517	-2.91077	0
-20.0162	-2.26952	0
-28.125	-1.08267	0
-26.5621	-3.20169	0
6.875	-1.09989	0
-0.625	-1.08267	0
0.937855	-3.20169	0
-4.73316	-2.91077	0
-9.01684	-2.91077	0
-43.7662	-2.26952	0
-30.9832	-2.91077	0
-35.2668	-2.91077	0
-68.534	-4.26556	0
-75.0162	-2.26952	0
-83.125	-1.08267	0
-81.5621	-3.20169	0
103.125	-1.09989	0
95.625	-1.08267	0
97.1879	-3.20169	0
91.5168	-2.91077	0
87.2332	-2.91077	0
76.2338	-2.26952	0
68.125	-1.08267	0
69.6879	-3.20169	0
65.2668	-2.91077	0
60.9832	-2.91077	0
52.4838	-2.26952	0
27.716	-4.26556	0
21.2338	-2.26952	0
13.125	-1.08267	0
14.6879	-3.20169	0
154.984	-2.26952	0
147.812	-3.20169	0
138.734	-2.26952	0
122.716	-4.26556	0
116.234	-2.26952	0
109.733	-2.91077	0
-117.284	-4.26556	0
-123.766	-2.26952	0
-89.0168	-2.91077	0
-96.2662	-2.26952	0
-141.034	-4.26556	0
-21.034	-4.26556	0
-27.5162	-2.26952	0
7.23316	-2.91077	0
-0.016236	-2.26952	0
-44.784	-4.26556	0
-76.034	-4.26556	0
-82.5162	-2.26952	0
103.483	-2.91077	0
96.2338	-2.26952	0
75.216	-4.26556	0
68.7338	-2.26952	0
51.466	-4.26556	0
20.216	-4.26556	0
13.7338	-2.26952	0
153.966	-4.26556	0
148.587	-2.24287	0
137.716	-4.26556	0
115.216	-4.26556	0
-124.784	-4.26556	0
-97.284	-4.26556	0
-28.534	-4.26556	0
-1.03398	-4.26556	0
-83.534	-4.26556	0
95.216	-4.26556	0
67.716	-4.26556	0
12.716	-4.26556	0
149.737	-3.96508	0
33.125	-2.74999	0
128.125	-2.74999	0
-146.875	-2.74999	0
-155.625	-2.74999	0
-153.125	-2.74999	0
-158.125	-2.74999	0
-51.875	-2.74999	0
-60.625	-2.74999	0
-58.125	-2.74999	0
-63.125	-2.74999	0
-70.625	-2.74999	0
44.375	-2.74999	0
38.125	-2.74999	0
35.625	-2.74999	0
25.625	-2.74999	0
120.625	-2.74999	0
-119.375	-2.74999	0
-91.875	-2.74999	0
-108.125	-2.74999	0
-144.375	-2.74999	0
-23.125	-2.74999	0
4.375	-2.74999	0
-11.875	-2.74999	0
-46.875	-2.74999	0
-49.375	-2.74999	0
-78.125	-2.74999	0
100.625	-2.74999	0
84.375	-2.74999	0
73.125	-2.74999	0
49.375	-2.74999	0
46.875	-2.74999	0
18.125	-2.74999	0
151.875	-2.74999	0
113.125	-2.74999	0
-85.625	-2.74999	0
10.625	-2.74999	0
106.875	-2.74999	0
-141.802	-2.87844	0
-98.052	-2.87844	0
-1.80205	-2.87844	0
94.448	-2.87844	0
31.5394	-3.98781	0
129.508	-3.64826	0
126.539	-3.98781	0
-148.512	-4.07398	0
-154.375	-3.42515	0
-151.742	-3.64826	0
-156.875	-3.42515	0
-159.945	-4.38169	0
-53.512	-4.07398	0
-59.375	-3.42515	0
-56.7419	-3.64826	0
-61.875	-3.42515	0
-64.7106	-3.98781	0
-72.2106	-3.98781	0
42.738	-4.07398	0
39.5081	-3.64826	0
34.375	-3.42515	0
36.875	-3.42515	0
24.0394	-3.98781	0
119.039	-3.98781	0
-120.961	-3.98781	0
-90.4919	-3.64826	0
-93.4606	-3.98781	0
-109.508	-3.64826	0
-106.742	-3.64826	0
-145.625	-3.42515	0
-24.7106	-3.98781	0
5.75807	-3.64826	0
2.78942	-3.98781	0
-13.2581	-3.64826	0
-10.4919	-3.64826	0
-50.625	-3.42515	0
-48.125	-3.42515	0
-79.7106	-3.98781	0
102.008	-3.64826	0
99.0394	-3.98781	0
82.9919	-3.64826	0
85.7581	-3.64826	0
71.5394	-3.98781	0
45.625	-3.42515	0
48.125	-3.42515	0
16.5394	-3.98781	0
111.488	-4.07398	0
-87.262	-4.07398	0
8.98803	-4.07398	0
108.258	-3.64826	0
105.238	-4.07398	0
-143.119	-3.4344	0
-99.5093	-3.64606	0
-3.25931	-3.64606	0
92.9907	-3.64606	0
131.428	-5.64493	0
128.082	-4.32968	0
-153.119	-4.25517	0
-150.249	-4.78972	0
-155.625	-4.2447	0
-158.238	-4.4548	0
-58.1193	-4.25517	0
-55.2493	-4.78972	0
-60.625	-4.2447	0
-63.1696	-4.32728	0
41.0007	-4.78972	0
33.0804	-4.32728	0
38.1307	-4.25517	0
35.625	-4.2447	0
-91.9177	-4.32968	0
-111.428	-5.64493	0
-104.822	-5.64493	0
-146.933	-4.35218	0
4.33226	-4.32968	0
-15.1782	-5.64493	0
-8.57177	-5.64493	0
-51.9331	-4.35218	0
-49.375	-4.2447	0
-46.6566	-4.64898	0
100.582	-4.32968	0
81.0718	-5.64493	0
87.6782	-5.64493	0
44.3169	-4.35218	0
46.875	-4.2447	0
49.5934	-4.64898	0
-88.9993	-4.78972	0
7.25066	-4.78972	0
109.751	-4.78972	0
106.817	-4.35266	0
103.501	-4.78972	0
-144.375	-4.24424	0
126.763	-6.63281	0
129.537	-5.5418	0
-151.831	-5.31181	0
-156.894	-4.8174	0
-155.341	-6.56622	0
-158.148	-6.79184	0
-56.8314	-5.31181	0
-64.4845	-6.62861	0
31.7655	-6.62861	0
39.4186	-5.31181	0
-93.2374	-6.63281	0
-101.425	-5.64183	0
-148.169	-6.74499	0
3.01264	-6.63281	0
-5.17531	-5.64183	0
-53.1686	-6.74499	0
-50.6329	-4.80031	0
-51.7591	-5.95743	0
-49.113	-6.5397	0
-48.0774	-4.86082	0
99.2626	-6.63281	0
91.0747	-5.64183	0
43.0814	-6.74499	0
45.6171	-4.80031	0
44.4909	-5.95743	0
47.137	-6.5397	0
48.1726	-4.86082	0
-90.576	-5.30478	0
5.67401	-5.30478	0
108.175	-5.30367	0
105.581	-6.74585	0
101.924	-5.30478	0
-145.633	-4.80027	0
-146.759	-5.95743	0
-144.112	-6.53909	0
-153.537	-6.07737	0
-59.1698	-6.84886	0
37.0802	-6.84886	0
-150.389	-7.02345	0
-55.3893	-7.02345	0
-51.2009	-8.61153	0
-47.0874	-6.63037	0
40.8607	-7.02345	0
45.0491	-8.61153	0
49.1626	-6.63037	0
-88.9617	-7.57552	0
7.28827	-7.57552	0
109.787	-7.57361	0
103.358	-7.02503	0
-142.849	-5.23197	0
-146.201	-8.61155	0
-133.125	-3.88438	0
-36.875	-3.88438	0
59.375	-3.88438	0
145.824	-4.23741	0
130.317	-8.62564	0
-153.655	-9.21523	0
-45.4133	-5.95678	0
50.8367	-5.95678	0
-87.4181	-6.16153	0
8.83192	-6.16153	0
111.332	-6.16131	0
-141.385	-7.91119	0
-130.76	-5.97638	0
-39.2403	-5.97638	0
-34.5097	-5.97638	0
57.0097	-5.97638	0
61.7403	-5.97638	0
-42.5414	-6.06272	0
53.7086	-6.06272	0
-135.49	-5.97638	0
-45.1702	-8.97808	0
51.0798	-8.97808	0
-161.25	-1.48943	0
-164	-2.52812	0
160	-1.48943	0
162.75	-2.52812	0
159.888	-4.75365	0
141.968	-4.76987	0
-70.4123	-4.65683	0
-68.8457	-7.47327	0
-72.3843	-7.20595	0
25.8377	-4.65683	0
27.4043	-7.47327	0
23.8657	-7.20595	0
120.838	-4.65683	0
122.404	-7.47327	0
118.866	-7.20595	0
-119.162	-4.65683	0
-121.134	-7.20595	0
-117.596	-7.47327	0
-22.9123	-4.65683	0
-24.8843	-7.20595	0
-21.3457	-7.47327	0
-77.9123	-4.65683	0
-79.8843	-7.20595	0
-76.3457	-7.47327	0
73.3377	-4.65683	0
71.3657	-7.20595	0
74.9043	-7.47327	0
18.3377	-4.65683	0
16.3657	-7.20595	0
19.9043	-7.47327	0
113.326	-4.67269	0
114.924	-7.49962	0
-85.4238	-4.67269	0
-83.826	-7.49962	0
10.8262	-4.67269	0
12.424	-7.49962	0
133.397	-4.34669	0
124.82	-5.46487	0
-66.4305	-5.46517	0
29.8195	-5.46517	0
-95.1804	-5.46487	0
-98.9845	-6.06748	0
1.06963	-5.46487	0
-2.73451	-6.06748	0
97.3196	-5.46487	0
93.5155	-6.06748	0
-53.9465	-9.53548	0
-48.2314	-9.51616	0
42.3035	-9.53548	0
48.0186	-9.51616	0
104.917	-10.4492	0
101.264	-7.31316	0
-148.947	-9.53547	0
147.898	-5.79326	0
-138.644	-6.33519	0
-129.096	-4.32906	0
-32.846	-4.32906	0
63.404	-4.32906	0
156.658	-6.89561	0
139.713	-5.6068	0
-73.9486	-5.50776	0
22.3014	-5.50776	0
117.301	-5.50776	0
-122.699	-5.50776	0
-115.019	-6.10471	0
-26.4486	-5.50776	0
-18.7688	-6.10471	0
-81.4486	-5.50776	0
69.8014	-5.50776	0
77.4812	-6.10471	0
14.8014	-5.50776	0
112.374	-8.85292	0
-86.3745	-8.85041	0
9.87551	-8.85041	0
134.494	-8.15219	0
135.574	-5.24676	0
124.73	-7.81387	0
-66.5165	-7.81824	0
29.7335	-7.81824	0
-96.0817	-9.16459	0
0.168256	-9.16459	0
96.4183	-9.16459	0
102.622	-9.42722	0
-127.286	-7.82059	0
-126.926	-5.24668	0
-31.0362	-7.82059	0
-30.676	-5.24668	0
65.2138	-7.82059	0
65.574	-5.24668	0
137.533	-6.6947	0
127.284	-9.8695	0
-63.5928	-10.4819	0
32.6572	-10.4819	0
99.3661	-9.61274	0
-124.123	-8.3892	0
-27.8727	-8.3892	0
68.3773	-8.3892	0
123.021	-11.3733	0
-68.2343	-11.3809	0
28.0157	-11.3809	0
-125.089	-6.42925	0
-28.8386	-6.42925	0
67.4114	-6.42925	0
151.783	-5.07678	0
153.791	-7.13718	0
-108.125	-6.89997	0
-113.291	-4.29751	0
-11.875	-6.89997	0
-17.0411	-4.29751	0
84.375	-6.89997	0
79.2089	-4.29751	0
-61.8215	-6.622	0
34.4285	-6.622	0
-156.542	-9.19192	0
-40.7947	-4.29093	0
55.4553	-4.29093	0
-137.045	-4.29093	0
144.416	-8.27481	0
-100.887	-9.76866	0
-4.63746	-9.76866	0
91.6125	-9.76866	0
102.131	-13.6189	0
-60.7287	-9.45988	0
35.5213	-9.45988	0
141.718	-7.55253	0
139.475	-7.8577	0
137.082	-9.65056	0
141.086	-11.3016	0
-40.7791	-10.2946	0
55.4709	-10.2946	0
-167.3	-2.77704	0
-162.911	-8.46956	0
166.05	-2.77704	0
-51.0921	-13.4763	0
45.1579	-13.4763	0
-146.092	-13.4763	0
-137.487	-11.5176	0
109.167	-12.0843	0
-82.9342	-12.2616	0
13.3158	-12.2616	0
-89.7125	-12.3618	0
6.53751	-12.3618	0
-120.731	-12.5898	0
-24.4811	-12.5898	0
71.7689	-12.5898	0
115.819	-12.2647	0
150.395	-8.4385	0
-114.113	-10.9213	0
-17.8627	-10.9213	0
78.3873	-10.9213	0
97.1791	-14.0791	0
-57.3412	-9.81484	0
38.9088	-9.81484	0
133.385	-13.0507	0
-171.26	-3.37193	0
-159.82	-9.64689	0
-165.408	-5.85657	0
170.01	-3.37193	0
164.06	-7.16457	0
-45.8379	-14.156	0
50.4121	-14.156	0
-155.136	-13.8337	0
-136.785	-8.64033	0
-126.616	-13.1778	0
-30.3663	-13.1778	0
65.8837	-13.1778	0
155.612	-11.6135	0
-60.5218	-14.5637	0
35.7282	-14.5637	0
129.984	-12.1329	0
-157.808	-12.1091	0
-132.522	-11.2057	0
-162.762	-14.1043	0
-133.772	-8.45789	0
-158.853	-16.6606	0
-130.939	-8.82767	0
-129.368	-11.5896	0
-131.561	-16.4553	0
-129.253	-14.5684	0
-127.381	-19.2126	0
-126.689	-16.2344	0
-122.259	-18.8329	0
-123.484	-14.7818	0
-73.9865	-12.9487	0
22.2635	-12.9487	0
-105.111	-9.85918	0
-8.86063	-9.85918	0
87.3894	-9.85918	0
-78.4316	-11.5301	0
17.8184	-11.5301	0
-92.6132	-10.1977	0
3.63676	-10.1977	0
-110.902	-9.23383	0
-14.6518	-9.23383	0
81.5982	-9.23383	0
-55.3259	-13.5387	0
40.9241	-13.5387	0
-168.862	-5.85729	0
160.292	-8.86933	0
-34.968	-11.0327	0
61.282	-11.0327	0
126.278	-13.8116	0
-120.252	-16.0156	0
-96.0041	-15.2431	0
0.245878	-15.2431	0
-109.801	-15.2265	0
-13.5512	-15.2265	0
82.6988	-15.2265	0
-174.046	-8.46004	0
-167.134	-10.0052	0
130.294	-17.7465	0
-116.906	-13.8018	0
-92.9293	-13.6474	0
3.3207	-13.6474	0
-116.738	-20.6426	0
-91.9079	-19.376	0
4.3421	-19.376	0
-90.0855	-16.0957	0
6.16449	-16.0957	0
-85.7366	-20.6582	0
-86.2897	-14.5893	0
10.5134	-20.6582	0
9.96033	-14.5893	0
147.231	-14.7188	0
137.643	-13.97	0
-176.012	-4.03819	0
174.762	-4.03819	0
-65.1541	-14.8527	0
31.0959	-14.8527	0
-152.462	-21.2081	0
-53.1089	-20.2966	0
43.1411	-20.2966	0
164.91	-14.0587	0
120.74	-17.8151	0
-102.857	-16.4408	0
-6.60701	-16.4408	0
89.6456	-16.5643	0
-164.907	-21.6498	0
-78.3842	-19.0551	0
17.8658	-19.0551	0
134.7	-17.2819	0
142.277	-16.3938	0
-70.0415	-16.0865	0
26.2085	-16.0865	0
-62.3745	-22.1364	0
33.8755	-22.1364	0
-82.3004	-16.7576	0
13.9496	-16.7576	0
133.242	-24.5799	0
-150.611	-13.7449	0
-148.07	-18.3361	0
-36.1069	-19.4844	0
60.1431	-19.4844	0
-124.211	-27.2358	0
-181.714	-4.8475	0
180.465	-4.8475	0
171.419	-10.6048	0
100.393	-21.7895	0
-66.5645	-19.5632	0
29.6855	-19.5632	0
147.44	-23.5009	0
-140.394	-18.6284	0
-72.595	-22.1173	0
23.655	-22.1173	0
-145.661	-26.8137	0
-133.893	-24.5365	0
-67.4916	-25.7706	0
28.7584	-25.7706	0
-19.8049	-17.1778	0
76.4451	-17.1778	0
112.271	-20.3663	0
-98.4037	-21.7178	0
-2.15366	-21.7178	0
-169.024	-16.402	0
-188.558	-5.81674	0
187.308	-5.81674	0
176.927	-9.27515	0
-80.0298	-29.1695	0
16.2202	-29.1695	0
-59.1054	-32.1591	0
37.1446	-32.1591	0
-26.7543	-19.5837	0
69.4957	-19.5837	0
82.701	-26.2304	0
-13.549	-26.2304	0
-175.381	-25.6273	0
183.138	-10.6102	0
-73.433	-28.679	0
-90.8783	-29.9133	0
22.817	-28.679	0
5.37168	-29.9133	0
192.91	-14.8989	0
176.305	-18.7737	0
-75.945	-39.5028	0
-67.1412	-34.0092	0
20.305	-39.5028	0
29.1088	-34.0092	0
-107.899	-24.8129	0
125.56	-23.8414	0
-196.769	-6.98	0
195.519	-6.98	0
75.1735	-24.7445	0
-21.0765	-24.7445	0
-183.582	-16.3054	0
118.217	-24.7738	0
64.7024	-30.5608	0
-31.5476	-30.5608	0
108.176	-32.1055	0
76.5545	-37.5583	0
-19.6955	-37.5583	0
128.217	-36.5288	0
122.745	-31.0527	0
115.458	-31.5359	0
112.73	-43.4967	0
120.095	-39.1721	0
-158.05	-34.917	0
-60.1566	-45.9702	0
36.0934	-45.9702	0
-206.623	-8.37583	0
206.913	-15.1238	0
-191.629	-13.6984	0
123.348	-53.1447	0
203.834	-7.38871	0
-200.623	-15.2535	0
126.498	-45.0465	0
212.389	-8.46408	0
-191.786	-27.9064	0
-214.651	-21.4359	0
137.909	-54.1475	0
220.33	-20.5748	0
137.584	-42.8512	0
-44.451	-23.1731	0
-51.1117	-28.7531	0
-51.166	-39.709	0
-41.6631	-33.2663	0
51.799	-23.1731	0
45.1383	-28.7531	0
45.084	-39.709	0
54.5869	-33.2663	0
157.872	-21.9195	0
-133.381	-41.4105	0
-4.79388	-31.6949	0
-115.533	-29.5405	0
-122.526	-38.3792	0
-104.135	-39.4181	0
-218.447	-10.051	0
-45.621	-57.2568	0
-32.7859	-46.1943	0
50.629	-57.2568	0
63.4641	-46.1943	0
167.641	-23.5851	0
155.192	-39.4382	0
3.14583	-47.1053	0
-100.712	-30.7483	0
-95.1479	-37.9557	0
-97.2966	-53.0987	0
-85.4823	-37.9325	0
161.281	-31.4054	0
147.757	-48.2112	0
-123.092	-57.3014	0
-90.2949	-46.3683	0
171.118	-45.1865	0
-83.003	-60.9613	0
178.493	-32.9191	0
94.1951	-34.56	0
-232.636	-12.0617	0
160.001	-51.0499	0
150.551	-63.984	0
174.962	-65.9447	0
102.568	-65.3465	0
-15.1262	-58.7238	0
204.88	-39.3647	0
-249.663	-14.4733	0
129.02	-76.996	0
81.3796	-59.1114	0
199.723	-26.7266	0
188.905	-47.5294	0
-179.929	-53.0739	0
248.413	-27.3574	0
25.2623	-74.9223	0
-63.6779	-65.5082	0
-102.758	-79.9509	0
-30.5549	-61.76	0
-44.9756	-82.5519	0
-17.9718	-84.9831	0
-237.283	-40.5716	0
-270.096	-17.3686	0
65.7825	-61.8614	0
50.8218	-83.8588	0
77.9908	-85.4975	0
209.985	-69.0648	0
-152.232	-64.8916	0
22.2381	-57.2889	0
3.9971	-69.4933	0
268.846	-19.0389	0
-78.5477	-85.3666	0
-257.306	-34.0847	0
-294.616	-20.8425	0
7.94029	-98.41	0
293.366	-20.611	0
-257.697	-69.4372	0
-279.685	-37.9567	0
271.969	-55.964	0
159.67	-103.393	0
229.556	-43.907	0
-210.266	-49.5738	0
-324.039	-25.0103	0
322.789	-25.0584	0
-99.3375	-121.482	0
-306.072	-45.907	0
105.66	-94.1815	0
-131.384	-85.1984	0
61.7786	-128.246	0
243.625	-75.0426	0
-230.975	-66.6837	0
-198.913	-84.4022	0
-239.92	-110.911	0
-359.347	-30.0125	0
303.808	-51.0823	0
358.096	-30.003	0
-26.5468	-133.249	0
-285.745	-65.609	0
131.609	-104.983	0
84.715	-112.496	0
-165.318	-99.1816	0
-337.797	-55.011	0
-33.5749	-107.105	0
-276.428	-102.012	0
148.189	-149.186	0
110.013	-120.294	0
89.0462	-143.38	0
132.911	-129.706	0
156.503	-126.935	0
113.454	-144.483	0
188.029	-151.392	0
99.4814	-183.07	0
187.785	-119.159	0
-314.816	-75.2651	0
-60.0419	-104.471	0
54.3776	-173.712	0
-358.785	-101.99	0
-401.716	-36.0148	0
295.717	-104.579	0
400.466	-36.0167	0
336.588	-55.0571	0
-136.18	-121.728	0
-198.756	-129.617	0
221.133	-103.972	0
-375.854	-66.0302	0
316.881	-80.4197	0
374.607	-65.937	0
-117.364	-180.684	0
-272.444	-165.004	0
215.163	-135.069	0
227.77	-186.743	0
258.238	-127.218	0
348.652	-84.7679	0
328.723	-112.144	0
301.273	-156.12	0
391.827	-116.974	0
360.303	-114.192	0
342.057	-151.022	0
373.583	-143.705	0
425.57	-159.594	0
369.553	-197.917	0
-65.8021	-145.057	0
-452.559	-43.2185	0
451.309	-43.2181	0
164.573	-214.174	0
420.01	-79.0418	0
326.431	-191.692	0
-27.2382	-202.102	0
-424.983	-111.38	0
276.545	-200.29	0
-414.639	-73.2993	0
338.01	-263.954	0
-453.398	-83.217	0
-517.119	-61.8727	0
-484.352	-142.864	0
18.3198	-143.174	0
-317.612	-120.199	0
-367.398	-177.119	0
512.321	-51.8623	0
61.9223	-250.718	0
230.433	-271.73	0
475.018	-95.5165	0
585.535	-62.2339	0
540.858	-114.013	0
459.014	-268.584	0
-586.785	-57.2691	0
-429.918	-173.794	0
-506.733	-245.619	0
-403.99	-275.711	0
673.392	-74.6811	0
492.406	-160.052	0
-556.265	-124.834	0
-674.642	-75.9754	0
619.763	-136.93	0
562.831	-185.653	0
669.427	-252.585	0
-199.849	-221.756	0
140.293	-308.416	0
778.821	-89.6173	0
-780.071	-89.3739	0
714.468	-164.296	0
-309.238	-254.791	0
-503.616	-425.421	0
-60.6181	-369.385	0
244.192	-434.619	0
905.335	-107.541	0
-906.584	-107.59	0
-705.871	-251.737	0
-323.067	-417.192	0
44.9711	-355.817	0
-92.4232	-276.067	0
828.112	-197.159	0
13.9339	-531.921	0
135.468	-418.259	0
-197.204	-363.858	0
393.188	-405.405	0
1057.15	-129.048	0
-1058.4	-129.039	0
-827.395	-209.137	0
167.567	-574.388	0
964.484	-236.589	0
-185.733	-566.105	0
575.495	-408.869	0
-965.933	-235.523	0
350.839	-583.974	0
2206.81	-2048	0
1183.27	-331.417	0
-834.945	-425.31	0
-2208.06	-2428.18	0
833.068	-435.557	0
-1182.92	-330.559	0
1239.33	-154.858	0
-1240.58	-154.86	0
-403.854	-629.48	0
22.6525	-799.517	0
2206.81	-1024	0
1457.95	-185.829	0
-1459.2	-185.828	0
248.405	-785.628	0
-669.35	-632.863	0
-231.255	-816.474	0
1720.29	-222.997	0
-2208.06	-1214.09	0
157.801	-1154.58	0
622.988	-849.062	0
-532.899	-921.744	0
-1721.54	-222.997	0
-88.4692	-1045.07	0
-1084.97	-794.629	0
1529.51	-625.094	0
2206.81	-512	0
-2208.06	-607.045	0
-140.95	-1494.74	0
-1530.76	-625.094	0
2206.81	-256	0
1953.75	-384	0
-2208.06	-303.522	0
1918.42	-768	0
-1933.02	-455.283	0
-1876.52	-882.794	0
1119.43	-757.635	0
1652.1	-1358.45	0
-1104.34	-4856.36	0
1103.09	-4856.36	0
-1511.03	-1580.09	0
-1452.68	-1090.65	0
1430.24	-1018.61	0
956.616	-1267.1	0
-552.484	-4856.36	0
551.234	-4856.36	0
-920.044	-1402.35	0
482.524	-1741.05	0
-828.413	-3971.41	0
827.163	-3971.41	0
1214.24	-1998.9	0
-224.194	-2617.68	0
-987.909	-2248.08	0
604.361	-2562.46	0
-934.816	-3112.21	0
240.209	-3342.13	0
2206.81	-3452.18	0
1471.33	-2888.9	0
-2208.06	-3642.27	0
2206.81	-4154.27	0
1551.4	-3803.22	0
1694.81	-4856.36	0
1398.95	-4360.31	0
-159.375	-0.904795	0
-159.375	0	0
-160.393	-0.939591	0
-158.861	-1.45463	0
-158.634	-2.18235	0
-158.631	-0.740596	0
-159.29	-3.28202	0
-157.884	-2.02227	0
-157.917	-0.596796	0
-159.085	-0.452397	0
-159.582	-0.452397	0
-159.886	-0.865104	0
-161.25	0	0
-160.034	-1.61595	0
-159.663	-1.29942	0
-160.203	-0.466909	0
-160.625	0	0
-160.739	-0.526591	0
-160.933	-1.04063	0
-160.645	-1.58037	0
-161.336	-0.594738	0
-161.093	-2.50487	0
-161.875	0	0
-160.38	-2.28008	0
-162.188	-0.825222	0
-159.133	-2.62994	0
-159.774	-2.51828	0
-158.676	-3.08445	0
-160.442	-3.32744	0
-158.763	-3.86713	0
-158.014	-3.55381	0
-157.369	-2.59641	0
-157.389	-1.4548	0
-158.125	0	0
-159.104	-4.69921	0
-157.378	-2.08656	0
-156.626	-2.71481	0
-157.805	-1.59222	0
-157.713	-1.17255	0
-158.236	-1.73489	0
-157.099	-0.794501	0
-156.145	-3.28238	0
-156.104	-2.13307	0
-157.455	-0.475744	0
-156.875	0	0
-156.562	-0.516727	0
-156.493	-1.3081	0
-155.841	-0.600474	0
-156.378	-4.02974	0
-155.392	-3.49734	0
-155.325	-2.02227	0
-156.963	-1.24851	0
-156.443	-1.78856	0
-155.964	-1.65684	0
-156.24	-0.886977	0
-155.099	-0.750548	0
-155.625	0	0
-155.312	-0.3407	0
-157.102	-4.11829	0
-156.17	-4.72884	0
-154.84	-4.07951	0
-154.92	-2.94038	0
-155.683	-2.30041	0
-156.036	-2.57453	0
-155.261	-2.4744	0
-154.847	-2.1849	0
-154.858	-1.44765	0
-154.415	-2.60837	0
-153.734	-2.34967	0
-155.511	-0.87852	0
-155.205	-1.18633	0
-155.323	-1.59589	0
-154.828	-1.04728	0
-154.201	-1.29594	0
-154.375	0	0
-154.568	-0.538282	0
-157.566	-4.63653	0
-158.194	-5.62335	0
-157.418	-5.42391	0
-155.121	-5.36123	0
-153.982	-4.19605	0
-153.765	-3.06001	0
-153.082	-2.02227	0
-157.636	-6.18647	0
-156.411	-5.76382	0
-153.155	-3.5027	0
-152.473	-2.4232	0
-152.484	-1.62203	0
-156.921	-7.31061	0
-152.477	-3.84731	0
-151.748	-2.82147	0
-151.66	-0.985393	0
-152.474	-0.810837	0
-152.395	-4.68586	0
-152.524	-3.13512	0
-151.029	-3.22961	0
-150.972	-2.28252	0
-152.646	-0.410561	0
-150.957	-4.16849	0
-153.125	0	0
-152.89	-0.771313	0
-153.391	-0.860326	0
-152.717	-1.16349	0
-151.875	0	0
-152.259	-1.21933	0
-153.051	-0.399035	0
-153.438	-0.264168	0
-153.962	-0.56792	0
-152.047	-1.60227	0
-151.415	-1.56931	0
-153.663	-1.32561	0
-152.188	-0.341838	0
-151.696	-0.477149	0
-153.955	-1.73182	0
-151.104	-0.690447	0
-153.481	-1.7646	0
-150.625	0	0
-149.955	-0.905531	0
-150.082	-1.72096	0
-149.375	0	0
-150.421	-0.549947	0
-149.183	-2.41159	0
-148.395	-1.02444	0
-149.688	-0.438229	0
-149.062	-0.553379	0
-164	0	0
-157.475	-3.22116	0
-160.034	-5.88982	0
-154.504	-4.82497	0
-154.308	-5.67345	0
-153.607	-5.03911	0
-152.742	-5.56532	0
-151.628	-4.56147	0
-151.014	-5.13077	0
-151.197	-6.24055	0
-150.245	-5.82754	0
-150.049	-3.8483	0
-163.25	-0.755795	0
-154.343	-6.67766	0
-152.084	-6.16571	0
-149.358	-4.48709	0
-151.761	-7.6262	0
-148.381	-5.41472	0
-162.454	-2.1949	0
-159.851	-3.69291	0
-159.363	-4.1111	0
-148.821	-1.77426	0
-149.861	-2.36458	0
-149.565	-3.00812	0
-148.66	-3.16723	0
-147.649	-3.4674	0
-147.669	-1.35167	0
-147.322	-2.07939	0
-147.316	-0.709418	0
-147.785	-2.7029	0
-146.51	-2.02227	0
-146.601	-0.628819	0
-148.125	0	0
-146.054	-2.7062	0
-146.081	-1.35197	0
-146.428	-3.41655	0
-145.251	-2.71481	0
-145.231	-1.2433	0
-145.848	-0.636327	0
-146.034	-4.11037	0
-144.839	-3.38516	0
-144.79	-2.0187	0
-145.247	-4.11492	0
-144.019	-3.49717	0
-143.958	-2.0151	0
-144.898	-4.76275	0
-143.519	-4.19399	0
-143.613	-2.8454	0
-143.55	-1.29807	0
-145.205	-5.96043	0
-143.925	-5.22083	0
-142.863	-2.71843	0
-142.713	-1.27491	0
-143.96	-0.696691	0
-142.406	-3.2862	0
-142.251	-2.0885	0
-143.151	-0.585632	0
-144.677	-0.642173	0
-142.589	-4.19795	0
-141.677	-3.71524	0
-141.282	-2.06087	0
-140.672	-3.19255	0
-141.825	-4.53858	0
-140.992	-5.67006	0
-141.215	-1.39629	0
-140.626	-1.79176	0
-141.208	-0.697533	0
-140.625	0	0
-141.875	0	0
-140.312	-0.541334	0
-142.188	-0.647275	0
-140	-1.08267	0
-139.704	-1.68029	0
-139.375	0	0
-139.159	-2.34664	0
-139.04	-0.562977	0
-139.025	-1.68136	0
-138.307	-0.584051	0
-139.688	-0.541266	0
-138.278	-2.1781	0
-138.748	-1.11846	0
-140.723	-2.48973	0
-137.557	-0.770852	0
-137.413	-1.49676	0
-136.875	-0.433339	0
-137.564	-2.19553	0
-136.643	-1.2189	0
-137.947	-3.24378	0
-136.968	-3.00752	0
-161.884	-4.6508	0
-164.518	-1.26406	0
-155.021	-8.22327	0
-153.154	-7.43166	0
-147.934	-0.598112	0
-139.872	-4.05983	0
-135.866	-2.6035	0
-161.567	-3.54905	0
-138.552	-4.49398	0
-136.087	-3.70436	0
-163.067	-3.71361	0
-136.013	-4.89941	0
126.875	-0.904795	0
36.875	-0.904795	0
34.375	-0.904795	0
-135.625	-0.496402	0
133.125	-0.904795	0
141.875	-0.904795	0
141.875	0	0
141.139	-0.744713	0
140.625	0	0
140.312	-0.647275	0
141.356	-1.46287	0
140.726	-2.52794	0
142.389	-1.45463	0
142.936	-2.48135	0
142.619	-0.740596	0
143.333	-0.596796	0
143.734	-1.09626	0
143.689	-1.99293	0
144.058	-0.552658	0
144.69	-0.55152	0
144.375	0	0
145.234	-1.2289	0
145.625	0	0
146.063	-1.04871	0
145.312	-0.53823	0
145.938	-0.485305	0
146.634	-0.625792	0
147.374	-0.737248	0
146.875	0	0
144.656	-2.16516	0
145.162	-3.24545	0
141.891	-3.38819	0
143.077	-3.70033	0
100.625	-0.496402	0
99.7984	-0.895475	0
101.452	-0.895475	0
101.28	-1.59621	0
100.687	-2.02227	0
100.035	-1.71136	0
101.287	-2.43997	0
99.9631	-2.43908	0
101.271	-3.26855	0
102.024	-2.81969	0
99.1091	-2.97953	0
100.524	-3.53769	0
101.329	-4.06054	0
102.73	-3.24774	0
102.792	-2.25814	0
99.8493	-3.98517	0
101.204	-4.88458	0
102.049	-4.48074	0
103.451	-3.85062	0
99.8304	-3.22381	0
99.4486	-5.2852	0
100.974	-6.10529	0
102.697	-5.0007	0
102.691	-4.02784	0
100.355	-5.21034	0
102.692	-6.12255	0
103.275	-5.56427	0
104.63	-5.53956	0
103.707	-1.98033	0
104.305	-4.27669	0
99.9675	-6.04344	0
104.657	-2.70147	0
100.229	-7.07289	0
98.4017	-2.26281	0
98.1868	-3.42237	0
102.303	-7.10726	0
99.1656	-8.12794	0
97.3697	-2.03404	0
97.4644	-4.32101	0
102.005	-8.3301	0
100.471	-8.38041	0
96.3474	-4.00321	0
98.3537	-5.01469	0
102.895	-7.89892	0
104.528	-8.20435	0
95.5614	-3.18416	0
96.0427	-5.26004	0
98.2318	-6.14749	0
96.6811	-7.26897	0
98.3087	-7.32162	0
97.8143	-8.70556	0
-103.125	-0.904795	0
-104.375	-0.496402	0
-129.375	-0.904795	0
-101.875	-0.496402	0
-133.125	-0.904795	0
-99.375	-0.904795	0
-100.047	-0.700775	0
-100.625	0	0
-99.9416	-1.47148	0
-100.938	-0.549947	0
-101.265	-1.09989	0
-101.303	-2.03322	0
-100.238	-2.3538	0
-102.216	-2.14926	0
-102.903	-3.53423	0
-134.375	0	0
-134.688	-0.549947	0
-134.055	-0.554253	0
-135.015	-1.09989	0
-133.733	-1.10965	0
-135.053	-2.03322	0
-134.068	-1.99106	0
-133.61	-2.94442	0
-132.562	-2.99912	0
-134.199	-3.84324	0
-131.95	-4.00966	0
-132.113	-2.08824	0
-133.728	-5.58587	0
-130.498	-3.94753	0
-132.651	-5.0099	0
-95.625	0	0
-95.9375	-0.549947	0
-95.3049	-0.554253	0
-96.5625	-0.541334	0
-96.25	-1.09128	0
-94.9861	-1.10798	0
-96.875	0	0
-97.1876	-0.541369	0
-96.5706	-1.6761	0
-95.3173	-2.0292	0
-94.481	-0.547565	0
-97.9126	-0.598957	0
-97.4081	-1.73087	0
-95.945	-1.6388	0
-94.8282	-1.68487	0
-97.509	-1.08784	0
-96.9538	-2.2474	0
-94.5411	-2.61207	0
-97.6138	-2.36989	0
-96.6446	-3.33408	0
-94.1712	-1.98949	0
-98.4382	-2.1026	0
-97.1745	-2.89752	0
-97.2893	-3.57673	0
-98.3129	-3.92908	0
-93.7072	-0.818802	0
-98.6429	-0.756164	0
-93.6584	-2.71543	0
-93.7363	-1.48456	0
-92.9549	-1.18515	0
-98.8822	-1.45463	0
-94.3914	-3.60672	0
-98.9913	-2.86189	0
-92.7685	-2.82745	0
-92.2575	-3.53006	0
-91.3773	-3.62806	0
-91	-4.4776	0
-90.9168	-2.85537	0
-91.605	-5.31001	0
-90.0291	-4.50214	0
-89.966	-2.85622	0
-89.5608	-3.69592	0
-89.4438	-2.05436	0
-88.5061	-3.84557	0
-88.5222	-2.12956	0
-88.0384	-2.98311	0
-96.0015	-4.46066	0
-98.1448	-5.15653	0
-94.3109	-4.73746	0
-92.9174	-5.18864	0
-91.0821	-6.95746	0
-88.02	-4.70041	0
-88.4208	-5.72006	0
-87.0173	-5.14188	0
-94.1018	-5.87073	0
-89.5493	-5.77683	0
-88.2831	-6.76679	0
-85.8422	-6.19231	0
-95.2919	-7.39736	0
-87.5841	-8.04245	0
-94.2878	-6.95297	0
-94.0772	-8.7854	0
-93.4598	-7.78615	0
-92.7745	-8.89994	0
-92.254	-7.42061	0
-51.875	-0.496402	0
-52.7016	-0.895475	0
-51.0484	-0.895475	0
-49.375	-0.496402	0
-50.1728	-0.859188	0
-48.5484	-0.895475	0
-38.125	0	0
-38.4375	-0.549947	0
-37.8049	-0.554253	0
-39.1633	-0.598611	0
-37.2702	-1.23463	0
-38.7652	-1.09989	0
-37.1228	-0.568499	0
-38.8032	-2.03322	0
-36.4559	-1.0654	0
-39.9061	-0.752817	0
-36.0703	-1.80054	0
-40.625	-0.460214	0
-40.0997	-1.47387	0
-36.251	-2.77714	0
-35.1122	-1.91761	0
-41.328	-0.760474	0
-39.7197	-2.37533	0
-41.875	0	0
-42.1875	-0.647275	0
-41.1559	-1.48386	0
-41.8105	-2.51004	0
-37.8302	-2.00846	0
-37.2485	-2.94442	0
-35.8775	-3.71709	0
-34.1346	-2.32665	0
-40.569	-3.15814	0
-37.8881	-3.74275	0
-36.108	-5.40033	0
-34.3981	-4.2031	0
-33.2983	-3.20431	0
-41.563	-3.54903	0
-39.4143	-3.97699	0
-37.574	-5.19006	0
-42.0391	-4.81097	0
45.625	-0.904795	0
49.375	-0.496402	0
48.5484	-0.895475	0
50.2016	-0.895475	0
35.625	-0.496402	0
151.875	0	0
151.562	-0.647275	0
152.188	-0.549947	0
151.918	-0.874717	0
151.556	-1.04971	0
150.914	-0.837317	0
151.323	-1.68442	0
152.574	-1.1445	0
151.975	-2.02227	0
152.833	-0.553192	0
153.461	-1.18192	0
153.125	0	0
153.025	-0.990046	0
152.951	-1.50954	0
153.475	-0.55897	0
152.419	-1.6818	0
152.555	-2.31846	0
153.891	-0.879431	0
153.949	-1.41842	0
154.375	0	0
153.519	-1.68539	0
154.55	-1.74241	0
154.317	-0.541334	0
153.833	-2.47615	0
155.005	-0.741956	0
153.985	-1.95759	0
154.407	-2.36261	0
154.302	-3.33872	0
154.789	-2.89723	0
155.216	-1.63636	0
153.153	-2.73031	0
155.164	-3.80036	0
155.441	-2.75553	0
156.138	-1.91499	0
156.064	-2.56233	0
157.026	-3.08374	0
156.817	-2.32112	0
150.781	-1.42373	0
150.114	-0.964457	0
150.185	-1.57513	0
149.717	-2.49537	0
151.232	-2.40733	0
155.625	0	0
155.312	-0.368966	0
155.9	-0.549947	0
155.53	-0.708357	0
156.269	-1.07813	0
156.875	0	0
154.74	-0.372683	0
154.87	-1.24591	0
152.518	-3.01202	0
151.777	-3.91132	0
153.199	-3.68908	0
157.559	-2.52746	0
150.625	0	0
150.312	-0.45199	0
149.73	-0.521006	0
149.375	0	0
149.062	-0.593807	0
148.432	-0.546647	0
149.428	-0.850838	0
149.03	-1.02829	0
148.83	-1.6435	0
148.125	0	0
149.202	-2.14344	0
148.197	-1.73562	0
147.877	-0.498532	0
149.019	-2.96272	0
149.731	-1.92317	0
147.545	-1.48772	0
147.829	-2.42243	0
146.986	-2.16755	0
150.498	-2.85502	0
157.595	-0.844133	0
156.562	-0.533851	0
157.188	-0.462702	0
157.142	-0.920171	0
157.46	-1.42946	0
157.062	-1.82009	0
157.586	-1.95588	0
158.167	-1.28416	0
158.185	-3.66053	0
151.217	-3.20936	0
159.049	-1.69705	0
158.125	0	0
158.359	-2.82515	0
150.532	-3.6939	0
158.834	-1.00873	0
158.438	-0.533726	0
150.521	-4.96155	0
159.438	-1.19756	0
160	0	0
159.337	-0.459178	0
160.03	-0.744713	0
161.122	-1.16165	0
160.625	0	0
160.938	-0.553411	0
162.75	0	0
160.558	-1.00049	0
160.667	-1.68726	0
160.016	-2.65727	0
161.702	-2.12386	0
162	0	0
161.838	-1.38602	0
161.625	-0.576692	0
162.375	-0.654118	0
162.401	-1.87129	0
163.5	-0.86452	0
163.341	-1.79352	0
156.511	-4.74125	0
152.936	-4.83721	0
146.339	-1.80649	0
146.223	-2.77505	0
149.852	-3.22846	0
159.259	-3.44883	0
164.223	-3.10789	0
164.91	-1.58462	0
161.586	-3.98435	0
152.63	-6.25972	0
154.097	-5.71467	0
158.894	-4.42899	0
160.345	-3.72937	0
157.73	-4.79226	0
161.03	-2.9326	0
158.871	-6.18567	0
38.125	-0.496402	0
38.9516	-0.895475	0
138.755	-0.72465	0
138.745	-1.44069	0
139.375	0	0
139.688	-0.549947	0
138.125	0	0
137.812	-0.541334	0
136.875	-0.721665	0
137.437	-1.1187	0
136.844	-1.36307	0
137.828	-1.98478	0
136.281	-1.01407	0
135.625	0	0
136.053	-1.82384	0
135.312	-0.549947	0
135.938	-0.51715	0
134.587	-0.598611	0
134.985	-1.09989	0
134.947	-2.03322	0
139.381	-1.86395	0
133.857	-0.756779	0
139.373	-2.56992	0
138.621	-3.33951	0
140.052	-2.6257	0
140.495	-3.30853	0
140.297	-1.94222	0
133.617	-1.45463	0
139.94	-4.40178	0
134.031	-2.32032	0
137.374	-3.10573	0
136.268	-2.80712	0
133.223	-3.17992	0
135.887	-4.01738	0
134.32	-3.61339	0
132.147	-2.67812	0
134.493	-4.77886	0
131.841	-4.17443	0
133.264	-6.28772	0
134.566	-6.09281	0
46.875	-0.496402	0
47.6641	-0.895475	0
93.125	-0.904795	0
98.125	-0.496402	0
98.9141	-0.895475	0
111.875	-0.904795	0
131.875	-0.496402	0
91.875	0	0
91.5625	-0.549947	0
92.1951	-0.554253	0
90.8367	-0.598611	0
91.2348	-1.09989	0
92.5167	-1.10965	0
91.1968	-2.03322	0
92.1824	-1.99106	0
90.0939	-0.752817	0
89.375	-0.460214	0
89.9003	-1.47387	0
88.672	-0.760474	0
90.2803	-2.37533	0
88.125	0	0
87.8125	-0.647275	0
88.8441	-1.48386	0
88.2184	-2.40024	0
92.6424	-2.79127	0
89.2636	-3.56677	0
93.5409	-2.92353	0
92.1476	-3.49122	0
94.0429	-3.8766	0
93.9586	-2.18087	0
90.9014	-4.21246	0
92.3209	-4.92059	0
94.8648	-2.06561	0
88.1637	-3.50069	0
93.3253	-4.63522	0
87.0054	-4.29907	0
88.6414	-4.73593	0
94.3571	-4.89249	0
-146.468	-5.11386	0
-147.438	-5.1826	0
-158.164	-8.53927	0
-149.321	-6.54584	0
-149.285	-8.05961	0
-145.29	-7.44122	0
-163.632	-1.63907	0
-164.75	0	0
-165.125	-0.722141	0
-164.375	-0.584495	0
-163.9	-1.0392	0
-167.3	0	0
-165.691	-1.96646	0
-166.367	-0.908493	0
-139.571	-5.36604	0
-137.234	-5.79051	0
144.345	-4.50755	0
101.275	-9.46256	0
-134.789	-4.97006	0
-132.379	-6.81237	0
-131.492	-5.07611	0
-99.3579	-4.88082	0
-96.7227	-5.8882	0
-90.6129	-9.29018	0
-32.1004	-3.37588	0
-40.8914	-5.99816	0
-43.4941	-4.95377	0
148.601	-4.02036	0
147.267	-4.51703	0
149.227	-5.17291	0
159.168	-2.54469	0
151.015	-6.52194	0
157.078	-5.78482	0
155.655	-5.88175	0
157.815	-6.69821	0
157.553	-8.65211	0
159.015	-7.82729	0
138.799	-4.81075	0
140.843	-5.1958	0
136.702	-4.87953	0
136.47	-6.08356	0
137.764	-5.49068	0
85.5875	-5.49572	0
89.3772	-6.48038	0
-167.743	-1.38852	0
-140.023	-6.72531	0
102.002	-11.4792	0
-100.702	-4.41893	0
-100.195	-5.79621	0
-97.8288	-6.29029	0
-98.764	-8.03212	0
-96.801	-7.39526	0
-91.2654	-8.20788	0
-31.6408	-4.50359	0
140.709	-6.5863	0
136.192	-7.7963	0
138.694	-6.29363	0
-101.058	-7.69237	0
-90.0288	-8.20025	0
-32.5194	-6.32262	0
-30.5129	-4.03709	0
142.064	-6.18108	0
138.428	-7.40349	0
137.352	-7.84154	0
138.406	-8.88815	0
-99.8508	-7.09711	0
-88.7105	-9.60809	0
-29.5956	-4.77656	0
-29.4691	-3.68102	0
-29.7686	-5.8555	0
-28.6657	-5.35031	0
-28.431	-3.06056	0
-30.8794	-6.53038	0
-27.6029	-6.07402	0
-29.8332	-7.00072	0
-27.6011	-4.92917	0
-28.8087	-7.63249	0
-27.5071	-3.80953	0
-26.6372	-4.44631	0
-25.5356	-4.79805	0
-25.3108	-6.02928	0
-24.3187	-5.21201	0
-99.983	-8.34996	0
-27.7131	-7.2345	0
-26.2906	-8.01959	0
-26.5507	-6.75936	0
-29.8805	-8.22391	0
-98.8903	-10.0442	0
-31.1051	-9.87558	0
-164.828	-4.13998	0
-163.549	-5.53701	0
97.694	-10.6922	0
-84.1855	-5.83103	0
-86.3315	-7.47667	0
-85.0853	-8.20319	0
-37.1782	-7.64602	0
166.05	0	0
163.04	-3.95294	0
152.192	-8.04621	0
94.9531	-6.2083	0
-150.756	-9.17386	0
-147.77	-8.48884	0
-146.652	-7.32063	0
-143.869	-9.4875	0
-137.466	-7.2875	0
145.45	-6.37102	0
-41.6328	-8.16727	0
-43.9897	-6.34318	0
146.859	-3.57748	0
149.263	-6.98393	0
154.968	-4.94532	0
155.247	-7.28786	0
160.889	-6.83508	0
-169.342	-2.66325	0
143.255	-7.21128	0
143.24	-5.39195	0
138.815	-11.1287	0
140.158	-9.63661	0
-22.9819	-6.53947	0
-26.489	-10.7415	0
-84.692	-10.594	0
164.797	-5.16269	0
94.0085	-8.44318	0
-147.13	-10.3928	0
-143.922	-8.00759	0
-138.943	-7.90964	0
-135.978	-7.3858	0
146.573	-5.65455	0
147.037	-7.621	0
-40.0459	-7.49841	0
-45.0539	-7.44829	0
-43.0116	-7.51412	0
154.278	-9.54774	0
156.262	-8.20368	0
155.04	-8.53701	0
156.365	-9.99014	0
153.795	-8.3907	0
152.714	-9.52051	0
162.35	-5.682	0
142.814	-8.85876	0
-24.4844	-9.51938	0
-83.7005	-9.20315	0
-142.625	-8.70218	0
-142.686	-7.10024	0
-135.267	-8.72939	0
-134.483	-7.1143	0
-46.5003	-8.10763	0
-43.1626	-9.61479	0
153.461	-11.5391	0
-141.987	-11.0892	0
-136.122	-10.3265	0
-134.207	-10.3139	0
-48.1133	-7.89333	0
-46.6151	-9.73456	0
-141.183	-9.59569	0
-49.5757	-8.60259	0
-47.7735	-12.2172	0
-44.8295	-11.387	0
-50.375	-11.0266	0
-50.3953	-7.33545	0
-51.7872	-7.34907	0
-52.746	-8.56163	0
-52.2239	-10.4322	0
-54.1919	-8.00605	0
-55.8363	-8.78901	0
-155.103	-9.77304	0
-156.426	-10.9754	0
-153.485	-11.8165	0
107.059	-8.92186	0
131.814	-7.48618	0
-159.718	-7.65146	0
83.8362	-5.20914	0
86.4948	-7.50476	0
91.0566	-7.74265	0
-166.003	-3.34853	0
-167.365	-4.68043	0
-166.04	-4.6722	0
-166.696	-5.78276	0
-166.17	-7.88398	0
-164.217	-7.21797	0
-161.886	-6.65474	0
94.6255	-11.9583	0
99.69	-11.9493	0
-35.7612	-6.94345	0
-35.6068	-9.03507	0
-34.047	-7.86844	0
168.112	-2.52956	0
-152.208	-9.0166	0
-152.747	-10.462	0
-151.527	-12.0048	0
148.552	-8.7048	0
158.591	-12.0091	0
144.552	-11.1363	0
-22.9679	-8.41526	0
-83.1023	-10.6785	0
-80.7905	-11.2335	0
-81.5194	-9.17777	0
-135.148	-12.8204	0
-139.741	-11.3363	0
-54.0067	-11.754	0
-57.3046	-7.47797	0
-157.88	-10.175	0
-156.24	-12.6114	0
-157.717	-14.5258	0
-155.026	-11.6447	0
132.596	-10.066	0
-161.182	-8.57698	0
82.6272	-6.52564	0
-168.927	-4.23395	0
-170.577	-5.11271	0
-164.693	-9.02085	0
166.95	-1.3715	0
-152.68	-13.7235	0
-149.176	-11.8782	0
149.9	-11.5273	0
158.09	-10.3252	0
146.545	-9.90913	0
-22.2082	-11.0521	0
-55.6298	-10.7086	0
-58.7299	-8.62438	0
-162.218	-11.2705	0
81.0599	-7.47973	0
83.1655	-8.27974	0
-173.423	-5.22458	0
-170.914	-8.23555	0
159.918	-10.697	0
-21.3284	-9.3708	0
-57.5756	-12.3489	0
-59.1242	-10.4897	0
79.3631	-6.55133	0
79.3996	-8.94891	0
83.9118	-11.27	0
85.0134	-8.67963	0
161.359	-13.4799	0
163.036	-10.3832	0
-20.0314	-11.1203	0
-19.2003	-8.40255	0
-61.2502	-12.0371	0
-94.7135	-10.9099	0
103.979	-12.4335	0
-103.122	-7.00441	0
-100.331	-13.109	0
-29.0272	-10.1364	0
162.333	-8.36328	0
-171.26	0	0
136.658	-11.9017	0
139.799	-13.197	0
167.639	-7.34659	0
154.417	-15.0256	0
89.1032	-8.59332	0
-168.459	-8.1234	0
-38.0569	-10.2235	0
170.01	0	0
-80.6694	-14.235	0
-79.3842	-9.57776	0
-141.26	-14.8159	0
-53.2058	-13.7259	0
-151.68	-17.053	0
-148.327	-14.0148	0
146.67	-12.3451	0
76.9187	-8.92159	0
-21.2172	-14.1976	0
-16.743	-7.67458	0
-96.9655	-11.2664	0
104.956	-15.9891	0
106.586	-12.4527	0
-105.106	-7.74246	0
-102.595	-8.86342	0
-102.96	-11.6157	0
-172.34	-1.68596	0
134.915	-10.4083	0
135.465	-13.7384	0
139.565	-15.9373	0
142.511	-13.6534	0
168.166	-4.96666	0
89.5255	-10.9581	0
-169.588	-10.3259	0
169.622	-1.68596	0
171.722	-2.09064	0
-77.0784	-9.6612	0
-138.806	-13.8161	0
-54.566	-17.0321	0
-149.704	-15.8648	0
-146.647	-16.0831	0
-18.7297	-13.389	0
-95.5329	-13.0247	0
-107.027	-8.79679	0
-176.012	0	0
-173.128	-3.37977	0
-170.647	-1.58126	0
133.816	-15.2367	0
136.349	-15.7836	0
172.261	-4.59535	0
174.762	0	0
-76.0731	-11.8134	0
-74.226	-9.39974	0
-51.8395	-16.2209	0
-97.924	-13.5102	0
-107.722	-12.3103	0
131.135	-14.6295	0
132.447	-17.042	0
137.805	-19.0425	0
-77.5924	-14.5025	0
132.5	-20.8472	0
133.385	-18.9319	0
135.542	-21.0905	0
135.337	-19.1384	0
136.516	-17.6961	0
138.305	-17.2745	0
140.754	-18.922	0
-108.125	-4.97998	0
-109.65	-5.93998	0
-106.6	-5.93998	0
-110.804	-7.38639	0
-113.053	-7.21007	0
-109.237	-8.39582	0
-109.162	-10.6172	0
-115.14	-8.62094	0
-111.57	-11.8602	0
-27.3437	-13.6847	0
-86.9418	-11.0813	0
-85.4319	-12.6153	0
-83.8975	-14.4554	0
-144.278	-11.8736	0
-48.6176	-14.9954	0
-42.5221	-11.8872	0
-39.3298	-13.6309	0
-160.164	-13.4072	0
-155.675	-16.9825	0
-164.981	-11.8249	0
-57.6828	-15.2734	0
-62.8898	-13.878	0
74.2086	-10.5659	0
108.323	-15.3973	0
144.639	-15.2156	0
86.8528	-13.5278	0
91.8496	-12.6103	0
-172.319	-10.5919	0
-139.203	-16.3532	0
-144.258	-19.1689	0
-143.992	-15.2853	0
-15.7003	-13.0672	0
-174.347	-1.78248	0
170.388	-6.70776	0
174.186	-7.34264	0
176.058	-2.01909	0
-99.621	-16.2708	0
-117.596	-10.6751	0
-113.809	-14.0105	0
-84.9606	-16.8979	0
-153.823	-15.679	0
-153.692	-17.8329	0
-156.047	-20.5881	0
-152.029	-19.1385	0
-153.911	-19.8246	0
-149.648	-20.7167	0
-150.121	-18.3856	0
-154.41	-21.7985	0
-157.17	-23.8185	0
-152.489	-24.6279	0
-167.968	-13.1751	0
-62.6623	-17.524	0
-64.8218	-12.5072	0
-66.0172	-10.3963	0
-67.0066	-13.394	0
-69.5613	-13.571	0
-67.4868	-15.9094	0
145.347	-19.5922	0
-176.601	-12.2957	0
-136.15	-19.4004	0
-136.385	-15.4947	0
-177.308	-2.01909	0
177.613	-4.44284	0
-87.5814	-16.8699	0
-83.5076	-19.158	0
-170.72	-12.855	0
-71.4154	-10.9505	0
-71.9372	-14.4211	0
-68.6158	-18.1377	0
-65.4354	-17.3349	0
146.36	-17.1827	0
-181.714	0	0
180.464	0	0
-89.4812	-18.5778	0
-82.2164	-23.4824	0
-80.9492	-18.9409	0
-173.728	-13.2835	0
-74.7404	-16.1602	0
-71.861	-18.8721	0
-69.3499	-21.3829	0
-64.1813	-19.3705	0
149.462	-19.9036	0
-178.455	-4.18112	0
-89.4146	-22.8683	0
-79.5627	-16.6621	0
-82.0561	-21.0796	0
-65.169	-21.9888	0
-61.7955	-19.7851	0
149.382	-16.8658	0
-177.056	-7.15	0
178.501	-2.16203	0
-77.0971	-16.9345	0
-84.0435	-22.1538	0
-86.6161	-23.36	0
-84.45	-24.6334	0
-78.88	-22.4981	0
-63.9452	-25.3445	0
-58.3145	-21.8893	0
-59.6072	-17.6495	0
-75.1049	-19.5946	0
-87.5447	-27.4187	0
-81.9922	-26.6601	0
55.4067	-7.83847	0
53.4305	-9.11909	0
52.0936	-11.7408	0
58.5898	-8.98415	0
81.0829	-12.1519	0
158.267	-15.9572	0
-23.6903	-17.1944	0
139.449	-23.1326	0
-29.4321	-16.8723	0
-45.9553	-18.7893	0
74.9871	-13.9868	0
93.9595	-15.358	0
-16.9261	-15.9478	0
-12.3829	-11.9145	0
-101.076	-19.4556	0
-115.579	-17.1917	0
-146.653	-20.9886	0
178.696	-7.06133	0
-179.705	-2.13231	0
-176.749	-17.3968	0
-171.866	-15.5826	0
-70.3721	-24.4032	0
182.02	-2.42375	0
152.759	-18.2966	0
-78.5495	-25.9898	0
-84.2977	-30.485	0
55.1257	-15.6449	0
78.4425	-14.3681	0
-16.3932	-21.1792	0
-148.463	-24.2941	0
-142.964	-23.3572	0
180.033	-9.94268	0
-183.27	-2.42375	0
-171.759	-20.5509	0
-73.6045	-25.3228	0
-70.2006	-27.7595	0
183.886	-5.33212	0
181.518	-7.50263	0
177.518	-14.0835	0
-188.558	0	0
-75.7016	-22.9007	0
-70.7667	-31.9103	0
-66.575	-29.8584	0
187.308	0	0
180.931	-13.322	0
-184.647	-5.01854	0
-182.907	-9.63597	0
184.953	-2.59479	0
22.0506	-9.79441	0
24.8734	-11.1882	0
24.7687	-13.8478	0
22.1919	-17.0875	0
27.2964	-13.8044	0
28.7617	-15.9033	0
29.5223	-13.1465	0
31.7879	-12.6357	0
33.3898	-14.3523	0
30.3083	-10.7862	0
32.9805	-17.9834	0
34.7735	-12.0858	0
34.3921	-16.3039	0
36.3795	-19.4072	0
36.9279	-16.8679	0
27.6385	-18.1334	0
30.7468	-17.1955	0
37.6397	-12.4044	0
39.8938	-18.8373	0
24.7151	-18.6528	0
26.8969	-21.3754	0
38.1395	-14.7726	0
25.8825	-24.3968	0
29.7728	-22.7492	0
22.6537	-25.3238	0
26.0458	-27.7521	0
32.2449	-25.2601	0
19.6768	-22.6347	0
19.3878	-27.1644	0
25.4899	-31.9024	0
29.6647	-29.8588	0
117.06	-9.56498	0
119.481	-12.3124	0
62.5732	-8.60083	0
64.1096	-10.9753	0
62.7543	-13.8828	0
66.8094	-10.6163	0
68.8169	-12.7898	0
58.7922	-14.1242	0
65.2687	-17.7458	0
70.5207	-16.0504	0
67.6779	-15.4605	0
3.23975	-16.6172	0
0.350467	-18.9639	0
-32.5909	-11.9417	0
-35.2371	-15.299	0
-32.6302	-14.6323	0
-33.1808	-17.9094	0
-32.1182	-23.389	0
101.133	-17.6767	0
-106.278	-15.5394	0
128.58	-21.3013	0
-42.4502	-15.5497	0
107.425	-20.1637	0
112.425	-14.6784	0
-97.0193	-18.5489	0
-160.51	-20.8478	0
-165.731	-15.6927	0
-60.1496	-25.2142	0
162.444	-18.0018	0
-23.0344	-21.1948	0
-49.2232	-18.2514	0
-48.1613	-21.9962	0
-9.87417	-14.6616	0
-102.833	-24.2412	0
-111.292	-20.5519	0
153.115	-23.2128	0
-76.7432	-28.7652	0
-77.7382	-34.2376	0
-75.0052	-31.9078	0
80.0065	-17.5948	0
-14.6463	-18.3584	0
-11.9296	-21.9922	0
-11.2772	-17.779	0
-150.105	-28.9386	0
185.223	-8.21348	0
188.024	-12.7546	0
188.747	-9.17395	0
-186.147	-2.55923	0
180.012	-17.2305	0
189.174	-2.90837	0
38.9768	-24.3034	0
42.8248	-16.6578	0
19.683	-31.1353	0
15.5759	-24.6471	0
117.607	-15.6362	0
121.991	-14.6336	0
73.0842	-18.7094	0
-2.94416	-17.1946	0
1.95703	-22.9402	0
-30.2422	-20.3503	0
96.9797	-18.2695	0
-105.658	-20.1286	0
126.163	-17.9457	0
129.303	-25.2264	0
-39.184	-17.3647	0
-94.855	-21.3812	0
-166.769	-18.872	0
-168.483	-22.0337	0
-163.21	-18.4991	0
-61.9186	-29.0312	0
-55.1657	-25.7961	0
-47.4886	-26.3125	0
-6.74939	-12.8129	0
-73.9686	-35.8917	0
77.7686	-21.2904	0
85.1504	-20.7279	0
184.556	-14.0184	0
191.451	-11.5836	0
-190.424	-2.90837	0
191.081	-6.18549	0
35.6489	-25.0496	0
47.5013	-18.0844	0
14.7992	-35.7052	0
116.814	-20.1171	0
72.0905	-22.4326	0
-5.42196	-19.9583	0
-27.5932	-24.0842	0
-108.285	-18.147	0
126.076	-28.1979	0
132.309	-31.2188	0
-42.3355	-19.1897	0
-96.1013	-27.1168	0
-171.577	-24.5106	0
-3.04807	-13.4417	0
188.272	-18.8265	0
196.043	-11.5422	0
-196.769	0	0
195.519	0	0
34.189	-29.0688	0
66.5799	-24.8456	0
-6.51386	-25.9018	0
-39.2911	-20.8134	0
-171.688	-31.1678	0
-192.077	-6.02202	0
38.1068	-28.2171	0
70.9053	-27.2247	0
-36.2501	-23.6203	0
-166.079	-27.5757	0
-190.093	-9.75762	0
192.644	-3.08213	0
9.01202	-17.7354	0
7.33958	-20.4415	0
4.96489	-22.3728	0
4.12914	-26.1991	0
8.65772	-24.4879	0
-1.23056	-27.4181	0
17.4396	-15.2951	0
19.5248	-16.9629	0
20.7368	-19.6277	0
19.9408	-14.3053	0
166.651	-10.8557	0
169.224	-14.3294	0
-139.105	-29.1478	0
-138.906	-22.5	0
24.9036	-37.0712	0
-155.693	-29.2145	0
180.633	-23.9462	0
92.8119	-19.5707	0
-63.1501	-32.9678	0
-51.2196	-24.6834	0
-46.6242	-31.5053	0
-42.5276	-28.0734	0
-69.1662	-40.8665	0
122.161	-26.4527	0
126.828	-32.4453	0
199.859	-18.2457	0
199.596	-8.82259	0
-193.876	-3.07097	0
33.119	-33.0507	0
197.758	-3.49	0
41.4221	-31.1147	0
41.738	-26.9708	0
45.3352	-24.2425	0
-33.9803	-27.1458	0
-161.691	-25.5389	0
-194.275	-10.3975	0
-187.029	-13.2217	0
12.0504	-27.4564	0
166.828	-18.0005	0
173.373	-14.2651	0
96.0426	-22.5931	0
-59.831	-39.0494	0
-40.1417	-24.7856	0
121.626	-22.2384	0
118.771	-28.944	0
123.417	-35.764	0
200.372	-13.5162	0
-199.008	-3.49	0
32.6509	-39.9606	0
205.373	0	0
40.4923	-36.5882	0
46.0139	-34.2355	0
49.0563	-26.6646	0
-30.1329	-26.9791	0
-25.0966	-31.0385	0
-26.4901	-27.6134	0
-22.7678	-28.0951	0
-20.225	-32.4999	0
-18.1114	-28.3434	0
-36.6781	-31.6416	0
-198.79	-11.0731	0
-188.79	-18.6589	0
12.6925	-31.8248	0
171.361	-18.3416	0
89.8595	-25.9646	0
99.5063	-29.1675	0
-64.1144	-37.4406	0
114.849	-27.3431	0
119.209	-32.9178	0
115.722	-36.6019	0
-206.623	0	0
38.1598	-41.2168	0
35.996	-36.507	0
48.8375	-30.9734	0
54.2559	-27.9261	0
-12.9029	-33.6076	0
-38.6848	-28.3525	0
-196.078	-14.7543	0
-203.341	-11.5693	0
7.52338	-37.1432	0
-63.5123	-42.3442	0
111.67	-29.9454	0
-201.062	-7.40601	0
50.4685	-35.2384	0
-197.55	-22.2919	0
-193.01	-17.7813	0
-210.103	-15.2342	0
111.965	-34.3274	0
110.318	-25.0522	0
201.916	-3.69436	0
55.6901	-40.8564	0
-191.848	-22.7774	0
-205.364	-15.9072	0
106.507	-39.2913	0
111.724	-38.9641	0
108.217	-28.2661	0
105.827	-24.4099	0
104.009	-30.1409	0
205.909	-3.96624	0
100.503	-35.4606	0
208.145	-7.66189	0
104.58	-34.3326	0
205.763	-11.1013	0
210.969	-4.34822	0
209.986	-12.0695	0
217.197	0	0
213.347	-18.5245	0
215.635	-13.2307	0
215.997	-4.91635	0
-104.916	-28.5192	0
-113.945	-24.7949	0
156.872	-27.6346	0
76.0313	-31.1334	0
0.597312	-32.5638	0
-144.709	-34.5145	0
-152.665	-33.8046	0
-51.3829	-34.2298	0
-45.8796	-37.2766	0
-161.828	-30.9881	0
124.817	-40.4517	0
26.2741	-45.2272	0
-36.8769	-39.4916	0
173.382	-23.7168	0
-203.262	-3.75591	0
59.2129	-30.2992	0
56.9423	-23.5259	0
-67.6489	-49.5383	0
42.845	-46.0794	0
-184.215	-25.25	0
-208.527	-21.1588	0
-202.356	-20.2005	0
220.422	-3.39141	0
219.968	-9.25461	0
227.473	-6.86723	0
-110.161	-29.6877	0
-105.136	-34.0124	0
-119.239	-25.34	0
-3.49169	-40.7745	0
-153.574	-42.9957	0
-166.728	-32.7376	0
121.221	-44.3721	0
129.718	-41.264	0
-33.1529	-35.6584	0
-209.31	-4.18792	0
59.8466	-36.3769	0
61.7774	-24.067	0
-203.307	-28.9543	0
-100.316	-35.9154	0
-113.081	-38.1625	0
-162.879	-35.7801	0
-171.725	-39.9065	0
132.649	-47.0212	0
134.503	-37.1415	0
-31.6139	-40.8792	0
-218.447	0	0
-99.286	-40.872	0
-96.1778	-32.9991	0
-159.459	-40.977	0
-167.427	-37.5768	0
-23.9444	-45.3571	0
-27.1824	-36.7356	0
-211.69	-8.67139	0
-104.042	-47.9211	0
-94.5407	-43.2115	0
-91.6697	-34.6477	0
-166.017	-45.3088	0
-89.6908	-41.1222	0
-98.9703	-46.214	0
-83.8541	-44.4521	0
162.722	-22.9533	0
164.622	-27.6261	0
169.012	-34.8731	0
170.394	-28.79	0
14.419	-20.9085	0
194.195	-21.1182	0
12.7659	-44.5432	0
95.9046	-45.1247	0
150.573	-29.1786	0
155.684	-33.4869	0
70.237	-33.4167	0
83.1211	-33.7898	0
-44.6223	-46.9698	0
-180.111	-32.7808	0
221.142	-14.8829	0
-211.257	-28.6329	0
140.737	-31.4651	0
-214.281	-4.422	0
-158.904	-48.9472	0
-84.8814	-52.7816	0
188.405	-27.2835	0
160.12	-36.8498	0
160.708	-43.9553	0
149.237	-35.9496	0
229.863	-19.0303	0
140.576	-37.5502	0
-221.672	-5.0255	0
144.012	-42.985	0
-232.637	0	0
140.684	-48.4148	0
150.047	-42.615	0
-224.528	-10.4059	0
144.377	-53.7401	0
154.341	-47.6384	0
-221.078	-17.2532	0
141.672	-62.353	0
151.61	-54.3647	0
-131.141	-32.8977	0
205.998	-22.5858	0
-73.7532	-46.1377	0
39.2939	-56.8515	0
49.8797	-44.9732	0
231.387	0	0
-12.2605	-42.5266	0
-173.762	-47.7764	0
104.735	-48.6214	0
69.6071	-41.2667	0
84.9574	-44.5949	0
-207.693	-38.958	0
-147.694	-53.6245	0
-227.638	-5.30665	0
-224.572	-29.6494	0
207.104	-31.0861	0
-75.0424	-55.631	0
47.2698	-51.297	0
56.4472	-48.0836	0
235.256	-6.75417	0
-166.924	-55.8531	0
73.0234	-51.8185	0
-236.506	-6.03086	0
214.65	-27.0044	0
61.9182	-54.4282	0
248.022	-9.58251	0
76.0656	-45.0045	0
-249.663	0	0
80.8067	-51.2074	0
-239.934	-12.4872	0
90.8872	-54.4496	0
-235.603	-23.9765	0
-59.9293	-56.0975	0
-179.656	-22.109	0
2.67393	-40.9551	0
-117.58	-47.9969	0
-27.6432	-53.3999	0
-108.972	-61.3268	0
-90.9475	-58.4802	0
130.002	-62.7398	0
143.606	-76.8108	0
158.691	-60.0116	0
-6.16366	-50.2209	0
-180.568	-41.8161	0
113.432	-53.391	0
215.618	-37.8106	0
57.6571	-61.3644	0
-243.666	-6.3679	0
-36.809	-54.5037	0
-99.5906	-62.2413	0
160.991	-75.0499	0
169.026	-56.9461	0
-188.676	-36.8768	0
226.13	-31.4223	0
47.5561	-70.5808	0
60.9228	-74.6425	0
-254.307	-7.23666	0
-39.0627	-62.7694	0
-105.12	-70.3903	0
-90.5569	-71.1892	0
-189.89	-47.993	0
-270.096	0	0
-50.7203	-69.9808	0
-33.2649	-75.2772	0
-258.42	-14.9842	0
-253.485	-24.2791	0
30.5951	-53.3792	0
30.8835	-64.8822	0
10.6652	-55.9969	0
166.361	-40.7861	0
-220.135	-41.5622	0
-73.9581	-65.8599	0
90.7852	-66.2677	0
118.644	-63.5116	0
212.388	-53.3631	0
180.629	-55.7492	0
-119.394	-71.106	0
-200.264	-46.3779	0
-193.057	-66.5071	0
-262.898	-7.64134	0
-263.89	-25.8711	0
-245.859	-32.8984	0
1.10054	-56.4602	0
-68.4152	-77.4574	0
-111.936	-77.1465	0
-196.51	-56.3885	0
-275.669	-8.6843	0
-275.124	-27.5543	0
-121.563	-81.4077	0
-210.186	-66.7038	0
-294.616	0	0
-268.115	-36.0032	0
-129.964	-74.2597	0
-120.395	-99.0525	0
-280.605	-17.9817	0
-259.748	-51.7361	0
-144.608	-77.9197	0
-110.888	-90.1374	0
-285.977	-27.4133	0
-298.107	-34.3973	0
19.2816	-49.5935	0
194.518	-36.2222	0
-16.6083	-50.1095	0
238.259	-34.8059	0
36.8066	-74.7921	0
15.3292	-66.6967	0
-223.029	-55.2128	0
78.8487	-72.1971	0
97.8205	-80.439	0
192.346	-68.9346	0
-176.625	-69.434	0
-5.99669	-64.876	0
-17.2827	-71.7739	0
-5.88035	-77.748	0
-65.6752	-91.4126	0
-285.979	-9.16997	0
-138.671	-63.8064	0
-272.011	-48.1669	0
-249.045	-45.0885	0
-105.122	-105.813	0
248.502	-53.3136	0
31.2433	-93.3694	0
12.6205	-80.0779	0
191.22	-58.1365	0
201.213	-62.5517	0
200.523	-50.5502	0
-301.303	-10.4213	0
-286.382	-50.9792	0
-269.333	-61.8161	0
-247.633	-59.3018	0
-96.1053	-93.598	0
250.121	-40.3298	0
-324.039	0	0
260.954	-48.2733	0
262.267	-32.1328	0
-307.226	-21.5779	0
259.374	-62.2705	0
274.074	-41.2168	0
180.521	-42.4891	0
99.8995	-56.4979	0
136.485	-90.4189	0
64.1842	-88.3603	0
-32.0601	-90.28	0
228.267	-63.8273	0
-146.423	-96.8691	0
113.621	-80.5327	0
90.6302	-93.6486	0
-162.143	-79.4362	0
-5.35397	-92.3492	0
-52.5395	-93.4903	0
-46.7777	-105.48	0
-55.0009	-125.888	0
-41.784	-119.353	0
-298.909	-58.8537	0
-273.554	-80.9548	0
-243.81	-73.1615	0
-88.5619	-108.602	0
-313.675	-11.0038	0
-311.05	-33.9511	0
-323.206	-46.0265	0
275.784	-79.3152	0
287.448	-50.6491	0
145.489	-101.532	0
50.2846	-107.537	0
73.971	-100.835	0
-20.4381	-99.8073	0
120.972	-93.966	0
97.709	-106.222	0
-42.2107	-135.123	0
-28.1002	-119.65	0
-298.81	-74.8643	0
-255.527	-89.099	0
-227.005	-90.5048	0
-74.8005	-103.093	0
-314.548	-59.0514	0
141.925	-116.835	0
154.353	-88.9427	0
69.8451	-115.417	0
-5.67943	-110.674	0
113.488	-106.296	0
96.2905	-119.877	0
-31.3729	-159.304	0
-74.7852	-123.077	0
174.142	-89.865	0
78.6811	-129.923	0
-13.0249	-124.816	0
123.311	-116.165	0
102.74	-133.667	0
-6.71832	-149.986	0
7.14582	-126.314	0
119.925	-128.739	0
125.595	-140.272	0
126.277	-161.847	0
138.272	-141.233	0
131.164	-150.894	0
149.744	-137.088	0
140.855	-161.785	0
168.367	-145.629	0
160.952	-137.223	0
176.341	-131.122	0
133.666	-185.193	0
161.439	-165.334	0
201.002	-91.1674	0
-119.109	-116.779	0
224.096	-83.7921	0
-178.065	-87.0038	0
-332.063	-12.5051	0
-359.346	0	0
-339.171	-25.8931	0
284.059	-65.976	0
296.255	-82.7772	0
296.002	-36.7324	0
-306.23	-98.3531	0
-327.895	-66.9402	0
-351.975	-76.8544	0
-332.836	-89.1392	0
68.288	-148.649	0
192.621	-135.24	0
171.577	-115.11	0
-119.709	-146.628	0
-186.921	-109.034	0
-346.909	-13.2044	0
312.161	-37.2406	0
203.983	-147.199	0
203.801	-123.11	0
183.081	-103.526	0
320.372	-51.6368	0
308.062	-22.9373	0
322.789	0	0
332.066	-13.3311	0
340.196	-29.2949	0
348.467	-13.2776	0
317.077	-12.5292	0
202.729	-174.879	0
229.024	-159.062	0
219.318	-119.745	0
236.996	-132.763	0
237.309	-113.825	0
199.176	-107.421	0
311.627	-65.1795	0
348.594	-43.6047	0
358.096	0	0
237.076	-96.0047	0
327.411	-68.2636	0
355.054	-62.3967	0
368.147	-47.145	0
364.813	-15.0015	0
257.934	-104.643	0
332.651	-83.4406	0
377.942	-29.8842	0
321.956	-96.5972	0
339.417	-98.9869	0
311.782	-110.271	0
344.458	-114.009	0
334.354	-131.938	0
352.195	-130.182	0
355.262	-99.1693	0
377.432	-100.087	0
366.949	-85.0883	0
295.513	-130.671	0
318.649	-125.707	0
387.215	-82.0859	0
319.535	-146.383	0
-153.858	-114.473	0
31.1561	-122.533	0
105.816	-163.54	0
43.3642	-145.36	0
-368.976	-15.0063	0
-401.716	0	0
-377.505	-31.0717	0
-367.401	-48.1128	0
253.386	-152.09	0
387.544	-50.9835	0
276.844	-115.677	0
396.228	-98.6431	0
423.422	-114.867	0
320.12	-169.473	0
-156.653	-146.449	0
83.4987	-165.049	0
-386.791	-15.8452	0
-386.656	-48.0135	0
410.249	-57.5242	0
-405.107	-55.7214	0
-426.822	-41.8393	0
-394.667	-72.7566	0
-404.012	-96.6312	0
-378.19	-89.1696	0
-215.592	-112.019	0
-88.3051	-141.428	0
-9.90586	-178.829	0
-293.616	-118.813	0
400.466	0	0
415.235	-20.071	0
420.588	-39.8422	0
437.812	-24.569	0
433.97	-59.5308	0
28.8289	-167.322	0
277.84	-148.048	0
296.692	-182.562	0
343.387	-174.87	0
-174.452	-129.897	0
74.7474	-188.908	0
-413.271	-18.0074	0
-452.559	0	0
-438.566	-63.52	0
-390.846	-137.635	0
-229.139	-141.831	0
-82.37	-176.204	0
-303.771	-151.416	0
-264.304	-131.609	0
451.309	0	0
448.33	-84.5547	0
31.3564	-211.486	0
269.565	-173.98	0
304.131	-211.328	0
361.197	-161.915	0
393.744	-170.734	0
-186.967	-161.201	0
96.4755	-225.652	0
-436.802	-20.3959	0
-380.888	-114.35	0
461.535	-21.609	0
51.992	-198.16	0
-351.699	-140.604	0
482.228	-44.6255	0
54.6263	-224.879	0
26.5436	-246.759	0
200.843	-211.221	0
452.193	-113.118	0
2.19699	-205.933	0
252.409	-192.612	0
232.979	-219.523	0
257.921	-217.061	0
248.228	-246.432	0
282.436	-225.558	0
310.387	-244.519	0
-466.425	-21.6092	0
-513.571	0	0
-479.879	-45.4957	0
470.355	-68.8996	0
512.321	0	0
439.177	-136.526	0
458.961	-163.742	0
467.331	-136.859	0
-17.934	-245.61	0
219.345	-245.024	0
334.087	-222.867	0
279.898	-287.616	0
498.373	-77.7087	0
182.063	-276.158	0
505.945	-111.859	0
533.286	-79.8629	0
-93.8449	-225.486	0
-307.556	-203.048	0
423.505	-221.575	0
-156.297	-185.702	0
38.4016	-300.841	0
-492.141	-22.8574	0
-523.184	-30.4868	0
-551.467	-52.2314	0
534.128	-29.2468	0
585.535	0	0
481.601	-215.529	0
185.079	-241.814	0
308.984	-275.86	0
285.29	-259.097	0
313.292	-328.38	0
335.878	-300.09	0
521.593	-142.253	0
565.983	-90.5276	0
438.615	-191.054	0
-586.785	0	0
-564.407	-87.836	0
608.439	-33.0012	0
565.568	-24.706	0
553.879	-54.8902	0
138.397	-255.02	0
369.464	-350.065	0
394.891	-285.44	0
524.86	-180.441	0
559.564	-147.466	0
606.668	-97.7403	0
-622.188	-106.663	0
-527.452	-99.0981	0
649.431	-33.2609	0
620.083	-65.7135	0
642.73	-94.0221	0
683.298	-124.362	0
372.594	-239.921	0
-132.45	-217.178	0
99.418	-266.057	0
536.213	-238.648	0
593.444	-163.8	0
613.18	-223.816	0
638.98	-182.078	0
-520.748	-135.601	0
-555.772	-187.171	0
-510.706	-180.099	0
-490.842	-89.2133	0
673.392	0	0
-119.645	-251.522	0
-164.173	-248.565	0
-145.394	-307.446	0
690.16	-37.3406	0
-225.001	-292.369	0
726.936	-76.2901	0
-232.145	-188.262	0
231.4	-353.674	0
-353.667	-227.448	0
742.494	-123.38	0
778.821	0	0
-263.039	-230.394	0
209.819	-312.951	0
-400.667	-213.233	0
-353.892	-277.58	0
773.116	-174.412	0
171.897	-359.128	0
-455.549	-223.37	0
-381.937	-356.981	0
-295.418	-337.015	0
87.9969	-322.795	0
-11.4121	-334.674	0
315.762	-405.578	0
449.782	-348.388	0
-690.796	-163.76	0
600.675	-317.633	0
807.574	-44.8087	0
842.078	-98.579	0
905.334	0	0
733.403	-229.589	0
-461.16	-280.462	0
96.3258	-378.188	0
-3.20532	-398.541	0
866.723	-152.35	0
861.794	-47.9716	0
-539.82	-336.12	0
-428.592	-326.014	0
59.7845	-453.036	0
896.298	-216.874	0
-484.181	-331.34	0
-440.703	-394.889	0
925.873	-164.278	0
982.16	-111.817	0
738.291	-343.677	0
-78.6644	-476.029	0
939.838	-53.7704	0
1057.15	0	0
999.955	-54.3909	0
898.776	-336.073	0
-423.199	-511.042	0
841.787	-277.633	0
311.981	-498.968	0
483.742	-438.691	0
521.864	-316.156	0
-590.656	-266.236	0
127.753	-501.209	0
1006.23	-178.865	0
1077.92	-274.668	0
1077.2	-200.48	0
1166.33	-236.714	0
1148.23	-142.01	0
1098.56	-64.5242	0
820.245	-355.646	0
-662.474	-371.912	0
207.362	-505.316	0
85.673	-571.524	0
1239.33	0	0
259.102	-581.124	0
-13.7027	-666.762	0
122.028	-704.28	0
1176.68	-69.1073	0
659.58	-382.982	0
659.048	-530.762	0
737.09	-439.738	0
409.294	-501.407	0
1280.59	-265.14	0
301.76	-685.887	0
207.193	-661.209	0
1289.01	-77.4289	0
557.825	-510.564	0
790.609	-564.591	0
1348.64	-170.343	0
477.064	-611.363	0
1457.95	0	0
588.961	-618.263	0
1382.71	-82.8942	0
1025.45	-491.183	0
-555.021	-554.278	0
-307.81	-552.994	0
-80.0156	-582.918	0
-153.05	-701.37	0
1338.21	-454.343	0
435.024	-821.317	0
1390.01	-271.86	0
701.887	-636.894	0
1517.57	-92.9144	0
1083.42	-390.616	0
-257.013	-654.909	0
525.889	-730.325	0
1330.08	-353.443	0
1246.39	-410.963	0
1469.43	-392.995	0
1222.74	-579.889	0
862.191	-743.014	0
1589.12	-204.413	0
630.895	-715.646	0
744.491	-746.675	0
1498.25	-287.497	0
1143.55	-492.266	0
1720.29	0	0
809.212	-933.587	0
1646.9	-384.795	0
1083.32	-620.572	0
1630	-99.4735	0
-675.026	-502.147	0
-535.662	-704.9	0
933.657	-609.872	0
1791.83	-111.498	0
-807.675	-573.389	0
-681.347	-815.196	0
-396.266	-795.629	0
1877.32	-245.058	0
-1053.64	-542.135	0
-787.329	-716.661	0
2035.1	0	0
-944.398	-665.886	0
-889.688	-933.02	0
2042.5	-237.354	0
1926.68	-119.325	0
-337.766	-996.081	0
1800.31	-377.912	0
2109.73	-378.225	0
1732.31	-575.336	0
2037.35	-532.861	0
1871.79	-512.956	0
2206.81	-768	0
305.059	-995.142	0
1350.95	-773.306	0
983.475	-879.382	0
-708.684	-1009.97	0
1682.34	-809.83	0
583.805	-1182.8	0
947.733	-1071.7	0
1196.9	-980.933	0
-883.186	-1169.09	0
-516.863	-1172.93	0
504.049	-1004.26	0
763.066	-1118.39	0
1121.63	-1161.7	0
397.249	-1159.06	0
743.147	-1344.63	0
1208.15	-1479.01	0
455.296	-1447.8	0
-1298.65	-546.555	0
-258.805	-1253.08	0
1854.52	-1094.46	0
-1124.66	-1057.61	0
-701.56	-1317.33	0
936.968	-1545.66	0
-1342.19	-800.121	0
-674.465	-1710.19	0
-457.919	-1438.64	0
169.061	-1622.26	0
1128.49	-1739.92	0
-1585.99	-873.682	0
-1724.05	-1107.94	0
1535.71	-1748.78	0
805.729	-1866.6	0
-1976.25	-1114.53	0
-2208.06	-910.567	0
-2208.06	-1821.13	0
-1841.42	-1445.02	0
-1574.03	-1324.38	0
-1249.01	-1379.93	0
2206.81	-1536	0
-349.131	-1747.51	0
135.309	-2184.32	0
-1810.77	-1841.66	0
-1123.68	-1815.57	0
-558.723	-2137.91	0
518.612	-2126.94	0
2206.81	-2750.09	0
903.174	-2262.56	0
1046.09	-2703.78	0
1274.98	-2385.88	0
-1454.75	-2157.06	0
-675.11	-2575.58	0
684.006	-3074.53	0
-1318.72	-2702.1	0
-487.104	-2997.72	0
1112.92	-3131.24	0
-595.523	-3506.38	0
-51.5411	-3018.08	0
844.814	-3508.73	0
1518.86	-3345.41	0
-177.536	-3424.87	0
-292.254	-3949.09	0
106.23	-3761.63	0
195.681	-2674.05	0
1581.66	-2139.48	0
1644.33	-2531.54	0
1867.03	-1907.86	0
1844.65	-2849.07	0
2206.81	-2399.04	0
2206.81	-3101.13	0
1881.79	-3276.66	0
1935.63	-2223.52	0
1890.56	-3649.1	0
1855.65	-4022.52	0
2206.81	-3803.22	0
1891.14	-4461.8	0
-1587.56	-3338.51	0
-1591.85	-4115.39	0
CELLS 6637	26548
3 314	1441	315	
3 1445	3531	3532	
3 1478	869	1479	
3 3383	1375	3355	
3 1380	1391	1400	
3 1470	1460	1469	
3 104	103	330	
3 1347	3317	1359	
3 338	181	180	
3 3132	3090	1306	
3 1280	3016	3064	
3 258	257	1686	
3 1347	1359	1341	
3 182	181	318	
3 3067	2940	3030	
3 105	104	317	
3 684	348	729	
3 2932	2828	2852	
3 444	1626	1629	
3 2467	1098	2466	
3 2316	2440	1043	
3 347	423	519	
3 1213	2862	2876	
3 469	330	383	
3 1659	1661	1657	
3 1544	1519	799	
3 1584	37	1579	
3 359	1618	1621	
3 1612	1615	360	
3 438	598	659	
3 1541	1540	1545	
3 1499	1467	1497	
3 2326	2213	2302	
3 1521	671	1509	
3 673	1464	1487	
3 257	256	345	
3 688	366	735	
3 1536	799	1518	
3 466	691	465	
3 324	1495	1491	
3 2440	1024	2333	
3 365	445	536	
3 362	1546	1550	
3 498	338	405	
3 608	1891	459	
3 1023	2322	2321	
3 375	327	1866	
3 1675	2121	2125	
3 2157	999	2126	
3 720	329	677	
3 1066	2321	2322	
3 768	675	720	
3 1078	2442	2323	
3 675	718	328	
3 468	102	101	
3 469	317	330	
3 523	427	86	
3 1465	1468	1493	
3 1498	1500	1503	
3 473	614	387	
3 1468	1503	30	
3 100	99	385	
3 219	332	220	
3 32	1535	1534	
3 200	333	201	
3 1560	1552	1557	
3 1580	1574	442	
3 680	402	403	
3 1532	1515	1530	
3 493	494	697	
3 31	1505	1507	
3 747	696	393	
3 869	1480	1484	
3 108	379	328	
3 1582	1584	357	
3 1535	1517	1515	
3 804	709	908	
3 1580	1583	36	
3 318	498	709	
3 1613	1616	38	
3 1617	1678	38	
3 185	1687	186	
3 668	337	318	
3 1638	41	1642	
3 497	179	178	
3 1662	1667	46	
3 44	1663	1658	
3 177	176	407	
3 1641	1638	1633	
3 1688	337	336	
3 1629	1633	444	
3 183	1688	184	
3 540	449	163	
3 1669	46	1667	
3 2653	2572	1144	
3 48	47	1689	
3 1689	356	1788	
3 415	2045	2049	
3 1669	47	46	
3 1978	411	1949	
3 2070	584	2072	
3 440	51	532	
3 669	710	343	
3 591	426	520	
3 439	53	1772	
3 259	343	260	
3 440	52	51	
3 262	1690	263	
3 1772	440	354	
3 1693	1692	269	
3 45	1660	1662	
3 409	502	629	
3 343	259	344	
3 426	348	59	
3 253	252	420	
3 59	58	426	
3 348	60	59	
3 635	422	517	
3 520	58	57	
3 512	255	254	
3 518	63	62	
3 60	348	425	
3 1792	355	1791	
3 64	63	423	
3 347	65	64	
3 439	531	54	
3 347	320	65	
3 61	60	425	
3 423	347	64	
3 237	236	1719	
3 1825	82	81	
3 352	66	320	
3 73	1770	74	
3 352	436	67	
3 433	350	1770	
3 519	320	347	
3 66	352	67	
3 351	436	528	
3 528	352	320	
3 435	70	69	
3 1655	1651	1653	
3 72	1771	73	
3 1805	524	1814	
3 1633	358	1637	
3 72	71	527	
3 67	436	68	
3 435	69	351	
3 68	351	69	
3 320	66	65	
3 596	776	1784	
3 54	53	439	
3 669	344	319	
3 432	1773	1770	
3 190	334	191	
3 52	1772	53	
3 1773	1780	1779	
3 49	1774	50	
3 77	76	1775	
3 1773	432	1780	
3 1837	685	1835	
3 1787	1786	441	
3 1801	524	1802	
3 1578	357	1577	
3 470	554	386	
3 82	1825	1829	
3 1581	1608	1609	
3 80	1802	1810	
3 1565	1559	1566	
3 1810	1825	81	
3 356	321	1680	
3 1578	1607	357	
3 85	592	523	
3 1611	1612	360	
3 614	473	555	
3 522	87	427	
3 360	1619	1616	
3 86	85	523	
3 1623	1616	1619	
3 1502	324	1496	
3 555	91	90	
3 442	1556	1578	
3 93	92	387	
3 470	386	97	
3 1528	323	1527	
3 473	92	91	
3 1510	1531	1513	
3 87	522	88	
3 31	1504	1505	
3 83	82	429	
3 1664	1661	1659	
3 1465	1460	1463	
3 386	331	98	
3 535	140	139	
3 98	97	386	
3 331	99	98	
3 138	137	447	
3 470	97	96	
3 1464	1499	1463	
3 461	548	131	
3 99	331	385	
3 158	367	159	
3 103	102	383	
3 318	338	498	
3 458	545	369	
3 330	317	104	
3 607	780	368	
3 383	330	103	
3 848	1884	1893	
3 536	325	365	
3 382	106	105	
3 545	370	325	
3 379	108	107	
3 108	328	109	
3 144	458	145	
3 329	107	106	
3 145	369	146	
3 119	118	466	
3 110	109	381	
3 129	372	130	
3 375	113	112	
3 1866	113	375	
3 1890	371	1891	
3 111	464	112	
3 1901	1896	1891	
3 109	328	381	
3 546	121	120	
3 329	106	382	
3 150	368	151	
3 472	93	387	
3 1547	363	1542	
3 1887	1878	374	
3 115	114	1865	
3 380	111	110	
3 116	1868	117	
3 1870	118	117	
3 375	464	551	
3 1870	117	1868	
3 1873	1872	463	
3 1886	1889	371	
3 1886	1890	1882	
3 1869	115	1867	
3 1889	1886	1888	
3 124	1882	1880	
3 674	378	327	
3 121	459	122	
3 375	551	327	
3 466	118	1870	
3 717	327	551	
3 107	329	379	
3 463	1872	1876	
3 677	329	382	
3 462	372	129	
3 462	128	549	
3 464	375	112	
3 1874	1876	1872	
3 675	379	329	
3 380	110	381	
3 602	448	537	
3 677	382	317	
3 461	131	130	
3 448	366	136	
3 384	101	100	
3 461	130	372	
3 105	317	382	
3 462	129	128	
3 676	381	328	
3 1880	374	1874	
3 115	1865	1867	
3 331	386	554	
3 136	135	448	
3 678	385	331	
3 141	445	365	
3 137	366	447	
3 384	100	385	
3 137	136	366	
3 552	383	468	
3 94	93	472	
3 141	140	445	
3 92	473	387	
3 142	325	143	
3 370	143	325	
3 2099	2101	478	
3 142	141	365	
3 429	685	428	
3 365	325	142	
3 553	96	95	
3 745	390	563	
3 370	458	144	
3 475	1722	1725	
3 369	457	146	
3 457	147	146	
3 222	390	223	
3 455	368	150	
3 228	2091	2090	
3 221	483	222	
3 149	455	150	
3 215	214	486	
3 368	454	151	
3 454	152	151	
3 623	665	488	
3 541	605	452	
3 564	217	216	
3 149	148	544	
3 563	391	332	
3 143	370	144	
3 2078	2079	235	
3 537	135	134	
3 102	468	383	
3 1866	378	1865	
3 1877	1873	1875	
3 3276	1382	3340	
3 1668	1670	321	
3 152	454	543	
3 453	154	153	
3 206	394	207	
3 158	452	367	
3 541	157	156	
3 491	569	395	
3 203	395	204	
3 452	158	157	
3 202	491	203	
3 451	159	367	
3 160	159	451	
3 570	198	197	
3 408	499	575	
3 569	396	333	
3 162	603	540	
3 623	488	567	
3 334	572	723	
3 163	162	540	
3 401	572	334	
3 164	449	539	
3 164	539	165	
3 192	1905	193	
3 576	629	502	
3 492	397	199	
3 1905	400	399	
3 502	169	168	
3 401	496	572	
3 408	174	499	
3 501	170	409	
3 336	337	668	
3 409	170	169	
3 188	187	2036	
3 167	576	168	
3 679	400	334	
3 408	339	175	
3 196	195	1906	
3 680	403	335	
3 499	174	173	
3 404	1909	1688	
3 176	175	339	
3 405	338	180	
3 681	404	336	
3 408	175	174	
3 187	2035	2036	
3 573	405	497	
3 338	318	181	
3 497	405	179	
3 319	345	513	
3 318	337	182	
3 682	407	339	
3 405	180	179	
3 575	339	408	
3 407	176	339	
3 406	178	177	
3 574	173	172	
3 1687	404	335	
3 451	689	450	
3 334	190	401	
3 403	2035	1687	
3 169	502	409	
3 184	1909	185	
3 171	170	501	
3 277	1911	1910	
3 188	496	189	
3 1966	1970	1948	
3 571	397	492	
3 191	334	400	
3 506	1974	1978	
3 189	401	190	
3 1703	1715	508	
3 2036	2035	403	
3 1924	1932	279	
3 183	182	337	
3 406	177	407	
3 192	191	400	
3 496	401	189	
3 1698	1699	413	
3 2076	398	1907	
3 2037	581	2038	
3 194	2075	2076	
3 1906	1907	494	
3 2043	2042	266	
3 193	2075	194	
3 1706	1704	1705	
3 1695	414	1693	
3 492	199	198	
3 2048	2051	265	
3 392	484	565	
3 333	396	201	
3 511	261	260	
3 397	200	199	
3 2064	2054	416	
3 200	397	333	
3 2068	657	2065	
3 419	254	253	
3 202	396	491	
3 490	205	568	
3 394	206	490	
3 205	490	206	
3 587	346	421	
3 396	202	201	
3 585	418	512	
3 683	420	346	
3 566	622	487	
3 586	249	248	
3 207	489	208	
3 213	487	393	
3 247	246	516	
3 394	489	207	
3 419	253	420	
3 566	212	211	
3 512	418	255	
3 2085	2086	2083	
3 417	511	584	
3 242	241	557	
3 487	213	212	
3 589	423	518	
3 392	218	484	
3 486	214	393	
3 348	426	591	
3 393	214	213	
3 424	62	61	
3 684	425	348	
3 484	218	217	
3 520	57	590	
3 418	513	345	
3 332	391	220	
3 56	55	438	
3 392	219	218	
3 424	61	425	
3 219	392	332	
3 518	423	63	
3 86	427	87	
3 221	391	483	
3 83	428	84	
3 223	390	482	
3 223	482	224	
3 685	429	349	
3 2093	2097	2091	
3 706	1821	1832	
3 1812	1815	525	
3 2093	2095	2096	
3 732	351	528	
3 2090	479	2085	
3 2086	2085	479	
3 1802	80	1800	
3 1752	477	1756	
3 1778	1830	1775	
3 562	226	225	
3 428	83	429	
3 221	220	391	
3 430	1805	1814	
3 3367	306	3365	
3 1722	1723	1725	
3 1447	3519	3486	
3 1710	1709	1711	
3 1777	1779	1776	
3 230	2077	231	
3 433	527	596	
3 234	233	559	
3 1720	2079	388	
3 434	71	70	
3 433	1771	527	
3 514	587	421	
3 434	70	435	
3 240	558	474	
3 615	558	239	
3 528	436	352	
3 1720	476	1719	
3 686	435	351	
3 235	234	2078	
3 519	975	320	
3 1652	43	1651	
3 2080	517	422	
3 355	1789	1791	
3 244	243	588	
3 517	245	244	
3 426	58	520	
3 474	557	241	
3 597	1657	1650	
3 54	531	55	
3 421	250	514	
3 532	1796	440	
3 346	251	421	
3 514	250	249	
3 1788	1790	441	
3 2080	516	246	
3 532	51	50	
3 516	2080	422	
3 598	439	354	
3 239	558	240	
3 351	68	436	
3 1564	1547	1568	
3 252	251	346	
3 597	1659	1657	
3 346	420	252	
3 319	1686	345	
3 1660	1663	437	
3 345	256	418	
3 1556	362	1550	
3 359	1621	1626	
3 287	2365	2391	
3 600	445	535	
3 344	259	258	
3 417	342	1690	
3 366	448	602	
3 258	1686	344	
3 446	139	138	
3 418	256	255	
3 359	1622	1619	
3 688	447	366	
3 262	261	2081	
3 537	134	601	
3 1690	342	2062	
3 2053	2052	416	
3 133	132	460	
3 2038	2055	509	
3 446	138	447	
3 163	449	164	
3 1693	1696	1691	
3 160	450	161	
3 1693	1694	1695	
3 503	1939	1943	
3 689	451	367	
3 2039	267	2037	
3 707	453	758	
3 2052	2053	2050	
3 367	452	605	
3 2081	511	417	
3 535	445	140	
3 421	251	250	
3 1787	1789	1774	
3 542	155	154	
3 1701	270	1700	
3 369	545	738	
3 1948	1949	1947	
3 1705	1707	1710	
3 157	541	452	
3 1704	1701	1702	
3 154	453	542	
3 152	543	153	
3 1914	1911	1915	
3 455	544	607	
3 1910	1912	278	
3 1954	1984	281	
3 977	325	536	
3 410	1987	1986	
3 456	148	147	
3 1971	1969	579	
3 606	454	368	
3 690	457	369	
3 1984	1954	1956	
3 545	458	370	
3 283	1994	1998	
3 2002	283	1998	
3 369	145	458	
3 1983	1990	1998	
3 456	147	457	
3 608	459	546	
3 2010	2009	871	
3 448	135	537	
3 2026	2017	2018	
3 2324	2026	1001	
3 461	372	2137	
3 578	1942	1941	
3 373	1875	1892	
3 2012	2014	2015	
3 465	120	119	
3 1952	280	1953	
3 544	455	149	
3 549	128	127	
3 2391	2406	287	
3 1876	1878	463	
3 288	2406	2458	
3 2360	2234	1027	
3 1871	1873	126	
3 2724	2347	1101	
3 1881	1885	549	
3 551	464	380	
3 927	2145	2146	
3 546	459	121	
3 2833	2854	1193	
3 2884	1219	2883	
3 691	466	376	
3 2701	2743	291	
3 377	674	740	
3 2485	2513	2458	
3 111	380	464	
3 1868	116	1869	
3 1268	3147	297	
3 101	384	468	
3 3173	1329	3176	
3 3214	3212	3213	
3 383	552	469	
3 298	3151	3161	
3 692	467	377	
3 626	498	573	
3 3305	1362	3304	
3 612	470	553	
3 3390	307	3381	
3 3444	3448	3447	
3 693	387	742	
3 1378	3347	3353	
3 471	95	94	
3 1351	3244	3268	
3 722	678	331	
3 2961	2971	1235	
3 465	119	466	
3 1677	2300	1601	
3 131	548	132	
3 1691	1698	1700	
3 450	160	451	
3 553	470	96	
3 432	1783	1781	
3 693	472	387	
3 489	567	208	
3 471	94	472	
3 555	90	613	
3 89	88	521	
3 388	1752	1729	
3 240	474	241	
3 2087	2089	478	
3 1721	238	237	
3 1726	1723	1724	
3 237	1719	1721	
3 560	232	231	
3 2077	560	231	
3 2094	389	2100	
3 559	477	2078	
3 2094	2088	479	
3 2084	2083	561	
3 481	225	224	
3 562	619	2098	
3 390	483	563	
3 2093	2096	480	
3 695	482	390	
3 481	224	482	
3 563	483	391	
3 390	222	483	
3 485	216	215	
3 620	484	564	
3 487	622	393	
3 564	484	217	
3 696	486	393	
3 485	215	486	
3 566	211	621	
3 210	209	488	
3 395	569	849	
3 487	212	566	
3 623	489	394	
3 208	567	209	
3 568	205	204	
3 490	568	624	
3 569	491	396	
3 395	203	491	
3 197	196	1908	
3 625	492	570	
3 679	748	399	
3 570	492	198	
3 697	494	398	
3 196	1906	1908	
3 495	2075	1905	
3 698	495	399	
3 2036	496	188	
3 572	496	402	
3 178	406	497	
3 405	573	498	
3 727	682	339	
3 420	683	419	
3 500	172	171	
3 627	499	574	
3 699	409	750	
3 574	499	173	
3 699	501	409	
3 500	171	501	
3 576	167	628	
3 166	165	538	
3 1912	1917	1919	
3 1959	1934	577	
3 1715	1716	412	
3 1934	1932	577	
3 505	1914	1916	
3 1917	1912	1913	
3 1711	1712	273	
3 656	1974	1972	
3 1980	656	1975	
3 506	1970	1971	
3 1702	1703	508	
3 1704	1706	271	
3 2037	2042	581	
3 509	2037	2038	
3 2049	510	2054	
3 2045	415	2044	
3 260	343	511	
3 584	511	343	
3 254	419	512	
3 418	585	513	
3 728	683	346	
3 1946	1943	1944	
3 515	248	247	
3 634	514	586	
3 701	422	751	
3 586	514	249	
3 701	516	422	
3 515	247	516	
3 556	243	242	
3 517	588	635	
3 62	424	518	
3 423	589	519	
3 1664	353	1661	
3 611	469	552	
3 590	57	56	
3 637	520	590	
3 523	592	1844	
3 473	91	555	
3 702	522	427	
3 521	88	522	
3 592	85	84	
3 1842	1844	592	
3 1803	593	1804	
3 1808	1813	1804	
3 1809	1814	524	
3 1803	1804	1801	
3 1780	1781	526	
3 1778	1775	1776	
3 71	434	527	
3 596	527	434	
3 385	678	384	
3 1778	526	1782	
3 1649	1651	443	
3 1650	529	1649	
3 1545	1540	762	
3 591	637	659	
3 598	531	439	
3 438	55	531	
3 1774	532	50	
3 1796	355	1793	
3 425	684	424	
3 531	598	438	
3 2842	2805	1195	
3 884	684	729	
3 139	446	535	
3 445	600	536	
3 2190	642	2184	
3 736	450	689	
3 601	134	133	
3 642	537	601	
3 643	449	540	
3 502	168	576	
3 703	539	449	
3 538	165	539	
3 603	162	161	
3 540	603	643	
3 604	156	155	
3 644	541	604	
3 605	541	644	
3 156	604	541	
3 606	543	454	
3 453	153	543	
3 148	456	544	
3 607	544	456	
3 407	682	406	
3 543	606	453	
3 120	465	546	
3 608	547	1891	
3 740	692	377	
3 609	2173	2181	
3 609	548	461	
3 460	132	548	
3 127	1877	1879	
3 549	1879	1881	
3 447	688	446	
3 548	609	460	
3 379	675	328	
3 377	378	674	
3 468	384	552	
3 611	552	384	
3 95	471	553	
3 470	612	554	
3 471	472	693	
3 776	596	733	
3 613	90	89	
3 647	555	613	
3 558	1747	1750	
3 588	517	244	
3 704	557	474	
3 556	242	557	
3 615	239	238	
3 1733	1747	615	
3 616	233	232	
3 649	559	616	
3 1756	617	1752	
3 233	616	559	
3 2086	2088	561	
3 2084	2087	2077	
3 225	481	562	
3 619	562	481	
3 392	565	332	
3 332	565	979	
3 216	485	564	
3 484	620	565	
3 665	622	651	
3 633	513	585	
3 621	211	210	
3 651	566	621	
3 623	567	489	
3 488	209	567	
3 204	395	568	
3 624	568	395	
3 397	571	333	
3 486	696	485	
3 1908	570	197	
3 492	625	571	
3 572	724	770	
3 571	984	333	
3 724	402	680	
3 399	400	679	
3 497	406	573	
3 626	573	406	
3 172	500	574	
3 499	627	575	
3 780	607	739	
3 500	501	699	
3 628	167	166	
3 654	576	628	
3 1922	1924	1919	
3 1943	410	1956	
3 1702	413	1703	
3 2129	850	1716	
3 1713	274	1714	
3 1981	631	1980	
3 1696	414	2061	
3 700	1918	1951	
3 2044	2042	2043	
3 2055	2057	2059	
3 797	2072	710	
3 1699	1718	580	
3 417	584	2070	
3 710	584	343	
3 343	344	669	
3 319	711	669	
3 512	419	585	
3 633	585	419	
3 248	515	586	
3 514	634	587	
3 619	2110	2108	
3 515	516	701	
3 243	556	588	
3 635	588	556	
3 518	424	589	
3 636	589	424	
3 56	438	590	
3 520	637	591	
3 693	742	890	
3 846	2237	2118	
3 84	428	592	
3 428	1840	1842	
3 1807	593	1803	
3 1808	1812	1816	
3 636	519	589	
3 686	732	2423	
3 350	433	596	
3 528	320	975	
3 686	434	435	
3 886	933	636	
3 1640	1645	443	
3 358	1636	1640	
3 599	354	440	
3 845	1648	1647	
3 1647	1648	640	
3 924	354	1798	
3 535	446	600	
3 641	600	446	
3 133	460	601	
3 537	642	602	
3 645	547	608	
3 853	783	837	
3 161	450	603	
3 643	603	450	
3 155	542	604	
3 604	707	644	
3 536	600	641	
3 739	690	738	
3 368	455	607	
3 545	325	977	
3 690	456	457	
3 889	935	641	
3 546	465	608	
3 645	608	465	
3 462	1885	1895	
3 2268	836	2271	
3 2220	2139	853	
3 1899	610	1894	
3 612	646	554	
3 682	727	878	
3 553	471	612	
3 646	612	471	
3 89	521	613	
3 555	647	614	
3 1837	730	1840	
3 752	702	427	
3 1721	615	238	
3 1733	475	1728	
3 232	560	616	
3 2107	649	616	
3 650	565	620	
3 695	745	2284	
3 480	2098	2097	
3 563	332	979	
3 695	481	482	
3 895	938	650	
3 564	485	620	
3 650	620	485	
3 210	488	621	
3 566	651	622	
3 652	571	625	
3 854	789	840	
3 624	394	490	
3 839	918	821	
3 652	854	865	
3 624	863	926	
3 570	493	625	
3 652	625	493	
3 627	653	575	
3 793	825	754	
3 574	500	627	
3 653	627	500	
3 166	538	628	
3 576	654	629	
3 643	450	736	
3 753	703	449	
3 1928	577	1927	
3 1936	1931	1935	
3 1916	1918	505	
3 2058	657	2150	
3 2046	581	2044	
3 2058	632	2065	
3 658	587	634	
3 1936	1937	1938	
3 586	515	634	
3 658	634	515	
3 556	557	704	
3 792	635	754	
3 530	597	1646	
3 678	722	875	
3 590	438	637	
3 659	637	438	
3 1833	349	1827	
3 521	522	702	
3 1808	593	1812	
3 1818	1821	706	
3 1570	1575	363	
3 734	1627	1625	
3 688	735	887	
3 809	778	737	
3 601	460	642	
3 460	2181	2184	
3 367	737	689	
3 538	539	703	
3 542	707	604	
3 707	542	453	
3 741	692	782	
3 783	741	815	
3 1843	638	1841	
3 774	1849	1838	
3 613	521	647	
3 663	647	521	
3 1723	1726	694	
3 704	754	556	
3 2104	2107	560	
3 2104	478	2101	
3 747	893	696	
3 881	683	728	
3 621	488	651	
3 665	651	488	
3 788	749	698	
3 789	652	697	
3 750	896	699	
3 605	644	662	
3 628	538	654	
3 666	654	538	
3 667	1977	2140	
3 289	2547	2572	
3 656	1972	1975	
3 667	2023	1977	
3 2064	2067	2069	
3 2057	2058	582	
3 2100	2105	2094	
3 475	1725	1728	
3 1553	1590	1591	
3 599	1793	1795	
3 591	932	729	
3 1816	1822	639	
3 783	645	691	
3 610	1884	1894	
3 602	2191	2192	
3 666	629	654	
3 2160	807	2161	
3 614	647	663	
3 789	749	822	
3 1760	617	1764	
3 863	624	849	
3 622	937	747	
3 810	758	606	
3 753	643	791	
3 2021	2022	1981	
3 922	2140	2141	
3 336	725	681	
3 668	725	336	
3 513	711	319	
3 796	711	906	
3 1610	1614	1609	
3 358	1632	1636	
3 1473	1474	1471	
3 2774	1192	2791	
3 1527	713	1541	
3 1546	362	1547	
3 1523	1501	671	
3 324	1491	1496	
3 674	327	717	
3 740	782	692	
3 676	328	718	
3 676	380	381	
3 551	380	719	
3 380	676	719	
3 469	721	317	
3 803	721	907	
3 722	331	554	
3 611	384	678	
3 679	334	723	
3 748	788	698	
3 681	335	404	
3 771	668	709	
3 318	709	668	
3 335	681	726	
3 727	339	575	
3 626	406	682	
3 728	346	587	
3 633	419	683	
3 729	348	591	
3 636	424	684	
3 349	1820	1827	
3 731	1831	1848	
3 686	351	732	
3 434	686	733	
3 1618	359	1615	
3 1612	1614	670	
3 735	366	602	
3 641	446	688	
3 605	737	367	
3 809	737	911	
3 690	369	738	
3 456	690	739	
3 376	467	692	
3 645	465	691	
3 717	781	674	
3 376	692	741	
3 742	387	614	
3 646	471	693	
3 1730	1738	1734	
3 1766	1739	1761	
3 695	390	745	
3 481	695	746	
3 747	393	622	
3 650	485	696	
3 398	495	698	
3 652	493	697	
3 723	787	679	
3 398	698	749	
3 750	409	629	
3 653	500	699	
3 1962	1961	2020	
3 1940	1933	504	
3 751	422	635	
3 658	515	701	
3 1845	1844	638	
3 663	521	702	
3 753	449	643	
3 666	538	703	
3 474	558	1750	
3 1742	1732	743	
3 1629	1632	358	
3 1644	1646	705	
3 1782	757	1832	
3 1818	1822	1816	
3 758	453	606	
3 644	707	662	
3 2099	759	2101	
3 1764	664	1760	
3 723	572	770	
3 698	399	748	
3 669	711	761	
3 2069	2067	905	
3 796	761	711	
3 669	761	710	
3 1546	672	1554	
3 1549	1553	1592	
3 1487	1464	1485	
3 2630	1041	2442	
3 1509	1520	713	
3 1596	1555	1558	
3 2283	2115	801	
3 1509	671	1501	
3 982	2314	2279	
3 1628	687	1625	
3 676	718	766	
3 766	802	719	
3 675	329	720	
3 719	676	766	
3 720	677	769	
3 551	719	767	
3 677	317	721	
3 721	769	677	
3 720	769	768	
3 675	768	718	
3 877	722	929	
3 875	876	611	
3 572	402	724	
3 724	772	805	
3 680	335	726	
3 772	724	680	
3 773	725	771	
3 726	772	680	
3 725	773	681	
3 668	771	725	
3 880	727	930	
3 878	879	626	
3 883	728	931	
3 900	658	899	
3 885	729	932	
3 953	969	659	
3 774	1835	1834	
3 1840	730	1841	
3 1836	730	1835	
3 901	702	752	
3 2423	732	2424	
3 434	733	596	
3 528	775	732	
3 660	1823	1824	
3 1618	1620	734	
3 1636	1639	705	
3 602	2192	735	
3 661	2181	2180	
3 689	737	778	
3 736	791	643	
3 736	778	824	
3 903	703	753	
3 779	976	738	
3 456	739	607	
3 545	779	738	
3 758	662	707	
3 740	674	781	
3 741	691	376	
3 740	781	812	
3 691	741	783	
3 891	742	936	
3 1857	2205	901	
3 1731	1730	784	
3 701	751	899	
3 751	635	792	
3 793	754	704	
3 2284	785	2320	
3 481	746	619	
3 563	785	745	
3 2103	708	2101	
3 894	747	937	
3 957	971	665	
3 748	679	787	
3 749	697	398	
3 748	787	819	
3 697	749	789	
3 897	750	939	
3 666	903	904	
3 635	556	754	
3 743	1728	1727	
3 685	1834	1835	
3 1827	1831	731	
3 778	736	689	
3 911	737	605	
3 704	474	755	
3 755	793	704	
3 1753	1757	1761	
3 1727	1731	743	
3 1625	687	1621	
3 1624	734	1620	
3 2160	1784	807	
3 2423	733	686	
3 368	780	810	
3 738	976	739	
3 817	2106	2105	
3 2155	746	2284	
3 881	633	683	
3 1716	580	2129	
3 513	906	711	
3 710	761	797	
3 1588	1590	1540	
3 534	1555	1596	
3 1508	764	1501	
3 855	1853	1852	
3 673	1487	1490	
3 1508	1518	799	
3 764	1508	1519	
3 1592	1593	1558	
3 1843	1851	752	
3 767	717	551	
3 718	768	766	
3 791	842	856	
3 907	721	469	
3 768	832	766	
3 721	803	769	
3 832	768	980	
3 753	791	856	
3 759	2102	2106	
3 709	498	908	
3 771	709	804	
3 773	726	681	
3 773	771	981	
3 981	833	773	
3 772	726	773	
3 1783	1784	595	
3 2134	910	1847	
3 1635	1634	830	
3 875	611	678	
3 1548	800	1544	
3 812	814	782	
3 1600	712	1609	
3 2114	829	2113	
3 810	606	368	
3 758	810	912	
3 719	802	767	
3 682	878	626	
3 1896	1902	1887	
3 788	819	821	
3 767	811	717	
3 782	740	812	
3 802	835	767	
3 782	815	741	
3 813	717	811	
3 815	837	783	
3 2102	759	2099	
3 793	755	1746	
3 772	773	833	
3 760	2072	797	
3 569	333	984	
3 792	843	857	
3 770	818	723	
3 788	748	819	
3 805	838	770	
3 788	822	749	
3 770	724	805	
3 822	840	789	
3 1839	730	1836	
3 790	1855	1852	
3 736	824	791	
3 842	791	824	
3 1741	1744	1745	
3 2281	825	826	
3 1748	1750	1737	
3 794	1745	1746	
3 1743	1734	1739	
3 743	1731	1736	
3 1593	763	1558	
3 1635	795	1630	
3 938	565	650	
3 2327	2329	2372	
3 761	796	797	
3 851	797	796	
3 1494	765	1489	
3 1628	1631	756	
3 1488	1604	1486	
3 2806	2792	2800	
3 2706	2896	2864	
3 891	890	742	
3 2117	834	2213	
3 802	832	2313	
3 768	769	980	
3 766	832	802	
3 636	933	519	
3 750	897	896	
3 641	935	536	
3 792	754	825	
3 833	805	772	
3 723	818	820	
3 1646	1679	530	
3 829	2215	1634	
3 2162	2135	1847	
3 2135	1846	660	
3 1593	1595	763	
3 847	1792	1794	
3 2166	2173	2137	
3 838	805	833	
3 911	912	949	
3 912	911	662	
3 877	876	875	
3 835	811	767	
3 813	781	717	
3 812	781	813	
3 2273	836	2272	
3 813	2272	812	
3 2276	835	2277	
3 1881	1884	610	
3 782	814	815	
3 837	815	814	
3 957	623	926	
3 751	792	857	
3 1769	1768	1767	
3 1757	1765	913	
3 880	879	878	
3 818	770	838	
3 820	787	723	
3 819	787	820	
3 820	818	839	
3 819	820	821	
3 838	917	818	
3 624	395	849	
3 788	821	822	
3 840	822	821	
3 1838	823	1836	
3 1838	1850	823	
3 778	809	824	
3 842	824	809	
3 793	826	825	
3 792	825	843	
3 839	821	820	
3 1746	1745	844	
3 827	1736	1735	
3 827	1735	1740	
3 712	1602	2114	
3 1624	2113	828	
3 2214	2215	808	
3 795	1627	1630	
3 808	2116	2117	
3 355	1792	1793	
3 1589	1598	831	
3 1594	834	1595	
3 946	907	876	
3 836	2268	2272	
3 947	908	879	
3 2525	998	2528	
3 2203	2202	1025	
3 659	969	932	
3 803	907	946	
3 2297	2208	2364	
3 1020	2313	2332	
3 888	2193	2198	
3 861	1899	1898	
3 783	853	645	
3 908	947	804	
3 844	1762	1763	
3 1021	833	992	
3 881	882	633	
3 849	862	863	
3 789	854	652	
3 2178	910	2161	
3 886	636	884	
3 912	810	988	
3 887	2231	641	
3 2159	990	2352	
3 1768	1755	816	
3 895	650	893	
3 2286	914	817	
3 2256	830	2237	
3 1643	1639	756	
3 1594	1599	1601	
3 885	963	1011	
3 985	1683	1673	
3 598	354	924	
3 848	1893	1897	
3 1900	2137	372	
3 862	849	569	
3 623	394	926	
3 2073	2071	905	
3 851	2282	797	
3 882	945	906	
3 2548	2361	2511	
3 1676	852	1677	
3 836	2275	2271	
3 1904	2138	983	
3 2139	1904	547	
3 862	984	865	
3 571	652	865	
3 1859	855	1856	
3 702	901	663	
3 856	842	942	
3 703	903	666	
3 883	882	881	
3 701	899	658	
3 1860	806	1854	
3 953	598	924	
3 2258	2257	1042	
3 884	636	684	
3 2220	864	2139	
3 641	688	887	
3 2260	2219	2244	
3 2219	2242	2138	
3 854	868	865	
3 650	696	893	
3 865	2526	2525	
3 865	868	2526	
3 2243	837	2259	
3 916	2259	2265	
3 840	868	854	
3 821	918	840	
3 858	2256	2255	
3 1794	1797	847	
3 2275	2274	915	
3 2243	2259	867	
3 839	818	917	
3 918	868	840	
3 2119	1675	870	
3 1485	316	1486	
3 2357	24	2382	
3 716	1674	1587	
3 340	1990	1989	
3 284	2014	2012	
3 2015	2017	2007	
3 872	2011	2033	
3 972	1961	1999	
3 2030	873	2024	
3 2065	2066	2068	
3 2063	2151	2060	
3 554	929	722	
3 722	877	875	
3 2308	2309	2307	
3 803	946	960	
3 890	646	693	
3 2408	929	892	
3 575	930	727	
3 727	880	878	
3 1058	897	1008	
3 804	947	961	
3 896	653	699	
3 898	880	930	
3 728	587	931	
3 881	728	883	
3 857	940	900	
3 906	945	796	
3 940	857	843	
3 900	883	931	
3 729	885	884	
3 884	885	886	
3 2214	2236	846	
3 2379	1054	2380	
3 2118	2237	830	
3 2214	808	2117	
3 2194	2192	2193	
3 2231	887	2194	
3 911	949	809	
3 1055	780	976	
3 2183	661	2180	
3 2253	888	2197	
3 742	614	936	
3 890	891	892	
3 2392	2408	892	
3 892	646	890	
3 902	2309	936	
3 2309	902	2254	
3 747	894	893	
3 893	894	895	
3 1754	1744	1740	
3 786	2155	2285	
3 971	937	665	
3 1767	2235	950	
3 750	629	939	
3 896	897	898	
3 880	898	2573	
3 898	653	896	
3 939	904	897	
3 904	1008	897	
3 751	857	899	
3 899	857	900	
3 1006	843	2281	
3 1014	2604	940	
3 1851	1853	752	
3 1853	1857	901	
3 2206	2207	1857	
3 2207	902	1857	
3 753	856	903	
3 903	856	904	
3 942	904	856	
3 904	942	1008	
3 760	2282	2073	
3 2068	2069	2071	
3 513	633	906	
3 882	906	633	
3 469	611	907	
3 876	907	611	
3 498	626	908	
3 879	908	626	
3 1846	594	1819	
3 2134	1824	757	
3 2353	2170	807	
3 733	2423	2425	
3 605	662	911	
3 662	758	912	
3 810	780	1055	
3 976	780	739	
3 1757	1760	1765	
3 2112	2103	2109	
3 2111	2156	817	
3 826	844	1763	
3 960	991	980	
3 961	992	981	
3 2444	2475	1096	
3 1003	839	917	
3 2219	2260	997	
3 2281	826	1763	
3 917	838	1021	
3 945	959	796	
3 2579	2580	2582	
3 959	851	796	
3 1758	920	1759	
3 1762	1754	1758	
3 1676	2278	852	
3 832	980	991	
3 2150	2154	2169	
3 1960	1962	1940	
3 2238	1005	1031	
3 2128	1685	985	
3 1798	354	599	
3 924	859	952	
3 2137	1900	925	
3 2172	2166	925	
3 624	926	394	
3 926	863	956	
3 1022	2318	1038	
3 2028	973	2029	
3 2152	657	2068	
3 874	2060	2151	
3 554	646	929	
3 892	929	646	
3 575	653	930	
3 898	930	653	
3 587	658	931	
3 900	931	658	
3 591	659	932	
3 598	953	659	
3 2430	1016	2427	
3 933	2427	975	
3 934	2191	2188	
3 2173	609	2137	
3 2339	2349	889	
3 935	2375	977	
3 614	663	936	
3 936	663	2205	
3 622	665	937	
3 623	957	665	
3 2343	2342	2373	
3 938	2342	979	
3 629	666	939	
3 904	939	666	
3 919	2159	2352	
3 900	2604	883	
3 1861	1862	1860	
3 1864	2165	1850	
3 949	1060	809	
3 809	1060	842	
3 959	1038	851	
3 2218	850	2129	
3 2071	2073	2074	
3 2154	2153	958	
3 883	2605	882	
3 882	966	945	
3 2489	876	877	
3 967	946	876	
3 2574	879	880	
3 968	947	879	
3 967	2477	2476	
3 1081	2351	2398	
3 2276	2277	915	
3 949	1073	1082	
3 2155	786	2110	
3 965	1013	894	
3 1740	1751	920	
3 2130	1758	1759	
3 885	1011	2460	
3 932	963	885	
3 924	952	953	
3 952	963	969	
3 2270	2269	1028	
3 2198	934	2186	
3 955	2166	2172	
3 2189	964	2196	
3 1003	1029	918	
3 937	965	894	
3 926	956	957	
3 956	965	971	
3 2167	993	2174	
3 993	2227	2174	
3 966	959	945	
3 290	2653	2713	
3 2162	910	2163	
3 833	981	992	
3 912	988	949	
3 951	2159	919	
3 2445	894	1013	
3 2204	2294	1019	
3 2217	2239	2128	
3 2239	866	2128	
3 2355	1033	2432	
3 954	2298	2201	
3 2606	2607	956	
3 1769	2204	962	
3 1063	2335	2334	
3 2250	2261	2245	
3 2392	891	2367	
3 968	2579	2582	
3 942	1010	1091	
3 940	843	1006	
3 952	969	953	
3 932	969	963	
3 2183	2182	970	
3 2188	661	2183	
3 956	971	957	
3 937	971	965	
3 2028	972	2144	
3 1962	2020	655	
3 2241	2222	922	
3 2252	986	2227	
3 2427	1016	1061	
3 1016	2460	1080	
3 933	975	519	
3 528	975	775	
3 779	977	2375	
3 2306	2330	2339	
3 935	977	536	
3 545	977	779	
3 2343	1063	2334	
3 1018	2373	2445	
3 938	979	565	
3 563	979	785	
3 769	803	980	
3 960	980	803	
3 771	804	981	
3 961	981	804	
3 2844	2860	2798	
3 1548	2115	982	
3 1904	864	2138	
3 1903	1902	860	
3 865	984	571	
3 569	984	862	
3 1682	1672	530	
3 1683	1685	2131	
3 2318	943	2282	
3 993	994	2230	
3 1044	859	2132	
3 941	1859	2179	
3 2199	964	2189	
3 842	1010	942	
3 863	2606	956	
3 868	2527	2526	
3 2448	2388	1056	
3 2765	1206	2797	
3 2350	2340	2341	
3 2313	1020	2277	
3 992	2584	2590	
3 1021	838	833	
3 928	2150	2169	
3 2153	2168	958	
3 2169	2175	994	
3 2177	994	2175	
3 995	2383	2358	
3 873	2034	2225	
3 2605	883	2604	
3 1019	2294	2536	
3 2271	916	2268	
3 867	2259	2266	
3 918	839	1003	
3 1029	2527	918	
3 2455	1094	2401	
3 1587	801	1537	
3 2319	2333	1024	
3 2775	1172	2750	
3 873	2030	2034	
3 2390	286	2299	
3 941	2433	2233	
3 2159	2130	2295	
3 897	1058	898	
3 1010	1060	1082	
3 2280	2301	2278	
3 2236	2326	1004	
3 1011	1051	1071	
3 1032	963	952	
3 2378	2446	1006	
3 1006	2627	940	
3 1059	1081	1009	
3 877	2408	2489	
3 1010	1082	1087	
3 880	2573	2574	
3 775	2427	2426	
3 1046	1049	1047	
3 2349	2375	935	
3 1012	2253	2232	
3 2452	1130	2453	
3 963	1032	1051	
3 1068	2364	2439	
3 1055	2636	2676	
3 2607	2609	956	
3 2611	998	2551	
3 2627	1006	2446	
3 959	1070	1038	
3 2222	2303	1015	
3 2028	2211	973	
3 1011	963	1051	
3 2353	2380	2170	
3 2348	1017	2349	
3 1055	988	810	
3 2445	2535	1018	
3 2286	2156	2362	
3 2610	965	2609	
3 2229	2358	1093	
3 2350	1036	2340	
3 1064	2312	2331	
3 961	2580	2584	
3 917	1021	1065	
3 1079	2412	1070	
3 294	2925	2939	
3 23	2543	2484	
3 2203	2293	1674	
3 2279	2278	982	
3 2917	1214	2914	
3 999	2321	2288	
3 999	2288	2287	
3 2025	1001	2026	
3 2234	2387	1001	
3 927	2246	2148	
3 1109	2404	2403	
3 2312	1002	2275	
3 2636	1055	2538	
3 1065	1003	917	
3 2584	2580	2581	
3 3073	1278	3094	
3 1002	2312	2369	
3 2238	2217	923	
3 1042	2257	2264	
3 2463	2325	1030	
3 1049	1032	1047	
3 2694	2705	2668	
3 1150	2531	2533	
3 1029	1003	2685	
3 2608	2612	1034	
3 1022	2412	2403	
3 2361	1035	2261	
3 2316	1030	2315	
3 1065	2594	2655	
3 1091	1008	942	
3 2388	989	2362	
3 966	1070	959	
3 966	882	2605	
3 2363	2290	1066	
3 2651	2682	1143	
3 1040	2264	2310	
3 1045	952	1044	
3 2934	2898	1196	
3 1032	1045	1047	
3 1044	1042	1040	
3 1795	847	1799	
3 2442	2473	2630	
3 2399	2428	2429	
3 1045	1044	1040	
3 952	859	1044	
3 1047	1040	1046	
3 952	1045	1032	
3 2482	2451	1130	
3 987	2381	2354	
3 1040	1047	1045	
3 1046	1048	1049	
3 2326	2371	1004	
3 2661	1073	2697	
3 1050	1049	1048	
3 1032	1049	1051	
3 1036	2444	2474	
3 902	2207	2254	
3 1049	1050	1051	
3 1071	1051	1050	
3 1084	1086	1081	
3 2479	2478	1111	
3 2615	1087	1082	
3 2574	2575	2577	
3 2424	2426	2428	
3 2430	2460	1016	
3 779	1062	976	
3 2538	1062	2454	
3 2320	978	2284	
3 1056	2345	2344	
3 2434	2435	1007	
3 891	2392	892	
3 1008	1091	1116	
3 2573	1058	1053	
3 948	2163	2200	
3 1850	2165	2171	
3 949	988	2697	
3 842	1060	1010	
3 1061	2431	2429	
3 2379	2399	1054	
3 2454	1017	2397	
3 976	1062	2538	
3 1063	2529	2344	
3 978	2320	2335	
3 2340	1064	2331	
3 1099	2409	2394	
3 2590	1021	992	
3 1037	2585	2587	
3 2401	2336	1023	
3 2291	1025	2290	
3 2225	2149	1067	
3 2248	2328	2148	
3 1898	2208	2296	
3 2260	2438	997	
3 2528	863	862	
3 2527	2551	998	
3 2449	2536	2294	
3 996	2230	2229	
3 1074	2461	2540	
3 1011	1071	1080	
3 2665	2539	1103	
3 1009	1081	1086	
3 1096	2474	2444	
3 2308	1007	2366	
3 1083	1071	1050	
3 2381	2411	2623	
3 2200	987	2354	
3 1050	1048	1122	
3 2720	1008	1116	
3 1097	2585	2581	
3 1094	2505	2512	
3 2499	2488	2450	
3 2322	2337	1066	
3 2389	1078	2363	
3 966	2605	2659	
3 2855	1179	2833	
3 2540	1071	1083	
3 1016	2461	2431	
3 2351	1059	1861	
3 1081	1072	1084	
3 949	1082	1060	
3 2615	1085	1087	
3 2483	2393	2451	
3 2685	1003	2655	
3 1002	2369	2409	
3 1033	2617	2619	
3 2850	1211	2824	
3 2608	1034	2607	
3 1086	2496	2486	
3 1009	1086	1089	
3 2715	2714	1087	
3 1010	1087	1091	
3 2467	2470	1098	
3 1148	2674	2631	
3 2462	1089	2486	
3 2462	2487	1115	
3 1137	2537	2397	
3 2624	1079	2666	
3 1087	2714	1091	
3 1090	2887	1116	
3 2845	2847	293	
3 2561	2562	2648	
3 2358	2384	1093	
3 2229	2359	996	
3 2543	1123	2505	
3 1023	2336	2322	
3 2347	1067	2338	
3 288	2458	2513	
3 2415	2407	1057	
3 2477	1096	2475	
3 2576	2723	2721	
3 2577	968	2574	
3 2672	1041	2630	
3 1050	1122	2850	
3 2443	2521	2394	
3 1085	2615	2616	
3 2585	2586	2587	
3 2281	2378	1006	
3 2385	1110	2386	
3 2305	2447	2372	
3 2626	2622	1126	
3 1076	2529	2552	
3 2540	1083	2638	
3 2410	2459	1072	
3 2232	2432	1012	
3 1141	2616	2661	
3 2614	2610	1034	
3 2654	2746	1100	
3 2711	2696	2706	
3 2491	2502	1127	
3 2518	2498	2508	
3 1096	2477	2479	
3 2601	2657	1147	
3 2579	2578	1097	
3 1167	2624	2666	
3 2447	1110	2493	
3 2421	2404	2420	
3 1110	2385	2422	
3 1052	2500	2490	
3 2474	2492	2503	
3 2576	1112	2575	
3 1097	2583	2585	
3 1072	2459	2628	
3 1085	2616	2662	
3 2593	1128	2588	
3 2593	2596	1128	
3 1115	2435	2462	
3 2407	2415	1052	
3 1116	1091	2714	
3 1008	2720	1058	
3 2820	2943	1198	
3 2417	1109	2413	
3 2395	2371	1118	
3 2325	2370	1118	
3 1130	2368	2453	
3 2311	1005	2238	
3 2509	2519	1113	
3 1075	2646	2636	
3 1114	2596	2599	
3 2658	1102	2659	
3 1048	1134	1122	
3 2597	1132	2600	
3 2651	1143	2570	
3 1143	2682	2707	
3 1095	2391	2405	
3 1095	2405	2457	
3 1169	2681	2699	
3 290	2568	2653	
3 1076	2552	2643	
3 2684	2708	2654	
3 2490	2500	2501	
3 2491	1127	2492	
3 1112	2592	2588	
3 2588	1128	2589	
3 2737	1180	2692	
3 2759	2833	1179	
3 2469	2468	1119	
3 1134	1048	1046	
3 1088	2496	2506	
3 2498	2518	1107	
3 2502	2546	1135	
3 2509	1113	2503	
3 2545	2558	1142	
3 2673	1148	2631	
3 2452	2555	1130	
3 2727	2726	1134	
3 2549	2559	2565	
3 2595	1136	2596	
3 2621	2620	1120	
3 2660	1138	2535	
3 2531	1150	2633	
3 2537	2553	2644	
3 2535	2613	2660	
3 2679	1076	2643	
3 2416	2624	2667	
3 2687	1102	2658	
3 2539	1140	2628	
3 2669	2695	2506	
3 2635	1200	2534	
3 2714	2715	1090	
3 2570	1143	2571	
3 2557	1123	2543	
3 2837	1187	2796	
3 2481	2512	2571	
3 2542	1124	2485	
3 2650	2648	2649	
3 1125	2724	2725	
3 1027	2251	2356	
3 2524	2550	1146	
3 1158	2598	2597	
3 1141	2661	2689	
3 2536	2731	2664	
3 2517	2497	2515	
3 2769	2770	1171	
3 2718	2751	2657	
3 2801	2795	1176	
3 2553	1171	2772	
3 1137	2531	2633	
3 2678	2643	1138	
3 2703	1174	2709	
3 2764	1149	2786	
3 2757	1173	2737	
3 2690	2769	1171	
3 2689	2704	1141	
3 1296	3074	3090	
3 2726	2920	1134	
3 2753	1125	2725	
3 2648	2562	1155	
3 1156	2640	2642	
3 2546	2560	1135	
3 2726	1133	2828	
3 2470	2472	1098	
3 1158	2601	2656	
3 2595	2598	1136	
3 2827	2851	2954	
3 2686	1164	2656	
3 2556	2569	1155	
3 2846	2847	2845	
3 2693	1117	2667	
3 2945	294	2939	
3 2849	1222	2823	
3 1149	2708	2702	
3 1163	2567	2566	
3 1163	2677	2736	
3 1178	2874	2873	
3 1117	2416	2667	
3 1165	2603	2602	
3 1165	2602	2728	
3 2824	1166	2638	
3 1222	2637	2823	
3 2802	2809	2795	
3 2664	2731	2754	
3 2900	1214	2875	
3 1142	2488	2545	
3 2650	1144	2648	
3 2760	2816	2740	
3 1204	2839	2551	
3 1170	2678	2688	
3 2618	2668	1120	
3 1150	2690	2633	
3 1168	2749	2707	
3 1168	2741	2761	
3 2709	1170	2688	
3 2692	2693	2667	
3 1205	2745	2744	
3 2826	1170	2709	
3 1163	2780	2732	
3 1159	2717	2719	
3 2826	2894	1152	
3 2820	1198	2897	
3 2867	2874	2856	
3 2759	1179	2738	
3 1202	2831	2830	
3 2856	2773	2835	
3 2754	2779	1126	
3 1235	2919	2961	
3 1180	2737	2758	
3 2783	1183	2782	
3 1181	2758	2781	
3 2783	2801	2808	
3 2838	1207	2858	
3 1263	296	295	
3 2759	2782	1183	
3 2854	1190	1193	
3 2842	1172	2775	
3 2870	1222	2861	
3 2849	2862	1213	
3 1218	2929	2858	
3 2987	3024	2974	
3 2686	2793	2889	
3 2909	18	2933	
3 2571	2712	2750	
3 1232	2836	2886	
3 2632	1101	2346	
3 2712	2749	1189	
3 1189	2799	2775	
3 1177	2929	2946	
3 1276	3152	3147	
3 2818	2814	2816	
3 2764	2786	2785	
3 19	2900	2857	
3 1234	2933	2942	
3 1190	1197	2865	
3 2865	1199	2855	
3 2818	1194	2814	
3 2822	2817	1194	
3 1241	2967	2976	
3 2898	2990	2931	
3 1255	3000	2984	
3 2951	2934	2917	
3 2890	2928	2807	
3 3142	3146	1276	
3 2935	3021	1240	
3 2699	2760	2740	
3 2777	2753	2725	
3 2899	2532	1117	
3 2520	1099	2394	
3 2767	2747	1175	
3 2755	1202	2830	
3 2635	2675	1200	
3 2952	2895	1185	
3 2621	1120	2710	
3 1203	2735	2734	
3 2835	2895	1216	
3 2591	2654	1100	
3 2551	2839	1121	
3 1206	2765	2764	
3 2746	2766	1204	
3 2785	2841	1206	
3 2766	2788	1204	
3 2744	2765	1205	
3 2804	2924	2938	
3 2906	2908	2910	
3 2910	2912	1227	
3 1106	2671	2711	
3 2936	2952	2840	
3 1153	2772	2789	
3 2954	2851	1221	
3 1212	1122	2920	
3 1122	1212	1211	
3 2877	2869	2881	
3 2637	1140	2539	
3 1209	1228	2955	
3 1223	2877	2880	
3 2914	1214	2909	
3 1214	2917	2800	
3 1162	1225	2882	
3 2964	1182	2928	
3 2831	1203	2734	
3 2968	1251	2956	
3 1215	2982	2977	
3 2988	1261	3020	
3 1207	2797	2804	
3 2807	2928	1182	
3 2884	2883	2825	
3 2752	2883	1219	
3 2910	2913	2906	
3 1232	2730	2836	
3 2851	2926	2962	
3 2762	2834	1186	
3 1222	2849	2861	
3 1140	2695	2669	
3 1223	2861	2869	
3 1225	1162	2641	
3 2871	2879	2901	
3 2957	1224	2876	
3 2870	2878	1157	
3 2877	1229	2880	
3 1208	2548	2639	
3 2989	2904	2905	
3 2915	1227	2912	
3 2916	2905	1220	
3 2998	3005	3009	
3 2840	1185	2794	
3 2902	1229	2958	
3 2880	2882	1225	
3 1220	2905	2904	
3 2885	3058	1232	
3 1239	3022	2956	
3 1236	2915	2918	
3 3021	1244	2903	
3 2903	2730	1232	
3 2890	1233	2930	
3 2808	1182	2783	
3 2942	2949	1234	
3 1241	2976	2984	
3 1227	2919	2916	
3 3057	3081	3131	
3 2959	2918	1197	
3 3215	3213	3201	
3 2959	2993	1242	
3 1273	3040	3051	
3 3027	1258	3028	
3 2918	2960	1236	
3 2840	2952	1185	
3 1217	2937	2923	
3 1263	1268	296	
3 2945	1263	295	
3 3006	3014	1255	
3 3001	2951	2985	
3 2966	2975	1256	
3 2993	1238	3065	
3 2941	2944	1256	
3 2941	1256	1243	
3 2649	2698	1160	
3 2943	2921	2935	
3 2995	1230	2971	
3 3029	3043	2995	
3 1269	3091	3075	
3 2958	2979	1231	
3 2995	3043	1245	
3 2973	3023	2907	
3 2958	1231	2902	
3 3032	1251	2983	
3 3036	1209	2932	
3 1249	2936	2991	
3 3012	1280	3008	
3 2988	3025	1261	
3 2968	2977	1251	
3 2977	2983	1251	
3 3072	3070	3071	
3 1248	3025	3042	
3 3003	1252	2982	
3 3059	2992	1238	
3 1341	1343	1345	
3 2985	3000	1265	
3 3035	1266	3014	
3 3077	1275	3055	
3 2974	1257	2975	
3 2966	1256	2944	
3 3024	3041	1257	
3 3028	1238	2992	
3 3041	3024	1248	
3 1242	3086	3060	
3 2960	2970	1236	
3 3166	3161	3151	
3 2963	2980	1246	
3 1254	3001	3038	
3 2889	1164	2686	
3 3002	2988	1221	
3 3031	1262	3002	
3 3031	3033	1262	
3 1273	3051	3023	
3 296	1268	297	
3 2996	3004	2978	
3 3062	1253	2983	
3 3011	3007	1270	
3 3055	3078	3019	
3 3141	1286	3128	
3 3047	1290	3048	
3 3062	3069	3070	
3 3029	1237	3103	
3 1247	3051	3054	
3 3054	3057	1263	
3 1391	1380	3344	
3 3050	3017	3039	
3 14	3077	3046	
3 3000	3011	1265	
3 1301	3118	3119	
3 3157	1324	3167	
3 3042	3068	1267	
3 1325	3168	3171	
3 1273	2965	2994	
3 1259	3063	2994	
3 3038	3049	1254	
3 1283	3009	3026	
3 3199	1310	3189	
3 1270	3018	3019	
3 3147	3131	3142	
3 3146	3150	1276	
3 3037	3048	3015	
3 3060	3082	3096	
3 13	3141	3126	
3 3079	3128	1294	
3 3066	3084	1292	
3 3061	1258	2975	
3 1293	3067	3125	
3 3004	3008	3017	
3 3098	3105	3109	
3 3082	1291	3095	
3 1272	3082	3095	
3 3063	3124	1282	
3 1280	3012	3016	
3 3030	2940	1246	
3 3075	1283	3049	
3 1283	3075	3092	
3 3135	1349	3132	
3 1299	3198	3185	
3 3190	1286	3189	
3 3047	3073	1290	
3 1318	3159	3130	
3 1259	3029	3122	
3 3129	3130	3159	
3 299	3166	3169	
3 3008	1280	3013	
3 3114	1297	3113	
3 3079	3133	3094	
3 3048	3074	1269	
3 3066	1279	3028	
3 1291	3086	3099	
3 1298	3087	3100	
3 3066	3087	1279	
3 3207	3140	1284	
3 3220	3183	1293	
3 3199	3187	12	
3 3200	3202	3204	
3 3034	3069	3003	
3 3098	3068	3085	
3 3258	3318	1345	
3 1309	3240	3243	
3 3110	1300	3106	
3 301	3241	3244	
3 3097	3104	1292	
3 3115	1300	3113	
3 1281	3083	3184	
3 3071	3070	1307	
3 3099	3106	1291	
3 3100	3107	1298	
3 3115	3118	1301	
3 1301	3119	3138	
3 3185	1304	3120	
3 1300	3110	3111	
3 3116	1297	3114	
3 1328	1329	1331	
3 3104	3136	1299	
3 3153	1323	3154	
3 3144	1305	3137	
3 3029	3044	3043	
3 3200	3189	1310	
3 3133	1306	3094	
3 3093	1264	3050	
3 1307	3102	3071	
3 3139	1314	3197	
3 3216	3108	3209	
3 1347	1341	1345	
3 1334	3101	3088	
3 3239	1335	3203	
3 1343	3205	3204	
3 3167	3193	3080	
3 3178	3181	1319	
3 1288	3150	3160	
3 3165	1288	3160	
3 1271	3129	3081	
3 3163	3146	3159	
3 3183	1314	3064	
3 3139	1277	3123	
3 1296	3210	3229	
3 3226	3326	3237	
3 1305	3119	3137	
3 3155	3157	1316	
3 3222	11	3239	
3 3132	1306	3135	
3 3171	3170	1326	
3 1313	3146	3163	
3 3164	1319	3165	
3 1312	3169	3192	
3 3226	1315	3207	
3 3221	1304	3198	
3 1317	3200	3204	
3 3273	3328	1374	
3 1322	3137	3143	
3 3155	1316	3158	
3 3117	1297	3121	
3 1333	3308	3274	
3 3143	3154	1322	
3 3233	3218	1327	
3 3179	3182	3180	
3 3168	1325	3163	
3 3172	1326	3170	
3 1325	3171	3176	
3 3289	1355	3295	
3 3195	3231	1338	
3 3173	3175	1329	
3 1331	3236	1328	
3 1331	3175	1330	
3 1329	3177	3176	
3 1330	3196	3219	
3 3235	3236	1331	
3 3196	1330	3182	
3 3268	3271	1351	
3 3219	3235	1330	
3 1373	3329	3307	
3 1339	3196	3218	
3 3312	1366	3300	
3 1334	3102	3208	
3 3208	3227	1334	
3 3256	3258	1335	
3 1335	3258	1345	
3 3244	3259	3268	
3 3231	3259	3215	
3 3216	3232	3242	
3 1339	3234	3266	
3 3195	1328	1332	
3 1312	3192	3201	
3 1324	3156	3191	
3 3153	3247	1323	
3 3333	3328	1350	
3 3269	3283	3296	
3 3344	3302	1365	
3 1365	7	1372	
3 3250	3251	3252	
3 3218	3234	1339	
3 1343	3202	3203	
3 3203	1335	3224	
3 1304	3238	3120	
3 3346	3354	305	
3 3239	3256	1335	
3 3279	9	3291	
3 3303	3279	3292	
3 7	6	1372	
3 1379	1372	6	
3 3229	3228	1321	
3 3108	1348	3109	
3 3186	1308	3136	
3 3240	1309	3206	
3 1296	3132	3210	
3 1350	3225	1359	
3 3337	1361	3333	
3 3294	3281	302	
3 3311	3282	1357	
3 3197	3237	3275	
3 3252	3253	3254	
3 3246	1352	3245	
3 3284	3255	3285	
3 3195	1338	3194	
3 3280	1351	3295	
3 3231	3248	1354	
3 3274	3290	3236	
3 3270	1356	3271	
3 3305	3304	3293	
3 3342	3327	1377	
3 3370	3349	3363	
3 7	1365	8	
3 1358	3302	3292	
3 3303	1346	3279	
3 3273	1321	3228	
3 1391	1396	1400	
3 3227	3272	1340	
3 1361	3337	3350	
3 3327	3332	3336	
3 3270	3288	1356	
3 3289	3301	1355	
3 3248	3261	3263	
3 3262	3282	1363	
3 1358	8	1365	
3 3318	3315	1347	
3 6	5	1379	
3 3292	3302	1364	
3 3288	3300	1356	
3 3307	3329	3325	
3 3299	3311	1367	
3 3325	3330	304	
3 3298	1344	3287	
3 3405	1409	3415	
3 3273	1374	3331	
3 1376	3352	3341	
3 1374	3328	3334	
3 3276	3340	3310	
3 1371	3329	3335	
3 3365	3354	1378	
3 5	4	1390	
3 3374	3344	1380	
3 3314	1366	3312	
3 3335	1373	3349	
3 3338	1381	3339	
3 3324	3339	1387	
3 3317	1347	3315	
3 3369	3408	1381	
3 3336	1377	3327	
3 3255	3284	1344	
3 1394	1387	1381	
3 1357	3298	3343	
3 3335	3353	3347	
3 1378	3361	3362	
3 4	3	1405	
3 3356	3350	3359	
3 1379	1391	1372	
3 5	1390	1379	
3 3352	3364	1385	
3 3364	1387	1394	
3 1382	3341	3352	
3 1370	3351	3336	
3 3272	3309	3320	
3 1387	3322	3324	
3 3391	3363	1368	
3 3390	1404	3398	
3 3369	1381	3360	
3 3384	3387	3371	
3 1382	3357	3351	
3 1392	3384	3375	
3 1383	3322	1376	
3 3320	3321	3322	
3 3375	3384	1386	
3 3376	3361	1393	
3 1388	3342	3371	
3 3376	1393	3378	
3 1410	1405	3	
3 1405	1410	1403	
3 1390	1396	1379	
3 1379	1396	1391	
3 3388	1407	3389	
3 3393	1402	3382	
3 3382	3368	3370	
3 3368	1393	3358	
3 1375	3434	3407	
3 3410	1394	3417	
3 3373	3372	1395	
3 1397	3371	3387	
3 4	1405	1390	
3 3473	3479	1421	
3 1392	3385	3389	
3 1442	1446	314	
3 1378	3353	3361	
3 308	3398	3405	
3 3400	1402	3393	
3 1403	1396	1390	
3 1392	3375	3385	
3 3392	1395	3399	
3 1396	1403	3442	
3 3387	3396	1397	
3 1426	1410	1419	
3 3435	3439	1418	
3 3378	1389	3376	
3 3379	3395	1404	
3 1410	3	2	
3 1403	1390	1405	
3 3369	3407	1406	
3 1420	1416	1407	
3 3435	1406	3407	
3 3460	1430	3452	
3 3421	3427	3413	
3 3433	309	3415	
3 3403	3415	309	
3 1	1419	2	
3 1438	3479	3484	
3 1407	1413	1420	
3 3418	3404	3402	
3 1400	3442	3438	
3 3388	3410	1407	
3 1406	3435	3440	
3 3474	1416	1420	
3 3413	1409	3401	
3 3437	3441	3448	
3 1440	3478	3471	
3 1419	1410	2	
3 1407	1416	3456	
3 3468	3471	1439	
3 3453	1423	3451	
3 3438	1412	3434	
3 1420	1413	3449	
3 1429	1	0	
3 1421	3442	3473	
3 3449	1413	3440	
3 1443	3464	3476	
3 1410	1426	3473	
3 3491	3497	1437	
3 3377	3416	1399	
3 1422	3411	3422	
3 3480	1443	3498	
3 1427	3447	3451	
3 1429	1424	1431	
3 3471	3468	1440	
3 1431	1419	1	
3 1426	1431	1432	
3 1414	3424	3431	
3 1414	3441	3437	
3 3453	3455	1423	
3 3450	3452	3454	
3 1429	1431	1	
3 3422	3457	1422	
3 1432	1431	1424	
3 1426	1419	1431	
3 1415	3488	3489	
3 3492	1437	3493	
3 3467	1417	3466	
3 3475	1430	3460	
3 3463	1433	3458	
3 1408	3475	3494	
3 1425	3481	3495	
3 1435	1441	1445	
3 1442	1436	1446	
3 3446	3459	3439	
3 1438	3484	3485	
3 1438	3493	3476	
3 3430	3458	3423	
3 3475	3460	1439	
3 1416	3482	3472	
3 3467	1440	3462	
3 1448	3499	3506	
3 1441	314	3516	
3 314	315	1442	
3 3465	3449	1418	
3 1444	3472	3482	
3 3487	1447	3483	
3 3503	3507	3510	
3 3531	1445	1451	
3 3530	313	1456	
3 1434	3471	3486	
3 1444	3482	3496	
3 3502	3504	1447	
3 3477	1443	3480	
3 1452	3512	3515	
3 1437	3505	3498	
3 3511	3509	1451	
3 3512	1452	3518	
3 3503	3510	1454	
3 3508	1449	3505	
3 312	1435	3532	
3 1448	3506	3509	
3 1452	3515	3517	
3 3507	3503	1450	
3 3527	1453	3525	
3 3526	3523	1398	
3 3510	3514	1454	
3 1401	3531	3508	
3 3530	3528	1459	
3 1459	1446	1436	
3 1446	1459	1457	
3 3529	3528	1456	
3 1436	1458	1459	
3 1473	316	1474	
3 1460	1474	1463	
3 1475	1471	1470	
3 1461	1470	1469	
3 1474	1460	1471	
3 1464	1463	316	
3 1465	1463	364	
3 1485	1464	316	
3 1464	673	1467	
3 1468	1465	364	
3 29	1461	1469	
3 1473	1479	1483	
3 1604	716	1605	
3 1491	1467	673	
3 1495	1492	1497	
3 1498	1497	1492	
3 1465	1493	29	
3 1460	1465	1469	
3 29	1469	1465	
3 1461	28	1470	
3 1470	28	1475	
3 1471	1462	1473	
3 1460	1470	1471	
3 869	1478	1480	
3 1471	1475	1462	
3 1479	1462	1478	
3 1462	1479	1473	
3 1463	1474	316	
3 1462	1475	1477	
3 1475	1476	1477	
3 1476	1472	1477	
3 1475	28	1476	
3 1480	1478	1477	
3 1462	1477	1478	
3 1480	1477	1472	
3 1479	869	1481	
3 1479	1481	1483	
3 27	1484	1482	
3 1480	1482	1484	
3 1603	869	1484	
3 1481	1681	1488	
3 1488	1486	1483	
3 1480	1472	1482	
3 1473	1483	1486	
3 1597	27	1585	
3 869	1603	1481	
3 316	1473	1486	
3 1485	1466	1487	
3 1483	1481	1488	
3 1466	1485	1486	
3 1466	1489	1487	
3 1487	1489	1490	
3 1674	716	1681	
3 1604	1488	716	
3 1466	1604	1605	
3 1489	765	1490	
3 1536	1518	1490	
3 1490	1518	1586	
3 1586	673	1490	
3 1496	1491	715	
3 1500	1511	1505	
3 364	1497	1498	
3 1587	1494	716	
3 1468	30	1493	
3 1538	799	1536	
3 1492	1495	324	
3 1467	1491	1495	
3 1501	1496	715	
3 1523	671	1522	
3 1499	1497	364	
3 1495	1497	1467	
3 1498	1492	1500	
3 1468	364	1498	
3 1463	1499	364	
3 1464	1467	1499	
3 1512	1511	324	
3 30	1503	1504	
3 1508	1501	715	
3 1509	1501	764	
3 1502	1523	1522	
3 1513	1506	1512	
3 1498	1503	1468	
3 1500	1505	1504	
3 1500	1492	1511	
3 1500	1504	1503	
3 1505	1514	1507	
3 1502	1512	324	
3 361	1529	1514	
3 1507	1514	1529	
3 1516	31	1507	
3 1518	1508	715	
3 1519	1508	799	
3 1520	1509	764	
3 1521	1509	713	
3 1510	1522	1524	
3 1525	1526	1510	
3 324	1511	1492	
3 1505	1511	1506	
3 1513	1512	1502	
3 1511	1512	1506	
3 1513	1502	1522	
3 1513	361	1514	
3 1505	1506	1514	
3 1514	1506	1513	
3 1531	1526	1530	
3 1532	1533	1535	
3 32	1516	1517	
3 1507	1529	1517	
3 1507	1517	1516	
3 1586	1518	715	
3 1536	1490	765	
3 1544	799	1538	
3 1519	1544	1539	
3 764	1519	1539	
3 713	1520	1540	
3 323	1525	1527	
3 323	1526	1525	
3 1524	1522	671	
3 1513	1522	1510	
3 1502	1496	1523	
3 1501	1523	1496	
3 671	1521	1524	
3 1521	1527	1525	
3 1510	1524	1525	
3 1521	1525	1524	
3 1526	1533	1532	
3 1529	1530	1515	
3 1521	713	1527	
3 1527	1541	1528	
3 1542	1528	672	
3 1570	363	1561	
3 1530	1529	361	
3 1517	1529	1515	
3 1531	1530	361	
3 1530	1526	1532	
3 1513	1531	361	
3 1526	1531	1510	
3 1526	323	1533	
3 1515	1532	1535	
3 1533	1573	1570	
3 363	1560	1561	
3 1567	1534	1535	
3 1535	32	1517	
3 1570	1567	1533	
3 1537	1536	765	
3 1536	1537	1538	
3 765	1494	1537	
3 1587	1537	1494	
3 801	1543	1537	
3 1538	1537	1543	
3 800	1598	1589	
3 764	1539	1588	
3 1588	1520	764	
3 1540	1520	1588	
3 1540	1541	713	
3 672	1528	1541	
3 1546	1542	672	
3 1542	1546	1547	
3 1548	1543	801	
3 1543	1548	1544	
3 1543	1544	1538	
3 1539	1544	800	
3 1549	1545	762	
3 672	1541	1545	
3 1554	1545	1549	
3 1554	1550	1546	
3 1551	1568	1569	
3 1562	1552	1560	
3 2115	1548	801	
3 1676	1548	982	
3 1553	1549	762	
3 714	1550	1554	
3 714	1555	1550	
3 1550	1555	1556	
3 1572	1551	1574	
3 1559	1557	34	
3 1564	1552	1562	
3 1572	1563	1571	
3 1553	762	1590	
3 1553	798	1592	
3 1545	1554	672	
3 1554	1549	714	
3 1558	1555	714	
3 1556	1555	534	
3 322	1606	1581	
3 442	1574	1569	
3 1567	1566	33	
3 1572	1571	1552	
3 1549	1592	714	
3 1558	763	1596	
3 34	1571	1563	
3 1568	1547	362	
3 1559	1565	1557	
3 1562	1560	363	
3 1565	1560	1557	
3 1561	1567	1570	
3 363	1547	1562	
3 1564	1562	1547	
3 1557	1552	1571	
3 1571	34	1557	
3 1566	1559	33	
3 1551	1552	1564	
3 1561	1560	1565	
3 33	1534	1567	
3 1561	1565	1566	
3 1533	1567	1535	
3 1561	1566	1567	
3 1569	1568	362	
3 1551	1564	1568	
3 362	1556	1569	
3 442	1569	1556	
3 1573	1533	323	
3 1575	1542	363	
3 1572	1552	1551	
3 1551	1569	1574	
3 35	1563	1572	
3 323	1528	1573	
3 1575	1528	1542	
3 1577	1580	442	
3 35	1572	1574	
3 1570	1573	1575	
3 1528	1575	1573	
3 1580	36	1576	
3 35	1574	1576	
3 1578	1577	442	
3 1583	1584	1579	
3 1607	1556	534	
3 357	1606	1582	
3 36	1583	1579	
3 1580	1577	1583	
3 1574	1580	1576	
3 1607	1581	357	
3 1607	1608	1581	
3 1611	1582	322	
3 1613	1678	1611	
3 357	1583	1577	
3 357	1584	1583	
3 1582	37	1584	
3 715	1491	1586	
3 27	1597	1484	
3 673	1586	1491	
3 1681	716	1488	
3 2293	2319	2283	
3 1539	1589	1588	
3 1589	1590	1588	
3 800	1589	1539	
3 1590	762	1540	
3 1589	831	1590	
3 1590	831	1591	
3 1594	1601	834	
3 798	1553	1591	
3 1592	798	1593	
3 714	1592	1558	
3 1594	1593	798	
3 1593	1594	1595	
3 1591	1599	798	
3 1594	798	1599	
3 834	2116	1595	
3 1595	1602	1600	
3 1600	1596	763	
3 1609	1608	1600	
3 1585	2122	2123	
3 1597	2119	1603	
3 1676	1598	800	
3 1677	1601	1599	
3 1591	831	1599	
3 1598	1677	831	
3 763	1595	1600	
3 1595	2116	1602	
3 1677	1599	831	
3 2117	2213	921	
3 2114	808	829	
3 712	1600	1602	
3 1597	1603	1484	
3 1681	1603	1684	
3 716	1494	1605	
3 1486	1604	1466	
3 1494	1489	1605	
3 1466	1605	1489	
3 1582	1606	322	
3 357	1581	1606	
3 1556	1607	1578	
3 1608	1607	534	
3 534	1596	1608	
3 1608	1596	1600	
3 1609	712	1610	
3 322	1581	1609	
3 712	777	1610	
3 1620	1610	777	
3 1612	1611	322	
3 1613	1611	360	
3 1614	1612	322	
3 1612	670	1615	
3 1616	1613	360	
3 1620	1618	670	
3 1609	1614	322	
3 670	1614	1610	
3 1618	1615	670	
3 1619	1615	359	
3 360	1615	1619	
3 38	1616	39	
3 37	1582	1678	
3 1617	37	1678	
3 1621	1618	734	
3 359	1626	1622	
3 1623	39	1616	
3 1610	1620	670	
3 1624	828	1627	
3 1625	1621	734	
3 1626	444	1622	
3 1642	1622	444	
3 1623	40	39	
3 1619	1622	1623	
3 1623	1622	1642	
3 1620	777	1624	
3 2113	1624	777	
3 734	1624	1627	
3 1628	1625	795	
3 1621	687	1626	
3 1629	358	1633	
3 1630	1627	828	
3 795	1625	1627	
3 1631	1628	795	
3 1632	1628	756	
3 1626	687	1629	
3 1632	687	1628	
3 1634	1630	828	
3 1635	845	1631	
3 1635	1631	795	
3 1631	845	1643	
3 1632	756	1636	
3 1629	687	1632	
3 1640	1637	358	
3 1633	1637	1641	
3 2113	1634	828	
3 2215	2118	1634	
3 1634	1635	1630	
3 830	845	1635	
3 1639	1636	756	
3 1640	443	1637	
3 1655	443	1651	
3 1638	1641	41	
3 1642	41	40	
3 444	1633	1638	
3 756	1631	1643	
3 1646	1644	640	
3 1636	705	1640	
3 1645	1640	705	
3 1655	1641	1637	
3 42	41	1641	
3 1642	40	1623	
3 444	1638	1642	
3 640	1644	1647	
3 1643	1647	1644	
3 705	1639	1644	
3 1643	1644	1639	
3 705	1646	1666	
3 1649	1645	1650	
3 1646	640	1679	
3 1650	1666	597	
3 1643	845	1647	
3 845	2256	1648	
3 923	2127	2158	
3 2127	923	1682	
3 1651	1649	529	
3 443	1645	1649	
3 1666	1650	1645	
3 1650	1657	1656	
3 1652	1654	44	
3 42	1655	1653	
3 529	1656	1654	
3 1654	1651	529	
3 1651	43	1653	
3 1651	1654	1652	
3 1641	1655	42	
3 1637	443	1655	
3 1650	1656	529	
3 1663	1660	1658	
3 1659	597	530	
3 437	1656	1657	
3 1660	45	1658	
3 44	1654	1663	
3 1670	1664	1672	
3 1657	1661	437	
3 1665	437	1661	
3 1660	1665	1662	
3 437	1665	1660	
3 1667	1662	353	
3 46	45	1662	
3 1654	1656	1663	
3 437	1663	1656	
3 530	1664	1659	
3 1670	1668	353	
3 1661	353	1665	
3 1662	1665	353	
3 705	1666	1645	
3 597	1666	1646	
3 353	1668	1667	
3 1668	321	1671	
3 1670	353	1664	
3 1671	1669	1667	
3 1671	1667	1668	
3 1669	1671	1689	
3 1672	1664	530	
3 1670	1672	1673	
3 321	356	1671	
3 1671	356	1689	
3 1682	530	1679	
3 1670	1673	321	
3 1672	985	1673	
3 1673	1683	1680	
3 1684	1674	1681	
3 1674	1684	2203	
3 26	2121	2120	
3 2122	2121	1675	
3 1548	1676	800	
3 2278	1676	982	
3 1676	1677	1598	
3 2300	1677	852	
3 1611	1678	1582	
3 38	1678	1613	
3 2127	640	1648	
3 1672	1682	985	
3 1680	533	1790	
3 321	1673	1680	
3 1481	1603	1681	
3 1684	1603	870	
3 2127	1682	1679	
3 2128	1682	923	
3 1685	1683	985	
3 533	1680	1683	
3 2202	1684	870	
3 1684	2202	2203	
3 985	1682	2128	
3 1685	866	2131	
3 345	1686	257	
3 344	1686	319	
3 1687	185	1909	
3 403	1687	335	
3 337	1688	183	
3 404	1688	336	
3 1689	47	1669	
3 1689	1788	1786	
3 1690	262	2081	
3 1690	2062	2056	
3 1691	1692	1693	
3 1691	1696	1698	
3 1694	268	1695	
3 1700	1692	1691	
3 1696	1693	414	
3 268	2040	1695	
3 1693	269	1694	
3 509	414	1695	
3 2055	2061	509	
3 1696	341	1698	
3 1697	2060	1717	
3 341	1696	1697	
3 1698	341	1699	
3 1700	1698	413	
3 1717	1699	341	
3 1699	1717	1718	
3 1701	1700	413	
3 1700	270	1692	
3 1702	1701	413	
3 270	1701	271	
3 413	1699	1703	
3 1704	1702	508	
3 1699	580	1703	
3 1703	580	1715	
3 1704	508	1705	
3 1701	1704	271	
3 1707	508	1715	
3 1705	508	1707	
3 412	2021	1709	
3 1705	272	1706	
3 272	1710	1708	
3 1712	1709	507	
3 1710	272	1705	
3 412	1709	1707	
3 1712	1711	1709	
3 1709	1710	1707	
3 273	1708	1711	
3 1710	1711	1708	
3 1713	1712	507	
3 1714	273	1712	
3 1979	1713	507	
3 1976	579	1969	
3 1716	1715	580	
3 1713	1714	1712	
3 1715	412	1707	
3 2129	580	1718	
3 1981	2022	2221	
3 341	1697	1717	
3 1697	2059	2060	
3 1717	874	1718	
3 874	2228	1718	
3 1720	1719	236	
3 1721	1719	476	
3 235	1720	236	
3 1724	1720	388	
3 476	1722	1721	
3 1721	475	615	
3 1723	1722	476	
3 475	1721	1722	
3 1724	1723	476	
3 1723	694	1725	
3 1720	1724	476	
3 1724	388	1726	
3 1727	1725	694	
3 1725	1727	1728	
3 1729	1726	388	
3 744	1738	1729	
3 1730	1727	694	
3 1727	1730	1731	
3 743	1732	1728	
3 1728	1732	1733	
3 1752	388	477	
3 1753	1729	1752	
3 1738	694	1726	
3 1738	744	1734	
3 1735	1731	784	
3 1731	1735	1736	
3 1742	1737	1732	
3 1733	1732	648	
3 1747	1733	648	
3 615	475	1733	
3 1739	1734	744	
3 784	1730	1734	
3 784	1734	1743	
3 1754	1740	920	
3 827	1741	1736	
3 1742	1741	794	
3 1748	1737	794	
3 648	1732	1737	
3 694	1738	1730	
3 1726	1729	1738	
3 1753	1761	744	
3 1749	1751	1740	
3 784	1743	1735	
3 1743	1739	1749	
3 1744	1741	827	
3 1742	794	1737	
3 743	1736	1742	
3 1741	1742	1736	
3 1749	1739	816	
3 1740	1735	1743	
3 1744	827	1740	
3 1741	1745	794	
3 1744	844	1745	
3 1746	844	826	
3 793	1746	826	
3 1748	1746	755	
3 1747	648	1750	
3 615	1747	558	
3 1746	1748	794	
3 1748	755	1750	
3 1749	816	1751	
3 1740	1743	1749	
3 1750	648	1737	
3 755	474	1750	
3 1755	1751	816	
3 1751	1755	1759	
3 1756	477	559	
3 1753	1752	617	
3 1757	1753	617	
3 744	1729	1753	
3 1758	1754	920	
3 844	1744	1754	
3 816	1739	1766	
3 1769	1755	1768	
3 559	649	1756	
3 617	1756	649	
3 1760	1757	617	
3 1757	913	1761	
3 1751	1759	920	
3 1754	1762	844	
3 1755	962	1759	
3 1758	2130	951	
3 1764	617	649	
3 1760	664	1765	
3 1761	913	1766	
3 744	1761	1739	
3 1758	951	1762	
3 1763	951	919	
3 951	1763	1762	
3 2281	1763	919	
3 2107	1764	649	
3 708	664	1764	
3 2112	1765	664	
3 2235	1767	2212	
3 1766	913	1767	
3 816	1766	1768	
3 913	1765	1767	
3 2212	1765	2112	
3 1766	1767	1768	
3 1769	1767	950	
3 2204	1769	950	
3 962	1755	1769	
3 1770	73	1771	
3 432	1770	350	
3 527	1771	72	
3 1770	1771	433	
3 440	1772	52	
3 439	1772	354	
3 75	74	1773	
3 1770	1773	74	
3 49	1785	1787	
3 532	1774	355	
3 1776	1775	76	
3 1775	1830	1826	
3 1776	1779	526	
3 1778	1776	526	
3 526	1781	1782	
3 1776	76	1777	
3 1778	431	1830	
3 75	1773	1779	
3 1777	75	1779	
3 1781	1780	432	
3 526	1779	1780	
3 1783	432	350	
3 595	1782	1781	
3 757	1782	595	
3 431	1778	1782	
3 1783	350	1784	
3 595	1781	1783	
3 596	1784	350	
3 776	807	1784	
3 48	1689	1786	
3 1785	1786	1787	
3 1785	48	1786	
3 1789	1787	441	
3 1774	49	1787	
3 1790	1788	356	
3 441	1786	1788	
3 1791	1789	441	
3 355	1774	1789	
3 1680	1790	356	
3 1792	847	1793	
3 441	1790	1791	
3 533	1791	1790	
3 1791	533	1792	
3 1794	1792	533	
3 1795	1793	847	
3 1793	599	1796	
3 1683	1794	533	
3 2131	866	1797	
3 1799	847	1797	
3 1798	859	924	
3 440	1796	599	
3 532	355	1796	
3 2239	2258	866	
3 2132	859	2133	
3 599	1795	1798	
3 1798	1795	2133	
3 2132	1799	1797	
3 2133	1799	2132	
3 1803	1801	79	
3 1800	1801	1802	
3 1800	79	1801	
3 524	1805	1802	
3 1802	1805	1810	
3 78	1807	1806	
3 1803	1806	1807	
3 1808	1804	593	
3 524	1801	1804	
3 1813	524	1804	
3 1805	430	1810	
3 1811	1807	78	
3 1803	79	1806	
3 1807	1811	1815	
3 1815	593	1807	
3 639	1809	1813	
3 639	594	1809	
3 1817	1814	1809	
3 1825	1810	430	
3 81	80	1810	
3 78	77	1811	
3 1826	77	1775	
3 1812	1821	1818	
3 1808	1816	639	
3 639	1813	1808	
3 1809	524	1813	
3 1817	1809	594	
3 1814	1817	1820	
3 525	1815	1811	
3 1812	593	1815	
3 1812	1818	1816	
3 1823	1819	1822	
3 1817	594	1831	
3 1814	1820	430	
3 1821	1812	525	
3 1822	1819	639	
3 1846	1819	660	
3 594	639	1819	
3 1827	1820	1817	
3 430	1828	1825	
3 1830	1821	525	
3 1832	1821	431	
3 1818	706	1822	
3 1819	1823	660	
3 1822	706	1823	
3 1824	1823	706	
3 1832	1824	706	
3 2134	1847	1824	
3 1828	430	1820	
3 1828	1829	1825	
3 525	1811	1826	
3 77	1826	1811	
3 1831	1827	1817	
3 349	1833	685	
3 1820	349	1828	
3 1829	1828	349	
3 349	429	1829	
3 82	1829	429	
3 1821	1830	431	
3 525	1826	1830	
3 1846	1831	594	
3 1831	1846	1848	
3 1782	1832	431	
3 1824	1832	757	
3 1827	731	1833	
3 1834	731	774	
3 685	1833	1834	
3 731	1834	1833	
3 1836	1835	774	
3 1835	730	1837	
3 1838	1836	774	
3 1836	823	1839	
3 1839	1841	730	
3 685	1837	428	
3 1849	774	731	
3 1850	841	1855	
3 1855	1839	823	
3 790	1843	1841	
3 1842	1840	638	
3 428	1837	1840	
3 790	1841	1839	
3 638	1840	1841	
3 1842	638	1844	
3 428	1842	592	
3 1851	1843	790	
3 1845	427	1844	
3 1845	638	1843	
3 427	523	1844	
3 1843	752	1845	
3 427	1845	752	
3 2135	660	1847	
3 909	1848	1846	
3 2135	2162	2164	
3 660	1824	1847	
3 909	1854	1848	
3 1848	1854	1849	
3 1848	1849	731	
3 806	1838	1849	
3 806	1864	1838	
3 806	1860	1862	
3 1852	1851	790	
3 1851	1852	1853	
3 790	1839	1855	
3 1856	1852	1855	
3 1857	1853	855	
3 901	752	1853	
3 1860	909	1858	
3 1849	1854	806	
3 1850	1855	823	
3 1856	1855	841	
3 1859	1856	841	
3 855	1852	1856	
3 855	1859	2206	
3 901	2205	663	
3 2135	909	1846	
3 1861	1863	1862	
3 2171	2179	841	
3 1859	941	2206	
3 909	1860	1854	
3 1860	1858	1861	
3 1858	948	1861	
3 2351	1861	948	
3 1863	1861	1059	
3 806	1862	1864	
3 1863	1059	2136	
3 1864	1850	1838	
3 1862	1863	1864	
3 2165	1863	2136	
3 1866	1865	114	
3 1867	1865	378	
3 113	1866	114	
3 327	378	1866	
3 378	377	1867	
3 377	467	1869	
3 116	115	1869	
3 1870	1868	467	
3 377	1869	1867	
3 467	1868	1869	
3 467	376	1870	
3 1870	376	466	
3 1874	1872	125	
3 1871	1872	1873	
3 1871	125	1872	
3 1875	463	1892	
3 1873	463	1875	
3 125	124	1874	
3 1880	1874	124	
3 373	1881	1879	
3 1873	1877	126	
3 1874	374	1876	
3 1878	1876	374	
3 1879	1877	1875	
3 127	126	1877	
3 374	1883	1887	
3 550	1897	1893	
3 373	1879	1875	
3 127	1879	549	
3 1882	124	123	
3 1883	326	1887	
3 1884	1881	373	
3 549	1885	462	
3 123	1886	1882	
3 1883	1882	1890	
3 374	1880	1883	
3 1882	1883	1880	
3 1893	1884	373	
3 1894	1884	848	
3 1881	610	1885	
3 462	1895	372	
3 1888	122	1889	
3 1890	1886	371	
3 1896	1887	326	
3 550	1878	1887	
3 122	459	1889	
3 1886	123	1888	
3 459	371	1889	
3 371	459	1891	
3 1883	1890	326	
3 1896	1901	983	
3 326	1890	1891	
3 463	1878	1892	
3 550	1892	1878	
3 373	1892	1893	
3 550	1893	1892	
3 1898	1894	848	
3 925	1900	1899	
3 1885	610	1895	
3 1895	610	1899	
3 1891	1896	326	
3 1896	983	1902	
3 550	1887	1902	
3 848	1903	1898	
3 1903	848	1897	
3 1898	1903	2208	
3 1898	1899	1894	
3 861	925	1899	
3 372	1895	1900	
3 1899	1900	1895	
3 1891	547	1901	
3 645	2139	547	
3 860	1902	983	
3 1897	550	1902	
3 1902	1903	1897	
3 2208	1903	860	
3 983	1901	1904	
3 547	1904	1901	
3 400	1905	192	
3 495	1905	399	
3 1907	1906	195	
3 1908	1906	494	
3 194	1907	195	
3 398	494	1907	
3 494	493	1908	
3 1908	493	570	
3 1688	1909	184	
3 1687	1909	404	
3 1910	1911	1912	
3 276	1965	1964	
3 505	1913	1914	
3 1911	1913	1912	
3 1918	1925	505	
3 1914	1913	1911	
3 1917	1913	505	
3 1911	277	1915	
3 1915	1947	1914	
3 1949	411	1947	
3 1914	1947	1916	
3 1951	1916	411	
3 1916	1951	1918	
3 1917	1922	1919	
3 1912	1919	278	
3 504	1925	1926	
3 504	1923	1925	
3 1920	1922	1923	
3 1921	278	1919	
3 1928	1920	1930	
3 1932	1924	1927	
3 1923	1922	1917	
3 1924	1921	1919	
3 1924	1922	1920	
3 1925	1923	1917	
3 1923	504	1930	
3 1927	1924	1920	
3 1924	279	1921	
3 505	1925	1917	
3 1925	1918	1926	
3 1918	700	1926	
3 1960	1940	1926	
3 1928	1927	1920	
3 1929	1932	1958	
3 1935	1928	1930	
3 1939	1931	630	
3 1923	1930	1920	
3 577	1932	1927	
3 1930	504	1933	
3 577	1928	1931	
3 1935	1930	1933	
3 1959	1931	1939	
3 279	1932	1929	
3 1940	504	1926	
3 1933	1937	1936	
3 1953	1954	1952	
3 1958	1934	1953	
3 1936	1935	1933	
3 1931	1928	1935	
3 1933	1940	1937	
3 1931	1936	630	
3 1941	1937	655	
3 1936	1938	630	
3 1941	1938	1937	
3 1942	1938	1941	
3 630	1942	1943	
3 1959	503	1934	
3 1960	1926	700	
3 1940	1962	1937	
3 655	2020	2029	
3 578	2019	1945	
3 1943	1942	1944	
3 630	1938	1942	
3 630	1943	1939	
3 1944	1942	578	
3 1945	1944	578	
3 1944	1945	1946	
3 578	1941	2019	
3 1991	1995	1963	
3 1963	1946	1945	
3 1943	1946	1988	
3 1947	1915	1948	
3 411	1916	1947	
3 1915	277	1964	
3 1948	1965	1966	
3 1948	506	1949	
3 1972	1974	506	
3 1950	1974	1977	
3 411	1982	1951	
3 1982	411	1950	
3 1992	700	1951	
3 1958	1953	280	
3 1953	1955	1954	
3 1955	1934	503	
3 1956	1954	503	
3 281	1952	1954	
3 1934	1955	1953	
3 503	1954	1955	
3 1943	1956	503	
3 1985	1983	282	
3 1985	282	1957	
3 281	1984	1957	
3 1929	1958	280	
3 1932	1934	1958	
3 1931	1959	577	
3 503	1959	1939	
3 1961	1960	700	
3 655	1937	1962	
3 1992	1951	1982	
3 1961	1996	1999	
3 1960	1961	1962	
3 2020	1961	972	
3 1991	1963	1945	
3 1987	1988	1989	
3 1966	1965	276	
3 1964	1965	1915	
3 1915	1965	1948	
3 275	1968	1967	
3 1968	1966	1967	
3 1968	275	1969	
3 1966	276	1967	
3 1970	1968	1971	
3 1713	1976	274	
3 1973	274	1976	
3 1948	1970	506	
3 1966	1968	1970	
3 1969	1971	1968	
3 579	1975	1972	
3 506	1971	1972	
3 579	1972	1971	
3 1977	1974	656	
3 1969	275	1973	
3 1974	1950	1978	
3 579	1979	1975	
3 1980	631	656	
3 579	1976	1713	
3 1969	1973	1976	
3 656	631	1977	
3 2140	1977	631	
3 411	1978	1950	
3 506	1978	1949	
3 1713	1979	579	
3 1981	1980	1979	
3 1975	1979	1980	
3 1981	1979	507	
3 507	2021	1981	
3 412	1716	2022	
3 1950	2023	1982	
3 1982	1996	1992	
3 1987	1983	1986	
3 1983	1987	1990	
3 410	1984	1956	
3 1957	1984	1985	
3 1986	1984	410	
3 1983	1985	1986	
3 1984	1986	1985	
3 1987	410	1988	
3 1987	1989	1990	
3 1943	1988	410	
3 1989	1946	1963	
3 1946	1989	1988	
3 1963	340	1989	
3 1993	1990	340	
3 1990	1993	1997	
3 1945	2019	2032	
3 340	2143	1993	
3 1982	2023	1996	
3 1961	700	1992	
3 1995	340	1963	
3 1993	2000	1997	
3 282	1983	1994	
3 1998	1997	2002	
3 2024	2010	2143	
3 340	1995	2143	
3 1996	667	1999	
3 1961	1992	1996	
3 2000	1993	871	
3 1983	1998	1994	
3 1990	1997	1998	
3 2142	667	2140	
3 2222	2142	922	
3 2003	2001	2002	
3 1997	2000	2002	
3 2003	2002	2000	
3 2003	2000	871	
3 2001	283	2002	
3 2006	2008	2004	
3 2005	2001	2003	
3 2009	2004	2008	
3 2013	2004	2011	
3 284	2005	2006	
3 2003	2008	2006	
3 2003	2006	2005	
3 2004	2013	2014	
3 2006	2004	2014	
3 2003	871	2008	
3 2009	2008	871	
3 2143	871	1993	
3 2004	2009	2011	
3 2024	1995	1991	
3 2010	2031	2033	
3 2010	2033	2009	
3 2010	2024	2031	
3 2006	2014	284	
3 872	2016	2011	
3 2015	2007	2012	
3 2014	2013	2015	
3 2011	2016	2013	
3 2018	2015	2016	
3 2017	285	2007	
3 2015	2013	2016	
3 872	2018	2016	
3 2015	2018	2017	
3 2025	2018	872	
3 2018	2025	2026	
3 2223	655	2029	
3 2030	2032	2034	
3 2028	2020	972	
3 2020	2028	2029	
3 1709	2021	507	
3 2022	2021	412	
3 1716	850	2022	
3 850	2141	2221	
3 1977	2023	1950	
3 1996	2023	667	
3 2030	2024	1991	
3 2031	2024	873	
3 2210	872	2027	
3 2234	2025	2210	
3 286	2324	2299	
3 285	2017	2026	
3 2251	873	2225	
3 872	2210	2025	
3 2144	972	1999	
3 2028	2144	2211	
3 2224	2146	2029	
3 2146	2019	2223	
3 2032	1991	1945	
3 2030	1991	2032	
3 873	2027	2031	
3 2033	2011	2009	
3 2019	2145	2032	
3 2145	2034	2032	
3 2031	2027	2033	
3 872	2033	2027	
3 2147	2034	2145	
3 2034	2149	2225	
3 187	186	2035	
3 1687	2035	186	
3 403	402	2036	
3 2036	402	496	
3 2039	2040	268	
3 2041	2037	267	
3 2046	2038	581	
3 2055	2038	632	
3 509	1695	2040	
3 2040	2037	509	
3 2037	2040	2039	
3 2043	266	265	
3 2041	2042	2037	
3 2041	266	2042	
3 2043	265	2051	
3 2042	2044	581	
3 2045	2044	2043	
3 2046	632	2038	
3 2043	2047	2045	
3 2045	2047	2049	
3 2044	415	2046	
3 2065	2046	415	
3 2052	2050	264	
3 2047	510	2049	
3 510	2047	2051	
3 2047	2043	2051	
3 510	2053	2054	
3 2066	2049	583	
3 2048	264	2050	
3 2048	2050	2051	
3 510	2051	2050	
3 264	263	2052	
3 2056	263	1690	
3 2053	416	2054	
3 510	2050	2053	
3 416	2062	2064	
3 2049	2054	583	
3 2057	2055	632	
3 2059	1697	2061	
3 416	2052	2056	
3 263	2056	2052	
3 2058	2057	632	
3 2059	2057	582	
3 2065	632	2046	
3 2058	2150	2063	
3 2060	2059	582	
3 1696	2061	1697	
3 2063	2060	582	
3 874	1717	2060	
3 509	2061	414	
3 2055	2059	2061	
3 2062	342	2064	
3 416	2056	2062	
3 2058	2063	582	
3 2063	928	2151	
3 2064	342	2067	
3 583	2054	2064	
3 2066	415	2049	
3 2058	2065	657	
3 2068	2066	583	
3 2065	415	2066	
3 342	2070	2067	
3 2067	2070	2072	
3 2068	583	2069	
3 2068	944	2152	
3 2069	905	2071	
3 2064	2069	583	
3 417	2070	342	
3 710	2072	584	
3 905	760	2073	
3 2068	2071	944	
3 760	905	2072	
3 2067	2072	905	
3 760	797	2282	
3 2071	2074	944	
3 2073	943	2074	
3 2168	2153	2074	
3 1905	2075	193	
3 2076	2075	495	
3 398	2076	495	
3 194	2076	1907	
3 230	2082	2084	
3 560	2077	478	
3 559	2078	234	
3 2079	2078	477	
3 388	2079	477	
3 235	2079	1720	
3 246	245	2080	
3 517	2080	245	
3 511	2081	261	
3 1690	2081	417	
3 2085	2083	229	
3 2082	2083	2084	
3 2082	229	2083	
3 2087	2084	561	
3 2077	230	2084	
3 229	228	2085	
3 2090	2085	228	
3 2088	2086	479	
3 561	2083	2086	
3 2089	2087	561	
3 478	2077	2087	
3 479	2092	2094	
3 618	2102	2099	
3 561	2088	2089	
3 618	2089	2088	
3 2091	228	227	
3 2092	389	2094	
3 227	2093	2091	
3 2092	2091	2097	
3 479	2090	2092	
3 2091	2092	2090	
3 2095	226	2096	
3 2097	2093	480	
3 2098	2100	389	
3 618	2088	2094	
3 226	562	2096	
3 2093	227	2095	
3 562	480	2096	
3 480	562	2098	
3 2092	2097	389	
3 2098	2108	2100	
3 389	2097	2098	
3 478	2089	2099	
3 618	2099	2089	
3 2108	2098	619	
3 2100	2108	2111	
3 2103	2101	759	
3 2101	708	2104	
3 2105	2102	618	
3 2102	2105	2106	
3 759	2106	2109	
3 664	708	2103	
3 2107	2104	708	
3 560	478	2104	
3 2094	2105	618	
3 2111	2105	2100	
3 817	914	2106	
3 759	2109	2103	
3 2107	708	1764	
3 616	560	2107	
3 2110	619	746	
3 2108	2110	2111	
3 2106	914	2109	
3 2103	2112	664	
3 2155	2110	746	
3 2111	2110	786	
3 2156	2111	786	
3 2105	2111	817	
3 2109	914	2112	
3 2112	914	2212	
3 2114	2113	777	
3 1634	2113	829	
3 712	2114	777	
3 2114	1602	808	
3 2283	801	1587	
3 2314	1024	1039	
3 2117	2116	834	
3 1602	2116	808	
3 2213	834	1601	
3 2117	921	2214	
3 846	2216	2237	
3 830	1634	2118	
3 1603	2119	870	
3 1675	2123	2122	
3 2121	2126	2125	
3 2122	2120	2121	
3 2126	2121	26	
3 1675	2119	2123	
3 1585	2120	2122	
3 2119	1597	2123	
3 1585	2123	1597	
3 2289	2287	2288	
3 999	2125	2126	
3 870	1675	2125	
3 26	2124	2126	
3 2126	2124	2157	
3 640	2127	1679	
3 2158	2127	1648	
3 2217	2128	923	
3 866	1685	2128	
3 874	2151	2174	
3 2129	1718	2228	
3 1759	962	2130	
3 2295	962	2204	
3 1797	1794	2131	
3 1683	2131	1794	
3 2258	2132	1797	
3 1044	2132	1042	
3 1798	2133	859	
3 1795	1799	2133	
3 2160	2134	757	
3 2161	2134	2160	
3 2162	1847	910	
3 1858	909	2135	
3 1059	1009	2136	
3 2179	1859	841	
3 2166	2137	925	
3 2137	609	461	
3 2219	2138	864	
3 983	2138	860	
3 853	2139	645	
3 864	1904	2139	
3 2141	2140	631	
3 667	2142	1999	
3 2221	2141	631	
3 2240	850	2218	
3 2140	922	2142	
3 2142	2222	2144	
3 2024	2143	1995	
3 871	2143	2010	
3 2142	2144	1999	
3 2211	2144	1015	
3 2146	2145	2019	
3 2145	927	2147	
3 2223	2019	1941	
3 2224	2029	973	
3 2148	2147	927	
3 2034	2147	2149	
3 2224	927	2146	
3 1035	2328	2248	
3 2147	2148	2149	
3 2328	2149	2148	
3 2154	657	2152	
3 928	2063	2150	
3 2167	2151	928	
3 2151	2167	2174	
3 2153	2152	944	
3 2152	2153	2154	
3 944	2074	2153	
3 2168	2074	943	
3 2154	958	2169	
3 2150	657	2154	
3 746	695	2284	
3 2155	978	2285	
3 2285	2156	786	
3 2362	989	2286	
3 2124	25	2157	
3 2357	2402	25	
3 1648	858	2158	
3 2217	2238	1031	
3 951	2130	2159	
3 2295	2130	962	
3 757	595	2160	
3 1784	2160	595	
3 2170	2161	807	
3 910	2134	2161	
3 2170	2178	2161	
3 2135	2164	1858	
3 2163	2195	2200	
3 2164	2163	948	
3 2163	2164	2162	
3 948	1858	2164	
3 1863	2165	1864	
3 2171	2165	2136	
3 925	861	2172	
3 2166	955	2173	
3 2169	2167	928	
3 994	993	2167	
3 2383	2168	943	
3 958	2176	2175	
3 2175	2169	958	
3 2167	2169	994	
3 807	776	2353	
3 2178	2195	2163	
3 2171	2136	2179	
3 1850	2171	841	
3 2296	2297	2298	
3 970	2182	2187	
3 2180	2173	955	
3 2173	2180	2181	
3 993	2252	2227	
3 874	2174	2228	
3 2176	958	2168	
3 2175	2176	2177	
3 2168	995	2176	
3 2176	995	2177	
3 2229	2177	995	
3 2230	2177	2229	
3 2195	2178	2170	
3 2163	910	2178	
3 2136	1009	2179	
3 2434	2433	1089	
3 2182	2180	955	
3 2180	2182	2183	
3 2184	2181	661	
3 609	2181	460	
3 2185	2182	955	
3 2182	2185	2187	
3 2186	2183	970	
3 2183	2186	2188	
3 2184	661	2190	
3 460	2184	642	
3 955	2172	2185	
3 2172	954	2185	
3 2196	970	2189	
3 970	2196	2186	
3 2185	954	2187	
3 2199	2189	2187	
3 2186	934	2188	
3 2188	2191	2190	
3 970	2187	2189	
3 2199	2187	954	
3 2190	602	642	
3 661	2188	2190	
3 2191	934	2192	
3 602	2190	2191	
3 934	2193	2192	
3 2194	735	2192	
3 2198	2186	2196	
3 641	2231	889	
3 888	2194	2193	
3 887	735	2194	
3 2170	987	2195	
3 2200	2195	987	
3 2197	2196	964	
3 2193	934	2198	
3 2232	2197	964	
3 2197	2232	2253	
3 2196	2197	2198	
3 2198	2197	888	
3 2201	2199	954	
3 2199	2201	2355	
3 2381	987	2380	
3 948	2376	2351	
3 2298	2172	861	
3 1068	2617	2201	
3 2125	2287	870	
3 999	2287	2125	
3 2292	2203	1025	
3 1674	2293	1587	
3 2294	2204	950	
3 1019	990	2295	
3 1857	902	2205	
3 936	2205	902	
3 2206	941	2207	
3 855	2206	1857	
3 2233	2207	941	
3 2207	2233	2254	
3 860	2138	2242	
3 1898	2296	861	
3 2324	286	2209	
3 285	2026	2209	
3 2027	873	2251	
3 2210	2251	2234	
3 2250	2245	2249	
3 2248	2246	2247	
3 2212	914	2235	
3 1767	1765	2212	
3 1601	2300	2213	
3 852	2301	2300	
3 2236	2214	921	
3 846	2118	2215	
3 808	2215	829	
3 2214	846	2215	
3 2236	2216	846	
3 2267	2311	2238	
3 2238	923	2158	
3 2217	1031	2239	
3 2218	986	2241	
3 2141	2240	922	
3 864	2220	2244	
3 2364	2242	997	
3 853	2243	2220	
3 2244	2219	864	
3 1981	2221	631	
3 850	2221	2022	
3 2240	2241	922	
3 1015	2144	2222	
3 655	2223	1941	
3 2029	2146	2223	
3 2247	2224	2249	
3 927	2224	2246	
3 2356	2225	1067	
3 2251	2210	2027	
3 999	2157	2226	
3 25	2226	2157	
3 986	2218	2227	
3 2228	2218	2129	
3 2174	2227	2228	
3 2218	2228	2227	
3 2358	2229	995	
3 2359	2229	1093	
3 2230	996	2252	
3 994	2177	2230	
3 2194	888	2231	
3 2306	888	2253	
3 2355	964	2199	
3 2232	2355	2432	
3 2433	941	2179	
3 2434	2233	2433	
3 2724	1027	2347	
3 1001	2025	2234	
3 2286	2235	914	
3 2294	2235	989	
3 921	2213	2326	
3 2236	1004	2436	
3 2255	2237	2216	
3 2237	2255	2256	
3 2158	858	2238	
3 858	2255	2267	
3 2257	2239	1031	
3 2239	2257	2258	
3 850	2240	2141	
3 2241	2240	2218	
3 2329	2303	2241	
3 2222	2241	2303	
3 997	2242	2219	
3 2208	860	2242	
3 837	2243	853	
3 867	2260	2244	
3 2220	2243	2244	
3 867	2244	2243	
3 2249	2245	2247	
3 2250	2211	1015	
3 2224	2247	2246	
3 2245	2248	2247	
3 2249	2224	973	
3 2248	2245	1035	
3 1035	2304	2328	
3 2148	2246	2248	
3 973	2211	2249	
3 2250	2249	2211	
3 1015	2303	2327	
3 2245	2261	1035	
3 2356	2251	2225	
3 2234	2251	1027	
3 2230	2252	993	
3 2359	2386	996	
3 2253	2330	2306	
3 2231	2306	889	
3 1007	2307	2233	
3 2233	2307	2254	
3 2262	2255	2216	
3 2255	2262	2267	
3 1648	2256	858	
3 845	830	2256	
3 1005	2263	1031	
3 2257	1031	2263	
3 2132	2258	1042	
3 1797	866	2258	
3 2265	2259	837	
3 2266	2259	916	
3 2270	867	2266	
3 2260	2270	2438	
3 2327	2250	1015	
3 2346	2304	2530	
3 2216	2436	2262	
3 2368	2451	2393	
3 2263	2310	2264	
3 1042	2264	1040	
3 2257	2263	2264	
3 2310	2263	1005	
3 837	814	2265	
3 814	2272	2268	
3 2269	2266	916	
3 867	2270	2260	
3 2267	2262	2311	
3 2238	858	2267	
3 916	2265	2268	
3 814	2268	2265	
3 2271	2269	916	
3 2437	2269	1002	
3 2269	2270	2266	
3 2270	1028	2438	
3 836	2274	2275	
3 2271	1002	2269	
3 812	2272	814	
3 2273	2272	813	
3 813	811	2273	
3 835	2276	811	
3 836	2273	2274	
3 811	2274	2273	
3 2312	2275	915	
3 1002	2271	2275	
3 915	2274	2276	
3 811	2276	2274	
3 2313	2277	835	
3 2277	1020	2331	
3 2115	2314	982	
3 2279	2317	2278	
3 1039	2315	2279	
3 2315	1030	2317	
3 1118	2302	2325	
3 2280	2302	2301	
3 2281	919	2378	
3 825	2281	843	
3 2318	2282	851	
3 943	2073	2282	
3 2283	1587	2293	
3 1024	2115	2283	
3 785	2284	745	
3 978	2155	2284	
3 2345	978	2335	
3 2285	1056	2362	
3 2286	989	2235	
3 817	2156	2286	
3 2321	999	2226	
3 870	2287	2202	
3 1025	2289	2290	
3 2287	2289	2202	
3 2290	2289	2288	
3 1025	2202	2289	
3 2288	1066	2290	
3 2363	2291	2290	
3 1000	2292	2323	
3 2292	1000	2293	
3 1025	2291	2292	
3 2323	2292	2291	
3 2292	2293	2203	
3 2293	1000	2319	
3 2235	2294	950	
3 989	2388	2449	
3 1019	2295	2204	
3 990	2159	2295	
3 2208	2297	2296	
3 861	2296	2298	
3 2208	2242	2364	
3 1068	2201	2298	
3 2298	2297	1068	
3 954	2172	2298	
3 2387	2234	2360	
3 2299	1026	2390	
3 852	2278	2301	
3 2280	2325	2302	
3 2213	2300	2301	
3 2302	1118	2326	
3 2213	2301	2302	
3 2329	986	2305	
3 2327	2261	2250	
3 1035	2361	2530	
3 1067	2328	2338	
3 986	2252	2305	
3 996	2305	2252	
3 888	2306	2231	
3 2253	1012	2330	
3 1007	2308	2307	
3 2309	2254	2307	
3 1007	2435	2366	
3 2308	2367	2309	
3 2367	2308	1057	
3 2309	891	936	
3 1005	2311	2393	
3 1046	1040	2310	
3 2368	2311	2262	
3 2311	2368	2393	
3 915	2277	2331	
3 2312	1064	2369	
3 802	2313	835	
3 2313	832	2332	
3 1024	2314	2115	
3 1039	2279	2314	
3 2316	2315	1039	
3 2317	1030	2280	
3 2440	2316	1039	
3 2316	1043	2441	
3 2278	2317	2280	
3 2279	2315	2317	
3 1038	2318	851	
3 2384	2383	1022	
3 2333	2319	1000	
3 1024	2283	2319	
3 2334	2320	785	
3 2320	2334	2335	
3 1023	2321	2226	
3 1066	2288	2321	
3 2401	1023	2382	
3 2322	2336	2337	
3 2291	1078	2323	
3 2323	2442	2333	
3 2026	2324	2209	
3 1001	2299	2324	
3 2280	1030	2325	
3 2441	1030	2316	
3 2326	1118	2371	
3 2236	921	2326	
3 2327	2303	2329	
3 2327	1092	2511	
3 2338	2328	2304	
3 2149	2328	1067	
3 986	2329	2241	
3 2329	2305	2372	
3 2397	1017	2348	
3 2306	2339	889	
3 2331	1020	2340	
3 915	2331	2312	
3 832	991	2332	
3 2341	2332	991	
3 2323	2333	1000	
3 1041	2440	2333	
3 785	2342	2334	
3 1018	2529	2343	
3 2344	2335	1063	
3 978	2345	2285	
3 2512	2336	1094	
3 2337	2336	1077	
3 2337	2450	2389	
3 2291	2363	1078	
3 2346	2338	2304	
3 2346	2347	2338	
3 2348	2339	2330	
3 889	2349	935	
3 2341	1020	2332	
3 2443	2340	1036	
3 2341	991	2350	
3 2340	1020	2341	
3 979	2342	785	
3 895	2373	938	
3 2334	2342	2343	
3 2373	2342	938	
3 1063	2343	2529	
3 1076	2679	2448	
3 2344	2345	2335	
3 1056	2285	2345	
3 2304	1035	2530	
3 2346	2530	2632	
3 2346	1101	2347	
3 2724	2360	1027	
3 2374	2348	2330	
3 2348	2374	2397	
3 2348	2349	2339	
3 2375	1017	1062	
3 991	960	2350	
3 960	2475	2444	
3 948	2200	2376	
3 1081	1059	2351	
3 2352	990	2377	
3 919	2352	2378	
3 2379	2353	776	
3 2170	2380	987	
3 2354	2459	2410	
3 2410	2398	2376	
3 1033	2355	2201	
3 2232	964	2355	
3 1067	2347	2356	
3 2347	1027	2356	
3 2168	2383	995	
3 2382	1023	2402	
3 2358	2383	2384	
3 2385	2359	1093	
3 2359	2385	2386	
3 2456	2387	2360	
3 2299	2387	1026	
3 2327	2361	2261	
3 1092	2447	2493	
3 2285	2362	2156	
3 2362	1056	2388	
3 1066	2337	2363	
3 2389	2363	2337	
3 997	2438	2439	
3 1068	2297	2364	
3 1115	2498	2507	
3 2365	2390	2391	
3 1057	2308	2366	
3 2367	1057	2392	
3 891	2309	2367	
3 2436	2368	2262	
3 2396	1004	2371	
3 2394	2369	1064	
3 2369	2394	2409	
3 2463	1030	2441	
3 2466	2370	2464	
3 2395	1118	2370	
3 2371	2395	2396	
3 2305	2386	2447	
3 2327	2372	1092	
3 2445	2373	895	
3 1018	2343	2373	
3 2330	1012	2374	
3 1012	2432	2531	
3 1017	2375	2349	
3 1062	779	2375	
3 2410	2200	2354	
3 2200	2410	2376	
3 2622	2377	990	
3 1139	2446	2626	
3 2352	2377	2378	
3 2446	2378	2377	
3 2425	2379	776	
3 2379	2425	2399	
3 2379	2380	2353	
3 2381	2380	1054	
3 2381	1054	2411	
3 1103	2354	2381	
3 24	2400	2455	
3 2402	1023	2226	
3 943	2318	2383	
3 1022	2383	2318	
3 2403	2384	1022	
3 2384	2403	2404	
3 2384	2404	1093	
3 2419	2417	2418	
3 2386	1110	2447	
3 2305	996	2386	
3 1001	2387	2299	
3 2456	2405	1026	
3 2448	1056	2344	
3 989	2449	2294	
3 2450	2337	1077	
3 1078	2473	2442	
3 2390	1026	2391	
3 286	2390	2365	
3 2405	2391	1026	
3 2391	1095	2458	
3 1057	2407	2392	
3 877	929	2408	
3 2451	2368	1130	
3 2310	1005	2393	
3 2340	2443	1064	
3 2443	1036	2521	
3 2469	2395	2370	
3 2396	2395	1119	
3 2396	1119	2452	
3 2436	2453	2368	
3 2374	1137	2397	
3 2397	2537	2454	
3 1081	2398	1072	
3 2351	2376	2398	
3 2428	974	2424	
3 2431	2411	2429	
3 23	2484	2400	
3 2401	1094	2336	
3 2455	2382	24	
3 2455	2401	2382	
3 25	2402	2226	
3 2357	2382	2402	
3 2412	1022	1038	
3 2413	2403	2412	
3 2420	1109	2419	
3 2385	1093	2404	
3 2456	1026	2387	
3 2542	2457	1145	
3 2415	1057	2366	
3 2406	2391	2458	
3 1052	2490	2489	
3 2392	2407	2408	
3 1052	2408	2407	
3 2534	2634	2635	
3 2269	2437	1028	
3 2459	2354	1103	
3 1072	2398	2410	
3 2411	1074	2623	
3 1054	2399	2411	
3 1070	2412	1038	
3 2413	2412	1079	
3 2417	1079	2416	
3 1109	2403	2413	
3 2422	2414	2532	
3 2421	2422	2385	
3 2507	2415	2366	
3 2502	2501	1131	
3 2624	2416	1079	
3 1109	2417	2419	
3 1079	2417	2413	
3 2417	2416	2418	
3 2416	1117	2418	
3 2532	1129	2480	
3 2418	2414	2419	
3 2420	2419	2414	
3 2421	2420	2414	
3 2404	1109	2420	
3 2421	2414	2422	
3 2404	2421	2385	
3 2532	2414	2418	
3 2422	2532	2480	
3 2424	732	775	
3 2425	2423	974	
3 2426	2424	775	
3 974	2423	2424	
3 2425	974	2399	
3 733	2425	776	
3 775	975	2427	
3 2426	1061	2428	
3 2427	933	2430	
3 1061	2426	2427	
3 2429	2428	1061	
3 2399	974	2428	
3 1061	1016	2431	
3 2399	2429	2411	
3 933	886	2430	
3 2430	886	2460	
3 2461	1016	1080	
3 2411	2431	1074	
3 2533	2432	1033	
3 2432	2533	2531	
3 2179	1009	2433	
3 1089	2433	1009	
3 2435	2434	1089	
3 1007	2233	2434	
3 2462	2435	1089	
3 2366	2435	1115	
3 2236	2436	2216	
3 2436	1004	2453	
3 1002	2409	2437	
3 2634	2534	2437	
3 2625	2439	2438	
3 997	2439	2364	
3 2625	2438	1028	
3 2668	2618	2439	
3 2440	1039	1024	
3 1043	2440	1041	
3 2465	2441	1043	
3 2370	2463	2464	
3 1078	2389	2473	
3 1041	2333	2442	
3 1036	2474	2521	
3 2394	1064	2443	
3 1036	2350	2444	
3 960	2444	2350	
3 894	2445	895	
3 2445	1013	2535	
3 2626	2446	2377	
3 2627	1014	940	
3 2493	1110	2480	
3 2372	2447	1092	
3 1076	2448	2344	
3 2449	2448	1105	
3 2448	2449	2388	
3 2449	1105	2536	
3 2512	1077	2336	
3 2389	2488	2473	
3 2555	2727	1130	
3 2483	2310	2393	
3 2541	1119	2468	
3 2452	2541	2555	
3 1004	2396	2453	
3 2452	2453	2396	
3 2538	2454	1075	
3 1062	1017	2454	
3 2455	2400	2484	
3 2360	1125	2456	
3 2457	1125	1145	
3 2405	2456	2457	
3 1125	2457	2456	
3 2485	2458	1095	
3 1124	2547	2513	
3 2539	2459	1103	
3 2459	2539	2628	
3 885	2460	886	
3 1011	1080	2460	
3 2540	2461	1080	
3 1074	2431	2461	
3 2486	1089	1086	
3 2487	2462	1088	
3 2464	2463	2441	
3 2370	2325	2463	
3 2467	2441	2465	
3 2464	2467	2466	
3 2748	1106	2711	
3 2465	2471	2470	
3 2468	2466	1098	
3 2395	2469	1119	
3 2441	2467	2464	
3 2470	2467	2465	
3 2472	2468	1098	
3 1119	2541	2452	
3 2370	2466	2469	
3 2468	2469	2466	
3 2465	2629	2471	
3 2554	1133	2555	
3 2471	2629	2748	
3 2647	1133	2554	
3 2470	2471	2472	
3 2472	2729	2647	
3 2488	2389	2450	
3 2473	1142	2630	
3 2492	1096	2479	
3 2474	2503	2510	
3 2476	2475	960	
3 2475	2476	2477	
3 960	946	2476	
3 946	967	2476	
3 2478	2477	967	
3 2477	2478	2479	
3 2489	2478	967	
3 2490	2478	2489	
3 2491	2479	1111	
3 2479	2491	2492	
3 2422	2480	1110	
3 2504	2493	2480	
3 2544	2558	2545	
3 2450	1077	2481	
3 1134	1046	2482	
3 2483	1046	2310	
3 2451	2482	2483	
3 1046	2483	2482	
3 23	2494	2543	
3 2455	2484	1094	
3 2457	2485	1095	
3 2485	2457	2542	
3 2496	1086	1084	
3 1088	2462	2486	
3 2515	2497	2508	
3 2507	2498	1107	
3 2499	2450	2481	
3 1142	2473	2488	
3 2489	967	876	
3 1052	2489	2408	
3 2500	1052	2415	
3 1111	2478	2490	
3 2501	2491	1111	
3 2491	2501	2502	
3 2503	2492	1127	
3 2474	1096	2492	
3 2504	2480	1129	
3 2493	2504	2511	
3 2557	2494	22	
3 2484	2505	1094	
3 2547	2495	2513	
3 2669	1084	2628	
3 2506	2496	1084	
3 1088	2486	2496	
3 2497	2549	2518	
3 2508	2487	2515	
3 1115	2487	2498	
3 2508	2498	2487	
3 2499	2481	2544	
3 2488	2499	2545	
3 2514	2415	2507	
3 2522	2501	2500	
3 2490	2501	1111	
3 2500	2514	2522	
3 2546	2502	1131	
3 2509	2502	1135	
3 2509	2503	1127	
3 2510	2503	1113	
3 2504	1129	2639	
3 2493	2511	1092	
3 2484	2543	2505	
3 2571	2512	1123	
3 2516	2517	2515	
3 2507	1107	2514	
3 1115	2507	2366	
3 2515	2487	1088	
3 2508	2497	2518	
3 2502	2509	1127	
3 2519	2509	1135	
3 1113	2520	2510	
3 2474	2510	2521	
3 2548	2511	2504	
3 2327	2511	2361	
3 1123	2512	2505	
3 2481	1077	2512	
3 1124	2513	2485	
3 2495	288	2513	
3 2514	1107	2522	
3 2415	2514	2500	
3 2506	2516	1088	
3 2515	1088	2516	
3 1157	2523	2506	
3 2516	2523	2517	
3 2516	2506	2523	
3 2524	1146	2549	
3 2497	2524	2549	
3 2565	2522	1107	
3 2567	1135	2560	
3 1113	2631	2520	
3 1113	2519	2631	
3 1099	2520	2674	
3 2510	2520	2521	
3 2394	2521	2520	
3 2565	1107	2518	
3 1131	2501	2522	
3 1157	2878	2550	
3 2523	2550	2524	
3 2497	2517	2524	
3 2523	2524	2517	
3 998	2611	2528	
3 862	865	2525	
3 868	918	2527	
3 998	2525	2526	
3 2551	2527	1029	
3 998	2526	2527	
3 2528	1069	2606	
3 862	2525	2528	
3 2552	2529	1018	
3 1076	2344	2529	
3 2548	2530	2361	
3 2530	1208	2632	
3 1137	2374	2531	
3 1012	2531	2374	
3 2418	1117	2532	
3 1117	2693	2899	
3 2619	2617	2618	
3 2620	2621	2663	
3 1028	2437	2534	
3 2437	2409	2634	
3 2535	1013	2613	
3 2535	1138	2552	
3 2679	2731	1105	
3 1019	2664	2622	
3 2553	2537	1137	
3 1075	2454	2537	
3 2636	2538	1075	
3 976	2538	1055	
3 2665	1103	2623	
3 2539	2665	2637	
3 1071	2540	1080	
3 2824	2638	1083	
3 2554	2541	2468	
3 2541	2554	2555	
3 2556	2542	1145	
3 2542	2556	2562	
3 2543	2494	2557	
3 2481	1172	2544	
3 2953	1172	2842	
3 2499	2544	2545	
3 2544	2953	2558	
3 2559	2546	1131	
3 2546	2559	2560	
3 2561	2547	1124	
3 289	2495	2547	
3 2639	2548	2504	
3 2530	2548	1208	
3 1146	2640	2549	
3 1156	2560	2559	
3 1157	2550	2523	
3 2641	2550	1225	
3 2551	1029	2685	
3 2608	2611	1121	
3 2535	2552	1018	
3 2552	1138	2643	
3 2553	1137	2633	
3 2645	2644	2553	
3 2468	2472	2554	
3 2647	2554	2472	
3 2726	2555	1133	
3 1130	2727	2482	
3 1145	2563	2556	
3 2556	2563	2569	
3 22	2564	2651	
3 2651	2557	22	
3 1106	2670	2671	
3 2558	2671	2670	
3 2565	2559	1131	
3 2640	2559	2549	
3 2566	2560	1156	
3 2560	2566	2567	
3 1124	2542	2562	
3 2572	2547	2561	
3 1155	2562	2556	
3 2561	1124	2562	
3 2753	1145	1125	
3 1161	2652	2563	
3 2682	2564	21	
3 2557	2570	1123	
3 2522	2565	1131	
3 2549	2565	2518	
3 2642	2640	2641	
3 1163	2566	2677	
3 2567	2732	2673	
3 2519	1135	2567	
3 2568	2572	2653	
3 2481	2571	1172	
3 1155	2680	2649	
3 2652	2569	2563	
3 2557	2651	2570	
3 2707	2712	1143	
3 1123	2570	2571	
3 1144	2572	2561	
3 2568	289	2572	
3 1058	2573	898	
3 2574	2573	1053	
3 2575	2574	1053	
3 2574	968	879	
3 2576	2575	1053	
3 2575	1112	2577	
3 2723	1058	2720	
3 2721	2722	2576	
3 2578	2577	1112	
3 2579	2577	2578	
3 2588	2578	1112	
3 1097	2589	2583	
3 2580	2579	1097	
3 968	2577	2579	
3 2581	2580	1097	
3 2580	961	2582	
3 2589	1097	2578	
3 2581	1037	2584	
3 961	947	2582	
3 947	968	2582	
3 1128	1114	2583	
3 2581	2585	1037	
3 2584	1037	2590	
3 992	961	2584	
3 1114	2586	2583	
3 2585	2583	2586	
3 2586	2654	2591	
3 2591	2655	2594	
3 2591	2587	2586	
3 1037	2594	2590	
3 2592	1112	2576	
3 2588	2592	2593	
3 2588	2589	2578	
3 1128	2583	2589	
3 2594	1037	2587	
3 1065	1021	2590	
3 2654	2586	1114	
3 2591	1100	2655	
3 2722	2592	2576	
3 2593	2592	1132	
3 2595	2593	1132	
3 2593	2595	2596	
3 2591	2594	2587	
3 1065	2590	2594	
3 2597	2595	1132	
3 2595	2597	2598	
3 2599	2596	1136	
3 1114	1128	2596	
3 2722	1132	2592	
3 1158	2597	2601	
3 2602	2598	1158	
3 2598	2602	2603	
3 2603	1136	2598	
3 1114	2684	2654	
3 2600	2887	2657	
3 2601	1147	2656	
3 2597	2600	2601	
3 2657	2601	2600	
3 2656	2602	1158	
3 2602	2656	2728	
3 2603	2742	2702	
3 2599	1136	2603	
3 940	2604	900	
3 2604	1014	2605	
3 2658	2605	1014	
3 2605	2658	2659	
3 2528	2606	863	
3 2607	2606	1069	
3 2608	2607	1069	
3 2607	1034	2609	
3 2611	2608	1069	
3 2613	2614	1151	
3 2610	2609	1034	
3 956	2609	965	
3 2614	2613	2610	
3 965	2610	1013	
3 2611	1069	2528	
3 1121	2611	2551	
3 2608	1121	2612	
3 2838	1174	2859	
3 1151	2660	2613	
3 1013	2610	2613	
3 1034	2612	2614	
3 1151	2614	2612	
3 1082	1073	2615	
3 2616	2615	1073	
3 2661	2616	1073	
3 2616	1141	2662	
3 2618	2617	1068	
3 1033	2201	2617	
3 2439	2618	1068	
3 2618	2620	2619	
3 2620	2618	1120	
3 2533	1033	2619	
3 1120	2705	2710	
3 2533	2619	2620	
3 2633	2690	1171	
3 2533	2663	1150	
3 990	1019	2622	
3 2664	1019	2536	
3 2691	2665	2623	
3 2381	2623	1103	
3 1079	1070	2666	
3 2624	1167	2667	
3 1028	2534	2625	
3 2694	2668	2625	
3 2622	2626	2377	
3 2810	2779	2811	
3 2446	1139	2627	
3 2687	2658	2627	
3 2669	2628	1140	
3 1084	1072	2628	
3 2465	1043	2629	
3 2672	1043	1041	
3 1142	2670	2630	
3 2670	1106	2672	
3 2673	2631	2519	
3 2674	1148	1201	
3 2883	2632	1208	
3 1101	2752	2725	
3 1150	2663	2690	
3 2633	1171	2553	
3 2409	1099	2634	
3 2634	1099	2635	
3 2733	1099	2674	
3 2635	2733	2675	
3 2644	1075	2537	
3 2636	1104	2676	
3 2823	2637	1166	
3 2695	2637	1222	
3 2638	1166	2665	
3 1074	2540	2638	
3 2639	2891	2825	
3 1208	2639	2825	
3 2641	2640	1146	
3 2559	2640	1156	
3 2641	1146	2550	
3 2641	2677	2642	
3 2677	2641	1162	
3 2566	1156	2642	
3 1138	2660	2678	
3 2643	2678	2679	
3 2553	1153	2645	
3 1075	2644	2646	
3 2789	2704	1153	
3 2646	1104	2636	
3 2644	2645	2646	
3 2646	2645	2689	
3 2729	2472	2471	
3 2726	2828	1209	
3 2649	2648	1155	
3 1144	2561	2648	
3 2680	1155	2569	
3 2681	2650	2649	
3 2681	2649	1160	
3 1144	2683	2653	
3 2651	2564	2682	
3 2777	2836	1161	
3 2680	2698	2649	
3 2683	1144	2650	
3 1169	2743	2713	
3 1114	2599	2684	
3 2654	2745	2746	
3 2655	1100	2685	
3 1003	1065	2655	
3 2686	2656	1147	
3 2656	1164	2728	
3 2887	2600	1108	
3 2715	2718	1090	
3 1014	2627	2658	
3 2687	2627	1139	
3 2666	2659	1102	
3 1070	966	2659	
3 2688	2660	1151	
3 2660	2688	2678	
3 2697	2676	1104	
3 2661	1104	2689	
3 1141	2704	2719	
3 2718	2715	2716	
3 2620	2663	2533	
3 2690	2663	2621	
3 2731	2536	1105	
3 1126	2622	2664	
3 2623	1074	2691	
3 2637	2665	1166	
3 2659	2666	1070	
3 2666	1102	2757	
3 2692	1167	2737	
3 2667	1167	2692	
3 2439	2625	2668	
3 2625	2534	2694	
3 2637	2695	1140	
3 2506	1084	2669	
3 2558	2670	1142	
3 2672	1106	2629	
3 1154	2696	2558	
3 2671	2558	2696	
3 2672	2629	1043	
3 2630	2670	2672	
3 2519	2567	2673	
3 2732	2567	1163	
3 1201	2675	2733	
3 2520	2631	2674	
3 2734	2675	1201	
3 2675	2734	2735	
3 2697	1104	2661	
3 988	1055	2676	
3 2677	1162	2736	
3 2566	2642	2677	
3 1170	1152	2678	
3 2679	2678	1152	
3 2731	2778	2754	
3 2448	2679	1105	
3 2569	2652	2680	
3 2680	2652	2698	
3 2699	2681	1160	
3 2683	2681	1169	
3 21	2700	2741	
3 2741	2682	21	
3 2681	2683	2650	
3 2713	2653	2683	
3 2702	2684	2599	
3 2684	2702	2708	
3 2746	2685	1100	
3 2551	2685	1204	
3 2776	1147	2751	
3 2686	2776	2793	
3 1139	1173	2687	
3 2757	2687	1173	
3 2703	2688	1151	
3 2688	2703	2709	
3 2646	2689	1104	
3 2717	2662	2719	
3 2767	2621	2747	
3 2690	2767	2769	
3 1074	2638	2691	
3 2638	2665	2691	
3 1180	2738	2692	
3 2692	2738	2693	
3 2866	1179	2855	
3 2866	2899	2693	
3 2534	1200	2694	
3 2668	2705	1120	
3 2870	2695	1222	
3 2506	2695	1157	
3 2706	2696	1154	
3 2671	2696	2711	
3 949	2697	1073	
3 988	2676	2697	
3 2730	2652	1161	
3 1160	2888	2739	
3 1160	2739	2760	
3 2803	2740	1191	
3 20	2761	2700	
3 2741	1168	2707	
3 2701	2713	2743	
3 2744	2708	1149	
3 2599	2603	2702	
3 2742	2603	1165	
3 1151	2612	2703	
3 2859	2612	1121	
3 2689	2645	2704	
3 1153	2704	2645	
3 2694	1200	2705	
3 2675	2735	1200	
3 1154	2842	2896	
3 2832	2853	2863	
3 2682	2741	2707	
3 2749	2712	2707	
3 2745	2708	2744	
3 2826	2709	2893	
3 1174	2893	2709	
3 1200	2735	2756	
3 2621	2710	2747	
3 2711	2853	2832	
3 2729	2748	2832	
3 2750	2712	1189	
3 2571	1143	2712	
3 1169	2713	2683	
3 2701	290	2713	
3 2715	1087	1085	
3 1116	2714	1090	
3 2662	2716	1085	
3 2715	1085	2716	
3 2662	2717	2716	
3 2717	2718	2716	
3 1141	2719	2662	
3 2717	1159	2718	
3 2657	2751	1147	
3 2657	1090	2718	
3 2704	1210	2719	
3 2719	1210	2827	
3 1116	1108	2720	
3 2721	2720	1108	
3 2722	2721	1108	
3 2723	2576	1053	
3 1108	2600	2722	
3 1132	2722	2600	
3 1058	2723	1053	
3 2720	2721	2723	
3 2725	2724	1101	
3 1125	2360	2724	
3 1101	2632	2752	
3 2753	2563	1145	
3 2828	1133	2647	
3 2920	2726	1209	
3 2726	2727	2555	
3 1134	2482	2727	
3 2728	2834	2762	
3 1164	2834	2728	
3 2729	2471	2748	
3 2829	2729	1184	
3 2903	2888	2698	
3 2698	2652	2730	
3 2679	1152	2778	
3 2664	2754	1126	
3 2780	2755	2732	
3 1148	2673	2732	
3 1099	2733	2635	
3 2674	1201	2733	
3 2830	2734	1201	
3 2734	2830	2831	
3 2710	2790	2747	
3 2705	2756	2710	
3 2922	2840	2736	
3 2755	2780	2794	
3 2757	2737	1167	
3 2737	1173	2758	
3 2759	2738	1180	
3 2693	2738	1179	
3 2888	1160	2698	
3 2921	2739	1244	
3 1169	2699	2740	
3 1160	2760	2699	
3 2741	2700	2761	
3 2762	2742	1165	
3 1149	2702	2742	
3 1169	2740	2743	
3 2812	2763	2803	
3 2764	2744	1149	
3 2744	2764	2765	
3 2745	1205	2746	
3 2654	2708	2745	
3 2766	2746	1205	
3 2685	2746	1204	
3 2790	2710	2756	
3 2790	1203	2773	
3 1106	2748	2629	
3 2748	2711	2832	
3 2774	2749	1168	
3 2749	2774	2791	
3 2775	2750	1189	
3 2571	2750	1172	
3 2718	1159	2751	
3 1147	2776	2686	
3 2883	2752	2632	
3 1219	2836	2777	
3 2777	2725	2752	
3 1161	2563	2753	
3 2731	2679	2778	
3 2754	2778	2779	
3 1202	2755	1185	
3 1148	2732	2755	
3 1200	2756	2705	
3 2756	2735	2790	
3 2666	2757	1167	
3 2687	2757	1102	
3 2781	2758	1173	
3 2758	1181	2782	
3 2782	1180	2758	
3 2759	1183	2833	
3 2739	1188	2760	
3 2760	1188	2816	
3 2796	1187	2792	
3 2796	2774	1168	
3 2728	2762	1165	
3 1206	2764	2785	
3 2785	1186	2841	
3 2740	2803	2743	
3 2786	1149	2742	
3 2786	2762	2785	
3 1207	2787	2797	
3 1205	2787	2766	
3 2787	1205	2765	
3 2766	2787	2788	
3 1175	2768	2769	
3 2621	2767	2690	
3 1175	2773	2856	
3 2768	2771	2770	
3 1175	2769	2767	
3 2769	2768	2770	
3 2768	2874	2771	
3 2770	2771	2772	
3 2789	1210	2704	
3 2770	2772	1171	
3 2789	2772	2771	
3 2553	2772	1153	
3 2835	2773	1203	
3 1175	2747	2773	
3 20	2837	2761	
3 2774	2796	2792	
3 1189	2749	2791	
3 2775	2805	2842	
3 2751	1159	2776	
3 2793	2776	1159	
3 1219	2777	2752	
3 1161	2753	2777	
3 2894	2778	1152	
3 2779	2778	1233	
3 2779	2813	2811	
3 1176	2795	2809	
3 1163	2736	2780	
3 2755	2794	1185	
3 1173	1139	2781	
3 2802	2795	2781	
3 2782	1181	2783	
3 2759	1180	2782	
3 1181	2795	2801	
3 1182	1183	2783	
3 2857	1187	2837	
3 20	2784	2837	
3 2817	2812	2814	
3 2803	2763	291	
3 2742	2762	2786	
3 2785	2762	1186	
3 2797	2787	2765	
3 2788	2787	1207	
3 1207	2838	2788	
3 2859	2703	2612	
3 2771	1178	2789	
3 2851	2789	2926	
3 1203	2790	2735	
3 2747	2790	2773	
3 2791	1192	2798	
3 1189	2791	2799	
3 2800	2792	1187	
3 1192	2774	2792	
3 2827	1159	2719	
3 2954	2889	2793	
3 2780	2736	2794	
3 2840	2794	2736	
3 1181	2781	2795	
3 2781	1139	2802	
3 2761	2796	1168	
3 2796	2761	2837	
3 2806	1192	2792	
3 2858	1174	2838	
3 2860	1195	2798	
3 2791	2798	2799	
3 2805	2798	1195	
3 1187	2857	2875	
3 2843	2806	2800	
3 2801	1176	2807	
3 1181	2801	2783	
3 1139	2626	2802	
3 2809	2802	2810	
3 2803	1191	2812	
3 291	2743	2803	
3 1206	2924	2797	
3 1206	2841	2924	
3 2775	2799	2805	
3 2798	2805	2799	
3 2843	2800	1196	
3 1192	2806	2844	
3 2811	2813	2815	
3 2813	2890	2807	
3 2801	2807	2808	
3 2807	1182	2808	
3 2802	2626	2810	
3 2811	2809	2810	
3 2626	1126	2810	
3 2779	2810	1126	
3 2779	1233	2813	
3 1176	2809	2811	
3 2814	2812	1191	
3 292	2763	2812	
3 2890	2813	1233	
3 2811	2815	1176	
3 2816	2814	1191	
3 2817	2814	1194	
3 2813	2807	2815	
3 2807	1176	2815	
3 2816	1191	2740	
3 2816	1188	2818	
3 292	2822	2819	
3 2812	2817	292	
3 2820	2818	1188	
3 2818	2820	2821	
3 2818	2821	1194	
3 2817	2822	292	
3 2739	2921	1188	
3 1244	2935	2921	
3 2821	2846	1194	
3 2845	2819	2822	
3 2819	2845	293	
3 2848	1166	2824	
3 2823	1166	2848	
3 2850	2824	1083	
3 2824	1211	2848	
3 2891	2639	1129	
3 1226	2825	2892	
3 2894	2826	1177	
3 1152	1170	2826	
3 2827	1210	2851	
3 2793	1159	2827	
3 2729	2829	2647	
3 2829	2852	2828	
3 2863	1184	2832	
3 2828	2647	2829	
3 1201	1148	2830	
3 2755	2830	1148	
3 1202	1185	2895	
3 1202	2895	2831	
3 2853	2711	2706	
3 2729	2832	1184	
3 2854	2833	1183	
3 2833	1193	2855	
3 3020	1164	2889	
3 2834	3020	2986	
3 2831	2835	1203	
3 2856	2835	2867	
3 1219	2884	2886	
3 2730	1161	2836	
3 2837	2784	2857	
3 2858	1207	2804	
3 2859	1174	2703	
3 1204	2788	2839	
3 2838	2839	2788	
3 2922	2736	1162	
3 2936	2840	2922	
3 2923	2841	1186	
3 2924	2804	2797	
3 2963	2927	2864	
3 1154	2558	2953	
3 2843	2898	2860	
3 1192	2844	2798	
3 2806	2843	2844	
3 2860	2844	2843	
3 2846	2822	1194	
3 2845	2822	2846	
3 2897	2821	2820	
3 293	2847	2925	
3 2821	2897	2846	
3 2897	2907	2847	
3 2848	2862	2849	
3 2849	1213	2861	
3 2823	2848	2849	
3 2862	2848	1211	
3 1050	2850	1083	
3 1211	2850	1122	
3 1210	2789	2851	
3 2926	2789	1178	
3 2901	2932	2852	
3 2829	1184	2852	
3 2706	1154	2896	
3 2863	2871	1184	
3 1183	1182	2854	
3 2854	1182	2964	
3 2865	2855	1193	
3 1179	2866	2693	
3 2867	2835	1216	
3 1175	2856	2874	
3 2875	1214	2800	
3 2784	19	2857	
3 2804	1218	2858	
3 2858	2929	2893	
3 1121	2839	2859	
3 2838	2859	2839	
3 2898	2843	1196	
3 2931	2997	2860	
3 2869	2861	1213	
3 2870	2861	1223	
3 1211	1212	2862	
3 1212	1209	2955	
3 2872	2863	2853	
3 1184	2871	2852	
3 2872	2879	2871	
3 2706	2864	2872	
3 1190	2865	1193	
3 2912	2865	1197	
3 2855	1199	2866	
3 2906	1220	2892	
3 2873	2867	1216	
3 2874	2768	1175	
3 2909	1214	2900	
3 19	2868	2900	
3 2876	2869	1213	
3 2881	1229	2877	
3 2878	2870	1223	
3 2695	2870	1157	
3 2872	2871	2863	
3 2879	2864	2927	
3 2706	2872	2853	
3 2872	2864	2879	
3 2956	2873	1216	
3 1221	2851	2962	
3 2873	2874	2867	
3 2771	2874	1178	
3 2900	2875	2857	
3 2800	1187	2875	
3 1212	2955	2862	
3 2876	2955	2957	
3 1223	2869	2877	
3 2869	2876	2881	
3 2880	2878	1223	
3 2550	2878	1225	
3 2879	2940	2901	
3 2871	2901	2852	
3 2882	2880	1229	
3 2880	1225	2878	
3 2876	1224	2881	
3 1229	2881	1224	
3 1229	2902	2882	
3 2936	2902	1231	
3 1208	2825	2883	
3 2884	2825	1226	
3 2885	2884	1226	
3 2886	2836	1219	
3 2904	1226	2892	
3 3058	2885	1230	
3 2884	2885	2886	
3 1232	2886	2885	
3 1116	2887	1108	
3 1090	2657	2887	
3 2903	2698	2730	
3 1244	2739	2888	
3 2988	2889	1221	
3 3020	1261	2986	
3 1233	2894	2930	
3 2930	2950	2890	
3 1129	2532	2899	
3 2892	1220	2904	
3 2825	2891	2892	
3 2906	2892	2891	
3 2858	2893	1174	
3 1177	2826	2893	
3 2894	1177	2930	
3 2778	2894	1233	
3 2895	1215	2968	
3 2835	2831	2895	
3 1195	2972	2842	
3 2927	2963	1246	
3 2943	2973	1198	
3 2847	2846	2897	
3 1196	2917	2934	
3 2934	2990	2898	
3 2908	2866	1199	
3 1129	2899	2891	
3 2900	2868	2909	
3 2879	2927	2940	
3 2932	2901	1260	
3 2958	1229	1224	
3 2936	2922	2902	
3 1232	3058	3021	
3 1244	2888	2903	
3 1220	2913	2916	
3 2885	1226	2904	
3 1235	1230	2905	
3 2989	2905	1230	
3 2891	2899	2906	
3 2908	2899	2866	
3 294	2945	295	
3 2897	1198	2907	
3 2910	2908	1199	
3 2906	2899	2908	
3 18	2911	2933	
3 2868	18	2909	
3 2912	2910	1199	
3 2910	1227	2913	
3 17	2942	2911	
3 2933	1234	2914	
3 2865	2912	1199	
3 2912	1197	2915	
3 2913	1227	2916	
3 2906	2913	1220	
3 2909	2933	2914	
3 2917	1196	2800	
3 2918	2915	1197	
3 2919	1235	2916	
3 2919	1227	2915	
3 2905	2916	1235	
3 2914	1234	2917	
3 2949	2951	1234	
3 2959	1197	1190	
3 2960	2918	1242	
3 2915	1236	2919	
3 2919	1236	2961	
3 1212	2920	1209	
3 1122	1134	2920	
3 1244	3021	2935	
3 2820	1188	2921	
3 1162	2882	2922	
3 2902	2922	2882	
3 2834	2986	1186	
3 2986	1261	2987	
3 2841	2937	2924	
3 2804	2938	1218	
3 1178	2873	2926	
3 2939	2925	2847	
3 3022	2926	2873	
3 2963	2864	2896	
3 2927	1246	2940	
3 3059	2890	2950	
3 2964	1190	2854	
3 2941	2929	1218	
3 1177	2893	2929	
3 2946	2929	2941	
3 2930	2948	2950	
3 2963	2972	2980	
3 2860	2898	2931	
3 3016	3036	1260	
3 2828	2932	1209	
3 2933	2911	2942	
3 2951	2917	1234	
3 2990	1274	2931	
3 2935	2965	2943	
3 2943	2820	2921	
3 2991	2936	1231	
3 2952	2936	1249	
3 2923	2937	2841	
3 2938	2937	1217	
3 2937	2938	2924	
3 1217	2966	2944	
3 2847	2907	2939	
3 2945	2907	1247	
3 2998	3030	1246	
3 1260	2901	2940	
3 2941	1218	2944	
3 2946	2948	2930	
3 17	2947	2967	
3 2967	2942	17	
3 2965	2935	1240	
3 2943	2965	2973	
3 1218	2938	2944	
3 1217	2944	2938	
3 2907	2945	2939	
3 1263	2945	1247	
3 2948	2946	2941	
3 2930	1177	2946	
3 16	2976	2947	
3 2967	1241	2949	
3 2941	1243	2948	
3 2948	1243	2950	
3 2942	2967	2949	
3 2984	2985	1241	
3 2992	2950	1243	
3 2950	2992	3059	
3 1241	2951	2949	
3 1254	2934	2951	
3 2982	2952	1249	
3 2895	2952	1215	
3 1172	2953	2544	
3 2842	1154	2953	
3 2889	2954	1221	
3 2827	2954	2793	
3 2957	2955	1228	
3 2876	2862	2955	
3 2968	2956	1216	
3 1239	2956	1251	
3 2957	2996	2978	
3 1224	2969	2958	
3 2969	1224	2957	
3 2958	2969	2979	
3 1190	2964	2993	
3 1242	2918	2959	
3 3060	2960	1242	
3 2970	1237	2961	
3 2970	2961	1236	
3 2971	2961	1237	
3 3022	2962	2926	
3 3031	3002	2962	
3 2972	2896	2842	
3 2963	2896	2972	
3 3059	2964	2928	
3 1190	2993	2959	
3 2994	2965	1240	
3 2965	1273	2973	
3 2974	2966	1217	
3 2966	2974	2975	
3 2967	2947	2976	
3 2895	2968	1216	
3 2968	1215	2977	
3 2957	2978	2969	
3 2978	2979	2969	
3 2960	3060	3096	
3 3096	3103	2970	
3 2995	2971	1237	
3 1230	1235	2971	
3 2860	2972	1195	
3 2997	2931	1274	
3 3023	2973	1273	
3 2907	1198	2973	
3 1217	2923	2974	
3 2974	2923	2987	
3 3061	2975	1257	
3 3027	2975	1258	
3 16	2981	2999	
3 2999	2976	16	
3 1215	2952	2982	
3 2977	2982	2983	
3 2957	1228	2996	
3 2979	2978	1250	
3 3050	2979	1250	
3 2991	2979	1264	
3 2972	2860	2997	
3 3005	1274	3009	
3 2981	15	3006	
3 2999	1255	2984	
3 3003	1249	2991	
3 2983	2982	1252	
3 3062	2983	1252	
3 3033	3032	1253	
3 2976	2999	2984	
3 3000	2985	2984	
3 3001	2985	1265	
3 2951	1241	2985	
3 1261	3025	2987	
3 2923	1186	2986	
3 2987	1248	3024	
3 2923	2986	2987	
3 3002	1221	2962	
3 3025	2988	1262	
3 1230	2885	2989	
3 2904	2989	2885	
3 2934	1254	2990	
3 1254	3049	3026	
3 2979	2991	1231	
3 3003	2991	1264	
3 3027	2992	1243	
3 1279	3065	3028	
3 2964	1238	2993	
3 3028	3065	1238	
3 3045	1245	3043	
3 3124	3063	1259	
3 2995	1237	3029	
3 2995	1245	3058	
3 2932	1260	3036	
3 2978	3004	1250	
3 3009	1274	3026	
3 2972	2997	2980	
3 2980	3005	1246	
3 2997	3005	2980	
3 2999	2981	3006	
3 3007	3000	1255	
3 3000	3007	3011	
3 3038	1265	3015	
3 2951	3001	1254	
3 3031	2962	1239	
3 1262	2988	3002	
3 3003	1264	3034	
3 2982	1249	3003	
3 3008	2996	3012	
3 3008	3004	2996	
3 1274	3005	2997	
3 1246	3005	2998	
3 15	3010	3035	
3 2999	3006	1255	
3 15	3035	3006	
3 3018	3007	3014	
3 3064	3013	1280	
3 3008	3013	3017	
3 3092	3009	1283	
3 1284	2998	3009	
3 1266	3035	3046	
3 1266	3018	3014	
3 3011	3037	3015	
3 1270	3037	3011	
3 1228	3012	2996	
3 3012	3036	3016	
3 3039	3013	3123	
3 3004	3017	1250	
3 3035	3014	3006	
3 3007	1255	3014	
3 3049	3038	3015	
3 1265	3011	3015	
3 1260	2940	3067	
3 3016	3067	3064	
3 3013	3039	3017	
3 3050	1250	3017	
3 3019	3018	1266	
3 1270	3007	3018	
3 1266	3046	3055	
3 3019	1278	3047	
3 1164	3020	2834	
3 2988	3020	2889	
3 1232	3021	2903	
3 3045	3021	1245	
3 2956	3022	2873	
3 2962	3022	1239	
3 3063	3040	1273	
3 2907	3023	1247	
3 1248	3042	3041	
3 1257	2974	3024	
3 3042	3025	1262	
3 2987	3025	1248	
3 1274	2990	3026	
3 1254	3026	2990	
3 1243	1256	3027	
3 2975	3027	1256	
3 3027	3028	2992	
3 3066	3028	1258	
3 1237	2970	3103	
3 1316	3124	3122	
3 3125	2998	1284	
3 3067	3016	1260	
3 3032	3031	1239	
3 3031	3032	3033	
3 1251	3032	1239	
3 2983	1253	3032	
3 3068	3033	1253	
3 3033	3068	3042	
3 3093	3050	3076	
3 3069	3034	1307	
3 3035	3010	3046	
3 3012	1228	3036	
3 1209	3036	1228	
3 3047	3037	1270	
3 3015	3048	1269	
3 1265	3038	3001	
3 3015	1269	3049	
3 3123	3013	1314	
3 3076	3050	3039	
3 1271	3053	3056	
3 3023	3051	1247	
3 1267	3109	3184	
3 3104	3097	1281	
3 3033	3042	1262	
3 3041	3042	1267	
3 3044	3029	1259	
3 1240	3021	3045	
3 1259	2994	3044	
3 3045	2994	1240	
3 3043	3044	3045	
3 2994	3045	3044	
3 14	3052	3077	
3 3010	14	3046	
3 3019	3047	1270	
3 3073	3047	1278	
3 3047	3048	3037	
3 3074	3048	1290	
3 3075	3049	1269	
3 3049	1283	3026	
3 3076	3039	1277	
3 2979	3050	1264	
3 3040	3053	3051	
3 3054	1263	1247	
3 13	3126	3052	
3 3019	3078	1278	
3 3056	3053	3040	
3 3057	3054	3053	
3 3051	3053	3054	
3 3057	3053	1271	
3 3077	3055	3046	
3 3019	1266	3055	
3 3040	1282	3056	
3 1282	3162	3167	
3 3081	3057	1271	
3 1263	3057	1268	
3 2995	3058	1230	
3 3021	3058	1245	
3 2964	3059	1238	
3 2890	3059	2928	
3 1242	3065	3086	
3 3082	3060	1291	
3 3061	1257	3083	
3 1258	3061	3084	
3 3069	3062	1252	
3 3085	3062	1295	
3 3040	3063	1282	
3 1273	2994	3063	
3 3183	3064	1293	
3 3013	3064	1314	
3 3065	1279	3086	
3 2993	3065	1242	
3 3084	3066	1258	
3 3087	3066	1292	
3 3125	3067	3030	
3 3064	3067	1293	
3 3062	3085	1253	
3 3098	3085	3089	
3 3070	3069	1307	
3 3003	3069	1252	
3 3093	3102	1307	
3 3062	3070	1295	
3 1289	3072	3088	
3 3070	3072	1295	
3 3088	3072	3071	
3 3089	3072	1289	
3 3094	1278	3079	
3 3073	3094	3090	
3 3090	1290	3073	
3 3091	1296	1285	
3 3091	1269	3074	
3 3075	3091	3092	
3 3208	3102	1277	
3 3034	3093	1307	
3 3077	3052	3126	
3 3055	1275	3078	
3 1275	3128	3079	
3 1278	3078	3079	
3 1275	3079	3078	
3 1271	3056	3080	
3 1282	3080	3056	
3 3129	1271	3080	
3 3131	3081	1287	
3 3106	3095	1291	
3 3082	1272	3096	
3 1257	3041	3083	
3 1267	3184	3041	
3 3061	3083	3084	
3 3097	3083	1281	
3 3089	1295	3072	
3 3068	1253	3085	
3 3099	3086	1279	
3 3060	3086	1291	
3 3100	3087	1292	
3 3099	3087	1298	
3 3071	1334	3088	
3 1334	3227	3101	
3 3098	1267	3068	
3 3085	1295	3089	
3 3133	3135	1306	
3 3074	1290	3090	
3 1296	3091	3074	
3 3092	3091	1285	
3 3207	3092	1285	
3 3009	3092	1284	
3 1264	3093	3034	
3 3093	3076	3102	
3 3133	3079	1294	
3 3090	3094	1306	
3 3115	3095	1300	
3 1272	3095	1301	
3 3103	3096	1272	
3 2960	3096	2970	
3 1292	3084	3097	
3 3083	3097	3084	
3 1289	3105	3089	
3 3098	3089	3105	
3 3087	3099	1279	
3 3099	1298	3106	
3 3104	3100	1292	
3 3107	1302	3110	
3 3209	3108	3101	
3 1289	3088	3101	
3 1277	3102	3076	
3 1334	3071	3102	
3 3145	1272	3138	
3 3158	3122	3145	
3 3136	3104	1281	
3 1299	3107	3104	
3 3108	3105	1289	
3 3105	3108	3109	
3 3110	3106	1298	
3 3095	3106	1300	
3 3104	3107	3100	
3 1299	1302	3107	
3 1289	3101	3108	
3 3209	3101	1340	
3 3109	1348	3184	
3 1267	3098	3109	
3 3107	3110	1298	
3 3111	3110	1302	
3 3114	1302	3112	
3 3113	3111	3114	
3 3185	3112	1302	
3 3120	1337	3121	
3 3115	3113	1297	
3 1300	3111	3113	
3 1302	3114	3111	
3 3114	3112	3116	
3 3118	1297	3117	
3 3115	1301	3095	
3 3120	3116	3112	
3 3117	3121	1303	
3 3121	1297	3116	
3 3137	3119	1303	
3 1297	3118	3115	
3 3119	3118	3117	
3 1303	3119	3117	
3 3119	1305	3138	
3 3185	3120	3112	
3 1304	3221	3238	
3 3120	3121	3116	
3 3153	3121	1337	
3 3029	3103	3122	
3 3103	1272	3145	
3 3139	3123	1314	
3 1277	3039	3123	
3 3122	3124	1259	
3 1316	3157	3162	
3 2998	3125	3030	
3 3092	3207	1284	
3 13	3127	3141	
3 3077	3126	1275	
3 12	3187	3127	
3 3126	3128	1275	
3 3126	3141	3128	
3 1294	3128	1286	
3 3129	3080	3130	
3 1287	3081	3129	
3 3080	1311	3130	
3 3170	3130	1311	
3 3142	3131	1287	
3 3057	3131	1268	
3 3210	3132	1349	
3 1296	3090	3132	
3 3134	3133	1294	
3 3133	3134	3135	
3 3190	3134	1294	
3 3206	3134	1317	
3 3134	1309	3135	
3 1349	3135	1309	
3 3186	3136	1281	
3 1308	3221	3198	
3 3143	3137	1303	
3 3144	3137	1322	
3 3138	1305	3145	
3 1301	3138	1272	
3 1314	3183	3197	
3 3208	3139	3227	
3 1293	3125	3140	
3 1284	3140	3125	
3 3141	3127	3187	
3 3146	3142	1287	
3 3147	3142	1276	
3 3153	3143	1303	
3 3143	3153	3154	
3 3155	3144	1322	
3 3158	1316	3122	
3 3158	3145	1305	
3 3122	3103	3145	
3 3159	3146	1287	
3 3146	1313	3150	
3 3148	3152	3149	
3 3131	3147	1268	
3 3149	298	3148	
3 3147	3152	297	
3 3150	3149	1276	
3 3151	1288	3166	
3 3160	3150	1313	
3 1288	3151	3150	
3 3149	3151	298	
3 3149	3152	1276	
3 297	3152	3148	
3 3121	3153	1303	
3 3247	3153	1337	
3 3250	3233	3191	
3 1324	3157	3156	
3 3156	3155	1322	
3 3155	3156	3157	
3 1322	3154	3156	
3 3191	3156	3154	
3 3157	3167	3162	
3 1316	3162	3124	
3 1305	3144	3158	
3 3158	3144	3155	
3 3159	1287	3129	
3 3159	1318	3163	
3 3164	3160	1313	
3 3160	3164	3165	
3 1312	3211	3169	
3 3149	3150	3151	
3 1282	3124	3162	
3 3168	3163	1318	
3 3164	3163	1325	
3 3163	3164	1313	
3 3178	3164	1325	
3 3192	3165	1319	
3 1288	3169	3166	
3 1288	3165	3169	
3 299	3161	3166	
3 3193	3167	1324	
3 1282	3167	3080	
3 3170	3168	1318	
3 3168	3170	3171	
3 3192	3169	3165	
3 3212	3211	1312	
3 3130	3170	1318	
3 3172	3170	1311	
3 3173	3171	1326	
3 3171	3173	3176	
3 3179	3172	1311	
3 3180	3174	1326	
3 3174	3173	1326	
3 3173	3174	3175	
3 3180	1326	3172	
3 3182	3174	3180	
3 1330	3175	3174	
3 1331	1329	3175	
3 3177	1329	1328	
3 3176	3177	3178	
3 3177	3194	3181	
3 3176	3178	1325	
3 3181	3178	3177	
3 3164	3178	1319	
3 3193	3179	1311	
3 3217	1324	3191	
3 3172	3179	3180	
3 3182	3179	1327	
3 3194	3177	1328	
3 3201	3192	3181	
3 3196	3182	1327	
3 1330	3174	3182	
3 3140	3220	1293	
3 3220	3140	1315	
3 3184	1348	3186	
3 3041	3184	3083	
3 1302	1299	3185	
3 3198	1299	3136	
3 3184	3186	1281	
3 3186	1348	3216	
3 12	3188	3199	
3 3141	3187	1286	
3 1310	3199	3222	
3 3187	3189	1286	
3 3187	3199	3189	
3 3189	3200	3190	
3 3134	3190	1317	
3 1294	1286	3190	
3 3154	1323	3250	
3 3179	3217	1327	
3 1319	3181	3192	
3 3201	3181	1338	
3 3193	1324	3217	
3 3080	3193	1311	
3 3195	3194	1328	
3 1338	3181	3194	
3 3195	3261	3248	
3 3195	3248	3231	
3 3218	3196	1327	
3 3196	1339	3219	
3 3197	3220	3237	
3 1320	3139	3197	
3 1308	3198	3136	
3 1304	3185	3198	
3 3199	3188	3222	
3 3202	3200	1310	
3 1317	3190	3200	
3 1336	3213	3215	
3 1312	3213	3212	
3 3203	3202	1310	
3 3202	1343	3204	
3 3222	3203	1310	
3 1335	1345	3224	
3 3205	1343	1341	
3 1317	3204	3206	
3 3225	3205	1341	
3 3206	1309	3134	
3 3204	3205	3206	
3 3240	3205	3225	
3 3226	3207	1285	
3 3140	3207	1315	
3 1277	3139	3208	
3 3227	3139	1320	
3 3246	3232	3249	
3 3216	1308	3186	
3 3228	3210	1349	
3 1296	3229	1285	
3 3212	300	3211	
3 299	3169	3211	
3 3213	1312	3201	
3 1336	3214	3213	
3 3241	3230	3214	
3 300	3214	3230	
3 3212	3214	300	
3 3201	1338	3215	
3 3231	3215	1338	
3 3108	3216	1348	
3 3245	3238	3221	
3 3217	3179	3193	
3 3233	3217	3191	
3 3233	1327	3217	
3 3218	1342	3234	
3 1339	1333	3219	
3 1330	3235	1331	
3 3237	3220	1315	
3 3183	3220	3197	
3 3242	3221	1308	
3 3242	3245	3221	
3 11	3223	3239	
3 3188	11	3222	
3 3256	3223	10	
3 3239	3203	3222	
3 1345	1343	3224	
3 1343	3203	3224	
3 1359	3225	1341	
3 3243	1349	1309	
3 3229	3226	1285	
3 3326	3226	1321	
3 3272	3227	1320	
3 3101	3227	1340	
3 3243	3228	1349	
3 3326	1321	3331	
3 3228	3229	3210	
3 3226	3229	1321	
3 1351	3260	3244	
3 3241	3214	1336	
3 3231	1354	3259	
3 3209	3249	3216	
3 1340	3249	3209	
3 3191	3154	3250	
3 3218	3233	1342	
3 1342	3252	3254	
3 3234	3255	3266	
3 3219	1333	3235	
3 3236	1332	1328	
3 3235	1333	3236	
3 3274	3236	1333	
3 3226	3237	1315	
3 3197	3275	1320	
3 3238	3310	3296	
3 1337	3120	3238	
3 3239	3223	3256	
3 3205	3240	3206	
3 3243	3240	3225	
3 3244	3241	1336	
3 301	3230	3241	
3 3216	3242	1308	
3 3245	3242	3232	
3 3225	1350	3243	
3 3228	3243	1350	
3 3215	3259	1336	
3 3280	3260	1351	
3 3246	3245	3232	
3 3238	3245	1352	
3 3264	3246	3249	
3 3276	3341	1382	
3 3296	1337	3238	
3 1323	3251	3250	
3 3261	3195	1332	
3 1354	3248	3263	
3 3249	1340	3264	
3 3216	3249	3232	
3 1323	3247	3251	
3 1342	3233	3250	
3 1353	3253	3265	
3 3250	3252	1342	
3 3253	3251	3265	
3 3251	3253	3252	
3 3284	3285	3267	
3 3254	3234	1342	
3 3253	1353	3267	
3 3308	3266	1344	
3 3234	3254	3255	
3 3285	3253	3267	
3 10	3257	3277	
3 3277	3256	10	
3 3278	1346	3277	
3 3277	1346	3258	
3 3256	3277	3258	
3 3258	1346	3318	
3 3259	1354	3268	
3 1336	3259	3244	
3 3280	302	3260	
3 301	3244	3260	
3 3262	3261	1332	
3 3261	3262	3263	
3 3290	3262	1332	
3 3290	3282	3262	
3 3262	1363	3263	
3 3288	3270	1363	
3 3272	3264	1340	
3 3341	1383	1376	
3 3251	3247	3265	
3 3283	3247	1337	
3 1344	3266	3255	
3 1333	1339	3266	
3 3267	1353	3332	
3 3287	1344	3284	
3 3270	3268	1354	
3 3268	3270	3271	
3 1353	3265	3269	
3 3283	3265	3247	
3 1354	3263	3270	
3 1363	3270	3263	
3 3289	3271	1356	
3 3295	3294	3280	
3 1320	3275	3309	
3 3272	1383	3264	
3 3228	1350	3273	
3 3328	3273	1350	
3 1333	3266	3308	
3 1357	3282	3274	
3 3237	1369	3275	
3 1320	3309	3272	
3 1352	3246	3276	
3 3264	3276	3246	
3 3277	3257	3278	
3 3257	9	3278	
3 3279	3278	9	
3 3292	3279	1358	
3 1346	3278	3279	
3 3295	1351	3271	
3 3293	3281	3294	
3 3293	303	3281	
3 3280	3294	302	
3 3299	1367	3300	
3 3296	3283	1337	
3 3269	3265	3283	
3 3286	3284	3267	
3 3284	3286	3287	
3 3255	3254	3285	
3 3253	3285	3254	
3 3327	3286	3267	
3 3297	3286	3342	
3 3327	3342	3286	
3 3287	3286	3297	
3 3299	3288	1363	
3 3288	3299	3300	
3 3300	3289	1356	
3 3289	3300	3301	
3 3236	3290	1332	
3 3282	3290	3274	
3 3291	8	1358	
3 3279	3291	1358	
3 3302	1358	1365	
3 3292	1364	3303	
3 3305	1355	3301	
3 1355	3305	3293	
3 3293	3294	1355	
3 3289	3295	3271	
3 1355	3294	3295	
3 3310	3238	1352	
3 1370	3269	3296	
3 3343	3297	1388	
3 3298	1357	3274	
3 3287	3297	3298	
3 3343	3298	3297	
3 1363	3282	3299	
3 3311	3299	3282	
3 3312	3300	1367	
3 3300	1366	3301	
3 1362	3305	3306	
3 3323	3319	3304	
3 3302	3344	3316	
3 3315	3303	1364	
3 3318	1347	1345	
3 3323	3304	1362	
3 3293	3304	303	
3 3305	3301	3306	
3 3319	303	3304	
3 3301	1366	3306	
3 1366	3314	3307	
3 1362	3306	3307	
3 1366	3307	3306	
3 1344	3298	3308	
3 3274	3308	3298	
3 1369	3321	3275	
3 3272	3320	1383	
3 3276	3310	1352	
3 1370	3296	3310	
3 3373	3345	3311	
3 1373	3314	1368	
3 3313	3312	1367	
3 3312	3313	3314	
3 1367	3311	3313	
3 3373	3311	1357	
3 1368	3314	3313	
3 3307	3314	1373	
3 3316	3315	1364	
3 3315	3316	3317	
3 3302	3316	1364	
3 1360	3374	3355	
3 3316	1360	3317	
3 3317	1360	3337	
3 1346	3303	3318	
3 3318	3303	3315	
3 3325	304	3323	
3 3321	3309	3275	
3 3320	3309	3321	
3 3324	3321	1369	
3 3320	3322	1383	
3 3324	3322	3321	
3 1376	3322	1387	
3 3325	3323	1362	
3 304	3319	3323	
3 3331	3324	1369	
3 1374	3334	3339	
3 3307	3325	1362	
3 1371	3346	3325	
3 3331	1321	3273	
3 3237	3326	1369	
3 1353	3269	3332	
3 3332	1370	3336	
3 3333	1350	1359	
3 3334	3328	1361	
3 3335	3329	1373	
3 1371	3325	3329	
3 3324	3331	1374	
3 3346	305	3330	
3 1369	3326	3331	
3 1370	3332	3269	
3 3267	3332	3327	
3 3337	3333	1359	
3 1361	3328	3333	
3 3338	3334	1361	
3 1374	3339	3324	
3 3349	1373	1368	
3 1384	3353	3335	
3 3351	1370	3340	
3 1377	3336	1386	
3 3317	3337	1359	
3 3337	1360	3350	
3 3356	1361	3350	
3 3360	3338	3356	
3 3338	3339	3334	
3 1387	3339	1381	
3 3351	3340	1382	
3 3310	3340	1370	
3 3276	3264	3341	
3 1383	3341	3264	
3 3371	3342	1377	
3 1388	3297	3342	
3 3372	3343	1388	
3 1395	3345	3373	
3 1365	1372	3344	
3 1391	3344	1372	
3 1368	3313	3345	
3 3311	3345	3313	
3 1371	3347	3346	
3 3325	3346	3330	
3 3347	1371	3335	
3 3354	3346	3347	
3 3365	3348	3354	
3 1378	3354	3347	
3 3349	1368	3363	
3 1384	3335	3349	
3 3359	1360	3355	
3 1361	3356	3338	
3 1382	3352	3357	
3 3336	3351	1386	
3 3364	3352	1376	
3 3357	1386	3351	
3 3358	3353	1384	
3 3353	3358	3361	
3 3348	305	3354	
3 3374	1360	3316	
3 3355	3374	3383	
3 3350	1360	3359	
3 3356	3359	3360	
3 3352	1385	3357	
3 1385	3385	3375	
3 3358	3370	3368	
3 3370	3358	1384	
3 3355	1375	3359	
3 3360	3359	1375	
3 3369	1375	3407	
3 1381	3338	3360	
3 3358	1393	3361	
3 3361	3376	3362	
3 3362	3367	3365	
3 3381	3367	1389	
3 3345	3391	1368	
3 3391	3345	1395	
3 1387	3364	1376	
3 1385	3409	3388	
3 3362	3365	1378	
3 306	3348	3365	
3 3381	3366	3367	
3 1389	3367	3362	
3 3366	306	3367	
3 3406	3368	1402	
3 3406	3416	3368	
3 3369	1406	3408	
3 3360	1375	3369	
3 3349	3370	1384	
3 3368	3382	1402	
3 1377	1386	3384	
3 3394	3372	1388	
3 3394	1388	3371	
3 3404	3399	3402	
3 1357	3343	3373	
3 3373	3343	3372	
3 3344	3374	3316	
3 3383	3374	1380	
3 1386	3357	3375	
3 1385	3375	3357	
3 3378	1393	3377	
3 1389	3362	3376	
3 3368	3377	1393	
3 3379	3378	3377	
3 3379	3377	1399	
3 3380	3378	3379	
3 3395	3379	1399	
3 3380	3379	1404	
3 3390	3381	3380	
3 1389	3378	3380	
3 3380	3381	1389	
3 307	3366	3381	
3 3370	3363	3382	
3 3393	3382	3363	
3 1380	1400	3383	
3 3434	1412	3407	
3 3384	1392	3387	
3 3371	1377	3384	
3 3388	3385	1385	
3 3385	3388	3389	
3 3398	3386	3390	
3 1404	3390	3380	
3 3397	1392	3389	
3 1392	3397	3387	
3 3409	1385	3364	
3 3409	1394	3410	
3 1407	1411	3389	
3 1411	3396	3397	
3 3386	307	3390	
3 3392	3391	1395	
3 3363	3391	3393	
3 3399	1395	3372	
3 3400	3414	3426	
3 3391	3392	3393	
3 3400	3393	3392	
3 3371	1397	3394	
3 3402	3399	3394	
3 1399	3420	3419	
3 3395	3413	3401	
3 3412	3396	1411	
3 3412	3418	3396	
3 1411	3397	3389	
3 3396	3387	3397	
3 3401	3398	1404	
3 308	3386	3398	
3 3372	3394	3399	
3 3402	3394	1397	
3 3392	3404	3414	
3 3432	3406	3436	
3 3395	3401	1404	
3 3405	3398	3401	
3 3396	3402	1397	
3 3399	3404	3392	
3 3403	3405	3415	
3 1409	3405	3401	
3 3402	3396	3418	
3 3392	3414	3400	
3 3403	308	3405	
3 3436	1402	3400	
3 1399	3428	3420	
3 3434	1375	3383	
3 3407	1412	3435	
3 3417	1413	3410	
3 1381	3408	1394	
3 3364	1394	3409	
3 3408	3417	1394	
3 1407	3410	1413	
3 3388	3409	3410	
3 3420	3411	3419	
3 3413	3419	3421	
3 3456	1411	1407	
3 3456	3412	1411	
3 3395	3419	3413	
3 3411	1422	3421	
3 3425	3404	3418	
3 3432	3436	1433	
3 1409	3424	3415	
3 1414	3437	3433	
3 3368	3416	3377	
3 3428	3432	3422	
3 3408	1406	3417	
3 3417	1406	3440	
3 3412	1417	3418	
3 3404	3425	3414	
3 1399	3419	3395	
3 3421	3419	3411	
3 3416	3428	1399	
3 3428	3416	3406	
3 3431	3421	1422	
3 3424	3427	3431	
3 3422	1433	3457	
3 3411	3420	3422	
3 3426	3414	3425	
3 3423	3426	3430	
3 3427	1409	3413	
3 3433	3415	3424	
3 3418	1417	3425	
3 3426	3423	3400	
3 3425	1417	3426	
3 3430	3426	1417	
3 3427	3421	3431	
3 3424	1409	3427	
3 3432	3428	3406	
3 3420	3428	3422	
3 3437	3429	3433	
3 1414	3433	3424	
3 3412	3466	1417	
3 3423	3458	1433	
3 3431	3452	3450	
3 1414	3450	3441	
3 1402	3436	3406	
3 3422	3432	1433	
3 3429	309	3433	
3 3383	1400	3434	
3 3438	3434	1400	
3 3439	3435	1412	
3 3440	1413	3417	
3 3400	3423	3436	
3 1433	3436	3423	
3 3431	3450	1414	
3 310	3429	3437	
3 1400	1396	3442	
3 1412	3443	3439	
3 3443	1412	3438	
3 3439	3443	3446	
3 3435	1418	3440	
3 3449	3440	1418	
3 3447	1428	3451	
3 3447	3448	3441	
3 3473	3442	1403	
3 3438	3445	3443	
3 3445	3438	3442	
3 3443	3445	3446	
3 3447	311	3444	
3 3437	3448	310	
3 3442	1421	3445	
3 3446	3445	1421	
3 3446	3476	3464	
3 3439	3459	1418	
3 1428	3447	3441	
3 311	3447	1427	
3 3444	310	3448	
3 1418	3459	3465	
3 1420	3449	3474	
3 3431	1422	3452	
3 1428	3441	3450	
3 3453	3451	1428	
3 1423	1427	3451	
3 3460	3452	1422	
3 1430	3453	3454	
3 3454	1428	3450	
3 3455	3453	1430	
3 1430	3454	3452	
3 3453	1428	3454	
3 3470	3472	1444	
3 1430	1408	3455	
3 3467	3466	3461	
3 3463	3457	1433	
3 3460	3457	1439	
3 3430	3462	3458	
3 1439	3457	3463	
3 3446	3464	3459	
3 3465	3459	3477	
3 3457	3460	1422	
3 3475	1439	1434	
3 3461	3466	3469	
3 1440	3467	3470	
3 3467	3462	3430	
3 3462	3468	3463	
3 3458	3462	3463	
3 3468	3462	1440	
3 3446	1421	3476	
3 3464	1443	3477	
3 3459	3464	3477	
3 3474	1425	1416	
3 3412	3456	3466	
3 3469	3466	3456	
3 3467	3430	1417	
3 3467	3461	3470	
3 3478	1440	3470	
3 1439	3463	3468	
3 3456	1416	3469	
3 1425	3482	1416	
3 3472	3470	3461	
3 3486	3483	1447	
3 3471	3483	3486	
3 1439	3471	1434	
3 3461	3469	3472	
3 1416	3472	3469	
3 1410	3473	1403	
3 3473	1426	3479	
3 3449	3465	3474	
3 3481	3465	3477	
3 3494	3475	1434	
3 1408	1430	3475	
3 3479	3476	1421	
3 3492	3493	1438	
3 3493	3498	1443	
3 3481	3474	3465	
3 3470	1444	3478	
3 3487	3483	3478	
3 3484	3479	1426	
3 3476	3479	1438	
3 3480	3499	3495	
3 3474	3481	1425	
3 3477	3480	3481	
3 3495	3481	3480	
3 3495	3482	1425	
3 3482	3495	3496	
3 3471	3478	3483	
3 3487	3478	1444	
3 1426	1432	3484	
3 3485	3484	1432	
3 1432	3488	3485	
3 3488	3491	3485	
3 1447	3504	3519	
3 3521	3494	1434	
3 3500	1444	3496	
3 3487	3500	3502	
3 3489	1432	1424	
3 1415	3490	3491	
3 1415	3491	3488	
3 1432	3489	3488	
3 1437	3492	3491	
3 3497	3491	3490	
3 1438	3485	3492	
3 3491	3492	3485	
3 3498	3493	1437	
3 3476	3493	1443	
3 3499	3480	1449	
3 3521	1434	3486	
3 3499	3496	3495	
3 3518	3496	1448	
3 1444	3500	3487	
3 3490	1401	3497	
3 3498	3505	1449	
3 3505	1437	3497	
3 3480	3498	1449	
3 3506	3499	1449	
3 3496	3499	1448	
3 3496	1450	3500	
3 3487	3502	1447	
3 3504	3502	3503	
3 3504	1454	3520	
3 3500	1450	3502	
3 3503	3502	1450	
3 3518	3507	1450	
3 3521	3519	3526	
3 1454	3504	3503	
3 3504	3520	3519	
3 3497	1401	3505	
3 3508	1451	3506	
3 3508	3506	1449	
3 3509	3506	1451	
3 3513	1452	3517	
3 3514	3513	1457	
3 3505	1401	3508	
3 3531	1401	1455	
3 3511	1451	1445	
3 3509	3511	3515	
3 3513	3510	3507	
3 3510	3513	3514	
3 3511	3516	3515	
3 3515	3512	3509	
3 1452	3507	3518	
3 1448	3509	3512	
3 1452	3513	3507	
3 1457	3513	1446	
3 3514	3527	3525	
3 3522	3524	3501	
3 3516	3511	1445	
3 3515	3516	3517	
3 1441	3516	1445	
3 314	1446	3517	
3 314	3517	3516	
3 3513	3517	1446	
3 3496	3518	1450	
3 1448	3512	3518	
3 3522	3520	1454	
3 3526	3520	3523	
3 3521	3526	1398	
3 3494	3521	1398	
3 3486	3519	3521	
3 3514	3525	1454	
3 1457	3527	3514	
3 3522	3523	3520	
3 3522	3501	3523	
3 1453	3524	3525	
3 3522	1454	3525	
3 3522	3525	3524	
3 3520	3526	3519	
3 3528	3527	1457	
3 3529	1453	3527	
3 1457	1459	3528	
3 3530	1459	1458	
3 313	3530	1458	
3 3528	3529	3527	
3 1456	3528	3530	
3 3531	1455	3532	
3 1451	3508	3531	
3 312	3532	1455	
3 1435	1445	3532	
CELL_TYPES 6637
5
5
5
5
5
5
5
5
5
5
5
5
5
5
5
5
5
5
5
5
5
5
5
5
5
5
5
5
5
5
5
5
5
5
5
5
5
5
5
5
5
5
5
5
5
5
5
5
5
5
5
5
5
5
5
5
5
5
5
5
5
5
5
5
5
5
5
5
5
5
5
5
5
5
5
5
5
5
5
5
5
5
5
5
5
5
5
5
5
5
5
5
5
5
5
5
5
5
5
5
5
5
5
5
5
5
5
5
5
5
5
5
5
5
5
5
5
5
5
5
5
5
5
5
5
5
5
5
5
5
5
5
5
5
5
5
5
5
5
5
5
5
5
5
5
5
5
5
5
5
5
5
5
5
5
5
5
5
5
5
5
5
5
5
5
5
5
5
5
5
5
5
5
5
5
5
5
5
5
5
5
5
5
5
5
5
5
5
5
5
5
5
5
5
5
5
5
5
5
5
5
5
5
5
5
5
5
5
5
5
5
5
5
5
5
5
5
5
5
5
5
5
5
5
5
5
5
5
5
5
5
5
5
5
5
5
5
5
5
5
5
5
5
5
5
5
5
5
5
5
5
5
5
5
5
5
5
5
5
5
5
5
5
5
5
5
5
5
5
5
5
5
5
5
5
5
5
5
5
5
5
5
5
5
5
5
5
5
5
5
5
5
5
5
5
5
5
5
5
5
5
5
5
5
5
5
5
5
5
5
5
5
5
5
5
5
5
5
5
5
5
5
5
5
5
5
5
5
5
5
5
5
5
5
5
5
5
5
5
5
5
5
5
5
5
5
5
5
5
5
5
5
5
5
5
5
5
5
5
5
5
5
5
5
5
5
5
5
5
5
5
5
5
5
5
5
5
5
5
5
5
5
5
5
5
5
5
5
5
5
5
5
5
5
5
5
5
5
5
5
5
5
5
5
5
5
5
5
5
5
5
5
5
5
5
5
5
5
5
5
5
5
5
5
5
5
5
5
5
5
5
5
5
5
5
5
5
5
5
5
5
5
5
5
5
5
5
5
5
5
5
5
5
5
5
5
5
5
5
5
5
5
5
5
5
5
5
5
5
5
5
5
5
5
5
5
5
5
5
5
5
5
5
5
5
5
5
5
5
5
5
5
5
5
5
5
5
5
5
5
5
5
5
5
5
5
5
5
5
5
5
5
5
5
5
5
5
5
5
5
5
5
5
5
5
5
5
5
5
5
5
5
5
5
5
5
5
5
5
5
5
5
5
5
5
5
5
5
5
5
5
5
5
5
5
5
5
5
5
5
5
5
5
5
5
5
5
5
5
5
5
5
5
5
5
5
5
5
5
5
5
5
5
5
5
5
5
5
5
5
5
5
5
5
5
5
5
5
5
5
5
5
5
5
5
5
5
5
5
5
5
5
5
5
5
5
5
5
5
5
5
5
5
5
5
5
5
5
5
5
5
5
5
5
5
5
5
5
5
5
5
5
5
5
5
5
5
5
5
5
5
5
5
5
5
5
5
5
5
5
5
5
5
5
5
5
5
5
5
5
5
5
5
5
5
5
5
5
5
5
5
5
5
5
5
5
5
5
5
5
5
5
5
5
5
5
5
5
5
5
5
5
5
5
5
5
5
5
5
5
5
5
5
5
5
5
5
5
5
5
5
5
5
5
5
5
5
5
5
5
5
5
5
5
5
5
5
5
5
5
5
5
5
5
5
5
5
5
5
5
5
5
5
5
5
5
5
5
5
5
5
5
5
5
5
5
5
5
5
5
5
5
5
5
5
5
5
5
5
5
5
5
5
5
5
5
5
5
5
5
5
5
5
5
5
5
5
5
5
5
5
5
5
5
5
5
5
5
5
5
5
5
5
5
5
5
5
5
5
5
5
5
5
5
5
5
5
5
5
5
5
5
5
5
5
5
5
5
5
5
5
5
5
5
5
5
5
5
5
5
5
5
5
5
5
5
5
5
5
5
5
5
5
5
5
5
5
5
5
5
5
5
5
5
5
5
5
5
5
5
5
5
5
5
5
5
5
5
5
5
5
5
5
5
5
5
5
5
5
5
5
5
5
5
5
5
5
5
5
5
5
5
5
5
5
5
5
5
5
5
5
5
5
5
5
5
5
5
5
5
5
5
5
5
5
5
5
5
5
5
5
5
5
5
5
5
5
5
5
5
5
5
5
5
5
5
5
5
5
5
5
5
5
5
5
5
5
5
5
5
5
5
5
5
5
5
5
5
5
5
5
5
5
5
5
5
5
5
5
5
5
5
5
5
5
5
5
5
5
5
5
5
5
5
5
5
5
5
5
5
5
5
5
5
5
5
5
5
5
5
5
5
5
5
5
5
5
5
5
5
5
5
5
5
5
5
5
5
5
5
5
5
5
5
5
5
5
5
5
5
5
5
5
5
5
5
5
5
5
5
5
5
5
5
5
5
5
5
5
5
5
5
5
5
5
5
5
5
5
5
5
5
5
5
5
5
5
5
5
5
5
5
5
5
5
5
5
5
5
5
5
5
5
5
5
5
5
5
5
5
5
5
5
5
5
5
5
5
5
5
5
5
5
5
5
5
5
5
5
5
5
5
5
5
5
5
5
5
5
5
5
5
5
5
5
5
5
5
5
5
5
5
5
5
5
5
5
5
5
5
5
5
5
5
5
5
5
5
5
5
5
5
5
5
5
5
5
5
5
5
5
5
5
5
5
5
5
5
5
5
5
5
5
5
5
5
5
5
5
5
5
5
5
5
5
5
5
5
5
5
5
5
5
5
5
5
5
5
5
5
5
5
5
5
5
5
5
5
5
5
5
5
5
5
5
5
5
5
5
5
5
5
5
5
5
5
5
5
5
5
5
5
5
5
5
5
5
5
5
5
5
5
5
5
5
5
5
5
5
5
5
5
5
5
5
5
5
5
5
5
5
5
5
5
5
5
5
5
5
5
5
5
5
5
5
5
5
5
5
5
5
5
5
5
5
5
5
5
5
5
5
5
5
5
5
5
5
5
5
5
5
5
5
5
5
5
5
5
5
5
5
5
5
5
5
5
5
5
5
5
5
5
5
5
5
5
5
5
5
5
5
5
5
5
5
5
5
5
5
5
5
5
5
5
5
5
5
5
5
5
5
5
5
5
5
5
5
5
5
5
5
5
5
5
5
5
5
5
5
5
5
5
5
5
5
5
5
5
5
5
5
5
5
5
5
5
5
5
5
5
5
5
5
5
5
5
5
5
5
5
5
5
5
5
5
5
5
5
5
5
5
5
5
5
5
5
5
5
5
5
5
5
5
5
5
5
5
5
5
5
5
5
5
5
5
5
5
5
5
5
5
5
5
5
5
5
5
5
5
5
5
5
5
5
5
5
5
5
5
5
5
5
5
5
5
5
5
5
5
5
5
5
5
5
5
5
5
5
5
5
5
5
5
5
5
5
5
5
5
5
5
5
5
5
5
5
5
5
5
5
5
5
5
5
5
5
5
5
5
5
5
5
5
5
5
5
5
5
5
5
5
5
5
5
5
5
5
5
5
5
5
5
5
5
5
5
5
5
5
5
5
5
5
5
5
5
5
5
5
5
5
5
5
5
5
5
5
5
5
5
5
5
5
5
5
5
5
5
5
5
5
5
5
5
5
5
5
5
5
5
5
5
5
5
5
5
5
5
5
5
5
5
5
5
5
5
5
5
5
5
5
5
5
5
5
5
5
5
5
5
5
5
5
5
5
5
5
5
5
5
5
5
5
5
5
5
5
5
5
5
5
5
5
5
5
5
5
5
5
5
5
5
5
5
5
5
5
5
5
5
5
5
5
5
5
5
5
5
5
5
5
5
5
5
5
5
5
5
5
5
5
5
5
5
5
5
5
5
5
5
5
5
5
5
5
5
5
5
5
5
5
5
5
5
5
5
5
5
5
5
5
5
5
5
5
5
5
5
5
5
5
5
5
5
5
5
5
5
5
5
5
5
5
5
5
5
5
5
5
5
5
5
5
5
5
5
5
5
5
5
5
5
5
5
5
5
5
5
5
5
5
5
5
5
5
5
5
5
5
5
5
5
5
5
5
5
5
5
5
5
5
5
5
5
5
5
5
5
5
5
5
5
5
5
5
5
5
5
5
5
5
5
5
5
5
5
5
5
5
5
5
5
5
5
5
5
5
5
5
5
5
5
5
5
5
5
5
5
5
5
5
5
5
5
5
5
5
5
5
5
5
5
5
5
5
5
5
5
5
5
5
5
5
5
5
5
5
5
5
5
5
5
5
5
5
5
5
5
5
5
5
5
5
5
5
5
5
5
5
5
5
5
5
5
5
5
5
5
5
5
5
5
5
5
5
5
5
5
5
5
5
5
5
5
5
5
5
5
5
5
5
5
5
5
5
5
5
5
5
5
5
5
5
5
5
5
5
5
5
5
5
5
5
5
5
5
5
5
5
5
5
5
5
5
5
5
5
5
5
5
5
5
5
5
5
5
5
5
5
5
5
5
5
5
5
5
5
5
5
5
5
5
5
5
5
5
5
5
5
5
5
5
5
5
5
5
5
5
5
5
5
5
5
5
5
5
5
5
5
5
5
5
5
5
5
5
5
5
5
5
5
5
5
5
5
5
5
5
5
5
5
5
5
5
5
5
5
5
5
5
5
5
5
5
5
5
5
5
5
5
5
5
5
5
5
5
5
5
5
5
5
5
5
5
5
5
5
5
5
5
5
5
5
5
5
5
5
5
5
5
5
5
5
5
5
5
5
5
5
5
5
5
5
5
5
5
5
5
5
5
5
5
5
5
5
5
5
5
5
5
5
5
5
5
5
5
5
5
5
5
5
5
5
5
5
5
5
5
5
5
5
5
5
5
5
5
5
5
5
5
5
5
5
5
5
5
5
5
5
5
5
5
5
5
5
5
5
5
5
5
5
5
5
5
5
5
5
5
5
5
5
5
5
5
5
5
5
5
5
5
5
5
5
5
5
5
5
5
5
5
5
5
5
5
5
5
5
5
5
5
5
5
5
5
5
5
5
5
5
5
5
5
5
5
5
5
5
5
5
5
5
5
5
5
5
5
5
5
5
5
5
5
5
5
5
5
5
5
5
5
5
5
5
5
5
5
5
5
5
5
5
5
5
5
5
5
5
5
5
5
5
5
5
5
5
5
5
5
5
5
5
5
5
5
5
5
5
5
5
5
5
5
5
5
5
5
5
5
5
5
5
5
5
5
5
5
5
5
5
5
5
5
5
5
5
5
5
5
5
5
5
5
5
5
5
5
5
5
5
5
5
5
5
5
5
5
5
5
5
5
5
5
5
5
5
5
5
5
5
5
5
5
5
5
5
5
5
5
5
5
5
5
5
5
5
5
5
5
5
5
5
5
5
5
5
5
5
5
5
5
5
5
5
5
5
5
5
5
5
5
5
5
5
5
5
5
5
5
5
5
5
5
5
5
5
5
5
5
5
5
5
5
5
5
5
5
5
5
5
5
5
5
5
5
5
5
5
5
5
5
5
5
5
5
5
5
5
5
5
5
5
5
5
5
5
5
5
5
5
5
5
5
5
5
5
5
5
5
5
5
5
5
5
5
5
5
5
5
5
5
5
5
5
5
5
5
5
5
5
5
5
5
5
5
5
5
5
5
5
5
5
5
5
5
5
5
5
5
5
5
5
5
5
5
5
5
5
5
5
5
5
5
5
5
5
5
5
5
5
5
5
5
5
5
5
5
5
5
5
5
5
5
5
5
5
5
5
5
5
5
5
5
5
5
5
5
5
5
5
5
5
5
5
5
5
5
5
5
5
5
5
5
5
5
5
5
5
5
5
5
5
5
5
5
5
5
5
5
5
5
5
5
5
5
5
5
5
5
5
5
5
5
5
5
5
5
5
5
5
5
5
5
5
5
5
5
5
5
5
5
5
5
5
5
5
5
5
5
5
5
5
5
5
5
5
5
5
5
5
5
5
5
5
5
5
5
5
5
5
5
5
5
5
5
5
5
5
5
5
5
5
5
5
5
5
5
5
5
5
5
5
5
5
5
5
5
5
5
5
5
5
5
5
5
5
5
5
5
5
5
5
5
5
5
5
5
5
5
5
5
5
5
5
5
5
5
5
5
5
5
5
5
5
5
5
5
5
5
5
5
5
5
5
5
5
5
5
5
5
5
5
5
5
5
5
5
5
5
5
5
5
5
5
5
5
5
5
5
5
5
5
5
5
5
5
5
5
5
5
5
5
5
5
5
5
5
5
5
5
5
5
5
5
5
5
5
5
5
5
5
5
5
5
5
5
5
5
5
5
5
5
5
5
5
5
5
5
5
5
5
5
5
5
5
5
5
5
5
5
5
5
5
5
5
5
5
5
5
5
5
5
5
5
5
5
5
5
5
5
5
5
5
5
5
5
5
5
5
5
5
5
5
5
5
5
5
5
5
5
5
5
5
5
5
5
5
5
5
5
5
5
5
5
5
5
5
5
5
5
5
5
5
5
5
5
5
5
5
5
5
5
5
5
5
5
5
5
5
5
5
5
5
5
5
5
5
5
5
5
5
5
5
5
5
5
5
5
5
5
5
5
5
5
5
5
5
5
5
5
5
5
5
5
5
5
5
5
5
5
5
5
5
5
5
5
5
5
5
5
5
5
5
5
5
5
5
5
5
5
5
5
5
5
5
5
5
5
5
5
5
5
5
5
5
5
5
5
5
5
5
5
5
5
5
5
5
5
5
5
5
5
5
5
5
5
5
5
5
5
5
5
5
5
5
5
5
5
5
5
5
5
5
5
5
5
5
5
5
5
5
5
5
5
5
5
5
5
5
5
5
5
5
5
5
5
5
5
5
5
5
5
5
5
5
5
5
5
5
5
5
5
5
5
5
5
5
5
5
5
5
5
5
5
5
5
5
5
5
5
5
5
5
5
5
5
5
5
5
5
5
5
5
5
5
5
5
5
5
5
5
5
5
5
5
5
5
5
5
5
5
5
5
5
5
5
5
5
5
5
5
5
5
5
5
5
5
5
5
5
5
5
5
5
5
5
5
5
5
5
5
5
5
5
5
5
5
5
5
5
5
5
5
5
5
5
5
5
5
5
5
5
5
5
5
5
5
5
5
5
5
5
5
5
5
5
5
5
5
5
5
5
5
5
5
5
5
5
5
5
5
5
5
5
5
5
5
5
5
5
5
5
5
5
5
5
5
5
5
5
5
5
5
5
5
5
5
5
5
5
5
5
5
5
5
5
5
5
5
5
5
5
5
5
5
5
5
5
5
5
5
5
5
5
5
5
5
5
5
5
5
5
5
5
5
5
5
5
5
5
5
5
5
5
5
5
5
5
5
5
5
5
5
5
5
5
5
5
5
5
5
5
5
5
5
5
5
5
5
5
5
5
5
5
5
5
5
5
5
5
5
5
5
5
5
5
5
5
5
5
5
5
5
5
5
5
5
5
5
5
5
5
5
5
5
5
5
5
5
5
5
5
5
5
5
5
5
5
5
5
5
5
5
5
5
5
5
5
5
5
5
5
5
5
5
5
5
5
5
5
5
5
5
5
5
5
5
5
5
5
5
5
5
5
5
5
5
5
5
5
5
5
5
5
5
5
5
5
5
5
5
5
5
5
5
5
5
5
5
5
5
5
5
5
5
5
5
5
5
5
5
5
5
5
5
5
5
5
5
5
5
5
5
5
5
5
5
5
5
5
5
5
5
5
5
5
5
5
5
5
5
5
5
5
5
5
5
5
5
5
5
5
5
5
5
5
5
5
5
5
5
5
5
5
5
5
5
5
5
5
5
5
5
5
5
5
5
5
5
5
5
5
5
5
5
5
5
5
5
5
5
5
5
5
5
5
5
5
5
5
5
5
5
5
5
5
5
5
5
5
5
5
5
5
5
5
5
5
5
5
5
5
5
5
5
5
5
5
5
5
5
5
5
5
5
5
5
5
5
5
5
5
5
5
5
5
5
5
5
5
5
5
5
5
5
5
5
5
5
5
5
5
5
5
5
5
5
5
5
5
5
5
5
5
5
5
5
5
5
5
5
5
5
5
5
5
5
5
5
5
5
5
5
5
5
5
5
5
5
5
5
5
5
5
5
5
5
5
5
5
5
5
5
5
5
5
5
5
5
5
5
5
5
5
5
5
5
5
5
5
5
5
5
5
5
5
5
5
5
5
5
5
5
5
5
5
5
5
5
5
5
5
5
5
5
5
5
5
5
5
5
5
5
5
5
5
5
5
5
5
5
5
5
5
5
5
5
5
5
5
5
5
5
5
5
5
5
5
5
5
5
5
5
5
5
5
5
5
5
5
5
5
5
5
5
5
5
5
5
5
5
5
5
5
5
5
5
5
5
5
5
5
5
5
5
5
5
5
5
5
5
5
5
5
5
5
5
5
5
5
5
5
5
5
5
5
5
5
5
5
5
5
5
5
5
5
5
5
5
5
5
5
5
5
5
5
5
5
5
5
5
5
5
5
5
5
5
5
5
5
5
5
5
5
5
5
5
5
5
5
5
5
5
5
5
5
5
5
5
5
5
5
5
5
5
5
5
5
5
5
5
5
5
5
5
5
5
5
5
5
5
5
5
5
5
5
5
5
5
5
5
5
5
5
5
5
5
5
5
5
5
5
5
5
5
5
5
5
5
5
5
5
5
5
5
5
5
5
5
5
5
5
5
5
5
5
5
5
5
5
5
5
5
5
5
5
5
5
5
5
5
5
5
5
5
5
5
5
5
5
5
5
5
5
5
5
5
5
5
5
5
5
5
5
5
5
5
5
5
5
5
5
5
5
5
5
5
5
5
5
5
5
5
5
5
5
5
5
5
5
5
5
5
5
5
5
5
5
5
5
5
5
5
5
5
5
5
5
5
5
5
5
5
5
5
5
5
5
5
5
5
5
5
5
5
5
5
5
5
5
5
5
5
5
5
5
5
5
5
5
5
5
5
5
5
5
5
5
5
5
5
5
5
5
5
5
5
5
5
5
5
5
5
5
5
5
5
5
5
5
5
5
5
5
5
5
5
5
5
5
5
5
5
5
5
5
5
5
5
5
5
5
5
5
5
5
5
5
5
5
5
5
5
5
5
5
5
5
5
5
5
5
5
5
5
5
5
5
5
5
5
5
5
5
5
5
5
5
5
5
5
5
5
5
5
5
5
5
5
5
5
5
5
5
5
5
5
5
5
5
5
5
5
5
5
5
5
5
5
5
5
5
5
5
5
5
5
5
5
5
5
5
5
5
5
5
5
5
5
5
5
5
5
5
5
5
5
5
5
5
5
5
5
5
5
5
5
5
5
5
5
5
5
5
5
5
5
5
5
5
5
5
5
5
5
5
5
5
5
5
5
5
5
5
5
5
5
5
5
5
5
5
5
5
5
5
5
5
5
5
5
5
5
5
5
5
5
5
5
5
5
5
5
5
5
5
5
5
5
5
5
5
5
5
5
5
5
5
5
5
5
5
5
5
5
5
5
5
5
5
5
5
5
5
5
5
5
5
5
5
5
5
5
5
5
5
5
5
5
5
5
5
5
5
5
5
5
5
5
5
5
5
5
5
5
5
5
5
5
5
5
5
5
5
5
5
5
5
5
5
5
5
5
5
5
5
5
5
5
5
5
5
5
5
5
5
5
5
5
5
5
5
5
5
5
5
5
5
5
5
5
5
5
5
5
5
5
5
5
5
5
5
5
5
5
5
5
5
5
5
5
5
5
5
5
5
5
5
5
5
5
5
5
5
5
5
5
5
5
5
5
5
5
5
5
5
5
5
5
5
5
5
5
5
5
5
5
5
5
5
5
5
5
5
5
5
5
5
5
5
5
5
5
5
5
5
5
5
5
5
5
5
5
5
5
5
5
5
5
5
5
5
5
5
5
5
5
5
5
5
5
5
5
5
5
5
5
5
5
5
5
5
5
5
5
5
5
5
5
5
5
5
5
5
5
5
5
5
5
5
5
5
5
5
5
5
5
5
5
5
5
5
5
5
5
5
5
5
5
5
5
5
5
5
5
5
5
5
5
5
5
5
5
5
5
5
5
5
5
5
5
5
5
5
5
5
5
5
5
5
5
5
5
5
5
5
5
5
5
5
5
5
5
5
5
5
5
5
5
5
5
5
5
5
5
5
5
5
5
5
5
5
5
5
5
5
5
5
5
5
5
5
5
5
5
5
5
5
5
5
5
5
5
5
5
5
5
5
5
5
5
5
5
5
5
5
5
5
5
5
5
5
5
5
5
5
5
5
5
5
5
5
5
5
5
5
5
5
5
5
5
5
5
5
5
5
5
5
5
5
5
5
5
5
5
5
5
5
5
5
5
5
5
5
5
5
5
5
5
5
5
5
5
5
5
5
5
5
5
5
5
5
5
5
5
5
5
5
5
5
5
5
5
5
5
5
5
5
5
5
5
5
5
5
5
5
5
5
5
5
5
5
5
5
5
5
5
5
5
5
5
5
5
5
5
5
5
5
5
5
5
5
5
5
5
5
5
5
5
5
5
5
5
5
5
5
5
5
5
5
5
5
5
5
5
5
5
5
5
5
5
5
5
5
5
5
5
5
5
5
5
5
5
5
5
5
5
5
5
5
5
5
5
5
5
5
5
5
5
5
5
5
5
5
5
5
5
5
5
5
5
5
5
5
5
5
5
5
5
5
5
5
5
5
5
5
5
5
5
5
5
5
5
5
5
5
5
5
5
5
5
5
5
5
5
5
5
5
5
5
5
5
5
5
5
5
5
5
5
5
5
5
5
5
5
5
5
5
5
5
5
5
5
5
5
5
5
5
5
5
5
5
5
5
5
5
5
5
5
5
5
5
5
5
5
5
5
5
5
5
5
5
5
5
5
5
5
5
5
5
5
5
5
5
5
5
5
5
5
5
5
5
5
5
5
5
5
5
5
5
5
5
5
5
5
5
5
5
5
5
5
5
5
5
5
5
5
5
5
5
5
5
5
5
5
5
5
5
5
5
5
5
5
5
5
5
5
5
5
5
5
5
5
5
5
5
5
5
5
5
5
5
5
5
5
5
5
5
5
5
5
5
5
5
5
5
5
5
5
5
5
5
5
5
5
5
5
5
5
5
5
5
5
5
5
5
5
5
5
5
5
5
5
5
5
5
5
5
5
5
5
5
5
5
5
5
5
5
5
5
5
5
5
5
5
5
5
5
5
5
5
5
5
5
5
5
5
5
5
5
5
5
5
5
5
5
5
5
5
5
5
5
5
5
5
5
5
5
5
5
5
5
5
5
5
5
5
5
5
5
5
5
5
5
5
5
5
5
5
5
5
5
5
5
5
5
5
5
5
5
5
5
5
5
5
5
5
5
5
5
5
5
5
5
5
5
5
5
5
5
5
5
5
5
5
5
5
5
5
5
5
5
5
5
5
5
5
5
5
5
5
5
5
5
5
5
5
5
5
5
5
5
5
5
5
5
5
5
5
5
5
5
5
5
5
5
5
5
5
5
5
5
5
5
5
5
5
5
5
5
5
5
5
5
5
5
5
5
5
5
5
5
5
5
5
5
5
5
5
5
5
5
5
5
5
5
5
5
5
5
5
5
5
5
5
5
5
5
5
5
5
5
5
5
5
5
5
5
5
5
5
5
5
5
5
5
5
5
5
5
5
5
5
5
5
5
5
5
5
5
5
5
5
5
5
5
5
5
5
5
5
5
5
5
5
5
5
5
5
5
5
5
5
5
5
5
5
5
5
5
5
5
5
5
5
5
5
5
5
5
5
5
5
5
5
5
5
5
5
5
5
5
5
5
5
5
5
5
5
5
5
5
5
5
5
5
5
5
5
5
5
5
5
5
5
5
5
5
5
5
5
5
5
5
5
5
5
5
5
5
5
5
5
5
5
5
5
5
5
5
5
5
5
5
5
5
5
5
5
5
5
5
5
5
5
5
5
5
5
5
5
5
5
5
5
5
5
5
5
5
5
5
5
5
5
5
5
5
5
5
5
5
5
5
5
5
5
5
5
5
5
5
5
5
5
5
5
5
5
5
5
5
5
5
5
5
5
5
5
5
5
5
5
5
5
5
5
5
5
5
5
5
5
5
5
5
5
5
5
5
5
5
5
5
5
5
5
5
5
5
5
5
5
5
5
5
5
5
5
5
5
5
5
5
5
5
5
5
5
5
5
5
5
5
5
5
5
5
5
5
5
5
5
5
5
5
5
5
5
5
5
5
5
5
5
5
5
5
5
5
5
5
5
5
5
5
5
5
5
5
5
5
5
5
5
5
5
5
5
5
5
5
5
5
5
5
5
5
5
5
5
5
5
5
5
5
5
5
5
5
5
5
5
5
5
5
5
5
5
5
5
5
5
5
5
5
5
5
5
5
5
5
5
5
5
5
5
5
5
5
5
5
5
5
5
5
5
5
5
5
5
5
5
5
5
5
5
5
5
5
5
5
5
5
5
5
5
5
5
5
5
5
5
5
5
5
5
5
5
5
5
5
5
5
5
5
5
5
5
5
5
5
5
5
5
5
5
5
5
5
5
5
5
5
5
5
5
5
5
5
5
5
5
5
5
5
5
5
5
5
5
5
5
5
5
5
5
5
5
5
5
5
5
5
5
5
5
5
5
5
5
5
5
5
5
5
5
5
5
5
5
5
5
5
5
5
5
5
5
5
5
5
5
5
5
5
5
5
5
5
5
5
5
5
5
5
5
5
5
5
5
5
5
5
5
5
5
5
5
5
5
5
5
5
5
5
5
5
5
5
5
5
5
5
5
5
5
5
5
5
5
5
5
5
5
5
5
5
5
5
5
5
5
5
5
5
5
5
5
5
5
5
5
5
5
5
5
5
5
5
5
5
5
5
5
5
5
5
5
5
5
5
5
5
5
5
5
5
5
5
5
5
5
5
5
5
5
5
5
5
5
5
5
5
5
5
5
5
5
5
5
5
5
5
5
5
5
5
5
5
5
5
5
5
5
5
5
5
5
5
5
5
5
5
5
5
5
5
5
5
5
5
5
5
5
5
5
5
5
5
5
5
5
5
5
5
5
5
5
5
5
5
5
5
5
5
5
5
5
5
5
5
5
5
5
5
5
5
5
5
5
5
5
5
5
5
5
5
5
5
5
5
5
5
5
5
5
5
5
5
5
5
5
5
5
5
5
5
5
5
5
5
5
5
5
5
5
5
5
5
5
5
5
5
5
5
5
5
5
5
5
5
5
5
5
5
5
5
5
5
5
5
5
5
5
5
5
5
5
5
5
5
5
5
5
5
5
5
5
5
5
5
5
5
5
5
5
5
5
5
5
5
5
5
5
5
5
5
5
5
5
5
5
5
5
5
5
5
5
5
5
5
5
5
5
5
5
5
5
5
5
5
5
5
5
5
5
5
5
5
5
5
5
5
5
5
5
5
5
5
5
5
5
5
5
5
5
5
5
5
5
5
5
5
5
5
5
5
5
5
5
5
5
5
5
5
5
5
5
5
5
5
5
5
5
5
5
5
5
5
5
5
5
5
5
5
5
5
5
5
5
5
5
5
5
5
5
5
5
5
5
5
5
5
5
5
5
5
5
5
5
5
5
5
5
5
5
5
5
5
5
5
5
5
5
5
5
5
5
5
5
5
5
5
5
5
5
5
5
5
5
5
5
5
5
5
5
5
5
5
5
5
5
5
5
5
5
5
5
5
5
5
5
5
5
5
5
5
5
5
5
5
5
5
5
5
5
5
5
5
5
5
5
5
5
5
5
5
5
5
5
5
5
5
5
5
5
5
5
5
5
5
5
5
5
5
5
5
5
5
5
5
5
5
5
5
5
5
5
5
5
5
5
5
5
5
5
5
5
5
5
5
5
5
5
5
5
5
5
5
5
5
5
5
5
5
5
5
5
5
5
5
5
5
5
5
5
5
5
5
5
5
5
5
5
5
5
5
5
5
5
5
5
5
5
5
5
5
5
5
5
5
5
5
5
5
5
5
5
5
5
5
5
5
5
5
5
5
5
5
5
5
5
5
5
5
5
5
5
5
5
5
5
5
5
5
5
5
5
5
5
5
5
5
5
5
5
5
5
5
5
5
5
5
5
5
5
5
5
5
5
5
5
5
5
5
5
5
5
5
5
5
5
5
5
5
5
5
5
5
5
5
5
5
5
5
5
5
5
5
5
5
5
5
5
5
5
5
5
5
5
5
5
5
5
5
5
5
5
5
5
5
5
5
5
5
5
5
5
5
5
5
5
5
5
5
5
5
5
5
5
5
5
5
5
5
5
5
5
5
5
5
5
5
5
5
5
5
5
5
5
5
5
5
5
5
5
5
5
5
5
5
5
5
5
5
5
5
5
5
5
5
5
5
5
5
5
5
5
5
5
5
5
5
5
5
5
5
5
5
5
5
5
5
5
5
5
5
5
5
5
5
5
5
5
5
5
5
5
5
5
5
5
5
5
5
5
5
5
5
5
5
5
5
5
5
5
5
5
5
5
5
5
5
5
5
5
5
5
5
5
5
5
5
5
5
5
5
5
5
5
5
5
5
5
5
5
5
5
5
5
5
5
5
5
5
5
5
5
5
5
5
5
5
5
5
5
5
5
5
5
5
5
5
5
5
5
5
5
5
5
5
5
5
5
5
5
5
5
5
5
5
5
5
5
5
5
5
5
5
5
5
5
5
5
5
5
5
5
5
5
5
5
5
5
5
5
5
5
5
5
5
5
5
5
5
5
5
5
5
5
5
5
5
5
5
5
5
5
5
5
5
5
5
5
5
5
5
5
5
5
5
5
5
5
5
5
5
5
5
5
5
5
5
5
5
5
5
5
5
5
5
5
5
5
5
5
5
5
5
5
5
5
5
5
5
5
5
5
5
5
5
5
5
5
5
5
5
5
5
5
5
5
5
5
5
5
5
5
5
5
5
5
5
5
5
5
5
5
5
5
5
5
5
5
5
5
5
5
5
5
5
5
5
5
5
5
5
5
5
5
5
5
5
5
5
5
5
5
5
5
5
5
5
5
5
5
5
5
5
5
5
5
5
5
5
5
5
5
5
5
5
5
5
5
5
5
5
CELL_DATA 6637
SCALARS sample_scalars double 3
LOOKUP_TABLE default
1035.34	0	0	
1035.34	0	0	
949.337	0	0.21798	
1035.34	0	0	
1035.34	0	0	
974.721	0	0.652912	
995.857	0	0.0101887	
1035.34	0	0	
1031.8	0	0.0153017	
1035.34	0	0	
989.053	0	0.0145835	
1006.86	0	0.0302221	
1035.34	0	0	
1053.93	0	0.0291684	
993.688	0	0.0350585	
995.258	0	0.0141965	
1003.05	0	0.0110195	
987.87	0	0.0334037	
1028.11	0	0.0248071	
1007.24	0	0.00147071	
1008.66	0	0.00634455	
997.409	0	0.0144319	
1004.84	0	0.00583514	
994.294	0	0.0133858	
1029.68	0	0.00915448	
1010.84	0	0.0156418	
1017.84	0	0.145607	
1017.24	0	0.0162458	
1020.2	0	0.0287322	
1006.14	0	0.0160893	
1009.44	0	0.105345	
971.145	0	0.0461598	
1004.99	0	0.0263463	
1006.23	0	0.088944	
978.586	0	0.117359	
1015.03	0	0.0177692	
1005.5	0	0.00633739	
1004.93	0	0.0168405	
990.129	0	0.0158544	
977.623	0	0.0207629	
1004.86	0	0.0275359	
1006.77	0	0.00618976	
1005.62	0	0.0585324	
1010.96	0	0.0144624	
997.527	0	0.0167839	
953.545	0	0.0222632	
979.611	0	0.0162774	
949.15	0	0.0610009	
948.596	0	0.0479918	
989.971	0	0.00742415	
957.663	0	0.0174399	
991.372	0	0.00724796	
982.611	0	0.0326846	
988.087	0	0.00760624	
990.626	0	0.0165934	
994.088	0	0.0132148	
991.125	0	0.0112796	
946.12	0	1.61483	
926.521	0	0.996298	
990.946	0	0.0120603	
913.234	0	0.539096	
987.786	0	0.0272618	
1016.1	0	0.0182069	
998.643	0	3.7903	
1026.68	0	0.016655	
1010.08	0	0.0738585	
1007.52	0	0.102599	
999.088	0	0.0134737	
996.653	0	0.277075	
1003.83	0	0.0153842	
955.836	0	1.62847	
991.04	0	0.0102986	
945.488	0	0.505334	
980.486	0	0.0106227	
1017.42	0	0.121575	
992.681	0	0.948025	
999.431	0	0.0164946	
1011.36	0	0.113898	
1000.8	0	0.0186367	
1026.67	0	0.0612843	
1017.95	0	0.0796162	
1009.06	0	0.0332085	
1027.1	0	0.0115545	
1035.51	0	0.0666959	
1024.23	0	0.00846623	
1040.42	0	0.0154726	
1029.63	0	0.0619473	
1032.97	0	0.00737223	
1035.78	0	0.0402432	
1030.18	0	0.0152738	
1031.8	0	0.0377224	
1042.91	0	0.040156	
1040	0	0.00300019	
1038.89	0	0.0115449	
1043.61	0	0.00644263	
1015.77	0	0.0330734	
1034.64	0	0.00462837	
1019.16	0	0.0115914	
1037.01	0	0.0145076	
1023.16	0	0.0682307	
1003.43	0	0.0130555	
1043.31	0	0.0120464	
991.244	0	0.0116807	
1013.65	0	0.0131371	
1039.89	0	0.013733	
1011.03	0	0.0338739	
1029.96	0	0.0370454	
979.855	0	0.0532212	
1034.08	0	0.00750639	
1039.29	0	0.0662885	
1028.36	0	0.0152435	
1043.49	0	0.00498607	
975.217	0	0.0158187	
1003.23	0	0.00989953	
1015.74	0	0.0142292	
1031	0	0.0129425	
1023.64	0	0.0226485	
1010.3	0	0.0151771	
1012.83	0	0.0116117	
992.995	0	0.0187609	
1001.61	0	0.013916	
967.071	0	0.0121495	
1027.14	0	0.00862085	
1005.77	0	0.0261045	
1023.11	0	0.0309812	
1009.29	0	0.0100036	
970.257	0	0.0150008	
1029.1	0	0.0176116	
995.498	0	0.00855282	
1000.28	0	0.063388	
963.849	0	0.0147247	
978.043	0	0.0153489	
1047.01	0	0.10126	
1024.98	0	0.011732	
1011.89	0	0.0331079	
1002.4	0	0.017402	
1005.04	0	0.022185	
1008.87	0	0.0195942	
1014.56	0	0.015712	
1026.65	0	0.0188516	
1039.77	0	0.0264848	
1001.45	0	0.0200846	
1004.76	0	0.00343773	
1033.49	0	0.0279842	
1037.37	0	0.0265366	
1013.08	0	0.0150677	
989.427	0	0.0200595	
1013.31	0	0.0265928	
1037.85	0	0.0329656	
983.983	0	0.0383413	
1028.61	0	0.0172837	
988.427	0	0.0110217	
1016.31	0	0.00535144	
989.135	0	0.0286215	
1044.35	0	0.0296129	
1003.77	0	0.0275292	
1026.28	0	0.020165	
969.799	0	0.0242525	
1001.21	0	0.0141177	
997.07	0	0.00486276	
1040.01	0	0.0105454	
994.044	0	0.00775706	
1008.56	0	0.124624	
992.617	0	0.0130162	
996.848	0	0.0141363	
1003.13	0	0.0362169	
1006.16	0	0.00370134	
1002.46	0	0.135171	
986.247	0	0.0150623	
1033.74	0	0.0149223	
1006.94	0	0.0700419	
986.935	0	0.00930914	
1023.41	0	0.0478585	
989.638	0	0.0115485	
984.978	0	0.01029	
1024.65	0	0.0351364	
980.759	0	0.013267	
1032.53	0	0.0561519	
986.399	0	0.0480315	
980.257	0	0.0127593	
1005.5	0	0.115696	
979.181	0	0.0138234	
994.841	0	0.00757259	
1009.39	0	0.159073	
982.697	0	0.00985363	
997.534	0	0.115684	
981.611	0	0.0109778	
945.797	0	2.76825	
1001.31	0	0.0168489	
1028.82	0	0.00966799	
971.067	0	0.422235	
994.57	0	0.0101832	
1019.64	0	0.00518078	
988.404	0	0.0165333	
994.128	0	0.027466	
1025.87	0	0.00659423	
994.063	0	0.010312	
965.003	0	0.0311495	
1016.3	0	0.00755566	
996.684	0	0.0131322	
1034.12	0	0.00649274	
1006.49	0	0.0141515	
1002.98	0	0.0174552	
1026.95	0	0.00440062	
991.206	0	0.0100828	
1034.85	0	0.00723926	
991.355	0	0.00805144	
1007.95	0	0.00475678	
1021.7	0	0.00535626	
988.796	0	0.0113641	
1020.29	0	0.00456174	
992.994	0	0.0153211	
985.733	0	0.0220947	
1026.86	0	0.00760853	
997.997	0	0.0174392	
1045.07	0	0.00802438	
1001.79	0	0.0223562	
981.492	0	0.0124802	
1022.58	0	0.0213683	
953.12	0	0.0171089	
999.988	0	0.0203873	
1006.36	0	0.00776447	
993.272	0	0.0119342	
998.146	0	0.00621137	
996.326	0	0.0115233	
1000.64	0	0.0156324	
983.186	0	0.00979399	
1088.21	0	0.00652454	
995.993	0	0.008763	
1009.51	0	0.137115	
1018.03	0	0.00578025	
984.354	0	0.014471	
987.421	0	0.0182708	
1000.91	0	0.0413015	
981.018	0	0.0218722	
970.178	0	0.0175736	
981.89	0	0.0253342	
998.168	0	0.00761495	
1002.71	0	0.00676138	
1005.83	0	0.00932689	
992.63	0	0.0165615	
999.599	0	0.00760791	
1012.87	0	0.00941415	
994.787	0	0.0157291	
1021.06	0	0.0226324	
993.205	0	0.0201401	
953.457	0	0.0323316	
988.994	0	0.0246277	
965.304	0	0.011116	
1012.47	0	0.00434203	
998.05	0	0.00817623	
968.702	0	0.0160698	
987.377	0	0.0139908	
989.918	0	0.0113666	
999.429	0	0.00740531	
988.246	0	0.0082447	
969.26	0	0.0121634	
1015.22	0	0.00796921	
991.771	0	0.00819946	
1036.2	0	0.0121738	
1005.29	0	0.00602775	
1004.18	0	0.0365859	
961.518	0	0.0117065	
1007.54	0	0.00970404	
1053.61	0	0.0219693	
983.468	0	0.00916218	
1008.7	0	0.00722271	
971.741	0	0.0128573	
997.32	0	0.0132783	
1023.65	0	0.00815359	
993.872	0	0.00896318	
1032.01	0	0.00353843	
998.595	0	0.00554645	
995.215	0	0.0109689	
1027.6	0	0.0118217	
996.132	0	0.00814124	
976.624	0	0.0111476	
1002.93	0	0.00563476	
999.176	0	0.00894411	
1027.31	0	0.0131665	
987.711	0	0.0048368	
1008.82	0	0.00554335	
1000.71	0	0.00882386	
995.624	0	0.0121623	
970.359	0	0.00474339	
979.423	0	0.00955983	
995.288	0	0.0104138	
992.142	0	0.00321951	
1009.31	0	0.0073607	
1012.21	0	0.00390963	
1034.18	0	0.0055579	
1008.3	0	0.0150365	
1014.46	0	0.00336604	
1006.42	0	0.00498893	
1002.29	0	0.00878723	
1063.47	0	0.00456118	
1006.73	0	0.0103173	
1042.61	0	0.00361666	
1097.22	0	0.004793	
1008.38	0	0.0158145	
1033.73	0	0.00643902	
1002.53	0	0.00884857	
1061.51	0	0.00462622	
1009.14	0	0.0103116	
1037.62	0	0.0093386	
995.346	0	0.0199232	
1027.22	0	0.00646195	
1000.18	0	0.00755853	
982.787	0	0.00946385	
1011.47	0	0.00362301	
1035.34	0	0	
1035.31	0	0.00563276	
1043.01	0	0.00331352	
1058.98	0	0.0149157	
1017.16	0	0.0150073	
1016.72	0	0.00457019	
1036.94	0	0.0115057	
1001.54	0	0.0114916	
1017.28	0	0.0170942	
1026.55	0	0.0058406	
1003.05	0	0.0140748	
1044.87	0	0.00329311	
1033.16	0	0.00482941	
954.102	0	0.0145889	
1018.17	0	0.00652444	
988.734	0	0.0130774	
1029.86	0	0.00243098	
1000.57	0	0.0109315	
996.74	0	0.0279636	
1050.62	0	0.0055146	
997.099	0	0.0201472	
1009.59	0	0.00370761	
1040.34	0	0.00566909	
973.73	0	0.0244524	
1035.9	0	0.00444269	
1002.03	0	0.0099873	
992.97	0	0.0179071	
1045.49	0	0.00925661	
992.451	0	0.0192634	
1023.13	0	0.00391023	
998.553	0	0.00471204	
997.714	0	0.0136402	
1015.47	0	0.00817506	
1000.35	0	0.0185758	
1007.02	0	0.0085522	
994.071	0	0.0160367	
1006.09	0	0.00583542	
981.331	0	0.0143687	
1007.32	0	0.0123286	
1019.2	0	0.00761908	
1024.45	0	0.00725977	
1034.18	0	0.0100128	
1004.83	0	0.00825343	
1022.82	0	0.0102061	
1038.27	0	0.0087172	
995.538	0	0.0127575	
1022.39	0	0.00776668	
978.054	0	0.0129384	
1048	0	0.00678543	
1007.27	0	0.0166543	
953.642	0	0.0198254	
1014.53	0	0.00535144	
1032.4	0	0.0110876	
1020.13	0	0.00809488	
982.969	0	0.00716671	
1040.15	0	0.0131751	
1015.49	0	0.00514292	
1012	0	0.0156953	
1053.93	0	0.00222208	
992.452	0	0.017453	
1004.46	0	0.00953367	
1030.56	0	0.00423109	
1006.8	0	0.0230586	
1041.91	0	0.00531622	
1020.23	0	1.08017	
977.149	0	0.0220169	
1030.87	0	0.0867498	
986.003	0	0.0168204	
970.644	0	0.0226706	
1023.29	0	0.0558236	
983.29	0	0.0189539	
1029.62	0	0.0427491	
998.144	0	0.00877269	
988.983	0	2.16519	
1009.21	0	0.0256843	
1006.68	0	0.00733491	
999.973	0	0.022465	
1007.39	0	0.0129987	
1029.03	0	0.0332177	
984.002	0	0.0190347	
1023.65	0	0.0123531	
986.17	0	0.0232458	
985.512	0	0.0112217	
1032.78	0	0.00941494	
991.08	0	0.0404892	
1037.04	0	0.0388628	
1033.99	0	0.0297936	
1026.82	0	0.0117143	
1012.32	0	0.0121769	
1001.39	0	0.0107085	
968.915	0	0.0110738	
999.978	0	0.0242355	
998.155	0	0.011273	
1017.6	0	0.00975294	
942.893	0	0.0133093	
1006.47	0	0.0203921	
1021.54	0	0.0342451	
983.635	0	0.00741948	
1022.41	0	0.0070473	
981.741	0	0.0098896	
996.188	0	0.00945611	
999.257	0	0.0128243	
1022.54	0	0.0160452	
997.309	0	0.0100561	
986.979	0	0.00872845	
986.368	0	0.0129221	
982.303	0	0.013042	
1012.25	0	0.0159739	
959.28	0	0.0107703	
1016.78	0	0.0308163	
958.863	0	0.0112963	
969.169	0	0.0119927	
987.187	0	0.0175647	
1026.75	0	0.00911219	
995.769	0	0.00591493	
994.642	0	0.0309447	
998.642	0	0.0182744	
1015.78	0	0.0172166	
1001.48	0	0.0115536	
1003.46	0	0.00637597	
976.554	0	0.0093945	
1014.42	0	0.0126734	
1029.06	0	0.0160657	
1039.13	0	0.0206363	
1005.49	0	0.00762271	
1011.72	0	0.00808005	
1046.41	0	0.00885914	
1005.13	0	0.017213	
1004.85	0	0.00912256	
1046.01	0	0.0290478	
1002.12	0	0.0101853	
984.57	0	0.0122375	
996.453	0	0.00873137	
1039.79	0	0.00995081	
987.289	0	0.018402	
1016.33	0	0.00702987	
977.851	0	0.0213907	
971.894	0	0.0109744	
1014.38	0	0.0122952	
996.982	0	0.0145243	
998.067	0	0.00494598	
1010.67	0	0.00717095	
1008.66	0	0.00552997	
989.662	0	0.00468499	
1002.77	0	0.0165506	
999.398	0	0.00569806	
1004.35	0	0.0044292	
997.598	0	0.0209819	
1007.98	0	0.0127059	
1016.19	0	0.0093945	
1031.29	0	0.0118883	
987.005	0	0.0166307	
1002.42	0	0.0128989	
1000.83	0	0.00268621	
1035.34	0	0	
1011.04	0	0.00605972	
1035.34	0	0	
1040.26	0	0.0587102	
1013.99	0	0.0148255	
991.703	0	0.0457096	
1006.47	0	0.0406443	
1000.65	0	0.0288376	
1005.31	0	0.0341866	
995.69	0	0.0347705	
1017.48	0	0.0184419	
991.818	0	0.0122161	
1009.63	0	0.0212007	
1002.22	0	0.024047	
1008.62	0	0.0222969	
1003.16	0	0.0175569	
1003.7	0	0.00898617	
1009.6	0	0.0149855	
998.575	0	0.0220772	
998.961	0	0.0220702	
1039.89	0	0.0292493	
984.411	0	0.0116108	
1031.14	0	0.00808338	
1005.63	0	0.0214347	
987.469	0	0.0258758	
1015.65	0	0.00780543	
1001.29	0	0.0187318	
1030.68	0	0.00784268	
1048.44	0	0.0137073	
999.204	0	0.0076839	
1033.54	0	0.00989302	
986.894	0	0.0103248	
971.647	0	0.0179332	
1034.95	0	0.00789587	
960.713	0	0.010049	
1046.51	0	0.0205166	
1008.44	0	0.00756288	
1012.73	0	0.014365	
981.151	0	0.0237324	
999.491	0	0.0158786	
1010.13	0	0.0319484	
995.659	0	0.0180328	
1026.7	0	0.00790024	
976.554	0	0.0111797	
1001.65	0	0.01288	
1031.25	0	0.0207761	
1017.12	0	0.00986939	
1005.05	0	0.0717659	
1023.18	0	0.0195098	
981.495	0	0.0148984	
1011.41	0	0.00362498	
1012.73	0	0.0384544	
1024.76	0	0.0153489	
1011.31	0	0.0077146	
987.104	0	0.0133391	
1008.02	0	0.00870635	
998.998	0	0.013623	
1028.44	0	0.0235358	
1010.66	0	0.00455214	
1020.21	0	0.0315685	
1019.1	0	0.00471477	
1009.5	0	0.00668819	
1016.77	0	0.00684712	
1027.52	0	0.0135483	
1018.88	0	0.0130431	
999.529	0	0.00537907	
1036.65	0	0.00696883	
1034.4	0	0.0395907	
1043.73	0	0.00629017	
1027.27	0	0.0328228	
990.872	0	0.461744	
1033.55	0	0.00280673	
1015.32	0	0.0232871	
1068.9	0	0.00173426	
1014.39	0	0.00830137	
1061.97	0	0.00431242	
1014.03	0	0.0167509	
1021.98	0	0.00341704	
1012.18	0	0.0185199	
1033.73	0	0.00662619	
1016.77	0	0.0112905	
1029.14	0	0.0549747	
1047.09	0	0.00346114	
1023.9	0	0.128279	
1041.12	0	0.0486816	
1058.01	0	0.00369016	
1037.14	0	0.0421845	
1030.38	0	0.00484585	
1044.91	0	0.00573975	
1021.06	0	0.283833	
1052.07	0	0.00367919	
1019.99	0	3.89404	
993.76	0	1.43734	
1033.6	0	0.00751487	
980.918	0	0.244121	
1046.09	0	0.00737698	
1030.9	0	0.0954789	
1066.98	0	0.00340489	
1047.24	0	0.00283634	
991.772	0	1.09174	
1020.68	0	0.00416655	
961.724	0	1.09007	
959.333	0	0.460113	
1025.65	0	0.00438799	
966.337	0	0.990038	
1048.66	0	0.0035006	
1001.08	0	0.0132496	
962.246	0	0.156013	
1021.29	0	0.00470316	
962.372	0	0.0367621	
967.551	0	0.0363521	
1009.02	0	0.013244	
996.282	0	0.0262746	
1027.95	0	0.00398345	
956.819	0	0.0379322	
993.918	0	0.0281726	
995.615	0	5.46812	
1081.41	0	0.00242607	
972.333	0	0.0242786	
1005.9	0	0.0117522	
1011.07	0	0.00738284	
1010.06	0	0.00811946	
980.824	0	0.047667	
985.636	0	0.0222197	
989.277	0	0.0361202	
1012.59	0	0.00550455	
983.711	0	0.0148822	
992.175	0	0.0237661	
990.69	0	0.012513	
984.372	0	0.00379293	
1006.67	0	0.0140316	
966.401	0	0.0208901	
1061.93	0	0.0040836	
993.258	0	0.00944274	
1016.15	0	0.00703767	
957.367	0	0.0143239	
1024.34	0	0.0208556	
1035.87	0	0	
993.359	0	0.0112107	
1035.34	0	0	
1035.34	0	0	
993.352	0	0.00734733	
1035.34	0	0	
982.754	0	0.00601462	
1003.71	0	0.01109	
1035.34	0	0	
988.954	0	0.00715603	
1035.34	0	0	
1035.34	0	0	
997.831	0	0.00999994	
1035.34	0	0	
984.966	0	0.0160399	
1035.34	0	0	
998.15	0	0.0100519	
1009.97	0	0.0155625	
973.229	0	0.0220021	
1005.01	0	0.0166565	
1029.99	0	0.00867537	
1035.41	0	0.0514155	
1016.14	0	0.00346051	
997.777	0	0.00660176	
1006.09	0	0.00559101	
992.704	0	0.00729848	
974.627	0	0.00848462	
995.149	0	0.00854974	
988.986	0	0.00581631	
987.557	0	0.0153422	
1009.63	0	0.0109533	
1023.9	0	0.0285416	
1007.32	0	0.00619609	
985.362	0	0.0343611	
1012.18	0	0.00382015	
992.102	0	0.0393057	
994.739	0	0.0273266	
1001.96	0	0.0197073	
1011.5	0	0.0101794	
1003.9	0	0.020366	
1011.63	0	0.00666704	
997.44	0	0.00773049	
989.858	0	0.0188438	
1003.06	0	0.0120767	
1003.8	0	0.0115652	
991.278	0	0.00414307	
997.156	0	0.0084341	
988.114	0	0.0109656	
1002.77	0	0.0103942	
994.866	0	0.00945753	
1013.01	0	0.0155143	
1001.59	0	0.00658466	
992.622	0	0.0122145	
1006.01	0	0.00608089	
1013.05	0	0.00758134	
1020.44	0	0.00889685	
1009.38	0	0.0102063	
1002.36	0	0.0372855	
1001.73	0	0.0124668	
970.171	0	0.00845883	
992.822	0	0.0116945	
987.175	0	0.0167352	
1005.88	0	0.00960229	
1003.69	0	0.0105447	
1000.15	0	0.0104152	
1012.46	0	0.0101585	
990.204	0	0.0142493	
995.258	0	0.011665	
998.989	0	0.0154585	
1027.47	0	0.0103119	
1000.33	0	0.014022	
994.682	0	0.0117635	
987.635	0	0.0229982	
998.986	0	0.0222645	
1014.51	0	0.0163453	
1009.07	0	0.0186297	
1013.2	0	0.00855084	
1016.75	0	0.00728549	
1007.49	0	0.00791567	
994.458	0	0.00825541	
1033.79	0	0.0081727	
1015.15	0	0.00429047	
1039.95	0	0.0045222	
1054.45	0	0.00365231	
1013.64	0	0.00356503	
977.13	0	0.0048152	
1058.94	0	0.00346725	
1038.21	0	0.0104088	
1014.94	0	0.731693	
990.593	0	0.389549	
1023.76	0	0.07005	
987.978	0	0.363591	
1021.09	0	0.185053	
1019.98	0	0.585553	
1039.13	0	0.0905599	
1020.82	0	0.0319484	
1019.97	0	0.0390465	
1031.84	0	0.0450775	
1033.9	0	0.0397553	
1038.22	0	0.0429441	
1028.27	0	0.0187375	
1025.78	0	0.0142808	
1019	0	0.0146304	
1019.34	0	0.0099125	
970.986	0	0.0224535	
1001.18	0	0.0208792	
973.069	0	0.0101603	
1009.94	0	0.00766397	
993.044	0	0.0107518	
989.406	0	0.146694	
999.671	0	0.0245686	
986.719	0	0.00985012	
1009.86	0	0.0129097	
1016.4	0	0.00854885	
972.219	0	0.01008	
943.529	0	0.0149843	
1022.17	0	0.0258342	
985.803	0	0.0156389	
975.396	0	0.0130761	
1012.42	0	0.008979	
1033.76	0	0.0146746	
993.448	0	0.0103789	
1016.05	0	0.0202993	
1014.46	0	0.0103834	
986.556	0	0.00685847	
987.004	0	0.00690534	
987.646	0	0.00880915	
987.613	0	0.0100197	
984.887	0	0.0115283	
991.713	0	0.00501051	
997.737	0	0.00464809	
1004.7	0	0.00380614	
1006.2	0	0.00427219	
988.795	0	0.00613446	
1005.92	0	0.014887	
1002.52	0	0.00930275	
1014.57	0	0.0302348	
1014.07	0	0.0286957	
997.793	0	0.00732252	
1007.6	0	0.0136409	
1036.79	0	0.012736	
1035.33	0	0.00885663	
1007.98	0	0.0510699	
1012.54	0	0.0105752	
1025.4	0	0.0140921	
1014.47	0	0.011026	
1030.99	0	0.0138754	
1025.92	0	0.00802077	
1002.02	0	0.00962669	
1014.57	0	0.0110696	
996.476	0	0.0116991	
998.898	0	0.0113213	
1005.82	0	0.00470048	
1026.48	0	0.00342616	
1006.69	0	0.00449143	
1044.47	0	0.00233472	
1026.74	0	0.00688013	
1017.61	0	0.00503042	
1043.38	0	0.00321976	
1036.1	0	0.00300808	
1042.14	0	0.00247813	
1031.24	0	0.00362642	
1036.63	0	0.00486929	
1049.63	0	0.00289446	
1012.94	0	0.0118388	
1040.82	0	0.00287065	
1076.48	0	0.0017907	
1083.9	0	0.0026783	
1064.64	0	0.00410414	
1059.85	0	0.00424857	
1062.67	0	0.00359722	
1069.31	0	0.00337686	
1009.4	0	0.00645033	
1061.66	0	0.00417643	
994.6	0	0.0166585	
993.982	0	0.0110175	
1002.58	0	0.00754471	
1000.35	0	0.00475573	
1019.28	0	0.0113015	
1013.54	0	0.00893493	
1014.79	0	0.0211124	
1010.56	0	0.00772073	
1006.81	0	0.0041706	
1008.65	0	0.00992798	
984.339	0	0.0086791	
998.805	0	0.0137147	
996.027	0	0.0085766	
993.91	0	0.0165777	
981.369	0	0.00891617	
996.828	0	0.00677754	
993.156	0	0.00720067	
1002.34	0	0.0344087	
984.256	0	0.0127096	
985.051	0	0.00623473	
1006.3	0	0.0133847	
997.375	0	0.0107606	
992.074	0	0.0169467	
956.265	0	0.0184038	
1000.43	0	0.0290447	
1009.03	0	0.0123795	
990.203	0	0.0223924	
998.62	0	0.0230852	
1008.13	0	0.0151554	
1006.2	0	0.0210432	
1004.28	0	0.00681517	
999.44	0	0.00419712	
1008.04	0	0.0120523	
1007.42	0	0.013776	
999.984	0	0.0118317	
999.515	0	0.0173193	
993.99	0	0.00824665	
1001.65	0	0.00651226	
1003.46	0	0.00951009	
1000.41	0	0.0103387	
1000.6	0	0.0230828	
1000.2	0	0.0112176	
989.83	0	0.0116313	
1001.01	0	0.0114553	
1013.05	0	0.0092186	
1016.15	0	0.0112343	
997.845	0	0.0154498	
996.995	0	0.00731949	
1011.11	0	0.0175449	
1005.04	0	0.0112692	
1001.92	0	0.0149501	
974.55	0	0.0244828	
1005.75	0	0.0123124	
982.344	0	0.0200749	
1022.03	0	0.00763739	
1011.61	0	0.0155846	
981.13	0	0.00509362	
1028.25	0	0.00394876	
1059.86	0	0.00418527	
1021.45	0	0.00369727	
1024.53	0	0.0068033	
1029.65	0	0.00398887	
1004.6	0	0.565678	
987.276	0	0.0672799	
1032.01	0	0.0255702	
998.879	0	0.0440496	
1034.43	0	0.619869	
1017.31	0	0.0596609	
1020.93	0	0.0223845	
1018.43	0	0.202146	
1019.47	0	0.0148891	
1014.23	0	0.00926566	
994.893	0	0.0197778	
1010.61	0	0.0313362	
1009.8	0	0.0126755	
992.185	0	0.0154241	
1000.92	0	0.0116819	
1000.57	0	0.0121075	
1007.27	0	0.00877488	
996.369	0	0.0162693	
971.538	0	0.0120275	
1002.47	0	0.00863208	
1003.7	0	0.00742951	
1001.93	0	0.00974002	
966.958	0	0.0162004	
995.031	0	0.0181248	
1017.88	0	0.0101058	
1005.29	0	0.0199733	
994.889	0	0.0138227	
1021.84	0	0.00738101	
1003.06	0	0.0108739	
986.274	0	0.0149499	
999.166	0	0.0124431	
993.769	0	0.00604013	
988.626	0	0.00525108	
1005.68	0	0.00530115	
1004.18	0	0.0119054	
1001.67	0	0.0208921	
1009.69	0	0.0301565	
992.327	0	0.0297782	
994.082	0	0.0196313	
995.857	0	0.0258918	
1029.76	0	0.0154612	
1025.84	0	0.017546	
1027.6	0	0.0143018	
994.586	0	0.014116	
998.435	0	0.00969094	
1006.21	0	0.0118272	
1016.84	0	0.00439444	
1018.05	0	0.00830469	
1012.59	0	0.00704067	
1012.06	0	0.00525863	
979.361	0	0.0168321	
976.51	0	0.013477	
1048.18	0	0.0029569	
1044.13	0	0.00325881	
1075.14	0	0.00393165	
1078.18	0	0.00213289	
1024.17	0	0.00489467	
1039.7	0	0.00284395	
1073.63	0	0.00328986	
1026.47	0	0.00767075	
1038.34	0	0.00267575	
1038.37	0	0.0118896	
985.259	0	0.0159482	
984.838	0	0.030568	
992.929	0	0.00634335	
997.008	0	0.00770917	
973.619	0	0.00953369	
1002.53	0	0.00609786	
1000.1	0	0.00991969	
1005.53	0	0.00847308	
994.107	0	0.00805435	
996.563	0	0.0153718	
981.868	0	0.00934084	
989.554	0	0.00673629	
994.782	0	0.00431187	
992.168	0	0.0126703	
1014.15	0	0.039215	
1009.39	0	0.0102746	
1022.33	0	0.0195824	
1010.71	0	0.017083	
996.962	0	0.00990449	
996.595	0	0.012048	
1002.8	0	0.00564435	
995.16	0	0.019591	
987.971	0	0.00934375	
987.749	0	0.022818	
1004.13	0	0.00775821	
998.749	0	0.0148767	
1013.42	0	0.0124609	
999.443	0	0.00772818	
1004.22	0	0.0132791	
1007.07	0	0.00698088	
1009.75	0	0.0112927	
1006.1	0	0.0198504	
1001.53	0	0.0130226	
999.783	0	0.0218852	
1011.47	0	0.0154315	
1005.82	0	0.0281077	
1023.28	0	0.00606748	
990.901	0	0.0134241	
1027.61	0	0.00432108	
1021.67	0	0.00857476	
1018.37	0	0.00434312	
1048.22	0	0.00289808	
1059.1	0	0.0024539	
1044.63	0	0.00323594	
996.112	0	0.0722883	
1001.48	0	0.0297276	
1020.63	0	0.327964	
1000.5	0	0.0153728	
1022.46	0	0.0104422	
1010.1	0	0.0180438	
998.63	0	0.0110905	
1001.56	0	0.0900019	
998.361	0	0.0106508	
997.955	0	0.0200197	
1008.76	0	0.0132274	
989.566	0	0.0157928	
1016.96	0	0.0179978	
993.176	0	0.0102345	
1025.85	0	0.00792456	
1013.87	0	0.0160085	
1005.63	0	0.0045007	
987.769	0	0.00815281	
1007.25	0	0.00592103	
1008.84	0	0.00595229	
1007.67	0	0.126673	
1007.82	0	0.0122872	
1010.83	0	0.00721034	
1051.02	0	0.00278247	
1016.61	0	0.0070892	
1004.6	0	0.00549173	
1066.47	0	0.00295478	
1034.01	0	0.00272221	
1042.41	0	0.00533695	
1065.83	0	0.00286204	
994.179	0	0.0119906	
983.672	0	0.0110681	
993.48	0	0.0043565	
998.103	0	0.00552323	
988.649	0	0.00864527	
988.909	0	0.0161986	
1012.1	0	0.00198216	
986.458	0	0.0155474	
1008.57	0	0.00781093	
1004.27	0	0.00672672	
999.065	0	0.0105824	
986.728	0	0.0116022	
1005.86	0	0.00781193	
1008.87	0	0.014714	
1002.25	0	0.00553389	
1011.61	0	0.0143633	
1035.08	0	0.00480044	
1063.63	0	0.00242685	
1048.64	0	0.00296441	
1045.53	0	0.00574706	
1006.12	0	0.0787947	
1035.03	0	0.00491226	
1025.14	0	0.0366901	
1011.97	0	0.0540481	
1014.25	0	0.00942274	
1006.79	0	0.00952252	
1014.76	0	0.014151	
1012.41	0	0.005906	
1005.91	0	0.0346631	
1015.25	0	0.00616236	
1006.73	0	0.0147558	
1007.94	0	0.00428689	
979.333	0	0.0222281	
1004.23	0	0.00498593	
1005.77	0	0.00344863	
1058.78	0	0.00346556	
993.939	0	0.00472108	
992.473	0	0.0102876	
1008.61	0	0.00497582	
1002.78	0	0.0121712	
997.307	0	0.0206133	
997.643	0	0.0136859	
1058.54	0	0.00323822	
1049.98	0	0.00273178	
1020.73	0	0.0547729	
999.48	0	0.0738851	
1006.66	0	0.00794923	
1018.57	0	0.00991386	
996.279	0	0.0197161	
994.544	0	0.016139	
1006.29	0	0.029945	
1021.82	0	0.0136064	
954.518	0	0.176653	
1009.68	0	0.00461862	
1010.24	0	0.118434	
1008.29	0	0.0785383	
999.919	0	0.0624662	
989.305	0	0.148565	
998.09	0	0.0172933	
985.048	0	0.00576792	
987.598	0	0.00849709	
984.886	0	0.0104468	
975.095	0	0.0141547	
982.731	0	0.0107267	
991.059	0	0.0155061	
984.795	0	0.0150025	
996.129	0	0.0144373	
993.077	0	0.0114739	
991.163	0	0.021835	
1003.7	0	0.011849	
1009.46	0	0.013577	
1007.6	0	0.010093	
990.512	0	0.0148045	
1011.06	0	0.00878568	
1008.46	0	0.00961773	
1006.66	0	0.0108958	
986.908	0	0.0157964	
990.64	0	0.0141789	
1001.85	0	0.0148379	
1004.17	0	0.0142875	
1005.09	0	0.00596973	
1002.64	0	0.00561439	
992.162	0	0.0176502	
1008.18	0	0.0187112	
1020.75	0	0.0211544	
1011.93	0	0.0240941	
1003.31	0	0.0101263	
1012.71	0	0.0072919	
1049.07	0	0.00416458	
994.182	0	0.00237625	
1043.19	0	0.00288866	
1061.63	0	0.00260195	
999.985	0	0.0211456	
972.885	0	0.0260412	
995.776	0	0.00972675	
974.993	0	0.0128276	
999.869	0	0.0142822	
999.215	0	0.0122561	
1010.37	0	0.00160918	
1002.5	0	0.00351257	
989.701	0	0.0097537	
1001.26	0	0.00980943	
991.442	0	0.0143048	
1005.01	0	0.012445	
995.051	0	0.00570519	
1009	0	0.0199746	
999.087	0	0.0151487	
1004.42	0	0.00736105	
1040.92	0	0.00556665	
1018.97	0	0.00634842	
1007.78	0	0.118091	
1008.8	0	0.1862	
990.45	0	0.0227803	
987.985	0	0.0156115	
991.826	0	0.0040326	
989.324	0	0.0144231	
1055.73	0	0.00422381	
1050.26	0	0.00419367	
1014.83	0	0.0150134	
1010.51	0	0.00416228	
1025.73	0	0.0258621	
1011.63	0	0.0120436	
1004.21	0	0.0137726	
1008.49	0	0.00415087	
1066.87	0	0.00306221	
1074.48	0	0.0022096	
1005.04	0	0.00532966	
1005.41	0	0.00818782	
996.44	0	0.018153	
993.869	0	0.0126579	
991.779	0	0.0103217	
1007	0	0.00789155	
997.79	0	0.0140777	
994.888	0	0.00973948	
1006.65	0	0.0565388	
1003.33	0	0.0382754	
977.283	0	0.0690175	
992.307	0	0.0193351	
1009.98	0	0.0634773	
997.981	0	0.0526867	
1008.24	0	0.0223577	
1006.91	0	0.110845	
1013.53	0	0.00705859	
1011.48	0	0.0126326	
987.131	0	0.00795301	
987.706	0	0.00914181	
988.916	0	0.00752161	
982.52	0	0.00968297	
995.377	0	0.0078278	
986.483	0	0.012968	
997.729	0	0.0111011	
990.347	0	0.00887413	
989.105	0	0.00804704	
988.417	0	0.00777096	
993.649	0	0.0153294	
985.892	0	0.0171171	
996.525	0	0.0158267	
1000.79	0	0.0096515	
1003.79	0	0.00945159	
998.554	0	0.0102095	
1006.15	0	0.00721521	
1005.56	0	0.00802564	
1010.51	0	0.00746756	
996.477	0	0.00854451	
1020.86	0	0.0112923	
1010.02	0	0.0174876	
994.867	0	0.0170247	
1004.39	0	0.021748	
997.746	0	0.0155584	
995.789	0	0.0127187	
999.493	0	0.00374993	
994.644	0	0.00389904	
995.891	0	0.00395616	
990.516	0	0.0140382	
983.65	0	0.0188854	
990.118	0	0.0252835	
990.158	0	0.0268977	
1004.72	0	0.00525618	
1009.61	0	0.0146045	
1017.91	0	0.010143	
1007.59	0	0.00523126	
1001.53	0	0.00335646	
1036.29	0	0.00202531	
1049.32	0	0.00241102	
1030.19	0	0.00165751	
1048.26	0	0.00317912	
1054.64	0	0.00886535	
1043.11	0	0.00310345	
1039.26	0	0.00566819	
1051.81	0	0.00155351	
999.051	0	0.00636654	
989.383	0	0.0157838	
992.289	0	0.00483232	
971.473	0	0.0173413	
1000.86	0	0.0164949	
991.651	0	0.00784093	
1010.06	0	0.00268947	
991.545	0	0.0143698	
1010.68	0	0.0147251	
1008.39	0	0.0134572	
995.727	0	0.0104527	
997.214	0	0.0133221	
993.192	0	0.0171181	
1003.03	0	0.0073059	
998.519	0	0.014695	
1005.91	0	0.0126573	
994.676	0	0.0139089	
1004	0	0.0095197	
1001.32	0	0.0102414	
1007.5	0	0.00768339	
1056.11	0	0.00626777	
1028.28	0	0.00630249	
998.284	0	0.0149925	
1011.77	0	0.00460217	
1000.01	0	0.00411088	
1008.28	0	0.00638894	
1056.9	0	0.0018295	
1061.67	0	0.00354915	
1012.04	0	0.0214394	
995.56	0	0.0167617	
1005.7	0	0.00795654	
1011.19	0	0.00390628	
1016.83	0	0.0160269	
1006.25	0	0.0132316	
985.787	0	0.0129791	
983.366	0	0.0249082	
1043.44	0	0.00678716	
1056.15	0	0.00994368	
1004.65	0	0.00924374	
1000.24	0	0.0125311	
990.417	0	0.0119121	
1008.68	0	0.0512305	
999.509	0	0.015136	
996.08	0	0.0114134	
1010.75	0	0.0421463	
998.758	0	0.041437	
1007.91	0	0.0738073	
989.28	0	0.0044922	
986.207	0	0.0197314	
1006.13	0	0.0111607	
1008.89	0	0.0178144	
998.595	0	0.0234642	
992.086	0	0.00412241	
988.831	0	0.014775	
987.86	0	0.00803251	
992.581	0	0.00267453	
991.936	0	0.0150294	
990.419	0	0.0243451	
992.012	0	0.0140583	
988.226	0	0.018915	
1029.11	0	0.00278486	
1006.29	0	0.00713458	
992.851	0	0.017384	
990.839	0	0.0158558	
1004.69	0	0.00758151	
993.587	0	0.0205447	
999.629	0	0.0161807	
1002.61	0	0.00694866	
1002.2	0	0.0110547	
986.5	0	0.00754897	
989.982	0	0.014297	
994.351	0	0.0112512	
1013.07	0	0.0270662	
984.938	0	0.00827869	
998.179	0	0.0328712	
991.969	0	0.0123199	
1057.55	0	0.00717288	
1013.73	0	0.0027479	
983.864	0	0.010333	
1001.66	0	0.0112859	
1007.69	0	0.00749087	
1004.03	0	0.0131933	
992.182	0	0.0177277	
995.635	0	0.00602824	
990.597	0	0.0121447	
978.508	0	0.00802204	
993.901	0	0.0096839	
977.525	0	0.0137434	
1008.91	0	0.00402071	
1010.08	0	0.0148141	
995.867	0	0.0224157	
998.979	0	0.0121283	
983.476	0	0.0216655	
1014.23	0	0.0153833	
997.588	0	0.0241412	
1000.92	0	0.00732924	
997.284	0	0.0144336	
1006.65	0	0.00627496	
997.328	0	0.0116575	
1003.94	0	0.0063799	
995.387	0	0.00385459	
991.823	0	0.00415229	
1030.45	0	0.00171121	
993.025	0	0.0028877	
1005.82	0	0.00319592	
992.767	0	0.0324143	
1006.54	0	0.0120347	
1005.69	0	0.00506942	
1007.7	0	0.00254944	
1009.79	0	0.00309457	
996.69	0	0.0298818	
996.989	0	0.00977867	
997.373	0	0.01954	
982.47	0	0.0239472	
992.96	0	0.0145783	
1001.33	0	0.027886	
998.333	0	0.0463906	
1009.96	0	0.0124075	
977.923	0	0.175974	
1019.27	0	0.00390562	
987.068	0	0.0265148	
1000.94	0	0.0183799	
997.256	0	0.0295817	
990.525	0	0.012082	
992.438	0	0.0210349	
986.855	0	0.0153174	
1004.26	0	0.0226202	
1047.14	0	0.00880394	
1051.29	0	0.0100016	
1008.84	0	0.0116342	
997.029	0	0.0152125	
999.28	0	0.0173471	
1013.34	0	0.0156376	
988.45	0	0.025444	
987.979	0	0.00662743	
995.636	0	0.0120403	
996.516	0	0.020428	
1015.67	0	0.00526568	
995.99	0	0.00555922	
1000.64	0	0.0175705	
913.364	0	0.00641304	
990.099	0	0.00291641	
986.731	0	0.0229178	
991.375	0	0.0118989	
994.314	0	0.00893017	
995.351	0	0.00486088	
993.171	0	0.00362972	
989.643	0	0.00665429	
994.403	0	0.00492768	
1015.48	0	0.00536733	
986.256	0	0.0128469	
980.994	0	0.0120847	
1002.02	0	0.0159396	
993.483	0	0.0158412	
995.012	0	0.00587578	
1001.52	0	0.00746881	
1010.09	0	0.0219029	
998.858	0	0.0178833	
997.612	0	0.0146099	
1000.24	0	0.00972518	
1001.12	0	0.0158941	
1003.69	0	0.0128976	
997.591	0	0.0217713	
1001.37	0	0.0121046	
1004.76	0	0.0073562	
1008.19	0	0.00777125	
994.28	0	0.00367161	
990.692	0	0.0072703	
988.304	0	0.00224982	
939.951	0	0.0037278	
1009.92	0	0.0195801	
991.11	0	0.0200927	
1000.89	0	0.0204351	
1002.62	0	0.00964728	
1007.3	0	0.00253952	
1006.51	0	0.00372312	
994.182	0	0.0346204	
996.434	0	0.0131195	
988.863	0	0.0238276	
1001.48	0	0.00926878	
991.788	0	0.0214673	
1022.63	0	0.00667905	
1009.87	0	0.0205844	
997.503	0	0.0183315	
978.904	0	0.0132813	
995.94	0	0.0041697	
1008.01	0	0.0142903	
985.247	0	0.0146103	
971.042	0	0.061684	
998.078	0	0.0145119	
983.766	0	0.0132078	
1003.75	0	0.0108078	
991.483	0	0.00673224	
1018.68	0	0.00377502	
992.153	0	0.00945597	
971.611	0	0.0167485	
997.89	0	0.0133815	
1000.59	0	0.00399076	
1003.26	0	0.0186503	
994.515	0	0.0188666	
988.52	0	0.0303596	
1000.91	0	0.0103779	
978.916	0	0.00618532	
1005.53	0	0.0204292	
831.483	0	0.00534119	
1025.07	0	0.00675902	
994.65	0	0.00532675	
997.64	0	0.00276425	
997.496	0	0.0182971	
997.544	0	0.0210718	
985.961	0	0.0146285	
1010.34	0	0.0100372	
1001.24	0	0.0212921	
1000.85	0	0.0353971	
1021.85	0	0.00827514	
1014.99	0	0.0236898	
1008.88	0	0.00322221	
992.058	0	0.0065788	
991.377	0	0.02041	
995.452	0	0.0186006	
1001.09	0	0.010373	
996.807	0	0.0151169	
997.07	0	0.0141014	
994.875	0	0.00700703	
1010.85	0	0.0212489	
1003.15	0	0.00590792	
982.744	0	0.00848647	
979.366	0	0.0112635	
978.299	0	0.0181715	
987.186	0	0.0243269	
986.161	0	0.00506712	
991.88	0	0.0138175	
900.906	0	0.00375701	
1046.08	0	0.00372523	
992.157	0	0.0238742	
1004.83	0	0.0139921	
992.132	0	0.00400335	
993.987	0	0.0155626	
992.071	0	0.00608118	
998.024	0	0.0138043	
975.606	0	0.00731753	
1014.02	0	0.00701014	
981.686	0	0.00840348	
986.254	0	0.00755932	
997.042	0	0.0229033	
992.209	0	0.0120031	
987.723	0	0.0124166	
991.712	0	0.0125595	
980.593	0	0.009253	
987.826	0	0.00772332	
998.892	0	0.0103161	
1000.11	0	0.012732	
984.555	0	0.0114355	
1010.35	0	0.00976496	
1000.52	0	0.00407783	
981.417	0	0.00664166	
1002.66	0	0.0173389	
1004.18	0	0.0127175	
950.317	0	0.0916669	
970.077	0	0.179228	
951.581	0	0.0164697	
987.643	0	0.16386	
972.915	0	0.216284	
957.18	0	0.0451439	
958.516	0	0.0403204	
963.373	0	0.0626187	
1004.46	0	0.114817	
977.239	0	0.0834185	
1011.63	0	0.0147627	
994.739	0	0.0194076	
999.865	0	0.0136613	
992.756	0	0.0169483	
981.666	0	0.00886147	
978.694	0	0.0208539	
1003.79	0	0.0118171	
991.744	0	0.0218333	
1020.88	0	0.0100553	
1014.12	0	0.0154784	
932.318	0	0.0263346	
1007.31	0	0.0225265	
1035.88	0	0.00634457	
1028.49	0	0.0133965	
998.892	0	0.0146214	
996.351	0	0.0179816	
1014.1	0	0.0227445	
998.582	0	0.0119486	
995.52	0	0.0167916	
1000.91	0	0.0191395	
1004.79	0	0.0194024	
994.437	0	0.0254564	
988.482	0	0.0151238	
966.415	0	0.00815578	
985.229	0	0.0124632	
991.184	0	0.022786	
1015.52	0	0.0030518	
1024.69	0	0.00535779	
903.684	0	0.00484853	
959.583	0	0.00993283	
1004.66	0	0.00325516	
1027.57	0	0.00723329	
997.448	0	0.0143543	
1004.86	0	0.0247247	
992.13	0	0.0126534	
999.832	0	0.0183415	
991.13	0	0.0237518	
988.563	0	0.00889101	
995.427	0	0.0178882	
989.226	0	0.0242524	
1002.65	0	0.00511757	
1001.54	0	0.0157029	
1002.22	0	0.0131718	
994.236	0	0.012183	
1055.26	0	0.00560588	
1040.99	0	0.0134691	
1026.03	0	0.0191513	
1038.64	0	0.0100319	
994.234	0	0.00812498	
946.228	0	0.0250402	
1010.83	0	0.0144739	
1001.72	0	0.025663	
991.967	0	0.0318449	
1009.25	0	0.0299757	
991.104	0	0.00390264	
989.536	0	0.00833323	
987.002	0	0.00563481	
988.577	0	0.00890338	
1030.18	0	0.00336208	
1011.23	0	0.00638114	
937.407	0	0.00754362	
833.852	0	0.0155248	
998.408	0	0.0106411	
1006.44	0	0.0122829	
995.149	0	0.0159894	
995.083	0	0.020052	
985.158	0	0.0146916	
987.319	0	0.0209709	
1002.54	0	0.0157954	
996.711	0	0.0223704	
1007.68	0	0.011286	
994.213	0	0.0110759	
981.917	0	0.00739632	
996.652	0	0.0190157	
1058.68	0	0.00195761	
1054.52	0	0.00212423	
882.373	0	0.0110381	
991.967	0	0.00728598	
1003.15	0	0.00936418	
1005.24	0	0.00541132	
1003.52	0	0.0158766	
998.583	0	0.0107215	
984.868	0	0.0178873	
1003.58	0	0.0177559	
984.957	0	0.00566345	
1004.21	0	0.0336583	
991.952	0	0.00978307	
1002.79	0	0.0120366	
1004.33	0	0.0202567	
1003.8	0	0.0174744	
1016.17	0	0.00873274	
998.653	0	0.0225239	
999.091	0	0.00268988	
1000.17	0	0.00237168	
1012.04	0	0.0123024	
987.137	0	0.0201503	
993.273	0	0.011528	
1010.53	0	0.119839	
984.568	0	0.0199819	
1008.37	0	0.00919788	
1017.58	0	0.015061	
984.141	0	0.0236172	
998.709	0	0.00560448	
998.756	0	0.00854509	
993.718	0	0.0212942	
996.91	0	0.0251366	
1003.45	0	0.0170081	
997.533	0	0.0176671	
1004.57	0	0.0113471	
994.615	0	0.0278097	
999.472	0	0.0148716	
1003.28	0	0.0199284	
1026.04	0	0.00911748	
1035.26	0	0.0137696	
998.029	0	0.0173679	
1003.99	0	0.0221251	
1002.25	0	0.0147509	
1001.63	0	0.0181775	
1000.96	0	0.0172832	
999.911	0	0.0187961	
1008.32	0	0.002861	
1001.71	0	0.00586365	
1020.6	0	0.0064334	
1057.78	0	0.00846488	
996.284	0	0.0160158	
992.959	0	0.0130444	
1004.34	0	0.0139914	
1006.87	0	0.0161701	
995.653	0	0.0141919	
996.316	0	0.0121637	
1046.06	0	0.00544213	
1056.41	0	0.00750664	
990.448	0	0.00641598	
1009.28	0	0.0221549	
984.81	0	0.00435451	
985.102	0	0.00467556	
711.236	0	0.00819332	
726.727	0	0.00899149	
1005.96	0	0.0213839	
992.282	0	0.0719092	
1002.85	0	0.00753088	
993.891	0	0.00895094	
1010.96	0	0.0400745	
1008.18	0	0.0196644	
978.832	0	0.0301666	
973.532	0	0.0210636	
1029.24	0	0.0321614	
1020.87	0	0.0224718	
971.77	0	0.00932223	
974.086	0	0.00719111	
996.474	0	0.00466912	
219.966	0	0.0433787	
1004.38	0	0.0106457	
995.723	0	0.0346018	
1000.68	0	0.00213091	
995.888	0	0.0028058	
998.211	0	0.0354819	
996.193	0	0.017313	
997.747	0	0.0186897	
988.336	0	0.0125687	
1010.25	0	0.0126851	
1013.31	0	0.00334699	
995.958	0	0.00747551	
1016.77	0	0.00282317	
1008.98	0	0.0306207	
991.86	0	0.0161375	
1001.65	0	0.0177358	
998.553	0	0.0130498	
984.128	0	0.0148696	
981.249	0	0.0157819	
1002.53	0	0.0222456	
1052.07	0	0.00399546	
980.282	0	0.00907815	
996.415	0	0.0181439	
765.67	0	0.0122636	
997.252	0	0.00928768	
982.835	0	0.0269125	
988.273	0	0.012637	
994.971	0	0.00868261	
996.302	0	0.0104809	
1026.02	0	0.0167845	
1009.7	0	0.0150198	
989.976	0	0.0169816	
992.506	0	0.00381397	
994.58	0	0.00865341	
991.263	0	0.00472174	
992.273	0	0.0118333	
1018.46	0	0.00996529	
540	0	0.0219925	
1015.33	0	0.0302304	
993.426	0	0.0140214	
997.773	0	0.014891	
1007.65	0	0.00306605	
1004.89	0	0.00300016	
1003.41	0	0.0129535	
1003.52	0	0.0142344	
999.839	0	0.076177	
1006.58	0	0.0916578	
985.51	0	0.058741	
978.332	0	0.0152153	
988.009	0	0.0256526	
1000.87	0	0.0204575	
997.229	0	0.0239519	
1001.42	0	0.0268039	
1027.32	0	0.00745336	
1030.37	0	0.00607407	
1036.43	0	0.00784121	
1056.15	0	0.00735835	
996.136	0	0.00863151	
993.425	0	0.0147585	
991.561	0	0.0187375	
997.988	0	0.0198581	
985.891	0	0.0171659	
982.998	0	0.0279149	
999.252	0	0.0159818	
999.965	0	0.027213	
1011.3	0	0.00895427	
1013.89	0	0.0176143	
982.207	0	0.00684442	
996.977	0	0.0101872	
992.242	0	0.0218377	
982.039	0	0.0243173	
1015.38	0	0.015157	
1011.2	0	0.00760669	
997.349	0	0.0170279	
982.836	0	0.019782	
987.582	0	0.0119817	
983.63	0	0.0072293	
1017.54	0	0.00307629	
618.336	0	0.0115674	
992.603	0	0.018132	
992.723	0	0.0107732	
995.981	0	0.0159032	
1051.34	0	0.00631471	
994.016	0	0.00816325	
993.963	0	0.00657018	
1012.43	0	0.012683	
994.607	0	0.0316594	
992.305	0	0.0100032	
996.055	0	0.00859582	
988.289	0	0.00698738	
987.494	0	0.00650059	
992.797	0	0.0116379	
979.313	0	0.100795	
1002.57	0	0.022135	
994.183	0	0.00711895	
999.76	0	0.00856591	
989.55	0	0.00626351	
1001.41	0	0.0271376	
998.671	0	0.0180224	
954.562	0	0.0143809	
1003.74	0	0.03397	
1002.26	0	0.0276345	
988.493	0	0.0111872	
979.304	0	0.0985592	
974.684	0	0.0215913	
981.754	0	0.0101305	
995.142	0	0.00454891	
1001.22	0	0.0246487	
353.765	0	0.00970396	
1011.14	0	0.00759486	
995.09	0	0.0210962	
991.854	0	0.012427	
996.268	0	0.0350264	
991.359	0	0.0130389	
996.692	0	0.0313441	
973.945	0	0.0180385	
979.46	0	0.0179744	
251.389	0	0.0186391	
1020.37	0	0.0182001	
992.887	0	0.0127887	
989.429	0	0.00861128	
1017.21	0	0.00720291	
1022.02	0	0.0114694	
1000.33	0	0.0123126	
986.615	0	0.0260809	
1023.27	0	0.020041	
365.586	0	0.021917	
987.877	0	0.0145827	
987.537	0	0.0189818	
1012.42	0	0.0149615	
1005.51	0	0.0184523	
985.822	0	0.0363618	
996.507	0	0.038353	
996.758	0	0.0309501	
969.146	0	0.00571337	
972.203	0	0.00872135	
807.07	0	0.0101091	
985.619	0	0.0251868	
999.362	0	0.0122055	
990.782	0	0.0139479	
993.374	0	0.0101726	
999.016	0	0.0110623	
1007.02	0	0.00522788	
1015.86	0	0.0100947	
1003.64	0	0.0303265	
1011.72	0	0.0175172	
1073.18	0	0.00283676	
960.969	0	0.00764459	
980.229	0	0.138472	
1013.75	0	0.00535694	
1032.45	0	0.00428029	
955.529	0	0.0333644	
954.523	0	0.0455226	
967.337	0	0.0356118	
975.831	0	0.0552667	
991.101	0	0.0242907	
1004.37	0	0.00438075	
1009.66	0	0.00833874	
642.363	0	0.0146221	
1012.91	0	0.0259994	
1018.9	0	0.010306	
1035.34	0	0	
1015.33	0	0.00521686	
992.594	0	0.00931521	
987.392	0	0.00644243	
1011.46	0	0.00253793	
987.857	0	0.00857146	
1052.45	0	0.00968916	
976.713	0	0.0234302	
1005.51	0	0.0265204	
986.094	0	0.0162436	
1004.82	0	0.00723498	
992.021	0	0.00563384	
1012.73	0	0.0052183	
1024.66	0	0.0151186	
556.532	0	0.0250681	
996.75	0	0.0128232	
1011.46	0	0.0248086	
1002.42	0	0.0241131	
963.335	0	0.0381191	
988.976	0	0.00767716	
988.178	0	0.0097273	
988.481	0	0.0249411	
1025.26	0	0.00919117	
989.861	0	0.0112328	
987.282	0	0.0166137	
1008.83	0	0.006138	
985.68	0	0.0241211	
980.075	0	0.0124428	
985.405	0	0.0139176	
991.503	0	0.0270113	
988.966	0	0.0181269	
983.021	0	0.0217702	
994.961	0	0.0078544	
978.494	0	0.00764727	
986.363	0	0.0142685	
990.867	0	0.0116547	
1000.92	0	0.0103031	
146.294	0	0.0441887	
991.232	0	0.0102272	
994.171	0	0.0112457	
998.557	0	0.00812275	
984.533	0	0.00607305	
992.18	0	0.0131319	
1000.76	0	0.0118025	
974.221	0	0.0149163	
976.112	0	0.00609024	
137.775	0	0.0316968	
996.525	0	0.0123965	
991.054	0	0.0121218	
997.081	0	0.015434	
973.982	0	0.012839	
778.976	0	0.0159478	
996.728	0	0.00878476	
996.571	0	0.016605	
973.595	0	0.00865603	
991.67	0	0.0203033	
500.769	0	0.0264708	
989.365	0	0.0233898	
972.294	0	0.0128416	
984.753	0	0.00466788	
404.907	0	0.0163624	
645.226	0	0.0115287	
985.226	0	0.0108848	
980.261	0	0.0103731	
832.181	0	0.0119763	
912.907	0	0.0137816	
994.684	0	0.0143955	
995.617	0	0.00887705	
1004.58	0	0.00690032	
1038.52	0	0.0080669	
1004.74	0	0.018882	
1023.93	0	0.00676178	
953.494	0	0.0138061	
967.961	0	0.0308385	
983.45	0	0.0306487	
990.782	0	0.0188275	
993.25	0	0.00610473	
996.021	0	0.0106575	
988.529	0	0.0410093	
985.091	0	0.0208028	
989.664	0	0.0133809	
983.964	0	0.0111724	
989.874	0	0.0148432	
1001.88	0	0.0168204	
990.271	0	0.00574069	
974.23	0	0.0149251	
988.122	0	0.0082867	
975.376	0	0.0110198	
989.514	0	0.0130255	
973.443	0	0.0201332	
962.872	0	0.00920885	
1004.67	0	0.0256735	
628.572	0	0.0337084	
1017.85	0	0.00756176	
961.205	0	0.0133178	
971.28	0	0.0115309	
959.099	0	0.0279037	
972.777	0	0.0169573	
1013.57	0	0.0163943	
988.662	0	0.00404265	
1006.11	0	0.0168645	
992.71	0	0.013969	
975.805	0	0.00873543	
978.394	0	0.0147271	
388.236	0	0.00978073	
104.203	0	0.0425937	
992.311	0	0.00828876	
1024.35	0	0.0211556	
1024.14	0	0.00614848	
1027.72	0	0.0104602	
1005.53	0	0.00753143	
980.632	0	0.0102468	
975.81	0	0.00588397	
974.117	0	0.0180147	
150.742	0	0.0265608	
289.254	0	0.0180876	
1006.49	0	0.00151862	
1061.27	0	0.0138073	
977.311	0	0.00522364	
972.262	0	0.00599967	
743.314	0	0.0202856	
1012.47	0	0.0101753	
221.81	0	0.0249403	
301.158	0	0.0309781	
1074.24	0	0.00290434	
1034.9	0	0.00596513	
996.152	0	0.00709284	
989.229	0	0.00952484	
964.911	0	0.00909672	
956.112	0	0.0191783	
988.103	0	0.036058	
1012.43	0	0.00638176	
972.837	0	0.0114434	
976.663	0	0.00617292	
828.393	0	0.0137773	
1014.39	0	0.0157364	
995.084	0	0.0185695	
988.438	0	0.00976831	
1024.16	0	0.0078041	
56.6405	0	0.211322	
1025.65	0	0.00842807	
1007.28	0	0.0146003	
992.555	0	0.00967503	
985.167	0	0.0153555	
996.374	0	0.0130066	
993.046	0	0.0147496	
989.241	0	0.0101273	
979.657	0	0.00602327	
1019.51	0	0.0128499	
62.2238	0	0.219711	
985.758	0	0.00971642	
1040.35	0	0.0186281	
986.232	0	0.0164559	
992.237	0	0.00421686	
982.282	0	0.00369793	
979.688	0	0.00565125	
482.052	0	0.0222573	
1010.17	0	0.00898967	
1013.8	0	0.00730572	
992.275	0	0.00704002	
1001.75	0	0.00283803	
997.194	0	0.0056156	
973.148	0	0.00890783	
997.325	0	0.00388233	
954.389	0	0.0179518	
1019.93	0	0.0104722	
978.917	0	0.00615889	
49.4133	0	0.368586	
958.95	0	0.0105476	
960.901	0	0.0120398	
976.733	0	0.00618787	
975.472	0	0.0103659	
294.32	0	0.0313847	
790.092	0	0.0306216	
1064.5	0	0.00544461	
1007.78	0	0.00290361	
1005.12	0	0.00452963	
1009.24	0	0.00498172	
995.162	0	0.00985852	
985.534	0	0.020863	
1023.64	0	0.00398757	
474.547	0	0.0164465	
984.957	0	0.0127955	
1012.66	0	0.0134731	
985.584	0	0.0191229	
723.951	0	0.0223125	
982.425	0	0.00710945	
993.319	0	0.00525655	
997.027	0	0.01339	
1000.48	0	0.0157871	
1055.12	0	0.00606254	
1047.84	0	0.00476961	
992.115	0	0.0142157	
1021.45	0	0.00974333	
968.527	0	0.0118492	
990.477	0	0.00415613	
954.535	0	0.0106992	
987.972	0	0.00959116	
1005.31	0	0.00277518	
993.299	0	0.00206701	
1006.61	0	0.00174669	
999.467	0	0.0232878	
981.677	0	0.00889912	
975.535	0	0.00616655	
1007.56	0	0.00334218	
1014.55	0	0.00333568	
979.824	0	0.0142736	
1054.32	0	0.00517202	
1000.27	0	0.00707762	
1001.19	0	0.00796663	
999.935	0	0.0038974	
919.518	0	0.0120066	
1034.33	0	0.0180708	
982.06	0	0.0105357	
918.118	0	0.0203824	
499.393	0	0.0279672	
988.069	0	0.0179083	
990.064	0	0.0156126	
1011.7	0	0.00631192	
1014.98	0	0.0123301	
989.307	0	0.00430619	
990.107	0	0.01294	
1066.01	0	0.01027	
140.92	0	0.0257952	
982.404	0	0.0127403	
972.268	0	0.0097978	
1019.85	0	0.00487726	
971.263	0	0.0329497	
1018.84	0	0.00705058	
1042.01	0	0.00612154	
995.38	0	0.0334828	
977.953	0	0.0566094	
1004.8	0	0.00282249	
782.962	0	0.0114981	
41.2386	0	0.506515	
996.275	0	0.00632052	
989.325	0	0.00186434	
758.417	0	0.0166044	
196.427	0	0.0438706	
987.063	0	0.00221257	
538.619	0	0.0519133	
852.882	0	0.0273987	
985.862	0	0.0120282	
1007.75	0	0.00779868	
1012.87	0	0.00658774	
1001.98	0	0.00420302	
869.006	0	0.0263832	
60.2135	0	0.365311	
1035.34	0	0	
988.204	0	0.0121391	
1005.26	0	0.0178521	
1033.58	0	0.0063764	
1013.85	0	0.00247137	
1016.22	0	0.00303625	
999.655	0	0.00744267	
1005.76	0	0.00268585	
676.044	0	0.0149717	
890.845	0	0.00973427	
72.2519	0	0.615652	
498.394	0	0.0241328	
1027.33	0	0.00665361	
1073.72	0	0.00339544	
1006.25	0	0.00547764	
1051.1	0	0	
997.919	0	0.00389482	
1013.38	0	0.00901185	
1033.01	0	0.00371847	
1036.93	0	0.00734967	
681.584	0	0.0327011	
1006.99	0	0.00446445	
860.204	0	0.0120356	
832.571	0	0.0111783	
993.001	0	0.00744112	
1007.55	0	0.00530406	
991.978	0	0.002467	
985.363	0	0.00859653	
1029.5	0	0.00417864	
978.447	0	0.0117022	
1044	0	0.00489367	
1064.73	0	0.00517675	
1016.93	0	0.0239858	
993.559	0	0.00777714	
1039.69	0	0.0168407	
921.758	0	0.0256684	
1001.38	0	0.00677999	
1006.42	0	0.00635044	
990.683	0	0.00560533	
1002.48	0	0.00538493	
1045.39	0	0.00657265	
1007.62	0	0.00778052	
1049.81	0	0.00352352	
32.2379	0	1.25352	
1009.23	0	0.01032	
1067.77	0	0.00395621	
894.856	0	0.0148278	
993.725	0	0.00324677	
1064.53	0	0.00942567	
988.96	0	0.0130719	
981.806	0	0.00967092	
1000.32	0	0.0101595	
996.59	0	0.00274265	
986.274	0	0.00387481	
999.735	0	0.00266849	
986.26	0	0.00132518	
1051.05	0	0.00936021	
1035.34	0	0	
994.195	0	0.00195376	
980.976	0	0.00340767	
988.643	0	0.0204718	
998.923	0	0.00333257	
1007.27	0	0.00424983	
1035.23	0	0.0110955	
980.377	0	0.00809885	
331.993	0	0.0310491	
1036.67	0	0.00273044	
986.026	0	0.0154273	
1018.7	0	0.0195654	
994.596	0	0.0261306	
997.177	0	0.00616318	
996.521	0	0.00636508	
1025.63	0	0.00638685	
1035.54	0	0	
1069.65	0	0.00250931	
1009.06	0	0.00663248	
1029.44	0	0.00323327	
1038.44	0	0.0038087	
981.758	0	0.017597	
991.752	0	0.00578798	
1071.31	0	0.00237421	
1073.6	0	0.00240203	
1035.34	0	0	
1019.76	0	0.0120985	
1035.24	0	0	
1032.8	0	0.0108797	
980.959	0	0.010359	
1035.87	0	0	
1050.01	0	0.0113975	
1060.59	0	0.00445365	
1006.1	0	0.0187482	
1004.37	0	0.0102881	
1045.38	0	0.0124032	
976.374	0	0.0107994	
1066.48	0	0.0107536	
1073.49	0	0.0108349	
1058.9	0	0.0227473	
1034.85	0	0.0165447	
1064.83	0	0.00952265	
999.224	0	0.0140241	
1037.11	0	0.0155297	
1008.71	0	0.0197682	
1046.51	0	0.00934449	
1042.68	0	0.0114654	
1030.7	0	0.0097833	
1044.48	0	0.0112339	
1050.03	0	0.0104852	
1056.05	0	0.00882096	
997.692	0	0.00999347	
991.969	0	0.00829484	
989.267	0	0.0140339	
1043	0	0.0107065	
309.154	0	0.064985	
207.216	0	0.0788806	
993.07	0	0.00828168	
1003.23	0	0.0131433	
1005.91	0	0.00223333	
991.106	0	0.00546629	
993.859	0	0.0111435	
1007.59	0	0.00238598	
1033.83	0	0.00311952	
1028.46	0	0.00879495	
1021.09	0	0.00640136	
976.239	0	0.0110549	
1060.26	0	0.0113989	
877.297	0	0.00911512	
989.311	0	0.00817731	
731.072	0	0.0165542	
1060.19	0	0.00979803	
983.364	0	0.00325793	
1004.55	0	0.019554	
1005.53	0	0.0190972	
996.315	0	0.0105725	
1023.55	0	0.0278542	
259.669	0	0.0863394	
914.699	0	0.0114596	
1013.04	0	0.00350489	
992.442	0	0.00660565	
1001.98	0	0.00245951	
1024.32	0	0.00864138	
985.826	0	0.0146723	
993.799	0	0.00961966	
1012.23	0	0.00381586	
1015.45	0	0.00209461	
997.408	0	0.0165891	
1009.59	0	0.0128949	
992.641	0	0.00602515	
1003.28	0	0.0133451	
1012.19	0	0.0129162	
1052.95	0	0.00652816	
1010.67	0	0.00368123	
1021.28	0	0.0041527	
1003.02	0	0.00912016	
1023.79	0	0.0226548	
700.998	0	0.0187955	
991.814	0	0.0122202	
1045.51	0	0.0223478	
1032.19	0	0.0252908	
1007.59	0	0.00902601	
983.675	0	0.00161137	
1038.33	0	0.00262124	
1035.34	0	0	
997.014	0	0.00720424	
1037.46	0	0	
981.919	0	0.0149939	
1035.34	0	0	
972.773	0	0.0116059	
1044.76	0	0	
982.785	0	0.00438988	
993.127	0	0.0112401	
1037.27	0	0.00746956	
1023.47	0	0.00671183	
1035.34	0	0	
1043.22	0	0	
1035.34	0	0	
1034.81	0	0	
1019.41	0	0.00491033	
966.799	0	0.0151842	
1032.5	0	0.00579387	
1011.72	0	0.0104014	
1046.43	0	0.00985186	
1058.94	0	0.00784186	
1016.69	0	0.0224974	
1032	0	0.00980488	
1035.34	0	0	
1004.09	0	0.00434333	
1032.53	0	0.0105731	
1065.55	0	0.00788653	
1015.2	0	0.00357683	
883.826	0	0.0160127	
989.718	0	0.0356336	
1028.53	0	0.00635587	
985.535	0	0.00681588	
776.055	0	0.0181639	
947.983	0	0.00571743	
937.29	0	0.00861354	
981.927	0	0.0011106	
894.348	0	0.0148522	
988.359	0	0.00993732	
993.284	0	0.00606816	
1035.34	0	0	
1035.27	0	0	
1035.34	0	0	
1035.34	0	0	
1000.72	0	0.00571975	
1026.68	0	0.00456339	
972.866	0	0.0130507	
972.584	0	0.00769227	
959.874	0	0.00880757	
991.832	0	0.0144007	
998.938	0	0.0227764	
1035.34	0	0	
997.616	0	0.0191585	
1035.07	0	0	
428.261	0	0.0306417	
499.874	0	0.0335386	
671.791	0	0.0264587	
795.312	0	0.0163569	
1044.76	0	0	
1035.34	0	0	
989.917	0	0.00365644	
937.02	0	0.0087367	
1035.34	0	0	
1035.34	0	0	
1035.34	0	0	
1035.34	0	0	
974.152	0	0.00436273	
1026.28	0	0.0319731	
1042.4	0	0	
1039.58	0	0	
1035.34	0	0	
988.156	0	0.00590616	
1035.34	0	0	
1035.34	0	0	
1021.79	0	0.00292605	
1035.71	0	0	
915.741	0	0.0118869	
1035.34	0	0	
1052.19	0	0.0144048	
1046.94	0	0.0127106	
1035.24	0	0	
1024.1	0	0.00911699	
1035.34	0	0	
1035.34	0	0	
1036.4	0	0	
1035.61	0	0	
1035.34	0	0	
999.423	0	0.00844426	
1035.34	0	0	
1035.34	0	0	
984.769	0	0.00539044	
990.129	0	0.00337221	
1007.51	0	0.0155368	
991.715	0	0.00416087	
964.534	0	0.00485466	
1000.83	0	0.00545346	
1008.34	0	0.00696831	
1045.48	0	0.00960502	
993.963	0	0.009137	
999.203	0	0.0226021	
1035.31	0	0	
1025.38	0	0.00972032	
1035.34	0	0	
1002.69	0	0.00290906	
1035.34	0	0	
1035.34	0	0	
1036.17	0	0	
1035.28	0	0.0194248	
1036.46	0	0	
1035.34	0	0	
992.161	0	0.00621903	
1013.45	0	0.00183022	
1035.34	0	0	
1035.34	0	0	
985.599	0	0.0067145	
994.817	0	0.00768689	
992.556	0	0.00333297	
981.218	0	0.00393106	
1022.16	0	0.0203128	
1011.85	0	0.0128224	
1035.34	0	0	
1035.34	0	0	
992.246	0	0.00360333	
945.034	0	0.00756673	
1035.34	0	0	
1035.34	0	0	
1005.04	0	0.00333557	
1035.34	0	0	
986.505	0	0.00275607	
1011.81	0	0.00212356	
982.255	0	0.00274257	
984.186	0	0.00234909	
991.772	0	0.00438147	
991.653	0	0.00237223	
1018.78	0	0.00200054	
1021.66	0	0.00591852	
1027.77	0	0	
1004.47	0	0.00193091	
1014.32	0	0.00178059	
1035.34	0	0	
991.947	0	0.00214181	
1030.43	0	0	
1031.52	0	0.00369773	
1036.67	0	0.00838602	
1035.34	0	0	
1035.34	0	0	
990.492	0	0.00324934	
987.56	0	0.00176494	
1011.29	0	0.0154828	
1029.02	0	0	
1035.34	0	0	
983.879	0	0.00201329	
1035.34	0	0	
1035.34	0	0	
1036.47	0	0	
1035.34	0	0	
1035.34	0	0	
1035.34	0	0	
1036.87	0	0	
1035.54	0	0	
1005.54	0	0.0122374	
1000.27	0	0.00952166	
1035.34	0	0	
1027.41	0	0	
1028.72	0	0.00374807	
1037.32	0	0.00418045	
1035.34	0	0	
1035.34	0	0	
1035.34	0	0	
1035.54	0	0	
1035.34	0	0	
1035.34	0	0	
1025.8	0	0.00865929	
1025.42	0	0	
1035.34	0	0	
1035.34	0	0	
1032.72	0	0.00274877	
1035.66	0	0.0054688	
1021.66	0	0.00329718	
1035.34	0	0	
1033.59	0	0.00354367	
1034.76	0	0	
1035.34	0	0	
1035.34	0	0	
1035.34	0	0	
1035.34	0	0	
1035.34	0	0	
1035.34	0	0	
1035.34	0	0	
1035.34	0	0	
1035.34	0	0	
1035.34	0	0	
1035.34	0	0	
1035.34	0	0	
1035.34	0	0	
1035.34	0	0	
1035.34	0	0	
1035.34	0	0	
1035.34	0	0	
1035.34	0	0	
996.475	0	0.00275008	
997.259	0	0.00609723	
1035.34	0	0	
1035.34	0	0	
1035.34	0	0	
1035.34	0	0	
1031.78	0	0	
1035.29	0	0	
1035.34	0	0	
1035.34	0	0	
1032.23	0	0	
1035.34	0	0	
1035.34	0	0	
1035.28	0	0	
1035.34	0	0	
1035.34	0	0	
1034.82	0	0	
1035.34	0	0	
1035.34	0	0	
1035.34	0	0	
1035.34	0	0	
1035.34	0	0	
1035.34	0	0	
1035.34	0	0	
1035.34	0	0	
1035.34	0	0	
1035.34	0	0	
1035.34	0	0	
971.921	0	0.00299485	
990.494	0	0.00339973	
1035.34	0	0	
1035.34	0	0	
1035.34	0	0	
1035.34	0	0	
1035.34	0	0	
1035.34	0	0	
1021.71	0	0	
1035.21	0	0	
1033.17	0	0	
1035.27	0	0	
1035.34	0	0	
1035.34	0	0	
1035.34	0	0	
1035.34	0	0	
1035.34	0	0	
1035.34	0	0	
1035.34	0	0	
1035.34	0	0	
1035.34	0	0	
1035.34	0	0	
1035.34	0	0	
1035.34	0	0	
1035.34	0	0	
1035.34	0	0	
1035.34	0	0	
1035.31	0	0	
1035.34	0	0	
1035.34	0	0	
1035.34	0	0	
1035.34	0	0	
1035.34	0	0	
1035.34	0	0	
1035.34	0	0	
1035.34	0	0	
1035.34	0	0	
1035.34	0	0	
1035.34	0	0	
1035.34	0	0	
1035.34	0	0	
1035.34	0	0	
1033.83	0	0	
1035.34	0	0	
1035.34	0	0	
1035.34	0	0	
1035.34	0	0	
1035.34	0	0	
1035.34	0	0	
1035.34	0	0	
1035.34	0	0	
1035.34	0	0	
1035.34	0	0	
1035.34	0	0	
1035.34	0	0	
1035.34	0	0	
1035.32	0	0	
1035.31	0	0	
1035.34	0	0	
1035.34	0	0	
1035.34	0	0	
1035.34	0	0	
1035.34	0	0	
1035.34	0	0	
1035.34	0	0	
1035.34	0	0	
1035.34	0	0	
1035.34	0	0	
1035.34	0	0	
1035.33	0	0	
1031.93	0	0	
1034.06	0	0	
1035.34	0	0	
1035.34	0	0	
1035.34	0	0	
1035.34	0	0	
1035.34	0	0	
1035.34	0	0	
1034.49	0	0	
1033.64	0	0	
1035.34	0	0	
1035.34	0	0	
1035.34	0	0	
1035.34	0	0	
1035.34	0	0	
1035.34	0	0	
1035.34	0	0	
1035.34	0	0	
1035.34	0	0	
1035.34	0	0	
1035.34	0	0	
1035.34	0	0	
1035.34	0	0	
1035.34	0	0	
1035.34	0	0	
1035.34	0	0	
1035.34	0	0	
1035.34	0	0	
1035.34	0	0	
1035.34	0	0	
1035.34	0	0	
1035.34	0	0	
1035.34	0	0	
1035.34	0	0	
1035.34	0	0	
1035.34	0	0	
1035.34	0	0	
1035.34	0	0	
1035.34	0	0	
1035.34	0	0	
1035.34	0	0	
1035.34	0	0	
1035.34	0	0	
1035.34	0	0	
1035.34	0	0	
1035.34	0	0	
1035.34	0	0	
1035.34	0	0	
1035.34	0	0	
1035.34	0	0	
1035.34	0	0	
1035.34	0	0	
1035.34	0	0	
1035.34	0	0	
1035.34	0	0	
1035.34	0	0	
1035.34	0	0	
1035.34	0	0	
1035.34	0	0	
1035.34	0	0	
1035.34	0	0	
1035.34	0	0	
1035.34	0	0	
1035.34	0	0	
1035.34	0	0	
1035.34	0	0	
1035.34	0	0	
1035.34	0	0	
1035.34	0	0	
1035.34	0	0	
1035.34	0	0	
1035.34	0	0	
1035.34	0	0	
1035.34	0	0	
1035.34	0	0	
1035.34	0	0	
1035.34	0	0	
1035.34	0	0	
1035.34	0	0	
1035.34	0	0	
1035.34	0	0	
1035.34	0	0	
1035.34	0	0	
1035.34	0	0	
1035.34	0	0	
1035.34	0	0	
1035.34	0	0	
1035.34	0	0	
1035.34	0	0	
1035.34	0	0	
1035.34	0	0	
1035.34	0	0	
1035.34	0	0	
1035.34	0	0	
1035.34	0	0	
1035.34	0	0	
1035.34	0	0	
1035.34	0	0	
1035.34	0	0	
1035.34	0	0	
1035.34	0	0	
1035.34	0	0	
1035.34	0	0	
1035.34	0	0	
1035.34	0	0	
1035.34	0	0	
1035.34	0	0	
1035.34	0	0	
1035.34	0	0	
1035.34	0	0	
1035.34	0	0	
1035.34	0	0	
1035.34	0	0	
1035.34	0	0	
1035.34	0	0	
1035.34	0	0	
1035.34	0	0	
1035.34	0	0	
1035.34	0	0	
1035.34	0	0	
1035.34	0	0	
1035.34	0	0	
1035.34	0	0	
1035.34	0	0	
1035.34	0	0	
1035.34	0	0	
1035.34	0	0	
1035.34	0	0	
1035.34	0	0	
1035.34	0	0	
1035.34	0	0	
1035.34	0	0	
1035.34	0	0	
1035.34	0	0	
1035.34	0	0	
1035.34	0	0	
1035.34	0	0	
1035.34	0	0	
960.714	0	0.392593	
959.829	0	0.339059	
956.108	0	0.243972	
967.32	0	0.896085	
960.949	0	0.0756027	
966.016	0	0.287215	
954.414	0	0.142356	
970.922	0	0.0645946	
977.494	0	0.0366209	
974.678	0	1.42946	
979.982	0	1.87049	
957.266	0	0.257907	
986.859	0	0.0343869	
977.493	0	0.0859457	
971.014	0	0.112224	
951.623	0	0.0673665	
987.706	0	3.28079	
967.116	0	0.396253	
980.877	0	1.06248	
975.752	0	3.14127	
947.775	0	0.113694	
950.118	0	0.595925	
954.764	0	0.251278	
942.475	0	0.327426	
947.333	0	0.362819	
945.703	0	0.504294	
951.278	0	0.413707	
963.424	0	0.0804345	
938.574	0	1.0013	
935.794	0	1.0396	
937.305	0	0.871964	
930.069	0	3.70954	
940.407	0	0.506067	
941.866	0	0.38219	
935.56	0	0.561432	
954.727	0	0.321982	
960.264	0	0.221479	
943.377	0	0.247242	
940.759	0	0.412098	
948.569	0	0.508265	
969.723	0	0.176767	
967.811	0	0.128162	
941.4	0	0.3591	
963.453	0	0.296168	
945.109	0	0.230654	
956.243	0	0.462302	
963.747	0	0.163012	
978.771	0	0.0806631	
968.043	0	0.243086	
977.424	0	0.0665952	
986.462	0	0.0364379	
989.43	0	0.0634003	
981.929	0	0.152077	
979.741	0	0.0359325	
984.57	0	0.0535571	
994.844	0	0.0155333	
1000.64	0	0.0195319	
997.573	0	0.0354672	
989.788	0	0.0462025	
992.2	0	0.0237671	
950.19	0	0.91446	
969.704	0	0.135231	
993.669	0	0.0532581	
988.178	0	7.43688	
1007.91	0	0.00658704	
967.217	0	0.019734	
977.634	0	0.0401477	
998.836	0	0.066285	
1000.52	0	0.0552086	
958.189	0	0.0542421	
965.406	0	0.0247396	
962.549	0	0.26113	
942.091	0	0.0517859	
970.022	0	0.090695	
969.623	0	0.0974544	
966.947	0	0.0380671	
904.375	0	6.57108	
1003.2	0	0.0366689	
1007.34	0	0.0486748	
994.334	0	0.0538825	
976.177	0	0.101684	
964.886	0	1.49335	
914.04	0	1.53536	
944.447	0	0.0571659	
940.574	0	2.35158	
956.911	0	0.647902	
984.209	0	0.124855	
978.671	0	0.183992	
974.693	0	0.169388	
960.117	0	2.32282	
1003.97	0	0.0278964	
1008.78	0	0.0296849	
1010.34	0	0.0716668	
1009.88	0	0.110538	
1001.7	0	0.0736894	
1004.94	0	0.206393	
969.011	0	0.245068	
946.22	0	0.0873233	
982.49	0	0.0568167	
970.118	0	0.11123	
995.508	0	0.129351	
979.575	0	0.112207	
961.359	0	0.445644	
970.718	0	0.187893	
997.183	0	0.212271	
1003.47	0	0.445982	
982.212	0	2.34886	
975.886	0	0.597618	
981.764	0	1.54311	
998.341	0	0.00312499	
1000.15	0	0.0263347	
1009.31	0	0.0209566	
1011.72	0	0.0424852	
1012.07	0	0.0518348	
1011.07	0	0.0707091	
1007.49	0	0.0919874	
1005.2	0	0.278547	
1001.56	0	0.0583331	
994.131	0	0.152304	
994.018	0	0.108342	
998.26	0	0.0594247	
1006.41	0	0.0820352	
1008.58	0	0.134475	
1003.62	0	0.10792	
1005.62	0	0.0775952	
1003.22	0	0.371956	
990.798	0	0.102885	
1008.78	0	0.0742871	
1009.16	0	0.0982397	
1008.61	0	0.0959875	
1006.9	0	0.122151	
988.17	0	0.212959	
993.029	0	0.41734	
993.506	0	0.100981	
999.537	0	0.136275	
988.607	0	0.204727	
998.091	0	0.140116	
1006.85	0	0.334173	
1000.55	0	0.394562	
1006.51	0	0.182612	
1005.29	0	0.154155	
1004.29	0	0.754653	
1002.06	0	0.146384	
1005.77	0	0.319527	
1003.5	0	0.017954	
1006.14	0	0.0126541	
999.938	0	0.0222111	
1002.54	0	0.093622	
1008.2	0	0.0101958	
1008.98	0	0.00569399	
1012.59	0	0.0241146	
1011.37	0	0.0441281	
1011.74	0	0.0454954	
1010.39	0	0.0391559	
1009.35	0	0.0663343	
1009.62	0	0.0992748	
1008.83	0	0.0892698	
1008.31	0	0.0959522	
1011.12	0	0.0118813	
1012.23	0	0.0142535	
1010.53	0	0.0119403	
1013.52	0	0.0303978	
1007.02	0	0.0454394	
1008.21	0	0.058711	
1005.47	0	0.0399684	
1006.04	0	0.0612102	
1009.39	0	0.0586643	
1007.97	0	0.070549	
1011.61	0	0.0172368	
1013.83	0	0.0141979	
1004.99	0	0.0319852	
1003.17	0	0.0510284	
1002.19	0	0.0468662	
1001.84	0	0.0518341	
1009.87	0	0.0984048	
1001.5	0	0.28187	
1010.19	0	0.0545974	
1013.6	0	0.112118	
1006.7	0	0.0467339	
1001.62	0	0.0212637	
1007.92	0	0.0615387	
1004.54	0	0.0456043	
999.364	0	0.0378204	
1000.65	0	0.0615821	
1010.86	0	0.0535088	
1007.3	0	0.0745366	
999.287	0	0.279789	
1012.94	0	0.121997	
1001.76	0	0.0379996	
996.492	0	0.030541	
1014.62	0	0.219055	
1008.22	0	0.0320428	
1002.88	0	0.116255	
1008.67	0	0.0671085	
1003.97	0	0.105767	
1003.52	0	0.361376	
1008.89	0	0.0727264	
1009.77	0	0.059387	
1010.16	0	0.0952069	
1014.37	0	0.095812	
1000.59	0	0.194142	
1011.89	0	0.0929019	
1005.56	0	0.120404	
998.831	0	0.944633	
1001.38	0	0.190629	
1002.09	0	1.03328	
1002.4	0	0.389056	
1008.16	0	0.0433152	
1010.01	0	0.0755105	
1005.74	0	0.0497363	
1006.68	0	0.0974883	
1007.09	0	0.167973	
1008.63	0	0.0893198	
1012.11	0	0.141245	
1009.08	0	0.104994	
1009.64	0	0.15815	
1008.53	0	0.112068	
1009.12	0	0.0939311	
1008.14	0	0.0475005	
1010.62	0	0.155854	
1008.17	0	0.0874912	
1008.38	0	0.125312	
1005.86	0	0.454773	
1006.56	0	0.261503	
1007.5	0	0.0562211	
1014.64	0	0.150569	
1001.08	0	0.0505397	
1014.85	0	0.104137	
1015.48	0	0.409252	
1010.37	0	0.0481172	
1005.85	0	0.146685	
1006.29	0	0.0769157	
1004.03	0	0.0399902	
1020.92	0	0.0726413	
1025.36	0	0.0503485	
1011.42	0	0.0562931	
1016.46	0	0.235821	
1019.46	0	0.137593	
994.029	0	0.0270948	
948.159	0	0.20832	
987.088	0	0.0443603	
977.968	0	0.203085	
999.677	0	0.0374146	
1012.18	0	0.0274364	
1009.79	0	0.0311167	
1011.65	0	0.0274528	
1007.98	0	0.0427409	
1010.38	0	0.0255384	
1006.74	0	0.0325175	
999.556	0	0.0273721	
1004.39	0	0.0296829	
1000.1	0	0.0227691	
1000.42	0	0.0371028	
998.994	0	0.0222249	
997.349	0	0.0267157	
1002.8	0	0.0180908	
1001.29	0	0.0212256	
993.737	0	0.0236947	
992.463	0	0.0589115	
995.535	0	0.0354094	
997.51	0	0.0745954	
946.863	0	0.0419341	
949.864	0	0.165007	
1012.18	0	0.013044	
1005.37	0	0.0323692	
1006.71	0	0.0236614	
1009.97	0	0.0244071	
993.956	0	0.0277046	
992.392	0	0.0302637	
1005.34	0	0.0343546	
996.444	0	0.0175454	
989.907	0	0.0263177	
993.406	0	0.029381	
946.706	0	0.413506	
965.577	0	0.209018	
993.166	0	0.0316025	
976.963	0	0.116122	
990.476	0	0.0202428	
987.635	0	0.0594829	
1015.96	0	0.0607981	
1011.3	0	0.0809676	
1004.25	0	0.0577217	
1001.13	0	0.0315616	
998.31	0	0.0420184	
997.925	0	0.0378703	
999.513	0	0.0409429	
1007.75	0	0.0751231	
999.356	0	0.032589	
1003	0	0.0319725	
1018.79	0	0.0375217	
1025.21	0	0.0394852	
1013.75	0	0.0373415	
1018.26	0	0.0274015	
1031.13	0	0.0474903	
1012.12	0	0.0177793	
1008.71	0	0.0426678	
1009.36	0	0.0304371	
1014.84	0	0.0181768	
1021.85	0	0.0199603	
1026.09	0	0.0337975	
1037.58	0	0.11875	
1022.37	0	0.111596	
1020.34	0	0.0812167	
1014.53	0	0.0154872	
1025.15	0	0.0230932	
1024.8	0	0.0550866	
1005.92	0	0.0241925	
1000.53	0	0.0101074	
1011.13	0	0.0135045	
1030.61	0	0.0311101	
1031.65	0	0.0252874	
1035.21	0	0.181691	
1027.42	0	0.0226985	
1033.93	0	0.03098	
1001.59	0	0.0167011	
998.544	0	0.0158095	
1003.65	0	0.0111441	
1008.81	0	0.0138386	
1019.39	0	0.0185259	
1029.69	0	0.0217703	
997.698	0	0.00821408	
1004.25	0	0.012929	
1003.63	0	0.0105403	
1011.36	0	0.0113563	
1024.79	0	0.023707	
1017.21	0	0.0146016	
994.997	0	0.0121978	
995.957	0	0.0132683	
1000.55	0	0.0127322	
1002.33	0	0.0124668	
1018.09	0	0.0117148	
1020.71	0	0.0164339	
1030.99	0	0.019129	
1036.56	0	0.0265945	
994.416	0	0.0143093	
986.855	0	0.0177137	
993.444	0	0.0183427	
990.99	0	0.0159904	
1013.36	0	0.00831877	
1034.6	0	0.0223768	
1040.05	0	0.0244237	
1034.5	0	0.0384643	
1031.69	0	0.200341	
1033.65	0	0.0302485	
1004.26	0	0.0100195	
1010.25	0	0.00981703	
1022.22	0	0.0142569	
1026.66	0	0.0160002	
1039.32	0	0.0301018	
1037.36	0	0.0525222	
1031.85	0	0.0398235	
1033.78	0	0.0617582	
1002.87	0	0.00661664	
1003.88	0	0.00750524	
1012.44	0	0.00782119	
1008.04	0	0.0102475	
1020.15	0	0.00994458	
1031.39	0	0.00685558	
1006.25	0	0.0119823	
1025.4	0	0.00728415	
998.464	0	0.0103569	
987.711	0	0.0292923	
993.498	0	0.00973243	
997.047	0	0.0102386	
1037.19	0	0.0113438	
1034.23	0	0.0118402	
1026.58	0	0.00667669	
1032.62	0	0.00987513	
1041.17	0	0.0558359	
1040.93	0	0.0269972	
1037.65	0	0.00556092	
1039.15	0	0.0177834	
1040.16	0	0.0218113	
1040.57	0	0.024887	
1042.13	0	0.0287813	
1037.74	0	0.0179995	
1035.18	0	0.0073105	
1030.31	0	0.0204213	
1023.75	0	0.0102168	
1033.23	0	0.0098742	
1029.22	0	0.0231629	
1040.06	0	0.00771709	
1027.97	0	0.010868	
1031.51	0	0.00835492	
1032.4	0	0.0111668	
1030.49	0	0.0147723	
1031.89	0	0.0104232	
1034.97	0	0.0123661	
1028.81	0	0.0252578	
1035.9	0	0.0075179	
1034.74	0	0.00904271	
1025.89	0	0.0126015	
1036.12	0	0.00958289	
1031.92	0	0.00949198	
1034.84	0	0.0102249	
1022.04	0	0.00963466	
1021.73	0	0.00709178	
1038.82	0	0.00920382	
1037.66	0	0.00825437	
1033.3	0	0.0091855	
1038.99	0	0.0116151	
1038.02	0	0.0103018	
1029.45	0	0.0250816	
1023.1	0	0.0123404	
1027.32	0	0.00853776	
1033.74	0	0.010653	
1037.69	0	0.0105065	
1009.43	0	0.0120493	
1029.29	0	0.00789588	
1017.25	0	0.0105181	
1023	0	0.00869028	
970.46	0	0.155803	
975.847	0	0.100453	
946.852	0	0.0319698	
947.543	0	0.0339931	
1014.76	0	0.0334145	
1014.41	0	0.0121201	
1011.7	0	0.0330948	
1009.4	0	0.023574	
1022.84	0	0.0602166	
1031.14	0	0.0509862	
997.247	0	0.0166206	
1014.93	0	0.0123475	
1026.98	0	0.00616137	
1031.3	0	0.00908661	
962.867	0	0.334016	
960.061	0	0.255707	
1003.45	0	0.0138046	
1001.07	0	0.0148619	
1009.56	0	0.00661116	
1025.59	0	0.0093905	
963.369	0	0.107638	
966.084	0	0.138222	
1003.98	0	0.0137634	
1005.5	0	0.00625021	
1009.02	0	0.0143967	
1007.65	0	0.00775678	
1006.27	0	0.018567	
1004.3	0	0.0115227	
1023.43	0	0.0188757	
1014.61	0	0.0092912	
1038.91	0	0.0147472	
1035.44	0	0.00499808	
1038.62	0	0.018624	
1007.43	0	0.00904092	
1035.55	0	0.0602012	
1027.5	0	0.0319662	
1046.37	0	0.0312501	
1034.59	0	0.0662843	
1027.63	0	0.0237785	
1013.58	0	0.0163027	
1045.89	0	0.0400609	
1020.49	0	0.0286015	
1018.93	0	0.0182747	
1025.43	0	0.0322237	
1005.07	0	0.0209541	
1015.01	0	0.0295015	
1019.93	0	0.0372828	
1029	0	0.0174911	
1012.92	0	0.0387102	
1007.1	0	0.0389544	
1036.54	0	0.0325408	
1042.15	0	0.153121	
1033.62	0	0.0229729	
1033.76	0	0.181885	
1025.81	0	0.0247856	
1035.09	0	0.0260913	
1019.36	0	0.0267157	
1024.66	0	0.0351566	
1039.61	0	0.0372058	
1034.97	0	0.048891	
1035.53	0	0.0722076	
1035.85	0	0.043417	
1027.93	0	0.0586167	
1039.33	0	0.0690111	
1042.87	0	0.0728281	
1033.84	0	0.0969337	
1039.85	0	0.0385998	
1035.33	0	0.0898282	
1037.27	0	0.0928892	
1036.02	0	0.0722002	
1039.52	0	0.0720849	
1038.63	0	0.0522127	
1034.35	0	0.15762	
1036.95	0	0.192257	
1029.67	0	0.10846	
1034.96	0	0.117155	
1013.2	0	0.0373197	
1034.5	0	0.161574	
1027.05	0	0.0501995	
1002.6	0	0.0461985	
1013.99	0	0.0859483	
1012.2	0	0.0549398	
1010.33	0	0.0123285	
998.357	0	0.0282594	
993.72	0	0.0377111	
1011.41	0	0.0324877	
1002.4	0	0.0247952	
998.746	0	0.107181	
1010.96	0	0.00210584	
1003.57	0	0.012774	
1000.71	0	0.0387469	
1009.65	0	0.00884579	
1010.77	0	0.00831058	
1010.36	0	0.00332389	
1011.82	0	0.00455159	
1010.5	0	0.00847528	
1011.09	0	0.00389661	
1012.25	0	0.00374172	
1011.67	0	0.00612124	
1011.64	0	0.00288489	
1009.71	0	0.00277836	
1011.81	0	0.00327692	
1011.04	0	0.00270152	
1011.59	0	0.0055161	
1011.73	0	0.00802663	
1008.29	0	0.0135963	
1009.48	0	0.00692518	
1012.03	0	0.00239013	
1009.73	0	0.0019309	
1008.68	0	0.00211435	
1009.51	0	0.00318268	
1011.18	0	0.00435817	
1011.84	0	0.00751691	
1009.94	0	0.0101103	
1011.42	0	0.0185484	
1006.62	0	0.00330519	
1009.98	0	0.00143832	
1007.46	0	0.00207941	
1001.98	0	0.0034066	
1008.01	0	0.00290545	
1009.15	0	0.00460247	
1008.69	0	0.00542799	
1010.12	0	0.00648534	
1011.71	0	0.00168322	
1011.15	0	0.00307282	
1006.05	0	0.00571147	
1001.8	0	0.00217108	
1008.07	0	0.00218945	
1004.13	0	0.00162099	
1005.73	0	0.00353343	
1008.55	0	0.00503974	
1010.51	0	0.00382584	
1008.34	0	0.00344453	
1002.19	0	0.0016431	
1005.74	0	0.00243652	
1005.23	0	0.00419343	
1006.58	0	0.00312439	
1004.29	0	0.00334855	
1005.17	0	0.0109533	
996.858	0	0.0207417	
1002.77	0	0.00852877	
1011.65	0	0.0101602	
1003.15	0	0.0141265	
1008.75	0	0.00667187	
1011.95	0	0.00941738	
1000.94	0	0.00163418	
1004.23	0	0.00179814	
1011.48	0	0.0108129	
999.422	0	0.0166495	
998.326	0	0.00249417	
997.685	0	0.00235541	
1004.7	0	0.0214841	
1008.03	0	0.0110203	
1005.57	0	0.00864439	
1008.65	0	0.00620074	
999.158	0	0.00276734	
1003.01	0	0.00297672	
1001.35	0	0.00393483	
996.115	0	0.00237811	
1008.51	0	0.0157538	
1004.69	0	0.0162647	
1005.11	0	0.00815414	
1002.94	0	0.00465292	
998.675	0	0.00250288	
999.936	0	0.00254889	
995.007	0	0.00264963	
997.928	0	0.00233413	
1008.28	0	0.0138007	
1001.5	0	0.00929252	
1001.11	0	0.00461974	
1006.12	0	0.00437787	
997.5	0	0.00254429	
995.043	0	0.00881382	
998.587	0	0.00683841	
998.555	0	0.0148323	
1001.22	0	0.0162533	
1001.68	0	0.0119016	
1003.46	0	0.00760425	
997.357	0	0.0140481	
999.417	0	0.00598708	
998.907	0	0.00242769	
998.689	0	0.0113693	
998.939	0	0.0107037	
997.827	0	0.0049787	
994.571	0	0.00451136	
991.665	0	0.00513031	
994.133	0	0.00330615	
1004.78	0	0.02751	
1007.01	0	0.00530472	
988.528	0	0.02499	
1013.22	0	0.0312249	
1046.38	0	0.0123789	
1036.12	0	0.0122382	
994.392	0	0.0594623	
995.312	0	0.0203496	
1038.87	0	0.0110186	
1034.52	0	0.014713	
1025.66	0	0.00937716	
999.898	0	0.00834881	
1010.84	0	0.0115449	
1017.6	0	0.0108153	
1013.52	0	0.0162063	
1017.34	0	0.0126246	
1007.18	0	0.00928176	
991.115	0	0.027408	
1009.38	0	0.0124223	
1008.69	0	0.0111739	
1006.6	0	0.00881873	
1011.68	0	0.00353073	
1004.83	0	0.0108684	
1009.03	0	0.0119407	
1013.34	0	0.00853351	
1006.99	0	0.00465461	
1008.79	0	0.00505894	
1005.85	0	0.0309622	
991.383	0	0.0172809	
1035.35	0	0.00533659	
1038.92	0	0.0104213	
1046.75	0	0.0271659	
1034.83	0	0.00548741	
1035.46	0	0.0115992	
1033.64	0	0.00498237	
1035.3	0	0.00459301	
1033.69	0	0.00910298	
1031.8	0	0.00944264	
1033.44	0	0.00792479	
1018.84	0	0.00632402	
1031.88	0	0.00848298	
1030.34	0	0.00823698	
1024.7	0	0.00751612	
1021.63	0	0.00734392	
1014.33	0	0.00529792	
1023.97	0	0.00498735	
1018.77	0	0.00965309	
1003.95	0	0.00628172	
1005.99	0	0.00615121	
1002.63	0	0.0113294	
1027.5	0	0.0116591	
1028.77	0	0.00833704	
997.209	0	0.00695212	
997.07	0	0.00668526	
1012.44	0	0.00662485	
1006.31	0	0.00664379	
998.932	0	0.00715579	
1000.33	0	0.0077016	
989.363	0	0.00610379	
997.083	0	0.0077393	
987.275	0	0.00908405	
1002.8	0	0.00331856	
996.479	0	0.00379785	
983.119	0	0.00595968	
992.504	0	0.0052106	
998.54	0	0.00501048	
998.385	0	0.0046009	
1000.18	0	0.00456665	
1002.95	0	0.00341064	
1011.91	0	0.00589876	
982.116	0	0.00616029	
1001.09	0	0.00554819	
1004.89	0	0.00458793	
1007.69	0	0.0042732	
1010.73	0	0.00924146	
1010.06	0	0.00416222	
986.738	0	0.00999419	
977.824	0	0.0308405	
1019.78	0	0.0123176	
1010.26	0	0.00949117	
1009.99	0	0.00681795	
1008.63	0	0.00384109	
1004.87	0	0.00413125	
1006.42	0	0.00449317	
1009.21	0	0.00601612	
1006.15	0	0.00393688	
1006.65	0	0.00520187	
1002.72	0	0.0054456	
1009.42	0	0.00410691	
1007.54	0	0.0031305	
1010.03	0	0.00538011	
1007.64	0	0.00290212	
1010.9	0	0.00859457	
1009.38	0	0.0065758	
1004.47	0	0.00816322	
1009.16	0	0.00967918	
1008.67	0	0.00382573	
998.224	0	0.0047664	
1008.55	0	0.0079796	
1008.84	0	0.0096954	
1009.37	0	0.00423962	
1003.9	0	0.00348296	
1006.46	0	0.00558949	
1006.37	0	0.00777124	
1004.79	0	0.00990318	
1000.38	0	0.00819027	
999.04	0	0.00416928	
989.096	0	0.00566898	
1009.09	0	0.00728287	
1001.68	0	0.00888661	
1007.22	0	0.0056059	
1002.88	0	0.00513689	
1002.48	0	0.00428352	
998.753	0	0.00588162	
1000.7	0	0.0080958	
991.387	0	0.0126406	
1013.02	0	0.00724772	
1010.37	0	0.00689559	
1005.39	0	0.00837805	
1006.38	0	0.0104177	
1010.58	0	0.0101697	
1007.42	0	0.0083816	
1005.42	0	0.00707256	
1001.51	0	0.00592378	
1001.91	0	0.00444182	
1004.31	0	0.00595958	
997.46	0	0.0035525	
996.446	0	0.00371561	
995.92	0	0.00412494	
993.631	0	0.00371196	
993.964	0	0.00391195	
994.874	0	0.00533328	
999.12	0	0.00852761	
988.028	0	0.011707	
992.505	0	0.00449029	
992.791	0	0.00503017	
992.069	0	0.00429697	
994.016	0	0.0046724	
993.715	0	0.00430858	
993.196	0	0.00415151	
990.759	0	0.00425588	
986.123	0	0.00721608	
992.845	0	0.00369847	
992.694	0	0.00732854	
992.381	0	0.00435494	
987.792	0	0.00672497	
993.145	0	0.00522568	
990.449	0	0.00977815	
998.517	0	0.00991348	
997.884	0	0.00791424	
984.174	0	0.00704709	
994.476	0	0.00840181	
998.722	0	0.00526971	
995.707	0	0.00693332	
1002.06	0	0.00687948	
992.954	0	0.00844895	
990.056	0	0.0100123	
985.73	0	0.00410323	
990.986	0	0.00402052	
991.721	0	0.00460364	
992.241	0	0.00510992	
988.61	0	0.00454834	
990.822	0	0.00556385	
992.13	0	0.00696357	
989.93	0	0.00692169	
993.803	0	0.00646912	
990.542	0	0.00744611	
987.668	0	0.00592825	
986.276	0	0.00427427	
989.234	0	0.00348473	
987.541	0	0.00676529	
990.918	0	0.00978461	
997.344	0	0.0086879	
982.456	0	0.00367975	
983.829	0	0.00670862	
983.82	0	0.00485752	
990.437	0	0.00560172	
982.555	0	0.00657035	
979.6	0	0.00871358	
974.786	0	0.0103696	
978.081	0	0.00455755	
987.328	0	0.00435332	
978.281	0	0.00700514	
990.276	0	0.0075505	
983.265	0	0.00511628	
981.208	0	0.00557553	
996.348	0	0.0118429	
987.557	0	0.0112448	
978.861	0	0.0144192	
998.974	0	0.0130206	
994.418	0	0.0129737	
1009.41	0	0.0115011	
953.183	0	0.0669408	
1002.23	0	0.01621	
978.429	0	0.0203108	
982.577	0	0.00814124	
972.116	0	0.0176284	
991.576	0	0.023608	
1002.93	0	0.00798711	
1009.12	0	0.00754746	
991.792	0	0.00965245	
1014.37	0	0.00551459	
1027.44	0	0.00420512	
999.385	0	0.0250869	
1016.18	0	0.0106907	
1027.37	0	0.00519847	
1036.39	0	0.00289641	
1012.15	0	0.00493968	
1014.93	0	0.0062929	
1033.99	0	0.00628641	
1049.5	0	0.030644	
1014.74	0	0.00608356	
1008.06	0	0.00441483	
1016.71	0	0.00710166	
1032.48	0	0.0110792	
1006.3	0	0.0186928	
1016.22	0	0.00451304	
1011.66	0	0.00546131	
1017.01	0	0.00775736	
1000.45	0	0.0103051	
1017.27	0	0.00959961	
1018.32	0	0.00465227	
1012.74	0	0.00656388	
1019.73	0	0.00425765	
1008.48	0	0.00400583	
1006.43	0	0.007455	
1018.01	0	0.0065626	
999.026	0	0.00910109	
1007.34	0	0.00467729	
1007.76	0	0.006163	
1014.88	0	0.00516707	
1001.39	0	0.00713805	
1000.17	0	0.00701493	
1006.56	0	0.00621869	
1004.09	0	0.0127424	
1010.57	0	0.00501242	
996.101	0	0.00535088	
1008.86	0	0.00610643	
1022.88	0	0.00570452	
1013.62	0	0.00571704	
1013.73	0	0.00496827	
1020.19	0	0.00486141	
1000.99	0	0.00641954	
990.6	0	0.00667494	
1009.88	0	0.00603173	
995.651	0	0.0105346	
1007.43	0	0.00877878	
999.103	0	0.00578413	
1008.95	0	0.00884837	
997.514	0	0.0058861	
1003.4	0	0.00519151	
996.445	0	0.0103504	
1001.14	0	0.010453	
999	0	0.0107785	
995.039	0	0.00679063	
1001.09	0	0.00829465	
992.751	0	0.00696818	
979.748	0	0.015108	
988.709	0	0.0107138	
1009.85	0	0.00479602	
996.876	0	0.00786733	
986.894	0	0.0115766	
988.795	0	0.00561216	
987.512	0	0.00961289	
973.094	0	0.0213516	
985.05	0	0.0236844	
977.019	0	0.0125862	
987.883	0	0.00930363	
969.751	0	0.0689587	
994.683	0	0.0129819	
1003.43	0	0.0129147	
991.46	0	0.017845	
1010.83	0	0.0109639	
1008.84	0	0.0155711	
1025.4	0	0.991054	
1019.83	0	0.299522	
1020.57	0	0.23029	
1019.53	0	0.508303	
1018.56	0	0.202929	
1022.43	0	0.232689	
1018.89	0	0.301248	
1023.18	0	0.542532	
1022.35	0	0.300406	
1023.36	0	0.11414	
1022.35	0	0.290094	
1020.72	0	0.192452	
1019.1	0	0.174131	
1012.88	0	0.248465	
1020.34	0	0.873999	
1014	0	0.17074	
1013.87	0	0.261233	
1007.66	0	0.0765131	
1006.19	0	3.65743	
1003	0	0.0822856	
994.928	0	0.878941	
1012.29	0	0.278115	
1007.75	0	0.989181	
1007.1	0	0.100208	
1014.62	0	0.210737	
1008.91	0	0.0909294	
997.629	0	0.391429	
997.327	0	2.3315	
1018.84	0	0.44523	
1016.93	0	0.229702	
1016.19	0	0.139152	
1012.71	0	0.113794	
1000.3	0	0.0603736	
980.878	0	1.90533	
1003.69	0	0.085666	
995.374	0	0.0720907	
1008.71	0	0.228568	
992.052	0	0.422438	
1009.01	0	0.219231	
997.514	0	0.0572893	
1004.84	0	0.0614907	
993.71	0	0.107948	
990.446	0	2.49223	
1012.78	0	0.196443	
1005.09	0	0.0206711	
998.988	0	2.25422	
987.339	0	0.236987	
1003.74	0	0.127708	
1000.25	0	0.142908	
1007.35	0	0.129989	
998.633	0	0.0889662	
1003.92	0	0.088025	
1000.79	0	0.0184438	
1000.93	0	0.0174672	
999.194	0	0.00568456	
994.859	0	0.0470329	
991.125	0	0.390133	
1014.72	0	0.163819	
1008.6	0	0.182238	
1002.33	0	0.0452588	
992.447	0	0.0647387	
992.756	0	0.141061	
997.625	0	0.0453817	
993.496	0	0.125441	
994	0	0.0471473	
991.562	0	0.148885	
988.652	0	0.167365	
994.648	0	0.16974	
979.003	0	0.149789	
983.866	0	0.150747	
985.888	0	0.103101	
1024.16	0	0.247504	
1021.24	0	0.135548	
1019.3	0	0.563631	
1027.98	0	0.127639	
1026.92	0	0.124009	
1025.93	0	0.0549754	
1017.53	0	0.045745	
1017.91	0	0.108483	
1019.44	0	0.131442	
1015.18	0	0.0934237	
987.612	0	0.263491	
992.087	0	0.884337	
990.659	0	0.110777	
990.169	0	0.158249	
994.869	0	2.53364	
991.666	0	0.263264	
993.215	0	0.672336	
990.174	0	0.399021	
990.694	0	0.676658	
985.421	0	2.77321	
992.808	0	1.9624	
981.331	0	5.67367	
987.399	0	0.795666	
993.584	0	0.0718917	
991.601	0	0.0839954	
1012.46	0	0.107148	
1005.51	0	0.0247784	
1016.62	0	0.121959	
1007.86	0	0.102189	
1011.04	0	0.202536	
1005.65	0	0.0871307	
981.397	0	0.202952	
978.851	0	0.180175	
1027.35	0	0.137404	
1023.15	0	0.255171	
1023.25	0	0.21354	
1037.81	0	0.191747	
1038.67	0	0.169786	
1035.35	0	0.139993	
1039.66	0	0.303616	
1033.75	0	0.0548794	
1034.07	0	0.0979293	
1035.02	0	0.394665	
1029.79	0	0.0921208	
1034.89	0	0.0831073	
1035.54	0	0.101078	
1025.97	0	0.0418139	
1027.32	0	0.0455622	
1031.16	0	0.0963955	
1019.23	0	0.0464609	
1036.89	0	0.199271	
1021.48	0	0.0412068	
1026.2	0	0.0535079	
1017.97	0	0.0426331	
1031.36	0	0.059	
1032.67	0	0.124656	
1012.07	0	0.0773398	
1011.08	0	0.0786566	
1020.1	0	0.092372	
1024.91	0	0.0895085	
1031.28	0	0.0539106	
1021.84	0	0.0920666	
1023.62	0	0.0489054	
1027.6	0	0.0749432	
1026.83	0	0.0751125	
1015.22	0	0.0549689	
1015.47	0	0.059661	
1013.53	0	0.0668207	
979.078	0	0.283794	
972.346	0	0.675989	
988.131	0	0.0462422	
987.097	0	1.20435	
984.465	0	0.146971	
978.524	0	0.493392	
986.933	0	0.695977	
982.335	0	0.228297	
976.302	0	0.4019	
985.117	0	0.438823	
981.608	0	0.164352	
982.619	0	0.214131	
978.105	0	0.185038	
968.624	0	0.469639	
965.265	0	0.32864	
987.948	0	0.265587	
968.806	0	0.251425	
1013.85	0	0.0674738	
1015	0	0.137248	
975.965	0	0.165512	
962.207	0	0.233027	
961.833	0	5.52779	
960.754	0	0.522803	
967.889	0	0.146267	
972.814	0	0.264118	
1006.33	0	0.0774771	
1010.53	0	0.100908	
962.754	0	0.128523	
964.156	0	1.17137	
963.751	0	0.400721	
1004.24	0	0.0660338	
993.134	0	0.0672818	
957.794	0	0.257337	
960.623	0	0.258577	
959.226	0	0.221532	
959.551	0	0.145204	
958.367	0	0.448058	
957.485	0	0.0512449	
957.804	0	0.118283	
958.385	0	0.059291	
958.451	0	0.0559357	
957.275	0	0.0578129	
957.966	0	0.0784081	
955.896	0	0.118844	
957.899	0	0.0555027	
957.276	0	0.0522177	
958.468	0	0.0936457	
959.543	0	0.0851223	
964.817	0	0.29516	
960.302	0	0.0806266	
975.584	0	0.170046	
966.045	0	0.107784	
963.412	0	0.120108	
969.835	0	0.0998966	
956.65	0	0.0480167	
960.186	0	0.0298165	
958.038	0	0.0329594	
957.74	0	0.0485497	
959.874	0	0.0296828	
959.267	0	0.0524216	
960.435	0	0.0491976	
958.595	0	0.0476667	
960.602	0	0.0309456	
959.117	0	0.0503457	
963.549	0	0.0415447	
962.637	0	0.0594508	
1002.11	0	0.0499611	
982.506	0	0.0789918	
1001.86	0	0.0436534	
1001.91	0	0.0707395	
1031.58	0	0.0939575	
1024.64	0	0.0677609	
1010.75	0	0.0705436	
1001.58	0	0.0546292	
1014.85	0	0.0568082	
1009.78	0	0.0420757	
977.822	0	0.0944421	
970.455	0	0.108735	
966.311	0	0.0645334	
968.394	0	0.0503977	
974.838	0	0.0212387	
958.725	0	0.0495033	
975.315	0	0.126269	
965.239	0	0.0556635	
1000.53	0	0.0546971	
995.213	0	0.0334852	
996.199	0	0.0158943	
996.207	0	0.0232533	
985.221	0	0.169059	
981.439	0	0.132304	
970.111	0	0.0877834	
961.035	0	0.119346	
988.571	0	0.0346241	
985.768	0	0.0959102	
967.42	0	0.0604399	
963.489	0	0.119247	
986.619	0	0.0315394	
981.761	0	0.0689826	
999.245	0	0.0182224	
1001.03	0	0.0106833	
1004.8	0	0.0100702	
993.928	0	0.0162952	
1017.39	0	0.0253231	
1029.95	0	0.0294875	
1025.72	0	0.0125589	
1021.79	0	0.0109457	
1027.6	0	0.0153106	
1017.84	0	0.0186931	
1026.05	0	0.0239726	
1001.15	0	0.104227	
1031.08	0	0.0279064	
1031.3	0	0.0487423	
1010	0	0.0232272	
1028.44	0	0.00641995	
1024.56	0	0.00810151	
1017.67	0	0.0115131	
1016.67	0	0.0147061	
1018.09	0	0.0134573	
1023.03	0	0.0141459	
1016.69	0	0.0172135	
1023.45	0	0.00892604	
1016.59	0	0.0145831	
1015.33	0	0.0101663	
1012.17	0	0.0184334	
1017.43	0	0.0121494	
1016.45	0	0.0125528	
1014.85	0	0.0123913	
1015.19	0	0.00950634	
1013.6	0	0.0101076	
1010.42	0	0.022076	
1011.47	0	0.0110634	
1016.4	0	0.00950305	
1018.62	0	0.0072347	
1012.48	0	0.00992168	
1016.6	0	0.0168722	
1012.91	0	0.00810293	
1012.99	0	0.0104423	
1010.36	0	0.00967746	
1006.3	0	0.0124319	
1014.09	0	0.0107611	
1010.09	0	0.00844615	
1018.03	0	0.0149966	
999.392	0	0.017322	
1005.76	0	0.0086828	
1018.87	0	0.032596	
1001.63	0	0.0156044	
998.091	0	0.0415733	
1023.66	0	0.0338388	
1016.4	0	0.0183371	
1016.03	0	0.00557043	
1013.19	0	0.00713129	
1001.64	0	0.0185148	
991.807	0	0.0114697	
1009.38	0	0.00884714	
1016.01	0	0.00986671	
1016.29	0	0.0138034	
1007.95	0	0.0148892	
1012.61	0	0.0144643	
1015.96	0	0.0144913	
1013.39	0	0.00944401	
1005.85	0	0.0106634	
1011.93	0	0.0119886	
1001.74	0	0.00784281	
1007.81	0	0.00732528	
1011.88	0	0.0133022	
1005.72	0	0.0125734	
998.838	0	0.013455	
1002.79	0	0.016641	
1004.99	0	0.0101501	
1000.33	0	0.0110502	
1008.01	0	0.0103244	
1000.55	0	0.013333	
1000.89	0	0.00697567	
997.026	0	0.0110739	
995.31	0	0.0157472	
981.932	0	0.028347	
988.348	0	0.00708704	
998.709	0	0.00956959	
993.658	0	0.0146622	
1000.39	0	0.0192952	
1000.77	0	0.0175383	
1002.48	0	0.0259268	
1002.29	0	0.0174197	
1006.73	0	0.0206506	
1004.39	0	0.027696	
981.768	0	0.0235027	
1015.95	0	0.0126163	
1011.52	0	0.0251089	
1006.13	0	0.0106635	
996.144	0	0.00657356	
1002.01	0	0.00772375	
996.087	0	0.00869599	
1008.03	0	0.00301811	
1016.46	0	0.00643646	
987.231	0	0.0112547	
1006.08	0	0.0071647	
1005.98	0	0.00588399	
1003.16	0	0.00402799	
1004.54	0	0.00484446	
1005.14	0	0.00569887	
1007.72	0	0.00651267	
1007.75	0	0.00472085	
1009.18	0	0.00672416	
1008.02	0	0.00668857	
1003.06	0	0.00624698	
1015.15	0	0.00486626	
1002.39	0	0.00484422	
1014.23	0	0.00875147	
1011.31	0	0.00464561	
1005.46	0	0.00576251	
983.524	0	0.00436115	
1004.92	0	0.00351347	
1013.73	0	0.0112425	
1010.96	0	0.00644096	
975.776	0	0.00531561	
986.031	0	0.0040729	
1004.15	0	0.00480561	
1005.47	0	0.00886262	
1006.92	0	0.00455369	
1009.98	0	0.00672396	
1012.5	0	0.00561755	
1006.33	0	0.00554205	
1010.1	0	0.00622159	
1010.24	0	0.00578664	
1009.16	0	0.00732792	
1007.62	0	0.0057631	
1007.69	0	0.00541936	
1009.3	0	0.00680704	
1009.07	0	0.0100378	
1006.45	0	0.00572218	
1006.86	0	0.00901916	
1002.58	0	0.00700975	
1004.46	0	0.00799711	
1010.04	0	0.0126692	
1008.32	0	0.0118127	
1007.11	0	0.0096235	
1003.82	0	0.00630973	
1008.79	0	0.00893707	
997.128	0	0.0145657	
1006.74	0	0.0089054	
1009.81	0	0.00842764	
1003.48	0	0.00743695	
1001.51	0	0.00733517	
996.082	0	0.0109292	
1002.45	0	0.00882344	
1008.75	0	0.00912888	
1011.5	0	0.01576	
1002.07	0	0.00792399	
1001.73	0	0.007742	
994.83	0	0.0150121	
990.587	0	0.0190913	
995.866	0	0.0370196	
991.282	0	0.0231219	
1005.92	0	0.0503314	
1010.8	0	0.00766884	
994.376	0	0.0176841	
991.41	0	0.0231963	
998.917	0	0.0242452	
993.372	0	0.0148874	
984.666	0	0.0156983	
987.157	0	0.0166674	
954.146	0	0.136314	
946.838	0	0.0377718	
947.738	0	0.0599422	
946.12	0	0.0346549	
948.256	0	0.0413654	
949.645	0	0.040682	
946.779	0	0.0393953	
948.067	0	0.0671192	
946.865	0	0.110763	
958.478	0	0.0284316	
949.798	0	0.0619879	
950.707	0	0.0957105	
947.045	0	0.0537436	
948.142	0	0.0420094	
1001.91	0	0.0125175	
991.768	0	0.0111378	
993.148	0	0.0083784	
1002.47	0	0.007537	
989.173	0	0.0219702	
994.525	0	0.0323437	
995.962	0	0.00262201	
992.604	0	0.00469943	
1008.66	0	0.00637711	
1013.27	0	0.0125809	
997.219	0	0.00973633	
989.389	0	0.012338	
999.908	0	0.00603549	
1003.82	0	0.00444495	
1002.33	0	0.00895272	
984.933	0	0.00917407	
990.57	0	0.00501622	
988.628	0	0.0131176	
975.97	0	0.0148543	
982.001	0	0.0077297	
994.114	0	0.00472727	
992.403	0	0.00925829	
975.302	0	0.0121418	
990.461	0	0.00849653	
974.182	0	0.0127602	
978.023	0	0.00807822	
1000.37	0	0.0689312	
1000.93	0	0.0729132	
1007.08	0	0.0560504	
989.76	0	0.0410577	
994.575	0	0.0704292	
991.986	0	0.0724936	
973.426	0	0.125259	
965.055	0	0.166365	
998.418	0	0.0809646	
991.898	0	0.0488077	
992.867	0	0.0639496	
989.538	0	0.034384	
998.2	0	0.0550606	
996.707	0	0.0310709	
988.076	0	0.0236848	
985.012	0	0.0302262	
994.103	0	0.0256415	
990.526	0	0.0111291	
988.042	0	0.0396157	
987.577	0	0.0177851	
998.956	0	0.0107589	
993.48	0	0.013412	
988.367	0	0.0145298	
985.834	0	0.0155096	
999.804	0	0.00833789	
999.179	0	0.00844471	
1000.25	0	0.00775822	
998.266	0	0.0115991	
994.267	0	0.00738821	
998.662	0	0.00976386	
989.407	0	0.0172538	
1001.74	0	0.0117808	
1001.36	0	0.0148521	
1004.78	0	0.0120869	
948.141	0	0.0379244	
949.042	0	0.0279052	
986.971	0	0.016361	
989.293	0	0.00759812	
991.408	0	0.00425888	
990.419	0	0.00536919	
995.863	0	0.0165743	
1004.6	0	0.00928149	
975.556	0	0.00805421	
993.54	0	0.00530611	
983.975	0	0.00422658	
986.004	0	0.00789556	
971.966	0	0.00511395	
977.807	0	0.0101788	
981.814	0	0.00852089	
979.735	0	0.00931559	
983.165	0	0.00543933	
982.906	0	0.00400088	
990.954	0	0.0117993	
999.555	0	0.00455458	
988.004	0	0.0124876	
983.198	0	0.0153059	
994.278	0	0.0123082	
990.975	0	0.00507392	
989.559	0	0.00692556	
985.57	0	0.0171049	
977.834	0	0.011323	
976.511	0	0.0036793	
980.283	0	0.00556563	
985.171	0	0.00640142	
1000.24	0	0.00872745	
1007.29	0	0.00290631	
999.313	0	0.00390442	
1002.68	0	0.00374908	
981.328	0	0.0162805	
987.57	0	0.0194527	
990.959	0	0.00611143	
988.86	0	0.0071035	
991.347	0	0.00780382	
990.102	0	0.0071057	
987.759	0	0.0106233	
987.381	0	0.0107066	
977.328	0	0.00270345	
983.184	0	0.00524088	
975.54	0	0.0136534	
975.393	0	0.00756123	
1003.8	0	0.00336824	
1003.39	0	0.00313795	
1004.21	0	0.00383858	
1006.5	0	0.00991022	
1002	0	0.00372041	
1006.75	0	0.00333997	
1009.04	0	0.00323006	
1008.28	0	0.00327744	
1003.38	0	0.00346359	
1006.87	0	0.00592884	
1002	0	0.00612982	
1004.5	0	0.0061424	
1014.24	0	0.00316366	
1012.56	0	0.00350944	
1006.25	0	0.00373513	
1012.55	0	0.00307622	
1010.43	0	0.00324001	
1005.68	0	0.00269812	
1012.54	0	0.00306085	
1012.18	0	0.00352806	
1005.69	0	0.00407325	
1005.36	0	0.00320194	
1009.71	0	0.00264674	
1006.25	0	0.00315171	
1014.52	0	0.00296114	
1011.17	0	0.00299154	
1016.48	0	0.00295458	
1043.84	0	0.00985464	
1021.86	0	0.00330608	
1015.18	0	0.00406583	
969.241	0	0.00421212	
976.26	0	0.00388202	
1022.43	0	0.00373705	
1017.45	0	0.00327844	
1026.36	0	0.00896341	
1029.63	0	0.00974403	
1018.42	0	0.00354005	
1024.69	0	0.00411895	
1013.9	0	0.00576423	
1019.98	0	0.00768923	
962.643	0	0.00628616	
972.347	0	0.00824777	
1000.44	0	0.0108284	
1018.12	0	0.012147	
954.429	0	0.106134	
952.723	0	0.0497768	
972.986	0	0.0583585	
990.355	0	0.106534	
993.46	0	0.00684863	
994.549	0	0.00606084	
989.271	0	0.00935473	
991.616	0	0.0147225	
986.005	0	0.00469196	
986.903	0	0.00694665	
980.404	0	0.00848305	
984.451	0	0.00701723	
980.466	0	0.00770525	
998.172	0	0.0070419	
969.506	0	0.0239881	
964.545	0	0.0525831	
972.559	0	0.0998814	
970.415	0	0.0660146	
992.63	0	0.00851254	
992.097	0	0.0124799	
995.449	0	0.014211	
998.146	0	0.0113201	
1004.29	0	0.0198324	
1008.36	0	0.00720744	
994.003	0	0.0146981	
986.384	0	0.0131432	
988.913	0	0.0209931	
989.111	0	0.0146256	
988.42	0	0.0263505	
983.236	0	0.0175242	
988.551	0	0.00936551	
990.484	0	0.00666355	
978.577	0	0.0449513	
991.074	0	0.0466285	
974.831	0	0.00755253	
1000.47	0	0.0144822	
975.698	0	0.00837882	
981.648	0	0.00684914	
1010.63	0	0.0736169	
1007.08	0	0.0494368	
988.268	0	0.0396568	
991.839	0	0.04108	
999.973	0	0.0405829	
997.858	0	0.0285312	
993.504	0	0.0104006	
991.595	0	0.0155307	
981.832	0	0.0455575	
968.701	0	0.0823754	
949.893	0	0.0337712	
948.276	0	0.0527406	
981.762	0	0.0328144	
988.056	0	0.0555918	
984.169	0	0.0261482	
981.804	0	0.0413686	
992.753	0	0.0102537	
991.582	0	0.00965576	
982.33	0	0.0184134	
984.589	0	0.0113473	
1024.7	0	0.00650055	
1032.4	0	0.00719489	
1021.98	0	0.00837246	
1028.28	0	0.0155628	
977.403	0	0.0117167	
975.485	0	0.00852493	
986.516	0	0.0526898	
968.544	0	0.062107	
1004.34	0	0.0206769	
997.235	0	0.0207644	
998.593	0	0.0156162	
994.522	0	0.019434	
984.996	0	0.0097268	
983.502	0	0.0103759	
986.818	0	0.0132408	
983.454	0	0.00824204	
991.269	0	0.00570435	
990.519	0	0.00683665	
994.259	0	0.0516682	
985.112	0	0.0456857	
980.883	0	0.0277492	
985.922	0	0.0370698	
982.074	0	0.010345	
995.09	0	0.0101725	
975.414	0	0.0104362	
984.406	0	0.0115046	
976.961	0	0.00755476	
980.489	0	0.0102578	
992.979	0	0.00405199	
990.519	0	0.0204212	
992.557	0	0.0106065	
991.859	0	0.01242	
995.156	0	0.0131533	
991.845	0	0.00760541	
991.943	0	0.0180894	
990.062	0	0.0121788	
994.306	0	0.0152481	
993.086	0	0.00923026	
985.554	0	0.0246793	
992.063	0	0.0121835	
978.906	0	0.043102	
974.51	0	0.0551565	
980.05	0	0.0215972	
986.864	0	0.0123216	
1022	0	0.00869942	
1032.63	0	0.00523644	
977.507	0	0.00515288	
982.387	0	0.00474514	
983.799	0	0.0116151	
984.737	0	0.010149	
985.985	0	0.017554	
987.118	0	0.0187144	
987.146	0	0.00784573	
986.762	0	0.00695352	
990.874	0	0.00926046	
996.745	0	0.00905687	
984.432	0	0.0065425	
992.677	0	0.0062274	
994.075	0	0.008607	
1000.31	0	0.00918577	
987.877	0	0.0380907	
992.747	0	0.0250205	
988.438	0	0.017358	
991.659	0	0.00653322	
986.699	0	0.00942659	
986.905	0	0.0070791	
987.97	0	0.00691222	
986.782	0	0.00820666	
984.611	0	0.00912239	
989.627	0	0.00511932	
998.118	0	0.00998252	
992.274	0	0.0117324	
985.143	0	0.0100732	
983.754	0	0.0171207	
991.794	0	0.00519356	
989.184	0	0.0075187	
1004.27	0	0.010671	
1020.5	0	0.0106389	
1005.33	0	0.0124944	
1014.73	0	0.0124547	
997.784	0	0.00486935	
1015.15	0	0.0114428	
991.901	0	0.0102627	
994.511	0	0.0040589	
993.953	0	0.00404936	
993.964	0	0.0058369	
996.95	0	0.0033064	
994.776	0	0.0042644	
1004.87	0	0.00548487	
1008.46	0	0.00762869	
996.924	0	0.00351382	
995.808	0	0.00437312	
992.504	0	0.00735368	
996.202	0	0.00500618	
1012.58	0	0.00897534	
1013.73	0	0.00699584	
1013.2	0	0.00445965	
1013.13	0	0.00341669	
1009.19	0	0.00693721	
1010.15	0	0.00950537	
991.237	0	0.0134107	
1012.16	0	0.0252942	
1001.97	0	0.0126129	
1000.95	0	0.0137525	
996.856	0	0.0839843	
1009.09	0	0.0253175	
991.959	0	0.0165473	
995.654	0	0.0106019	
999.399	0	0.0081241	
998.424	0	0.014876	
993.995	0	0.0155481	
1008.14	0	0.0138073	
951.753	0	0.0379869	
956.792	0	0.109959	
965.584	0	0.0202688	
959.976	0	0.0364749	
959.706	0	0.0222699	
963.054	0	0.0417549	
962.201	0	0.0214857	
968.961	0	0.0337807	
987.098	0	0.0237795	
985.24	0	0.0512509	
975.502	0	0.0329841	
976.474	0	0.0303279	
983.129	0	0.0605021	
994.283	0	0.0482708	
989.859	0	0.0165708	
998.9	0	0.0124359	
990.008	0	0.00618425	
987.587	0	0.00417059	
994.837	0	0.00709376	
992.893	0	0.00732681	
984.48	0	0.0175771	
1012.32	0	0.0235993	
1006.75	0	0.00844475	
1002.84	0	0.0112167	
976.758	0	0.0518197	
979.537	0	0.0145758	
1012.12	0	0.0112095	
1010.27	0	0.00477956	
1007.56	0	0.0120381	
1005.36	0	0.00687628	
1005.24	0	0.0145537	
977.471	0	0.0251492	
990.267	0	0.0248568	
993.788	0	0.0247132	
987.438	0	0.0172738	
980.384	0	0.024662	
978.95	0	0.0323846	
1030.7	0	0.0068938	
1024.94	0	0.0119031	
978.946	0	0.0068083	
981.849	0	0.00765062	
976.705	0	0.00925065	
984.28	0	0.00884898	
982.479	0	0.00792639	
994.215	0	0.0156731	
986.988	0	0.010679	
985.679	0	0.0198594	
988.896	0	0.0165393	
988.427	0	0.0120323	
999.154	0	0.00541935	
1014.37	0	0.00408329	
989.35	0	0.00976637	
989.824	0	0.00771669	
1010.88	0	0.0143755	
1012.57	0	0.00632059	
1011.67	0	0.00463849	
1012.62	0	0.00346056	
1009.53	0	0.00940533	
1010.82	0	0.00743836	
1013.13	0	0.00785113	
1013.28	0	0.00306044	
1001.5	0	0.0159889	
999.173	0	0.0114407	
995.897	0	0.0247078	
1001.59	0	0.0242593	
992.439	0	0.0089976	
997.056	0	0.00915401	
953.129	0	0.0228286	
956.02	0	0.0229393	
952.304	0	0.0127647	
958.276	0	0.0360602	
978.554	0	0.0215225	
990.306	0	0.0301748	
968.372	0	0.0373328	
972.847	0	0.0204419	
1012.65	0	0.00794988	
1011.13	0	0.00604563	
1003.72	0	0.00972688	
997.235	0	0.0187027	
982.844	0	0.0424666	
990.666	0	0.0153762	
989.791	0	0.00971623	
987.058	0	0.0404999	
980.402	0	0.0418781	
982.77	0	0.0185103	
967.78	0	0.00817954	
1030.72	0	0.00536516	
1000.72	0	0.00628899	
1002.46	0	0.00501881	
989.137	0	0.00796973	
990.26	0	0.00654614	
990.323	0	0.0372065	
1002.57	0	0.018332	
996.77	0	0.00922223	
994.646	0	0.0121143	
997.799	0	0.012427	
997.693	0	0.0104037	
958.573	0	0.02036	
960.641	0	0.0243237	
968.232	0	0.0146936	
971.105	0	0.0264036	
991.185	0	0.0178191	
988.56	0	0.0274881	
991.828	0	0.00625287	
1047.79	0	0.00822635	
992.968	0	0.00519586	
1004.4	0	0.00795632	
990.54	0	0.00752564	
994.505	0	0.00686779	
990.344	0	0.0129792	
995.614	0	0.0165729	
990.654	0	0.0110835	
988.329	0	0.0157287	
994.802	0	0.0149091	
999.275	0	0.0322874	
999.361	0	0.0134781	
1003.81	0	0.011588	
992.307	0	0.0175406	
997.297	0	0.0238165	
993.077	0	0.0321231	
983.792	0	0.0616249	
1001.12	0	0.0113814	
901.601	0	0.0120702	
1024.51	0	0.00804122	
944.525	0	0.011148	
984.232	0	0.0120977	
979.939	0	0.0074918	
973.183	0	0.00949548	
972.817	0	0.0133958	
990.577	0	0.00633135	
997.57	0	0.00666452	
970.721	0	0.00790219	
977.462	0	0.00456696	
968.578	0	0.00724308	
974.185	0	0.00553594	
1027.6	0	0.0137137	
1024.93	0	0.00992372	
982.956	0	0.0237515	
982.587	0	0.0259698	
994.402	0	0.0133325	
950.804	0	0.0160001	
997.622	0	0.00876922	
993.864	0	0.00842589	
991.443	0	0.00995471	
987.006	0	0.0210119	
981.067	0	0.0218992	
992.423	0	0.0147928	
991.695	0	0.00548019	
1007.17	0	0.0184255	
1004.03	0	0.0106639	
964.589	0	0.0240255	
966.9	0	0.0199756	
1012.98	0	0.0131653	
999.589	0	0.0102108	
970.646	0	0.00594799	
984.405	0	0.0135033	
975.087	0	0.0125267	
983.128	0	0.00957244	
988.778	0	0.0111047	
988.069	0	0.0166099	
999.821	0	0.00650738	
1021.44	0	0.00715992	
1029.8	0	0.00734538	
1012.16	0	0.0039264	
1009.07	0	0.001743	
1009.03	0	0.00551524	
1004.83	0	0.00742527	
985.407	0	0.0181463	
986.127	0	0.0101146	
986.113	0	0.015799	
990.362	0	0.0113708	
978.021	0	0.0152	
993.714	0	0.0239821	
1015.87	0	0.010279	
1023.22	0	0.00778709	
976.896	0	0.00671557	
965.689	0	0.00981341	
994.702	0	0.0108421	
1006.8	0	0.0126756	
991.062	0	0.0121954	
999.423	0	0.0101568	
985.964	0	0.0167421	
969.338	0	0.0134571	
978.528	0	0.0084382	
975.595	0	0.0107082	
976.651	0	0.0109	
965.691	0	0.0100782	
955.583	0	0.012861	
950.032	0	0.0211601	
999.109	0	0.0133502	
1000.41	0	0.0128797	
1002.73	0	0.00539164	
1001.7	0	0.00564702	
999.373	0	0.00517765	
1007.3	0	0.00211793	
990.272	0	0.00742086	
984.61	0	0.0177186	
974.109	0	0.0393509	
991.08	0	0.0196822	
1004.56	0	0.0226878	
993.819	0	0.0113901	
964.407	0	0.018452	
982.367	0	0.0211579	
983.509	0	0.0120958	
978.61	0	0.0198344	
991.297	0	0.0151656	
1004.63	0	0.0174205	
980.371	0	0.00846093	
993.193	0	0.0159832	
995.606	0	0.00637151	
988.773	0	0.0122297	
1012.9	0	0.00670307	
1011.17	0	0.00710532	
1007.55	0	0.00285845	
1004.2	0	0.00461729	
1004.12	0	0.00764771	
995.01	0	0.0163647	
926.362	0	0.0140116	
838.219	0	0.0136816	
974.394	0	0.00762569	
970.974	0	0.00783784	
982.189	0	0.0133377	
987.642	0	0.00999565	
960.892	0	0.00980206	
956.927	0	0.0136048	
951.183	0	0.012284	
953.685	0	0.0118588	
948.969	0	0.0291017	
949.197	0	0.014646	
1006.38	0	0.00994126	
1007.35	0	0.00581725	
1004.91	0	0.00209376	
997.379	0	0.00709297	
984.508	0	0.0252577	
1012.55	0	0.011662	
975.872	0	0.0118329	
998.771	0	0.0175199	
968.658	0	0.011501	
979.474	0	0.0130465	
974.982	0	0.0117837	
1058.77	0	0.0107192	
1027.78	0	0.00991253	
983.605	0	0.00523589	
972.14	0	0.00496741	
986.041	0	0.0108182	
971.068	0	0.012134	
1009.06	0	0.0150533	
1008.98	0	0.00506648	
1010.37	0	0.00417452	
1005.98	0	0.00397828	
1001.13	0	0.00517772	
998.632	0	0.00457509	
970.054	0	0.00931076	
989.968	0	0.00468618	
1010.44	0	0.00637449	
1005.98	0	0.00227302	
1007.94	0	0.0035794	
1007.18	0	0.00287039	
1009.01	0	0.00389325	
999.473	0	0.0127736	
1004.51	0	0.00240922	
1004.95	0	0.00219553	
1001.68	0	0.00209891	
1003.74	0	0.00301032	
1002	0	0.00331778	
999.722	0	0.00396015	
1005.72	0	0.00558662	
1001.85	0	0.00805027	
996.415	0	0.0189198	
976.985	0	0.0132038	
988.563	0	0.0132803	
991.775	0	0.0133446	
985.291	0	0.0158218	
975.186	0	0.0193942	
991.735	0	0.0217434	
985.16	0	0.00905108	
993.912	0	0.0164186	
994.847	0	0.013973	
987.934	0	0.0100863	
981.471	0	0.0103139	
996.551	0	0.0157385	
985.061	0	0.0142805	
1003.11	0	0.0178739	
999.255	0	0.0199937	
995.457	0	0.0138719	
986.954	0	0.0195364	
1018.64	0	0.0187605	
1005.33	0	0.0287977	
977.928	0	0.012293	
973.514	0	0.0171778	
976.592	0	0.00591691	
977.846	0	0.00837393	
971.1	0	0.00725399	
970.302	0	0.0102245	
986.94	0	0.0217434	
992.637	0	0.0108149	
1031.28	0	0.00946567	
1047.23	0	0.0105165	
1023.89	0	0.0177878	
998.56	0	0.0177037	
1025.58	0	0.0167034	
1040.67	0	0.020877	
1008.98	0	0.0265829	
1002.56	0	0.0145584	
1006.37	0	0.00662286	
1010.19	0	0.00249791	
976.334	0	0.023127	
993.62	0	0.0215158	
1002.47	0	0.00650554	
1015.99	0	0.00772342	
990.521	0	0.00580354	
987.045	0	0.0103216	
995.977	0	0.0265937	
991.443	0	0.0142056	
991.06	0	0.012554	
1016.89	0	0.0319157	
996.035	0	0.00575846	
986.904	0	0.0113822	
992.264	0	0.0181089	
994.626	0	0.025146	
1000.09	0	0.0144243	
997.33	0	0.010777	
961.562	0	0.021847	
975.76	0	0.0150719	
999.198	0	0.00739808	
989.07	0	0.0107241	
1005.46	0	0.00381585	
1002.43	0	0.0050434	
1000.45	0	0.00916413	
999.727	0	0.00757764	
724.701	0	0.0138521	
917.214	0	0.0148125	
955.633	0	0.0130423	
990.479	0	0.0300339	
1007.05	0	0.0177189	
996.334	0	0.0183594	
998.483	0	0.0298429	
1007.43	0	0.00874595	
1025.05	0	0.00806363	
980.134	0	0.00510243	
985.671	0	0.00481639	
1006.12	0	0.028998	
998.379	0	0.0172817	
1002.72	0	0.0141368	
995.953	0	0.0141398	
974.139	0	0.00723369	
979.535	0	0.00488059	
1010.89	0	0.00302657	
1011.14	0	0.00564558	
1009.09	0	0.00407084	
1009.02	0	0.00160271	
993.138	0	0.0125166	
1005.19	0	0.00295311	
1007.1	0	0.00227898	
1007.22	0	0.00382254	
1008.06	0	0.00165113	
1005.75	0	0.00187523	
1005.69	0	0.00255892	
1003.77	0	0.00368992	
1008.33	0	0.00184544	
1007.65	0	0.00223932	
1001.65	0	0.00795416	
1001.15	0	0.00328664	
999.946	0	0.0100501	
1001.53	0	0.00459441	
1002.57	0	0.00583018	
1000.05	0	0.00945294	
971.442	0	0.0155571	
984.692	0	0.0146214	
983.586	0	0.00490785	
1009.35	0	0.00279304	
976.671	0	0.00907619	
976.59	0	0.00792814	
976.49	0	0.0115786	
975.009	0	0.0105996	
973.755	0	0.00685627	
972.353	0	0.0077593	
969.124	0	0.0125634	
972.601	0	0.0104085	
977.744	0	0.00506578	
985.904	0	0.00449912	
996.857	0	0.00953016	
994.238	0	0.00653363	
977.392	0	0.0239741	
966.093	0	0.0183173	
992.056	0	0.0165568	
989.262	0	0.0161672	
992.613	0	0.00908653	
995.315	0	0.0168673	
968.446	0	0.00838661	
958.165	0	0.014387	
1008.89	0	0.013653	
1013.49	0	0.0139061	
981.488	0	0.00372122	
974.029	0	0.00870265	
983.097	0	0.00199171	
977.911	0	0.00404361	
970.767	0	0.0140286	
978.96	0	0.0160479	
973.635	0	0.0213748	
976.241	0	0.0167335	
967.158	0	0.0128793	
970.4	0	0.00662288	
979.858	0	0.00516325	
984.154	0	0.00635245	
998.261	0	0.00288853	
992.195	0	0.00504031	
1001.27	0	0.00360743	
997.135	0	0.00386952	
975.921	0	0.00694641	
960.34	0	0.00885694	
1024.34	0	0.00735909	
983.154	0	0.00735769	
981.178	0	0.00505609	
980.166	0	0.00595263	
988.943	0	0.0042516	
982.692	0	0.0027517	
978.269	0	0.00422622	
976.567	0	0.00371923	
973.285	0	0.0160761	
974.495	0	0.01175	
973.253	0	0.00566971	
977.848	0	0.00741171	
974.993	0	0.00771762	
969.96	0	0.00708528	
996.078	0	0.00395152	
1010.43	0	0.00730258	
1003.1	0	0.00335728	
1015.42	0	0.00322632	
996.626	0	0.00979645	
990.197	0	0.00774095	
964.905	0	0.00773572	
967.189	0	0.0272094	
988.828	0	0.00206961	
970.506	0	0.00524935	
975.648	0	0.00663141	
979.293	0	0.00318949	
983.909	0	0.00332893	
1002.47	0	0.00399658	
1019.53	0	0.00447736	
1027.04	0	0.0047359	
1015.58	0	0.00462174	
994.004	0	0.00539149	
989.95	0	0.036216	
968.335	0	0.0128297	
964.831	0	0.0249611	
1020.26	0	0.00688141	
1020.79	0	0.00706666	
977.955	0	0.00478116	
973.368	0	0.00622482	
984.999	0	0.0029441	
986.192	0	0.0025373	
994.175	0	0.0046335	
989.565	0	0.00323596	
994.463	0	0.00494618	
997.818	0	0.00269734	
993.22	0	0.00316077	
975.545	0	0.00721187	
1023.52	0	0.00353846	
1038.08	0	0.00599672	
1033.53	0	0.00496623	
1051.86	0	0.0130606	
1023.44	0	0.00632968	
1031.39	0	0.0150385	
985.583	0	0.00445362	
978.596	0	0.00633571	
1003.32	0	0.00591827	
994.534	0	0.00440548	
990.342	0	0.00215696	
999.07	0	0.00306801	
979.941	0	0.0261252	
985.44	0	0.017976	
998.446	0	0.0140781	
985.171	0	0.00840429	
997.877	0	0.0135494	
991.249	0	0.00945142	
985.19	0	0.0194992	
980.841	0	0.0174582	
990.989	0	0.0154998	
998.314	0	0.0174078	
994.63	0	0.0153191	
997.633	0	0.0279067	
880.855	0	0.0194053	
983.006	0	0.0234597	
1005.34	0	0.00579354	
1002.66	0	0.0150364	
1024.5	0	0.010339	
1016.68	0	0.0173874	
1038.03	0	0.0147419	
1040.76	0	0.00934641	
978.857	0	0.0157831	
988.036	0	0.0137053	
997.604	0	0.0111509	
995.481	0	0.0080663	
759.842	0	0.0267691	
611.701	0	0.0172606	
439.071	0	0.0233054	
738.679	0	0.0190937	
979.518	0	0.00848891	
994.906	0	0.00843887	
993.48	0	0.0151377	
1007.75	0	0.0125525	
1004.53	0	0.00227189	
1004.06	0	0.00554226	
1021.24	0	0.0070403	
1024.12	0	0.00616327	
967.991	0	0.00893888	
976.952	0	0.0276254	
984.401	0	0.0177656	
976.005	0	0.0140835	
980.085	0	0.0203745	
1003.44	0	0.00309264	
1006.09	0	0.00332151	
1030.42	0	0.00657019	
1029.77	0	0.00585889	
1001.07	0	0.00661377	
1000.17	0	0.022738	
1008.43	0	0.0022781	
1015.55	0	0.00299492	
1006.13	0	0.00372379	
1014.79	0	0.00843888	
1012.32	0	0.0180418	
990.031	0	0.0224642	
992.041	0	0.01631	
989.845	0	0.00956348	
725.893	0	0.0454787	
364.332	0	0.0222969	
1004.75	0	0.00598666	
1002.01	0	0.00461172	
998.74	0	0.00911622	
997.339	0	0.00785992	
1018.47	0	0.0129747	
1025.22	0	0.00800619	
985.107	0	0.00639251	
977.343	0	0.00566065	
989.115	0	0.0085392	
984.86	0	0.0112925	
988.346	0	0.0036624	
998.453	0	0.00439135	
1018.31	0	0.00310523	
1031.72	0	0.00439443	
1025.9	0	0.0056962	
1034.52	0	0.00545671	
1030.44	0	0.00569563	
1029.82	0	0.00622949	
1008.1	0	0.0300367	
1021.94	0	0.00958208	
993.457	0	0.00553704	
974.204	0	0.00648137	
988.633	0	0.00418426	
986.62	0	0.00467746	
1019.26	0	0.00262261	
1039.75	0	0.00502345	
1045.79	0	0.00461881	
1030.15	0	0.00473406	
1043.9	0	0.00587871	
972.934	0	0.0359156	
1036.75	0	0.00642279	
1023.76	0	0.00854661	
980.488	0	0.00571181	
991.724	0	0.006818	
975.573	0	0.0123601	
1040.01	0	0.00538589	
1039.67	0	0.00553718	
1007.23	0	0.0227208	
999.18	0	0.0166063	
982.195	0	0.0127951	
1020.6	0	0.0239509	
944.84	0	0.0198366	
981.08	0	0.0109247	
831.412	0	0.0174821	
787.138	0	0.0144747	
993.788	0	0.00933099	
1006.87	0	0.0102687	
980.43	0	0.00928721	
1010.47	0	0.00760951	
1016.64	0	0.00835888	
1010.7	0	0.00883382	
1018.66	0	0.00716258	
1017.4	0	0.00958757	
1005.9	0	0.00823051	
1019.57	0	0.00839911	
1012.41	0	0.0142222	
1016.02	0	0.0139607	
1006.76	0	0.0191197	
1021.11	0	0.00635011	
1015.66	0	0.0109962	
1010.65	0	0.0133884	
1018.86	0	0.0137501	
1020.72	0	0.0096388	
1031.07	0	0.0188526	
1024.07	0	0.0185108	
1029	0	0.00859388	
1020.41	0	0.00805863	
923.983	0	0.0162749	
932.892	0	0.0150155	
994.647	0	0.00866565	
1003.52	0	0.00784533	
1022.95	0	0.00737237	
1013.6	0	0.0158446	
1029.15	0	0.0183864	
1032.96	0	0.0124677	
861.333	0	0.0148579	
893.621	0	0.0150366	
873.454	0	0.0135929	
925.109	0	0.0118537	
1027.84	0	0.0103374	
1014.18	0	0.0105765	
822.884	0	0.0118748	
814.195	0	0.0140038	
953.912	0	0.00921251	
988.309	0	0.0141271	
825.059	0	0.0237586	
665.437	0	0.0156448	
783.648	0	0.0132079	
870.856	0	0.0119523	
890.849	0	0.0123002	
1018.66	0	0.00857655	
492.876	0	0.0357094	
433.985	0	0.0197334	
673.372	0	0.0207831	
489.878	0	0.0357627	
729.973	0	0.0134348	
713.349	0	0.0253594	
963.343	0	0.0118955	
949.629	0	0.0135096	
1007.28	0	0.0192266	
1012.36	0	0.0152065	
1011.95	0	0.0176738	
1013.17	0	0.0148242	
985.169	0	0.0242631	
984.279	0	0.0116589	
985.656	0	0.0132367	
987.894	0	0.0113041	
981.305	0	0.0125479	
986.423	0	0.0103105	
982.042	0	0.0101797	
992.559	0	0.0173337	
979.29	0	0.00801	
980.793	0	0.0202675	
984.605	0	0.0217435	
989.496	0	0.0180574	
983.243	0	0.0156211	
1027.01	0	0.0118748	
980.038	0	0.00829228	
988.125	0	0.0143546	
980.938	0	0.00908153	
983.138	0	0.00955061	
132.112	0	0.0385559	
88.1045	0	0.0879268	
59.4629	0	0.222278	
23.547	0	1.63352	
1029.76	0	0.0189455	
1023.4	0	0.0114887	
1018.93	0	0.0259809	
1032.3	0	0.0115298	
1039.14	0	0.0137916	
1027.5	0	0.0144992	
1047.43	0	0.0117131	
1026.79	0	0.0166964	
808.631	0	0.030054	
990.143	0	0.0160372	
982.365	0	0.0123182	
984.09	0	0.0111087	
992.058	0	0.00763159	
985.067	0	0.0137316	
1011.95	0	0.0136287	
1007.91	0	0.00438526	
1040.82	0	0.0206615	
1049.55	0	0.0134619	
989.003	0	0.00847256	
984.668	0	0.00520525	
993.736	0	0.0234673	
1004.86	0	0.0260883	
990.821	0	0.00385011	
982.247	0	0.00886247	
1006.22	0	0.0142751	
1001.61	0	0.0217516	
985.992	0	0.0125699	
991.566	0	0.00947271	
1043.33	0	0.00511776	
1073.93	0	0.0166719	
1002.16	0	0.0177966	
998.461	0	0.0239341	
971.981	0	0.0195157	
737.947	0	0.0395097	
1049.74	0	0.0118237	
1057.12	0	0.0114095	
1065.2	0	0.0111193	
1069.73	0	0.00803413	
607.197	0	0.0178159	
308.738	0	0.0102908	
1003.41	0	0.00607134	
995.565	0	0.00851447	
1003.59	0	0.0127607	
1005.16	0	0.0266255	
999.401	0	0.0172029	
1003.61	0	0.0113722	
1008.3	0	0.00373756	
1010.31	0	0.00274515	
1013.79	0	0.00478259	
1025.71	0	0.00255925	
1025.09	0	0.00264403	
1024.37	0	0.00331049	
990.616	0	0.0110356	
994.983	0	0.012022	
289.674	0	0.051339	
377.616	0	0.0235126	
169.318	0	0.0763243	
193.637	0	0.0283973	
331.392	0	0.0342809	
133.048	0	0.078334	
1001.18	0	0.00816051	
986.142	0	0.0286129	
1039.02	0	0.00788078	
1038.95	0	0.00499399	
1032.22	0	0.0058887	
1048.43	0	0.00408987	
1046.06	0	0.00453929	
1047.56	0	0.00490358	
987.013	0	0.00697952	
1015.46	0	0.0186616	
1039.49	0	0.00921142	
1047.15	0	0.00512025	
1058.72	0	0.00555156	
1004.49	0	0.00861195	
1042.84	0	0.0111751	
1024.93	0	0.0153135	
1013.8	0	0.020324	
460.515	0	0.024331	
655.757	0	0.0242206	
485.737	0	0.0328817	
147.323	0	0.0315748	
1010.44	0	0.0176034	
1013.42	0	0.0147013	
1011.48	0	0.0135442	
1009.06	0	0.0162137	
992.873	0	0.007969	
983.818	0	0.00973077	
229.935	0	0.0258261	
109.613	0	0.0600087	
13.5388	0	9.77495	
54.6798	0	0.229604	
1017.19	0	0.0158563	
978.628	0	0.0158569	
988.11	0	0.0148613	
981.941	0	0.00726892	
988.186	0	0.00876577	
994.979	0	0.00609808	
1015.38	0	0.0195966	
1015.94	0	0.0168103	
1002.47	0	0.00344396	
1008.51	0	0.00352707	
1034.97	0	0.0143559	
1050.79	0	0.0122737	
1004.11	0	0.00892779	
991.98	0	0.00490002	
984.664	0	0.0149103	
997.943	0	0.0101115	
983.191	0	0.00896454	
986.322	0	0.00808358	
1000.28	0	0.0137261	
992.168	0	0.0122024	
1041.47	0	0.00624505	
1047.73	0	0.0044269	
1076.1	0	0.00832587	
1056.85	0	0.00822671	
1074.52	0	0.00864607	
1075.72	0	0.0134023	
123.098	0	0.0641022	
511.26	0	0.0110063	
1040.45	0	0.00537237	
1024.13	0	0.00332996	
998.883	0	0.00857252	
984.578	0	0.0207229	
990.795	0	0.00822547	
988.443	0	0.0162675	
1031.66	0	0.00795164	
1032.6	0	0.0140633	
1055.19	0	0.00464202	
1054.23	0	0.00763968	
1003.03	0	0.00524172	
998.595	0	0.0045681	
1049.51	0	0.0052835	
1051.75	0	0.00423323	
995.979	0	0.0109093	
1014	0	0.00883538	
1037.88	0	0.0202571	
1019.29	0	0.0400897	
264.437	0	0.0224721	
204.288	0	0.0355076	
1000.68	0	0.0115631	
1011.76	0	0.00853172	
988.606	0	0.00803046	
1006.06	0	0.00788166	
174.439	0	0.0295566	
20.3082	0	2.95571	
977.862	0	0.0120669	
895.185	0	0.0110967	
989.934	0	0.00642246	
991.289	0	0.00582738	
997.407	0	0.00260255	
1001.73	0	0.00335987	
994.936	0	0.0035825	
1001.46	0	0.00600909	
1060.9	0	0.0140693	
1051.16	0	0.0117919	
1012.07	0	0.00561173	
1002.8	0	0.00911363	
985.839	0	0.0138653	
987.089	0	0.0148147	
240.856	0	0.0371026	
361.108	0	0.013296	
1024.76	0	0.0134463	
1052.86	0	0.00914181	
1056.9	0	0.00823818	
1067.3	0	0.00359591	
1011.22	0	0.0046049	
1003.73	0	0.00582058	
1058.77	0	0.00503921	
1027.7	0	0.00709444	
969.913	0	0.0127692	
927.512	0	0.0080753	
995.796	0	0.0165539	
1000.27	0	0.0163351	
96.5725	0	0.161041	
162.406	0	0.0466439	
1062.49	0	0.0137664	
1072.09	0	0.0111666	
987.035	0	0.0272101	
989.03	0	0.00863364	
997.633	0	0.00464502	
999.106	0	0.006676	
1038.01	0	0.00852632	
1001.95	0	0.00761225	
1023.34	0	0.00916296	
1069.7	0	0.0126217	
1029.93	0	0.0133734	
989.504	0	0.00935956	
994.765	0	0.0127602	
991.62	0	0.00757921	
986.057	0	0.0163027	
1055.12	0	0.00489182	
1056	0	0.00459976	
80.0409	0	0.109138	
264.42	0	0.0440153	
38.6317	0	0.390294	
77.5037	0	0.0752984	
37.4401	0	0.469545	
55.6786	0	0.290019	
36.0121	0	1.0285	
38.9109	0	0.700116	
266.583	0	0.0233329	
191.31	0	0.0613305	
65.6725	0	0.412181	
31.8665	0	1.55927	
593.18	0	0.0308626	
693.091	0	0.0154429	
721.213	0	0.0133152	
907.037	0	0.0186404	
659.26	0	0.0201665	
788.278	0	0.0177423	
917.565	0	0.0182236	
814.428	0	0.0125315	
997.058	0	0.0256736	
992.49	0	0.0405543	
999.937	0	0.02236	
1014.74	0	0.016781	
996.933	0	0.0106072	
998.842	0	0.00566612	
997.418	0	0.0052646	
995.736	0	0.00761777	
866.046	0	0.018585	
762.847	0	0.0150642	
998.018	0	0.0140915	
992.563	0	0.00931873	
1045.09	0	0.0139693	
1033.89	0	0.0239119	
1000.52	0	0.00923619	
995.597	0	0.00544418	
1058.3	0	0.00520643	
1055.85	0	0.00521666	
1067.34	0	0.0128017	
1068.65	0	0.00683754	
1076.57	0	0.01121	
1071.46	0	0.0085909	
1033.49	0	0.0140533	
1056.7	0	0.0121096	
1045.01	0	0.00636115	
1056.58	0	0.00420645	
1011.69	0	0.00534803	
1006.2	0	0.003593	
998.759	0	0.00174739	
997.93	0	0.00229351	
1046.91	0	0.00954625	
1057.4	0	0.00853495	
1059.01	0	0.00440135	
1056.91	0	0.00492756	
1008.01	0	0.00573303	
921.885	0	0.014193	
992.03	0	0.00748623	
1062.18	0	0.004774	
1071.76	0	0.00293436	
1032.24	0	0.0101775	
1042.74	0	0.00876628	
1047.3	0	0.00992292	
1037.59	0	0.00732401	
1047.13	0	0.0081713	
1031.39	0	0.0229535	
1051.89	0	0.0110052	
1036	0	0.00975358	
994.643	0	0.0133484	
992.343	0	0.0125019	
1007.37	0	0.00526163	
1005.35	0	0.00571367	
991.458	0	0.0108477	
983.381	0	0.0146788	
142.693	0	0.0554867	
296.503	0	0.0180569	
1001.61	0	0.021681	
1010.99	0	0.0189326	
1005.29	0	0.0171963	
1014.96	0	0.0164714	
983.412	0	0.0247289	
997.6	0	0.0145356	
1067.53	0	0.0128993	
1060.02	0	0.00644072	
1061.67	0	0.0127924	
1057.07	0	0.00753255	
1008.6	0	0.0107184	
1007.3	0	0.0105046	
996.234	0	0.00304501	
991.184	0	0.00200238	
1000.66	0	0.00171	
987.242	0	0.00327549	
1061.76	0	0.00566419	
1064.81	0	0.00430777	
1018.1	0	0.00451209	
1010.13	0	0.00476293	
878.824	0	0.0144179	
1030.6	0	0.00664999	
1010.19	0	0.00514884	
1063.84	0	0.00500169	
990.598	0	0.00834099	
987.697	0	0.00689161	
1051.45	0	0.00600361	
1051.68	0	0.00829133	
1050.79	0	0.00656569	
1047.28	0	0.00873004	
856.924	0	0.0158457	
974.189	0	0.0155779	
969.627	0	0.0131005	
717.274	0	0.0145094	
922.756	0	0.0119983	
794.47	0	0.0134512	
760.282	0	0.0208321	
592.899	0	0.0278533	
95.126	0	0.278666	
656.165	0	0.0180848	
466.742	0	0.0273057	
391.875	0	0.040188	
1025.93	0	0.0137396	
1002.45	0	0.0124257	
1017.1	0	0.00394328	
1015.39	0	0.00429507	
1002.05	0	0.00584507	
992.902	0	0.0126861	
126.259	0	0.0837995	
162.052	0	0.0776257	
1007.27	0	0.0225972	
1013.71	0	0.0159985	
977.135	0	0.0140825	
975.488	0	0.0130856	
980.04	0	0.00508096	
990.792	0	0.00236165	
1050.51	0	0.00639938	
1053.57	0	0.00375101	
1005.14	0	0.011857	
997.418	0	0.00520837	
993.415	0	0.00183239	
991.173	0	0.0023681	
992.583	0	0.00217012	
987.619	0	0.00290557	
1022.3	0	0.00521349	
1019.57	0	0.00449449	
1071.51	0	0.00271408	
1066.83	0	0.00401271	
977.006	0	0.00699543	
971.811	0	0.00733743	
1056.95	0	0.00613801	
1054.23	0	0.0121315	
1042.47	0	0.00764863	
996.467	0	0.0132194	
519.846	0	0.0219324	
249.994	0	0.0826763	
1060.61	0	0.0106616	
1028.45	0	0.0109859	
1007.06	0	0.00876504	
1000.25	0	0.00562365	
1021.66	0	0.00629676	
1012.44	0	0.0044173	
44.5129	0	0.911159	
177.505	0	0.11671	
1051.81	0	0.00484666	
1045.65	0	0.00629753	
990.652	0	0.002206	
997.456	0	0.00595535	
1012.27	0	0.00452068	
1014.97	0	0.00412524	
1017.1	0	0.00395616	
1036.26	0	0.00799863	
1002.55	0	0.0135709	
1004.29	0	0.00779037	
1001.54	0	0.00797399	
1025.75	0	0.00368401	
1019.27	0	0.00468372	
985.242	0	0.0031381	
987.017	0	0.00221789	
991.937	0	0.0132698	
988.962	0	0.00468285	
1067.82	0	0.00268672	
1066.44	0	0.00341549	
1057.7	0	0.0132245	
1043.61	0	0.00721499	
997.487	0	0.00713565	
999.502	0	0.00728906	
1023.46	0	0.00483795	
1014.4	0	0.00467192	
987.962	0	0.00200108	
989.98	0	0.00732517	
984.812	0	0.00294449	
981.651	0	0.00265405	
998.161	0	0.00527657	
990.895	0	0.00415387	
984.113	0	0.00825358	
992.723	0	0.0149171	
994.357	0	0.00520134	
987.688	0	0.00252066	
1070.4	0	0.00256639	
1070.47	0	0.00335331	
975.949	0	0.0072939	
984.332	0	0.00249171	
1069.11	0	0.00261011	
1072.32	0	0.00226802	
980.654	0	0.00331164	
986.267	0	0.00264083	
1066.17	0	0.00361026	
1068.02	0	0.00235238	
1074.59	0	0.00377136	
1073.77	0	0.00330205	
1066.86	0	0.00397395	
1069.93	0	0.00386917	
1070.66	0	0.00278944	
1072.66	0	0.0026651	
1061.33	0	0.00848355	
1055.78	0	0.00822422	
1072.16	0	0.00362603	
1074.63	0	0.00196354	
1074.35	0	0.00200239	
1008.29	0	0.00895585	
997.704	0	0.00400401	
990.872	0	0.0067178	
993.362	0	0.00413465	
1004.46	0	0.00965689	
1003.1	0	0.0142318	
995.218	0	0.007594	
987.854	0	0.0133352	
104.689	0	0.278965	
58.3845	0	0.718861	
996.415	0	0.00751324	
989.583	0	0.0124597	
990.07	0	0.00736033	
996.435	0	0.0131328	
1071.8	0	0.0127872	
1074.6	0	0.0172798	
1053.21	0	0.0182629	
1057.06	0	0.0095475	
987.854	0	0.0123977	
993.388	0	0.0116993	
988.226	0	0.00192279	
988.957	0	0.00233537	
600.968	0	0.017691	
831.965	0	0.0112329	
1040.2	0	0.012471	
939.907	0	0.0073457	
1010.14	0	0.0130539	
1021.22	0	0.0169386	
1023.63	0	0.00476354	
1049.11	0	0.00744567	
1015.58	0	0.0103136	
1029.26	0	0.0111294	
1036.8	0	0.0123091	
1033.87	0	0.00532949	
1032.05	0	0.00624031	
1000.1	0	0.0107487	
1053.79	0	0.0100018	
989.866	0	0.0162703	
980.82	0	0.0220273	
1018.08	0	0.00819893	
1011.1	0	0.00560171	
1016.92	0	0.00500363	
1015.44	0	0.00925052	
1072.97	0	0.00321121	
1073.91	0	0.00258064	
1069.64	0	0.00319625	
1073.43	0	0.00376062	
1071.58	0	0.00281632	
1070.64	0	0.00710202	
995.099	0	0.00795878	
1000.18	0	0.00279318	
1008.71	0	0.00630046	
1007.11	0	0.00720043	
1003.97	0	0.0182315	
995.936	0	0.00564601	
97.877	0	0.409832	
369.303	0	0.0553098	
982.823	0	0.0235006	
991.906	0	0.0135275	
985.908	0	0.0190082	
989.732	0	0.00875728	
981.666	0	0.00674351	
980.417	0	0.00399134	
984.217	0	0.00571979	
995.322	0	0.00795943	
929.765	0	0.00933213	
926.248	0	0.0146574	
1028.67	0	0.00599689	
1025.83	0	0.00388891	
1056.13	0	0.012312	
1042.04	0	0.015595	
1010.04	0	0.0101035	
1024.76	0	0.0118986	
1021.65	0	0.00608682	
1010.29	0	0.0127967	
1011.24	0	0.00211752	
1014.61	0	0.00316002	
993.35	0	0.00893698	
988.864	0	0.0103466	
988.714	0	0.00626819	
987.081	0	0.0117293	
988.571	0	0.0136692	
988.185	0	0.010618	
984.727	0	0.00720399	
987.345	0	0.00627389	
988.921	0	0.00841982	
1002.09	0	0.0100021	
854.42	0	0.0103093	
856.795	0	0.0282532	
1033.22	0	0.00452811	
1031.61	0	0.00372945	
1002.52	0	0.00391501	
1010.49	0	0.00173543	
1001.84	0	0.00278985	
996.634	0	0.00690534	
987.415	0	0.0098293	
990.111	0	0.0116736	
987.48	0	0.00920296	
987.276	0	0.0109506	
837.82	0	0.0148056	
303.422	0	0.0704597	
834.454	0	0.0149507	
653.017	0	0.0223344	
1028.38	0	0.00328588	
1024.65	0	0.00567803	
1002.07	0	0.00547127	
998.885	0	0.00707449	
1013.88	0	0.00226932	
1008.95	0	0.00148563	
1016.94	0	0.00382577	
1015.47	0	0.00811258	
989.547	0	0.0130339	
988.929	0	0.00963367	
1013.72	0	0.00260999	
1008.62	0	0.00397485	
1006.66	0	0.00208597	
1006.51	0	0.00381594	
1020.85	0	0.00367559	
1018.83	0	0.00378173	
1002.21	0	0.0191342	
1006.29	0	0.0133276	
1007.43	0	0.0155241	
1014.18	0	0.016546	
1005.47	0	0.00902755	
1019.36	0	0.0268961	
1013.75	0	0.0159209	
1017.47	0	0.020962	
478.849	0	0.0351373	
285.526	0	0.0286177	
1034.17	0	0.0206603	
1052.6	0	0.0101535	
410.791	0	0.0602239	
818.505	0	0.0114412	
978.619	0	0.0157397	
980.132	0	0.00772334	
1006.23	0	0.0109885	
1003.32	0	0.010014	
1004.36	0	0.0117375	
1000.26	0	0.0163306	
1026.29	0	0.010946	
1021.62	0	0.00689721	
1014.51	0	0.0095387	
1007.14	0	0.0150697	
1003.94	0	0.0113143	
1026.94	0	0.0246081	
995.254	0	0.0231611	
993.224	0	0.0118693	
1064.08	0	0.0074135	
1071.97	0	0.00373732	
1026.11	0	0.00936003	
1023.19	0	0.0151509	
996.027	0	0.00481278	
999.033	0	0.0257298	
1032.66	0	0.00410594	
988.972	0	0.0164769	
990.211	0	0.018123	
1013.16	0	0.00411875	
1028.54	0	0.00799991	
1031.83	0	0.0347595	
1046.89	0	0.0134732	
999.459	0	0.00828803	
1008.97	0	0.0182642	
1010.19	0	0.0176633	
1008.33	0	0.00936086	
1002.83	0	0.0140014	
995.75	0	0.00846454	
1051.1	0	0	
1068.66	0	0.00381524	
992.982	0	0.00862487	
997.307	0	0.0154497	
1038.17	0	0.00314062	
1035.25	0	0.00328788	
992.816	0	0.00575176	
996.382	0	0.00595232	
1038.89	0	0.0027594	
1035.47	0	0.00351812	
987.199	0	0.00791861	
988.324	0	0.00670126	
997.492	0	0.00856317	
999.715	0	0.0110178	
1036.21	0	0.00277122	
1026.86	0	0.00712989	
989.131	0	0.00652456	
1001.6	0	0.00965315	
994.127	0	0.00803921	
1002.77	0	0.00782627	
1035.18	0	0.00464235	
1034.42	0	0.00501725	
980.362	0	0.0121572	
986.026	0	0.0220669	
994.071	0	0.00885547	
1000.23	0	0.0116205	
992.84	0	0.0177452	
1002.23	0	0.0133296	
1051.18	0	0.0129081	
1063.89	0	0.00648226	
1031.33	0	0.00950876	
1022.53	0	0.00652386	
919.076	0	0.0145372	
885.727	0	0.00989487	
1036.19	0	0.00638389	
1045.17	0	0.00716821	
565.872	0	0.0227237	
1077.79	0	0.00317499	
569.567	0	0.0212865	
990.006	0	0.0185324	
992.273	0	0.0148966	
998.542	0	0.00529657	
980.011	0	0.0133241	
1041.81	0	0.011151	
1017.99	0	0.00886254	
1019.7	0	0.00546189	
1010.82	0	0.00538669	
998.042	0	0.0159119	
1016.94	0	0.0115852	
993.106	0	0.0145342	
984.457	0	0.0354852	
1037.78	0	0.003455	
1030.02	0	0.0112008	
1018.4	0	0.0112236	
1058.96	0	0.00827296	
1062.83	0	0.007909	
1013.3	0	0.00479336	
1019.6	0	0.00800323	
1020.17	0	0.00687137	
1039.48	0	0.00702022	
1042.97	0	0.00592036	
1033.18	0	0.00501607	
1072.26	0	0.00587094	
1058.98	0	0	
1000.82	0	0.0284503	
984.159	0	0.0332449	
1029.56	0	0.0085736	
1009.49	0	0.00435425	
1035.34	0	0	
1035.34	0	0	
1052.35	0	0.00786967	
1058.77	0	0.00894457	
1044.96	0	0.00590383	
1041.2	0	0.00874674	
1058.98	0	0	
1043.22	0	0	
1015.07	0	0.00576607	
1007.24	0	0.00974132	
1035.34	0	0	
1035.34	0	0	
1016.29	0	0.00350558	
993.307	0	0.00394074	
1035.34	0	0	
1035.07	0	0	
1003.08	0	0.00579165	
976.695	0	0.0032315	
1034.27	0	0	
1026.92	0	0.0114297	
1012.34	0	0.00955714	
1018.19	0	0.0135758	
979.489	0	0.0245681	
983.146	0	0.0130148	
322.754	0	0.0420849	
142.361	0	0.141177	
986.64	0	0.0167665	
993.415	0	0.015626	
921.069	0	0.00854532	
818.05	0	0.0148759	
988.34	0	0.00784498	
1001.07	0	0.00431729	
1003.75	0	0.00296534	
1004.68	0	0.00278631	
970.883	0	0.00684226	
985.42	0	0.0122966	
987.846	0	0.00997774	
1012.84	0	0.0259815	
1001.24	0	0.0122516	
1008.79	0	0.0127613	
468.778	0	0.0312708	
592.209	0	0.0323113	
990.753	0	0.0211892	
991.961	0	0.0201775	
986.485	0	0.00475847	
981.905	0	0.0144338	
1051.35	0	0.0140028	
1056.02	0	0.00910187	
1020.74	0	0.00665585	
1015.42	0	0.00813297	
1035.34	0	0	
954.798	0	0.0160823	
967.839	0	0.00605932	
993.525	0	0.00382878	
997.594	0	0.00531952	
997.765	0	0.0165024	
1010.76	0	0.0191682	
1020.91	0	0.0130046	
1011.17	0	0.0181947	
1002.64	0	0.0229304	
1014.84	0	0.00876324	
1056.15	0	0.00689432	
1064.64	0	0.0081789	
1011.5	0	0.0113419	
988.543	0	0.0120214	
996.205	0	0.00422531	
1002.29	0	0.00742824	
1035.34	0	0	
1035.34	0	0	
1019.2	0	0.0136094	
963.673	0	0.0124747	
988.684	0	0.0140412	
993.68	0	0.00622467	
989.057	0	0.00349137	
993.922	0	0.00634319	
1005.76	0	0.0362248	
1016.11	0	0.0165974	
1035.34	0	0	
1035.34	0	0	
1004.45	0	0.0046332	
980.527	0	0.00705383	
951.791	0	0.00890298	
883.448	0	0.0113172	
1035.34	0	0	
1035.24	0	0	
1034.81	0	0	
1034.81	0	0	
852.774	0	0.0167349	
959.046	0	0.00986627	
942.374	0	0.00842646	
957.701	0	0.00979846	
407.4	0	0.0487773	
752.671	0	0.0249281	
1015.94	0	0.00897063	
1007.53	0	0.0131246	
1024.07	0	0.0109449	
1025.67	0	0.0146257	
1015.23	0	0.00553238	
1011.29	0	0.00508021	
990.005	0	0.00511715	
973.19	0	0.00681936	
984.457	0	0.0164739	
986.854	0	0.0114517	
1037.03	0	0.0132316	
1042.06	0	0.0121108	
1023.39	0	0.0176524	
1029.47	0	0.0183699	
977.878	0	0.0226811	
991.383	0	0.00283233	
1019.57	0	0.0140462	
1003.78	0	0.0179304	
1002.34	0	0.0133162	
1006.18	0	0.0117506	
1035.34	0	0	
1035.34	0	0	
1035.34	0	0	
1035.07	0	0	
1034.81	0	0	
618.668	0	0.034224	
644.645	0	0.031534	
991.393	0	0.00308983	
1014.85	0	0.00846868	
990.656	0	0.00492608	
985.348	0	0.00601894	
1013.18	0	0.0109535	
1006.33	0	0.0185112	
1035.34	0	0	
1035.34	0	0	
1035.34	0	0	
1035.34	0	0	
996.259	0	0.0174223	
987.176	0	0.00768078	
1023.29	0	0.01773	
1016.13	0	0.0184336	
1035.34	0	0	
1035.34	0	0	
1035.34	0	0	
1035.34	0	0	
980.747	0	0.0163684	
979.857	0	0.0188635	
993.598	0	0.00759974	
987.352	0	0.00451043	
1035.34	0	0	
1035.34	0	0	
1035.27	0	0	
1035.34	0	0	
994.898	0	0.0259673	
1000.25	0	0.0179855	
996.127	0	0.00557522	
995.009	0	0.005525	
1035.34	0	0	
1035.34	0	0	
1035.34	0	0	
1035.34	0	0	
697.606	0	0.0171887	
585.551	0	0.0228366	
1035.81	0	0.0254792	
1038.94	0	0.0164956	
717.184	0	0.0134106	
588.624	0	0.0239765	
1049.94	0	0.0132383	
1065.47	0	0	
932.447	0	0.0118679	
987.764	0	0.00594318	
816.547	0	0.014998	
893.391	0	0.0114042	
1022.06	0	0.00959465	
1024.29	0	0.0137361	
1014.4	0	0.00833178	
1003.74	0	0.00872346	
995.658	0	0.00939746	
986.602	0	0.00723833	
1013.98	0	0.0192025	
1038.19	0	0.00992683	
1011.36	0	0.0203699	
986.178	0	0.0253421	
764.645	0	0.0199255	
794.589	0	0.0185274	
822.42	0	0.0232211	
894.531	0	0.0151629	
889.415	0	0.012005	
897.201	0	0.0166989	
992.842	0	0.00534576	
988.439	0	0.00246567	
1035.34	0	0	
990.574	0	0.0137498	
974.411	0	0.0575564	
1035.34	0	0	
1035.34	0	0	
1035.07	0	0	
1035.27	0	0	
1001.34	0	0.00892559	
995.179	0	0.00459571	
1044.76	0	0	
1046.64	0	0	
961.571	0	0.0120783	
986.712	0	0.00170782	
835.825	0	0.0211	
942.672	0	0.0216416	
1038.92	0	0.00629671	
1046.14	0	0.0164138	
1042.25	0	0.00817017	
1046.25	0	0.01099	
1038.75	0	0.00878025	
1042.85	0	0.0109179	
1035.34	0	0	
1035.34	0	0	
1035.34	0	0	
1035.34	0	0	
1035.34	0	0	
1035.34	0	0	
1035.31	0	0	
1023.27	0	0.00959007	
991.738	0	0.00436293	
1000.51	0	0.0114193	
1046.64	0	0	
1042.4	0	0	
1035.34	0	0	
1035.34	0	0	
1044.76	0	0	
1041.7	0	0	
1043.81	0	0	
1041.7	0	0	
1035.34	0	0	
1035.34	0	0	
1042.87	0	0	
1035.43	0	0	
1037.46	0	0	
1039.58	0	0	
1022.86	0	0.0201428	
1035.07	0	0.0192236	
968.397	0	0.00561848	
974.888	0	0.0035401	
975.93	0	0.0103448	
1000.79	0	0.00825975	
981.422	0	0.00630037	
988.751	0	0.00436943	
977.792	0	0.00514748	
963.85	0	0.00398785	
1042.2	0	0	
1049.68	0	0.0150104	
1007.83	0	0.00905136	
997.645	0	0.0153733	
988.275	0	0.00982732	
984.948	0	0.0187539	
982.666	0	0.00233797	
985.448	0	0.00341712	
1001.86	0	0.0159053	
998.1	0	0.0189422	
931.911	0	0.00753477	
963.439	0	0.0065255	
980.661	0	0.00193854	
990.152	0	0.00705908	
988.859	0	0.00360355	
968.53	0	0.00508244	
982.977	0	0.000831753	
975.536	0	0.00147224	
982.303	0	0.00116858	
976.105	0	0.00118875	
1035.34	0	0	
1035.34	0	0	
1035.34	0	0	
1035.34	0	0	
1035.34	0	0	
1031.5	0	0	
995.441	0	0.0050141	
989.074	0	0.00193756	
1035.34	0	0	
1035.34	0	0	
1035.34	0	0	
1035.34	0	0	
1035.34	0	0	
1039.11	0	0	
1039.11	0	0	
1036.87	0	0	
1037.46	0	0	
1002.58	0	0.00641108	
1006.34	0	0.00906368	
985.486	0	0.00626304	
972.284	0	0.0071004	
985.514	0	0.00345222	
982.204	0	0.00254894	
974.01	0	0.00201837	
938.365	0	0.00799018	
981.733	0	0.00511194	
987.722	0	0.00764132	
987.633	0	0.00349453	
987.041	0	0.0046548	
990.905	0	0.00153825	
1022.69	0	0	
944.893	0	0.00645909	
964.457	0	0.00294259	
1035.34	0	0	
1035.34	0	0	
1035.34	0	0	
1031.5	0	0	
1025.18	0	0.00853962	
1022.86	0	0.0190201	
993.746	0	0.00358697	
989.587	0	0.00175102	
1035.34	0	0	
1035.34	0	0	
1011.67	0	0.00593754	
1013.17	0	0.00897035	
1012.4	0	0.0119687	
1001.67	0	0.0133846	
984.289	0	0.00153839	
985.416	0	0.00415855	
977.128	0	0.000702376	
966.621	0	0.00262545	
989.685	0	0.00550171	
996.46	0	0.00377538	
988.674	0	0.00214595	
998.764	0	0.00306334	
1025.86	0	0	
982.277	0	0.00168321	
996.273	0	0.00422486	
989.535	0	0.00339806	
1021.08	0	0.00694367	
1029.93	0	0.00647462	
989.965	0	0.00217666	
993.465	0	0.00219086	
970.477	0	0.00204852	
981.74	0	0.00120764	
995.997	0	0.00292851	
1003.02	0	0.00438109	
993.827	0	0.0044661	
1001.46	0	0.00311057	
983.647	0	0.00130326	
1025.86	0	0	
982.408	0	0.00157666	
967.32	0	0.00545186	
1000.99	0	0.00298275	
1007	0	0.0022665	
1011.34	0	0.00189655	
1010.65	0	0.00133313	
1005.54	0	0.00339236	
1035.34	0	0	
1014.99	0	0.00157812	
1010.44	0	0.00223874	
1006.92	0	0.00193229	
1007.9	0	0.00155199	
1021.27	0	0.0026427	
1013.43	0	0.00383004	
1035.34	0	0	
1026.82	0	0.004438	
1027.16	0	0	
1028.74	0	0.00321248	
1019.21	0	0.00167564	
1023.75	0	0.00211297	
1027.72	0	0.00428173	
1025.3	0	0.0046289	
1027.77	0	0	
1035.34	0	0	
1035.34	0	0	
1035.34	0	0	
1028.32	0	0.025634	
1020.16	0	0.0123924	
1006.33	0	0.00587961	
1000.66	0	0.00516619	
1040.98	0	0.0155718	
1037.96	0	0.0039898	
1006.87	0	0.0220932	
1024.29	0	0.0185395	
1035.34	0	0	
1035.34	0	0	
1035.34	0	0	
1035.34	0	0	
1035.34	0	0	
1035.34	0	0	
1036.9	0	0	
1036.87	0	0	
1037.22	0	0	
1036.28	0	0	
1036.4	0	0	
1037.46	0	0	
1035.34	0	0	
1035.34	0	0	
1035.34	0	0	
1035.34	0	0	
1035.34	0	0	
1035.34	0	0	
1035.34	0	0	
1035.34	0	0	
986.947	0	0.00285094	
1025.42	0	0	
1031.46	0	0.00271751	
1033.55	0	0.00360529	
1024.88	0	0.00552157	
1018.07	0	0.00876553	
1010.04	0	0.0102912	
1001.09	0	0.00497662	
1011.55	0	0.013666	
1016.85	0	0.0168976	
1035.34	0	0	
1035.87	0	0	
1036.4	0	0	
1031.6	0	0.00289337	
1030.43	0	0	
1034.64	0	0.00267955	
1037.19	0	0.00901748	
1030.22	0	0.00558529	
1028.32	0	0.0125311	
1035.61	0	0	
1035.61	0	0	
1035.54	0	0	
1036.4	0	0	
1035.34	0	0	
1035.51	0	0	
1035.34	0	0	
1035.34	0	0	
1035.34	0	0	
1035.34	0	0	
1035.34	0	0	
1035.54	0	0	
1035.51	0	0	
1035.34	0	0	
1035.34	0	0	
1033.94	0	0	
1031.49	0	0	
1035.33	0	0.00365655	
1036.23	0	0.00343111	
1035.99	0	0.00434564	
1032.23	0	0	
1035.71	0	0	
1041.08	0	0.00609626	
1031.41	0	0.00413011	
1035.31	0	0.0046918	
1036.46	0	0	
1035.47	0	0	
1035.34	0	0	
1035.34	0	0	
1035.34	0	0	
1035.34	0	0	
1039.54	0	0.00716405	
1035.34	0	0	
1035.34	0	0	
1035.34	0	0	
1035.34	0	0	
1035.34	0	0	
1035.34	0	0	
1035.34	0	0	
1035.34	0	0	
1036.47	0	0	
1035.43	0	0	
1035.34	0	0	
1035.34	0	0	
1035.34	0	0	
1035.34	0	0	
1036.28	0	0	
1035.34	0	0	
1035.34	0	0	
1035.34	0	0	
1035.34	0	0	
1035.34	0	0	
1035.34	0	0	
1035.34	0	0	
1035.34	0	0	
1035.34	0	0	
1035.34	0	0	
1035.34	0	0	
1035.34	0	0	
1035.34	0	0	
1035.34	0	0	
1035.34	0	0	
1035.34	0	0	
1035.34	0	0	
1035.91	0	0	
1034.72	0	0	
1035.34	0	0	
1035.34	0	0	
1035.34	0	0	
1035.34	0	0	
1035.34	0	0	
1035.34	0	0	
1017.52	0	0.0141499	
1021.55	0	0.0104511	
979.029	0	0.00190961	
968.774	0	0.0104879	
998.548	0	0.00377265	
993.623	0	0.00325323	
985.02	0	0.00315713	
986.253	0	0.00260368	
1035.34	0	0	
1035.34	0	0	
1035.34	0	0	
1035.34	0	0	
1035.34	0	0	
1035.34	0	0	
1035.34	0	0	
1035.34	0	0	
1033.71	0	0	
1034.72	0	0	
1035.34	0	0	
1035.34	0	0	
1035.31	0	0	
1036.47	0	0	
1035.34	0	0	
1035.34	0	0	
1035.34	0	0	
1035.34	0	0	
1035.34	0	0	
1035.34	0	0	
1019.18	0	0.00930825	
1011.24	0	0.00757836	
1015.5	0	0	
1012.02	0	0	
1035.34	0	0	
1035.34	0	0	
1035.34	0	0	
1035.34	0	0	
1035.34	0	0	
1035.34	0	0	
1035.34	0	0	
1035.34	0	0	
1035.34	0	0	
1035.34	0	0	
1035.34	0	0	
1035.34	0	0	
1035.34	0	0	
1035.34	0	0	
1035.34	0	0	
1027.81	0	0.00895285	
1025.22	0	0.0105503	
1003.67	0	0.00883418	
1012.19	0	0	
1032.38	0	0	
1015.2	0	0	
1035.34	0	0	
1035.34	0	0	
1035.34	0	0	
1035.34	0	0	
1035.34	0	0	
1035.34	0	0	
1035.34	0	0	
1035.34	0	0	
1035.34	0	0	
1035.34	0	0	
1035.34	0	0	
983.444	0	0.00173239	
1033.86	0	0	
1035.31	0	0	
1034.41	0	0	
1034.76	0	0	
1035.34	0	0	
1035.34	0	0	
1035.34	0	0	
1026.15	0	0.0080586	
1014.61	0	0.0108813	
1032.97	0	0	
1033.86	0	0	
1035.34	0	0	
1035.34	0	0	
1035.34	0	0	
1035.34	0	0	
1035.34	0	0	
1035.34	0	0	
1035.34	0	0	
1035.34	0	0	
1029.31	0	0	
1029.31	0	0	
1035.34	0	0	
1022.69	0	0	
1035.34	0	0	
1033.08	0	0	
1035.34	0	0	
1029.31	0	0	
1035.34	0	0	
1035.34	0	0	
1035.34	0	0	
1030.99	0	0	
1031.39	0	0	
1033.71	0	0	
1034.64	0	0	
1035.14	0	0	
1035.29	0	0	
1035.34	0	0	
1035.34	0	0	
1035.34	0	0	
1035.34	0	0	
1025.97	0	0.013184	
1021.71	0	0	
1035.32	0	0	
1035.34	0	0	
1035.34	0	0	
1035.34	0	0	
1035.34	0	0	
1035.34	0	0	
1035.34	0	0	
1031.78	0	0	
1032.97	0	0	
1035.34	0	0	
1035.34	0	0	
1035.34	0	0	
1035.34	0	0	
1033.17	0	0	
1033.56	0	0	
1033.86	0	0	
1035.34	0	0	
1035.3	0	0	
1034.99	0	0	
1035.34	0	0	
1035.34	0	0	
1033.86	0	0	
1030.99	0	0	
1034.99	0	0	
1033.94	0	0	
1035	0	0	
1034.82	0	0	
1035	0	0	
1035.01	0	0	
1035.27	0	0	
1035.14	0	0	
1035.24	0	0	
1035.32	0	0	
1035.21	0	0	
1035.23	0	0	
1035.34	0	0	
1035.34	0	0	
1035.34	0	0	
1035.34	0	0	
1035.34	0	0	
1035.34	0	0	
1035.34	0	0	
1035.34	0	0	
1035.34	0	0	
1035.34	0	0	
1035.34	0	0	
1035.34	0	0	
1035.34	0	0	
1035.34	0	0	
1035.34	0	0	
1035.34	0	0	
1035.34	0	0	
1035.34	0	0	
1034.99	0	0	
1035.21	0	0	
1035.31	0	0	
1035.31	0	0	
1035.31	0	0	
1035.34	0	0	
1035.34	0	0	
1035.34	0	0	
1035.25	0	0	
1035.21	0	0	
1035.34	0	0	
1035.34	0	0	
1035.34	0	0	
1035.34	0	0	
1028.52	0	0	
1035.34	0	0	
1035.34	0	0	
1035.34	0	0	
1035.32	0	0	
1035.34	0	0	
1021.71	0	0	
1028.52	0	0	
1035.34	0	0	
1035.34	0	0	
1035.34	0	0	
1035.34	0	0	
1035.34	0	0	
1035.34	0	0	
1035.34	0	0	
1035.34	0	0	
1035.34	0	0	
1035.34	0	0	
1035.34	0	0	
1035.34	0	0	
1035.28	0	0	
1035.25	0	0	
1035.34	0	0	
1035.34	0	0	
1035.23	0	0	
1035.23	0	0	
1035.33	0	0	
1035.34	0	0	
1035.34	0	0	
1035.34	0	0	
1035.34	0	0	
1035.34	0	0	
1035.34	0	0	
1035.34	0	0	
1035.34	0	0	
1035.34	0	0	
1035.34	0	0	
1035.34	0	0	
1035.34	0	0	
1035.34	0	0	
1035.34	0	0	
1035.34	0	0	
1035.34	0	0	
1035.34	0	0	
1035.34	0	0	
1035.32	0	0	
1035.3	0	0	
1035.34	0	0	
1035.34	0	0	
1035.34	0	0	
1035.34	0	0	
1035.34	0	0	
1035.34	0	0	
1035.34	0	0	
1035.34	0	0	
1035.34	0	0	
1035.34	0	0	
1035.34	0	0	
1035.34	0	0	
1035.34	0	0	
1035.34	0	0	
1035.34	0	0	
1035.34	0	0	
1035.34	0	0	
1035.34	0	0	
1035.34	0	0	
1035.34	0	0	
1035.34	0	0	
1035.34	0	0	
1035.34	0	0	
1030.66	0	0	
1031.93	0	0	
1035.33	0	0	
1035.32	0	0	
1035.34	0	0	
1035.34	0	0	
1035.34	0	0	
1035.34	0	0	
1035.34	0	0	
1035.34	0	0	
1035.34	0	0	
1035.34	0	0	
1035.34	0	0	
1035.34	0	0	
1035.34	0	0	
1035.34	0	0	
1035.34	0	0	
1035.34	0	0	
1035.34	0	0	
1035.34	0	0	
1035.34	0	0	
1030.66	0	0	
1032.79	0	0	
1034.49	0	0	
1033.64	0	0	
1034.06	0	0	
1034.49	0	0	
1035.34	0	0	
1035.34	0	0	
1034.59	0	0	
1035.34	0	0	
1035.34	0	0	
1035.34	0	0	
1033.08	0	0	
1027.41	0	0	
1035.3	0	0	
1035.31	0	0	
1035.34	0	0	
1035.34	0	0	
1035.34	0	0	
1035.34	0	0	
1034.59	0	0	
1035.34	0	0	
1033.83	0	0	
1035.3	0	0	
1035.31	0	0	
1035.34	0	0	
1035.34	0	0	
1035.34	0	0	
1035.34	0	0	
1035.34	0	0	
1035.34	0	0	
1035.33	0	0	
1035.32	0	0	
1035.34	0	0	
1035.34	0	0	
1035.34	0	0	
1035.34	0	0	
1035.34	0	0	
1035.34	0	0	
1035.34	0	0	
1035.34	0	0	
1035.34	0	0	
1035.34	0	0	
1035.34	0	0	
1035.34	0	0	
1035.34	0	0	
1035.34	0	0	
1035.34	0	0	
1035.34	0	0	
1035.34	0	0	
1035.34	0	0	
1035.34	0	0	
1035.34	0	0	
1035.34	0	0	
1035.34	0	0	
1035.34	0	0	
1035.34	0	0	
1035.34	0	0	
1035.34	0	0	
1035.34	0	0	
1035.34	0	0	
1035.34	0	0	
1035.34	0	0	
1035.34	0	0	
1035.34	0	0	
1035.34	0	0	
1035.34	0	0	
1035.34	0	0	
1035.34	0	0	
1035.34	0	0	
1035.34	0	0	
1035.34	0	0	
1035.34	0	0	
1035.34	0	0	
1035.34	0	0	
1035.34	0	0	
1035.34	0	0	
1035.34	0	0	
1035.34	0	0	
1035.34	0	0	
1035.34	0	0	
1035.34	0	0	
1035.34	0	0	
1035.34	0	0	
1035.34	0	0	
1035.34	0	0	
1035.34	0	0	
1035.34	0	0	
1035.34	0	0	
1035.34	0	0	
1035.34	0	0	
1035.34	0	0	
1035.34	0	0	
1035.34	0	0	
1035.34	0	0	
1035.34	0	0	
1035.34	0	0	
1035.34	0	0	
1035.34	0	0	
1035.34	0	0	
1035.34	0	0	
1035.34	0	0	
1035.34	0	0	
1035.34	0	0	
1035.34	0	0	
1035.34	0	0	
1035.34	0	0	
1035.34	0	0	
1035.34	0	0	
1035.34	0	0	
1035.34	0	0	
1035.34	0	0	
1035.34	0	0	
1035.34	0	0	
1035.34	0	0	
1035.34	0	0	
1035.34	0	0	
1035.34	0	0	
1035.34	0	0	
1035.34	0	0	
1035.34	0	0	
1035.34	0	0	
1035.34	0	0	
1035.34	0	0	
1035.34	0	0	
1035.34	0	0	
1035.34	0	0	
1035.34	0	0	
1035.34	0	0	
1035.34	0	0	
1035.34	0	0	
1035.34	0	0	
1035.34	0	0	
1035.34	0	0	
1035.34	0	0	
1035.34	0	0	
1035.34	0	0	
1035.34	0	0	
1035.34	0	0	
1035.34	0	0	
1035.34	0	0	
1035.34	0	0	
1035.34	0	0	
1035.34	0	0	
1035.34	0	0	
1035.34	0	0	
1035.34	0	0	
1035.34	0	0	
1035.34	0	0	
1035.34	0	0	
1035.34	0	0	
1035.34	0	0	
1035.34	0	0	
1035.34	0	0	
1035.34	0	0	
1035.34	0	0	
1035.34	0	0	
1035.34	0	0	
1035.34	0	0	
1035.34	0	0	
1035.34	0	0	
1035.34	0	0	
1035.34	0	0	
1035.34	0	0	
1035.34	0	0	
1035.34	0	0	
1035.34	0	0	
1035.34	0	0	
1035.34	0	0	
1035.34	0	0	
1035.34	0	0	
1035.34	0	0	
1035.34	0	0	
1035.34	0	0	
1035.34	0	0	
1035.34	0	0	
1035.34	0	0	
1035.34	0	0	
1035.34	0	0	
1035.34	0	0	
1035.34	0	0	
1035.34	0	0	
1035.34	0	0	
1035.34	0	0	
1035.34	0	0	
1035.34	0	0	
1035.34	0	0	
1035.34	0	0	
1035.34	0	0	
1035.34	0	0	
1035.34	0	0	
1035.34	0	0	
1035.34	0	0	
1035.34	0	0	
1035.34	0	0	
1035.34	0	0	
1035.34	0	0	
1035.34	0	0	
1035.34	0	0	
1035.34	0	0	
1035.34	0	0	
1035.34	0	0	
1035.34	0	0	
1035.34	0	0	
1035.34	0	0	
1035.34	0	0	
1035.34	0	0	
1035.34	0	0	
1035.34	0	0	
1035.34	0	0	
1035.34	0	0	
1035.34	0	0	
1035.34	0	0	
1035.34	0	0	
1035.34	0	0	
1035.34	0	0	
1035.34	0	0	
1035.34	0	0	
1035.34	0	0	
1035.34	0	0	
1035.34	0	0	
1035.34	0	0	
1035.34	0	0	
1035.34	0	0	
1035.34	0	0	
1035.34	0	0	
1035.34	0	0	
1035.34	0	0	
1035.34	0	0	
1035.34	0	0	
1035.34	0	0	
1035.34	0	0	
1035.34	0	0	
1035.34	0	0	
1035.34	0	0	
1035.34	0	0	
1035.34	0	0	
1035.34	0	0	
1035.34	0	0	
1035.34	0	0	
1035.34	0	0	
1035.34	0	0	
1035.34	0	0	
1035.34	0	0	
1035.34	0	0	
1035.34	0	0	
1035.34	0	0	
1035.34	0	0	
1035.34	0	0	
1035.34	0	0	
1035.34	0	0	
1035.34	0	0	
1035.34	0	0	
1035.34	0	0	
1035.34	0	0	
1035.34	0	0	
1035.34	0	0	
1035.34	0	0	
1035.34	0	0	
1035.34	0	0	
1035.34	0	0	
1035.34	0	0	
1035.34	0	0	
1035.34	0	0	
1035.34	0	0	
1035.34	0	0	
1035.34	0	0	
1035.34	0	0	
1035.34	0	0	
1035.34	0	0	
1035.34	0	0	
1035.34	0	0	
1035.34	0	0	
1035.34	0	0	
1035.34	0	0	
1035.34	0	0	
1035.34	0	0	
1035.34	0	0	
1035.34	0	0	
1035.34	0	0	
1035.34	0	0	
1035.34	0	0	
1035.34	0	0	
1035.34	0	0	
1035.34	0	0	
1035.34	0	0	
1035.34	0	0	
1035.34	0	0	
1035.34	0	0	
1035.34	0	0	
1035.34	0	0	
1035.34	0	0	
1035.34	0	0	
1035.34	0	0	
1035.34	0	0	
1035.34	0	0	
1035.34	0	0	
1035.34	0	0	
1035.34	0	0	
1035.34	0	0	
1035.34	0	0	
1035.34	0	0	
1035.34	0	0	
1035.34	0	0	
1035.34	0	0	
1035.34	0	0	
1035.34	0	0	
1035.34	0	0	
1035.34	0	0	
1035.34	0	0	
1035.34	0	0	
1035.34	0	0	
1035.34	0	0	
1035.34	0	0	
1035.34	0	0	
1035.34	0	0	
1035.34	0	0	
1035.34	0	0	
1035.34	0	0	
1035.34	0	0	
1035.34	0	0	
1035.34	0	0	
1035.34	0	0	
1035.34	0	0	
1035.34	0	0	
1035.34	0	0	
1035.34	0	0	
1035.34	0	0	
1035.34	0	0	
1035.34	0	0	
1035.34	0	0	
1035.34	0	0	
1035.34	0	0	
1035.34	0	0	
1035.34	0	0	
1035.34	0	0	
1035.34	0	0	
1035.34	0	0	
1035.34	0	0	
1035.34	0	0	
1035.34	0	0	
1035.34	0	0	
1035.34	0	0	
1035.34	0	0	
1035.34	0	0	
1035.34	0	0	
1035.34	0	0	
1035.34	0	0	
1035.34	0	0	
1035.34	0	0	
1035.34	0	0	
1035.34	0	0	
1035.34	0	0	
1035.34	0	0	
1035.34	0	0	
1035.34	0	0	
1035.34	0	0	
1035.34	0	0	
1035.34	0	0	
1035.34	0	0	
1035.34	0	0	
1035.34	0	0	
1035.34	0	0	
1035.34	0	0	
1035.34	0	0	
1035.34	0	0	
1035.34	0	0	
1035.34	0	0	
1035.34	0	0	
1035.34	0	0	
1035.34	0	0	
1035.34	0	0	
1035.34	0	0	
1035.34	0	0	
1035.34	0	0	
1035.34	0	0	
1035.34	0	0	
1035.34	0	0	
1035.34	0	0	
1035.34	0	0	
1035.34	0	0	
1035.34	0	0	
1035.34	0	0	
1035.34	0	0	
1035.34	0	0	
1035.34	0	0	
1035.34	0	0	
1035.34	0	0	
1035.34	0	0	
1035.34	0	0	
1035.34	0	0	
1035.34	0	0	
1035.34	0	0	
1035.34	0	0	
1035.34	0	0	
1035.34	0	0	
1035.34	0	0	
1035.34	0	0	
1035.34	0	0	
1035.34	0	0	
1035.34	0	0	
1035.34	0	0	
1035.34	0	0	
1035.34	0	0	
1035.34	0	0	
1035.34	0	0	
1035.34	0	0	
1035.34	0	0	
1035.34	0	0	
1035.34	0	0	
1035.34	0	0	
