# File: Inv_SEN0.vtk
# (No specific header documentation)

# vtk DataFile Version 2.0
Finite element discrete.
ASCII
DATASET UNSTRUCTURED_GRID
POINTS 1460 double
-2208.06	0	0
-1864.63	0	0
-1578.44	0	0
-1339.95	0	0
-1141.21	0	0
-975.592	0	0
-837.577	0	0
-722.564	0	0
-626.72	0	0
-546.85	0	0
-480.292	0	0
-424.826	0	0
-378.605	0	0
-340.088	0	0
-307.99	0	0
-281.242	0	0
-258.951	0	0
-240.376	0	0
-224.897	0	0
-211.997	0	0
-201.248	0	0
-192.29	0	0
-184.825	0	0
-178.604	0	0
-173.42	0	0
-169.1	0	0
-165.5	0	0
-162.5	0	0
-160	0	0
-158.75	0	0
-157.5	0	0
-156.25	0	0
-155	0	0
-153.75	0	0
-152.5	0	0
-151.25	0	0
-150	0	0
-148.75	0	0
-147.5	0	0
-146.25	0	0
-145	0	0
-143.75	0	0
-142.5	0	0
-141.25	0	0
-140	0	0
-138.75	0	0
-137.5	0	0
-136.25	0	0
-135	0	0
-133.75	0	0
-132.5	0	0
-131.25	0	0
-130	0	0
-128.75	0	0
-127.5	0	0
-126.25	0	0
-125	0	0
-123.75	0	0
-122.5	0	0
-121.25	0	0
-120	0	0
-118.75	0	0
-117.5	0	0
-116.25	0	0
-115	0	0
-113.75	0	0
-112.5	0	0
-111.25	0	0
-110	0	0
-108.75	0	0
-107.5	0	0
-106.25	0	0
-105	0	0
-103.75	0	0
-102.5	0	0
-101.25	0	0
-100	0	0
-98.75	0	0
-97.5	0	0
-96.25	0	0
-95	0	0
-93.75	0	0
-92.5	0	0
-91.25	0	0
-90	0	0
-88.75	0	0
-87.5	0	0
-86.25	0	0
-85	0	0
-83.75	0	0
-82.5	0	0
-81.25	0	0
-80	0	0
-78.75	0	0
-77.5	0	0
-76.25	0	0
-75	0	0
-73.75	0	0
-72.5	0	0
-71.25	0	0
-70	0	0
-68.75	0	0
-67.5	0	0
-66.25	0	0
-65	0	0
-63.75	0	0
-62.5	0	0
-61.25	0	0
-60	0	0
-58.75	0	0
-57.5	0	0
-56.25	0	0
-55	0	0
-53.75	0	0
-52.5	0	0
-51.25	0	0
-50	0	0
-48.75	0	0
-47.5	0	0
-46.25	0	0
-45	0	0
-43.75	0	0
-42.5	0	0
-41.25	0	0
-40	0	0
-38.75	0	0
-37.5	0	0
-36.25	0	0
-35	0	0
-33.75	0	0
-32.5	0	0
-31.25	0	0
-30	0	0
-28.75	0	0
-27.5	0	0
-26.25	0	0
-25	0	0
-23.75	0	0
-22.5	0	0
-21.25	0	0
-20	0	0
-18.75	0	0
-17.5	0	0
-16.25	0	0
-15	0	0
-13.75	0	0
-12.5	0	0
-11.25	0	0
-10	0	0
-8.75	0	0
-7.5	0	0
-6.25	0	0
-5	0	0
-3.75	0	0
-2.5	0	0
-1.25	0	0
0	0	0
1.25	0	0
2.5	0	0
3.75	0	0
5	0	0
6.25	0	0
7.5	0	0
8.75	0	0
10	0	0
11.25	0	0
12.5	0	0
13.75	0	0
15	0	0
16.25	0	0
17.5	0	0
18.75	0	0
20	0	0
21.25	0	0
22.5	0	0
23.75	0	0
25	0	0
26.25	0	0
27.5	0	0
28.75	0	0
30	0	0
31.25	0	0
32.5	0	0
33.75	0	0
35	0	0
36.25	0	0
37.5	0	0
38.75	0	0
40	0	0
41.25	0	0
42.5	0	0
43.75	0	0
45	0	0
46.25	0	0
47.5	0	0
48.75	0	0
50	0	0
51.25	0	0
52.5	0	0
53.75	0	0
55	0	0
56.25	0	0
57.5	0	0
58.75	0	0
60	0	0
61.25	0	0
62.5	0	0
63.75	0	0
65	0	0
66.25	0	0
67.5	0	0
68.75	0	0
70	0	0
71.25	0	0
72.5	0	0
73.75	0	0
75	0	0
76.25	0	0
77.5	0	0
78.75	0	0
80	0	0
81.25	0	0
82.5	0	0
83.75	0	0
85	0	0
86.25	0	0
87.5	0	0
88.75	0	0
90	0	0
91.25	0	0
92.5	0	0
93.75	0	0
95	0	0
96.25	0	0
97.5	0	0
98.75	0	0
100	0	0
101.25	0	0
102.5	0	0
103.75	0	0
105	0	0
106.25	0	0
107.5	0	0
108.75	0	0
110	0	0
111.25	0	0
112.5	0	0
113.75	0	0
115	0	0
116.25	0	0
117.5	0	0
118.75	0	0
120	0	0
121.25	0	0
122.5	0	0
123.75	0	0
125	0	0
126.25	0	0
127.5	0	0
128.75	0	0
130	0	0
131.25	0	0
132.5	0	0
133.75	0	0
135	0	0
136.25	0	0
137.5	0	0
138.75	0	0
140	0	0
141.25	0	0
142.5	0	0
143.75	0	0
145	0	0
146.25	0	0
147.5	0	0
148.75	0	0
150	0	0
151.25	0	0
152.5	0	0
153.75	0	0
155	0	0
156.25	0	0
157.5	0	0
158.75	0	0
161.25	0	0
164.25	0	0
167.85	0	0
172.17	0	0
177.354	0	0
183.575	0	0
191.04	0	0
199.998	0	0
210.747	0	0
223.647	0	0
239.126	0	0
257.701	0	0
279.992	0	0
306.74	0	0
338.838	0	0
377.355	0	0
423.576	0	0
479.042	0	0
545.6	0	0
625.47	0	0
721.314	0	0
836.327	0	0
974.342	0	0
1139.96	0	0
1338.7	0	0
1577.19	0	0
1863.38	0	0
2206.81	0	0
-2208.06	-4856.36	0
2206.81	-4856.36	0
-0.625	-4414.87	0
-0.625	-4856.36	0
-159.375	-2.00447	0
-64.375	-2.00447	0
31.875	-2.00447	0
126.875	-2.00447	0
-113.125	-2.00447	0
-136.875	-2.00447	0
-148.125	-2.00447	0
-154.375	-2.00447	0
-156.875	-2.00447	0
-16.875	-2.00447	0
-40.625	-2.00447	0
-53.125	-2.00447	0
-59.375	-2.00447	0
-61.875	-2.00447	0
-65.625	-1.29455	0
-71.875	-2.00447	0
79.375	-2.00447	0
55.625	-2.00447	0
43.125	-2.00447	0
36.875	-2.00447	0
34.375	-2.00447	0
33.125	-1.29455	0
30.625	-1.29455	0
24.375	-2.00447	0
158.125	-2.00447	0
141.875	-2.00447	0
133.125	-2.00447	0
129.375	-2.00447	0
128.125	-1.29455	0
125.625	-1.29455	0
119.375	-2.00447	0
-114.375	-1.29455	0
-120.625	-2.00447	0
-93.125	-2.00447	0
-103.125	-2.00447	0
-109.375	-2.00447	0
-111.875	-1.29455	0
-138.125	-1.29455	0
-129.375	-2.00447	0
-133.125	-2.00447	0
-135.625	-1.29455	0
-149.375	-1.29455	0
-143.125	-2.00447	0
-145.625	-2.00447	0
-146.875	-1.29455	0
-155.625	-1.29455	0
-151.875	-2.00447	0
-153.125	-1.29455	0
-158.125	-1.29455	0
-18.125	-1.29455	0
-24.375	-2.00447	0
3.125	-2.00447	0
-6.875	-2.00447	0
-13.125	-2.00447	0
-15.625	-1.29455	0
-41.875	-1.29455	0
-33.125	-2.00447	0
-36.875	-2.00447	0
-39.375	-1.29455	0
-54.375	-1.29455	0
-48.125	-2.00447	0
-50.625	-2.00447	0
-51.875	-1.29455	0
-60.625	-1.29455	0
-56.875	-2.00447	0
-58.125	-1.29455	0
-63.125	-1.29455	0
-66.875	-1.09989	0
-69.375	-2.00447	0
-70.625	-1.29455	0
-73.125	-1.29455	0
-79.375	-2.00447	0
99.375	-2.00447	0
89.375	-2.00447	0
83.125	-2.00447	0
80.625	-1.29455	0
78.125	-1.29455	0
71.875	-2.00447	0
63.125	-2.00447	0
59.375	-2.00447	0
56.875	-1.29455	0
54.375	-1.29455	0
48.125	-2.00447	0
45.625	-2.00447	0
44.375	-1.29455	0
41.875	-1.29455	0
39.375	-2.00447	0
38.125	-1.29455	0
35.625	-1.29455	0
29.375	-1.09989	0
26.875	-2.00447	0
25.625	-1.29455	0
23.125	-1.29455	0
16.875	-2.00447	0
156.875	-1.29455	0
150.625	-2.00447	0
145.625	-2.00447	0
143.125	-1.29455	0
140.625	-1.29455	0
136.875	-2.00447	0
134.375	-1.29455	0
131.875	-1.29455	0
124.375	-1.09989	0
121.875	-2.00447	0
120.625	-1.29455	0
118.125	-1.29455	0
111.875	-2.00447	0
-115.625	-1.09989	0
-118.125	-2.00447	0
-119.375	-1.29455	0
-121.875	-1.29455	0
-86.875	-2.00447	0
-90.625	-2.00447	0
-91.875	-1.29455	0
-94.375	-1.29455	0
-99.375	-2.00447	0
-101.875	-1.29455	0
-104.375	-1.29455	0
-106.875	-2.00447	0
-108.125	-1.29455	0
-110.625	-1.09989	0
-139.375	-1.09989	0
-125.625	-2.00447	0
-128.125	-1.29455	0
-130.625	-1.29455	0
-134.375	-1.09989	0
-150.625	-1.09989	0
-141.875	-1.29455	0
-144.375	-1.29455	0
-19.375	-1.09989	0
-21.875	-2.00447	0
-23.125	-1.29455	0
-25.625	-1.29455	0
9.375	-2.00447	0
5.625	-2.00447	0
4.375	-1.29455	0
1.875	-1.29455	0
-3.125	-2.00447	0
-5.625	-1.29455	0
-8.125	-1.29455	0
-10.625	-2.00447	0
-11.875	-1.29455	0
-14.375	-1.09989	0
-43.125	-1.09989	0
-29.375	-2.00447	0
-31.875	-1.29455	0
-34.375	-1.29455	0
-38.125	-1.09989	0
-55.625	-1.09989	0
-45.625	-2.00447	0
-46.875	-1.29455	0
-49.375	-1.29455	0
-68.125	-1.08267	0
-66.5621	-3.20169	0
-74.375	-1.09989	0
-76.875	-2.00447	0
-78.125	-1.29455	0
-80.625	-1.29455	0
105.625	-2.00447	0
101.875	-2.00447	0
100.625	-1.29455	0
98.125	-1.29455	0
93.125	-2.00447	0
90.625	-1.29455	0
88.125	-1.29455	0
85.625	-2.00447	0
84.375	-1.29455	0
81.875	-1.09989	0
76.875	-1.09989	0
74.375	-2.00447	0
73.125	-1.29455	0
70.625	-1.29455	0
66.875	-2.00447	0
64.375	-1.29455	0
61.875	-1.29455	0
58.125	-1.09989	0
53.125	-1.09989	0
50.625	-2.00447	0
49.375	-1.29455	0
46.875	-1.29455	0
40.625	-1.09989	0
28.125	-1.08267	0
29.6879	-3.20169	0
21.875	-1.09989	0
19.375	-2.00447	0
18.125	-1.29455	0
15.625	-1.29455	0
155.625	-1.09989	0
153.125	-2.00447	0
151.875	-1.29455	0
149.375	-1.29455	0
146.875	-1.29455	0
144.375	-1.09989	0
139.375	-1.09989	0
135.625	-1.09989	0
130.625	-1.09989	0
123.125	-1.08267	0
124.688	-3.20169	0
116.875	-1.09989	0
114.375	-2.00447	0
113.125	-1.29455	0
110.625	-1.29455	0
-116.875	-1.08267	0
-115.312	-3.20169	0
-123.125	-1.09989	0
-84.375	-2.00447	0
-85.625	-1.29455	0
-88.125	-1.29455	0
-95.625	-1.09989	0
-98.125	-1.29455	0
-100.625	-1.09989	0
-105.625	-1.09989	0
-110.983	-2.91077	0
-140.625	-1.08267	0
-139.062	-3.20169	0
-126.875	-1.09989	0
-131.875	-1.09989	0
-134.733	-2.91077	0
-150.267	-2.91077	0
-20.625	-1.08267	0
-19.0621	-3.20169	0
-26.875	-1.09989	0
11.875	-2.00447	0
10.625	-1.29455	0
8.125	-1.29455	0
0.625	-1.09989	0
-1.875	-1.29455	0
-4.375	-1.09989	0
-9.375	-1.09989	0
-14.7332	-2.91077	0
-44.375	-1.08267	0
-42.8121	-3.20169	0
-30.625	-1.09989	0
-35.625	-1.09989	0
-38.4832	-2.91077	0
-55.2668	-2.91077	0
-67.5162	-2.26952	0
-75.625	-1.08267	0
-74.0621	-3.20169	0
-81.875	-1.09989	0
108.125	-2.00447	0
106.875	-1.29455	0
104.375	-1.29455	0
96.875	-1.09989	0
94.375	-1.29455	0
91.875	-1.09989	0
86.875	-1.09989	0
81.5168	-2.91077	0
75.625	-1.08267	0
77.1879	-3.20169	0
69.375	-1.09989	0
65.625	-1.09989	0
60.625	-1.09989	0
57.7668	-2.91077	0
51.875	-1.08267	0
53.4379	-3.20169	0
40.9832	-2.91077	0
28.7338	-2.26952	0
20.625	-1.08267	0
22.1879	-3.20169	0
14.375	-1.09989	0
154.375	-1.08267	0
155.938	-3.20169	0
148.125	-1.09989	0
144.017	-2.91077	0
138.125	-1.08267	0
139.688	-3.20169	0
135.267	-2.91077	0
130.983	-2.91077	0
123.734	-2.26952	0
115.625	-1.08267	0
117.188	-3.20169	0
109.375	-1.09989	0
-116.266	-2.26952	0
-124.375	-1.08267	0
-122.812	-3.20169	0
-89.375	-1.09989	0
-96.875	-1.08267	0
-95.3121	-3.20169	0
-100.983	-2.91077	0
-105.267	-2.91077	0
-140.016	-2.26952	0
-127.233	-2.91077	0
-131.517	-2.91077	0
-20.0162	-2.26952	0
-28.125	-1.08267	0
-26.5621	-3.20169	0
6.875	-1.09989	0
-0.625	-1.08267	0
0.937855	-3.20169	0
-4.73316	-2.91077	0
-9.01684	-2.91077	0
-43.7662	-2.26952	0
-30.9832	-2.91077	0
-35.2668	-2.91077	0
-68.534	-4.26556	0
-75.0162	-2.26952	0
-83.125	-1.08267	0
-81.5621	-3.20169	0
103.125	-1.09989	0
95.625	-1.08267	0
97.1879	-3.20169	0
91.5168	-2.91077	0
87.2332	-2.91077	0
76.2338	-2.26952	0
68.125	-1.08267	0
69.6879	-3.20169	0
65.2668	-2.91077	0
60.9832	-2.91077	0
52.4838	-2.26952	0
27.716	-4.26556	0
21.2338	-2.26952	0
13.125	-1.08267	0
14.6879	-3.20169	0
154.984	-2.26952	0
147.812	-3.20169	0
138.734	-2.26952	0
122.716	-4.26556	0
116.234	-2.26952	0
109.733	-2.91077	0
-117.284	-4.26556	0
-123.766	-2.26952	0
-89.0168	-2.91077	0
-96.2662	-2.26952	0
-141.034	-4.26556	0
-21.034	-4.26556	0
-27.5162	-2.26952	0
7.23316	-2.91077	0
-0.016236	-2.26952	0
-44.784	-4.26556	0
-76.034	-4.26556	0
-82.5162	-2.26952	0
103.483	-2.91077	0
96.2338	-2.26952	0
75.216	-4.26556	0
68.7338	-2.26952	0
51.466	-4.26556	0
20.216	-4.26556	0
13.7338	-2.26952	0
153.966	-4.26556	0
148.587	-2.24287	0
137.716	-4.26556	0
115.216	-4.26556	0
-124.784	-4.26556	0
-97.284	-4.26556	0
-28.534	-4.26556	0
-1.03398	-4.26556	0
-83.534	-4.26556	0
95.216	-4.26556	0
67.716	-4.26556	0
12.716	-4.26556	0
149.737	-3.96508	0
33.125	-2.74999	0
128.125	-2.74999	0
-146.875	-2.74999	0
-155.625	-2.74999	0
-153.125	-2.74999	0
-158.125	-2.74999	0
-51.875	-2.74999	0
-60.625	-2.74999	0
-58.125	-2.74999	0
-63.125	-2.74999	0
-70.625	-2.74999	0
44.375	-2.74999	0
38.125	-2.74999	0
35.625	-2.74999	0
25.625	-2.74999	0
120.625	-2.74999	0
-119.375	-2.74999	0
-91.875	-2.74999	0
-108.125	-2.74999	0
-144.375	-2.74999	0
-23.125	-2.74999	0
4.375	-2.74999	0
-11.875	-2.74999	0
-46.875	-2.74999	0
-49.375	-2.74999	0
-78.125	-2.74999	0
100.625	-2.74999	0
84.375	-2.74999	0
73.125	-2.74999	0
49.375	-2.74999	0
46.875	-2.74999	0
18.125	-2.74999	0
151.875	-2.74999	0
113.125	-2.74999	0
-85.625	-2.74999	0
10.625	-2.74999	0
106.875	-2.74999	0
-141.802	-2.87844	0
-98.052	-2.87844	0
-1.80205	-2.87844	0
94.448	-2.87844	0
31.5394	-3.98781	0
129.508	-3.64826	0
126.539	-3.98781	0
-148.512	-4.07398	0
-154.375	-3.42515	0
-151.742	-3.64826	0
-156.875	-3.42515	0
-159.945	-4.38169	0
-53.512	-4.07398	0
-59.375	-3.42515	0
-56.7419	-3.64826	0
-61.875	-3.42515	0
-64.7106	-3.98781	0
-72.2106	-3.98781	0
42.738	-4.07398	0
39.5081	-3.64826	0
34.375	-3.42515	0
36.875	-3.42515	0
24.0394	-3.98781	0
119.039	-3.98781	0
-120.961	-3.98781	0
-90.4919	-3.64826	0
-93.4606	-3.98781	0
-109.508	-3.64826	0
-106.742	-3.64826	0
-145.625	-3.42515	0
-24.7106	-3.98781	0
5.75807	-3.64826	0
2.78942	-3.98781	0
-13.2581	-3.64826	0
-10.4919	-3.64826	0
-50.625	-3.42515	0
-48.125	-3.42515	0
-79.7106	-3.98781	0
102.008	-3.64826	0
99.0394	-3.98781	0
82.9919	-3.64826	0
85.7581	-3.64826	0
71.5394	-3.98781	0
45.625	-3.42515	0
48.125	-3.42515	0
16.5394	-3.98781	0
111.488	-4.07398	0
-87.262	-4.07398	0
8.98803	-4.07398	0
108.258	-3.64826	0
105.238	-4.07398	0
-143.119	-3.4344	0
-99.5093	-3.64606	0
-3.25931	-3.64606	0
92.9907	-3.64606	0
131.428	-5.64493	0
128.082	-4.32968	0
-153.119	-4.25517	0
-150.249	-4.78972	0
-155.625	-4.2447	0
-158.238	-4.4548	0
-58.1193	-4.25517	0
-55.2493	-4.78972	0
-60.625	-4.2447	0
-63.1696	-4.32728	0
41.0007	-4.78972	0
33.0804	-4.32728	0
38.1307	-4.25517	0
35.625	-4.2447	0
-91.9177	-4.32968	0
-111.428	-5.64493	0
-104.822	-5.64493	0
-146.933	-4.35218	0
4.33226	-4.32968	0
-15.1782	-5.64493	0
-8.57177	-5.64493	0
-51.9331	-4.35218	0
-49.375	-4.2447	0
-46.6566	-4.64898	0
100.582	-4.32968	0
81.0718	-5.64493	0
87.6782	-5.64493	0
44.3169	-4.35218	0
46.875	-4.2447	0
49.5934	-4.64898	0
-88.9993	-4.78972	0
7.25066	-4.78972	0
109.751	-4.78972	0
106.817	-4.35266	0
103.501	-4.78972	0
-144.375	-4.24424	0
126.763	-6.63281	0
129.537	-5.5418	0
-151.831	-5.31181	0
-156.894	-4.8174	0
-155.341	-6.56622	0
-158.148	-6.79184	0
-56.8314	-5.31181	0
-64.4845	-6.62861	0
31.7655	-6.62861	0
39.4186	-5.31181	0
-93.2374	-6.63281	0
-101.425	-5.64183	0
-148.169	-6.74499	0
3.01264	-6.63281	0
-5.17531	-5.64183	0
-53.1686	-6.74499	0
-50.6329	-4.80031	0
-51.7591	-5.95743	0
-49.113	-6.5397	0
-48.0774	-4.86082	0
99.2626	-6.63281	0
91.0747	-5.64183	0
43.0814	-6.74499	0
45.6171	-4.80031	0
44.4909	-5.95743	0
47.137	-6.5397	0
48.1726	-4.86082	0
-90.576	-5.30478	0
5.67401	-5.30478	0
108.175	-5.30367	0
105.581	-6.74585	0
101.924	-5.30478	0
-145.633	-4.80027	0
-146.759	-5.95743	0
-144.112	-6.53909	0
-153.537	-6.07737	0
-59.1698	-6.84886	0
37.0802	-6.84886	0
-150.389	-7.02345	0
-55.3893	-7.02345	0
-51.2009	-8.61153	0
-47.0874	-6.63037	0
40.8607	-7.02345	0
45.0491	-8.61153	0
49.1626	-6.63037	0
-88.9617	-7.57552	0
7.28827	-7.57552	0
109.787	-7.57361	0
103.358	-7.02503	0
-142.849	-5.23197	0
-146.201	-8.61155	0
-133.125	-3.88438	0
-36.875	-3.88438	0
59.375	-3.88438	0
145.824	-4.23741	0
130.317	-8.62564	0
-153.655	-9.21523	0
-45.4133	-5.95678	0
50.8367	-5.95678	0
-87.4181	-6.16153	0
8.83192	-6.16153	0
111.332	-6.16131	0
-141.385	-7.91119	0
-130.76	-5.97638	0
-39.2403	-5.97638	0
-34.5097	-5.97638	0
57.0097	-5.97638	0
61.7403	-5.97638	0
-42.5414	-6.06272	0
53.7086	-6.06272	0
-135.49	-5.97638	0
-45.1702	-8.97808	0
51.0798	-8.97808	0
-161.25	-1.48943	0
-164	-2.52812	0
160	-1.48943	0
162.75	-2.52812	0
159.888	-4.75365	0
141.968	-4.76987	0
-70.4123	-4.65683	0
-68.8457	-7.47327	0
-72.3843	-7.20595	0
25.8377	-4.65683	0
27.4043	-7.47327	0
23.8657	-7.20595	0
120.838	-4.65683	0
122.404	-7.47327	0
118.866	-7.20595	0
-119.162	-4.65683	0
-121.134	-7.20595	0
-117.596	-7.47327	0
-22.9123	-4.65683	0
-24.8843	-7.20595	0
-21.3457	-7.47327	0
-77.9123	-4.65683	0
-79.8843	-7.20595	0
-76.3457	-7.47327	0
73.3377	-4.65683	0
71.3657	-7.20595	0
74.9043	-7.47327	0
18.3377	-4.65683	0
16.3657	-7.20595	0
19.9043	-7.47327	0
113.326	-4.67269	0
114.924	-7.49962	0
-85.4238	-4.67269	0
-83.826	-7.49962	0
10.8262	-4.67269	0
12.424	-7.49962	0
133.397	-4.34669	0
124.82	-5.46487	0
-66.4305	-5.46517	0
29.8195	-5.46517	0
-95.1804	-5.46487	0
-98.9845	-6.06748	0
1.06963	-5.46487	0
-2.73451	-6.06748	0
97.3196	-5.46487	0
93.5155	-6.06748	0
-53.9465	-9.53548	0
-48.2314	-9.51616	0
42.3035	-9.53548	0
48.0186	-9.51616	0
104.917	-10.4492	0
101.264	-7.31316	0
-148.947	-9.53547	0
147.898	-5.79326	0
-138.644	-6.33519	0
-129.096	-4.32906	0
-32.846	-4.32906	0
63.404	-4.32906	0
156.658	-6.89561	0
139.713	-5.6068	0
-73.9486	-5.50776	0
22.3014	-5.50776	0
117.301	-5.50776	0
-122.699	-5.50776	0
-115.019	-6.10471	0
-26.4486	-5.50776	0
-18.7688	-6.10471	0
-81.4486	-5.50776	0
69.8014	-5.50776	0
77.4812	-6.10471	0
14.8014	-5.50776	0
112.374	-8.85292	0
-86.3745	-8.85041	0
9.87551	-8.85041	0
134.494	-8.15219	0
135.574	-5.24676	0
124.73	-7.81387	0
-66.5165	-7.81824	0
29.7335	-7.81824	0
-96.0817	-9.16459	0
0.168256	-9.16459	0
96.4183	-9.16459	0
102.622	-9.42722	0
-127.286	-7.82059	0
-126.926	-5.24668	0
-31.0362	-7.82059	0
-30.676	-5.24668	0
65.2138	-7.82059	0
65.574	-5.24668	0
137.533	-6.6947	0
127.284	-9.8695	0
-63.5928	-10.4819	0
32.6572	-10.4819	0
99.3661	-9.61274	0
-124.123	-8.3892	0
-27.8727	-8.3892	0
68.3773	-8.3892	0
123.021	-11.3733	0
-68.2343	-11.3809	0
28.0157	-11.3809	0
-125.089	-6.42925	0
-28.8386	-6.42925	0
67.4114	-6.42925	0
151.783	-5.07678	0
153.791	-7.13718	0
-108.125	-6.89997	0
-113.291	-4.29751	0
-11.875	-6.89997	0
-17.0411	-4.29751	0
84.375	-6.89997	0
79.2089	-4.29751	0
-61.8215	-6.622	0
34.4285	-6.622	0
-156.542	-9.19192	0
-40.7947	-4.29093	0
55.4553	-4.29093	0
-137.045	-4.29093	0
144.416	-8.27481	0
-100.887	-9.76866	0
-4.63746	-9.76866	0
91.6125	-9.76866	0
102.131	-13.6189	0
-60.7287	-9.45988	0
35.5213	-9.45988	0
141.718	-7.55253	0
139.475	-7.8577	0
137.082	-9.65056	0
141.086	-11.3016	0
-40.7791	-10.2946	0
55.4709	-10.2946	0
-167.3	-2.77704	0
-162.911	-8.46956	0
166.05	-2.77704	0
-51.0921	-13.4763	0
45.1579	-13.4763	0
-146.092	-13.4763	0
-137.487	-11.5176	0
109.167	-12.0843	0
-82.9342	-12.2616	0
13.3158	-12.2616	0
-89.7125	-12.3618	0
6.53751	-12.3618	0
-120.731	-12.5898	0
-24.4811	-12.5898	0
71.7689	-12.5898	0
115.819	-12.2647	0
150.395	-8.4385	0
-114.113	-10.9213	0
-17.8627	-10.9213	0
78.3873	-10.9213	0
97.1791	-14.0791	0
-57.3412	-9.81484	0
38.9088	-9.81484	0
133.385	-13.0507	0
-171.26	-3.37193	0
-159.82	-9.64689	0
-165.408	-5.85657	0
170.01	-3.37193	0
164.06	-7.16457	0
-45.8379	-14.156	0
50.4121	-14.156	0
-155.136	-13.8337	0
-136.785	-8.64033	0
-126.616	-13.1778	0
-30.3663	-13.1778	0
65.8837	-13.1778	0
155.612	-11.6135	0
-60.5218	-14.5637	0
35.7282	-14.5637	0
129.984	-12.1329	0
-157.808	-12.1091	0
-132.522	-11.2057	0
-162.762	-14.1043	0
-133.772	-8.45789	0
-158.853	-16.6606	0
-130.939	-8.82767	0
-129.368	-11.5896	0
-131.561	-16.4553	0
-129.253	-14.5684	0
-127.381	-19.2126	0
-126.689	-16.2344	0
-122.259	-18.8329	0
-123.484	-14.7818	0
-73.9865	-12.9487	0
22.2635	-12.9487	0
-105.111	-9.85918	0
-8.86063	-9.85918	0
87.3894	-9.85918	0
-78.4316	-11.5301	0
17.8184	-11.5301	0
-92.6132	-10.1977	0
3.63676	-10.1977	0
-110.902	-9.23383	0
-14.6518	-9.23383	0
81.5982	-9.23383	0
-55.3259	-13.5387	0
40.9241	-13.5387	0
-168.862	-5.85729	0
160.292	-8.86933	0
-34.968	-11.0327	0
61.282	-11.0327	0
126.278	-13.8116	0
-120.252	-16.0156	0
-96.0041	-15.2431	0
0.245878	-15.2431	0
-109.801	-15.2265	0
-13.5512	-15.2265	0
82.6988	-15.2265	0
-174.046	-8.46004	0
-167.134	-10.0052	0
130.294	-17.7465	0
-116.906	-13.8018	0
-92.9293	-13.6474	0
3.3207	-13.6474	0
-116.738	-20.6426	0
-91.9079	-19.376	0
4.3421	-19.376	0
-90.0855	-16.0957	0
6.16449	-16.0957	0
-85.7366	-20.6582	0
-86.2897	-14.5893	0
10.5134	-20.6582	0
9.96033	-14.5893	0
147.231	-14.7188	0
137.643	-13.97	0
-176.012	-4.03819	0
174.762	-4.03819	0
-65.1541	-14.8527	0
31.0959	-14.8527	0
-152.462	-21.2081	0
-53.1089	-20.2966	0
43.1411	-20.2966	0
164.91	-14.0587	0
120.74	-17.8151	0
-102.857	-16.4408	0
-6.60701	-16.4408	0
89.6456	-16.5643	0
-164.907	-21.6498	0
-78.3842	-19.0551	0
17.8658	-19.0551	0
134.7	-17.2819	0
142.277	-16.3938	0
-70.0415	-16.0865	0
26.2085	-16.0865	0
-62.3745	-22.1364	0
33.8755	-22.1364	0
-82.3004	-16.7576	0
13.9496	-16.7576	0
133.242	-24.5799	0
-150.611	-13.7449	0
-148.07	-18.3361	0
-36.1069	-19.4844	0
60.1431	-19.4844	0
-124.211	-27.2358	0
-181.714	-4.8475	0
180.465	-4.8475	0
171.419	-10.6048	0
100.393	-21.7895	0
-66.5645	-19.5632	0
29.6855	-19.5632	0
147.44	-23.5009	0
-140.394	-18.6284	0
-72.595	-22.1173	0
23.655	-22.1173	0
-145.661	-26.8137	0
-133.893	-24.5365	0
-67.4916	-25.7706	0
28.7584	-25.7706	0
-19.8049	-17.1778	0
76.4451	-17.1778	0
112.271	-20.3663	0
-98.4037	-21.7178	0
-2.15366	-21.7178	0
-169.024	-16.402	0
-188.558	-5.81674	0
187.308	-5.81674	0
176.927	-9.27515	0
-80.0298	-29.1695	0
16.2202	-29.1695	0
-59.1054	-32.1591	0
37.1446	-32.1591	0
-26.7543	-19.5837	0
69.4957	-19.5837	0
82.701	-26.2304	0
-13.549	-26.2304	0
-175.381	-25.6273	0
183.138	-10.6102	0
-73.433	-28.679	0
-90.8783	-29.9133	0
22.817	-28.679	0
5.37168	-29.9133	0
192.91	-14.8989	0
176.305	-18.7737	0
-75.945	-39.5028	0
-67.1412	-34.0092	0
20.305	-39.5028	0
29.1088	-34.0092	0
-107.899	-24.8129	0
125.56	-23.8414	0
-196.769	-6.98	0
195.519	-6.98	0
75.1735	-24.7445	0
-21.0765	-24.7445	0
-183.582	-16.3054	0
118.217	-24.7738	0
64.7024	-30.5608	0
-31.5476	-30.5608	0
108.176	-32.1055	0
76.5545	-37.5583	0
-19.6955	-37.5583	0
128.217	-36.5288	0
122.745	-31.0527	0
115.458	-31.5359	0
112.73	-43.4967	0
120.095	-39.1721	0
-158.05	-34.917	0
-60.1566	-45.9702	0
36.0934	-45.9702	0
-206.623	-8.37583	0
206.913	-15.1238	0
-191.629	-13.6984	0
123.348	-53.1447	0
203.834	-7.38871	0
-200.623	-15.2535	0
126.498	-45.0465	0
212.389	-8.46408	0
-191.786	-27.9064	0
-214.651	-21.4359	0
137.909	-54.1475	0
220.33	-20.5748	0
137.584	-42.8512	0
-44.451	-23.1731	0
-51.1117	-28.7531	0
-51.166	-39.709	0
-41.6631	-33.2663	0
51.799	-23.1731	0
45.1383	-28.7531	0
45.084	-39.709	0
54.5869	-33.2663	0
157.872	-21.9195	0
-133.381	-41.4105	0
-4.79388	-31.6949	0
-115.533	-29.5405	0
-122.526	-38.3792	0
-104.135	-39.4181	0
-218.447	-10.051	0
-45.621	-57.2568	0
-32.7859	-46.1943	0
50.629	-57.2568	0
63.4641	-46.1943	0
167.641	-23.5851	0
155.192	-39.4382	0
3.14583	-47.1053	0
-100.712	-30.7483	0
-95.1479	-37.9557	0
-97.2966	-53.0987	0
-85.4823	-37.9325	0
161.281	-31.4054	0
147.757	-48.2112	0
-123.092	-57.3014	0
-90.2949	-46.3683	0
171.118	-45.1865	0
-83.003	-60.9613	0
178.493	-32.9191	0
94.1951	-34.56	0
-232.636	-12.0617	0
160.001	-51.0499	0
150.551	-63.984	0
174.962	-65.9447	0
102.568	-65.3465	0
-15.1262	-58.7238	0
204.88	-39.3647	0
-249.663	-14.4733	0
129.02	-76.996	0
81.3796	-59.1114	0
199.723	-26.7266	0
188.905	-47.5294	0
-179.929	-53.0739	0
248.413	-27.3574	0
25.2623	-74.9223	0
-63.6779	-65.5082	0
-102.758	-79.9509	0
-30.5549	-61.76	0
-44.9756	-82.5519	0
-17.9718	-84.9831	0
-237.283	-40.5716	0
-270.096	-17.3686	0
65.7825	-61.8614	0
50.8218	-83.8588	0
77.9908	-85.4975	0
209.985	-69.0648	0
-152.232	-64.8916	0
22.2381	-57.2889	0
3.9971	-69.4933	0
268.846	-19.0389	0
-78.5477	-85.3666	0
-257.306	-34.0847	0
-294.616	-20.8425	0
7.94029	-98.41	0
293.366	-20.611	0
-257.697	-69.4372	0
-279.685	-37.9567	0
271.969	-55.964	0
159.67	-103.393	0
229.556	-43.907	0
-210.266	-49.5738	0
-324.039	-25.0103	0
322.789	-25.0584	0
-99.3375	-121.482	0
-306.072	-45.907	0
105.66	-94.1815	0
-131.384	-85.1984	0
61.7786	-128.246	0
243.625	-75.0426	0
-230.975	-66.6837	0
-198.913	-84.4022	0
-239.92	-110.911	0
-359.347	-30.0125	0
303.808	-51.0823	0
358.096	-30.003	0
-26.5468	-133.249	0
-285.745	-65.609	0
131.609	-104.983	0
84.715	-112.496	0
-165.318	-99.1816	0
-337.797	-55.011	0
-33.5749	-107.105	0
-276.428	-102.012	0
148.189	-149.186	0
110.013	-120.294	0
89.0462	-143.38	0
132.911	-129.706	0
156.503	-126.935	0
113.454	-144.483	0
188.029	-151.392	0
99.4814	-183.07	0
187.785	-119.159	0
-314.816	-75.2651	0
-60.0419	-104.471	0
54.3776	-173.712	0
-358.785	-101.99	0
-401.716	-36.0148	0
295.717	-104.579	0
400.466	-36.0167	0
336.588	-55.0571	0
-136.18	-121.728	0
-198.756	-129.617	0
221.133	-103.972	0
-375.854	-66.0302	0
316.881	-80.4197	0
374.607	-65.937	0
-117.364	-180.684	0
-272.444	-165.004	0
215.163	-135.069	0
227.77	-186.743	0
258.238	-127.218	0
348.652	-84.7679	0
328.723	-112.144	0
301.273	-156.12	0
391.827	-116.974	0
360.303	-114.192	0
342.057	-151.022	0
373.583	-143.705	0
425.57	-159.594	0
369.553	-197.917	0
-65.8021	-145.057	0
-452.559	-43.2185	0
451.309	-43.2181	0
164.573	-214.174	0
420.01	-79.0418	0
326.431	-191.692	0
-27.2382	-202.102	0
-424.983	-111.38	0
276.545	-200.29	0
-414.639	-73.2993	0
338.01	-263.954	0
-453.398	-83.217	0
-517.119	-61.8727	0
-484.352	-142.864	0
18.3198	-143.174	0
-317.612	-120.199	0
-367.398	-177.119	0
512.321	-51.8623	0
61.9223	-250.718	0
230.433	-271.73	0
475.018	-95.5165	0
585.535	-62.2339	0
540.858	-114.013	0
459.014	-268.584	0
-586.785	-57.2691	0
-429.918	-173.794	0
-506.733	-245.619	0
-403.99	-275.711	0
673.392	-74.6811	0
492.406	-160.052	0
-556.265	-124.834	0
-674.642	-75.9754	0
619.763	-136.93	0
562.831	-185.653	0
669.427	-252.585	0
-199.849	-221.756	0
140.293	-308.416	0
778.821	-89.6173	0
-780.071	-89.3739	0
714.468	-164.296	0
-309.238	-254.791	0
-503.616	-425.421	0
-60.6181	-369.385	0
244.192	-434.619	0
905.335	-107.541	0
-906.584	-107.59	0
-705.871	-251.737	0
-323.067	-417.192	0
44.9711	-355.817	0
-92.4232	-276.067	0
828.112	-197.159	0
13.9339	-531.921	0
135.468	-418.259	0
-197.204	-363.858	0
393.188	-405.405	0
1057.15	-129.048	0
-1058.4	-129.039	0
-827.395	-209.137	0
167.567	-574.388	0
964.484	-236.589	0
-185.733	-566.105	0
575.495	-408.869	0
-965.933	-235.523	0
350.839	-583.974	0
2206.81	-2048	0
1183.27	-331.417	0
-834.945	-425.31	0
-2208.06	-2428.18	0
833.068	-435.557	0
-1182.92	-330.559	0
1239.33	-154.858	0
-1240.58	-154.86	0
-403.854	-629.48	0
22.6525	-799.517	0
2206.81	-1024	0
1457.95	-185.829	0
-1459.2	-185.828	0
248.405	-785.628	0
-669.35	-632.863	0
-231.255	-816.474	0
1720.29	-222.997	0
-2208.06	-1214.09	0
157.801	-1154.58	0
622.988	-849.062	0
-532.899	-921.744	0
-1721.54	-222.997	0
-88.4692	-1045.07	0
-1084.97	-794.629	0
1529.51	-625.094	0
2206.81	-512	0
-2208.06	-607.045	0
-140.95	-1494.74	0
-1530.76	-625.094	0
2206.81	-256	0
1953.75	-384	0
-2208.06	-303.522	0
1918.42	-768	0
-1933.02	-455.283	0
-1876.52	-882.794	0
1119.43	-757.635	0
1652.1	-1358.45	0
-1104.34	-4856.36	0
1103.09	-4856.36	0
-1511.03	-1580.09	0
-1452.68	-1090.65	0
1430.24	-1018.61	0
956.616	-1267.1	0
-552.484	-4856.36	0
551.234	-4856.36	0
-920.044	-1402.35	0
482.524	-1741.05	0
-828.413	-3971.41	0
827.163	-3971.41	0
1214.24	-1998.9	0
-224.194	-2617.68	0
-987.909	-2248.08	0
604.361	-2562.46	0
-934.816	-3112.21	0
240.209	-3342.13	0
2206.81	-3452.18	0
1471.33	-2888.9	0
-2208.06	-3642.27	0
2206.81	-4154.27	0
1551.4	-3803.22	0
1694.81	-4856.36	0
1398.95	-4360.31	0
CELLS 2587	10348
3 314	1441	315	
3 1435	1445	1455	
3 869	28	27	
3 1375	1380	1400	
3 1380	1391	1400	
3 29	28	316	
3 104	103	330	
3 1359	1347	1360	
3 338	181	180	
3 1306	1349	1296	
3 1314	1280	1293	
3 258	257	319	
3 1347	1359	1341	
3 182	181	318	
3 1260	1246	1293	
3 105	104	317	
3 684	348	729	
3 1209	1184	1260	
3 687	358	444	
3 1106	1098	1043	
3 1041	1043	1039	
3 347	423	519	
3 1228	1224	1213	
3 469	330	383	
3 353	437	530	
3 800	799	801	
3 37	357	322	
3 687	359	734	
3 360	670	359	
3 438	598	659	
3 831	762	764	
3 324	364	673	
3 921	852	1118	
3 713	323	671	
3 673	716	765	
3 257	256	345	
3 688	366	735	
3 765	801	799	
3 466	691	465	
3 715	324	673	
3 1024	1041	1039	
3 365	445	536	
3 534	362	714	
3 498	338	405	
3 371	459	547	
3 25	1023	999	
3 113	375	327	
3 999	870	26	
3 26	25	999	
3 720	329	677	
3 1077	1066	1023	
3 768	675	720	
3 1078	1041	1000	
3 675	718	328	
3 468	102	101	
3 469	317	330	
3 523	427	86	
3 364	30	29	
3 30	324	31	
3 473	614	387	
3 324	30	364	
3 100	99	385	
3 219	332	220	
3 32	323	33	
3 200	333	201	
3 34	33	363	
3 36	35	442	
3 680	402	403	
3 33	323	363	
3 493	494	697	
3 32	31	361	
3 747	696	393	
3 870	869	27	
3 108	379	328	
3 36	357	37	
3 32	361	323	
3 804	709	908	
3 37	322	38	
3 318	498	709	
3 39	38	360	
3 38	322	360	
3 185	335	186	
3 668	337	318	
3 40	444	41	
3 497	179	178	
3 46	353	321	
3 45	44	437	
3 177	176	407	
3 358	42	41	
3 336	183	337	
3 444	358	41	
3 183	336	184	
3 540	449	163	
3 46	321	47	
3 1144	289	1124	
3 48	47	356	
3 356	441	48	
3 510	583	415	
3 47	321	356	
3 411	656	667	
3 760	905	584	
3 440	51	532	
3 669	710	343	
3 591	426	520	
3 354	439	53	
3 259	343	260	
3 440	52	51	
3 262	342	263	
3 354	52	440	
3 269	341	270	
3 46	45	353	
3 409	502	629	
3 343	259	344	
3 426	348	59	
3 253	252	420	
3 59	58	426	
3 348	60	59	
3 635	422	517	
3 520	58	57	
3 512	255	254	
3 518	63	62	
3 60	348	425	
3 355	533	847	
3 64	63	423	
3 347	65	64	
3 439	531	54	
3 347	320	65	
3 61	60	425	
3 423	347	64	
3 237	236	476	
3 81	349	82	
3 352	66	320	
3 73	350	74	
3 352	436	67	
3 73	433	350	
3 519	320	347	
3 66	352	67	
3 351	436	528	
3 528	352	320	
3 435	70	69	
3 443	43	42	
3 72	433	73	
3 430	524	594	
3 443	42	358	
3 72	71	527	
3 67	436	68	
3 435	69	351	
3 68	351	69	
3 320	66	65	
3 350	596	776	
3 54	53	439	
3 669	344	319	
3 74	350	432	
3 190	334	191	
3 52	354	53	
3 432	75	74	
3 49	355	50	
3 77	76	431	
3 432	526	75	
3 685	730	428	
3 48	441	49	
3 524	80	79	
3 357	442	534	
3 470	554	386	
3 349	429	82	
3 712	322	534	
3 430	81	80	
3 362	35	34	
3 81	430	349	
3 533	356	321	
3 534	322	357	
3 85	592	523	
3 670	360	322	
3 614	473	555	
3 522	87	427	
3 359	39	360	
3 86	85	523	
3 39	359	40	
3 671	361	324	
3 555	91	90	
3 442	357	36	
3 93	92	387	
3 470	386	97	
3 672	363	323	
3 473	92	91	
3 323	361	671	
3 87	522	88	
3 31	324	361	
3 83	82	429	
3 45	437	353	
3 29	316	364	
3 386	331	98	
3 535	140	139	
3 98	97	386	
3 331	99	98	
3 138	137	447	
3 470	97	96	
3 673	364	316	
3 461	548	131	
3 99	331	385	
3 158	367	159	
3 103	102	383	
3 318	338	498	
3 458	545	369	
3 330	317	104	
3 607	780	368	
3 383	330	103	
3 373	550	848	
3 536	325	365	
3 382	106	105	
3 545	370	325	
3 379	108	107	
3 108	328	109	
3 144	458	145	
3 329	107	106	
3 145	369	146	
3 119	118	466	
3 110	109	381	
3 129	372	130	
3 375	113	112	
3 113	327	114	
3 547	326	371	
3 111	464	112	
3 983	326	547	
3 109	328	381	
3 546	121	120	
3 329	106	382	
3 150	368	151	
3 472	93	387	
3 362	34	363	
3 550	374	326	
3 115	114	378	
3 380	111	110	
3 116	467	117	
3 117	376	118	
3 375	464	551	
3 467	376	117	
3 125	463	126	
3 459	371	122	
3 123	371	326	
3 115	377	116	
3 371	123	122	
3 123	326	124	
3 674	378	327	
3 121	459	122	
3 375	551	327	
3 376	466	118	
3 717	327	551	
3 107	329	379	
3 125	124	374	
3 677	329	382	
3 462	372	129	
3 462	128	549	
3 464	375	112	
3 463	125	374	
3 675	379	329	
3 380	110	381	
3 602	448	537	
3 677	382	317	
3 461	131	130	
3 448	366	136	
3 384	101	100	
3 461	130	372	
3 105	317	382	
3 462	129	128	
3 676	381	328	
3 124	326	374	
3 377	115	378	
3 331	386	554	
3 136	135	448	
3 678	385	331	
3 141	445	365	
3 137	366	447	
3 384	100	385	
3 137	136	366	
3 552	383	468	
3 94	93	472	
3 141	140	445	
3 92	473	387	
3 142	325	143	
3 370	143	325	
3 708	478	759	
3 142	141	365	
3 429	685	428	
3 365	325	142	
3 553	96	95	
3 745	390	563	
3 370	458	144	
3 694	743	475	
3 369	457	146	
3 457	147	146	
3 222	390	223	
3 455	368	150	
3 227	389	228	
3 221	483	222	
3 149	455	150	
3 215	214	486	
3 368	454	151	
3 454	152	151	
3 623	665	488	
3 541	605	452	
3 564	217	216	
3 149	148	544	
3 563	391	332	
3 143	370	144	
3 235	388	236	
3 537	135	134	
3 102	468	383	
3 114	327	378	
3 126	373	127	
3 1382	1352	1383	
3 985	321	530	
3 152	454	543	
3 453	154	153	
3 206	394	207	
3 158	452	367	
3 541	157	156	
3 491	569	395	
3 203	395	204	
3 452	158	157	
3 202	491	203	
3 451	159	367	
3 160	159	451	
3 570	198	197	
3 408	499	575	
3 569	396	333	
3 162	603	540	
3 623	488	567	
3 334	572	723	
3 163	162	540	
3 401	572	334	
3 164	449	539	
3 164	539	165	
3 192	399	193	
3 576	629	502	
3 492	397	199	
3 399	192	400	
3 502	169	168	
3 401	496	572	
3 408	174	499	
3 501	170	409	
3 336	337	668	
3 409	170	169	
3 402	188	187	
3 167	576	168	
3 679	400	334	
3 408	339	175	
3 196	195	494	
3 680	403	335	
3 499	174	173	
3 184	336	404	
3 176	175	339	
3 405	338	180	
3 681	404	336	
3 408	175	174	
3 402	187	403	
3 573	405	497	
3 338	318	181	
3 497	405	179	
3 319	345	513	
3 318	337	182	
3 682	407	339	
3 405	180	179	
3 575	339	408	
3 407	176	339	
3 406	178	177	
3 574	173	172	
3 335	185	404	
3 451	689	450	
3 334	190	401	
3 186	335	403	
3 169	502	409	
3 184	404	185	
3 171	170	501	
3 278	277	505	
3 188	496	189	
3 506	276	275	
3 571	397	492	
3 191	334	400	
3 411	506	656	
3 189	401	190	
3 412	508	580	
3 403	187	186	
3 577	280	279	
3 183	182	337	
3 406	177	407	
3 192	191	400	
3 496	401	189	
3 580	413	341	
3 398	194	495	
3 509	267	581	
3 195	194	398	
3 494	195	398	
3 266	265	415	
3 193	495	194	
3 271	508	272	
3 414	268	509	
3 492	199	198	
3 264	510	265	
3 392	484	565	
3 333	396	201	
3 511	261	260	
3 397	200	199	
3 583	416	342	
3 200	397	333	
3 657	415	583	
3 419	254	253	
3 202	396	491	
3 490	205	568	
3 394	206	490	
3 205	490	206	
3 587	346	421	
3 396	202	201	
3 585	418	512	
3 683	420	346	
3 566	622	487	
3 586	249	248	
3 207	489	208	
3 213	487	393	
3 247	246	516	
3 394	489	207	
3 419	253	420	
3 566	212	211	
3 512	418	255	
3 229	479	561	
3 417	511	584	
3 242	241	557	
3 487	213	212	
3 589	423	518	
3 392	218	484	
3 486	214	393	
3 348	426	591	
3 393	214	213	
3 424	62	61	
3 684	425	348	
3 484	218	217	
3 520	57	590	
3 418	513	345	
3 332	391	220	
3 56	55	438	
3 392	219	218	
3 424	61	425	
3 219	392	332	
3 518	423	63	
3 86	427	87	
3 221	391	483	
3 83	428	84	
3 223	390	482	
3 223	482	224	
3 685	429	349	
3 227	480	389	
3 757	706	431	
3 525	78	77	
3 227	226	480	
3 732	351	528	
3 228	389	479	
3 228	479	229	
3 80	524	430	
3 477	559	617	
3 77	431	525	
3 562	226	225	
3 428	83	429	
3 221	220	391	
3 594	349	430	
3 307	306	1389	
3 476	694	475	
3 1454	1398	1447	
3 272	412	273	
3 75	526	76	
3 230	478	231	
3 433	527	596	
3 234	233	559	
3 477	388	235	
3 434	71	70	
3 527	433	72	
3 514	587	421	
3 434	70	435	
3 240	558	474	
3 615	558	239	
3 528	436	352	
3 236	388	476	
3 686	435	351	
3 235	234	477	
3 519	975	320	
3 529	44	43	
3 422	245	517	
3 441	533	355	
3 244	243	588	
3 517	245	244	
3 426	58	520	
3 474	557	241	
3 597	437	529	
3 54	531	55	
3 421	250	514	
3 440	532	599	
3 346	251	421	
3 514	250	249	
3 533	441	356	
3 246	422	516	
3 532	51	50	
3 422	246	245	
3 598	439	354	
3 239	558	240	
3 351	68	436	
3 35	362	442	
3 252	251	346	
3 530	437	597	
3 346	420	252	
3 345	319	257	
3 44	529	437	
3 345	256	418	
3 534	442	362	
3 687	444	359	
3 1026	1095	287	
3 600	445	535	
3 344	259	258	
3 262	417	342	
3 366	448	602	
3 344	258	319	
3 446	139	138	
3 418	256	255	
3 40	359	444	
3 688	447	366	
3 262	261	417	
3 537	134	601	
3 263	342	416	
3 263	416	264	
3 133	132	460	
3 582	414	509	
3 446	138	447	
3 163	449	164	
3 414	341	269	
3 160	450	161	
3 269	268	414	
3 578	410	503	
3 689	451	367	
3 509	268	267	
3 707	453	758	
3 264	416	510	
3 367	452	605	
3 417	261	511	
3 535	445	140	
3 421	251	250	
3 355	49	441	
3 542	155	154	
3 270	413	271	
3 369	545	738	
3 276	506	411	
3 507	273	412	
3 157	541	452	
3 271	413	508	
3 154	453	542	
3 152	543	153	
3 277	276	411	
3 455	544	607	
3 411	505	277	
3 410	340	282	
3 977	325	536	
3 410	281	503	
3 456	148	147	
3 274	579	275	
3 606	454	368	
3 690	457	369	
3 282	281	410	
3 545	458	370	
3 871	283	340	
3 284	283	871	
3 369	145	458	
3 283	282	340	
3 456	147	457	
3 608	459	546	
3 873	871	340	
3 448	135	537	
3 872	1001	285	
3 1001	286	285	
3 609	461	372	
3 578	655	927	
3 463	550	373	
3 284	871	872	
3 465	120	119	
3 503	281	280	
3 544	455	149	
3 549	128	127	
3 287	1095	288	
3 550	463	374	
3 1124	288	1095	
3 1027	1125	1026	
3 373	126	463	
3 1125	1027	1101	
3 462	549	610	
3 551	464	380	
3 927	655	973	
3 546	459	121	
3 1193	1183	1182	
3 1226	1232	1219	
3 691	466	376	
3 1191	291	1169	
3 377	674	740	
3 1095	1145	1124	
3 111	380	464	
3 116	377	467	
3 297	1268	1276	
3 101	384	468	
3 1329	1326	1330	
3 1336	301	300	
3 383	552	469	
3 1288	299	298	
3 692	467	377	
3 626	498	573	
3 304	1362	1371	
3 612	470	553	
3 308	307	1404	
3 310	1428	1427	
3 693	387	742	
3 1393	1378	1384	
3 471	95	94	
3 1354	1356	1351	
3 722	678	331	
3 1235	1237	1230	
3 465	119	466	
3 1026	286	1001	
3 131	548	132	
3 341	413	270	
3 450	160	451	
3 553	470	96	
3 595	432	350	
3 693	472	387	
3 489	567	208	
3 471	94	472	
3 555	90	613	
3 89	88	521	
3 617	388	477	
3 240	474	241	
3 618	478	561	
3 237	475	238	
3 694	476	388	
3 475	237	476	
3 560	232	231	
3 231	478	560	
3 389	619	786	
3 234	559	477	
3 618	479	389	
3 229	561	230	
3 481	225	224	
3 480	562	619	
3 390	483	563	
3 562	480	226	
3 695	482	390	
3 481	224	482	
3 563	483	391	
3 390	222	483	
3 485	216	215	
3 620	484	564	
3 487	622	393	
3 564	484	217	
3 696	486	393	
3 485	215	486	
3 566	211	621	
3 210	209	488	
3 395	569	849	
3 487	212	566	
3 623	489	394	
3 208	567	209	
3 568	205	204	
3 490	568	624	
3 569	491	396	
3 395	203	491	
3 493	197	196	
3 625	492	570	
3 679	748	399	
3 570	492	198	
3 697	494	398	
3 493	196	494	
3 193	399	495	
3 698	495	399	
3 188	402	496	
3 572	496	402	
3 178	406	497	
3 405	573	498	
3 727	682	339	
3 420	683	419	
3 500	172	171	
3 627	499	574	
3 699	409	750	
3 574	499	173	
3 699	501	409	
3 500	171	501	
3 576	167	628	
3 166	165	538	
3 504	279	278	
3 630	503	577	
3 850	412	580	
3 577	503	280	
3 700	505	411	
3 504	278	505	
3 273	507	274	
3 506	579	656	
3 656	507	631	
3 275	579	506	
3 580	508	413	
3 412	272	508	
3 581	267	266	
3 632	509	581	
3 583	510	416	
3 415	265	510	
3 260	343	511	
3 584	511	343	
3 254	419	512	
3 418	585	513	
3 728	683	346	
3 410	578	340	
3 515	248	247	
3 634	514	586	
3 701	422	751	
3 586	514	249	
3 701	516	422	
3 515	247	516	
3 556	243	242	
3 517	588	635	
3 62	424	518	
3 423	589	519	
3 353	530	321	
3 611	469	552	
3 590	57	56	
3 637	520	590	
3 638	427	523	
3 473	91	555	
3 702	522	427	
3 521	88	522	
3 592	85	84	
3 523	592	638	
3 593	79	78	
3 639	524	593	
3 594	524	639	
3 79	593	524	
3 595	526	432	
3 431	76	526	
3 71	434	527	
3 596	527	434	
3 385	678	384	
3 526	595	431	
3 43	443	529	
3 529	705	597	
3 672	713	762	
3 591	637	659	
3 598	531	439	
3 438	55	531	
3 50	355	532	
3 599	532	355	
3 425	684	424	
3 531	598	438	
3 1195	1192	1196	
3 884	684	729	
3 139	446	535	
3 445	600	536	
3 642	661	602	
3 736	450	689	
3 601	134	133	
3 642	537	601	
3 643	449	540	
3 502	168	576	
3 703	539	449	
3 538	165	539	
3 603	162	161	
3 540	603	643	
3 604	156	155	
3 644	541	604	
3 605	541	644	
3 156	604	541	
3 606	543	454	
3 453	153	543	
3 148	456	544	
3 607	544	456	
3 407	682	406	
3 543	606	453	
3 120	465	546	
3 459	608	547	
3 740	692	377	
3 661	460	609	
3 609	548	461	
3 460	132	548	
3 127	373	549	
3 610	549	373	
3 447	688	446	
3 548	609	460	
3 379	675	328	
3 377	378	674	
3 468	384	552	
3 611	552	384	
3 95	471	553	
3 470	612	554	
3 471	472	693	
3 776	596	733	
3 613	90	89	
3 647	555	613	
3 648	474	558	
3 588	517	244	
3 704	557	474	
3 556	242	557	
3 615	239	238	
3 558	615	648	
3 616	233	232	
3 649	559	616	
3 617	559	649	
3 233	616	559	
3 618	561	479	
3 478	230	561	
3 225	481	562	
3 619	562	481	
3 392	565	332	
3 332	565	979	
3 216	485	564	
3 484	620	565	
3 665	622	651	
3 633	513	585	
3 621	211	210	
3 651	566	621	
3 623	567	489	
3 488	209	567	
3 204	395	568	
3 624	568	395	
3 397	571	333	
3 486	696	485	
3 197	493	570	
3 492	625	571	
3 572	724	770	
3 571	984	333	
3 724	402	680	
3 399	400	679	
3 497	406	573	
3 626	573	406	
3 172	500	574	
3 499	627	575	
3 780	607	739	
3 500	501	699	
3 628	167	166	
3 654	576	628	
3 279	504	577	
3 503	630	578	
3 580	341	874	
3 850	874	986	
3 274	507	579	
3 631	507	412	
3 414	582	341	
3 411	667	700	
3 266	415	581	
3 509	632	582	
3 584	710	760	
3 341	582	874	
3 342	417	584	
3 710	584	343	
3 343	344	669	
3 319	711	669	
3 512	419	585	
3 633	585	419	
3 248	515	586	
3 514	634	587	
3 786	619	746	
3 515	516	701	
3 243	556	588	
3 635	588	556	
3 518	424	589	
3 636	589	424	
3 56	438	590	
3 520	637	591	
3 693	742	890	
3 846	858	830	
3 84	428	592	
3 638	592	428	
3 78	525	593	
3 593	706	639	
3 636	519	589	
3 733	686	732	
3 350	433	596	
3 528	320	975	
3 686	434	435	
3 886	933	636	
3 443	705	529	
3 705	443	358	
3 599	354	440	
3 858	640	845	
3 640	858	923	
3 599	859	924	
3 535	446	600	
3 641	600	446	
3 133	460	601	
3 537	642	602	
3 645	547	608	
3 853	783	837	
3 161	450	603	
3 643	603	450	
3 155	542	604	
3 604	707	644	
3 536	600	641	
3 739	690	738	
3 368	455	607	
3 545	325	977	
3 690	456	457	
3 889	935	641	
3 546	465	608	
3 645	608	465	
3 610	372	462	
3 836	916	814	
3 645	853	864	
3 610	861	925	
3 612	646	554	
3 682	727	878	
3 553	471	612	
3 646	612	471	
3 89	521	613	
3 555	647	614	
3 638	428	730	
3 752	702	427	
3 238	475	615	
3 648	615	475	
3 232	560	616	
3 616	708	649	
3 650	565	620	
3 746	695	745	
3 389	480	619	
3 563	332	979	
3 695	481	482	
3 895	938	650	
3 564	485	620	
3 650	620	485	
3 210	488	621	
3 566	651	622	
3 652	571	625	
3 854	789	840	
3 624	394	490	
3 839	918	821	
3 652	854	865	
3 624	863	926	
3 570	493	625	
3 652	625	493	
3 627	653	575	
3 793	825	754	
3 574	500	627	
3 653	627	500	
3 166	538	628	
3 576	654	629	
3 643	450	736	
3 753	703	449	
3 577	504	630	
3 655	630	504	
3 505	700	504	
3 582	657	928	
3 581	415	632	
3 657	632	415	
3 658	587	634	
3 655	578	630	
3 586	515	634	
3 658	634	515	
3 556	557	704	
3 792	635	754	
3 640	530	597	
3 678	722	875	
3 590	438	637	
3 659	637	438	
3 349	731	685	
3 521	522	702	
3 525	706	593	
3 706	525	431	
3 672	362	363	
3 795	734	828	
3 688	735	887	
3 809	778	737	
3 601	460	642	
3 661	642	460	
3 367	737	689	
3 538	539	703	
3 542	707	604	
3 707	542	453	
3 741	692	782	
3 783	741	815	
3 790	752	638	
3 806	774	731	
3 613	521	647	
3 663	647	521	
3 744	694	388	
3 704	754	556	
3 560	708	616	
3 708	560	478	
3 747	893	696	
3 881	683	728	
3 621	488	651	
3 665	651	488	
3 788	749	698	
3 789	652	697	
3 750	896	699	
3 605	644	662	
3 628	538	654	
3 666	654	538	
3 922	667	631	
3 289	1144	290	
3 507	656	579	
3 656	631	667	
3 342	905	583	
3 582	632	657	
3 817	618	389	
3 648	475	743	
3 831	798	762	
3 859	599	847	
3 591	932	729	
3 594	639	660	
3 783	645	691	
3 861	610	848	
3 934	735	602	
3 666	629	654	
3 807	757	595	
3 614	647	663	
3 789	749	822	
3 617	649	664	
3 863	624	849	
3 622	937	747	
3 810	758	606	
3 753	643	791	
3 631	412	850	
3 850	922	631	
3 336	725	681	
3 668	725	336	
3 513	711	319	
3 796	711	906	
3 670	322	712	
3 705	358	756	
3 28	869	316	
3 1187	1192	1168	
3 323	713	672	
3 362	672	714	
3 764	671	715	
3 671	324	715	
3 674	327	717	
3 740	782	692	
3 676	328	718	
3 676	380	381	
3 551	380	719	
3 380	676	719	
3 469	721	317	
3 803	721	907	
3 722	331	554	
3 611	384	678	
3 679	334	723	
3 748	788	698	
3 681	335	404	
3 771	668	709	
3 318	709	668	
3 335	681	726	
3 727	339	575	
3 626	406	682	
3 728	346	587	
3 633	419	683	
3 729	348	591	
3 636	424	684	
3 594	731	349	
3 806	731	909	
3 686	351	732	
3 434	686	733	
3 670	734	359	
3 670	712	777	
3 735	366	602	
3 641	446	688	
3 605	737	367	
3 809	737	911	
3 690	369	738	
3 456	690	739	
3 376	467	692	
3 645	465	691	
3 717	781	674	
3 376	692	741	
3 742	387	614	
3 646	471	693	
3 617	744	388	
3 816	744	913	
3 695	390	745	
3 481	695	746	
3 747	393	622	
3 650	485	696	
3 398	495	698	
3 652	493	697	
3 723	787	679	
3 398	698	749	
3 750	409	629	
3 653	500	699	
3 972	700	667	
3 655	504	700	
3 751	422	635	
3 658	515	701	
3 752	427	638	
3 663	521	702	
3 753	449	643	
3 666	538	703	
3 648	755	474	
3 794	648	743	
3 756	358	687	
3 597	705	640	
3 757	431	595	
3 639	706	660	
3 758	453	606	
3 644	707	662	
3 759	478	618	
3 649	708	664	
3 723	572	770	
3 698	399	748	
3 669	711	761	
3 584	905	342	
3 796	761	711	
3 669	761	710	
3 714	672	762	
3 762	798	714	
3 716	673	316	
3 1041	1142	1106	
3 713	764	762	
3 534	714	763	
3 1024	801	1000	
3 764	713	671	
3 1024	1039	982	
3 795	756	687	
3 676	718	766	
3 766	802	719	
3 675	329	720	
3 719	676	766	
3 720	677	769	
3 551	719	767	
3 677	317	721	
3 721	769	677	
3 720	769	768	
3 675	768	718	
3 877	722	929	
3 875	876	611	
3 572	402	724	
3 724	772	805	
3 680	335	726	
3 772	724	680	
3 773	725	771	
3 726	772	680	
3 725	773	681	
3 668	771	725	
3 880	727	930	
3 878	879	626	
3 883	728	931	
3 900	658	899	
3 885	729	932	
3 953	969	659	
3 685	731	774	
3 730	790	638	
3 730	774	823	
3 901	702	752	
3 775	974	732	
3 434	733	596	
3 528	775	732	
3 757	660	706	
3 734	670	777	
3 705	756	640	
3 888	735	934	
3 955	970	661	
3 689	737	778	
3 736	791	643	
3 736	778	824	
3 903	703	753	
3 779	976	738	
3 456	739	607	
3 545	779	738	
3 758	662	707	
3 740	674	781	
3 741	691	376	
3 740	781	812	
3 691	741	783	
3 891	742	936	
3 663	901	902	
3 694	744	784	
3 701	751	899	
3 751	635	792	
3 793	754	704	
3 785	978	745	
3 481	746	619	
3 563	785	745	
3 759	664	708	
3 894	747	937	
3 957	971	665	
3 748	679	787	
3 749	697	398	
3 748	787	819	
3 697	749	789	
3 897	750	939	
3 666	903	904	
3 635	556	754	
3 694	784	743	
3 774	730	685	
3 909	731	594	
3 778	736	689	
3 911	737	605	
3 704	474	755	
3 755	793	704	
3 617	913	744	
3 743	784	827	
3 734	795	687	
3 734	777	828	
3 350	776	807	
3 732	974	733	
3 368	780	810	
3 738	976	739	
3 389	786	817	
3 745	978	746	
3 881	633	683	
3 850	580	874	
3 513	906	711	
3 710	761	797	
3 831	764	800	
3 763	712	534	
3 715	799	764	
3 790	841	855	
3 765	715	673	
3 765	799	715	
3 800	764	799	
3 798	763	714	
3 752	790	855	
3 767	717	551	
3 718	768	766	
3 791	842	856	
3 907	721	469	
3 768	832	766	
3 721	803	769	
3 832	768	980	
3 753	791	856	
3 914	759	817	
3 709	498	908	
3 771	709	804	
3 773	726	681	
3 773	771	981	
3 981	833	773	
3 772	726	773	
3 807	595	350	
3 757	807	910	
3 829	830	828	
3 875	611	678	
3 800	801	982	
3 812	814	782	
3 763	808	712	
3 712	808	829	
3 810	606	368	
3 758	810	912	
3 719	802	767	
3 682	878	626	
3 983	550	326	
3 788	819	821	
3 767	811	717	
3 782	740	812	
3 802	835	767	
3 782	815	741	
3 813	717	811	
3 815	837	783	
3 618	817	759	
3 826	793	755	
3 772	773	833	
3 797	760	710	
3 569	333	984	
3 792	843	857	
3 770	818	723	
3 788	748	819	
3 805	838	770	
3 788	822	749	
3 770	724	805	
3 822	840	789	
3 823	790	730	
3 841	790	823	
3 736	824	791	
3 842	791	824	
3 827	844	794	
3 826	843	825	
3 755	648	794	
3 755	794	826	
3 784	744	816	
3 794	743	827	
3 763	798	834	
3 795	830	845	
3 938	565	650	
3 996	1092	986	
3 761	796	797	
3 851	797	796	
3 716	801	765	
3 756	795	845	
3 716	869	870	
3 1192	1187	1196	
3 1246	1154	1195	
3 891	890	742	
3 921	834	852	
3 835	802	832	
3 768	769	980	
3 766	832	802	
3 636	933	519	
3 750	897	896	
3 641	935	536	
3 792	754	825	
3 833	805	772	
3 723	818	820	
3 530	640	923	
3 846	830	829	
3 909	910	948	
3 910	909	660	
3 808	763	834	
3 533	866	847	
3 955	609	925	
3 838	805	833	
3 911	912	949	
3 912	911	662	
3 877	876	875	
3 835	811	767	
3 813	781	717	
3 812	781	813	
3 813	811	836	
3 812	813	814	
3 835	915	811	
3 610	373	848	
3 782	814	815	
3 837	815	814	
3 957	623	926	
3 751	792	857	
3 913	914	950	
3 914	913	664	
3 880	879	878	
3 818	770	838	
3 820	787	723	
3 819	787	820	
3 820	818	839	
3 819	820	821	
3 838	917	818	
3 624	395	849	
3 788	821	822	
3 840	822	821	
3 774	806	823	
3 841	823	806	
3 778	809	824	
3 842	824	809	
3 793	826	825	
3 792	825	843	
3 839	821	820	
3 794	844	826	
3 784	816	827	
3 816	920	827	
3 829	777	712	
3 828	777	829	
3 829	808	846	
3 830	795	828	
3 834	921	808	
3 847	599	355	
3 831	800	852	
3 798	831	834	
3 946	907	876	
3 813	836	814	
3 947	908	879	
3 1069	862	998	
3 870	999	1025	
3 659	969	932	
3 803	907	946	
3 860	997	1068	
3 991	1020	832	
3 888	964	1012	
3 848	860	861	
3 783	853	645	
3 908	947	804	
3 919	826	844	
3 1021	833	992	
3 881	882	633	
3 849	862	863	
3 789	854	652	
3 807	987	910	
3 886	636	884	
3 912	810	988	
3 641	887	889	
3 962	990	951	
3 913	950	816	
3 895	650	893	
3 817	989	914	
3 858	845	830	
3 640	756	845	
3 831	852	834	
3 885	963	1011	
3 533	321	985	
3 598	354	924	
3 860	848	550	
3 609	372	925	
3 862	849	569	
3 623	394	926	
3 905	760	943	
3 797	851	760	
3 882	945	906	
3 1208	1092	1129	
3 852	800	982	
3 915	1002	836	
3 860	983	864	
3 547	645	864	
3 862	984	865	
3 571	652	865	
3 855	841	941	
3 702	901	663	
3 856	842	942	
3 703	903	666	
3 883	882	881	
3 701	899	658	
3 806	909	948	
3 953	598	924	
3 1005	1042	1031	
3 884	636	684	
3 853	867	864	
3 641	688	887	
3 997	864	867	
3 997	860	864	
3 854	868	865	
3 650	696	893	
3 998	865	868	
3 998	862	865	
3 837	867	853	
3 814	916	837	
3 840	868	854	
3 821	918	840	
3 858	1004	1005	
3 847	866	1042	
3 836	811	915	
3 867	837	916	
3 839	818	917	
3 918	868	840	
3 870	27	26	
3 716	316	869	
3 25	24	1023	
3 870	1025	716	
3 340	578	873	
3 284	872	285	
3 871	873	872	
3 873	1027	872	
3 667	922	972	
3 578	927	873	
3 583	944	657	
3 928	874	582	
3 554	929	722	
3 722	877	875	
3 1057	891	1007	
3 803	946	960	
3 890	646	693	
3 892	877	929	
3 575	930	727	
3 727	880	878	
3 1058	897	1008	
3 804	947	961	
3 896	653	699	
3 898	880	930	
3 728	587	931	
3 881	728	883	
3 857	940	900	
3 906	945	796	
3 940	857	843	
3 900	883	931	
3 729	885	884	
3 884	885	886	
3 846	921	1004	
3 1054	776	974	
3 1004	858	846	
3 808	921	846	
3 735	888	887	
3 887	888	889	
3 911	949	809	
3 1055	780	976	
3 970	934	661	
3 888	1012	889	
3 742	614	936	
3 890	891	892	
3 877	892	1052	
3 892	646	890	
3 936	902	891	
3 902	1007	891	
3 747	894	893	
3 893	894	895	
3 827	920	844	
3 1056	786	978	
3 971	937	665	
3 989	950	914	
3 750	629	939	
3 896	897	898	
3 880	898	1053	
3 898	653	896	
3 939	904	897	
3 904	1008	897	
3 751	857	899	
3 899	857	900	
3 919	1006	843	
3 940	1014	900	
3 752	855	901	
3 901	855	902	
3 941	902	855	
3 902	941	1007	
3 753	856	903	
3 903	856	904	
3 942	904	856	
3 904	942	1008	
3 943	760	851	
3 583	905	944	
3 513	633	906	
3 882	906	633	
3 469	611	907	
3 876	907	611	
3 498	626	908	
3 879	908	626	
3 594	660	909	
3 660	757	910	
3 807	776	1054	
3 974	776	733	
3 605	662	911	
3 662	758	912	
3 810	780	1055	
3 976	780	739	
3 617	664	913	
3 664	759	914	
3 817	786	1056	
3 844	951	919	
3 960	991	980	
3 961	992	981	
3 1096	960	967	
3 1003	839	917	
3 997	867	1028	
3 919	843	826	
3 917	838	1021	
3 945	959	796	
3 1097	961	968	
3 959	851	796	
3 962	816	950	
3 844	920	951	
3 852	982	1030	
3 832	980	991	
3 657	958	928	
3 972	655	700	
3 1031	858	1005	
3 985	923	866	
3 599	924	354	
3 924	859	952	
3 610	925	372	
3 925	861	954	
3 624	926	394	
3 926	863	956	
3 1038	1022	851	
3 973	972	1015	
3 944	958	657	
3 928	993	874	
3 554	646	929	
3 892	929	646	
3 575	653	930	
3 898	930	653	
3 587	658	931	
3 900	931	658	
3 591	659	932	
3 598	953	659	
3 933	886	1016	
3 975	933	775	
3 602	661	934	
3 609	955	661	
3 935	889	1017	
3 977	935	779	
3 614	663	936	
3 902	936	663	
3 622	665	937	
3 623	957	665	
3 938	895	1018	
3 979	938	785	
3 629	666	939	
3 904	939	666	
3 1006	919	990	
3 900	1014	883	
3 948	1059	806	
3 806	1059	841	
3 949	1060	809	
3 809	1060	842	
3 959	1038	851	
3 986	922	850	
3 905	943	944	
3 944	943	958	
3 882	883	966	
3 882	966	945	
3 877	967	876	
3 967	946	876	
3 880	968	879	
3 968	947	879	
3 960	946	967	
3 948	1072	1081	
3 1020	915	835	
3 949	1073	1082	
3 786	746	978	
3 965	1013	894	
3 962	920	816	
3 951	920	962	
3 886	885	1011	
3 932	963	885	
3 924	952	953	
3 952	963	969	
3 1002	1028	916	
3 934	964	888	
3 925	954	955	
3 954	964	970	
3 1003	1029	918	
3 937	965	894	
3 926	956	957	
3 956	965	971	
3 994	993	928	
3 993	986	874	
3 966	959	945	
3 290	1169	291	
3 987	948	910	
3 833	981	992	
3 912	988	949	
3 919	951	990	
3 1013	895	894	
3 1019	950	989	
3 1031	866	923	
3 866	1031	1042	
3 1033	954	1068	
3 1068	954	861	
3 1034	956	1069	
3 962	950	1019	
3 785	938	1063	
3 1092	1035	1015	
3 891	1057	892	
3 961	947	968	
3 942	1010	1091	
3 940	843	1006	
3 952	969	953	
3 932	969	963	
3 954	970	955	
3 934	970	964	
3 956	971	957	
3 937	971	965	
3 972	922	1015	
3 655	972	973	
3 1015	922	986	
3 993	996	986	
3 1061	933	1016	
3 1011	1080	886	
3 933	975	519	
3 528	975	775	
3 1062	935	1017	
3 889	1012	1017	
3 935	977	536	
3 545	977	779	
3 1063	938	1018	
3 895	1013	1018	
3 938	979	565	
3 563	979	785	
3 769	803	980	
3 960	980	803	
3 771	804	981	
3 961	981	804	
3 1196	1274	1195	
3 982	801	1024	
3 864	983	547	
3 550	983	860	
3 865	984	571	
3 569	984	862	
3 923	985	530	
3 533	985	866	
3 851	1022	943	
3 996	993	994	
3 1042	1044	859	
3 841	1009	941	
3 954	1033	964	
3 842	1010	942	
3 863	1069	956	
3 998	868	1029	
3 1105	1056	1076	
3 1194	292	1191	
3 1036	1020	991	
3 1020	835	832	
3 1037	1021	992	
3 1021	838	833	
3 958	994	928	
3 958	943	995	
3 994	958	995	
3 994	995	996	
3 943	1022	995	
3 1027	873	1067	
3 883	1014	966	
3 1105	1126	1019	
3 916	836	1002	
3 1028	867	916	
3 918	839	1003	
3 918	1029	868	
3 24	23	1094	
3 801	716	1000	
3 1041	1024	1000	
3 1189	1195	1172	
3 927	1067	873	
3 286	1026	287	
3 941	1009	1089	
3 990	962	1019	
3 897	1058	898	
3 1010	1060	1082	
3 852	1030	1118	
3 1118	1004	921	
3 1011	1051	1071	
3 1032	963	952	
3 1126	1139	990	
3 940	1006	1014	
3 1059	1081	1009	
3 1052	967	877	
3 1010	1082	1087	
3 1053	968	880	
3 1061	775	933	
3 1046	1049	1047	
3 779	935	1062	
3 1012	964	1033	
3 1004	1119	1130	
3 963	1032	1051	
3 997	1120	1068	
3 988	1055	1104	
3 965	956	1034	
3 998	1121	1069	
3 1006	1139	1014	
3 959	1070	1038	
3 1092	1015	986	
3 973	1015	1035	
3 1011	963	1051	
3 1054	987	807	
3 1137	1017	1012	
3 1055	988	810	
3 1138	1018	1013	
3 1056	989	817	
3 965	1034	1013	
3 1093	995	1022	
3 1036	991	960	
3 915	1020	1064	
3 1037	992	961	
3 917	1021	1065	
3 1070	1079	1038	
3 294	1198	1247	
3 1094	23	1123	
3 1025	1000	716	
3 982	1039	1030	
3 1214	1234	1196	
3 1023	1066	999	
3 1025	999	1066	
3 1001	872	1027	
3 1026	1001	1027	
3 927	973	1035	
3 1022	1079	1109	
3 1002	915	1064	
3 1055	1075	1104	
3 1065	1003	917	
3 961	1097	1037	
3 1278	1294	1306	
3 1099	1002	1064	
3 858	1031	923	
3 1005	1040	1042	
3 1098	1030	1043	
3 1049	1032	1047	
3 1028	1099	1200	
3 1033	1120	1150	
3 1100	1204	1029	
3 1151	1034	1121	
3 1079	1022	1038	
3 1035	1092	1208	
3 1030	1039	1043	
3 1100	1003	1065	
3 1091	1008	942	
3 1056	1105	989	
3 966	1070	959	
3 966	1014	1102	
3 1078	1025	1066	
3 1168	1143	21	
3 1046	1040	1005	
3 1045	952	1044	
3 1254	1196	1234	
3 1032	1045	1047	
3 1044	1042	1040	
3 847	1042	859	
3 1078	1142	1041	
3 1054	1061	1074	
3 1045	1044	1040	
3 952	859	1044	
3 1047	1040	1046	
3 952	1045	1032	
3 1130	1134	1046	
3 1103	987	1054	
3 1040	1047	1045	
3 1046	1048	1049	
3 1004	1118	1119	
3 1104	1073	988	
3 1050	1049	1048	
3 1032	1049	1051	
3 1113	1036	1096	
3 941	1089	1007	
3 1049	1050	1051	
3 1071	1051	1050	
3 1084	1086	1081	
3 1052	1111	967	
3 1082	1085	1087	
3 1053	1112	968	
3 775	1061	974	
3 1080	1016	886	
3 779	1062	976	
3 1075	1055	1062	
3 785	1063	978	
3 1063	1076	1056	
3 1007	1089	1115	
3 1052	892	1057	
3 1008	1091	1116	
3 1053	898	1058	
3 1072	948	987	
3 841	1059	1009	
3 1073	949	988	
3 842	1060	1010	
3 1074	1061	1016	
3 1054	974	1061	
3 1075	1062	1017	
3 1055	976	1062	
3 1076	1063	1018	
3 1056	978	1063	
3 1020	1036	1064	
3 1099	1064	1036	
3 1021	1037	1065	
3 1100	1065	1037	
3 24	1094	1023	
3 1078	1000	1025	
3 927	1035	1067	
3 1101	1067	1035	
3 860	1068	861	
3 1120	997	1028	
3 862	1069	863	
3 1121	998	1029	
3 1105	1019	989	
3 995	1093	996	
3 1080	1083	1074	
3 1011	1071	1080	
3 1166	1103	1074	
3 1009	1081	1086	
3 1036	960	1096	
3 1115	1057	1007	
3 1083	1071	1050	
3 1054	1074	1103	
3 1103	1072	987	
3 1050	1048	1122	
3 1116	1058	1008	
3 1097	1114	1037	
3 1123	1077	1094	
3 1172	1142	1077	
3 1066	1077	1078	
3 1078	1077	1142	
3 1070	966	1102	
3 1193	1199	1179	
3 1083	1080	1071	
3 1074	1016	1080	
3 948	1081	1059	
3 1081	1072	1084	
3 949	1082	1060	
3 1082	1073	1085	
3 1046	1005	1130	
3 1003	1100	1029	
3 1099	1028	1002	
3 1120	1033	1068	
3 1211	1083	1122	
3 1069	1121	1034	
3 1088	1086	1084	
3 1009	1086	1089	
3 1090	1087	1085	
3 1010	1087	1091	
3 1184	1098	1106	
3 1201	1113	1148	
3 1086	1088	1089	
3 1115	1088	1107	
3 1137	1075	1017	
3 1070	1102	1079	
3 1087	1090	1091	
3 1116	1090	1108	
3 1198	293	1194	
3 1155	1144	1124	
3 1093	1022	1109	
3 996	1093	1110	
3 1123	23	22	
3 1077	1023	1094	
3 1067	1101	1027	
3 288	1124	289	
3 1107	1052	1057	
3 967	1111	1096	
3 1108	1053	1058	
3 968	1112	1097	
3 1043	1041	1106	
3 1083	1050	1122	
3 1099	1036	1113	
3 1073	1141	1085	
3 1114	1100	1037	
3 1006	990	1139	
3 1110	1093	1109	
3 1092	996	1110	
3 1019	1126	990	
3 1018	1138	1076	
3 1166	1074	1083	
3 1072	1103	1140	
3 1012	1033	1150	
3 1073	1104	1141	
3 1151	1013	1034	
3 1204	1100	1205	
3 1106	1154	1184	
3 1127	1131	1135	
3 1088	1146	1107	
3 1127	1096	1111	
3 1090	1147	1108	
3 1128	1097	1112	
3 1079	1102	1167	
3 1092	1110	1129	
3 1117	1110	1109	
3 1110	1117	1129	
3 1052	1107	1111	
3 1127	1113	1096	
3 1053	1108	1112	
3 1128	1114	1097	
3 1084	1072	1140	
3 1159	1085	1141	
3 1132	1136	1128	
3 1128	1136	1114	
3 1088	1115	1089	
3 1057	1115	1107	
3 1090	1116	1091	
3 1058	1116	1108	
3 1273	1198	1240	
3 1109	1079	1117	
3 1030	1098	1118	
3 1119	1118	1098	
3 1130	1119	1133	
3 1130	1005	1004	
3 1113	1135	1148	
3 1104	1075	1153	
3 1149	1114	1136	
3 1139	1102	1014	
3 1048	1134	1122	
3 1108	1147	1132	
3 21	1143	22	
3 21	20	1168	
3 1125	1095	1026	
3 1125	1145	1095	
3 1191	1169	1160	
3 1169	290	1144	
3 1152	1076	1138	
3 1149	1205	1114	
3 1107	1131	1111	
3 1127	1111	1131	
3 1108	1132	1112	
3 1128	1112	1132	
3 1180	1167	1173	
3 1193	1179	1183	
3 1133	1119	1098	
3 1134	1048	1046	
3 1157	1088	1084	
3 1146	1131	1107	
3 1135	1131	1156	
3 1127	1135	1113	
3 1142	1154	1106	
3 1163	1148	1135	
3 1130	1133	1134	
3 1209	1134	1133	
3 1146	1156	1131	
3 1136	1132	1158	
3 1120	1175	1150	
3 1138	1151	1170	
3 1150	1137	1012	
3 1137	1153	1075	
3 1013	1151	1138	
3 1152	1105	1076	
3 1079	1167	1117	
3 1139	1173	1102	
3 1140	1103	1166	
3 1140	1157	1084	
3 1200	1099	1201	
3 1159	1090	1085	
3 1172	1123	1143	
3 1123	22	1143	
3 19	1187	20	
3 1077	1123	1172	
3 1145	1155	1124	
3 1144	1155	1160	
3 1161	1125	1101	
3 1101	1035	1208	
3 1225	1146	1157	
3 1132	1147	1158	
3 1104	1153	1141	
3 1126	1105	1152	
3 1146	1088	1157	
3 1153	1171	1178	
3 1159	1147	1090	
3 1139	1176	1181	
3 1171	1153	1137	
3 1150	1171	1137	
3 1138	1170	1152	
3 1151	1121	1174	
3 1186	1149	1165	
3 1167	1102	1173	
3 1175	1178	1171	
3 1153	1210	1141	
3 1290	1306	1296	
3 1134	1209	1122	
3 1145	1125	1161	
3 1161	1155	1145	
3 1162	1156	1146	
3 1135	1156	1163	
3 1209	1133	1184	
3 1133	1098	1184	
3 1164	1158	1147	
3 1136	1158	1165	
3 1159	1210	1221	
3 1147	1159	1164	
3 1160	1155	1161	
3 294	293	1198	
3 1179	1199	1117	
3 294	1247	295	
3 1222	1211	1213	
3 1136	1165	1149	
3 1156	1162	1163	
3 1185	1163	1162	
3 1216	1239	1178	
3 1167	1180	1117	
3 1158	1164	1165	
3 1186	1165	1164	
3 1166	1083	1211	
3 1211	1222	1166	
3 1176	1139	1126	
3 1152	1233	1126	
3 19	18	1214	
3 1154	1142	1172	
3 1144	1160	1169	
3 1160	1188	1191	
3 1121	1029	1204	
3 1151	1174	1170	
3 1120	1028	1200	
3 1150	1175	1171	
3 1168	1189	1143	
3 20	1187	1168	
3 1170	1174	1177	
3 1179	1117	1180	
3 1149	1206	1205	
3 1177	1152	1170	
3 1163	1185	1148	
3 1159	1141	1210	
3 1152	1177	1233	
3 1188	1244	1198	
3 1216	1178	1175	
3 1179	1180	1183	
3 1201	1148	1202	
3 1175	1203	1216	
3 1126	1233	1176	
3 1237	1235	1236	
3 1173	1181	1180	
3 1181	1182	1183	
3 1139	1181	1173	
3 1181	1176	1182	
3 1174	1207	1218	
3 1263	296	295	
3 1181	1183	1180	
3 1193	1182	1190	
3 1172	1195	1154	
3 1223	1157	1222	
3 1213	1211	1212	
3 1218	1177	1174	
3 1261	1248	1217	
3 1159	1221	1164	
3 1214	18	1234	
3 1143	1189	1172	
3 1232	1226	1230	
3 1101	1208	1219	
3 1189	1168	1192	
3 1189	1192	1195	
3 1243	1177	1218	
3 1276	298	297	
3 1194	1191	1188	
3 292	291	1191	
3 19	1214	1187	
3 17	1241	1234	
3 1193	1190	1197	
3 1193	1197	1199	
3 1194	1188	1198	
3 293	292	1194	
3 16	1255	1241	
3 1274	1196	1254	
3 1255	1265	1241	
3 1241	1254	1234	
3 1238	1182	1233	
3 1313	1276	1287	
3 1244	1232	1245	
3 1244	1188	1160	
3 1219	1161	1101	
3 1117	1199	1129	
3 1099	1113	1201	
3 1175	1120	1200	
3 1202	1148	1185	
3 1200	1201	1203	
3 1202	1185	1215	
3 1200	1203	1175	
3 1201	1202	1203	
3 1202	1215	1216	
3 1100	1114	1205	
3 1174	1121	1204	
3 1206	1149	1186	
3 1204	1205	1207	
3 1206	1186	1217	
3 1204	1207	1174	
3 1205	1206	1207	
3 1206	1217	1218	
3 1199	1220	1129	
3 1197	1227	1199	
3 1154	1246	1184	
3 1162	1231	1185	
3 1153	1178	1210	
3 1210	1178	1221	
3 1209	1212	1122	
3 1122	1212	1211	
3 1212	1228	1213	
3 1166	1222	1140	
3 1212	1209	1228	
3 1229	1225	1223	
3 1234	18	17	
3 1196	1187	1214	
3 1231	1162	1229	
3 1182	1238	1190	
3 1202	1216	1203	
3 1251	1216	1215	
3 1252	1215	1249	
3 1261	1221	1262	
3 1206	1218	1207	
3 1233	1243	1238	
3 1129	1220	1226	
3 1208	1226	1219	
3 1227	1220	1199	
3 1161	1219	1232	
3 1178	1239	1221	
3 1186	1164	1261	
3 1223	1222	1213	
3 1157	1140	1222	
3 1224	1223	1213	
3 1146	1225	1162	
3 1184	1246	1260	
3 1228	1250	1224	
3 1157	1223	1225	
3 1229	1223	1224	
3 1129	1226	1208	
3 1230	1226	1220	
3 1197	1236	1227	
3 1227	1235	1220	
3 1274	1283	1284	
3 1249	1185	1231	
3 1229	1224	1231	
3 1162	1225	1229	
3 1230	1220	1235	
3 1232	1230	1245	
3 1239	1216	1251	
3 1242	1236	1197	
3 1244	1245	1240	
3 1160	1161	1232	
3 1233	1177	1243	
3 1182	1176	1233	
3 16	1241	17	
3 16	15	1255	
3 1227	1236	1235	
3 1271	1287	1268	
3 1197	1190	1242	
3 1336	300	1312	
3 1238	1242	1190	
3 1282	1271	1273	
3 1258	1243	1256	
3 1236	1242	1272	
3 1185	1249	1215	
3 1186	1261	1217	
3 1263	1268	296	
3 295	1247	1263	
3 1255	15	1266	
3 1254	1241	1265	
3 1256	1257	1258	
3 1242	1238	1279	
3 1217	1256	1218	
3 1243	1218	1256	
3 1232	1244	1160	
3 1198	1244	1240	
3 1230	1237	1245	
3 1259	1245	1237	
3 1296	1285	1269	
3 1264	1231	1250	
3 1259	1240	1245	
3 1273	1247	1198	
3 1224	1250	1231	
3 1251	1253	1239	
3 1209	1260	1228	
3 1264	1249	1231	
3 1280	1228	1260	
3 1261	1262	1248	
3 1251	1215	1252	
3 1251	1252	1253	
3 1295	1307	1289	
3 1267	1248	1262	
3 1252	1249	1264	
3 1258	1238	1243	
3 1341	1343	1345	
3 1265	1255	1270	
3 14	1266	15	
3 13	1275	14	
3 1248	1257	1217	
3 1217	1257	1256	
3 1257	1267	1281	
3 1238	1258	1279	
3 1257	1248	1267	
3 1242	1279	1291	
3 1237	1236	1272	
3 1313	1288	1276	
3 1274	1246	1195	
3 1265	1269	1254	
3 1164	1221	1261	
3 1262	1221	1239	
3 1239	1253	1262	
3 1267	1262	1253	
3 1273	1271	1247	
3 296	1268	297	
3 1228	1280	1250	
3 1252	1295	1253	
3 1255	1266	1270	
3 1275	1278	1266	
3 13	12	1286	
3 1290	1270	1278	
3 1252	1307	1295	
3 1237	1272	1305	
3 1271	1263	1247	
3 1268	1263	1271	
3 1372	1391	1380	
3 1250	1277	1264	
3 14	1275	1266	
3 1269	1265	1270	
3 1301	1303	1305	
3 1288	1312	299	
3 1295	1267	1253	
3 1329	1325	1326	
3 1240	1259	1273	
3 1273	1259	1282	
3 1269	1283	1254	
3 1274	1254	1283	
3 11	1310	12	
3 1266	1278	1270	
3 1268	1287	1276	
3 298	1276	1288	
3 1270	1290	1269	
3 1242	1291	1272	
3 1275	13	1286	
3 1286	1294	1275	
3 1292	1257	1281	
3 1257	1292	1258	
3 1274	1284	1246	
3 1277	1250	1280	
3 1348	1267	1289	
3 1300	1301	1291	
3 1291	1301	1272	
3 1316	1282	1259	
3 1293	1280	1260	
3 1293	1246	1284	
3 1269	1285	1283	
3 1284	1283	1285	
3 1349	1306	1309	
3 1308	1304	1299	
3 1317	1294	1286	
3 1290	1278	1306	
3 1282	1311	1271	
3 1305	1316	1259	
3 1318	1271	1311	
3 299	1312	300	
3 1314	1277	1280	
3 1304	1297	1302	
3 1278	1275	1294	
3 1269	1290	1296	
3 1258	1292	1279	
3 1279	1298	1291	
3 1299	1298	1292	
3 1279	1292	1298	
3 1285	1315	1284	
3 1284	1315	1293	
3 12	1310	1286	
3 1310	1343	1317	
3 1307	1252	1264	
3 1267	1295	1289	
3 1347	1345	1346	
3 1309	1350	1349	
3 1298	1302	1300	
3 301	1351	302	
3 1299	1292	1281	
3 1300	1297	1301	
3 1281	1267	1348	
3 1307	1334	1289	
3 1291	1298	1300	
3 1302	1298	1299	
3 1303	1301	1297	
3 1305	1272	1301	
3 1304	1302	1299	
3 1297	1300	1302	
3 1297	1304	1337	
3 1328	1329	1331	
3 1299	1281	1308	
3 1323	1303	1337	
3 1322	1316	1305	
3 1237	1305	1259	
3 1317	1286	1310	
3 1294	1309	1306	
3 1264	1277	1307	
3 1307	1277	1334	
3 1314	1315	1320	
3 1348	1340	1308	
3 1347	1341	1345	
3 1289	1334	1340	
3 10	1335	11	
3 1309	1343	1341	
3 1324	1311	1282	
3 1338	1319	1328	
3 1319	1288	1313	
3 1319	1312	1288	
3 1318	1287	1271	
3 1313	1287	1318	
3 1314	1293	1315	
3 1277	1314	1320	
3 1321	1285	1296	
3 1321	1369	1315	
3 1322	1305	1303	
3 1282	1316	1324	
3 1310	11	1335	
3 1309	1294	1317	
3 1311	1326	1318	
3 1318	1325	1313	
3 1319	1313	1325	
3 1312	1319	1338	
3 1285	1321	1315	
3 1308	1352	1304	
3 1343	1309	1317	
3 1374	1350	1361	
3 1323	1322	1303	
3 1316	1322	1324	
3 1303	1297	1337	
3 1333	1344	1357	
3 1322	1323	1324	
3 1323	1342	1324	
3 1311	1324	1327	
3 1318	1326	1325	
3 1311	1327	1326	
3 1319	1325	1329	
3 1355	1356	1366	
3 301	1336	1351	
3 1331	1329	1330	
3 1328	1331	1332	
3 1330	1326	1327	
3 1319	1329	1328	
3 1333	1330	1339	
3 1332	1331	1333	
3 1330	1327	1339	
3 1351	1356	1355	
3 1331	1330	1333	
3 1373	1371	1362	
3 1327	1342	1339	
3 1367	1368	1366	
3 1277	1320	1334	
3 1334	1320	1340	
3 9	1346	10	
3 1345	1335	1346	
3 1336	1354	1351	
3 1354	1336	1338	
3 1308	1340	1352	
3 1344	1333	1339	
3 1332	1338	1328	
3 1336	1312	1338	
3 1342	1327	1324	
3 1323	1337	1353	
3 1350	1359	1361	
3 1370	1337	1352	
3 1346	9	1358	
3 1365	7	1372	
3 1323	1353	1342	
3 1339	1342	1344	
3 1310	1335	1343	
3 1345	1343	1335	
3 1337	1304	1352	
3 1378	306	305	
3 1346	1335	10	
3 9	8	1358	
3 1346	1358	1364	
3 7	6	1372	
3 1379	1372	6	
3 1350	1321	1349	
3 1340	1348	1289	
3 1308	1281	1348	
3 1350	1309	1341	
3 1321	1296	1349	
3 1359	1350	1341	
3 1361	1359	1360	
3 302	1355	303	
3 302	1351	1355	
3 1315	1369	1320	
3 1342	1353	1344	
3 1352	1340	1383	
3 1344	1353	1377	
3 1338	1332	1354	
3 1355	1362	303	
3 1363	1354	1332	
3 1357	1332	1333	
3 1363	1356	1354	
3 304	303	1362	
3 1377	1353	1370	
3 1384	1368	1402	
3 7	1365	8	
3 1365	1364	1358	
3 1346	1364	1347	
3 1321	1350	1374	
3 1391	1396	1400	
3 1383	1340	1320	
3 1375	1361	1360	
3 1370	1353	1337	
3 1356	1363	1367	
3 1355	1366	1362	
3 1332	1357	1363	
3 1363	1357	1367	
3 1358	8	1365	
3 1360	1347	1364	
3 6	5	1379	
3 1364	1365	1380	
3 1356	1367	1366	
3 1366	1373	1362	
3 1368	1367	1357	
3 304	1371	305	
3 1344	1388	1357	
3 308	1404	1409	
3 1321	1374	1369	
3 1382	1383	1376	
3 1381	1374	1361	
3 1382	1370	1352	
3 1373	1384	1371	
3 305	1371	1378	
3 5	4	1390	
3 1365	1372	1380	
3 1366	1368	1373	
3 1368	1384	1373	
3 1381	1361	1375	
3 1381	1387	1374	
3 1360	1364	1380	
3 1394	1381	1406	
3 1377	1370	1386	
3 1388	1344	1377	
3 1394	1387	1381	
3 1388	1395	1357	
3 1384	1378	1371	
3 306	1378	1389	
3 4	3	1405	
3 1360	1380	1375	
3 1379	1391	1372	
3 5	1390	1379	
3 1385	1376	1394	
3 1394	1376	1387	
3 1385	1382	1376	
3 1370	1382	1386	
3 1320	1369	1383	
3 1369	1374	1387	
3 1368	1357	1395	
3 307	1389	1404	
3 1381	1375	1406	
3 1392	1397	1377	
3 1382	1385	1386	
3 1392	1386	1385	
3 1376	1383	1387	
3 1369	1387	1383	
3 1377	1386	1392	
3 1389	1378	1393	
3 1377	1397	1388	
3 1389	1393	1399	
3 1410	1405	3	
3 1405	1410	1403	
3 1390	1396	1379	
3 1379	1396	1391	
3 1407	1385	1394	
3 1417	1402	1395	
3 1395	1402	1368	
3 1402	1399	1393	
3 1375	1400	1412	
3 1413	1394	1406	
3 1397	1395	1388	
3 1392	1411	1397	
3 4	1405	1390	
3 1421	1426	1438	
3 1411	1392	1407	
3 1442	1446	314	
3 1384	1402	1393	
3 308	1409	309	
3 1402	1417	1433	
3 1403	1396	1390	
3 1407	1392	1385	
3 1397	1417	1395	
3 1400	1396	1403	
3 1397	1411	1417	
3 1426	1410	1419	
3 1418	1412	1421	
3 1389	1399	1404	
3 1404	1399	1409	
3 1410	3	2	
3 1403	1390	1405	
3 1412	1406	1375	
3 1420	1416	1407	
3 1412	1418	1406	
3 1422	1439	1430	
3 1422	1414	1409	
3 310	309	1414	
3 309	1409	1414	
3 1	1419	2	
3 1432	1438	1426	
3 1407	1413	1420	
3 1416	1417	1411	
3 1421	1400	1403	
3 1413	1407	1394	
3 1418	1413	1406	
3 1420	1425	1416	
3 1422	1409	1399	
3 310	1427	311	
3 1440	1444	1447	
3 1419	1410	2	
3 1411	1407	1416	
3 1434	1439	1440	
3 1428	1430	1423	
3 1400	1421	1412	
3 1425	1420	1418	
3 1429	1	0	
3 1403	1426	1421	
3 1413	1418	1420	
3 1443	1421	1438	
3 1403	1410	1426	
3 1437	1415	1401	
3 1433	1399	1402	
3 1399	1433	1422	
3 1449	1443	1437	
3 1423	1427	1428	
3 1429	1424	1431	
3 1440	1447	1434	
3 1431	1419	1	
3 1426	1431	1432	
3 1414	1422	1428	
3 1428	310	1414	
3 1423	1430	1408	
3 1428	1422	1430	
3 1429	1431	1	
3 1422	1433	1439	
3 1432	1431	1424	
3 1426	1419	1431	
3 1424	1415	1432	
3 1415	1437	1438	
3 1417	1416	1440	
3 1434	1408	1430	
3 1433	1440	1439	
3 1398	1408	1434	
3 1449	1448	1425	
3 1435	1441	1445	
3 1442	1436	1446	
3 1443	1418	1421	
3 1415	1438	1432	
3 1438	1437	1443	
3 1440	1433	1417	
3 1430	1439	1434	
3 1425	1444	1416	
3 1416	1444	1440	
3 1451	1448	1449	
3 1445	1441	314	
3 314	315	1442	
3 1425	1418	1443	
3 1448	1444	1425	
3 1444	1450	1447	
3 1452	1446	1454	
3 1451	1455	1445	
3 1456	1458	313	
3 1447	1398	1434	
3 1450	1444	1448	
3 1447	1450	1454	
3 1449	1425	1443	
3 1445	314	1452	
3 1437	1401	1449	
3 1451	1445	1452	
3 1452	1450	1448	
3 1457	1454	1446	
3 1449	1401	1451	
3 1455	312	1435	
3 1452	1448	1451	
3 314	1446	1452	
3 1454	1450	1452	
3 1457	1456	1453	
3 1398	1454	1453	
3 1454	1457	1453	
3 1451	1401	1455	
3 1459	1458	1456	
3 1459	1446	1436	
3 1446	1459	1457	
3 1459	1456	1457	
3 1436	1458	1459	
CELL_TYPES 2587
5
5
5
5
5
5
5
5
5
5
5
5
5
5
5
5
5
5
5
5
5
5
5
5
5
5
5
5
5
5
5
5
5
5
5
5
5
5
5
5
5
5
5
5
5
5
5
5
5
5
5
5
5
5
5
5
5
5
5
5
5
5
5
5
5
5
5
5
5
5
5
5
5
5
5
5
5
5
5
5
5
5
5
5
5
5
5
5
5
5
5
5
5
5
5
5
5
5
5
5
5
5
5
5
5
5
5
5
5
5
5
5
5
5
5
5
5
5
5
5
5
5
5
5
5
5
5
5
5
5
5
5
5
5
5
5
5
5
5
5
5
5
5
5
5
5
5
5
5
5
5
5
5
5
5
5
5
5
5
5
5
5
5
5
5
5
5
5
5
5
5
5
5
5
5
5
5
5
5
5
5
5
5
5
5
5
5
5
5
5
5
5
5
5
5
5
5
5
5
5
5
5
5
5
5
5
5
5
5
5
5
5
5
5
5
5
5
5
5
5
5
5
5
5
5
5
5
5
5
5
5
5
5
5
5
5
5
5
5
5
5
5
5
5
5
5
5
5
5
5
5
5
5
5
5
5
5
5
5
5
5
5
5
5
5
5
5
5
5
5
5
5
5
5
5
5
5
5
5
5
5
5
5
5
5
5
5
5
5
5
5
5
5
5
5
5
5
5
5
5
5
5
5
5
5
5
5
5
5
5
5
5
5
5
5
5
5
5
5
5
5
5
5
5
5
5
5
5
5
5
5
5
5
5
5
5
5
5
5
5
5
5
5
5
5
5
5
5
5
5
5
5
5
5
5
5
5
5
5
5
5
5
5
5
5
5
5
5
5
5
5
5
5
5
5
5
5
5
5
5
5
5
5
5
5
5
5
5
5
5
5
5
5
5
5
5
5
5
5
5
5
5
5
5
5
5
5
5
5
5
5
5
5
5
5
5
5
5
5
5
5
5
5
5
5
5
5
5
5
5
5
5
5
5
5
5
5
5
5
5
5
5
5
5
5
5
5
5
5
5
5
5
5
5
5
5
5
5
5
5
5
5
5
5
5
5
5
5
5
5
5
5
5
5
5
5
5
5
5
5
5
5
5
5
5
5
5
5
5
5
5
5
5
5
5
5
5
5
5
5
5
5
5
5
5
5
5
5
5
5
5
5
5
5
5
5
5
5
5
5
5
5
5
5
5
5
5
5
5
5
5
5
5
5
5
5
5
5
5
5
5
5
5
5
5
5
5
5
5
5
5
5
5
5
5
5
5
5
5
5
5
5
5
5
5
5
5
5
5
5
5
5
5
5
5
5
5
5
5
5
5
5
5
5
5
5
5
5
5
5
5
5
5
5
5
5
5
5
5
5
5
5
5
5
5
5
5
5
5
5
5
5
5
5
5
5
5
5
5
5
5
5
5
5
5
5
5
5
5
5
5
5
5
5
5
5
5
5
5
5
5
5
5
5
5
5
5
5
5
5
5
5
5
5
5
5
5
5
5
5
5
5
5
5
5
5
5
5
5
5
5
5
5
5
5
5
5
5
5
5
5
5
5
5
5
5
5
5
5
5
5
5
5
5
5
5
5
5
5
5
5
5
5
5
5
5
5
5
5
5
5
5
5
5
5
5
5
5
5
5
5
5
5
5
5
5
5
5
5
5
5
5
5
5
5
5
5
5
5
5
5
5
5
5
5
5
5
5
5
5
5
5
5
5
5
5
5
5
5
5
5
5
5
5
5
5
5
5
5
5
5
5
5
5
5
5
5
5
5
5
5
5
5
5
5
5
5
5
5
5
5
5
5
5
5
5
5
5
5
5
5
5
5
5
5
5
5
5
5
5
5
5
5
5
5
5
5
5
5
5
5
5
5
5
5
5
5
5
5
5
5
5
5
5
5
5
5
5
5
5
5
5
5
5
5
5
5
5
5
5
5
5
5
5
5
5
5
5
5
5
5
5
5
5
5
5
5
5
5
5
5
5
5
5
5
5
5
5
5
5
5
5
5
5
5
5
5
5
5
5
5
5
5
5
5
5
5
5
5
5
5
5
5
5
5
5
5
5
5
5
5
5
5
5
5
5
5
5
5
5
5
5
5
5
5
5
5
5
5
5
5
5
5
5
5
5
5
5
5
5
5
5
5
5
5
5
5
5
5
5
5
5
5
5
5
5
5
5
5
5
5
5
5
5
5
5
5
5
5
5
5
5
5
5
5
5
5
5
5
5
5
5
5
5
5
5
5
5
5
5
5
5
5
5
5
5
5
5
5
5
5
5
5
5
5
5
5
5
5
5
5
5
5
5
5
5
5
5
5
5
5
5
5
5
5
5
5
5
5
5
5
5
5
5
5
5
5
5
5
5
5
5
5
5
5
5
5
5
5
5
5
5
5
5
5
5
5
5
5
5
5
5
5
5
5
5
5
5
5
5
5
5
5
5
5
5
5
5
5
5
5
5
5
5
5
5
5
5
5
5
5
5
5
5
5
5
5
5
5
5
5
5
5
5
5
5
5
5
5
5
5
5
5
5
5
5
5
5
5
5
5
5
5
5
5
5
5
5
5
5
5
5
5
5
5
5
5
5
5
5
5
5
5
5
5
5
5
5
5
5
5
5
5
5
5
5
5
5
5
5
5
5
5
5
5
5
5
5
5
5
5
5
5
5
5
5
5
5
5
5
5
5
5
5
5
5
5
5
5
5
5
5
5
5
5
5
5
5
5
5
5
5
5
5
5
5
5
5
5
5
5
5
5
5
5
5
5
5
5
5
5
5
5
5
5
5
5
5
5
5
5
5
5
5
5
5
5
5
5
5
5
5
5
5
5
5
5
5
5
5
5
5
5
5
5
5
5
5
5
5
5
5
5
5
5
5
5
5
5
5
5
5
5
5
5
5
5
5
5
5
5
5
5
5
5
5
5
5
5
5
5
5
5
5
5
5
5
5
5
5
5
5
5
5
5
5
5
5
5
5
5
5
5
5
5
5
5
5
5
5
5
5
5
5
5
5
5
5
5
5
5
5
5
5
5
5
5
5
5
5
5
5
5
5
5
5
5
5
5
5
5
5
5
5
5
5
5
5
5
5
5
5
5
5
5
5
5
5
5
5
5
5
5
5
5
5
5
5
5
5
5
5
5
5
5
5
5
5
5
5
5
5
5
5
5
5
5
5
5
5
5
5
5
5
5
5
5
5
5
5
5
5
5
5
5
5
5
5
5
5
5
5
5
5
5
5
5
5
5
5
5
5
5
5
5
5
5
5
5
5
5
5
5
5
5
5
5
5
5
5
5
5
5
5
5
5
5
5
5
5
5
5
5
5
5
5
5
5
5
5
5
5
5
5
5
5
5
5
5
5
5
5
5
5
5
5
5
5
5
5
5
5
5
5
5
5
5
5
5
5
5
5
5
5
5
5
5
5
5
5
5
5
5
5
5
5
5
5
5
5
5
5
5
5
5
5
5
5
5
5
5
5
5
5
5
5
5
5
5
5
5
5
5
5
5
5
5
5
5
5
5
5
5
5
5
5
5
5
5
5
5
5
5
5
5
5
5
5
5
5
5
5
5
5
5
5
5
5
5
5
5
5
5
5
5
5
5
5
5
5
5
5
5
5
5
5
5
5
5
5
5
5
5
5
5
5
5
5
5
5
5
5
5
5
5
5
5
5
5
5
5
5
5
5
5
5
5
5
5
5
5
5
5
5
5
5
5
5
5
5
5
5
5
5
5
5
5
5
5
5
5
5
5
5
5
5
5
5
5
5
5
5
5
5
5
5
5
5
5
5
5
5
5
5
5
5
5
5
5
5
5
5
5
5
5
5
5
5
5
5
5
5
5
5
5
5
5
5
5
5
5
5
5
5
5
5
5
5
5
5
5
5
5
5
5
5
5
5
5
5
5
5
5
5
5
5
5
5
5
5
5
5
5
5
5
5
5
5
5
5
5
5
5
5
5
5
5
5
5
5
5
5
5
5
5
5
5
5
5
5
5
5
5
5
5
5
5
5
5
5
5
5
5
5
5
5
5
5
5
5
5
5
5
5
5
5
5
5
5
5
5
5
5
5
5
5
5
5
5
5
5
5
5
5
5
5
5
5
5
5
5
5
5
5
5
5
5
5
5
5
5
5
5
5
5
5
5
5
5
5
5
5
5
5
5
5
5
5
5
5
5
5
5
5
5
5
5
5
5
5
5
5
5
5
5
5
5
5
5
5
5
5
5
5
5
5
5
5
5
5
5
5
5
5
5
5
5
5
5
5
5
5
5
5
5
5
5
5
5
5
5
5
5
5
5
5
5
5
5
5
5
5
5
5
5
5
5
5
5
5
5
5
5
5
5
5
5
5
5
5
5
5
5
5
5
5
5
5
5
5
5
5
5
5
5
5
5
5
5
5
5
5
5
5
5
5
5
5
5
5
5
5
5
5
5
5
5
5
5
5
5
5
5
5
5
5
5
5
5
5
5
5
5
5
5
5
5
5
5
5
5
5
5
5
5
5
5
5
5
5
5
5
5
5
5
5
5
5
5
5
5
5
5
5
5
5
5
5
5
5
5
5
5
5
5
5
5
5
5
5
5
5
5
5
5
5
5
5
5
5
5
5
5
5
5
5
5
5
5
5
5
5
5
5
5
5
5
5
5
5
5
5
5
5
5
5
5
5
5
5
5
5
5
5
5
5
5
5
5
5
5
5
5
5
5
5
5
5
5
5
5
5
5
5
5
5
5
5
5
5
5
5
5
5
5
5
5
5
5
5
5
5
5
5
5
5
5
5
5
5
5
5
5
5
5
5
5
5
5
5
5
5
5
5
5
5
5
5
5
5
5
5
5
5
5
5
5
5
5
5
5
5
5
5
5
5
5
5
5
5
5
5
5
5
5
5
5
5
5
5
5
5
5
5
5
5
5
5
5
5
5
5
5
5
5
5
5
5
5
5
5
5
5
5
5
5
5
5
5
5
5
5
5
5
5
5
5
5
5
5
5
5
5
5
5
5
5
5
5
5
5
5
5
5
5
5
5
5
5
5
5
5
5
5
5
5
5
5
5
5
5
5
5
5
5
5
5
5
5
5
5
5
5
5
5
5
5
5
5
5
5
5
5
5
5
5
5
5
5
5
5
5
5
5
5
5
5
5
5
5
5
5
5
5
5
5
5
5
5
5
5
5
5
5
5
5
5
5
5
5
5
5
5
5
5
5
5
5
5
5
5
5
5
5
5
5
5
5
5
5
5
5
5
5
5
5
5
5
5
5
5
5
5
5
5
5
5
5
5
5
5
5
5
5
5
5
5
5
5
5
5
5
5
5
5
5
5
5
5
5
5
5
5
5
5
5
5
5
5
5
5
5
5
5
5
5
5
5
5
5
5
5
5
5
5
5
5
5
5
5
5
5
5
5
5
5
5
5
5
5
5
5
5
5
5
5
5
5
5
5
5
5
5
5
5
5
5
5
5
5
5
5
5
5
5
5
5
5
5
5
5
5
5
5
5
5
5
5
5
5
5
5
5
5
5
5
5
5
5
5
5
5
5
5
5
5
5
5
5
5
5
5
5
5
5
5
5
5
5
5
5
5
5
5
5
5
5
5
5
5
5
5
5
5
5
5
5
5
5
5
5
5
5
5
5
5
5
5
5
5
5
5
5
5
5
5
5
5
5
5
5
5
5
5
5
5
5
5
5
5
5
5
5
5
5
5
5
5
5
5
5
5
5
5
5
5
5
5
5
5
5
5
5
5
5
5
5
5
5
5
5
5
5
5
5
5
5
5
5
5
5
5
5
5
5
5
5
5
5
5
5
5
5
5
5
5
5
5
5
5
5
5
5
5
5
5
5
5
5
5
5
5
5
5
5
5
5
CELL_DATA 2587
SCALARS sample_scalars double 3
LOOKUP_TABLE default
1035.34	0	0	
1035.34	0	0	
961.051	0	8.29741	
1035.34	0	0	
1035.34	0	0	
995.141	0	8.49605	
984.138	0	0.0103048	
1035.34	0	0	
1010.29	0	0.0159747	
1035.34	0	0	
1008.16	0	0.0373268	
985.657	0	0.0547729	
1035.34	0	0	
1021.43	0	0.0304815	
1004.36	0	0.0669476	
991.627	0	0.0142967	
995.693	0	0.0111366	
1009.35	0	0.0571099	
1013.98	0	0.0882047	
1005.63	0	0.0498289	
1014.13	0	0.0307218	
988.777	0	0.0145281	
1018.39	0	0.0284045	
987.625	0	0.0134734	
1021.52	0	0.0674196	
1031.63	0	0.104293	
993.581	0	0.286488	
1004.72	0	0.0570629	
1005.36	0	0.069671	
1000.91	0	0.0161257	
1023.04	0	0.143998	
943.175	0	1.30452	
1018.1	0	0.0407903	
1004.15	0	0.328865	
1019.7	0	0.224444	
990.756	0	0.0205524	
1019.19	0	0.00614037	
1025.94	0	0.0533773	
993.772	0	0.0159226	
1001.28	0	0.36682	
1017.22	0	0.0556785	
1009.14	0	0.00604832	
1004.43	0	0.234919	
999.911	0	0.014725	
1011.66	0	0.0204527	
955.602	0	0.11302	
985.831	0	0.0166442	
977.234	0	0.306105	
956.305	0	0.238374	
990.505	0	0.00735672	
961.934	0	0.0694139	
993.78	0	0.00716971	
987.628	0	0.115818	
989.689	0	0.00755651	
979.318	0	0.0167461	
993.243	0	0.013175	
991.722	0	0.0113878	
976.86	0	14.9017	
901.025	0	17.1296	
989.84	0	0.0119935	
965.861	0	4.29232	
977.943	0	0.0274546	
998.099	0	0.0183373	
982.707	0	10.4552	
1013.71	0	0.0169708	
981.26	0	1.93993	
987.169	0	0.988452	
976.872	0	0.0142987	
1004.97	0	1.23323	
978.757	0	0.0153956	
948.33	0	10.2366	
1001.31	0	0.0100143	
996.085	0	1.07358	
975.921	0	0.01062	
1014.31	0	1.1052	
997.94	0	2.365	
1007.42	0	0.0162609	
1006.95	0	0.461046	
997.813	0	0.0186522	
1018.78	0	0.246107	
991.512	0	0.159872	
989.819	0	0.057795	
1006.88	0	0.0116056	
1022.93	0	0.309017	
1008.52	0	0.00862196	
1012.43	0	0.0366656	
1033.19	0	0.12456	
1021.29	0	0.00748407	
1028.37	0	0.163085	
1004.17	0	0.0187926	
1027.65	0	0.11613	
1006.22	0	0.0680833	
1088.44	0	0.00277278	
1039.28	0	0.0560274	
1042.22	0	0.0222615	
1029.18	0	0.0640359	
1001.97	0	0.0196291	
995.052	0	0.038614	
1009.24	0	0.022515	
1016.19	0	0.549545	
999.828	0	0.0272648	
1027.78	0	0.0124984	
989.129	0	0.0117236	
990.522	0	0.0136102	
995.525	0	0.0152943	
976.566	0	0.0347283	
1017.37	0	0.0327889	
995.28	0	0.0797161	
1010.58	0	0.0123722	
1030.42	0	0.418913	
1025.47	0	0.051002	
1057.13	0	0.0048525	
984.48	0	0.0170954	
984.755	0	0.0101553	
987.036	0	0.0149326	
993.948	0	0.0135877	
993.222	0	0.0235355	
986.923	0	0.0152887	
983.182	0	0.0121252	
969.445	0	0.0194786	
979.77	0	0.0144123	
971.484	0	0.0120818	
1011.8	0	0.0189897	
977.666	0	0.0271015	
1006.35	0	0.0318142	
982.772	0	0.0102478	
975.922	0	0.0148391	
996.482	0	0.0186118	
994.358	0	0.00848712	
1004.97	0	0.121161	
985.265	0	0.0346202	
988.888	0	0.0151381	
1032.54	0	0.162113	
1013.07	0	0.0117535	
1009.39	0	0.0338471	
1000.33	0	0.0173434	
996.165	0	0.0226539	
1010.67	0	0.0191674	
1006.97	0	0.0158073	
1015.24	0	0.0188984	
1027.25	0	0.0829897	
1021.17	0	0.0597042	
990.907	0	0.0193743	
1026.82	0	0.0665416	
1016.93	0	0.0284177	
998.123	0	0.0151739	
998.633	0	0.0194961	
1015.08	0	0.0265002	
1010.58	0	0.0337194	
998.466	0	0.0642964	
1016.78	0	0.019855	
986.122	0	0.0119544	
996.108	0	0.0347712	
963.149	0	0.0301424	
1020.14	0	0.0525644	
1006.3	0	0.117063	
1036.85	0	0.0400617	
996.302	0	0.048725	
1010.5	0	0.0329126	
988.858	0	0.0134304	
1029.89	0	0.0608579	
983.378	0	0.0468017	
995.159	0	0.338843	
988.988	0	0.012971	
993.074	0	0.0169241	
993.995	0	0.206236	
980.385	0	0.0535141	
1002.22	0	1.2427	
990.535	0	0.0201628	
1011.17	0	0.0226062	
999.393	0	0.327111	
978.209	0	0.00927049	
1003.77	0	0.111789	
984.946	0	0.0115618	
979.29	0	0.0103087	
999.021	0	0.111097	
976.07	0	0.0133665	
1021.28	0	0.362473	
979.249	0	1.07944	
967.811	0	0.0129785	
984.965	0	0.231934	
970.162	0	0.01392	
994.013	0	0.00750312	
988.193	0	0.432972	
973.488	0	0.00997436	
992.46	0	1.7696	
973.524	0	0.0111871	
998.557	0	1.08892	
976.258	0	0.0177901	
1031.94	0	0.0380878	
906.568	0	0.424709	
991.716	0	0.0101248	
1024.84	0	0.00519708	
979.26	0	0.0166759	
987.554	0	0.0276302	
1030.5	0	0.00670609	
986.325	0	0.0104067	
988.429	0	0.0552001	
1036.37	0	0.00719491	
987.171	0	0.013184	
1088.6	0	0.00605213	
997.572	0	0.0143284	
995.572	0	0.0175544	
1016.96	0	0.00440628	
984.298	0	0.0101547	
1004.28	0	0.007624	
989.752	0	0.00802388	
1001.96	0	0.012819	
1028.51	0	0.00523895	
978.906	0	0.0114334	
1025.66	0	0.00450201	
984.219	0	0.015429	
990.698	0	0.0220849	
999.26	0	0.00792205	
996.588	0	0.0175114	
1020.51	0	0.00823693	
993.408	0	0.0239098	
977.055	0	0.012419	
1066.72	0	0.0203759	
982.57	0	0.0177576	
967.489	0	0.0335762	
1008.66	0	0.0205423	
983.568	0	0.0120607	
998.146	0	0.0268574	
991.991	0	0.0115781	
1008.95	0	0.0156596	
979.304	0	0.00982316	
1019.77	0	0.00708303	
990.356	0	0.00875588	
974.391	0	0.575887	
1024.78	0	0.0151812	
982.821	0	0.0417445	
998.008	0	0.018285	
995.501	0	0.0815242	
986.858	0	0.0521042	
979.088	0	0.0171297	
967.437	0	0.0358981	
1027.39	0	0.0409322	
1001.64	0	0.0121883	
1010.64	0	0.0172839	
968.581	0	0.105945	
1031.77	0	0.0279545	
1030.52	0	0.051634	
982.744	0	0.0153085	
1006.86	0	0.0211496	
983.333	0	0.0204328	
984.836	0	0.0236783	
987.537	0	0.0243644	
966.528	0	0.0110833	
1029.89	0	0.0387348	
992.515	0	0.00821225	
1004.89	0	0.0147915	
1001.31	0	0.0129726	
972.787	0	0.0116641	
1038.61	0	0.0180572	
986.543	0	0.00827216	
958.838	0	0.0123312	
1026.33	0	0.00771321	
988.309	0	0.00814826	
1040.71	0	0.0119614	
1027.91	0	0.00581582	
997.903	0	0.0367676	
994.002	0	0.0108676	
991.691	0	0.00984255	
1062.58	0	0.0214396	
980.874	0	0.00917625	
1022.27	0	0.0201339	
990.208	0	0.0221169	
996.864	0	0.0131475	
1034	0	0.00816491	
991.028	0	0.00886644	
1028.49	0	0.00349299	
1021.22	0	0.00534319	
990.814	0	0.0109439	
1009.01	0	0.0119039	
987.423	0	0.00823794	
969.888	0	0.0112554	
983.688	0	0.00572134	
995.802	0	0.00894454	
1004.82	0	0.0133887	
1002.76	0	0.00473818	
1005.58	0	0.0183088	
1002.27	0	0.00892634	
987.275	0	0.0121467	
990.935	0	0.00462985	
972.482	0	0.00963137	
995.819	0	0.0103231	
996.105	0	0.00317866	
1011.04	0	0.0160652	
992.044	0	0.00398742	
993.67	0	0.00582352	
1017.63	0	0.0148866	
975.566	0	0.00359272	
1022.28	0	0.0232226	
995.882	0	0.00873452	
1000.33	0	0.00492062	
995.915	0	0.010586	
986.593	0	0.0039467	
1021.31	0	0.00525117	
1010.48	0	0.0154898	
1043.64	0	0.00635113	
995.877	0	0.00898705	
1001.5	0	0.00491853	
1006.8	0	0.010245	
1031.07	0	0.00949078	
1017.17	0	0.165295	
1017.02	0	0.00645561	
999.019	0	0.00753372	
990.322	0	0.0241966	
1055.51	0	0.0649341	
1035.34	0	0	
999.601	0	0.0432309	
1030.85	0	0.00335962	
999.323	0	0.0159403	
1008.66	0	0.0149971	
1022.48	0	0.00445992	
1065.03	0	0.0109729	
1005.42	0	0.0112071	
1009.86	0	0.0170363	
1047.92	0	0.00553153	
1000.55	0	0.0142577	
1092.1	0	0.00304607	
1076.49	0	0.00449304	
965.301	0	0.0154506	
1017.86	0	0.00649496	
999.385	0	0.0129682	
1062.54	0	0.00232092	
1000.6	0	0.0107771	
988.799	0	0.0283522	
1110.15	0	0.00514666	
985.159	0	0.0205823	
1024.34	0	0.00360754	
1097.26	0	0.00529467	
966.504	0	0.0543327	
1061.15	0	0.00424685	
996.987	0	0.0101462	
963.598	0	0.0247072	
1066.76	0	0.00897308	
968.442	0	0.0201126	
1025.5	0	0.00388617	
976.826	0	0.00478806	
980.15	0	0.0132998	
1056.57	0	0.00788031	
988.607	0	0.03828	
1061.1	0	0.00799296	
972.912	0	0.0166095	
1005.82	0	0.00579857	
969.516	0	0.0416923	
987.172	0	0.0131574	
1028.4	0	0.00753685	
972.476	0	0.0183648	
1033.95	0	0.0100571	
999.879	0	0.00830941	
999.311	0	0.0108363	
1027.78	0	0.00880068	
967.652	0	0.0215211	
1006.78	0	0.00793966	
978.918	0	0.0129738	
1035.9	0	0.00688056	
984.79	0	0.0166009	
941.252	0	0.0191744	
1020.1	0	0.00524689	
1012.41	0	0.0114285	
1019.28	0	0.0080784	
970.626	0	0.00726263	
1028.05	0	0.0133376	
1021.91	0	0.00505055	
991.9	0	0.022727	
1097.38	0	0.0020022	
976.902	0	0.0180594	
958.533	0	0.0193446	
1050.3	0	0.00407885	
982.896	0	0.0506982	
1056.01	0	0.00517053	
1015.76	0	7.54504	
953.857	0	0.0212996	
1018.98	0	0.918519	
987.532	0	0.0168645	
964.523	0	0.0223259	
1011.95	0	0.221243	
956.579	0	0.0197442	
1018.64	0	0.142414	
975.847	0	0.0393611	
1010.44	0	14.6858	
993.752	0	0.0298384	
1012.57	0	0.00728786	
956.245	0	0.0253849	
984.336	0	0.0135634	
1009.98	0	0.118505	
948.665	0	0.030163	
1015.18	0	0.0455385	
964.247	0	0.107185	
963.839	0	0.0227673	
997.353	0	0.189201	
960.267	0	0.0842141	
1030.53	0	0.188113	
998.017	0	0.0534479	
1003.2	0	0.0120779	
1000.16	0	0.0540208	
1001.13	0	0.0106274	
989.358	0	0.0108181	
982.812	0	0.0259276	
990.229	0	0.0117039	
990.039	0	0.0256311	
962.502	0	0.0131201	
994.499	0	0.0585118	
991.604	0	0.0353465	
995.671	0	0.00727003	
1011.02	0	0.00698723	
984.824	0	0.00965918	
988.567	0	0.00945334	
990.267	0	0.012897	
1016.25	0	0.0163759	
974.418	0	0.0102849	
977.836	0	0.00887147	
987.772	0	0.0128684	
965.153	0	0.0132489	
1003.14	0	0.0161871	
972.355	0	0.0105448	
983.116	0	0.0285177	
971.541	0	0.0109764	
963.088	0	0.0120562	
975.642	0	0.0179098	
996.904	0	0.00942582	
1012.57	0	0.017619	
983.306	0	0.0321472	
997.633	0	0.0187518	
1005.08	0	0.017621	
985.005	0	0.0115879	
1003.77	0	0.0063176	
990.694	0	0.00920442	
998.718	0	0.0129234	
1006.89	0	0.0163466	
1004.73	0	0.0213675	
991.53	0	0.00785393	
992.939	0	0.00822683	
1015.6	0	0.00920034	
976.629	0	0.0173246	
1012.4	0	0.00900839	
1020.7	0	0.0300016	
1001.63	0	0.0102957	
975.478	0	0.012287	
1003.25	0	0.00864049	
1011.82	0	0.0102097	
970.131	0	0.0185486	
1010.78	0	0.00700295	
979.641	0	0.0214329	
985.724	0	0.0106761	
1010.33	0	0.0121765	
986.806	0	0.0148876	
1011.76	0	0.0136778	
999.757	0	0.0226033	
1009.54	0	0.0262684	
1022	0	0.0141966	
996.792	0	0.0165781	
1005.87	0	0.0190988	
1014.1	0	0.0216429	
1012.59	0	0.0122492	
1004.56	0	0.0460099	
1002.63	0	0.0277088	
1016.92	0	0.0113577	
982.721	0	0.0160929	
1003.39	0	0.0129388	
998.714	0	0.022267	
1035.34	0	0	
1002.77	0	0.0293473	
1035.34	0	0	
1040.17	0	0.435563	
1011.34	0	0.0448859	
1010.84	0	0.0655899	
1012.6	0	0.0372196	
1003.31	0	0.0303448	
997.584	0	0.0369861	
1008.67	0	0.0346131	
1014.9	0	0.0248616	
978.477	0	0.0124272	
1003.34	0	0.0209813	
1001.9	0	0.0244222	
1012.1	0	0.0215339	
995.707	0	0.0174462	
990.648	0	0.0358503	
1003.62	0	0.0149875	
1010.97	0	0.0615908	
997.946	0	0.0218142	
1029.12	0	0.111207	
984.839	0	0.0150647	
1010.67	0	0.0281899	
997.118	0	0.0216845	
979.602	0	0.0274684	
1002.78	0	0.00793236	
1004.1	0	0.0186838	
1027.73	0	0.0289755	
1005.46	0	0.0144893	
991.703	0	0.00777727	
1011.1	0	0.0178589	
975.06	0	0.0104395	
960.9	0	0.0182331	
1016.06	0	0.0193569	
968.454	0	0.0137146	
1016.51	0	0.0197907	
984.403	0	0.0412767	
999.832	0	0.0141196	
994.125	0	0.0237552	
988.314	0	0.015912	
989.75	0	0.275626	
975.669	0	0.0185884	
1025.92	0	0.0209064	
975.909	0	0.0111753	
965.298	0	0.0161052	
1040.38	0	0.0269857	
979.291	0	0.0102036	
989.707	0	0.211123	
1020.41	0	0.0504862	
992.864	0	0.0432466	
1013.85	0	0.00356336	
978.85	0	0.0351409	
979.945	0	0.0360685	
1015.99	0	0.00756914	
961.908	0	0.0126524	
989.642	0	0.00878586	
961.587	0	0.0143097	
1002.3	0	0.175445	
1022.81	0	0.00443287	
984.413	0	0.0677651	
1023.72	0	0.00460309	
990.127	0	0.0266855	
989.96	0	0.0465552	
1023.82	0	0.0132645	
1006.86	0	0.0882794	
1023.3	0	0.00517574	
1098.75	0	0.00650926	
994.877	0	0.0981203	
1110.14	0	0.00582468	
1034.85	0	0.12549	
1006.78	0	1.90464	
1049.19	0	0.00273528	
996.851	0	0.0748244	
1053.96	0	0.00171648	
991.01	0	0.0278806	
1081.65	0	0.00413815	
988.991	0	0.0213902	
1021.13	0	0.00338493	
983.904	0	0.0191113	
1013.02	0	0.0286058	
997.811	0	0.0117788	
1024.07	0	0.259064	
1047.79	0	0.00337438	
1023.42	0	0.453252	
1009.75	0	0.279098	
1071.75	0	0.00356895	
1025.58	0	0.0937345	
1038.05	0	0.00493914	
999.238	0	0.00618862	
1011.73	0	1.96181	
1001.33	0	0.00394716	
1010.45	0	1.30192	
1011.07	0	1.09612	
1052.64	0	0.00710647	
1008.45	0	0.182282	
1004.98	0	0.0076896	
1017.8	0	0.901841	
1038	0	0.0035276	
1030.33	0	0.00287198	
992.926	0	7.36951	
1018.25	0	0.00416986	
978.523	0	1.399	
971.201	0	1.93938	
1012.53	0	0.00441913	
987.703	0	9.56088	
1021.57	0	0.00361908	
1009.09	0	0.0130895	
978.6	0	1.04092	
1024.16	0	0.00462075	
963.248	0	0.173338	
967.456	0	0.135807	
1022.78	0	0.0128663	
1000.88	0	0.630159	
1034.72	0	0.0141516	
967.645	0	0.593225	
989.973	0	0.028488	
995.317	0	14.367	
1034.38	0	0.00257787	
1036.22	0	0.0255393	
1007.94	0	0.0378175	
1020.31	0	0.0259643	
1025.53	0	0.0295044	
978.484	0	0.152563	
1011.63	0	0.0211051	
982.165	0	0.168722	
1025.22	0	0.0171357	
979.362	0	0.0151169	
996.412	0	0.206444	
1003.47	0	0.0122528	
983.632	0	0.0119651	
997.312	0	0.0613357	
989.766	0	0.0204913	
1083.28	0	0.0130916	
987.194	0	0.00865973	
1017.12	0	0.033782	
966.194	0	0.0141637	
989.259	0	0.0300847	
1035.34	0	0	
979.191	0	0.0113093	
1035.34	0	0	
1035.34	0	0	
992.484	0	0.00733349	
1035.34	0	0	
977.923	0	0.00594656	
1004.18	0	0.0110466	
1035.34	0	0	
984.434	0	0.00717869	
1035.34	0	0	
1035.34	0	0	
998.884	0	0.00986637	
1035.34	0	0	
979.004	0	0.0161171	
1035.34	0	0	
998.331	0	0.00988091	
1001.66	0	0.0313812	
1001	0	0.0208905	
953.596	0	0.0758326	
1051.2	0	0.00847792	
1009.29	0	0.0698483	
1016.28	0	0.00338416	
999.83	0	0.00653548	
1008.17	0	0.0147199	
992.133	0	0.00722357	
986.136	0	0.00825448	
996.547	0	0.00848731	
990.447	0	0.00577868	
972.595	0	0.0155324	
1008.87	0	0.0318419	
1006.79	0	0.0289461	
1008.22	0	0.0194333	
1013.46	0	0.0770429	
1008.99	0	0.0118931	
1001.09	0	0.049383	
1017.9	0	0.0289635	
1005.5	0	0.0240226	
1009.7	0	0.0363942	
1011.67	0	0.0258203	
1009.42	0	0.0181051	
1015.46	0	0.0397864	
1016.86	0	0.0184361	
1015.13	0	0.0138112	
1009.71	0	0.0112978	
1011.06	0	0.00946094	
998.768	0	0.00842092	
985.1	0	0.0108258	
1001.24	0	0.0102771	
987.769	0	0.00944237	
994.431	0	0.0157304	
997.416	0	0.00652636	
997.048	0	0.0121047	
995.524	0	0.00610357	
1005.08	0	0.00766994	
1009.43	0	0.00890882	
997.832	0	0.0102531	
990.121	0	0.0373848	
1009.5	0	0.012007	
980.351	0	0.0083	
997.34	0	0.011497	
983.236	0	0.0168743	
997.516	0	0.00957847	
998.774	0	0.0103228	
1006.58	0	0.0103078	
1014.25	0	0.0100248	
966.769	0	0.0337897	
987.564	0	0.0116233	
980.302	0	0.016233	
999.834	0	0.0106708	
976.405	0	0.0124654	
979.866	0	0.0246793	
953.873	0	0.0367306	
967.132	0	0.0228019	
958.58	0	0.0176494	
990.523	0	0.0191846	
995.819	0	0.00873387	
1010.04	0	0.0073361	
1005.76	0	0.00790035	
985.047	0	0.00838235	
1053.23	0	0.00798427	
1015.95	0	0.00429578	
1044.61	0	0.00445535	
1063.07	0	0.00360081	
1048.07	0	0.00329713	
1023.02	0	0.00456482	
1099.79	0	0.00330904	
1091.92	0	0.00978556	
1002.89	0	8.47455	
1008.22	0	0.363822	
1013.96	0	0.18249	
1018.17	0	0.850078	
1018.79	0	1.08279	
1027.86	0	5.50914	
1041.39	0	1.05582	
1017.28	0	0.224164	
1011.02	0	0.187952	
1020.95	0	0.283726	
1023.99	0	0.121467	
1025.66	0	0.155664	
1002.18	0	0.0998616	
1005.15	0	0.0456767	
992.392	0	0.0393629	
993.645	0	0.0471659	
983.173	0	0.0220494	
985.348	0	0.0218648	
964.663	0	0.0104153	
989.628	0	0.00783129	
990.681	0	0.0107544	
996.693	0	3.13951	
992.058	0	0.0247028	
973.173	0	0.00997042	
993.118	0	0.0131736	
995.909	0	0.00876697	
985.017	0	0.0100441	
965.126	0	0.0153823	
1001.28	0	0.0262786	
984.538	0	0.0152201	
970.284	0	0.0131453	
1002.31	0	0.00892391	
1023.25	0	0.0406285	
996.727	0	0.01027	
981.815	0	0.0210847	
985.912	0	0.0107516	
981.205	0	0.0132988	
985.045	0	0.00687423	
986.668	0	0.00875028	
995.017	0	0.00990525	
973.791	0	0.0115259	
984.219	0	0.0130299	
970.305	0	0.0233977	
991.419	0	0.0199435	
1008.28	0	0.0157952	
1012.73	0	0.0176854	
1008.18	0	0.0480118	
1017.59	0	0.0393237	
1016.69	0	0.029037	
1012.17	0	0.0288854	
992.993	0	0.00731262	
1003.96	0	0.0344054	
1031.4	0	0.0373818	
1024.41	0	0.0358275	
1007.18	0	0.152117	
1003.64	0	0.0107135	
998.117	0	0.014318	
988.385	0	0.0114015	
1001.69	0	0.0190171	
1024.18	0	0.0192667	
990.43	0	0.00972496	
994.025	0	0.0114505	
1019.67	0	0.0387869	
1001.72	0	0.0111784	
1018.6	0	0.00460514	
1034	0	0.00331913	
1015.85	0	0.00756234	
1051.56	0	0.00225245	
1049.22	0	0.0067358	
1031.35	0	0.00481767	
1078.24	0	0.00302341	
1053.8	0	0.00296716	
1092.8	0	0.00225112	
1094.89	0	0.0033571	
1090.79	0	0.00454436	
1094.31	0	0.00266176	
982.849	0	0.0121496	
1040.32	0	0.00280746	
1069.23	0	0.00179411	
1062.56	0	0.00272353	
1011.6	0	0.00449837	
1013.26	0	0.00456603	
1009.34	0	0.00381219	
1033.91	0	0.00352501	
1001.15	0	0.00658286	
1037.74	0	0.00429466	
1017.04	0	0.0162216	
1000.02	0	0.0119486	
993.357	0	0.00662947	
1016.85	0	0.0154173	
1031.17	0	0.0109342	
1039.96	0	0.00846384	
1028.18	0	0.0180879	
1016.8	0	0.0166929	
1016.35	0	0.00409989	
1021.7	0	0.00945173	
986.067	0	0.00863262	
986.7	0	0.0120301	
994.121	0	0.00849997	
991.818	0	0.0164312	
975.524	0	0.00891453	
998.691	0	0.00667887	
990.976	0	0.0071755	
997.654	0	0.0359556	
975.96	0	0.012906	
978.889	0	0.00629238	
1012.73	0	0.0252824	
977.058	0	0.0109491	
998.286	0	0.0168061	
980.563	0	0.0179158	
991.54	0	0.0303122	
999.251	0	0.0305105	
997.515	0	0.0226553	
1006.18	0	0.0238074	
1014.04	0	0.0191468	
1025.57	0	0.0212111	
1012.75	0	0.024132	
1012.92	0	0.0219494	
1018.14	0	0.0116207	
1010.93	0	0.0136931	
1004.59	0	0.011643	
1006.52	0	0.0169715	
996.967	0	0.00820764	
1002.17	0	0.00643407	
1008.39	0	0.00928257	
992.692	0	0.0103453	
992.245	0	0.0231465	
994.115	0	0.0111477	
991.912	0	0.011519	
999.17	0	0.0113518	
1006.72	0	0.0090875	
1012.52	0	0.0109541	
999.205	0	0.0156458	
998.815	0	0.00715577	
984.675	0	0.0160081	
996.894	0	0.0114495	
1000.76	0	0.0149144	
995.66	0	0.0239157	
993.344	0	0.0125288	
971.856	0	0.0211175	
1016.7	0	0.00762159	
1004.6	0	0.0156519	
973.13	0	0.00510815	
1033.25	0	0.00390659	
1049.75	0	0.00424626	
1023.4	0	0.00377718	
1069.72	0	0.00638986	
1062.18	0	0.00385753	
1014.05	0	0.611631	
1008.32	0	1.07183	
1005.51	0	0.115469	
990.99	0	0.235823	
1002.61	0	0.217066	
1022.87	0	0.368546	
1007.24	0	0.0818372	
1005.67	0	0.376905	
1009	0	0.0378547	
1003.2	0	0.0302805	
992.322	0	0.0243628	
994.508	0	0.158381	
992.155	0	0.0190046	
989.741	0	0.015688	
978.542	0	0.0123781	
985.402	0	0.0126232	
989.541	0	0.00900248	
987.547	0	0.0164099	
960.123	0	0.0121959	
994.956	0	0.00866875	
1005.24	0	0.0200436	
984.504	0	0.0103413	
975.871	0	0.0160004	
988.67	0	0.0182334	
1002.02	0	0.0102337	
995.801	0	0.0199166	
965.184	0	0.0142866	
1005.19	0	0.00756051	
1010.79	0	0.0105901	
987.129	0	0.0622438	
985.082	0	0.0124144	
983.871	0	0.0161074	
1015.42	0	0.0181599	
1008.46	0	0.022899	
1002.69	0	0.0117115	
993.899	0	0.0173513	
1010.64	0	0.0238608	
998.931	0	0.0290197	
1003.69	0	0.0189225	
1004.69	0	0.0252643	
1025.97	0	0.0523935	
1025.62	0	0.0527815	
1016.49	0	0.014951	
989.172	0	0.045019	
990.358	0	0.0669669	
996.849	0	0.0264527	
1023.61	0	0.00428756	
1031.27	0	0.00799002	
1045.06	0	0.00666571	
1020.57	0	0.00517123	
996.02	0	0.0157667	
999.047	0	0.0130894	
1090.43	0	0.00274397	
1074.73	0	0.00307381	
1039.18	0	0.00408827	
1053.19	0	0.00221143	
1041.22	0	0.00462471	
1039.07	0	0.00277128	
1038.18	0	0.00351042	
1047	0	0.00730962	
1014.67	0	0.00276566	
1061.13	0	0.0110736	
997.039	0	0.0156555	
999.496	0	0.029818	
1018.85	0	0.0141443	
1007.89	0	0.0152821	
991.955	0	0.0193731	
998.827	0	0.0264139	
1003.8	0	0.00968926	
1016.37	0	0.00822878	
994.882	0	0.00794542	
998.922	0	0.015114	
976.574	0	0.00937949	
990.385	0	0.00671575	
988.487	0	0.0136043	
985.291	0	0.0126933	
993.882	0	0.0314092	
1012.89	0	0.0376079	
1017.17	0	0.018952	
1015.14	0	0.0253483	
1005.65	0	0.0096439	
997.903	0	0.0105576	
1010.22	0	0.0171977	
1008.7	0	0.0188261	
1003.1	0	0.00900848	
1012.23	0	0.021504	
1000.54	0	0.00773229	
1002.87	0	0.0145836	
1005.83	0	0.0124383	
1000.31	0	0.00762077	
1001.73	0	0.0133471	
1010.58	0	0.0069708	
1006.55	0	0.0110847	
1019.59	0	0.019268	
1010.77	0	0.0133619	
1005.34	0	0.0211309	
990.219	0	0.0159158	
994.324	0	0.0284267	
1032.25	0	0.00595546	
1009.57	0	0.0127073	
1040.94	0	0.00417477	
1024.82	0	0.00847078	
1038.38	0	0.0041956	
1071.15	0	0.00280734	
1085.19	0	0.00230262	
1068.65	0	0.00307532	
1010.92	0	1.36552	
1008.61	0	0.282621	
1006.97	0	0.331271	
992.012	0	0.0555286	
1002.02	0	0.0380235	
998.874	0	0.0567074	
998.01	0	0.0109421	
1006.74	0	0.506832	
992.719	0	0.010695	
991.404	0	0.0200824	
1003.09	0	0.0135371	
1002.43	0	0.015238	
1013.12	0	0.0380178	
998.11	0	0.00990389	
1007.28	0	0.00811001	
996.281	0	0.0163558	
994.568	0	0.0174919	
980.916	0	0.0082423	
999.796	0	0.0256711	
1006.05	0	0.0266467	
1004.79	0	0.397665	
998.81	0	0.0372258	
1038.33	0	0.00682747	
1042.85	0	0.00285702	
1022.44	0	0.00689564	
1020.27	0	0.0131392	
1087.18	0	0.00284929	
1063.67	0	0.00263568	
1032.66	0	0.00531566	
1025.09	0	0.00298659	
995.425	0	0.0118925	
997.231	0	0.0109578	
987.894	0	0.0143834	
991.792	0	0.0197884	
987.509	0	0.00859149	
988.886	0	0.0160887	
1005.67	0	0.00804831	
996.725	0	0.0152827	
1008.05	0	0.0255671	
1013.41	0	0.0180278	
1008.54	0	0.0103231	
993.425	0	0.0113401	
1002.12	0	0.00769981	
1008.41	0	0.0144037	
989.573	0	0.00538794	
1001.52	0	0.0143279	
1054.59	0	0.00460374	
1044.15	0	0.00261505	
1084.01	0	0.00277823	
1068.4	0	0.00551065	
1005.91	0	0.172816	
1060.38	0	0.0210275	
1023.67	0	0.268834	
1007.8	0	0.223059	
992.95	0	0.0390636	
1002.14	0	0.0316408	
1011.18	0	0.0404672	
1005.94	0	0.0272585	
1019.79	0	0.139114	
1000.76	0	0.023319	
1003.3	0	0.0148029	
998.86	0	0.0181573	
996.561	0	0.0220037	
993.056	0	0.020339	
1024.37	0	0.00956462	
1078.69	0	0.00331487	
992.169	0	0.0338207	
995.767	0	0.0102151	
1001.64	0	0.00498046	
1010.74	0	0.0233173	
1003.77	0	0.0193682	
1009.68	0	0.0132906	
1047.53	0	0.00333185	
1066.24	0	0.00260185	
1006.67	0	0.194258	
1001.51	0	0.262845	
987.97	0	0.00799595	
1002.44	0	0.00985994	
986.885	0	0.0193256	
1002.62	0	0.0157613	
1000.23	0	0.152706	
1013.46	0	0.0398809	
937.891	0	6.74549	
1032.34	0	0.0178591	
1009.91	0	0.497217	
994.585	0	0.201803	
1010.82	0	0.239804	
993.599	0	0.0962225	
991.026	0	0.0164021	
988.656	0	0.00548215	
993.644	0	0.00835165	
991.307	0	0.0102896	
988.356	0	0.0138221	
982.71	0	0.0106832	
989.911	0	0.0154504	
989.335	0	0.0147507	
999.489	0	0.0141197	
993.944	0	0.0112691	
987.289	0	0.0220895	
988.094	0	0.0117628	
983.672	0	0.0140488	
1003.03	0	0.010091	
984.18	0	0.0146456	
996.463	0	0.00865555	
1016.19	0	0.00943042	
1012.49	0	0.0107613	
988.085	0	0.0155765	
987.162	0	0.0142219	
996.88	0	0.014876	
999.154	0	0.0142722	
994.812	0	0.0242208	
991.614	0	0.0223364	
1005.33	0	0.0167126	
1006.26	0	0.0179985	
1007.06	0	0.0494396	
999.03	0	0.061875	
1024.52	0	0.00961126	
1034.17	0	0.00700169	
1039.49	0	0.00419158	
956.935	0	0.00256807	
1031.47	0	0.00288632	
1042.24	0	0.00264934	
989.655	0	0.0219754	
993.552	0	0.0254667	
993.734	0	0.00926601	
984.035	0	0.0124665	
1003.98	0	0.0140722	
1003.54	0	0.012019	
1006.15	0	0.0346088	
1010.02	0	0.020425	
1003.56	0	0.00943681	
1003.09	0	0.00966283	
1000.21	0	0.0140157	
1006.78	0	0.0122259	
969.025	0	0.00607814	
995.156	0	0.0194441	
993.731	0	0.0153049	
980.334	0	0.0065509	
1061.02	0	0.00533497	
1041.45	0	0.00614503	
1011.93	0	0.673399	
1013.94	0	0.842065	
996.085	0	0.0218664	
995.589	0	0.0153004	
992.545	0	0.0198391	
993.108	0	0.0142057	
1081.19	0	0.00401192	
1083.26	0	0.00399537	
1008.48	0	0.037724	
1014.22	0	0.0212145	
1019.32	0	0.0421863	
1016.31	0	0.040002	
1004.13	0	0.0246168	
1003.01	0	0.0290067	
1020.22	0	0.0032326	
1055.35	0	0.00225999	
1011.15	0	0.0160256	
1009.52	0	0.0285425	
998.999	0	0.0180936	
979.932	0	0.0123402	
994.475	0	0.0102609	
988.054	0	0.0403617	
1000.04	0	0.0140816	
991.575	0	0.00989364	
1013.4	0	0.20314	
1010.23	0	0.0996378	
960.997	0	0.571865	
983.937	0	0.0547109	
1018.98	0	0.23994	
997.677	0	0.12088	
1012.72	0	0.0842589	
1010.31	0	0.325084	
1023.19	0	0.0171221	
1004.29	0	0.0460172	
990.363	0	0.00784365	
996.96	0	0.0088945	
990.561	0	0.00746556	
995.298	0	0.00938852	
997.255	0	0.00774506	
990.242	0	0.0128516	
996.902	0	0.0110172	
992.416	0	0.00877535	
994.836	0	0.00790155	
993.112	0	0.00764497	
1004.39	0	0.0144784	
986.509	0	0.0167115	
983.16	0	0.0161121	
1004.69	0	0.00950169	
985.94	0	0.00968264	
989.612	0	0.0102956	
1000.39	0	0.00729189	
996.609	0	0.0081172	
998.257	0	0.00757846	
988.136	0	0.0086148	
1034.41	0	0.0110213	
1019.57	0	0.0170791	
1005.82	0	0.0162966	
1013	0	0.0210866	
1007.55	0	0.0153492	
1002.24	0	0.0125568	
992.194	0	0.0128947	
992.631	0	0.0140093	
992.268	0	0.0112109	
995.712	0	0.013749	
989.702	0	0.0379217	
1001.77	0	0.0259332	
998.707	0	0.0266723	
997.321	0	0.0205426	
1000.41	0	0.0592441	
1013.12	0	0.0273544	
1041.08	0	0.0119294	
1017.99	0	0.0128747	
1026.91	0	0.00203512	
1052.3	0	0.00234691	
1018.5	0	0.00165342	
1067.97	0	0.00303241	
1064.6	0	0.00805879	
1015.96	0	0.00322683	
1055.14	0	0.00533817	
1011.31	0	0.00156656	
996.172	0	0.00616484	
993.139	0	0.0160573	
995.617	0	0.00463153	
991.485	0	0.0169215	
1011.7	0	0.0157873	
995.198	0	0.0212106	
1010.55	0	0.00703287	
1003.22	0	0.0138738	
1001.62	0	0.014678	
1008.12	0	0.0133541	
995.077	0	0.0294368	
1007.94	0	0.0131699	
1009.75	0	0.0166186	
1010.51	0	0.0169871	
1011.98	0	0.0143073	
1011.1	0	0.0122325	
992.313	0	0.0139505	
984.061	0	0.00898638	
997.365	0	0.0102785	
996.333	0	0.00768323	
1070.54	0	0.00606384	
1047.88	0	0.00604369	
997.043	0	0.0148692	
1007.97	0	0.013661	
991.501	0	0.0117496	
994.451	0	0.0224005	
1071.01	0	0.00174876	
1053.98	0	0.00364774	
1011.28	0	0.0214175	
1008.43	0	0.0161408	
1009.49	0	0.0222134	
1013.5	0	0.00801896	
1010.11	0	0.0351585	
1001.05	0	0.0328226	
984.659	0	0.0288646	
995.56	0	0.0619916	
1041.67	0	0.00746649	
1062.27	0	0.0094504	
996.749	0	0.0506066	
1007	0	0.036571	
996.366	0	0.0117124	
996.155	0	0.120665	
997.204	0	0.0149998	
998.317	0	0.0113868	
1028.82	0	0.159644	
1005.46	0	0.192293	
1015.37	0	0.0526791	
986.669	0	0.0154854	
993.137	0	0.273888	
1019.68	0	0.106432	
1028.24	0	0.109825	
1013.78	0	0.127335	
995.075	0	0.0145759	
998.023	0	0.0142141	
997.803	0	0.00778993	
1002.84	0	0.00249482	
998.767	0	0.014721	
1002.73	0	0.0234321	
1001.4	0	0.0136927	
1000.63	0	0.0184203	
1028.56	0	0.00273345	
1006.77	0	0.0240054	
995.775	0	0.0172337	
994.648	0	0.0156554	
990.828	0	0.00762978	
998.124	0	0.020312	
1006.62	0	0.0159067	
998.892	0	0.00691883	
1001.25	0	0.0277556	
988.653	0	0.0166176	
994.245	0	0.0466695	
998.646	0	0.0109501	
1031.46	0	0.0134239	
1000.33	0	0.00789019	
999.844	0	0.0952324	
1003.97	0	0.0863887	
1011.36	0	0.00764394	
961.708	0	0.0030814	
1000.35	0	0.0100002	
1003.48	0	0.0111872	
1002.71	0	0.0231998	
1004.6	0	0.0128889	
999.687	0	0.0170183	
999.474	0	0.00576797	
1001.5	0	0.0117817	
993.658	0	0.00775871	
1009.83	0	0.00888154	
996.968	0	0.0133641	
1003.11	0	0.0256728	
1014.53	0	0.024269	
1002.16	0	0.0219076	
1002.53	0	0.0124372	
1000.84	0	0.0210362	
1014.23	0	0.0151186	
1006.01	0	0.0237747	
999.297	0	0.00716654	
1007.4	0	0.0140973	
999.536	0	0.00603648	
1000.78	0	0.0115337	
1007.81	0	0.00625107	
990.153	0	0.0111518	
991.735	0	0.0182668	
1032.4	0	0.00165244	
980.812	0	0.00285164	
1016.62	0	0.0155523	
1017.26	0	0.02694	
1014.86	0	0.0225948	
1016.01	0	0.0273442	
1011.33	0	0.00954849	
1012.71	0	0.014678	
1008.16	0	0.0665686	
993.319	0	0.0431944	
1009.27	0	0.0188728	
991.143	0	0.118721	
1004.05	0	0.0143784	
1011.42	0	0.0277023	
1011.14	0	0.0701946	
1004.9	0	0.0300786	
964.637	0	2.47244	
1034.77	0	0.0225415	
974.896	0	0.155151	
1006.83	0	0.0180219	
1020.67	0	0.107969	
1006.02	0	0.0156343	
1002.81	0	0.0204274	
1002.02	0	0.0143101	
1003.37	0	0.0222151	
1058.23	0	0.00860305	
1076.87	0	0.00931929	
1008.88	0	0.0114717	
1003.19	0	0.0148917	
1010.92	0	0.016953	
989.805	0	0.0449275	
998.127	0	0.0656039	
979.099	0	0.0557061	
985.784	0	0.0258743	
1010.21	0	0.108777	
991.01	0	0.0349026	
1004.63	0	0.0167632	
1015.71	0	0.0169416	
867.043	0	0.00612519	
954.232	0	0.00314844	
998.617	0	0.0216157	
1010.5	0	0.011012	
998.95	0	0.00838858	
1002.79	0	0.0046849	
1005.4	0	0.00818205	
1002.98	0	0.00835032	
1007.74	0	0.0131982	
1011.25	0	0.0159276	
999.69	0	0.0125176	
1001.16	0	0.0115771	
1007.18	0	0.0155257	
1009.96	0	0.0149617	
1009.16	0	0.0565663	
1008.53	0	0.0252191	
1020.93	0	0.0208775	
1012.92	0	0.0174228	
1002.23	0	0.0144803	
1003.81	0	0.00958452	
1013.09	0	0.0155211	
1010.64	0	0.0126094	
1013.42	0	0.0211504	
1005.67	0	0.0115568	
1006.78	0	0.00713568	
1011.95	0	0.00754452	
989.47	0	0.0175858	
991.062	0	0.0288506	
975.869	0	0.00225753	
905.741	0	0.00372883	
1013.66	0	0.0183801	
1013.25	0	0.0187649	
1015.16	0	0.0196836	
1016.78	0	0.0186707	
1012.14	0	0.0124221	
1014.64	0	0.00796514	
998.557	0	0.052394	
1000.33	0	0.0397163	
997.977	0	0.0346833	
1001.4	0	0.0342324	
1007.82	0	0.0473975	
1002.47	0	0.0192158	
1028.2	0	0.0465029	
1020.45	0	0.0987815	
981.797	0	0.0137338	
1012.29	0	0.0160263	
1022.16	0	0.0139441	
984.672	0	0.0379311	
963.044	0	0.441762	
1002.92	0	0.0144399	
997.45	0	0.012707	
975.777	0	0.0465921	
1003.21	0	0.0157856	
1065.06	0	0.0328119	
981.608	0	0.0248764	
993.771	0	0.0163386	
1006.18	0	0.0132321	
1018.46	0	0.0274202	
1023.3	0	0.0173871	
1003.94	0	0.0184469	
999.537	0	0.0276388	
1005.9	0	0.0101287	
969.911	0	0.0335515	
1004.64	0	0.0201048	
899.461	0	0.00504746	
1069.94	0	0.010363	
1010.81	0	0.0150745	
1010.18	0	0.0166051	
1010.08	0	0.0176112	
1007.08	0	0.0391233	
994.713	0	0.0342465	
998.961	0	0.0482686	
1024.53	0	0.136645	
1015.62	0	0.0347284	
1002.62	0	0.0390343	
998.853	0	0.0236642	
1000.17	0	0.0200428	
1005.15	0	0.0206167	
1004.75	0	0.0191358	
1001.66	0	0.0181886	
1000.26	0	0.0399305	
1005.08	0	0.0194646	
1011.52	0	0.0137982	
982.205	0	0.0723351	
1034.86	0	0.0743001	
1011.83	0	0.01943	
982.933	0	0.0173893	
987.813	0	0.0298471	
1000.42	0	0.017152	
1002.82	0	0.0241283	
996.535	0	0.0162668	
993.848	0	0.0135127	
877.037	0	0.00365053	
1057.8	0	0.0036193	
1011.11	0	0.0228602	
1003.25	0	0.0138482	
978.599	0	0.0306474	
998.163	0	0.0154155	
985.93	0	0.0239927	
1000.21	0	0.0135488	
1000.68	0	0.0339084	
1037.78	0	0.00668699	
980.023	0	0.0386377	
997.423	0	0.0427686	
1007.05	0	0.0231614	
1007.42	0	0.0114834	
1004.47	0	0.0253444	
996.935	0	0.0408645	
995.237	0	0.0187385	
1004.99	0	0.0194719	
1012.05	0	0.0100208	
1014.27	0	0.0121704	
976.319	0	0.122141	
993.86	0	0.0313953	
1019.81	0	0.0112621	
1008.24	0	0.0209608	
1021.85	0	0.0166931	
1015.81	0	0.0122504	
957.074	0	0.885347	
997.52	0	0.705909	
958.429	0	0.0900096	
1000.96	0	0.447686	
993.9	0	1.13181	
959.959	0	0.459038	
967.278	0	1.00977	
969.851	0	0.320838	
996.727	0	0.282812	
989.769	0	0.635619	
997.024	0	0.0379682	
999.559	0	0.0529206	
1005.35	0	0.0132839	
996.612	0	0.0164608	
1009.93	0	0.0340307	
986.273	0	0.0201349	
1010.05	0	0.0114963	
1010.19	0	0.0161985	
1024.65	0	0.00995776	
1017.14	0	0.0152018	
895.828	0	0.0258529	
1020.91	0	0.0221912	
1039.72	0	0.00630611	
1024.75	0	0.0136097	
1002.75	0	0.0143038	
1003.32	0	0.0175632	
1018.23	0	0.0225146	
1010.96	0	0.0117016	
1018.91	0	0.0160777	
1018.91	0	0.0175927	
1004.26	0	0.0192672	
1010.87	0	0.0242572	
999.492	0	0.0394528	
976.377	0	0.0524991	
998.231	0	0.0937563	
1006.1	0	0.0593196	
1049.56	0	0.0113559	
1059.41	0	0.016095	
892.804	0	0.00484851	
985.101	0	0.00945706	
1020.07	0	0.0118686	
1072.71	0	0.0328722	
1003.69	0	0.0140583	
1021.46	0	0.0242633	
958.48	0	0.0527023	
1007.27	0	0.0178413	
1008.47	0	0.0184508	
973.703	0	0.0503623	
1010.49	0	0.0171834	
1009.8	0	0.0229331	
1014.72	0	0.0110933	
1004.82	0	0.0424424	
1011.5	0	0.0127557	
1003.21	0	0.0313172	
1064.73	0	0.00546741	
1043.72	0	0.0133889	
1061.4	0	0.0419179	
1053.53	0	0.00980341	
989.977	0	0.00797141	
984.15	0	0.022242	
1009.82	0	0.0143125	
1016.42	0	0.0248138	
1019.11	0	0.0347847	
1022.83	0	0.0298152	
989.853	0	0.0147256	
1001.02	0	0.0258651	
982.845	0	0.0246249	
1000.22	0	0.0326583	
1046.86	0	0.00316148	
1003.73	0	0.00622306	
968.244	0	0.00654466	
813.254	0	0.0151252	
1014.48	0	0.0298985	
993.857	0	0.0327871	
999.935	0	0.0157005	
1006.07	0	0.0195798	
987.97	0	0.0145741	
999.597	0	0.0206139	
1008.97	0	0.0155419	
1003.37	0	0.0220409	
997.737	0	0.0281	
990.015	0	0.0360103	
971.702	0	0.0322793	
980.085	0	0.0340897	
1024.86	0	0.00205071	
1034.76	0	0.00221812	
944.249	0	0.0103897	
1018.78	0	0.00685666	
1008.8	0	0.0305384	
1004.82	0	0.031926	
1006.46	0	0.0558043	
1014.07	0	0.00956583	
998.691	0	0.0166416	
1018.15	0	0.0171188	
967.594	0	0.0302996	
1021.56	0	0.032501	
1025.38	0	0.0498921	
1016.62	0	0.048205	
1024.13	0	0.0197002	
1015.64	0	0.0172567	
1028.83	0	0.0370256	
1017.13	0	0.0219877	
1009.72	0	0.013926	
1015.75	0	0.0113351	
1027.18	0	0.0100468	
1003.14	0	0.0194491	
999.081	0	0.0307454	
1002.93	0	0.484128	
987.411	0	0.0374016	
984.171	0	0.02693	
1001.11	0	0.0227189	
996.76	0	0.0232528	
998.772	0	0.025364	
996.285	0	0.0251868	
999.86	0	0.0203902	
996.06	0	0.0247178	
1022.21	0	0.0198577	
992.888	0	0.246152	
995.375	0	0.038189	
989.98	0	0.0684397	
1008.95	0	0.0142901	
1010.92	0	0.0187887	
1034.85	0	0.00895275	
1045.45	0	0.0135533	
1007.9	0	0.0167627	
1010.65	0	0.0211133	
1005.03	0	0.0146725	
995.082	0	0.0182961	
1004.39	0	0.0364953	
996.475	0	0.0210171	
1024.66	0	0.012403	
1005.11	0	0.016863	
1092.32	0	0.0188645	
1059.44	0	0.0065619	
1005.01	0	0.0158198	
1002.76	0	0.0212205	
1013.39	0	0.0135393	
1012.29	0	0.0156378	
998.895	0	0.033027	
1011.75	0	0.0167335	
1059.35	0	0.00527565	
1066.67	0	0.00718782	
1004.7	0	0.024212	
1016.87	0	0.0451483	
983.274	0	0.026913	
974.372	0	0.0484561	
678.098	0	0.00726662	
746.888	0	0.00779136	
1019.26	0	0.0211947	
992.707	0	0.148382	
1001.28	0	0.0345305	
1001.03	0	0.0272195	
1013.6	0	0.0317171	
1016.44	0	0.0193515	
959.686	0	0.0319697	
988.435	0	0.0208295	
1040.75	0	0.0311937	
1023.09	0	0.0224105	
990.545	0	0.0258352	
966.72	0	0.0266802	
1014.42	0	0.0136027	
275.31	0	0.0333445	
998.182	0	0.0335898	
997.513	0	0.0344296	
1012.94	0	0.0105641	
1012.8	0	0.00848156	
1005.77	0	0.047007	
1005.6	0	0.0173933	
995.863	0	0.0187083	
1004.51	0	0.0122334	
1016	0	0.0304115	
1045.86	0	0.0133475	
1007.21	0	0.0195614	
1024.47	0	0.0129391	
1026.61	0	0.0307101	
1006.03	0	0.0159185	
1007.04	0	0.0171713	
998.551	0	0.0125296	
995.895	0	0.0283535	
991.6	0	0.0682883	
1021.8	0	0.0216347	
1076.09	0	0.0180476	
969.375	0	0.0299835	
1008.7	0	0.0175961	
710.785	0	0.0126995	
1012.71	0	0.019082	
1001.17	0	0.0433752	
1008.21	0	0.0471877	
987.51	0	0.0297352	
979.442	0	0.0233716	
1023.93	0	0.0419906	
1006.71	0	0.0473438	
972.699	0	0.0383902	
1007.17	0	0.0180687	
996.439	0	0.037556	
979.007	0	0.194302	
971.52	0	0.0395682	
1022.35	0	0.0290384	
505.33	0	0.0218737	
1020.13	0	0.0292399	
999.752	0	0.0138609	
1006.56	0	0.0146885	
1013.44	0	0.013519	
1033.83	0	0.0137868	
1009.56	0	0.0123749	
1011.27	0	0.0137504	
1000.74	0	0.22672	
1003.92	0	0.0873321	
986.735	0	0.262782	
994.812	0	0.039409	
992.186	0	0.0446415	
1012.83	0	0.0366098	
1003.43	0	0.0231933	
1000.24	0	0.0258954	
1006.84	0	0.020282	
1013.02	0	0.0412751	
1065.35	0	0.00719844	
1075.19	0	0.0068918	
1012.96	0	0.0378764	
1004.89	0	0.049224	
1007.03	0	0.0180113	
1001.55	0	0.019106	
995.406	0	0.0167032	
998.428	0	0.0266334	
1007.45	0	0.0157376	
1008.15	0	0.0268193	
1004.75	0	0.0984911	
1031.13	0	0.0953327	
995.735	0	0.0242159	
994.417	0	0.0239441	
1004.92	0	0.0215021	
1002.18	0	0.0235075	
1001.66	0	0.049202	
999.39	0	0.0323822	
1013.71	0	0.0474634	
996.464	0	0.0362093	
993.618	0	0.0182876	
970.574	0	0.0347298	
1047.08	0	0.0368774	
684.742	0	0.00809546	
989.827	0	0.0412099	
1000.62	0	0.0332381	
980.692	0	0.0435587	
1096.85	0	0.0105371	
1005.87	0	0.0273182	
1007.84	0	0.0258489	
1018.2	0	0.0317893	
1010.85	0	0.0305682	
994.004	0	0.0312336	
1002.87	0	0.0330402	
1001.26	0	0.0219064	
999.323	0	0.0419777	
1016.81	0	0.0287886	
976.074	0	0.371139	
1027.85	0	0.0533791	
996.201	0	0.0552221	
1023.11	0	0.0283891	
1005.46	0	0.0348503	
1020.66	0	0.0260563	
1010.62	0	0.0234505	
970.116	0	0.0463783	
1025.1	0	0.54761	
1015.15	0	0.0439225	
993.335	0	0.047748	
985.656	0	0.225234	
986.492	0	0.0612405	
990.538	0	0.0313149	
1002.16	0	0.0142214	
1042.95	0	0.0229707	
440.065	0	0.00755141	
1026.46	0	0.0605081	
1015.26	0	0.0591725	
1013.89	0	0.0120723	
1003.89	0	0.0347128	
981.94	0	0.0548552	
1017.72	0	0.0329791	
970.657	0	0.0178637	
998.5	0	0.0487131	
287.008	0	0.0149569	
1025.02	0	0.057291	
996.786	0	0.0454357	
1001.08	0	0.0084044	
1089.61	0	0.0145496	
1025.2	0	0.0474742	
995.006	0	0.0449482	
1012.55	0	0.0252323	
1042.93	0	0.0805521	
518.07	0	0.0275624	
988.904	0	0.0340145	
972.323	0	0.0770221	
1004.9	0	0.0807762	
1024.11	0	0.0177626	
995.815	0	0.0930851	
997.622	0	0.103289	
1005.11	0	0.029803	
966.488	0	0.0225981	
977.874	0	0.0641746	
752.877	0	0.0140133	
979.145	0	0.0595513	
996.029	0	0.0391715	
985.307	0	0.0373256	
1009.1	0	0.0358603	
987.76	0	0.0246298	
1011.33	0	0.020183	
1030.96	0	0.0282776	
1022.77	0	0.029549	
1022.64	0	0.0259783	
1050.53	0	0.0367232	
956.284	0	0.0345367	
989.055	0	0.462464	
1028.29	0	0.0252727	
1055.66	0	0.0139358	
960.678	0	0.112545	
973.536	0	0.0996009	
959.94	0	0.329525	
974.975	0	0.133105	
991.833	0	0.0225257	
1019.81	0	0.017579	
1024.62	0	0.0189614	
343.058	0	0.0719302	
1032.5	0	0.0248091	
1020.47	0	0.0290953	
1035.34	0	0	
1024.21	0	0.0300118	
978.884	0	0.0319007	
982.467	0	0.0261813	
1018.94	0	0.0351581	
1009.92	0	0.00831697	
1018.69	0	0.0553146	
981.295	0	0.0825633	
1033.99	0	0.0702787	
980.874	0	0.0309175	
1023.36	0	0.0219651	
1001.13	0	0.106232	
1019.32	0	0.0208915	
1032.82	0	0.0414389	
671.931	0	0.0190512	
1014.53	0	0.0614995	
1020.59	0	0.024727	
1012.33	0	0.0652038	
966.547	0	0.126346	
1026.64	0	0.0211931	
1001.71	0	0.0354073	
999.111	0	0.0242761	
1021.29	0	0.0445731	
999.281	0	0.0110943	
992.536	0	0.0163385	
985.326	0	0.0443538	
997.947	0	0.0598595	
963.842	0	0.0659709	
994.367	0	0.0136778	
991.559	0	0.0269985	
994.282	0	0.0179614	
1004.52	0	0.021134	
1015.87	0	0.0313127	
956.529	0	0.0357908	
1001.69	0	0.0140273	
1015.18	0	0.0112346	
1012.65	0	0.0156547	
169.225	0	0.1591	
1006.34	0	0.0104204	
1004.86	0	0.0112648	
983.25	0	0.0325899	
970.176	0	0.034741	
1016.12	0	0.0130252	
1006.1	0	0.0120822	
973.18	0	0.0157889	
940.905	0	0.0357097	
131.897	0	0.0532088	
1002.02	0	0.0476038	
985.397	0	0.0414286	
996.417	0	0.039787	
1027.2	0	0.010672	
712.561	0	0.042447	
1011.69	0	0.0324445	
1013.3	0	0.0679569	
988.132	0	0.019	
1006.72	0	0.030372	
479.259	0	0.0320633	
968.623	0	0.0351418	
961.911	0	0.0438366	
985.189	0	0.0364265	
442.477	0	0.0188461	
617.483	0	0.0105148	
985.186	0	0.0433	
976.564	0	0.0323388	
893.935	0	0.022372	
906.458	0	0.0113995	
984.943	0	0.039078	
989.15	0	0.0349576	
1015.66	0	0.019119	
1005.98	0	0.0312512	
1036.9	0	0.028634	
1040.25	0	0.0522729	
962.462	0	0.0538767	
999.915	0	0.088787	
981.734	0	0.144362	
990.148	0	0.162055	
1000.11	0	0.0585242	
996.062	0	0.078322	
986.453	0	0.0655212	
989.071	0	0.0581935	
989.773	0	0.029504	
1010.35	0	0.0306218	
985.667	0	0.04729	
1003.07	0	0.017983	
970.805	0	0.0401992	
980.732	0	0.0141441	
998.944	0	0.0184403	
961.392	0	0.0372196	
1009.13	0	0.0117265	
976.789	0	0.0411232	
962.797	0	0.0301721	
1012.48	0	0.0268051	
789.197	0	0.0328978	
1032.42	0	0.0490858	
978.82	0	0.0369633	
982.571	0	0.107456	
975.844	0	0.0972125	
969.163	0	0.12211	
1025.42	0	0.0283265	
990.836	0	0.019143	
1007.65	0	0.025123	
999.454	0	0.0279894	
970.023	0	0.0290162	
977.868	0	0.0143757	
478.109	0	0.0071308	
262.715	0	0.0262557	
984.614	0	0.070267	
1032.21	0	0.0381458	
1061.13	0	0.0468409	
1041.3	0	0.0706682	
1018.73	0	0.0182147	
965.606	0	0.048623	
987.677	0	0.00981458	
974.338	0	0.0171711	
269.06	0	0.0256797	
351.583	0	0.00924438	
999.773	0	0.0753976	
1078.52	0	0.0400164	
978.864	0	0.0211474	
988.015	0	0.0146069	
714.638	0	0.0489479	
1020.38	0	0.0319681	
162.892	0	0.0709787	
555.28	0	0.0165509	
1072.46	0	0.021591	
1044.57	0	0.0224262	
1017.98	0	0.0170821	
1003.91	0	0.0401332	
991.615	0	0.0307934	
960.844	0	0.0699568	
976.411	0	0.0852064	
1034.73	0	0.0268974	
943.582	0	0.0483099	
995.987	0	0.0221114	
921.11	0	0.0643842	
1009.13	0	0.034436	
1012.55	0	0.0330428	
1001.83	0	0.0236228	
1044.36	0	0.0408093	
25.4852	0	2.95397	
1045.42	0	0.0572616	
1005.98	0	0.0481355	
1009.52	0	0.0238671	
998.816	0	0.0366504	
997.356	0	0.0249451	
1000.24	0	0.0327551	
1008.72	0	0.050554	
972.084	0	0.0215113	
1042.71	0	0.0677106	
270.648	0	0.0234078	
965.878	0	0.0529776	
1052.86	0	0.0362737	
978.433	0	0.109765	
974.98	0	0.0156971	
968.512	0	0.0411253	
962.654	0	0.0207614	
179.212	0	0.475888	
987.546	0	0.0368882	
1012.22	0	0.0389925	
1012.54	0	0.0269096	
1019.73	0	0.026127	
997.915	0	0.0623262	
997.582	0	0.0318233	
999.616	0	0.0114755	
895.328	0	0.0735488	
988.994	0	0.0314237	
978.08	0	0.0201026	
258.123	0	0.0535042	
897.82	0	0.0526723	
947.609	0	0.0270248	
975.177	0	0.0219147	
990.656	0	0.026685	
424.437	0	0.033227	
642.99	0	0.0527008	
1047.47	0	0.0349847	
1013.57	0	0.0210082	
1018.32	0	0.00985743	
1019.04	0	0.0202152	
1022.15	0	0.0193247	
1000.41	0	0.0582741	
1006.12	0	0.0197916	
322.16	0	0.150981	
961.923	0	0.0562781	
1016.92	0	0.0428874	
1015.29	0	0.0170329	
715.172	0	0.0968823	
1009.21	0	0.0244784	
1027.55	0	0.0202627	
989.292	0	0.0858823	
1010.04	0	0.0364753	
1074.57	0	0.0154095	
1070.23	0	0.0185399	
970.309	0	0.0625969	
1035.47	0	0.0443325	
947.121	0	0.0300163	
1001.65	0	0.0152886	
787.651	0	0.104798	
921.541	0	0.0415859	
997.247	0	0.0158596	
982.798	0	0.00788151	
995.596	0	0.0233329	
1000.71	0	0.0240001	
976.312	0	0.0393289	
998.632	0	0.0277986	
1018.55	0	0.0114729	
1019.49	0	0.0126694	
994.082	0	0.0480035	
1053.95	0	0.0241242	
991.917	0	0.0350323	
1024.23	0	0.0171914	
991.723	0	0.0124089	
809.344	0	0.0375741	
1049.81	0	0.11348	
977.159	0	0.0342254	
905.259	0	0.0792626	
390.199	0	0.192871	
987.963	0	0.0364379	
999.534	0	0.0605623	
1014.12	0	0.0186929	
997.944	0	0.0284717	
993.865	0	0.0189265	
995.095	0	0.0211829	
1087.78	0	0.0467889	
19.7547	0	9.81244	
992.143	0	0.0560264	
988.633	0	0.0266516	
1043.16	0	0.0170241	
972.092	0	0.104968	
1027.1	0	0.023714	
1050.59	0	0.026492	
998.332	0	0.0730519	
977.999	0	0.126265	
1000.33	0	0.0192694	
535.23	0	0.0522896	
39.5315	0	2.38997	
969.249	0	0.0471252	
1016.06	0	0.0221524	
519.584	0	0.138137	
442.48	0	0.0389344	
977.732	0	0.0143342	
588.824	0	0.0643082	
809.387	0	0.0780617	
997.126	0	0.0165497	
994.55	0	0.0546247	
925.806	0	0.0511418	
1006.14	0	0.0182311	
822.826	0	0.0938388	
237.51	0	0.0719728	
1035.34	0	0	
1004.33	0	0.0250112	
1001.08	0	0.0604468	
1029.23	0	0.0462309	
1004.47	0	0.0156048	
1007.34	0	0.0123688	
970.337	0	0.12268	
1016.25	0	0.0315465	
593.243	0	0.0703318	
796.143	0	0.0469562	
262.061	0	0.190947	
290.086	0	0.079966	
1029.31	0	0.0445692	
1072.9	0	0.0201059	
989.315	0	0.0390089	
1035.34	0	0	
1004.66	0	0.024055	
927.83	0	0.0294419	
1033.31	0	0.0212459	
1040.07	0	0.0283734	
663.515	0	0.0919694	
1002.8	0	0.0142198	
768.744	0	0.0409783	
855.555	0	0.0447325	
990.395	0	0.0179631	
1016.85	0	0.0140343	
976.958	0	0.0446634	
982.046	0	0.0671117	
1051.33	0	0.0144701	
969.913	0	0.112585	
1069.7	0	0.0236539	
1072.85	0	0.0214855	
1019.06	0	0.0451622	
999.902	0	0.0237513	
1073.36	0	0.0884139	
768.694	0	0.110712	
1013.24	0	0.0253124	
1036.54	0	0.0176508	
1016.94	0	0.0331108	
995.486	0	0.012301	
1024.5	0	0.0468271	
997.559	0	0.0294969	
1029.64	0	0.0207996	
12.5883	0	36.4427	
994.837	0	0.0552279	
1062.27	0	0.0219162	
838.735	0	0.100769	
989.354	0	0.00904974	
1033.13	0	0.0234709	
1012.71	0	0.057998	
963.93	0	0.029189	
995.551	0	0.0505942	
990.965	0	0.00819278	
982.225	0	0.00673831	
989.19	0	0.0240025	
974.37	0	0.0106591	
1056.37	0	0.0356635	
1035.34	0	0	
983.285	0	0.00640221	
978.486	0	0.00763007	
996.048	0	0.0565982	
1001.06	0	0.0124367	
1017.32	0	0.0279806	
1037.12	0	0.0299349	
942.911	0	0.0472024	
238.256	0	0.258936	
1040.44	0	0.0129911	
1005.71	0	0.0286499	
1003.06	0	0.0736634	
996.439	0	0.0769558	
1021.02	0	0.019176	
1019.01	0	0.0372427	
1028.06	0	0.0347918	
1035.34	0	0	
1077.13	0	0.00976345	
1082	0	0.0139813	
1049.53	0	0.0152087	
1035.34	0	0	
985.635	0	0.0214935	
982.056	0	0.0159108	
1075.77	0	0.0135148	
1077.83	0	0.0110646	
1035.34	0	0	
1016.89	0	0.0485539	
1035.34	0	0	
1035.34	0	0	
977.264	0	0.0399633	
1035.34	0	0	
1026.06	0	0.0834186	
1058.85	0	0.0367061	
993.157	0	0.106737	
1008.01	0	0.0194368	
1013.12	0	0.0378374	
1017.23	0	0.0709912	
1080.49	0	0.03187	
1036.38	0	0.0344312	
1014.87	0	0.0248037	
1062.49	0	0.0702271	
1081.73	0	0.0453666	
1061.89	0	0.059345	
1038.93	0	0.0765662	
1020.55	0	0.0547927	
1014.97	0	0.0232717	
1053.09	0	0.0443984	
1013.96	0	0.0423653	
1055.8	0	0.0306289	
1067.78	0	0.0247427	
1064.27	0	0.032171	
990.455	0	0.122651	
990.053	0	0.0198048	
1001.19	0	0.101769	
1054.9	0	0.0443375	
234.998	0	0.116716	
185.72	0	0.398014	
1009.12	0	0.0255477	
1002.96	0	0.0142523	
993.838	0	0.038551	
997.82	0	0.0301193	
1019.24	0	0.00981592	
1010	0	0.00969635	
1056.54	0	0.0122055	
1043.22	0	0.0196244	
1019.46	0	0.0206464	
981.355	0	0.0214032	
1013.95	0	0.03693	
920.849	0	0.0280597	
991.104	0	0.0272993	
681.32	0	0.0861695	
1061.01	0	0.0521224	
997.593	0	0.0432369	
996.973	0	0.0633507	
992.993	0	0.055816	
995.857	0	0.0193262	
1006.65	0	0.0578878	
585.08	0	0.125581	
801.961	0	0.0595228	
1022.25	0	0.00722913	
1006.19	0	0.0161115	
1003.3	0	0.011786	
1028.37	0	0.0211508	
959.613	0	0.215083	
999.192	0	0.0142373	
1027.17	0	0.0118969	
1023.74	0	0.00721619	
999.774	0	0.0336926	
995.324	0	0.0475968	
986.471	0	0.0219394	
990.999	0	0.0282319	
1004.69	0	0.0484511	
1017.66	0	0.0299521	
1020.47	0	0.0150789	
1027.68	0	0.00946275	
998.567	0	0.0421718	
1011.73	0	0.0443847	
876.414	0	0.0268095	
990.935	0	0.0484603	
1034.18	0	0.0269493	
1025.23	0	0.114057	
1004.81	0	0.0543121	
977.108	0	0.0428154	
1035.34	0	0	
1035.34	0	0	
995.468	0	0.0292797	
1035.34	0	0	
981.79	0	0.0169791	
1035.34	0	0	
980.112	0	0.0704518	
1035.34	0	0	
1011.85	0	0.0211856	
995.155	0	0.0591711	
1043.8	0	0.0433798	
959.691	0	0.0337948	
1035.34	0	0	
1035.34	0	0	
1035.34	0	0	
1035.34	0	0	
1016.6	0	0.025078	
986.579	0	0.0182869	
1038.89	0	0.0282972	
1031.78	0	0.0205251	
1032.67	0	0.0611149	
1052.4	0	0.0385405	
1013.87	0	0.059448	
1021.34	0	0.0532118	
1035.34	0	0	
1004.59	0	0.0201702	
1030.42	0	0.0411059	
1060.8	0	0.0305016	
1008.25	0	0.0290168	
879.194	0	0.0343193	
962.503	0	0.120367	
1011.91	0	0.0210906	
1003.99	0	0.0424929	
863.83	0	0.038758	
972.64	0	0.0253448	
938.401	0	0.0391665	
965.123	0	0.0104711	
900.239	0	0.0345234	
1006.95	0	0.024443	
997.653	0	0.0174744	
1035.34	0	0	
1035.34	0	0	
1035.34	0	0	
1035.34	0	0	
984.521	0	0.0345269	
1009.61	0	0.0227149	
1000.08	0	0.0257171	
995.09	0	0.0431574	
952.63	0	0.047254	
993.492	0	0.0399766	
1003.05	0	0.0598108	
1035.34	0	0	
1003.51	0	0.0923655	
1035.34	0	0	
618.472	0	0.0874698	
638.192	0	0.100233	
848.294	0	0.0514837	
899.721	0	0.0448788	
1035.34	0	0	
1035.34	0	0	
983.549	0	0.0800328	
959.347	0	0.0125823	
1035.34	0	0	
1035.34	0	0	
1035.34	0	0	
1035.34	0	0	
978.55	0	0.0130401	
1013.38	0	0.0555923	
1035.34	0	0	
1035.34	0	0	
1035.34	0	0	
987.058	0	0.031783	
1035.34	0	0	
1035.34	0	0	
1023.23	0	0.012155	
1035.34	0	0	
949.049	0	0.0294207	
1035.34	0	0	
1040.58	0	0.0512307	
1036.25	0	0.0289649	
1035.34	0	0	
1014.37	0	0.034099	
1035.34	0	0	
1035.34	0	0	
1035.34	0	0	
1035.34	0	0	
1035.34	0	0	
998.091	0	0.0412493	
1035.34	0	0	
1035.34	0	0	
988.607	0	0.0132519	
1004.02	0	0.0195407	
1005.66	0	0.0855325	
996.517	0	0.0144681	
984.113	0	0.0291176	
1006.3	0	0.014391	
1007.48	0	0.0154843	
1023.84	0	0.0374297	
978.646	0	0.0782252	
993.153	0	0.107153	
1035.34	0	0	
1019.96	0	0.0337912	
1035.34	0	0	
1035.34	0	0	
1035.34	0	0	
1035.34	0	0	
1035.34	0	0	
1023.38	0	0.0363441	
1035.34	0	0	
1035.34	0	0	
998.733	0	0.052023	
1035.34	0	0	
1035.34	0	0	
1035.34	0	0	
992.631	0	0.00636421	
995.177	0	0.0121358	
997.855	0	0.00569489	
1001.31	0	0.0174042	
1016.5	0	0.0463287	
1016.72	0	0.0300775	
1035.34	0	0	
1035.34	0	0	
986.465	0	0.0143358	
973.327	0	0.00738246	
1035.34	0	0	
1035.34	0	0	
1001.88	0	0.00603614	
1035.34	0	0	
1005.17	0	0.0113557	
1009.7	0	0.00638485	
980.432	0	0.0255716	
994.696	0	0.0106596	
1005.32	0	0.014615	
1007.17	0	0.00870028	
1017.73	0	0.0142556	
1014.76	0	0.0218033	
1005.07	0	0.00588269	
1008.97	0	0.00984126	
1035.34	0	0	
1035.34	0	0	
1002.62	0	0.00342663	
1035.34	0	0	
1027.58	0	0.0114085	
1020.08	0	0.0945076	
1035.34	0	0	
1035.34	0	0	
1002.44	0	0.0230304	
985.256	0	0.00725103	
1015.97	0	0.0446735	
1035.34	0	0	
1035.34	0	0	
1035.34	0	0	
1035.34	0	0	
1035.34	0	0	
1035.34	0	0	
1035.34	0	0	
1035.34	0	0	
1035.34	0	0	
1035.34	0	0	
1035.34	0	0	
1003.88	0	0.0500156	
1003.18	0	0.0160124	
1035.34	0	0	
1035.34	0	0	
1024.68	0	0.0117181	
1035.34	0	0	
1035.34	0	0	
1035.34	0	0	
1035.34	0	0	
1035.34	0	0	
1035.34	0	0	
1035.34	0	0	
1023.29	0	0.0198119	
1035.34	0	0	
1035.34	0	0	
1035.34	0	0	
1028.02	0	0.00964636	
1026.72	0	0.0171038	
1035.34	0	0	
1035.34	0	0	
1030.36	0	0.0157747	
1035.34	0	0	
1035.34	0	0	
1035.34	0	0	
1035.34	0	0	
1035.34	0	0	
1035.34	0	0	
1035.34	0	0	
1035.34	0	0	
1035.34	0	0	
1035.34	0	0	
1035.34	0	0	
1035.34	0	0	
1035.34	0	0	
1035.34	0	0	
1035.34	0	0	
1035.34	0	0	
1035.34	0	0	
1035.34	0	0	
1035.34	0	0	
1008.77	0	0.0309283	
1035.34	0	0	
1035.34	0	0	
1035.34	0	0	
1035.34	0	0	
1035.34	0	0	
1035.34	0	0	
1035.34	0	0	
1035.34	0	0	
1035.34	0	0	
1035.34	0	0	
1035.34	0	0	
1035.34	0	0	
1035.34	0	0	
1035.34	0	0	
1035.34	0	0	
1035.34	0	0	
1035.34	0	0	
1035.34	0	0	
1035.34	0	0	
1035.34	0	0	
1035.34	0	0	
1035.34	0	0	
1035.34	0	0	
1035.34	0	0	
1035.34	0	0	
1035.34	0	0	
1035.34	0	0	
1035.34	0	0	
1000.13	0	0.0164448	
1035.34	0	0	
1035.34	0	0	
1035.34	0	0	
1035.34	0	0	
1035.34	0	0	
1035.34	0	0	
1035.34	0	0	
1035.34	0	0	
1035.34	0	0	
1035.34	0	0	
1035.34	0	0	
1035.34	0	0	
1035.34	0	0	
1035.34	0	0	
1035.34	0	0	
1035.34	0	0	
1035.34	0	0	
1035.34	0	0	
1035.34	0	0	
1035.34	0	0	
1035.34	0	0	
1035.34	0	0	
1035.34	0	0	
1035.34	0	0	
1035.34	0	0	
1035.34	0	0	
1035.34	0	0	
1035.34	0	0	
1035.34	0	0	
1035.34	0	0	
1035.34	0	0	
1035.34	0	0	
1035.34	0	0	
1035.34	0	0	
1035.34	0	0	
1035.34	0	0	
1035.34	0	0	
1035.34	0	0	
1035.34	0	0	
1035.34	0	0	
1035.34	0	0	
1035.34	0	0	
1035.34	0	0	
1035.34	0	0	
1035.34	0	0	
1035.34	0	0	
1035.34	0	0	
1035.34	0	0	
1035.34	0	0	
1035.34	0	0	
1035.34	0	0	
1035.34	0	0	
1035.34	0	0	
1035.34	0	0	
1035.34	0	0	
1035.34	0	0	
1035.34	0	0	
1035.34	0	0	
1035.34	0	0	
1035.34	0	0	
1035.34	0	0	
1035.34	0	0	
1035.34	0	0	
1035.34	0	0	
1035.34	0	0	
1035.34	0	0	
1035.34	0	0	
1035.34	0	0	
1035.34	0	0	
1035.34	0	0	
1035.34	0	0	
1035.34	0	0	
1035.34	0	0	
1035.34	0	0	
1035.34	0	0	
1035.34	0	0	
1035.34	0	0	
1035.34	0	0	
1035.34	0	0	
1035.34	0	0	
1035.34	0	0	
1035.34	0	0	
1035.34	0	0	
1035.34	0	0	
1035.34	0	0	
1035.34	0	0	
1035.34	0	0	
1035.34	0	0	
1035.34	0	0	
1035.34	0	0	
1035.34	0	0	
1035.34	0	0	
1035.34	0	0	
1035.34	0	0	
1035.34	0	0	
1035.34	0	0	
1035.34	0	0	
1035.34	0	0	
1035.34	0	0	
1035.34	0	0	
1035.34	0	0	
1035.34	0	0	
1035.34	0	0	
1035.34	0	0	
1035.34	0	0	
1035.34	0	0	
1035.34	0	0	
1035.34	0	0	
1035.34	0	0	
1035.34	0	0	
1035.34	0	0	
1035.34	0	0	
1035.34	0	0	
1035.34	0	0	
1035.34	0	0	
1035.34	0	0	
1035.34	0	0	
1035.34	0	0	
1035.34	0	0	
1035.34	0	0	
1035.34	0	0	
1035.34	0	0	
1035.34	0	0	
1035.34	0	0	
1035.34	0	0	
1035.34	0	0	
1035.34	0	0	
1035.34	0	0	
1035.34	0	0	
1035.34	0	0	
1035.34	0	0	
1035.34	0	0	
1035.34	0	0	
1035.34	0	0	
1035.34	0	0	
1035.34	0	0	
1035.34	0	0	
1035.34	0	0	
1035.34	0	0	
1035.34	0	0	
1035.34	0	0	
1035.34	0	0	
1035.34	0	0	
1035.34	0	0	
1035.34	0	0	
1035.34	0	0	
1035.34	0	0	
1035.34	0	0	
1035.34	0	0	
1035.34	0	0	
1035.34	0	0	
1035.34	0	0	
1035.34	0	0	
1035.34	0	0	
1035.34	0	0	
1035.34	0	0	
1035.34	0	0	
1035.34	0	0	
1035.34	0	0	
1035.34	0	0	
1035.34	0	0	
1035.34	0	0	
1035.34	0	0	
1035.34	0	0	
1035.34	0	0	
1035.34	0	0	
1035.34	0	0	
1035.34	0	0	
1035.34	0	0	
1035.34	0	0	
1035.34	0	0	
1035.34	0	0	
1035.34	0	0	
1035.34	0	0	
1035.34	0	0	
1035.34	0	0	
1035.34	0	0	
1035.34	0	0	
1035.34	0	0	
1035.34	0	0	
1035.34	0	0	
1035.34	0	0	
1035.34	0	0	
1035.34	0	0	
1035.34	0	0	
1035.34	0	0	
1035.34	0	0	
1035.34	0	0	
1035.34	0	0	
1035.34	0	0	
1035.34	0	0	
1035.34	0	0	
1035.34	0	0	
1035.34	0	0	
1035.34	0	0	
1035.34	0	0	
1035.34	0	0	
1035.34	0	0	
1035.34	0	0	
1035.34	0	0	
1035.34	0	0	
1035.34	0	0	
1035.34	0	0	
1035.34	0	0	
1035.34	0	0	
1035.34	0	0	
