# File: UnstructuredGrid_Inversion_L1_Medium_Iter07.dat
# (No specific header documentation)

-160.943	-1.37014	949.487	0	
-159.347	-0.603196	974.581	0	
-65.625	-0.431516	993.595	0	
30.625	-0.431516	1029.65	0	
-140.805	-86.6624	990.452	0	
126.875	-0.301598	1005.97	0	
31.875	-0.668155	1048.45	0	
-168.564	-68.2411	995.672	0	
-64.375	-0.668155	994.183	0	
-120.32	-2.91409	1004.4	0	
-148.659	-43.7116	986.985	0	
-144.374	-1.77612	1026.84	0	
-152.8	-20.0571	1006.6	0	
-158.911	-14.8645	1007.31	0	
-115.104	-1.86538	998.756	0	
-107.086	-41.8339	1002	0	
-66.354	-1.86538	993.404	0	
-139.296	-1.90276	1028.55	0	
-156.492	-5.10335	1010.97	0	
-149.062	-0.18446	1017.57	0	
-145.643	-2.47516	1016.63	0	
-146.903	-1.79874	1019.51	0	
-125.881	-3.06027	1007.96	0	
-153.634	-3.58625	1009.9	0	
-157.975	-1.78313	971.404	0	
-150.487	-11.0189	1006.16	0	
-155.313	-3.06257	1005.67	0	
-158.478	-2.67226	978.83	0	
125.625	-0.431516	1012.29	0	
-24.0702	-2.91409	1010.29	0	
-157.187	-4.52407	1004.81	0	
-46.4583	-2.01633	989.507	0	
-157.208	-2.22915	977.376	0	
-160.734	-11.4415	1003.15	0	
-18.854	-1.86538	1011.13	0	
-152.032	-2.41638	1005.93	0	
29.896	-1.86538	1012.33	0	
-42.9006	-1.95982	996.284	0	
-170.255	-4.23953	952.425	0	
-53.4005	-1.39816	978.241	0	
-165.111	-1.31755	947.579	0	
-167.136	-1.69135	947.026	0	
-62.2917	-2.72654	989.101	0	
-169.455	-5.06798	956.423	0	
-61.0417	-3.47328	990.184	0	
-165.603	-10.2837	980.727	0	
-59.7917	-2.72654	987.365	0	
-68.125	-0.36089	989.178	0	
-65.5207	-2.1669	993.55	0	
-87.5	-1.09967	989.064	0	
-158.224	-0.445797	947.782	0	
-157.422	-0.814265	928.933	0	
-80.5207	-2.1669	989.688	0	
-157.624	-0.357513	916.31	0	
-70.625	-0.431516	986.101	0	
79.375	-0.668155	1011.53	0	
-154.648	-0.179427	998.42	0	
55.625	-0.668155	1021.43	0	
-152.67	-0.664237	1009.03	0	
-150.717	-0.780096	1007.14	0	
38.5417	-2.01633	998.877	0	
-155.044	-0.99472	994.627	0	
49.7917	-2.01633	1001.01	0	
-156.218	-0.3724	955.34	0	
72.1798	-2.91409	992.68	0	
-161.591	-0.969795	944.95	0	
-60	-1.09967	982.037	0	
-148.944	-0.957456	1016.56	0	
-154.993	-0.543177	990.828	0	
31.0415	-5.36053	1001.89	0	
-150.036	-0.329392	1010.5	0	
31.0341	-3.06466	1003.34	0	
-147.139	-0.446079	1025.6	0	
-147.853	-0.199371	1017.81	0	
36.875	-0.301598	1010.3	0	
32.7083	-2.01633	1024.84	0	
-144.129	-0.446288	1034.71	0	
28.125	-0.36089	1024.2	0	
-137.788	-0.451634	1037.98	0	
-139.688	-0.180422	1030.05	0	
25.625	-0.431516	1032.47	0	
-143.554	-0.86013	1034.98	0	
33.9583	-1.40127	1026.67	0	
-143.961	-1.53591	1030.78	0	
34.375	-0.301598	1037.48	0	
8.75	-1.09967	1049.85	0	
-137.311	-0.401397	1036.79	0	
187.145	-3.7733	1045.92	0	
-135.625	-0.165467	1020.64	0	
-135.422	-0.963615	1033.91	0	
136.591	-1.73046	1017.34	0	
-136.875	-0.144446	1036.05	0	
150.18	-1.83425	1023.5	0	
131.657	-3.25444	1002.98	0	
-131.25	-0.798148	1040.96	0	
129.003	-2.80091	992.916	0	
-122.604	-1.86538	1012.98	0	
-128.75	-0.733115	1036.43	0	
129.375	-0.668155	1009.25	0	
-130.625	-0.431516	1031.04	0	
133.125	-0.301598	985.55	0	
-129.792	-1.40127	1032.6	0	
141.421	-0.248238	1037.18	0	
-138.699	-0.382343	1028.89	0	
15.7293	-2.1669	1046.68	0	
128.75	-1.09967	979.853	0	
-121.25	-1.09967	1005.16	0	
120.625	-0.431516	1012.51	0	
-121.875	-0.431516	1027.61	0	
-120.625	-0.668155	1023.84	0	
110.744	-2.06993	1006.9	0	
-123.125	-0.366631	1013.47	0	
123.125	-0.36089	993.907	0	
-116.875	-0.36089	1001.19	0	
-120	-1.09967	977.165	0	
-133.601	-2.31332	1026.51	0	
-115.625	-0.366631	1004.98	0	
-114.375	-0.431516	1020.16	0	
-127.5	-0.798148	1012.5	0	
-113.75	-1.09967	979.076	0	
-119.375	-0.431516	1025.96	0	
-115	-0.798148	997.836	0	
100.625	-0.165467	999.322	0	
-93.3191	-0.272934	968.107	0	
-112.5	-1.09967	981.214	0	
-103.125	-0.301598	1039.03	0	
-111.25	-0.798148	1019.27	0	
-103.542	-1.40127	1009.26	0	
-114.271	-2.1669	1003.25	0	
-111.875	-0.431516	1003.88	0	
-110.328	-2.00504	1007.01	0	
-111.994	-2.06993	1012.34	0	
-108.125	-0.431516	1021.8	0	
-141.757	-0.448269	1038.82	0	
-104.375	-0.165467	1001.76	0	
-95.1464	-1.29758	1000.78	0	
-143.129	-1.52581	1032.44	0	
-105.625	-0.366631	1029.99	0	
-110.625	-0.366631	1010.48	0	
-108.75	-1.09967	992.875	0	
-109.375	-0.668155	1011.06	0	
-113.125	-0.668155	1033.63	0	
-104.33	-4.02998	985.675	0	
-128.125	-0.431516	1029.67	0	
127.708	-2.01633	990.379	0	
-102.292	-0.898582	1012.89	0	
43.125	-0.668155	989.023	0	
-129.375	-0.301598	1040.81	0	
-101.359	-0.715414	1002.42	0	
-133.125	-0.301598	1027.97	0	
-99.375	-0.301598	973.974	0	
-101.672	-0.963615	999.941	0	
-91.3897	-3.07781	995.459	0	
-134.372	-0.734698	1038.34	0	
-95.6225	-0.734698	992.286	0	
-149.804	-1.30701	1008.45	0	
-73.854	-1.86538	991.434	0	
-93.054	-0.667983	993.312	0	
-149.136	-2.86231	1003.8	0	
-94.9286	-0.367273	1001.13	0	
-153.205	-0.221068	1002.77	0	
-93.9794	-0.455456	984.644	0	
-136.122	-1.9675	1031.73	0	
-149.773	-1.79336	1007.07	0	
-88.75	-0.798148	984.468	0	
-147.289	-1.5752	1022.45	0	
-81.354	-1.86538	988.532	0	
-86.25	-1.09967	983.94	0	
-146.519	-1.09178	1024.3	0	
-88.125	-0.431516	980.091	0	
-146.177	-0.872373	1031.95	0	
-156.535	-2.28411	985.58	0	
-81.875	-0.366631	979.388	0	
-150.56	-1.70112	1005.61	0	
-79.375	-0.668155	978.318	0	
-73.75	-0.798148	993.765	0	
-154.174	-2.32083	1008.73	0	
-80.625	-0.431516	981.769	0	
-155.538	-1.75834	995.97	0	
-85.625	-0.431516	980.566	0	
-156.562	-0.172242	946.515	0	
-91.875	-0.431516	996.496	0	
-138.821	-2.0687	1027.34	0	
-158.955	-1.03334	971.516	0	
-72.5	-1.09967	993.485	0	
-20.625	-0.36089	1021.33	0	
-73.125	-0.431516	986.817	0	
-71.875	-0.668155	991.898	0	
-23.125	-0.431516	1026.6	0	
-74.375	-0.366631	991.917	0	
-158.577	-1.79062	965.81	0	
-31.25	-0.798148	1014.69	0	
-71.25	-1.09967	994.05	0	
3.125	-0.668155	1043.43	0	
-66.875	-0.366631	1002.9	0	
30.7293	-2.1669	1005.26	0	
-14.0777	-2.00504	1034.19	0	
-65	-1.09967	991.388	0	
-8.15454	-3.52006	1037.88	0	
-66.25	-0.798148	991.615	0	
-36.7915	-3.20198	1005.74	0	
-18.0207	-2.1669	1025.15	0	
-63.125	-0.431516	987.844	0	
-15.7444	-2.06993	1028.15	0	
-60.625	-0.431516	990.39	0	
-59.375	-0.668155	985.153	0	
-14.375	-0.366631	1033.99	0	
-61.875	-0.668155	996.25	0	
-13.125	-0.668155	1049.01	0	
-46.875	-0.431516	999.477	0	
-58.125	-0.431516	980.817	0	
-33.125	-0.668155	1023.18	0	
-54.375	-0.431516	958.869	0	
-53.6089	-0.730008	994.977	0	
-41.6138	-1.76282	1004.26	0	
-55.625	-0.366631	989.698	0	
-41.3142	-3.07241	996.555	0	
-58.75	-1.09967	991.896	0	
-44.375	-0.36089	999.819	0	
-62.5	-1.09967	984.014	0	
-6.875	-0.668155	1092.8	0	
-78.75	-1.09967	993.103	0	
-152.897	-1.64628	1008.93	0	
-39.2993	-1.90103	1013.6	0	
-51.875	-0.165467	984.804	0	
-56.875	-0.668155	987.543	0	
-49.375	-0.165467	997.833	0	
-48.2661	-0.298492	981.545	0	
-55.0889	-1.76841	972.178	0	
-48.8911	-0.463959	981.476	0	
-38.1225	-0.734698	999.027	0	
-41.7968	-0.900766	1002.11	0	
-41.0363	-0.901516	1004.51	0	
-50.8237	-0.584888	990.218	0	
-41.7968	-0.46925	999.973	0	
-40.177	-0.404344	1010.04	0	
-52.2917	-2.01633	991.42	0	
-43.125	-0.366631	1014.39	0	
-54.2556	-2.06993	991.385	0	
-47.6411	-0.730008	957.228	0	
-53.9679	-2.99641	987.472	0	
-61.25	-1.09967	970.137	0	
-38.4426	-0.916578	1010.92	0	
-62.7083	-2.01633	995.843	0	
-33.75	-1.09967	979.366	0	
-35	-0.798148	991.089	0	
-55	-0.798148	988.637	0	
-38.7887	-0.749484	1000.33	0	
-61.0417	-2.01633	988.008	0	
-57.5	-1.09967	971.253	0	
-26.354	-1.86538	1016.49	0	
-63.5417	-2.01633	990.642	0	
-31.875	-0.431516	1033.11	0	
-25	-1.09967	1008.28	0	
-69.375	-0.668155	1000.83	0	
-32.5	-1.09967	970.959	0	
-63.75	-1.09967	1002.58	0	
-34.375	-0.431516	1046.79	0	
-58.5417	-2.01633	983.021	0	
-39.4815	-0.881992	1007.33	0	
-51.3911	-0.463959	973.298	0	
-73.0207	-2.1669	995.749	0	
-25.625	-0.431516	1024.18	0	
-71.0417	-2.01633	992.145	0	
-18.75	-0.798148	1031.04	0	
-23.75	-1.09967	1004.4	0	
-70	-1.09967	993.095	0	
-24.375	-0.668155	1027.17	0	
-67.5054	-1.48403	994.52	0	
-78.125	-0.431516	976.843	0	
-19.375	-0.366631	1007.17	0	
-80	-1.09967	996.951	0	
-16.875	-0.668155	1032.08	0	
-16.25	-1.09967	1003.51	0	
93.1028	-2.57309	1007.04	0	
-18.125	-0.431516	1007.39	0	
-91.4583	-2.01633	993.509	0	
-17.5	-1.09967	982.2	0	
-75.625	-0.36089	978.996	0	
82.5446	-2.8545	995.539	0	
-15	-0.798148	1006.42	0	
101.481	-2.01355	1006.92	0	
-12.5	-1.09967	1024.08	0	
-11.875	-0.431516	1041.25	0	
83.125	-0.668155	1003.81	0	
-7.5	-1.09967	1030.97	0	
89.823	-0.404344	1003.31	0	
81.875	-0.366631	999.671	0	
-8.125	-0.431516	1069.92	0	
73.125	-0.431516	1004.21	0	
-6.25	-1.09967	1059.51	0	
-5.625	-0.431516	1100.46	0	
66.6193	-3.06027	1005.86	0	
1.14595	-1.86538	1043.86	0	
75.625	-0.36089	1000.1	0	
-9.375	-0.366631	1066.23	0	
80.5056	-2.06993	1005.97	0	
-15.625	-0.431516	1040.81	0	
98.5964	-0.463959	995.042	0	
-26.875	-0.366631	1026.42	0	
-67.5	-0.727521	998.618	0	
-52.1505	-0.895475	981.568	0	
-37.3993	-0.785793	1009.37	0	
-137.284	-1.89892	1032.89	0	
-5	-0.798148	1055.21	0	
-3.125	-0.668155	1066.4	0	
63.125	-0.668155	1012.97	0	
2.5	-1.09967	1032.01	0	
0.625	-0.366631	1044.71	0	
58.4223	-2.00504	1000.68	0	
59.375	-0.668155	1015.13	0	
1.875	-0.431516	1036.71	0	
58.125	-0.366631	1002.32	0	
3.75	-1.09967	1054.05	0	
4.375	-0.431516	1041.1	0	
51.875	-0.36089	962.159	0	
22.396	-1.86538	1020.72	0	
56.7556	-2.06993	991.278	0	
7.5	-0.798148	1039.59	0	
65.9223	-2.00504	999.663	0	
42.2821	-2.99641	995.923	0	
8.125	-0.431516	1057.44	0	
41.9944	-2.06993	995.792	0	
10	-1.09967	1023.47	0	
10.625	-0.431516	1047.69	0	
45.625	-0.301598	975.878	0	
14.896	-1.86538	1041.53	0	
53.75	-0.798148	1001.25	0	
45.2083	-1.40127	992.409	0	
15.625	-0.431516	1049.31	0	
41.1611	-1.76841	991.563	0	
22.5	-0.798148	1023.81	0	
17.5	-1.09967	1009.11	0	
33.5417	-2.01633	997.476	0	
16.875	-0.668155	1024.67	0	
39.2339	-0.298492	1000.97	0	
14.375	-0.366631	1018.53	0	
43.9583	-2.01633	993.75	0	
23.75	-1.09967	1011.55	0	
49.375	-0.165467	983.407	0	
37.7083	-2.01633	1006.85	0	
21.875	-0.366631	1021.39	0	
35.2083	-0.898582	1021.49	0	
24.375	-0.668155	1034.85	0	
30	-0.798148	1006.67	0	
35.2083	-2.01633	1019.33	0	
23.125	-0.431516	1038.2	0	
38.6089	-0.463959	997.957	0	
28.7446	-1.48403	1021.52	0	
31.25	-1.09967	987.344	0	
28.75	-0.727521	1042.24	0	
125.729	-2.1669	1005.83	0	
32.5	-1.09967	961.393	0	
25.2083	-2.01633	1018.05	0	
29.375	-0.366631	1030.76	0	
23.2293	-2.1669	1022.78	0	
25	-1.09967	990.607	0	
26.875	-0.668155	1037.26	0	
20.625	-0.36089	1020.2	0	
36.4583	-1.40127	1011.03	0	
4.79167	-2.01633	1059.99	0	
42.5	-1.09967	991.612	0	
37.7083	-0.898582	1005.1	0	
16.25	-1.09967	1037.61	0	
35.625	-0.165467	1006.57	0	
18.125	-0.431516	1043.76	0	
151.562	-0.215758	1020.59	0	
40.625	-0.366631	978.768	0	
149.757	-0.778767	1030.82	0	
53.646	-1.86538	987.96	0	
43.75	-1.09967	975.376	0	
149.436	-1.78705	1023.83	0	
41.875	-0.431516	985.27	0	
144.24	-1.75266	1027.62	0	
38.4005	-0.895475	998.647	0	
153.847	-0.366768	989.891	0	
33.125	-0.431516	1011.13	0	
26.25	-1.09967	1011.43	0	
44.375	-0.431516	998.895	0	
41.25	-0.798148	1003.59	0	
142.817	-1.74351	1027.73	0	
48.1125	-1.26514	984.89	0	
138.542	-1.08267	1022.49	0	
47.3464	-0.463959	986.272	0	
49.0995	-0.895475	986.539	0	
137.396	-0.421	1029.36	0	
46.875	-0.165467	990.419	0	
144.374	-0.368059	1035.21	0	
140.692	-0.895512	1032.52	0	
53.125	-0.366631	1019.24	0	
135.938	-0.172383	1012.59	0	
77.396	-1.86538	1000.22	0	
56.25	-1.09967	977.199	0	
130.625	-0.366631	1001.39	0	
54.375	-0.431516	998.482	0	
134.451	-1.8827	1015.02	0	
55	-1.09967	955.186	0	
136.993	-3.79622	1005.51	0	
121.875	-0.668155	1016.37	0	
57.5	-0.798148	986.998	0	
61.25	-0.798148	1016.91	0	
62.5	-1.09967	986.564	0	
61.875	-0.431516	997.81	0	
118.229	-2.1669	998.371	0	
56.875	-0.431516	1018.92	0	
123.745	-1.48403	996.339	0	
120.208	-2.01633	989.515	0	
69.896	-1.86538	989.372	0	
115.625	-0.36089	983.694	0	
64.375	-0.431516	1010.47	0	
71.25	-1.09967	969.118	0	
113.125	-0.431516	1013.02	0	
63.75	-1.09967	970.736	0	
121.25	-1.09967	976.362	0	
69.375	-0.366631	989.289	0	
123.75	-0.727521	1020.21	0	
91.2113	-0.749484	995.379	0	
131.161	-1.76841	996.21	0	
106.875	-0.431516	998.232	0	
70.625	-0.431516	1012.05	0	
-116.255	-1.48403	1000.43	0	
77.5	-0.798148	1002.4	0	
72.5	-1.09967	980.093	0	
-121.771	-2.1669	1013.96	0	
71.875	-0.668155	1023.42	0	
-118.125	-0.668155	1034.61	0	
-119.792	-2.01633	1007.99	0	
76.875	-0.366631	1007.58	0	
-123.75	-0.727521	1039.61	0	
124.896	-1.86538	1003.1	0	
80	-1.09967	1001.52	0	
-125.625	-0.668155	1043.27	0	
78.125	-0.431516	1000.23	0	
-118.75	-1.09967	992.089	0	
78.75	-1.09967	996.609	0	
-116.25	-0.727521	1031.63	0	
-86.875	-0.668155	984.133	0	
81.25	-0.798148	1010.5	0	
-90.625	-0.668155	979.781	0	
83.75	-1.09967	977.43	0	
84.375	-0.431516	1009.25	0	
-92.2917	-2.01633	994.628	0	
88.9637	-0.901516	996.536	0	
-98.4938	-2.61431	1007.58	0	
-97.6807	-1.37109	1005.3	0	
88.2032	-0.46925	990.414	0	
-109.955	-2.8545	1001.65	0	
90.5185	-0.881992	997.993	0	
90.8988	-0.997684	1002.38	0	
-95.31	-0.184751	994.964	0	
97.9655	-1.8638	1005.45	0	
-99.3996	-1.27697	1012.02	0	
86.875	-0.366631	1023.74	0	
-91.25	-1.09967	987.07	0	
80.625	-0.431516	999.545	0	
-94.7298	-1.36247	996.994	0	
101.085	-2.01948	1008.49	0	
145.771	-0.690749	1038.75	0	
-100.537	-0.416907	1010.76	0	
93.125	-0.301598	991.694	0	
-105.089	-1.76841	1004.96	0	
96.875	-0.366631	998.012	0	
99.3625	-1.26514	1002.9	0	
-106.875	-0.668155	996.864	0	
-104.792	-0.963615	1014.18	0	
117.396	-1.86538	991.058	0	
-107.5	-1.09967	1010.52	0	
105	-1.09967	998.705	0	
103.75	-0.798148	1004.08	0	
-111.161	-1.76841	1001.42	0	
100.349	-0.895475	1001.73	0	
-108.542	-2.01633	1008.67	0	
98.125	-0.165467	998.037	0	
-113.909	-3.16789	999.679	0	
-141.028	-0.232511	1039.68	0	
111.458	-1.40127	983.964	0	
-133.642	-1.70172	1030.48	0	
109.375	-0.366631	1002.97	0	
110.625	-0.431516	986.969	0	
-122.5	-0.798148	1014.92	0	
106.25	-1.09967	1001.23	0	
-140.115	-1.91386	1029.89	0	
-126.875	-0.366631	1044.53	0	
117.5	-0.798148	996.964	0	
-131.538	-1.49423	1032.39	0	
118.75	-1.09967	988.007	0	
116.875	-0.366631	973.887	0	
-134.814	-1.411	1033.74	0	
112.5	-0.733115	964.33	0	
-131.875	-0.366631	1043.42	0	
112.292	-1.40127	1005.37	0	
-128.244	-2.06993	1014.01	0	
104.375	-0.431516	983.593	0	
-110	-1.03479	999.026	0	
-152.264	-1.48121	1009.35	0	
119.375	-0.668155	996	0	
-139.626	-2.09882	1025.58	0	
120	-1.09967	982.686	0	
126.458	-1.40127	1001.17	0	
-139.367	-0.734712	1031.17	0	
125	-0.798148	1012.82	0	
-151.532	-2.36948	1005.5	0	
-145.222	-2.24599	1022.51	0	
171.301	-0.696881	981.407	0	
-20.0054	-1.48403	1014.4	0	
128.125	-0.431516	1010.68	0	
132.708	-1.40127	1020.21	0	
-25.5207	-2.1669	1013.62	0	
127.5	-0.733115	989.543	0	
-21.875	-0.668155	1011.74	0	
124.375	-0.366631	997.812	0	
-145.646	-1.53325	1027.79	0	
-23.5417	-2.01633	1014.58	0	
131.875	-0.165467	1016.24	0	
-27.5	-0.727521	1018.8	0	
133.289	-1.45463	1008.08	0	
134.649	-0.997684	1014.78	0	
-29.375	-0.668155	1026.92	0	
139.167	-1.46818	1018.69	0	
-22.5	-1.09967	1005.27	0	
9.375	-0.668155	1045.38	0	
141.457	-1.03746	1033.03	0	
5.625	-0.668155	1052.52	0	
140.692	-0.463996	1027.22	0	
155.66	-1.55041	991.842	0	
3.95833	-2.01633	1040.15	0	
138.96	-0.24155	1016.98	0	
-2.72879	-2.84299	1071.8	0	
134.961	-0.749484	1013.13	0	
1.97929	-2.1669	1068.49	0	
131.458	-0.963615	1011.92	0	
-20	-0.727521	1022.44	0	
118.125	-0.431516	1008.93	0	
-133.638	-0.856232	1033.37	0	
-1.875	-0.431516	1028.62	0	
142.817	-0.445797	1028.98	0	
-13.7054	-2.8545	1049.19	0	
150.36	-1.32111	1024.29	0	
145.079	-0.772884	1039.13	0	
1.25	-0.798148	1066.09	0	
143.708	-0.748572	1035.78	0	
-2.5	-1.09967	1041.88	0	
-4.375	-0.366631	1054.35	0	
151.344	-0.844768	1021.43	0	
-8.83895	-1.76841	1058.14	0	
152.188	-0.183316	1019.57	0	
156.238	-0.361266	994.619	0	
-17.6594	-3.16789	1037.18	0	
157.159	-1.21473	981.523	0	
-10.625	-0.668155	1051.88	0	
148.529	-0.89161	1031.07	0	
-5.74439	-2.06993	1072.1	0	
-12.2917	-2.01633	1050.64	0	
156.244	-0.720644	992.529	0	
-14.9111	-1.76841	1028.24	0	
158.438	-0.177909	962.074	0	
158.842	-0.330968	959.473	0	
-13.75	-1.03479	1031.97	0	
158.067	-0.887339	966.768	0	
-11.25	-1.09967	1053.96	0	
-43.7554	-1.48403	1000.12	0	
160.228	-1.94465	961.846	0	
-26.25	-0.798148	1020.79	0	
163.917	-1.41422	961.79	0	
165.97	-1.91106	967.114	0	
-32.3668	-2.22496	1010.28	0	
155.515	-3.25253	995.972	0	
-37.3251	-1.74918	1022.83	0	
162	-0.41027	956.374	0	
-45.625	-0.668155	990.902	0	
155.312	-0.122989	996.183	0	
-8.75	-0.798148	1082.53	0	
-35.625	-0.366631	980.65	0	
172.885	-0.696881	1006.82	0	
-38.5645	-1.411	1008.7	0	
176.058	-0.673031	1011.1	0	
165.499	-6.55795	980.414	0	
-37.81	-0.184751	989.281	0	
164.865	-11.7659	988.844	0	
-35.6025	-1.60601	1011.21	0	
-55.9223	-2.00504	984.36	0	
156.464	-6.18739	991.403	0	
-43.75	-0.727521	991.13	0	
124.179	-43.2901	983.026	0	
164.995	-24.7215	1006.48	0	
-47.2917	-2.01633	967.903	0	
197.758	-1.16333	1064.88	0	
-51.0417	-2.72654	990.421	0	
177.391	-2.87465	1017.41	0	
-56.25	-1.03479	962.406	0	
-49.8493	-0.451863	1018.2	0	
-68.75	-1.02905	991.704	0	
-66.9845	-2.19037	992.969	0	
-49.7917	-2.01633	981.536	0	
28.7125	-3.24559	1006.1	0	
-75.0054	-1.48403	988.024	0	
-79.0702	-2.91409	995.654	0	
-76.875	-0.668155	983.541	0	
-71.5702	-2.91409	996.362	0	
162.572	-56.0026	1011.22	0	
-46.25	-1.09967	973.267	0	
-152.374	-8.02482	1006.69	0	
-30.625	-0.366631	1027.79	0	
142.295	-1.03334	1033.81	0	
5	-1.09967	1026.76	0	
-75	-0.727521	996.5	0	
-101.798	-1.82568	1003.79	0	
-78.5417	-2.01633	991.341	0	
65	-0.798148	981.077	0	
-77.5	-1.09967	994.195	0	
-82.5	-0.727521	988.289	0	
-84.375	-0.668155	984.679	0	
98.9619	-2.4156	1007.32	0	
105.625	-0.668155	1017.98	0	
92.608	-1.70172	1004.93	0	
101.734	-0.298492	987.177	0	
100.228	-2.05757	1009.35	0	
101.109	-0.463959	993.052	0	
94.375	-0.431516	993.376	0	
93.75	-0.733115	1000.13	0	
89.6396	-2.64886	1008.74	0	
97.7083	-0.963615	1001.63	0	
90.7007	-1.90103	1008.43	0	
91.8775	-0.734698	996.543	0	
85.625	-0.668155	991.766	0	
87.4422	-2.13697	1001.88	0	
82.1723	-2.00504	1001.33	0	
88.2032	-0.900766	991.388	0	
83.9583	-2.01633	996.942	0	
85	-1.09967	990.768	0	
81.3389	-1.76841	999.995	0	
82.5	-1.03479	994.195	0	
74.375	-0.668155	1009.6	0	
76.2446	-1.48403	999.904	0	
70.7293	-2.1669	994.365	0	
76.25	-0.727521	1003.42	0	
72.7083	-2.01633	1010.5	0	
73.75	-1.09967	1015.48	0	
68.75	-0.727521	1005.62	0	
66.875	-0.668155	1000.87	0	
58.8389	-2.93321	1000.29	0	
70	-0.798148	977.47	0	
64.2556	-2.06993	995.123	0	
65.625	-0.366631	988.291	0	
60.625	-0.366631	1003.82	0	
61.1611	-1.76841	1002.09	0	
57.5889	-1.76841	1000.15	0	
58.75	-1.03479	1008.73	0	
50.4839	-0.298492	988.176	0	
52.4946	-1.48403	994.218	0	
45.2083	-2.72654	997.68	0	
52.5	-0.727521	1021.18	0	
48.9583	-2.01633	998.801	0	
49.8589	-0.463959	994.103	0	
46.4583	-0.898582	987.46	0	
46.4583	-2.01633	997.137	0	
39.8589	-0.665123	1012.72	0	
40.3277	-2.00504	1006.96	0	
27.5	-1.02905	1013.55	0	
29.2655	-2.19037	1016.43	0	
24.6798	-2.91409	1012.3	0	
121.042	-2.01633	995.677	0	
19.375	-0.668155	1035.96	0	
21.2446	-1.48403	1018.3	0	
17.1798	-2.91409	1043.07	0	
21.25	-0.727521	1049.98	0	
17.7083	-2.01633	1022.43	0	
18.75	-1.09967	994.21	0	
13.75	-0.727521	1059.4	0	
11.875	-0.668155	1045.19	0	
152.531	-0.749213	1014.33	0	
154.75	-1.02351	991.501	0	
145.148	-2.47169	1022.72	0	
154.566	-0.788653	989.026	0	
151.584	-1.3429	1020.88	0	
152.226	-0.856388	1019.25	0	
146.274	-0.370366	1038.03	0	
148.873	-2.00993	1021.57	0	
148.204	-2.13364	1020.74	0	
149.278	-1.05789	1031.68	0	
143.933	-1.39636	1032.04	0	
144.061	-0.184219	1036.85	0	
138.231	-0.782884	1026.63	0	
138.958	-1.08841	1024.95	0	
135.542	-1.65232	1016.51	0	
137.052	-1.49541	1017.89	0	
130	-1.03479	978.2	0	
130.328	-2.00504	1001.42	0	
122.5	-1.02905	976.685	0	
124.266	-2.19037	1007.03	0	
119.68	-2.91409	994.231	0	
156.34	-2.26615	989.519	0	
114.375	-0.668155	999.199	0	
116.245	-1.48403	986.115	0	
112.163	-2.94281	1007.02	0	
116.25	-0.727521	1009.6	0	
112.708	-2.01633	975.035	0	
113.75	-1.09967	954.268	0	
108.125	-0.668155	1017.64	0	
109.911	-1.76841	986.72	0	
-117.5	-1.02905	978.027	0	
-115.734	-2.19037	1010.35	0	
-138.476	-1.718	1031.77	0	
-67.5375	-3.24559	992.851	0	
-124.375	-0.36089	1015.76	0	
-123.755	-1.48403	1013.38	0	
-88.6741	-1.508	985.047	0	
-81.25	-0.798148	986.373	0	
-86.0417	-2.01633	986.363	0	
-85	-1.09967	987.124	0	
-89.375	-0.366631	983.281	0	
-89.1137	-1.76127	989.561	0	
-96.5625	-0.905095	995.937	0	
-96.2552	-1.46872	1001.58	0	
-95.2568	-1.60465	1001.92	0	
-96.25	-0.727521	988.443	0	
-101.064	-1.411	1003.61	0	
-99.7879	-1.02568	1000.52	0	
-106.25	-1.03479	1011.53	0	
-105.922	-2.00504	1011.55	0	
-70.2083	-2.01633	995.657	0	
-100.268	-1.64172	1004.79	0	
-141.433	-1.12946	1035.9	0	
-140.822	-1.42358	1034.5	0	
-153.419	-3.98464	1008.76	0	
-123.787	-3.24559	1011.4	0	
-127.411	-1.76841	1026.36	0	
-126.25	-1.03479	1018.5	0	
-132.5	-0.668229	1030.95	0	
-132.6	-2.36394	1025.53	0	
-118.958	-2.01633	1003.86	0	
-126.578	-2.00504	1016.13	0	
-189.283	-25.3113	999.365	0	
-119.833	-3.79821	1000.69	0	
-21.25	-1.02905	1009.81	0	
-19.4845	-2.19037	1027.99	0	
-27.8181	-3.04654	1008.91	0	
5.25269	-2.80091	1047.28	0	
-28.125	-0.36089	1026.11	0	
-27.5054	-1.48403	1018.17	0	
8.24439	-2.06993	1049.49	0	
15	-0.798148	1040.71	0	
10.2083	-2.01633	1049.26	0	
11.25	-1.09967	1041.72	0	
6.875	-0.366631	1045.15	0	
7.41105	-1.76841	1056.27	0	
-0.625	-0.36089	1024.7	0	
-0.00541199	-1.48403	1048.69	0	
0.51554	-2.19037	1079.83	0	
0	-0.727521	1086.58	0	
-4.91105	-1.76841	1071.82	0	
-3.75	-1.03479	1067.29	0	
-10	-1.03479	1066.42	0	
-9.67228	-2.00504	1072.34	0	
26.0417	-2.01633	1012.48	0	
-4.07772	-2.00504	1068.39	0	
-45	-1.02905	996.799	0	
-42.7963	-2.66042	993.446	0	
-50.2083	-2.72654	999.398	0	
-30.3217	-3.54296	1002.29	0	
-31.1611	-1.76841	1018.25	0	
-30	-1.03479	1013.47	0	
-36.6096	-0.544631	1012.59	0	
-36.0504	-1.32194	1009.22	0	
-22.7083	-2.01633	1011.5	0	
-30.3277	-2.00504	1009.4	0	
-60.2083	-2.01633	984.369	0	
-51.4583	-2.01633	995.603	0	
-68.3387	-1.78555	994.737	0	
-68.4751	-2.84652	993.028	0	
-76.25	-1.02905	981.525	0	
-74.4845	-2.19037	995.529	0	
-77.7083	-2.01633	991.332	0	
-105.61	-4.06799	1000.84	0	
-83.125	-0.36089	983.161	0	
-82.5054	-1.48403	984.368	0	
104.247	-1.99212	1003.17	0	
110	-0.798148	997.138	0	
106.458	-2.01633	992.745	0	
107.5	-1.09967	964.743	0	
103.125	-0.366631	998.406	0	
103.208	-1.77945	1005.63	0	
95.625	-0.36089	990.574	0	
96.2446	-1.48403	997.231	0	
97.6531	-2.49952	1006.05	0	
96.25	-0.727521	1003.96	0	
91.4355	-1.411	1002.44	0	
92.6123	-0.856232	998.073	0	
86.25	-1.03479	1005.94	0	
86.5777	-2.00504	1005.31	0	
78.2293	-2.1669	999.426	0	
78.5906	-3.16789	999.361	0	
75	-1.02905	993.718	0	
76.7655	-2.19037	1000.7	0	
68.7125	-3.24559	1001.84	0	
123.713	-3.24559	999.588	0	
68.125	-0.36089	998.421	0	
68.7446	-1.48403	998.886	0	
65.0889	-1.76841	992.316	0	
66.25	-1.03479	999.308	0	
60	-1.03479	1008.17	0	
60.3277	-2.00504	1012.69	0	
54.4793	-2.1669	998.177	0	
73.5417	-2.01633	996.57	0	
51.1089	-0.659381	1006.45	0	
53.0155	-2.19037	1003.28	0	
40.4973	-3.78292	1001.09	0	
54.8394	-3.16569	979.28	0	
39.0027	-2.80091	1004.91	0	
44.7917	-2.01633	983.72	0	
27.9113	-1.78555	1021.56	0	
27.7749	-2.84652	1013	0	
20	-1.02905	990.669	0	
21.7655	-2.19037	1029.31	0	
-9.36018	-4.06799	1059.15	0	
18.5417	-2.01633	1027.07	0	
13.125	-0.36089	1033.25	0	
13.7446	-1.48403	1036.43	0	
153.111	-0.700736	1004.53	0	
156.427	-1.42922	988.139	0	
143.516	-1.46125	1030.31	0	
145.11	-3.9968	1000.01	0	
147.25	-0.245749	1034.34	0	
147.542	-2.59722	1017.96	0	
140.759	-1.56654	1020.98	0	
151.694	-2.3932	1018.27	0	
137.375	-0.7939	1018.53	0	
139.602	-2.35319	1014.2	0	
130.295	-4.45483	995.983	0	
143.343	-3.03082	1010.61	0	
131.669	-2.29448	1008.25	0	
129.955	-2.8545	994.164	0	
128.542	-2.01633	1001.41	0	
127.18	-2.91409	1000.68	0	
122.911	-1.78555	1004.9	0	
122.775	-2.84652	996.138	0	
115	-1.02905	973.496	0	
116.766	-2.19037	999.749	0	
87.4674	-3.57018	1003.16	0	
113.542	-2.01633	1000.97	0	
108.75	-1.03479	973.233	0	
109.078	-2.00504	995.613	0	
-117.089	-1.78555	1015.31	0	
-117.225	-2.84652	1004.37	0	
-125	-1.02905	996.689	0	
-123.234	-2.19037	1019.64	0	
-78.5826	-3.79821	1000.92	0	
-145.137	-8.02012	987.986	0	
-90	-1.03479	995.252	0	
-90.0116	-2.30501	991.937	0	
-96.875	-0.721791	988.429	0	
-96.9775	-1.88479	1002.82	0	
-116.287	-3.24559	1003.62	0	
-108.586	-3.79275	1000.78	0	
-104.256	-2.06993	1007.51	0	
-112.466	-3.07092	993.465	0	
-107.708	-2.01633	995.379	0	
-116.633	-5.94785	995.911	0	
-141.803	-1.81464	1028.83	0	
-142.746	-2.27047	1025.21	0	
-130.506	-2.06993	1026.46	0	
-141.889	-5.14687	995.595	0	
-141.283	-4.82473	999.22	0	
-129.656	-3.42702	1007.74	0	
-20.8387	-1.78555	1019.6	0	
-20.9751	-2.84652	1021.46	0	
-28.75	-1.02905	1014.21	0	
-26.9845	-2.19037	1013.55	0	
-43.7875	-3.24559	980.382	0	
-46.3858	-5.74538	977.872	0	
6.25	-1.03479	1054.74	0	
6.57772	-2.00504	1050.24	0	
-1.25	-0.792406	1076.36	0	
-0.814428	-2.07688	1078.64	0	
-20.0375	-3.24559	1025.98	0	
-11.875	-3.34884	1039.72	0	
-8.00561	-2.06993	1075.92	0	
-16.2164	-3.07092	1030.88	0	
-11.4583	-2.01633	1043.7	0	
-20.3828	-5.94785	1037.15	0	
-44.5887	-1.78555	985.223	0	
-44.7251	-2.84652	985.759	0	
-34.5406	-1.84627	996.237	0	
-50.3839	-9.41359	996.666	0	
-44.299	-5.75125	975.429	0	
-35.1808	-3.61032	1002.21	0	
-75.0375	-3.24559	998.281	0	
25.1674	-3.79821	1010.31	0	
-75.8387	-1.78555	992.874	0	
-75.9751	-2.84652	995.022	0	
-83.75	-1.02905	981.602	0	
-81.9845	-2.19037	988.927	0	
-90.4582	-3.11995	993.448	0	
-86.5873	-2.94281	990.613	0	
102.359	-0.665123	1009.87	0	
102.23	-2.36076	1006.8	0	
95	-0.792406	1016.84	0	
95.5745	-1.80594	1007.93	0	
76.2125	-3.24559	997.302	0	
83.7344	-3.86913	997.103	0	
88.3958	-1.72622	1000.84	0	
80.0336	-3.07092	995.498	0	
84.7917	-2.01633	990.172	0	
75.8672	-5.94785	989.499	0	
75.4113	-1.78555	1002.66	0	
75.2749	-2.84652	998.165	0	
67.5	-1.02905	1008.67	0	
69.2655	-2.19037	998.959	0	
52.4625	-3.24559	1002.16	0	
49.8642	-5.74538	1004.25	0	
61.9944	-2.06993	1007.71	0	
46.7349	-8.22246	1004.82	0	
52.0038	-5.42835	999.906	0	
62.0425	-4.4054	998.582	0	
51.6613	-1.78555	1007.7	0	
51.5249	-2.84652	1002.93	0	
21.2125	-3.24559	1026.39	0	
107.75	-4.43486	992.039	0	
20.4113	-1.78555	1029.94	0	
20.2749	-2.84652	1025.4	0	
12.5	-1.02905	1027.02	0	
14.2655	-2.19037	1050.81	0	
6.20541	-2.8545	1060.77	0	
9.66268	-2.94281	1048.78	0	
154.072	-1.12684	996.527	0	
154.314	-2.02087	1001.54	0	
151.724	-1.66708	1020.27	0	
138.378	-4.13861	1000.61	0	
137.797	-1.39538	1020.84	0	
138.243	-2.90492	1009.5	0	
116.213	-3.24559	997.074	0	
154.499	-2.86619	1001.45	0	
115.411	-1.78555	996.601	0	
115.275	-2.84652	996.57	0	
107.292	-2.01633	1007.28	0	
109.247	-3.78292	990.451	0	
-139.917	-2.88792	1016.28	0	
-71.0826	-3.79821	992.173	0	
-124.589	-1.78555	1023.76	0	
-124.725	-2.84652	1013.35	0	
-93.184	-2.51578	1002.07	0	
-85.2083	-2.01633	986.375	0	
-96.9512	-1.49655	1003.97	0	
-98.0347	-2.45031	1005.92	0	
-153.423	-1.46159	1007.17	0	
-145.237	-3.64174	1007.83	0	
-23.5826	-3.79821	1015.68	0	
3.37811	-4.98343	1048.15	0	
-28.3387	-1.78555	1017.32	0	
-29.0917	-2.91535	1006.52	0	
3.42981	-2.91409	1070.77	0	
11.0417	-2.01633	1041.56	0	
-1.43402	-1.75189	1050.51	0	
-2.26735	-2.05915	1068.54	0	
-48.9583	-3.47328	992.758	0	
-47.6197	-4.31165	983.888	0	
-89.0279	-3.48409	992.209	0	
-92.1467	-4.94277	996.832	0	
-83.3387	-1.78555	987.754	0	
-83.4751	-2.84652	988.338	0	
100.425	-2.40378	1009.63	0	
107.753	-2.80091	988.532	0	
94.3995	-1.84701	1006.21	0	
93.5415	-2.36962	1002.87	0	
72.6674	-3.79821	999.341	0	
120.167	-3.79821	989.19	0	
67.9113	-1.78555	1003.51	0	
67.7749	-2.84652	1005.8	0	
47.2917	-3.47328	1000.3	0	
50.1448	-3.88818	1007.85	0	
17.6674	-3.79821	1038.33	0	
-0.0374544	-3.24559	1062.13	0	
12.9113	-1.78555	1052.38	0	
12.7749	-2.84652	1049.37	0	
149.119	-3.64939	1007.56	0	
183.516	-1.67285	1037.05	0	
148.538	-1.874	1025.61	0	
149.536	-3.38542	1012.9	0	
133.858	-3.03788	1011.89	0	
139.227	-3.03704	1006.98	0	
90.1484	-3.38485	1011.85	0	
101.729	-2.42138	1009.93	0	
-152.915	-5.09676	1007.33	0	
-132.01	-3.30652	1015.39	0	
-122.157	-4.23242	1006.05	0	
-96.7982	-2.47148	1004.96	0	
-46.1052	-3.88818	980.418	0	
-35.7984	-3.135	1003.33	0	
-26.245	-4.14868	1009.35	0	
13.7125	-3.24559	1059.61	0	
-100.774	-5.28566	993.544	0	
-82.5375	-3.24559	991.726	0	
48.6303	-4.31165	1005.65	0	
96.3655	-3.46302	1002.18	0	
60.6995	-4.25718	996.605	0	
70.3429	-4.23242	997.391	0	
-4.38926	-4.06622	1057.26	0	
7.82395	-3.92482	1049.18	0	
146.516	-2.2497	1020.69	0	
147.922	-4.77688	1001.12	0	
34.7917	-2.72654	1005.04	0	
33.9583	-2.72654	1016.2	0	
126.034	-3.06466	996.262	0	
126.041	-5.36183	995.25	0	
-148.031	-3.11251	1006.47	0	
-143.2	-2.52277	1020.97	0	
-159.861	-1.26016	955.412	0	
-198.497	-13.6936	1013.37	0	
-154.185	-3.03118	1010.07	0	
-152.277	-2.01657	1008.16	0	
-155.935	-2.86897	999.223	0	
-156.957	-2.43856	988.69	0	
-52.8373	-2.94281	995.727	0	
-49.7917	-3.47328	983.715	0	
-58.9583	-2.72654	986.835	0	
-57.7083	-2.01633	984.648	0	
-56.2946	-2.8545	977.451	0	
-57.2473	-2.80091	983.202	0	
-65.2159	-3.06466	990.442	0	
-65.2085	-5.36053	984.462	0	
-72.7159	-3.06466	994.877	0	
-69.5113	-3.00667	992.238	0	
43.4127	-2.94281	991.204	0	
46.4583	-3.47328	1001.71	0	
36.0417	-2.01633	1007.48	0	
32.5816	-3.68836	1008.08	0	
32.1798	-2.91409	993.659	0	
36.4583	-2.72654	1009.36	0	
23.5341	-3.06466	1013.42	0	
26.7387	-3.00667	1010.2	0	
118.534	-3.06466	988.405	0	
121.739	-3.00667	992.094	0	
-121.466	-3.06466	1003.37	0	
-118.261	-3.00667	1005.17	0	
-93.6515	-2.23646	1000.92	0	
-94.0543	-4.11067	1000.27	0	
-109.003	-2.80091	993.107	0	
-107.247	-2.80091	1006.8	0	
-146.063	-2.24431	1020.28	0	
-147.328	-2.51076	1011.61	0	
-25.2159	-3.06466	1008.31	0	
-22.0113	-3.00667	1017.12	0	
2.28409	-3.06466	1052.48	0	
2.29056	-5.36183	987.105	0	
-12.7527	-2.80091	1047.75	0	
-10.9973	-2.80091	1064.29	0	
-48.9583	-2.01633	997.639	0	
-45.7613	-3.00667	973.983	0	
-52.44	-3.72538	993.151	0	
-48.5417	-2.72654	975.226	0	
-80.2159	-3.06466	998.211	0	
-77.0113	-3.00667	997.558	0	
100.068	-3.58222	1008.79	0	
98.678	-5.48246	1002.58	0	
83.4973	-2.80091	991.435	0	
85.2527	-2.80091	1000.93	0	
71.0341	-3.06466	993.805	0	
74.2387	-3.00667	1003.83	0	
47.2917	-2.01633	993.837	0	
50.4887	-3.00667	1006.19	0	
43.81	-3.72538	997.995	0	
47.7083	-2.72654	1002.13	0	
16.0341	-3.06466	1044.63	0	
19.2387	-3.00667	1024.94	0	
152.637	-4.14587	1007.8	0	
153.37	-2.40364	1008.52	0	
111.032	-2.99641	989.538	0	
114.239	-3.00667	988.465	0	
-88.5258	-2.67448	990.113	0	
-84.5113	-3.00667	988.861	0	
8.53206	-2.99641	1058.95	0	
11.7387	-3.00667	1054.13	0	
104.886	-2.00016	1011.06	0	
102.476	-3.64128	1008.78	0	
-143.565	-2.28832	1024.89	0	
-141.384	-3.26208	1011.75	0	
-99.5794	-2.95392	1002.07	0	
-97.2474	-2.50494	1005.54	0	
-3.70582	-2.85377	1067.22	0	
-0.950756	-3.13784	1076.1	0	
93.058	-3.12029	1004.05	0	
95.7083	-3.81764	1004.77	0	
41.5739	-3.92482	995.56	0	
46.0417	-2.72654	993.069	0	
127.582	-3.68916	993.016	0	
133.647	-3.71333	1005.75	0	
127.128	-4.98343	998.213	0	
128.572	-3.57598	996.142	0	
-152.707	-2.76944	1007.02	0	
-152.167	-4.36488	1004.74	0	
-158.814	-2.63225	977.529	0	
-164.492	-13.874	990.6	0	
-154.869	-3.66734	1009.97	0	
-150.679	-3.7488	999.704	0	
-158.676	-7.66086	1007.49	0	
-155.721	-3.17657	1006.32	0	
-156.949	-10.1141	1013.02	0	
-144.411	-3.21077	1011.03	0	
-58.5398	-3.47677	986.45	0	
-57.2309	-4.40508	987.331	0	
-61.4583	-2.72654	988.306	0	
-57.6621	-3.55114	983.41	0	
-62.7232	-3.50081	993.52	0	
-55.7527	-3.78292	986.525	0	
-64.0702	-2.91409	995.873	0	
-63.6684	-3.68836	989.262	0	
-61.8899	-3.99904	988.197	0	
-60.2083	-3.47328	987.569	0	
-72.8478	-5.56717	992.244	0	
-69.264	-5.46522	985.386	0	
39.9554	-2.8545	995.842	0	
39.0191	-4.40508	1000.61	0	
37.2917	-2.72654	1002.76	0	
38.5879	-3.55114	998.058	0	
34.3601	-3.99904	1005.52	0	
37.7102	-3.47677	1004.73	0	
35.2083	-3.47328	1008.84	0	
33.5268	-3.50081	997.398	0	
23.4022	-5.56717	1023.06	0	
26.986	-5.46522	1012.75	0	
118.402	-5.56717	995.679	0	
114.489	-5.47929	1003.04	0	
-121.598	-5.56717	998.725	0	
-125.6	-5.31383	997.369	0	
-91.8508	-3.82927	997.71	0	
-90.0062	-3.40014	993.426	0	
-90.9564	-3.91798	994.753	0	
-86.1036	-3.83222	989.877	0	
-109.094	-4.85607	985.037	0	
-106.295	-2.8545	991.288	0	
-110.64	-4.06799	990.675	0	
-97.6287	-3.92379	1002.74	0	
-146.035	-3.18263	1009.36	0	
-142.357	-2.96102	1017.75	0	
-25.6028	-3.99585	1011.34	0	
-29.1996	-4.24105	1003.7	0	
3.83223	-3.68916	1035.38	0	
6.7473	-3.78292	1048.47	0	
5.25478	-4.42757	1026.75	0	
10.1464	-3.83222	1049.47	0	
-13.4371	-5.39772	1050.07	0	
-10.0446	-2.8545	1046.47	0	
-14.3898	-4.06799	1038.95	0	
-2.03178	-3.59669	1047.09	0	
-51.4777	-3.50911	996.523	0	
-47.7083	-2.72654	988.874	0	
-51.0637	-4.19254	990.285	0	
-47.2189	-3.60804	972.605	0	
-80.3478	-5.56717	999.313	0	
-85.1505	-5.56534	991.1	0	
100.812	-3.97597	1008.71	0	
112.646	-3.83222	991.339	0	
110.324	-3.92482	1008.31	0	
107.317	-3.58364	1007.25	0	
82.5117	-5.79324	996.172	0	
86.2054	-2.8545	997.84	0	
81.8602	-4.06799	994.131	0	
94.0106	-3.22619	1002.44	0	
70.9022	-5.56717	998.268	0	
66.9005	-5.31383	1003.04	0	
44.7723	-3.50911	994.21	0	
48.5417	-2.72654	1001.62	0	
45.1863	-4.19254	999.949	0	
49.0311	-3.60804	1005.08	0	
15.9022	-5.56717	1054.05	0	
11.9887	-5.47929	1025.42	0	
108.705	-2.8545	998.58	0	
101.768	-3.2455	1009.82	0	
-91.8366	-3.30271	998.017	0	
-93.8368	-3.43666	1004.74	0	
4.82178	-3.57598	1057	0	
1.59897	-4.21812	1060.4	0	
105.913	-2.94281	1009.77	0	
106.31	-3.72554	995.727	0	
98.0017	-4.25269	1004.95	0	
101.536	-3.65912	1009.47	0	
-144.822	-2.94999	1016.39	0	
-146.029	-3.65069	1006.41	0	
-101.677	-4.53166	986.763	0	
-107.664	-3.79275	985.348	0	
-6.87403	-4.43041	1041.76	0	
-11.875	-4.73217	1053.35	0	
91.4323	-4.92496	1004.49	0	
85.0606	-4.78437	1000.49	0	
121.393	-3.89079	992.305	0	
144.508	-3.55459	1008.79	0	
125.349	-4.21812	999.391	0	
129.043	-4.50658	996.765	0	
-154.031	-4.68671	1011.48	0	
-150.449	-3.32956	1000.18	0	
-156.049	-3.85227	1007.65	0	
-87.6187	-5.67449	989.088	0	
-158.272	-3.12942	986.169	0	
-156.791	-4.32181	1006.04	0	
-156.058	-4.33443	1008.91	0	
-151.2	-4.62024	1000.36	0	
-87.9294	-4.20665	991.147	0	
-54.6761	-3.92482	988.98	0	
-59.3731	-3.97501	987.402	0	
7.79028	-6.17559	986.11	0	
-65.9011	-4.21822	991.044	0	
-59.3047	-5.11624	988.939	0	
-64.1215	-4.98124	990.169	0	
-60.5387	-5.90518	987.628	0	
8.35687	-5.00841	1026.04	0	
92.4864	-4.01929	1005.5	0	
30.3489	-4.21822	996.586	0	
32.1285	-4.98124	993.993	0	
36.0417	-3.47328	1003.56	0	
34.378	-5.06466	995.474	0	
35.7113	-5.90518	999.913	0	
36.8769	-3.97501	1002.01	0	
-102.034	-2.86475	1000.44	0	
-98.8291	-5.36828	987.121	0	
-144.414	-5.90678	991.114	0	
-69.8571	-3.89079	993.258	0	
-156.224	-6.54688	1013.53	0	
-49.707	-5.1949	984.307	0	
-148.843	-3.90943	999.388	0	
-146.888	-5.41797	993.321	0	
-5.59449	-3.51902	1058.85	0	
-3.72305	-5.11846	1004.52	0	
-56.2742	-4.58327	984.992	0	
26.3929	-3.89079	1006.22	0	
-39.901	-3.17015	1004.57	0	
46.543	-5.1949	1002.25	0	
-53.9766	-5.20289	991.39	0	
-50.211	-4.15672	993.928	0	
-55.8234	-5.70833	990.172	0	
-48.5258	-4.17689	978.596	0	
-52.8132	-5.59213	993.19	0	
-47.2738	-5.38006	978.365	0	
92.5936	-3.30952	1007.51	0	
105.562	-4.6554	1008.64	0	
36.9453	-5.11624	996.923	0	
130.936	-5.12039	999.162	0	
56.2824	-3.06872	986.254	0	
110.29	-6.17488	1012.12	0	
42.2734	-5.20289	997.442	0	
46.039	-4.15672	999.469	0	
40.4266	-5.70833	997.618	0	
47.7242	-4.17689	1004.38	0	
39.9758	-4.58327	996.847	0	
48.9762	-5.38006	1002.24	0	
-90.507	-4.20933	994.376	0	
-88.9898	-5.42887	991.312	0	
6.22758	-4.58092	1026.44	0	
6.73765	-5.89001	987.094	0	
102.888	-5.56251	1005.24	0	
106.938	-6.99046	994.084	0	
104.138	-3.6096	1004.89	0	
103.802	-5.29785	1004.98	0	
99.8843	-4.8269	1006.83	0	
101.796	-4.06318	1008.49	0	
-150.74	-4.69633	998.599	0	
-144.399	-4.74261	997.503	0	
76.6284	-4.52398	997.493	0	
147.705	-11.2605	984.372	0	
128.127	-5.50143	994.354	0	
128.872	-6.93342	1001.4	0	
-158.702	-4.34038	998.101	0	
-143.553	-3.70852	1010	0	
-160.022	-3.17954	977.7	0	
-206.269	-14.2369	1023.18	0	
-174.508	-34.6184	988.201	0	
-79.1691	-5.28353	998.628	0	
-150.143	-8.08564	999.341	0	
-57.7686	-6.54621	989.717	0	
-61.872	-5.06466	990.278	0	
-58.0402	-5.47194	987.089	0	
-115.872	-4.52398	1003.3	0	
17.0809	-5.28353	1044.98	0	
-19.6216	-4.52398	1050.33	0	
108.728	-4.58055	1007.63	0	
38.2098	-5.47194	997.342	0	
43.4368	-5.59213	998.22	0	
-139.869	-3.48469	1013.19	0	
-146.205	-6.41283	990.067	0	
-97.5654	-5.77834	988.391	0	
-96.6694	-4.87147	994.951	0	
-150.503	-5.24934	998.497	0	
-133.645	-3.55735	1015.29	0	
-31.418	-3.97219	998.117	0	
39.1198	-6.3947	1000.52	0	
-0.498874	-6.89898	900.344	0	
-0.89962	-5.26597	981.201	0	
-70.5474	-6.44535	986.284	0	
-54.6024	-6.18605	991.391	0	
-52.4014	-4.79453	992.839	0	
-51.4417	-5.03664	993.873	0	
-51.1278	-7.76535	992.65	0	
-50.9291	-6.03106	988.769	0	
-55.1392	-7.9395	994.104	0	
-35.8627	-2.49615	1012.88	0	
-48.8551	-5.21507	986.093	0	
-48.0926	-6.0103	981.353	0	
64.7483	-4.16217	1001.09	0	
110.857	-5.00834	993.358	0	
97.6014	-7.76538	996.353	0	
96.9423	-5.01531	1001.75	0	
25.7026	-6.44535	1012.55	0	
41.6476	-6.18605	998.089	0	
43.8486	-4.79453	997.156	0	
44.8083	-5.03664	998.99	0	
44.2071	-7.10465	1000.64	0	
45.7483	-5.76581	1002.27	0	
42.0818	-7.76797	998.34	0	
59.9111	-2.93321	999.475	0	
47.3949	-5.21507	1002.83	0	
48.1574	-6.0103	1005.62	0	
-91.0603	-5.03079	993.551	0	
-91.0877	-5.85742	990.622	0	
4.33964	-5.42242	982.227	0	
5.32497	-6.50437	931.832	0	
106.858	-5.46739	1008.76	0	
109.237	-5.889	992.073	0	
45.559	-7.03622	999.706	0	
103.754	-6.04295	1002.5	0	
101.726	-4.89003	1006.57	0	
101.367	-5.43155	1005.92	0	
-148.11	-4.89043	995.601	0	
-146.045	-4.67483	997.076	0	
-147.53	-7.51815	990.942	0	
-144.84	-4.37397	1001.85	0	
-148.925	-7.11681	993.961	0	
-133.099	-2.64934	1022.26	0	
-154.063	-6.14283	1011.05	0	
-150.61	-6.36385	999.581	0	
-67.2642	-6.91889	979.057	0	
-50.3906	-8.18319	995.543	0	
28.9858	-6.91889	1009.48	0	
56.4891	-9.03909	983.798	0	
-164.595	-5.17785	969.26	0	
-124.19	-5.40086	998.303	0	
-65.8105	-6.63734	982.895	0	
-36.9473	-8.96818	1005.15	0	
-57.7919	-8.63907	990.709	0	
-25.5819	-6.66486	1020.23	0	
-35.0052	-5.19327	993.606	0	
-45.618	-4.95711	973.272	0	
30.4395	-6.63734	1000.57	0	
103.594	-7.70943	1000.92	0	
37.1701	-8.70786	1003.61	0	
121.986	-5.46522	995.551	0	
59.375	-5.27905	988.185	0	
50.632	-4.95711	999.609	0	
-99.6767	-6.32027	980.511	0	
-118.014	-5.46522	1004.48	0	
-4.18243	-7.15932	821.277	0	
-22.3094	-5.15396	1027.02	0	
102.704	-12.5105	995.844	0	
98.9123	-7.36079	998.473	0	
74.486	-5.46522	996.973	0	
91.8823	-6.48399	999.034	0	
-143.573	-7.21564	987.522	0	
-142.705	-3.63952	1010.47	0	
-151.681	-6.67748	1003.22	0	
-121.996	-9.39498	1000.1	0	
-136.7	-3.6676	1020.13	0	
-128.568	-3.08143	1015.54	0	
-37.3372	-3.52385	1006.34	0	
-32.8412	-2.86155	995.093	0	
58.0505	-4.25718	991.043	0	
63.932	-3.08143	996.77	0	
133.718	-5.13776	1000.74	0	
130.556	-7.21787	997.811	0	
123.985	-6.91734	998.052	0	
152.186	-16.7293	994.113	0	
-153.943	-8.29005	1011.91	0	
-51.2666	-10.0235	1002.4	0	
-41.2417	-5.03335	983.54	0	
-42.7818	-4.32214	980.343	0	
55.3912	-5.44334	981.137	0	
52.8708	-4.50999	988.771	0	
-87.7618	-6.99026	986.363	0	
-84.8609	-3.89608	991.055	0	
8.66524	-7.52916	896.141	0	
11.3891	-3.89608	1046.55	0	
120.703	-6.44535	994.292	0	
113.889	-3.89608	1003.21	0	
-93.8756	-6.4855	991.807	0	
-127.752	-4.16217	996.894	0	
-134.507	-8.10053	992.355	0	
-118.607	-3.89079	999.043	0	
-43.3417	-5.78656	977.31	0	
-22.3571	-3.89079	1018.54	0	
-42.6024	-8.43206	984.156	0	
-40.8567	-7.22128	987.522	0	
51.875	-6.99919	995.683	0	
73.8929	-3.89079	993.232	0	
54.1819	-7.67342	987.44	0	
52.7396	-8.05329	991.385	0	
-46.2138	-7.39543	981.987	0	
-47.615	-8.50571	988.486	0	
50.3597	-7.18841	997.901	0	
48.1061	-7.56208	999.07	0	
-142.232	-7.90454	986.158	0	
-133.684	-4.43783	1010.09	0	
-52.9721	-9.50978	999.664	0	
-45.5748	-8.178	982.747	0	
43.478	-8.29733	1001.82	0	
49.4204	-8.37487	1001.91	0	
-164.05	-1.81042	948.801	0	
-159.427	-2.38423	970.51	0	
-172.34	-0.561988	950.926	0	
-160.621	-4.97411	986.482	0	
157.959	-1.74817	972.992	0	
161.625	-0.192231	956.822	0	
162.875	-0.506212	957.881	0	
161.827	-2.52819	962.773	0	
151.36	-4.64988	1005.12	0	
159.347	-4.21049	976.406	0	
136.51	-3.31008	1010.11	0	
140.426	-4.30204	995.909	0	
-73.4071	-4.23242	997.826	0	
-71.6691	-5.28353	991.287	0	
-81.8041	-10.3633	981.561	0	
-64.8646	-8.3096	978.388	0	
-77.3571	-3.89079	1001.17	0	
-74.8401	-7.46026	989.992	0	
22.8429	-4.23242	1023.91	0	
24.5809	-5.28353	1017.22	0	
15.8333	-10.3326	926.299	0	
31.3854	-8.3096	1008.04	0	
18.8929	-3.89079	1037.95	0	
22.0238	-6.72899	1028.77	0	
117.843	-4.23242	998.449	0	
119.581	-5.28353	997.128	0	
112.877	-7.50462	1011.95	0	
125.437	-6.63718	999.4	0	
111.164	-7.52928	996.128	0	
117.03	-6.73778	1000.77	0	
-120.419	-5.28353	1003.94	0	
-119.297	-6.44535	995.272	0	
-147.034	-9.16441	990.614	0	
-104.271	-8.82169	969.831	0	
-144.441	-7.3293	986.962	0	
-148.408	-7.76448	993.259	0	
-25.0551	-5.34645	1018.12	0	
-23.4043	-5.46944	1026.74	0	
1.41684	-7.08742	894.744	0	
-9.76913	-7.46803	951.953	0	
-28.9318	-4.79748	1006.58	0	
-25.2197	-8.2483	1026.98	0	
-80.9071	-4.23242	995.885	0	
-78.0474	-6.44535	1002.32	0	
-75.8834	-8.84474	990.178	0	
-76.764	-5.46522	997.543	0	
-82.2647	-7.39505	990.852	0	
-83.0153	-8.62685	988.107	0	
72.0809	-5.28353	995.304	0	
73.2026	-6.44535	990.681	0	
101.99	-6.44503	1002.69	0	
86.5869	-6.21514	1001.66	0	
68.3096	-5.40086	999.88	0	
95.7026	-8.29225	995.824	0	
15.3429	-4.23242	1053.69	0	
18.2026	-6.44535	1038.31	0	
21.9402	-8.15788	1020.47	0	
19.486	-5.46522	1038.25	0	
14.5304	-6.73778	989.407	0	
14.0352	-8.98906	937.451	0	
112.049	-4.96932	1008.55	0	
113.194	-6.11121	1000.94	0	
108.671	-9.52659	993.798	0	
115.084	-10.2275	1008.9	0	
-87.4331	-4.63876	990.504	0	
-86.0945	-5.33563	989.335	0	
-85.753	-7.29072	987.064	0	
-84.9179	-7.29837	988.377	0	
9.54871	-4.9694	1027.32	0	
10.694	-6.11128	1007.46	0	
10.3771	-7.50385	930.429	0	
11.8718	-9.53722	831.534	0	
132.169	-6.47294	998.722	0	
134.9	-4.13654	1005.28	0	
124.075	-4.31071	995.536	0	
123.313	-5.73457	996.199	0	
-67.1755	-4.31081	985.313	0	
-67.9367	-5.73467	986.889	0	
29.0745	-4.31081	1005.22	0	
28.3133	-5.73467	1000.75	0	
-95.9861	-3.66548	1004.73	0	
-99.06	-4.15199	993.711	0	
-101.868	-6.77954	983.158	0	
-107.156	-4.85607	996.092	0	
0.324502	-4.31071	1054.46	0	
-2.3426	-4.6597	1049.43	0	
-7.5359	-7.04865	878.801	0	
-10.3129	-5.39772	989.397	0	
96.6182	-4.52808	1003.01	0	
93.9085	-4.4681	1004.91	0	
89.6978	-5.61938	1003.62	0	
104.489	-7.32508	999.188	0	
-62.0477	-8.8546	984.43	0	
34.2023	-8.8546	1004.41	0	
-64.2886	-13.746	985.147	0	
44.1701	-10.5411	1004.94	0	
-41.8582	-9.3589	993.678	0	
105.723	-7.95735	1002.95	0	
40.691	-8.79126	1004.04	0	
126.259	-8.10539	1003.92	0	
30.5395	-12.1895	1014.68	0	
128.121	-8.37598	999.839	0	
101.247	-8.00789	999.613	0	
102.401	-7.77876	1000.53	0	
-154.593	-9.07051	1012.86	0	
-60.5733	-7.64358	985.669	0	
138.419	-5.53169	993.748	0	
152.957	-3.1438	1010.34	0	
-137.738	-9.35584	985.886	0	
-136.764	-4.99361	1007.59	0	
-130.463	-2.95426	1017.89	0	
-129.047	-6.04201	987.044	0	
-32.7482	-3.63641	1000.37	0	
-32.3354	-5.05175	1000.15	0	
62.5041	-3.08143	995.419	0	
63.4527	-6.04201	995.864	0	
131.988	-11.7499	1003.99	0	
153.506	-6.37053	997.527	0	
136.768	-4.38749	1003.85	0	
141.102	-4.42473	995.747	0	
-74.6816	-4.325	997.598	0	
-75.4428	-5.74886	1000.39	0	
21.5684	-4.325	1028.28	0	
20.8072	-5.74886	1035.39	0	
116.568	-4.325	997.648	0	
115.814	-5.75765	1002.89	0	
-123.432	-4.325	1002.69	0	
-126.314	-4.14101	1002.86	0	
-114.102	-8.91743	999.391	0	
-113.787	-5.87076	999.319	0	
-26.8956	-4.96108	1010.89	0	
-31.1988	-3.44125	1003.44	0	
-20.6248	-8.41554	1016.58	0	
-17.5176	-6.0256	1053.85	0	
-82.1816	-4.325	995.602	0	
-83.056	-5.20145	992.483	0	
69.0684	-4.325	1002.82	0	
66.1856	-4.14101	1004.1	0	
78.5605	-8.14061	995.328	0	
78.6844	-5.65118	996.699	0	
14.0684	-4.325	1044.38	0	
13.3138	-5.75765	1052.22	0	
103.632	-11.454	992.37	0	
116.95	-8.09018	1008.48	0	
-93.9416	-7.84151	985.396	0	
-91.5338	-7.52865	985.645	0	
2.27255	-8.66503	699.242	0	
4.64589	-8.13534	718.15	0	
129.195	-10.2093	1006.09	0	
145.206	-5.03866	993.901	0	
134.108	-5.7198	1002.31	0	
137.256	-6.08965	994.157	0	
120.25	-8.99719	1010.22	0	
123.385	-8.88682	1007.92	0	
-70.8818	-8.54325	977.731	0	
-67.8655	-8.89079	973.034	0	
25.3811	-8.62248	1026.02	0	
28.3845	-8.89079	1019.04	0	
-67.086	-11.7237	971.899	0	
-94.3919	-12.5273	975.267	0	
-54.6582	-8.77685	995.707	0	
1.24494	-12.6851	214.846	0	
86.757	-5.14657	1004	0	
70.504	-9.39498	992.887	0	
100.823	-6.83045	1001	0	
101.25	-8.72435	996.933	0	
-119.82	-10.1569	996.982	0	
-122.652	-7.0343	995.931	0	
-127.769	-5.79877	998.9	0	
-125.499	-7.54635	990.181	0	
-46.147	-12.5867	1010.86	0	
-26.8674	-6.11371	1015.12	0	
-31.6121	-5.35763	998.06	0	
-28.1315	-7.75206	1017.56	0	
47.8628	-12.3828	1008.85	0	
69.8481	-7.0343	990.977	0	
64.7306	-5.79877	999.03	0	
67.0008	-7.54635	996.065	0	
141.497	-6.7733	985.815	0	
142.345	-6.98163	983.268	0	
125.012	-9.68556	1003.63	0	
190.953	-1.99683	1054.72	0	
-98.5258	-6.79663	981.72	0	
35.6767	-7.64358	998.589	0	
-2.40124	-8.33358	754.528	0	
103.18	-10.4518	998.149	0	
72.4478	-10.1205	982.545	0	
96.4996	-12.2432	990.067	0	
-136.893	-6.82127	995.043	0	
-136.234	-6.38423	996.485	0	
-28.9124	-12.333	1025.61	0	
-32.0628	-8.52153	1011.11	0	
63.9655	-9.13223	987.471	0	
98.2915	-9.67016	994.144	0	
81.9412	-8.3311	994.423	0	
153.484	-10.2024	991.219	0	
-78.7823	-8.81497	990.711	0	
29.2821	-11.7712	1016.26	0	
8.79112	-11.9339	544.288	0	
110.443	-9.50362	1013.79	0	
-126.434	-6.49884	994.636	0	
-123.97	-6.77541	998.233	0	
-29.091	-5.87836	1009.21	0	
-28.2669	-4.84835	1007.08	0	
66.0664	-6.49884	1000.46	0	
68.53	-6.77541	1000.73	0	
151.81	-5.95282	1000.42	0	
153.367	-4.26395	1006.46	0	
148.066	-6.7994	987.909	0	
143.495	-8.11495	980.844	0	
-112.689	-9.12173	988.365	0	
-116.205	-11.7994	999.341	0	
-114.541	-4.53464	997.418	0	
-111.901	-4.28441	1000.63	0	
-16.3208	-5.87234	1023.84	0	
-22.1682	-9.61273	1026.61	0	
-18.2907	-4.53464	1036.13	0	
-15.6508	-4.28441	1056.04	0	
80.6859	-8.55416	995.691	0	
76.5049	-10.1363	992.311	0	
77.9593	-4.53464	992.95	0	
80.5992	-4.28441	998.249	0	
-63.1585	-5.8593	985.172	0	
-63.2996	-7.91085	981.553	0	
33.0915	-5.8593	1000.6	0	
32.9504	-7.91085	1001.92	0	
-201.071	-23.8156	1014.86	0	
-157.209	-8.34727	1013.66	0	
-41.824	-5.62395	983.138	0	
-38.7429	-5.04781	996.128	0	
54.2006	-4.51844	992.638	0	
56.7439	-4.39269	984.704	0	
-138.521	-3.64648	1014.6	0	
-135.63	-4.52461	1010.33	0	
132.968	-8.56812	998.119	0	
140.45	-8.34895	984.539	0	
-131.359	-7.20547	989.309	0	
-87.5564	-8.83365	983.917	0	
-28.854	-8.08187	1018.28	0	
7.90043	-9.59591	611.684	0	
63.1758	-7.46593	990.154	0	
52.2013	-9.946	992.332	0	
87.9225	-11.4484	995.92	0	
47.1888	-36.3943	1051.93	0	
-59.3166	-11.6253	993.313	0	
-56.8273	-8.69394	993.629	0	
35.9782	-11.3167	1012.45	0	
38.9499	-7.89572	996.519	0	
139.068	-5.57039	992.997	0	
136.732	-6.85819	996.195	0	
138.865	-7.18494	989.162	0	
138.769	-8.04978	988.536	0	
136.218	-10.6535	993.817	0	
159.883	-5.9248	978.216	0	
118.469	-9.69443	1003.31	0	
95.2547	-13.7985	995.048	0	
-49.394	-9.71513	999.645	0	
-46.0952	-8.94009	990.657	0	
46.0752	-10.5347	1001.03	0	
50.1748	-11.8043	998.852	0	
-174.496	-3.06681	954.333	0	
-158.792	-6.10167	1003.04	0	
-161.073	-9.83146	1000.67	0	
-186.467	-16.062	991.255	0	
159.218	-5.12277	978.34	0	
168.528	-1.40517	974.4	0	
-86.0028	-10.1753	982.025	0	
100.989	-10.9637	996.211	0	
18.0295	-8.73643	992.863	0	
4.49832	-12.069	350.395	0	
-153.778	-10.6839	1011.83	0	
-147.466	-11.9158	996.722	0	
-121.489	-14.4624	993.192	0	
-126.008	-9.79585	995.125	0	
108.025	-13.3114	993.413	0	
111.322	-11.8719	998.386	0	
-91.7517	-12.069	975.148	0	
-72.6752	-9.18541	978.882	0	
5.3409	-14.035	257.363	0	
23.5966	-9.3962	1017.23	0	
-111.762	-6.74713	992.851	0	
-129.168	-15.7527	990.2	0	
-18.2374	-7.39395	1012.37	0	
-25.1515	-10.9502	1019.61	0	
-142.881	-17.6942	1000.28	0	
-124.741	-12.1163	988.569	0	
-37.4516	-11.629	1024.19	0	
-8.49473	-12.4446	370.242	0	
65.3776	-9.80406	985.909	0	
56.463	-13.3546	986.146	0	
109.971	-14.0533	1011.64	0	
127.849	-11.938	1006.47	0	
149.403	-8.04241	987.727	0	
152.871	-7.1477	996.771	0	
-122.779	-11.9203	995.584	0	
-102.258	-7.8534	972.19	0	
-19.0315	-10.1481	966.377	0	
-6.22447	-8.42323	797.249	0	
75.861	-11.8247	984.525	0	
89.8457	-7.60545	1000.13	0	
68.0012	-10.5984	988.361	0	
137.705	-12.3335	994.52	0	
-59.7825	-12.9833	998.398	0	
-54.9875	-12.0004	1006.36	0	
33.0729	-11.7345	1015.34	0	
40.7121	-10.963	1005.33	0	
129.235	-15.3959	1011.68	0	
235.256	-2.25139	1076.23	0	
-178.539	-1.3838	961.601	0	
-162.44	-5.61418	978.505	0	
-156.024	-9.98013	1013.71	0	
-221.351	-12.57	1036.55	0	
-167.864	-3.89714	953.986	0	
-166.889	-3.602	952.858	0	
165.061	-2.48985	966.815	0	
166.338	-4.30213	975.545	0	
156.824	-7.91714	990.282	0	
134.955	-16.1007	1004.75	0	
-52.4409	-11.8875	1008.53	0	
-10.3726	-12.1451	642.125	0	
42.7951	-12.1835	1012.56	0	
33.3171	-13.0246	1018.16	0	
-52.7682	-12.9854	1014.61	0	
-138.351	-7.17744	993.022	0	
-134.415	-9.16707	988.159	0	
-153.88	-14.412	1011.22	0	
-127.52	-14.6602	989.587	0	
-40.2702	-19.1226	1053.26	0	
-26.6256	-17.8834	973.978	0	
47.6904	-15.2389	1007	0	
64.6356	-14.9355	984.914	0	
132.779	-14.3056	1005.29	0	
154.497	-12.7261	991.311	0	
-156.364	-13.657	1011.95	0	
40.6295	-14.9897	1025.01	0	
11.0506	-11.9005	553.932	0	
90.0804	-9.77337	997.495	0	
125.528	-11.6848	1011.19	0	
121.636	-10.3863	1003.72	0	
-168.006	-6.58782	961.766	0	
-188.376	-3.76145	991.868	0	
-133.959	-11.4467	988.709	0	
-129.198	-9.41262	989.224	0	
-216.827	-26.5727	1028.89	0	
-128.413	-13.1119	990.264	0	
-132.411	-9.49708	988.137	0	
-132.575	-4.30131	1008.97	0	
-166.227	-13.5643	983.973	0	
-108.475	-9.26995	981.332	0	
-130.943	-10.541	986.708	0	
-129.662	-7.54154	992.297	0	
-131.112	-14.0765	989.565	0	
-127.757	-10.8627	985.334	0	
-138.582	-18.1273	995.203	0	
-101.393	-11.4978	979.526	0	
-130.381	-12.4546	987.77	0	
-128.544	-17.3008	992.629	0	
-147.865	-13.1231	1001.9	0	
-1.91545	-15.2932	143.459	0	
-125.443	-18.0933	992.236	0	
-125.597	-14.7313	994.027	0	
-62.0246	-15.3219	998.515	0	
-84.2039	-8.30199	984.662	0	
-124.144	-16.6164	993.645	0	
-121.999	-16.5434	999.912	0	
-91.6409	-16.373	974.587	0	
-69.0299	-15.189	976.834	0	
4.24164	-15.4535	138.55	0	
25.6462	-12.9468	992.354	0	
-109.897	-7.24073	990.96	0	
-115.616	-10.0724	996.692	0	
-13.9017	-7.25958	967.848	0	
-14.245	-11.4052	775.216	0	
83.6128	-6.21158	997.248	0	
85.4382	-9.93628	996.45	0	
-84.0878	-13.1108	974.111	0	
-77.7695	-8.11347	989.847	0	
12.4086	-14.5362	507.426	0	
20.7109	-11.4244	982.035	0	
-97.912	-9.08031	974.736	0	
-90.7921	-7.78853	985.215	0	
-2.50576	-10.7917	397.767	0	
5.82085	-10.045	642.59	0	
-110.545	-10.5704	985.84	0	
-105.748	-8.79948	981.436	0	
-17.4309	-12.4592	827.318	0	
-12.9699	-9.34945	905	0	
82.1977	-10.8852	993.987	0	
83.3892	-7.23512	995.941	0	
-56.1771	-12.1988	1003.52	0	
-53.1715	-17.8499	1038.02	0	
37.3566	-10.5597	1006.42	0	
35.6827	-15.9118	1023.56	0	
-172.604	-3.99209	952.9	0	
-166.091	-6.50777	966.188	0	
160.065	-7.8439	982.323	0	
157.336	-9.65583	989.829	0	
-36.3491	-6.66327	994.396	0	
-42.1546	-10.5989	998.266	0	
59.1133	-6.97897	986.515	0	
54.2301	-12.5601	986.239	0	
93.4782	-13.3089	990.343	0	
140.019	-10.689	985.665	0	
-113.063	-15.4762	990.538	0	
-119.297	-14.1357	1000.52	0	
-103.197	-18.675	989.608	0	
-90.9091	-14.035	975.041	0	
-63.5687	-15.4183	988.29	0	
-81.4647	-12.5767	975.612	0	
-119.75	-18.497	991.471	0	
-105.653	-13.1551	975.288	0	
-100.036	-10.974	966.232	0	
-124.617	-21.7604	1003.76	0	
14.9017	-14.7714	628.546	0	
32.9593	-15.1696	1016.69	0	
-177.174	-5.1231	961.731	0	
-172.256	-12.2435	970.941	0	
-170.118	-6.40185	957.962	0	
-168.394	-9.48485	971.432	0	
121.498	-12.7731	1012.9	0	
127.584	-39.4149	987.094	0	
-117.523	-17.9499	1004.5	0	
-113.164	-12.264	992.405	0	
-93.8013	-9.96432	977.142	0	
-93.6138	-16.0889	978.39	0	
2.37524	-11.0032	391.663	0	
4.58211	-17.363	104.592	0	
-138.131	-15.2213	992.798	0	
45.1613	-16.0728	1025.12	0	
-52.0458	-14.4744	1023.42	0	
-31.8625	-13.2506	1027.52	0	
-116.239	-26.5585	1003.76	0	
64.2492	-12.6786	980.042	0	
-89.0494	-17.1811	975.885	0	
-88.6959	-14.349	974.567	0	
7.50536	-18.0909	152.492	0	
7.55411	-14.349	290.464	0	
-153.594	-20.9438	1005.57	0	
-58.1402	-27.7232	1062.88	0	
-86.2772	-16.1191	977.254	0	
-83.5895	-17.6045	972.774	0	
-18.4869	-15.5049	741.151	0	
128.345	-18.9978	1011.89	0	
8.37895	-16.1401	228.775	0	
12.9607	-19.4414	306.799	0	
223.847	-3.41955	1077.16	0	
183.542	-7.01608	1036.89	0	
136.589	-13.2034	997.141	0	
139.9	-11.8758	990.696	0	
-179.958	-3.72031	965.972	0	
-171.753	-4.56974	955.196	0	
161.082	-9.98318	986.968	0	
177.304	-1.39371	1013.5	0	
-77.3657	-12.6153	972.756	0	
-65.6608	-13.5846	976.97	0	
20.5525	-16.1185	825.772	0	
26.7285	-12.1245	1010.35	0	
-163.901	-16.0987	993.278	0	
-121.903	-23.8029	990.265	0	
-57.2853	-16.6517	1023.66	0	
2.64411	-18.319	59.6232	0	
35.8998	-17.5263	1025.76	0	
107.604	-11.1529	1007.02	0	
141.451	-15.3282	993.447	0	
145.287	-12.899	986.836	0	
102.984	-19.8767	996.406	0	
80.7414	-13.9155	991.83	0	
-114.536	-19.4621	990.461	0	
-97.8497	-15.0081	979.986	0	
-26.1046	-12.3387	1017.08	0	
-1.58245	-19.2921	58.897	0	
67.4595	-13.8094	984.336	0	
42.4844	-22.9475	1042.17	0	
-169.781	-27.7513	986.106	0	
-68.1767	-19.6946	993.424	0	
-80.6284	-20.8395	982.631	0	
-66.5492	-14.7187	980.234	0	
17.0613	-26.9936	484.939	0	
29.7933	-14.6342	1008.02	0	
126.768	-21.0295	1012.84	0	
144.425	-16.264	992.619	0	
137.057	-16.9181	1002.12	0	
140.865	-17.0844	997.542	0	
-73.5547	-14.51	973.467	0	
-64.093	-18.0765	998.027	0	
24.3897	-15.6739	950.426	0	
32.8228	-16.38	1019.11	0	
-97.5481	-16.6876	979.022	0	
2.21653	-20.4267	46.9067	0	
28.0736	-19.6906	957.655	0	
28.7851	-21.2292	960.109	0	
-83.7195	-16.037	976.741	0	
-75.884	-13.0882	975.257	0	
10.974	-16.3608	298.704	0	
16.1913	-13.0289	786.996	0	
216.109	-22.0345	1067.18	0	
133.51	-17.7519	1007.8	0	
-149.547	-14.5415	1005.71	0	
-151.657	-14.8405	1009.38	0	
-141.882	-16.2432	996.233	0	
-138.724	-10.2545	986.426	0	
-63.8295	-23.1566	1025.07	0	
-11.5675	-15.889	480.913	0	
31.9644	-23.3819	984.88	0	
120.113	-16.0283	1012.07	0	
-128.495	-23.6616	988.535	0	
21.9952	-23.3586	725.609	0	
-186.451	-4.46484	984.986	0	
-190.353	-4.91571	996.508	0	
172.915	-3.57473	997.675	0	
173.736	-5.32539	1001.29	0	
194.338	-10.0352	1057.84	0	
189.174	-0.969457	1050.32	0	
80.3826	-15.7298	990.45	0	
37.5775	-25.8567	1022.27	0	
-72.8462	-16.4844	969.697	0	
-66.8719	-18.3453	991.571	0	
26.1874	-17.6242	952.093	0	
29.3569	-18.2973	986.212	0	
123.661	-28.5678	1003.7	0	
125.484	-37.5815	991.553	0	
-149.28	-19.1461	1006.35	0	
-130.945	-20.0681	998.835	0	
-88.2108	-20.7014	981.013	0	
-79.4044	-20.1647	976.519	0	
-69.0712	-23.8522	1009.17	0	
-63.9083	-21.1652	1015.54	0	
-170.883	-17.5118	979.32	0	
-60.3912	-28.8015	1055.88	0	
-142.539	-20.3848	1000.6	0	
-137.301	-25.3948	1000.04	0	
-75.9518	-24.7378	1001.14	0	
28.1379	-24.3055	919.678	0	
-33.802	-20.2609	1034.98	0	
74.8388	-16.6246	982.169	0	
-24.493	-19.3243	916.404	0	
-15.9885	-18.4952	503.072	0	
72.864	-16.2489	986.452	0	
82.6186	-17.8497	988.744	0	
130.128	-22.4583	1010.67	0	
118.387	-17.8562	1014.33	0	
-98.833	-19.9074	988.075	0	
-93.457	-23.7888	988.738	0	
-46.1892	-21.3195	1065.96	0	
8.95501	-19.6117	144.643	0	
-185.37	-6.82375	984.982	0	
-181.563	-3.13452	973.969	0	
-203.649	-6.51258	1024.09	0	
-178.855	-9.69389	972.727	0	
178.925	-5.45056	1020.23	0	
187.331	-10.0473	1044.28	0	
169.098	-11.93	995.778	0	
162.914	-7.06995	977.089	0	
-82.1066	-28.7715	1005.39	0	
23.8389	-27.2516	784.21	0	
-3.50659	-19.6236	47.2253	0	
94.5837	-17.7327	995.968	0	
-83.5699	-23.4232	989.37	0	
-23.4448	-26.8177	757.582	0	
12.0947	-25.5305	198.218	0	
110.604	-32.1261	986.24	0	
-18.527	-24.7557	539.051	0	
-22.1765	-18.5223	848.315	0	
78.0734	-18.6877	985.024	0	
67.3959	-27.5437	1011.12	0	
37.8776	-35.0848	1012.89	0	
120.668	-24.4883	1001.35	0	
-25.0533	-25.4807	866.976	0	
-4.69649	-22.526	56.8313	0	
-134.713	-28.8607	989.2	0	
171.339	-13.0664	1005.88	0	
183.293	-8.77544	1035.5	0	
-75.0605	-29.784	1015.61	0	
-69.3547	-25.9778	1018.07	0	
-143.158	-30.1587	997.908	0	
-153.12	-22.5448	1004.75	0	
20.6293	-28.9929	677.818	0	
26.8956	-25.9732	891.434	0	
-0.0734843	-38.0978	67.8753	0	
18.2624	-35.4478	497.255	0	
181.367	-11.2916	1029.08	0	
222.621	-6.50442	1076.7	0	
131.618	-27.0084	1004.25	0	
-103.588	-31.0933	996.387	0	
36.4801	-29.815	1014.1	0	
-68.161	-31.9259	1035.35	0	
-70.092	-36.9225	1039.72	0	
-23.6074	-39.8837	677.717	0	
131.682	-23.5512	1005.96	0	
28.0878	-31.9235	860.384	0	
26.5008	-34.3276	832.407	0	
-111.046	-23.3866	993.11	0	
-102.821	-27.8362	1004.92	0	
110.069	-27.7546	991.362	0	
95.2781	-20.1444	985.422	0	
-214.806	-7.71479	1033.75	0	
-170.537	-14.9465	977.805	0	
187.093	-7.73472	1046.35	0	
201.91	-11.1467	1067.66	0	
54.6223	-20.7813	1020.06	0	
75.0109	-22.8225	993.801	0	
-36.8427	-17.3827	1041.08	0	
-25.794	-21.6209	919.341	0	
-194.374	-7.79983	1004.89	0	
-196.551	-4.51366	1010.16	0	
72.7231	-24.8006	992.996	0	
129.23	-28.2144	1001.05	0	
42.7661	-28.9462	1046.58	0	
74.0367	-27.7008	1008.63	0	
-64.8019	-34.8059	1052.34	0	
2.75675	-27.8435	30.8641	0	
80.6178	-30.3845	1009.37	0	
218.273	-17.9941	1070.56	0	
-30.6497	-37.7577	893.466	0	
126.154	-34.9127	992.109	0	
-49.4762	-37.0718	1066.15	0	
-35.5693	-35.5972	989.056	0	
98.6473	-24.5167	982.215	0	
156.767	-55.1421	1000.74	0	
121.226	-28.8165	995.58	0	
118.342	-36.2306	985.051	0	
116.359	-29.2743	998.432	0	
113.137	-36.6312	985.076	0	
57.8821	-33.3141	1053.86	0	
120.907	-35.9513	992.546	0	
123.689	-47.5211	979.583	0	
-185.529	-20.0714	991.204	0	
-99.0687	-33.2209	997.674	0	
-107.451	-37.1976	1004.88	0	
64.3059	-41.2793	1037.5	0	
38.4154	-70.085	975.287	0	
11.6962	-39.1305	327.191	0	
-224.736	-3.44405	1040.8	0	
-186.676	-10.8718	988.826	0	
174.09	-28.4753	1019.81	0	
162.904	-15.1801	993.84	0	
-191.999	-11.2845	1000.46	0	
-191.143	-16.7129	999.66	0	
74.0757	-41.2765	1026.99	0	
207.964	-10.2776	1072.64	0	
38.216	-38.104	1008.74	0	
-211.863	-2.86997	1033.81	0	
-232.26	-7.79974	1042.57	0	
131.302	-51.4378	980.971	0	
133.317	-43.7121	989.88	0	
210.173	-9.39849	1074.31	0	
213.118	-5.90955	1076.65	0	
-213.028	-36.3844	1023.03	0	
-227.084	-23.6263	1036.75	0	
102.382	-44.3458	980.334	0	
202.167	-35.5577	1052.61	0	
198.67	-11.2936	1063.47	0	
171.319	-15.6454	1006.92	0	
137.809	-26.3925	1002.3	0	
-55.3298	-19.7393	1044.95	0	
-31.8869	-28.2286	976.269	0	
-54.1266	-37.6627	1068.95	0	
-46.7003	-23.8273	1073.75	0	
-54.9027	-49.6791	1061.77	0	
-34.8251	-22.1646	1034.71	0	
-43.605	-30.9483	1065.86	0	
-38.0951	-44.2186	999.632	0	
40.6706	-21.1458	1038.78	0	
57.4037	-19.5518	1009.7	0	
43.8634	-36.8442	1047.25	0	
48.7302	-24.6934	1045.23	0	
42.0296	-42.3351	1030.21	0	
51.7037	-25.9213	1047.4	0	
44.1914	-31.3678	1051.39	0	
54.0057	-44.6377	1056.83	0	
144.608	-38.8283	995.575	0	
144.151	-46.537	991.151	0	
-166.49	-23.7531	988.414	0	
-67.5402	-53.7556	1045.09	0	
-14.8544	-29.3938	307.317	0	
0.776022	-42.945	199.836	0	
-125.959	-32.8376	993.233	0	
-120.757	-31.7185	1000.53	0	
-97.599	-43.4325	1005.33	0	
-100.771	-21.8049	989.918	0	
-124.684	-48.9029	990.775	0	
-93.1265	-40.7631	1007.47	0	
-221.549	-8.49414	1037.98	0	
-216.543	-14.1795	1032.59	0	
-81.7604	-40.6291	1023.2	0	
110.299	-48.5031	975.319	0	
-44.7223	-34.0161	1061.18	0	
-31.6691	-56.5545	872.567	0	
-45.1347	-63.3356	988.332	0	
17.395	-54.2931	718.354	0	
53.5818	-36.4537	1062.04	0	
107.991	-43.8031	982.12	0	
161.405	-26.0713	1003.47	0	
165.73	-21.513	1005.13	0	
147.765	-40.5165	995.025	0	
177.503	-26.8607	1025.37	0	
-7.30529	-44.5073	251.346	0	
31.6728	-43.7193	911.423	0	
-102.055	-33.5587	1010.41	0	
-96.4533	-23.4053	990.751	0	
-98.25	-38.2477	1001.1	0	
-79.7218	-37.2243	1025.26	0	
-161.46	-45.0777	986.024	0	
-103.437	-54.1155	993.737	0	
-92.9086	-32.52	1010.33	0	
-91.5088	-43.5673	1015.2	0	
154.582	-21.143	996.051	0	
162.396	-40.5304	1009.88	0	
144.273	-50.122	991.829	0	
156.747	-43.6773	1003.17	0	
-199.917	-63.1998	1014.75	0	
-63.7726	-45.9509	1055.45	0	
-88.7079	-52.5433	1011.97	0	
-86.3424	-41.1689	1021.43	0	
158.673	-40.0811	1002.47	0	
176.008	-36.7604	1025.29	0	
-19.7926	-54.0777	691.688	0	
145.533	-60.0257	992.475	0	
194.215	-30.0774	1048.34	0	
182.51	-28.0496	1034.57	0	
91.6857	-41.4265	1006.73	0	
113.392	-39.6876	982.561	0	
-236.359	-10.1933	1042.38	0	
151.236	-50.0714	996.629	0	
136.528	-59.7468	982.08	0	
125.889	-67.7491	973.551	0	
84.8867	-79.3779	984.901	0	
145.276	-67.7159	994.119	0	
-62.5783	-50.5353	1040.25	0	
45.7309	-55.1351	1021.46	0	
61.4542	-65.9561	1018.98	0	
111.611	-69.7969	968.003	0	
66.908	-56.036	1033.15	0	
73.3952	-57.5971	1013.38	0	
189.735	-15.4933	1049	0	
209.25	-26.8921	1061.56	0	
173.591	-52.6273	1018.39	0	
188.065	-60.9401	1034.06	0	
-88.1691	-63.5436	1005.64	0	
186.918	-53.805	1034.62	0	
231.417	-28.4195	1068.18	0	
-86.2773	-57.4077	1016.14	0	
-27.0342	-69.6037	874.755	0	
-139.915	-52.9471	988.307	0	
-70.8928	-62.333	1030.36	0	
-127.637	-80.2886	986.808	0	
16.0775	-59.9942	761.359	0	
-35.4756	-59.6777	944.659	0	
-34.2942	-66.6022	933.16	0	
-47.8542	-116.907	981.909	0	
17.7373	-73.899	883.292	0	
-54.7037	-76.6633	987.982	0	
97.7509	-62.704	993.928	0	
53.1003	-76.3607	999.261	0	
61.7859	-59.218	1026.95	0	
39.6239	-84.0068	969.046	0	
97.0578	-70.6844	974.315	0	
31.104	-81.0279	953.105	0	
128.826	-87.127	994.085	0	
151.716	-71.9483	1000.73	0	
-183.462	-47.6277	1000	0	
15.9567	-39.917	423.824	0	
4.97052	-53.1875	484.563	0	
-0.299684	-63.6098	653.894	0	
-2.62665	-70.7058	779.169	0	
-112.15	-72.881	990.031	0	
-27.7656	-83.5134	930.315	0	
-43.7925	-96.4168	972.855	0	
180.483	-74.9148	1028.56	0	
-104.038	-96.5161	989.834	0	
164.599	-131.76	1023.25	0	
5.06892	-90.279	906.352	0	
219.187	-45.0269	1054.42	0	
216.88	-62.0851	1048.95	0	
-221.397	-62.8668	1026.51	0	
145.442	-93.6311	1001.6	0	
83.1054	-102.327	986.934	0	
67.6993	-82.8334	991.19	0	
-168.509	-88.5405	1009.57	0	
-114.796	-82.8972	992.401	0	
-3.85283	-120.601	962.839	0	
139.674	-107.783	1003.08	0	
149.028	-107.253	1010.45	0	
231.996	-74.2207	1047.33	0	
-135.319	-79.1259	994.692	0	
-174.492	-59.4537	1000.96	0	
-233.93	-76.7833	1027.65	0	
92.7868	-157.323	1004.79	0	
201.111	-76.389	1037.44	0	
-124.447	-88.5529	993.128	0	
139.208	-147.105	1014.91	0	
98.037	-89.4231	988.015	0	
122.023	-101.748	997.28	0	
101.337	-115.464	994.963	0	
97.9999	-98.0174	983.679	0	
-200.475	-101.818	1024.18	0	
-164.543	-114.517	1013.88	0	
-62.21	-87.4534	992.485	0	
-10.4905	-100.943	940.144	0	
125.382	-124.87	1007.04	0	
77.7471	-119.279	988.635	0	
140.309	-136.009	1013.41	0	
47.7398	-119.439	983.033	0	
-53.9402	-111.947	984.901	0	
122.803	-109.148	994.13	0	
103.014	-124.613	993.98	0	
155.733	-133.749	1020.25	0	
168.141	-124.389	1023.33	0	
126.144	-132.906	1006.27	0	
140.07	-153.955	1015.63	0	
78.6718	-140.651	994.183	0	
194.735	-125.836	1032.77	0	
194.926	-63.2076	1038.8	0	
-83.1512	-94.0194	991.619	0	
-63.276	-117.812	988.375	0	
-137.514	-138.268	1013.56	0	
-46.4619	-146.495	984.828	0	
-145.487	-111.023	1007.69	0	
-112.718	-128.296	1002.5	0	
185.582	-128.507	1030.04	0	
225.92	-112.514	1038.48	0	
-214.496	-127.822	1027.5	0	
203.922	-139.169	1033.77	0	
213.209	-110.379	1036.97	0	
159.332	-153.383	1022.96	0	
216.057	-147.11	1034.6	0	
-76.2974	-136.521	997.983	0	
-78.8257	-154.23	999.293	0	
6.24909	-139.825	971.974	0	
55.3433	-155.907	992.502	0	
-159.691	-1.63994	961.555	0	
-159.299	-1.21961	960.804	0	
-159.89	-0.594803	956.735	0	
-159.347	-0.301598	967.58	0	
-159.641	-1.02311	961.624	0	
-158.956	-1.88048	966.846	0	
-158.539	-1.16326	955.734	0	
-159.047	-2.27225	971.422	0	
-158.214	-2.3182	977.677	0	
-158.224	-0.877314	974.508	0	
-159.07	-0.150799	979.358	0	
-160.353	-1.82546	957.399	0	
-159.72	-4.0619	986.533	0	
-157.793	-2.45622	977.659	0	
-157.524	-1.71119	971.01	0	
-157.636	-1.40652	952.619	0	
-158.502	-0.246865	986.368	0	
-159.03	-0.699263	967.451	0	
-158.822	-0.397664	980.673	0	
-159.652	-0.150799	975.267	0	
-159.928	-0.306435	949.207	0	
-160.104	-1.14021	950.901	0	
-159.614	-0.740765	955.772	0	
-161.173	-1.0416	942.422	0	
-160.161	-0.757201	948.33	0	
-160.657	-1.18686	946.088	0	
-160.357	-1.37863	951.936	0	
-159.299	-1.58617	964.272	0	
-160.445	-0.644363	939.537	0	
-160.522	-0.331167	936.762	0	
-160.871	-0.17553	937.774	0	
-160.276	-0.155636	931.874	0	
-161.002	-0.720652	940.679	0	
-160.688	-0.835603	942.347	0	
-161.108	-0.373776	935.79	0	
-160.996	-1.85822	954.315	0	
-160.706	-2.12177	960.343	0	
-162.188	-0.275074	942.574	0	
-161.799	-0.47332	940.349	0	
-161.964	-1.50318	947.749	0	
-161.034	-3.12712	969.138	0	
-160.199	-2.7086	967.813	0	
-161.487	-0.198246	941.062	0	
-160.063	-2.1381	963.786	0	
-163.25	-0.251932	943.854	0	
-161.599	-2.06306	955.669	0	
-159.728	-2.04623	964.225	0	
-159.033	-2.9988	978.904	0	
-160.638	-2.70413	967.651	0	
-159.399	-2.81008	977.533	0	
-158.909	-3.4112	986.371	0	
-158.484	-3.5018	989.372	0	
-161.132	-4.19385	980.999	0	
-160.079	-3.80068	979.345	0	
-159.501	-3.69534	984.319	0	
-158.338	-3.95858	994.653	0	
-157.561	-4.10287	1000.47	0	
-157.53	-3.63108	997.348	0	
-157.871	-3.17498	989.696	0	
-156.957	-2.91212	991.681	0	
-156.875	-0.853245	950.885	0	
-157.881	-1.35311	969.856	0	
-159.694	-4.99024	992.954	0	
-157.847	-0.198932	986.514	0	
-157.293	-4.95928	1007.88	0	
-157.214	-1.84861	967.267	0	
-157.544	-2.23508	977.567	0	
-156.549	-3.14078	998.324	0	
-155.781	-2.54165	999.689	0	
-158.055	-1.54055	959.149	0	
-157.689	-1.90035	965.8	0	
-157.4	-1.14062	962.763	0	
-157.918	-1.0213	943.861	0	
-158.407	-1.49469	970.467	0	
-158.251	-1.97984	970.144	0	
-156.76	-1.68051	966.6	0	
-157.277	-0.158581	908.771	0	
-156.466	-3.57909	1002.85	0	
-155.721	-3.67481	1007.06	0	
-155.941	-2.33601	993.384	0	
-156.3	-1.5845	975.218	0	
-157.695	-0.748363	964.963	0	
-156.845	-0.437076	917.136	0	
-157.15	-1.16593	945.452	0	
-157.143	-0.423415	942.03	0	
-156.214	-0.668059	956.469	0	
-156.474	-1.97537	983.4	0	
-155.792	-1.02002	977.019	0	
-155.864	-0.788657	973.256	0	
-155.905	-0.200158	959.266	0	
-156.785	-3.85773	1003.74	0	
-156.481	-4.52533	1008.77	0	
-155.286	-3.94052	1010.28	0	
-154.896	-3.28762	1009.52	0	
-155.423	-2.26569	1000.57	0	
-155.01	-1.88494	1003.35	0	
-157.076	-1.56926	968.764	0	
-156.673	-1.02445	946.722	0	
-156.171	-1.85949	981.528	0	
-156.633	-1.44839	969.605	0	
-155.917	-2.03011	994.315	0	
-155.943	-1.27946	978.054	0	
-156.432	-0.903936	961.095	0	
-156.232	-1.28398	969.732	0	
-155.129	-1.40996	995.386	0	
-154.532	-0.9605	1001.64	0	
-155.312	-0.113567	979.648	0	
-155.555	-0.606564	974.025	0	
-155.593	-0.313724	979.515	0	
-157.15	-3.5882	998.08	0	
-157.94	-4.21504	999.953	0	
-156.908	-5.33504	1009.31	0	
-155.901	-5.28463	1012.11	0	
-155.639	-4.77826	1012.3	0	
-154.399	-3.90024	1011.25	0	
-154.545	-2.26591	1006.45	0	
-154.693	-1.879	1003.89	0	
-155.523	-2.50827	1000.66	0	
-155.658	-1.99318	992.807	0	
-156.255	-2.47414	993.224	0	
-156.269	-2.85724	997.537	0	
-155.269	-2.72159	1005.65	0	
-154.727	-2.57788	1007.87	0	
-155.144	-2.22719	1002.54	0	
-155.009	-2.53322	1004.69	0	
-154.629	-1.26362	1001.62	0	
-155.271	-0.938466	988.741	0	
-154.57	-2.9913	1008.35	0	
-153.971	-2.67268	1008.75	0	
-153.314	-2.37397	1008.42	0	
-153.393	-1.16016	1006.22	0	
-155.447	-1.1198	986.332	0	
-155.307	-0.656589	990.555	0	
-155.384	-1.35892	991.759	0	
-154.964	-1.22709	997.643	0	
-155.638	-1.51576	986.979	0	
-155.169	-1.6886	996.579	0	
-154.478	-1.58268	1005.21	0	
-154.831	-0.778704	998.375	0	
-153.94	-1.45112	1005.8	0	
-153.135	-0.975396	1005.06	0	
-154.302	-0.368734	1003.12	0	
-154.96	-0.292994	998.291	0	
-153.942	-1.06316	1004.7	0	
-158	-4.90489	1003.34	0	
-157.726	-5.22793	1005.97	0	
-158.512	-4.92578	999.516	0	
-159.111	-5.40413	1002.11	0	
-157.992	-6.20055	1007.88	0	
-157.749	-5.74458	1008.85	0	
-154.664	-6.30578	1013.44	0	
-155.084	-4.8103	1011.84	0	
-154.99	-4.38306	1012	0	
-154.442	-4.36684	1010.89	0	
-154.041	-3.5604	1009.58	0	
-153.541	-2.71989	1009.51	0	
-152.893	-2.39849	1008.74	0	
-152.68	-2.0225	1008.03	0	
-157.568	-6.76297	1010.95	0	
-156.989	-6.4203	1012.25	0	
-157.155	-5.7914	1010.54	0	
-155.625	-5.89709	1013.94	0	
-152.917	-3.86839	1007.95	0	
-153.348	-3.10423	1008.53	0	
-152.719	-3.49504	1006.34	0	
-152.248	-2.79326	1006.62	0	
-151.707	-1.38566	1008.67	0	
-152.693	-0.915212	1007.34	0	
-157.744	-7.54724	1011.21	0	
-156.161	-8.24193	1014.07	0	
-152.664	-4.26278	1006.24	0	
-152.005	-3.20162	1004.18	0	
-151.506	-3.23312	1003.37	0	
-151.25	-2.77787	1002.81	0	
-151.487	-0.717663	1008.99	0	
-152.757	-0.136854	1001.84	0	
-152.483	-1.06455	1009.28	0	
-151.92	-0.272996	1012.16	0	
-153.04	-4.66005	1007.9	0	
-151.951	-4.85305	1003.24	0	
-152.935	-3.12927	1008.39	0	
-152.248	-3.54357	1005.6	0	
-151.243	-3.68212	1000.91	0	
-150.756	-2.80763	1001.85	0	
-148.71	-2.06344	1010.6	0	
-151.048	-1.11988	1006.89	0	
-153.717	-0.277363	1000.14	0	
-152.119	-0.543275	1011.5	0	
-151.949	-4.01902	1003.21	0	
-150.419	-4.26884	998.295	0	
-152.188	-0.113946	1012.95	0	
-152.136	-1.74292	1007.88	0	
-152.941	-0.269865	1002.99	0	
-152.911	-1.07645	1007.91	0	
-152.862	-0.52697	1003.95	0	
-153.672	-0.917953	1003.38	0	
-152.775	-1.36002	1008.24	0	
-152.487	-1.33495	1008.96	0	
-152.436	-0.521079	1009.1	0	
-152.444	-0.2508	1012.6	0	
-153.438	-0.088056	1001.09	0	
-152.131	-1.00519	1010.65	0	
-153.111	-0.676891	1005.26	0	
-154.029	-0.189307	999.368	0	
-153.293	-0.507843	1001.79	0	
-154.244	-0.800713	1001.46	0	
-153.597	-0.564138	1002.52	0	
-151.779	-1.72535	1007.83	0	
-151.989	-1.269	1009.21	0	
-151.421	-1.9521	1005.83	0	
-151.004	-1.65057	1006.47	0	
-154.177	-1.67741	1006.04	0	
-153.23	-1.69381	1008.03	0	
-151.943	-0.757793	1010.83	0	
-151.393	-1.08172	1008.41	0	
-151.607	-0.15905	1008.87	0	
-154.021	-2.02865	1007.65	0	
-153.432	-2.04551	1008.64	0	
-150.334	-0.85179	1007.79	0	
-151.35	-0.389199	1009.85	0	
-153.7	-1.60734	1007.39	0	
-153.723	-1.9487	1007.73	0	
-150.349	-0.183316	1005.46	0	
-150.993	-0.230149	1006.24	0	
-150.22	-1.24213	1007.36	0	
-149.375	-0.330536	1014.23	0	
-150.367	-2.51929	1002.1	0	
-148.864	-1.36442	1014.2	0	
-149.688	-0.146076	1015.35	0	
-150.021	-0.631235	1010.04	0	
-150.717	-0.413465	1005.57	0	
-149.473	-2.02357	1006.5	0	
-149.536	-2.59476	1004.68	0	
-148.063	-1.46019	1019.7	0	
-147.64	-0.886401	1024.17	0	
-149.672	-0.879436	1010.87	0	
-149.375	-0.762052	1016.07	0	
-148.736	-0.525939	1018.89	0	
-157.24	-3.08091	993.714	0	
-162.646	-0.527006	946.847	0	
-157.656	-2.85585	986.905	0	
-160.652	-3.75273	977.073	0	
-160.929	-7.62773	998.307	0	
-154.645	-5.28655	1012.83	0	
-154.14	-5.17918	1010.75	0	
-154.924	-5.86696	1012.45	0	
-153.569	-4.49678	1009	0	
-153.817	-5.59664	1011.43	0	
-153.295	-5.5606	1008.16	0	
-151.116	-6.9634	1001.54	0	
-152.323	-5.18766	1005.9	0	
-151.491	-5.00135	1001.83	0	
-151.442	-4.12608	1002.02	0	
-151.347	-5.56104	1000.91	0	
-150.819	-5.73295	999.319	0	
-152.219	-5.68095	1004.5	0	
-151.704	-5.90602	1003.06	0	
-149.985	-6.46561	995.906	0	
-149.328	-5.24312	994.596	0	
-149.886	-4.37504	997.471	0	
-149.194	-3.55415	998.965	0	
-164.092	-0.541231	945.563	0	
-163.112	-1.52992	948.465	0	
-154.901	-7.15572	1013.04	0	
-152.333	-7.07452	1007.04	0	
-152.788	-5.93613	1008.16	0	
-153.678	-6.7289	1011.17	0	
-149.951	-5.03478	995.974	0	
-149.316	-5.92937	994.512	0	
-152.925	-6.55825	1007.12	0	
-149.663	-8.92298	998.365	0	
-147.455	-5.96167	991.629	0	
-148.75	-4.65859	995.19	0	
-162.63	-1.25864	945.659	0	
-162.363	-3.15252	964.35	0	
-159.471	-4.39733	992.657	0	
-159.638	-3.1644	976.886	0	
-159.076	-4.22581	990.187	0	
-159.138	-3.75342	987.453	0	
-148.447	-1.60105	1015.15	0	
-149.126	-1.8268	1011	0	
-150.305	-2.12269	1004.66	0	
-149.898	-2.76116	1002.13	0	
-149.96	-3.25573	999.806	0	
-149.657	-3.78117	999.312	0	
-148.274	-3.56953	1000.5	0	
-148.656	-2.52776	1007.79	0	
-147.698	-3.96452	1000.08	0	
-147.003	-3.74537	1003.45	0	
-147.706	-1.81184	1017.87	0	
-147.287	-1.11855	1024.09	0	
-147.744	-2.26225	1013.38	0	
-146.903	-2.28388	1017.79	0	
-146.931	-0.877595	1030.16	0	
-146.452	-2.95758	1012	0	
-148.19	-2.62486	1008.68	0	
-147.436	-2.97343	1009.37	0	
-146.48	-2.49282	1014.41	0	
-146.072	-1.7929	1021.3	0	
-146.489	-1.55626	1025.51	0	
-146.784	-0.209606	1036.54	0	
-148.36	-0.540851	1021.11	0	
-148.27	-0.199371	1019.75	0	
-145.643	-2.94872	1014.25	0	
-145.215	-1.75549	1024.21	0	
-146.233	-0.421715	1025.23	0	
-146.984	-3.21131	1005.97	0	
-145.638	-4.34185	1000.97	0	
-145.238	-3.17504	1010.72	0	
-144.799	-1.51885	1029.67	0	
-144.761	-1.06001	1030.51	0	
-145.699	-0.212109	1034.06	0	
-145.72	-1.0772	1026.96	0	
-145.252	-0.840598	1033.15	0	
-146.465	-3.9597	1001.88	0	
-146.478	-4.52547	999.232	0	
-145.635	-3.88348	1003.71	0	
-144.411	-3.70886	1008.78	0	
-144.805	-2.4945	1018.51	0	
-143.544	-1.77254	1028.36	0	
-145.259	-4.55931	998.192	0	
-144.821	-3.91477	1004.22	0	
-143.971	-3.97847	1003.71	0	
-143.584	-3.25899	1011.04	0	
-144.374	-2.26126	1023.95	0	
-144.002	-3.03085	1016.8	0	
-145.245	-5.17448	995.709	0	
-143.431	-4.88226	996.637	0	
-143.94	-4.55302	1001.07	0	
-142.986	-4.54131	1002.85	0	
-143.198	-2.99941	1017.76	0	
-143.982	-2.53683	1019.78	0	
-142.696	-1.78929	1029.7	0	
-143.138	-1.05287	1035.01	0	
-145.769	-5.29152	995.281	0	
-145.716	-6.90742	988.468	0	
-144.676	-5.31467	994.354	0	
-143.629	-5.66396	992.17	0	
-142.796	-3.14634	1013.16	0	
-142.279	-1.55265	1033.71	0	
-141.757	-0.879786	1039.5	0	
-143.62	-0.427441	1033.8	0	
-144.476	-0.214058	1031.97	0	
-143.962	-1.09644	1032.48	0	
-143.076	-3.94211	1004.48	0	
-141.128	-3.72445	1010.49	0	
-142.305	-2.56179	1021.56	0	
-141.778	-2.34261	1026.21	0	
-142.684	-0.835938	1038.28	0	
-143.134	-0.195211	1036.45	0	
-145.175	-0.426167	1030.91	0	
-144.337	-0.877804	1033.23	0	
-141.512	-4.17313	1003.41	0	
-142.03	-4.15059	1004.39	0	
-141.962	-3.29329	1012.49	0	
-142.224	-3.73313	1008.27	0	
-141.066	-2.85357	1019.94	0	
-141.041	-1.74964	1030.69	0	
-140.526	-3.83931	1006.37	0	
-140.455	-2.18367	1024.74	0	
-142.421	-4.65617	999.201	0	
-142.176	-6.00075	989.171	0	
-139.413	-6.14218	994.143	0	
-138.923	-5.3984	997.499	0	
-141.016	-1.05883	1036.47	0	
-141.457	-1.58391	1033.59	0	
-140.877	-2.11412	1026.14	0	
-140.11	-1.51824	1031.47	0	
-140.312	-0.180445	1040.18	0	
-142.188	-0.215758	1040.49	0	
-140.312	-0.902224	1036.53	0	
-140.715	-0.773846	1038.43	0	
-141.444	-0.232511	1040.21	0	
-140.715	-0.412956	1039.6	0	
-142.613	-0.410969	1039.74	0	
-142.258	-1.07224	1036.28	0	
-140.417	-1.31903	1034.36	0	
-139.367	-0.368081	1030.36	0	
-139.413	-2.60595	1022.9	0	
-139.693	-1.28762	1032.41	0	
-139.055	-0.187659	1029.59	0	
-140	-0.360867	1038.24	0	
-137.93	-2.53914	1026.21	0	
-139.368	-1.48718	1030.28	0	
-139.049	-1.29991	1031.47	0	
-138.698	-0.755164	1030.29	0	
-139.054	-0.927111	1031.24	0	
-137.996	-0.883151	1033.6	0	
-138.186	-0.194684	1029.1	0	
-140	-0.721756	1035.25	0	
-139.687	-0.907943	1033.68	0	
-138.833	-2.57548	1024.54	0	
-137.701	-1.66228	1033.77	0	
-138.633	-1.36479	1030.65	0	
-138.393	-0.999021	1033.49	0	
-141.269	-2.47635	1021.65	0	
-140.471	-2.6506	1021.35	0	
-137.698	-1.18739	1036.31	0	
-136.977	-1.57338	1035.26	0	
-137.989	-1.88939	1031.02	0	
-137.025	-0.807698	1037.19	0	
-137.204	-1.16217	1035.69	0	
-136.381	-0.716214	1030.25	0	
-138.429	-2.87452	1021.41	0	
-137.493	-2.81561	1025.18	0	
-136.381	-1.50597	1032.38	0	
-135.964	-1.00328	1036.16	0	
-139.162	-3.9185	1009	0	
-137.135	-2.40251	1027.34	0	
-137.32	-3.51408	1016.11	0	
-136.307	-3.10513	1021.52	0	
-162.173	-3.97115	969.025	0	
-162.833	-4.63381	974.236	0	
-165.125	-0.240714	945.389	0	
-164.673	-0.856898	946.095	0	
-155.761	-7.3667	1015.12	0	
-155.555	-9.06274	1014.56	0	
-154.173	-7.4442	1012.83	0	
-153.006	-8.5545	1010.62	0	
-147.999	-0.991407	1021.74	0	
-147.583	-0.435844	1029.49	0	
-140.532	-5.10055	997.933	0	
-137.848	-4.00956	1013.62	0	
-135.217	-2.51583	1025.61	0	
-136.569	-2.53849	1029.22	0	
-161.705	-2.7496	961.839	0	
-163.174	-2.81221	958.419	0	
-139.332	-4.63995	1003.64	0	
-138.144	-5.53989	1000.85	0	
-136.382	-4.29823	1008.86	0	
-135.562	-3.07288	1023.94	0	
-163.965	-3.46057	961.679	0	
-163.815	-4.46353	964.241	0	
-137.611	-4.85847	1003.76	0	
-135.431	-5.28195	1005.12	0	
126.25	-0.733115	1008.56	0	
127.292	-1.40127	1006.95	0	
36.25	-0.467065	1007.15	0	
37.2917	-1.40127	1003.47	0	
33.75	-0.733115	1018.08	0	
34.7917	-1.40127	1011.31	0	
-136.25	-0.309913	1037.4	0	
-135.109	-0.715414	1034.85	0	
132.5	-0.467065	1031.4	0	
133.533	-1.03873	1006.83	0	
141.63	-0.549836	1034.2	0	
141.873	-1.2741	1027.12	0	
140.312	-0.215758	1042.8	0	
142.123	-0.548463	1033.32	0	
141.04	-1.16738	1027.42	0	
140	-0.399074	1015.24	0	
141.005	-0.248238	1042.59	0	
140.104	-1.01391	1020.84	0	
139.684	-1.63535	1018.81	0	
141.873	-1.64065	1024.9	0	
141.037	-3.07489	1005.98	0	
141.319	-1.99842	1015.53	0	
142.4	-1.98015	1019.75	0	
142.711	-1.16326	1028.11	0	
142.234	-2.62467	1013.19	0	
142.635	-3.18996	1007.6	0	
143.026	-0.877314	1035.2	0	
142.331	-0.246865	1039.22	0	
143.397	-0.995869	1032.1	0	
143.194	-0.198932	1033.67	0	
143.25	-1.92294	1024.63	0	
144.056	-0.916272	1033.29	0	
143.547	-2.46168	1018.49	0	
144.121	-2.35629	1023.38	0	
144.374	-0.73469	1037.85	0	
143.714	-0.383151	1033.75	0	
144.755	-1.49799	1033.37	0	
144.766	-0.960105	1033.57	0	
146.009	-1.61989	1027.09	0	
144.688	-0.18384	1037.84	0	
145.312	-0.17941	1040.84	0	
146.524	-0.989685	1033.12	0	
145.001	-0.36325	1037.21	0	
145.641	-1.42736	1033.66	0	
146.212	-0.719937	1036.21	0	
145.536	-0.938615	1034.21	0	
145.938	-0.161768	1038.29	0	
145.625	-0.341178	1037.12	0	
146.961	-0.885863	1033.86	0	
146.586	-0.208597	1036.28	0	
147.265	-1.17317	1029.61	0	
148.145	-0.715024	1034.74	0	
144.612	-2.7738	1012.86	0	
146.961	-0.454347	1033.92	0	
145.172	-1.79951	1025.61	0	
143.813	-3.70622	1003.21	0	
146.69	-2.84003	1014.49	0	
141.497	-2.6402	1012.8	0	
140.424	-2.82072	1010.9	0	
142.312	-3.9528	999.376	0	
142.761	-4.62072	995.083	0	
100.141	-0.463959	1008.04	0	
100.901	-0.895475	1000.99	0	
99.5161	-0.298492	996.928	0	
99.7362	-1.5371	1007.84	0	
101.119	-1.26208	1002.04	0	
102.151	-1.33328	999.115	0	
100.864	-1.63768	1007.15	0	
101.536	-1.49872	1007.85	0	
100.449	-1.67606	1007.6	0	
100.866	-2.40408	1009.36	0	
100.153	-1.30046	1007.52	0	
99.7911	-2.05163	1008.42	0	
101.061	-2.8195	1010.07	0	
101.528	-2.84274	1009.39	0	
99.4824	-2.47436	1009.15	0	
99.3263	-3.39705	1008.06	0	
100.807	-3.18541	1009.83	0	
101.042	-3.62226	1009.44	0	
102.254	-3.23856	1009.38	0	
102.515	-2.77519	1009.26	0	
98.6339	-1.85394	1005.79	0	
98.5659	-2.88824	1007.49	0	
100.14	-2.80429	1009.77	0	
99.573	-3.73227	1008.27	0	
101.039	-4.42493	1007.68	0	
101.528	-4.47529	1008.34	0	
102.957	-3.70874	1009.26	0	
103.001	-2.80555	1009.1	0	
103.327	-2.38308	1007.09	0	
102.597	-1.7875	1008.24	0	
99.4458	-4.4194	1005.91	0	
100.319	-3.95085	1008.65	0	
100.262	-4.5084	1006.67	0	
101.514	-6.8419	1002.11	0	
102.223	-4.92874	1007.1	0	
102.963	-4.60609	1007.87	0	
103.753	-4.30568	1007.17	0	
103.221	-3.33638	1007.92	0	
100.327	-3.1705	1009.76	0	
99.6342	-2.88081	1009.05	0	
98.5266	-4.14162	1005.32	0	
100.39	-6.40721	1002	0	
100.714	-4.8082	1007.18	0	
99.9237	-5.51299	1003.96	0	
102.438	-5.47601	1005.26	0	
103.214	-4.22273	1007.23	0	
102.249	-4.05228	1008.99	0	
102.479	-4.50309	1007.29	0	
99.5596	-5.98715	1002.31	0	
100.844	-5.40007	1005.32	0	
101.863	-5.84421	1004.84	0	
103.157	-5.11823	1005.84	0	
103.108	-6.23728	1003.98	0	
104.523	-6.43681	1004.72	0	
105.676	-5.54602	997.322	0	
104.724	-4.63008	1002.07	0	
103.949	-2.53086	1008.49	0	
103.736	-1.45826	1001.16	0	
104.145	-4.86866	1007.5	0	
104.734	-3.68405	1009.69	0	
99.8199	-6.58305	1001.24	0	
100.432	-5.78636	1004	0	
103.864	-3.15429	1008.94	0	
105.173	-2.92664	998.418	0	
99.5526	-7.27788	999.066	0	
99.9554	-7.86041	998.438	0	
97.4566	-1.47616	1002.65	0	
97.9255	-2.96229	1006.19	0	
97.613	-3.64836	1004.67	0	
98.7784	-3.46324	1007.13	0	
101.857	-7.5835	999.712	0	
102.784	-6.75161	1002.94	0	
98.981	-6.02183	1001.63	0	
98.4295	-8.05171	997.225	0	
96.8262	-1.80115	1006.07	0	
96.9304	-2.50175	1003.05	0	
96.9999	-3.84197	1004.4	0	
97.7126	-4.93352	1002.91	0	
100.655	-7.58882	999.325	0	
102.852	-7.34374	1000.35	0	
99.6676	-8.70703	996.225	0	
101.967	-9.07329	998.616	0	
96.3277	-2.88512	1006.57	0	
95.8687	-4.5096	1001.6	0	
97.9684	-5.54235	1001.45	0	
98.9472	-4.76257	1005.45	0	
102.508	-8.55208	998.298	0	
104.023	-9.36024	996.353	0	
103.349	-8.51016	999.256	0	
105.502	-9.19179	999.308	0	
95.5533	-2.50643	1000.17	0	
95.0751	-3.44272	1001.3	0	
95.2053	-4.80603	1003.47	0	
95.2142	-7.30682	998.823	0	
97.4109	-6.29377	1000.12	0	
98.6011	-6.70064	999.595	0	
96.6812	-5.99796	999.649	0	
95.1176	-5.45361	999.885	0	
97.7405	-6.91269	998.747	0	
96.9712	-8.37971	996.106	0	
97.3089	-9.52077	993.457	0	
98.782	-8.81541	995.437	0	
-103.75	-0.467065	1004.05	0	
-102.708	-1.40127	1004.77	0	
-105	-0.532098	991.365	0	
-103.958	-0.898582	1011	0	
-130	-0.733115	1041.96	0	
-128.958	-1.40127	1034.28	0	
-101.875	-0.165467	994.813	0	
-102.5	-0.467065	994.614	0	
-134.06	-0.184751	1037.5	0	
-132.708	-1.33638	1033.82	0	
-99.8074	-0.53519	1019.79	0	
-98.9667	-1.03853	998.416	0	
-100.537	-0.783538	1007.59	0	
-100.205	-1.09072	1013.38	0	
-100.722	-1.82897	1009.96	0	
-100.224	-0.233592	1012.86	0	
-99.3996	-1.64353	1004.41	0	
-101.354	-0.348783	991.975	0	
-100.938	-0.183316	1006.86	0	
-101.481	-1.47589	1006.33	0	
-100.943	-0.916578	1004.59	0	
-102.405	-1.81609	1008.75	0	
-100.841	-2.4326	1002.58	0	
-100.243	-2.97021	1006.16	0	
-99.8514	-1.94325	1009.71	0	
-102.748	-2.56265	1004.91	0	
-101.501	-2.36442	1006.2	0	
-103.765	-2.81649	1003.72	0	
-103.05	-4.94033	991.405	0	
-135.104	-0.348783	1034.73	0	
-134.372	-0.368067	1037.67	0	
-134.688	-0.183316	1043.42	0	
-134.054	-0.921265	1034.19	0	
-133.643	-0.486349	1035.14	0	
-135.231	-1.47589	1032.49	0	
-134.693	-0.916578	1034.44	0	
-134.059	-1.4002	1032.86	0	
-133.328	-1.33964	1031.46	0	
-135.515	-1.97709	1031.66	0	
-133.099	-3.27598	1018.56	0	
-134.499	-1.70806	1030.84	0	
-134.618	-2.31168	1029.11	0	
-134.137	-2.61542	1023.88	0	
-134.181	-3.23281	1020.79	0	
-132.546	-3.63106	1014.39	0	
-132.064	-2.66605	1023.63	0	
-135.006	-3.48612	1017.69	0	
-134.669	-5.51077	1003.55	0	
-133.168	-4.82672	1006.08	0	
-130.118	-4.75099	1003.49	0	
-131.418	-2.09786	1027.07	0	
-132.371	-1.73087	1028.53	0	
-135.317	-6.82549	997.105	0	
-131.544	-5.95495	997.754	0	
-131.322	-3.62266	1012.88	0	
-131.314	-4.34443	1006.82	0	
-132.919	-5.80271	999.47	0	
-132.174	-5.63279	1001.05	0	
-96.25	-0.36376	989.086	0	
-95.6225	-0.368067	994.955	0	
-95.9375	-0.183316	987.159	0	
-95.3053	-0.920708	998.905	0	
-94.924	-0.736598	993.363	0	
-97.1875	-0.180456	983.94	0	
-96.875	-0.360901	991.812	0	
-96.5652	-1.28335	996.553	0	
-95.9375	-0.913707	996.122	0	
-95.94	-1.27666	997.606	0	
-94.614	-0.983364	998.732	0	
-97.5334	-0.380108	1007.52	0	
-96.5625	-0.180445	983.21	0	
-97.5364	-0.742721	998.808	0	
-97.1905	-0.903958	1001.93	0	
-95.8428	-1.97917	1003.87	0	
-95.6319	-2.50014	1006.64	0	
-94.8955	-2.10871	1005.64	0	
-94.1877	-0.886972	985.046	0	
-94.4103	-0.182522	977.555	0	
-98.0542	-0.199652	1014.7	0	
-98.9226	-0.553653	1007.03	0	
-97.82	-2.06779	1006.74	0	
-96.5969	-2.06434	1005.31	0	
-96.2606	-1.86147	1001.76	0	
-95.6291	-1.5893	1002.63	0	
-95.0568	-2.61432	1005.02	0	
-94.5135	-2.09548	1001.89	0	
-97.8488	-0.993781	1003.51	0	
-97.264	-1.30046	1000.13	0	
-97.3252	-2.11605	1006.25	0	
-97.0361	-3.26944	1004.93	0	
-94.7482	-3.14016	1006.15	0	
-94.4581	-1.6563	1003.19	0	
-97.9904	-1.70934	1007.31	0	
-96.6951	-2.83371	1006.11	0	
-96.6434	-4.0201	1002.12	0	
-96.0743	-2.9351	1005.6	0	
-94.1236	-2.439	1004.46	0	
-93.9395	-1.1993	994.832	0	
-98.4818	-1.61726	1005.45	0	
-98.9348	-2.32299	1005.89	0	
-97.6135	-2.71528	1006.46	0	
-97.0726	-3.72546	1001.9	0	
-97.5053	-3.11756	1004.11	0	
-97.8848	-3.46142	1004.08	0	
-98.4521	-3.22314	1002.66	0	
-98.6052	-4.65548	999.108	0	
-94.0941	-1.58953	995.519	0	
-93.4661	-1.16284	987.543	0	
-98.2268	-0.883223	1005.84	0	
-98.4352	-0.451707	999.884	0	
-94.197	-2.97808	1003.43	0	
-92.5895	-2.5273	999.333	0	
-93.6775	-1.82617	998.849	0	
-93.272	-1.55806	995.192	0	
-92.6516	-1.49472	996.815	0	
-92.4433	-0.826565	988.961	0	
-98.8985	-1.8539	1009.38	0	
-98.55	-1.16845	1007.01	0	
-95.235	-3.75636	1002.49	0	
-94.9013	-4.26828	1003.61	0	
-99.5346	-2.40672	1007.36	0	
-98.9378	-3.47901	1004.95	0	
-93.2958	-3.1769	1002.05	0	
-92.5453	-3.94918	999.45	0	
-92.3003	-3.03583	999.404	0	
-92.8289	-3.44844	1001.42	0	
-91.4317	-4.14511	996.175	0	
-90.9287	-3.37723	995.054	0	
-91.5076	-4.70576	994.942	0	
-90.535	-4.76151	992.947	0	
-90.0273	-3.94878	992.992	0	
-91.1389	-2.53661	993.447	0	
-92.7652	-4.50204	997.564	0	
-89.8644	-6.76994	988.305	0	
-90.0515	-5.19459	992.038	0	
-89.0221	-4.11041	991.85	0	
-89.4755	-2.60712	990.706	0	
-90.5026	-2.57202	992.672	0	
-89.5297	-4.32926	992.841	0	
-89.5145	-3.15431	991.886	0	
-88.9943	-2.36489	989.285	0	
-89.8146	-1.71957	985.754	0	
-88.5085	-4.44524	991.933	0	
-87.8119	-2.37238	990.862	0	
-88.5204	-3.24649	991.028	0	
-87.8407	-1.80952	985.728	0	
-87.9355	-3.63422	991.7	0	
-87.3918	-3.02052	989.063	0	
-97.3838	-5.10343	997.375	0	
-95.1643	-4.88766	996.579	0	
-97.1175	-6.52458	985.07	0	
-97.9139	-4.45039	993.966	0	
-94.531	-5.35769	997.365	0	
-93.7767	-5.26561	994.8	0	
-93.563	-4.63797	1000.08	0	
-92.5866	-5.71048	992.501	0	
-92.3654	-6.45447	990.155	0	
-93.6616	-7.12398	986.279	0	
-88.48	-5.07006	990.49	0	
-87.8194	-5.18745	991.043	0	
-89.5259	-5.0229	991.653	0	
-88.7511	-6.08789	988.574	0	
-86.7592	-5.83191	990.294	0	
-86.5677	-4.62952	991.202	0	
-94.92	-6.60506	989.935	0	
-93.4188	-5.89739	993.303	0	
-90.4025	-6.01303	990.323	0	
-88.9314	-6.70638	987.732	0	
-88.2763	-7.46159	986.45	0	
-88.0406	-6.21612	989.003	0	
-87.1112	-7.22688	987.507	0	
-84.3811	-4.92309	990.594	0	
-95.9682	-5.27124	996.219	0	
-93.4372	-8.4905	983.193	0	
-89.2337	-8.46129	984.39	0	
-86.7634	-8.12318	984.195	0	
-94.5233	-6.09619	990.419	0	
-94.5523	-7.71191	983.589	0	
-95.1503	-8.44912	980.803	0	
-94.9575	-9.61995	976.651	0	
-93.155	-9.29434	979.402	0	
-92.9837	-7.27986	987.562	0	
-92.0002	-9.4626	979.35	0	
-91.647	-6.56269	990.176	0	
-92.8294	-8.03557	984.052	0	
-91.5509	-8.79933	982.115	0	
-52.3589	-0.463959	994.459	0	
-51.5995	-0.895475	986.513	0	
-52.9839	-0.298492	975.798	0	
-52.5672	-1.39816	995.627	0	
-51.1828	-1.39816	991.56	0	
-50.0576	-1.38607	1005.01	0	
-50.4743	-0.286396	956.943	0	
-49.0995	-0.895475	999.594	0	
-50.6154	-1.25304	978.074	0	
-49.6409	-0.88338	981.683	0	
-48.6828	-1.39816	972.928	0	
-47.8495	-1.39816	990.905	0	
-38.7836	-0.382852	1003.96	0	
-38.1225	-0.368067	1009.11	0	
-38.4375	-0.183316	994.368	0	
-37.7418	-1.44766	1011.11	0	
-37.7334	-0.962924	1023.08	0	
-39.3044	-0.199537	1001.23	0	
-39.6898	-0.450476	1012.82	0	
-36.4671	-1.62347	1022.78	0	
-37.4759	-0.374251	1030.67	0	
-39.1012	-0.997684	1009.99	0	
-38.9811	-1.47589	1011.93	0	
-36.9497	-0.956174	1028.39	0	
-36.9576	-0.1895	1040.91	0	
-39.7315	-1.71458	1011.28	0	
-37.8732	-3.19932	1005.32	0	
-36.867	-1.43483	1013.1	0	
-36.1103	-0.721763	1027.57	0	
-40.625	-0.153405	1004.55	0	
-40.1482	-1.95122	1011.79	0	
-36.3988	-2.19405	1009.18	0	
-35.0374	-1.43735	1015.81	0	
-41.0677	-0.406896	1000.38	0	
-40.6269	-1.13932	1012.9	0	
-39.7936	-1.17375	1014.09	0	
-40.2103	-0.895635	1009.78	0	
-36.7915	-2.57534	1015.87	0	
-36.3345	-3.45954	1006.53	0	
-35.4831	-2.20964	1005.85	0	
-33.8782	-1.87522	1017.86	0	
-42.1875	-0.215758	999.645	0	
-41.453	-1.17963	1005.17	0	
-40.3046	-2.51265	1004.71	0	
-39.002	-2.43977	1011.07	0	
-42.6042	-0.582389	1001.19	0	
-41.4843	-0.253491	1000.65	0	
-42.3958	-1.01391	1004.34	0	
-42.2702	-1.63483	1002.16	0	
-40.6269	-1.65407	1007.64	0	
-40.9756	-3.66603	994.762	0	
-41.1972	-1.99946	1005.66	0	
-38.2528	-1.71386	1018.36	0	
-38.3722	-2.31748	1010.1	0	
-37.3179	-2.31912	1010.31	0	
-37.854	-2.62122	1015.79	0	
-36.2868	-4.33394	1000.35	0	
-33.5141	-3.91215	993.178	0	
-34.8379	-2.38501	1009.21	0	
-34.5998	-3.14684	997.114	0	
-41.0015	-2.55755	1004.38	0	
-40.2593	-3.80869	997.264	0	
-39.2057	-3.0877	1005.63	0	
-36.8523	-4.82493	996.941	0	
-37.4457	-4.2724	1001.78	0	
-36.9534	-6.07881	996.579	0	
-35.4612	-4.44017	1000.68	0	
-33.9179	-4.83618	999.775	0	
-33.5193	-2.51181	997.847	0	
-33.9436	-3.24468	1002.07	0	
-42.0619	-3.08692	991.774	0	
-43.6968	-4.14034	980.912	0	
-39.8164	-4.7481	988.69	0	
-38.5952	-3.5435	1006.78	0	
-38.2921	-4.30327	995.799	0	
-37.9975	-6.27082	988.027	0	
-41.4656	-4.21697	988.496	0	
-42.1381	-3.8539	987.633	0	
45	-0.733115	975.017	0	
46.0417	-1.40127	985.177	0	
48.8911	-0.463959	980.173	0	
49.6505	-0.895475	987.886	0	
48.2661	-0.298492	973.134	0	
48.6828	-1.39816	993.872	0	
50.0672	-1.39816	1001.05	0	
50.9005	-1.32754	990.087	0	
35	-0.467065	1008.31	0	
36.0417	-0.898582	1008.06	0	
151.875	-0.399074	1024.83	0	
150.312	-0.150663	1021.44	0	
151.783	-1.07299	1020.19	0	
151.889	-0.690646	1019.26	0	
152.089	-1.66621	1018.13	0	
151.679	-0.857235	1022.19	0	
152.122	-1.10459	1018.35	0	
151.242	-0.494864	1023.24	0	
151.083	-1.10359	1022.5	0	
150.53	-1.66778	1023.61	0	
151.22	-1.38596	1022.38	0	
151.06	-2.03207	1020.73	0	
151.51	-2.03801	1018.98	0	
152.811	-0.895913	1012.29	0	
152.507	-0.367713	1019.04	0	
152.699	-2.00158	1013.59	0	
152.831	-1.73194	1013.37	0	
153.146	-1.22717	1007.37	0	
152.819	-0.184397	1006.03	0	
153.643	-1.42858	1002.95	0	
153.894	-0.659912	995.522	0	
152.85	-1.2147	1011.79	0	
153.144	-0.370721	1007.47	0	
153.32	-0.910311	1006.85	0	
152.648	-1.44528	1014.12	0	
153.198	-1.73313	1008.59	0	
153.609	-0.87344	997.937	0	
153.45	-0.186323	997.839	0	
152.289	-1.37362	1018.22	0	
152.316	-2.00751	1016.5	0	
152.135	-2.36357	1015.95	0	
152.742	-2.68693	1012.45	0	
153.767	-1.15992	1000.44	0	
154.477	-0.304672	982.266	0	
153.818	-1.68713	1003.6	0	
154.917	-1.88276	995.884	0	
153.31	-1.45895	1008.36	0	
154.194	-0.834478	992.78	0	
153.492	-2.05534	1008.67	0	
154.291	-1.4145	997.833	0	
153.779	-2.03971	1004.71	0	
154.879	-1.54156	994.363	0	
154.147	-0.180445	991.436	0	
152.944	-2.35108	1012.38	0	
154.181	-2.72583	1004.93	0	
155.613	-0.306304	999.574	0	
155.019	-0.494535	988.504	0	
154.075	-2.26545	1003.62	0	
154.162	-1.70614	1000.37	0	
153.763	-2.84839	1007.09	0	
154.647	-2.12485	998.801	0	
154.478	-3.80155	1003.6	0	
154.727	-2.50979	1000.82	0	
154.752	-3.34544	1000.69	0	
155.132	-3.15104	999.127	0	
155.521	-2.31335	995.277	0	
155.167	-1.02925	992.131	0	
152.316	-2.69349	1014.51	0	
153.551	-3.2527	1008.33	0	
153.666	-4.93915	1002.2	0	
156.492	-3.67556	991.96	0	
155.881	-2.41095	992.96	0	
155.071	-2.64076	997.653	0	
155.446	-1.94029	994.026	0	
155.814	-2.83985	994.02	0	
156.343	-2.94925	991.363	0	
156.635	-2.65573	988.736	0	
155.871	-3.91443	994.204	0	
158.034	-3.00438	978.61	0	
157.134	-2.64411	983.771	0	
156.672	-2.01873	986.32	0	
150.603	-1.07517	1024.54	0	
150.909	-1.70421	1021.35	0	
150.93	-0.279106	1020.46	0	
150.052	-0.645818	1028.26	0	
149.891	-1.27804	1027.08	0	
149.136	-1.69383	1026.3	0	
149.313	-2.53384	1018.36	0	
150.785	-2.42227	1018.24	0	
150.28	-2.45162	1019.83	0	
151.441	-2.78889	1015.33	0	
155.017	-0.247216	988.871	0	
155.581	-0.542423	992.896	0	
155.387	-0.850069	991.597	0	
155.931	-0.909325	991.169	0	
155.925	-0.183316	995.45	0	
155.282	-0.606426	992.635	0	
155.685	-0.786066	994.028	0	
156.011	-1.36434	991.102	0	
157.428	-0.435612	991.321	0	
157.188	-0.154234	985.952	0	
156.562	-0.17795	993.339	0	
154.705	-0.124228	982.952	0	
154.687	-0.551991	988.588	0	
154.598	-1.35699	994.227	0	
155.237	-1.32739	992.449	0	
152.057	-3.22445	1012.42	0	
153.822	-3.76445	1005.26	0	
150.982	-2.82391	1016.88	0	
150.943	-4.18892	1008.68	0	
152.498	-3.53747	1010.98	0	
152.165	-4.60844	1006.01	0	
157.59	-3.09058	980.919	0	
157.369	-1.73514	979.142	0	
150.014	-0.324332	1027.84	0	
150.617	-0.429769	1024.19	0	
150.447	-0.751255	1023.99	0	
149.062	-0.197936	1036.89	0	
149.389	-0.371604	1037.8	0	
148.748	-0.380151	1035.06	0	
149.702	-0.173669	1038.06	0	
149.174	-0.824312	1033.46	0	
147.584	-0.411927	1034.08	0	
147.834	-0.166177	1034.63	0	
149.639	-1.03661	1029.77	0	
149.407	-0.655217	1034.21	0	
148.841	-0.722914	1035.09	0	
148.384	-1.493	1026.47	0	
149.079	-1.32211	1027.69	0	
148.662	-1.25723	1031.23	0	
148.936	-2.44968	1019.94	0	
148.436	-0.182216	1036.33	0	
149.55	-2.18733	1021.99	0	
147.956	-1.44108	1026.63	0	
148.076	-2.62233	1018.74	0	
147.792	-0.778558	1031.46	0	
148.145	-0.348393	1032.75	0	
148.473	-2.80243	1013.32	0	
148.478	-3.39492	1012.18	0	
150.024	-2.141	1020.61	0	
149.764	-1.59761	1025.24	0	
147.681	-1.10829	1031.33	0	
147.453	-2.0259	1022.33	0	
147.857	-1.88192	1024.08	0	
147.136	-1.64994	1027.57	0	
146.734	-1.7562	1026.5	0	
145.67	-2.67499	1015.08	0	
150.022	-2.85962	1016.19	0	
150.749	-3.25276	1014.05	0	
157.399	-1.06459	979.594	0	
157.741	-1.18592	972.7	0	
156.569	-0.968845	989.01	0	
156.875	-0.332185	987.837	0	
156.86	-0.91619	985.205	0	
157.308	-0.742335	979.193	0	
156.964	-0.638908	987.598	0	
157.132	-1.5147	982.815	0	
157.738	-1.5565	976.565	0	
156.692	-1.67654	985.658	0	
157.321	-2.26815	981.629	0	
157.155	-2.03236	982.875	0	
157.757	-2.1626	978.145	0	
158.447	-1.66189	968.53	0	
158.683	-1.32998	965.328	0	
157.089	-4.20575	987.203	0	
158.78	-2.08207	968.604	0	
150.294	-3.25913	1014.49	0	
151.623	-3.29023	1015.16	0	
158.014	-2.45236	975.657	0	
159.107	-1.30111	962.185	0	
157.74	-0.281378	962.605	0	
158.869	-0.66721	960.891	0	
159.481	-2.8836	967.385	0	
158.55	-2.4581	972.478	0	
150.263	-4.20684	1007.27	0	
151.175	-3.60486	1011.03	0	
159.496	-1.46135	962.627	0	
158.053	-0.459286	964.439	0	
158.479	-0.942203	963.891	0	
149.188	-4.38612	1005.56	0	
148.796	-5.98337	994.967	0	
159.789	-0.401297	957.948	0	
159.203	-0.888489	960.693	0	
159.602	-0.800485	959.18	0	
159.823	-1.1439	959.541	0	
159.362	-0.153059	958.385	0	
160.872	-0.905185	957.219	0	
160.218	-0.248238	957.678	0	
160.782	-1.28314	958.095	0	
161.554	-1.55718	958.037	0	
160.938	-0.18447	957.052	0	
160.508	-0.766206	957.791	0	
160.531	-0.432708	955.702	0	
161.528	-1.04146	957.481	0	
161.228	-0.763918	956.973	0	
160.196	-1.07821	958.264	0	
160.408	-1.39239	959.32	0	
159.405	-1.91039	964.51	0	
161.163	-1.65759	959.851	0	
158.601	-3.3115	975.008	0	
160.464	-3.10641	965.432	0	
160.571	-2.42571	962.931	0	
159.873	-3.27849	969.185	0	
161.271	-0.376701	956.351	0	
162.284	-2.17442	959.622	0	
162.375	-0.218039	957.561	0	
161.946	-0.872278	957.322	0	
161.98	-1.79373	959.336	0	
162.706	-1.43964	958.693	0	
163.5	-0.288173	959.862	0	
162.205	-1.30381	958.085	0	
162.831	-2.06431	960.022	0	
163.072	-1.10405	958.568	0	
163.438	-2.47651	962.929	0	
164.158	-2.16201	962.108	0	
154.344	-4.97519	1001.76	0	
158.498	-5.13564	981.575	0	
152.45	-5.39124	1002.24	0	
153.221	-5.60387	1001.94	0	
146.426	-1.38325	1030.8	0	
146.062	-2.19534	1024.04	0	
145.736	-3.4193	1011	0	
146.65	-4.11064	1002.92	0	
149.529	-2.89552	1015.65	0	
150.04	-3.62915	1010.74	0	
158.779	-3.84612	977.101	0	
159.831	-3.97728	969.739	0	
162.459	-3.48847	965.619	0	
164.02	-4.07451	967.786	0	
167.637	-1.30035	974.54	0	
164.22	-0.816381	958.17	0	
161.042	-5.75691	974.344	0	
163.338	-3.19632	964.633	0	
151.106	-5.52009	1001.53	0	
151.946	-6.94262	995.859	0	
155	-6.29476	995.709	0	
155.711	-5.18944	995.617	0	
157.647	-3.84551	984.567	0	
158.27	-4.29392	980.602	0	
160.607	-4.15579	969.337	0	
161.133	-2.24791	960.544	0	
157.106	-5.10611	987.768	0	
157.893	-5.58758	984.78	0	
160.987	-3.54877	966.721	0	
161.789	-3.14836	962.862	0	
157.921	-6.2229	985.671	0	
159.592	-6.94935	980.671	0	
38.125	-0.165467	999.712	0	
37.5	-0.467065	1000.6	0	
38.8172	-1.39816	1004.96	0	
39.6505	-1.33328	994.214	0	
139.688	-0.183316	1018.95	0	
138.543	-0.24155	1028.4	0	
138.233	-1.50271	1023.89	0	
138.953	-1.85805	1020.82	0	
139.792	-0.765705	1027.25	0	
139.273	-0.791497	1018.7	0	
139.273	-0.424866	1025.79	0	
136.875	-0.240555	1003.3	0	
138.231	-0.421995	1028.89	0	
137.812	-0.180445	1028.97	0	
136.354	-0.412938	1010.75	0	
137.792	-0.914235	1026.09	0	
137.052	-1.06781	1022.4	0	
138.436	-1.89833	1016.66	0	
136.667	-1.03293	1015.76	0	
136.393	-1.40033	1016.66	0	
137.38	-1.70265	1020.77	0	
137.359	-2.36499	1015.22	0	
134.966	-0.382852	1020.39	0	
135.987	-1.3126	1015.31	0	
135.948	-0.877039	1014.58	0	
136.365	-0.750963	1012.26	0	
135.186	-1.411	1015.51	0	
135.863	-2.51391	1014.19	0	
135.312	-0.183316	1014.37	0	
135.625	-0.355699	1014.7	0	
135.625	-0.72233	1013.26	0	
134.446	-0.199537	1008.93	0	
133.577	-0.553858	1010.19	0	
134.769	-1.47589	1014.16	0	
135.307	-0.916578	1016.61	0	
134.008	-1.68983	1010.64	0	
135.422	-2.25594	1014.46	0	
139.163	-2.23446	1012.82	0	
140.358	-2.36529	1013.37	0	
134.273	-0.883313	1009.18	0	
134.065	-0.451797	1005.81	0	
138.909	-2.72632	1013.46	0	
139.704	-2.7991	1010.27	0	
137.979	-2.45334	1016.52	0	
139.12	-4.18401	999.656	0	
140.078	-3.04531	1006.32	0	
140.793	-1.97768	1019.29	0	
140.041	-3.63733	1002.18	0	
141.451	-3.8222	999.254	0	
140.099	-1.44555	1023.48	0	
139.91	-2.14396	1016.55	0	
133.591	-1.92647	1013.52	0	
133.95	-1.16865	1011.41	0	
139.416	-3.64766	1002.15	0	
140.165	-5.06813	992.777	0	
133.46	-2.50157	1007.73	0	
134.748	-2.42144	1013.57	0	
136.399	-2.21181	1014.5	0	
137.904	-3.57027	1007.17	0	
135.807	-3.24509	1010.9	0	
136.839	-2.6391	1014.06	0	
132.832	-2.62084	1011.08	0	
132.404	-3.34416	1004.82	0	
135.158	-3.51385	1009.99	0	
136.054	-4.71456	1001.19	0	
134.07	-4.24631	1006.46	0	
134.539	-2.94816	1009.97	0	
132.382	-1.99238	1004.79	0	
130.777	-3.57782	999.148	0	
132.696	-5.42645	1002.27	0	
135.318	-4.681	1004	0	
132.222	-4.72202	1000.23	0	
132.82	-3.90035	1006.61	0	
130.927	-6.2243	1000.64	0	
134.878	-5.37281	1000.49	0	
134.108	-6.84424	997.29	0	
135.743	-6.65756	995.537	0	
46.25	-0.467065	982.6	0	
47.138	-0.895475	988.014	0	
47.5547	-1.39816	996.731	0	
47.9042	-0.596984	992.398	0	
92.19	-0.184751	998.75	0	
93.5417	-1.40127	999.017	0	
97.5	-0.532098	1000.81	0	
98.388	-0.895475	1000.69	0	
98.8047	-1.39816	1004.25	0	
99.1542	-0.596984	1002.22	0	
111.875	-0.301598	982.59	0	
111.25	-0.733115	1010.07	0	
131.25	-0.532098	1009.2	0	
132.292	-0.898582	1005.24	0	
91.2164	-0.382852	996.132	0	
91.8775	-0.368067	1000.85	0	
91.5625	-0.183316	995.546	0	
92.1956	-0.921265	1005.48	0	
92.6067	-0.486349	1012.05	0	
90.6956	-0.199537	988.672	0	
90.3102	-0.450476	1003.04	0	
91.0189	-1.47589	1003.8	0	
91.5574	-0.916578	1001.67	0	
92.1914	-1.4002	1002.58	0	
92.9222	-1.33964	1003	0	
90.2685	-1.71458	1004.93	0	
92.1023	-3.06442	1006.24	0	
91.7514	-1.70806	1006.65	0	
91.632	-2.31168	1005.93	0	
89.375	-0.153405	1000.08	0	
89.8518	-1.95122	1011.04	0	
88.9323	-0.406896	1000.37	0	
89.3731	-1.13932	1009.42	0	
90.2064	-1.17375	1007.56	0	
89.7897	-0.895635	1002.39	0	
87.8125	-0.215758	985.706	0	
88.547	-1.17963	1002.44	0	
88.9523	-2.65716	1010.17	0	
90.998	-2.43977	1008.44	0	
87.3958	-0.582389	978.591	0	
88.5157	-0.253491	987.208	0	
87.6042	-1.01391	1002.04	0	
87.7395	-1.59823	1003.08	0	
89.3731	-1.65407	1003.97	0	
88.5485	-3.1559	1007.91	0	
88.8125	-1.96286	1009.05	0	
92.6499	-2.26227	1004.62	0	
92.1139	-2.56437	1007.9	0	
87.8718	-2.93723	1007.77	0	
88.6896	-3.93446	1007.45	0	
93.5248	-3.48206	1006.55	0	
93.9825	-2.66095	1006.11	0	
91.522	-3.53815	1007.72	0	
91.79	-4.20809	1007.92	0	
92.879	-4.40062	1005.91	0	
94.569	-3.67353	1005.99	0	
94.4238	-2.37497	1001.39	0	
93.8195	-1.82663	1002.77	0	
90.8995	-3.16619	1007.96	0	
89.6021	-4.17172	1007.06	0	
92.3037	-5.5433	1006.64	0	
93.453	-4.05263	1003.53	0	
94.958	-2.7094	1007.08	0	
94.9549	-1.48094	996.049	0	
86.6655	-3.61937	1005.54	0	
87.9368	-4.17856	1008.15	0	
93.0539	-5.20776	1003.57	0	
94.5387	-4.34489	1001.61	0	
86.117	-4.48102	997.322	0	
87.775	-4.89331	1002.45	0	
88.5656	-5.62042	1007.62	0	
90.2058	-4.86341	1009.9	0	
93.7326	-5.1984	1002.4	0	
94.2752	-5.72276	1002.25	0	
-146.946	-4.88288	995.846	0	
-146.144	-5.67724	991.839	0	
-147.628	-4.53625	997.057	0	
-147.996	-5.78077	993.02	0	
-159.3	-6.77771	1005.15	0	
-158.502	-10.6437	1009.72	0	
-149.665	-7.20963	996.535	0	
-148.624	-6.23518	993.52	0	
-150.969	-7.94117	1001	0	
-148.667	-8.69464	995.436	0	
-144.664	-8.70221	986.727	0	
-144.869	-6.64691	988.706	0	
-163.362	-2.12069	952.738	0	
-164.264	-0.962584	945.482	0	
-165.727	-1.19903	946.165	0	
-164.75	-0.435545	944.788	0	
-165.664	-0.543545	946.676	0	
-164.017	-1.31411	948.199	0	
-164.375	-0.194832	945.39	0	
-163.594	-1.14469	946.765	0	
-163.717	-0.598331	945.455	0	
-166.469	-4.23372	956.809	0	
-166.452	-1.884	948.111	0	
-164.736	-1.91954	949.066	0	
-166.389	-0.302831	945.453	0	
-167.136	-0.765671	946.47	0	
-140.159	-4.56381	1002.37	0	
-140.195	-5.92047	992.846	0	
-137.782	-6.47106	993.674	0	
-136.246	-5.55543	1002.09	0	
141.625	-5.38225	990.686	0	
143.554	-4.53328	995.78	0	
100.371	-9.1519	996.916	0	
98.9167	-10.7514	994.017	0	
-134.239	-4.79972	1008.28	0	
-135.025	-4.17255	1012.5	0	
-133.53	-6.50418	997.31	0	
-132.363	-8.03264	990.143	0	
-130.917	-5	1001.25	0	
-132.031	-4.69856	1004.43	0	
-99.8563	-4.31527	1000.71	0	
-100.085	-5.03199	985.808	0	
-98.3194	-5.8381	990.601	0	
-95.7316	-6.25014	989.01	0	
-90.9795	-10.6166	977.318	0	
-88.4188	-8.40869	982.582	0	
-32.1957	-4.06951	996.522	0	
-31.6528	-2.52707	995.342	0	
-41.6886	-6.74272	977.738	0	
-40.3088	-5.42182	990.242	0	
-44.5638	-5.0587	976.031	0	
-42.6916	-5.27582	979.493	0	
147.893	-3.91303	1002.15	0	
149.828	-4.69985	1002.41	0	
147.313	-3.7654	1008.2	0	
145.949	-5.42099	991.831	0	
148.575	-4.99551	996.62	0	
149.835	-6.22626	993.843	0	
158.929	-2.93956	972.958	0	
159.728	-2.23046	964.711	0	
150.254	-5.55213	999.69	0	
151.201	-7.66888	992.94	0	
156.415	-5.46927	992.045	0	
157.184	-6.45955	988.62	0	
155.548	-4.49564	997.628	0	
154.379	-6.71324	996.382	0	
157.342	-7.41531	987.068	0	
158.567	-6.90372	983.927	0	
155.854	-6.68841	993.419	0	
156.689	-10.643	989.626	0	
158.128	-7.72587	987.024	0	
158.219	-8.93487	986.486	0	
137.394	-4.87859	998.803	0	
139.484	-4.93978	994.312	0	
140.421	-5.7963	989.615	0	
141.205	-5.98773	987.323	0	
136.249	-5.40328	999.489	0	
136.979	-5.48459	998.974	0	
135.537	-5.80771	999.924	0	
135.084	-7.3471	998.416	0	
137.997	-6.15967	994.568	0	
138.093	-4.85566	998.69	0	
84.6564	-3.86913	991.929	0	
85.4858	-6.63348	1001.58	0	
87.8501	-6.54336	1001.72	0	
90.5908	-8.70154	1004.16	0	
-168.048	-0.46284	946.628	0	
-170.336	-0.527088	947.895	0	
-140.8	-6.76885	988.299	0	
-137.731	-7.94582	989.908	0	
101.966	-10.123	993.135	0	
100.11	-10.3415	992.326	0	
-100.398	-3.65859	995.106	0	
-101.529	-3.62131	1002.56	0	
-100.893	-6.3768	977.727	0	
-99.5124	-5.5815	993.238	0	
-100.368	-6.8619	984.878	0	
-96.2719	-6.8936	986.558	0	
-99.2124	-8.80877	974.175	0	
-97.2156	-8.19732	979.398	0	
-97.7979	-7.23922	983.065	0	
-96.0582	-7.98573	981.266	0	
-92.0979	-8.17614	983.796	0	
-90.6357	-8.5661	983.54	0	
-33.2917	-5.54268	993.372	0	
-30.9432	-4.59579	1001.4	0	
139.705	-6.16224	989.057	0	
140.634	-7.33218	984.747	0	
135.201	-8.78561	995.01	0	
137.771	-7.31324	991.584	0	
138.218	-6.79728	990.25	0	
139.626	-6.91255	986.855	0	
-103.123	-6.09706	979.947	0	
-99.5326	-7.82639	978.217	0	
-89.7841	-9.03284	981.053	0	
-90.0242	-7.57775	985.537	0	
-35.1383	-7.94899	1001.54	0	
-29.4801	-6.42849	1008.67	0	
-30.2615	-4.68678	1001.31	0	
-29.8592	-4.16489	1004.48	0	
142.596	-7.87419	983.34	0	
142.424	-5.44763	989.181	0	
137.026	-7.44418	991.544	0	
138.062	-8.04439	989.7	0	
136.876	-8.42946	992.113	0	
137.613	-8.79341	991.01	0	
138.101	-9.88915	988.969	0	
139.126	-9.8845	988.756	0	
-100.297	-7.71314	978.874	0	
-99.1998	-7.06557	984.166	0	
-89.6786	-10.42	976.863	0	
-86.2211	-12.762	975.864	0	
-30.0134	-5.29291	1005.46	0	
-29.3433	-5.32746	1005.21	0	
-28.8114	-3.66905	1006.32	0	
-29.9424	-2.86542	1007.68	0	
-30.4413	-5.87752	1003.68	0	
-30.1604	-6.4622	1008.18	0	
-28.3691	-5.9512	1010.66	0	
-27.9566	-5.45117	1010.21	0	
-28.1574	-3.71189	1005.84	0	
-28.4408	-2.44485	1008.78	0	
-31.3583	-6.03323	1003.65	0	
-31.4783	-6.89119	1005.99	0	
-28.4535	-7.09875	1015.27	0	
-28.0515	-6.57926	1013.92	0	
-30.5829	-7.11723	1007.61	0	
-29.5075	-7.61904	1013.5	0	
-27.2175	-5.50365	1012.47	0	
-27.2485	-4.39501	1008.45	0	
-29.1602	-7.02082	1013.67	0	
-30.25	-7.68174	1013.32	0	
-27.1952	-3.09358	1008.13	0	
-27.8807	-4.33476	1007.69	0	
-26.2071	-4.91737	1012.51	0	
-26.9021	-3.81918	1009.07	0	
-25.765	-5.44503	1016.87	0	
-24.855	-4.66596	1014.86	0	
-27.2889	-6.68929	1017.62	0	
-21.7872	-6.09277	1042.69	0	
-24.8379	-6.14908	1023.34	0	
-23.9805	-4.61888	1018.81	0	
-100.643	-8.60366	971.89	0	
-99.9203	-9.38762	977.783	0	
-27.2921	-7.8811	1022.65	0	
-26.1034	-6.0988	1019.1	0	
-26.8841	-9.05008	1025.74	0	
-25.7546	-9.42681	1028.3	0	
-26.8514	-7.33781	1019.42	0	
-25.9085	-7.3283	1024.96	0	
-30.6739	-8.64003	1014.7	0	
-30.0043	-9.41195	1020.7	0	
-102.148	-10.0826	966.268	0	
-95.9202	-10.447	974.223	0	
-33.692	-6.72248	1001.52	0	
-32.888	-10.95	1019.11	0	
-165.231	-2.61437	952.699	0	
-166.331	-2.69734	951.042	0	
-164.392	-6.20385	971.1	0	
-161.268	-5.73179	989.078	0	
96.2459	-10.605	994.931	0	
99.6667	-13.2158	995.466	0	
-84.6179	-6.50765	989.178	0	
-83.1534	-6.27947	991.106	0	
-85.9304	-8.17676	986.006	0	
-86.5306	-6.61017	987	0	
-85.384	-9.21588	980.945	0	
-84.4926	-9.33346	984.431	0	
-40.0592	-6.49098	982.279	0	
-35.4596	-6.10672	998.746	0	
166.95	-0.457167	969.072	0	
165.07	-0.528208	964.044	0	
161.275	-4.80666	971.622	0	
163.396	-4.93254	969.717	0	
153.596	-9.15298	992.435	0	
155.889	-8.91028	991.437	0	
94.159	-6.90632	997.147	0	
95.8923	-6.24577	999.24	0	
-151.575	-8.60555	1005.94	0	
-152.87	-9.56461	1009.58	0	
-147.949	-9.47238	995.91	0	
-146.048	-7.79113	988.305	0	
-147.193	-6.67435	990.644	0	
-146.874	-8.14034	991.023	0	
-145.733	-9.4973	990.209	0	
-139.955	-9.61388	984.886	0	
-139.203	-6.99005	989.649	0	
-136.743	-7.77121	991.108	0	
145.634	-7.42227	981.367	0	
147.246	-5.32161	993.208	0	
-43.1809	-6.64001	976.976	0	
-39.6273	-9.33884	1002	0	
-44.8189	-6.58275	977.606	0	
-42.3953	-7.24803	983.167	0	
147.219	-2.98224	1011.57	0	
146.302	-3.52998	1007.96	0	
147.17	-6.35627	990.5	0	
150.224	-7.31479	993.261	0	
154.699	-4.33708	999.553	0	
154.907	-5.51392	997.337	0	
154.694	-8.07186	993.062	0	
156.056	-7.46238	990.814	0	
161.171	-8.02256	980.809	0	
162.326	-4.53976	967.978	0	
-168.128	-2.27627	948.388	0	
-168.728	-1.35059	946.855	0	
144.374	-7.2857	984.077	0	
144.345	-5.42351	989.939	0	
142.853	-6.26144	986.158	0	
143.981	-6.32475	984.083	0	
137.518	-10.8937	993.884	0	
138.752	-12.7652	992.878	0	
141.353	-9.93231	984.321	0	
139.346	-8.79416	985.989	0	
-24.0616	-6.31914	1026.22	0	
-24.1122	-8.38019	1031.04	0	
-28.9268	-8.9165	1022	0	
-27.62	-11.5208	1026.55	0	
-87.3423	-9.84661	978.37	0	
-85.6886	-11.4302	976.18	0	
164.582	-9.46783	985.925	0	
165.024	-3.68254	968.148	0	
92.8602	-7.41777	1004.5	0	
93.4155	-10.0567	997.872	0	
-149.626	-10.1958	1000.37	0	
-145.833	-11.9142	995.933	0	
-143.472	-8.73242	986.653	0	
-143.077	-7.93667	985.352	0	
-140.117	-7.51538	988.109	0	
-141.731	-8.73635	985.21	0	
-136.01	-8.25184	991.563	0	
-135.243	-7.74317	991.106	0	
146.555	-4.803	996.069	0	
146.353	-6.54885	987.455	0	
147.378	-8.74498	983.291	0	
148.284	-7.76991	988.017	0	
-40.8193	-8.65344	984.997	0	
-38.8215	-7.04027	995.826	0	
-45.8515	-6.67848	976.87	0	
-43.7815	-8.70233	986.053	0	
-44.0184	-7.10186	978.684	0	
-44.4119	-7.98016	982.559	0	
154.371	-8.82515	992.679	0	
151.767	-8.6684	991.196	0	
155.517	-8.00952	991.942	0	
155.228	-9.3583	991.198	0	
154.278	-7.60525	994.981	0	
155.418	-10.3838	991.246	0	
157.431	-11.3159	990.754	0	
156.727	-8.94865	989.159	0	
153.259	-7.85803	994.333	0	
152.9	-8.65247	993.382	0	
149.615	-9.55685	987.125	0	
154.45	-10.9001	991.493	0	
161.857	-6.96012	977.969	0	
163.736	-6.00309	973.895	0	
141.563	-8.68263	982.065	0	
141.132	-12.7173	988.457	0	
-23.2201	-9.66226	1019.1	0	
-22.4318	-7.476	1031.76	0	
-83.5762	-11.1781	977.835	0	
-83.8316	-10.1586	982.398	0	
-142.827	-9.75964	985.724	0	
-141.932	-9.7957	986.376	0	
-141.687	-6.89383	987.556	0	
-143.216	-6.29043	988.558	0	
-136.798	-10.1615	987.833	0	
-136.058	-9.23207	987.646	0	
-133.545	-7.46152	991.699	0	
-134.567	-6.22552	997.048	0	
-47.2336	-7.54378	985.077	0	
-47.1156	-9.11945	993.187	0	
-45.5383	-10.0332	995.066	0	
-43.5047	-10.963	1001.65	0	
151.003	-9.82875	988.912	0	
159.406	-13.8154	991.566	0	
-143.378	-10.8168	989.963	0	
-139.757	-14.995	992.739	0	
-135.159	-11.1536	987.547	0	
-133.5	-9.99249	987.79	0	
-135.199	-9.78993	988.577	0	
-136.253	-11.5548	987.754	0	
-48.1045	-7.02113	985.071	0	
-49.6947	-7.49258	989.32	0	
-47.54	-10.4893	998.625	0	
-44.3874	-9.9933	993.97	0	
-140.97	-10.6738	986.579	0	
-140.504	-8.47217	985.298	0	
-48.6401	-8.67069	991.853	0	
-48.934	-7.67854	989.327	0	
-48.7933	-10.92	1003.88	0	
-49.1611	-13.563	1020.04	0	
-46.406	-11.1129	1005.8	0	
-44.3965	-12.4768	1015.53	0	
-52.0569	-9.20179	997.327	0	
-49.7469	-12.24	1014.55	0	
-50.0471	-6.22515	991.261	0	
-51.3138	-6.88065	993.726	0	
-52.2383	-6.68383	993.002	0	
-54.25	-7.25816	993.359	0	
-51.9114	-8.17408	996.199	0	
-52.5673	-7.55189	994.209	0	
-53.3924	-10.5739	1004.26	0	
-51.2303	-11.645	1007.9	0	
-53.6281	-8.70105	996.429	0	
-53.3688	-7.77089	995.137	0	
-56.1767	-7.76348	991.813	0	
-56.2691	-9.77082	995.363	0	
-157.529	-9.30206	1012.06	0	
-155.519	-10.7977	1013.63	0	
-156.824	-11.8986	1012.53	0	
-155.467	-12.6966	1012.68	0	
-151.606	-13.1577	1009.49	0	
-152.586	-11.4278	1010.75	0	
106.187	-10.6079	993.265	0	
108.34	-7.26638	1010.87	0	
131.576	-8.72594	1002.21	0	
133.191	-7.3087	1000.99	0	
-160.546	-6.73201	995.517	0	
-159.234	-8.61254	1008.18	0	
82.6333	-4.83411	993.695	0	
84.5996	-5.86828	996.574	0	
84.1846	-7.95311	998.954	0	
87.6625	-8.65242	998.908	0	
92.2259	-8.6515	995.835	0	
90.5028	-6.62162	1007.33	0	
-168.523	-3.22475	950.281	0	
-164.944	-3.33888	954.988	0	
-166.048	-5.43718	963.904	0	
-165.624	-4.05357	958.258	0	
-166.7	-5.04513	958.041	0	
-165.426	-4.88958	961.263	0	
-167.641	-5.44016	960.663	0	
-167.108	-7.26338	967.346	0	
-163.94	-8.23613	985.305	0	
-163.005	-7.44742	983.361	0	
-165.265	-6.98617	973.733	0	
-165.027	-8.04093	974.584	0	
-163.218	-6.4699	981.379	0	
-161.993	-7.90042	992.582	0	
95.0174	-9.85536	992.28	0	
90.9959	-11.1124	998.563	0	
98.1877	-12.2402	991.893	0	
101.274	-12.3491	989.746	0	
-36.182	-7.87485	996.914	0	
-34.7726	-6.92942	994.891	0	
-38.427	-8.45596	987.431	0	
-33.3734	-9.59225	1013.59	0	
-34.8739	-9.31208	1008.31	0	
-32.5342	-7.33721	1004.63	0	
166.867	-5.82531	976.628	0	
169.248	-2.52915	979.426	0	
-153.835	-9.81675	1012.72	0	
-152.564	-12.5149	1010.69	0	
-151.904	-9.55081	1008.77	0	
-150.438	-12.5426	1006.35	0	
-151.677	-10.5469	1006.55	0	
145.171	-9.77342	980.22	0	
152.025	-10.8623	990.32	0	
156.099	-14.1988	992.5	0	
159.433	-9.96387	986.291	0	
143.927	-9.42329	982.645	0	
142.817	-10.4322	981.32	0	
-23.6114	-7.38689	1030.03	0	
-23.7245	-11.0538	1021.2	0	
-82.2756	-11.3912	978.887	0	
-82.7741	-9.68648	981.822	0	
-82.5003	-13.6507	976.737	0	
-80.5647	-9.99636	983.562	0	
-79.5354	-10.7805	981.948	0	
-80.9508	-7.29716	992.971	0	
-138.678	-12.2233	988.31	0	
-133.077	-13.4938	987.234	0	
-140.996	-12.4138	990.269	0	
-139.936	-13.3228	989.364	0	
-55.1375	-9.6777	998.664	0	
-54.1794	-13.0062	1013.35	0	
-56.5084	-6.60441	989.535	0	
-58.4014	-7.6504	989.379	0	
-158.621	-9.45372	1010.05	0	
-157.371	-11.0865	1011.91	0	
-157.255	-13.0821	1010.76	0	
-154.549	-12.4316	1012.66	0	
-158.563	-13.3474	1008.15	0	
-157.415	-16.0563	1009.59	0	
-154.538	-11.0781	1013.25	0	
-155.897	-11.7438	1012.99	0	
130.966	-10.2748	1002.5	0	
134.588	-12.3992	999.989	0	
-162.104	-9.43901	994.14	0	
-160.24	-8.62511	1000.16	0	
81.5863	-6.5501	993.272	0	
82.2842	-7.42837	997.004	0	
-169.843	-3.42304	951.863	0	
-168.384	-4.92389	954.528	0	
-172.243	-2.81255	951.555	0	
-171.638	-6.19095	957.42	0	
-165.999	-8.97002	976.862	0	
-163.964	-10.7054	988.465	0	
165.97	-0.985375	967.892	0	
167.037	-2.22603	972.492	0	
-153.767	-13.1246	1012.53	0	
-156.176	-15.114	1010.14	0	
-149.371	-13.2126	1004.48	0	
-148.418	-10.6022	998.88	0	
148.332	-10.0471	984.834	0	
148.838	-14.3706	990.864	0	
158.866	-11.0105	988.698	0	
159.132	-9.00728	985.936	0	
145.999	-8.60165	982.845	0	
145.922	-11.1302	984.606	0	
-18.8746	-11.8102	961.391	0	
-21.8807	-8.41977	1027.15	0	
-56.8488	-10.9575	1000.13	0	
-54.5277	-10.666	1001.5	0	
-59.5428	-8.31104	988.544	0	
-59.5276	-9.52465	989.387	0	
-163.274	-9.58697	988.388	0	
-161.714	-12.9273	1000.89	0	
80.4983	-6.55867	996.801	0	
79.6233	-10.674	993.775	0	
82.8919	-9.59453	996.737	0	
85.2944	-7.69479	997.913	0	
-175.497	-5.47092	958.678	0	
-172.794	-7.30673	960.202	0	
-170.94	-9.71777	967.454	0	
-167.255	-8.67087	969.414	0	
159.956	-12.062	989.973	0	
161.437	-11.52	987.554	0	
-21.1893	-10.5144	987.228	0	
-19.7716	-7.32684	1043.72	0	
-58.3984	-9.64297	992.427	0	
-58.5934	-14.062	1003.62	0	
-60.3677	-10.6622	989.983	0	
-58.0137	-10.8845	993.672	0	
79.8813	-5.49793	991.713	0	
76.4347	-7.49986	994.979	0	
79.9409	-7.65999	991.103	0	
77.921	-7.19254	989.219	0	
80.6936	-10.1115	993.677	0	
84.9006	-16.494	996.399	0	
84.0303	-9.4098	998.572	0	
86.2992	-8.68119	1002.64	0	
157.49	-13.1933	991.122	0	
160.69	-15.813	995.934	0	
163.101	-12.6406	992.133	0	
166.116	-8.45563	983.635	0	
-21.1523	-12.1234	995.574	0	
-19.9928	-12.9023	896.862	0	
-20.1867	-9.63122	1018.94	0	
-16.4192	-9.27657	937.84	0	
-61.8572	-10.6596	983.277	0	
-63.7681	-12.2891	979.817	0	
-97.3125	-10.1584	975.087	0	
-93.4187	-11.585	974.549	0	
103.688	-14.0138	992.244	0	
105.161	-11.7784	998.474	0	
-104.35	-6.79727	973.817	0	
-101.513	-8.77482	978.968	0	
-99.2919	-14.2967	970.617	0	
-96.8075	-12.6004	975.462	0	
-30.1662	-11.0632	1026.77	0	
-27.7963	-9.75568	1024.62	0	
161.887	-9.20526	981.939	0	
163.143	-8.63701	981.895	0	
136.063	-9.28507	995.218	0	
-171.416	-2.21305	949.902	0	
135.679	-12.0162	998.591	0	
139.002	-14.3681	994.909	0	
140.625	-14.2626	992.723	0	
168.731	-6.34033	987.131	0	
168.763	-3.62271	981.018	0	
152.593	-12.6973	992.057	0	
146.077	-15.7057	992.246	0	
88.3251	-7.52616	1006.15	0	
88.6727	-9.80355	1002.95	0	
-169.412	-7.40541	963.272	0	
-169.654	-8.89495	965.658	0	
-40.877	-11.9376	1014.52	0	
-36.2106	-10.0971	1002.19	0	
-80.9374	-17.4535	971.35	0	
170.451	-1.25887	984.427	0	
-79.9638	-12.3329	974.996	0	
-78.2981	-10.2563	982.19	0	
-80.2626	-8.65383	987.977	0	
-142.508	-12.5929	989.629	0	
-147.022	-14.5247	1000.81	0	
-54.3659	-14.7656	1020.71	0	
-53.2038	-15.6596	1028.83	0	
-154.878	-15.4984	1011.49	0	
-152.467	-18.0081	1008.58	0	
-150.665	-15.5542	1008.99	0	
-148.226	-15.3209	1005.14	0	
143.901	-13.3351	986.911	0	
147.934	-12.8637	987.288	0	
75.3439	-8.98692	986.345	0	
78.2352	-9.59727	989.785	0	
-22.6355	-12.6132	973.945	0	
-25.1717	-14.4896	990.532	0	
-17.9353	-8.99948	1008.69	0	
-15.5244	-7.51778	1016.22	0	
-99.0484	-12.2212	977.946	0	
-97.9266	-11.607	968.482	0	
102.74	-15.7616	995.568	0	
109.339	-18.6424	1006.48	0	
105.173	-13.6251	992.941	0	
106.621	-14.613	1000.02	0	
-105.509	-6.44246	986.516	0	
-106.244	-7.49308	972.595	0	
-103.608	-7.8701	980.142	0	
-103.555	-10.1128	977.366	0	
-105.264	-11.2617	978.415	0	
-102.049	-13.7218	968.443	0	
-174.593	-0.594161	955.525	0	
-170.416	-2.53881	948.872	0	
134.002	-9.54218	999.632	0	
133.632	-11.175	1001.29	0	
134.222	-14.0086	1003.34	0	
135.21	-14.9196	1002.3	0	
136.485	-14.4973	1000.11	0	
134.755	-19.7203	1007.12	0	
143.143	-15.0876	991.417	0	
142.716	-12.0304	986.507	0	
167.443	-3.42442	973.91	0	
170.887	-4.89168	991.475	0	
86.0513	-11.5523	1002.27	0	
92.6959	-11.4458	995.178	0	
-172.426	-9.09581	963.957	0	
-166.695	-11.6684	980.799	0	
170.451	-2.38284	983.508	0	
169.161	-0.561988	978.43	0	
171.331	-3.35264	991.707	0	
174.181	-2.71597	1005.54	0	
-77.1944	-11.0016	979.684	0	
-73.5196	-7.37115	990.975	0	
-140.286	-16.5991	996.013	0	
-137.147	-12.718	989.365	0	
-56.8614	-13.7204	1012.22	0	
-59.2706	-15.8289	1010.72	0	
-150.501	-17.1011	1007.5	0	
-148.14	-16.7614	1004.52	0	
-146.325	-17.8627	1003.97	0	
-143.177	-13.9916	995.768	0	
-19.9173	-14.9215	920.522	0	
-17.1187	-14.1347	833.302	0	
-94.8221	-13.9717	975.274	0	
-95.7373	-11.7336	972.846	0	
-109.004	-7.07859	983.25	0	
-109.485	-11.5959	988.019	0	
-177.308	-0.673031	961.474	0	
-174.188	-4.21418	956.787	0	
-173.369	-1.15615	950.57	0	
-173.272	-2.28274	953.275	0	
-169.696	-1.41484	947.623	0	
-171.416	-1.08908	948.158	0	
131.501	-13.271	1006.91	0	
132.466	-15.636	1007.55	0	
135.518	-18.0388	1004.97	0	
137.852	-15.2303	998.259	0	
169.522	-5.01545	984.715	0	
176.603	-7.89304	1013.81	0	
-78.8978	-13.4225	975.856	0	
174.181	-1.36991	999.548	0	
-72.4464	-12.7734	969.011	0	
-75.7925	-10.2915	978.552	0	
-74.7619	-11.3873	974.679	0	
-47.7799	-19.679	1058.66	0	
-47.4097	-13.7895	1027.45	0	
-100.936	-15.2736	983.667	0	
-96.487	-13.926	973.468	0	
-107.934	-14.3587	986.609	0	
-106.62	-10.3221	973.594	0	
129.132	-13.5246	1009.28	0	
131.292	-16.4726	1009.16	0	
132.059	-19.1752	1009.98	0	
133.654	-16.5202	1006.21	0	
139.336	-20.3657	1000.84	0	
139.541	-17.378	999.046	0	
-79.2748	-15.1332	970.509	0	
-71.2686	-20.7908	991.256	0	
130.458	-19.965	1009.88	0	
134.474	-18.4507	1005.89	0	
132.042	-17.9068	1007.83	0	
133.809	-20.2899	1006.58	0	
133.761	-22.1725	1008.18	0	
144.079	-22.0752	998.036	0	
136.228	-19.7571	1004.09	0	
136.553	-18.6257	1004.96	0	
137.542	-18.0044	1001.88	0	
135.855	-16.9205	1004	0	
138.954	-18.413	1001.91	0	
138.073	-16.3318	1000.17	0	
137.599	-21.0885	1005.13	0	
141.85	-20.549	1001.23	0	
-110.196	-5.07772	996.004	0	
-107.617	-5.93998	979.24	0	
-110.627	-6.32377	988.79	0	
-108.633	-5.93998	991.738	0	
-107.251	-7.21225	985.811	0	
-106.054	-5.07772	978.161	0	
-112.591	-5.7175	991.936	0	
-110.314	-8.33868	985.84	0	
-114.404	-7.31191	993.698	0	
-111.586	-7.94343	994.022	0	
-109.767	-9.41563	988.101	0	
-108.13	-8.03086	982.738	0	
-112.195	-10.6718	995.651	0	
-107.97	-10.5748	985.524	0	
-115.918	-7.39964	1001.75	0	
-116.777	-8.9231	998.09	0	
-114.943	-12.9112	995.482	0	
-109.698	-13.1323	987.189	0	
-29.0474	-14.5783	1016.65	0	
-26.822	-15.9171	1003.23	0	
-88.4549	-11.0171	978.531	0	
-87.648	-12.6775	974.488	0	
-85.2063	-13.8867	976.78	0	
-84.3527	-11.8236	978.064	0	
-85.0492	-15.3142	971.688	0	
-82.2891	-15.1493	970.88	0	
-145.092	-10.5846	988.999	0	
-144.787	-13.545	994.132	0	
-50.5164	-14.8975	1030.46	0	
-47.932	-17.3454	1046.61	0	
-41.434	-13.6893	1024.94	0	
-39.3886	-11.383	1001.42	0	
-43.6034	-13.8643	1026.4	0	
-37.917	-15.4315	1041.07	0	
-159.264	-11.7211	1007.65	0	
-160.593	-14.724	1000.72	0	
-156.859	-18.0771	1005.06	0	
-153.065	-16.855	1009.7	0	
-168.23	-11.1687	974.826	0	
-163.32	-12.3999	991.652	0	
-60.9304	-16.5791	1002.35	0	
-55.8582	-15.2814	1014.94	0	
-61.5539	-13.493	990.185	0	
-62.5776	-12.1324	986.795	0	
73.4929	-8.41504	993.939	0	
73.6549	-12.3808	989.665	0	
106.901	-17.1833	992.678	0	
113.54	-11.932	1015.54	0	
144.661	-17.7229	996.144	0	
146.18	-14.0932	987.945	0	
84.4878	-13.3414	991.666	0	
89.4493	-14.2341	993.608	0	
89.4093	-12.3654	999.504	0	
91.8182	-14.8442	996.914	0	
-174.842	-6.94487	961.539	0	
-169.426	-12.1187	974.741	0	
-140.755	-21.4952	998.75	0	
-136.78	-14.0437	990.174	0	
-148.124	-20.0138	1004.89	0	
-144.625	-21.1716	1002	0	
-145.577	-14.9482	1000.9	0	
-144.966	-16.8458	1000.38	0	
-13.8782	-13.4027	722.496	0	
-16.0716	-11.0741	909.842	0	
-175.889	-1.26719	955.692	0	
169.815	-8.2197	990.872	0	
174.177	-9.07419	1008.08	0	
172.278	-6.21525	997.005	0	
171.998	-8.21839	999.29	0	
176.144	-3.50004	1008.43	0	
180.329	-3.14443	1026.65	0	
-101.185	-17.3891	980.371	0	
-99.2388	-18.0918	985.117	0	
-118.775	-8.45143	1004.28	0	
-118.411	-12.3555	998.195	0	
-115.431	-15.0013	1001.27	0	
-111.727	-13.699	995.474	0	
-87.9855	-15.8517	974.624	0	
-84.7349	-18.9047	979.357	0	
-154.397	-16.8315	1010.28	0	
-152.728	-15.4851	1010.83	0	
-155.211	-19.1317	1007.98	0	
-153.211	-18.932	1008.31	0	
-164.226	-24.9215	992.038	0	
-155.876	-22.0684	1003.98	0	
-151.379	-20.3544	1006.33	0	
-149.298	-17.5288	1007.02	0	
-154.426	-18.2134	1007.25	0	
-154.79	-20.7371	1004.79	0	
-151.533	-22.1842	1004.92	0	
-146.327	-19.4979	1003.64	0	
-151.276	-18.1923	1007.91	0	
-150.599	-19.4136	1007.24	0	
-157.909	-21.7514	1000.2	0	
-145.696	-24.8217	1000.36	0	
-159.79	-23.4017	998.472	0	
-148.076	-26.6821	1000.06	0	
-154.69	-23.415	1001.27	0	
-152.762	-27.5937	998.45	0	
-170.876	-11.2576	970.529	0	
-167.574	-15.0899	983.42	0	
-66.0254	-16.0323	984.262	0	
-62.8797	-18.8932	1009.92	0	
-64.8106	-11.1285	976.718	0	
-65.9485	-12.0991	976.773	0	
-65.3755	-9.56548	976.013	0	
-66.9227	-9.86512	975.181	0	
-68.2674	-12.782	974.173	0	
-68.0182	-14.2915	972.977	0	
-69.737	-11.9675	969.189	0	
-70.9713	-12.9809	972.83	0	
-68.7147	-16.7112	978.717	0	
-67.1793	-17.1273	986.737	0	
142.793	-18.3027	996.699	0	
147.056	-18.8929	993.703	0	
-173.458	-17.8434	977.625	0	
-174.322	-10.4492	966.114	0	
-133.868	-20.1307	993.836	0	
-134.365	-14.9235	989.972	0	
-137.246	-17.0827	993.468	0	
-134.699	-17.1168	995.477	0	
-180.008	-0.71077	969.791	0	
-175.889	-2.61325	958.405	0	
175.52	-5.27456	1009.99	0	
176.832	-6.28227	1014.76	0	
-90.4915	-18.0165	980.977	0	
-86.0929	-18.142	974.249	0	
-82.772	-22.2386	983.417	0	
-79.632	-18.2193	978.29	0	
-174.216	-12.057	970.653	0	
-169.237	-14.144	977.851	0	
-69.4985	-9.93489	973.777	0	
-73.2093	-11.0996	975.429	0	
-75.4398	-14.5371	967.815	0	
-70.5134	-14.6929	971.211	0	
-70.1728	-17.6988	980.994	0	
-69.9422	-19.4642	985.585	0	
-65.3937	-18.7562	999.155	0	
-64.4173	-16.5706	992.665	0	
147.417	-20.9989	1000.1	0	
148.401	-17.984	996.62	0	
-183.27	-0.807917	977.9	0	
-177.258	-3.4128	960.858	0	
180.329	-1.52859	1025.96	0	
-94.594	-19.7687	982.458	0	
-90.2679	-20.274	980.707	0	
-87.5997	-18.702	979.816	0	
-79.8819	-23.9901	989.569	0	
-83.2024	-20.7971	982.72	0	
-82.2524	-18.2855	978.335	0	
-82.171	-19.7261	977.159	0	
-175.693	-14.3253	973.949	0	
-172.105	-13.907	974.19	0	
-78.084	-16.033	973.801	0	
-73.9021	-18.2089	978.721	0	
-71.2799	-16.4599	975.769	0	
-75.6474	-17.5631	971.136	0	
-70.7723	-22.6345	997.841	0	
-67.3368	-23.0474	1012.05	0	
-65.3049	-20.3075	1004.21	0	
-62.7837	-20.4307	1016.21	0	
150.006	-22.2058	995.315	0	
147.658	-16.2558	990.426	0	
-178.49	-2.77751	965.901	0	
-180.559	-7.21116	968.52	0	
-85.0365	-23.3824	988.731	0	
-78.348	-17.5505	971.398	0	
-80.8442	-15.8849	975.837	0	
-84.4292	-20.6566	979.539	0	
-81.0508	-22.3534	984.513	0	
-67.0278	-20.9783	1003.81	0	
-65.5352	-24.368	1021.07	0	
-60.8282	-21.2703	1027.67	0	
-61.355	-18.3196	1015.86	0	
150.534	-18.3553	993.212	0	
151.233	-14.4729	989.758	0	
-179.075	-5.39287	969.71	0	
-175.901	-9.30191	965.226	0	
178.86	-3.81746	1021.71	0	
178.773	-0.720676	1022.22	0	
-76.862	-18.528	978.688	0	
-76.4766	-15.8657	973.838	0	
-87.2558	-22.2955	984.713	0	
-85.4654	-22.0573	985.94	0	
-89.2792	-26.7334	993.386	0	
-86.2036	-25.1374	989.321	0	
-87.8585	-24.549	993.73	0	
-80.1905	-27.2731	998.62	0	
-80.9194	-25.3774	993.824	0	
-76.3969	-20.5168	976.91	0	
-68.0891	-27.7961	1025.48	0	
-60.2796	-23.08	1039.13	0	
-62.1564	-24.2317	1034.66	0	
-55.5297	-22.6607	1052.12	0	
-59.9057	-19.7747	1023.57	0	
-57.4959	-18.857	1030.97	0	
-77.6552	-21.4846	986.345	0	
-73.1869	-20.1947	980.178	0	
-88.9486	-31.682	1003.32	0	
-84.6115	-28.1879	994.53	0	
-82.8862	-24.9253	990.586	0	
-84.6623	-26.2374	998.898	0	
57.6177	-11.1343	980.532	0	
55.375	-6.62585	985.383	0	
50.3974	-10.0784	998.22	0	
54.7694	-9.08407	985.413	0	
52.5438	-13.8473	998.292	0	
53.665	-10.3849	990.747	0	
60.815	-9.53924	983.588	0	
57.002	-7.59966	981.616	0	
79.3042	-12.4804	989.503	0	
82.5645	-12.8828	995.988	0	
155.148	-16.4265	993.524	0	
159.528	-18.6262	996.505	0	
-21.5708	-16.1899	877.751	0	
-23.1295	-14.6606	978.085	0	
136.078	-22.9343	1004.11	0	
135.429	-29.0879	1000.76	0	
-33.4861	-13.9577	1025.51	0	
-31.8471	-20.5496	1015.99	0	
-46.8036	-15.9802	1038.06	0	
-49.8934	-16.4893	1040.28	0	
72.4256	-14.209	978.855	0	
76.6249	-15.1776	986.495	0	
89.2027	-18.9543	996.235	0	
98.4305	-16.6751	995.79	0	
-17.7081	-18.1016	755.593	0	
-15.3926	-14.7472	611.669	0	
-11.9361	-13.9342	442.794	0	
-11.0395	-9.5579	737.501	0	
-104.931	-17.3696	980.208	0	
-103.189	-21.2751	993.207	0	
-117.579	-15.6697	994.493	0	
-113.992	-21.9965	1005.69	0	
-148.255	-21.9998	1003.92	0	
-146.027	-22.88	1003.21	0	
178.552	-8.75972	1022.73	0	
180.082	-8.16888	1025.69	0	
-181.563	-1.51869	969.384	0	
-178.977	-15.3326	978.43	0	
-182.484	-21.2215	986.493	0	
-174.114	-15.421	976.027	0	
-176.054	-20.0189	980.94	0	
-72.1905	-23.9477	1004.98	0	
-71.3924	-25.8285	1007.9	0	
182.123	-4.20113	1032.26	0	
182.02	-0.807917	1031.54	0	
151.779	-20.471	999.46	0	
156.299	-18.7244	998.386	0	
-78.4408	-27.9748	1009.54	0	
-72.4127	-27.2538	1017.32	0	
-87.5736	-29.2723	1005.07	0	
-82.506	-34.2184	1015.88	0	
51.013	-15.9618	1013.57	0	
60.5632	-15.8305	989.133	0	
77.2723	-13.0921	990.779	0	
78.298	-16.3803	988.976	0	
-19.7442	-19.8506	725.158	0	
-14.323	-20.5099	365.071	0	
-150.2	-23.2129	1003.56	0	
-150.352	-25.9535	1000.93	0	
-142.576	-26.4396	997.678	0	
-138.484	-20.1762	997.74	0	
178.16	-11.1005	1019.99	0	
179.494	-12.4494	1026.87	0	
-186.51	-0.853077	987.742	0	
-184.747	-1.66099	979.433	0	
-166.719	-20.8519	988.22	0	
-169.003	-20.4855	984.131	0	
-73.967	-23.4469	990.021	0	
-76.2991	-26.6926	999.968	0	
-71.4667	-29.4496	1020.3	0	
-69.1808	-29.8427	1033.71	0	
180.226	-6.47049	1027.54	0	
183.619	-3.45022	1036.47	0	
181.563	-9.35184	1032.24	0	
181.956	-5.89409	1031.58	0	
173.906	-11.3817	1009.33	0	
177.945	-16.6959	1023.49	0	
-190.424	-0.969457	996.584	0	
-183.211	-4.0966	976.117	0	
-74.4671	-21.5375	989.763	0	
-77.7103	-23.7962	987.852	0	
-76.4955	-31.6369	1020.86	0	
-70.6255	-33.9371	1041.85	0	
-63.8812	-30.6191	1047.95	0	
-66.0039	-26.9912	1032.11	0	
187.145	-1.83439	1046.31	0	
-181.03	-12.7457	974.554	0	
185.239	-12.4611	1038.87	0	
179.487	-14.8787	1025.43	0	
-184.688	-3.33384	982.824	0	
-190.242	-7.1988	994.815	0	
-183.089	-6.50067	977.639	0	
185.382	-4.58122	1042.24	0	
185.278	-0.864928	1041.84	0	
19.9245	-9.59926	1001.82	0	
23.0625	-11.3104	993.128	0	
23.9685	-12.6616	977.167	0	
26.7645	-10.0141	1018.29	0	
23.0747	-14.628	940.178	0	
26.0912	-14.5796	976.948	0	
18.3996	-13.7102	826.96	0	
20.8178	-17.8927	785.662	0	
27.4222	-15.2647	990.874	0	
28.5268	-14.2848	1003.83	0	
27.5362	-16.7077	977.687	0	
31.6077	-16.6772	1009.01	0	
30.802	-13.545	1014.63	0	
28.2781	-12.7773	1007.87	0	
32.0912	-13.9469	1017.61	0	
31.5845	-11.3013	1016.36	0	
30.2014	-15.9838	1003.89	0	
34.6305	-13.6673	1018.99	0	
30.8997	-9.69547	1012.02	0	
29.3525	-9.99512	1015.05	0	
32.1805	-19.8943	1005.95	0	
34.5034	-15.0733	1020.75	0	
36.0472	-13.018	1016.23	0	
34.3173	-10.6759	1011.26	0	
34.4118	-19.8423	1018.91	0	
34.584	-17.8981	1020.09	0	
38.4167	-20.8493	1032.03	0	
40.286	-16.7559	1025.7	0	
37.7337	-18.3708	1029.7	0	
37.1691	-13.9136	1020.22	0	
24.3718	-17.2756	920.716	0	
26.4168	-19.3872	931.086	0	
29.049	-17.0774	992.762	0	
31.1376	-18.2473	1002.46	0	
36.9319	-15.4014	1023.46	0	
39.1576	-11.9193	1013.46	0	
36.4106	-21.949	1029.66	0	
41.9532	-18.5972	1034.29	0	
22.5479	-18.456	859.975	0	
25.089	-20.7151	892.89	0	
25.4781	-22.6298	873.29	0	
27.5174	-22.8405	924.959	0	
38.3204	-16.8259	1028.14	0	
38.9011	-13.5719	1015.63	0	
24.0637	-23.946	823.701	0	
24.8607	-25.8242	815.194	0	
30.2587	-24.5933	954.17	0	
31.1113	-21.4829	987.96	0	
23.0356	-20.1326	824.315	0	
21.6195	-27.0557	667.695	0	
24.7843	-29.4445	784.662	0	
27.0668	-29.8378	871.518	0	
28.1563	-27.7938	891.465	0	
36.1671	-23.8298	1019.34	0	
16.5572	-22.7301	497.68	0	
18.4303	-29.1564	436.533	0	
20.5728	-25.041	675.791	0	
18.2135	-24.8154	494.302	0	
22.6633	-30.5723	731.071	0	
23.3588	-33.3696	713.531	0	
32.3242	-30.6595	963.823	0	
30.2227	-26.9632	950.171	0	
114.786	-8.63917	1006.64	0	
117.453	-11.3807	1011.85	0	
117.636	-13.4044	1011.42	0	
119.693	-14.1941	1013.12	0	
60.9678	-7.85378	984.265	0	
62.6549	-10.2029	982.822	0	
62.7153	-11.9636	983.455	0	
65.6009	-11.5898	985.569	0	
60.9428	-13.0132	981.617	0	
69.2314	-17.0315	985.704	0	
67.17	-12.1946	980.987	0	
66.8002	-8.94203	989.619	0	
69.0052	-14.7669	979.553	0	
69.6544	-11.2563	980.254	0	
59.5547	-11.3804	982.253	0	
58.0204	-16.4179	991.82	0	
62.722	-17.0377	984.913	0	
61.8976	-28.309	1030.76	0	
71.0335	-18.1145	981.011	0	
70.3688	-13.81	986.068	0	
66.2768	-15.4613	980.826	0	
67.4807	-17.5966	984.428	0	
2.26877	-15.1693	136.533	0	
1.2787	-16.9414	85.7282	0	
-0.782606	-17.1339	65.1249	0	
0.0512786	-21.2073	26.1075	0	
-34.2654	-12.7578	1030.23	0	
-31.3541	-11.665	1024.23	0	
-36.5116	-13.3209	1021.34	0	
-33.6827	-15.9469	1032.82	0	
-34.8416	-17.5643	1039.04	0	
-30.8095	-14.8941	1027.69	0	
-37.216	-21.306	1048.2	0	
-31.7477	-16.4713	1026.3	0	
-23.9014	-23.3411	807.753	0	
-28.8095	-18.9354	988.749	0	
100.148	-15.1249	984.86	0	
96.0394	-15.9022	985.343	0	
-106.74	-17.9383	991.782	0	
-104.032	-14.532	985.33	0	
127.578	-16.5013	1012.08	0	
127.814	-23.4564	1007.03	0	
-44.7478	-16.165	1040.81	0	
-41.3233	-17.368	1049.77	0	
104.504	-17.9432	990.256	0	
103.114	-27.9061	984.627	0	
111.006	-16.814	995.237	0	
115.615	-16.8106	1005.01	0	
-96.7593	-20.5493	989.38	0	
-94.9771	-17.7227	981.691	0	
-158.47	-19.3655	1004.63	0	
-161.608	-16.4213	999.826	0	
-167.175	-16.9889	984.783	0	
-164.962	-19.6737	990.213	0	
-62.0045	-26.53	1045.15	0	
-55.1276	-28.9028	1075.17	0	
161.013	-20.9582	1000.86	0	
166.987	-15.4629	998.478	0	
-28.1966	-21.3394	970.816	0	
-20.168	-22.3728	734.691	0	
-51.3905	-18.2563	1049.07	0	
-50.1644	-20.1814	1056.67	0	
-53.1647	-23.5921	1065.33	0	
-48.9565	-24.3307	1070.04	0	
-15.0412	-16.5109	607.646	0	
-7.74352	-14.6384	318.093	0	
-105.216	-25.8578	1000.99	0	
-99.8824	-27.3688	993.756	0	
-108.283	-21.8311	1001.49	0	
-112.224	-17.6567	1003.51	0	
153.52	-26.6753	997.829	0	
155.953	-24.2556	1001.72	0	
-78.1704	-30.7241	1009.58	0	
-74.5935	-27.589	1011.85	0	
-80.6886	-31.2974	1014.5	0	
-75.5707	-34.0124	1027.37	0	
-75.8839	-36.544	1027.39	0	
-73.0683	-30.8324	1026.17	0	
75.766	-19.0592	989.889	0	
80.9752	-19.871	994.449	0	
-13.9572	-23.1339	294.294	0	
-13.1582	-17.1213	380.651	0	
-10.9886	-28.5799	168.523	0	
-9.25279	-16.2938	195.975	0	
-12.6177	-19.3765	339.178	0	
-9.54291	-19.9098	133.227	0	
-155.117	-25.887	999.831	0	
-139.065	-35.0243	986.133	0	
185.462	-10.5261	1041.2	0	
185.472	-6.45412	1041.07	0	
182.875	-12.6502	1034.16	0	
189.408	-11.1707	1050.94	0	
190.795	-13.079	1048.5	0	
189.188	-4.9702	1050.06	0	
-188.376	-1.82253	989.877	0	
173.683	-20.2774	1016.68	0	
186.951	-15.1998	1041.76	0	
189.045	-7.05873	1049.6	0	
195.307	-4.51738	1061.59	0	
33.9231	-24.1487	1004.92	0	
42.0167	-25.1722	1044.45	0	
44.4891	-18.3463	1027.12	0	
42.9689	-14.5576	1015.77	0	
16.9008	-32.0033	460.91	0	
21.6305	-35.9031	654.965	0	
17.3205	-20.8661	490.405	0	
8.83692	-21.8625	149.274	0	
115.284	-14.1931	1010.48	0	
113.837	-18.3873	1012.82	0	
122.965	-16.7981	1011.54	0	
123.763	-13.2728	1009.69	0	
71.5568	-20.2419	992.816	0	
74.3144	-20.8108	984.964	0	
-5.46815	-14.2318	229.877	0	
-4.99104	-17.8646	107.938	0	
-3.29936	-25.0126	16.2897	0	
6.9874	-22.4341	55.4421	0	
-30.9517	-18.3773	1017.03	0	
-29.9845	-22.6078	978.108	0	
92.139	-17.1643	987.838	0	
99.5018	-19.2452	983.482	0	
-108.121	-16.3043	988.242	0	
-105.464	-23.0609	994.069	0	
124.811	-15.4636	1014.77	0	
122.843	-19.333	1014.95	0	
124.599	-26.164	1001.46	0	
126.98	-25.7553	1006.84	0	
-40.3214	-15.5151	1036.39	0	
-43.5804	-17.8429	1051.12	0	
-99.1128	-24.3586	1001.26	0	
-92.0592	-21.2085	990.267	0	
-169.184	-18.6083	983.859	0	
-162.875	-20.3322	996.423	0	
-172.906	-23.5629	983.532	0	
-170.606	-22.3651	985.98	0	
-160.858	-18.6692	998.555	0	
-165.237	-17.688	990.732	0	
-64.1463	-28.078	1043.26	0	
-65.6221	-32.2784	1049.8	0	
-49.94	-26.583	1076.61	0	
-57.8766	-24.2999	1057.63	0	
-48.4082	-28.857	1075.59	0	
-45.5468	-28.6304	1076.35	0	
-4.19975	-15.6924	132.7	0	
-6.74916	-10.8136	510.836	0	
-73.0266	-38.7537	1042.42	0	
-73.2468	-33.2366	1026.3	0	
78.5477	-24.0884	999.392	0	
81.8734	-22.7496	983.874	0	
92.9047	-22.7095	990.321	0	
87.2163	-16.94	988.112	0	
181.833	-14.857	1033.65	0	
184.28	-16.6918	1034.73	0	
193.468	-12.6749	1057.93	0	
192.684	-8.24969	1056.96	0	
-194.312	-1.02366	1006.64	0	
-192.197	-1.99311	1002.04	0	
190.427	-8.98101	1052.05	0	
190.966	-4.05866	1054.37	0	
34.0276	-26.4595	996.593	0	
35.9816	-27.4452	1014.7	0	
45.3259	-20.8745	1040.3	0	
51.4753	-18.9675	1022.28	0	
13.6544	-29.4836	265.324	0	
11.6717	-34.8911	200.985	0	
115.768	-21.7524	1000.56	0	
118.886	-22.3764	1010.58	0	
69.3887	-22.2873	991.155	0	
69.8586	-24.8343	1007.16	0	
-7.76872	-18.0594	185.182	0	
1.61854	-25.5191	21.6043	0	
-32.0771	-25.8379	977.685	0	
-28.0721	-26.2256	894.765	0	
-109.793	-17.9751	990.289	0	
-108.412	-19.6092	991.144	0	
125.216	-30.5653	995.957	0	
128.404	-30.6207	999.853	0	
130.813	-38.3114	992.898	0	
135.85	-33.2751	998.904	0	
-44.2473	-20.384	1061.18	0	
-38.194	-19.2208	1051.26	0	
-97.6639	-30.2881	1009.29	0	
-92.1314	-26.6328	1000.41	0	
-172.882	-27.1019	986.346	0	
-168.713	-24.7067	986.773	0	
-0.877979	-12.6165	246.623	0	
-4.81164	-12.0078	365.711	0	
178.983	-19.9835	1026.58	0	
195.655	-18.0876	1055.61	0	
197.714	-15.5536	1059.74	0	
201.782	-6.63522	1070.33	0	
-199.008	-1.16333	1015.15	0	
-194.241	-5.35766	1007.44	0	
195.307	-2.19071	1061.67	0	
38.8912	-30.497	1028.36	0	
32.0329	-28.0626	970.482	0	
30.6308	-32.3062	927.458	0	
67.1148	-20.725	996.011	0	
62.3964	-20.4324	1000.64	0	
-7.95513	-22.6175	105.088	0	
-10.6641	-24.7081	160.594	0	
-42.0259	-21.0587	1062.61	0	
-44.8224	-25.853	1072.7	0	
-179.902	-27.8861	988.899	0	
-163.812	-33.1686	988.653	0	
-192.126	-4.00045	1000.97	0	
-192.148	-8.72571	1002.57	0	
40.4223	-28.7675	1039.19	0	
72.3912	-30.5916	1005.09	0	
68.6149	-30.4007	1025.23	0	
-42.3734	-25.3441	1070.09	0	
-34.1162	-24.7184	1030.27	0	
-164.879	-30.4338	989.004	0	
-159.737	-28.5805	993.499	0	
-189.584	-12.2259	994.668	0	
-187.186	-8.40345	988.933	0	
193.081	-5.41587	1057.88	0	
193.068	-1.02738	1058.78	0	
5.94873	-18.6377	83.0847	0	
11.1583	-18.3837	271.241	0	
3.75468	-21.563	40.5819	0	
5.54886	-20.7301	77.1812	0	
3.68369	-23.8374	36.5354	0	
5.91725	-24.3533	55.8566	0	
-0.47573	-24.0253	33.3414	0	
6.05285	-26.8668	38.9924	0	
14.6155	-27.091	269.419	0	
11.5824	-23.2644	195.321	0	
-4.17943	-28.3383	62.3149	0	
-1.80904	-30.5589	32.0116	0	
16.4183	-17.0359	596.21	0	
18.2767	-17.1043	693.005	0	
19.3758	-18.5485	721.915	0	
21.4654	-14.7805	902.076	0	
19.4265	-20.4391	661.217	0	
21.3562	-21.4599	788.916	0	
20.0076	-12.928	912.425	0	
18.9684	-15.5211	811.782	0	
166.928	-13.0813	996.871	0	
168.569	-9.60237	992.593	0	
164.727	-16.687	999.269	0	
175.94	-12.5413	1016	0	
-146.825	-30.0889	995.804	0	
-134.542	-34.4853	996.959	0	
-140.325	-25.0017	997.449	0	
-136.316	-22.1456	995.917	0	
27.9429	-40.753	863.955	0	
23.8276	-40.6004	759.37	0	
-158.184	-26.1906	996.623	0	
-155.469	-32.6454	991.151	0	
190.291	-22.4094	1047.83	0	
182.972	-20.0011	1036.22	0	
85.9036	-24.3076	999.873	0	
97.8051	-20.884	994.934	0	
-62.3652	-36.4859	1060.56	0	
-61.3914	-31.386	1057.87	0	
-50.8299	-22.3254	1067.5	0	
-52.499	-26.4109	1069.66	0	
-49.7063	-31.4961	1077.69	0	
-47.9622	-34.3372	1073.13	0	
-36.3051	-26.3729	1033.77	0	
-38.5609	-23.0731	1056.89	0	
-70.1894	-45.5142	1047.27	0	
-62.4859	-39.6114	1059.13	0	
123.116	-24.1775	1010.3	0	
119.716	-26.7235	1004.77	0	
124.33	-33.0874	997.024	0	
129.118	-33.3977	995.999	0	
191.792	-18.2812	1049.53	0	
201.86	-22.5194	1060.15	0	
197.053	-9.11492	1061.86	0	
196.442	-13.3191	1059.68	0	
-196.551	-2.18699	1011.96	0	
31.6262	-35.6735	921.625	0	
34.8176	-31.4262	992.416	0	
197.625	-6.43087	1065.13	0	
204.399	-2.55353	1074.9	0	
39.6863	-33.2874	1033.03	0	
42.6427	-33.9795	1043.34	0	
44.0705	-26.6555	1048.97	0	
39.6072	-26.4971	1038.7	0	
46.5099	-26.5534	1049.07	0	
48.2118	-21.8334	1033.95	0	
-38.3589	-25.5862	1052.41	0	
-39.0087	-31.0868	1036.56	0	
-162.369	-22.6788	993.318	0	
-163.2	-28.0342	991.364	0	
-196.611	-9.48352	1011.12	0	
-196.381	-12.0749	1008.94	0	
-189.149	-15.193	994.433	0	
-184.506	-13.0543	985.863	0	
8.69325	-27.2859	143.358	0	
14.5706	-32.2332	296.719	0	
163.998	-19.6519	1001.18	0	
170.795	-21.8812	1011.45	0	
169.138	-16.8905	1005.47	0	
175.732	-15.7075	1016.34	0	
89.2739	-22.0878	982.357	0	
95.1361	-25.9084	995.733	0	
-57.0512	-41.5762	1070.18	0	
-60.6955	-34.7255	1062.54	0	
-41.2946	-22.9241	1062.28	0	
-40.4514	-27.0705	1057.6	0	
124.45	-21.3418	1008.13	0	
119.727	-20.0569	1007.04	0	
117.279	-27.0203	995.595	0	
117.813	-31.1326	990.224	0	
120.242	-30.9715	999.127	0	
122.777	-38.4626	985.854	0	
202.381	-15.6285	1064.6	0	
204.349	-13.2471	1067.75	0	
-203.675	-9.11706	1022.13	0	
-198.874	-8.48637	1013.95	0	
28.8878	-37.0136	877.391	0	
41.2454	-39.1713	1030.22	0	
39.0327	-44.4221	1008.5	0	
199.757	-5.33565	1066.83	0	
35.4199	-33.9056	990.727	0	
35.6022	-39.2281	986.763	0	
51.2976	-33.1594	1052.88	0	
47.6774	-28.797	1053.79	0	
46.6632	-31.3207	1051.99	0	
50.7166	-28.5214	1049.26	0	
-27.7114	-29.7376	856.433	0	
-29.9481	-24.8174	973.5	0	
-33.7929	-32.6203	969.617	0	
-22.6965	-30.5445	716.029	0	
-29.3902	-28.3844	921.956	0	
-24.7849	-28.9157	792.984	0	
-24.168	-33.4247	758.785	0	
-20.3681	-29.6461	591.349	0	
-8.07021	-30.4014	93.7925	0	
-20.6519	-27.061	654.774	0	
-17.0798	-31.4836	465.18	0	
-16.0179	-25.251	390.99	0	
-38.4061	-34.7998	1026.67	0	
-34.0687	-29.7827	1002.69	0	
-201.173	-2.41531	1021.34	0	
-201.064	-10.0161	1019.39	0	
-193.994	-12.9501	1005.52	0	
-188.284	-22.2288	995.784	0	
10.0382	-29.7315	125.215	0	
8.5292	-32.9604	160.67	0	
168.61	-19.9758	1007.67	0	
173.68	-17.1268	1014.68	0	
85.2272	-28.6616	978.207	0	
94.5203	-29.8974	976.236	0	
101.339	-31.5897	980.106	0	
109.355	-30.1057	990.006	0	
-66.8073	-37.4388	1052.85	0	
-61.1666	-42.4546	1056.32	0	
115.112	-24.1611	1004.14	0	
112.279	-27.4469	996.531	0	
116.796	-33.6852	992.005	0	
121.79	-33.2449	989.89	0	
113.031	-31.9362	991.449	0	
116.182	-39.7569	986.008	0	
-206.398	-5.43989	1026.5	0	
-203.711	-1.25197	1023.74	0	
208.341	-5.32545	1074.59	0	
202.429	-1.23145	1069.89	0	
33.922	-36.5061	976.614	0	
35.6347	-42.3825	969.869	0	
48.44	-33.4824	1058.53	0	
52.5601	-30.7219	1056.93	0	
56.0185	-30.4972	1044.39	0	
64.542	-22.2195	999.859	0	
-17.6078	-34.5553	516.784	0	
-9.5517	-38.9696	244.397	0	
-40.9585	-29.8974	1061.23	0	
-36.4478	-29.0466	1028.85	0	
-198.083	-17.4332	1010.62	0	
-193.572	-15.4113	1003.55	0	
-206.689	-11.7265	1025.8	0	
-200.918	-12.632	1016.24	0	
1.57948	-29.965	43.7299	0	
7.65442	-40.8805	170.965	0	
-65.5976	-40.2171	1054.37	0	
-66.7758	-44.2497	1048.77	0	
113.992	-29.6081	989.893	0	
112.479	-24.2539	997.073	0	
-198.947	-5.95867	1016.29	0	
-201.111	-4.88397	1018.98	0	
-203.109	-14.2434	1020.99	0	
61.2539	-32.4123	1038.25	0	
-197.547	-26.3842	1005.98	0	
-195.546	-18.2758	1007.69	0	
-193.728	-24.3252	1004.76	0	
-209.207	-7.07838	1030.04	0	
-207.998	-17.4334	1023.1	0	
108.883	-35.2414	984.301	0	
114.381	-34.1551	986.02	0	
110.005	-21.8607	992.44	0	
108.121	-25.9094	988.897	0	
203.887	-5.01644	1070.86	0	
199.891	-2.39479	1069.49	0	
48.4774	-39.9735	1058.63	0	
45.9362	-43.5872	1043.36	0	
-191.216	-19.7392	1000.58	0	
-194.136	-20.9502	1002.72	0	
-211.094	-19.2763	1027.3	0	
-202.781	-17.1204	1018.14	0	
103.031	-33.3114	987.071	0	
100.972	-39.9589	988.635	0	
110.065	-37.5276	983.735	0	
110.321	-40.584	980.674	0	
107.857	-23.2086	997.736	0	
106.018	-27.6056	990.247	0	
104.548	-22.121	985.052	0	
101.909	-25.1223	992.168	0	
98.068	-33.0627	992.855	0	
106.801	-30.1708	987.212	0	
205.963	-6.33895	1073.47	0	
207.343	-1.32208	1073.56	0	
96.8675	-38.3818	976.335	0	
105.588	-32.193	983.78	0	
205.914	-8.7173	1072.12	0	
210.501	-6.82473	1075.38	0	
103.863	-36.3615	980.319	0	
106.421	-35.2431	985.355	0	
203.064	-9.1042	1069.16	0	
207.554	-12.7649	1070.93	0	
214.647	-1.63878	1077.67	0	
209.208	-2.77149	1076.88	0	
210.082	-15.2393	1069.75	0	
212.989	-14.6082	1072.83	0	
212.67	-11.2548	1073.6	0	
212.571	-3.08819	1075.74	0	
204.257	-18.6518	1064.21	0	
204.275	-26.7995	1058.53	0	
215.997	-10.3165	1075.1	0	
217.872	-2.76925	1077.65	0	
220.422	-1.13047	1077.33	0	
-110.669	-26.4318	1005.64	0	
-107.659	-27.6733	996.622	0	
-116.641	-23.5925	992.022	0	
-113.213	-28.0077	993.306	0	
150.376	-25.2974	1002.19	0	
157.946	-30.8423	1002.04	0	
78.569	-34.1605	997.592	0	
77.9686	-27.3694	989.388	0	
-2.56275	-35.0111	101.447	0	
4.49746	-33.2068	55.3839	0	
-152.821	-30.6526	995.054	0	
-150.316	-37.1049	987.809	0	
-160.919	-33.8951	989.354	0	
-149.16	-32.4192	994.781	0	
-53.8667	-31.714	1073.78	0	
-56.7731	-35.1461	1076.75	0	
-51.9816	-44.2163	1055.68	0	
-47.2226	-41.3184	1059.16	0	
-168.165	-30.4937	987.674	0	
-158.524	-31.7065	992.318	0	
122.044	-41.332	986.6	0	
127.011	-42.2541	987.319	0	
17.4509	-44.5465	592.774	0	
25.3836	-49.4	824.879	0	
-41.4732	-36.6781	1041.39	0	
-33.8812	-38.6764	939.451	0	
167.552	-26.6671	1010.27	0	
176.774	-22.1456	1022.7	0	
-206.398	-2.64794	1028.01	0	
56.7079	-36.8332	1050.61	0	
64.3532	-26.4911	1017.03	0	
54.3324	-24.875	1031.65	0	
56.8037	-27.2504	1040.4	0	
-72.9548	-42.169	1036.88	0	
-72.1482	-50.4357	1035.08	0	
39.4108	-49.6337	997.412	0	
52.0128	-40.356	1054.56	0	
-175.352	-43.1663	991.32	0	
-175.598	-22.7624	981.766	0	
-207.697	-26.2486	1021.69	0	
-200.176	-19.2487	1014.7	0	
-205.416	-19.0889	1020.66	0	
-204.73	-23.4379	1019.13	0	
216.118	-7.54501	1075.97	0	
218.796	-5.85412	1076.88	0	
216.708	-15.546	1072.48	0	
227.502	-2.28908	1076.44	0	
218.915	-12.4561	1074.49	0	
226.159	-13.5935	1073.51	0	
-109.46	-33.9542	994.103	0	
-103.196	-36.4486	998.55	0	
-106.738	-30.7397	1005.88	0	
-112.925	-32.4635	1004.02	0	
-119.412	-21.6052	1002.94	0	
-119.661	-27.3721	995.998	0	
-7.06282	-35.359	94.4454	0	
-14.953	-37.8975	363.643	0	
-153.391	-48.5224	982.383	0	
-154.763	-37.2391	990.732	0	
-175.727	-29.8587	986.921	0	
-160.129	-37.2247	989.133	0	
118.015	-42.347	980.405	0	
115.794	-47.0866	978.919	0	
129.622	-44.4439	982.862	0	
131.676	-34.963	993.322	0	
-33.7589	-42.1884	928.64	0	
-30.6276	-34.3183	926.126	0	
-213.413	-11.3189	1032.83	0	
-209.31	-1.39597	1030.1	0	
59.6669	-41.1425	1057.96	0	
66.5635	-37.0201	1044.2	0	
59.6209	-22.3591	1013.58	0	
59.3109	-25.964	1026.75	0	
-211.479	-23.7425	1025.4	0	
-203.755	-38.0967	1013.42	0	
-101.246	-38.7351	1009.24	0	
-97.2139	-35.6234	1012.55	0	
-117.047	-35.3607	993.025	0	
-124.495	-42.5955	988.272	0	
-165.678	-35.3648	988.521	0	
-157.028	-39.6299	986.347	0	
-164.301	-41.2875	988.502	0	
-170.28	-36.217	988.753	0	
127.498	-48.4041	983.381	0	
137.081	-49.8611	986.142	0	
133.935	-40.4189	987.235	0	
153.371	-36.2916	1000.63	0	
-29.4481	-44.1435	851.508	0	
-27.9422	-32.7783	855.937	0	
-218.133	-6.4995	1037.47	0	
-214.908	-1.474	1035.9	0	
-102.488	-42.737	1001.03	0	
-94.602	-45.2646	1009.95	0	
-94.3318	-35.2008	1001.33	0	
-94.3858	-30.0097	995.525	0	
-163.255	-38.1113	987.304	0	
-170.502	-44.3306	990.994	0	
-168.614	-33.8274	987.663	0	
-168.39	-40.9307	987.765	0	
-28.1245	-48.3171	833.601	0	
-2.16984	-46.0336	291.878	0	
-27.5802	-40.9906	832.864	0	
-22.3676	-35.5979	650.81	0	
-211.76	-5.76043	1032.63	0	
-209.472	-10.7605	1028.81	0	
-117.729	-41.5128	998.568	0	
-110.198	-52.4149	996.288	0	
-96.3249	-40.6797	1012.75	0	
-100.766	-45.0023	1007.95	0	
-92.1695	-37.9085	1015.88	0	
-87.1499	-34.3551	1014.84	0	
-163.948	-50.0363	989.703	0	
-157.312	-44.3066	988.382	0	
-87.9466	-43.9808	1014.93	0	
-88.9476	-37.9008	1009.08	0	
-100.103	-49.0779	1005.66	0	
-95.5206	-48.5603	1006.61	0	
-86.3435	-47.8673	1021.62	0	
-80.9756	-56.458	1020.96	0	
159.155	-24.1691	1001.23	0	
160.925	-28.8887	1005.68	0	
164.972	-31.3015	1007.12	0	
170.472	-25.364	1015.06	0	
159.029	-33.914	1004.7	0	
173.55	-40.8496	1021	0	
168.009	-30.4297	1014.29	0	
172.633	-32.1941	1018.78	0	
15.4115	-18.907	483.302	0	
13.5028	-22.0712	289.68	0	
185.77	-23.3521	1036.52	0	
197.926	-22.0302	1055.43	0	
8.85899	-49.2151	396.563	0	
24.0383	-53.4205	808.928	0	
87.4246	-37.6482	980.012	0	
90.5831	-48.0564	980.988	0	
142.542	-26.0329	1004.16	0	
156.999	-36.5916	1002.61	0	
154.376	-30.1	1002.57	0	
151.831	-32.8717	998.596	0	
64.9287	-33.4515	1029.68	0	
74.2743	-34.0361	1022.87	0	
81.5444	-38.6477	1014.68	0	
89.0586	-31.4381	1005.95	0	
-42.3508	-52.9101	1004.05	0	
-42.4596	-41.246	1027.82	0	
-188.226	-30.0111	998.272	0	
-178.086	-47.5555	994.751	0	
220.37	-26.3338	1066.73	0	
222.861	-10.3349	1074.84	0	
-220.1	-22.7795	1029.93	0	
-218.655	-33.2815	1026.76	0	
137.554	-39.181	993.827	0	
146.25	-28.0482	996.959	0	
-218.133	-3.14916	1036.94	0	
-168.901	-49.6461	990.06	0	
-152.943	-55.8211	989.88	0	
-92.8463	-52.649	1013.11	0	
-77.8923	-51.5168	1030.28	0	
184.51	-37.2101	1034.33	0	
194.108	-25.0428	1049.54	0	
153.193	-43.2305	998.642	0	
163.471	-34.3761	1008.87	0	
163.942	-46.7306	1011.06	0	
166.062	-43.3093	1008.68	0	
146.849	-32.1978	1000.23	0	
138.605	-35.3856	993.636	0	
223.778	-18.1627	1071.4	0	
140.724	-41.1288	991.342	0	
143.517	-34.9883	995.221	0	
-228.391	-1.76888	1042.31	0	
-221.672	-1.67517	1039.47	0	
140.76	-44.7503	991.278	0	
147.272	-44.6037	995.225	0	
-236.506	-2.01029	1043	0	
-228.268	-9.2581	1039.52	0	
136.972	-46.0957	986.035	0	
140.99	-52.1008	987.91	0	
150.715	-46.1549	997.046	0	
151.492	-39.3343	998.655	0	
-224.613	-6.91269	1040.36	0	
-215.277	-17.9744	1030.78	0	
141.319	-56.7468	988.939	0	
155.317	-51.0177	1001.99	0	
147.915	-52.1053	994.138	0	
158.35	-47.5479	1002.74	0	
-226.081	-13.2403	1039.24	0	
-236.058	-16.1751	1038.4	0	
130.42	-56.6773	979.779	0	
138.099	-72.0533	987.449	0	
148.846	-57.363	994.161	0	
153.617	-59.4535	1001.24	0	
-129.016	-37.5625	990.964	0	
-129.748	-28.2233	1000.37	0	
200.448	-31.345	1053.81	0	
208.753	-18.7447	1066.68	0	
-77.8507	-43.3642	1032.88	0	
-80.8296	-47.7905	1024.99	0	
30.9875	-48.1922	914.556	0	
27.9056	-58.5168	876.312	0	
46.6648	-47.4499	1035.13	0	
58.5338	-45.0448	1046.32	0	
-18.6335	-41.814	561.216	0	
231.372	-4.54047	1079.95	0	
-17.6044	-45.9978	560.897	0	
-177.468	-38.1678	991.324	0	
-173.538	-52.2345	993.79	0	
95.5638	-52.0241	998.552	0	
119.333	-50.3026	978.927	0	
68.6982	-46.4265	1043.37	0	
72.1329	-37.4139	1020.98	0	
72.8987	-46.0299	1021.55	0	
85.5504	-50.084	1011.43	0	
-186.378	-42.2286	1000.32	0	
-207.419	-32.1817	1020.47	0	
-145.17	-68.8725	993.323	0	
-141.928	-43.1831	981.818	0	
-232.26	-3.77917	1041.82	0	
-229.772	-17.7638	1033.92	0	
-212.698	-43.3647	1021.65	0	
212.457	-31.967	1061.58	0	
211.332	-22.7049	1065.61	0	
-77.3345	-60.8174	1015.11	0	
-66.2165	-59.0789	1022.35	0	
43.1362	-51.4093	1018.16	0	
51.4486	-52.2125	1038.6	0	
51.1989	-48.118	1042.65	0	
56.7348	-57.6831	1032.4	0	
230.864	-10.8839	1075.16	0	
-183.204	-63.005	1003.08	0	
-159.353	-56.564	985.05	0	
66.1352	-50.8137	1030.97	0	
80.6099	-46.9356	1010.6	0	
209.201	-36.0872	1054.79	0	
218.799	-32.0791	1061.22	0	
60.6098	-49.5687	1045.51	0	
56.3314	-53.2562	1041.43	0	
76.6319	-49.3435	1016.69	0	
79.1925	-42.3859	1009.49	0	
78.4032	-54.0458	1017.15	0	
84.3578	-54.9228	994.712	0	
87.684	-59.9429	1003.87	0	
93.8573	-59.0717	977.778	0	
-232.486	-31.3991	1030.53	0	
-58.1091	-63.8622	1013.38	0	
-50.0576	-53.4413	1019.62	0	
-179.995	-18.6037	980.954	0	
-179.75	-24.3288	984.459	0	
6.19523	-44.2012	312.83	0	
3.59821	-36.8874	137.788	0	
-116.548	-55.5417	986.224	0	
-111.568	-44.6935	992.45	0	
-32.4127	-51.366	918.385	0	
-24.4414	-57.9612	808.98	0	
-111.162	-67.6077	988.55	0	
-95.9449	-57.9401	1001.75	0	
-101.953	-58.8889	1003.03	0	
-93.6983	-63.9702	1005	0	
118.475	-56.6825	970.493	0	
133.565	-67.3629	986.005	0	
136.37	-81.4086	989.664	0	
164.881	-67.0021	1014.82	0	
156.744	-66.3485	1002.56	0	
167.559	-60.9675	1010.26	0	
-11.6775	-47.619	459.329	0	
-3.6866	-57.1857	574.89	0	
-184.334	-31.6359	992.753	0	
-183.119	-37.1579	994.204	0	
106.022	-52.8368	985.974	0	
123.998	-59.7987	981.763	0	
210.962	-43.5128	1053.79	0	
223.768	-37.7133	1058.45	0	
51.9474	-63.0673	1019.41	0	
55.3787	-68.8625	1014.22	0	
-38.0724	-49.2226	953.803	0	
-40.4976	-58.1766	966.639	0	
-104.561	-64.6528	993.774	0	
-98.4226	-67.9403	998.148	0	
144.815	-85.3908	999.978	0	
163.162	-84.6192	1013.07	0	
174.872	-59.5467	1022.7	0	
166.715	-51.0609	1012.17	0	
-194.59	-31.2458	1005.74	0	
-206.074	-44.9699	1017.91	0	
231.315	-36.7117	1058.39	0	
225.441	-23.6758	1067.3	0	
45.8263	-61.563	1008.38	0	
39.2445	-64.1048	983.775	0	
58.643	-82.2872	995.902	0	
72.5874	-77.4457	1003.31	0	
-52.0902	-61.1117	1021.03	0	
-41.016	-69.3425	961.357	0	
-117.153	-63.2448	987.501	0	
-99.4784	-73.8435	994.603	0	
-96.4734	-81.5794	990.035	0	
-81.0209	-74.1386	995.506	0	
-197.416	-37.403	1009.11	0	
-205.654	-57.5554	1018.84	0	
-68.6837	-69.6085	1006.22	0	
-42.9869	-75.9366	978.66	0	
-36.7669	-82.703	948.121	0	
-13.7116	-78.1683	872.232	0	
22.8169	-62.9559	841.345	0	
35.3275	-52.067	954.455	0	
30.9841	-71.5322	934.602	0	
33.5909	-58.371	952.017	0	
-0.639095	-51.2621	392.418	0	
9.99717	-64.0623	736.431	0	
168.83	-40.2819	1016.81	0	
165.164	-37.503	1007.55	0	
-227.33	-37.261	1027	0	
-235.982	-51.6954	1028.47	0	
-82.506	-66.0035	1016.74	0	
-73.6403	-76.228	1012.8	0	
83.6712	-65.8587	991.789	0	
105.701	-85.0511	975.486	0	
111.548	-60.7497	984.574	0	
104.67	-75.4394	988.387	0	
193.549	-52.072	1039.26	0	
220.783	-72.2281	1044.01	0	
182.646	-63.5428	1025.55	0	
183.351	-48.5892	1031.71	0	
-146.199	-60.7741	977.87	0	
-106.605	-75.8292	992.052	0	
-214.494	-57.1635	1022.47	0	
-192.943	-43.7492	1006.61	0	
-188.776	-52.4851	1004.76	0	
-195.555	-50.2531	1008.94	0	
-9.0955	-57.9402	602.626	0	
5.25427	-60.6501	625.864	0	
-70.8794	-84.7455	992.223	0	
-60.9378	-70.9821	1016.17	0	
-123.64	-75.5911	990.506	0	
-117.631	-76.5534	986.236	0	
-202.347	-50.7801	1015.98	0	
-189.832	-58.6565	1008.86	0	
-132.734	-93.7066	997.976	0	
-117.615	-90.1992	988.665	0	
-222.722	-74.6308	1025.89	0	
-200.719	-72.5377	1018.75	0	
-124.15	-67.5557	981.105	0	
-137.748	-71.9952	980.628	0	
-114.875	-107.215	995.604	0	
-108.527	-82.4116	988.363	0	
-160.433	-66.727	995.556	0	
-151.058	-84.7416	1001.56	0	
-112.135	-98.3343	997.496	0	
-103.25	-87.8954	996.166	0	
21.9536	-44.7745	691.5	0	
14.2376	-50.0445	574.058	0	
187.138	-32.1416	1038.15	0	
194.648	-44.7673	1041.31	0	
-22.732	-49.6222	709.536	0	
-12.6327	-53.0181	575.388	0	
235.442	-53.6826	1052.04	0	
23.042	-82.7899	923.357	0	
45.0615	-76.4106	983.813	0	
10.6489	-72.0893	800.365	0	
23.825	-68.8337	881.85	0	
-217.81	-48.7829	1024.82	0	
-226.816	-45.7822	1027.66	0	
75.3369	-64.39	1015.26	0	
68.518	-69.567	1005.06	0	
89.1515	-72.9679	997.098	0	
88.8138	-86.5284	988.589	0	
170.032	-76.9532	1016.01	0	
215.41	-92.9771	1039.77	0	
-190.012	-79.3044	1013.64	0	
-152.995	-74.0825	987.68	0	
-12.8019	-65.1246	750.105	0	
-9.71992	-71.466	779.754	0	
-20.9879	-64.0859	812.203	0	
-22.8398	-77.3447	885.914	0	
-9.73539	-85.0268	878.972	0	
0.462043	-83.3917	885.281	0	
-86.4893	-101.764	994.539	0	
-59.4189	-96.458	988.937	0	
-130.576	-65.1225	989.41	0	
-131.715	-54.1728	973.485	0	
-125.228	-112.52	1003.42	0	
-96.5964	-102.671	996.667	0	
15.4141	-115.752	959.057	0	
70.1016	-124.529	988.713	0	
3.57907	-75.7731	821.418	0	
17.268	-90.6191	935.444	0	
201.182	-66.8504	1040.93	0	
199.974	-42.0457	1048.57	0	
207.862	-61.6599	1044.31	0	
205.93	-47.7594	1048.54	0	
197.652	-57.0795	1040.84	0	
204.708	-55.4884	1045.01	0	
-233.879	-60.3994	1025.89	0	
-97.6738	-111.965	993.653	0	
-88.4033	-83.3846	1002.12	0	
177.422	-47.8082	1024.47	0	
187.981	-42.0802	1037.29	0	
105.3	-58.4118	968.733	0	
100.18	-50.0813	974.703	0	
121.204	-83.8316	977.988	0	
137.861	-98.9779	1003.13	0	
55.0969	-93.2521	980.775	0	
72.0487	-91.5644	989.821	0	
-43.1917	-88.7741	975.945	0	
-28.691	-99.0643	960.626	0	
223.404	-53.6991	1051.88	0	
-155.2	-103.508	1009.68	0	
-134.333	-105.883	999.319	0	
113.418	-89.5601	990.635	0	
120.428	-73.6801	986.201	0	
80.864	-93.3271	984.876	0	
91.018	-104.122	987.898	0	
-172.278	-78.6247	1003.68	0	
-157.962	-91.829	1000.09	0	
-23.49	-91.6901	925.925	0	
-18.0726	-110.044	960.419	0	
-53.1197	-101.147	980.093	0	
-55.3101	-84.4998	990.04	0	
-69.8759	-110.214	990.153	0	
-37.4709	-100.955	966.647	0	
-36.8472	-129.242	983.42	0	
-40.7122	-110.646	974.924	0	
-46.3319	-126.788	983.135	0	
-32.1437	-124.084	976.212	0	
-87.4759	-128.662	997.482	0	
-66.8392	-99.659	989.671	0	
132.281	-112.661	1004.81	0	
153.171	-97.9557	1008.68	0	
44.1166	-94.9218	983.575	0	
23.4466	-104.771	968.74	0	
62.8133	-98.9109	986.452	0	
60.6361	-117.067	983.545	0	
-34.4864	-115.37	973.03	0	
-14.588	-92.3799	931.525	0	
113.374	-98.1477	984.243	0	
129.688	-96.456	990.074	0	
92.9048	-112.865	990.022	0	
107.07	-110.937	989.516	0	
-54.3379	-135.356	991.931	0	
-1.03104	-100.478	938.683	0	
-27.3711	-108.854	962.468	0	
-227.506	-104.478	1027.15	0	
-212.035	-80.537	1025.05	0	
-73.0078	-93.2909	994.945	0	
-79.3825	-111.591	991	0	
141.526	-127.876	1013.47	0	
152.699	-115.721	1015.16	0	
162.722	-94.0668	1014.52	0	
152.983	-80.2678	1003.59	0	
76.177	-109.583	986.287	0	
64.7002	-107.93	986.826	0	
-22.5573	-125.905	976.655	0	
-15.6015	-118.38	965.051	0	
105.619	-102.233	992.213	0	
115.604	-114.251	998.806	0	
86.5622	-120.766	991.015	0	
112.039	-135.63	1000.89	0	
-33.3768	-142.558	983.197	0	
-87.5615	-117.72	997.946	0	
-65.1961	-131.341	991.167	0	
171.443	-107.343	1022.99	0	
194.42	-100.705	1031.65	0	
69.5826	-135.606	992.09	0	
90.1557	-135.657	995.76	0	
-15.43	-136.017	970.252	0	
-4.19913	-133.705	981.711	0	
117.75	-121.733	998.171	0	
132.716	-120.902	1005.02	0	
92.5704	-127.823	996.16	0	
101.747	-140.51	1003.55	0	
-21.546	-147.513	984.1	0	
18.8739	-130.674	982.318	0	
3.13556	-111.799	964.528	0	
110.893	-127.567	1003.08	0	
119.658	-137.831	1008.76	0	
123.632	-152.408	1012.8	0	
131.677	-144.133	1012.15	0	
115.182	-156.623	1007.41	0	
145.402	-142.503	1016.38	0	
132.259	-137.07	1012.06	0	
123.404	-145.216	1008.62	0	
132.765	-158.175	1009.45	0	
159.169	-144.013	1022.59	0	
149.39	-126.953	1015.16	0	
172.611	-154.118	1028.07	0	
185.664	-139.251	1029.92	0	
152.962	-141.166	1020.57	0	
168.553	-137.991	1025.06	0	
177.579	-142.714	1028.95	0	
178.568	-121.797	1026.85	0	
189.163	-83.3224	1030.43	0	
172.298	-98.9278	1022.25	0	
-124.999	-128.378	1008.18	0	
-107.856	-114.691	1002.49	0	
211.694	-81.3415	1042.78	0	
231.839	-104.601	1039.23	0	
-182.582	-74.315	1009.25	0	
-213.837	-95.642	1026.55	0	
57.8103	-140.752	988.787	0	
194.877	-144.61	1032.55	0	
203.861	-131.14	1034.66	0	
180.814	-112.598	1026.55	0	
162.583	-115.146	1019.89	0	
-148.897	-127.55	1011.92	0	
-96.7946	-154.753	1003.11	0	
-176.768	-98.4064	1013.64	0	
-187.967	-93.4799	1019.05	0	
198.247	-157.823	1032.61	0	
212.76	-125.975	1035.73	0	
207.104	-100.854	1038.69	0	
190.014	-110.035	1031.85	0	
186.075	-94.8527	1030.4	0	
223.825	-129.192	1036.31	0	
231.207	-122.111	1037.31	0	
227.061	-142.298	1036.98	0	
227.435	-94.5895	1042.67	0	
196.921	-116.563	1032.75	0	
207.431	-116.759	1036.55	0	
234.932	-84.9465	1040.92	0	
-175.564	-112.704	1019.49	0	
-186.71	-122.849	1023.43	0	
30.9467	-137.022	980.117	0	
37.5613	-107.813	967.119	0	
102.772	-150.467	1000.84	0	
80.2776	-152.359	995.843	0	
45.433	-132.046	986.339	0	
30.171	-151.952	987.317	0	
-172.691	-145.849	1021.03	0	
-131.242	-157.92	1012.92	0	
-228.217	-121.587	1029.5	0	
-200.423	-116.89	1027.08	0	
-102.45	-136.512	1005.53	0	
13.4768	-153.494	984.16	0	
-186.725	-140.239	1027.71	0	
-161.654	-130.273	1016.72	0	
-204.954	-144.216	1027.74	0	
