# File: Inv_SEN1.vtk
# (No specific header documentation)

# vtk DataFile Version 2.0
Finite element discrete.
ASCII
DATASET UNSTRUCTURED_GRID
POINTS 4436 double
-2208.06	0	0
-1864.63	0	0
-1578.44	0	0
-1339.95	0	0
-1141.21	0	0
-975.592	0	0
-837.577	0	0
-722.564	0	0
-626.72	0	0
-546.85	0	0
-480.292	0	0
-424.826	0	0
-378.605	0	0
-340.088	0	0
-307.99	0	0
-281.242	0	0
-258.951	0	0
-240.376	0	0
-224.897	0	0
-211.997	0	0
-201.248	0	0
-192.29	0	0
-184.825	0	0
-178.604	0	0
-173.42	0	0
-169.1	0	0
-165.5	0	0
-162.5	0	0
-160	0	0
-158.75	0	0
-157.5	0	0
-156.25	0	0
-155	0	0
-153.75	0	0
-152.5	0	0
-151.25	0	0
-150	0	0
-148.75	0	0
-147.5	0	0
-146.25	0	0
-145	0	0
-143.75	0	0
-142.5	0	0
-141.25	0	0
-140	0	0
-138.75	0	0
-137.5	0	0
-136.25	0	0
-135	0	0
-133.75	0	0
-132.5	0	0
-131.25	0	0
-130	0	0
-128.75	0	0
-127.5	0	0
-126.25	0	0
-125	0	0
-123.75	0	0
-122.5	0	0
-121.25	0	0
-120	0	0
-118.75	0	0
-117.5	0	0
-116.25	0	0
-115	0	0
-113.75	0	0
-112.5	0	0
-111.25	0	0
-110	0	0
-108.75	0	0
-107.5	0	0
-106.25	0	0
-105	0	0
-103.75	0	0
-102.5	0	0
-101.25	0	0
-100	0	0
-98.75	0	0
-97.5	0	0
-96.25	0	0
-95	0	0
-93.75	0	0
-92.5	0	0
-91.25	0	0
-90	0	0
-88.75	0	0
-87.5	0	0
-86.25	0	0
-85	0	0
-83.75	0	0
-82.5	0	0
-81.25	0	0
-80	0	0
-78.75	0	0
-77.5	0	0
-76.25	0	0
-75	0	0
-73.75	0	0
-72.5	0	0
-71.25	0	0
-70	0	0
-68.75	0	0
-67.5	0	0
-66.25	0	0
-65	0	0
-63.75	0	0
-62.5	0	0
-61.25	0	0
-60	0	0
-58.75	0	0
-57.5	0	0
-56.25	0	0
-55	0	0
-53.75	0	0
-52.5	0	0
-51.25	0	0
-50	0	0
-48.75	0	0
-47.5	0	0
-46.25	0	0
-45	0	0
-43.75	0	0
-42.5	0	0
-41.25	0	0
-40	0	0
-38.75	0	0
-37.5	0	0
-36.25	0	0
-35	0	0
-33.75	0	0
-32.5	0	0
-31.25	0	0
-30	0	0
-28.75	0	0
-27.5	0	0
-26.25	0	0
-25	0	0
-23.75	0	0
-22.5	0	0
-21.25	0	0
-20	0	0
-18.75	0	0
-17.5	0	0
-16.25	0	0
-15	0	0
-13.75	0	0
-12.5	0	0
-11.25	0	0
-10	0	0
-8.75	0	0
-7.5	0	0
-6.25	0	0
-5	0	0
-3.75	0	0
-2.5	0	0
-1.25	0	0
0	0	0
1.25	0	0
2.5	0	0
3.75	0	0
5	0	0
6.25	0	0
7.5	0	0
8.75	0	0
10	0	0
11.25	0	0
12.5	0	0
13.75	0	0
15	0	0
16.25	0	0
17.5	0	0
18.75	0	0
20	0	0
21.25	0	0
22.5	0	0
23.75	0	0
25	0	0
26.25	0	0
27.5	0	0
28.75	0	0
30	0	0
31.25	0	0
32.5	0	0
33.75	0	0
35	0	0
36.25	0	0
37.5	0	0
38.75	0	0
40	0	0
41.25	0	0
42.5	0	0
43.75	0	0
45	0	0
46.25	0	0
47.5	0	0
48.75	0	0
50	0	0
51.25	0	0
52.5	0	0
53.75	0	0
55	0	0
56.25	0	0
57.5	0	0
58.75	0	0
60	0	0
61.25	0	0
62.5	0	0
63.75	0	0
65	0	0
66.25	0	0
67.5	0	0
68.75	0	0
70	0	0
71.25	0	0
72.5	0	0
73.75	0	0
75	0	0
76.25	0	0
77.5	0	0
78.75	0	0
80	0	0
81.25	0	0
82.5	0	0
83.75	0	0
85	0	0
86.25	0	0
87.5	0	0
88.75	0	0
90	0	0
91.25	0	0
92.5	0	0
93.75	0	0
95	0	0
96.25	0	0
97.5	0	0
98.75	0	0
100	0	0
101.25	0	0
102.5	0	0
103.75	0	0
105	0	0
106.25	0	0
107.5	0	0
108.75	0	0
110	0	0
111.25	0	0
112.5	0	0
113.75	0	0
115	0	0
116.25	0	0
117.5	0	0
118.75	0	0
120	0	0
121.25	0	0
122.5	0	0
123.75	0	0
125	0	0
126.25	0	0
127.5	0	0
128.75	0	0
130	0	0
131.25	0	0
132.5	0	0
133.75	0	0
135	0	0
136.25	0	0
137.5	0	0
138.75	0	0
140	0	0
141.25	0	0
142.5	0	0
143.75	0	0
145	0	0
146.25	0	0
147.5	0	0
148.75	0	0
150	0	0
151.25	0	0
152.5	0	0
153.75	0	0
155	0	0
156.25	0	0
157.5	0	0
158.75	0	0
161.25	0	0
164.25	0	0
167.85	0	0
172.17	0	0
177.354	0	0
183.575	0	0
191.04	0	0
199.998	0	0
210.747	0	0
223.647	0	0
239.126	0	0
257.701	0	0
279.992	0	0
306.74	0	0
338.838	0	0
377.355	0	0
423.576	0	0
479.042	0	0
545.6	0	0
625.47	0	0
721.314	0	0
836.327	0	0
974.342	0	0
1139.96	0	0
1338.7	0	0
1577.19	0	0
1863.38	0	0
2206.81	0	0
-2208.06	-4856.36	0
2206.81	-4856.36	0
-0.625	-4414.87	0
-0.625	-4856.36	0
-159.375	-2.00447	0
-64.375	-2.00447	0
31.875	-2.00447	0
126.875	-2.00447	0
-113.125	-2.00447	0
-136.875	-2.00447	0
-148.125	-2.00447	0
-154.375	-2.00447	0
-156.875	-2.00447	0
-16.875	-2.00447	0
-40.625	-2.00447	0
-53.125	-2.00447	0
-59.375	-2.00447	0
-61.875	-2.00447	0
-65.625	-1.29455	0
-71.875	-2.00447	0
79.375	-2.00447	0
55.625	-2.00447	0
43.125	-2.00447	0
36.875	-2.00447	0
34.375	-2.00447	0
33.125	-1.29455	0
30.625	-1.29455	0
24.375	-2.00447	0
158.125	-2.00447	0
141.875	-2.00447	0
133.125	-2.00447	0
129.375	-2.00447	0
128.125	-1.29455	0
125.625	-1.29455	0
119.375	-2.00447	0
-114.375	-1.29455	0
-120.625	-2.00447	0
-93.125	-2.00447	0
-103.125	-2.00447	0
-109.375	-2.00447	0
-111.875	-1.29455	0
-138.125	-1.29455	0
-129.375	-2.00447	0
-133.125	-2.00447	0
-135.625	-1.29455	0
-149.375	-1.29455	0
-143.125	-2.00447	0
-145.625	-2.00447	0
-146.875	-1.29455	0
-155.625	-1.29455	0
-151.875	-2.00447	0
-153.125	-1.29455	0
-158.125	-1.29455	0
-18.125	-1.29455	0
-24.375	-2.00447	0
3.125	-2.00447	0
-6.875	-2.00447	0
-13.125	-2.00447	0
-15.625	-1.29455	0
-41.875	-1.29455	0
-33.125	-2.00447	0
-36.875	-2.00447	0
-39.375	-1.29455	0
-54.375	-1.29455	0
-48.125	-2.00447	0
-50.625	-2.00447	0
-51.875	-1.29455	0
-60.625	-1.29455	0
-56.875	-2.00447	0
-58.125	-1.29455	0
-63.125	-1.29455	0
-66.875	-1.09989	0
-69.375	-2.00447	0
-70.625	-1.29455	0
-73.125	-1.29455	0
-79.375	-2.00447	0
99.375	-2.00447	0
89.375	-2.00447	0
83.125	-2.00447	0
80.625	-1.29455	0
78.125	-1.29455	0
71.875	-2.00447	0
63.125	-2.00447	0
59.375	-2.00447	0
56.875	-1.29455	0
54.375	-1.29455	0
48.125	-2.00447	0
45.625	-2.00447	0
44.375	-1.29455	0
41.875	-1.29455	0
39.375	-2.00447	0
38.125	-1.29455	0
35.625	-1.29455	0
29.375	-1.09989	0
26.875	-2.00447	0
25.625	-1.29455	0
23.125	-1.29455	0
16.875	-2.00447	0
156.875	-1.29455	0
150.625	-2.00447	0
145.625	-2.00447	0
143.125	-1.29455	0
140.625	-1.29455	0
136.875	-2.00447	0
134.375	-1.29455	0
131.875	-1.29455	0
124.375	-1.09989	0
121.875	-2.00447	0
120.625	-1.29455	0
118.125	-1.29455	0
111.875	-2.00447	0
-115.625	-1.09989	0
-118.125	-2.00447	0
-119.375	-1.29455	0
-121.875	-1.29455	0
-86.875	-2.00447	0
-90.625	-2.00447	0
-91.875	-1.29455	0
-94.375	-1.29455	0
-99.375	-2.00447	0
-101.875	-1.29455	0
-104.375	-1.29455	0
-106.875	-2.00447	0
-108.125	-1.29455	0
-110.625	-1.09989	0
-139.375	-1.09989	0
-125.625	-2.00447	0
-128.125	-1.29455	0
-130.625	-1.29455	0
-134.375	-1.09989	0
-150.625	-1.09989	0
-141.875	-1.29455	0
-144.375	-1.29455	0
-19.375	-1.09989	0
-21.875	-2.00447	0
-23.125	-1.29455	0
-25.625	-1.29455	0
9.375	-2.00447	0
5.625	-2.00447	0
4.375	-1.29455	0
1.875	-1.29455	0
-3.125	-2.00447	0
-5.625	-1.29455	0
-8.125	-1.29455	0
-10.625	-2.00447	0
-11.875	-1.29455	0
-14.375	-1.09989	0
-43.125	-1.09989	0
-29.375	-2.00447	0
-31.875	-1.29455	0
-34.375	-1.29455	0
-38.125	-1.09989	0
-55.625	-1.09989	0
-45.625	-2.00447	0
-46.875	-1.29455	0
-49.375	-1.29455	0
-68.125	-1.08267	0
-66.5621	-3.20169	0
-74.375	-1.09989	0
-76.875	-2.00447	0
-78.125	-1.29455	0
-80.625	-1.29455	0
105.625	-2.00447	0
101.875	-2.00447	0
100.625	-1.29455	0
98.125	-1.29455	0
93.125	-2.00447	0
90.625	-1.29455	0
88.125	-1.29455	0
85.625	-2.00447	0
84.375	-1.29455	0
81.875	-1.09989	0
76.875	-1.09989	0
74.375	-2.00447	0
73.125	-1.29455	0
70.625	-1.29455	0
66.875	-2.00447	0
64.375	-1.29455	0
61.875	-1.29455	0
58.125	-1.09989	0
53.125	-1.09989	0
50.625	-2.00447	0
49.375	-1.29455	0
46.875	-1.29455	0
40.625	-1.09989	0
28.125	-1.08267	0
29.6879	-3.20169	0
21.875	-1.09989	0
19.375	-2.00447	0
18.125	-1.29455	0
15.625	-1.29455	0
155.625	-1.09989	0
153.125	-2.00447	0
151.875	-1.29455	0
149.375	-1.29455	0
146.875	-1.29455	0
144.375	-1.09989	0
139.375	-1.09989	0
135.625	-1.09989	0
130.625	-1.09989	0
123.125	-1.08267	0
124.688	-3.20169	0
116.875	-1.09989	0
114.375	-2.00447	0
113.125	-1.29455	0
110.625	-1.29455	0
-116.875	-1.08267	0
-115.312	-3.20169	0
-123.125	-1.09989	0
-84.375	-2.00447	0
-85.625	-1.29455	0
-88.125	-1.29455	0
-95.625	-1.09989	0
-98.125	-1.29455	0
-100.625	-1.09989	0
-105.625	-1.09989	0
-110.983	-2.91077	0
-140.625	-1.08267	0
-139.062	-3.20169	0
-126.875	-1.09989	0
-131.875	-1.09989	0
-134.733	-2.91077	0
-150.267	-2.91077	0
-20.625	-1.08267	0
-19.0621	-3.20169	0
-26.875	-1.09989	0
11.875	-2.00447	0
10.625	-1.29455	0
8.125	-1.29455	0
0.625	-1.09989	0
-1.875	-1.29455	0
-4.375	-1.09989	0
-9.375	-1.09989	0
-14.7332	-2.91077	0
-44.375	-1.08267	0
-42.8121	-3.20169	0
-30.625	-1.09989	0
-35.625	-1.09989	0
-38.4832	-2.91077	0
-55.2668	-2.91077	0
-67.5162	-2.26952	0
-75.625	-1.08267	0
-74.0621	-3.20169	0
-81.875	-1.09989	0
108.125	-2.00447	0
106.875	-1.29455	0
104.375	-1.29455	0
96.875	-1.09989	0
94.375	-1.29455	0
91.875	-1.09989	0
86.875	-1.09989	0
81.5168	-2.91077	0
75.625	-1.08267	0
77.1879	-3.20169	0
69.375	-1.09989	0
65.625	-1.09989	0
60.625	-1.09989	0
57.7668	-2.91077	0
51.875	-1.08267	0
53.4379	-3.20169	0
40.9832	-2.91077	0
28.7338	-2.26952	0
20.625	-1.08267	0
22.1879	-3.20169	0
14.375	-1.09989	0
154.375	-1.08267	0
155.938	-3.20169	0
148.125	-1.09989	0
144.017	-2.91077	0
138.125	-1.08267	0
139.688	-3.20169	0
135.267	-2.91077	0
130.983	-2.91077	0
123.734	-2.26952	0
115.625	-1.08267	0
117.188	-3.20169	0
109.375	-1.09989	0
-116.266	-2.26952	0
-124.375	-1.08267	0
-122.812	-3.20169	0
-89.375	-1.09989	0
-96.875	-1.08267	0
-95.3121	-3.20169	0
-100.983	-2.91077	0
-105.267	-2.91077	0
-140.016	-2.26952	0
-127.233	-2.91077	0
-131.517	-2.91077	0
-20.0162	-2.26952	0
-28.125	-1.08267	0
-26.5621	-3.20169	0
6.875	-1.09989	0
-0.625	-1.08267	0
0.937855	-3.20169	0
-4.73316	-2.91077	0
-9.01684	-2.91077	0
-43.7662	-2.26952	0
-30.9832	-2.91077	0
-35.2668	-2.91077	0
-68.534	-4.26556	0
-75.0162	-2.26952	0
-83.125	-1.08267	0
-81.5621	-3.20169	0
103.125	-1.09989	0
95.625	-1.08267	0
97.1879	-3.20169	0
91.5168	-2.91077	0
87.2332	-2.91077	0
76.2338	-2.26952	0
68.125	-1.08267	0
69.6879	-3.20169	0
65.2668	-2.91077	0
60.9832	-2.91077	0
52.4838	-2.26952	0
27.716	-4.26556	0
21.2338	-2.26952	0
13.125	-1.08267	0
14.6879	-3.20169	0
154.984	-2.26952	0
147.812	-3.20169	0
138.734	-2.26952	0
122.716	-4.26556	0
116.234	-2.26952	0
109.733	-2.91077	0
-117.284	-4.26556	0
-123.766	-2.26952	0
-89.0168	-2.91077	0
-96.2662	-2.26952	0
-141.034	-4.26556	0
-21.034	-4.26556	0
-27.5162	-2.26952	0
7.23316	-2.91077	0
-0.016236	-2.26952	0
-44.784	-4.26556	0
-76.034	-4.26556	0
-82.5162	-2.26952	0
103.483	-2.91077	0
96.2338	-2.26952	0
75.216	-4.26556	0
68.7338	-2.26952	0
51.466	-4.26556	0
20.216	-4.26556	0
13.7338	-2.26952	0
153.966	-4.26556	0
148.587	-2.24287	0
137.716	-4.26556	0
115.216	-4.26556	0
-124.784	-4.26556	0
-97.284	-4.26556	0
-28.534	-4.26556	0
-1.03398	-4.26556	0
-83.534	-4.26556	0
95.216	-4.26556	0
67.716	-4.26556	0
12.716	-4.26556	0
149.737	-3.96508	0
33.125	-2.74999	0
128.125	-2.74999	0
-146.875	-2.74999	0
-155.625	-2.74999	0
-153.125	-2.74999	0
-158.125	-2.74999	0
-51.875	-2.74999	0
-60.625	-2.74999	0
-58.125	-2.74999	0
-63.125	-2.74999	0
-70.625	-2.74999	0
44.375	-2.74999	0
38.125	-2.74999	0
35.625	-2.74999	0
25.625	-2.74999	0
120.625	-2.74999	0
-119.375	-2.74999	0
-91.875	-2.74999	0
-108.125	-2.74999	0
-144.375	-2.74999	0
-23.125	-2.74999	0
4.375	-2.74999	0
-11.875	-2.74999	0
-46.875	-2.74999	0
-49.375	-2.74999	0
-78.125	-2.74999	0
100.625	-2.74999	0
84.375	-2.74999	0
73.125	-2.74999	0
49.375	-2.74999	0
46.875	-2.74999	0
18.125	-2.74999	0
151.875	-2.74999	0
113.125	-2.74999	0
-85.625	-2.74999	0
10.625	-2.74999	0
106.875	-2.74999	0
-141.802	-2.87844	0
-98.052	-2.87844	0
-1.80205	-2.87844	0
94.448	-2.87844	0
31.5394	-3.98781	0
129.508	-3.64826	0
126.539	-3.98781	0
-148.512	-4.07398	0
-154.375	-3.42515	0
-151.742	-3.64826	0
-156.875	-3.42515	0
-159.945	-4.38169	0
-53.512	-4.07398	0
-59.375	-3.42515	0
-56.7419	-3.64826	0
-61.875	-3.42515	0
-64.7106	-3.98781	0
-72.2106	-3.98781	0
42.738	-4.07398	0
39.5081	-3.64826	0
34.375	-3.42515	0
36.875	-3.42515	0
24.0394	-3.98781	0
119.039	-3.98781	0
-120.961	-3.98781	0
-90.4919	-3.64826	0
-93.4606	-3.98781	0
-109.508	-3.64826	0
-106.742	-3.64826	0
-145.625	-3.42515	0
-24.7106	-3.98781	0
5.75807	-3.64826	0
2.78942	-3.98781	0
-13.2581	-3.64826	0
-10.4919	-3.64826	0
-50.625	-3.42515	0
-48.125	-3.42515	0
-79.7106	-3.98781	0
102.008	-3.64826	0
99.0394	-3.98781	0
82.9919	-3.64826	0
85.7581	-3.64826	0
71.5394	-3.98781	0
45.625	-3.42515	0
48.125	-3.42515	0
16.5394	-3.98781	0
111.488	-4.07398	0
-87.262	-4.07398	0
8.98803	-4.07398	0
108.258	-3.64826	0
105.238	-4.07398	0
-143.119	-3.4344	0
-99.5093	-3.64606	0
-3.25931	-3.64606	0
92.9907	-3.64606	0
131.428	-5.64493	0
128.082	-4.32968	0
-153.119	-4.25517	0
-150.249	-4.78972	0
-155.625	-4.2447	0
-158.238	-4.4548	0
-58.1193	-4.25517	0
-55.2493	-4.78972	0
-60.625	-4.2447	0
-63.1696	-4.32728	0
41.0007	-4.78972	0
33.0804	-4.32728	0
38.1307	-4.25517	0
35.625	-4.2447	0
-91.9177	-4.32968	0
-111.428	-5.64493	0
-104.822	-5.64493	0
-146.933	-4.35218	0
4.33226	-4.32968	0
-15.1782	-5.64493	0
-8.57177	-5.64493	0
-51.9331	-4.35218	0
-49.375	-4.2447	0
-46.6566	-4.64898	0
100.582	-4.32968	0
81.0718	-5.64493	0
87.6782	-5.64493	0
44.3169	-4.35218	0
46.875	-4.2447	0
49.5934	-4.64898	0
-88.9993	-4.78972	0
7.25066	-4.78972	0
109.751	-4.78972	0
106.817	-4.35266	0
103.501	-4.78972	0
-144.375	-4.24424	0
126.763	-6.63281	0
129.537	-5.5418	0
-151.831	-5.31181	0
-156.894	-4.8174	0
-155.341	-6.56622	0
-158.148	-6.79184	0
-56.8314	-5.31181	0
-64.4845	-6.62861	0
31.7655	-6.62861	0
39.4186	-5.31181	0
-93.2374	-6.63281	0
-101.425	-5.64183	0
-148.169	-6.74499	0
3.01264	-6.63281	0
-5.17531	-5.64183	0
-53.1686	-6.74499	0
-50.6329	-4.80031	0
-51.7591	-5.95743	0
-49.113	-6.5397	0
-48.0774	-4.86082	0
99.2626	-6.63281	0
91.0747	-5.64183	0
43.0814	-6.74499	0
45.6171	-4.80031	0
44.4909	-5.95743	0
47.137	-6.5397	0
48.1726	-4.86082	0
-90.576	-5.30478	0
5.67401	-5.30478	0
108.175	-5.30367	0
105.581	-6.74585	0
101.924	-5.30478	0
-145.633	-4.80027	0
-146.759	-5.95743	0
-144.112	-6.53909	0
-153.537	-6.07737	0
-59.1698	-6.84886	0
37.0802	-6.84886	0
-150.389	-7.02345	0
-55.3893	-7.02345	0
-51.2009	-8.61153	0
-47.0874	-6.63037	0
40.8607	-7.02345	0
45.0491	-8.61153	0
49.1626	-6.63037	0
-88.9617	-7.57552	0
7.28827	-7.57552	0
109.787	-7.57361	0
103.358	-7.02503	0
-142.849	-5.23197	0
-146.201	-8.61155	0
-133.125	-3.88438	0
-36.875	-3.88438	0
59.375	-3.88438	0
145.824	-4.23741	0
130.317	-8.62564	0
-153.655	-9.21523	0
-45.4133	-5.95678	0
50.8367	-5.95678	0
-87.4181	-6.16153	0
8.83192	-6.16153	0
111.332	-6.16131	0
-141.385	-7.91119	0
-130.76	-5.97638	0
-39.2403	-5.97638	0
-34.5097	-5.97638	0
57.0097	-5.97638	0
61.7403	-5.97638	0
-42.5414	-6.06272	0
53.7086	-6.06272	0
-135.49	-5.97638	0
-45.1702	-8.97808	0
51.0798	-8.97808	0
-161.25	-1.48943	0
-164	-2.52812	0
160	-1.48943	0
162.75	-2.52812	0
159.888	-4.75365	0
141.968	-4.76987	0
-70.4123	-4.65683	0
-68.8457	-7.47327	0
-72.3843	-7.20595	0
25.8377	-4.65683	0
27.4043	-7.47327	0
23.8657	-7.20595	0
120.838	-4.65683	0
122.404	-7.47327	0
118.866	-7.20595	0
-119.162	-4.65683	0
-121.134	-7.20595	0
-117.596	-7.47327	0
-22.9123	-4.65683	0
-24.8843	-7.20595	0
-21.3457	-7.47327	0
-77.9123	-4.65683	0
-79.8843	-7.20595	0
-76.3457	-7.47327	0
73.3377	-4.65683	0
71.3657	-7.20595	0
74.9043	-7.47327	0
18.3377	-4.65683	0
16.3657	-7.20595	0
19.9043	-7.47327	0
113.326	-4.67269	0
114.924	-7.49962	0
-85.4238	-4.67269	0
-83.826	-7.49962	0
10.8262	-4.67269	0
12.424	-7.49962	0
133.397	-4.34669	0
124.82	-5.46487	0
-66.4305	-5.46517	0
29.8195	-5.46517	0
-95.1804	-5.46487	0
-98.9845	-6.06748	0
1.06963	-5.46487	0
-2.73451	-6.06748	0
97.3196	-5.46487	0
93.5155	-6.06748	0
-53.9465	-9.53548	0
-48.2314	-9.51616	0
42.3035	-9.53548	0
48.0186	-9.51616	0
104.917	-10.4492	0
101.264	-7.31316	0
-148.947	-9.53547	0
147.898	-5.79326	0
-138.644	-6.33519	0
-129.096	-4.32906	0
-32.846	-4.32906	0
63.404	-4.32906	0
156.658	-6.89561	0
139.713	-5.6068	0
-73.9486	-5.50776	0
22.3014	-5.50776	0
117.301	-5.50776	0
-122.699	-5.50776	0
-115.019	-6.10471	0
-26.4486	-5.50776	0
-18.7688	-6.10471	0
-81.4486	-5.50776	0
69.8014	-5.50776	0
77.4812	-6.10471	0
14.8014	-5.50776	0
112.374	-8.85292	0
-86.3745	-8.85041	0
9.87551	-8.85041	0
134.494	-8.15219	0
135.574	-5.24676	0
124.73	-7.81387	0
-66.5165	-7.81824	0
29.7335	-7.81824	0
-96.0817	-9.16459	0
0.168256	-9.16459	0
96.4183	-9.16459	0
102.622	-9.42722	0
-127.286	-7.82059	0
-126.926	-5.24668	0
-31.0362	-7.82059	0
-30.676	-5.24668	0
65.2138	-7.82059	0
65.574	-5.24668	0
137.533	-6.6947	0
127.284	-9.8695	0
-63.5928	-10.4819	0
32.6572	-10.4819	0
99.3661	-9.61274	0
-124.123	-8.3892	0
-27.8727	-8.3892	0
68.3773	-8.3892	0
123.021	-11.3733	0
-68.2343	-11.3809	0
28.0157	-11.3809	0
-125.089	-6.42925	0
-28.8386	-6.42925	0
67.4114	-6.42925	0
151.783	-5.07678	0
153.791	-7.13718	0
-108.125	-6.89997	0
-113.291	-4.29751	0
-11.875	-6.89997	0
-17.0411	-4.29751	0
84.375	-6.89997	0
79.2089	-4.29751	0
-61.8215	-6.622	0
34.4285	-6.622	0
-156.542	-9.19192	0
-40.7947	-4.29093	0
55.4553	-4.29093	0
-137.045	-4.29093	0
144.416	-8.27481	0
-100.887	-9.76866	0
-4.63746	-9.76866	0
91.6125	-9.76866	0
102.131	-13.6189	0
-60.7287	-9.45988	0
35.5213	-9.45988	0
141.718	-7.55253	0
139.475	-7.8577	0
137.082	-9.65056	0
141.086	-11.3016	0
-40.7791	-10.2946	0
55.4709	-10.2946	0
-167.3	-2.77704	0
-162.911	-8.46956	0
166.05	-2.77704	0
-51.0921	-13.4763	0
45.1579	-13.4763	0
-146.092	-13.4763	0
-137.487	-11.5176	0
109.167	-12.0843	0
-82.9342	-12.2616	0
13.3158	-12.2616	0
-89.7125	-12.3618	0
6.53751	-12.3618	0
-120.731	-12.5898	0
-24.4811	-12.5898	0
71.7689	-12.5898	0
115.819	-12.2647	0
150.395	-8.4385	0
-114.113	-10.9213	0
-17.8627	-10.9213	0
78.3873	-10.9213	0
97.1791	-14.0791	0
-57.3412	-9.81484	0
38.9088	-9.81484	0
133.385	-13.0507	0
-171.26	-3.37193	0
-159.82	-9.64689	0
-165.408	-5.85657	0
170.01	-3.37193	0
164.06	-7.16457	0
-45.8379	-14.156	0
50.4121	-14.156	0
-155.136	-13.8337	0
-136.785	-8.64033	0
-126.616	-13.1778	0
-30.3663	-13.1778	0
65.8837	-13.1778	0
155.612	-11.6135	0
-60.5218	-14.5637	0
35.7282	-14.5637	0
129.984	-12.1329	0
-157.808	-12.1091	0
-132.522	-11.2057	0
-162.762	-14.1043	0
-133.772	-8.45789	0
-158.853	-16.6606	0
-130.939	-8.82767	0
-129.368	-11.5896	0
-131.561	-16.4553	0
-129.253	-14.5684	0
-127.381	-19.2126	0
-126.689	-16.2344	0
-122.259	-18.8329	0
-123.484	-14.7818	0
-73.9865	-12.9487	0
22.2635	-12.9487	0
-105.111	-9.85918	0
-8.86063	-9.85918	0
87.3894	-9.85918	0
-78.4316	-11.5301	0
17.8184	-11.5301	0
-92.6132	-10.1977	0
3.63676	-10.1977	0
-110.902	-9.23383	0
-14.6518	-9.23383	0
81.5982	-9.23383	0
-55.3259	-13.5387	0
40.9241	-13.5387	0
-168.862	-5.85729	0
160.292	-8.86933	0
-34.968	-11.0327	0
61.282	-11.0327	0
126.278	-13.8116	0
-120.252	-16.0156	0
-96.0041	-15.2431	0
0.245878	-15.2431	0
-109.801	-15.2265	0
-13.5512	-15.2265	0
82.6988	-15.2265	0
-174.046	-8.46004	0
-167.134	-10.0052	0
130.294	-17.7465	0
-116.906	-13.8018	0
-92.9293	-13.6474	0
3.3207	-13.6474	0
-116.738	-20.6426	0
-91.9079	-19.376	0
4.3421	-19.376	0
-90.0855	-16.0957	0
6.16449	-16.0957	0
-85.7366	-20.6582	0
-86.2897	-14.5893	0
10.5134	-20.6582	0
9.96033	-14.5893	0
147.231	-14.7188	0
137.643	-13.97	0
-176.012	-4.03819	0
174.762	-4.03819	0
-65.1541	-14.8527	0
31.0959	-14.8527	0
-152.462	-21.2081	0
-53.1089	-20.2966	0
43.1411	-20.2966	0
164.91	-14.0587	0
120.74	-17.8151	0
-102.857	-16.4408	0
-6.60701	-16.4408	0
89.6456	-16.5643	0
-164.907	-21.6498	0
-78.3842	-19.0551	0
17.8658	-19.0551	0
134.7	-17.2819	0
142.277	-16.3938	0
-70.0415	-16.0865	0
26.2085	-16.0865	0
-62.3745	-22.1364	0
33.8755	-22.1364	0
-82.3004	-16.7576	0
13.9496	-16.7576	0
133.242	-24.5799	0
-150.611	-13.7449	0
-148.07	-18.3361	0
-36.1069	-19.4844	0
60.1431	-19.4844	0
-124.211	-27.2358	0
-181.714	-4.8475	0
180.465	-4.8475	0
171.419	-10.6048	0
100.393	-21.7895	0
-66.5645	-19.5632	0
29.6855	-19.5632	0
147.44	-23.5009	0
-140.394	-18.6284	0
-72.595	-22.1173	0
23.655	-22.1173	0
-145.661	-26.8137	0
-133.893	-24.5365	0
-67.4916	-25.7706	0
28.7584	-25.7706	0
-19.8049	-17.1778	0
76.4451	-17.1778	0
112.271	-20.3663	0
-98.4037	-21.7178	0
-2.15366	-21.7178	0
-169.024	-16.402	0
-188.558	-5.81674	0
187.308	-5.81674	0
176.927	-9.27515	0
-80.0298	-29.1695	0
16.2202	-29.1695	0
-59.1054	-32.1591	0
37.1446	-32.1591	0
-26.7543	-19.5837	0
69.4957	-19.5837	0
82.701	-26.2304	0
-13.549	-26.2304	0
-175.381	-25.6273	0
183.138	-10.6102	0
-73.433	-28.679	0
-90.8783	-29.9133	0
22.817	-28.679	0
5.37168	-29.9133	0
192.91	-14.8989	0
176.305	-18.7737	0
-75.945	-39.5028	0
-67.1412	-34.0092	0
20.305	-39.5028	0
29.1088	-34.0092	0
-107.899	-24.8129	0
125.56	-23.8414	0
-196.769	-6.98	0
195.519	-6.98	0
75.1735	-24.7445	0
-21.0765	-24.7445	0
-183.582	-16.3054	0
118.217	-24.7738	0
64.7024	-30.5608	0
-31.5476	-30.5608	0
108.176	-32.1055	0
76.5545	-37.5583	0
-19.6955	-37.5583	0
128.217	-36.5288	0
122.745	-31.0527	0
115.458	-31.5359	0
112.73	-43.4967	0
120.095	-39.1721	0
-158.05	-34.917	0
-60.1566	-45.9702	0
36.0934	-45.9702	0
-206.623	-8.37583	0
206.913	-15.1238	0
-191.629	-13.6984	0
123.348	-53.1447	0
203.834	-7.38871	0
-200.623	-15.2535	0
126.498	-45.0465	0
212.389	-8.46408	0
-191.786	-27.9064	0
-214.651	-21.4359	0
137.909	-54.1475	0
220.33	-20.5748	0
137.584	-42.8512	0
-44.451	-23.1731	0
-51.1117	-28.7531	0
-51.166	-39.709	0
-41.6631	-33.2663	0
51.799	-23.1731	0
45.1383	-28.7531	0
45.084	-39.709	0
54.5869	-33.2663	0
157.872	-21.9195	0
-133.381	-41.4105	0
-4.79388	-31.6949	0
-115.533	-29.5405	0
-122.526	-38.3792	0
-104.135	-39.4181	0
-218.447	-10.051	0
-45.621	-57.2568	0
-32.7859	-46.1943	0
50.629	-57.2568	0
63.4641	-46.1943	0
167.641	-23.5851	0
155.192	-39.4382	0
3.14583	-47.1053	0
-100.712	-30.7483	0
-95.1479	-37.9557	0
-97.2966	-53.0987	0
-85.4823	-37.9325	0
161.281	-31.4054	0
147.757	-48.2112	0
-123.092	-57.3014	0
-90.2949	-46.3683	0
171.118	-45.1865	0
-83.003	-60.9613	0
178.493	-32.9191	0
94.1951	-34.56	0
-232.636	-12.0617	0
160.001	-51.0499	0
150.551	-63.984	0
174.962	-65.9447	0
102.568	-65.3465	0
-15.1262	-58.7238	0
204.88	-39.3647	0
-249.663	-14.4733	0
129.02	-76.996	0
81.3796	-59.1114	0
199.723	-26.7266	0
188.905	-47.5294	0
-179.929	-53.0739	0
248.413	-27.3574	0
25.2623	-74.9223	0
-63.6779	-65.5082	0
-102.758	-79.9509	0
-30.5549	-61.76	0
-44.9756	-82.5519	0
-17.9718	-84.9831	0
-237.283	-40.5716	0
-270.096	-17.3686	0
65.7825	-61.8614	0
50.8218	-83.8588	0
77.9908	-85.4975	0
209.985	-69.0648	0
-152.232	-64.8916	0
22.2381	-57.2889	0
3.9971	-69.4933	0
268.846	-19.0389	0
-78.5477	-85.3666	0
-257.306	-34.0847	0
-294.616	-20.8425	0
7.94029	-98.41	0
293.366	-20.611	0
-257.697	-69.4372	0
-279.685	-37.9567	0
271.969	-55.964	0
159.67	-103.393	0
229.556	-43.907	0
-210.266	-49.5738	0
-324.039	-25.0103	0
322.789	-25.0584	0
-99.3375	-121.482	0
-306.072	-45.907	0
105.66	-94.1815	0
-131.384	-85.1984	0
61.7786	-128.246	0
243.625	-75.0426	0
-230.975	-66.6837	0
-198.913	-84.4022	0
-239.92	-110.911	0
-359.347	-30.0125	0
303.808	-51.0823	0
358.096	-30.003	0
-26.5468	-133.249	0
-285.745	-65.609	0
131.609	-104.983	0
84.715	-112.496	0
-165.318	-99.1816	0
-337.797	-55.011	0
-33.5749	-107.105	0
-276.428	-102.012	0
148.189	-149.186	0
110.013	-120.294	0
89.0462	-143.38	0
132.911	-129.706	0
156.503	-126.935	0
113.454	-144.483	0
188.029	-151.392	0
99.4814	-183.07	0
187.785	-119.159	0
-314.816	-75.2651	0
-60.0419	-104.471	0
54.3776	-173.712	0
-358.785	-101.99	0
-401.716	-36.0148	0
295.717	-104.579	0
400.466	-36.0167	0
336.588	-55.0571	0
-136.18	-121.728	0
-198.756	-129.617	0
221.133	-103.972	0
-375.854	-66.0302	0
316.881	-80.4197	0
374.607	-65.937	0
-117.364	-180.684	0
-272.444	-165.004	0
215.163	-135.069	0
227.77	-186.743	0
258.238	-127.218	0
348.652	-84.7679	0
328.723	-112.144	0
301.273	-156.12	0
391.827	-116.974	0
360.303	-114.192	0
342.057	-151.022	0
373.583	-143.705	0
425.57	-159.594	0
369.553	-197.917	0
-65.8021	-145.057	0
-452.559	-43.2185	0
451.309	-43.2181	0
164.573	-214.174	0
420.01	-79.0418	0
326.431	-191.692	0
-27.2382	-202.102	0
-424.983	-111.38	0
276.545	-200.29	0
-414.639	-73.2993	0
338.01	-263.954	0
-453.398	-83.217	0
-517.119	-61.8727	0
-484.352	-142.864	0
18.3198	-143.174	0
-317.612	-120.199	0
-367.398	-177.119	0
512.321	-51.8623	0
61.9223	-250.718	0
230.433	-271.73	0
475.018	-95.5165	0
585.535	-62.2339	0
540.858	-114.013	0
459.014	-268.584	0
-586.785	-57.2691	0
-429.918	-173.794	0
-506.733	-245.619	0
-403.99	-275.711	0
673.392	-74.6811	0
492.406	-160.052	0
-556.265	-124.834	0
-674.642	-75.9754	0
619.763	-136.93	0
562.831	-185.653	0
669.427	-252.585	0
-199.849	-221.756	0
140.293	-308.416	0
778.821	-89.6173	0
-780.071	-89.3739	0
714.468	-164.296	0
-309.238	-254.791	0
-503.616	-425.421	0
-60.6181	-369.385	0
244.192	-434.619	0
905.335	-107.541	0
-906.584	-107.59	0
-705.871	-251.737	0
-323.067	-417.192	0
44.9711	-355.817	0
-92.4232	-276.067	0
828.112	-197.159	0
13.9339	-531.921	0
135.468	-418.259	0
-197.204	-363.858	0
393.188	-405.405	0
1057.15	-129.048	0
-1058.4	-129.039	0
-827.395	-209.137	0
167.567	-574.388	0
964.484	-236.589	0
-185.733	-566.105	0
575.495	-408.869	0
-965.933	-235.523	0
350.839	-583.974	0
2206.81	-2048	0
1183.27	-331.417	0
-834.945	-425.31	0
-2208.06	-2428.18	0
833.068	-435.557	0
-1182.92	-330.559	0
1239.33	-154.858	0
-1240.58	-154.86	0
-403.854	-629.48	0
22.6525	-799.517	0
2206.81	-1024	0
1457.95	-185.829	0
-1459.2	-185.828	0
248.405	-785.628	0
-669.35	-632.863	0
-231.255	-816.474	0
1720.29	-222.997	0
-2208.06	-1214.09	0
157.801	-1154.58	0
622.988	-849.062	0
-532.899	-921.744	0
-1721.54	-222.997	0
-88.4692	-1045.07	0
-1084.97	-794.629	0
1529.51	-625.094	0
2206.81	-512	0
-2208.06	-607.045	0
-140.95	-1494.74	0
-1530.76	-625.094	0
2206.81	-256	0
1953.75	-384	0
-2208.06	-303.522	0
1918.42	-768	0
-1933.02	-455.283	0
-1876.52	-882.794	0
1119.43	-757.635	0
1652.1	-1358.45	0
-1104.34	-4856.36	0
1103.09	-4856.36	0
-1511.03	-1580.09	0
-1452.68	-1090.65	0
1430.24	-1018.61	0
956.616	-1267.1	0
-552.484	-4856.36	0
551.234	-4856.36	0
-920.044	-1402.35	0
482.524	-1741.05	0
-828.413	-3971.41	0
827.163	-3971.41	0
1214.24	-1998.9	0
-224.194	-2617.68	0
-987.909	-2248.08	0
604.361	-2562.46	0
-934.816	-3112.21	0
240.209	-3342.13	0
2206.81	-3452.18	0
1471.33	-2888.9	0
-2208.06	-3642.27	0
2206.81	-4154.27	0
1551.4	-3803.22	0
1694.81	-4856.36	0
1398.95	-4360.31	0
-159.375	-0.904795	0
-160.393	-0.939591	0
-161.25	0	0
-160.363	-1.92965	0
-161.512	-3.13241	0
-159.956	-3.12202	0
-65.625	-0.496402	0
-64.7984	-0.895475	0
30.625	-0.496402	0
31.4516	-0.895475	0
126.875	-0.904795	0
125.625	-0.496402	0
-68.125	0	0
-68.4375	-0.541334	0
-67.8124	-0.541369	0
-69.375	-0.721665	0
-67.4999	-1.08274	0
-68.8125	-1.1187	0
-67.8125	-1.67194	0
-66.875	0	0
-69.4064	-1.36307	0
-68.4411	-1.62782	0
-67.1443	-1.71287	0
-66.5396	-0.562942	0
-69.9979	-1.01265	0
-68.1668	-2.21983	0
-66.7141	-2.40291	0
-66.2386	-1.12415	0
-67.1875	-0.541197	0
-70.6019	-0.507561	0
-70.0494	-1.73651	0
-68.7764	-2.1427	0
-67.9212	-3.28795	0
-66.1223	-1.89521	0
-69.2974	-3.03355	0
-68.5585	-2.8679	0
-71.4144	-0.87753	0
-70.7263	-2.02227	0
-69.9481	-2.46423	0
-65.9674	-2.67466	0
-65.2583	-2.1043	0
-68.7889	-3.57098	0
-71.2778	-1.57459	0
-71.3078	-2.47412	0
-70.0301	-3.21455	0
-65.6515	-3.63031	0
-69.5206	-4.23354	0
-71.9034	-1.33529	0
-72.1086	-0.626056	0
-72.5269	-1.69691	0
-72.1965	-2.97013	0
-71.3218	-3.49181	0
-72.8274	-0.640068	0
-73.3971	-2.34467	0
-72.4381	-2.35333	0
-72.9226	-2.89876	0
-73.5552	-0.704079	0
-64.7135	-2.96726	0
-69.2877	-5.87518	0
-67.2212	-4.40758	0
-65.5422	-4.75952	0
-71.3633	-4.46172	0
-72.4696	-5.44525	0
-71.1464	-5.81966	0
-63.8349	-3.47505	0
-65.3658	-5.89354	0
-66.2881	-6.64848	0
-64.1284	-5.30578	0
-158.125	-0.496402	0
-157.298	-0.895475	0
79.375	-0.904795	0
-154.375	-0.904795	0
55.625	-0.904795	0
-153.125	-0.496402	0
-152.298	-0.895475	0
-150.625	0	0
-150.938	-0.549947	0
-150.305	-0.554253	0
-151.651	-0.591741	0
-149.986	-1.10798	0
-151.263	-1.09891	0
-150.317	-1.97976	0
-149.481	-0.547565	0
-150.945	-1.70607	0
-150.908	-2.4782	0
-148.707	-0.818802	0
-150.995	-3.29841	0
-151.671	-2.81165	0
-151.01	-4.23811	0
-152.414	-3.16954	0
-150.271	-3.78019	0
-149.296	-2.39204	0
-149.408	-3.3498	0
-149.489	-4.26825	0
-148.453	-2.97588	0
-149.1	-5.651	0
-147.609	-3.57145	0
-155.625	-0.496402	0
-156.423	-0.859188	0
-146.875	-0.496402	0
-147.702	-0.895475	0
-146.048	-0.895475	0
36.875	-0.904795	0
-144.375	-0.496402	0
-145.173	-0.859188	0
-143.548	-0.895475	0
28.125	0	0
27.8125	-0.541334	0
28.4376	-0.541369	0
26.875	-0.721665	0
28.7501	-1.08274	0
27.4375	-1.1187	0
28.4375	-1.67194	0
29.375	0	0
26.8436	-1.36307	0
27.8089	-1.62782	0
29.1057	-1.71287	0
29.7104	-0.562942	0
26.2521	-1.01265	0
28.0832	-2.21983	0
29.5359	-2.40291	0
30.0114	-1.12415	0
29.0625	-0.541197	0
25.6481	-0.507561	0
26.2006	-1.73651	0
27.4736	-2.1427	0
28.3288	-3.28795	0
30.1277	-1.89521	0
26.9526	-3.03355	0
27.6915	-2.8679	0
24.8356	-0.87753	0
25.5237	-2.02227	0
26.3019	-2.46423	0
30.2826	-2.67466	0
30.9917	-2.1043	0
27.4611	-3.57098	0
24.9722	-1.57459	0
24.9422	-2.47412	0
26.2199	-3.21455	0
30.5985	-3.63031	0
26.7294	-4.23354	0
24.3466	-1.33529	0
24.1414	-0.626056	0
23.7231	-1.69691	0
24.0535	-2.97013	0
24.9282	-3.49181	0
23.4226	-0.640068	0
22.8529	-2.34467	0
23.8119	-2.35333	0
23.3274	-2.89876	0
22.6948	-0.704079	0
31.5365	-2.96726	0
26.9623	-5.87518	0
29.0288	-4.40758	0
30.7078	-4.75952	0
24.8867	-4.46172	0
23.7804	-5.44525	0
25.1036	-5.81966	0
32.4151	-3.47505	0
30.8842	-5.89354	0
29.9619	-6.64848	0
32.1216	-5.30578	0
-139.375	0	0
-139.688	-0.549947	0
-139.055	-0.554253	0
-140.312	-0.541334	0
-140	-1.09128	0
-138.736	-1.10798	0
-140.625	0	0
-140.938	-0.541369	0
-140.321	-1.6761	0
-139.067	-2.0292	0
-138.231	-0.547565	0
-141.663	-0.598957	0
-141.158	-1.73087	0
-139.695	-1.6388	0
-138.578	-1.68487	0
-141.259	-1.08784	0
-140.704	-2.2474	0
-138.291	-2.61207	0
-141.364	-2.36989	0
-140.395	-3.33408	0
-137.921	-1.98949	0
-142.188	-2.1026	0
-140.925	-2.89752	0
-141.039	-3.57673	0
-142.063	-3.92908	0
-137.457	-0.818802	0
-142.405	-0.752395	0
-137.408	-2.71543	0
-137.486	-1.48456	0
-136.705	-1.18515	0
-142.6	-1.47331	0
-138.046	-3.73197	0
-142.612	-2.79764	0
-143.362	-2.72036	0
-143.886	-2.14943	0
-143.853	-3.2855	0
-144.655	-2.02227	0
-144.605	-3.49707	0
-143.623	-4.03266	0
-145.151	-2.63118	0
-145.158	-4.07631	0
-143.764	-4.97305	0
-142.829	-4.18952	0
-145.914	-2.71481	0
-145.895	-4.11117	0
-144.897	-4.76541	0
-142.22	-4.7228	0
-146.418	-2.09623	0
-146.373	-3.31526	0
-146.313	-4.66457	0
-146.955	-5.16663	0
-146.117	-5.45537	0
-141.718	-5.98589	0
-147.219	-2.02227	0
-147.815	-4.7358	0
-147.777	-5.79019	0
-145.633	-6.73538	0
-145.226	-5.60807	0
-147.685	-2.68802	0
-136.095	-3.14517	0
-143.518	-5.8495	0
-144.355	-5.61188	0
-142.711	-7.14579	0
-142.635	-6.13537	0
-139.599	-4.56502	0
-138.142	-5.08029	0
34.375	-0.904795	0
-135.625	-0.496402	0
129.375	-0.904795	0
-130.625	-0.496402	0
-129.798	-0.895475	0
133.125	-0.904795	0
141.875	-0.904795	0
120.625	-0.496402	0
119.798	-0.895475	0
121.452	-0.895475	0
-121.875	-0.496402	0
-121.048	-0.895475	0
-123.125	0	0
-123.438	-0.549947	0
-122.805	-0.554253	0
-124.062	-0.541334	0
-123.75	-1.09128	0
-122.486	-1.10798	0
-124.375	0	0
-124.688	-0.541369	0
-124.071	-1.6761	0
-122.817	-2.0292	0
-125.625	-0.721551	0
-124.875	-1.71368	0
-123.445	-1.6388	0
-122.328	-1.68487	0
-125.013	-1.09045	0
-124.447	-2.24389	0
-122.041	-2.61207	0
-125.074	-2.31224	0
-124.147	-3.33281	0
-121.671	-1.98949	0
-125.843	-3.04163	0
-124.693	-2.89739	0
-124.789	-3.5781	0
-125.631	-3.92841	0
-121.158	-2.71543	0
-121.891	-3.60672	0
-126.606	-3.69263	0
-125.649	-5.20601	0
-120.269	-2.82745	0
-119.738	-3.75575	0
-123.49	-4.46514	0
-121.82	-4.75902	0
-127.843	-4.04276	0
-118.535	-3.62156	0
-120.195	-4.68236	0
-121.524	-5.99577	0
-119.638	-6.3262	0
123.125	0	0
122.812	-0.541334	0
123.438	-0.541369	0
122.099	-0.592232	0
123.75	-1.08274	0
122.493	-1.08667	0
123.437	-1.67194	0
124.375	0	0
122.812	-1.62594	0
124.106	-1.71287	0
124.71	-0.562942	0
123.083	-2.21996	0
124.536	-2.40291	0
125.011	-1.12415	0
124.062	-0.541197	0
122.474	-2.13854	0
123.329	-3.2884	0
125.128	-1.89521	0
121.96	-3.03247	0
122.688	-2.85667	0
125.283	-2.67466	0
125.992	-2.1043	0
122.474	-3.56566	0
125.599	-3.63031	0
121.546	-3.94613	0
126.537	-2.96726	0
124.029	-4.40796	0
125.708	-4.75937	0
120.605	-3.71747	0
119.712	-3.21533	0
119.915	-4.38676	0
118.861	-5.53782	0
120.066	-5.58252	0
121.888	-4.99519	0
127.415	-3.47505	0
125.884	-5.8936	0
118.554	-2.88561	0
121.095	-5.6564	0
123.227	-5.67949	0
124.963	-6.64652	0
127.125	-5.3109	0
120.472	-7.1378	0
122.156	-6.12223	0
-116.875	0	0
-117.188	-0.541334	0
-116.562	-0.541369	0
-118.125	-0.721665	0
-116.25	-1.08274	0
-117.563	-1.1187	0
-116.563	-1.67194	0
-115.625	0	0
-118.156	-1.36307	0
-117.191	-1.62782	0
-115.894	-1.71287	0
-115.29	-0.562942	0
-118.748	-1.01265	0
-116.917	-2.21983	0
-115.464	-2.40291	0
-114.989	-1.12415	0
-115.938	-0.541197	0
-119.352	-0.507561	0
-118.799	-1.73651	0
-117.526	-2.1427	0
-116.671	-3.28795	0
-114.872	-1.89521	0
-114.501	-0.557081	0
-118.015	-2.89283	0
-117.303	-2.82246	0
-120.161	-0.873061	0
-119.476	-2.02227	0
-118.698	-2.46423	0
-114.717	-2.67466	0
-114.008	-2.1043	0
-113.734	-0.805864	0
-117.591	-3.54787	0
-120.031	-1.57415	0
-114.299	-3.74551	0
-118.018	-4.15488	0
-117.829	-5.38754	0
-113.454	-3.04899	0
-115.916	-4.44237	0
-114.343	-5.02159	0
-112.225	-2.86221	0
100.625	-0.496402	0
99.7984	-0.895475	0
101.452	-0.895475	0
-93.125	-0.904795	0
-93.125	0	0
-103.125	-0.904795	0
-111.875	-0.496402	0
-112.702	-0.895475	0
-108.125	-0.496402	0
-107.298	-0.895475	0
-108.952	-0.895475	0
-104.375	-0.496402	0
-105.625	0	0
-105.938	-0.549947	0
-105.305	-0.554253	0
-106.651	-0.591741	0
-104.986	-1.10798	0
-106.263	-1.09891	0
-105.317	-1.97976	0
-105.945	-1.70607	0
-105.908	-2.4782	0
-105.995	-3.29841	0
-106.671	-2.81165	0
-105.807	-4.6712	0
-107.414	-3.16954	0
-105.212	-3.89072	0
-108.342	-3.9296	0
-107.504	-4.00667	0
-104.296	-2.39204	0
-104.904	-4.74271	0
-108.047	-5.31252	0
-106.759	-4.60177	0
-104.406	-3.35439	0
-103.416	-5.06153	0
-106.394	-6.16168	0
-103.454	-2.97522	0
-103.589	-4.02114	0
-102.221	-2.85165	0
-102.152	-4.31731	0
-110.625	0	0
-110.938	-0.549947	0
-110.305	-0.554253	0
-111.265	-1.09989	0
-109.77	-1.23463	0
-111.303	-2.03322	0
-109.623	-0.568499	0
-110.33	-2.00846	0
-109.849	-2.79336	0
-108.983	-2.94306	0
-110.35	-3.48888	0
-111.594	-4.21468	0
-110.185	-4.91913	0
-128.125	-0.496402	0
-128.923	-0.859188	0
43.125	-0.904795	0
-101.875	-0.496402	0
-133.125	-0.904795	0
-99.375	-0.904795	0
-134.375	0	0
-134.688	-0.549947	0
-134.055	-0.554253	0
-135.015	-1.09989	0
-133.733	-1.10965	0
-135.053	-2.03322	0
-134.068	-1.99106	0
-135.966	-2.14926	0
-133.61	-2.94442	0
-132.562	-2.99912	0
-134.199	-3.84324	0
-131.95	-4.00966	0
-132.113	-2.08824	0
-135.274	-3.84012	0
-133.728	-5.58587	0
-130.498	-3.94753	0
-134.74	-4.92436	0
-132.651	-5.0099	0
-95.625	0	0
-95.9375	-0.549947	0
-95.3049	-0.554253	0
-96.5625	-0.541334	0
-96.25	-1.09128	0
-94.9861	-1.10798	0
-96.875	0	0
-97.1876	-0.541369	0
-96.5706	-1.6761	0
-95.3173	-2.0292	0
-94.481	-0.547565	0
-97.9126	-0.598957	0
-97.4081	-1.73087	0
-95.945	-1.6388	0
-94.8282	-1.68487	0
-97.509	-1.08784	0
-96.9538	-2.2474	0
-94.5411	-2.61207	0
-97.6138	-2.36989	0
-96.6446	-3.33408	0
-94.1712	-1.98949	0
-98.4382	-2.1026	0
-97.1745	-2.89752	0
-97.2893	-3.57673	0
-98.3129	-3.92908	0
-93.8321	-0.836513	0
-98.6429	-0.756164	0
-93.6584	-2.71543	0
-93.7473	-1.4878	0
-98.8822	-1.45463	0
-94.3914	-3.60672	0
-98.9913	-2.86189	0
-92.7685	-2.82745	0
-99.9639	-2.78258	0
-92.2575	-3.53006	0
-100.276	-1.93416	0
-91.3773	-3.62806	0
-101.154	-1.81105	0
-91	-4.4776	0
-90.9168	-2.85537	0
-91.605	-5.31001	0
-90.0291	-4.50214	0
-89.966	-2.85622	0
-89.5608	-3.69592	0
-89.4438	-2.05436	0
-88.5061	-3.84557	0
-88.5222	-2.12956	0
-88.0384	-2.98311	0
-96.0015	-4.46066	0
-98.1448	-5.15653	0
-94.3109	-4.73746	0
-92.9174	-5.18864	0
-91.0821	-6.95746	0
-88.02	-4.70041	0
-88.4208	-5.72006	0
-87.0173	-5.14188	0
-94.1018	-5.87073	0
-89.5493	-5.77683	0
-88.2831	-6.76679	0
-85.8422	-6.19231	0
-95.2919	-7.39736	0
-87.5841	-8.04245	0
-94.2878	-6.95297	0
-94.0772	-8.7854	0
-93.4598	-7.78615	0
-92.7745	-8.89994	0
-92.254	-7.42061	0
-88.125	-0.496402	0
-87.2984	-0.895475	0
-81.875	0	0
-82.1875	-0.549947	0
-81.5549	-0.554253	0
-82.8125	-0.541334	0
-82.5	-1.09128	0
-81.2361	-1.10798	0
-83.125	0	0
-83.4376	-0.541369	0
-82.8206	-1.6761	0
-81.5673	-2.0292	0
-80.731	-0.547565	0
-84.375	-0.721551	0
-83.6246	-1.71368	0
-82.195	-1.6388	0
-81.0782	-1.68487	0
-83.7635	-1.09045	0
-83.1969	-2.24389	0
-80.7911	-2.61207	0
-83.8242	-2.31224	0
-82.8971	-3.33281	0
-80.4212	-1.98949	0
-84.5931	-3.04163	0
-83.4431	-2.89739	0
-83.5393	-3.5781	0
-84.3811	-3.92841	0
-79.9572	-0.818802	0
-79.9084	-2.71543	0
-79.9863	-1.48456	0
-79.2049	-1.18515	0
-80.6414	-3.60672	0
-85.3327	-3.68717	0
-84.3478	-5.0776	0
-79.0185	-2.82745	0
-86.3741	-3.49777	0
-78.4879	-3.75575	0
-82.2402	-4.46514	0
-80.5698	-4.75902	0
-77.2847	-3.62156	0
-78.9454	-4.68236	0
-83.0691	-5.5453	0
-80.2744	-5.99577	0
-78.3879	-6.3262	0
-85.625	-0.496402	0
-86.4228	-0.859188	0
-91.875	-0.496402	0
-91.0484	-0.895475	0
-20.625	0	0
-20.9375	-0.541334	0
-20.3124	-0.541369	0
-21.875	-0.721665	0
-19.9999	-1.08274	0
-21.3125	-1.1187	0
-20.3125	-1.67194	0
-19.375	0	0
-21.9064	-1.36307	0
-20.9411	-1.62782	0
-19.6443	-1.71287	0
-19.0396	-0.562942	0
-22.4979	-1.01265	0
-20.6668	-2.21983	0
-19.2141	-2.40291	0
-18.7386	-1.12415	0
-19.6875	-0.541197	0
-23.1019	-0.507561	0
-22.5494	-1.73651	0
-21.2764	-2.1427	0
-20.4212	-3.28795	0
-18.6223	-1.89521	0
-18.2507	-0.557081	0
-21.7974	-3.03355	0
-21.0585	-2.8679	0
-23.9144	-0.87753	0
-23.2263	-2.02227	0
-22.4481	-2.46423	0
-18.4674	-2.67466	0
-17.7583	-2.1043	0
-17.484	-0.805864	0
-21.2889	-3.57098	0
-23.7778	-1.57459	0
-23.8078	-2.47412	0
-22.5301	-3.21455	0
-18.0494	-3.74551	0
-22.0206	-4.23354	0
-24.4034	-1.33529	0
-24.6086	-0.626056	0
-25.0269	-1.69691	0
-24.6965	-2.97013	0
-23.8218	-3.49181	0
-25.3274	-0.640068	0
-25.8971	-2.34467	0
-24.9381	-2.35333	0
-25.4226	-2.89876	0
-26.0552	-0.704079	0
-17.2042	-3.04899	0
-21.7877	-5.87518	0
-19.6657	-4.44237	0
-18.0927	-5.02159	0
-23.8633	-4.46172	0
-24.9696	-5.44525	0
-23.6464	-5.81966	0
-15.9753	-2.86221	0
-74.375	0	0
-74.6875	-0.549947	0
-74.1063	-0.516457	0
-75.3125	-0.541334	0
-75	-1.09128	0
-75.625	0	0
-75.9376	-0.541369	0
-75.3206	-1.6761	0
-76.875	-0.721551	0
-76.1246	-1.71368	0
-74.6527	-1.70826	0
-76.2635	-1.09045	0
-75.6969	-2.24389	0
-74.2106	-2.39298	0
-76.3242	-2.31224	0
-75.3971	-3.33281	0
-73.879	-1.69383	0
-76.9796	-2.83842	0
-75.9431	-2.89739	0
-76.0393	-3.5781	0
-76.6506	-3.92662	0
-77.2461	-4.35284	0
-76.6191	-4.59972	0
-77.2382	-5.25224	0
-75.7907	-5.37097	0
-78.0697	-5.51442	0
-79.001	-5.61765	0
-77.3797	-6.25316	0
-79.7395	-5.10447	0
-79.2967	-6.49296	0
-78.6139	-7.65429	0
-74.7402	-4.46514	0
-77.8247	-7.10529	0
-77.4006	-8.5567	0
3.125	-0.904795	0
-63.125	-0.496402	0
-62.2984	-0.895475	0
-63.9228	-0.859188	0
-60.625	-0.496402	0
-59.7984	-0.895475	0
-61.4228	-0.859188	0
-14.375	0	0
-14.6875	-0.549947	0
-14.0549	-0.554253	0
-15.4133	-0.598611	0
-15.0152	-1.09989	0
-13.5202	-1.23463	0
-15.0532	-2.03322	0
-13.3728	-0.568499	0
-12.6905	-1.06882	0
-16.1561	-0.752817	0
-16.833	-0.454978	0
-16.3497	-1.47387	0
-16.1756	-2.17157	0
-17.0277	-1.32803	0
-16.6588	-2.64677	0
-16.5217	-3.40368	0
-15.3974	-3.99169	0
-14.0802	-2.00846	0
-13.5993	-2.79336	0
-12.7328	-2.94306	0
-14.1003	-3.48888	0
-12.0432	-4.00489	0
-13.9348	-4.91913	0
-46.875	-0.496402	0
-47.7016	-0.895475	0
-46.0484	-0.895475	0
-58.125	-0.496402	0
-58.9228	-0.859188	0
-57.2984	-0.895475	0
-33.125	-0.904795	0
-54.375	-0.496402	0
-53.5484	-0.895475	0
-55.625	0	0
-55.9375	-0.549947	0
-55.3049	-0.554253	0
-56.6512	-0.591741	0
-54.9861	-1.10798	0
-56.2634	-1.09891	0
-55.3166	-1.97976	0
-55.9451	-1.70607	0
-55.9075	-2.4782	0
-55.9949	-3.29841	0
-56.6705	-2.81165	0
-56.0103	-4.23811	0
-57.4142	-3.16954	0
-55.2712	-3.78019	0
-54.2965	-2.39204	0
-54.4083	-3.3498	0
-54.489	-4.26825	0
-53.4535	-2.97588	0
-54.0996	-5.651	0
-52.6095	-3.57145	0
-44.375	0	0
-44.6875	-0.541334	0
-44.0624	-0.541369	0
-45.4008	-0.592232	0
-43.7499	-1.08274	0
-45.007	-1.08667	0
-44.0625	-1.67194	0
-43.125	0	0
-44.6876	-1.62594	0
-43.3943	-1.71287	0
-42.7896	-0.562942	0
-44.4171	-2.21996	0
-42.9641	-2.40291	0
-42.4886	-1.12415	0
-43.4375	-0.541197	0
-45.0257	-2.13854	0
-44.1711	-3.2884	0
-42.3723	-1.89521	0
-42.0007	-0.557081	0
-45.5404	-3.03247	0
-44.812	-2.85667	0
-42.2174	-2.67466	0
-41.5083	-2.1043	0
-41.234	-0.805864	0
-45.0263	-3.56566	0
-41.8016	-3.743	0
-45.9509	-3.94268	0
-40.9542	-3.04908	0
-46.8866	-3.71337	0
-45.6563	-4.94284	0
-43.4152	-4.44327	0
-41.8381	-5.00921	0
-39.7253	-2.86221	0
-46.4102	-5.65957	0
-44.7159	-5.25359	0
-44.0013	-6.65966	0
-6.875	-0.904795	0
-51.875	-0.496402	0
-52.6728	-0.859188	0
-51.0484	-0.895475	0
-49.375	-0.496402	0
-50.1728	-0.859188	0
-48.5859	-0.895475	0
-38.125	0	0
-38.4375	-0.549947	0
-37.8049	-0.554253	0
-39.1633	-0.598611	0
-37.2702	-1.23463	0
-38.7652	-1.09989	0
-37.1228	-0.568499	0
-38.8032	-2.03322	0
-36.4559	-1.0654	0
-39.9061	-0.752817	0
-36.0703	-1.80054	0
-40.583	-0.454978	0
-40.0997	-1.47387	0
-36.251	-2.77714	0
-35.1122	-1.91761	0
-39.9256	-2.17157	0
-40.7777	-1.32803	0
-40.4088	-2.64679	0
-40.2716	-3.40367	0
-39.1474	-3.99165	0
-37.8302	-2.00846	0
-37.2485	-2.94442	0
-35.8775	-3.71709	0
-34.1346	-2.32665	0
-37.8881	-3.74275	0
-36.108	-5.40033	0
-34.3981	-4.2031	0
-33.2983	-3.20431	0
-37.574	-5.19006	0
-31.875	-0.496402	0
-34.375	-0.496402	0
-78.125	-0.496402	0
-11.875	-0.496402	0
-11.0484	-0.895475	0
83.125	-0.904795	0
89.375	-0.904795	0
81.875	0	0
81.5625	-0.549947	0
82.1951	-0.554253	0
80.8367	-0.598611	0
81.2348	-1.09989	0
82.5167	-1.10965	0
81.1968	-2.03322	0
82.1824	-1.99106	0
80.1069	-0.756779	0
79.8671	-1.45463	0
80.2811	-2.32032	0
82.6424	-2.79268	0
79.4787	-3.16452	0
83.5128	-2.9363	0
82.147	-3.49425	0
84.189	-3.97746	0
80.8963	-4.21306	0
82.3225	-4.92612	0
78.3252	-2.68301	0
-8.125	-0.496402	0
73.125	-0.496402	0
72.2984	-0.895475	0
73.9516	-0.895475	0
-5.625	-0.496402	0
75.625	0	0
75.3125	-0.541334	0
75.9376	-0.541369	0
74.5992	-0.592232	0
76.2501	-1.08274	0
74.993	-1.08667	0
75.9375	-1.67194	0
76.875	0	0
75.3124	-1.62594	0
76.6057	-1.71287	0
77.2104	-0.562942	0
75.5829	-2.21996	0
77.0359	-2.40291	0
77.5114	-1.12415	0
76.5625	-0.541197	0
74.9743	-2.13854	0
75.8289	-3.2884	0
77.6277	-1.89521	0
77.9993	-0.557081	0
74.4596	-3.03247	0
75.188	-2.85667	0
78.6638	-0.823276	0
74.9737	-3.56566	0
78.8134	-1.53792	0
74.0456	-3.94613	0
76.5848	-4.44327	0
73.1053	-3.71747	0
72.2123	-3.21533	0
72.4146	-4.38676	0
71.3613	-5.53782	0
72.5658	-5.58252	0
74.3881	-4.99519	0
71.054	-2.88561	0
73.5954	-5.6564	0
75.7282	-5.68127	0
72.9716	-7.1378	0
74.6565	-6.12272	0
-9.375	0	0
-9.6875	-0.549947	0
-9.05492	-0.554253	0
-10.4012	-0.591741	0
-8.7361	-1.10798	0
-10.0134	-1.09891	0
-9.06663	-1.97976	0
-9.69515	-1.70607	0
-9.65753	-2.4782	0
-9.74494	-3.29841	0
-10.4205	-2.81165	0
-9.55743	-4.6712	0
-11.1642	-3.16954	0
-8.96236	-3.89072	0
-11.2329	-3.9774	0
-11.594	-5.29054	0
-10.511	-4.60399	0
-8.04649	-2.39204	0
-8.65426	-4.74271	0
-10.142	-6.16669	0
-8.15587	-3.35439	0
-7.16623	-5.06153	0
-7.2037	-2.97522	0
-7.33878	-4.02114	0
-5.97081	-2.85165	0
-5.90169	-4.31731	0
-26.875	0	0
-27.1875	-0.549947	0
-26.6063	-0.516457	0
-27.8125	-0.541334	0
-27.5	-1.09128	0
-28.125	0	0
-28.4376	-0.541369	0
-27.8206	-1.6761	0
-29.375	-0.721551	0
-28.6246	-1.71368	0
-27.1527	-1.70826	0
-28.7635	-1.09045	0
-28.1969	-2.24389	0
-26.7106	-2.39298	0
-28.8242	-2.31224	0
-27.8971	-3.33281	0
-26.379	-1.69383	0
-29.5931	-3.04163	0
-28.4431	-2.89739	0
-28.5393	-3.5781	0
-29.3811	-3.92841	0
-30.3556	-3.69263	0
-29.3989	-5.20601	0
-27.2402	-4.46514	0
-31.5926	-4.04276	0
-3.125	-0.904795	0
63.125	-0.904795	0
0.625	0	0
0.3125	-0.549947	0
0.945078	-0.554253	0
-0.3125	-0.541334	0
0	-1.09128	0
1.2639	-1.10798	0
-0.625	0	0
-0.937559	-0.541369	0
-0.320618	-1.6761	0
0.932743	-2.0292	0
1.76903	-0.547565	0
-1.66258	-0.598957	0
-1.15808	-1.73087	0
0.305015	-1.6388	0
1.4218	-1.68487	0
-1.25895	-1.08784	0
-0.703773	-2.2474	0
1.70887	-2.61207	0
-1.36382	-2.36989	0
-0.394615	-3.33408	0
2.07884	-1.98949	0
-2.1882	-2.1026	0
-0.924518	-2.89752	0
-1.03931	-3.57673	0
-2.0629	-3.92908	0
2.41795	-0.836513	0
-2.39289	-0.756164	0
2.59163	-2.71543	0
2.5027	-1.4878	0
-2.63223	-1.45463	0
1.85855	-3.60672	0
-2.74128	-2.86189	0
3.48148	-2.82745	0
-3.71386	-2.78258	0
3.99251	-3.53006	0
-4.02642	-1.93416	0
4.87268	-3.62806	0
-4.90441	-1.81105	0
5.24996	-4.4776	0
5.33324	-2.85537	0
4.64501	-5.31001	0
6.22089	-4.50214	0
6.28398	-2.85622	0
6.68923	-3.69592	0
6.80622	-2.05436	0
7.74387	-3.84557	0
7.72782	-2.12956	0
8.21162	-2.98311	0
0.248468	-4.46066	0
-1.89483	-5.15653	0
1.93908	-4.73746	0
3.33264	-5.18864	0
5.16789	-6.95746	0
8.22998	-4.70041	0
7.82924	-5.72006	0
9.23267	-5.14188	0
2.1482	-5.87073	0
6.70067	-5.77683	0
7.9669	-6.76679	0
10.4078	-6.19231	0
0.958091	-7.39736	0
8.66592	-8.04245	0
1.96225	-6.95297	0
2.17278	-8.7854	0
2.79019	-7.78615	0
3.47548	-8.89994	0
3.99605	-7.42061	0
59.375	-0.904795	0
58.125	0	0
57.8125	-0.549947	0
58.4451	-0.554253	0
57.0867	-0.598611	0
58.7667	-1.10965	0
57.4848	-1.09989	0
58.4324	-1.99106	0
57.4468	-2.03322	0
56.3569	-0.756779	0
56.1171	-1.45463	0
56.5311	-2.32032	0
58.8902	-2.94442	0
55.7297	-3.16176	0
59.9378	-2.99912	0
58.3011	-3.84324	0
54.5751	-2.68284	0
56.8716	-4.03713	0
60.5496	-4.00966	0
60.3872	-2.08824	0
58.7721	-5.58587	0
62.0017	-3.94753	0
59.849	-5.0099	0
4.375	-0.496402	0
5.20159	-0.895475	0
51.875	0	0
51.5625	-0.541334	0
52.1876	-0.541369	0
50.625	-0.721665	0
52.5001	-1.08274	0
51.1875	-1.1187	0
52.1875	-1.67194	0
53.125	0	0
50.5936	-1.36307	0
51.5589	-1.62782	0
52.8557	-1.71287	0
53.4604	-0.562942	0
50.0021	-1.01265	0
51.8332	-2.21983	0
53.2859	-2.40291	0
53.7614	-1.12415	0
52.8125	-0.541197	0
49.3981	-0.507561	0
49.9506	-1.73651	0
51.2236	-2.1427	0
52.0788	-3.28795	0
53.8777	-1.89521	0
54.2493	-0.557081	0
50.7026	-3.03355	0
51.4415	-2.8679	0
48.5856	-0.87753	0
49.2737	-2.02227	0
50.0519	-2.46423	0
54.9138	-0.823276	0
51.2111	-3.57098	0
48.7222	-1.57459	0
48.6922	-2.47412	0
49.9699	-3.21455	0
55.0634	-1.53792	0
50.4836	-4.23202	0
48.0966	-1.33529	0
47.8914	-0.626056	0
47.4731	-1.69691	0
48.0149	-2.71481	0
48.8023	-3.18447	0
47.1726	-0.640068	0
46.8198	-2.02227	0
47.4583	-3.16481	0
48.7544	-4.1229	0
46.4448	-0.704079	0
46.2284	-1.61146	0
46.2161	-2.434	0
46.7826	-3.49734	0
47.5506	-3.91216	0
45.625	-0.551957	0
45.5605	-2.71481	0
46.1732	-3.95204	0
47.4857	-4.63294	0
45.5817	-1.27821	0
44.955	-2.3017	0
44.9794	-3.1257	0
45.4922	-4.11198	0
44.972	-4.56185	0
44.8313	-3.87342	0
44.4217	-5.15288	0
44.0409	-3.54003	0
45.093	-5.22621	0
46.038	-5.85361	0
46.2981	-4.64036	0
46.8935	-4.89009	0
46.3751	-5.29138	0
47.5494	-5.59015	0
46.7673	-5.90869	0
44.9728	-0.877454	0
44.2757	-2.02227	0
43.4103	-4.878	0
46.3501	-6.57695	0
44.2909	-0.537024	0
43.7072	-1.57408	0
43.6933	-2.47236	0
43.7529	-5.61567	0
45.3108	-6.59634	0
46.8033	-7.82019	0
42.774	-3.00977	0
42.6078	-5.69906	0
43.8268	-6.42391	0
43.9689	-7.77976	0
44.5425	-6.73683	0
45.096	-7.59304	0
50.3723	-5.15332	0
48.548	-5.81251	0
49.8727	-5.97802	0
51.2859	-5.16124	0
50.3829	-7.24594	0
52.2642	-6.23823	0
52.5918	-4.95787	0
42.1679	-2.23424	0
41.2512	-2.0045	0
41.8714	-3.0906	0
40.3131	-2.21984	0
41.2558	-3.84779	0
40.3411	-4.10557	0
41.91	-4.53049	0
41.683	-5.45865	0
40.5954	-5.88557	0
41.8889	-6.56534	0
45.892	-8.14008	0
46.2265	-9.72748	0
46.6394	-8.8115	0
48.1421	-6.75743	0
39.4437	-6.75393	0
41.9438	-8.07167	0
47.6812	-8.47448	0
49.3302	-8.5159	0
48.7671	-7.61574	0
8.125	-0.496402	0
8.95159	-0.895475	0
10.625	-0.496402	0
9.82723	-0.859188	0
11.4516	-0.895475	0
15.625	-0.496402	0
16.4516	-0.895475	0
39.375	-0.904795	0
14.375	0	0
14.0625	-0.549947	0
14.6951	-0.554253	0
13.4375	-0.541334	0
13.75	-1.09128	0
15.0139	-1.10798	0
13.125	0	0
12.8124	-0.541369	0
13.4294	-1.6761	0
14.6827	-2.0292	0
12.0992	-0.592177	0
12.6254	-1.71368	0
14.055	-1.6388	0
15.1718	-1.68487	0
12.4928	-1.0868	0
13.0531	-2.24389	0
15.4589	-2.61207	0
12.4258	-2.31224	0
13.3529	-3.33281	0
15.8288	-1.98949	0
11.6569	-3.04163	0
12.8069	-2.89739	0
12.7107	-3.5781	0
11.8689	-3.92841	0
16.3416	-2.71543	0
15.6086	-3.60672	0
10.9173	-3.68717	0
11.9022	-5.0776	0
17.2315	-2.82745	0
9.8759	-3.49777	0
17.7621	-3.75575	0
14.0098	-4.46514	0
15.6802	-4.75902	0
18.9653	-3.62156	0
17.3046	-4.68236	0
13.1809	-5.5453	0
15.9756	-5.99577	0
17.8621	-6.3262	0
21.875	0	0
21.5625	-0.549947	0
22.1437	-0.516457	0
20.9375	-0.541334	0
21.25	-1.09128	0
20.625	0	0
20.3124	-0.541369	0
20.9294	-1.6761	0
19.375	-0.721551	0
20.1254	-1.71368	0
21.5973	-1.70826	0
19.9865	-1.09045	0
20.5531	-2.24389	0
22.0394	-2.39298	0
19.9258	-2.31224	0
20.8529	-3.33281	0
22.371	-1.69383	0
19.2704	-2.83842	0
20.3069	-2.89739	0
20.2107	-3.5781	0
19.5994	-3.92662	0
19.0039	-4.35284	0
19.6309	-4.59972	0
19.0118	-5.25224	0
20.4593	-5.37097	0
18.1803	-5.51442	0
17.249	-5.61765	0
18.8703	-6.25316	0
16.5105	-5.10447	0
16.9533	-6.49296	0
17.6361	-7.65429	0
21.5098	-4.46514	0
18.4253	-7.10529	0
18.8494	-8.5567	0
35.625	-0.496402	0
18.125	-0.496402	0
17.3272	-0.859188	0
151.875	-0.496402	0
151.048	-0.895475	0
152.702	-0.895475	0
40.625	0	0
40.3125	-0.549947	0
40.9451	-0.554253	0
39.9848	-1.09994	0
41.2639	-1.10798	0
40.3049	-1.61415	0
41.769	-0.547565	0
40.8625	-1.60449	0
42.4179	-0.836513	0
42.556	-1.55095	0
149.375	-0.496402	0
150.164	-0.895475	0
38.125	-0.496402	0
154.375	0	0
154.062	-0.541334	0
154.688	-0.541369	0
153.349	-0.592232	0
155	-1.08274	0
153.743	-1.08667	0
154.687	-1.67194	0
155.625	0	0
154.062	-1.62594	0
155.356	-1.71287	0
155.96	-0.562942	0
154.333	-2.21996	0
155.786	-2.40291	0
156.261	-1.12415	0
155.312	-0.541197	0
153.724	-2.13854	0
154.579	-3.2884	0
156.378	-1.89521	0
156.749	-0.557081	0
153.21	-3.03247	0
153.938	-2.85667	0
156.533	-2.67466	0
157.242	-2.1043	0
157.516	-0.805864	0
153.724	-3.56566	0
157.08	-3.89196	0
152.612	-4.12343	0
153.298	-4.10484	0
152.985	-5.21512	0
153.494	-4.75948	0
153.97	-5.80375	0
154.275	-5.03386	0
155.357	-5.90854	0
155.061	-4.27125	0
157.797	-3.05548	0
152.976	-6.3491	0
158.473	-4.35952	0
159.401	-2.98021	0
152.173	-7.99594	0
33.125	-0.496402	0
32.3272	-0.859188	0
136.875	-0.904795	0
144.375	0	0
144.062	-0.549947	0
144.695	-0.554253	0
143.337	-0.598611	0
143.735	-1.09989	0
145.23	-1.23463	0
143.697	-2.03322	0
145.377	-0.568499	0
146.06	-1.06882	0
142.607	-0.756779	0
142.367	-1.45463	0
142.781	-2.32032	0
144.67	-2.00846	0
141.901	-3.38785	0
145.152	-3.04463	0
144.436	-4.23373	0
146.488	-3.02475	0
135.625	0	0
135.312	-0.549947	0
135.945	-0.554253	0
134.587	-0.598611	0
134.985	-1.09989	0
136.267	-1.10965	0
134.947	-2.03322	0
135.932	-1.99106	0
133.857	-0.756779	0
133.617	-1.45463	0
134.031	-2.32032	0
136.389	-3.02225	0
133.223	-3.17992	0
135.721	-4.03919	0
137.655	-3.00147	0
134.32	-3.61339	0
132.147	-2.67812	0
134.493	-4.77886	0
131.841	-4.17443	0
133.264	-6.28772	0
134.566	-6.09281	0
130.625	0	0
130.312	-0.549947	0
130.945	-0.554253	0
129.985	-1.09994	0
131.264	-1.10798	0
130.305	-1.97357	0
131.314	-2.03899	0
131.769	-0.547565	0
132.418	-0.836513	0
132.556	-1.55095	0
132.007	-1.9776	0
129.867	-2.79195	0
128.995	-2.78868	0
130.356	-3.50004	0
128.525	-3.55124	0
130.109	-4.58599	0
131.152	-3.71912	0
131.859	-3.39857	0
131.037	-4.64194	0
132.624	-3.80427	0
128.947	-4.3066	0
130.524	-5.41961	0
132.57	-4.70288	0
128.54	-5.25987	0
130.22	-7.00966	0
133.324	-5.31679	0
130.786	-6.2939	0
132.409	-5.67098	0
131.651	-7.55993	0
131.895	-6.56111	0
128.627	-6.85818	0
132.754	-7.29998	0
132.62	-9.19922	0
133.869	-7.22692	0
133.375	-8.23453	0
134.996	-7.13874	0
134.033	-9.52809	0
136.121	-8.32695	0
61.875	-0.496402	0
115.625	0	0
115.312	-0.541334	0
115.938	-0.541369	0
114.375	-0.721665	0
116.25	-1.08274	0
114.937	-1.1187	0
115.937	-1.67194	0
116.875	0	0
114.344	-1.36307	0
115.309	-1.62782	0
116.606	-1.71287	0
117.21	-0.562942	0
113.752	-1.01265	0
115.583	-2.21983	0
117.036	-2.40291	0
117.511	-1.12415	0
116.562	-0.541197	0
113.148	-0.507561	0
113.701	-1.73651	0
114.974	-2.1427	0
115.829	-3.28795	0
117.628	-1.89521	0
117.999	-0.557081	0
114.453	-3.03355	0
115.192	-2.8679	0
112.336	-0.87753	0
113.024	-2.02227	0
113.802	-2.46423	0
117.783	-2.67466	0
118.441	-2.06261	0
118.766	-0.805864	0
114.961	-3.57098	0
112.472	-1.57459	0
112.442	-2.47412	0
113.72	-3.21455	0
117.974	-3.48996	0
114.221	-4.23663	0
111.847	-1.33529	0
111.641	-0.626056	0
111.223	-1.69691	0
111.521	-3.00922	0
112.82	-3.75378	0
117.211	-4.3564	0
110.923	-0.640068	0
110.425	-2.23813	0
111.305	-2.36834	0
110.776	-2.90376	0
110.195	-0.704079	0
114.473	-5.88959	0
109.53	-2.01012	0
108.825	-2.64251	0
112.325	-4.62533	0
116.181	-5.01694	0
110.261	-3.84541	0
111.401	-5.11698	0
112.762	-5.99689	0
109.254	-3.79729	0
110.452	-5.57852	0
108.64	-4.49728	0
107.731	-4.39617	0
109.033	-5.2614	0
107.334	-3.55692	0
107.235	-5.20102	0
108.672	-6.65828	0
107.87	-2.85237	0
106.432	-3.53641	0
105.837	-5.36214	0
107.592	-6.28578	0
106.01	-2.78026	0
106.419	-2.09413	0
107.222	-2.02227	0
106.097	-1.38086	0
107.661	-1.36669	0
106.417	-0.717349	0
105.242	-1.22352	0
108.517	-1.23079	0
107.324	-0.713411	0
105.636	-0.521378	0
108.006	-0.775825	0
104.764	-2.91445	0
110.369	-6.65927	0
107.534	-8.20321	0
111.253	-7.86459	0
64.375	-0.496402	0
69.375	0	0
69.0625	-0.549947	0
69.6951	-0.554253	0
68.4375	-0.541334	0
68.75	-1.09128	0
70.0139	-1.10798	0
68.125	0	0
67.8124	-0.541369	0
68.4294	-1.6761	0
69.6827	-2.0292	0
70.519	-0.547565	0
66.875	-0.721551	0
67.6254	-1.71368	0
69.055	-1.6388	0
70.1718	-1.68487	0
67.4865	-1.09045	0
68.0531	-2.24389	0
70.3597	-2.47124	0
67.4258	-2.31224	0
68.3529	-3.33281	0
70.796	-1.95135	0
66.6569	-3.04163	0
67.8069	-2.89739	0
71.3613	-1.45352	0
67.7107	-3.5781	0
66.8689	-3.92841	0
65.8944	-3.69263	0
66.8511	-5.20601	0
69.0098	-4.46514	0
64.6574	-4.04276	0
84.375	-0.496402	0
85.2016	-0.895475	0
88.125	-0.496402	0
90.625	-0.496402	0
86.875	0	0
86.5625	-0.549947	0
87.1951	-0.554253	0
85.8488	-0.591741	0
87.5139	-1.10798	0
86.2366	-1.09891	0
87.1834	-1.97976	0
86.5549	-1.70607	0
86.5925	-2.4782	0
86.5051	-3.29841	0
85.8295	-2.81165	0
86.6926	-4.6712	0
85.0858	-3.16954	0
87.2876	-3.89072	0
85.0101	-3.98723	0
84.5839	-5.29908	0
85.74	-4.6031	0
88.2035	-2.39204	0
87.5957	-4.74271	0
86.1071	-6.16468	0
88.0941	-3.35439	0
89.0838	-5.06153	0
89.0463	-2.97522	0
88.9112	-4.02114	0
90.2792	-2.85165	0
90.3483	-4.31731	0
-100.625	0	0
-100.938	-0.549947	0
-100.305	-0.554253	0
-101.265	-1.09989	0
-99.9833	-1.10965	0
93.125	-0.904795	0
96.875	0	0
96.5625	-0.549947	0
97.1951	-0.554253	0
95.9375	-0.541334	0
96.25	-1.09128	0
97.5139	-1.10798	0
95.625	0	0
95.3124	-0.541369	0
95.9294	-1.6761	0
97.1827	-2.0292	0
98.019	-0.547565	0
94.5874	-0.598957	0
95.0919	-1.73087	0
96.555	-1.6388	0
97.6718	-1.68487	0
94.991	-1.08784	0
95.5462	-2.2474	0
97.9589	-2.61207	0
94.8862	-2.36989	0
95.8554	-3.33408	0
98.3288	-1.98949	0
94.0618	-2.1026	0
95.3255	-2.89752	0
95.2107	-3.57673	0
94.1871	-3.92908	0
98.7928	-0.818802	0
93.8571	-0.756164	0
98.8416	-2.71543	0
98.7637	-1.48456	0
93.6178	-1.45463	0
98.1086	-3.60672	0
93.5087	-2.86189	0
99.7315	-2.82745	0
92.5361	-2.78258	0
100.243	-3.53006	0
92.2236	-1.93416	0
101.123	-3.62806	0
91.3456	-1.81105	0
101.5	-4.4776	0
101.583	-2.85537	0
100.895	-5.31001	0
102.471	-4.50214	0
102.534	-2.85622	0
102.939	-3.69592	0
103.056	-2.05436	0
103.994	-3.84557	0
103.978	-2.12956	0
96.4985	-4.46066	0
94.3552	-5.15653	0
98.1891	-4.73746	0
99.5826	-5.18864	0
101.414	-6.2499	0
104.48	-4.70041	0
104.1	-5.95005	0
98.3982	-5.87073	0
100.304	-6.24973	0
102.276	-6.91383	0
97.2081	-7.39736	0
100.127	-7.37483	0
102.201	-8.20469	0
102.924	-5.93178	0
98.2122	-6.95297	0
100.773	-8.76722	0
98.2952	-8.49714	0
99.0791	-7.72075	0
109.375	0	0
109.062	-0.549947	0
109.644	-0.516457	0
-126.875	0	0
-127.188	-0.549947	0
-126.555	-0.554253	0
-127.515	-1.09989	0
-126.18	-1.14065	0
-127.553	-2.03322	0
-126.58	-2.0079	0
-128.466	-2.14926	0
-129.091	-3.14947	0
-130.209	-2.81858	0
-131.875	0	0
-132.188	-0.549947	0
-131.555	-0.554253	0
-132.515	-1.09994	0
-131.236	-1.10798	0
-131.563	-1.6977	0
104.375	-0.496402	0
128.125	-0.496402	0
140.625	-0.496402	0
139.375	0	0
139.062	-0.549947	0
139.695	-0.554253	0
138.438	-0.541334	0
138.75	-1.09128	0
140.014	-1.10798	0
138.125	0	0
137.812	-0.541369	0
138.429	-1.6761	0
139.683	-2.0292	0
137.486	-1.09063	0
137.961	-2.29127	0
139.055	-1.6388	0
140.172	-1.68487	0
137.812	-1.61787	0
140.459	-2.61207	0
140.829	-1.98949	0
138.364	-2.88634	0
141.335	-2.71152	0
141.36	-1.45642	0
138.118	-3.61248	0
139.064	-2.88622	0
139.002	-3.78433	0
138.449	-4.26655	0
138.081	-5.44182	0
139.322	-4.70913	0
140.752	-3.79472	0
139.797	-4.02631	0
140.242	-4.84274	0
141.157	-6.04295	0
-4.375	0	0
-4.6875	-0.549947	0
-4.05492	-0.554253	0
-5.01516	-1.09989	0
-3.73325	-1.10965	0
148.125	0	0
147.812	-0.549947	0
148.445	-0.554253	0
147.087	-0.598611	0
147.485	-1.09989	0
148.764	-1.10798	0
147.492	-2.17515	0
148.438	-1.63838	0
147.805	-1.6354	0
149.033	-1.81188	0
149.501	-2.74239	0
149.823	-1.96202	0
-35.625	0	0
-35.9375	-0.549947	0
-35.3049	-0.554253	0
-34.9861	-1.10798	0
-30.625	0	0
-30.9375	-0.549947	0
-30.3049	-0.554253	0
-31.2652	-1.09989	0
-29.9304	-1.14065	0
-31.3032	-2.03322	0
-30.3298	-2.0079	0
-32.2162	-2.14926	0
91.875	0	0
91.5625	-0.549947	0
92.1951	-0.554253	0
91.2348	-1.09989	0
92.5167	-1.10965	0
65.625	0	0
65.3125	-0.549947	0
65.9451	-0.554253	0
64.9848	-1.09989	0
66.3196	-1.14065	0
64.9468	-2.03322	0
65.9202	-2.0079	0
64.0338	-2.14926	0
63.4085	-3.14947	0
62.291	-2.81858	0
60.625	0	0
60.3125	-0.549947	0
60.9451	-0.554253	0
59.9848	-1.09994	0
61.2639	-1.10798	0
60.9369	-1.6977	0
-89.375	0	0
-89.6875	-0.549947	0
-89.0549	-0.554253	0
-90.4012	-0.591741	0
-88.7361	-1.10798	0
-90.0134	-1.09891	0
-89.0619	-1.60217	0
6.875	0	0
6.5625	-0.549947	0
7.19508	-0.554253	0
5.84879	-0.591741	0
7.5139	-1.10798	0
6.23657	-1.09891	0
7.18815	-1.60217	0
103.125	0	0
102.812	-0.549947	0
103.445	-0.554253	0
102.099	-0.591741	0
103.764	-1.10798	0
102.487	-1.09891	0
103.438	-1.60217	0
-68.0029	-5.49548	0
-67.5858	-7.00225	0
-65.3775	-7.43347	0
-63.1538	-6.27746	0
28.2471	-5.49548	0
28.6642	-7.00225	0
30.8725	-7.43347	0
33.0962	-6.27746	0
-146.899	-7.36302	0
-137.058	-6.24252	0
-126.256	-6.22387	0
-127.645	-6.45824	0
-125.894	-7.5881	0
-124.482	-5.41139	0
-123.652	-6.59609	0
-128.219	-5.28044	0
123.662	-6.99445	0
125.869	-7.43372	0
-113.14	-6.5247	0
-135.956	-4.85022	0
-132.379	-6.81237	0
-131.492	-5.07611	0
-99.3579	-4.88082	0
-96.7227	-5.8882	0
-90.6129	-9.29018	0
-81.3901	-7.02343	0
-20.4976	-5.49796	0
-16.8903	-6.5247	0
-79.968	-9.46727	0
-73.4782	-4.32876	0
-40.8807	-6.40997	0
78.1583	-3.82347	0
78.2221	-5.08349	0
-30.0057	-6.22387	0
-31.3948	-6.45824	0
-29.6442	-7.5881	0
-28.2319	-5.41139	0
-27.4016	-6.59609	0
-25.9782	-4.32876	0
-31.9693	-5.28044	0
-3.10791	-4.88082	0
-0.472663	-5.8882	0
5.63714	-9.29018	0
54.4069	-3.81988	0
53.4313	-4.28046	0
54.4748	-5.07115	0
60.1205	-6.81237	0
61.0077	-5.07611	0
43.7239	-9.21513	0
14.8599	-7.02343	0
16.282	-9.46727	0
22.7718	-4.32876	0
151.387	-3.89596	0
143.132	-3.91902	0
145.125	-6.25768	0
136.649	-4.76528	0
136.547	-5.97907	0
116.168	-6.5701	0
66.2443	-6.22387	0
64.8552	-6.45824	0
66.6058	-7.5881	0
68.0181	-5.41139	0
68.8484	-6.59609	0
70.2718	-4.32876	0
64.2807	-5.28044	0
93.1421	-4.88082	0
95.7773	-5.8882	0
103.59	-8.40993	0
138.798	-6.50177	0
-67.7895	-8.37786	0
-65.33	-9.4523	0
-63.3089	-8.38642	0
-62.1889	-5.29451	0
28.4605	-8.37786	0
30.92	-9.4523	0
32.9411	-8.38642	0
34.0611	-5.29451	0
-148.121	-8.26185	0
-129.306	-7.62376	0
-126.217	-9.93658	0
-122.404	-6.94738	0
-129.502	-5.5828	0
123.462	-8.36077	0
125.794	-9.10603	0
127.358	-8.19718	0
-100.702	-4.41893	0
-100.195	-5.79621	0
-97.8288	-6.29029	0
-98.764	-8.03212	0
-96.801	-7.39526	0
-91.2654	-8.20788	0
79.3828	-6.70487	0
-33.1747	-7.65508	0
-29.9674	-9.93658	0
-33.252	-5.5828	0
-4.45169	-4.41893	0
-3.94472	-5.79621	0
-1.57882	-6.29029	0
-2.51396	-8.03212	0
-0.551002	-7.39526	0
4.98465	-8.20788	0
55.3732	-6.55718	0
150.599	-4.81715	0
143.429	-5.548	0
136.434	-7.17125	0
63.0753	-7.65508	0
66.2826	-9.93658	0
62.998	-5.5828	0
91.7983	-4.41893	0
92.3053	-5.79621	0
94.6712	-6.29029	0
93.736	-8.03212	0
95.699	-7.39526	0
103.891	-9.66553	0
104.552	-7.53752	0
138.317	-7.58892	0
138.567	-9.13951	0
139.956	-6.77055	0
140.596	-7.70404	0
140.253	-9.37143	0
141.304	-8.71843	0
-69.7682	-9.61924	0
-66.6764	-9.18217	0
-64.2741	-7.7599	0
-64.329	-8.90122	0
-63.3068	-7.3264	0
-63.4179	-9.43865	0
-62.1446	-7.85878	0
-62.0792	-10.1995	0
-62.3198	-9.02057	0
-60.8278	-5.63236	0
26.4818	-9.61924	0
29.5736	-9.18217	0
31.9759	-7.7599	0
31.921	-8.90122	0
32.9432	-7.3264	0
32.8321	-9.43865	0
34.1054	-7.85878	0
34.1708	-10.1995	0
33.9302	-9.02057	0
35.4222	-5.63236	0
-122.158	-8.98595	0
121.51	-9.61348	0
124.52	-9.0709	0
-101.058	-7.69237	0
-90.0288	-8.20025	0
79.3576	-5.49673	0
-4.80757	-7.69237	0
6.22116	-8.20025	0
149.253	-5.31705	0
150.819	-6.646	0
91.4424	-7.69237	0
102.874	-11.5814	0
104.804	-8.78247	0
137.236	-8.00925	0
141.389	-10.0264	0
142.878	-8.62032	0
-68.0259	-9.87729	0
-66.3533	-11.0624	0
-60.5704	-7.60946	0
-59.3759	-5.13593	0
28.2241	-9.87729	0
29.8967	-11.0624	0
35.6796	-7.60946	0
36.8741	-5.13593	0
123.221	-9.864	0
125.102	-11.0892	0
-99.8508	-7.09711	0
-88.7105	-9.60809	0
-3.60081	-7.09711	0
7.5395	-9.60809	0
92.6492	-7.09711	0
105.691	-7.9543	0
143.282	-11.1501	0
-99.983	-8.34996	0
-3.73301	-8.34996	0
92.517	-8.34996	0
106.32	-9.51683	0
106.725	-7.25062	0
-98.8903	-10.0442	0
-2.64031	-10.0442	0
93.6097	-10.0442	0
-144.691	-8.04447	0
-105.001	-7.74965	0
-109.955	-6.74128	0
-86.3315	-7.47667	0
-85.0853	-8.20319	0
-75.1358	-9.7065	0
-13.7047	-6.74128	0
-45.2841	-7.46681	0
-42.4019	-8.48755	0
-37.1782	-7.64602	0
82.5407	-6.75331	0
72.278	-9.74709	0
-8.74402	-7.75015	0
9.91848	-7.47667	0
11.1647	-8.20319	0
53.2462	-8.28865	0
38.232	-6.05373	0
38.2845	-7.36148	0
37.0804	-8.51916	0
39.5403	-8.348	0
49.7585	-10.4375	0
21.1142	-9.7065	0
156.782	-5.38154	0
158.664	-6.41353	0
161.08	-2.78894	0
132.912	-11.1429	0
135.551	-9.75148	0
110.085	-9.91254	0
112.629	-7.43322	0
87.503	-7.74995	0
97.7912	-10.0527	0
-137.778	-7.5389	0
-136.064	-7.34395	0
-80.7814	-8.30493	0
43.5274	-11.6531	0
44.8715	-9.97808	0
45.8825	-11.6561	0
15.4686	-8.30493	0
117.018	-9.0052	0
-149.573	-8.22515	0
-147.381	-9.64552	0
128.739	-9.09632	0
138.6	-11.649	0
-62.383	-12.7679	0
33.867	-12.7679	0
119.742	-8.89947	0
148.2	-4.48601	0
146.957	-4.88767	0
146.55	-6.25318	0
149.109	-7.07316	0
101.021	-10.7734	0
143.349	-7.11921	0
-59.0886	-8.66821	0
143.939	-9.74799	0
-144.537	-10.7491	0
-142.99	-9.16144	0
-103.512	-6.81673	0
-84.692	-10.594	0
-46.7846	-8.33983	0
-43.9728	-8.12791	0
-7.26366	-6.81162	0
11.558	-10.594	0
40.6062	-9.67624	0
134.577	-11.1018	0
113.751	-8.36742	0
88.9872	-6.81367	0
95.6969	-11.785	0
-139.562	-7.90961	0
-135.273	-8.63197	0
-134.563	-7.16987	0
-82.4067	-8.29153	0
13.8433	-8.29153	0
-151.612	-8.73121	0
-148.34	-12.1005	0
128.747	-10.8666	0
-60.3781	-11.7029	0
35.8719	-11.7029	0
145.842	-7.6423	0
147.642	-7.24871	0
99.1108	-11.7373	0
145.859	-11.503	0
-145.927	-10.1149	0
-43.5673	-9.96731	0
136.429	-11.4115	0
113.841	-10.8171	0
115.282	-9.21072	0
-138.387	-9.08674	0
-136.019	-10.3516	0
-83.7732	-9.07289	0
-81.606	-9.74775	0
12.4768	-9.07289	0
14.644	-9.74775	0
-150.362	-9.40741	0
145.834	-9.54809	0
148.579	-8.86029	0
-147.074	-11.1805	0
-140.472	-9.99282	0
-134.347	-10.0555	0
-80.4722	-11.4464	0
15.7778	-11.4464	0
-152.071	-11.0735	0
-149.801	-11.0915	0
-70.6292	-7.52732	0
25.6208	-7.52732	0
-119.443	-8.3704	0
-23.1292	-7.52732	0
151.993	-11.0683	0
154.077	-9.62956	0
-114.571	-8.51404	0
-18.3213	-8.51404	0
-39.499	-8.3175	0
58.27	-7.49235	0
77.756	-8.54653	0
-66.9365	-13.3318	0
29.3135	-13.3318	0
106.833	-11.81	0
-111.601	-7.41507	0
-109.182	-8.46101	0
-15.3507	-7.41507	0
-12.9321	-8.46101	0
-35.7612	-6.94345	0
-35.6068	-9.03507	0
80.9525	-7.33055	0
83.3264	-8.47112	0
52.6487	-11.7265	0
162.257	-4.84668	0
131.092	-10.4231	0
108.171	-10.0101	0
47.8278	-13.4849	0
119.481	-12.0917	0
-57.3138	-7.67757	0
-103.245	-8.89826	0
-46.5497	-10.1066	0
-6.97367	-8.90578	0
39.9153	-11.6774	0
89.2677	-8.90274	0
126.98	-11.887	0
-59.2728	-10.3812	0
37.1265	-10.3579	0
135.237	-12.8444	0
116.327	-10.6011	0
-134.884	-13.2884	0
-83.0448	-10.5509	0
13.2052	-10.5509	0
147.533	-10.5044	0
-71.8523	-9.25386	0
24.3977	-9.25386	0
-24.4673	-9.88173	0
149.923	-10.5262	0
56.6496	-7.55768	0
55.0307	-8.30857	0
57.542	-9.56427	0
59.9243	-9.13637	0
-112.741	-8.89696	0
-108.803	-11.605	0
-107.019	-8.78775	0
-16.491	-8.89696	0
-12.5527	-11.605	0
-10.7685	-8.78775	0
79.5722	-8.5115	0
83.6854	-11.6237	0
85.4896	-8.77945	0
48.0777	-11.508	0
-48.3219	-12.4641	0
41.5815	-11.1328	0
-57.872	-12.6758	0
37.8976	-12.3349	0
134.541	-15.0113	0
117.638	-11.9101	0
-134.933	-11.6194	0
-136.247	-12.4932	0
-133.556	-12.4142	0
-138.432	-13.9946	0
-133.026	-14.6655	0
-136.491	-14.4778	0
-131.507	-13.1199	0
147.667	-12.632	0
-22.173	-9.62821	0
-112.136	-10.7837	0
-15.8861	-10.7837	0
49.794	-12.3479	0
117.297	-15.0031	0
118.715	-10.4223	0
-138.115	-16.861	0
-112.904	-14.022	0
-16.6537	-14.022	0
118.406	-13.5599	0
119.636	-15.6527	0
120.326	-13.8388	0
122.331	-15.6402	0
121.358	-12.2614	0
122.105	-13.8759	0
124.202	-14.5037	0
-162.333	-5.76916	0
-94.7135	-10.9099	0
1.53653	-10.9099	0
-129.102	-9.6104	0
-32.2626	-9.76797	0
63.9874	-9.76797	0
-71.0725	-12.3036	0
25.1775	-12.3036	0
-123.834	-10.9715	0
142.354	-13.6903	0
-100.331	-13.109	0
-4.08078	-13.109	0
92.1692	-13.109	0
158.115	-8.54494	0
160.84	-6.73792	0
111.608	-11.8365	0
-142.32	-11.3613	0
-79.5845	-14.7222	0
16.6655	-14.7222	0
-117.227	-10.5836	0
-64.8268	-12.6643	0
-67.5117	-15.8107	0
31.4232	-12.6643	0
28.7383	-15.8107	0
104.799	-12.6447	0
-37.7805	-9.91074	0
164.293	-4.06797	0
-102.958	-11.7477	0
-6.70696	-11.7777	0
89.5428	-11.7656	0
128.362	-13.4814	0
57.6777	-13.2506	0
59.0631	-11.1871	0
-106.91	-10.8297	0
-10.6605	-10.8297	0
85.5802	-10.8313	0
131.747	-15.3378	0
136.602	-16.0083	0
150.739	-14.3627	0
-134.78	-17.5954	0
125.089	-18.0714	0
-96.9655	-11.2664	0
-0.715482	-11.2664	0
-69.1483	-13.396	0
27.1017	-13.396	0
156.047	-8.90409	0
158.768	-11.6325	0
162.279	-8.24431	0
-143.937	-12.8981	0
-140.155	-12.3524	0
107.154	-15.4892	0
166.937	-5.82448	0
127.745	-16.3308	0
60.3418	-13.5425	0
-106.657	-14.145	0
-105.105	-12.0241	0
-10.4071	-14.145	0
-8.85594	-12.022	0
85.857	-14.1548	0
87.3893	-12.0287	0
130.233	-14.0831	0
129.988	-15.9193	0
137.693	-19.6949	0
139.441	-16.1737	0
150.538	-12.4003	0
152.591	-13.1822	0
-95.5329	-13.0247	0
0.71712	-13.0247	0
157.358	-10.3178	0
162.288	-11.7427	0
-144.088	-16.6426	0
-141.937	-13.3839	0
125.783	-15.7868	0
-103.745	-14.1122	0
-7.52814	-14.1279	0
88.7453	-14.1831	0
153.558	-16.7436	0
-97.924	-13.5102	0
-1.67403	-13.5102	0
164.553	-9.98772	0
-143.339	-14.7974	0
-145.189	-15.1219	0
-141.659	-16.5531	0
-147.935	-15.5589	0
-146.262	-17.0581	0
-145.117	-20.5965	0
-144.849	-18.5553	0
-142.643	-19.883	0
-27.2813	-11.3812	0
68.9687	-11.3812	0
-86.9418	-11.0813	0
-85.4319	-12.6153	0
-83.8975	-14.4554	0
9.30822	-11.0813	0
10.8181	-12.6153	0
12.3525	-14.4554	0
-42.5376	-13.2353	0
-154.458	-11.5043	0
75.4156	-10.44	0
46.4796	-17.5754	0
-57.5541	-15.9254	0
-19.9573	-10.073	0
-21.5896	-12.4631	0
117.727	-17.9896	0
139.983	-13.5772	0
144.602	-15.1068	0
94.5685	-14.1399	0
113.594	-13.2303	0
-68.5456	-18.0675	0
-65.5305	-17.3064	0
27.7044	-18.0675	0
30.7195	-17.3064	0
58.674	-16.461	0
63.0985	-13.1442	0
-105.18	-15.9928	0
-107.627	-16.4351	0
-104.737	-19.9418	0
-8.95637	-16.0366	0
87.2822	-16.0971	0
-99.621	-16.2708	0
-3.37099	-16.2708	0
-150.738	-16.8136	0
-142.816	-23.9299	0
-84.9606	-16.8979	0
-81.7112	-14.107	0
11.2894	-16.8979	0
14.5388	-14.107	0
-152.917	-13.2162	0
-153.355	-15.94	0
48.5559	-15.9923	0
145.503	-19.4789	0
92.3845	-15.9154	0
110.718	-15.216	0
-71.7391	-18.9237	0
-63.6585	-19.5293	0
-62.7274	-16.4808	0
24.5109	-18.9237	0
32.5915	-19.5293	0
33.5226	-16.4808	0
62.1804	-16.5289	0
-110.652	-19.3166	0
-11.3894	-16.4005	0
-8.42986	-20.0061	0
84.853	-16.3856	0
87.7148	-20.1206	0
-139.974	-22.0244	0
-87.5814	-16.8699	0
-83.5076	-19.158	0
8.66856	-16.8699	0
12.7424	-19.158	0
-156.085	-16.4431	0
-152.772	-18.551	0
49.7864	-19.7593	0
146.232	-17.0498	0
95.9665	-18.0905	0
-69.4011	-21.2606	0
26.8489	-21.2606	0
64.465	-15.3318	0
-14.3529	-19.2802	0
-9.87972	-18.1787	0
-12.1534	-18.579	0
-12.1287	-22.4567	0
-10.6781	-20.3011	0
-9.19857	-22.8626	0
81.917	-19.2605	0
86.3047	-18.2372	0
84.0544	-18.5067	0
84.1946	-22.311	0
85.4254	-20.3651	0
86.8231	-22.6113	0
91.9313	-20.1075	0
-89.4812	-18.5778	0
-82.2164	-23.4824	0
-80.9492	-18.9409	0
6.7688	-18.5778	0
14.0336	-23.4824	0
15.3008	-18.9409	0
-157.121	-20.9908	0
-150.368	-19.6168	0
51.5024	-17.1144	0
149.763	-19.4329	0
65.2166	-19.5445	0
68.0735	-16.1643	0
85.2247	-24.9478	0
89.8297	-22.2827	0
-89.4146	-22.8683	0
-82.0561	-21.0796	0
6.83539	-22.8683	0
14.1939	-21.0796	0
-154.746	-20.1282	0
-148.863	-23.7704	0
148.947	-16.8341	0
-84.0435	-22.1538	0
-86.6161	-23.36	0
-84.45	-24.6334	0
-78.88	-22.4981	0
12.2065	-22.1538	0
9.6339	-23.36	0
11.8	-24.6334	0
17.37	-22.4981	0
-156.602	-18.7171	0
-159.216	-19.3174	0
-154.899	-23.4076	0
-148.025	-21.1176	0
-87.5447	-27.4187	0
-81.9922	-26.6601	0
8.70528	-27.4187	0
14.2578	-26.6601	0
-162.228	-17.5535	0
-160.83	-23.4872	0
-146.158	-23.1659	0
-48.709	-15.7018	0
38.5388	-15.1292	0
104.31	-15.4469	0
127.776	-19.276	0
140.651	-18.9689	0
157.168	-15.2128	0
-27.2066	-15.0565	0
-38.0293	-14.6205	0
76.4066	-13.7361	0
-54.1298	-16.8889	0
-22.8983	-15.6536	0
119.429	-21.2765	0
114.069	-16.9924	0
-101.076	-19.4556	0
-4.82619	-19.4556	0
-73.2617	-16.0862	0
-75.0466	-19.7488	0
-65.0846	-21.8513	0
-64.0644	-25.1767	0
-59.7288	-19.2137	0
22.9883	-16.0862	0
21.2034	-19.7488	0
31.1654	-21.8513	0
32.1856	-25.1767	0
36.71	-19.1207	0
-137.509	-19.9953	0
-70.2978	-24.2995	0
25.9522	-24.2995	0
-10.9931	-25.0382	0
-10.3593	-29.7328	0
-6.60704	-26.8281	0
53.1613	-20.0698	0
55.002	-15.8408	0
86.0195	-29.636	0
88.6698	-25.5896	0
94.3686	-24.5651	0
-151.921	-24.2572	0
-78.5495	-25.9898	0
-84.2977	-30.485	0
17.7005	-25.9898	0
11.9523	-30.485	0
-45.2532	-18.6813	0
41.558	-17.0734	0
100.667	-17.5776	0
105.665	-20.0289	0
125.413	-20.9492	0
130.879	-21.5465	0
140.336	-24.0751	0
-6.26291	-22.1209	0
-76.3686	-15.1515	0
19.8814	-15.1515	0
-136.913	-23.231	0
-73.4711	-25.3398	0
-70.2597	-27.6387	0
22.7789	-25.3398	0
25.9903	-27.6387	0
56.6148	-19.3303	0
-154.772	-28.6075	0
-149.769	-27.9299	0
122.806	-19.7857	0
128.046	-22.1629	0
-139.623	-25.6202	0
-134.18	-21.0543	0
-75.6953	-23.0048	0
-70.6584	-31.7824	0
-66.7425	-29.8655	0
20.5547	-23.0048	0
25.5916	-31.7824	0
29.5075	-29.8655	0
123.151	-22.5142	0
122.384	-26.7566	0
129.179	-26.5208	0
-136.502	-26.4281	0
-139.358	-31.028	0
-132.164	-29.6674	0
3.23975	-16.6172	0
0.350467	-18.9639	0
170.426	-7.04458	0
-97.0193	-18.5489	0
109.177	-18.4899	0
46.7717	-23.8367	0
-16.3283	-23.0302	0
80.0981	-22.9941	0
72.0072	-16.5336	0
-165.51	-16.2959	0
161.187	-15.6306	0
-30.9253	-17.7142	0
79.3293	-15.4245	0
-22.8836	-19.5247	0
115.819	-21.0612	0
-102.375	-23.6997	0
-58.3442	-26.3664	0
-56.3631	-19.4148	0
37.9058	-26.3664	0
-76.7432	-28.7652	0
-77.7382	-34.2376	0
-75.0052	-31.9078	0
19.5068	-28.7652	0
18.5118	-34.2376	0
21.2448	-31.9078	0
134.445	-21.206	0
55.5921	-22.9876	0
-130.146	-22.4747	0
1.95703	-22.9402	0
168.046	-9.62685	0
173.716	-8.04543	0
-94.855	-21.3812	0
108.849	-22.5195	0
73.6992	-20.4859	0
-165.865	-13.0325	0
-169.509	-12.7811	0
-167.181	-19.1951	0
-172.581	-20.7533	0
-168.97	-23.133	0
-24.765	-23.0988	0
-19.4029	-20.8979	0
113.12	-25.435	0
-58.7719	-22.7388	0
-73.9686	-35.8917	0
22.2814	-35.8917	0
136.761	-23.9335	0
53.9368	-28.0142	0
168.763	-13.4599	0
-96.1013	-27.1168	0
-170.632	-9.417	0
-174.774	-15.3303	0
-54.8215	-24.1121	0
136.038	-29.8998	0
167.565	-18.452	0
173.305	-15.0224	0
-173.086	-12.1052	0
138.423	-27.1619	0
-178.174	-11.4965	0
141.621	-32.3561	0
143.052	-27.8939	0
-115.085	-17.1795	0
-16.6668	-17.1602	0
152.834	-23.8837	0
67.305	-25.1622	0
-16.3894	-32.0207	0
80.0564	-32.1269	0
-48.7424	-21.6219	0
-40.7781	-20.1997	0
-63.3068	-32.2871	0
32.9432	-32.2871	0
118.963	-29.2076	0
-145.925	-33.9593	0
-17.5998	-26.9415	0
78.6779	-26.8013	0
-31.2984	-24.1345	0
-125.905	-23.267	0
-1.43867	-26.8365	0
104.379	-24.9533	0
-165.081	-27.478	0
-25.3545	-29.3764	0
-69.1662	-40.8665	0
27.0838	-40.8665	0
149.492	-32.4194	0
70.886	-23.3491	0
-47.8542	-25.8762	0
-38.373	-26.9259	0
-61.0009	-38.9604	0
-61.3066	-28.9235	0
35.2491	-38.9604	0
34.9434	-28.9235	0
119.243	-33.4323	0
73.9337	-30.8706	0
-128.749	-26.7461	0
-121.051	-23.5418	0
-21.2529	-28.8731	0
-46.3285	-30.8864	0
-63.8491	-36.2095	0
-67.2331	-37.7097	0
-70.3258	-35.7814	0
-64.7341	-41.4102	0
-72.0559	-38.8507	0
-73.2515	-43.6439	0
32.4009	-36.2095	0
29.0169	-37.7097	0
25.9242	-35.7814	0
31.5159	-41.4102	0
24.1941	-38.8507	0
22.9985	-43.6439	0
115.098	-36.9809	0
123.378	-35.7515	0
70.8588	-27.7383	0
-127.042	-32.1979	0
-22.7516	-33.6241	0
-43.8688	-27.4	0
-67.7172	-47.3912	0
28.5328	-47.3912	0
124.834	-40.4341	0
69.2622	-32.3811	0
91.263	-30.1792	0
11.0178	-39.7279	0
4.44251	-26.0457	0
1.43038	-25.909	0
-0.600458	-24.0176	0
-3.8989	-24.5709	0
1.19504	-30.0825	0
-2.03541	-30.0121	0
-0.71623	-35.2769	0
3.43972	-33.8572	0
3.38269	-40.4833	0
8.34774	-33.8163	0
-178.838	-20.4007	0
108.699	-27.3256	0
49.7737	-31.1957	0
59.1425	-30.0361	0
163.041	-21.0859	0
171.849	-20.9559	0
178.263	-14.1323	0
157.158	-27.5317	0
62.6302	-23.703	0
-151.585	-33.328	0
99.2759	-27.2906	0
-119.734	-27.8676	0
-122.528	-31.4848	0
-116.198	-25.1	0
-111.987	-26.7392	0
-109.268	-33.826	0
-108.25	-29.3702	0
-104.923	-32.4748	0
-104.511	-27.3655	0
-101.195	-35.5683	0
-50.6885	-34.2333	0
-81.2388	-45.8925	0
-27.7275	-33.7519	0
121.259	-44.3307	0
129.743	-41.269	0
64.2207	-38.3885	0
88.0627	-35.4928	0
15.8011	-45.3787	0
-8.49909	-40.0247	0
13.0257	-35.2622	0
45.2127	-34.2315	0
163.127	-26.4104	0
173.308	-27.9722	0
184.727	-19.5931	0
-99.4343	-39.9607	0
-102.655	-47.2277	0
-95.1399	-43.5572	0
-96.9086	-33.5633	0
-92.3516	-34.2857	0
-90.3132	-38.7392	0
-87.8629	-33.3637	0
-55.7241	-36.5529	0
-45.7826	-37.4197	0
-34.6689	-38.1794	0
-25.1131	-38.6126	0
132.656	-47.0536	0
134.671	-37.0666	0
59.5846	-35.4873	0
15.6495	-39.1262	0
40.3551	-36.8577	0
50.2438	-37.0899	0
167.93	-29.0652	0
175.983	-23.7563	0
-87.1947	-42.5463	0
-56.1848	-42.0878	0
-20.7137	-46.773	0
58.8551	-41.808	0
39.489	-42.0054	0
171.869	-34.6705	0
178.15	-28.0879	0
180.288	-21.5332	0
-85.7261	-46.9059	0
-88.8725	-53.9634	0
-82.0418	-52.7786	0
-82.7325	-41.5777	0
-80.9835	-37.3986	0
-51.9451	-50.3981	0
44.1489	-49.433	0
186.068	-29.9537	0
-51.7113	-45.0422	0
184.403	-24.9021	0
-43.2396	-48.0951	0
-46.6451	-42.8657	0
192.142	-25.1516	0
-40.4483	-41.0557	0
-170.578	-28.4847	0
-177.561	-34.7571	0
-166.403	-35.7701	0
-131.922	-35.627	0
22.4222	-50.4555	0
7.58045	-43.9487	0
10.3274	-52.501	0
6.99072	-37.988	0
-185.676	-23.5259	0
155.544	-33.3807	0
-152.27	-44.4893	0
82.4909	-37.5412	0
92.6249	-44.8602	0
-9.01875	-34.8046	0
-13.9069	-37.9271	0
-2.68662	-43.5814	0
55.5076	-49.94	0
-74.4143	-51.3217	0
-138.015	-37.1666	0
-128.011	-39.6887	0
-127.935	-49.1606	0
-123.989	-44.3927	0
-149.36	-39.0661	0
79.5502	-47.0692	0
87.1873	-41.7138	0
-17.1048	-42.5082	0
-12.3856	-50.1609	0
50.7107	-44.4018	0
-142.255	-46.4488	0
-121.237	-50.6871	0
-143.488	-39.3069	0
86.6004	-49	0
-113.8	-43.6868	0
145.496	-39.8709	0
-62.2454	-55.68	0
34.4618	-58.1124	0
-115.739	-36.5632	0
70.7231	-42.9584	0
-109.39	-58.7557	0
176.905	-40.3152	0
194.247	-34.0553	0
28.0363	-54.0259	0
28.1294	-60.9744	0
16.7542	-53.722	0
11.7201	-62.6952	0
-192.258	-20.7964	0
-184.686	-31.3577	0
-3.83104	-38.9239	0
-3.91691	-52.2064	0
95.821	-55.965	0
70.8933	-53.1	0
-115.997	-55.7245	0
179.61	-49.4026	0
184.915	-38.1661	0
20.4689	-66.6684	0
35.885	-69.6978	0
-201.029	-24.9497	0
-193.77	-41.017	0
-117.2	-67.0614	0
-109.746	-50.8163	0
-184.665	-40.4791	0
-26.665	-44.7154	0
-27.8003	-53.4225	0
-94.1994	-64.3919	0
-161.397	-43.4695	0
58.8463	-57.451	0
-18.3786	-52.9629	0
-22.7938	-59.2542	0
-18.1095	-71.2846	0
-11.8539	-44.5516	0
-7.33637	-47.8097	0
-137.469	-60.3426	0
-54.1523	-58.7781	0
171.077	-55.929	0
186.643	-60.3031	0
-188.719	-49.1916	0
-175.726	-44.3056	0
-36.7222	-54.2428	0
-158.031	-54.7011	0
54.4261	-70.531	0
-24.6136	-66.8899	0
-35.6266	-73.6393	0
-26.3327	-76.4445	0
-47.7827	-69.8155	0
102.468	-41.091	0
2.32249	-59.805	0
12.8684	-71.7855	0
4.95742	-84.0896	0
-198.691	-33.5667	0
-210.123	-32.0431	0
-203.633	-42.1811	0
162.76	-64.9156	0
-190.549	-65.2286	0
-148.773	-53.193	0
-168.911	-52.9632	0
-33.9213	-84.7878	0
105.475	-51.3569	0
-6.84261	-66.378	0
-199.435	-52.6191	0
-174.262	-68.7431	0
-41.9574	-96.074	0
-4.13063	-77.3578	0
-209.733	-68.4644	0
-164.952	-63.1028	0
-6.30247	-89.7903	0
-160.887	-80.3159	0
90.6226	-66.8202	0
36.3858	-84.1277	0
-106.35	-69.4395	0
-113.886	-77.8838	0
-85.1435	-73.9614	0
-128.503	-67.2264	0
-141.148	-74.4159	0
189.849	-81.856	0
201.447	-56.3372	0
-58.7801	-78.9168	0
16.6467	-82.9101	0
-225.015	-32.1302	0
155.189	-83.6701	0
-17.9707	-101.548	0
1.98068	-92.1805	0
9.95185	-90.5201	0
-5.43233	-102.322	0
21.598	-97.6907	0
78.3551	-72.1337	0
98.3592	-80.3812	0
-111.637	-96.7619	0
-72.605	-74.3201	0
-91.1921	-85.0692	0
167.813	-77.8606	0
-12.815	-119.953	0
65.9118	-78.4813	0
-101.009	-91.625	0
-100.344	-106.563	0
-85.2248	-100.305	0
113.602	-60.3423	0
113.857	-75.5708	0
124.857	-65.3858	0
137.846	-67.2801	0
142.171	-80.0749	0
-47.0962	-108.679	0
-12.7534	-78.0807	0
-147.301	-89.7996	0
217.553	-54.7608	0
-54.8031	-91.8433	0
-238.444	-25.7488	0
-224.222	-46.4174	0
26.2451	-87.9144	0
35.9899	-98.5391	0
15.9225	-119.952	0
90.7606	-93.2329	0
166.435	-91.4856	0
63.7131	-96.1723	0
-117.768	-115.232	0
120.199	-89.4739	0
144.81	-95.8874	0
-59.6336	-125.231	0
-38.6372	-122.483	0
-68.0754	-93.7376	0
-73.225	-105.965	0
-85.1314	-115.658	0
-235.429	-53.9416	0
-219.769	-59.1595	0
4.62495	-111.888	0
28.0236	-111.183	0
78.0418	-99.8214	0
97.4338	-105.907	0
177.033	-105.382	0
177.763	-85.7491	0
187.719	-95.9493	0
116.838	-103.898	0
133.091	-89.2313	0
-84.8685	-136.539	0
-251.177	-49.312	0
-244.719	-64.3382	0
1.55414	-128.137	0
32.4193	-129.983	0
47.4809	-114.611	0
67.1898	-112.477	0
96.4076	-119.497	0
206.44	-91.5718	0
123.357	-116.23	0
-243.032	-87.6978	0
83.093	-128.469	0
102.401	-133.716	0
119.897	-128.808	0
125.64	-140.33	0
126.205	-161.948	0
138.311	-141.202	0
131.272	-150.999	0
149.789	-137.105	0
141.024	-162.159	0
168.363	-145.711	0
144.469	-126.292	0
161.018	-137.216	0
176.48	-131.269	0
151.148	-114.23	0
135.633	-117.651	0
133.276	-185.816	0
161.28	-164.883	0
164.601	-116.04	0
-177.763	-86.3051	0
-28.785	-95.8696	0
-134.765	-103.334	0
227.332	-69.0884	0
-45.2827	-142.117	0
-266.649	-46.6928	0
-279.917	-52.3961	0
-291.96	-44.9817	0
-271.255	-64.1089	0
-299.791	-33.6276	0
-298.186	-58.1074	0
-276.655	-82.6765	0
-309.417	-22.2913	0
-313.837	-59.5755	0
-299.164	-73.7971	0
-314.605	-35.0708	0
-324.039	0	0
-327.589	-66.5932	0
-304.747	-98.4453	0
-330.27	-40.3076	0
-351.266	-77.1713	0
-319.176	-47.4472	0
-332.451	-87.4973	0
72.2988	-141.422	0
192.87	-135.238	0
-187.612	-108.275	0
-151.407	-111.306	0
229.829	-87.5246	0
240.77	-57.5861	0
-341.809	-26.6894	0
-332.063	-12.5051	0
-359.346	0	0
-346.564	-12.9826	0
48.7243	-149.456	0
77.9522	-165.678	0
204.109	-147.409	0
203.924	-122.898	0
-170.273	-118.909	0
245.492	-106.328	0
256.742	-63.9356	0
-347.99	-42.0101	0
202.456	-175.187	0
229.423	-158.965	0
219.508	-119.782	0
237.044	-133.027	0
232.54	-113.133	0
244.836	-120.806	0
198.984	-107.522	0
-154.165	-131.67	0
266.998	-89.3465	0
256.411	-44.7738	0
-366.762	-48.4057	0
271.136	-72.9012	0
-353.435	-56.7752	0
287.322	-85.7167	0
289.698	-65.3254	0
-117.602	-145.043	0
-87.7041	-168.484	0
-7.96314	-155.613	0
47.1107	-129.313	0
50.1264	-100.575	0
-220.853	-87.6548	0
105.73	-163.509	0
-50.8281	-176.492	0
-260.885	-92.1603	0
-259.435	-111.635	0
-368.976	-15.0063	0
-401.716	0	0
-377.505	-31.0717	0
253.636	-151.991	0
-177.077	-144.045	0
273.641	-37.228	0
-386.737	-49.2583	0
-137.016	-141.453	0
-28.3546	-153.654	0
-207.365	-103.015	0
-283.362	-134.073	0
-248.517	-142.566	0
-386.791	-15.8452	0
-405.634	-55.5387	0
-156.239	-155.227	0
-130.953	-162.954	0
-20.376	-177.707	0
-426.926	-41.1103	0
-394.769	-72.2108	0
-152.59	-193.609	0
-403.387	-96.8009	0
-378.684	-89.4041	0
29.2953	-166.771	0
73.9771	-192.62	0
278.346	-143.767	0
-211.053	-171.595	0
-413.271	-18.0074	0
-452.559	0	0
-437.985	-63.5321	0
-390.806	-138.721	0
5.68764	-177.817	0
273.991	-171.919	0
300.482	-130.135	0
-180.216	-174.901	0
-436.226	-20.0265	0
-380.942	-114.997	0
32.4323	-204.226	0
-351.557	-141.128	0
201.066	-211.735	0
102.043	-228.743	0
299.175	-183.952	0
-466.425	-21.6092	0
-513.571	0	0
-479.879	-45.4957	0
304.886	-215.704	0
-82.971	-222.146	0
-314.845	-162.579	0
-242.274	-173.199	0
-270.499	-217.48	0
-225.19	-201.085	0
185.725	-256.43	0
242.112	-228.829	0
-492.141	-22.8574	0
-523.184	-30.4868	0
-551.467	-52.2314	0
340.981	-226.419	0
-122.841	-220.222	0
-236.454	-240.762	0
276.124	-234.824	0
-586.785	0	0
-564.407	-87.836	0
392.381	-249.373	0
306.85	-249.851	0
-622.188	-106.663	0
-527.452	-99.0981	0
273.745	-278.615	0
309.243	-286.037	0
279.592	-339.25	0
359.039	-321.125	0
-161.104	-233.061	0
-520.748	-135.601	0
-555.772	-187.171	0
-510.706	-180.099	0
-490.842	-89.2133	0
246.257	-311.865	0
-194.751	-276.327	0
-130.566	-260.636	0
193.294	-309.559	0
224.044	-372.886	0
-136.238	-329.517	0
102.653	-277.469	0
140.567	-252.613	0
165.648	-362.112	0
56.2609	-303.722	0
-6.54056	-270.21	0
96.3987	-339.691	0
7.05653	-320.33	0
-47.0964	-308.116	0
-6.51018	-372.822	0
-690.796	-163.76	0
-260.601	-311.307	0
85.258	-394.229	0
-39.0745	-457.87	0
33.6619	-408.011	0
78.5724	-472.67	0
-130.693	-410.648	0
-341.864	-332.056	0
-605.383	-278.592	0
154.978	-495.612	0
-219.759	-466.586	0
-429.77	-366.559	0
98.4915	-545.033	0
85.957	-670.479	0
238.883	-522.597	0
256.94	-622.456	0
331.241	-484.022	0
-86.1478	-547.564	0
-691.01	-397.566	0
-308.002	-552.332	0
-514.761	-335.686	0
-594.285	-391.122	0
-411.33	-465.447	0
347.237	-708.988	0
448.728	-512.883	0
-108.076	-706.501	0
-634.874	-511.044	0
-503.623	-551.841	0
-20.8182	-637.559	0
-278.581	-687.004	0
420.718	-905.794	0
473.599	-650.07	0
-765.614	-539.831	0
-535.775	-696.08	0
457.276	-780.024	0
591.654	-557.819	0
-983.922	-593.747	0
-671.75	-810.663	0
-403.142	-805.92	0
575.808	-728.91	0
699.248	-470.795	0
-838.907	-711.99	0
792.07	-713.33	0
797.504	-572.22	0
967.397	-649.422	0
-780.451	-1088.86	0
-329.929	-1018.54	0
241.275	-979.479	0
612.262	-1199.77	0
940.507	-848.106	0
1156.08	-545.235	0
-840.237	-905.165	0
405.833	-1124.88	0
1148.91	-1038.09	0
-1066.74	-1080.46	0
-1248.14	-586.695	0
-534.493	-1186.29	0
-233.834	-1256	0
1321.83	-683.2	0
318.798	-1448.57	0
1280.03	-881.936	0
1473.46	-820.235	0
1717.44	-977.289	0
1676.45	-772.924	0
1762.2	-540.748	0
1371.48	-460.462	0
1584.63	-414.02	0
1298.32	-1358.78	0
-1358.26	-835.49	0
-442.973	-1474.81	0
-1616.29	-871.14	0
-323.924	-1969.09	0
-1735.06	-1130.38	0
729.567	-1514.08	0
-1252.48	-1359.48	0
117.223	-1753.48	0
1475.54	-1707.64	0
842.943	-1885.41	0
1054.49	-1584.93	0
-1135.01	-1758.96	0
314.787	-2185.67	0
1703.05	-2174.58	0
2206.81	-1536	0
921.187	-2293.54	0
-1552.1	-2151.08	0
-730.3	-1759.83	0
1854.88	-1680.22	0
1030.96	-2743.97	0
1339.95	-2416.98	0
645.96	-3056.76	0
207.061	-2844.8	0
673.202	-3526.64	0
1112.51	-3237.67	0
-214.715	-3122.68	0
254.568	-3908.76	0
1562.43	-3341.59	0
-182.104	-3636.33	0
2206.81	-2750.09	0
1881.06	-3041.96	0
1802.7	-2626.79	0
-2208.06	-1821.13	0
-1356.8	-2704.44	0
-1579.71	-3357.36	0
-1599.75	-4148.51	0
CELLS 8455	33820
3 314	1441	315	
3 1445	4434	4435	
3 1462	869	1461	
3 1380	4350	4340	
3 1380	1391	1400	
3 29	28	1460	
3 104	103	1466	
3 1347	4315	1359	
3 1469	1468	338	
3 4195	4191	1306	
3 1293	4203	4118	
3 258	257	1470	
3 1347	1359	1341	
3 1469	2693	181	
3 4070	1246	4075	
3 1467	2103	104	
3 1724	1728	348	
3 4006	3994	3842	
3 1655	1656	687	
3 3636	3674	1098	
3 1041	1043	1039	
3 1801	1790	1794	
3 3937	1224	1229	
3 1486	1493	1482	
3 1627	437	1636	
3 800	799	801	
3 1542	1545	37	
3 1658	1661	687	
3 670	1665	1669	
3 1720	1717	438	
3 831	762	764	
3 324	364	673	
3 3384	921	3331	
3 713	323	671	
3 1465	765	673	
3 257	256	1471	
3 2037	2044	688	
3 765	801	799	
3 466	691	465	
3 715	324	673	
3 1024	1041	1039	
3 2032	2021	2025	
3 1544	362	1547	
3 1580	1587	1576	
3 2176	2168	2171	
3 25	1023	999	
3 2137	2138	113	
3 999	870	26	
3 26	25	999	
3 720	329	677	
3 1077	1066	1023	
3 768	675	720	
3 3805	1000	1078	
3 675	718	328	
3 1473	468	1474	
3 330	1487	1493	
3 1964	86	1963	
3 1529	1528	364	
3 1558	30	1529	
3 1979	473	1970	
3 30	1528	1529	
3 1489	385	1484	
3 219	1530	220	
3 32	1531	33	
3 200	1532	201	
3 34	33	1533	
3 442	1537	1536	
3 680	402	403	
3 363	1533	1531	
3 2462	493	2452	
3 32	31	1557	
3 2289	747	2290	
3 870	869	27	
3 2104	2105	108	
3 1542	36	1537	
3 361	323	1531	
3 709	1599	1614	
3 1560	37	1545	
3 1469	1594	318	
3 39	38	1559	
3 360	1559	1560	
3 185	1562	186	
3 668	337	318	
3 40	1563	41	
3 1567	497	1568	
3 1632	1647	46	
3 437	1624	1623	
3 1583	407	1578	
3 42	41	1565	
3 1688	337	336	
3 1565	41	1563	
3 183	1688	184	
3 2555	163	2554	
3 1647	47	46	
3 1144	289	1124	
3 48	47	1689	
3 1689	356	1881	
3 415	2717	2719	
3 1651	47	1647	
3 656	3054	3053	
3 2749	2750	584	
3 3004	1691	3002	
3 2744	343	2745	
3 1713	1705	520	
3 53	1873	1872	
3 259	1690	260	
3 1692	1691	440	
3 262	1693	263	
3 52	1691	1692	
3 269	1694	270	
3 1624	1632	45	
3 2567	2575	502	
3 1690	344	343	
3 1699	59	1698	
3 253	252	1695	
3 59	58	1698	
3 60	59	1699	
3 422	2809	2811	
3 1701	520	1702	
3 1738	512	1739	
3 1781	518	1782	
3 1797	60	1805	
3 1886	355	1884	
3 63	1796	1787	
3 64	1791	1802	
3 1872	439	2993	
3 1810	65	1802	
3 1797	425	1792	
3 61	1792	1783	
3 237	236	1820	
3 81	1823	1824	
3 1827	352	1826	
3 73	1825	74	
3 1826	352	1862	
3 433	350	1825	
3 347	1795	1801	
3 66	1826	67	
3 1866	351	1863	
3 352	320	1819	
3 1829	1828	435	
3 1634	1637	443	
3 72	1831	73	
3 1901	524	1910	
3 1648	443	1633	
3 527	1834	1833	
3 1861	1860	436	
3 1828	1830	435	
3 1859	1861	68	
3 65	1810	1827	
3 1852	1845	1849	
3 54	53	1872	
3 669	344	319	
3 432	1875	1825	
3 190	1874	191	
3 1873	52	1692	
3 1875	2919	2917	
3 49	1876	50	
3 77	76	1877	
3 1875	432	2919	
3 1935	685	1932	
3 1880	1879	441	
3 1897	524	1898	
3 1541	357	1539	
3 2070	2076	470	
3 2009	1823	429	
3 1552	1554	1551	
3 80	1898	1906	
3 34	1534	1538	
3 1823	1921	1924	
3 1885	1883	356	
3 1551	357	1541	
3 1963	3091	3093	
3 1669	1675	670	
3 1979	1970	555	
3 2008	2007	87	
3 39	1559	1561	
3 86	85	1963	
3 1564	39	1561	
3 671	361	324	
3 1966	555	1967	
3 36	1535	1537	
3 92	1990	93	
3 386	1512	1516	
3 672	363	323	
3 91	1967	1975	
3 323	361	671	
3 87	2007	88	
3 1557	31	1558	
3 83	82	2009	
3 1624	45	1622	
3 364	1528	1460	
3 1502	1507	331	
3 2012	535	2013	
3 386	1509	1512	
3 1512	1509	1508	
3 2028	447	2023	
3 2068	470	1516	
3 673	364	316	
3 2231	461	3063	
3 1496	385	1489	
3 158	2100	159	
3 102	1488	1479	
3 1581	1587	338	
3 369	2112	2124	
3 1467	104	1466	
3 2312	2317	2319	
3 1483	1487	1466	
3 848	2215	2223	
3 365	2026	2032	
3 2102	2101	382	
3 370	2119	2113	
3 2105	2104	379	
3 2134	108	2105	
3 2109	2108	458	
3 106	2102	2106	
3 2114	2109	2112	
3 119	118	2130	
3 110	109	2133	
3 129	2136	130	
3 2138	2137	375	
3 2197	113	2138	
3 371	2172	2176	
3 2141	2140	464	
3 2181	2180	2186	
3 2133	109	2134	
3 2160	546	2161	
3 106	2101	2102	
3 150	2195	151	
3 1990	1993	93	
3 34	1533	1534	
3 374	2217	2209	
3 115	114	2196	
3 110	2135	2142	
3 116	2199	117	
3 2199	2201	117	
3 2145	375	2143	
3 2131	2201	376	
3 2204	2203	463	
3 2174	2170	2167	
3 2177	2182	123	
3 2200	115	2198	
3 122	2169	2177	
3 2213	123	2182	
3 674	378	327	
3 2173	2166	121	
3 2145	2153	375	
3 466	2130	2131	
3 2154	2156	2153	
3 2104	107	2106	
3 463	2203	2207	
3 677	329	382	
3 372	2136	462	
3 3059	2232	3058	
3 2141	2143	2137	
3 2205	2207	2203	
3 675	379	329	
3 110	2133	2135	
3 2335	537	2329	
3 677	382	317	
3 2231	3063	3061	
3 2043	2048	366	
3 101	1475	1473	
3 2136	461	2231	
3 2101	105	2103	
3 2136	2232	462	
3 676	381	328	
3 374	2205	2211	
3 115	2196	2198	
3 1507	1509	331	
3 448	2050	2053	
3 1497	678	1498	
3 138	2023	2014	
3 2036	447	2028	
3 1491	1480	384	
3 2050	2049	2053	
3 1478	1482	1476	
3 94	93	2233	
3 140	2027	2018	
3 1975	1990	92	
3 2117	142	2041	
3 2116	370	2110	
3 2943	2953	708	
3 2022	2033	141	
3 429	685	428	
3 2041	142	2033	
3 2069	553	2070	
3 2249	745	2251	
3 2111	2108	2110	
3 2961	694	2958	
3 2114	2115	146	
3 2235	2234	457	
3 222	2236	223	
3 368	2195	455	
3 227	2237	228	
3 2240	2239	483	
3 149	2257	150	
3 215	214	2258	
3 2261	2195	454	
3 2261	3042	3040	
3 2874	488	2877	
3 541	2366	2357	
3 2263	564	2264	
3 544	2301	2300	
3 2248	2244	391	
3 2111	2110	370	
3 235	2932	2947	
3 2327	537	2057	
3 1474	102	1472	
3 2196	114	2197	
3 2208	2204	2206	
3 4326	4329	1382	
3 1642	1649	321	
3 3042	2261	454	
3 2350	2381	2378	
3 206	2351	207	
3 2100	2377	2380	
3 2353	541	2354	
3 2426	395	2424	
3 203	2419	204	
3 157	2354	2362	
3 2422	2421	491	
3 2100	451	2442	
3 160	159	2442	
3 2445	570	2446	
3 499	2604	2610	
3 2430	2427	396	
3 2554	3098	3100	
3 3077	3079	488	
3 723	2504	2522	
3 163	162	2554	
3 2522	334	2535	
3 2556	164	2557	
3 164	2556	165	
3 2489	2488	2497	
3 576	2575	2567	
3 196	2456	2447	
3 2497	399	2489	
3 2560	2559	502	
3 572	2537	2536	
3 1606	1610	408	
3 2636	2635	170	
3 336	337	668	
3 169	2560	2636	
3 2641	2643	496	
3 2564	2563	576	
3 2498	2513	679	
3 1596	1601	339	
3 2461	494	2456	
3 680	403	335	
3 2602	499	1610	
3 404	2634	1688	
3 1603	1602	1606	
3 1577	1581	1468	
3 681	404	336	
3 1606	408	1603	
3 2561	403	402	
3 1572	1576	1570	
3 1469	181	1468	
3 179	1566	1568	
3 1750	1754	345	
3 182	2693	2692	
3 1591	682	1592	
3 1573	179	1582	
3 339	1601	1603	
3 1583	1590	407	
3 178	1569	1567	
3 2603	574	2604	
3 1562	404	335	
3 451	689	450	
3 2649	1874	2648	
3 403	2652	1562	
3 2559	2560	169	
3 184	2634	185	
3 171	170	2635	
3 278	277	2637	
3 2642	2641	496	
3 2651	2650	506	
3 2458	2465	2454	
3 2516	1874	2517	
3 3049	3053	506	
3 2646	189	2642	
3 2707	412	2700	
3 2561	2652	403	
3 2654	577	2655	
3 183	182	2692	
3 1585	1574	406	
3 1874	2516	191	
3 189	2640	2642	
3 2706	2701	413	
3 2479	398	2474	
3 3010	3012	3013	
3 2481	2480	2484	
3 2461	2469	494	
3 266	265	2694	
3 2481	2484	495	
3 2697	2696	508	
3 3014	3008	3011	
3 2451	198	2460	
3 2714	2713	510	
3 2279	2271	2274	
3 2429	1532	2477	
3 2734	511	2735	
3 199	2455	2466	
3 2722	2718	416	
3 1532	2472	2477	
3 415	2719	2723	
3 253	1697	1740	
3 2425	2421	2423	
3 3087	2771	3085	
3 2351	490	394	
3 205	2771	206	
3 2787	2793	421	
3 2425	491	2421	
3 1743	1746	1741	
3 683	420	346	
3 566	2870	2861	
3 2773	586	2774	
3 207	2855	208	
3 2876	2879	487	
3 2789	516	2784	
3 2855	2351	489	
3 253	1695	1697	
3 2857	566	2858	
3 255	1737	1739	
3 3071	2889	479	
3 2739	2737	511	
3 2845	2848	241	
3 212	2858	2866	
3 1786	1790	1784	
3 2277	2273	2270	
3 2258	2259	486	
3 1705	1713	426	
3 2879	213	2866	
3 62	1783	1781	
3 1806	684	1807	
3 2269	217	2276	
3 1701	1703	1704	
3 1746	1749	1754	
3 2247	1530	2285	
3 1710	1707	56	
3 218	2272	2280	
3 1799	1788	424	
3 1530	2283	2285	
3 63	1780	1782	
3 2008	86	1964	
3 2241	2242	2239	
3 3092	83	2010	
3 482	2886	2236	
3 223	2886	224	
3 685	429	349	
3 480	389	2237	
3 706	1917	1927	
3 1908	1911	525	
3 227	226	2888	
3 1867	732	1868	
3 479	2889	2237	
3 228	2889	229	
3 1898	80	1896	
3 2927	559	2936	
3 1877	431	1925	
3 2891	562	2892	
3 83	2009	2010	
3 391	2242	2241	
3 430	1901	1910	
3 307	306	1389	
3 476	694	475	
3 4418	4413	1398	
3 2702	2697	2700	
3 2918	2917	526	
3 230	2921	231	
3 1838	433	1836	
3 559	2924	2923	
3 2947	2950	1821	
3 70	1829	1835	
3 1834	1836	1831	
3 2782	2786	2793	
3 70	1828	1829	
3 474	2843	2846	
3 3105	3107	3006	
3 1862	1864	436	
3 1821	476	1820	
3 686	435	351	
3 2924	2932	234	
3 1816	1809	1808	
3 1625	529	1626	
3 2809	422	2804	
3 355	1882	1884	
3 588	2819	2989	
3 2815	517	2811	
3 1705	1698	1702	
3 2841	2843	474	
3 1630	1635	1626	
3 2992	2991	531	
3 247	2784	2775	
3 3005	3004	532	
3 2802	346	1696	
3 2779	249	2788	
3 1881	1883	441	
3 2797	516	2789	
3 3001	532	3002	
3 2815	2811	2810	
3 439	2997	2995	
3 239	3006	240	
3 436	1863	1861	
3 1540	442	1536	
3 2802	251	2794	
3 1631	1636	437	
3 420	1695	1696	
3 1470	345	1758	
3 1625	1626	1623	
3 1750	1471	1747	
3 1544	1541	1543	
3 1656	1658	687	
3 1026	1095	287	
3 2017	2021	2015	
3 1690	3007	344	
3 1693	2741	2742	
3 2048	2050	366	
3 1470	344	3007	
3 139	2014	2012	
3 1744	255	1751	
3 1563	40	1564	
3 2037	688	2038	
3 2735	2740	261	
3 2326	2328	2329	
3 2742	2721	1693	
3 2716	2715	416	
3 2333	2331	133	
3 3022	3014	509	
3 2030	2019	446	
3 2557	163	2555	
3 3028	414	3025	
3 3099	160	2443	
3 269	268	3008	
3 2665	2670	2662	
3 689	451	367	
3 3010	509	3011	
3 2373	2383	707	
3 2715	2716	2713	
3 2357	2366	452	
3 2733	2735	261	
3 140	2011	2013	
3 250	2783	2794	
3 1880	1882	1876	
3 2364	2367	542	
3 2699	2698	413	
3 738	2126	2125	
3 411	2638	2651	
3 2703	273	2702	
3 2354	157	2352	
3 2698	2699	2696	
3 2350	453	2381	
3 3041	3040	543	
3 276	2650	2651	
3 2305	455	2303	
3 505	2637	2638	
3 2676	282	2671	
3 2040	2039	2058	
3 2668	2664	2661	
3 147	2235	2302	
3 3046	3045	579	
3 454	368	2323	
3 690	457	369	
3 2663	2671	281	
3 2111	2113	458	
3 871	283	340	
3 284	283	871	
3 2107	2109	145	
3 282	2676	283	
3 147	2234	2235	
3 2165	2168	2163	
3 340	2687	2690	
3 2053	2057	448	
3 872	1001	285	
3 1001	286	285	
3 3067	3065	461	
3 2684	655	2682	
3 373	2206	2222	
3 871	3316	284	
3 119	2132	2162	
3 2660	280	2667	
3 2301	2303	2257	
3 3057	549	3058	
3 287	1095	288	
3 2207	2209	463	
3 1124	288	1095	
3 3536	1026	1001	
3 2202	2204	126	
3 3532	3564	1027	
3 2212	2216	549	
3 2147	2145	2146	
3 2682	2683	2684	
3 121	2159	2161	
3 3887	3924	1193	
3 1232	3933	3959	
3 691	466	376	
3 1191	291	1169	
3 377	674	740	
3 1095	1145	1124	
3 2144	464	2140	
3 2199	116	2200	
3 297	1268	1276	
3 1477	1473	1475	
3 1329	1326	1330	
3 1336	301	300	
3 1482	383	1476	
3 1288	299	298	
3 692	467	377	
3 1586	573	1579	
3 304	1362	1371	
3 2073	2076	2070	
3 308	307	1404	
3 310	1428	1427	
3 1991	1997	387	
3 1393	1378	1384	
3 95	2074	2072	
3 1354	1356	1351	
3 678	1497	1503	
3 4050	4049	1237	
3 119	2130	2132	
3 1026	286	1001	
3 3062	3061	548	
3 2705	1694	3028	
3 160	2442	2443	
3 2070	2067	2069	
3 432	350	1857	
3 693	472	387	
3 2855	489	3076	
3 2074	472	471	
3 1966	1968	1969	
3 1976	1972	89	
3 477	2927	2936	
3 2846	558	474	
3 2957	618	2955	
3 3106	237	1822	
3 694	476	388	
3 237	1820	1822	
3 2934	2937	560	
3 2921	478	2951	
3 2910	2903	2908	
3 2924	234	2922	
3 479	389	2914	
3 3070	3069	561	
3 224	2887	2893	
3 2896	480	2894	
3 2245	390	2243	
3 2892	2894	2888	
3 695	482	390	
3 224	2886	2887	
3 2242	2244	483	
3 2240	2243	2236	
3 215	2260	2265	
3 2268	2271	2266	
3 487	2861	2870	
3 217	2262	2264	
3 696	486	393	
3 215	2258	2260	
3 2857	2859	2860	
3 2867	2863	210	
3 2431	395	2426	
3 2856	2858	212	
3 489	3080	3078	
3 3075	3074	567	
3 3084	568	3085	
3 3088	3087	568	
3 2426	491	2427	
3 2422	2424	2419	
3 197	2447	2445	
3 2450	2454	2448	
3 748	2490	2494	
3 198	2444	2446	
3 2470	697	2471	
3 2463	2452	493	
3 2488	495	2484	
3 2481	2485	698	
3 2643	2641	2561	
3 402	724	2538	
3 1571	1567	1569	
3 1576	405	1570	
3 682	1591	1597	
3 420	683	419	
3 172	2608	2606	
3 2607	2610	2604	
3 2586	2590	409	
3 2604	2601	2603	
3 699	501	409	
3 2608	501	500	
3 2563	2565	2566	
3 2558	2572	165	
3 278	2639	2656	
3 2659	2662	2657	
3 412	2707	2709	
3 280	2653	2655	
3 700	505	411	
3 278	2637	2639	
3 3048	3047	507	
3 3053	3049	3051	
3 3052	656	3051	
3 2650	3046	3049	
3 2699	2701	508	
3 2695	2697	272	
3 3012	581	3013	
3 3017	3021	3013	
3 2716	2718	510	
3 2714	2717	2694	
3 2736	2734	1690	
3 511	2736	2738	
3 1738	1740	1742	
3 1746	418	1741	
3 1766	728	1767	
3 2670	410	2666	
3 248	2775	2773	
3 2778	2782	2776	
3 2798	2805	701	
3 249	2772	2774	
3 2798	701	2799	
3 2791	2780	515	
3 2844	2850	2848	
3 2816	517	2821	
3 1785	1781	1783	
3 1790	423	1784	
3 1636	353	1627	
3 1492	552	1485	
3 1703	590	1704	
3 1708	1712	1704	
3 3095	523	3093	
3 1965	1967	91	
3 702	522	427	
3 1976	522	521	
3 3090	592	3091	
3 3093	592	3095	
3 1899	593	1900	
3 1904	1909	1900	
3 1905	1910	524	
3 1899	1900	1897	
3 526	1933	1931	
3 2920	1877	2918	
3 1837	527	1833	
3 1840	1838	1839	
3 384	1480	1490	
3 1929	1931	595	
3 1629	529	1625	
3 1630	1634	1638	
3 672	713	762	
3 1715	1721	637	
3 2993	2995	531	
3 2992	2994	1710	
3 3003	3001	1876	
3 1890	355	1887	
3 424	1788	1798	
3 438	2994	2996	
3 4021	4032	1195	
3 1728	1729	684	
3 2016	2012	2014	
3 2021	445	2015	
3 2343	642	2337	
3 689	2388	2391	
3 2328	601	2329	
3 2332	2335	2329	
3 3102	540	3100	
3 2567	2559	2564	
3 703	539	449	
3 165	2556	2558	
3 3097	603	3098	
3 3100	603	3102	
3 2355	604	2356	
3 2360	2365	2356	
3 2361	2366	541	
3 2355	2356	2353	
3 543	2389	2387	
3 3043	2350	3041	
3 2304	544	2300	
3 2307	2305	2306	
3 406	1574	1584	
3 2385	2387	606	
3 2160	2162	2164	
3 2168	459	2163	
3 740	692	377	
3 460	2342	2339	
3 3063	3065	548	
3 3062	3064	2333	
3 127	2208	2210	
3 549	2210	2212	
3 446	2019	2029	
3 460	3064	3066	
3 379	675	328	
3 377	378	674	
3 468	1481	1478	
3 1478	1485	552	
3 2072	553	2069	
3 2082	2079	1513	
3 471	472	693	
3 596	1840	1841	
3 1968	613	1969	
3 1973	1978	1969	
3 558	3107	3109	
3 517	2815	2819	
3 2841	474	2840	
3 2844	557	2842	
3 3104	615	3105	
3 3107	615	3109	
3 2925	616	2926	
3 2930	2935	2926	
3 2931	2936	559	
3 2925	2926	2923	
3 561	2959	2957	
3 3072	2921	3070	
3 2895	562	2891	
3 2898	2896	2897	
3 484	2279	2275	
3 2250	2256	3141	
3 2263	2265	2267	
3 2271	484	2266	
3 651	2872	2878	
3 1753	585	1748	
3 2859	621	2860	
3 2864	2869	2860	
3 3076	3078	567	
3 3075	3077	2867	
3 3086	3084	2419	
3 2438	395	2433	
3 492	2465	2459	
3 486	696	485	
3 2449	2445	2447	
3 2454	492	2448	
3 2540	2539	572	
3 2435	3153	2432	
3 724	402	680	
3 679	2499	2498	
3 497	1575	1572	
3 1572	1579	573	
3 2606	574	2603	
3 2616	2613	1607	
3 607	2307	2308	
3 500	501	699	
3 2565	628	2566	
3 2570	2574	2566	
3 2654	2656	2658	
3 2662	503	2657	
3 3163	2706	2708	
3 3163	3213	2710	
3 3047	3048	3045	
3 507	412	2711	
3 3022	414	3014	
3 3162	411	3054	
3 581	3012	3016	
3 3022	509	3018	
3 710	2748	2746	
3 580	3163	2710	
3 2742	417	2743	
3 2738	2744	584	
3 343	344	669	
3 1771	319	1762	
3 1743	1745	1748	
3 1743	1748	585	
3 2777	2773	2775	
3 2782	514	2776	
3 619	2898	2899	
3 2790	515	2780	
3 556	2847	2844	
3 2816	2821	635	
3 518	1789	1786	
3 1786	1793	589	
3 1707	590	1703	
3 1713	520	1709	
3 1999	693	1997	
3 1684	830	3292	
3 3094	592	3090	
3 428	1938	1940	
3 1903	593	1899	
3 1904	1908	1912	
3 1800	589	1793	
3 1846	1844	686	
3 433	1838	1848	
3 528	1864	1819	
3 686	434	435	
3 1817	1815	933	
3 1630	529	1634	
3 1640	1643	705	
3 440	3005	2999	
3 1668	845	1674	
3 923	1686	1674	
3 2998	1893	924	
3 535	2020	2017	
3 2017	2024	600	
3 2331	601	2328	
3 2341	2338	2054	
3 2175	608	2170	
3 2188	2192	853	
3 3101	603	3097	
3 450	2394	2396	
3 2359	604	2355	
3 2360	2364	2368	
3 600	2024	2031	
3 2126	2128	690	
3 455	2305	2316	
3 545	2113	2065	
3 690	456	457	
3 641	3136	2060	
3 2165	2167	2170	
3 2165	2170	608	
3 462	2216	2225	
3 836	916	814	
3 2189	2193	2194	
3 2228	610	2224	
3 2084	612	2078	
3 1597	1605	682	
3 2073	2075	2078	
3 2073	2078	612	
3 1972	613	1968	
3 1979	555	1974	
3 1935	730	1938	
3 427	1943	1998	
3 3108	615	3104	
3 475	2964	2966	
3 2929	616	2925	
3 2930	2934	2938	
3 2278	620	2273	
3 2251	2253	695	
3 480	2896	2907	
3 2254	2248	2250	
3 695	481	482	
3 2296	2287	650	
3 2268	2270	2273	
3 2268	2273	620	
3 2863	621	2859	
3 2870	566	2865	
3 2464	625	2457	
3 840	2532	2530	
3 490	3088	3082	
3 821	2515	2521	
3 2531	652	2478	
3 3081	2440	926	
3 570	2453	2450	
3 2450	2457	625	
3 2618	627	2612	
3 2830	2831	825	
3 2607	2609	2612	
3 2607	2612	627	
3 628	2565	2569	
3 2575	576	2571	
3 2391	736	2394	
3 449	2399	2591	
3 2659	2661	2664	
3 2659	2664	630	
3 505	700	504	
3 3031	582	3030	
3 3020	2726	3026	
3 2726	415	2723	
3 2792	634	2785	
3 2669	630	2664	
3 586	2781	2778	
3 2778	2785	634	
3 557	2841	2842	
3 635	2828	2825	
3 597	1638	1644	
3 1503	1511	678	
3 1708	1711	1715	
3 1708	1715	637	
3 1928	349	1923	
3 521	522	702	
3 1904	593	1908	
3 1914	1917	706	
3 672	362	363	
3 1659	1662	795	
3 2044	2052	688	
3 778	2403	2392	
3 2332	2334	2337	
3 2332	2337	642	
3 2384	367	2379	
3 538	539	703	
3 2360	604	2364	
3 2370	2373	707	
3 741	692	782	
3 2187	815	783	
3 1941	638	1939	
3 774	1947	1936	
3 1973	1977	1981	
3 1973	1981	647	
3 388	2949	2954	
3 2836	704	2833	
3 2930	616	2934	
3 2940	2943	708	
3 893	2286	2288	
3 1761	1765	881	
3 2864	2868	2872	
3 2864	2872	651	
3 749	2482	2486	
3 789	2528	2478	
3 699	2590	2592	
3 2368	2374	644	
3 2570	2573	2577	
3 2570	2577	654	
3 667	3338	3259	
3 289	1144	290	
3 579	3048	3052	
3 631	667	3054	
3 2722	2724	2727	
3 3020	3026	632	
3 2907	2912	389	
3 2961	743	2964	
3 831	798	762	
3 599	1887	1889	
3 729	1724	1725	
3 1912	1918	639	
3 2185	645	2183	
3 610	2215	2224	
3 3148	602	2348	
3 654	2577	2583	
3 595	1858	3195	
3 1981	1987	647	
3 749	2487	2483	
3 2938	2944	649	
3 624	2433	2437	
3 2884	3173	622	
3 606	2324	3205	
3 643	2395	2397	
3 631	3050	2711	
3 3338	631	3339	
3 336	725	681	
3 668	725	336	
3 1758	319	1470	
3 711	1760	1764	
3 1680	670	1675	
3 756	1646	1654	
3 1460	1461	1463	
3 1187	1192	1168	
3 323	713	672	
3 1549	1547	362	
3 764	671	715	
3 671	324	715	
3 327	2156	674	
3 740	782	692	
3 676	328	718	
3 676	380	381	
3 2147	380	2149	
3 2151	2149	380	
3 1500	317	1467	
3 721	1505	1520	
3 722	1511	1510	
3 1492	1495	1501	
3 2504	2518	2522	
3 2492	2491	788	
3 681	335	404	
3 318	1618	668	
3 1618	318	1611	
3 335	681	726	
3 727	1605	1604	
3 1586	1589	1595	
3 1766	1773	728	
3 1753	1756	1759	
3 1719	1724	348	
3 1733	1803	1807	
3 349	1916	1923	
3 731	1926	1946	
3 1867	1868	351	
3 1844	1842	434	
3 734	1661	1665	
3 712	1556	1554	
3 735	2052	2051	
3 2031	2035	2042	
3 367	2372	2379	
3 737	2382	2402	
3 2125	2126	369	
3 2311	2309	456	
3 376	467	692	
3 2175	2179	2183	
3 2158	2156	717	
3 376	692	741	
3 1985	1991	387	
3 693	2002	2083	
3 388	2942	2949	
3 744	2952	2971	
3 2249	2251	390	
3 2902	2900	481	
3 2289	2294	747	
3 2278	2282	2284	
3 2479	2481	398	
3 2464	2468	2473	
3 787	2502	2504	
3 749	2483	2482	
3 2581	2586	409	
3 699	2595	2617	
3 2679	3162	972	
3 2669	2673	2677	
3 2813	2812	751	
3 2792	2796	2803	
3 1943	1942	638	
3 521	1986	1983	
3 2399	2398	643	
3 538	2582	2579	
3 755	2840	2851	
3 743	2965	2964	
3 1654	1655	756	
3 1640	1644	1638	
3 1927	1929	757	
3 1914	1918	1912	
3 2383	2385	758	
3 2370	2374	2368	
3 2953	2955	759	
3 2940	2944	2938	
3 2541	2537	2539	
3 2485	2490	698	
3 1771	669	319	
3 2727	2724	905	
3 1764	1777	711	
3 710	2745	2747	
3 1549	762	714	
3 762	798	714	
3 673	316	1465	
3 3693	3780	3807	
3 713	764	762	
3 1544	1546	534	
3 801	3485	1024	
3 764	713	671	
3 1024	1039	982	
3 756	1655	1657	
3 676	718	766	
3 766	802	719	
3 675	329	720	
3 2151	766	719	
3 720	677	769	
3 2147	2148	551	
3 1517	1524	317	
3 677	317	1524	
3 769	3182	720	
3 675	768	718	
3 722	1522	1521	
3 611	1506	1518	
3 2538	724	572	
3 724	772	805	
3 680	335	726	
3 772	724	680	
3 725	771	3186	
3 726	772	680	
3 725	773	681	
3 668	771	725	
3 727	1616	1615	
3 626	1600	1612	
3 728	1768	1767	
3 2808	2820	658	
3 729	1725	1731	
3 1727	659	1723	
3 774	1932	1930	
3 1938	730	1939	
3 1934	730	1932	
3 1998	901	1995	
3 1871	3294	1850	
3 434	1842	1840	
3 1869	732	1867	
3 660	1919	1920	
3 777	1666	1670	
3 1646	705	1654	
3 735	2063	2062	
3 2347	661	2345	
3 778	2388	2386	
3 2394	736	2395	
3 2390	736	2388	
3 2591	903	2588	
3 2129	738	2127	
3 456	2309	2307	
3 738	2125	2127	
3 662	2375	2376	
3 740	674	781	
3 741	691	376	
3 740	781	812	
3 2187	783	2185	
3 742	1994	2001	
3 1955	1996	901	
3 784	2958	2956	
3 899	2808	2813	
3 2825	751	2818	
3 2833	793	2831	
3 2255	745	2252	
3 481	2900	2898	
3 2252	745	2249	
3 664	2945	2946	
3 747	2291	2290	
3 2883	665	2881	
3 2494	2499	748	
3 697	2470	2475	
3 819	2507	2500	
3 2476	2483	2487	
3 750	2587	2594	
3 2411	2589	903	
3 2821	2822	635	
3 2958	694	2956	
3 685	1930	1932	
3 1923	1926	731	
3 689	2386	2388	
3 2379	2382	737	
3 2840	2837	704	
3 793	2833	2837	
3 744	2949	2952	
3 2960	743	2958	
3 795	1657	1659	
3 1666	828	1662	
3 596	1852	1848	
3 1847	1844	1846	
3 607	2319	2316	
3 2311	2128	2313	
3 619	2910	2907	
3 2902	2253	2904	
3 1761	633	1759	
3 2709	2710	850	
3 1762	1760	711	
3 797	2748	2753	
3 831	764	800	
3 534	1552	1551	
3 715	799	764	
3 855	1951	1950	
3 765	715	673	
3 765	799	715	
3 800	764	799	
3 1546	1550	534	
3 1941	1949	752	
3 551	2154	2153	
3 768	3270	718	
3 856	2407	2406	
3 1505	721	1517	
3 3270	768	3240	
3 721	1520	1527	
3 768	3182	3240	
3 2397	2405	753	
3 2970	3175	914	
3 709	1611	1599	
3 1621	709	1614	
3 773	726	681	
3 1621	3186	771	
3 3250	773	3186	
3 726	773	3274	
3 1848	1855	350	
3 3132	910	1945	
3 1673	828	1671	
3 875	1518	1506	
3 800	801	982	
3 812	814	782	
3 712	1553	1555	
3 1672	829	1673	
3 2316	2321	368	
3 3150	912	2401	
3 551	2148	2152	
3 1600	878	1612	
3 2191	550	2209	
3 2507	2508	788	
3 717	2155	2157	
3 782	740	812	
3 802	835	767	
3 782	815	741	
3 2157	813	781	
3 837	2192	815	
3 3218	618	2915	
3 826	3288	2838	
3 3250	3274	773	
3 2749	2746	2751	
3 2436	2430	2432	
3 2829	857	2826	
3 2519	2523	818	
3 2491	2495	788	
3 2544	2543	838	
3 2492	749	2486	
3 2540	805	770	
3 2529	789	822	
3 1937	730	1934	
3 790	1953	1950	
3 2390	2393	736	
3 791	2409	2406	
3 2982	2978	844	
3 2835	843	2852	
3 2967	755	2851	
3 2838	2974	2975	
3 2972	2962	784	
3 743	2960	2963	
3 763	798	834	
3 845	1664	1663	
3 565	2278	2287	
3 3266	3265	3345	
3 797	2753	2756	
3 2763	2757	797	
3 716	801	765	
3 1657	1660	756	
3 1464	716	1465	
3 1192	1187	1196	
3 1184	3849	3978	
3 1999	2003	890	
3 834	3364	3331	
3 802	832	3422	
3 1527	3182	769	
3 3270	802	766	
3 1817	519	1800	
3 896	2592	2596	
3 2060	536	2031	
3 2830	792	2828	
3 772	3274	3308	
3 2503	2514	2519	
3 1641	1686	530	
3 1683	830	1682	
3 3197	3133	1945	
3 3133	1944	660	
3 1555	834	808	
3 1888	847	1886	
3 609	2349	2346	
3 2543	2549	838	
3 3207	3151	2401	
3 3151	2400	662	
3 1523	3394	1518	
3 811	2157	835	
3 781	717	2157	
3 812	781	813	
3 813	811	836	
3 812	813	814	
3 835	915	811	
3 2212	2215	610	
3 782	814	815	
3 837	815	814	
3 623	2885	2882	
3 857	2827	2826	
3 3220	3176	2970	
3 3176	2969	664	
3 1617	3395	1612	
3 2542	2544	2523	
3 2514	2503	787	
3 2505	2501	2503	
3 820	2526	2520	
3 2506	819	2505	
3 818	2544	2550	
3 2431	2433	395	
3 2496	822	2492	
3 821	2548	2510	
3 1936	823	1934	
3 1936	1948	823	
3 2392	824	2390	
3 2392	2404	824	
3 2834	825	2831	
3 2832	2835	2852	
3 2511	2515	821	
3 2975	2974	794	
3 2962	827	2960	
3 2973	2962	2977	
3 1676	1672	777	
3 1666	1671	828	
3 3118	1678	829	
3 1683	1667	1679	
3 3187	808	3331	
3 355	1886	1887	
3 831	800	852	
3 798	831	834	
3 3111	946	1526	
3 813	836	814	
3 3115	947	1620	
3 1069	3215	3444	
3 870	999	1025	
3 932	1730	3123	
3 3112	1525	1526	
3 997	3510	3402	
3 3344	832	3269	
3 3573	3439	964	
3 861	2228	2227	
3 2188	2185	783	
3 1619	1620	3116	
3 2975	3224	826	
3 3310	3309	833	
3 1770	633	1761	
3 2434	2439	849	
3 2478	2528	2531	
3 3277	910	3196	
3 1815	886	933	
3 3206	3279	912	
3 2059	641	2047	
3 951	3342	3262	
3 816	2976	2983	
3 650	2286	2293	
3 3281	914	3219	
3 1685	1674	845	
3 1646	640	1645	
3 852	3364	831	
3 3190	3251	885	
3 1649	1681	321	
3 598	2998	1732	
3 2223	2226	848	
3 609	3065	3067	
3 849	2431	2434	
3 623	3081	2885	
3 2729	905	2758	
3 760	2754	2759	
3 3192	3126	882	
3 3561	3665	3833	
3 852	800	982	
3 915	1002	836	
3 2190	3140	983	
3 2175	2189	547	
3 3155	3211	984	
3 2531	2534	652	
3 1957	855	1954	
3 663	1988	1989	
3 2413	856	2410	
3 666	2584	2585	
3 881	1774	1770	
3 2808	899	2820	
3 1958	806	1952	
3 598	1732	1726	
3 3361	3360	1042	
3 1733	684	1729	
3 864	2189	2194	
3 2059	2047	887	
3 2194	3300	864	
3 983	3140	860	
3 2533	865	2534	
3 650	2284	2286	
3 865	2533	3307	
3 984	3211	862	
3 3299	837	3350	
3 916	3350	814	
3 2532	854	2530	
3 840	2529	2548	
3 3378	3359	3388	
3 1888	1892	847	
3 836	811	915	
3 3299	3350	867	
3 2527	2526	2525	
3 2553	2532	840	
3 870	27	26	
3 1460	1463	316	
3 25	24	1023	
3 1000	1024	3485	
3 2674	2687	2675	
3 284	872	285	
3 3316	871	2690	
3 3417	872	3316	
3 3212	972	3162	
3 340	2675	2687	
3 2723	2725	3165	
3 3036	3034	3037	
3 2097	3139	554	
3 1521	875	1511	
3 3325	891	3135	
3 3112	803	1525	
3 2002	693	1999	
3 892	877	929	
3 2631	3161	575	
3 1615	878	1605	
3 3329	897	3159	
3 3116	804	1619	
3 2595	699	2592	
3 898	880	930	
3 2814	728	2807	
3 1765	1767	881	
3 2820	2827	3320	
3 1772	1776	3127	
3 2852	2854	857	
3 3167	931	2824	
3 884	1729	1734	
3 1734	1736	884	
3 3187	3332	846	
3 974	3447	1854	
3 846	3373	3292	
3 846	3118	3187	
3 2062	887	2052	
3 2059	2064	3397	
3 809	2408	2414	
3 976	3450	2318	
3 2348	3146	934	
3 889	2059	3397	
3 1994	742	1991	
3 2091	2003	2092	
3 892	2099	3297	
3 2086	2088	646	
3 3135	891	2005	
3 1057	2099	3138	
3 2290	893	2288	
3 2293	893	2295	
3 2982	2973	2978	
3 978	3453	2909	
3 2884	3171	937	
3 3220	914	3221	
3 2587	750	2586	
3 2625	2596	2626	
3 898	2633	3313	
3 2620	2622	653	
3 3159	897	2598	
3 1058	2633	3160	
3 2823	899	2813	
3 3320	2827	857	
3 3287	3419	2853	
3 3356	900	3320	
3 1949	1951	752	
3 1951	1955	901	
3 3295	3296	1955	
3 3296	902	1955	
3 2405	2407	753	
3 2407	2411	903	
3 3305	3306	2411	
3 3306	904	2411	
3 2764	2731	2762	
3 2725	2727	2729	
3 1763	513	1753	
3 1775	1763	633	
3 1519	469	1492	
3 611	3110	1519	
3 1613	498	1586	
3 626	3114	1613	
3 1944	594	1915	
3 3132	1920	757	
3 1853	776	3348	
3 1841	1845	596	
3 2400	605	2371	
3 3150	2376	758	
3 2320	780	3352	
3 2308	2312	607	
3 2969	617	2941	
3 3175	2946	759	
3 2911	786	3357	
3 2981	3177	844	
3 980	3235	3237	
3 981	3245	3247	
3 960	3180	3268	
3 2546	839	3327	
3 3300	3374	997	
3 2835	2839	2853	
3 3354	2550	3311	
3 796	1772	3127	
3 961	3184	3272	
3 3194	3333	2763	
3 816	2986	2980	
3 2981	844	2978	
3 1030	3612	3582	
3 3237	3269	980	
3 3033	3032	657	
3 2680	655	2677	
3 3378	3323	3359	
3 3119	985	1687	
3 2998	2999	1893	
3 1044	1045	3488	
3 2229	925	2349	
3 3149	3204	3144	
3 3081	3082	2440	
3 3174	3217	3169	
3 3355	3318	2769	
3 2688	973	2683	
3 3165	3166	3033	
3 3038	874	3037	
3 2097	554	2081	
3 646	2088	2090	
3 2631	575	2615	
3 653	2622	2624	
3 2814	931	1768	
3 2814	2824	931	
3 1730	591	1718	
3 659	1722	1723	
3 1061	3408	3445	
3 3128	975	1818	
3 2348	602	2340	
3 661	2344	2345	
3 1062	3410	3448	
3 3137	977	2061	
3 2000	614	1984	
3 2004	2000	663	
3 2884	622	2875	
3 665	2880	2881	
3 1063	3451	1018	
3 3142	938	3256	
3 2593	629	2580	
3 2597	2593	666	
3 1006	3319	3419	
3 3330	883	3167	
3 1959	1960	1958	
3 1962	3200	1948	
3 2415	2416	2414	
3 2418	3210	2404	
3 3333	3366	3418	
3 3164	850	2710	
3 2758	2732	2729	
3 3166	2732	2768	
3 3252	882	1778	
3 3192	945	3126	
3 3267	967	3268	
3 946	3111	3179	
3 3271	968	3272	
3 947	3115	3183	
3 3234	960	3236	
3 1081	3486	3551	
3 1020	915	835	
3 1082	3487	3552	
3 2903	619	2899	
3 3303	965	3574	
3 920	2977	2980	
3 2984	951	2981	
3 3251	3396	885	
3 932	3190	1735	
3 952	3120	3121	
3 3122	969	3120	
3 3424	916	3455	
3 3147	888	934	
3 954	3143	3144	
3 3145	970	3143	
3 3454	3312	918	
3 3172	894	937	
3 956	3168	3169	
3 3170	971	3168	
3 3227	3228	3038	
3 3213	3343	3164	
3 3194	3193	959	
3 290	1169	291	
3 3197	910	3198	
3 3247	3273	981	
3 3208	3207	912	
3 3262	919	3223	
3 2297	3303	895	
3 950	3221	3291	
3 3119	866	3129	
3 3119	3324	866	
3 3489	1033	3203	
3 954	3144	3202	
3 3490	1034	3216	
3 2985	3322	962	
3 3256	979	3142	
3 3399	3398	1035	
3 2093	2006	2098	
3 3244	961	3246	
3 942	3578	3353	
3 3319	940	2854	
3 969	1727	3120	
3 3123	3124	932	
3 970	2347	3143	
3 3146	3147	934	
3 971	2883	3168	
3 3171	3172	937	
3 3259	3260	3212	
3 2680	2679	2682	
3 3369	3340	3164	
3 3266	993	3230	
3 3128	3445	3408	
3 3504	1016	3400	
3 1813	1817	1818	
3 1871	1870	775	
3 3137	3448	3410	
3 3469	889	3397	
3 2046	2060	2061	
3 2123	2065	2122	
3 3414	3201	3451	
3 3583	895	3303	
3 3141	979	2250	
3 785	2255	2254	
3 3182	1527	3113	
3 3233	3235	803	
3 3186	1621	3117	
3 3243	3245	804	
3 1195	4064	4033	
3 982	801	1024	
3 2184	2189	2190	
3 2221	2191	2220	
3 3153	984	2432	
3 2439	2436	862	
3 923	3119	1687	
3 1888	533	1891	
3 2766	2767	943	
3 3229	3230	3228	
3 1044	859	3130	
3 941	1957	3278	
3 964	3145	3203	
3 942	2413	3280	
3 3215	956	3169	
3 3312	3416	868	
3 1056	3544	3514	
3 1194	292	1191	
3 991	3238	3367	
3 802	3422	835	
3 992	3248	3368	
3 2549	3309	3311	
3 3178	928	3033	
3 943	2770	2768	
3 3178	3225	994	
3 3225	3226	994	
3 943	2767	2769	
3 3499	1027	3417	
3 3337	3474	3252	
3 3591	3616	3639	
3 836	1002	3455	
3 867	3350	3424	
3 2547	2521	2545	
3 3312	868	2552	
3 24	23	1094	
3 716	3485	801	
3 1041	1024	1000	
3 1172	4021	3984	
3 3315	873	2689	
3 286	1026	287	
3 941	3575	3349	
3 3371	990	3342	
3 2627	2599	2632	
3 1010	1060	1082	
3 3612	3392	3582	
3 3387	3346	3373	
3 1011	1051	1071	
3 3122	3189	963	
3 3500	3617	3592	
3 3376	3432	3377	
3 1059	1081	1009	
3 3437	3491	3231	
3 1010	1082	1087	
3 3438	3492	3241	
3 975	3128	775	
3 1046	1049	1047	
3 3137	779	977	
3 3203	3573	964	
3 3464	3567	3475	
3 1011	3493	1051	
3 997	3703	3510	
3 3513	3496	988	
3 3216	965	3170	
3 1069	3444	3517	
3 1014	3592	3473	
3 3366	3428	3515	
3 3283	3372	3345	
3 2688	2691	973	
3 3493	3251	963	
3 3423	3254	3348	
3 3477	1017	3587	
3 3425	3257	3352	
3 3704	1138	3783	
3 3427	3261	3357	
3 3574	965	3216	
3 3318	3375	995	
3 3239	991	3237	
3 915	1020	1064	
3 3249	992	3247	
3 3354	917	2550	
3 1038	3366	3515	
3 294	1198	1247	
3 1094	23	1123	
3 716	1464	3485	
3 1039	1030	3582	
3 1214	1234	1196	
3 1023	1066	999	
3 1025	999	1066	
3 3417	3511	872	
3 3511	3536	1001	
3 3399	3530	973	
3 1109	3459	3521	
3 1002	915	1064	
3 3542	3513	1055	
3 3328	3327	3326	
3 3368	3336	1037	
3 1306	4191	4190	
3 3705	1064	3585	
3 3324	3323	1031	
3 3360	3379	3389	
3 1030	3635	3613	
3 1049	1032	1047	
3 3837	3696	1099	
3 3782	1150	3702	
3 3420	1003	3614	
3 3598	3642	1034	
3 3521	1079	1109	
3 3549	3550	3398	
3 1039	1043	3635	
3 3738	3584	1003	
3 3329	3383	3160	
3 3497	989	3514	
3 959	3193	3276	
3 3421	3482	3252	
3 1078	1025	1066	
3 1168	1143	21	
3 3461	1040	3389	
3 3188	1044	3488	
3 1234	4121	4093	
3 1032	1045	1047	
3 1044	1042	1040	
3 1889	847	1895	
3 3780	3805	1142	
3 1061	3446	3409	
3 1045	1044	1040	
3 3188	952	3121	
3 3465	3467	3463	
3 1045	1032	3189	
3 1046	3465	3524	
3 987	3512	3495	
3 3467	1045	1040	
3 1046	1048	1049	
3 1119	3569	3568	
3 3290	988	3496	
3 1050	1049	1048	
3 1032	1049	1051	
3 1096	3594	3620	
3 3138	3325	3381	
3 1049	1050	1051	
3 1071	1051	1050	
3 1084	1086	1081	
3 3491	967	3231	
3 3771	1087	1082	
3 3492	968	3241	
3 974	1850	3294	
3 886	3396	3504	
3 976	2314	3298	
3 3411	1062	3449	
3 978	2905	3302	
3 3452	3415	1063	
3 3576	3577	1007	
3 1057	3297	2099	
3 3579	3580	1008	
3 1058	3313	2633	
3 948	3198	3289	
3 1948	3200	3255	
3 949	3208	3290	
3 2404	3210	3258	
3 3476	3446	3470	
3 974	3294	3409	
3 3477	3449	3471	
3 976	3298	3411	
3 1018	3783	3452	
3 978	3302	3415	
3 1020	3429	3457	
3 1064	3457	3585	
3 3456	1065	3326	
3 1065	3458	3697	
3 24	1094	1023	
3 1078	1000	1025	
3 3498	1067	3315	
3 1067	3498	3531	
3 2227	3301	3412	
3 997	3374	3581	
3 3157	3156	863	
3 3728	1029	3664	
3 3591	3358	3497	
3 996	3229	3334	
3 3831	3625	1074	
3 1011	1071	1080	
3 3600	3601	3599	
3 1009	1081	1086	
3 1036	3367	3335	
3 3609	3390	1007	
3 1083	1071	1050	
3 3540	3512	1054	
3 3289	987	3495	
3 1048	3846	1050	
3 3611	3391	1008	
3 3623	1097	3596	
3 3828	1094	1123	
3 3820	3826	3806	
3 1077	3820	1066	
3 3806	1142	3805	
3 3482	3480	3483	
3 3925	1179	3887	
3 3831	1071	1083	
3 3476	1074	3446	
3 3486	1059	1959	
3 1081	1072	1084	
3 3487	1060	2415	
3 3771	1085	1087	
3 3433	3466	3465	
3 1003	3584	3614	
3 1028	3455	3696	
3 1033	1068	3703	
3 3912	3914	3864	
3 1034	3490	3598	
3 1086	3656	3631	
3 1009	1086	1089	
3 1087	3659	3633	
3 1010	1087	1091	
3 3674	3687	1098	
3 1113	3714	3787	
3 3608	1089	3631	
3 3608	3632	1115	
3 3449	3477	1075	
3 3557	3537	1070	
3 3610	1091	3633	
3 3610	3634	1116	
3 1198	293	1194	
3 1155	1144	1124	
3 3459	1093	3431	
3 3589	3548	1110	
3 1123	23	22	
3 1077	1023	1094	
3 3532	1027	3499	
3 288	1124	289	
3 1057	3502	3745	
3 1096	3505	3405	
3 1058	3503	3746	
3 1097	3507	3406	
3 3693	3686	1043	
3 1050	3846	3864	
3 3585	1036	3715	
3 1085	3771	3772	
3 1037	3720	3697	
3 3535	3407	3509	
3 1093	3459	3522	
3 3372	3494	3590	
3 3739	1019	3639	
3 3783	1018	3704	
3 1074	3625	3600	
3 3562	3604	1072	
3 3573	3702	1012	
3 3563	3605	1073	
3 3667	1034	3642	
3 3637	3776	1204	
3 1106	3849	3694	
3 3640	1127	3593	
3 3680	3658	3671	
3 1096	3405	3506	
3 3684	3661	3673	
3 1097	3406	3508	
3 3557	3481	3525	
3 3638	1092	3590	
3 3547	3700	3548	
3 3700	3743	3615	
3 3618	1111	3711	
3 3594	1096	3506	
3 3621	1112	3716	
3 3596	1097	3508	
3 1072	3604	3774	
3 1085	3799	3672	
3 1128	3595	3641	
3 3718	1114	3622	
3 1115	3577	3608	
3 3390	3502	1057	
3 1116	3580	3610	
3 3391	3503	1058	
3 1273	1198	1240	
3 3742	3796	1079	
3 1118	3613	3606	
3 3568	3606	1119	
3 3572	3567	3555	
3 3347	3501	3388	
3 3713	3714	1113	
3 3602	1104	3559	
3 1114	3718	3719	
3 3460	3478	3421	
3 3798	1048	1046	
3 1108	3661	3684	
3 21	1143	22	
3 21	20	1168	
3 1095	1026	3773	
3 3801	3773	1125	
3 1191	1169	1160	
3 1169	290	1144	
3 3653	3649	3652	
3 3789	1114	3719	
3 3618	1131	3640	
3 3593	1127	3594	
3 3621	1132	3641	
3 3595	1128	3596	
3 3765	3766	1167	
3 3880	3887	1179	
3 1119	3663	3688	
3 1046	3758	3798	
3 1088	3656	3670	
3 3658	3680	1107	
3 3640	3722	1135	
3 3713	1113	3619	
3 1106	3693	3807	
3 3839	3858	3761	
3 3630	3572	3607	
3 3747	3768	1134	
3 3733	3748	3759	
3 3641	3723	1136	
3 1150	3782	3845	
3 3779	3804	1138	
3 3587	3706	1137	
3 3643	3646	3645	
3 3667	3779	1013	
3 3628	3650	3603	
3 3796	3742	1117	
3 3708	3785	3588	
3 1103	3599	3601	
3 3802	3819	3670	
3 3822	3855	3837	
3 1090	3659	3672	
3 1172	1123	1143	
3 1123	22	1143	
3 19	1187	20	
3 3828	1172	3821	
3 1145	1155	1124	
3 1144	1155	1160	
3 1125	3800	3818	
3 3531	3781	3554	
3 3690	3734	1146	
3 3762	3735	3750	
3 3644	1104	3602	
3 3603	3650	1105	
3 3679	3657	3677	
3 3843	1171	3865	
3 3681	3683	3660	
3 3785	3812	1173	
3 3646	3777	1153	
3 3784	1137	3706	
3 1152	3652	3778	
3 1151	3667	3666	
3 3958	3950	3859	
3 3755	3765	3741	
3 3850	1171	3810	
3 3627	3744	3710	
3 4188	4191	4195	
3 3770	1134	3768	
3 1125	3825	1145	
3 3907	1145	3825	
3 1156	3790	3792	
3 3722	3749	1135	
3 3753	3910	3754	
3 3754	3675	3732	
3 1158	3793	3795	
3 3723	3751	1136	
3 3895	3898	1159	
3 3736	1147	3692	
3 3907	3934	1155	
3 294	293	1198	
3 1117	3823	3827	
3 294	1247	295	
3 1166	3915	3917	
3 3764	3840	3860	
3 1163	3761	3760	
3 3868	3869	3871	
3 4002	4001	3956	
3 1117	3742	3767	
3 1165	3764	3763	
3 3874	3875	3877	
3 3915	3625	3914	
3 1211	3917	3915	
3 3775	3803	1139	
3 3655	3639	3616	
3 19	18	1214	
3 3809	1106	3807	
3 1144	1160	1169	
3 1160	1188	1191	
3 3728	3727	3752	
3 3666	3834	1151	
3 3581	3838	3703	
3 3810	1171	3784	
3 1168	1189	1143	
3 20	1187	1168	
3 3862	1177	3836	
3 3767	1179	3823	
3 1149	3859	3950	
3 3862	3836	3844	
3 3857	3955	3942	
3 3892	3895	3891	
3 3654	3730	3669	
3 1188	1244	1198	
3 3923	3945	3883	
3 1180	3861	3880	
3 3942	3921	1148	
3 4037	3944	1216	
3 1176	3848	3911	
3 1235	4067	4049	
3 3861	3841	1181	
3 3879	1183	3861	
3 3812	1139	3803	
3 1176	1182	3879	
3 3926	3948	3957	
3 1263	296	295	
3 3861	1180	3841	
3 3924	1190	1193	
3 1154	3901	3984	
3 3938	1222	3920	
3 4012	3916	1211	
3 3926	4013	3888	
3 4011	1217	3968	
3 3930	3949	3794	
3 1214	18	1234	
3 1143	1189	1172	
3 3959	3933	3952	
3 3781	1208	3905	
3 1189	1168	1192	
3 4021	1195	3984	
3 4026	4013	1218	
3 1276	298	297	
3 1194	1191	1188	
3 292	291	1191	
3 19	1214	1187	
3 17	1241	1234	
3 1190	1197	3946	
3 3946	1199	3925	
3 1194	1188	1198	
3 293	292	1194	
3 16	1255	1241	
3 4122	4065	4093	
3 1255	1265	1241	
3 1254	4093	4121	
3 3988	4025	4072	
3 1313	1276	1287	
3 1240	1244	4016	
3 1244	1188	1160	
3 3906	3825	3824	
3 3615	3743	1129	
3 3813	3822	3788	
3 3856	3838	1200	
3 3942	1202	3921	
3 3855	3884	1200	
3 3970	1202	3955	
3 3845	3856	1175	
3 3866	3921	3943	
3 3973	3943	1202	
3 3789	1100	3720	
3 1121	3752	3797	
3 3958	3859	1186	
3 1204	3903	3817	
3 3968	1206	3958	
3 3797	3817	3904	
3 3903	1207	3817	
3 3992	1217	4041	
3 3830	3743	3827	
3 1197	1227	1199	
3 3849	3976	3978	
3 3885	1185	3870	
3 3726	3725	1210	
3 1210	3989	4023	
3 1122	3863	3882	
3 1122	3913	3912	
3 4008	1212	3997	
3 1140	3709	3786	
3 3997	3995	3996	
3 3940	1225	3941	
3 1234	18	17	
3 1196	1187	1214	
3 1162	3922	3872	
3 4111	1182	4072	
3 1203	3866	3943	
3 4038	1216	4053	
3 4057	1251	4059	
3 4019	1261	3980	
3 3957	1218	3926	
3 4000	1233	3927	
3 1220	1226	3985	
3 1219	3952	3933	
3 4009	1220	3853	
3 3953	3906	3933	
3 1221	3899	3991	
3 3852	3886	3876	
3 1222	3918	3920	
3 1140	3819	3802	
3 1223	3920	3935	
3 3791	3734	3966	
3 1184	4040	3986	
3 1224	3936	4035	
3 3938	3939	1157	
3 3935	3937	1223	
3 1208	3561	3833	
3 1230	1226	1220	
3 1197	1236	1227	
3 1227	1235	1220	
3 1284	4068	4078	
3 3870	3851	3885	
3 3963	3962	1229	
3 3940	3954	1225	
3 1230	1220	1235	
3 3959	4015	1232	
3 1239	4002	4042	
3 1197	4113	4114	
3 1244	3974	4016	
3 3934	1160	1155	
3 3927	3987	4000	
3 3911	4060	1176	
3 16	1241	17	
3 16	15	1255	
3 1227	1236	1235	
3 1287	1268	4248	
3 1190	4113	1197	
3 1336	300	1312	
3 1190	1182	4111	
3 1273	4119	4205	
3 4100	1258	4101	
3 4147	4115	1242	
3 3967	4010	4048	
3 3968	1186	4011	
3 1263	1268	296	
3 295	1247	1263	
3 1255	15	1266	
3 4121	1265	1254	
3 1256	4107	4100	
3 1242	4113	4112	
3 1218	3992	4041	
3 4026	1243	3999	
3 3934	3971	3974	
3 1198	1244	1240	
3 1245	4029	4028	
3 1245	4028	4050	
3 4158	4241	1285	
3 4086	1264	4103	
3 4090	1245	4050	
3 1273	1247	1198	
3 4039	1231	3963	
3 4043	1251	4056	
3 3996	4004	4047	
3 1231	4086	4103	
3 4087	4034	1228	
3 1248	4018	4030	
3 4059	1215	4048	
3 4056	4057	4058	
3 4076	4116	1295	
3 1248	4030	4062	
3 4059	4091	1252	
3 1238	4025	4082	
3 1341	1343	1345	
3 1265	1255	1270	
3 14	1266	15	
3 14	4193	4189	
3 1217	4011	4031	
3 1256	4041	4055	
3 4083	4123	4124	
3 4112	1279	4130	
3 4031	4083	1257	
3 4112	4130	1242	
3 4105	4067	4094	
3 1313	1288	1276	
3 4022	1195	4033	
3 4137	1254	4149	
3 3878	1164	3928	
3 3991	4024	1221	
3 1262	4061	4073	
3 4092	1248	4062	
3 4227	1273	4205	
3 296	1268	297	
3 4085	4084	4034	
3 4071	1253	4058	
3 1255	1266	1270	
3 4189	4192	4186	
3 4209	1286	4206	
3 4187	4183	4184	
3 1295	4178	4076	
3 4143	4145	4144	
3 1247	4227	4248	
3 1247	4248	1263	
3 1391	1380	4332	
3 1264	4086	4104	
3 4192	4189	1275	
3 1265	4182	4149	
3 1301	4170	4171	
3 1288	1312	299	
3 4080	1253	4095	
3 1329	1325	1326	
3 4119	1240	4090	
3 4205	4119	4180	
3 4138	4137	1283	
3 4122	1274	4065	
3 4255	1310	4245	
3 4184	1270	4186	
3 1268	1287	1276	
3 298	1276	1288	
3 4182	4183	4185	
3 4131	4094	4115	
3 1286	4217	4206	
3 4206	4217	4196	
3 4141	1292	4126	
3 1258	4107	4128	
3 4177	1293	4081	
3 4085	4102	1250	
3 4099	4139	4125	
3 4169	1300	4164	
3 4172	4169	1301	
3 1316	4204	4156	
3 4081	4118	4088	
3 4054	4070	4079	
3 1283	4150	4158	
3 4078	1283	4238	
3 4199	1349	4195	
3 4211	1299	4200	
3 1294	4217	4230	
3 4187	1290	4183	
3 4216	4226	4229	
3 4156	4089	4145	
3 4216	4229	1271	
3 299	1312	300	
3 4109	4129	1277	
3 4165	1297	4164	
3 4192	4198	1278	
3 4188	1269	4185	
3 4126	1279	4101	
3 4146	1291	4130	
3 1298	4142	4155	
3 4126	4142	1279	
3 1284	4252	4202	
3 4214	4203	1293	
3 4245	1286	4243	
3 4249	4256	4261	
3 4120	4076	1252	
3 4098	1267	4096	
3 4286	4316	1345	
3 1309	4278	4280	
3 4161	1300	4157	
3 301	1351	302	
3 4159	1299	4160	
3 4169	4164	4166	
3 4124	4099	4140	
3 4133	1289	4106	
3 4146	4157	1291	
3 4155	4160	1298	
3 4166	4170	1301	
3 1305	4176	4171	
3 4239	1304	4174	
3 1300	4161	4162	
3 4167	1297	4165	
3 1328	1329	1331	
3 4159	4200	1299	
3 4218	1323	4219	
3 4213	1305	4201	
3 4089	1259	4050	
3 4245	4249	4228	
3 4194	1306	4190	
3 4110	1264	4104	
3 4132	4136	4148	
3 4225	1314	4203	
3 1348	4235	4273	
3 1347	1341	1345	
3 4133	4181	1289	
3 4277	1335	4260	
3 1343	4263	4261	
3 1282	4226	4216	
3 1338	1319	1328	
3 1319	1288	1313	
3 1319	1312	1288	
3 1271	4229	4232	
3 1313	1287	1318	
3 4203	1314	4179	
3 4129	4233	1277	
3 1285	4241	4242	
3 1315	4268	4247	
3 1305	4171	4201	
3 4222	4204	1316	
3 4269	11	4277	
3 4195	1306	4199	
3 1311	1326	1318	
3 1318	1325	1313	
3 1319	1313	1325	
3 1312	1319	1338	
3 4242	4254	1285	
3 4266	1304	4211	
3 1317	4249	4261	
3 1374	1350	1361	
3 1322	4201	4212	
3 4222	4215	4204	
3 4168	1297	4175	
3 4298	4304	1333	
3 4212	4219	1322	
3 1327	4267	4274	
3 4267	4275	1324	
3 1318	1326	1325	
3 4275	1311	1324	
3 1319	1325	1329	
3 1355	1356	1366	
3 301	1336	1351	
3 1331	1329	1330	
3 1328	1331	1332	
3 1326	4275	1330	
3 1319	1329	1328	
3 1333	1330	1339	
3 1332	1331	1333	
3 1330	1327	1339	
3 1351	1356	1355	
3 1331	1330	1333	
3 1373	1371	1362	
3 4274	4283	1327	
3 1367	1368	1366	
3 1334	4132	4148	
3 4148	4234	1334	
3 4284	4286	1335	
3 1335	4286	1345	
3 1336	1354	1351	
3 1354	1336	1338	
3 4279	4265	4273	
3 4298	1339	4287	
3 1332	1338	1328	
3 1336	1312	1338	
3 1324	4221	4246	
3 4218	4281	1323	
3 1350	1359	1361	
3 4293	1337	4324	
3 4332	4306	1365	
3 1365	7	1372	
3 4281	4294	1323	
3 4283	4287	1339	
3 4256	4260	4271	
3 4260	1335	4271	
3 1304	4282	4174	
3 1378	306	305	
3 4277	4284	1335	
3 4297	9	4302	
3 4307	4297	4303	
3 7	6	1372	
3 1379	1372	6	
3 1349	4280	4289	
3 1348	4151	4235	
3 1308	4211	4210	
3 4278	1309	4264	
3 4253	1321	4254	
3 1350	4272	1359	
3 1361	1359	1360	
3 302	1355	303	
3 302	1351	1355	
3 4225	4257	4250	
3 4287	4301	4305	
3 4327	4326	1352	
3 4308	4309	4305	
3 1338	1332	1354	
3 1355	1362	303	
3 1363	1354	1332	
3 1332	1333	4304	
3 1363	1356	1354	
3 304	303	1362	
3 4321	4310	4317	
3 1384	1368	1402	
3 7	1365	8	
3 1358	4306	4303	
3 4307	1346	4297	
3 1374	4291	4289	
3 1391	1396	1400	
3 4288	1340	4240	
3 4352	4343	1361	
3 4294	4293	1353	
3 1356	1363	1367	
3 1355	1366	1362	
3 1332	1357	1363	
3 1363	1357	1367	
3 1358	8	1365	
3 4316	4313	1347	
3 6	5	1379	
3 4303	4306	1364	
3 1356	1367	1366	
3 1366	1373	1362	
3 1368	1367	1357	
3 304	1371	305	
3 1357	4304	4311	
3 308	1404	1409	
3 4291	4290	1321	
3 4329	4326	4327	
3 1374	4339	4333	
3 4326	4328	4323	
3 1373	1384	1371	
3 305	1371	1378	
3 5	4	1390	
3 4340	4332	1380	
3 1366	1368	1373	
3 1368	1384	1373	
3 4343	1381	4339	
3 1387	4318	4333	
3 4315	1347	4313	
3 1406	4361	4351	
3 1377	4310	4321	
3 4305	4309	1344	
3 4342	1394	4349	
3 1388	1395	1357	
3 1384	1378	1371	
3 306	1378	1389	
3 4	3	1405	
3 4314	4340	1360	
3 1379	1391	1372	
3 5	1390	1379	
3 4335	4337	4336	
3 1376	4338	4335	
3 1382	4329	4331	
3 4325	4328	4334	
3 4288	1320	4299	
3 4300	1369	4292	
3 1368	1357	1395	
3 307	1389	1404	
3 1406	4351	4354	
3 4346	1377	4341	
3 1386	4325	4334	
3 4334	4337	1386	
3 1383	4319	4322	
3 4319	1383	4288	
3 1386	4337	4341	
3 1389	1378	1393	
3 4348	1377	4346	
3 1389	1393	1399	
3 1410	1405	3	
3 1405	1410	1403	
3 1390	1396	1379	
3 1379	1396	1391	
3 1385	4349	4360	
3 1395	4356	4367	
3 4372	1368	1395	
3 1402	1399	1393	
3 1375	4353	4358	
3 4351	4361	1394	
3 1388	4348	4356	
3 4347	1397	4346	
3 4	1405	1390	
3 4400	1421	4387	
3 4345	1411	4347	
3 1442	1446	314	
3 1384	1402	1393	
3 308	1409	309	
3 4375	1402	4372	
3 1403	1396	1390	
3 1385	4360	4344	
3 4356	1395	1388	
3 1400	1396	1403	
3 4347	4355	1397	
3 1426	1410	1419	
3 4365	4369	1418	
3 1389	1399	1404	
3 1404	1399	1409	
3 1410	3	2	
3 1403	1390	1405	
3 4354	4359	1406	
3 1416	4379	1420	
3 4365	1406	4359	
3 4395	4393	4394	
3 1409	4397	4398	
3 310	309	1414	
3 309	1409	1414	
3 1	1419	2	
3 4400	1426	4402	
3 1407	1413	1420	
3 4355	4366	4363	
3 4369	1412	4373	
3 4360	1407	4345	
3 4370	4361	1406	
3 4389	1416	1420	
3 1399	4382	4397	
3 310	1427	311	
3 4380	4405	1440	
3 1419	1410	2	
3 1420	4379	1407	
3 4385	4399	1439	
3 1428	1430	1423	
3 4364	1412	4358	
3 1420	1413	4378	
3 1429	1	0	
3 4387	1421	4368	
3 4378	1413	4370	
3 4377	4386	1443	
3 1410	1426	4387	
3 4432	1401	4416	
3 1402	4376	4382	
3 4382	1399	1402	
3 1443	4406	4411	
3 1423	1427	1428	
3 1429	1424	1431	
3 1434	1439	4399	
3 1431	1419	1	
3 1426	1431	1432	
3 4398	4397	1422	
3 1428	310	1414	
3 1423	1430	1408	
3 4395	1430	4396	
3 1429	1431	1	
3 4393	4390	4392	
3 1432	1431	1424	
3 1426	1419	1431	
3 1424	1415	1432	
3 1437	1438	4404	
3 4380	1417	4362	
3 1408	1430	4394	
3 4385	1433	4381	
3 4414	1408	1434	
3 4412	1450	4415	
3 1435	1441	1445	
3 1442	1436	1446	
3 4401	4388	1443	
3 1438	4402	4404	
3 4406	1443	4386	
3 4376	4381	1433	
3 4395	1422	4393	
3 4391	1444	4405	
3 4380	4391	4405	
3 1451	1448	1449	
3 1445	1441	314	
3 314	315	1442	
3 4388	4378	1418	
3 4391	4407	1444	
3 4410	1447	4408	
3 4419	4421	4424	
3 4434	1445	1451	
3 1456	1458	313	
3 4408	1434	4399	
3 4412	1444	4407	
3 4409	4415	1447	
3 4389	4401	1425	
3 4426	4428	314	
3 4416	1449	4411	
3 1452	4428	4426	
3 1450	4422	4421	
3 4423	4424	4421	
3 4433	1449	4416	
3 312	1435	4435	
3 4422	4425	1452	
3 4423	4426	1446	
3 4431	4420	1454	
3 1457	1456	1453	
3 4431	1398	4413	
3 4424	4427	1454	
3 1401	4434	4433	
3 1459	1458	1456	
3 1459	1446	1436	
3 1446	1459	1457	
3 1459	1456	1457	
3 1436	1458	1459	
3 1461	1460	28	
3 364	1460	316	
3 869	1462	27	
3 1461	869	1463	
3 1464	1463	869	
3 1461	28	1462	
3 1465	716	765	
3 869	870	1464	
3 3485	870	1025	
3 316	1463	1465	
3 1464	1465	1463	
3 100	1484	1475	
3 1467	1466	330	
3 1500	1467	330	
3 317	382	2103	
3 181	180	1468	
3 177	1578	1569	
3 1594	1469	338	
3 318	337	2693	
3 1470	257	1471	
3 344	1470	319	
3 1752	1748	1745	
3 1470	1471	345	
3 1475	101	100	
3 1472	1473	1474	
3 1472	101	1473	
3 468	1476	1474	
3 383	1483	1488	
3 100	1489	1484	
3 1473	1477	468	
3 1478	1476	468	
3 1488	1483	1479	
3 1480	1477	1475	
3 1485	1478	1481	
3 1481	468	1477	
3 1478	552	1482	
3 1483	103	1479	
3 102	1474	1488	
3 1475	1484	1480	
3 1480	1484	1490	
3 1480	1481	1477	
3 1491	1481	1480	
3 469	1486	552	
3 1482	552	1486	
3 1487	1483	383	
3 1466	103	1483	
3 1484	385	1490	
3 1491	1485	1481	
3 1494	1495	1491	
3 1499	1493	1486	
3 383	1493	1487	
3 383	1482	1493	
3 1466	1487	330	
3 1474	1476	1488	
3 383	1488	1476	
3 100	99	1489	
3 1496	1489	99	
3 1497	1490	385	
3 1490	1497	1498	
3 1494	1491	384	
3 1495	1485	1491	
3 1519	1492	611	
3 469	552	1492	
3 1499	1486	469	
3 330	1493	1500	
3 1490	1498	384	
3 1494	1498	1504	
3 1501	1495	1494	
3 1492	1485	1495	
3 1508	99	98	
3 385	1502	1497	
3 1502	385	1496	
3 1497	1502	1503	
3 1504	1498	678	
3 1494	384	1498	
3 1505	1499	469	
3 1517	1500	1499	
3 1493	1499	1500	
3 1499	1505	1517	
3 1494	1504	1506	
3 1492	1501	611	
3 1507	1502	1496	
3 1503	1502	331	
3 1510	1503	331	
3 1503	1510	1511	
3 1511	1504	678	
3 1504	875	1506	
3 1519	1505	469	
3 1505	1519	1520	
3 611	1501	1506	
3 1506	1501	1494	
3 1508	1507	1496	
3 1507	1508	1509	
3 99	1508	1496	
3 1508	98	1512	
3 386	1513	1509	
3 1515	722	1510	
3 1509	1514	331	
3 331	1514	1510	
3 1521	1511	722	
3 1504	1511	875	
3 98	97	1512	
3 1516	1512	97	
3 2082	470	2076	
3 1514	1515	1510	
3 1509	1513	1514	
3 1515	1514	1513	
3 1513	554	1515	
3 1515	554	3139	
3 2068	97	2066	
3 2082	1516	470	
3 1517	721	1524	
3 317	1500	1517	
3 875	1521	1523	
3 876	3179	3111	
3 3110	611	1518	
3 907	1520	1519	
3 907	1525	1520	
3 1520	1525	1527	
3 722	3139	1522	
3 1521	1522	1523	
3 929	877	1522	
3 1522	877	1523	
3 1523	877	3394	
3 1518	875	1523	
3 721	769	1524	
3 769	677	1524	
3 1526	1525	907	
3 1525	803	1527	
3 3110	3111	907	
3 1526	946	3112	
3 3113	1527	803	
3 721	1527	769	
3 30	29	1528	
3 1460	1528	29	
3 364	324	1529	
3 324	361	1558	
3 219	2280	2283	
3 1530	2247	2246	
3 1531	32	1557	
3 363	1531	323	
3 200	2466	2472	
3 1532	2429	2428	
3 1531	1533	33	
3 1534	1533	363	
3 363	362	1534	
3 1536	1538	1540	
3 35	1538	1536	
3 1535	1536	1537	
3 1535	35	1536	
3 442	1539	1537	
3 1537	1539	1542	
3 34	1538	35	
3 1540	1534	362	
3 1541	1539	442	
3 1539	357	1542	
3 1534	1540	1538	
3 442	1543	1541	
3 442	1540	1543	
3 1541	534	1551	
3 1545	1542	357	
3 37	36	1542	
3 1540	362	1543	
3 1541	1544	534	
3 1543	362	1544	
3 1544	1547	1546	
3 357	322	1545	
3 1675	1560	322	
3 1548	1546	714	
3 1546	1548	1550	
3 1549	362	672	
3 714	1546	1547	
3 714	798	1548	
3 798	763	1548	
3 762	1549	672	
3 714	1547	1549	
3 1548	763	1550	
3 1550	1553	1552	
3 534	1550	1552	
3 322	357	1551	
3 1553	1550	763	
3 1551	1554	322	
3 1555	1553	763	
3 712	1552	1553	
3 1552	712	1554	
3 1676	1556	712	
3 834	1555	763	
3 829	1672	1677	
3 1670	1556	777	
3 1680	1556	670	
3 31	30	1558	
3 1531	1557	361	
3 324	1558	1529	
3 361	1557	1558	
3 1560	1559	38	
3 1561	1559	360	
3 37	1560	38	
3 322	1560	1545	
3 1669	1561	360	
3 1658	1564	359	
3 1562	185	2634	
3 403	1562	335	
3 40	39	1564	
3 1565	1563	444	
3 359	1564	1561	
3 444	1563	1564	
3 1656	1565	444	
3 1643	1652	358	
3 1569	178	177	
3 1566	1567	1568	
3 1566	178	1567	
3 497	1570	1568	
3 405	1577	1582	
3 177	1583	1578	
3 1567	1571	497	
3 1572	1570	497	
3 1582	1577	1573	
3 1574	1571	1569	
3 1579	1572	1575	
3 1575	497	1571	
3 1572	573	1576	
3 1577	180	1573	
3 179	1568	1582	
3 1569	1578	1574	
3 1574	1578	1584	
3 1574	1575	1571	
3 1585	1575	1574	
3 498	1580	573	
3 1576	573	1580	
3 1581	1577	405	
3 1468	180	1577	
3 1578	407	1584	
3 1585	1579	1575	
3 1588	1589	1585	
3 1593	1587	1580	
3 405	1587	1581	
3 405	1576	1587	
3 1468	1581	338	
3 1568	1570	1582	
3 405	1582	1570	
3 177	176	1583	
3 1590	1583	176	
3 1591	1584	407	
3 1584	1591	1592	
3 1588	1585	406	
3 1589	1579	1585	
3 1613	1586	626	
3 498	573	1586	
3 1593	1580	498	
3 338	1587	1594	
3 1584	1592	406	
3 1588	1592	1598	
3 1595	1589	1588	
3 1586	1579	1589	
3 1602	176	175	
3 407	1596	1591	
3 1596	407	1590	
3 1591	1596	1597	
3 1598	1592	682	
3 1588	406	1592	
3 1599	1593	498	
3 1611	1594	1593	
3 1587	1593	1594	
3 1593	1599	1611	
3 1588	1598	1600	
3 1586	1595	626	
3 1601	1596	1590	
3 1597	1596	339	
3 1604	1597	339	
3 1597	1604	1605	
3 1605	1598	682	
3 1598	878	1600	
3 1613	1599	498	
3 1599	1613	1614	
3 626	1595	1600	
3 1600	1595	1588	
3 1602	1601	1590	
3 1601	1602	1603	
3 176	1602	1590	
3 1602	175	1606	
3 408	1607	1603	
3 1609	727	1604	
3 1603	1608	339	
3 339	1608	1604	
3 1615	1605	727	
3 1598	1605	878	
3 175	174	1606	
3 1610	1606	174	
3 2616	499	2610	
3 1608	1609	1604	
3 1603	1607	1608	
3 1609	1608	1607	
3 1607	575	1609	
3 1609	575	3161	
3 2602	174	2600	
3 2616	1610	499	
3 1611	709	1618	
3 318	1594	1611	
3 878	1615	1617	
3 879	3183	3115	
3 3114	626	1612	
3 908	1614	1613	
3 908	1619	1614	
3 1614	1619	1621	
3 727	3161	1616	
3 1615	1616	1617	
3 930	880	1616	
3 1616	880	1617	
3 1617	880	3395	
3 1612	878	1617	
3 709	771	1618	
3 771	668	1618	
3 1620	1619	908	
3 1619	804	1621	
3 3114	3115	908	
3 1620	947	3116	
3 3117	1621	804	
3 709	1621	771	
3 1625	1623	44	
3 1622	1623	1624	
3 1622	44	1623	
3 437	1627	1624	
3 1624	1627	1632	
3 43	1629	1628	
3 1625	1628	1629	
3 1630	1626	529	
3 437	1623	1626	
3 1635	437	1626	
3 1627	353	1632	
3 1633	1629	43	
3 1625	44	1628	
3 1629	1633	1637	
3 1637	529	1629	
3 597	1631	1635	
3 597	530	1631	
3 1639	1636	1631	
3 1647	1632	353	
3 46	45	1632	
3 43	42	1633	
3 1648	1633	42	
3 1634	1643	1640	
3 1630	1638	597	
3 597	1635	1630	
3 1631	437	1635	
3 1639	1631	530	
3 1636	1639	1642	
3 443	1637	1633	
3 1634	529	1637	
3 1634	1640	1638	
3 1645	1641	1644	
3 1653	1639	530	
3 1636	1642	353	
3 1643	1634	443	
3 1644	1641	597	
3 1686	1641	640	
3 530	597	1641	
3 1649	1642	1639	
3 353	1650	1647	
3 1652	1643	443	
3 358	1655	1654	
3 1640	705	1644	
3 1641	1645	640	
3 1644	705	1645	
3 1646	1645	705	
3 1664	756	1660	
3 1668	1646	1664	
3 1650	353	1642	
3 1650	1651	1647	
3 42	1565	1648	
3 1652	1565	358	
3 1653	1649	1639	
3 1883	1885	533	
3 1642	321	1650	
3 1651	1650	321	
3 1885	1651	321	
3 1651	356	1689	
3 443	1648	1652	
3 1565	1652	1648	
3 1653	530	1686	
3 1649	1653	985	
3 705	1643	1654	
3 358	1654	1643	
3 1656	1655	358	
3 1657	1655	687	
3 1565	1656	358	
3 1658	1656	444	
3 1659	1657	687	
3 1660	1657	795	
3 1564	1658	444	
3 1661	1658	359	
3 1661	1659	687	
3 1662	1659	734	
3 1663	1660	795	
3 756	1664	1646	
3 1665	1661	359	
3 1659	1661	734	
3 1666	1662	734	
3 1667	1662	828	
3 1667	795	1662	
3 1682	1663	1683	
3 1663	1664	1660	
3 1668	1664	845	
3 1669	1665	359	
3 1670	1665	670	
3 1670	734	1665	
3 1671	1666	777	
3 828	1673	1679	
3 1663	795	1667	
3 1685	845	1682	
3 640	1646	1668	
3 1561	1669	359	
3 1675	1669	360	
3 1670	670	1556	
3 1666	734	1670	
3 1672	1671	777	
3 1671	1672	1673	
3 777	1556	1676	
3 1677	808	829	
3 1678	1673	829	
3 1679	1667	828	
3 1674	858	3359	
3 640	1668	1674	
3 1560	1675	360	
3 1680	1675	322	
3 712	1555	1676	
3 1677	1555	808	
3 1672	1676	1677	
3 1555	1677	1676	
3 3118	829	808	
3 3292	1678	846	
3 1673	1678	1679	
3 830	1679	1678	
3 322	1554	1680	
3 1556	1680	1554	
3 1649	985	1681	
3 3129	866	1894	
3 1682	830	1684	
3 845	1663	1682	
3 1667	1683	1663	
3 830	1683	1679	
3 830	1678	3292	
3 858	1674	1684	
3 1682	1684	1685	
3 1684	1674	1685	
3 1674	1686	640	
3 1686	923	1687	
3 985	1653	1687	
3 1686	1687	1653	
3 1688	183	2692	
3 404	1688	336	
3 1651	1689	47	
3 1689	1881	1879	
3 1690	259	3007	
3 2734	2736	511	
3 52	51	1691	
3 51	3000	3002	
3 440	354	1692	
3 2997	1873	354	
3 262	2740	2741	
3 1693	2721	2720	
3 1694	269	3008	
3 1694	2705	2704	
3 1696	1695	252	
3 1697	1695	420	
3 251	1696	252	
3 346	420	1696	
3 420	419	1697	
3 512	1738	1742	
3 58	1700	1702	
3 1699	1698	426	
3 1719	1699	426	
3 425	1812	1806	
3 1703	1701	57	
3 1700	1701	1702	
3 1700	57	1701	
3 1705	1702	520	
3 1698	58	1702	
3 56	1707	1706	
3 1703	1706	1707	
3 1708	1704	590	
3 520	1701	1704	
3 1712	520	1704	
3 1698	1705	426	
3 1710	56	55	
3 1703	57	1706	
3 1714	1711	590	
3 1711	1708	590	
3 637	1709	1712	
3 637	591	1709	
3 1716	1713	1709	
3 55	2990	2992	
3 438	1711	1714	
3 590	1707	1714	
3 438	1717	1711	
3 637	1712	1708	
3 1709	520	1712	
3 1716	1709	591	
3 1713	1716	1719	
3 1707	1710	1714	
3 1714	1710	2994	
3 1717	1715	1711	
3 1717	1721	1715	
3 1716	591	1725	
3 1713	1719	426	
3 438	2996	1720	
3 1718	637	1721	
3 1730	1718	659	
3 591	637	1718	
3 1724	1719	1716	
3 1699	1719	348	
3 1720	1726	1723	
3 1722	1718	1721	
3 1717	1720	1721	
3 1718	1722	659	
3 1721	1720	1722	
3 1723	1722	1720	
3 1726	1720	598	
3 1723	1726	1727	
3 1725	1724	1716	
3 1728	684	1806	
3 1730	1725	591	
3 1725	1730	1731	
3 2998	598	2997	
3 1727	1726	953	
3 3120	1727	953	
3 3123	1727	969	
3 1724	729	1728	
3 1729	884	1733	
3 1728	729	1729	
3 1734	1729	729	
3 3123	659	1727	
3 932	1731	1730	
3 932	1735	1731	
3 1736	1734	1735	
3 3125	1732	924	
3 953	1726	1732	
3 636	1811	1814	
3 424	1803	1799	
3 729	1731	1734	
3 1734	1731	1735	
3 3190	932	3124	
3 1735	885	1736	
3 3396	1736	885	
3 1815	1736	886	
3 254	1740	1738	
3 1737	1738	1739	
3 1737	254	1738	
3 512	1741	1739	
3 418	1747	1751	
3 253	1740	254	
3 1697	419	1742	
3 1743	1741	512	
3 1751	1747	1744	
3 1697	1742	1740	
3 512	1745	1743	
3 512	1742	1745	
3 1743	585	1746	
3 1747	256	1744	
3 255	1739	1751	
3 1742	419	1745	
3 419	1752	1745	
3 513	1749	585	
3 1746	585	1749	
3 1750	1747	418	
3 1471	256	1747	
3 1755	1756	1752	
3 1757	1754	1749	
3 418	1754	1750	
3 418	1746	1754	
3 1471	1750	345	
3 1739	1741	1751	
3 418	1751	1741	
3 1755	1752	419	
3 1756	1748	1752	
3 1763	1753	633	
3 513	585	1753	
3 1757	1749	513	
3 345	1754	1758	
3 419	683	1755	
3 1765	1761	1755	
3 1759	1756	1755	
3 1753	1748	1756	
3 1760	1757	513	
3 1762	1758	1757	
3 1754	1757	1758	
3 1757	1760	1762	
3 1761	1759	1755	
3 1753	1759	633	
3 1763	1760	513	
3 1760	1763	1764	
3 1765	1755	683	
3 1761	881	1770	
3 1762	711	1771	
3 319	1758	1762	
3 1775	633	1770	
3 906	1764	1763	
3 906	1772	1764	
3 1764	1772	1777	
3 1766	1765	683	
3 1765	1766	1767	
3 683	346	1766	
3 1773	1766	346	
3 728	2814	1768	
3 1767	1768	1769	
3 931	883	1768	
3 1767	1769	881	
3 1768	883	1769	
3 1769	1778	1774	
3 1774	881	1769	
3 1763	1775	906	
3 711	761	1771	
3 2747	1771	761	
3 1776	1772	906	
3 1772	796	1777	
3 2793	2801	421	
3 2807	1773	2800	
3 1778	1769	883	
3 1770	1779	1775	
3 1779	1770	1774	
3 3126	945	1776	
3 3126	906	1775	
3 1776	945	3127	
3 2756	1777	2763	
3 711	1777	761	
3 3276	3275	966	
3 1779	1778	882	
3 1778	1779	1774	
3 3126	1779	882	
3 1783	62	61	
3 1780	1781	1782	
3 1780	62	1781	
3 518	1784	1782	
3 423	1791	1796	
3 61	1797	1792	
3 1781	1785	518	
3 1786	1784	518	
3 1796	1791	1787	
3 1788	1785	1783	
3 1793	1786	1789	
3 1789	518	1785	
3 1786	589	1790	
3 1791	64	1787	
3 63	1782	1796	
3 1783	1792	1788	
3 1788	1792	1798	
3 1788	1789	1785	
3 1799	1789	1788	
3 519	1794	589	
3 1790	589	1794	
3 423	1795	1791	
3 1791	1795	1802	
3 1792	425	1798	
3 1793	1789	1799	
3 1803	1804	1799	
3 1794	1808	1801	
3 423	1801	1795	
3 423	1790	1801	
3 1795	347	1802	
3 1782	1784	1796	
3 423	1796	1784	
3 61	60	1797	
3 1805	60	1699	
3 1806	1798	425	
3 1798	1806	1807	
3 424	1798	1807	
3 1800	1804	1811	
3 1817	1800	636	
3 519	589	1800	
3 1808	1794	519	
3 347	1801	1809	
3 1810	1802	347	
3 65	64	1802	
3 1733	1814	1811	
3 1799	1804	1793	
3 1811	1804	1803	
3 1800	1793	1804	
3 1812	1699	348	
3 425	1797	1805	
3 1812	425	1805	
3 1728	1806	348	
3 1733	1807	684	
3 1803	424	1807	
3 1813	1808	519	
3 1809	320	1810	
3 1801	1808	1809	
3 1808	1813	1816	
3 1809	1810	347	
3 320	352	1827	
3 1733	1811	1803	
3 1800	1811	636	
3 1699	1812	1805	
3 348	1806	1812	
3 1813	519	1817	
3 1816	320	1809	
3 1733	884	1814	
3 884	1736	1815	
3 636	1814	1815	
3 884	1815	1814	
3 1813	975	1816	
3 775	1870	975	
3 1815	1817	636	
3 1817	933	1818	
3 1818	933	3128	
3 975	1813	1818	
3 320	1816	1819	
3 975	1819	1816	
3 1821	1820	236	
3 1822	1820	476	
3 235	1821	236	
3 388	476	1821	
3 476	475	1822	
3 3104	3106	3108	
3 81	1906	1921	
3 429	1823	349	
3 1825	73	1831	
3 1823	82	1824	
3 432	1825	350	
3 1827	1826	66	
3 1826	1862	1860	
3 65	1827	66	
3 320	1827	1810	
3 70	69	1828	
3 1830	1828	69	
3 435	434	1829	
3 1833	1835	1837	
3 1865	69	68	
3 351	435	1830	
3 72	1832	1834	
3 1825	1831	433	
3 71	1835	1833	
3 1832	1833	1834	
3 1832	71	1833	
3 1836	1834	527	
3 1831	72	1834	
3 70	1835	71	
3 1837	1829	434	
3 1838	1836	527	
3 1831	1836	433	
3 1829	1837	1835	
3 527	1839	1838	
3 527	1837	1839	
3 1838	596	1848	
3 1837	434	1839	
3 1838	1840	596	
3 1839	434	1840	
3 1840	1842	1841	
3 1843	1841	733	
3 1841	1843	1845	
3 1844	434	686	
3 733	1841	1842	
3 1847	733	1844	
3 1843	1851	1854	
3 686	1868	1846	
3 733	1842	1844	
3 776	1849	1843	
3 1843	1849	1845	
3 732	1869	1871	
3 1843	733	1851	
3 1850	1847	1846	
3 733	1847	1851	
3 1852	596	1845	
3 350	433	1848	
3 3293	3348	776	
3 1933	1857	595	
3 1871	1846	732	
3 776	1843	1854	
3 1847	1850	1851	
3 1854	1850	974	
3 1853	1849	776	
3 1848	1852	1855	
3 595	1857	1858	
3 1849	1853	1856	
3 1850	1854	1851	
3 3447	3293	1854	
3 1852	1856	1855	
3 1856	1853	1858	
3 1849	1856	1852	
3 1858	1857	1856	
3 350	1855	1857	
3 1856	1857	1855	
3 1853	807	1858	
3 3196	3195	807	
3 67	1826	1860	
3 1859	1860	1861	
3 1859	67	1860	
3 436	1866	1863	
3 1861	1863	1865	
3 1864	1862	352	
3 436	1860	1862	
3 351	1830	1863	
3 1861	1865	68	
3 1819	1864	352	
3 528	1869	1867	
3 1863	1830	1865	
3 69	1865	1830	
3 436	1864	1866	
3 528	1866	1864	
3 351	1866	1867	
3 528	1867	1866	
3 1846	1868	732	
3 351	1868	686	
3 1870	1869	528	
3 1869	1870	1871	
3 528	1819	1870	
3 975	1870	1819	
3 1871	775	3294	
3 1846	1871	1850	
3 53	52	1873	
3 1872	2993	2991	
3 354	1873	1692	
3 439	1872	1873	
3 190	2646	2648	
3 334	2518	2517	
3 75	74	1875	
3 1825	1875	74	
3 49	1878	1880	
3 3001	3003	532	
3 76	2916	2918	
3 1877	1925	1922	
3 48	1689	1879	
3 1878	1879	1880	
3 1878	48	1879	
3 1882	1880	441	
3 1876	49	1880	
3 1883	1881	356	
3 441	1879	1881	
3 1884	1882	441	
3 355	1876	1882	
3 1651	1885	356	
3 1886	847	1887	
3 441	1883	1884	
3 533	1884	1883	
3 321	1681	1885	
3 533	1885	1681	
3 1884	533	1886	
3 1888	1886	533	
3 1889	1887	847	
3 1887	599	1890	
3 1891	533	1681	
3 1891	1894	1888	
3 1895	847	1892	
3 859	3191	1893	
3 599	2999	3005	
3 3003	1890	532	
3 3129	1681	985	
3 1888	1894	1892	
3 3324	3361	866	
3 3130	859	3131	
3 599	1889	1893	
3 1893	1889	3131	
3 3129	1894	1891	
3 866	1892	1894	
3 3130	1895	1892	
3 3131	1895	3130	
3 1899	1897	79	
3 1896	1897	1898	
3 1896	79	1897	
3 524	1901	1898	
3 1898	1901	1906	
3 78	1903	1902	
3 1899	1902	1903	
3 1904	1900	593	
3 524	1897	1900	
3 1909	524	1900	
3 1901	430	1906	
3 1907	1903	78	
3 1899	79	1902	
3 1903	1907	1911	
3 1911	593	1903	
3 639	1905	1909	
3 639	594	1905	
3 1913	1910	1905	
3 1921	1906	430	
3 81	80	1906	
3 78	77	1907	
3 1922	77	1877	
3 1908	1917	1914	
3 1904	1912	639	
3 639	1909	1904	
3 1905	524	1909	
3 1913	1905	594	
3 1910	1913	1916	
3 525	1911	1907	
3 1908	593	1911	
3 1908	1914	1912	
3 1919	1915	1918	
3 1913	594	1926	
3 1910	1916	430	
3 1917	1908	525	
3 1918	1915	639	
3 1944	1915	660	
3 594	639	1915	
3 1923	1916	1913	
3 430	1924	1921	
3 1925	1917	525	
3 1927	1917	431	
3 1914	706	1918	
3 1915	1919	660	
3 1918	706	1919	
3 1920	1919	706	
3 1927	1920	706	
3 3132	1945	1920	
3 430	1916	1924	
3 81	1921	1823	
3 525	1907	1922	
3 77	1922	1907	
3 1926	1923	1913	
3 349	1928	685	
3 1916	349	1924	
3 1823	1924	349	
3 1917	1925	431	
3 525	1922	1925	
3 1944	1926	594	
3 1926	1944	1946	
3 1929	1927	431	
3 1920	1927	757	
3 1923	731	1928	
3 1930	731	774	
3 1931	1929	431	
3 595	757	1929	
3 685	1928	1930	
3 731	1930	1928	
3 2920	431	1877	
3 2919	1933	526	
3 1934	1932	774	
3 1932	730	1935	
3 1857	1933	432	
3 595	1931	1933	
3 1936	1934	774	
3 1934	823	1937	
3 1937	1939	730	
3 685	1935	428	
3 1947	774	731	
3 1948	841	1953	
3 1953	1937	823	
3 790	1941	1939	
3 1940	1938	638	
3 428	1935	1938	
3 790	1939	1937	
3 638	1938	1939	
3 1940	638	1942	
3 1940	592	3094	
3 1949	1941	790	
3 1943	427	1942	
3 1943	638	1941	
3 427	523	1942	
3 1941	752	1943	
3 1943	752	1998	
3 3133	660	1945	
3 909	1946	1944	
3 3133	3197	3199	
3 660	1920	1945	
3 909	1952	1946	
3 1946	1952	1947	
3 1946	1947	731	
3 806	1936	1947	
3 806	1962	1936	
3 806	1958	1960	
3 1950	1949	790	
3 1949	1950	1951	
3 790	1937	1953	
3 1954	1950	1953	
3 1955	1951	855	
3 1998	1951	901	
3 1958	909	1956	
3 1947	1952	806	
3 1948	1953	823	
3 1954	1953	841	
3 1957	1954	841	
3 855	1950	1954	
3 855	1957	3295	
3 1996	663	1989	
3 3133	909	1944	
3 1959	1961	1960	
3 3255	3278	841	
3 1957	941	3295	
3 909	1958	1952	
3 1958	1956	1959	
3 1956	948	1959	
3 3486	1959	948	
3 1961	1959	1059	
3 806	1960	1962	
3 1961	1059	3134	
3 1962	1948	1936	
3 1960	1961	1962	
3 3200	1961	3134	
3 85	3089	3091	
3 1964	1963	523	
3 523	427	1964	
3 427	522	2008	
3 1968	1966	90	
3 1965	1966	1967	
3 1965	90	1966	
3 555	1970	1967	
3 1967	1970	1975	
3 89	1972	1971	
3 1968	1971	1972	
3 1973	1969	613	
3 555	1966	1969	
3 1978	555	1969	
3 1970	473	1975	
3 1976	89	88	
3 1968	90	1971	
3 1980	1977	613	
3 1977	1973	613	
3 647	1974	1978	
3 647	614	1974	
3 1982	1979	1974	
3 1990	1975	473	
3 92	91	1975	
3 1976	88	2007	
3 521	1977	1980	
3 613	1972	1980	
3 521	1983	1977	
3 647	1978	1973	
3 1974	555	1978	
3 1982	1974	614	
3 1979	1982	1985	
3 1972	1976	1980	
3 521	1980	1976	
3 1983	1981	1977	
3 1983	1987	1981	
3 1982	614	1994	
3 1979	1985	473	
3 1986	521	702	
3 1984	647	1987	
3 2000	1984	663	
3 614	647	1984	
3 1991	1985	1982	
3 473	1992	1990	
3 1986	1995	1989	
3 1988	1984	1987	
3 1983	1986	1987	
3 1984	1988	663	
3 1987	1986	1988	
3 1989	1988	1986	
3 1995	1986	702	
3 1996	1989	901	
3 1992	473	1985	
3 1992	1993	1990	
3 1994	1991	1982	
3 387	1997	693	
3 1985	387	1992	
3 1993	1992	387	
3 387	472	1993	
3 1993	472	2233	
3 2000	1994	614	
3 1994	2000	2001	
3 1998	1995	702	
3 901	1989	1995	
3 1955	902	1996	
3 2000	2004	936	
3 1991	742	1997	
3 1999	890	2002	
3 427	1998	702	
3 1998	752	1951	
3 1997	742	1999	
3 2003	1999	742	
3 2004	663	1996	
3 936	2001	2000	
3 936	2005	2001	
3 2091	2092	2006	
3 2086	2002	2087	
3 612	2084	2081	
3 2001	2094	742	
3 2005	2092	2094	
3 1996	902	2004	
3 3135	2004	902	
3 3135	2005	936	
3 2096	2095	891	
3 2006	2095	2096	
3 2088	2087	2089	
3 87	86	2008	
3 1976	2007	522	
3 427	2008	1964	
3 522	2007	2008	
3 1823	2009	82	
3 2010	2009	429	
3 429	428	2010	
3 3090	3092	3094	
3 2014	139	138	
3 2011	2012	2013	
3 2011	139	2012	
3 535	2015	2013	
3 445	2022	2027	
3 138	2028	2023	
3 2012	2016	535	
3 2017	2015	535	
3 2027	2022	2018	
3 2019	2016	2014	
3 2024	2017	2020	
3 2020	535	2016	
3 2017	600	2021	
3 2022	141	2018	
3 140	2013	2027	
3 2014	2023	2019	
3 2019	2023	2029	
3 2019	2020	2016	
3 2030	2020	2019	
3 536	2025	600	
3 2021	600	2025	
3 445	2026	2022	
3 2022	2026	2033	
3 2023	447	2029	
3 2030	2024	2020	
3 2034	2035	2030	
3 2025	2039	2032	
3 445	2032	2026	
3 445	2021	2032	
3 2026	365	2033	
3 2013	2015	2027	
3 445	2027	2015	
3 138	137	2028	
3 2036	2028	137	
3 2037	2029	447	
3 2029	2037	2038	
3 2034	2030	446	
3 2035	2024	2030	
3 2060	2031	641	
3 536	600	2031	
3 2039	2025	536	
3 365	2032	2040	
3 2041	2033	365	
3 142	141	2033	
3 2029	2038	446	
3 2034	2038	2045	
3 2042	2035	2034	
3 2031	2024	2035	
3 2049	137	136	
3 447	2043	2037	
3 2043	447	2036	
3 2037	2043	2044	
3 2045	2038	688	
3 2034	446	2038	
3 2046	2039	536	
3 325	2120	2040	
3 2032	2039	2040	
3 2039	2046	2058	
3 2120	365	2040	
3 2119	2118	325	
3 2034	2045	2047	
3 2031	2042	641	
3 2048	2043	2036	
3 2044	2043	366	
3 2051	2044	366	
3 2044	2051	2052	
3 2052	2045	688	
3 2045	887	2047	
3 2046	536	2060	
3 2058	325	2040	
3 641	2042	2047	
3 2047	2042	2034	
3 2049	2048	2036	
3 2048	2049	2050	
3 137	2049	2036	
3 2049	136	2053	
3 448	2054	2050	
3 2056	735	2051	
3 2050	2055	366	
3 366	2055	2051	
3 2062	2052	735	
3 2045	2052	887	
3 136	135	2053	
3 2057	2053	135	
3 2341	537	2335	
3 2055	2056	2051	
3 2050	2054	2055	
3 2056	2055	2054	
3 2054	602	2056	
3 2056	602	3148	
3 2327	135	2325	
3 2341	2057	537	
3 2046	977	2058	
3 2065	2123	545	
3 887	2062	2064	
3 889	935	3136	
3 3136	641	2059	
3 2060	935	2061	
3 2061	935	3137	
3 977	2046	2061	
3 735	3148	2063	
3 2062	2063	2064	
3 934	888	2063	
3 2063	888	2064	
3 2064	888	3397	
3 2059	887	2064	
3 2121	2119	325	
3 2065	2121	2122	
3 2069	2067	96	
3 2068	1516	97	
3 2066	96	2067	
3 2066	2067	2068	
3 470	2068	2067	
3 95	2072	2071	
3 2069	2071	2072	
3 2073	2070	553	
3 470	2067	2070	
3 2074	95	94	
3 2069	96	2071	
3 2077	2075	553	
3 2075	2073	553	
3 2073	612	2076	
3 2074	94	2233	
3 471	2075	2077	
3 553	2072	2077	
3 471	2080	2075	
3 2079	2076	612	
3 2076	2079	2082	
3 2072	2074	2077	
3 471	2077	2074	
3 2078	2075	2080	
3 2080	2084	2078	
3 612	554	2079	
3 554	1513	2079	
3 471	2083	2080	
3 2081	2084	2085	
3 2097	2081	646	
3 554	612	2081	
3 1513	386	2082	
3 1516	2082	386	
3 693	2083	471	
3 646	2081	2085	
3 2080	2083	2084	
3 2002	2086	2083	
3 2083	2085	2084	
3 2086	2085	2083	
3 2087	2002	890	
3 646	2085	2086	
3 2091	2089	890	
3 2086	2087	2088	
3 2087	890	2089	
3 2090	929	2097	
3 2093	2089	2091	
3 2089	2093	2090	
3 2089	2090	2088	
3 892	929	2090	
3 2003	2091	890	
3 2093	2091	2006	
3 2094	2092	2003	
3 2095	2005	891	
3 2098	2006	2096	
3 2090	2093	892	
3 742	2094	2003	
3 2005	2094	2001	
3 2006	2092	2095	
3 2005	2095	2092	
3 3138	2096	891	
3 892	2098	2099	
3 2090	2097	646	
3 2097	929	3139	
3 2099	2098	2096	
3 892	2093	2098	
3 3138	2099	2096	
3 3297	1057	1052	
3 158	2362	2377	
3 451	2100	367	
3 106	105	2101	
3 105	104	2103	
3 382	329	2102	
3 329	379	2106	
3 317	2103	1467	
3 382	2101	2103	
3 108	107	2104	
3 107	106	2106	
3 379	328	2105	
3 328	381	2134	
3 329	2106	2102	
3 379	2104	2106	
3 2110	2108	144	
3 2107	2108	2109	
3 2107	144	2108	
3 2112	458	2124	
3 2109	458	2112	
3 144	143	2110	
3 2116	2110	143	
3 2113	2111	370	
3 458	2108	2111	
3 2115	369	457	
3 2109	2114	145	
3 370	2118	2119	
3 545	2127	2125	
3 2115	2114	2112	
3 146	145	2114	
3 369	2115	2112	
3 2115	457	2234	
3 143	2117	2116	
3 2120	2117	2041	
3 142	2117	143	
3 2120	2118	2116	
3 370	2116	2118	
3 2120	2116	2117	
3 2121	325	2058	
3 2113	2119	2065	
3 2120	2041	365	
3 325	2118	2120	
3 2122	2121	2058	
3 2065	2119	2121	
3 2058	977	2122	
3 2123	977	779	
3 977	2123	2122	
3 2129	2127	2123	
3 458	2113	2124	
3 545	2124	2113	
3 369	2124	2125	
3 545	2125	2124	
3 2128	2126	738	
3 369	2126	690	
3 545	2123	2127	
3 2129	2123	779	
3 2129	2128	738	
3 2310	739	2315	
3 3298	2129	779	
3 3298	2314	2129	
3 2131	2130	118	
3 2132	2130	466	
3 117	2131	118	
3 376	466	2131	
3 466	465	2132	
3 546	2160	2164	
3 109	108	2134	
3 2135	2133	381	
3 328	2134	2105	
3 381	2133	2134	
3 381	380	2135	
3 2140	2142	2144	
3 2136	129	2232	
3 461	2136	372	
3 113	112	2137	
3 112	2139	2141	
3 375	327	2138	
3 327	378	2197	
3 111	2142	2140	
3 2139	2140	2141	
3 2139	111	2140	
3 2143	2141	464	
3 2137	112	2141	
3 110	2142	111	
3 2144	2135	380	
3 2145	2143	464	
3 2137	2143	375	
3 2135	2144	2142	
3 464	2146	2145	
3 464	2144	2146	
3 2145	551	2153	
3 2144	380	2146	
3 2145	2147	551	
3 2146	380	2147	
3 2147	2149	2148	
3 2150	2148	719	
3 2148	2150	2152	
3 2151	380	676	
3 719	2148	2149	
3 719	802	2150	
3 802	767	2150	
3 766	2151	676	
3 719	2149	2151	
3 2150	767	2152	
3 2152	2155	2154	
3 551	2152	2154	
3 327	375	2153	
3 2155	2152	767	
3 2153	2156	327	
3 2157	2155	767	
3 717	2154	2155	
3 2154	717	2156	
3 717	781	2158	
3 835	2157	767	
3 2157	811	813	
3 781	674	2158	
3 674	2156	2158	
3 120	2162	2160	
3 2159	2160	2161	
3 2159	120	2160	
3 546	2163	2161	
3 459	2169	2173	
3 119	2162	120	
3 2132	465	2164	
3 2165	2163	546	
3 2173	2169	2166	
3 2132	2164	2162	
3 546	2167	2165	
3 546	2164	2167	
3 2165	608	2168	
3 2169	122	2166	
3 121	2161	2173	
3 2164	465	2167	
3 465	2174	2167	
3 547	2171	608	
3 2168	608	2171	
3 459	2172	2169	
3 2169	2172	2177	
3 2178	2179	2174	
3 2171	2180	2176	
3 459	2176	2172	
3 459	2168	2176	
3 2172	371	2177	
3 2161	2163	2173	
3 459	2173	2163	
3 2178	2174	465	
3 2179	2170	2174	
3 2189	2175	645	
3 547	608	2175	
3 2180	2171	547	
3 371	2176	2181	
3 2182	2177	371	
3 123	122	2177	
3 465	691	2178	
3 2187	2185	2178	
3 2183	2179	2178	
3 2175	2170	2179	
3 2184	2180	547	
3 326	2218	2181	
3 2176	2180	2181	
3 2180	2184	2186	
3 2218	371	2181	
3 2217	2214	326	
3 2185	2183	2178	
3 2175	2183	645	
3 2184	547	2189	
3 2186	326	2181	
3 2187	2178	691	
3 2192	2188	783	
3 2184	983	2186	
3 2191	2221	550	
3 691	741	2187	
3 815	2187	741	
3 2193	2188	853	
3 645	2185	2188	
3 2193	645	2188	
3 2189	864	2190	
3 2190	864	3140	
3 983	2184	2190	
3 2219	2217	326	
3 2191	2219	2220	
3 815	2192	783	
3 837	853	2192	
3 2193	853	2194	
3 2189	645	2193	
3 853	3299	2194	
3 997	3402	3300	
3 2195	150	2257	
3 454	2195	368	
3 114	113	2197	
3 2198	2196	378	
3 327	2197	2138	
3 378	2196	2197	
3 378	377	2198	
3 377	467	2200	
3 116	115	2200	
3 2201	2199	467	
3 377	2200	2198	
3 467	2199	2200	
3 376	2201	467	
3 117	2201	2131	
3 2205	2203	125	
3 2202	2203	2204	
3 2202	125	2203	
3 2206	463	2222	
3 2204	463	2206	
3 125	124	2205	
3 2211	2205	124	
3 373	2212	2210	
3 2204	2208	126	
3 2205	374	2207	
3 2209	2207	374	
3 2210	2208	2206	
3 127	126	2208	
3 374	2214	2217	
3 550	2226	2223	
3 373	2210	2206	
3 3057	2210	549	
3 124	2213	2211	
3 2218	2213	2182	
3 2215	2212	373	
3 2216	462	3059	
3 123	2213	124	
3 2218	2214	2211	
3 374	2211	2214	
3 2218	2211	2213	
3 2223	2215	373	
3 2224	2215	848	
3 2212	610	2216	
3 462	2225	372	
3 2219	326	2186	
3 2209	2217	2191	
3 2218	2182	371	
3 326	2214	2218	
3 2220	2219	2186	
3 2191	2217	2219	
3 2186	983	2220	
3 2221	983	860	
3 983	2221	2220	
3 2227	848	2230	
3 463	2209	2222	
3 550	2222	2209	
3 373	2222	2223	
3 550	2223	2222	
3 2227	2224	848	
3 925	2229	2228	
3 2216	610	2225	
3 2225	610	2228	
3 550	2221	2226	
3 2230	2221	860	
3 2230	848	2226	
3 2227	2230	3301	
3 2227	2228	2224	
3 3204	2228	861	
3 372	2225	2229	
3 2228	2229	2225	
3 2221	2230	2226	
3 3301	2230	860	
3 131	130	2231	
3 2136	2231	130	
3 129	128	2232	
3 128	3056	3058	
3 1993	2233	93	
3 2074	2233	472	
3 147	146	2234	
3 2115	2234	146	
3 457	456	2235	
3 2300	2302	2304	
3 222	2238	2240	
3 482	2236	390	
3 2237	227	2888	
3 479	2237	389	
3 2241	2239	221	
3 2238	2239	2240	
3 2238	221	2239	
3 2243	2240	483	
3 2236	222	2240	
3 221	220	2241	
3 2246	220	1530	
3 2244	2242	391	
3 483	2239	2242	
3 2245	2243	483	
3 390	2236	2243	
3 391	2247	2248	
3 563	2252	2249	
3 483	2244	2245	
3 563	2245	2244	
3 391	2241	2246	
3 220	2246	2241	
3 2247	332	2248	
3 391	2246	2247	
3 2250	2248	332	
3 563	2244	2248	
3 390	2245	2249	
3 563	2249	2245	
3 2256	2250	332	
3 2250	979	2254	
3 2253	2251	745	
3 390	2251	695	
3 2254	2252	563	
3 2252	2254	2255	
3 2255	2253	745	
3 2901	746	2906	
3 2254	563	2248	
3 3256	2254	979	
3 3302	2255	785	
3 3302	2905	2255	
3 2256	332	2285	
3 2256	565	3141	
3 149	2299	2301	
3 2195	2257	455	
3 2259	2258	214	
3 2260	2258	486	
3 213	2259	214	
3 393	486	2259	
3 486	485	2260	
3 564	2263	2267	
3 152	151	2261	
3 2195	2261	151	
3 216	2265	2263	
3 2262	2263	2264	
3 2262	216	2263	
3 564	2266	2264	
3 484	2272	2276	
3 215	2265	216	
3 2260	485	2267	
3 2268	2266	564	
3 2276	2272	2269	
3 2260	2267	2265	
3 564	2270	2268	
3 564	2267	2270	
3 2268	620	2271	
3 2272	218	2269	
3 217	2264	2276	
3 2267	485	2270	
3 485	2277	2270	
3 565	2274	620	
3 620	2274	2271	
3 484	2275	2272	
3 2272	2275	2280	
3 2281	2282	2277	
3 565	2256	2274	
3 2275	2279	392	
3 484	2271	2279	
3 2275	392	2280	
3 2264	2266	2276	
3 484	2276	2266	
3 2281	2277	485	
3 2282	2273	2277	
3 2287	2278	650	
3 565	620	2278	
3 2274	2256	2279	
3 2285	2279	2256	
3 2283	2280	392	
3 219	218	2280	
3 485	696	2281	
3 2288	2286	2281	
3 2284	2282	2281	
3 2278	2273	2282	
3 2285	2283	392	
3 219	2283	1530	
3 2286	2284	2281	
3 2278	2284	650	
3 2285	392	2279	
3 2285	332	2247	
3 2288	2281	696	
3 2286	893	2293	
3 650	2293	2296	
3 2287	3142	3141	
3 2289	2288	696	
3 2288	2289	2290	
3 696	393	2289	
3 2294	2289	393	
3 747	3173	2291	
3 2290	2291	2292	
3 937	894	2291	
3 2290	2292	893	
3 2291	894	2292	
3 2292	2297	2295	
3 2295	893	2292	
3 2296	938	2287	
3 2876	487	2870	
3 3173	2294	622	
3 2297	2292	894	
3 2293	2298	2296	
3 2298	2293	2295	
3 895	938	2296	
3 3303	2297	894	
3 2298	2297	895	
3 2297	2298	2295	
3 895	2296	2298	
3 148	2302	2300	
3 2299	2300	2301	
3 2299	148	2300	
3 2303	2301	544	
3 2257	149	2301	
3 147	2302	148	
3 2304	2235	456	
3 2305	2303	544	
3 2257	2303	455	
3 2235	2304	2302	
3 544	2306	2305	
3 544	2304	2306	
3 2305	607	2316	
3 2304	456	2306	
3 2305	2307	607	
3 2306	456	2307	
3 2307	2309	2308	
3 2310	2308	739	
3 2308	2310	2312	
3 2311	456	690	
3 739	2308	2309	
3 2313	739	2311	
3 2315	2318	2310	
3 2128	2311	690	
3 739	2309	2311	
3 780	2317	2310	
3 2310	2317	2312	
3 2314	2128	2129	
3 739	2313	2315	
3 780	2310	2318	
3 2313	2128	2314	
3 2313	2314	2315	
3 2315	2314	2318	
3 2319	607	2312	
3 368	455	2316	
3 3304	3352	780	
3 2389	2323	606	
3 2314	976	2318	
3 3450	3304	2318	
3 2320	2317	780	
3 2316	2319	2321	
3 606	2323	2324	
3 2317	2320	2322	
3 2319	2322	2321	
3 2322	2320	2324	
3 2317	2322	2319	
3 2324	2323	2322	
3 368	2321	2323	
3 2322	2323	2321	
3 2320	810	2324	
3 3206	3205	810	
3 2328	2326	134	
3 2327	2057	135	
3 2325	134	2326	
3 2325	2326	2327	
3 537	2327	2326	
3 133	2331	2330	
3 2328	2330	2331	
3 2332	2329	601	
3 537	2326	2329	
3 2333	133	132	
3 2328	134	2330	
3 2336	2334	601	
3 2334	2332	601	
3 2332	642	2335	
3 132	3060	3062	
3 460	2334	2336	
3 601	2331	2336	
3 460	2339	2334	
3 2338	2335	642	
3 2335	2338	2341	
3 2331	2333	2336	
3 2336	2333	3064	
3 2339	2337	2334	
3 2339	2343	2337	
3 642	602	2338	
3 602	2054	2338	
3 460	3066	2342	
3 2340	642	2343	
3 2348	2340	661	
3 602	642	2340	
3 2054	448	2341	
3 2057	2341	448	
3 2342	2346	2345	
3 2344	2340	2343	
3 2339	2342	2343	
3 2340	2344	661	
3 2343	2342	2344	
3 2345	2344	2342	
3 2346	2342	609	
3 2345	2346	2347	
3 3067	2349	609	
3 2347	2346	955	
3 3143	2347	955	
3 3146	2347	970	
3 3146	661	2347	
3 2348	934	3148	
3 3149	2349	925	
3 955	2346	2349	
3 154	153	2350	
3 153	3039	3041	
3 2351	206	2771	
3 489	2351	394	
3 2355	2353	156	
3 2352	2353	2354	
3 2352	156	2353	
3 541	2357	2354	
3 2354	2357	2362	
3 155	2359	2358	
3 2355	2358	2359	
3 2360	2356	604	
3 541	2353	2356	
3 2365	541	2356	
3 2357	452	2362	
3 2363	2359	155	
3 2355	156	2358	
3 2359	2363	2367	
3 2367	604	2359	
3 644	2361	2365	
3 644	605	2361	
3 2369	2366	2361	
3 2377	2362	452	
3 158	157	2362	
3 155	154	2363	
3 2378	154	2350	
3 2364	2373	2370	
3 2360	2368	644	
3 644	2365	2360	
3 2361	541	2365	
3 2369	2361	605	
3 2366	2369	2372	
3 542	2367	2363	
3 2364	604	2367	
3 2364	2370	2368	
3 2375	2371	2374	
3 2369	605	2382	
3 2366	2372	452	
3 2373	2364	542	
3 2374	2371	644	
3 2400	2371	662	
3 605	644	2371	
3 2379	2372	2369	
3 452	2380	2377	
3 2381	2373	542	
3 2383	2373	453	
3 2370	707	2374	
3 2371	2375	662	
3 2374	707	2375	
3 2376	2375	707	
3 2383	2376	707	
3 3150	2401	2376	
3 452	2372	2380	
3 158	2377	2100	
3 542	2363	2378	
3 154	2378	2363	
3 2382	2379	2369	
3 367	2384	689	
3 2372	367	2380	
3 2100	2380	367	
3 2373	2381	453	
3 542	2378	2381	
3 2400	2382	605	
3 2382	2400	2402	
3 2385	2383	453	
3 2376	2383	758	
3 2379	737	2384	
3 2386	737	778	
3 2387	2385	453	
3 606	758	2385	
3 689	2384	2386	
3 737	2386	2384	
3 3043	453	2350	
3 3042	2389	543	
3 2390	2388	778	
3 2388	736	2391	
3 2323	2389	454	
3 606	2387	2389	
3 2392	2390	778	
3 2390	824	2393	
3 2393	2395	736	
3 689	2391	450	
3 2403	778	737	
3 2404	842	2409	
3 2409	2393	824	
3 791	2397	2395	
3 2396	2394	643	
3 450	2391	2394	
3 791	2395	2393	
3 643	2394	2395	
3 2396	643	2398	
3 2396	603	3101	
3 2405	2397	791	
3 2399	449	2398	
3 2399	643	2397	
3 449	540	2398	
3 2397	753	2399	
3 2399	753	2591	
3 3151	662	2401	
3 911	2402	2400	
3 3151	3207	3209	
3 662	2376	2401	
3 911	2408	2402	
3 2402	2408	2403	
3 2402	2403	737	
3 809	2392	2403	
3 809	2418	2392	
3 809	2414	2416	
3 2406	2405	791	
3 2405	2406	2407	
3 791	2393	2409	
3 2410	2406	2409	
3 2411	2407	856	
3 2591	2407	903	
3 2414	911	2412	
3 2403	2408	809	
3 2404	2409	824	
3 2410	2409	842	
3 2413	2410	842	
3 856	2406	2410	
3 856	2413	3305	
3 2589	666	2585	
3 3151	911	2400	
3 2415	2417	2416	
3 3258	3280	842	
3 2413	942	3305	
3 911	2414	2408	
3 2414	2412	2415	
3 2412	949	2415	
3 3487	2415	949	
3 2417	2415	1060	
3 809	2416	2418	
3 2417	1060	3152	
3 2418	2404	2392	
3 2416	2417	2418	
3 3210	2417	3152	
3 203	2420	2422	
3 3084	3086	568	
3 2423	2421	202	
3 2420	2421	2422	
3 2420	202	2421	
3 2424	2422	491	
3 2419	203	2422	
3 202	201	2423	
3 2428	201	1532	
3 2426	2424	491	
3 395	2419	2424	
3 2423	396	2425	
3 2427	2425	396	
3 2427	491	2425	
3 2431	849	2433	
3 396	2429	2430	
3 2426	2427	569	
3 396	2423	2428	
3 201	2428	2423	
3 2429	333	2430	
3 396	2428	2429	
3 2432	2430	333	
3 569	2427	2430	
3 2426	569	2431	
3 2434	2431	569	
3 2435	2432	333	
3 2432	984	2436	
3 2437	2433	849	
3 2433	624	2438	
3 569	2430	2436	
3 2434	2436	2439	
3 2435	333	2477	
3 2435	571	3153	
3 862	2436	984	
3 2434	569	2436	
3 2441	849	2439	
3 863	3217	2440	
3 624	3082	3088	
3 3086	2438	568	
3 3403	3156	2439	
3 849	2441	2437	
3 624	2437	2440	
3 2440	2437	3157	
3 3156	2441	2439	
3 3157	2441	3156	
3 2100	2442	159	
3 2443	2442	451	
3 451	450	2443	
3 3097	3099	3101	
3 2447	197	196	
3 2444	2445	2446	
3 2444	197	2445	
3 570	2448	2446	
3 492	2455	2460	
3 196	2461	2456	
3 2445	2449	570	
3 2450	2448	570	
3 2460	2455	2451	
3 2452	2449	2447	
3 2457	2450	2453	
3 2453	570	2449	
3 2450	625	2454	
3 2455	199	2451	
3 198	2446	2460	
3 2447	2456	2452	
3 2452	2456	2462	
3 2452	2453	2449	
3 2463	2453	2452	
3 571	2458	625	
3 625	2458	2454	
3 492	2459	2455	
3 2455	2459	2466	
3 2456	494	2462	
3 2463	2457	2453	
3 2467	2468	2463	
3 571	2435	2458	
3 2459	2465	397	
3 492	2454	2465	
3 2459	397	2466	
3 2446	2448	2460	
3 492	2460	2448	
3 196	195	2461	
3 2469	2461	195	
3 2470	2462	494	
3 2462	2470	2471	
3 2467	2463	493	
3 2468	2457	2463	
3 2534	2464	652	
3 571	625	2464	
3 2458	2435	2465	
3 2477	2465	2435	
3 2472	2466	397	
3 200	199	2466	
3 2462	2471	493	
3 2467	2471	2476	
3 2473	2468	2467	
3 2464	2457	2468	
3 2480	195	194	
3 494	2474	2470	
3 2474	494	2469	
3 2470	2474	2475	
3 2476	2471	697	
3 2467	493	2471	
3 2477	2472	397	
3 200	2472	1532	
3 2467	2476	2478	
3 2464	2473	652	
3 2479	2474	2469	
3 2475	2474	398	
3 2482	2475	398	
3 2475	2482	2483	
3 2483	697	2475	
3 2476	789	2478	
3 2477	397	2465	
3 2477	333	2429	
3 652	2473	2478	
3 2478	2473	2467	
3 2480	2479	2469	
3 2479	2480	2481	
3 195	2480	2469	
3 2480	194	2484	
3 2485	2481	495	
3 2482	2481	698	
3 2481	2482	398	
3 2486	2482	698	
3 2492	2487	749	
3 2476	697	2483	
3 194	193	2484	
3 2488	2484	193	
3 2489	2485	495	
3 2485	2489	2490	
3 2491	2486	698	
3 2486	2491	2492	
3 822	789	2487	
3 2476	2487	789	
3 2493	193	192	
3 2489	399	2490	
3 495	2488	2489	
3 2493	2488	193	
3 2494	2490	399	
3 2491	2490	748	
3 2490	2491	698	
3 2495	2491	748	
3 2496	2492	788	
3 2487	2492	822	
3 2512	400	2497	
3 2488	2493	2497	
3 2498	2494	399	
3 2494	2498	2499	
3 2500	2495	748	
3 2495	2500	2507	
3 788	2495	2507	
3 2496	2508	2510	
3 2512	2497	2493	
3 2498	2497	400	
3 2497	2498	399	
3 2513	2498	400	
3 2499	2504	2502	
3 2502	787	2501	
3 2502	748	2499	
3 2501	2500	2502	
3 2503	2501	787	
3 819	2500	2501	
3 748	2502	2500	
3 2504	2499	679	
3 787	2504	2514	
3 2501	2505	819	
3 2518	679	2513	
3 2514	2504	723	
3 2503	820	2505	
3 2496	2510	822	
3 820	2520	2505	
3 2506	2520	2515	
3 2506	2509	819	
3 788	2508	2496	
3 2507	2509	2508	
3 2506	2511	2509	
3 819	2509	2507	
3 2506	2515	2511	
3 2511	2508	2509	
3 2548	2529	2510	
3 821	2510	2511	
3 2508	2511	2510	
3 2493	192	2512	
3 2516	192	191	
3 2517	2513	400	
3 2513	2517	2518	
3 2537	2541	723	
3 2503	2519	820	
3 2506	2505	2520	
3 2551	2552	2553	
3 400	2512	2516	
3 192	2516	2512	
3 2516	2517	400	
3 1874	334	2517	
3 2518	334	2522	
3 2504	679	2518	
3 2523	2519	2514	
3 2524	2519	818	
3 2524	820	2519	
3 2545	2515	2527	
3 2527	2515	2520	
3 839	2547	2545	
3 334	2649	2535	
3 2537	2522	2535	
3 2541	2514	723	
3 2523	2541	2542	
3 2524	818	2525	
3 820	2524	2526	
3 2550	2525	818	
3 2525	2550	3158	
3 2524	2525	2526	
3 2527	2525	839	
3 2545	2527	839	
3 2520	2526	2527	
3 789	2529	2530	
3 2528	854	2531	
3 840	2530	2529	
3 822	2510	2529	
3 854	2528	2530	
3 2530	2528	789	
3 2533	2531	854	
3 2531	2533	2534	
3 2548	2553	840	
3 868	3307	2533	
3 854	2532	2533	
3 868	2533	2532	
3 3154	3155	3153	
3 2534	3154	2464	
3 2536	2535	401	
3 2535	2536	2537	
3 2644	2536	401	
3 2538	2536	2647	
3 2539	2537	572	
3 723	2522	2537	
3 572	2536	2538	
3 2538	2647	2645	
3 2540	572	724	
3 2539	770	2541	
3 805	2540	724	
3 770	2539	2540	
3 2542	2541	770	
3 2514	2541	2523	
3 2543	2542	770	
3 2542	2543	2544	
3 770	805	2543	
3 2549	2543	805	
3 2550	2544	838	
3 818	2523	2544	
3 839	2546	2547	
3 2515	2545	2521	
3 3158	839	2525	
3 3328	2546	3327	
3 2546	918	2547	
3 2551	2547	918	
3 821	2521	2548	
3 2551	2521	2547	
3 3308	2549	805	
3 2549	3308	3309	
3 2550	838	3311	
3 917	3158	2550	
3 918	2552	2551	
3 2548	2521	2551	
3 3312	2552	918	
3 868	2532	2552	
3 2551	2553	2548	
3 2532	2553	2552	
3 162	3096	3098	
3 2555	2554	540	
3 540	449	2555	
3 449	539	2557	
3 164	163	2557	
3 2558	2556	539	
3 449	2557	2555	
3 539	2556	2557	
3 539	538	2558	
3 538	2576	2558	
3 169	168	2559	
3 168	2562	2564	
3 2581	2560	502	
3 409	501	2636	
3 188	187	2561	
3 2561	187	2652	
3 2565	2563	167	
3 2562	2563	2564	
3 2562	167	2563	
3 2567	2564	576	
3 2559	168	2564	
3 166	2569	2568	
3 2565	2568	2569	
3 2570	2566	628	
3 576	2563	2566	
3 2574	576	2566	
3 2559	2567	502	
3 166	2572	2569	
3 2565	167	2568	
3 2569	2572	2576	
3 2573	2570	628	
3 654	2571	2574	
3 654	629	2571	
3 2578	2575	2571	
3 165	2572	166	
3 538	2573	2576	
3 2576	628	2569	
3 538	2579	2573	
3 654	2574	2570	
3 2571	576	2574	
3 2578	2571	629	
3 2575	2578	2581	
3 2558	2576	2572	
3 2573	628	2576	
3 2579	2577	2573	
3 2579	2583	2577	
3 2578	629	2587	
3 2575	2581	502	
3 2582	538	703	
3 2580	654	2583	
3 2593	2580	666	
3 629	654	2580	
3 2586	2581	2578	
3 2560	2581	409	
3 2582	2588	2585	
3 2584	2580	2583	
3 2579	2582	2583	
3 2580	2584	666	
3 2583	2582	2584	
3 2585	2584	2582	
3 2588	2582	703	
3 2589	2585	903	
3 2587	2586	2578	
3 409	2590	699	
3 2593	2587	629	
3 2587	2593	2594	
3 2591	2588	703	
3 903	2585	2588	
3 2411	904	2589	
3 2593	2597	939	
3 2586	750	2590	
3 2592	896	2595	
3 449	2591	703	
3 2591	753	2407	
3 2590	750	2592	
3 2596	2592	750	
3 2597	666	2589	
3 939	2594	2593	
3 939	2598	2594	
3 2625	2626	2599	
3 2620	2595	2621	
3 627	2618	2615	
3 2594	2628	750	
3 2598	2626	2628	
3 2589	904	2597	
3 3159	2597	904	
3 3159	2598	939	
3 2630	2629	897	
3 2599	2629	2630	
3 2622	2621	2623	
3 2603	2601	173	
3 2602	1610	174	
3 2600	173	2601	
3 2600	2601	2602	
3 499	2602	2601	
3 172	2606	2605	
3 2603	2605	2606	
3 2607	2604	574	
3 499	2601	2604	
3 2608	172	171	
3 2603	173	2605	
3 2611	2609	574	
3 2609	2607	574	
3 2607	627	2610	
3 2608	171	2635	
3 500	2609	2611	
3 574	2606	2611	
3 500	2614	2609	
3 2613	2610	627	
3 2610	2613	2616	
3 2606	2608	2611	
3 500	2611	2608	
3 2612	2609	2614	
3 2614	2618	2612	
3 627	575	2613	
3 575	1607	2613	
3 500	2617	2614	
3 2615	2618	2619	
3 2631	2615	653	
3 575	627	2615	
3 1607	408	2616	
3 1610	2616	408	
3 699	2617	500	
3 653	2615	2619	
3 2614	2617	2618	
3 2595	2620	2617	
3 2617	2619	2618	
3 2620	2619	2617	
3 2621	2595	896	
3 653	2619	2620	
3 2625	2623	896	
3 2620	2621	2622	
3 2621	896	2623	
3 2624	930	2631	
3 2627	2623	2625	
3 2623	2627	2624	
3 2623	2624	2622	
3 898	930	2624	
3 2596	2625	896	
3 2627	2625	2599	
3 2628	2626	2596	
3 2629	2598	897	
3 2632	2599	2630	
3 2624	2627	898	
3 750	2628	2596	
3 2598	2628	2594	
3 2599	2626	2629	
3 2598	2629	2626	
3 3160	2630	897	
3 898	2632	2633	
3 2624	2631	653	
3 2631	930	3161	
3 2633	2632	2630	
3 898	2627	2632	
3 3160	2633	2630	
3 3313	1058	1053	
3 1688	2634	184	
3 1562	2634	404	
3 170	169	2636	
3 2608	2635	501	
3 409	2636	2560	
3 501	2635	2636	
3 2638	2637	277	
3 2639	2637	505	
3 276	2638	277	
3 411	505	2638	
3 505	504	2639	
3 577	2654	2658	
3 188	2561	2641	
3 2640	2641	2642	
3 2640	188	2641	
3 496	2644	2642	
3 2642	2644	2646	
3 2561	402	2643	
3 2645	402	2538	
3 2644	496	2647	
3 2644	401	2646	
3 496	2643	2645	
3 402	2645	2643	
3 2648	2646	401	
3 190	189	2646	
3 2644	2647	2536	
3 496	2645	2647	
3 2649	2648	401	
3 190	2648	1874	
3 2535	2649	401	
3 1874	2649	334	
3 276	275	2650	
3 275	3044	3046	
3 2651	506	3055	
3 276	2651	2638	
3 187	186	2652	
3 1562	2652	186	
3 279	2656	2654	
3 2653	2654	2655	
3 2653	279	2654	
3 577	2657	2655	
3 503	2663	2667	
3 278	2656	279	
3 2639	504	2658	
3 2659	2657	577	
3 2667	2663	2660	
3 2639	2658	2656	
3 577	2661	2659	
3 577	2658	2661	
3 2659	630	2662	
3 2663	281	2660	
3 280	2655	2667	
3 2658	504	2661	
3 504	2668	2661	
3 578	2665	630	
3 2662	630	2665	
3 503	2666	2663	
3 2663	2666	2671	
3 2672	2673	2668	
3 2665	2674	2670	
3 503	2670	2666	
3 503	2662	2670	
3 2666	410	2671	
3 2655	2657	2667	
3 503	2667	2657	
3 2672	2668	504	
3 2673	2664	2668	
3 2686	655	2684	
3 578	630	2669	
3 2674	2665	578	
3 410	2670	2675	
3 2676	2671	410	
3 282	281	2671	
3 504	700	2672	
3 700	3162	2679	
3 2677	2673	2672	
3 2669	2664	2673	
3 2674	578	2678	
3 2675	340	2676	
3 2670	2674	2675	
3 2687	2674	2678	
3 2675	2676	410	
3 283	2676	340	
3 2680	2672	2679	
3 2669	2677	655	
3 655	2686	2669	
3 2690	871	340	
3 700	2679	2672	
3 2682	2679	2681	
3 2672	2680	2677	
3 2681	2679	972	
3 2688	2681	972	
3 2680	2682	655	
3 2683	2681	2688	
3 2682	2681	2683	
3 927	2685	973	
3 578	2686	2678	
3 2685	2683	973	
3 2686	578	2669	
3 3314	2685	927	
3 2684	2683	2685	
3 2684	2685	2686	
3 2686	2685	3314	
3 2689	2687	2678	
3 2689	2690	2687	
3 2688	3260	2691	
3 972	3260	2688	
3 3314	2689	2678	
3 2689	3314	3315	
3 2689	873	2690	
3 3316	872	284	
3 3398	2691	1015	
3 3498	3553	3531	
3 182	181	2693	
3 1688	2692	337	
3 318	2693	1469	
3 337	2692	2693	
3 265	2712	2714	
3 3016	3019	581	
3 2698	2696	271	
3 2695	2696	2697	
3 2695	271	2696	
3 2700	508	2707	
3 2697	508	2700	
3 271	270	2698	
3 2704	270	1694	
3 2701	2699	413	
3 508	2696	2699	
3 2703	412	507	
3 2697	2702	272	
3 413	2705	2706	
3 2709	2707	580	
3 2703	2702	2700	
3 273	272	2702	
3 412	2703	2700	
3 2703	507	3047	
3 413	2698	2704	
3 270	2704	2698	
3 2705	341	2706	
3 413	2704	2705	
3 2706	341	2708	
3 580	2701	2706	
3 508	2701	2707	
3 580	2707	2701	
3 414	3022	3025	
3 2708	3027	3035	
3 2710	2709	580	
3 850	3339	2711	
3 580	2706	3163	
3 3213	3164	2710	
3 412	2709	2711	
3 850	2711	2709	
3 2715	2713	264	
3 2712	2713	2714	
3 2712	264	2713	
3 2717	2714	510	
3 2694	265	2714	
3 264	263	2715	
3 2720	263	1693	
3 2718	2716	416	
3 510	2713	2716	
3 2719	2717	510	
3 415	2694	2717	
3 416	2721	2722	
3 2723	2719	583	
3 510	2718	2719	
3 583	2719	2718	
3 416	2715	2720	
3 263	2720	2715	
3 2721	342	2722	
3 416	2720	2721	
3 2722	342	2724	
3 583	2718	2722	
3 2725	2723	583	
3 2726	2723	657	
3 342	2728	2724	
3 2750	2752	2728	
3 2725	583	2727	
3 2725	944	3165	
3 2726	3029	3026	
3 3020	632	3017	
3 2727	905	2729	
3 2722	2727	583	
3 342	2742	2743	
3 2746	584	2744	
3 2760	2755	760	
3 2725	2729	944	
3 905	2752	2755	
3 2752	2724	2728	
3 2760	760	2762	
3 2729	2732	944	
3 2766	2732	2731	
3 2732	2766	2768	
3 260	1690	2734	
3 2733	2734	2735	
3 2733	260	2734	
3 511	2737	2735	
3 2735	2737	2740	
3 1690	343	2736	
3 2738	2736	343	
3 511	2738	2739	
3 2737	417	2740	
3 2744	2738	343	
3 2738	584	2739	
3 2728	2739	584	
3 417	2737	2739	
3 2741	2740	417	
3 262	261	2740	
3 2742	2741	417	
3 262	2741	1693	
3 417	2739	2743	
3 2742	342	2721	
3 2739	2728	2743	
3 342	2743	2728	
3 2745	343	669	
3 2744	710	2746	
3 2747	2745	669	
3 710	2744	2745	
3 2747	2753	710	
3 2750	2749	2730	
3 1771	2747	669	
3 2747	761	2753	
3 760	2751	2754	
3 2749	2751	2730	
3 584	2746	2749	
3 2751	2746	2748	
3 2750	2730	2752	
3 584	2750	2728	
3 2754	2751	2748	
3 760	2730	2751	
3 2755	2752	2730	
3 905	2724	2752	
3 2753	761	2756	
3 2748	710	2753	
3 2748	797	2754	
3 2759	797	2757	
3 2730	760	2755	
3 2755	2760	2758	
3 761	1777	2756	
3 2763	1777	796	
3 797	2756	2763	
3 2761	2759	2757	
3 2758	2731	2732	
3 905	2755	2758	
3 797	2759	2754	
3 2757	851	2761	
3 2762	2759	2761	
3 2731	2758	2760	
3 2761	851	2765	
3 2762	2731	2760	
3 2759	2762	760	
3 2762	2761	2764	
3 3194	796	3127	
3 851	2757	2763	
3 2767	2761	2765	
3 2766	2764	2767	
3 2765	3418	3317	
3 2770	943	3318	
3 2766	943	2768	
3 2731	2764	2766	
3 2761	2767	2764	
3 2769	2767	2765	
3 2769	3318	943	
3 958	3033	3166	
3 3317	2769	2765	
3 995	2770	3318	
3 3264	3225	958	
3 3264	3214	2770	
3 205	3083	3085	
3 2351	2771	490	
3 2775	248	247	
3 2772	2773	2774	
3 2772	248	2773	
3 586	2776	2774	
3 514	2783	2788	
3 247	2789	2784	
3 2773	2777	586	
3 2778	2776	586	
3 2788	2783	2779	
3 2780	2777	2775	
3 2785	2778	2781	
3 2781	586	2777	
3 2778	634	2782	
3 2783	250	2779	
3 249	2774	2788	
3 2775	2784	2780	
3 2780	2784	2790	
3 2780	2781	2777	
3 2791	2781	2780	
3 587	2786	634	
3 2782	634	2786	
3 514	2787	2783	
3 2783	2787	2794	
3 2784	516	2790	
3 2791	2785	2781	
3 2795	2796	2791	
3 2786	2800	2793	
3 514	2793	2787	
3 514	2782	2793	
3 2787	421	2794	
3 2774	2776	2788	
3 514	2788	2776	
3 247	246	2789	
3 2797	2789	246	
3 2798	2790	516	
3 2790	2798	2799	
3 2795	2791	515	
3 2796	2785	2791	
3 2824	2814	2792	
3 587	634	2792	
3 2800	2786	587	
3 2793	2800	2801	
3 2802	2794	421	
3 251	250	2794	
3 2790	2799	515	
3 2795	2799	2806	
3 2803	2796	2795	
3 2792	2785	2796	
3 2810	246	245	
3 516	2804	2798	
3 2804	516	2797	
3 2798	2804	2805	
3 2806	2799	701	
3 2795	515	2799	
3 2807	2800	587	
3 2801	2800	1773	
3 1773	346	2801	
3 2802	2801	346	
3 2802	421	2801	
3 1696	251	2802	
3 2795	2806	2808	
3 2792	2803	658	
3 2809	2804	2797	
3 2805	2804	422	
3 2812	2805	422	
3 2805	2812	2813	
3 2813	2806	701	
3 2813	2808	2806	
3 2807	587	2814	
3 728	1773	2807	
3 658	2803	2808	
3 2808	2803	2795	
3 2810	2809	2797	
3 2809	2810	2811	
3 246	2810	2797	
3 2810	245	2815	
3 517	2816	2811	
3 2818	751	2812	
3 2811	2817	422	
3 422	2817	2812	
3 2813	701	2805	
3 2823	2813	751	
3 587	2792	2814	
3 2824	2792	658	
3 245	244	2815	
3 2819	2815	244	
3 2821	517	588	
3 2817	2818	2812	
3 2811	2816	2817	
3 2818	2817	2816	
3 2816	635	2818	
3 2818	635	2825	
3 2989	244	2987	
3 588	517	2819	
3 2827	899	2823	
3 2824	2820	3167	
3 2847	2821	588	
3 2822	2821	556	
3 2836	2822	556	
3 2828	2822	754	
3 2826	2823	751	
3 2823	2826	2827	
3 658	2820	2824	
3 3167	2820	900	
3 635	2822	2828	
3 2825	792	2826	
3 2825	2826	751	
3 2829	2826	792	
3 857	2854	3320	
3 2820	899	2827	
3 2830	2828	754	
3 792	2825	2828	
3 2832	792	2830	
3 2854	2852	843	
3 2831	2830	754	
3 2830	825	2832	
3 2833	2831	754	
3 2831	793	2834	
3 2832	825	2835	
3 2829	792	2832	
3 2836	2833	754	
3 2833	704	2837	
3 2838	2834	793	
3 825	2839	2835	
3 2839	825	2834	
3 3282	3288	826	
3 2822	2836	754	
3 2836	556	2842	
3 704	2841	2840	
3 755	793	2837	
3 793	755	2838	
3 2974	755	2967	
3 2838	2839	2834	
3 3263	3282	3224	
3 2851	2840	474	
3 755	2837	2840	
3 2842	2841	704	
3 2843	2841	557	
3 2836	2842	704	
3 2844	2842	556	
3 557	2845	2843	
3 2849	2845	241	
3 2821	2847	556	
3 2844	2847	2850	
3 2845	557	2848	
3 2849	2846	2843	
3 2849	2843	2845	
3 3006	2846	240	
3 588	2988	2847	
3 2850	243	242	
3 2848	242	241	
3 557	2844	2848	
3 241	240	2849	
3 240	2846	2849	
3 2850	2847	2988	
3 242	2848	2850	
3 2968	474	558	
3 2967	648	2965	
3 857	2829	2852	
3 2852	2829	2832	
3 2853	3282	3287	
3 843	2835	2853	
3 3319	2854	843	
3 940	3320	2854	
3 2351	2855	207	
3 2855	3076	3074	
3 2859	2857	211	
3 2856	2857	2858	
3 2856	211	2857	
3 566	2861	2858	
3 2858	2861	2866	
3 210	2863	2862	
3 2859	2862	2863	
3 2864	2860	621	
3 566	2857	2860	
3 2869	566	2860	
3 2861	487	2866	
3 2867	210	209	
3 2859	211	2862	
3 2871	2868	621	
3 2868	2864	621	
3 651	2865	2869	
3 651	622	2865	
3 2876	2294	393	
3 2879	2866	487	
3 213	212	2866	
3 209	3073	3075	
3 488	2868	2871	
3 621	2863	2871	
3 488	2874	2868	
3 651	2869	2864	
3 2865	566	2869	
3 2873	2870	2865	
3 2870	2873	2876	
3 2863	2867	2871	
3 2871	2867	3077	
3 2874	2872	2868	
3 2874	2878	2872	
3 2865	622	2873	
3 622	2294	2873	
3 488	3079	2877	
3 2875	651	2878	
3 2884	2875	665	
3 622	651	2875	
3 2294	2876	2873	
3 2879	2876	393	
3 2877	2882	2881	
3 2880	2875	2878	
3 2874	2877	2878	
3 2875	2880	665	
3 393	2259	2879	
3 213	2879	2259	
3 2878	2877	2880	
3 2881	2880	2877	
3 2882	2877	623	
3 2881	2882	2883	
3 3081	623	3080	
3 2883	2882	957	
3 3168	2883	957	
3 3171	2883	971	
3 3171	665	2883	
3 2884	937	3173	
3 3174	2885	926	
3 957	2882	2885	
3 2236	2886	223	
3 2887	2886	482	
3 482	481	2887	
3 2891	2893	2895	
3 226	2890	2892	
3 2237	2888	480	
3 2237	2889	228	
3 2889	3071	3069	
3 225	2893	2891	
3 2890	2891	2892	
3 2890	225	2891	
3 2894	2892	562	
3 2888	226	2892	
3 224	2893	225	
3 2895	2887	481	
3 2896	2894	562	
3 2888	2894	480	
3 2887	2895	2893	
3 562	2897	2896	
3 562	2895	2897	
3 2896	619	2907	
3 2895	481	2897	
3 2896	2898	619	
3 2897	481	2898	
3 2898	2900	2899	
3 2901	2899	746	
3 2899	2901	2903	
3 2902	481	695	
3 746	2899	2900	
3 2904	746	2902	
3 2901	2906	2909	
3 2253	2902	695	
3 746	2900	2902	
3 786	2908	2901	
3 2901	2908	2903	
3 2905	2904	2253	
3 746	2904	2906	
3 2255	2905	2253	
3 786	2901	2909	
3 2904	2905	2906	
3 2909	2905	978	
3 2910	619	2903	
3 389	480	2907	
3 3321	3357	786	
3 2959	2914	618	
3 2905	2909	2906	
3 3453	3321	2909	
3 2911	2908	786	
3 2907	2910	2912	
3 618	2914	2915	
3 2908	2911	2913	
3 2910	2913	2912	
3 2913	2911	2915	
3 2908	2913	2910	
3 2915	2914	2913	
3 389	2912	2914	
3 2913	2914	2912	
3 2911	817	2915	
3 3219	3218	817	
3 75	1875	2917	
3 2916	2917	2918	
3 2916	75	2917	
3 2920	2918	526	
3 1877	76	2918	
3 1933	2919	432	
3 526	2917	2919	
3 526	1931	2920	
3 431	2920	1931	
3 230	3068	3070	
3 2921	2951	2948	
3 2925	2923	233	
3 2922	2923	2924	
3 2922	233	2923	
3 559	2927	2924	
3 2924	2927	2932	
3 232	2929	2928	
3 2925	2928	2929	
3 2930	2926	616	
3 559	2923	2926	
3 2935	559	2926	
3 2927	477	2932	
3 2933	2929	232	
3 2925	233	2928	
3 2929	2933	2937	
3 2937	616	2929	
3 649	2931	2935	
3 649	617	2931	
3 2939	2936	2931	
3 2947	2932	477	
3 235	234	2932	
3 232	231	2933	
3 2948	231	2921	
3 2934	2943	2940	
3 2930	2938	649	
3 649	2935	2930	
3 2931	559	2935	
3 2939	2931	617	
3 2936	2939	2942	
3 560	2937	2933	
3 2934	616	2937	
3 2934	2940	2938	
3 2945	2941	2944	
3 2939	617	2952	
3 2936	2942	477	
3 2943	2934	560	
3 2944	2941	649	
3 2969	2941	664	
3 617	649	2941	
3 2949	2942	2939	
3 477	2950	2947	
3 2951	2943	560	
3 2953	2943	478	
3 2940	708	2944	
3 2941	2945	664	
3 2944	708	2945	
3 2946	2945	708	
3 2953	2946	708	
3 3175	2970	2946	
3 477	2942	2950	
3 1821	235	2947	
3 560	2933	2948	
3 231	2948	2933	
3 2952	2949	2939	
3 388	2954	694	
3 2942	388	2950	
3 1821	2950	388	
3 2943	2951	478	
3 560	2948	2951	
3 2969	2952	617	
3 2952	2969	2971	
3 2955	2953	478	
3 2946	2953	759	
3 2949	744	2954	
3 2956	744	784	
3 2957	2955	478	
3 618	759	2955	
3 694	2954	2956	
3 744	2956	2954	
3 3072	478	2921	
3 3071	2959	561	
3 2960	2958	784	
3 2958	743	2961	
3 2914	2959	479	
3 618	2957	2959	
3 2962	2960	784	
3 2960	827	2963	
3 2963	2965	743	
3 694	2961	475	
3 2972	784	744	
3 2977	920	2973	
3 2982	2963	827	
3 794	2967	2965	
3 2966	2964	648	
3 475	2961	2964	
3 794	2965	2963	
3 648	2964	2965	
3 2966	648	2968	
3 2966	615	3108	
3 2967	794	2974	
3 2851	648	2967	
3 648	2851	2968	
3 474	2968	2851	
3 3176	664	2970	
3 913	2971	2969	
3 3176	3220	3222	
3 664	2946	2970	
3 913	2976	2971	
3 2971	2976	2972	
3 2971	2972	744	
3 2977	2972	816	
3 2978	2973	920	
3 827	2962	2973	
3 794	2963	2982	
3 2838	755	2974	
3 3224	2975	844	
3 2838	2975	826	
3 2983	913	2979	
3 2972	2976	816	
3 2972	2977	2962	
3 2977	816	2980	
3 2981	2978	920	
3 844	2975	2982	
3 3176	913	2969	
3 3322	2985	950	
3 2986	2983	2985	
3 920	2984	2981	
3 920	2980	2984	
3 2981	951	3177	
3 794	2982	2975	
3 2973	2982	827	
3 913	2983	2976	
3 2985	2983	2979	
3 2986	2984	2980	
3 962	3342	2984	
3 950	2985	2979	
3 962	2984	2986	
3 2983	2986	816	
3 962	2986	2985	
3 2850	2988	243	
3 2989	2819	244	
3 2987	243	2988	
3 2987	2988	2989	
3 588	2989	2988	
3 54	1872	2991	
3 2990	2991	2992	
3 2990	54	2991	
3 2994	2992	531	
3 1710	55	2992	
3 2995	2993	439	
3 531	2991	2993	
3 2996	2994	531	
3 1714	2994	438	
3 439	1873	2997	
3 1720	2996	598	
3 531	2995	2996	
3 598	2996	2995	
3 2997	354	2998	
3 598	2995	2997	
3 2998	354	2999	
3 1732	2998	924	
3 440	2999	354	
3 599	1893	2999	
3 50	1876	3001	
3 3000	3001	3002	
3 3000	50	3001	
3 3004	3002	532	
3 1691	51	3002	
3 1876	355	3003	
3 1890	3003	355	
3 3005	532	1890	
3 1691	3004	440	
3 599	3005	1890	
3 440	3004	3005	
3 239	3103	3105	
3 2846	3006	558	
3 259	258	3007	
3 1470	3007	258	
3 268	3009	3011	
3 3008	414	3028	
3 3012	3010	267	
3 3009	3010	3011	
3 3009	267	3010	
3 3014	3011	509	
3 3008	268	3011	
3 266	3016	3015	
3 3012	3015	3016	
3 3017	3013	581	
3 509	3010	3013	
3 3021	509	3013	
3 3008	3014	414	
3 266	2694	3016	
3 3012	267	3015	
3 3019	3016	2694	
3 581	3019	3023	
3 632	3018	3021	
3 3030	3018	632	
3 3022	3018	3024	
3 2694	415	3019	
3 415	3020	3023	
3 3023	3017	581	
3 415	2726	3020	
3 632	3021	3017	
3 3018	509	3021	
3 3024	3018	582	
3 3022	3024	3025	
3 415	3023	3019	
3 3020	3017	3023	
3 3035	3024	582	
3 3027	341	3025	
3 3027	3025	3024	
3 3028	3025	341	
3 3029	2726	657	
3 3018	3030	582	
3 3035	3027	3024	
3 341	3027	2708	
3 2705	3028	341	
3 3008	3028	1694	
3 3029	3032	3031	
3 3031	3030	3026	
3 632	3026	3030	
3 3031	3026	3029	
3 3032	3029	657	
3 3031	3034	3036	
3 3165	657	2723	
3 3034	3032	3033	
3 3178	3033	958	
3 3034	3033	928	
3 3037	3035	3036	
3 3031	3032	3034	
3 3036	582	3031	
3 874	2708	3035	
3 3037	3034	928	
3 3035	582	3036	
3 3038	3037	928	
3 874	3035	3037	
3 3227	928	3178	
3 3038	993	3343	
3 152	2261	3040	
3 3039	3040	3041	
3 3039	152	3040	
3 3043	3041	543	
3 2350	153	3041	
3 2389	3042	454	
3 543	3040	3042	
3 543	2387	3043	
3 453	3043	2387	
3 3047	3045	274	
3 3044	3045	3046	
3 3044	274	3045	
3 3049	3046	579	
3 2650	275	3046	
3 274	273	3047	
3 2703	3047	273	
3 507	3050	3052	
3 579	3045	3048	
3 3051	3049	579	
3 2650	3049	506	
3 2711	3050	507	
3 656	3050	631	
3 3051	579	3052	
3 3051	656	3053	
3 507	3052	3048	
3 3052	3050	656	
3 656	631	3054	
3 506	3053	3055	
3 3162	3054	667	
3 3055	411	2651	
3 3053	3054	3055	
3 3054	411	3055	
3 127	2210	3057	
3 3056	3057	3058	
3 3056	127	3057	
3 3059	3058	549	
3 2232	128	3058	
3 2216	3059	549	
3 2232	3059	462	
3 131	2231	3061	
3 3060	3061	3062	
3 3060	131	3061	
3 3064	3062	548	
3 2333	132	3062	
3 3065	3063	461	
3 548	3061	3063	
3 3066	3064	548	
3 2336	3064	460	
3 3067	461	372	
3 2342	3066	609	
3 548	3065	3066	
3 609	3066	3065	
3 372	2229	3067	
3 3067	2229	2349	
3 229	2889	3069	
3 3068	3069	3070	
3 3068	229	3069	
3 3072	3070	561	
3 2921	230	3070	
3 2959	3071	479	
3 561	3069	3071	
3 561	2957	3072	
3 478	3072	2957	
3 208	2855	3074	
3 3073	3074	3075	
3 3073	208	3074	
3 3077	3075	567	
3 2867	209	3075	
3 3078	3076	489	
3 567	3074	3076	
3 3079	3077	567	
3 2871	3077	488	
3 3080	489	394	
3 2877	3079	623	
3 567	3078	3079	
3 623	3079	3078	
3 3080	394	3081	
3 623	3078	3080	
3 3081	394	3082	
3 2885	3081	926	
3 490	3082	394	
3 624	2440	3082	
3 204	2419	3084	
3 3083	3084	3085	
3 3083	204	3084	
3 3087	3085	568	
3 2771	205	3085	
3 2419	395	3086	
3 2438	3086	395	
3 3088	568	2438	
3 2771	3087	490	
3 624	3088	2438	
3 490	3087	3088	
3 84	3092	3090	
3 3089	3090	3091	
3 3089	84	3090	
3 3093	3091	592	
3 1963	85	3091	
3 83	3092	84	
3 3094	2010	428	
3 592	1940	3095	
3 1963	3093	523	
3 2010	3094	3092	
3 1940	3094	428	
3 1940	1942	3095	
3 523	3095	1942	
3 161	3099	3097	
3 3096	3097	3098	
3 3096	161	3097	
3 3100	3098	603	
3 2554	162	3098	
3 160	3099	161	
3 3101	2443	450	
3 603	2396	3102	
3 2554	3100	540	
3 2443	3101	3099	
3 2396	3101	450	
3 2396	2398	3102	
3 540	3102	2398	
3 238	3106	3104	
3 3103	3104	3105	
3 3103	238	3104	
3 3107	3105	615	
3 3006	239	3105	
3 237	3106	238	
3 3108	1822	475	
3 615	2966	3109	
3 3006	3107	558	
3 1822	3108	3106	
3 2966	3108	475	
3 2966	2968	3109	
3 558	3109	2968	
3 1518	876	3111	
3 907	1519	3110	
3 907	3111	1526	
3 1518	3111	3110	
3 3180	3112	946	
3 3234	3233	3112	
3 3112	3233	803	
3 3113	980	3182	
3 1612	879	3115	
3 908	1613	3114	
3 908	3115	1620	
3 1612	3115	3114	
3 3184	3116	947	
3 3244	3243	3116	
3 3116	3243	804	
3 3117	981	3186	
3 3187	3118	808	
3 846	1678	3118	
3 3323	3119	923	
3 3119	3323	3324	
3 3121	3120	953	
3 3122	3120	952	
3 1732	3125	953	
3 3188	3121	3191	
3 952	3488	3189	
3 963	969	3122	
3 3123	969	3124	
3 1730	659	3123	
3 969	963	3124	
3 1735	3190	885	
3 3191	3125	924	
3 3121	953	3125	
3 906	3126	1776	
3 1779	3126	1775	
3 3193	3127	945	
3 3127	3193	3194	
3 3128	933	3400	
3 775	3408	3294	
3 1681	3129	1891	
3 3119	3129	985	
3 3361	3130	1892	
3 1044	3130	1042	
3 1893	3131	859	
3 1889	1895	3131	
3 3195	3132	757	
3 3196	3132	3195	
3 3197	1945	910	
3 1956	909	3133	
3 1059	1009	3134	
3 3278	1957	841	
3 2004	3135	936	
3 3381	3325	3362	
3 889	3136	2059	
3 935	2060	3136	
3 3137	935	3401	
3 779	3410	3298	
3 3138	891	3325	
3 3138	3381	3390	
3 1522	3139	929	
3 1515	3139	722	
3 3300	3140	864	
3 3140	3300	3402	
3 565	2287	3141	
3 3142	2287	938	
3 938	3201	3256	
3 979	3141	3142	
3 3144	3143	955	
3 3145	3143	954	
3 2349	3149	955	
3 3202	3144	3204	
3 3202	3489	954	
3 964	970	3145	
3 3146	970	3147	
3 2348	661	3146	
3 970	964	3147	
3 888	3147	964	
3 2063	3148	934	
3 2056	3148	735	
3 3204	3149	925	
3 3144	955	3149	
3 3205	3150	758	
3 3206	3150	3205	
3 3207	2401	912	
3 2412	911	3151	
3 1060	1010	3152	
3 3280	2413	842	
3 571	3154	3153	
3 3154	865	3155	
3 2464	3154	571	
3 865	3154	2534	
3 3155	865	3211	
3 984	3153	3155	
3 3403	2439	862	
3 3156	3444	3215	
3 2440	3157	863	
3 2437	2441	3157	
3 3158	917	3326	
3 839	3158	3327	
3 2597	3159	939	
3 3383	3329	3363	
3 3160	897	3329	
3 3160	3383	3391	
3 1616	3161	930	
3 1609	3161	727	
3 411	3162	700	
3 3212	3162	667	
3 2708	874	3163	
3 3213	3163	874	
3 922	3339	3340	
3 3340	3339	850	
3 3165	944	3166	
3 3033	657	3165	
3 2732	3166	944	
3 3214	2768	2770	
3 3330	3167	900	
3 883	931	3167	
3 3169	3168	957	
3 3170	3168	956	
3 2885	3174	957	
3 3215	3169	3217	
3 3215	3490	956	
3 965	971	3170	
3 3171	971	3172	
3 2884	665	3171	
3 971	965	3172	
3 894	3172	965	
3 2291	3173	937	
3 2294	3173	747	
3 3217	3174	926	
3 3169	957	3174	
3 3218	3175	759	
3 3219	3175	3218	
3 3220	2970	914	
3 2979	913	3176	
3 951	3223	3177	
3 3263	3223	919	
3 3225	3178	958	
3 3227	3178	994	
3 3231	3179	876	
3 946	3232	3180	
3 3232	946	3179	
3 3180	3232	3268	
3 3181	3234	3236	
3 3113	3235	980	
3 3240	3182	980	
3 720	3182	768	
3 3241	3183	879	
3 947	3242	3184	
3 3242	947	3183	
3 3184	3242	3272	
3 3185	3244	3246	
3 3117	3245	981	
3 3250	3186	981	
3 725	3186	773	
3 3331	808	834	
3 3187	921	3332	
3 3191	3121	3125	
3 859	1044	3188	
3 1032	1051	3493	
3 3122	952	3189	
3 3124	963	3190	
3 3251	3190	963	
3 1893	3191	924	
3 3188	3191	859	
3 3252	3192	882	
3 945	3253	3193	
3 3253	945	3192	
3 3193	3253	3276	
3 3333	3194	959	
3 2763	796	3194	
3 595	3195	757	
3 1858	807	3195	
3 3254	3196	807	
3 910	3132	3196	
3 3254	3277	3196	
3 3133	3199	1956	
3 3198	3284	3289	
3 3199	3198	948	
3 3198	3199	3197	
3 948	1956	3199	
3 1961	3200	1962	
3 3255	3200	3134	
3 3201	938	3404	
3 785	3414	3302	
3 3412	861	2227	
3 954	3489	3203	
3 1012	3439	3573	
3 3145	954	3203	
3 2228	3204	925	
3 3202	3204	861	
3 606	3205	758	
3 2324	810	3205	
3 3257	3206	810	
3 912	3150	3206	
3 3257	3279	3206	
3 3151	3209	2412	
3 3208	3285	3290	
3 3209	3208	949	
3 3208	3209	3207	
3 949	2412	3209	
3 2417	3210	2418	
3 3258	3210	3152	
3 3442	865	3307	
3 862	3441	3403	
3 667	631	3338	
3 3212	667	3259	
3 3038	3213	874	
3 993	3266	3343	
3 958	3166	3214	
3 2768	3214	3166	
3 3156	3215	863	
3 956	3490	3216	
3 1013	3303	3574	
3 3170	956	3216	
3 2440	3217	926	
3 3215	3217	863	
3 618	3218	759	
3 2915	817	3218	
3 3261	3219	817	
3 914	3175	3219	
3 3261	3281	3219	
3 3176	3222	2979	
3 3221	3286	3291	
3 3222	3221	950	
3 3221	3222	3220	
3 950	2979	3222	
3 3262	3223	951	
3 3224	3177	3263	
3 844	3177	3224	
3 3263	3177	3223	
3 958	3214	3264	
3 3225	3264	3226	
3 3334	3226	995	
3 994	3229	3228	
3 3228	3227	994	
3 3038	928	3227	
3 994	3226	3229	
3 3038	3228	993	
3 3334	3229	3226	
3 3228	3230	993	
3 996	3265	3229	
3 3230	3229	3265	
3 3394	876	1518	
3 3394	3437	3231	
3 3267	3232	3179	
3 3232	3267	3268	
3 3234	3112	3180	
3 3235	3233	3181	
3 960	3234	3180	
3 3181	3233	3234	
3 3235	3181	3237	
3 803	3235	3113	
3 3238	3236	960	
3 3239	3237	3181	
3 3239	3181	3236	
3 3269	832	3240	
3 3335	3238	960	
3 3238	3335	3367	
3 3236	3238	3239	
3 991	3239	3238	
3 3269	3240	980	
3 3270	766	718	
3 3395	879	1612	
3 3395	3438	3241	
3 3271	3242	3183	
3 3242	3271	3272	
3 3244	3116	3184	
3 3245	3243	3185	
3 961	3244	3184	
3 3185	3243	3244	
3 3245	3185	3247	
3 804	3245	3117	
3 3248	3246	961	
3 3249	3247	3185	
3 3249	3185	3246	
3 3273	833	3250	
3 3336	3248	961	
3 3248	3336	3368	
3 3246	3248	3249	
3 992	3249	3248	
3 3273	3250	981	
3 3274	772	726	
3 3493	963	3189	
3 3396	886	1736	
3 883	3337	1778	
3 1778	3337	3252	
3 3275	3253	3192	
3 3253	3275	3276	
3 1853	3348	807	
3 3277	3284	3198	
3 3255	3134	3278	
3 1948	3255	841	
3 3201	785	3256	
3 2254	3256	785	
3 2320	3352	810	
3 3279	3285	3208	
3 3258	3152	3280	
3 2404	3258	842	
3 3260	3259	3341	
3 922	3341	3259	
3 2691	3260	1015	
3 972	3212	3260	
3 2911	3357	817	
3 3281	3286	3221	
3 951	2984	3342	
3 990	3509	3262	
3 3263	3287	3282	
3 3224	3282	826	
3 2770	995	3264	
3 3226	3264	995	
3 3283	3345	3265	
3 3266	986	3343	
3 3230	3265	3266	
3 3283	3265	996	
3 3179	3231	3267	
3 3231	967	3267	
3 3405	3268	967	
3 3268	3405	3505	
3 3237	991	3269	
3 3344	3269	991	
3 3240	832	3270	
3 802	3270	832	
3 3183	3241	3271	
3 3241	968	3271	
3 3406	3272	968	
3 3272	3406	3507	
3 3247	992	3273	
3 3273	992	3310	
3 3250	833	3274	
3 833	3309	3308	
3 3192	3252	3275	
3 3252	966	3275	
3 3484	3276	966	
3 3428	3366	959	
3 3284	3277	3254	
3 3198	910	3277	
3 3134	1009	3278	
3 3576	3575	1089	
3 3285	3279	3257	
3 3208	912	3279	
3 3152	1010	3280	
3 3579	3578	1091	
3 3286	3281	3261	
3 3221	914	3281	
3 3287	3263	919	
3 3288	3282	2853	
3 3494	3283	996	
3 986	3266	3345	
3 3254	987	3284	
3 3289	3284	987	
3 3257	988	3285	
3 3290	3285	988	
3 3261	989	3286	
3 3291	3286	989	
3 3407	3287	919	
3 3319	843	3419	
3 2853	2839	3288	
3 2838	3288	2839	
3 3512	987	3423	
3 948	3526	3486	
3 3513	988	3425	
3 949	3527	3487	
3 3514	989	3427	
3 950	3358	3322	
3 846	3332	3373	
3 1684	3292	3347	
3 3423	3348	3293	
3 776	1854	3293	
3 3408	775	3128	
3 3294	3408	3409	
3 3295	941	3296	
3 855	3295	1955	
3 3349	3296	941	
3 3380	3362	902	
3 1052	3491	3437	
3 877	892	3297	
3 3410	779	3137	
3 3298	3410	3411	
3 837	3299	853	
3 3351	3299	867	
3 3299	3351	2194	
3 3300	3351	3374	
3 3402	860	3140	
3 3202	3412	3413	
3 3414	785	3201	
3 3302	3414	3415	
3 965	3303	894	
3 1018	3404	3583	
3 3425	3352	3304	
3 780	2318	3304	
3 3305	942	3306	
3 856	3305	2411	
3 3353	3306	942	
3 3382	3363	904	
3 3416	3307	868	
3 3442	3441	3211	
3 772	3308	805	
3 3274	833	3308	
3 833	3273	3310	
3 3309	3310	3311	
3 3430	992	3368	
3 3311	3310	1021	
3 1021	3354	3311	
3 838	2549	3311	
3 3328	3420	3454	
3 3416	998	3307	
3 1053	3492	3438	
3 880	898	3313	
3 3314	927	3315	
3 2686	3314	2678	
3 3498	3315	927	
3 3499	3315	1067	
3 2690	873	3316	
3 3417	3316	873	
3 3418	2765	851	
3 1038	1022	3317	
3 3355	2769	3317	
3 3375	3334	995	
3 3419	843	2853	
3 3376	940	3500	
3 3356	3320	940	
3 2820	3320	900	
3 3427	3357	3321	
3 786	2909	3321	
3 3358	950	3291	
3 962	3371	3342	
3 3359	923	1674	
3 3323	923	3359	
3 3360	3324	1031	
3 3324	3360	3361	
3 902	3362	3135	
3 3135	3362	3325	
3 3456	3354	3426	
3 1065	1003	3326	
3 3158	3326	3327	
3 3328	3326	1003	
3 3328	1003	3420	
3 2546	3328	3454	
3 904	3363	3159	
3 3159	3363	3329	
3 3377	900	3356	
3 3432	3474	3330	
3 834	831	3364	
3 921	3187	3331	
3 3387	921	3365	
3 3373	3332	3387	
3 3366	3333	959	
3 2763	3333	851	
3 3375	3318	3355	
3 3589	3334	1093	
3 3505	960	3268	
3 3620	3335	1096	
3 3507	961	3272	
3 3623	3336	1097	
3 883	3330	3337	
3 3460	3474	3432	
3 631	2711	3339	
3 922	3259	3338	
3 3340	850	3164	
3 922	3338	3339	
3 986	3369	3164	
3 3341	3370	3386	
3 3370	922	3340	
3 1015	3260	3341	
3 962	3322	3371	
3 990	3262	3342	
3 3164	3343	986	
3 3343	3213	3038	
3 3429	991	3367	
3 3422	1020	835	
3 3283	3494	3372	
3 3386	1015	3341	
3 3501	3556	3534	
3 1684	3347	858	
3 3292	3346	3347	
3 3533	3501	3346	
3 3293	1054	3423	
3 807	3348	3254	
3 3575	941	3278	
3 3576	3349	3575	
3 814	3350	837	
3 3424	3350	916	
3 3374	3351	867	
3 3300	2194	3351	
3 3304	1055	3425	
3 810	3352	3257	
3 3578	942	3280	
3 3579	3353	3578	
3 3426	3354	1021	
3 3456	917	3354	
3 3317	1022	3355	
3 3355	3431	3375	
3 3376	3356	940	
3 3377	3330	900	
3 3321	1056	3427	
3 817	3357	3261	
3 3497	3291	989	
3 3371	3358	1019	
3 858	3347	3388	
3 3323	3378	1031	
3 3379	1031	3378	
3 3360	1031	3379	
3 3130	3361	1042	
3 1892	866	3361	
3 3380	902	3296	
3 3434	3380	3349	
3 3382	904	3306	
3 3435	3382	3353	
3 3364	3392	3384	
3 3331	3364	3384	
3 3393	921	3384	
3 3568	3365	1118	
3 959	3276	3428	
3 3366	1038	3418	
3 3457	1064	1020	
3 991	3429	3344	
3 3458	1065	3426	
3 992	3430	3310	
3 986	3345	3385	
3 922	3370	3341	
3 3340	3369	3370	
3 3385	3370	3369	
3 3358	3371	3322	
3 990	3371	1019	
3 3385	3436	3386	
3 986	3385	3369	
3 3332	921	3387	
3 3292	3373	3346	
3 3424	3374	867	
3 3581	3374	1028	
3 3431	3355	1022	
3 1093	3334	3375	
3 3319	3500	940	
3 3500	3319	1006	
3 3356	3376	3377	
3 3432	3376	1014	
3 3359	858	3388	
3 3379	3378	1005	
3 3462	3461	3379	
3 3360	3389	1042	
3 3296	3349	3380	
3 3380	3434	3381	
3 3380	3381	3362	
3 3138	3390	1057	
3 3306	3353	3382	
3 3382	3435	3383	
3 3382	3383	3363	
3 3160	3391	1058	
3 3392	3364	852	
3 3393	3365	921	
3 3345	3372	3385	
3 3468	3523	3549	
3 3370	3385	3386	
3 3436	3385	3372	
3 3365	1004	3387	
3 3346	3387	1004	
3 3501	3347	3346	
3 1005	3378	3388	
3 3461	3389	3379	
3 1040	1042	3389	
3 3434	3390	3381	
3 3609	3502	3390	
3 3435	3391	3383	
3 3611	3503	3391	
3 3392	852	3582	
3 3393	1118	3365	
3 3384	3392	3393	
3 1118	3393	3392	
3 3437	3394	877	
3 3231	876	3394	
3 3438	3395	880	
3 3241	879	3395	
3 3251	1011	3396	
3 3504	1011	1080	
3 888	3439	3397	
3 3397	3439	3469	
3 3440	1015	3386	
3 3440	3549	3398	
3 973	2691	3399	
3 3398	3399	2691	
3 933	886	3400	
3 3504	3400	886	
3 935	889	3401	
3 3586	889	3469	
3 3510	3413	3301	
3 3301	860	3402	
3 3441	862	3211	
3 3403	3441	3443	
3 938	895	3404	
3 3583	3404	895	
3 3528	967	3491	
3 3405	3528	3506	
3 3529	968	3492	
3 3406	3529	3508	
3 3509	919	3262	
3 919	3509	3407	
3 3445	3128	3400	
3 3409	3408	1061	
3 3445	3470	1061	
3 3293	3447	1054	
3 3448	3137	3401	
3 3411	3410	1062	
3 3448	3471	1062	
3 3304	3450	1055	
3 3413	3412	3301	
3 3202	861	3412	
3 3510	3301	3402	
3 3413	1068	3489	
3 3451	3201	3404	
3 3415	3414	1063	
3 1063	1018	3452	
3 3321	3453	1056	
3 3472	3416	3312	
3 3624	3597	1121	
3 3499	873	3315	
3 872	3511	1001	
3 3418	851	3333	
3 1038	3317	3418	
3 3287	3407	3419	
3 1006	3419	3407	
3 1065	3738	1003	
3 3420	3472	3454	
3 1014	3478	3460	
3 3421	3478	3480	
3 832	3344	3422	
3 1020	3422	3344	
3 3512	3423	1054	
3 3254	3423	987	
3 916	836	3455	
3 3374	3424	1028	
3 3513	3425	1055	
3 3257	3425	988	
3 3458	1021	3430	
3 1021	3458	3426	
3 3514	3427	1056	
3 3261	3427	989	
3 3276	1070	3428	
3 3428	1070	3515	
3 3429	3367	3457	
3 1020	3344	3429	
3 3430	3368	3458	
3 1021	3310	3430	
3 3459	3431	1022	
3 1093	3375	3431	
3 3460	3432	1014	
3 3330	3377	3432	
3 3433	3461	3462	
3 1040	3461	3463	
3 3349	1007	3434	
3 3390	3434	1007	
3 3353	1008	3435	
3 3391	3435	1008	
3 3468	3372	1092	
3 1015	3440	3398	
3 877	3297	3437	
3 1052	3437	3297	
3 880	3313	3438	
3 1053	3438	3313	
3 964	3439	888	
3 3469	3587	3586	
3 3386	3436	3440	
3 3468	3436	3372	
3 3211	865	3442	
3 3441	3442	3443	
3 3307	998	3442	
3 3443	3442	998	
3 3516	3443	998	
3 3443	3517	3444	
3 3156	3403	3444	
3 3443	3444	3403	
3 3400	1016	3445	
3 3470	3445	1016	
3 3446	3539	3518	
3 3518	3447	3409	
3 974	3409	3447	
3 3518	3409	3446	
3 3401	1017	3448	
3 3471	3448	1017	
3 3449	3541	3519	
3 3519	3450	3411	
3 976	3411	3450	
3 3519	3411	3449	
3 1018	3451	3404	
3 1063	3414	3451	
3 3452	3543	3520	
3 3520	3453	3415	
3 978	3415	3453	
3 3520	3415	3452	
3 3454	918	2546	
3 3472	3420	1029	
3 3696	3455	1002	
3 1028	3424	3455	
3 1065	3456	3426	
3 3326	917	3456	
3 3367	1036	3457	
3 3585	3457	1036	
3 3368	1037	3458	
3 3458	1037	3697	
3 3459	1022	3521	
3 3459	1109	3522	
3 1014	3473	3478	
3 3460	3421	3474	
3 3462	3379	1005	
3 3461	3433	3463	
3 1005	3464	3462	
3 3462	3464	3466	
3 3433	3465	3463	
3 3467	1040	3463	
3 3534	1005	3388	
3 3466	3475	3524	
3 3433	3462	3466	
3 3467	1046	1047	
3 3464	3556	3567	
3 3466	3464	3475	
3 1046	3467	3465	
3 1045	3467	1047	
3 3468	1092	3523	
3 3440	3436	3468	
3 1012	3469	3439	
3 3401	3586	1017	
3 3470	1016	3476	
3 3446	1061	3470	
3 3471	1017	3477	
3 3449	1062	3471	
3 3416	3472	1029	
3 3312	3454	3472	
3 1014	3376	3592	
3 1102	3479	3588	
3 3252	3474	3421	
3 3330	3474	3337	
3 3475	1130	3721	
3 3524	3465	3466	
3 1016	1080	3476	
3 3831	3476	1080	
3 3587	1017	3586	
3 3832	3477	1137	
3 3479	3473	3588	
3 3479	3478	3473	
3 3481	3480	3479	
3 3478	3479	3480	
3 3479	1102	3481	
3 3252	3482	966	
3 3525	3755	3741	
3 3484	966	3483	
3 3421	3480	3482	
3 3483	3480	3481	
3 3484	3483	3481	
3 966	3482	3483	
3 3755	3481	1102	
3 3484	1070	3276	
3 870	3485	1464	
3 1025	1000	3485	
3 948	3289	3526	
3 1081	1059	3486	
3 949	3290	3527	
3 1082	1060	3487	
3 3189	3488	1045	
3 952	3188	3488	
3 3413	3489	3202	
3 1033	3489	1068	
3 3215	1069	3490	
3 3490	1069	3598	
3 3711	3491	1052	
3 967	3528	3405	
3 3716	3492	1053	
3 968	3529	3406	
3 3493	3189	1032	
3 1011	3251	3493	
3 996	3334	3589	
3 3494	1110	3590	
3 3495	3604	3562	
3 3562	3551	3526	
3 3496	3605	3563	
3 3563	3552	3527	
3 3358	3591	1019	
3 3358	3291	3497	
3 3530	3498	927	
3 3530	3553	3498	
3 3499	1067	3532	
3 3417	873	3499	
3 3535	3617	1006	
3 3376	3500	3592	
3 3533	3346	1004	
3 1005	3534	3464	
3 3658	3502	1115	
3 3712	3745	1107	
3 3661	3503	1116	
3 3717	3746	1108	
3 1011	3504	3396	
3 1080	1016	3504	
3 1096	3335	3505	
3 960	3505	3335	
3 3593	3506	1111	
3 3506	3593	3594	
3 1097	3336	3507	
3 961	3507	3336	
3 3595	3508	1112	
3 3508	3595	3596	
3 3509	3698	3535	
3 3535	1006	3407	
3 997	3581	3703	
3 1068	3413	3510	
3 3417	1027	3511	
3 3536	3511	1027	
3 3518	1054	3447	
3 3495	3512	3558	
3 3519	1055	3450	
3 3496	3513	3559	
3 3520	1056	3453	
3 3497	3514	3560	
3 3537	3515	1070	
3 3521	3546	1079	
3 3416	3516	998	
3 1069	3517	3538	
3 3443	3516	3517	
3 3538	3517	3516	
3 3446	1074	3539	
3 1054	3518	3540	
3 3449	1075	3541	
3 1055	3519	3542	
3 3452	1076	3543	
3 1056	3520	3544	
3 1038	3545	1022	
3 3515	3545	1038	
3 3547	3522	1109	
3 3589	1110	3494	
3 3638	3676	1092	
3 3561	3701	3550	
3 3721	1130	3630	
3 3758	3524	3721	
3 1079	3537	3699	
3 3545	3546	3521	
3 3562	3289	3495	
3 3289	3562	3526	
3 3563	3290	3496	
3 3290	3563	3527	
3 3491	1111	3528	
3 3506	3528	1111	
3 3492	1112	3529	
3 3508	3529	1112	
3 973	3530	927	
3 1035	3530	3399	
3 3550	3701	1035	
3 1101	3564	3554	
3 3554	3532	1067	
3 3532	3554	3564	
3 3566	3565	3533	
3 3464	3534	3556	
3 3388	3501	3534	
3 3556	3501	3533	
3 3698	3509	990	
3 3740	3535	3698	
3 3800	1027	3564	
3 1027	3800	3536	
3 3557	1070	3484	
3 3699	3537	3525	
3 3597	3538	3516	
3 3624	3598	3538	
3 1103	3558	3599	
3 1103	3495	3558	
3 3518	3539	3540	
3 3539	3599	3558	
3 3541	1075	3626	
3 1104	3496	3559	
3 3519	3541	3542	
3 3541	3602	3559	
3 1105	3560	3603	
3 3616	3560	1105	
3 3520	3543	3544	
3 3543	3603	3560	
3 3546	3515	3537	
3 1022	3545	3521	
3 3515	3546	3545	
3 3537	1079	3546	
3 1109	1079	3796	
3 3816	3547	3796	
3 1093	3522	3548	
3 3547	3548	3522	
3 3468	3549	3440	
3 3550	3549	3523	
3 3561	3550	3523	
3 1035	3398	3550	
3 1081	3551	1072	
3 3486	3526	3551	
3 1082	3552	1073	
3 3487	3527	3552	
3 3530	1035	3553	
3 1035	3531	3553	
3 1067	3531	3554	
3 3781	3531	3701	
3 3566	3555	3565	
3 3555	3569	3571	
3 3533	3565	3556	
3 3555	3567	3565	
3 3481	3557	3484	
3 3525	3537	3557	
3 3512	3540	3558	
3 3539	3558	3540	
3 3513	3542	3559	
3 3541	3559	3542	
3 3514	3544	3560	
3 3543	3560	3544	
3 3665	3676	3638	
3 3701	3531	1035	
3 3604	3495	1103	
3 1072	3551	3562	
3 3605	3496	1104	
3 1073	3552	3563	
3 3800	1101	3818	
3 3800	3773	3536	
3 3566	3533	1004	
3 3571	3572	3555	
3 3568	3566	1004	
3 3569	3566	3568	
3 3475	3567	1130	
3 3556	3565	3567	
3 3365	3568	1004	
3 3606	3568	1118	
3 1119	3570	3571	
3 3555	3566	3569	
3 3663	3675	3688	
3 3567	3572	1130	
3 1119	3571	3569	
3 3571	3570	3572	
3 3570	3688	3695	
3 3572	3570	3607	
3 3203	1033	3573	
3 3702	3573	1033	
3 3216	1034	3574	
3 3667	3574	1034	
3 3278	1009	3575	
3 1089	3575	1009	
3 3577	3576	1089	
3 1007	3349	3576	
3 3608	3577	1089	
3 3609	1115	3502	
3 3280	1010	3578	
3 1091	3578	1010	
3 3580	3579	1091	
3 1008	3353	3579	
3 3610	3580	1091	
3 3611	1116	3503	
3 3581	1028	3737	
3 3703	1068	3510	
3 852	982	3582	
3 1039	3582	982	
3 3303	1013	3583	
3 1013	3779	3704	
3 3584	3776	3637	
3 1029	3420	3614	
3 3620	3715	1036	
3 3715	3788	3585	
3 889	3586	3401	
3 3587	3469	1012	
3 3706	3587	1012	
3 3477	3587	1137	
3 3708	3473	3592	
3 3588	3785	3707	
3 3548	3589	1093	
3 996	3589	3494	
3 3638	1110	3615	
3 3372	3590	1092	
3 3616	3497	3560	
3 3591	3497	3616	
3 3500	1006	3617	
3 3617	3708	3592	
3 3618	3593	1111	
3 3593	3618	3640	
3 3619	1127	3713	
3 3594	1127	3619	
3 3621	3595	1112	
3 3595	3621	3641	
3 3622	1128	3718	
3 3596	1128	3622	
3 3416	1029	3728	
3 1029	3614	3664	
3 1069	3538	3598	
3 3538	3597	3624	
3 1074	3600	3539	
3 3599	3539	3600	
3 3476	3831	1074	
3 3600	3625	3601	
3 3786	3601	1166	
3 3709	1140	3774	
3 3626	3602	3541	
3 3602	3626	3644	
3 1076	3628	3543	
3 3603	3543	3628	
3 3709	3604	1103	
3 3604	3709	3774	
3 3710	3605	1104	
3 3605	3710	3772	
3 1118	3612	3613	
3 3606	3636	3663	
3 3630	3757	3747	
3 3572	3630	1130	
3 3631	1089	1086	
3 3632	3608	1088	
3 1007	3577	3609	
3 1115	3609	3577	
3 3633	1091	1087	
3 3634	3610	1090	
3 1008	3580	3611	
3 1116	3611	3580	
3 3612	1030	3613	
3 1118	3392	3612	
3 1030	1039	3635	
3 3663	3636	1098	
3 3584	3637	3614	
3 3614	3637	3664	
3 3700	1110	3548	
3 3523	3676	3561	
3 3655	1105	3629	
3 3591	3639	1019	
3 3775	3617	3535	
3 3708	3588	3473	
3 1111	3491	3711	
3 3680	3712	1107	
3 3619	1113	3715	
3 3620	1036	3335	
3 3594	3619	3620	
3 3620	3619	3715	
3 1112	3492	3716	
3 3684	3717	1108	
3 3720	3623	3622	
3 3623	1037	3336	
3 3596	3622	3623	
3 3720	3622	1114	
3 3624	1121	3666	
3 3598	3624	3642	
3 3914	3625	1083	
3 3601	3625	1166	
3 3645	1075	3643	
3 3644	3645	3647	
3 3647	3648	3627	
3 3710	1141	3772	
3 3651	1076	3649	
3 3649	3653	3651	
3 3653	3654	3629	
3 3629	3654	3669	
3 3607	1133	3757	
3 3475	3721	3524	
3 3656	1086	1084	
3 1088	3608	3631	
3 3677	3657	3671	
3 3502	3658	1107	
3 3659	1087	1085	
3 1090	3610	3633	
3 3681	3660	3673	
3 3503	3661	1108	
3 1043	3686	3685	
3 3674	3636	3685	
3 3606	3613	3636	
3 3635	3636	3613	
3 3776	3584	1100	
3 3664	3637	3727	
3 1110	3638	3590	
3 3615	3665	3638	
3 3616	1105	3655	
3 1126	3740	3739	
3 3722	3640	1131	
3 3713	3640	1135	
3 3723	3641	1132	
3 3718	3641	1136	
3 3666	3642	3624	
3 3642	3666	3667	
3 3832	1075	3477	
3 3811	3777	3643	
3 3645	3644	3626	
3 1104	3644	3627	
3 1075	3645	3626	
3 3777	3646	3643	
3 3646	3724	3648	
3 3644	3647	3627	
3 3645	3646	3647	
3 3648	3647	3646	
3 3724	3646	1153	
3 3724	3726	3648	
3 3783	3649	1076	
3 1138	3804	3778	
3 3651	3650	3628	
3 1105	3650	3629	
3 1076	3651	3628	
3 3778	3652	3649	
3 3652	1152	3668	
3 3650	3653	3629	
3 3651	3653	3650	
3 3654	3653	3652	
3 3668	3654	3652	
3 3731	3655	3669	
3 3655	3629	3669	
3 3639	3655	3731	
3 3670	3656	1084	
3 1088	3631	3656	
3 3657	3733	3680	
3 3671	3632	3677	
3 1115	3632	3658	
3 3671	3658	3632	
3 3672	3659	1085	
3 1090	3633	3659	
3 3660	3735	3684	
3 3673	3634	3681	
3 1116	3634	3661	
3 3673	3661	3634	
3 3686	3662	3685	
3 3662	3694	3687	
3 3663	1098	3675	
3 3606	3663	1119	
3 3727	3637	1204	
3 3516	3728	3597	
3 3615	1129	3665	
3 3665	1129	3833	
3 3666	3909	3834	
3 1121	3909	3666	
3 3779	3667	1151	
3 3574	3667	1013	
3 3729	3668	1152	
3 3729	3730	3668	
3 3730	3654	3668	
3 3730	3731	3669	
3 3802	1084	3774	
3 3678	3679	3677	
3 3677	3632	1088	
3 3671	3657	3680	
3 1085	3772	3799	
3 3682	3683	3681	
3 3681	3634	1090	
3 3673	3660	3684	
3 3685	3636	3635	
3 3687	3674	3662	
3 1098	3687	3732	
3 1133	3607	3695	
3 3561	3676	3665	
3 3523	1092	3676	
3 3670	3678	1088	
3 3677	1088	3678	
3 1157	3689	3670	
3 3678	3689	3679	
3 3678	3670	3689	
3 3690	1146	3733	
3 3657	3690	3733	
3 3680	3759	3712	
3 3672	3682	1090	
3 3681	1090	3682	
3 3691	3672	3891	
3 3682	3691	3683	
3 3682	3672	3691	
3 3692	1147	3735	
3 3660	3692	3735	
3 3684	3762	3717	
3 1043	3685	3635	
3 3662	3674	3685	
3 3693	1043	1041	
3 3694	3686	1106	
3 3662	3686	3694	
3 1098	3732	3675	
3 3695	3688	3675	
3 3570	1119	3688	
3 3939	3941	1157	
3 3689	3734	3690	
3 3657	3679	3690	
3 3689	3690	3679	
3 3691	1159	3900	
3 3691	3736	3692	
3 3660	3683	3692	
3 3691	3692	3683	
3 3780	3693	1041	
3 1106	3686	3693	
3 3849	1106	3809	
3 3694	3849	3753	
3 1133	3695	3675	
3 3607	3570	3695	
3 3705	3696	1002	
3 3696	3837	3737	
3 1037	3623	3720	
3 3738	3697	3720	
3 3739	3698	990	
3 3698	3739	3740	
3 3525	3741	3699	
3 3767	3742	3756	
3 3700	3547	3743	
3 3615	1110	3700	
3 3561	1208	3701	
3 3554	3781	1101	
3 3782	3702	1033	
3 1150	3784	3706	
3 3581	3737	3838	
3 3703	1120	3782	
3 1018	3583	3704	
3 1013	3704	3583	
3 3696	3705	1099	
3 1002	1064	3705	
3 1012	3702	3706	
3 1150	3706	3702	
3 3767	3766	1180	
3 1102	3588	3707	
3 3775	3708	3617	
3 3785	3708	1139	
3 1103	3601	3709	
3 3786	3709	3601	
3 1104	3627	3710	
3 3744	3627	3648	
3 3745	3711	1052	
3 3711	3745	3712	
3 1131	3618	3712	
3 3711	3712	3618	
3 3640	3713	1127	
3 3714	3713	1135	
3 3761	1135	3749	
3 3839	1148	3858	
3 3813	1113	3787	
3 3705	3788	1099	
3 3746	3716	1053	
3 3716	3746	3717	
3 1132	3621	3717	
3 3716	3717	3621	
3 3641	3718	1128	
3 3719	3718	1136	
3 3764	1136	3751	
3 3840	1149	3860	
3 3789	3720	1114	
3 3738	3720	1100	
3 3630	3747	3721	
3 3721	3747	3758	
3 3748	3722	1131	
3 3722	3748	3749	
3 3750	3723	1132	
3 3723	3750	3751	
3 3725	3724	1153	
3 3724	3725	3726	
3 1153	3835	3725	
3 3990	3835	1178	
3 3892	3799	3893	
3 3893	3894	3847	
3 3727	3797	3752	
3 3597	3752	1121	
3 3416	3728	3516	
3 3727	3728	3664	
3 1152	3836	3729	
3 3836	3987	3729	
3 3729	3889	3730	
3 1126	3639	3731	
3 3889	3731	3730	
3 1126	3911	3848	
3 3694	3753	3687	
3 3753	3754	3732	
3 1146	3790	3733	
3 1156	3749	3748	
3 3941	3689	1157	
3 3734	1225	3966	
3 1147	3793	3735	
3 1158	3751	3750	
3 3897	3898	3895	
3 3900	3930	3736	
3 1200	3838	3737	
3 1028	3696	3737	
3 3584	3738	1100	
3 1065	3697	3738	
3 1019	3739	990	
3 3639	1126	3739	
3 3740	3848	3803	
3 3775	1139	3708	
3 3481	3755	3525	
3 3699	3756	3742	
3 1079	3699	3742	
3 3699	3741	3756	
3 1117	3827	3816	
3 3743	3816	3827	
3 3726	3744	3648	
3 1141	3710	3744	
3 1057	3745	1052	
3 1107	3745	3502	
3 1058	3746	1053	
3 1108	3746	3503	
3 3757	3630	3607	
3 3758	3747	1134	
3 3759	3748	1131	
3 3790	3748	3733	
3 3760	3749	1156	
3 3749	3760	3761	
3 3762	3750	1132	
3 3793	3750	3735	
3 3763	3751	1158	
3 3751	3763	3764	
3 3728	3752	3597	
3 3797	3727	1204	
3 3754	1133	3675	
3 3732	3687	3753	
3 3842	3754	3910	
3 3842	3769	1133	
3 1102	3707	3755	
3 3741	3765	1167	
3 3741	1167	3756	
3 3756	1167	3767	
3 3979	3769	3994	
3 3747	3757	3768	
3 3758	1134	3798	
3 1046	3524	3758	
3 3712	3759	1131	
3 3733	3759	3680	
3 3792	3790	3791	
3 3760	3814	3869	
3 3839	3761	1163	
3 3714	1135	3761	
3 3717	3762	1132	
3 3735	3762	3684	
3 3795	3793	3794	
3 3763	3815	3875	
3 3840	3764	1165	
3 3719	1136	3764	
3 3755	3707	3765	
3 1173	3765	3707	
3 3765	1173	3766	
3 1173	3812	3841	
3 3766	3767	1167	
3 1179	3767	1180	
3 3769	3768	3757	
3 3846	3798	3863	
3 3757	1133	3769	
3 3842	1133	3754	
3 3769	3770	3768	
3 3995	3882	3979	
3 1082	1073	3771	
3 3772	3771	1073	
3 3605	3772	1073	
3 3772	1141	3799	
3 1125	1145	3801	
3 1026	3536	3773	
3 3802	3774	1140	
3 1084	1072	3774	
3 3535	3740	3775	
3 3803	3775	3740	
3 3789	3776	1100	
3 3776	1205	3903	
3 3643	3832	3811	
3 3843	3777	1171	
3 1138	3778	3649	
3 3844	3778	1170	
3 3804	3779	1151	
3 3704	3779	1138	
3 3805	3780	1041	
3 3780	1142	3807	
3 3701	1208	3781	
3 3932	1208	3908	
3 3703	3782	1033	
3 1175	3850	3845	
3 3649	3783	1138	
3 3783	1076	3452	
3 3810	3784	1150	
3 3811	1171	3777	
3 3812	3785	1139	
3 1173	3707	3785	
3 3919	1166	3917	
3 3819	3786	1222	
3 1148	1201	3787	
3 3822	1099	3788	
3 3585	3788	3705	
3 3813	3715	1113	
3 1149	1205	3789	
3 3789	1205	3776	
3 3791	3790	1146	
3 3748	3790	1156	
3 3791	1146	3734	
3 3791	3814	3792	
3 3814	3791	1162	
3 3760	1156	3792	
3 3794	3793	1147	
3 3750	3793	1158	
3 3930	1147	3736	
3 3794	3815	3795	
3 3815	3794	1164	
3 3763	1158	3795	
3 3816	3796	1117	
3 1109	3796	3547	
3 3817	3797	1204	
3 3797	3904	3909	
3 3863	1134	3770	
3 1134	3863	3798	
3 3894	1141	3744	
3 3691	3891	1159	
3 1101	3800	3564	
3 1125	3773	3800	
3 1145	1095	3801	
3 1095	3773	3801	
3 3786	3819	1140	
3 3670	1084	3802	
3 3848	3740	1126	
3 3902	1181	3812	
3 3854	1151	3834	
3 3778	3804	1170	
3 1000	3805	1041	
3 3805	1078	3806	
3 1078	3820	3806	
3 3821	3808	1142	
3 3808	3807	1142	
3 3807	3808	3809	
3 3821	1142	3806	
3 3901	3808	3821	
3 3808	1154	3809	
3 3849	1184	3753	
3 3845	3810	1150	
3 3810	3845	3850	
3 1137	3784	3811	
3 1171	3811	3784	
3 3902	3812	3803	
3 3841	3812	1181	
3 3813	3787	3822	
3 3788	3715	3813	
3 3851	3868	3871	
3 3760	3792	3814	
3 3852	3874	3877	
3 3763	3795	3815	
3 3767	3823	1117	
3 3547	3816	3743	
3 1204	3776	3903	
3 3904	3817	1207	
3 3824	3818	1101	
3 3825	3818	3824	
3 3938	3819	1222	
3 3670	3819	1157	
3 1066	3820	1078	
3 3806	3826	3821	
3 3821	3826	3828	
3 3901	3821	1172	
3 3787	1201	3822	
3 3822	1201	3855	
3 3925	3947	1179	
3 3827	3823	3829	
3 3781	3824	1101	
3 3906	3824	1219	
3 3825	1161	3907	
3 1125	3818	3825	
3 3820	1077	3826	
3 3828	3826	1077	
3 3947	3829	3823	
3 3827	3829	3830	
3 1094	3828	1077	
3 1123	1172	3828	
3 3829	4009	3853	
3 3853	3830	3829	
3 3829	3947	4009	
3 1129	3743	3830	
3 1071	3831	1080	
3 3625	3831	1083	
3 3811	3832	1137	
3 1075	3832	3643	
3 1129	3830	3853	
3 3908	1226	3932	
3 1174	3888	3881	
3 1151	3854	3804	
3 3843	1153	3777	
3 3990	3989	3835	
3 3844	1152	3778	
3 3927	1233	3889	
3 3837	1099	3822	
3 1200	3737	3837	
3 3884	3855	3866	
3 3703	3838	1120	
3 3867	3868	3870	
3 1148	3787	3858	
3 3873	3874	3876	
3 1149	3789	3860	
3 1180	3766	3841	
3 1173	3841	3766	
3 3910	3998	3842	
3 3979	3994	1209	
3 3865	1171	3850	
3 3835	1153	3843	
3 3862	3844	1170	
3 3836	1152	3844	
3 3782	1120	3845	
3 3856	1120	3838	
3 3846	1122	3864	
3 1048	3798	3846	
3 1210	3896	3726	
3 3895	1159	3891	
3 1126	3731	3911	
3 3902	3848	1176	
3 1154	3976	3809	
3 3849	3809	3976	
3 3835	3883	1178	
3 3883	3835	3865	
3 3851	3871	3872	
3 3857	3867	3870	
3 3852	3877	3878	
3 3859	3873	3876	
3 3985	1226	3908	
3 1129	3853	3833	
3 3881	3854	3834	
3 1170	3804	3854	
3 3866	3855	1201	
3 1200	3837	3855	
3 1175	3856	1203	
3 1120	3856	3845	
3 3839	3867	1148	
3 3867	3839	1163	
3 3787	3714	3858	
3 3761	3858	3714	
3 3840	3873	1149	
3 3873	3840	1165	
3 3789	3719	3860	
3 3764	3860	3719	
3 3879	3861	1181	
3 3880	3861	1183	
3 1170	3854	3881	
3 3888	3862	3881	
3 3882	3863	3770	
3 1122	3846	3863	
3 3912	3864	1122	
3 1083	1050	3864	
3 3865	3850	3883	
3 3835	3843	3865	
3 3921	3866	1201	
3 3884	1203	3856	
3 3868	3867	1163	
3 1148	3867	3857	
3 3869	3868	1163	
3 3868	3851	3870	
3 3760	3869	1163	
3 3869	3814	3871	
3 3885	3851	3872	
3 1185	3857	3870	
3 3814	1162	3871	
3 3872	3871	1162	
3 1225	3954	3965	
3 3993	3885	3872	
3 3874	3873	1165	
3 1149	3873	3859	
3 3875	3874	1165	
3 3874	3852	3876	
3 3763	3875	1165	
3 3875	3815	3877	
3 3886	3852	3878	
3 1186	3859	3876	
3 3815	1164	3877	
3 3878	3877	1164	
3 3949	3928	1164	
3 3876	3886	1186	
3 1176	3879	1181	
3 1182	1183	3879	
3 3887	3880	1183	
3 1179	1180	3880	
3 1174	3881	3834	
3 1170	3881	3862	
3 3979	3882	3770	
3 3913	1211	3912	
3 1175	3923	3850	
3 3883	3850	3923	
3 1203	3884	3866	
3 3856	1200	3884	
3 3922	3964	3993	
3 4010	3885	3993	
3 3980	3886	3878	
3 3886	3980	4017	
3 3924	3887	1183	
3 3887	1193	3925	
3 3926	3888	1174	
3 1177	3862	3888	
3 3927	3889	3729	
3 3889	1233	3911	
3 3900	1159	3898	
3 3928	3981	3982	
3 3672	3799	3891	
3 3892	3891	3799	
3 3893	3799	1141	
3 3892	3847	3895	
3 3894	3893	1141	
3 3847	3892	3893	
3 3744	3726	3894	
3 3726	3847	3894	
3 3847	3896	3895	
3 3895	3896	3897	
3 3726	3896	3847	
3 3897	3896	1210	
3 3725	3989	1210	
3 3897	3899	3898	
3 3991	3899	4023	
3 3900	3736	3691	
3 3981	3899	1221	
3 3899	3981	3983	
3 3983	3898	3899	
3 3930	3900	3890	
3 3984	3901	1172	
3 1154	3808	3901	
3 3848	3902	3803	
3 1181	3902	1176	
3 1205	3931	3903	
3 3903	3931	3951	
3 3948	3904	1207	
3 3834	3909	1174	
3 1219	3824	3905	
3 3781	3905	3824	
3 3933	3906	1219	
3 3825	3906	1161	
3 1161	3961	3907	
3 1155	1145	3907	
3 1208	3833	3908	
3 3853	3908	3833	
3 3797	3909	1121	
3 1174	3909	3904	
3 3753	1184	3910	
3 1184	3978	4040	
3 3889	3911	3731	
3 3911	1233	4060	
3 3913	1122	3882	
3 3914	3912	1211	
3 3882	1212	3913	
3 3913	1212	4012	
3 3915	3914	1211	
3 3864	3914	1083	
3 1211	3916	3917	
3 3625	3915	1166	
3 1211	3913	4012	
3 3918	1222	3919	
3 3918	3917	3916	
3 1166	3919	3786	
3 3916	1213	3918	
3 3920	3918	1213	
3 3918	3919	3917	
3 1222	3786	3919	
3 3935	3920	1213	
3 3938	3920	1223	
3 1148	3921	1201	
3 3921	1202	3943	
3 3922	3965	3962	
3 3962	3964	3922	
3 3944	3923	1175	
3 3883	3945	1178	
3 1183	1182	3924	
3 1190	3924	1182	
3 3946	3925	1193	
3 3947	3925	1199	
3 1174	3904	3948	
3 3926	1218	4013	
3 1177	3987	3836	
3 3729	3987	3927	
3 3890	3983	3981	
3 3980	1261	4017	
3 1178	4001	3990	
3 3899	3897	4023	
3 3949	3930	3890	
3 1147	3930	3794	
3 1149	3931	1205	
3 3931	1206	3951	
3 1219	3905	3932	
3 3932	3905	1208	
3 1219	3932	3952	
3 3960	3953	3933	
3 3953	1161	3906	
3 3961	3971	3934	
3 3936	3935	1213	
3 3940	1229	3954	
3 4008	3997	4005	
3 4014	4035	4027	
3 3935	3936	3937	
3 1224	3937	3936	
3 3939	3938	1223	
3 3819	3938	1157	
3 3940	3939	1223	
3 3941	3734	3689	
3 1223	3937	3940	
3 1229	3940	3937	
3 3940	3941	3939	
3 1225	3734	3941	
3 1148	3857	3942	
3 3955	3857	1185	
3 3970	3973	1202	
3 3975	3943	3973	
3 1175	1203	3944	
3 3975	1203	3943	
3 3944	3945	3923	
3 4038	4037	1216	
3 1190	3946	1193	
3 1197	1199	3946	
3 3947	1199	4009	
3 3823	1179	3947	
3 3903	3951	1207	
3 1174	3948	3926	
3 3928	3949	3890	
3 3794	3949	1164	
3 1206	3931	3950	
3 1149	3950	3931	
3 1206	4003	3951	
3 1207	3951	3957	
3 3932	1226	3952	
3 3959	1226	1230	
3 3960	3933	1232	
3 3907	3961	3934	
3 3962	3954	1229	
3 3954	3962	3965	
3 3970	1185	3967	
3 1202	3942	3955	
3 3945	3956	4001	
3 4037	3956	3945	
3 1207	3957	3948	
3 3968	3992	4003	
3 3968	3958	1186	
3 1206	3950	3958	
3 1226	3959	3952	
3 4015	3959	1230	
3 3969	3960	1232	
3 3969	3971	3960	
3 1161	3953	3961	
3 3960	3961	3953	
3 3963	1229	1224	
3 3962	3963	3964	
3 4039	3963	1224	
3 3963	1231	3964	
3 3993	1231	1249	
3 3993	3872	3922	
3 3922	1162	3965	
3 3966	1162	3791	
3 1225	3965	3966	
3 1162	3966	3965	
3 3967	1185	4010	
3 3970	3967	3972	
3 3886	4017	1186	
3 1217	3992	3968	
3 1232	4015	4029	
3 3969	3974	3971	
3 1185	3970	3955	
3 1215	3972	3967	
3 3960	3971	3961	
3 3969	4016	3974	
3 4053	1251	4038	
3 1216	3944	3975	
3 3970	3972	3973	
3 3975	3944	1203	
3 1244	1160	3974	
3 3934	3974	1160	
3 3973	3972	3975	
3 1216	3975	3972	
3 3977	3976	1154	
3 3977	3978	3976	
3 4022	1154	3984	
3 3977	1154	4022	
3 4036	4052	3977	
3 4054	3986	4040	
3 3769	3979	3770	
3 3995	3979	1209	
3 3878	3928	3980	
3 4019	3928	3982	
3 3982	3981	1221	
3 3928	3890	3981	
3 4061	1221	4024	
3 4019	3982	4020	
3 3890	3900	3983	
3 3898	3983	3900	
3 4021	1172	1189	
3 1195	4022	3984	
3 3908	3853	3985	
3 3853	1220	3985	
3 3996	1209	4004	
3 1184	3986	3998	
3 1177	3999	3987	
3 3988	1233	4000	
3 4060	4072	1182	
3 4060	3988	4072	
3 3835	3989	3725	
3 3989	3929	4023	
3 1178	3945	4001	
3 3929	3989	3990	
3 3929	3990	4045	
3 4002	4046	4045	
3 1218	3957	3992	
3 3957	3951	4003	
3 1231	3993	3964	
3 4010	3993	1249	
3 3769	3842	3994	
3 3842	3998	4006	
3 3996	3995	1209	
3 3882	3995	1212	
3 3994	4004	1209	
3 3995	3997	1212	
3 1228	4005	3996	
3 3997	3996	4005	
3 1184	3998	3910	
3 3998	3986	4004	
3 1177	3888	4013	
3 4000	4007	3988	
3 3987	3999	4000	
3 4007	4000	3999	
3 3956	4042	4002	
3 3990	4001	4045	
3 4002	1239	4024	
3 4046	3929	4045	
3 3968	4003	1206	
3 3957	4003	3992	
3 4069	3986	4054	
3 3996	4047	1228	
3 4027	4005	1228	
3 4008	3936	1213	
3 3998	4004	4006	
3 4004	3994	4006	
3 3999	1243	4007	
3 1243	4082	4025	
3 4027	4035	4005	
3 3916	4008	1213	
3 1199	1227	4009	
3 1220	4009	1227	
3 4048	1215	3967	
3 1185	3885	4010	
3 4018	4011	4017	
3 4011	4018	4031	
3 1212	4008	4012	
3 4008	3916	4012	
3 1218	4041	4026	
3 3999	1177	4013	
3 4014	4027	4034	
3 4014	4084	4039	
3 4028	4015	1230	
3 1232	4029	3969	
3 4029	4016	3969	
3 1245	1240	4016	
3 4018	4017	1261	
3 1186	4017	4011	
3 4030	4018	1261	
3 4031	4018	1248	
3 3928	4019	3980	
3 4061	3982	1221	
3 4062	4030	4020	
3 1261	4019	4020	
3 1189	1192	4021	
3 4032	4021	1192	
3 4032	4064	1195	
3 4022	4033	4036	
3 4023	3897	1210	
3 3929	3991	4023	
3 4024	4073	4061	
3 4061	1262	4020	
3 3988	4007	4025	
3 1243	4025	4007	
3 1243	4026	1256	
3 3999	4013	4026	
3 4034	4027	1228	
3 1224	4035	4014	
3 4049	4028	1230	
3 4028	4049	4050	
3 4028	4029	4015	
3 4016	4029	1245	
3 1261	4020	4030	
3 4062	4020	1262	
3 4083	4031	1248	
3 4031	1257	4055	
3 1192	1196	4032	
3 4032	4065	4064	
3 1246	4036	4051	
3 4022	4036	3977	
3 4087	1228	4047	
3 1250	4084	4085	
3 3936	4008	4035	
3 4005	4035	4008	
3 4051	4036	4033	
3 4052	4036	1246	
3 3944	4037	3945	
3 3972	4053	1216	
3 4042	4043	1239	
3 3956	4037	4038	
3 4014	4039	1224	
3 1250	4104	4086	
3 4052	4040	3978	
3 4069	4004	3986	
3 4055	4041	1217	
3 4041	1256	4026	
3 3956	4038	4042	
3 4043	4042	4038	
3 4038	1251	4043	
3 4044	1239	4056	
3 4063	1262	4077	
3 4043	4056	1239	
3 4001	4002	4045	
3 4002	4024	4046	
3 4024	3991	4046	
3 3929	4046	3991	
3 4069	4047	4004	
3 4087	4088	1280	
3 4010	1249	4048	
3 1249	4091	4059	
3 1230	1235	4049	
3 4067	1235	1236	
3 4089	4050	1237	
3 4090	4050	1259	
3 4074	4033	4066	
3 4078	4068	4074	
3 4052	1246	4070	
3 3978	3977	4052	
3 3972	1215	4053	
3 1251	4053	1215	
3 4070	4040	4052	
3 4070	4075	4079	
3 4031	4055	1217	
3 4107	1258	4100	
3 1251	4057	4056	
3 4058	4044	4056	
3 4059	1251	1215	
3 4071	4058	4057	
3 4071	4057	1252	
3 4117	4058	1253	
3 1249	4059	4048	
3 1252	4057	4059	
3 1176	4060	1182	
3 1233	3988	4060	
3 3982	4061	4020	
3 4073	4024	1239	
3 4063	4062	1262	
3 4062	4063	4092	
3 1262	4073	4077	
3 4080	4063	4077	
3 4065	4032	1196	
3 4066	1274	4074	
3 4093	4065	1196	
3 4066	4065	1274	
3 4033	4064	4066	
3 4065	4066	4064	
3 4094	4067	1236	
3 1237	4049	4067	
3 1246	4051	4068	
3 4051	4033	4074	
3 4054	1260	4069	
3 4047	4069	1260	
3 1246	4068	4075	
3 4040	4070	4054	
3 4076	4071	1252	
3 4071	4076	4178	
3 4025	1238	4072	
3 4072	1238	4111	
3 1239	4044	4073	
3 4058	4117	4044	
3 4074	1274	4078	
3 4068	4051	4074	
3 4177	4068	1284	
3 1260	4079	4081	
3 4120	1252	4091	
3 4076	4120	4116	
3 4117	4073	4044	
3 4077	4117	4080	
3 4122	4138	1274	
3 4238	1283	4158	
3 4081	4079	4075	
3 1260	4054	4079	
3 4071	4178	1253	
3 4097	4096	1267	
3 4177	4081	4075	
3 4088	4118	1280	
3 4100	4082	1243	
3 1258	4126	4101	
3 4123	1248	4092	
3 4123	4083	1248	
3 4039	4084	1250	
3 4014	4034	4084	
3 4087	4085	4034	
3 4108	4109	4110	
3 1231	4039	4086	
3 1250	4086	4039	
3 4088	4087	4047	
3 4085	4087	1280	
3 4047	1260	4088	
3 4081	4088	1260	
3 1237	4067	4105	
3 4224	1305	4213	
3 4119	4090	1259	
3 1240	1245	4090	
3 4103	4091	1249	
3 4091	4134	4120	
3 4096	4097	4063	
3 4097	4099	4092	
3 1234	4093	1196	
3 4093	1254	4122	
3 1236	4114	4115	
3 4127	4105	4094	
3 1295	4133	4106	
3 4098	4096	4080	
3 4063	4080	4096	
3 4098	4080	4095	
3 4097	1267	4099	
3 4092	4063	4097	
3 4106	4095	1295	
3 4098	4095	4106	
3 4099	1267	4139	
3 4083	4124	1257	
3 1243	1256	4100	
3 4107	1256	4055	
3 1238	4082	4101	
3 4101	4082	4100	
3 4085	1280	4102	
3 4179	4129	4102	
3 4103	1264	4134	
3 1231	4103	1249	
3 4102	4108	1250	
3 4104	1250	4108	
3 4127	4094	1272	
3 1237	4105	4144	
3 4151	1289	4235	
3 4151	4125	4139	
3 4055	1257	4107	
3 4128	4107	1257	
3 4102	4109	4108	
3 4104	4108	4110	
3 4129	4109	4102	
3 4110	4136	4135	
3 4136	4109	1277	
3 4110	4135	4134	
3 4112	4111	1238	
3 4113	4111	4112	
3 1238	4101	4112	
3 1279	4112	4101	
3 4113	1242	4114	
3 1190	4111	4113	
3 4115	4114	1242	
3 1197	4114	1236	
3 1242	4130	4147	
3 1236	4115	4094	
3 4132	4116	1307	
3 1295	4116	4133	
3 4080	4117	1253	
3 4073	4117	4077	
3 4081	1293	4118	
3 4203	4179	4118	
3 4180	4119	1259	
3 1240	4119	1273	
3 4091	4103	4134	
3 4116	4120	1307	
3 1234	1241	4121	
3 1265	4121	1241	
3 4137	4122	1254	
3 4122	4137	4138	
3 4092	4099	4123	
3 4124	4123	4099	
3 4099	4125	4140	
3 4153	4154	4237	
3 1267	4098	4139	
3 4152	4140	4125	
3 4141	4126	1258	
3 4142	4126	1292	
3 4143	4127	1272	
3 1237	4144	4089	
3 4237	1257	4124	
3 4141	4154	1292	
3 4179	4102	1280	
3 4233	4129	1314	
3 4146	4130	1279	
3 1291	4131	4147	
3 1291	4173	4172	
3 1272	4094	4131	
3 1307	4134	4135	
3 4181	4133	4132	
3 4116	4132	4133	
3 4181	4132	1334	
3 4110	4134	1264	
3 1307	4120	4134	
3 4110	4109	4136	
3 4132	1307	4135	
3 4136	1277	4148	
3 4132	4135	4136	
3 4149	1254	1265	
3 4158	4150	1269	
3 1283	4078	4138	
3 4078	1274	4138	
3 4098	4106	4139	
3 4151	4139	4106	
3 4152	4125	1348	
3 4153	4140	4152	
3 1258	4128	4141	
3 4154	4141	4128	
3 4155	4142	1292	
3 4146	4142	1298	
3 4176	1272	4172	
3 4144	4145	4089	
3 4105	4127	4144	
3 4143	4144	4127	
3 1305	4224	4143	
3 4145	4143	4224	
3 4142	4146	1279	
3 4157	4146	1298	
3 1291	4147	4130	
3 4131	4115	4147	
3 4233	4148	1277	
3 4148	4233	4234	
3 4182	1265	1270	
3 4150	4149	1269	
3 1283	4137	4150	
3 4149	4150	4137	
3 1289	4151	4106	
3 1348	4125	4151	
3 1348	4265	4210	
3 4152	4236	4153	
3 4153	1281	4154	
3 4124	4140	4153	
3 4154	4128	4237	
3 4154	1281	4159	
3 4159	4155	1292	
3 4160	1302	4161	
3 4204	4180	1259	
3 1259	4089	4156	
3 4161	4157	1298	
3 4173	1300	4169	
3 1269	4188	4241	
3 4238	1284	4078	
3 4154	4159	1292	
3 4200	4159	1281	
3 4159	4160	4155	
3 1299	1302	4160	
3 4160	4161	1298	
3 4162	4161	1302	
3 4165	1302	4163	
3 4164	4162	4165	
3 4239	4163	1302	
3 4174	1337	4175	
3 4166	4164	1297	
3 1300	4162	4164	
3 1302	4165	4162	
3 4165	4163	4167	
3 4170	1297	4168	
3 4166	1301	4169	
3 4174	4167	4163	
3 4168	4175	1303	
3 4175	1297	4167	
3 4201	4171	1303	
3 1301	4176	4172	
3 1300	4173	4157	
3 1297	4170	4166	
3 4171	4170	4168	
3 1303	4171	4168	
3 1305	4143	4176	
3 1272	4131	4172	
3 1291	4172	4131	
3 4172	4173	4169	
3 1291	4157	4173	
3 4239	4174	4163	
3 1304	4266	4282	
3 4174	4175	4167	
3 4218	4175	1337	
3 4171	4176	1301	
3 4143	1272	4176	
3 4068	4177	4075	
3 4252	1284	4238	
3 1295	4095	4178	
3 1253	4178	4095	
3 4129	4179	1314	
3 1280	4118	4179	
3 4204	1259	4156	
3 4180	1282	4205	
3 4240	4181	1334	
3 4251	4235	1289	
3 4183	4182	1270	
3 1269	4149	4182	
3 4184	4183	1270	
3 4185	4183	1290	
3 4186	1270	1266	
3 4184	1278	4187	
3 4188	4185	1290	
3 4182	4185	1269	
3 4186	1266	4189	
3 1278	4184	4186	
3 4190	4187	1278	
3 4187	4190	4191	
3 4191	1290	4187	
3 4188	1296	4241	
3 1266	14	4189	
3 4230	4217	4228	
3 4198	4192	4196	
3 4190	4198	4194	
3 4194	4199	1306	
3 4188	1290	4191	
3 4196	4192	1275	
3 4186	4192	1278	
3 4193	13	4207	
3 4193	4207	4189	
3 4197	4194	1294	
3 4194	4197	4199	
3 4253	4195	1349	
3 4188	4195	1296	
3 4196	1275	4206	
3 1294	4194	4198	
3 4264	4197	1317	
3 1294	4198	4196	
3 4190	1278	4198	
3 4197	1309	4199	
3 1349	4199	1309	
3 4210	4200	1281	
3 4200	4210	4211	
3 4212	4201	1303	
3 4213	4201	1322	
3 1293	4177	4202	
3 1284	4202	4177	
3 4202	4214	1293	
3 4214	4202	1315	
3 4220	1316	4224	
3 1282	4180	4204	
3 1282	4216	4205	
3 4216	4227	4205	
3 4207	4206	1275	
3 4207	13	4209	
3 13	4208	4209	
3 4189	4207	1275	
3 12	4243	4208	
3 4209	4206	4207	
3 4209	4208	4243	
3 4153	4236	1281	
3 1348	4210	4152	
3 4266	4211	1308	
3 4239	4211	1304	
3 4218	4212	1303	
3 4212	4218	4219	
3 4220	4213	1322	
3 4224	1316	4156	
3 4247	4225	4214	
3 4203	4214	4225	
3 4226	1324	1311	
3 1282	4204	4215	
3 1282	4215	4226	
3 4227	4216	1271	
3 4228	4217	1286	
3 4196	4217	1294	
3 4175	4218	1303	
3 4281	4218	1337	
3 1323	1342	4274	
3 4223	4215	4222	
3 4220	1322	4221	
3 1316	4220	4222	
3 1322	4219	4221	
3 4246	4221	4219	
3 4220	4221	4222	
3 4223	4222	4221	
3 4221	1324	4223	
3 1324	4215	4223	
3 4224	4213	4220	
3 4156	4145	4224	
3 4247	4214	1315	
3 1314	4250	4233	
3 1324	4226	4215	
3 4231	4229	4226	
3 4227	1271	4248	
3 4227	1247	1273	
3 4255	4243	12	
3 4230	1317	4197	
3 4231	4226	1311	
3 4232	1287	1271	
3 1317	4230	4228	
3 4197	1294	4230	
3 1311	1318	4231	
3 4232	1318	1287	
3 4229	4231	4232	
3 1318	4232	4231	
3 4250	1314	4225	
3 4233	1320	4234	
3 4262	4299	1320	
3 4259	4251	4240	
3 4251	1289	4181	
3 1308	4210	4265	
3 4152	4210	4236	
3 4210	1281	4236	
3 1257	4237	4128	
3 4124	4153	4237	
3 4158	1285	4238	
3 1285	1315	4252	
3 1302	1299	4239	
3 4211	4239	1299	
3 1334	4234	4240	
3 4288	4234	1320	
3 4241	1296	4242	
3 1269	4241	4158	
3 4253	4242	1296	
3 4242	4253	4254	
3 12	4244	4255	
3 4209	4243	1286	
3 1310	4255	4269	
3 1310	4249	4245	
3 4255	4245	4243	
3 4228	1286	4245	
3 4246	4219	1323	
3 4267	4246	4274	
3 4268	1315	4254	
3 4262	1320	4258	
3 1287	4248	1271	
3 1268	1263	4248	
3 4256	4249	1310	
3 1317	4228	4249	
3 4257	4225	4247	
3 4233	4250	4258	
3 4181	4240	4251	
3 4259	4240	1340	
3 1285	4252	4238	
3 1315	4202	4252	
3 4195	4253	1296	
3 4289	4253	1349	
3 4254	4290	4268	
3 1315	1285	4254	
3 4255	4244	4269	
3 4260	4256	1310	
3 4256	1343	4261	
3 4276	4257	4247	
3 4233	4258	1320	
3 4250	4257	4258	
3 4262	4258	4257	
3 4265	4279	1308	
3 4235	4251	4259	
3 4269	4260	1310	
3 1335	1345	4271	
3 4263	1343	1341	
3 1317	4261	4264	
3 4276	4247	4268	
3 4262	4312	4299	
3 4272	4263	1341	
3 4264	1309	4197	
3 4261	4263	4264	
3 4278	4263	4272	
3 4259	4273	4235	
3 1348	4273	4265	
3 4279	4266	1308	
3 4282	4266	1352	
3 4267	1327	4275	
3 1324	4246	4267	
3 4290	4254	1321	
3 4276	1369	4262	
3 11	4270	4277	
3 4244	11	4269	
3 4284	4270	10	
3 4277	4260	4269	
3 1345	1343	4271	
3 4256	4271	1343	
3 1359	4272	1341	
3 4280	4278	4272	
3 4259	1340	4273	
3 1340	4327	4279	
3 1323	4274	4246	
3 4274	1342	4283	
3 1330	4275	1327	
3 1326	1311	4275	
3 1369	4276	4268	
3 4262	4257	4276	
3 4277	4270	4284	
3 4263	4278	4264	
3 4272	1350	4280	
3 1340	4279	4273	
3 4266	4279	1352	
3 4289	1321	4253	
3 1309	4280	1349	
3 4293	4281	1337	
3 4281	4293	4294	
3 4323	4282	1352	
3 1337	4174	4282	
3 4287	4283	1342	
3 1339	1327	4283	
3 10	4285	4295	
3 4295	4284	10	
3 4296	1346	4295	
3 4295	1346	4286	
3 4284	4295	4286	
3 4286	1346	4316	
3 1342	4294	4301	
3 4287	4305	4298	
3 4288	1383	4327	
3 4240	4234	4288	
3 4280	1350	4289	
3 1374	4289	1350	
3 1321	4289	4291	
3 4268	4290	4292	
3 4300	4291	1374	
3 4268	4292	1369	
3 4290	4291	4292	
3 4300	4292	4291	
3 4324	1337	4282	
3 4320	4293	1370	
3 1342	4301	4287	
3 1342	1323	4294	
3 4295	4285	4296	
3 4285	9	4296	
3 4297	4296	9	
3 4303	4297	1358	
3 1346	4296	4297	
3 4304	4298	1344	
3 1333	1339	4298	
3 4312	4262	1369	
3 4288	4299	4319	
3 4300	4333	4318	
3 1369	4318	4312	
3 4294	1353	4301	
3 4305	1344	4298	
3 4302	8	1358	
3 4297	4302	1358	
3 4306	1358	1365	
3 4303	1364	4307	
3 4304	1344	4311	
3 1332	4304	1357	
3 1353	4308	4301	
3 4305	4301	4308	
3 4306	4332	4314	
3 4313	4307	1364	
3 4316	1347	1345	
3 4308	4317	4310	
3 1388	4311	4310	
3 4308	1353	4317	
3 4311	4309	4310	
3 1388	4310	1377	
3 4309	4308	4310	
3 4311	1388	1357	
3 1344	4309	4311	
3 1369	4300	4318	
3 4299	4312	4319	
3 4314	4313	1364	
3 4313	4314	4315	
3 4306	4314	1364	
3 4314	4332	4340	
3 4314	1360	4315	
3 1359	4315	1360	
3 1346	4307	4316	
3 4316	4307	4313	
3 1353	4320	4317	
3 1377	4321	1386	
3 4333	4300	1374	
3 4322	4319	4318	
3 4312	4318	4319	
3 4322	4318	1387	
3 4293	4320	1353	
3 4320	4325	4321	
3 4317	4320	4321	
3 4320	1370	4325	
3 4338	4322	1387	
3 4330	4322	1376	
3 4326	4323	1352	
3 4324	1370	4293	
3 4282	4323	4324	
3 1370	4324	4323	
3 1370	4323	4328	
3 1386	4321	4325	
3 4279	4327	1352	
3 4326	1382	4328	
3 4288	4327	1340	
3 4327	4330	4329	
3 4328	1382	4334	
3 4325	1370	4328	
3 4330	4327	1383	
3 4329	4330	4331	
3 4322	4330	1383	
3 4331	4330	1376	
3 4335	4331	1376	
3 4336	4334	1382	
3 1365	1372	4332	
3 1391	4332	1372	
3 4339	1374	1361	
3 1381	1387	4333	
3 4336	1382	4331	
3 4334	4336	4337	
3 1376	4322	4338	
3 4349	4335	4338	
3 4331	4335	4336	
3 4337	4335	1385	
3 1392	4341	4344	
3 4337	4344	4341	
3 4342	4338	1387	
3 4338	4342	4349	
3 4343	4339	1361	
3 1381	4333	4339	
3 4350	1380	1400	
3 4343	4352	1375	
3 4346	4341	1392	
3 1377	1386	4341	
3 1387	1381	4342	
3 4343	4354	1381	
3 4352	1361	1360	
3 4343	1375	4354	
3 4337	1385	4344	
3 4360	4349	4357	
3 1411	4345	1407	
3 1392	4344	4345	
3 4347	4346	1392	
3 1377	4348	1388	
3 4345	4347	1392	
3 4355	4347	1411	
3 4346	1397	4348	
3 4356	4348	1397	
3 1394	4357	4349	
3 1385	4335	4349	
3 4364	4358	4350	
3 4340	4353	4352	
3 1394	4342	4351	
3 1381	4351	4342	
3 1360	4340	4352	
3 4353	4340	4350	
3 4358	4353	4350	
3 1375	4352	4353	
3 4354	1375	4359	
3 4351	1381	4354	
3 4362	4355	1411	
3 1397	4363	4356	
3 4363	1397	4355	
3 4356	4363	4367	
3 4361	4357	1394	
3 1413	1407	4357	
3 4364	4350	1400	
3 4365	4359	1412	
3 1375	4358	4359	
3 1412	4359	4358	
3 1407	4360	4357	
3 4344	4360	4345	
3 1406	4365	4370	
3 4361	1413	4357	
3 1411	4379	4362	
3 4380	1440	4381	
3 4366	4355	4362	
3 4375	4367	4374	
3 4368	4364	1400	
3 4364	4368	4373	
3 4369	4365	1412	
3 4370	1413	4361	
3 4362	1417	4366	
3 4371	4366	1417	
3 4371	4363	4366	
3 1368	4372	1402	
3 1400	1403	4368	
3 4387	4368	1403	
3 1412	4364	4373	
3 4386	4377	4383	
3 4365	1418	4370	
3 4378	4370	1418	
3 4371	1417	4374	
3 4367	4363	4371	
3 1395	4367	4372	
3 4374	4367	4371	
3 4368	1421	4373	
3 4369	4383	4377	
3 1417	4380	4381	
3 4375	4374	4376	
3 4367	4375	4372	
3 4374	4381	4376	
3 4376	1433	4382	
3 1402	4375	4376	
3 1418	4369	4377	
3 4369	4373	4383	
3 4388	1418	4377	
3 1416	4389	1425	
3 1407	4379	1411	
3 4362	4384	4380	
3 4384	4362	4379	
3 4384	4391	4380	
3 1417	4381	4374	
3 4385	1439	4392	
3 1433	4390	4382	
3 4382	4390	4397	
3 4373	1421	4383	
3 4386	4383	1421	
3 4379	1416	4384	
3 4384	1416	4391	
3 4381	1440	4385	
3 4385	1440	4399	
3 4400	4386	1421	
3 4406	4386	1438	
3 1410	4387	1403	
3 4400	4387	1426	
3 1443	4388	4377	
3 4388	4401	4389	
3 1420	4378	4389	
3 4388	4389	4378	
3 4392	4390	1433	
3 4390	1422	4397	
3 1416	1425	4391	
3 4407	4391	1425	
3 4385	4392	1433	
3 4393	4392	1439	
3 4393	1439	4394	
3 4390	4393	1422	
3 1439	1434	4394	
3 1408	4394	1434	
3 4394	1430	4395	
3 4396	1430	1428	
3 1414	4396	1428	
3 1422	4395	4396	
3 1422	4396	4398	
3 1409	1399	4397	
3 4396	1414	4398	
3 1409	4398	1414	
3 4410	1440	4405	
3 4399	4410	4408	
3 4402	1426	1432	
3 4400	1438	4386	
3 1443	4417	4401	
3 4403	1449	1448	
3 4404	4402	1432	
3 1438	4400	4402	
3 1425	4401	4403	
3 1443	4411	4417	
3 1432	1415	4404	
3 1437	4404	1415	
3 4409	4405	1444	
3 4410	4399	1440	
3 1438	1437	4406	
3 4411	4406	1437	
3 1425	4403	4407	
3 4403	1448	4412	
3 4413	4408	1447	
3 1434	4418	4414	
3 4412	4409	1444	
3 4409	4412	4415	
3 4405	4409	4410	
3 1447	4410	4409	
3 4416	4411	1437	
3 4417	1449	4403	
3 4403	4412	4407	
3 4422	4412	1448	
3 4420	1447	4415	
3 4431	1454	4430	
3 4419	4415	1450	
3 4418	1434	4408	
3 4420	4413	1447	
3 4432	4416	1437	
3 1449	4433	1451	
3 1449	4417	4411	
3 4403	4401	4417	
3 4413	4418	4408	
3 1398	4414	4418	
3 4412	4422	1450	
3 4419	1450	4421	
3 4415	4419	4420	
3 1454	4420	4419	
3 1452	4423	4421	
3 4419	4424	1454	
3 4425	4422	1448	
3 1452	4421	4422	
3 4426	4423	1452	
3 4424	1446	1457	
3 1446	4424	4423	
3 4427	4424	1457	
3 1448	1451	4425	
3 4428	1451	1445	
3 1452	4425	4428	
3 1446	4426	314	
3 1457	1453	4427	
3 4430	1453	4429	
3 1451	4428	4425	
3 314	4428	1445	
3 1453	4430	4427	
3 4427	4430	1454	
3 4431	4430	4429	
3 1398	4431	4429	
3 4420	4431	4413	
3 4416	1401	4433	
3 1437	1415	4432	
3 4434	1401	1455	
3 4434	1455	4435	
3 1451	4433	4434	
3 312	4435	1455	
3 1435	1445	4435	
CELL_TYPES 8455
5
5
5
5
5
5
5
5
5
5
5
5
5
5
5
5
5
5
5
5
5
5
5
5
5
5
5
5
5
5
5
5
5
5
5
5
5
5
5
5
5
5
5
5
5
5
5
5
5
5
5
5
5
5
5
5
5
5
5
5
5
5
5
5
5
5
5
5
5
5
5
5
5
5
5
5
5
5
5
5
5
5
5
5
5
5
5
5
5
5
5
5
5
5
5
5
5
5
5
5
5
5
5
5
5
5
5
5
5
5
5
5
5
5
5
5
5
5
5
5
5
5
5
5
5
5
5
5
5
5
5
5
5
5
5
5
5
5
5
5
5
5
5
5
5
5
5
5
5
5
5
5
5
5
5
5
5
5
5
5
5
5
5
5
5
5
5
5
5
5
5
5
5
5
5
5
5
5
5
5
5
5
5
5
5
5
5
5
5
5
5
5
5
5
5
5
5
5
5
5
5
5
5
5
5
5
5
5
5
5
5
5
5
5
5
5
5
5
5
5
5
5
5
5
5
5
5
5
5
5
5
5
5
5
5
5
5
5
5
5
5
5
5
5
5
5
5
5
5
5
5
5
5
5
5
5
5
5
5
5
5
5
5
5
5
5
5
5
5
5
5
5
5
5
5
5
5
5
5
5
5
5
5
5
5
5
5
5
5
5
5
5
5
5
5
5
5
5
5
5
5
5
5
5
5
5
5
5
5
5
5
5
5
5
5
5
5
5
5
5
5
5
5
5
5
5
5
5
5
5
5
5
5
5
5
5
5
5
5
5
5
5
5
5
5
5
5
5
5
5
5
5
5
5
5
5
5
5
5
5
5
5
5
5
5
5
5
5
5
5
5
5
5
5
5
5
5
5
5
5
5
5
5
5
5
5
5
5
5
5
5
5
5
5
5
5
5
5
5
5
5
5
5
5
5
5
5
5
5
5
5
5
5
5
5
5
5
5
5
5
5
5
5
5
5
5
5
5
5
5
5
5
5
5
5
5
5
5
5
5
5
5
5
5
5
5
5
5
5
5
5
5
5
5
5
5
5
5
5
5
5
5
5
5
5
5
5
5
5
5
5
5
5
5
5
5
5
5
5
5
5
5
5
5
5
5
5
5
5
5
5
5
5
5
5
5
5
5
5
5
5
5
5
5
5
5
5
5
5
5
5
5
5
5
5
5
5
5
5
5
5
5
5
5
5
5
5
5
5
5
5
5
5
5
5
5
5
5
5
5
5
5
5
5
5
5
5
5
5
5
5
5
5
5
5
5
5
5
5
5
5
5
5
5
5
5
5
5
5
5
5
5
5
5
5
5
5
5
5
5
5
5
5
5
5
5
5
5
5
5
5
5
5
5
5
5
5
5
5
5
5
5
5
5
5
5
5
5
5
5
5
5
5
5
5
5
5
5
5
5
5
5
5
5
5
5
5
5
5
5
5
5
5
5
5
5
5
5
5
5
5
5
5
5
5
5
5
5
5
5
5
5
5
5
5
5
5
5
5
5
5
5
5
5
5
5
5
5
5
5
5
5
5
5
5
5
5
5
5
5
5
5
5
5
5
5
5
5
5
5
5
5
5
5
5
5
5
5
5
5
5
5
5
5
5
5
5
5
5
5
5
5
5
5
5
5
5
5
5
5
5
5
5
5
5
5
5
5
5
5
5
5
5
5
5
5
5
5
5
5
5
5
5
5
5
5
5
5
5
5
5
5
5
5
5
5
5
5
5
5
5
5
5
5
5
5
5
5
5
5
5
5
5
5
5
5
5
5
5
5
5
5
5
5
5
5
5
5
5
5
5
5
5
5
5
5
5
5
5
5
5
5
5
5
5
5
5
5
5
5
5
5
5
5
5
5
5
5
5
5
5
5
5
5
5
5
5
5
5
5
5
5
5
5
5
5
5
5
5
5
5
5
5
5
5
5
5
5
5
5
5
5
5
5
5
5
5
5
5
5
5
5
5
5
5
5
5
5
5
5
5
5
5
5
5
5
5
5
5
5
5
5
5
5
5
5
5
5
5
5
5
5
5
5
5
5
5
5
5
5
5
5
5
5
5
5
5
5
5
5
5
5
5
5
5
5
5
5
5
5
5
5
5
5
5
5
5
5
5
5
5
5
5
5
5
5
5
5
5
5
5
5
5
5
5
5
5
5
5
5
5
5
5
5
5
5
5
5
5
5
5
5
5
5
5
5
5
5
5
5
5
5
5
5
5
5
5
5
5
5
5
5
5
5
5
5
5
5
5
5
5
5
5
5
5
5
5
5
5
5
5
5
5
5
5
5
5
5
5
5
5
5
5
5
5
5
5
5
5
5
5
5
5
5
5
5
5
5
5
5
5
5
5
5
5
5
5
5
5
5
5
5
5
5
5
5
5
5
5
5
5
5
5
5
5
5
5
5
5
5
5
5
5
5
5
5
5
5
5
5
5
5
5
5
5
5
5
5
5
5
5
5
5
5
5
5
5
5
5
5
5
5
5
5
5
5
5
5
5
5
5
5
5
5
5
5
5
5
5
5
5
5
5
5
5
5
5
5
5
5
5
5
5
5
5
5
5
5
5
5
5
5
5
5
5
5
5
5
5
5
5
5
5
5
5
5
5
5
5
5
5
5
5
5
5
5
5
5
5
5
5
5
5
5
5
5
5
5
5
5
5
5
5
5
5
5
5
5
5
5
5
5
5
5
5
5
5
5
5
5
5
5
5
5
5
5
5
5
5
5
5
5
5
5
5
5
5
5
5
5
5
5
5
5
5
5
5
5
5
5
5
5
5
5
5
5
5
5
5
5
5
5
5
5
5
5
5
5
5
5
5
5
5
5
5
5
5
5
5
5
5
5
5
5
5
5
5
5
5
5
5
5
5
5
5
5
5
5
5
5
5
5
5
5
5
5
5
5
5
5
5
5
5
5
5
5
5
5
5
5
5
5
5
5
5
5
5
5
5
5
5
5
5
5
5
5
5
5
5
5
5
5
5
5
5
5
5
5
5
5
5
5
5
5
5
5
5
5
5
5
5
5
5
5
5
5
5
5
5
5
5
5
5
5
5
5
5
5
5
5
5
5
5
5
5
5
5
5
5
5
5
5
5
5
5
5
5
5
5
5
5
5
5
5
5
5
5
5
5
5
5
5
5
5
5
5
5
5
5
5
5
5
5
5
5
5
5
5
5
5
5
5
5
5
5
5
5
5
5
5
5
5
5
5
5
5
5
5
5
5
5
5
5
5
5
5
5
5
5
5
5
5
5
5
5
5
5
5
5
5
5
5
5
5
5
5
5
5
5
5
5
5
5
5
5
5
5
5
5
5
5
5
5
5
5
5
5
5
5
5
5
5
5
5
5
5
5
5
5
5
5
5
5
5
5
5
5
5
5
5
5
5
5
5
5
5
5
5
5
5
5
5
5
5
5
5
5
5
5
5
5
5
5
5
5
5
5
5
5
5
5
5
5
5
5
5
5
5
5
5
5
5
5
5
5
5
5
5
5
5
5
5
5
5
5
5
5
5
5
5
5
5
5
5
5
5
5
5
5
5
5
5
5
5
5
5
5
5
5
5
5
5
5
5
5
5
5
5
5
5
5
5
5
5
5
5
5
5
5
5
5
5
5
5
5
5
5
5
5
5
5
5
5
5
5
5
5
5
5
5
5
5
5
5
5
5
5
5
5
5
5
5
5
5
5
5
5
5
5
5
5
5
5
5
5
5
5
5
5
5
5
5
5
5
5
5
5
5
5
5
5
5
5
5
5
5
5
5
5
5
5
5
5
5
5
5
5
5
5
5
5
5
5
5
5
5
5
5
5
5
5
5
5
5
5
5
5
5
5
5
5
5
5
5
5
5
5
5
5
5
5
5
5
5
5
5
5
5
5
5
5
5
5
5
5
5
5
5
5
5
5
5
5
5
5
5
5
5
5
5
5
5
5
5
5
5
5
5
5
5
5
5
5
5
5
5
5
5
5
5
5
5
5
5
5
5
5
5
5
5
5
5
5
5
5
5
5
5
5
5
5
5
5
5
5
5
5
5
5
5
5
5
5
5
5
5
5
5
5
5
5
5
5
5
5
5
5
5
5
5
5
5
5
5
5
5
5
5
5
5
5
5
5
5
5
5
5
5
5
5
5
5
5
5
5
5
5
5
5
5
5
5
5
5
5
5
5
5
5
5
5
5
5
5
5
5
5
5
5
5
5
5
5
5
5
5
5
5
5
5
5
5
5
5
5
5
5
5
5
5
5
5
5
5
5
5
5
5
5
5
5
5
5
5
5
5
5
5
5
5
5
5
5
5
5
5
5
5
5
5
5
5
5
5
5
5
5
5
5
5
5
5
5
5
5
5
5
5
5
5
5
5
5
5
5
5
5
5
5
5
5
5
5
5
5
5
5
5
5
5
5
5
5
5
5
5
5
5
5
5
5
5
5
5
5
5
5
5
5
5
5
5
5
5
5
5
5
5
5
5
5
5
5
5
5
5
5
5
5
5
5
5
5
5
5
5
5
5
5
5
5
5
5
5
5
5
5
5
5
5
5
5
5
5
5
5
5
5
5
5
5
5
5
5
5
5
5
5
5
5
5
5
5
5
5
5
5
5
5
5
5
5
5
5
5
5
5
5
5
5
5
5
5
5
5
5
5
5
5
5
5
5
5
5
5
5
5
5
5
5
5
5
5
5
5
5
5
5
5
5
5
5
5
5
5
5
5
5
5
5
5
5
5
5
5
5
5
5
5
5
5
5
5
5
5
5
5
5
5
5
5
5
5
5
5
5
5
5
5
5
5
5
5
5
5
5
5
5
5
5
5
5
5
5
5
5
5
5
5
5
5
5
5
5
5
5
5
5
5
5
5
5
5
5
5
5
5
5
5
5
5
5
5
5
5
5
5
5
5
5
5
5
5
5
5
5
5
5
5
5
5
5
5
5
5
5
5
5
5
5
5
5
5
5
5
5
5
5
5
5
5
5
5
5
5
5
5
5
5
5
5
5
5
5
5
5
5
5
5
5
5
5
5
5
5
5
5
5
5
5
5
5
5
5
5
5
5
5
5
5
5
5
5
5
5
5
5
5
5
5
5
5
5
5
5
5
5
5
5
5
5
5
5
5
5
5
5
5
5
5
5
5
5
5
5
5
5
5
5
5
5
5
5
5
5
5
5
5
5
5
5
5
5
5
5
5
5
5
5
5
5
5
5
5
5
5
5
5
5
5
5
5
5
5
5
5
5
5
5
5
5
5
5
5
5
5
5
5
5
5
5
5
5
5
5
5
5
5
5
5
5
5
5
5
5
5
5
5
5
5
5
5
5
5
5
5
5
5
5
5
5
5
5
5
5
5
5
5
5
5
5
5
5
5
5
5
5
5
5
5
5
5
5
5
5
5
5
5
5
5
5
5
5
5
5
5
5
5
5
5
5
5
5
5
5
5
5
5
5
5
5
5
5
5
5
5
5
5
5
5
5
5
5
5
5
5
5
5
5
5
5
5
5
5
5
5
5
5
5
5
5
5
5
5
5
5
5
5
5
5
5
5
5
5
5
5
5
5
5
5
5
5
5
5
5
5
5
5
5
5
5
5
5
5
5
5
5
5
5
5
5
5
5
5
5
5
5
5
5
5
5
5
5
5
5
5
5
5
5
5
5
5
5
5
5
5
5
5
5
5
5
5
5
5
5
5
5
5
5
5
5
5
5
5
5
5
5
5
5
5
5
5
5
5
5
5
5
5
5
5
5
5
5
5
5
5
5
5
5
5
5
5
5
5
5
5
5
5
5
5
5
5
5
5
5
5
5
5
5
5
5
5
5
5
5
5
5
5
5
5
5
5
5
5
5
5
5
5
5
5
5
5
5
5
5
5
5
5
5
5
5
5
5
5
5
5
5
5
5
5
5
5
5
5
5
5
5
5
5
5
5
5
5
5
5
5
5
5
5
5
5
5
5
5
5
5
5
5
5
5
5
5
5
5
5
5
5
5
5
5
5
5
5
5
5
5
5
5
5
5
5
5
5
5
5
5
5
5
5
5
5
5
5
5
5
5
5
5
5
5
5
5
5
5
5
5
5
5
5
5
5
5
5
5
5
5
5
5
5
5
5
5
5
5
5
5
5
5
5
5
5
5
5
5
5
5
5
5
5
5
5
5
5
5
5
5
5
5
5
5
5
5
5
5
5
5
5
5
5
5
5
5
5
5
5
5
5
5
5
5
5
5
5
5
5
5
5
5
5
5
5
5
5
5
5
5
5
5
5
5
5
5
5
5
5
5
5
5
5
5
5
5
5
5
5
5
5
5
5
5
5
5
5
5
5
5
5
5
5
5
5
5
5
5
5
5
5
5
5
5
5
5
5
5
5
5
5
5
5
5
5
5
5
5
5
5
5
5
5
5
5
5
5
5
5
5
5
5
5
5
5
5
5
5
5
5
5
5
5
5
5
5
5
5
5
5
5
5
5
5
5
5
5
5
5
5
5
5
5
5
5
5
5
5
5
5
5
5
5
5
5
5
5
5
5
5
5
5
5
5
5
5
5
5
5
5
5
5
5
5
5
5
5
5
5
5
5
5
5
5
5
5
5
5
5
5
5
5
5
5
5
5
5
5
5
5
5
5
5
5
5
5
5
5
5
5
5
5
5
5
5
5
5
5
5
5
5
5
5
5
5
5
5
5
5
5
5
5
5
5
5
5
5
5
5
5
5
5
5
5
5
5
5
5
5
5
5
5
5
5
5
5
5
5
5
5
5
5
5
5
5
5
5
5
5
5
5
5
5
5
5
5
5
5
5
5
5
5
5
5
5
5
5
5
5
5
5
5
5
5
5
5
5
5
5
5
5
5
5
5
5
5
5
5
5
5
5
5
5
5
5
5
5
5
5
5
5
5
5
5
5
5
5
5
5
5
5
5
5
5
5
5
5
5
5
5
5
5
5
5
5
5
5
5
5
5
5
5
5
5
5
5
5
5
5
5
5
5
5
5
5
5
5
5
5
5
5
5
5
5
5
5
5
5
5
5
5
5
5
5
5
5
5
5
5
5
5
5
5
5
5
5
5
5
5
5
5
5
5
5
5
5
5
5
5
5
5
5
5
5
5
5
5
5
5
5
5
5
5
5
5
5
5
5
5
5
5
5
5
5
5
5
5
5
5
5
5
5
5
5
5
5
5
5
5
5
5
5
5
5
5
5
5
5
5
5
5
5
5
5
5
5
5
5
5
5
5
5
5
5
5
5
5
5
5
5
5
5
5
5
5
5
5
5
5
5
5
5
5
5
5
5
5
5
5
5
5
5
5
5
5
5
5
5
5
5
5
5
5
5
5
5
5
5
5
5
5
5
5
5
5
5
5
5
5
5
5
5
5
5
5
5
5
5
5
5
5
5
5
5
5
5
5
5
5
5
5
5
5
5
5
5
5
5
5
5
5
5
5
5
5
5
5
5
5
5
5
5
5
5
5
5
5
5
5
5
5
5
5
5
5
5
5
5
5
5
5
5
5
5
5
5
5
5
5
5
5
5
5
5
5
5
5
5
5
5
5
5
5
5
5
5
5
5
5
5
5
5
5
5
5
5
5
5
5
5
5
5
5
5
5
5
5
5
5
5
5
5
5
5
5
5
5
5
5
5
5
5
5
5
5
5
5
5
5
5
5
5
5
5
5
5
5
5
5
5
5
5
5
5
5
5
5
5
5
5
5
5
5
5
5
5
5
5
5
5
5
5
5
5
5
5
5
5
5
5
5
5
5
5
5
5
5
5
5
5
5
5
5
5
5
5
5
5
5
5
5
5
5
5
5
5
5
5
5
5
5
5
5
5
5
5
5
5
5
5
5
5
5
5
5
5
5
5
5
5
5
5
5
5
5
5
5
5
5
5
5
5
5
5
5
5
5
5
5
5
5
5
5
5
5
5
5
5
5
5
5
5
5
5
5
5
5
5
5
5
5
5
5
5
5
5
5
5
5
5
5
5
5
5
5
5
5
5
5
5
5
5
5
5
5
5
5
5
5
5
5
5
5
5
5
5
5
5
5
5
5
5
5
5
5
5
5
5
5
5
5
5
5
5
5
5
5
5
5
5
5
5
5
5
5
5
5
5
5
5
5
5
5
5
5
5
5
5
5
5
5
5
5
5
5
5
5
5
5
5
5
5
5
5
5
5
5
5
5
5
5
5
5
5
5
5
5
5
5
5
5
5
5
5
5
5
5
5
5
5
5
5
5
5
5
5
5
5
5
5
5
5
5
5
5
5
5
5
5
5
5
5
5
5
5
5
5
5
5
5
5
5
5
5
5
5
5
5
5
5
5
5
5
5
5
5
5
5
5
5
5
5
5
5
5
5
5
5
5
5
5
5
5
5
5
5
5
5
5
5
5
5
5
5
5
5
5
5
5
5
5
5
5
5
5
5
5
5
5
5
5
5
5
5
5
5
5
5
5
5
5
5
5
5
5
5
5
5
5
5
5
5
5
5
5
5
5
5
5
5
5
5
5
5
5
5
5
5
5
5
5
5
5
5
5
5
5
5
5
5
5
5
5
5
5
5
5
5
5
5
5
5
5
5
5
5
5
5
5
5
5
5
5
5
5
5
5
5
5
5
5
5
5
5
5
5
5
5
5
5
5
5
5
5
5
5
5
5
5
5
5
5
5
5
5
5
5
5
5
5
5
5
5
5
5
5
5
5
5
5
5
5
5
5
5
5
5
5
5
5
5
5
5
5
5
5
5
5
5
5
5
5
5
5
5
5
5
5
5
5
5
5
5
5
5
5
5
5
5
5
5
5
5
5
5
5
5
5
5
5
5
5
5
5
5
5
5
5
5
5
5
5
5
5
5
5
5
5
5
5
5
5
5
5
5
5
5
5
5
5
5
5
5
5
5
5
5
5
5
5
5
5
5
5
5
5
5
5
5
5
5
5
5
5
5
5
5
5
5
5
5
5
5
5
5
5
5
5
5
5
5
5
5
5
5
5
5
5
5
5
5
5
5
5
5
5
5
5
5
5
5
5
5
5
5
5
5
5
5
5
5
5
5
5
5
5
5
5
5
5
5
5
5
5
5
5
5
5
5
5
5
5
5
5
5
5
5
5
5
5
5
5
5
5
5
5
5
5
5
5
5
5
5
5
5
5
5
5
5
5
5
5
5
5
5
5
5
5
5
5
5
5
5
5
5
5
5
5
5
5
5
5
5
5
5
5
5
5
5
5
5
5
5
5
5
5
5
5
5
5
5
5
5
5
5
5
5
5
5
5
5
5
5
5
5
5
5
5
5
5
5
5
5
5
5
5
5
5
5
5
5
5
5
5
5
5
5
5
5
5
5
5
5
5
5
5
5
5
5
5
5
5
5
5
5
5
5
5
5
5
5
5
5
5
5
5
5
5
5
5
5
5
5
5
5
5
5
5
5
5
5
5
5
5
5
5
5
5
5
5
5
5
5
5
5
5
5
5
5
5
5
5
5
5
5
5
5
5
5
5
5
5
5
5
5
5
5
5
5
5
5
5
5
5
5
5
5
5
5
5
5
5
5
5
5
5
5
5
5
5
5
5
5
5
5
5
5
5
5
5
5
5
5
5
5
5
5
5
5
5
5
5
5
5
5
5
5
5
5
5
5
5
5
5
5
5
5
5
5
5
5
5
5
5
5
5
5
5
5
5
5
5
5
5
5
5
5
5
5
5
5
5
5
5
5
5
5
5
5
5
5
5
5
5
5
5
5
5
5
5
5
5
5
5
5
5
5
5
5
5
5
5
5
5
5
5
5
5
5
5
5
5
5
5
5
5
5
5
5
5
5
5
5
5
5
5
5
5
5
5
5
5
5
5
5
5
5
5
5
5
5
5
5
5
5
5
5
5
5
5
5
5
5
5
5
5
5
5
5
5
5
5
5
5
5
5
5
5
5
5
5
5
5
5
5
5
5
5
5
5
5
5
5
5
5
5
5
5
5
5
5
5
5
5
5
5
5
5
5
5
5
5
5
5
5
5
5
5
5
5
5
5
5
5
5
5
5
5
5
5
5
5
5
5
5
5
5
5
5
5
5
5
5
5
5
5
5
5
5
5
5
5
5
5
5
5
5
5
5
5
5
5
5
5
5
5
5
5
5
5
5
5
5
5
5
5
5
5
5
5
5
5
5
5
5
5
5
5
5
5
5
5
5
5
5
5
5
5
5
5
5
5
5
5
5
5
5
5
5
5
5
5
5
5
5
5
5
5
5
5
5
5
5
5
5
5
5
5
5
5
5
5
5
5
5
5
5
5
5
5
5
5
5
5
5
5
5
5
5
5
5
5
5
5
5
5
5
5
5
5
5
5
5
5
5
5
5
5
5
5
5
5
5
5
5
5
5
5
5
5
5
5
5
5
5
5
5
5
5
5
5
5
5
5
5
5
5
5
5
5
5
5
5
5
5
5
5
5
5
5
5
5
5
5
5
5
5
5
5
5
5
5
5
5
5
5
5
5
5
5
5
5
5
5
5
5
5
5
5
5
5
5
5
5
5
5
5
5
5
5
5
5
5
5
5
5
5
5
5
5
5
5
5
5
5
5
5
5
5
5
5
5
5
5
5
5
5
5
5
5
5
5
5
5
5
5
5
5
5
5
5
5
5
5
5
5
5
5
5
5
5
5
5
5
5
5
5
5
5
5
5
5
5
5
5
5
5
5
5
5
5
5
5
5
5
5
5
5
5
5
5
5
5
5
5
5
5
5
5
5
5
5
5
5
5
5
5
5
5
5
5
5
5
5
5
5
5
5
5
5
5
5
5
5
5
5
5
5
5
5
5
5
5
5
5
5
5
5
5
5
5
5
5
5
5
5
5
5
5
5
5
5
5
5
5
5
5
5
5
5
5
5
5
5
5
5
5
5
5
5
5
5
5
5
5
5
5
5
5
5
5
5
5
5
5
5
5
5
5
5
5
5
5
5
5
5
5
5
5
5
5
5
5
5
5
5
5
5
5
5
5
5
5
5
5
5
5
5
5
5
5
5
5
5
5
5
5
5
5
5
5
5
5
5
5
5
5
5
5
5
5
5
5
5
5
5
5
5
5
5
5
5
5
5
5
5
5
5
5
5
5
5
5
5
5
5
5
5
5
5
5
5
5
5
5
5
5
5
5
5
5
5
5
5
5
5
5
5
5
5
5
5
5
5
5
5
5
5
5
5
5
5
5
5
5
5
5
5
5
5
5
5
5
5
5
5
5
5
5
5
5
5
5
5
5
5
5
5
5
5
5
5
5
5
5
5
5
5
5
5
5
5
5
5
5
5
5
5
5
5
5
5
5
5
5
5
5
5
5
5
5
5
5
5
5
5
5
5
5
5
5
5
5
5
5
5
5
5
5
5
5
5
5
5
5
5
5
5
5
5
5
5
5
5
5
5
5
5
5
5
5
5
5
5
5
5
5
5
5
5
5
5
5
5
5
5
5
5
5
5
5
5
5
5
5
5
5
5
5
5
5
5
5
5
5
5
5
5
5
5
5
5
5
5
5
5
5
5
5
5
5
5
5
5
5
5
5
5
5
5
5
5
5
5
5
5
5
5
5
5
5
5
5
5
5
5
5
5
5
5
5
5
5
5
5
5
5
5
5
5
5
5
5
5
5
5
5
5
5
5
5
5
5
5
5
5
5
5
5
5
5
5
5
5
5
5
5
5
5
5
5
5
5
5
5
5
5
5
5
5
5
5
5
5
5
5
5
5
5
5
5
5
5
5
5
5
5
5
5
5
5
5
5
5
5
5
5
5
5
5
5
5
5
5
5
5
5
5
5
5
5
5
5
5
5
5
5
5
5
5
5
5
5
5
5
5
5
5
5
5
5
5
5
5
5
5
5
5
5
5
5
5
5
5
5
5
5
5
5
5
5
5
5
5
5
5
5
5
5
5
5
5
5
5
5
5
5
5
5
5
5
5
5
5
5
5
5
5
5
5
5
5
5
5
5
5
5
5
5
5
5
5
5
5
5
5
5
5
5
5
5
5
5
5
5
5
5
5
5
5
5
5
5
5
5
5
5
5
5
5
5
5
5
5
5
5
5
5
5
5
5
5
5
5
5
5
5
5
5
5
5
5
5
5
5
5
5
5
5
5
5
5
5
5
5
5
5
5
5
5
5
5
5
5
5
5
5
5
5
5
5
5
5
5
5
5
5
5
5
5
5
5
5
5
5
5
5
5
5
5
5
5
5
5
5
5
5
5
5
5
5
5
5
5
5
5
5
5
5
5
5
5
5
5
5
5
5
5
5
5
5
5
5
5
5
5
5
5
5
5
5
5
5
5
5
5
5
5
5
5
5
5
5
5
5
5
5
5
5
5
5
5
5
5
5
5
5
5
5
5
5
5
5
5
5
5
5
5
5
5
5
5
5
5
5
5
5
5
5
5
5
5
5
5
5
5
5
5
5
5
5
5
5
5
5
5
5
5
5
5
5
5
5
5
5
5
5
5
5
5
5
5
5
5
5
5
5
5
5
5
5
5
5
5
5
5
5
5
5
5
5
5
5
5
5
5
5
5
5
5
5
5
5
5
5
5
5
5
5
5
5
5
5
5
5
5
5
5
5
5
5
5
5
5
5
5
5
5
5
5
5
5
5
5
5
5
5
5
5
5
5
5
5
5
5
5
5
5
5
5
5
5
5
5
5
5
5
5
5
5
5
5
5
5
5
5
5
5
5
5
5
5
5
5
5
5
5
5
5
5
5
5
5
5
5
5
5
5
5
5
5
5
5
5
5
5
5
5
5
5
5
5
5
5
5
5
5
5
5
5
5
5
5
5
5
5
5
5
5
5
5
5
5
5
5
5
5
5
5
5
5
5
5
5
5
5
5
5
5
5
5
5
5
5
5
5
5
5
5
5
5
5
5
5
5
5
5
5
5
5
5
5
5
5
5
5
5
5
5
5
5
5
5
5
5
5
5
5
5
5
5
5
5
5
5
5
5
5
5
5
5
5
5
5
5
5
5
5
5
5
5
5
5
5
5
5
5
5
5
5
5
5
5
5
5
5
5
5
5
5
5
5
5
5
5
5
5
5
5
5
5
5
5
5
5
5
5
5
5
5
5
5
5
5
5
5
5
5
5
5
5
5
5
5
5
5
5
5
5
5
5
5
5
5
5
5
5
5
5
5
5
5
5
5
5
5
5
5
5
5
5
5
5
5
5
5
5
5
5
5
5
5
5
5
5
5
5
5
5
5
5
5
5
5
5
5
5
5
5
5
5
5
5
5
5
5
5
5
5
5
5
5
5
5
5
5
5
5
5
5
5
5
5
5
5
5
5
5
5
5
5
5
5
5
5
5
5
5
5
5
5
5
5
5
5
5
5
5
5
5
5
5
5
5
5
5
5
5
5
5
5
5
5
5
5
5
5
5
5
5
5
5
5
5
5
5
5
5
5
5
5
5
5
5
5
5
5
5
5
5
5
5
5
5
5
5
5
5
5
5
5
5
5
5
5
5
5
5
5
5
5
5
5
5
5
5
5
5
5
5
5
5
5
5
5
5
5
5
5
5
5
5
5
5
5
5
5
5
5
5
5
5
5
5
5
5
5
5
5
5
5
5
5
5
5
5
5
5
5
5
5
5
5
5
5
5
5
5
5
5
5
5
5
5
5
5
5
5
5
5
5
5
5
5
5
5
5
5
5
5
5
5
5
5
5
5
5
5
5
5
5
5
5
5
5
5
5
5
5
5
5
5
5
5
5
5
5
5
5
5
5
5
5
5
5
5
5
5
5
5
5
5
5
5
5
5
5
5
5
5
5
5
5
5
5
5
5
5
5
5
5
5
5
5
5
5
5
5
5
5
5
5
5
5
5
5
5
5
5
5
5
5
5
5
5
5
5
5
5
5
5
5
5
5
5
5
5
5
5
5
5
5
5
5
5
5
5
5
5
5
5
5
5
5
5
5
5
5
5
5
5
5
5
5
5
5
5
5
5
5
5
5
5
5
5
5
5
5
5
5
5
5
5
5
5
5
5
5
5
5
5
5
5
5
5
5
5
5
5
5
5
5
5
5
5
5
5
5
5
5
5
5
5
5
5
5
5
5
5
5
5
5
5
5
5
5
5
5
5
5
5
5
5
5
5
5
5
5
5
5
5
5
5
5
5
5
5
5
5
5
5
5
5
5
5
5
5
5
5
5
5
5
5
5
5
5
5
5
5
5
5
5
5
5
5
5
5
5
5
5
5
5
5
5
5
5
5
5
5
5
5
5
5
5
5
5
5
5
5
5
5
5
5
5
5
5
5
5
5
5
5
5
5
5
5
5
5
5
5
5
5
5
5
5
5
5
5
5
5
5
5
5
5
5
5
5
5
5
5
5
5
5
5
5
5
5
5
5
5
5
5
5
5
5
5
5
5
5
5
5
5
5
5
5
5
5
5
5
5
5
5
5
5
5
5
5
5
5
5
5
5
5
5
5
5
5
5
5
5
5
5
5
5
5
5
5
5
5
5
5
5
5
5
5
5
5
5
5
5
5
5
5
5
5
5
5
5
5
5
5
5
5
5
5
5
5
5
5
5
5
5
5
5
5
5
5
5
5
5
5
5
5
5
5
5
5
5
5
5
5
5
5
5
5
5
5
5
5
5
5
5
5
5
5
5
5
5
5
5
5
5
5
5
5
5
5
5
5
5
5
5
5
5
5
5
5
5
5
5
5
5
5
5
5
5
5
5
5
5
5
5
5
5
5
5
5
5
5
5
5
5
5
5
5
5
5
5
5
5
5
5
5
5
5
5
5
5
5
5
5
5
5
5
5
5
5
5
5
5
5
5
5
5
5
5
5
5
5
5
5
5
5
5
5
5
5
5
5
5
5
5
5
5
5
5
5
5
5
5
5
5
5
5
5
5
5
5
5
5
5
5
5
5
5
5
5
5
5
5
5
5
5
5
5
5
5
5
5
5
5
5
5
5
5
5
5
5
5
5
5
5
5
5
5
5
5
5
5
5
5
5
5
5
5
5
5
5
5
5
5
5
5
5
5
5
5
5
5
5
5
5
5
5
5
5
5
5
5
5
5
5
5
5
5
5
5
5
5
5
5
5
5
5
5
5
5
5
5
5
5
5
5
5
5
5
5
5
5
5
5
5
5
5
5
5
5
5
5
5
5
5
5
5
5
5
5
5
5
5
5
5
5
5
5
5
5
5
5
5
5
5
5
5
5
5
5
5
5
5
5
5
5
5
5
5
5
5
5
5
5
5
5
5
5
5
5
5
5
5
5
5
5
5
5
5
5
5
5
5
5
5
5
5
5
5
5
5
5
5
5
5
5
5
5
5
5
5
5
5
5
5
5
5
5
5
5
5
5
5
5
5
5
5
5
5
5
5
5
5
5
5
5
5
5
5
5
5
5
5
5
5
5
5
5
5
5
5
5
5
5
5
5
5
5
5
5
5
5
5
5
5
5
5
5
5
5
5
5
5
5
5
5
5
5
5
5
5
5
5
5
5
5
5
5
5
5
5
5
5
5
5
5
5
5
5
5
5
5
5
5
5
5
5
5
5
5
5
5
5
5
5
5
5
5
5
5
5
5
5
5
5
5
5
5
5
5
5
5
5
5
5
5
5
5
5
5
5
5
5
5
5
5
5
5
5
5
5
5
5
5
5
5
5
5
5
5
5
5
5
5
5
5
5
5
5
5
5
5
5
5
5
5
5
5
5
5
5
5
5
5
5
5
5
5
5
5
5
5
5
5
5
5
5
5
5
5
5
5
5
5
5
5
5
5
5
5
5
5
5
5
5
5
5
5
5
5
5
5
5
5
5
5
5
5
5
5
5
5
5
5
5
5
5
5
5
5
5
5
5
5
5
5
5
5
5
5
5
5
5
5
5
5
5
5
5
5
5
5
5
5
5
5
5
5
5
5
5
5
5
5
5
5
5
5
5
5
5
5
5
5
5
5
5
5
5
5
5
5
5
5
5
5
5
5
5
5
5
5
5
5
5
5
5
5
5
5
5
5
5
5
5
5
5
5
5
5
5
5
5
5
5
5
5
5
5
5
5
5
5
5
5
5
5
5
5
5
5
5
5
5
5
5
5
5
5
5
5
5
5
5
5
5
5
5
5
5
5
5
5
5
5
5
5
5
5
5
5
5
5
5
5
5
5
5
5
5
5
5
5
5
5
5
5
5
5
5
5
5
5
5
5
5
5
5
5
5
5
5
5
5
5
5
5
5
5
5
5
5
5
5
5
5
5
5
5
5
5
5
5
5
5
5
5
5
5
5
5
5
5
5
5
5
5
5
5
5
5
5
5
5
5
5
5
5
5
5
5
5
5
5
5
5
5
5
5
5
5
5
5
5
5
5
5
5
5
5
5
5
5
5
5
5
5
5
5
5
5
5
5
5
5
5
5
5
5
5
5
5
5
5
5
5
5
5
5
5
5
5
5
5
5
5
5
5
5
5
5
5
5
5
5
5
5
5
5
5
5
5
5
5
5
5
5
5
5
5
5
5
5
5
5
5
5
5
5
5
5
5
5
5
5
5
5
5
5
5
5
5
5
5
5
5
5
5
5
5
5
5
5
5
5
5
5
5
5
5
5
5
5
5
5
5
5
5
5
5
5
5
5
5
5
5
5
5
5
5
5
5
5
5
5
5
5
5
5
5
5
5
5
5
5
5
5
5
5
5
5
5
5
5
5
5
5
5
5
5
5
5
5
5
5
5
5
5
5
5
5
5
5
5
5
5
5
5
5
5
5
5
5
5
5
5
5
5
5
5
5
5
5
5
5
5
5
5
5
5
5
5
5
5
5
5
5
5
5
5
5
5
5
5
5
5
5
5
5
5
5
5
5
5
5
5
5
5
5
5
5
5
5
5
5
5
5
5
5
5
5
5
5
5
5
5
5
5
5
5
5
5
5
5
5
5
5
5
5
5
5
5
5
5
5
5
5
5
5
5
5
5
5
5
5
5
5
5
5
5
5
5
5
5
5
5
5
5
5
5
5
5
5
5
5
5
5
5
5
5
5
5
5
5
5
5
5
5
5
5
5
5
5
5
5
5
5
5
5
5
5
5
5
5
5
5
5
5
5
5
5
5
5
5
5
5
5
5
5
5
5
5
5
5
5
5
5
5
5
5
5
5
5
5
5
5
5
5
5
5
5
5
5
5
5
5
5
5
5
5
5
5
5
5
5
5
5
5
5
5
5
5
5
5
5
5
5
5
5
5
5
5
5
5
5
5
5
5
5
5
5
5
5
5
5
5
5
5
5
5
5
5
5
5
5
5
5
5
5
5
5
5
5
5
5
5
5
5
5
5
5
5
5
5
5
5
5
5
5
5
5
5
5
5
5
5
5
5
5
5
5
5
5
5
5
5
5
5
5
5
5
5
5
5
5
5
5
5
5
5
5
5
5
5
5
5
5
5
5
5
5
5
5
5
5
5
5
5
5
5
5
5
5
5
5
5
5
5
5
5
5
5
5
5
5
5
5
5
5
5
5
5
5
5
5
5
5
5
5
5
5
5
5
5
5
5
5
5
5
5
5
5
5
5
5
5
5
5
5
5
5
5
5
5
5
5
5
5
5
5
5
5
5
5
5
5
5
5
5
5
5
5
5
5
5
5
5
5
5
5
5
5
5
5
5
5
5
5
5
5
5
5
5
5
5
5
5
5
5
5
5
5
5
5
5
5
5
5
5
5
5
5
5
5
5
5
5
5
5
5
5
5
5
5
5
5
5
5
5
5
5
5
5
5
5
5
5
5
5
5
5
5
5
5
5
5
5
5
5
5
5
5
5
5
5
5
5
5
5
5
5
5
5
5
5
5
5
5
5
5
5
5
5
5
5
5
5
5
5
5
5
5
5
5
5
5
5
5
5
5
5
5
5
5
5
5
5
5
5
5
5
5
5
5
5
5
5
5
5
5
5
5
5
5
5
5
5
5
5
5
5
5
5
5
5
5
5
5
5
5
5
5
5
5
5
5
5
5
5
5
5
5
5
5
5
5
5
5
5
5
5
5
5
5
5
5
5
5
5
5
5
5
5
5
5
5
5
5
5
5
5
5
5
5
5
5
5
5
5
5
5
5
5
5
5
5
5
5
5
5
5
5
5
5
5
5
5
5
5
5
5
5
5
5
5
5
5
5
5
5
5
5
5
5
5
5
5
5
5
5
5
5
5
5
5
5
5
5
5
5
5
5
5
5
5
5
5
5
5
5
5
5
5
5
5
5
5
5
5
5
5
5
5
5
5
5
5
5
5
5
5
5
5
5
5
5
5
5
5
5
5
5
5
5
5
5
5
5
5
5
5
5
5
5
5
5
5
5
5
5
5
5
5
5
5
5
5
5
5
5
5
5
5
5
5
5
5
5
5
5
5
5
5
5
5
5
5
5
5
5
5
5
5
5
5
5
5
5
5
5
5
5
5
5
5
5
5
5
5
5
5
5
5
5
5
5
5
5
5
5
5
5
5
5
5
5
5
5
5
5
5
5
5
5
5
5
5
5
5
5
5
5
5
5
5
5
5
5
5
5
5
5
5
5
5
5
5
5
5
5
5
5
5
5
5
5
5
5
5
5
5
5
5
5
5
5
5
5
5
5
5
5
5
5
5
5
5
5
5
5
5
5
5
5
5
5
5
5
5
5
5
5
5
5
5
5
5
5
5
5
5
5
5
5
5
5
5
5
5
5
5
5
5
5
5
5
5
5
5
5
5
5
5
5
5
5
5
5
5
5
5
5
5
5
5
5
5
5
5
5
5
5
5
5
5
5
5
5
5
5
5
5
5
5
5
5
5
5
5
5
5
5
5
5
5
5
5
5
5
5
5
5
5
5
5
5
5
5
5
5
5
5
5
5
5
5
5
5
5
5
5
5
5
5
5
5
5
5
5
5
5
5
5
5
5
5
5
5
5
5
5
5
5
5
5
5
5
5
5
5
5
5
5
5
5
5
5
5
5
5
5
5
5
5
5
5
5
5
5
5
5
5
5
5
5
5
5
5
5
5
5
5
5
5
5
5
5
5
5
5
5
5
5
5
5
5
5
5
5
5
5
5
5
5
5
5
5
5
5
5
5
5
5
5
5
5
5
5
5
5
5
5
5
5
5
5
5
5
5
5
5
5
5
5
5
5
5
5
5
5
5
5
5
CELL_DATA 8455
SCALARS sample_scalars double 3
LOOKUP_TABLE default
903.145	0	0	
903.145	0	0	
843.437	0	0.0007045	
903.145	0	0	
903.145	0	0	
935.928	0	0.00139921	
957.552	0	0.00119082	
903.145	0	0	
1051.43	0	0.000420122	
903.145	0	0	
1220.03	0	0.000747168	
1037.68	0	0.00203906	
903.145	0	0	
1047.51	0	0.000493866	
1242.24	0	0.000618068	
979.834	0	0.000649979	
1030.59	0	0.000183426	
926.994	0	0.000333504	
1071.76	0	0.000145786	
961.573	0	0.000114309	
946.972	0	0.000552091	
1021.99	0	0.000209538	
959.423	0	0.000442089	
982.837	0	0.000216612	
1111.51	0	0.000161272	
1002.75	0	0.000380866	
1092.85	0	0.000596588	
1070.48	0	0.00013845	
1068.64	0	0.000150795	
1040.9	0	0.000174495	
1024.99	0	0.000487111	
995.911	0	0.000476557	
1013.06	0	9.67378e-05	
1031.39	0	0.000386484	
946.288	0	0.000482114	
1062.95	0	0.00133289	
1071.77	0	0.000124348	
993.416	0	0.000244744	
1004.85	0	0.000618319	
994.271	0	0.00038033	
958.188	0	0.000428436	
1082.22	0	0.000197648	
1060.19	0	0.000160066	
1049.33	0	0.000203962	
1014.28	0	0.000209216	
854.351	0	0.000481449	
965.499	0	0.000733736	
787.498	0	0.000626751	
833.04	0	0.000549528	
992.563	0	0.000446656	
972.956	0	0.00046442	
994.662	0	0.000361122	
912.395	0	0.000463602	
993.274	0	0.00044669	
952.88	0	0.000334045	
972.15	0	0.000219441	
954.216	0	0.000776868	
986.435	0	0.000358572	
997.649	0	0.00052529	
957.246	0	0.000160828	
991.198	0	0.000691651	
959.641	0	0.000299009	
967.05	0	0.00217285	
1061.9	0	0.0017439	
973.667	0	0.00214809	
1032.32	0	0.00119431	
1065.89	0	0.000313385	
1011.54	0	0.000620307	
1042.77	0	0.00054864	
996.253	0	0.000170603	
997.421	0	0.00115876	
1008.5	0	0.000161573	
699.31	0	0.00116031	
969.352	0	0.000718057	
1084.38	0	0.000274193	
1020.22	0	0.000625111	
1015.31	0	0.000161749	
1093.44	0	0.000448663	
1038.9	0	0.000385056	
1117.06	0	0.00118793	
1100.31	0	0.000395674	
1059.51	0	0.00194818	
1043.4	0	0.000632009	
1115.42	0	0.00119627	
1066.74	0	0.000317729	
1117.67	0	0.000733772	
1125	0	0.000298316	
1073.68	0	0.000275323	
1114.45	0	0.00183939	
1045.14	0	0.000630114	
1128.21	0	0.000600375	
1074.02	0	0.00190233	
1125.88	0	0.000633458	
1128.43	0	0.00175596	
1203.1	0	0.000299804	
1116.9	0	0.00127919	
1109.31	0	0.000302218	
1068.8	0	0.000317205	
1116.26	0	0.000718221	
1062.48	0	0.000158648	
1030.41	0	0.000121178	
1101.62	0	0.000459168	
1030.8	0	0.000179475	
1049.28	0	0.00018853	
1111.31	0	0.0006103	
1051.51	0	0.00215132	
1096.48	0	0.000397478	
1089.4	0	0.0020136	
1095.21	0	0.00070782	
1131.85	0	0.00192912	
1129.23	0	0.000437239	
1095.06	0	0.000152091	
1047.07	0	0.00062144	
1023.34	0	0.000695404	
1051.24	0	0.00124091	
1035.79	0	0.00139799	
1077.28	0	0.00190745	
1004.53	0	0.000172415	
1063.04	0	0.000319842	
1038.29	0	0.000316303	
1019.66	0	0.000329934	
1048.36	0	0.000686623	
1075.88	0	0.000251228	
1028.68	0	0.000456773	
1031.34	0	0.000300159	
1083.11	0	0.000305826	
1039.83	0	0.000610045	
1042.24	0	0.000287464	
1047.74	0	0.000500405	
1017.48	0	0.00126991	
965.699	0	0.000710564	
1032.09	0	0.000407452	
1031.27	0	0.00192983	
1004.72	0	0.000291592	
998.51	0	0.000662383	
1024.25	0	0.000220709	
1009.62	0	0.00116261	
1016.87	0	0.000289638	
1026.37	0	0.000583054	
1018.95	0	0.000394327	
1110.21	0	0.000170626	
988.063	0	0.00137144	
992.733	0	0.000198981	
1123.09	0	0.000336031	
1015.62	0	0.00033377	
1029.31	0	0.000317274	
1024.37	0	0.000429079	
1038	0	0.001055	
1011.48	0	0.000514586	
1001.22	0	0.000143733	
1097.07	0	0.00132002	
1030.5	0	0.000635805	
1004.02	0	0.000661354	
969.241	0	0.00216087	
1088.19	0	0.000617228	
996.354	0	0.000501259	
1131.9	0	0.00199659	
950.918	0	0.0023227	
991.557	0	0.000288563	
992.811	0	0.000175661	
1111.54	0	0.000312028	
987.882	0	0.000335583	
1077.61	0	0.00025666	
965.326	0	0.000199649	
981.46	0	0.000637591	
1063.33	0	0.000177791	
986.706	0	0.000273028	
1072.16	0	0.000698551	
974.373	0	0.000281157	
1089.18	0	0.000273927	
1071.11	0	0.000373496	
965.289	0	0.000506005	
1080.11	0	0.000147517	
961.919	0	0.000183877	
960.873	0	0.000677303	
1117.71	0	0.000615201	
979.447	0	0.00115621	
1101.98	0	0.000461342	
1013.38	0	0.000517547	
944.25	0	0.00034181	
1056.66	0	0.00103553	
922.677	0	0.00199078	
955.425	0	0.000431561	
1043.5	0	0.000553767	
937.953	0	0.000490791	
1033.4	0	0.000510829	
962.968	0	0.00123675	
998.493	0	0.000584905	
963.39	0	0.0012374	
1128.68	0	0.000413093	
968.249	0	0.000488864	
977.021	0	0.00017618	
1096.22	0	0.000302121	
973.306	0	0.000293211	
957.435	0	0.000529304	
1100.03	0	0.000276782	
957.697	0	0.00025792	
966.849	0	0.000527812	
1078.09	0	0.000271622	
952.544	0	0.000459358	
1134.83	0	0.00193289	
970.132	0	0.00113329	
1054.91	0	0.000213829	
1100.41	0	0.000252963	
955.355	0	0.000742893	
1083.07	0	0.000123466	
961.989	0	0.000503915	
1023.65	0	0.000207101	
1088.01	0	0.000192655	
963.594	0	0.000432557	
1091.94	0	0.000319944	
969.332	0	0.000428505	
981.848	0	0.000674475	
1109.07	0	0.000302593	
976.2	0	0.000687323	
1112.28	0	0.000341107	
1003.68	0	0.00126545	
948.955	0	0.00131516	
1058.16	0	0.00195716	
985.634	0	0.00042484	
986.145	0	0.000498925	
1023.07	0	0.000218552	
972.552	0	0.00034496	
1013.64	0	0.000255902	
943.956	0	0.000667839	
1021.06	0	0.000316962	
963.797	0	0.000706155	
1134.92	0	0.00183476	
943.28	0	0.000820261	
1052.37	0	0.000649725	
1031.35	0	0.000327321	
1001.22	0	0.00127217	
985.437	0	0.000771554	
1014.24	0	0.00124519	
987.78	0	0.000662003	
989.61	0	0.000282342	
987.387	0	0.000632647	
1029.91	0	0.000316148	
1006.01	0	0.000116187	
1031.96	0	0.000601193	
989.384	0	0.000494057	
1026.66	0	0.000369929	
1024.39	0	0.000588809	
991.015	0	0.000646037	
1011.82	0	0.000455163	
994.666	0	0.000399926	
990.993	0	0.000400975	
999.045	0	0.000199385	
945.45	0	0.000653479	
1037.7	0	0.0001667	
988.604	0	0.000635974	
1065.26	0	0.000625757	
1057.24	0	0.000380852	
982.725	0	0.000402827	
1035.67	0	0.000302545	
987.58	0	0.000618157	
966.976	0	0.000686203	
1088.98	0	0.000183513	
985.182	0	0.000619148	
1083.98	0	0.00047754	
1087.82	0	0.000164886	
942.411	0	0.000521519	
1067.88	0	0.000654836	
939.92	0	0.000657041	
1072.16	0	0.000593296	
988.186	0	0.000616255	
1042.59	0	0.00033473	
968.681	0	0.000689567	
973.966	0	0.000185498	
1090.64	0	0.000279074	
993.439	0	0.000146454	
1101.01	0	0.000609417	
1102.46	0	0.000406998	
983.377	0	0.000139376	
1102.68	0	0.000487384	
978.825	0	0.000177666	
947.103	0	0.00119789	
1092.58	0	0.0010744	
971.131	0	0.000770771	
1099.11	0	0.000623669	
1115.47	0	0.000394091	
1006.43	0	0.000186444	
1091.24	0	0.000427826	
986.25	0	0.000628229	
1092.29	0	0.000718336	
958.471	0	0.000206565	
1004.94	0	0.000149231	
1109.9	0	0.000266681	
1008.74	0	0.000176327	
1117.02	0	0.00100358	
1108.7	0	0.000401114	
1004.68	0	0.00216172	
1114.94	0	0.000623388	
962.568	0	0.0020861	
978.772	0	0.00034751	
1116.75	0	0.00105744	
974.958	0	0.00130817	
1133.58	0	0.000536725	
1126.8	0	0.000365947	
1006.11	0	0.00017567	
1132.29	0	0.000147982	
984.406	0	0.000327785	
1113.07	0	0.000306865	
1001.43	0	0.000301202	
1100.96	0	0.000234953	
1006.26	0	0.000671116	
1095.18	0	0.000232163	
943.212	0	0.00116937	
1016.96	0	0.000723006	
1042.74	0	0.000341247	
903.145	0	0	
1084.4	0	0.000217895	
1129.95	0	0.000275182	
1126.9	0	0.000313475	
978.769	0	0.00203339	
1130.39	0	0.000285846	
1131.38	0	0.000290149	
997.951	0	0.000325485	
987.192	0	0.0021973	
1133.89	0	0.000425032	
978.673	0	0.000329418	
1127.34	0	0.000527109	
1124.26	0	0.00115158	
983.508	0	0.000328534	
1077.9	0	0.000185062	
998.028	0	0.000306427	
1122.54	0	0.000371775	
998.986	0	0.000326346	
1007.42	0	0.00025555	
1134.69	0	0.00128	
1011.05	0	0.000248174	
1120.58	0	0.000661707	
1124.2	0	0.00120816	
993.118	0	0.000328691	
1094.54	0	0.000184068	
987.046	0	0.000622494	
996.079	0	0.000192059	
1097.9	0	0.00039217	
1013.02	0	0.000213472	
1080.71	0	0.000354096	
1099.39	0	0.000689145	
1024.65	0	0.000625987	
1096.21	0	0.000460874	
1003.97	0	0.000199788	
1098.67	0	0.000311677	
1005.1	0	0.000137441	
1068.29	0	0.000162964	
991.395	0	0.000291501	
1025.92	0	0.000624364	
1080.91	0	0.000231662	
1044.47	0	0.000621757	
1084.3	0	0.000509934	
1060.95	0	0.000392394	
1035.48	0	0.000622778	
1074.51	0	0.000222811	
1021.4	0	0.000628636	
1057.26	0	0.000161028	
1073.47	0	0.000662269	
1068.66	0	0.000440231	
1040.44	0	0.000215266	
1018.39	0	0.000729674	
1051.61	0	0.000140328	
1072.19	0	0.000444332	
1071.95	0	0.000162211	
1074.03	0	0.00037122	
1068.67	0	0.000448292	
1078.03	0	0.000165119	
1032.59	0	0.000628899	
1125.64	0	0.000573116	
1004.4	0	0.000324326	
1031.54	0	0.00063583	
1097.96	0	0.000665814	
1024.5	0	0.00115323	
1101.76	0	0.00120148	
1062.38	0	0.00113226	
999.76	0	0.000343995	
1082.75	0	0.000349708	
996.245	0	0.000213566	
993.616	0	0.000670719	
1076.79	0	0.000153546	
995.75	0	0.00047227	
1076.87	0	0.00027123	
1023.66	0	0.00060511	
1003.59	0	0.000250543	
1036.73	0	0.0012134	
1056.09	0	0.000137383	
1004.91	0	0.000670408	
994.317	0	0.000420937	
1081.8	0	0.000283123	
992.646	0	0.00017329	
1097.19	0	0.000254944	
988.219	0	0.000508866	
990.687	0	0.0004454	
1088.02	0	0.00210463	
991.814	0	0.000288169	
1105.53	0	0.000286666	
1099.19	0	0.000379646	
983.22	0	0.00113019	
1087.53	0	0.000304583	
998.887	0	0.00021148	
997.296	0	0.00029045	
1070.06	0	0.000327506	
986.894	0	0.000446049	
1059.97	0	0.000299839	
991.523	0	0.000332864	
1058.03	0	0.000269017	
1038.14	0	0.000609216	
990.055	0	0.000284575	
978.298	0	0.000510861	
989.973	0	0.000688103	
978.39	0	0.00115491	
1021.96	0	0.000221852	
993.338	0	0.000201721	
1033.04	0	0.000162291	
1014.11	0	0.000652865	
990.09	0	0.000195206	
1015.69	0	0.000332322	
989.821	0	0.00135937	
993.518	0	0.000210974	
1014.14	0	0.000293019	
985.908	0	0.000644645	
1041.49	0	0.000612754	
976.984	0	0.00033424	
1038.19	0	0.000449731	
996.157	0	0.000286371	
1060.08	0	0.000271974	
1014.63	0	0.000542657	
985.875	0	0.000310894	
1025.74	0	0.000164571	
996.032	0	0.000117146	
983.908	0	0.000397014	
1045.08	0	0.000160313	
983.377	0	0.00112656	
1030.95	0	0.000440828	
1024.83	0	0.000146301	
981.84	0	0.000464152	
1058.6	0	0.000266216	
1027.76	0	0.000208774	
994.642	0	0.000292501	
1061.12	0	0.000360929	
992.141	0	0.000320518	
1028.18	0	0.000139362	
982.351	0	0.000314877	
1018.38	0	0.000454734	
978.242	0	0.000627836	
980.707	0	0.000317945	
971.749	0	0.000641709	
994.35	0	0.000619609	
988.663	0	0.0012574	
989.073	0	0.000652067	
996.245	0	0.000666274	
1004.91	0	0.00018537	
1000.12	0	0.000211284	
997.476	0	0.00136287	
1007.93	0	0.000148011	
988.299	0	0.000673655	
995.728	0	0.00114981	
996.092	0	0.00102609	
1007.75	0	0.000195843	
1000.69	0	0.000252079	
979.753	0	0.000344193	
962.001	0	0.000689313	
989.039	0	0.00020427	
983.786	0	0.000166601	
903.145	0	0	
1015.06	0	0.000625858	
903.145	0	0	
1101.69	0	0.000313839	
1002.7	0	0.000344648	
1008.81	0	0.00219518	
1009.09	0	0.000275437	
997.538	0	0.000331666	
1005.77	0	0.000406652	
998.611	0	0.000802488	
1011.74	0	0.000387775	
1013.11	0	0.000211731	
1024.46	0	0.000664697	
1019.37	0	0.000267052	
1007.22	0	0.000502788	
1015.89	0	0.000286546	
1009.17	0	0.000395631	
1018.73	0	0.000616305	
1014.07	0	0.000311661	
1011.18	0	0.000257033	
1117.49	0	0.00018729	
1007.9	0	0.00016972	
1086.71	0	0.000315649	
1006.6	0	0.000229573	
1009.27	0	0.000237084	
1053.72	0	0.000399867	
1016.2	0	0.000191891	
1105.67	0	0.000147912	
1075.85	0	0.000319677	
1010.51	0	0.000508056	
1093.3	0	0.000183827	
1013.52	0	0.000755469	
1004.44	0	0.000468508	
1098.84	0	0.00028092	
1014.2	0	0.000383981	
1100.29	0	0.0003259	
1000.09	0	0.000550219	
1062.93	0	0.000271891	
998.646	0	0.00115851	
1019.12	0	0.000282369	
1071.26	0	0.000164874	
1020.33	0	0.000651479	
1104.83	0	0.000212354	
1026.54	0	0.000395759	
1051.34	0	0.000576783	
1123.25	0	0.000227475	
1038.54	0	0.000397124	
1066.1	0	0.000138239	
1083.23	0	0.000139399	
1034.93	0	0.000330447	
1086.23	0	0.000170288	
1053.81	0	0.000589324	
1073.09	0	0.000316624	
1090.06	0	0.000174534	
1046.02	0	0.000644696	
1101.52	0	0.000464826	
1029.64	0	0.000456803	
1113.98	0	0.000668255	
1073.97	0	0.000139534	
1073.54	0	0.0004421	
1096.11	0	0.000235187	
1065.24	0	0.00028405	
1073.96	0	0.000244204	
1091.07	0	0.000451059	
1086.31	0	0.000178491	
1083.87	0	0.000133564	
1121.84	0	0.000445361	
1092	0	0.000195838	
1129.93	0	0.000713865	
1112.87	0	0.00128572	
976.363	0	0.000168312	
1124.42	0	0.000541707	
1097.35	0	0.000304994	
1125.51	0	0.000164327	
1080.04	0	0.000273027	
1131.51	0	0.000129669	
1073.8	0	0.00039858	
1097.22	0	0.00106808	
1026.34	0	0.000312841	
1110.09	0	0.000227781	
1124.83	0	0.000160307	
1097.66	0	0.000180026	
1087.37	0	0.000130791	
1054.57	0	0.000569639	
1100.13	0	0.000774182	
1132.64	0	0.000403652	
1102.49	0	0.0002784	
1126.74	0	0.00022721	
1119.8	0	0.000301819	
1066.16	0	0.00067979	
1113.09	0	0.000225887	
1052.74	0	0.000348487	
949.009	0	0.000283329	
1077.11	0	0.000237568	
1018.66	0	9.3207e-05	
1114.99	0	0.000571552	
1080.23	0	0.000298444	
1124.51	0	0.000494908	
1103.48	0	0.000587855	
954.539	0	0.000354854	
1101.53	0	0.000284547	
878.563	0	0.000712181	
816.342	0	0.00100986	
1109.91	0	0.000410158	
907.613	0	0.0013996	
1113.44	0	0.000599719	
1013.21	0	0.000163162	
899.568	0	0.000272272	
1099.78	0	0.000388219	
810.176	0	0.000510255	
906.464	0	0.000410282	
1060.53	0	0.000264137	
1003.69	0	5.20523e-05	
1043.53	0	0.000283644	
818.812	0	0.000513443	
984.576	0	0.00063103	
975.821	0	0.00104257	
1116.18	0	0.00045465	
1041.72	0	0.0003239	
1104.69	0	0.000312719	
1034.47	0	0.000277852	
1132.36	0	0.000307494	
953.671	0	0.000338616	
1014.71	0	0.00102815	
939.723	0	0.000173454	
1047.99	0	0.000274637	
991.681	0	0.000156468	
996.646	0	6.31962e-05	
1021.56	0	0.000445684	
874.136	0	0.000230994	
1198.68	0	0.000253532	
993.68	0	0.000655649	
1280.66	0	0.000253806	
993.866	0	0.000444092	
1155.12	0	0.000325576	
977.854	0	0.000190522	
1031.23	0	0.000695304	
903.145	0	0	
956.413	0	0.000376671	
903.145	0	0	
903.145	0	0	
972.289	0	0.000201978	
903.145	0	0	
990.291	0	0.000648213	
1042.51	0	0.000173172	
903.145	0	0	
972.632	0	0.000177355	
903.145	0	0	
903.145	0	0	
994.433	0	0.000183876	
903.145	0	0	
918.934	0	0.00053094	
903.145	0	0	
993.969	0	0.000130221	
1233.06	0	0.000449819	
994.019	0	0.000630478	
913.493	0	0.000390642	
1086.82	0	0.00032162	
1091.44	0	0.000232569	
1123.04	0	0.000640342	
953.631	0	0.00025525	
1004.05	0	0.000581778	
981.136	0	0.000628293	
984.09	0	0.000304235	
969.393	0	0.000857785	
952.446	0	0.000251849	
927.215	0	0.000522698	
1011.51	0	0.000161535	
1011.35	0	0.000314378	
1004.76	0	0.000239612	
1004.07	0	0.000626525	
1012.08	0	0.000653192	
1008.64	0	0.0006326	
1003.92	0	0.000212031	
1000.89	0	0.000252787	
1005.13	0	0.000143858	
992.217	0	0.00110008	
998.944	0	0.000588673	
989.025	0	0.000349971	
987.862	0	0.000794174	
997.617	0	0.000278392	
998.776	0	0.000326619	
988.182	0	0.000399177	
1001.03	0	0.000630846	
989.276	0	0.000697574	
991.755	0	0.000289649	
992.504	0	0.000282662	
973.324	0	0.000643384	
991.769	0	0.000166548	
990.81	0	0.000160632	
981.498	0	0.000459938	
998.908	0	0.000655951	
973.863	0	0.000648568	
975.485	0	0.000282547	
990.062	0	0.000373499	
997.562	0	0.000267733	
974.771	0	0.00108929	
994.411	0	0.000279579	
959.336	0	0.000348029	
977.82	0	0.000352437	
985.737	0	0.000198886	
1000.08	0	0.000345351	
986.861	0	0.000249369	
974.459	0	0.000503314	
997.089	0	0.000176633	
1001.8	0	0.000115688	
984.889	0	0.00113519	
1000.08	0	0.000146587	
996.986	0	0.000139257	
994.993	0	0.00042012	
997.935	0	0.000159264	
1021.84	0	0.000272991	
1009.4	0	0.000399635	
1070.27	0	0.000335446	
1061.91	0	0.000190984	
1052.5	0	0.000128359	
1027.09	0	0.000616014	
1071.92	0	0.000446088	
1073.61	0	0.000155545	
1074.29	0	0.000174459	
1082.34	0	0.000257125	
1078.05	0	0.000620158	
1083.64	0	0.000730651	
1101.63	0	0.000250924	
1120.53	0	0.000568928	
1026.47	0	0.00072778	
1000.34	0	0.000147571	
1073.45	0	0.000262839	
1001.47	0	0.00095346	
1050.03	0	0.000507164	
1045.37	0	0.000607525	
1083.19	0	0.00020786	
1072.5	0	0.000135748	
1071.85	0	0.000122785	
1086.53	0	0.000432896	
1093.68	0	0.000253725	
1110.49	0	0.00100354	
1094.45	0	0.000163719	
1082.98	0	0.000137507	
1072.48	0	0.000289829	
1083.94	0	0.000228093	
1057.26	0	0.000270287	
1056.37	0	0.000264928	
1038.28	0	0.000277437	
1031.03	0	0.000196448	
1003.75	0	0.000165385	
949.633	0	0.000143798	
1019.61	0	0.000456233	
1015.85	0	0.000165968	
1007.92	0	0.000132849	
1013.83	0	0.00045613	
1009.75	0	0.00014638	
1011.54	0	0.000140647	
1018.75	0	0.000311131	
1010.61	0	0.000335136	
1035.78	0	0.000339958	
1025.74	0	0.000197452	
1114.35	0	0.000139495	
991.748	0	0.000181264	
1053.42	0	0.000173794	
1048.99	0	0.000143342	
972.568	0	0.000168222	
936.748	0	0.000466652	
982.961	0	0.000617178	
975.414	0	0.000863581	
959.927	0	0.000338288	
971.363	0	0.000173155	
987.095	0	0.000181845	
994.902	0	0.000145996	
992.671	0	0.0002379	
980.583	0	0.000279701	
1005.74	0	0.000270571	
991.151	0	0.000281768	
1007.52	0	0.000185707	
1010.01	0	0.000155844	
980.149	0	0.000171337	
1004.97	0	0.000238209	
1124.62	0	0.000296887	
1097.96	0	0.000152624	
1038.62	0	0.000308653	
1038.66	0	0.000122088	
1069.58	0	0.000286955	
1085.4	0	0.000339022	
1106.72	0	0.000259583	
1071.12	0	0.000267692	
1033.27	0	0.000162939	
1053.44	0	0.0003279	
1271.82	0	0.000283485	
1022.3	0	0.000190684	
1097.9	0	0.000337888	
1088.56	0	0.000187703	
1056.96	0	0.000119498	
1108.17	0	0.00014659	
1086.88	0	0.000192649	
1078.87	0	0.000169919	
1119.44	0	0.000163503	
1098.06	0	0.000387908	
1103.59	0	0.000606494	
1120.15	0	0.000568988	
1119.87	0	0.000310849	
1119.27	0	0.000151778	
1128.14	0	0.000181426	
1131.2	0	0.000141152	
1131.73	0	0.000194158	
1126.33	0	0.000226447	
1127.91	0	0.000249125	
1126.17	0	0.000209192	
1114.23	0	0.000193393	
1106.51	0	0.000145146	
1061.13	0	0.000159468	
1125.12	0	0.000209779	
1010.67	0	0.000278831	
1015.24	0	0.000196727	
1006.26	0	0.000440821	
1054.18	0	0.000170932	
1074.06	0	0.000269825	
1092.42	0	0.000334187	
1064.17	0	0.000853968	
1045.84	0	0.000296373	
1087.22	0	0.000162154	
1065.33	0	0.000316388	
988.351	0	0.000634109	
1002.06	0	0.000614357	
975.044	0	0.000153772	
987.75	0	0.000120448	
948.732	0	0.000341838	
988.758	0	0.000172947	
974.872	0	0.000658911	
1005.84	0	0.000130547	
958.019	0	0.000205732	
968.863	0	0.000159065	
1011.2	0	0.000165861	
1009.55	0	0.000371526	
1013.49	0	0.000172681	
1014.73	0	0.000245445	
1013.54	0	0.000325368	
1011.91	0	0.000167011	
1005.53	0	0.000179109	
1007.48	0	0.000145408	
1010.72	0	0.000235304	
998.967	0	0.000275532	
1000.79	0	0.000274302	
998.682	0	0.000281284	
986.654	0	0.00019005	
1000.49	0	0.000156869	
993.083	0	0.000252059	
1008.15	0	0.000289722	
983.118	0	0.000286563	
990.551	0	0.000203347	
1003.05	0	0.000123982	
1020.2	0	0.000179785	
984.867	0	0.000182601	
992.218	0	0.000146025	
982.636	0	0.000300908	
959.473	0	0.000381431	
986.05	0	0.000282612	
998.624	0	0.000282376	
991.91	0	0.000234015	
999.239	0	0.000624004	
977.246	0	0.00036863	
991.453	0	0.000198535	
1009.55	0	0.000170457	
997.968	0	0.000292603	
1019.44	0	0.000517188	
1005.34	0	0.000119989	
1058.88	0	0.00015127	
1048.49	0	0.000117901	
1080.1	0	0.000314069	
1063.43	0	0.00016613	
1096.98	0	0.000117471	
1080.28	0	0.000584884	
1103.7	0	0.0001588	
1098.18	0	0.000132721	
1011.58	0	0.000262599	
984.179	0	0.000176692	
1051.68	0	0.000352486	
1031.4	0	0.000263754	
1085.15	0	0.000244402	
1075.63	0	0.000567212	
1091.59	0	0.00014969	
1052.07	0	0.000535267	
1094.77	0	0.000320047	
1083.01	0	0.000223387	
1024.04	0	0.000145579	
1045.36	0	0.000267948	
1059.84	0	0.000177857	
1035.41	0	0.000249831	
1040.62	0	0.000605749	
1017.72	0	0.000248478	
1027.45	0	0.000133648	
1025.39	0	0.000120003	
1011.66	0	0.000345562	
1011.65	0	0.00020115	
1005.81	0	0.000130207	
1010.3	0	0.000166455	
1016.59	0	0.000275806	
1008.61	0	0.000218969	
1026.43	0	0.00015489	
1022.45	0	0.000120165	
1055.58	0	0.000327367	
1043.47	0	0.000233243	
999.919	0	0.000191224	
1013.23	0	0.000189059	
969.499	0	0.000204308	
985.865	0	0.000295286	
976.586	0	0.000332631	
997.084	0	0.000166971	
1018.5	0	0.000178917	
1006.05	0	0.000192425	
1008.07	0	0.000406904	
1014.81	0	0.000283622	
1013.34	0	0.000642289	
1006.11	0	0.000489467	
1105.67	0	0.000202883	
1083.29	0	0.000139132	
1072.66	0	0.000552441	
1027.54	0	0.000121664	
1005.55	0	0.000574978	
1025.83	0	0.000286771	
1088.32	0	0.000143128	
1079.95	0	0.000114784	
1093.3	0	0.000305816	
1067.93	0	0.000169295	
1007.64	0	0.000180085	
979.457	0	0.000111726	
1122.48	0	0.0001501	
1114.65	0	0.000245085	
1119.94	0	0.000289063	
1128.47	0	0.000139514	
1075.39	0	0.000166821	
1089.45	0	0.000191777	
1110.22	0	0.000341652	
1084.59	0	0.000257665	
1100.71	0	0.000566324	
1048.78	0	0.000204296	
1012.25	0	0.000134061	
1008.54	0	0.000120137	
1046.4	0	0.000343268	
967.032	0	0.000621203	
982.02	0	0.000292481	
1016.81	0	0.000275762	
990.118	0	0.000124293	
1049.26	0	0.000154749	
977.064	0	0.000162381	
982.314	0	0.000128395	
953.991	0	0.000339109	
967.165	0	0.000237588	
991.656	0	0.000163428	
995.492	0	0.000537233	
1010.51	0	0.000201835	
1012.24	0	0.000291371	
1002.62	0	0.00032607	
1007.36	0	0.000166346	
1001.76	0	0.000182404	
1005.13	0	0.000218178	
1002.18	0	0.000408935	
1009.71	0	0.000426399	
1001.61	0	0.00064497	
1002.86	0	0.000253724	
995.144	0	0.000136677	
998.035	0	0.000120823	
975.674	0	0.000346573	
993.841	0	0.000236514	
999.007	0	0.000181401	
991.75	0	0.000118672	
996.77	0	0.000564258	
993.482	0	8.94948e-05	
998.494	0	0.000128544	
1006.19	0	0.000287542	
994.839	0	0.000152316	
999.756	0	0.000120532	
1062.98	0	0.000115396	
1002.96	0	0.000109109	
1070.22	0	0.000149282	
1067.89	0	0.000120952	
1104.67	0	0.000296475	
1093.48	0	0.000221319	
1105.39	0	0.000137005	
1096.46	0	0.000487172	
1005.84	0	0.00010331	
1007.12	0	9.74448e-05	
1044.75	0	0.000555587	
1047.8	0	0.000112574	
1056.61	0	0.000111074	
1048.8	0	0.000309243	
1010.16	0	0.0001813	
1000.21	0	0.00013862	
1015.88	0	0.000155518	
1013.44	0	0.000120903	
1017.91	0	0.000231478	
1007.93	0	0.000174086	
1081.11	0	0.000115715	
998.803	0	0.000161773	
1047.09	0	0.000157018	
1043.78	0	0.000126316	
995.755	0	0.000180457	
979.276	0	0.000643492	
997.484	0	0.000220539	
1003.02	0	0.0001499	
1056.72	0	0.000560408	
1044.14	0	8.64235e-05	
1067.48	0	0.000153066	
1049.02	0	0.000161281	
1070.96	0	0.00015129	
1066.78	0	0.000123901	
1120.62	0	0.000166229	
1104.72	0	0.000559685	
1129.43	0	0.000191202	
1128.1	0	0.000125863	
1001.26	0	0.000360039	
985.83	0	0.000208481	
995.042	0	0.000173768	
993.899	0	0.00016568	
975.658	0	0.00016282	
979.078	0	0.000128838	
1008.98	0	0.000186393	
1010.23	0	0.000168551	
1008.16	0	0.000219601	
1007.13	0	0.000150154	
1006.74	0	0.000135428	
1011.75	0	0.000134983	
995.702	0	0.000161431	
1000.17	0	0.000126722	
1000.95	0	9.69133e-05	
998.804	0	0.000108733	
1068.85	0	0.000175096	
1126.72	0	0.000104928	
1096.61	0	0.000145049	
1095.59	0	0.000116926	
1040.09	0	0.000211434	
1238.58	0	0.000303571	
1078.21	0	0.000162467	
1051.45	0	0.000371902	
1037.98	0	0.000278998	
1057.38	0	0.000121946	
1002.8	0	0.000283714	
1008.74	0	0.000163181	
1042.88	0	0.000267303	
1045.65	0	0.000216581	
1022.45	0	0.000216666	
1000.5	0	0.000124688	
993.124	0	0.000125698	
1023.89	0	0.000187229	
1026.58	0	0.00024806	
1090.86	0	0.000110655	
1001.9	0	0.000370442	
985.225	0	0.000124958	
1001.27	0	0.000117509	
1007.77	0	0.000124782	
1001.37	0	0.000224554	
1011.33	0	0.000248698	
1095.64	0	0.000338478	
1085.57	0	0.000157858	
1058.62	0	0.000287236	
1039.39	0	0.000249691	
1010.93	0	0.000451317	
1031.92	0	0.00043174	
1032.09	0	0.000387716	
1017.25	0	0.000162635	
1068.67	0	0.000143129	
1055.76	0	0.000173239	
893.266	0	0.000298564	
1286.26	0	0.000339074	
1046.23	0	0.000352749	
1056.95	0	0.000148634	
1012.76	0	0.000295399	
1020.24	0	0.000322781	
1004.07	0	0.000378728	
990.511	0	0.000367367	
995.593	0	0.000440173	
990.588	0	0.000632248	
995.238	0	0.000187844	
996.227	0	0.000169048	
986.128	0	0.000441704	
998.297	0	0.000165614	
1005.48	0	0.000171607	
999.902	0	0.000111644	
1009.52	0	0.000260629	
1000.61	0	9.13994e-05	
1015.7	0	0.000618322	
1021.75	0	0.000356877	
1028.33	0	0.000243415	
1025.74	0	0.000432969	
1043.84	0	0.000164373	
1035.14	0	0.000108668	
1014.87	0	0.000221606	
1013.88	0	0.000113361	
1033.8	0	0.000231129	
1019.24	0	0.000163592	
990.84	0	0.000229722	
993.752	0	0.000166909	
1012.42	0	0.000197498	
1008.59	0	0.000170952	
1068.8	0	0.000118145	
1054.95	0	0.00016081	
1054.12	0	0.000165426	
1065.67	0	0.000105982	
1128.22	0	0.000196919	
1083.65	0	0.000145173	
1092.29	0	0.000179269	
1095.46	0	0.000157471	
1005.19	0	0.000611669	
1000.44	0	0.000113502	
999.1	0	0.000180859	
991.404	0	0.000449187	
980.795	0	0.000234923	
998.673	0	0.000202825	
1012.1	0	0.000232236	
1002.09	0	0.00016722	
1004.98	0	0.000196501	
1005.67	0	0.000170267	
1007.79	0	0.000222778	
1005.33	0	0.000113059	
992.375	0	0.000182972	
1001.41	0	0.000112124	
1004.2	0	9.18749e-05	
1000.46	0	0.000109592	
1086.74	0	0.000212543	
1065.19	0	0.000188734	
1029.11	0	0.000159319	
1013.88	0	9.06974e-05	
1007.97	0	0.000262236	
1008.3	0	0.000113115	
989.602	0	0.000204441	
986.851	0	0.000175226	
1104.14	0	0.000180874	
1093.67	0	0.000159562	
1009.15	0	0.000315078	
1008.79	0	0.000150055	
1068.71	0	0.000107291	
1082.05	0	9.98155e-05	
1001.85	0	0.000176079	
1002.2	0	0.000108604	
1119.07	0	0.000144711	
1128.59	0	8.95491e-05	
1005.19	0	0.000176435	
1007.42	0	0.000108959	
1008.71	0	0.0001593	
999.187	0	0.000130763	
1032.51	0	0.000352253	
1030.86	0	0.000210115	
1008.97	0	0.000217429	
1022.47	0	0.000159163	
1049.15	0	0.000158656	
1041.24	0	0.000281897	
970.158	0	0.000298072	
1006.18	0	0.000175697	
1041.25	0	0.00027716	
1060.92	0	0.000112613	
908.718	0	0.000781575	
1034.97	0	0.000266279	
946.131	0	0.00036852	
1060.2	0	9.75563e-05	
994.313	0	0.00036317	
997.443	0	0.000333544	
994.801	0	0.000442223	
995.41	0	0.000191999	
999.999	0	0.000384577	
997.473	0	0.000129544	
995.714	0	0.00024519	
992.868	0	0.000359431	
995.017	0	0.000329552	
998.815	0	0.000360135	
1010.06	0	0.00019025	
1005.35	0	0.00021924	
1013.58	0	0.000344712	
1010.2	0	0.000333029	
1005.76	0	0.00045234	
1001.71	0	0.000394226	
1014.36	0	0.000324459	
1017.92	0	0.000359654	
1021.35	0	0.00035464	
1006.33	0	0.000387659	
1030.13	0	0.000183492	
1020.99	0	0.000212805	
1009.91	0	0.000202809	
1003.98	0	0.000225548	
1015.93	0	0.000167818	
1015.29	0	0.000161389	
994.243	0	0.0001177	
994.983	0	0.000149382	
993.041	0	0.000127107	
996.888	0	0.000175414	
986.237	0	0.000447134	
1009.16	0	0.000188108	
1006.49	0	0.000135396	
1001.22	0	0.000120341	
1047.6	0	0.000145923	
1065.64	0	0.000169805	
1034.13	0	0.000186493	
1017.27	0	0.000159934	
1095.27	0	9.92344e-05	
1091.63	0	0.000134755	
1087.29	0	0.000108474	
1071.99	0	0.000154873	
1075.98	0	0.000175128	
1100.28	0	0.000169739	
1081.35	0	0.00012272	
1103.97	0	0.000104709	
1001.49	0	0.000389793	
1004.16	0	0.000442933	
991.156	0	0.00028702	
990.76	0	0.000135125	
1003.98	0	0.000167578	
994.34	0	0.000221855	
1004.67	0	0.000118569	
1005.64	0	0.000162758	
1007.1	0	0.000236301	
1006.75	0	0.000121752	
1006.63	0	0.000198546	
1004.42	0	0.000188329	
1006.75	0	0.000134825	
1004.08	0	0.000121081	
1008.58	0	0.000202472	
1011.88	0	0.00016037	
1003.67	0	9.63141e-05	
999.917	0	0.000130972	
1000.67	0	7.10107e-05	
1001.58	0	0.000208844	
1065.44	0	0.000151171	
1031.83	0	0.000206549	
1010.8	0	0.000201556	
1007.52	0	0.000146962	
995.513	0	0.000145406	
1000.4	0	0.000216256	
1100.46	0	0.000129358	
1114.39	0	0.000191092	
1009.59	0	0.000149568	
1007.77	0	0.000128101	
1006.43	0	0.000219999	
1003.81	0	0.000127734	
1055.72	0	0.00010085	
1046.19	0	7.03426e-05	
1006.5	0	0.000206317	
1003.68	0	0.000127877	
1102.4	0	0.000178018	
1078.9	0	0.000106229	
1005.6	0	0.000206954	
1005.56	0	0.000120791	
1008.77	0	0.000126048	
1040.94	0	0.00026512	
1011.92	0	0.000185074	
1018.6	0	0.000168067	
1033.95	0	0.000341437	
1059.57	0	0.000182353	
1016.81	0	0.000190813	
990.337	0	0.000136657	
997.071	0	0.000276074	
984.143	0	0.000233613	
1003.51	0	0.000310669	
1053.36	0	0.00011047	
994.458	0	0.00015091	
997.84	0	0.000203007	
993.161	0	0.000334526	
1005.31	0	0.000135807	
999.414	0	0.000182965	
995.089	0	0.000252569	
999.193	0	0.000216262	
991.434	0	0.000256043	
1067.83	0	0.000132421	
996.796	0	0.000163897	
1020.61	0	0.00018236	
1008.8	0	0.000216458	
1000.7	0	0.000364952	
1002.12	0	0.000249435	
1010.39	0	0.000250559	
1014.64	0	0.00032843	
1002.4	0	0.000282861	
984.456	0	0.000165499	
1038.23	0	5.91579e-05	
1005.07	0	0.000207696	
977.694	0	0.000425317	
984.912	0	0.000386341	
1045.9	0	0.000169649	
1032.44	0	6.11841e-05	
1108.38	0	0.000245629	
1024.8	0	0.000153377	
997.345	0	0.000125809	
1025.09	0	0.000203725	
1023.6	0	0.000272535	
1000.41	0	5.42496e-05	
996.369	0	0.000202701	
995.206	0	0.000275735	
983.869	0	0.000398469	
986.237	0	0.000295236	
990.339	0	0.00045335	
977.484	0	0.000250456	
1003.85	0	0.000373391	
995.396	0	0.000171052	
991.715	0	0.000253888	
1025.09	0	0.000123968	
1001.71	0	0.000354566	
1001.62	0	0.000111965	
998.566	0	0.000130921	
1001.55	0	8.49418e-05	
997.077	0	0.000125075	
1000.64	0	9.04974e-05	
1004.59	0	0.000196423	
996.548	0	0.000182059	
995.089	0	0.000128644	
991.755	0	0.00013001	
1067.22	0	0.000120009	
1014.54	0	0.00013164	
990.116	0	0.000110242	
998.737	0	0.00014115	
1009.9	0	0.000247134	
1000.06	0	0.000239753	
998.93	0	0.000167964	
1004.03	0	0.000129693	
1036.01	0	0.00032449	
1032.8	0	0.000122184	
1005.99	0	0.000301384	
995.07	0	0.000180482	
1014.14	0	0.00013623	
1016.49	0	0.000211548	
933.727	0	0.000384656	
1055.6	0	8.72981e-05	
879.532	0	0.000285517	
1301.44	0	0.000485862	
1068.84	0	0.000542987	
1009.44	0	0.000141003	
1025.39	0	0.000176513	
974.544	0	0.000473512	
997.36	0	0.000248621	
988.966	0	0.000332182	
1011.63	0	0.000300596	
1053.03	0	0.000134863	
1065.86	0	0.000275371	
1005.61	0	0.000144814	
1007.72	0	0.000296442	
999.789	0	8.09458e-05	
1055.78	0	0.000295147	
1022.81	0	6.82615e-05	
983.349	0	0.0001572	
991.424	0	0.000268697	
1029.98	0	0.000222709	
1035.94	0	0.000183174	
1021.23	0	0.000228563	
999.72	0	0.000148364	
994.246	0	0.000157352	
1066.41	0	0.000232214	
993.734	0	0.000314769	
985.934	0	0.000267479	
994.033	0	0.000372778	
990.575	0	0.000263628	
968.182	0	0.000388251	
980.275	0	0.000425919	
962.352	0	0.000499371	
1035.19	0	0.000264166	
986.67	0	0.000359184	
978.834	0	0.000382537	
1011.24	0	0.000221529	
1006.98	0	0.000165128	
994.378	0	0.000156187	
998.421	0	0.00026893	
1019.78	0	0.000295274	
999.124	0	0.000105328	
1003.93	0	0.000107398	
1002.35	0	5.70992e-05	
996.258	0	5.98849e-05	
999.752	0	8.94907e-05	
996.185	0	0.000155342	
1004.55	0	0.000254396	
1000.09	0	7.52945e-05	
995.073	0	0.000105923	
991.079	0	0.000111534	
986.408	0	0.000188713	
1023.64	0	0.000111596	
984.892	0	0.000178817	
1002.71	0	0.000107466	
1002.95	0	0.000245979	
995.081	0	5.13142e-05	
998.395	0	0.000153226	
998.507	0	0.000111791	
993.257	0	0.000114653	
1040.47	0	8.66129e-05	
1038.23	0	5.8003e-05	
1022.68	0	0.000136763	
1026.94	0	8.21926e-05	
1020.75	0	0.00015002	
1056.73	0	0.000251906	
1001.43	0	0.000384381	
1035.37	0	0.000349151	
980.928	0	0.000128912	
978.562	0	0.000614568	
1006.96	0	0.000123769	
959.746	0	0.000553262	
800.509	0	0.000755797	
1010.67	0	0.000225448	
985.294	0	0.000135838	
992.46	0	0.000347301	
966.19	0	0.000219674	
1012.64	0	0.000571692	
993.904	0	0.000364496	
986.951	0	0.000134954	
1004.12	0	0.000132532	
993.916	0	0.000188727	
993.108	0	0.00016314	
1009.88	0	0.000165595	
998.248	0	0.000280757	
998.02	0	0.00011361	
975.483	0	0.000153599	
990.135	0	0.000586246	
928.167	0	0.000160237	
1043.76	0	0.000206155	
982.996	0	0.000219563	
991.018	0	0.000107914	
1005.19	0	0.000166381	
991.071	0	0.000151201	
1022.83	0	8.71923e-05	
1054.76	0	0.000111667	
1026.23	0	0.000352966	
1008.7	0	0.000197753	
1065.21	0	0.000296689	
1038.68	0	0.000378929	
1013.63	0	0.000171128	
1040.45	0	0.000232298	
1002.8	0	0.00018456	
1006.41	0	0.000389219	
1021.22	0	0.000143038	
1017.43	0	7.77593e-05	
1017.95	0	0.000126491	
986.954	0	0.00042273	
1009.92	0	0.000391783	
941.472	0	0.000828623	
984.89	0	0.000271919	
1000.34	0	0.000303268	
990.209	0	0.000269814	
997.729	0	0.000156149	
979.905	0	0.000140056	
999.139	0	9.80268e-05	
913.548	0	0.000157925	
1070.81	0	9.05528e-05	
1009.73	0	0.000121743	
1006.37	0	0.000212362	
982.426	0	0.000107845	
1021.58	0	0.000225997	
996.115	0	0.000154862	
1017.43	0	0.000232824	
980.26	0	0.000336957	
1044.34	0	0.000193858	
975.076	0	0.000331752	
992.034	0	0.000408882	
991.509	0	0.000203238	
1006.9	0	0.000125478	
980.463	0	0.000295854	
989.749	0	0.000430248	
974.381	0	0.000241332	
968.829	0	0.000420958	
990.428	0	0.000122478	
993.714	0	9.12057e-05	
992.432	0	0.000221235	
1030.63	0	0.000266858	
987.182	0	0.000520247	
967.568	0	0.000181895	
995.335	0	9.0606e-05	
990.312	0	0.000126755	
793.522	0	0.000976197	
955.393	0	0.000354169	
940.078	0	0.000424364	
931.762	0	0.000349721	
944.755	0	0.000160572	
830.898	0	0.000630235	
852.623	0	0.000254715	
841.648	0	0.000318686	
1026.52	0	0.000146051	
910.99	0	0.000171183	
1028.1	0	0.000233989	
1026.53	0	9.5477e-05	
1014.09	0	0.000243281	
1008.88	0	0.000144931	
987.092	0	0.000151417	
985.69	0	0.000132493	
1005.5	0	0.000224305	
1007.58	0	0.00066171	
1038.36	0	0.000241506	
1031.51	0	0.000142387	
990.249	0	0.000148503	
1001.3	0	0.000127348	
1059.95	0	0.000213767	
1010.4	0	0.000670169	
1009.35	0	0.000219013	
1003.93	0	0.00012641	
1008.94	0	0.000239251	
1013.19	0	0.000129352	
999.601	0	0.000146728	
1009.17	0	0.000195105	
1009.99	0	0.000145258	
1009.77	0	0.000213774	
1010.47	0	0.000135126	
983.642	0	0.000356371	
1006.88	0	0.000140009	
1014.64	0	0.000142732	
1042.69	0	0.000142114	
1030.1	0	0.000294696	
944.666	0	0.000120212	
950.124	0	0.000355297	
1008.72	0	0.000224793	
1009.42	0	0.0002603	
1003.84	0	0.000215156	
1008.12	0	0.00010541	
988.889	0	0.000264027	
1009.84	0	6.07677e-05	
996.738	0	0.000164787	
970.519	0	0.000423122	
1006.9	0	0.000124873	
1003.78	0	0.000122831	
990.252	0	0.000129525	
985.98	0	0.00036005	
1007.77	0	0.000225079	
988.49	0	0.000210533	
1069.58	0	0.000203176	
1041.74	0	0.000100133	
987.909	0	0.000283686	
1048.86	0	5.75202e-05	
1010.61	0	0.000166165	
968.823	0	0.000457092	
1005.42	0	0.000136404	
1001.45	0	0.000199256	
997.15	0	0.000201304	
1010.65	0	0.000162209	
995.492	0	0.000137438	
996.082	0	0.00027153	
983.438	0	0.000171825	
983.394	0	0.000268814	
1054.34	0	0.000129575	
1038.21	0	0.000254531	
916.585	0	0.000207016	
971.237	0	0.000277926	
1016.97	0	0.000110207	
1026.54	0	0.000240283	
1013.26	0	0.00029123	
1010.8	0	0.000241872	
999.383	0	0.00029269	
1001.47	0	0.00021305	
1028.81	0	0.000283032	
1018.11	0	0.000206232	
1002.3	0	0.000290156	
993.416	0	0.000233164	
989.687	0	0.000269305	
1003.96	0	0.000145376	
1121.54	0	0.000236375	
1086.49	0	0.000200232	
1002.56	0	0.000255835	
1090.57	0	0.000127234	
1005.59	0	0.000292753	
1002.4	0	0.000231758	
993.776	0	0.000271657	
985.93	0	0.000151383	
973.589	0	0.000142785	
1001.37	0	0.000137048	
954.814	0	0.000235422	
995.232	0	0.000114889	
982.054	0	0.000289281	
996.839	0	0.000187655	
998.079	0	0.000241867	
1017.61	0	0.000125158	
1006.8	0	0.00021878	
1019.57	0	0.000217337	
987.226	0	9.44504e-05	
988.839	0	0.000120829	
980.877	0	0.000143777	
976.451	0	0.000162707	
1023.26	0	0.000114154	
1014.94	0	5.4095e-05	
1004.5	0	0.000176368	
1019.07	0	0.000259782	
1041.41	0	0.000269995	
1011.73	0	0.000217765	
1018.67	0	0.00026493	
991.053	0	0.000187333	
1004.52	0	0.000273788	
1000.74	0	0.000188216	
1019.64	0	0.00012073	
999.488	0	8.24507e-05	
1015.43	0	0.000206257	
1025.81	0	0.000240565	
1005.2	0	0.00029001	
1011.46	0	9.83812e-05	
1052.57	0	0.000271543	
1042.56	0	9.48371e-05	
1008.7	0	0.000227148	
1003.87	0	0.000165951	
1025.4	0	0.00028854	
1022.56	0	9.83715e-05	
991.051	0	0.000226256	
998.495	0	0.000304786	
1039.86	0	0.000280186	
1025.49	0	9.65231e-05	
960.27	0	0.000245054	
1051.7	0	0.00027487	
1000.12	0	0.000291013	
1000.17	0	0.000213386	
1010.5	0	0.000292566	
1011.03	0	9.8242e-05	
971.869	0	0.000377331	
1003.04	0	0.000171801	
1078.74	0	0.000257122	
1061.18	0	0.000190001	
1001.12	0	0.000226878	
1015.79	0	0.00048076	
971.404	0	0.000109766	
973.658	0	0.000117977	
782.158	0	0.000139047	
819.618	0	0.000146279	
1030.06	0	0.000228359	
1031.55	0	0.000326478	
1017.41	0	0.000180251	
1015.43	0	0.000196375	
1019.65	0	0.000325779	
1020.09	0	0.000124985	
956.486	0	0.000160336	
977.141	0	0.000134761	
1006.54	0	0.000151053	
1005.2	0	0.000127039	
961.042	0	6.84709e-05	
954.582	0	0.00029893	
977.481	0	0.000635422	
189.169	0	0.00159733	
1006.41	0	0.000145271	
965.229	0	0.000697651	
987.263	0	0.000117151	
981.98	0	0.000141507	
1004.09	0	0.00031322	
1006.93	0	0.000159019	
1007.44	0	0.000178148	
1008.11	0	0.00013862	
990.585	0	0.000283306	
1002.77	0	0.000325511	
994.83	0	0.000180074	
999.486	0	0.000139502	
986.662	0	0.000195532	
998.129	0	0.000329902	
990.785	0	0.000185138	
993.173	0	0.000143441	
1009.31	0	0.000131574	
1012.6	0	0.000250566	
1024.45	0	0.000160079	
1271.77	0	0.000315408	
974.859	0	0.000212914	
993.465	0	0.000157606	
899.891	0	0.000224906	
991.221	0	0.000158368	
972.874	0	0.0004184	
980.505	0	0.000381478	
1010.2	0	0.000211006	
1011	0	0.000184119	
992.769	0	0.000404338	
985.84	0	0.000245454	
950.613	0	0.000436588	
983.87	0	0.000147237	
1005.67	0	0.000172059	
973.645	0	0.000231377	
1000.94	0	7.92878e-05	
1002.73	0	6.41262e-05	
750.501	0	0.000409927	
1014.26	0	0.000231858	
1006.37	0	0.000141473	
1009.15	0	0.000219437	
995.247	0	0.000141958	
1013.13	0	0.000213378	
1002.64	0	0.00014206	
1001.96	0	0.000221362	
1028.3	0	0.000225164	
1015.24	0	5.04268e-05	
1019.53	0	0.000153086	
1001.89	0	0.000120986	
979.949	0	0.000278778	
1009.84	0	0.000431311	
1005.6	0	0.000305238	
993.262	0	0.000257943	
992.173	0	0.00028111	
1018.94	0	0.000270857	
1055.99	0	0.000277614	
1074.88	0	0.000166577	
986.461	0	0.000230254	
980.879	0	0.00060919	
1008.43	0	0.000233695	
1004.17	0	0.000253267	
987.761	0	0.000217422	
977.392	0	0.000105027	
1001.51	0	0.000212084	
999.37	0	0.000100102	
1271.64	0	0.000314381	
972.444	0	0.000375068	
992.444	0	0.000303216	
1011.98	0	0.000180393	
998.894	0	0.000235407	
992.337	0	0.000439637	
1012.94	0	0.000207181	
1039.43	0	0.000186213	
1012.66	0	8.05319e-05	
1004.43	0	9.91952e-05	
1009.79	0	0.000378133	
966.826	0	0.000202202	
1001.03	0	0.000314699	
795.461	0	0.000258171	
992.998	0	0.000248221	
981.849	0	0.000349451	
978.484	0	0.000253861	
1297.46	0	0.00023851	
949.046	0	0.000199507	
985.499	0	0.000408745	
1013.14	0	0.000185163	
998.786	0	0.000157742	
1016.04	0	0.000162863	
1010.03	0	0.000128369	
1007.62	0	0.00011032	
1007.69	0	0.000118071	
1019.98	0	9.63516e-05	
889.001	0	0.000285511	
1025.22	0	0.000207584	
987.365	0	0.000401425	
995.641	0	0.000700461	
977.455	0	0.000183418	
993.423	0	6.37607e-05	
981.411	0	0.000207496	
1061.6	0	0.000360288	
935.214	0	0.000583169	
919.02	0	0.000561916	
1239.67	0	0.000333252	
898.565	0	0.000236381	
1003.29	0	0.000346772	
959.017	0	0.000296467	
977.306	0	0.000328941	
1028.85	0	7.53183e-05	
262.302	0	0.00198406	
984.555	0	0.000172482	
994.94	0	0.000104792	
1034.04	0	0.000389355	
1006.04	0	0.000305808	
1035.9	0	0.000323865	
1023.55	0	0.000209217	
943.144	0	0.000567047	
937.652	0	0.000383846	
227.424	0	0.00201222	
1010.79	0	0.000339853	
989.793	0	0.000480044	
1003.43	0	0.000299022	
1047.83	0	0.00044842	
984.793	0	0.000442424	
970.697	0	0.000340839	
1009.16	0	0.000493868	
997.401	0	0.000700036	
399.978	0	0.000831685	
978.327	0	0.000323027	
968.239	0	0.000261841	
1026.44	0	0.000307844	
1032.81	0	0.000185569	
991.35	0	0.000184728	
991.043	0	0.00013176	
1010.34	0	0.000303453	
961.156	0	0.000410968	
868.635	0	0.000788177	
817.661	0	0.000537088	
949.482	0	0.000395997	
989.162	0	0.000396107	
962.07	0	0.000465899	
1014.32	0	0.000135349	
966.25	0	0.000139327	
944.628	0	0.000776669	
998.155	0	0.000133073	
1000.48	0	0.000168343	
1033.14	0	0.000165988	
1294.28	0	0.00121164	
1087.25	0	0.000351236	
893.659	0	0.000386547	
967.638	0	0.000248237	
1306.65	0	0.000434121	
888.674	0	0.000409521	
868.156	0	0.00040633	
860.854	0	0.000222823	
897.307	0	0.000256148	
967.668	0	0.000270737	
1009.42	0	0.000194886	
991.019	0	0.000818377	
503.53	0	0.000579442	
1003.27	0	0.000210185	
1028.86	0	0.000245498	
903.145	0	0	
1009.49	0	0.000367702	
1004.81	0	0.000153363	
995.612	0	0.000157891	
969.888	0	0.000161384	
1021.87	0	0.000288995	
1067.85	0	0.000670647	
969.367	0	0.000631573	
1028.07	0	0.000259046	
953.415	0	0.000267644	
998.988	0	0.000309439	
975.035	0	0.000128919	
964.31	0	0.000287693	
1053.68	0	0.00065665	
923.463	0	0.000168919	
972.497	0	0.000432074	
1031.7	0	0.000196059	
1032.94	0	0.000245985	
871.303	0	0.000559145	
1271.17	0	0.00032416	
999.5	0	0.000181677	
1006.53	0	0.000240109	
1303.95	0	0.00038817	
1007.38	0	0.000334534	
1009.69	0	0.000431122	
1029.21	0	0.000187478	
1000.33	0	0.000195045	
985.375	0	0.000355659	
999.878	0	0.000450928	
1006.12	0	0.000226563	
1000.04	0	0.000166998	
1022.43	0	0.000458997	
980.041	0	0.000247444	
971.166	0	0.000423689	
1009.56	0	0.0002544	
1009.13	0	0.000419869	
965.839	0	0.000123092	
376.956	0	0.000826397	
996.99	0	0.000437233	
1006.06	0	0.000355492	
982.817	0	0.000230506	
974.091	0	0.000147228	
1032.91	0	0.000460439	
1010.6	0	0.000366409	
950.652	0	0.000506067	
962.864	0	0.000357583	
123.968	0	0.00271574	
998.543	0	0.000352001	
988.602	0	0.000298981	
1016.4	0	0.000408631	
1008.7	0	0.000299749	
880.875	0	0.000392205	
996.763	0	0.000303784	
967.48	0	0.000374886	
940.236	0	0.000246001	
953.371	0	0.000518636	
616.261	0	0.000408538	
974.925	0	0.000500643	
959.051	0	0.000391497	
972.298	0	0.00012796	
602.067	0	0.000650659	
797.652	0	0.000170418	
986.225	0	0.00055958	
980.768	0	0.000265591	
780.002	0	0.000872548	
976.338	0	0.000267784	
942.147	0	0.00116293	
988.714	0	0.000265927	
948.907	0	0.000300751	
974.275	0	0.000339313	
1008.9	0	0.000235446	
1026.75	0	0.000308455	
982.054	0	0.000390686	
909.922	0	0.000475474	
929.197	0	0.000204714	
929.788	0	0.000257643	
983.798	0	0.000238475	
996.212	0	0.000467589	
994.513	0	0.000226609	
1007.27	0	0.000407378	
973.684	0	0.000316625	
995.936	0	0.000255667	
1028.64	0	0.000609317	
1008.18	0	0.000488298	
1005.01	0	0.000306433	
959.511	0	0.000488283	
952.855	0	0.000263588	
938.072	0	0.000277635	
1028.35	0	0.000546574	
962.134	0	0.000258647	
949.166	0	0.000376944	
1008.86	0	0.000502569	
740.89	0	0.00039529	
1013.98	0	0.000229855	
1122.89	0	0.000525647	
1016.31	0	0.000192205	
962.126	0	0.000319283	
1001.23	0	0.000238216	
1037.91	0	0.000115574	
871.159	0	0.00024833	
1020.35	0	0.000560062	
1007.94	0	0.000513427	
954.09	0	0.000256212	
976.915	0	0.000685002	
385.556	0	0.000673149	
109.128	0	0.003032	
985.212	0	0.000171745	
1025.39	0	0.000364344	
1034.95	0	0.000337375	
1028.81	0	0.00104978	
984.447	0	0.000353567	
967.814	0	0.000484745	
962.307	0	0.000196065	
942.147	0	0.000589748	
184.58	0	0.000807685	
271.749	0	0.00160317	
962.283	0	0.00012695	
1107.23	0	0.000357389	
964.947	0	0.000217681	
959.103	0	0.000203831	
688.743	0	0.000810279	
1031.18	0	0.00014246	
276.558	0	0.000659795	
430.339	0	0.000436441	
1299.37	0	0.000558827	
1216.41	0	0.00029393	
1005.34	0	0.000227386	
973.004	0	0.000253278	
1162.2	0	0.000334919	
1005.88	0	0.00046703	
902.842	0	0.000178759	
1185.42	0	0.000300988	
966.538	0	0.000464007	
942.112	0	0.000200391	
817.036	0	0.000643164	
1020.41	0	0.000189133	
978.002	0	0.000168146	
998.069	0	0.000539656	
1000.05	0	0.000426572	
52.4965	0	0.0154689	
1037.16	0	0.000402473	
1002.3	0	0.000335476	
1000.67	0	0.000171242	
982.392	0	0.000338553	
1015.56	0	0.000610648	
976.63	0	0.000521348	
1002.49	0	0.000322589	
973.577	0	0.000321739	
1017.28	0	0.000482069	
82.6598	0	0.00579966	
975.378	0	0.000353911	
1097.55	0	0.000390564	
1039.22	0	0.000266657	
1008.8	0	0.000205443	
1000.74	0	0.000212766	
963.674	0	0.000214136	
434.173	0	0.00042573	
1003.62	0	0.000211885	
1031.7	0	0.000240452	
977.07	0	0.000157985	
962.268	0	0.000253255	
958.969	0	0.000552578	
940.823	0	0.000324915	
960.596	0	0.00019932	
950.154	0	0.000344773	
1020.22	0	0.000199711	
982.252	0	0.000366063	
45.2328	0	0.0314289	
967.156	0	0.00022682	
1022.15	0	0.000176474	
959.457	0	0.000234335	
925.762	0	0.000341778	
449.816	0	0.000486558	
837.64	0	0.000396063	
1290.33	0	0.00117297	
988.659	0	0.000346806	
963.863	0	0.000236514	
958.56	0	0.000206687	
962.652	0	0.000213391	
1002.27	0	0.000252596	
1066.39	0	0.000178691	
243.936	0	0.00064908	
1018.96	0	0.000202941	
1038.53	0	0.000124157	
991.515	0	0.000536356	
612.021	0	0.000412969	
1229.05	0	0.000333626	
1272.43	0	0.000341253	
1037.95	0	0.000320785	
1074.18	0	0.000173908	
1278.53	0	0.000288847	
1262.74	0	0.000302091	
1006.33	0	0.000207405	
1043.74	0	0.000403328	
1019.72	0	0.000235357	
992.177	0	0.000178641	
871.269	0	0.000300664	
1000.84	0	0.000196126	
997.559	0	0.0002197	
906.064	0	0.000247648	
947.56	0	0.000146471	
969.116	0	0.0006034	
988.181	0	0.00041812	
983.702	0	0.000239045	
1061.41	0	0.00019824	
1051.97	0	0.000156644	
1015.85	0	0.000238064	
1125.88	0	0.000216467	
934.536	0	0.000230654	
928.269	0	0.000170805	
1057.72	0	0.000255145	
904.706	0	0.00025652	
1041.76	0	0.000786188	
969.803	0	0.000517243	
846.349	0	0.000607172	
398.712	0	0.000424266	
973.113	0	0.000605022	
983.767	0	0.000163984	
965.049	0	0.000237844	
1038.05	0	0.000348055	
995.013	0	0.000281277	
1021.15	0	0.000692433	
1119.95	0	0.000517259	
130.559	0	0.00352113	
1202.07	0	0.000674251	
1205.02	0	0.000322585	
1297.56	0	0.000355421	
1148.59	0	0.000354284	
1172.65	0	0.000310191	
1239.54	0	0.000421309	
1051.92	0	0.000212264	
952.68	0	0.00035485	
1069.64	0	0.000211918	
630.291	0	0.000383585	
216.241	0	0.000783834	
992.055	0	0.000181886	
1026.09	0	0.000107898	
563.858	0	0.000435737	
269.961	0	0.000285463	
1019.27	0	0.000426035	
388.216	0	0.000598873	
912.02	0	0.000490507	
1023.22	0	0.000309319	
1014.51	0	0.000420867	
975.147	0	0.000267484	
1021.12	0	0.000153332	
850.381	0	0.000627054	
125.626	0	0.00211966	
903.145	0	0	
919.99	0	0.000306933	
1120.52	0	0.000351559	
1142.73	0	0.000256568	
1092.01	0	0.000148833	
1081.03	0	0.000164077	
977.15	0	0.000302496	
954.404	0	0.000186157	
597.527	0	0.000273658	
862.038	0	0.000209352	
96.6663	0	0.00627961	
273.198	0	0.000621321	
1215.39	0	0.00038511	
1296.42	0	0.00066171	
951.687	0	0.000315908	
903.145	0	0	
1033.31	0	0.000313973	
960.578	0	0.000277163	
1122.15	0	0.000193853	
1124.68	0	0.000132561	
357.879	0	0.00142754	
969.054	0	0.000342707	
832.085	0	0.000266869	
697.215	0	0.000184503	
1033.51	0	0.000703266	
992.162	0	0.000335885	
1038.35	0	0.000321546	
1014.09	0	0.000477114	
1307.7	0	0.000377829	
1056.51	0	0.000152767	
1258.74	0	0.000388434	
1284.58	0	0.000422348	
1036.64	0	0.000376135	
1012.82	0	0.000574339	
1067.42	0	0.000958408	
792.187	0	0.000501127	
1251.62	0	0.00038589	
1294.1	0	0.000335569	
1066.49	0	0.000461178	
940.983	0	0.0010335	
994.028	0	0.000338847	
1082.38	0	0.000452762	
1127.73	0	0.000249714	
66.5957	0	0.0103414	
1022.67	0	0.000200033	
1287.93	0	0.000541388	
748.033	0	0.000367218	
902.119	0	0.000249006	
1150.75	0	0.00032976	
764.107	0	0.00056286	
973.635	0	0.000815972	
1188.95	0	0.000587565	
932.535	0	0.000232248	
908.167	0	0.000335766	
1008.58	0	0.00042144	
973.261	0	0.000629925	
1108.79	0	0.000295109	
903.145	0	0	
974.423	0	0.000217928	
890.815	0	0.000368334	
1197.12	0	0.000328481	
1011.88	0	0.000267283	
935.588	0	0.000635059	
1108.24	0	0.000646327	
899.293	0	0.000810988	
343.462	0	0.000741978	
1314.44	0	0.000395031	
1234.39	0	0.000467074	
1160.92	0	0.000245811	
1030.2	0	0.000416602	
1277.5	0	0.000345922	
1258.18	0	0.000248576	
1029.38	0	0.000579934	
903.145	0	0	
1290.82	0	0.000213032	
1288.99	0	0.00029297	
1308.87	0	0.000360282	
903.145	0	0	
920.784	0	0.000726365	
942.067	0	0.000342815	
1294.69	0	0.000339338	
1295.75	0	0.000291841	
903.145	0	0	
1300.64	0	0.000508705	
903.145	0	0	
1301.66	0	0.000374312	
988.704	0	0.00086834	
903.145	0	0	
1278.4	0	0.000338599	
1287.87	0	0.00066412	
1114.62	0	0.000317868	
920.188	0	0.000600896	
1087.15	0	0.000351728	
1105.01	0	0.000623354	
1128.01	0	0.000258128	
1119.85	0	0.000275471	
1092.48	0	0.000205556	
1036.82	0	0.000739153	
1122.47	0	0.00033199	
1076.32	0	0.000245236	
1087.18	0	0.000955004	
1034.13	0	0.000318936	
937.014	0	0.000249474	
1115.96	0	0.00041725	
1009.01	0	0.000462733	
1118.91	0	0.000477512	
1127.02	0	0.000332671	
998.72	0	0.000357115	
906.192	0	0.00027232	
1031.15	0	0.000754838	
1135.48	0	0.000372088	
1091.52	0	0.00033202	
100.237	0	0.00802398	
114.677	0	0.009017	
946.64	0	0.000373045	
970.144	0	0.00027386	
852.26	0	0.000670491	
1012.86	0	0.000345133	
850.241	0	0.000372799	
1072.43	0	0.000277475	
1307.86	0	0.000368044	
1306.17	0	0.000461738	
1077	0	0.000352864	
786.025	0	0.001253	
1127.77	0	0.000355908	
729.675	0	0.000632575	
661.011	0	0.00136138	
565.581	0	0.000476771	
1081.92	0	0.00035031	
1054.12	0	0.000393904	
1088.11	0	0.000278459	
1145.02	0	0.00024269	
991.975	0	0.000636053	
1166.07	0	0.000204982	
209.028	0	0.00341119	
714.635	0	0.000345813	
1032.7	0	0.000256541	
1019.88	0	0.000419898	
994.239	0	0.000254361	
1083.28	0	0.000396947	
1060.6	0	0.000574328	
947.793	0	0.000488968	
1060.11	0	0.000280614	
1002.69	0	0.000249113	
949.5	0	0.000642271	
1143.25	0	0.000974245	
1056.5	0	0.000864825	
1096.12	0	0.000734346	
1271.27	0	0.00072544	
1099.9	0	0.000228963	
961.202	0	0.000269729	
1045.11	0	0.000205217	
1147.55	0	0.000920284	
1209.21	0	0.000259077	
415.473	0	0.00100982	
1000.5	0	0.000854528	
1270.16	0	0.000262281	
1238.08	0	0.000494629	
1021.16	0	0.000361042	
1028.05	0	0.00134929	
903.145	0	0	
903.145	0	0	
1123.49	0	0.000952361	
903.145	0	0	
990.13	0	0.00100207	
903.145	0	0	
939	0	0.0012106	
1275.64	0	0.000389664	
931.552	0	0.00106922	
1123.69	0	0.000474362	
934.849	0	0.000489511	
781.352	0	0.000927131	
903.145	0	0	
903.145	0	0	
903.145	0	0	
903.145	0	0	
907.414	0	0.000932456	
990.624	0	0.00075206	
977.58	0	0.000530417	
972.781	0	0.000818853	
1247.78	0	0.000210475	
1293.74	0	0.000887081	
1245.18	0	0.000324459	
1247.45	0	0.000379225	
903.145	0	0	
814.503	0	0.000672127	
1264.46	0	0.000472037	
1288.1	0	0.00098216	
948.282	0	0.000591044	
568.524	0	0.000649247	
943.659	0	0.00120805	
939.453	0	0.000738228	
919.964	0	0.000667336	
707.086	0	0.000662656	
793.283	0	0.000733951	
614.757	0	0.000863236	
944.617	0	0.000547076	
642.753	0	0.00078424	
804.102	0	0.000811339	
939.289	0	0.000663675	
903.145	0	0	
903.145	0	0	
903.145	0	0	
903.145	0	0	
732.025	0	0.00148853	
940.376	0	0.000554373	
829.82	0	0.000631662	
1068.04	0	0.000776376	
812.049	0	0.00105527	
1057.87	0	0.000698882	
1192.9	0	0.000542735	
903.145	0	0	
1266.9	0	0.000439784	
903.145	0	0	
460.295	0	0.000688505	
305.204	0	0.00228486	
520.164	0	0.00145755	
715.957	0	0.000882526	
903.145	0	0	
903.145	0	0	
899.674	0	0.00054076	
695.972	0	0.000948615	
903.145	0	0	
903.145	0	0	
903.145	0	0	
903.145	0	0	
862.133	0	0.000593681	
1227.6	0	0.000362877	
903.145	0	0	
903.145	0	0	
903.145	0	0	
945.31	0	0.000524254	
903.145	0	0	
903.145	0	0	
1201.48	0	0.000244756	
903.145	0	0	
820.694	0	0.000969798	
903.145	0	0	
1271.34	0	0.000574018	
1265.26	0	0.000445496	
1287.82	0	0.000286808	
1294.57	0	0.000538445	
903.145	0	0	
903.145	0	0	
903.145	0	0	
903.145	0	0	
903.145	0	0	
1175.51	0	0.000550138	
903.145	0	0	
903.145	0	0	
998.324	0	0.00057935	
912.511	0	0.000838298	
1237.88	0	0.000673963	
1001.54	0	0.000701897	
954.765	0	0.00102713	
1183.05	0	0.000224872	
1193.88	0	0.000228474	
1235.29	0	0.000412137	
1190.8	0	0.000785203	
1188.53	0	0.000418918	
903.145	0	0	
1275.03	0	0.000682369	
903.145	0	0	
1125.1	0	0.000626085	
903.145	0	0	
903.145	0	0	
918.491	0	0	
1236.78	0	0.000413018	
918.491	0	0	
903.145	0	0	
1140.31	0	0.000614611	
1186.06	0	0.000198226	
903.145	0	0	
903.145	0	0	
1033.09	0	0.00063237	
1132.08	0	0.000551796	
1123.64	0	0.000420246	
1019.69	0	0.000533507	
1232.84	0	0.000562762	
1198.23	0	0.000542241	
903.145	0	0	
903.145	0	0	
859.036	0	0.000658338	
860.274	0	0.000495406	
903.145	0	0	
903.145	0	0	
1173.36	0	0.000299217	
903.145	0	0	
1130.47	0	0.000475111	
1190.46	0	0.000208971	
928.276	0	0.000689232	
1023.8	0	0.000807498	
1133.4	0	0.000391046	
1122.57	0	0.000374105	
1194.84	0	0.000148634	
1211.25	0	0.000419342	
957.247	0	0	
1171.48	0	0.000233081	
1186.63	0	0.000242864	
903.145	0	0	
1131.69	0	0.000442105	
1075.56	0	0	
1206.36	0	0.000260493	
1256.49	0	0.00104585	
903.145	0	0	
903.145	0	0	
936.511	0	0.000649024	
1098.37	0	0.0011136	
1181.48	0	0.000521458	
903.145	0	0	
903.145	0	0	
1079.02	0	0.000735006	
903.145	0	0	
903.145	0	0	
944.068	0	0	
903.145	0	0	
903.145	0	0	
903.145	0	0	
909.539	0	0	
903.145	0	0	
1203.47	0	0.000577635	
1142.31	0	0.000932842	
903.145	0	0	
1193.37	0	0.000784958	
1198.89	0	0.000248467	
1219.4	0	0.000237879	
903.145	0	0	
903.145	0	0	
903.145	0	0	
903.145	0	0	
903.145	0	0	
903.145	0	0	
1022.21	0	0	
903.145	0	0	
903.145	0	0	
903.145	0	0	
1194.44	0	0.000230026	
1217.61	0	0.000269138	
1191.48	0	0.000360881	
903.145	0	0	
1181.98	0	0.00026331	
962.072	0	0	
925.242	0	0	
903.145	0	0	
925.242	0	0	
903.145	0	0	
903.145	0	0	
903.145	0	0	
903.145	0	0	
903.145	0	0	
903.145	0	0	
903.145	0	0	
903.145	0	0	
903.145	0	0	
903.145	0	0	
903.145	0	0	
903.145	0	0	
903.145	0	0	
932.608	0	0	
903.145	0	0	
1112.61	0	0.000927269	
1116.06	0	0.000935721	
903.145	0	0	
903.145	0	0	
903.145	0	0	
903.145	0	0	
903.145	0	0	
903.145	0	0	
903.145	0	0	
903.145	0	0	
1050.46	0	0	
903.145	0	0	
903.145	0	0	
903.145	0	0	
903.145	0	0	
903.145	0	0	
903.145	0	0	
903.145	0	0	
903.145	0	0	
903.145	0	0	
903.145	0	0	
903.145	0	0	
903.145	0	0	
903.145	0	0	
903.145	0	0	
903.145	0	0	
903.145	0	0	
903.145	0	0	
1078.73	0	0.0014025	
1029.17	0	0	
903.145	0	0	
962.677	0	0	
903.145	0	0	
903.145	0	0	
903.145	0	0	
903.145	0	0	
1181.18	0	0.000493745	
903.145	0	0	
903.145	0	0	
903.145	0	0	
903.145	0	0	
903.145	0	0	
903.145	0	0	
903.145	0	0	
903.145	0	0	
903.145	0	0	
903.145	0	0	
903.145	0	0	
903.145	0	0	
903.145	0	0	
903.145	0	0	
934.932	0	0	
903.145	0	0	
903.145	0	0	
903.145	0	0	
903.145	0	0	
903.145	0	0	
903.145	0	0	
903.145	0	0	
903.145	0	0	
903.145	0	0	
903.145	0	0	
903.145	0	0	
903.145	0	0	
903.145	0	0	
903.145	0	0	
903.145	0	0	
903.145	0	0	
903.145	0	0	
903.145	0	0	
966.72	0	0	
903.145	0	0	
903.145	0	0	
903.145	0	0	
903.145	0	0	
903.145	0	0	
903.145	0	0	
903.145	0	0	
903.145	0	0	
903.145	0	0	
903.145	0	0	
907.333	0	0	
903.145	0	0	
903.145	0	0	
903.145	0	0	
903.145	0	0	
903.145	0	0	
903.145	0	0	
903.145	0	0	
903.145	0	0	
903.145	0	0	
903.145	0	0	
903.145	0	0	
903.145	0	0	
903.145	0	0	
903.145	0	0	
903.145	0	0	
903.145	0	0	
947.821	0	0	
950.826	0	0	
903.145	0	0	
903.145	0	0	
903.145	0	0	
903.145	0	0	
903.145	0	0	
903.145	0	0	
915.71	0	0	
948.52	0	0	
903.145	0	0	
903.145	0	0	
903.145	0	0	
903.145	0	0	
903.145	0	0	
903.145	0	0	
903.145	0	0	
903.145	0	0	
903.145	0	0	
903.145	0	0	
903.145	0	0	
903.145	0	0	
903.145	0	0	
903.145	0	0	
903.145	0	0	
903.145	0	0	
903.145	0	0	
903.145	0	0	
903.145	0	0	
903.145	0	0	
903.145	0	0	
903.145	0	0	
903.145	0	0	
903.145	0	0	
903.145	0	0	
903.145	0	0	
903.145	0	0	
903.145	0	0	
903.145	0	0	
903.145	0	0	
903.145	0	0	
903.145	0	0	
903.145	0	0	
903.145	0	0	
903.145	0	0	
903.145	0	0	
903.145	0	0	
903.145	0	0	
903.145	0	0	
903.145	0	0	
903.145	0	0	
903.145	0	0	
903.145	0	0	
903.145	0	0	
903.145	0	0	
903.145	0	0	
903.145	0	0	
903.145	0	0	
903.145	0	0	
903.145	0	0	
903.145	0	0	
903.145	0	0	
903.145	0	0	
903.145	0	0	
903.145	0	0	
903.145	0	0	
903.145	0	0	
903.145	0	0	
903.145	0	0	
903.145	0	0	
903.145	0	0	
903.145	0	0	
903.145	0	0	
903.145	0	0	
903.145	0	0	
903.145	0	0	
903.145	0	0	
903.145	0	0	
903.145	0	0	
903.145	0	0	
903.145	0	0	
903.145	0	0	
903.145	0	0	
903.145	0	0	
903.145	0	0	
903.145	0	0	
903.145	0	0	
903.145	0	0	
903.145	0	0	
903.145	0	0	
903.145	0	0	
903.145	0	0	
903.145	0	0	
903.145	0	0	
903.145	0	0	
903.145	0	0	
903.145	0	0	
903.145	0	0	
903.145	0	0	
903.145	0	0	
903.145	0	0	
903.145	0	0	
903.145	0	0	
903.145	0	0	
903.145	0	0	
903.145	0	0	
903.145	0	0	
903.145	0	0	
903.145	0	0	
903.145	0	0	
903.145	0	0	
903.145	0	0	
903.145	0	0	
903.145	0	0	
903.145	0	0	
903.145	0	0	
903.145	0	0	
903.145	0	0	
903.145	0	0	
903.145	0	0	
903.145	0	0	
903.145	0	0	
903.145	0	0	
903.145	0	0	
903.145	0	0	
903.145	0	0	
903.145	0	0	
903.145	0	0	
903.145	0	0	
903.145	0	0	
903.145	0	0	
903.145	0	0	
903.145	0	0	
903.145	0	0	
903.145	0	0	
903.145	0	0	
903.145	0	0	
903.145	0	0	
947.009	0	0.000336205	
960.929	0	0.000431804	
853.035	0	0.000579366	
915.954	0	0.000337028	
808.528	0	0.000348794	
888.231	0	0.00174616	
960.139	0	0.000204112	
866.451	0	0.00054806	
849.25	0	0.00056579	
896.253	0	0.00024312	
934.98	0	0.000256201	
963.007	0	0.000649477	
970.631	0	0.000423137	
971.163	0	0.000438098	
974.413	0	0.000473123	
1045.56	0	0.00139275	
1077.57	0	0.000483683	
1057.96	0	0.000364995	
1028.39	0	0.000595528	
1074.79	0	0.000727008	
1044.96	0	0.000648536	
1025.57	0	0.000116041	
1044.43	0	0.00062079	
955.765	0	0.00182468	
950.634	0	0.000346326	
946.465	0	0.000476892	
967.389	0	0.000201076	
966.17	0	0.000344253	
956.551	0	0.000755994	
958.132	0	0.000204976	
968.798	0	0.000192159	
965.877	0	0.000360385	
960.309	0	0.000215476	
978.445	0	0.000135284	
965.304	0	0.0001936	
979.282	0	0.000141657	
963.924	0	0.000456817	
973.645	0	0.000257372	
964.489	0	0.000238077	
973.818	0	0.000225005	
971.799	0	0.00018055	
976.185	0	0.000239293	
991.079	0	0.000161906	
988.267	0	0.000153244	
966.019	0	0.000174756	
949.548	0	0.000572239	
971.74	0	0.000225397	
984.138	0	0.000114678	
995.401	0	0.000142053	
989.648	0	0.000157178	
972.26	0	0.000239865	
979.387	0	0.000276309	
963.359	0	0.000297402	
961.81	0	0.000245822	
971.382	0	0.000201717	
942.248	0	0.00135986	
941.096	0	0.000701048	
980.207	0	0.000187869	
986.727	0	0.000173013	
991.158	0	0.000178329	
991.512	0	0.000119991	
1003.76	0	0.00022551	
999.253	0	0.000305441	
992.537	0	0.000136856	
982.227	0	0.000242817	
988.121	0	0.000154095	
999.006	0	0.000123097	
999.898	0	0.000101819	
996.112	0	0.000137149	
940.38	0	0.00166306	
975.957	0	0.000190683	
964.561	0	0.000245766	
984.658	0	0.000171621	
997.142	0	0.000116596	
992.245	0	0.000171064	
998.253	0	0.000153079	
994.742	0	0.000236255	
985.766	0	0.00019471	
994.086	0	0.000240796	
1003.63	0	0.000160665	
1002.22	0	0.000120892	
967.21	0	0.000191559	
985.543	0	0.000176822	
995.347	0	0.000190423	
1000.82	0	0.000202645	
1003.36	0	0.000160513	
1007.6	0	0.00018426	
1000.2	0	0.00024364	
1001.14	0	0.000285837	
1004.2	0	0.000110317	
1003.8	0	0.000133073	
954.917	0	0.000369093	
973.294	0	0.000283129	
946.839	0	0.000661875	
977.321	0	0.000299991	
979.201	0	0.000301804	
1003.82	0	0.000151239	
988.401	0	0.000135194	
991.637	0	0.00012157	
1008.14	0	0.000137726	
1006.9	0	0.000306918	
945.679	0	0.00170373	
951.148	0	0.000530961	
973.365	0	0.000194837	
998.312	0	0.000105435	
988.653	0	0.00019849	
992	0	0.00014326	
1003.98	0	0.000180595	
1004.77	0	0.000280866	
949.901	0	0.000449019	
961.486	0	0.000376376	
996.147	0	0.000174784	
986.09	0	0.000242614	
1006.38	0	0.000164231	
977.53	0	0.000136381	
1002.44	0	0.000223008	
998.546	0	0.000200725	
996.09	0	0.000137761	
994.751	0	0.000184872	
1008.92	0	0.000249646	
1008.47	0	0.000211429	
1002.6	0	0.000275537	
1000.65	0	0.00023958	
1000.71	0	0.000260678	
1006.12	0	0.000259087	
999.36	0	0.000182743	
995.77	0	0.000209516	
990.317	0	0.000128351	
988.56	0	0.000155218	
994.551	0	0.000256735	
980.801	0	0.000109297	
988.57	0	0.000174699	
996.542	0	0.000266391	
978.161	0	0.00111198	
973.583	0	0.000599087	
996.107	0	0.000544488	
1013.94	0	0.000376145	
977.653	0	0.000623229	
988.134	0	0.000338324	
997.836	0	0.000724322	
1042.16	0	0.000541264	
990.7	0	0.00071528	
991.954	0	0.000301971	
1035.51	0	0.000689645	
1052.53	0	0.000385085	
1056.22	0	0.000521273	
1067.97	0	0.000275235	
1071.41	0	0.000346405	
1069.42	0	0.000328644	
1063.85	0	0.000410402	
1076.46	0	0.000189712	
1081.1	0	0.000318878	
1079.74	0	0.00131883	
1067.19	0	0.000490617	
1071.62	0	0.000256127	
1079.68	0	0.00028072	
1068.17	0	0.000215391	
1070.47	0	0.000173856	
1067.52	0	0.000182324	
1068.56	0	0.000227575	
1096.64	0	0.000356308	
1116.97	0	0.00140737	
1066.77	0	0.000232659	
1061.9	0	0.000141255	
1064.25	0	0.000208019	
1056.97	0	0.000121423	
1084.72	0	0.000401418	
1085.51	0	0.000424749	
1048.62	0	0.000106643	
1053.68	0	0.000100976	
1050.79	0	0.000237319	
1056.81	0	0.000105046	
1049.29	0	0.000153197	
1042.65	0	0.000146532	
1051.76	0	0.000169229	
1052.36	0	0.000108835	
1047.5	0	0.000100217	
1050.87	0	0.000115598	
1058.99	0	0.000127932	
1078.38	0	0.000417669	
1050.1	0	0.000101172	
1069.34	0	0.000251741	
1040.82	0	0.000146766	
1050.77	0	0.000130299	
1056.27	0	0.00017551	
1047.31	0	0.000135266	
1039.72	0	0.000237272	
1032.42	0	7.76496e-05	
1052.2	0	0.000179896	
1065.94	0	0.000142255	
986.748	0	0.00168483	
1028.02	0	0.000604654	
994.092	0	0.000470738	
998.295	0	0.000377324	
1124.95	0	0.000704378	
1107.31	0	0.00037741	
1070.24	0	0.001988	
1086.6	0	0.000678079	
1098.29	0	0.00035767	
1089.43	0	0.000475463	
1030.44	0	0.000752361	
1013.63	0	0.000674171	
1110.84	0	0.00186324	
1108.95	0	0.000382166	
1101.89	0	0.000597097	
1110.78	0	0.000384416	
1105.35	0	0.00038077	
1093.81	0	0.000196709	
1085.47	0	0.00181186	
1065.89	0	0.000335338	
1064.23	0	0.00100251	
1064.78	0	0.000167533	
1069.97	0	0.000322597	
1075.09	0	0.00062592	
1065.66	0	0.000217978	
1062.52	0	0.000180309	
1070.44	0	0.000338229	
1067.22	0	0.000204805	
1055.48	0	0.000127981	
1063.58	0	0.000179236	
1054.99	0	0.000132517	
1072.64	0	0.00103515	
1069.18	0	0.000289	
1072.63	0	0.00023237	
1065.71	0	0.000197913	
1062.21	0	0.000179915	
1058.76	0	0.00022637	
1040.92	0	0.000155596	
1045.17	0	0.000151069	
1061.69	0	0.000200084	
1062.4	0	0.000362346	
1067.54	0	0.000196093	
1053.27	0	0.00011186	
1044.18	0	0.000138519	
1040.63	0	0.000156481	
1058.23	0	0.000239491	
1053.46	0	0.000273599	
1061.84	0	0.000300575	
1069.02	0	0.000259701	
1065.18	0	0.000170955	
1069.07	0	0.00133584	
1078.45	0	0.000722602	
1062.26	0	0.0001742	
1057.41	0	0.000162659	
1048.4	0	0.000170013	
1045.21	0	0.00011542	
1021.78	0	0.000224593	
1031.61	0	0.000304541	
1036.16	0	0.000132504	
1045.37	0	0.000239327	
1054.16	0	0.000145463	
1042.34	0	0.000120189	
1036.15	0	9.92503e-05	
1040.73	0	0.000135001	
1093.2	0	0.00155035	
1065.29	0	0.000179747	
1071.41	0	0.000265208	
1060.8	0	0.000168011	
1047.89	0	0.000111705	
1050.43	0	0.000163937	
1026.45	0	0.000152976	
1031.03	0	0.000234713	
1042.09	0	0.000188969	
1029.77	0	0.000233586	
1035.5	0	0.000155651	
1028.88	0	0.000117554	
1072.93	0	0.000206102	
1061.99	0	0.000174553	
1054.71	0	0.000184633	
1049.43	0	0.000196343	
1040.63	0	0.000157278	
1029.5	0	0.00018126	
1021.05	0	0.00023992	
1015.36	0	0.000285233	
1027.41	0	0.000108918	
1032.38	0	0.000129477	
1081.52	0	0.000269248	
1073.75	0	0.000232078	
1080.71	0	0.000761391	
1078.62	0	0.000308668	
1069.89	0	0.000266939	
1048.41	0	0.000143841	
1062.47	0	0.00012568	
1059.18	0	0.000114603	
1037.08	0	0.000134447	
1036.05	0	0.000297742	
1081.04	0	0.00168155	
1080.15	0	0.000560413	
1073.36	0	0.000194196	
1053.69	0	0.00010226	
1062.71	0	0.000189656	
1060.68	0	0.000133412	
1049.56	0	0.000175694	
1050.28	0	0.00026485	
1086.83	0	0.000969143	
1079.11	0	0.000416993	
1021.02	0	0.000171	
1039.25	0	0.000235323	
1027	0	0.00015649	
1010.05	0	0.000130259	
1016.08	0	0.00021882	
1012.71	0	0.000195476	
1007.74	0	0.000136859	
1005.27	0	0.000180451	
1039.98	0	0.000238668	
1028.33	0	0.000207619	
1032.51	0	0.000262129	
1022.81	0	0.00022529	
1014.13	0	0.000259088	
1017.26	0	0.00025583	
1010.52	0	0.000183868	
1023.06	0	0.000208065	
1005.42	0	0.000123422	
1003.47	0	0.000152412	
1010.53	0	0.000246468	
1003.26	0	0.000104138	
999.15	0	0.000170712	
1009.35	0	0.00026079	
1121.11	0	0.000242795	
1127.84	0	0.000313533	
1128.83	0	0.00105487	
1122.32	0	0.000152485	
1125.41	0	0.00036706	
1126.98	0	0.000411116	
1123.67	0	0.000311348	
1112.77	0	0.000174969	
1119.47	0	0.000185169	
1110.56	0	0.000162234	
1117.86	0	0.000224383	
1125.89	0	0.000356659	
1125.76	0	0.00104553	
1125.21	0	0.000280766	
1118.59	0	0.000157625	
1090.65	0	0.000165	
1080.21	0	0.000283459	
1088.72	0	0.000167052	
1123.6	0	0.00033811	
1128.7	0	0.00124677	
1135.58	0	0.00131211	
1115.62	0	0.000620861	
1091.8	0	0.000173953	
1092.53	0	0.000121854	
1101.48	0	0.000130287	
1104.78	0	0.000179993	
1074.36	0	0.000221459	
1091.34	0	0.000158902	
1116.29	0	0.000182162	
1114.27	0	0.000185621	
1088.44	0	0.000118333	
1065.18	0	7.82351e-05	
1060.22	0	0.000203746	
1097.97	0	0.000150271	
1100.64	0	0.0002613	
1071.82	0	0.0001636	
1035.79	0	0.00024234	
1062.47	0	0.000299821	
1078.7	0	0.000158284	
1109.22	0	0.00024113	
1103.67	0	0.000211813	
1075.55	0	0.000141721	
1076.56	0	0.000105248	
1048.54	0	7.47909e-05	
1064.12	0	0.000119536	
1055.7	0	0.000179787	
1045.89	0	8.92231e-05	
1040.72	0	8.09187e-05	
1105.61	0	0.000164304	
1114.42	0	0.000307936	
1118.54	0	0.000563446	
1103.86	0	0.000331799	
1062.21	0	0.000204982	
1074.53	0	0.000232892	
1094.29	0	0.000194729	
1102.1	0	0.000236568	
1087.18	0	0.000273607	
1109.01	0	0.000464055	
1109.23	0	0.000269457	
1109.47	0	0.000558361	
1043.76	0	0.000278532	
1046.54	0	0.000254414	
1072.65	0	0.000149198	
1085.78	0	0.000190219	
1086.57	0	0.000140928	
1071.03	0	0.000117322	
1095.43	0	0.000315585	
1091.56	0	0.000214589	
1057.45	0	0.000100919	
1044.87	0	9.91542e-05	
1101.53	0	0.000351262	
1087.31	0	0.000169027	
1068.96	0	0.00012587	
1056.89	0	0.000103595	
1042.5	0	9.29214e-05	
1052.8	0	0.00010443	
1069.22	0	0.000134492	
1055.59	0	0.000166236	
1045.96	0	7.85511e-05	
1035.55	0	6.89875e-05	
1044.85	0	6.70805e-05	
1024.48	0	7.41462e-05	
1040.27	0	0.000105936	
1034.84	0	8.30674e-05	
1082.9	0	0.000147186	
1068.61	0	0.000115227	
1057.82	0	9.8433e-05	
1045.27	0	6.36196e-05	
1028.43	0	7.37702e-05	
1033.31	0	9.12354e-05	
1020.07	0	7.72077e-05	
1034.89	0	0.000124266	
1089.01	0	0.000324649	
1086.8	0	0.000218992	
1056.48	0	0.000157938	
1054.46	0	8.98269e-05	
1039.09	0	6.24627e-05	
1035.58	0	6.95505e-05	
1046.31	0	0.000132062	
1029.61	0	9.09697e-05	
1024.28	0	0.000100713	
1036.7	0	6.97635e-05	
999.159	0	0.000284719	
1031.27	0	0.000210709	
1096.35	0	0.000361537	
1078.18	0	0.000168595	
1042.18	0	0.000174045	
1033.58	0	0.000115977	
1036.46	0	9.46037e-05	
1035.9	0	0.000146298	
1021.95	0	0.000153547	
1012.72	0	0.000173764	
1027.96	0	0.000100394	
1018.88	0	0.00014923	
1067.88	0	0.000158699	
1062.12	0	0.000139038	
1052.74	0	0.000366217	
1019.77	0	0.000158153	
1013.01	0	0.00011943	
1029.91	0	8.14089e-05	
1032.8	0	9.62977e-05	
1025.2	0	7.80724e-05	
1015.53	0	0.000168536	
1005.25	0	0.000193455	
1020.55	0	8.18233e-05	
1014.28	0	8.25753e-05	
1028.58	0	0.000332103	
1022.2	0	0.000240078	
1032.21	0	0.000204794	
1030.58	0	0.000289114	
1047.65	0	0.000717086	
1023.18	0	0.000665268	
1129.36	0	0.000857623	
1109.92	0	0.000379763	
1061.38	0	0.000721487	
1060.79	0	0.000190628	
1113.01	0	0.00108463	
1100.88	0	0.000397398	
1079.42	0	0.00058181	
1068.21	0	0.000400754	
1075.44	0	0.000687577	
1075.66	0	0.000281757	
1105.52	0	0.000738928	
1105.09	0	0.000311225	
1061.7	0	0.000714292	
1044.04	0	0.00042447	
985.403	0	0.00215036	
1039.21	0	0.0005765	
1026	0	0.000478045	
1037.6	0	0.000204419	
1071.25	0	0.00101468	
1048.88	0	0.000417326	
1037.36	0	0.000312384	
1037.72	0	0.000184548	
1056.99	0	0.000296624	
1061.02	0	0.000339714	
1064.16	0	0.000453059	
1049.96	0	0.000204565	
1043.92	0	0.000361768	
1049.03	0	0.000974987	
1050.22	0	0.000347176	
1052.96	0	0.000184704	
1055.5	0	0.000172277	
1052.09	0	0.000169332	
1042.46	0	0.000314863	
1106.08	0	0.00173512	
1055.83	0	0.000448761	
1056.34	0	0.000203663	
1050.44	0	0.000206685	
1040.41	0	0.000175691	
1036.81	0	0.000298227	
1039.66	0	0.000180598	
1078.24	0	0.00042992	
1053.9	0	0.000212435	
1055.95	0	0.000207682	
1049.02	0	0.000132608	
1047.52	0	0.000135593	
1048.08	0	0.000183829	
1030.79	0	0.000233922	
1035.34	0	0.000166934	
1072.6	0	0.000335436	
1061.31	0	0.000246438	
1044.61	0	0.000117256	
1039.59	0	0.000106163	
1027.83	0	0.000180444	
1042.36	0	0.000160473	
1051.55	0	0.000278778	
1033.01	0	0.000175598	
1017.92	0	0.000220663	
1027.9	0	0.000313358	
1033.62	0	0.000159659	
1043.18	0	0.00042669	
1022.05	0	0.000151435	
1030.67	0	8.34808e-05	
1038.83	0	0.000174938	
1022.56	0	7.84542e-05	
1028.95	0	0.000160714	
1027.37	0	0.000153219	
1039.59	0	0.000204382	
1021.23	0	0.000192237	
1025.67	0	0.000195237	
1029.03	0	0.000176869	
1018.48	0	0.000253868	
1018	0	0.000292868	
1037.71	0	0.000419784	
1009.71	0	0.000279107	
1013.14	0	0.000145491	
1010.67	0	0.000146381	
1023.27	0	0.000235935	
1016.49	0	0.0001917	
1019.06	0	0.000239321	
1016.87	0	0.000163514	
1013.09	0	0.000168414	
1011.73	0	0.000199333	
1011.51	0	0.000156394	
1007.91	0	0.000333578	
1019.38	0	0.000205634	
1021.82	0	0.000271859	
1010.06	0	8.2462e-05	
1023.66	0	0.000151795	
1013.32	0	0.000173557	
1008.55	0	0.000255622	
1008.82	0	0.000168448	
1004.1	0	0.000207919	
1010.44	0	0.000272663	
1009.47	0	0.000394251	
1036.34	0	0.000350508	
1043.93	0	0.000325347	
1043.57	0	0.00106458	
1038.87	0	0.000171994	
1028.16	0	0.000332135	
1031.42	0	0.00163126	
1032.63	0	0.00054014	
1032.55	0	0.000187082	
1037.74	0	0.000340506	
1032.84	0	0.000282151	
1032.6	0	0.000150747	
1032.44	0	0.00017904	
1027.84	0	0.000136941	
1018.67	0	0.00110673	
1040.64	0	0.000289757	
1030.38	0	0.000271169	
1024.77	0	0.000125593	
1020.84	0	0.000159864	
1026.39	0	0.000152309	
1042.23	0	0.000199386	
1055.37	0	0.000385577	
1017.94	0	0.000140502	
1023.86	0	0.000159762	
1033.71	0	0.000244531	
1033.58	0	0.000274247	
1049.19	0	0.000290531	
1033.41	0	0.000266644	
1037.82	0	0.000174244	
1021.31	0	0.000174372	
1020.43	0	0.000118599	
1009.64	0	0.000227898	
1016.97	0	0.000309808	
1023.86	0	0.000134769	
1033.15	0	0.000250383	
1013.82	0	0.000349976	
1007.5	0	0.000179928	
1013.89	0	0.000102058	
1018.2	0	0.000139134	
1013.91	0	0.000155856	
1018.69	0	0.000239854	
1031.98	0	0.000191661	
1025.33	0	0.00023661	
1012.23	0	0.000130188	
1012.03	0	0.000119603	
1015.86	0	0.000243802	
1008	0	0.000288163	
1016.32	0	0.000274158	
1005.59	0	0.000144005	
1024.29	0	0.000171604	
1035.5	0	0.000240316	
1006.75	0	0.000202591	
1013.83	0	0.000196935	
1009.12	0	0.000136102	
1015.7	0	0.000180566	
1006.76	0	0.000184786	
1013.88	0	0.000165877	
1022.33	0	0.000322847	
1009.58	0	0.000328621	
1002.37	0	0.000394503	
1003.42	0	0.000181865	
1006.5	0	0.000273385	
1010.11	0	0.000142331	
1011.05	0	0.000207745	
1010.64	0	0.00016175	
1005.41	0	0.000123991	
1008.09	0	0.000231619	
1011.55	0	0.000181436	
1022.53	0	0.000153899	
1015.3	0	0.000123112	
1012.83	0	0.000148729	
1022.34	0	0.000224243	
1012.53	0	0.00013069	
1007.37	0	0.000240485	
1010.65	0	0.000150562	
1007.71	0	0.000122463	
1016.24	0	0.000121672	
1012.79	0	0.000225985	
1018.63	0	0.000102803	
1015.01	0	0.000243268	
1017.55	0	0.000261027	
1033.91	0	0.000160243	
1013.64	0	0.000223969	
1009.58	0	0.000185651	
1014.62	0	0.00016226	
1070.24	0	0.00178961	
1019.39	0	0.000346172	
1010.27	0	0.0010337	
1025.41	0	0.00017432	
1029.83	0	0.000327468	
1043.19	0	0.000629211	
1028.72	0	0.000223058	
1023.51	0	0.000187975	
1034.94	0	0.00033869	
1031.85	0	0.000207159	
1023.15	0	0.000132726	
1026.77	0	0.000184885	
1022.84	0	0.000137187	
1037.09	0	0.0010705	
1026.75	0	0.00029581	
1044.25	0	0.000238368	
1035.47	0	0.0002034	
1031.16	0	0.000182861	
1027.05	0	0.000232609	
1017.82	0	0.000159723	
1020.97	0	0.000153209	
1029.22	0	0.000203238	
1023.06	0	0.000332122	
1038.47	0	0.000202276	
1025.55	0	0.000114015	
1020.95	0	0.000126427	
1017.64	0	0.000159882	
1025.91	0	0.000248121	
1024.99	0	0.000277179	
1030.87	0	0.000279903	
1023.98	0	0.000269185	
1029.16	0	0.000176135	
1026.04	0	0.00130807	
1045.21	0	0.000661922	
1033.95	0	0.000181728	
1032.08	0	0.000167965	
1027.86	0	0.000151026	
1015.6	0	0.000122726	
1009.24	0	0.000238581	
1014.27	0	0.000309797	
1016.28	0	0.000136146	
1017.34	0	0.000244289	
1011.81	0	0.000422676	
992.665	0	0.00165529	
1012.86	0	9.49676e-05	
1020.41	0	0.00011171	
1016.64	0	0.000108371	
1018.76	0	0.000134778	
1038.33	0	0.00035535	
1041.23	0	0.000384693	
1041.63	0	0.000292284	
1030.06	0	0.000279519	
1023.08	0	0.000189576	
1025.02	0	0.00015305	
1010.64	0	0.000180006	
1011.31	0	0.000428701	
1020.3	0	0.000194627	
1013.57	0	0.000255672	
1030.13	0	0.000319783	
1005.91	0	0.000591135	
1016.85	0	0.000129687	
1009.2	0	0.000133182	
1050.88	0	0.000447182	
1037.94	0	0.000184268	
1007.32	0	0.000280454	
1021.74	0	0.000262797	
1009.5	0	0.000139634	
999.399	0	0.000310663	
1008.64	0	0.000126814	
1010.02	0	0.000208895	
1006.52	0	0.000216126	
1001.77	0	0.000343377	
1001.02	0	0.000230396	
998.132	0	0.000267282	
999.472	0	0.000257151	
1002.25	0	0.000200607	
1006.97	0	0.000322555	
1011.76	0	0.000312828	
1027.73	0	0.00073159	
1013.76	0	0.000437251	
984.601	0	0.0021475	
1016.07	0	0.000574211	
1010.67	0	0.000484262	
1013.63	0	0.000279193	
960.579	0	0.000694448	
980.865	0	0.000669215	
980.517	0	0.000793322	
998.766	0	0.00131254	
997.699	0	0.000683826	
982.603	0	0.00078751	
1022.5	0	0.000476959	
1072.29	0	0.0018731	
1040.31	0	0.000734457	
1041.26	0	0.00123781	
1024.01	0	0.000632542	
1018.5	0	0.000559825	
1005.98	0	0.000306875	
1004.28	0	0.00156999	
1016.41	0	0.000477742	
1025.86	0	0.00103114	
1006.09	0	0.000626317	
1000.47	0	0.000381583	
1011.32	0	0.000356623	
1012.98	0	0.000430351	
1008.31	0	0.000199944	
1002.03	0	0.000353964	
983.642	0	0.00151657	
1009.07	0	0.000572211	
1011.4	0	0.000271892	
1002	0	0.000301562	
1005.02	0	0.000249162	
1010.66	0	0.000188462	
1011.34	0	0.000202949	
1006.78	0	0.000259746	
1010.26	0	0.000259601	
1009.14	0	0.000156497	
1011.06	0	0.000235614	
1008.65	0	0.00013973	
1002.29	0	0.000189545	
1000.4	0	0.000164838	
1013.91	0	0.000269504	
1004.4	0	0.000124281	
1002.15	0	0.000112499	
992.509	0	0.000189375	
1009.2	0	0.000206105	
1008.35	0	0.000126062	
993.754	0	0.00010595	
994.711	0	0.000114295	
1003.18	0	0.000199185	
996.912	0	0.000141369	
999.062	0	0.000173918	
1000.5	0	0.000118151	
1000.89	0	0.00016242	
1005.78	0	0.000475312	
970.104	0	0.000292439	
1005.28	0	0.000365761	
999.066	0	0.000270901	
981.611	0	0.000247956	
994.559	0	0.000186336	
979.251	0	0.000289288	
982.588	0	0.000171528	
1001.28	0	0.000206488	
994.952	0	0.000371514	
998.182	0	0.000214625	
992.895	0	0.000279155	
966.433	0	0.00040498	
1002.64	0	0.000184797	
988.185	0	0.000218063	
992.77	0	0.000245407	
1002.32	0	0.000371636	
1002.33	0	0.000300777	
996.194	0	0.000266964	
993.785	0	0.000289407	
992.414	0	0.000200742	
998.251	0	0.00055974	
1020.83	0	0.000334852	
1029.27	0	0.000410917	
1020.68	0	0.000343765	
1025.23	0	0.000336951	
1019.8	0	0.00025038	
1013.94	0	0.00017156	
1019.85	0	0.00037469	
1019.19	0	0.000325069	
1009.26	0	0.000393849	
1009.04	0	0.000159974	
1015.52	0	0.000360249	
1013.15	0	0.00069563	
1018.11	0	0.000336442	
1012.78	0	0.000260588	
1013.87	0	0.000226815	
1013.61	0	0.000247578	
1005.13	0	0.000184814	
1010.66	0	0.00023125	
1005.76	0	0.000225587	
1003.52	0	0.000303347	
1007.84	0	0.000334093	
1001.89	0	0.000416303	
994.664	0	0.000274622	
996.498	0	0.000398311	
1080.47	0	0.00183038	
1078.9	0	0.000382738	
1084.11	0	0.000614938	
1082.59	0	0.000407454	
1004.71	0	0.000720731	
1007.63	0	0.000174604	
983.886	0	0.00115257	
982.308	0	0.000780581	
1113.64	0	0.000456061	
1091.8	0	0.000187474	
1011.18	0	0.00100611	
993.128	0	0.00030188	
1112.77	0	0.000338416	
1112.57	0	0.000326417	
1110.17	0	0.000991755	
1108.26	0	0.000163153	
1121.38	0	0.000411289	
1097.51	0	0.000249194	
1105.69	0	0.000191938	
1099.94	0	0.000263877	
1101.94	0	0.000338836	
1103.79	0	0.000407385	
1052.07	0	0.000188072	
1086.61	0	0.000336238	
1079.77	0	0.000249029	
1079.68	0	0.000252579	
1063.43	0	0.000321873	
1060.37	0	0.000265694	
1055.58	0	0.000203982	
1035.19	0	0.000201722	
1055.44	0	0.000226652	
1050.65	0	0.000219949	
1032.35	0	0.000177823	
1017.62	0	0.000202049	
1007.18	0	0.000313158	
1060.33	0	0.00043418	
1091	0	0.000286778	
1031.12	0	0.000287183	
1020.81	0	0.000198771	
1001.76	0	0.000177559	
1004.54	0	0.000225335	
1035.8	0	0.000286937	
1025.09	0	0.00023306	
1025.09	0	0.000184701	
1012.18	0	0.000182699	
1012.72	0	0.000230816	
1014.59	0	0.000230762	
980.901	0	0.00030595	
990.449	0	0.000348721	
982.409	0	0.000474232	
988.655	0	0.000210237	
980.586	0	0.000359114	
965.758	0	0.00112659	
979.361	0	0.000343234	
988.705	0	0.000193555	
989.087	0	0.00018173	
991.119	0	0.000177765	
986.253	0	0.000306327	
997.888	0	0.000337534	
971.516	0	0.000472584	
990.784	0	0.000290534	
993.287	0	0.000207816	
997.338	0	0.000176797	
1002.56	0	0.000303735	
999.337	0	0.00018543	
963.85	0	0.000363038	
937.591	0	0.00163054	
1021.16	0	0.00170101	
1002.7	0	0.000363814	
1003.21	0	0.000192351	
1000.28	0	0.000128782	
995.812	0	0.000140477	
996.161	0	0.000188367	
997.819	0	0.000236691	
991.673	0	0.000174364	
994.756	0	0.000256463	
991.872	0	0.000221723	
1001.91	0	0.000127516	
1001.89	0	8.37485e-05	
1001.89	0	0.00018156	
993.446	0	0.000164058	
1001.4	0	0.000289343	
1003.28	0	0.00017327	
998.583	0	0.000218134	
1000.8	0	0.000313044	
997.139	0	0.000163202	
979.563	0	0.000190468	
1001.84	0	0.000245884	
1003.72	0	0.000223819	
1003.42	0	0.000112132	
999.773	0	8.0329e-05	
1002.35	0	0.00012902	
1002.16	0	0.000190848	
1001.99	0	0.000208931	
997.905	0	0.000203518	
982.291	0	0.000173478	
959.529	0	0.000416817	
1003.74	0	0.000406188	
993.183	0	0.000577551	
995.797	0	0.000196511	
989.844	0	0.000204207	
988.214	0	0.000195612	
982.307	0	0.000306387	
1003.37	0	0.000206953	
999.879	0	0.000228382	
996.663	0	0.000255495	
1000.45	0	0.000291997	
1005.43	0	0.000211204	
1003.79	0	0.000207027	
995.194	0	0.00023528	
996.351	0	0.000187846	
1004.22	0	0.000229653	
1004.31	0	0.000203309	
995.018	0	0.000149665	
996.497	0	0.000208631	
1005.02	0	0.000334099	
999.879	0	0.00022675	
995.247	0	0.000115292	
994.642	0	0.000137704	
999.715	0	0.000450107	
1002.11	0	0.000296593	
991.452	0	0.000120175	
991.027	0	0.00010975	
992.897	0	0.000130923	
990.345	0	0.000224976	
992.08	0	0.000244516	
983.036	0	0.000327647	
991.239	0	0.000136856	
993.503	0	0.000173311	
989.852	0	0.000204075	
991.757	0	0.000213119	
995.166	0	0.000147398	
991.756	0	0.000166192	
988.345	0	0.000221918	
975.067	0	0.000299996	
995.554	0	0.000131257	
989.438	0	0.000423736	
993.006	0	0.000181759	
981.451	0	0.000505837	
996.831	0	0.000216191	
993.785	0	0.000267086	
994.386	0	0.000244975	
990.697	0	0.000199375	
977.495	0	0.000163029	
991.699	0	0.000181066	
992.113	0	0.000138766	
987.179	0	0.000185512	
996.553	0	0.000201632	
983.785	0	0.000221919	
983.293	0	0.000260775	
974.923	0	0.000102485	
992.01	0	0.000124394	
992.809	0	0.000151329	
991.469	0	0.000153943	
985.89	0	0.000125933	
991.425	0	0.000179153	
997.867	0	0.000343958	
980.211	0	0.000186799	
987.279	0	0.000164845	
984.034	0	0.000210078	
980.342	0	0.000163986	
977.564	0	0.000123681	
985.554	0	0.00010212	
981.522	0	0.000200056	
998.709	0	0.000143015	
990.414	0	0.000236713	
966.3	0	0.000104085	
970.725	0	0.00017454	
973.601	0	0.000133233	
982.328	0	0.000133607	
971.196	0	0.000162034	
963.782	0	0.000246945	
958.821	0	0.000263754	
962.175	0	0.000113931	
974.619	0	0.000115889	
955.139	0	0.000185186	
980.752	0	0.000216615	
970.042	0	0.000126003	
966.523	0	0.000150593	
955.598	0	0.000439093	
974.093	0	0.000416589	
981.381	0	0.000590469	
976.564	0	0.000475161	
960.433	0	0.000264856	
940.195	0	0.000359319	
936.504	0	0.00119775	
948.771	0	0.00018176	
943.874	0	0.000420264	
949.004	0	0.000474042	
948.487	0	0.000354294	
964.294	0	0.000194877	
955.644	0	0.000205686	
963.539	0	0.000180056	
956.814	0	0.000254857	
924.453	0	0.00179108	
955.255	0	0.00115574	
962.855	0	0.000216048	
967.391	0	0.000213654	
978.851	0	0.000176211	
989.195	0	0.000304354	
982.828	0	0.000178314	
947.029	0	0.000389678	
944.704	0	0.00139058	
965.493	0	0.000478565	
968.298	0	0.000219616	
948.878	0	0.000194156	
979.581	0	0.000131725	
973.084	0	0.000143263	
969.841	0	0.0001928	
989.02	0	0.000234967	
977.26	0	0.000174088	
951.083	0	0.000354965	
958.183	0	0.000460663	
979.605	0	0.000119035	
986.596	0	0.000108114	
998.842	0	0.000180735	
976.112	0	0.000160067	
989.21	0	0.000294525	
993.408	0	0.00017771	
1003.31	0	0.000216813	
995.375	0	0.000310028	
989.147	0	0.000163606	
967.318	0	0.000257404	
997.455	0	0.000147433	
993.822	0	8.43074e-05	
989.09	0	0.000176333	
998.7	0	7.8563e-05	
995.424	0	0.000160814	
996.115	0	0.000154908	
992.801	0	0.000188804	
1000.68	0	0.000174952	
964.665	0	0.000181425	
951.013	0	0.000338571	
994.258	0	0.000196712	
982.876	0	0.000206466	
975.84	0	0.000205484	
966.518	0	0.000260449	
961.882	0	0.000407128	
951.18	0	0.000505956	
1001.81	0	0.000251187	
1007.5	0	0.000290025	
995.788	0	0.000183475	
997.086	0	0.000155072	
996.421	0	0.000430808	
1005.45	0	0.000212456	
997.614	0	0.000236123	
1006.62	0	0.000190844	
989.566	0	0.000374693	
996.73	0	0.000172447	
1003.84	0	0.00023699	
1006.45	0	0.000162404	
1002.41	0	0.000185236	
1002.98	0	0.000198212	
1004.47	0	0.000156102	
1006.24	0	7.91001e-05	
1007.41	0	7.40877e-05	
997.551	0	0.000176495	
1008.27	0	0.000130764	
1006.11	0	0.000107082	
992.185	0	0.000307088	
997.881	0	0.000419738	
1001.71	0	0.000180547	
991.408	0	0.000104351	
1000.46	0	0.000107194	
1009.84	0	7.64738e-05	
915.906	0	0.00205098	
957.504	0	0.000726823	
956.547	0	0.000665222	
957.493	0	0.000442032	
966.598	0	0.000679769	
970.468	0	0.000462093	
980.318	0	0.000493818	
965.182	0	0.000290099	
1102.21	0	0.00169206	
1097.28	0	0.000313193	
1098.72	0	0.000436835	
1092.28	0	0.00018915	
1091.6	0	0.000315635	
1102.68	0	0.000696694	
1095.9	0	0.000179151	
1090.33	0	0.000176999	
1091.34	0	0.000334683	
1096.8	0	0.000194053	
1085.1	0	0.000123624	
1092.74	0	0.000172627	
1084.61	0	0.00013092	
1091.68	0	0.000427845	
1091.73	0	0.00024916	
1097.58	0	0.000222618	
1091.82	0	0.000212363	
1090.66	0	0.000166505	
1087.86	0	0.000217966	
1076	0	0.000148296	
1079.41	0	0.000146796	
1089.43	0	0.000156307	
1090.09	0	0.000357946	
1093.19	0	0.000210563	
1082.95	0	0.000108101	
1073.6	0	0.000135068	
1078.63	0	0.000146285	
1087.53	0	0.00021435	
1084.87	0	0.000264519	
1090.09	0	0.0002202	
1093.5	0	0.000232254	
1090.07	0	0.000192478	
1104.63	0	0.00123707	
1106.53	0	0.000620139	
1086.65	0	0.000178384	
1081.23	0	0.000162508	
1076.3	0	0.000166476	
1075.43	0	0.00011111	
1057.11	0	0.00022681	
1069.22	0	0.000293274	
1075.76	0	0.000126028	
1084.59	0	0.000227185	
1091.87	0	0.000322813	
1084.3	0	0.00140062	
1080.06	0	0.00014605	
1067.42	0	0.000118224	
1064.88	0	9.5002e-05	
1072.33	0	0.000129365	
1110.29	0	0.00149763	
1088.6	0	0.000174722	
1096.18	0	0.000219911	
1082.2	0	0.00016088	
1069.92	0	0.00010971	
1076.82	0	0.000161456	
1069.68	0	0.000165608	
1086.31	0	0.000220539	
1082.47	0	0.000179439	
1075.36	0	0.000232849	
1090.46	0	0.000360685	
1092.66	0	0.000152077	
1059.13	0	0.000150857	
1059.45	0	0.000112632	
1095.11	0	0.000174226	
1079.83	0	0.000166645	
1070.49	0	0.000183165	
1060.35	0	0.000194035	
1058.14	0	0.000156457	
1048.45	0	0.000180477	
1064.55	0	0.000261054	
1084.54	0	0.00023811	
1053.91	0	0.000105713	
1058.84	0	0.000126881	
1102.32	0	0.000335469	
1092.32	0	0.000272241	
1106.8	0	0.000591223	
1094.62	0	0.000291463	
1082.09	0	0.000291027	
1051.08	0	0.000144749	
1075.98	0	0.000129442	
1071.43	0	0.00011463	
1042.38	0	0.000133183	
1053.76	0	0.000290423	
1104.47	0	0.00154781	
1098.81	0	0.0004799	
1081.83	0	0.000184319	
1063.38	0	0.000102371	
1074.72	0	0.000189508	
1068.68	0	0.00013441	
1050.35	0	0.000180317	
1046.59	0	0.000268679	
1101.2	0	0.000409922	
1094.99	0	0.000333263	
1069.66	0	0.000194321	
1087.41	0	0.000252183	
1037.36	0	0.000157133	
1029.85	0	0.000384648	
1040.89	0	0.000217452	
1052.39	0	0.000241082	
1035.78	0	0.000247955	
1058.18	0	0.000185783	
1033.56	0	0.00023932	
1026.53	0	0.000206071	
1019.11	0	0.000261875	
1023.37	0	0.000230695	
1007.09	0	0.000259842	
1023.87	0	0.000256022	
1087.97	0	0.000113967	
1080.77	0	0.000101068	
964.322	0	0.000268295	
946.118	0	0.000307388	
951.382	0	0.00118519	
953.947	0	0.000320396	
952.212	0	0.00033215	
942.192	0	0.00047634	
941.698	0	0.000357878	
964.015	0	0.000194871	
963.579	0	0.00020832	
932.155	0	0.00175621	
944.677	0	0.00118093	
960.824	0	0.000216564	
967.837	0	0.000213031	
975.812	0	0.000142626	
950.477	0	0.000490312	
967.595	0	0.000218792	
944.903	0	0.000195541	
979.645	0	0.000132232	
987.001	0	0.000154043	
980.083	0	0.000191723	
949.723	0	0.000356141	
953.203	0	0.000465618	
982.41	0	0.000118298	
989.617	0	0.000107366	
992.952	0	0.000164888	
991.29	0	0.000172794	
989.17	0	0.000137918	
1000.81	0	8.34751e-05	
1012.44	0	0.000213627	
1004.17	0	0.000304908	
975.891	0	0.000278	
968.126	0	0.000288639	
989.875	0	0.000255016	
1006.46	0	7.76547e-05	
992.049	0	0.00014401	
1003.94	0	0.000112415	
1000.9	0	0.000151009	
1003.71	0	0.000149645	
1009.6	0	7.7167e-05	
1006.45	0	7.06237e-05	
1008.66	0	8.41171e-05	
1009.86	0	6.18439e-05	
1009.97	0	8.22118e-05	
1014.08	0	0.000222953	
1008.84	0	8.88299e-05	
1005.54	0	0.000166807	
1011.74	0	0.000128506	
999.927	0	0.000412386	
1008.73	0	0.000114445	
1004.33	0	8.36504e-05	
1007.47	0	8.97818e-05	
998.853	0	9.55008e-05	
993.864	0	8.33811e-05	
1009.41	0	0.000280704	
1007.81	0	0.000123584	
1005.87	0	0.000112649	
1001.45	0	7.72145e-05	
1002.59	0	0.000105372	
986.827	0	0.000224263	
984.255	0	0.000164075	
1008.98	0	0.00018871	
1008.74	0	0.000192903	
993.843	0	0.000110878	
999.896	0	0.000129589	
974.093	0	0.000255314	
972.153	0	0.000680249	
1130.57	0	0.000665153	
1127.43	0	0.00054417	
940.614	0	0.00129248	
951.439	0	0.00195543	
979.272	0	0.000584671	
974.302	0	0.000474501	
964.933	0	0.00067266	
957.863	0	0.000423309	
956.609	0	0.00126462	
981.145	0	0.00189298	
984.482	0	0.000587801	
977.483	0	0.000472137	
975.607	0	0.000662552	
969.562	0	0.000418022	
1098.19	0	0.000361863	
1105.5	0	0.000330195	
1104.14	0	0.00104703	
1104.82	0	0.000318244	
1105.56	0	0.000227879	
1125.07	0	0.00152481	
1112.15	0	0.00052785	
1103.06	0	0.000250448	
1102.44	0	0.000193682	
1100.6	0	0.000395694	
1110.72	0	0.000333608	
1099.67	0	0.000204637	
1087.91	0	0.000141132	
1107.63	0	0.000271393	
1114.65	0	0.00129421	
1108.27	0	0.000308041	
1110.83	0	0.000362548	
1114.55	0	0.000455783	
1102.35	0	0.000313028	
1116.74	0	0.00118624	
1102.79	0	0.000231632	
1101.15	0	0.00020751	
1107.9	0	0.000456758	
1082.72	0	0.000109327	
1094.29	0	0.000208952	
1090.32	0	0.000289021	
1095.99	0	0.000183537	
1078.22	0	9.6543e-05	
1084.39	0	0.00010411	
1073.32	0	0.000136202	
1058.96	0	0.000354828	
1070.29	0	0.000209921	
1071.98	0	0.000279868	
1098.71	0	0.000323236	
1095.5	0	0.000232993	
1096.55	0	0.000200535	
1090.56	0	0.000227129	
1079.68	0	0.000180377	
1092.8	0	0.0002119	
1077.75	0	0.000191155	
1057.34	0	0.000280879	
1072.05	0	0.000261247	
1065.64	0	0.000132386	
1035.23	0	0.000254011	
1039.51	0	0.000450726	
1016.89	0	0.000710193	
999.793	0	0.000433925	
961.187	0	0.00215473	
1006.42	0	0.000573944	
996.297	0	0.000483122	
1011.86	0	0.000206436	
974.944	0	0.00192052	
971.093	0	0.000441165	
975.355	0	0.00065922	
967.242	0	0.000424434	
983.673	0	0.000563782	
975.822	0	0.000315701	
1091.67	0	0.000717906	
1066.6	0	0.000654891	
999.317	0	0.00137309	
964.554	0	0.00108594	
991.966	0	0.000468146	
1006.01	0	0.000603854	
974.234	0	0.000387797	
969.965	0	0.000365593	
968.942	0	0.000443787	
983.563	0	0.000202986	
987.759	0	0.00035955	
988.954	0	0.00144104	
985.262	0	0.000583496	
985.44	0	0.00027722	
983.117	0	0.000319035	
982.063	0	0.000253456	
987.977	0	0.000191058	
983.649	0	0.000207109	
996.318	0	0.000258429	
987.495	0	0.000261376	
995.756	0	0.000156433	
991.04	0	0.000238112	
996.005	0	0.000139593	
996.848	0	0.000123846	
998.205	0	0.000120181	
992.911	0	0.000271196	
997.663	0	0.000123628	
995.805	0	0.000191877	
995.393	0	0.000175439	
997.914	0	0.000213143	
996.483	0	0.000125392	
995.506	0	0.000116825	
997.149	0	0.000132322	
998.83	0	0.000149005	
992.293	0	0.000468905	
997.762	0	0.000120832	
996.732	0	0.000279965	
991.196	0	0.000169659	
997.448	0	0.000150399	
998.251	0	0.000197877	
996.734	0	0.000173645	
990.836	0	0.000300064	
986.784	0	0.000237648	
996.851	0	0.000213741	
996.925	0	0.00024103	
1008.01	0	0.000359102	
1020.47	0	0.000329347	
1031.05	0	0.00105232	
1015.65	0	0.000174942	
1011.87	0	0.000326003	
971.45	0	0.00170095	
1003.06	0	0.000542815	
1016.24	0	0.000188038	
1012.04	0	0.000340164	
995.113	0	0.000282583	
1010.95	0	0.000151735	
1012.96	0	0.000179677	
1013.63	0	0.000137158	
1003.77	0	0.00114427	
1015.4	0	0.000293216	
1003.18	0	0.000274407	
1006.83	0	0.000124801	
1008.99	0	0.000159918	
1011.9	0	0.000152132	
1019.7	0	0.000200078	
1021.45	0	0.000318472	
1002.73	0	0.000140404	
1012.85	0	0.00015925	
1017.59	0	0.000245694	
1016.48	0	0.000274461	
1022.99	0	0.000260665	
1016.76	0	0.000266144	
1014.71	0	0.000176627	
1004.09	0	0.000174563	
1005.6	0	0.000118602	
996.566	0	0.000240627	
1004.72	0	0.000309758	
1010.99	0	0.000135582	
1020.33	0	0.000240813	
1031.33	0	0.00042682	
1044.71	0	0.00151166	
996.609	0	0.000350326	
992.15	0	0.000178281	
998.647	0	0.000102037	
1003.3	0	0.000139028	
1004.92	0	0.000178744	
1023.73	0	0.000220822	
1018.71	0	0.000194446	
1011.78	0	0.000251833	
1027.01	0	0.000376907	
1028.96	0	0.000168208	
995.596	0	0.000130448	
994.297	0	0.00012044	
1000.6	0	0.000279856	
1020.86	0	0.000256422	
999.578	0	0.000273902	
983.739	0	0.000122162	
1004.33	0	0.000211332	
1020.73	0	0.000279817	
990.17	0	0.000245101	
995.675	0	0.000293455	
982.717	0	0.000107991	
988.515	0	0.000162558	
986.569	0	0.000124447	
985.957	0	0.000264224	
983.769	0	0.000225481	
996.574	0	0.000198635	
1023.41	0	0.000121595	
1017.1	0	0.000109358	
984.044	0	0.000194786	
980.213	0	0.000126723	
977.574	0	0.00016602	
986.575	0	0.000191489	
977.031	0	0.000199284	
974.962	0	0.000377025	
1107.56	0	0.000739831	
1124.42	0	0.000563253	
927.737	0	0.00210876	
992.426	0	0.000410285	
969.009	0	0.000663619	
975.589	0	0.000427267	
991.959	0	0.000463844	
1012.52	0	0.000593468	
928.019	0	0.00208678	
1004.48	0	0.000388167	
973.729	0	0.000655806	
984.936	0	0.000420429	
994.568	0	0.000450056	
994.89	0	0.00048365	
1036.03	0	0.00037419	
1034.89	0	0.000325717	
1026.72	0	0.000424284	
1038.21	0	0.000339109	
1046.57	0	0.000277124	
1052.45	0	0.00149365	
1040.19	0	0.000690551	
1047.85	0	0.000266581	
1055.52	0	0.000215119	
1035.48	0	0.000195073	
1037.9	0	0.000243167	
1056.09	0	0.000314089	
1071.52	0	0.00143158	
1033.42	0	0.000224385	
1019.95	0	0.000208587	
1045.13	0	0.000326066	
1052.09	0	0.000221911	
1034.51	0	0.000500019	
1028.12	0	0.000410213	
1036.69	0	0.000228959	
1055.51	0	0.000235969	
1011.75	0	0.00127422	
1032.77	0	0.000299783	
1034.27	0	0.000269036	
1028.49	0	0.000403379	
1031.76	0	0.000225502	
1016.25	0	0.000193893	
1038.97	0	0.000297362	
1055.15	0	0.000395432	
1020.31	0	0.000115522	
1029.06	0	0.000228701	
1025.87	0	0.000259332	
1028.35	0	0.000183622	
1014.64	0	0.000103872	
1022.28	0	0.000111881	
1009.68	0	0.000147687	
990.366	0	0.000453944	
1007.62	0	0.000224059	
994.09	0	0.000286075	
1039.15	0	0.000332591	
1029.73	0	0.000250548	
1032.4	0	0.000259879	
1029.24	0	0.000286344	
1009.66	0	0.000250803	
1009.97	0	0.000292477	
1037.8	0	0.000290111	
1023.98	0	0.000421368	
1015.1	0	0.00022376	
998.735	0	0.00042232	
1010.02	0	0.00022046	
993.629	0	0.000373108	
1005.09	0	0.000393398	
993.853	0	0.000275358	
1036.05	0	0.000309819	
1027.27	0	0.000375307	
999.63	0	0.000295287	
979.605	0	0.000458677	
1085.42	0	0.00108426	
1080.91	0	0.000761656	
1095.53	0	0.00127112	
1024.48	0	0.0010777	
928.53	0	0.000980067	
947.251	0	0.000725414	
1107.94	0	0.00119202	
1105.04	0	0.000808665	
1108.7	0	0.000432716	
1113.04	0	0.000270075	
975.739	0	0.00101789	
993.413	0	0.000655451	
993.314	0	0.00078098	
1001.68	0	0.000678688	
977.64	0	0.000391602	
978.505	0	0.000365165	
975.449	0	0.000431426	
990.726	0	0.000199231	
989.261	0	0.000566931	
983.343	0	0.0014899	
995.689	0	0.000402584	
995.017	0	0.000254681	
986.992	0	0.000176013	
993.525	0	0.000278331	
994.91	0	0.000331928	
997.485	0	0.000303863	
1005.15	0	0.000161655	
999.512	0	0.000338956	
1001.19	0	0.000263384	
988.511	0	0.000356763	
990.928	0	0.000669496	
1002.89	0	0.000234811	
997.853	0	0.000280005	
1005.69	0	0.000281487	
1005.31	0	0.00024663	
1001.35	0	0.000228216	
1005.16	0	0.000249238	
1006.23	0	0.000332991	
1009.15	0	0.000323102	
1006.27	0	0.000193115	
1002.7	0	0.000229041	
1007.75	0	0.000226552	
1006.93	0	0.000304303	
1005.84	0	0.000278635	
1005.96	0	0.000140039	
1007.81	0	0.000431712	
1005.8	0	0.000288763	
999.066	0	0.000276413	
1000.55	0	0.000466483	
1002.82	0	0.000282178	
1007.38	0	0.000250006	
1114.5	0	0.000411721	
1120.86	0	0.000626249	
985.825	0	0.000761689	
980.786	0	0.000448302	
987.343	0	0.00216119	
995.512	0	0.000552076	
989.933	0	0.000487517	
984.753	0	0.000211371	
1144.42	0	0.00124269	
1137.61	0	0.000682516	
984.844	0	0.000361571	
980.56	0	0.000341646	
985.579	0	0.00109987	
984.364	0	0.000181851	
984.872	0	0.000337233	
971.345	0	0.00169163	
988.5	0	0.000557138	
989.446	0	0.000193895	
984.062	0	0.000350879	
982.169	0	0.000289114	
990.495	0	0.000154399	
990.075	0	0.000183702	
995.134	0	0.000140642	
986.736	0	0.00110911	
979.616	0	0.000303487	
988.953	0	0.000277331	
996.827	0	0.000126442	
1002.12	0	0.000164112	
999.85	0	0.00015348	
990.119	0	0.000205621	
985.572	0	0.000332072	
1002.07	0	0.000140712	
1005.21	0	0.000242172	
991.263	0	0.000224791	
995.175	0	0.00027877	
990.855	0	0.000276211	
983.645	0	0.000275677	
986.016	0	0.000183701	
1001.08	0	0.00017614	
1001.07	0	0.000119715	
1008.45	0	0.000238219	
1006.48	0	0.000307399	
1001.93	0	0.000239032	
1000.42	0	0.000397395	
983.042	0	0.000362012	
974.7	0	0.00163647	
1002.25	0	0.000348795	
1006.5	0	0.000178393	
1004.81	0	0.00010209	
1002.96	0	0.00013938	
989.305	0	0.000211475	
981.988	0	0.000384691	
1006.39	0	0.0001299	
1005.48	0	0.000119982	
997.079	0	0.000220247	
996.226	0	0.000225186	
1005.98	0	0.000275106	
1006.51	0	0.000143148	
1006.88	0	0.000203089	
1007.07	0	0.000298668	
1006.62	0	0.000182183	
1008.09	0	0.000166193	
1004.46	0	0.000327139	
1005.85	0	0.000325335	
1008.19	0	0.000271399	
1004.06	0	0.000182084	
1000.84	0	0.000275402	
1006.85	0	0.000142944	
1002.37	0	0.000212218	
1000.85	0	0.000164897	
1002.32	0	0.000124677	
1004.63	0	0.000303623	
995.338	0	0.000155984	
1009.75	0	0.000332111	
990.239	0	0.000249076	
999.778	0	0.000153418	
1001.98	0	0.000123591	
991.486	0	0.000352377	
986.603	0	0.000329832	
994.456	0	0.000233841	
995.712	0	0.000189858	
999.407	0	0.000156305	
1114.4	0	0.000328058	
1115.33	0	0.000322012	
1110.9	0	0.00103928	
1114.37	0	0.000154109	
1116.31	0	0.000528498	
1119.26	0	0.0015286	
1110.39	0	0.000485447	
1112.01	0	0.000245297	
1113.2	0	0.000251521	
1113.52	0	0.000261541	
1111.62	0	0.000178266	
1110.77	0	0.000189127	
1105.67	0	0.000226901	
1109.78	0	0.000263894	
1104.7	0	0.000139879	
1107.19	0	0.000223028	
1098.74	0	0.000124405	
1083.19	0	0.000166155	
1080.72	0	0.000146651	
1099.01	0	0.000237046	
1088.38	0	0.000112564	
1080.56	0	9.60913e-05	
1044.86	0	0.000170674	
1088.34	0	0.000175859	
1093.62	0	0.000110085	
1043.23	0	9.56095e-05	
1066.49	0	0.000105928	
1051.25	0	0.000369105	
1075.19	0	0.000101103	
1008.93	0	0.000249068	
1073.9	0	0.000137876	
1055.55	0	0.000158253	
1043.13	0	0.00022219	
1089.98	0	0.000142665	
1114.53	0	0.000438852	
935.702	0	0.000326788	
1121.85	0	0.00032453	
986.026	0	0.000288262	
895.423	0	0.000494847	
1027.08	0	0.000161064	
1100.68	0	0.000182203	
1103.08	0	0.000307863	
1068.31	0	0.000195961	
1096.93	0	0.000159055	
1063.66	0	0.000194997	
1071.8	0	0.000223509	
1095.59	0	0.000334239	
1111.48	0	0.000267765	
1095.73	0	0.000226627	
1034.32	0	0.000280167	
1025.34	0	0.000203022	
1090.18	0	0.000255713	
1104.7	0	0.000271797	
1103.35	0	0.00108288	
1097.78	0	0.000292692	
1100.96	0	0.000297927	
1094.65	0	0.000432951	
1089.84	0	0.000318998	
1085.34	0	0.0001787	
1089.17	0	0.000196869	
1105.02	0	0.00172988	
1093.24	0	0.00107883	
1082.79	0	0.000193422	
1077.05	0	0.000199977	
1077.33	0	0.000132998	
1086.1	0	0.000951214	
1074.02	0	0.000206984	
1086.94	0	0.000168341	
1064.64	0	0.000125393	
1066.94	0	0.000150254	
1076.46	0	0.000177941	
1095.87	0	0.000309961	
1079.94	0	0.000239	
1063.72	0	0.000113923	
1055.88	0	0.000102891	
1060.07	0	0.000156751	
1065.3	0	0.000161882	
1058.65	0	0.00027586	
1050.39	0	0.000170956	
1022.62	0	0.000218159	
1042.8	0	0.000307044	
1084.99	0	0.000254504	
1089.44	0	0.00026297	
1023.52	0	0.000149602	
1041.48	0	8.22882e-05	
1050.66	0	0.000172019	
1031.82	0	7.66385e-05	
1037.58	0	0.000156692	
1033.15	0	0.000151204	
1039.67	0	0.00020396	
1018.9	0	0.000190015	
1034.07	0	0.000410281	
1004.32	0	0.000279395	
1006.22	0	0.000144565	
1009.06	0	0.000144801	
1009.64	0	0.000167087	
1027.71	0	0.000186259	
1003.31	0	0.000208789	
1013.5	0	0.000269874	
1134.68	0	0.00191457	
1120.61	0	0.000443581	
975.964	0	0.000799063	
986.693	0	0.000673363	
1129.65	0	0.000239021	
1134.37	0	0.000305061	
1132.86	0	0.00104235	
1132.9	0	0.000142538	
1131.56	0	0.000351407	
1117	0	0.000411982	
1123.1	0	0.000303014	
1127.07	0	0.000167635	
1131.57	0	0.000179932	
1129.99	0	0.000155299	
1132.18	0	0.000209889	
1120.44	0	0.000352084	
1118.19	0	0.00104245	
1117.49	0	0.000273927	
1124.19	0	0.000147473	
1129.59	0	0.000152157	
1132.72	0	0.000252763	
1131.46	0	0.00014984	
1130.16	0	0.000265694	
1128.54	0	0.00126343	
1106.91	0	0.00138156	
1119.51	0	0.000355357	
1128.23	0	0.000160401	
1131.26	0	0.000113161	
1131.15	0	0.000121922	
1132.48	0	0.000168983	
1126.22	0	0.000197912	
1129.55	0	0.000143194	
1124.32	0	0.000174065	
1124.42	0	0.000172562	
1129.57	0	0.000109064	
1119.34	0	7.23358e-05	
1121.52	0	0.000157421	
1131.48	0	0.000138601	
1128.6	0	0.000246672	
1129.24	0	0.000145606	
1087.97	0	0.000201864	
1120.67	0	0.000274116	
1127.55	0	0.000144048	
1130.69	0	0.000203277	
1126.68	0	0.000216287	
1127.4	0	0.000190891	
1126.93	0	9.64522e-05	
1109.68	0	6.67593e-05	
1119.55	0	0.000106788	
1117.36	0	0.000165736	
1120.23	0	0.000172287	
1072.08	0	0.000188825	
1130.53	0	0.000150987	
1129.89	0	0.000394495	
1118.2	0	0.000319636	
1124.5	0	0.000578322	
1119.07	0	0.000164318	
1123.17	0	0.00017562	
1128.86	0	0.000177759	
1129.51	0	0.000276344	
1127.84	0	0.000190678	
1125.59	0	0.000265736	
1099.28	0	0.000223705	
1092.98	0	0.000263141	
1124.72	0	0.000185725	
1112.17	0	0.000184336	
1115.25	0	0.000197004	
1086.79	0	0.000169789	
1123.89	0	0.000190024	
1113.53	0	0.000172776	
1109.09	0	0.000124799	
1108.59	0	0.000185864	
1126.26	0	0.000307444	
1124.8	0	0.00020684	
1072.19	0	0.000107013	
1097.3	0	0.000123565	
1120.48	0	0.000425822	
1122.43	0	0.00025689	
1060.67	0	0.000107002	
1050.87	0	9.79845e-05	
1083.51	0	0.000111947	
1113.58	0	0.000199101	
1066.35	0	0.000216059	
927.057	0	0.000372025	
1016.95	0	0.000138379	
1076.83	0	0.000149361	
1107.51	0	0.00018048	
1110.29	0	0.000187916	
1058.45	0	0.000140039	
1100.07	0	0.000140123	
1108.18	0	0.000189602	
1120.46	0	0.000262221	
1056.47	0	0.00012359	
1106.44	0	0.000362121	
1092.58	0	0.000155126	
1114.17	0	0.000436661	
1080.47	0	0.000198273	
1086.77	0	0.000228775	
1048.93	0	0.000235743	
1055.14	0	0.000177839	
898.003	0	0.000173827	
1069.42	0	0.000159235	
1027.29	0	0.000134562	
1017.74	0	0.0001746	
1069.34	0	0.000188012	
977.948	0	0.000216095	
940.024	0	0.000281974	
841.928	0	0.000122572	
1035.29	0	0.000114184	
1028.72	0	0.000143703	
1048.46	0	0.000136955	
970.034	0	0.000126541	
997.023	0	0.000183976	
1050.44	0	0.00032689	
905.941	0	0.000226092	
988.34	0	0.00016323	
963.476	0	0.000213908	
917.182	0	0.000177614	
881.752	0	0.000155017	
962.327	0	0.000103208	
921.199	0	0.000223255	
1066.15	0	0.000128805	
1011.95	0	0.000243791	
685.979	0	0.00017151	
806.398	0	0.00022694	
843.806	0	0.000176767	
962.437	0	0.000132431	
798.892	0	0.000200557	
612.132	0	0.00045631	
545.747	0	0.000327227	
620.769	0	0.000153436	
839.871	0	0.000141734	
544.549	0	0.000323419	
920.362	0	0.000252251	
767.453	0	0.000153215	
689.506	0	0.000228819	
975.74	0	0.000492277	
990.8	0	0.000198618	
996.545	0	0.000318263	
980.778	0	0.000341945	
969.673	0	0.00110664	
985.779	0	0.000180174	
973.738	0	0.000459582	
1013.96	0	0.00165772	
997.974	0	0.000365822	
990.331	0	0.000285859	
989.262	0	0.000366684	
993.933	0	0.000249484	
999.15	0	0.000272605	
992.656	0	0.00030288	
1000.26	0	0.000197823	
998.684	0	0.00030728	
997.544	0	0.000263706	
1000.13	0	0.000404323	
992.849	0	0.000569632	
998.64	0	0.000228227	
996.694	0	0.000223908	
998.414	0	0.000281682	
1002.24	0	0.000251879	
1003.91	0	0.000269331	
999.325	0	0.000215859	
999.729	0	0.000336945	
996.736	0	0.000269414	
1004.92	0	0.000202617	
1004.21	0	0.000228268	
999.315	0	0.000423573	
996.709	0	0.000388173	
997.795	0	0.000297271	
999.177	0	0.000252117	
992.891	0	0.000389026	
1001.63	0	0.000266147	
999.091	0	0.000203581	
999.95	0	0.00031187	
1001.52	0	0.000438715	
991.497	0	0.000306105	
982.396	0	0.000312576	
999.075	0	0.000194421	
1005.42	0	0.000286948	
1000.59	0	0.000238909	
991.889	0	0.000237858	
995.121	0	0.000238347	
1125.87	0	0.000668544	
1126.5	0	0.00038471	
1121.78	0	0.000515638	
1124.1	0	0.000269163	
956.848	0	0.00184791	
986.408	0	0.000337616	
978.326	0	0.000471132	
992.792	0	0.000198576	
985.89	0	0.000335951	
991.625	0	0.000756876	
985.188	0	0.000198729	
990.661	0	0.000189943	
988.325	0	0.000351049	
986.105	0	0.00020921	
994.517	0	0.000134099	
987.667	0	0.000189709	
994.857	0	0.000140386	
984.886	0	0.000449177	
997.046	0	0.000254795	
985.434	0	0.000236247	
993.72	0	0.000220888	
990.442	0	0.000178557	
993.713	0	0.000235336	
998.57	0	0.000162841	
999.615	0	0.00015327	
991.44	0	0.000170063	
988.919	0	0.000382583	
994.948	0	0.000223879	
997.931	0	0.000114447	
1001.87	0	0.000142476	
999.119	0	0.000241749	
994.124	0	0.000211867	
996.796	0	0.000273437	
991.495	0	0.000239253	
986.668	0	0.000243079	
993.772	0	0.000199058	
1004.42	0	0.00128572	
984.626	0	0.000678245	
996.49	0	0.000186433	
999.281	0	0.000172759	
999.527	0	0.000177285	
999.428	0	0.000119729	
999.734	0	0.000242045	
1002.11	0	0.000306298	
998.187	0	0.000238048	
998.232	0	0.000408057	
993.545	0	0.000302705	
994.877	0	0.00137402	
998.899	0	0.000153211	
1001.59	0	0.000123852	
1001.3	0	0.000101991	
1001.96	0	0.000137954	
963.748	0	0.0016795	
995.476	0	0.000189187	
990.741	0	0.000240858	
996.538	0	0.000171071	
1001.38	0	0.000117071	
1000.93	0	0.00017112	
995.147	0	0.00025697	
995.736	0	0.000418854	
1001.78	0	0.000161399	
1000.33	0	0.000120768	
989.775	0	0.000186701	
996.645	0	0.00017738	
997.27	0	0.000129299	
1000.42	0	0.000121827	
1000.27	0	0.000108488	
1001.78	0	0.000185479	
996.16	0	0.000232683	
996.013	0	0.000219115	
1000.7	0	0.00011047	
1001.69	0	0.000133302	
981.894	0	0.000354658	
991.264	0	0.000276148	
979.062	0	0.000631911	
991.406	0	0.000344029	
995.349	0	0.00019245	
998.855	0	0.000333973	
997.287	0	0.000162126	
999.48	0	0.000116835	
1000.94	0	0.000123033	
1001.43	0	0.000114396	
1004.26	0	0.00163244	
989.247	0	0.000505208	
995.82	0	0.000189453	
997.576	0	0.000166206	
1000.67	0	0.000102645	
1001.02	0	0.000101327	
1000.17	0	0.00013444	
1001.62	0	0.000234163	
973.775	0	0.00149203	
999.055	0	0.000164139	
992.354	0	0.000240102	
988.435	0	0.000494984	
1001.16	0	0.000126754	
1002.52	0	0.000256803	
1000.8	0	0.000121951	
1001.53	0	0.000104969	
1000.39	0	7.20395e-05	
999.944	0	0.000154135	
1001.08	0	0.000248883	
987.104	0	0.000477074	
1001.67	0	0.000136129	
1003.42	0	0.000121485	
1002.1	0	7.72097e-05	
1001.73	0	7.59466e-05	
1000.71	0	6.87033e-05	
998.912	0	7.58403e-05	
992.643	0	0.000287031	
1001.3	0	0.000518568	
1001.76	0	0.000180674	
1004.33	0	0.000188231	
1005.15	0	0.000121155	
1003.84	0	6.4783e-05	
1003.72	0	0.000100683	
1002.19	0	6.64449e-05	
1001.68	0	7.02047e-05	
1002.44	0	6.05485e-05	
1003.62	0	8.44794e-05	
1005.51	0	0.00013007	
1004.07	0	0.000136756	
1000.13	0	5.35656e-05	
1006.41	0	0.000131925	
1006.87	0	0.000223344	
998.235	0	6.31965e-05	
998.002	0	8.39225e-05	
999.215	0	0.000106865	
997.328	0	7.60949e-05	
998.322	0	7.21434e-05	
999.543	0	5.51158e-05	
999.013	0	4.82056e-05	
998.01	0	4.88498e-05	
999.993	0	6.02625e-05	
995.597	0	5.33332e-05	
997.841	0	5.78673e-05	
994.132	0	0.000109226	
995.046	0	6.51654e-05	
997.621	0	8.96577e-05	
993.333	0	0.000628041	
1003.31	0	0.00141509	
1002.47	0	0.000196378	
1006.72	0	0.000172444	
1007.66	0	0.000204837	
1001.16	0	6.58952e-05	
996.793	0	0.000125722	
990.409	0	0.000111165	
998.574	0	0.000293145	
1001.26	0	0.000762435	
1003.98	0	0.000265582	
1006.25	0	0.00027504	
1009.25	0	0.000197078	
1007.02	0	0.000147433	
1001.94	0	0.000104068	
999.008	0	6.35882e-05	
997.634	0	6.06271e-05	
994.415	0	0.000126065	
993.98	0	9.32244e-05	
993.041	0	6.59476e-05	
1010.34	0	0.00019936	
1011.54	0	0.000181345	
1005.63	0	0.00014346	
1003.07	0	0.000112994	
996.763	0	9.58402e-05	
998.034	0	5.39891e-05	
996.931	0	0.000193434	
996.28	0	0.000208163	
996.832	0	8.2769e-05	
995.665	0	8.79999e-05	
993.705	0	6.32944e-05	
996.158	0	6.62407e-05	
997.336	0	0.000202865	
994.174	0	8.74195e-05	
992.952	0	0.000102114	
997.708	0	0.000103723	
994.442	0	8.91519e-05	
995.4	0	0.000110182	
993.994	0	0.000140605	
993.639	0	0.00019217	
990.359	0	8.59152e-05	
981.183	0	0.000415312	
988.458	0	0.000193445	
981.579	0	0.00033766	
995.924	0	0.000187479	
998.585	0	0.000278894	
1012.78	0	0.000286178	
1011.33	0	0.000242318	
1010.28	0	0.000242804	
1011.97	0	0.000155838	
1008.87	0	0.000160569	
1009.13	0	0.000189033	
1011.55	0	0.000223394	
1012.38	0	0.000126933	
1008.15	0	0.000241121	
1006.61	0	0.00011923	
1001.74	0	0.000216893	
1005.71	0	0.000124779	
1002.57	0	0.000103597	
1001.8	0	0.000193776	
1001.29	0	0.000122228	
1000.96	0	0.000138575	
1001.74	0	0.00018444	
996.022	0	0.000179255	
997.931	0	0.000136562	
999.025	0	0.000115979	
994.067	0	0.000102791	
992.806	0	0.00010635	
995.285	0	0.000125295	
998.083	0	0.00014373	
990.415	0	0.000100746	
992.534	0	8.15231e-05	
991.613	0	0.000121391	
989.949	0	7.21102e-05	
1003.15	0	0.000181974	
993.755	0	0.000144375	
998.373	0	0.000222242	
998.662	0	0.000145802	
985.353	0	0.000117885	
991.974	0	0.000146638	
989.844	0	0.000189907	
986.672	0	0.000207195	
988.793	0	0.000120377	
985.619	0	0.000134534	
1115.08	0	0.000995583	
1124.04	0	0.00036738	
1118.6	0	0.000400312	
1113.92	0	0.000570955	
1117.15	0	0.00192172	
1118.94	0	0.0003894	
1118.54	0	0.000583421	
1118.12	0	0.000357882	
1108.45	0	0.000427878	
1109.47	0	0.000505517	
1105.14	0	0.00133688	
1096.19	0	0.00102405	
1092.79	0	0.00028894	
1088.38	0	0.00057114	
1061.82	0	0.00206732	
1016.09	0	0.000745381	
1104.67	0	0.000279011	
1100.95	0	0.000327532	
1100.98	0	0.000443235	
1098.28	0	0.000198055	
1099.34	0	0.000352325	
1105.85	0	0.00104533	
1106.98	0	0.000309781	
1100.16	0	0.000169748	
1101.16	0	0.000161475	
1097.09	0	0.000158824	
1095.62	0	0.00029989	
1109.04	0	0.000344237	
1104.23	0	0.000434107	
1109.43	0	0.000270611	
1101.38	0	0.000191293	
1091.16	0	0.000164317	
1087.04	0	0.000275986	
1087.26	0	0.000173101	
1117.48	0	0.00155859	
1105.12	0	0.000206089	
1106.24	0	0.000194345	
1097.12	0	0.000125961	
1095.45	0	0.00012457	
1094.78	0	0.00017514	
1084.26	0	0.000214175	
1088.51	0	0.000154094	
1111.45	0	0.000267398	
1102.63	0	0.000197483	
1096.73	0	0.000109823	
1091.76	0	9.68271e-05	
1076.38	0	0.000169175	
1090.21	0	0.000156156	
1096.27	0	0.000264439	
1086.31	0	0.00015979	
1064.25	0	0.000206503	
1081.22	0	0.000288643	
1080.32	0	0.00015098	
1088.21	0	0.000416389	
1078	0	0.00013607	
1083.24	0	7.59816e-05	
1091.32	0	0.000162294	
1075.87	0	7.01171e-05	
1082.13	0	0.000146544	
1081.22	0	0.000139236	
1086.22	0	0.000164535	
1055.36	0	0.000166813	
1078.69	0	0.00017612	
1078.12	0	0.000189765	
1069.96	0	0.000230145	
1062.36	0	0.000274764	
1083.59	0	0.000170665	
1070.21	0	0.00013814	
995.745	0	0.000455808	
1043.09	0	0.000205833	
1073.55	0	0.000213281	
1060.06	0	0.00017594	
1098.63	0	0.000327373	
1068.95	0	0.000151607	
1066.15	0	0.000223744	
1061.12	0	0.000150285	
1041.63	0	0.00018274	
1052.66	0	0.000180106	
1039.54	0	0.000151101	
1041.01	0	7.39865e-05	
1054.38	0	6.93197e-05	
1059.23	0	0.00016632	
1053.81	0	0.000124445	
1040.74	0	0.000101797	
1017.95	0	0.00028302	
1009.75	0	0.000424275	
1033.52	0	0.000167756	
1003.51	0	0.000106405	
1027.27	0	0.000103085	
1045	0	7.18942e-05	
1082.26	0	0.000286868	
1084.38	0	0.000407982	
1085.14	0	0.000432984	
1084.24	0	0.000292895	
1084.36	0	0.000297452	
1075.71	0	0.000994745	
1077.45	0	0.000333359	
1076.83	0	0.00017627	
1079.89	0	0.000166163	
1111.34	0	0.00174854	
1081.38	0	0.000432882	
1077.36	0	0.000195187	
1073.35	0	0.00019804	
1071.87	0	0.000129213	
1095.45	0	0.000577638	
1076.88	0	0.000203952	
1076.89	0	0.000199133	
1069.35	0	0.000127485	
1065.19	0	0.00014807	
1069.5	0	0.000177824	
1085.82	0	0.000329124	
1081.65	0	0.000386585	
1068.18	0	0.000111513	
1064.64	0	0.000100306	
1061.4	0	0.000154949	
1062.16	0	0.000160268	
1067.51	0	0.000131805	
1056.97	0	7.87946e-05	
1043.49	0	0.000210364	
1052.6	0	0.000298125	
1071.58	0	0.000257151	
1075.19	0	0.000338625	
1069.96	0	0.000241363	
1051.74	0	7.3096e-05	
1063.47	0	0.000137407	
1058.34	0	0.00010823	
1058.66	0	0.000142998	
1056.52	0	0.000141683	
1051.24	0	7.40642e-05	
1053.49	0	6.72932e-05	
1040.92	0	7.96423e-05	
1050.65	0	5.89188e-05	
1051.61	0	7.754e-05	
1028.8	0	0.000222065	
1042.46	0	8.40437e-05	
1033.89	0	0.000155508	
1046.36	0	0.000122815	
1034.77	0	0.000375968	
1051.74	0	0.000106253	
1030.04	0	8.08198e-05	
1048.62	0	8.4879e-05	
1022.89	0	9.0179e-05	
1013.01	0	8.10187e-05	
1034.26	0	0.000270755	
1054.35	0	0.00011463	
1048.59	0	0.000103155	
1026.52	0	7.48762e-05	
1031.98	0	0.000101386	
996.989	0	0.00021648	
1012.01	0	0.00015389	
1045.78	0	0.000175363	
1045.44	0	0.000181913	
1009.69	0	0.000112988	
1020.12	0	0.000128098	
971.482	0	0.000262911	
941.815	0	0.000814402	
1019.51	0	0.000736609	
1030.1	0	0.000612156	
1088.55	0	0.00194854	
1098.31	0	0.000674254	
1091.5	0	0.000601791	
1093.12	0	0.000368074	
1069.62	0	0.000581155	
1048.45	0	0.000398482	
1033.84	0	0.00186058	
1065.04	0	0.000381244	
1041.64	0	0.000489428	
1013.84	0	0.000137078	
996.873	0	0.000576482	
987.089	0	0.000374767	
988.452	0	0.00100332	
999.856	0	0.000182044	
1004.17	0	0.00039851	
1014.59	0	0.000329387	
1014.61	0	0.000194894	
1008.04	0	0.000165022	
1004.33	0	0.000237602	
1012.55	0	0.0001652	
1015.8	0	0.000250712	
1012.01	0	0.000289669	
1019.54	0	0.00131787	
1009.56	0	0.000144042	
1009.32	0	0.000121435	
1011.07	0	0.000247101	
1016.78	0	0.000406799	
1011	0	0.000228681	
1008.9	0	0.000275579	
1100.84	0	0.00102289	
1082.04	0	0.000389545	
1067.2	0	0.00033408	
1078.39	0	0.000558698	
1014.98	0	0.00116912	
1008.02	0	0.000749268	
1015.06	0	0.000336707	
1011.2	0	0.000272599	
1007.73	0	0.000391007	
1006.49	0	0.000160807	
973.028	0	0.000307543	
1008.67	0	0.00138817	
1026.58	0	0.000520537	
999.211	0	0.000147569	
976.776	0	0.000314092	
1023.55	0	0.000221448	
1012.44	0	0.000123092	
1011.17	0	0.000137382	
994.357	0	0.000113138	
963.191	0	0.000387054	
1003.46	0	0.000221581	
1024.08	0	0.000217581	
1018.16	0	9.80557e-05	
986.302	0	0.000117043	
986.971	0	0.000122132	
967.65	0	0.000137003	
956.831	0	0.000281578	
1020.87	0	0.000114628	
972.18	0	0.000111657	
968.662	0	0.000180403	
979.257	0	0.000228389	
951.233	0	0.000147665	
990.322	0	0.000215375	
990.839	0	0.000178816	
1026.78	0	0.000144429	
1014.82	0	9.27917e-05	
997.255	0	8.93065e-05	
993.172	0	0.000244959	
965.621	0	0.000105895	
950.899	0	0.000169888	
942.78	0	0.000172405	
945.111	0	0.000931499	
1036.94	0	0.000282394	
1034.47	0	0.000237853	
1016.5	0	7.71131e-05	
1013.14	0	0.000105011	
961.428	0	0.000134463	
922.715	0	0.00033551	
942.598	0	0.000146396	
931.041	0	0.000203648	
921.824	0	0.000171242	
859.361	0	0.00133743	
1025.82	0	0.000102467	
1006.48	0	8.97832e-05	
1002.66	0	0.000135202	
847.648	0	0.000518664	
1032.78	0	0.000265428	
1014.64	0	7.71438e-05	
1017.95	0	7.59358e-05	
1016.92	0	0.000129318	
1014.73	0	0.000113516	
1011.61	0	4.5699e-05	
999.543	0	9.60543e-05	
1008.87	0	6.56908e-05	
969.715	0	0.000203002	
966.085	0	0.000236757	
982.275	0	0.000141599	
986.316	0	0.00019058	
959.785	0	0.000135064	
989.479	0	9.35281e-05	
984.933	0	0.000129639	
967.369	0	0.0002326	
923.61	0	0.000157596	
887.218	0	0.000296347	
1010.5	0	0.000209999	
1007.83	0	0.000260968	
931.202	0	0.000233049	
924.815	0	0.000251901	
889.951	0	0.000194622	
829.718	0	0.000390469	
995.431	0	0.000249482	
946.463	0	0.000115169	
1094.65	0	0.00186276	
1041.08	0	0.000605373	
1066.32	0	0.000613283	
1056.52	0	0.000375448	
1089.72	0	0.000461447	
1091.14	0	0.000197361	
1102.87	0	0.000348643	
1101.38	0	0.000303601	
1107.03	0	0.000391545	
1092.74	0	0.000312772	
1090.3	0	0.000263026	
1094.23	0	0.0013923	
1095.96	0	0.000386722	
1088.98	0	0.000226598	
1096.19	0	0.000152464	
1077.65	0	0.00032919	
1091.93	0	0.00030973	
1089.1	0	0.000274704	
1060.53	0	0.000261546	
1089.07	0	0.000307244	
1090.92	0	0.00150139	
1091.1	0	0.000304247	
1098.56	0	0.000330009	
1099.08	0	0.000318394	
1102.75	0	0.00063038	
1077.36	0	0.000218612	
1091.2	0	0.000263842	
1062.25	0	0.000313617	
1067.39	0	0.000229466	
1080.76	0	0.000317294	
1076.27	0	0.000229352	
1079.32	0	0.000155901	
1044.89	0	0.00019916	
1053.55	0	0.000257481	
1039.9	0	0.000265202	
1054.72	0	0.000364773	
1025.07	0	0.000323904	
1060.51	0	0.000329565	
1052.7	0	0.000276106	
1077.89	0	0.00031696	
1086.43	0	0.000319038	
1091.09	0	0.0010232	
1082.5	0	0.000164384	
1093.95	0	0.000412025	
1068.45	0	0.00164467	
1074.44	0	0.000344949	
1066.49	0	0.000262286	
1076.01	0	0.000195144	
1076.17	0	0.000265761	
1079.6	0	0.000338855	
1064.92	0	0.000288697	
1047.81	0	0.000275367	
1063.66	0	0.000339328	
1056.84	0	0.000250949	
1073.71	0	0.000383821	
1076.69	0	0.000529213	
1056.25	0	0.000222565	
1068.66	0	0.000210978	
1046.58	0	0.000274331	
1048.97	0	0.000245171	
1037.6	0	0.000235802	
1035.94	0	0.000298954	
1043.03	0	0.000309689	
1031.09	0	0.000133777	
1032.79	0	0.00025522	
1021.4	0	0.00016802	
1041.46	0	9.75767e-05	
1069.53	0	0.000141755	
1024	0	0.000181663	
1040.13	0	0.000316472	
1055.15	0	0.000175243	
1034.62	0	0.000155854	
1017.84	0	0.000112181	
1020.64	0	0.000186013	
1025.52	0	0.000107846	
1037.51	0	0.000198116	
1017.65	0	9.0637e-05	
1018.57	0	0.000160068	
1017	0	0.000122099	
1012.58	0	0.000107699	
1063.52	0	0.000572724	
1071.25	0	0.000346289	
1069.93	0	0.000953886	
1066.32	0	0.00016162	
1072.1	0	0.000379333	
1053.83	0	0.000323734	
1046.95	0	0.000319147	
1051.05	0	0.000338162	
1067.72	0	0.000230048	
1042.01	0	0.000220339	
1046.24	0	0.000260848	
1039.64	0	0.000242202	
1062.81	0	0.000241416	
1071.22	0	0.000284677	
1071.93	0	0.00130878	
1065.35	0	0.000248984	
1071.37	0	0.000416215	
1055.54	0	0.000180089	
1064.54	0	0.000208452	
1049.12	0	0.000150072	
1050.92	0	0.000235922	
1032.36	0	0.000183082	
1023.98	0	0.000134708	
1028.01	0	0.000151888	
1030.02	0	0.000158877	
1023.29	0	0.000118795	
1027.5	0	9.45152e-05	
1017.99	0	0.000176526	
1015.33	0	0.000107624	
1016.98	0	9.95677e-05	
1022.08	0	0.000106939	
1025.66	0	0.000117094	
1018.45	0	0.000157381	
1029.29	0	0.00010352	
1036.62	0	0.000166571	
1019.38	0	9.78805e-05	
1019.79	0	0.000129936	
1022.59	0	0.000103327	
1028.12	0	0.000139691	
1017.77	0	0.000112288	
1016.89	0	0.000143671	
1015.6	0	0.000107607	
1016.96	0	0.000127731	
1019.79	0	0.000170313	
1018.75	0	9.97954e-05	
1011.88	0	0.000173423	
1014.09	0	0.000252775	
1014.96	0	0.000167408	
1017.23	0	0.000115763	
1016.49	0	0.000130863	
1020.22	0	0.000102185	
1017.04	0	9.63495e-05	
1021.4	0	0.000171167	
1018.16	0	0.000102659	
1017.24	0	9.18932e-05	
1018.32	0	0.000219026	
1016.36	0	0.000107101	
1016.45	0	8.7691e-05	
1017.06	0	8.71175e-05	
1017.14	0	0.000151872	
1018.65	0	0.000199738	
1021.76	0	0.000147325	
1018.54	0	8.19936e-05	
1019.32	0	0.000177859	
1016.82	0	0.000152587	
1016.98	0	8.35916e-05	
1014.88	0	9.47174e-05	
1015.74	0	8.99814e-05	
1014.53	0	0.000101935	
1010.7	0	0.000136662	
1015.46	0	0.000159633	
1023.93	0	0.000144509	
1007.94	0	0.000130228	
1007.96	0	0.00010183	
1008.91	0	8.85437e-05	
973.555	0	0.000443688	
984.943	0	0.000667504	
994.891	0	0.00193334	
1022.2	0	0.000344424	
1021.93	0	0.00101808	
1017.62	0	0.000175593	
1006.23	0	0.000336076	
1016.36	0	0.000659088	
1017.55	0	0.000223184	
1013.16	0	0.000190428	
1011.03	0	0.000346246	
1015.83	0	0.000209205	
1012.37	0	0.000134079	
1013.9	0	0.000186061	
1011.99	0	0.00013896	
996.378	0	0.00112324	
1015.11	0	0.000298485	
1009.77	0	0.000245522	
1012.36	0	0.000206503	
1012.95	0	0.000185302	
1012.68	0	0.000234738	
1010.12	0	0.000161025	
1014.29	0	0.000153896	
1019.28	0	0.000206819	
1021.57	0	0.000335008	
1011.53	0	0.000207413	
1012.81	0	0.000115264	
1009.84	0	0.000143196	
1013.86	0	0.000160439	
1015.23	0	0.000253115	
1017.23	0	0.000279724	
1019.61	0	0.000287397	
1009.98	0	0.000273511	
1015.09	0	0.000179439	
1033.67	0	0.00132865	
1011.6	0	0.000773743	
1011.45	0	0.000181817	
1009.43	0	0.000170219	
1010.12	0	0.000177157	
1010.21	0	0.000120413	
1008.43	0	0.00031809	
1010.85	0	0.000309794	
1012.86	0	0.000136068	
1016.32	0	0.00018717	
1037.92	0	0.00040167	
1059.81	0	0.00154112	
1010.6	0	0.000151324	
1008.59	0	0.000124294	
1008.34	0	0.00010276	
1010.53	0	0.000139581	
972.683	0	0.00169571	
1009.8	0	0.000187006	
1010.87	0	0.000275813	
1010.17	0	0.000175621	
1008.28	0	0.000117587	
1009.52	0	0.000170625	
1009.34	0	0.000126239	
1014.36	0	0.000162552	
1017.94	0	0.000236343	
1029.65	0	0.000431449	
1019.51	0	0.000309297	
1038.39	0	0.000478846	
1007.09	0	0.000162603	
1007.88	0	0.000121335	
1007.34	0	0.000211591	
1007.19	0	0.000181482	
1009.07	0	0.000201492	
1006.09	0	0.000306428	
1007.4	0	0.000154985	
1006.93	0	0.000214096	
1008.5	0	0.000164285	
1006.51	0	0.000181309	
1006.77	0	0.000112548	
1007.64	0	0.000136062	
997.691	0	0.000285093	
1009	0	0.000241803	
1002.85	0	0.00077199	
1008.23	0	0.000323298	
1008.28	0	0.000250056	
1005.64	0	0.000163129	
1008.81	0	0.000135476	
1006.75	0	0.000123866	
1008.85	0	0.000176147	
1004.55	0	0.000161505	
1006	0	0.000293358	
1004.35	0	0.000224804	
1018.43	0	0.0017115	
1012.75	0	0.00055445	
1009.28	0	0.000508422	
1008.41	0	0.000111221	
1008.64	0	0.000184342	
1007.65	0	0.000147375	
1009.24	0	0.000174547	
1006.54	0	0.000207344	
999.365	0	0.000995938	
1011.25	0	0.00039981	
1006.24	0	0.000172806	
1003.01	0	0.000291938	
1012.93	0	0.000382022	
1012.34	0	0.000275091	
1013.55	0	0.000205759	
1009.23	0	0.000217491	
1006.37	0	0.000132534	
1002.53	0	0.000184701	
1008.39	0	0.000277737	
1012.05	0	0.000224994	
1008.03	0	0.000204878	
1004.92	0	0.000249719	
1004.08	0	0.000199377	
1003.47	0	0.000134769	
1009.34	0	0.000200485	
1004.06	0	0.000259939	
1005.75	0	0.000132882	
1004.57	0	0.000156573	
1003.06	0	9.93404e-05	
1007.61	0	0.000127142	
1006.21	0	0.000116691	
1003.41	0	8.79541e-05	
1006.39	0	0.0001279	
1002.74	0	0.000107744	
999.719	0	0.000133963	
1003.88	0	0.000112375	
1010.34	0	0.00014016	
1011.13	0	0.000146925	
1002.06	0	0.000166286	
1000.34	0	0.000134876	
999.638	0	0.000114944	
994.208	0	0.000115334	
1009.32	0	0.000187734	
1013.06	0	0.00022963	
1015.18	0	0.000152694	
1005.21	0	0.00019941	
1004.65	0	0.00026807	
1004.03	0	0.000150304	
998.795	0	0.00018382	
992.066	0	0.000101216	
1014.61	0	0.000261964	
1011.25	0	0.000217158	
1013.02	0	0.000169634	
1014.56	0	0.000255332	
1014.94	0	0.000203046	
1017.78	0	0.00022319	
1015.9	0	0.000226007	
1012.41	0	0.000535459	
1014.23	0	0.000420027	
1017.89	0	0.000241653	
1006.66	0	0.000443744	
1014.85	0	0.000385919	
1019.63	0	0.000474283	
1002.01	0	0.00107729	
1012.15	0	0.000245643	
1037.56	0	0.00182089	
989.279	0	0.00174606	
1021.65	0	0.000283219	
1029.47	0	0.00124292	
1027.23	0	0.000868724	
1021.33	0	0.000437128	
1028.27	0	0.000374382	
1017.42	0	0.000493067	
1009.22	0	0.000174718	
1005.29	0	0.000104093	
1000.47	0	0.0001728	
994.135	0	0.000196626	
1000.94	0	0.00023151	
1000.24	0	0.000241558	
1002.55	0	0.000141114	
978.592	0	0.00079462	
975.204	0	0.00040419	
976.705	0	0.000308446	
977.624	0	0.000349236	
971.911	0	0.000476536	
985.553	0	0.000207997	
983.944	0	0.000344443	
976.573	0	0.00100948	
982.915	0	0.000355979	
985.575	0	0.000194741	
982.555	0	0.000182624	
986.799	0	0.000177814	
988.471	0	0.000282886	
954.124	0	0.00195863	
972.352	0	0.000467109	
986.432	0	0.000212182	
994.794	0	0.000208274	
998.595	0	0.000175744	
1003.98	0	0.000304131	
1001.54	0	0.000305939	
990.124	0	0.000305428	
987.368	0	0.00152215	
955.746	0	0.000471744	
996.269	0	0.000213793	
989.316	0	0.000209218	
997.515	0	0.00013526	
993.391	0	0.00014082	
992.848	0	0.000188208	
999.823	0	0.000154357	
999.365	0	0.000151821	
972.021	0	0.000354576	
989.48	0	0.000251681	
1001.36	0	0.000117814	
1004.36	0	0.000107733	
1003.37	0	0.000210303	
1006.41	0	0.000184538	
997.109	0	0.000290759	
1007.91	0	0.000176695	
1011.88	0	0.000217869	
1008.44	0	0.000309675	
1002.42	0	0.000153675	
998.936	0	0.000205259	
1013.08	0	0.000148803	
1008.24	0	8.39478e-05	
1004.91	0	0.000175976	
1010.74	0	7.85662e-05	
989.632	0	0.000424919	
988.851	0	0.000890075	
1010.46	0	0.000160436	
1009.53	0	0.000154037	
1003.68	0	0.000210927	
1009.32	0	0.000193969	
1004.68	0	0.000424211	
1012.45	0	0.000273754	
1003.75	0	0.000148474	
1004.26	0	0.000148175	
1009.46	0	0.000167499	
1008.67	0	0.000194756	
1005.93	0	0.000208864	
1008.52	0	0.000275499	
979.908	0	0.000764695	
989.926	0	0.000421249	
998.049	0	0.000554187	
980.481	0	0.000315995	
973.288	0	0.00109713	
989.725	0	0.000640196	
1003.37	0	0.000797325	
989.921	0	0.000512287	
980.216	0	0.000386799	
980.861	0	0.000362338	
975.438	0	0.000444657	
993.369	0	0.000201248	
998.819	0	0.000364019	
982.875	0	0.00148231	
992.994	0	0.000581118	
994.19	0	0.00027704	
995.743	0	0.000301351	
989.352	0	0.000252525	
997.226	0	0.000190633	
991.774	0	0.000207008	
1003.98	0	0.000260138	
996.95	0	0.00026071	
1004.31	0	0.00015731	
1000.09	0	0.000238378	
1005.16	0	0.000140447	
1006.47	0	0.000188948	
1006.34	0	0.000163823	
1004.22	0	0.000272184	
1006.64	0	0.000123443	
1006.74	0	0.000108337	
1001.29	0	0.000188571	
1006.59	0	0.000195165	
1005.71	0	0.000126615	
999.885	0	0.000106239	
1006.67	0	0.000112581	
1005.7	0	0.000164182	
1005.65	0	0.000116027	
1003.79	0	0.000394115	
1003.2	0	0.000241366	
1004.15	0	0.000173844	
997.244	0	0.000275629	
1006.77	0	0.000161113	
1000.9	0	0.000477956	
997.525	0	0.000280774	
1002.83	0	0.000369254	
1002.65	0	0.000252224	
993.526	0	0.000389343	
1003.73	0	0.000167068	
1005.6	0	0.000205176	
1004.81	0	0.000368545	
1002.61	0	0.000215384	
1005.25	0	0.000185488	
1004.03	0	0.000213743	
1006.71	0	0.000241183	
1005.17	0	0.000373436	
1005.42	0	0.00029934	
1004.65	0	0.000264975	
998.054	0	0.000291444	
997.609	0	0.000201999	
982.719	0	0.000579018	
1008.99	0	0.000359841	
1002.52	0	0.000430279	
1010.21	0	0.000193948	
1028.83	0	0.000583583	
1001.28	0	0.000201676	
999.208	0	0.00017646	
1002.76	0	0.000263497	
1003.9	0	0.000306713	
986.969	0	0.00102265	
1000.58	0	0.000302173	
1000.22	0	0.000301448	
1000.14	0	0.000345089	
993.916	0	0.000473058	
1008.97	0	0.00020716	
1007.62	0	0.000348136	
1007.39	0	0.00108013	
1006.8	0	0.000336307	
1004.99	0	0.000191416	
1003.85	0	0.000179295	
1004.5	0	0.000175566	
1009.9	0	0.000293897	
1012.36	0	0.000341376	
999.403	0	0.000461717	
1000.56	0	0.000289091	
1007.57	0	0.000205669	
1008.83	0	0.000176586	
1008.39	0	0.000305576	
1008.98	0	0.00018576	
1013.51	0	0.000416415	
1022.85	0	0.0015621	
977.149	0	0.00178713	
990.952	0	0.000374597	
1005.89	0	0.000193348	
1008.59	0	0.000128903	
1007.15	0	0.000139946	
1007.88	0	0.000188084	
1009.78	0	0.000236272	
1011.77	0	0.000172508	
1006.82	0	0.000253887	
1006.19	0	0.000219303	
1008.08	0	0.000127628	
1006.62	0	8.4052e-05	
1006.93	0	0.000183692	
1009.96	0	0.000162462	
1007.02	0	0.00028941	
1007.57	0	0.000174406	
1002.81	0	0.000219178	
1007.61	0	0.000313758	
1009	0	0.000162886	
1009.74	0	0.000201745	
1001.87	0	0.000247193	
1005.2	0	0.000224852	
1007.19	0	0.000112642	
1004.19	0	8.06966e-05	
1005.96	0	0.000129645	
1005.89	0	0.000191609	
1005.74	0	0.000209522	
1000.76	0	0.00020496	
1012.36	0	0.000173661	
1010.11	0	0.000501434	
991.908	0	0.000414619	
997.648	0	0.000562314	
1008.88	0	0.000197104	
1013.36	0	0.000205723	
1008.71	0	0.000188772	
1011.12	0	0.000461235	
1004.49	0	0.000207297	
1000.98	0	0.000228381	
1003.95	0	0.000256124	
1002.04	0	0.000296031	
1005.45	0	0.000212642	
1005.18	0	0.000208419	
1008.59	0	0.000236505	
1003.44	0	0.00019066	
1003.9	0	0.00023123	
1004.14	0	0.000204986	
1007.45	0	0.000151107	
1007.15	0	0.000211556	
1001.15	0	0.000336735	
996.495	0	0.000228788	
1003.57	0	0.000116422	
1008.22	0	0.000138553	
1003.34	0	0.000449023	
1002.57	0	0.000297314	
998.286	0	0.000120887	
998.459	0	0.000110351	
1004.07	0	0.000131449	
1010.32	0	0.000224768	
999.965	0	0.000247191	
988.182	0	0.000115734	
997.347	0	0.000144321	
1003.89	0	0.000173713	
1012.61	0	0.000203512	
1011.67	0	0.000212828	
1003.28	0	0.000148521	
1008.46	0	0.000166078	
1010.9	0	0.000218451	
1014.41	0	0.000292142	
1003.54	0	0.000131845	
1008.4	0	0.000250229	
1014.29	0	0.000256646	
1012.12	0	0.000401289	
998.233	0	0.00024643	
997.323	0	0.000199916	
987.222	0	0.000162733	
1000.06	0	0.00018038	
995.536	0	0.000140288	
994.859	0	0.000185308	
999.468	0	0.000204393	
992.088	0	0.000149969	
989.709	0	9.61183e-05	
993.563	0	0.000113223	
998.314	0	0.000175298	
1000.65	0	0.00019043	
989.45	0	0.000157158	
993.076	0	0.000241431	
989.946	0	0.000186406	
990.728	0	0.000166641	
992.709	0	0.000153811	
986.837	0	0.000105732	
985.662	0	0.000108974	
992.729	0	0.000130756	
995.904	0	0.000237619	
979.258	0	0.000174446	
986.281	0	0.00010455	
986.129	0	0.000140153	
984.881	0	0.000132097	
987.196	0	0.000115424	
996.888	0	0.000160172	
994.476	0	0.000142528	
989.001	0	0.000133826	
982.517	0	0.000133718	
982.086	0	0.000134786	
977.949	0	0.00019547	
983.638	0	0.000210341	
984.609	0	0.000208588	
984.258	0	9.7879e-05	
979.519	0	0.000125693	
1014.66	0	0.000520637	
1009.31	0	0.000414464	
1011.74	0	0.000432676	
1004.48	0	0.000302909	
1009.66	0	0.000309754	
1086.39	0	0.000332501	
1072.48	0	0.000338972	
1067.92	0	0.00101557	
1069.71	0	0.000188798	
1075.29	0	0.000462276	
1072.27	0	0.000258096	
1075.16	0	0.000191823	
1069.64	0	0.000298297	
1066.22	0	0.000485175	
1082.49	0	0.000367623	
1038.03	0	0.000340276	
1059.72	0	0.000343314	
1054.64	0	0.000249163	
1061.73	0	0.000281343	
1055.2	0	0.000233853	
1051.89	0	0.000301596	
1022.68	0	0.000255829	
1069.87	0	0.00054754	
1047.37	0	0.000298551	
1090.14	0	0.000497662	
1095.53	0	0.000349241	
1097.03	0	0.000908814	
1095.74	0	0.000167573	
1106.64	0	0.000516309	
1093.04	0	0.000324183	
1082.27	0	0.000367595	
1081.03	0	0.000176931	
1096.95	0	0.000258419	
1070.09	0	0.000205549	
1085.26	0	0.000174543	
1010.72	0	0.000438107	
1016.89	0	0.000421066	
1057.12	0	0.00116806	
1055.47	0	0.000765735	
1098.84	0	0.00101234	
1093.61	0	0.000297355	
1102.74	0	0.000282413	
1102.41	0	0.000321592	
1101.25	0	0.000439407	
1097.25	0	0.000192038	
1101.15	0	0.000359597	
1095.8	0	0.000913914	
1100.47	0	0.000334611	
1085.71	0	0.00017643	
1096.46	0	0.000161692	
1085.91	0	0.000160593	
1096.9	0	0.000280482	
1095.23	0	0.00049678	
1100.63	0	0.000429734	
1085.79	0	0.000277561	
1081.69	0	0.000168086	
1073.55	0	0.000167982	
1059.41	0	0.000176862	
1069.08	0	0.000174552	
1081.15	0	0.000323601	
1067.79	0	0.000229993	
1081.13	0	0.00014556	
1054.83	0	0.000229402	
1073.12	0	0.000130223	
1080.17	0	0.000177005	
1057.4	0	0.000224499	
1075.05	0	0.000161753	
1076.96	0	0.000258097	
1071.07	0	0.00014311	
1048.76	0	0.000217715	
1071.79	0	0.000210687	
1061.43	0	0.00015514	
1076.1	0	0.000197883	
1037.05	0	9.64233e-05	
1056.72	0	0.000172874	
1054.99	0	0.000210238	
1061.53	0	0.000181217	
1090.12	0	0.000211912	
1113.98	0	0.0005746	
1034.17	0	8.46842e-05	
1044.5	0	0.000125198	
1056.53	0	0.000102355	
1041.17	0	0.000126738	
1029.98	0	7.61201e-05	
1033.61	0	9.72953e-05	
1028.44	0	0.000320515	
1023.99	0	0.000154025	
1010.03	0	0.00014441	
1016.41	0	0.000163393	
1033.27	0	0.000128177	
1025.6	0	9.79225e-05	
1035.95	0	0.000108039	
1039.31	0	0.000247737	
1022.19	0	9.20533e-05	
1038.98	0	0.000139065	
1016.22	0	0.000147879	
1024.04	0	0.000248914	
1010.93	0	0.000120872	
1007.6	0	0.000224787	
1133.03	0	0.000336827	
1123.97	0	0.000313826	
1111.91	0	0.00101079	
1126.41	0	0.000148994	
1125.03	0	0.000393315	
1127.37	0	0.000195127	
1128.3	0	0.000184134	
1125	0	0.000223084	
1127.88	0	0.000263606	
1083.17	0	0.000328939	
1078.82	0	0.000315506	
1074.79	0	0.00101633	
1078.98	0	0.000155201	
1083.84	0	0.000501505	
1109.32	0	0.00147367	
1098.59	0	0.000760529	
1070.95	0	0.000223467	
1080.34	0	0.000181838	
1077.06	0	0.000152394	
1074.63	0	0.000244137	
1067.1	0	0.000449432	
1063.57	0	0.000266226	
1073.58	0	0.000128855	
1069.58	0	0.000103354	
1080.02	0	0.000168949	
1065.37	0	0.000182914	
1055.34	0	0.000277945	
1070.04	0	0.000162428	
1044.42	0	0.000339765	
1073.34	0	0.000348861	
1070.65	0	0.000175694	
1056.78	0	0.000180779	
1050.01	0	0.000339037	
1049.18	0	0.000334435	
1043.01	0	0.0004347	
1059.72	0	0.00018956	
1078.14	0	0.00035148	
1049.32	0	0.000248448	
1068.61	0	0.000288448	
1089.61	0	0.000541323	
1080.66	0	0.000341948	
1086.25	0	0.000414086	
1076.31	0	0.000216782	
1082.28	0	0.000347857	
1065.38	0	0.000240008	
1077.31	0	0.000161198	
1076.9	0	0.000283756	
1080.21	0	0.000473224	
1054.16	0	0.000308686	
1041.98	0	0.000334676	
1059.9	0	0.00033853	
1055.73	0	0.000242927	
1040.53	0	0.000309138	
1022.86	0	0.00058696	
990.599	0	0.000574878	
988.588	0	0.000369278	
985.725	0	0.00043645	
998.254	0	0.000198669	
1001.27	0	0.000588641	
996.192	0	0.000205197	
993.835	0	0.000178864	
999.078	0	0.000264968	
1002.53	0	0.000308531	
986.183	0	0.000371014	
973.413	0	0.000355018	
954.982	0	0.00110441	
982.064	0	0.000200739	
973.772	0	0.000486388	
990.818	0	0.000267045	
984.91	0	0.000198999	
978.805	0	0.000319986	
984.18	0	0.000513252	
994.838	0	0.000312204	
1009.38	0	0.000336075	
997.116	0	0.000345596	
995.138	0	0.000261061	
998.903	0	0.000296991	
1000.94	0	0.000241142	
1001.48	0	0.000302634	
1007.73	0	0.000254463	
996.425	0	0.000558905	
1002.18	0	0.000308625	
996.654	0	0.00051542	
977.607	0	0.000375046	
976.001	0	0.000986412	
981.245	0	0.000184073	
968.372	0	0.000584187	
993.584	0	0.000342512	
998.096	0	0.000379013	
995.249	0	0.000184519	
979.366	0	0.000286259	
998.111	0	0.000213689	
989.241	0	0.000187875	
974.092	0	0.000350682	
952.839	0	0.000360208	
950.027	0	0.00113663	
960.616	0	0.00019436	
949.955	0	0.000575238	
978.528	0	0.00164566	
977.598	0	0.000552298	
975.977	0	0.000142559	
960.161	0	0.000294806	
976.287	0	0.000288847	
983.111	0	0.000440117	
980.026	0	0.000155559	
979.962	0	0.000276748	
1125.04	0	0.000342169	
1122.24	0	0.00032471	
1120.75	0	0.000399581	
1123.2	0	0.000187912	
1127.5	0	0.000318161	
1128.59	0	0.00134483	
1125.1	0	0.000501142	
1119.25	0	0.000127974	
1123.33	0	0.000292252	
1124.31	0	0.000217636	
1119.55	0	0.00037294	
1114.94	0	0.000140885	
1115.79	0	0.000241566	
1012.58	0	0.000349868	
1007.3	0	0.000349403	
1017.9	0	0.001078	
1004.53	0	0.000185886	
989.545	0	0.000585507	
999.257	0	0.00163749	
1013.39	0	0.000537109	
1010.89	0	0.00013957	
1002.62	0	0.000288425	
1008.47	0	0.000285879	
1012.85	0	0.000436613	
1013.24	0	0.000154909	
1011.39	0	0.000268201	
987.975	0	0.000209197	
999.379	0	0.000213314	
990.842	0	0.00015996	
994.621	0	0.000221588	
966.883	0	0.000179566	
967.511	0	0.000101904	
978.427	0	0.000103432	
985.705	0	0.000174679	
1011.34	0	0.000197452	
1010.26	0	0.000210748	
1005.26	0	0.00015626	
1010.78	0	0.000217531	
1005.49	0	0.000170267	
1003.43	0	9.59055e-05	
1001.43	0	0.000100623	
1001.79	0	0.000171763	
1020.24	0	0.000130264	
1015.42	0	0.000142238	
1009.74	0	0.000175111	
1000.38	0	0.000179007	
1004.86	0	0.000161764	
1004.84	0	0.000170338	
1009.72	0	0.000215139	
1002.41	0	0.000343228	
1008.55	0	0.000375161	
1007.73	0	0.0002222	
1007.69	0	0.000161925	
1014.34	0	0.000196426	
1008.43	0	0.000227877	
1008.1	0	0.000133928	
1011.51	0	0.000191747	
1011.36	0	0.000171594	
1011.87	0	0.000155477	
1010.5	0	0.000160556	
1019.83	0	0.000135375	
1024.58	0	0.000180569	
983.718	0	0.000396866	
982.031	0	0.000276496	
1038.51	0	0.00021516	
1023.26	0	0.000260861	
1000.65	0	0.000303462	
994.647	0	0.000398193	
1016.92	0	0.000224779	
1017.95	0	0.00016677	
1000.26	0	0.000244126	
985.328	0	0.000214756	
986.299	0	0.000138569	
981.941	0	0.000305891	
956.95	0	0.000412118	
967.126	0	0.000202865	
996.508	0	0.000262252	
974.176	0	0.000169027	
1033.93	0	0.00021021	
1039.41	0	0.000267685	
1019.02	0	0.000376651	
1007.92	0	0.000277784	
980.921	0	0.000146697	
957.674	0	0.000192399	
1012.02	0	0.000215603	
1011.73	0	0.000283584	
975.651	0	0.000371292	
980.393	0	0.000474801	
1008.23	0	0.000273403	
1004.37	0	0.000269172	
995.604	0	0.000242149	
1007.1	0	0.000194439	
991.737	0	0.000163978	
990.489	0	0.000172365	
999.87	0	0.000214864	
989.691	0	0.000369992	
990.839	0	0.000316863	
990.869	0	0.000224768	
999.727	0	0.00016222	
1020.6	0	0.000192816	
1002.71	0	0.000227803	
1009.58	0	0.000402392	
1017.83	0	0.000216074	
1037.9	0	0.000284576	
1000.82	0	0.000193304	
1000.09	0	0.000172615	
1087.79	0	0.000218928	
1046.16	0	0.000193396	
977.544	0	0.000148317	
966.418	0	0.000304258	
470.528	0	0.000879256	
775.196	0	0.000261953	
998.466	0	0.000185735	
992.581	0	0.000211836	
999.283	0	0.000274199	
994.834	0	0.00021948	
989.179	0	0.000228113	
994.33	0	0.000193077	
985.337	0	0.000325418	
975.459	0	0.000565604	
1000.48	0	0.000227759	
1000.33	0	0.000166984	
999.563	0	0.000200025	
997.332	0	0.000110585	
1022.66	0	0.000251032	
941.194	0	0.000182591	
971.3	0	0.000159793	
896.854	0	0.000222946	
1026.31	0	0.000214268	
1038.73	0	0.000279416	
1047.23	0	0.000358515	
1038.81	0	0.000181685	
1035.58	0	0.000258234	
1030.41	0	0.000268399	
1020.41	0	0.000167541	
1032.07	0	0.000199678	
1018.32	0	0.00014299	
1022.9	0	0.000185372	
1014.4	0	0.000166852	
1014.5	0	0.000126178	
1009.69	0	0.000306117	
1009.02	0	0.000352619	
1002.01	0	0.000162274	
991.411	0	0.0001742	
1008.51	0	0.000212795	
991.972	0	0.000371351	
967.632	0	0.000332891	
985.871	0	0.000231537	
999.524	0	0.000164017	
1009.72	0	0.000196576	
995.568	0	0.000236165	
988.684	0	0.000412794	
1006.96	0	0.000234438	
1010.02	0	0.000278708	
1005	0	0.000191148	
1002.15	0	0.000175036	
1002.35	0	0.000246365	
999.465	0	0.000211946	
993.463	0	0.000138848	
988.415	0	0.000306718	
986.501	0	0.000102775	
988.304	0	0.000103613	
1012.01	0	0.000105624	
1010.84	0	0.000112423	
976.683	0	0.000231161	
965.343	0	0.000136205	
966.463	0	0.000124159	
956.1	0	0.000157454	
960.499	0	7.2216e-05	
981.902	0	0.000138389	
987.21	0	0.000187451	
1000.03	0	0.000399645	
1006.69	0	0.000218504	
1004.97	0	0.000128512	
1007.9	0	0.000117552	
1008.19	0	0.000143567	
1004.47	0	6.83125e-05	
996.225	0	0.000133762	
992.089	0	0.000184591	
996.2	0	0.000404209	
1024.56	0	0.000196979	
1010.93	0	0.000116667	
1009.32	0	0.000185734	
997.605	0	0.000368279	
1028.74	0	0.000483809	
1009.39	0	0.000225443	
1007.27	0	0.000202178	
1011.19	0	0.000287359	
1019.55	0	0.000267966	
1010.24	0	0.000259185	
1020.37	0	0.000214882	
1025.61	0	0.000108124	
1021.92	0	0.000102619	
1028.48	0	0.000147147	
1027.31	0	0.000150281	
1020.14	0	0.000229022	
995.4	0	0.00037263	
987.23	0	0.000258376	
973.527	0	0.000257259	
991.392	0	0.000157051	
981.343	0	0.000167088	
976.555	0	0.000213885	
961.402	0	0.000175498	
967.745	0	0.000307476	
973.806	0	0.000252391	
969.015	0	0.000215136	
966.522	0	0.000145696	
967.39	0	9.98622e-05	
988.344	0	0.000402598	
995.576	0	0.000253145	
991.304	0	0.00023801	
991.603	0	0.000310056	
972.378	0	0.000423165	
989.845	0	0.000228796	
1003.43	0	0.000276602	
989.421	0	0.000260981	
1101.04	0	0.000319129	
1067.45	0	0.000220042	
948.414	0	0.000253565	
1021.55	0	0.000155011	
917.098	0	0.000198324	
856.766	0	0.000270506	
633.862	0	0.000251444	
687.863	0	0.000453749	
847.157	0	0.000320641	
796.143	0	0.000220406	
724.521	0	0.000204752	
754.9	0	0.000125151	
980.248	0	0.000336316	
979.95	0	0.000234723	
1040.47	0	0.000322767	
1028.76	0	0.000192302	
1016.14	0	0.000277183	
1010.2	0	0.000154556	
1011.37	0	0.000113343	
1011.35	0	0.000150338	
984.095	0	0.000364184	
976.878	0	0.000317639	
965.163	0	0.000473212	
973.504	0	0.000242082	
1004.34	0	0.000272716	
997.099	0	0.000267304	
1004.91	0	0.000369611	
1002.25	0	0.000254744	
993.253	0	0.00025177	
996.742	0	0.000157805	
990.761	0	0.000166816	
987.904	0	0.000212724	
979.371	0	0.000172709	
980.712	0	0.000305875	
987.042	0	0.000249949	
982.527	0	0.000213698	
987.167	0	0.000158773	
987.424	0	0.000108002	
990.135	0	0.000126296	
989.87	0	9.70892e-05	
1012.43	0	0.000101952	
1009.76	0	0.000119681	
1008.63	0	0.000193098	
1006.6	0	0.000118702	
1007.29	0	8.93171e-05	
1013.88	0	0.00015109	
1004.47	0	0.0001507	
1008.27	0	0.0001451	
1005.69	0	0.000225143	
1006.45	0	8.41892e-05	
1003.76	0	8.33661e-05	
1000.09	0	8.08365e-05	
991.472	0	0.000261789	
983.52	0	0.000284633	
962.83	0	0.000129103	
953.387	0	0.000174763	
967.499	0	0.000151804	
969.734	0	8.39981e-05	
955.654	0	0.000131843	
970.62	0	8.65155e-05	
973.502	0	0.000100159	
981.16	0	0.000127685	
956.85	0	9.6642e-05	
962.977	0	9.53205e-05	
963.869	0	7.81824e-05	
983.07	0	0.00028588	
946.548	0	0.000215826	
955.459	0	0.000260935	
959.137	0	9.24061e-05	
957.893	0	0.000118119	
977.73	0	0.00021854	
998.347	0	0.000333461	
1009.61	0	0.000256853	
1002.71	0	0.00028719	
1006.99	0	0.000119606	
1009.74	0	0.000165321	
1002.21	0	0.000142321	
1002.18	0	8.00771e-05	
1008.01	0	0.000124633	
999.927	0	8.194e-05	
997.226	0	9.54079e-05	
1001.17	0	0.000123805	
1005.83	0	8.94176e-05	
1002.58	0	9.02434e-05	
1001.09	0	7.36095e-05	
989.321	0	0.000280617	
1015.39	0	0.000197815	
1009.61	0	0.000240996	
1003.7	0	8.77297e-05	
1003.59	0	0.000108941	
1002.79	0	0.000211832	
994.999	0	0.000338645	
1018.06	0	0.000347402	
992.967	0	0.000338712	
1018.91	0	0.000213714	
1018.17	0	0.000254052	
1027.04	0	0.000111755	
1029.18	0	0.000173659	
974.974	0	0.000405593	
969.772	0	0.000123192	
962.402	0	0.0001597	
973.198	0	0.000167317	
999.497	0	0.000225312	
1004.43	0	0.000309288	
984.974	0	0.000404502	
767.345	0	0.000177821	
649.211	0	0.000286413	
832.514	0	0.000210045	
1013.15	0	0.000248976	
1027.31	0	0.000190398	
993.933	0	0.000195055	
1021.94	0	0.000195969	
998.371	0	0.000393491	
985.23	0	0.000121523	
985.604	0	0.000226004	
996.079	0	0.000220827	
990.364	0	0.000135811	
990.723	0	0.000115024	
1012.91	0	0.000112773	
1006.48	0	0.000149619	
999.869	0	0.000164093	
1001.77	0	0.000149862	
1004.45	0	0.000120382	
990.503	0	0.000137738	
963.859	0	0.000181685	
947.573	0	0.000167133	
937.356	0	0.000217519	
953.277	0	0.000220478	
962.198	0	0.000222126	
968.372	0	0.000216363	
982.182	0	0.000290174	
988.681	0	0.000487455	
1009.78	0	0.000174443	
1009.66	0	0.000154262	
1014.93	0	0.000200914	
1008.94	0	0.000208344	
1002.33	0	0.000209099	
994.814	0	0.000194234	
1004.87	0	0.000280361	
1001.64	0	0.000142786	
1026.27	0	0.000162625	
1030.98	0	0.000142785	
1040.27	0	0.000293552	
1033.9	0	0.000164372	
972.24	0	0.000119852	
978.65	0	0.000175701	
949.061	0	0.000339765	
942.387	0	0.000212251	
790.723	0	0.000153929	
893.374	0	0.000199243	
530.24	0	0.000537308	
524.081	0	0.000339402	
984.683	0	0.000119242	
988.85	0	0.000175298	
993.983	0	0.000154577	
993.156	0	0.000125363	
995.251	0	0.000219879	
1006.4	0	0.000119492	
959.279	0	0.000159503	
969.051	0	0.000206317	
669.292	0	0.000241917	
561.366	0	0.000416747	
981.971	0	0.000155143	
979.755	0	0.00020613	
993.752	0	0.000210696	
1005.37	0	0.000299007	
996.282	0	0.000141213	
995.93	0	0.000254842	
953.829	0	0.000409359	
953.904	0	0.000269121	
503.992	0	0.000873269	
351.482	0	0.000701469	
978.481	0	0.000395034	
977.637	0	0.000253757	
1004.11	0	0.000114897	
1001.85	0	0.000257956	
981.657	0	0.000270749	
986.031	0	0.000317589	
996.075	0	0.000281926	
988.873	0	0.000280216	
973.991	0	0.000136222	
982.927	0	0.000197835	
962.339	0	0.000229693	
975.599	0	0.000166666	
977.331	0	0.000494065	
976.323	0	0.000712072	
1025.96	0	0.000262317	
985.377	0	0.000285522	
969.601	0	0.000256341	
974.385	0	0.000146603	
971.062	0	0.000163239	
975.703	0	0.000194916	
975.199	0	0.000350858	
989.864	0	0.000420121	
994.431	0	0.000267615	
987.389	0	0.000269592	
976.67	0	0.00065718	
979.235	0	0.000422763	
861.876	0	0.000322044	
969.954	0	0.000312062	
895.199	0	0.000153647	
948.319	0	0.000203994	
762.973	0	0.000341455	
932.841	0	0.000173578	
975.554	0	0.000455709	
977.255	0	0.000220275	
994.24	0	0.000278792	
990.42	0	0.000228679	
1002.5	0	0.000187956	
998.667	0	0.000199912	
1004.61	0	0.000181341	
1000.81	0	0.000236361	
1001.51	0	0.000155191	
995.26	0	0.000186306	
1006.34	0	0.000202591	
966.87	0	0.000547081	
973.976	0	0.000536804	
1028.24	0	0.000645667	
935.316	0	0.000205517	
961.097	0	0.000268243	
933.573	0	0.000214572	
904.638	0	0.0002443	
852.345	0	0.000343261	
864.12	0	0.00031721	
1025.73	0	0.000217251	
1021.88	0	0.000264093	
1013.62	0	0.000138347	
1003.69	0	0.000200492	
996.658	0	0.000320044	
1023.18	0	0.000325497	
1014.53	0	0.000134024	
1005.96	0	0.000331073	
981.687	0	0.000277424	
989.29	0	0.000321696	
974.169	0	0.000405018	
988.247	0	0.000214204	
1013.82	0	0.000443558	
998.924	0	0.000207339	
996.967	0	0.000142037	
1006.91	0	0.000156905	
983.584	0	0.000214892	
982.906	0	0.000166245	
1008.38	0	0.000157887	
1028.66	0	0.000338901	
999.119	0	0.00016866	
1005.49	0	0.00020147	
1003.68	0	0.000218609	
994.054	0	0.000226445	
968.091	0	0.000226264	
958.591	0	0.000182664	
1012.95	0	0.000168155	
1025.94	0	0.000211617	
1020.42	0	0.000419886	
1015.61	0	0.000106047	
1003.87	0	0.000161788	
1005.67	0	9.67363e-05	
1026.76	0	0.000143563	
1023.99	0	0.000255767	
1008.23	0	0.000142705	
990.171	0	0.000207691	
944.88	0	0.000292742	
952.917	0	0.000392235	
1015.31	0	0.000269412	
1033.96	0	0.000374735	
1016.95	0	0.000337279	
1028.7	0	0.000171485	
1046.42	0	0.000374188	
1026.34	0	0.000179455	
1020.68	0	0.000305866	
1034.77	0	0.000160456	
1005.82	0	0.000182548	
1012.86	0	0.000155825	
1024.53	0	0.000145749	
1015.37	0	0.000179022	
975.296	0	0.000191105	
990.01	0	0.000216378	
1015.01	0	0.000215968	
1017.9	0	0.000316453	
955.839	0	0.000176279	
961.467	0	0.000325779	
985.062	0	0.000293203	
998.533	0	0.00018949	
992.67	0	0.000161582	
1007.13	0	0.000195296	
1006.1	0	0.000245161	
997.47	0	0.000183682	
958.991	0	0.000281512	
984.211	0	0.000451724	
955.393	0	0.000308984	
948.143	0	0.0002279	
966.56	0	0.000310536	
961.521	0	0.000194369	
973.162	0	0.000174865	
973.892	0	0.000189002	
722.487	0	0.000461397	
930.573	0	0.000502081	
642.596	0	0.000576033	
613.136	0	0.000405333	
1007.2	0	0.000184331	
1002.66	0	0.000152218	
1022.8	0	0.000142154	
1015.2	0	0.000133719	
1010.78	0	0.000217491	
1018.59	0	0.000211526	
985.714	0	0.000271909	
988.952	0	0.000456204	
974.385	0	0.000366119	
974.466	0	0.000379735	
993.35	0	0.000284001	
996.568	0	0.000153175	
998.07	0	0.000189558	
1001.27	0	0.000158529	
1008.73	0	0.000243317	
1010.66	0	0.000240346	
973.547	0	0.000154634	
962.506	0	0.000154321	
870.317	0	0.000199034	
800.291	0	0.000218049	
1012.96	0	0.000143702	
1010.84	0	0.000110909	
1008.07	0	0.000105945	
974.966	0	0.000301315	
1031.43	0	0.000199768	
1027.12	0	0.000167967	
976.371	0	0.000386701	
954.426	0	0.000178519	
1022.8	0	0.00020295	
1007.55	0	0.00018355	
996.167	0	0.000155385	
1011.9	0	0.000169036	
1008.8	0	0.000171006	
1008.23	0	0.00021344	
985.372	0	0.000316147	
999.882	0	0.000475357	
1000.17	0	0.00018239	
1008.19	0	0.000158968	
1001.2	0	0.000116476	
999.516	0	0.000207693	
974.741	0	0.00020347	
992.428	0	0.00056684	
1009.36	0	0.000147604	
1010.3	0	0.000215894	
1005.75	0	0.000350197	
1020.13	0	0.000260472	
1018.86	0	0.000226474	
1022.25	0	0.00020296	
1007.22	0	0.000240863	
995.649	0	0.000244444	
995.11	0	0.000125225	
1004.06	0	0.000143637	
965.389	0	0.000190218	
960.552	0	0.000174611	
972.599	0	0.000182035	
964.587	0	0.000235242	
867.916	0	0.000209968	
853.855	0	0.000205478	
898.471	0	0.000217751	
887.601	0	0.000287747	
1001.21	0	0.000219014	
996.912	0	0.000142845	
999.413	0	0.000173256	
978.814	0	0.000179539	
999.979	0	0.000306472	
991.588	0	0.000159221	
985.794	0	0.000160313	
998.549	0	0.000253816	
991.634	0	0.000236677	
996.126	0	0.000324987	
999.09	0	0.000127326	
995.998	0	0.000212799	
958.145	0	0.000200341	
954.648	0	0.000292611	
840.503	0	0.000258222	
741.703	0	0.000434825	
1001.65	0	0.000198614	
993.594	0	0.000167222	
999.133	0	0.000172377	
994.666	0	0.00022567	
970.606	0	0.000277251	
970.846	0	0.000294995	
1019.29	0	0.000249117	
1014.76	0	0.00027254	
1018.65	0	0.000614972	
1027.69	0	0.00054168	
1017.64	0	0.000331904	
983.377	0	0.000367725	
999.989	0	0.000171619	
981.5	0	0.000141538	
985.071	0	0.00020773	
973.416	0	0.000302839	
1006.01	0	0.000573096	
984.873	0	0.000631303	
1010.93	0	0.000563189	
978.832	0	0.000375377	
990.293	0	0.000304525	
988.164	0	0.000457896	
981.059	0	0.00023165	
970.654	0	0.000260126	
989.922	0	0.000578107	
969.97	0	0.000577307	
941.081	0	0.000245278	
937.528	0	0.000239684	
1006.26	0	0.000240582	
1008.68	0	0.000227722	
990.783	0	0.000225701	
999.282	0	0.000221752	
997.332	0	0.000325398	
979.468	0	0.000275019	
982.831	0	0.000206829	
980.583	0	0.00029302	
987.368	0	0.000342036	
931.704	0	0.000318147	
907.798	0	0.000244859	
819.48	0	0.000358754	
981.762	0	0.000243802	
982.483	0	0.000315086	
976.36	0	0.000347911	
1000.87	0	0.000371434	
985.258	0	0.000264906	
983.973	0	0.000283416	
978.178	0	0.000652738	
976.325	0	0.0003015	
988.878	0	0.000280153	
984.654	0	0.000336442	
898.92	0	0.000214704	
877.904	0	0.000237031	
1022.63	0	0.000191649	
1026.88	0	0.000189569	
998.115	0	0.00022755	
1006.48	0	0.000237708	
1026.65	0	0.000554855	
994.133	0	0.000168352	
1029.66	0	0.000143313	
1035.33	0	0.000129051	
972.986	0	0.000277169	
963.839	0	0.000277508	
976.018	0	0.000336503	
975.422	0	0.00033752	
954.472	0	0.000552203	
999.432	0	0.000626151	
622.029	0	0.000467801	
711.415	0	0.00045705	
1007.72	0	0.000212157	
1010.9	0	0.000226382	
970.871	0	0.000348765	
977.758	0	0.000341165	
1038.27	0	0.000180266	
1034.5	0	0.000157349	
959.808	0	0.000232873	
962.811	0	0.000210193	
1016.93	0	0.000178765	
1002.52	0	0.000202219	
1012.36	0	0.000142346	
1003.74	0	0.000197518	
1032.18	0	0.000138125	
1020.43	0	0.000158301	
993.678	0	9.94641e-05	
999.421	0	0.000115712	
949.573	0	0.000159855	
952.738	0	0.000236215	
754.758	0	0.000228058	
779.024	0	0.000302922	
981.996	0	0.000153588	
982.576	0	0.000211437	
993.053	0	0.000490384	
933.761	0	0.000696336	
993.314	0	0.000518645	
1001.57	0	0.000635561	
988.241	0	0.000609049	
991.867	0	0.000357173	
988.683	0	0.000191621	
985.878	0	0.000144769	
978.59	0	0.000282787	
973.647	0	0.000294453	
973.84	0	0.000248075	
968.65	0	0.000292505	
963.785	0	0.00043787	
960.691	0	0.000284727	
972.637	0	0.000344181	
972.054	0	0.000335658	
982.889	0	0.000277054	
996.628	0	0.000223818	
992.24	0	0.000310543	
983.236	0	0.000286294	
974.794	0	0.000298315	
969.367	0	0.000380633	
966.054	0	0.00029621	
903.064	0	0.000279223	
613.869	0	0.000476797	
833.587	0	0.000346333	
912.205	0	0.000347309	
753.575	0	0.000615933	
970.837	0	0.000295578	
981.501	0	0.000255502	
968.058	0	0.000332309	
970.58	0	0.000299747	
991.192	0	0.000293824	
980.046	0	0.000375797	
995.297	0	0.000208736	
1009.14	0	0.000182855	
977.067	0	0.000367511	
974.339	0	0.000437652	
1013.38	0	0.000172705	
1007.57	0	0.000189722	
962.932	0	0.000340269	
978.928	0	0.000370977	
1016.92	0	0.00025625	
1036.84	0	0.000300117	
1008.3	0	0.000213747	
997.462	0	0.000143798	
1043.15	0	0.000200487	
1030.98	0	0.000144846	
995.113	0	0.000140052	
995.697	0	9.8684e-05	
992.056	0	0.000167823	
987.148	0	0.000157914	
999.511	0	0.000139891	
1001.6	0	0.00014623	
990.868	0	0.00030984	
972.312	0	0.000303385	
994.556	0	0.000112999	
1006.9	0	0.000270748	
984.454	0	0.000364267	
987.489	0	0.000177326	
1004.24	0	0.000181823	
1011.89	0	0.000276583	
964.674	0	0.000246866	
989.954	0	0.000210536	
1011.57	0	0.000350356	
957.1	0	0.000307971	
996.073	0	0.000309228	
987.542	0	0.000354859	
878.674	0	0.00038014	
850.413	0	0.00045767	
992.497	0	0.000251631	
994.788	0	0.000168247	
1035.26	0	0.000235077	
1034.17	0	0.000204149	
1034.86	0	0.000272342	
1024.14	0	0.000243974	
956.449	0	0.000234936	
995.28	0	0.000335978	
1013.5	0	0.000538665	
1014.21	0	0.000470644	
940.344	0	0.000407347	
733.085	0	0.000497296	
1044.64	0	0.00021017	
1033.94	0	0.000150031	
1037.19	0	0.00017348	
1044.08	0	0.000132485	
1042.6	0	0.000177411	
1038.21	0	0.000213357	
1014.57	0	0.000180569	
1039.33	0	0.000239382	
1040.33	0	0.00013153	
1042.71	0	0.000112549	
1039.64	0	0.000128274	
1038.82	0	0.000142156	
1027.72	0	0.000218209	
1038.11	0	0.000268885	
797.663	0	0.000841824	
843.616	0	0.000493825	
959.714	0	0.000314147	
953.213	0	0.000378822	
409.853	0	0.000554575	
368.711	0	0.000693937	
1005.91	0	0.000320092	
1005.53	0	0.00028046	
982.519	0	0.000445627	
998.609	0	0.000595694	
971.993	0	0.000456537	
949.551	0	0.000454611	
917.134	0	0.000456086	
951.258	0	0.000213934	
978.165	0	0.000439486	
1001.67	0	0.000210511	
1007.19	0	0.000406625	
1017.53	0	0.000478494	
1002.79	0	0.000214774	
976.552	0	0.000209869	
962.304	0	0.000306551	
958.92	0	0.000240841	
183.775	0	0.00117236	
193.853	0	0.00120849	
988.08	0	0.000270048	
980.556	0	0.000468273	
948.296	0	0.000193964	
950.31	0	0.000135644	
921.28	0	0.000148508	
874.753	0	0.00030535	
1025.05	0	0.000456662	
1014.17	0	0.000246266	
984.647	0	0.000206374	
993.152	0	0.000244789	
946.125	0	0.000307098	
984.11	0	0.000444881	
626.939	0	0.000528292	
731.467	0	0.000680543	
997.51	0	0.000699899	
996.686	0	0.000493981	
960.092	0	0.000241186	
949.422	0	0.000285485	
955.782	0	0.000191205	
984.267	0	0.000198431	
1016.47	0	0.000225731	
1013.44	0	0.000268691	
993.392	0	0.000197672	
991.973	0	0.000210079	
1008.71	0	0.000315554	
1007.32	0	0.000369043	
1009.21	0	0.000712159	
995.085	0	0.000290431	
880.972	0	0.000296946	
916.188	0	0.000290447	
962.311	0	0.000244892	
966.835	0	0.000339685	
733.874	0	0.000383589	
263.472	0	0.00133347	
982.482	0	0.000239637	
983.434	0	0.000337889	
1034.95	0	0.00019916	
1019.43	0	0.000102722	
979.866	0	0.000596514	
952.659	0	0.000284057	
959.76	0	0.00029511	
975.21	0	0.000281143	
981.325	0	0.000450585	
980.963	0	0.000214231	
574.703	0	0.000876688	
596.68	0	0.000335537	
965.411	0	0.000460656	
969.104	0	0.000224679	
1025.74	0	0.000258868	
1026.59	0	0.00013906	
981.018	0	0.000230424	
989.569	0	0.000207964	
953.897	0	0.000173039	
954.139	0	0.000397051	
953.75	0	0.00021327	
957.736	0	0.000297988	
1019.65	0	0.000210903	
1020.8	0	0.000108251	
967.644	0	0.000399782	
949.31	0	0.000300232	
198.429	0	0.00232885	
315.379	0	0.000602252	
929.879	0	0.000280324	
962.052	0	0.000258776	
992.77	0	0.000260988	
987.781	0	0.000269814	
965.91	0	0.000292828	
966.046	0	0.000192216	
969.895	0	0.000343501	
979.422	0	0.000216674	
932.846	0	0.000225075	
949.35	0	0.000228786	
974.653	0	0.000131675	
980.638	0	0.00019172	
989.008	0	0.000235045	
983.461	0	0.000162705	
995.877	0	0.000291581	
1014.53	0	0.000409175	
965.149	0	0.000251226	
947.559	0	0.000345026	
1036.84	0	0.000129262	
1016.43	0	0.00021915	
964.791	0	0.000340855	
955.191	0	0.000376749	
990.617	0	0.000186034	
974.458	0	0.000354084	
968.898	0	0.000279751	
985.588	0	0.000211083	
461.868	0	0.000432095	
227.634	0	0.00135353	
514.475	0	0.000619701	
306.932	0	0.000668008	
980.23	0	0.000195397	
993.591	0	0.000258319	
972.285	0	0.000278939	
979.414	0	0.000218293	
1027.21	0	0.000212445	
1022.6	0	0.000198276	
1028.07	0	0.000125201	
1019.43	0	0.00012582	
992.505	0	0.000429677	
956.118	0	0.000255869	
983.697	0	0.00020077	
990.188	0	0.00028219	
975.966	0	0.000210336	
968.314	0	0.000130291	
967.722	0	0.000197521	
959.966	0	0.000267276	
957.575	0	0.000263363	
953.593	0	0.000237317	
161.619	0	0.00133964	
278.829	0	0.000530148	
950.538	0	0.000162248	
959.636	0	0.000129264	
951.53	0	0.000273372	
976.188	0	0.000325024	
973.965	0	9.89983e-05	
960.041	0	0.000103659	
984.447	0	0.000123935	
966.774	0	0.000138512	
1038.19	0	0.000141399	
1033.45	0	0.00014861	
973.472	0	0.000229261	
980.854	0	0.000271628	
395.647	0	0.000535927	
405.345	0	0.00062425	
969.959	0	0.000240684	
975.143	0	0.000278241	
972.465	0	0.00015748	
950.066	0	0.000336093	
983.301	0	0.000393496	
960.485	0	0.000217766	
107.657	0	0.00487851	
150.547	0	0.00128446	
1032.87	0	0.000252455	
993.264	0	0.000273537	
986.023	0	0.000141535	
954.867	0	0.00013959	
972.937	0	0.000162405	
968.245	0	0.000142344	
971.051	0	0.00019212	
975.384	0	0.000169428	
988.39	0	0.00023306	
977.665	0	0.000226642	
951.037	0	0.000158364	
964.897	0	0.000110686	
951.024	0	0.000137904	
954.632	0	0.000165517	
955.661	0	0.000117083	
946.646	0	0.000111412	
943.065	0	0.00013969	
939.982	0	0.000212208	
1014.63	0	0.000490741	
979.802	0	0.000530558	
959.927	0	0.000500833	
952.853	0	0.000596448	
950.395	0	0.000366225	
950.585	0	0.000514144	
952.483	0	0.000204558	
950.067	0	0.00025248	
944.35	0	0.000225208	
949.73	0	0.000238828	
556.014	0	0.000546431	
371.221	0	0.00156288	
493.062	0	0.000404689	
637.065	0	0.000397729	
459.921	0	0.000449229	
623.292	0	0.000368628	
1054.78	0	0.000526411	
1004.96	0	0.000687704	
980.517	0	0.000289835	
986.209	0	0.00030634	
948.578	0	0.000543757	
941.105	0	0.000785456	
1056.25	0	0.000479145	
1008.2	0	0.000229711	
986.997	0	0.000396588	
1030.71	0	0.000335879	
1003.46	0	0.000459318	
951.447	0	0.000493308	
989.902	0	0.000404415	
898.749	0	0.00103721	
1046.09	0	0.000457025	
1029.37	0	0.000292431	
997.271	0	0.000191539	
984.566	0	0.000224343	
974.081	0	0.000242385	
970.688	0	0.000319306	
971.961	0	0.000406666	
988.281	0	0.000260883	
1010.61	0	0.000348005	
1021.04	0	0.000428598	
990.618	0	0.000236228	
984.608	0	0.000266341	
1018.91	0	0.00016968	
1012.19	0	0.000185266	
939.755	0	0.000278399	
952.98	0	0.000314372	
1009.37	0	0.000187277	
1004.97	0	0.000202761	
1000.56	0	0.000620078	
1029.43	0	0.000259179	
973.579	0	0.000309644	
996.441	0	0.000376237	
1007.78	0	0.000222044	
994.923	0	0.000190658	
1005.2	0	0.000450456	
1018.87	0	0.000553405	
1025.59	0	0.000525937	
1009.36	0	0.000304264	
347.234	0	0.000483251	
300.98	0	0.000479749	
978.763	0	0.000225593	
980.716	0	0.000192321	
989.96	0	0.000319663	
993.674	0	0.000356803	
119.045	0	0.00293117	
45.8183	0	0.0300757	
981.108	0	0.000180097	
954.654	0	0.000148453	
934.644	0	0.000202266	
945.861	0	0.00020255	
958.813	0	0.000249701	
980.749	0	0.000212729	
950.401	0	0.000201439	
943.266	0	0.000223919	
253.384	0	0.000894051	
296.195	0	0.000528034	
635.449	0	0.00032104	
600.339	0	0.000388397	
970.947	0	0.000170644	
983.621	0	0.000187506	
969.583	0	0.000225109	
959.311	0	0.000114835	
1061.71	0	0.000285988	
1028.6	0	0.000288059	
979.934	0	0.000207611	
966.106	0	0.00029106	
1007.98	0	0.000431669	
983.929	0	0.00038881	
1016.15	0	0.000368034	
1030.13	0	0.000332132	
968.682	0	0.000483948	
983.152	0	0.000316942	
1027.88	0	0.000268666	
977.12	0	0.000299907	
990.921	0	0.000241179	
1022.02	0	0.000337521	
952.107	0	0.000561468	
675.85	0	0.000455154	
1028.17	0	0.000361413	
1023.5	0	0.000283622	
1035.39	0	0.000243907	
1049.4	0	0.00028482	
1029.26	0	0.000428255	
983.663	0	0.000253657	
1019.79	0	0.000622825	
1025.39	0	0.000704599	
431.731	0	0.000599902	
276.775	0	0.00036614	
200.777	0	0.000627205	
66.3077	0	0.0114817	
993.447	0	0.000254282	
1000.02	0	0.000140936	
1009.24	0	0.000135257	
1023.64	0	0.000170278	
917.211	0	0.000243344	
975.933	0	0.000266683	
985.466	0	0.000203967	
962.688	0	0.000310087	
1009.61	0	0.000106484	
974.841	0	0.000354518	
94.8688	0	0.00303226	
265.146	0	0.000944146	
343.581	0	0.00025058	
629.496	0	0.000589952	
973.024	0	0.000123247	
964.649	0	0.000111863	
970.609	0	0.000141648	
962.535	0	0.000178514	
1092.89	0	0.000524891	
1049.97	0	0.000257193	
955.948	0	0.000192785	
937.598	0	0.000254739	
988.731	0	0.000357915	
1040.24	0	0.000562746	
1033.09	0	0.00019472	
1053.04	0	0.000381713	
879.731	0	0.000266253	
968.453	0	0.000454121	
983.182	0	0.000351207	
972.426	0	0.0004888	
655.46	0	0.000669624	
590.153	0	0.000615798	
335.143	0	0.00035914	
182.468	0	0.00122194	
421.584	0	0.000472712	
380.16	0	0.000728183	
192.638	0	0.000738291	
199.432	0	0.000533099	
267.833	0	0.000483167	
198.708	0	0.000704935	
243.263	0	0.000505134	
124.668	0	0.00285414	
960.673	0	0.00047861	
1020.54	0	0.000730002	
991.388	0	0.000143974	
993.649	0	0.00025892	
979.731	0	0.000186624	
1024.26	0	0.000336352	
1040.73	0	0.000158664	
1005.47	0	0.000128326	
995.702	0	0.000129465	
1018.76	0	0.00013082	
1023.78	0	0.000140217	
1025.43	0	0.000339268	
1008.86	0	0.000227113	
997.879	0	0.000582787	
991.523	0	0.000277143	
984.825	0	0.000306135	
1036.53	0	0.000241922	
999.285	0	0.000137697	
973.775	0	0.000182234	
985.726	0	0.000142691	
114.697	0	0.00315399	
171.668	0	0.00171828	
396.746	0	0.000562335	
327.699	0	0.000321867	
454.561	0	0.000334582	
444.753	0	0.000271368	
975.98	0	0.000102064	
982.027	0	0.000216234	
948.422	0	0.000215629	
963.354	0	0.000153121	
1061.39	0	0.000253315	
999.758	0	0.000417994	
969.752	0	0.000324396	
939.738	0	0.000416055	
1066.61	0	0.000491392	
1021.77	0	0.000518588	
967.536	0	0.000426734	
947.542	0	0.000674793	
1040.71	0	0.000223719	
1040.7	0	0.000270459	
1036.22	0	0.000182776	
1035.1	0	0.00036226	
995.722	0	0.000342648	
1026.19	0	0.000124594	
993.223	0	0.000151969	
1012.66	0	0.000181073	
71.1494	0	0.0112723	
215.1	0	0.000491997	
311.154	0	0.000383318	
446.205	0	0.000289607	
967.556	0	0.000173973	
976.611	0	0.000130357	
962.391	0	0.000143591	
930.454	0	0.000195484	
951.595	0	0.000289035	
969.435	0	0.000219524	
1013.52	0	0.000183097	
1012.11	0	0.000137883	
1041.77	0	0.000358634	
1032.65	0	0.000192646	
1034.31	0	0.000229196	
1061.93	0	0.000165097	
1042.05	0	0.000210709	
1020.87	0	0.000249272	
156.959	0	0.00123321	
209.953	0	0.000502056	
71.6762	0	0.0118699	
169.642	0	0.00116449	
144.552	0	0.00196072	
344.745	0	0.000440457	
402.16	0	0.000362244	
664.56	0	0.00041995	
966.41	0	0.000135319	
970.527	0	8.57296e-05	
972.136	0	0.000229262	
1006.26	0	0.00029425	
991.178	0	0.000164948	
952.501	0	0.000154355	
936.923	0	0.00012269	
947.542	0	0.000172129	
1057.73	0	0.00024952	
1059.64	0	0.000310636	
1039.74	0	0.000141827	
1051.13	0	0.000238644	
113.981	0	0.00561518	
202.59	0	0.00161479	
261.029	0	0.000452509	
230.189	0	0.000847419	
984.977	0	0.000201256	
999.295	0	0.000250614	
1068.84	0	0.000262966	
1010.77	0	0.00052272	
940.427	0	0.000175534	
932.793	0	0.000188937	
1031.36	0	0.000525394	
1089.2	0	0.000552491	
1047.77	0	0.000403493	
1049.85	0	0.000479408	
1014.43	0	0.00040568	
1001.14	0	0.000620945	
1021.83	0	0.000186507	
975.922	0	0.000257232	
954.507	0	0.000310794	
945.469	0	0.000355931	
993.379	0	0.000438245	
990.975	0	0.000257957	
1039.73	0	0.000603155	
884.243	0	0.000578349	
1052.71	0	0.000882373	
1071.66	0	0.000907747	
941.775	0	0.000516232	
971.964	0	0.000701589	
1051.06	0	0.000573099	
988.303	0	0.000560696	
936.825	0	0.000578183	
1007.9	0	0.00070777	
966.23	0	0.000472435	
1031.32	0	0.000262605	
1039.52	0	0.000430229	
1029.02	0	0.000353318	
1005.41	0	0.000349759	
1018.84	0	0.000359033	
100.524	0	0.00476807	
102.455	0	0.00279584	
971.282	0	0.000354458	
930.603	0	0.000469263	
986.481	0	0.000262721	
991.443	0	0.000318883	
1034.29	0	0.00021809	
1078.33	0	0.000231693	
1101.04	0	0.000198005	
1136.58	0	0.00018404	
1082.79	0	0.000247261	
1059.68	0	0.000273374	
890.906	0	0.000484845	
874.362	0	0.00052629	
871.74	0	0.00034377	
849.912	0	0.000423648	
973.949	0	0.00026326	
963.869	0	0.000278416	
870.527	0	0.000276019	
968.415	0	0.000209163	
1055.57	0	0.000587639	
1073.1	0	0.000527983	
936.264	0	0.000216603	
954.096	0	0.000224048	
1058.46	0	0.00018561	
1067.46	0	0.000189866	
815.196	0	0.000247178	
823.94	0	0.000273346	
191.914	0	0.00116013	
151.459	0	0.00302899	
249.818	0	0.00158469	
310.248	0	0.00128134	
48.9802	0	0.0109409	
55.2096	0	0.0107385	
1048.33	0	0.000285946	
1033.88	0	0.000295963	
970.043	0	0.000744024	
1026.81	0	0.000374117	
1074	0	0.000431768	
1046.27	0	0.000492881	
1047.51	0	0.000371253	
1044.8	0	0.000812314	
1029.61	0	0.000492386	
1049.23	0	0.000502003	
1005.2	0	0.000419481	
954.447	0	0.000266381	
1081.65	0	0.000158424	
1090.58	0	0.000173622	
1064.4	0	0.00027912	
1090.8	0	0.000392843	
489.55	0	0.000231131	
725.77	0	0.000247534	
97.8068	0	0.00707699	
203.696	0	0.00171647	
1107.9	0	0.000448882	
1028.56	0	0.000461949	
1052.28	0	0.000416074	
1045.81	0	0.000344025	
982.098	0	0.000725983	
993.287	0	0.000565013	
1046.7	0	0.000413303	
1021.23	0	0.000380293	
1038.41	0	0.000290741	
997.53	0	0.000197746	
998.275	0	0.000258223	
998.564	0	0.000169381	
916.685	0	0.000224087	
953.206	0	0.000189067	
125.032	0	0.00304114	
47.4295	0	0.0175443	
917.459	0	0.000652404	
931.295	0	0.000507798	
924.951	0	0.000658204	
776.304	0	0.000615357	
924.818	0	0.000221924	
939.104	0	0.000227172	
1029.4	0	0.00019257	
1060.63	0	0.000260488	
1098.34	0	0.00018333	
1114.5	0	0.000220047	
745.787	0	0.000296617	
589.386	0	0.000477961	
745.818	0	0.000278071	
799.573	0	0.000293292	
1003.35	0	0.000372885	
1076.88	0	0.000250638	
932.22	0	0.000238301	
966.764	0	0.000205787	
945.489	0	0.000375333	
906.871	0	0.000594499	
1032.99	0	0.000253058	
991.51	0	0.000145928	
994.942	0	0.000162165	
989.112	0	0.000240389	
870.687	0	0.000496282	
915.034	0	0.000190825	
961.56	0	0.000281974	
986.377	0	0.000313661	
1023.8	0	0.000223792	
1027.24	0	0.000227059	
1103.73	0	0.000168468	
1122.37	0	0.000169625	
1135.28	0	0.000192305	
1098.49	0	0.00023201	
749.831	0	0.000305691	
602.966	0	0.000386175	
507.343	0	0.000291008	
674.492	0	0.000232709	
877.091	0	0.0002389	
945.033	0	0.000304881	
1009.24	0	0.000224936	
1019.41	0	0.00030756	
984.455	0	0.00036454	
975.728	0	0.000410711	
962.281	0	0.000368855	
890.317	0	0.000882422	
917.932	0	0.000254427	
970.919	0	0.000324378	
913.884	0	0.00053564	
944.129	0	0.00038578	
883.66	0	0.000483617	
912.677	0	0.000405575	
89.036	0	0.00552739	
82.9543	0	0.00663019	
75.1166	0	0.0100902	
31.8408	0	0.0537941	
1092.12	0	0.000145731	
985.7	0	0.000296747	
1011.67	0	0.000279633	
979.448	0	0.00057741	
1032.09	0	0.000405654	
1006.6	0	0.000350562	
1087.04	0	0.000831583	
1116.61	0	0.000435226	
580.568	0	0.00074543	
544.747	0	0.000528669	
981.869	0	0.000667259	
1049.88	0	0.00030492	
1008.81	0	0.000431281	
983.493	0	0.000556584	
971.419	0	0.000196105	
1022.03	0	0.00015678	
970.96	0	0.000536575	
1026.03	0	0.000399637	
1018.95	0	0.00123479	
969.51	0	0.000745753	
1002.3	0	0.000495023	
979.918	0	0.000503393	
937.085	0	0.000401753	
597.224	0	0.000577496	
1028.76	0	0.000373041	
1012.83	0	0.000273059	
1019.29	0	0.000287039	
1021.86	0	0.000674014	
1155.37	0	0.00062903	
1078.84	0	0.000313944	
1021.2	0	0.000334487	
1075.29	0	0.000270457	
1075.07	0	0.000635663	
1113.13	0	0.000693114	
1082.68	0	0.000242051	
1083.97	0	0.000179552	
1092.72	0	0.00033557	
1110.16	0	0.000159637	
1101.87	0	0.000181532	
1108.44	0	0.000190726	
413.682	0	0.000558855	
644.738	0	0.000272039	
282.232	0	0.00094824	
558.304	0	0.000241414	
487.971	0	0.000360388	
644.598	0	0.000270664	
958.62	0	0.000227483	
981.411	0	0.000323082	
1098.15	0	0.000337101	
1081.01	0	0.000816705	
931.675	0	0.000377923	
942.294	0	0.000391252	
73.0822	0	0.0077857	
102.308	0	0.00519125	
986.364	0	0.000332977	
1028.32	0	0.000201753	
1105.97	0	0.000186184	
1070.75	0	0.000235686	
1044.05	0	0.000525178	
1018.54	0	0.000372596	
996.463	0	0.000561199	
978.027	0	0.00053056	
1048.35	0	0.000346444	
1011.53	0	0.000529084	
945.993	0	0.000451228	
975.435	0	0.00022001	
962.535	0	0.000257616	
1079.46	0	0.000365202	
1068.39	0	0.00021439	
1078.55	0	0.000216549	
1053.95	0	0.000291961	
1140.47	0	0.000309697	
1124.27	0	0.000219389	
1058.29	0	0.000664922	
932.678	0	0.000671567	
909.196	0	0.000905551	
750.922	0	0.000499751	
798.7	0	0.000541654	
1030.21	0	0.000396677	
1008.68	0	0.000419719	
1111.51	0	0.00025372	
1061.66	0	0.000278717	
1111.75	0	0.000122252	
1109.54	0	0.000210773	
694.378	0	0.000184841	
608.566	0	0.000366979	
904.413	0	0.000467373	
940.505	0	0.000326375	
1108.92	0	0.000660134	
1109.33	0	0.00034803	
1043.59	0	0.000303057	
1089.6	0	0.000318594	
1057.37	0	0.000391647	
1054.42	0	0.000711758	
958.391	0	0.000312901	
1039.45	0	0.000191344	
1103.85	0	0.000231426	
1161.37	0	0.000385328	
1137.57	0	0.00039997	
1136.98	0	0.000414929	
930.373	0	0.000299369	
889.653	0	0.000319957	
1035.08	0	0.000312972	
1116.61	0	0.000231419	
1162.09	0	0.000216524	
1077.68	0	0.000227606	
1031.21	0	0.000211211	
1060.61	0	0.000253272	
946.892	0	0.000538702	
948.14	0	0.000288411	
1080.48	0	0.000358827	
1166.09	0	0.000543727	
980.347	0	0.000567812	
930.153	0	0.000469158	
892.529	0	0.000786596	
952.308	0	0.000450763	
1029.31	0	0.000530476	
1018.64	0	0.000521694	
748.674	0	0.00050699	
605.79	0	0.000535449	
931.695	0	0.000641512	
1075.69	0	0.000270356	
1094.04	0	0.000341045	
1008.94	0	0.000355198	
393.244	0	0.000541614	
261.824	0	0.0019049	
1053.83	0	0.000270269	
1035.5	0	0.000397141	
1099.41	0	0.000415165	
1087.06	0	0.000411502	
1141.34	0	0.000269333	
1066.57	0	0.000729466	
1125.21	0	0.000153325	
1135.37	0	0.000209519	
817.885	0	0.000211172	
1049.87	0	0.000250545	
940.318	0	0.000254804	
1003.53	0	0.000287553	
988.257	0	0.000285696	
906.59	0	0.000357691	
655.044	0	0.000391902	
352.78	0	0.000832151	
1055.11	0	0.000401948	
1049.75	0	0.000348791	
1045.85	0	0.000815773	
1093.68	0	0.000715411	
988.425	0	0.000352142	
980.551	0	0.000395413	
90.0147	0	0.00742432	
73.0079	0	0.0110176	
1004.34	0	0.000629441	
1023.52	0	0.000343556	
1128.81	0	0.000273397	
1108.27	0	0.000245131	
494.055	0	0.000618132	
510.03	0	0.000620407	
1106.98	0	0.000147818	
1132.52	0	0.000168381	
631.465	0	0.000235413	
880.414	0	0.000179606	
1027.94	0	0.000319598	
990.503	0	0.000632908	
1059	0	0.000290197	
1043.11	0	0.000350279	
1133.92	0	0.000299318	
1130.01	0	0.000324681	
1071.96	0	0.000849916	
1089.79	0	0.00103403	
1141.89	0	0.000189924	
1133.44	0	0.000157057	
1111.78	0	0.000289155	
1124.43	0	0.000354299	
944.898	0	0.00022484	
898.949	0	0.000206338	
1001.17	0	0.000336896	
977.914	0	0.00040368	
962.426	0	0.000272029	
929.756	0	0.000264321	
1049.97	0	0.000349903	
1081.97	0	0.000280128	
923.07	0	0.000393457	
950.484	0	0.00034179	
971.21	0	0.000359702	
1007.45	0	0.00055938	
649.706	0	0.000407396	
502.634	0	0.000512071	
1152.27	0	0.000329226	
1111.82	0	0.000498612	
1134.06	0	0.000132534	
1138.69	0	0.000252471	
1124.62	0	0.000123439	
1117.67	0	0.000141394	
1125.88	0	0.000156975	
1112.71	0	0.000113949	
1089	0	0.000249649	
1109.66	0	0.000231113	
1112.46	0	0.000131756	
1091.01	0	0.000161611	
1055.37	0	0.000185837	
1061.22	0	0.000364806	
816.661	0	0.000164693	
942.256	0	0.000326729	
761.305	0	0.000169804	
752.559	0	0.000176033	
738.136	0	0.000217188	
632.743	0	0.000190933	
673.806	0	0.000363396	
837.07	0	0.000311757	
557.052	0	0.000210851	
546.89	0	0.000299974	
416.746	0	0.00064941	
792.638	0	0.000382475	
920.699	0	0.00053769	
905.767	0	0.000461037	
889.819	0	0.000240475	
928.163	0	0.000293722	
1089.63	0	0.00040971	
1076.01	0	0.000362718	
874.18	0	0.000424084	
941.987	0	0.000326847	
859.86	0	0.000435516	
714.594	0	0.000367224	
1125.81	0	0.000291858	
1129.2	0	0.000423078	
1016.14	0	0.000387638	
1038.2	0	0.000506804	
561.242	0	0.000620359	
692.32	0	0.000360634	
886.919	0	0.000243592	
907.829	0	0.000200025	
1098.85	0	0.000421323	
1099.22	0	0.00042848	
1043.16	0	0.000396316	
1027.64	0	0.000602834	
113.97	0	0.00517942	
344.245	0	0.00216325	
81.1123	0	0.00870995	
50.9649	0	0.0127887	
57.7658	0	0.0086342	
54.8942	0	0.0142913	
45.3685	0	0.0153544	
53.9664	0	0.00925985	
59.5525	0	0.0126724	
67.1645	0	0.00945537	
73.0414	0	0.00695119	
91.2032	0	0.00746637	
63.1562	0	0.0149386	
87.0087	0	0.00798639	
152.716	0	0.00395405	
142.274	0	0.00497235	
207.743	0	0.00275288	
184.268	0	0.00207809	
264.225	0	0.00150979	
202.116	0	0.00206984	
154.378	0	0.00352551	
233.644	0	0.00149868	
1205.7	0	0.000303378	
1150.14	0	0.000288526	
993.685	0	0.00041997	
1009.56	0	0.000540024	
1091.95	0	0.000318503	
1114.46	0	0.000328379	
1127.72	0	0.000320491	
1068.84	0	0.000491054	
1077.58	0	0.000261857	
1032.93	0	0.000457799	
1146.19	0	0.00028139	
1148.92	0	0.000218599	
1190.69	0	0.000187812	
1185.07	0	0.000265058	
1020.96	0	0.000317509	
961.721	0	0.000655663	
1081.79	0	0.000606636	
1116.86	0	0.000573497	
996.244	0	0.000354866	
1125.14	0	0.000481471	
1047.29	0	0.000617862	
968.911	0	0.00132437	
916.212	0	0.000340507	
994.699	0	0.000310005	
942.637	0	0.000398743	
894.749	0	0.000630677	
1007.79	0	0.000294652	
1020.95	0	0.000454962	
1014.75	0	0.000466929	
1019.76	0	0.000599853	
968.667	0	0.000670141	
1015.17	0	0.000327339	
989.576	0	0.000271147	
1032.28	0	0.000332071	
1002.4	0	0.000384623	
981.606	0	0.000285617	
1036.45	0	0.000280313	
1047.13	0	0.0003696	
1004.59	0	0.000223294	
1037.88	0	0.000269496	
1148.27	0	0.000541468	
1131.29	0	0.000293728	
1047.78	0	0.000183824	
985.355	0	0.000238852	
934.002	0	0.000543479	
500.689	0	0.000465741	
886.476	0	0.000453906	
827.106	0	0.000693372	
888.379	0	0.000278633	
871.677	0	0.000439396	
1103.34	0	0.00036972	
1082.18	0	0.000460653	
1085.07	0	0.000373308	
1070.34	0	0.000458831	
239.685	0	0.00141494	
549.414	0	0.000542728	
382.78	0	0.000700932	
133.588	0	0.0062063	
295.299	0	0.000785557	
325.804	0	0.00103632	
1100.14	0	0.000607285	
1069.51	0	0.00028422	
1073.19	0	0.000273271	
1051.73	0	0.000324988	
1120.4	0	0.000217461	
1194.45	0	0.000135698	
1170.8	0	0.000181222	
1224.15	0	0.000147184	
944.459	0	0.000360377	
1019.76	0	0.000223588	
866.009	0	0.000591732	
915.107	0	0.000353679	
972.017	0	0.000413282	
948.252	0	0.000539874	
1028	0	0.000226464	
1033.89	0	0.000549364	
1049.6	0	0.000232035	
1064.41	0	0.00029747	
1010.69	0	0.000275682	
1015.73	0	0.000351339	
1054.05	0	0.000257195	
1071.08	0	0.000286367	
1148.02	0	0.000340655	
1119.03	0	0.000262942	
1080.66	0	0.000223393	
1066.03	0	0.000310501	
1026.34	0	0.000852328	
1061.75	0	0.00037554	
783.507	0	0.000596885	
655.045	0	0.000645935	
920.371	0	0.000461192	
930.437	0	0.000412727	
975.727	0	0.000480739	
865.885	0	0.000610063	
1102.94	0	0.00030444	
1120.82	0	0.000427433	
318.523	0	0.00106194	
396.536	0	0.00060838	
1063.52	0	0.000294093	
1042.8	0	0.000369511	
1072.96	0	0.000375163	
1115.42	0	0.000556872	
1099.42	0	0.000256541	
1158.53	0	0.000733519	
1199.91	0	0.000147875	
1207.6	0	0.00026176	
1025.78	0	0.000169338	
1027.21	0	0.000186225	
1021.71	0	0.000334348	
1130.49	0	0.000249772	
474.099	0	0.000881019	
564.176	0	0.000578681	
1105.59	0	0.000335209	
1036.56	0	0.000431745	
938.154	0	0.000353932	
1003.7	0	0.000253569	
1155.13	0	0.000308343	
1204.72	0	0.000302883	
1227.55	0	0.000209585	
1229.82	0	0.000199122	
1186.19	0	0.000155897	
1198.28	0	0.000166916	
971.771	0	0.000483544	
982.587	0	0.000339362	
863.034	0	0.00066001	
928.242	0	0.000369062	
994.485	0	0.00126008	
1051.76	0	0.000449574	
1066.19	0	0.000284303	
1099.94	0	0.000247887	
1071.61	0	0.000176286	
1082.43	0	0.00024792	
1048.41	0	0.000604066	
1016.38	0	0.000346386	
676.932	0	0.000605156	
912.07	0	0.000651258	
1226.88	0	0.000263041	
1246.18	0	0.000199997	
1099.45	0	0.000230635	
912.85	0	0.000542669	
1222	0	0.00020624	
1262.12	0	0.00027119	
677.373	0	0.000722605	
902.399	0	0.000505873	
1030.82	0	0.000255616	
1040.48	0	0.000565011	
1269.19	0	0.000325141	
1255.04	0	0.000434663	
990.372	0	0.000337389	
926.508	0	0.000573522	
1177.26	0	0.000337958	
1160.52	0	0.000506285	
1219.32	0	0.000497908	
1208.12	0	0.000454984	
1218.26	0	0.000379381	
1121.86	0	0.000548543	
907.076	0	0.00060733	
855.31	0	0.000336899	
552.119	0	0.00066907	
451.437	0	0.00104192	
338.794	0	0.00161034	
311.669	0	0.00151704	
375.662	0	0.00246067	
489.779	0	0.00104916	
194.92	0	0.0017588	
154.76	0	0.00311315	
1251.04	0	0.00037994	
1242.95	0	0.000271889	
1052.7	0	0.00032664	
1021	0	0.000323636	
912.138	0	0.000870258	
1050.28	0	0.000439524	
1036.89	0	0.000542952	
969.609	0	0.000689087	
972.768	0	0.000787316	
859.58	0	0.00116437	
179.595	0	0.0033657	
186.205	0	0.00258126	
452.006	0	0.000645558	
187.229	0	0.00262549	
275.248	0	0.00155214	
297.156	0	0.00115574	
1069.26	0	0.00038323	
1081.62	0	0.000505567	
924.012	0	0.000427199	
896.355	0	0.000836337	
904.013	0	0.000565484	
939.284	0	0.000309374	
892.6	0	0.00048769	
848.539	0	0.000541249	
882.569	0	0.000594469	
894.218	0	0.000320769	
919.354	0	0.000323108	
863.907	0	0.000354372	
992.585	0	0.000398554	
998.141	0	0.000467596	
1082.1	0	0.000716923	
1025.23	0	0.000347322	
1065.18	0	0.000521506	
984.64	0	0.000468006	
446.136	0	0.000882069	
268.161	0	0.00154905	
436.107	0	0.00170468	
246.897	0	0.0019186	
1016.45	0	0.000458377	
1043.49	0	0.000463851	
1077.53	0	0.000487201	
913.334	0	0.000933368	
868.938	0	0.00033083	
967.999	0	0.000799916	
969.965	0	0.000354304	
932.179	0	0.000373585	
941.994	0	0.000607364	
825.291	0	0.000962341	
862.32	0	0.000440636	
921.705	0	0.000925648	
957.131	0	0.000564591	
1052.21	0	0.00058288	
940.57	0	0.000425618	
1014.12	0	0.000486704	
638.316	0	0.000496428	
779.496	0	0.000490043	
923.258	0	0.000604745	
960.525	0	0.000560704	
1035.12	0	0.000735724	
1075.87	0	0.000659411	
851.901	0	0.000523764	
846.916	0	0.000880125	
1221.78	0	0.000265928	
1241.79	0	0.000284562	
1252.27	0	0.000301107	
1267.65	0	0.000532346	
693.182	0	0.000349538	
809.828	0	0.000653116	
580.756	0	0.000746225	
648.263	0	0.00117267	
461.145	0	0.00097764	
398.416	0	0.00240312	
616.082	0	0.000772927	
518.174	0	0.00100029	
1265.83	0	0.000323775	
1287.01	0	0.000372845	
1282.74	0	0.000303666	
1253.26	0	0.000340324	
139.09	0	0.00485331	
172.634	0	0.00286258	
474.536	0	0.00196516	
550.898	0	0.00111613	
888.077	0	0.000728357	
981.351	0	0.000888495	
973.712	0	0.000725925	
1018.9	0	0.000673942	
949.94	0	0.000433269	
829.684	0	0.000795398	
1220.21	0	0.000374373	
1232.97	0	0.000435862	
1236.19	0	0.000346475	
1262.57	0	0.000405809	
613.113	0	0.000925228	
591.046	0	0.000878669	
760.552	0	0.00091083	
753.151	0	0.0014514	
1293.97	0	0.000463415	
1289.85	0	0.000307274	
1248.85	0	0.000328343	
1239.07	0	0.000320673	
997.471	0	0.000649302	
976.917	0	0.00046074	
863.825	0	0.000598503	
877.559	0	0.000738174	
1264.76	0	0.000302078	
1242.04	0	0.000395876	
747.29	0	0.000815683	
811.439	0	0.000706979	
495.822	0	0.000745763	
584.86	0	0.000692189	
930.421	0	0.000963152	
894.704	0	0.000659999	
1156.2	0	0.0006513	
1042.81	0	0.00049284	
808.296	0	0.000748435	
915.875	0	0.00055474	
477.231	0	0.00108967	
533.725	0	0.000798713	
597.266	0	0.00064681	
554.198	0	0.00117574	
662.043	0	0.00108584	
577.532	0	0.000663341	
344.749	0	0.000958046	
329.164	0	0.00106546	
260.843	0	0.00197083	
262.178	0	0.0023145	
1028.65	0	0.00078027	
1106.59	0	0.000752632	
919.948	0	0.000520408	
769.312	0	0.00111408	
1186.38	0	0.000492423	
1153.84	0	0.000639904	
1243.85	0	0.000635102	
1258.7	0	0.000472193	
1283.03	0	0.000334281	
1271.76	0	0.000573208	
1207.64	0	0.000377349	
1197.45	0	0.000581536	
869.443	0	0.000515933	
723.498	0	0.000725177	
1193.95	0	0.000645096	
1199.99	0	0.000388602	
876.97	0	0.00124292	
860.745	0	0.0007237	
699.369	0	0.000703225	
659.593	0	0.000559995	
796.146	0	0.00124655	
743.429	0	0.000577336	
729.331	0	0.000725359	
726.665	0	0.000664101	
881.362	0	0.00078733	
752.98	0	0.000807845	
895.396	0	0.00142886	
1037.84	0	0.000989453	
464.191	0	0.00169115	
451.177	0	0.00270509	
687.414	0	0.00101356	
684.536	0	0.00105357	
643.295	0	0.00103739	
710.552	0	0.000900185	
1300.54	0	0.000430355	
1284.32	0	0.00024116	
1301.67	0	0.000378697	
1292.47	0	0.000306422	
1284.87	0	0.000243311	
1288.84	0	0.000345897	
1181.93	0	0.000797363	
1207.05	0	0.000374188	
1261.63	0	0.00044781	
1271.22	0	0.00030916	
1118.12	0	0.000495322	
1065.44	0	0.00074847	
1238.36	0	0.000680564	
1146.72	0	0.000594501	
799.629	0	0.000676383	
822.415	0	0.000700344	
783.946	0	0.000996453	
963.027	0	0.00082048	
554.043	0	0.001608	
621.409	0	0.00077759	
1281.24	0	0.000471589	
1270.52	0	0.000491359	
1245.81	0	0.000802733	
1189.21	0	0.000694396	
786.466	0	0.000765623	
868.16	0	0.000704173	
616.511	0	0.000996953	
714.951	0	0.000730448	
1289.56	0	0.00035092	
1255.36	0	0.000458635	
1218.56	0	0.000591727	
1165.16	0	0.000483775	
811.224	0	0.000862922	
834.639	0	0.000287105	
1220.51	0	0.000643155	
1122.12	0	0.000660926	
924.124	0	0.000714373	
921.994	0	0.000804854	
749.92	0	0.000728341	
765.16	0	0.000786587	
886.453	0	0.000708402	
943.626	0	0.000575997	
1033.88	0	0.000522396	
1034.79	0	0.000639157	
839.099	0	0.000802695	
915.886	0	0.00102497	
1029.63	0	0.000671599	
1020.47	0	0.00113534	
1130.51	0	0.000781682	
1143.31	0	0.000835028	
1214.22	0	0.000467477	
1207.77	0	0.000240782	
1275.62	0	0.000460394	
1272.34	0	0.000662655	
895.964	0	0.000689369	
904.774	0	0.000633469	
780.887	0	0.000349842	
794.521	0	0.000734431	
1312.57	0	0.000734356	
1299.87	0	0.00033277	
1120.47	0	0.00064942	
1209.33	0	0.000369186	
1004.48	0	0.00117403	
835.995	0	0.00049778	
794.263	0	0.000412715	
855.683	0	0.000733174	
835.593	0	0.000515185	
783.505	0	0.000459841	
943.347	0	0.0011294	
923.539	0	0.000826838	
904.064	0	0.000731332	
796.602	0	0.000975161	
832.549	0	0.00118915	
816.038	0	0.00104783	
855.164	0	0.000890182	
879.248	0	0.00100333	
1099.35	0	0.00111323	
1155.44	0	0.000897036	
924.785	0	0.000590469	
799.339	0	0.00129854	
1031.98	0	0.000428429	
980.721	0	0.000426942	
1207.31	0	0.000426169	
1223.14	0	0.000397306	
1062.27	0	0.00159341	
1000.61	0	0.000643181	
871.66	0	0.000769342	
864.115	0	0.00101105	
1071.49	0	0.000455233	
1010.21	0	0.000595711	
1106.9	0	0.000647704	
1037.3	0	0.000478996	
1097.47	0	0.00049246	
987.04	0	0.000536826	
839.814	0	0.00101103	
1003.64	0	0.000768537	
995.065	0	0.000881263	
966.214	0	0.000911385	
1061.96	0	0.000579147	
869.095	0	0.00086961	
1082.24	0	0.000566031	
1076.79	0	0.000817447	
1094.79	0	0.000506506	
1149.57	0	0.00074276	
990.665	0	0.00075999	
974.168	0	0.000618367	
720.279	0	0.000728277	
626.693	0	0.000946396	
1188.05	0	0.000665387	
1169.49	0	0.00068004	
1254.96	0	0.000364155	
1288.58	0	0.000714578	
780.313	0	0.00119293	
968.061	0	0.000590986	
903.145	0	0	
903.145	0	0	
1295.84	0	0.000282014	
1278.83	0	0.000296077	
803.614	0	0.000589864	
831.926	0	0.000664454	
947.781	0	0.000788058	
993.547	0	0.000807174	
906.177	0	0.000655658	
1019.77	0	0.00075618	
985.719	0	0.000578097	
1067.07	0	0.000553984	
1211.45	0	0.000396207	
1236.32	0	0.000564528	
911.48	0	0.000864104	
1041.12	0	0.000596473	
1105.33	0	0.00103727	
1183.18	0	0.000962514	
1069.03	0	0.000524371	
1159.41	0	0.00050119	
1181.93	0	0.000421417	
1185.62	0	0.000552708	
998.718	0	0.00046665	
1062.4	0	0.000932567	
1046.71	0	0.000859046	
1114.25	0	0.000848018	
943.243	0	0.000705561	
884.619	0	0.000581462	
1074.43	0	0.000603601	
1013.77	0	0.000762952	
1123.03	0	0.00063782	
1073.12	0	0.000935419	
903.145	0	0	
903.145	0	0	
1269.64	0	0.000293678	
1284.5	0	0.000364581	
956.063	0	0.000880457	
995.714	0	0.000792036	
1048.21	0	0.000927587	
989.827	0	0.00102711	
946.095	0	0.000674511	
973.677	0	0.000659315	
1074.02	0	0.000387293	
1099.01	0	0.000690875	
1198.93	0	0.000267522	
1230.86	0	0.000294987	
1218.11	0	0.000336725	
1219.43	0	0.00040088	
1220.25	0	0.00038419	
1221.69	0	0.000321338	
1105.59	0	0.00055955	
1145.87	0	0.000417829	
1120.42	0	0.000521238	
1140.07	0	0.000445706	
1156.67	0	0.00109695	
1156.82	0	0.00152263	
903.145	0	0	
903.145	0	0	
1268.22	0	0.000151923	
903.145	0	0	
1056.33	0	0.00084371	
1046.43	0	0.000924909	
1064.19	0	0.00105711	
1055.25	0	0.000545901	
1030.86	0	0.000744744	
980.33	0	0.000896735	
957.675	0	0.000722155	
1086.89	0	0.000793311	
1102.75	0	0.000448037	
1151.68	0	0.000391103	
1255.43	0	0.000451341	
1248.34	0	0.000643394	
1144.78	0	0.000283213	
1184.59	0	0.000224047	
903.145	0	0	
1253.82	0	0.000550191	
1057	0	0.000649595	
1091.64	0	0.000552336	
1128.26	0	0.00047887	
1158.13	0	0.000421286	
1160.44	0	0.000371411	
1175.88	0	0.000263491	
1182.06	0	0.000298212	
1181.57	0	0.000179234	
1170.54	0	0.000523753	
903.145	0	0	
1188.08	0	0.00016351	
1182.14	0	0.000207505	
1174.01	0	0.000211774	
1181.5	0	0.000200282	
1193.77	0	0.000225435	
1192.14	0	0.0001836	
903.145	0	0	
1196.29	0	0.0004184	
1189.31	0	0.000291024	
1196.41	0	0.000283086	
1201.81	0	0.000254623	
1169.16	0	0.000271034	
1193.3	0	0.00017524	
1195.14	0	0.000197333	
1191.88	0	0.000321376	
1208.96	0	0.000387642	
1196.74	0	0.000464272	
1175.88	0	0.000596308	
1183.79	0	0.00027429	
1169.91	0	0.000293477	
957.247	0	0	
903.145	0	0	
903.145	0	0	
903.145	0	0	
1201.31	0	0.000336142	
1213.71	0	0.000361157	
1254.6	0	0.000777766	
1254.27	0	0.000560836	
903.863	0	0.000573371	
804.764	0	0.0009277	
1150.15	0	0.000623694	
1176.05	0	0.000710644	
1240.11	0	0.000676159	
1078.72	0	0	
1097.26	0	0.00105258	
1088.48	0	0.000900777	
903.145	0	0	
903.145	0	0	
903.145	0	0	
903.145	0	0	
903.145	0	0	
903.145	0	0	
903.145	0	0	
903.145	0	0	
903.145	0	0	
903.145	0	0	
903.145	0	0	
903.145	0	0	
903.145	0	0	
903.145	0	0	
903.145	0	0	
903.145	0	0	
903.145	0	0	
903.145	0	0	
903.145	0	0	
903.145	0	0	
903.145	0	0	
903.145	0	0	
903.145	0	0	
903.145	0	0	
903.145	0	0	
903.145	0	0	
903.145	0	0	
903.145	0	0	
903.145	0	0	
903.145	0	0	
903.145	0	0	
903.145	0	0	
903.145	0	0	
903.145	0	0	
903.145	0	0	
1107.86	0	0.000814888	
1118.42	0	0.000989069	
1189.86	0	0.000201538	
1194.9	0	0.000236637	
1220.34	0	0.000666242	
1254.5	0	0.000863155	
1238.51	0	0.00065319	
1203.59	0	0.000571115	
1217.64	0	0.000349961	
1245.46	0	0.000313717	
903.145	0	0	
903.145	0	0	
903.145	0	0	
903.145	0	0	
903.145	0	0	
903.145	0	0	
903.145	0	0	
903.145	0	0	
903.145	0	0	
1054.74	0	0.000551694	
1084.25	0	0.00111137	
903.145	0	0	
1011.35	0	0	
1180.84	0	0.00025881	
1075.56	0	0	
1200.79	0	0.000199371	
1224.02	0	0.000375789	
1191.18	0	0.000583382	
1223.47	0	0.000572665	
964.53	0	0	
1066.84	0	0	
944.068	0	0	
903.145	0	0	
903.145	0	0	
903.145	0	0	
903.145	0	0	
903.145	0	0	
976.804	0	0	
1114.54	0	0	
1188.11	0	0.000234973	
1217.69	0	0.000167173	
1192.34	0	0.000353566	
1050.46	0	0	
1199.85	0	0.000206664	
1114.54	0	0	
1114.54	0	0	
1114.54	0	0	
1210.3	0	0.000268138	
1231.61	0	0.000379225	
1227.4	0	0.000765785	
1166.13	0	0.000564901	
964.53	0	0	
913.375	0	0	
903.145	0	0	
903.145	0	0	
903.145	0	0	
903.145	0	0	
913.375	0	0	
909.539	0	0	
903.145	0	0	
903.145	0	0	
913.375	0	0	
910.818	0	0	
910.818	0	0	
910.818	0	0	
1204.45	0	0.000530413	
1073.99	0	0	
947.821	0	0	
903.145	0	0	
1081.28	0	0.000788009	
945.6	0	0	
1065.28	0	0.000631674	
1077.7	0	0.000621724	
905.621	0	0.000835547	
926.213	0	0.000677663	
1245.47	0	0.00051715	
1231.23	0	0.00095178	
1152.97	0	0.000677793	
1155.82	0	0.000900413	
903.145	0	0	
903.145	0	0	
903.145	0	0	
903.145	0	0	
903.145	0	0	
962.677	0	0	
903.145	0	0	
903.145	0	0	
903.145	0	0	
903.145	0	0	
903.145	0	0	
903.145	0	0	
991.536	0	0	
962.072	0	0	
1208.6	0	0.00143755	
1095.5	0	0	
903.145	0	0	
903.145	0	0	
903.145	0	0	
903.145	0	0	
1217.55	0	0.000602406	
1176.81	0	0.000450508	
1095.75	0	0.000997741	
903.145	0	0	
1224.28	0	0.000573397	
1230.44	0	0.000589891	
903.145	0	0	
903.145	0	0	
1030.29	0	0	
1198.3	0	0.000977772	
903.145	0	0	
903.145	0	0	
903.145	0	0	
1181.09	0	0.000524505	
1136.46	0	0	
1212.08	0	0.000574657	
1095.5	0	0	
903.145	0	0	
903.145	0	0	
903.145	0	0	
903.145	0	0	
903.145	0	0	
903.145	0	0	
1070.98	0	0	
970.16	0	0	
903.145	0	0	
903.145	0	0	
903.145	0	0	
903.145	0	0	
903.145	0	0	
903.145	0	0	
903.145	0	0	
903.145	0	0	
917.877	0	0	
962.072	0	0	
1030.29	0	0	
1065.55	0	0	
903.145	0	0	
903.145	0	0	
903.145	0	0	
903.145	0	0	
903.145	0	0	
903.145	0	0	
903.145	0	0	
903.145	0	0	
903.145	0	0	
903.145	0	0	
976.804	0	0	
932.608	0	0	
903.145	0	0	
903.145	0	0	
1065.55	0	0	
1070.98	0	0	
903.145	0	0	
903.145	0	0	
903.145	0	0	
903.145	0	0	
903.145	0	0	
903.145	0	0	
903.145	0	0	
903.145	0	0	
903.145	0	0	
903.145	0	0	
903.145	0	0	
903.145	0	0	
903.145	0	0	
903.145	0	0	
903.145	0	0	
903.145	0	0	
903.145	0	0	
903.145	0	0	
903.145	0	0	
903.145	0	0	
903.145	0	0	
903.145	0	0	
903.145	0	0	
903.145	0	0	
903.145	0	0	
934.932	0	0	
998.507	0	0	
934.932	0	0	
998.507	0	0	
966.72	0	0	
950.826	0	0	
903.145	0	0	
903.145	0	0	
903.145	0	0	
903.145	0	0	
903.145	0	0	
903.145	0	0	
903.145	0	0	
903.145	0	0	
903.145	0	0	
903.145	0	0	
903.145	0	0	
970.16	0	0	
948.52	0	0	
909.427	0	0	
919.898	0	0	
903.145	0	0	
903.145	0	0	
903.145	0	0	
903.145	0	0	
903.145	0	0	
903.145	0	0	
903.145	0	0	
903.145	0	0	
903.145	0	0	
903.145	0	0	
903.145	0	0	
903.145	0	0	
903.145	0	0	
903.145	0	0	
903.145	0	0	
903.145	0	0	
903.145	0	0	
903.145	0	0	
903.145	0	0	
903.145	0	0	
903.145	0	0	
919.898	0	0	
949.218	0	0	
903.145	0	0	
903.145	0	0	
903.145	0	0	
903.145	0	0	
903.145	0	0	
903.145	0	0	
903.145	0	0	
903.145	0	0	
903.145	0	0	
903.145	0	0	
909.427	0	0	
921.993	0	0	
928.275	0	0	
921.993	0	0	
903.145	0	0	
903.145	0	0	
903.145	0	0	
903.145	0	0	
903.145	0	0	
903.145	0	0	
903.145	0	0	
903.145	0	0	
903.145	0	0	
903.145	0	0	
903.145	0	0	
903.145	0	0	
903.145	0	0	
903.145	0	0	
903.145	0	0	
903.145	0	0	
903.145	0	0	
903.145	0	0	
903.145	0	0	
903.145	0	0	
903.145	0	0	
903.145	0	0	
903.145	0	0	
903.145	0	0	
903.145	0	0	
903.145	0	0	
903.145	0	0	
903.145	0	0	
903.145	0	0	
903.145	0	0	
903.145	0	0	
903.145	0	0	
903.145	0	0	
903.145	0	0	
903.145	0	0	
903.145	0	0	
903.145	0	0	
903.145	0	0	
903.145	0	0	
903.145	0	0	
903.145	0	0	
903.145	0	0	
903.145	0	0	
903.145	0	0	
903.145	0	0	
903.145	0	0	
903.145	0	0	
903.145	0	0	
903.145	0	0	
903.145	0	0	
903.145	0	0	
903.145	0	0	
903.145	0	0	
903.145	0	0	
903.145	0	0	
903.145	0	0	
903.145	0	0	
903.145	0	0	
903.145	0	0	
903.145	0	0	
903.145	0	0	
903.145	0	0	
903.145	0	0	
903.145	0	0	
903.145	0	0	
903.145	0	0	
903.145	0	0	
903.145	0	0	
903.145	0	0	
903.145	0	0	
903.145	0	0	
903.145	0	0	
903.145	0	0	
903.145	0	0	
903.145	0	0	
903.145	0	0	
903.145	0	0	
903.145	0	0	
903.145	0	0	
903.145	0	0	
903.145	0	0	
903.145	0	0	
903.145	0	0	
903.145	0	0	
903.145	0	0	
903.145	0	0	
903.145	0	0	
903.145	0	0	
903.145	0	0	
903.145	0	0	
903.145	0	0	
903.145	0	0	
903.145	0	0	
903.145	0	0	
903.145	0	0	
903.145	0	0	
903.145	0	0	
903.145	0	0	
903.145	0	0	
903.145	0	0	
903.145	0	0	
903.145	0	0	
903.145	0	0	
903.145	0	0	
903.145	0	0	
903.145	0	0	
903.145	0	0	
903.145	0	0	
903.145	0	0	
903.145	0	0	
903.145	0	0	
903.145	0	0	
903.145	0	0	
903.145	0	0	
903.145	0	0	
903.145	0	0	
903.145	0	0	
903.145	0	0	
903.145	0	0	
903.145	0	0	
903.145	0	0	
903.145	0	0	
903.145	0	0	
903.145	0	0	
903.145	0	0	
903.145	0	0	
903.145	0	0	
903.145	0	0	
903.145	0	0	
903.145	0	0	
903.145	0	0	
903.145	0	0	
903.145	0	0	
903.145	0	0	
903.145	0	0	
903.145	0	0	
903.145	0	0	
903.145	0	0	
903.145	0	0	
903.145	0	0	
903.145	0	0	
903.145	0	0	
903.145	0	0	
903.145	0	0	
903.145	0	0	
903.145	0	0	
903.145	0	0	
903.145	0	0	
903.145	0	0	
903.145	0	0	
903.145	0	0	
903.145	0	0	
903.145	0	0	
903.145	0	0	
903.145	0	0	
903.145	0	0	
903.145	0	0	
903.145	0	0	
903.145	0	0	
903.145	0	0	
903.145	0	0	
903.145	0	0	
903.145	0	0	
903.145	0	0	
903.145	0	0	
903.145	0	0	
903.145	0	0	
903.145	0	0	
903.145	0	0	
903.145	0	0	
903.145	0	0	
903.145	0	0	
903.145	0	0	
903.145	0	0	
903.145	0	0	
903.145	0	0	
903.145	0	0	
903.145	0	0	
903.145	0	0	
903.145	0	0	
903.145	0	0	
903.145	0	0	
903.145	0	0	
903.145	0	0	
903.145	0	0	
903.145	0	0	
903.145	0	0	
903.145	0	0	
903.145	0	0	
903.145	0	0	
903.145	0	0	
903.145	0	0	
903.145	0	0	
903.145	0	0	
903.145	0	0	
903.145	0	0	
903.145	0	0	
903.145	0	0	
903.145	0	0	
903.145	0	0	
903.145	0	0	
903.145	0	0	
903.145	0	0	
903.145	0	0	
903.145	0	0	
903.145	0	0	
903.145	0	0	
903.145	0	0	
903.145	0	0	
903.145	0	0	
903.145	0	0	
903.145	0	0	
903.145	0	0	
903.145	0	0	
903.145	0	0	
903.145	0	0	
903.145	0	0	
903.145	0	0	
903.145	0	0	
903.145	0	0	
903.145	0	0	
903.145	0	0	
903.145	0	0	
903.145	0	0	
903.145	0	0	
903.145	0	0	
903.145	0	0	
903.145	0	0	
903.145	0	0	
