# File: UnstructuredGrid_Inversion_L1_Medium_Iter10.vtk
# (No specific header documentation)

# vtk DataFile Version 2.0
Finite element discrete.
ASCII
DATASET UNSTRUCTURED_GRID
POINTS 4436 double
-2208.06	0	0
-1864.63	0	0
-1578.44	0	0
-1339.95	0	0
-1141.21	0	0
-975.592	0	0
-837.577	0	0
-722.564	0	0
-626.72	0	0
-546.85	0	0
-480.292	0	0
-424.826	0	0
-378.605	0	0
-340.088	0	0
-307.99	0	0
-281.242	0	0
-258.951	0	0
-240.376	0	0
-224.897	0	0
-211.997	0	0
-201.248	0	0
-192.29	0	0
-184.825	0	0
-178.604	0	0
-173.42	0	0
-169.1	0	0
-165.5	0	0
-162.5	0	0
-160	0	0
-158.75	0	0
-157.5	0	0
-156.25	0	0
-155	0	0
-153.75	0	0
-152.5	0	0
-151.25	0	0
-150	0	0
-148.75	0	0
-147.5	0	0
-146.25	0	0
-145	0	0
-143.75	0	0
-142.5	0	0
-141.25	0	0
-140	0	0
-138.75	0	0
-137.5	0	0
-136.25	0	0
-135	0	0
-133.75	0	0
-132.5	0	0
-131.25	0	0
-130	0	0
-128.75	0	0
-127.5	0	0
-126.25	0	0
-125	0	0
-123.75	0	0
-122.5	0	0
-121.25	0	0
-120	0	0
-118.75	0	0
-117.5	0	0
-116.25	0	0
-115	0	0
-113.75	0	0
-112.5	0	0
-111.25	0	0
-110	0	0
-108.75	0	0
-107.5	0	0
-106.25	0	0
-105	0	0
-103.75	0	0
-102.5	0	0
-101.25	0	0
-100	0	0
-98.75	0	0
-97.5	0	0
-96.25	0	0
-95	0	0
-93.75	0	0
-92.5	0	0
-91.25	0	0
-90	0	0
-88.75	0	0
-87.5	0	0
-86.25	0	0
-85	0	0
-83.75	0	0
-82.5	0	0
-81.25	0	0
-80	0	0
-78.75	0	0
-77.5	0	0
-76.25	0	0
-75	0	0
-73.75	0	0
-72.5	0	0
-71.25	0	0
-70	0	0
-68.75	0	0
-67.5	0	0
-66.25	0	0
-65	0	0
-63.75	0	0
-62.5	0	0
-61.25	0	0
-60	0	0
-58.75	0	0
-57.5	0	0
-56.25	0	0
-55	0	0
-53.75	0	0
-52.5	0	0
-51.25	0	0
-50	0	0
-48.75	0	0
-47.5	0	0
-46.25	0	0
-45	0	0
-43.75	0	0
-42.5	0	0
-41.25	0	0
-40	0	0
-38.75	0	0
-37.5	0	0
-36.25	0	0
-35	0	0
-33.75	0	0
-32.5	0	0
-31.25	0	0
-30	0	0
-28.75	0	0
-27.5	0	0
-26.25	0	0
-25	0	0
-23.75	0	0
-22.5	0	0
-21.25	0	0
-20	0	0
-18.75	0	0
-17.5	0	0
-16.25	0	0
-15	0	0
-13.75	0	0
-12.5	0	0
-11.25	0	0
-10	0	0
-8.75	0	0
-7.5	0	0
-6.25	0	0
-5	0	0
-3.75	0	0
-2.5	0	0
-1.25	0	0
0	0	0
1.25	0	0
2.5	0	0
3.75	0	0
5	0	0
6.25	0	0
7.5	0	0
8.75	0	0
10	0	0
11.25	0	0
12.5	0	0
13.75	0	0
15	0	0
16.25	0	0
17.5	0	0
18.75	0	0
20	0	0
21.25	0	0
22.5	0	0
23.75	0	0
25	0	0
26.25	0	0
27.5	0	0
28.75	0	0
30	0	0
31.25	0	0
32.5	0	0
33.75	0	0
35	0	0
36.25	0	0
37.5	0	0
38.75	0	0
40	0	0
41.25	0	0
42.5	0	0
43.75	0	0
45	0	0
46.25	0	0
47.5	0	0
48.75	0	0
50	0	0
51.25	0	0
52.5	0	0
53.75	0	0
55	0	0
56.25	0	0
57.5	0	0
58.75	0	0
60	0	0
61.25	0	0
62.5	0	0
63.75	0	0
65	0	0
66.25	0	0
67.5	0	0
68.75	0	0
70	0	0
71.25	0	0
72.5	0	0
73.75	0	0
75	0	0
76.25	0	0
77.5	0	0
78.75	0	0
80	0	0
81.25	0	0
82.5	0	0
83.75	0	0
85	0	0
86.25	0	0
87.5	0	0
88.75	0	0
90	0	0
91.25	0	0
92.5	0	0
93.75	0	0
95	0	0
96.25	0	0
97.5	0	0
98.75	0	0
100	0	0
101.25	0	0
102.5	0	0
103.75	0	0
105	0	0
106.25	0	0
107.5	0	0
108.75	0	0
110	0	0
111.25	0	0
112.5	0	0
113.75	0	0
115	0	0
116.25	0	0
117.5	0	0
118.75	0	0
120	0	0
121.25	0	0
122.5	0	0
123.75	0	0
125	0	0
126.25	0	0
127.5	0	0
128.75	0	0
130	0	0
131.25	0	0
132.5	0	0
133.75	0	0
135	0	0
136.25	0	0
137.5	0	0
138.75	0	0
140	0	0
141.25	0	0
142.5	0	0
143.75	0	0
145	0	0
146.25	0	0
147.5	0	0
148.75	0	0
150	0	0
151.25	0	0
152.5	0	0
153.75	0	0
155	0	0
156.25	0	0
157.5	0	0
158.75	0	0
161.25	0	0
164.25	0	0
167.85	0	0
172.17	0	0
177.354	0	0
183.575	0	0
191.04	0	0
199.998	0	0
210.747	0	0
223.647	0	0
239.126	0	0
257.701	0	0
279.992	0	0
306.74	0	0
338.838	0	0
377.355	0	0
423.576	0	0
479.042	0	0
545.6	0	0
625.47	0	0
721.314	0	0
836.327	0	0
974.342	0	0
1139.96	0	0
1338.7	0	0
1577.19	0	0
1863.38	0	0
2206.81	0	0
-2208.06	-4856.36	0
2206.81	-4856.36	0
-0.625	-4414.87	0
-0.625	-4856.36	0
-159.375	-2.00447	0
-64.375	-2.00447	0
31.875	-2.00447	0
126.875	-2.00447	0
-113.125	-2.00447	0
-136.875	-2.00447	0
-148.125	-2.00447	0
-154.375	-2.00447	0
-156.875	-2.00447	0
-16.875	-2.00447	0
-40.625	-2.00447	0
-53.125	-2.00447	0
-59.375	-2.00447	0
-61.875	-2.00447	0
-65.625	-1.29455	0
-71.875	-2.00447	0
79.375	-2.00447	0
55.625	-2.00447	0
43.125	-2.00447	0
36.875	-2.00447	0
34.375	-2.00447	0
33.125	-1.29455	0
30.625	-1.29455	0
24.375	-2.00447	0
158.125	-2.00447	0
141.875	-2.00447	0
133.125	-2.00447	0
129.375	-2.00447	0
128.125	-1.29455	0
125.625	-1.29455	0
119.375	-2.00447	0
-114.375	-1.29455	0
-120.625	-2.00447	0
-93.125	-2.00447	0
-103.125	-2.00447	0
-109.375	-2.00447	0
-111.875	-1.29455	0
-138.125	-1.29455	0
-129.375	-2.00447	0
-133.125	-2.00447	0
-135.625	-1.29455	0
-149.375	-1.29455	0
-143.125	-2.00447	0
-145.625	-2.00447	0
-146.875	-1.29455	0
-155.625	-1.29455	0
-151.875	-2.00447	0
-153.125	-1.29455	0
-158.125	-1.29455	0
-18.125	-1.29455	0
-24.375	-2.00447	0
3.125	-2.00447	0
-6.875	-2.00447	0
-13.125	-2.00447	0
-15.625	-1.29455	0
-41.875	-1.29455	0
-33.125	-2.00447	0
-36.875	-2.00447	0
-39.375	-1.29455	0
-54.375	-1.29455	0
-48.125	-2.00447	0
-50.625	-2.00447	0
-51.875	-1.29455	0
-60.625	-1.29455	0
-56.875	-2.00447	0
-58.125	-1.29455	0
-63.125	-1.29455	0
-66.875	-1.09989	0
-69.375	-2.00447	0
-70.625	-1.29455	0
-73.125	-1.29455	0
-79.375	-2.00447	0
99.375	-2.00447	0
89.375	-2.00447	0
83.125	-2.00447	0
80.625	-1.29455	0
78.125	-1.29455	0
71.875	-2.00447	0
63.125	-2.00447	0
59.375	-2.00447	0
56.875	-1.29455	0
54.375	-1.29455	0
48.125	-2.00447	0
45.625	-2.00447	0
44.375	-1.29455	0
41.875	-1.29455	0
39.375	-2.00447	0
38.125	-1.29455	0
35.625	-1.29455	0
29.375	-1.09989	0
26.875	-2.00447	0
25.625	-1.29455	0
23.125	-1.29455	0
16.875	-2.00447	0
156.875	-1.29455	0
150.625	-2.00447	0
145.625	-2.00447	0
143.125	-1.29455	0
140.625	-1.29455	0
136.875	-2.00447	0
134.375	-1.29455	0
131.875	-1.29455	0
124.375	-1.09989	0
121.875	-2.00447	0
120.625	-1.29455	0
118.125	-1.29455	0
111.875	-2.00447	0
-115.625	-1.09989	0
-118.125	-2.00447	0
-119.375	-1.29455	0
-121.875	-1.29455	0
-86.875	-2.00447	0
-90.625	-2.00447	0
-91.875	-1.29455	0
-94.375	-1.29455	0
-99.375	-2.00447	0
-101.875	-1.29455	0
-104.375	-1.29455	0
-106.875	-2.00447	0
-108.125	-1.29455	0
-110.625	-1.09989	0
-139.375	-1.09989	0
-125.625	-2.00447	0
-128.125	-1.29455	0
-130.625	-1.29455	0
-134.375	-1.09989	0
-150.625	-1.09989	0
-141.875	-1.29455	0
-144.375	-1.29455	0
-19.375	-1.09989	0
-21.875	-2.00447	0
-23.125	-1.29455	0
-25.625	-1.29455	0
9.375	-2.00447	0
5.625	-2.00447	0
4.375	-1.29455	0
1.875	-1.29455	0
-3.125	-2.00447	0
-5.625	-1.29455	0
-8.125	-1.29455	0
-10.625	-2.00447	0
-11.875	-1.29455	0
-14.375	-1.09989	0
-43.125	-1.09989	0
-29.375	-2.00447	0
-31.875	-1.29455	0
-34.375	-1.29455	0
-38.125	-1.09989	0
-55.625	-1.09989	0
-45.625	-2.00447	0
-46.875	-1.29455	0
-49.375	-1.29455	0
-68.125	-1.08267	0
-66.5621	-3.20169	0
-74.375	-1.09989	0
-76.875	-2.00447	0
-78.125	-1.29455	0
-80.625	-1.29455	0
105.625	-2.00447	0
101.875	-2.00447	0
100.625	-1.29455	0
98.125	-1.29455	0
93.125	-2.00447	0
90.625	-1.29455	0
88.125	-1.29455	0
85.625	-2.00447	0
84.375	-1.29455	0
81.875	-1.09989	0
76.875	-1.09989	0
74.375	-2.00447	0
73.125	-1.29455	0
70.625	-1.29455	0
66.875	-2.00447	0
64.375	-1.29455	0
61.875	-1.29455	0
58.125	-1.09989	0
53.125	-1.09989	0
50.625	-2.00447	0
49.375	-1.29455	0
46.875	-1.29455	0
40.625	-1.09989	0
28.125	-1.08267	0
29.6879	-3.20169	0
21.875	-1.09989	0
19.375	-2.00447	0
18.125	-1.29455	0
15.625	-1.29455	0
155.625	-1.09989	0
153.125	-2.00447	0
151.875	-1.29455	0
149.375	-1.29455	0
146.875	-1.29455	0
144.375	-1.09989	0
139.375	-1.09989	0
135.625	-1.09989	0
130.625	-1.09989	0
123.125	-1.08267	0
124.688	-3.20169	0
116.875	-1.09989	0
114.375	-2.00447	0
113.125	-1.29455	0
110.625	-1.29455	0
-116.875	-1.08267	0
-115.312	-3.20169	0
-123.125	-1.09989	0
-84.375	-2.00447	0
-85.625	-1.29455	0
-88.125	-1.29455	0
-95.625	-1.09989	0
-98.125	-1.29455	0
-100.625	-1.09989	0
-105.625	-1.09989	0
-110.983	-2.91077	0
-140.625	-1.08267	0
-139.062	-3.20169	0
-126.875	-1.09989	0
-131.875	-1.09989	0
-134.733	-2.91077	0
-150.267	-2.91077	0
-20.625	-1.08267	0
-19.0621	-3.20169	0
-26.875	-1.09989	0
11.875	-2.00447	0
10.625	-1.29455	0
8.125	-1.29455	0
0.625	-1.09989	0
-1.875	-1.29455	0
-4.375	-1.09989	0
-9.375	-1.09989	0
-14.7332	-2.91077	0
-44.375	-1.08267	0
-42.8121	-3.20169	0
-30.625	-1.09989	0
-35.625	-1.09989	0
-38.4832	-2.91077	0
-55.2668	-2.91077	0
-67.5162	-2.26952	0
-75.625	-1.08267	0
-74.0621	-3.20169	0
-81.875	-1.09989	0
108.125	-2.00447	0
106.875	-1.29455	0
104.375	-1.29455	0
96.875	-1.09989	0
94.375	-1.29455	0
91.875	-1.09989	0
86.875	-1.09989	0
81.5168	-2.91077	0
75.625	-1.08267	0
77.1879	-3.20169	0
69.375	-1.09989	0
65.625	-1.09989	0
60.625	-1.09989	0
57.7668	-2.91077	0
51.875	-1.08267	0
53.4379	-3.20169	0
40.9832	-2.91077	0
28.7338	-2.26952	0
20.625	-1.08267	0
22.1879	-3.20169	0
14.375	-1.09989	0
154.375	-1.08267	0
155.938	-3.20169	0
148.125	-1.09989	0
144.017	-2.91077	0
138.125	-1.08267	0
139.688	-3.20169	0
135.267	-2.91077	0
130.983	-2.91077	0
123.734	-2.26952	0
115.625	-1.08267	0
117.188	-3.20169	0
109.375	-1.09989	0
-116.266	-2.26952	0
-124.375	-1.08267	0
-122.812	-3.20169	0
-89.375	-1.09989	0
-96.875	-1.08267	0
-95.3121	-3.20169	0
-100.983	-2.91077	0
-105.267	-2.91077	0
-140.016	-2.26952	0
-127.233	-2.91077	0
-131.517	-2.91077	0
-20.0162	-2.26952	0
-28.125	-1.08267	0
-26.5621	-3.20169	0
6.875	-1.09989	0
-0.625	-1.08267	0
0.937855	-3.20169	0
-4.73316	-2.91077	0
-9.01684	-2.91077	0
-43.7662	-2.26952	0
-30.9832	-2.91077	0
-35.2668	-2.91077	0
-68.534	-4.26556	0
-75.0162	-2.26952	0
-83.125	-1.08267	0
-81.5621	-3.20169	0
103.125	-1.09989	0
95.625	-1.08267	0
97.1879	-3.20169	0
91.5168	-2.91077	0
87.2332	-2.91077	0
76.2338	-2.26952	0
68.125	-1.08267	0
69.6879	-3.20169	0
65.2668	-2.91077	0
60.9832	-2.91077	0
52.4838	-2.26952	0
27.716	-4.26556	0
21.2338	-2.26952	0
13.125	-1.08267	0
14.6879	-3.20169	0
154.984	-2.26952	0
147.812	-3.20169	0
138.734	-2.26952	0
122.716	-4.26556	0
116.234	-2.26952	0
109.733	-2.91077	0
-117.284	-4.26556	0
-123.766	-2.26952	0
-89.0168	-2.91077	0
-96.2662	-2.26952	0
-141.034	-4.26556	0
-21.034	-4.26556	0
-27.5162	-2.26952	0
7.23316	-2.91077	0
-0.016236	-2.26952	0
-44.784	-4.26556	0
-76.034	-4.26556	0
-82.5162	-2.26952	0
103.483	-2.91077	0
96.2338	-2.26952	0
75.216	-4.26556	0
68.7338	-2.26952	0
51.466	-4.26556	0
20.216	-4.26556	0
13.7338	-2.26952	0
153.966	-4.26556	0
148.587	-2.24287	0
137.716	-4.26556	0
115.216	-4.26556	0
-124.784	-4.26556	0
-97.284	-4.26556	0
-28.534	-4.26556	0
-1.03398	-4.26556	0
-83.534	-4.26556	0
95.216	-4.26556	0
67.716	-4.26556	0
12.716	-4.26556	0
149.737	-3.96508	0
33.125	-2.74999	0
128.125	-2.74999	0
-146.875	-2.74999	0
-155.625	-2.74999	0
-153.125	-2.74999	0
-158.125	-2.74999	0
-51.875	-2.74999	0
-60.625	-2.74999	0
-58.125	-2.74999	0
-63.125	-2.74999	0
-70.625	-2.74999	0
44.375	-2.74999	0
38.125	-2.74999	0
35.625	-2.74999	0
25.625	-2.74999	0
120.625	-2.74999	0
-119.375	-2.74999	0
-91.875	-2.74999	0
-108.125	-2.74999	0
-144.375	-2.74999	0
-23.125	-2.74999	0
4.375	-2.74999	0
-11.875	-2.74999	0
-46.875	-2.74999	0
-49.375	-2.74999	0
-78.125	-2.74999	0
100.625	-2.74999	0
84.375	-2.74999	0
73.125	-2.74999	0
49.375	-2.74999	0
46.875	-2.74999	0
18.125	-2.74999	0
151.875	-2.74999	0
113.125	-2.74999	0
-85.625	-2.74999	0
10.625	-2.74999	0
106.875	-2.74999	0
-141.802	-2.87844	0
-98.052	-2.87844	0
-1.80205	-2.87844	0
94.448	-2.87844	0
31.5394	-3.98781	0
129.508	-3.64826	0
126.539	-3.98781	0
-148.512	-4.07398	0
-154.375	-3.42515	0
-151.742	-3.64826	0
-156.875	-3.42515	0
-159.945	-4.38169	0
-53.512	-4.07398	0
-59.375	-3.42515	0
-56.7419	-3.64826	0
-61.875	-3.42515	0
-64.7106	-3.98781	0
-72.2106	-3.98781	0
42.738	-4.07398	0
39.5081	-3.64826	0
34.375	-3.42515	0
36.875	-3.42515	0
24.0394	-3.98781	0
119.039	-3.98781	0
-120.961	-3.98781	0
-90.4919	-3.64826	0
-93.4606	-3.98781	0
-109.508	-3.64826	0
-106.742	-3.64826	0
-145.625	-3.42515	0
-24.7106	-3.98781	0
5.75807	-3.64826	0
2.78942	-3.98781	0
-13.2581	-3.64826	0
-10.4919	-3.64826	0
-50.625	-3.42515	0
-48.125	-3.42515	0
-79.7106	-3.98781	0
102.008	-3.64826	0
99.0394	-3.98781	0
82.9919	-3.64826	0
85.7581	-3.64826	0
71.5394	-3.98781	0
45.625	-3.42515	0
48.125	-3.42515	0
16.5394	-3.98781	0
111.488	-4.07398	0
-87.262	-4.07398	0
8.98803	-4.07398	0
108.258	-3.64826	0
105.238	-4.07398	0
-143.119	-3.4344	0
-99.5093	-3.64606	0
-3.25931	-3.64606	0
92.9907	-3.64606	0
131.428	-5.64493	0
128.082	-4.32968	0
-153.119	-4.25517	0
-150.249	-4.78972	0
-155.625	-4.2447	0
-158.238	-4.4548	0
-58.1193	-4.25517	0
-55.2493	-4.78972	0
-60.625	-4.2447	0
-63.1696	-4.32728	0
41.0007	-4.78972	0
33.0804	-4.32728	0
38.1307	-4.25517	0
35.625	-4.2447	0
-91.9177	-4.32968	0
-111.428	-5.64493	0
-104.822	-5.64493	0
-146.933	-4.35218	0
4.33226	-4.32968	0
-15.1782	-5.64493	0
-8.57177	-5.64493	0
-51.9331	-4.35218	0
-49.375	-4.2447	0
-46.6566	-4.64898	0
100.582	-4.32968	0
81.0718	-5.64493	0
87.6782	-5.64493	0
44.3169	-4.35218	0
46.875	-4.2447	0
49.5934	-4.64898	0
-88.9993	-4.78972	0
7.25066	-4.78972	0
109.751	-4.78972	0
106.817	-4.35266	0
103.501	-4.78972	0
-144.375	-4.24424	0
126.763	-6.63281	0
129.537	-5.5418	0
-151.831	-5.31181	0
-156.894	-4.8174	0
-155.341	-6.56622	0
-158.148	-6.79184	0
-56.8314	-5.31181	0
-64.4845	-6.62861	0
31.7655	-6.62861	0
39.4186	-5.31181	0
-93.2374	-6.63281	0
-101.425	-5.64183	0
-148.169	-6.74499	0
3.01264	-6.63281	0
-5.17531	-5.64183	0
-53.1686	-6.74499	0
-50.6329	-4.80031	0
-51.7591	-5.95743	0
-49.113	-6.5397	0
-48.0774	-4.86082	0
99.2626	-6.63281	0
91.0747	-5.64183	0
43.0814	-6.74499	0
45.6171	-4.80031	0
44.4909	-5.95743	0
47.137	-6.5397	0
48.1726	-4.86082	0
-90.576	-5.30478	0
5.67401	-5.30478	0
108.175	-5.30367	0
105.581	-6.74585	0
101.924	-5.30478	0
-145.633	-4.80027	0
-146.759	-5.95743	0
-144.112	-6.53909	0
-153.537	-6.07737	0
-59.1698	-6.84886	0
37.0802	-6.84886	0
-150.389	-7.02345	0
-55.3893	-7.02345	0
-51.2009	-8.61153	0
-47.0874	-6.63037	0
40.8607	-7.02345	0
45.0491	-8.61153	0
49.1626	-6.63037	0
-88.9617	-7.57552	0
7.28827	-7.57552	0
109.787	-7.57361	0
103.358	-7.02503	0
-142.849	-5.23197	0
-146.201	-8.61155	0
-133.125	-3.88438	0
-36.875	-3.88438	0
59.375	-3.88438	0
145.824	-4.23741	0
130.317	-8.62564	0
-153.655	-9.21523	0
-45.4133	-5.95678	0
50.8367	-5.95678	0
-87.4181	-6.16153	0
8.83192	-6.16153	0
111.332	-6.16131	0
-141.385	-7.91119	0
-130.76	-5.97638	0
-39.2403	-5.97638	0
-34.5097	-5.97638	0
57.0097	-5.97638	0
61.7403	-5.97638	0
-42.5414	-6.06272	0
53.7086	-6.06272	0
-135.49	-5.97638	0
-45.1702	-8.97808	0
51.0798	-8.97808	0
-161.25	-1.48943	0
-164	-2.52812	0
160	-1.48943	0
162.75	-2.52812	0
159.888	-4.75365	0
141.968	-4.76987	0
-70.4123	-4.65683	0
-68.8457	-7.47327	0
-72.3843	-7.20595	0
25.8377	-4.65683	0
27.4043	-7.47327	0
23.8657	-7.20595	0
120.838	-4.65683	0
122.404	-7.47327	0
118.866	-7.20595	0
-119.162	-4.65683	0
-121.134	-7.20595	0
-117.596	-7.47327	0
-22.9123	-4.65683	0
-24.8843	-7.20595	0
-21.3457	-7.47327	0
-77.9123	-4.65683	0
-79.8843	-7.20595	0
-76.3457	-7.47327	0
73.3377	-4.65683	0
71.3657	-7.20595	0
74.9043	-7.47327	0
18.3377	-4.65683	0
16.3657	-7.20595	0
19.9043	-7.47327	0
113.326	-4.67269	0
114.924	-7.49962	0
-85.4238	-4.67269	0
-83.826	-7.49962	0
10.8262	-4.67269	0
12.424	-7.49962	0
133.397	-4.34669	0
124.82	-5.46487	0
-66.4305	-5.46517	0
29.8195	-5.46517	0
-95.1804	-5.46487	0
-98.9845	-6.06748	0
1.06963	-5.46487	0
-2.73451	-6.06748	0
97.3196	-5.46487	0
93.5155	-6.06748	0
-53.9465	-9.53548	0
-48.2314	-9.51616	0
42.3035	-9.53548	0
48.0186	-9.51616	0
104.917	-10.4492	0
101.264	-7.31316	0
-148.947	-9.53547	0
147.898	-5.79326	0
-138.644	-6.33519	0
-129.096	-4.32906	0
-32.846	-4.32906	0
63.404	-4.32906	0
156.658	-6.89561	0
139.713	-5.6068	0
-73.9486	-5.50776	0
22.3014	-5.50776	0
117.301	-5.50776	0
-122.699	-5.50776	0
-115.019	-6.10471	0
-26.4486	-5.50776	0
-18.7688	-6.10471	0
-81.4486	-5.50776	0
69.8014	-5.50776	0
77.4812	-6.10471	0
14.8014	-5.50776	0
112.374	-8.85292	0
-86.3745	-8.85041	0
9.87551	-8.85041	0
134.494	-8.15219	0
135.574	-5.24676	0
124.73	-7.81387	0
-66.5165	-7.81824	0
29.7335	-7.81824	0
-96.0817	-9.16459	0
0.168256	-9.16459	0
96.4183	-9.16459	0
102.622	-9.42722	0
-127.286	-7.82059	0
-126.926	-5.24668	0
-31.0362	-7.82059	0
-30.676	-5.24668	0
65.2138	-7.82059	0
65.574	-5.24668	0
137.533	-6.6947	0
127.284	-9.8695	0
-63.5928	-10.4819	0
32.6572	-10.4819	0
99.3661	-9.61274	0
-124.123	-8.3892	0
-27.8727	-8.3892	0
68.3773	-8.3892	0
123.021	-11.3733	0
-68.2343	-11.3809	0
28.0157	-11.3809	0
-125.089	-6.42925	0
-28.8386	-6.42925	0
67.4114	-6.42925	0
151.783	-5.07678	0
153.791	-7.13718	0
-108.125	-6.89997	0
-113.291	-4.29751	0
-11.875	-6.89997	0
-17.0411	-4.29751	0
84.375	-6.89997	0
79.2089	-4.29751	0
-61.8215	-6.622	0
34.4285	-6.622	0
-156.542	-9.19192	0
-40.7947	-4.29093	0
55.4553	-4.29093	0
-137.045	-4.29093	0
144.416	-8.27481	0
-100.887	-9.76866	0
-4.63746	-9.76866	0
91.6125	-9.76866	0
102.131	-13.6189	0
-60.7287	-9.45988	0
35.5213	-9.45988	0
141.718	-7.55253	0
139.475	-7.8577	0
137.082	-9.65056	0
141.086	-11.3016	0
-40.7791	-10.2946	0
55.4709	-10.2946	0
-167.3	-2.77704	0
-162.911	-8.46956	0
166.05	-2.77704	0
-51.0921	-13.4763	0
45.1579	-13.4763	0
-146.092	-13.4763	0
-137.487	-11.5176	0
109.167	-12.0843	0
-82.9342	-12.2616	0
13.3158	-12.2616	0
-89.7125	-12.3618	0
6.53751	-12.3618	0
-120.731	-12.5898	0
-24.4811	-12.5898	0
71.7689	-12.5898	0
115.819	-12.2647	0
150.395	-8.4385	0
-114.113	-10.9213	0
-17.8627	-10.9213	0
78.3873	-10.9213	0
97.1791	-14.0791	0
-57.3412	-9.81484	0
38.9088	-9.81484	0
133.385	-13.0507	0
-171.26	-3.37193	0
-159.82	-9.64689	0
-165.408	-5.85657	0
170.01	-3.37193	0
164.06	-7.16457	0
-45.8379	-14.156	0
50.4121	-14.156	0
-155.136	-13.8337	0
-136.785	-8.64033	0
-126.616	-13.1778	0
-30.3663	-13.1778	0
65.8837	-13.1778	0
155.612	-11.6135	0
-60.5218	-14.5637	0
35.7282	-14.5637	0
129.984	-12.1329	0
-157.808	-12.1091	0
-132.522	-11.2057	0
-162.762	-14.1043	0
-133.772	-8.45789	0
-158.853	-16.6606	0
-130.939	-8.82767	0
-129.368	-11.5896	0
-131.561	-16.4553	0
-129.253	-14.5684	0
-127.381	-19.2126	0
-126.689	-16.2344	0
-122.259	-18.8329	0
-123.484	-14.7818	0
-73.9865	-12.9487	0
22.2635	-12.9487	0
-105.111	-9.85918	0
-8.86063	-9.85918	0
87.3894	-9.85918	0
-78.4316	-11.5301	0
17.8184	-11.5301	0
-92.6132	-10.1977	0
3.63676	-10.1977	0
-110.902	-9.23383	0
-14.6518	-9.23383	0
81.5982	-9.23383	0
-55.3259	-13.5387	0
40.9241	-13.5387	0
-168.862	-5.85729	0
160.292	-8.86933	0
-34.968	-11.0327	0
61.282	-11.0327	0
126.278	-13.8116	0
-120.252	-16.0156	0
-96.0041	-15.2431	0
0.245878	-15.2431	0
-109.801	-15.2265	0
-13.5512	-15.2265	0
82.6988	-15.2265	0
-174.046	-8.46004	0
-167.134	-10.0052	0
130.294	-17.7465	0
-116.906	-13.8018	0
-92.9293	-13.6474	0
3.3207	-13.6474	0
-116.738	-20.6426	0
-91.9079	-19.376	0
4.3421	-19.376	0
-90.0855	-16.0957	0
6.16449	-16.0957	0
-85.7366	-20.6582	0
-86.2897	-14.5893	0
10.5134	-20.6582	0
9.96033	-14.5893	0
147.231	-14.7188	0
137.643	-13.97	0
-176.012	-4.03819	0
174.762	-4.03819	0
-65.1541	-14.8527	0
31.0959	-14.8527	0
-152.462	-21.2081	0
-53.1089	-20.2966	0
43.1411	-20.2966	0
164.91	-14.0587	0
120.74	-17.8151	0
-102.857	-16.4408	0
-6.60701	-16.4408	0
89.6456	-16.5643	0
-164.907	-21.6498	0
-78.3842	-19.0551	0
17.8658	-19.0551	0
134.7	-17.2819	0
142.277	-16.3938	0
-70.0415	-16.0865	0
26.2085	-16.0865	0
-62.3745	-22.1364	0
33.8755	-22.1364	0
-82.3004	-16.7576	0
13.9496	-16.7576	0
133.242	-24.5799	0
-150.611	-13.7449	0
-148.07	-18.3361	0
-36.1069	-19.4844	0
60.1431	-19.4844	0
-124.211	-27.2358	0
-181.714	-4.8475	0
180.465	-4.8475	0
171.419	-10.6048	0
100.393	-21.7895	0
-66.5645	-19.5632	0
29.6855	-19.5632	0
147.44	-23.5009	0
-140.394	-18.6284	0
-72.595	-22.1173	0
23.655	-22.1173	0
-145.661	-26.8137	0
-133.893	-24.5365	0
-67.4916	-25.7706	0
28.7584	-25.7706	0
-19.8049	-17.1778	0
76.4451	-17.1778	0
112.271	-20.3663	0
-98.4037	-21.7178	0
-2.15366	-21.7178	0
-169.024	-16.402	0
-188.558	-5.81674	0
187.308	-5.81674	0
176.927	-9.27515	0
-80.0298	-29.1695	0
16.2202	-29.1695	0
-59.1054	-32.1591	0
37.1446	-32.1591	0
-26.7543	-19.5837	0
69.4957	-19.5837	0
82.701	-26.2304	0
-13.549	-26.2304	0
-175.381	-25.6273	0
183.138	-10.6102	0
-73.433	-28.679	0
-90.8783	-29.9133	0
22.817	-28.679	0
5.37168	-29.9133	0
192.91	-14.8989	0
176.305	-18.7737	0
-75.945	-39.5028	0
-67.1412	-34.0092	0
20.305	-39.5028	0
29.1088	-34.0092	0
-107.899	-24.8129	0
125.56	-23.8414	0
-196.769	-6.98	0
195.519	-6.98	0
75.1735	-24.7445	0
-21.0765	-24.7445	0
-183.582	-16.3054	0
118.217	-24.7738	0
64.7024	-30.5608	0
-31.5476	-30.5608	0
108.176	-32.1055	0
76.5545	-37.5583	0
-19.6955	-37.5583	0
128.217	-36.5288	0
122.745	-31.0527	0
115.458	-31.5359	0
112.73	-43.4967	0
120.095	-39.1721	0
-158.05	-34.917	0
-60.1566	-45.9702	0
36.0934	-45.9702	0
-206.623	-8.37583	0
206.913	-15.1238	0
-191.629	-13.6984	0
123.348	-53.1447	0
203.834	-7.38871	0
-200.623	-15.2535	0
126.498	-45.0465	0
212.389	-8.46408	0
-191.786	-27.9064	0
-214.651	-21.4359	0
137.909	-54.1475	0
220.33	-20.5748	0
137.584	-42.8512	0
-44.451	-23.1731	0
-51.1117	-28.7531	0
-51.166	-39.709	0
-41.6631	-33.2663	0
51.799	-23.1731	0
45.1383	-28.7531	0
45.084	-39.709	0
54.5869	-33.2663	0
157.872	-21.9195	0
-133.381	-41.4105	0
-4.79388	-31.6949	0
-115.533	-29.5405	0
-122.526	-38.3792	0
-104.135	-39.4181	0
-218.447	-10.051	0
-45.621	-57.2568	0
-32.7859	-46.1943	0
50.629	-57.2568	0
63.4641	-46.1943	0
167.641	-23.5851	0
155.192	-39.4382	0
3.14583	-47.1053	0
-100.712	-30.7483	0
-95.1479	-37.9557	0
-97.2966	-53.0987	0
-85.4823	-37.9325	0
161.281	-31.4054	0
147.757	-48.2112	0
-123.092	-57.3014	0
-90.2949	-46.3683	0
171.118	-45.1865	0
-83.003	-60.9613	0
178.493	-32.9191	0
94.1951	-34.56	0
-232.636	-12.0617	0
160.001	-51.0499	0
150.551	-63.984	0
174.962	-65.9447	0
102.568	-65.3465	0
-15.1262	-58.7238	0
204.88	-39.3647	0
-249.663	-14.4733	0
129.02	-76.996	0
81.3796	-59.1114	0
199.723	-26.7266	0
188.905	-47.5294	0
-179.929	-53.0739	0
248.413	-27.3574	0
25.2623	-74.9223	0
-63.6779	-65.5082	0
-102.758	-79.9509	0
-30.5549	-61.76	0
-44.9756	-82.5519	0
-17.9718	-84.9831	0
-237.283	-40.5716	0
-270.096	-17.3686	0
65.7825	-61.8614	0
50.8218	-83.8588	0
77.9908	-85.4975	0
209.985	-69.0648	0
-152.232	-64.8916	0
22.2381	-57.2889	0
3.9971	-69.4933	0
268.846	-19.0389	0
-78.5477	-85.3666	0
-257.306	-34.0847	0
-294.616	-20.8425	0
7.94029	-98.41	0
293.366	-20.611	0
-257.697	-69.4372	0
-279.685	-37.9567	0
271.969	-55.964	0
159.67	-103.393	0
229.556	-43.907	0
-210.266	-49.5738	0
-324.039	-25.0103	0
322.789	-25.0584	0
-99.3375	-121.482	0
-306.072	-45.907	0
105.66	-94.1815	0
-131.384	-85.1984	0
61.7786	-128.246	0
243.625	-75.0426	0
-230.975	-66.6837	0
-198.913	-84.4022	0
-239.92	-110.911	0
-359.347	-30.0125	0
303.808	-51.0823	0
358.096	-30.003	0
-26.5468	-133.249	0
-285.745	-65.609	0
131.609	-104.983	0
84.715	-112.496	0
-165.318	-99.1816	0
-337.797	-55.011	0
-33.5749	-107.105	0
-276.428	-102.012	0
148.189	-149.186	0
110.013	-120.294	0
89.0462	-143.38	0
132.911	-129.706	0
156.503	-126.935	0
113.454	-144.483	0
188.029	-151.392	0
99.4814	-183.07	0
187.785	-119.159	0
-314.816	-75.2651	0
-60.0419	-104.471	0
54.3776	-173.712	0
-358.785	-101.99	0
-401.716	-36.0148	0
295.717	-104.579	0
400.466	-36.0167	0
336.588	-55.0571	0
-136.18	-121.728	0
-198.756	-129.617	0
221.133	-103.972	0
-375.854	-66.0302	0
316.881	-80.4197	0
374.607	-65.937	0
-117.364	-180.684	0
-272.444	-165.004	0
215.163	-135.069	0
227.77	-186.743	0
258.238	-127.218	0
348.652	-84.7679	0
328.723	-112.144	0
301.273	-156.12	0
391.827	-116.974	0
360.303	-114.192	0
342.057	-151.022	0
373.583	-143.705	0
425.57	-159.594	0
369.553	-197.917	0
-65.8021	-145.057	0
-452.559	-43.2185	0
451.309	-43.2181	0
164.573	-214.174	0
420.01	-79.0418	0
326.431	-191.692	0
-27.2382	-202.102	0
-424.983	-111.38	0
276.545	-200.29	0
-414.639	-73.2993	0
338.01	-263.954	0
-453.398	-83.217	0
-517.119	-61.8727	0
-484.352	-142.864	0
18.3198	-143.174	0
-317.612	-120.199	0
-367.398	-177.119	0
512.321	-51.8623	0
61.9223	-250.718	0
230.433	-271.73	0
475.018	-95.5165	0
585.535	-62.2339	0
540.858	-114.013	0
459.014	-268.584	0
-586.785	-57.2691	0
-429.918	-173.794	0
-506.733	-245.619	0
-403.99	-275.711	0
673.392	-74.6811	0
492.406	-160.052	0
-556.265	-124.834	0
-674.642	-75.9754	0
619.763	-136.93	0
562.831	-185.653	0
669.427	-252.585	0
-199.849	-221.756	0
140.293	-308.416	0
778.821	-89.6173	0
-780.071	-89.3739	0
714.468	-164.296	0
-309.238	-254.791	0
-503.616	-425.421	0
-60.6181	-369.385	0
244.192	-434.619	0
905.335	-107.541	0
-906.584	-107.59	0
-705.871	-251.737	0
-323.067	-417.192	0
44.9711	-355.817	0
-92.4232	-276.067	0
828.112	-197.159	0
13.9339	-531.921	0
135.468	-418.259	0
-197.204	-363.858	0
393.188	-405.405	0
1057.15	-129.048	0
-1058.4	-129.039	0
-827.395	-209.137	0
167.567	-574.388	0
964.484	-236.589	0
-185.733	-566.105	0
575.495	-408.869	0
-965.933	-235.523	0
350.839	-583.974	0
2206.81	-2048	0
1183.27	-331.417	0
-834.945	-425.31	0
-2208.06	-2428.18	0
833.068	-435.557	0
-1182.92	-330.559	0
1239.33	-154.858	0
-1240.58	-154.86	0
-403.854	-629.48	0
22.6525	-799.517	0
2206.81	-1024	0
1457.95	-185.829	0
-1459.2	-185.828	0
248.405	-785.628	0
-669.35	-632.863	0
-231.255	-816.474	0
1720.29	-222.997	0
-2208.06	-1214.09	0
157.801	-1154.58	0
622.988	-849.062	0
-532.899	-921.744	0
-1721.54	-222.997	0
-88.4692	-1045.07	0
-1084.97	-794.629	0
1529.51	-625.094	0
2206.81	-512	0
-2208.06	-607.045	0
-140.95	-1494.74	0
-1530.76	-625.094	0
2206.81	-256	0
1953.75	-384	0
-2208.06	-303.522	0
1918.42	-768	0
-1933.02	-455.283	0
-1876.52	-882.794	0
1119.43	-757.635	0
1652.1	-1358.45	0
-1104.34	-4856.36	0
1103.09	-4856.36	0
-1511.03	-1580.09	0
-1452.68	-1090.65	0
1430.24	-1018.61	0
956.616	-1267.1	0
-552.484	-4856.36	0
551.234	-4856.36	0
-920.044	-1402.35	0
482.524	-1741.05	0
-828.413	-3971.41	0
827.163	-3971.41	0
1214.24	-1998.9	0
-224.194	-2617.68	0
-987.909	-2248.08	0
604.361	-2562.46	0
-934.816	-3112.21	0
240.209	-3342.13	0
2206.81	-3452.18	0
1471.33	-2888.9	0
-2208.06	-3642.27	0
2206.81	-4154.27	0
1551.4	-3803.22	0
1694.81	-4856.36	0
1398.95	-4360.31	0
-159.375	-0.904795	0
-160.393	-0.939591	0
-161.25	0	0
-160.363	-1.92965	0
-161.512	-3.13241	0
-159.956	-3.12202	0
-65.625	-0.496402	0
-64.7984	-0.895475	0
30.625	-0.496402	0
31.4516	-0.895475	0
126.875	-0.904795	0
125.625	-0.496402	0
-68.125	0	0
-68.4375	-0.541334	0
-67.8124	-0.541369	0
-69.375	-0.721665	0
-67.4999	-1.08274	0
-68.8125	-1.1187	0
-67.8125	-1.67194	0
-66.875	0	0
-69.4064	-1.36307	0
-68.4411	-1.62782	0
-67.1443	-1.71287	0
-66.5396	-0.562942	0
-69.9979	-1.01265	0
-68.1668	-2.21983	0
-66.7141	-2.40291	0
-66.2386	-1.12415	0
-67.1875	-0.541197	0
-70.6019	-0.507561	0
-70.0494	-1.73651	0
-68.7764	-2.1427	0
-67.9212	-3.28795	0
-66.1223	-1.89521	0
-69.2974	-3.03355	0
-68.5585	-2.8679	0
-71.4144	-0.87753	0
-70.7263	-2.02227	0
-69.9481	-2.46423	0
-65.9674	-2.67466	0
-65.2583	-2.1043	0
-68.7889	-3.57098	0
-71.2778	-1.57459	0
-71.3078	-2.47412	0
-70.0301	-3.21455	0
-65.6515	-3.63031	0
-69.5206	-4.23354	0
-71.9034	-1.33529	0
-72.1086	-0.626056	0
-72.5269	-1.69691	0
-72.1965	-2.97013	0
-71.3218	-3.49181	0
-72.8274	-0.640068	0
-73.3971	-2.34467	0
-72.4381	-2.35333	0
-72.9226	-2.89876	0
-73.5552	-0.704079	0
-64.7135	-2.96726	0
-69.2877	-5.87518	0
-67.2212	-4.40758	0
-65.5422	-4.75952	0
-71.3633	-4.46172	0
-72.4696	-5.44525	0
-71.1464	-5.81966	0
-63.8349	-3.47505	0
-65.3658	-5.89354	0
-66.2881	-6.64848	0
-64.1284	-5.30578	0
-158.125	-0.496402	0
-157.298	-0.895475	0
79.375	-0.904795	0
-154.375	-0.904795	0
55.625	-0.904795	0
-153.125	-0.496402	0
-152.298	-0.895475	0
-150.625	0	0
-150.938	-0.549947	0
-150.305	-0.554253	0
-151.651	-0.591741	0
-149.986	-1.10798	0
-151.263	-1.09891	0
-150.317	-1.97976	0
-149.481	-0.547565	0
-150.945	-1.70607	0
-150.908	-2.4782	0
-148.707	-0.818802	0
-150.995	-3.29841	0
-151.671	-2.81165	0
-151.01	-4.23811	0
-152.414	-3.16954	0
-150.271	-3.78019	0
-149.296	-2.39204	0
-149.408	-3.3498	0
-149.489	-4.26825	0
-148.453	-2.97588	0
-149.1	-5.651	0
-147.609	-3.57145	0
-155.625	-0.496402	0
-156.423	-0.859188	0
-146.875	-0.496402	0
-147.702	-0.895475	0
-146.048	-0.895475	0
36.875	-0.904795	0
-144.375	-0.496402	0
-145.173	-0.859188	0
-143.548	-0.895475	0
28.125	0	0
27.8125	-0.541334	0
28.4376	-0.541369	0
26.875	-0.721665	0
28.7501	-1.08274	0
27.4375	-1.1187	0
28.4375	-1.67194	0
29.375	0	0
26.8436	-1.36307	0
27.8089	-1.62782	0
29.1057	-1.71287	0
29.7104	-0.562942	0
26.2521	-1.01265	0
28.0832	-2.21983	0
29.5359	-2.40291	0
30.0114	-1.12415	0
29.0625	-0.541197	0
25.6481	-0.507561	0
26.2006	-1.73651	0
27.4736	-2.1427	0
28.3288	-3.28795	0
30.1277	-1.89521	0
26.9526	-3.03355	0
27.6915	-2.8679	0
24.8356	-0.87753	0
25.5237	-2.02227	0
26.3019	-2.46423	0
30.2826	-2.67466	0
30.9917	-2.1043	0
27.4611	-3.57098	0
24.9722	-1.57459	0
24.9422	-2.47412	0
26.2199	-3.21455	0
30.5985	-3.63031	0
26.7294	-4.23354	0
24.3466	-1.33529	0
24.1414	-0.626056	0
23.7231	-1.69691	0
24.0535	-2.97013	0
24.9282	-3.49181	0
23.4226	-0.640068	0
22.8529	-2.34467	0
23.8119	-2.35333	0
23.3274	-2.89876	0
22.6948	-0.704079	0
31.5365	-2.96726	0
26.9623	-5.87518	0
29.0288	-4.40758	0
30.7078	-4.75952	0
24.8867	-4.46172	0
23.7804	-5.44525	0
25.1036	-5.81966	0
32.4151	-3.47505	0
30.8842	-5.89354	0
29.9619	-6.64848	0
32.1216	-5.30578	0
-139.375	0	0
-139.688	-0.549947	0
-139.055	-0.554253	0
-140.312	-0.541334	0
-140	-1.09128	0
-138.736	-1.10798	0
-140.625	0	0
-140.938	-0.541369	0
-140.321	-1.6761	0
-139.067	-2.0292	0
-138.231	-0.547565	0
-141.663	-0.598957	0
-141.158	-1.73087	0
-139.695	-1.6388	0
-138.578	-1.68487	0
-141.259	-1.08784	0
-140.704	-2.2474	0
-138.291	-2.61207	0
-141.364	-2.36989	0
-140.395	-3.33408	0
-137.921	-1.98949	0
-142.188	-2.1026	0
-140.925	-2.89752	0
-141.039	-3.57673	0
-142.063	-3.92908	0
-137.457	-0.818802	0
-142.405	-0.752395	0
-137.408	-2.71543	0
-137.486	-1.48456	0
-136.705	-1.18515	0
-142.6	-1.47331	0
-138.046	-3.73197	0
-142.612	-2.79764	0
-143.362	-2.72036	0
-143.886	-2.14943	0
-143.853	-3.2855	0
-144.655	-2.02227	0
-144.605	-3.49707	0
-143.623	-4.03266	0
-145.151	-2.63118	0
-145.158	-4.07631	0
-143.764	-4.97305	0
-142.829	-4.18952	0
-145.914	-2.71481	0
-145.895	-4.11117	0
-144.897	-4.76541	0
-142.22	-4.7228	0
-146.418	-2.09623	0
-146.373	-3.31526	0
-146.313	-4.66457	0
-146.955	-5.16663	0
-146.117	-5.45537	0
-141.718	-5.98589	0
-147.219	-2.02227	0
-147.815	-4.7358	0
-147.777	-5.79019	0
-145.633	-6.73538	0
-145.226	-5.60807	0
-147.685	-2.68802	0
-136.095	-3.14517	0
-143.518	-5.8495	0
-144.355	-5.61188	0
-142.711	-7.14579	0
-142.635	-6.13537	0
-139.599	-4.56502	0
-138.142	-5.08029	0
34.375	-0.904795	0
-135.625	-0.496402	0
129.375	-0.904795	0
-130.625	-0.496402	0
-129.798	-0.895475	0
133.125	-0.904795	0
141.875	-0.904795	0
120.625	-0.496402	0
119.798	-0.895475	0
121.452	-0.895475	0
-121.875	-0.496402	0
-121.048	-0.895475	0
-123.125	0	0
-123.438	-0.549947	0
-122.805	-0.554253	0
-124.062	-0.541334	0
-123.75	-1.09128	0
-122.486	-1.10798	0
-124.375	0	0
-124.688	-0.541369	0
-124.071	-1.6761	0
-122.817	-2.0292	0
-125.625	-0.721551	0
-124.875	-1.71368	0
-123.445	-1.6388	0
-122.328	-1.68487	0
-125.013	-1.09045	0
-124.447	-2.24389	0
-122.041	-2.61207	0
-125.074	-2.31224	0
-124.147	-3.33281	0
-121.671	-1.98949	0
-125.843	-3.04163	0
-124.693	-2.89739	0
-124.789	-3.5781	0
-125.631	-3.92841	0
-121.158	-2.71543	0
-121.891	-3.60672	0
-126.606	-3.69263	0
-125.649	-5.20601	0
-120.269	-2.82745	0
-119.738	-3.75575	0
-123.49	-4.46514	0
-121.82	-4.75902	0
-127.843	-4.04276	0
-118.535	-3.62156	0
-120.195	-4.68236	0
-121.524	-5.99577	0
-119.638	-6.3262	0
123.125	0	0
122.812	-0.541334	0
123.438	-0.541369	0
122.099	-0.592232	0
123.75	-1.08274	0
122.493	-1.08667	0
123.437	-1.67194	0
124.375	0	0
122.812	-1.62594	0
124.106	-1.71287	0
124.71	-0.562942	0
123.083	-2.21996	0
124.536	-2.40291	0
125.011	-1.12415	0
124.062	-0.541197	0
122.474	-2.13854	0
123.329	-3.2884	0
125.128	-1.89521	0
121.96	-3.03247	0
122.688	-2.85667	0
125.283	-2.67466	0
125.992	-2.1043	0
122.474	-3.56566	0
125.599	-3.63031	0
121.546	-3.94613	0
126.537	-2.96726	0
124.029	-4.40796	0
125.708	-4.75937	0
120.605	-3.71747	0
119.712	-3.21533	0
119.915	-4.38676	0
118.861	-5.53782	0
120.066	-5.58252	0
121.888	-4.99519	0
127.415	-3.47505	0
125.884	-5.8936	0
118.554	-2.88561	0
121.095	-5.6564	0
123.227	-5.67949	0
124.963	-6.64652	0
127.125	-5.3109	0
120.472	-7.1378	0
122.156	-6.12223	0
-116.875	0	0
-117.188	-0.541334	0
-116.562	-0.541369	0
-118.125	-0.721665	0
-116.25	-1.08274	0
-117.563	-1.1187	0
-116.563	-1.67194	0
-115.625	0	0
-118.156	-1.36307	0
-117.191	-1.62782	0
-115.894	-1.71287	0
-115.29	-0.562942	0
-118.748	-1.01265	0
-116.917	-2.21983	0
-115.464	-2.40291	0
-114.989	-1.12415	0
-115.938	-0.541197	0
-119.352	-0.507561	0
-118.799	-1.73651	0
-117.526	-2.1427	0
-116.671	-3.28795	0
-114.872	-1.89521	0
-114.501	-0.557081	0
-118.015	-2.89283	0
-117.303	-2.82246	0
-120.161	-0.873061	0
-119.476	-2.02227	0
-118.698	-2.46423	0
-114.717	-2.67466	0
-114.008	-2.1043	0
-113.734	-0.805864	0
-117.591	-3.54787	0
-120.031	-1.57415	0
-114.299	-3.74551	0
-118.018	-4.15488	0
-117.829	-5.38754	0
-113.454	-3.04899	0
-115.916	-4.44237	0
-114.343	-5.02159	0
-112.225	-2.86221	0
100.625	-0.496402	0
99.7984	-0.895475	0
101.452	-0.895475	0
-93.125	-0.904795	0
-93.125	0	0
-103.125	-0.904795	0
-111.875	-0.496402	0
-112.702	-0.895475	0
-108.125	-0.496402	0
-107.298	-0.895475	0
-108.952	-0.895475	0
-104.375	-0.496402	0
-105.625	0	0
-105.938	-0.549947	0
-105.305	-0.554253	0
-106.651	-0.591741	0
-104.986	-1.10798	0
-106.263	-1.09891	0
-105.317	-1.97976	0
-105.945	-1.70607	0
-105.908	-2.4782	0
-105.995	-3.29841	0
-106.671	-2.81165	0
-105.807	-4.6712	0
-107.414	-3.16954	0
-105.212	-3.89072	0
-108.342	-3.9296	0
-107.504	-4.00667	0
-104.296	-2.39204	0
-104.904	-4.74271	0
-108.047	-5.31252	0
-106.759	-4.60177	0
-104.406	-3.35439	0
-103.416	-5.06153	0
-106.394	-6.16168	0
-103.454	-2.97522	0
-103.589	-4.02114	0
-102.221	-2.85165	0
-102.152	-4.31731	0
-110.625	0	0
-110.938	-0.549947	0
-110.305	-0.554253	0
-111.265	-1.09989	0
-109.77	-1.23463	0
-111.303	-2.03322	0
-109.623	-0.568499	0
-110.33	-2.00846	0
-109.849	-2.79336	0
-108.983	-2.94306	0
-110.35	-3.48888	0
-111.594	-4.21468	0
-110.185	-4.91913	0
-128.125	-0.496402	0
-128.923	-0.859188	0
43.125	-0.904795	0
-101.875	-0.496402	0
-133.125	-0.904795	0
-99.375	-0.904795	0
-134.375	0	0
-134.688	-0.549947	0
-134.055	-0.554253	0
-135.015	-1.09989	0
-133.733	-1.10965	0
-135.053	-2.03322	0
-134.068	-1.99106	0
-135.966	-2.14926	0
-133.61	-2.94442	0
-132.562	-2.99912	0
-134.199	-3.84324	0
-131.95	-4.00966	0
-132.113	-2.08824	0
-135.274	-3.84012	0
-133.728	-5.58587	0
-130.498	-3.94753	0
-134.74	-4.92436	0
-132.651	-5.0099	0
-95.625	0	0
-95.9375	-0.549947	0
-95.3049	-0.554253	0
-96.5625	-0.541334	0
-96.25	-1.09128	0
-94.9861	-1.10798	0
-96.875	0	0
-97.1876	-0.541369	0
-96.5706	-1.6761	0
-95.3173	-2.0292	0
-94.481	-0.547565	0
-97.9126	-0.598957	0
-97.4081	-1.73087	0
-95.945	-1.6388	0
-94.8282	-1.68487	0
-97.509	-1.08784	0
-96.9538	-2.2474	0
-94.5411	-2.61207	0
-97.6138	-2.36989	0
-96.6446	-3.33408	0
-94.1712	-1.98949	0
-98.4382	-2.1026	0
-97.1745	-2.89752	0
-97.2893	-3.57673	0
-98.3129	-3.92908	0
-93.8321	-0.836513	0
-98.6429	-0.756164	0
-93.6584	-2.71543	0
-93.7473	-1.4878	0
-98.8822	-1.45463	0
-94.3914	-3.60672	0
-98.9913	-2.86189	0
-92.7685	-2.82745	0
-99.9639	-2.78258	0
-92.2575	-3.53006	0
-100.276	-1.93416	0
-91.3773	-3.62806	0
-101.154	-1.81105	0
-91	-4.4776	0
-90.9168	-2.85537	0
-91.605	-5.31001	0
-90.0291	-4.50214	0
-89.966	-2.85622	0
-89.5608	-3.69592	0
-89.4438	-2.05436	0
-88.5061	-3.84557	0
-88.5222	-2.12956	0
-88.0384	-2.98311	0
-96.0015	-4.46066	0
-98.1448	-5.15653	0
-94.3109	-4.73746	0
-92.9174	-5.18864	0
-91.0821	-6.95746	0
-88.02	-4.70041	0
-88.4208	-5.72006	0
-87.0173	-5.14188	0
-94.1018	-5.87073	0
-89.5493	-5.77683	0
-88.2831	-6.76679	0
-85.8422	-6.19231	0
-95.2919	-7.39736	0
-87.5841	-8.04245	0
-94.2878	-6.95297	0
-94.0772	-8.7854	0
-93.4598	-7.78615	0
-92.7745	-8.89994	0
-92.254	-7.42061	0
-88.125	-0.496402	0
-87.2984	-0.895475	0
-81.875	0	0
-82.1875	-0.549947	0
-81.5549	-0.554253	0
-82.8125	-0.541334	0
-82.5	-1.09128	0
-81.2361	-1.10798	0
-83.125	0	0
-83.4376	-0.541369	0
-82.8206	-1.6761	0
-81.5673	-2.0292	0
-80.731	-0.547565	0
-84.375	-0.721551	0
-83.6246	-1.71368	0
-82.195	-1.6388	0
-81.0782	-1.68487	0
-83.7635	-1.09045	0
-83.1969	-2.24389	0
-80.7911	-2.61207	0
-83.8242	-2.31224	0
-82.8971	-3.33281	0
-80.4212	-1.98949	0
-84.5931	-3.04163	0
-83.4431	-2.89739	0
-83.5393	-3.5781	0
-84.3811	-3.92841	0
-79.9572	-0.818802	0
-79.9084	-2.71543	0
-79.9863	-1.48456	0
-79.2049	-1.18515	0
-80.6414	-3.60672	0
-85.3327	-3.68717	0
-84.3478	-5.0776	0
-79.0185	-2.82745	0
-86.3741	-3.49777	0
-78.4879	-3.75575	0
-82.2402	-4.46514	0
-80.5698	-4.75902	0
-77.2847	-3.62156	0
-78.9454	-4.68236	0
-83.0691	-5.5453	0
-80.2744	-5.99577	0
-78.3879	-6.3262	0
-85.625	-0.496402	0
-86.4228	-0.859188	0
-91.875	-0.496402	0
-91.0484	-0.895475	0
-20.625	0	0
-20.9375	-0.541334	0
-20.3124	-0.541369	0
-21.875	-0.721665	0
-19.9999	-1.08274	0
-21.3125	-1.1187	0
-20.3125	-1.67194	0
-19.375	0	0
-21.9064	-1.36307	0
-20.9411	-1.62782	0
-19.6443	-1.71287	0
-19.0396	-0.562942	0
-22.4979	-1.01265	0
-20.6668	-2.21983	0
-19.2141	-2.40291	0
-18.7386	-1.12415	0
-19.6875	-0.541197	0
-23.1019	-0.507561	0
-22.5494	-1.73651	0
-21.2764	-2.1427	0
-20.4212	-3.28795	0
-18.6223	-1.89521	0
-18.2507	-0.557081	0
-21.7974	-3.03355	0
-21.0585	-2.8679	0
-23.9144	-0.87753	0
-23.2263	-2.02227	0
-22.4481	-2.46423	0
-18.4674	-2.67466	0
-17.7583	-2.1043	0
-17.484	-0.805864	0
-21.2889	-3.57098	0
-23.7778	-1.57459	0
-23.8078	-2.47412	0
-22.5301	-3.21455	0
-18.0494	-3.74551	0
-22.0206	-4.23354	0
-24.4034	-1.33529	0
-24.6086	-0.626056	0
-25.0269	-1.69691	0
-24.6965	-2.97013	0
-23.8218	-3.49181	0
-25.3274	-0.640068	0
-25.8971	-2.34467	0
-24.9381	-2.35333	0
-25.4226	-2.89876	0
-26.0552	-0.704079	0
-17.2042	-3.04899	0
-21.7877	-5.87518	0
-19.6657	-4.44237	0
-18.0927	-5.02159	0
-23.8633	-4.46172	0
-24.9696	-5.44525	0
-23.6464	-5.81966	0
-15.9753	-2.86221	0
-74.375	0	0
-74.6875	-0.549947	0
-74.1063	-0.516457	0
-75.3125	-0.541334	0
-75	-1.09128	0
-75.625	0	0
-75.9376	-0.541369	0
-75.3206	-1.6761	0
-76.875	-0.721551	0
-76.1246	-1.71368	0
-74.6527	-1.70826	0
-76.2635	-1.09045	0
-75.6969	-2.24389	0
-74.2106	-2.39298	0
-76.3242	-2.31224	0
-75.3971	-3.33281	0
-73.879	-1.69383	0
-76.9796	-2.83842	0
-75.9431	-2.89739	0
-76.0393	-3.5781	0
-76.6506	-3.92662	0
-77.2461	-4.35284	0
-76.6191	-4.59972	0
-77.2382	-5.25224	0
-75.7907	-5.37097	0
-78.0697	-5.51442	0
-79.001	-5.61765	0
-77.3797	-6.25316	0
-79.7395	-5.10447	0
-79.2967	-6.49296	0
-78.6139	-7.65429	0
-74.7402	-4.46514	0
-77.8247	-7.10529	0
-77.4006	-8.5567	0
3.125	-0.904795	0
-63.125	-0.496402	0
-62.2984	-0.895475	0
-63.9228	-0.859188	0
-60.625	-0.496402	0
-59.7984	-0.895475	0
-61.4228	-0.859188	0
-14.375	0	0
-14.6875	-0.549947	0
-14.0549	-0.554253	0
-15.4133	-0.598611	0
-15.0152	-1.09989	0
-13.5202	-1.23463	0
-15.0532	-2.03322	0
-13.3728	-0.568499	0
-12.6905	-1.06882	0
-16.1561	-0.752817	0
-16.833	-0.454978	0
-16.3497	-1.47387	0
-16.1756	-2.17157	0
-17.0277	-1.32803	0
-16.6588	-2.64677	0
-16.5217	-3.40368	0
-15.3974	-3.99169	0
-14.0802	-2.00846	0
-13.5993	-2.79336	0
-12.7328	-2.94306	0
-14.1003	-3.48888	0
-12.0432	-4.00489	0
-13.9348	-4.91913	0
-46.875	-0.496402	0
-47.7016	-0.895475	0
-46.0484	-0.895475	0
-58.125	-0.496402	0
-58.9228	-0.859188	0
-57.2984	-0.895475	0
-33.125	-0.904795	0
-54.375	-0.496402	0
-53.5484	-0.895475	0
-55.625	0	0
-55.9375	-0.549947	0
-55.3049	-0.554253	0
-56.6512	-0.591741	0
-54.9861	-1.10798	0
-56.2634	-1.09891	0
-55.3166	-1.97976	0
-55.9451	-1.70607	0
-55.9075	-2.4782	0
-55.9949	-3.29841	0
-56.6705	-2.81165	0
-56.0103	-4.23811	0
-57.4142	-3.16954	0
-55.2712	-3.78019	0
-54.2965	-2.39204	0
-54.4083	-3.3498	0
-54.489	-4.26825	0
-53.4535	-2.97588	0
-54.0996	-5.651	0
-52.6095	-3.57145	0
-44.375	0	0
-44.6875	-0.541334	0
-44.0624	-0.541369	0
-45.4008	-0.592232	0
-43.7499	-1.08274	0
-45.007	-1.08667	0
-44.0625	-1.67194	0
-43.125	0	0
-44.6876	-1.62594	0
-43.3943	-1.71287	0
-42.7896	-0.562942	0
-44.4171	-2.21996	0
-42.9641	-2.40291	0
-42.4886	-1.12415	0
-43.4375	-0.541197	0
-45.0257	-2.13854	0
-44.1711	-3.2884	0
-42.3723	-1.89521	0
-42.0007	-0.557081	0
-45.5404	-3.03247	0
-44.812	-2.85667	0
-42.2174	-2.67466	0
-41.5083	-2.1043	0
-41.234	-0.805864	0
-45.0263	-3.56566	0
-41.8016	-3.743	0
-45.9509	-3.94268	0
-40.9542	-3.04908	0
-46.8866	-3.71337	0
-45.6563	-4.94284	0
-43.4152	-4.44327	0
-41.8381	-5.00921	0
-39.7253	-2.86221	0
-46.4102	-5.65957	0
-44.7159	-5.25359	0
-44.0013	-6.65966	0
-6.875	-0.904795	0
-51.875	-0.496402	0
-52.6728	-0.859188	0
-51.0484	-0.895475	0
-49.375	-0.496402	0
-50.1728	-0.859188	0
-48.5859	-0.895475	0
-38.125	0	0
-38.4375	-0.549947	0
-37.8049	-0.554253	0
-39.1633	-0.598611	0
-37.2702	-1.23463	0
-38.7652	-1.09989	0
-37.1228	-0.568499	0
-38.8032	-2.03322	0
-36.4559	-1.0654	0
-39.9061	-0.752817	0
-36.0703	-1.80054	0
-40.583	-0.454978	0
-40.0997	-1.47387	0
-36.251	-2.77714	0
-35.1122	-1.91761	0
-39.9256	-2.17157	0
-40.7777	-1.32803	0
-40.4088	-2.64679	0
-40.2716	-3.40367	0
-39.1474	-3.99165	0
-37.8302	-2.00846	0
-37.2485	-2.94442	0
-35.8775	-3.71709	0
-34.1346	-2.32665	0
-37.8881	-3.74275	0
-36.108	-5.40033	0
-34.3981	-4.2031	0
-33.2983	-3.20431	0
-37.574	-5.19006	0
-31.875	-0.496402	0
-34.375	-0.496402	0
-78.125	-0.496402	0
-11.875	-0.496402	0
-11.0484	-0.895475	0
83.125	-0.904795	0
89.375	-0.904795	0
81.875	0	0
81.5625	-0.549947	0
82.1951	-0.554253	0
80.8367	-0.598611	0
81.2348	-1.09989	0
82.5167	-1.10965	0
81.1968	-2.03322	0
82.1824	-1.99106	0
80.1069	-0.756779	0
79.8671	-1.45463	0
80.2811	-2.32032	0
82.6424	-2.79268	0
79.4787	-3.16452	0
83.5128	-2.9363	0
82.147	-3.49425	0
84.189	-3.97746	0
80.8963	-4.21306	0
82.3225	-4.92612	0
78.3252	-2.68301	0
-8.125	-0.496402	0
73.125	-0.496402	0
72.2984	-0.895475	0
73.9516	-0.895475	0
-5.625	-0.496402	0
75.625	0	0
75.3125	-0.541334	0
75.9376	-0.541369	0
74.5992	-0.592232	0
76.2501	-1.08274	0
74.993	-1.08667	0
75.9375	-1.67194	0
76.875	0	0
75.3124	-1.62594	0
76.6057	-1.71287	0
77.2104	-0.562942	0
75.5829	-2.21996	0
77.0359	-2.40291	0
77.5114	-1.12415	0
76.5625	-0.541197	0
74.9743	-2.13854	0
75.8289	-3.2884	0
77.6277	-1.89521	0
77.9993	-0.557081	0
74.4596	-3.03247	0
75.188	-2.85667	0
78.6638	-0.823276	0
74.9737	-3.56566	0
78.8134	-1.53792	0
74.0456	-3.94613	0
76.5848	-4.44327	0
73.1053	-3.71747	0
72.2123	-3.21533	0
72.4146	-4.38676	0
71.3613	-5.53782	0
72.5658	-5.58252	0
74.3881	-4.99519	0
71.054	-2.88561	0
73.5954	-5.6564	0
75.7282	-5.68127	0
72.9716	-7.1378	0
74.6565	-6.12272	0
-9.375	0	0
-9.6875	-0.549947	0
-9.05492	-0.554253	0
-10.4012	-0.591741	0
-8.7361	-1.10798	0
-10.0134	-1.09891	0
-9.06663	-1.97976	0
-9.69515	-1.70607	0
-9.65753	-2.4782	0
-9.74494	-3.29841	0
-10.4205	-2.81165	0
-9.55743	-4.6712	0
-11.1642	-3.16954	0
-8.96236	-3.89072	0
-11.2329	-3.9774	0
-11.594	-5.29054	0
-10.511	-4.60399	0
-8.04649	-2.39204	0
-8.65426	-4.74271	0
-10.142	-6.16669	0
-8.15587	-3.35439	0
-7.16623	-5.06153	0
-7.2037	-2.97522	0
-7.33878	-4.02114	0
-5.97081	-2.85165	0
-5.90169	-4.31731	0
-26.875	0	0
-27.1875	-0.549947	0
-26.6063	-0.516457	0
-27.8125	-0.541334	0
-27.5	-1.09128	0
-28.125	0	0
-28.4376	-0.541369	0
-27.8206	-1.6761	0
-29.375	-0.721551	0
-28.6246	-1.71368	0
-27.1527	-1.70826	0
-28.7635	-1.09045	0
-28.1969	-2.24389	0
-26.7106	-2.39298	0
-28.8242	-2.31224	0
-27.8971	-3.33281	0
-26.379	-1.69383	0
-29.5931	-3.04163	0
-28.4431	-2.89739	0
-28.5393	-3.5781	0
-29.3811	-3.92841	0
-30.3556	-3.69263	0
-29.3989	-5.20601	0
-27.2402	-4.46514	0
-31.5926	-4.04276	0
-3.125	-0.904795	0
63.125	-0.904795	0
0.625	0	0
0.3125	-0.549947	0
0.945078	-0.554253	0
-0.3125	-0.541334	0
0	-1.09128	0
1.2639	-1.10798	0
-0.625	0	0
-0.937559	-0.541369	0
-0.320618	-1.6761	0
0.932743	-2.0292	0
1.76903	-0.547565	0
-1.66258	-0.598957	0
-1.15808	-1.73087	0
0.305015	-1.6388	0
1.4218	-1.68487	0
-1.25895	-1.08784	0
-0.703773	-2.2474	0
1.70887	-2.61207	0
-1.36382	-2.36989	0
-0.394615	-3.33408	0
2.07884	-1.98949	0
-2.1882	-2.1026	0
-0.924518	-2.89752	0
-1.03931	-3.57673	0
-2.0629	-3.92908	0
2.41795	-0.836513	0
-2.39289	-0.756164	0
2.59163	-2.71543	0
2.5027	-1.4878	0
-2.63223	-1.45463	0
1.85855	-3.60672	0
-2.74128	-2.86189	0
3.48148	-2.82745	0
-3.71386	-2.78258	0
3.99251	-3.53006	0
-4.02642	-1.93416	0
4.87268	-3.62806	0
-4.90441	-1.81105	0
5.24996	-4.4776	0
5.33324	-2.85537	0
4.64501	-5.31001	0
6.22089	-4.50214	0
6.28398	-2.85622	0
6.68923	-3.69592	0
6.80622	-2.05436	0
7.74387	-3.84557	0
7.72782	-2.12956	0
8.21162	-2.98311	0
0.248468	-4.46066	0
-1.89483	-5.15653	0
1.93908	-4.73746	0
3.33264	-5.18864	0
5.16789	-6.95746	0
8.22998	-4.70041	0
7.82924	-5.72006	0
9.23267	-5.14188	0
2.1482	-5.87073	0
6.70067	-5.77683	0
7.9669	-6.76679	0
10.4078	-6.19231	0
0.958091	-7.39736	0
8.66592	-8.04245	0
1.96225	-6.95297	0
2.17278	-8.7854	0
2.79019	-7.78615	0
3.47548	-8.89994	0
3.99605	-7.42061	0
59.375	-0.904795	0
58.125	0	0
57.8125	-0.549947	0
58.4451	-0.554253	0
57.0867	-0.598611	0
58.7667	-1.10965	0
57.4848	-1.09989	0
58.4324	-1.99106	0
57.4468	-2.03322	0
56.3569	-0.756779	0
56.1171	-1.45463	0
56.5311	-2.32032	0
58.8902	-2.94442	0
55.7297	-3.16176	0
59.9378	-2.99912	0
58.3011	-3.84324	0
54.5751	-2.68284	0
56.8716	-4.03713	0
60.5496	-4.00966	0
60.3872	-2.08824	0
58.7721	-5.58587	0
62.0017	-3.94753	0
59.849	-5.0099	0
4.375	-0.496402	0
5.20159	-0.895475	0
51.875	0	0
51.5625	-0.541334	0
52.1876	-0.541369	0
50.625	-0.721665	0
52.5001	-1.08274	0
51.1875	-1.1187	0
52.1875	-1.67194	0
53.125	0	0
50.5936	-1.36307	0
51.5589	-1.62782	0
52.8557	-1.71287	0
53.4604	-0.562942	0
50.0021	-1.01265	0
51.8332	-2.21983	0
53.2859	-2.40291	0
53.7614	-1.12415	0
52.8125	-0.541197	0
49.3981	-0.507561	0
49.9506	-1.73651	0
51.2236	-2.1427	0
52.0788	-3.28795	0
53.8777	-1.89521	0
54.2493	-0.557081	0
50.7026	-3.03355	0
51.4415	-2.8679	0
48.5856	-0.87753	0
49.2737	-2.02227	0
50.0519	-2.46423	0
54.9138	-0.823276	0
51.2111	-3.57098	0
48.7222	-1.57459	0
48.6922	-2.47412	0
49.9699	-3.21455	0
55.0634	-1.53792	0
50.4836	-4.23202	0
48.0966	-1.33529	0
47.8914	-0.626056	0
47.4731	-1.69691	0
48.0149	-2.71481	0
48.8023	-3.18447	0
47.1726	-0.640068	0
46.8198	-2.02227	0
47.4583	-3.16481	0
48.7544	-4.1229	0
46.4448	-0.704079	0
46.2284	-1.61146	0
46.2161	-2.434	0
46.7826	-3.49734	0
47.5506	-3.91216	0
45.625	-0.551957	0
45.5605	-2.71481	0
46.1732	-3.95204	0
47.4857	-4.63294	0
45.5817	-1.27821	0
44.955	-2.3017	0
44.9794	-3.1257	0
45.4922	-4.11198	0
44.972	-4.56185	0
44.8313	-3.87342	0
44.4217	-5.15288	0
44.0409	-3.54003	0
45.093	-5.22621	0
46.038	-5.85361	0
46.2981	-4.64036	0
46.8935	-4.89009	0
46.3751	-5.29138	0
47.5494	-5.59015	0
46.7673	-5.90869	0
44.9728	-0.877454	0
44.2757	-2.02227	0
43.4103	-4.878	0
46.3501	-6.57695	0
44.2909	-0.537024	0
43.7072	-1.57408	0
43.6933	-2.47236	0
43.7529	-5.61567	0
45.3108	-6.59634	0
46.8033	-7.82019	0
42.774	-3.00977	0
42.6078	-5.69906	0
43.8268	-6.42391	0
43.9689	-7.77976	0
44.5425	-6.73683	0
45.096	-7.59304	0
50.3723	-5.15332	0
48.548	-5.81251	0
49.8727	-5.97802	0
51.2859	-5.16124	0
50.3829	-7.24594	0
52.2642	-6.23823	0
52.5918	-4.95787	0
42.1679	-2.23424	0
41.2512	-2.0045	0
41.8714	-3.0906	0
40.3131	-2.21984	0
41.2558	-3.84779	0
40.3411	-4.10557	0
41.91	-4.53049	0
41.683	-5.45865	0
40.5954	-5.88557	0
41.8889	-6.56534	0
45.892	-8.14008	0
46.2265	-9.72748	0
46.6394	-8.8115	0
48.1421	-6.75743	0
39.4437	-6.75393	0
41.9438	-8.07167	0
47.6812	-8.47448	0
49.3302	-8.5159	0
48.7671	-7.61574	0
8.125	-0.496402	0
8.95159	-0.895475	0
10.625	-0.496402	0
9.82723	-0.859188	0
11.4516	-0.895475	0
15.625	-0.496402	0
16.4516	-0.895475	0
39.375	-0.904795	0
14.375	0	0
14.0625	-0.549947	0
14.6951	-0.554253	0
13.4375	-0.541334	0
13.75	-1.09128	0
15.0139	-1.10798	0
13.125	0	0
12.8124	-0.541369	0
13.4294	-1.6761	0
14.6827	-2.0292	0
12.0992	-0.592177	0
12.6254	-1.71368	0
14.055	-1.6388	0
15.1718	-1.68487	0
12.4928	-1.0868	0
13.0531	-2.24389	0
15.4589	-2.61207	0
12.4258	-2.31224	0
13.3529	-3.33281	0
15.8288	-1.98949	0
11.6569	-3.04163	0
12.8069	-2.89739	0
12.7107	-3.5781	0
11.8689	-3.92841	0
16.3416	-2.71543	0
15.6086	-3.60672	0
10.9173	-3.68717	0
11.9022	-5.0776	0
17.2315	-2.82745	0
9.8759	-3.49777	0
17.7621	-3.75575	0
14.0098	-4.46514	0
15.6802	-4.75902	0
18.9653	-3.62156	0
17.3046	-4.68236	0
13.1809	-5.5453	0
15.9756	-5.99577	0
17.8621	-6.3262	0
21.875	0	0
21.5625	-0.549947	0
22.1437	-0.516457	0
20.9375	-0.541334	0
21.25	-1.09128	0
20.625	0	0
20.3124	-0.541369	0
20.9294	-1.6761	0
19.375	-0.721551	0
20.1254	-1.71368	0
21.5973	-1.70826	0
19.9865	-1.09045	0
20.5531	-2.24389	0
22.0394	-2.39298	0
19.9258	-2.31224	0
20.8529	-3.33281	0
22.371	-1.69383	0
19.2704	-2.83842	0
20.3069	-2.89739	0
20.2107	-3.5781	0
19.5994	-3.92662	0
19.0039	-4.35284	0
19.6309	-4.59972	0
19.0118	-5.25224	0
20.4593	-5.37097	0
18.1803	-5.51442	0
17.249	-5.61765	0
18.8703	-6.25316	0
16.5105	-5.10447	0
16.9533	-6.49296	0
17.6361	-7.65429	0
21.5098	-4.46514	0
18.4253	-7.10529	0
18.8494	-8.5567	0
35.625	-0.496402	0
18.125	-0.496402	0
17.3272	-0.859188	0
151.875	-0.496402	0
151.048	-0.895475	0
152.702	-0.895475	0
40.625	0	0
40.3125	-0.549947	0
40.9451	-0.554253	0
39.9848	-1.09994	0
41.2639	-1.10798	0
40.3049	-1.61415	0
41.769	-0.547565	0
40.8625	-1.60449	0
42.4179	-0.836513	0
42.556	-1.55095	0
149.375	-0.496402	0
150.164	-0.895475	0
38.125	-0.496402	0
154.375	0	0
154.062	-0.541334	0
154.688	-0.541369	0
153.349	-0.592232	0
155	-1.08274	0
153.743	-1.08667	0
154.687	-1.67194	0
155.625	0	0
154.062	-1.62594	0
155.356	-1.71287	0
155.96	-0.562942	0
154.333	-2.21996	0
155.786	-2.40291	0
156.261	-1.12415	0
155.312	-0.541197	0
153.724	-2.13854	0
154.579	-3.2884	0
156.378	-1.89521	0
156.749	-0.557081	0
153.21	-3.03247	0
153.938	-2.85667	0
156.533	-2.67466	0
157.242	-2.1043	0
157.516	-0.805864	0
153.724	-3.56566	0
157.08	-3.89196	0
152.612	-4.12343	0
153.298	-4.10484	0
152.985	-5.21512	0
153.494	-4.75948	0
153.97	-5.80375	0
154.275	-5.03386	0
155.357	-5.90854	0
155.061	-4.27125	0
157.797	-3.05548	0
152.976	-6.3491	0
158.473	-4.35952	0
159.401	-2.98021	0
152.173	-7.99594	0
33.125	-0.496402	0
32.3272	-0.859188	0
136.875	-0.904795	0
144.375	0	0
144.062	-0.549947	0
144.695	-0.554253	0
143.337	-0.598611	0
143.735	-1.09989	0
145.23	-1.23463	0
143.697	-2.03322	0
145.377	-0.568499	0
146.06	-1.06882	0
142.607	-0.756779	0
142.367	-1.45463	0
142.781	-2.32032	0
144.67	-2.00846	0
141.901	-3.38785	0
145.152	-3.04463	0
144.436	-4.23373	0
146.488	-3.02475	0
135.625	0	0
135.312	-0.549947	0
135.945	-0.554253	0
134.587	-0.598611	0
134.985	-1.09989	0
136.267	-1.10965	0
134.947	-2.03322	0
135.932	-1.99106	0
133.857	-0.756779	0
133.617	-1.45463	0
134.031	-2.32032	0
136.389	-3.02225	0
133.223	-3.17992	0
135.721	-4.03919	0
137.655	-3.00147	0
134.32	-3.61339	0
132.147	-2.67812	0
134.493	-4.77886	0
131.841	-4.17443	0
133.264	-6.28772	0
134.566	-6.09281	0
130.625	0	0
130.312	-0.549947	0
130.945	-0.554253	0
129.985	-1.09994	0
131.264	-1.10798	0
130.305	-1.97357	0
131.314	-2.03899	0
131.769	-0.547565	0
132.418	-0.836513	0
132.556	-1.55095	0
132.007	-1.9776	0
129.867	-2.79195	0
128.995	-2.78868	0
130.356	-3.50004	0
128.525	-3.55124	0
130.109	-4.58599	0
131.152	-3.71912	0
131.859	-3.39857	0
131.037	-4.64194	0
132.624	-3.80427	0
128.947	-4.3066	0
130.524	-5.41961	0
132.57	-4.70288	0
128.54	-5.25987	0
130.22	-7.00966	0
133.324	-5.31679	0
130.786	-6.2939	0
132.409	-5.67098	0
131.651	-7.55993	0
131.895	-6.56111	0
128.627	-6.85818	0
132.754	-7.29998	0
132.62	-9.19922	0
133.869	-7.22692	0
133.375	-8.23453	0
134.996	-7.13874	0
134.033	-9.52809	0
136.121	-8.32695	0
61.875	-0.496402	0
115.625	0	0
115.312	-0.541334	0
115.938	-0.541369	0
114.375	-0.721665	0
116.25	-1.08274	0
114.937	-1.1187	0
115.937	-1.67194	0
116.875	0	0
114.344	-1.36307	0
115.309	-1.62782	0
116.606	-1.71287	0
117.21	-0.562942	0
113.752	-1.01265	0
115.583	-2.21983	0
117.036	-2.40291	0
117.511	-1.12415	0
116.562	-0.541197	0
113.148	-0.507561	0
113.701	-1.73651	0
114.974	-2.1427	0
115.829	-3.28795	0
117.628	-1.89521	0
117.999	-0.557081	0
114.453	-3.03355	0
115.192	-2.8679	0
112.336	-0.87753	0
113.024	-2.02227	0
113.802	-2.46423	0
117.783	-2.67466	0
118.441	-2.06261	0
118.766	-0.805864	0
114.961	-3.57098	0
112.472	-1.57459	0
112.442	-2.47412	0
113.72	-3.21455	0
117.974	-3.48996	0
114.221	-4.23663	0
111.847	-1.33529	0
111.641	-0.626056	0
111.223	-1.69691	0
111.521	-3.00922	0
112.82	-3.75378	0
117.211	-4.3564	0
110.923	-0.640068	0
110.425	-2.23813	0
111.305	-2.36834	0
110.776	-2.90376	0
110.195	-0.704079	0
114.473	-5.88959	0
109.53	-2.01012	0
108.825	-2.64251	0
112.325	-4.62533	0
116.181	-5.01694	0
110.261	-3.84541	0
111.401	-5.11698	0
112.762	-5.99689	0
109.254	-3.79729	0
110.452	-5.57852	0
108.64	-4.49728	0
107.731	-4.39617	0
109.033	-5.2614	0
107.334	-3.55692	0
107.235	-5.20102	0
108.672	-6.65828	0
107.87	-2.85237	0
106.432	-3.53641	0
105.837	-5.36214	0
107.592	-6.28578	0
106.01	-2.78026	0
106.419	-2.09413	0
107.222	-2.02227	0
106.097	-1.38086	0
107.661	-1.36669	0
106.417	-0.717349	0
105.242	-1.22352	0
108.517	-1.23079	0
107.324	-0.713411	0
105.636	-0.521378	0
108.006	-0.775825	0
104.764	-2.91445	0
110.369	-6.65927	0
107.534	-8.20321	0
111.253	-7.86459	0
64.375	-0.496402	0
69.375	0	0
69.0625	-0.549947	0
69.6951	-0.554253	0
68.4375	-0.541334	0
68.75	-1.09128	0
70.0139	-1.10798	0
68.125	0	0
67.8124	-0.541369	0
68.4294	-1.6761	0
69.6827	-2.0292	0
70.519	-0.547565	0
66.875	-0.721551	0
67.6254	-1.71368	0
69.055	-1.6388	0
70.1718	-1.68487	0
67.4865	-1.09045	0
68.0531	-2.24389	0
70.3597	-2.47124	0
67.4258	-2.31224	0
68.3529	-3.33281	0
70.796	-1.95135	0
66.6569	-3.04163	0
67.8069	-2.89739	0
71.3613	-1.45352	0
67.7107	-3.5781	0
66.8689	-3.92841	0
65.8944	-3.69263	0
66.8511	-5.20601	0
69.0098	-4.46514	0
64.6574	-4.04276	0
84.375	-0.496402	0
85.2016	-0.895475	0
88.125	-0.496402	0
90.625	-0.496402	0
86.875	0	0
86.5625	-0.549947	0
87.1951	-0.554253	0
85.8488	-0.591741	0
87.5139	-1.10798	0
86.2366	-1.09891	0
87.1834	-1.97976	0
86.5549	-1.70607	0
86.5925	-2.4782	0
86.5051	-3.29841	0
85.8295	-2.81165	0
86.6926	-4.6712	0
85.0858	-3.16954	0
87.2876	-3.89072	0
85.0101	-3.98723	0
84.5839	-5.29908	0
85.74	-4.6031	0
88.2035	-2.39204	0
87.5957	-4.74271	0
86.1071	-6.16468	0
88.0941	-3.35439	0
89.0838	-5.06153	0
89.0463	-2.97522	0
88.9112	-4.02114	0
90.2792	-2.85165	0
90.3483	-4.31731	0
-100.625	0	0
-100.938	-0.549947	0
-100.305	-0.554253	0
-101.265	-1.09989	0
-99.9833	-1.10965	0
93.125	-0.904795	0
96.875	0	0
96.5625	-0.549947	0
97.1951	-0.554253	0
95.9375	-0.541334	0
96.25	-1.09128	0
97.5139	-1.10798	0
95.625	0	0
95.3124	-0.541369	0
95.9294	-1.6761	0
97.1827	-2.0292	0
98.019	-0.547565	0
94.5874	-0.598957	0
95.0919	-1.73087	0
96.555	-1.6388	0
97.6718	-1.68487	0
94.991	-1.08784	0
95.5462	-2.2474	0
97.9589	-2.61207	0
94.8862	-2.36989	0
95.8554	-3.33408	0
98.3288	-1.98949	0
94.0618	-2.1026	0
95.3255	-2.89752	0
95.2107	-3.57673	0
94.1871	-3.92908	0
98.7928	-0.818802	0
93.8571	-0.756164	0
98.8416	-2.71543	0
98.7637	-1.48456	0
93.6178	-1.45463	0
98.1086	-3.60672	0
93.5087	-2.86189	0
99.7315	-2.82745	0
92.5361	-2.78258	0
100.243	-3.53006	0
92.2236	-1.93416	0
101.123	-3.62806	0
91.3456	-1.81105	0
101.5	-4.4776	0
101.583	-2.85537	0
100.895	-5.31001	0
102.471	-4.50214	0
102.534	-2.85622	0
102.939	-3.69592	0
103.056	-2.05436	0
103.994	-3.84557	0
103.978	-2.12956	0
96.4985	-4.46066	0
94.3552	-5.15653	0
98.1891	-4.73746	0
99.5826	-5.18864	0
101.414	-6.2499	0
104.48	-4.70041	0
104.1	-5.95005	0
98.3982	-5.87073	0
100.304	-6.24973	0
102.276	-6.91383	0
97.2081	-7.39736	0
100.127	-7.37483	0
102.201	-8.20469	0
102.924	-5.93178	0
98.2122	-6.95297	0
100.773	-8.76722	0
98.2952	-8.49714	0
99.0791	-7.72075	0
109.375	0	0
109.062	-0.549947	0
109.644	-0.516457	0
-126.875	0	0
-127.188	-0.549947	0
-126.555	-0.554253	0
-127.515	-1.09989	0
-126.18	-1.14065	0
-127.553	-2.03322	0
-126.58	-2.0079	0
-128.466	-2.14926	0
-129.091	-3.14947	0
-130.209	-2.81858	0
-131.875	0	0
-132.188	-0.549947	0
-131.555	-0.554253	0
-132.515	-1.09994	0
-131.236	-1.10798	0
-131.563	-1.6977	0
104.375	-0.496402	0
128.125	-0.496402	0
140.625	-0.496402	0
139.375	0	0
139.062	-0.549947	0
139.695	-0.554253	0
138.438	-0.541334	0
138.75	-1.09128	0
140.014	-1.10798	0
138.125	0	0
137.812	-0.541369	0
138.429	-1.6761	0
139.683	-2.0292	0
137.486	-1.09063	0
137.961	-2.29127	0
139.055	-1.6388	0
140.172	-1.68487	0
137.812	-1.61787	0
140.459	-2.61207	0
140.829	-1.98949	0
138.364	-2.88634	0
141.335	-2.71152	0
141.36	-1.45642	0
138.118	-3.61248	0
139.064	-2.88622	0
139.002	-3.78433	0
138.449	-4.26655	0
138.081	-5.44182	0
139.322	-4.70913	0
140.752	-3.79472	0
139.797	-4.02631	0
140.242	-4.84274	0
141.157	-6.04295	0
-4.375	0	0
-4.6875	-0.549947	0
-4.05492	-0.554253	0
-5.01516	-1.09989	0
-3.73325	-1.10965	0
148.125	0	0
147.812	-0.549947	0
148.445	-0.554253	0
147.087	-0.598611	0
147.485	-1.09989	0
148.764	-1.10798	0
147.492	-2.17515	0
148.438	-1.63838	0
147.805	-1.6354	0
149.033	-1.81188	0
149.501	-2.74239	0
149.823	-1.96202	0
-35.625	0	0
-35.9375	-0.549947	0
-35.3049	-0.554253	0
-34.9861	-1.10798	0
-30.625	0	0
-30.9375	-0.549947	0
-30.3049	-0.554253	0
-31.2652	-1.09989	0
-29.9304	-1.14065	0
-31.3032	-2.03322	0
-30.3298	-2.0079	0
-32.2162	-2.14926	0
91.875	0	0
91.5625	-0.549947	0
92.1951	-0.554253	0
91.2348	-1.09989	0
92.5167	-1.10965	0
65.625	0	0
65.3125	-0.549947	0
65.9451	-0.554253	0
64.9848	-1.09989	0
66.3196	-1.14065	0
64.9468	-2.03322	0
65.9202	-2.0079	0
64.0338	-2.14926	0
63.4085	-3.14947	0
62.291	-2.81858	0
60.625	0	0
60.3125	-0.549947	0
60.9451	-0.554253	0
59.9848	-1.09994	0
61.2639	-1.10798	0
60.9369	-1.6977	0
-89.375	0	0
-89.6875	-0.549947	0
-89.0549	-0.554253	0
-90.4012	-0.591741	0
-88.7361	-1.10798	0
-90.0134	-1.09891	0
-89.0619	-1.60217	0
6.875	0	0
6.5625	-0.549947	0
7.19508	-0.554253	0
5.84879	-0.591741	0
7.5139	-1.10798	0
6.23657	-1.09891	0
7.18815	-1.60217	0
103.125	0	0
102.812	-0.549947	0
103.445	-0.554253	0
102.099	-0.591741	0
103.764	-1.10798	0
102.487	-1.09891	0
103.438	-1.60217	0
-68.0029	-5.49548	0
-67.5858	-7.00225	0
-65.3775	-7.43347	0
-63.1538	-6.27746	0
28.2471	-5.49548	0
28.6642	-7.00225	0
30.8725	-7.43347	0
33.0962	-6.27746	0
-146.899	-7.36302	0
-137.058	-6.24252	0
-126.256	-6.22387	0
-127.645	-6.45824	0
-125.894	-7.5881	0
-124.482	-5.41139	0
-123.652	-6.59609	0
-128.219	-5.28044	0
123.662	-6.99445	0
125.869	-7.43372	0
-113.14	-6.5247	0
-135.956	-4.85022	0
-132.379	-6.81237	0
-131.492	-5.07611	0
-99.3579	-4.88082	0
-96.7227	-5.8882	0
-90.6129	-9.29018	0
-81.3901	-7.02343	0
-20.4976	-5.49796	0
-16.8903	-6.5247	0
-79.968	-9.46727	0
-73.4782	-4.32876	0
-40.8807	-6.40997	0
78.1583	-3.82347	0
78.2221	-5.08349	0
-30.0057	-6.22387	0
-31.3948	-6.45824	0
-29.6442	-7.5881	0
-28.2319	-5.41139	0
-27.4016	-6.59609	0
-25.9782	-4.32876	0
-31.9693	-5.28044	0
-3.10791	-4.88082	0
-0.472663	-5.8882	0
5.63714	-9.29018	0
54.4069	-3.81988	0
53.4313	-4.28046	0
54.4748	-5.07115	0
60.1205	-6.81237	0
61.0077	-5.07611	0
43.7239	-9.21513	0
14.8599	-7.02343	0
16.282	-9.46727	0
22.7718	-4.32876	0
151.387	-3.89596	0
143.132	-3.91902	0
145.125	-6.25768	0
136.649	-4.76528	0
136.547	-5.97907	0
116.168	-6.5701	0
66.2443	-6.22387	0
64.8552	-6.45824	0
66.6058	-7.5881	0
68.0181	-5.41139	0
68.8484	-6.59609	0
70.2718	-4.32876	0
64.2807	-5.28044	0
93.1421	-4.88082	0
95.7773	-5.8882	0
103.59	-8.40993	0
138.798	-6.50177	0
-67.7895	-8.37786	0
-65.33	-9.4523	0
-63.3089	-8.38642	0
-62.1889	-5.29451	0
28.4605	-8.37786	0
30.92	-9.4523	0
32.9411	-8.38642	0
34.0611	-5.29451	0
-148.121	-8.26185	0
-129.306	-7.62376	0
-126.217	-9.93658	0
-122.404	-6.94738	0
-129.502	-5.5828	0
123.462	-8.36077	0
125.794	-9.10603	0
127.358	-8.19718	0
-100.702	-4.41893	0
-100.195	-5.79621	0
-97.8288	-6.29029	0
-98.764	-8.03212	0
-96.801	-7.39526	0
-91.2654	-8.20788	0
79.3828	-6.70487	0
-33.1747	-7.65508	0
-29.9674	-9.93658	0
-33.252	-5.5828	0
-4.45169	-4.41893	0
-3.94472	-5.79621	0
-1.57882	-6.29029	0
-2.51396	-8.03212	0
-0.551002	-7.39526	0
4.98465	-8.20788	0
55.3732	-6.55718	0
150.599	-4.81715	0
143.429	-5.548	0
136.434	-7.17125	0
63.0753	-7.65508	0
66.2826	-9.93658	0
62.998	-5.5828	0
91.7983	-4.41893	0
92.3053	-5.79621	0
94.6712	-6.29029	0
93.736	-8.03212	0
95.699	-7.39526	0
103.891	-9.66553	0
104.552	-7.53752	0
138.317	-7.58892	0
138.567	-9.13951	0
139.956	-6.77055	0
140.596	-7.70404	0
140.253	-9.37143	0
141.304	-8.71843	0
-69.7682	-9.61924	0
-66.6764	-9.18217	0
-64.2741	-7.7599	0
-64.329	-8.90122	0
-63.3068	-7.3264	0
-63.4179	-9.43865	0
-62.1446	-7.85878	0
-62.0792	-10.1995	0
-62.3198	-9.02057	0
-60.8278	-5.63236	0
26.4818	-9.61924	0
29.5736	-9.18217	0
31.9759	-7.7599	0
31.921	-8.90122	0
32.9432	-7.3264	0
32.8321	-9.43865	0
34.1054	-7.85878	0
34.1708	-10.1995	0
33.9302	-9.02057	0
35.4222	-5.63236	0
-122.158	-8.98595	0
121.51	-9.61348	0
124.52	-9.0709	0
-101.058	-7.69237	0
-90.0288	-8.20025	0
79.3576	-5.49673	0
-4.80757	-7.69237	0
6.22116	-8.20025	0
149.253	-5.31705	0
150.819	-6.646	0
91.4424	-7.69237	0
102.874	-11.5814	0
104.804	-8.78247	0
137.236	-8.00925	0
141.389	-10.0264	0
142.878	-8.62032	0
-68.0259	-9.87729	0
-66.3533	-11.0624	0
-60.5704	-7.60946	0
-59.3759	-5.13593	0
28.2241	-9.87729	0
29.8967	-11.0624	0
35.6796	-7.60946	0
36.8741	-5.13593	0
123.221	-9.864	0
125.102	-11.0892	0
-99.8508	-7.09711	0
-88.7105	-9.60809	0
-3.60081	-7.09711	0
7.5395	-9.60809	0
92.6492	-7.09711	0
105.691	-7.9543	0
143.282	-11.1501	0
-99.983	-8.34996	0
-3.73301	-8.34996	0
92.517	-8.34996	0
106.32	-9.51683	0
106.725	-7.25062	0
-98.8903	-10.0442	0
-2.64031	-10.0442	0
93.6097	-10.0442	0
-144.691	-8.04447	0
-105.001	-7.74965	0
-109.955	-6.74128	0
-86.3315	-7.47667	0
-85.0853	-8.20319	0
-75.1358	-9.7065	0
-13.7047	-6.74128	0
-45.2841	-7.46681	0
-42.4019	-8.48755	0
-37.1782	-7.64602	0
82.5407	-6.75331	0
72.278	-9.74709	0
-8.74402	-7.75015	0
9.91848	-7.47667	0
11.1647	-8.20319	0
53.2462	-8.28865	0
38.232	-6.05373	0
38.2845	-7.36148	0
37.0804	-8.51916	0
39.5403	-8.348	0
49.7585	-10.4375	0
21.1142	-9.7065	0
156.782	-5.38154	0
158.664	-6.41353	0
161.08	-2.78894	0
132.912	-11.1429	0
135.551	-9.75148	0
110.085	-9.91254	0
112.629	-7.43322	0
87.503	-7.74995	0
97.7912	-10.0527	0
-137.778	-7.5389	0
-136.064	-7.34395	0
-80.7814	-8.30493	0
43.5274	-11.6531	0
44.8715	-9.97808	0
45.8825	-11.6561	0
15.4686	-8.30493	0
117.018	-9.0052	0
-149.573	-8.22515	0
-147.381	-9.64552	0
128.739	-9.09632	0
138.6	-11.649	0
-62.383	-12.7679	0
33.867	-12.7679	0
119.742	-8.89947	0
148.2	-4.48601	0
146.957	-4.88767	0
146.55	-6.25318	0
149.109	-7.07316	0
101.021	-10.7734	0
143.349	-7.11921	0
-59.0886	-8.66821	0
143.939	-9.74799	0
-144.537	-10.7491	0
-142.99	-9.16144	0
-103.512	-6.81673	0
-84.692	-10.594	0
-46.7846	-8.33983	0
-43.9728	-8.12791	0
-7.26366	-6.81162	0
11.558	-10.594	0
40.6062	-9.67624	0
134.577	-11.1018	0
113.751	-8.36742	0
88.9872	-6.81367	0
95.6969	-11.785	0
-139.562	-7.90961	0
-135.273	-8.63197	0
-134.563	-7.16987	0
-82.4067	-8.29153	0
13.8433	-8.29153	0
-151.612	-8.73121	0
-148.34	-12.1005	0
128.747	-10.8666	0
-60.3781	-11.7029	0
35.8719	-11.7029	0
145.842	-7.6423	0
147.642	-7.24871	0
99.1108	-11.7373	0
145.859	-11.503	0
-145.927	-10.1149	0
-43.5673	-9.96731	0
136.429	-11.4115	0
113.841	-10.8171	0
115.282	-9.21072	0
-138.387	-9.08674	0
-136.019	-10.3516	0
-83.7732	-9.07289	0
-81.606	-9.74775	0
12.4768	-9.07289	0
14.644	-9.74775	0
-150.362	-9.40741	0
145.834	-9.54809	0
148.579	-8.86029	0
-147.074	-11.1805	0
-140.472	-9.99282	0
-134.347	-10.0555	0
-80.4722	-11.4464	0
15.7778	-11.4464	0
-152.071	-11.0735	0
-149.801	-11.0915	0
-70.6292	-7.52732	0
25.6208	-7.52732	0
-119.443	-8.3704	0
-23.1292	-7.52732	0
151.993	-11.0683	0
154.077	-9.62956	0
-114.571	-8.51404	0
-18.3213	-8.51404	0
-39.499	-8.3175	0
58.27	-7.49235	0
77.756	-8.54653	0
-66.9365	-13.3318	0
29.3135	-13.3318	0
106.833	-11.81	0
-111.601	-7.41507	0
-109.182	-8.46101	0
-15.3507	-7.41507	0
-12.9321	-8.46101	0
-35.7612	-6.94345	0
-35.6068	-9.03507	0
80.9525	-7.33055	0
83.3264	-8.47112	0
52.6487	-11.7265	0
162.257	-4.84668	0
131.092	-10.4231	0
108.171	-10.0101	0
47.8278	-13.4849	0
119.481	-12.0917	0
-57.3138	-7.67757	0
-103.245	-8.89826	0
-46.5497	-10.1066	0
-6.97367	-8.90578	0
39.9153	-11.6774	0
89.2677	-8.90274	0
126.98	-11.887	0
-59.2728	-10.3812	0
37.1265	-10.3579	0
135.237	-12.8444	0
116.327	-10.6011	0
-134.884	-13.2884	0
-83.0448	-10.5509	0
13.2052	-10.5509	0
147.533	-10.5044	0
-71.8523	-9.25386	0
24.3977	-9.25386	0
-24.4673	-9.88173	0
149.923	-10.5262	0
56.6496	-7.55768	0
55.0307	-8.30857	0
57.542	-9.56427	0
59.9243	-9.13637	0
-112.741	-8.89696	0
-108.803	-11.605	0
-107.019	-8.78775	0
-16.491	-8.89696	0
-12.5527	-11.605	0
-10.7685	-8.78775	0
79.5722	-8.5115	0
83.6854	-11.6237	0
85.4896	-8.77945	0
48.0777	-11.508	0
-48.3219	-12.4641	0
41.5815	-11.1328	0
-57.872	-12.6758	0
37.8976	-12.3349	0
134.541	-15.0113	0
117.638	-11.9101	0
-134.933	-11.6194	0
-136.247	-12.4932	0
-133.556	-12.4142	0
-138.432	-13.9946	0
-133.026	-14.6655	0
-136.491	-14.4778	0
-131.507	-13.1199	0
147.667	-12.632	0
-22.173	-9.62821	0
-112.136	-10.7837	0
-15.8861	-10.7837	0
49.794	-12.3479	0
117.297	-15.0031	0
118.715	-10.4223	0
-138.115	-16.861	0
-112.904	-14.022	0
-16.6537	-14.022	0
118.406	-13.5599	0
119.636	-15.6527	0
120.326	-13.8388	0
122.331	-15.6402	0
121.358	-12.2614	0
122.105	-13.8759	0
124.202	-14.5037	0
-162.333	-5.76916	0
-94.7135	-10.9099	0
1.53653	-10.9099	0
-129.102	-9.6104	0
-32.2626	-9.76797	0
63.9874	-9.76797	0
-71.0725	-12.3036	0
25.1775	-12.3036	0
-123.834	-10.9715	0
142.354	-13.6903	0
-100.331	-13.109	0
-4.08078	-13.109	0
92.1692	-13.109	0
158.115	-8.54494	0
160.84	-6.73792	0
111.608	-11.8365	0
-142.32	-11.3613	0
-79.5845	-14.7222	0
16.6655	-14.7222	0
-117.227	-10.5836	0
-64.8268	-12.6643	0
-67.5117	-15.8107	0
31.4232	-12.6643	0
28.7383	-15.8107	0
104.799	-12.6447	0
-37.7805	-9.91074	0
164.293	-4.06797	0
-102.958	-11.7477	0
-6.70696	-11.7777	0
89.5428	-11.7656	0
128.362	-13.4814	0
57.6777	-13.2506	0
59.0631	-11.1871	0
-106.91	-10.8297	0
-10.6605	-10.8297	0
85.5802	-10.8313	0
131.747	-15.3378	0
136.602	-16.0083	0
150.739	-14.3627	0
-134.78	-17.5954	0
125.089	-18.0714	0
-96.9655	-11.2664	0
-0.715482	-11.2664	0
-69.1483	-13.396	0
27.1017	-13.396	0
156.047	-8.90409	0
158.768	-11.6325	0
162.279	-8.24431	0
-143.937	-12.8981	0
-140.155	-12.3524	0
107.154	-15.4892	0
166.937	-5.82448	0
127.745	-16.3308	0
60.3418	-13.5425	0
-106.657	-14.145	0
-105.105	-12.0241	0
-10.4071	-14.145	0
-8.85594	-12.022	0
85.857	-14.1548	0
87.3893	-12.0287	0
130.233	-14.0831	0
129.988	-15.9193	0
137.693	-19.6949	0
139.441	-16.1737	0
150.538	-12.4003	0
152.591	-13.1822	0
-95.5329	-13.0247	0
0.71712	-13.0247	0
157.358	-10.3178	0
162.288	-11.7427	0
-144.088	-16.6426	0
-141.937	-13.3839	0
125.783	-15.7868	0
-103.745	-14.1122	0
-7.52814	-14.1279	0
88.7453	-14.1831	0
153.558	-16.7436	0
-97.924	-13.5102	0
-1.67403	-13.5102	0
164.553	-9.98772	0
-143.339	-14.7974	0
-145.189	-15.1219	0
-141.659	-16.5531	0
-147.935	-15.5589	0
-146.262	-17.0581	0
-145.117	-20.5965	0
-144.849	-18.5553	0
-142.643	-19.883	0
-27.2813	-11.3812	0
68.9687	-11.3812	0
-86.9418	-11.0813	0
-85.4319	-12.6153	0
-83.8975	-14.4554	0
9.30822	-11.0813	0
10.8181	-12.6153	0
12.3525	-14.4554	0
-42.5376	-13.2353	0
-154.458	-11.5043	0
75.4156	-10.44	0
46.4796	-17.5754	0
-57.5541	-15.9254	0
-19.9573	-10.073	0
-21.5896	-12.4631	0
117.727	-17.9896	0
139.983	-13.5772	0
144.602	-15.1068	0
94.5685	-14.1399	0
113.594	-13.2303	0
-68.5456	-18.0675	0
-65.5305	-17.3064	0
27.7044	-18.0675	0
30.7195	-17.3064	0
58.674	-16.461	0
63.0985	-13.1442	0
-105.18	-15.9928	0
-107.627	-16.4351	0
-104.737	-19.9418	0
-8.95637	-16.0366	0
87.2822	-16.0971	0
-99.621	-16.2708	0
-3.37099	-16.2708	0
-150.738	-16.8136	0
-142.816	-23.9299	0
-84.9606	-16.8979	0
-81.7112	-14.107	0
11.2894	-16.8979	0
14.5388	-14.107	0
-152.917	-13.2162	0
-153.355	-15.94	0
48.5559	-15.9923	0
145.503	-19.4789	0
92.3845	-15.9154	0
110.718	-15.216	0
-71.7391	-18.9237	0
-63.6585	-19.5293	0
-62.7274	-16.4808	0
24.5109	-18.9237	0
32.5915	-19.5293	0
33.5226	-16.4808	0
62.1804	-16.5289	0
-110.652	-19.3166	0
-11.3894	-16.4005	0
-8.42986	-20.0061	0
84.853	-16.3856	0
87.7148	-20.1206	0
-139.974	-22.0244	0
-87.5814	-16.8699	0
-83.5076	-19.158	0
8.66856	-16.8699	0
12.7424	-19.158	0
-156.085	-16.4431	0
-152.772	-18.551	0
49.7864	-19.7593	0
146.232	-17.0498	0
95.9665	-18.0905	0
-69.4011	-21.2606	0
26.8489	-21.2606	0
64.465	-15.3318	0
-14.3529	-19.2802	0
-9.87972	-18.1787	0
-12.1534	-18.579	0
-12.1287	-22.4567	0
-10.6781	-20.3011	0
-9.19857	-22.8626	0
81.917	-19.2605	0
86.3047	-18.2372	0
84.0544	-18.5067	0
84.1946	-22.311	0
85.4254	-20.3651	0
86.8231	-22.6113	0
91.9313	-20.1075	0
-89.4812	-18.5778	0
-82.2164	-23.4824	0
-80.9492	-18.9409	0
6.7688	-18.5778	0
14.0336	-23.4824	0
15.3008	-18.9409	0
-157.121	-20.9908	0
-150.368	-19.6168	0
51.5024	-17.1144	0
149.763	-19.4329	0
65.2166	-19.5445	0
68.0735	-16.1643	0
85.2247	-24.9478	0
89.8297	-22.2827	0
-89.4146	-22.8683	0
-82.0561	-21.0796	0
6.83539	-22.8683	0
14.1939	-21.0796	0
-154.746	-20.1282	0
-148.863	-23.7704	0
148.947	-16.8341	0
-84.0435	-22.1538	0
-86.6161	-23.36	0
-84.45	-24.6334	0
-78.88	-22.4981	0
12.2065	-22.1538	0
9.6339	-23.36	0
11.8	-24.6334	0
17.37	-22.4981	0
-156.602	-18.7171	0
-159.216	-19.3174	0
-154.899	-23.4076	0
-148.025	-21.1176	0
-87.5447	-27.4187	0
-81.9922	-26.6601	0
8.70528	-27.4187	0
14.2578	-26.6601	0
-162.228	-17.5535	0
-160.83	-23.4872	0
-146.158	-23.1659	0
-48.709	-15.7018	0
38.5388	-15.1292	0
104.31	-15.4469	0
127.776	-19.276	0
140.651	-18.9689	0
157.168	-15.2128	0
-27.2066	-15.0565	0
-38.0293	-14.6205	0
76.4066	-13.7361	0
-54.1298	-16.8889	0
-22.8983	-15.6536	0
119.429	-21.2765	0
114.069	-16.9924	0
-101.076	-19.4556	0
-4.82619	-19.4556	0
-73.2617	-16.0862	0
-75.0466	-19.7488	0
-65.0846	-21.8513	0
-64.0644	-25.1767	0
-59.7288	-19.2137	0
22.9883	-16.0862	0
21.2034	-19.7488	0
31.1654	-21.8513	0
32.1856	-25.1767	0
36.71	-19.1207	0
-137.509	-19.9953	0
-70.2978	-24.2995	0
25.9522	-24.2995	0
-10.9931	-25.0382	0
-10.3593	-29.7328	0
-6.60704	-26.8281	0
53.1613	-20.0698	0
55.002	-15.8408	0
86.0195	-29.636	0
88.6698	-25.5896	0
94.3686	-24.5651	0
-151.921	-24.2572	0
-78.5495	-25.9898	0
-84.2977	-30.485	0
17.7005	-25.9898	0
11.9523	-30.485	0
-45.2532	-18.6813	0
41.558	-17.0734	0
100.667	-17.5776	0
105.665	-20.0289	0
125.413	-20.9492	0
130.879	-21.5465	0
140.336	-24.0751	0
-6.26291	-22.1209	0
-76.3686	-15.1515	0
19.8814	-15.1515	0
-136.913	-23.231	0
-73.4711	-25.3398	0
-70.2597	-27.6387	0
22.7789	-25.3398	0
25.9903	-27.6387	0
56.6148	-19.3303	0
-154.772	-28.6075	0
-149.769	-27.9299	0
122.806	-19.7857	0
128.046	-22.1629	0
-139.623	-25.6202	0
-134.18	-21.0543	0
-75.6953	-23.0048	0
-70.6584	-31.7824	0
-66.7425	-29.8655	0
20.5547	-23.0048	0
25.5916	-31.7824	0
29.5075	-29.8655	0
123.151	-22.5142	0
122.384	-26.7566	0
129.179	-26.5208	0
-136.502	-26.4281	0
-139.358	-31.028	0
-132.164	-29.6674	0
3.23975	-16.6172	0
0.350467	-18.9639	0
170.426	-7.04458	0
-97.0193	-18.5489	0
109.177	-18.4899	0
46.7717	-23.8367	0
-16.3283	-23.0302	0
80.0981	-22.9941	0
72.0072	-16.5336	0
-165.51	-16.2959	0
161.187	-15.6306	0
-30.9253	-17.7142	0
79.3293	-15.4245	0
-22.8836	-19.5247	0
115.819	-21.0612	0
-102.375	-23.6997	0
-58.3442	-26.3664	0
-56.3631	-19.4148	0
37.9058	-26.3664	0
-76.7432	-28.7652	0
-77.7382	-34.2376	0
-75.0052	-31.9078	0
19.5068	-28.7652	0
18.5118	-34.2376	0
21.2448	-31.9078	0
134.445	-21.206	0
55.5921	-22.9876	0
-130.146	-22.4747	0
1.95703	-22.9402	0
168.046	-9.62685	0
173.716	-8.04543	0
-94.855	-21.3812	0
108.849	-22.5195	0
73.6992	-20.4859	0
-165.865	-13.0325	0
-169.509	-12.7811	0
-167.181	-19.1951	0
-172.581	-20.7533	0
-168.97	-23.133	0
-24.765	-23.0988	0
-19.4029	-20.8979	0
113.12	-25.435	0
-58.7719	-22.7388	0
-73.9686	-35.8917	0
22.2814	-35.8917	0
136.761	-23.9335	0
53.9368	-28.0142	0
168.763	-13.4599	0
-96.1013	-27.1168	0
-170.632	-9.417	0
-174.774	-15.3303	0
-54.8215	-24.1121	0
136.038	-29.8998	0
167.565	-18.452	0
173.305	-15.0224	0
-173.086	-12.1052	0
138.423	-27.1619	0
-178.174	-11.4965	0
141.621	-32.3561	0
143.052	-27.8939	0
-115.085	-17.1795	0
-16.6668	-17.1602	0
152.834	-23.8837	0
67.305	-25.1622	0
-16.3894	-32.0207	0
80.0564	-32.1269	0
-48.7424	-21.6219	0
-40.7781	-20.1997	0
-63.3068	-32.2871	0
32.9432	-32.2871	0
118.963	-29.2076	0
-145.925	-33.9593	0
-17.5998	-26.9415	0
78.6779	-26.8013	0
-31.2984	-24.1345	0
-125.905	-23.267	0
-1.43867	-26.8365	0
104.379	-24.9533	0
-165.081	-27.478	0
-25.3545	-29.3764	0
-69.1662	-40.8665	0
27.0838	-40.8665	0
149.492	-32.4194	0
70.886	-23.3491	0
-47.8542	-25.8762	0
-38.373	-26.9259	0
-61.0009	-38.9604	0
-61.3066	-28.9235	0
35.2491	-38.9604	0
34.9434	-28.9235	0
119.243	-33.4323	0
73.9337	-30.8706	0
-128.749	-26.7461	0
-121.051	-23.5418	0
-21.2529	-28.8731	0
-46.3285	-30.8864	0
-63.8491	-36.2095	0
-67.2331	-37.7097	0
-70.3258	-35.7814	0
-64.7341	-41.4102	0
-72.0559	-38.8507	0
-73.2515	-43.6439	0
32.4009	-36.2095	0
29.0169	-37.7097	0
25.9242	-35.7814	0
31.5159	-41.4102	0
24.1941	-38.8507	0
22.9985	-43.6439	0
115.098	-36.9809	0
123.378	-35.7515	0
70.8588	-27.7383	0
-127.042	-32.1979	0
-22.7516	-33.6241	0
-43.8688	-27.4	0
-67.7172	-47.3912	0
28.5328	-47.3912	0
124.834	-40.4341	0
69.2622	-32.3811	0
91.263	-30.1792	0
11.0178	-39.7279	0
4.44251	-26.0457	0
1.43038	-25.909	0
-0.600458	-24.0176	0
-3.8989	-24.5709	0
1.19504	-30.0825	0
-2.03541	-30.0121	0
-0.71623	-35.2769	0
3.43972	-33.8572	0
3.38269	-40.4833	0
8.34774	-33.8163	0
-178.838	-20.4007	0
108.699	-27.3256	0
49.7737	-31.1957	0
59.1425	-30.0361	0
163.041	-21.0859	0
171.849	-20.9559	0
178.263	-14.1323	0
157.158	-27.5317	0
62.6302	-23.703	0
-151.585	-33.328	0
99.2759	-27.2906	0
-119.734	-27.8676	0
-122.528	-31.4848	0
-116.198	-25.1	0
-111.987	-26.7392	0
-109.268	-33.826	0
-108.25	-29.3702	0
-104.923	-32.4748	0
-104.511	-27.3655	0
-101.195	-35.5683	0
-50.6885	-34.2333	0
-81.2388	-45.8925	0
-27.7275	-33.7519	0
121.259	-44.3307	0
129.743	-41.269	0
64.2207	-38.3885	0
88.0627	-35.4928	0
15.8011	-45.3787	0
-8.49909	-40.0247	0
13.0257	-35.2622	0
45.2127	-34.2315	0
163.127	-26.4104	0
173.308	-27.9722	0
184.727	-19.5931	0
-99.4343	-39.9607	0
-102.655	-47.2277	0
-95.1399	-43.5572	0
-96.9086	-33.5633	0
-92.3516	-34.2857	0
-90.3132	-38.7392	0
-87.8629	-33.3637	0
-55.7241	-36.5529	0
-45.7826	-37.4197	0
-34.6689	-38.1794	0
-25.1131	-38.6126	0
132.656	-47.0536	0
134.671	-37.0666	0
59.5846	-35.4873	0
15.6495	-39.1262	0
40.3551	-36.8577	0
50.2438	-37.0899	0
167.93	-29.0652	0
175.983	-23.7563	0
-87.1947	-42.5463	0
-56.1848	-42.0878	0
-20.7137	-46.773	0
58.8551	-41.808	0
39.489	-42.0054	0
171.869	-34.6705	0
178.15	-28.0879	0
180.288	-21.5332	0
-85.7261	-46.9059	0
-88.8725	-53.9634	0
-82.0418	-52.7786	0
-82.7325	-41.5777	0
-80.9835	-37.3986	0
-51.9451	-50.3981	0
44.1489	-49.433	0
186.068	-29.9537	0
-51.7113	-45.0422	0
184.403	-24.9021	0
-43.2396	-48.0951	0
-46.6451	-42.8657	0
192.142	-25.1516	0
-40.4483	-41.0557	0
-170.578	-28.4847	0
-177.561	-34.7571	0
-166.403	-35.7701	0
-131.922	-35.627	0
22.4222	-50.4555	0
7.58045	-43.9487	0
10.3274	-52.501	0
6.99072	-37.988	0
-185.676	-23.5259	0
155.544	-33.3807	0
-152.27	-44.4893	0
82.4909	-37.5412	0
92.6249	-44.8602	0
-9.01875	-34.8046	0
-13.9069	-37.9271	0
-2.68662	-43.5814	0
55.5076	-49.94	0
-74.4143	-51.3217	0
-138.015	-37.1666	0
-128.011	-39.6887	0
-127.935	-49.1606	0
-123.989	-44.3927	0
-149.36	-39.0661	0
79.5502	-47.0692	0
87.1873	-41.7138	0
-17.1048	-42.5082	0
-12.3856	-50.1609	0
50.7107	-44.4018	0
-142.255	-46.4488	0
-121.237	-50.6871	0
-143.488	-39.3069	0
86.6004	-49	0
-113.8	-43.6868	0
145.496	-39.8709	0
-62.2454	-55.68	0
34.4618	-58.1124	0
-115.739	-36.5632	0
70.7231	-42.9584	0
-109.39	-58.7557	0
176.905	-40.3152	0
194.247	-34.0553	0
28.0363	-54.0259	0
28.1294	-60.9744	0
16.7542	-53.722	0
11.7201	-62.6952	0
-192.258	-20.7964	0
-184.686	-31.3577	0
-3.83104	-38.9239	0
-3.91691	-52.2064	0
95.821	-55.965	0
70.8933	-53.1	0
-115.997	-55.7245	0
179.61	-49.4026	0
184.915	-38.1661	0
20.4689	-66.6684	0
35.885	-69.6978	0
-201.029	-24.9497	0
-193.77	-41.017	0
-117.2	-67.0614	0
-109.746	-50.8163	0
-184.665	-40.4791	0
-26.665	-44.7154	0
-27.8003	-53.4225	0
-94.1994	-64.3919	0
-161.397	-43.4695	0
58.8463	-57.451	0
-18.3786	-52.9629	0
-22.7938	-59.2542	0
-18.1095	-71.2846	0
-11.8539	-44.5516	0
-7.33637	-47.8097	0
-137.469	-60.3426	0
-54.1523	-58.7781	0
171.077	-55.929	0
186.643	-60.3031	0
-188.719	-49.1916	0
-175.726	-44.3056	0
-36.7222	-54.2428	0
-158.031	-54.7011	0
54.4261	-70.531	0
-24.6136	-66.8899	0
-35.6266	-73.6393	0
-26.3327	-76.4445	0
-47.7827	-69.8155	0
102.468	-41.091	0
2.32249	-59.805	0
12.8684	-71.7855	0
4.95742	-84.0896	0
-198.691	-33.5667	0
-210.123	-32.0431	0
-203.633	-42.1811	0
162.76	-64.9156	0
-190.549	-65.2286	0
-148.773	-53.193	0
-168.911	-52.9632	0
-33.9213	-84.7878	0
105.475	-51.3569	0
-6.84261	-66.378	0
-199.435	-52.6191	0
-174.262	-68.7431	0
-41.9574	-96.074	0
-4.13063	-77.3578	0
-209.733	-68.4644	0
-164.952	-63.1028	0
-6.30247	-89.7903	0
-160.887	-80.3159	0
90.6226	-66.8202	0
36.3858	-84.1277	0
-106.35	-69.4395	0
-113.886	-77.8838	0
-85.1435	-73.9614	0
-128.503	-67.2264	0
-141.148	-74.4159	0
189.849	-81.856	0
201.447	-56.3372	0
-58.7801	-78.9168	0
16.6467	-82.9101	0
-225.015	-32.1302	0
155.189	-83.6701	0
-17.9707	-101.548	0
1.98068	-92.1805	0
9.95185	-90.5201	0
-5.43233	-102.322	0
21.598	-97.6907	0
78.3551	-72.1337	0
98.3592	-80.3812	0
-111.637	-96.7619	0
-72.605	-74.3201	0
-91.1921	-85.0692	0
167.813	-77.8606	0
-12.815	-119.953	0
65.9118	-78.4813	0
-101.009	-91.625	0
-100.344	-106.563	0
-85.2248	-100.305	0
113.602	-60.3423	0
113.857	-75.5708	0
124.857	-65.3858	0
137.846	-67.2801	0
142.171	-80.0749	0
-47.0962	-108.679	0
-12.7534	-78.0807	0
-147.301	-89.7996	0
217.553	-54.7608	0
-54.8031	-91.8433	0
-238.444	-25.7488	0
-224.222	-46.4174	0
26.2451	-87.9144	0
35.9899	-98.5391	0
15.9225	-119.952	0
90.7606	-93.2329	0
166.435	-91.4856	0
63.7131	-96.1723	0
-117.768	-115.232	0
120.199	-89.4739	0
144.81	-95.8874	0
-59.6336	-125.231	0
-38.6372	-122.483	0
-68.0754	-93.7376	0
-73.225	-105.965	0
-85.1314	-115.658	0
-235.429	-53.9416	0
-219.769	-59.1595	0
4.62495	-111.888	0
28.0236	-111.183	0
78.0418	-99.8214	0
97.4338	-105.907	0
177.033	-105.382	0
177.763	-85.7491	0
187.719	-95.9493	0
116.838	-103.898	0
133.091	-89.2313	0
-84.8685	-136.539	0
-251.177	-49.312	0
-244.719	-64.3382	0
1.55414	-128.137	0
32.4193	-129.983	0
47.4809	-114.611	0
67.1898	-112.477	0
96.4076	-119.497	0
206.44	-91.5718	0
123.357	-116.23	0
-243.032	-87.6978	0
83.093	-128.469	0
102.401	-133.716	0
119.897	-128.808	0
125.64	-140.33	0
126.205	-161.948	0
138.311	-141.202	0
131.272	-150.999	0
149.789	-137.105	0
141.024	-162.159	0
168.363	-145.711	0
144.469	-126.292	0
161.018	-137.216	0
176.48	-131.269	0
151.148	-114.23	0
135.633	-117.651	0
133.276	-185.816	0
161.28	-164.883	0
164.601	-116.04	0
-177.763	-86.3051	0
-28.785	-95.8696	0
-134.765	-103.334	0
227.332	-69.0884	0
-45.2827	-142.117	0
-266.649	-46.6928	0
-279.917	-52.3961	0
-291.96	-44.9817	0
-271.255	-64.1089	0
-299.791	-33.6276	0
-298.186	-58.1074	0
-276.655	-82.6765	0
-309.417	-22.2913	0
-313.837	-59.5755	0
-299.164	-73.7971	0
-314.605	-35.0708	0
-324.039	0	0
-327.589	-66.5932	0
-304.747	-98.4453	0
-330.27	-40.3076	0
-351.266	-77.1713	0
-319.176	-47.4472	0
-332.451	-87.4973	0
72.2988	-141.422	0
192.87	-135.238	0
-187.612	-108.275	0
-151.407	-111.306	0
229.829	-87.5246	0
240.77	-57.5861	0
-341.809	-26.6894	0
-332.063	-12.5051	0
-359.346	0	0
-346.564	-12.9826	0
48.7243	-149.456	0
77.9522	-165.678	0
204.109	-147.409	0
203.924	-122.898	0
-170.273	-118.909	0
245.492	-106.328	0
256.742	-63.9356	0
-347.99	-42.0101	0
202.456	-175.187	0
229.423	-158.965	0
219.508	-119.782	0
237.044	-133.027	0
232.54	-113.133	0
244.836	-120.806	0
198.984	-107.522	0
-154.165	-131.67	0
266.998	-89.3465	0
256.411	-44.7738	0
-366.762	-48.4057	0
271.136	-72.9012	0
-353.435	-56.7752	0
287.322	-85.7167	0
289.698	-65.3254	0
-117.602	-145.043	0
-87.7041	-168.484	0
-7.96314	-155.613	0
47.1107	-129.313	0
50.1264	-100.575	0
-220.853	-87.6548	0
105.73	-163.509	0
-50.8281	-176.492	0
-260.885	-92.1603	0
-259.435	-111.635	0
-368.976	-15.0063	0
-401.716	0	0
-377.505	-31.0717	0
253.636	-151.991	0
-177.077	-144.045	0
273.641	-37.228	0
-386.737	-49.2583	0
-137.016	-141.453	0
-28.3546	-153.654	0
-207.365	-103.015	0
-283.362	-134.073	0
-248.517	-142.566	0
-386.791	-15.8452	0
-405.634	-55.5387	0
-156.239	-155.227	0
-130.953	-162.954	0
-20.376	-177.707	0
-426.926	-41.1103	0
-394.769	-72.2108	0
-152.59	-193.609	0
-403.387	-96.8009	0
-378.684	-89.4041	0
29.2953	-166.771	0
73.9771	-192.62	0
278.346	-143.767	0
-211.053	-171.595	0
-413.271	-18.0074	0
-452.559	0	0
-437.985	-63.5321	0
-390.806	-138.721	0
5.68764	-177.817	0
273.991	-171.919	0
300.482	-130.135	0
-180.216	-174.901	0
-436.226	-20.0265	0
-380.942	-114.997	0
32.4323	-204.226	0
-351.557	-141.128	0
201.066	-211.735	0
102.043	-228.743	0
299.175	-183.952	0
-466.425	-21.6092	0
-513.571	0	0
-479.879	-45.4957	0
304.886	-215.704	0
-82.971	-222.146	0
-314.845	-162.579	0
-242.274	-173.199	0
-270.499	-217.48	0
-225.19	-201.085	0
185.725	-256.43	0
242.112	-228.829	0
-492.141	-22.8574	0
-523.184	-30.4868	0
-551.467	-52.2314	0
340.981	-226.419	0
-122.841	-220.222	0
-236.454	-240.762	0
276.124	-234.824	0
-586.785	0	0
-564.407	-87.836	0
392.381	-249.373	0
306.85	-249.851	0
-622.188	-106.663	0
-527.452	-99.0981	0
273.745	-278.615	0
309.243	-286.037	0
279.592	-339.25	0
359.039	-321.125	0
-161.104	-233.061	0
-520.748	-135.601	0
-555.772	-187.171	0
-510.706	-180.099	0
-490.842	-89.2133	0
246.257	-311.865	0
-194.751	-276.327	0
-130.566	-260.636	0
193.294	-309.559	0
224.044	-372.886	0
-136.238	-329.517	0
102.653	-277.469	0
140.567	-252.613	0
165.648	-362.112	0
56.2609	-303.722	0
-6.54056	-270.21	0
96.3987	-339.691	0
7.05653	-320.33	0
-47.0964	-308.116	0
-6.51018	-372.822	0
-690.796	-163.76	0
-260.601	-311.307	0
85.258	-394.229	0
-39.0745	-457.87	0
33.6619	-408.011	0
78.5724	-472.67	0
-130.693	-410.648	0
-341.864	-332.056	0
-605.383	-278.592	0
154.978	-495.612	0
-219.759	-466.586	0
-429.77	-366.559	0
98.4915	-545.033	0
85.957	-670.479	0
238.883	-522.597	0
256.94	-622.456	0
331.241	-484.022	0
-86.1478	-547.564	0
-691.01	-397.566	0
-308.002	-552.332	0
-514.761	-335.686	0
-594.285	-391.122	0
-411.33	-465.447	0
347.237	-708.988	0
448.728	-512.883	0
-108.076	-706.501	0
-634.874	-511.044	0
-503.623	-551.841	0
-20.8182	-637.559	0
-278.581	-687.004	0
420.718	-905.794	0
473.599	-650.07	0
-765.614	-539.831	0
-535.775	-696.08	0
457.276	-780.024	0
591.654	-557.819	0
-983.922	-593.747	0
-671.75	-810.663	0
-403.142	-805.92	0
575.808	-728.91	0
699.248	-470.795	0
-838.907	-711.99	0
792.07	-713.33	0
797.504	-572.22	0
967.397	-649.422	0
-780.451	-1088.86	0
-329.929	-1018.54	0
241.275	-979.479	0
612.262	-1199.77	0
940.507	-848.106	0
1156.08	-545.235	0
-840.237	-905.165	0
405.833	-1124.88	0
1148.91	-1038.09	0
-1066.74	-1080.46	0
-1248.14	-586.695	0
-534.493	-1186.29	0
-233.834	-1256	0
1321.83	-683.2	0
318.798	-1448.57	0
1280.03	-881.936	0
1473.46	-820.235	0
1717.44	-977.289	0
1676.45	-772.924	0
1762.2	-540.748	0
1371.48	-460.462	0
1584.63	-414.02	0
1298.32	-1358.78	0
-1358.26	-835.49	0
-442.973	-1474.81	0
-1616.29	-871.14	0
-323.924	-1969.09	0
-1735.06	-1130.38	0
729.567	-1514.08	0
-1252.48	-1359.48	0
117.223	-1753.48	0
1475.54	-1707.64	0
842.943	-1885.41	0
1054.49	-1584.93	0
-1135.01	-1758.96	0
314.787	-2185.67	0
1703.05	-2174.58	0
2206.81	-1536	0
921.187	-2293.54	0
-1552.1	-2151.08	0
-730.3	-1759.83	0
1854.88	-1680.22	0
1030.96	-2743.97	0
1339.95	-2416.98	0
645.96	-3056.76	0
207.061	-2844.8	0
673.202	-3526.64	0
1112.51	-3237.67	0
-214.715	-3122.68	0
254.568	-3908.76	0
1562.43	-3341.59	0
-182.104	-3636.33	0
2206.81	-2750.09	0
1881.06	-3041.96	0
1802.7	-2626.79	0
-2208.06	-1821.13	0
-1356.8	-2704.44	0
-1579.71	-3357.36	0
-1599.75	-4148.51	0
CELLS 8455	33820
3 314	1441	315	
3 1445	4434	4435	
3 1462	869	1461	
3 1380	4350	4340	
3 1380	1391	1400	
3 29	28	1460	
3 104	103	1466	
3 1347	4315	1359	
3 1469	1468	338	
3 4195	4191	1306	
3 1293	4203	4118	
3 258	257	1470	
3 1347	1359	1341	
3 1469	2693	181	
3 4070	1246	4075	
3 1467	2103	104	
3 1724	1728	348	
3 4006	3994	3842	
3 1655	1656	687	
3 3636	3674	1098	
3 1041	1043	1039	
3 1801	1790	1794	
3 3937	1224	1229	
3 1486	1493	1482	
3 1627	437	1636	
3 800	799	801	
3 1542	1545	37	
3 1658	1661	687	
3 670	1665	1669	
3 1720	1717	438	
3 831	762	764	
3 324	364	673	
3 3384	921	3331	
3 713	323	671	
3 1465	765	673	
3 257	256	1471	
3 2037	2044	688	
3 765	801	799	
3 466	691	465	
3 715	324	673	
3 1024	1041	1039	
3 2032	2021	2025	
3 1544	362	1547	
3 1580	1587	1576	
3 2176	2168	2171	
3 25	1023	999	
3 2137	2138	113	
3 999	870	26	
3 26	25	999	
3 720	329	677	
3 1077	1066	1023	
3 768	675	720	
3 3805	1000	1078	
3 675	718	328	
3 1473	468	1474	
3 330	1487	1493	
3 1964	86	1963	
3 1529	1528	364	
3 1558	30	1529	
3 1979	473	1970	
3 30	1528	1529	
3 1489	385	1484	
3 219	1530	220	
3 32	1531	33	
3 200	1532	201	
3 34	33	1533	
3 442	1537	1536	
3 680	402	403	
3 363	1533	1531	
3 2462	493	2452	
3 32	31	1557	
3 2289	747	2290	
3 870	869	27	
3 2104	2105	108	
3 1542	36	1537	
3 361	323	1531	
3 709	1599	1614	
3 1560	37	1545	
3 1469	1594	318	
3 39	38	1559	
3 360	1559	1560	
3 185	1562	186	
3 668	337	318	
3 40	1563	41	
3 1567	497	1568	
3 1632	1647	46	
3 437	1624	1623	
3 1583	407	1578	
3 42	41	1565	
3 1688	337	336	
3 1565	41	1563	
3 183	1688	184	
3 2555	163	2554	
3 1647	47	46	
3 1144	289	1124	
3 48	47	1689	
3 1689	356	1881	
3 415	2717	2719	
3 1651	47	1647	
3 656	3054	3053	
3 2749	2750	584	
3 3004	1691	3002	
3 2744	343	2745	
3 1713	1705	520	
3 53	1873	1872	
3 259	1690	260	
3 1692	1691	440	
3 262	1693	263	
3 52	1691	1692	
3 269	1694	270	
3 1624	1632	45	
3 2567	2575	502	
3 1690	344	343	
3 1699	59	1698	
3 253	252	1695	
3 59	58	1698	
3 60	59	1699	
3 422	2809	2811	
3 1701	520	1702	
3 1738	512	1739	
3 1781	518	1782	
3 1797	60	1805	
3 1886	355	1884	
3 63	1796	1787	
3 64	1791	1802	
3 1872	439	2993	
3 1810	65	1802	
3 1797	425	1792	
3 61	1792	1783	
3 237	236	1820	
3 81	1823	1824	
3 1827	352	1826	
3 73	1825	74	
3 1826	352	1862	
3 433	350	1825	
3 347	1795	1801	
3 66	1826	67	
3 1866	351	1863	
3 352	320	1819	
3 1829	1828	435	
3 1634	1637	443	
3 72	1831	73	
3 1901	524	1910	
3 1648	443	1633	
3 527	1834	1833	
3 1861	1860	436	
3 1828	1830	435	
3 1859	1861	68	
3 65	1810	1827	
3 1852	1845	1849	
3 54	53	1872	
3 669	344	319	
3 432	1875	1825	
3 190	1874	191	
3 1873	52	1692	
3 1875	2919	2917	
3 49	1876	50	
3 77	76	1877	
3 1875	432	2919	
3 1935	685	1932	
3 1880	1879	441	
3 1897	524	1898	
3 1541	357	1539	
3 2070	2076	470	
3 2009	1823	429	
3 1552	1554	1551	
3 80	1898	1906	
3 34	1534	1538	
3 1823	1921	1924	
3 1885	1883	356	
3 1551	357	1541	
3 1963	3091	3093	
3 1669	1675	670	
3 1979	1970	555	
3 2008	2007	87	
3 39	1559	1561	
3 86	85	1963	
3 1564	39	1561	
3 671	361	324	
3 1966	555	1967	
3 36	1535	1537	
3 92	1990	93	
3 386	1512	1516	
3 672	363	323	
3 91	1967	1975	
3 323	361	671	
3 87	2007	88	
3 1557	31	1558	
3 83	82	2009	
3 1624	45	1622	
3 364	1528	1460	
3 1502	1507	331	
3 2012	535	2013	
3 386	1509	1512	
3 1512	1509	1508	
3 2028	447	2023	
3 2068	470	1516	
3 673	364	316	
3 2231	461	3063	
3 1496	385	1489	
3 158	2100	159	
3 102	1488	1479	
3 1581	1587	338	
3 369	2112	2124	
3 1467	104	1466	
3 2312	2317	2319	
3 1483	1487	1466	
3 848	2215	2223	
3 365	2026	2032	
3 2102	2101	382	
3 370	2119	2113	
3 2105	2104	379	
3 2134	108	2105	
3 2109	2108	458	
3 106	2102	2106	
3 2114	2109	2112	
3 119	118	2130	
3 110	109	2133	
3 129	2136	130	
3 2138	2137	375	
3 2197	113	2138	
3 371	2172	2176	
3 2141	2140	464	
3 2181	2180	2186	
3 2133	109	2134	
3 2160	546	2161	
3 106	2101	2102	
3 150	2195	151	
3 1990	1993	93	
3 34	1533	1534	
3 374	2217	2209	
3 115	114	2196	
3 110	2135	2142	
3 116	2199	117	
3 2199	2201	117	
3 2145	375	2143	
3 2131	2201	376	
3 2204	2203	463	
3 2174	2170	2167	
3 2177	2182	123	
3 2200	115	2198	
3 122	2169	2177	
3 2213	123	2182	
3 674	378	327	
3 2173	2166	121	
3 2145	2153	375	
3 466	2130	2131	
3 2154	2156	2153	
3 2104	107	2106	
3 463	2203	2207	
3 677	329	382	
3 372	2136	462	
3 3059	2232	3058	
3 2141	2143	2137	
3 2205	2207	2203	
3 675	379	329	
3 110	2133	2135	
3 2335	537	2329	
3 677	382	317	
3 2231	3063	3061	
3 2043	2048	366	
3 101	1475	1473	
3 2136	461	2231	
3 2101	105	2103	
3 2136	2232	462	
3 676	381	328	
3 374	2205	2211	
3 115	2196	2198	
3 1507	1509	331	
3 448	2050	2053	
3 1497	678	1498	
3 138	2023	2014	
3 2036	447	2028	
3 1491	1480	384	
3 2050	2049	2053	
3 1478	1482	1476	
3 94	93	2233	
3 140	2027	2018	
3 1975	1990	92	
3 2117	142	2041	
3 2116	370	2110	
3 2943	2953	708	
3 2022	2033	141	
3 429	685	428	
3 2041	142	2033	
3 2069	553	2070	
3 2249	745	2251	
3 2111	2108	2110	
3 2961	694	2958	
3 2114	2115	146	
3 2235	2234	457	
3 222	2236	223	
3 368	2195	455	
3 227	2237	228	
3 2240	2239	483	
3 149	2257	150	
3 215	214	2258	
3 2261	2195	454	
3 2261	3042	3040	
3 2874	488	2877	
3 541	2366	2357	
3 2263	564	2264	
3 544	2301	2300	
3 2248	2244	391	
3 2111	2110	370	
3 235	2932	2947	
3 2327	537	2057	
3 1474	102	1472	
3 2196	114	2197	
3 2208	2204	2206	
3 4326	4329	1382	
3 1642	1649	321	
3 3042	2261	454	
3 2350	2381	2378	
3 206	2351	207	
3 2100	2377	2380	
3 2353	541	2354	
3 2426	395	2424	
3 203	2419	204	
3 157	2354	2362	
3 2422	2421	491	
3 2100	451	2442	
3 160	159	2442	
3 2445	570	2446	
3 499	2604	2610	
3 2430	2427	396	
3 2554	3098	3100	
3 3077	3079	488	
3 723	2504	2522	
3 163	162	2554	
3 2522	334	2535	
3 2556	164	2557	
3 164	2556	165	
3 2489	2488	2497	
3 576	2575	2567	
3 196	2456	2447	
3 2497	399	2489	
3 2560	2559	502	
3 572	2537	2536	
3 1606	1610	408	
3 2636	2635	170	
3 336	337	668	
3 169	2560	2636	
3 2641	2643	496	
3 2564	2563	576	
3 2498	2513	679	
3 1596	1601	339	
3 2461	494	2456	
3 680	403	335	
3 2602	499	1610	
3 404	2634	1688	
3 1603	1602	1606	
3 1577	1581	1468	
3 681	404	336	
3 1606	408	1603	
3 2561	403	402	
3 1572	1576	1570	
3 1469	181	1468	
3 179	1566	1568	
3 1750	1754	345	
3 182	2693	2692	
3 1591	682	1592	
3 1573	179	1582	
3 339	1601	1603	
3 1583	1590	407	
3 178	1569	1567	
3 2603	574	2604	
3 1562	404	335	
3 451	689	450	
3 2649	1874	2648	
3 403	2652	1562	
3 2559	2560	169	
3 184	2634	185	
3 171	170	2635	
3 278	277	2637	
3 2642	2641	496	
3 2651	2650	506	
3 2458	2465	2454	
3 2516	1874	2517	
3 3049	3053	506	
3 2646	189	2642	
3 2707	412	2700	
3 2561	2652	403	
3 2654	577	2655	
3 183	182	2692	
3 1585	1574	406	
3 1874	2516	191	
3 189	2640	2642	
3 2706	2701	413	
3 2479	398	2474	
3 3010	3012	3013	
3 2481	2480	2484	
3 2461	2469	494	
3 266	265	2694	
3 2481	2484	495	
3 2697	2696	508	
3 3014	3008	3011	
3 2451	198	2460	
3 2714	2713	510	
3 2279	2271	2274	
3 2429	1532	2477	
3 2734	511	2735	
3 199	2455	2466	
3 2722	2718	416	
3 1532	2472	2477	
3 415	2719	2723	
3 253	1697	1740	
3 2425	2421	2423	
3 3087	2771	3085	
3 2351	490	394	
3 205	2771	206	
3 2787	2793	421	
3 2425	491	2421	
3 1743	1746	1741	
3 683	420	346	
3 566	2870	2861	
3 2773	586	2774	
3 207	2855	208	
3 2876	2879	487	
3 2789	516	2784	
3 2855	2351	489	
3 253	1695	1697	
3 2857	566	2858	
3 255	1737	1739	
3 3071	2889	479	
3 2739	2737	511	
3 2845	2848	241	
3 212	2858	2866	
3 1786	1790	1784	
3 2277	2273	2270	
3 2258	2259	486	
3 1705	1713	426	
3 2879	213	2866	
3 62	1783	1781	
3 1806	684	1807	
3 2269	217	2276	
3 1701	1703	1704	
3 1746	1749	1754	
3 2247	1530	2285	
3 1710	1707	56	
3 218	2272	2280	
3 1799	1788	424	
3 1530	2283	2285	
3 63	1780	1782	
3 2008	86	1964	
3 2241	2242	2239	
3 3092	83	2010	
3 482	2886	2236	
3 223	2886	224	
3 685	429	349	
3 480	389	2237	
3 706	1917	1927	
3 1908	1911	525	
3 227	226	2888	
3 1867	732	1868	
3 479	2889	2237	
3 228	2889	229	
3 1898	80	1896	
3 2927	559	2936	
3 1877	431	1925	
3 2891	562	2892	
3 83	2009	2010	
3 391	2242	2241	
3 430	1901	1910	
3 307	306	1389	
3 476	694	475	
3 4418	4413	1398	
3 2702	2697	2700	
3 2918	2917	526	
3 230	2921	231	
3 1838	433	1836	
3 559	2924	2923	
3 2947	2950	1821	
3 70	1829	1835	
3 1834	1836	1831	
3 2782	2786	2793	
3 70	1828	1829	
3 474	2843	2846	
3 3105	3107	3006	
3 1862	1864	436	
3 1821	476	1820	
3 686	435	351	
3 2924	2932	234	
3 1816	1809	1808	
3 1625	529	1626	
3 2809	422	2804	
3 355	1882	1884	
3 588	2819	2989	
3 2815	517	2811	
3 1705	1698	1702	
3 2841	2843	474	
3 1630	1635	1626	
3 2992	2991	531	
3 247	2784	2775	
3 3005	3004	532	
3 2802	346	1696	
3 2779	249	2788	
3 1881	1883	441	
3 2797	516	2789	
3 3001	532	3002	
3 2815	2811	2810	
3 439	2997	2995	
3 239	3006	240	
3 436	1863	1861	
3 1540	442	1536	
3 2802	251	2794	
3 1631	1636	437	
3 420	1695	1696	
3 1470	345	1758	
3 1625	1626	1623	
3 1750	1471	1747	
3 1544	1541	1543	
3 1656	1658	687	
3 1026	1095	287	
3 2017	2021	2015	
3 1690	3007	344	
3 1693	2741	2742	
3 2048	2050	366	
3 1470	344	3007	
3 139	2014	2012	
3 1744	255	1751	
3 1563	40	1564	
3 2037	688	2038	
3 2735	2740	261	
3 2326	2328	2329	
3 2742	2721	1693	
3 2716	2715	416	
3 2333	2331	133	
3 3022	3014	509	
3 2030	2019	446	
3 2557	163	2555	
3 3028	414	3025	
3 3099	160	2443	
3 269	268	3008	
3 2665	2670	2662	
3 689	451	367	
3 3010	509	3011	
3 2373	2383	707	
3 2715	2716	2713	
3 2357	2366	452	
3 2733	2735	261	
3 140	2011	2013	
3 250	2783	2794	
3 1880	1882	1876	
3 2364	2367	542	
3 2699	2698	413	
3 738	2126	2125	
3 411	2638	2651	
3 2703	273	2702	
3 2354	157	2352	
3 2698	2699	2696	
3 2350	453	2381	
3 3041	3040	543	
3 276	2650	2651	
3 2305	455	2303	
3 505	2637	2638	
3 2676	282	2671	
3 2040	2039	2058	
3 2668	2664	2661	
3 147	2235	2302	
3 3046	3045	579	
3 454	368	2323	
3 690	457	369	
3 2663	2671	281	
3 2111	2113	458	
3 871	283	340	
3 284	283	871	
3 2107	2109	145	
3 282	2676	283	
3 147	2234	2235	
3 2165	2168	2163	
3 340	2687	2690	
3 2053	2057	448	
3 872	1001	285	
3 1001	286	285	
3 3067	3065	461	
3 2684	655	2682	
3 373	2206	2222	
3 871	3316	284	
3 119	2132	2162	
3 2660	280	2667	
3 2301	2303	2257	
3 3057	549	3058	
3 287	1095	288	
3 2207	2209	463	
3 1124	288	1095	
3 3536	1026	1001	
3 2202	2204	126	
3 3532	3564	1027	
3 2212	2216	549	
3 2147	2145	2146	
3 2682	2683	2684	
3 121	2159	2161	
3 3887	3924	1193	
3 1232	3933	3959	
3 691	466	376	
3 1191	291	1169	
3 377	674	740	
3 1095	1145	1124	
3 2144	464	2140	
3 2199	116	2200	
3 297	1268	1276	
3 1477	1473	1475	
3 1329	1326	1330	
3 1336	301	300	
3 1482	383	1476	
3 1288	299	298	
3 692	467	377	
3 1586	573	1579	
3 304	1362	1371	
3 2073	2076	2070	
3 308	307	1404	
3 310	1428	1427	
3 1991	1997	387	
3 1393	1378	1384	
3 95	2074	2072	
3 1354	1356	1351	
3 678	1497	1503	
3 4050	4049	1237	
3 119	2130	2132	
3 1026	286	1001	
3 3062	3061	548	
3 2705	1694	3028	
3 160	2442	2443	
3 2070	2067	2069	
3 432	350	1857	
3 693	472	387	
3 2855	489	3076	
3 2074	472	471	
3 1966	1968	1969	
3 1976	1972	89	
3 477	2927	2936	
3 2846	558	474	
3 2957	618	2955	
3 3106	237	1822	
3 694	476	388	
3 237	1820	1822	
3 2934	2937	560	
3 2921	478	2951	
3 2910	2903	2908	
3 2924	234	2922	
3 479	389	2914	
3 3070	3069	561	
3 224	2887	2893	
3 2896	480	2894	
3 2245	390	2243	
3 2892	2894	2888	
3 695	482	390	
3 224	2886	2887	
3 2242	2244	483	
3 2240	2243	2236	
3 215	2260	2265	
3 2268	2271	2266	
3 487	2861	2870	
3 217	2262	2264	
3 696	486	393	
3 215	2258	2260	
3 2857	2859	2860	
3 2867	2863	210	
3 2431	395	2426	
3 2856	2858	212	
3 489	3080	3078	
3 3075	3074	567	
3 3084	568	3085	
3 3088	3087	568	
3 2426	491	2427	
3 2422	2424	2419	
3 197	2447	2445	
3 2450	2454	2448	
3 748	2490	2494	
3 198	2444	2446	
3 2470	697	2471	
3 2463	2452	493	
3 2488	495	2484	
3 2481	2485	698	
3 2643	2641	2561	
3 402	724	2538	
3 1571	1567	1569	
3 1576	405	1570	
3 682	1591	1597	
3 420	683	419	
3 172	2608	2606	
3 2607	2610	2604	
3 2586	2590	409	
3 2604	2601	2603	
3 699	501	409	
3 2608	501	500	
3 2563	2565	2566	
3 2558	2572	165	
3 278	2639	2656	
3 2659	2662	2657	
3 412	2707	2709	
3 280	2653	2655	
3 700	505	411	
3 278	2637	2639	
3 3048	3047	507	
3 3053	3049	3051	
3 3052	656	3051	
3 2650	3046	3049	
3 2699	2701	508	
3 2695	2697	272	
3 3012	581	3013	
3 3017	3021	3013	
3 2716	2718	510	
3 2714	2717	2694	
3 2736	2734	1690	
3 511	2736	2738	
3 1738	1740	1742	
3 1746	418	1741	
3 1766	728	1767	
3 2670	410	2666	
3 248	2775	2773	
3 2778	2782	2776	
3 2798	2805	701	
3 249	2772	2774	
3 2798	701	2799	
3 2791	2780	515	
3 2844	2850	2848	
3 2816	517	2821	
3 1785	1781	1783	
3 1790	423	1784	
3 1636	353	1627	
3 1492	552	1485	
3 1703	590	1704	
3 1708	1712	1704	
3 3095	523	3093	
3 1965	1967	91	
3 702	522	427	
3 1976	522	521	
3 3090	592	3091	
3 3093	592	3095	
3 1899	593	1900	
3 1904	1909	1900	
3 1905	1910	524	
3 1899	1900	1897	
3 526	1933	1931	
3 2920	1877	2918	
3 1837	527	1833	
3 1840	1838	1839	
3 384	1480	1490	
3 1929	1931	595	
3 1629	529	1625	
3 1630	1634	1638	
3 672	713	762	
3 1715	1721	637	
3 2993	2995	531	
3 2992	2994	1710	
3 3003	3001	1876	
3 1890	355	1887	
3 424	1788	1798	
3 438	2994	2996	
3 4021	4032	1195	
3 1728	1729	684	
3 2016	2012	2014	
3 2021	445	2015	
3 2343	642	2337	
3 689	2388	2391	
3 2328	601	2329	
3 2332	2335	2329	
3 3102	540	3100	
3 2567	2559	2564	
3 703	539	449	
3 165	2556	2558	
3 3097	603	3098	
3 3100	603	3102	
3 2355	604	2356	
3 2360	2365	2356	
3 2361	2366	541	
3 2355	2356	2353	
3 543	2389	2387	
3 3043	2350	3041	
3 2304	544	2300	
3 2307	2305	2306	
3 406	1574	1584	
3 2385	2387	606	
3 2160	2162	2164	
3 2168	459	2163	
3 740	692	377	
3 460	2342	2339	
3 3063	3065	548	
3 3062	3064	2333	
3 127	2208	2210	
3 549	2210	2212	
3 446	2019	2029	
3 460	3064	3066	
3 379	675	328	
3 377	378	674	
3 468	1481	1478	
3 1478	1485	552	
3 2072	553	2069	
3 2082	2079	1513	
3 471	472	693	
3 596	1840	1841	
3 1968	613	1969	
3 1973	1978	1969	
3 558	3107	3109	
3 517	2815	2819	
3 2841	474	2840	
3 2844	557	2842	
3 3104	615	3105	
3 3107	615	3109	
3 2925	616	2926	
3 2930	2935	2926	
3 2931	2936	559	
3 2925	2926	2923	
3 561	2959	2957	
3 3072	2921	3070	
3 2895	562	2891	
3 2898	2896	2897	
3 484	2279	2275	
3 2250	2256	3141	
3 2263	2265	2267	
3 2271	484	2266	
3 651	2872	2878	
3 1753	585	1748	
3 2859	621	2860	
3 2864	2869	2860	
3 3076	3078	567	
3 3075	3077	2867	
3 3086	3084	2419	
3 2438	395	2433	
3 492	2465	2459	
3 486	696	485	
3 2449	2445	2447	
3 2454	492	2448	
3 2540	2539	572	
3 2435	3153	2432	
3 724	402	680	
3 679	2499	2498	
3 497	1575	1572	
3 1572	1579	573	
3 2606	574	2603	
3 2616	2613	1607	
3 607	2307	2308	
3 500	501	699	
3 2565	628	2566	
3 2570	2574	2566	
3 2654	2656	2658	
3 2662	503	2657	
3 3163	2706	2708	
3 3163	3213	2710	
3 3047	3048	3045	
3 507	412	2711	
3 3022	414	3014	
3 3162	411	3054	
3 581	3012	3016	
3 3022	509	3018	
3 710	2748	2746	
3 580	3163	2710	
3 2742	417	2743	
3 2738	2744	584	
3 343	344	669	
3 1771	319	1762	
3 1743	1745	1748	
3 1743	1748	585	
3 2777	2773	2775	
3 2782	514	2776	
3 619	2898	2899	
3 2790	515	2780	
3 556	2847	2844	
3 2816	2821	635	
3 518	1789	1786	
3 1786	1793	589	
3 1707	590	1703	
3 1713	520	1709	
3 1999	693	1997	
3 1684	830	3292	
3 3094	592	3090	
3 428	1938	1940	
3 1903	593	1899	
3 1904	1908	1912	
3 1800	589	1793	
3 1846	1844	686	
3 433	1838	1848	
3 528	1864	1819	
3 686	434	435	
3 1817	1815	933	
3 1630	529	1634	
3 1640	1643	705	
3 440	3005	2999	
3 1668	845	1674	
3 923	1686	1674	
3 2998	1893	924	
3 535	2020	2017	
3 2017	2024	600	
3 2331	601	2328	
3 2341	2338	2054	
3 2175	608	2170	
3 2188	2192	853	
3 3101	603	3097	
3 450	2394	2396	
3 2359	604	2355	
3 2360	2364	2368	
3 600	2024	2031	
3 2126	2128	690	
3 455	2305	2316	
3 545	2113	2065	
3 690	456	457	
3 641	3136	2060	
3 2165	2167	2170	
3 2165	2170	608	
3 462	2216	2225	
3 836	916	814	
3 2189	2193	2194	
3 2228	610	2224	
3 2084	612	2078	
3 1597	1605	682	
3 2073	2075	2078	
3 2073	2078	612	
3 1972	613	1968	
3 1979	555	1974	
3 1935	730	1938	
3 427	1943	1998	
3 3108	615	3104	
3 475	2964	2966	
3 2929	616	2925	
3 2930	2934	2938	
3 2278	620	2273	
3 2251	2253	695	
3 480	2896	2907	
3 2254	2248	2250	
3 695	481	482	
3 2296	2287	650	
3 2268	2270	2273	
3 2268	2273	620	
3 2863	621	2859	
3 2870	566	2865	
3 2464	625	2457	
3 840	2532	2530	
3 490	3088	3082	
3 821	2515	2521	
3 2531	652	2478	
3 3081	2440	926	
3 570	2453	2450	
3 2450	2457	625	
3 2618	627	2612	
3 2830	2831	825	
3 2607	2609	2612	
3 2607	2612	627	
3 628	2565	2569	
3 2575	576	2571	
3 2391	736	2394	
3 449	2399	2591	
3 2659	2661	2664	
3 2659	2664	630	
3 505	700	504	
3 3031	582	3030	
3 3020	2726	3026	
3 2726	415	2723	
3 2792	634	2785	
3 2669	630	2664	
3 586	2781	2778	
3 2778	2785	634	
3 557	2841	2842	
3 635	2828	2825	
3 597	1638	1644	
3 1503	1511	678	
3 1708	1711	1715	
3 1708	1715	637	
3 1928	349	1923	
3 521	522	702	
3 1904	593	1908	
3 1914	1917	706	
3 672	362	363	
3 1659	1662	795	
3 2044	2052	688	
3 778	2403	2392	
3 2332	2334	2337	
3 2332	2337	642	
3 2384	367	2379	
3 538	539	703	
3 2360	604	2364	
3 2370	2373	707	
3 741	692	782	
3 2187	815	783	
3 1941	638	1939	
3 774	1947	1936	
3 1973	1977	1981	
3 1973	1981	647	
3 388	2949	2954	
3 2836	704	2833	
3 2930	616	2934	
3 2940	2943	708	
3 893	2286	2288	
3 1761	1765	881	
3 2864	2868	2872	
3 2864	2872	651	
3 749	2482	2486	
3 789	2528	2478	
3 699	2590	2592	
3 2368	2374	644	
3 2570	2573	2577	
3 2570	2577	654	
3 667	3338	3259	
3 289	1144	290	
3 579	3048	3052	
3 631	667	3054	
3 2722	2724	2727	
3 3020	3026	632	
3 2907	2912	389	
3 2961	743	2964	
3 831	798	762	
3 599	1887	1889	
3 729	1724	1725	
3 1912	1918	639	
3 2185	645	2183	
3 610	2215	2224	
3 3148	602	2348	
3 654	2577	2583	
3 595	1858	3195	
3 1981	1987	647	
3 749	2487	2483	
3 2938	2944	649	
3 624	2433	2437	
3 2884	3173	622	
3 606	2324	3205	
3 643	2395	2397	
3 631	3050	2711	
3 3338	631	3339	
3 336	725	681	
3 668	725	336	
3 1758	319	1470	
3 711	1760	1764	
3 1680	670	1675	
3 756	1646	1654	
3 1460	1461	1463	
3 1187	1192	1168	
3 323	713	672	
3 1549	1547	362	
3 764	671	715	
3 671	324	715	
3 327	2156	674	
3 740	782	692	
3 676	328	718	
3 676	380	381	
3 2147	380	2149	
3 2151	2149	380	
3 1500	317	1467	
3 721	1505	1520	
3 722	1511	1510	
3 1492	1495	1501	
3 2504	2518	2522	
3 2492	2491	788	
3 681	335	404	
3 318	1618	668	
3 1618	318	1611	
3 335	681	726	
3 727	1605	1604	
3 1586	1589	1595	
3 1766	1773	728	
3 1753	1756	1759	
3 1719	1724	348	
3 1733	1803	1807	
3 349	1916	1923	
3 731	1926	1946	
3 1867	1868	351	
3 1844	1842	434	
3 734	1661	1665	
3 712	1556	1554	
3 735	2052	2051	
3 2031	2035	2042	
3 367	2372	2379	
3 737	2382	2402	
3 2125	2126	369	
3 2311	2309	456	
3 376	467	692	
3 2175	2179	2183	
3 2158	2156	717	
3 376	692	741	
3 1985	1991	387	
3 693	2002	2083	
3 388	2942	2949	
3 744	2952	2971	
3 2249	2251	390	
3 2902	2900	481	
3 2289	2294	747	
3 2278	2282	2284	
3 2479	2481	398	
3 2464	2468	2473	
3 787	2502	2504	
3 749	2483	2482	
3 2581	2586	409	
3 699	2595	2617	
3 2679	3162	972	
3 2669	2673	2677	
3 2813	2812	751	
3 2792	2796	2803	
3 1943	1942	638	
3 521	1986	1983	
3 2399	2398	643	
3 538	2582	2579	
3 755	2840	2851	
3 743	2965	2964	
3 1654	1655	756	
3 1640	1644	1638	
3 1927	1929	757	
3 1914	1918	1912	
3 2383	2385	758	
3 2370	2374	2368	
3 2953	2955	759	
3 2940	2944	2938	
3 2541	2537	2539	
3 2485	2490	698	
3 1771	669	319	
3 2727	2724	905	
3 1764	1777	711	
3 710	2745	2747	
3 1549	762	714	
3 762	798	714	
3 673	316	1465	
3 3693	3780	3807	
3 713	764	762	
3 1544	1546	534	
3 801	3485	1024	
3 764	713	671	
3 1024	1039	982	
3 756	1655	1657	
3 676	718	766	
3 766	802	719	
3 675	329	720	
3 2151	766	719	
3 720	677	769	
3 2147	2148	551	
3 1517	1524	317	
3 677	317	1524	
3 769	3182	720	
3 675	768	718	
3 722	1522	1521	
3 611	1506	1518	
3 2538	724	572	
3 724	772	805	
3 680	335	726	
3 772	724	680	
3 725	771	3186	
3 726	772	680	
3 725	773	681	
3 668	771	725	
3 727	1616	1615	
3 626	1600	1612	
3 728	1768	1767	
3 2808	2820	658	
3 729	1725	1731	
3 1727	659	1723	
3 774	1932	1930	
3 1938	730	1939	
3 1934	730	1932	
3 1998	901	1995	
3 1871	3294	1850	
3 434	1842	1840	
3 1869	732	1867	
3 660	1919	1920	
3 777	1666	1670	
3 1646	705	1654	
3 735	2063	2062	
3 2347	661	2345	
3 778	2388	2386	
3 2394	736	2395	
3 2390	736	2388	
3 2591	903	2588	
3 2129	738	2127	
3 456	2309	2307	
3 738	2125	2127	
3 662	2375	2376	
3 740	674	781	
3 741	691	376	
3 740	781	812	
3 2187	783	2185	
3 742	1994	2001	
3 1955	1996	901	
3 784	2958	2956	
3 899	2808	2813	
3 2825	751	2818	
3 2833	793	2831	
3 2255	745	2252	
3 481	2900	2898	
3 2252	745	2249	
3 664	2945	2946	
3 747	2291	2290	
3 2883	665	2881	
3 2494	2499	748	
3 697	2470	2475	
3 819	2507	2500	
3 2476	2483	2487	
3 750	2587	2594	
3 2411	2589	903	
3 2821	2822	635	
3 2958	694	2956	
3 685	1930	1932	
3 1923	1926	731	
3 689	2386	2388	
3 2379	2382	737	
3 2840	2837	704	
3 793	2833	2837	
3 744	2949	2952	
3 2960	743	2958	
3 795	1657	1659	
3 1666	828	1662	
3 596	1852	1848	
3 1847	1844	1846	
3 607	2319	2316	
3 2311	2128	2313	
3 619	2910	2907	
3 2902	2253	2904	
3 1761	633	1759	
3 2709	2710	850	
3 1762	1760	711	
3 797	2748	2753	
3 831	764	800	
3 534	1552	1551	
3 715	799	764	
3 855	1951	1950	
3 765	715	673	
3 765	799	715	
3 800	764	799	
3 1546	1550	534	
3 1941	1949	752	
3 551	2154	2153	
3 768	3270	718	
3 856	2407	2406	
3 1505	721	1517	
3 3270	768	3240	
3 721	1520	1527	
3 768	3182	3240	
3 2397	2405	753	
3 2970	3175	914	
3 709	1611	1599	
3 1621	709	1614	
3 773	726	681	
3 1621	3186	771	
3 3250	773	3186	
3 726	773	3274	
3 1848	1855	350	
3 3132	910	1945	
3 1673	828	1671	
3 875	1518	1506	
3 800	801	982	
3 812	814	782	
3 712	1553	1555	
3 1672	829	1673	
3 2316	2321	368	
3 3150	912	2401	
3 551	2148	2152	
3 1600	878	1612	
3 2191	550	2209	
3 2507	2508	788	
3 717	2155	2157	
3 782	740	812	
3 802	835	767	
3 782	815	741	
3 2157	813	781	
3 837	2192	815	
3 3218	618	2915	
3 826	3288	2838	
3 3250	3274	773	
3 2749	2746	2751	
3 2436	2430	2432	
3 2829	857	2826	
3 2519	2523	818	
3 2491	2495	788	
3 2544	2543	838	
3 2492	749	2486	
3 2540	805	770	
3 2529	789	822	
3 1937	730	1934	
3 790	1953	1950	
3 2390	2393	736	
3 791	2409	2406	
3 2982	2978	844	
3 2835	843	2852	
3 2967	755	2851	
3 2838	2974	2975	
3 2972	2962	784	
3 743	2960	2963	
3 763	798	834	
3 845	1664	1663	
3 565	2278	2287	
3 3266	3265	3345	
3 797	2753	2756	
3 2763	2757	797	
3 716	801	765	
3 1657	1660	756	
3 1464	716	1465	
3 1192	1187	1196	
3 1184	3849	3978	
3 1999	2003	890	
3 834	3364	3331	
3 802	832	3422	
3 1527	3182	769	
3 3270	802	766	
3 1817	519	1800	
3 896	2592	2596	
3 2060	536	2031	
3 2830	792	2828	
3 772	3274	3308	
3 2503	2514	2519	
3 1641	1686	530	
3 1683	830	1682	
3 3197	3133	1945	
3 3133	1944	660	
3 1555	834	808	
3 1888	847	1886	
3 609	2349	2346	
3 2543	2549	838	
3 3207	3151	2401	
3 3151	2400	662	
3 1523	3394	1518	
3 811	2157	835	
3 781	717	2157	
3 812	781	813	
3 813	811	836	
3 812	813	814	
3 835	915	811	
3 2212	2215	610	
3 782	814	815	
3 837	815	814	
3 623	2885	2882	
3 857	2827	2826	
3 3220	3176	2970	
3 3176	2969	664	
3 1617	3395	1612	
3 2542	2544	2523	
3 2514	2503	787	
3 2505	2501	2503	
3 820	2526	2520	
3 2506	819	2505	
3 818	2544	2550	
3 2431	2433	395	
3 2496	822	2492	
3 821	2548	2510	
3 1936	823	1934	
3 1936	1948	823	
3 2392	824	2390	
3 2392	2404	824	
3 2834	825	2831	
3 2832	2835	2852	
3 2511	2515	821	
3 2975	2974	794	
3 2962	827	2960	
3 2973	2962	2977	
3 1676	1672	777	
3 1666	1671	828	
3 3118	1678	829	
3 1683	1667	1679	
3 3187	808	3331	
3 355	1886	1887	
3 831	800	852	
3 798	831	834	
3 3111	946	1526	
3 813	836	814	
3 3115	947	1620	
3 1069	3215	3444	
3 870	999	1025	
3 932	1730	3123	
3 3112	1525	1526	
3 997	3510	3402	
3 3344	832	3269	
3 3573	3439	964	
3 861	2228	2227	
3 2188	2185	783	
3 1619	1620	3116	
3 2975	3224	826	
3 3310	3309	833	
3 1770	633	1761	
3 2434	2439	849	
3 2478	2528	2531	
3 3277	910	3196	
3 1815	886	933	
3 3206	3279	912	
3 2059	641	2047	
3 951	3342	3262	
3 816	2976	2983	
3 650	2286	2293	
3 3281	914	3219	
3 1685	1674	845	
3 1646	640	1645	
3 852	3364	831	
3 3190	3251	885	
3 1649	1681	321	
3 598	2998	1732	
3 2223	2226	848	
3 609	3065	3067	
3 849	2431	2434	
3 623	3081	2885	
3 2729	905	2758	
3 760	2754	2759	
3 3192	3126	882	
3 3561	3665	3833	
3 852	800	982	
3 915	1002	836	
3 2190	3140	983	
3 2175	2189	547	
3 3155	3211	984	
3 2531	2534	652	
3 1957	855	1954	
3 663	1988	1989	
3 2413	856	2410	
3 666	2584	2585	
3 881	1774	1770	
3 2808	899	2820	
3 1958	806	1952	
3 598	1732	1726	
3 3361	3360	1042	
3 1733	684	1729	
3 864	2189	2194	
3 2059	2047	887	
3 2194	3300	864	
3 983	3140	860	
3 2533	865	2534	
3 650	2284	2286	
3 865	2533	3307	
3 984	3211	862	
3 3299	837	3350	
3 916	3350	814	
3 2532	854	2530	
3 840	2529	2548	
3 3378	3359	3388	
3 1888	1892	847	
3 836	811	915	
3 3299	3350	867	
3 2527	2526	2525	
3 2553	2532	840	
3 870	27	26	
3 1460	1463	316	
3 25	24	1023	
3 1000	1024	3485	
3 2674	2687	2675	
3 284	872	285	
3 3316	871	2690	
3 3417	872	3316	
3 3212	972	3162	
3 340	2675	2687	
3 2723	2725	3165	
3 3036	3034	3037	
3 2097	3139	554	
3 1521	875	1511	
3 3325	891	3135	
3 3112	803	1525	
3 2002	693	1999	
3 892	877	929	
3 2631	3161	575	
3 1615	878	1605	
3 3329	897	3159	
3 3116	804	1619	
3 2595	699	2592	
3 898	880	930	
3 2814	728	2807	
3 1765	1767	881	
3 2820	2827	3320	
3 1772	1776	3127	
3 2852	2854	857	
3 3167	931	2824	
3 884	1729	1734	
3 1734	1736	884	
3 3187	3332	846	
3 974	3447	1854	
3 846	3373	3292	
3 846	3118	3187	
3 2062	887	2052	
3 2059	2064	3397	
3 809	2408	2414	
3 976	3450	2318	
3 2348	3146	934	
3 889	2059	3397	
3 1994	742	1991	
3 2091	2003	2092	
3 892	2099	3297	
3 2086	2088	646	
3 3135	891	2005	
3 1057	2099	3138	
3 2290	893	2288	
3 2293	893	2295	
3 2982	2973	2978	
3 978	3453	2909	
3 2884	3171	937	
3 3220	914	3221	
3 2587	750	2586	
3 2625	2596	2626	
3 898	2633	3313	
3 2620	2622	653	
3 3159	897	2598	
3 1058	2633	3160	
3 2823	899	2813	
3 3320	2827	857	
3 3287	3419	2853	
3 3356	900	3320	
3 1949	1951	752	
3 1951	1955	901	
3 3295	3296	1955	
3 3296	902	1955	
3 2405	2407	753	
3 2407	2411	903	
3 3305	3306	2411	
3 3306	904	2411	
3 2764	2731	2762	
3 2725	2727	2729	
3 1763	513	1753	
3 1775	1763	633	
3 1519	469	1492	
3 611	3110	1519	
3 1613	498	1586	
3 626	3114	1613	
3 1944	594	1915	
3 3132	1920	757	
3 1853	776	3348	
3 1841	1845	596	
3 2400	605	2371	
3 3150	2376	758	
3 2320	780	3352	
3 2308	2312	607	
3 2969	617	2941	
3 3175	2946	759	
3 2911	786	3357	
3 2981	3177	844	
3 980	3235	3237	
3 981	3245	3247	
3 960	3180	3268	
3 2546	839	3327	
3 3300	3374	997	
3 2835	2839	2853	
3 3354	2550	3311	
3 796	1772	3127	
3 961	3184	3272	
3 3194	3333	2763	
3 816	2986	2980	
3 2981	844	2978	
3 1030	3612	3582	
3 3237	3269	980	
3 3033	3032	657	
3 2680	655	2677	
3 3378	3323	3359	
3 3119	985	1687	
3 2998	2999	1893	
3 1044	1045	3488	
3 2229	925	2349	
3 3149	3204	3144	
3 3081	3082	2440	
3 3174	3217	3169	
3 3355	3318	2769	
3 2688	973	2683	
3 3165	3166	3033	
3 3038	874	3037	
3 2097	554	2081	
3 646	2088	2090	
3 2631	575	2615	
3 653	2622	2624	
3 2814	931	1768	
3 2814	2824	931	
3 1730	591	1718	
3 659	1722	1723	
3 1061	3408	3445	
3 3128	975	1818	
3 2348	602	2340	
3 661	2344	2345	
3 1062	3410	3448	
3 3137	977	2061	
3 2000	614	1984	
3 2004	2000	663	
3 2884	622	2875	
3 665	2880	2881	
3 1063	3451	1018	
3 3142	938	3256	
3 2593	629	2580	
3 2597	2593	666	
3 1006	3319	3419	
3 3330	883	3167	
3 1959	1960	1958	
3 1962	3200	1948	
3 2415	2416	2414	
3 2418	3210	2404	
3 3333	3366	3418	
3 3164	850	2710	
3 2758	2732	2729	
3 3166	2732	2768	
3 3252	882	1778	
3 3192	945	3126	
3 3267	967	3268	
3 946	3111	3179	
3 3271	968	3272	
3 947	3115	3183	
3 3234	960	3236	
3 1081	3486	3551	
3 1020	915	835	
3 1082	3487	3552	
3 2903	619	2899	
3 3303	965	3574	
3 920	2977	2980	
3 2984	951	2981	
3 3251	3396	885	
3 932	3190	1735	
3 952	3120	3121	
3 3122	969	3120	
3 3424	916	3455	
3 3147	888	934	
3 954	3143	3144	
3 3145	970	3143	
3 3454	3312	918	
3 3172	894	937	
3 956	3168	3169	
3 3170	971	3168	
3 3227	3228	3038	
3 3213	3343	3164	
3 3194	3193	959	
3 290	1169	291	
3 3197	910	3198	
3 3247	3273	981	
3 3208	3207	912	
3 3262	919	3223	
3 2297	3303	895	
3 950	3221	3291	
3 3119	866	3129	
3 3119	3324	866	
3 3489	1033	3203	
3 954	3144	3202	
3 3490	1034	3216	
3 2985	3322	962	
3 3256	979	3142	
3 3399	3398	1035	
3 2093	2006	2098	
3 3244	961	3246	
3 942	3578	3353	
3 3319	940	2854	
3 969	1727	3120	
3 3123	3124	932	
3 970	2347	3143	
3 3146	3147	934	
3 971	2883	3168	
3 3171	3172	937	
3 3259	3260	3212	
3 2680	2679	2682	
3 3369	3340	3164	
3 3266	993	3230	
3 3128	3445	3408	
3 3504	1016	3400	
3 1813	1817	1818	
3 1871	1870	775	
3 3137	3448	3410	
3 3469	889	3397	
3 2046	2060	2061	
3 2123	2065	2122	
3 3414	3201	3451	
3 3583	895	3303	
3 3141	979	2250	
3 785	2255	2254	
3 3182	1527	3113	
3 3233	3235	803	
3 3186	1621	3117	
3 3243	3245	804	
3 1195	4064	4033	
3 982	801	1024	
3 2184	2189	2190	
3 2221	2191	2220	
3 3153	984	2432	
3 2439	2436	862	
3 923	3119	1687	
3 1888	533	1891	
3 2766	2767	943	
3 3229	3230	3228	
3 1044	859	3130	
3 941	1957	3278	
3 964	3145	3203	
3 942	2413	3280	
3 3215	956	3169	
3 3312	3416	868	
3 1056	3544	3514	
3 1194	292	1191	
3 991	3238	3367	
3 802	3422	835	
3 992	3248	3368	
3 2549	3309	3311	
3 3178	928	3033	
3 943	2770	2768	
3 3178	3225	994	
3 3225	3226	994	
3 943	2767	2769	
3 3499	1027	3417	
3 3337	3474	3252	
3 3591	3616	3639	
3 836	1002	3455	
3 867	3350	3424	
3 2547	2521	2545	
3 3312	868	2552	
3 24	23	1094	
3 716	3485	801	
3 1041	1024	1000	
3 1172	4021	3984	
3 3315	873	2689	
3 286	1026	287	
3 941	3575	3349	
3 3371	990	3342	
3 2627	2599	2632	
3 1010	1060	1082	
3 3612	3392	3582	
3 3387	3346	3373	
3 1011	1051	1071	
3 3122	3189	963	
3 3500	3617	3592	
3 3376	3432	3377	
3 1059	1081	1009	
3 3437	3491	3231	
3 1010	1082	1087	
3 3438	3492	3241	
3 975	3128	775	
3 1046	1049	1047	
3 3137	779	977	
3 3203	3573	964	
3 3464	3567	3475	
3 1011	3493	1051	
3 997	3703	3510	
3 3513	3496	988	
3 3216	965	3170	
3 1069	3444	3517	
3 1014	3592	3473	
3 3366	3428	3515	
3 3283	3372	3345	
3 2688	2691	973	
3 3493	3251	963	
3 3423	3254	3348	
3 3477	1017	3587	
3 3425	3257	3352	
3 3704	1138	3783	
3 3427	3261	3357	
3 3574	965	3216	
3 3318	3375	995	
3 3239	991	3237	
3 915	1020	1064	
3 3249	992	3247	
3 3354	917	2550	
3 1038	3366	3515	
3 294	1198	1247	
3 1094	23	1123	
3 716	1464	3485	
3 1039	1030	3582	
3 1214	1234	1196	
3 1023	1066	999	
3 1025	999	1066	
3 3417	3511	872	
3 3511	3536	1001	
3 3399	3530	973	
3 1109	3459	3521	
3 1002	915	1064	
3 3542	3513	1055	
3 3328	3327	3326	
3 3368	3336	1037	
3 1306	4191	4190	
3 3705	1064	3585	
3 3324	3323	1031	
3 3360	3379	3389	
3 1030	3635	3613	
3 1049	1032	1047	
3 3837	3696	1099	
3 3782	1150	3702	
3 3420	1003	3614	
3 3598	3642	1034	
3 3521	1079	1109	
3 3549	3550	3398	
3 1039	1043	3635	
3 3738	3584	1003	
3 3329	3383	3160	
3 3497	989	3514	
3 959	3193	3276	
3 3421	3482	3252	
3 1078	1025	1066	
3 1168	1143	21	
3 3461	1040	3389	
3 3188	1044	3488	
3 1234	4121	4093	
3 1032	1045	1047	
3 1044	1042	1040	
3 1889	847	1895	
3 3780	3805	1142	
3 1061	3446	3409	
3 1045	1044	1040	
3 3188	952	3121	
3 3465	3467	3463	
3 1045	1032	3189	
3 1046	3465	3524	
3 987	3512	3495	
3 3467	1045	1040	
3 1046	1048	1049	
3 1119	3569	3568	
3 3290	988	3496	
3 1050	1049	1048	
3 1032	1049	1051	
3 1096	3594	3620	
3 3138	3325	3381	
3 1049	1050	1051	
3 1071	1051	1050	
3 1084	1086	1081	
3 3491	967	3231	
3 3771	1087	1082	
3 3492	968	3241	
3 974	1850	3294	
3 886	3396	3504	
3 976	2314	3298	
3 3411	1062	3449	
3 978	2905	3302	
3 3452	3415	1063	
3 3576	3577	1007	
3 1057	3297	2099	
3 3579	3580	1008	
3 1058	3313	2633	
3 948	3198	3289	
3 1948	3200	3255	
3 949	3208	3290	
3 2404	3210	3258	
3 3476	3446	3470	
3 974	3294	3409	
3 3477	3449	3471	
3 976	3298	3411	
3 1018	3783	3452	
3 978	3302	3415	
3 1020	3429	3457	
3 1064	3457	3585	
3 3456	1065	3326	
3 1065	3458	3697	
3 24	1094	1023	
3 1078	1000	1025	
3 3498	1067	3315	
3 1067	3498	3531	
3 2227	3301	3412	
3 997	3374	3581	
3 3157	3156	863	
3 3728	1029	3664	
3 3591	3358	3497	
3 996	3229	3334	
3 3831	3625	1074	
3 1011	1071	1080	
3 3600	3601	3599	
3 1009	1081	1086	
3 1036	3367	3335	
3 3609	3390	1007	
3 1083	1071	1050	
3 3540	3512	1054	
3 3289	987	3495	
3 1048	3846	1050	
3 3611	3391	1008	
3 3623	1097	3596	
3 3828	1094	1123	
3 3820	3826	3806	
3 1077	3820	1066	
3 3806	1142	3805	
3 3482	3480	3483	
3 3925	1179	3887	
3 3831	1071	1083	
3 3476	1074	3446	
3 3486	1059	1959	
3 1081	1072	1084	
3 3487	1060	2415	
3 3771	1085	1087	
3 3433	3466	3465	
3 1003	3584	3614	
3 1028	3455	3696	
3 1033	1068	3703	
3 3912	3914	3864	
3 1034	3490	3598	
3 1086	3656	3631	
3 1009	1086	1089	
3 1087	3659	3633	
3 1010	1087	1091	
3 3674	3687	1098	
3 1113	3714	3787	
3 3608	1089	3631	
3 3608	3632	1115	
3 3449	3477	1075	
3 3557	3537	1070	
3 3610	1091	3633	
3 3610	3634	1116	
3 1198	293	1194	
3 1155	1144	1124	
3 3459	1093	3431	
3 3589	3548	1110	
3 1123	23	22	
3 1077	1023	1094	
3 3532	1027	3499	
3 288	1124	289	
3 1057	3502	3745	
3 1096	3505	3405	
3 1058	3503	3746	
3 1097	3507	3406	
3 3693	3686	1043	
3 1050	3846	3864	
3 3585	1036	3715	
3 1085	3771	3772	
3 1037	3720	3697	
3 3535	3407	3509	
3 1093	3459	3522	
3 3372	3494	3590	
3 3739	1019	3639	
3 3783	1018	3704	
3 1074	3625	3600	
3 3562	3604	1072	
3 3573	3702	1012	
3 3563	3605	1073	
3 3667	1034	3642	
3 3637	3776	1204	
3 1106	3849	3694	
3 3640	1127	3593	
3 3680	3658	3671	
3 1096	3405	3506	
3 3684	3661	3673	
3 1097	3406	3508	
3 3557	3481	3525	
3 3638	1092	3590	
3 3547	3700	3548	
3 3700	3743	3615	
3 3618	1111	3711	
3 3594	1096	3506	
3 3621	1112	3716	
3 3596	1097	3508	
3 1072	3604	3774	
3 1085	3799	3672	
3 1128	3595	3641	
3 3718	1114	3622	
3 1115	3577	3608	
3 3390	3502	1057	
3 1116	3580	3610	
3 3391	3503	1058	
3 1273	1198	1240	
3 3742	3796	1079	
3 1118	3613	3606	
3 3568	3606	1119	
3 3572	3567	3555	
3 3347	3501	3388	
3 3713	3714	1113	
3 3602	1104	3559	
3 1114	3718	3719	
3 3460	3478	3421	
3 3798	1048	1046	
3 1108	3661	3684	
3 21	1143	22	
3 21	20	1168	
3 1095	1026	3773	
3 3801	3773	1125	
3 1191	1169	1160	
3 1169	290	1144	
3 3653	3649	3652	
3 3789	1114	3719	
3 3618	1131	3640	
3 3593	1127	3594	
3 3621	1132	3641	
3 3595	1128	3596	
3 3765	3766	1167	
3 3880	3887	1179	
3 1119	3663	3688	
3 1046	3758	3798	
3 1088	3656	3670	
3 3658	3680	1107	
3 3640	3722	1135	
3 3713	1113	3619	
3 1106	3693	3807	
3 3839	3858	3761	
3 3630	3572	3607	
3 3747	3768	1134	
3 3733	3748	3759	
3 3641	3723	1136	
3 1150	3782	3845	
3 3779	3804	1138	
3 3587	3706	1137	
3 3643	3646	3645	
3 3667	3779	1013	
3 3628	3650	3603	
3 3796	3742	1117	
3 3708	3785	3588	
3 1103	3599	3601	
3 3802	3819	3670	
3 3822	3855	3837	
3 1090	3659	3672	
3 1172	1123	1143	
3 1123	22	1143	
3 19	1187	20	
3 3828	1172	3821	
3 1145	1155	1124	
3 1144	1155	1160	
3 1125	3800	3818	
3 3531	3781	3554	
3 3690	3734	1146	
3 3762	3735	3750	
3 3644	1104	3602	
3 3603	3650	1105	
3 3679	3657	3677	
3 3843	1171	3865	
3 3681	3683	3660	
3 3785	3812	1173	
3 3646	3777	1153	
3 3784	1137	3706	
3 1152	3652	3778	
3 1151	3667	3666	
3 3958	3950	3859	
3 3755	3765	3741	
3 3850	1171	3810	
3 3627	3744	3710	
3 4188	4191	4195	
3 3770	1134	3768	
3 1125	3825	1145	
3 3907	1145	3825	
3 1156	3790	3792	
3 3722	3749	1135	
3 3753	3910	3754	
3 3754	3675	3732	
3 1158	3793	3795	
3 3723	3751	1136	
3 3895	3898	1159	
3 3736	1147	3692	
3 3907	3934	1155	
3 294	293	1198	
3 1117	3823	3827	
3 294	1247	295	
3 1166	3915	3917	
3 3764	3840	3860	
3 1163	3761	3760	
3 3868	3869	3871	
3 4002	4001	3956	
3 1117	3742	3767	
3 1165	3764	3763	
3 3874	3875	3877	
3 3915	3625	3914	
3 1211	3917	3915	
3 3775	3803	1139	
3 3655	3639	3616	
3 19	18	1214	
3 3809	1106	3807	
3 1144	1160	1169	
3 1160	1188	1191	
3 3728	3727	3752	
3 3666	3834	1151	
3 3581	3838	3703	
3 3810	1171	3784	
3 1168	1189	1143	
3 20	1187	1168	
3 3862	1177	3836	
3 3767	1179	3823	
3 1149	3859	3950	
3 3862	3836	3844	
3 3857	3955	3942	
3 3892	3895	3891	
3 3654	3730	3669	
3 1188	1244	1198	
3 3923	3945	3883	
3 1180	3861	3880	
3 3942	3921	1148	
3 4037	3944	1216	
3 1176	3848	3911	
3 1235	4067	4049	
3 3861	3841	1181	
3 3879	1183	3861	
3 3812	1139	3803	
3 1176	1182	3879	
3 3926	3948	3957	
3 1263	296	295	
3 3861	1180	3841	
3 3924	1190	1193	
3 1154	3901	3984	
3 3938	1222	3920	
3 4012	3916	1211	
3 3926	4013	3888	
3 4011	1217	3968	
3 3930	3949	3794	
3 1214	18	1234	
3 1143	1189	1172	
3 3959	3933	3952	
3 3781	1208	3905	
3 1189	1168	1192	
3 4021	1195	3984	
3 4026	4013	1218	
3 1276	298	297	
3 1194	1191	1188	
3 292	291	1191	
3 19	1214	1187	
3 17	1241	1234	
3 1190	1197	3946	
3 3946	1199	3925	
3 1194	1188	1198	
3 293	292	1194	
3 16	1255	1241	
3 4122	4065	4093	
3 1255	1265	1241	
3 1254	4093	4121	
3 3988	4025	4072	
3 1313	1276	1287	
3 1240	1244	4016	
3 1244	1188	1160	
3 3906	3825	3824	
3 3615	3743	1129	
3 3813	3822	3788	
3 3856	3838	1200	
3 3942	1202	3921	
3 3855	3884	1200	
3 3970	1202	3955	
3 3845	3856	1175	
3 3866	3921	3943	
3 3973	3943	1202	
3 3789	1100	3720	
3 1121	3752	3797	
3 3958	3859	1186	
3 1204	3903	3817	
3 3968	1206	3958	
3 3797	3817	3904	
3 3903	1207	3817	
3 3992	1217	4041	
3 3830	3743	3827	
3 1197	1227	1199	
3 3849	3976	3978	
3 3885	1185	3870	
3 3726	3725	1210	
3 1210	3989	4023	
3 1122	3863	3882	
3 1122	3913	3912	
3 4008	1212	3997	
3 1140	3709	3786	
3 3997	3995	3996	
3 3940	1225	3941	
3 1234	18	17	
3 1196	1187	1214	
3 1162	3922	3872	
3 4111	1182	4072	
3 1203	3866	3943	
3 4038	1216	4053	
3 4057	1251	4059	
3 4019	1261	3980	
3 3957	1218	3926	
3 4000	1233	3927	
3 1220	1226	3985	
3 1219	3952	3933	
3 4009	1220	3853	
3 3953	3906	3933	
3 1221	3899	3991	
3 3852	3886	3876	
3 1222	3918	3920	
3 1140	3819	3802	
3 1223	3920	3935	
3 3791	3734	3966	
3 1184	4040	3986	
3 1224	3936	4035	
3 3938	3939	1157	
3 3935	3937	1223	
3 1208	3561	3833	
3 1230	1226	1220	
3 1197	1236	1227	
3 1227	1235	1220	
3 1284	4068	4078	
3 3870	3851	3885	
3 3963	3962	1229	
3 3940	3954	1225	
3 1230	1220	1235	
3 3959	4015	1232	
3 1239	4002	4042	
3 1197	4113	4114	
3 1244	3974	4016	
3 3934	1160	1155	
3 3927	3987	4000	
3 3911	4060	1176	
3 16	1241	17	
3 16	15	1255	
3 1227	1236	1235	
3 1287	1268	4248	
3 1190	4113	1197	
3 1336	300	1312	
3 1190	1182	4111	
3 1273	4119	4205	
3 4100	1258	4101	
3 4147	4115	1242	
3 3967	4010	4048	
3 3968	1186	4011	
3 1263	1268	296	
3 295	1247	1263	
3 1255	15	1266	
3 4121	1265	1254	
3 1256	4107	4100	
3 1242	4113	4112	
3 1218	3992	4041	
3 4026	1243	3999	
3 3934	3971	3974	
3 1198	1244	1240	
3 1245	4029	4028	
3 1245	4028	4050	
3 4158	4241	1285	
3 4086	1264	4103	
3 4090	1245	4050	
3 1273	1247	1198	
3 4039	1231	3963	
3 4043	1251	4056	
3 3996	4004	4047	
3 1231	4086	4103	
3 4087	4034	1228	
3 1248	4018	4030	
3 4059	1215	4048	
3 4056	4057	4058	
3 4076	4116	1295	
3 1248	4030	4062	
3 4059	4091	1252	
3 1238	4025	4082	
3 1341	1343	1345	
3 1265	1255	1270	
3 14	1266	15	
3 14	4193	4189	
3 1217	4011	4031	
3 1256	4041	4055	
3 4083	4123	4124	
3 4112	1279	4130	
3 4031	4083	1257	
3 4112	4130	1242	
3 4105	4067	4094	
3 1313	1288	1276	
3 4022	1195	4033	
3 4137	1254	4149	
3 3878	1164	3928	
3 3991	4024	1221	
3 1262	4061	4073	
3 4092	1248	4062	
3 4227	1273	4205	
3 296	1268	297	
3 4085	4084	4034	
3 4071	1253	4058	
3 1255	1266	1270	
3 4189	4192	4186	
3 4209	1286	4206	
3 4187	4183	4184	
3 1295	4178	4076	
3 4143	4145	4144	
3 1247	4227	4248	
3 1247	4248	1263	
3 1391	1380	4332	
3 1264	4086	4104	
3 4192	4189	1275	
3 1265	4182	4149	
3 1301	4170	4171	
3 1288	1312	299	
3 4080	1253	4095	
3 1329	1325	1326	
3 4119	1240	4090	
3 4205	4119	4180	
3 4138	4137	1283	
3 4122	1274	4065	
3 4255	1310	4245	
3 4184	1270	4186	
3 1268	1287	1276	
3 298	1276	1288	
3 4182	4183	4185	
3 4131	4094	4115	
3 1286	4217	4206	
3 4206	4217	4196	
3 4141	1292	4126	
3 1258	4107	4128	
3 4177	1293	4081	
3 4085	4102	1250	
3 4099	4139	4125	
3 4169	1300	4164	
3 4172	4169	1301	
3 1316	4204	4156	
3 4081	4118	4088	
3 4054	4070	4079	
3 1283	4150	4158	
3 4078	1283	4238	
3 4199	1349	4195	
3 4211	1299	4200	
3 1294	4217	4230	
3 4187	1290	4183	
3 4216	4226	4229	
3 4156	4089	4145	
3 4216	4229	1271	
3 299	1312	300	
3 4109	4129	1277	
3 4165	1297	4164	
3 4192	4198	1278	
3 4188	1269	4185	
3 4126	1279	4101	
3 4146	1291	4130	
3 1298	4142	4155	
3 4126	4142	1279	
3 1284	4252	4202	
3 4214	4203	1293	
3 4245	1286	4243	
3 4249	4256	4261	
3 4120	4076	1252	
3 4098	1267	4096	
3 4286	4316	1345	
3 1309	4278	4280	
3 4161	1300	4157	
3 301	1351	302	
3 4159	1299	4160	
3 4169	4164	4166	
3 4124	4099	4140	
3 4133	1289	4106	
3 4146	4157	1291	
3 4155	4160	1298	
3 4166	4170	1301	
3 1305	4176	4171	
3 4239	1304	4174	
3 1300	4161	4162	
3 4167	1297	4165	
3 1328	1329	1331	
3 4159	4200	1299	
3 4218	1323	4219	
3 4213	1305	4201	
3 4089	1259	4050	
3 4245	4249	4228	
3 4194	1306	4190	
3 4110	1264	4104	
3 4132	4136	4148	
3 4225	1314	4203	
3 1348	4235	4273	
3 1347	1341	1345	
3 4133	4181	1289	
3 4277	1335	4260	
3 1343	4263	4261	
3 1282	4226	4216	
3 1338	1319	1328	
3 1319	1288	1313	
3 1319	1312	1288	
3 1271	4229	4232	
3 1313	1287	1318	
3 4203	1314	4179	
3 4129	4233	1277	
3 1285	4241	4242	
3 1315	4268	4247	
3 1305	4171	4201	
3 4222	4204	1316	
3 4269	11	4277	
3 4195	1306	4199	
3 1311	1326	1318	
3 1318	1325	1313	
3 1319	1313	1325	
3 1312	1319	1338	
3 4242	4254	1285	
3 4266	1304	4211	
3 1317	4249	4261	
3 1374	1350	1361	
3 1322	4201	4212	
3 4222	4215	4204	
3 4168	1297	4175	
3 4298	4304	1333	
3 4212	4219	1322	
3 1327	4267	4274	
3 4267	4275	1324	
3 1318	1326	1325	
3 4275	1311	1324	
3 1319	1325	1329	
3 1355	1356	1366	
3 301	1336	1351	
3 1331	1329	1330	
3 1328	1331	1332	
3 1326	4275	1330	
3 1319	1329	1328	
3 1333	1330	1339	
3 1332	1331	1333	
3 1330	1327	1339	
3 1351	1356	1355	
3 1331	1330	1333	
3 1373	1371	1362	
3 4274	4283	1327	
3 1367	1368	1366	
3 1334	4132	4148	
3 4148	4234	1334	
3 4284	4286	1335	
3 1335	4286	1345	
3 1336	1354	1351	
3 1354	1336	1338	
3 4279	4265	4273	
3 4298	1339	4287	
3 1332	1338	1328	
3 1336	1312	1338	
3 1324	4221	4246	
3 4218	4281	1323	
3 1350	1359	1361	
3 4293	1337	4324	
3 4332	4306	1365	
3 1365	7	1372	
3 4281	4294	1323	
3 4283	4287	1339	
3 4256	4260	4271	
3 4260	1335	4271	
3 1304	4282	4174	
3 1378	306	305	
3 4277	4284	1335	
3 4297	9	4302	
3 4307	4297	4303	
3 7	6	1372	
3 1379	1372	6	
3 1349	4280	4289	
3 1348	4151	4235	
3 1308	4211	4210	
3 4278	1309	4264	
3 4253	1321	4254	
3 1350	4272	1359	
3 1361	1359	1360	
3 302	1355	303	
3 302	1351	1355	
3 4225	4257	4250	
3 4287	4301	4305	
3 4327	4326	1352	
3 4308	4309	4305	
3 1338	1332	1354	
3 1355	1362	303	
3 1363	1354	1332	
3 1332	1333	4304	
3 1363	1356	1354	
3 304	303	1362	
3 4321	4310	4317	
3 1384	1368	1402	
3 7	1365	8	
3 1358	4306	4303	
3 4307	1346	4297	
3 1374	4291	4289	
3 1391	1396	1400	
3 4288	1340	4240	
3 4352	4343	1361	
3 4294	4293	1353	
3 1356	1363	1367	
3 1355	1366	1362	
3 1332	1357	1363	
3 1363	1357	1367	
3 1358	8	1365	
3 4316	4313	1347	
3 6	5	1379	
3 4303	4306	1364	
3 1356	1367	1366	
3 1366	1373	1362	
3 1368	1367	1357	
3 304	1371	305	
3 1357	4304	4311	
3 308	1404	1409	
3 4291	4290	1321	
3 4329	4326	4327	
3 1374	4339	4333	
3 4326	4328	4323	
3 1373	1384	1371	
3 305	1371	1378	
3 5	4	1390	
3 4340	4332	1380	
3 1366	1368	1373	
3 1368	1384	1373	
3 4343	1381	4339	
3 1387	4318	4333	
3 4315	1347	4313	
3 1406	4361	4351	
3 1377	4310	4321	
3 4305	4309	1344	
3 4342	1394	4349	
3 1388	1395	1357	
3 1384	1378	1371	
3 306	1378	1389	
3 4	3	1405	
3 4314	4340	1360	
3 1379	1391	1372	
3 5	1390	1379	
3 4335	4337	4336	
3 1376	4338	4335	
3 1382	4329	4331	
3 4325	4328	4334	
3 4288	1320	4299	
3 4300	1369	4292	
3 1368	1357	1395	
3 307	1389	1404	
3 1406	4351	4354	
3 4346	1377	4341	
3 1386	4325	4334	
3 4334	4337	1386	
3 1383	4319	4322	
3 4319	1383	4288	
3 1386	4337	4341	
3 1389	1378	1393	
3 4348	1377	4346	
3 1389	1393	1399	
3 1410	1405	3	
3 1405	1410	1403	
3 1390	1396	1379	
3 1379	1396	1391	
3 1385	4349	4360	
3 1395	4356	4367	
3 4372	1368	1395	
3 1402	1399	1393	
3 1375	4353	4358	
3 4351	4361	1394	
3 1388	4348	4356	
3 4347	1397	4346	
3 4	1405	1390	
3 4400	1421	4387	
3 4345	1411	4347	
3 1442	1446	314	
3 1384	1402	1393	
3 308	1409	309	
3 4375	1402	4372	
3 1403	1396	1390	
3 1385	4360	4344	
3 4356	1395	1388	
3 1400	1396	1403	
3 4347	4355	1397	
3 1426	1410	1419	
3 4365	4369	1418	
3 1389	1399	1404	
3 1404	1399	1409	
3 1410	3	2	
3 1403	1390	1405	
3 4354	4359	1406	
3 1416	4379	1420	
3 4365	1406	4359	
3 4395	4393	4394	
3 1409	4397	4398	
3 310	309	1414	
3 309	1409	1414	
3 1	1419	2	
3 4400	1426	4402	
3 1407	1413	1420	
3 4355	4366	4363	
3 4369	1412	4373	
3 4360	1407	4345	
3 4370	4361	1406	
3 4389	1416	1420	
3 1399	4382	4397	
3 310	1427	311	
3 4380	4405	1440	
3 1419	1410	2	
3 1420	4379	1407	
3 4385	4399	1439	
3 1428	1430	1423	
3 4364	1412	4358	
3 1420	1413	4378	
3 1429	1	0	
3 4387	1421	4368	
3 4378	1413	4370	
3 4377	4386	1443	
3 1410	1426	4387	
3 4432	1401	4416	
3 1402	4376	4382	
3 4382	1399	1402	
3 1443	4406	4411	
3 1423	1427	1428	
3 1429	1424	1431	
3 1434	1439	4399	
3 1431	1419	1	
3 1426	1431	1432	
3 4398	4397	1422	
3 1428	310	1414	
3 1423	1430	1408	
3 4395	1430	4396	
3 1429	1431	1	
3 4393	4390	4392	
3 1432	1431	1424	
3 1426	1419	1431	
3 1424	1415	1432	
3 1437	1438	4404	
3 4380	1417	4362	
3 1408	1430	4394	
3 4385	1433	4381	
3 4414	1408	1434	
3 4412	1450	4415	
3 1435	1441	1445	
3 1442	1436	1446	
3 4401	4388	1443	
3 1438	4402	4404	
3 4406	1443	4386	
3 4376	4381	1433	
3 4395	1422	4393	
3 4391	1444	4405	
3 4380	4391	4405	
3 1451	1448	1449	
3 1445	1441	314	
3 314	315	1442	
3 4388	4378	1418	
3 4391	4407	1444	
3 4410	1447	4408	
3 4419	4421	4424	
3 4434	1445	1451	
3 1456	1458	313	
3 4408	1434	4399	
3 4412	1444	4407	
3 4409	4415	1447	
3 4389	4401	1425	
3 4426	4428	314	
3 4416	1449	4411	
3 1452	4428	4426	
3 1450	4422	4421	
3 4423	4424	4421	
3 4433	1449	4416	
3 312	1435	4435	
3 4422	4425	1452	
3 4423	4426	1446	
3 4431	4420	1454	
3 1457	1456	1453	
3 4431	1398	4413	
3 4424	4427	1454	
3 1401	4434	4433	
3 1459	1458	1456	
3 1459	1446	1436	
3 1446	1459	1457	
3 1459	1456	1457	
3 1436	1458	1459	
3 1461	1460	28	
3 364	1460	316	
3 869	1462	27	
3 1461	869	1463	
3 1464	1463	869	
3 1461	28	1462	
3 1465	716	765	
3 869	870	1464	
3 3485	870	1025	
3 316	1463	1465	
3 1464	1465	1463	
3 100	1484	1475	
3 1467	1466	330	
3 1500	1467	330	
3 317	382	2103	
3 181	180	1468	
3 177	1578	1569	
3 1594	1469	338	
3 318	337	2693	
3 1470	257	1471	
3 344	1470	319	
3 1752	1748	1745	
3 1470	1471	345	
3 1475	101	100	
3 1472	1473	1474	
3 1472	101	1473	
3 468	1476	1474	
3 383	1483	1488	
3 100	1489	1484	
3 1473	1477	468	
3 1478	1476	468	
3 1488	1483	1479	
3 1480	1477	1475	
3 1485	1478	1481	
3 1481	468	1477	
3 1478	552	1482	
3 1483	103	1479	
3 102	1474	1488	
3 1475	1484	1480	
3 1480	1484	1490	
3 1480	1481	1477	
3 1491	1481	1480	
3 469	1486	552	
3 1482	552	1486	
3 1487	1483	383	
3 1466	103	1483	
3 1484	385	1490	
3 1491	1485	1481	
3 1494	1495	1491	
3 1499	1493	1486	
3 383	1493	1487	
3 383	1482	1493	
3 1466	1487	330	
3 1474	1476	1488	
3 383	1488	1476	
3 100	99	1489	
3 1496	1489	99	
3 1497	1490	385	
3 1490	1497	1498	
3 1494	1491	384	
3 1495	1485	1491	
3 1519	1492	611	
3 469	552	1492	
3 1499	1486	469	
3 330	1493	1500	
3 1490	1498	384	
3 1494	1498	1504	
3 1501	1495	1494	
3 1492	1485	1495	
3 1508	99	98	
3 385	1502	1497	
3 1502	385	1496	
3 1497	1502	1503	
3 1504	1498	678	
3 1494	384	1498	
3 1505	1499	469	
3 1517	1500	1499	
3 1493	1499	1500	
3 1499	1505	1517	
3 1494	1504	1506	
3 1492	1501	611	
3 1507	1502	1496	
3 1503	1502	331	
3 1510	1503	331	
3 1503	1510	1511	
3 1511	1504	678	
3 1504	875	1506	
3 1519	1505	469	
3 1505	1519	1520	
3 611	1501	1506	
3 1506	1501	1494	
3 1508	1507	1496	
3 1507	1508	1509	
3 99	1508	1496	
3 1508	98	1512	
3 386	1513	1509	
3 1515	722	1510	
3 1509	1514	331	
3 331	1514	1510	
3 1521	1511	722	
3 1504	1511	875	
3 98	97	1512	
3 1516	1512	97	
3 2082	470	2076	
3 1514	1515	1510	
3 1509	1513	1514	
3 1515	1514	1513	
3 1513	554	1515	
3 1515	554	3139	
3 2068	97	2066	
3 2082	1516	470	
3 1517	721	1524	
3 317	1500	1517	
3 875	1521	1523	
3 876	3179	3111	
3 3110	611	1518	
3 907	1520	1519	
3 907	1525	1520	
3 1520	1525	1527	
3 722	3139	1522	
3 1521	1522	1523	
3 929	877	1522	
3 1522	877	1523	
3 1523	877	3394	
3 1518	875	1523	
3 721	769	1524	
3 769	677	1524	
3 1526	1525	907	
3 1525	803	1527	
3 3110	3111	907	
3 1526	946	3112	
3 3113	1527	803	
3 721	1527	769	
3 30	29	1528	
3 1460	1528	29	
3 364	324	1529	
3 324	361	1558	
3 219	2280	2283	
3 1530	2247	2246	
3 1531	32	1557	
3 363	1531	323	
3 200	2466	2472	
3 1532	2429	2428	
3 1531	1533	33	
3 1534	1533	363	
3 363	362	1534	
3 1536	1538	1540	
3 35	1538	1536	
3 1535	1536	1537	
3 1535	35	1536	
3 442	1539	1537	
3 1537	1539	1542	
3 34	1538	35	
3 1540	1534	362	
3 1541	1539	442	
3 1539	357	1542	
3 1534	1540	1538	
3 442	1543	1541	
3 442	1540	1543	
3 1541	534	1551	
3 1545	1542	357	
3 37	36	1542	
3 1540	362	1543	
3 1541	1544	534	
3 1543	362	1544	
3 1544	1547	1546	
3 357	322	1545	
3 1675	1560	322	
3 1548	1546	714	
3 1546	1548	1550	
3 1549	362	672	
3 714	1546	1547	
3 714	798	1548	
3 798	763	1548	
3 762	1549	672	
3 714	1547	1549	
3 1548	763	1550	
3 1550	1553	1552	
3 534	1550	1552	
3 322	357	1551	
3 1553	1550	763	
3 1551	1554	322	
3 1555	1553	763	
3 712	1552	1553	
3 1552	712	1554	
3 1676	1556	712	
3 834	1555	763	
3 829	1672	1677	
3 1670	1556	777	
3 1680	1556	670	
3 31	30	1558	
3 1531	1557	361	
3 324	1558	1529	
3 361	1557	1558	
3 1560	1559	38	
3 1561	1559	360	
3 37	1560	38	
3 322	1560	1545	
3 1669	1561	360	
3 1658	1564	359	
3 1562	185	2634	
3 403	1562	335	
3 40	39	1564	
3 1565	1563	444	
3 359	1564	1561	
3 444	1563	1564	
3 1656	1565	444	
3 1643	1652	358	
3 1569	178	177	
3 1566	1567	1568	
3 1566	178	1567	
3 497	1570	1568	
3 405	1577	1582	
3 177	1583	1578	
3 1567	1571	497	
3 1572	1570	497	
3 1582	1577	1573	
3 1574	1571	1569	
3 1579	1572	1575	
3 1575	497	1571	
3 1572	573	1576	
3 1577	180	1573	
3 179	1568	1582	
3 1569	1578	1574	
3 1574	1578	1584	
3 1574	1575	1571	
3 1585	1575	1574	
3 498	1580	573	
3 1576	573	1580	
3 1581	1577	405	
3 1468	180	1577	
3 1578	407	1584	
3 1585	1579	1575	
3 1588	1589	1585	
3 1593	1587	1580	
3 405	1587	1581	
3 405	1576	1587	
3 1468	1581	338	
3 1568	1570	1582	
3 405	1582	1570	
3 177	176	1583	
3 1590	1583	176	
3 1591	1584	407	
3 1584	1591	1592	
3 1588	1585	406	
3 1589	1579	1585	
3 1613	1586	626	
3 498	573	1586	
3 1593	1580	498	
3 338	1587	1594	
3 1584	1592	406	
3 1588	1592	1598	
3 1595	1589	1588	
3 1586	1579	1589	
3 1602	176	175	
3 407	1596	1591	
3 1596	407	1590	
3 1591	1596	1597	
3 1598	1592	682	
3 1588	406	1592	
3 1599	1593	498	
3 1611	1594	1593	
3 1587	1593	1594	
3 1593	1599	1611	
3 1588	1598	1600	
3 1586	1595	626	
3 1601	1596	1590	
3 1597	1596	339	
3 1604	1597	339	
3 1597	1604	1605	
3 1605	1598	682	
3 1598	878	1600	
3 1613	1599	498	
3 1599	1613	1614	
3 626	1595	1600	
3 1600	1595	1588	
3 1602	1601	1590	
3 1601	1602	1603	
3 176	1602	1590	
3 1602	175	1606	
3 408	1607	1603	
3 1609	727	1604	
3 1603	1608	339	
3 339	1608	1604	
3 1615	1605	727	
3 1598	1605	878	
3 175	174	1606	
3 1610	1606	174	
3 2616	499	2610	
3 1608	1609	1604	
3 1603	1607	1608	
3 1609	1608	1607	
3 1607	575	1609	
3 1609	575	3161	
3 2602	174	2600	
3 2616	1610	499	
3 1611	709	1618	
3 318	1594	1611	
3 878	1615	1617	
3 879	3183	3115	
3 3114	626	1612	
3 908	1614	1613	
3 908	1619	1614	
3 1614	1619	1621	
3 727	3161	1616	
3 1615	1616	1617	
3 930	880	1616	
3 1616	880	1617	
3 1617	880	3395	
3 1612	878	1617	
3 709	771	1618	
3 771	668	1618	
3 1620	1619	908	
3 1619	804	1621	
3 3114	3115	908	
3 1620	947	3116	
3 3117	1621	804	
3 709	1621	771	
3 1625	1623	44	
3 1622	1623	1624	
3 1622	44	1623	
3 437	1627	1624	
3 1624	1627	1632	
3 43	1629	1628	
3 1625	1628	1629	
3 1630	1626	529	
3 437	1623	1626	
3 1635	437	1626	
3 1627	353	1632	
3 1633	1629	43	
3 1625	44	1628	
3 1629	1633	1637	
3 1637	529	1629	
3 597	1631	1635	
3 597	530	1631	
3 1639	1636	1631	
3 1647	1632	353	
3 46	45	1632	
3 43	42	1633	
3 1648	1633	42	
3 1634	1643	1640	
3 1630	1638	597	
3 597	1635	1630	
3 1631	437	1635	
3 1639	1631	530	
3 1636	1639	1642	
3 443	1637	1633	
3 1634	529	1637	
3 1634	1640	1638	
3 1645	1641	1644	
3 1653	1639	530	
3 1636	1642	353	
3 1643	1634	443	
3 1644	1641	597	
3 1686	1641	640	
3 530	597	1641	
3 1649	1642	1639	
3 353	1650	1647	
3 1652	1643	443	
3 358	1655	1654	
3 1640	705	1644	
3 1641	1645	640	
3 1644	705	1645	
3 1646	1645	705	
3 1664	756	1660	
3 1668	1646	1664	
3 1650	353	1642	
3 1650	1651	1647	
3 42	1565	1648	
3 1652	1565	358	
3 1653	1649	1639	
3 1883	1885	533	
3 1642	321	1650	
3 1651	1650	321	
3 1885	1651	321	
3 1651	356	1689	
3 443	1648	1652	
3 1565	1652	1648	
3 1653	530	1686	
3 1649	1653	985	
3 705	1643	1654	
3 358	1654	1643	
3 1656	1655	358	
3 1657	1655	687	
3 1565	1656	358	
3 1658	1656	444	
3 1659	1657	687	
3 1660	1657	795	
3 1564	1658	444	
3 1661	1658	359	
3 1661	1659	687	
3 1662	1659	734	
3 1663	1660	795	
3 756	1664	1646	
3 1665	1661	359	
3 1659	1661	734	
3 1666	1662	734	
3 1667	1662	828	
3 1667	795	1662	
3 1682	1663	1683	
3 1663	1664	1660	
3 1668	1664	845	
3 1669	1665	359	
3 1670	1665	670	
3 1670	734	1665	
3 1671	1666	777	
3 828	1673	1679	
3 1663	795	1667	
3 1685	845	1682	
3 640	1646	1668	
3 1561	1669	359	
3 1675	1669	360	
3 1670	670	1556	
3 1666	734	1670	
3 1672	1671	777	
3 1671	1672	1673	
3 777	1556	1676	
3 1677	808	829	
3 1678	1673	829	
3 1679	1667	828	
3 1674	858	3359	
3 640	1668	1674	
3 1560	1675	360	
3 1680	1675	322	
3 712	1555	1676	
3 1677	1555	808	
3 1672	1676	1677	
3 1555	1677	1676	
3 3118	829	808	
3 3292	1678	846	
3 1673	1678	1679	
3 830	1679	1678	
3 322	1554	1680	
3 1556	1680	1554	
3 1649	985	1681	
3 3129	866	1894	
3 1682	830	1684	
3 845	1663	1682	
3 1667	1683	1663	
3 830	1683	1679	
3 830	1678	3292	
3 858	1674	1684	
3 1682	1684	1685	
3 1684	1674	1685	
3 1674	1686	640	
3 1686	923	1687	
3 985	1653	1687	
3 1686	1687	1653	
3 1688	183	2692	
3 404	1688	336	
3 1651	1689	47	
3 1689	1881	1879	
3 1690	259	3007	
3 2734	2736	511	
3 52	51	1691	
3 51	3000	3002	
3 440	354	1692	
3 2997	1873	354	
3 262	2740	2741	
3 1693	2721	2720	
3 1694	269	3008	
3 1694	2705	2704	
3 1696	1695	252	
3 1697	1695	420	
3 251	1696	252	
3 346	420	1696	
3 420	419	1697	
3 512	1738	1742	
3 58	1700	1702	
3 1699	1698	426	
3 1719	1699	426	
3 425	1812	1806	
3 1703	1701	57	
3 1700	1701	1702	
3 1700	57	1701	
3 1705	1702	520	
3 1698	58	1702	
3 56	1707	1706	
3 1703	1706	1707	
3 1708	1704	590	
3 520	1701	1704	
3 1712	520	1704	
3 1698	1705	426	
3 1710	56	55	
3 1703	57	1706	
3 1714	1711	590	
3 1711	1708	590	
3 637	1709	1712	
3 637	591	1709	
3 1716	1713	1709	
3 55	2990	2992	
3 438	1711	1714	
3 590	1707	1714	
3 438	1717	1711	
3 637	1712	1708	
3 1709	520	1712	
3 1716	1709	591	
3 1713	1716	1719	
3 1707	1710	1714	
3 1714	1710	2994	
3 1717	1715	1711	
3 1717	1721	1715	
3 1716	591	1725	
3 1713	1719	426	
3 438	2996	1720	
3 1718	637	1721	
3 1730	1718	659	
3 591	637	1718	
3 1724	1719	1716	
3 1699	1719	348	
3 1720	1726	1723	
3 1722	1718	1721	
3 1717	1720	1721	
3 1718	1722	659	
3 1721	1720	1722	
3 1723	1722	1720	
3 1726	1720	598	
3 1723	1726	1727	
3 1725	1724	1716	
3 1728	684	1806	
3 1730	1725	591	
3 1725	1730	1731	
3 2998	598	2997	
3 1727	1726	953	
3 3120	1727	953	
3 3123	1727	969	
3 1724	729	1728	
3 1729	884	1733	
3 1728	729	1729	
3 1734	1729	729	
3 3123	659	1727	
3 932	1731	1730	
3 932	1735	1731	
3 1736	1734	1735	
3 3125	1732	924	
3 953	1726	1732	
3 636	1811	1814	
3 424	1803	1799	
3 729	1731	1734	
3 1734	1731	1735	
3 3190	932	3124	
3 1735	885	1736	
3 3396	1736	885	
3 1815	1736	886	
3 254	1740	1738	
3 1737	1738	1739	
3 1737	254	1738	
3 512	1741	1739	
3 418	1747	1751	
3 253	1740	254	
3 1697	419	1742	
3 1743	1741	512	
3 1751	1747	1744	
3 1697	1742	1740	
3 512	1745	1743	
3 512	1742	1745	
3 1743	585	1746	
3 1747	256	1744	
3 255	1739	1751	
3 1742	419	1745	
3 419	1752	1745	
3 513	1749	585	
3 1746	585	1749	
3 1750	1747	418	
3 1471	256	1747	
3 1755	1756	1752	
3 1757	1754	1749	
3 418	1754	1750	
3 418	1746	1754	
3 1471	1750	345	
3 1739	1741	1751	
3 418	1751	1741	
3 1755	1752	419	
3 1756	1748	1752	
3 1763	1753	633	
3 513	585	1753	
3 1757	1749	513	
3 345	1754	1758	
3 419	683	1755	
3 1765	1761	1755	
3 1759	1756	1755	
3 1753	1748	1756	
3 1760	1757	513	
3 1762	1758	1757	
3 1754	1757	1758	
3 1757	1760	1762	
3 1761	1759	1755	
3 1753	1759	633	
3 1763	1760	513	
3 1760	1763	1764	
3 1765	1755	683	
3 1761	881	1770	
3 1762	711	1771	
3 319	1758	1762	
3 1775	633	1770	
3 906	1764	1763	
3 906	1772	1764	
3 1764	1772	1777	
3 1766	1765	683	
3 1765	1766	1767	
3 683	346	1766	
3 1773	1766	346	
3 728	2814	1768	
3 1767	1768	1769	
3 931	883	1768	
3 1767	1769	881	
3 1768	883	1769	
3 1769	1778	1774	
3 1774	881	1769	
3 1763	1775	906	
3 711	761	1771	
3 2747	1771	761	
3 1776	1772	906	
3 1772	796	1777	
3 2793	2801	421	
3 2807	1773	2800	
3 1778	1769	883	
3 1770	1779	1775	
3 1779	1770	1774	
3 3126	945	1776	
3 3126	906	1775	
3 1776	945	3127	
3 2756	1777	2763	
3 711	1777	761	
3 3276	3275	966	
3 1779	1778	882	
3 1778	1779	1774	
3 3126	1779	882	
3 1783	62	61	
3 1780	1781	1782	
3 1780	62	1781	
3 518	1784	1782	
3 423	1791	1796	
3 61	1797	1792	
3 1781	1785	518	
3 1786	1784	518	
3 1796	1791	1787	
3 1788	1785	1783	
3 1793	1786	1789	
3 1789	518	1785	
3 1786	589	1790	
3 1791	64	1787	
3 63	1782	1796	
3 1783	1792	1788	
3 1788	1792	1798	
3 1788	1789	1785	
3 1799	1789	1788	
3 519	1794	589	
3 1790	589	1794	
3 423	1795	1791	
3 1791	1795	1802	
3 1792	425	1798	
3 1793	1789	1799	
3 1803	1804	1799	
3 1794	1808	1801	
3 423	1801	1795	
3 423	1790	1801	
3 1795	347	1802	
3 1782	1784	1796	
3 423	1796	1784	
3 61	60	1797	
3 1805	60	1699	
3 1806	1798	425	
3 1798	1806	1807	
3 424	1798	1807	
3 1800	1804	1811	
3 1817	1800	636	
3 519	589	1800	
3 1808	1794	519	
3 347	1801	1809	
3 1810	1802	347	
3 65	64	1802	
3 1733	1814	1811	
3 1799	1804	1793	
3 1811	1804	1803	
3 1800	1793	1804	
3 1812	1699	348	
3 425	1797	1805	
3 1812	425	1805	
3 1728	1806	348	
3 1733	1807	684	
3 1803	424	1807	
3 1813	1808	519	
3 1809	320	1810	
3 1801	1808	1809	
3 1808	1813	1816	
3 1809	1810	347	
3 320	352	1827	
3 1733	1811	1803	
3 1800	1811	636	
3 1699	1812	1805	
3 348	1806	1812	
3 1813	519	1817	
3 1816	320	1809	
3 1733	884	1814	
3 884	1736	1815	
3 636	1814	1815	
3 884	1815	1814	
3 1813	975	1816	
3 775	1870	975	
3 1815	1817	636	
3 1817	933	1818	
3 1818	933	3128	
3 975	1813	1818	
3 320	1816	1819	
3 975	1819	1816	
3 1821	1820	236	
3 1822	1820	476	
3 235	1821	236	
3 388	476	1821	
3 476	475	1822	
3 3104	3106	3108	
3 81	1906	1921	
3 429	1823	349	
3 1825	73	1831	
3 1823	82	1824	
3 432	1825	350	
3 1827	1826	66	
3 1826	1862	1860	
3 65	1827	66	
3 320	1827	1810	
3 70	69	1828	
3 1830	1828	69	
3 435	434	1829	
3 1833	1835	1837	
3 1865	69	68	
3 351	435	1830	
3 72	1832	1834	
3 1825	1831	433	
3 71	1835	1833	
3 1832	1833	1834	
3 1832	71	1833	
3 1836	1834	527	
3 1831	72	1834	
3 70	1835	71	
3 1837	1829	434	
3 1838	1836	527	
3 1831	1836	433	
3 1829	1837	1835	
3 527	1839	1838	
3 527	1837	1839	
3 1838	596	1848	
3 1837	434	1839	
3 1838	1840	596	
3 1839	434	1840	
3 1840	1842	1841	
3 1843	1841	733	
3 1841	1843	1845	
3 1844	434	686	
3 733	1841	1842	
3 1847	733	1844	
3 1843	1851	1854	
3 686	1868	1846	
3 733	1842	1844	
3 776	1849	1843	
3 1843	1849	1845	
3 732	1869	1871	
3 1843	733	1851	
3 1850	1847	1846	
3 733	1847	1851	
3 1852	596	1845	
3 350	433	1848	
3 3293	3348	776	
3 1933	1857	595	
3 1871	1846	732	
3 776	1843	1854	
3 1847	1850	1851	
3 1854	1850	974	
3 1853	1849	776	
3 1848	1852	1855	
3 595	1857	1858	
3 1849	1853	1856	
3 1850	1854	1851	
3 3447	3293	1854	
3 1852	1856	1855	
3 1856	1853	1858	
3 1849	1856	1852	
3 1858	1857	1856	
3 350	1855	1857	
3 1856	1857	1855	
3 1853	807	1858	
3 3196	3195	807	
3 67	1826	1860	
3 1859	1860	1861	
3 1859	67	1860	
3 436	1866	1863	
3 1861	1863	1865	
3 1864	1862	352	
3 436	1860	1862	
3 351	1830	1863	
3 1861	1865	68	
3 1819	1864	352	
3 528	1869	1867	
3 1863	1830	1865	
3 69	1865	1830	
3 436	1864	1866	
3 528	1866	1864	
3 351	1866	1867	
3 528	1867	1866	
3 1846	1868	732	
3 351	1868	686	
3 1870	1869	528	
3 1869	1870	1871	
3 528	1819	1870	
3 975	1870	1819	
3 1871	775	3294	
3 1846	1871	1850	
3 53	52	1873	
3 1872	2993	2991	
3 354	1873	1692	
3 439	1872	1873	
3 190	2646	2648	
3 334	2518	2517	
3 75	74	1875	
3 1825	1875	74	
3 49	1878	1880	
3 3001	3003	532	
3 76	2916	2918	
3 1877	1925	1922	
3 48	1689	1879	
3 1878	1879	1880	
3 1878	48	1879	
3 1882	1880	441	
3 1876	49	1880	
3 1883	1881	356	
3 441	1879	1881	
3 1884	1882	441	
3 355	1876	1882	
3 1651	1885	356	
3 1886	847	1887	
3 441	1883	1884	
3 533	1884	1883	
3 321	1681	1885	
3 533	1885	1681	
3 1884	533	1886	
3 1888	1886	533	
3 1889	1887	847	
3 1887	599	1890	
3 1891	533	1681	
3 1891	1894	1888	
3 1895	847	1892	
3 859	3191	1893	
3 599	2999	3005	
3 3003	1890	532	
3 3129	1681	985	
3 1888	1894	1892	
3 3324	3361	866	
3 3130	859	3131	
3 599	1889	1893	
3 1893	1889	3131	
3 3129	1894	1891	
3 866	1892	1894	
3 3130	1895	1892	
3 3131	1895	3130	
3 1899	1897	79	
3 1896	1897	1898	
3 1896	79	1897	
3 524	1901	1898	
3 1898	1901	1906	
3 78	1903	1902	
3 1899	1902	1903	
3 1904	1900	593	
3 524	1897	1900	
3 1909	524	1900	
3 1901	430	1906	
3 1907	1903	78	
3 1899	79	1902	
3 1903	1907	1911	
3 1911	593	1903	
3 639	1905	1909	
3 639	594	1905	
3 1913	1910	1905	
3 1921	1906	430	
3 81	80	1906	
3 78	77	1907	
3 1922	77	1877	
3 1908	1917	1914	
3 1904	1912	639	
3 639	1909	1904	
3 1905	524	1909	
3 1913	1905	594	
3 1910	1913	1916	
3 525	1911	1907	
3 1908	593	1911	
3 1908	1914	1912	
3 1919	1915	1918	
3 1913	594	1926	
3 1910	1916	430	
3 1917	1908	525	
3 1918	1915	639	
3 1944	1915	660	
3 594	639	1915	
3 1923	1916	1913	
3 430	1924	1921	
3 1925	1917	525	
3 1927	1917	431	
3 1914	706	1918	
3 1915	1919	660	
3 1918	706	1919	
3 1920	1919	706	
3 1927	1920	706	
3 3132	1945	1920	
3 430	1916	1924	
3 81	1921	1823	
3 525	1907	1922	
3 77	1922	1907	
3 1926	1923	1913	
3 349	1928	685	
3 1916	349	1924	
3 1823	1924	349	
3 1917	1925	431	
3 525	1922	1925	
3 1944	1926	594	
3 1926	1944	1946	
3 1929	1927	431	
3 1920	1927	757	
3 1923	731	1928	
3 1930	731	774	
3 1931	1929	431	
3 595	757	1929	
3 685	1928	1930	
3 731	1930	1928	
3 2920	431	1877	
3 2919	1933	526	
3 1934	1932	774	
3 1932	730	1935	
3 1857	1933	432	
3 595	1931	1933	
3 1936	1934	774	
3 1934	823	1937	
3 1937	1939	730	
3 685	1935	428	
3 1947	774	731	
3 1948	841	1953	
3 1953	1937	823	
3 790	1941	1939	
3 1940	1938	638	
3 428	1935	1938	
3 790	1939	1937	
3 638	1938	1939	
3 1940	638	1942	
3 1940	592	3094	
3 1949	1941	790	
3 1943	427	1942	
3 1943	638	1941	
3 427	523	1942	
3 1941	752	1943	
3 1943	752	1998	
3 3133	660	1945	
3 909	1946	1944	
3 3133	3197	3199	
3 660	1920	1945	
3 909	1952	1946	
3 1946	1952	1947	
3 1946	1947	731	
3 806	1936	1947	
3 806	1962	1936	
3 806	1958	1960	
3 1950	1949	790	
3 1949	1950	1951	
3 790	1937	1953	
3 1954	1950	1953	
3 1955	1951	855	
3 1998	1951	901	
3 1958	909	1956	
3 1947	1952	806	
3 1948	1953	823	
3 1954	1953	841	
3 1957	1954	841	
3 855	1950	1954	
3 855	1957	3295	
3 1996	663	1989	
3 3133	909	1944	
3 1959	1961	1960	
3 3255	3278	841	
3 1957	941	3295	
3 909	1958	1952	
3 1958	1956	1959	
3 1956	948	1959	
3 3486	1959	948	
3 1961	1959	1059	
3 806	1960	1962	
3 1961	1059	3134	
3 1962	1948	1936	
3 1960	1961	1962	
3 3200	1961	3134	
3 85	3089	3091	
3 1964	1963	523	
3 523	427	1964	
3 427	522	2008	
3 1968	1966	90	
3 1965	1966	1967	
3 1965	90	1966	
3 555	1970	1967	
3 1967	1970	1975	
3 89	1972	1971	
3 1968	1971	1972	
3 1973	1969	613	
3 555	1966	1969	
3 1978	555	1969	
3 1970	473	1975	
3 1976	89	88	
3 1968	90	1971	
3 1980	1977	613	
3 1977	1973	613	
3 647	1974	1978	
3 647	614	1974	
3 1982	1979	1974	
3 1990	1975	473	
3 92	91	1975	
3 1976	88	2007	
3 521	1977	1980	
3 613	1972	1980	
3 521	1983	1977	
3 647	1978	1973	
3 1974	555	1978	
3 1982	1974	614	
3 1979	1982	1985	
3 1972	1976	1980	
3 521	1980	1976	
3 1983	1981	1977	
3 1983	1987	1981	
3 1982	614	1994	
3 1979	1985	473	
3 1986	521	702	
3 1984	647	1987	
3 2000	1984	663	
3 614	647	1984	
3 1991	1985	1982	
3 473	1992	1990	
3 1986	1995	1989	
3 1988	1984	1987	
3 1983	1986	1987	
3 1984	1988	663	
3 1987	1986	1988	
3 1989	1988	1986	
3 1995	1986	702	
3 1996	1989	901	
3 1992	473	1985	
3 1992	1993	1990	
3 1994	1991	1982	
3 387	1997	693	
3 1985	387	1992	
3 1993	1992	387	
3 387	472	1993	
3 1993	472	2233	
3 2000	1994	614	
3 1994	2000	2001	
3 1998	1995	702	
3 901	1989	1995	
3 1955	902	1996	
3 2000	2004	936	
3 1991	742	1997	
3 1999	890	2002	
3 427	1998	702	
3 1998	752	1951	
3 1997	742	1999	
3 2003	1999	742	
3 2004	663	1996	
3 936	2001	2000	
3 936	2005	2001	
3 2091	2092	2006	
3 2086	2002	2087	
3 612	2084	2081	
3 2001	2094	742	
3 2005	2092	2094	
3 1996	902	2004	
3 3135	2004	902	
3 3135	2005	936	
3 2096	2095	891	
3 2006	2095	2096	
3 2088	2087	2089	
3 87	86	2008	
3 1976	2007	522	
3 427	2008	1964	
3 522	2007	2008	
3 1823	2009	82	
3 2010	2009	429	
3 429	428	2010	
3 3090	3092	3094	
3 2014	139	138	
3 2011	2012	2013	
3 2011	139	2012	
3 535	2015	2013	
3 445	2022	2027	
3 138	2028	2023	
3 2012	2016	535	
3 2017	2015	535	
3 2027	2022	2018	
3 2019	2016	2014	
3 2024	2017	2020	
3 2020	535	2016	
3 2017	600	2021	
3 2022	141	2018	
3 140	2013	2027	
3 2014	2023	2019	
3 2019	2023	2029	
3 2019	2020	2016	
3 2030	2020	2019	
3 536	2025	600	
3 2021	600	2025	
3 445	2026	2022	
3 2022	2026	2033	
3 2023	447	2029	
3 2030	2024	2020	
3 2034	2035	2030	
3 2025	2039	2032	
3 445	2032	2026	
3 445	2021	2032	
3 2026	365	2033	
3 2013	2015	2027	
3 445	2027	2015	
3 138	137	2028	
3 2036	2028	137	
3 2037	2029	447	
3 2029	2037	2038	
3 2034	2030	446	
3 2035	2024	2030	
3 2060	2031	641	
3 536	600	2031	
3 2039	2025	536	
3 365	2032	2040	
3 2041	2033	365	
3 142	141	2033	
3 2029	2038	446	
3 2034	2038	2045	
3 2042	2035	2034	
3 2031	2024	2035	
3 2049	137	136	
3 447	2043	2037	
3 2043	447	2036	
3 2037	2043	2044	
3 2045	2038	688	
3 2034	446	2038	
3 2046	2039	536	
3 325	2120	2040	
3 2032	2039	2040	
3 2039	2046	2058	
3 2120	365	2040	
3 2119	2118	325	
3 2034	2045	2047	
3 2031	2042	641	
3 2048	2043	2036	
3 2044	2043	366	
3 2051	2044	366	
3 2044	2051	2052	
3 2052	2045	688	
3 2045	887	2047	
3 2046	536	2060	
3 2058	325	2040	
3 641	2042	2047	
3 2047	2042	2034	
3 2049	2048	2036	
3 2048	2049	2050	
3 137	2049	2036	
3 2049	136	2053	
3 448	2054	2050	
3 2056	735	2051	
3 2050	2055	366	
3 366	2055	2051	
3 2062	2052	735	
3 2045	2052	887	
3 136	135	2053	
3 2057	2053	135	
3 2341	537	2335	
3 2055	2056	2051	
3 2050	2054	2055	
3 2056	2055	2054	
3 2054	602	2056	
3 2056	602	3148	
3 2327	135	2325	
3 2341	2057	537	
3 2046	977	2058	
3 2065	2123	545	
3 887	2062	2064	
3 889	935	3136	
3 3136	641	2059	
3 2060	935	2061	
3 2061	935	3137	
3 977	2046	2061	
3 735	3148	2063	
3 2062	2063	2064	
3 934	888	2063	
3 2063	888	2064	
3 2064	888	3397	
3 2059	887	2064	
3 2121	2119	325	
3 2065	2121	2122	
3 2069	2067	96	
3 2068	1516	97	
3 2066	96	2067	
3 2066	2067	2068	
3 470	2068	2067	
3 95	2072	2071	
3 2069	2071	2072	
3 2073	2070	553	
3 470	2067	2070	
3 2074	95	94	
3 2069	96	2071	
3 2077	2075	553	
3 2075	2073	553	
3 2073	612	2076	
3 2074	94	2233	
3 471	2075	2077	
3 553	2072	2077	
3 471	2080	2075	
3 2079	2076	612	
3 2076	2079	2082	
3 2072	2074	2077	
3 471	2077	2074	
3 2078	2075	2080	
3 2080	2084	2078	
3 612	554	2079	
3 554	1513	2079	
3 471	2083	2080	
3 2081	2084	2085	
3 2097	2081	646	
3 554	612	2081	
3 1513	386	2082	
3 1516	2082	386	
3 693	2083	471	
3 646	2081	2085	
3 2080	2083	2084	
3 2002	2086	2083	
3 2083	2085	2084	
3 2086	2085	2083	
3 2087	2002	890	
3 646	2085	2086	
3 2091	2089	890	
3 2086	2087	2088	
3 2087	890	2089	
3 2090	929	2097	
3 2093	2089	2091	
3 2089	2093	2090	
3 2089	2090	2088	
3 892	929	2090	
3 2003	2091	890	
3 2093	2091	2006	
3 2094	2092	2003	
3 2095	2005	891	
3 2098	2006	2096	
3 2090	2093	892	
3 742	2094	2003	
3 2005	2094	2001	
3 2006	2092	2095	
3 2005	2095	2092	
3 3138	2096	891	
3 892	2098	2099	
3 2090	2097	646	
3 2097	929	3139	
3 2099	2098	2096	
3 892	2093	2098	
3 3138	2099	2096	
3 3297	1057	1052	
3 158	2362	2377	
3 451	2100	367	
3 106	105	2101	
3 105	104	2103	
3 382	329	2102	
3 329	379	2106	
3 317	2103	1467	
3 382	2101	2103	
3 108	107	2104	
3 107	106	2106	
3 379	328	2105	
3 328	381	2134	
3 329	2106	2102	
3 379	2104	2106	
3 2110	2108	144	
3 2107	2108	2109	
3 2107	144	2108	
3 2112	458	2124	
3 2109	458	2112	
3 144	143	2110	
3 2116	2110	143	
3 2113	2111	370	
3 458	2108	2111	
3 2115	369	457	
3 2109	2114	145	
3 370	2118	2119	
3 545	2127	2125	
3 2115	2114	2112	
3 146	145	2114	
3 369	2115	2112	
3 2115	457	2234	
3 143	2117	2116	
3 2120	2117	2041	
3 142	2117	143	
3 2120	2118	2116	
3 370	2116	2118	
3 2120	2116	2117	
3 2121	325	2058	
3 2113	2119	2065	
3 2120	2041	365	
3 325	2118	2120	
3 2122	2121	2058	
3 2065	2119	2121	
3 2058	977	2122	
3 2123	977	779	
3 977	2123	2122	
3 2129	2127	2123	
3 458	2113	2124	
3 545	2124	2113	
3 369	2124	2125	
3 545	2125	2124	
3 2128	2126	738	
3 369	2126	690	
3 545	2123	2127	
3 2129	2123	779	
3 2129	2128	738	
3 2310	739	2315	
3 3298	2129	779	
3 3298	2314	2129	
3 2131	2130	118	
3 2132	2130	466	
3 117	2131	118	
3 376	466	2131	
3 466	465	2132	
3 546	2160	2164	
3 109	108	2134	
3 2135	2133	381	
3 328	2134	2105	
3 381	2133	2134	
3 381	380	2135	
3 2140	2142	2144	
3 2136	129	2232	
3 461	2136	372	
3 113	112	2137	
3 112	2139	2141	
3 375	327	2138	
3 327	378	2197	
3 111	2142	2140	
3 2139	2140	2141	
3 2139	111	2140	
3 2143	2141	464	
3 2137	112	2141	
3 110	2142	111	
3 2144	2135	380	
3 2145	2143	464	
3 2137	2143	375	
3 2135	2144	2142	
3 464	2146	2145	
3 464	2144	2146	
3 2145	551	2153	
3 2144	380	2146	
3 2145	2147	551	
3 2146	380	2147	
3 2147	2149	2148	
3 2150	2148	719	
3 2148	2150	2152	
3 2151	380	676	
3 719	2148	2149	
3 719	802	2150	
3 802	767	2150	
3 766	2151	676	
3 719	2149	2151	
3 2150	767	2152	
3 2152	2155	2154	
3 551	2152	2154	
3 327	375	2153	
3 2155	2152	767	
3 2153	2156	327	
3 2157	2155	767	
3 717	2154	2155	
3 2154	717	2156	
3 717	781	2158	
3 835	2157	767	
3 2157	811	813	
3 781	674	2158	
3 674	2156	2158	
3 120	2162	2160	
3 2159	2160	2161	
3 2159	120	2160	
3 546	2163	2161	
3 459	2169	2173	
3 119	2162	120	
3 2132	465	2164	
3 2165	2163	546	
3 2173	2169	2166	
3 2132	2164	2162	
3 546	2167	2165	
3 546	2164	2167	
3 2165	608	2168	
3 2169	122	2166	
3 121	2161	2173	
3 2164	465	2167	
3 465	2174	2167	
3 547	2171	608	
3 2168	608	2171	
3 459	2172	2169	
3 2169	2172	2177	
3 2178	2179	2174	
3 2171	2180	2176	
3 459	2176	2172	
3 459	2168	2176	
3 2172	371	2177	
3 2161	2163	2173	
3 459	2173	2163	
3 2178	2174	465	
3 2179	2170	2174	
3 2189	2175	645	
3 547	608	2175	
3 2180	2171	547	
3 371	2176	2181	
3 2182	2177	371	
3 123	122	2177	
3 465	691	2178	
3 2187	2185	2178	
3 2183	2179	2178	
3 2175	2170	2179	
3 2184	2180	547	
3 326	2218	2181	
3 2176	2180	2181	
3 2180	2184	2186	
3 2218	371	2181	
3 2217	2214	326	
3 2185	2183	2178	
3 2175	2183	645	
3 2184	547	2189	
3 2186	326	2181	
3 2187	2178	691	
3 2192	2188	783	
3 2184	983	2186	
3 2191	2221	550	
3 691	741	2187	
3 815	2187	741	
3 2193	2188	853	
3 645	2185	2188	
3 2193	645	2188	
3 2189	864	2190	
3 2190	864	3140	
3 983	2184	2190	
3 2219	2217	326	
3 2191	2219	2220	
3 815	2192	783	
3 837	853	2192	
3 2193	853	2194	
3 2189	645	2193	
3 853	3299	2194	
3 997	3402	3300	
3 2195	150	2257	
3 454	2195	368	
3 114	113	2197	
3 2198	2196	378	
3 327	2197	2138	
3 378	2196	2197	
3 378	377	2198	
3 377	467	2200	
3 116	115	2200	
3 2201	2199	467	
3 377	2200	2198	
3 467	2199	2200	
3 376	2201	467	
3 117	2201	2131	
3 2205	2203	125	
3 2202	2203	2204	
3 2202	125	2203	
3 2206	463	2222	
3 2204	463	2206	
3 125	124	2205	
3 2211	2205	124	
3 373	2212	2210	
3 2204	2208	126	
3 2205	374	2207	
3 2209	2207	374	
3 2210	2208	2206	
3 127	126	2208	
3 374	2214	2217	
3 550	2226	2223	
3 373	2210	2206	
3 3057	2210	549	
3 124	2213	2211	
3 2218	2213	2182	
3 2215	2212	373	
3 2216	462	3059	
3 123	2213	124	
3 2218	2214	2211	
3 374	2211	2214	
3 2218	2211	2213	
3 2223	2215	373	
3 2224	2215	848	
3 2212	610	2216	
3 462	2225	372	
3 2219	326	2186	
3 2209	2217	2191	
3 2218	2182	371	
3 326	2214	2218	
3 2220	2219	2186	
3 2191	2217	2219	
3 2186	983	2220	
3 2221	983	860	
3 983	2221	2220	
3 2227	848	2230	
3 463	2209	2222	
3 550	2222	2209	
3 373	2222	2223	
3 550	2223	2222	
3 2227	2224	848	
3 925	2229	2228	
3 2216	610	2225	
3 2225	610	2228	
3 550	2221	2226	
3 2230	2221	860	
3 2230	848	2226	
3 2227	2230	3301	
3 2227	2228	2224	
3 3204	2228	861	
3 372	2225	2229	
3 2228	2229	2225	
3 2221	2230	2226	
3 3301	2230	860	
3 131	130	2231	
3 2136	2231	130	
3 129	128	2232	
3 128	3056	3058	
3 1993	2233	93	
3 2074	2233	472	
3 147	146	2234	
3 2115	2234	146	
3 457	456	2235	
3 2300	2302	2304	
3 222	2238	2240	
3 482	2236	390	
3 2237	227	2888	
3 479	2237	389	
3 2241	2239	221	
3 2238	2239	2240	
3 2238	221	2239	
3 2243	2240	483	
3 2236	222	2240	
3 221	220	2241	
3 2246	220	1530	
3 2244	2242	391	
3 483	2239	2242	
3 2245	2243	483	
3 390	2236	2243	
3 391	2247	2248	
3 563	2252	2249	
3 483	2244	2245	
3 563	2245	2244	
3 391	2241	2246	
3 220	2246	2241	
3 2247	332	2248	
3 391	2246	2247	
3 2250	2248	332	
3 563	2244	2248	
3 390	2245	2249	
3 563	2249	2245	
3 2256	2250	332	
3 2250	979	2254	
3 2253	2251	745	
3 390	2251	695	
3 2254	2252	563	
3 2252	2254	2255	
3 2255	2253	745	
3 2901	746	2906	
3 2254	563	2248	
3 3256	2254	979	
3 3302	2255	785	
3 3302	2905	2255	
3 2256	332	2285	
3 2256	565	3141	
3 149	2299	2301	
3 2195	2257	455	
3 2259	2258	214	
3 2260	2258	486	
3 213	2259	214	
3 393	486	2259	
3 486	485	2260	
3 564	2263	2267	
3 152	151	2261	
3 2195	2261	151	
3 216	2265	2263	
3 2262	2263	2264	
3 2262	216	2263	
3 564	2266	2264	
3 484	2272	2276	
3 215	2265	216	
3 2260	485	2267	
3 2268	2266	564	
3 2276	2272	2269	
3 2260	2267	2265	
3 564	2270	2268	
3 564	2267	2270	
3 2268	620	2271	
3 2272	218	2269	
3 217	2264	2276	
3 2267	485	2270	
3 485	2277	2270	
3 565	2274	620	
3 620	2274	2271	
3 484	2275	2272	
3 2272	2275	2280	
3 2281	2282	2277	
3 565	2256	2274	
3 2275	2279	392	
3 484	2271	2279	
3 2275	392	2280	
3 2264	2266	2276	
3 484	2276	2266	
3 2281	2277	485	
3 2282	2273	2277	
3 2287	2278	650	
3 565	620	2278	
3 2274	2256	2279	
3 2285	2279	2256	
3 2283	2280	392	
3 219	218	2280	
3 485	696	2281	
3 2288	2286	2281	
3 2284	2282	2281	
3 2278	2273	2282	
3 2285	2283	392	
3 219	2283	1530	
3 2286	2284	2281	
3 2278	2284	650	
3 2285	392	2279	
3 2285	332	2247	
3 2288	2281	696	
3 2286	893	2293	
3 650	2293	2296	
3 2287	3142	3141	
3 2289	2288	696	
3 2288	2289	2290	
3 696	393	2289	
3 2294	2289	393	
3 747	3173	2291	
3 2290	2291	2292	
3 937	894	2291	
3 2290	2292	893	
3 2291	894	2292	
3 2292	2297	2295	
3 2295	893	2292	
3 2296	938	2287	
3 2876	487	2870	
3 3173	2294	622	
3 2297	2292	894	
3 2293	2298	2296	
3 2298	2293	2295	
3 895	938	2296	
3 3303	2297	894	
3 2298	2297	895	
3 2297	2298	2295	
3 895	2296	2298	
3 148	2302	2300	
3 2299	2300	2301	
3 2299	148	2300	
3 2303	2301	544	
3 2257	149	2301	
3 147	2302	148	
3 2304	2235	456	
3 2305	2303	544	
3 2257	2303	455	
3 2235	2304	2302	
3 544	2306	2305	
3 544	2304	2306	
3 2305	607	2316	
3 2304	456	2306	
3 2305	2307	607	
3 2306	456	2307	
3 2307	2309	2308	
3 2310	2308	739	
3 2308	2310	2312	
3 2311	456	690	
3 739	2308	2309	
3 2313	739	2311	
3 2315	2318	2310	
3 2128	2311	690	
3 739	2309	2311	
3 780	2317	2310	
3 2310	2317	2312	
3 2314	2128	2129	
3 739	2313	2315	
3 780	2310	2318	
3 2313	2128	2314	
3 2313	2314	2315	
3 2315	2314	2318	
3 2319	607	2312	
3 368	455	2316	
3 3304	3352	780	
3 2389	2323	606	
3 2314	976	2318	
3 3450	3304	2318	
3 2320	2317	780	
3 2316	2319	2321	
3 606	2323	2324	
3 2317	2320	2322	
3 2319	2322	2321	
3 2322	2320	2324	
3 2317	2322	2319	
3 2324	2323	2322	
3 368	2321	2323	
3 2322	2323	2321	
3 2320	810	2324	
3 3206	3205	810	
3 2328	2326	134	
3 2327	2057	135	
3 2325	134	2326	
3 2325	2326	2327	
3 537	2327	2326	
3 133	2331	2330	
3 2328	2330	2331	
3 2332	2329	601	
3 537	2326	2329	
3 2333	133	132	
3 2328	134	2330	
3 2336	2334	601	
3 2334	2332	601	
3 2332	642	2335	
3 132	3060	3062	
3 460	2334	2336	
3 601	2331	2336	
3 460	2339	2334	
3 2338	2335	642	
3 2335	2338	2341	
3 2331	2333	2336	
3 2336	2333	3064	
3 2339	2337	2334	
3 2339	2343	2337	
3 642	602	2338	
3 602	2054	2338	
3 460	3066	2342	
3 2340	642	2343	
3 2348	2340	661	
3 602	642	2340	
3 2054	448	2341	
3 2057	2341	448	
3 2342	2346	2345	
3 2344	2340	2343	
3 2339	2342	2343	
3 2340	2344	661	
3 2343	2342	2344	
3 2345	2344	2342	
3 2346	2342	609	
3 2345	2346	2347	
3 3067	2349	609	
3 2347	2346	955	
3 3143	2347	955	
3 3146	2347	970	
3 3146	661	2347	
3 2348	934	3148	
3 3149	2349	925	
3 955	2346	2349	
3 154	153	2350	
3 153	3039	3041	
3 2351	206	2771	
3 489	2351	394	
3 2355	2353	156	
3 2352	2353	2354	
3 2352	156	2353	
3 541	2357	2354	
3 2354	2357	2362	
3 155	2359	2358	
3 2355	2358	2359	
3 2360	2356	604	
3 541	2353	2356	
3 2365	541	2356	
3 2357	452	2362	
3 2363	2359	155	
3 2355	156	2358	
3 2359	2363	2367	
3 2367	604	2359	
3 644	2361	2365	
3 644	605	2361	
3 2369	2366	2361	
3 2377	2362	452	
3 158	157	2362	
3 155	154	2363	
3 2378	154	2350	
3 2364	2373	2370	
3 2360	2368	644	
3 644	2365	2360	
3 2361	541	2365	
3 2369	2361	605	
3 2366	2369	2372	
3 542	2367	2363	
3 2364	604	2367	
3 2364	2370	2368	
3 2375	2371	2374	
3 2369	605	2382	
3 2366	2372	452	
3 2373	2364	542	
3 2374	2371	644	
3 2400	2371	662	
3 605	644	2371	
3 2379	2372	2369	
3 452	2380	2377	
3 2381	2373	542	
3 2383	2373	453	
3 2370	707	2374	
3 2371	2375	662	
3 2374	707	2375	
3 2376	2375	707	
3 2383	2376	707	
3 3150	2401	2376	
3 452	2372	2380	
3 158	2377	2100	
3 542	2363	2378	
3 154	2378	2363	
3 2382	2379	2369	
3 367	2384	689	
3 2372	367	2380	
3 2100	2380	367	
3 2373	2381	453	
3 542	2378	2381	
3 2400	2382	605	
3 2382	2400	2402	
3 2385	2383	453	
3 2376	2383	758	
3 2379	737	2384	
3 2386	737	778	
3 2387	2385	453	
3 606	758	2385	
3 689	2384	2386	
3 737	2386	2384	
3 3043	453	2350	
3 3042	2389	543	
3 2390	2388	778	
3 2388	736	2391	
3 2323	2389	454	
3 606	2387	2389	
3 2392	2390	778	
3 2390	824	2393	
3 2393	2395	736	
3 689	2391	450	
3 2403	778	737	
3 2404	842	2409	
3 2409	2393	824	
3 791	2397	2395	
3 2396	2394	643	
3 450	2391	2394	
3 791	2395	2393	
3 643	2394	2395	
3 2396	643	2398	
3 2396	603	3101	
3 2405	2397	791	
3 2399	449	2398	
3 2399	643	2397	
3 449	540	2398	
3 2397	753	2399	
3 2399	753	2591	
3 3151	662	2401	
3 911	2402	2400	
3 3151	3207	3209	
3 662	2376	2401	
3 911	2408	2402	
3 2402	2408	2403	
3 2402	2403	737	
3 809	2392	2403	
3 809	2418	2392	
3 809	2414	2416	
3 2406	2405	791	
3 2405	2406	2407	
3 791	2393	2409	
3 2410	2406	2409	
3 2411	2407	856	
3 2591	2407	903	
3 2414	911	2412	
3 2403	2408	809	
3 2404	2409	824	
3 2410	2409	842	
3 2413	2410	842	
3 856	2406	2410	
3 856	2413	3305	
3 2589	666	2585	
3 3151	911	2400	
3 2415	2417	2416	
3 3258	3280	842	
3 2413	942	3305	
3 911	2414	2408	
3 2414	2412	2415	
3 2412	949	2415	
3 3487	2415	949	
3 2417	2415	1060	
3 809	2416	2418	
3 2417	1060	3152	
3 2418	2404	2392	
3 2416	2417	2418	
3 3210	2417	3152	
3 203	2420	2422	
3 3084	3086	568	
3 2423	2421	202	
3 2420	2421	2422	
3 2420	202	2421	
3 2424	2422	491	
3 2419	203	2422	
3 202	201	2423	
3 2428	201	1532	
3 2426	2424	491	
3 395	2419	2424	
3 2423	396	2425	
3 2427	2425	396	
3 2427	491	2425	
3 2431	849	2433	
3 396	2429	2430	
3 2426	2427	569	
3 396	2423	2428	
3 201	2428	2423	
3 2429	333	2430	
3 396	2428	2429	
3 2432	2430	333	
3 569	2427	2430	
3 2426	569	2431	
3 2434	2431	569	
3 2435	2432	333	
3 2432	984	2436	
3 2437	2433	849	
3 2433	624	2438	
3 569	2430	2436	
3 2434	2436	2439	
3 2435	333	2477	
3 2435	571	3153	
3 862	2436	984	
3 2434	569	2436	
3 2441	849	2439	
3 863	3217	2440	
3 624	3082	3088	
3 3086	2438	568	
3 3403	3156	2439	
3 849	2441	2437	
3 624	2437	2440	
3 2440	2437	3157	
3 3156	2441	2439	
3 3157	2441	3156	
3 2100	2442	159	
3 2443	2442	451	
3 451	450	2443	
3 3097	3099	3101	
3 2447	197	196	
3 2444	2445	2446	
3 2444	197	2445	
3 570	2448	2446	
3 492	2455	2460	
3 196	2461	2456	
3 2445	2449	570	
3 2450	2448	570	
3 2460	2455	2451	
3 2452	2449	2447	
3 2457	2450	2453	
3 2453	570	2449	
3 2450	625	2454	
3 2455	199	2451	
3 198	2446	2460	
3 2447	2456	2452	
3 2452	2456	2462	
3 2452	2453	2449	
3 2463	2453	2452	
3 571	2458	625	
3 625	2458	2454	
3 492	2459	2455	
3 2455	2459	2466	
3 2456	494	2462	
3 2463	2457	2453	
3 2467	2468	2463	
3 571	2435	2458	
3 2459	2465	397	
3 492	2454	2465	
3 2459	397	2466	
3 2446	2448	2460	
3 492	2460	2448	
3 196	195	2461	
3 2469	2461	195	
3 2470	2462	494	
3 2462	2470	2471	
3 2467	2463	493	
3 2468	2457	2463	
3 2534	2464	652	
3 571	625	2464	
3 2458	2435	2465	
3 2477	2465	2435	
3 2472	2466	397	
3 200	199	2466	
3 2462	2471	493	
3 2467	2471	2476	
3 2473	2468	2467	
3 2464	2457	2468	
3 2480	195	194	
3 494	2474	2470	
3 2474	494	2469	
3 2470	2474	2475	
3 2476	2471	697	
3 2467	493	2471	
3 2477	2472	397	
3 200	2472	1532	
3 2467	2476	2478	
3 2464	2473	652	
3 2479	2474	2469	
3 2475	2474	398	
3 2482	2475	398	
3 2475	2482	2483	
3 2483	697	2475	
3 2476	789	2478	
3 2477	397	2465	
3 2477	333	2429	
3 652	2473	2478	
3 2478	2473	2467	
3 2480	2479	2469	
3 2479	2480	2481	
3 195	2480	2469	
3 2480	194	2484	
3 2485	2481	495	
3 2482	2481	698	
3 2481	2482	398	
3 2486	2482	698	
3 2492	2487	749	
3 2476	697	2483	
3 194	193	2484	
3 2488	2484	193	
3 2489	2485	495	
3 2485	2489	2490	
3 2491	2486	698	
3 2486	2491	2492	
3 822	789	2487	
3 2476	2487	789	
3 2493	193	192	
3 2489	399	2490	
3 495	2488	2489	
3 2493	2488	193	
3 2494	2490	399	
3 2491	2490	748	
3 2490	2491	698	
3 2495	2491	748	
3 2496	2492	788	
3 2487	2492	822	
3 2512	400	2497	
3 2488	2493	2497	
3 2498	2494	399	
3 2494	2498	2499	
3 2500	2495	748	
3 2495	2500	2507	
3 788	2495	2507	
3 2496	2508	2510	
3 2512	2497	2493	
3 2498	2497	400	
3 2497	2498	399	
3 2513	2498	400	
3 2499	2504	2502	
3 2502	787	2501	
3 2502	748	2499	
3 2501	2500	2502	
3 2503	2501	787	
3 819	2500	2501	
3 748	2502	2500	
3 2504	2499	679	
3 787	2504	2514	
3 2501	2505	819	
3 2518	679	2513	
3 2514	2504	723	
3 2503	820	2505	
3 2496	2510	822	
3 820	2520	2505	
3 2506	2520	2515	
3 2506	2509	819	
3 788	2508	2496	
3 2507	2509	2508	
3 2506	2511	2509	
3 819	2509	2507	
3 2506	2515	2511	
3 2511	2508	2509	
3 2548	2529	2510	
3 821	2510	2511	
3 2508	2511	2510	
3 2493	192	2512	
3 2516	192	191	
3 2517	2513	400	
3 2513	2517	2518	
3 2537	2541	723	
3 2503	2519	820	
3 2506	2505	2520	
3 2551	2552	2553	
3 400	2512	2516	
3 192	2516	2512	
3 2516	2517	400	
3 1874	334	2517	
3 2518	334	2522	
3 2504	679	2518	
3 2523	2519	2514	
3 2524	2519	818	
3 2524	820	2519	
3 2545	2515	2527	
3 2527	2515	2520	
3 839	2547	2545	
3 334	2649	2535	
3 2537	2522	2535	
3 2541	2514	723	
3 2523	2541	2542	
3 2524	818	2525	
3 820	2524	2526	
3 2550	2525	818	
3 2525	2550	3158	
3 2524	2525	2526	
3 2527	2525	839	
3 2545	2527	839	
3 2520	2526	2527	
3 789	2529	2530	
3 2528	854	2531	
3 840	2530	2529	
3 822	2510	2529	
3 854	2528	2530	
3 2530	2528	789	
3 2533	2531	854	
3 2531	2533	2534	
3 2548	2553	840	
3 868	3307	2533	
3 854	2532	2533	
3 868	2533	2532	
3 3154	3155	3153	
3 2534	3154	2464	
3 2536	2535	401	
3 2535	2536	2537	
3 2644	2536	401	
3 2538	2536	2647	
3 2539	2537	572	
3 723	2522	2537	
3 572	2536	2538	
3 2538	2647	2645	
3 2540	572	724	
3 2539	770	2541	
3 805	2540	724	
3 770	2539	2540	
3 2542	2541	770	
3 2514	2541	2523	
3 2543	2542	770	
3 2542	2543	2544	
3 770	805	2543	
3 2549	2543	805	
3 2550	2544	838	
3 818	2523	2544	
3 839	2546	2547	
3 2515	2545	2521	
3 3158	839	2525	
3 3328	2546	3327	
3 2546	918	2547	
3 2551	2547	918	
3 821	2521	2548	
3 2551	2521	2547	
3 3308	2549	805	
3 2549	3308	3309	
3 2550	838	3311	
3 917	3158	2550	
3 918	2552	2551	
3 2548	2521	2551	
3 3312	2552	918	
3 868	2532	2552	
3 2551	2553	2548	
3 2532	2553	2552	
3 162	3096	3098	
3 2555	2554	540	
3 540	449	2555	
3 449	539	2557	
3 164	163	2557	
3 2558	2556	539	
3 449	2557	2555	
3 539	2556	2557	
3 539	538	2558	
3 538	2576	2558	
3 169	168	2559	
3 168	2562	2564	
3 2581	2560	502	
3 409	501	2636	
3 188	187	2561	
3 2561	187	2652	
3 2565	2563	167	
3 2562	2563	2564	
3 2562	167	2563	
3 2567	2564	576	
3 2559	168	2564	
3 166	2569	2568	
3 2565	2568	2569	
3 2570	2566	628	
3 576	2563	2566	
3 2574	576	2566	
3 2559	2567	502	
3 166	2572	2569	
3 2565	167	2568	
3 2569	2572	2576	
3 2573	2570	628	
3 654	2571	2574	
3 654	629	2571	
3 2578	2575	2571	
3 165	2572	166	
3 538	2573	2576	
3 2576	628	2569	
3 538	2579	2573	
3 654	2574	2570	
3 2571	576	2574	
3 2578	2571	629	
3 2575	2578	2581	
3 2558	2576	2572	
3 2573	628	2576	
3 2579	2577	2573	
3 2579	2583	2577	
3 2578	629	2587	
3 2575	2581	502	
3 2582	538	703	
3 2580	654	2583	
3 2593	2580	666	
3 629	654	2580	
3 2586	2581	2578	
3 2560	2581	409	
3 2582	2588	2585	
3 2584	2580	2583	
3 2579	2582	2583	
3 2580	2584	666	
3 2583	2582	2584	
3 2585	2584	2582	
3 2588	2582	703	
3 2589	2585	903	
3 2587	2586	2578	
3 409	2590	699	
3 2593	2587	629	
3 2587	2593	2594	
3 2591	2588	703	
3 903	2585	2588	
3 2411	904	2589	
3 2593	2597	939	
3 2586	750	2590	
3 2592	896	2595	
3 449	2591	703	
3 2591	753	2407	
3 2590	750	2592	
3 2596	2592	750	
3 2597	666	2589	
3 939	2594	2593	
3 939	2598	2594	
3 2625	2626	2599	
3 2620	2595	2621	
3 627	2618	2615	
3 2594	2628	750	
3 2598	2626	2628	
3 2589	904	2597	
3 3159	2597	904	
3 3159	2598	939	
3 2630	2629	897	
3 2599	2629	2630	
3 2622	2621	2623	
3 2603	2601	173	
3 2602	1610	174	
3 2600	173	2601	
3 2600	2601	2602	
3 499	2602	2601	
3 172	2606	2605	
3 2603	2605	2606	
3 2607	2604	574	
3 499	2601	2604	
3 2608	172	171	
3 2603	173	2605	
3 2611	2609	574	
3 2609	2607	574	
3 2607	627	2610	
3 2608	171	2635	
3 500	2609	2611	
3 574	2606	2611	
3 500	2614	2609	
3 2613	2610	627	
3 2610	2613	2616	
3 2606	2608	2611	
3 500	2611	2608	
3 2612	2609	2614	
3 2614	2618	2612	
3 627	575	2613	
3 575	1607	2613	
3 500	2617	2614	
3 2615	2618	2619	
3 2631	2615	653	
3 575	627	2615	
3 1607	408	2616	
3 1610	2616	408	
3 699	2617	500	
3 653	2615	2619	
3 2614	2617	2618	
3 2595	2620	2617	
3 2617	2619	2618	
3 2620	2619	2617	
3 2621	2595	896	
3 653	2619	2620	
3 2625	2623	896	
3 2620	2621	2622	
3 2621	896	2623	
3 2624	930	2631	
3 2627	2623	2625	
3 2623	2627	2624	
3 2623	2624	2622	
3 898	930	2624	
3 2596	2625	896	
3 2627	2625	2599	
3 2628	2626	2596	
3 2629	2598	897	
3 2632	2599	2630	
3 2624	2627	898	
3 750	2628	2596	
3 2598	2628	2594	
3 2599	2626	2629	
3 2598	2629	2626	
3 3160	2630	897	
3 898	2632	2633	
3 2624	2631	653	
3 2631	930	3161	
3 2633	2632	2630	
3 898	2627	2632	
3 3160	2633	2630	
3 3313	1058	1053	
3 1688	2634	184	
3 1562	2634	404	
3 170	169	2636	
3 2608	2635	501	
3 409	2636	2560	
3 501	2635	2636	
3 2638	2637	277	
3 2639	2637	505	
3 276	2638	277	
3 411	505	2638	
3 505	504	2639	
3 577	2654	2658	
3 188	2561	2641	
3 2640	2641	2642	
3 2640	188	2641	
3 496	2644	2642	
3 2642	2644	2646	
3 2561	402	2643	
3 2645	402	2538	
3 2644	496	2647	
3 2644	401	2646	
3 496	2643	2645	
3 402	2645	2643	
3 2648	2646	401	
3 190	189	2646	
3 2644	2647	2536	
3 496	2645	2647	
3 2649	2648	401	
3 190	2648	1874	
3 2535	2649	401	
3 1874	2649	334	
3 276	275	2650	
3 275	3044	3046	
3 2651	506	3055	
3 276	2651	2638	
3 187	186	2652	
3 1562	2652	186	
3 279	2656	2654	
3 2653	2654	2655	
3 2653	279	2654	
3 577	2657	2655	
3 503	2663	2667	
3 278	2656	279	
3 2639	504	2658	
3 2659	2657	577	
3 2667	2663	2660	
3 2639	2658	2656	
3 577	2661	2659	
3 577	2658	2661	
3 2659	630	2662	
3 2663	281	2660	
3 280	2655	2667	
3 2658	504	2661	
3 504	2668	2661	
3 578	2665	630	
3 2662	630	2665	
3 503	2666	2663	
3 2663	2666	2671	
3 2672	2673	2668	
3 2665	2674	2670	
3 503	2670	2666	
3 503	2662	2670	
3 2666	410	2671	
3 2655	2657	2667	
3 503	2667	2657	
3 2672	2668	504	
3 2673	2664	2668	
3 2686	655	2684	
3 578	630	2669	
3 2674	2665	578	
3 410	2670	2675	
3 2676	2671	410	
3 282	281	2671	
3 504	700	2672	
3 700	3162	2679	
3 2677	2673	2672	
3 2669	2664	2673	
3 2674	578	2678	
3 2675	340	2676	
3 2670	2674	2675	
3 2687	2674	2678	
3 2675	2676	410	
3 283	2676	340	
3 2680	2672	2679	
3 2669	2677	655	
3 655	2686	2669	
3 2690	871	340	
3 700	2679	2672	
3 2682	2679	2681	
3 2672	2680	2677	
3 2681	2679	972	
3 2688	2681	972	
3 2680	2682	655	
3 2683	2681	2688	
3 2682	2681	2683	
3 927	2685	973	
3 578	2686	2678	
3 2685	2683	973	
3 2686	578	2669	
3 3314	2685	927	
3 2684	2683	2685	
3 2684	2685	2686	
3 2686	2685	3314	
3 2689	2687	2678	
3 2689	2690	2687	
3 2688	3260	2691	
3 972	3260	2688	
3 3314	2689	2678	
3 2689	3314	3315	
3 2689	873	2690	
3 3316	872	284	
3 3398	2691	1015	
3 3498	3553	3531	
3 182	181	2693	
3 1688	2692	337	
3 318	2693	1469	
3 337	2692	2693	
3 265	2712	2714	
3 3016	3019	581	
3 2698	2696	271	
3 2695	2696	2697	
3 2695	271	2696	
3 2700	508	2707	
3 2697	508	2700	
3 271	270	2698	
3 2704	270	1694	
3 2701	2699	413	
3 508	2696	2699	
3 2703	412	507	
3 2697	2702	272	
3 413	2705	2706	
3 2709	2707	580	
3 2703	2702	2700	
3 273	272	2702	
3 412	2703	2700	
3 2703	507	3047	
3 413	2698	2704	
3 270	2704	2698	
3 2705	341	2706	
3 413	2704	2705	
3 2706	341	2708	
3 580	2701	2706	
3 508	2701	2707	
3 580	2707	2701	
3 414	3022	3025	
3 2708	3027	3035	
3 2710	2709	580	
3 850	3339	2711	
3 580	2706	3163	
3 3213	3164	2710	
3 412	2709	2711	
3 850	2711	2709	
3 2715	2713	264	
3 2712	2713	2714	
3 2712	264	2713	
3 2717	2714	510	
3 2694	265	2714	
3 264	263	2715	
3 2720	263	1693	
3 2718	2716	416	
3 510	2713	2716	
3 2719	2717	510	
3 415	2694	2717	
3 416	2721	2722	
3 2723	2719	583	
3 510	2718	2719	
3 583	2719	2718	
3 416	2715	2720	
3 263	2720	2715	
3 2721	342	2722	
3 416	2720	2721	
3 2722	342	2724	
3 583	2718	2722	
3 2725	2723	583	
3 2726	2723	657	
3 342	2728	2724	
3 2750	2752	2728	
3 2725	583	2727	
3 2725	944	3165	
3 2726	3029	3026	
3 3020	632	3017	
3 2727	905	2729	
3 2722	2727	583	
3 342	2742	2743	
3 2746	584	2744	
3 2760	2755	760	
3 2725	2729	944	
3 905	2752	2755	
3 2752	2724	2728	
3 2760	760	2762	
3 2729	2732	944	
3 2766	2732	2731	
3 2732	2766	2768	
3 260	1690	2734	
3 2733	2734	2735	
3 2733	260	2734	
3 511	2737	2735	
3 2735	2737	2740	
3 1690	343	2736	
3 2738	2736	343	
3 511	2738	2739	
3 2737	417	2740	
3 2744	2738	343	
3 2738	584	2739	
3 2728	2739	584	
3 417	2737	2739	
3 2741	2740	417	
3 262	261	2740	
3 2742	2741	417	
3 262	2741	1693	
3 417	2739	2743	
3 2742	342	2721	
3 2739	2728	2743	
3 342	2743	2728	
3 2745	343	669	
3 2744	710	2746	
3 2747	2745	669	
3 710	2744	2745	
3 2747	2753	710	
3 2750	2749	2730	
3 1771	2747	669	
3 2747	761	2753	
3 760	2751	2754	
3 2749	2751	2730	
3 584	2746	2749	
3 2751	2746	2748	
3 2750	2730	2752	
3 584	2750	2728	
3 2754	2751	2748	
3 760	2730	2751	
3 2755	2752	2730	
3 905	2724	2752	
3 2753	761	2756	
3 2748	710	2753	
3 2748	797	2754	
3 2759	797	2757	
3 2730	760	2755	
3 2755	2760	2758	
3 761	1777	2756	
3 2763	1777	796	
3 797	2756	2763	
3 2761	2759	2757	
3 2758	2731	2732	
3 905	2755	2758	
3 797	2759	2754	
3 2757	851	2761	
3 2762	2759	2761	
3 2731	2758	2760	
3 2761	851	2765	
3 2762	2731	2760	
3 2759	2762	760	
3 2762	2761	2764	
3 3194	796	3127	
3 851	2757	2763	
3 2767	2761	2765	
3 2766	2764	2767	
3 2765	3418	3317	
3 2770	943	3318	
3 2766	943	2768	
3 2731	2764	2766	
3 2761	2767	2764	
3 2769	2767	2765	
3 2769	3318	943	
3 958	3033	3166	
3 3317	2769	2765	
3 995	2770	3318	
3 3264	3225	958	
3 3264	3214	2770	
3 205	3083	3085	
3 2351	2771	490	
3 2775	248	247	
3 2772	2773	2774	
3 2772	248	2773	
3 586	2776	2774	
3 514	2783	2788	
3 247	2789	2784	
3 2773	2777	586	
3 2778	2776	586	
3 2788	2783	2779	
3 2780	2777	2775	
3 2785	2778	2781	
3 2781	586	2777	
3 2778	634	2782	
3 2783	250	2779	
3 249	2774	2788	
3 2775	2784	2780	
3 2780	2784	2790	
3 2780	2781	2777	
3 2791	2781	2780	
3 587	2786	634	
3 2782	634	2786	
3 514	2787	2783	
3 2783	2787	2794	
3 2784	516	2790	
3 2791	2785	2781	
3 2795	2796	2791	
3 2786	2800	2793	
3 514	2793	2787	
3 514	2782	2793	
3 2787	421	2794	
3 2774	2776	2788	
3 514	2788	2776	
3 247	246	2789	
3 2797	2789	246	
3 2798	2790	516	
3 2790	2798	2799	
3 2795	2791	515	
3 2796	2785	2791	
3 2824	2814	2792	
3 587	634	2792	
3 2800	2786	587	
3 2793	2800	2801	
3 2802	2794	421	
3 251	250	2794	
3 2790	2799	515	
3 2795	2799	2806	
3 2803	2796	2795	
3 2792	2785	2796	
3 2810	246	245	
3 516	2804	2798	
3 2804	516	2797	
3 2798	2804	2805	
3 2806	2799	701	
3 2795	515	2799	
3 2807	2800	587	
3 2801	2800	1773	
3 1773	346	2801	
3 2802	2801	346	
3 2802	421	2801	
3 1696	251	2802	
3 2795	2806	2808	
3 2792	2803	658	
3 2809	2804	2797	
3 2805	2804	422	
3 2812	2805	422	
3 2805	2812	2813	
3 2813	2806	701	
3 2813	2808	2806	
3 2807	587	2814	
3 728	1773	2807	
3 658	2803	2808	
3 2808	2803	2795	
3 2810	2809	2797	
3 2809	2810	2811	
3 246	2810	2797	
3 2810	245	2815	
3 517	2816	2811	
3 2818	751	2812	
3 2811	2817	422	
3 422	2817	2812	
3 2813	701	2805	
3 2823	2813	751	
3 587	2792	2814	
3 2824	2792	658	
3 245	244	2815	
3 2819	2815	244	
3 2821	517	588	
3 2817	2818	2812	
3 2811	2816	2817	
3 2818	2817	2816	
3 2816	635	2818	
3 2818	635	2825	
3 2989	244	2987	
3 588	517	2819	
3 2827	899	2823	
3 2824	2820	3167	
3 2847	2821	588	
3 2822	2821	556	
3 2836	2822	556	
3 2828	2822	754	
3 2826	2823	751	
3 2823	2826	2827	
3 658	2820	2824	
3 3167	2820	900	
3 635	2822	2828	
3 2825	792	2826	
3 2825	2826	751	
3 2829	2826	792	
3 857	2854	3320	
3 2820	899	2827	
3 2830	2828	754	
3 792	2825	2828	
3 2832	792	2830	
3 2854	2852	843	
3 2831	2830	754	
3 2830	825	2832	
3 2833	2831	754	
3 2831	793	2834	
3 2832	825	2835	
3 2829	792	2832	
3 2836	2833	754	
3 2833	704	2837	
3 2838	2834	793	
3 825	2839	2835	
3 2839	825	2834	
3 3282	3288	826	
3 2822	2836	754	
3 2836	556	2842	
3 704	2841	2840	
3 755	793	2837	
3 793	755	2838	
3 2974	755	2967	
3 2838	2839	2834	
3 3263	3282	3224	
3 2851	2840	474	
3 755	2837	2840	
3 2842	2841	704	
3 2843	2841	557	
3 2836	2842	704	
3 2844	2842	556	
3 557	2845	2843	
3 2849	2845	241	
3 2821	2847	556	
3 2844	2847	2850	
3 2845	557	2848	
3 2849	2846	2843	
3 2849	2843	2845	
3 3006	2846	240	
3 588	2988	2847	
3 2850	243	242	
3 2848	242	241	
3 557	2844	2848	
3 241	240	2849	
3 240	2846	2849	
3 2850	2847	2988	
3 242	2848	2850	
3 2968	474	558	
3 2967	648	2965	
3 857	2829	2852	
3 2852	2829	2832	
3 2853	3282	3287	
3 843	2835	2853	
3 3319	2854	843	
3 940	3320	2854	
3 2351	2855	207	
3 2855	3076	3074	
3 2859	2857	211	
3 2856	2857	2858	
3 2856	211	2857	
3 566	2861	2858	
3 2858	2861	2866	
3 210	2863	2862	
3 2859	2862	2863	
3 2864	2860	621	
3 566	2857	2860	
3 2869	566	2860	
3 2861	487	2866	
3 2867	210	209	
3 2859	211	2862	
3 2871	2868	621	
3 2868	2864	621	
3 651	2865	2869	
3 651	622	2865	
3 2876	2294	393	
3 2879	2866	487	
3 213	212	2866	
3 209	3073	3075	
3 488	2868	2871	
3 621	2863	2871	
3 488	2874	2868	
3 651	2869	2864	
3 2865	566	2869	
3 2873	2870	2865	
3 2870	2873	2876	
3 2863	2867	2871	
3 2871	2867	3077	
3 2874	2872	2868	
3 2874	2878	2872	
3 2865	622	2873	
3 622	2294	2873	
3 488	3079	2877	
3 2875	651	2878	
3 2884	2875	665	
3 622	651	2875	
3 2294	2876	2873	
3 2879	2876	393	
3 2877	2882	2881	
3 2880	2875	2878	
3 2874	2877	2878	
3 2875	2880	665	
3 393	2259	2879	
3 213	2879	2259	
3 2878	2877	2880	
3 2881	2880	2877	
3 2882	2877	623	
3 2881	2882	2883	
3 3081	623	3080	
3 2883	2882	957	
3 3168	2883	957	
3 3171	2883	971	
3 3171	665	2883	
3 2884	937	3173	
3 3174	2885	926	
3 957	2882	2885	
3 2236	2886	223	
3 2887	2886	482	
3 482	481	2887	
3 2891	2893	2895	
3 226	2890	2892	
3 2237	2888	480	
3 2237	2889	228	
3 2889	3071	3069	
3 225	2893	2891	
3 2890	2891	2892	
3 2890	225	2891	
3 2894	2892	562	
3 2888	226	2892	
3 224	2893	225	
3 2895	2887	481	
3 2896	2894	562	
3 2888	2894	480	
3 2887	2895	2893	
3 562	2897	2896	
3 562	2895	2897	
3 2896	619	2907	
3 2895	481	2897	
3 2896	2898	619	
3 2897	481	2898	
3 2898	2900	2899	
3 2901	2899	746	
3 2899	2901	2903	
3 2902	481	695	
3 746	2899	2900	
3 2904	746	2902	
3 2901	2906	2909	
3 2253	2902	695	
3 746	2900	2902	
3 786	2908	2901	
3 2901	2908	2903	
3 2905	2904	2253	
3 746	2904	2906	
3 2255	2905	2253	
3 786	2901	2909	
3 2904	2905	2906	
3 2909	2905	978	
3 2910	619	2903	
3 389	480	2907	
3 3321	3357	786	
3 2959	2914	618	
3 2905	2909	2906	
3 3453	3321	2909	
3 2911	2908	786	
3 2907	2910	2912	
3 618	2914	2915	
3 2908	2911	2913	
3 2910	2913	2912	
3 2913	2911	2915	
3 2908	2913	2910	
3 2915	2914	2913	
3 389	2912	2914	
3 2913	2914	2912	
3 2911	817	2915	
3 3219	3218	817	
3 75	1875	2917	
3 2916	2917	2918	
3 2916	75	2917	
3 2920	2918	526	
3 1877	76	2918	
3 1933	2919	432	
3 526	2917	2919	
3 526	1931	2920	
3 431	2920	1931	
3 230	3068	3070	
3 2921	2951	2948	
3 2925	2923	233	
3 2922	2923	2924	
3 2922	233	2923	
3 559	2927	2924	
3 2924	2927	2932	
3 232	2929	2928	
3 2925	2928	2929	
3 2930	2926	616	
3 559	2923	2926	
3 2935	559	2926	
3 2927	477	2932	
3 2933	2929	232	
3 2925	233	2928	
3 2929	2933	2937	
3 2937	616	2929	
3 649	2931	2935	
3 649	617	2931	
3 2939	2936	2931	
3 2947	2932	477	
3 235	234	2932	
3 232	231	2933	
3 2948	231	2921	
3 2934	2943	2940	
3 2930	2938	649	
3 649	2935	2930	
3 2931	559	2935	
3 2939	2931	617	
3 2936	2939	2942	
3 560	2937	2933	
3 2934	616	2937	
3 2934	2940	2938	
3 2945	2941	2944	
3 2939	617	2952	
3 2936	2942	477	
3 2943	2934	560	
3 2944	2941	649	
3 2969	2941	664	
3 617	649	2941	
3 2949	2942	2939	
3 477	2950	2947	
3 2951	2943	560	
3 2953	2943	478	
3 2940	708	2944	
3 2941	2945	664	
3 2944	708	2945	
3 2946	2945	708	
3 2953	2946	708	
3 3175	2970	2946	
3 477	2942	2950	
3 1821	235	2947	
3 560	2933	2948	
3 231	2948	2933	
3 2952	2949	2939	
3 388	2954	694	
3 2942	388	2950	
3 1821	2950	388	
3 2943	2951	478	
3 560	2948	2951	
3 2969	2952	617	
3 2952	2969	2971	
3 2955	2953	478	
3 2946	2953	759	
3 2949	744	2954	
3 2956	744	784	
3 2957	2955	478	
3 618	759	2955	
3 694	2954	2956	
3 744	2956	2954	
3 3072	478	2921	
3 3071	2959	561	
3 2960	2958	784	
3 2958	743	2961	
3 2914	2959	479	
3 618	2957	2959	
3 2962	2960	784	
3 2960	827	2963	
3 2963	2965	743	
3 694	2961	475	
3 2972	784	744	
3 2977	920	2973	
3 2982	2963	827	
3 794	2967	2965	
3 2966	2964	648	
3 475	2961	2964	
3 794	2965	2963	
3 648	2964	2965	
3 2966	648	2968	
3 2966	615	3108	
3 2967	794	2974	
3 2851	648	2967	
3 648	2851	2968	
3 474	2968	2851	
3 3176	664	2970	
3 913	2971	2969	
3 3176	3220	3222	
3 664	2946	2970	
3 913	2976	2971	
3 2971	2976	2972	
3 2971	2972	744	
3 2977	2972	816	
3 2978	2973	920	
3 827	2962	2973	
3 794	2963	2982	
3 2838	755	2974	
3 3224	2975	844	
3 2838	2975	826	
3 2983	913	2979	
3 2972	2976	816	
3 2972	2977	2962	
3 2977	816	2980	
3 2981	2978	920	
3 844	2975	2982	
3 3176	913	2969	
3 3322	2985	950	
3 2986	2983	2985	
3 920	2984	2981	
3 920	2980	2984	
3 2981	951	3177	
3 794	2982	2975	
3 2973	2982	827	
3 913	2983	2976	
3 2985	2983	2979	
3 2986	2984	2980	
3 962	3342	2984	
3 950	2985	2979	
3 962	2984	2986	
3 2983	2986	816	
3 962	2986	2985	
3 2850	2988	243	
3 2989	2819	244	
3 2987	243	2988	
3 2987	2988	2989	
3 588	2989	2988	
3 54	1872	2991	
3 2990	2991	2992	
3 2990	54	2991	
3 2994	2992	531	
3 1710	55	2992	
3 2995	2993	439	
3 531	2991	2993	
3 2996	2994	531	
3 1714	2994	438	
3 439	1873	2997	
3 1720	2996	598	
3 531	2995	2996	
3 598	2996	2995	
3 2997	354	2998	
3 598	2995	2997	
3 2998	354	2999	
3 1732	2998	924	
3 440	2999	354	
3 599	1893	2999	
3 50	1876	3001	
3 3000	3001	3002	
3 3000	50	3001	
3 3004	3002	532	
3 1691	51	3002	
3 1876	355	3003	
3 1890	3003	355	
3 3005	532	1890	
3 1691	3004	440	
3 599	3005	1890	
3 440	3004	3005	
3 239	3103	3105	
3 2846	3006	558	
3 259	258	3007	
3 1470	3007	258	
3 268	3009	3011	
3 3008	414	3028	
3 3012	3010	267	
3 3009	3010	3011	
3 3009	267	3010	
3 3014	3011	509	
3 3008	268	3011	
3 266	3016	3015	
3 3012	3015	3016	
3 3017	3013	581	
3 509	3010	3013	
3 3021	509	3013	
3 3008	3014	414	
3 266	2694	3016	
3 3012	267	3015	
3 3019	3016	2694	
3 581	3019	3023	
3 632	3018	3021	
3 3030	3018	632	
3 3022	3018	3024	
3 2694	415	3019	
3 415	3020	3023	
3 3023	3017	581	
3 415	2726	3020	
3 632	3021	3017	
3 3018	509	3021	
3 3024	3018	582	
3 3022	3024	3025	
3 415	3023	3019	
3 3020	3017	3023	
3 3035	3024	582	
3 3027	341	3025	
3 3027	3025	3024	
3 3028	3025	341	
3 3029	2726	657	
3 3018	3030	582	
3 3035	3027	3024	
3 341	3027	2708	
3 2705	3028	341	
3 3008	3028	1694	
3 3029	3032	3031	
3 3031	3030	3026	
3 632	3026	3030	
3 3031	3026	3029	
3 3032	3029	657	
3 3031	3034	3036	
3 3165	657	2723	
3 3034	3032	3033	
3 3178	3033	958	
3 3034	3033	928	
3 3037	3035	3036	
3 3031	3032	3034	
3 3036	582	3031	
3 874	2708	3035	
3 3037	3034	928	
3 3035	582	3036	
3 3038	3037	928	
3 874	3035	3037	
3 3227	928	3178	
3 3038	993	3343	
3 152	2261	3040	
3 3039	3040	3041	
3 3039	152	3040	
3 3043	3041	543	
3 2350	153	3041	
3 2389	3042	454	
3 543	3040	3042	
3 543	2387	3043	
3 453	3043	2387	
3 3047	3045	274	
3 3044	3045	3046	
3 3044	274	3045	
3 3049	3046	579	
3 2650	275	3046	
3 274	273	3047	
3 2703	3047	273	
3 507	3050	3052	
3 579	3045	3048	
3 3051	3049	579	
3 2650	3049	506	
3 2711	3050	507	
3 656	3050	631	
3 3051	579	3052	
3 3051	656	3053	
3 507	3052	3048	
3 3052	3050	656	
3 656	631	3054	
3 506	3053	3055	
3 3162	3054	667	
3 3055	411	2651	
3 3053	3054	3055	
3 3054	411	3055	
3 127	2210	3057	
3 3056	3057	3058	
3 3056	127	3057	
3 3059	3058	549	
3 2232	128	3058	
3 2216	3059	549	
3 2232	3059	462	
3 131	2231	3061	
3 3060	3061	3062	
3 3060	131	3061	
3 3064	3062	548	
3 2333	132	3062	
3 3065	3063	461	
3 548	3061	3063	
3 3066	3064	548	
3 2336	3064	460	
3 3067	461	372	
3 2342	3066	609	
3 548	3065	3066	
3 609	3066	3065	
3 372	2229	3067	
3 3067	2229	2349	
3 229	2889	3069	
3 3068	3069	3070	
3 3068	229	3069	
3 3072	3070	561	
3 2921	230	3070	
3 2959	3071	479	
3 561	3069	3071	
3 561	2957	3072	
3 478	3072	2957	
3 208	2855	3074	
3 3073	3074	3075	
3 3073	208	3074	
3 3077	3075	567	
3 2867	209	3075	
3 3078	3076	489	
3 567	3074	3076	
3 3079	3077	567	
3 2871	3077	488	
3 3080	489	394	
3 2877	3079	623	
3 567	3078	3079	
3 623	3079	3078	
3 3080	394	3081	
3 623	3078	3080	
3 3081	394	3082	
3 2885	3081	926	
3 490	3082	394	
3 624	2440	3082	
3 204	2419	3084	
3 3083	3084	3085	
3 3083	204	3084	
3 3087	3085	568	
3 2771	205	3085	
3 2419	395	3086	
3 2438	3086	395	
3 3088	568	2438	
3 2771	3087	490	
3 624	3088	2438	
3 490	3087	3088	
3 84	3092	3090	
3 3089	3090	3091	
3 3089	84	3090	
3 3093	3091	592	
3 1963	85	3091	
3 83	3092	84	
3 3094	2010	428	
3 592	1940	3095	
3 1963	3093	523	
3 2010	3094	3092	
3 1940	3094	428	
3 1940	1942	3095	
3 523	3095	1942	
3 161	3099	3097	
3 3096	3097	3098	
3 3096	161	3097	
3 3100	3098	603	
3 2554	162	3098	
3 160	3099	161	
3 3101	2443	450	
3 603	2396	3102	
3 2554	3100	540	
3 2443	3101	3099	
3 2396	3101	450	
3 2396	2398	3102	
3 540	3102	2398	
3 238	3106	3104	
3 3103	3104	3105	
3 3103	238	3104	
3 3107	3105	615	
3 3006	239	3105	
3 237	3106	238	
3 3108	1822	475	
3 615	2966	3109	
3 3006	3107	558	
3 1822	3108	3106	
3 2966	3108	475	
3 2966	2968	3109	
3 558	3109	2968	
3 1518	876	3111	
3 907	1519	3110	
3 907	3111	1526	
3 1518	3111	3110	
3 3180	3112	946	
3 3234	3233	3112	
3 3112	3233	803	
3 3113	980	3182	
3 1612	879	3115	
3 908	1613	3114	
3 908	3115	1620	
3 1612	3115	3114	
3 3184	3116	947	
3 3244	3243	3116	
3 3116	3243	804	
3 3117	981	3186	
3 3187	3118	808	
3 846	1678	3118	
3 3323	3119	923	
3 3119	3323	3324	
3 3121	3120	953	
3 3122	3120	952	
3 1732	3125	953	
3 3188	3121	3191	
3 952	3488	3189	
3 963	969	3122	
3 3123	969	3124	
3 1730	659	3123	
3 969	963	3124	
3 1735	3190	885	
3 3191	3125	924	
3 3121	953	3125	
3 906	3126	1776	
3 1779	3126	1775	
3 3193	3127	945	
3 3127	3193	3194	
3 3128	933	3400	
3 775	3408	3294	
3 1681	3129	1891	
3 3119	3129	985	
3 3361	3130	1892	
3 1044	3130	1042	
3 1893	3131	859	
3 1889	1895	3131	
3 3195	3132	757	
3 3196	3132	3195	
3 3197	1945	910	
3 1956	909	3133	
3 1059	1009	3134	
3 3278	1957	841	
3 2004	3135	936	
3 3381	3325	3362	
3 889	3136	2059	
3 935	2060	3136	
3 3137	935	3401	
3 779	3410	3298	
3 3138	891	3325	
3 3138	3381	3390	
3 1522	3139	929	
3 1515	3139	722	
3 3300	3140	864	
3 3140	3300	3402	
3 565	2287	3141	
3 3142	2287	938	
3 938	3201	3256	
3 979	3141	3142	
3 3144	3143	955	
3 3145	3143	954	
3 2349	3149	955	
3 3202	3144	3204	
3 3202	3489	954	
3 964	970	3145	
3 3146	970	3147	
3 2348	661	3146	
3 970	964	3147	
3 888	3147	964	
3 2063	3148	934	
3 2056	3148	735	
3 3204	3149	925	
3 3144	955	3149	
3 3205	3150	758	
3 3206	3150	3205	
3 3207	2401	912	
3 2412	911	3151	
3 1060	1010	3152	
3 3280	2413	842	
3 571	3154	3153	
3 3154	865	3155	
3 2464	3154	571	
3 865	3154	2534	
3 3155	865	3211	
3 984	3153	3155	
3 3403	2439	862	
3 3156	3444	3215	
3 2440	3157	863	
3 2437	2441	3157	
3 3158	917	3326	
3 839	3158	3327	
3 2597	3159	939	
3 3383	3329	3363	
3 3160	897	3329	
3 3160	3383	3391	
3 1616	3161	930	
3 1609	3161	727	
3 411	3162	700	
3 3212	3162	667	
3 2708	874	3163	
3 3213	3163	874	
3 922	3339	3340	
3 3340	3339	850	
3 3165	944	3166	
3 3033	657	3165	
3 2732	3166	944	
3 3214	2768	2770	
3 3330	3167	900	
3 883	931	3167	
3 3169	3168	957	
3 3170	3168	956	
3 2885	3174	957	
3 3215	3169	3217	
3 3215	3490	956	
3 965	971	3170	
3 3171	971	3172	
3 2884	665	3171	
3 971	965	3172	
3 894	3172	965	
3 2291	3173	937	
3 2294	3173	747	
3 3217	3174	926	
3 3169	957	3174	
3 3218	3175	759	
3 3219	3175	3218	
3 3220	2970	914	
3 2979	913	3176	
3 951	3223	3177	
3 3263	3223	919	
3 3225	3178	958	
3 3227	3178	994	
3 3231	3179	876	
3 946	3232	3180	
3 3232	946	3179	
3 3180	3232	3268	
3 3181	3234	3236	
3 3113	3235	980	
3 3240	3182	980	
3 720	3182	768	
3 3241	3183	879	
3 947	3242	3184	
3 3242	947	3183	
3 3184	3242	3272	
3 3185	3244	3246	
3 3117	3245	981	
3 3250	3186	981	
3 725	3186	773	
3 3331	808	834	
3 3187	921	3332	
3 3191	3121	3125	
3 859	1044	3188	
3 1032	1051	3493	
3 3122	952	3189	
3 3124	963	3190	
3 3251	3190	963	
3 1893	3191	924	
3 3188	3191	859	
3 3252	3192	882	
3 945	3253	3193	
3 3253	945	3192	
3 3193	3253	3276	
3 3333	3194	959	
3 2763	796	3194	
3 595	3195	757	
3 1858	807	3195	
3 3254	3196	807	
3 910	3132	3196	
3 3254	3277	3196	
3 3133	3199	1956	
3 3198	3284	3289	
3 3199	3198	948	
3 3198	3199	3197	
3 948	1956	3199	
3 1961	3200	1962	
3 3255	3200	3134	
3 3201	938	3404	
3 785	3414	3302	
3 3412	861	2227	
3 954	3489	3203	
3 1012	3439	3573	
3 3145	954	3203	
3 2228	3204	925	
3 3202	3204	861	
3 606	3205	758	
3 2324	810	3205	
3 3257	3206	810	
3 912	3150	3206	
3 3257	3279	3206	
3 3151	3209	2412	
3 3208	3285	3290	
3 3209	3208	949	
3 3208	3209	3207	
3 949	2412	3209	
3 2417	3210	2418	
3 3258	3210	3152	
3 3442	865	3307	
3 862	3441	3403	
3 667	631	3338	
3 3212	667	3259	
3 3038	3213	874	
3 993	3266	3343	
3 958	3166	3214	
3 2768	3214	3166	
3 3156	3215	863	
3 956	3490	3216	
3 1013	3303	3574	
3 3170	956	3216	
3 2440	3217	926	
3 3215	3217	863	
3 618	3218	759	
3 2915	817	3218	
3 3261	3219	817	
3 914	3175	3219	
3 3261	3281	3219	
3 3176	3222	2979	
3 3221	3286	3291	
3 3222	3221	950	
3 3221	3222	3220	
3 950	2979	3222	
3 3262	3223	951	
3 3224	3177	3263	
3 844	3177	3224	
3 3263	3177	3223	
3 958	3214	3264	
3 3225	3264	3226	
3 3334	3226	995	
3 994	3229	3228	
3 3228	3227	994	
3 3038	928	3227	
3 994	3226	3229	
3 3038	3228	993	
3 3334	3229	3226	
3 3228	3230	993	
3 996	3265	3229	
3 3230	3229	3265	
3 3394	876	1518	
3 3394	3437	3231	
3 3267	3232	3179	
3 3232	3267	3268	
3 3234	3112	3180	
3 3235	3233	3181	
3 960	3234	3180	
3 3181	3233	3234	
3 3235	3181	3237	
3 803	3235	3113	
3 3238	3236	960	
3 3239	3237	3181	
3 3239	3181	3236	
3 3269	832	3240	
3 3335	3238	960	
3 3238	3335	3367	
3 3236	3238	3239	
3 991	3239	3238	
3 3269	3240	980	
3 3270	766	718	
3 3395	879	1612	
3 3395	3438	3241	
3 3271	3242	3183	
3 3242	3271	3272	
3 3244	3116	3184	
3 3245	3243	3185	
3 961	3244	3184	
3 3185	3243	3244	
3 3245	3185	3247	
3 804	3245	3117	
3 3248	3246	961	
3 3249	3247	3185	
3 3249	3185	3246	
3 3273	833	3250	
3 3336	3248	961	
3 3248	3336	3368	
3 3246	3248	3249	
3 992	3249	3248	
3 3273	3250	981	
3 3274	772	726	
3 3493	963	3189	
3 3396	886	1736	
3 883	3337	1778	
3 1778	3337	3252	
3 3275	3253	3192	
3 3253	3275	3276	
3 1853	3348	807	
3 3277	3284	3198	
3 3255	3134	3278	
3 1948	3255	841	
3 3201	785	3256	
3 2254	3256	785	
3 2320	3352	810	
3 3279	3285	3208	
3 3258	3152	3280	
3 2404	3258	842	
3 3260	3259	3341	
3 922	3341	3259	
3 2691	3260	1015	
3 972	3212	3260	
3 2911	3357	817	
3 3281	3286	3221	
3 951	2984	3342	
3 990	3509	3262	
3 3263	3287	3282	
3 3224	3282	826	
3 2770	995	3264	
3 3226	3264	995	
3 3283	3345	3265	
3 3266	986	3343	
3 3230	3265	3266	
3 3283	3265	996	
3 3179	3231	3267	
3 3231	967	3267	
3 3405	3268	967	
3 3268	3405	3505	
3 3237	991	3269	
3 3344	3269	991	
3 3240	832	3270	
3 802	3270	832	
3 3183	3241	3271	
3 3241	968	3271	
3 3406	3272	968	
3 3272	3406	3507	
3 3247	992	3273	
3 3273	992	3310	
3 3250	833	3274	
3 833	3309	3308	
3 3192	3252	3275	
3 3252	966	3275	
3 3484	3276	966	
3 3428	3366	959	
3 3284	3277	3254	
3 3198	910	3277	
3 3134	1009	3278	
3 3576	3575	1089	
3 3285	3279	3257	
3 3208	912	3279	
3 3152	1010	3280	
3 3579	3578	1091	
3 3286	3281	3261	
3 3221	914	3281	
3 3287	3263	919	
3 3288	3282	2853	
3 3494	3283	996	
3 986	3266	3345	
3 3254	987	3284	
3 3289	3284	987	
3 3257	988	3285	
3 3290	3285	988	
3 3261	989	3286	
3 3291	3286	989	
3 3407	3287	919	
3 3319	843	3419	
3 2853	2839	3288	
3 2838	3288	2839	
3 3512	987	3423	
3 948	3526	3486	
3 3513	988	3425	
3 949	3527	3487	
3 3514	989	3427	
3 950	3358	3322	
3 846	3332	3373	
3 1684	3292	3347	
3 3423	3348	3293	
3 776	1854	3293	
3 3408	775	3128	
3 3294	3408	3409	
3 3295	941	3296	
3 855	3295	1955	
3 3349	3296	941	
3 3380	3362	902	
3 1052	3491	3437	
3 877	892	3297	
3 3410	779	3137	
3 3298	3410	3411	
3 837	3299	853	
3 3351	3299	867	
3 3299	3351	2194	
3 3300	3351	3374	
3 3402	860	3140	
3 3202	3412	3413	
3 3414	785	3201	
3 3302	3414	3415	
3 965	3303	894	
3 1018	3404	3583	
3 3425	3352	3304	
3 780	2318	3304	
3 3305	942	3306	
3 856	3305	2411	
3 3353	3306	942	
3 3382	3363	904	
3 3416	3307	868	
3 3442	3441	3211	
3 772	3308	805	
3 3274	833	3308	
3 833	3273	3310	
3 3309	3310	3311	
3 3430	992	3368	
3 3311	3310	1021	
3 1021	3354	3311	
3 838	2549	3311	
3 3328	3420	3454	
3 3416	998	3307	
3 1053	3492	3438	
3 880	898	3313	
3 3314	927	3315	
3 2686	3314	2678	
3 3498	3315	927	
3 3499	3315	1067	
3 2690	873	3316	
3 3417	3316	873	
3 3418	2765	851	
3 1038	1022	3317	
3 3355	2769	3317	
3 3375	3334	995	
3 3419	843	2853	
3 3376	940	3500	
3 3356	3320	940	
3 2820	3320	900	
3 3427	3357	3321	
3 786	2909	3321	
3 3358	950	3291	
3 962	3371	3342	
3 3359	923	1674	
3 3323	923	3359	
3 3360	3324	1031	
3 3324	3360	3361	
3 902	3362	3135	
3 3135	3362	3325	
3 3456	3354	3426	
3 1065	1003	3326	
3 3158	3326	3327	
3 3328	3326	1003	
3 3328	1003	3420	
3 2546	3328	3454	
3 904	3363	3159	
3 3159	3363	3329	
3 3377	900	3356	
3 3432	3474	3330	
3 834	831	3364	
3 921	3187	3331	
3 3387	921	3365	
3 3373	3332	3387	
3 3366	3333	959	
3 2763	3333	851	
3 3375	3318	3355	
3 3589	3334	1093	
3 3505	960	3268	
3 3620	3335	1096	
3 3507	961	3272	
3 3623	3336	1097	
3 883	3330	3337	
3 3460	3474	3432	
3 631	2711	3339	
3 922	3259	3338	
3 3340	850	3164	
3 922	3338	3339	
3 986	3369	3164	
3 3341	3370	3386	
3 3370	922	3340	
3 1015	3260	3341	
3 962	3322	3371	
3 990	3262	3342	
3 3164	3343	986	
3 3343	3213	3038	
3 3429	991	3367	
3 3422	1020	835	
3 3283	3494	3372	
3 3386	1015	3341	
3 3501	3556	3534	
3 1684	3347	858	
3 3292	3346	3347	
3 3533	3501	3346	
3 3293	1054	3423	
3 807	3348	3254	
3 3575	941	3278	
3 3576	3349	3575	
3 814	3350	837	
3 3424	3350	916	
3 3374	3351	867	
3 3300	2194	3351	
3 3304	1055	3425	
3 810	3352	3257	
3 3578	942	3280	
3 3579	3353	3578	
3 3426	3354	1021	
3 3456	917	3354	
3 3317	1022	3355	
3 3355	3431	3375	
3 3376	3356	940	
3 3377	3330	900	
3 3321	1056	3427	
3 817	3357	3261	
3 3497	3291	989	
3 3371	3358	1019	
3 858	3347	3388	
3 3323	3378	1031	
3 3379	1031	3378	
3 3360	1031	3379	
3 3130	3361	1042	
3 1892	866	3361	
3 3380	902	3296	
3 3434	3380	3349	
3 3382	904	3306	
3 3435	3382	3353	
3 3364	3392	3384	
3 3331	3364	3384	
3 3393	921	3384	
3 3568	3365	1118	
3 959	3276	3428	
3 3366	1038	3418	
3 3457	1064	1020	
3 991	3429	3344	
3 3458	1065	3426	
3 992	3430	3310	
3 986	3345	3385	
3 922	3370	3341	
3 3340	3369	3370	
3 3385	3370	3369	
3 3358	3371	3322	
3 990	3371	1019	
3 3385	3436	3386	
3 986	3385	3369	
3 3332	921	3387	
3 3292	3373	3346	
3 3424	3374	867	
3 3581	3374	1028	
3 3431	3355	1022	
3 1093	3334	3375	
3 3319	3500	940	
3 3500	3319	1006	
3 3356	3376	3377	
3 3432	3376	1014	
3 3359	858	3388	
3 3379	3378	1005	
3 3462	3461	3379	
3 3360	3389	1042	
3 3296	3349	3380	
3 3380	3434	3381	
3 3380	3381	3362	
3 3138	3390	1057	
3 3306	3353	3382	
3 3382	3435	3383	
3 3382	3383	3363	
3 3160	3391	1058	
3 3392	3364	852	
3 3393	3365	921	
3 3345	3372	3385	
3 3468	3523	3549	
3 3370	3385	3386	
3 3436	3385	3372	
3 3365	1004	3387	
3 3346	3387	1004	
3 3501	3347	3346	
3 1005	3378	3388	
3 3461	3389	3379	
3 1040	1042	3389	
3 3434	3390	3381	
3 3609	3502	3390	
3 3435	3391	3383	
3 3611	3503	3391	
3 3392	852	3582	
3 3393	1118	3365	
3 3384	3392	3393	
3 1118	3393	3392	
3 3437	3394	877	
3 3231	876	3394	
3 3438	3395	880	
3 3241	879	3395	
3 3251	1011	3396	
3 3504	1011	1080	
3 888	3439	3397	
3 3397	3439	3469	
3 3440	1015	3386	
3 3440	3549	3398	
3 973	2691	3399	
3 3398	3399	2691	
3 933	886	3400	
3 3504	3400	886	
3 935	889	3401	
3 3586	889	3469	
3 3510	3413	3301	
3 3301	860	3402	
3 3441	862	3211	
3 3403	3441	3443	
3 938	895	3404	
3 3583	3404	895	
3 3528	967	3491	
3 3405	3528	3506	
3 3529	968	3492	
3 3406	3529	3508	
3 3509	919	3262	
3 919	3509	3407	
3 3445	3128	3400	
3 3409	3408	1061	
3 3445	3470	1061	
3 3293	3447	1054	
3 3448	3137	3401	
3 3411	3410	1062	
3 3448	3471	1062	
3 3304	3450	1055	
3 3413	3412	3301	
3 3202	861	3412	
3 3510	3301	3402	
3 3413	1068	3489	
3 3451	3201	3404	
3 3415	3414	1063	
3 1063	1018	3452	
3 3321	3453	1056	
3 3472	3416	3312	
3 3624	3597	1121	
3 3499	873	3315	
3 872	3511	1001	
3 3418	851	3333	
3 1038	3317	3418	
3 3287	3407	3419	
3 1006	3419	3407	
3 1065	3738	1003	
3 3420	3472	3454	
3 1014	3478	3460	
3 3421	3478	3480	
3 832	3344	3422	
3 1020	3422	3344	
3 3512	3423	1054	
3 3254	3423	987	
3 916	836	3455	
3 3374	3424	1028	
3 3513	3425	1055	
3 3257	3425	988	
3 3458	1021	3430	
3 1021	3458	3426	
3 3514	3427	1056	
3 3261	3427	989	
3 3276	1070	3428	
3 3428	1070	3515	
3 3429	3367	3457	
3 1020	3344	3429	
3 3430	3368	3458	
3 1021	3310	3430	
3 3459	3431	1022	
3 1093	3375	3431	
3 3460	3432	1014	
3 3330	3377	3432	
3 3433	3461	3462	
3 1040	3461	3463	
3 3349	1007	3434	
3 3390	3434	1007	
3 3353	1008	3435	
3 3391	3435	1008	
3 3468	3372	1092	
3 1015	3440	3398	
3 877	3297	3437	
3 1052	3437	3297	
3 880	3313	3438	
3 1053	3438	3313	
3 964	3439	888	
3 3469	3587	3586	
3 3386	3436	3440	
3 3468	3436	3372	
3 3211	865	3442	
3 3441	3442	3443	
3 3307	998	3442	
3 3443	3442	998	
3 3516	3443	998	
3 3443	3517	3444	
3 3156	3403	3444	
3 3443	3444	3403	
3 3400	1016	3445	
3 3470	3445	1016	
3 3446	3539	3518	
3 3518	3447	3409	
3 974	3409	3447	
3 3518	3409	3446	
3 3401	1017	3448	
3 3471	3448	1017	
3 3449	3541	3519	
3 3519	3450	3411	
3 976	3411	3450	
3 3519	3411	3449	
3 1018	3451	3404	
3 1063	3414	3451	
3 3452	3543	3520	
3 3520	3453	3415	
3 978	3415	3453	
3 3520	3415	3452	
3 3454	918	2546	
3 3472	3420	1029	
3 3696	3455	1002	
3 1028	3424	3455	
3 1065	3456	3426	
3 3326	917	3456	
3 3367	1036	3457	
3 3585	3457	1036	
3 3368	1037	3458	
3 3458	1037	3697	
3 3459	1022	3521	
3 3459	1109	3522	
3 1014	3473	3478	
3 3460	3421	3474	
3 3462	3379	1005	
3 3461	3433	3463	
3 1005	3464	3462	
3 3462	3464	3466	
3 3433	3465	3463	
3 3467	1040	3463	
3 3534	1005	3388	
3 3466	3475	3524	
3 3433	3462	3466	
3 3467	1046	1047	
3 3464	3556	3567	
3 3466	3464	3475	
3 1046	3467	3465	
3 1045	3467	1047	
3 3468	1092	3523	
3 3440	3436	3468	
3 1012	3469	3439	
3 3401	3586	1017	
3 3470	1016	3476	
3 3446	1061	3470	
3 3471	1017	3477	
3 3449	1062	3471	
3 3416	3472	1029	
3 3312	3454	3472	
3 1014	3376	3592	
3 1102	3479	3588	
3 3252	3474	3421	
3 3330	3474	3337	
3 3475	1130	3721	
3 3524	3465	3466	
3 1016	1080	3476	
3 3831	3476	1080	
3 3587	1017	3586	
3 3832	3477	1137	
3 3479	3473	3588	
3 3479	3478	3473	
3 3481	3480	3479	
3 3478	3479	3480	
3 3479	1102	3481	
3 3252	3482	966	
3 3525	3755	3741	
3 3484	966	3483	
3 3421	3480	3482	
3 3483	3480	3481	
3 3484	3483	3481	
3 966	3482	3483	
3 3755	3481	1102	
3 3484	1070	3276	
3 870	3485	1464	
3 1025	1000	3485	
3 948	3289	3526	
3 1081	1059	3486	
3 949	3290	3527	
3 1082	1060	3487	
3 3189	3488	1045	
3 952	3188	3488	
3 3413	3489	3202	
3 1033	3489	1068	
3 3215	1069	3490	
3 3490	1069	3598	
3 3711	3491	1052	
3 967	3528	3405	
3 3716	3492	1053	
3 968	3529	3406	
3 3493	3189	1032	
3 1011	3251	3493	
3 996	3334	3589	
3 3494	1110	3590	
3 3495	3604	3562	
3 3562	3551	3526	
3 3496	3605	3563	
3 3563	3552	3527	
3 3358	3591	1019	
3 3358	3291	3497	
3 3530	3498	927	
3 3530	3553	3498	
3 3499	1067	3532	
3 3417	873	3499	
3 3535	3617	1006	
3 3376	3500	3592	
3 3533	3346	1004	
3 1005	3534	3464	
3 3658	3502	1115	
3 3712	3745	1107	
3 3661	3503	1116	
3 3717	3746	1108	
3 1011	3504	3396	
3 1080	1016	3504	
3 1096	3335	3505	
3 960	3505	3335	
3 3593	3506	1111	
3 3506	3593	3594	
3 1097	3336	3507	
3 961	3507	3336	
3 3595	3508	1112	
3 3508	3595	3596	
3 3509	3698	3535	
3 3535	1006	3407	
3 997	3581	3703	
3 1068	3413	3510	
3 3417	1027	3511	
3 3536	3511	1027	
3 3518	1054	3447	
3 3495	3512	3558	
3 3519	1055	3450	
3 3496	3513	3559	
3 3520	1056	3453	
3 3497	3514	3560	
3 3537	3515	1070	
3 3521	3546	1079	
3 3416	3516	998	
3 1069	3517	3538	
3 3443	3516	3517	
3 3538	3517	3516	
3 3446	1074	3539	
3 1054	3518	3540	
3 3449	1075	3541	
3 1055	3519	3542	
3 3452	1076	3543	
3 1056	3520	3544	
3 1038	3545	1022	
3 3515	3545	1038	
3 3547	3522	1109	
3 3589	1110	3494	
3 3638	3676	1092	
3 3561	3701	3550	
3 3721	1130	3630	
3 3758	3524	3721	
3 1079	3537	3699	
3 3545	3546	3521	
3 3562	3289	3495	
3 3289	3562	3526	
3 3563	3290	3496	
3 3290	3563	3527	
3 3491	1111	3528	
3 3506	3528	1111	
3 3492	1112	3529	
3 3508	3529	1112	
3 973	3530	927	
3 1035	3530	3399	
3 3550	3701	1035	
3 1101	3564	3554	
3 3554	3532	1067	
3 3532	3554	3564	
3 3566	3565	3533	
3 3464	3534	3556	
3 3388	3501	3534	
3 3556	3501	3533	
3 3698	3509	990	
3 3740	3535	3698	
3 3800	1027	3564	
3 1027	3800	3536	
3 3557	1070	3484	
3 3699	3537	3525	
3 3597	3538	3516	
3 3624	3598	3538	
3 1103	3558	3599	
3 1103	3495	3558	
3 3518	3539	3540	
3 3539	3599	3558	
3 3541	1075	3626	
3 1104	3496	3559	
3 3519	3541	3542	
3 3541	3602	3559	
3 1105	3560	3603	
3 3616	3560	1105	
3 3520	3543	3544	
3 3543	3603	3560	
3 3546	3515	3537	
3 1022	3545	3521	
3 3515	3546	3545	
3 3537	1079	3546	
3 1109	1079	3796	
3 3816	3547	3796	
3 1093	3522	3548	
3 3547	3548	3522	
3 3468	3549	3440	
3 3550	3549	3523	
3 3561	3550	3523	
3 1035	3398	3550	
3 1081	3551	1072	
3 3486	3526	3551	
3 1082	3552	1073	
3 3487	3527	3552	
3 3530	1035	3553	
3 1035	3531	3553	
3 1067	3531	3554	
3 3781	3531	3701	
3 3566	3555	3565	
3 3555	3569	3571	
3 3533	3565	3556	
3 3555	3567	3565	
3 3481	3557	3484	
3 3525	3537	3557	
3 3512	3540	3558	
3 3539	3558	3540	
3 3513	3542	3559	
3 3541	3559	3542	
3 3514	3544	3560	
3 3543	3560	3544	
3 3665	3676	3638	
3 3701	3531	1035	
3 3604	3495	1103	
3 1072	3551	3562	
3 3605	3496	1104	
3 1073	3552	3563	
3 3800	1101	3818	
3 3800	3773	3536	
3 3566	3533	1004	
3 3571	3572	3555	
3 3568	3566	1004	
3 3569	3566	3568	
3 3475	3567	1130	
3 3556	3565	3567	
3 3365	3568	1004	
3 3606	3568	1118	
3 1119	3570	3571	
3 3555	3566	3569	
3 3663	3675	3688	
3 3567	3572	1130	
3 1119	3571	3569	
3 3571	3570	3572	
3 3570	3688	3695	
3 3572	3570	3607	
3 3203	1033	3573	
3 3702	3573	1033	
3 3216	1034	3574	
3 3667	3574	1034	
3 3278	1009	3575	
3 1089	3575	1009	
3 3577	3576	1089	
3 1007	3349	3576	
3 3608	3577	1089	
3 3609	1115	3502	
3 3280	1010	3578	
3 1091	3578	1010	
3 3580	3579	1091	
3 1008	3353	3579	
3 3610	3580	1091	
3 3611	1116	3503	
3 3581	1028	3737	
3 3703	1068	3510	
3 852	982	3582	
3 1039	3582	982	
3 3303	1013	3583	
3 1013	3779	3704	
3 3584	3776	3637	
3 1029	3420	3614	
3 3620	3715	1036	
3 3715	3788	3585	
3 889	3586	3401	
3 3587	3469	1012	
3 3706	3587	1012	
3 3477	3587	1137	
3 3708	3473	3592	
3 3588	3785	3707	
3 3548	3589	1093	
3 996	3589	3494	
3 3638	1110	3615	
3 3372	3590	1092	
3 3616	3497	3560	
3 3591	3497	3616	
3 3500	1006	3617	
3 3617	3708	3592	
3 3618	3593	1111	
3 3593	3618	3640	
3 3619	1127	3713	
3 3594	1127	3619	
3 3621	3595	1112	
3 3595	3621	3641	
3 3622	1128	3718	
3 3596	1128	3622	
3 3416	1029	3728	
3 1029	3614	3664	
3 1069	3538	3598	
3 3538	3597	3624	
3 1074	3600	3539	
3 3599	3539	3600	
3 3476	3831	1074	
3 3600	3625	3601	
3 3786	3601	1166	
3 3709	1140	3774	
3 3626	3602	3541	
3 3602	3626	3644	
3 1076	3628	3543	
3 3603	3543	3628	
3 3709	3604	1103	
3 3604	3709	3774	
3 3710	3605	1104	
3 3605	3710	3772	
3 1118	3612	3613	
3 3606	3636	3663	
3 3630	3757	3747	
3 3572	3630	1130	
3 3631	1089	1086	
3 3632	3608	1088	
3 1007	3577	3609	
3 1115	3609	3577	
3 3633	1091	1087	
3 3634	3610	1090	
3 1008	3580	3611	
3 1116	3611	3580	
3 3612	1030	3613	
3 1118	3392	3612	
3 1030	1039	3635	
3 3663	3636	1098	
3 3584	3637	3614	
3 3614	3637	3664	
3 3700	1110	3548	
3 3523	3676	3561	
3 3655	1105	3629	
3 3591	3639	1019	
3 3775	3617	3535	
3 3708	3588	3473	
3 1111	3491	3711	
3 3680	3712	1107	
3 3619	1113	3715	
3 3620	1036	3335	
3 3594	3619	3620	
3 3620	3619	3715	
3 1112	3492	3716	
3 3684	3717	1108	
3 3720	3623	3622	
3 3623	1037	3336	
3 3596	3622	3623	
3 3720	3622	1114	
3 3624	1121	3666	
3 3598	3624	3642	
3 3914	3625	1083	
3 3601	3625	1166	
3 3645	1075	3643	
3 3644	3645	3647	
3 3647	3648	3627	
3 3710	1141	3772	
3 3651	1076	3649	
3 3649	3653	3651	
3 3653	3654	3629	
3 3629	3654	3669	
3 3607	1133	3757	
3 3475	3721	3524	
3 3656	1086	1084	
3 1088	3608	3631	
3 3677	3657	3671	
3 3502	3658	1107	
3 3659	1087	1085	
3 1090	3610	3633	
3 3681	3660	3673	
3 3503	3661	1108	
3 1043	3686	3685	
3 3674	3636	3685	
3 3606	3613	3636	
3 3635	3636	3613	
3 3776	3584	1100	
3 3664	3637	3727	
3 1110	3638	3590	
3 3615	3665	3638	
3 3616	1105	3655	
3 1126	3740	3739	
3 3722	3640	1131	
3 3713	3640	1135	
3 3723	3641	1132	
3 3718	3641	1136	
3 3666	3642	3624	
3 3642	3666	3667	
3 3832	1075	3477	
3 3811	3777	3643	
3 3645	3644	3626	
3 1104	3644	3627	
3 1075	3645	3626	
3 3777	3646	3643	
3 3646	3724	3648	
3 3644	3647	3627	
3 3645	3646	3647	
3 3648	3647	3646	
3 3724	3646	1153	
3 3724	3726	3648	
3 3783	3649	1076	
3 1138	3804	3778	
3 3651	3650	3628	
3 1105	3650	3629	
3 1076	3651	3628	
3 3778	3652	3649	
3 3652	1152	3668	
3 3650	3653	3629	
3 3651	3653	3650	
3 3654	3653	3652	
3 3668	3654	3652	
3 3731	3655	3669	
3 3655	3629	3669	
3 3639	3655	3731	
3 3670	3656	1084	
3 1088	3631	3656	
3 3657	3733	3680	
3 3671	3632	3677	
3 1115	3632	3658	
3 3671	3658	3632	
3 3672	3659	1085	
3 1090	3633	3659	
3 3660	3735	3684	
3 3673	3634	3681	
3 1116	3634	3661	
3 3673	3661	3634	
3 3686	3662	3685	
3 3662	3694	3687	
3 3663	1098	3675	
3 3606	3663	1119	
3 3727	3637	1204	
3 3516	3728	3597	
3 3615	1129	3665	
3 3665	1129	3833	
3 3666	3909	3834	
3 1121	3909	3666	
3 3779	3667	1151	
3 3574	3667	1013	
3 3729	3668	1152	
3 3729	3730	3668	
3 3730	3654	3668	
3 3730	3731	3669	
3 3802	1084	3774	
3 3678	3679	3677	
3 3677	3632	1088	
3 3671	3657	3680	
3 1085	3772	3799	
3 3682	3683	3681	
3 3681	3634	1090	
3 3673	3660	3684	
3 3685	3636	3635	
3 3687	3674	3662	
3 1098	3687	3732	
3 1133	3607	3695	
3 3561	3676	3665	
3 3523	1092	3676	
3 3670	3678	1088	
3 3677	1088	3678	
3 1157	3689	3670	
3 3678	3689	3679	
3 3678	3670	3689	
3 3690	1146	3733	
3 3657	3690	3733	
3 3680	3759	3712	
3 3672	3682	1090	
3 3681	1090	3682	
3 3691	3672	3891	
3 3682	3691	3683	
3 3682	3672	3691	
3 3692	1147	3735	
3 3660	3692	3735	
3 3684	3762	3717	
3 1043	3685	3635	
3 3662	3674	3685	
3 3693	1043	1041	
3 3694	3686	1106	
3 3662	3686	3694	
3 1098	3732	3675	
3 3695	3688	3675	
3 3570	1119	3688	
3 3939	3941	1157	
3 3689	3734	3690	
3 3657	3679	3690	
3 3689	3690	3679	
3 3691	1159	3900	
3 3691	3736	3692	
3 3660	3683	3692	
3 3691	3692	3683	
3 3780	3693	1041	
3 1106	3686	3693	
3 3849	1106	3809	
3 3694	3849	3753	
3 1133	3695	3675	
3 3607	3570	3695	
3 3705	3696	1002	
3 3696	3837	3737	
3 1037	3623	3720	
3 3738	3697	3720	
3 3739	3698	990	
3 3698	3739	3740	
3 3525	3741	3699	
3 3767	3742	3756	
3 3700	3547	3743	
3 3615	1110	3700	
3 3561	1208	3701	
3 3554	3781	1101	
3 3782	3702	1033	
3 1150	3784	3706	
3 3581	3737	3838	
3 3703	1120	3782	
3 1018	3583	3704	
3 1013	3704	3583	
3 3696	3705	1099	
3 1002	1064	3705	
3 1012	3702	3706	
3 1150	3706	3702	
3 3767	3766	1180	
3 1102	3588	3707	
3 3775	3708	3617	
3 3785	3708	1139	
3 1103	3601	3709	
3 3786	3709	3601	
3 1104	3627	3710	
3 3744	3627	3648	
3 3745	3711	1052	
3 3711	3745	3712	
3 1131	3618	3712	
3 3711	3712	3618	
3 3640	3713	1127	
3 3714	3713	1135	
3 3761	1135	3749	
3 3839	1148	3858	
3 3813	1113	3787	
3 3705	3788	1099	
3 3746	3716	1053	
3 3716	3746	3717	
3 1132	3621	3717	
3 3716	3717	3621	
3 3641	3718	1128	
3 3719	3718	1136	
3 3764	1136	3751	
3 3840	1149	3860	
3 3789	3720	1114	
3 3738	3720	1100	
3 3630	3747	3721	
3 3721	3747	3758	
3 3748	3722	1131	
3 3722	3748	3749	
3 3750	3723	1132	
3 3723	3750	3751	
3 3725	3724	1153	
3 3724	3725	3726	
3 1153	3835	3725	
3 3990	3835	1178	
3 3892	3799	3893	
3 3893	3894	3847	
3 3727	3797	3752	
3 3597	3752	1121	
3 3416	3728	3516	
3 3727	3728	3664	
3 1152	3836	3729	
3 3836	3987	3729	
3 3729	3889	3730	
3 1126	3639	3731	
3 3889	3731	3730	
3 1126	3911	3848	
3 3694	3753	3687	
3 3753	3754	3732	
3 1146	3790	3733	
3 1156	3749	3748	
3 3941	3689	1157	
3 3734	1225	3966	
3 1147	3793	3735	
3 1158	3751	3750	
3 3897	3898	3895	
3 3900	3930	3736	
3 1200	3838	3737	
3 1028	3696	3737	
3 3584	3738	1100	
3 1065	3697	3738	
3 1019	3739	990	
3 3639	1126	3739	
3 3740	3848	3803	
3 3775	1139	3708	
3 3481	3755	3525	
3 3699	3756	3742	
3 1079	3699	3742	
3 3699	3741	3756	
3 1117	3827	3816	
3 3743	3816	3827	
3 3726	3744	3648	
3 1141	3710	3744	
3 1057	3745	1052	
3 1107	3745	3502	
3 1058	3746	1053	
3 1108	3746	3503	
3 3757	3630	3607	
3 3758	3747	1134	
3 3759	3748	1131	
3 3790	3748	3733	
3 3760	3749	1156	
3 3749	3760	3761	
3 3762	3750	1132	
3 3793	3750	3735	
3 3763	3751	1158	
3 3751	3763	3764	
3 3728	3752	3597	
3 3797	3727	1204	
3 3754	1133	3675	
3 3732	3687	3753	
3 3842	3754	3910	
3 3842	3769	1133	
3 1102	3707	3755	
3 3741	3765	1167	
3 3741	1167	3756	
3 3756	1167	3767	
3 3979	3769	3994	
3 3747	3757	3768	
3 3758	1134	3798	
3 1046	3524	3758	
3 3712	3759	1131	
3 3733	3759	3680	
3 3792	3790	3791	
3 3760	3814	3869	
3 3839	3761	1163	
3 3714	1135	3761	
3 3717	3762	1132	
3 3735	3762	3684	
3 3795	3793	3794	
3 3763	3815	3875	
3 3840	3764	1165	
3 3719	1136	3764	
3 3755	3707	3765	
3 1173	3765	3707	
3 3765	1173	3766	
3 1173	3812	3841	
3 3766	3767	1167	
3 1179	3767	1180	
3 3769	3768	3757	
3 3846	3798	3863	
3 3757	1133	3769	
3 3842	1133	3754	
3 3769	3770	3768	
3 3995	3882	3979	
3 1082	1073	3771	
3 3772	3771	1073	
3 3605	3772	1073	
3 3772	1141	3799	
3 1125	1145	3801	
3 1026	3536	3773	
3 3802	3774	1140	
3 1084	1072	3774	
3 3535	3740	3775	
3 3803	3775	3740	
3 3789	3776	1100	
3 3776	1205	3903	
3 3643	3832	3811	
3 3843	3777	1171	
3 1138	3778	3649	
3 3844	3778	1170	
3 3804	3779	1151	
3 3704	3779	1138	
3 3805	3780	1041	
3 3780	1142	3807	
3 3701	1208	3781	
3 3932	1208	3908	
3 3703	3782	1033	
3 1175	3850	3845	
3 3649	3783	1138	
3 3783	1076	3452	
3 3810	3784	1150	
3 3811	1171	3777	
3 3812	3785	1139	
3 1173	3707	3785	
3 3919	1166	3917	
3 3819	3786	1222	
3 1148	1201	3787	
3 3822	1099	3788	
3 3585	3788	3705	
3 3813	3715	1113	
3 1149	1205	3789	
3 3789	1205	3776	
3 3791	3790	1146	
3 3748	3790	1156	
3 3791	1146	3734	
3 3791	3814	3792	
3 3814	3791	1162	
3 3760	1156	3792	
3 3794	3793	1147	
3 3750	3793	1158	
3 3930	1147	3736	
3 3794	3815	3795	
3 3815	3794	1164	
3 3763	1158	3795	
3 3816	3796	1117	
3 1109	3796	3547	
3 3817	3797	1204	
3 3797	3904	3909	
3 3863	1134	3770	
3 1134	3863	3798	
3 3894	1141	3744	
3 3691	3891	1159	
3 1101	3800	3564	
3 1125	3773	3800	
3 1145	1095	3801	
3 1095	3773	3801	
3 3786	3819	1140	
3 3670	1084	3802	
3 3848	3740	1126	
3 3902	1181	3812	
3 3854	1151	3834	
3 3778	3804	1170	
3 1000	3805	1041	
3 3805	1078	3806	
3 1078	3820	3806	
3 3821	3808	1142	
3 3808	3807	1142	
3 3807	3808	3809	
3 3821	1142	3806	
3 3901	3808	3821	
3 3808	1154	3809	
3 3849	1184	3753	
3 3845	3810	1150	
3 3810	3845	3850	
3 1137	3784	3811	
3 1171	3811	3784	
3 3902	3812	3803	
3 3841	3812	1181	
3 3813	3787	3822	
3 3788	3715	3813	
3 3851	3868	3871	
3 3760	3792	3814	
3 3852	3874	3877	
3 3763	3795	3815	
3 3767	3823	1117	
3 3547	3816	3743	
3 1204	3776	3903	
3 3904	3817	1207	
3 3824	3818	1101	
3 3825	3818	3824	
3 3938	3819	1222	
3 3670	3819	1157	
3 1066	3820	1078	
3 3806	3826	3821	
3 3821	3826	3828	
3 3901	3821	1172	
3 3787	1201	3822	
3 3822	1201	3855	
3 3925	3947	1179	
3 3827	3823	3829	
3 3781	3824	1101	
3 3906	3824	1219	
3 3825	1161	3907	
3 1125	3818	3825	
3 3820	1077	3826	
3 3828	3826	1077	
3 3947	3829	3823	
3 3827	3829	3830	
3 1094	3828	1077	
3 1123	1172	3828	
3 3829	4009	3853	
3 3853	3830	3829	
3 3829	3947	4009	
3 1129	3743	3830	
3 1071	3831	1080	
3 3625	3831	1083	
3 3811	3832	1137	
3 1075	3832	3643	
3 1129	3830	3853	
3 3908	1226	3932	
3 1174	3888	3881	
3 1151	3854	3804	
3 3843	1153	3777	
3 3990	3989	3835	
3 3844	1152	3778	
3 3927	1233	3889	
3 3837	1099	3822	
3 1200	3737	3837	
3 3884	3855	3866	
3 3703	3838	1120	
3 3867	3868	3870	
3 1148	3787	3858	
3 3873	3874	3876	
3 1149	3789	3860	
3 1180	3766	3841	
3 1173	3841	3766	
3 3910	3998	3842	
3 3979	3994	1209	
3 3865	1171	3850	
3 3835	1153	3843	
3 3862	3844	1170	
3 3836	1152	3844	
3 3782	1120	3845	
3 3856	1120	3838	
3 3846	1122	3864	
3 1048	3798	3846	
3 1210	3896	3726	
3 3895	1159	3891	
3 1126	3731	3911	
3 3902	3848	1176	
3 1154	3976	3809	
3 3849	3809	3976	
3 3835	3883	1178	
3 3883	3835	3865	
3 3851	3871	3872	
3 3857	3867	3870	
3 3852	3877	3878	
3 3859	3873	3876	
3 3985	1226	3908	
3 1129	3853	3833	
3 3881	3854	3834	
3 1170	3804	3854	
3 3866	3855	1201	
3 1200	3837	3855	
3 1175	3856	1203	
3 1120	3856	3845	
3 3839	3867	1148	
3 3867	3839	1163	
3 3787	3714	3858	
3 3761	3858	3714	
3 3840	3873	1149	
3 3873	3840	1165	
3 3789	3719	3860	
3 3764	3860	3719	
3 3879	3861	1181	
3 3880	3861	1183	
3 1170	3854	3881	
3 3888	3862	3881	
3 3882	3863	3770	
3 1122	3846	3863	
3 3912	3864	1122	
3 1083	1050	3864	
3 3865	3850	3883	
3 3835	3843	3865	
3 3921	3866	1201	
3 3884	1203	3856	
3 3868	3867	1163	
3 1148	3867	3857	
3 3869	3868	1163	
3 3868	3851	3870	
3 3760	3869	1163	
3 3869	3814	3871	
3 3885	3851	3872	
3 1185	3857	3870	
3 3814	1162	3871	
3 3872	3871	1162	
3 1225	3954	3965	
3 3993	3885	3872	
3 3874	3873	1165	
3 1149	3873	3859	
3 3875	3874	1165	
3 3874	3852	3876	
3 3763	3875	1165	
3 3875	3815	3877	
3 3886	3852	3878	
3 1186	3859	3876	
3 3815	1164	3877	
3 3878	3877	1164	
3 3949	3928	1164	
3 3876	3886	1186	
3 1176	3879	1181	
3 1182	1183	3879	
3 3887	3880	1183	
3 1179	1180	3880	
3 1174	3881	3834	
3 1170	3881	3862	
3 3979	3882	3770	
3 3913	1211	3912	
3 1175	3923	3850	
3 3883	3850	3923	
3 1203	3884	3866	
3 3856	1200	3884	
3 3922	3964	3993	
3 4010	3885	3993	
3 3980	3886	3878	
3 3886	3980	4017	
3 3924	3887	1183	
3 3887	1193	3925	
3 3926	3888	1174	
3 1177	3862	3888	
3 3927	3889	3729	
3 3889	1233	3911	
3 3900	1159	3898	
3 3928	3981	3982	
3 3672	3799	3891	
3 3892	3891	3799	
3 3893	3799	1141	
3 3892	3847	3895	
3 3894	3893	1141	
3 3847	3892	3893	
3 3744	3726	3894	
3 3726	3847	3894	
3 3847	3896	3895	
3 3895	3896	3897	
3 3726	3896	3847	
3 3897	3896	1210	
3 3725	3989	1210	
3 3897	3899	3898	
3 3991	3899	4023	
3 3900	3736	3691	
3 3981	3899	1221	
3 3899	3981	3983	
3 3983	3898	3899	
3 3930	3900	3890	
3 3984	3901	1172	
3 1154	3808	3901	
3 3848	3902	3803	
3 1181	3902	1176	
3 1205	3931	3903	
3 3903	3931	3951	
3 3948	3904	1207	
3 3834	3909	1174	
3 1219	3824	3905	
3 3781	3905	3824	
3 3933	3906	1219	
3 3825	3906	1161	
3 1161	3961	3907	
3 1155	1145	3907	
3 1208	3833	3908	
3 3853	3908	3833	
3 3797	3909	1121	
3 1174	3909	3904	
3 3753	1184	3910	
3 1184	3978	4040	
3 3889	3911	3731	
3 3911	1233	4060	
3 3913	1122	3882	
3 3914	3912	1211	
3 3882	1212	3913	
3 3913	1212	4012	
3 3915	3914	1211	
3 3864	3914	1083	
3 1211	3916	3917	
3 3625	3915	1166	
3 1211	3913	4012	
3 3918	1222	3919	
3 3918	3917	3916	
3 1166	3919	3786	
3 3916	1213	3918	
3 3920	3918	1213	
3 3918	3919	3917	
3 1222	3786	3919	
3 3935	3920	1213	
3 3938	3920	1223	
3 1148	3921	1201	
3 3921	1202	3943	
3 3922	3965	3962	
3 3962	3964	3922	
3 3944	3923	1175	
3 3883	3945	1178	
3 1183	1182	3924	
3 1190	3924	1182	
3 3946	3925	1193	
3 3947	3925	1199	
3 1174	3904	3948	
3 3926	1218	4013	
3 1177	3987	3836	
3 3729	3987	3927	
3 3890	3983	3981	
3 3980	1261	4017	
3 1178	4001	3990	
3 3899	3897	4023	
3 3949	3930	3890	
3 1147	3930	3794	
3 1149	3931	1205	
3 3931	1206	3951	
3 1219	3905	3932	
3 3932	3905	1208	
3 1219	3932	3952	
3 3960	3953	3933	
3 3953	1161	3906	
3 3961	3971	3934	
3 3936	3935	1213	
3 3940	1229	3954	
3 4008	3997	4005	
3 4014	4035	4027	
3 3935	3936	3937	
3 1224	3937	3936	
3 3939	3938	1223	
3 3819	3938	1157	
3 3940	3939	1223	
3 3941	3734	3689	
3 1223	3937	3940	
3 1229	3940	3937	
3 3940	3941	3939	
3 1225	3734	3941	
3 1148	3857	3942	
3 3955	3857	1185	
3 3970	3973	1202	
3 3975	3943	3973	
3 1175	1203	3944	
3 3975	1203	3943	
3 3944	3945	3923	
3 4038	4037	1216	
3 1190	3946	1193	
3 1197	1199	3946	
3 3947	1199	4009	
3 3823	1179	3947	
3 3903	3951	1207	
3 1174	3948	3926	
3 3928	3949	3890	
3 3794	3949	1164	
3 1206	3931	3950	
3 1149	3950	3931	
3 1206	4003	3951	
3 1207	3951	3957	
3 3932	1226	3952	
3 3959	1226	1230	
3 3960	3933	1232	
3 3907	3961	3934	
3 3962	3954	1229	
3 3954	3962	3965	
3 3970	1185	3967	
3 1202	3942	3955	
3 3945	3956	4001	
3 4037	3956	3945	
3 1207	3957	3948	
3 3968	3992	4003	
3 3968	3958	1186	
3 1206	3950	3958	
3 1226	3959	3952	
3 4015	3959	1230	
3 3969	3960	1232	
3 3969	3971	3960	
3 1161	3953	3961	
3 3960	3961	3953	
3 3963	1229	1224	
3 3962	3963	3964	
3 4039	3963	1224	
3 3963	1231	3964	
3 3993	1231	1249	
3 3993	3872	3922	
3 3922	1162	3965	
3 3966	1162	3791	
3 1225	3965	3966	
3 1162	3966	3965	
3 3967	1185	4010	
3 3970	3967	3972	
3 3886	4017	1186	
3 1217	3992	3968	
3 1232	4015	4029	
3 3969	3974	3971	
3 1185	3970	3955	
3 1215	3972	3967	
3 3960	3971	3961	
3 3969	4016	3974	
3 4053	1251	4038	
3 1216	3944	3975	
3 3970	3972	3973	
3 3975	3944	1203	
3 1244	1160	3974	
3 3934	3974	1160	
3 3973	3972	3975	
3 1216	3975	3972	
3 3977	3976	1154	
3 3977	3978	3976	
3 4022	1154	3984	
3 3977	1154	4022	
3 4036	4052	3977	
3 4054	3986	4040	
3 3769	3979	3770	
3 3995	3979	1209	
3 3878	3928	3980	
3 4019	3928	3982	
3 3982	3981	1221	
3 3928	3890	3981	
3 4061	1221	4024	
3 4019	3982	4020	
3 3890	3900	3983	
3 3898	3983	3900	
3 4021	1172	1189	
3 1195	4022	3984	
3 3908	3853	3985	
3 3853	1220	3985	
3 3996	1209	4004	
3 1184	3986	3998	
3 1177	3999	3987	
3 3988	1233	4000	
3 4060	4072	1182	
3 4060	3988	4072	
3 3835	3989	3725	
3 3989	3929	4023	
3 1178	3945	4001	
3 3929	3989	3990	
3 3929	3990	4045	
3 4002	4046	4045	
3 1218	3957	3992	
3 3957	3951	4003	
3 1231	3993	3964	
3 4010	3993	1249	
3 3769	3842	3994	
3 3842	3998	4006	
3 3996	3995	1209	
3 3882	3995	1212	
3 3994	4004	1209	
3 3995	3997	1212	
3 1228	4005	3996	
3 3997	3996	4005	
3 1184	3998	3910	
3 3998	3986	4004	
3 1177	3888	4013	
3 4000	4007	3988	
3 3987	3999	4000	
3 4007	4000	3999	
3 3956	4042	4002	
3 3990	4001	4045	
3 4002	1239	4024	
3 4046	3929	4045	
3 3968	4003	1206	
3 3957	4003	3992	
3 4069	3986	4054	
3 3996	4047	1228	
3 4027	4005	1228	
3 4008	3936	1213	
3 3998	4004	4006	
3 4004	3994	4006	
3 3999	1243	4007	
3 1243	4082	4025	
3 4027	4035	4005	
3 3916	4008	1213	
3 1199	1227	4009	
3 1220	4009	1227	
3 4048	1215	3967	
3 1185	3885	4010	
3 4018	4011	4017	
3 4011	4018	4031	
3 1212	4008	4012	
3 4008	3916	4012	
3 1218	4041	4026	
3 3999	1177	4013	
3 4014	4027	4034	
3 4014	4084	4039	
3 4028	4015	1230	
3 1232	4029	3969	
3 4029	4016	3969	
3 1245	1240	4016	
3 4018	4017	1261	
3 1186	4017	4011	
3 4030	4018	1261	
3 4031	4018	1248	
3 3928	4019	3980	
3 4061	3982	1221	
3 4062	4030	4020	
3 1261	4019	4020	
3 1189	1192	4021	
3 4032	4021	1192	
3 4032	4064	1195	
3 4022	4033	4036	
3 4023	3897	1210	
3 3929	3991	4023	
3 4024	4073	4061	
3 4061	1262	4020	
3 3988	4007	4025	
3 1243	4025	4007	
3 1243	4026	1256	
3 3999	4013	4026	
3 4034	4027	1228	
3 1224	4035	4014	
3 4049	4028	1230	
3 4028	4049	4050	
3 4028	4029	4015	
3 4016	4029	1245	
3 1261	4020	4030	
3 4062	4020	1262	
3 4083	4031	1248	
3 4031	1257	4055	
3 1192	1196	4032	
3 4032	4065	4064	
3 1246	4036	4051	
3 4022	4036	3977	
3 4087	1228	4047	
3 1250	4084	4085	
3 3936	4008	4035	
3 4005	4035	4008	
3 4051	4036	4033	
3 4052	4036	1246	
3 3944	4037	3945	
3 3972	4053	1216	
3 4042	4043	1239	
3 3956	4037	4038	
3 4014	4039	1224	
3 1250	4104	4086	
3 4052	4040	3978	
3 4069	4004	3986	
3 4055	4041	1217	
3 4041	1256	4026	
3 3956	4038	4042	
3 4043	4042	4038	
3 4038	1251	4043	
3 4044	1239	4056	
3 4063	1262	4077	
3 4043	4056	1239	
3 4001	4002	4045	
3 4002	4024	4046	
3 4024	3991	4046	
3 3929	4046	3991	
3 4069	4047	4004	
3 4087	4088	1280	
3 4010	1249	4048	
3 1249	4091	4059	
3 1230	1235	4049	
3 4067	1235	1236	
3 4089	4050	1237	
3 4090	4050	1259	
3 4074	4033	4066	
3 4078	4068	4074	
3 4052	1246	4070	
3 3978	3977	4052	
3 3972	1215	4053	
3 1251	4053	1215	
3 4070	4040	4052	
3 4070	4075	4079	
3 4031	4055	1217	
3 4107	1258	4100	
3 1251	4057	4056	
3 4058	4044	4056	
3 4059	1251	1215	
3 4071	4058	4057	
3 4071	4057	1252	
3 4117	4058	1253	
3 1249	4059	4048	
3 1252	4057	4059	
3 1176	4060	1182	
3 1233	3988	4060	
3 3982	4061	4020	
3 4073	4024	1239	
3 4063	4062	1262	
3 4062	4063	4092	
3 1262	4073	4077	
3 4080	4063	4077	
3 4065	4032	1196	
3 4066	1274	4074	
3 4093	4065	1196	
3 4066	4065	1274	
3 4033	4064	4066	
3 4065	4066	4064	
3 4094	4067	1236	
3 1237	4049	4067	
3 1246	4051	4068	
3 4051	4033	4074	
3 4054	1260	4069	
3 4047	4069	1260	
3 1246	4068	4075	
3 4040	4070	4054	
3 4076	4071	1252	
3 4071	4076	4178	
3 4025	1238	4072	
3 4072	1238	4111	
3 1239	4044	4073	
3 4058	4117	4044	
3 4074	1274	4078	
3 4068	4051	4074	
3 4177	4068	1284	
3 1260	4079	4081	
3 4120	1252	4091	
3 4076	4120	4116	
3 4117	4073	4044	
3 4077	4117	4080	
3 4122	4138	1274	
3 4238	1283	4158	
3 4081	4079	4075	
3 1260	4054	4079	
3 4071	4178	1253	
3 4097	4096	1267	
3 4177	4081	4075	
3 4088	4118	1280	
3 4100	4082	1243	
3 1258	4126	4101	
3 4123	1248	4092	
3 4123	4083	1248	
3 4039	4084	1250	
3 4014	4034	4084	
3 4087	4085	4034	
3 4108	4109	4110	
3 1231	4039	4086	
3 1250	4086	4039	
3 4088	4087	4047	
3 4085	4087	1280	
3 4047	1260	4088	
3 4081	4088	1260	
3 1237	4067	4105	
3 4224	1305	4213	
3 4119	4090	1259	
3 1240	1245	4090	
3 4103	4091	1249	
3 4091	4134	4120	
3 4096	4097	4063	
3 4097	4099	4092	
3 1234	4093	1196	
3 4093	1254	4122	
3 1236	4114	4115	
3 4127	4105	4094	
3 1295	4133	4106	
3 4098	4096	4080	
3 4063	4080	4096	
3 4098	4080	4095	
3 4097	1267	4099	
3 4092	4063	4097	
3 4106	4095	1295	
3 4098	4095	4106	
3 4099	1267	4139	
3 4083	4124	1257	
3 1243	1256	4100	
3 4107	1256	4055	
3 1238	4082	4101	
3 4101	4082	4100	
3 4085	1280	4102	
3 4179	4129	4102	
3 4103	1264	4134	
3 1231	4103	1249	
3 4102	4108	1250	
3 4104	1250	4108	
3 4127	4094	1272	
3 1237	4105	4144	
3 4151	1289	4235	
3 4151	4125	4139	
3 4055	1257	4107	
3 4128	4107	1257	
3 4102	4109	4108	
3 4104	4108	4110	
3 4129	4109	4102	
3 4110	4136	4135	
3 4136	4109	1277	
3 4110	4135	4134	
3 4112	4111	1238	
3 4113	4111	4112	
3 1238	4101	4112	
3 1279	4112	4101	
3 4113	1242	4114	
3 1190	4111	4113	
3 4115	4114	1242	
3 1197	4114	1236	
3 1242	4130	4147	
3 1236	4115	4094	
3 4132	4116	1307	
3 1295	4116	4133	
3 4080	4117	1253	
3 4073	4117	4077	
3 4081	1293	4118	
3 4203	4179	4118	
3 4180	4119	1259	
3 1240	4119	1273	
3 4091	4103	4134	
3 4116	4120	1307	
3 1234	1241	4121	
3 1265	4121	1241	
3 4137	4122	1254	
3 4122	4137	4138	
3 4092	4099	4123	
3 4124	4123	4099	
3 4099	4125	4140	
3 4153	4154	4237	
3 1267	4098	4139	
3 4152	4140	4125	
3 4141	4126	1258	
3 4142	4126	1292	
3 4143	4127	1272	
3 1237	4144	4089	
3 4237	1257	4124	
3 4141	4154	1292	
3 4179	4102	1280	
3 4233	4129	1314	
3 4146	4130	1279	
3 1291	4131	4147	
3 1291	4173	4172	
3 1272	4094	4131	
3 1307	4134	4135	
3 4181	4133	4132	
3 4116	4132	4133	
3 4181	4132	1334	
3 4110	4134	1264	
3 1307	4120	4134	
3 4110	4109	4136	
3 4132	1307	4135	
3 4136	1277	4148	
3 4132	4135	4136	
3 4149	1254	1265	
3 4158	4150	1269	
3 1283	4078	4138	
3 4078	1274	4138	
3 4098	4106	4139	
3 4151	4139	4106	
3 4152	4125	1348	
3 4153	4140	4152	
3 1258	4128	4141	
3 4154	4141	4128	
3 4155	4142	1292	
3 4146	4142	1298	
3 4176	1272	4172	
3 4144	4145	4089	
3 4105	4127	4144	
3 4143	4144	4127	
3 1305	4224	4143	
3 4145	4143	4224	
3 4142	4146	1279	
3 4157	4146	1298	
3 1291	4147	4130	
3 4131	4115	4147	
3 4233	4148	1277	
3 4148	4233	4234	
3 4182	1265	1270	
3 4150	4149	1269	
3 1283	4137	4150	
3 4149	4150	4137	
3 1289	4151	4106	
3 1348	4125	4151	
3 1348	4265	4210	
3 4152	4236	4153	
3 4153	1281	4154	
3 4124	4140	4153	
3 4154	4128	4237	
3 4154	1281	4159	
3 4159	4155	1292	
3 4160	1302	4161	
3 4204	4180	1259	
3 1259	4089	4156	
3 4161	4157	1298	
3 4173	1300	4169	
3 1269	4188	4241	
3 4238	1284	4078	
3 4154	4159	1292	
3 4200	4159	1281	
3 4159	4160	4155	
3 1299	1302	4160	
3 4160	4161	1298	
3 4162	4161	1302	
3 4165	1302	4163	
3 4164	4162	4165	
3 4239	4163	1302	
3 4174	1337	4175	
3 4166	4164	1297	
3 1300	4162	4164	
3 1302	4165	4162	
3 4165	4163	4167	
3 4170	1297	4168	
3 4166	1301	4169	
3 4174	4167	4163	
3 4168	4175	1303	
3 4175	1297	4167	
3 4201	4171	1303	
3 1301	4176	4172	
3 1300	4173	4157	
3 1297	4170	4166	
3 4171	4170	4168	
3 1303	4171	4168	
3 1305	4143	4176	
3 1272	4131	4172	
3 1291	4172	4131	
3 4172	4173	4169	
3 1291	4157	4173	
3 4239	4174	4163	
3 1304	4266	4282	
3 4174	4175	4167	
3 4218	4175	1337	
3 4171	4176	1301	
3 4143	1272	4176	
3 4068	4177	4075	
3 4252	1284	4238	
3 1295	4095	4178	
3 1253	4178	4095	
3 4129	4179	1314	
3 1280	4118	4179	
3 4204	1259	4156	
3 4180	1282	4205	
3 4240	4181	1334	
3 4251	4235	1289	
3 4183	4182	1270	
3 1269	4149	4182	
3 4184	4183	1270	
3 4185	4183	1290	
3 4186	1270	1266	
3 4184	1278	4187	
3 4188	4185	1290	
3 4182	4185	1269	
3 4186	1266	4189	
3 1278	4184	4186	
3 4190	4187	1278	
3 4187	4190	4191	
3 4191	1290	4187	
3 4188	1296	4241	
3 1266	14	4189	
3 4230	4217	4228	
3 4198	4192	4196	
3 4190	4198	4194	
3 4194	4199	1306	
3 4188	1290	4191	
3 4196	4192	1275	
3 4186	4192	1278	
3 4193	13	4207	
3 4193	4207	4189	
3 4197	4194	1294	
3 4194	4197	4199	
3 4253	4195	1349	
3 4188	4195	1296	
3 4196	1275	4206	
3 1294	4194	4198	
3 4264	4197	1317	
3 1294	4198	4196	
3 4190	1278	4198	
3 4197	1309	4199	
3 1349	4199	1309	
3 4210	4200	1281	
3 4200	4210	4211	
3 4212	4201	1303	
3 4213	4201	1322	
3 1293	4177	4202	
3 1284	4202	4177	
3 4202	4214	1293	
3 4214	4202	1315	
3 4220	1316	4224	
3 1282	4180	4204	
3 1282	4216	4205	
3 4216	4227	4205	
3 4207	4206	1275	
3 4207	13	4209	
3 13	4208	4209	
3 4189	4207	1275	
3 12	4243	4208	
3 4209	4206	4207	
3 4209	4208	4243	
3 4153	4236	1281	
3 1348	4210	4152	
3 4266	4211	1308	
3 4239	4211	1304	
3 4218	4212	1303	
3 4212	4218	4219	
3 4220	4213	1322	
3 4224	1316	4156	
3 4247	4225	4214	
3 4203	4214	4225	
3 4226	1324	1311	
3 1282	4204	4215	
3 1282	4215	4226	
3 4227	4216	1271	
3 4228	4217	1286	
3 4196	4217	1294	
3 4175	4218	1303	
3 4281	4218	1337	
3 1323	1342	4274	
3 4223	4215	4222	
3 4220	1322	4221	
3 1316	4220	4222	
3 1322	4219	4221	
3 4246	4221	4219	
3 4220	4221	4222	
3 4223	4222	4221	
3 4221	1324	4223	
3 1324	4215	4223	
3 4224	4213	4220	
3 4156	4145	4224	
3 4247	4214	1315	
3 1314	4250	4233	
3 1324	4226	4215	
3 4231	4229	4226	
3 4227	1271	4248	
3 4227	1247	1273	
3 4255	4243	12	
3 4230	1317	4197	
3 4231	4226	1311	
3 4232	1287	1271	
3 1317	4230	4228	
3 4197	1294	4230	
3 1311	1318	4231	
3 4232	1318	1287	
3 4229	4231	4232	
3 1318	4232	4231	
3 4250	1314	4225	
3 4233	1320	4234	
3 4262	4299	1320	
3 4259	4251	4240	
3 4251	1289	4181	
3 1308	4210	4265	
3 4152	4210	4236	
3 4210	1281	4236	
3 1257	4237	4128	
3 4124	4153	4237	
3 4158	1285	4238	
3 1285	1315	4252	
3 1302	1299	4239	
3 4211	4239	1299	
3 1334	4234	4240	
3 4288	4234	1320	
3 4241	1296	4242	
3 1269	4241	4158	
3 4253	4242	1296	
3 4242	4253	4254	
3 12	4244	4255	
3 4209	4243	1286	
3 1310	4255	4269	
3 1310	4249	4245	
3 4255	4245	4243	
3 4228	1286	4245	
3 4246	4219	1323	
3 4267	4246	4274	
3 4268	1315	4254	
3 4262	1320	4258	
3 1287	4248	1271	
3 1268	1263	4248	
3 4256	4249	1310	
3 1317	4228	4249	
3 4257	4225	4247	
3 4233	4250	4258	
3 4181	4240	4251	
3 4259	4240	1340	
3 1285	4252	4238	
3 1315	4202	4252	
3 4195	4253	1296	
3 4289	4253	1349	
3 4254	4290	4268	
3 1315	1285	4254	
3 4255	4244	4269	
3 4260	4256	1310	
3 4256	1343	4261	
3 4276	4257	4247	
3 4233	4258	1320	
3 4250	4257	4258	
3 4262	4258	4257	
3 4265	4279	1308	
3 4235	4251	4259	
3 4269	4260	1310	
3 1335	1345	4271	
3 4263	1343	1341	
3 1317	4261	4264	
3 4276	4247	4268	
3 4262	4312	4299	
3 4272	4263	1341	
3 4264	1309	4197	
3 4261	4263	4264	
3 4278	4263	4272	
3 4259	4273	4235	
3 1348	4273	4265	
3 4279	4266	1308	
3 4282	4266	1352	
3 4267	1327	4275	
3 1324	4246	4267	
3 4290	4254	1321	
3 4276	1369	4262	
3 11	4270	4277	
3 4244	11	4269	
3 4284	4270	10	
3 4277	4260	4269	
3 1345	1343	4271	
3 4256	4271	1343	
3 1359	4272	1341	
3 4280	4278	4272	
3 4259	1340	4273	
3 1340	4327	4279	
3 1323	4274	4246	
3 4274	1342	4283	
3 1330	4275	1327	
3 1326	1311	4275	
3 1369	4276	4268	
3 4262	4257	4276	
3 4277	4270	4284	
3 4263	4278	4264	
3 4272	1350	4280	
3 1340	4279	4273	
3 4266	4279	1352	
3 4289	1321	4253	
3 1309	4280	1349	
3 4293	4281	1337	
3 4281	4293	4294	
3 4323	4282	1352	
3 1337	4174	4282	
3 4287	4283	1342	
3 1339	1327	4283	
3 10	4285	4295	
3 4295	4284	10	
3 4296	1346	4295	
3 4295	1346	4286	
3 4284	4295	4286	
3 4286	1346	4316	
3 1342	4294	4301	
3 4287	4305	4298	
3 4288	1383	4327	
3 4240	4234	4288	
3 4280	1350	4289	
3 1374	4289	1350	
3 1321	4289	4291	
3 4268	4290	4292	
3 4300	4291	1374	
3 4268	4292	1369	
3 4290	4291	4292	
3 4300	4292	4291	
3 4324	1337	4282	
3 4320	4293	1370	
3 1342	4301	4287	
3 1342	1323	4294	
3 4295	4285	4296	
3 4285	9	4296	
3 4297	4296	9	
3 4303	4297	1358	
3 1346	4296	4297	
3 4304	4298	1344	
3 1333	1339	4298	
3 4312	4262	1369	
3 4288	4299	4319	
3 4300	4333	4318	
3 1369	4318	4312	
3 4294	1353	4301	
3 4305	1344	4298	
3 4302	8	1358	
3 4297	4302	1358	
3 4306	1358	1365	
3 4303	1364	4307	
3 4304	1344	4311	
3 1332	4304	1357	
3 1353	4308	4301	
3 4305	4301	4308	
3 4306	4332	4314	
3 4313	4307	1364	
3 4316	1347	1345	
3 4308	4317	4310	
3 1388	4311	4310	
3 4308	1353	4317	
3 4311	4309	4310	
3 1388	4310	1377	
3 4309	4308	4310	
3 4311	1388	1357	
3 1344	4309	4311	
3 1369	4300	4318	
3 4299	4312	4319	
3 4314	4313	1364	
3 4313	4314	4315	
3 4306	4314	1364	
3 4314	4332	4340	
3 4314	1360	4315	
3 1359	4315	1360	
3 1346	4307	4316	
3 4316	4307	4313	
3 1353	4320	4317	
3 1377	4321	1386	
3 4333	4300	1374	
3 4322	4319	4318	
3 4312	4318	4319	
3 4322	4318	1387	
3 4293	4320	1353	
3 4320	4325	4321	
3 4317	4320	4321	
3 4320	1370	4325	
3 4338	4322	1387	
3 4330	4322	1376	
3 4326	4323	1352	
3 4324	1370	4293	
3 4282	4323	4324	
3 1370	4324	4323	
3 1370	4323	4328	
3 1386	4321	4325	
3 4279	4327	1352	
3 4326	1382	4328	
3 4288	4327	1340	
3 4327	4330	4329	
3 4328	1382	4334	
3 4325	1370	4328	
3 4330	4327	1383	
3 4329	4330	4331	
3 4322	4330	1383	
3 4331	4330	1376	
3 4335	4331	1376	
3 4336	4334	1382	
3 1365	1372	4332	
3 1391	4332	1372	
3 4339	1374	1361	
3 1381	1387	4333	
3 4336	1382	4331	
3 4334	4336	4337	
3 1376	4322	4338	
3 4349	4335	4338	
3 4331	4335	4336	
3 4337	4335	1385	
3 1392	4341	4344	
3 4337	4344	4341	
3 4342	4338	1387	
3 4338	4342	4349	
3 4343	4339	1361	
3 1381	4333	4339	
3 4350	1380	1400	
3 4343	4352	1375	
3 4346	4341	1392	
3 1377	1386	4341	
3 1387	1381	4342	
3 4343	4354	1381	
3 4352	1361	1360	
3 4343	1375	4354	
3 4337	1385	4344	
3 4360	4349	4357	
3 1411	4345	1407	
3 1392	4344	4345	
3 4347	4346	1392	
3 1377	4348	1388	
3 4345	4347	1392	
3 4355	4347	1411	
3 4346	1397	4348	
3 4356	4348	1397	
3 1394	4357	4349	
3 1385	4335	4349	
3 4364	4358	4350	
3 4340	4353	4352	
3 1394	4342	4351	
3 1381	4351	4342	
3 1360	4340	4352	
3 4353	4340	4350	
3 4358	4353	4350	
3 1375	4352	4353	
3 4354	1375	4359	
3 4351	1381	4354	
3 4362	4355	1411	
3 1397	4363	4356	
3 4363	1397	4355	
3 4356	4363	4367	
3 4361	4357	1394	
3 1413	1407	4357	
3 4364	4350	1400	
3 4365	4359	1412	
3 1375	4358	4359	
3 1412	4359	4358	
3 1407	4360	4357	
3 4344	4360	4345	
3 1406	4365	4370	
3 4361	1413	4357	
3 1411	4379	4362	
3 4380	1440	4381	
3 4366	4355	4362	
3 4375	4367	4374	
3 4368	4364	1400	
3 4364	4368	4373	
3 4369	4365	1412	
3 4370	1413	4361	
3 4362	1417	4366	
3 4371	4366	1417	
3 4371	4363	4366	
3 1368	4372	1402	
3 1400	1403	4368	
3 4387	4368	1403	
3 1412	4364	4373	
3 4386	4377	4383	
3 4365	1418	4370	
3 4378	4370	1418	
3 4371	1417	4374	
3 4367	4363	4371	
3 1395	4367	4372	
3 4374	4367	4371	
3 4368	1421	4373	
3 4369	4383	4377	
3 1417	4380	4381	
3 4375	4374	4376	
3 4367	4375	4372	
3 4374	4381	4376	
3 4376	1433	4382	
3 1402	4375	4376	
3 1418	4369	4377	
3 4369	4373	4383	
3 4388	1418	4377	
3 1416	4389	1425	
3 1407	4379	1411	
3 4362	4384	4380	
3 4384	4362	4379	
3 4384	4391	4380	
3 1417	4381	4374	
3 4385	1439	4392	
3 1433	4390	4382	
3 4382	4390	4397	
3 4373	1421	4383	
3 4386	4383	1421	
3 4379	1416	4384	
3 4384	1416	4391	
3 4381	1440	4385	
3 4385	1440	4399	
3 4400	4386	1421	
3 4406	4386	1438	
3 1410	4387	1403	
3 4400	4387	1426	
3 1443	4388	4377	
3 4388	4401	4389	
3 1420	4378	4389	
3 4388	4389	4378	
3 4392	4390	1433	
3 4390	1422	4397	
3 1416	1425	4391	
3 4407	4391	1425	
3 4385	4392	1433	
3 4393	4392	1439	
3 4393	1439	4394	
3 4390	4393	1422	
3 1439	1434	4394	
3 1408	4394	1434	
3 4394	1430	4395	
3 4396	1430	1428	
3 1414	4396	1428	
3 1422	4395	4396	
3 1422	4396	4398	
3 1409	1399	4397	
3 4396	1414	4398	
3 1409	4398	1414	
3 4410	1440	4405	
3 4399	4410	4408	
3 4402	1426	1432	
3 4400	1438	4386	
3 1443	4417	4401	
3 4403	1449	1448	
3 4404	4402	1432	
3 1438	4400	4402	
3 1425	4401	4403	
3 1443	4411	4417	
3 1432	1415	4404	
3 1437	4404	1415	
3 4409	4405	1444	
3 4410	4399	1440	
3 1438	1437	4406	
3 4411	4406	1437	
3 1425	4403	4407	
3 4403	1448	4412	
3 4413	4408	1447	
3 1434	4418	4414	
3 4412	4409	1444	
3 4409	4412	4415	
3 4405	4409	4410	
3 1447	4410	4409	
3 4416	4411	1437	
3 4417	1449	4403	
3 4403	4412	4407	
3 4422	4412	1448	
3 4420	1447	4415	
3 4431	1454	4430	
3 4419	4415	1450	
3 4418	1434	4408	
3 4420	4413	1447	
3 4432	4416	1437	
3 1449	4433	1451	
3 1449	4417	4411	
3 4403	4401	4417	
3 4413	4418	4408	
3 1398	4414	4418	
3 4412	4422	1450	
3 4419	1450	4421	
3 4415	4419	4420	
3 1454	4420	4419	
3 1452	4423	4421	
3 4419	4424	1454	
3 4425	4422	1448	
3 1452	4421	4422	
3 4426	4423	1452	
3 4424	1446	1457	
3 1446	4424	4423	
3 4427	4424	1457	
3 1448	1451	4425	
3 4428	1451	1445	
3 1452	4425	4428	
3 1446	4426	314	
3 1457	1453	4427	
3 4430	1453	4429	
3 1451	4428	4425	
3 314	4428	1445	
3 1453	4430	4427	
3 4427	4430	1454	
3 4431	4430	4429	
3 1398	4431	4429	
3 4420	4431	4413	
3 4416	1401	4433	
3 1437	1415	4432	
3 4434	1401	1455	
3 4434	1455	4435	
3 1451	4433	4434	
3 312	4435	1455	
3 1435	1445	4435	
CELL_TYPES 8455
5
5
5
5
5
5
5
5
5
5
5
5
5
5
5
5
5
5
5
5
5
5
5
5
5
5
5
5
5
5
5
5
5
5
5
5
5
5
5
5
5
5
5
5
5
5
5
5
5
5
5
5
5
5
5
5
5
5
5
5
5
5
5
5
5
5
5
5
5
5
5
5
5
5
5
5
5
5
5
5
5
5
5
5
5
5
5
5
5
5
5
5
5
5
5
5
5
5
5
5
5
5
5
5
5
5
5
5
5
5
5
5
5
5
5
5
5
5
5
5
5
5
5
5
5
5
5
5
5
5
5
5
5
5
5
5
5
5
5
5
5
5
5
5
5
5
5
5
5
5
5
5
5
5
5
5
5
5
5
5
5
5
5
5
5
5
5
5
5
5
5
5
5
5
5
5
5
5
5
5
5
5
5
5
5
5
5
5
5
5
5
5
5
5
5
5
5
5
5
5
5
5
5
5
5
5
5
5
5
5
5
5
5
5
5
5
5
5
5
5
5
5
5
5
5
5
5
5
5
5
5
5
5
5
5
5
5
5
5
5
5
5
5
5
5
5
5
5
5
5
5
5
5
5
5
5
5
5
5
5
5
5
5
5
5
5
5
5
5
5
5
5
5
5
5
5
5
5
5
5
5
5
5
5
5
5
5
5
5
5
5
5
5
5
5
5
5
5
5
5
5
5
5
5
5
5
5
5
5
5
5
5
5
5
5
5
5
5
5
5
5
5
5
5
5
5
5
5
5
5
5
5
5
5
5
5
5
5
5
5
5
5
5
5
5
5
5
5
5
5
5
5
5
5
5
5
5
5
5
5
5
5
5
5
5
5
5
5
5
5
5
5
5
5
5
5
5
5
5
5
5
5
5
5
5
5
5
5
5
5
5
5
5
5
5
5
5
5
5
5
5
5
5
5
5
5
5
5
5
5
5
5
5
5
5
5
5
5
5
5
5
5
5
5
5
5
5
5
5
5
5
5
5
5
5
5
5
5
5
5
5
5
5
5
5
5
5
5
5
5
5
5
5
5
5
5
5
5
5
5
5
5
5
5
5
5
5
5
5
5
5
5
5
5
5
5
5
5
5
5
5
5
5
5
5
5
5
5
5
5
5
5
5
5
5
5
5
5
5
5
5
5
5
5
5
5
5
5
5
5
5
5
5
5
5
5
5
5
5
5
5
5
5
5
5
5
5
5
5
5
5
5
5
5
5
5
5
5
5
5
5
5
5
5
5
5
5
5
5
5
5
5
5
5
5
5
5
5
5
5
5
5
5
5
5
5
5
5
5
5
5
5
5
5
5
5
5
5
5
5
5
5
5
5
5
5
5
5
5
5
5
5
5
5
5
5
5
5
5
5
5
5
5
5
5
5
5
5
5
5
5
5
5
5
5
5
5
5
5
5
5
5
5
5
5
5
5
5
5
5
5
5
5
5
5
5
5
5
5
5
5
5
5
5
5
5
5
5
5
5
5
5
5
5
5
5
5
5
5
5
5
5
5
5
5
5
5
5
5
5
5
5
5
5
5
5
5
5
5
5
5
5
5
5
5
5
5
5
5
5
5
5
5
5
5
5
5
5
5
5
5
5
5
5
5
5
5
5
5
5
5
5
5
5
5
5
5
5
5
5
5
5
5
5
5
5
5
5
5
5
5
5
5
5
5
5
5
5
5
5
5
5
5
5
5
5
5
5
5
5
5
5
5
5
5
5
5
5
5
5
5
5
5
5
5
5
5
5
5
5
5
5
5
5
5
5
5
5
5
5
5
5
5
5
5
5
5
5
5
5
5
5
5
5
5
5
5
5
5
5
5
5
5
5
5
5
5
5
5
5
5
5
5
5
5
5
5
5
5
5
5
5
5
5
5
5
5
5
5
5
5
5
5
5
5
5
5
5
5
5
5
5
5
5
5
5
5
5
5
5
5
5
5
5
5
5
5
5
5
5
5
5
5
5
5
5
5
5
5
5
5
5
5
5
5
5
5
5
5
5
5
5
5
5
5
5
5
5
5
5
5
5
5
5
5
5
5
5
5
5
5
5
5
5
5
5
5
5
5
5
5
5
5
5
5
5
5
5
5
5
5
5
5
5
5
5
5
5
5
5
5
5
5
5
5
5
5
5
5
5
5
5
5
5
5
5
5
5
5
5
5
5
5
5
5
5
5
5
5
5
5
5
5
5
5
5
5
5
5
5
5
5
5
5
5
5
5
5
5
5
5
5
5
5
5
5
5
5
5
5
5
5
5
5
5
5
5
5
5
5
5
5
5
5
5
5
5
5
5
5
5
5
5
5
5
5
5
5
5
5
5
5
5
5
5
5
5
5
5
5
5
5
5
5
5
5
5
5
5
5
5
5
5
5
5
5
5
5
5
5
5
5
5
5
5
5
5
5
5
5
5
5
5
5
5
5
5
5
5
5
5
5
5
5
5
5
5
5
5
5
5
5
5
5
5
5
5
5
5
5
5
5
5
5
5
5
5
5
5
5
5
5
5
5
5
5
5
5
5
5
5
5
5
5
5
5
5
5
5
5
5
5
5
5
5
5
5
5
5
5
5
5
5
5
5
5
5
5
5
5
5
5
5
5
5
5
5
5
5
5
5
5
5
5
5
5
5
5
5
5
5
5
5
5
5
5
5
5
5
5
5
5
5
5
5
5
5
5
5
5
5
5
5
5
5
5
5
5
5
5
5
5
5
5
5
5
5
5
5
5
5
5
5
5
5
5
5
5
5
5
5
5
5
5
5
5
5
5
5
5
5
5
5
5
5
5
5
5
5
5
5
5
5
5
5
5
5
5
5
5
5
5
5
5
5
5
5
5
5
5
5
5
5
5
5
5
5
5
5
5
5
5
5
5
5
5
5
5
5
5
5
5
5
5
5
5
5
5
5
5
5
5
5
5
5
5
5
5
5
5
5
5
5
5
5
5
5
5
5
5
5
5
5
5
5
5
5
5
5
5
5
5
5
5
5
5
5
5
5
5
5
5
5
5
5
5
5
5
5
5
5
5
5
5
5
5
5
5
5
5
5
5
5
5
5
5
5
5
5
5
5
5
5
5
5
5
5
5
5
5
5
5
5
5
5
5
5
5
5
5
5
5
5
5
5
5
5
5
5
5
5
5
5
5
5
5
5
5
5
5
5
5
5
5
5
5
5
5
5
5
5
5
5
5
5
5
5
5
5
5
5
5
5
5
5
5
5
5
5
5
5
5
5
5
5
5
5
5
5
5
5
5
5
5
5
5
5
5
5
5
5
5
5
5
5
5
5
5
5
5
5
5
5
5
5
5
5
5
5
5
5
5
5
5
5
5
5
5
5
5
5
5
5
5
5
5
5
5
5
5
5
5
5
5
5
5
5
5
5
5
5
5
5
5
5
5
5
5
5
5
5
5
5
5
5
5
5
5
5
5
5
5
5
5
5
5
5
5
5
5
5
5
5
5
5
5
5
5
5
5
5
5
5
5
5
5
5
5
5
5
5
5
5
5
5
5
5
5
5
5
5
5
5
5
5
5
5
5
5
5
5
5
5
5
5
5
5
5
5
5
5
5
5
5
5
5
5
5
5
5
5
5
5
5
5
5
5
5
5
5
5
5
5
5
5
5
5
5
5
5
5
5
5
5
5
5
5
5
5
5
5
5
5
5
5
5
5
5
5
5
5
5
5
5
5
5
5
5
5
5
5
5
5
5
5
5
5
5
5
5
5
5
5
5
5
5
5
5
5
5
5
5
5
5
5
5
5
5
5
5
5
5
5
5
5
5
5
5
5
5
5
5
5
5
5
5
5
5
5
5
5
5
5
5
5
5
5
5
5
5
5
5
5
5
5
5
5
5
5
5
5
5
5
5
5
5
5
5
5
5
5
5
5
5
5
5
5
5
5
5
5
5
5
5
5
5
5
5
5
5
5
5
5
5
5
5
5
5
5
5
5
5
5
5
5
5
5
5
5
5
5
5
5
5
5
5
5
5
5
5
5
5
5
5
5
5
5
5
5
5
5
5
5
5
5
5
5
5
5
5
5
5
5
5
5
5
5
5
5
5
5
5
5
5
5
5
5
5
5
5
5
5
5
5
5
5
5
5
5
5
5
5
5
5
5
5
5
5
5
5
5
5
5
5
5
5
5
5
5
5
5
5
5
5
5
5
5
5
5
5
5
5
5
5
5
5
5
5
5
5
5
5
5
5
5
5
5
5
5
5
5
5
5
5
5
5
5
5
5
5
5
5
5
5
5
5
5
5
5
5
5
5
5
5
5
5
5
5
5
5
5
5
5
5
5
5
5
5
5
5
5
5
5
5
5
5
5
5
5
5
5
5
5
5
5
5
5
5
5
5
5
5
5
5
5
5
5
5
5
5
5
5
5
5
5
5
5
5
5
5
5
5
5
5
5
5
5
5
5
5
5
5
5
5
5
5
5
5
5
5
5
5
5
5
5
5
5
5
5
5
5
5
5
5
5
5
5
5
5
5
5
5
5
5
5
5
5
5
5
5
5
5
5
5
5
5
5
5
5
5
5
5
5
5
5
5
5
5
5
5
5
5
5
5
5
5
5
5
5
5
5
5
5
5
5
5
5
5
5
5
5
5
5
5
5
5
5
5
5
5
5
5
5
5
5
5
5
5
5
5
5
5
5
5
5
5
5
5
5
5
5
5
5
5
5
5
5
5
5
5
5
5
5
5
5
5
5
5
5
5
5
5
5
5
5
5
5
5
5
5
5
5
5
5
5
5
5
5
5
5
5
5
5
5
5
5
5
5
5
5
5
5
5
5
5
5
5
5
5
5
5
5
5
5
5
5
5
5
5
5
5
5
5
5
5
5
5
5
5
5
5
5
5
5
5
5
5
5
5
5
5
5
5
5
5
5
5
5
5
5
5
5
5
5
5
5
5
5
5
5
5
5
5
5
5
5
5
5
5
5
5
5
5
5
5
5
5
5
5
5
5
5
5
5
5
5
5
5
5
5
5
5
5
5
5
5
5
5
5
5
5
5
5
5
5
5
5
5
5
5
5
5
5
5
5
5
5
5
5
5
5
5
5
5
5
5
5
5
5
5
5
5
5
5
5
5
5
5
5
5
5
5
5
5
5
5
5
5
5
5
5
5
5
5
5
5
5
5
5
5
5
5
5
5
5
5
5
5
5
5
5
5
5
5
5
5
5
5
5
5
5
5
5
5
5
5
5
5
5
5
5
5
5
5
5
5
5
5
5
5
5
5
5
5
5
5
5
5
5
5
5
5
5
5
5
5
5
5
5
5
5
5
5
5
5
5
5
5
5
5
5
5
5
5
5
5
5
5
5
5
5
5
5
5
5
5
5
5
5
5
5
5
5
5
5
5
5
5
5
5
5
5
5
5
5
5
5
5
5
5
5
5
5
5
5
5
5
5
5
5
5
5
5
5
5
5
5
5
5
5
5
5
5
5
5
5
5
5
5
5
5
5
5
5
5
5
5
5
5
5
5
5
5
5
5
5
5
5
5
5
5
5
5
5
5
5
5
5
5
5
5
5
5
5
5
5
5
5
5
5
5
5
5
5
5
5
5
5
5
5
5
5
5
5
5
5
5
5
5
5
5
5
5
5
5
5
5
5
5
5
5
5
5
5
5
5
5
5
5
5
5
5
5
5
5
5
5
5
5
5
5
5
5
5
5
5
5
5
5
5
5
5
5
5
5
5
5
5
5
5
5
5
5
5
5
5
5
5
5
5
5
5
5
5
5
5
5
5
5
5
5
5
5
5
5
5
5
5
5
5
5
5
5
5
5
5
5
5
5
5
5
5
5
5
5
5
5
5
5
5
5
5
5
5
5
5
5
5
5
5
5
5
5
5
5
5
5
5
5
5
5
5
5
5
5
5
5
5
5
5
5
5
5
5
5
5
5
5
5
5
5
5
5
5
5
5
5
5
5
5
5
5
5
5
5
5
5
5
5
5
5
5
5
5
5
5
5
5
5
5
5
5
5
5
5
5
5
5
5
5
5
5
5
5
5
5
5
5
5
5
5
5
5
5
5
5
5
5
5
5
5
5
5
5
5
5
5
5
5
5
5
5
5
5
5
5
5
5
5
5
5
5
5
5
5
5
5
5
5
5
5
5
5
5
5
5
5
5
5
5
5
5
5
5
5
5
5
5
5
5
5
5
5
5
5
5
5
5
5
5
5
5
5
5
5
5
5
5
5
5
5
5
5
5
5
5
5
5
5
5
5
5
5
5
5
5
5
5
5
5
5
5
5
5
5
5
5
5
5
5
5
5
5
5
5
5
5
5
5
5
5
5
5
5
5
5
5
5
5
5
5
5
5
5
5
5
5
5
5
5
5
5
5
5
5
5
5
5
5
5
5
5
5
5
5
5
5
5
5
5
5
5
5
5
5
5
5
5
5
5
5
5
5
5
5
5
5
5
5
5
5
5
5
5
5
5
5
5
5
5
5
5
5
5
5
5
5
5
5
5
5
5
5
5
5
5
5
5
5
5
5
5
5
5
5
5
5
5
5
5
5
5
5
5
5
5
5
5
5
5
5
5
5
5
5
5
5
5
5
5
5
5
5
5
5
5
5
5
5
5
5
5
5
5
5
5
5
5
5
5
5
5
5
5
5
5
5
5
5
5
5
5
5
5
5
5
5
5
5
5
5
5
5
5
5
5
5
5
5
5
5
5
5
5
5
5
5
5
5
5
5
5
5
5
5
5
5
5
5
5
5
5
5
5
5
5
5
5
5
5
5
5
5
5
5
5
5
5
5
5
5
5
5
5
5
5
5
5
5
5
5
5
5
5
5
5
5
5
5
5
5
5
5
5
5
5
5
5
5
5
5
5
5
5
5
5
5
5
5
5
5
5
5
5
5
5
5
5
5
5
5
5
5
5
5
5
5
5
5
5
5
5
5
5
5
5
5
5
5
5
5
5
5
5
5
5
5
5
5
5
5
5
5
5
5
5
5
5
5
5
5
5
5
5
5
5
5
5
5
5
5
5
5
5
5
5
5
5
5
5
5
5
5
5
5
5
5
5
5
5
5
5
5
5
5
5
5
5
5
5
5
5
5
5
5
5
5
5
5
5
5
5
5
5
5
5
5
5
5
5
5
5
5
5
5
5
5
5
5
5
5
5
5
5
5
5
5
5
5
5
5
5
5
5
5
5
5
5
5
5
5
5
5
5
5
5
5
5
5
5
5
5
5
5
5
5
5
5
5
5
5
5
5
5
5
5
5
5
5
5
5
5
5
5
5
5
5
5
5
5
5
5
5
5
5
5
5
5
5
5
5
5
5
5
5
5
5
5
5
5
5
5
5
5
5
5
5
5
5
5
5
5
5
5
5
5
5
5
5
5
5
5
5
5
5
5
5
5
5
5
5
5
5
5
5
5
5
5
5
5
5
5
5
5
5
5
5
5
5
5
5
5
5
5
5
5
5
5
5
5
5
5
5
5
5
5
5
5
5
5
5
5
5
5
5
5
5
5
5
5
5
5
5
5
5
5
5
5
5
5
5
5
5
5
5
5
5
5
5
5
5
5
5
5
5
5
5
5
5
5
5
5
5
5
5
5
5
5
5
5
5
5
5
5
5
5
5
5
5
5
5
5
5
5
5
5
5
5
5
5
5
5
5
5
5
5
5
5
5
5
5
5
5
5
5
5
5
5
5
5
5
5
5
5
5
5
5
5
5
5
5
5
5
5
5
5
5
5
5
5
5
5
5
5
5
5
5
5
5
5
5
5
5
5
5
5
5
5
5
5
5
5
5
5
5
5
5
5
5
5
5
5
5
5
5
5
5
5
5
5
5
5
5
5
5
5
5
5
5
5
5
5
5
5
5
5
5
5
5
5
5
5
5
5
5
5
5
5
5
5
5
5
5
5
5
5
5
5
5
5
5
5
5
5
5
5
5
5
5
5
5
5
5
5
5
5
5
5
5
5
5
5
5
5
5
5
5
5
5
5
5
5
5
5
5
5
5
5
5
5
5
5
5
5
5
5
5
5
5
5
5
5
5
5
5
5
5
5
5
5
5
5
5
5
5
5
5
5
5
5
5
5
5
5
5
5
5
5
5
5
5
5
5
5
5
5
5
5
5
5
5
5
5
5
5
5
5
5
5
5
5
5
5
5
5
5
5
5
5
5
5
5
5
5
5
5
5
5
5
5
5
5
5
5
5
5
5
5
5
5
5
5
5
5
5
5
5
5
5
5
5
5
5
5
5
5
5
5
5
5
5
5
5
5
5
5
5
5
5
5
5
5
5
5
5
5
5
5
5
5
5
5
5
5
5
5
5
5
5
5
5
5
5
5
5
5
5
5
5
5
5
5
5
5
5
5
5
5
5
5
5
5
5
5
5
5
5
5
5
5
5
5
5
5
5
5
5
5
5
5
5
5
5
5
5
5
5
5
5
5
5
5
5
5
5
5
5
5
5
5
5
5
5
5
5
5
5
5
5
5
5
5
5
5
5
5
5
5
5
5
5
5
5
5
5
5
5
5
5
5
5
5
5
5
5
5
5
5
5
5
5
5
5
5
5
5
5
5
5
5
5
5
5
5
5
5
5
5
5
5
5
5
5
5
5
5
5
5
5
5
5
5
5
5
5
5
5
5
5
5
5
5
5
5
5
5
5
5
5
5
5
5
5
5
5
5
5
5
5
5
5
5
5
5
5
5
5
5
5
5
5
5
5
5
5
5
5
5
5
5
5
5
5
5
5
5
5
5
5
5
5
5
5
5
5
5
5
5
5
5
5
5
5
5
5
5
5
5
5
5
5
5
5
5
5
5
5
5
5
5
5
5
5
5
5
5
5
5
5
5
5
5
5
5
5
5
5
5
5
5
5
5
5
5
5
5
5
5
5
5
5
5
5
5
5
5
5
5
5
5
5
5
5
5
5
5
5
5
5
5
5
5
5
5
5
5
5
5
5
5
5
5
5
5
5
5
5
5
5
5
5
5
5
5
5
5
5
5
5
5
5
5
5
5
5
5
5
5
5
5
5
5
5
5
5
5
5
5
5
5
5
5
5
5
5
5
5
5
5
5
5
5
5
5
5
5
5
5
5
5
5
5
5
5
5
5
5
5
5
5
5
5
5
5
5
5
5
5
5
5
5
5
5
5
5
5
5
5
5
5
5
5
5
5
5
5
5
5
5
5
5
5
5
5
5
5
5
5
5
5
5
5
5
5
5
5
5
5
5
5
5
5
5
5
5
5
5
5
5
5
5
5
5
5
5
5
5
5
5
5
5
5
5
5
5
5
5
5
5
5
5
5
5
5
5
5
5
5
5
5
5
5
5
5
5
5
5
5
5
5
5
5
5
5
5
5
5
5
5
5
5
5
5
5
5
5
5
5
5
5
5
5
5
5
5
5
5
5
5
5
5
5
5
5
5
5
5
5
5
5
5
5
5
5
5
5
5
5
5
5
5
5
5
5
5
5
5
5
5
5
5
5
5
5
5
5
5
5
5
5
5
5
5
5
5
5
5
5
5
5
5
5
5
5
5
5
5
5
5
5
5
5
5
5
5
5
5
5
5
5
5
5
5
5
5
5
5
5
5
5
5
5
5
5
5
5
5
5
5
5
5
5
5
5
5
5
5
5
5
5
5
5
5
5
5
5
5
5
5
5
5
5
5
5
5
5
5
5
5
5
5
5
5
5
5
5
5
5
5
5
5
5
5
5
5
5
5
5
5
5
5
5
5
5
5
5
5
5
5
5
5
5
5
5
5
5
5
5
5
5
5
5
5
5
5
5
5
5
5
5
5
5
5
5
5
5
5
5
5
5
5
5
5
5
5
5
5
5
5
5
5
5
5
5
5
5
5
5
5
5
5
5
5
5
5
5
5
5
5
5
5
5
5
5
5
5
5
5
5
5
5
5
5
5
5
5
5
5
5
5
5
5
5
5
5
5
5
5
5
5
5
5
5
5
5
5
5
5
5
5
5
5
5
5
5
5
5
5
5
5
5
5
5
5
5
5
5
5
5
5
5
5
5
5
5
5
5
5
5
5
5
5
5
5
5
5
5
5
5
5
5
5
5
5
5
5
5
5
5
5
5
5
5
5
5
5
5
5
5
5
5
5
5
5
5
5
5
5
5
5
5
5
5
5
5
5
5
5
5
5
5
5
5
5
5
5
5
5
5
5
5
5
5
5
5
5
5
5
5
5
5
5
5
5
5
5
5
5
5
5
5
5
5
5
5
5
5
5
5
5
5
5
5
5
5
5
5
5
5
5
5
5
5
5
5
5
5
5
5
5
5
5
5
5
5
5
5
5
5
5
5
5
5
5
5
5
5
5
5
5
5
5
5
5
5
5
5
5
5
5
5
5
5
5
5
5
5
5
5
5
5
5
5
5
5
5
5
5
5
5
5
5
5
5
5
5
5
5
5
5
5
5
5
5
5
5
5
5
5
5
5
5
5
5
5
5
5
5
5
5
5
5
5
5
5
5
5
5
5
5
5
5
5
5
5
5
5
5
5
5
5
5
5
5
5
5
5
5
5
5
5
5
5
5
5
5
5
5
5
5
5
5
5
5
5
5
5
5
5
5
5
5
5
5
5
5
5
5
5
5
5
5
5
5
5
5
5
5
5
5
5
5
5
5
5
5
5
5
5
5
5
5
5
5
5
5
5
5
5
5
5
5
5
5
5
5
5
5
5
5
5
5
5
5
5
5
5
5
5
5
5
5
5
5
5
5
5
5
5
5
5
5
5
5
5
5
5
5
5
5
5
5
5
5
5
5
5
5
5
5
5
5
5
5
5
5
5
5
5
5
5
5
5
5
5
5
5
5
5
5
5
5
5
5
5
5
5
5
5
5
5
5
5
5
5
5
5
5
5
5
5
5
5
5
5
5
5
5
5
5
5
5
5
5
5
5
5
5
5
5
5
5
5
5
5
5
5
5
5
5
5
5
5
5
5
5
5
5
5
5
5
5
5
5
5
5
5
5
5
5
5
5
5
5
5
5
5
5
5
5
5
5
5
5
5
5
5
5
5
5
5
5
5
5
5
5
5
5
5
5
5
5
5
5
5
5
5
5
5
5
5
5
5
5
5
5
5
5
5
5
5
5
5
5
5
5
5
5
5
5
5
5
5
5
5
5
5
5
5
5
5
5
5
5
5
5
5
5
5
5
5
5
5
5
5
5
5
5
5
5
5
5
5
5
5
5
5
5
5
5
5
5
5
5
5
5
5
5
5
5
5
5
5
5
5
5
5
5
5
5
5
5
5
5
5
5
5
5
5
5
5
5
5
5
5
5
5
5
5
5
5
5
5
5
5
5
5
5
5
5
5
5
5
5
5
5
5
5
5
5
5
5
5
5
5
5
5
5
5
5
5
5
5
5
5
5
5
5
5
5
5
5
5
5
5
5
5
5
5
5
5
5
5
5
5
5
5
5
5
5
5
5
5
5
5
5
5
5
5
5
5
5
5
5
5
5
5
5
5
5
5
5
5
5
5
5
5
5
5
5
5
5
5
5
5
5
5
5
5
5
5
5
5
5
5
5
5
5
5
5
5
5
5
5
5
5
5
5
5
5
5
5
5
5
5
5
5
5
5
5
5
5
5
5
5
5
5
5
5
5
5
5
5
5
5
5
5
5
5
5
5
5
5
5
5
5
5
5
5
5
5
5
5
5
5
5
5
5
5
5
5
5
5
5
5
5
5
5
5
5
5
5
5
5
5
5
5
5
5
5
5
5
5
5
5
5
5
5
5
5
5
5
5
5
5
5
5
5
5
5
5
5
5
5
5
5
5
5
5
5
5
5
5
5
5
5
5
5
5
5
5
5
5
5
5
5
5
5
5
5
5
5
5
5
5
5
5
5
5
5
5
5
5
5
5
5
5
5
5
5
5
5
5
5
5
5
5
5
5
5
5
5
5
5
5
5
5
5
5
5
5
5
5
5
5
5
5
5
5
5
5
5
5
5
5
5
5
5
5
5
5
5
5
5
5
5
5
5
5
5
5
5
5
5
5
5
5
5
5
5
5
5
5
5
5
5
5
5
5
5
5
5
5
5
5
5
5
5
5
5
5
5
5
5
5
5
5
5
5
5
5
5
5
5
5
5
5
5
5
5
5
5
5
5
5
5
5
5
5
5
5
5
5
5
5
5
5
5
5
5
5
5
5
5
5
5
5
5
5
5
5
5
5
5
5
5
5
5
5
5
5
5
5
5
5
5
5
5
5
5
5
5
5
5
5
5
5
5
5
5
5
5
5
5
5
5
5
5
5
5
5
5
5
5
5
5
5
5
5
5
5
5
5
5
5
5
5
5
5
5
5
5
5
5
5
5
5
5
5
5
5
5
5
5
5
5
5
5
5
5
5
5
5
5
5
5
5
5
5
5
5
5
5
5
5
5
5
5
5
5
5
5
5
5
5
5
5
5
5
5
5
5
5
5
5
5
5
5
5
5
5
5
5
5
5
5
5
5
5
5
5
5
5
5
5
5
5
5
5
5
5
5
5
5
5
5
5
5
5
5
5
5
5
5
5
5
5
5
5
5
5
5
5
5
5
5
5
5
5
5
5
5
5
5
5
5
5
5
5
5
5
5
5
5
5
5
5
5
5
5
5
5
5
5
5
5
5
5
5
5
5
5
5
5
5
5
5
5
5
5
5
5
5
5
5
5
5
5
5
5
5
5
5
5
5
5
5
5
5
5
5
5
5
5
5
5
5
5
5
5
5
5
5
5
5
5
5
5
5
5
5
5
5
5
5
5
5
5
5
5
5
5
5
5
5
5
5
5
5
5
5
5
5
5
5
5
5
5
5
5
5
5
5
5
5
5
5
5
5
5
5
5
5
5
5
5
5
5
5
5
5
5
5
5
5
5
5
5
5
5
5
5
5
5
5
5
5
5
5
5
5
5
5
5
5
5
5
5
5
5
5
5
5
5
5
5
5
5
5
5
5
5
5
5
5
5
5
5
5
5
5
5
5
5
5
5
5
5
5
5
5
5
5
5
5
5
5
5
5
5
5
5
5
5
5
5
5
5
5
5
5
5
5
5
5
5
5
5
5
5
5
5
5
5
5
5
5
5
5
5
5
5
5
5
5
5
5
5
5
5
5
5
5
5
5
5
5
5
5
5
5
5
5
5
5
5
5
5
5
5
5
5
5
5
5
5
5
5
5
5
5
5
5
5
5
5
5
5
5
5
5
5
5
5
5
5
5
5
5
5
5
5
5
5
5
5
5
5
5
5
5
5
5
5
5
5
5
5
5
5
5
5
5
5
5
5
5
5
5
5
5
5
5
5
5
5
5
5
5
5
5
5
5
5
5
5
5
5
5
5
5
5
5
5
5
5
5
5
5
5
5
5
5
5
5
5
5
5
5
5
5
5
5
5
5
5
5
5
5
5
5
5
5
5
5
5
5
5
5
5
5
5
5
5
5
5
5
5
5
5
5
5
5
5
5
5
5
5
5
5
5
5
5
5
5
5
5
5
5
5
5
5
5
5
5
5
5
5
5
5
5
5
5
5
5
5
5
5
5
5
5
5
5
5
5
5
5
5
5
5
5
5
5
5
5
5
5
5
5
5
5
5
5
5
5
5
5
5
5
5
5
5
5
5
5
5
5
5
5
5
5
5
5
5
5
5
5
5
5
5
5
5
5
5
5
5
5
5
5
5
5
5
5
5
5
5
5
5
5
5
5
5
5
5
5
5
5
5
5
5
5
5
5
5
5
5
5
5
5
5
5
5
5
5
5
5
5
5
5
5
5
5
5
5
5
5
5
5
5
5
5
5
5
5
5
5
5
5
5
5
5
5
5
5
5
5
5
5
5
5
5
5
5
5
5
5
5
5
5
5
5
5
5
5
5
5
5
5
5
5
5
5
5
5
5
5
5
5
5
5
5
5
5
5
5
5
5
5
5
5
5
5
5
5
5
5
5
5
5
5
5
5
5
5
5
5
5
5
5
5
5
5
5
5
5
5
5
5
5
5
5
5
5
5
5
5
5
5
5
5
5
5
5
5
5
5
5
5
5
5
5
5
5
5
5
5
5
5
5
5
5
5
5
5
5
5
5
5
5
5
5
5
5
5
5
5
5
5
5
5
5
5
5
5
5
5
5
5
5
5
5
5
5
5
5
5
5
5
5
5
5
5
5
5
5
5
5
5
5
5
5
5
5
5
5
5
5
5
5
5
5
5
5
5
5
5
5
5
5
5
5
5
5
5
5
5
5
5
5
5
5
5
5
5
5
5
5
5
5
5
5
5
5
5
5
5
5
5
5
5
5
5
5
5
5
5
5
5
5
5
5
5
5
5
5
5
5
5
5
5
5
5
5
5
5
5
5
5
5
5
5
5
5
5
5
5
5
5
5
5
5
5
5
5
5
5
5
5
5
5
5
5
5
5
5
5
5
5
5
5
5
5
5
5
5
5
5
5
5
5
5
5
5
5
5
5
5
5
5
5
5
5
5
5
5
5
5
5
5
5
5
5
5
5
5
5
5
5
5
5
5
5
5
5
5
5
5
5
5
5
5
5
5
5
5
5
5
5
5
5
5
5
5
5
5
5
5
5
5
5
5
5
5
5
5
5
5
5
5
5
5
5
5
5
5
5
5
5
5
5
5
5
5
5
5
5
5
5
5
5
5
5
5
5
5
5
5
5
5
5
5
5
5
5
5
5
5
5
5
5
5
5
5
5
5
5
5
5
5
5
5
5
5
5
5
5
5
5
5
5
5
5
5
5
5
5
5
5
5
5
5
5
5
5
5
5
5
5
5
5
5
5
5
5
5
5
5
5
5
5
5
5
5
5
5
5
5
5
5
5
5
5
5
5
5
5
5
5
5
5
5
5
5
5
5
5
5
5
5
5
5
5
5
5
5
5
5
5
5
5
5
5
5
5
5
5
5
5
5
5
5
5
5
5
5
5
5
5
5
5
5
5
5
5
5
5
5
5
5
5
5
5
5
5
5
5
5
5
5
5
5
5
5
5
5
5
5
5
5
5
5
5
5
5
5
5
5
5
5
5
5
5
5
5
5
5
5
5
5
5
5
5
5
5
5
5
5
5
5
5
5
5
5
5
5
5
5
5
5
5
5
5
5
5
5
5
5
5
5
5
5
5
5
5
5
5
5
5
5
5
5
5
5
5
5
5
5
5
5
5
5
5
5
5
5
5
5
5
5
5
5
5
5
5
5
5
5
5
5
5
5
5
5
5
5
5
5
5
5
5
5
5
5
5
5
5
5
5
5
5
5
5
5
5
5
5
5
5
5
5
5
5
5
5
5
5
5
5
5
5
5
5
5
5
5
5
5
5
5
5
5
5
5
5
5
5
5
5
5
5
5
5
5
5
5
5
5
5
5
5
5
5
5
5
5
5
5
5
5
5
5
5
5
5
5
5
5
5
5
5
5
5
5
5
5
5
5
5
5
5
5
5
5
5
5
5
5
5
5
5
5
5
5
5
5
5
5
5
5
5
5
5
5
5
5
5
5
5
5
5
5
5
5
5
5
5
5
5
5
5
5
5
5
5
5
5
5
5
5
5
5
5
5
5
5
5
5
5
5
5
5
5
5
5
5
5
5
5
5
5
5
5
5
5
5
5
5
5
5
5
5
5
5
5
5
5
5
5
5
5
5
5
5
5
5
5
5
5
5
5
5
5
5
5
5
5
5
5
5
5
5
5
5
5
5
5
5
5
5
5
5
5
5
5
5
5
5
5
5
5
5
5
5
5
5
5
5
5
5
5
5
5
5
5
5
5
5
5
5
5
5
5
5
5
5
5
5
5
5
5
5
5
5
5
5
5
5
5
5
5
5
5
5
5
5
5
5
5
5
5
5
5
5
5
5
5
5
5
5
5
5
5
5
5
5
5
5
5
5
5
5
5
5
5
5
5
5
5
5
5
5
5
5
5
5
5
5
5
5
5
5
5
5
5
5
5
5
5
5
5
5
5
5
5
5
5
5
5
5
5
5
5
5
5
5
5
5
5
5
5
5
5
5
5
5
5
5
5
5
5
5
5
5
5
5
5
5
5
5
5
5
5
5
5
5
5
5
5
5
5
5
5
5
5
5
5
5
5
5
5
5
5
5
5
5
5
5
5
5
5
5
5
5
5
5
5
5
5
5
5
5
5
5
5
5
5
5
5
5
5
5
5
5
5
5
5
5
5
5
5
5
5
5
5
5
5
5
5
5
5
5
5
5
5
5
5
5
5
5
5
5
5
5
5
5
5
5
5
5
5
5
5
5
5
5
5
5
5
5
5
5
5
5
5
5
5
5
5
5
5
5
5
5
5
5
5
5
5
5
5
5
5
5
5
5
5
5
5
5
5
5
5
5
5
5
5
5
5
5
5
5
5
5
5
5
5
5
5
5
5
5
5
5
5
5
5
5
5
5
5
5
5
5
5
5
5
5
5
5
5
5
5
5
5
5
5
5
5
5
5
5
5
5
5
5
5
5
5
5
5
5
5
5
5
5
5
5
5
5
5
5
5
5
5
5
5
5
5
5
5
5
5
5
5
5
5
5
5
5
5
5
5
5
5
5
5
5
5
5
5
5
5
5
5
5
5
5
5
5
5
5
5
5
5
5
5
5
5
5
5
5
5
5
5
5
5
5
5
5
5
5
5
5
5
5
5
5
5
5
5
5
5
5
5
5
5
5
5
5
5
5
5
5
5
5
5
5
5
5
5
5
5
5
5
5
5
5
5
5
5
5
5
5
5
5
5
5
5
5
5
5
5
5
5
5
5
5
5
5
5
5
5
5
5
5
5
5
5
5
5
5
5
5
5
5
5
5
5
5
5
5
5
5
5
5
5
5
5
5
5
5
5
5
5
5
5
5
5
5
5
5
5
5
5
5
5
5
5
5
5
5
5
5
5
5
5
5
5
5
5
5
5
5
5
5
5
5
5
5
5
5
5
5
5
5
5
5
5
5
5
5
5
5
5
5
5
5
5
5
5
5
5
5
5
5
5
5
5
5
5
5
5
5
5
5
5
5
5
5
5
5
5
5
5
5
5
5
5
5
5
5
5
5
5
5
5
5
5
5
5
5
5
5
5
5
5
5
5
5
5
5
5
5
5
5
5
5
5
5
5
5
5
5
5
5
5
5
5
5
5
5
5
5
5
5
5
5
5
5
5
5
5
5
5
5
5
5
5
5
5
5
5
5
5
5
5
5
5
5
5
5
5
5
5
5
5
5
5
5
5
5
5
5
5
5
5
5
5
5
5
5
5
5
5
5
5
5
5
5
5
5
5
5
5
5
5
5
5
5
5
5
5
5
5
5
5
5
5
5
5
5
5
5
5
5
5
5
5
5
5
5
5
5
5
5
5
5
5
5
5
5
5
5
5
5
5
5
5
5
5
5
5
5
5
5
5
5
5
5
5
5
5
5
5
5
5
5
5
5
5
5
5
5
5
5
5
5
5
5
5
5
5
5
5
5
5
5
5
5
5
5
5
5
5
5
5
5
5
5
5
5
5
5
5
5
5
5
5
5
5
5
5
5
5
5
5
5
5
5
5
5
5
5
5
5
5
5
5
5
5
5
5
5
5
5
5
5
5
5
5
5
5
5
5
5
5
5
5
5
5
5
5
5
5
5
5
5
5
5
5
5
5
5
5
5
5
5
5
5
5
5
5
5
5
5
5
5
5
5
5
5
5
5
5
5
5
5
5
5
5
5
5
5
5
5
5
5
5
5
5
5
5
5
5
5
5
5
5
5
5
5
5
5
5
5
5
5
5
5
5
5
5
5
5
5
5
5
5
5
5
5
5
5
5
5
5
5
5
5
5
5
5
5
5
5
5
5
5
5
5
5
5
5
5
5
5
5
5
5
5
5
5
5
5
5
5
5
5
5
5
5
5
5
5
5
5
5
5
5
5
5
5
5
5
5
5
5
5
5
5
5
5
5
5
5
5
5
5
5
5
5
5
5
5
5
5
5
5
5
5
5
5
5
5
5
5
5
5
5
5
5
5
5
5
5
5
5
5
5
5
5
5
5
5
5
5
5
5
5
5
5
5
5
5
5
5
5
5
5
5
5
5
5
5
5
5
5
5
5
5
5
5
5
5
5
5
5
5
5
5
5
5
5
5
5
5
5
5
5
5
5
5
5
5
5
5
5
5
5
5
5
5
5
5
5
5
5
5
5
5
5
5
5
5
5
5
5
5
5
5
5
5
5
5
5
5
5
5
5
5
5
5
5
5
5
5
5
5
5
5
5
5
5
5
5
5
5
5
5
5
5
5
5
5
5
5
5
5
5
5
5
5
5
5
5
5
5
5
5
5
5
5
5
5
5
5
5
5
5
5
5
5
5
5
5
5
5
5
5
5
5
5
5
5
5
5
5
5
5
5
5
5
5
5
5
5
5
5
5
5
5
5
5
5
5
5
5
5
5
5
5
5
5
5
5
5
5
5
5
5
5
5
5
5
5
5
5
5
5
5
5
5
5
5
5
5
5
5
5
5
5
5
5
5
5
5
5
5
5
5
5
5
5
5
5
5
5
5
5
5
5
5
5
5
5
5
5
5
5
5
5
5
5
5
5
5
5
5
5
5
5
5
5
5
5
5
5
5
5
5
5
5
5
5
5
5
5
5
5
5
5
5
5
5
5
5
5
5
5
5
5
5
5
5
5
5
5
5
5
5
5
5
5
5
5
5
5
5
5
5
5
5
5
5
5
5
5
5
5
5
5
5
5
5
5
5
5
5
5
5
5
5
5
5
5
5
5
5
5
5
5
5
5
5
5
5
5
5
5
5
5
5
5
5
5
5
5
5
5
5
5
5
5
5
5
5
5
5
5
5
5
5
5
5
5
5
5
5
5
5
5
5
5
5
5
5
5
5
5
5
5
5
5
5
5
5
5
5
5
5
5
5
5
5
5
5
5
5
5
5
5
5
5
5
5
5
5
5
5
5
5
5
5
5
5
5
5
5
5
5
5
5
5
5
5
5
5
5
5
5
5
5
5
5
5
5
5
5
5
5
5
5
5
5
5
5
5
5
5
5
5
5
5
5
5
5
5
5
5
5
5
5
5
5
5
5
5
5
5
5
5
5
5
5
5
5
5
5
5
5
5
5
5
5
5
5
5
5
5
5
5
5
5
5
5
CELL_DATA 8455
SCALARS sample_scalars double 2
LOOKUP_TABLE default
903.145	0	
903.145	0	
830.497	0	
903.145	0	
903.145	0	
937.566	0	
954.765	0	
903.145	0	
1051.38	0	
903.145	0	
1208.66	0	
1034.83	0	
903.145	0	
1047.69	0	
1236.57	0	
975.675	0	
1029.56	0	
935.35	0	
1075.27	0	
963.712	0	
950.627	0	
1019.12	0	
954.873	0	
979.31	0	
1110.88	0	
997.425	0	
1095.93	0	
1074.25	0	
1072.65	0	
1040.96	0	
1023.48	0	
994.292	0	
1010.26	0	
1032.45	0	
941.062	0	
1059.19	0	
1073.18	0	
989.524	0	
1002.5	0	
991.432	0	
959.469	0	
1084.18	0	
1062.98	0	
1049.41	0	
1012.57	0	
876.15	0	
964.438	0	
803.344	0	
844.296	0	
988.248	0	
990.664	0	
990.392	0	
921.858	0	
989.192	0	
951.168	0	
969.32	0	
950.777	0	
986.948	0	
998.162	0	
954.111	0	
993.741	0	
956.809	0	
965.58	0	
1065.04	0	
972.452	0	
1039.38	0	
1071	0	
1011.29	0	
1047.86	0	
993.765	0	
1004	0	
1004.79	0	
692.523	0	
967.258	0	
1087.26	0	
1024.48	0	
1017	0	
1095.88	0	
1039.51	0	
1117.51	0	
1102.82	0	
1056.58	0	
1042.55	0	
1115.93	0	
1066	0	
1117.23	0	
1123.02	0	
1073.38	0	
1116.15	0	
1043.74	0	
1127.3	0	
1070.4	0	
1128.87	0	
1124.87	0	
1207.58	0	
1115.4	0	
1107.81	0	
1069.42	0	
1114.04	0	
1065.04	0	
1032.7	0	
1098.45	0	
1032.46	0	
1046.69	0	
1106.69	0	
1048.58	0	
1093.39	0	
1088.29	0	
1091.59	0	
1128.26	0	
1127.3	0	
1097.14	0	
1046.22	0	
1021.23	0	
1046.8	0	
1033.35	0	
1071.83	0	
1001.94	0	
1059.36	0	
1035.78	0	
1016.59	0	
1044.57	0	
1076.36	0	
1024.52	0	
1027.02	0	
1080.38	0	
1034.06	0	
1038.51	0	
1043.3	0	
1012.63	0	
961.911	0	
1026.5	0	
1023.89	0	
1001.16	0	
994.276	0	
1020.64	0	
1005.52	0	
1012.81	0	
1021.99	0	
1013.67	0	
1110.36	0	
984.341	0	
987.474	0	
1122.22	0	
1009.92	0	
1023.57	0	
1018.68	0	
1031.58	0	
1008.47	0	
998.67	0	
1093.3	0	
1031.15	0	
999.056	0	
970.382	0	
1085.68	0	
991.717	0	
1127.83	0	
949.751	0	
987.506	0	
988.555	0	
1108.74	0	
982.875	0	
1080.74	0	
962.39	0	
976.384	0	
1066.54	0	
981.458	0	
1075.74	0	
970.195	0	
1089.41	0	
1074.87	0	
961.441	0	
1083.33	0	
958.507	0	
956.153	0	
1118.88	0	
973.901	0	
1104.4	0	
1014.97	0	
942.299	0	
1063.19	0	
922.49	0	
952.752	0	
1046.83	0	
935.921	0	
1035.14	0	
958.401	0	
1004.62	0	
959.75	0	
1126.29	0	
967.579	0	
973.194	0	
1097.02	0	
969.685	0	
954.806	0	
1099.98	0	
955.466	0	
962.776	0	
1076.6	0	
950.217	0	
1140.04	0	
967.743	0	
1054.47	0	
1103.47	0	
953.978	0	
1084.48	0	
959.704	0	
1022.89	0	
1090.18	0	
961.129	0	
1095.21	0	
966.986	0	
978.452	0	
1111.6	0	
973.039	0	
1114.76	0	
1002.18	0	
948.469	0	
1057.44	0	
983.079	0	
983.453	0	
1021.36	0	
970.827	0	
1011.97	0	
943.474	0	
1018.91	0	
961.721	0	
1138.9	0	
940.734	0	
1057.56	0	
1029.2	0	
998.239	0	
982.844	0	
1011.18	0	
986.67	0	
986.626	0	
986.241	0	
1029.52	0	
1004.15	0	
1030.28	0	
987.067	0	
1024.8	0	
1023.18	0	
988.026	0	
1010.62	0	
991.111	0	
989.891	0	
995.209	0	
944.748	0	
1035.93	0	
984.429	0	
1063.9	0	
1055.99	0	
980.29	0	
1034.72	0	
983.899	0	
965.426	0	
1088.12	0	
981.238	0	
1081.83	0	
1088.2	0	
941.54	0	
1066.92	0	
938.596	0	
1070.03	0	
984.758	0	
1040.84	0	
968.1	0	
970.334	0	
1090.41	0	
988.556	0	
1101.01	0	
1102.21	0	
979.29	0	
1101.8	0	
975.436	0	
943.957	0	
1093.67	0	
965.666	0	
1101.21	0	
1117.02	0	
1002.95	0	
1092.95	0	
981.649	0	
1095.04	0	
955.691	0	
1001.61	0	
1112.19	0	
1005.94	0	
1119.63	0	
1112.21	0	
999.267	0	
1120.67	0	
961.45	0	
976.572	0	
1121.6	0	
972.829	0	
1138.16	0	
1132.38	0	
1001.81	0	
1137.48	0	
981.597	0	
1116.78	0	
997.293	0	
1103.9	0	
1002.04	0	
1094.1	0	
942.086	0	
1012.69	0	
1041.41	0	
903.145	0	
1085.42	0	
1135.05	0	
1132.67	0	
975.999	0	
1135.94	0	
1136.84	0	
994.85	0	
986.032	0	
1139.2	0	
977.582	0	
1132.94	0	
1130.19	0	
982.69	0	
1078.51	0	
995.629	0	
1126.35	0	
995.212	0	
1005.41	0	
1137.11	0	
1008.94	0	
1123.81	0	
1126.75	0	
992.454	0	
1096.9	0	
985.538	0	
994.979	0	
1099.56	0	
1011.04	0	
1080.79	0	
1100.27	0	
1025.02	0	
1097.9	0	
1003.85	0	
1101.09	0	
1003.26	0	
1068.76	0	
989.874	0	
1024.93	0	
1080.94	0	
1042.76	0	
1083.93	0	
1060.25	0	
1034.19	0	
1074.82	0	
1020.72	0	
1056.97	0	
1071.34	0	
1067.71	0	
1038.8	0	
1020.03	0	
1052.77	0	
1070.8	0	
1072.2	0	
1073.74	0	
1068	0	
1079.11	0	
1031.47	0	
1130.66	0	
1003.01	0	
1030.51	0	
1099.59	0	
1024.27	0	
1102.3	0	
1064.57	0	
1000.06	0	
1084.53	0	
993.976	0	
993.134	0	
1079.19	0	
996.297	0	
1079.2	0	
1022.75	0	
1006.25	0	
1036.6	0	
1056.49	0	
1003.94	0	
995.134	0	
1083.64	0	
991.327	0	
1096.08	0	
987.845	0	
989.423	0	
1086.02	0	
991.023	0	
1105.41	0	
1098.77	0	
981.586	0	
1086.26	0	
995.405	0	
995.574	0	
1067.92	0	
986.004	0	
1060.6	0	
989.927	0	
1059.56	0	
1034.71	0	
988.256	0	
976.994	0	
988.229	0	
977.755	0	
1019.1	0	
991.006	0	
1031.56	0	
1013.78	0	
988.101	0	
1012.53	0	
987.933	0	
991.033	0	
1010.61	0	
983.936	0	
1038.01	0	
976.213	0	
1035.57	0	
992.362	0	
1059.14	0	
1010.42	0	
984.285	0	
1022.64	0	
993.055	0	
981.528	0	
1042.51	0	
981.096	0	
1027.67	0	
1023.64	0	
979.291	0	
1055.36	0	
1027.28	0	
990.601	0	
1058.39	0	
988.748	0	
1025.89	0	
979.444	0	
1015.18	0	
973.062	0	
978.004	0	
967.106	0	
990.716	0	
985.618	0	
984.177	0	
992.25	0	
1000.31	0	
995.018	0	
992.669	0	
1005.4	0	
985.115	0	
991.714	0	
990.111	0	
1003.67	0	
995.64	0	
977.113	0	
958.447	0	
985.75	0	
979.104	0	
903.145	0	
1010.99	0	
903.145	0	
1102.21	0	
997.387	0	
1003.62	0	
1004.19	0	
994.027	0	
1001.84	0	
994.796	0	
1006.25	0	
1011.33	0	
1018.52	0	
1014.93	0	
1003.35	0	
1011.61	0	
1005.05	0	
1014.24	0	
1009.2	0	
1009.39	0	
1116.82	0	
1005.19	0	
1086.35	0	
1003.61	0	
1006.14	0	
1050.43	0	
1012.49	0	
1105.75	0	
1072.5	0	
1007.23	0	
1091.02	0	
1011.46	0	
1002.19	0	
1097.76	0	
1010.63	0	
1097.37	0	
997.133	0	
1062.12	0	
995.459	0	
1014.55	0	
1075.19	0	
1017.1	0	
1104.59	0	
1024.01	0	
1049.28	0	
1121.86	0	
1036.38	0	
1069.44	0	
1085.81	0	
1049.02	0	
1087.64	0	
1052.13	0	
1071.78	0	
1090.2	0	
1044.33	0	
1101.75	0	
1027.6	0	
1114.58	0	
1075.39	0	
1071.3	0	
1094.61	0	
1064.29	0	
1073.46	0	
1089.31	0	
1086.83	0	
1085.04	0	
1125.39	0	
1092.63	0	
1135.09	0	
1112.22	0	
974.461	0	
1129.46	0	
1096.28	0	
1128.23	0	
1078.92	0	
1136.92	0	
1071.42	0	
1098.08	0	
1022.6	0	
1107.52	0	
1130.46	0	
1098.16	0	
1089.92	0	
1058.62	0	
1101.59	0	
1138.06	0	
1102.87	0	
1132.45	0	
1126.28	0	
1069.86	0	
1117.1	0	
1056	0	
949.811	0	
1079.77	0	
1018.61	0	
1118.18	0	
1083.33	0	
1129.49	0	
1106.99	0	
955.141	0	
1104.5	0	
871.578	0	
812.638	0	
1112.4	0	
896.901	0	
1116.59	0	
1011.51	0	
894.941	0	
1098.79	0	
827.417	0	
920.102	0	
1060.17	0	
1000.7	0	
1041.17	0	
824.908	0	
984.228	0	
977.287	0	
1120.2	0	
1041.52	0	
1113.96	0	
1032.97	0	
1141.74	0	
967.407	0	
1015.69	0	
949.688	0	
1046.54	0	
988.47	0	
993.656	0	
1019.56	0	
882.587	0	
1199.71	0	
991.901	0	
1276.58	0	
990.91	0	
1161.54	0	
976.006	0	
1026.84	0	
903.145	0	
954.454	0	
903.145	0	
903.145	0	
969.476	0	
903.145	0	
988.259	0	
1043.35	0	
903.145	0	
969.126	0	
903.145	0	
903.145	0	
989.159	0	
903.145	0	
918.764	0	
903.145	0	
989.038	0	
1227.65	0	
993.093	0	
930.629	0	
1084.53	0	
1092.66	0	
1128.17	0	
951.333	0	
999.626	0	
976.263	0	
982.549	0	
965.137	0	
949.537	0	
925.649	0	
1007.11	0	
1007.58	0	
1001.22	0	
1000.28	0	
1008.24	0	
1004.59	0	
999.997	0	
997.063	0	
1001.93	0	
989.133	0	
995.381	0	
985.859	0	
984.33	0	
993.589	0	
995.353	0	
984.664	0	
997.509	0	
985.943	0	
988.478	0	
989.06	0	
971.71	0	
989.01	0	
988.725	0	
978.814	0	
995.687	0	
972.009	0	
974.363	0	
986.831	0	
994.579	0	
974.674	0	
991.784	0	
959.054	0	
976.256	0	
983.698	0	
997.043	0	
985.06	0	
974.161	0	
994.594	0	
1000.04	0	
984.446	0	
997.418	0	
994.317	0	
994.355	0	
996.401	0	
1020.39	0	
1008.54	0	
1069.48	0	
1061.19	0	
1053.7	0	
1025.92	0	
1074.88	0	
1074.83	0	
1076.93	0	
1082.75	0	
1081.08	0	
1085.91	0	
1104.04	0	
1122.98	0	
1031.39	0	
999.522	0	
1075.96	0	
1003.94	0	
1051.54	0	
1047.95	0	
1085.65	0	
1075.25	0	
1074.77	0	
1088.66	0	
1094.57	0	
1109.56	0	
1093.85	0	
1083.43	0	
1072.35	0	
1082.98	0	
1055.56	0	
1055.51	0	
1035.59	0	
1029.5	0	
1005.73	0	
947.383	0	
1016.12	0	
1013.3	0	
1006.2	0	
1010.76	0	
1007.86	0	
1009.4	0	
1014.48	0	
1007.87	0	
1031.92	0	
1022.17	0	
1113.26	0	
987.423	0	
1050.74	0	
1046.91	0	
968.559	0	
935.357	0	
978.206	0	
970.543	0	
956.822	0	
967.519	0	
982.765	0	
990.02	0	
987.605	0	
976.482	0	
1000.79	0	
986.837	0	
1002.66	0	
1005.54	0	
976.118	0	
1000.52	0	
1123.61	0	
1098.86	0	
1039.45	0	
1038.33	0	
1067.6	0	
1081.14	0	
1104.02	0	
1071.46	0	
1030.55	0	
1052.47	0	
1269.97	0	
1021.78	0	
1098.41	0	
1090.06	0	
1057.63	0	
1110.94	0	
1085.78	0	
1078.45	0	
1123.18	0	
1100.1	0	
1107.57	0	
1122.4	0	
1124.38	0	
1123.34	0	
1133.71	0	
1136.09	0	
1136.65	0	
1132.24	0	
1132.81	0	
1132	0	
1117.51	0	
1109.96	0	
1061.33	0	
1128.79	0	
1008.87	0	
1013.63	0	
1002.78	0	
1054.75	0	
1072.76	0	
1090.18	0	
1061.83	0	
1044.73	0	
1088.14	0	
1065	0	
984.7	0	
998.568	0	
971.773	0	
983.663	0	
946.377	0	
984.393	0	
970.7	0	
1002.34	0	
954.596	0	
965.007	0	
1007.26	0	
1005.98	0	
1010.28	0	
1011.14	0	
1009.15	0	
1007.86	0	
1001.43	0	
1003.49	0	
1006.55	0	
995.295	0	
997.145	0	
994.77	0	
983.338	0	
996.608	0	
989.831	0	
1004.11	0	
980.581	0	
987.565	0	
999.276	0	
1020.59	0	
982.727	0	
989.687	0	
980.695	0	
959.421	0	
984.127	0	
995.37	0	
990.184	0	
995.736	0	
976.61	0	
989.61	0	
1008.02	0	
995.4	0	
1018.22	0	
1003.4	0	
1058.68	0	
1048.95	0	
1081.17	0	
1064.89	0	
1099.83	0	
1082.7	0	
1105.79	0	
1100.51	0	
1015.58	0	
984.132	0	
1055.25	0	
1035.22	0	
1087.65	0	
1078.22	0	
1092.09	0	
1053.09	0	
1093.83	0	
1083.97	0	
1026.61	0	
1048.95	0	
1059.36	0	
1036.93	0	
1040.81	0	
1019.76	0	
1026.55	0	
1025.03	0	
1008.76	0	
1009.26	0	
1002	0	
1008	0	
1013	0	
1006.23	0	
1023.54	0	
1020.25	0	
1052.76	0	
1041.39	0	
994.536	0	
1014.93	0	
965.819	0	
981.604	0	
973.056	0	
992.379	0	
1016.66	0	
1003.4	0	
1003.52	0	
1011.7	0	
1009.28	0	
1007.63	0	
1106.02	0	
1085.47	0	
1072.07	0	
1031.97	0	
1010.62	0	
1029.15	0	
1089.44	0	
1081.55	0	
1091.72	0	
1068.68	0	
1005.77	0	
978.926	0	
1126.25	0	
1118.63	0	
1126.47	0	
1133.01	0	
1077.25	0	
1091.99	0	
1114.77	0	
1087.58	0	
1104.44	0	
1049.81	0	
1010.27	0	
1006.72	0	
1045.9	0	
968.59	0	
981.541	0	
1016.93	0	
985.525	0	
1050.81	0	
973.169	0	
978.153	0	
950.584	0	
963.535	0	
987.466	0	
990.67	0	
1006.55	0	
1008.67	0	
998.591	0	
1003.47	0	
998.267	0	
1001.81	0	
998.119	0	
1005.61	0	
997.995	0	
999.623	0	
992.006	0	
994.926	0	
974.066	0	
991.521	0	
996.203	0	
990.522	0	
994.012	0	
993.01	0	
995.625	0	
1002.21	0	
992.463	0	
996.851	0	
1065.27	0	
1002.66	0	
1072.11	0	
1069.85	0	
1107.19	0	
1095.74	0	
1108.31	0	
1100.32	0	
1005.95	0	
1005.84	0	
1046.35	0	
1051.21	0	
1059.03	0	
1051.58	0	
1008.92	0	
998.458	0	
1013.21	0	
1011.56	0	
1014.23	0	
1006.77	0	
1083.18	0	
993.609	0	
1045.76	0	
1042.73	0	
990.947	0	
974.623	0	
992.622	0	
998.29	0	
1059.93	0	
1048.49	0	
1069.18	0	
1046.93	0	
1070.78	0	
1066.97	0	
1123.95	0	
1108.41	0	
1134.48	0	
1131.65	0	
998.355	0	
984.233	0	
990.9	0	
990.643	0	
971.402	0	
974.678	0	
1005.78	0	
1008.07	0	
1004.04	0	
1003.43	0	
1002.96	0	
1013.43	0	
992.559	0	
996.709	0	
998.729	0	
996.107	0	
1071.27	0	
1129.86	0	
1099.35	0	
1098.21	0	
1041.58	0	
1238.81	0	
1081.05	0	
1053.43	0	
1040.22	0	
1059.69	0	
999.052	0	
1005.97	0	
1041.9	0	
1047.98	0	
1022.83	0	
995.855	0	
991.515	0	
1023.67	0	
1029.26	0	
1093.48	0	
998.851	0	
980.637	0	
998.722	0	
1004.18	0	
997.831	0	
1007.18	0	
1095.88	0	
1087.76	0	
1061.58	0	
1041.85	0	
1011.62	0	
1031.29	0	
1031.84	0	
1019.58	0	
1072.49	0	
1059.83	0	
886.373	0	
1283.56	0	
1047.65	0	
1059.52	0	
1011.14	0	
1019.07	0	
1000.09	0	
988.02	0	
991.517	0	
987.026	0	
991.633	0	
992.372	0	
981.768	0	
993.779	0	
1000.03	0	
994.94	0	
1007.34	0	
998.598	0	
1015.81	0	
1022.72	0	
1028.83	0	
1024.77	0	
1045.79	0	
1036.66	0	
1014.84	0	
1015.24	0	
1032.05	0	
1018.49	0	
986.038	0	
990.236	0	
1009.23	0	
1005.14	0	
1072.27	0	
1058.32	0	
1056.18	0	
1067.49	0	
1132.61	0	
1082.33	0	
1095.23	0	
1098.51	0	
1002.37	0	
998.556	0	
995.359	0	
989.368	0	
976.265	0	
993.44	0	
1008.22	0	
1000.22	0	
1001.53	0	
1001.95	0	
1004	0	
1001.72	0	
991.146	0	
998.208	0	
1002.36	0	
998.084	0	
1088.99	0	
1067.72	0	
1028.44	0	
1012.06	0	
1006.84	0	
1007.63	0	
985.148	0	
982.134	0	
1107.63	0	
1096.75	0	
1006.84	0	
1006.31	0	
1071.85	0	
1084.21	0	
997.797	0	
997.432	0	
1121.49	0	
1131.94	0	
1001.85	0	
1003.79	0	
1007	0	
997.627	0	
1033.49	0	
1033.79	0	
1012.32	0	
1024.86	0	
1050.47	0	
1041.47	0	
965.403	0	
1013.87	0	
1040.37	0	
1063.66	0	
907.965	0	
1034.45	0	
946.365	0	
1064.13	0	
990.341	0	
993.418	0	
990.57	0	
991.525	0	
995.28	0	
993.662	0	
991.04	0	
988.397	0	
990.668	0	
994.509	0	
1004.7	0	
1000.27	0	
1012.02	0	
1009.4	0	
1006.18	0	
1001.75	0	
1014.9	0	
1017.04	0	
1020.92	0	
1007.69	0	
1032.25	0	
1023.11	0	
1011.51	0	
1004.99	0	
1017	0	
1018.13	0	
990.265	0	
990.852	0	
989.233	0	
992.466	0	
987.302	0	
1005.3	0	
1004.43	0	
997.368	0	
1051.75	0	
1068.96	0	
1036.41	0	
1019.57	0	
1096.36	0	
1093.79	0	
1088.4	0	
1074.05	0	
1077.89	0	
1103.31	0	
1083.59	0	
1103.6	0	
997.87	0	
1001.49	0	
988.279	0	
988.99	0	
998.83	0	
991.021	0	
1002.57	0	
1005.84	0	
1006.15	0	
1005.81	0	
1003.32	0	
1000.59	0	
1003.38	0	
1001.42	0	
1004.7	0	
1007	0	
1001.79	0	
997.445	0	
998.963	0	
998.784	0	
1066.79	0	
1031.07	0	
1008.76	0	
1005.01	0	
991.276	0	
995.71	0	
1102.42	0	
1116.07	0	
1007.46	0	
1006.2	0	
1003.79	0	
1001.97	0	
1059.48	0	
1049.92	0	
1002.74	0	
1001.53	0	
1105.75	0	
1080.55	0	
1001.83	0	
1002.38	0	
1010.9	0	
1044.45	0	
1014.52	0	
1021.56	0	
1030.48	0	
1063.16	0	
1013.45	0	
987.558	0	
993.316	0	
980.009	0	
1000.23	0	
1056.14	0	
990.588	0	
993.914	0	
989.136	0	
1003.77	0	
994.552	0	
991.325	0	
994.51	0	
987.526	0	
1069.18	0	
995.29	0	
1021.94	0	
1010.58	0	
1001.68	0	
1003.83	0	
1010.76	0	
1014.24	0	
998.582	0	
983.124	0	
1041.64	0	
999.957	0	
974.867	0	
982.751	0	
1048.59	0	
1035.14	0	
1112.61	0	
1019.82	0	
993.411	0	
1027.16	0	
1021.7	0	
998.596	0	
992.52	0	
992.388	0	
981.287	0	
984.238	0	
987.188	0	
976.909	0	
1001.16	0	
996.794	0	
993.279	0	
1027.71	0	
998.85	0	
1002.58	0	
997.784	0	
999.612	0	
997.154	0	
998.422	0	
1003.68	0	
994.492	0	
991.421	0	
988.896	0	
1067.55	0	
1012.85	0	
991.521	0	
1000.4	0	
1007.67	0	
999.901	0	
998.013	0	
1002.41	0	
1036.14	0	
1037.16	0	
1002.32	0	
994.288	0	
1017.39	0	
1019.06	0	
929.985	0	
1059.34	0	
875.346	0	
1297.2	0	
1075.62	0	
1003.97	0	
1022.97	0	
972.905	0	
992.966	0	
985.608	0	
1010.71	0	
1054.61	0	
1067.74	0	
1005.27	0	
1007.51	0	
998.631	0	
1059.62	0	
1026.1	0	
982.138	0	
988.797	0	
1030.18	0	
1039.79	0	
1023.17	0	
999.874	0	
987.355	0	
1062.68	0	
990.082	0	
984.193	0	
990.886	0	
987.914	0	
967.984	0	
978.816	0	
962.774	0	
1033.96	0	
984.845	0	
977.782	0	
1006.59	0	
1007.91	0	
993.492	0	
996.789	0	
1021.16	0	
998.512	0	
1002.24	0	
1000.76	0	
995.682	0	
998.405	0	
996.177	0	
1000.74	0	
997.979	0	
993.946	0	
988.237	0	
984.283	0	
1021.4	0	
980.478	0	
1002.83	0	
1004.19	0	
994.216	0	
998.215	0	
997.858	0	
993.536	0	
1043.77	0	
1042.08	0	
1024.01	0	
1030.63	0	
1019.94	0	
1058.79	0	
998.536	0	
1033.93	0	
978.613	0	
977.622	0	
1008.51	0	
961.509	0	
807.858	0	
1013.33	0	
982.351	0	
994.88	0	
965.742	0	
1012.04	0	
995.431	0	
985.568	0	
1005.91	0	
995.287	0	
994.645	0	
1012.29	0	
995.044	0	
995.315	0	
975.792	0	
993.045	0	
920.134	0	
1045.19	0	
986.811	0	
991.442	0	
1001.65	0	
990.522	0	
1026.61	0	
1058.65	0	
1022	0	
1010.87	0	
1067.84	0	
1040.35	0	
1012.76	0	
1041.3	0	
999.185	0	
1002.43	0	
1024.59	0	
1020.27	0	
1020.11	0	
988.275	0	
1004.44	0	
946.93	0	
985.002	0	
998.885	0	
988.219	0	
994.86	0	
978.699	0	
994.362	0	
908.948	0	
1072.71	0	
1012.18	0	
1006.83	0	
981.101	0	
1024.65	0	
999.472	0	
1017.44	0	
980.404	0	
1045.96	0	
975.955	0	
991.845	0	
989.361	0	
1003.27	0	
979.934	0	
987.496	0	
974.982	0	
970.274	0	
988.852	0	
992.423	0	
992.798	0	
1034.56	0	
986.734	0	
969.806	0	
995.279	0	
989.516	0	
796.536	0	
948.954	0	
954.438	0	
932.568	0	
939.954	0	
841.31	0	
851.347	0	
848.56	0	
1025.54	0	
907.588	0	
1031.79	0	
1030.92	0	
1008.49	0	
1003.4	0	
984.911	0	
982.822	0	
999.924	0	
1003.66	0	
1040.65	0	
1033.58	0	
986.908	0	
1003.25	0	
1062.45	0	
1010.31	0	
1010.43	0	
1006.4	0	
1010.2	0	
1016	0	
1001.43	0	
1010.81	0	
1011.34	0	
1011.24	0	
1008.87	0	
985.47	0	
1005.6	0	
1014.49	0	
1044.8	0	
1030.73	0	
936.628	0	
944.884	0	
1011.53	0	
1009.82	0	
998.289	0	
1003.18	0	
987.174	0	
1004.37	0	
993.439	0	
970.558	0	
1003.34	0	
1000.37	0	
991.336	0	
985.701	0	
1003.75	0	
988.468	0	
1071.84	0	
1042.12	0	
985.331	0	
1050.8	0	
1008.43	0	
964.129	0	
1005.55	0	
1003.12	0	
1000.17	0	
1012.32	0	
991.755	0	
992.401	0	
982.042	0	
981.693	0	
1055.11	0	
1038.4	0	
912.27	0	
967.579	0	
1019.14	0	
1030.08	0	
1015.02	0	
1013.37	0	
994.605	0	
996.732	0	
1030.32	0	
1020.16	0	
997.776	0	
990.724	0	
989.421	0	
1000.95	0	
1122.63	0	
1085.34	0	
998.276	0	
1092.86	0	
1002.73	0	
999.877	0	
992.576	0	
988.6	0	
972.064	0	
1002.81	0	
957.556	0	
996.967	0	
984.868	0	
998.771	0	
999.505	0	
1020.06	0	
1007.73	0	
1021.01	0	
988.702	0	
990.592	0	
977.443	0	
975.001	0	
1027.54	0	
1012.72	0	
1006.27	0	
1024.04	0	
1043.41	0	
1011.7	0	
1019.97	0	
993.548	0	
1000.77	0	
997.099	0	
1018.08	0	
996.36	0	
1019.41	0	
1029.84	0	
999.899	0	
1006.06	0	
1054.84	0	
1044.32	0	
1010.56	0	
1005.62	0	
1026.28	0	
1024.56	0	
993.814	0	
999.225	0	
1041.79	0	
1027.52	0	
956.072	0	
1051.71	0	
994.952	0	
995.658	0	
1006.19	0	
1006.33	0	
973.146	0	
999.927	0	
1080.94	0	
1062.01	0	
1003.77	0	
1017.81	0	
971.816	0	
973.519	0	
771.174	0	
811.014	0	
1028.91	0	
1034.83	0	
1020.7	0	
1018.33	0	
1021.7	0	
1022.1	0	
959.17	0	
975.74	0	
1006.66	0	
1006.51	0	
962.108	0	
958.924	0	
977.995	0	
188.005	0	
1002.85	0	
965.952	0	
988.757	0	
985.188	0	
1006.57	0	
1009.41	0	
1010.77	0	
1011.11	0	
993.389	0	
1005.04	0	
996.988	0	
1001.57	0	
989.266	0	
995.25	0	
987.99	0	
990.228	0	
1012.05	0	
1015.28	0	
1025	0	
1268.5	0	
975.133	0	
995.42	0	
890.183	0	
994.47	0	
972.823	0	
982.692	0	
1015.36	0	
1014.47	0	
994.292	0	
988.527	0	
954.577	0	
986.602	0	
1002.52	0	
971.185	0	
996.956	0	
1004.25	0	
743.775	0	
1016.11	0	
1009.85	0	
1011.83	0	
998.031	0	
1015.18	0	
998.875	0	
998.289	0	
1027.68	0	
1012.95	0	
1020.66	0	
1002.79	0	
983.514	0	
1011.79	0	
1005.77	0	
993.718	0	
988.312	0	
1017.33	0	
1057.22	0	
1077.19	0	
985.575	0	
981.465	0	
1004.63	0	
1001.26	0	
984.424	0	
975.591	0	
1003.13	0	
1001.2	0	
1268.14	0	
968.125	0	
991.746	0	
1010.55	0	
996.292	0	
989.715	0	
1017.74	0	
1043.34	0	
1014.05	0	
1005.09	0	
1012.91	0	
967.694	0	
1002.3	0	
788.848	0	
990.441	0	
984.27	0	
980.531	0	
1290.37	0	
952.79	0	
983.25	0	
1014.41	0	
999.644	0	
1019.61	0	
1011.28	0	
1009.7	0	
1008.94	0	
1020.1	0	
897.284	0	
1026.34	0	
990.25	0	
998.308	0	
979.425	0	
993.774	0	
983.19	0	
1073.75	0	
931.339	0	
924.12	0	
1241.38	0	
898.727	0	
1016.67	0	
961.04	0	
981.634	0	
1028.04	0	
259.959	0	
981.169	0	
992.454	0	
1031.11	0	
1008.09	0	
1035.53	0	
1024.85	0	
948.202	0	
941.57	0	
227.62	0	
1008.88	0	
991.47	0	
998.078	0	
1047.76	0	
986.383	0	
966.215	0	
1007.75	0	
1000.72	0	
395.015	0	
977.519	0	
970.325	0	
1025.96	0	
1030	0	
988.988	0	
988.217	0	
1011.48	0	
964.2	0	
866.179	0	
809.612	0	
954.876	0	
988.985	0	
964.251	0	
1012.68	0	
966.455	0	
949.928	0	
999.977	0	
1001.88	0	
1030.35	0	
1280.14	0	
1102.1	0	
891.761	0	
965.948	0	
1299.91	0	
901.653	0	
883.925	0	
871.268	0	
911.678	0	
965.13	0	
1003.46	0	
994.212	0	
498.685	0	
1005.67	0	
1029.72	0	
903.145	0	
1014.05	0	
1006.95	0	
996.573	0	
968.345	0	
1017.31	0	
1070.6	0	
971.082	0	
1030.84	0	
959.777	0	
993.281	0	
972.363	0	
965.335	0	
1055.52	0	
918.533	0	
975.51	0	
1031.4	0	
1032.5	0	
882.73	0	
1272.51	0	
998.36	0	
1008.52	0	
1296.63	0	
1004.51	0	
1009.89	0	
1032.95	0	
1009.37	0	
988.599	0	
999.772	0	
1009.37	0	
996.43	0	
1020.67	0	
975.572	0	
974.684	0	
1007.52	0	
1002.67	0	
961.597	0	
370.636	0	
991.689	0	
1002.44	0	
989.032	0	
973.964	0	
1027.11	0	
1006.12	0	
956.217	0	
965.019	0	
126.021	0	
997.83	0	
989.922	0	
1017.69	0	
1006.16	0	
873.901	0	
995.275	0	
969.333	0	
945.5	0	
955.644	0	
611.493	0	
970.695	0	
961.896	0	
972.444	0	
589.944	0	
789.279	0	
989.919	0	
983.255	0	
774.535	0	
972.115	0	
946.896	0	
987.996	0	
953.662	0	
980.584	0	
1011.91	0	
1029.4	0	
1001.78	0	
920.772	0	
931.123	0	
934.713	0	
985.415	0	
999.58	0	
991.501	0	
1012.71	0	
977.348	0	
994.195	0	
1026.02	0	
1006.94	0	
1005.23	0	
963.3	0	
958.882	0	
943.523	0	
1024.25	0	
967.195	0	
954.29	0	
1000.09	0	
735.434	0	
1014.48	0	
1132.58	0	
1028.5	0	
975.563	0	
1012.73	0	
1035.8	0	
878.483	0	
1015.62	0	
1009	0	
957.643	0	
979.384	0	
378.381	0	
111.676	0	
981.235	0	
1030.09	0	
1037.69	0	
1029.54	0	
977.562	0	
970.883	0	
967.009	0	
948.052	0	
187.875	0	
272.082	0	
964.076	0	
1106.67	0	
969.503	0	
964.692	0	
684.747	0	
1026.46	0	
279.647	0	
432.817	0	
1290.49	0	
1218.44	0	
1000.95	0	
968.987	0	
1169.72	0	
1019.51	0	
911.022	0	
1189.81	0	
970.44	0	
949.296	0	
814.14	0	
1019.9	0	
983.969	0	
992.862	0	
1006.24	0	
54.6474	0	
1038.74	0	
1005.17	0	
995.218	0	
978.202	0	
1016.36	0	
980.026	0	
1003.13	0	
977.253	0	
1015.16	0	
84.8587	0	
980.635	0	
1097.32	0	
1046.24	0	
1014.11	0	
1003.62	0	
969.827	0	
440.356	0	
1003.56	0	
1026.21	0	
973.345	0	
958.229	0	
956.798	0	
950.041	0	
968.576	0	
947.978	0	
1019.28	0	
984.057	0	
47.4059	0	
967.141	0	
1021.93	0	
964.581	0	
932.38	0	
450.981	0	
831.653	0	
1280.54	0	
982.987	0	
961.468	0	
955.978	0	
957.512	0	
1000.06	0	
1068.64	0	
245.987	0	
1018.05	0	
1037.5	0	
982.957	0	
615.007	0	
1232.15	0	
1271.61	0	
1050.24	0	
1084.78	0	
1274.13	0	
1260.96	0	
1007.47	0	
1042.77	0	
1023.61	0	
998.951	0	
872.55	0	
999.923	0	
991.485	0	
908.624	0	
946.7	0	
964.052	0	
990.552	0	
988.522	0	
1062.75	0	
1055.05	0	
1024.62	0	
1121.77	0	
931.242	0	
924.115	0	
1057.23	0	
905.378	0	
1039.71	0	
975.052	0	
846.775	0	
404.328	0	
978.209	0	
986.703	0	
959.379	0	
1033.01	0	
995.893	0	
1018.44	0	
1118.83	0	
134.828	0	
1207.28	0	
1211.6	0	
1293.55	0	
1156.32	0	
1178.56	0	
1239.79	0	
1062.06	0	
960.15	0	
1065.09	0	
635.723	0	
220.221	0	
994.307	0	
1025.93	0	
569.239	0	
276.938	0	
1013.55	0	
395.8	0	
909.959	0	
1022.88	0	
1018.34	0	
969.264	0	
1014.63	0	
851.241	0	
129.389	0	
903.145	0	
919.502	0	
1128.64	0	
1149.37	0	
1087.63	0	
1080.44	0	
983.928	0	
957.932	0	
601.267	0	
863.103	0	
97.7626	0	
279.273	0	
1217.23	0	
1288.24	0	
950.104	0	
903.145	0	
1025.32	0	
958.192	0	
1116.76	0	
1116.4	0	
350.313	0	
964.903	0	
831.089	0	
695.717	0	
1026.96	0	
986.295	0	
1034.01	0	
1014.17	0	
1301.46	0	
1064.28	0	
1257.13	0	
1279.2	0	
1040.85	0	
1017.68	0	
1069.03	0	
795.983	0	
1252.82	0	
1292.52	0	
1060.27	0	
940.813	0	
988.559	0	
1077.17	0	
1119.31	0	
68.7152	0	
1020.84	0	
1280.34	0	
744.512	0	
902.396	0	
1143.39	0	
755.861	0	
971.248	0	
1187.39	0	
929.819	0	
908.424	0	
1004.79	0	
966.916	0	
1100.7	0	
903.145	0	
969.57	0	
897.775	0	
1201.04	0	
1004.62	0	
932.217	0	
1101.2	0	
891.121	0	
343.632	0	
1306.71	0	
1237.71	0	
1163.91	0	
1036.73	0	
1277	0	
1257.39	0	
1024.06	0	
903.145	0	
1283.97	0	
1282.96	0	
1303.43	0	
903.145	0	
931.881	0	
949.537	0	
1286.68	0	
1287.76	0	
903.145	0	
1291.02	0	
903.145	0	
1290.85	0	
983	0	
903.145	0	
1271.85	0	
1281.6	0	
1121.52	0	
919.496	0	
1088.43	0	
1104.24	0	
1120.56	0	
1117.62	0	
1084.27	0	
1034.71	0	
1116.13	0	
1068.63	0	
1087.47	0	
1038.86	0	
930.581	0	
1113.6	0	
1001.92	0	
1116.5	0	
1122.87	0	
990.332	0	
908.205	0	
1037.58	0	
1140.59	0	
1082.22	0	
103.902	0	
115.375	0	
940.709	0	
963.338	0	
860.259	0	
1011.09	0	
860.939	0	
1063.01	0	
1300.82	0	
1300.35	0	
1067.88	0	
801.418	0	
1119.78	0	
723.587	0	
668.016	0	
551.851	0	
1075.35	0	
1044.24	0	
1092.84	0	
1149.18	0	
999.715	0	
1169.77	0	
200.146	0	
710.882	0	
1022.85	0	
1016.78	0	
987.039	0	
1075.19	0	
1067.89	0	
946.211	0	
1050.5	0	
994.387	0	
954.792	0	
1146.14	0	
1061.48	0	
1100.2	0	
1258.89	0	
1091.2	0	
956.722	0	
1035.71	0	
1150.13	0	
1208.87	0	
401.723	0	
1008.48	0	
1265.03	0	
1238.34	0	
1014.62	0	
1017.12	0	
903.145	0	
903.145	0	
1126	0	
903.145	0	
996.079	0	
903.145	0	
942.909	0	
1265.49	0	
936.643	0	
1122.38	0	
931.582	0	
779.915	0	
903.145	0	
903.145	0	
903.145	0	
903.145	0	
907.628	0	
998.901	0	
974.447	0	
970.413	0	
1246.27	0	
1284.89	0	
1240.96	0	
1242.18	0	
903.145	0	
829.32	0	
1256.73	0	
1279.34	0	
948.005	0	
564.083	0	
953.712	0	
941.951	0	
933.165	0	
699.424	0	
796.434	0	
617.544	0	
949.83	0	
634.364	0	
811.232	0	
942.461	0	
903.145	0	
903.145	0	
903.145	0	
903.145	0	
736.924	0	
935.474	0	
834.321	0	
1069.98	0	
814.903	0	
1059.9	0	
1188.68	0	
903.145	0	
1263.86	0	
903.145	0	
456.14	0	
289.203	0	
500.919	0	
711.378	0	
903.145	0	
903.145	0	
911.809	0	
699.333	0	
903.145	0	
903.145	0	
903.145	0	
903.145	0	
871.343	0	
1217.8	0	
903.145	0	
903.145	0	
903.145	0	
952.079	0	
903.145	0	
903.145	0	
1191.44	0	
903.145	0	
821.869	0	
903.145	0	
1261.75	0	
1253.27	0	
1275.64	0	
1285.28	0	
903.145	0	
903.145	0	
903.145	0	
903.145	0	
903.145	0	
1171.07	0	
903.145	0	
903.145	0	
1004.19	0	
917.791	0	
1226.45	0	
1007.76	0	
957.595	0	
1175.81	0	
1185.72	0	
1222.33	0	
1183.97	0	
1186.42	0	
903.145	0	
1260.67	0	
903.145	0	
1123.57	0	
903.145	0	
903.145	0	
918.491	0	
1225.74	0	
918.491	0	
903.145	0	
1135.75	0	
1178.08	0	
903.145	0	
903.145	0	
1035.99	0	
1130.14	0	
1121.79	0	
1024.25	0	
1219.69	0	
1189.95	0	
903.145	0	
903.145	0	
866.925	0	
860.719	0	
903.145	0	
903.145	0	
1167.68	0	
903.145	0	
1128.23	0	
1182.18	0	
933.444	0	
1027.6	0	
1130.76	0	
1120.73	0	
1185.52	0	
1200.27	0	
957.247	0	
1165.53	0	
1178.51	0	
903.145	0	
1129.43	0	
1075.56	0	
1193.9	0	
1246.76	0	
903.145	0	
903.145	0	
944.709	0	
1099.38	0	
1174.64	0	
903.145	0	
903.145	0	
1079.33	0	
903.145	0	
903.145	0	
944.068	0	
903.145	0	
903.145	0	
903.145	0	
909.539	0	
903.145	0	
1192.58	0	
1139.26	0	
903.145	0	
1180.56	0	
1187.42	0	
1206.15	0	
903.145	0	
903.145	0	
903.145	0	
903.145	0	
903.145	0	
903.145	0	
1022.21	0	
903.145	0	
903.145	0	
903.145	0	
1181.62	0	
1204.03	0	
1181.34	0	
903.145	0	
1169.49	0	
962.072	0	
925.242	0	
903.145	0	
925.242	0	
903.145	0	
903.145	0	
903.145	0	
903.145	0	
903.145	0	
903.145	0	
903.145	0	
903.145	0	
903.145	0	
903.145	0	
903.145	0	
903.145	0	
903.145	0	
932.608	0	
903.145	0	
1111.92	0	
1116.9	0	
903.145	0	
903.145	0	
903.145	0	
903.145	0	
903.145	0	
903.145	0	
903.145	0	
903.145	0	
1050.46	0	
903.145	0	
903.145	0	
903.145	0	
903.145	0	
903.145	0	
903.145	0	
903.145	0	
903.145	0	
903.145	0	
903.145	0	
903.145	0	
903.145	0	
903.145	0	
903.145	0	
903.145	0	
903.145	0	
903.145	0	
1077.69	0	
1029.17	0	
903.145	0	
962.677	0	
903.145	0	
903.145	0	
903.145	0	
903.145	0	
1172.76	0	
903.145	0	
903.145	0	
903.145	0	
903.145	0	
903.145	0	
903.145	0	
903.145	0	
903.145	0	
903.145	0	
903.145	0	
903.145	0	
903.145	0	
903.145	0	
903.145	0	
934.932	0	
903.145	0	
903.145	0	
903.145	0	
903.145	0	
903.145	0	
903.145	0	
903.145	0	
903.145	0	
903.145	0	
903.145	0	
903.145	0	
903.145	0	
903.145	0	
903.145	0	
903.145	0	
903.145	0	
903.145	0	
903.145	0	
966.72	0	
903.145	0	
903.145	0	
903.145	0	
903.145	0	
903.145	0	
903.145	0	
903.145	0	
903.145	0	
903.145	0	
903.145	0	
907.333	0	
903.145	0	
903.145	0	
903.145	0	
903.145	0	
903.145	0	
903.145	0	
903.145	0	
903.145	0	
903.145	0	
903.145	0	
903.145	0	
903.145	0	
903.145	0	
903.145	0	
903.145	0	
903.145	0	
947.821	0	
950.826	0	
903.145	0	
903.145	0	
903.145	0	
903.145	0	
903.145	0	
903.145	0	
915.71	0	
948.52	0	
903.145	0	
903.145	0	
903.145	0	
903.145	0	
903.145	0	
903.145	0	
903.145	0	
903.145	0	
903.145	0	
903.145	0	
903.145	0	
903.145	0	
903.145	0	
903.145	0	
903.145	0	
903.145	0	
903.145	0	
903.145	0	
903.145	0	
903.145	0	
903.145	0	
903.145	0	
903.145	0	
903.145	0	
903.145	0	
903.145	0	
903.145	0	
903.145	0	
903.145	0	
903.145	0	
903.145	0	
903.145	0	
903.145	0	
903.145	0	
903.145	0	
903.145	0	
903.145	0	
903.145	0	
903.145	0	
903.145	0	
903.145	0	
903.145	0	
903.145	0	
903.145	0	
903.145	0	
903.145	0	
903.145	0	
903.145	0	
903.145	0	
903.145	0	
903.145	0	
903.145	0	
903.145	0	
903.145	0	
903.145	0	
903.145	0	
903.145	0	
903.145	0	
903.145	0	
903.145	0	
903.145	0	
903.145	0	
903.145	0	
903.145	0	
903.145	0	
903.145	0	
903.145	0	
903.145	0	
903.145	0	
903.145	0	
903.145	0	
903.145	0	
903.145	0	
903.145	0	
903.145	0	
903.145	0	
903.145	0	
903.145	0	
903.145	0	
903.145	0	
903.145	0	
903.145	0	
903.145	0	
903.145	0	
903.145	0	
903.145	0	
903.145	0	
903.145	0	
903.145	0	
903.145	0	
903.145	0	
903.145	0	
903.145	0	
903.145	0	
903.145	0	
903.145	0	
903.145	0	
903.145	0	
903.145	0	
903.145	0	
903.145	0	
903.145	0	
903.145	0	
903.145	0	
903.145	0	
903.145	0	
903.145	0	
903.145	0	
903.145	0	
903.145	0	
903.145	0	
903.145	0	
903.145	0	
903.145	0	
903.145	0	
903.145	0	
903.145	0	
903.145	0	
903.145	0	
903.145	0	
903.145	0	
903.145	0	
903.145	0	
903.145	0	
903.145	0	
903.145	0	
903.145	0	
903.145	0	
937.631	0	
957.646	0	
848.274	0	
908.12	0	
802.364	0	
876.81	0	
955.542	0	
864.275	0	
857.136	0	
890.393	0	
928.945	0	
960.001	0	
967.396	0	
968.489	0	
970.778	0	
1046.13	0	
1076.81	0	
1057.06	0	
1029.29	0	
1070.53	0	
1044.52	0	
1024.92	0	
1042.16	0	
954.146	0	
949.069	0	
945.22	0	
964.707	0	
963.893	0	
953.749	0	
956.023	0	
966.06	0	
963.854	0	
957.86	0	
974.972	0	
962.667	0	
975.895	0	
961.79	0	
970.549	0	
961.57	0	
970.175	0	
968.602	0	
972.661	0	
986.88	0	
984.301	0	
963.762	0	
948.51	0	
968.102	0	
980.146	0	
990.604	0	
985.525	0	
969.483	0	
976.084	0	
961.288	0	
959.649	0	
968.643	0	
940.19	0	
939.763	0	
976.086	0	
982.199	0	
986.585	0	
987.065	0	
998.751	0	
994.519	0	
988.357	0	
978.468	0	
983.619	0	
993.899	0	
994.889	0	
991.385	0	
940.203	0	
972.089	0	
961.5	0	
980.283	0	
992.051	0	
987.506	0	
993.508	0	
990.125	0	
982.055	0	
989.795	0	
998.309	0	
997.167	0	
964.011	0	
981.125	0	
990.368	0	
995.561	0	
997.991	0	
1002.16	0	
995.527	0	
996.292	0	
999.022	0	
998.548	0	
952.854	0	
969.61	0	
945.313	0	
973.177	0	
975.296	0	
998.492	0	
983.884	0	
986.919	0	
1002.65	0	
1001.34	0	
942.839	0	
949.185	0	
969.985	0	
993.255	0	
984.145	0	
987.337	0	
998.745	0	
999.455	0	
948.472	0	
958.807	0	
991.613	0	
982.296	0	
1001.28	0	
975.838	0	
997.702	0	
994.121	0	
991.837	0	
990.723	0	
1003.49	0	
1003.31	0	
998.126	0	
996.456	0	
996.834	0	
1001.35	0	
994.601	0	
991.212	0	
986.881	0	
985.113	0	
990.634	0	
978.758	0	
985.267	0	
992.165	0	
977.2	0	
973.136	0	
994.954	0	
1015.77	0	
974.984	0	
984.645	0	
1004.42	0	
1046.55	0	
989.401	0	
990.184	0	
1042.46	0	
1057.58	0	
1060.03	0	
1072.57	0	
1075.41	0	
1073.98	0	
1069.24	0	
1079.99	0	
1084.53	0	
1082.65	0	
1071.09	0	
1075.62	0	
1083.24	0	
1071.85	0	
1073.99	0	
1071.64	0	
1071.67	0	
1098.55	0	
1116.4	0	
1070.22	0	
1065.38	0	
1067.83	0	
1059.81	0	
1087.85	0	
1088.72	0	
1050.35	0	
1055.75	0	
1053.45	0	
1059.15	0	
1050.51	0	
1043.16	0	
1053.35	0	
1054.51	0	
1049.33	0	
1053.77	0	
1061.76	0	
1081.54	0	
1052.41	0	
1073.1	0	
1042.43	0	
1053.46	0	
1059.96	0	
1050.74	0	
1040.26	0	
1034.95	0	
1055.99	0	
1069.55	0	
993.96	0	
1032.36	0	
997.729	0	
1003.87	0	
1124.47	0	
1108.93	0	
1076.87	0	
1090.19	0	
1100.69	0	
1092.42	0	
1029.78	0	
1013.81	0	
1113.34	0	
1110.24	0	
1104.23	0	
1111.94	0	
1106.43	0	
1095.71	0	
1083.67	0	
1065.22	0	
1063.85	0	
1064.05	0	
1068.66	0	
1074.42	0	
1065.1	0	
1061.95	0	
1068.96	0	
1066.82	0	
1055.52	0	
1063.16	0	
1054.87	0	
1071.09	0	
1068.02	0	
1071.96	0	
1065.7	0	
1062.03	0	
1058.84	0	
1041.66	0	
1045.59	0	
1060.82	0	
1061.44	0	
1067.49	0	
1053.63	0	
1045.28	0	
1041.24	0	
1057.66	0	
1053.23	0	
1060.83	0	
1067.92	0	
1064.21	0	
1069.26	0	
1078.12	0	
1062.73	0	
1058.1	0	
1049.33	0	
1046.11	0	
1023.76	0	
1033.01	0	
1037.02	0	
1045.61	0	
1054.9	0	
1043.8	0	
1037.7	0	
1041.87	0	
1091.88	0	
1065.65	0	
1071.48	0	
1061.61	0	
1049.24	0	
1051.36	0	
1027.78	0	
1031.96	0	
1042.41	0	
1030.75	0	
1037.34	0	
1030.68	0	
1072.93	0	
1062.79	0	
1056.11	0	
1051.08	0	
1042.39	0	
1031.59	0	
1022.79	0	
1017.2	0	
1029.37	0	
1034.21	0	
1081.08	0	
1073.94	0	
1079.96	0	
1078.53	0	
1070.72	0	
1050.31	0	
1063.57	0	
1060.38	0	
1039.11	0	
1038.11	0	
1081.3	0	
1080.2	0	
1074.18	0	
1055.28	0	
1063.82	0	
1062.07	0	
1051.57	0	
1052.35	0	
1086.26	0	
1079.33	0	
1022.08	0	
1039.48	0	
1029.04	0	
1011.07	0	
1018.22	0	
1014.72	0	
1009.67	0	
1007.24	0	
1041.95	0	
1030.13	0	
1033.49	0	
1024.22	0	
1015.25	0	
1019.18	0	
1012.04	0	
1023.49	0	
1007.39	0	
1005.29	0	
1012.51	0	
1004.95	0	
1001.08	0	
1010.85	0	
1119.95	0	
1125.66	0	
1126.27	0	
1120.75	0	
1123.5	0	
1125.91	0	
1122.88	0	
1112.44	0	
1118.29	0	
1110.05	0	
1116.77	0	
1125	0	
1124.9	0	
1124.15	0	
1118.11	0	
1091.68	0	
1082.34	0	
1090	0	
1121.71	0	
1126.95	0	
1133.23	0	
1115.94	0	
1093.36	0	
1093.81	0	
1101.91	0	
1104.83	0	
1076.44	0	
1091.99	0	
1116.19	0	
1114.08	0	
1090.15	0	
1068.35	0	
1063.53	0	
1098.43	0	
1101.68	0	
1074.67	0	
1040.38	0	
1065.61	0	
1080.52	0	
1108.74	0	
1104.5	0	
1078.67	0	
1079.14	0	
1052.59	0	
1067.48	0	
1059.55	0	
1050.19	0	
1045.14	0	
1105.02	0	
1112.72	0	
1118.18	0	
1104.84	0	
1064.95	0	
1075.87	0	
1094.67	0	
1101.67	0	
1087.86	0	
1107.7	0	
1109.8	0	
1110.59	0	
1047.8	0	
1050.59	0	
1075.73	0	
1087.9	0	
1088.75	0	
1074.14	0	
1097.56	0	
1094.05	0	
1061.57	0	
1049.2	0	
1103.32	0	
1090	0	
1072.32	0	
1060.62	0	
1046.61	0	
1056.64	0	
1073.2	0	
1059.96	0	
1050.24	0	
1039.6	0	
1048.68	0	
1028.2	0	
1044.48	0	
1039.11	0	
1085.98	0	
1072.16	0	
1062.11	0	
1048.93	0	
1031.77	0	
1037.47	0	
1023.79	0	
1039.35	0	
1092.13	0	
1089.95	0	
1060.63	0	
1058.19	0	
1042.44	0	
1038.94	0	
1049.85	0	
1031.21	0	
1026.78	0	
1040.27	0	
1002.03	0	
1035.92	0	
1098.68	0	
1081.53	0	
1044.66	0	
1034.9	0	
1038.91	0	
1038.22	0	
1023.19	0	
1013.44	0	
1030.8	0	
1021.43	0	
1071.43	0	
1066	0	
1055.97	0	
1024.15	0	
1015.85	0	
1033.86	0	
1036.52	0	
1028.37	0	
1017.53	0	
1007.78	0	
1024	0	
1017.46	0	
1033.1	0	
1026.62	0	
1036.56	0	
1035.44	0	
1046.43	0	
1023.08	0	
1126.37	0	
1107.96	0	
1058.8	0	
1059.82	0	
1109.24	0	
1097.7	0	
1077.81	0	
1067.27	0	
1073.64	0	
1074.52	0	
1105.84	0	
1104.74	0	
1056.85	0	
1040.47	0	
985.164	0	
1036.18	0	
1024.55	0	
1035.19	0	
1066.89	0	
1045.73	0	
1034.99	0	
1034.9	0	
1053.7	0	
1057.25	0	
1060.35	0	
1046.95	0	
1041	0	
1046.77	0	
1047.66	0	
1050.59	0	
1052.4	0	
1049.57	0	
1039.75	0	
1100.18	0	
1052.75	0	
1054.09	0	
1048.63	0	
1039.14	0	
1036.06	0	
1038.22	0	
1074.49	0	
1052.31	0	
1053.46	0	
1048.08	0	
1045.67	0	
1045.9	0	
1030.28	0	
1033.88	0	
1068.96	0	
1059.07	0	
1043.84	0	
1039.42	0	
1027.9	0	
1040.2	0	
1050.96	0	
1033.18	0	
1019.87	0	
1028.34	0	
1032.6	0	
1040.63	0	
1024.5	0	
1031.5	0	
1039.02	0	
1024.18	0	
1030.18	0	
1028.9	0	
1040.47	0	
1023.67	0	
1025.35	0	
1027.77	0	
1019.64	0	
1019.47	0	
1039.57	0	
1013.57	0	
1016.31	0	
1013.67	0	
1022.95	0	
1016.69	0	
1019.47	0	
1017.39	0	
1015.88	0	
1013.76	0	
1013.69	0	
1010.22	0	
1022.78	0	
1024.64	0	
1010.47	0	
1021.94	0	
1014.91	0	
1010.47	0	
1011.56	0	
1006.53	0	
1012.53	0	
1011.26	0	
1033.9	0	
1040.94	0	
1040.78	0	
1036.42	0	
1026.39	0	
1028.54	0	
1030.59	0	
1030.8	0	
1035.31	0	
1030.5	0	
1031	0	
1030.71	0	
1026.94	0	
1017.63	0	
1037.83	0	
1028.7	0	
1024.18	0	
1021.32	0	
1026.19	0	
1040.02	0	
1052.3	0	
1018.42	0	
1024.18	0	
1032.3	0	
1032.39	0	
1046.79	0	
1031.2	0	
1035.56	0	
1021.26	0	
1020.64	0	
1012.15	0	
1018.28	0	
1024.5	0	
1032.49	0	
1014.35	0	
1009.27	0	
1015.17	0	
1018.87	0	
1015.89	0	
1020.14	0	
1031.84	0	
1026.39	0	
1013.9	0	
1013.88	0	
1017.9	0	
1011.03	0	
1017.03	0	
1008.22	0	
1026.04	0	
1035.53	0	
1009.75	0	
1016.43	0	
1012.35	0	
1018.46	0	
1008.2	0	
1014.76	0	
1021.49	0	
1010.04	0	
1004.51	0	
1006.27	0	
1008.91	0	
1012.09	0	
1013.37	0	
1013.23	0	
1008.37	0	
1011.33	0	
1014.7	0	
1024.84	0	
1017.96	0	
1015.8	0	
1019.9	0	
1012.25	0	
1010.46	0	
1013.41	0	
1010.68	0	
1018.63	0	
1015.57	0	
1020.84	0	
1018	0	
1020.31	0	
1033.22	0	
1016.35	0	
1012.49	0	
1017.23	0	
1063.74	0	
1016.43	0	
1008.09	0	
1022.07	0	
1025.61	0	
1038.83	0	
1025.5	0	
1020.31	0	
1030.36	0	
1028.64	0	
1020.53	0	
1023.68	0	
1019.96	0	
1032.33	0	
1022.94	0	
1040.05	0	
1032.46	0	
1028.15	0	
1024.43	0	
1015.78	0	
1018.53	0	
1025.22	0	
1019.34	0	
1035.21	0	
1023.28	0	
1019.64	0	
1015.35	0	
1022.28	0	
1021.72	0	
1026.53	0	
1020.32	0	
1025.3	0	
1022.96	0	
1041.55	0	
1031.5	0	
1029.87	0	
1025.89	0	
1014.93	0	
1009.56	0	
1013.2	0	
1014.37	0	
1014.51	0	
1008.88	0	
991.036	0	
1013.02	0	
1018.74	0	
1015.89	0	
1017.46	0	
1035.74	0	
1037.63	0	
1038.53	0	
1028.49	0	
1022.2	0	
1023.47	0	
1009.47	0	
1008.74	0	
1017.47	0	
1011.79	0	
1025.76	0	
1003.18	0	
1016.41	0	
1009.27	0	
1047.27	0	
1035.65	0	
1006.99	0	
1018.48	0	
1010.38	0	
1001.8	0	
1009.43	0	
1011.08	0	
1005.55	0	
1001.56	0	
1002.21	0	
999.254	0	
1000.97	0	
1002.58	0	
1005.12	0	
1009.89	0	
1022.15	0	
1009.32	0	
982.136	0	
1011.64	0	
1006.82	0	
1009.18	0	
957.402	0	
976.28	0	
977.333	0	
991.853	0	
993.629	0	
981.054	0	
1017.31	0	
1063.71	0	
1034.63	0	
1033.87	0	
1018.43	0	
1013.42	0	
1001.21	0	
1000.39	0	
1012.1	0	
1019.25	0	
1001	0	
996.154	0	
1006.01	0	
1007.5	0	
1003.3	0	
997.331	0	
980.95	0	
1004.41	0	
1006.25	0	
997.383	0	
1000.6	0	
1005.79	0	
1006.34	0	
1002.65	0	
1005.6	0	
1004.99	0	
1006.51	0	
1004.94	0	
999.808	0	
998.081	0	
1009.98	0	
1001.54	0	
999.978	0	
991.919	0	
1006.34	0	
1005.05	0	
992.819	0	
993.015	0	
1001.73	0	
995.45	0	
997.653	0	
998.651	0	
998.001	0	
1001.27	0	
972.266	0	
1001.06	0	
997.94	0	
982.274	0	
993.811	0	
981.199	0	
982.398	0	
997.89	0	
992.094	0	
996.22	0	
992.549	0	
970.031	0	
999.494	0	
986.726	0	
990.956	0	
999.389	0	
998.613	0	
993.367	0	
992.53	0	
990.956	0	
994.815	0	
1015.82	0	
1023.46	0	
1016	0	
1019.82	0	
1015.38	0	
1009.61	0	
1015.06	0	
1014.63	0	
1006.32	0	
1006.59	0	
1011.05	0	
1008.31	0	
1013.94	0	
1009.46	0	
1010.4	0	
1010.38	0	
1003.17	0	
1007.49	0	
1004.01	0	
1002.44	0	
1006.03	0	
1001.16	0	
995.47	0	
996.32	0	
1076.57	0	
1075.97	0	
1081.3	0	
1079.75	0	
1003.43	0	
1005.74	0	
980.375	0	
979.11	0	
1110.51	0	
1089.87	0	
1005.06	0	
988.499	0	
1111.1	0	
1109.97	0	
1107.22	0	
1106.08	0	
1117.8	0	
1096.95	0	
1104.22	0	
1098.46	0	
1100.08	0	
1102.93	0	
1054.28	0	
1086.74	0	
1080.33	0	
1080.82	0	
1065.81	0	
1062.54	0	
1057.9	0	
1038.74	0	
1057.16	0	
1053.77	0	
1036.38	0	
1022.32	0	
1011.87	0	
1060.98	0	
1089.35	0	
1035.93	0	
1025.58	0	
1006.25	0	
1008.98	0	
1038.87	0	
1028.81	0	
1029.87	0	
1017.06	0	
1016.92	0	
1018.98	0	
976.841	0	
985.145	0	
977.905	0	
983.496	0	
975.94	0	
963.304	0	
975.793	0	
984.299	0	
984.253	0	
986.322	0	
981.147	0	
992.894	0	
968.254	0	
986.128	0	
988.644	0	
992.421	0	
997.322	0	
993.99	0	
960.512	0	
936.533	0	
1013.48	0	
996.892	0	
998.225	0	
995.37	0	
990.897	0	
990.951	0	
993.03	0	
986.835	0	
990.031	0	
987.358	0	
997.07	0	
997.532	0	
996.983	0	
988.202	0	
996.414	0	
998.439	0	
995.067	0	
996.297	0	
992.041	0	
975.038	0	
996.687	0	
998.991	0	
998.727	0	
995.813	0	
998.023	0	
998.032	0	
997.807	0	
995.034	0	
977.75	0	
956.444	0	
997.891	0	
988.318	0	
991.269	0	
985.226	0	
983.371	0	
977.512	0	
998.41	0	
994.739	0	
992.849	0	
996.402	0	
1000.87	0	
999.848	0	
990.737	0	
992.4	0	
999.636	0	
1000.31	0	
990.623	0	
992.114	0	
999.715	0	
995.174	0	
991.526	0	
990.46	0	
995.657	0	
997.732	0	
988.215	0	
987.864	0	
989.108	0	
985.891	0	
988.844	0	
981.64	0	
988.445	0	
989.723	0	
985.515	0	
987.385	0	
991.561	0	
987.62	0	
984.05	0	
971.062	0	
991.867	0	
984.753	0	
988.832	0	
976.898	0	
992.533	0	
989.44	0	
991.826	0	
987.969	0	
977.318	0	
989.18	0	
989.395	0	
984.918	0	
992.962	0	
982.053	0	
981.761	0	
974.659	0	
988.828	0	
989.663	0	
988.271	0	
983.828	0	
988.767	0	
994.058	0	
979.471	0	
985.153	0	
982.248	0	
979.13	0	
976.844	0	
983.599	0	
980.298	0	
994.251	0	
988.266	0	
967.445	0	
970.948	0	
973.398	0	
980.906	0	
971.567	0	
965.727	0	
961.267	0	
963.923	0	
974.41	0	
957.798	0	
979.63	0	
970.51	0	
967.594	0	
952.702	0	
969.35	0	
976.285	0	
971.565	0	
956.863	0	
938.566	0	
935.409	0	
946.218	0	
941.635	0	
945.867	0	
945.378	0	
960.574	0	
952.632	0	
960.119	0	
953.376	0	
923.65	0	
951.424	0	
959.126	0	
963.471	0	
974.609	0	
984.301	0	
978.184	0	
944.295	0	
941.702	0	
960.803	0	
964.213	0	
945.945	0	
975.135	0	
969.022	0	
965.963	0	
984.291	0	
973.022	0	
948.063	0	
954.63	0	
975.155	0	
981.896	0	
993.555	0	
971.653	0	
984.252	0	
988.416	0	
998.435	0	
990.46	0	
984.152	0	
962.979	0	
992.687	0	
989.002	0	
984.312	0	
993.814	0	
990.546	0	
991.329	0	
988.15	0	
996.271	0	
960.987	0	
948.357	0	
989.261	0	
978.356	0	
971.494	0	
962.495	0	
958.518	0	
947.957	0	
996.792	0	
1002.19	0	
991.079	0	
992.678	0	
993.3	0	
1000.95	0	
992.406	0	
1001.08	0	
984.856	0	
992.532	0	
998.316	0	
1001.01	0	
998.13	0	
998.355	0	
999.973	0	
1001.44	0	
1001.93	0	
992.581	0	
1003.01	0	
1001.4	0	
989.186	0	
994.664	0	
997.646	0	
988.795	0	
996.513	0	
1004.54	0	
915.814	0	
953.677	0	
953.166	0	
953.705	0	
962.864	0	
966.328	0	
975.911	0	
961.539	0	
1102.41	0	
1097.85	0	
1099.28	0	
1093.22	0	
1092.97	0	
1102.61	0	
1096.51	0	
1091.53	0	
1092.54	0	
1097.25	0	
1086.48	0	
1093.63	0	
1086.19	0	
1093.21	0	
1092.71	0	
1097.91	0	
1092.41	0	
1091.51	0	
1088.94	0	
1078	0	
1081.34	0	
1091.1	0	
1092.06	0	
1093.64	0	
1084.27	0	
1075.27	0	
1080.86	0	
1089.37	0	
1086.71	0	
1092.1	0	
1094.57	0	
1091.31	0	
1104.27	0	
1105.84	0	
1087.43	0	
1082.35	0	
1077.82	0	
1077.11	0	
1058.79	0	
1071.21	0	
1077.92	0	
1087.11	0	
1094.36	0	
1087.48	0	
1081.33	0	
1069.15	0	
1066.67	0	
1074.1	0	
1109.19	0	
1089.14	0	
1096.22	0	
1083.12	0	
1071.56	0	
1078.3	0	
1071.85	0	
1089.22	0	
1084.91	0	
1077.72	0	
1093.08	0	
1095.59	0	
1061.05	0	
1061.17	0	
1095.1	0	
1080.71	0	
1071.92	0	
1062.11	0	
1060.02	0	
1050.39	0	
1066.29	0	
1087.3	0	
1055.61	0	
1060.69	0	
1101.73	0	
1092.24	0	
1106.21	0	
1094.25	0	
1082.29	0	
1053.04	0	
1076.85	0	
1072.57	0	
1044.57	0	
1055.89	0	
1103.22	0	
1097.62	0	
1081.54	0	
1064.9	0	
1075.54	0	
1069.75	0	
1052.23	0	
1048.59	0	
1099.69	0	
1094.07	0	
1071.8	0	
1090.17	0	
1039.24	0	
1029.02	0	
1041.79	0	
1052.9	0	
1035.5	0	
1059.32	0	
1035.87	0	
1028.61	0	
1021.07	0	
1024.92	0	
1008.26	0	
1025.41	0	
1090.74	0	
1083.39	0	
961.19	0	
944.283	0	
949.924	0	
952.126	0	
950.351	0	
940.2	0	
939.799	0	
960.924	0	
960.764	0	
931.372	0	
942.359	0	
957.779	0	
964.428	0	
972.145	0	
947.04	0	
963.985	0	
942.912	0	
975.507	0	
982.731	0	
976.231	0	
947.355	0	
950.518	0	
978.13	0	
984.982	0	
988.324	0	
986.761	0	
984.439	0	
995.635	0	
1006.89	0	
998.938	0	
972.21	0	
965.009	0	
984.776	0	
1001.1	0	
987.223	0	
998.457	0	
995.652	0	
998.368	0	
1004.08	0	
1000.99	0	
1003.65	0	
1004.31	0	
1004.46	0	
1008.94	0	
1003.77	0	
1001.02	0	
1006.26	0	
995.915	0	
1003.39	0	
1000.02	0	
1002.4	0	
995.15	0	
990.917	0	
1004.57	0	
1002.58	0	
1001.03	0	
997.469	0	
998.363	0	
984.691	0	
982.371	0	
1003.69	0	
1003.33	0	
990.893	0	
996.213	0	
973.865	0	
973.652	0	
1136.43	0	
1132.99	0	
939.657	0	
951.422	0	
975.793	0	
971.492	0	
962.882	0	
956.12	0	
954.877	0	
978.848	0	
980.896	0	
974.537	0	
972.941	0	
967.378	0	
1101.71	0	
1108.09	0	
1107.08	0	
1107.67	0	
1108.27	0	
1125.84	0	
1113.76	0	
1105.78	0	
1105.35	0	
1104.06	0	
1113.05	0	
1102.32	0	
1090.47	0	
1110.5	0	
1117.01	0	
1111.26	0	
1114.08	0	
1115.96	0	
1104.41	0	
1117.31	0	
1105.13	0	
1103.7	0	
1109.54	0	
1085.62	0	
1097.2	0	
1092.95	0	
1098.54	0	
1080.81	0	
1087.35	0	
1075.55	0	
1059.42	0	
1072.21	0	
1073.33	0	
1101.77	0	
1098.46	0	
1099.47	0	
1093.55	0	
1081.76	0	
1095.89	0	
1080.08	0	
1057.93	0	
1073.34	0	
1066.37	0	
1033.88	0	
1038.38	0	
1014.4	0	
998.343	0	
961.599	0	
1004.13	0	
994.753	0	
1010.09	0	
973.496	0	
969.056	0	
973.029	0	
965.556	0	
980.89	0	
974.028	0	
1087.97	0	
1065.85	0	
996.231	0	
963.172	0	
988.756	0	
1002.12	0	
972.835	0	
968.679	0	
967.562	0	
981.128	0	
985.011	0	
986.469	0	
982.595	0	
982.715	0	
980.597	0	
979.814	0	
985.168	0	
981.125	0	
992.697	0	
984.722	0	
992.081	0	
987.864	0	
992.249	0	
992.936	0	
994.232	0	
989.278	0	
993.737	0	
991.922	0	
991.728	0	
993.845	0	
992.597	0	
991.704	0	
993.228	0	
994.903	0	
989.025	0	
993.848	0	
993.006	0	
988.086	0	
993.722	0	
994.256	0	
992.994	0	
987.715	0	
984.674	0	
993.388	0	
993.225	0	
1006.23	0	
1018.45	0	
1028.14	0	
1013.92	0	
1010.71	0	
972.143	0	
1001.31	0	
1014.35	0	
1010.92	0	
994.074	0	
1009.16	0	
1010.96	0	
1011.8	0	
1003.14	0	
1013.93	0	
1001.57	0	
1004.83	0	
1007.27	0	
1010.15	0	
1018.11	0	
1019.96	0	
1000.76	0	
1011.14	0	
1015.99	0	
1014.78	0	
1021.31	0	
1015.12	0	
1013.24	0	
1001.97	0	
1003.6	0	
994.962	0	
1002.96	0	
1009.3	0	
1018.57	0	
1029.61	0	
1042.36	0	
994.686	0	
990.367	0	
996.836	0	
1001.42	0	
1003.51	0	
1021.89	0	
1016.96	0	
1010.18	0	
1025.25	0	
1026.96	0	
993.749	0	
992.824	0	
999.238	0	
1019.09	0	
997.304	0	
982.597	0	
1003.09	0	
1019.21	0	
988.297	0	
993.314	0	
981.97	0	
987.116	0	
985.517	0	
985.637	0	
983.933	0	
995.717	0	
1021.61	0	
1015.49	0	
982.766	0	
979.619	0	
977.658	0	
985.763	0	
977.233	0	
977.437	0	
1114.28	0	
1129.38	0	
929.029	0	
989.931	0	
967.551	0	
974.035	0	
989.352	0	
1008.98	0	
930.366	0	
1002.08	0	
972.722	0	
983.617	0	
992.801	0	
993.299	0	
1034.64	0	
1033.46	0	
1026.62	0	
1036.66	0	
1044.09	0	
1050.62	0	
1038.04	0	
1045.78	0	
1052.51	0	
1033.73	0	
1035.94	0	
1053.49	0	
1068.03	0	
1031.48	0	
1018.87	0	
1043.47	0	
1050.75	0	
1032.98	0	
1026.72	0	
1035.64	0	
1054.07	0	
1011.21	0	
1030.96	0	
1032.23	0	
1026.93	0	
1030.15	0	
1015.73	0	
1038.36	0	
1054.27	0	
1018.49	0	
1027.22	0	
1024.19	0	
1026.52	0	
1013.07	0	
1020.4	0	
1008.28	0	
990.337	0	
1006.46	0	
994.597	0	
1036.82	0	
1028.17	0	
1031.03	0	
1027.32	0	
1009.75	0	
1011.71	0	
1037.13	0	
1024.56	0	
1013.82	0	
998.384	0	
1009.5	0	
994.221	0	
1005.59	0	
995.623	0	
1036.45	0	
1027.55	0	
999.429	0	
980.988	0	
1083.31	0	
1079.66	0	
1091.03	0	
1026.38	0	
927.302	0	
944.657	0	
1111.53	0	
1108.53	0	
1112.09	0	
1116.54	0	
974.146	0	
990.386	0	
988.737	0	
997.653	0	
975.351	0	
976.664	0	
973.475	0	
987.881	0	
986.887	0	
979.693	0	
991.196	0	
991.375	0	
984.138	0	
990.286	0	
991.641	0	
993.516	0	
1001.63	0	
995.905	0	
997.534	0	
984.752	0	
987.016	0	
998.565	0	
993.577	0	
1001.58	0	
1001.4	0	
997.927	0	
1001.53	0	
1002.04	0	
1005.41	0	
1003.03	0	
999.355	0	
1004.13	0	
1003.79	0	
1002.79	0	
1002.89	0	
1003.87	0	
1002.44	0	
997.181	0	
998.305	0	
998.751	0	
1003.52	0	
1118.27	0	
1125.59	0	
982.622	0	
978.367	0	
985.221	0	
992.269	0	
987.172	0	
982.473	0	
1147.87	0	
1141.73	0	
982.51	0	
978.408	0	
982.346	0	
982.043	0	
982.152	0	
970.458	0	
985.719	0	
986.547	0	
981.671	0	
980.115	0	
987.876	0	
987.177	0	
991.965	0	
983.863	0	
977.569	0	
986.44	0	
993.62	0	
998.538	0	
996.504	0	
987.104	0	
982.64	0	
998.641	0	
1001.39	0	
987.964	0	
991.986	0	
987.543	0	
980.956	0	
983.527	0	
997.633	0	
997.646	0	
1004.79	0	
1002.83	0	
998.229	0	
996.505	0	
980.075	0	
972.226	0	
998.804	0	
1002.88	0	
1001.24	0	
999.534	0	
985.873	0	
978.914	0	
1002.66	0	
1001.88	0	
993.406	0	
992.446	0	
1002.17	0	
1002.98	0	
1003.42	0	
1003.58	0	
1003.01	0	
1004.19	0	
1000.79	0	
1002.42	0	
1004.37	0	
1000.73	0	
997.585	0	
1003.09	0	
999.042	0	
997.776	0	
999.226	0	
1001.62	0	
992.841	0	
1005.81	0	
988.388	0	
996.868	0	
998.973	0	
989.429	0	
985.073	0	
992.376	0	
993.314	0	
996.829	0	
1117.5	0	
1118.54	0	
1114.58	0	
1118.21	0	
1120.41	0	
1122.14	0	
1114.08	0	
1116.09	0	
1118.07	0	
1116.71	0	
1115.24	0	
1114.45	0	
1109.31	0	
1113.14	0	
1108.23	0	
1110.74	0	
1101.73	0	
1084.94	0	
1082.25	0	
1102.04	0	
1090.69	0	
1082.44	0	
1044.01	0	
1090.97	0	
1096.21	0	
1042.02	0	
1067.42	0	
1051.06	0	
1076.45	0	
1006.99	0	
1075.11	0	
1055.65	0	
1042.35	0	
1092.37	0	
1119.13	0	
931.189	0	
1125.63	0	
982.869	0	
889.896	0	
1025.93	0	
1104	0	
1105.43	0	
1068.18	0	
1099.36	0	
1063.91	0	
1072.98	0	
1096.8	0	
1115.48	0	
1098.39	0	
1031.07	0	
1020.73	0	
1088.98	0	
1103.25	0	
1101.52	0	
1096.41	0	
1099.44	0	
1092.83	0	
1088.4	0	
1084.41	0	
1088.18	0	
1102.51	0	
1091.73	0	
1081.74	0	
1076.46	0	
1077.09	0	
1083.82	0	
1073.33	0	
1085.59	0	
1064.55	0	
1067.51	0	
1076.59	0	
1093.88	0	
1078.72	0	
1063.85	0	
1056.52	0	
1061.08	0	
1066.24	0	
1058.55	0	
1051.66	0	
1025.17	0	
1044.6	0	
1084.93	0	
1088.96	0	
1025.57	0	
1042.89	0	
1051.41	0	
1033.76	0	
1039.12	0	
1034.76	0	
1040.5	0	
1020.92	0	
1034.93	0	
1007.01	0	
1008.42	0	
1011.31	0	
1012.3	0	
1029.99	0	
1005.47	0	
1015.51	0	
1139.91	0	
1127.01	0	
976.265	0	
985.126	0	
1135.33	0	
1139.49	0	
1138.14	0	
1138.24	0	
1137.22	0	
1123.83	0	
1129.13	0	
1132.6	0	
1136.94	0	
1135.14	0	
1137.66	0	
1126.73	0	
1124.99	0	
1124.28	0	
1130.07	0	
1133.55	0	
1136.32	0	
1135.67	0	
1136.16	0	
1134.91	0	
1115.14	0	
1126.48	0	
1132.54	0	
1135.4	0	
1135.91	0	
1137.43	0	
1129.23	0	
1133.91	0	
1130.26	0	
1130.2	0	
1133.45	0	
1120.83	0	
1123.62	0	
1136.36	0	
1133.66	0	
1131.85	0	
1085.97	0	
1122.27	0	
1131.32	0	
1136.29	0	
1132.17	0	
1131.41	0	
1129.84	0	
1109.78	0	
1121.01	0	
1118.31	0	
1122.11	0	
1069.05	0	
1135.84	0	
1136.17	0	
1125.11	0	
1130.72	0	
1121.46	0	
1127.4	0	
1133.65	0	
1135.12	0	
1132.46	0	
1131.46	0	
1098.61	0	
1091.93	0	
1127.89	0	
1112.75	0	
1117.61	0	
1086.98	0	
1127.88	0	
1115.38	0	
1111.4	0	
1110.44	0	
1131.72	0	
1130.39	0	
1072.33	0	
1099.53	0	
1125.51	0	
1127.18	0	
1059.52	0	
1050.02	0	
1084.85	0	
1117.37	0	
1064.56	0	
921.211	0	
1014.65	0	
1078.16	0	
1110.93	0	
1113.69	0	
1058.73	0	
1102.87	0	
1111.67	0	
1124.94	0	
1057.13	0	
1109.98	0	
1095.15	0	
1118.1	0	
1082.87	0	
1089.32	0	
1044.14	0	
1051.11	0	
887.727	0	
1066.35	0	
1022.55	0	
1012.5	0	
1067.42	0	
971.806	0	
933.166	0	
832.052	0	
1034.79	0	
1028.08	0	
1047.98	0	
966.707	0	
995.077	0	
1051.05	0	
896.083	0	
982.425	0	
959.074	0	
912.086	0	
876.182	0	
958.991	0	
916.657	0	
1067.44	0	
1005.54	0	
675.758	0	
798.933	0	
838.183	0	
954.622	0	
787.735	0	
600.254	0	
535.791	0	
610.721	0	
830.531	0	
536.491	0	
913.086	0	
757.073	0	
680.059	0	
974.873	0	
987.865	0	
994.006	0	
979.295	0	
969.254	0	
983.891	0	
972.811	0	
1010.96	0	
996.123	0	
988.127	0	
987.041	0	
991.756	0	
996.557	0	
990.425	0	
996.878	0	
996.337	0	
994.813	0	
997.93	0	
991.104	0	
996.484	0	
994.717	0	
995.99	0	
999.192	0	
1000.34	0	
996.241	0	
997.353	0	
994.089	0	
1000.97	0	
1000.37	0	
996.517	0	
993.805	0	
995.61	0	
996.579	0	
990.549	0	
998.333	0	
995.638	0	
996.317	0	
998.061	0	
988.791	0	
980.801	0	
995.669	0	
1001.45	0	
996.994	0	
989.283	0	
991.99	0	
1131.77	0	
1132.07	0	
1126.59	0	
1128.76	0	
957.681	0	
985.247	0	
978.036	0	
990.762	0	
984.484	0	
989.95	0	
983.839	0	
988.881	0	
986.676	0	
984.64	0	
992.2	0	
986.084	0	
992.597	0	
983.665	0	
994.56	0	
983.991	0	
991.565	0	
988.429	0	
991.397	0	
995.936	0	
996.911	0	
989.854	0	
987.757	0	
992.86	0	
995.142	0	
998.641	0	
996.493	0	
992.537	0	
994.568	0	
990.066	0	
985.335	0	
991.677	0	
1002.2	0	
984.297	0	
994.281	0	
996.68	0	
996.585	0	
996.492	0	
996.701	0	
998.926	0	
995.812	0	
996.18	0	
992.231	0	
994.134	0	
996.143	0	
998.494	0	
998.11	0	
998.716	0	
964.956	0	
993.589	0	
989.505	0	
994.546	0	
998.499	0	
997.912	0	
993.653	0	
994.41	0	
998.656	0	
997.179	0	
988.691	0	
994.799	0	
995.342	0	
998.085	0	
997.724	0	
998.719	0	
994.209	0	
993.971	0	
997.569	0	
998.469	0	
981.7	0	
990.329	0	
978.805	0	
990.62	0	
994.319	0	
997.096	0	
995.612	0	
997.61	0	
998.59	0	
998.68	0	
1003.3	0	
989.016	0	
994.751	0	
996.263	0	
998.676	0	
998.97	0	
997.7	0	
998.756	0	
974.079	0	
997.692	0	
991.672	0	
988.317	0	
999.548	0	
1000.58	0	
999.028	0	
999.696	0	
998.387	0	
997.6	0	
999.744	0	
986.816	0	
1000.03	0	
1001.6	0	
1000.24	0	
999.922	0	
998.871	0	
997.104	0	
992.016	0	
999.849	0	
1000.23	0	
1002.64	0	
1003.17	0	
1002.03	0	
1001.83	0	
1000.45	0	
1000.14	0	
1000.69	0	
1001.72	0	
1003.55	0	
1002.31	0	
998.628	0	
1004.47	0	
1004.92	0	
997.196	0	
996.139	0	
998.141	0	
996.473	0	
996.935	0	
997.657	0	
997.423	0	
996.697	0	
998.428	0	
994.635	0	
996.372	0	
992.823	0	
993.951	0	
996.114	0	
992.593	0	
1002.68	0	
1001.03	0	
1004.84	0	
1005.78	0	
999.931	0	
995.824	0	
990.453	0	
997.66	0	
1000.19	0	
1002.68	0	
1004.65	0	
1007.12	0	
1004.98	0	
1000.82	0	
998.419	0	
996.904	0	
994.42	0	
993.74	0	
994.183	0	
1008.29	0	
1009.34	0	
1004	0	
1001.94	0	
996.631	0	
997.452	0	
997.449	0	
996.989	0	
996.595	0	
996.283	0	
993.994	0	
995.939	0	
995.147	0	
991.985	0	
991.443	0	
995.812	0	
992.401	0	
993.203	0	
991.684	0	
991.32	0	
989.723	0	
981.239	0	
987.287	0	
981.36	0	
993.412	0	
995.587	0	
1010.79	0	
1009.45	0	
1008.9	0	
1010.52	0	
1007.23	0	
1007.15	0	
1010.07	0	
1011.21	0	
1006.93	0	
1005.13	0	
1001.26	0	
1004.57	0	
1001.63	0	
1000.55	0	
1000.58	0	
1000.42	0	
1001.26	0	
996.266	0	
998.243	0	
998.715	0	
995.149	0	
992.89	0	
996.28	0	
1000.24	0	
992.283	0	
993.339	0	
991.316	0	
990.804	0	
1003.13	0	
994.79	0	
999.188	0	
1000.23	0	
986.805	0	
991.78	0	
991.215	0	
986.788	0	
988.915	0	
985.804	0	
1119.91	0	
1127.4	0	
1122.26	0	
1117.63	0	
1120.97	0	
1121.79	0	
1122.19	0	
1121.3	0	
1111.61	0	
1112.58	0	
1106.03	0	
1098.82	0	
1094.89	0	
1090.39	0	
1057.36	0	
1016.44	0	
1106.47	0	
1102.84	0	
1103.36	0	
1100.23	0	
1101.04	0	
1108.54	0	
1108.93	0	
1102.73	0	
1103.16	0	
1099.53	0	
1097.65	0	
1111.49	0	
1106.61	0	
1112.05	0	
1103.89	0	
1093.54	0	
1089.71	0	
1089.8	0	
1119.49	0	
1107.85	0	
1108.53	0	
1100.11	0	
1098.02	0	
1097.23	0	
1086.55	0	
1090.75	0	
1113.96	0	
1105.41	0	
1099.5	0	
1094.58	0	
1078.68	0	
1092.52	0	
1099.67	0	
1088.95	0	
1065.53	0	
1083.45	0	
1082.85	0	
1090.54	0	
1080.48	0	
1085.67	0	
1094.23	0	
1077.86	0	
1084.67	0	
1083.61	0	
1089.04	0	
1056.48	0	
1080.82	0	
1080.47	0	
1071.46	0	
1063.65	0	
1086.51	0	
1071.97	0	
993.697	0	
1042.77	0	
1075.75	0	
1062.17	0	
1102.05	0	
1070.77	0	
1068.47	0	
1062.79	0	
1041.65	0	
1052.89	0	
1039.13	0	
1041.09	0	
1056.56	0	
1061.52	0	
1054.69	0	
1040.61	0	
1016.14	0	
1007.32	0	
1032.38	0	
1001.05	0	
1025.97	0	
1046.47	0	
1082.62	0	
1084.1	0	
1085.11	0	
1084	0	
1084.23	0	
1077.61	0	
1078.9	0	
1077.97	0	
1080.33	0	
1110.14	0	
1082.13	0	
1078.99	0	
1075.16	0	
1073.18	0	
1096.97	0	
1078.88	0	
1078.75	0	
1071.69	0	
1066.77	0	
1070.65	0	
1086.88	0	
1083.51	0	
1070.47	0	
1067.02	0	
1063.21	0	
1063.76	0	
1070.08	0	
1059.5	0	
1045.76	0	
1055.01	0	
1072.29	0	
1075.66	0	
1072.85	0	
1053.98	0	
1066.08	0	
1060.94	0	
1061.23	0	
1059.04	0	
1053.15	0	
1055.93	0	
1041.59	0	
1052.65	0	
1053.27	0	
1030.11	0	
1043.14	0	
1034.11	0	
1047.9	0	
1035.09	0	
1052.9	0	
1029.57	0	
1049.15	0	
1021.3	0	
1011.16	0	
1034.59	0	
1055.36	0	
1048.77	0	
1025.5	0	
1031.15	0	
993.699	0	
1009.86	0	
1047.65	0	
1047.48	0	
1007.46	0	
1018.94	0	
967.554	0	
938.249	0	
1019.58	0	
1029.33	0	
1091.32	0	
1098.97	0	
1093.7	0	
1094.92	0	
1071.36	0	
1051.27	0	
1041.29	0	
1066.88	0	
1043.26	0	
1015.99	0	
997.608	0	
988.524	0	
990.009	0	
999.89	0	
1003.95	0	
1013.85	0	
1013.32	0	
1007.22	0	
1003.51	0	
1011.63	0	
1014.68	0	
1010.58	0	
1018.3	0	
1008.35	0	
1008.37	0	
1009.22	0	
1014.7	0	
1009.19	0	
1007.12	0	
1101.08	0	
1085.02	0	
1070.04	0	
1080.2	0	
1015.06	0	
1008.79	0	
1018.93	0	
1013.24	0	
1011.32	0	
1007.14	0	
973.99	0	
1014.28	0	
1029.4	0	
1000.1	0	
977.037	0	
1026.76	0	
1012.78	0	
1012.98	0	
993.797	0	
963.953	0	
1003.42	0	
1025.76	0	
1018.66	0	
983.832	0	
984.493	0	
966.98	0	
956.714	0	
1020.11	0	
968.841	0	
967.681	0	
977.273	0	
949.989	0	
991.884	0	
990.572	0	
1026.78	0	
1014.07	0	
994.202	0	
990.02	0	
962.27	0	
946.926	0	
939.895	0	
945.778	0	
1036.83	0	
1033.7	0	
1014.91	0	
1011.53	0	
957.262	0	
916.051	0	
939.253	0	
927.421	0	
918.685	0	
852.146	0	
1024.38	0	
1004.02	0	
999.586	0	
845.099	0	
1032.64	0	
1012.56	0	
1016.21	0	
1014.69	0	
1012.58	0	
1009.29	0	
996.697	0	
1006.11	0	
966.451	0	
962.205	0	
979.279	0	
983.15	0	
957.202	0	
986.125	0	
981.522	0	
963.589	0	
919.974	0	
885.387	0	
1008.02	0	
1005.34	0	
928.436	0	
923.225	0	
889.038	0	
831.772	0	
992.423	0	
947.908	0	
1090.56	0	
1040.31	0	
1064.44	0	
1054.9	0	
1088.39	0	
1090.67	0	
1102.96	0	
1101.35	0	
1106.75	0	
1093.83	0	
1091.52	0	
1096.4	0	
1097.09	0	
1090.17	0	
1096.76	0	
1080.29	0	
1093.22	0	
1090.23	0	
1063.6	0	
1090.94	0	
1093.34	0	
1092.67	0	
1099.69	0	
1099.92	0	
1102.85	0	
1079.49	0	
1092.38	0	
1065.29	0	
1069.95	0	
1082.57	0	
1078.46	0	
1080.96	0	
1048.81	0	
1056.98	0	
1042.89	0	
1058.27	0	
1028.29	0	
1063.83	0	
1056.08	0	
1077.16	0	
1085.38	0	
1089.72	0	
1081.72	0	
1092.27	0	
1066.92	0	
1072.9	0	
1066.48	0	
1075.52	0	
1075.93	0	
1079.21	0	
1064.78	0	
1050.06	0	
1064.34	0	
1058.16	0	
1072.41	0	
1075.41	0	
1056.61	0	
1068.02	0	
1048.04	0	
1050.58	0	
1040.61	0	
1039.41	0	
1044.43	0	
1033.44	0	
1035.82	0	
1025.28	0	
1044.89	0	
1071.04	0	
1027.29	0	
1042.63	0	
1055.15	0	
1036.21	0	
1020.87	0	
1024.23	0	
1028.56	0	
1039.59	0	
1020.4	0	
1022.12	0	
1019.4	0	
1015.1	0	
1062.73	0	
1069.62	0	
1068.04	0	
1064.88	0	
1069.69	0	
1052.98	0	
1046.89	0	
1051.06	0	
1066.25	0	
1042.63	0	
1046.75	0	
1041.04	0	
1061.69	0	
1069.1	0	
1068.6	0	
1064.17	0	
1069.24	0	
1055.38	0	
1064.22	0	
1049.59	0	
1051.6	0	
1033.36	0	
1026.55	0	
1029.82	0	
1031.76	0	
1025.74	0	
1030.04	0	
1020.45	0	
1018.37	0	
1020.11	0	
1025.1	0	
1028.27	0	
1021.67	0	
1031.89	0	
1038.35	0	
1022.3	0	
1022.79	0	
1025.57	0	
1030.9	0	
1020.67	0	
1020.04	0	
1018.81	0	
1019.47	0	
1022.99	0	
1021.91	0	
1015.19	0	
1017	0	
1017.97	0	
1019.25	0	
1019.62	0	
1023.4	0	
1019.85	0	
1022.72	0	
1020.39	0	
1020.11	0	
1018.94	0	
1019.16	0	
1019.05	0	
1019.23	0	
1019.32	0	
1020.34	0	
1022.29	0	
1020.04	0	
1018.2	0	
1017.05	0	
1018.63	0	
1017.16	0	
1017.08	0	
1014.76	0	
1010.82	0	
1018.79	0	
1022.5	0	
1007.85	0	
1009.92	0	
1010.5	0	
972.384	0	
982.971	0	
992.847	0	
1018.5	0	
1018.27	0	
1014.47	0	
1003.94	0	
1012.63	0	
1014.36	0	
1010.53	0	
1008.36	0	
1012.69	0	
1010.2	0	
1011.13	0	
1009.94	0	
994.957	0	
1012	0	
1006.92	0	
1009.57	0	
1010.38	0	
1010.28	0	
1009.23	0	
1012.57	0	
1016.26	0	
1018.21	0	
1008.71	0	
1010.73	0	
1008.49	0	
1012.62	0	
1012.75	0	
1014.81	0	
1016.71	0	
1007.31	0	
1012.23	0	
1028.29	0	
1007.95	0	
1008.84	0	
1007.36	0	
1008.5	0	
1008.79	0	
1008.9	0	
1010.1	0	
1011.84	0	
1014.76	0	
1033.53	0	
1053.36	0	
1008.59	0	
1007.44	0	
1007.68	0	
1009.34	0	
972.075	0	
1007.19	0	
1007.73	0	
1007.66	0	
1006.89	0	
1007.85	0	
1009.49	0	
1013.59	0	
1016.49	0	
1026.86	0	
1017	0	
1034.29	0	
1006.53	0	
1007.83	0	
1004.48	0	
1004.96	0	
1007.08	0	
1004.87	0	
1006.46	0	
1006.34	0	
1008.77	0	
1007.44	0	
1006.98	0	
1007.2	0	
995.212	0	
1005.88	0	
1000.05	0	
1004.87	0	
1005.45	0	
1004.52	0	
1006.37	0	
1004.7	0	
1007.2	0	
1004.33	0	
1006.42	0	
1005.25	0	
1013.72	0	
1009.18	0	
1006.28	0	
1006.59	0	
1006.27	0	
1005.48	0	
1007.35	0	
1005.06	0	
997.002	0	
1008.01	0	
1006.8	0	
1005.07	0	
1009.66	0	
1009.54	0	
1011.06	0	
1007.82	0	
1006.38	0	
1003.26	0	
1009.28	0	
1013.64	0	
1006.29	0	
1004.91	0	
1003.77	0	
1003.75	0	
1010.87	0	
1005.31	0	
1004.75	0	
1003.99	0	
1002.9	0	
1009.32	0	
1005.57	0	
1003.7	0	
1005.18	0	
1002.41	0	
1000.54	0	
1004.47	0	
1008.64	0	
1009.11	0	
1001.95	0	
1001.56	0	
1000.26	0	
996.109	0	
1007.38	0	
1010.22	0	
1012.15	0	
1004.14	0	
1003.71	0	
1002.75	0	
999.46	0	
994.431	0	
1011.49	0	
1008.99	0	
1010.03	0	
1010.84	0	
1012.17	0	
1014.36	0	
1011.86	0	
1008.39	0	
1011.25	0	
1014.15	0	
1003.3	0	
1010.65	0	
1014.92	0	
998.665	0	
1008.9	0	
1031.48	0	
987.423	0	
1017.39	0	
1023.73	0	
1021.6	0	
1016.87	0	
1023.43	0	
1013.3	0	
1006.85	0	
1006.31	0	
1001.45	0	
996.781	0	
1003.07	0	
1002.71	0	
1004.74	0	
978.172	0	
973.908	0	
975.507	0	
976.948	0	
971.404	0	
984.023	0	
982.519	0	
974.392	0	
980.516	0	
983.417	0	
981.084	0	
984.891	0	
986.501	0	
955.236	0	
971.149	0	
983.96	0	
991.656	0	
995.652	0	
1000.54	0	
998.392	0	
987.892	0	
984.73	0	
955.765	0	
992.76	0	
986.426	0	
994.035	0	
990.787	0	
990.501	0	
996.933	0	
996.512	0	
970.792	0	
986.432	0	
997.59	0	
1000.36	0	
1000.12	0	
1002.9	0	
993.614	0	
1003.8	0	
1007.42	0	
1004.46	0	
999.318	0	
996.07	0	
1008.14	0	
1003.9	0	
1000.78	0	
1006.14	0	
987.186	0	
986.749	0	
1005.82	0	
1004.93	0	
999.637	0	
1004.68	0	
1000.97	0	
1007.55	0	
999.565	0	
1000.1	0	
1005.04	0	
1004.54	0	
1001.76	0	
1003.99	0	
977.731	0	
986.691	0	
994.293	0	
977.656	0	
971.384	0	
986.08	0	
998.851	0	
986.589	0	
977.329	0	
978.003	0	
973.126	0	
989.436	0	
994.027	0	
979.621	0	
989.294	0	
990.403	0	
991.463	0	
985.879	0	
993.306	0	
988.249	0	
999.981	0	
993.12	0	
1000.39	0	
996.214	0	
1001.39	0	
1003.09	0	
1003	0	
1000.59	0	
1003.04	0	
1003.39	0	
998.894	0	
1003.11	0	
1002.11	0	
997.646	0	
1003.44	0	
1002.63	0	
1002.51	0	
1001.32	0	
1000.87	0	
1001.42	0	
995.67	0	
1003.12	0	
996.888	0	
996.071	0	
999.448	0	
1000.23	0	
992.706	0	
1001.12	0	
1001.85	0	
1001.5	0	
999.988	0	
1001.87	0	
1001.14	0	
1003.43	0	
1002.22	0	
1001.69	0	
1001.24	0	
996.391	0	
996.148	0	
979.054	0	
1003.19	0	
997.204	0	
1004.46	0	
1021.35	0	
996.71	0	
994.441	0	
997.758	0	
998.909	0	
984.01	0	
996.555	0	
996.487	0	
996.453	0	
990.621	0	
1004.64	0	
1003.29	0	
1002.89	0	
1002.46	0	
1001.02	0	
999.919	0	
1000.67	0	
1005.52	0	
1007.49	0	
995.6	0	
996.671	0	
1003.24	0	
1005.04	0	
1004.81	0	
1005.24	0	
1008.69	0	
1017.09	0	
975.053	0	
987.65	0	
1002.13	0	
1004.71	0	
1003.26	0	
1003.9	0	
1006.28	0	
1007.81	0	
1002.49	0	
1002.06	0	
1004.26	0	
1003.45	0	
1003.96	0	
1005.97	0	
1002.94	0	
1004.18	0	
1000.69	0	
1004.48	0	
1005.51	0	
1005.48	0	
998.071	0	
1001.51	0	
1003.65	0	
1001.46	0	
1002.8	0	
1002.83	0	
1002.47	0	
998.782	0	
1008.04	0	
1005.51	0	
988.616	0	
993.766	0	
1005.74	0	
1009.65	0	
1004.91	0	
1006.84	0	
1000.64	0	
997.097	0	
1001.64	0	
1000.14	0	
1001.94	0	
1002.23	0	
1005.63	0	
1001.58	0	
1000.29	0	
1001.03	0	
1004.74	0	
1004.55	0	
997.226	0	
992.9	0	
1001.91	0	
1005.67	0	
999.525	0	
998.899	0	
997.397	0	
997.739	0	
1002.3	0	
1007.07	0	
998.648	0	
989.298	0	
997.055	0	
1002.34	0	
1009.24	0	
1008.43	0	
1001.99	0	
1005.84	0	
1007.69	0	
1010.16	0	
1002.45	0	
1005.98	0	
1010.89	0	
1008.71	0	
996.832	0	
996.111	0	
987.562	0	
998.079	0	
994.891	0	
994.373	0	
998.193	0	
992.444	0	
990.971	0	
993.718	0	
997.866	0	
1000.31	0	
991.424	0	
994.452	0	
990.482	0	
990.917	0	
992.737	0	
987.97	0	
987.791	0	
993.719	0	
995.195	0	
981.993	0	
987.941	0	
988.383	0	
986.914	0	
989.745	0	
996.99	0	
994.704	0	
989.294	0	
984.113	0	
984.379	0	
981.534	0	
985.683	0	
987.19	0	
985.613	0	
982.158	0	
1011	0	
1005.89	0	
1008.18	0	
1001.74	0	
1006.36	0	
1083.47	0	
1069.84	0	
1065.1	0	
1067.3	0	
1071.97	0	
1070.47	0	
1072.85	0	
1067.27	0	
1063.74	0	
1079.93	0	
1039.07	0	
1058.83	0	
1054.16	0	
1061.33	0	
1055.18	0	
1052.95	0	
1026.05	0	
1069.13	0	
1049.18	0	
1088.35	0	
1092.74	0	
1094.37	0	
1093.05	0	
1102.87	0	
1091.49	0	
1081.73	0	
1080.13	0	
1093.85	0	
1070.07	0	
1083.51	0	
1006.52	0	
1012.26	0	
1055.28	0	
1054.38	0	
1097.5	0	
1094.45	0	
1101.43	0	
1101.21	0	
1099.73	0	
1097.01	0	
1101.06	0	
1094.89	0	
1099.5	0	
1085.62	0	
1095.8	0	
1085.99	0	
1096.98	0	
1094.63	0	
1099.28	0	
1085.03	0	
1081.71	0	
1074.93	0	
1061.95	0	
1071.22	0	
1081.07	0	
1069.16	0	
1081.54	0	
1056.97	0	
1074.3	0	
1081.02	0	
1060.47	0	
1076.93	0	
1077.22	0	
1072.1	0	
1052.4	0	
1074.04	0	
1064.43	0	
1078.28	0	
1040.79	0	
1059.57	0	
1058.37	0	
1064.59	0	
1090.98	0	
1112.75	0	
1038.12	0	
1047.96	0	
1059.19	0	
1044.79	0	
1034	0	
1037.71	0	
1032.54	0	
1028.14	0	
1013.41	0	
1020.6	0	
1037.44	0	
1029.9	0	
1040.05	0	
1043.36	0	
1026.17	0	
1043.04	0	
1020.45	0	
1028.54	0	
1014.28	0	
1010.12	0	
1137.95	0	
1129.74	0	
1119.34	0	
1131.93	0	
1130.91	0	
1132.36	0	
1133.56	0	
1130.56	0	
1133.06	0	
1085.74	0	
1082.03	0	
1078.91	0	
1081.75	0	
1086.31	0	
1109.13	0	
1099.72	0	
1073.9	0	
1083.05	0	
1079.8	0	
1077.48	0	
1070.41	0	
1066.71	0	
1076.36	0	
1072.22	0	
1082.58	0	
1068.28	0	
1058.08	0	
1072.37	0	
1046.14	0	
1075.23	0	
1072.99	0	
1059.13	0	
1048.58	0	
1048.44	0	
1042.77	0	
1058	0	
1075.11	0	
1048.36	0	
1066.5	0	
1087.06	0	
1078.7	0	
1083.89	0	
1074.97	0	
1080.65	0	
1064.61	0	
1075.72	0	
1075.5	0	
1078.94	0	
1053.99	0	
1043.04	0	
1059.67	0	
1055.59	0	
1040.87	0	
1024.63	0	
986.983	0	
985.501	0	
982.761	0	
994.502	0	
997.152	0	
992.741	0	
990.338	0	
995.341	0	
998.699	0	
984.534	0	
971.909	0	
954.89	0	
979.822	0	
972.12	0	
988.353	0	
982.874	0	
976.957	0	
981.761	0	
992.254	0	
1004.83	0	
993.807	0	
992.013	0	
995.901	0	
997.572	0	
998.329	0	
1003.51	0	
993.628	0	
998.703	0	
992.52	0	
975.8	0	
974.3	0	
979.636	0	
968.51	0	
990.651	0	
994.811	0	
992.17	0	
978.462	0	
995.018	0	
986.929	0	
969.926	0	
950.419	0	
947.851	0	
957.376	0	
947.169	0	
973.382	0	
973.182	0	
971.986	0	
956.685	0	
971.872	0	
978.716	0	
975.852	0	
975.603	0	
1128.94	0	
1125.81	0	
1125.34	0	
1126.69	0	
1130.5	0	
1132.84	0	
1130.08	0	
1122.99	0	
1126.77	0	
1128.67	0	
1123.65	0	
1118.74	0	
1119.61	0	
1008.38	0	
1003.52	0	
1013.14	0	
1000.99	0	
987.188	0	
995.937	0	
1009.14	0	
1007.08	0	
999.228	0	
1004.62	0	
1008.94	0	
1009.38	0	
1007.62	0	
985.048	0	
994.953	0	
987.437	0	
990.79	0	
966.407	0	
967.084	0	
976.387	0	
982.561	0	
1012.8	0	
1012.37	0	
1007.19	0	
1012.61	0	
1006.76	0	
1004.89	0	
1003.17	0	
1003.18	0	
1020.11	0	
1015.87	0	
1013.03	0	
1004.45	0	
1008.72	0	
1007.97	0	
1013.81	0	
1006.51	0	
1010.17	0	
1010.41	0	
1010.65	0	
1016.79	0	
1011.23	0	
1010.59	0	
1015.72	0	
1015.06	0	
1014.86	0	
1013.49	0	
1021.57	0	
1025.89	0	
987.037	0	
984.676	0	
1042.39	0	
1027.7	0	
1005.36	0	
997.753	0	
1021.14	0	
1022.28	0	
997.208	0	
983.966	0	
985.123	0	
980.752	0	
959.781	0	
967.806	0	
992.994	0	
973.724	0	
1034.1	0	
1039.82	0	
1016.43	0	
1005.33	0	
979.664	0	
959.505	0	
1006.88	0	
1006.13	0	
976.847	0	
981.955	0	
1004.45	0	
1001.11	0	
993.951	0	
1003.5	0	
994.477	0	
992.93	0	
1002.38	0	
991.886	0	
992.732	0	
993.16	0	
1002.25	0	
1022.87	0	
1004.75	0	
1010.6	0	
1020.36	0	
1040.38	0	
1002.87	0	
1002.29	0	
1086.52	0	
1043.06	0	
969.913	0	
957.673	0	
464.026	0	
768.281	0	
995.644	0	
990.237	0	
996.439	0	
992.357	0	
987.229	0	
991.847	0	
983.609	0	
974.898	0	
996.854	0	
996.748	0	
1001.46	0	
998.809	0	
1021.1	0	
936.293	0	
967.281	0	
890.953	0	
1028.04	0	
1040.99	0	
1048.8	0	
1039.17	0	
1039.73	0	
1034.19	0	
1022.24	0	
1034.71	0	
1022.02	0	
1026.82	0	
1017.75	0	
1016.37	0	
1012.12	0	
1011.46	0	
998.244	0	
988.985	0	
1004.03	0	
988.949	0	
967.893	0	
984.144	0	
996.224	0	
1005.19	0	
992.542	0	
986.546	0	
1003.22	0	
1006.14	0	
1000.85	0	
998.125	0	
999.953	0	
997.442	0	
992.804	0	
988.603	0	
989.819	0	
991.713	0	
1014.62	0	
1013.48	0	
975.659	0	
965.677	0	
966.234	0	
958.035	0	
961.437	0	
979.492	0	
984.25	0	
995.59	0	
1007.41	0	
1006.03	0	
1008.83	0	
1008.93	0	
1005.86	0	
998.15	0	
994.007	0	
997.841	0	
1023.63	0	
1009.06	0	
1013.11	0	
1001.54	0	
1026.43	0	
1011.5	0	
1009.77	0	
1013.44	0	
1023.3	0	
1013.85	0	
1022.35	0	
1026.67	0	
1023.44	0	
1028.64	0	
1027.79	0	
1022.2	0	
992.578	0	
985.679	0	
974.228	0	
989.745	0	
981.48	0	
976.548	0	
964.195	0	
969.372	0	
974.321	0	
969.829	0	
967.47	0	
968.085	0	
986.776	0	
993.88	0	
992.732	0	
993.844	0	
973.055	0	
991.857	0	
1005.11	0	
991.542	0	
1101.79	0	
1066.51	0	
941.955	0	
1016.06	0	
908.372	0	
845.564	0	
622.818	0	
675.719	0	
835.651	0	
784.11	0	
715.121	0	
746.6	0	
979.705	0	
978.994	0	
1042.8	0	
1029.16	0	
1019.99	0	
1011.59	0	
1014.15	0	
1013.9	0	
982.337	0	
976.853	0	
968.291	0	
973.247	0	
1000.36	0	
993.801	0	
1001.92	0	
999.68	0	
992.254	0	
995.44	0	
990.478	0	
988.61	0	
980.964	0	
982.285	0	
987.701	0	
983.989	0	
990.584	0	
990.317	0	
992.135	0	
992.643	0	
1014.65	0	
1010.86	0	
1007.41	0	
1007.76	0	
1009.33	0	
1017.11	0	
1004.66	0	
1010.37	0	
1004.39	0	
1007.77	0	
1001.96	0	
1000.13	0	
988.469	0	
982.237	0	
963.725	0	
955.527	0	
967.414	0	
968.94	0	
957.591	0	
969.904	0	
972.37	0	
978.634	0	
959.341	0	
963.355	0	
964.523	0	
980.812	0	
951.118	0	
959.783	0	
960.495	0	
959.848	0	
975.512	0	
994.26	0	
1010.86	0	
1002.75	0	
1007.53	0	
1009.93	0	
1003.67	0	
1003.73	0	
1008.99	0	
1001.66	0	
999.117	0	
1002.83	0	
1007.33	0	
1004.11	0	
1002.79	0	
991.17	0	
1016.4	0	
1011.44	0	
1005.24	0	
1005.32	0	
1003.77	0	
995.952	0	
1018.81	0	
996.25	0	
1020.83	0	
1020.43	0	
1027.81	0	
1029.53	0	
975.644	0	
971.436	0	
964.081	0	
973.039	0	
996.973	0	
1001.72	0	
980.927	0	
756.939	0	
641.666	0	
825.596	0	
1012.55	0	
1027.33	0	
991.463	0	
1021.02	0	
996.637	0	
985.932	0	
988.771	0	
999.032	0	
993.443	0	
992.933	0	
1013.37	0	
1006.53	0	
998.147	0	
1002.54	0	
1004.33	0	
988.578	0	
964.33	0	
950.754	0	
943.283	0	
958.141	0	
962.463	0	
968.472	0	
979.416	0	
985.767	0	
1010.09	0	
1008.99	0	
1014.23	0	
1009.31	0	
1003.75	0	
996.787	0	
1005.33	0	
1002.28	0	
1027.21	0	
1031	0	
1037.71	0	
1032.24	0	
973.68	0	
978.864	0	
952.343	0	
947.361	0	
780.729	0	
883.503	0	
523.163	0	
519.909	0	
985.281	0	
988.898	0	
996.858	0	
995.732	0	
991.718	0	
1006.11	0	
962.538	0	
971.758	0	
659.048	0	
552.579	0	
983.102	0	
981.689	0	
997.253	0	
1007.9	0	
998.063	0	
997.431	0	
958.818	0	
957.878	0	
496.945	0	
344.741	0	
980.364	0	
980.89	0	
1002.62	0	
1003.15	0	
983.176	0	
986.839	0	
997.384	0	
991.101	0	
973.671	0	
981.254	0	
963.784	0	
975.072	0	
978.499	0	
974.798	0	
1024.2	0	
981.566	0	
970.535	0	
976.187	0	
972.506	0	
977.971	0	
976.739	0	
991.575	0	
993.087	0	
986.946	0	
976.901	0	
980.476	0	
853.613	0	
964.952	0	
889.93	0	
944.731	0	
756.35	0	
927.861	0	
977.234	0	
976.914	0	
994.846	0	
991.769	0	
1003.56	0	
999.97	0	
1006.63	0	
1002.35	0	
1003.13	0	
996.071	0	
1009.2	0	
969.733	0	
972.271	0	
1026.88	0	
933.219	0	
957.396	0	
934.223	0	
908.755	0	
854.88	0	
868.193	0	
1025.1	0	
1018.77	0	
1012.13	0	
1001.6	0	
999.334	0	
1024.54	0	
1016.35	0	
1008.15	0	
982.277	0	
988.603	0	
977.146	0	
991.335	0	
1017.42	0	
1002.56	0	
999.589	0	
1009.12	0	
981.846	0	
981.517	0	
1010.57	0	
1030.83	0	
1001.25	0	
1008.43	0	
1007.4	0	
996.871	0	
964.308	0	
954.348	0	
1015.04	0	
1027.12	0	
1017.89	0	
1013.77	0	
999.842	0	
1003.02	0	
1026.05	0	
1024.95	0	
1006.58	0	
986.577	0	
949.926	0	
960.558	0	
1015.72	0	
1033.79	0	
1019.16	0	
1029.01	0	
1049.7	0	
1027.73	0	
1023.3	0	
1036.68	0	
1006.56	0	
1011.66	0	
1025.18	0	
1013.63	0	
978.987	0	
993.4	0	
1016.34	0	
1020.69	0	
959.228	0	
962.103	0	
982.206	0	
996.859	0	
988.382	0	
1008.14	0	
1004.66	0	
993.167	0	
963.553	0	
984.656	0	
957.855	0	
951.98	0	
967.689	0	
964.508	0	
975.257	0	
975.478	0	
715.326	0	
922.751	0	
635.779	0	
607.465	0	
1009.17	0	
1004.67	0	
1019.63	0	
1011.79	0	
1012.92	0	
1020.28	0	
986.205	0	
988.712	0	
977.186	0	
978.646	0	
994.183	0	
998.645	0	
998.908	0	
1001.88	0	
1011.39	0	
1014.48	0	
973.398	0	
964.128	0	
864.79	0	
794.131	0	
1008.64	0	
1007.95	0	
1004.21	0	
971.305	0	
1030.01	0	
1025.22	0	
979.918	0	
956.739	0	
1024.64	0	
1008.99	0	
995.09	0	
1012.06	0	
1009.34	0	
1007.66	0	
988.368	0	
1002.24	0	
998.111	0	
1008.02	0	
998.663	0	
998.738	0	
978.022	0	
996.568	0	
1006.16	0	
1006.61	0	
1008.23	0	
1021.68	0	
1020.44	0	
1023.07	0	
1008.35	0	
994.444	0	
992.739	0	
1004.48	0	
966.192	0	
962.17	0	
972.585	0	
966.329	0	
861.763	0	
847.756	0	
893.096	0	
882.693	0	
997.857	0	
993.548	0	
997.533	0	
975.905	0	
998.848	0	
989.28	0	
982.404	0	
993.9	0	
990.7	0	
995.674	0	
998.217	0	
996.788	0	
960.275	0	
958.944	0	
834.536	0	
737.592	0	
996.635	0	
988.875	0	
995.291	0	
990.598	0	
969.712	0	
969.912	0	
1018.9	0	
1015.06	0	
1019.31	0	
1027.36	0	
1016.99	0	
983.26	0	
997.33	0	
978.952	0	
982.145	0	
971.049	0	
1008.07	0	
988.655	0	
1009.26	0	
976.773	0	
992.059	0	
989.198	0	
980.18	0	
971.291	0	
989.084	0	
970.215	0	
946.693	0	
945.548	0	
1004.94	0	
1007.24	0	
994.414	0	
1002.05	0	
999.82	0	
983.148	0	
986.525	0	
983.045	0	
984.416	0	
926.476	0	
901.807	0	
811.796	0	
984.188	0	
984.858	0	
978.926	0	
1002.43	0	
984.996	0	
984.088	0	
980.158	0	
977.524	0	
991.942	0	
991.966	0	
901.852	0	
889.242	0	
1022.54	0	
1024.18	0	
1000.93	0	
1009.17	0	
1030.63	0	
998.16	0	
1029.12	0	
1033.7	0	
972.302	0	
964.262	0	
979.033	0	
977.685	0	
958.72	0	
1002.8	0	
613.763	0	
701.748	0	
1009.63	0	
1013.05	0	
973.296	0	
979.274	0	
1035.35	0	
1031.35	0	
963.934	0	
964.862	0	
1018.47	0	
1004.38	0	
1007.6	0	
999.957	0	
1032.42	0	
1021.78	0	
990.87	0	
997.13	0	
952.911	0	
956.002	0	
748.503	0	
773.107	0	
978.519	0	
979.748	0	
991.238	0	
937.953	0	
992.157	0	
998.061	0	
989.545	0	
988.723	0	
986.184	0	
982.945	0	
978.301	0	
974.293	0	
975.417	0	
970.837	0	
967.862	0	
963.804	0	
972.633	0	
972.229	0	
986.584	0	
999.499	0	
994.607	0	
986.136	0	
978.142	0	
974.289	0	
960.906	0	
898.591	0	
608.652	0	
826.334	0	
907.166	0	
747.181	0	
971.544	0	
981.829	0	
971.303	0	
972.304	0	
990.665	0	
981.32	0	
997.362	0	
1012.49	0	
982.741	0	
979.205	0	
1015.61	0	
1009.66	0	
968.83	0	
984.702	0	
1019.12	0	
1038.23	0	
1003.28	0	
992.103	0	
1041.46	0	
1030.95	0	
993.527	0	
992.443	0	
987.833	0	
983.812	0	
995.202	0	
998.57	0	
987.942	0	
967.83	0	
989.846	0	
1002.74	0	
977.889	0	
980.369	0	
998.449	0	
1007.82	0	
962.022	0	
987.122	0	
1008.98	0	
953.887	0	
998.32	0	
990.917	0	
873.004	0	
844.576	0	
997.262	0	
997.853	0	
1035.17	0	
1029.94	0	
1034.62	0	
1025.37	0	
951.94	0	
988.021	0	
1014.52	0	
1013.14	0	
936.041	0	
734.034	0	
1040.48	0	
1031.69	0	
1034.05	0	
1041.18	0	
1037.8	0	
1037.24	0	
1008.32	0	
1036.81	0	
1038.71	0	
1039.4	0	
1036.43	0	
1036.85	0	
1022.24	0	
1035.25	0	
797.416	0	
848.999	0	
962.989	0	
956.817	0	
402.451	0	
363.338	0	
1006.01	0	
1007.54	0	
985.491	0	
1001.46	0	
972.83	0	
954.052	0	
925.973	0	
956.453	0	
974.798	0	
1001.02	0	
1006.33	0	
1018.16	0	
999.153	0	
972.86	0	
966.205	0	
963.236	0	
183.579	0	
192.928	0	
990.929	0	
983.34	0	
946.863	0	
951.132	0	
927.516	0	
880.293	0	
1025.84	0	
1015.68	0	
981.464	0	
990.174	0	
953.285	0	
988.926	0	
626.532	0	
732.639	0	
1000.04	0	
998.71	0	
966.182	0	
954.214	0	
964.239	0	
990.369	0	
1017.2	0	
1014.19	0	
991.821	0	
991.875	0	
1010.4	0	
1009.22	0	
1012.79	0	
997.708	0	
891.966	0	
928.264	0	
967.322	0	
971.425	0	
727.183	0	
263.351	0	
983.346	0	
985.841	0	
1029.94	0	
1013.51	0	
983.401	0	
957.846	0	
963.555	0	
979.149	0	
985.405	0	
984.114	0	
571.551	0	
590.337	0	
969.225	0	
971.929	0	
1021.56	0	
1022.7	0	
975.363	0	
984.686	0	
951.756	0	
956.845	0	
947.63	0	
953.377	0	
1013.37	0	
1015.74	0	
971.574	0	
954.069	0	
197.931	0	
310.083	0	
938.227	0	
968.149	0	
990.63	0	
987.011	0	
963.802	0	
964.673	0	
969.372	0	
988.862	0	
940.678	0	
958.204	0	
970.591	0	
976.891	0	
987.227	0	
980.672	0	
998.868	0	
1014.76	0	
976.11	0	
960.732	0	
1032.32	0	
1010.11	0	
972.231	0	
962.62	0	
992.836	0	
977.633	0	
973.652	0	
988.126	0	
461.884	0	
227.815	0	
510.241	0	
307.956	0	
983.426	0	
995.544	0	
975.045	0	
982.431	0	
1022.15	0	
1017.92	0	
1022.89	0	
1013.55	0	
985.685	0	
951.433	0	
978.883	0	
984.383	0	
973.127	0	
966.654	0	
966.712	0	
960.039	0	
962.1	0	
957.713	0	
162.114	0	
275.325	0	
950.882	0	
960.598	0	
956.886	0	
980.309	0	
969.093	0	
955.841	0	
979.185	0	
961.728	0	
1033.37	0	
1027.73	0	
977.218	0	
984.393	0	
392.516	0	
403.654	0	
973.198	0	
978.203	0	
970.562	0	
954.143	0	
986.36	0	
964.389	0	
110.568	0	
150.855	0	
1042.72	0	
1005.73	0	
980.946	0	
950.555	0	
968.753	0	
963.767	0	
964.359	0	
971.021	0	
983.109	0	
973.067	0	
948.066	0	
960.532	0	
950.35	0	
949.613	0	
952.084	0	
943.422	0	
941.817	0	
937.539	0	
1014.45	0	
981.447	0	
963.093	0	
958.64	0	
954.015	0	
954.837	0	
957.189	0	
954.08	0	
950.33	0	
955.525	0	
550.378	0	
369.083	0	
491.178	0	
631.905	0	
459.286	0	
621.503	0	
1057.15	0	
1007.47	0	
977.817	0	
981.672	0	
951.748	0	
946.966	0	
1060.3	0	
1013.25	0	
993.82	0	
1035.13	0	
1000.28	0	
950.667	0	
986.518	0	
894.24	0	
1043.75	0	
1024.47	0	
992.046	0	
981.461	0	
970.441	0	
967.263	0	
975.765	0	
990.783	0	
1012.2	0	
1020.69	0	
996.125	0	
991.667	0	
1024.32	0	
1017.39	0	
939.583	0	
951.866	0	
1008.75	0	
1005.01	0	
1004.95	0	
1033.16	0	
977.326	0	
1001.08	0	
1008.25	0	
996.675	0	
1005.98	0	
1017.18	0	
1021.56	0	
1007.73	0	
349.204	0	
303.8	0	
982.052	0	
983.866	0	
991.021	0	
995.127	0	
121.503	0	
48.1624	0	
977.235	0	
954.203	0	
930.07	0	
942.169	0	
963.16	0	
984.557	0	
955.237	0	
949.455	0	
255.159	0	
301.159	0	
632.004	0	
598.108	0	
968.777	0	
979.67	0	
968.62	0	
958.586	0	
1063.73	0	
1033.86	0	
975.092	0	
964.641	0	
1008.85	0	
987.012	0	
1015.86	0	
1027.57	0	
973.813	0	
988.59	0	
1033.15	0	
983.412	0	
997.979	0	
1027.03	0	
950.683	0	
678.753	0	
1028.84	0	
1024.84	0	
1034.9	0	
1048.88	0	
1032.85	0	
988.558	0	
1013.2	0	
1020.74	0	
435.838	0	
281.872	0	
206.167	0	
68.6658	0	
996.135	0	
1001.82	0	
1009.52	0	
1022.66	0	
917.382	0	
967.954	0	
987.527	0	
967.573	0	
1011.17	0	
979.814	0	
97.9909	0	
268.868	0	
350.133	0	
631.149	0	
975.782	0	
966.138	0	
967.977	0	
962.429	0	
1092.89	0	
1053.16	0	
952.53	0	
936.558	0	
991.077	0	
1037.49	0	
1036.33	0	
1055.84	0	
880.249	0	
968.158	0	
989.599	0	
978.951	0	
654.347	0	
594.799	0	
339.088	0	
186.149	0	
423.979	0	
387.943	0	
198.651	0	
204.889	0	
273.998	0	
205.141	0	
250.365	0	
130.138	0	
965.535	0	
1022.61	0	
993.938	0	
995.574	0	
983.08	0	
1024.23	0	
1038	0	
1006.64	0	
997.727	0	
1018.63	0	
1022.43	0	
1023.74	0	
1008.87	0	
998.592	0	
993.328	0	
987.606	0	
1036.13	0	
1001.81	0	
978.441	0	
989.709	0	
118.361	0	
175.981	0	
403.942	0	
333.984	0	
458.117	0	
449.609	0	
980.341	0	
987.276	0	
949.991	0	
960.229	0	
1064.93	0	
1004.24	0	
969.526	0	
942.589	0	
1067.24	0	
1027.05	0	
973.758	0	
952.755	0	
1037.73	0	
1036.22	0	
1033.79	0	
1032.02	0	
996.023	0	
1025.35	0	
995.919	0	
1014.71	0	
73.7007	0	
221.242	0	
316.806	0	
452.718	0	
967.939	0	
980.834	0	
966.315	0	
930.41	0	
952.139	0	
967.35	0	
1013.65	0	
1012.8	0	
1037.28	0	
1030.66	0	
1031.61	0	
1058.49	0	
1041.37	0	
1023.37	0	
162.067	0	
216	0	
74.6825	0	
175.167	0	
149.283	0	
351.194	0	
409.59	0	
668.555	0	
968.474	0	
973.09	0	
976.023	0	
1013.81	0	
996.386	0	
954.115	0	
936.926	0	
945.374	0	
1049.39	0	
1054.61	0	
1037.93	0	
1048.06	0	
116.014	0	
207.379	0	
267.704	0	
236.845	0	
992.883	0	
1005.46	0	
1076.89	0	
1018.08	0	
941.9	0	
931.888	0	
1034.95	0	
1090.58	0	
1048.04	0	
1051.99	0	
1015.31	0	
1002.66	0	
1015.35	0	
969.474	0	
950.094	0	
942.182	0	
996.296	0	
998.934	0	
1038.35	0	
886.676	0	
1055.75	0	
1070.79	0	
945.975	0	
975.556	0	
1054.8	0	
994.249	0	
937.929	0	
1005.5	0	
962.3	0	
1025.55	0	
1037.53	0	
1025.23	0	
1005.52	0	
1015.46	0	
104.581	0	
107.209	0	
975.572	0	
940.312	0	
992.833	0	
996.418	0	
1038.13	0	
1078.96	0	
1098.65	0	
1131.79	0	
1084.07	0	
1062.62	0	
888.853	0	
872.012	0	
871.508	0	
850.349	0	
973.627	0	
963.55	0	
870.707	0	
965.851	0	
1054.59	0	
1073.31	0	
933.585	0	
947.074	0	
1059.3	0	
1067.53	0	
817.55	0	
825.56	0	
198.456	0	
155.994	0	
254.473	0	
311.985	0	
51.1379	0	
57.5688	0	
1052.45	0	
1037.74	0	
976.806	0	
1032.16	0	
1067.32	0	
1040.03	0	
1042.69	0	
1041.42	0	
1024.59	0	
1043.4	0	
1011.69	0	
959.837	0	
1077.72	0	
1087.9	0	
1056.68	0	
1082.1	0	
495.897	0	
728.918	0	
98.5544	0	
205.896	0	
1107.21	0	
1032.93	0	
1055.49	0	
1047.31	0	
985.858	0	
994.689	0	
1041.38	0	
1018.53	0	
1032.44	0	
991.492	0	
991.443	0	
991.974	0	
915.191	0	
950.754	0	
129.47	0	
50.0798	0	
925.314	0	
940.15	0	
920.041	0	
774.187	0	
924.288	0	
936.289	0	
1031.87	0	
1059.25	0	
1094.86	0	
1110.21	0	
748.639	0	
594.649	0	
747.759	0	
800.645	0	
1009.99	0	
1078.38	0	
935.922	0	
971.005	0	
953.125	0	
912.056	0	
1027.26	0	
985.269	0	
988.618	0	
983.306	0	
877.99	0	
915.074	0	
953.83	0	
977.479	0	
1026.75	0	
1028.98	0	
1098	0	
1115.05	0	
1129.27	0	
1097.13	0	
753.071	0	
608.354	0	
511.99	0	
674.667	0	
875.445	0	
944.205	0	
1002.92	0	
1012.99	0	
978.305	0	
970.385	0	
957.103	0	
890.02	0	
917.481	0	
962.596	0	
917.859	0	
949.696	0	
885.779	0	
915.084	0	
90.9265	0	
85.2704	0	
77.0965	0	
33.5914	0	
1101.68	0	
999.839	0	
1010.35	0	
982.243	0	
1030.58	0	
1004.99	0	
1086.7	0	
1113.66	0	
585.458	0	
551.153	0	
985.636	0	
1048.48	0	
1012.49	0	
987.796	0	
980.138	0	
1031.78	0	
977.488	0	
1032.99	0	
1021.92	0	
966.457	0	
1005.04	0	
983.075	0	
936.326	0	
603.548	0	
1023.04	0	
1006.64	0	
1012.73	0	
1016	0	
1150.43	0	
1081.12	0	
1026.58	0	
1077.21	0	
1072.06	0	
1110.26	0	
1077.21	0	
1081.23	0	
1086.15	0	
1102.94	0	
1093.79	0	
1103.17	0	
418.122	0	
649.308	0	
286.013	0	
559.901	0	
488.232	0	
647.631	0	
954.94	0	
975.981	0	
1098.2	0	
1081.91	0	
926.561	0	
939.411	0	
76.0128	0	
105.191	0	
997.041	0	
1040.29	0	
1115.72	0	
1081.82	0	
1037.92	0	
1016.55	0	
995.535	0	
972.951	0	
1049.39	0	
1013.25	0	
952.929	0	
985.955	0	
975.413	0	
1089.59	0	
1077.05	0	
1087.4	0	
1063.96	0	
1147.52	0	
1130.94	0	
1065.13	0	
933.794	0	
909.332	0	
754.92	0	
800.08	0	
1023.65	0	
1001.75	0	
1111.01	0	
1064.88	0	
1103.21	0	
1103.2	0	
691.028	0	
610.755	0	
903.109	0	
937.801	0	
1108.19	0	
1106.39	0	
1052.86	0	
1097.76	0	
1047.66	0	
1047.71	0	
972.89	0	
1051.63	0	
1114.29	0	
1168.36	0	
1134.45	0	
1134.5	0	
934.952	0	
893.224	0	
1043.48	0	
1122.7	0	
1167.33	0	
1087.01	0	
1044.67	0	
1072.34	0	
951.092	0	
949.848	0	
1093.95	0	
1174.36	0	
985.9	0	
936.062	0	
900.795	0	
953.84	0	
1027.14	0	
1016.17	0	
749.01	0	
607.161	0	
934.797	0	
1081.2	0	
1090.82	0	
1012.47	0	
400.713	0	
260.552	0	
1050.47	0	
1029.21	0	
1100.12	0	
1088.27	0	
1136.53	0	
1067.87	0	
1117.09	0	
1131.78	0	
814.225	0	
1046.65	0	
936.661	0	
997.026	0	
995.44	0	
914.295	0	
659.026	0	
360.238	0	
1052.13	0	
1046.1	0	
1046.53	0	
1092.67	0	
980.023	0	
975.256	0	
92.0323	0	
75.1496	0	
1002.66	0	
1016.02	0	
1135.22	0	
1114.59	0	
493.158	0	
513.307	0	
1098.12	0	
1123.83	0	
628.82	0	
875.281	0	
1034.41	0	
994.719	0	
1059.15	0	
1044	0	
1130.25	0	
1128.16	0	
1065.04	0	
1086.93	0	
1135.06	0	
1127.1	0	
1110.06	0	
1121.42	0	
941.18	0	
896.028	0	
999.333	0	
976.406	0	
958.004	0	
928.863	0	
1049.27	0	
1077.38	0	
922.632	0	
947.35	0	
966.69	0	
1000.27	0	
651.052	0	
507.787	0	
1145.62	0	
1107.38	0	
1126.1	0	
1131.15	0	
1117.19	0	
1108.62	0	
1118.94	0	
1104.84	0	
1079.55	0	
1100.87	0	
1103.8	0	
1081.94	0	
1046.23	0	
1053.01	0	
813.783	0	
937.701	0	
759.358	0	
747.908	0	
737.888	0	
631.826	0	
666.821	0	
832.121	0	
555.988	0	
542.757	0	
413.022	0	
785.291	0	
918.731	0	
906.455	0	
893.682	0	
928.012	0	
1086.72	0	
1073.47	0	
877.222	0	
938.61	0	
857.51	0	
713.129	0	
1120.66	0	
1125.21	0	
1009.57	0	
1030.02	0	
556.586	0	
682.063	0	
891.811	0	
913.782	0	
1091.98	0	
1092.83	0	
1035.51	0	
1019.59	0	
115.775	0	
331.368	0	
84.188	0	
53.1228	0	
60.0903	0	
56.8503	0	
47.6454	0	
56.1044	0	
62.7164	0	
69.6704	0	
74.9037	0	
91.9436	0	
65.4152	0	
88.2747	0	
153.885	0	
139.539	0	
199.459	0	
188.428	0	
253.674	0	
196.433	0	
152.804	0	
232.777	0	
1209.27	0	
1156.79	0	
990.452	0	
1002.92	0	
1087.71	0	
1108.65	0	
1121.79	0	
1069.17	0	
1084.34	0	
1040.83	0	
1150.73	0	
1154.19	0	
1193.64	0	
1189.34	0	
1025.58	0	
968.152	0	
1082.59	0	
1113.92	0	
1003.81	0	
1129.28	0	
1041.94	0	
966.125	0	
915.834	0	
988.241	0	
939.701	0	
895.521	0	
1000.74	0	
1015.08	0	
1005.9	0	
1014.13	0	
962.594	0	
1008.28	0	
983.349	0	
1025.34	0	
993.808	0	
975.332	0	
1027.39	0	
1038.92	0	
996.175	0	
1027.77	0	
1142.85	0	
1122.45	0	
1039.13	0	
979.678	0	
927.346	0	
498.925	0	
891.698	0	
839.01	0	
897.815	0	
881.007	0	
1098.71	0	
1072.35	0	
1076.69	0	
1061.79	0	
234.652	0	
543.789	0	
377.814	0	
131.494	0	
293.155	0	
329.831	0	
1095.49	0	
1063.08	0	
1079.87	0	
1058.09	0	
1125.22	0	
1196.38	0	
1174.65	0	
1224.22	0	
940.127	0	
1011.62	0	
873.287	0	
920.745	0	
966.3	0	
943.898	0	
1019.65	0	
1027.33	0	
1039.86	0	
1057.95	0	
1002.58	0	
1006.95	0	
1044.64	0	
1062.07	0	
1139.88	0	
1110.1	0	
1071.55	0	
1056.78	0	
1021.12	0	
1055	0	
779.228	0	
650.731	0	
929.123	0	
939.568	0	
982.179	0	
870.269	0	
1097.37	0	
1114.85	0	
313.287	0	
395.405	0	
1057.34	0	
1037.91	0	
1065.34	0	
1108	0	
1104.92	0	
1161.29	0	
1200.84	0	
1209.9	0	
1017.44	0	
1018.87	0	
1014.85	0	
1121.63	0	
465.212	0	
559.202	0	
1099.33	0	
1027.33	0	
930.169	0	
997.087	0	
1158.07	0	
1204.37	0	
1226.69	0	
1229.18	0	
1189.24	0	
1200.06	0	
967.105	0	
977.589	0	
868.346	0	
927.373	0	
989.101	0	
1042.81	0	
1056.9	0	
1091.07	0	
1062.46	0	
1073.33	0	
1040.12	0	
1008.04	0	
674.668	0	
909.476	0	
1225.3	0	
1243.93	0	
1090.25	0	
908.926	0	
1222.22	0	
1258.47	0	
674.119	0	
896.998	0	
1023.03	0	
1031.08	0	
1265.43	0	
1252.86	0	
983.209	0	
917.03	0	
1180.57	0	
1164.42	0	
1221.07	0	
1210.46	0	
1217.78	0	
1124.61	0	
910.338	0	
865.116	0	
542.716	0	
437.718	0	
324.329	0	
302.743	0	
356.048	0	
472.997	0	
193.095	0	
153.05	0	
1252.02	0	
1242.96	0	
1057.93	0	
1027.01	0	
924.731	0	
1056.3	0	
1029.11	0	
966.02	0	
967.41	0	
863.88	0	
184.059	0	
182.319	0	
449.648	0	
187.294	0	
267.763	0	
285.233	0	
1059.05	0	
1073.41	0	
923.278	0	
897.684	0	
911.756	0	
949.185	0	
901.41	0	
855.45	0	
893.583	0	
898.968	0	
928.008	0	
874.328	0	
1001.35	0	
1007.81	0	
1073.35	0	
1016.79	0	
1055.44	0	
979.974	0	
434.1	0	
263.651	0	
417.906	0	
238.894	0	
1009.3	0	
1037.14	0	
1083.25	0	
927.862	0	
881.187	0	
962.71	0	
978.077	0	
942.094	0	
938.799	0	
835.641	0	
871.177	0	
919.224	0	
965.68	0	
1057.57	0	
935.265	0	
1007.83	0	
636.65	0	
772.364	0	
922.066	0	
954.768	0	
1024.92	0	
1068.03	0	
865.904	0	
859.886	0	
1219.52	0	
1239.48	0	
1248.66	0	
1261.32	0	
681.66	0	
800.239	0	
573.388	0	
646.809	0	
451.714	0	
379.032	0	
605.294	0	
506.508	0	
1265.42	0	
1284.08	0	
1278.58	0	
1250.85	0	
137.196	0	
168.331	0	
454.231	0	
532.466	0	
890.306	0	
977.089	0	
967.963	0	
1010.43	0	
956.072	0	
839.73	0	
1217.28	0	
1228.46	0	
1233.3	0	
1257.49	0	
599.667	0	
575.795	0	
762.511	0	
763.729	0	
1289.52	0	
1284.57	0	
1244.3	0	
1237.93	0	
1002.83	0	
982.439	0	
868.321	0	
884.833	0	
1259.96	0	
1239.04	0	
742.198	0	
807.929	0	
486.935	0	
575.535	0	
932.087	0	
904.316	0	
1159.22	0	
1048.87	0	
814.127	0	
917.009	0	
469.905	0	
524.151	0	
590.186	0	
545.729	0	
651.199	0	
567.624	0	
334.772	0	
315.185	0	
248.802	0	
250.517	0	
1036.43	0	
1104.83	0	
918.473	0	
781.787	0	
1185.44	0	
1153.55	0	
1235.4	0	
1249.26	0	
1275.93	0	
1261.72	0	
1205.74	0	
1198.58	0	
862.77	0	
724.647	0	
1193.73	0	
1196.75	0	
873.206	0	
873.121	0	
698.3	0	
655.292	0	
795.349	0	
748.302	0	
737.283	0	
725.545	0	
881.301	0	
761.787	0	
896.936	0	
1027.5	0	
444.562	0	
431.773	0	
677.564	0	
677	0	
629.405	0	
704.144	0	
1294.63	0	
1275.76	0	
1293.95	0	
1283.96	0	
1278.43	0	
1282.65	0	
1178.69	0	
1203.37	0	
1255.01	0	
1264.51	0	
1120.06	0	
1070.8	0	
1232.05	0	
1149.11	0	
810.946	0	
828.741	0	
798.506	0	
965.477	0	
540.538	0	
617.805	0	
1271.21	0	
1262.59	0	
1235.3	0	
1185.28	0	
801.385	0	
880.118	0	
606.916	0	
708.125	0	
1278.66	0	
1241.71	0	
1212.19	0	
1164.08	0	
816.583	0	
834.469	0	
1213.3	0	
1122.42	0	
925.915	0	
932.297	0	
748.778	0	
768.207	0	
896.114	0	
949.981	0	
1035.75	0	
1038.38	0	
849.046	0	
924.493	0	
1036.92	0	
1027.23	0	
1129.61	0	
1142.89	0	
1208.95	0	
1195.63	0	
1265.73	0	
1264.55	0	
899.53	0	
911.983	0	
778.492	0	
793.746	0	
1304.27	0	
1290.99	0	
1120.4	0	
1202.67	0	
1006.76	0	
836.147	0	
791.479	0	
858.327	0	
836.438	0	
781.335	0	
948.663	0	
926.362	0	
905.69	0	
805.13	0	
842.556	0	
827.195	0	
866.637	0	
890.053	0	
1097.25	0	
1148.93	0	
931.338	0	
810.861	0	
1034.61	0	
986.909	0	
1200.03	0	
1215.92	0	
1064.27	0	
1001.79	0	
874.136	0	
876.67	0	
1071.33	0	
1013.84	0	
1106.84	0	
1041.27	0	
1097.63	0	
992.557	0	
855.187	0	
1007.41	0	
999.239	0	
973.647	0	
1064.51	0	
883.654	0	
1085.24	0	
1080.86	0	
1095.9	0	
1148.38	0	
997.327	0	
980.646	0	
718.862	0	
616.32	0	
1182.58	0	
1165.02	0	
1243.1	0	
1278.89	0	
797.816	0	
973.797	0	
903.145	0	
903.145	0	
1284.53	0	
1266.74	0	
806.068	0	
835.663	0	
950.502	0	
997.773	0	
908.207	0	
1022.03	0	
989.963	0	
1068.23	0	
1203.17	0	
1228.44	0	
918.302	0	
1044.35	0	
1105.79	0	
1174.14	0	
1070.59	0	
1155.62	0	
1175.79	0	
1180.01	0	
1004.04	0	
1065.34	0	
1048.99	0	
1113.71	0	
952.059	0	
896.602	0	
1074.36	0	
1018.59	0	
1120.92	0	
1074.45	0	
903.145	0	
903.145	0	
1257.13	0	
1273.34	0	
957.815	0	
997.996	0	
1049.26	0	
993.869	0	
955.196	0	
979.325	0	
1075.44	0	
1098.74	0	
1190.98	0	
1221	0	
1210.84	0	
1210.63	0	
1208.69	0	
1210.74	0	
1104.91	0	
1142.57	0	
1119.06	0	
1138.15	0	
1151.83	0	
1152.55	0	
903.145	0	
903.145	0	
1255.5	0	
903.145	0	
1056.21	0	
1047.53	0	
1065.69	0	
1056.94	0	
1035.14	0	
983.85	0	
965.391	0	
1087.35	0	
1102.2	0	
1147.62	0	
1243.14	0	
1237.03	0	
1141.21	0	
1177.68	0	
903.145	0	
1240.83	0	
1059.66	0	
1092.18	0	
1126.19	0	
1153.74	0	
1155.87	0	
1169.74	0	
1174.87	0	
1174.41	0	
1164.88	0	
903.145	0	
1179.79	0	
1175.12	0	
1167.76	0	
1174.16	0	
1183.92	0	
1183.74	0	
903.145	0	
1185.63	0	
1180.24	0	
1184.65	0	
1192.72	0	
1163.62	0	
1184	0	
1184.71	0	
1180.55	0	
1198.62	0	
1189.72	0	
1170.47	0	
1176.89	0	
1164.72	0	
957.247	0	
903.145	0	
903.145	0	
903.145	0	
1191.44	0	
1204.17	0	
1244.64	0	
1238.71	0	
908.057	0	
809.657	0	
1146.68	0	
1168.41	0	
1227.56	0	
1078.72	0	
1097.7	0	
1087.56	0	
903.145	0	
903.145	0	
903.145	0	
903.145	0	
903.145	0	
903.145	0	
903.145	0	
903.145	0	
903.145	0	
903.145	0	
903.145	0	
903.145	0	
903.145	0	
903.145	0	
903.145	0	
903.145	0	
903.145	0	
903.145	0	
903.145	0	
903.145	0	
903.145	0	
903.145	0	
903.145	0	
903.145	0	
903.145	0	
903.145	0	
903.145	0	
903.145	0	
903.145	0	
903.145	0	
903.145	0	
903.145	0	
903.145	0	
903.145	0	
903.145	0	
1107.06	0	
1117.22	0	
1177.74	0	
1182.23	0	
1210.17	0	
1240.47	0	
1223.87	0	
1191.41	0	
1204.57	0	
1232.83	0	
903.145	0	
903.145	0	
903.145	0	
903.145	0	
903.145	0	
903.145	0	
903.145	0	
903.145	0	
903.145	0	
1056.43	0	
1084.25	0	
903.145	0	
1011.35	0	
1168.33	0	
1075.56	0	
1187.59	0	
1211.18	0	
1180.98	0	
1209.54	0	
964.53	0	
1066.84	0	
944.068	0	
903.145	0	
903.145	0	
903.145	0	
903.145	0	
903.145	0	
976.804	0	
1114.54	0	
1175.02	0	
1204.36	0	
1178.62	0	
1050.46	0	
1186.46	0	
1114.54	0	
1114.54	0	
1114.54	0	
1197.28	0	
1219.99	0	
1210.76	0	
1160.85	0	
964.53	0	
913.375	0	
903.145	0	
903.145	0	
903.145	0	
903.145	0	
913.375	0	
909.539	0	
903.145	0	
903.145	0	
913.375	0	
910.818	0	
910.818	0	
910.818	0	
1192.23	0	
1073.99	0	
947.821	0	
903.145	0	
1083.21	0	
945.6	0	
1066.54	0	
1078.68	0	
912.072	0	
933.594	0	
1228.61	0	
1215.3	0	
1149.01	0	
1151.65	0	
903.145	0	
903.145	0	
903.145	0	
903.145	0	
903.145	0	
962.677	0	
903.145	0	
903.145	0	
903.145	0	
903.145	0	
903.145	0	
903.145	0	
991.536	0	
962.072	0	
1188.86	0	
1095.5	0	
903.145	0	
903.145	0	
903.145	0	
903.145	0	
1202.62	0	
1167.28	0	
1096.08	0	
903.145	0	
1209.02	0	
1214.1	0	
903.145	0	
903.145	0	
1030.29	0	
1183.36	0	
903.145	0	
903.145	0	
903.145	0	
1170.5	0	
1136.46	0	
1198.23	0	
1095.5	0	
903.145	0	
903.145	0	
903.145	0	
903.145	0	
903.145	0	
903.145	0	
1070.98	0	
970.16	0	
903.145	0	
903.145	0	
903.145	0	
903.145	0	
903.145	0	
903.145	0	
903.145	0	
903.145	0	
917.877	0	
962.072	0	
1030.29	0	
1065.55	0	
903.145	0	
903.145	0	
903.145	0	
903.145	0	
903.145	0	
903.145	0	
903.145	0	
903.145	0	
903.145	0	
903.145	0	
976.804	0	
932.608	0	
903.145	0	
903.145	0	
1065.55	0	
1070.98	0	
903.145	0	
903.145	0	
903.145	0	
903.145	0	
903.145	0	
903.145	0	
903.145	0	
903.145	0	
903.145	0	
903.145	0	
903.145	0	
903.145	0	
903.145	0	
903.145	0	
903.145	0	
903.145	0	
903.145	0	
903.145	0	
903.145	0	
903.145	0	
903.145	0	
903.145	0	
903.145	0	
903.145	0	
903.145	0	
934.932	0	
998.507	0	
934.932	0	
998.507	0	
966.72	0	
950.826	0	
903.145	0	
903.145	0	
903.145	0	
903.145	0	
903.145	0	
903.145	0	
903.145	0	
903.145	0	
903.145	0	
903.145	0	
903.145	0	
970.16	0	
948.52	0	
909.427	0	
919.898	0	
903.145	0	
903.145	0	
903.145	0	
903.145	0	
903.145	0	
903.145	0	
903.145	0	
903.145	0	
903.145	0	
903.145	0	
903.145	0	
903.145	0	
903.145	0	
903.145	0	
903.145	0	
903.145	0	
903.145	0	
903.145	0	
903.145	0	
903.145	0	
903.145	0	
919.898	0	
949.218	0	
903.145	0	
903.145	0	
903.145	0	
903.145	0	
903.145	0	
903.145	0	
903.145	0	
903.145	0	
903.145	0	
903.145	0	
909.427	0	
921.993	0	
928.275	0	
921.993	0	
903.145	0	
903.145	0	
903.145	0	
903.145	0	
903.145	0	
903.145	0	
903.145	0	
903.145	0	
903.145	0	
903.145	0	
903.145	0	
903.145	0	
903.145	0	
903.145	0	
903.145	0	
903.145	0	
903.145	0	
903.145	0	
903.145	0	
903.145	0	
903.145	0	
903.145	0	
903.145	0	
903.145	0	
903.145	0	
903.145	0	
903.145	0	
903.145	0	
903.145	0	
903.145	0	
903.145	0	
903.145	0	
903.145	0	
903.145	0	
903.145	0	
903.145	0	
903.145	0	
903.145	0	
903.145	0	
903.145	0	
903.145	0	
903.145	0	
903.145	0	
903.145	0	
903.145	0	
903.145	0	
903.145	0	
903.145	0	
903.145	0	
903.145	0	
903.145	0	
903.145	0	
903.145	0	
903.145	0	
903.145	0	
903.145	0	
903.145	0	
903.145	0	
903.145	0	
903.145	0	
903.145	0	
903.145	0	
903.145	0	
903.145	0	
903.145	0	
903.145	0	
903.145	0	
903.145	0	
903.145	0	
903.145	0	
903.145	0	
903.145	0	
903.145	0	
903.145	0	
903.145	0	
903.145	0	
903.145	0	
903.145	0	
903.145	0	
903.145	0	
903.145	0	
903.145	0	
903.145	0	
903.145	0	
903.145	0	
903.145	0	
903.145	0	
903.145	0	
903.145	0	
903.145	0	
903.145	0	
903.145	0	
903.145	0	
903.145	0	
903.145	0	
903.145	0	
903.145	0	
903.145	0	
903.145	0	
903.145	0	
903.145	0	
903.145	0	
903.145	0	
903.145	0	
903.145	0	
903.145	0	
903.145	0	
903.145	0	
903.145	0	
903.145	0	
903.145	0	
903.145	0	
903.145	0	
903.145	0	
903.145	0	
903.145	0	
903.145	0	
903.145	0	
903.145	0	
903.145	0	
903.145	0	
903.145	0	
903.145	0	
903.145	0	
903.145	0	
903.145	0	
903.145	0	
903.145	0	
903.145	0	
903.145	0	
903.145	0	
903.145	0	
903.145	0	
903.145	0	
903.145	0	
903.145	0	
903.145	0	
903.145	0	
903.145	0	
903.145	0	
903.145	0	
903.145	0	
903.145	0	
903.145	0	
903.145	0	
903.145	0	
903.145	0	
903.145	0	
903.145	0	
903.145	0	
903.145	0	
903.145	0	
903.145	0	
903.145	0	
903.145	0	
903.145	0	
903.145	0	
903.145	0	
903.145	0	
903.145	0	
903.145	0	
903.145	0	
903.145	0	
903.145	0	
903.145	0	
903.145	0	
903.145	0	
903.145	0	
903.145	0	
903.145	0	
903.145	0	
903.145	0	
903.145	0	
903.145	0	
903.145	0	
903.145	0	
903.145	0	
903.145	0	
903.145	0	
903.145	0	
903.145	0	
903.145	0	
903.145	0	
903.145	0	
903.145	0	
903.145	0	
903.145	0	
903.145	0	
903.145	0	
903.145	0	
903.145	0	
903.145	0	
903.145	0	
903.145	0	
903.145	0	
903.145	0	
903.145	0	
903.145	0	
903.145	0	
903.145	0	
903.145	0	
903.145	0	
903.145	0	
903.145	0	
903.145	0	
903.145	0	
903.145	0	
903.145	0	
903.145	0	
903.145	0	
903.145	0	
903.145	0	
903.145	0	
903.145	0	
903.145	0	
903.145	0	
903.145	0	
903.145	0	
903.145	0	
903.145	0	
903.145	0	
903.145	0	
903.145	0	
903.145	0	
903.145	0	
903.145	0	
903.145	0	
903.145	0	
903.145	0	
