# File: UnstructuredGrid_Inversion_L2_Fine_Iter11.dat
# (No specific header documentation)

-160.992	-0.735383	154.63	0	
-159.682	-1.03409	185.233	0	
-65.3125	-0.183316	182.415	0	
30.9375	-0.18026	228.86	0	
-142.848	-97.2808	550.654	0	
126.667	-0.301598	199.31	0	
31.6003	-0.495982	224.113	0	
-161.691	-58.1918	687.504	0	
-64.8958	-0.422952	186.78	0	
-119.636	-2.41546	180.091	0	
-136.919	-40.3052	1102.25	0	
-144.381	-1.53601	201.099	0	
-153.28	-17.4036	753.396	0	
-158.969	-12.5179	502.08	0	
-114.835	-1.50691	192.768	0	
-94.2879	-47.7001	1027.66	0	
-65.4747	-2.93651	194.722	0	
-138.584	-1.50151	201.381	0	
-155.639	-5.51008	232.811	0	
-149.993	-0.731718	224.902	0	
-145.794	-2.38805	194.74	0	
-147.07	-1.63919	211.206	0	
-125.975	-2.63671	190.228	0	
-153.581	-4.46898	203.054	0	
-157.728	-2.72588	206.857	0	
-151.087	-9.83145	382.976	0	
-154.692	-2.76101	196.714	0	
-157.779	-4.26071	220.225	0	
125.312	-0.215758	193.969	0	
-23.3864	-2.41546	201.97	0	
-157.296	-4.83598	228.522	0	
-46.9182	-1.64372	175.658	0	
-156.677	-3.09285	207.086	0	
-160.337	-10.3826	427.477	0	
-18.5848	-1.50691	228.819	0	
-151.484	-2.43144	191.571	0	
29.6649	-1.2602	208.964	0	
-42.169	-1.15749	187.796	0	
-167.043	-1.98383	254.963	0	
-54.0231	-1.13573	182.133	0	
-164.515	-1.85937	220.769	0	
-167.043	-1.05815	268.735	0	
-62.6123	-2.31201	188.487	0	
-169.455	-9.56912	397.701	0	
-61.418	-2.9411	195.418	0	
-163.017	-9.76209	395.127	0	
-60.1941	-2.26836	190.427	0	
-68.125	-0.721791	189.229	0	
-64.8157	-1.67984	186.639	0	
-88.7351	-0.737194	192.002	0	
-157.875	-0.612105	217.649	0	
-156.861	-0.507674	227.714	0	
-80.9953	-1.43803	187.919	0	
-157.381	-0.579997	223.327	0	
-70.3125	-0.168989	200.106	0	
78.9296	-0.274425	249.924	0	
-154.324	-0.5737	243.36	0	
55.1796	-0.274425	213.661	0	
-153.488	-0.146177	239.862	0	
-150.622	-0.734698	220.63	0	
37.956	-2.08259	215.193	0	
-153.312	-0.895475	225.252	0	
50.0883	-1.89705	192.507	0	
-155.625	-0.165467	215.213	0	
72.7055	-2.50699	207.231	0	
-161.384	-1.16718	164.804	0	
-60.6204	-1.52909	188.991	0	
-149.688	-0.177641	220.501	0	
-154.804	-1.13461	225.542	0	
31.1638	-4.13161	188.206	0	
-148.472	-0.479985	228.832	0	
32.1212	-3.00404	195.126	0	
-147.188	-0.215758	235.997	0	
-146.562	-0.183316	228.652	0	
36.5159	-0.227977	232.683	0	
33.2581	-2.47877	205.101	0	
-145.06	-0.263753	214.019	0	
28.125	-0.721791	214.597	0	
-138.743	-0.731718	203.443	0	
-139.372	-0.734698	195.946	0	
25.9375	-0.168989	205.656	0	
-143.606	-0.4798	212.132	0	
33.3732	-1.46675	220.695	0	
-143.946	-1.49091	203.468	0	
33.7868	-0.334115	231.858	0	
9.0625	-0.119818	169.209	0	
-137.277	-0.272934	200.41	0	
181.961	-4.0966	263.536	0	
-136.25	-0.477527	182.913	0	
-136.209	-0.900923	188.557	0	
135.666	-1.58429	193.361	0	
-136.562	-0.279535	194.117	0	
149.04	-2.26571	203.815	0	
132.784	-3.29773	205.9	0	
-132.26	-2.25404	192.349	0	
129.085	-2.03491	205.547	0	
-123.426	-1.29981	191.655	0	
-129.062	-0.217085	183.47	0	
128.782	-0.334115	190.127	0	
-131.138	-0.338711	197.354	0	
132.746	-0.42622	184.349	0	
-130.11	-0.478991	191.406	0	
141.667	-0.301598	209.87	0	
-138.438	-0.177641	204.782	0	
14.9227	-2.06714	189.93	0	
128.371	-1.47499	201.541	0	
-120.938	-0.119818	198.502	0	
120.312	-0.215758	183.498	0	
-122.188	-0.215758	194.13	0	
-120.625	-0.479272	201.346	0	
111.55	-1.99411	189.976	0	
-122.794	-0.942646	199.43	0	
123.125	-0.721791	210.382	0	
-116.875	-0.721791	187.43	0	
-118.645	-0.747092	198.355	0	
-133.207	-2.67157	189.315	0	
-115.938	-0.180399	185.178	0	
-114.688	-0.172252	191.778	0	
-127.74	-0.250876	210.171	0	
-114.989	-0.734618	190.301	0	
-119.062	-0.168989	197.817	0	
-118.646	-0.409544	194.332	0	
100.312	-0.215758	181.484	0	
-93.5786	-0.248238	193.693	0	
-112.812	-0.289741	198.085	0	
-103.579	-0.248238	207.41	0	
-111.509	-0.241641	178.79	0	
-103.543	-1.03746	207.083	0	
-114.009	-2.41126	191.888	0	
-112.483	-0.497066	188.077	0	
-110.83	-0.863015	190.434	0	
-112.146	-1.60681	191.954	0	
-107.812	-0.18026	192.835	0	
-141.372	-1.34057	195.786	0	
-104.308	-0.463996	222.236	0	
-94.8577	-1.61122	194.305	0	
-142.948	-1.70822	195.112	0	
-105.314	-0.965083	204.086	0	
-110.51	-0.413055	190.598	0	
-107.745	-0.910268	192.701	0	
-108.854	-0.449365	193.892	0	
-113.536	-0.268621	193.988	0	
-101.056	-3.3174	175.92	0	
-128.717	-0.416674	167.437	0	
128.012	-1.53479	200.022	0	
-102.705	-1.03334	206.67	0	
42.9167	-0.301598	205.635	0	
-129.701	-0.309596	185.949	0	
-101.974	-0.445797	189.688	0	
-133.908	-0.874659	196.251	0	
-99.8074	-0.233592	178.732	0	
-101.602	-0.997079	188.856	0	
-91.1261	-2.20771	181.891	0	
-134.997	-0.36308	181.164	0	
-95.2729	-0.990653	192.776	0	
-149.994	-1.65184	218.283	0	
-73.3618	-1.51872	188.508	0	
-92.7055	-1.03334	194.551	0	
-149.053	-2.90591	216.377	0	
-94.3077	-0.463996	206.584	0	
-152.15	-0.495739	212.736	0	
-93.5432	-1.03746	195.551	0	
-135.545	-1.77022	180.409	0	
-150.164	-2.43845	208.581	0	
-89.0749	-1.40842	197.893	0	
-147.269	-1.98384	212	0	
-81.6602	-2.00373	189.772	0	
-86.7091	-0.182122	189.264	0	
-145.938	-0.119818	221.233	0	
-88.4375	-0.168113	189.526	0	
-146.21	-0.584347	220.473	0	
-156.026	-2.05034	208.883	0	
-82.1875	-0.180422	197.404	0	
-150.31	-0.184751	229.792	0	
-79.8289	-0.447504	189.555	0	
-73.0618	-0.893533	194.937	0	
-153.581	-1.62187	208.601	0	
-80.9375	-0.172232	187.237	0	
-155.174	-2.01944	206.277	0	
-86.2355	-0.506938	188.362	0	
-156.289	-0.309387	223.817	0	
-91.9743	-0.445797	173.257	0	
-139.06	-0.184751	194.808	0	
-158.41	-0.689185	216.473	0	
-72.2971	-1.14786	190.585	0	
-20.625	-0.721791	240.447	0	
-73.0618	-0.462016	192.649	0	
-71.5594	-0.737938	192.799	0	
-22.8125	-0.168989	234.784	0	
-74.4782	-0.843472	200.001	0	
-157.961	-2.35995	208.447	0	
-31.6024	-0.997079	202.366	0	
-70.3118	-0.938054	201.28	0	
2.67144	-0.248238	181.344	0	
-67.495	-0.726698	190.341	0	
29.7992	-2.0852	202.77	0	
-13.025	-1.76935	228.13	0	
-64.5833	-0.239636	187.005	0	
-9.32237	-3.80539	201.809	0	
-65.625	-0.399074	192.956	0	
-35.973	-2.88763	193.092	0	
-17.7588	-2.41126	198.137	0	
-63.2214	-0.445807	179.044	0	
-15.5528	-1.74916	214.704	0	
-61.0071	-0.115671	183.888	0	
-59.731	-0.604001	180.881	0	
-14.3725	-0.734698	236.022	0	
-62.0179	-1.12223	186.622	0	
-13.6493	-0.785793	244.753	0	
-46.8202	-0.457987	173.796	0	
-58.2419	-0.742702	174.86	0	
-33.5786	-0.248238	195.432	0	
-54.7466	-0.480511	174.455	0	
-53.6797	-0.423199	169.695	0	
-41.9629	-1.86757	193.031	0	
-55.79	-0.584531	174.494	0	
-41.1611	-2.74829	198.49	0	
-59.193	-1.84466	184.411	0	
-44.543	-0.578207	181.798	0	
-62.4388	-1.29514	185.503	0	
-7.08333	-0.301598	189.152	0	
-79.2092	-0.178899	190.071	0	
-152.641	-0.463959	219.466	0	
-39.3223	-1.84612	184.353	0	
-51.763	-0.428595	176.49	0	
-57.6779	-0.932663	177.32	0	
-49.6875	-0.215758	167.553	0	
-48.3468	-1.39906	177.142	0	
-55.7953	-1.38052	172.554	0	
-49.4748	-1.50262	172.765	0	
-38.1225	-0.734698	185.813	0	
-43.3484	-1.51882	185.149	0	
-41.1042	-0.581537	181.941	0	
-51.1247	-0.600913	166.89	0	
-42.3212	-0.367768	185.738	0	
-40.6503	-0.575959	179.558	0	
-51.9681	-1.5234	179.022	0	
-43.0114	-0.763747	171.24	0	
-53.2379	-2.27893	189.743	0	
-47.9421	-1.84742	180.609	0	
-54.2695	-3.18403	197.887	0	
-61.2409	-1.42588	188.644	0	
-38.4426	-0.916578	174.186	0	
-63.2482	-2.07289	186.25	0	
-33.5432	-1.03746	194.298	0	
-34.3077	-0.895512	219.509	0	
-55.2288	-2.45638	184.298	0	
-38.7887	-0.749484	184.979	0	
-61.3468	-2.42176	191.51	0	
-57.7903	-1.57133	179.124	0	
-26.1234	-2.29361	190.952	0	
-63.9809	-1.80287	183.587	0	
-31.9743	-0.445797	200.803	0	
-25.1099	-1.63052	204.835	0	
-68.8542	-0.421	187.292	0	
-32.7055	-1.03334	186.274	0	
-64.0063	-0.939704	181.551	0	
-34.3077	-0.463996	194.18	0	
-59.2367	-2.24923	187.079	0	
-39.4815	-0.881992	189.697	0	
-51.4588	-0.816803	171.46	0	
-72.692	-2.55787	181.202	0	
-25.9375	-0.215758	231.652	0	
-70.4331	-2.41216	183.984	0	
-22.4993	-0.626815	230.574	0	
-22.8118	-0.938054	222.404	0	
-69.1859	-1.83675	187.934	0	
-23.75	-0.332561	240.298	0	
-67.4855	-1.48918	195.133	0	
-78.0498	-0.453145	202.039	0	
-19.6875	-0.180399	259.099	0	
-81.2386	-0.73463	189.619	0	
-17.3065	-0.439453	228.018	0	
-16.3336	-0.642898	248.928	0	
94.0062	-2.61431	198.703	0	
-18.4375	-0.172252	246.226	0	
-91.9643	-1.83306	177.865	0	
-18.7386	-0.734618	249.812	0	
-75.7877	-0.57512	189.425	0	
83.0477	-2.60759	195.077	0	
-15.0387	-0.749484	243.828	0	
101.057	-2.27454	193.789	0	
-13.0488	-0.392771	264.05	0	
-11.5625	-0.18026	221.035	0	
82.6926	-0.233592	215.02	0	
-7.39352	-0.858875	202.474	0	
89.1667	-0.301598	232.548	0	
81.9635	-0.416907	224.752	0	
-8.4375	-0.215758	222.242	0	
72.8125	-0.215758	244.293	0	
-5.625	-0.399074	222.406	0	
-4.99501	-0.72475	211.35	0	
65.6204	-3.39114	217.6	0	
0.324114	-1.29981	198.598	0	
75.625	-0.721791	242.805	0	
-9.06474	-0.944378	220.785	0	
80.5675	-2.3532	220.791	0	
-15.3512	-0.997684	227.563	0	
99.8958	-0.449365	203.832	0	
-26.5095	-0.926222	216.624	0	
-67.8125	-0.180456	194.516	0	
-52.8427	-0.236598	160.725	0	
-37.3993	-0.785793	200.334	0	
-137.632	-1.98207	190.996	0	
-6.35417	-0.517356	223.891	0	
-3.64191	-0.790856	205.919	0	
62.9167	-0.301598	224.135	0	
2.70677	-1.03746	185.095	0	
0.925397	-0.923951	195.954	0	
58.398	-1.89834	197.805	0	
59.1667	-0.301598	179.959	0	
1.94227	-0.463996	184.744	0	
58.1275	-0.734698	185.017	0	
4.375	-0.399074	185.109	0	
4.0625	-0.215758	192.546	0	
51.875	-0.721791	177.539	0	
22.8595	-1.42312	192.399	0	
57.5656	-2.40113	195.789	0	
8.125	-0.399074	186.998	0	
65.7902	-1.56505	202.556	0	
42.7628	-3.71427	204.34	0	
7.8125	-0.215758	170.132	0	
41.356	-2.17794	199.111	0	
10.625	-0.399074	170.383	0	
10.3125	-0.215758	174.991	0	
45.0604	-1.72412	199.994	0	
14.5041	-1.93261	187.101	0	
50.0007	-0.626815	174.939	0	
45.8171	-1.73876	198.144	0	
15.9375	-0.18026	173.626	0	
40.3074	-2.05297	200.28	0	
22.19	-0.184751	179.316	0	
18.125	-0.399074	187.397	0	
33.805	-2.48237	204.935	0	
16.6003	-0.495982	175.498	0	
39.7553	-1.28314	212.372	0	
14.6754	-0.923951	188.17	0	
44.4857	-2.3302	206.985	0	
23.9928	-1.21146	191.236	0	
49.6875	-0.168989	179.44	0	
36.9789	-2.25384	210.785	0	
21.8775	-0.734698	185.203	0	
35.625	-0.399074	215.92	0	
25	-0.332561	202.515	0	
31.213	-0.478752	227.531	0	
35.0015	-1.52488	212.29	0	
22.8125	-0.177641	205.192	0	
38.2351	-1.59713	220.223	0	
28.7645	-1.48918	206.495	0	
29.6907	-0.18999	203.707	0	
28.4375	-0.180456	214.817	0	
125.343	-1.84006	177.287	0	
32.3737	-1.00392	229.736	0	
25.8169	-2.41216	215.606	0	
28.755	-0.726698	209.976	0	
24.0491	-1.98681	193.362	0	
25.9382	-0.938054	221.873	0	
27.3958	-0.421	234.934	0	
20.9375	-0.905095	192.81	0	
35.7554	-1.55201	211.87	0	
4.37253	-1.77427	184.982	0	
42.6991	-1.10167	210.176	0	
38.125	-0.399074	233.27	0	
14.3761	-0.735515	179.891	0	
35.3125	-0.215758	231.677	0	
17.8125	-0.215758	180.449	0	
151.875	-0.165467	219.131	0	
40.224	-0.233592	220.292	0	
149.627	-0.621501	216.841	0	
53.3398	-2.00366	206.822	0	
43.5448	-1.05871	210.719	0	
149.057	-1.4048	213.358	0	
41.5625	-0.180445	224.314	0	
145.569	-1.63866	207.356	0	
38.8875	-0.606473	226.733	0	
154.375	-0.721791	205.274	0	
32.8125	-0.215758	236.798	0	
27.0641	-1.83675	218.494	0	
44.0518	-0.454794	217.937	0	
41.9525	-0.892934	217.188	0	
143.201	-1.8827	205.517	0	
47.3224	-1.43657	201.91	0	
138.75	-0.727521	219.836	0	
48.4032	-0.809599	190.904	0	
49.6289	-1.24579	185.693	0	
136.667	-0.301598	204.799	0	
46.3176	-0.412519	194.873	0	
144.378	-0.734698	211.792	0	
140.625	-0.399074	203.642	0	
52.8125	-0.180399	191.49	0	
135.628	-0.734698	209.593	0	
77.0898	-2.00366	212.433	0	
55.6479	-1.27135	176.962	0	
130.224	-0.233592	217.026	0	
54.0625	-0.172252	169.505	0	
134.627	-3.4352	194.202	0	
55.6479	-1.63791	180.237	0	
135.669	-3.00774	188.694	0	
121.29	-0.584347	192.464	0	
57.4613	-0.749484	182.674	0	
61.9525	-0.892934	185.013	0	
62.6991	-1.10167	200.354	0	
61.5625	-0.180445	181.864	0	
117.755	-1.43797	191.352	0	
57.8074	-0.916578	185.078	0	
123.764	-1.48918	179.118	0	
120.238	-1.52447	196.258	0	
69.3055	-1.84173	207.572	0	
115.625	-0.721791	182.163	0	
64.0625	-0.215758	210.921	0	
71.453	-0.994627	235.711	0	
113.438	-0.168989	179.684	0	
64.375	-0.399074	182.738	0	
121.562	-0.119818	189.008	0	
69.396	-0.731827	213.229	0	
123.438	-0.180456	206.849	0	
90.8976	-0.997079	223.382	0	
130.127	-1.63469	198.825	0	
106.562	-0.215758	173.885	0	
70.0586	-0.798874	226.699	0	
-116.236	-1.48918	195.963	0	
78.0554	-2.45	211.063	0	
73.4375	-0.183316	253.397	0	
-122.274	-2.36087	176.715	0	
72.5	-0.332561	236.129	0	
-117.604	-0.421	200.401	0	
-119.183	-2.41216	180.778	0	
76.5625	-0.180399	251.434	0	
-123.75	-0.727521	195.813	0	
124.665	-1.2602	181.845	0	
79.3518	-1.29912	241.333	0	
-125.104	-0.420973	225.113	0	
77.8125	-0.172252	225.15	0	
-117.936	-1.83675	189.561	0	
78.9507	-1.08866	242.557	0	
-116.562	-0.180456	183.338	0	
-87.3358	-0.44738	200.119	0	
81.2113	-0.749484	240.232	0	
-90.7716	-1.10409	181.239	0	
84.375	-0.399074	231.634	0	
84.0625	-0.215758	247.126	0	
-92.2898	-1.64384	188.403	0	
88.8565	-0.858875	212.986	0	
-98.6052	-2.65328	191.593	0	
-98.2243	-0.445797	210.052	0	
87.8125	-0.215758	206.578	0	
-110.878	-2.35338	195.517	0	
89.7945	-1.03334	217.255	0	
90.5257	-0.445797	231.637	0	
-94.3077	-0.895512	190.752	0	
97.3536	-1.29758	198.664	0	
-98.9555	-1.03334	197.967	0	
87.1867	-0.947283	219.012	0	
-91.2709	-0.429517	175.014	0	
80.8988	-0.997684	233.565	0	
-94.0491	-1.55087	193.759	0	
100.631	-1.80724	193.579	0	
145.101	-0.785793	214.116	0	
-100.537	-0.416907	190.254	0	
92.6926	-0.233592	186.308	0	
-105.766	-1.83923	185.493	0	
96.8775	-0.734698	194.225	0	
98.4292	-1.56866	200.267	0	
-107.224	-0.298492	196.53	0	
-104.308	-0.895512	202.66	0	
117.09	-2.00366	193.456	0	
-109.583	-0.233607	198.111	0	
105.353	-0.628506	185.546	0	
104.375	-0.399074	183.102	0	
-111.615	-2.05146	194.358	0	
100.938	-0.183316	177.138	0	
-108.512	-1.52447	189.9	0	
97.8125	-0.177641	173.275	0	
-113.872	-1.98025	190.363	0	
-140.312	-0.905095	196.751	0	
111.493	-1.21146	187.82	0	
-134.395	-1.42822	184.313	0	
109.378	-0.734698	183.416	0	
110.312	-0.177641	174.206	0	
-121.875	-0.399074	199.295	0	
107.188	-0.183316	171.779	0	
-139.991	-1.49188	189.815	0	
-126.748	-0.413138	201.859	0	
113.854	-0.409544	163.541	0	
-131.504	-1.31367	197.826	0	
118.936	-1.00197	178.938	0	
116.562	-0.180399	173.821	0	
-134.983	-1.4157	180.512	0	
113.438	-0.938054	168.933	0	
-131.909	-0.738602	194.139	0	
112.5	-0.332561	168.998	0	
-128.638	-1.50314	174.402	0	
104.062	-0.215758	179.9	0	
-109.791	-0.949202	193.542	0	
-150.942	-0.916251	211.363	0	
120	-0.332561	197.378	0	
-139	-2.83589	179.545	0	
120.938	-0.183316	186.022	0	
126.356	-0.858875	193.371	0	
-140	-0.727521	201.486	0	
125.625	-0.399074	179.679	0	
-150.723	-2.05468	202.031	0	
-145.374	-2.33661	193.351	0	
149.166	-18.4351	185.638	0	
-19.9855	-1.48918	228.171	0	
128.819	-0.61835	188.548	0	
131.255	-0.730392	201.052	0	
-25.1162	-2.50627	192.16	0	
128.125	-0.399074	196.076	0	
-21.25	-0.300722	236.169	0	
123.755	-0.726698	196.932	0	
-145.441	-0.956411	208.906	0	
-22.9331	-2.41216	202.674	0	
131.562	-0.180445	203.986	0	
-27.5	-0.727521	213.504	0	
134.269	-0.881992	203.821	0	
134.649	-0.997684	210.227	0	
-28.8542	-0.420973	225.619	0	
139.504	-1.93261	212.016	0	
-21.6859	-1.83675	215.748	0	
9.375	-0.479272	171.141	0	
141.356	-0.858875	205.951	0	
5.03951	-0.584347	186.797	0	
140.312	-0.215758	225.817	0	
155.84	-2.00366	213.477	0	
4.01419	-1.50556	184.605	0	
139.675	-0.923951	222.238	0	
-2.24384	-2.61431	204.651	0	
134.961	-0.749484	205.035	0	
2.20086	-1.55087	189.894	0	
131.998	-0.887116	198.674	0	
-20.3125	-0.180456	240.564	0	
117.812	-0.172252	191.04	0	
-134.057	-0.186201	193.255	0	
-1.43068	-1.37109	201.241	0	
143.399	-0.997684	216.37	0	
-13.1768	-3.11344	211.583	0	
150.83	-1.67698	207.887	0	
145.695	-0.403121	224.758	0	
1.94227	-0.895512	191.47	0	
143.711	-0.749484	214.509	0	
-2.79794	-0.173234	233.496	0	
-4.99747	-0.365196	204.334	0	
150.059	-0.246924	222.655	0	
-9.30433	-1.62119	217.886	0	
151.733	-0.81968	211.528	0	
157.255	-0.454315	218.624	0	
-17.622	-1.98025	200.157	0	
154.04	-1.99481	198.478	0	
-10.8999	-0.495739	242.926	0	
148.128	-0.734698	210.909	0	
-5.42366	-2.57298	203.877	0	
-12.5266	-2.39319	220.159	0	
156.32	-0.373341	223.342	0	
-14.9713	-1.4311	219.224	0	
158.804	-1.21037	183.974	0	
159.299	-0.287253	174.32	0	
-14.06	-0.184751	239.898	0	
157.812	-0.132298	195.75	0	
-12.4004	-1.00144	226.731	0	
-43.5749	-1.17545	178.129	0	
158.395	-2.95147	192.373	0	
-25.625	-0.399074	221.466	0	
-25.3654	-13.5356	517.301	0	
165.994	-1.88735	175.257	0	
-32.2075	-1.53682	187.792	0	
153.912	-4.6863	199.39	0	
-37.396	-1.76881	197.895	0	
160.317	-2.05472	169.433	0	
-46.05	-0.880769	171.646	0	
155.312	-0.180399	207.804	0	
-8.125	-0.399074	224.059	0	
-35.6526	-0.748947	190.866	0	
172.135	-1.16645	206.278	0	
-38.5941	-1.89191	182.809	0	
176.058	-0.673031	230.795	0	
166.913	-4.76514	179.103	0	
-37.81	-0.184751	180.584	0	
163.503	-7.58578	180.196	0	
-35.7299	-1.82558	195.649	0	
-56.3558	-1.48755	170.149	0	
153.913	-5.19903	199.171	0	
-44.3125	-1.52813	184.048	0	
123.75	-40.535	171.106	0	
175.672	-31.7844	256.513	0	
-47.9812	-2.24958	183.026	0	
197.758	-1.16333	310.77	0	
-51.2571	-1.9971	178.587	0	
177.349	-6.25469	241.622	0	
-57.1432	-1.58353	175.426	0	
-50.4302	-1.13145	166.724	0	
-68.875	-0.7939	188.018	0	
-66.4847	-2.06266	196.216	0	
-49.9659	-1.88108	175.378	0	
28.3819	-2.59243	202.732	0	
-74.8309	-1.18465	195.062	0	
-79.1074	-2.26852	181.835	0	
-77.0132	-0.778566	206.771	0	
-70.8864	-2.41546	182.916	0	
164.573	-56.0766	247.976	0	
-46.5245	-1.57636	175.671	0	
168.834	-3.069	189.218	0	
-30.5432	-0.413138	214.275	0	
142.039	-1.45463	200.826	0	
5.3125	-0.119818	172.969	0	
-75.5244	-1.41505	200.846	0	
-102.208	-1.53682	192.805	0	
-78.5661	-1.68017	187.294	0	
63.6458	-0.517356	177.313	0	
-77.8246	-1.60479	193.721	0	
-81.8674	-0.734712	194.539	0	
-84.8457	-0.412919	177.461	0	
97.7702	-1.36247	196.928	0	
106.25	-0.332561	177.079	0	
92.0836	-1.48774	214.052	0	
101.29	-0.584347	177.897	0	
100.363	-1.5501	196.035	0	
101.562	-0.119818	176.914	0	
94.8193	-1.37109	191.607	0	
93.1004	-1.27697	195.511	0	
88.9144	-3.41477	211.574	0	
97.19	-0.184751	203.65	0	
90.2925	-1.53682	211.926	0	
91.9635	-0.416907	230.894	0	
85.0395	-0.584347	231.212	0	
86.9387	-1.61689	219.545	0	
82.0943	-1.4553	217.614	0	
88.125	-0.399074	186.637	0	
84.0142	-1.50556	216.277	0	
85.3125	-0.119818	208.626	0	
81.4271	-1.64255	220.313	0	
82.7121	-1.02568	217.295	0	
73.7895	-0.584347	250.281	0	
76.2645	-1.48918	209.4	0	
70.9147	-1.62434	215.121	0	
75.9375	-0.180456	251.006	0	
72.7384	-1.52447	226.953	0	
74.0625	-0.119818	252.928	0	
68.413	-1.23646	215.321	0	
66.7762	-0.955178	207.069	0	
58.8859	-3.02744	216.031	0	
69.6652	-1.31314	212.346	0	
64.6115	-3.31845	217.084	0	
65.0025	-0.365196	186.053	0	
60.224	-0.233592	208.771	0	
60.6425	-2.00795	207.471	0	
58.1205	-2.5049	203.294	0	
58.8623	-0.856232	185.661	0	
51.25	-0.300722	174.316	0	
52.5145	-1.48918	209.213	0	
45.7701	-3.0939	210.537	0	
52.1875	-0.180456	175.95	0	
49.2927	-2.27561	201.362	0	
50.8141	-1.83675	194.155	0	
46.2294	-1.7527	198.556	0	
47.0235	-2.33982	206.837	0	
40.9375	-0.183316	220.61	0	
40.3409	-1.79929	200.464	0	
27.375	-0.7939	207.423	0	
29.077	-1.2985	207.164	0	
25.3636	-2.41546	212.364	0	
120.627	-1.78303	200.987	0	
19.8958	-0.420973	197.242	0	
21.2589	-1.49188	194.393	0	
16.0816	-2.31285	196.029	0	
21.25	-0.727521	184.259	0	
17.5837	-1.46822	193.863	0	
18.4202	-1.60778	197.65	0	
13.75	-0.727521	178.902	0	
11.2895	-0.584347	173.844	0	
152.85	-0.495902	197.249	0	
155.014	-1.48918	206.961	0	
145.394	-1.8897	205.34	0	
154.688	-0.180456	210.446	0	
151.59	-1.03039	212.869	0	
152.359	-0.463959	206.64	0	
147.149	-0.997684	209.167	0	
148.745	-1.51942	210.547	0	
148.277	-1.83888	209.464	0	
148.861	-0.719544	210.584	0	
144.195	-1.70317	207.967	0	
144.69	-0.184751	206.358	0	
138.438	-0.905095	221.035	0	
138.759	-1.49188	220.058	0	
135.113	-1.56348	199.73	0	
136.362	-0.856232	197.402	0	
130.938	-0.183316	207.956	0	
130.355	-1.79576	199.663	0	
122.479	-0.673366	210.821	0	
124.077	-1.2985	185.151	0	
120.206	-2.50699	195.998	0	
156.505	-1.43797	217.864	0	
114.896	-0.421	189.039	0	
116.264	-1.48918	204.71	0	
112.864	-2.41546	181.281	0	
115.938	-0.180456	175.803	0	
113.317	-2.41216	182.312	0	
114.564	-1.83675	184.906	0	
107.54	-0.584347	174.401	0	
110.386	-2.38646	189.359	0	
-117.625	-0.7939	198.663	0	
-115.911	-2.60817	190.315	0	
-137.767	-2.40906	185.677	0	
-67.8555	-2.42734	190.62	0	
-124.062	-0.905095	198.017	0	
-123.741	-1.49188	192.312	0	
-88.3092	-2.06224	197.227	0	
-81.268	-2.32432	186.755	0	
-85.7029	-2.21773	188.21	0	
-85.2623	-0.239982	191.81	0	
-89.6875	-0.173181	181.529	0	
-88.8038	-1.61508	199.5	0	
-96.5625	-0.905095	189.338	0	
-96.2548	-1.43734	189.863	0	
-95.217	-2.14974	191.876	0	
-96.25	-0.727521	187.08	0	
-101.455	-1.31472	189.931	0	
-99.7879	-1.02568	193.597	0	
-106.562	-0.231865	195.236	0	
-106.167	-1.40125	188.947	0	
-69.6103	-1.70135	189.796	0	
-100.416	-1.48774	189.954	0	
-140.625	-0.721791	211.941	0	
-140.748	-1.84266	182.58	0	
-153.609	-2.92883	189.374	0	
-124.115	-2.48854	183.937	0	
-127.308	-1.11471	187.874	0	
-126.043	-1.22711	211.043	0	
-132.783	-0.758517	204.042	0	
-132.292	-1.34487	198.723	0	
-118.36	-1.70135	189.67	0	
-127.214	-1.6804	187.825	0	
-201.647	-32.3084	358.418	0	
-118.508	-3.92482	178.057	0	
-21.2708	-0.673623	239.521	0	
-19.7186	-2.68286	217.32	0	
-28.0521	-2.47027	196.119	0	
5.21186	-2.25783	188.992	0	
-27.8125	-0.905095	203.221	0	
-27.4911	-1.49188	199.048	0	
7.87246	-1.45266	188.602	0	
16.213	-0.478752	177.261	0	
10.2416	-1.52283	179.963	0	
11.5625	-0.119818	174.216	0	
7.18666	-0.947283	201.755	0	
6.93869	-1.61689	199.156	0	
-0.3125	-0.905095	204.598	0	
0.00890801	-1.49188	205.719	0	
0.374753	-2.12441	205.082	0	
-1.85037e-17	-0.727521	195.05	0	
-4.83422	-1.62376	203.518	0	
-4.05743	-0.186199	202.505	0	
-9.69198	-0.916251	227.682	0	
-9.69466	-1.39056	219.242	0	
26.6397	-1.70135	222.982	0	
-3.35525	-1.8889	202.216	0	
-45.6649	-1.53845	175.779	0	
-42.9037	-1.43654	181.525	0	
-50.7887	-2.22602	179.294	0	
-30.1701	-3.38158	206.948	0	
-31.0828	-1.80957	201.248	0	
-29.7912	-0.956299	235.317	0	
-36.533	-0.743632	207.73	0	
-36.0504	-1.32194	202.603	0	
-22.1103	-1.70135	217.067	0	
-30.7404	-3.15703	202.426	0	
-60.9118	-2.17441	190.595	0	
-51.6075	-1.73353	177.704	0	
-68.1262	-1.46081	190.649	0	
-68.1895	-3.67084	198.693	0	
-76.9486	-1.54301	203.216	0	
-73.9456	-2.36435	186.131	0	
-78.2398	-1.84732	188.299	0	
-106.341	-4.34647	181.482	0	
-83.5249	-0.230877	194.422	0	
-82.4855	-1.48916	199.674	0	
104.123	-1.4537	184.752	0	
109.69	-0.184751	190.643	0	
106.488	-1.52447	184.651	0	
107.812	-0.119818	174.852	0	
103.437	-0.948513	179.121	0	
103.186	-1.61539	184.516	0	
95.9375	-0.905095	185.346	0	
96.2448	-1.46872	192.228	0	
97.2432	-1.60465	199.463	0	
96.25	-0.727521	184.713	0	
91.0448	-1.31472	215.872	0	
92.7121	-1.02568	195.038	0	
86.2277	-0.679594	225.956	0	
86.1134	-2.24603	217.216	0	
77.338	-1.37309	222.822	0	
78.9928	-3.08503	213.24	0	
74.9788	-0.673366	241.422	0	
76.577	-1.2985	223.902	0	
67.9181	-3.34888	214.471	0	
123.788	-3.35999	176.622	0	
68.7676	-0.680195	218.713	0	
69.0113	-2.0416	206.772	0	
64.7741	-1.42946	199.655	0	
65.9426	-0.186199	209.248	0	
60.9375	-0.183316	195.154	0	
60.2363	-1.84361	203.946	0	
53.588	-1.37309	197.46	0	
73.1275	-1.78303	221.226	0	
51.2292	-0.673623	170.659	0	
52.827	-1.2985	198.317	0	
39.4692	-3.84951	199.287	0	
54.9287	-3.19033	209.532	0	
38.118	-2.95689	207.245	0	
44.9163	-2.56104	206.719	0	
28.1238	-1.46081	211.325	0	
28.4181	-2.05376	206.109	0	
20.625	-0.721791	184.414	0	
22.3626	-2.93569	190.194	0	
-9.40306	-3.00422	207.103	0	
18.0056	-1.70676	199.108	0	
13.4375	-0.905095	187.321	0	
13.7589	-1.49188	189.004	0	
153.718	-0.740078	199.894	0	
155.327	-1.2985	211.624	0	
142.831	-3.37674	196.668	0	
143.642	-4.37801	200.386	0	
147.461	-0.749484	220.536	0	
145.784	-2.26826	203.27	0	
140.738	-1.722	201.403	0	
150.772	-2.45362	198.56	0	
138.125	-0.721791	215.7	0	
139.074	-1.29981	219.618	0	
132.189	-3.6817	210.877	0	
143.885	-3.38965	199.144	0	
131.898	-1.85753	199.083	0	
130.112	-2.94084	210.244	0	
127.992	-1.997	200.949	0	
127.986	-2.48875	202.115	0	
122.764	-1.57873	192.009	0	
122.106	-2.43874	193.854	0	
114.875	-0.7939	186.212	0	
116.577	-1.2985	189.909	0	
85.7967	-4.12128	200.55	0	
114.14	-1.70135	176.737	0	
108.728	-0.679594	177.265	0	
108.109	-2.47917	182.868	0	
-116.876	-1.46081	195.664	0	
-116.582	-2.05376	192.662	0	
-124.375	-0.721791	199.588	0	
-123.371	-2.59296	178.077	0	
-78.1233	-4.04056	198.977	0	
-141.856	-8.09901	300.633	0	
-90.6814	-1.54166	189.393	0	
-90.2535	-2.31753	183.077	0	
-96.875	-0.721791	191.303	0	
-96.9989	-1.67615	193.631	0	
-116.618	-2.59243	187.544	0	
-108.882	-3.09559	188.573	0	
-104.044	-1.53056	198.278	0	
-111.876	-2.35387	197.102	0	
-108.123	-1.78303	188.69	0	
-116.718	-4.66468	199.001	0	
-141.915	-1.87923	183.042	0	
-142.865	-2.33173	183.844	0	
-131.278	-2.0984	194.434	0	
-141.793	-4.8861	185.516	0	
-140.995	-4.72672	181.214	0	
-131.722	-3.19765	191.065	0	
-20.6262	-1.46081	225.91	0	
-20.3319	-2.05376	218.482	0	
-28.125	-0.721791	208.359	0	
-27.1811	-2.62626	188.661	0	
-44.1058	-2.41517	192.964	0	
-46.3089	-4.96845	249.059	0	
6.22765	-0.679594	183.949	0	
6.27845	-2.48694	197.521	0	
-0.62502	-0.721791	191.821	0	
-0.727492	-1.88479	202.696	0	
-20.3681	-2.59243	218.158	0	
-12.231	-2.9171	214.354	0	
-8.37854	-1.45024	211.613	0	
-16.2711	-2.50005	190.959	0	
-11.4087	-2.17411	219.624	0	
-20.0507	-4.31006	204.843	0	
-44.7797	-1.40618	182.65	0	
-45.0801	-2.70697	193.298	0	
-34.0445	-1.53056	193.473	0	
-49.4825	-6.21833	291.833	0	
-44.3518	-5.44058	261.199	0	
-32.5167	-4.29815	203.994	0	
-74.4534	-2.93644	188.519	0	
24.8006	-2.71161	201.985	0	
-76.4892	-2.28914	197.249	0	
-75.6471	-4.09446	202.409	0	
-84.375	-0.172936	182.856	0	
-82.173	-1.29849	195.472	0	
-90.6715	-2.46797	180.141	0	
-86.0439	-2.41319	188.099	0	
102.478	-0.679594	180.956	0	
102.79	-0.926407	181.994	0	
95.625	-0.721791	178.653	0	
95.5225	-1.88479	189.559	0	
76.7466	-3.40334	201.557	0	
83.9507	-3.02689	198.451	0	
87.8725	-1.45266	209.259	0	
79.941	-2.5972	219.59	0	
84.3725	-1.77427	209.268	0	
74.8567	-4.7589	199.813	0	
75.2644	-1.57873	219.435	0	
74.5183	-2.55994	210.138	0	
67.4449	-0.718532	212.546	0	
69.0751	-2.44096	207.19	0	
52.1319	-2.59243	214.817	0	
49.7199	-6.34549	225.606	0	
61.759	-2.16889	207.643	0	
46.8516	-6.52713	215.683	0	
51.0758	-4.39431	234.415	0	
60.9296	-3.57228	237.378	0	
51.8738	-1.46081	200.589	0	
52.1681	-2.05376	212.018	0	
20.6979	-2.47027	195.252	0	
107.751	-3.85579	188.108	0	
20.536	-1.87789	191.733	0	
20.9054	-2.06317	194.669	0	
13.125	-0.721791	179.504	0	
14.0741	-1.29981	184.07	0	
5.7989	-2.24647	194.024	0	
9.81407	-2.2442	185.089	0	
154.361	-1.83928	202.376	0	
154.668	-2.05381	203.046	0	
151.675	-1.66043	200.449	0	
139.459	-4.3634	198.191	0	
138.122	-1.45888	210.086	0	
138.31	-2.11186	208.815	0	
115.882	-2.59243	194.69	0	
154.632	-2.59263	204.561	0	
115.624	-1.46081	200.213	0	
115.918	-2.05376	200.559	0	
106.877	-1.78303	184.635	0	
109.781	-3.55026	188.427	0	
-140.292	-2.75015	172.669	0	
-71.168	-2.73451	182.453	0	
-124.095	-2.06317	187.521	0	
-125.197	-2.65534	188.969	0	
-92.4141	-2.66027	182.508	0	
-84.8712	-1.81772	188.611	0	
-98.14	-1.86639	197.302	0	
-98.521	-1.66146	197.827	0	
-153.175	-1.81109	201.857	0	
-144.575	-3.87493	185.049	0	
-23.8872	-2.85501	193.53	0	
3.29316	-5.75154	202.781	0	
-28.214	-1.87789	201.711	0	
-27.8446	-2.06317	196.785	0	
3.95493	-2.49764	187.782	0	
10.6272	-1.78287	180.242	0	
-0.701234	-1.49655	205.749	0	
-1.78469	-2.45031	203.997	0	
-49.4002	-3.18447	196.722	0	
-48.283	-3.6515	208.869	0	
-88.2793	-3.88453	195.199	0	
-92.7854	-4.58335	200.413	0	
-83.5656	-1.42062	198.038	0	
-83.6174	-2.27876	195.52	0	
100.624	-2.51514	196.577	0	
107.718	-2.26923	180.594	0	
95.5488	-1.49655	189.29	0	
94.4653	-2.45031	193.897	0	
72.2956	-3.06624	201.996	0	
120.201	-3.08712	194.353	0	
68.3184	-2.31767	209.493	0	
66.7274	-2.77168	212.236	0	
48.0783	-3.1839	215.38	0	
49.8536	-4.5315	230.681	0	
17.7461	-3.87787	215.523	0	
-0.548176	-2.47148	205.571	0	
13.1209	-1.45954	187.128	0	
12.8767	-3.29821	187.405	0	
149.087	-4.00043	195.974	0	
185.26	-0.853077	277.797	0	
147.805	-1.27839	213.33	0	
148.867	-2.89199	198.087	0	
133.906	-2.53349	203.216	0	
138.072	-2.7081	200.564	0	
90.915	-1.51156	222.095	0	
101.682	-2.14196	189.802	0	
-153.215	-4.9192	204.377	0	
-131.864	-2.9026	190.217	0	
-122.137	-3.12844	170.002	0	
-96.5283	-2.75732	192.921	0	
-46.9745	-3.58852	207.976	0	
-34.757	-3.8047	190.862	0	
-26.1601	-3.364	184.909	0	
13.1628	-2.23775	186.046	0	
-101.283	-3.59884	175.002	0	
-83.3318	-3.51111	198.207	0	
48.453	-3.46364	218.651	0	
95.7148	-2.67592	195.208	0	
60.4998	-2.92834	222.869	0	
70.4441	-4.3933	205.855	0	
-4.06604	-5.40076	198.868	0	
7.1522	-3.63006	201.599	0	
147.281	-3.07418	199.016	0	
148.136	-4.03816	197.68	0	
35.038	-2.24202	207.013	0	
34.5014	-2.6931	203.641	0	
127.14	-2.98525	195.454	0	
126.039	-4.85127	197.433	0	
-147.845	-2.9586	215.372	0	
-143.311	-2.36352	183.932	0	
-159.317	-0.961402	202.289	0	
-198.497	-13.6936	330.391	0	
-153.599	-2.52708	193.017	0	
-151.987	-2.66189	189.299	0	
-156.043	-2.77227	203.413	0	
-155.827	-2.40016	204.169	0	
-52.4729	-2.66409	192.999	0	
-50.3407	-2.92098	191.954	0	
-59.6043	-2.52022	190.437	0	
-58.2619	-1.75589	181.77	0	
-56.6045	-2.79487	185.561	0	
-57.9689	-3.00272	192.079	0	
-63.6232	-3.72908	201.489	0	
-65.5072	-5.22958	230.374	0	
-71.9141	-3.80103	190.867	0	
-68.3755	-3.9593	199.392	0	
44.0646	-2.44365	208.435	0	
46.9965	-3.59528	218.568	0	
35.4755	-2.03028	208.312	0	
33.3059	-3.43497	196.702	0	
32.5742	-3.22523	194.671	0	
36.1583	-2.26167	208.353	0	
23.9258	-3.2437	191.52	0	
27.8272	-3.24228	203.119	0	
119.217	-2.97405	192.858	0	
121.468	-2.26923	199.499	0	
-121.355	-1.84069	186.445	0	
-117.173	-3.24228	184.55	0	
-94.2711	-2.94419	193.546	0	
-94.2219	-5.87099	232.566	0	
-108.544	-2.50699	186.847	0	
-107.282	-2.26923	181.071	0	
-146.019	-2.01673	198.572	0	
-148.192	-3.54043	215.856	0	
-24.1882	-3.35957	189.308	0	
-20.9228	-3.24228	209.191	0	
3.13624	-2.47937	188.989	0	
1.9618	-5.1173	202.671	0	
-13.3551	-2.15138	222.6	0	
-10.5875	-2.52846	216.03	0	
-49.4508	-2.12883	179.119	0	
-46.1002	-2.22272	181.342	0	
-52.2821	-3.1356	201.057	0	
-48.9459	-2.25953	182.21	0	
-79.6784	-1.63116	182.933	0	
-76.9734	-2.43239	196.015	0	
99.6667	-3.04806	203.432	0	
99.0858	-5.70152	206.55	0	
83.9549	-2.49764	198.362	0	
85.2119	-2.25783	210.87	0	
71.9995	-2.92649	204.371	0	
73.968	-2.26923	219.937	0	
47.5837	-2.98766	214.056	0	
51.5772	-3.24228	221.271	0	
43.6258	-2.86569	208.539	0	
48.215	-2.80312	210.951	0	
16.0631	-3.03793	202.668	0	
19.4859	-2.45278	200.081	0	
151.927	-4.36539	193.008	0	
154.08	-3.23691	198.435	0	
111.381	-3.26678	190.444	0	
115.327	-3.24228	194.412	0	
-87.7536	-2.72593	192.959	0	
-84.8665	-2.21327	190.293	0	
9.32319	-2.73157	190.539	0	
11.3592	-3.08405	185.761	0	
105.572	-2.73119	191.681	0	
102.856	-2.93417	192.197	0	
-144.143	-3.1078	182.741	0	
-140.421	-2.05005	179.78	0	
-99.6533	-2.8561	184.772	0	
-96.7719	-2.36153	192.751	0	
-3.06548	-2.49241	203.827	0	
-0.997371	-2.50494	205.183	0	
93.1497	-2.54879	205.122	0	
95.2526	-2.50494	193.851	0	
43.0932	-3.90809	207.179	0	
46.5797	-2.37636	205.579	0	
129.014	-4.16754	217.809	0	
132.463	-1.97864	202.095	0	
128.129	-5.22524	218.809	0	
128.301	-4.23072	214.295	0	
-152.425	-3.69099	193.62	0	
-152.231	-4.40508	187.947	0	
-158.382	-2.41285	204.045	0	
-164.805	-15.0671	531.082	0	
-153.549	-3.88407	192.549	0	
-150.723	-2.8958	199.155	0	
-158.673	-7.60166	314.866	0	
-154.494	-3.09308	194.901	0	
-157.571	-9.26456	391.117	0	
-144.555	-3.12781	184.292	0	
-59.0996	-2.91852	194.177	0	
-57.4782	-3.50843	199.202	0	
-62.0617	-2.77066	193.792	0	
-58.4207	-3.11371	195.623	0	
-62.4873	-2.97508	194.498	0	
-56.6987	-3.91677	210.516	0	
-63.6978	-2.30395	187.465	0	
-63.3083	-2.98611	192.608	0	
-62.1749	-3.39746	198.709	0	
-60.8709	-2.94224	195.933	0	
-71.6675	-4.91097	207.247	0	
-68.0886	-6.7126	262.322	0	
39.7614	-3.76511	198.233	0	
38.5882	-3.77928	202.559	0	
36.5662	-2.49665	208.265	0	
38.1018	-3.16813	206.161	0	
35.0382	-3.63642	201.477	0	
37.2439	-2.9397	207.617	0	
34.895	-2.95163	202.781	0	
33.8204	-2.9394	200.813	0	
23.9065	-4.50748	185.973	0	
26.9804	-4.7818	190.484	0	
119.132	-4.64168	195.564	0	
114.637	-4.79726	199.934	0	
-121.341	-3.96596	169.385	0	
-125.233	-4.56576	190.432	0	
-91.8107	-3.76789	186.314	0	
-89.4471	-3.01957	188.149	0	
-90.9728	-3.77629	185.135	0	
-85.6314	-4.41758	202.466	0	
-107.039	-3.57178	179.905	0	
-105.491	-2.38696	178.767	0	
-111.353	-3.40015	203.224	0	
-98.6255	-3.0858	191.502	0	
-145.82	-3.09839	194.086	0	
-142.714	-3.41784	172.188	0	
-24.8733	-4.32701	193.895	0	
-29.8177	-4.86751	226.557	0	
4.80956	-4.10678	200.016	0	
6.98712	-2.72678	201.226	0	
5.28483	-3.87964	199.993	0	
10.1524	-3.26903	189.964	0	
-13.7371	-3.90825	200.935	0	
-9.7751	-2.9646	210.339	0	
-13.628	-3.30054	206.437	0	
-1.22865	-3.80545	204.982	0	
-51.2265	-2.87396	192.734	0	
-48.3532	-2.51642	185.673	0	
-50.7983	-3.30532	201.971	0	
-47.8139	-3.50095	206.101	0	
-79.8898	-4.5539	204.943	0	
-83.8814	-6.99643	265.036	0	
100.806	-4.09464	202.168	0	
113.456	-4.22103	195.519	0	
110.788	-3.35795	190.403	0	
107.298	-3.02935	185.724	0	
84.8981	-4.13542	194.044	0	
85.6753	-2.51323	209.704	0	
81.1357	-3.09526	206.272	0	
94.8713	-3.92379	200.385	0	
71.2755	-4.39773	201.999	0	
66.4426	-4.92931	230.306	0	
44.9395	-4.33885	216.001	0	
49.0821	-2.18974	200.608	0	
45.9107	-4.51349	219.749	0	
49.5806	-3.07028	213.71	0	
18.1622	-5.94443	214.673	0	
11.6223	-4.69329	193.005	0	
109.001	-2.9591	184.538	0	
101.3	-3.40202	197.623	0	
-90.9841	-3.22877	180.074	0	
-95.3577	-3.50372	196.261	0	
4.3749	-3.81332	197.095	0	
3.26911	-4.8621	201.553	0	
106.064	-2.24416	188.826	0	
106.371	-3.04238	189.441	0	
97.7134	-3.97283	205.234	0	
101.718	-4.18361	200.274	0	
-144.766	-2.72562	187.827	0	
-145.663	-4.19706	198.664	0	
-104.594	-2.47099	180.575	0	
-108.076	-3.98519	190.002	0	
-5.96587	-4.3938	198.423	0	
-11.4498	-2.99399	213.89	0	
90.887	-3.11444	219.922	0	
84.4065	-3.88383	194.599	0	
122.379	-2.73872	189.284	0	
144.751	-3.68335	199.944	0	
125.632	-4.25793	189.036	0	
129.168	-3.52292	214.344	0	
-154.791	-5.68939	228.555	0	
-149.538	-2.72222	215.125	0	
-156.044	-3.7564	205.787	0	
-89.163	-5.69352	223.743	0	
-157.109	-3.08667	207.225	0	
-156.691	-4.50691	220.885	0	
-155.34	-4.74703	215.294	0	
-150.511	-3.32979	200.952	0	
-87.7349	-3.90747	195.949	0	
-55.5139	-3.11113	192.754	0	
-59.61	-3.41172	200.414	0	
8.81055	-5.80443	201.106	0	
-64.8969	-3.57335	200.425	0	
-57.9983	-4.57936	226.934	0	
-64.186	-5.80182	241.24	0	
-60.9321	-4.0928	213.059	0	
9.60449	-5.75588	199.582	0	
93.6709	-5.36828	197.754	0	
30.0666	-3.9414	187.705	0	
32.8357	-5.3332	197.057	0	
35.4349	-2.96408	203.724	0	
34.6283	-4.37999	200.768	0	
35.71	-6.06282	216.11	0	
37.4907	-3.51801	205.86	0	
-101.585	-1.51156	184.113	0	
-99.4144	-4.76281	197.85	0	
-143.402	-5.0717	195.098	0	
-68.8643	-3.95991	199.468	0	
-155.956	-6.35979	262.721	0	
-50.2232	-4.33798	227.963	0	
-149.047	-4.95865	223.18	0	
-147.819	-5.37314	235.66	0	
-5.84624	-2.2446	204.673	0	
-2.95243	-5.28379	199.329	0	
-56.9481	-3.79718	206.518	0	
26.0785	-5.06342	190.455	0	
-39.8501	-3.05067	194.272	0	
46.6592	-4.3544	221.988	0	
-54.8694	-5.30259	259.705	0	
-50.595	-3.6551	208.993	0	
-55.8517	-5.622	267.886	0	
-48.3594	-3.404	200.665	0	
-51.7661	-5.45879	265.701	0	
-47.4876	-5.3985	261.045	0	
91.2177	-3.02933	220.24	0	
104.817	-4.56115	200.047	0	
37.1149	-4.01292	205.661	0	
129.289	-3.80023	216.773	0	
57.221	-3.54588	209.922	0	
111.108	-5.61856	199.091	0	
43.3536	-6.18472	207.186	0	
46.8359	-3.99354	220.969	0	
40.4356	-5.78252	203.663	0	
47.9013	-3.32561	217.428	0	
39.412	-4.0552	200.016	0	
48.4845	-4.9023	229.021	0	
-90.6069	-4.12617	190.71	0	
-89.0673	-4.52636	199.125	0	
5.73603	-4.1862	202.351	0	
6.98424	-5.01005	204.518	0	
102.618	-7.00784	209.008	0	
107.221	-5.74185	202.266	0	
103.456	-3.476	194.272	0	
104.491	-4.14712	198.314	0	
101.226	-5.86357	206.931	0	
101.838	-4.44151	201.384	0	
-150.949	-5.32668	227.096	0	
-144.55	-4.64714	195.43	0	
77.6613	-5.67702	197.577	0	
144.288	-10.3889	227.015	0	
128.777	-4.59472	217.793	0	
128.92	-5.92112	226.632	0	
-158.445	-5.06306	236.924	0	
-143.517	-3.47744	178.207	0	
-160.679	-1.87279	179.004	0	
-206.269	-14.2369	315.956	0	
-187.098	-42.4905	476.952	0	
-78.4393	-3.98282	196.738	0	
-149.608	-8.74224	355.218	0	
-57.082	-5.18355	246.284	0	
-61.096	-4.62111	222.12	0	
-57.3271	-4.76273	236.321	0	
-116.414	-3.71274	193.186	0	
16.8128	-4.49491	214.543	0	
-19.2285	-4.21444	197.999	0	
109.006	-4.7321	195.1	0	
38.4507	-5.35128	207.611	0	
43.9662	-5.44754	211.744	0	
-139.231	-4.37141	181.614	0	
-145.479	-8.07568	316.217	0	
-96.8315	-5.56766	229.923	0	
-97.6751	-4.94085	211.987	0	
-149.551	-6.82822	273.63	0	
-134.007	-3.67088	191.282	0	
-31.6202	-3.0082	192.77	0	
40.6422	-6.40876	206.013	0	
-1.71121	-5.54122	200.204	0	
-0.110131	-5.46321	202.135	0	
-69.5363	-5.77906	236.673	0	
-54.0105	-4.08553	224.119	0	
-52.3055	-4.26504	229.675	0	
-51.8241	-4.92371	248.373	0	
-53.2197	-7.13802	324.049	0	
-49.2997	-5.16951	253.058	0	
-53.5721	-8.23767	351.927	0	
-35.8103	-2.36349	193.417	0	
-49.4901	-4.54186	233.003	0	
-48.3547	-4.88625	243.489	0	
64.2777	-3.89121	228.07	0	
111.225	-3.7853	191.692	0	
94.4223	-6.06084	199.765	0	
95.7961	-4.76514	199.378	0	
25.6079	-5.92774	183.465	0	
41.6403	-5.63194	203.896	0	
44.083	-4.86004	212.691	0	
45.0218	-5.00843	216.784	0	
45.1667	-6.39464	210.697	0	
45.598	-5.45125	218.412	0	
42.276	-7.35918	202.094	0	
60.0127	-2.93955	223.092	0	
47.7908	-4.01055	223.121	0	
47.3563	-6.33336	218.471	0	
-92.3648	-4.48529	196.834	0	
-88.51	-6.27083	238.987	0	
5.21193	-4.97546	203.805	0	
5.36303	-5.87626	205.402	0	
107.716	-4.93836	196.064	0	
109.823	-5.4368	199.433	0	
46.6091	-6.07234	219.03	0	
104.022	-5.0585	202.818	0	
101.792	-4.99848	203.803	0	
100.757	-5.51624	206.635	0	
-147.853	-4.89461	224.294	0	
-146.846	-4.91614	216.24	0	
-146.075	-7.18376	277.135	0	
-144.797	-4.23299	191.413	0	
-148.355	-7.551	299.984	0	
-132.338	-2.5831	191.808	0	
-153.896	-5.83686	227.647	0	
-152.857	-6.10396	236.117	0	
-66.7774	-5.63948	236.553	0	
-50.609	-6.18108	289.627	0	
29.2734	-5.6573	186.413	0	
60.9415	-9.86164	157.875	0	
-165.042	-4.35698	263.855	0	
-124.626	-5.37087	202.351	0	
-65.7346	-6.18769	250.611	0	
-36.2326	-8.55575	337.239	0	
-57.9212	-8.19307	342.241	0	
-25.4189	-7.32287	270.487	0	
-34.2139	-5.40177	224.003	0	
-45.3436	-4.36083	230.639	0	
31.1779	-5.98756	191.482	0	
103.822	-7.12825	209.849	0	
36.7925	-6.80902	220.482	0	
122.171	-4.12915	185.509	0	
61.938	-4.47083	243.796	0	
50.7483	-4.38313	232.42	0	
-100.131	-6.83255	243.71	0	
-118.186	-4.63866	189.566	0	
-3.69972	-6.61906	194.672	0	
-22.2144	-4.44498	205.498	0	
101.397	-9.49523	202.735	0	
97.4074	-6.18657	202.657	0	
74.6713	-4.12915	198.404	0	
91.9053	-6.52435	196.463	0	
-143.162	-5.62726	201.344	0	
-143.227	-3.89049	174.918	0	
-152.289	-5.84877	226.021	0	
-122.194	-7.51212	273.61	0	
-136.268	-2.51063	178.847	0	
-128.968	-2.11538	170.653	0	
-37.5763	-3.93194	204.391	0	
-31.585	-1.51156	195.482	0	
59.1274	-3.45591	227.821	0	
63.9323	-2.57601	204.204	0	
133.722	-4.79855	203.112	0	
130.58	-6.10288	227.842	0	
124.137	-6.08647	193.087	0	
152.23	-13.6467	195.87	0	
-153.88	-6.54556	258.188	0	
-51.4891	-10.3154	381.667	0	
-41.3096	-4.45538	227.661	0	
-42.9407	-4.09079	224.027	0	
55.1593	-5.71626	232.914	0	
51.8488	-4.58308	237.282	0	
-86.5892	-7.28136	271.074	0	
-85.6067	-3.06974	191.655	0	
8.52593	-6.3378	201.936	0	
10.3926	-3.69596	189.603	0	
123.693	-5.87486	191.75	0	
114.007	-4.93297	198.013	0	
-95.8337	-5.51852	230.309	0	
-127.194	-4.07126	188.373	0	
-135.835	-7.9108	329.905	0	
-118.915	-4.96337	188.198	0	
-43.012	-6.24578	282.589	0	
-22.5117	-4.58608	206.687	0	
-43.613	-6.93116	302.204	0	
-42.6173	-6.72795	289.226	0	
52.9105	-5.60129	237.529	0	
74.5621	-3.0892	208.987	0	
53.2196	-6.40217	229.288	0	
55.1863	-4.94513	231.61	0	
-45.6425	-7.78112	328.491	0	
-48.8691	-7.10706	326.957	0	
50.06	-6.45139	226.977	0	
48.46	-6.19118	223.738	0	
-143.291	-8.68136	328.579	0	
-131.813	-4.70364	213.775	0	
-51.6819	-7.51989	331.807	0	
-47.3221	-7.41383	330.684	0	
44.3378	-6.94585	204.666	0	
48.9622	-6.97162	215.597	0	
-163.638	-1.97573	204.229	0	
-159.575	-1.68774	189.49	0	
-168.787	-4.88107	306.607	0	
-162.61	-2.91018	205.899	0	
157.19	-2.61148	208.801	0	
22.0668	-10.3393	193.196	0	
159.904	-2.13583	175.815	0	
161.112	-3.45948	171.144	0	
151.257	-4.59663	193.369	0	
157.721	-2.38808	202.986	0	
134.958	-3.22028	192.072	0	
141.491	-3.51324	195.413	0	
-72.5038	-4.90331	206.616	0	
-72.4174	-4.4175	201.159	0	
-78.6212	-10.9528	447.543	0	
-65.1922	-6.38421	263.253	0	
-77.3276	-3.61765	196.939	0	
-74.2675	-5.23204	221.609	0	
22.8176	-3.25137	189.037	0	
24.7975	-3.75161	195.613	0	
17.1275	-8.4903	209.727	0	
32.7648	-8.62172	225.929	0	
19.9318	-3.92403	204.716	0	
22.0393	-6.54481	188.642	0	
117.926	-4.36185	198.942	0	
120.275	-4.3839	193.153	0	
113.28	-6.38649	205.95	0	
125.611	-6.12494	203.905	0	
110.984	-6.88693	206.035	0	
116.551	-5.70282	206.906	0	
-121.234	-4.29141	170.356	0	
-119.332	-5.12751	188.183	0	
-146.08	-10.8619	472.197	0	
-105.756	-5.12024	192.896	0	
-139.256	-9.88703	429.311	0	
-146.772	-8.12493	318.497	0	
-23.0249	-4.19606	199.41	0	
-23.5135	-6.12493	232.197	0	
1.99329	-5.75196	202.109	0	
-9.46954	-6.30885	190.902	0	
-28.2389	-5.6902	235.797	0	
-21.7512	-6.76996	238.462	0	
-80.0447	-3.01792	183.83	0	
-78.2318	-4.60302	209.307	0	
-75.3699	-6.8749	274.593	0	
-75.4594	-4.80038	215.072	0	
-81.8618	-5.436	226.566	0	
-81.0016	-6.72748	266.822	0	
72.7746	-4.3839	200.271	0	
77.2652	-6.80089	200.668	0	
102.193	-6.34397	207.916	0	
87.04	-3.77122	210.932	0	
66.8013	-4.88369	229.334	0	
94.3175	-6.8049	188.545	0	
15.2078	-3.52807	199.122	0	
19.1604	-6.2456	209.52	0	
22.3275	-7.04038	186.026	0	
19.663	-4.42217	208.5	0	
13.2667	-6.15606	202.335	0	
13.6042	-5.57482	201.705	0	
111.227	-4.57792	194.455	0	
112.233	-6.47706	205.133	0	
106.45	-5.89878	204.528	0	
113.79	-7.75532	210.228	0	
-86.6842	-4.00645	197.519	0	
-86.6021	-4.89449	208.689	0	
-87.1144	-6.11987	237.678	0	
-83.3788	-9.95024	400.745	0	
9.8671	-4.06524	194.022	0	
9.77004	-5.0824	197.689	0	
10.7067	-6.4082	199.615	0	
9.41873	-8.96565	197.22	0	
131.35	-6.04595	225.153	0	
134.992	-4.15455	193.027	0	
124.037	-4.81574	184.584	0	
122.625	-4.70093	185.312	0	
-66.1134	-5.30432	231.201	0	
-66.9378	-4.55251	212.959	0	
29.2321	-3.95495	189.488	0	
28.6155	-4.3634	190.494	0	
-95.6279	-4.02801	201.426	0	
-98.2717	-3.81762	195.377	0	
-99.8098	-7.61569	285.835	0	
-107.137	-5.40922	204.134	0	
0.564924	-4.27494	205.169	0	
-3.28279	-4.08059	202.711	0	
-4.49658	-6.44649	193.092	0	
-9.73443	-4.01134	202.162	0	
96.6703	-3.21427	200.256	0	
93.1546	-4.07631	206.3	0	
89.8954	-5.90624	201.991	0	
103.475	-7.83739	210.321	0	
-60.5727	-7.87297	317.083	0	
35.3612	-7.31755	224.763	0	
-66.1138	-13.3007	437.479	0	
45.332	-8.84565	183.299	0	
-42.8191	-9.00534	344.874	0	
109.137	-9.93037	209.231	0	
40.3767	-10.0777	195.698	0	
126.118	-6.33991	207.615	0	
32.4515	-9.98824	233.433	0	
128.296	-8.0195	230.498	0	
99.6448	-8.79295	197.617	0	
102.981	-7.0628	209.595	0	
-154.766	-9.50709	387.91	0	
-60.5447	-6.81151	283.802	0	
138.96	-5.20821	200.23	0	
153.663	-3.97869	197.465	0	
-137.601	-8.72372	356.476	0	
-137.345	-4.40905	192.069	0	
-129.129	-2.78781	171.245	0	
-128.213	-5.16702	205.344	0	
-33.7459	-3.09866	177.877	0	
-31.9834	-4.54572	213.111	0	
62.391	-1.93143	196.197	0	
64.1368	-4.48631	236.261	0	
130.616	-10.635	234.828	0	
153.579	-6.43001	199.804	0	
137.13	-5.31707	197.881	0	
140.382	-6.27795	208.537	0	
-74.052	-4.09851	198.097	0	
-74.5245	-4.53484	207.231	0	
22.3374	-3.63908	189.465	0	
20.7939	-4.75279	199.405	0	
117.692	-5.02316	202.635	0	
116.894	-4.96266	202.196	0	
-124.271	-4.10889	179.66	0	
-125.751	-3.69295	185.95	0	
-114.822	-7.83931	297.164	0	
-113.275	-4.66649	219.283	0	
-26.8984	-4.56392	201.817	0	
-31.3012	-2.9601	194.322	0	
-15.7685	-8.08156	207.267	0	
-16.8643	-5.35478	184.765	0	
-80.7349	-4.86248	212.052	0	
-81.8952	-4.60324	205.527	0	
69.3566	-4.40404	211.736	0	
64.5996	-3.69623	223.346	0	
76.7251	-8.33678	204.971	0	
78.9845	-5.34401	198.803	0	
13.0727	-3.60728	189.328	0	
12.2628	-4.57759	191.894	0	
104.849	-12.4707	196.917	0	
118.421	-8.82996	210.304	0	
-92.4616	-8.47083	327.266	0	
-91.7495	-7.30948	273.588	0	
2.49462	-6.54214	200.088	0	
4.39268	-10.432	187.889	0	
133.111	-12.1131	232.836	0	
145.105	-4.26826	200.77	0	
134.107	-5.33326	202.988	0	
135.065	-6.23619	205.804	0	
121.141	-7.15944	199.159	0	
124.005	-11.2247	216.176	0	
-69.9404	-7.05899	276.217	0	
-66.9185	-7.61706	297.447	0	
26.4576	-6.53648	183.399	0	
28.6301	-9.11451	203.364	0	
-62.4133	-7.66579	299.079	0	
-93.0724	-10.5519	447.023	0	
-55.973	-7.21012	322.903	0	
3.11042	-13.0487	179.514	0	
84.9941	-5.49115	192.564	0	
70.6225	-7.70874	206.567	0	
101.138	-6.66174	207.586	0	
101.8	-8.7437	206.178	0	
-119.055	-6.97184	244.768	0	
-121.998	-5.91714	203.411	0	
-127.855	-4.85581	199.899	0	
-125.851	-6.57219	247.192	0	
-49.5467	-11.8303	387.718	0	
-27.2339	-6.33267	253.209	0	
-31.1387	-4.15917	208.552	0	
-29.5428	-7.72287	319.688	0	
49.0576	-10.2104	146.82	0	
69.4373	-5.66848	214.876	0	
64.2235	-4.88528	238.841	0	
67.106	-6.35345	227.153	0	
139.567	-6.34986	208.747	0	
143.242	-5.95516	208.307	0	
126.808	-9.05745	224.381	0	
193.022	-1.1142	302.329	0	
-96.6376	-8.63537	343.737	0	
36.4729	-6.716	220.237	0	
-1.93729	-6.52183	196.003	0	
103.071	-10.9752	199.938	0	
73.7314	-6.62795	202.742	0	
95.6911	-10.2057	176.168	0	
-136.209	-4.22673	191.792	0	
-136.521	-6.85794	268.74	0	
-32.7123	-7.88263	319.589	0	
-32.1171	-6.98972	286.256	0	
65.4588	-8.53952	198.756	0	
98.5169	-9.7684	190.338	0	
78.5194	-4.82409	199.471	0	
155.122	-10.7713	194.054	0	
-77.2349	-6.79812	275.329	0	
31.5347	-9.11062	222.918	0	
9.29465	-9.8778	194.418	0	
110.943	-8.61508	210.506	0	
-125.531	-5.93049	221.736	0	
-124.013	-5.37078	195.003	0	
-29.9567	-5.74997	248.007	0	
-27.5479	-5.73243	236.687	0	
65.2279	-5.42078	237.623	0	
67.9367	-5.38019	225.425	0	
149.863	-5.45827	197.839	0	
153.135	-4.32925	196.343	0	
146.256	-7.18137	214.171	0	
141.484	-8.33227	223.818	0	
-112.344	-5.76298	242.878	0	
-114.323	-9.98644	407.592	0	
-113.727	-3.71277	204.829	0	
-111.157	-3.71564	205.05	0	
-17.3157	-7.11645	206.421	0	
-21.8785	-7.46228	262.497	0	
-17.566	-3.09205	188.277	0	
-14.2162	-4.63083	192.033	0	
80.0907	-7.5085	201.268	0	
74.9087	-8.48538	201.751	0	
78.8834	-3.63138	208.11	0	
81.164	-2.60404	211.149	0	
-63.7157	-5.76209	242.763	0	
-64.8678	-7.67367	287.569	0	
33.8371	-7.70493	222.491	0	
32.9983	-9.43089	232.902	0	
-194.086	-39.9374	412.568	0	
-157.029	-8.51557	343.8	0	
-41.1723	-4.0157	214.933	0	
-38.6617	-3.19373	194.757	0	
55.2174	-3.7177	214.363	0	
57.5209	-5.11405	240.248	0	
-137.563	-3.08694	181.387	0	
-135.885	-4.60556	201.373	0	
130.909	-9.01102	235.876	0	
139.395	-9.28673	227.444	0	
-130.384	-7.12128	292.807	0	
-86.6159	-8.57222	330.821	0	
-30.0363	-9.47162	393.498	0	
9.07562	-8.20296	199.415	0	
65.616	-7.41637	221.899	0	
50.674	-9.50233	164.558	0	
86.7628	-10.8917	191.892	0	
-116.157	-44.2382	1126.75	0	
-58.2911	-9.40616	370.965	0	
-56.5527	-6.38282	293.353	0	
37.8384	-9.1937	221.114	0	
39.1417	-6.842	211.368	0	
138.915	-5.92754	203.028	0	
137.531	-7.45051	215.036	0	
138.861	-7.413	216.246	0	
138.801	-8.29726	221.472	0	
135.542	-10.2053	231.62	0	
161.668	-5.19845	174.357	0	
118.893	-9.34783	211.852	0	
94.4972	-17.6148	189.135	0	
-51.4867	-11.8168	385.91	0	
-45.6109	-8.74312	349.73	0	
46.1842	-8.35233	187.032	0	
50.4749	-8.88591	175.173	0	
-174.55	-3.1019	327.689	0	
-159.869	-6.27458	278.75	0	
-160.967	-9.31638	379.658	0	
-186.467	-16.062	378.285	0	
158.722	-5.13837	187.471	0	
169.888	-2.32595	195.39	0	
-84.2607	-10.7312	441.546	0	
100.031	-10.3807	193.183	0	
18.7134	-7.2068	209.276	0	
3.09211	-11.3937	181.45	0	
-153.055	-9.98854	410.861	0	
-148.611	-12.0294	538.948	0	
-121.364	-12.7579	614.707	0	
-125.293	-8.49553	336.143	0	
112.194	-18.9644	172.259	0	
114.877	-9.90064	211.928	0	
-92.4032	-11.6758	511.301	0	
-70.0973	-9.74867	381.521	0	
5.22515	-12.3047	182.126	0	
26.495	-9.53163	196.636	0	
-112.81	-5.2288	234.415	0	
-130.054	-15.0319	802.517	0	
-17.3467	-4.39649	184.857	0	
-25.5405	-10.6677	398.769	0	
-141.189	-15.1717	760.713	0	
-126.764	-14.1043	751.491	0	
-35.2708	-17.7047	588.712	0	
-6.05568	-10.9753	184.464	0	
67.9581	-8.08312	209.155	0	
60.4909	-12.362	94.2739	0	
116.157	-14.1963	197.705	0	
129.275	-11.3322	230.833	0	
149.361	-8.12398	208.029	0	
152.98	-7.16074	199.163	0	
-121.469	-10.0554	419.2	0	
-101.92	-5.48666	201.382	0	
-18.7537	-9.42326	266.309	0	
-4.80703	-9.2193	182.965	0	
77.6871	-10.4879	211.505	0	
91.3778	-6.05125	197.192	0	
67.8432	-8.84627	192.82	0	
137.643	-11.52	232.404	0	
-55.6242	-11.5534	391.523	0	
-54.5825	-9.42036	377.653	0	
35.3488	-9.0177	233.523	0	
41.4833	-9.77418	182.314	0	
128.878	-12.4552	230.358	0	
232.496	-14.8163	327.428	0	
-178.539	-1.3838	333.144	0	
-160.286	-3.88768	212.317	0	
-155.297	-12.663	538.881	0	
-221.351	-12.57	296.701	0	
-168.829	-3.89028	301.555	0	
-167.095	-4.86957	288.244	0	
162.497	-3.37086	168.313	0	
165.635	-3.49863	173.663	0	
155.395	-9.13009	195.17	0	
133.805	-13.9921	226.772	0	
-50.202	-10.5437	383.774	0	
-9.4235	-9.5845	188.272	0	
44.3919	-10.5141	151.486	0	
36.5658	-9.81684	229.672	0	
-53.2846	-13.3872	380.13	0	
-137.5	-6.9487	270.391	0	
-135.65	-9.14866	403.945	0	
-156.126	-14.4525	618.064	0	
-127.265	-13.4132	681.235	0	
-48.5845	-15.9161	368.554	0	
-31.2678	-13.0395	540.594	0	
47.5983	-14.2791	78.5265	0	
65.3164	-15.3948	69.3008	0	
131.191	-13.8948	226.248	0	
152.648	-12.8527	196.603	0	
-156.047	-13.0919	557	0	
45.2336	-14.2187	92.7862	0	
12.2216	-9.23926	201.003	0	
91.7833	-9.02621	179.217	0	
125.485	-9.57821	219.739	0	
122.159	-10.881	214.049	0	
-166.887	-7.38229	344.726	0	
-188.376	-3.76145	323.267	0	
-130.104	-14.0863	748.023	0	
-128.669	-7.19008	290.776	0	
-218.46	-31.19	316.956	0	
-129.356	-12.5836	653.706	0	
-132.314	-9.42633	444.538	0	
-133.582	-3.7512	191.981	0	
-166.021	-11.4475	440.636	0	
-105.423	-9.3022	355.839	0	
-131.625	-9.11273	413.464	0	
-128.035	-6.98152	286.364	0	
-129.318	-13.5765	721.828	0	
-124.614	-9.78089	410.303	0	
-131.773	-18.2596	952.651	0	
-103.069	-9.33384	360.154	0	
-130.115	-11.092	558.853	0	
-128.367	-18.4676	950.275	0	
-147.739	-15.0909	738.317	0	
-0.202665	-12.9309	179.359	0	
-125.717	-16.8134	864.303	0	
-125.015	-13.7922	713.572	0	
-63.5381	-14.3148	419.12	0	
-83.0218	-11.6501	490.899	0	
-124.341	-15.1744	780.706	0	
-121.446	-15.807	815.195	0	
-92.9076	-14.889	687.379	0	
-71.7446	-12.7563	495.268	0	
4.88344	-14.6801	178.963	0	
26.452	-12.8361	214.689	0	
-108.313	-6.24844	236.614	0	
-117.938	-7.81695	281.165	0	
-12.6272	-5.7043	195.395	0	
-14.2671	-9.88473	219.933	0	
83.8843	-5.75028	187.717	0	
87.0439	-9.3835	188.466	0	
-81.9038	-15.676	664.754	0	
-74.7936	-11.9657	500.712	0	
12.3447	-13.3213	187.315	0	
20.42	-10.7843	197.603	0	
-95.21	-12.8439	604.498	0	
-91.2886	-9.60023	379.278	0	
-0.641785	-10.6932	181.756	0	
5.34314	-11.2197	185.561	0	
-108.572	-13.0998	594.251	0	
-104.516	-8.4006	310.015	0	
-13.4313	-11.2762	228.497	0	
-11.2329	-9.44994	195.461	0	
81.1372	-11.9854	224.435	0	
87.1665	-7.6282	189.302	0	
-58.4477	-11.1342	391.572	0	
-56.7715	-15.3776	373.33	0	
37.3456	-11.1431	216.326	0	
39.0699	-14.4668	157.095	0	
-173.367	-1.15486	319.406	0	
-164.912	-6.85939	316.797	0	
159.108	-6.90642	186.167	0	
159.892	-8.57271	184.585	0	
-35.7768	-6.45272	254.974	0	
-42.8472	-10.2876	371.315	0	
58.9965	-6.06589	245.366	0	
50.4419	-14.9803	60.0497	0	
94.3411	-11.9903	164.201	0	
137.758	-10.3242	231.532	0	
-116.584	-15.3455	742.289	0	
-120.686	-13.3863	632.077	0	
-105.922	-17.3821	823.364	0	
-91.712	-14.473	662.483	0	
-61.7326	-11.6517	386.776	0	
-81.4202	-11.2689	456.924	0	
-116.69	-18.5822	919.482	0	
-102.373	-12.4761	550.501	0	
-96.4634	-11.6035	495.245	0	
-124.193	-19.4132	965.022	0	
15.1792	-11.2619	198.759	0	
31.9507	-16.1372	210.645	0	
-177.258	-3.4128	333.815	0	
-171.741	-14.343	450.688	0	
-166.887	-8.74525	359.039	0	
-168.522	-8.73025	364.774	0	
123.474	-12.1226	216.017	0	
132.592	-37.8861	164.588	0	
-118.291	-14.5248	706.147	0	
-113.261	-12.3654	562.715	0	
-92.5778	-9.56634	380.043	0	
-93.4783	-13.8296	618.416	0	
2.26557	-9.22313	190.431	0	
3.34575	-15.5978	180.81	0	
-133.049	-12.7593	672.008	0	
47.841	-15.1149	69.9694	0	
-48.0964	-10.1269	379.352	0	
-31.7208	-11.2413	464.152	0	
-114.015	-23.0687	1028.75	0	
63.8838	-13.1869	93.8247	0	
-90.6298	-16.7367	748.854	0	
-88.963	-12.9855	558.138	0	
7.93578	-16.2939	179.944	0	
6.88477	-12.9973	179.871	0	
-152.891	-23.7324	919.405	0	
-62.8894	-23.0579	402.452	0	
-89.4762	-16.9192	734.623	0	
-81.9915	-18.1699	725.853	0	
-14.1115	-13.1438	271.325	0	
130.22	-16.0105	215.751	0	
8.68954	-15.297	179.932	0	
13.6337	-19.005	187.843	0	
212.654	-11.2494	325.792	0	
187.126	-3.72942	284.031	0	
135.703	-14.1898	227.375	0	
140.419	-11.1472	232.295	0	
-179.958	-3.72031	335.181	0	
-173.024	-5.20809	334.32	0	
162.299	-7.60839	179.807	0	
177.302	-1.39189	239.494	0	
-71.4319	-18.1732	560.27	0	
-66.9701	-14.9011	462.495	0	
18.3191	-12.2729	198.274	0	
30.008	-11.809	232.141	0	
-162.234	-16.0703	613.858	0	
-122.341	-20.6069	1016.5	0	
-58.4931	-15.891	378.008	0	
-0.646375	-15.6735	186.795	0	
35.8726	-15.4386	187.269	0	
106.853	-11.7086	201.583	0	
140.973	-15.832	212.89	0	
146.146	-12.5179	217.585	0	
101.071	-14.3376	182.596	0	
78.992	-11.6505	221.831	0	
-110.362	-19.1298	899.61	0	
-98.6708	-14.6359	695.628	0	
-25.2965	-12.5115	478.183	0	
-0.381472	-14.6494	184.876	0	
70.7982	-11.888	164.272	0	
48.6194	-21.2772	29.8326	0	
-163.467	-30.5912	760.28	0	
-66.8619	-22.9177	478.458	0	
-76.4578	-29.661	742.113	0	
-68.1088	-15.228	478.15	0	
13.3492	-17.2658	184.297	0	
29.9096	-14.6019	227.039	0	
124.362	-17.6849	192.153	0	
147.712	-16.1247	198.11	0	
143.23	-17.2132	203.633	0	
140.769	-17.8767	204.33	0	
-72.4219	-14.6626	542.466	0	
-66.3297	-17.7243	466.651	0	
26.4949	-17.5322	210.474	0	
30.5548	-14.6972	227.003	0	
-97.9366	-16.4127	764.121	0	
9.30224	-21.4971	198.049	0	
27.2465	-18.641	203.921	0	
32.0059	-20.2176	169.137	0	
-83.1101	-15.6264	662.351	0	
-77.9343	-14.9851	606.565	0	
12.4268	-15.4203	184.569	0	
16.0476	-12.0559	198.154	0	
219.401	-30.0034	323.265	0	
129.919	-19.7637	187.706	0	
-149.701	-17.2337	804.828	0	
-151.752	-14.9466	678.828	0	
-141.374	-17.681	889.322	0	
-138.273	-10.3834	465.93	0	
-63.2288	-22.0368	410.12	0	
-12.9859	-17.4724	340.145	0	
32.9059	-21.7747	146.106	0	
120.579	-15.6191	191.53	0	
-127.861	-20.8267	1035.79	0	
23.0565	-23.2318	191.245	0	
-186.451	-4.46484	332.656	0	
-190.353	-4.91571	327.394	0	
169.471	-4.15545	195.886	0	
171.037	-9.55475	208.136	0	
195.067	-9.71174	308.659	0	
189.174	-0.937423	290.381	0	
78.769	-19.4441	198.003	0	
33.2438	-22.7482	134.003	0	
-75.575	-16.4621	618.972	0	
-66.778	-18.9085	475.242	0	
25.5109	-16.5365	212.529	0	
29.9224	-17.3902	210.358	0	
121.524	-23.6502	166.043	0	
126.221	-36.3375	162.514	0	
-145.87	-21.6751	963.296	0	
-126.927	-18.2719	948.815	0	
-92.341	-20.2644	861.351	0	
-72.3059	-20.9098	608.99	0	
-68.1974	-24.1873	518.127	0	
-62.6654	-20.0702	407.391	0	
-170.726	-18.2827	519.958	0	
-66.273	-27.2523	506.083	0	
-135.485	-19.4218	982.423	0	
-134.57	-26.1583	1125.09	0	
-71.1512	-26.1527	594.602	0	
28.0048	-22.0729	179.098	0	
-29.6363	-23.6908	696.45	0	
75.1258	-16.9169	164.512	0	
-21.8255	-13.3451	428.809	0	
-13.7367	-19.2054	389.8	0	
75.6013	-15.0259	182.478	0	
87.8904	-14.9083	208.277	0	
129.633	-21.7898	174.24	0	
116.658	-16.084	186.826	0	
-104.738	-16.8388	806.304	0	
-93.5545	-19.2375	845.133	0	
-54.5035	-23.4068	339.366	0	
10.3675	-19.741	188.544	0	
-185.37	-6.82375	336.851	0	
-181.563	-3.13452	326.29	0	
-203.649	-6.51258	309.99	0	
-175.312	-7.25729	348.572	0	
178.372	-8.59658	248.671	0	
185.355	-9.1778	279.092	0	
169.034	-10.0531	199.986	0	
160.972	-11.6145	184.184	0	
-80.4942	-32.4667	836.366	0	
23.9077	-25.9186	178.353	0	
-3.9074	-18.0717	226.401	0	
88.6531	-16.5528	211.278	0	
-81.648	-25.1355	819.825	0	
-14.4174	-25.5046	525.098	0	
13.8904	-22.2552	195.489	0	
115.436	-30.1397	167.194	0	
-17.8483	-18.0052	456.108	0	
-20.811	-16.8561	497.436	0	
75.2092	-17.8883	158.188	0	
67.0782	-16.9887	62.7931	0	
33.0459	-33.3209	90.428	0	
118.443	-21.9927	166.081	0	
-18.6979	-28.4121	625.21	0	
-2.92099	-23.8993	292.055	0	
-125.502	-25.8447	1121.29	0	
175.488	-9.95232	232.73	0	
174.243	-10.1562	228.06	0	
-75.5414	-30.0318	716.474	0	
-69.309	-25.8971	557.926	0	
-133.811	-36.2285	1135.58	0	
-147.695	-25.1569	1006.62	0	
21.8706	-28.0749	187.42	0	
25.7499	-25.0768	175.057	0	
0.666245	-28.9595	310.926	0	
22.3517	-33.8257	182.492	0	
182.409	-13.6525	267.819	0	
222.27	-5.37077	329.586	0	
132.527	-29.6014	157.753	0	
-105.122	-28.0716	1075.52	0	
30.1228	-28.8129	126.414	0	
-67.1226	-30.881	550.351	0	
-68.3503	-33.3068	599.957	0	
-9.01842	-57.0519	497.535	0	
125.476	-25.1879	161.913	0	
27.9038	-30.1431	141.258	0	
31.5603	-37.1726	102.84	0	
-109.777	-22.7072	1008.73	0	
-104.891	-26.1767	1061.04	0	
106.98	-22.6775	172.643	0	
101.476	-19.9092	176.225	0	
-214.806	-7.71479	300.133	0	
-170.458	-15.4755	502.693	0	
186.745	-7.57998	283.31	0	
204.456	-2.56307	324.062	0	
49.7407	-14.3025	70.3795	0	
74.7434	-22.4127	113.158	0	
-37.7751	-16.4813	524.185	0	
-22.4404	-24.0989	658.362	0	
-194.374	-7.79983	324.304	0	
-196.551	-4.51366	315.724	0	
72.7743	-23.9509	81.5585	0	
128.965	-25.745	161.654	0	
48.5706	-32.0313	19.2255	0	
78.0867	-24.9721	148.656	0	
-63.7747	-36.65	586.89	0	
-3.50887	-26.1498	331.945	0	
82.2251	-30.5462	167.387	0	
203.052	-14.6376	318.463	0	
-23.0407	-31.5829	685.207	0	
121.508	-31.3181	159.773	0	
-53.3901	-30.4592	390.881	0	
-33.5361	-30.2034	665.832	0	
104.415	-26.7213	187.374	0	
157.64	-51.115	228.341	0	
120.635	-25.9254	162.158	0	
120.226	-36.3428	168.04	0	
116.351	-23.9179	163.484	0	
112.86	-34.0804	177.283	0	
62.4094	-28.9434	18.0933	0	
121.459	-29.9284	159.971	0	
120.44	-44.3236	180.794	0	
-181.72	-20.5677	435.545	0	
-93.533	-29.9948	1011.07	0	
-117.773	-31.521	1150.13	0	
75.6123	-32.477	84.5261	0	
47.1613	-53.2096	58.6769	0	
11.21	-40.8762	292.438	0	
-224.736	-3.44405	293.556	0	
-186.676	-10.8718	351.875	0	
167.766	-30.412	224.301	0	
159.533	-21.8459	186.934	0	
-191.999	-11.2845	337.643	0	
-191.143	-16.7129	357.685	0	
71.239	-39.8336	52.3501	0	
203.718	-9.85439	321.628	0	
199.779	-4.78628	314.116	0	
-211.863	-2.86997	301.19	0	
-232.26	-7.79974	290.178	0	
125.454	-50.2676	187.082	0	
128.909	-42.9329	171.516	0	
210.176	-9.34461	325.406	0	
213.225	-5.93523	326.126	0	
-212.216	-41.793	336.346	0	
-226.558	-22.8173	292.076	0	
103.939	-47.0195	195.002	0	
196.825	-33.0639	305.619	0	
192.982	-17.0044	300.372	0	
168.861	-17.527	210.62	0	
136.181	-23.9103	169.716	0	
-58.2499	-20.8251	348.326	0	
-38.7055	-19.8829	520.19	0	
-54.386	-37.6489	530.969	0	
-46.8905	-23.8638	390.826	0	
-51.3445	-46.3393	633.21	0	
-44.7224	-25.8777	421.525	0	
-43.5694	-30.9909	502.621	0	
-46.1092	-41.2386	606.139	0	
35.9895	-20.1708	130.31	0	
54.05	-18.0805	31.6675	0	
39.4293	-36.8378	51.1354	0	
51.2071	-22.6192	20.144	0	
42.8903	-42.5768	44.8802	0	
62.0531	-25.7828	18.7729	0	
51.9219	-31.9349	16.4189	0	
55.8742	-42.7118	25.5698	0	
142.48	-25.368	165.653	0	
142.605	-42.0166	180.675	0	
-159.851	-32.956	847.678	0	
-68.3485	-34.9183	621.227	0	
-10.5532	-28.101	467.556	0	
-5.71448	-30.8589	419.7	0	
-120.536	-35.6281	1160.5	0	
-117.759	-27.9405	1129.07	0	
-107.627	-45.4033	1107.23	0	
-100.907	-23.5826	999.119	0	
-123.755	-41.1048	1142.9	0	
-87.6145	-36.8005	979.255	0	
-221.549	-8.49414	295.306	0	
-216.543	-14.1795	301.693	0	
-86.6051	-46.5208	959.843	0	
119.866	-46.7723	186.016	0	
-44.7078	-34.1403	527.558	0	
-40.478	-57.0194	653.122	0	
-35.0772	-63.2766	632.61	0	
19.9745	-49.5868	215.899	0	
65.7804	-39.9535	32.9743	0	
103.727	-54.339	189.807	0	
159.497	-28.4762	194.63	0	
164.174	-22.3123	200.229	0	
141.865	-34.4752	163.279	0	
171.636	-22.515	228.647	0	
-5.46587	-39.51	479.791	0	
32.0122	-40.0758	99.2279	0	
-96.5907	-34.9367	1070.77	0	
-95.6783	-21.8777	939.817	0	
-97.8517	-37.6303	1068.61	0	
-77.5807	-30.4838	760.716	0	
-156.481	-49.6576	867.506	0	
-104.478	-49.1639	1068.34	0	
-92.8116	-32.0558	1021.9	0	
-96.6269	-40.4625	1070.45	0	
156.78	-24.0714	182.177	0	
168.424	-45.0738	246.705	0	
145.239	-47.9347	197.765	0	
150.659	-41.9247	197.021	0	
-194.522	-68.2759	407.35	0	
-67.2153	-47.5753	739.628	0	
-88.3958	-52.4233	979.306	0	
-87.4977	-40.0229	965.631	0	
166.524	-39.739	231.527	0	
177.172	-33.7412	262.809	0	
-29.2576	-55.563	620.945	0	
148.826	-60.5274	228.148	0	
192.755	-30.374	300.642	0	
185.857	-16.296	280.271	0	
79.9508	-53.3905	106.059	0	
104.773	-28.54	189.483	0	
-236.359	-10.1933	291.535	0	
146.445	-49.8141	203.881	0	
132.306	-57.763	204.575	0	
108.868	-59.2329	196.492	0	
228.591	-50.9259	315.228	0	
73.1077	-59.5222	89.9929	0	
144.531	-65.5928	233.292	0	
-54.8364	-49.3993	680.646	0	
33.4609	-47.7226	102.901	0	
64.3036	-60.582	76.7595	0	
111.256	-68.52	202.932	0	
54.6962	-52.0595	47.6053	0	
67.1487	-42.6044	40.6404	0	
185.951	-24.2824	284.49	0	
209.878	-25.9013	321.801	0	
187.95	-44.7253	293.3	0	
186.038	-46.9469	288.611	0	
-79.3871	-75.427	748.202	0	
200.387	-38.0249	309.789	0	
219.365	-24.8044	324.398	0	
-97.27	-62.3307	931.136	0	
-24.4381	-58.2814	591.628	0	
-134.464	-43.5009	1096.99	0	
-65.4452	-61.9916	770.244	0	
-127.551	-54.9035	1041.6	0	
24.0906	-62.8282	196.009	0	
-33.7233	-58.4852	627.19	0	
-27.2261	-66.2437	574.156	0	
-36.4263	-103.438	452.11	0	
21.7217	-72.2533	234.533	0	
-60.9932	-71.6332	724.657	0	
75.9612	-73.5869	132.448	0	
49.6293	-63.5469	88.3865	0	
56.3492	-57.5976	60.6081	0	
57.4201	-91.2717	179.556	0	
96.5512	-74.2778	181.121	0	
46.8691	-79.9502	157.811	0	
132.097	-88.6796	249.27	0	
156.609	-66.5537	251.058	0	
-182.125	-41.2097	516.895	0	
17.0449	-37.4731	227.42	0	
-2.25684	-46.6259	449.835	0	
-4.08499	-57.3626	449.342	0	
-0.487637	-81.381	370.966	0	
-106.264	-69.6453	892.439	0	
-22.2299	-96.8463	425.726	0	
-31.347	-103.863	438.739	0	
172.388	-87.2981	284.281	0	
-85.0659	-81.5537	752.727	0	
167.198	-124.877	286.766	0	
5.9691	-90.0808	319.567	0	
201.133	-48.9577	308.087	0	
211.089	-58.2256	309.911	0	
-230.957	-50.9885	318.566	0	
-211.36	-45.7883	346.293	0	
144.635	-99.0473	263.899	0	
73.773	-114.862	229.636	0	
72.7411	-78.6961	145.436	0	
-186.012	-66.887	454.912	0	
-91.1004	-102.968	581.009	0	
-7.02686	-97.6419	367.567	0	
139.283	-108.207	266.262	0	
149.041	-105.803	272.543	0	
226.548	-69.6518	307.799	0	
-140.833	-74.8777	731.384	0	
-173.298	-86.2222	459.136	0	
-234.931	-78.3493	323.136	0	
-216.411	-77.2317	335.437	0	
198.595	-94.6425	297.679	0	
-118.146	-105.666	546.896	0	
133.303	-144.997	277.459	0	
76.0699	-88.5266	177.485	0	
125.336	-100.179	253.787	0	
93.7065	-110.708	232.537	0	
92.8934	-103.305	221.768	0	
-210.17	-114.263	325.216	0	
-185.35	-94.0424	390.888	0	
-49.7253	-94.3455	536.382	0	
-7.1643	-106.38	356.753	0	
125.329	-124.467	269.028	0	
82.3134	-118.078	237.137	0	
140.042	-136.054	277.489	0	
45.9709	-98.2506	206.67	0	
-39.3943	-117.42	415.454	0	
123.889	-107.892	254.753	0	
114.025	-135.152	264.297	0	
161.608	-138.204	285.481	0	
172.94	-102.3	287.455	0	
92.8964	-146.933	263.055	0	
126.095	-132.522	268.604	0	
136.725	-158.658	278.779	0	
75.3108	-132.144	253.531	0	
203.308	-115.257	295.998	0	
193.968	-63.834	297.274	0	
-88.4102	-92.3891	657.55	0	
-40.062	-122.379	404.781	0	
-153.033	-118.49	415.063	0	
-69.3125	-153.736	399.654	0	
-135.727	-109.848	476.528	0	
-126.663	-124.858	433.239	0	
185.009	-124.148	291.91	0	
221.671	-109.339	298.935	0	
-231.248	-132.18	313.224	0	
208.172	-148.685	293.885	0	
209.43	-122.984	296.162	0	
159.021	-150.402	285.496	0	
236.12	-116.037	297.156	0	
-71.0445	-134.421	411.303	0	
-84.7794	-144.99	407.52	0	
-9.99211	-133.672	335.885	0	
67.9543	-137.883	258.295	0	
-138.799	-146.124	377.333	0	
-66.2651	-0.766958	189.346	0	
-66.5593	-0.18999	184.925	0	
-65.9375	-0.215758	184.069	0	
-65.625	-0.83059	187.122	0	
-64.8745	-0.804908	185.503	0	
-65.2911	-0.996788	190.836	0	
-63.7164	-1.22441	181.196	0	
-65.2323	-1.4432	188.736	0	
-64.4427	-1.50401	184.266	0	
-65.636	-1.80188	193.296	0	
-65.5567	-3.30999	198.709	0	
-66.8325	-1.48417	198.053	0	
-67.173	-1.2985	192.717	0	
-64.5303	-2.24557	189.515	0	
-65.034	-2.55102	191.204	0	
-63.2214	-0.877323	182.109	0	
-64.1667	-0.239636	180.462	0	
-63.9172	-0.485808	177.971	0	
-64.4427	-1.07549	183.183	0	
-64.255	-2.27147	187.782	0	
-62.4748	-1.81089	186.706	0	
-63.5005	-0.246172	181.436	0	
-62.9673	-2.55313	189.398	0	
-63.3976	-1.82755	183.971	0	
-61.0485	-1.78293	189.544	0	
-62.5248	-0.593726	184.093	0	
-64.2815	-2.77321	191.964	0	
-62.8459	-0.199635	184.936	0	
-64.4685	-3.29809	197.122	0	
-62.8768	-2.7926	191.836	0	
-62.4718	-2.07417	188.014	0	
-63.0353	-2.98727	193.579	0	
-62.2144	-2.96621	194.151	0	
-63.4338	-2.78104	190.736	0	
-62.8453	-3.68972	202.443	0	
-61.68	-2.95039	196.283	0	
-60.8372	-1.88924	190.157	0	
-64.1952	-4.0445	205.562	0	
-63.0016	-3.41934	198.567	0	
-61.8232	-5.01233	227.021	0	
-61.3775	-3.35239	199.31	0	
-62.0201	-3.64703	204.033	0	
-60.4526	-3.36614	201.751	0	
-61.2548	-2.73021	194.229	0	
-60.4363	-2.62141	193.266	0	
-61.5642	-4.60118	219.185	0	
-61.2337	-3.57908	204.228	0	
-60.1617	-3.89934	208.614	0	
-60.0454	-2.93444	194.902	0	
-61.2419	-1.19141	188.201	0	
-61.6655	-1.90215	189.578	0	
-60.6064	-2.98276	197.377	0	
-60.0007	-1.47063	186.405	0	
-62.526	-4.83133	222.668	0	
-59.8107	-5.99999	265.245	0	
-60.4524	-4.89985	232.66	0	
-58.281	-3.79195	208.271	0	
-59.479	-2.99438	195.483	0	
-60.418	-2.86138	194.729	0	
-62.5307	-0.331758	184.191	0	
-61.4487	-1.09269	187.32	0	
-59.1025	-2.09394	186.158	0	
-59.5909	-0.819987	181.257	0	
-60.9715	-5.06459	230.789	0	
-60.8384	-4.33876	216.295	0	
-59.0595	-3.12115	196.853	0	
-58.5799	-2.68917	189.844	0	
-60.3805	-0.59251	186.294	0	
-61.5844	-0.740426	185.324	0	
-57.9216	-1.21278	178.64	0	
-60.0933	-0.232611	188.406	0	
-60.5685	-0.228557	185.248	0	
-59.7981	-1.1348	184.117	0	
-61.3819	-5.5995	247.183	0	
-58.6512	-4.13912	215.065	0	
-58.9421	-3.56462	204.214	0	
-58.7919	-3.41949	201.42	0	
-58.2555	-2.27946	185.243	0	
-58.8253	-1.60528	181.955	0	
-59.3726	-0.873284	179.344	0	
-59.7737	-0.131539	179.213	0	
-59.6943	-5.1159	237.284	0	
-60.1693	-4.50628	224.097	0	
-59.2614	-3.84316	209.469	0	
-59.4245	-4.8798	232.988	0	
-57.8158	-3.89917	211.721	0	
-57.3865	-3.82902	209.211	0	
-57.6287	-2.30575	182.672	0	
-57.151	-2.03345	177.385	0	
-60.3123	-5.4007	245.958	0	
-58.5734	-5.93826	266.859	0	
-57.6313	-4.37145	222.921	0	
-57.4976	-4.21813	218.502	0	
-56.0583	-3.03947	189.896	0	
-57.0239	-2.27856	180.373	0	
-56.5967	-1.51146	172.513	0	
-57.293	-1.19303	176.1	0	
-58.7622	-4.62893	228.125	0	
-57.8116	-4.78948	234.05	0	
-56.509	-4.94958	244.545	0	
-56.1876	-4.59359	235.266	0	
-56.247	-1.10413	170.311	0	
-57.5807	-0.475433	176.451	0	
-58.4375	-0.215758	169.954	0	
-57.9579	-1.43442	179.733	0	
-56.5049	-0.783282	169.77	0	
-57.2419	-0.122852	182.672	0	
-59.032	-0.151407	171.003	0	
-57.9687	-0.317598	172.021	0	
-58.4423	-1.30225	179.828	0	
-62.8138	-4.85123	222.312	0	
-62.2385	-5.52039	239.949	0	
-59.9615	-5.8359	255.08	0	
-59.459	-5.95632	262.516	0	
-54.803	-1.30261	176.929	0	
-56.4927	-2.53177	182.172	0	
-59.3607	-7.20144	296.036	0	
-56.9621	-6.61495	294.938	0	
-56.3271	-5.50945	263.379	0	
-55.7191	-4.69446	233.924	0	
-57.0705	-5.57574	266.239	0	
-55.5651	-5.16299	254.777	0	
-55.3611	-4.2937	223.42	0	
-55.636	-2.75293	186.92	0	
-55.6346	-6.27988	293.131	0	
-55.1797	-6.33394	291.071	0	
-54.8492	-4.39624	229.097	0	
-54.269	-2.77971	193.402	0	
-56.1691	-2.49704	180.38	0	
-55.5343	-2.48476	181.635	0	
-55.4013	-0.667307	168.247	0	
-56.4189	-0.384726	165.221	0	
-55.193	-0.300675	181.355	0	
-55.9984	-0.2179	168.055	0	
-55.2197	-1.23773	177.634	0	
-54.5383	-0.912027	180.677	0	
-54.1619	-2.04905	185.507	0	
-53.6717	-1.56427	183.498	0	
-54.3452	-0.179835	171.227	0	
-54.5471	-2.2185	185.895	0	
-54.5884	-2.55296	188.369	0	
-53.107	-1.51709	183.775	0	
-52.6172	-1.06719	182.596	0	
-60.7791	-6.60284	275.093	0	
-60.166	-6.37228	275.338	0	
-61.136	-7.00955	289.217	0	
-59.466	-6.82884	293.375	0	
-60.3349	-7.43719	301.599	0	
-59.0434	-9.06733	354.321	0	
-54.8735	-6.8644	312.583	0	
-52.6268	-5.56696	267.922	0	
-54.5114	-4.93659	244.365	0	
-53.9323	-4.69801	238.902	0	
-66.2066	-4.17875	209.816	0	
-66.1733	-4.54756	214.619	0	
-63.2453	-3.96318	205.56	0	
-65.6135	-4.06681	207.191	0	
-58.8639	-6.20409	276.065	0	
-54.5586	-8.28445	353.219	0	
-52.7005	-3.3217	203.668	0	
-53.3076	-2.62287	193.311	0	
-52.9551	-2.17284	188.254	0	
-52.0296	-1.10448	177.485	0	
-52.7285	-2.54701	192.083	0	
-51.7486	-1.95926	181.989	0	
-51.6951	-0.848879	174.61	0	
-53.9625	-0.447368	171.573	0	
-52.9249	-3.43086	205.533	0	
-51.8838	-2.54339	189.78	0	
-51.679	-2.19248	183.115	0	
-51.2551	-1.51842	173.281	0	
-51.3727	-1.28149	173.031	0	
-52.2878	-0.364671	175.298	0	
-53.4375	-0.155667	167.244	0	
-53.1552	-0.392264	171.904	0	
-53.2458	-0.73474	171.168	0	
-53.1179	-1.02123	179.937	0	
-52.5731	-0.473051	186.833	0	
-52.9929	-4.10054	226.962	0	
-51.9885	-3.72188	212.006	0	
-51.3765	-2.64847	188.683	0	
-50.9876	-2.93856	193.209	0	
-50.4111	-1.41636	168.727	0	
-51.0286	-0.422675	164.173	0	
-52.0952	-2.67808	190.977	0	
-51.8545	-0.218968	172.88	0	
-50.4236	-4.00965	217.311	0	
-50.4139	-3.51409	204.577	0	
-50.1607	-1.49128	170.402	0	
-49.375	-0.399074	166.739	0	
-50.9375	-0.0825362	162.107	0	
-50.6604	-1.05296	165.91	0	
-50.1562	-0.133533	161.499	0	
-51.7303	-3.56191	210.18	0	
-50.8167	-4.54263	237.512	0	
-50.8096	-3.56891	206.87	0	
-49.7557	-3.88343	215.846	0	
-50.0294	-2.79658	188.084	0	
-48.7505	-1.41406	175.348	0	
-50.4272	-4.25717	227.116	0	
-50.0101	-3.51977	204.75	0	
-48.981	-3.97392	214.544	0	
-48.7952	-2.93222	190.564	0	
-49.1846	-2.62183	187.178	0	
-49.3838	-2.9654	191.497	0	
-50.0631	-4.6698	240.047	0	
-48.2361	-4.61357	235.512	0	
-49.2656	-4.58649	235.349	0	
-48.019	-4.12198	220.493	0	
-48.2273	-2.99233	193.317	0	
-49.1696	-2.86432	189.526	0	
-47.85	-2.09583	181.871	0	
-48.8072	-0.620896	169.063	0	
-50.9438	-5.51612	263.066	0	
-51.1404	-6.42064	299.814	0	
-50.0503	-4.95744	244.844	0	
-49.1225	-5.45945	264.9	0	
-47.5082	-4.30188	224.828	0	
-47.4666	-3.17093	194.67	0	
-47.8759	-3.03763	193.425	0	
-47.4816	-2.4063	185.075	0	
-46.8202	-0.889503	177.587	0	
-50.3838	-0.526636	160.635	0	
-47.172	-3.83796	211.124	0	
-46.6132	-3.65267	207.875	0	
-46.9389	-2.30401	182.357	0	
-47.4575	-1.89632	179.168	0	
-48.0492	-0.885067	176.227	0	
-48.4991	-0.145454	166.688	0	
-45.8698	-4.33106	226.176	0	
-45.7615	-2.8225	192.816	0	
-46.5169	-2.47123	184.391	0	
-46.1078	-1.813	176.575	0	
-46.5647	-2.90512	192.682	0	
-45.3946	-3.59243	210.463	0	
-45.1964	-1.71345	180.948	0	
-45.6688	-1.03807	171.107	0	
-44.4843	-3.11995	202.597	0	
-44.4842	-2.47979	192.447	0	
-44.8362	-0.977742	180.259	0	
-46.0949	-0.41001	159.471	0	
-47.1875	-0.215758	187.114	0	
-46.4628	-1.1445	171.194	0	
-45.2567	-0.784634	175.57	0	
-45.6289	-0.167782	165.256	0	
-47.8697	-0.670366	174.579	0	
-46.5077	-0.242228	177.24	0	
-47.1739	-0.965062	176.608	0	
-53.5084	-4.98035	248.502	0	
-52.676	-5.04549	252.216	0	
-48.4784	-6.81424	307.323	0	
-46.9124	-4.64062	238.291	0	
-45.3203	-2.36734	189.779	0	
-44.2816	-1.91033	187.269	0	
-44.1656	-0.648229	180.83	0	
-45.1719	-0.385099	175.756	0	
-43.9573	-0.287339	177.565	0	
-44.7514	-0.217318	183.888	0	
-43.9916	-1.16971	181.65	0	
-42.9072	-0.498305	173.388	0	
-43.5622	-1.9087	186.254	0	
-42.6337	-0.326934	170.924	0	
-43.6059	-0.45871	164.538	0	
-42.7441	-1.03158	180.945	0	
-41.875	-0.142022	194.805	0	
-42.7527	-2.13891	192.332	0	
-41.8688	-1.00208	188.62	0	
-41.3544	-0.720852	186.12	0	
-42.8125	-0.101189	169.719	0	
-43.0861	-0.272559	164.311	0	
-43.3986	-0.171371	172.3	0	
-43.3975	-0.825341	177.081	0	
-43.5095	-2.5916	196.065	0	
-42.5352	-2.95001	204.908	0	
-42.4371	-3.32272	206.991	0	
-41.4208	-2.99872	202.8	0	
-41.3892	-1.54965	192.748	0	
-39.9919	-1.88334	186.602	0	
-52.3005	-4.69672	242.128	0	
-53.1176	-4.67289	240.865	0	
-51.3644	-5.69886	277.621	0	
-51.2033	-4.3011	227.543	0	
-51.5136	-6.18285	290.378	0	
-50.231	-5.54931	265.713	0	
-52.3124	-6.51748	308.58	0	
-50.7352	-7.22703	325.694	0	
-51.2982	-8.18762	348.884	0	
-50.2391	-6.42772	300.218	0	
-48.4895	-8.92446	361.648	0	
-49.4491	-6.89022	308.604	0	
-50.2601	-7.05081	317.126	0	
-49.8343	-7.32022	331.314	0	
-49.6657	-8.04087	344.353	0	
-47.6343	-6.47012	296.378	0	
-53.7962	-6.03905	291.783	0	
-53.0513	-5.85141	282.377	0	
-50.789	-8.84253	366.066	0	
-51.6817	-8.45771	359.111	0	
-48.8664	-8.24541	352.822	0	
-45.1584	-8.42092	340.833	0	
-63.9649	-6.64797	268.573	0	
-62.1555	-8.73208	329.332	0	
-66.5128	-3.98505	205.413	0	
-67.6515	-4.06186	205.229	0	
-59.0739	-8.28283	340.474	0	
-57.4198	-7.93353	337.091	0	
-47.569	-5.74682	272.329	0	
-46.8368	-5.65075	267.276	0	
-41.8643	-3.70613	211.517	0	
-40.265	-2.75755	195.271	0	
-66.1194	-5.66785	236.806	0	
-65.1378	-4.98707	220.609	0	
-67.1882	-2.48798	193.058	0	
-67.8145	-4.32031	207.139	0	
-66.435	-5.81984	244.599	0	
-65.0856	-5.73387	245.215	0	
-68.1402	-1.83986	188.309	0	
-68.831	-2.66071	188.366	0	
-68.0772	-4.89788	216.352	0	
-66.6819	-6.36966	258.082	0	
-66.8241	-5.28802	228.983	0	
-66.4275	-7.03479	277.995	0	
-67.4121	-5.74763	240.293	0	
-67.3405	-6.53004	260.8	0	
-65.7972	-7.50784	288.821	0	
-65.399	-7.81838	306.474	0	
-69.8383	-4.16922	197.717	0	
-68.9151	-7.01206	265.91	0	
-66.7504	-8.19698	313.559	0	
-65.9921	-9.69323	364.089	0	
-64.1313	-9.72076	355.269	0	
-62.5716	-6.46476	262.192	0	
30.3125	-0.215758	233.361	0	
31.0047	-0.910268	219.246	0	
31.5225	-1.99705	205.579	0	
32.5984	-1.78226	213.37	0	
29.9849	-0.766958	215.971	0	
30.625	-0.396018	221.416	0	
30.625	-0.827535	225.882	0	
124.691	-0.18999	182.312	0	
127.801	-1.05211	198.163	0	
-115.923	-1.2985	190.71	0	
127.083	-0.301598	208.823	0	
-115.135	-2.48465	193.106	0	
-114.525	-2.98095	194.788	0	
-113.015	-3.49052	204.987	0	
-139.676	-1.29981	195.348	0	
-138.943	-2.46933	182.593	0	
-138.274	-2.96895	182.457	0	
-137.333	-3.39724	180.559	0	
125.938	-0.183316	195.762	0	
126.354	-0.484914	187.385	0	
124.985	-0.766958	185.938	0	
125.625	-0.83059	189.715	0	
125.94	-0.988793	182.841	0	
-19.673	-1.2985	240.046	0	
-18.6155	-3.06577	197.282	0	
-18.0261	-3.58997	190.45	0	
-17.3297	-3.39627	183.633	0	
-69.5833	-0.240555	191.466	0	
-68.125	-0.360901	189.231	0	
-68.4375	-0.180445	188.33	0	
-67.8124	-0.902258	193.724	0	
-67.1825	-0.912873	198.862	0	
-72.0833	-0.233607	190.968	0	
-68.4583	-0.914235	188.463	0	
-67.8125	-1.27911	189.894	0	
-66.8669	-0.741951	189.142	0	
-69.198	-1.06781	188.769	0	
-67.8319	-2.05376	192.032	0	
-68.4596	-1.2764	187.465	0	
-67.491	-1.88478	191.465	0	
-66.5776	-0.917831	197.862	0	
-67.4951	-0.365785	201.689	0	
-69.5931	-1.03246	197.334	0	
-69.8179	-1.37074	192.936	0	
-68.8867	-1.36986	188.606	0	
-68.4614	-1.99678	189.032	0	
-67.1631	-2.1029	195.239	0	
-66.8171	-1.89298	194.377	0	
-66.2468	-0.405748	196.203	0	
-69.8958	-0.409544	213.819	0	
-70.2241	-1.3479	193.89	0	
-68.8746	-1.7112	186.577	0	
-68.1744	-2.68388	190.664	0	
-67.5397	-2.64343	193.563	0	
-66.5525	-2.75902	195.531	0	
-66.0834	-1.71874	194.374	0	
-65.9558	-1.00848	195.003	0	
-66.5527	-1.27442	193.853	0	
-66.1361	-1.33931	194.803	0	
-66.8669	-0.375319	199.595	0	
-67.1826	-0.185329	184.138	0	
-70.9375	-0.215758	195.565	0	
-69.8951	-0.747092	194.548	0	
-70.4669	-1.68444	189.137	0	
-70.2413	-2.07434	187.059	0	
-69.1316	-2.31582	186.344	0	
-68.4721	-2.46723	187.794	0	
-68.1107	-3.07733	193.541	0	
-67.1844	-3.48284	199.135	0	
-69.7908	-2.0684	186.772	0	
-69.9191	-3.73859	192.025	0	
-68.3287	-3.36334	193.19	0	
-67.5688	-3.35685	197.561	0	
-67.6929	-3.02032	193.586	0	
-66.8702	-2.7987	196.238	0	
-68.9544	-3.09258	188.715	0	
-69.5234	-4.86984	209.336	0	
-68.1964	-4.26828	207.48	0	
-67.8473	-3.72137	198.909	0	
-68.3974	-4.64462	212.29	0	
-67.6539	-4.67488	215.9	0	
-69.0686	-3.68416	193.616	0	
-69.7301	-2.85114	184.956	0	
-69.4897	-4.4485	204.859	0	
-67.7089	-6.46186	256.952	0	
-67.2882	-4.78264	217.347	0	
-66.9111	-4.17825	208.95	0	
-67.2051	-5.14141	226.023	0	
-66.4757	-5.10485	223.969	0	
-67.4917	-5.38626	227.762	0	
-67.0788	-5.85424	241.752	0	
-67.9981	-5.25049	229.286	0	
-68.4423	-5.53785	229.49	0	
-67.0059	-6.19089	254.042	0	
-66.4123	-6.21337	251.626	0	
-67.7076	-6.0161	247.759	0	
-66.6916	-6.7798	267.302	0	
-66.0545	-6.41791	259.727	0	
-65.7768	-5.83117	245.632	0	
-68.0197	-7.43107	293.123	0	
-66.4788	-7.42562	288.984	0	
-67.1596	-6.88879	274.333	0	
-67.3351	-7.33523	283.277	0	
-66.06	-6.82918	270.027	0	
-65.1969	-6.8546	266.568	0	
-65.4779	-5.60801	233.439	0	
-65.8	-5.0892	223.712	0	
-68.2314	-5.94209	244.123	0	
-68.3619	-7.10256	282.86	0	
-66.1637	-7.65849	300.598	0	
-65.7448	-7.06936	278.263	0	
-68.8612	-8.07368	317.354	0	
-65.4877	-8.82853	334.477	0	
-64.8421	-6.15354	246.594	0	
-64.9032	-4.32822	208.708	0	
-65.8293	-4.70918	219.015	0	
-66.5063	-4.72811	218.412	0	
-66.2169	-8.20935	311.655	0	
-63.9055	-7.83649	295.58	0	
-64.3599	-6.21121	253.823	0	
-64.1348	-5.1607	226.63	0	
-64.7595	-5.47941	231.391	0	
-63.2761	-4.61852	215.309	0	
-65.5618	-4.46805	212.294	0	
-65.9142	-3.93915	204.867	0	
-67.7476	-8.47967	326.924	0	
-67.0623	-8.65565	338.28	0	
-65.6892	-8.3381	314.294	0	
-64.7141	-8.60042	319.444	0	
-65.1631	-4.60556	217.982	0	
-65.0799	-3.84294	204.388	0	
-65.8751	-3.48536	200.648	0	
-66.5261	-3.6073	201.107	0	
-66.8681	-3.28265	197.759	0	
-67.2406	-4.00069	202.941	0	
-71.2469	-0.72009	193.842	0	
-70.625	-0.384747	203.133	0	
-70.625	-0.816264	197.186	0	
-70.8817	-1.62973	189.08	0	
-71.1093	-2.02292	184.024	0	
-70.1906	-2.83438	184.938	0	
-69.5222	-2.423	186.908	0	
-70.0363	-5.64309	229.637	0	
-69.0622	-5.40187	229.975	0	
-68.4684	-6.35083	254.4	0	
-68.9352	-6.48344	263.114	0	
-64.0639	-7.08867	274.054	0	
-62.9908	-5.27178	233.798	0	
-64.469	-4.37896	211.942	0	
-63.8319	-5.15044	228.65	0	
-72.3327	-0.479865	195.307	0	
-71.4922	-2.01698	183.407	0	
-70.9833	-0.982332	196.624	0	
-71.7138	-0.985429	191.401	0	
-71.9334	-2.45507	179.968	0	
-71.8861	-3.13362	181.162	0	
-70.8676	-3.22033	184.9	0	
-69.5557	-3.56357	190.119	0	
-70.6027	-5.06969	217.372	0	
-70.0245	-6.66267	262.842	0	
-62.6318	-8.17627	310.562	0	
-62.885	-6.09579	254.68	0	
-63.4751	-6.61309	263.272	0	
-62.7021	-6.78743	273.601	0	
-72.567	-2.04423	182.553	0	
-72.7688	-3.31257	184.094	0	
-71.3115	-4.14004	193.354	0	
-70.1352	-4.40033	201.111	0	
-61.8759	-6.22299	259.923	0	
-62.7619	-5.64948	240.053	0	
-73.4375	-0.215758	199.496	0	
-69.1667	-0.240555	184.953	0	
-71.7219	-0.402881	192.885	0	
-72.7124	-1.16261	189.44	0	
-75.1517	-2.65365	192.665	0	
-72.7493	-0.246258	200.505	0	
-73.72	-0.873292	196.686	0	
-72.9382	-1.52934	187.759	0	
-71.6826	-1.60904	185.563	0	
-73.6083	-1.73159	186.576	0	
-73.157	-3.0275	182.564	0	
-70.5265	-4.20487	195.167	0	
-71.2668	-7.07928	273.832	0	
-72.2697	-7.85146	314.24	0	
-68.1472	-10.7755	403.165	0	
-63.3998	-6.13661	255.022	0	
-63.0843	-7.19757	285.398	0	
-63.0665	-7.70454	299.721	0	
-61.6494	-6.90759	280.729	0	
-67.4437	-11.9036	417.922	0	
-65.5712	-10.4798	375.87	0	
-73.4554	-3.74014	190.937	0	
-72.187	-3.63818	184.709	0	
-73.0346	-4.14572	193.454	0	
-71.1432	-5.57625	228.476	0	
-72.8771	-5.15648	219.235	0	
-71.8726	-7.12642	287.674	0	
-74.6709	-1.50408	194.653	0	
-74.2432	-2.10391	187.266	0	
-63.4638	-8.65459	329.113	0	
-62.9546	-9.28404	346.281	0	
-74.259	-3.85328	194.683	0	
-73.2794	-4.99034	211.559	0	
-64.2559	-8.97383	337.834	0	
-61.1481	-8.92171	341.41	0	
-62.4755	-9.36994	345.932	0	
-62.4719	-11.2304	379.436	0	
-74.7714	-2.62572	190.013	0	
-75.1647	-4.70813	211.195	0	
-76.3644	-2.92465	195.994	0	
-77.2282	-2.01787	196.287	0	
-75.9614	-3.77373	198.723	0	
-75.5993	-5.27885	224.122	0	
-78.0209	-3.01221	189.843	0	
-76.3401	-3.85584	199.945	0	
-158.493	-0.185923	218.002	0	
-158.806	-0.319283	215.437	0	
-157.293	-1.96868	210.437	0	
-156.465	-1.44677	216.589	0	
-159.901	-0.397588	167.72	0	
-158.372	-1.63294	208.061	0	
-159.916	-0.768768	184.541	0	
-160.485	-1.19363	168.571	0	
-162.002	-1.44038	172.735	0	
-160.312	-0.867828	162.179	0	
-160.702	-2.54667	190.992	0	
-163.598	-3.99662	236.506	0	
-160.574	-3.41776	212.991	0	
-159.381	-4.50537	225.883	0	
-159.722	-1.99637	192.678	0	
77.5114	-0.734618	233.381	0	
79.783	-1.03873	246.816	0	
-154.865	-0.448104	241.499	0	
79.619	-0.553858	248.081	0	
-154.028	-1.08497	227.837	0	
53.7614	-0.734618	182.87	0	
-153.8	-0.267479	240.194	0	
56.033	-1.03873	175.129	0	
-153.779	-0.565971	242.164	0	
55.869	-0.553858	184.038	0	
-152.849	-0.895475	220.953	0	
-152.821	-1.59491	202.487	0	
-151.284	-0.746867	213.319	0	
-151.28	-0.380562	210.224	0	
-150.622	-0.368067	217.67	0	
-150.938	-0.183316	220.229	0	
-150.305	-0.920708	219.113	0	
-149.048	-0.846733	231.145	0	
-151.8	-0.197247	208.31	0	
-152.249	-1.24944	203.548	0	
-150.309	-1.39588	215.87	0	
-148.84	-0.415216	222.987	0	
-151.955	-0.957378	210.39	0	
-150.629	-1.59524	209.958	0	
-150.945	-1.30162	209.161	0	
-149.968	-2.09079	214.922	0	
-149.062	-0.142282	227.36	0	
-149.997	-0.362392	226.63	0	
-151.375	-1.39663	205.227	0	
-150.497	-2.45625	201.973	0	
-151.243	-2.06291	198.378	0	
-151.191	-2.86276	192.719	0	
-148.556	-1.27168	230.03	0	
-147.89	-1.17273	222.62	0	
-149.683	-0.978483	228.743	0	
-149.375	-0.319924	232.441	0	
-149.375	-0.75144	226.833	0	
-151.249	-3.72826	195.46	0	
-150.759	-3.77224	200.575	0	
-152.365	-2.39876	188.194	0	
-151.469	-3.25278	192.422	0	
-151.528	-4.3994	202.107	0	
-151.03	-4.77988	207.176	0	
-153.054	-3.08041	190.153	0	
-151.942	-3.20982	186.528	0	
-150.51	-4.26934	205.855	0	
-149.723	-3.79941	210.026	0	
-149.982	-3.34692	206.767	0	
-148.362	-1.66691	226.883	0	
-150.003	-4.27939	211.643	0	
-148.802	-2.57813	220.653	0	
-149.613	-4.90299	221.826	0	
-149.136	-3.89734	214.47	0	
-148.791	-3.46655	216.96	0	
-147.967	-4.05883	217.221	0	
-150.039	-5.43975	226.524	0	
-147.692	-6.49372	262.438	0	
-146.694	-3.11755	204.229	0	
-147.318	-2.88331	212.128	0	
-157.188	-0.133359	230.546	0	
-154.657	-0.749703	232.809	0	
-156.721	-0.985373	223.08	0	
-155.896	-0.674192	222.072	0	
-146.875	-0.399074	211.717	0	
-147.549	-0.422809	213.6	0	
-147.558	-0.956397	222.601	0	
-146.875	-0.83059	221.379	0	
-146.635	-1.63922	205.817	0	
-146.41	-1.24635	209.122	0	
-145.206	-1.95591	195.407	0	
-148.07	-0.207051	210.137	0	
-148.283	-0.912074	224.063	0	
-148.954	-1.27111	230.572	0	
-147.945	-1.63383	224.366	0	
-149.277	-1.62077	226.586	0	
-148.91	-2.15283	223.391	0	
-147.708	-1.97791	218.364	0	
-147.197	-1.18086	213.522	0	
-148.016	-2.43628	218.315	0	
-147.051	-2.36691	207.643	0	
-146.631	-2.40571	203.234	0	
-146.413	-2.02266	201.375	0	
-146.457	-2.78336	199.615	0	
-146.015	-2.77163	196.105	0	
-145.475	-1.6166	200.382	0	
-145.898	-0.640668	212.676	0	
-147.135	-3.2563	207.654	0	
-146.511	-3.50338	203.11	0	
-145.382	-3.09209	190.944	0	
-145.157	-2.71389	189.299	0	
-147.155	-3.79036	210.146	0	
-146.727	-3.90237	207.27	0	
-146.546	-4.48662	211.751	0	
-146.079	-3.49595	196.597	0	
-145.21	-3.48163	189.588	0	
-144.774	-3.50562	186.014	0	
-144.529	-2.35427	189.479	0	
-144.606	-1.99749	194.696	0	
-145.661	-3.73869	195.272	0	
-145.216	-4.41833	197.895	0	
-144.129	-3.88766	183.515	0	
-143.917	-3.49834	178.963	0	
-143.934	-2.73098	183.162	0	
-143.914	-1.70405	198.735	0	
-144.786	-1.24831	206.838	0	
-145.838	-0.945062	210.359	0	
-145.185	-5.03351	206.421	0	
-144.738	-5.14205	201.873	0	
-145.95	-5.31761	217.845	0	
-145.649	-6.79985	255.459	0	
-144.392	-6.03016	223.064	0	
-143.948	-4.26605	183.031	0	
-144.147	-4.66747	192.131	0	
-143.445	-4.28979	182.628	0	
-143.326	-3.0767	176.553	0	
-143.515	-2.72079	182.842	0	
-142.681	-1.97359	188.818	0	
-143.039	-0.864568	210.142	0	
-144.526	-0.907572	210.855	0	
-145.312	-0.119818	222.825	0	
-144.098	-1.13767	208.801	0	
-144.747	-0.143935	207.468	0	
-143.883	-5.03635	193.054	0	
-143.163	-4.72657	180.061	0	
-141.193	-3.82619	169.861	0	
-142.222	-3.50493	170.337	0	
-142.911	-3.07704	176.306	0	
-142.655	-2.68934	177.319	0	
-141.882	-0.318585	222.335	0	
-143.438	-0.0995492	211.909	0	
-143.999	-5.43306	207.231	0	
-143.586	-5.82408	208.773	0	
-143.257	-1.79015	196.44	0	
-144.109	-2.37964	188.641	0	
-142.838	-3.83056	174.938	0	
-142.216	-2.74235	172.865	0	
-143.774	-0.661086	211.939	0	
-142.981	-0.312649	211.157	0	
-144.452	-5.5591	210.389	0	
-143.763	-6.22016	227.576	0	
-143.275	-7.00495	253.789	0	
-141.905	-6.22048	215.475	0	
-142.447	-4.17612	173.512	0	
-142.039	-3.96952	171.08	0	
-142.554	-4.67284	181.703	0	
-142.463	-5.44057	195.747	0	
-141.891	-2.40719	178.315	0	
-142.854	-1.3876	202.483	0	
-141.479	-2.8542	171.229	0	
-141.464	-1.67125	186.39	0	
-140.292	-7.55433	279.356	0	
-139.569	-5.21812	193.923	0	
-141.278	-3.44013	169.091	0	
-139.49	-3.00319	175.475	0	
-141.012	-3.12821	169.886	0	
-140.607	-4.48933	175.85	0	
-140.071	-5.10527	187.418	0	
-138.421	-4.66523	193.559	0	
-144.632	-6.74926	248.44	0	
-145.744	-6.39077	245.659	0	
-144.406	-7.69049	289.16	0	
-143.323	-7.61125	275.727	0	
34.6996	-0.159167	219.786	0	
37.2108	-1.49543	219.163	0	
26.6667	-0.240555	202.342	0	
37.0833	-0.301598	237.059	0	
28.125	-0.360901	217.926	0	
27.8125	-0.180445	223.278	0	
28.4376	-0.902258	211.158	0	
29.0675	-0.912873	206.71	0	
24.0625	-0.116803	190.613	0	
27.7917	-0.914235	218.696	0	
28.4375	-1.27911	209.559	0	
29.3831	-0.741951	207.821	0	
27.052	-1.06781	221.132	0	
28.1098	-1.83986	209.627	0	
27.7904	-1.2764	213.542	0	
28.759	-1.88478	205.309	0	
29.6724	-0.917831	209.295	0	
28.7549	-0.365785	207.394	0	
26.6569	-1.03246	220.754	0	
26.4321	-1.37074	222.352	0	
27.3633	-1.36986	215.828	0	
27.3754	-1.7112	218.093	0	
29.0986	-2.73275	198.054	0	
29.1251	-2.12843	201.174	0	
30.0032	-0.405748	212.788	0	
26.3542	-0.409544	226.467	0	
26.0259	-1.3479	221.157	0	
27.7886	-1.99678	212.494	0	
27.3726	-2.68138	211.355	0	
29.9814	-2.51229	197.718	0	
30.0816	-1.32508	210.114	0	
29.3851	-1.46994	205.469	0	
30.2942	-1.00848	213.213	0	
29.4387	-1.90428	203.397	0	
29.815	-2.82765	194.267	0	
29.3831	-0.375319	203.997	0	
29.0674	-0.185329	207.206	0	
25.3125	-0.215758	203.423	0	
26.3549	-0.747092	212.355	0	
25.7831	-1.68444	218.975	0	
26.0087	-2.07434	220.865	0	
27.1004	-2.39357	216.066	0	
27.7494	-2.41015	209.196	0	
28.847	-3.96725	189.862	0	
28.6962	-3.02776	197.776	0	
26.4592	-2.0684	220.313	0	
26.4915	-2.90411	212.656	0	
27.3684	-3.15748	205.052	0	
28.0345	-2.79189	203.999	0	
30.0655	-3.22315	191.698	0	
31.2815	-2.63601	196.922	0	
24.9505	-0.602994	200.408	0	
25.625	-0.384747	221.876	0	
25.625	-0.816264	211.717	0	
25.3683	-1.62973	215.681	0	
25.1407	-2.02292	207.944	0	
26.0489	-2.80959	213.453	0	
26.7098	-2.50075	218.191	0	
26.634	-3.49388	205.88	0	
27.8877	-3.93496	196.251	0	
22.5072	-0.731718	192.648	0	
24.7578	-2.01698	204.637	0	
25.1254	-0.851127	204.956	0	
24.8892	-1.30486	204.662	0	
24.2714	-2.36209	196.179	0	
24.2228	-3.21213	193.793	0	
25.3632	-3.14618	205.612	0	
25.8966	-3.65797	202.679	0	
27.3022	-4.02336	196.416	0	
27.0477	-3.61269	204.002	0	
23.732	-2.06001	191.469	0	
23.8557	-2.71121	192.043	0	
24.6513	-3.48753	196.239	0	
25.2836	-3.99167	195.7	0	
24.7298	-4.80322	188.201	0	
27.0833	-0.240555	188.141	0	
29.1604	-8.06193	200.579	0	
28.0688	-5.08101	187.232	0	
29.7064	-4.72537	183.913	0	
22.6069	-1.67522	193.813	0	
23.0655	-2.2029	190.599	0	
21.5741	-1.29981	189.607	0	
22.5777	-2.70773	189.567	0	
22.5293	-4.0149	187.204	0	
23.7423	-3.00339	191.529	0	
23.0873	-4.79167	186.081	0	
23.0507	-3.56561	187.172	0	
23.614	-4.20839	187.758	0	
24.5964	-5.14097	186.053	0	
23.247	-5.76015	183.335	0	
24.5626	-5.86897	183.569	0	
24.672	-6.3691	181.546	0	
25.5792	-5.07929	187.863	0	
-140	-0.36376	199.383	0	
-139.372	-0.368067	198.126	0	
-139.688	-0.183316	183.65	0	
-139.055	-0.920708	202.694	0	
-137.798	-0.846733	209.589	0	
-140.938	-0.180456	221.169	0	
-140.625	-0.360901	205.368	0	
-140.315	-1.28335	195.276	0	
-139.688	-0.913707	197.723	0	
-139.001	-1.43663	199.936	0	
-137.59	-0.415216	218.216	0	
-141.283	-0.380108	210.05	0	
-140.312	-0.180445	224.599	0	
-140.955	-1.26995	196.523	0	
-140.647	-1.4687	188.435	0	
-139.997	-1.88463	185.141	0	
-137.812	-0.142282	207.823	0	
-138.747	-0.362392	207.723	0	
-142.357	-0.315819	219.215	0	
-142.858	-0.556011	212.353	0	
-140.936	-0.901287	200.683	0	
-141.265	-2.28439	175.257	0	
-139.688	-2.18822	182.288	0	
-139.306	-1.63672	193.479	0	
-141.282	-0.74005	212.043	0	
-141.594	-0.99111	202.729	0	
-137.675	-1.22012	202.961	0	
-136.44	-1.45957	185.02	0	
-138.433	-0.978483	207.873	0	
-138.125	-0.319924	214.939	0	
-138.125	-0.75144	211.775	0	
-137.863	-1.63654	197.175	0	
-141.596	-0.199652	220.854	0	
-136.955	-1.01502	194.415	0	
-137.248	-1.25115	195.284	0	
-136.965	-0.552469	192.21	0	
-135.625	-0.379194	181.496	0	
-138.346	-1.82155	195.716	0	
-138.486	-2.2964	188.926	0	
32.4706	-0.413249	241.34	0	
35.3006	-1.05211	214.041	0	
-135.938	-0.197993	191.87	0	
34.4239	-0.309967	221.676	0	
-134.997	-0.723607	188.179	0	
-135.312	-0.181202	193.66	0	
-135.625	-0.810711	188.282	0	
-134.684	-0.909036	184.27	0	
-134.367	-0.73471	190.985	0	
-134.685	-0.181878	186.097	0	
-135.312	-0.973245	181.054	0	
-135.585	-1.5323	178.995	0	
-134.689	-1.24905	186.906	0	
-134.127	-0.958274	189.715	0	
-136.689	-1.70432	183.164	0	
-134.367	-0.368079	186.551	0	
-135.014	-2.34867	179.357	0	
-132.709	-1.64639	198.572	0	
-133.716	-0.376319	206.505	0	
-133.195	-0.970407	203.149	0	
-133.201	-0.190118	218.728	0	
-133.12	-1.44844	198.126	0	
-132.291	-0.93503	207.814	0	
-132.856	-2.27625	191.408	0	
-131.088	-1.37856	200.402	0	
-131.127	-0.670421	197.849	0	
-132.714	-0.392773	216.825	0	
-131.562	-0.169315	193.449	0	
-132.222	-0.202655	187.476	0	
-131.863	-1.59446	202.57	0	
-130.815	-0.932622	197.131	0	
-129.929	-2.00876	178.521	0	
-130.318	-0.910507	195.645	0	
-130.617	-0.169395	197.031	0	
-131.909	-0.371971	202.246	0	
-131.552	-0.867657	201.666	0	
-130.11	-1.27645	186.553	0	
-129.32	-0.973271	176.494	0	
-137.011	-2.30678	183.081	0	
-135.315	-2.22728	178.828	0	
-134.289	-2.44292	183.781	0	
-133.763	-1.57986	190.561	0	
-133.431	-2.12461	189.109	0	
-132.277	-3.46696	192.955	0	
-131.134	-2.36318	188.384	0	
-130.685	-3.30042	185.507	0	
-130.498	-1.65868	190.856	0	
-129.506	-1.65009	175.061	0	
-129.624	-1.29153	179.643	0	
-129.389	-0.526681	175.57	0	
-128.856	-0.863264	180.68	0	
-129.055	-1.73978	170.736	0	
-128.543	-1.0777	170.8	0	
-129.322	-2.41793	172.245	0	
-128.695	-2.76323	171.73	0	
-128.019	-0.881981	188.453	0	
-128.404	-0.199589	194.746	0	
-127.047	-4.60567	193.064	0	
-128.491	-2.40314	170.964	0	
-126.927	-2.38215	185.486	0	
-128.063	-1.67244	177.688	0	
-127.724	-1.1796	184.873	0	
-127.143	-0.183316	186.726	0	
-137.122	-2.61727	181.18	0	
-128.019	-0.450465	177.265	0	
-136.888	-3.98044	187.951	0	
-134.778	-3.37732	184.151	0	
-132.876	-2.78229	189.644	0	
-126.324	-2.64243	188.258	0	
-126.382	-2.00609	194.222	0	
-135.538	-3.21782	179.976	0	
-135.608	-6.95956	282.824	0	
-126.506	-2.96772	186.13	0	
-125.355	-3.00074	186.961	0	
-132.132	-5.07332	214.493	0	
-129.56	-3.44562	177.127	0	
-126.936	-3.66004	183.564	0	
-123.022	-5.18453	190.272	0	
-123.884	-3.89292	178.577	0	
-124.464	-1.87789	193.113	0	
-134.906	-5.01365	211.894	0	
-133.907	-7.49033	315.04	0	
-130.776	-3.86486	190.043	0	
-129.605	-4.35519	196.622	0	
-122.606	-2.51169	177.146	0	
-122.474	-1.49487	190.548	0	
-122.533	-3.43536	169.946	0	
-120.493	-2.422	177.504	0	
127.396	-0.517356	194.169	0	
129.555	-1.2764	199.49	0	
129.744	-2.05284	204.149	0	
129.386	-0.62239	181.745	0	
130.2	-1.0851	192.081	0	
129.219	-2.25453	206.945	0	
130.841	-2.10796	200.48	0	
131.401	-2.67605	205.268	0	
131.429	-1.44736	195.773	0	
131.779	-2.57564	205.782	0	
132.985	-2.91491	204.18	0	
129.666	-0.169993	179.96	0	
129.784	-1.02007	192.132	0	
130.943	-0.916578	184.618	0	
130.537	-0.783538	202.619	0	
130.537	-0.416907	182.186	0	
130.914	-1.24071	197.623	0	
131.998	-0.4556	180.111	0	
132.311	-0.275155	206.928	0	
131.25	-0.36376	179.815	0	
132.329	-1.22427	195.543	0	
133.817	-1.84735	209.625	0	
131.568	-0.978592	184.226	0	
130.241	-3.80223	218.063	0	
132.007	-4.50335	215.667	0	
133.608	-3.69682	200.607	0	
132.821	-2.64153	205.355	0	
134.064	-4.20457	198.637	0	
134.758	-1.44103	204.108	0	
132.864	-4.22278	208.115	0	
135.202	-4.67505	193.218	0	
134.05	-1.53494	208.06	0	
134.015	-2.1632	205.085	0	
130.096	-4.91627	225.043	0	
134.883	-5.30303	199.491	0	
135.886	-4.6384	193.287	0	
136.222	-2.4501	186.988	0	
133.652	-6.78741	217.687	0	
136.702	-6.45255	206.816	0	
136.269	-5.22588	193.751	0	
137.049	-3.56791	190.93	0	
135.84	-3.81567	188.759	0	
136.6	-4.17546	189.144	0	
139.376	-0.735515	219.328	0	
142.283	-1.03873	205.984	0	
120.625	-0.399074	198.959	0	
142.119	-0.553858	196.941	0	
119.062	-0.116803	176.473	0	
119.631	-0.614822	187.307	0	
120.625	-0.83059	193.41	0	
121.452	-1.79948	201.851	0	
121.144	-1.16663	200.458	0	
122.791	-0.914438	196.26	0	
117.511	-0.734618	182.315	0	
120.272	-1.06614	196.951	0	
119.339	-1.14659	179.413	0	
120.627	-2.26818	198.403	0	
119.822	-1.76111	191.149	0	
119.789	-2.25848	192.655	0	
121.051	-2.51774	198.186	0	
121.885	-1.68189	203.224	0	
119.257	-2.54986	190.415	0	
121.049	-3.01299	194.192	0	
120.621	-3.34355	194.144	0	
123.142	-2.04488	187.503	0	
121.602	-0.640668	192.794	0	
121.036	-1.56284	202.433	0	
118.068	-1.75355	184.799	0	
118.135	-3.03163	193.889	0	
119.745	-3.26279	194.172	0	
119.675	-4.1609	194.536	0	
121.509	-3.29374	191.258	0	
122.988	-4.53453	182.67	0	
120.691	-3.97917	190.829	0	
121.611	-3.87997	187.486	0	
121.222	-4.23484	189.522	0	
122.473	-3.5874	182.094	0	
121.875	-5.63679	190.374	0	
122.125	-5.24012	188.47	0	
120.337	-5.04851	192.824	0	
120.797	-6.42069	198.887	0	
122.274	-6.61847	195.54	0	
123.271	-6.1031	190.986	0	
118.538	-4.23888	197.73	0	
121.15	-5.72846	192.001	0	
118.246	-5.9729	202.792	0	
119.275	-6.0558	200.844	0	
119.581	-5.23123	197.79	0	
119.913	-6.78196	201.098	0	
117.892	-7.74946	208.429	0	
121.057	-8.5998	207.104	0	
-121.562	-0.183316	194.657	0	
-123.124	-0.735515	196.285	0	
-122.186	-1.39442	190.793	0	
-121.875	-0.83059	196.61	0	
-121.564	-1.52088	189.365	0	
-121.395	-1.22079	196.377	0	
-119.725	-1.0645	197.713	0	
-123.75	-0.36376	194.008	0	
-123.124	-0.368884	197.933	0	
-123.438	-0.183316	196.375	0	
-122.499	-0.401327	210.352	0	
-122.811	-0.185568	200.562	0	
-124.688	-0.180456	205.027	0	
-124.375	-0.360901	200.517	0	
-124.065	-1.28335	194.689	0	
-123.438	-0.913707	195.605	0	
-125.833	-0.240517	197.528	0	
-124.062	-0.180445	197.228	0	
-124.754	-1.2956	202.866	0	
-124.44	-1.49081	197.643	0	
-123.747	-1.88463	186.044	0	
-126.064	-0.470339	228.066	0	
-125.161	-1.38905	205.396	0	
-124.692	-0.904829	208.889	0	
-124.799	-2.08993	192.054	0	
-123.36	-2.20027	181.474	0	
-122.927	-1.80206	185.526	0	
-125.109	-0.784456	209.058	0	
-125.365	-1.69372	203.453	0	
-125.191	-2.01013	196.986	0	
-124.495	-2.73982	182.994	0	
-125.438	-2.3157	193.499	0	
-124.808	-2.5265	188.742	0	
-124.5	-3.19432	182.005	0	
-123.053	-2.90368	174.593	0	
-125.799	-2.32079	193.916	0	
-125.771	-2.97702	187.741	0	
-126.001	-1.98694	197.959	0	
-126.53	-2.34566	190.321	0	
-126.331	-3.28129	185.212	0	
-124.931	-3.74046	182.617	0	
-125.812	-1.66544	202.236	0	
-126.673	-1.44042	197.477	0	
-127.127	-2.15199	185.331	0	
-126.867	-2.9539	182.938	0	
-127.103	-3.28587	182.332	0	
-125.945	-3.29631	186.722	0	
-127.533	-3.23409	178.246	0	
-128.407	-3.37049	174.915	0	
-126.526	-3.64164	185.915	0	
-125.3	-3.91871	185.984	0	
-126.361	-4.11979	187.931	0	
-126.624	-4.67259	197.195	0	
-124.971	-3.3264	183.872	0	
-123.779	-4.88887	190.254	0	
-127.926	-2.26949	175.835	0	
-128.803	-3.54222	176.81	0	
-127.931	-3.54695	180.226	0	
-128.077	-4.36251	190.918	0	
-125.972	-4.15608	188.888	0	
-125.906	-5.36668	208.786	0	
-123.119	-3.6032	172.855	0	
-124.073	-3.39242	176.528	0	
-128.615	-4.29318	190.437	0	
-127.759	-4.00996	183.86	0	
-123.37	-4.02055	172.541	0	
-123.291	-3.23523	172.523	0	
-130.112	-4.29531	196.219	0	
-127.39	-5.03766	206.417	0	
-123.116	-4.40017	178.384	0	
-122.317	-3.94749	169.774	0	
-123.312	-4.83319	181.415	0	
-121.875	-4.68455	176.63	0	
-122.627	-4.03883	172.061	0	
-121.577	-3.09352	170.171	0	
-124.205	-4.54762	185.838	0	
-124.535	-6.91972	259.594	0	
-121.993	-5.10437	182.24	0	
-119.789	-4.3998	175.455	0	
-124.798	-4.82623	190.873	0	
-124.902	-5.87277	215.682	0	
-121.702	-6.8028	227.366	0	
-123.611	-5.76726	207.968	0	
-124.27	-6.34139	229.428	0	
-123.593	-6.23596	213.749	0	
-127.382	-0.434192	183.604	0	
-125.417	-0.240517	213.242	0	
-126.47	-1.1394	203.608	0	
-128.985	-5.18497	213.596	0	
-126.481	-0.229822	190.315	0	
-128.361	-6.10985	238.213	0	
-129.614	-6.18687	256.793	0	
-128.117	-5.63156	229.687	0	
-126.563	-6.60151	246.173	0	
-127.304	-5.69773	219.402	0	
-128.658	-4.83362	201.542	0	
-128.785	-5.99667	236.344	0	
-129.833	-5.90151	235.625	0	
-129.012	-6.79022	276.517	0	
-127.917	-6.4587	254.115	0	
-127.674	-5.98041	229.814	0	
-126.769	-5.94552	228.404	0	
-126.939	-7.18416	292.744	0	
-122.579	-6.44423	215.146	0	
-118.803	-6.27336	217.21	0	
-121.652	-5.30059	185.365	0	
-121.181	-5.96619	204.398	0	
-126.84	-7.95561	320.038	0	
-124.711	-8.28606	322.773	0	
-127.872	-7.99127	328.555	0	
-122.223	-10.5792	452.307	0	
122.188	-0.119818	187.659	0	
123.125	-0.360901	197.243	0	
122.812	-0.180445	229.54	0	
123.438	-0.902258	187.239	0	
124.067	-0.912873	176.385	0	
121.916	-1.06664	204.736	0	
122.74	-2.59196	187.865	0	
123.438	-1.27911	192.077	0	
124.383	-0.741951	186.851	0	
123.472	-2.58097	180.903	0	
122.634	-1.29383	201.815	0	
123.13	-1.5762	189.804	0	
123.759	-1.88478	182.363	0	
124.672	-0.917831	171.205	0	
123.755	-0.365785	182	0	
124.372	-3.1507	175.945	0	
124.125	-2.12843	173.852	0	
125.003	-0.405748	165.401	0	
125.047	-2.56278	175.646	0	
124.938	-1.42176	173.649	0	
124.385	-1.46994	173.442	0	
125.294	-1.00848	175.171	0	
124.439	-1.90428	177.946	0	
124.807	-2.03463	173.053	0	
124.383	-0.375319	169.734	0	
124.067	-0.185329	191.534	0	
126.126	-3.22401	186.377	0	
126.573	-1.77755	189.118	0	
-118.333	-0.240555	200.38	0	
-116.875	-0.360901	192.064	0	
-117.188	-0.180445	185.261	0	
-116.562	-0.902258	195.335	0	
-115.617	-0.734678	188.778	0	
-120	-0.335576	214.324	0	
-117.208	-0.914235	197.591	0	
-116.562	-1.27911	190.143	0	
-115.617	-0.368047	197.699	0	
-117.948	-1.06781	197.249	0	
-116.89	-1.83986	189.799	0	
-117.21	-1.2764	192.847	0	
-116.241	-1.88478	190.23	0	
-115.305	-0.187647	187.42	0	
-116.25	-0.360855	193.48	0	
-118.343	-1.03246	195.059	0	
-118.568	-1.37074	193.39	0	
-117.637	-1.36986	194.479	0	
-117.625	-1.7112	190.985	0	
-115.879	-2.19847	193.825	0	
-115.553	-1.63826	195.487	0	
-115.301	-0.928997	196.448	0	
-114.057	-0.836567	190.705	0	
-118.974	-1.3479	193.71	0	
-117.211	-1.99678	191.56	0	
-117.627	-2.68138	184.789	0	
-115.252	-1.44202	191.712	0	
-113.849	-0.405051	185.354	0	
-116.25	-0.721768	186.491	0	
-115.937	-0.907943	196.498	0	
-119.688	-0.215758	198.516	0	
-119.062	-0.938054	195.248	0	
-119.217	-1.68444	189.032	0	
-118.991	-2.07434	185.763	0	
-117.9	-2.39357	184.72	0	
-117.251	-2.41015	186.106	0	
-116.997	-4.45966	194.992	0	
-116.218	-3.29952	191.009	0	
-114.062	-0.13643	191.186	0	
-114.992	-0.3599	200.685	0	
-118.541	-2.0684	185.663	0	
-118.509	-2.90411	178.968	0	
-117.632	-3.15748	184.39	0	
-116.966	-2.79189	188.029	0	
-120.37	-0.624992	204.098	0	
-119.375	-0.384747	197.031	0	
-119.375	-0.816264	199.49	0	
-119.845	-1.4642	194.119	0	
-119.861	-2.11426	185.714	0	
-118.951	-2.80959	179.031	0	
-118.29	-2.50075	184.038	0	
-113.931	-1.21179	185.789	0	
-113.018	-1.31819	186.15	0	
-114.684	-0.978487	192.917	0	
-114.375	-0.308682	190.024	0	
-114.375	-0.740198	187.883	0	
-118.374	-3.2855	179.436	0	
-117.165	-3.70816	187.728	0	
-120.843	-0.924362	199.864	0	
-119.633	-1.72106	189.926	0	
-120.889	-2.34862	179.039	0	
-120.345	-2.82246	174.318	0	
-119.844	-3.3979	172.666	0	
-118.678	-3.58516	177.833	0	
-114.105	-1.63155	190.571	0	
-113.122	-1.6966	191.644	0	
-113.41	-1.07001	190.757	0	
-113.224	-0.558363	181.31	0	
-112.501	-1.01386	190.194	0	
-117.698	-4.02336	184.544	0	
-117.96	-3.40431	180.235	0	
-121.519	-3.36836	168.522	0	
-120.489	-3.45089	170.002	0	
-119.971	-2.97299	173.312	0	
-120.271	-4.13679	171.518	0	
-114.591	-1.82057	190.468	0	
-114.729	-2.30203	191.874	0	
-121.232	-2.93765	171.2	0	
-119.525	-3.49078	173.255	0	
-111.804	-0.880482	185.544	0	
-117.917	-0.240555	209.814	0	
-112.17	-0.207325	178.966	0	
-111.282	-0.951961	189.327	0	
-110.904	-0.183316	180.764	0	
-119.638	-4.9501	182.175	0	
-111.804	-0.448966	190.597	0	
-117.224	-5.65616	214.389	0	
-117.507	-5.02955	198.421	0	
-113.574	-4.35878	213.829	0	
-112.432	-2.00281	194.767	0	
-112.189	-1.15564	190.988	0	
-112.83	-2.72043	196.544	0	
-111.364	-2.80563	199.248	0	
-112.804	-2.01247	191.489	0	
-111.749	-2.72101	197.396	0	
-110.997	-2.64348	196.968	0	
-111.746	-1.67324	194.467	0	
-112.238	-3.03072	199.531	0	
-111.723	-3.95663	209.274	0	
-110.331	-2.85463	195.549	0	
-110.178	-1.75007	192.816	0	
-111.155	-2.07312	195.41	0	
-110.88	-1.15508	189.624	0	
-113.668	-2.59407	194.467	0	
-112.127	-4.44373	219.716	0	
-109.317	-4.64289	210.582	0	
-109.631	-3.35562	195.099	0	
-109.798	-3.07375	194.473	0	
-110.407	-2.28442	194.634	0	
-113.854	-4.42209	213.538	0	
-111.56	-4.81479	224.421	0	
-113.97	-6.3251	260.869	0	
-112.993	-6.40622	266.034	0	
100.625	-0.399074	178.774	0	
99.0181	-0.161852	182.907	0	
99.8548	-0.86823	190.556	0	
100.611	-0.970647	185.988	0	
101.261	-2.14753	191.516	0	
101.067	-0.787902	181.761	0	
102.051	-1.05601	183.285	0	
97.5072	-0.731718	192.854	0	
100.272	-1.06614	195.51	0	
99.6257	-1.33645	195.665	0	
100.626	-2.28027	196.297	0	
100.226	-1.79268	195.033	0	
99.9858	-2.63133	200.656	0	
100.805	-2.91774	197.23	0	
101.445	-1.5804	187.899	0	
99.4638	-2.51671	203.122	0	
100.515	-4.06244	203.354	0	
101.023	-3.32854	198.123	0	
101.852	-3.39919	196.093	0	
101.602	-0.640668	179.628	0	
101.04	-1.57574	189.972	0	
98.0328	-1.64571	200.855	0	
97.5389	-3.60452	204.758	0	
100.409	-2.63913	198.61	0	
100.302	-3.3074	201.345	0	
102.339	-3.70273	196.771	0	
104.061	-1.04359	182.041	0	
101.415	-4.15252	200.883	0	
101.426	-3.66538	198.69	0	
101.928	-2.25958	190.242	0	
102.97	-2.484	189.205	0	
101.152	-4.96192	204.617	0	
102.099	-5.02182	203.698	0	
103.606	-2.17291	188.386	0	
104.599	-1.99316	189.202	0	
100.82	-4.9356	205.079	0	
101.015	-6.1698	207.847	0	
102.704	-5.33659	204.854	0	
103.751	-3.67807	195.688	0	
103.929	-2.03228	187.067	0	
103.868	-2.80755	191.765	0	
100.093	-5.61457	207.031	0	
98.7277	-4.78287	206.919	0	
101.632	-6.80208	209.15	0	
101.609	-5.26682	205.113	0	
102.19	-3.93873	198.181	0	
103.165	-3.93912	196.821	0	
103.983	-4.43375	199.376	0	
105.274	-3.731	195.645	0	
105.46	-4.39863	198.585	0	
105.141	-2.80475	192.69	0	
99.7064	-5.99766	207.412	0	
99.9183	-6.62304	207.958	0	
101.929	-7.44773	208.08	0	
103.659	-6.06397	207.311	0	
103.166	-4.6557	201.501	0	
104.562	-5.03474	202.543	0	
103.853	-6.36887	208.19	0	
105.297	-5.56002	203.236	0	
106.463	-6.39344	204.625	0	
105.878	-3.90181	194.875	0	
99.5035	-7.30609	203.042	0	
99.9234	-7.97316	206.492	0	
100.663	-7.70018	205.165	0	
102.851	-8.67798	208.94	0	
103.543	-5.49219	204.749	0	
102.889	-5.64535	205.432	0	
98.6033	-6.05411	206.534	0	
98.2564	-8.30326	194.299	0	
100.311	-9.55707	200.912	0	
101.347	-8.03902	208.819	0	
-93.3702	-0.549836	198.636	0	
-93.1266	-1.2741	195.014	0	
-94.6875	-0.215758	185.018	0	
-92.8769	-0.548463	197.628	0	
-93.9599	-1.16738	199.787	0	
-95.6239	-0.735515	186.964	0	
-93.9952	-0.248238	185.337	0	
-95.2001	-1.39888	188.653	0	
-95.5537	-1.50677	190.787	0	
-93.1266	-1.64065	192.986	0	
-94.6356	-2.67757	192.684	0	
-93.8137	-1.89743	194.775	0	
-92.7065	-1.88048	186.52	0	
-92.2888	-1.16326	182.466	0	
-92.8308	-2.41176	187.204	0	
-91.9643	-2.3182	183.251	0	
-91.9743	-0.877314	195.909	0	
-92.6686	-0.246865	188.947	0	
-93.4792	-1.93385	191.681	0	
-92.716	-3.4054	187.227	0	
-91.5428	-2.45622	177.087	0	
-91.1328	-1.82718	176.901	0	
-91.5495	-1.59054	186.024	0	
-92.2519	-0.246865	207.695	0	
-91.4451	-2.92935	180.927	0	
-90.6271	-3.0159	181.703	0	
-89.8492	-1.81965	189.377	0	
-91.5605	-1.11538	175.69	0	
-91.7964	-3.24132	181.819	0	
-91.5974	-0.198932	200.515	0	
-91.448	-4.00343	187.843	0	
-90.151	-3.286	182.155	0	
-89.536	-2.29149	188.566	0	
-89.7807	-0.928388	203.941	0	
-90.6046	-0.412608	191.865	0	
-91.234	-0.914448	195.686	0	
-90.4895	-0.801184	202.169	0	
-89.3632	-0.363191	202.449	0	
-90.9235	-0.230585	201.612	0	
-89.0507	-0.19001	185.652	0	
-89.9936	-0.355204	209.977	0	
-89.0476	-0.935713	201.96	0	
-90.3061	-0.182023	207.296	0	
-87.7653	-0.677876	199.612	0	
-87.9274	-1.23248	200.169	0	
-90.0868	-0.74378	193.961	0	
-89.3632	-0.729822	190.914	0	
-89.9873	-1.49319	194.374	0	
-88.4758	-1.38389	200.143	0	
-87.6058	-0.397249	201.245	0	
-88.7382	-0.358122	199.727	0	
-88.8979	-2.43297	191.936	0	
-88.7461	-2.03601	196.777	0	
-88.3604	-2.73533	192.807	0	
-88.1616	-1.69376	198.968	0	
-89.1846	-3.38874	189.182	0	
-87.3548	-2.26859	192.582	0	
-88.7032	-2.8113	191.947	0	
-87.5751	-2.1645	194.173	0	
-87.6063	-1.86153	195.244	0	
-86.5891	-1.37385	189.004	0	
-88.2814	-1.09122	197.8	0	
-87.8125	-0.131991	192.611	0	
-88.125	-0.300103	197.564	0	
-88.0762	-0.58073	195.58	0	
-88.3855	-0.827812	201.043	0	
-86.8837	-0.928996	193.306	0	
-87.1978	-0.896065	198.451	0	
-86.0271	-0.938454	186.261	0	
-92.344	-3.11026	184.038	0	
-93.0453	-3.91965	192.634	0	
-93.8809	-3.93934	198.811	0	
-92.2584	-3.99924	190.471	0	
-93.5657	-4.41446	202.47	0	
-92.2216	-6.18964	237.086	0	
-93.2139	-5.74503	224.915	0	
-91.0264	-4.86542	200.048	0	
-91.4736	-4.54038	196.364	0	
-90.6349	-4.67834	195.088	0	
-91.9428	-4.79089	200.824	0	
-92.7998	-5.4102	220.58	0	
-90.1892	-4.98816	200.741	0	
-89.0711	-4.07084	193.425	0	
-90.0127	-4.26477	192.675	0	
-89.2286	-4.27586	196.902	0	
-88.6288	-4.36492	198.507	0	
-88.5908	-3.53875	192.316	0	
-87.3962	-3.24181	192.663	0	
-86.6987	-2.44562	189.795	0	
-87.7207	-1.06622	199.303	0	
-86.6933	-1.74382	190.467	0	
-85.5603	-0.880248	188.064	0	
-85.923	-0.208749	189.531	0	
-85.2201	-1.14697	184.215	0	
-84.0574	-0.82436	191.332	0	
-85.2879	-1.58108	188.018	0	
-85.5603	-0.448731	181.412	0	
-84.4487	-1.06896	188.786	0	
-84.8034	-0.888392	188.59	0	
-84.4487	-1.56418	191.897	0	
-85.7029	-1.73259	186.016	0	
-85.2832	-2.46177	188.855	0	
-83.9823	-1.72788	195.949	0	
-83.6408	-1.01231	197.184	0	
-86.102	-1.35668	187.84	0	
-86.4605	-2.16469	189.33	0	
-86.2241	-3.01495	190.577	0	
-84.2396	-2.40673	194.12	0	
-84.5307	-2.47731	191.035	0	
-82.9343	-1.95299	197.937	0	
-86.9484	-2.3691	191.13	0	
-87.2077	-3.73002	195.515	0	
-85.1754	-4.00115	198.31	0	
-84.4577	-3.10569	193.863	0	
-84.9826	-2.99667	191.827	0	
-83.9093	-3.27808	196.232	0	
-87.4043	-4.30046	199.75	0	
-85.9588	-2.87328	189.584	0	
-90.6783	-6.68159	243.569	0	
-92.3062	-5.55194	218.352	0	
-90.0124	-5.89559	225.588	0	
-88.8273	-5.30007	213.994	0	
-91.2742	-5.36316	208.535	0	
-90.6243	-6.07921	229.499	0	
-89.1341	-6.98602	256.657	0	
-88.3753	-4.4062	200.112	0	
-88.3749	-5.09954	210.055	0	
-88.2803	-4.66581	203.101	0	
-82.8125	-0.180445	197.741	0	
-83.9415	-0.403814	188.531	0	
-82.8125	-0.902224	204.38	0	
-83.2124	-0.772212	197.601	0	
-83.2124	-0.411322	202.281	0	
-82.8124	-1.27908	198.907	0	
-81.8674	-0.368081	198.892	0	
-83.1372	-1.55737	199.321	0	
-82.491	-1.88478	195.863	0	
-81.5549	-0.187659	191.316	0	
-82.5	-0.360867	211.179	0	
-81.9073	-3.21593	190.939	0	
-82.1249	-2.12847	192.741	0	
-81.5511	-0.92903	193.781	0	
-80.3072	-0.836528	188.488	0	
-81.4119	-1.37314	190.553	0	
-81.7138	-1.56937	193.144	0	
-80.0989	-0.405012	189.51	0	
-82.5	-0.721756	198.74	0	
-82.1875	-0.907943	201.871	0	
-81.4146	-2.75977	187.406	0	
-80.6685	-1.7647	183.841	0	
-80.3125	-0.136407	183.988	0	
-81.2424	-0.35989	190.527	0	
-80.902	-3.04788	187.023	0	
-79.9264	-2.68321	182.345	0	
-80.7827	-2.22473	183.798	0	
-80.3582	-3.06252	185.601	0	
-80.0475	-2.00287	181.81	0	
-79.1782	-1.24454	187.398	0	
-80.9337	-0.978488	189.772	0	
-80.625	-0.308639	187.751	0	
-80.625	-0.740155	186.883	0	
-81.1932	-3.75454	194.109	0	
-79.9741	-4.03349	195.759	0	
-79.3744	-0.916501	187.968	0	
-79.6816	-0.895324	189.041	0	
-78.4375	-0.201058	205.183	0	
-92.6912	-6.48984	245.602	0	
-91.8071	-6.33481	236.93	0	
-88.3887	-5.6227	217.047	0	
-88.0018	-4.68607	204.881	0	
-78.5612	-2.65969	184.917	0	
-79.4817	-2.31309	181.625	0	
-80.237	-1.2153	184.819	0	
-79.2824	-1.62291	183.194	0	
-78.9828	-1.91681	183.494	0	
-78.7005	-1.22824	187.093	0	
-79.3003	-2.84905	183.324	0	
-78.2398	-2.33247	187.624	0	
-79.3138	-3.1492	184.537	0	
-78.9064	-3.61208	190.725	0	
-77.8187	-2.44129	189.505	0	
-77.5816	-2.02381	193.617	0	
-78.5772	-3.22534	189.083	0	
-78.9547	-4.18345	197.335	0	
-77.8748	-3.2715	191.755	0	
-77.0201	-2.90392	194.362	0	
-76.3937	-1.94002	199.974	0	
-78.75	-0.49084	191.217	0	
-76.6773	-3.17024	195.426	0	
-75.8362	-2.47588	195.89	0	
-76.2524	-0.987091	197.462	0	
-77.3275	-0.402894	191.605	0	
-77.7085	-1.18279	202.021	0	
-77.1859	-1.12695	200.05	0	
-75.4714	-1.70306	196.238	0	
-76.0924	-1.49144	200.652	0	
-78.5417	-0.922356	197.368	0	
-77.7373	-0.252088	215.654	0	
-78.0498	-0.884662	201.559	0	
-76.522	-0.740709	200.31	0	
-76.8819	-0.150806	198.163	0	
-93.4526	-7.05623	268.27	0	
-90.2142	-7.14873	274.206	0	
-87.6235	-4.99584	209.52	0	
-86.7342	-4.61261	205.647	0	
-80.4284	-3.8417	193.751	0	
-79.2588	-4.70558	209.351	0	
-75.4157	-0.654414	203.664	0	
-76.4196	-0.365036	191.174	0	
-75.2074	-0.293525	183.839	0	
-75.996	-0.21423	202.5	0	
-75.2476	-1.17891	194.898	0	
-74.0625	-0.183316	201.877	0	
-74.8846	-1.89396	191.621	0	
-73.75	-0.399074	190.578	0	
-74.7907	-0.293525	209.199	0	
-74.627	-2.21603	190.841	0	
-73.8873	-1.62774	188.667	0	
-74.0115	-2.7872	186.444	0	
-74.0325	-1.02417	191.065	0	
-74.4782	-0.47684	191.855	0	
-75.3931	-3.30922	195.076	0	
-74.7815	-3.54566	193.853	0	
-73.5895	-3.09624	184.831	0	
-73.2942	-2.252	183.007	0	
-87.0776	-5.10183	213.265	0	
-85.9475	-4.24845	202.17	0	
-80.3938	-5.69122	229.232	0	
-78.9337	-5.6763	234.399	0	
-87.2849	-6.50849	243.256	0	
-86.0624	-6.77102	254.124	0	
-78.9886	-6.18174	253.5	0	
-78.1345	-5.94447	245.183	0	
-81.9297	-4.11233	201.993	0	
-82.5545	-4.23143	205.574	0	
-94.3566	-6.87183	262.806	0	
-94.277	-7.36418	286.392	0	
-92.5679	-7.43904	279.767	0	
-91.9922	-9.84341	405.606	0	
-80.9121	-3.70507	192.204	0	
-80.8499	-4.47553	204.885	0	
-86.0535	-7.92409	300.701	0	
-84.4395	-6.15995	238.998	0	
-82.6386	-3.26631	193.662	0	
-82.8475	-4.03622	199.975	0	
-82.9907	-4.88127	216.663	0	
-82.6534	-5.58401	229.802	0	
-103.37	-0.549836	214.905	0	
-103.127	-1.2741	203.122	0	
-104.688	-0.215758	199.421	0	
-102.877	-0.548463	210.958	0	
-103.96	-1.16738	209.308	0	
-105.624	-0.735515	197.139	0	
-103.995	-0.248238	199.124	0	
-105.001	-0.81421	199.812	0	
-104.494	-1.9472	188.833	0	
-103.127	-1.64065	198.765	0	
-105.118	-3.31905	173.009	0	
-103.438	-2.23269	186.997	0	
-102.459	-1.75663	185.427	0	
-102.289	-1.16326	193.691	0	
-103.807	-3.06361	174.344	0	
-101.662	-3.06312	174.772	0	
-101.974	-0.877314	199.909	0	
-102.669	-0.246865	211.193	0	
-101.29	-0.748879	197.158	0	
-102.252	-0.246865	205.956	0	
-101.807	-4.58249	184.22	0	
-101.597	-0.198932	201.386	0	
-102.393	-3.3934	174.15	0	
-102.854	-2.19725	184.122	0	
-102.904	-4.08514	174.23	0	
-103.159	-2.41471	180.001	0	
-102.245	-3.73222	173.004	0	
-108.438	-0.215758	193.45	0	
-107.537	-0.478752	193.144	0	
-107.71	-1.40743	189.058	0	
-106.324	-1.04331	189.441	0	
-108.895	-0.86823	193.619	0	
-108.125	-0.396018	193.387	0	
-108.125	-0.827535	192.558	0	
-109.814	-0.463346	198.181	0	
-108.478	-1.06614	192.798	0	
-109.393	-1.13833	194.212	0	
-108.123	-2.26818	184.843	0	
-108.928	-1.76111	190.875	0	
-108.961	-2.25848	188.287	0	
-107.699	-2.51774	182.067	0	
-107.122	-1.79039	184.556	0	
-109.294	-2.78932	190.709	0	
-109.149	-3.08261	191.518	0	
-108.452	-3.33925	186.804	0	
-106.612	-3.27174	175.813	0	
-106.882	-0.975168	191.825	0	
-106.912	-0.530357	190.996	0	
-106.042	-0.781812	194.961	0	
-107.263	-1.42073	188.749	0	
-106.584	-1.70277	184.17	0	
-106.545	-2.22703	178.977	0	
-105.326	-2.16727	182.358	0	
-106.872	-2.69714	177.766	0	
-105.568	-2.89849	174.357	0	
-104.364	-2.16866	186.028	0	
-104.925	-1.64523	192.473	0	
-111.163	-0.424957	186.093	0	
-109.167	-0.233607	194.875	0	
-110.208	-1.08223	193.575	0	
-110.715	-1.36546	193.351	0	
-110.231	-0.229739	183.008	0	
-109.393	-1.57288	191.509	0	
-108.635	-3.95149	193.056	0	
-107.701	-3.00308	180.786	0	
-109.948	-3.59993	200.517	0	
-109.789	-5.13352	217.688	0	
-108.033	-4.26961	192.431	0	
-106.865	-3.27342	177.404	0	
-108.394	-5.71093	226.985	0	
-107.981	-5.01968	204.929	0	
-107.452	-6.75421	244.518	0	
-107.656	-4.76137	197.016	0	
-106.396	-7.91033	292.838	0	
-103.902	-6.47915	231.168	0	
-104.945	-5.15092	192.626	0	
-107.477	-4.1221	185.595	0	
-106.25	-0.415181	192.827	0	
-105.624	-0.368884	199.149	0	
-105.938	-0.183316	196.547	0	
-104.999	-0.401327	217.711	0	
-105.311	-0.185568	202.882	0	
41.2551	-0.730392	217.699	0	
43.6539	-1.83916	209.362	0	
-99.599	-0.53519	199.319	0	
43.3665	-0.561789	218.889	0	
-99.3924	-1.27697	196.627	0	
-100.537	-0.783538	203.575	0	
-99.1269	-0.548463	195.379	0	
-100.205	-1.09072	192.211	0	
-101.075	-1.8112	183.061	0	
-100.224	-0.233592	221.929	0	
-99.3924	-1.64353	192.163	0	
-101.285	-0.382247	187.617	0	
-100.938	-0.183316	205.021	0	
-101.85	-1.89431	183.068	0	
-100.943	-0.916578	189.666	0	
-101.528	-2.26027	177.591	0	
-100.634	-2.38548	180.608	0	
-100.292	-3.59535	181.238	0	
-99.8514	-1.94325	188.554	0	
-98.9376	-1.8981	194.255	0	
-98.5388	-1.16326	201.14	0	
-99.0462	-2.36196	191.298	0	
-98.1157	-2.39435	194.677	0	
-98.2243	-0.877314	202.089	0	
-98.9186	-0.246865	195.073	0	
-99.7782	-2.32669	185.521	0	
-99.1112	-3.34167	188.248	0	
-97.6165	-2.58482	194.182	0	
-97.1734	-1.02077	197.009	0	
-97.8332	-1.10987	202.887	0	
-98.5019	-0.246865	202.569	0	
-98.7568	-4.38384	196.932	0	
-97.8474	-0.198932	204.473	0	
-99.0522	-3.76281	191.167	0	
-97.6552	-3.11626	194.153	0	
-95.9301	-3.22805	195.024	0	
-97.7668	-1.60075	198.217	0	
-97.3817	-1.83871	195.013	0	
-97.2558	-2.29482	193.72	0	
-96.5648	-1.25189	190.715	0	
-99.2118	-4.41911	197.68	0	
-98.278	-5.23455	214.97	0	
-97.4065	-3.82553	198.846	0	
-98.1746	-3.35831	193.315	0	
-98.1574	-4.54494	204.492	0	
-97.9975	-4.14425	200.036	0	
-97.5201	-6.36386	246.555	0	
-96.3599	-4.36997	207.13	0	
-97.3385	-3.33921	195.61	0	
-94.3505	-4.77187	210.039	0	
-96.6195	-3.60689	197.154	0	
-96.9209	-4.9556	216.411	0	
-96.25	-0.36376	184.448	0	
-95.6239	-0.368884	186.067	0	
-95.9375	-0.183316	186.471	0	
-94.9989	-0.401327	198.137	0	
-95.3114	-0.185568	189.47	0	
-97.1875	-0.180456	191.319	0	
-96.875	-0.360901	188.139	0	
-96.9673	-1.36755	193.118	0	
-95.9375	-0.913707	187.696	0	
-97.5349	-0.379388	206.392	0	
-96.5625	-0.180445	187.076	0	
-97.5208	-0.858812	200.403	0	
-96.6018	-1.95323	192.244	0	
-95.94	-1.27674	187.855	0	
-96.2602	-1.83009	189.844	0	
-95.5458	-1.87719	189.539	0	
-95.9376	-2.03991	190.807	0	
-94.6101	-2.24052	193.714	0	
-96.0927	-2.7547	192.714	0	
-94.3334	-2.05335	193.064	0	
-95.4443	-2.48887	191.417	0	
-94.9816	-2.90215	193.462	0	
-95.3611	-3.77981	199.263	0	
-94.3082	-3.30208	193.691	0	
-94.8029	-4.41688	206.811	0	
-93.7443	-3.66729	194.344	0	
-93.4389	-3.6266	191.925	0	
-93.5057	-2.87975	190.012	0	
-21.875	-0.48111	234.964	0	
-20.625	-0.360901	234.89	0	
-20.9375	-0.180445	242.363	0	
-20.3124	-0.902258	233.404	0	
-19.3674	-0.734678	255.181	0	
-24.6875	-0.116803	240.078	0	
-20.9583	-0.914235	231.691	0	
-20.3125	-1.27911	236.454	0	
-19.3674	-0.368047	254.375	0	
-21.698	-1.06781	230.433	0	
-20.6402	-1.83986	227.513	0	
-20.9596	-1.2764	232.788	0	
-19.991	-1.88478	229.672	0	
-19.0549	-0.187647	259.041	0	
-20	-0.360855	235.959	0	
-22.0931	-1.03246	226.574	0	
-22.3179	-1.37074	219.124	0	
-21.3867	-1.36986	223.338	0	
-21.3746	-1.7112	224.817	0	
-19.685	-2.18998	216.572	0	
-19.3034	-1.63826	226.905	0	
-19.0511	-0.928997	241.42	0	
-18.0155	-0.87239	233.605	0	
-22.7241	-1.3479	219.745	0	
-20.9614	-1.99678	218.298	0	
-21.3774	-2.68138	209.94	0	
-19.0015	-1.44202	236.182	0	
-18.0155	-0.440874	233.517	0	
-19.9999	-0.721768	246.781	0	
-19.6875	-0.907943	239.689	0	
-23.4375	-0.215758	241.054	0	
-22.1868	-0.698381	227.038	0	
-22.9669	-1.68444	211.986	0	
-22.7413	-2.07434	209.061	0	
-21.6496	-2.39357	213.051	0	
-21.0006	-2.41015	216.124	0	
-19.7318	-4.0476	205.198	0	
-20.0912	-3.46212	210.715	0	
-17.703	-0.268621	231.3	0	
-18.7424	-0.3599	252.941	0	
-22.2908	-2.0684	210.741	0	
-22.2585	-2.90411	204.064	0	
-21.3816	-3.15748	209.596	0	
-20.7155	-2.79189	211.412	0	
-23.7995	-0.602994	239.532	0	
-23.125	-0.384747	226.473	0	
-23.125	-0.816264	231.671	0	
-23.3817	-1.62973	211.256	0	
-23.6093	-2.02292	204.851	0	
-22.7011	-2.80959	202.242	0	
-22.0402	-2.50075	208.904	0	
-17.6813	-1.21179	216.856	0	
-16.6954	-1.71093	206.048	0	
-18.4337	-0.978487	233.79	0	
-22.1239	-3.2855	203.796	0	
-20.9147	-3.70816	209.288	0	
-26.8739	-0.735515	226.071	0	
-23.9922	-2.01698	203.611	0	
-23.6246	-0.851127	227.767	0	
-24.0769	-1.24543	220.155	0	
-24.5097	-2.34799	194.2	0	
-24.1052	-2.72493	193.664	0	
-23.3172	-3.05843	196.259	0	
-22.2594	-3.92656	202.727	0	
-17.8555	-1.63155	215.036	0	
-16.7814	-0.927808	230.765	0	
-17.2551	-1.24751	218.623	0	
-16.6414	-0.603027	242.448	0	
-15.9303	-1.04707	229.493	0	
-21.7133	-4.28999	206.829	0	
-21.7101	-3.40431	205.274	0	
-25.0174	-2.197	193.516	0	
-25.3867	-2.56267	187.944	0	
-24.1918	-3.61307	192.46	0	
-23.4759	-3.64191	195.216	0	
-18.3408	-1.82057	211.528	0	
-18.471	-2.2815	211.386	0	
-23.1805	-5.06459	209.657	0	
-20.796	-5.72726	219.749	0	
-20.6157	-5.01653	211.747	0	
-18.2512	-4.3085	190.648	0	
-26.0969	-1.93083	194.15	0	
-25.8765	-2.48131	187.35	0	
-27.1759	-1.29981	207.005	0	
-26.4905	-2.82998	186.015	0	
-26.9967	-4.16052	194.884	0	
-25.4525	-3.44687	185.915	0	
-26.2606	-4.52598	198.022	0	
-25.8509	-3.55453	184.7	0	
-25.854	-4.69828	198.91	0	
-24.6268	-5.21738	207.365	0	
-26.4295	-5.95088	231.637	0	
-24.617	-5.63531	219.378	0	
-24.3629	-6.87579	258.192	0	
-22.6429	-5.50434	217.899	0	
2.87977	-0.549836	180.188	0	
4.05056	-1.05211	183.202	0	
1.5625	-0.215758	192.991	0	
3.33333	-0.301598	185.753	0	
2.29011	-1.16738	185.873	0	
0.626088	-0.735515	194.016	0	
2.25477	-0.248238	196.041	0	
0.985698	-1.30309	196.465	0	
0.754055	-1.93261	200.677	0	
2.952	-1.45738	184.36	0	
2.85214	-3.54909	195.781	0	
2.72062	-1.9223	187.386	0	
-15.0336	-0.382852	226.753	0	
-14.3725	-0.368067	233.167	0	
-14.6875	-0.183316	222.91	0	
-13.8335	-1.88443	225.4	0	
-13.9834	-0.962924	241.606	0	
-15.9623	-0.210702	273.059	0	
-16.2428	-0.905291	235.653	0	
-15.5864	-1.52129	213.518	0	
-14.6926	-0.916578	229.64	0	
-12.7931	-1.34226	233.133	0	
-13.7259	-0.374251	253.255	0	
-16.455	-1.44762	211.524	0	
-13.8595	-2.69423	214.754	0	
-12.5088	-0.7619	229.045	0	
-13.0229	-0.672886	244.426	0	
-12.939	-1.06404	237.257	0	
-11.287	-0.478752	231.54	0	
-14.6831	-1.26876	231.683	0	
-15.3461	-0.199537	275.722	0	
-14.3162	-3.09105	201.151	0	
-17.0089	-2.31134	192.47	0	
-15.8434	-2.50567	190.449	0	
-13.3559	-1.8897	227.565	0	
-13.6004	-2.54093	215.86	0	
-17.1196	-2.62784	189.202	0	
-16.1937	-4.84412	180.863	0	
-12.9542	-3.02458	213.142	0	
-12.2353	-2.25918	219.826	0	
-15.5189	-3.69644	187.064	0	
-14.458	-4.31038	191.778	0	
-12.2889	-4.3855	201.844	0	
-11.0368	-3.81188	207.968	0	
-15.5524	-3.16014	188.135	0	
-16.7127	-3.60645	180.986	0	
-13.4326	-6.28814	191.826	0	
-11.4066	-6.72389	191.116	0	
-33.3702	-0.549836	186.243	0	
-33.1266	-1.2741	179.719	0	
-34.6875	-0.215758	251.578	0	
-32.8769	-0.548463	187.551	0	
-33.9599	-1.16738	186.696	0	
-35.3148	-0.963981	190.396	0	
-33.9952	-0.248238	253.713	0	
-35.0023	-0.813108	207.528	0	
-34.9144	-1.63576	188.693	0	
-33.1266	-1.64065	180.616	0	
-34.5733	-3.09588	184.365	0	
-33.4389	-2.22849	177.68	0	
-32.4585	-1.75663	184.254	0	
-32.2888	-1.16326	190.754	0	
-32.8567	-2.1737	178.956	0	
-32.4013	-3.00091	182.927	0	
-31.9743	-0.877314	199.675	0	
-32.6686	-0.246865	183.998	0	
-31.2899	-0.748879	206.079	0	
-32.2519	-0.246865	204.344	0	
-35.6449	-2.93217	192.118	0	
-31.5974	-0.198932	204.995	0	
-34.0887	-6.05229	243.547	0	
-33.1621	-2.38887	174.223	0	
-33.3559	-3.87465	188.463	0	
-31.6246	-4.51385	211.131	0	
-31.0065	-3.82088	205.798	0	
-31.8156	-5.73664	245.401	0	
-32.1188	-4.89044	214.747	0	
-30.9061	-4.40986	216.207	0	
-31.0808	-3.23624	199.363	0	
-33.386	-6.46028	260.821	0	
-30.8653	-4.99805	230.187	0	
-30.0216	-4.60316	221.403	0	
-27.9521	-2.83324	192.672	0	
-32.0127	-6.13245	256.372	0	
-29.8105	-5.4244	239.303	0	
-28.7688	-3.92364	207.072	0	
-30.0232	-2.70655	206.303	0	
-9.37391	-0.735515	218.716	0	
-5.94944	-1.05211	215.674	0	
-49.0625	-0.183316	166.442	0	
-6.66667	-0.301598	214.698	0	
-48.9939	-0.78793	170.285	0	
-49.9746	-1.31326	167.573	0	
-49.5548	-0.904507	167.946	0	
-49.1628	-1.40624	173.156	0	
-38.7836	-0.382852	165.654	0	
-38.1225	-0.368067	173.365	0	
-38.4375	-0.183316	183.118	0	
-37.6131	-1.88027	194.565	0	
-37.7334	-0.962924	194.018	0	
-39.7604	-0.250939	208.377	0	
-39.4815	-0.450476	170.5	0	
-36.4041	-1.4639	204.453	0	
-37.4759	-0.374251	206.31	0	
-39.1012	-0.997684	173.113	0	
-38.8178	-1.46409	177.621	0	
-36.9497	-0.956174	210.365	0	
-36.9576	-0.1895	220.602	0	
-39.0465	-1.92106	182.18	0	
-37.5798	-2.88431	195.816	0	
-37.045	-1.47816	205.189	0	
-36.0338	-0.920764	200.293	0	
-39.7936	-1.17375	179.019	0	
-39.0961	-0.199537	192.273	0	
-40.4861	-1.61672	189.882	0	
-36.235	-2.16521	198.734	0	
-34.3627	-2.16558	178.48	0	
-35.3125	-0.183316	172.602	0	
-36.4644	-0.3885	209.591	0	
-35	-0.399074	188.399	0	
-35.9651	-0.199001	188.059	0	
-35.6526	-0.382316	182.181	0	
-41.1471	-0.294768	183.086	0	
-40.3326	-0.159632	172.418	0	
-40.395	-1.28846	186.059	0	
-36.7874	-2.57208	197	0	
-36.4666	-3.00418	195.546	0	
-35.046	-2.7212	187.179	0	
-34.4877	-1.942	186.935	0	
-40.5201	-2.66075	194.336	0	
-39.0145	-2.23453	185.506	0	
-37.886	-1.72321	189.674	0	
-38.1722	-2.82389	192.22	0	
-37.3632	-2.37497	196.903	0	
-37.3286	-2.66041	195.355	0	
-36.5381	-4.44539	208.408	0	
-35.548	-3.16778	190.021	0	
-40.8791	-3.25283	202.098	0	
-39.3888	-2.61367	188.616	0	
-38.7493	-3.57101	196.707	0	
-37.28	-4.83031	216.941	0	
-37.2386	-3.97916	204.901	0	
-36.599	-5.34671	224.01	0	
-39.6664	-3.26716	197.339	0	
-39.3539	-3.96636	204.384	0	
-37.8766	-4.29068	207.911	0	
-38.0723	-5.17908	221.732	0	
-25.3125	-0.183316	225.003	0	
-25.081	-0.870144	225.955	0	
-25.9251	-1.34574	210.629	0	
-25.625	-0.83059	225.266	0	
-25.3532	-1.42131	212.211	0	
-12.4453	-0.405628	226.368	0	
-12.1875	-0.202357	207.496	0	
-11.4028	-1.30037	223.304	0	
-10.034	-0.746867	227.552	0	
-11.4953	-0.910268	226.15	0	
-11.875	-0.382617	220.006	0	
-11.875	-0.814133	219.715	0	
82.901	-0.53519	203.129	0	
84.0506	-1.05211	220.946	0	
81.9635	-0.783538	232.163	0	
83.3333	-0.301598	230.557	0	
82.2954	-1.09072	216.722	0	
81.6532	-1.33144	223.426	0	
82.276	-0.233592	243.309	0	
82.9361	-1.46025	210.173	0	
81.2164	-0.382852	238.784	0	
81.5625	-0.183316	242.838	0	
80.244	-0.25226	237.356	0	
79.8273	-0.25226	258.769	0	
81.0189	-1.47589	229.735	0	
81.5574	-0.916578	227.864	0	
80.2638	-1.88203	226.26	0	
81.6587	-2.4326	207.562	0	
82.005	-3.22647	199.359	0	
82.6486	-1.94325	205.348	0	
80.5229	-0.883313	240.174	0	
80.9039	-0.199537	243.937	0	
80.5229	-0.451797	240.158	0	
79.8411	-1.92647	229.828	0	
80.1997	-1.16865	237.349	0	
79.2089	-2.25639	225.622	0	
80.8727	-2.2575	217.471	0	
79.0693	-2.51931	220.325	0	
80.5916	-3.71819	203.846	0	
78.3687	-1.65073	224.556	0	
77.9587	-2.81008	210.537	0	
79.5529	-4.42276	202.543	0	
81.1495	-4.033	198.003	0	
86.8761	-0.735515	228.332	0	
89.4951	-1.27135	201.254	0	
90.0415	-1.75663	212.698	0	
89.6231	-0.548463	186.52	0	
90.2112	-1.16326	211.996	0	
89.3525	-3.54455	212.609	0	
89.5928	-3.90413	213.942	0	
90.5257	-0.877314	195.368	0	
89.8314	-0.246865	259.496	0	
91.2101	-0.748879	205.571	0	
90.2481	-0.246865	153.938	0	
91.0034	-5.05074	208.239	0	
90.9026	-0.198932	185.725	0	
90.0018	-2.38039	213.774	0	
90.051	-3.87493	214.642	0	
91.4971	-3.31698	218.173	0	
-7.8125	-0.183316	219.943	0	
-7.39583	-0.484914	232.129	0	
-8.99247	-1.35574	215.05	0	
-8.125	-0.83059	216.196	0	
-7.81019	-0.988793	216.842	0	
73.125	-0.399074	252.878	0	
71.5625	-0.116803	246.979	0	
72.1313	-0.614822	236.581	0	
73.125	-0.83059	244.919	0	
73.9523	-1.79948	225.117	0	
73.6437	-1.16663	240.288	0	
75.2913	-0.914438	228.469	0	
70.3501	-1.03515	206.715	0	
72.7715	-1.06614	233.538	0	
71.8625	-1.15219	218.297	0	
73.1275	-2.26818	218.53	0	
72.3217	-1.76111	212.212	0	
72.2889	-2.25848	211.761	0	
73.5514	-2.51774	211.654	0	
74.3846	-1.68189	229.53	0	
71.6395	-2.37564	205.179	0	
73.5488	-3.01299	211.232	0	
73.0816	-3.16154	204.73	0	
75.8328	-1.97182	207.918	0	
74.102	-0.640668	251.983	0	
73.5356	-1.56284	233.535	0	
71.1559	-1.96785	203.268	0	
69.991	-3.45955	204.264	0	
71.7391	-3.1359	200.018	0	
72.1752	-4.1609	201.72	0	
74.0093	-3.29374	203.586	0	
76.1472	-3.98024	199.772	0	
73.1914	-3.97917	203.182	0	
74.1114	-3.87997	204.771	0	
73.7217	-4.23484	199.474	0	
75.1267	-3.81193	202.236	0	
73.8824	-5.10288	202.304	0	
74.4575	-5.37776	198.42	0	
72.8372	-5.04851	202.82	0	
72.8279	-6.34544	202.698	0	
74.6619	-6.35896	202.076	0	
77.1684	-5.65678	199.751	0	
69.5702	-3.50344	205.46	0	
73.4147	-5.51181	199.268	0	
70.6817	-5.45018	208.26	0	
71.7639	-5.79181	204.145	0	
71.8629	-4.91434	203.318	0	
72.4665	-6.20298	204.239	0	
72.0813	-6.50162	204.522	0	
73.1399	-7.99917	200.894	0	
-5.9375	-0.215758	222.691	0	
-5.3125	-0.183316	228.42	0	
-6.3661	-0.922193	214.374	0	
-5.625	-0.83059	220.917	0	
-4.68251	-0.908065	200.226	0	
-4.3674	-0.73471	201.715	0	
-4.68497	-0.18188	195.614	0	
-5.31003	-0.974386	210.141	0	
-5.21423	-1.46363	209.969	0	
-4.15405	-1.87973	203.3	0	
-3.983	-0.96737	197.774	0	
-5.98581	-1.50556	210.012	0	
-4.3674	-0.368079	191.823	0	
-4.90748	-2.30875	203.392	0	
-2.82312	-1.34701	204.046	0	
-3.71634	-0.376315	199.969	0	
-2.76467	-0.912342	207.03	0	
-3.40891	-0.190117	212.513	0	
-2.94073	-1.07595	201.782	0	
-2.20871	-0.938511	195.497	0	
-6.6786	-1.37459	208.743	0	
-6.40248	-1.7422	209.011	0	
-6.46157	-2.20591	204.462	0	
-5.73647	-1.83748	209.066	0	
-6.85194	-2.43037	202.549	0	
-6.95955	-3.23575	198.969	0	
-4.28523	-2.44528	204.04	0	
-3.04882	-1.76578	203.023	0	
74.6875	-0.119818	244.657	0	
75.625	-0.360901	230.705	0	
75.3125	-0.180445	250.11	0	
75.9376	-0.902258	222.7	0	
76.8826	-0.734678	242.637	0	
74.4164	-1.06664	240.34	0	
74.9657	-2.29429	212.028	0	
75.9375	-1.27911	222.907	0	
76.8826	-0.368047	222.892	0	
75.5853	-2.38264	206.939	0	
75.1342	-1.29383	225.996	0	
75.6299	-1.5762	214.701	0	
76.259	-1.88478	212.692	0	
77.1951	-0.187647	251.501	0	
76.25	-0.360855	229.634	0	
76.5347	-2.59771	204.397	0	
76.6251	-2.12843	199.995	0	
77.1989	-0.928997	214.117	0	
78.4326	-0.66409	236.505	0	
77.7547	-1.43797	215.661	0	
77.0362	-1.56932	204.221	0	
78.1489	-0.561917	232.425	0	
76.2501	-0.721768	243.674	0	
76.5625	-0.907943	218.22	0	
77.823	-2.1874	214.479	0	
77.4457	-2.28179	203.674	0	
78.6171	-0.402237	236.388	0	
77.5076	-0.3599	214.103	0	
78.5341	-1.21858	235.178	0	
79.1379	-0.576024	253.213	0	
77.9443	-1.06809	229.445	0	
78.4375	-0.127812	237.995	0	
78.125	-0.300064	233.575	0	
77.8401	-0.808823	222.512	0	
78.3285	-0.967794	230.559	0	
77.9735	-1.76983	222.234	0	
79.3518	-1.66567	234.908	0	
-10.0296	-0.380562	237.696	0	
-9.37391	-0.368884	223.509	0	
-9.6875	-0.183316	215.078	0	
-8.74891	-0.401327	222.169	0	
-9.06141	-0.185568	219.222	0	
-10.5504	-0.197247	253.771	0	
-10.4582	-1.63059	226.589	0	
-10.6758	-0.907744	235.757	0	
-9.96024	-1.57436	225.892	0	
-10.1512	-2.25642	219.001	0	
-8.44083	-1.03945	217.839	0	
-10.9715	-2.16817	221.554	0	
-10.0896	-3.31349	208.016	0	
-8.83054	-2.61744	206.555	0	
-7.75865	-1.39263	208.323	0	
-11.9361	-3.19103	212.621	0	
-10.5431	-3.07639	212.769	0	
-10.6313	-4.50601	202.432	0	
-8.90273	-4.04238	199.389	0	
-8.66978	-2.90936	203.787	0	
-8.59929	-3.6959	200.969	0	
-11.5539	-3.93075	206.736	0	
-10.9887	-3.29342	210.156	0	
-11.5065	-4.72846	201.636	0	
-10.1923	-4.70086	199.279	0	
-8.55587	-4.71064	196.002	0	
-7.44781	-3.24013	199.523	0	
-12.6488	-4.84143	199.146	0	
-12.4019	-5.18879	196.962	0	
-10.9145	-5.33589	198.007	0	
-8.94099	-4.47743	197.961	0	
-27.5	-0.36376	200.425	0	
-26.8739	-0.368884	223.211	0	
-27.1875	-0.183316	237.947	0	
-26.2489	-0.401327	229.217	0	
-26.5614	-0.185568	236.062	0	
-28.4375	-0.180456	216.302	0	
-28.125	-0.360901	202.476	0	
-27.8152	-1.28335	204.721	0	
-27.1875	-0.913707	207.185	0	
-29.5833	-0.240517	260.871	0	
-27.8125	-0.180445	198.566	0	
-28.5043	-1.2956	211.618	0	
-28.1901	-1.49081	203.598	0	
-27.4965	-1.88463	196.736	0	
-29.814	-0.470339	228.787	0	
-28.9003	-1.39618	216.425	0	
-28.442	-0.904829	213.443	0	
-28.9412	-2.01013	208.727	0	
-27.1477	-2.18569	190.157	0	
-26.7082	-1.77129	196.644	0	
-28.8587	-0.784456	222.57	0	
-29.5399	-1.18794	221.309	0	
-28.5486	-2.08993	202.477	0	
-28.4881	-2.48451	200.754	0	
-29.2061	-2.34902	207.116	0	
-28.2932	-3.26943	197.701	0	
-28.0968	-3.65231	198.098	0	
-27.4146	-3.36216	190.087	0	
-29.6846	-2.34991	209.283	0	
-28.3091	-3.96323	204.752	0	
-28.8955	-2.64667	204.198	0	
-29.3936	-3.5176	206.068	0	
-28.9928	-2.97464	203.638	0	
-29.3251	-4.39796	216.926	0	
-29.4556	-3.11864	205.672	0	
-29.9618	-3.69422	208.881	0	
-29.8554	-1.92575	211.488	0	
-31.4552	-1.31472	203.311	0	
-30.5432	-0.779769	213.655	0	
-29.1667	-0.240517	231.247	0	
-30.2079	-1.08241	218.021	0	
-30.4211	-1.48158	213.11	0	
-30.2307	-0.229822	212.203	0	
-29.5399	-1.61558	217.774	0	
-31.2849	-0.382247	210.961	0	
-30.9375	-0.183316	207.218	0	
-31.8502	-1.89431	190.238	0	
-30.9426	-0.916578	210.64	0	
-31.528	-2.26027	192.145	0	
-30.6497	-2.37088	202.847	0	
-29.4493	-4.78887	222.517	0	
-27.0793	-4.95776	211.017	0	
61.2551	-0.730392	190.895	0	
64.0506	-1.05211	185.776	0	
-1.85037e-17	-0.36376	207.732	0	
63.3333	-0.301598	220.99	0	
0.626088	-0.368884	197.171	0	
0.3125	-0.183316	193.444	0	
1.25109	-0.401327	190.963	0	
0.938588	-0.185568	192.641	0	
-0.93752	-0.180456	185.896	0	
-0.62502	-0.360901	201.913	0	
-0.315206	-1.28335	199.144	0	
0.3125	-0.913707	202.286	0	
-1.28338	-0.380108	191.212	0	
-0.3125	-0.180445	192.341	0	
-1.28636	-0.742721	186.719	0	
-0.940503	-0.903958	199.393	0	
0.00349602	-1.88463	202.396	0	
-2.32121	-0.286902	201.525	0	
-2.58887	-0.595199	206.533	0	
-1.43598	-1.96484	203.226	0	
-0.346876	-2.06434	206.743	0	
0.344567	-2.5945	204.799	0	
0.698003	-1.50076	201.353	0	
-1.78501	-0.863673	193.113	0	
-1.01401	-1.30046	196.971	0	
-1.07523	-2.11605	205.764	0	
-0.786147	-3.26944	205.903	0	
1.10775	-2.45033	200.143	0	
1.90966	-2.05619	193.704	0	
-1.98279	-1.60189	202.603	0	
-0.445123	-2.83371	206.504	0	
-0.728698	-3.9013	205.498	0	
-0.083546	-3.43807	205.99	0	
1.35989	-1.88574	197.072	0	
1.54931	-1.01903	190.248	0	
-2.51553	-1.17802	202.05	0	
-2.68482	-2.32299	203.385	0	
-1.36346	-2.71528	205.606	0	
-0.514447	-4.17174	205.041	0	
-1.44641	-3.11667	204.922	0	
-1.85199	-3.26814	205.181	0	
-2.50491	-3.29305	204.319	0	
-2.69343	-5.0021	201.559	0	
-3.35186	-2.21529	202.754	0	
-1.59586	-0.199652	179.84	0	
-2.93276	-3.84696	203.764	0	
-0.544643	-5.17067	202.356	0	
1.19331	-5.0376	203.331	0	
-3.32247	-6.69425	193.087	0	
-2.10777	-4.3904	202.846	0	
58.44	-0.184751	182.319	0	
59.4517	-1.3101	195.719	0	
59.8514	-1.93041	207.216	0	
59.599	-0.53519	193.587	0	
60.2005	-1.0851	197.953	0	
59.7155	-2.427	211.18	0	
60.7937	-2.39685	216.137	0	
59.1824	-2.51595	214.484	0	
59.7211	-3.45697	230.362	0	
61.4166	-2.48932	214.312	0	
61.4294	-1.44736	197.219	0	
58.4432	-1.28086	191.489	0	
58.3009	-3.01622	212.418	0	
60.0037	-4.18982	240.671	0	
60.7251	-4.31634	244.945	0	
61.4854	-3.54945	230.909	0	
62.9598	-2.8971	212.679	0	
57.654	-1.31205	186.239	0	
57.807	-1.61375	188.297	0	
57.7903	-3.60891	222.63	0	
58.0128	-4.30156	228.02	0	
58.7649	-4.13735	234.042	0	
61.4569	-6.97194	239.006	0	
56.4341	-1.62393	179.225	0	
56.7596	-2.79483	195.33	0	
57.1767	-2.84942	203.966	0	
56.0612	-4.70746	231.292	0	
61.4063	-5.39477	250.01	0	
62.7914	-3.23345	221.913	0	
58.0238	-5.918	235.754	0	
59.393	-4.67203	245.566	0	
56.6038	-2.38575	190.516	0	
56.4505	-4.00593	215.866	0	
59.8074	-0.233592	176.325	0	
59.7838	-1.02007	189.35	0	
60.9426	-0.916578	196.409	0	
60.5365	-0.783538	199.227	0	
60.5365	-0.416907	196.771	0	
60.8066	-1.31462	200.203	0	
61.9525	-0.461417	179.435	0	
62.265	-0.280973	175.495	0	
61.25	-0.36376	192.068	0	
62.2824	-1.23159	182.457	0	
62.6816	-0.582571	164.703	0	
61.5676	-0.978592	188.459	0	
62.146	-1.60044	198.787	0	
62.9341	-1.48885	186.871	0	
61.6779	-1.73055	197.719	0	
62.4496	-2.60479	209.622	0	
63.9356	-3.35064	218.361	0	
63.3827	-2.91591	212.699	0	
63.9626	-3.71804	224.22	0	
65.1624	-1.57256	195.036	0	
63.0447	-4.52189	240.704	0	
65.1807	-3.99338	227.145	0	
64.0218	-1.44241	197.788	0	
63.9614	-2.19082	198.143	0	
63.4028	-6.75848	234.75	0	
64.5493	-5.06602	238.274	0	
65.4079	-4.38074	229.931	0	
65.3662	-3.14335	215.803	0	
64.11	-6.3042	242.831	0	
65.2925	-6.27426	235.47	0	
66.2623	-4.63404	229.685	0	
68.0499	-4.25468	218.583	0	
65.7491	-4.33541	229.086	0	
66.4127	-3.59915	219.679	0	
62.8342	-6.34333	246.269	0	
63.4207	-7.69065	217.752	0	
66.5612	-6.76894	227.239	0	
66.6546	-6.06607	231.253	0	
65.5654	-5.62154	235.969	0	
67.2016	-5.81902	228.85	0	
67.3967	-5.58455	227.677	0	
67.7408	-5.64379	226.008	0	
68.2635	-6.01902	222.365	0	
68.4553	-6.51247	220.927	0	
69.5425	-5.29494	213.781	0	
68.5719	-4.04608	214.249	0	
68.8819	-3.2229	208.024	0	
68.0235	-4.63388	221.671	0	
70.0578	-4.91248	209.298	0	
68.9173	-4.07473	213.273	0	
68	-2.57448	210.6	0	
67.1758	-3.6017	217.63	0	
57.4664	-0.382852	181.758	0	
58.1275	-0.368067	188.739	0	
57.8125	-0.183316	181.827	0	
58.4456	-0.921265	189.875	0	
58.8567	-0.486349	189.488	0	
56.494	-0.25226	178.364	0	
56.0773	-0.25226	172.37	0	
58.169	-1.5793	191.924	0	
59.0641	-1.1951	192.627	0	
57.1488	-0.997684	177.832	0	
57.2373	-1.37694	183.797	0	
58.4689	-2.22032	202.037	0	
58.7668	-1.75364	197.751	0	
57.0709	-1.77285	183.874	0	
57.4273	-2.00966	191	0	
56.7729	-0.883313	177.974	0	
57.1539	-0.199537	180.925	0	
56.7729	-0.451797	169.693	0	
56.0174	-1.86057	180.334	0	
56.4497	-1.16865	174.515	0	
55.9127	-2.38179	187.318	0	
56.7236	-1.9016	179.802	0	
55.3391	-2.5772	194.327	0	
56.0119	-3.55302	214.022	0	
56.2096	-2.6293	192.088	0	
56.3653	-3.03838	200.005	0	
54.2832	-1.72469	196.183	0	
54.1404	-3.25146	219.534	0	
4.6875	-0.183316	202.719	0	
3.64583	-0.517356	184.368	0	
3.6339	-0.922193	186.271	0	
4.375	-0.83059	191.923	0	
5.20291	-1.7956	188.946	0	
4.89602	-1.16663	186.721	0	
5.9274	-1.96759	192.607	0	
3.3214	-1.37459	183.633	0	
3.59752	-1.7422	183.743	0	
3.53827	-2.24914	186.161	0	
5.62695	-1.68101	188.398	0	
2.38614	-1.88588	189.296	0	
3.44735	-4.03107	198.035	0	
4.37253	-2.25942	186.245	0	
4.79519	-2.50633	190.547	0	
2.0992	-2.82288	196.737	0	
2.59495	-2.99425	194.784	0	
3.95113	-3.00467	190.349	0	
3.53047	-3.19861	192.713	0	
5.35201	-0.640668	176.377	0	
4.78624	-1.55896	184.084	0	
4.38915	-3.28676	193.676	0	
5.84595	-2.79459	196.448	0	
1.57069	-2.99262	199.976	0	
1.9474	-4.18963	202.269	0	
3.28147	-3.6161	195.976	0	
3.13224	-2.92182	191.611	0	
5.43031	-3.43775	198.592	0	
4.81561	-3.02665	192.316	0	
6.5501	-3.34343	200.907	0	
6.54015	-0.926407	192.91	0	
2.63199	-3.67614	198.203	0	
1.54615	-3.67141	202.575	0	
4.76468	-4.65043	201.409	0	
5.70801	-4.73838	203.232	0	
6.7627	-2.57404	198.481	0	
7.81057	-1.04236	197.464	0	
4.21958	-4.70631	200.802	0	
3.91649	-5.52881	202.291	0	
6.35377	-5.35122	205.671	0	
7.50857	-3.6796	201.768	0	
7.35813	-2.16501	200.683	0	
9.11716	-1.70811	185.991	0	
3.08731	-4.42877	199.64	0	
2.50966	-3.98681	200.143	0	
2.76945	-7.0468	199.597	0	
6.57026	-6.30646	205.049	0	
6.22212	-3.94875	202.595	0	
7.18923	-4.46957	203.574	0	
7.67826	-2.02938	194.084	0	
7.61774	-2.80467	200.253	0	
7.76212	-4.15756	202.034	0	
8.70981	-3.25832	196.296	0	
9.30776	-3.97654	195.868	0	
8.89336	-2.80452	194.376	0	
9.2059	-4.31373	197.027	0	
10.2217	-3.98026	192.647	0	
8.88629	-4.43005	199.038	0	
9.43852	-4.8207	197.811	0	
11.4784	-4.15997	190.005	0	
11.7451	-3.53197	186.868	0	
7.84869	-4.49813	202.457	0	
7.58971	-4.6532	203.435	0	
9.20227	-6.36551	200.977	0	
10.8863	-5.00732	194.892	0	
10.5707	-4.83183	194.717	0	
11.943	-3.72373	188.325	0	
11.3423	-5.70349	196.921	0	
12.1578	-5.88308	197.547	0	
12.3238	-3.63397	188.077	0	
11.4677	-2.26874	180.961	0	
12.5559	-6.05917	199.85	0	
14.9279	-4.85181	204.708	0	
15.6638	-6.40445	211.445	0	
13.2625	-5.35174	198.199	0	
12.987	-4.65917	194.186	0	
12.9388	-5.51572	198.689	0	
6.91404	-4.66538	203.827	0	
7.91464	-6.35047	202.81	0	
13.5663	-4.67396	195.657	0	
13.6086	-2.61445	187.872	0	
4.986	-5.52891	203.25	0	
7.55342	-6.56546	204.084	0	
8.84437	-6.87439	201.429	0	
8.51701	-5.9798	202.838	0	
7.50685	-8.62089	197.535	0	
9.62781	-7.56695	200.446	0	
50.625	-0.48111	170.764	0	
51.875	-0.360901	187.893	0	
51.5625	-0.180445	170.423	0	
52.1876	-0.902258	199.919	0	
53.1326	-0.734678	189.084	0	
47.7438	-0.152683	194.587	0	
51.5417	-0.914235	185.769	0	
52.1875	-1.27911	192.701	0	
53.1326	-0.368047	207.596	0	
50.802	-1.06781	175.615	0	
51.8598	-1.83986	198.622	0	
51.5404	-1.2764	183.911	0	
52.509	-1.88478	204.741	0	
53.4451	-0.187647	183.381	0	
52.5	-0.360855	210.137	0	
50.4069	-1.03246	176.111	0	
50.0286	-1.28312	184.167	0	
51.1133	-1.36986	188.895	0	
51.1254	-1.7112	189.617	0	
52.8414	-2.61966	217.966	0	
52.8751	-2.12843	216.399	0	
53.4489	-0.928997	201.582	0	
54.4504	-0.878194	173.708	0	
49.6035	-1.42891	187.594	0	
51.5386	-1.99678	201.982	0	
51.0771	-2.50963	207.274	0	
53.771	-2.77114	213.337	0	
54.0047	-1.43797	192.194	0	
53.2862	-1.56932	209.962	0	
54.4504	-0.446678	189.248	0	
52.5001	-0.721768	187.245	0	
52.8125	-0.907943	207.332	0	
49.0625	-0.215758	181.994	0	
50.3132	-0.698381	174.041	0	
49.5056	-1.88438	194.817	0	
49.7312	-1.78912	192.179	0	
50.805	-2.22182	200.119	0	
51.4994	-2.41015	208.305	0	
51.7047	-3.55605	226.704	0	
52.4565	-3.43619	226.385	0	
53.9176	-2.33565	213.302	0	
54.3546	-2.19612	196.043	0	
54.7629	-0.274425	152.629	0	
53.7576	-0.3599	197.584	0	
49.8789	-1.94631	194.804	0	
49.9971	-2.72905	206.894	0	
51.1184	-3.15748	218.312	0	
51.7845	-2.79189	217.398	0	
48.1965	-0.976191	197.222	0	
49.375	-0.384747	179.854	0	
49.1205	-0.959445	186.224	0	
49.3454	-1.76242	193.443	0	
48.6694	-1.82856	199.164	0	
49.4932	-2.90337	210.099	0	
50.2646	-2.61331	207.526	0	
54.937	-2.23254	192.933	0	
55.2468	-1.0609	184.415	0	
54.7245	-1.57783	187.063	0	
55.3879	-0.576024	170.231	0	
54.0663	-0.978487	193.056	0	
50.411	-3.0298	213.411	0	
51.4337	-3.78212	228.963	0	
47.2278	-0.970123	201.469	0	
48.2445	-2.1822	205.089	0	
48.8476	-1.01559	190.161	0	
47.7968	-1.04719	199.522	0	
48.0035	-2.13698	204.566	0	
48.5106	-2.43287	206.549	0	
48.8091	-2.74155	209.608	0	
49.8229	-3.41048	218.2	0	
54.8302	-1.19082	184.758	0	
55.1412	-1.81447	186.603	0	
50.9584	-3.63465	224.835	0	
50.5931	-3.25212	219.356	0	
47.8881	-2.27384	207.259	0	
47.7441	-2.61423	210.109	0	
47.9376	-3.56925	219.517	0	
49.2543	-2.9189	210.659	0	
47.5639	-1.82035	203.467	0	
47.5205	-2.05949	205.217	0	
46.7889	-2.95585	211.852	0	
47.186	-3.24761	215.07	0	
48.5645	-4.32258	226.749	0	
50.1858	-4.13791	228.624	0	
47.766	-1.38633	201.851	0	
47.4343	-1.0656	201.19	0	
46.8713	-1.92863	202.863	0	
46.6584	-1.82029	202.209	0	
46.4227	-2.69841	208.349	0	
46.5815	-3.64263	217.573	0	
47.0622	-4.35286	223.313	0	
48.2343	-3.93955	223.216	0	
47.6076	-0.714064	199.878	0	
46.2811	-0.206802	194.347	0	
46.4119	-0.861821	195.91	0	
45.7711	-0.643464	191.687	0	
45.7538	-2.41139	203.841	0	
46.3173	-2.87957	209.63	0	
45.7635	-3.82973	216.62	0	
46.2585	-4.41056	220.85	0	
46.6375	-4.13148	220.626	0	
47.2389	-4.67358	224.762	0	
46.7792	-0.778146	198.72	0	
46.9759	-0.633558	201.259	0	
46.212	-0.803462	194.653	0	
45.347	-0.819571	194.948	0	
45.3329	-2.31254	204.021	0	
44.6072	-3.12707	209.915	0	
44.8968	-3.87693	213.969	0	
45.1517	-4.4357	217.106	0	
45.0407	-3.55935	214.03	0	
44.1588	-3.59003	211.811	0	
44.7234	-4.7474	215.727	0	
45.1723	-4.65065	217.487	0	
43.7504	-4.28349	211.073	0	
45.3874	-4.73014	218.58	0	
44.4353	-5.4178	213.787	0	
47.432	-4.84205	225.873	0	
45.4418	-6.29482	213.329	0	
46.2739	-6.28028	215.888	0	
46.1489	-5.21373	221.237	0	
46.8518	-4.4557	222.861	0	
46.7017	-4.77798	223.206	0	
46.4418	-5.72827	220.196	0	
46.3754	-5.05263	221.966	0	
46.5986	-5.82227	220.595	0	
46.718	-4.99012	223.416	0	
47.8136	-6.07227	223.728	0	
47.008	-5.85953	221.931	0	
46.7891	-5.45628	222.935	0	
45.3568	-0.550173	190.997	0	
45.7912	-0.930629	193.539	0	
45.594	-1.61477	198.305	0	
44.6116	-1.47133	205.124	0	
42.4234	-3.94066	202.727	0	
44.4584	-5.68599	212.915	0	
45.7708	-5.67523	218.375	0	
48.5929	-8.20204	188.875	0	
44.0706	-1.60252	210.356	0	
43.6479	-2.19515	209.196	0	
43.1919	-6.41964	205.85	0	
43.8069	-6.15158	208.687	0	
44.2433	-5.83733	211.582	0	
46.7871	-7.45469	203.535	0	
46.0871	-6.53206	212.471	0	
45.5976	-8.2773	190.666	0	
43.9614	-1.18862	210.939	0	
43.3033	-1.46667	211.163	0	
43.364	-2.70587	206.865	0	
44.4767	-4.15909	213.587	0	
42.4524	-4.33478	204.224	0	
42.131	-6.29865	204.544	0	
43.8497	-6.68742	205.994	0	
44.2651	-6.10575	210.234	0	
44.2602	-0.88631	210.039	0	
43.5748	-0.260191	206.804	0	
41.792	-1.56461	203.522	0	
41.7945	-2.86836	198.383	0	
43.411	-3.3555	207.825	0	
43.4405	-3.72695	207.975	0	
43.7066	-7.50181	198.302	0	
43.5079	-7.90323	196.06	0	
44.3059	-6.62804	206.998	0	
45.0103	-8.26953	192.265	0	
44.6081	-1.08676	202.836	0	
44.4353	-0.194603	214.757	0	
45.6171	-7.96815	191.769	0	
45.2176	-6.94855	205.732	0	
49.4942	-5.29651	232.041	0	
50.8317	-5.42378	236.179	0	
49.2955	-5.99232	227.953	0	
47.9313	-5.09934	227.561	0	
50.3606	-5.69604	235.177	0	
50.0968	-5.00979	233.685	0	
52.2933	-5.19516	238.905	0	
52.0014	-5.46034	237.798	0	
48.7936	-6.75362	218.558	0	
51.8749	-8.13252	198.881	0	
50.9323	-6.51769	228.29	0	
51.8215	-6.34456	230.104	0	
54.1003	-4.40182	232.416	0	
52.1675	-4.02362	233.622	0	
42.0714	-7.73717	199.517	0	
42.8993	-6.38573	205.722	0	
40.8703	-3.24186	195.01	0	
41.4397	-3.79997	197.447	0	
46.1916	-8.83417	178.091	0	
46.4692	-6.86637	211.189	0	
44.1428	-9.13729	175.634	0	
45.6602	-10.4539	146.745	0	
47.6717	-9.0605	169.508	0	
47.3645	-8.7042	181.964	0	
47.047	-6.84166	213.01	0	
46.8118	-8.18417	190.306	0	
40.3963	-4.58814	198.644	0	
41.2896	-6.52353	204.398	0	
40.4826	-8.23148	204.555	0	
43.2017	-8.71244	186.657	0	
48.3434	-8.83551	180.224	0	
48.4355	-7.39137	205.015	0	
39.127	-5.78037	207.76	0	
40.158	-6.76948	206.754	0	
48.4777	-9.90334	155.4	0	
49.6944	-8.21719	192.451	0	
39.3437	-4.4681	201.675	0	
38.31	-6.93562	215.32	0	
48.2272	-7.10527	211.39	0	
49.1128	-7.54479	205.55	0	
37.463	-6.7576	218.685	0	
39.1745	-8.1557	214.578	0	
8.4375	-0.183316	168.061	0	
6.87609	-0.735515	189.315	0	
7.25824	-1.36305	192.695	0	
8.125	-0.83059	177.001	0	
9.50737	-1.10425	183.105	0	
9.10201	-0.640668	177.321	0	
10.2749	-1.0645	176.229	0	
10.9375	-0.183316	172.176	0	
10	-0.335576	176.311	0	
9.62995	-0.624992	176.889	0	
10.625	-0.83059	174.243	0	
11.4523	-1.79932	179.527	0	
11.1438	-1.16663	175.655	0	
12.7913	-0.91448	186.359	0	
9.16782	-0.968233	178.131	0	
10.6272	-2.26802	182.085	0	
9.82492	-1.75947	184.282	0	
9.39601	-2.38821	189.698	0	
11.0511	-2.51725	182.78	0	
11.9164	-1.49519	179.219	0	
9.47834	-3.11815	193.152	0	
10.2307	-2.4927	185.27	0	
10.7391	-3.0862	186.95	0	
12.3169	-2.98891	185.124	0	
11.602	-0.640668	174.17	0	
11.0356	-1.56268	177.373	0	
15.3125	-0.215758	176.09	0	
15.9097	-1.06531	181.073	0	
16.1852	-0.932283	177.775	0	
17.3169	-0.848799	185.132	0	
14.7357	-1.30309	184.169	0	
15.625	-0.396018	176.537	0	
15.625	-0.827535	176.661	0	
38.8153	-0.334115	234.887	0	
37.3958	-0.517356	219.883	0	
39.7384	-2.05843	204.501	0	
40.1701	-1.40375	205.302	0	
39.2021	-2.27381	208.553	0	
40.8415	-2.09987	198.988	0	
41.017	-2.60697	196.522	0	
41.1931	-1.41416	201.213	0	
41.5399	-2.66708	197.469	0	
42.7343	-2.59394	204.252	0	
39.4403	-0.258038	227.137	0	
40.0009	-1.23174	210.304	0	
40.9426	-0.916578	205.902	0	
40.5365	-0.783538	214.79	0	
40.5365	-0.416907	205.143	0	
40.896	-1.23868	208.861	0	
41.9525	-0.461417	215.472	0	
42.265	-0.280973	226.095	0	
41.25	-0.36376	210.892	0	
42.2824	-1.23159	210.424	0	
42.6816	-0.582571	214.521	0	
41.5676	-0.978592	209.448	0	
42.334	-1.86321	204.306	0	
42.9341	-1.48885	209.597	0	
42.117	-2.63504	200.164	0	
42.7141	-1.94038	206.926	0	
13.75	-0.36376	185.399	0	
39.6875	-0.107239	219.967	0	
14.3761	-0.368884	187.979	0	
14.0625	-0.183316	176.482	0	
15.0011	-0.401327	191.045	0	
14.6886	-0.185568	178.268	0	
12.8125	-0.180456	175.923	0	
13.125	-0.360901	186.199	0	
13.4348	-1.28335	183.41	0	
14.0625	-0.913707	188.164	0	
12.1875	-0.119818	181.065	0	
13.4375	-0.180445	175.659	0	
12.4788	-0.673409	180.964	0	
12.7899	-1.27398	182.789	0	
13.7535	-1.88463	186.405	0	
11.9164	-1.06667	178.763	0	
12.4839	-2.00476	183.254	0	
12.5322	-2.66998	184.467	0	
13.4442	-2.94979	187.986	0	
14.0261	-2.53052	188.765	0	
14.1248	-2.12441	188.907	0	
12.3732	-1.58124	182.82	0	
13.002	-1.8953	184.573	0	
15.2107	-3.12761	196.418	0	
14.448	-1.50076	189.401	0	
15.0072	-2.40481	190.782	0	
15.2993	-1.01903	183.264	0	
16.318	-3.50369	206.975	0	
15.6855	-1.76843	189.35	0	
21.25	-0.36376	191.494	0	
21.8775	-0.368067	194.255	0	
21.5625	-0.183316	180.882	0	
22.1947	-0.920708	198.116	0	
23.4373	-0.676982	192.981	0	
20.3125	-0.180456	185.624	0	
20.625	-0.360901	193.324	0	
20.9348	-1.28335	188.363	0	
21.5625	-0.913707	194.268	0	
22.252	-1.41957	192.038	0	
23.1504	-0.576029	196.848	0	
19.1667	-0.240517	167.596	0	
20.9375	-0.180445	183.781	0	
20.2457	-1.2956	186.78	0	
20.5599	-1.49081	192.833	0	
21.2535	-1.88463	191.072	0	
23.7244	-0.526289	192.891	0	
22.5025	-0.362392	205.036	0	
17.4706	-0.413249	191.976	0	
19.8509	-1.39699	186.411	0	
20.308	-0.904829	191.019	0	
19.8088	-2.01013	194.313	0	
22.1489	-2.30644	191.427	0	
21.9465	-1.61967	195.235	0	
19.8913	-0.784456	175.203	0	
19.2221	-1.01586	177	0	
20.2014	-2.08993	195.915	0	
20.2619	-2.48451	196.804	0	
19.1262	-2.49365	201.449	0	
20.7979	-2.83324	194.799	0	
20.8517	-4.01577	196.828	0	
22.0005	-2.90728	190.231	0	
18.7103	-4.09024	213.899	0	
20.4568	-3.26943	199.917	0	
19.7965	-2.75042	200.369	0	
20.4265	-3.72549	199.69	0	
19.8915	-3.17237	202.371	0	
19.5788	-3.51605	206.073	0	
18.9834	-3.55184	210.907	0	
19.0369	-4.5526	212.451	0	
23.5346	-1.22717	190.263	0	
24.0369	-0.629004	191.046	0	
22.9467	-1.06834	193.096	0	
23.4375	-0.130892	195.729	0	
23.125	-0.308533	196.748	0	
22.8425	-0.814463	198.076	0	
23.3331	-0.977607	193.875	0	
23.2902	-1.57085	191.631	0	
24.6102	-1.60808	199.362	0	
18.5688	-3.15903	211.814	0	
19.5833	-0.240517	161.175	0	
17.9919	-3.30825	213.334	0	
18.2067	-5.30506	216.081	0	
22.0117	-5.18178	188.452	0	
17.9458	-2.43448	206.45	0	
17.1178	-3.97865	214.5	0	
20.1	-4.96066	202.666	0	
22.3647	-4.39134	188.157	0	
18.0499	-4.26705	216.402	0	
17.6493	-6.95389	212.926	0	
16.8536	-3.50878	210.828	0	
17.6531	-2.92349	210.527	0	
15.5729	-2.92389	196.986	0	
14.271	-5.04329	201.348	0	
16.5331	-6.60206	214.534	0	
15.97	-4.0244	208.867	0	
16.2006	-4.54575	211.829	0	
17.7922	-4.89616	216.925	0	
15.4781	-5.40574	210.533	0	
17.0365	-7.16423	214.169	0	
17.1834	-5.02323	217.458	0	
16.5816	-5.87943	216.273	0	
20.4099	-6.04333	199.346	0	
21.3369	-6.52318	190.829	0	
15.4956	-3.99797	203.683	0	
14.3442	-2.84125	190.742	0	
17.6691	-6.21663	215.933	0	
17.1047	-5.70434	216.2	0	
16.0772	-7.81421	211.432	0	
16.6138	-9.04928	208.543	0	
16.0481	-5.24917	212.347	0	
14.8555	-6.54091	208.191	0	
12.7916	-6.77289	202.467	0	
14.3707	-7.5589	207.105	0	
35.9375	-0.183316	231.657	0	
36.1436	-0.759197	226.948	0	
35.0002	-0.779762	222.188	0	
35.625	-0.83059	223.763	0	
35.9041	-1.29684	216.263	0	
34.1993	-1.23779	218.841	0	
34.716	-1.48946	213.329	0	
34.4891	-2.24058	207.144	0	
36.3194	-1.35021	216.217	0	
34.2165	-2.23896	207.482	0	
34.6378	-2.93021	202.247	0	
35.3203	-2.24649	206.883	0	
35.8846	-2.26144	207.49	0	
34.0905	-2.01885	210.767	0	
33.3968	-2.72345	201.685	0	
34.9018	-3.39825	201.584	0	
35.7083	-3.44408	203.451	0	
35.7076	-2.98909	204.211	0	
37.0594	-3.29122	205.907	0	
34.0618	-1.53498	216.985	0	
33.0049	-1.99459	210.644	0	
33.4354	-3.18419	197.894	0	
34.2247	-3.63137	198.974	0	
34.0962	-3.39372	199.522	0	
37.2438	-5.5464	211.977	0	
36.6715	-3.4815	205.41	0	
36.1367	-3.25613	204.566	0	
37.0898	-3.5235	205.8	0	
37.4607	-2.78606	208.403	0	
32.8737	-1.77751	215.516	0	
32.4629	-2.50497	203.061	0	
33.0092	-2.47742	203.526	0	
32.3871	-3.52212	193.189	0	
33.8411	-3.86823	197.466	0	
31.929	-4.21717	189.394	0	
36.9057	-3.65901	205.409	0	
37.8141	-3.92182	205.059	0	
37.8093	-2.31517	211.979	0	
37.8006	-1.05211	225.891	0	
33.125	-0.399074	238.08	0	
32.0523	-1.77852	212.142	0	
32.179	-2.50228	200.63	0	
32.8643	-2.71643	201.666	0	
34.4937	-4.11606	200.434	0	
33.6982	-4.11348	197.07	0	
36.483	-3.60033	204.813	0	
37.3376	-4.64555	207.195	0	
38.3833	-3.7941	203.627	0	
38.6669	-2.3518	210.041	0	
38.3579	-2.83984	207.848	0	
38.6482	-1.78152	217.399	0	
35.8408	-3.69652	203.563	0	
37.3372	-5.22813	209.367	0	
38.4126	-6.09453	211.96	0	
37.1131	-4.26665	206.305	0	
38.6389	-4.25038	202.799	0	
39.0764	-4.35618	201.351	0	
38.7321	-3.52184	202.696	0	
39.2995	-2.77083	202.489	0	
35.6793	-4.5045	205.374	0	
35.326	-4.14859	203.238	0	
38.2814	-4.54107	204.924	0	
38.2816	-5.04899	206.959	0	
39.7904	-4.98332	201.649	0	
40.4853	-2.51285	197.142	0	
34.9816	-5.71298	210.125	0	
35.432	-4.41321	204.282	0	
36.9112	-4.64819	207.449	0	
34.8753	-5.49127	208.161	0	
39.8855	-5.58138	204.391	0	
40.7701	-5.28323	202.276	0	
40.2631	-3.91322	196.756	0	
41.0926	-4.03871	197.222	0	
34.9776	-6.32808	216.607	0	
35.8332	-5.28911	209.623	0	
35.8433	-4.9254	207.989	0	
36.5845	-5.07828	208.976	0	
34.9791	-7.38978	224.157	0	
36.0755	-7.45893	225.399	0	
18.4375	-0.183316	179.068	0	
18.6794	-0.496377	173.623	0	
16.8632	-0.931533	181.87	0	
18.125	-0.83059	182.66	0	
18.6023	-1.24675	187.573	0	
16.9498	-0.197491	179.166	0	
16.5523	-1.18757	185.138	0	
17.167	-1.70486	197.103	0	
17.6587	-1.08282	193.48	0	
17.2902	-2.11305	200.048	0	
17.7666	-2.11898	202.161	0	
16.8918	-2.32826	200.988	0	
17.1432	-3.02324	209.286	0	
18.7095	-2.74216	207.491	0	
18.6607	-1.98788	198.79	0	
19.647	-1.70166	193.95	0	
18.9919	-0.553578	183.153	0	
151.252	-0.364992	218.809	0	
152.151	-0.895475	205.785	0	
150.361	-0.573439	224.311	0	
150.971	-1.30731	211.077	0	
152.09	-1.65346	199.021	0	
154.06	-0.903557	200.081	0	
149.375	-0.165467	202.006	0	
148.44	-0.184751	209.38	0	
149.902	-1.04942	218.487	0	
150.459	-0.938054	219.59	0	
37.8125	-0.215758	222.963	0	
38.4375	-0.183316	226.191	0	
37.3839	-0.922193	228.262	0	
38.125	-0.83059	227.871	0	
38.4036	-1.32026	225.382	0	
37.07	-1.19131	220.245	0	
37.4759	-1.54214	218.508	0	
153.721	-0.377855	198.534	0	
154.375	-0.360901	202.721	0	
154.062	-0.180445	204.27	0	
154.688	-0.902258	204.198	0	
155.633	-0.734678	212.936	0	
153.2	-0.197411	192.06	0	
153.416	-1.0122	198.601	0	
154.688	-1.27911	205.808	0	
155.633	-0.368047	214.928	0	
153.069	-0.948471	197.563	0	
154.375	-1.46018	201.473	0	
154.06	-1.26509	200.678	0	
155.009	-1.88478	207.687	0	
155.945	-0.187647	215.245	0	
155	-0.360855	205.955	0	
153.653	-1.35677	197.798	0	
153.647	-1.70739	197.593	0	
155.569	-2.62471	210.007	0	
155.375	-2.12843	210.502	0	
155.949	-0.928997	218.208	0	
156.324	-0.748059	219.117	0	
153.624	-2.6759	196.514	0	
156.232	-2.32426	213.254	0	
156.088	-1.37309	216.942	0	
155.786	-1.56932	215.105	0	
156.629	-0.991928	219.267	0	
155	-0.721768	208.743	0	
155.313	-0.907943	210.679	0	
153.353	-2.39183	195.444	0	
153.998	-2.40506	199.136	0	
154.434	-4.52356	200.303	0	
155.167	-2.91987	205.434	0	
156.085	-2.75975	209.666	0	
156.831	-1.76469	214.986	0	
157.047	-0.885832	217.718	0	
156.833	-0.185694	225.849	0	
152.714	-2.01642	194.781	0	
152.33	-3.55926	192.9	0	
153.624	-3.1516	197.765	0	
154.283	-2.78834	199.608	0	
156.517	-3.2561	209.355	0	
158.065	-1.50751	198.728	0	
156.717	-2.22472	211.785	0	
157.137	-3.20737	204.424	0	
157.289	-1.61335	211.089	0	
157.883	-0.759874	199.653	0	
153.04	-3.75358	195.119	0	
154.09	-3.70654	199.593	0	
154.535	-3.94174	201.112	0	
159.071	-2.13092	181.854	0	
152.739	-2.85223	193.124	0	
153.03	-4.69935	196.419	0	
153.411	-3.56766	195.905	0	
152.46	-4.80511	194.967	0	
152.581	-5.547	197.564	0	
153.586	-4.37663	197.274	0	
153.31	-5.78932	197.857	0	
153.483	-5.25945	198.238	0	
154.85	-6.88548	199.405	0	
156.026	-3.7883	204.837	0	
154.373	-6.28315	198.781	0	
155.192	-3.58711	206.833	0	
156.266	-6.0619	200.079	0	
154.534	-5.58205	200.026	0	
154.898	-5.07122	201.787	0	
155.733	-5.18711	201.085	0	
157.783	-3.76899	200.038	0	
158.93	-2.92639	187.437	0	
151.989	-6.99702	201.073	0	
151.859	-6.02396	197.009	0	
157.302	-5.45828	196.661	0	
158.785	-5.82304	188.644	0	
159.925	-4.16765	180.608	0	
161.208	-2.25451	166.295	0	
151.742	-9.64062	206.001	0	
157.767	-9.06355	189.329	0	
33.4375	-0.183316	234.17	0	
33.8247	-0.614019	229.904	0	
32.5881	-1.32593	223.459	0	
33.125	-0.83059	235.21	0	
33.606	-1.16274	227.613	0	
31.9498	-0.197491	228.37	0	
31.571	-1.22972	216.979	0	
135.94	-0.184751	212.406	0	
137.808	-0.904889	202.948	0	
143.716	-0.382852	222.895	0	
137.083	-0.301598	210.819	0	
144.378	-0.368067	217.228	0	
144.062	-0.183316	212.009	0	
144.916	-1.88443	205.058	0	
144.767	-0.962924	213.002	0	
142.744	-0.25226	213.702	0	
142.327	-0.25226	209.969	0	
143.592	-1.62439	207.436	0	
144.057	-0.916578	216.891	0	
146.091	-1.98626	204.683	0	
145.024	-0.374251	212.802	0	
142.758	-1.68983	203.402	0	
145.462	-2.80168	200.629	0	
146.216	-0.799944	225.115	0	
145.72	-0.683236	221.787	0	
145.811	-1.06404	215.51	0	
146.823	-0.861103	225.016	0	
143.023	-0.883313	213.59	0	
143.404	-0.199537	214.178	0	
143.023	-0.451797	218.203	0	
142.341	-1.92647	199.911	0	
142.7	-1.16865	206.823	0	
141.954	-2.5173	195.589	0	
143.456	-2.96489	198.526	0	
144.684	-1.73169	207.695	0	
144.421	-2.21075	203.68	0	
141.198	-2.84281	195.656	0	
141.573	-3.10858	194.407	0	
144.369	-3.3078	199.422	0	
146.18	-3.43775	199.283	0	
143.226	-3.65302	197.89	0	
144.73	-5.05353	203.435	0	
145.548	-3.14682	199.762	0	
145.269	-3.40169	199.549	0	
134.966	-0.382852	211.178	0	
135.628	-0.368067	195.983	0	
135.312	-0.183316	226.88	0	
135.946	-0.921265	186.618	0	
136.357	-0.486349	179.879	0	
133.99	-0.250939	195.611	0	
134.269	-0.450476	210.568	0	
134.471	-1.68653	206.952	0	
135.307	-0.916578	199.879	0	
135.989	-1.58615	186.464	0	
136.531	-1.41059	188.558	0	
135.191	-2.5484	192.486	0	
136.405	-1.88767	188.184	0	
135.593	-1.96651	191.117	0	
135.764	-2.31505	188.652	0	
133.592	-0.402004	201.852	0	
134.654	-0.199537	187.233	0	
132.959	-0.789917	208.377	0	
133.144	-0.151065	202.142	0	
132.901	-1.70116	206.358	0	
133.956	-1.17375	214.127	0	
133.388	-0.765702	204.824	0	
114.167	-0.240555	177.159	0	
115.625	-0.360901	197.481	0	
115.312	-0.180445	177.426	0	
115.938	-0.902258	201.122	0	
116.883	-0.734678	179.151	0	
111.562	-0.116803	168.902	0	
115.292	-0.914235	194.517	0	
115.938	-1.27911	190.068	0	
116.883	-0.368047	201.171	0	
114.552	-1.06781	183.62	0	
115.61	-1.83986	191.65	0	
115.29	-1.2764	187.708	0	
116.259	-1.88478	194.235	0	
117.195	-0.187647	170.67	0	
116.25	-0.360855	200.214	0	
114.157	-1.03246	172.586	0	
113.932	-1.37074	174.905	0	
114.863	-1.36986	187.836	0	
114.875	-1.7112	185.098	0	
116.587	-2.54457	196.367	0	
116.625	-2.12843	202.398	0	
117.199	-0.928997	198.84	0	
118.434	-0.665299	176.283	0	
113.526	-1.3479	173.58	0	
115.289	-1.99678	193.448	0	
114.873	-2.68138	190.216	0	
117.482	-2.32426	196.099	0	
117.338	-1.37309	187.793	0	
117.036	-1.56932	202.744	0	
118.149	-0.563301	182.864	0	
116.25	-0.721768	180.124	0	
116.563	-0.907943	202.53	0	
112.812	-0.215758	188.388	0	
113.855	-0.747092	176.474	0	
113.283	-1.68444	176.862	0	
113.509	-2.07434	177.36	0	
114.6	-2.39357	185.207	0	
115.249	-2.41015	190.754	0	
116.967	-3.79678	199.273	0	
116.905	-2.85529	199.247	0	
117.335	-2.75975	195.515	0	
117.954	-2.21358	190.771	0	
118.722	-0.519057	178.162	0	
117.508	-0.3599	197.065	0	
113.959	-2.0684	180.742	0	
113.991	-2.90411	186.299	0	
114.868	-3.15748	192.497	0	
115.534	-2.79189	195.858	0	
112.451	-0.602994	178.431	0	
113.125	-0.384747	165.674	0	
113.125	-0.816264	177.065	0	
112.868	-1.62973	176.624	0	
112.641	-2.02292	183.34	0	
113.549	-2.80959	183.582	0	
114.21	-2.50075	183.279	0	
117.658	-3.13339	196.866	0	
118.284	-2.54732	190.714	0	
118.815	-2.32392	189.441	0	
118.519	-1.19988	177.043	0	
118.447	-1.61592	185.425	0	
119.035	-0.62466	174.759	0	
117.944	-1.06928	181.789	0	
118.438	-0.128003	180.238	0	
118.125	-0.300256	177.81	0	
117.84	-0.810016	187.699	0	
118.33	-0.968812	182.524	0	
114.131	-3.49491	190.256	0	
115.335	-3.70816	195.575	0	
110.007	-0.731718	185.98	0	
112.258	-2.01698	182.815	0	
112.625	-0.851127	176.256	0	
112.389	-1.30486	178.748	0	
111.764	-2.37002	187.69	0	
112.794	-3.22485	186.006	0	
113.222	-3.23944	188.632	0	
113.587	-3.73498	189.202	0	
117.465	-3.69408	198.828	0	
118.554	-3.46935	195.718	0	
118.864	-1.85256	184.155	0	
119.339	-1.58113	184.57	0	
114.799	-4.02439	196.769	0	
114.545	-3.61372	192.143	0	
111.232	-2.07009	189.96	0	
111.345	-2.73044	189.676	0	
112.669	-2.7983	187.012	0	
111.792	-4.60314	197.012	0	
116.729	-3.33163	199.01	0	
114.583	-0.240555	192.409	0	
115.967	-4.37366	200.222	0	
112.786	-5.05533	199.148	0	
115.608	-5.8301	206.674	0	
110.517	-1.84973	189.824	0	
110.747	-2.81087	189.986	0	
110.062	-1.43853	187.507	0	
108.612	-1.58478	177.694	0	
110.275	-3.10007	189.627	0	
111.218	-3.00442	190.501	0	
109.905	-2.26506	187.404	0	
109.716	-2.08757	185.617	0	
109.478	-3.80437	190.998	0	
110.14	-4.39018	194.074	0	
108.354	-4.03439	191.778	0	
109.618	-4.24679	191.296	0	
110.291	-4.96346	195.609	0	
110.885	-5.0758	198.277	0	
109.061	-5.34882	196.466	0	
110.469	-7.3577	208.4	0	
111.847	-5.72421	203.036	0	
112.834	-4.34506	194.83	0	
115.289	-5.05954	203.179	0	
115.19	-6.65548	209.228	0	
108.05	-5.86324	201.959	0	
109.602	-6.49203	204.88	0	
110.718	-6.12636	203.926	0	
110.027	-6.05695	200.828	0	
111.76	-7.13197	209.029	0	
113.492	-5.48229	203.031	0	
112.439	-4.07465	193.527	0	
112.188	-5.20668	198.034	0	
109.787	-8.23582	210.097	0	
112.108	-8.02917	210.064	0	
64.6875	-0.183316	204.671	0	
65.005	-0.72475	204.994	0	
63.6339	-0.922193	203.088	0	
64.375	-0.83059	203.679	0	
65.3175	-0.908065	195.872	0	
65.6326	-0.73471	208.34	0	
65.315	-0.18188	209.753	0	
64.69	-0.974386	187.039	0	
64.4304	-1.67596	189.921	0	
65.3934	-1.99061	204.256	0	
66.017	-0.96737	205.337	0	
64.6108	-2.41924	201.435	0	
65.6326	-0.368079	205.1	0	
65.9975	-2.62925	210.443	0	
67.0457	-1.34132	204.577	0	
66.5625	-0.174904	204.312	0	
67.0282	-0.712992	203.056	0	
66.2551	-0.361103	208.118	0	
66.9065	-1.64374	208.448	0	
67.7434	-0.907068	209.612	0	
63.3214	-1.37459	195.368	0	
64.393	-2.04802	200.676	0	
63.6052	-1.67904	191.271	0	
63.5822	-2.0554	199.22	0	
63.2941	-2.31372	202.803	0	
64.2626	-3.14603	213.852	0	
62.949	-2.29504	201.44	0	
62.7808	-2.59932	209.236	0	
62.7624	-1.94976	200.112	0	
62.2463	-2.28218	204.199	0	
62.2243	-3.00016	220.975	0	
62.3871	-3.33104	221.773	0	
61.6785	-2.99799	221.945	0	
62.2357	-3.71979	232.765	0	
61.8797	-3.94038	236.083	0	
63.0135	-3.78511	231.149	0	
63.5488	-2.63681	205.215	0	
63.5616	-3.23342	216.145	0	
61.3392	-4.82396	248.972	0	
62.5193	-3.96442	234.146	0	
63.1342	-3.4429	222.103	0	
63.6743	-3.98355	232.458	0	
62.5374	-5.29033	244.956	0	
63.2792	-4.02741	231.359	0	
62.3533	-4.45203	240.766	0	
62.6129	-4.7672	244.802	0	
63.7608	-4.3673	234.646	0	
64.3654	-4.27573	231.656	0	
62.1358	-5.60609	249.327	0	
64.5689	-5.44583	241.466	0	
63.305	-4.87482	241.723	0	
63.9013	-5.0787	240.329	0	
64.7312	-4.39241	232.456	0	
64.9441	-3.1112	210.557	0	
63.626	-4.76409	241.093	0	
64.0987	-5.72104	240.053	0	
64.8284	-4.78372	235.884	0	
65.1902	-4.77273	234.958	0	
64.8657	-3.99405	228.137	0	
65.5015	-3.7361	223.325	0	
64.9002	-5.61372	238.087	0	
65.3591	-5.04629	235.251	0	
63.0231	-5.35745	246.598	0	
63.757	-5.53464	245.322	0	
65.7676	-4.96247	234.297	0	
65.9399	-4.64357	230.704	0	
64.9455	-2.58592	207.094	0	
64.2605	-2.77209	206.748	0	
64.9246	-6.0242	238.05	0	
66.1916	-5.51802	234.081	0	
65.8612	-5.35856	235.143	0	
66.4362	-5.29616	232.772	0	
66.4598	-4.27699	227.124	0	
66.2748	-3.95354	224.702	0	
64.6046	-6.43947	236.2	0	
64.9066	-7.31973	218.923	0	
65.6055	-6.06454	235.732	0	
65.9947	-6.27844	232.139	0	
66.7549	-5.46931	230.982	0	
66.9623	-5.17788	230.236	0	
66.8799	-5.76234	230.256	0	
67.2825	-5.23644	228.13	0	
67.6326	-5.10218	225.067	0	
67.2025	-4.34428	223.916	0	
66.285	-5.9949	233.236	0	
67.3162	-6.12641	227.216	0	
65.7763	-7.00141	225.36	0	
66.7661	-6.34979	228.705	0	
67.6606	-6.20444	225.829	0	
67.8901	-5.95629	225.179	0	
66.1595	-6.76876	230.14	0	
66.8945	-7.07053	221.929	0	
67.5487	-6.87946	222.853	0	
67.7649	-6.53476	223.094	0	
65.9415	-7.8874	210.818	0	
67.2342	-6.77618	224.198	0	
68.6292	-5.72513	220.547	0	
68.2959	-5.23775	220.967	0	
67.0688	-7.63943	215.641	0	
68.1976	-7.20949	217.898	0	
66.8254	-4.46392	226.842	0	
67.8598	-3.9603	218.409	0	
66.1433	-3.30307	217.999	0	
65.8865	-4.00242	224.953	0	
70.3174	-7.43634	210.63	0	
69.3586	-6.76414	214.284	0	
68.3416	-4.85341	220.633	0	
67.6738	-4.74022	224.272	0	
68.5619	-4.60807	217.626	0	
68.4042	-4.28892	217.891	0	
68.88	-4.67665	216.138	0	
69.0677	-4.38616	213.282	0	
68.4154	-3.70934	214.29	0	
68.0576	-3.6578	215.114	0	
68.9994	-5.02298	217.079	0	
69.339	-5.03819	213.988	0	
69.5649	-4.0972	208.42	0	
69.4187	-3.7871	208.998	0	
69.0599	-3.78252	210.233	0	
68.5868	-2.97096	210.026	0	
67.534	-3.30952	215.39	0	
67.3621	-3.94356	221.082	0	
68.6356	-5.33874	220.653	0	
69.0537	-5.86033	219.084	0	
69.9556	-5.19483	211.344	0	
69.5085	-4.70974	212.381	0	
69.8142	-4.68413	209.547	0	
70.7822	-2.55029	198.877	0	
69.3413	-3.17078	207.905	0	
68.7519	-3.55098	211.233	0	
70.2588	-5.5511	210.649	0	
70.4315	-4.77009	206.588	0	
69.6792	-2.53373	204.202	0	
68.7282	-2.60812	207.791	0	
70.7522	-4.95152	206.321	0	
70.0559	-4.35307	206.487	0	
71.1191	-4.80346	204.118	0	
71.1975	-3.331	200.64	0	
67.7696	-7.26212	217.719	0	
68.1862	-6.78006	221.512	0	
66.2655	-2.92724	212.383	0	
65.621	-2.75728	209.477	0	
68.6783	-1.83228	210.458	0	
68.1365	-3.04461	210.464	0	
67.4058	-2.94717	213.292	0	
66.7885	-3.46109	217.554	0	
68.8998	-6.44629	219.683	0	
70.4408	-6.73188	210.787	0	
70.6203	-3.6854	202.491	0	
71.3381	-3.6948	199.991	0	
69.9245	-5.87891	212.712	0	
71.4085	-5.48498	205.983	0	
70.2008	-3.07893	201.218	0	
69.8694	-1.66823	202.556	0	
67.6294	-7.72774	213.761	0	
68.3755	-7.71053	212.621	0	
66.9811	-3.00945	213.788	0	
66.518	-1.70649	205.374	0	
67.5963	-1.28767	211.408	0	
67.5176	-2.06413	210.563	0	
67.6534	-2.51641	209.199	0	
66.851	-2.36424	209.897	0	
69.3931	-2.75168	204.191	0	
69.6553	-2.02314	206.047	0	
66.4923	-2.13418	208.231	0	
65.3024	-2.38625	205.286	0	
70.2056	-1.54311	213.977	0	
69.3098	-1.46358	206.105	0	
70.7315	-0.475067	218.681	0	
70.3487	-0.213764	252.883	0	
69.0213	-1.24705	213.152	0	
68.1293	-1.54558	211.244	0	
71.0078	-0.261303	254.933	0	
70.0572	-0.409006	199.051	0	
69.0625	-0.169953	214.622	0	
69.7099	-0.951741	204.385	0	
69.396	-0.365195	204.028	0	
68.7673	-0.340089	216.883	0	
68.1423	-0.711471	222.38	0	
69.7085	-0.195242	205.46	0	
68.4551	-0.871131	215.553	0	
68.4548	-0.170136	224.908	0	
69.0628	-0.87669	209.435	0	
68.1423	-0.350581	220.717	0	
67.514	-0.352799	204.611	0	
67.8125	-0.180445	230.889	0	
66.3295	-0.775643	206.458	0	
67.2015	-0.172354	198.99	0	
62.2559	-6.31388	239.941	0	
66.889	-0.347258	205.78	0	
63.1998	-5.70266	242.914	0	
65.2985	-6.72082	230.24	0	
64.8217	-6.86971	233.856	0	
71.4577	-5.07193	202.894	0	
71.7675	-4.46094	200.977	0	
70.9995	-5.71516	206.646	0	
72.3332	-5.27891	201.165	0	
65.8002	-9.27597	184.052	0	
66.6778	-8.04151	206.97	0	
66.1013	-1.40497	206.714	0	
66.1007	-2.24362	207.143	0	
71.0363	-1.19254	213.64	0	
71.5287	-0.611712	234.55	0	
70.7315	-0.906583	238.189	0	
71.0009	-6.16733	207.757	0	
72.2834	-5.74333	204.367	0	
70.4654	-1.84634	200.624	0	
71.8625	-1.58674	220.244	0	
69.9998	-6.38861	214.3	0	
71.3909	-6.80661	207.361	0	
71.3789	-6.37193	206.633	0	
72.0928	-6.90678	205.734	0	
70.0403	-2.68067	201.757	0	
71.5197	-1.9429	207.46	0	
69.0936	-7.90211	208.056	0	
71.0457	-6.96255	207.419	0	
71.7563	-7.06644	205.076	0	
71.7328	-6.2266	206.064	0	
71.0017	-7.3934	207.551	0	
71.7351	-7.47098	205.782	0	
72.5106	-7.15047	203.331	0	
72.8606	-6.88777	204.095	0	
70.79	-6.57343	209.547	0	
69.6435	-7.45133	212.222	0	
69.4115	-8.83261	199.312	0	
71.3257	-7.642	204.543	0	
71.8302	-8.36078	202.603	0	
72.1249	-7.79956	203.404	0	
70.8191	-8.34354	200.607	0	
72.564	-7.63871	204.628	0	
71.2993	-8.24822	204.576	0	
74.2528	-7.70148	204.218	0	
68.5786	-9.40418	196.337	0	
73.1152	-8.90768	203.507	0	
60.6792	-5.84646	249.638	0	
64.3356	-7.90139	220.609	0	
70.0849	-11.0103	172.228	0	
70.3813	-9.04442	198.939	0	
73.3873	-7.04839	202.413	0	
73.3756	-6.14383	203.153	0	
72.2446	-9.10843	196.125	0	
78.371	-6.90981	201.151	0	
73.6133	-7.67155	203.201	0	
74.2927	-6.93474	200.73	0	
106.875	-0.399074	178.394	0	
105.312	-0.116803	180.715	0	
105.881	-0.614822	182.04	0	
106.875	-0.83059	176.801	0	
107.702	-1.79948	179.32	0	
107.394	-1.16663	177.091	0	
109.04	-0.926407	177.076	0	
103.126	-0.735515	178.46	0	
106.522	-1.06614	183.49	0	
105.421	-0.94626	187.074	0	
106.877	-2.26818	184.16	0	
106.072	-1.76111	189.331	0	
105.645	-2.38786	191.472	0	
107.301	-2.51774	185.069	0	
108.165	-1.49851	175.592	0	
105.881	-3.1372	191.855	0	
106.481	-2.49266	189.153	0	
106.764	-3.32951	190.405	0	
108.686	-3.25761	186.275	0	
107.852	-0.640668	173.246	0	
107.286	-1.56284	179.921	0	
105.33	-3.38449	194.087	0	
106.745	-3.86373	191.099	0	
107.271	-4.09059	192.714	0	
107.759	-3.32878	187.653	0	
107.264	-4.62135	194.232	0	
108.326	-4.58619	191.576	0	
106.417	-4.7358	196.879	0	
105.652	-5.83063	204.944	0	
105.17	-7.0393	208.627	0	
108.611	-5.88204	200.854	0	
84.6875	-0.183316	265.308	0	
83.6458	-0.517356	233.09	0	
83.6339	-0.922193	225.597	0	
84.375	-0.83059	241.96	0	
85.2029	-1.7956	214.271	0	
84.896	-1.16663	224.013	0	
86.1145	-1.69354	218.915	0	
83.3214	-1.37459	214.462	0	
83.5975	-1.7422	208.233	0	
83.5383	-2.24914	204.217	0	
85.6675	-1.49851	218.508	0	
82.6231	-2.48042	202.675	0	
83.4897	-3.32632	189.966	0	
84.3725	-2.25942	206.744	0	
84.7952	-2.50633	203.338	0	
83.4947	-4.12901	190.836	0	
84.7987	-3.00021	202.703	0	
85.352	-0.640668	212.285	0	
84.7862	-1.55896	214.426	0	
84.3718	-3.28254	194.593	0	
85.7197	-3.06116	208.635	0	
82.0813	-5.13581	189.697	0	
82.4321	-5.52383	188.615	0	
83.9904	-4.43088	188.069	0	
85.2597	-3.29963	201.592	0	
87.1122	-3.30099	211.811	0	
86.5402	-0.926407	224.182	0	
83.2808	-5.74601	188.573	0	
84.2026	-5.14363	190.116	0	
86.8168	-2.6609	214.89	0	
87.8106	-1.04236	202.288	0	
87.3581	-2.16501	213.261	0	
88.491	-1.39126	202.882	0	
87.6783	-2.02938	210.794	0	
88.2332	-2.82659	209.36	0	
84.9789	-5.94816	192.119	0	
84.9788	-4.64666	195.67	0	
84.9158	-6.94365	191.061	0	
88.4652	-6.50754	195.684	0	
85.8875	-6.03119	194.885	0	
86.5893	-5.70349	198.018	0	
88.4375	-0.183316	214.435	0	
88.8542	-0.484914	176.732	0	
87.2582	-1.36305	218.986	0	
88.125	-0.83059	207.729	0	
88.4398	-0.988793	191.496	0	
85.9375	-0.119818	220.21	0	
86.8761	-0.368884	233.06	0	
86.5625	-0.183316	229.097	0	
87.5011	-0.401327	214.536	0	
87.1886	-0.185568	229.769	0	
85.6675	-1.06999	218.08	0	
86.5312	-1.39202	223.592	0	
92.901	-0.53519	192.95	0	
93.5333	-1.03853	193.371	0	
91.9635	-0.783538	210.745	0	
93.369	-0.553653	187.83	0	
92.2954	-1.09072	217.176	0	
91.4252	-1.8112	220.883	0	
92.276	-0.233592	213.802	0	
93.1004	-1.64353	198.729	0	
91.2151	-0.382247	233.049	0	
91.5625	-0.183316	204.803	0	
90.6498	-1.89431	219.081	0	
91.5574	-0.916578	227.215	0	
90.972	-2.26027	221.879	0	
91.8655	-2.38548	218.846	0	
91.8305	-3.13495	217.311	0	
92.6486	-1.94325	207.15	0	
96.25	-0.36376	184.456	0	
96.8775	-0.368067	199.742	0	
96.5625	-0.183316	189.463	0	
97.1947	-0.920708	200.602	0	
98.4375	-0.180444	174.942	0	
95.3125	-0.180456	170.454	0	
95.625	-0.360901	176.689	0	
95.9348	-1.28335	186.42	0	
96.5625	-0.913707	192.935	0	
96.56	-1.27666	192.399	0	
98.125	-0.358085	189.927	0	
94.9666	-0.380108	187.145	0	
95.9375	-0.180445	177.156	0	
94.9636	-0.742721	190.277	0	
95.3095	-0.903958	186.108	0	
96.6572	-1.97917	196.242	0	
96.7477	-2.30524	199.331	0	
98.6472	-2.44219	203.772	0	
99.0874	-1.19676	194.91	0	
97.5025	-0.362392	209.084	0	
93.994	-0.252055	208.55	0	
93.5774	-0.252055	190.881	0	
94.68	-2.06779	193.189	0	
95.9031	-2.06434	192.935	0	
96.2394	-1.86147	193.754	0	
96.8709	-1.5893	197.395	0	
97.5778	-2.0708	202.403	0	
97.9507	-2.04697	202.051	0	
94.6512	-0.993781	187.485	0	
95.236	-1.30046	186.11	0	
95.1748	-2.11605	191.829	0	
95.4639	-3.26944	197.629	0	
97.2961	-2.38152	201.431	0	
97.7797	-3.13957	205.955	0	
94.5096	-1.70934	188.852	0	
95.8178	-3.03815	196.221	0	
95.8566	-4.0201	201.803	0	
96.7624	-2.90052	201.431	0	
98.266	-2.45082	205.519	0	
98.7283	-1.96129	202.62	0	
94.0182	-1.61726	193.67	0	
93.5652	-2.32299	198.461	0	
94.8865	-2.71528	194.795	0	
95.4274	-3.72546	198.771	0	
99.5813	-1.8658	199.964	0	
98.7801	-0.668476	183.231	0	
94.9947	-3.11756	197.687	0	
94.6152	-3.46142	198.374	0	
94.0479	-3.22314	200.317	0	
94.0449	-4.47039	203.017	0	
97.8171	-0.978483	198.211	0	
98.125	-0.789602	184.221	0	
98.7936	-1.1869	192.118	0	
94.2732	-0.883223	198.709	0	
94.6541	-0.199652	209.044	0	
94.2732	-0.451707	187.526	0	
93.6015	-1.8539	195.588	0	
93.95	-1.16845	189.469	0	
92.7343	-2.37942	209.334	0	
93.5622	-3.47901	204.224	0	
95.0817	-4.99709	201.876	0	
97.1765	-4.74405	203.534	0	
92.826	-6.30828	191.735	0	
94.5861	-4.45039	199.699	0	
108.438	-0.119818	175.193	0	
109.378	-0.368067	180.541	0	
109.062	-0.183316	180.694	0	
109.695	-0.920708	185.544	0	
110.937	-0.676982	181.878	0	
108.165	-1.06999	174.934	0	
108.739	-1.9481	180.23	0	
110.058	-1.73749	187.856	0	
110.65	-0.576029	179.355	0	
111.224	-0.526289	171.658	0	
110.003	-0.362392	193.111	0	
111.035	-1.22717	188.482	0	
111.537	-0.629004	179.372	0	
110.447	-1.06834	187.404	0	
110.938	-0.130892	172.582	0	
110.625	-0.308533	180.05	0	
110.343	-0.814463	187.444	0	
110.833	-0.977607	185.879	0	
110.573	-1.56987	189.854	0	
112.11	-1.60808	186.081	0	
104.688	-0.183316	187.877	0	
105.041	-0.578215	185.849	0	
103.509	-1.36615	182.517	0	
104.375	-0.83059	183.381	0	
104.818	-1.28919	188.035	0	
127.812	-0.215758	188.068	0	
128.438	-0.183316	185.144	0	
127.384	-0.922193	199.737	0	
128.125	-0.83059	193.053	0	
128.606	-1.17274	197.374	0	
127.02	-1.19131	193.962	0	
127.577	-1.74708	197.526	0	
127.433	-2.49562	196.919	0	
129.049	-1.55255	201.797	0	
127.153	-2.49359	194.177	0	
128.07	-4.06669	210.714	0	
128.25	-2.48608	204.075	0	
128.801	-2.50536	207.297	0	
127.844	-3.25483	203.917	0	
127.556	-3.24614	201.29	0	
128.271	-2.9896	206.333	0	
129.269	-2.76006	210.137	0	
129.311	-3.31344	214.152	0	
128.675	-2.72808	207.799	0	
128.754	-4.29289	217.64	0	
129.824	-4.41359	221.756	0	
128.479	-5.05762	218.16	0	
130.935	-6.94092	230.603	0	
130.217	-5.29336	225.739	0	
130.748	-5.09061	224.216	0	
127.536	-4.09935	205.932	0	
125.784	-3.21361	183.703	0	
127.867	-5.91389	220.478	0	
126.677	-7.41813	218.77	0	
140.938	-0.183316	215.359	0	
141.354	-0.484914	193.191	0	
139.736	-1.30309	215.17	0	
140.625	-0.83059	214.503	0	
140.94	-0.988793	199.717	0	
138.75	-0.36376	230.365	0	
139.376	-0.368884	230.263	0	
139.062	-0.183316	217.371	0	
140.001	-0.401327	220.605	0	
139.689	-0.185568	212.77	0	
137.812	-0.180456	205.866	0	
138.125	-0.360901	217.82	0	
138.435	-1.28335	218.222	0	
139.062	-0.913707	226.923	0	
137.396	-0.482054	181.409	0	
138.438	-0.180445	215.736	0	
137.391	-0.845598	207.243	0	
137.808	-1.26372	209.17	0	
138.753	-1.88463	212.742	0	
136.686	-1.15636	189.375	0	
137.635	-1.92337	202.249	0	
137.463	-2.13464	195.18	0	
137.449	-3.90622	190.978	0	
138.752	-2.75051	203.768	0	
139.125	-2.12441	211.305	0	
137.242	-1.43585	197.56	0	
138.003	-1.89464	206.234	0	
140.464	-2.37545	200.184	0	
139.448	-1.50076	219.616	0	
140.163	-2.07664	204.769	0	
140.299	-1.01903	209.767	0	
140.445	-2.77991	199.089	0	
141.418	-1.66663	198.351	0	
138.368	-4.03617	195.333	0	
139.1	-2.61952	206.858	0	
138.294	-4.76113	196.831	0	
139.803	-4.1487	198.093	0	
147.466	-0.382852	207.302	0	
148.128	-0.368067	204.809	0	
147.812	-0.183316	205.851	0	
148.445	-0.920708	208.844	0	
148.857	-0.350218	205.066	0	
146.544	-0.23005	234.724	0	
146.28	-0.443672	219.847	0	
147.407	-1.54906	205.96	0	
147.807	-0.916578	208.742	0	
148.442	-1.28208	211.697	0	
149.171	-0.966309	213.442	0	
146.724	-2.24786	203.611	0	
147.964	-2.5399	201.503	0	
148.123	-1.45789	208.325	0	
148.686	-1.89771	208.041	0	
147.097	-1.43544	214.479	0	
147.961	-2.01781	203.985	0	
148.304	-3.04509	199.265	0	
149.41	-1.68949	209.775	0	
151.501	-3.49318	192.593	0	
150.378	-1.57458	210.742	0	
149.452	-2.1721	205.352	0	
149.925	-2.5562	199.706	0	
5.9375	-0.119818	179.649	0	
147.154	-0.199537	235.238	0	
6.87609	-0.368884	200.345	0	
6.5625	-0.183316	187.336	0	
7.50109	-0.401327	211.836	0	
7.18859	-0.185568	194.455	0	
5.66749	-1.06999	182.206	0	
6.53117	-1.39202	193.254	0	
102.188	-0.119818	179.431	0	
103.126	-0.368884	176.229	0	
102.812	-0.183316	177.452	0	
103.751	-0.401327	174.591	0	
103.439	-0.185568	176.708	0	
101.646	-1.45474	186.17	0	
102.779	-1.38865	183.006	0	
-48.9381	-10.0772	378.601	0	
-51.1783	-9.10176	368.812	0	
-47.7181	-9.06172	362.357	0	
-46.5741	-9.42877	364.329	0	
-43.2554	-3.3772	209.292	0	
-42.4125	-5.11751	245	0	
-115.526	-3.61923	195.445	0	
-114.334	-4.67878	215.21	0	
-115.029	-4.45906	208.803	0	
-114.011	-5.45306	231.416	0	
-138.458	-3.91907	181.533	0	
-138.334	-6.04909	222.079	0	
-137.665	-5.70581	218.487	0	
-137.666	-4.508	188.824	0	
-18.3887	-3.66596	192.559	0	
-18.2589	-4.90596	192.676	0	
-17.7219	-5.56798	193.539	0	
-17.6636	-4.48421	185.232	0	
-61.2819	-9.349	346.805	0	
-62.4979	-9.91685	358.669	0	
-78.0912	-4.99507	218.673	0	
-75.2206	-6.42604	262.067	0	
-76.9778	-7.71114	311.749	0	
-73.5822	-5.75771	233.775	0	
27.0031	-6.55851	185.334	0	
28.7704	-4.7661	186.348	0	
30.289	-5.51703	187.117	0	
30.4172	-3.21866	191.298	0	
-136.936	-4.60085	196.269	0	
-135.115	-3.04742	181.274	0	
135.519	-6.53045	206.94	0	
135.942	-8.22223	220.468	0	
135.943	-5.71605	200.762	0	
137.45	-6.01479	200.209	0	
124.761	-5.09665	189.413	0	
123.312	-4.78115	183.753	0	
-130.256	-6.71474	281.492	0	
-128.974	-8.00502	343.797	0	
-123.592	-7.61977	285.716	0	
-122.993	-7.188	255.202	0	
-120.709	-5.86876	199.248	0	
-118.325	-6.70833	232.984	0	
-117.366	-6.52827	230.079	0	
-116.055	-4.96672	207.677	0	
105.241	-9.34115	209.686	0	
105.031	-8.24557	210.82	0	
-84.1228	-4.29624	203.238	0	
-85.731	-4.73896	208.573	0	
-82.9239	-6.97788	264.198	0	
-81.1803	-6.12164	242.484	0	
-100.587	-3.27619	177.074	0	
-100.112	-5.25157	204.337	0	
-98.7385	-6.64141	252.297	0	
-95.9927	-7.38308	291.034	0	
-97.0592	-5.24103	219.65	0	
-95.3572	-5.06184	219.441	0	
-21.5368	-5.96738	225.868	0	
-19.7322	-5.3801	208.692	0	
-31.0118	-5.35512	231.066	0	
-29.0339	-6.18447	256.058	0	
-31.2513	-6.51938	269.962	0	
-29.2018	-5.64666	244.682	0	
-28.5457	-5.79982	243.734	0	
-28.1899	-5.2462	228.798	0	
-27.898	-6.34252	256.163	0	
-25.3153	-5.69803	222.11	0	
-34.8868	-6.3743	252.226	0	
-32.6623	-6.89768	276.366	0	
77.8566	-3.58437	200.969	0	
77.8111	-4.00978	202.925	0	
77.0555	-4.1043	200.613	0	
75.8929	-5.20586	195.504	0	
79.4589	-6.30039	199.064	0	
78.8004	-4.20228	202.731	0	
89.6483	-4.66674	210.971	0	
89.3809	-5.23568	204.884	0	
91.3474	-3.97619	214.415	0	
92.7494	-3.9326	210.88	0	
-3.96116	-4.63988	201.433	0	
-3.63492	-5.49863	197.724	0	
1.26833	-6.56555	199.099	0	
0.8469	-5.05053	203.409	0	
-0.912199	-5.34441	201.435	0	
-0.436651	-6.71095	196.881	0	
53.7482	-3.77238	227.053	0	
53.7739	-4.86811	236.165	0	
52.9095	-3.40744	226.942	0	
52.7855	-5.25736	238.29	0	
54.5256	-5.91902	236.635	0	
54.7811	-4.40827	226.925	0	
1.79701	-5.38177	202.442	0	
2.3949	-5.83165	201.776	0	
1.64907	-6.34347	200.4	0	
3.58745	-7.87816	198.299	0	
42.639	-10.4997	167.678	0	
44.9355	-9.13665	172.312	0	
15.3198	-7.24896	210.489	0	
14.9922	-10.2935	201.934	0	
12.0878	-6.65239	200.881	0	
13.7967	-7.99445	207.16	0	
34.289	-5.70473	206.24	0	
33.8683	-5.03812	201.172	0	
33.956	-6.44989	214.635	0	
34.4482	-8.72254	232.248	0	
36.8988	-9.53094	228.112	0	
38.9331	-7.65085	214.01	0	
151.67	-2.38815	195.388	0	
150.894	-4.12214	192.784	0	
140.391	-3.73396	196.823	0	
141.121	-5.40788	203.708	0	
142.622	-3.82652	196.35	0	
142.671	-4.19338	197.902	0	
146.781	-5.23221	202.727	0	
146.013	-4.57844	200.85	0	
115.68	-8.12941	212.953	0	
116.77	-6.59605	207.022	0	
64.5624	-8.65017	197.046	0	
67.1236	-8.89297	199.93	0	
61.4294	-7.93799	209.613	0	
64.0396	-10.2572	154.422	0	
67.0487	-10.5421	167.035	0	
68.615	-10.3089	168.61	0	
71.8067	-9.99408	193.811	0	
75.6533	-11.4594	209.981	0	
74.0159	-9.83897	198.887	0	
74.6238	-11.6641	194.266	0	
87.07	-4.78609	204.318	0	
88.9217	-4.34715	211.679	0	
97.8198	-4.98867	206.081	0	
98.172	-4.1714	207.013	0	
92.5552	-4.27067	208.228	0	
91.4486	-4.44655	213.841	0	
97.5669	-6.91094	202.45	0	
96.4973	-5.1649	203.475	0	
95.1417	-5.89474	194.256	0	
95.9511	-6.42917	199.64	0	
137.483	-4.79582	193.531	0	
138.189	-6.29017	206.696	0	
-137.658	-6.56567	245.761	0	
-136.102	-7.15382	285.87	0	
-18.1604	-6.57609	204.617	0	
-16.9246	-7.51237	208.332	0	
30.7494	-5.47302	189.861	0	
32.3228	-5.85202	196.345	0	
124.281	-7.37249	204.157	0	
124.631	-6.50125	200.435	0	
125.115	-5.22867	192.25	0	
123.971	-4.04719	179.613	0	
125.758	-5.10512	195.599	0	
126.596	-4.33277	199.025	0	
124.016	-3.68092	178.092	0	
123.034	-3.62711	179.884	0	
125.539	-5.73492	199.204	0	
126.862	-6.13398	211.526	0	
124.933	-6.24887	199.359	0	
125.207	-7.31017	210.244	0	
-131.381	-5.73362	230.244	0	
-132.139	-7.58754	318.632	0	
-130.854	-9.68454	468.029	0	
-129.629	-9.73177	439.784	0	
-124.785	-9.30714	390.031	0	
-122.453	-8.25727	302.496	0	
-118.702	-7.24488	247.685	0	
-123.716	-8.76991	356.567	0	
-120.085	-8.77394	320.745	0	
-121.336	-7.62514	270.888	0	
-119.768	-5.72068	197.718	0	
-119.547	-6.33393	213.199	0	
-119.963	-8.25183	299.881	0	
-120.813	-9.29251	367.288	0	
-120.221	-7.91322	280.54	0	
-119.711	-13.082	606.96	0	
-97.3085	-5.94638	238.405	0	
-96.1955	-6.53957	254.014	0	
-95.4627	-9.27184	371.926	0	
-94.03	-6.48114	250.926	0	
-96.4147	-6.19681	248.31	0	
-95.6178	-6.20904	246.949	0	
-27.4655	-6.89347	270.166	0	
-27.2874	-8.00769	307.76	0	
77.3788	-7.54512	204.539	0	
80.8703	-6.00667	195.393	0	
87.1003	-5.65787	199.219	0	
88.8658	-7.39148	190.056	0	
-4.08452	-4.13675	202.227	0	
-5.55605	-3.34411	202.284	0	
-4.97838	-6.52447	192.545	0	
-3.52049	-5.86345	197.743	0	
53.667	-6.88723	227.432	0	
54.8464	-8.12364	198.861	0	
0.666952	-5.45835	202.647	0	
0.126222	-7.34172	194.886	0	
0.748591	-7.29311	195.778	0	
1.24664	-8.9128	189.542	0	
15.1115	-9.22048	206.193	0	
13.281	-7.59204	204.245	0	
148.007	-3.61005	197.73	0	
149.863	-4.69976	194.37	0	
141.949	-5.65315	204.879	0	
143.216	-5.27829	203.772	0	
62.5701	-9.29093	170.138	0	
66.7286	-9.4753	177.475	0	
97.9557	-5.6648	204.491	0	
99.5713	-4.86173	206.746	0	
96.5923	-5.93129	199.631	0	
98.3933	-6.8686	201.397	0	
95.7654	-7.38205	187.376	0	
98.7022	-7.46763	204.946	0	
90.2225	-7.23914	190.063	0	
92.9876	-5.5815	202.69	0	
138.214	-7.02534	208.801	0	
139.488	-7.10016	210.897	0	
-16.6004	-6.10161	189.717	0	
-16.393	-5.23265	184.613	0	
125.459	-8.14417	215.851	0	
128.346	-6.79781	225.368	0	
-120.644	-7.97392	283.853	0	
-121.337	-9.19736	348.673	0	
79.4505	-5.89768	198.287	0	
79.9677	-4.58569	200.475	0	
-7.05757	-5.69967	193.421	0	
-0.305813	-7.948	191.572	0	
55.9979	-6.01171	233.858	0	
56.5794	-5.26928	232.349	0	
-0.186521	-7.44876	193.722	0	
0.836608	-8.238	192.403	0	
14.2371	-9.18785	205.405	0	
15.8107	-7.31995	211.964	0	
149.239	-5.84721	199.696	0	
148.25	-6.12019	204.675	0	
151.129	-7.69348	201.558	0	
151.067	-5.51331	196.471	0	
97	-7.85413	189.962	0	
97.3805	-8.64742	195.997	0	
89.1383	-7.76298	186.935	0	
92.2432	-7.75058	186.79	0	
136.758	-7.15309	209.329	0	
138.003	-8.89488	224.55	0	
141.757	-6.76136	212.757	0	
141.545	-4.4354	197.559	0	
124.505	-8.53186	213.245	0	
127.317	-12.4405	223.713	0	
126.343	-8.25718	221.579	0	
129.614	-8.29672	234.799	0	
-121.636	-9.55418	383.763	0	
-120.371	-11.4287	512.339	0	
-3.8528	-8.27198	186.725	0	
-2.47275	-6.92622	194.169	0	
-3.22263	-8.2965	185.87	0	
-2.98961	-8.76441	185.056	0	
0.832078	-8.63551	189.167	0	
1.3773	-7.04098	198.005	0	
97.2964	-10.4251	180.369	0	
98.779	-8.96151	198.305	0	
91.7309	-8.29986	179.265	0	
93.4045	-6.83911	193.696	0	
135.431	-7.04981	212.214	0	
137.38	-8.43579	220.926	0	
138.182	-11.0011	232.057	0	
139.621	-10.8862	232.844	0	
140.7	-5.95003	206.984	0	
141.569	-5.76262	204.952	0	
-3.5387	-9.4667	182.764	0	
-2.53306	-7.7635	189.994	0	
-2.71265	-7.22111	191.212	0	
-0.912058	-7.3932	192.684	0	
-0.40611	-9.02096	185.994	0	
3.95659	-12.0828	179.809	0	
93.1711	-9.91661	175.465	0	
94.8512	-7.59168	191.939	0	
93.1051	-7.68362	180.303	0	
94.3487	-9.95869	172.048	0	
-56.515	-7.89658	342.681	0	
-56.2393	-9.36847	372.513	0	
-53.2397	-7.53113	334.456	0	
-53.0675	-8.22338	349.536	0	
-69.3561	-7.74491	299.109	0	
-69.9906	-8.49786	339.996	0	
-145.314	-10.1738	415.254	0	
-145.661	-9.39416	386.433	0	
117.241	-10.4903	211.243	0	
122.89	-9.38561	212.757	0	
-115.455	-7.21656	278.036	0	
-111.637	-8.7973	369.254	0	
99.1021	-10.4234	192	0	
102.196	-11.5344	195.89	0	
-104.486	-5.31652	189.769	0	
-103.391	-6.68026	228.19	0	
-104.47	-3.92143	173.901	0	
-103.684	-3.85237	173.12	0	
-15.4364	-5.99172	188.148	0	
-14.1489	-7.29232	193.35	0	
-38.0135	-7.74834	308.158	0	
-35.5547	-5.58653	230.478	0	
-7.33734	-5.07665	193.3	0	
-4.96013	-5.23813	197.736	0	
-10.5199	-6.47149	190.308	0	
-9.01675	-5.45033	192.847	0	
6.35311	-9.88442	191.252	0	
7.15003	-12.4202	183.323	0	
9.88049	-7.88213	200.452	0	
10.0261	-5.9227	199.847	0	
9.7588	-9.27369	197.175	0	
11.7966	-9.07661	199.187	0	
52.8049	-7.71805	213.409	0	
55.0874	-7.33605	218.795	0	
42.1003	-8.49973	194.452	0	
41.6226	-7.74989	202	0	
48.1449	-12.73	98.7959	0	
52.9056	-9.01218	180.324	0	
37.728	-7.50872	220.903	0	
37.6294	-7.94913	222.532	0	
21.0223	-6.90557	195.299	0	
23.6297	-6.67347	181.755	0	
157.319	-6.84165	193.909	0	
156.308	-4.51492	205.537	0	
158.444	-7.1458	189.243	0	
160.324	-6.38574	181.257	0	
160.052	-3.1592	177.521	0	
160.611	-3.09545	172.354	0	
107.098	-7.15687	207.542	0	
112.277	-10.0422	209.855	0	
112.94	-8.20641	213.112	0	
114.028	-6.92483	211.262	0	
55.9877	-6.84655	223.972	0	
62.552	-8.30803	213.67	0	
-45.1353	-4.78202	241.938	0	
-43.2896	-5.46286	260.906	0	
-73.2058	-11.1461	452.363	0	
-72.8132	-6.84464	279.37	0	
-83.3342	-7.81615	299.935	0	
-80.0787	-9.19127	371.489	0	
-33.3286	-11.2444	452.328	0	
-29.1925	-10.6836	443.089	0	
41.6861	-10.4998	175.773	0	
43.6524	-12.528	124.313	0	
44.3154	-9.94586	163.642	0	
45.011	-11.7374	127.711	0	
47.0522	-12.3707	109.534	0	
46.6937	-11.2462	128.012	0	
33.1851	-7.00699	214.454	0	
33.1859	-8.44706	227.396	0	
34.0315	-8.48437	229.844	0	
32.4993	-7.67666	216.581	0	
35.0932	-9.95551	235.292	0	
39.4876	-11.2321	192.973	0	
-138.364	-7.28774	275.635	0	
-136.812	-10.0375	456.652	0	
-135.918	-8.33079	352.3	0	
-134.756	-7.07628	286.434	0	
-133.035	-8.88	405.423	0	
-131.528	-8.20457	361.399	0	
-24.9199	-10.1096	387.747	0	
-22.0545	-8.95443	304.266	0	
65.9381	-12.3663	117.816	0	
65.3838	-10.0015	167.842	0	
64.4808	-9.61198	172.101	0	
66.1285	-10.8218	151.021	0	
13.5264	-9.86835	200.878	0	
14.4671	-10.2158	200.928	0	
10.6687	-8.41825	199.348	0	
16.0896	-10.7615	201.281	0	
13.6244	-11.7555	194.06	0	
12.8634	-12.875	189.446	0	
146.655	-3.42221	198.96	0	
148.363	-5.6707	201.213	0	
146.204	-4.88896	202.495	0	
148.034	-5.36554	201.749	0	
145.731	-7.19456	214.304	0	
148.443	-7.72739	212.093	0	
147.407	-5.92816	204.964	0	
150.108	-7.38589	207.31	0	
127.82	-8.91186	231.448	0	
128.375	-10.5778	233.504	0	
-123.447	-9.64713	401.504	0	
-122.554	-14.2012	729.319	0	
96.1061	-8.11741	194.152	0	
98.2727	-11.6155	182.769	0	
138.663	-13.0325	230.89	0	
140.991	-10.6591	231.998	0	
142.047	-9.73969	229.084	0	
141.122	-8.95337	226.616	0	
-3.29489	-11.3037	180.86	0	
1.36849	-9.83398	186.112	0	
90.3433	-12.2902	175.132	0	
96.3797	-10.7601	178.906	0	
93.5238	-8.39169	183.752	0	
94.7252	-9.16936	181.527	0	
-54.9763	-7.41366	330.056	0	
-55.4895	-7.56797	334.122	0	
-52.6816	-10.7149	386.057	0	
-50.5879	-10.2412	382.239	0	
-142.929	-11.3692	517.618	0	
-144.047	-9.48248	374.988	0	
114.655	-8.35537	213.975	0	
117.943	-10.5464	212.247	0	
-103.531	-5.27377	189.641	0	
-102.999	-8.12547	308.997	0	
-12.4609	-6.83025	191.715	0	
-7.76668	-7.10638	187.037	0	
8.28591	-7.81878	201.222	0	
8.72109	-11.1569	189.484	0	
11.776	-12.9799	186.878	0	
9.3838	-11.1476	189.349	0	
10.0051	-10.5491	193.032	0	
11.0677	-8.70689	199.714	0	
10.4707	-11.7048	189.491	0	
13.2434	-10.6356	197.734	0	
10.5216	-9.8886	195.554	0	
12.7228	-10.0012	199.097	0	
112.236	-9.3671	211.597	0	
116.371	-8.62918	213.956	0	
-44.5229	-6.44819	290.487	0	
-40.9977	-8.45918	334.822	0	
34.5632	-12.6057	227.066	0	
34.5431	-11.3815	235.467	0	
30.8677	-8.18063	212.067	0	
32.6768	-9.07184	228.807	0	
-139.07	-6.65376	241.036	0	
-142.266	-9.04658	349.209	0	
-139.341	-8.70443	338.507	0	
-140.176	-8.67581	337.389	0	
-136.887	-9.12607	391.577	0	
-136.066	-9.30264	407.562	0	
-132.791	-7.70161	328.413	0	
-134.147	-4.58738	207.429	0	
-134.208	-8.79362	399.753	0	
-132.38	-10.357	487.985	0	
64.4473	-11.3673	131.054	0	
65.6332	-11.5424	131.568	0	
66.8806	-12.7661	113.052	0	
67.7981	-10.8999	161.137	0	
142.585	-9.18109	227.766	0	
147.786	-6.2426	205.646	0	
147.277	-6.87216	210.271	0	
147.713	-8.12038	213.705	0	
129.589	-9.22358	235.609	0	
128.578	-9.6382	232.926	0	
97.5342	-9.61902	189.052	0	
97.9126	-12.791	174.436	0	
94.8807	-10.7495	176.403	0	
95.5601	-9.16244	178.7	0	
-53.6337	-10.8658	387.744	0	
-52.0526	-12.5137	382.886	0	
-52.0514	-9.20034	371.93	0	
-51.5275	-9.85968	379.172	0	
-143.754	-12.1452	527.112	0	
-138.792	-8.77476	359.515	0	
10.9419	-10.2423	194.942	0	
12.94	-11.35	194.597	0	
110.442	-10.5688	207.855	0	
109.688	-10.5409	207.384	0	
113.723	-9.32588	213.435	0	
115.55	-10.1743	212.919	0	
-45.8576	-6.21769	280.917	0	
-44.4097	-7.82183	326.131	0	
-44.5044	-6.88271	301.248	0	
-43.0026	-8.49371	335.909	0	
32.1974	-10.4771	234.017	0	
32.7467	-14.4347	224.867	0	
36.0841	-14.0792	197.009	0	
39.362	-12.0677	183.2	0	
31.9424	-8.95851	223.905	0	
31.7637	-10.334	232.035	0	
31.2377	-8.46654	214.886	0	
30.4041	-8.79257	213.866	0	
29.9357	-11.1864	225.976	0	
32.5041	-12.3255	237.84	0	
29.5034	-9.5102	213.016	0	
29.4736	-10.6665	220.566	0	
30.7111	-9.45708	221.09	0	
30.1482	-10.0814	220.414	0	
-133.348	-10.6841	537.395	0	
-133.672	-9.24204	423.58	0	
-131.931	-6.81153	291.192	0	
-133.091	-5.42859	232.372	0	
-131.699	-10.9533	561.587	0	
-130.863	-10.5945	509.621	0	
62.1548	-11.5709	107.886	0	
63.6588	-12.3026	99.1062	0	
150.77	-10.011	205.943	0	
145.503	-7.93918	219.076	0	
147.138	-7.50581	213.478	0	
150.204	-12.8428	207.068	0	
99.1848	-14.0817	176.606	0	
100.022	-12.0243	187.24	0	
99.0958	-11.4645	185.059	0	
100.064	-13.0967	183.466	0	
94.357	-8.33397	178.395	0	
92.7144	-9.185	172.308	0	
92.4428	-10.9234	165.272	0	
96.6333	-12.3983	177.321	0	
-52.2815	-10.4093	383.068	0	
-51.981	-11.7399	385.575	0	
-52.2227	-12.0339	386.155	0	
-51.0507	-12.6625	382.29	0	
-44.3919	-8.30057	335.351	0	
-44.0727	-7.11836	307.265	0	
-136.585	-11.1987	554.14	0	
-136.861	-12.4962	611.178	0	
-131.931	-12.2141	639.096	0	
-130.177	-12.0868	629.693	0	
-129.258	-10.3586	492.24	0	
-129.115	-9.44915	436.829	0	
60.2565	-10.6923	136.864	0	
64.9772	-13.0755	97.253	0	
102.104	-12.5166	190.794	0	
100.588	-11.2538	192.238	0	
-52.7771	-12.8607	383.333	0	
-55.8999	-15.1713	372.808	0	
-50.0921	-13.2965	382.962	0	
-49.187	-12.8694	384.427	0	
-51.2541	-14.123	374.305	0	
-42.479	-21.9424	471.946	0	
-47.0306	-13.4952	383.54	0	
-43.1261	-11.9852	389.168	0	
-43.8579	-9.55501	361.878	0	
-44.1735	-10.3528	369.862	0	
-133.785	-11.8256	599.113	0	
-134.727	-10.4187	484.644	0	
-131.157	-12.85	660.033	0	
-131.122	-13.8566	750.798	0	
-128.625	-10.3696	490.404	0	
-126.367	-8.35462	342.783	0	
59.4406	-12.402	89.2849	0	
63.72	-14.7579	69.7017	0	
-53.2112	-21.5454	331.093	0	
-51.6491	-13.4684	378.001	0	
-61.0095	-9.81575	360.34	0	
-60.5155	-11.8588	390.289	0	
-66.9267	-12.4791	436.047	0	
-64.6967	-14.4665	433.183	0	
24.1447	-9.32851	189.886	0	
27.6759	-9.59117	202.461	0	
-78.7185	-7.38514	292.707	0	
-77.6235	-8.8541	361.161	0	
-94.7721	-10.2413	420	0	
-93.1178	-9.93604	403.255	0	
-111.743	-5.92805	249.134	0	
-110.44	-7.44526	295.036	0	
-108.687	-6.78639	261.477	0	
-109.768	-8.70378	334.888	0	
-24.69	-7.75963	284.361	0	
-23.7541	-7.43469	270.134	0	
149.632	-9.275	212.329	0	
150.11	-11.7954	206.143	0	
154.187	-8.90994	198.503	0	
152.683	-10.3654	200.852	0	
106.014	-9.13532	209.54	0	
108.511	-8.13482	209.815	0	
80.7607	-6.93151	197.627	0	
82.0163	-7.56177	194.708	0	
83.1186	-6.74984	190.752	0	
83.8004	-10.5065	205.206	0	
-47.0293	-9.77421	371.836	0	
-46.4133	-11.5425	384.319	0	
72.2385	-11.6374	179.623	0	
70.7123	-9.94331	185.36	0	
-125.945	-10.5525	481.634	0	
-123.549	-13.6586	670.796	0	
-119.633	-8.91317	337.46	0	
-116.194	-12.1898	542.583	0	
78.4831	-10.1333	214.72	0	
80.8154	-8.83086	204.181	0	
87.4757	-7.012	192.399	0	
87.9854	-7.88538	187.31	0	
59.0654	-10.4847	132.333	0	
58.1027	-7.906	207.849	0	
124.204	-9.11774	214.273	0	
121.698	-8.61661	208.274	0	
125.139	-10.0389	221.023	0	
124.854	-11.2772	220.427	0	
2.37851	-10.3095	185.668	0	
1.08597	-10.4681	182.716	0	
-56.3328	-10.777	388.637	0	
-53.4887	-12.3391	385.719	0	
-70.7899	-7.60588	304.311	0	
-69.3423	-13.0412	463.05	0	
120.561	-10.1515	211.531	0	
123.136	-8.31164	207.958	0	
-112.043	-8.24029	313.891	0	
-110.638	-6.74186	269.631	0	
-15.3693	-9.22262	217.693	0	
-11.4063	-7.42763	191.32	0	
-35.7156	-8.25459	325.176	0	
-32.9822	-7.28311	296.375	0	
-36.8229	-7.37014	293.156	0	
-34.0131	-9.859	401.742	0	
-34.7596	-7.54342	304.576	0	
-32.8779	-9.17877	377.63	0	
-8.98176	-6.10334	191.999	0	
-6.48311	-9.47256	183.454	0	
38.2916	-10.118	213.401	0	
43.047	-11.2056	160.353	0	
51.0816	-11.5157	117.889	0	
56.4621	-11.6016	108.944	0	
19.2801	-7.50624	205.156	0	
26.6105	-8.51701	191.463	0	
159.831	-6.0221	183.022	0	
164.609	-2.53832	168.763	0	
57.5475	-7.05779	228.243	0	
59.5772	-5.51725	245.865	0	
60.568	-8.76776	189.891	0	
62.4754	-10.7914	143.139	0	
43.828	-13.4713	118.807	0	
49.2293	-11.9461	109.159	0	
15.7036	-15.7275	188.126	0	
18.2396	-13.6082	196.374	0	
-121.215	-12.1794	544.954	0	
-122.595	-12.4321	588.625	0	
142.238	-10.4156	231.295	0	
144.695	-9.00316	224.347	0	
-2.2535	-12.398	179.965	0	
2.66686	-13.5647	177.619	0	
-104.824	-6.1627	211.068	0	
-104.29	-7.28282	261.553	0	
-103.051	-9.97695	411.087	0	
-103.903	-7.53742	261.899	0	
-106.23	-7.21609	261.035	0	
-106.009	-8.89381	341.045	0	
-103.607	-10.3445	415.103	0	
-104.094	-11.3987	489.226	0	
-140.632	-8.76479	341.275	0	
-142.263	-10.605	465.177	0	
64.6886	-14.6594	73.3866	0	
70.9226	-14.4926	131.215	0	
134.224	-11.4197	233.069	0	
133.122	-6.81983	220.008	0	
126.699	-10.5102	225.097	0	
127.162	-11.7827	225.637	0	
-142.288	-15.1364	745.422	0	
-139.843	-13.4852	684.452	0	
116.714	-12.0744	207.06	0	
116.193	-9.59278	212.659	0	
28.2774	-8.55903	200.141	0	
25.0115	-7.55256	183.73	0	
92.2155	-15.3231	183.234	0	
94.7687	-13.2263	174.369	0	
-138.271	-11.6663	570.266	0	
-134.919	-12.0256	623.327	0	
-132.65	-15.3747	854.13	0	
-133.569	-14.2873	745.455	0	
-135.804	-13.0547	675.016	0	
-135.189	-14.3827	775.574	0	
106.143	-10.8293	205.602	0	
104.286	-10.1532	206.158	0	
-128.469	-14.0101	734.894	0	
-127.284	-11.9148	578.546	0	
-131.576	-14.9706	793.101	0	
-130.823	-15.6608	835.965	0	
-130.535	-17.0108	915.577	0	
-126.788	-15.1231	790.719	0	
-133.136	-17.3137	923.853	0	
-132.875	-20.8029	1046.28	0	
-129.221	-15.5067	822.469	0	
-129.256	-17.38	914.395	0	
62.8186	-19.2726	32.7337	0	
66.8545	-13.804	102.517	0	
-59.7077	-10.4617	375.426	0	
-58.7447	-12.7735	393.019	0	
-80.3266	-7.65795	297.542	0	
-82.2552	-8.95818	347.53	0	
-97.7563	-7.99651	310.362	0	
-101.494	-9.75393	385.273	0	
-93.8393	-11.2878	496.75	0	
-94.5474	-12.0881	534.744	0	
-112.892	-9.79709	408.021	0	
-108.858	-7.93209	307.232	0	
-24.7647	-8.70142	320.722	0	
-23.1003	-10.7356	380.734	0	
-26.9917	-10.8529	436.939	0	
-22.7336	-9.27392	313.244	0	
-23.5839	-11.112	392.964	0	
-20.5585	-8.32511	263.05	0	
148.188	-9.5074	217.286	0	
149.119	-10.9974	213.367	0	
78.7242	-8.05141	205.524	0	
81.523	-7.50725	197.701	0	
81.009	-9.82715	212.447	0	
84.7152	-7.46944	189.5	0	
68.054	-12.4487	121.317	0	
69.5626	-13.4982	125.483	0	
-127.67	-10.5071	489.647	0	
-125.66	-12.1228	601.406	0	
88.2185	-8.84114	183.264	0	
90.965	-9.29803	178.06	0	
4.17007	-12.6821	180.547	0	
5.92861	-11.2907	184.57	0	
1.37815	-11.4607	180.894	0	
0.734774	-13.9001	180.176	0	
-6.39852	-15.8355	218.26	0	
-8.64408	-9.2422	186.24	0	
37.0399	-12.4712	208.108	0	
37.8664	-11.966	203.335	0	
23.1563	-11.4006	196.721	0	
26.6111	-11.3834	208.213	0	
59.5738	-8.64994	186.705	0	
58.5739	-11.4573	112.813	0	
47.5139	-9.68432	163.171	0	
49.2431	-12.6894	93.9203	0	
-122.524	-15.3957	762.5	0	
-120.561	-14.9805	736.007	0	
-122.693	-11.2334	502.095	0	
-124.247	-12.2073	593.997	0	
-141.684	-8.97693	353.503	0	
-142.769	-10.7557	456.095	0	
-141.255	-10.8767	473.687	0	
-140.556	-12.1374	579.208	0	
65.0102	-16.3259	55.8916	0	
68.0992	-15.3708	90.7216	0	
127.742	-13.9062	220.994	0	
132.105	-14.5097	219.797	0	
115.616	-12.9813	202.376	0	
118.729	-12.7955	206.308	0	
-128.421	-14.9948	810.724	0	
-127.567	-15.5501	831.903	0	
-125.835	-15.707	826.896	0	
-125.981	-13.1809	674.769	0	
-126.696	-17.2792	895.98	0	
-124.313	-16.9647	863.26	0	
-127.592	-16.5998	864.893	0	
-128.712	-16.5049	891.6	0	
-77.521	-10.3229	418.662	0	
-74.9225	-8.63679	352.19	0	
-105.614	-13.151	596.136	0	
-107.701	-9.60131	382.23	0	
-28.2912	-7.89689	306.97	0	
-27.3016	-12.4941	499.475	0	
-23.4973	-11.7368	423.564	0	
-22.0345	-10.675	359.892	0	
78.2946	-9.27198	209.631	0	
80.539	-7.44665	198.387	0	
86.2289	-13.1848	208.196	0	
84.7591	-9.67564	195.703	0	
86.6728	-12.5672	200.832	0	
88.8067	-12.7921	187.768	0	
4.64704	-13.9761	177.358	0	
6.85927	-14.2474	177.988	0	
7.38005	-8.09243	200.871	0	
4.03879	-10.9442	183.782	0	
54.3395	-10.5859	131.432	0	
61.834	-13.4625	79.9915	0	
51.9286	-11.629	110.295	0	
49.0791	-10.7348	134.727	0	
-123.584	-15.8786	838.76	0	
-121.664	-17.179	858.941	0	
-119.407	-15.2627	768.194	0	
-118.436	-13.486	643.335	0	
-140.208	-10.9478	478.408	0	
-141.248	-10.2808	435.757	0	
-125.9	-19.5397	1003.58	0	
-123.47	-17.8539	938.949	0	
-24.4761	-13.8921	503.384	0	
-17.6244	-13.7444	359.112	0	
-21.7368	-11.9104	391.096	0	
-20.3345	-12.2939	370.461	0	
6.83775	-7.26476	203.303	0	
4.23797	-8.01607	197.111	0	
-119.01	-16.6707	827.087	0	
-117.16	-16.8892	835.928	0	
-117.937	-12.0293	539.945	0	
-117.551	-9.49426	359.687	0	
-163.184	-6.01503	287.415	0	
-159.928	-5.19079	255.26	0	
132.135	-8.06687	229.503	0	
133.031	-7.4261	221.638	0	
-89.6721	-10.5961	443.989	0	
-90.3168	-8.74237	342.163	0	
18.9584	-10.8865	201.087	0	
21.2257	-7.43744	193.177	0	
-99.6674	-5.678	218.871	0	
-99.1808	-8.80554	334.194	0	
-20.4056	-6.176	221.25	0	
-19.3566	-8.27737	249.092	0	
157.547	-7.99432	191.249	0	
157.348	-8.55314	190.635	0	
161.053	-7.76953	181.406	0	
161.683	-4.49841	173.049	0	
11.1123	-13.8861	183.419	0	
13.0356	-14.2853	186.973	0	
110.681	-11.8059	203.264	0	
113.071	-11.2852	206.352	0	
-69.3523	-10.6863	404.292	0	
-65.4006	-14.2186	435.944	0	
-63.1264	-13.7472	410.482	0	
-65.9897	-11.3479	397.544	0	
106.615	-10.9829	204.253	0	
108.336	-9.96228	208.936	0	
119.148	-10.607	211.557	0	
117.776	-14.9751	191.885	0	
-41.3181	-10.5166	376.705	0	
-36.2972	-9.43291	368.305	0	
162.437	-5.52304	174.085	0	
164.135	-6.28644	177.451	0	
141.821	-11.8509	231.789	0	
145.92	-14.1857	211.903	0	
-3.38449	-10.6407	180.754	0	
-4.75638	-13.2308	189.657	0	
-105.617	-11.2474	487.814	0	
-105.954	-12.6919	565.239	0	
-100.707	-14.5226	693.663	0	
-98.0632	-11.3731	511.586	0	
-138.938	-15.242	799.193	0	
-136.771	-19.4641	980.845	0	
-81.5623	-13.7274	590.824	0	
-80.0225	-9.8992	406.592	0	
146.293	-15.6857	209.363	0	
154.363	-13.5525	189.849	0	
-10.5218	-9.649	194.42	0	
-9.38316	-10.248	191.377	0	
24.6764	-11.5578	202.185	0	
25.1705	-13.3917	210.059	0	
125.389	-13.7696	215.471	0	
123.137	-16.3892	193.772	0	
128.381	-14.6623	213.246	0	
132.754	-16.7733	207.042	0	
-78.9708	-12.0323	502.125	0	
-75.3887	-11.0574	454.496	0	
-106.657	-10.2046	421.701	0	
-106.831	-12.1858	536.919	0	
85.816	-9.87096	192.044	0	
83.4383	-12.9137	223.672	0	
86.6694	-15.5654	219.934	0	
88.8036	-11.2811	184.049	0	
87.4308	-13.6651	202.684	0	
89.6161	-10.1855	178.962	0	
2.72429	-15.3563	181.108	0	
3.94536	-16.7637	182.091	0	
8.62325	-15.9606	179.297	0	
9.7793	-13.8292	181.909	0	
-130.203	-20.0084	1018.92	0	
-118.495	-20.2322	968.592	0	
-120.381	-17.7605	909.435	0	
-120.336	-19.629	962.904	0	
-108.125	-19.1375	899.889	0	
-110.608	-14.3225	648.591	0	
18.6836	-12.9977	196.145	0	
21.3925	-11.4387	197.132	0	
-100.077	-11.0619	474.928	0	
-95.7356	-11.7017	510.045	0	
156.078	-8.18209	194.327	0	
155.921	-9.51633	193.106	0	
156.064	-12.8045	188.177	0	
163.873	-10.8556	185.189	0	
161.732	-8.83426	181.95	0	
162.889	-8.65792	182.221	0	
11.1777	-15.3527	182.574	0	
11.1385	-16.2641	181.134	0	
15.5195	-14.7291	190.016	0	
15.0312	-12.2633	195.54	0	
-67.6598	-14.6654	474.472	0	
-65.9965	-16.5608	455.047	0	
-65.5688	-15.406	445.677	0	
-59.5362	-12.7666	393.044	0	
104.994	-15.1137	183.924	0	
110.126	-16.8171	181.043	0	
126.991	-15.5265	207.127	0	
121.275	-12.466	210.993	0	
164.313	-7.96932	180.735	0	
165.742	-6.69437	180.959	0	
-80.2093	-17.0701	682.699	0	
-81.0942	-11.6651	497.998	0	
-10.5315	-12.2003	212.331	0	
-5.82157	-12.5339	190.388	0	
24.1178	-11.2246	197.353	0	
23.8657	-12.9851	205.379	0	
28.6351	-13.2075	225.702	0	
27.312	-11.4143	213.474	0	
-107.421	-12.2087	546.322	0	
-106.48	-14.5666	667.545	0	
-104.785	-12.512	563.604	0	
-105.718	-9.83073	392.042	0	
-104.121	-13.114	594.139	0	
-102.976	-12.6157	567.54	0	
-104.503	-15.0856	725.221	0	
-102.642	-15.3007	729.127	0	
-100.779	-12.407	546.357	0	
-103.114	-11.3676	479.181	0	
-99.1339	-12.9515	606.623	0	
-100.032	-9.95301	396.613	0	
-101.605	-13.9444	641.981	0	
-96.7863	-13.6075	634.361	0	
87.9294	-14.0234	199.191	0	
89.721	-15.1059	196.16	0	
7.00833	-17.9789	184.489	0	
10.4125	-18.2169	183.932	0	
18.4823	-15.7402	193.805	0	
19.944	-12.4802	197.525	0	
156.986	-9.74631	190.777	0	
157.075	-11.661	188.35	0	
161.38	-10.7815	184.291	0	
158.316	-12.7286	185.92	0	
13.4635	-20.9674	191.669	0	
13.2558	-16.4445	185.307	0	
-64.0112	-17.1711	427.666	0	
-65.8248	-14.7471	444.623	0	
-55.0624	-18.8381	337.767	0	
-63.2799	-14.9499	414.734	0	
18.58	-14.364	194.453	0	
26.0073	-13.5344	214.476	0	
-110.411	-9.85059	415.544	0	
-108.235	-14.5105	708.512	0	
-116.516	-13.0048	551.383	0	
-109.338	-13.0776	591.32	0	
-107.162	-17.7328	838.963	0	
-103.742	-15.6375	728.988	0	
167.262	-10.4019	193.581	0	
167.576	-7.36339	190.039	0	
-64.5409	-16.5998	430.582	0	
-62.936	-16.3212	415.684	0	
-104.276	-14.4036	666.82	0	
-108.274	-16.827	801.097	0	
-65.2264	-18.8971	443.652	0	
-62.8884	-18.2744	408.647	0	
-105.026	-18.186	854.206	0	
-105.729	-15.9961	768.213	0	
-107.639	-20.3746	933.301	0	
-100.081	-16.3591	768.156	0	
73.9943	-12.3642	187.106	0	
80.1365	-15.917	228.697	0	
-14.6567	-7.57477	196.858	0	
-14.0924	-6.24558	190.946	0	
-17.2406	-8.94257	231.169	0	
-16.2059	-10.2469	244.258	0	
-18.5105	-13.4103	350.852	0	
-15.1306	-9.7658	223.052	0	
-19.2281	-11.8307	334.732	0	
-17.479	-14.827	369.648	0	
-84.8199	-8.23027	319.788	0	
-84.5404	-9.46308	377.82	0	
-33.0519	-11.8238	486.055	0	
-32.8701	-14.5371	562.72	0	
136.525	-8.8957	223.396	0	
136.983	-13.1353	230.278	0	
139.008	-14.5629	225.795	0	
142.1	-14.2236	222.872	0	
-40.0308	-10.5622	376.562	0	
-40.8336	-5.6798	249.541	0	
29.0141	-12.504	227.545	0	
27.4503	-14.1691	221.229	0	
27.5813	-16.3325	216.683	0	
30.4529	-16.7124	211.004	0	
97.3204	-16.7135	177.176	0	
103.157	-16.0342	179.312	0	
-44.8684	-14.974	390.549	0	
-39.7191	-14.3497	438.791	0	
47.9408	-19.0514	37.9962	0	
49.096	-14.469	71.5645	0	
-131.163	-25.6079	1129.9	0	
-126.363	-21.011	1027.36	0	
-60.8761	-15.3728	396.692	0	
-52.5042	-14.0778	373.586	0	
113.644	-11.692	207.738	0	
117.374	-16.7276	186.031	0	
-30.689	-9.88906	421.398	0	
-27.8731	-9.52161	386.371	0	
-87.8749	-11.3626	473.233	0	
-84.4558	-11.6247	479.742	0	
107.833	-11.9369	201.795	0	
114.816	-14.791	191.295	0	
111.261	-12.6655	200.828	0	
114.899	-14.0091	197.203	0	
-74.3293	-14.678	573.25	0	
-69.6275	-14.2361	492.068	0	
-5.24953	-10.9453	181.664	0	
-5.17371	-12.5231	185.166	0	
-5.75878	-16.7547	231.369	0	
-1.86483	-17.5722	203.251	0	
-136.095	-15.8712	854.583	0	
-134.268	-20.9116	1024.79	0	
-76.5367	-12.7743	528.617	0	
-78.476	-12.3313	517.232	0	
-103.2	-17.1909	811.252	0	
-97.3604	-20.7928	910.11	0	
88.3435	-19.8233	228.906	0	
85.7897	-16.5207	224.353	0	
92.9841	-16.3353	187.339	0	
90.8505	-13.3262	180.58	0	
5.86351	-18.7234	189.53	0	
8.57151	-18.5883	185.114	0	
22.8399	-24.3156	187.178	0	
21.8149	-12.1245	198.134	0	
10.9621	-21.6301	196.426	0	
22.9599	-27.5801	179.958	0	
-70.6164	-16.6371	535.198	0	
-66.5622	-17.0484	464.927	0	
-71.6196	-14.9137	528.638	0	
-70.1439	-21.0238	545.858	0	
22.7291	-14.5105	203.56	0	
20.7848	-15.9639	199.323	0	
-64.9756	-20.7047	442.282	0	
-65.5988	-21.362	450.917	0	
-112.501	-13.577	600.493	0	
-108.978	-16.7148	804.002	0	
-103.666	-23.8718	1011.01	0	
-102.01	-20.2643	914.256	0	
-36.746	-12.8093	470.567	0	
-40.6891	-11.0123	384.568	0	
137.715	-15.2723	222.38	0	
134.322	-19.945	190.446	0	
25.0141	-16.9641	209.674	0	
27.1151	-17.7835	209.192	0	
30.5379	-19.5157	184.72	0	
30.3626	-18.0572	199.877	0	
-40.6322	-13.1665	428.874	0	
-32.9391	-13.3503	537.191	0	
48.9373	-16.8982	47.2377	0	
50.8899	-16.4953	44.5807	0	
114.982	-12.5273	202.793	0	
113.503	-14.8467	191.151	0	
112.904	-16.8079	181.496	0	
116.771	-15.363	191.842	0	
113.99	-16.9122	181.702	0	
113.567	-19.6702	172.659	0	
112.365	-15.7536	185.093	0	
117.245	-18.4848	176.369	0	
114.764	-19.0691	173.061	0	
118.612	-19.7374	172.965	0	
-6.52416	-10.3204	183.669	0	
-5.303	-14.3757	199.736	0	
-77.349	-16.8291	648.037	0	
-70.7109	-15.7788	529.351	0	
-104.755	-18.9268	889.347	0	
-98.4802	-18.894	865.241	0	
90.5394	-26.356	223.598	0	
93.6984	-18.7365	197.644	0	
89.3646	-17.6776	217.054	0	
99.3531	-15.1606	179.587	0	
3.29043	-22.4321	223.39	0	
11.6168	-26.2765	219.153	0	
20.3283	-15.1859	198.477	0	
22.6109	-16.4629	204.031	0	
14.793	-19.9753	190.676	0	
17.2964	-18.1736	191.486	0	
-67.477	-19.6478	495.834	0	
-69.0981	-20.9253	528.468	0	
-69.2368	-27.451	567.048	0	
-63.2537	-26.9824	435.802	0	
-115.132	-18.958	910.8	0	
-104.591	-20.4877	925.969	0	
-113.483	-17.9141	900.05	0	
-111.281	-22.3875	1005.87	0	
-32.0131	-19.0314	649.445	0	
-29.6191	-18.368	662.519	0	
24.6865	-18.054	206.498	0	
26.7832	-20.1541	196.541	0	
33.0646	-17.2871	191.991	0	
34.8282	-14.0156	211.242	0	
32.748	-16.274	208.704	0	
36.0951	-18.2809	147.846	0	
45.5568	-20.4697	42.6144	0	
51.541	-18.8159	30.6286	0	
111.041	-15.1072	188.61	0	
109.476	-17.6567	177.181	0	
113.625	-21.8831	164.669	0	
115.296	-22.4709	166.845	0	
-8.09228	-11.9253	194.805	0	
-8.96968	-12.8176	209.074	0	
25.5966	-22.1688	187.805	0	
30.055	-21.6666	167.401	0	
52.2715	-22.332	19.0983	0	
59.5267	-14.3302	61.5177	0	
105.847	-16.1561	180.075	0	
104.986	-17.6784	175.308	0	
109.888	-18.9548	172.862	0	
118.095	-27.6699	159.936	0	
120.412	-23.272	162.896	0	
116.647	-20.6356	167.277	0	
-5.29244	-15.1926	203.757	0	
-2.74535	-13.8419	184.792	0	
-10.5945	-13.1881	222.887	0	
-15.6603	-14.5904	326.469	0	
106.92	-21.1195	174.334	0	
111.021	-21.1533	167.368	0	
125.813	-21.6458	168.094	0	
119.455	-18.109	180.946	0	
-4.95545	-27.5298	367.838	0	
-7.25717	-15.9619	232.237	0	
-49.7657	-15.4563	362.887	0	
-50.5573	-21.5516	335.754	0	
-140.925	-14.1228	690.193	0	
-140.377	-15.961	815.827	0	
58.9543	-21.7915	19.5621	0	
71.4733	-22.0192	81.4426	0	
-30.875	-14.1397	564.671	0	
-25.0878	-16.5178	590.603	0	
52.2833	-15.1569	54.2655	0	
51.5441	-17.9526	36.1504	0	
57.086	-11.0981	112.749	0	
60.9294	-17.2345	38.5997	0	
149.375	-14.565	203.624	0	
158.274	-11.2199	187.039	0	
156.623	-20.2976	181.625	0	
154.74	-14.7755	188.874	0	
127.5	-22.7102	171.594	0	
128.436	-18.2598	192.797	0	
-123.506	-23.631	1081.55	0	
-119.616	-26.4937	1121.12	0	
121.903	-16.8981	191.89	0	
120.477	-18.9002	177.595	0	
-115.23	-14.7387	718.033	0	
-111.98	-16.5163	795.146	0	
72.9399	-14.3559	153.665	0	
72.7281	-17.9412	124.86	0	
-57.0317	-16.2044	366.611	0	
-52.7315	-15.7083	361.396	0	
137.604	-16.6164	210.998	0	
133.18	-27.0149	159.356	0	
-43.6971	-12.8525	400.328	0	
-40.9813	-20.9307	467.823	0	
-76.7063	-19.5022	681.559	0	
-71.7665	-19.9529	572.959	0	
-78.8575	-21.0401	732.096	0	
-75.5221	-27.5897	702.331	0	
95.6374	-17.6315	181.624	0	
98.8869	-16.0234	175.009	0	
-71.011	-23.6988	579.398	0	
-70.6559	-26.95	590.914	0	
-64.3207	-31.2902	504.543	0	
-62.9655	-29.2695	459.447	0	
-53.0496	-24.8831	360.651	0	
-55.3543	-21.2394	335.783	0	
-114.122	-21.4233	989.838	0	
-111.287	-18.429	895.173	0	
28.5768	-19.9773	193.377	0	
30.1504	-23.1206	157.008	0	
27.587	-26.2162	156.703	0	
36.2867	-25.5534	82.0413	0	
34.52	-23.2582	112.396	0	
40.4897	-14.3751	139.704	0	
52.9617	-21.7039	20.0395	0	
52.0058	-16.2203	45.0604	0	
103.855	-15.0255	184.691	0	
102.102	-18.4064	180.558	0	
-144.186	-15.6733	780.43	0	
-143.638	-20.1663	939.683	0	
154.18	-16.6798	185.93	0	
164.093	-13.1613	191.198	0	
-62.1768	-19.082	398.474	0	
-59.4189	-22.9651	365.785	0	
-73.2066	-24.2014	637.251	0	
-76.6281	-23.0593	707.261	0	
-71.3609	-29.7968	632.406	0	
-66.6614	-28.0602	497.177	0	
-118.11	-22.2251	1034.63	0	
-113.161	-30.7639	1137.42	0	
100.977	-23.0662	183.841	0	
108.381	-20.4417	170.64	0	
-23.4903	-20.1568	635.871	0	
-21.7743	-16.4363	537.43	0	
-139.209	-19.7694	968.598	0	
-134.961	-17.7148	923.435	0	
172.892	-8.84677	218.198	0	
169.074	-5.04509	192.326	0	
-21.5996	-19.198	586.239	0	
-9.12917	-18.6634	294.828	0	
-6.0667	-18.8417	262.757	0	
-6.9189	-21.3792	305.49	0	
-0.387485	-21.7067	230.968	0	
3.2325	-16.4385	181.971	0	
-94.8709	-21.3041	910.776	0	
-93.679	-16.6257	745.917	0	
41.6952	-28.629	39.5325	0	
47.5957	-26.1523	22.156	0	
25.007	-23.5784	185.282	0	
24.8791	-24.421	179.916	0	
24.2728	-20.2884	198.627	0	
22.1191	-25.9298	187.222	0	
24.8286	-27.7645	168.121	0	
25.775	-28.5755	161.626	0	
16.2694	-19.3119	190.956	0	
18.3831	-23.1969	195.861	0	
24.6801	-30.386	164.65	0	
24.3975	-32.0531	164.41	0	
18.9615	-21.6722	195.059	0	
19.6578	-29.2479	195.548	0	
29.0827	-30.8834	127.044	0	
28.6315	-26.8256	147.053	0	
124.08	-24.4696	161.715	0	
131.546	-23.1616	172.273	0	
71.4408	-21.006	78.3504	0	
75.7207	-20.3834	141.415	0	
-79.7475	-16.0651	649.327	0	
-84.5337	-25.0948	855.288	0	
90.8408	-24.0507	228.731	0	
99.2429	-22.9647	194.957	0	
38.2407	-29.0038	60.5317	0	
44.8578	-25.9773	31.4772	0	
50.8521	-23.9597	18.9398	0	
66.2318	-23.9565	31.9742	0	
53.0083	-20.9222	21.9508	0	
58.0473	-15.4773	45.5819	0	
-145.171	-20.0577	944.583	0	
-139.411	-21.8587	1030.78	0	
152.884	-18.6107	183.684	0	
155.57	-17.605	183.114	0	
160.744	-18.8162	188.445	0	
161.256	-21.568	192.172	0	
-74.5548	-24.5105	662.711	0	
-78.495	-27.2314	768.989	0	
-71.0649	-30.8665	628.628	0	
-72.4375	-31.6274	674.17	0	
-68.5925	-28.9675	566.221	0	
-69.6492	-31.2662	603.484	0	
-119.566	-23.7444	1073.23	0	
-115.549	-26.1496	1112.31	0	
98.8612	-21.2905	186.59	0	
111.142	-24.6512	169.152	0	
-24.5071	-20.8039	654.898	0	
-23.1933	-23.0261	655.733	0	
-141.53	-19.0893	920.328	0	
-142.489	-22.8506	1010.85	0	
167.114	-9.27042	192.988	0	
169.717	-8.14373	200.638	0	
174.86	-8.26239	227.697	0	
171.13	-6.12955	206.075	0	
-13.2925	-21.4372	429.309	0	
-13.8769	-18.1585	371.496	0	
-12.067	-17.9686	331.932	0	
-15.44	-19.7431	439.01	0	
-9.80477	-20.8181	348.623	0	
-9.37141	-24.5832	388.52	0	
-5.18869	-21.868	290.602	0	
4.93093	-25.4336	242.041	0	
-102.718	-22.8712	1000.25	0	
-89.7223	-21.0499	873.463	0	
46.3387	-19.6589	42.0567	0	
47.7345	-21.0632	31.0744	0	
13.31	-20.3067	190.393	0	
17.4004	-28.3027	206.727	0	
18.6692	-29.8498	203.77	0	
23.163	-35.239	165.782	0	
123.991	-31.9195	158.295	0	
131.143	-25.1933	164.463	0	
133.836	-22.3777	178.356	0	
132.318	-18.7029	194.845	0	
68.7156	-21.8329	53.8062	0	
70.4238	-22.6853	61.5072	0	
77.1495	-23.2284	143.305	0	
80.9789	-19.4143	221.967	0	
56.44	-21.1019	19.2741	0	
57.7134	-18.5151	28.1525	0	
150.914	-20.344	181.187	0	
156.162	-26.079	181.185	0	
-83.8223	-31.9753	892.327	0	
-73.5366	-35.9539	731.972	0	
-121.956	-22.7294	1062.39	0	
-121.861	-27.4351	1129.15	0	
-28.2138	-18.8859	666.373	0	
-19.9431	-29.6457	650.485	0	
166.382	-15.5186	199.216	0	
167.352	-14.5091	202.779	0	
-16.8225	-22.072	526.509	0	
-12.8239	-19.607	382.766	0	
-18.5376	-23.41	579.699	0	
-19.9916	-25.6701	638.984	0	
-15.0892	-21.9171	478.573	0	
-10.1471	-23.7197	401.143	0	
-10.7982	-20.2995	355.281	0	
-9.64602	-22.6082	378.194	0	
-97.8718	-29.7651	1060.31	0	
-91.4609	-28.4603	985.564	0	
-95.4099	-23.3294	958.133	0	
-79.8879	-27.0352	793.922	0	
6.2816	-23.3876	220.444	0	
7.11976	-24.5085	222.723	0	
17.343	-31.6971	214.15	0	
12.816	-29.6814	230.889	0	
127.279	-31.2188	156.197	0	
129.851	-29.4253	155.308	0	
135.929	-26.5159	164.74	0	
139.112	-18.4129	201.536	0	
-124.949	-29.2804	1147.81	0	
-121.859	-31.1888	1155.81	0	
163.799	-14.3885	189.835	0	
167.187	-20.3721	209.952	0	
176.509	-14.658	240.064	0	
171.932	-12.2947	217.071	0	
-22.9928	-27.4739	694.582	0	
-5.26389	-28.5912	390.095	0	
-14.6663	-26.9418	545.79	0	
-7.70794	-26.2607	395.996	0	
129.679	-37.1756	162.748	0	
137.543	-30.6569	160.526	0	
-19.3705	-31.6324	652.598	0	
-9.43581	-32.3566	488.784	0	
-8.34348	-28.5707	434.135	0	
-7.66309	-30.4782	447.6	0	
132.312	-34.2629	159.217	0	
138.647	-22.7049	178.134	0	
-4.51514	-29.374	385.287	0	
0.975063	-22.0928	238.165	0	
-10.0062	-33.876	516.845	0	
7.47968	-41.3636	338.51	0	
-1.35221	-30.7165	352.519	0	
8.98573	-32.6523	276.342	0	
-4.30327	-25.3325	332.043	0	
-3.05426	-28.077	350.29	0	
3.14292	-29.3391	296.679	0	
-2.06294	-24.7554	295.316	0	
4.57705	-27.9611	273.354	0	
2.48064	-27.1581	278.564	0	
4.988	-27.1669	255.873	0	
6.19587	-22.7701	211.867	0	
7.40186	-28.5958	253.874	0	
13.2652	-27.6681	220.052	0	
4.11955	-29.8444	285.958	0	
7.93017	-34.2766	289.807	0	
10.5124	-25.8939	222.697	0	
8.84927	-29.5647	262.629	0	
11.711	-29.3451	235.804	0	
13.0001	-33.0706	247.2	0	
-136.916	-24.6438	1087.19	0	
-127.362	-33.8265	1157.14	0	
-110.358	-26.3615	1074.33	0	
-98.7251	-26.1148	1033.1	0	
76.4403	-18.3943	168.832	0	
86.8317	-20.7842	229.563	0	
115.952	-25.6295	162.216	0	
123.392	-26.7283	158.543	0	
-56.5205	-26.3027	365.02	0	
-54.5285	-24.8307	338.018	0	
24.8446	-38.2852	155.141	0	
28.0045	-32.8901	130.62	0	
31.5682	-32.4501	105.519	0	
35.2802	-28.0402	84.0357	0	
-71.7142	-41.8935	747.235	0	
-67.7648	-39.2428	650.711	0	
-143.488	-36.6021	1072.17	0	
-141.118	-39.4306	1083.17	0	
64.1117	-20.7109	31.9209	0	
64.7039	-24.8233	24.9338	0	
61.3065	-20.7535	24.0581	0	
60.9477	-24.6091	18.2678	0	
68.3449	-27.9551	35.4058	0	
76.5415	-26.8867	114.286	0	
76.7667	-25.0555	124.66	0	
81.7059	-22.4136	203.451	0	
70.2794	-29.0074	44.8912	0	
80.7199	-34.6988	122.924	0	
151.543	-23.6033	175.357	0	
153.198	-28.9503	176.535	0	
-82.2984	-39.2348	894.637	0	
-74.2985	-37.7087	737.534	0	
-128.684	-30.6709	1151.01	0	
-130.591	-31.2185	1151.53	0	
-111.16	-37.0788	1136.9	0	
-105.42	-36.8791	1119.08	0	
138.973	-35.9991	162.886	0	
146.332	-22.0793	176.688	0	
-9.94918	-41.1183	527.839	0	
-0.0475371	-43.8859	424.18	0	
-5.95019	-32.2109	443.906	0	
-7.58891	-34.3907	483.591	0	
-115.257	-33.1234	1151.28	0	
-102.294	-36.3649	1101.74	0	
82.527	-17.6738	231.326	0	
81.7902	-14.1304	233.074	0	
119.457	-31.5029	161.722	0	
120.839	-27.0874	158.083	0	
-57.307	-28.3226	389.892	0	
-56.0547	-31.5945	431.85	0	
-49.9051	-26.5027	382.287	0	
-49.2566	-18.8726	347.485	0	
27.8159	-34.468	136.391	0	
42.4424	-38.3452	38.5935	0	
118.34	-32.201	164.548	0	
122.379	-34.5568	162.378	0	
-57.0325	-35.1323	477.648	0	
-48.6746	-34.4121	477.164	0	
-48.4014	-28.9598	407.105	0	
-45.4756	-28.7155	456.601	0	
116.151	-35.2976	171.975	0	
116.366	-41.3121	180.967	0	
122.23	-37.2569	167.223	0	
122.444	-32.2662	160.206	0	
-50.462	-31.507	447.482	0	
-50.1598	-37.0863	528.483	0	
-40.3699	-30.4348	558.462	0	
-33.0258	-20.0253	650.813	0	
122.593	-40.9491	173.379	0	
125.043	-41.6123	172.837	0	
-37.4218	-19.6649	561.435	0	
-26.987	-21.0524	686.803	0	
-42.2555	-25.6551	490.091	0	
-35.4355	-23.145	616.313	0	
-36.4541	-25.1028	603.19	0	
-30.785	-25.3063	694.071	0	
49.4477	-28.8266	18.5869	0	
57.5696	-25.9105	14.3943	0	
42.6181	-21.3248	55.2982	0	
41.0608	-20.1934	72.2288	0	
39.9121	-23.4567	66.6285	0	
40.8385	-21.4413	66.5657	0	
98.3222	-26.2378	207.186	0	
99.1145	-31.2535	208.705	0	
107.447	-25.8969	176.606	0	
110.555	-29.7437	175.226	0	
-98.4455	-32.5342	1066.3	0	
-94.2348	-34.7366	1033.41	0	
-87.2732	-26.3756	911.187	0	
-89.9356	-32.5373	993.623	0	
166.058	-19.7191	203.762	0	
164.713	-17.0602	196.532	0	
170.077	-21.5982	222.788	0	
175.148	-17.7208	242.998	0	
177.403	-15.7509	253.094	0	
179.104	-11.0739	255.086	0	
126.589	-37.5714	163.735	0	
138.002	-37.6068	166.429	0	
2.7818	-33.4937	334.436	0	
6.40932	-39.8043	334.455	0	
29.7552	-48.0178	128.516	0	
33.7281	-44.1393	90.5012	0	
-77.2665	-38.0623	815.214	0	
-72.8991	-49.4009	810.995	0	
59.0317	-24.1335	16.6487	0	
63.782	-22.55	26.4804	0	
54.4091	-23.7719	16.0023	0	
56.7665	-31.7179	14.4174	0	
53.3737	-30.8885	14.8	0	
59.8762	-31.4339	16.2693	0	
61.9298	-31.5691	18.806	0	
68.2416	-34.8529	36.4379	0	
138.869	-39.174	169.047	0	
149.383	-28.8883	168.785	0	
27.646	-38.0059	134.418	0	
39.4902	-41.9749	56.978	0	
-45.8143	-44.5073	625.723	0	
-37.7167	-36.7729	635.633	0	
-36.4127	-31.8745	635.249	0	
-36.2609	-28.4645	625.144	0	
119.962	-42.0664	178.105	0	
120.824	-42.9344	178.46	0	
126.504	-47.5682	186.042	0	
128.178	-37.9725	164.776	0	
42.9906	-35.273	35.6713	0	
54.7707	-34.8135	16.2936	0	
-101.153	-33.475	1097.79	0	
-100.848	-38.1177	1101.8	0	
-103.278	-29.4033	1090.04	0	
-107.011	-34.3091	1124.07	0	
-102.943	-40.9727	1099.02	0	
-91.9596	-43.103	1031.97	0	
-108.665	-40.0873	1134.42	0	
-112.217	-46.479	1108.29	0	
-99.0469	-43.512	1069.32	0	
-98.3255	-47.9454	1054.79	0	
-92.4463	-37.2665	1035.85	0	
-89.7468	-35.6686	991.4	0	
-93.5773	-40.2988	1029.83	0	
-89.1019	-42.8348	981.926	0	
-82.2359	-33.4503	883.981	0	
-88.6774	-29.0959	952.11	0	
159.82	-24.8471	188.159	0	
162.793	-28.7178	201.07	0	
165.772	-25.4825	209.926	0	
176.118	-26.7719	252.983	0	
174.466	-22.7142	242.819	0	
181.667	-22.6963	270.573	0	
-64.3527	-42.5968	654.782	0	
-61.0972	-40.0045	620.13	0	
29.2493	-42.0441	119.052	0	
28.5884	-44.9986	132.278	0	
-42.6123	-36.4313	574.791	0	
-18.2527	-43.8677	622.479	0	
118.672	-38.7127	174.405	0	
116.241	-45.307	186.166	0	
105.841	-58.579	192.608	0	
120.548	-53.2751	196.37	0	
118.828	-45.7187	184.177	0	
118.336	-49.2107	192.225	0	
118.165	-52.3432	193.23	0	
122.652	-50.8342	191.08	0	
114.253	-50.7325	193.398	0	
115.741	-59.1967	201.08	0	
127.572	-51.5127	194.998	0	
124.358	-44.5812	180.506	0	
125.036	-56.557	204.365	0	
132.9	-45.2758	176.997	0	
131.331	-49.8207	187.703	0	
128.563	-46.3488	179.194	0	
136.78	-51.9159	197.219	0	
142.88	-44.2198	184.222	0	
131.271	-47.3562	186.042	0	
135.255	-44.4888	178.817	0	
136.069	-41.5177	171.781	0	
131.267	-43.008	176.037	0	
-109.984	-34.3546	1136.24	0	
-116.946	-40.4487	1146.12	0	
-93.2208	-53.3345	989.056	0	
-84.4564	-40.7869	940.504	0	
164.009	-32.984	214.577	0	
172.055	-26.0878	235.191	0	
177.146	-27.424	256.358	0	
180.144	-13.8484	263.592	0	
30.6031	-46.6225	117.861	0	
42.6233	-52.7074	68.7268	0	
-110.953	-31.4865	1130.68	0	
-109.43	-42.7831	1122.35	0	
-112.91	-42.2257	1132.92	0	
-113.586	-44.2097	1124.05	0	
-77.2399	-50.9485	854.506	0	
-77.832	-42.388	843.255	0	
-83.5695	-44.931	924.466	0	
-74.0356	-43.7624	802.851	0	
157.084	-41.0977	210.48	0	
177.289	-32.0551	261.767	0	
183.138	-28.1063	277.756	0	
182.777	-25.3439	275.947	0	
178.691	-20.7575	258.785	0	
178.592	-22.073	258.909	0	
21.8617	-40.7709	190.275	0	
26.7281	-53.2933	163.422	0	
32.4246	-49.9604	114.257	0	
32.976	-52.168	115.257	0	
-115.337	-36.0664	1149.24	0	
-121.47	-40.9618	1145.52	0	
-80.1242	-46.0088	875.711	0	
-79.4533	-55.9148	884.719	0	
183.016	-33.6742	280.303	0	
187.022	-26.814	287.84	0	
-127.895	-38.8361	1147.66	0	
-111.892	-51.3773	1075.91	0	
180.062	-23.0947	265.14	0	
190.525	-29.317	297.887	0	
193.74	-22.8095	304.899	0	
188.688	-20.8258	291.988	0	
42.0949	-33.9328	37.3968	0	
42.6781	-27.7039	37.9236	0	
40.5488	-34.3506	45.1665	0	
46.0327	-34.7882	26.7511	0	
38.2925	-39.2566	58.7545	0	
43.0338	-44.4869	47.3719	0	
35.0527	-47.0617	87.4656	0	
56.2014	-38.7049	19.8539	0	
10.0523	-44.535	321.92	0	
24.8436	-49.7114	167.453	0	
-29.0066	-29.3246	699.32	0	
-28.8681	-34.5929	685.518	0	
-154.63	-36.5865	956.285	0	
-138.441	-51.5123	1032.5	0	
81.5148	-39.3259	117.142	0	
92.9094	-32.4066	215.928	0	
-132.043	-29.7677	1141.99	0	
-129.544	-36.8531	1145.98	0	
-61.0972	-31.4786	472.595	0	
-57.6825	-43.2291	632.999	0	
57.3715	-33.957	15.655	0	
69.1104	-33.6782	39.0948	0	
51.5723	-35.9996	18.0939	0	
49.1839	-39.6331	25.5003	0	
64.1504	-35.5451	24.2499	0	
61.9418	-38.6351	22.9977	0	
140.083	-46.1115	185.536	0	
138.061	-34.345	162.131	0	
148.967	-41.7987	186.393	0	
143.567	-37.6966	171.492	0	
-36.1363	-46.0194	661.657	0	
-37.4953	-39.6841	640.798	0	
52.3751	-29.9406	15.3353	0	
51.6313	-29.6412	15.4483	0	
47.4793	-43.6719	35.2968	0	
56.6071	-36.1198	17.2948	0	
-43.376	-39.4257	598.877	0	
-33.6191	-42.7005	660.559	0	
-48.513	-40.3919	562.332	0	
-39.8591	-44.7044	646.469	0	
-40.462	-41.1961	635.883	0	
-42.4782	-46.2026	648.931	0	
-51.4174	-42.756	598.719	0	
-48.1453	-47.2437	642.704	0	
-42.0751	-54.6512	663.246	0	
-34.8879	-52.8089	649.789	0	
-54.6856	-41.142	564.828	0	
-46.4916	-53.4034	666.845	0	
-57.9061	-47.9031	664.18	0	
-64.0012	-47.658	704.905	0	
114.375	-47.2539	189.917	0	
105.976	-47.8922	194.622	0	
136.712	-67.7837	227.568	0	
119.041	-59.1499	202.139	0	
19.5451	-43.4261	225.408	0	
11.5027	-46.8997	292.121	0	
27.1957	-57.8622	169.03	0	
28.6496	-60.4822	161.406	0	
-76.5807	-61.428	858.215	0	
-59.3873	-57.0764	729.467	0	
43.7774	-30.3128	31.146	0	
45.0519	-35.9022	29.5152	0	
49.4001	-37.3278	22.7313	0	
47.6584	-32.857	22.3211	0	
6.88322	-37.9842	329.786	0	
10.9419	-35.3494	272.405	0	
-131.001	-33.3018	1149.42	0	
-137.704	-34.538	1118.75	0	
69.2725	-47.6234	53.4162	0	
74.915	-36.4433	70.1389	0	
139.041	-48.0056	189.897	0	
139.8	-49.8887	195.63	0	
46.7634	-45.51	39.3228	0	
52.9713	-43.6361	27.8167	0	
-25.2369	-60.6335	593.696	0	
-32.4803	-48.7931	655.6	0	
3.52181	-39.4065	363.102	0	
-4.32371	-40.6851	458.83	0	
142.085	-53.6131	207.23	0	
159.766	-47.6859	225.895	0	
43.6172	-47.8898	53.3227	0	
53.3152	-45.1758	31.4858	0	
47.4226	-49.3868	48.6239	0	
58.9678	-41.5408	23.8679	0	
-5.23067	-37.6809	457.702	0	
-3.67785	-43.7135	462.365	0	
135.84	-61.0865	215.967	0	
130.208	-64.0804	213.414	0	
150.828	-53.8508	223.484	0	
154.269	-60.0704	237.291	0	
50.8047	-52.9	51.0895	0	
61.484	-42.8419	29.4668	0	
56.5406	-48.4919	38.2806	0	
60.2454	-50.97	44.4864	0	
-15.7039	-45.4983	583.33	0	
-4.01181	-45.6298	464.658	0	
-5.60484	-54.7801	467.472	0	
9.11602	-58.0746	326.979	0	
70.6968	-55.5855	73.564	0	
61.6773	-47.6695	37.0116	0	
-25.0196	-41.3049	663.33	0	
-30.3378	-47.393	655.748	0	
-10.9368	-43.7534	548.317	0	
-11.7382	-51.5848	533.292	0	
-4.54752	-52.9255	459.127	0	
-8.53843	-48.5318	508.881	0	
-17.5423	-59.374	554.579	0	
-10.1532	-62.4996	498.227	0	
84.5602	-27.2775	208.683	0	
92.2136	-28.1379	225.833	0	
102.201	-39.1343	200.045	0	
113.808	-39.3564	182.774	0	
-113.445	-56.8737	1028.46	0	
-112.199	-61.8958	991.292	0	
-32.5567	-32.3525	668.561	0	
-30.0377	-37.0348	691.413	0	
-135.152	-40.849	1111.14	0	
-120.952	-45.9436	1120.68	0	
188.719	-34.5287	293.169	0	
193.373	-37.1537	301.532	0	
125.81	-67.0325	220.326	0	
139.096	-56.125	210.208	0	
17.0238	-67.6454	264.095	0	
44.9636	-66.9487	107.295	0	
-140.669	-41.2124	1070.61	0	
-124.814	-52.293	1063.66	0	
-43.0626	-62.2549	667.345	0	
-40.0427	-65.9927	635.497	0	
-16.4098	-53.8334	558.57	0	
-20.2481	-49.7088	611.028	0	
34.9118	-56.1169	114.774	0	
37.1715	-60.2002	117.38	0	
49.0705	-58.43	70.5373	0	
62.3858	-55.0108	58.1228	0	
70.5641	-57.9471	82.3299	0	
72.8415	-49.6464	72.9216	0	
68.2822	-49.8163	54.7497	0	
74.9482	-54.7857	88.7975	0	
98.9746	-41.7054	197.764	0	
105.732	-55.463	193.737	0	
106.234	-32.1053	191.006	0	
106.525	-37.3489	194.507	0	
-114.422	-49.8808	1090.05	0	
-116.683	-55.3142	1051.32	0	
-22.6732	-41.4322	651.707	0	
-26.4815	-43.5436	663.276	0	
136.683	-71.738	234.591	0	
138.764	-61.8333	221.747	0	
-148.026	-45.6696	971.525	0	
-151.534	-39.1992	972.305	0	
-135.353	-48.5665	1051.28	0	
-136.197	-60.2923	931.956	0	
-48.8586	-62.2263	669.869	0	
-51.9402	-66.1256	691.847	0	
28.7467	-66.544	179.45	0	
45.2659	-72.6698	130.016	0	
47.4049	-59.5498	79.3467	0	
60.8484	-75.3445	125.086	0	
99.0037	-53.4309	182.129	0	
74.6681	-38.1014	73.0326	0	
95.8865	-37.4186	202.295	0	
100.124	-50.0472	190.139	0	
91.854	-34.4839	203.893	0	
76.3067	-39.4224	79.9519	0	
115.359	-48.647	191.919	0	
107.833	-50.6868	194.722	0	
95.6498	-44.7931	187.312	0	
87.4643	-42.2413	160.524	0	
-36.6155	-72.4527	600.798	0	
-36.614	-76.3887	579.153	0	
44.6142	-62.0496	94.7601	0	
39.8345	-64.0005	115.217	0	
57.2545	-75.0731	121.31	0	
70.0088	-66.0288	100.607	0	
93.9159	-47.5446	172.221	0	
91.4712	-56.463	162.861	0	
32.4669	-67.9028	164.536	0	
37.5054	-73.6467	159.524	0	
166.184	-34.8986	221.007	0	
154.568	-41.6572	200.42	0	
175.653	-34.8465	256.558	0	
191.557	-34.3702	298.822	0	
1.5342	-49.2331	402.15	0	
12.2972	-64.237	300.682	0	
-58.0156	-64.6589	709.752	0	
-50.6906	-55.7431	691.018	0	
149.215	-72.5394	248.45	0	
172.239	-59.8118	269.997	0	
8.75941	-75.9378	317.07	0	
22.2174	-65.4869	224.88	0	
-28.8677	-64.3623	598.802	0	
-21.7744	-74.1429	505.744	0	
63.62	-62.9716	82.5436	0	
101.48	-61.4996	184.336	0	
137.164	-81.2162	247.606	0	
162.381	-64.9813	258.183	0	
54.6022	-82.1527	144.189	0	
65.0807	-71.8343	113.361	0	
172.616	-48.1761	262.013	0	
182.414	-51.7883	282.297	0	
64.5527	-68.3913	104.275	0	
74.8538	-84.8303	163.486	0	
170.964	-54.7479	267.302	0	
177.562	-58.701	280.076	0	
100.661	-81.3451	199.45	0	
72.0102	-70.4857	117.48	0	
178.455	-69.9309	283.478	0	
206.37	-55.3788	308.332	0	
187.007	-49.7197	290.679	0	
193.603	-57.2757	300.703	0	
109.18	-64.7073	199.839	0	
116.584	-65.2919	206.854	0	
79.5689	-65.0802	123.403	0	
80.3936	-61.762	121.204	0	
-67.4393	-70.9498	720.055	0	
-48.4309	-73.8049	628.878	0	
-63.2464	-90.137	615.901	0	
-58.0897	-77.7629	645.675	0	
-0.732808	-69.1595	391.299	0	
12.5575	-91.1907	297.297	0	
151.8	-81.5269	262.791	0	
155.338	-79.1689	263.306	0	
39.9031	-100.784	222.791	0	
85.919	-100.547	208.642	0	
99.4443	-64.5647	182.891	0	
111.103	-87.4335	225.76	0	
80.457	-71.4959	138.34	0	
107.903	-75.2987	203.522	0	
68.5829	-75.6232	129.107	0	
57.2553	-80.0699	142.09	0	
82.6725	-74.9604	155.344	0	
84.3796	-84.6326	179.058	0	
-80.8722	-67.2919	841.5	0	
-72.3959	-77.5693	746.689	0	
-96.8242	-57.7608	1003.32	0	
-93.136	-79.7484	786.656	0	
-14.3451	-85.3886	428.64	0	
8.35288	-79.5551	319.194	0	
-95.6006	-73.5897	840.257	0	
-86.8279	-65.1693	876.187	0	
-157.203	-85.8389	540.371	0	
-122.623	-71.4222	853.822	0	
-106.289	-89.0348	691.648	0	
-86.3379	-99.0597	594.881	0	
-111.336	-80.0501	784.995	0	
-113.908	-94.2939	642.979	0	
-69.1794	-119.298	466.403	0	
-61.7816	-98.1484	556.811	0	
-119	-66.3614	934.225	0	
-127.287	-81.5114	739.363	0	
-160.926	-30.0962	852.658	0	
-171.202	-55.3189	628.18	0	
25.7402	-87.1145	233.941	0	
32.386	-108.933	251.392	0	
123.045	-74.5347	225.592	0	
148.152	-88.4428	265.187	0	
221.147	-65.3519	310.544	0	
221.228	-40.9598	318.429	0	
170.239	-72.3409	275.365	0	
178.733	-99.3726	288.847	0	
144.453	-82.181	255.263	0	
164.155	-87.7966	277.767	0	
70.3547	-90.6488	174.767	0	
72.1656	-99.8337	201.488	0	
114.168	-95.3547	231.781	0	
128.939	-86.5541	240.25	0	
-17.2049	-97.1451	407.814	0	
-8.43938	-89.7387	393.386	0	
-175.689	-35.7187	593.194	0	
-177.898	-45.6117	581.648	0	
-181.202	-60.517	496.75	0	
-172.502	-64.6015	565.218	0	
9.21173	-104.116	301.722	0	
30.1492	-82.7307	217.665	0	
29.5362	-93.5158	239.323	0	
74.001	-123.275	241.995	0	
216.537	-56.6421	312.569	0	
131.729	-112.487	266.952	0	
152.695	-98.7376	271.688	0	
164.165	-92.4287	278.524	0	
171.86	-77.672	279.182	0	
88.0308	-103.664	221.174	0	
95.7706	-90.8368	206.738	0	
67.2873	-101.205	202.614	0	
62.5176	-111.751	224.593	0	
103.808	-98.6957	228.413	0	
116.691	-112.995	256.407	0	
-24.631	-112.209	392.641	0	
-24.0097	-101.101	425.471	0	
-195.544	-27.861	371.61	0	
-185.529	-54.0929	476.134	0	
-184.824	-50.0875	495.202	0	
-188.937	-75.0373	421.542	0	
-159.017	-97.6801	472.894	0	
-155.458	-67.594	691.458	0	
14.9278	-99.0556	288.037	0	
2.77143	-102.231	335.138	0	
143.185	-130.183	278.539	0	
152.411	-108.006	276.948	0	
87.7348	-116.25	237.887	0	
111.457	-109.552	244.628	0	
72.1295	-127.09	248.617	0	
96.4327	-114.987	242.39	0	
117.696	-121.329	258.747	0	
132.163	-120.728	267.338	0	
-7.52481	-74.7727	422.516	0	
-42.3369	-98.387	492.436	0	
-5.82255	-127.787	332.238	0	
-10.0724	-93.93	393.114	0	
-189.283	-25.3113	394.542	0	
-223.019	-46.8698	324.85	0	
-196.401	-44.7676	399.706	0	
-199.076	-55.5949	392.57	0	
48.0432	-125.898	253.73	0	
93.9597	-140.473	261.943	0	
103.899	-131.17	258.742	0	
112.878	-127.089	264.836	0	
119.609	-137.447	271.97	0	
103.857	-122.107	253.534	0	
97.6188	-137.44	260.005	0	
121.857	-148.388	275.24	0	
145.135	-142.547	281.083	0	
98.5064	-150.702	267.1	0	
107.731	-140.056	267.644	0	
106.877	-147.333	264.413	0	
132.001	-136.992	276.712	0	
129.645	-151.468	276.108	0	
82.154	-142.701	260.281	0	
155.305	-143.66	284.32	0	
152.978	-123.011	281.138	0	
140.968	-148.145	279.367	0	
115.418	-153.369	273.333	0	
143.813	-154.74	281.143	0	
182.161	-120.006	290.873	0	
174.668	-156.102	288.384	0	
151.696	-155.884	283.544	0	
183.73	-154.483	290.683	0	
-44.3369	-93.73	524.872	0	
-45.7572	-107.415	461.819	0	
-9.72091	-111.239	352.014	0	
24.868	-107.432	269.895	0	
-206.292	-30.8942	341.475	0	
-219.574	-21.9705	307.679	0	
179.633	-157.82	291.68	0	
-50.3299	-109.431	465.941	0	
-25.0991	-117.836	381.652	0	
-61.1176	-119.429	455.438	0	
-83.4654	-122.901	465.551	0	
-38.1374	-107.652	439.09	0	
-52.1956	-114.266	458.889	0	
210.814	-133.3	295.474	0	
-61.9782	-136.049	404.053	0	
-47.2382	-146.596	381.576	0	
-121.587	-88.6219	675.094	0	
-107.087	-79.9358	793.89	0	
-141.11	-64.9744	843.462	0	
-127.031	-115.437	475.047	0	
155.988	-105.196	277.007	0	
181.168	-109.906	290.296	0	
-186.7	-87.2872	406.495	0	
-163.651	-93.5722	476.561	0	
-149.709	-105.464	464.375	0	
-131.249	-91.4105	610.097	0	
52.6357	-143.629	266.731	0	
-32.3496	-146.144	361.521	0	
15.8652	-126.46	294.278	0	
-222.316	-61.1708	329.733	0	
-235.863	-66.3805	324.186	0	
-5.42671	-116.011	344.56	0	
8.09735	-123.584	307.005	0	
-228.077	-47.5167	319.05	0	
-229.416	-55.2331	322.206	0	
-238.527	-52.5318	316.567	0	
-231.893	-62.5853	323.346	0	
203.309	-158.197	293.746	0	
162.204	-127.054	284.117	0	
175.849	-111.085	289.513	0	
199.492	-119.125	295.194	0	
216.465	-100.371	299.873	0	
-196.425	-98.2501	360.981	0	
-189.957	-123.824	340.981	0	
-166.693	-105.345	421.723	0	
-155.495	-107.13	442.857	0	
46.1516	-139.522	268.393	0	
64.3195	-144.114	262.201	0	
187.77	-146.581	291.77	0	
191.586	-134.136	292.97	0	
-178.665	-129.488	350.881	0	
-157.448	-113.641	415.191	0	
193.454	-139.561	292.605	0	
200.98	-124.835	294.875	0	
-181.741	-121.655	353.073	0	
205.9	-126.19	295.381	0	
190.832	-113.444	293.762	0	
217.461	-122.599	296.885	0	
222.708	-124.739	296.958	0	
211.671	-139.305	294.93	0	
205.157	-70.8584	304.232	0	
227.529	-105.546	299.873	0	
-108.934	-126.568	426.927	0	
-103.246	-147.095	402.587	0	
-134.287	-129.906	408.146	0	
-110.948	-104.583	561.345	0	
-141.596	-126.716	407.639	0	
-113.839	-148.179	402.5	0	
-100.619	-135.573	423.061	0	
-219.316	-106.14	320.837	0	
-213.002	-107.06	331.149	0	
-207.561	-128.415	321.465	0	
224.142	-142.708	295.126	0	
-96.9463	-155.772	401.581	0	
-87.4302	-155.104	395.287	0	
-91.6688	-134.136	415.009	0	
-75.7725	-144.255	401.023	0	
-51.4414	-142.571	380.012	0	
11.1794	-138.468	304.183	0	
-37.2164	-136.005	374.679	0	
-49.0774	-154.986	371.801	0	
-202.944	-111.472	337.942	0	
-200.139	-153.065	317.563	0	
-181.297	-146.002	332.42	0	
-153.467	-0.610136	232.878	0	
-154.458	-1.32218	221.341	0	
-153.28	-0.311644	243.676	0	
-154.062	-0.121303	247.621	0	
-154.324	-0.272102	242.775	0	
-152.917	-0.165467	230.496	0	
-154.041	-0.721393	234.242	0	
-154.636	-0.150799	246.677	0	
-155.229	-0.462772	226.285	0	
-155.438	-0.894289	225.697	0	
-155.221	-1.26452	219.357	0	
-153.998	-1.85851	206.172	0	
-153.611	-1.21489	219.256	0	
-155.392	-1.64131	212.99	0	
-154.458	-1.68874	211.731	0	
-154.016	-2.27857	199.16	0	
-153.175	-2.29623	193.509	0	
33.7804	-1.71774	214.187	0	
34.0227	-1.03282	225.315	0	
33.8153	-2.01833	211.4	0	
34.2437	-1.75181	212.699	0	
33.6655	-2.24507	207.67	0	
34.0807	-2.47574	205.327	0	
34.6389	-2.02144	209.115	0	
34.5776	-1.19131	219.126	0	
33.3995	-2.22975	207.807	0	
33.2855	-2.96348	200.149	0	
34.2284	-2.6931	203.222	0	
34.6262	-2.47736	205.076	0	
33.2835	-1.98814	212.686	0	
32.872	-2.23484	208.05	0	
33.6894	-3.17184	199.396	0	
33.6776	-2.71173	202.818	0	
34.0955	-2.9274	201.546	0	
34.5007	-3.16699	201.129	0	
34.899	-2.47775	205.223	0	
34.915	-2.02249	208.425	0	
33.5146	-1.70287	217.664	0	
33.0109	-1.53493	218.693	0	
32.6079	-2.26294	205.259	0	
32.5822	-2.71589	199.457	0	
33.002	-2.95781	197.839	0	
33.0121	-3.47328	194.801	0	
33.8295	-3.38938	198.28	0	
34.2313	-3.16418	200.268	0	
34.6344	-3.40149	200.578	0	
35.0252	-3.18517	202.037	0	
35.0313	-2.71492	203.942	0	
35.4609	-2.49395	205.498	0	
35.0812	-1.78925	210.726	0	
34.5196	-1.75278	212.282	0	
32.86	-1.31965	224.122	0	
32.4636	-1.54597	218.456	0	
32.4655	-2.02744	209.782	0	
32.0444	-2.25432	204.671	0	
32.436	-2.96566	197.579	0	
32.8581	-3.21683	197.006	0	
32.979	-3.85017	194.166	0	
33.404	-4.17695	196.358	0	
33.7116	-3.62665	197.511	0	
34.0874	-3.86861	198.506	0	
34.4935	-3.63633	200.167	0	
34.9075	-3.88554	201.335	0	
35.2856	-3.1859	202.87	0	
35.3108	-2.72664	204.314	0	
35.7465	-2.50456	206.088	0	
35.7541	-2.03463	208.813	0	
32.8833	-1.0159	230.536	0	
32.5415	-0.781879	231.113	0	
32.197	-1.54816	215.258	0	
32.186	-2.02151	207.386	0	
31.7024	-2.25101	202.352	0	
31.8122	-3.61575	189.37	0	
31.9834	-2.75158	199.757	0	
32.075	-3.36041	192.827	0	
33.4421	-3.65988	195.954	0	
33.2774	-3.96494	194.933	0	
34.2198	-4.10741	199.124	0	
34.6302	-3.88221	200.12	0	
35.046	-4.12128	201.923	0	
35.7101	-3.94563	203.782	0	
35.4283	-3.41678	202.69	0	
35.8383	-3.23821	203.86	0	
35.8693	-2.76226	205.308	0	
36.2926	-2.49872	207.138	0	
35.8935	-1.79405	210.307	0	
35.2798	-1.35664	215.218	0	
32.0462	-1.32321	219.416	0	
31.1504	-1.29752	216.491	0	
31.7308	-1.75736	209.667	0	
31.1555	-1.97467	204.812	0	
31.6631	-2.59684	198.98	0	
30.578	-2.88284	193.653	0	
31.5658	-4.47136	186.691	0	
32.6379	-3.89061	191.392	0	
32.8306	-4.74855	193.745	0	
34.099	-4.37959	199.252	0	
33.8238	-4.38604	197.697	0	
35.0182	-4.65187	203.657	0	
34.9032	-4.3819	202.901	0	
35.267	-4.65589	204.953	0	
35.3043	-3.65422	202.52	0	
35.4536	-3.93064	202.824	0	
36.0851	-3.73548	204.414	0	
36.1417	-2.75619	205.814	0	
36.7722	-2.75828	206.986	0	
36.5827	-2.03056	211.347	0	
36.3041	-2.03596	210.08	0	
35.8777	-0.962736	216.029	0	
35.3594	-1.79257	210.474	0	
35.4999	-1.55488	211.434	0	
32.0985	-0.999007	223.581	0	
31.8126	-0.859699	224.289	0	
31.7347	-1.45292	216.22	0	
30.9539	-2.2678	200.341	0	
33.4298	-5.7223	201.706	0	
33.3093	-4.57721	195.444	0	
33.604	-4.6978	198.395	0	
34.3439	-4.90218	201.833	0	
34.3548	-4.55541	201.084	0	
34.6171	-5.09583	204.227	0	
35.3916	-4.92765	206.17	0	
35.6602	-4.80089	206.313	0	
35.8298	-4.25486	204.432	0	
36.2471	-3.94988	204.934	0	
36.7797	-3.23623	205.73	0	
36.2784	-3.00094	205.42	0	
37.1009	-2.49062	209.346	0	
36.7105	-2.25421	209.508	0	
36.733	-1.75721	212.566	0	
36.1697	-1.79515	211.618	0	
36.4469	-1.60647	214.102	0	
36.4561	-0.87748	222.586	0	
35.2994	-5.18761	208.558	0	
36.2641	-5.67339	213.97	0	
36.364	-4.67792	207.407	0	
36.1225	-4.22015	205.323	0	
36.5087	-3.90587	205.22	0	
36.2509	-3.50096	204.646	0	
36.7076	-4.02851	205.58	0	
36.9162	-3.90048	205.742	0	
36.702	-4.27232	206.303	0	
36.9088	-4.39801	206.494	0	
37.3292	-3.89182	205.741	0	
37.3145	-3.64387	205.535	0	
36.3784	-4.41995	206.082	0	
36.1407	-4.85227	207.952	0	
37.5277	-4.02762	205.397	0	
38.2673	-4.0454	203.68	0	
37.4585	-3.27082	206.138	0	
37.252	-3.1644	206.656	0	
37.5568	-4.75992	207.259	0	
37.1283	-4.76908	207.703	0	
37.6527	-3.15196	206.744	0	
37.663	-2.8919	207.747	0	
37.0385	-2.75262	208.17	0	
36.6354	-3.00511	206.316	0	
37.8606	-3.26496	205.937	0	
37.8871	-2.79367	208.236	0	
37.761	-3.51627	205.454	0	
38.312	-3.32444	204.6	0	
37.9472	-2.55752	210.285	0	
37.5416	-2.29841	212.33	0	
38.2411	-3.56678	204.281	0	
37.9314	-3.66177	204.752	0	
38.5979	-3.29432	203.598	0	
38.6496	-2.85547	205.017	0	
37.3848	-2.52903	209.908	0	
37.4113	-2.0379	213.296	0	
37.1325	-2.03174	213.243	0	
36.6054	-1.13438	218.561	0	
35.0383	-5.23299	206.511	0	
35.4464	-6.44182	216.763	0	
35.5579	-5.42456	209.77	0	
35.403	-5.69164	212.277	0	
36.2888	-5.12822	209.443	0	
36.6899	-4.78047	208.029	0	
37.3248	-4.39329	206.324	0	
38.0079	-4.07813	204.753	0	
38.0031	-5.01057	207.07	0	
37.7989	-4.31616	205.625	0	
38.2402	-2.58501	209.38	0	
38.2333	-2.08519	213.476	0	
38.3791	-4.28289	203.98	0	
38.7321	-3.99808	202.515	0	
38.0405	-4.65205	205.948	0	
38.7011	-4.71648	203.754	0	
38.9548	-3.92888	201.366	0	
38.7718	-3.05952	204.002	0	
39.1391	-4.09369	201.013	0	
39.2044	-3.5999	199.998	0	
38.9628	-3.64078	201.168	0	
39.333	-3.32793	199.572	0	
38.7989	-4.44368	203.049	0	
39.5924	-4.26697	199.72	0	
38.8192	-2.60718	207.748	0	
38.3797	-2.34526	212.043	0	
37.5583	-1.81162	217.385	0	
37.0144	-1.75875	215.024	0	
34.8817	-4.96902	205.529	0	
34.5872	-5.45691	207.425	0	
36.104	-5.38458	209.934	0	
36.8626	-5.51619	211.543	0	
37.1339	-5.02452	209.211	0	
37.5509	-5.08707	208.532	0	
38.3745	-1.84253	218.131	0	
37.9732	-1.59676	220.518	0	
37.7744	-5.23414	208.858	0	
38.4434	-4.78136	205.366	0	
39.0061	-4.9778	204.223	0	
39.3712	-4.81692	201.811	0	
39.8842	-4.27387	198.698	0	
39.9959	-3.9777	197.788	0	
39.0772	-2.53794	204.941	0	
39.0715	-2.02197	211.209	0	
37.8353	-1.83955	217.891	0	
37.7518	-1.36794	222.818	0	
33.8433	-5.4796	203.593	0	
34.4153	-5.99654	211.55	0	
37.8178	-4.54847	205.982	0	
37.5251	-4.27536	205.898	0	
36.8113	-5.20143	210.539	0	
36.6515	-5.72699	213.298	0	
38.7942	-2.03073	213.768	0	
38.3989	-0.971615	228.674	0	
37.8458	-5.62582	210.627	0	
38.2435	-5.70454	209.725	0	
40.0548	-4.64139	199.93	0	
40.6593	-4.75604	199.843	0	
40.3663	-3.57325	196.139	0	
39.6901	-2.49295	201.755	0	
39.1637	-3.04413	201.676	0	
39.6174	-2.75079	200.003	0	
33.5117	-6.26964	208.51	0	
34.3444	-6.28802	213.019	0	
34.7527	-6.55705	215.221	0	
34.8197	-5.97041	211.5	0	
36.8073	-6.03673	215.15	0	
37.768	-6.48659	215.555	0	
39.5993	-1.59962	210.768	0	
39.3087	-1.15648	220.708	0	
38.8197	-1.5129	221.64	0	
38.8861	-1.03743	226.766	0	
39.704	-3.43177	198.046	0	
39.9929	-2.44584	200.177	0	
40.03	-2.16765	200.894	0	
39.4971	-2.24886	203.673	0	
34.7036	-6.95629	221.126	0	
35.65	-6.86665	221.597	0	
39.8527	-3.12793	197.503	0	
40.1742	-3.20258	195.729	0	
40.5421	-2.22803	196.946	0	
39.79	-1.78709	206.798	0	
40.5911	-1.39574	201.118	0	
40.1151	-1.64263	205.829	0	
40.585	-1.67065	203.601	0	
40.4019	-1.28551	208.776	0	
40.8509	-1.79617	197.816	0	
41.1541	-1.69674	203.868	0	
40.3008	-0.995404	205.65	0	
40.0402	-0.98045	213.788	0	
39.755	-0.886867	215.012	0	
39.5705	-1.09986	216.737	0	
39.133	-0.982244	223.004	0	
39.2727	-1.6874	214.359	0	
38.7145	-1.29703	223.396	0	
39.1669	-1.42753	217.456	0	
39.2	-0.724756	228.422	0	
38.6794	-0.812457	229.357	0	
39.7032	-0.642429	222.813	0	
39.1278	-0.150799	226.082	0	
39.4403	-0.559636	220.023	0	
39.9115	-0.34083	215.774	0	
30.9246	-1.6448	208.081	0	
30.1622	-1.71575	205.016	0	
36.7242	-0.529575	224.408	0	
36.2034	-0.411293	222.978	0	
37.3531	-5.90647	213.414	0	
37.1277	-6.18599	215.513	0	
41.0573	-4.4524	198.768	0	
40.4928	-4.15615	197.614	0	
40.7193	-3.55451	195.592	0	
40.7298	-2.70574	195.302	0	
36.492	-6.27854	217.347	0	
37.132	-6.52082	218.185	0	
40.2135	-2.61597	196.781	0	
41.2596	-2.78429	195.698	0	
41.4491	-4.69249	200.991	0	
41.768	-4.01561	199.682	0	
40.7911	-3.91036	196.701	0	
41.4605	-3.37515	196.699	0	
36.178	-6.05656	214.98	0	
36.095	-7.0027	222.92	0	
37.3958	-7.18745	220.705	0	
37.6623	-5.97029	213.507	0	
40.304	-2.92731	196.277	0	
40.647	-2.98532	195.468	0	
41.5814	-2.38177	197.893	0	
41.072	-2.28592	195.917	0	
41.1957	-3.1396	195.86	0	
42.386	-2.77634	201.532	0	
42.0913	-2.19716	201.496	0	
41.7076	-1.83424	202.433	0	
41.5521	-1.34026	209.133	0	
41.4287	-1.89247	199.075	0	
41.8102	-2.14518	200.413	0	
42.1374	-1.5416	207.445	0	
41.779	-3.22112	197.784	0	
42.1033	-3.78848	200.588	0	
42.3778	-3.20735	201.541	0	
42.0934	-3.41881	200.003	0	
34.1372	-0.732302	224.427	0	
33.4754	-0.894737	230.335	0	
34.4239	-0.611565	223.511	0	
34.0993	-0.150799	227.783	0	
34.6877	-0.865602	215.841	0	
35.0121	-0.374926	209.848	0	
31.6911	-5.60264	193.169	0	
32.4427	-4.33032	190.66	0	
30.5771	-2.2583	201.024	0	
30.5288	-1.82916	205.018	0	
38.8294	-6.17667	210.122	0	
38.9174	-5.34498	206.32	0	
41.3272	-5.25297	201.204	0	
42.4216	-4.99475	205.377	0	
41.8128	-4.49445	200.766	0	
42.177	-4.66143	203.226	0	
38.1604	-7.37295	218.533	0	
38.1205	-6.53211	214.479	0	
43.6718	-3.18965	208.539	0	
42.7272	-3.35062	203.844	0	
29.8722	-3.57418	189.809	0	
30.3927	-2.57197	196.594	0	
42.4483	-5.31618	205.838	0	
42.892	-4.56225	206.688	0	
43.1934	-4.36195	207.766	0	
43.5794	-4.56099	210.248	0	
31.3992	-3.6189	188.807	0	
31.1337	-3.35237	190.573	0	
30.6439	-3.53486	189.512	0	
31.0899	-2.93737	193.223	0	
30.4866	-3.90657	188.041	0	
31.4529	-4.9198	189.352	0	
30.741	-4.23679	186.425	0	
30.1901	-4.95117	186.865	0	
128.776	-1.73617	204.231	0	
129.023	-1.04282	195.274	0	
-113.527	-2.85774	196.574	0	
-113.495	-1.96002	190.687	0	
-114.29	-3.21519	198.158	0	
-112.36	-3.35375	203.232	0	
-17.4923	-2.70753	189.333	0	
-17.2448	-1.96002	200.22	0	
-17.9198	-3.21349	188.954	0	
-16.8435	-2.9067	184.825	0	
-17.7993	-3.84398	186.289	0	
-17.4568	-3.77171	185.078	0	
-16.481	-2.8427	186.501	0	
-16.5229	-2.24755	193.188	0	
-18.2099	-2.9412	197.913	0	
-18.688	-3.41405	199.509	0	
-17.9149	-4.19947	188.119	0	
-17.2554	-4.03948	182.261	0	
-18.4838	-4.64703	194.046	0	
-17.7751	-4.85217	189.352	0	
-16.8611	-3.97989	181.289	0	
-16.9799	-3.2906	182.756	0	
-17.0537	-4.67832	182.035	0	
-16.232	-3.11389	184.984	0	
-16.3272	-3.49374	181.109	0	
-15.3405	-2.20572	204.578	0	
-18.1225	-2.52349	197.23	0	
-18.9337	-2.45563	206.33	0	
-19.0726	-3.57247	197.697	0	
-19.0417	-4.6076	199.312	0	
-19.9838	-4.71048	207.855	0	
-18.5178	-5.42064	198.153	0	
-17.5419	-5.16935	186.653	0	
-17.1375	-5.08322	186.341	0	
-16.1263	-3.92159	182.756	0	
-15.0789	-3.88154	187.973	0	
-15.8481	-2.92341	189.229	0	
-15.0769	-2.51659	201.399	0	
-19.4099	-3.39558	207.404	0	
-19.7583	-3.63064	203.11	0	
-18.4983	-4.02901	193.52	0	
-18.9177	-3.97437	198.794	0	
-18.214	-5.76548	196.631	0	
-16.6931	-6.55995	195.4	0	
-16.195	-5.96117	188.812	0	
-16.5813	-4.56136	182.006	0	
-19.4006	-2.99358	204.604	0	
-20.0608	-2.91633	209.178	0	
-20.5208	-3.82013	206.057	0	
-20.5068	-4.25112	208.865	0	
-18.9908	-2.82219	209.184	0	
-19.3099	-2.13414	224.803	0	
-20.7945	-4.60573	208.441	0	
-20.2611	-5.06234	208.541	0	
-54.6507	-1.63282	182.828	0	
-60.8394	-0.243156	185.194	0	
-54.8449	-1.98286	182.158	0	
-53.4325	-1.79574	186.499	0	
-54.2247	-1.6745	184.64	0	
-55.1665	-2.05654	180.341	0	
-54.9485	-2.71715	187.897	0	
-53.1307	-1.7431	184.761	0	
-53.5366	-1.29464	182.602	0	
-53.697	-1.04669	178.917	0	
-54.0065	-1.4803	182.814	0	
-53.562	-0.765675	173.805	0	
-54.1708	-0.878884	175.189	0	
-55.3966	-1.80121	176.272	0	
-55.7729	-2.15509	178.143	0	
-56.08	-2.20812	177.81	0	
-55.9636	-2.71218	185.971	0	
-56.719	-1.78106	173.368	0	
-56.701	-2.27041	178.133	0	
-56.3757	-3.08742	191.355	0	
-55.1365	-3.55756	203.982	0	
-56.9789	-1.77928	175.926	0	
-56.9329	-2.82982	188.323	0	
-56.4421	-3.69977	206.319	0	
-55.4474	-3.86526	212.734	0	
-55.8111	-3.27809	197.256	0	
-55.8445	-3.71996	204.966	0	
-57.8705	-2.32293	183.919	0	
-57.1439	-2.57487	182.865	0	
-57.0427	-3.21204	192.957	0	
-56.5397	-3.37399	197.267	0	
-54.9408	-3.04252	196.226	0	
-54.6965	-3.59981	207.854	0	
-55.2365	-3.24531	198.444	0	
-54.4955	-4.01005	220.573	0	
-53.454	-3.67208	208.688	0	
-54.5812	-3.28265	200.636	0	
-53.3948	-3.32618	205.185	0	
-53.635	-2.80541	194.732	0	
-94.367	-1.64222	196.325	0	
-94.0237	-2.25246	193.33	0	
-94.619	-1.44894	190.986	0	
-94.8824	-1.99166	191.627	0	
-94.6489	-1.08573	198.732	0	
-94.9604	-0.83978	188.115	0	
-93.9359	-2.70625	191.584	0	
-93.2591	-2.46238	189.493	0	
1.87603	-1.64506	191.604	0	
2.1761	-2.2409	192.694	0	
1.57232	-1.38508	193.844	0	
1.08043	-2.10241	200.671	0	
0.978204	-2.77834	202.999	0	
1.64463	-2.16368	196.778	0	
1.23726	-3.0652	202.698	0	
1.50199	-2.49449	198.779	0	
1.23515	-3.44918	202.943	0	
1.90157	-3.20058	199.488	0	
2.26342	-2.59475	194.227	0	
2.76771	-2.33411	189.682	0	
0.871016	-3.61986	204.962	0	
0.881197	-4.08465	204.291	0	
2.17265	-3.10082	197.611	0	
1.70588	-2.74992	199.151	0	
2.41126	-3.21539	196.391	0	
2.52056	-2.65155	193.011	0	
2.43426	-3.46745	198.341	0	
2.8381	-3.11926	193.985	0	
2.17322	-3.64769	199.934	0	
2.20348	-3.947	200.568	0	
1.87914	-3.49539	200.764	0	
1.58415	-4.06634	202.739	0	
2.03557	-4.51627	202.246	0	
2.8016	-5.15379	202.157	0	
2.6461	-4.32311	201.022	0	
2.42808	-4.60993	201.879	0	
1.7872	-4.78033	202.971	0	
2.40178	-5.00729	202.353	0	
1.39821	-4.69626	203.279	0	
1.41751	-5.38614	202.658	0	
1.28334	-4.30891	204.07	0	
0.573178	-4.7158	203.976	0	
1.29132	-5.76005	201.888	0	
1.64503	-5.99258	201.426	0	
0.887178	-5.81933	201.611	0	
0.840777	-6.51739	199.31	0	
2.04144	-6.56266	199.881	0	
2.79626	-5.54009	202.249	0	
157.609	-0.400919	207.078	0	
158.167	-0.661991	193.328	0	
157.862	-1.10798	202.272	0	
158.755	-0.457992	184.876	0	
158.102	-0.303036	193.116	0	
158.463	-1.59127	188.647	0	
158.414	-0.170739	186.018	0	
159.364	-1.34789	176.223	0	
158.612	-0.816947	184.118	0	
-32.7879	-1.80436	177.898	0	
-31.9868	-2.15796	187.27	0	
-33.802	-1.79288	177.888	0	
-32.2763	-2.09887	182.343	0	
-32.7583	-3.03917	181.08	0	
-32.5031	-2.33267	180.12	0	
-31.7772	-2.42337	189.412	0	
-31.5767	-1.93789	192.301	0	
-31.8375	-2.73131	186.988	0	
-31.2693	-2.52011	195.657	0	
-31.3988	-1.74405	197.919	0	
-31.8888	-1.61541	191.379	0	
-31.002	-2.26326	198.575	0	
-31.0385	-1.24984	205.442	0	
-30.2993	-1.88658	208.74	0	
-30.8523	-1.51219	207.791	0	
-32.2738	-2.69969	183.234	0	
-31.7503	-3.33587	192.922	0	
-32.5771	-3.69435	191.599	0	
-32.0952	-3.3602	189.359	0	
-31.5598	-3.61799	198.545	0	
-31.2093	-3.56644	200.444	0	
-31.7088	-3.9236	200.521	0	
-31.4904	-4.21034	208.726	0	
-30.6463	-3.7674	207.09	0	
-30.5087	-3.43375	204.963	0	
-32.0472	-3.94613	199.509	0	
-32.1877	-4.26475	201.41	0	
-31.4214	-4.80224	221.545	0	
-31.0546	-4.74942	219.696	0	
-30.564	-4.34525	215.446	0	
-29.8946	-4.28898	215.812	0	
-29.8805	-3.04472	205.739	0	
-30.5445	-2.76669	202.362	0	
-32.2431	-3.66485	191.996	0	
-32.7862	-3.42797	184.058	0	
-32.6952	-4.68314	205.58	0	
-32.5015	-4.99446	222.56	0	
-33.1586	-3.4894	183.909	0	
-32.7103	-4.00904	194.766	0	
-33.1167	-4.1279	194.693	0	
-33.1874	-5.5243	230.717	0	
-33.3729	-3.11288	178.986	0	
-33.7848	-3.91283	188.571	0	
-32.7001	-5.43641	225.228	0	
-31.5827	-5.0871	224.614	0	
-33.9744	-2.715	178.822	0	
-33.1242	-2.77734	178.134	0	
-31.9213	-5.14343	227.3	0	
-31.3624	-5.39135	239.357	0	
-32.0226	-5.46155	233.605	0	
-31.494	-5.72276	242.438	0	
-31.0956	-6.06731	262.584	0	
-30.6088	-5.8759	245.288	0	
-32.4186	-5.65052	242.342	0	
-31.6895	-7.41565	312.829	0	
-32.4367	-6.07712	250.945	0	
-32.816	-6.42327	267.104	0	
-30.4978	-4.95166	228.3	0	
-30.345	-4.63842	221.337	0	
-30.3355	-5.23851	231.822	0	
-29.9787	-5.18962	232.914	0	
-34.5489	-2.50082	183.308	0	
-33.9604	-3.51337	183.657	0	
-34.5863	-4.2653	195.073	0	
-33.1229	-4.59287	207.441	0	
-30.6566	-5.49512	246.644	0	
-30.2535	-5.99325	258.357	0	
-30.1216	-6.4939	270.111	0	
-29.7095	-5.99679	258.312	0	
-30.2948	-6.86244	292.269	0	
-30.1025	-7.44151	305.827	0	
-29.758	-6.44904	266.894	0	
-29.3561	-6.56655	278.622	0	
-29.4634	-5.39009	236.429	0	
-28.9363	-4.30391	211.935	0	
-29.3017	-5.92778	252.695	0	
-28.5702	-4.97224	223.331	0	
-29.2632	-5.07667	232.069	0	
-28.9234	-5.16384	229.441	0	
-28.6298	-6.15574	251.567	0	
-28.8498	-5.54743	237.969	0	
-28.2837	-6.79917	279.247	0	
-27.8993	-5.95838	241.243	0	
-29.1704	-7.1572	294.241	0	
-27.5882	-6.5196	258.312	0	
-27.1923	-5.92964	235.845	0	
-28.5528	-4.60692	215.242	0	
-28.3218	-6.43025	261.805	0	
-27.7374	-7.0853	284.576	0	
-27.7293	-7.65063	305.763	0	
-28.6013	-9.27596	382.064	0	
-26.946	-6.98758	270.356	0	
-26.8194	-5.7102	230.387	0	
-26.8242	-6.6025	253.433	0	
-26.3926	-6.44015	248.11	0	
-102.788	-1.80436	190.8	0	
-101.987	-2.15796	179.415	0	
-103.802	-1.79479	193.015	0	
-102.276	-2.09887	183.616	0	
-102.805	-3.01265	174.675	0	
-102.501	-2.35621	180.089	0	
-101.777	-2.42337	177.824	0	
-101.577	-1.93789	181.009	0	
-101.864	-2.81558	173.934	0	
-101.269	-2.52011	177.97	0	
-101.399	-1.74405	183.263	0	
-101.889	-1.61541	184.866	0	
-100.994	-2.26489	177.58	0	
-101.039	-1.24984	189.874	0	
-100.287	-1.90571	183.6	0	
-100.844	-1.51382	185.373	0	
-102.471	-2.74348	176.441	0	
-101.316	-2.93075	174.374	0	
-101.927	-3.73173	175.776	0	
-101.715	-3.42897	174.179	0	
-101.679	-4.17248	176.839	0	
-101.222	-4.06756	179.667	0	
-102.304	-4.54436	180.157	0	
-101.006	-5.02004	195.275	0	
-100.773	-4.41192	183.084	0	
-100.041	-4.33954	187.278	0	
-104.42	-2.76232	176.357	0	
-103.139	-2.84284	176.981	0	
-102.741	-3.38707	173.104	0	
-102.208	-2.96833	174.268	0	
-103.354	-3.57637	173.008	0	
-103.003	-3.67619	173.347	0	
-103.646	-4.29507	176.102	0	
-102.493	-4.13483	176.761	0	
-103.216	-4.42802	177.822	0	
-102.473	-5.43083	194.674	0	
89.7121	-1.80436	207.024	0	
90.5132	-2.15796	218.802	0	
89.6481	-2.22143	209.516	0	
90.2237	-2.09887	213.675	0	
88.5643	-2.71013	208.224	0	
90.2809	-3.50808	216.682	0	
90.7228	-2.42337	220.09	0	
90.9233	-1.93789	220.911	0	
90.6507	-2.76832	218.91	0	
91.2307	-2.52011	221.503	0	
91.1012	-1.74405	221.432	0	
90.6112	-1.61541	217.763	0	
91.5059	-2.26489	223.387	0	
91.4615	-1.24984	217.611	0	
92.2127	-1.90571	218.12	0	
91.6556	-1.51382	223.941	0	
90.2193	-2.78443	216.588	0	
90.7282	-3.5141	217.623	0	
90.0082	-3.12453	215.59	0	
89.538	-3.13179	212.998	0	
90.922	-3.86008	216.399	0	
91.5887	-3.74833	217.101	0	
-137.496	-2.69835	182.453	0	
-137.25	-1.96087	186.544	0	
-137.97	-3.22822	180.315	0	
-136.849	-2.89808	179.958	0	
-137.797	-3.84432	182.226	0	
-137.46	-3.77935	184.127	0	
-136.487	-2.84452	179.138	0	
-136.518	-2.25371	179.317	0	
-137.922	-4.20794	187.136	0	
-137.265	-4.04403	186.374	0	
-138.317	-4.32841	183.301	0	
-137.782	-4.8932	200.155	0	
-136.624	-4.28003	188.988	0	
-136.993	-3.28946	181.521	0	
-136.246	-3.12359	178.878	0	
-136.744	-3.60798	181.315	0	
-136.359	-3.49568	182.98	0	
-135.846	-2.95031	179.728	0	
-138.872	-3.9124	176.649	0	
-138.141	-4.92997	195.148	0	
-138.099	-5.68332	216.276	0	
-136.633	-5.42467	216.135	0	
-137.509	-5.27243	207.787	0	
-136.067	-5.19218	212.958	0	
-136.088	-3.81483	184.784	0	
-135.667	-3.71025	185.864	0	
-134.915	-2.64565	180.454	0	
-135.83	-2.53362	177.305	0	
-139.125	-4.8258	187.666	0	
-138.687	-5.30637	201.301	0	
-136.449	-6.38895	252.333	0	
-136.984	-5.07903	207.256	0	
-138.303	-5.2867	205.71	0	
-138.782	-4.90161	193.026	0	
-138.201	-6.47569	247.07	0	
-137.356	-6.16156	238.192	0	
-140.097	-4.64641	181.144	0	
-138.743	-5.76336	218.054	0	
-140.845	-7.64826	279.97	0	
-139.603	-5.7903	211.4	0	
-104.376	-1.62758	196.092	0	
-103.813	-2.37064	183.178	0	
-104.673	-1.42905	194.977	0	
-104.833	-1.98347	188.205	0	
-104.69	-1.06016	209.908	0	
-105.392	-1.31898	191.973	0	
-105.015	-2.20844	182.098	0	
-104.906	-2.4745	180.128	0	
-105.445	-1.89712	185.443	0	
-105.085	-2.69363	176.072	0	
-106.373	-2.00952	183.463	0	
-105.359	-2.64727	177.1	0	
-104.945	-3.07376	173.667	0	
-104.591	-3.14595	173.676	0	
-105.813	-2.32891	179.615	0	
-105.889	-2.8406	175.46	0	
-105.468	-3.19015	173.405	0	
-105.069	-3.67194	173.318	0	
-106.131	-3.06268	174.577	0	
-106.08	-3.4641	174.063	0	
-105.227	-1.60005	190.275	0	
-105.754	-1.4959	188.062	0	
-104.342	-3.60448	171.258	0	
-103.999	-2.71735	178.1	0	
-106.44	-2.96801	175.822	0	
-106.39	-3.61935	176.364	0	
-106.527	-2.68586	176.959	0	
-107.039	-2.98098	177.752	0	
-106.543	-4.00071	179.847	0	
-105.559	-4.08999	176.822	0	
-106.33	-2.47124	178.522	0	
-106.917	-2.39912	180.217	0	
-106.002	-2.53132	176.116	0	
-105.968	-2.05132	180.154	0	
-107.363	-3.17758	180.255	0	
-107.363	-3.51846	180.048	0	
-107.584	-3.7807	185.239	0	
-107.715	-4.39017	192.4	0	
-107.997	-3.50698	186.38	0	
-107.156	-4.23953	186.708	0	
-106.542	-4.75558	190.044	0	
-106.939	-3.95145	180.61	0	
-108.866	-3.70739	191.523	0	
-108.636	-5.05471	211.859	0	
-108.306	-4.86524	203.479	0	
-106.962	-4.6979	189.935	0	
-109.497	-4.1369	202.803	0	
-108.85	-4.65672	203.025	0	
-108.298	-4.48637	198.621	0	
-108.642	-4.31826	198.783	0	
-107.567	-5.6043	215.613	0	
-107.223	-4.95167	199.218	0	
-105.738	-3.53368	173.482	0	
-105.507	-3.79599	173.703	0	
-105.095	-4.35716	178.388	0	
-104.824	-3.8723	174.195	0	
-105.165	-4.72232	183.047	0	
-104.064	-5.02995	187.115	0	
-104.797	-4.26351	175.216	0	
-104.443	-4.31264	176.273	0	
-111.281	-4.40368	214.827	0	
-110.317	-4.88492	217.574	0	
-108.726	-5.51501	219.668	0	
-107.979	-5.40506	213.915	0	
-107.744	-6.1797	237.88	0	
-106.649	-6.10064	222.611	0	
-109.412	-5.60767	233.281	0	
-109.293	-6.72384	262.671	0	
-45.7174	-2.42668	186.338	0	
-46.1922	-3.05244	193.981	0	
-44.6915	-2.74449	198.391	0	
-45.0787	-2.13505	184.537	0	
-44.705	-3.422	208.799	0	
-43.8614	-2.6726	199.723	0	
-45.8254	-3.58718	209.043	0	
-45.3654	-2.94981	197.202	0	
-43.9672	-2.02108	190.355	0	
-44.6311	-2.20998	190.524	0	
-43.899	-3.98412	220.413	0	
-42.8829	-2.77368	198.443	0	
-44.0325	-3.11269	204.329	0	
-43.7446	-3.50657	212.979	0	
-46.4918	-3.93677	215.384	0	
-45.0701	-3.95031	219.427	0	
-34.3711	-1.62546	182.869	0	
-33.8135	-2.36644	175.074	0	
-34.6687	-1.42807	197.226	0	
-34.8203	-1.96978	186.215	0	
-34.6898	-1.06131	190.435	0	
-35.3775	-1.31117	196.834	0	
-35.0117	-2.19154	187.702	0	
-34.8653	-2.499	182.323	0	
-35.3097	-2.13838	189.424	0	
-35.5188	-2.3994	191.658	0	
-35.2108	-3.21292	190.445	0	
-34.3507	-2.79516	178.025	0	
-35.4105	-1.86461	193.382	0	
-35.9206	-2.06344	195.653	0	
-35.2066	-1.58375	192.366	0	
-35.7319	-1.49732	197.934	0	
-36.5024	-2.06499	200.336	0	
-36.021	-2.59431	195.285	0	
-36.8325	-2.28979	200.037	0	
-36.2952	-2.49074	196.23	0	
-37.0959	-2.18917	197.577	0	
-36.5176	-2.67281	197.548	0	
-37.0163	-2.7569	197.678	0	
-36.688	-3.18827	198.051	0	
-36.9679	-3.04172	196.869	0	
-36.3871	-3.66185	200.654	0	
-36.1962	-3.11543	196.097	0	
-35.4015	-2.67476	188.019	0	
-37.1354	-1.92222	200.517	0	
-37.6197	-2.21947	193.466	0	
-36.9133	-1.73477	202.589	0	
-37.3687	-1.48432	198.277	0	
-37.9088	-2.3282	192.197	0	
-37.6865	-3.50992	199.348	0	
-36.5438	-1.77692	203.91	0	
-36.8041	-1.27526	206.765	0	
-37.6841	-1.29293	193.77	0	
-37.9843	-1.42035	190.197	0	
-38.5003	-1.27907	182.872	0	
-38.3834	-1.75314	185.733	0	
-37.4733	-3.24381	196.967	0	
-36.733	-3.53262	197.803	0	
-36.0716	-3.42875	195.578	0	
-35.7515	-3.43655	193.573	0	
-38.1232	-1.87681	187.72	0	
-38.668	-2.34761	184.925	0	
-37.9034	-2.70759	192.498	0	
-38.268	-3.18639	194.527	0	
-37.0492	-3.61805	200.348	0	
-37.1737	-3.30473	198.144	0	
-35.4976	-3.79152	195.385	0	
-34.9522	-3.02375	183.433	0	
-38.2974	-4.16731	207.594	0	
-37.0877	-5.27662	228.574	0	
-35.667	-4.1769	202.711	0	
-34.9251	-4.71073	209.728	0	
-35.1774	-3.65931	190.287	0	
-34.4115	-3.43043	184.069	0	
-38.4637	-2.15086	186.879	0	
-38.1394	-2.1426	187.718	0	
-38.3022	-1.45141	180.995	0	
-39.0726	-1.3498	183.748	0	
-39.3611	-1.58597	179.551	0	
-38.8305	-1.7752	183.462	0	
-39.7018	-1.52561	185.536	0	
-40.3233	-1.9487	189.129	0	
-39.5364	-2.08625	185.275	0	
-38.5613	-2.64013	189.705	0	
-39.32	-2.34856	185.851	0	
-39.1474	-2.87812	191.495	0	
-39.0701	-3.56775	200.195	0	
-38.82	-2.89159	190.273	0	
-39.735	-2.69607	191.303	0	
-39.3099	-3.177	194.543	0	
-39.7936	-3.76521	203.913	0	
-37.7719	-4.77311	218.344	0	
-39.995	-2.52854	190.863	0	
-40.2049	-3.11468	196.301	0	
-38.3802	-3.76237	201.683	0	
-38.0696	-3.46371	197.271	0	
-39.8652	-2.18382	187.561	0	
-40.5518	-2.30811	193.8	0	
-40.5392	-3.39217	204.751	0	
-40.2355	-4.03152	211.274	0	
-40.9363	-2.21065	194.717	0	
-41.2239	-3.33318	205.128	0	
-40.8427	-1.68778	191.295	0	
-41.7279	-1.98502	195.688	0	
-40.7999	-2.87855	200.048	0	
-41.2658	-2.43303	197.614	0	
-41.4289	-3.68653	212.573	0	
-40.6275	-3.80168	208.483	0	
-41.7256	-2.31726	196.591	0	
-42.3194	-2.61771	197.944	0	
-40.875	-4.86043	229.076	0	
-38.7064	-4.52752	214.403	0	
-42.0212	-3.35664	209.625	0	
-41.8106	-4.55718	227.608	0	
-41.7827	-3.00258	202.32	0	
-41.9828	-2.63636	200.599	0	
-42.8487	-3.62127	215.801	0	
-42.1088	-4.1371	224.965	0	
-42.4519	-2.24313	195.75	0	
-43.3489	-2.22179	193.124	0	
-46.2358	-3.38433	204.529	0	
-46.9696	-3.17287	195.897	0	
-47.4098	-3.75248	213.106	0	
-46.6362	-4.27406	227.273	0	
-46.2569	-4.56988	232.157	0	
-46.0271	-3.9153	218.14	0	
-46.7395	-4.95882	246.216	0	
-45.3451	-5.34575	258.638	0	
-129.831	-2.40101	175.596	0	
-128.391	-2.99038	174.048	0	
-130.81	-2.97525	185.43	0	
-130.348	-3.88538	189.706	0	
-128.078	-2.83302	173.676	0	
-127.932	-1.9518	177.326	0	
-127.696	-2.90027	177.936	0	
-127.481	-2.66326	178.474	0	
-63.7891	-3.31954	195.241	0	
-64.2206	-3.09041	192.839	0	
-52.3268	-3.65243	216.856	0	
-51.4385	-3.21603	200.39	0	
-52.5564	-4.04145	220.703	0	
-51.9353	-4.04622	220.668	0	
-51.2389	-4.01284	221.064	0	
-51.246	-3.56305	209.38	0	
-51.1625	-0.210615	167.26	0	
-50.7159	-0.206266	161.201	0	
-50.7903	-0.418326	162.906	0	
-51.5887	-0.0907504	172.973	0	
-51.3755	-0.598479	168.96	0	
-50.6144	-0.605163	162.047	0	
-50.5076	-0.123729	160.489	0	
-51.5139	-0.428456	171.752	0	
-51.3971	-0.218829	167.778	0	
-51.8609	-0.630695	174.807	0	
-51.076	-1.04735	169.284	0	
-50.9985	-0.808829	165.874	0	
-50.145	-1.06012	166.623	0	
-50.0846	-0.618665	163.864	0	
-50.3513	-0.257263	159.71	0	
-49.9479	-0.349291	160.17	0	
-52.1408	-0.128218	190.348	0	
-52.0994	-0.657521	179.853	0	
-51.6374	-1.26242	174.774	0	
-51.2855	-1.05776	170.325	0	
-50.8841	-1.23417	168.003	0	
-50.7265	-0.817429	164.987	0	
-52.1767	-0.909415	179.688	0	
-51.7865	-1.07077	176.411	0	
-51.7291	-1.49095	177.983	0	
-51.3982	-1.74193	177.967	0	
-50.976	-1.48151	172.972	0	
-50.5426	-1.67003	172.856	0	
-52.4994	-0.853163	176.238	0	
-52.1172	-1.78493	182.401	0	
-52.1195	-1.32858	180.302	0	
-52.0193	-1.97822	182.72	0	
-51.3968	-2.22192	183.025	0	
-50.824	-1.69908	172.557	0	
-50.9316	-2.46001	184.567	0	
-50.9621	-1.99117	176.825	0	
-50.3954	-1.90816	173.986	0	
-50.1533	-1.76252	172.048	0	
-52.3842	-1.34754	179.449	0	
-52.6988	-1.58408	182.97	0	
-52.1311	-2.22187	186.198	0	
-51.8957	-2.33697	186.257	0	
-52.3406	-2.31012	188.118	0	
-52.3166	-2.55991	190.947	0	
-51.6503	-2.66298	191.389	0	
-51.2446	-2.44998	184.754	0	
-52.5282	-2.17047	187.581	0	
-52.7598	-2.30318	188.851	0	
-52.461	-2.93196	196.953	0	
-52.0214	-3.11269	197.452	0	
-51.6854	-2.89829	193.091	0	
-51.4491	-3.01527	195.591	0	
-52.3524	-1.78415	182.65	0	
-52.7168	-1.81253	184.536	0	
-53.4995	-2.06527	187.124	0	
-53.0879	-2.86605	195.872	0	
-52.6817	-3.01731	198.155	0	
-52.4272	-3.41989	203.341	0	
-51.9489	-2.90296	196.642	0	
-51.7472	-3.30877	203.096	0	
-51.207	-3.33341	201.312	0	
-50.9787	-3.19725	199.489	0	
-52.8733	-1.45209	182.577	0	
-52.9149	-1.90654	186.111	0	
-51.4606	-3.69881	210.175	0	
-51.029	-3.69048	211.262	0	
-50.5338	-3.26983	200.652	0	
-50.5569	-2.72589	186.323	0	
-52.5253	-1.94613	185.042	0	
-52.468	-1.54158	183.005	0	
-52.8755	-1.12923	178.683	0	
-53.2738	-1.30012	180.477	0	
-51.4513	-3.9393	219.621	0	
-51.0312	-3.89978	216.552	0	
-50.817	-4.02747	220.013	0	
-50.6002	-3.90437	215.256	0	
-51.6679	-4.12674	222.597	0	
-51.4871	-4.74466	242.952	0	
-50.9502	-4.31266	227.567	0	
-50.5558	-4.48562	230.349	0	
-50.196	-3.88464	215.079	0	
-50.1915	-3.63834	208.015	0	
-51.5032	-4.38169	232.227	0	
-51.0538	-4.89404	242.145	0	
-50.4299	-4.70503	241.538	0	
-50.2285	-4.57671	233.396	0	
-50.0011	-4.21043	224.61	0	
-49.3253	-3.83115	214.588	0	
-50.0336	-3.26708	198.909	0	
-50.3349	-3.14139	194.85	0	
-50.4644	-5.01355	247.523	0	
-50.2502	-5.17287	258.404	0	
-49.8634	-4.5515	234.674	0	
-49.8066	-4.33086	226.197	0	
-49.8336	-3.15785	195.719	0	
-49.8236	-2.90776	191.688	0	
-50.8274	-5.14556	259.671	0	
-50.5616	-5.76055	277.945	0	
-49.6644	-4.71459	238.702	0	
-49.5887	-4.27397	229.098	0	
-49.6323	-3.2803	198.478	0	
-49.6059	-2.81114	189.184	0	
-49.8466	-6.02524	284.139	0	
-49.6281	-5.21543	253.363	0	
-49.7733	-4.98194	249.439	0	
-49.1424	-4.8851	242.421	0	
-49.3417	-3.55198	204.338	0	
-49.9774	-4.0046	216.821	0	
-49.7929	-3.6449	205.88	0	
-49.1953	-3.33413	198.463	0	
-49.4573	-2.58516	184.441	0	
-49.936	-2.23693	179.39	0	
-49.5615	-4.03237	213.122	0	
-49.6152	-3.51466	204.244	0	
-48.9783	-3.26579	196.456	0	
-48.969	-3.01504	193.338	0	
-48.7834	-3.44347	201.802	0	
-48.5754	-3.32967	199.851	0	
-48.7681	-2.6625	188.411	0	
-48.957	-2.50284	184.031	0	
-48.7087	-3.76933	212.927	0	
-47.8401	-3.92345	215.092	0	
-48.1835	-3.21399	197.295	0	
-48.5965	-3.06917	194.543	0	
-48.4241	-2.92183	191.226	0	
-48.7528	-1.90009	179.232	0	
-49.1732	-2.1277	178.585	0	
-49.5957	-2.34135	180.146	0	
-47.9565	-3.27441	198.428	0	
-48.0567	-2.84528	191.754	0	
-47.9645	-3.68803	207.845	0	
-47.187	-2.97519	193.318	0	
-48.0835	-2.62369	186.998	0	
-48.5232	-2.66752	187.701	0	
-47.9006	-2.48636	186.161	0	
-48.2662	-2.14004	181.996	0	
-47.6565	-2.59798	187.228	0	
-47.5944	-2.14094	182.598	0	
-47.6586	-2.92765	192.588	0	
-47.2041	-2.54024	185.352	0	
-47.0794	-1.92546	180.279	0	
-47.8047	-1.60421	178.924	0	
-47.2103	-1.28741	178.914	0	
-47.5756	-1.60801	179.914	0	
-47.9435	-1.36023	178.981	0	
-48.5483	-1.55328	177.499	0	
-50.8245	-2.7231	187.412	0	
-50.3788	-2.40883	182.65	0	
-50.5035	-2.17205	179.561	0	
-50.0894	-2.46902	182.493	0	
-49.6878	-1.86122	175.464	0	
-49.6894	-1.33029	170.809	0	
-53.8533	-2.20318	189.169	0	
-53.9191	-2.59938	191.813	0	
-52.8529	-2.77671	195.443	0	
-53.1411	-3.21581	202.439	0	
-49.886	-5.56736	271.636	0	
-48.555	-5.60984	271.078	0	
-48.664	-4.97949	248.017	0	
-48.9714	-4.34485	225.455	0	
-48.4243	-3.90303	211.138	0	
-48.2847	-4.13809	221.201	0	
-49.1608	-1.88616	177.221	0	
-49.4745	-1.73695	174.729	0	
-48.9489	-1.7755	176.677	0	
-48.9506	-1.52991	175.961	0	
-48.7374	-2.14257	180.394	0	
-48.3478	-1.9067	180.563	0	
-48.75	-1.151	174.99	0	
-48.9606	-1.03075	171.87	0	
-48.4552	-2.26955	183.07	0	
-48.155	-1.76783	179.43	0	
-48.4737	-1.12583	175.173	0	
-48.8116	-0.32877	169.159	0	
-49.3108	-0.711562	168.388	0	
-49.1734	-1.17014	172.361	0	
-48.158	-1.50064	178.769	0	
-48.5523	-1.79373	178.255	0	
-47.558	-3.9814	217.74	0	
-47.5412	-3.50745	203.218	0	
-47.7816	-4.38982	229.351	0	
-47.0821	-4.1622	224.033	0	
-47.9029	-1.11919	177.988	0	
-48.3408	-0.883911	174.696	0	
-49.4506	-1.12027	169.789	0	
-49.9639	-0.861392	164.227	0	
-53.669	-3.15896	199.705	0	
-53.1248	-3.76066	212.781	0	
-48.3934	-4.38654	228.461	0	
-47.8901	-4.63296	234.41	0	
-48.5035	-0.6284	171.021	0	
-48.2996	-0.336274	171.681	0	
-47.2242	-5.18074	252.53	0	
-46.8612	-4.35442	226.284	0	
-47.2701	-4.3972	228.332	0	
-47.178	-4.65827	234.014	0	
-47.6781	-1.03602	178.564	0	
-47.6389	-0.797333	179.896	0	
-48.677	-4.47788	233.013	0	
-48.829	-4.79814	239.691	0	
-47.2927	-4.89731	246.781	0	
-47.9573	-0.377083	171.935	0	
-46.9366	-5.2599	258.35	0	
-47.4895	-1.28084	177.883	0	
-47.4141	-0.719809	180.052	0	
-47.4276	-0.402022	189.498	0	
-47.7401	-0.186264	168.454	0	
-48.8001	-5.35638	260.273	0	
-48.1995	-5.52129	263.44	0	
-47.6374	-4.89908	247.395	0	
-47.9096	-5.86304	277.897	0	
-47.2057	-5.9199	277.065	0	
-46.1181	-5.3813	260.806	0	
-47.764	-5.16804	251.363	0	
-48.1353	-5.1746	256.933	0	
-49.1584	-5.92584	281.48	0	
-48.761	-6.07168	279.361	0	
-53.9536	-3.35725	203.741	0	
-53.7912	-3.70694	210.928	0	
-48.0285	-6.22696	291.836	0	
-47.1521	-6.27928	286.227	0	
-48.5243	-6.34705	299.649	0	
-47.8032	-6.84446	312.924	0	
126.002	-1.42999	186.106	0	
126.367	-1.48335	186.136	0	
125.482	-1.57027	177.791	0	
126.732	-2.24507	189.553	0	
126.955	-1.71412	191.052	0	
126.618	-1.16044	189.932	0	
-70.4265	-3.1527	184.656	0	
-70.9693	-3.63514	185.849	0	
-71.2977	-3.81674	190.614	0	
-70.2972	-3.55716	187.87	0	
-70.9019	-4.37099	199.015	0	
-70.6076	-3.79232	190.714	0	
-142.265	-1.73695	191.832	0	
-142.299	-1.30793	199.118	0	
-143.68	-0.23934	212.367	0	
-143.34	-0.540497	211.951	0	
-143.267	-0.757493	211.641	0	
-143.992	-0.139791	212.208	0	
-144.019	-0.604119	212.113	0	
-142.885	-0.791384	212.065	0	
-143.206	-0.300037	211.597	0	
-144.194	-0.895844	211.084	0	
-144.163	-0.323284	211.81	0	
-144.171	-1.40145	203.688	0	
-143.449	-0.938642	209.829	0	
-143.449	-1.64298	199.205	0	
-143.691	-0.902932	211.32	0	
-143.484	-1.39436	204.569	0	
-143.071	-1.15582	206.749	0	
-143.323	-1.18992	207.993	0	
-142.558	-0.768333	212.783	0	
-141.945	-0.57867	215.184	0	
-143.76	-1.32794	205.568	0	
-143.84	-1.08779	208.745	0	
-144.675	-1.51563	200.975	0	
-144.101	-1.85716	197.123	0	
-144.866	-1.84763	197.142	0	
-144.343	-1.77858	197.891	0	
-143.944	-2.10144	191.621	0	
-143.436	-2.08731	190.975	0	
-143.692	-1.7897	196.775	0	
-143.688	-2.05761	194.288	0	
-142.685	-0.918982	208.348	0	
-142.661	-0.552408	213.641	0	
-142.623	-1.22395	204.051	0	
-141.867	-0.891253	211.934	0	
-142.575	-0.309047	216.271	0	
-142.796	-0.112161	207.829	0	
-142.327	-0.785057	211.452	0	
-142.132	-1.01969	207.989	0	
-142.161	-0.118933	223.811	0	
-142.211	-0.575904	217.084	0	
-137.054	-1.64637	190.038	0	
-136.392	-1.96574	180.984	0	
-136.057	-1.86508	180.676	0	
-136.115	-1.56451	180.642	0	
-135.777	-1.9609	178.177	0	
-135.874	-1.42241	183.171	0	
-135.623	-2.27797	178.252	0	
-135.264	-1.876	178.811	0	
-135.896	-1.05291	181.599	0	
-136.511	-1.16548	185.983	0	
-134.993	-1.72846	181.69	0	
-135.293	-1.32533	183.821	0	
-134.775	-1.98599	180.986	0	
-134.295	-1.7942	185.48	0	
-133.946	-1.89793	187.076	0	
-133.867	-1.35969	190.506	0	
-133.747	-2.18906	187.672	0	
-133.433	-1.70832	193.114	0	
-133.735	-1.103	195.125	0	
-134.15	-1.31177	190.447	0	
-133.532	-0.887679	198.839	0	
-133.706	-0.659334	198.747	0	
-133.929	-2.48293	184.782	0	
-133.478	-2.88053	187.219	0	
-133.346	-3.3445	190.711	0	
-132.974	-3.44872	190.395	0	
-132.657	-2.54965	191.379	0	
-133.201	-2.33595	189.496	0	
-132.201	-2.8739	191.144	0	
-132.635	-2.05179	194.588	0	
-131.679	-2.63192	191.09	0	
-131.938	-2.27415	194.507	0	
-132.42	-3.15364	190.806	0	
-131.916	-3.48227	190.936	0	
-131.341	-2.64161	189.624	0	
-131.744	-2.01907	194.219	0	
-132.775	-3.09548	191.228	0	
-132.627	-3.69982	194.869	0	
-131.712	-3.87407	197.912	0	
-131.17	-2.93607	187.622	0	
-131.366	-3.22142	188.217	0	
-130.772	-2.3772	187.589	0	
-131.952	-4.24555	197.918	0	
-131.094	-5.38875	234.23	0	
-131.227	-3.5276	191.172	0	
-130.906	-3.56742	188.155	0	
-130.435	-2.03243	183.924	0	
-130.98	-1.73867	191.494	0	
-131.379	-3.89563	191.42	0	
-131.06	-4.11331	196.106	0	
-130.454	-4.68201	200.683	0	
-130.62	-2.69481	183.064	0	
-129.365	-3.96105	183.353	0	
-129.979	-3.23399	178.597	0	
-130.288	-3.51168	182.224	0	
-130.185	-2.74229	179.152	0	
-127.174	-0.800823	195.936	0	
-126.748	-0.779769	193.698	0	
132.318	-2.33089	203.902	0	
133.271	-1.3704	208.999	0	
133.484	-1.90337	208.381	0	
134.427	-2.06215	204.581	0	
133.336	-2.27704	206.697	0	
133.56	-2.59131	203.755	0	
132.996	-2.32248	205.007	0	
133.385	-2.91014	203.499	0	
132.779	-1.97512	205.408	0	
132.459	-2.64642	203.788	0	
132.202	-1.62079	199.107	0	
131.556	-1.83506	193.95	0	
131.917	-2.88733	205.706	0	
132.259	-2.92308	206.615	0	
133.741	-3.23035	200.529	0	
134.245	-3.18919	197.767	0	
131.184	-2.21634	201.248	0	
131.98	-2.29586	200.35	0	
131.302	-3.11636	209.536	0	
131.77	-3.62857	209.991	0	
132.368	-4.14178	209.099	0	
133.05	-3.75942	203.114	0	
130.614	-3.41467	214.785	0	
131.094	-3.95971	215.848	0	
131.66	-3.21213	209.906	0	
132.419	-3.301	206.181	0	
-125.411	-1.05834	214.467	0	
-125.846	-0.924675	204.782	0	
-123.778	-2.70269	178.234	0	
-123.731	-3.15207	176.822	0	
-122.663	-2.87824	172.685	0	
-122.985	-2.14443	180.39	0	
-122.464	-3.11066	170.803	0	
-121.925	-2.60286	175.377	0	
-122.736	-3.65868	170.015	0	
-122.044	-3.43051	168.91	0	
-122.756	-4.36297	173.89	0	
-122.259	-3.60687	169.543	0	
-122.545	-4.66544	178.588	0	
-122.138	-4.49912	172.704	0	
-121.747	-3.54125	168.737	0	
-121.898	-2.96434	171.02	0	
-121.684	-3.87543	168.106	0	
-121.086	-3.67603	168.124	0	
-122.616	-5.05398	183.993	0	
-121.635	-5.70396	195.129	0	
-122.039	-4.10531	170.829	0	
-121.479	-4.59496	175.105	0	
-120.749	-3.71154	169.188	0	
-120.618	-3.12701	170.677	0	
-122.327	-5.30748	189.396	0	
-122.349	-5.71687	197.519	0	
-121.586	-2.41752	175.779	0	
-121.93	-1.8773	184.649	0	
-121.354	-5.00453	179.151	0	
-120.607	-4.06023	170.452	0	
-121.202	-3.41261	169.187	0	
-120.993	-3.12424	170.071	0	
-120.838	-4.35017	172.092	0	
-120.089	-3.57125	170.231	0	
-121.138	-6.53941	223.094	0	
-120.918	-5.10637	180.352	0	
-122.704	-5.91552	208.323	0	
-122.109	-6.44275	221.77	0	
-120.647	-4.75554	177.507	0	
-120.136	-4.47872	175.119	0	
124.873	-2.92871	174.905	0	
125.84	-2.09573	179.566	0	
-118.989	-3.54385	175.484	0	
-118.035	-3.80431	182.494	0	
-119.198	-3.87136	175.32	0	
-119.038	-4.17084	177.878	0	
-87.9016	-3.01137	192.551	0	
-88.1181	-2.38323	194.976	0	
-87.7437	-3.30567	192.701	0	
-87.5189	-2.76901	192.297	0	
-87.8418	-3.59594	194.152	0	
-87.1129	-4.31476	200.314	0	
-88.1373	-3.62214	193.619	0	
-87.848	-4.47561	201.443	0	
-86.5473	-2.83581	190.687	0	
-87.1159	-3.41691	193.003	0	
-88.3185	-3.36459	192.628	0	
-88.5675	-3.86885	194.286	0	
-88.1809	-3.04408	192.601	0	
-88.796	-3.29421	190.51	0	
-88.7283	-4.09591	196.976	0	
-88.1866	-4.15288	197.444	0	
-89.34	-3.76455	191.149	0	
-88.8102	-4.59035	201.577	0	
-90.0646	-3.65304	188.326	0	
-89.6511	-4.81717	199.687	0	
-88.7375	-4.84348	204.915	0	
-88.4611	-4.87765	206.749	0	
-89.5285	-4.3003	195.099	0	
-89.5079	-4.58229	200.459	0	
-89.1792	-4.97721	205.087	0	
-88.5774	-5.85056	228.583	0	
-88.0889	-5.14567	212.06	0	
-87.8967	-4.94404	207.741	0	
-89.7593	-4.11375	192.262	0	
-89.925	-4.68621	200.953	0	
-88.8902	-5.60677	216.405	0	
-89.2466	-4.71256	201.466	0	
-88.5514	-5.32129	215.146	0	
-88.9273	-5.04414	207.451	0	
-88.0916	-5.5113	219.187	0	
-87.7953	-5.60537	218.562	0	
-87.4349	-4.77692	206.615	0	
-87.9378	-4.20202	198.455	0	
-89.7284	-3.78302	189.328	0	
-90.2489	-4.01456	189.104	0	
-89.4287	-5.10346	209.581	0	
-89.4608	-5.41466	214.507	0	
-89.0984	-6.46252	249.41	0	
-87.6652	-5.91811	231.583	0	
-86.8337	-5.62057	224.576	0	
-87.5193	-5.29153	217.055	0	
-87.1603	-4.83755	207.636	0	
-86.9883	-4.58959	204.186	0	
-87.5544	-4.51466	202.816	0	
-87.4951	-3.96686	197.037	0	
-87.248	-5.33689	215.693	0	
-86.7735	-5.13575	214.653	0	
-86.5621	-4.36822	201.065	0	
-86.9809	-3.97601	196.93	0	
-87.1238	-5.60288	224.103	0	
-86.6538	-5.38849	219.306	0	
-86.2124	-5.45181	223.342	0	
-85.6095	-5.25109	218.571	0	
-86.2663	-4.43715	203.608	0	
-86.4722	-3.81022	195.728	0	
-87.265	-5.87026	228.182	0	
-86.7925	-6.22107	237.556	0	
-86.2468	-4.93955	212.123	0	
-84.9806	-4.57457	202.697	0	
-84.4962	-5.50957	229.52	0	
-86.6531	-5.98914	230.771	0	
-86.2172	-5.89039	231.393	0	
-85.5274	-4.95887	211.351	0	
-85.3072	-3.64367	195.551	0	
-86.0313	-3.9833	196.753	0	
-87.6951	-6.38738	241.874	0	
-87.0902	-6.78721	253.287	0	
-86.0831	-4.7266	206.721	0	
-85.9768	-5.24413	213.947	0	
-86.79	-7.95918	294.253	0	
-86.7447	-6.6051	252.48	0	
-85.3003	-5.53838	226.863	0	
-84.0253	-5.25991	218.838	0	
-87.1152	-7.55686	282.165	0	
-86.501	-6.90166	261.476	0	
-85.8802	-6.20675	240.569	0	
-85.3611	-6.01689	235.798	0	
-85.1139	-4.8745	217.188	0	
-84.9377	-5.28212	218.359	0	
-87.3355	-2.5537	192.235	0	
-87.7906	-2.40654	193.741	0	
-87.0848	-2.63831	191.417	0	
-87.118	-2.11344	192.588	0	
-87.0346	-2.89017	191.64	0	
-86.7469	-3.01114	191.028	0	
-87.101	-1.76909	192.124	0	
-87.8673	-1.6408	198.629	0	
-87.3194	-2.99059	192.221	0	
-86.7513	-3.28667	192.535	0	
-87.369	-1.62127	196.521	0	
-87.4233	-1.23428	198.016	0	
-86.4885	-3.48013	193.169	0	
-86.1609	-3.38375	192.882	0	
-85.8618	-3.68193	195.044	0	
-85.5729	-3.50959	193.051	0	
-85.0517	-3.34679	193.958	0	
-85.272	-2.8537	190.611	0	
-84.6919	-3.56165	195.628	0	
-84.4226	-3.44842	195.756	0	
-84.7517	-3.9255	198.501	0	
-83.8084	-3.89465	202.174	0	
-84.0581	-2.71681	193.951	0	
-84.658	-2.86879	192.739	0	
-84.0499	-3.58071	196.593	0	
-84.149	-3.02429	194.833	0	
-83.7362	-2.61782	194.934	0	
-83.9451	-2.10777	194.585	0	
-83.4275	-3.89656	198.784	0	
-83.0517	-2.63206	194.846	0	
-83.5721	-3.20657	195.66	0	
-83.1274	-2.23483	195.992	0	
-89.9473	-5.43033	216.098	0	
-89.4386	-6.12901	227.199	0	
-88.5259	-7.32176	274.299	0	
-88.0548	-6.6063	248.377	0	
-88.035	-7.13374	265.402	0	
-87.3666	-8.44733	323.086	0	
-85.2945	-4.33756	205.625	0	
-84.5901	-4.29788	203.446	0	
-83.1863	-4.19482	205.573	0	
-83.4898	-2.85379	195.424	0	
-82.9582	-3.58244	197.948	0	
-82.2259	-3.41196	195.751	0	
-87.0134	-7.20446	274.31	0	
-86.8709	-8.30705	321.109	0	
-83.3105	-4.62755	208.619	0	
-82.5735	-4.64374	207.775	0	
-86.1061	-8.46017	327.931	0	
-86.4823	-7.68827	300.415	0	
-83.8661	-4.73088	212.176	0	
-83.5494	-5.64771	231.065	0	
-82.237	-4.82651	214.864	0	
-81.6845	-3.8939	196.43	0	
-87.5825	-7.54594	287.828	0	
-88.5268	-9.65943	383.209	0	
-85.7051	-8.92696	349.591	0	
-84.9984	-8.89788	342.605	0	
-82.2372	-5.27565	221.626	0	
-81.4741	-5.07916	215.045	0	
-88.8239	-8.30594	319.105	0	
-87.7141	-9.57072	385.84	0	
-86.7755	-9.06205	343.321	0	
-87.3175	-8.99166	351.17	0	
-83.0704	-5.3724	224.139	0	
-82.1147	-6.28813	247.559	0	
-92.6162	-3.76782	190.196	0	
-93.2799	-3.31348	190.818	0	
-92.9939	-4.97377	208.444	0	
-93.108	-4.24912	199.559	0	
-94.2745	-4.39449	204.22	0	
-93.5153	-4.85419	208.243	0	
-78.9489	-2.60168	182.606	0	
-79.7531	-1.96961	181.169	0	
-80.108	-2.39553	181.685	0	
-79.5946	-2.63402	181.619	0	
-80.5031	-2.5008	182.898	0	
-80.635	-2.83309	184.645	0	
-81.2046	-3.08142	188.61	0	
-80.4809	-3.36476	187.567	0	
-81.3804	-3.44941	191.606	0	
-80.7966	-3.3664	188.917	0	
-79.8618	-3.7857	192.641	0	
-80.004	-3.57742	189.42	0	
-81.6887	-3.50883	194.18	0	
-81.3483	-4.0842	198.394	0	
-81.8091	-2.83487	190.095	0	
-82.2524	-3.92329	197.772	0	
-81.2061	-4.39494	203.095	0	
-80.3605	-4.32807	200.351	0	
-82.1271	-2.52415	191.53	0	
-82.638	-2.75956	194.21	0	
-81.5077	-4.69554	211.431	0	
-80.1999	-5.19461	223.051	0	
-81.0574	-5.1655	220.044	0	
-79.9405	-6.48523	257.81	0	
-80.8855	-5.71352	232.714	0	
-81.74	-5.93046	238.016	0	
-79.8676	-3.29617	186.921	0	
-79.5233	-4.21415	197.465	0	
-79.5971	-3.67418	190.402	0	
-79.5981	-3.33399	186.93	0	
-80.3037	-3.60141	190.5	0	
-80.2409	-4.06551	196.983	0	
-80.3691	-4.9139	211.107	0	
-80.1803	-4.58848	207.694	0	
-80.721	-3.94373	195.39	0	
-80.6643	-4.26655	200.334	0	
-79.6275	-4.83875	211.102	0	
-79.8031	-4.26148	200.625	0	
-79.7488	-5.15404	219.3	0	
-79.2414	-4.37341	203.534	0	
-79.5535	-5.49729	226.246	0	
-78.6948	-4.87387	215.059	0	
-78.6498	-4.2289	200.795	0	
-79.4297	-3.87464	194.889	0	
-78.5414	-3.69572	192.97	0	
-79.1093	-3.85373	193.968	0	
-78.5493	-4.53927	206.073	0	
-78.0163	-4.35039	203.584	0	
-78.3552	-3.46648	190.644	0	
-78.9564	-3.30502	187.855	0	
-78.9796	-4.97387	213.827	0	
-78.3777	-5.20941	218.268	0	
-77.5582	-4.43695	206.786	0	
-78.037	-3.49753	193.435	0	
-77.9071	-3.78451	195.545	0	
-78.4051	-2.9971	186.409	0	
-77.5896	-3.84406	198.572	0	
-77.386	-3.00664	192.732	0	
-77.4829	-3.33206	193.546	0	
-77.7559	-2.78362	190.972	0	
-78.4756	-6.39247	256.158	0	
-77.5058	-5.53723	233.396	0	
-77.6843	-5.12058	217.403	0	
-76.8846	-4.95257	218.456	0	
-77.3478	-4.18667	203.147	0	
-76.5379	-4.25756	206.323	0	
-76.9716	-3.75883	199.889	0	
-76.9536	-4.1377	201.44	0	
-76.0635	-3.0625	195.75	0	
-76.6672	-3.57367	198.636	0	
-98.6635	-3.96625	195.74	0	
-99.4088	-4.03929	190.857	0	
-99.7719	-3.95883	187.077	0	
-99.8807	-4.7637	198.985	0	
-96.9679	-3.96347	199.91	0	
-96.8069	-3.18323	195.103	0	
-94.9895	-3.28988	194.685	0	
-94.1892	-3.8106	196.513	0	
-94.0526	-3.53856	197.067	0	
-94.4726	-3.92572	200.007	0	
-94.508	-4.21819	202.178	0	
-93.9308	-4.23075	200.583	0	
-95.0797	-4.26719	202.426	0	
-94.7179	-4.78422	209.955	0	
-95.5581	-4.69506	210.845	0	
-94.9474	-5.11283	218.751	0	
-94.9223	-5.56278	229.477	0	
-93.9564	-5.04786	213.624	0	
-96.098	-4.69474	211.432	0	
-96.4856	-5.61813	230.388	0	
-22.4293	-3.58689	201.864	0	
-21.8619	-3.96596	205.376	0	
-22.8003	-3.53086	198.632	0	
-22.7069	-4.32658	202.284	0	
-17.0521	-1.64704	203.972	0	
-16.402	-1.96011	198.443	0	
-16.0752	-1.85276	208.19	0	
-16.1378	-1.54119	211.008	0	
-15.7949	-1.93661	203.924	0	
-15.8912	-1.39716	223.424	0	
-15.6449	-2.2444	202.075	0	
-15.2723	-1.8661	208.761	0	
-15.6834	-0.841755	250.308	0	
-16.5209	-1.16183	226.421	0	
-14.984	-1.74221	220.884	0	
-15.2933	-1.32712	230.252	0	
-14.7109	-2.02985	212.4	0	
-14.1857	-1.74124	226.074	0	
-15.6834	-0.410239	242.518	0	
-16.2294	-0.353157	248.254	0	
-16.5171	-0.142455	252.747	0	
-16.7456	-0.313286	256.629	0	
-17.1035	-0.170831	242.003	0	
-17.0886	-0.906688	226.038	0	
1.3212	-1.51827	195.116	0	
1.2379	-0.773078	193.384	0	
-40.1192	-1.08213	184.402	0	
-41.3722	-0.999559	188.697	0	
-40.2102	-0.750467	185.219	0	
-40.5986	-1.06901	185.493	0	
-40.093	-0.410571	162.945	0	
-40.6218	-0.304113	172.718	0	
-40.9141	-0.144481	177.488	0	
-40.8998	-0.703097	182.363	0	
-41.483	-0.292309	183.641	0	
-41.6057	-0.576105	187.518	0	
-40.8551	-1.01589	185.173	0	
-40.4784	-0.771374	179.158	0	
-41.8688	-0.712588	186.63	0	
-41.6235	-1.14431	190.426	0	
-42.1923	-0.654537	184.154	0	
-42.4069	-0.951718	184.331	0	
-41.6243	-1.41881	191.57	0	
-41.0774	-1.17303	189.688	0	
-41.8663	-1.56416	192.141	0	
-41.3963	-1.81245	193.311	0	
-42.1658	-1.44506	190.355	0	
-42.7179	-1.70623	189.508	0	
-41.0645	-1.9223	194.183	0	
-41.0935	-1.44862	191.306	0	
-42.2786	-1.94558	192.098	0	
-42.3967	-1.64985	189.894	0	
78.6768	-2.55441	217.117	0	
78.9791	-1.9098	228.374	0	
78.4139	-2.32991	219.055	0	
78.5766	-1.94821	224.842	0	
77.299	-2.71729	206.461	0	
78.193	-3.44025	208.028	0	
78.6083	-2.92453	215.055	0	
79.3127	-2.84515	217.512	0	
77.5796	-2.98297	201.714	0	
77.5331	-3.37711	205.028	0	
78.2486	-3.0601	207.467	0	
78.4907	-3.66279	204.31	0	
79.6735	-2.87859	216.555	0	
79.7196	-2.30083	225.522	0	
79.8529	-3.22346	213.544	0	
80.6437	-3.32911	207.007	0	
77.1464	-3.60634	196.211	0	
78.1282	-4.66715	201.671	0	
78.4502	-4.04427	204.81	0	
79.1054	-3.96477	206.238	0	
79.6187	-3.50203	209.523	0	
79.7137	-3.82171	207.299	0	
80.3661	-2.69401	215.745	0	
80.2861	-3.12467	211.508	0	
76.8528	-2.90843	196.756	0	
76.2364	-3.52877	195.244	0	
77.3968	-4.30048	196.223	0	
77.3771	-4.79213	199.993	0	
78.107	-4.24714	199.568	0	
78.606	-5.20626	200.669	0	
79.4364	-4.05011	204.29	0	
79.1195	-3.39703	211.428	0	
79.2699	-4.69724	200.661	0	
80.1423	-3.92375	202.93	0	
79.7614	-5.67156	198.595	0	
80.0559	-5.02055	198.895	0	
79.3194	-5.09698	200.614	0	
78.8484	-4.5621	202.758	0	
78.3103	-5.46451	198.439	0	
77.9906	-6.00471	199.699	0	
77.9082	-5.33662	200.043	0	
78.7468	-5.96084	198.747	0	
79.0449	-5.73052	199.614	0	
78.3907	-5.83257	199.621	0	
77.8127	-4.92144	197.245	0	
76.9797	-5.18707	195.741	0	
79.841	-6.56538	198.016	0	
79.6907	-5.25736	198.358	0	
77.9429	-6.49263	200.683	0	
78.9806	-6.33302	199.703	0	
-8.01117	-1.64521	209.706	0	
-7.08102	-1.34371	210.419	0	
-7.59527	-2.27141	203.068	0	
-7.34198	-1.62927	205.241	0	
-7.2502	-2.14897	203.594	0	
-6.18457	-2.69762	202.995	0	
-28.9628	-3.6005	205.356	0	
-28.6995	-3.25721	202.483	0	
-29.1042	-1.70085	214.693	0	
-29.1505	-1.06547	223.79	0	
45.5582	-0.495604	192.25	0	
44.8528	-0.84523	201.285	0	
45.5686	-1.05217	194.051	0	
45.8097	-0.251066	190.632	0	
45.4934	-1.30669	196.047	0	
46.081	-1.29275	196.019	0	
45.1998	-1.34475	198.114	0	
45.3044	-1.93164	201.228	0	
45.1086	-1.0107	196.227	0	
44.3729	-1.68478	205.718	0	
44.5497	-1.99271	206.02	0	
44.7884	-1.77926	203.795	0	
45.9318	-0.489598	191.685	0	
44.8884	-0.384588	194.061	0	
45.5637	-0.226088	189.818	0	
46.1471	-0.5599	193.607	0	
45.9885	-0.115651	190.83	0	
45.3259	-0.0906718	186.743	0	
45.154	-0.280657	196.956	0	
46.0168	-1.02033	193.971	0	
46.533	-0.484585	196.456	0	
46.3879	-1.57439	199.308	0	
46.5624	-0.690324	197.627	0	
46.4681	-1.12582	197.927	0	
46.9311	-0.340019	198.957	0	
47.2059	-0.726828	201.004	0	
46.7048	-0.278868	200.491	0	
46.5426	-0.0911517	195.933	0	
46.8252	-1.02195	199.847	0	
47.044	-1.12065	200.384	0	
47.9521	-0.386289	190.69	0	
47.1855	-0.152303	205.638	0	
47.0939	-1.35373	201.596	0	
47.479	-1.29897	201.641	0	
46.9435	-1.51061	201.236	0	
47.2131	-1.85619	203.384	0	
47.8036	-1.67579	202.465	0	
47.9029	-1.24974	199.778	0	
46.733	-1.45371	200.331	0	
46.5921	-1.61591	199.693	0	
47.3697	-1.66848	203.177	0	
47.0154	-1.78115	202.825	0	
48.2215	-1.75431	201.895	0	
48.191	-1.22553	196.465	0	
48.2805	-0.444785	194.872	0	
47.6152	-0.950402	200.13	0	
46.6646	-1.19812	198.477	0	
46.3323	-1.33989	197.114	0	
46.0034	-1.58156	198.342	0	
46.2916	-1.95902	202.111	0	
47.6505	-2.23699	206.816	0	
47.9917	-1.82959	202.948	0	
46.8846	-2.16914	204.705	0	
47.3034	-2.08307	205.133	0	
48.4359	-1.37188	197.792	0	
47.9621	-0.891773	197.098	0	
48.9594	-1.50545	194.673	0	
48.7157	-0.791751	188.046	0	
47.8404	-0.666685	197.23	0	
47.4048	-0.585971	201.456	0	
45.9484	-2.15447	202.838	0	
46.5164	-1.98509	201.902	0	
47.5493	-2.46278	208.204	0	
47.9791	-2.5003	208.25	0	
46.6444	-2.18436	204.461	0	
47.1524	-2.66571	210.099	0	
46.1968	-2.2036	202.057	0	
46.357	-2.42166	205.639	0	
46.9516	-2.55443	208.217	0	
47.0793	-2.8661	212.066	0	
48.1776	-2.57973	209.183	0	
48.3277	-2.3985	206.495	0	
45.951	-2.79048	208.461	0	
46.748	-2.57574	207.702	0	
47.3375	-2.50254	207.791	0	
47.2216	-2.30033	207.059	0	
48.0416	-2.94712	213.419	0	
48.4395	-2.84433	211.774	0	
48.676	-2.24965	203.798	0	
48.589	-2.02814	201.178	0	
46.053	-3.63927	216.706	0	
46.6584	-2.77677	209.224	0	
48.3943	-3.21693	216.805	0	
48.5821	-3.02136	212.877	0	
48.8458	-2.97833	210.973	0	
48.585	-2.65531	208.967	0	
48.8882	-2.34036	204.808	0	
49.1097	-1.92164	197.438	0	
48.4153	-1.61027	197.465	0	
48.3405	-1.99506	201.922	0	
46.3816	-3.22147	213.482	0	
46.7582	-3.20496	214.33	0	
47.7692	-2.83766	211.848	0	
47.6791	-3.23883	215.64	0	
49.1683	-3.23981	215.789	0	
49.1745	-2.70177	208.238	0	
48.9469	-2.60982	206.714	0	
49.3265	-2.51819	205.166	0	
46.9608	-3.35845	215.952	0	
47.2737	-3.00437	213.525	0	
47.4528	-3.35788	217.314	0	
47.7461	-3.73158	220.716	0	
48.712	-3.54192	220.363	0	
49.6005	-4.29771	228.92	0	
49.5471	-2.65894	206.973	0	
49.7296	-2.15458	197.113	0	
46.8051	-3.74442	218.575	0	
47.4836	-3.607	219.259	0	
47.569	-4.1552	223.503	0	
48.0434	-4.11353	224.559	0	
49.0634	-3.06372	214.391	0	
49.4465	-3.26189	216.231	0	
49.62	-3.48574	219.793	0	
49.7902	-3.11026	214.995	0	
49.6899	-4.00344	225.973	0	
50.8786	-3.3763	218.329	0	
49.9698	-2.97916	212.052	0	
49.7727	-2.56369	203.975	0	
49.4805	-2.12947	197.72	0	
49.8585	-2.30772	201.191	0	
47.0679	-4.11363	221.742	0	
47.2525	-3.73355	219.819	0	
50.1668	-3.09013	214.485	0	
50.1356	-2.2726	199.134	0	
49.7954	-1.57623	188.988	0	
49.3792	-1.51985	190.581	0	
50.3173	-2.41282	201.569	0	
50.216	-2.0702	196.603	0	
50.0026	-3.50742	220.019	0	
50.1669	-3.31818	218.063	0	
50.4815	-2.80308	209.851	0	
50.9035	-2.80658	210.685	0	
50.0115	-1.5244	186.403	0	
49.8379	-1.15182	183.148	0	
49.1823	-1.41285	189.851	0	
48.9205	-1.77167	195.909	0	
50.5039	-1.74152	193.074	0	
50.3709	-1.56356	187.158	0	
50.0859	-3.74781	224.522	0	
50.7508	-3.73544	225.599	0	
50.4177	-3.42146	219.35	0	
50.3283	-3.78353	224.665	0	
50.5083	-2.25957	198.744	0	
50.4173	-2.03916	195.543	0	
50.1566	-1.68804	189.4	0	
50.2739	-1.28209	181.183	0	
49.7812	-0.865432	179.164	0	
49.3539	-0.693419	182.351	0	
49.2247	-1.1752	187.838	0	
48.7289	-1.32395	192.069	0	
49.9785	-3.98263	226.716	0	
50.4307	-4.01369	227.481	0	
49.4469	-1.09908	184.301	0	
49.5511	-0.836556	182.311	0	
49.5257	-3.73488	222.724	0	
49.8371	-4.84167	232.56	0	
50.683	-4.09568	230.652	0	
50.4956	-3.64642	223.67	0	
50.4604	-4.55574	232.763	0	
51.0615	-3.98547	229.548	0	
50.8358	-3.95454	228.114	0	
51.2363	-4.1378	231.504	0	
51.5187	-4.01365	231.114	0	
51.1395	-3.78191	228.866	0	
51.8108	-4.16745	235.414	0	
52.1464	-3.64376	230.775	0	
47.8391	-4.599	226.492	0	
47.4293	-0.304985	206.172	0	
48.4981	-4.04176	224.908	0	
48.6961	-3.85473	222.798	0	
48.1732	-3.67423	220.779	0	
46.5703	-3.34001	214.936	0	
46.4036	-4.03393	220.038	0	
49.2059	-3.6995	221.524	0	
49.0749	-4.19964	226.983	0	
50.4233	-4.86284	234.337	0	
50.1503	-4.39251	231.307	0	
50.8142	-5.01675	235.871	0	
51.1787	-4.72083	236.7	0	
48.1133	-4.46172	226.471	0	
48.3705	-4.56855	227.96	0	
49.0036	-3.92702	224.095	0	
49.022	-3.42827	219.665	0	
46.0675	-3.36917	213.099	0	
46.3784	-3.7942	217.229	0	
46.2168	-4.18112	219.786	0	
46.4669	-4.48629	221.778	0	
45.9021	-4.13185	218.325	0	
45.7694	-4.66975	219.852	0	
46.5033	-4.69474	222.36	0	
46.858	-4.67083	223.532	0	
46.3497	-4.83563	222.078	0	
46.5452	-5.12388	222.667	0	
46.1546	-4.78448	221.153	0	
46.0671	-5.61625	219.368	0	
46.575	-5.34874	222.31	0	
46.8064	-5.69413	221.361	0	
46.0998	-4.56786	220.979	0	
45.987	-5.13212	220.651	0	
46.0184	-4.91988	220.799	0	
45.7585	-5.19889	219.338	0	
46.4356	-5.49259	221.133	0	
46.9745	-5.35928	223.748	0	
47.4446	-5.30931	225.627	0	
46.9332	-5.11798	224.079	0	
45.7547	-4.30691	219.001	0	
45.3251	-4.28575	217.336	0	
45.8222	-4.85952	219.952	0	
45.6754	-5.00951	219.723	0	
45.5667	-4.60095	218.83	0	
45.5251	-4.37151	218.534	0	
45.4432	-4.94893	218.565	0	
45.3403	-5.40384	217.404	0	
47.0415	-4.7593	224.383	0	
47.2932	-4.00278	222.006	0	
47.1004	-4.99431	224.85	0	
47.3337	-5.05397	225.496	0	
47.2658	-4.48227	224.256	0	
47.5473	-4.39546	225.116	0	
47.7236	-5.34245	226.788	0	
47.7506	-4.85428	226.888	0	
46.1794	-5.42884	220.749	0	
46.2429	-5.82624	219.345	0	
46.1698	-6.03916	216.921	0	
46.47	-6.29509	216.439	0	
46.8909	-6.0915	219.205	0	
47.2526	-5.49095	224.359	0	
44.9814	-4.78698	216.819	0	
45.2686	-5.09089	217.994	0	
45.2729	-4.03671	215.845	0	
44.4838	-4.44433	214.328	0	
44.8483	-5.23235	215.83	0	
45.9392	-6.07098	215.76	0	
45.716	-5.91704	217.278	0	
45.8711	-6.37103	214.376	0	
46.5893	-6.53954	214.2	0	
47.0142	-6.30183	218.924	0	
47.3606	-6.73257	216.84	0	
47.2687	-5.75335	222.483	0	
44.7021	-4.51422	215.688	0	
44.6246	-5.2079	215.008	0	
45.4376	-3.77178	216.347	0	
45.3227	-3.49513	212.862	0	
45.0141	-4.07764	215.919	0	
44.6307	-3.91431	213.972	0	
45.4742	-6.03059	214.423	0	
45.6155	-6.48132	211.319	0	
45.5251	-6.83128	209.091	0	
45.793	-7.36164	203.548	0	
46.1631	-6.87369	210.941	0	
46.77	-7.09188	208.518	0	
44.2106	-4.58977	213.457	0	
44.54	-4.9444	214.858	0	
44.4919	-3.61911	212.234	0	
43.7116	-3.90332	210.525	0	
45.2244	-5.96574	213.991	0	
44.7767	-6.74524	206.435	0	
44.0454	-4.35626	212.276	0	
43.6991	-5.21888	210.696	0	
45.1512	-5.64306	216.202	0	
44.5482	-6.24	210.681	0	
45.0473	-6.16231	213.227	0	
44.7734	-6.08337	211.775	0	
48.2836	-5.15043	228.99	0	
48.8348	-4.98305	230.465	0	
48.0111	-6.46137	219.747	0	
47.4937	-6.01685	223.052	0	
45.4137	-3.14066	210.745	0	
44.997	-2.91561	209.336	0	
45.8568	-7.06262	205.483	0	
46.2417	-8.08786	192.031	0	
47.1049	-8.06121	194.825	0	
47.6956	-6.80515	213.898	0	
44.7419	-3.41635	211.583	0	
43.9697	-2.77585	208.646	0	
44.2125	-4.096	212.731	0	
44.0335	-3.82213	211.292	0	
44.7054	-5.79777	213.717	0	
44.906	-5.55403	215.276	0	
44.1892	-5.29327	213.054	0	
43.9973	-5.72342	211.153	0	
44.2582	-5.02063	213.802	0	
43.7469	-4.90402	212.006	0	
43.7822	-5.88216	209.486	0	
44.0437	-6.26125	208.79	0	
43.4989	-5.75732	209.191	0	
43.3657	-6.68147	204.862	0	
44.0673	-6.52374	207.089	0	
44.5654	-6.4998	208.62	0	
43.4468	-5.36991	209.685	0	
42.9211	-4.9361	206.676	0	
43.5949	-6.30109	207.117	0	
43.2822	-5.91037	207.848	0	
43.6141	-6.57445	205.959	0	
43.8835	-6.9479	203.337	0	
42.9627	-5.79665	207.098	0	
42.7414	-6.03709	205.866	0	
43.5917	-7.19533	202.464	0	
44.133	-7.10202	203.134	0	
44.3355	-7.72864	194.169	0	
44.7933	-7.34042	198.87	0	
43.3094	-7.04188	202.672	0	
44.09	-7.43592	200.803	0	
42.6921	-6.68799	203.909	0	
43.7886	-8.79007	188.578	0	
48.8013	-0.426936	189.118	0	
48.4888	-0.211178	185.684	0	
51.5634	-4.82765	237.912	0	
52.8469	-4.35451	236.321	0	
48.9902	-4.7349	229.847	0	
50.0165	-5.43595	233.267	0	
47.9254	-5.72682	225.813	0	
48.4087	-5.46766	228.323	0	
45.0329	-6.69841	208.911	0	
45.3898	-7.46253	199.436	0	
49.7106	-5.58815	233.022	0	
49.5405	-4.9762	232.031	0	
49.3546	-4.375	229.022	0	
48.8338	-4.40817	228.214	0	
48.3247	-6.50615	220.673	0	
48.2583	-5.80094	226.74	0	
43.9904	-3.29953	209.862	0	
44.1888	-3.03934	210.26	0	
42.8701	-5.50355	206.943	0	
43.1376	-5.22986	208.368	0	
52.4234	-4.4065	237.422	0	
53.129	-3.76912	232.808	0	
44.6088	-7.05502	205.361	0	
45.1461	-7.28078	203.719	0	
45.3518	-7.7858	197.503	0	
45.9441	-7.87644	196.449	0	
49.311	-4.74332	230.624	0	
48.8843	-5.54826	230.009	0	
48.4534	-6.79597	215.689	0	
48.924	-6.43325	222.857	0	
43.2912	-2.36752	207.308	0	
43.0281	-3.17299	205.567	0	
45.026	-7.93003	192.44	0	
45.3167	-8.43445	183.939	0	
49.1094	-5.31178	230.337	0	
48.7191	-6.16063	225.443	0	
47.783	-7.15923	212.384	0	
48.8303	-7.30008	212.389	0	
49.1982	-6.33248	224.686	0	
48.993	-5.85098	227.858	0	
42.899	-2.26775	205.574	0	
43.0271	-2.84732	205.38	0	
44.7112	-7.6664	199.017	0	
43.8703	-8.31161	189.055	0	
44.5845	-8.93609	182.738	0	
46.4334	-8.57614	185.069	0	
47.1567	-7.66329	199.875	0	
48.1343	-7.85232	195.915	0	
49.1766	-7.9858	197.819	0	
49.4676	-7.28018	213.971	0	
49.4832	-6.56294	224.535	0	
49.5943	-5.94149	228.463	0	
49.3776	-6.88172	215.027	0	
50.2301	-6.87403	221.813	0	
45.4871	-9.68424	157.598	0	
45.8397	-8.75642	182.178	0	
45.8671	-8.45006	184.73	0	
45.5856	-8.99486	174.32	0	
49.8917	-8.73185	179.719	0	
49.8822	-7.29787	209.148	0	
46.7572	-8.51461	184.749	0	
46.5454	-7.98124	193.888	0	
45.7998	-9.37793	175.415	0	
46.2252	-9.19937	172.726	0	
47.0172	-8.81654	176.806	0	
47.3976	-8.2793	188.982	0	
46.469	-7.64967	199.268	0	
46.082	-7.59321	197.766	0	
46.7271	-9.24328	171.5	0	
46.9166	-9.75476	155.943	0	
47.6834	-7.95247	199.231	0	
47.5404	-7.54548	201.018	0	
42.3538	-5.9877	205.447	0	
42.3114	-6.6503	204.554	0	
51.6467	-5.32359	238.08	0	
52.2241	-4.81386	238.154	0	
44.6746	-8.48017	183.784	0	
44.3146	-8.20291	193.131	0	
50.781	-6.9474	219.955	0	
50.3951	-6.16301	229.299	0	
50.8873	-8.43127	190.06	0	
50.0453	-7.79387	204.703	0	
42.1533	-5.55988	204.697	0	
41.6495	-6.15793	204.669	0	
42.089	-6.99482	202.837	0	
42.9285	-7.08231	202.977	0	
51.2795	-5.62381	235.353	0	
51.3456	-6.25074	233.459	0	
50.655	-7.85389	202.902	0	
51.6436	-7.58641	208.439	0	
41.5488	-7.00877	204.34	0	
41.287	-7.38586	203.539	0	
52.11	-5.85437	236.456	0	
52.527	-5.93312	234.743	0	
52.7382	-6.46067	231.997	0	
53.3634	-5.76504	236.718	0	
15.1524	-1.36797	185.794	0	
14.9879	-0.773078	180.301	0	
15.4176	-2.46984	194.52	0	
14.7853	-2.76809	193.105	0	
15.7353	-2.20043	190.784	0	
15.2833	-1.70017	186.798	0	
16.254	-2.6963	199.691	0	
16.6934	-1.55724	189.408	0	
19.6007	-1.06628	189.063	0	
19.2156	-1.63261	189.957	0	
132.75	-1.15645	201.192	0	
133.544	-1.10593	210.432	0	
70.6774	-2.97717	201.684	0	
70.4055	-2.30654	204.917	0	
88.2381	-1.64336	200.909	0	
88.8563	-1.44462	199.354	0	
88.5985	-2.25847	204.405	0	
89.0623	-1.73882	201.229	0	
89.4951	-1.63791	203.574	0	
89.1176	-1.16044	197.878	0	
140.152	-1.36797	213.783	0	
139.988	-0.773078	217.931	0	
141.002	-1.42999	200.888	0	
141.669	-1.34371	198.296	0	
140.321	-1.66219	203.592	0	
141.184	-2.3882	195.654	0	
-155.807	-1.67245	211.841	0	
-155.39	-2.4004	203.444	0	
-154.773	-2.01351	205.309	0	
-154.026	-3.15388	192.247	0	
-152.781	-2.64726	188.609	0	
-152.652	-1.21931	209.969	0	
33.1123	-6.54857	209.941	0	
33.8103	-7.199	220.459	0	
34.1819	-6.92082	216.587	0	
34.7633	-7.8617	228.123	0	
35.6773	-7.69018	226.4	0	
36.5931	-7.60696	225.658	0	
38.7782	-6.67643	212.967	0	
39.5537	-5.96055	206.344	0	
36.9321	-7.24375	222.663	0	
37.1929	-8.15595	225.569	0	
38.471	-7.65894	217.585	0	
39.2144	-7.34406	212.92	0	
29.4518	-3.55299	189.903	0	
29.647	-4.21413	187.346	0	
30.9104	-4.99939	187.354	0	
30.6006	-4.65613	186.729	0	
128.806	-2.04031	204.782	0	
129.23	-1.76372	203.646	0	
128.657	-2.26278	205.941	0	
129.084	-2.50249	208.489	0	
129.555	-1.64296	201.509	0	
129.19	-1.24851	200.045	0	
128.388	-2.24297	204.019	0	
128.393	-2.72862	206.191	0	
128.822	-2.97863	210.213	0	
129.525	-2.7433	210.446	0	
128.27	-2.00134	202.638	0	
127.845	-2.24129	200.122	0	
127.847	-2.73695	201.795	0	
128.698	-3.25637	210.104	0	
129.8	-3.01688	212.863	0	
129.625	-2.47681	207.909	0	
130.036	-2.16206	205.075	0	
129.504	-2.2456	207.16	0	
128.509	-1.71702	201.99	0	
127.783	-1.35314	197.818	0	
127.572	-2.25305	197.857	0	
127.567	-2.73206	199.039	0	
128.039	-3.5715	208.041	0	
128.429	-3.2668	209.669	0	
128.865	-3.50069	213.698	0	
129.132	-3.01347	211.593	0	
129.723	-3.3336	214.824	0	
129.923	-2.42893	206.994	0	
130.314	-2.05583	202.179	0	
129.794	-1.78553	203.381	0	
127.497	-1.48271	196.401	0	
127.872	-1.77248	198.917	0	
127.424	-1.98335	195.657	0	
127.016	-2.24997	192.146	0	
127.421	-2.98169	198.537	0	
127.988	-2.99526	204.256	0	
128.795	-3.76391	214.172	0	
129.031	-3.92602	216.408	0	
129.562	-3.92988	218.244	0	
130.719	-2.7257	206.542	0	
130.541	-2.23612	203.078	0	
130.616	-1.39139	192.938	0	
127.151	-1.4508	194.895	0	
127.147	-1.9823	193.909	0	
126.481	-2.04083	186.334	0	
126.697	-3.23689	192.399	0	
127.006	-2.73359	193.293	0	
127.111	-3.56088	197.274	0	
128.541	-3.84191	213.64	0	
128.518	-4.12937	214.161	0	
129.277	-4.35262	219.861	0	
129.567	-4.24075	220.006	0	
130.612	-1.67071	197.044	0	
130.309	-1.36882	197.629	0	
126.113	-2.23332	183.656	0	
126.731	-2.72826	190.409	0	
126.593	-2.48336	187.674	0	
127.593	-3.80108	204.923	0	
128.342	-3.58913	209.136	0	
127.94	-3.7997	207.105	0	
128.266	-4.55032	213.915	0	
128.506	-4.7508	219.012	0	
129.108	-4.64035	221.024	0	
129.375	-4.85661	223.55	0	
130.207	-4.23222	220.629	0	
129.852	-3.67273	217.587	0	
130.871	-1.80261	198.116	0	
131.088	-1.52329	190.797	0	
126.225	-2.51526	184.831	0	
126.59	-3.57311	192.259	0	
126.981	-3.24639	195.207	0	
126.58	-2.97042	190.032	0	
127.405	-3.56419	200.743	0	
127.814	-4.23503	209.041	0	
127.928	-4.54349	213.955	0	
127.818	-4.9116	212.244	0	
128.75	-5.24696	222.939	0	
129.199	-5.14476	223.378	0	
126.096	-2.74582	184.218	0	
126.313	-2.95608	186.825	0	
126.865	-3.80974	197.163	0	
127.234	-4.25437	203.316	0	
125.458	-2.62246	176.249	0	
125.741	-2.89987	182.295	0	
126.907	-4.10914	199.24	0	
127.446	-5.04485	211.93	0	
124.517	-4.03437	180.392	0	
126.27	-4.23244	192.889	0	
125.516	-3.5445	182.77	0	
126.286	-3.57457	189.226	0	
130.475	-2.53281	207.164	0	
131.129	-2.53738	204.246	0	
129.926	-5.43912	227.441	0	
129.801	-4.74171	222.382	0	
130.47	-4.82457	223.117	0	
131.001	-3.51049	214.787	0	
127.358	-5.58072	214.356	0	
127.861	-6.41071	222.165	0	
128.681	-5.69545	223.126	0	
129.444	-5.34833	225.777	0	
126.132	-3.87564	189.837	0	
127.174	-4.70585	205.582	0	
130.134	-2.61939	209.416	0	
130.527	-3.01173	212.427	0	
129.519	-5.91411	228.317	0	
131.099	-5.6569	225.192	0	
128.267	-5.69167	220.992	0	
129.234	-5.6762	226.399	0	
125.402	-4.98337	192.111	0	
126.772	-4.76252	202.427	0	
130.589	-5.40227	225.525	0	
131.117	-4.99844	222.877	0	
128.8	-6.71586	228.977	0	
128.953	-6.3322	227.801	0	
124.937	-3.3992	177.869	0	
124.975	-4.37872	185.57	0	
126.585	-5.41547	205.148	0	
127.25	-6.52945	220.491	0	
125.704	-3.85599	186.192	0	
125.984	-4.47949	191.626	0	
126.198	-5.61038	204.22	0	
126.5	-5.03397	201.277	0	
130.771	-5.68116	226.886	0	
131.287	-5.28584	222.571	0	
129.944	-5.8062	228.057	0	
130.988	-6.38087	229.612	0	
132.104	-4.90777	214.26	0	
130.951	-4.35932	219.85	0	
129.721	-6.95987	231.998	0	
130.289	-7.27413	232.643	0	
132.036	-6.97234	225.774	0	
132.147	-6.24291	221.393	0	
131.233	-4.62308	219.8	0	
130.558	-4.46864	222.185	0	
129.177	-7.14078	231.672	0	
129.762	-6.49579	230.708	0	
125.178	-5.60261	195.965	0	
125.832	-5.48273	199.196	0	
126.412	-6.07755	208.455	0	
126.963	-5.68207	210.445	0	
129.372	-6.29304	229.099	0	
130.212	-6.1755	229.42	0	
131.562	-4.39673	215.431	0	
131.505	-3.98202	215.729	0	
129.078	-7.81898	232.767	0	
131.443	-7.22611	230.435	0	
125.33	-4.50796	187.207	0	
124.693	-4.72212	185.344	0	
124.873	-5.8545	195.973	0	
125.31	-6.387	203.862	0	
124.347	-4.59435	183.999	0	
124.514	-5.71696	193.599	0	
124.465	-5.33306	189.276	0	
124.194	-6.47639	198.293	0	
125.526	-6.88059	207.31	0	
126.113	-6.87554	212.931	0	
124.28	-4.25716	180.887	0	
123.254	-4.1366	180.632	0	
124.088	-5.17991	186.968	0	
123.268	-5.12882	185.4	0	
123.933	-6.959	202.273	0	
124.689	-7.06896	204.886	0	
124.867	-4.02816	181.466	0	
124.363	-3.71527	178.184	0	
125.126	-3.64158	180.366	0	
124.523	-3.46668	177.055	0	
124.5	-2.82367	175.294	0	
123.983	-3.07835	177.012	0	
124.181	-2.51295	177.131	0	
123.843	-2.70687	174.949	0	
123.444	-2.14339	180.006	0	
123.302	-3.20014	179.484	0	
123.687	-4.64036	182.241	0	
123.687	-4.209	180.754	0	
123.213	-6.62093	197.906	0	
122.598	-7.94969	205.235	0	
122.258	-4.57577	185.388	0	
122.893	-5.28751	186.88	0	
121.867	-4.92284	187.523	0	
122.574	-5.10624	186.082	0	
122.896	-5.73913	190.705	0	
123.693	-5.35221	187.968	0	
121.391	-4.83108	189.234	0	
120.923	-5.24002	191.572	0	
122.327	-5.95454	191.614	0	
122.785	-6.92089	197.459	0	
129.131	-0.736632	194.772	0	
128.474	-0.899067	196.585	0	
129.681	-0.705183	194.93	0	
129.095	-0.150799	182.454	0	
129.89	-0.403584	166.196	0	
129.386	-0.320792	190.887	0	
-19.2809	-6.61112	221.928	0	
-17.761	-7.23505	211.336	0	
-16.9787	-5.79573	190.831	0	
-17.4318	-5.9228	191.719	0	
-15.2666	-5.1885	185.384	0	
-15.7385	-4.60708	184.023	0	
-21.7791	-4.80786	211.101	0	
-21.2451	-5.2361	215.752	0	
-20.2452	-5.7049	215.978	0	
-19.6359	-4.9894	204.654	0	
0.557514	-3.36276	204.761	0	
0.207294	-3.58273	206.105	0	
3.8871	-5.02568	202.456	0	
3.96163	-4.14502	198.949	0	
0.189475	-4.85074	203.949	0	
0.654122	-6.181	199.893	0	
-0.110265	-4.61655	204.274	0	
-0.484747	-4.77696	203.98	0	
0.249504	-5.3037	202.735	0	
-0.141962	-5.87249	200.58	0	
0.204522	-4.03011	205.126	0	
-0.768506	-4.53184	204.097	0	
-1.24528	-4.57649	203.622	0	
-1.35173	-5.20686	201.535	0	
-2.12904	-5.50229	200.118	0	
-0.608326	-5.98081	199.758	0	
0.597621	-6.87076	197.081	0	
0.459962	-7.63217	194.415	0	
0.208834	-6.90971	196.627	0	
1.10073	-7.41518	195.905	0	
1.69948	-8.21426	193.541	0	
2.262	-7.36916	197.556	0	
-0.028527	-6.57474	197.833	0	
-0.512032	-7.15297	194.832	0	
0.481215	-8.03025	191.548	0	
1.16749	-7.96199	192.967	0	
0.173606	-6.19939	199.698	0	
-0.944051	-5.74526	200.179	0	
-2.02372	-7.00209	193.803	0	
-0.805997	-7.88813	191.764	0	
0.0281824	-8.23903	190.594	0	
0.491893	-8.86733	188.417	0	
-2.00408	-7.81196	189.911	0	
-1.11025	-8.22295	188.492	0	
-0.934565	-8.8192	186.973	0	
0.0433909	-8.6786	188.516	0	
0.561762	-9.38787	186.803	0	
1.78316	-8.76756	190.505	0	
-0.318584	-9.64293	185.077	0	
0.442616	-10.4869	183.143	0	
1.08611	-9.41961	186.565	0	
2.01142	-9.78275	186.04	0	
1.82795	-7.04181	198.518	0	
2.2883	-7.95001	195.16	0	
2.95611	-9.06897	190.259	0	
4.53646	-6.67511	202.973	0	
2.66308	-6.22533	201.929	0	
3.18576	-6.19988	201.523	0	
-33.4166	-4.99207	212.568	0	
-34.0652	-4.2905	198.286	0	
-31.0592	-7.36126	299.802	0	
-31.8469	-6.57064	275.151	0	
-33.5574	-6.03425	245.078	0	
-33.507	-7.05256	280.176	0	
-27.7196	-5.28918	222.192	0	
-27.7335	-4.44375	206.129	0	
-26.8075	-5.3107	214.341	0	
-27.5073	-4.92522	211.65	0	
-25.9725	-6.68086	250.551	0	
-25.3632	-5.26537	208.53	0	
-104.098	-4.54831	178.798	0	
-103.135	-4.92508	184.292	0	
-102.634	-4.99173	187.553	0	
-101.584	-5.08569	189.027	0	
89.3952	-4.30492	211.329	0	
90.703	-4.21339	214.462	0	
89.3112	-2.45425	206.646	0	
87.5774	-2.77284	211.437	0	
90.2794	-4.23425	214.077	0	
91.0139	-4.57147	211.02	0	
90.0743	-4.62527	211.333	0	
90.4874	-5.08367	207.019	0	
91.6093	-5.45627	203.684	0	
92.6185	-5.11242	202.021	0	
91.9994	-3.87325	213.258	0	
91.9746	-2.74606	219.277	0	
92.1921	-4.25317	213.274	0	
92.504	-3.5047	211.72	0	
92.1171	-3.46284	215.628	0	
93.1049	-3.09598	206.579	0	
91.8826	-4.59861	207.842	0	
92.0538	-5.12907	208.936	0	
92.4075	-2.70247	212.051	0	
92.6502	-3.13322	212.166	0	
92.8103	-4.59946	208.097	0	
93.205	-4.4879	204.973	0	
93.6965	-4.78764	203.66	0	
93.59	-3.9669	204	0	
-139.494	-3.45215	173.979	0	
-140.763	-3.82405	169.922	0	
-135.202	-5.50176	225.511	0	
-135.298	-4.55702	199.656	0	
-135.202	-4.07361	192.122	0	
-134.12	-3.17989	185.576	0	
-138.565	-6.81524	251.608	0	
-137.842	-7.33123	280.814	0	
-103.473	-1.85152	191.787	0	
-104.004	-2.11327	187.967	0	
-103.426	-3.11744	173.719	0	
-103.978	-3.56711	172.785	0	
-106.206	-5.15482	190.609	0	
-105.898	-4.3287	180.83	0	
-44.3586	-4.09652	228.927	0	
-43.1929	-5.02133	245.863	0	
-44.6649	-3.83607	218.021	0	
-45.1975	-3.28938	205.388	0	
-33.4722	-1.84961	177.201	0	
-34.0036	-2.11136	180.864	0	
-36.2825	-4.9507	217.215	0	
-37.0471	-4.39508	210.128	0	
-35.4424	-4.66451	207.877	0	
-33.9118	-4.8515	209.761	0	
-39.236	-4.41016	212.157	0	
-38.586	-5.05685	224.324	0	
-41.7652	-6.07948	270.443	0	
-40.3458	-4.65059	223.09	0	
-43.1915	-2.90232	204.457	0	
-42.9679	-2.33716	196.721	0	
-64.1293	-2.53439	188.713	0	
-64.6917	-3.1226	195.087	0	
-64.7695	-2.03874	187.738	0	
-64.5839	-2.8204	192.059	0	
-64.9618	-3.22236	195.911	0	
-64.5628	-3.6218	198.699	0	
-63.847	-2.55421	188.739	0	
-63.9656	-2.11572	185.794	0	
-63.7248	-2.79546	191.159	0	
-63.2513	-2.54272	189.036	0	
-63.9462	-3.09284	194.577	0	
-63.4422	-3.22723	195.872	0	
-63.2773	-3.42481	197.472	0	
-62.8935	-3.22292	195.959	0	
-63.3644	-3.67854	201.932	0	
-62.4211	-3.95155	207.364	0	
-62.618	-3.21707	196.02	0	
-62.6043	-2.78626	191.893	0	
-63.883	-3.56767	200.148	0	
-63.6684	-4.32618	209.902	0	
-63.002	-3.97983	206.211	0	
-62.8645	-4.27294	210.828	0	
-62.4497	-3.40805	199.705	0	
-62.0703	-3.19761	197.996	0	
-62.4762	-2.54824	190.945	0	
-62.8308	-2.31056	188.337	0	
-64.2776	-3.73916	203.518	0	
-63.7771	-4.0304	206.828	0	
-62.569	-3.68427	202.55	0	
-62.147	-3.9249	205.893	0	
-61.8023	-3.18717	196.733	0	
-61.7953	-2.76529	192.939	0	
-62.2066	-2.54151	190.502	0	
-62.1916	-2.06823	188.515	0	
-62.97	-2.06616	186.254	0	
-63.3931	-2.30688	187.086	0	
-61.9883	-4.21228	213.836	0	
-61.6071	-3.86151	208.566	0	
-61.6384	-3.36758	201.136	0	
-61.2795	-3.16269	198.867	0	
-61.6253	-2.44754	192.007	0	
-62.0624	-2.29935	190.095	0	
-61.8597	-1.75599	188.26	0	
-62.2496	-1.67319	187.037	0	
-62.6469	-1.70002	185.551	0	
-63.2558	-1.57825	183.227	0	
-61.7516	-3.62759	202.601	0	
-61.3501	-3.82819	205.886	0	
-61.2043	-4.05354	212.098	0	
-60.7681	-3.7269	207.514	0	
-61.0266	-3.1521	197.802	0	
-61.2506	-1.91637	190.11	0	
-60.8641	-3.32995	201.023	0	
-60.6294	-3.23494	198.503	0	
-60.9605	-2.74194	194.267	0	
-60.7143	-2.5425	192.603	0	
-60.9732	-3.56723	202.337	0	
-60.7452	-3.97296	209.159	0	
-60.2284	-3.26708	199.991	0	
-60.2168	-3.0145	196.984	0	
-60.4333	-4.09675	213.477	0	
-60.4822	-3.62082	203.728	0	
-60.0358	-3.45305	201.114	0	
-59.8254	-3.33978	200.527	0	
-60.016	-2.66445	193.401	0	
-60.2056	-2.50455	191.435	0	
-60.6302	-4.47885	222.305	0	
-59.925	-4.00992	213.41	0	
-60.1876	-3.66947	206.762	0	
-59.3132	-3.63929	205.375	0	
-59.434	-3.21475	199.071	0	
-59.8467	-3.07375	196.855	0	
-59.6764	-2.92531	194.588	0	
-60.0213	-1.92711	187.996	0	
-60.4238	-2.13464	189.919	0	
-60.7134	-2.29191	191.399	0	
-59.2251	-3.26981	199.048	0	
-59.3102	-2.8468	193.547	0	
-60.4046	-1.89155	189.283	0	
-60.6195	-1.76365	188.855	0	
-59.1647	-3.48502	203.063	0	
-58.849	-3.19124	197.708	0	
-59.3394	-2.62536	190.942	0	
-59.7724	-2.6726	192.2	0	
-60.1914	-1.57901	187.523	0	
-60.2071	-1.79711	187.969	0	
-60.8357	-1.40835	188.593	0	
-61.046	-1.5366	189.413	0	
-59.5496	-3.62104	206.384	0	
-58.8925	-3.7988	207.652	0	
-58.6722	-3.05372	195.272	0	
-58.9695	-2.56908	189.577	0	
-59.1579	-2.48601	189.29	0	
-59.5241	-2.1457	187.604	0	
-60.7546	-1.11679	188.042	0	
-61.1007	-0.980807	187.428	0	
-61.4519	-1.54959	189.102	0	
-61.4591	-1.79375	189.03	0	
-59.6802	-3.8761	208.929	0	
-59.0633	-3.92308	211.743	0	
-58.6757	-3.89523	210.876	0	
-58.1135	-3.39371	199.77	0	
-58.3636	-3.31708	199.057	0	
-58.3534	-2.72369	190.191	0	
-58.9405	-2.78014	192.255	0	
-58.8479	-2.1407	185.457	0	
-61.2139	-0.76359	186.376	0	
-61.4269	-0.864815	186.681	0	
-61.6283	-1.20674	187.761	0	
-62.0711	-1.83349	188.143	0	
-61.7477	-2.21076	189.915	0	
-61.1903	-2.19088	191.035	0	
-59.4834	-4.0042	213.582	0	
-59.9538	-4.35692	217.402	0	
-59.0384	-4.21813	215.819	0	
-59.3376	-4.27315	217.194	0	
-58.8431	-4.33775	219.717	0	
-58.2154	-4.03691	213.547	0	
-58.558	-3.48534	202.37	0	
-58.4913	-3.72689	206.485	0	
-58.2165	-2.53656	186.933	0	
-58.7938	-2.37906	187.404	0	
-58.7236	-2.84525	192.604	0	
-58.6211	-2.43404	187.572	0	
-58.7058	-1.8993	183.587	0	
-59.0579	-1.5974	182.567	0	
-61.1764	-0.55397	184.991	0	
-61.347	-0.419591	183.718	0	
-61.8007	-0.817636	185.911	0	
-61.6325	-1.42917	188.024	0	
-58.8387	-4.94479	239.516	0	
-58.4011	-4.21576	220.16	0	
-57.988	-4.06903	213.66	0	
-58.0977	-3.62703	204.828	0	
-57.894	-3.25331	197.817	0	
-58.2456	-2.93976	193.014	0	
-57.9657	-2.5655	186.86	0	
-58.0527	-2.11657	183.639	0	
-58.4335	-2.21145	184.932	0	
-58.3471	-1.08083	178.543	0	
-59.2442	-1.30114	181.903	0	
-59.8239	-1.5738	185.681	0	
-60.9685	-0.470944	184.989	0	
-61.3068	-0.209079	183.368	0	
-62.2271	-0.681812	184.928	0	
-62.9023	-1.02327	181.998	0	
-61.8229	-1.05608	186.35	0	
-62.2291	-1.43942	186.626	0	
-57.8903	-4.28961	222.093	0	
-57.5845	-3.96642	212.503	0	
-57.8599	-3.70214	204.551	0	
-57.4272	-2.59612	185.532	0	
-57.8259	-2.8156	189.766	0	
-57.5292	-2.86339	188.796	0	
-58.0285	-1.88938	181.571	0	
-58.4642	-1.91507	183.314	0	
-60.7889	-0.612819	186.351	0	
-60.5628	-0.486103	185.449	0	
-61.5497	-0.0934083	183.036	0	
-61.5419	-0.504822	183.994	0	
-61.7101	-0.29431	182.24	0	
-62.2461	-0.944858	185.031	0	
-61.9768	-0.620746	183.478	0	
-61.834	-1.52718	188.081	0	
-62.0248	-1.3709	186.828	0	
-58.4509	-4.75218	233.181	0	
-57.5616	-4.63567	230.849	0	
-57.1617	-3.9347	213.756	0	
-57.7203	-3.44879	201.587	0	
-57.8219	-1.79825	180.346	0	
-58.2229	-1.52784	180.214	0	
-60.8837	-0.913063	187.48	0	
-60.4294	-1.03625	187.691	0	
-60.1599	-0.466503	184.881	0	
-60.3196	-0.101072	185.937	0	
-61.9286	-0.333025	182.842	0	
-62.1848	-0.132123	181.037	0	
-62.4627	-1.04925	184.635	0	
-62.6315	-1.41805	184.923	0	
-56.8783	-3.46367	199.964	0	
-57.3556	-3.22436	195.739	0	
-57.6044	-2.00826	180.306	0	
-57.5782	-1.48801	178.27	0	
-59.986	-0.620025	184.45	0	
-59.5854	-0.349407	175.593	0	
-62.6881	-0.853719	184.271	0	
-62.8696	-1.34171	184.184	0	
-57.4055	-1.64038	177.263	0	
-57.4	-1.93372	178.652	0	
-57.5352	-1.27541	177.127	0	
-57.7111	-1.13709	178.223	0	
-60.0224	-0.835673	184.441	0	
-59.7977	-0.949306	183.3	0	
-56.5683	-2.02708	176.439	0	
-59.2603	-0.369275	177.582	0	
-56.787	-1.27493	172.279	0	
-57.0737	-1.34878	174.041	0	
-57.2492	-0.970452	175.509	0	
-57.8583	-0.784598	177.189	0	
-58.0613	-0.861035	177.361	0	
-60.2877	-0.838625	186.45	0	
-60.3899	-1.43889	187.714	0	
-59.5253	-1.32033	182.881	0	
-59.2176	-1.07631	179.972	0	
-56.8041	-0.930177	170.506	0	
-57.4583	-0.848403	177.094	0	
-57.8086	-0.560343	175.073	0	
-58.199	-0.42352	173.624	0	
-58.4512	-0.865072	176.642	0	
-58.0914	-1.08479	178.03	0	
-60.0092	-1.24619	185.873	0	
-60.2799	-1.23761	187.363	0	
-59.989	-2.15527	188.713	0	
-59.6106	-1.9087	186.188	0	
-58.9298	-1.05892	177.74	0	
-58.7195	-0.367165	173.946	0	
-57.047	-0.781451	174.781	0	
-57.5324	-0.232688	177.687	0	
-57.4108	-0.615428	176.682	0	
-57.7905	-0.109836	170.21	0	
-58.6903	-0.697297	173.223	0	
-58.7239	-1.29163	180.418	0	
-59.7101	-2.27734	188.664	0	
-59.4137	-1.76295	185.02	0	
-59.1876	-0.677166	175.594	0	
-58.9302	-0.789429	177.209	0	
-57.158	-0.539508	177.821	0	
-57.0375	-0.289677	178.944	0	
-59.5597	-1.53489	184.32	0	
-59.8288	-1.81218	186.37	0	
-63.419	-1.20203	181.794	0	
-56.6706	-0.166826	172.043	0	
-63.6911	-1.65906	183.411	0	
-61.2634	-4.27744	214.645	0	
-61.067	-4.41962	218.796	0	
-61.7169	-4.16834	209.855	0	
-61.5191	-4.35892	217.569	0	
-60.8912	-4.78682	228.098	0	
-60.6539	-4.72542	224.807	0	
-62.0985	-4.51139	215.17	0	
-61.3376	-4.7212	225.202	0	
-61.265	-5.02102	230.384	0	
-60.4008	-5.69211	247.53	0	
-61.8722	-4.70971	224.838	0	
-61.4426	-5.20363	234.344	0	
-60.1858	-4.80287	227.242	0	
-60.4121	-4.35669	217.761	0	
-58.6975	-5.64746	257.917	0	
-58.2817	-4.53764	225.925	0	
-57.3246	-5.04145	240.834	0	
-56.9751	-4.35015	222.379	0	
-57.2177	-4.20805	217.998	0	
-56.6697	-4.19639	217.212	0	
-63.0255	-1.57198	184.124	0	
-62.889	-1.81456	185.241	0	
-56.2708	-1.99951	174.544	0	
-56.1807	-1.72959	173.304	0	
-62.5598	-4.2501	210.536	0	
-62.1795	-5.12278	232.854	0	
-61.8214	-5.8058	247.287	0	
-60.7221	-5.59899	248.634	0	
-60.5013	-5.17346	237.337	0	
-60.7832	-5.2768	239.704	0	
-60.0707	-5.34785	241.69	0	
-59.5633	-4.49206	224.725	0	
-58.5586	-5.28814	246.862	0	
-57.8709	-5.30714	253.52	0	
-56.8554	-4.9003	240.34	0	
-57.0257	-4.62993	231.003	0	
-56.316	-4.2568	220.523	0	
-56.1505	-3.8983	209.662	0	
-55.9145	-1.65448	172.217	0	
-55.9527	-1.0722	167.647	0	
-60.2471	-5.90829	261.665	0	
-59.8736	-5.56688	251.187	0	
-57.662	-5.0615	242.431	0	
-57.4047	-5.86813	271.605	0	
-55.6975	-1.87138	174.758	0	
-55.451	-1.46327	172.476	0	
-60.3653	-6.18579	265.221	0	
-59.8971	-6.25887	267.512	0	
-59.6141	-5.46268	248.279	0	
-59.9932	-5.02363	239.526	0	
-60.971	-6.13129	260.764	0	
-59.9877	-6.87628	289.855	0	
-59.6915	-6.40524	280.257	0	
-59.4055	-6.37507	275.162	0	
-59.3502	-5.68804	257.978	0	
-59.08	-5.09638	240.53	0	
-59.7145	-6.71604	282.364	0	
-59.0859	-5.55783	250.878	0	
-59.2365	-6.60522	284.279	0	
-59.2594	-6.18503	272.311	0	
-60.2336	-6.67889	279.346	0	
-59.6314	-7.46763	313.272	0	
-58.8843	-6.69445	291.809	0	
-58.6579	-6.48336	278.353	0	
-58.9206	-7.10936	302.001	0	
-57.3962	-7.36463	319.594	0	
-58.2501	-6.40638	282.933	0	
-58.1701	-6.00901	271.673	0	
-65.111	-2.20247	191.505	0	
-64.707	-2.55569	191.172	0	
-65.5608	-2.20225	192.465	0	
-66.0667	-2.6563	195.186	0	
-65.1809	-2.91548	194.434	0	
-65.3916	-3.71905	202.312	0	
-62.9884	-4.56531	217.454	0	
-62.396	-4.52256	218.587	0	
-61.2467	-6.40862	270.739	0	
-61.0003	-5.79301	251.577	0	
-57.4057	-6.37689	287.321	0	
-56.6621	-5.85237	271.047	0	
-60.6237	-7.19082	295.764	0	
-60.0099	-7.25528	295.6	0	
-65.7777	-2.57182	194.231	0	
-66.1807	-3.34722	199.203	0	
-63.3955	-4.30951	211.943	0	
-63.3915	-4.89641	225.803	0	
-60.6674	-6.28373	269.239	0	
-61.5188	-6.48209	268.335	0	
-61.0646	-6.69762	274.943	0	
-61.0849	-7.91316	306.085	0	
-63.8555	-4.64098	218.469	0	
-63.6978	-4.9022	221.671	0	
-61.9655	-6.93481	276.951	0	
-61.4488	-7.14604	287.401	0	
-64.2379	-4.67967	214.655	0	
-64.3832	-4.95115	223.843	0	
-63.5688	-5.4397	235.306	0	
-63.2807	-5.26374	228.381	0	
-61.7782	-7.92601	308.636	0	
-61.153	-7.58063	305.372	0	
-64.7824	-5.11104	230.763	0	
-64.3421	-5.48969	236.491	0	
-61.5082	-7.47439	295.261	0	
-60.9297	-7.29407	291.379	0	
-61.7851	-7.62196	301.43	0	
-61.4332	-8.11096	316.604	0	
-62.1065	-7.48384	293.391	0	
-62.3601	-7.97033	305.944	0	
-61.9296	-8.48918	323.619	0	
-60.4474	-8.86439	340.226	0	
-62.5439	-8.54128	327.196	0	
-62.0464	-8.09243	314.157	0	
-62.7284	-7.54972	294.438	0	
-63.023	-8.02655	306.044	0	
-62.956	-8.89376	327.939	0	
-62.0885	-9.17047	341.422	0	
-62.7604	-7.25307	285.368	0	
-63.3155	-7.47905	290.062	0	
-62.5245	-7.06399	280.863	0	
-63.0907	-6.89494	272.682	0	
-62.1857	-7.17869	287.717	0	
-62.1738	-6.49744	269.38	0	
-63.7346	-7.48517	294.788	0	
-63.4429	-8.15238	313.977	0	
-59.582	-8.03682	323.487	0	
-58.5072	-7.89135	323.421	0	
-57.7848	-5.71609	263.291	0	
-58.3016	-5.16112	243.509	0	
-63.3377	-9.7918	354.73	0	
-62.9882	-10.2167	365.873	0	
-61.7463	-9.38986	350.197	0	
-61.4938	-8.51173	326.847	0	
-64.7181	-7.14838	286.919	0	
-64.3844	-7.96529	310.522	0	
-46.6354	-6.48906	291.723	0	
-45.7496	-5.57624	270.3	0	
-46.6414	-7.52272	325.491	0	
-45.4591	-6.98651	306.693	0	
-46.4488	-5.76252	272.549	0	
-46.301	-6.24145	289.225	0	
131.715	-5.26331	221.432	0	
132.68	-5.07758	213.182	0	
-121.213	-2.62313	175.247	0	
-121.017	-1.92754	184.203	0	
-120.503	-1.48889	194.642	0	
-120.898	-0.640668	200.734	0	
-122.17	-1.03772	198.526	0	
-122.264	-1.99666	182.079	0	
-122.481	-0.791773	196.527	0	
-122.539	-1.8051	185.506	0	
-122.77	-1.28904	191.235	0	
-123.089	-1.46801	191.317	0	
-120.745	-7.00282	236.883	0	
-120.285	-6.18128	205.772	0	
-123.088	-5.63669	196.552	0	
-122.946	-6.6341	235.09	0	
125.255	-1.32092	181.473	0	
125.026	-1.76185	177.783	0	
125.535	-2.17252	178.586	0	
125.791	-1.6666	180.426	0	
-119.127	-3.14967	176.001	0	
-119.437	-3.81014	173.679	0	
-119.425	-3.15782	174.454	0	
-119.702	-2.82104	176.171	0	
-119.679	-4.05448	173.702	0	
-119.106	-4.41228	179.62	0	
-120.013	-3.90847	171.889	0	
-120.282	-4.80754	177.789	0	
-120.047	-5.13247	185.083	0	
-119.525	-4.54625	179.676	0	
-120.122	-5.47629	192.51	0	
-119.387	-5.55428	196.342	0	
-120.628	-5.50218	190.051	0	
-120.17	-6.59823	226.03	0	
-119.034	-5.694	199.934	0	
-118.503	-4.51088	183.138	0	
-119.733	-6.71059	228.503	0	
-119.85	-6.0591	210.007	0	
-119.112	-6.13524	214.104	0	
-118.406	-5.53973	200.471	0	
-118.756	-5.3537	196.414	0	
-117.783	-4.42178	188.429	0	
-119.471	-7.02741	239.758	0	
-118.785	-6.6309	229.184	0	
-118.281	-7.07779	249.251	0	
-118.374	-6.01816	215.247	0	
-119.639	-7.42782	260.741	0	
-117.935	-7.26875	257.56	0	
-117.456	-6.99274	259.097	0	
-118.126	-6.36659	222.045	0	
-118.873	-7.64482	276.054	0	
-118.454	-8.02593	278.875	0	
-116.307	-7.04274	253.536	0	
-116.143	-5.86962	223.241	0	
-118.356	-9.11721	365.58	0	
-116.92	-8.80934	346.064	0	
-118.8	-4.65198	183.327	0	
-118.659	-4.18299	180.355	0	
-85.474	-7.72327	291.654	0	
-83.3417	-7.28417	284.797	0	
-81.9617	-7.39093	285.807	0	
-80.4497	-6.96204	279.919	0	
-79.9703	-5.89686	241.623	0	
-79.402	-6.63899	263.681	0	
-77.7417	-7.10493	287.58	0	
-77.1035	-5.62681	237.077	0	
-99.8864	-3.53821	183.771	0	
-100.38	-4.15797	184.8	0	
-99.5824	-3.19752	185.637	0	
-100.424	-2.7883	177.884	0	
-100.714	-5.4186	200.515	0	
-99.0996	-5.54929	218.032	0	
-96.8603	-4.33698	204.948	0	
-96.0264	-4.04388	202.209	0	
-95.3133	-6.13479	243.666	0	
-94.7954	-6.7126	264.597	0	
-22.9375	-3.13495	198.55	0	
-23.822	-3.78395	192.185	0	
-23.4081	-4.37072	199.134	0	
-23.1065	-3.79055	197.573	0	
-22.436	-4.85446	210.382	0	
-22.4097	-4.18548	204.825	0	
-22.7261	-5.08771	211.764	0	
-21.2008	-4.60559	210.267	0	
-22.0023	-5.01114	211.979	0	
-21.9155	-4.51008	208.282	0	
-21.889	-5.39746	218.729	0	
-20.8739	-5.3598	213.186	0	
-21.3933	-4.89269	210.602	0	
-21.3844	-4.30066	208.088	0	
-21.2813	-3.96416	206.457	0	
-21.618	-3.74511	206.545	0	
-21.5176	-5.53759	217.027	0	
-22.2204	-6.02742	226.126	0	
-20.5637	-7.27916	240.038	0	
-21.0076	-6.07931	225.378	0	
-20.9207	-6.77435	233.122	0	
-20.5201	-6.40871	228.219	0	
-21.2178	-6.8553	239.715	0	
-18.8489	-7.30537	227.731	0	
-19.895	-6.40885	221.184	0	
-19.2878	-4.94436	201.69	0	
80.9299	-4.45947	197.641	0	
81.6142	-3.91643	196.243	0	
75.9211	-2.76488	198.799	0	
75.729	-3.20104	202.311	0	
75.4487	-4.74071	198.767	0	
76.5665	-4.35277	195.003	0	
76.5103	-4.94389	199.194	0	
75.4657	-6.68906	199.034	0	
79.7544	-7.0571	200.44	0	
80.5938	-6.42552	195.064	0	
80.1364	-5.79312	196.611	0	
80.2797	-4.31508	200.856	0	
80.2076	-6.28424	197.629	0	
80.6692	-5.43088	194.455	0	
80.3214	-5.35862	197.025	0	
81.0798	-4.99599	194.074	0	
81.2697	-6.96773	195.106	0	
81.5643	-6.53902	194.363	0	
-7.68618	-2.80012	200.9	0	
-6.71555	-2.87368	201.233	0	
-5.88688	-3.1573	201.727	0	
-4.81017	-2.60644	204.578	0	
43.0183	-7.88498	196.422	0	
42.7938	-8.21574	194.056	0	
53.1594	-2.93038	221.836	0	
52.4391	-2.91467	222.237	0	
46.439	-10.5765	146.876	0	
47.8868	-10.7854	133.506	0	
43.9329	-9.69154	174.016	0	
44.8763	-9.59217	172.989	0	
42.3057	-8.11772	197.546	0	
42.7348	-7.40898	200.005	0	
40.7739	-7.48585	204.919	0	
40.8752	-8.02483	204.701	0	
51.9778	-6.99721	224.989	0	
53.5129	-7.62921	210.349	0	
53.8724	-5.46516	236.545	0	
53.1399	-4.82407	238.387	0	
16.7985	-2.67652	204.189	0	
16.4484	-2.11749	195.877	0	
15.9565	-1.51801	184.924	0	
16.3732	-1.75465	190.96	0	
133.266	-1.67486	208.827	0	
132.906	-1.3967	206.972	0	
139.856	-2.20915	206.058	0	
140.788	-2.154	198.87	0	
139.794	-2.71168	203.161	0	
140.083	-2.98363	199.542	0	
140.045	-3.42212	198.683	0	
141.098	-3.76303	195.547	0	
-155.967	-1.18612	219.325	0	
-156.459	-2.04441	209.473	0	
-155.207	-2.77274	199.226	0	
-154.474	-2.38274	200.498	0	
-153.967	-3.6074	191.842	0	
-153.052	-3.58213	183.68	0	
-152.404	-1.83155	195.046	0	
-152.108	-1.6191	202.022	0	
-151.579	-1.69848	197.471	0	
-151.61	-1.02519	206.406	0	
32.5176	-6.52004	202.34	0	
32.0233	-6.95624	208.691	0	
35.26	-8.50523	231.856	0	
36.1585	-8.33944	229.597	0	
39.7956	-7.48558	209.385	0	
39.6196	-6.52241	209.562	0	
37.175	-8.68784	226.008	0	
38.3891	-8.10075	217.747	0	
37.9799	-8.25516	222.114	0	
38.7927	-8.41682	215.372	0	
37.6917	-8.73405	223.989	0	
38.8382	-9.04917	213.279	0	
39.5904	-9.28841	207.692	0	
39.9156	-7.94749	209.389	0	
29.4166	-3.04347	194.747	0	
28.6136	-3.59404	195.646	0	
29.5522	-6.09589	187.814	0	
30.0894	-8.07369	205.501	0	
127.292	-7.23672	221.395	0	
127.941	-7.42325	228.066	0	
122.784	-2.28182	186.467	0	
123.126	-2.7926	180.005	0	
-17.8858	-7.70617	220.462	0	
-17.1877	-6.68006	198.23	0	
-16.4494	-7.41453	202.136	0	
-15.6309	-5.53935	186.279	0	
0.662597	-2.90522	205.532	0	
-0.0513564	-2.90738	206.452	0	
-2.31104	-6.21622	196.742	0	
-1.51241	-6.35792	197.139	0	
-1.40311	-5.87053	199.056	0	
-0.700881	-6.44391	197.579	0	
3.56855	-6.62655	202.069	0	
4.08706	-6.43875	202.244	0	
-26.47	-5.12718	211.273	0	
-26.5313	-4.72756	202.624	0	
-26.1062	-5.32422	212.829	0	
-25.7609	-5.0969	208.121	0	
-26.3038	-4.13759	191.688	0	
-26.6729	-3.93578	191.156	0	
-26.0538	-5.74842	226.434	0	
-25.6606	-5.95377	227.114	0	
-25.9711	-3.95905	188.662	0	
-26.6494	-3.5667	186.06	0	
-26.9696	-3.31845	187.757	0	
-27.6149	-3.70085	195.153	0	
-25.0116	-5.00699	206.293	0	
-25.6259	-4.11525	189.332	0	
-25.552	-4.46609	195.63	0	
-24.995	-3.09062	188.353	0	
-25.3295	-3.82277	187.68	0	
-24.7886	-3.64017	189.631	0	
-25.9035	-7.24607	280.411	0	
-24.176	-5.76011	223.391	0	
-104.366	-5.83217	208.215	0	
-103.947	-6.02234	207.324	0	
88.5491	-3.97997	210.744	0	
89.7639	-6.63618	195.288	0	
87.8112	-3.36515	211.306	0	
87.8717	-4.47701	208.287	0	
-139.702	-4.30488	177.348	0	
-139.924	-3.61467	172.267	0	
-134.735	-3.91107	190.732	0	
-134.284	-4.12896	194.228	0	
-139.115	-6.02848	216.657	0	
-139.198	-7.63935	280.12	0	
-137.589	-7.71309	299.054	0	
-136.811	-8.25078	341.492	0	
-106.753	-5.63979	209.335	0	
-105.833	-6.23829	223.382	0	
-39.927	-5.00719	227.041	0	
-39.0128	-5.27157	226.569	0	
-38.655	-6.19323	257.183	0	
-37.9267	-6.43343	255.238	0	
-57.8658	-6.62222	296.971	0	
-56.9314	-7.12437	315.566	0	
-66.4141	-2.43243	195.798	0	
-66.2051	-2.98289	197.482	0	
-60.1984	-8.26025	330.308	0	
-60.1113	-9.43628	356.792	0	
-63.8927	-11.2364	383.937	0	
-61.3676	-10.0915	362.007	0	
-62.1451	-10.1563	362.285	0	
-61.7806	-9.82877	358.655	0	
-62.0528	-10.6788	374.459	0	
-61.5103	-10.6025	372.067	0	
-60.3104	-10.5791	377.005	0	
-59.56	-9.62238	364.021	0	
131.765	-5.83786	223.047	0	
132.94	-5.66194	213.269	0	
133.725	-5.87323	209.216	0	
133.08	-4.75416	206.632	0	
-121.917	-1.58529	188.625	0	
-121.6	-2.05616	182.595	0	
-118.043	-5.394	203.242	0	
-117.159	-5.27346	205.259	0	
-120.059	-7.4693	255.751	0	
-119.555	-8.15227	294.911	0	
-79.3031	-7.27212	286.439	0	
-78.3044	-6.96274	278.813	0	
-99.4278	-2.49082	186.753	0	
-100.004	-2.69197	182.942	0	
-101.775	-6.0922	217.51	0	
-99.1035	-7.63833	293.185	0	
-97.1497	-4.61503	209.015	0	
-96.3696	-5.00233	215.705	0	
-97.4953	-4.5633	207.133	0	
-97.4679	-5.278	220.838	0	
-97.6445	-4.14732	201.316	0	
-98.5249	-4.63589	205.268	0	
-98.6429	-5.03032	209.886	0	
-97.9842	-4.92555	211.508	0	
-97.5429	-5.63203	228.311	0	
-97.0057	-5.91898	235.64	0	
-99.0775	-5.12197	210.69	0	
-97.8911	-5.75001	232.968	0	
-98.2531	-5.57196	224.533	0	
-97.8929	-6.20946	236.303	0	
-96.789	-6.23009	248.339	0	
-96.2855	-5.93618	238.073	0	
-98.6401	-5.79506	227.243	0	
-97.391	-7.08285	276.383	0	
-98.3506	-6.24069	245.932	0	
-98.5679	-7.17211	273.64	0	
-97.2998	-6.70146	262.211	0	
-96.8715	-6.59509	255.525	0	
-96.4747	-7.26781	274.463	0	
-95.5977	-6.93662	271.38	0	
-96.5132	-6.78797	271.248	0	
-96.9242	-7.45632	294.715	0	
-95.9221	-5.91502	237.778	0	
-96.162	-5.33823	224.408	0	
-95.762	-6.57295	258.533	0	
-95.5084	-5.44829	225.696	0	
-95.1542	-7.01903	274.44	0	
-95.2923	-5.77054	234.177	0	
-94.9183	-6.32978	245.43	0	
-94.6714	-5.87886	238.144	0	
-97.0749	-8.07564	318.697	0	
-95.7865	-8.51807	345.667	0	
-23.469	-4.74651	204.855	0	
-23.8694	-6.23418	234.782	0	
81.3318	-6.08395	192.548	0	
81.5484	-3.36777	199.084	0	
-8.3077	-3.05496	202.018	0	
-8.04674	-4.53845	195.15	0	
43.236	-9.71962	174.801	0	
43.9439	-11.0725	147.398	0	
41.6387	-8.54232	196.387	0	
42.8589	-9.08774	183.615	0	
40.2613	-7.23059	208.515	0	
39.5758	-8.31081	209.705	0	
41.4578	-8.96338	193.01	0	
41.3953	-8.17303	200.402	0	
139.678	-3.62766	198.171	0	
139.595	-4.95636	199.431	0	
140.782	-3.01308	196.022	0	
140.765	-3.52864	196.408	0	
-156.696	-2.3825	207.884	0	
-156.479	-2.76054	205.496	0	
-155.625	-3.00929	202.593	0	
-155.206	-3.75688	202.227	0	
-154.79	-3.48369	195.361	0	
-153.354	-5.5266	226.201	0	
35.6543	-8.16922	230.437	0	
36.699	-8.00843	227.275	0	
36.246	-8.74864	230.846	0	
37.452	-9.72891	223.188	0	
28.092	-3.60909	196.03	0	
28.1778	-4.31606	191.036	0	
27.8918	-4.67104	191.185	0	
28.5098	-5.12873	187.514	0	
-17.5481	-6.34879	200.379	0	
-18.5363	-6.34761	207.003	0	
-2.64669	-6.48679	194.949	0	
-1.73463	-7.34545	191.764	0	
-25.6162	-6.39694	243.77	0	
-25.1025	-6.88151	259.144	0	
-26.8631	-2.93698	186.072	0	
-27.5554	-2.87743	190.437	0	
-24.954	-5.85757	222.814	0	
-24.4203	-4.06605	194.992	0	
-26.7758	-7.53648	297.94	0	
-25.3148	-8.77767	331.95	0	
88.6241	-4.74502	207.13	0	
87.4698	-6.12128	198.49	0	
87.7472	-3.74566	210.7	0	
88.0625	-4.80848	208.101	0	
-137.824	-8.20875	335.561	0	
-136.737	-7.80328	315.014	0	
-136.99	-7.06871	280.166	0	
-137.096	-7.56147	298.973	0	
-57.8871	-7.10054	307.089	0	
-58.4966	-7.36771	316.119	0	
-56.4943	-7.40459	322.025	0	
-56.0007	-6.69778	301.5	0	
-63.0546	-11.0078	382.121	0	
-61.3189	-11.0919	381.744	0	
-116.775	-5.10346	204.307	0	
-117.403	-4.65453	193.488	0	
-117.962	-5.02436	194.786	0	
-117.654	-5.7819	212.685	0	
-116.332	-5.31858	215.642	0	
-116.313	-4.50154	203.047	0	
-117.768	-6.27604	228.055	0	
-116.968	-6.0699	224.527	0	
-116.485	-6.22119	236.871	0	
-114.791	-5.63395	234.938	0	
-116.162	-4.09755	194.713	0	
-116.844	-3.91171	189.442	0	
-120.328	-6.95655	240.162	0	
-120.9	-7.57628	264.286	0	
-118.704	-8.47815	307.506	0	
-119.393	-7.77218	266.731	0	
-98.1258	-8.42199	333.023	0	
-97.8984	-7.30718	292.372	0	
-95.0229	-7.66405	298.26	0	
-93.6332	-6.55437	252.094	0	
-24.258	-4.88954	204.475	0	
-23.4252	-5.45219	214.583	0	
-23.8454	-5.46587	213.738	0	
-23.9177	-5.01323	206.254	0	
-22.9301	-6.82928	246.057	0	
-22.9558	-5.82297	223.631	0	
82.1311	-4.33328	190.13	0	
82.4967	-3.4723	192.506	0	
41.0212	-9.10286	193.758	0	
42.2457	-8.97304	190.137	0	
139.34	-3.40773	200.727	0	
138.898	-3.89029	197.834	0	
140.418	-5.20709	201.399	0	
140.275	-4.2518	197.891	0	
141.963	-2.97843	195.117	0	
141.551	-2.19284	195.621	0	
141.131	-4.22452	197.322	0	
141.841	-4.25096	197.196	0	
-157.116	-2.34229	207.913	0	
-157.331	-2.71416	208.333	0	
-156.46	-3.48322	206.891	0	
-155.625	-3.50752	198.3	0	
-155.132	-4.3659	204.325	0	
-154.415	-3.79571	197.203	0	
-154.558	-4.30945	201.548	0	
-154.143	-4.70604	205.558	0	
34.8675	-8.36844	231.287	0	
35.8305	-9.09089	232.806	0	
27.3577	-4.5108	192.502	0	
27.6124	-5.46798	187.089	0	
28.7492	-5.6674	185.824	0	
29.2664	-5.0164	186.225	0	
-18.3358	-8.05406	232.215	0	
-17.5521	-8.03677	224.586	0	
-3.0337	-6.35104	196.077	0	
-3.17535	-7.12489	192.696	0	
-1.2817	-7.20303	194.629	0	
-1.14591	-6.69576	196.185	0	
-26.1077	-3.00875	183.761	0	
-26.7699	-2.1128	191.67	0	
-25.8011	-2.81284	186.393	0	
-26.4308	-2.44637	187.219	0	
-25.4864	-2.85985	187.381	0	
-25.6069	-2.31968	191.797	0	
-25.3047	-3.13911	185.104	0	
-24.9063	-2.75495	188.022	0	
-25.5117	-2.02209	194.786	0	
-25.755	-1.82094	200.4	0	
-24.6169	-2.66987	193.275	0	
-24.7003	-2.1238	200.312	0	
-25.8856	-1.0213	215.769	0	
-26.2465	-1.43248	204.145	0	
-24.4015	-2.89027	190.512	0	
-24.1687	-2.35778	198.512	0	
-24.6028	-1.75976	204.424	0	
-24.837	-1.50767	211.55	0	
-26.197	-0.775349	226.38	0	
-26.5195	-1.2589	212.179	0	
-26.8723	-1.4543	202.83	0	
-26.3427	-1.74207	201.109	0	
-24.4797	-3.18567	190.457	0	
-23.8919	-3.19424	193.322	0	
-24.2357	-1.64316	211.714	0	
-24.8229	-1.13771	218.517	0	
-25.6793	-1.54545	202.088	0	
-25.1928	-1.95581	200.572	0	
-24.7839	-3.30094	186.481	0	
-24.4881	-3.77841	188.319	0	
-23.5495	-3.3057	193.91	0	
-23.534	-2.73636	196.663	0	
-24.5887	-0.95525	228.261	0	
-25.3384	-1.0309	216.637	0	
-24.5726	-4.36054	192.681	0	
-23.8358	-4.10725	196.501	0	
-24.2902	-4.51851	199.54	0	
-24.1379	-4.22402	192.383	0	
-138.638	-7.68044	298.319	0	
-137.156	-9.71237	425.737	0	
-135.25	-7.24976	298.477	0	
-135.94	-6.17938	246.069	0	
-136.368	-8.47388	357.901	0	
-136.212	-7.6064	310.125	0	
-56.9757	-8.18526	341.896	0	
-55.563	-8.16695	348.614	0	
-115.728	-4.03279	200.318	0	
-115.765	-3.27077	193.575	0	
-121.745	-7.31507	251.837	0	
-121.611	-8.78482	329.501	0	
-120.538	-8.88064	325.842	0	
-119.284	-8.47713	306.839	0	
-120.933	-10.4059	426.563	0	
-120.889	-11.0693	472.304	0	
-95.5941	-7.90734	305.377	0	
-93.7823	-8.34528	326.094	0	
-94.5844	-7.84996	296.746	0	
-93.7698	-7.47534	287.841	0	
-24.9139	-6.23716	236.926	0	
-24.6694	-6.75465	245.584	0	
-25.2308	-6.52079	242.091	0	
-24.3392	-7.32756	266.773	0	
-23.6367	-6.75563	246.835	0	
-24.5823	-6.35389	238.992	0	
-23.9639	-6.61011	241.171	0	
-24.1813	-6.09911	227.955	0	
-23.4507	-7.12844	258.777	0	
-23.3956	-6.48856	239.362	0	
-23.0466	-7.17529	256.108	0	
-23.0931	-6.51536	240.409	0	
-22.8831	-6.18075	230.404	0	
-23.2837	-5.79395	221.696	0	
-22.5511	-6.23213	233.415	0	
-22.2395	-5.65741	219.97	0	
-22.5213	-6.84255	249.686	0	
-21.3183	-6.19368	227.379	0	
-22.6901	-7.52618	266.567	0	
-21.9819	-6.55566	236.42	0	
-21.889	-6.19726	229.386	0	
-22.3522	-6.58001	235.444	0	
-22.3358	-7.33386	251.67	0	
-21.4398	-6.63787	235.463	0	
-21.6435	-7.1223	247.05	0	
-21.2889	-7.16169	243.552	0	
-20.9579	-7.4542	250.138	0	
-20.5977	-6.9057	238.846	0	
-21.6294	-7.99628	264.204	0	
-19.9362	-8.01713	251.151	0	
-20.329	-6.70038	227.384	0	
-20.832	-6.44255	228.481	0	
-20.0035	-6.68843	226.509	0	
-20.106	-6.18809	220.609	0	
-19.7553	-7.08037	232.383	0	
-18.9869	-6.4245	209.777	0	
-20.0252	-5.90871	214.935	0	
-20.5059	-5.85779	218.932	0	
-19.4919	-5.92177	210.285	0	
-20.1196	-5.40686	211.17	0	
-18.9888	-5.49847	200.221	0	
-19.5969	-6.33739	215.188	0	
-20.0468	-7.46578	241.311	0	
-18.8146	-7.86236	232.131	0	
-19.7093	-5.71384	212.741	0	
-19.1357	-5.9202	209.621	0	
-19.3307	-7.07451	222.292	0	
-18.2452	-7.02596	211.877	0	
-23.6045	-7.89767	279.386	0	
-21.0633	-7.94881	264.286	0	
40.9069	-9.69218	192.113	0	
41.8374	-9.26175	192.087	0	
142.273	-3.24226	194.987	0	
142.329	-2.39058	196.581	0	
142.212	-3.64947	195.952	0	
143.682	-3.45928	198.485	0	
141.819	-3.79029	195.353	0	
142.282	-4.477	197.957	0	
143.793	-2.63183	200.972	0	
142.652	-2.76475	196.627	0	
140.529	-4.68528	198.907	0	
141.185	-5.01398	199.985	0	
-157.013	-0.997469	221.191	0	
-157.741	-1.97462	208.481	0	
-157.956	-3.1565	209.55	0	
-158.01	-3.95698	216.751	0	
-156.7	-3.81053	210.876	0	
-156.487	-4.19642	212.7	0	
-156.048	-4.23782	211.577	0	
-154.319	-5.46653	222.646	0	
34.2217	-7.96487	227.623	0	
34.5569	-9.2143	235.267	0	
36.02	-9.57767	232.708	0	
36.7685	-8.94951	229.196	0	
27.5841	-5.98182	185.381	0	
30.1396	-7.60592	199.706	0	
-18.2184	-8.75612	246.972	0	
-17.0361	-7.96157	214.44	0	
-16.2473	-8.55717	214.362	0	
-15.9023	-7.61029	201.675	0	
-3.11709	-5.95388	196.575	0	
-3.81436	-6.18542	194.604	0	
-2.82797	-5.67934	199.027	0	
-3.35598	-5.1935	200.451	0	
-4.21267	-6.12469	195.541	0	
-4.16314	-6.79661	192.237	0	
-2.40893	-5.80594	198.069	0	
-2.28907	-5.094	200.552	0	
-3.51324	-4.79385	200.547	0	
-4.76011	-5.65339	196.349	0	
-2.05174	-4.79955	202.483	0	
-2.53395	-3.94131	203.226	0	
-3.23232	-4.49218	202.522	0	
-3.68706	-3.87912	203.135	0	
-4.23503	-4.94167	199.322	0	
-4.71892	-4.8305	199.498	0	
-1.53223	-4.87348	202.344	0	
-1.49118	-4.12054	204.012	0	
-2.81606	-4.61015	201.732	0	
-2.46773	-4.2929	203.466	0	
-2.27878	-3.64878	204.338	0	
-2.87759	-3.3911	203.803	0	
-1.93894	-3.61836	204.029	0	
-2.22819	-3.03075	204.126	0	
-1.83415	-4.00838	204.388	0	
-1.19216	-3.34944	205.765	0	
-3.40697	-7.49528	188.791	0	
-1.73888	-8.20314	188.327	0	
-136.431	-8.94444	381.737	0	
-135.564	-8.64737	374.877	0	
-115.426	-4.45266	204.707	0	
-114.793	-3.77358	201.139	0	
-115.593	-2.91889	192.825	0	
-116.309	-2.83315	190.987	0	
-122.669	-7.55522	275.368	0	
-121.629	-8.02211	287.966	0	
-120.84	-8.41922	309.509	0	
-121.388	-8.41855	306.264	0	
-94.3413	-8.38642	329.399	0	
-93.5182	-7.91999	304.598	0	
-92.8791	-7.92759	306.187	0	
-92.8899	-7.01233	267.061	0	
39.739	-9.87987	203.111	0	
41.0315	-11.1372	174.018	0	
141.891	-5.17042	202.376	0	
143.371	-4.59585	200.428	0	
143.632	-3.71379	198.84	0	
144.045	-3.87666	199.555	0	
141.041	-6.22032	208.487	0	
141.574	-4.88599	199.792	0	
140.928	-4.63764	198.947	0	
140.055	-5.35808	202.321	0	
142.638	-6.40972	211.492	0	
142.876	-4.85421	200.865	0	
140.073	-6.03226	205.576	0	
140.753	-5.55335	202.979	0	
142.383	-5.86537	206.372	0	
142.303	-5.14393	202.229	0	
140.554	-6.77443	211.424	0	
141.541	-6.17837	208.574	0	
140.165	-7.27903	216.763	0	
140.072	-8.32107	223.491	0	
140.986	-6.68315	211.564	0	
141.345	-7.08603	213.396	0	
-157.535	-1.12831	218.23	0	
-157.935	-1.63693	211.235	0	
-158.466	-1.29665	209.892	0	
-158.598	-2.02352	205.88	0	
-158.621	-2.81926	207.254	0	
-159.609	-3.85149	218.307	0	
-157.32	-3.45397	210.992	0	
-157.347	-4.14927	219.376	0	
-157.892	-5.08319	242.217	0	
-157.123	-4.48283	222.828	0	
-156.665	-4.96249	229.665	0	
-155.817	-4.61919	217.594	0	
-157.147	-5.59218	242.236	0	
-156.547	-6.20751	264.566	0	
-156.005	-5.12268	226.044	0	
-155.556	-6.02214	243.35	0	
33.4804	-9.27159	233.7	0	
34.3117	-9.60746	236.516	0	
34.6343	-10.1775	237.355	0	
35.065	-9.37267	235.53	0	
-4.34991	-5.70485	196.298	0	
-5.10466	-6.15121	194.007	0	
-5.72139	-5.34046	195.162	0	
-6.07436	-6.95314	189.51	0	
-5.04719	-7.07301	190.751	0	
-4.40162	-7.1837	189.899	0	
-3.22453	-3.22077	204.098	0	
-4.66552	-3.35585	202.981	0	
-5.17101	-3.13855	203.207	0	
-5.4309	-5.06358	197.802	0	
-4.0212	-7.55244	190.305	0	
-4.25831	-7.95683	186.667	0	
-3.01391	-7.92419	188.885	0	
-3.59337	-9.00094	184.035	0	
-137.164	-8.67377	366.411	0	
-136.178	-9.80941	434.038	0	
-135.1	-8.53754	376.365	0	
-134.185	-8.22172	354.13	0	
-115.603	-4.9826	214.531	0	
-115.304	-5.53671	224.759	0	
-115.192	-2.85121	192.888	0	
-115.504	-2.14263	190.942	0	
-114.931	-3.10552	195.942	0	
-114.38	-2.54402	193.124	0	
-115.093	-3.52166	197.796	0	
-114.396	-3.59167	201.291	0	
-114.102	-3.79395	204.404	0	
-113.809	-3.13376	198.932	0	
-114.119	-4.14255	209.547	0	
-113.464	-3.99807	208.977	0	
-114.424	-4.30215	210.167	0	
-113.966	-4.79027	217.552	0	
-113.029	-4.08181	212.619	0	
-113.541	-3.42907	200.984	0	
-114.804	-4.13545	206.309	0	
-114.652	-4.82571	217.909	0	
-113.796	-5.09545	226.965	0	
-112.543	-4.63541	221.526	0	
-114.499	-5.29482	224.578	0	
-113.196	-5.25943	231.135	0	
-113.387	-5.03499	224.94	0	
-113.347	-5.60848	237.655	0	
-114.52	-6.37564	242.298	0	
-113.752	-5.74166	240.923	0	
-112.95	-5.88185	245.197	0	
-112.531	-4.99444	226.169	0	
-113.607	-6.7163	260.848	0	
-112.074	-6.72344	278.974	0	
-112.65	-5.66786	240.736	0	
-112.158	-5.44085	237.95	0	
-111.481	-5.25281	230.519	0	
-112.186	-5.11137	228.471	0	
-112.078	-6.12077	254.539	0	
-111.812	-5.55213	240.986	0	
-110.998	-5.35571	232.279	0	
-110.304	-4.30096	209.923	0	
-111.214	-6.63257	271.967	0	
-110.911	-5.81541	245.902	0	
-122.848	-8.04987	292.426	0	
-122.09	-7.94645	285.724	0	
-122.214	-8.6992	328.911	0	
-122.13	-9.52982	371.941	0	
144.331	-5.0112	202.843	0	
143.799	-3.91411	199.095	0	
144.521	-3.75088	199.546	0	
144.574	-2.75608	201.101	0	
142.279	-6.95959	214.546	0	
143.09	-6.47523	209.988	0	
-159.051	-1.27529	199.619	0	
-158.984	-2.01759	198.568	0	
-159.542	-2.29053	194.076	0	
-159.373	-2.99742	203.678	0	
-157.128	-3.78745	211.925	0	
-157.77	-3.51207	211.185	0	
-158.812	-4.52974	228.895	0	
-157.074	-5.16153	235.432	0	
-154.969	-6.22268	250.559	0	
-155.178	-5.24714	227.34	0	
34.3269	-10.7387	238.184	0	
35.6026	-10.7472	232.343	0	
-4.89015	-8.26615	184.907	0	
-4.69859	-8.73317	184.832	0	
-134.702	-8.9671	390.566	0	
-134.564	-7.91625	335.497	0	
-135.367	-7.74843	323.064	0	
-134.986	-8.05859	343.099	0	
-115.567	-6.07187	238.115	0	
-113.266	-8.10371	307.913	0	
-111.326	-6.08843	252.731	0	
-109.738	-6.12303	240.928	0	
-123.396	-8.24724	303.732	0	
-122.435	-9.08738	363.241	0	
-122.442	-10.0074	426.493	0	
-121.744	-10.6028	449.117	0	
144.886	-4.06808	200.556	0	
145.543	-3.92552	199.798	0	
142.212	-8.40483	223.828	0	
144.92	-6.71088	211.718	0	
-157.744	-4.71511	229.874	0	
-157.517	-5.63472	254.421	0	
-157.746	-6.17202	258.788	0	
-156.896	-6.63826	274.508	0	
-156.723	-5.78393	247.09	0	
-156.43	-5.27509	232.471	0	
-5.45962	-7.41155	187.088	0	
-7.60345	-7.92671	185.791	0	
-4.09913	-9.6324	182.61	0	
-4.04535	-8.68051	184.524	0	
-111.628	-7.07486	275.832	0	
-110.416	-6.1712	256.14	0	
-122.961	-10.0515	415.281	0	
-123.892	-11.4976	528.378	0	
-121.447	-11.176	479.325	0	
-120.5	-11.9731	531.182	0	
144.175	-4.32131	200.929	0	
146.016	-5.30713	204.155	0	
145.959	-3.84197	199.565	0	
145.993	-3.14019	199.814	0	
143.917	-7.40061	220.23	0	
144.117	-6.19226	209.317	0	
-4.12171	-10.3084	181.007	0	
-2.65498	-10.1254	181.419	0	
-111.525	-7.71052	315.978	0	
-110.849	-8.62379	334.73	0	
146.574	-4.15895	199.555	0	
147.412	-2.63619	201.6	0	
146.205	-2.72827	200.573	0	
145.397	-2.18029	203.177	0	
146.577	-2.61882	201.059	0	
146.526	-1.9554	206.588	0	
146.807	-3.8072	199.148	0	
147.214	-4.71194	200.111	0	
146.84	-3.0152	200.007	0	
147.118	-2.20625	202.367	0	
147.409	-1.90748	209.044	0	
146.715	-1.62026	207.175	0	
146.424	-1.33924	215.881	0	
146.023	-1.33537	209.382	0	
146.201	-4.17819	200.123	0	
147.46	-4.39531	198.823	0	
147.536	-3.54286	198.732	0	
147.246	-3.86886	198.533	0	
145.661	-4.56751	201.691	0	
146.767	-4.53725	200.47	0	
145.36	-5.72903	206.93	0	
146.586	-4.867	201.458	0	
145.589	-5.29432	204.978	0	
146.645	-5.68739	205.471	0	
145.678	-6.31394	209.164	0	
146.261	-5.74034	205.94	0	
146.957	-6.08147	206.389	0	
147.542	-5.50058	202.7	0	
148.574	-4.17407	196.589	0	
149.251	-3.46606	195.792	0	
146.913	-6.54031	208.881	0	
147.701	-6.72775	207.335	0	
146.492	-6.71833	210.42	0	
146.538	-7.637	215.518	0	
148.292	-6.96841	208.359	0	
148.814	-5.51196	200.289	0	
146.153	-6.31244	209.42	0	
145.492	-6.73302	212.722	0	
146.12	-8.08265	217.061	0	
146.886	-8.83674	219.163	0	
148.653	-6.54682	204.199	0	
149.191	-6.43258	202.615	0	
144.658	-6.13996	209.316	0	
144.902	-7.23223	217.058	0	
143.611	-6.78054	213.034	0	
144.614	-7.63846	217.361	0	
145.161	-8.57395	223.811	0	
145.396	-7.50672	216.064	0	
143.897	-8.81762	226.173	0	
146.273	-8.48806	220.002	0	
145.028	-8.15002	219.075	0	
145.79	-8.76852	220.235	0	
145.971	-9.39864	222.955	0	
147.646	-8.83733	216.458	0	
-157.448	-0.281505	224.707	0	
-156.864	-0.263663	229.774	0	
-157.118	-0.675861	224.511	0	
-157.761	-0.148146	215.295	0	
-158.156	-0.801754	215.504	0	
-157.811	-1.26133	213.564	0	
-157.969	-0.313613	217.347	0	
-157.6	-0.745129	219.494	0	
-157.212	-1.28479	217.016	0	
-156.606	-0.66071	224.63	0	
-157.071	-1.65445	213.57	0	
-156.657	-1.68996	212.614	0	
-156.346	-0.595783	224.874	0	
-156.551	-0.130304	229.51	0	
-156.162	-0.795121	222.751	0	
-155.988	-0.34455	223.864	0	
-156.233	-1.041	220.229	0	
-155.742	-0.926625	222.454	0	
-156.533	-1.16632	219.358	0	
-156.049	-1.42332	215.43	0	
8.75	-0.303134	175.019	0	
9.375	-0.239636	173.48	0	
8.78951	-0.584347	171.294	0	
8.47701	-0.896046	186.285	0	
8.67275	-2.19922	193.684	0	
8.57003	-1.30531	182.902	0	
9.50737	-1.53277	183.042	0	
9.69652	-0.922401	176.225	0	
9.6875	-0.119818	171.387	0	
10.009	-0.898523	177.449	0	
9.94245	-0.601114	175.018	0	
8.94834	-1.32117	186.769	0	
8.2799	-1.65015	194.054	0	
135.35	-1.28723	199.462	0	
135.253	-1.9457	194.816	0	
135.073	-2.22102	195.36	0	
135.542	-2.62162	189.36	0	
134.686	-2.27931	198.481	0	
134.234	-2.81116	198.763	0	
135.333	-3.33365	189.609	0	
136.418	-2.86996	186.688	0	
134.943	-2.82115	193.871	0	
134.602	-2.65803	197.595	0	
134.58	-3.98409	194.894	0	
135.414	-3.71902	190.439	0	
136.103	-4.21455	190.264	0	
136.086	-3.12103	187.424	0	
137.098	-4.27223	193.44	0	
136.176	-3.54359	188.077	0	
137.907	-3.70484	195.746	0	
136.581	-3.72516	189.223	0	
137.649	-3.10929	195.047	0	
137.149	-2.59395	191.026	0	
-121.25	-0.303134	198.972	0	
-120.625	-0.239636	203.048	0	
-121.21	-0.584347	197.705	0	
-121.523	-0.896046	197.29	0	
-121.028	-1.19278	195.45	0	
-120.859	-1.57972	192.042	0	
-120.353	-1.08628	198.815	0	
-120.523	-0.908686	200.936	0	
-120.312	-0.119818	203.854	0	
-119.991	-0.898523	201.598	0	
-120.058	-0.601114	201.23	0	
111.145	-2.47151	190.485	0	
111.646	-2.70494	189.785	0	
110.847	-2.52642	190.054	0	
110.918	-3.02994	190.296	0	
111.668	-3.27274	190.444	0	
112.087	-2.38583	187.735	0	
110.651	-2.31932	189.832	0	
110.02	-2.73949	188.275	0	
110.718	-2.04278	190.263	0	
110.195	-2.19094	188.172	0	
109.979	-3.04174	187.766	0	
110.466	-2.85036	189.244	0	
111.001	-1.84846	190.736	0	
110.903	-1.53584	189.549	0	
109.804	-1.82019	186.376	0	
110.301	-2.63305	188.682	0	
109.689	-3.23793	188.767	0	
110.222	-3.64259	191.013	0	
110.319	-1.35193	189.19	0	
110.259	-1.93075	189.041	0	
109.285	-2.44286	183.89	0	
109.816	-2.56703	186.349	0	
109.748	-1.25407	186.023	0	
109.028	-1.28326	180.468	0	
109.595	-1.51853	184.853	0	
109.403	-2.15906	184.317	0	
110.426	-3.3886	189.632	0	
111.092	-3.51019	191.626	0	
110.442	-4.04009	191.725	0	
110.935	-4.11549	194.046	0	
111.721	-3.82597	192.581	0	
112.176	-3.43293	189.562	0	
112.275	-2.7746	185.877	0	
111.805	-2.98488	188.876	0	
109.509	-2.67334	186.005	0	
108.894	-3.73787	186.436	0	
108.912	-2.54473	183.155	0	
109.423	-3.042	185.422	0	
109.216	-1.91373	181.75	0	
109.32	-1.54058	182.038	0	
111.995	-4.18138	193.336	0	
112.467	-3.59535	190.817	0	
111.874	-3.55682	190.856	0	
112.111	-3.03874	189.524	0	
108.552	-2.2953	180.413	0	
108.154	-3.0271	183.622	0	
-73.5965	-2.13077	184.874	0	
-72.8824	-1.86344	183.335	0	
-73.4075	-1.12149	190.126	0	
-74.0575	-1.34998	193.726	0	
-74.3432	-1.48872	190.65	0	
-74.1731	-1.76648	190.848	0	
-146.25	-0.303134	215.026	0	
-145.625	-0.239636	215.075	0	
-145.625	-0.479272	217.677	0	
-146.523	-0.896046	210.3	0	
-146.037	-1.23904	205.17	0	
-145.868	-1.62598	200.049	0	
-145.247	-1.24101	203.025	0	
-145.293	-0.652017	210.721	0	
-145.04	-0.556316	215.692	0	
-144.69	-0.61999	210.708	0	
-144.501	-0.327427	213.665	0	
-8.27492	-3.59192	199.016	0	
-9.18819	-3.35685	204.224	0	
-10.092	-3.80863	205.599	0	
-9.42314	-4.71666	197.118	0	
-8.1081	-2.77324	202.351	0	
-8.80986	-3.26241	202.537	0	
-8.21477	-2.28393	204.973	0	
-8.57514	-2.27372	206.747	0	
-9.17644	-2.03495	212.528	0	
-9.79228	-2.45546	213.177	0	
-9.18549	-2.61785	209.15	0	
-9.41173	-2.30522	211.821	0	
-10.5935	-4.08998	203.858	0	
-9.79695	-4.48755	200.302	0	
-9.43668	-5.21166	196.008	0	
-8.61809	-5.18853	194.876	0	
-11.0418	-4.78257	198.634	0	
-10.5386	-5.47178	194.958	0	
-10.2269	-5.11332	197.538	0	
-9.91294	-5.83919	193.296	0	
-8.16089	-5.41527	192.708	0	
-7.80067	-5.01633	195.151	0	
-11.7304	-4.36109	203.649	0	
-11.6806	-5.56322	196.845	0	
-10.3485	-5.92682	194.693	0	
-9.8451	-5.395	195.15	0	
-8.53154	-6.34073	189.613	0	
-5.59518	-6.01283	193.855	0	
-6.9423	-4.62263	196.473	0	
-7.93561	-4.0023	197.858	0	
-12.9753	-3.59971	207.696	0	
-11.8181	-5.10023	197.809	0	
-11.0371	-6.42533	193.889	0	
-9.66163	-7.07566	187.575	0	
-13.4996	-3.72481	202.554	0	
-13.1599	-4.77605	197.717	0	
-12.0977	-7.48147	192.274	0	
-10.2764	-7.15066	190.486	0	
-8.65869	-7.44226	186.04	0	
-8.10932	-5.91447	191.969	0	
-12.7955	-0.839659	238.919	0	
-13.4159	-0.1895	251.447	0	
-13.3135	-0.881157	247.1	0	
-13.2156	-1.11931	239.703	0	
-13.3132	-1.38205	234.711	0	
-13.0097	-1.52884	231.408	0	
-13.5594	-1.49065	233.553	0	
-13.5868	-1.7578	228.603	0	
-13.0911	-2.28079	221.483	0	
-12.29	-1.67524	224.489	0	
-13.9044	-1.31443	235.324	0	
-14.284	-1.43838	230.969	0	
-13.8489	-2.15345	220.772	0	
-13.6014	-2.2885	221.284	0	
-14.1215	-2.29137	218.833	0	
-14.1331	-2.57972	211.025	0	
-13.3648	-2.67493	216.495	0	
-13.1019	-2.55191	217.979	0	
-14.3865	-2.0216	219.638	0	
-14.7355	-2.46461	207.842	0	
-13.3858	-2.94027	212.077	0	
-12.9003	-2.7284	216.465	0	
-14.4228	-2.74471	208.303	0	
-13.8612	-3.39362	204.503	0	
-13.8413	-2.93928	208.782	0	
-13.2104	-3.39025	207.723	0	
-12.6327	-2.66286	216.33	0	
-12.7834	-2.1876	222.174	0	
-13.915	-3.74282	199.475	0	
-13.4442	-3.46631	206.868	0	
-13.0262	-3.85548	203.832	0	
-12.7104	-3.51032	207.695	0	
-13.6031	-3.05132	210.092	0	
-14.0083	-3.17112	205.58	0	
-14.2437	-3.88175	195.671	0	
-13.6902	-4.24055	198.657	0	
-12.521	-4.08682	204.004	0	
-12.7229	-3.212	211.854	0	
-13.8128	-4.55188	194.65	0	
-13.4082	-4.20108	200.61	0	
-12.4007	-3.741	207.397	0	
-11.9922	-3.60933	209.305	0	
-13.5301	-4.94324	194.681	0	
-13.1607	-4.34522	199.422	0	
-12.8815	-4.11191	203.643	0	
-13.3165	-3.90453	202.705	0	
-12.7578	-0.203271	253.03	0	
-12.5169	-2.98146	214.841	0	
-12.0555	-2.46449	217.279	0	
-11.6054	-2.52041	217.81	0	
-12.045	-1.54841	222.292	0	
-12.3204	-1.94378	221.28	0	
-12.7165	-1.93784	224.312	0	
-13.6584	-5.37812	192.381	0	
-12.0457	-6.43452	193.607	0	
-12.1286	-1.07668	224.294	0	
-12.5412	-1.35742	226.16	0	
-14.4979	-3.45248	197.047	0	
-14.9157	-4.31574	188.172	0	
-10.8293	-1.65052	224.497	0	
-11.6989	-1.67596	222.656	0	
-14.8753	-3.4469	192.537	0	
-15.1367	-2.99624	194.254	0	
-15.3217	-4.71175	183.67	0	
-14.8073	-5.28657	186.902	0	
80.8216	-1.73297	224.725	0	
80.3784	-1.54011	233.329	0	
58.9459	-2.22015	204.854	0	
59.0792	-1.87745	201.01	0	
59.4517	-1.67665	198.434	0	
58.7517	-1.43785	193.439	0	
22.7133	-2.14516	190.361	0	
23.3898	-1.88069	189.908	0	
22.4867	-2.39741	190.847	0	
23.1682	-2.79738	189.696	0	
21.928	-2.00134	191.72	0	
21.8777	-2.58836	192.19	0	
21.5502	-2.07424	193.831	0	
21.5356	-2.47035	191.746	0	
21.2134	-2.83297	194.743	0	
21.3029	-3.8189	195.035	0	
22.5055	-3.28007	188.433	0	
22.8657	-2.87174	188.907	0	
21.9644	-3.64516	189.942	0	
22.9304	-3.97013	187.913	0	
21.7704	-3.25774	192.1	0	
21.3254	-3.30144	192.043	0	
23.1887	-4.32217	185.712	0	
23.9211	-3.58293	190.891	0	
21.7305	-4.06091	190.933	0	
22.5104	-5.20894	186.664	0	
22.6645	-4.81607	185.681	0	
23.8201	-4.99329	185.636	0	
21.9388	-4.43127	188.479	0	
21.74	-4.82884	190.9	0	
22.754	-5.78099	185.492	0	
23.4262	-5.1637	184.279	0	
24.1611	-5.24734	184.474	0	
24.7606	-4.23588	191.247	0	
21.2349	-5.08147	193.767	0	
21.0556	-6.03663	195.6	0	
22.2986	-6.04622	186.6	0	
21.8284	-7.55063	189.97	0	
24.1215	-5.74417	183.014	0	
24.8921	-5.47359	184.549	0	
23.6013	-6.08657	182.947	0	
24.2594	-6.83119	182.806	0	
25.3345	-5.46689	186.622	0	
25.447	-4.69143	191.734	0	
25.2749	-6.43456	183.225	0	
26.3838	-4.65631	190.613	0	
21.8363	-5.62936	189.707	0	
21.2957	-5.6414	191.642	0	
26.0104	-7.0872	184.566	0	
26.2275	-5.94625	185.331	0	
26.4534	-5.46954	186.457	0	
27.0581	-5.32901	188.238	0	
23.6457	-2.46252	191.035	0	
24.3478	-2.94458	195.629	0	
23.2679	-2.5002	189.441	0	
23.4326	-3.05188	189.114	0	
23.3632	-3.44048	189.282	0	
23.6682	-3.73122	187.915	0	
24.2152	-3.75056	192.141	0	
24.3745	-3.48348	193.537	0	
24.3291	-4.01302	190.903	0	
24.6346	-4.01003	192.443	0	
24.8108	-3.22069	198.539	0	
24.6589	-2.9491	198.624	0	
24.2318	-4.3589	188.877	0	
24.5142	-4.51687	189.323	0	
25.13	-4.62639	190.183	0	
25.0866	-4.24395	193.116	0	
25.6291	-4.01689	198.824	0	
25.1206	-3.72517	197.127	0	
25.749	-4.33421	194.503	0	
25.7743	-3.22313	207.605	0	
25.131	-3.39345	201.362	0	
25.1847	-2.73593	205.984	0	
24.5966	-2.38521	200.029	0	
24.1642	-2.68398	194.947	0	
26.1864	-4.31496	197.331	0	
26.3138	-3.83419	202.379	0	
121.25	-0.303134	188.926	0	
121.875	-0.239636	181.942	0	
121.875	-0.479272	194.019	0	
120.977	-0.896046	197.694	0	
121.56	-0.974746	196.463	0	
122.166	-0.732558	195.103	0	
122.5	-0.300263	196.192	0	
-110.656	-2.89068	197.295	0	
-110.201	-2.53847	194.095	0	
-110.793	-3.1841	199.367	0	
-110.265	-3.44077	197.8	0	
-109.85	-2.52121	192.59	0	
-109.793	-1.89478	192.602	0	
-111.181	-3.15281	199.623	0	
-110.787	-3.7692	204.698	0	
-110.139	-3.10382	196.78	0	
-110.594	-3.48501	201.249	0	
-111.852	-3.63637	206.729	0	
-112.059	-4.15036	211.33	0	
-109.328	-3.38246	192.536	0	
-109.273	-2.43062	190.477	0	
-110.658	-4.08576	208.472	0	
-109.956	-4.04357	201.73	0	
-111.918	-4.78463	222.694	0	
-111.4	-4.00234	210.168	0	
-109.185	-3.72009	196.397	0	
-108.742	-3.38273	190.144	0	
-109.64	-2.25515	191.425	0	
-109.639	-2.80729	192.446	0	
-108.276	-3.5476	187.323	0	
-108.578	-2.87273	186.825	0	
-108.002	-3.17546	183.286	0	
-108.311	-3.05253	186.435	0	
-108.335	-3.83518	190.254	0	
-107.865	-3.76434	186.052	0	
-110.909	-4.43353	214.953	0	
-110.705	-4.94754	221.078	0	
-111.725	-3.3666	202.247	0	
-112.338	-3.9154	210.252	0	
-111.939	-3.03465	201.057	0	
-112.187	-3.62744	205.882	0	
-112.766	-3.85797	206.405	0	
-112.903	-4.47914	215.583	0	
-112.465	-2.73487	198.167	0	
-112.759	-3.27426	200.975	0	
-112.293	-2.37166	194.522	0	
-113.344	-2.31956	192.424	0	
-113.003	-2.93679	198.991	0	
-113.03	-2.36687	194.248	0	
150.754	-0.938054	219.535	0	
150.224	-1.20492	215.798	0	
151.042	-2.02038	200.466	0	
151.464	-2.02632	199.548	0	
150.3	-2.31023	202.103	0	
151.449	-2.76481	194.527	0	
152.094	-2.39116	194.566	0	
152.303	-2.02236	196.046	0	
149.896	-3.22389	196.03	0	
151.105	-3.56717	192.854	0	
150.974	-2.83621	195.013	0	
150.793	-3.25658	193.87	0	
152.294	-2.75807	193.472	0	
152.95	-2.47939	194.532	0	
152.928	-1.66858	196.47	0	
152.36	-1.27786	201.193	0	
150.295	-3.52752	193.537	0	
150.344	-4.14518	193.523	0	
152.085	-3.10144	192.786	0	
152.772	-3.4263	193.505	0	
151.664	-3.11119	193.017	0	
151.961	-3.81691	192.649	0	
145.948	-0.850009	217.555	0	
145.334	-0.1895	226.515	0	
145.436	-0.881157	215.701	0	
145.534	-1.11931	214.168	0	
145.437	-1.38205	209.437	0	
145.878	-1.64726	207.695	0	
145.191	-1.49065	207.846	0	
145.163	-1.7578	206.658	0	
144.846	-1.31443	210.486	0	
144.586	-1.42884	209.157	0	
144.899	-2.19534	203.676	0	
145.848	-2.55346	201.251	0	
144.021	-1.2484	212.103	0	
144.259	-1.40772	210.956	0	
144.191	-2.35029	203.14	0	
144.821	-2.89177	200.173	0	
145.148	-2.35929	202.421	0	
145.149	-2.69548	201.157	0	
143.953	-2.14884	203.619	0	
144.434	-1.85752	206.588	0	
143.605	-1.31328	212.849	0	
143.944	-1.85495	207.936	0	
143.687	-2.33931	202.321	0	
144.136	-2.65847	201.238	0	
143.287	-2.30373	202.278	0	
143.002	-2.66832	198.303	0	
144.286	-2.87917	200.395	0	
144.653	-2.39583	202.633	0	
144.179	-3.10662	199.889	0	
144.724	-3.21604	200.081	0	
143.934	-3.13559	199.266	0	
144.081	-3.60671	199.079	0	
143.7	-2.8815	199.771	0	
143.488	-3.28861	198.528	0	
143.277	-3.40033	197.759	0	
143.387	-3.79581	198.352	0	
143.064	-3.26639	197.584	0	
142.928	-3.64075	197.256	0	
143.334	-4.0642	199.273	0	
144.234	-4.06359	199.839	0	
143.17	-2.94852	198.26	0	
142.587	-3.15531	196.305	0	
143.061	-4.28184	198.073	0	
143.073	-4.56993	200.6	0	
143.616	-4.13444	199.377	0	
143.906	-4.46684	200.73	0	
142.476	-4.84974	200.548	0	
143.128	-5.02338	202.646	0	
144.471	-3.99069	200.197	0	
144.32	-3.55383	199.555	0	
143.68	-4.92465	202.741	0	
144.619	-4.4034	201.073	0	
142.579	-5.52161	204.561	0	
142.985	-5.54589	205.462	0	
144.205	-4.76356	202.594	0	
143.427	-4.85123	202.058	0	
144.655	-4.14486	200.338	0	
144.933	-3.84638	199.772	0	
144.376	-4.50696	200.859	0	
145.433	-4.2508	200.418	0	
145.261	-3.72128	199.742	0	
144.906	-3.39454	199.534	0	
143.888	-4.7581	201.431	0	
145.014	-4.77627	202.411	0	
144.922	-4.49602	201.454	0	
145.426	-4.86522	202.46	0	
143.613	-5.21721	204.059	0	
143.807	-5.76865	208.026	0	
146.481	-1.01784	212.28	0	
146.823	-0.429587	214.767	0	
145.986	-0.213622	229.164	0	
143.948	-5.2983	205.028	0	
144.912	-5.57719	206.607	0	
-3.05151	-0.646017	214.283	0	
-2.78906	-0.718835	200.989	0	
-3.30414	-0.887323	202.496	0	
-3.08186	-0.363351	208.208	0	
-3.21775	-1.12375	206.502	0	
-3.31989	-1.38499	202.603	0	
-3.03802	-1.52417	202.611	0	
-3.59017	-1.51288	200.875	0	
-3.61473	-1.77518	202.617	0	
-2.66477	-1.92275	203.515	0	
-2.48642	-1.58471	202.29	0	
-3.93505	-1.33561	202.546	0	
-4.70343	-2.05523	205.36	0	
-3.85919	-1.96493	201.71	0	
-3.6681	-2.28079	203.205	0	
-3.86189	-2.52455	202.649	0	
-3.24815	-2.8757	203.286	0	
-2.38455	-0.864536	199.898	0	
-2.13508	-0.127873	169.147	0	
-4.25448	-1.51271	200.313	0	
-4.61753	-1.31783	205.056	0	
-2.54006	-0.98243	199.449	0	
-2.40897	-0.670812	195.893	0	
-2.62253	-1.37899	201.253	0	
-2.09067	-1.12118	198.138	0	
-2.23092	-0.535749	187.597	0	
-2.56741	-0.332263	188.027	0	
-2.38555	-1.82705	202.774	0	
-2.24199	-1.2428	200.142	0	
-1.85581	-1.09554	194.154	0	
-1.97619	-0.78541	190.953	0	
-1.97398	-0.576372	188.27	0	
-1.85594	-0.327525	183.632	0	
-2.08719	-1.87124	202.277	0	
-2.21772	-1.4625	201.202	0	
-1.59651	-1.12124	195.791	0	
-1.5257	-0.889374	194.442	0	
-1.77935	-2.08875	203.912	0	
-1.60638	-1.60639	200.685	0	
5	-0.303134	171.584	0	
5.625	-0.239636	168.672	0	
5.625	-0.479272	178.534	0	
4.72701	-0.896046	181.108	0	
5.31268	-0.974746	182.866	0	
5.91515	-0.735914	181.785	0	
6.25	-0.303134	182.418	0	
101.25	-0.303134	176.344	0	
101.875	-0.239636	177.098	0	
101.875	-0.479272	179.46	0	
100.715	-0.722446	183.072	0	
101.55	-1.17502	184.545	0	
102.165	-0.735914	182.219	0	
102.5	-0.303134	183.829	0	
85	-0.303134	205.545	0	
85.625	-0.239636	202.383	0	
85.625	-0.479272	217.453	0	
84.727	-0.896046	219.274	0	
85.3127	-0.974746	219.293	0	
85.9152	-0.735914	216.752	0	
86.25	-0.303134	219.758	0	
73.75	-0.303134	261.82	0	
74.375	-0.239636	255.262	0	
74.375	-0.479272	247.535	0	
73.477	-0.896046	249.182	0	
74.0604	-0.974746	244.553	0	
74.6663	-0.732558	239.519	0	
75	-0.300263	233.522	0	
60.981	-1.5972	200.235	0	
60.3613	-1.43287	200.491	0	
-127.819	-1.49171	182.208	0	
-127.531	-1.71256	182.485	0	
-128.311	-1.73449	171.149	0	
-127.624	-1.92623	180.624	0	
-128.572	-2.12516	171.212	0	
-128.141	-2.46162	172.829	0	
-127.449	-2.17557	180.622	0	
-126.985	-1.8705	190.224	0	
-127.648	-2.40388	178.071	0	
-127.082	-2.66511	183.504	0	
-126.637	-1.76109	194.357	0	
-127.085	-1.39467	192.943	0	
6.99294	-2.01195	195.927	0	
8.35267	-2.00718	191.51	0	
7.58115	-3.12521	199.999	0	
7.99085	-2.21658	198.191	0	
6.71108	-2.22814	199.439	0	
7.30068	-2.53393	198.072	0	
8.06954	-3.99517	200.607	0	
7.98779	-2.62296	196.651	0	
6.3971	-2.20692	196.69	0	
6.47664	-2.7413	199.435	0	
6.23092	-1.94836	194.436	0	
5.5074	-2.42212	193.117	0	
6.37524	-3.04016	199.683	0	
6.87592	-3.19732	200.639	0	
6.25995	-1.58435	192.977	0	
5.81294	-1.38932	188.557	0	
5.52653	-2.78176	195.646	0	
5.98377	-2.50727	196.165	0	
6.03923	-3.07312	199.336	0	
6.23932	-3.56469	201.359	0	
5.25141	-3.13778	195.368	0	
5.89872	-3.36026	198.884	0	
7.15289	-3.32501	201.792	0	
7.76119	-3.43672	200.332	0	
6.92227	-3.94625	203.191	0	
7.18271	-4.14831	202.857	0	
6.57994	-4.17137	202.889	0	
6.56519	-4.56923	204.285	0	
7.72704	-5.09937	203.462	0	
7.49663	-3.99136	202.293	0	
8.14316	-5.37502	203.176	0	
8.20437	-4.59404	200.837	0	
8.47066	-4.85636	201.624	0	
8.3293	-4.2436	201.072	0	
8.83243	-4.7759	199.403	0	
8.64945	-4.16008	198.302	0	
8.93988	-3.83458	197.19	0	
8.05666	-3.5861	200.374	0	
9.11496	-4.9542	199.5	0	
9.47559	-4.52607	197.235	0	
9.10911	-5.2907	199.488	0	
9.53791	-5.39043	199.508	0	
9.78289	-4.39801	195.054	0	
9.66166	-3.85612	193.447	0	
8.80872	-5.45442	201.773	0	
9.17752	-6.00615	201.168	0	
10.4176	-5.40455	196.689	0	
10.3329	-5.07783	196.057	0	
10.0495	-4.54393	195.026	0	
10.7356	-3.68319	189.471	0	
9.77608	-3.34421	190.721	0	
8.99604	-3.4881	194.827	0	
8.45281	-5.19839	201.354	0	
8.20553	-5.80642	202.345	0	
8.84421	-6.52179	202.109	0	
9.53209	-6.59261	201.249	0	
10.0737	-4.9337	196.211	0	
10.5709	-4.44624	193.156	0	
10.3088	-4.30248	193.324	0	
10.8422	-4.29221	191.911	0	
10.3478	-5.73527	198.355	0	
10.7993	-5.33627	196.385	0	
10.8904	-3.39433	186.909	0	
10.3442	-2.94812	186.244	0	
10.6728	-5.9846	198.273	0	
10.9703	-5.67469	197.26	0	
11.9261	-5.28587	195.027	0	
11.4054	-4.42571	191.691	0	
10.2846	-6.63624	200.38	0	
11.1156	-6.66438	200.065	0	
6.17935	-4.89878	204.212	0	
6.80981	-5.36635	204.435	0	
7.9089	-5.99432	203.955	0	
8.22019	-6.52056	203.159	0	
11.2241	-3.38553	186.636	0	
11.0496	-2.88001	184.166	0	
11.3972	-3.64118	187.539	0	
11.7202	-3.1596	185.708	0	
11.2543	-3.92624	189.452	0	
11.8192	-4.06668	189.049	0	
10.9265	-3.95944	189.689	0	
11.0972	-4.52474	192.401	0	
12.2049	-4.19285	190.762	0	
13.0732	-2.97469	186.823	0	
11.1414	-4.85426	193.72	0	
11.458	-4.97004	193.829	0	
12.5216	-3.94024	189.112	0	
12.8978	-3.93729	190.092	0	
11.5717	-5.32394	195.956	0	
11.9494	-4.82908	193.601	0	
7.1262	-5.79639	204.889	0	
7.39676	-5.26042	204.338	0	
7.51624	-5.72397	204.002	0	
7.44649	-7.0305	202.254	0	
8.22729	-6.9252	201.954	0	
9.4674	-6.93148	200.792	0	
12.261	-2.33769	183.455	0	
12.504	-3.32194	186.506	0	
13.0951	-4.26138	192.705	0	
14.5093	-3.96906	197.466	0	
7.15765	-6.28172	203.977	0	
6.3573	-6.82445	203.588	0	
7.8148	-7.22016	202.963	0	
7.81102	-7.69497	200.842	0	
8.53319	-7.09504	202.084	0	
9.13774	-7.05699	201.521	0	
11.833	-2.46436	183.024	0	
11.9155	-2.91179	183.967	0	
12.6632	-4.82637	194.232	0	
13.9458	-4.62271	198.558	0	
13.4993	-3.58882	190.181	0	
13.6943	-3.91231	192.983	0	
8.59559	-7.51382	200.974	0	
9.19442	-7.72474	200.649	0	
10.1672	-7.08226	200.307	0	
9.92891	-6.40007	199.96	0	
12.6277	-5.29711	195.962	0	
13.2751	-4.96593	196.398	0	
14.0792	-4.08156	195.813	0	
13.465	-4.25486	194.139	0	
8.98374	-7.46825	201.009	0	
9.74679	-7.18496	200.985	0	
10.3062	-7.7826	200.143	0	
11.2389	-7.1488	200.493	0	
12.204	-5.50512	197.551	0	
12.9132	-5.89981	199.673	0	
8.55526	-8.25144	199.355	0	
9.83462	-8.34106	198.937	0	
11.6506	-6.04338	198.902	0	
11.6209	-6.42943	199.435	0	
13.1855	-6.64588	202.63	0	
13.6341	-5.99505	202.221	0	
12.6412	-7.18136	202.415	0	
12.5156	-6.44243	200.595	0	
14.3261	-6.88433	208.222	0	
14.401	-5.8998	204.39	0	
10.9554	-7.41085	200.704	0	
12.1681	-7.07709	201.278	0	
12.8686	-7.67206	203.23	0	
13.4474	-6.97433	204.394	0	
14.0238	-6.21272	205.256	0	
14.1198	-5.49493	202.843	0	
12.0236	-7.86717	201.609	0	
13.7188	-8.69579	203.352	0	
8.29913	-2.79588	197.545	0	
8.32062	-3.27923	197.299	0	
9.01666	-2.07884	189.427	0	
8.62228	-2.58155	193.583	0	
5.34745	-7.43263	201.25	0	
6.32788	-8.28564	198.859	0	
6.7751	-7.85188	200.183	0	
8.51036	-8.70913	197.639	0	
13.6743	-3.25484	189.84	0	
14.1567	-3.23022	191.607	0	
13.4846	-2.19761	186.914	0	
12.9158	-2.67949	185.934	0	
8.98631	-9.12218	197.363	0	
9.46314	-8.50411	199.358	0	
10.2239	-8.60555	199.338	0	
10.7051	-8.05423	200.494	0	
13.9185	-6.70218	204.972	0	
15.2675	-6.70276	211.412	0	
6.76669	-9.1634	195.398	0	
7.7427	-9.71765	194.195	0	
8.93887	-9.57051	194.682	0	
9.68217	-9.73752	194.961	0	
10.1925	-9.07664	197.339	0	
11.0122	-9.19674	197.875	0	
11.1364	-7.86357	200.424	0	
10.4738	-7.36473	200.74	0	
15.3776	-5.94504	209.968	0	
14.825	-6.04583	209.479	0	
8.54662	-9.76143	194.376	0	
7.82965	-10.3715	190.999	0	
10.0557	-10.0499	194.656	0	
10.5817	-9.3792	197.651	0	
11.4146	-9.49933	198.505	0	
12.6653	-8.77579	200.938	0	
11.619	-8.13013	201.28	0	
11.8245	-7.33856	201.517	0	
8.1338	-9.47571	195.413	0	
8.38741	-10.6175	190.49	0	
9.21033	-10.3479	192.753	0	
8.71328	-10.2493	191.984	0	
9.54717	-10.7068	191.937	0	
10.5667	-10.6879	193.41	0	
11.4045	-10.0355	196.206	0	
12.2777	-9.84232	197.755	0	
12.5947	-8.09639	202.907	0	
11.5867	-8.60944	200.014	0	
8.0501	-8.87173	197.569	0	
7.34072	-9.25809	195.958	0	
9.75996	-11.6921	187.203	0	
10.8453	-11.1186	190.721	0	
6.53565	-10.7112	189.72	0	
7.24377	-11.435	187.124	0	
12.4298	-10.7654	195.644	0	
11.8426	-10.2158	196.946	0	
12.8032	-10.4605	196.865	0	
13.0781	-9.06702	203.239	0	
13.6099	-10.3553	199.232	0	
13.0795	-9.68931	199.761	0	
11.9143	-10.6796	194.508	0	
12.5082	-11.2084	194.036	0	
14.1179	-10.5654	199.587	0	
14.0432	-9.73811	202.252	0	
11.5577	-11.1141	193.511	0	
13.0862	-11.7986	193.337	0	
14.1948	-11.04	197.787	0	
13.3018	-11.082	195.69	0	
13.7452	-11.2764	196.082	0	
15.4428	-9.84848	203.896	0	
11.9784	-11.4373	192.005	0	
11.6188	-12.3139	188.632	0	
13.6059	-12.9152	190.284	0	
14.6411	-11.2793	197.026	0	
11.25	-0.303134	169.853	0	
11.875	-0.239636	174.306	0	
11.875	-0.479272	177.637	0	
10.977	-0.896046	172.808	0	
11.5605	-0.974746	176.262	0	
12.1663	-0.732589	180.753	0	
12.5	-0.300274	186.789	0	
103.237	-2.01527	185.562	0	
104.918	-2.18508	191.247	0	
103.828	-3.12688	192.534	0	
104.243	-2.21678	190.039	0	
105.756	-1.52158	188.274	0	
104.526	-1.63697	187.868	0	
102.543	-2.22697	188.589	0	
103.549	-2.53997	189.267	0	
104.243	-4.00622	197.311	0	
104.238	-2.625	190.551	0	
103.459	-3.1725	194.039	0	
104.005	-3.43842	195.254	0	
102.848	-3.99341	197.662	0	
103.423	-4.14248	198.662	0	
102.823	-4.55988	200.932	0	
103.432	-4.46531	199.621	0	
103.738	-4.60142	200.907	0	
103.737	-3.98854	197.393	0	
103.775	-4.95116	201.898	0	
104.237	-4.57171	200.272	0	
103.234	-4.98753	202.142	0	
104.238	-4.84671	201.237	0	
104.492	-4.42255	198.953	0	
103.99	-4.14369	198.344	0	
104.054	-5.4697	203.851	0	
105.068	-4.3482	197.995	0	
104.885	-4.89834	200.459	0	
105.077	-3.15508	193.532	0	
104.429	-5.44685	203.609	0	
105.614	-6.28808	205.166	0	
104.825	-4.07621	197.842	0	
104.243	-3.61141	195.366	0	
105.288	-5.11856	201.699	0	
106.042	-5.07608	200.324	0	
102.601	-4.80589	202.103	0	
103.538	-5.14688	203.435	0	
102.282	-4.75431	202.152	0	
102.252	-5.33728	204.755	0	
102.869	-5.07272	203.318	0	
103.252	-5.69998	206.291	0	
102.161	-4.46715	200.966	0	
101.652	-4.70533	202.786	0	
101.741	-5.57508	206.031	0	
102.516	-6.61309	208.581	0	
103.284	-6.07143	206.905	0	
103.813	-5.70767	205.724	0	
102.345	-4.22339	199.431	0	
101.886	-3.92459	198.822	0	
101.335	-4.69441	203.33	0	
101.286	-5.24118	205.341	0	
102.746	-6.31689	207.818	0	
103.61	-6.72749	209.067	0	
102.689	-4.26454	199.335	0	
102.653	-3.71626	196.564	0	
101.728	-3.68471	197.717	0	
101.281	-3.87417	199.825	0	
102.159	-3.40307	195.396	0	
101.427	-3.12891	195.761	0	
100.98	-3.84818	200.769	0	
100.911	-4.36763	203.117	0	
102.214	-2.74676	192.104	0	
101.678	-3.10676	194.944	0	
101.257	-2.89402	195.739	0	
101.007	-3.05162	196.99	0	
101.273	-2.64099	194.249	0	
101.061	-2.51695	194.298	0	
100.52	-2.92151	198.868	0	
100.547	-3.54546	201.53	0	
101.492	-2.52235	192.546	0	
101.484	-2.27131	191.696	0	
100.84	-2.15884	193.747	0	
100.843	-2.63611	196.655	0	
100.832	-1.91557	193.353	0	
100.414	-2.15475	196.075	0	
101.248	-1.9156	190.937	0	
100.427	-1.92498	196.195	0	
100.197	-2.26444	198.761	0	
100.193	-2.51395	198.664	0	
100.63	-1.55696	192.472	0	
100.175	-1.39988	192.372	0	
100.011	-1.88966	198.907	0	
99.788	-2.23388	200.653	0	
99.9833	-2.88969	201.202	0	
100.302	-3.05469	200.704	0	
99.8247	-1.49994	198.086	0	
99.9956	-2.13165	198.124	0	
99.5598	-1.03848	197.501	0	
99.2696	-1.6843	199.526	0	
99.7978	-1.74715	197.489	0	
99.5872	-2.11055	200.583	0	
99.3293	-2.26863	201.19	0	
99.7821	-2.48405	200.693	0	
99.0862	-1.97687	201.78	0	
98.964	-2.87161	205.387	0	
101.726	-2.75323	193.177	0	
101.964	-2.61981	191.431	0	
101.664	-1.90169	188.99	0	
101.452	-1.79911	188.734	0	
101.899	-1.75355	187.718	0	
101.888	-1.52531	186.403	0	
101.244	-1.47329	186.978	0	
101.036	-1.79935	190.679	0	
102.079	-1.98285	188.03	0	
102.458	-1.54649	185.711	0	
101.287	-1.18893	185.605	0	
100.835	-1.44169	189.484	0	
102.147	-1.34084	184.659	0	
101.696	-0.960761	182.309	0	
99.3509	-2.82237	203.352	0	
99.6287	-3.33026	203.782	0	
99.2586	-0.945795	191.241	0	
99.2871	-1.40215	196.893	0	
102.437	-2.50956	190.215	0	
102.38	-1.96025	187.053	0	
100.858	-1.20871	187.025	0	
101.106	-1.0584	184.222	0	
98.7141	-3.28702	206.039	0	
99.9448	-3.42458	202.958	0	
99.0926	-0.721639	187.663	0	
98.5108	-1.29224	194.662	0	
102.697	-2.64564	190.312	0	
102.903	-2.20325	188.618	0	
99.3186	-3.60969	205.614	0	
99.3956	-4.43192	206.274	0	
99.5833	-0.233607	188.538	0	
98.7056	-0.342296	184.07	0	
98.6524	-0.882777	190.433	0	
98.3696	-0.988113	192.523	0	
102.692	-3.16647	193.173	0	
103.247	-2.66307	190.798	0	
101.218	-4.39951	202.354	0	
99.2264	-0.395458	182.695	0	
100.695	-4.63621	204.152	0	
101.09	-5.52854	206.524	0	
102.077	-5.62219	205.959	0	
102.855	-3.46794	194.583	0	
102.31	-3.11513	193.286	0	
100.847	-3.56591	200.271	0	
100.387	-3.79553	202.364	0	
100.04	-3.70606	203.629	0	
99.5427	-4.07529	205.743	0	
100.254	-4.32213	204.215	0	
99.9482	-4.07733	204.774	0	
103.184	-3.58309	196.052	0	
103.197	-2.97628	191.093	0	
100.331	-4.6229	205.352	0	
99.992	-4.93876	206.156	0	
100.621	-5.20255	206.21	0	
100.657	-6.1198	207.746	0	
101.554	-5.88446	207.197	0	
101.837	-6.33104	207.835	0	
100.158	-5.21901	206.72	0	
100.536	-5.80127	207.145	0	
105.612	-4.83181	199.308	0	
106.294	-4.14782	195.519	0	
102.606	-5.96836	207.043	0	
102.245	-5.94451	207.144	0	
103.194	-6.7165	208.936	0	
103.061	-6.36534	208.306	0	
103.369	-7.36679	209.842	0	
104.721	-6.21168	205.89	0	
100.426	-6.55848	207.019	0	
100.751	-6.96855	208.696	0	
102.42	-7.49534	209.903	0	
102.889	-8.0209	209.493	0	
104.547	-2.79727	192.479	0	
104.576	-3.49774	195.608	0	
105.262	-2.06553	190.616	0	
104.871	-2.58098	191.703	0	
104.687	-3.1777	193.66	0	
104.911	-3.82164	195.735	0	
105.579	-4.036	195.865	0	
105.702	-3.44016	193.579	0	
104.761	-5.75191	205.545	0	
104.341	-6.44949	208.659	0	
98.9314	-4.38063	206.953	0	
99.0726	-5.04564	207.284	0	
98.6146	-4.06513	206.391	0	
98.2239	-4.66335	205.815	0	
104.533	-7.87574	209.891	0	
104.647	-7.33047	210.784	0	
106.049	-6.58555	208.088	0	
106.863	-5.58809	200.262	0	
104.316	-7.00622	208.941	0	
105.219	-6.47724	208.137	0	
98.8547	-3.65082	206.717	0	
98.2564	-3.03781	205.233	0	
105.604	-7.44998	210.533	0	
106.648	-7.55651	209.855	0	
106.861	-4.98247	198.611	0	
106.073	-5.63345	201.668	0	
104.062	-8.11699	210.49	0	
105.578	-8.11098	209.814	0	
106.95	-6.59364	206.813	0	
107.295	-6.25275	203.239	0	
107.5	-0.303134	175.406	0	
108.125	-0.239636	168.92	0	
108.125	-0.479272	174.471	0	
107.227	-0.896046	177.725	0	
107.81	-0.974746	174.555	0	
108.415	-0.735914	171.925	0	
108.75	-0.303134	170.995	0	
122.072	-1.38684	198.176	0	
122.193	-2.02224	194.984	0	
-89.9231	-2.56312	186.739	0	
-89.5164	-1.92565	192.347	0	
-89.8649	-2.98366	185.699	0	
-89.2531	-2.54672	190.278	0	
-89.353	-1.57725	197.404	0	
-89.7432	-1.30312	193.764	0	
-90.3373	-1.61344	183.847	0	
-90.1992	-1.9399	189.157	0	
-8.6948	-2.00387	209.855	0	
-7.93958	-2.00429	204.722	0	
86.9929	-2.01195	217.864	0	
88.3108	-2.00039	206.109	0	
87.5249	-3.13458	212.243	0	
87.9909	-2.21658	207.374	0	
86.5843	-2.33957	215.829	0	
87.3007	-2.53393	214.13	0	
88.1494	-3.23887	210.818	0	
87.9474	-2.59113	210.324	0	
86.6808	-3.06622	213.187	0	
87.3886	-3.98532	209.492	0	
88.5737	-3.55297	211.594	0	
88.8212	-2.98421	210.225	0	
86.1891	-3.31205	207.655	0	
86.2014	-3.83826	207.809	0	
87.4057	-4.45307	208.492	0	
88.0607	-4.04637	210.738	0	
89.2242	-2.84872	210.128	0	
88.9424	-2.13809	204.188	0	
86.6339	-4.60978	205.626	0	
87.8171	-5.22568	204.07	0	
86.1989	-5.32114	198.257	0	
87.2906	-5.22724	203.592	0	
88.3197	-5.58537	202.916	0	
88.8302	-5.27173	208.036	0	
74.5717	-1.38684	229.023	0	
74.8478	-1.88599	218.092	0	
-72.0362	-5.23882	219.963	0	
-71.6972	-4.39574	201.261	0	
-72.4827	-3.80336	189.581	0	
-73.9358	-4.70149	208.189	0	
-72.3456	-6.03453	244.698	0	
-70.7612	-5.56618	224.827	0	
-95.6212	-3.23	194.519	0	
-96.1784	-3.65431	198.242	0	
-95.4214	-4.35442	205.728	0	
-95.0207	-3.91757	201.064	0	
-94.7084	-3.77479	197.144	0	
-94.6806	-3.42319	196.306	0	
-69.9305	-4.82172	209.215	0	
-69.1573	-5.0398	218.449	0	
-68.7944	-4.71914	207.741	0	
-69.0823	-4.34342	203.275	0	
-72.1257	-0.89663	191.198	0	
-71.1021	-1.29069	190.844	0	
-71.2011	-0.385032	194.564	0	
-71.5136	-0.169274	191.342	0	
-72.0478	-1.56976	186.614	0	
-71.5201	-1.27594	190.521	0	
-70.458	-5.94934	241.084	0	
-70.147	-5.12129	219.229	0	
-70.9219	-4.73043	205.615	0	
-71.3017	-5.01473	213.428	0	
-70.5117	-6.47769	253.478	0	
-69.4708	-6.27029	248.26	0	
-71.0864	-6.54963	265.785	0	
-70.2564	-7.49788	295.418	0	
-71.6178	-3.6357	185.24	0	
-71.9796	-4.23777	193.063	0	
-71.5945	-3.30751	184.572	0	
-72.1823	-3.29895	183.683	0	
-71.1727	-3.07374	181.242	0	
-71.5846	-2.48601	181.127	0	
-72.4736	-3.147	181.859	0	
-72.7732	-3.6297	186.877	0	
-72.4383	-2.7823	180.554	0	
-73.1155	-2.6375	181.634	0	
-73.0771	-3.80027	190.702	0	
-72.6476	-4.14594	192.241	0	
-73.6856	-3.47833	187.166	0	
-73.3907	-4.27906	197.265	0	
-74.1473	-3.52643	191.242	0	
-73.7101	-4.03348	195.092	0	
-74.4931	-3.2936	191.202	0	
-74.5972	-3.91709	196.949	0	
-74.7386	-4.25054	202.408	0	
-74.1761	-4.44662	204.06	0	
-75.0811	-4.29405	205.026	0	
-74.5818	-4.93329	214.391	0	
-74.8796	-5.06307	219.742	0	
-73.9699	-5.08846	216.529	0	
-75.2781	-3.9919	199.767	0	
-75.7448	-4.48887	209.53	0	
-73.6107	-5.3252	222.418	0	
-73.4923	-4.59896	207.115	0	
-75.12	-3.57697	196.017	0	
-75.8656	-3.40342	197.274	0	
-76.487	-4.63018	211.105	0	
-76.0285	-5.23523	220.999	0	
-73.9751	-5.93323	242.327	0	
-73.187	-5.99521	245.885	0	
-76.04	-6.29676	262.583	0	
-74.3012	-5.6443	232.279	0	
-74.9417	-5.52263	229.28	0	
-74.6777	-5.80512	240.723	0	
-75.3667	-5.64615	235.411	0	
-75.5294	-6.08531	245.914	0	
-74.7938	-6.26937	250.67	0	
-74.0408	-6.35778	255.348	0	
-74.4831	-6.5331	266.84	0	
-72.8132	-5.72884	228.703	0	
-76.3869	-6.03788	242.023	0	
-75.8459	-7.10921	292.893	0	
-74.9966	-7.29537	295.902	0	
-73.6764	-6.71117	270.056	0	
-73.2154	-6.52412	255.022	0	
-72.3172	-6.62143	260.699	0	
-75.8629	-7.84326	311.008	0	
-74.5365	-7.11023	275.658	0	
-73.9948	-7.2227	289.645	0	
-73.6115	-7.8333	321.362	0	
-76.4672	-8.20346	336.274	0	
-76.708	-10.3034	426.788	0	
-75.263	-7.94516	320.646	0	
-74.0155	-8.60129	344.993	0	
-75.7705	-2.82014	195.48	0	
-76.223	-2.51509	197.12	0	
-75.3952	-2.94868	194.509	0	
-75.3237	-2.2799	194.358	0	
-159.195	-0.645307	204.984	0	
-158.873	-0.617774	214.569	0	
-159.649	-0.213456	207.423	0	
-159.062	-0.133359	212.508	0	
-159.336	-0.346815	216.148	0	
-158.685	-0.82221	211.061	0	
-158.285	-0.35139	217.333	0	
-158.741	-1.16363	209.271	0	
-158.156	-1.0678	214.136	0	
-161.155	-0.422868	154.848	0	
-160.886	-1.31893	166.825	0	
-160.565	-0.328585	147.793	0	
-160.252	-0.184132	154.965	0	
-160.938	-0.144453	152.597	0	
-161.438	-0.51768	152.325	0	
-160.61	-0.6411	157.291	0	
-161.846	-0.239265	156.512	0	
-162.237	-2.40324	192.252	0	
-161.563	-0.909967	160.273	0	
-161.096	-1.08741	160.334	0	
-161.952	-1.03521	163.898	0	
-161.604	-1.5332	166.718	0	
-162.244	-0.642923	168.517	0	
-165.015	-1.01667	206.645	0	
-162.459	-1.75976	182.73	0	
-161.19	-2.70701	195.69	0	
-160.96	-1.67564	168.716	0	
-160.324	-1.77369	180.368	0	
-161.39	-1.81014	180.586	0	
-161.566	-2.3608	183.593	0	
-161.231	-3.41227	202.498	0	
-160.197	-2.33851	190.095	0	
-141.979	-3.21714	170.645	0	
-141.54	-4.1441	172.233	0	
-140.526	-4.06629	173.706	0	
-140.587	-3.1661	169.633	0	
-141.16	-2.81469	170.969	0	
-141.577	-3.22716	169.217	0	
-141.04	-2.51375	174.55	0	
-141.557	-2.50903	174.378	0	
-140.596	-2.41132	174.903	0	
-141.148	-1.97457	183.476	0	
23.75	-0.247695	190.309	0	
24.6875	-0.116803	198.812	0	
24.2708	-0.479166	191.837	0	
24.638	-0.620842	197.818	0	
24.2708	-0.24556	194.3	0	
24.4792	-0.479166	194.818	0	
24.4792	-0.24556	191.036	0	
24.5753	-0.919845	196.142	0	
25.3832	-1.01221	214.889	0	
24.1825	-0.928007	191.679	0	
24.2267	-1.60102	193.97	0	
24.8544	-1.05118	202.989	0	
25.2644	-1.32057	208.644	0	
-134.508	-2.68057	181.908	0	
-134.457	-2.04532	182.271	0	
-134.441	-3.10422	184.323	0	
-133.827	-2.79625	185.984	0	
118.75	-0.244807	172.844	0	
119.688	-0.116803	185.612	0	
119.271	-0.479166	179.119	0	
119.694	-0.916884	183.488	0	
119.271	-0.24556	179.192	0	
119.479	-0.479166	179.561	0	
119.479	-0.24556	178.754	0	
120.007	-0.899036	191.515	0	
119.944	-0.596974	184.11	0	
122.511	-2.01208	193.907	0	
121.813	-2.56814	194.274	0	
121.857	-3.0974	190.453	0	
122.26	-3.14189	187.219	0	
-120.262	-1.70084	191.184	0	
-120.244	-2.10832	183.709	0	
-111.089	-0.738025	184.513	0	
-110.51	-0.779686	187.186	0	
-111.565	-1.07041	191.387	0	
-111.145	-1.1857	191.091	0	
-111.55	-1.412	191.701	0	
-111.254	-1.45586	192.642	0	
-110.99	-1.73877	194.313	0	
-110.715	-1.67899	192.931	0	
-110.41	-1.94438	193.263	0	
-110.362	-1.37593	191.859	0	
-86.605	-0.480311	191.223	0	
-87.1258	-0.182122	207.654	0	
-79.8814	-1.2316	185.236	0	
-80.3284	-1.6481	184.26	0	
-79.105	-0.468681	196.601	0	
-79.6259	-0.178899	195.743	0	
-76.0445	-1.80153	199.577	0	
-76.5983	-1.60841	200.21	0	
-75.7457	-1.88585	198.261	0	
-75.8465	-1.28774	198.316	0	
-75.6327	-2.23067	196.119	0	
-75.2009	-1.9299	195.769	0	
-75.9417	-0.972308	202.755	0	
-76.3356	-1.33744	201.866	0	
-95.3479	-2.81905	193.091	0	
-95.8802	-2.42648	191.197	0	
-22.5	-0.289266	223.562	0	
-21.5625	-0.120278	239.605	0	
-22.1875	-0.120278	234.45	0	
-21.5833	-0.733733	231.905	0	
-21.875	-0.240555	234.665	0	
-25	-0.300119	236.691	0	
-24.0625	-0.116803	242.418	0	
-24.4792	-0.479166	237.617	0	
-24.6384	-0.621172	231.189	0	
-24.9509	-0.570881	229.86	0	
-24.112	-0.620842	234.079	0	
-24.4792	-0.24556	241.215	0	
-24.2708	-0.479166	239.328	0	
-24.2708	-0.24556	239.038	0	
-24.2706	-0.95492	227.509	0	
-23.3668	-1.01221	224.542	0	
-23.7434	-1.15949	223.874	0	
-23.4856	-1.32057	219.707	0	
-8.61769	-1.61566	213.287	0	
-8.75224	-0.793505	218.23	0	
71.3203	-0.378106	253.22	0	
72.1875	-0.116803	244.351	0	
71.7708	-0.479166	249.222	0	
72.1945	-0.916884	234.917	0	
71.7708	-0.24556	245.39	0	
71.9792	-0.479166	244.307	0	
71.9792	-0.24556	249.24	0	
72.507	-0.899036	235.858	0	
72.4438	-0.596974	238.748	0	
-4.50505	-2.68188	202.987	0	
-4.38631	-2.11632	202.236	0	
-5.22001	-2.25448	206.063	0	
-5.15544	-2.80648	203.845	0	
-4.34483	-3.09923	203.843	0	
-3.68397	-3.47517	203.445	0	
-5.39596	-1.84083	205.375	0	
-6.15467	-2.3764	204.911	0	
-6.35508	-2.97044	201.243	0	
-5.70938	-2.56645	204.647	0	
-6.16348	-3.27771	201.195	0	
-5.90888	-2.82012	202.79	0	
-6.27198	-3.71489	199.108	0	
-5.03838	-4.03376	201.535	0	
-6.70758	-3.76969	199.09	0	
-5.54566	-4.56652	198.814	0	
-5.51724	-3.7366	200.693	0	
-4.5717	-3.85857	202.515	0	
-5.95656	-3.98698	199.959	0	
-5.0575	-4.45686	199.885	0	
-6.41733	-4.72258	195.846	0	
-6.53283	-5.69525	193.105	0	
-10.2543	-1.32874	225.511	0	
-10.1641	-1.87621	220.036	0	
-10.3308	-0.975556	233.25	0	
-10.9704	-1.28085	229.545	0	
50	-0.289266	173.128	0	
50.9375	-0.120278	168.903	0	
50.3125	-0.120278	170.207	0	
50.9167	-0.733733	175.924	0	
50.625	-0.240555	167.829	0	
7.63263	-1.62248	199.805	0	
7.49916	-0.79641	185.086	0	
18.4711	-0.927894	187.26	0	
19.0409	-1.27751	191.979	0	
150.904	-0.626353	221.325	0	
150.763	-0.327861	228.84	0	
150.515	-0.274948	227.177	0	
151.184	-0.663484	223.663	0	
150.977	-0.142296	225.237	0	
151.314	-0.897365	211.703	0	
151.524	-0.388164	222.875	0	
151.251	-1.2295	212.763	0	
151.526	-1.36252	205.967	0	
150.312	-0.0893819	233.35	0	
149.747	-0.323009	224.511	0	
149.463	-0.895475	217.744	0	
150.114	-0.545416	225.243	0	
149.639	-1.18244	216.225	0	
149.89	-0.754526	221.287	0	
149.7	-1.53796	212.378	0	
150.117	-1.77459	207.722	0	
136.734	-1.70887	188.138	0	
136.1	-1.29235	191.836	0	
137.039	-1.74046	191.957	0	
137.093	-1.15002	191.357	0	
137.166	-2.00615	192.998	0	
137.541	-1.49026	199.426	0	
136.985	-2.30262	190.523	0	
137.479	-2.5067	194.214	0	
136.529	-2.21574	186.219	0	
137.171	-3.21086	190.083	0	
136.889	-2.92693	190.138	0	
137.985	-3.26497	195.753	0	
138.275	-3.02661	200.015	0	
137.696	-2.73811	195.495	0	
138.633	-3.10916	201.947	0	
138.333	-2.48263	204.789	0	
138.903	-3.45566	198.534	0	
139.418	-2.93024	202.292	0	
111.25	-0.247695	176.98	0	
112.188	-0.116803	167.538	0	
111.771	-0.479166	172.004	0	
112.138	-0.620842	175.446	0	
111.771	-0.24556	171.461	0	
111.979	-0.479166	172.6	0	
111.979	-0.24556	170.017	0	
112.075	-0.919845	179.103	0	
112.883	-1.01221	171.709	0	
111.682	-0.928007	179.374	0	
111.727	-1.60102	185.606	0	
112.354	-1.05118	178.986	0	
112.764	-1.32057	178.842	0	
65.8153	-1.97602	205.154	0	
65.3908	-1.3008	203.819	0	
67.176	-2.08306	207.129	0	
67.7987	-1.57116	207.887	0	
68.3322	-1.9412	209.192	0	
68.684	-1.41588	210.389	0	
71.0834	-2.4336	204.281	0	
71.3871	-2.67295	200.351	0	
71.4367	-3.02357	201.348	0	
71.9494	-2.51685	202.818	0	
70.8548	-3.32534	199.444	0	
72.0882	-3.66129	199.533	0	
71.6873	-3.53271	201.604	0	
72.4362	-3.40422	203.408	0	
72.94	-3.4991	204.492	0	
72.6622	-2.90511	207.959	0	
70.2331	-3.71785	202.902	0	
71.1089	-4.08336	202.148	0	
69.9585	-4.07184	206.809	0	
70.7339	-4.07962	202.211	0	
105	-0.300119	187.099	0	
105.938	-0.116803	176.849	0	
105.521	-0.479166	182.012	0	
104.728	-0.892928	186.412	0	
105.908	-1.11783	186.713	0	
105.198	-1.29223	188.57	0	
105.365	-1.68229	190.433	0	
105.741	-0.932577	184.268	0	
105.521	-0.24556	178.613	0	
105.729	-0.479166	179.405	0	
105.729	-0.24556	181.2	0	
106.257	-0.899036	181.074	0	
106.194	-0.596974	178.999	0	
87.6326	-1.62248	208.683	0	
87.4992	-0.79641	217.455	0	
96.4443	-2.58979	197.413	0	
97.2978	-2.77234	202.938	0	
96.0175	-2.46659	194.932	0	
96.2262	-3.2584	200.733	0	
96.3014	-3.78434	200.195	0	
97.1221	-4.22016	204.718	0	
96.9649	-3.55105	203.298	0	
96.7351	-3.9707	202.724	0	
103.883	-1.62539	185.257	0	
103.75	-0.79764	179.514	0	
157.38	-1.18054	211.168	0	
157.705	-1.84999	204.537	0	
158.615	-2.05822	191.221	0	
160.258	-0.568679	171.079	0	
-29.5665	-4.16242	213.654	0	
159.68	-1.03197	172.619	0	
-30.4364	-4.04108	211.603	0	
-29.6102	-3.75632	209.732	0	
-30.0905	-4.02007	212.009	0	
-30.8913	-6.88408	287.942	0	
-30.5186	-7.70972	321.157	0	
-30.6052	-8.35961	345.901	0	
-29.3873	-8.43025	343.889	0	
-36.2364	-4.05503	202.036	0	
-35.7562	-5.04796	219.828	0	
-132.506	-4.08661	201.202	0	
-133.376	-4.29041	201.207	0	
-130.272	-5.16805	220.109	0	
-130.973	-4.52053	206.408	0	
-128.902	-3.94721	182.52	0	
-129.221	-3.18669	175.113	0	
-84.9417	-6.41099	253.464	0	
-85.5032	-7.15463	276.159	0	
-88.3604	-7.92875	295.085	0	
-87.7529	-8.08855	292.588	0	
-83.9432	-6.44744	255.757	0	
-82.6527	-6.10203	244.145	0	
-79.153	-5.45029	224.94	0	
-78.4432	-5.53541	235.064	0	
76.82	-6.29272	198.329	0	
79.3296	-7.79393	204.089	0	
132.514	-7.50519	228.277	0	
132.716	-6.16948	218.877	0	
124.175	-7.97719	208.137	0	
123.3	-7.44824	202.999	0	
122.843	-7.41981	202.114	0	
123.505	-7.0538	199.752	0	
122.046	-8.02168	202.866	0	
123.623	-7.95814	206.592	0	
122.066	-9.28113	210.743	0	
123.388	-8.91656	210.367	0	
-0.515576	-3.5908	205.867	0	
-0.0869634	-4.23677	205.175	0	
-1.46004	-9.19654	184.851	0	
0.113538	-10.9372	180.279	0	
0.362774	-11.6191	180.271	0	
2.47767	-11.307	182.356	0	
2.13266	-10.7743	182.404	0	
3.36191	-9.61028	190.488	0	
-33.726	-8.15869	318.654	0	
-33.1351	-8.45919	346.17	0	
-102.978	-5.84094	206.986	0	
-102.23	-6.5093	226.323	0	
-135.065	-6.06411	248.099	0	
-134.103	-5.52657	229.615	0	
-37.6217	-5.52411	232.134	0	
-36.3445	-6.62527	267.736	0	
-35.8924	-5.93835	241.789	0	
-34.7061	-5.2862	220.71	0	
-41.6436	-5.38289	247.878	0	
-39.9677	-5.51648	241.097	0	
-82.3018	-6.89264	275.108	0	
-79.5601	-8.56307	341.472	0	
79.2621	-7.20868	200.937	0	
79.8717	-8.02821	202.056	0	
81.0638	-7.85689	199.1	0	
82.0689	-6.59272	191.289	0	
82.4014	-6.16294	190.212	0	
81.551	-5.43164	191.578	0	
-16.1019	-5.53315	184.912	0	
-15.7628	-6.25336	189.034	0	
-15.821	-6.73236	194.778	0	
-14.8512	-6.55377	191.426	0	
3.32069	-7.15666	198.972	0	
3.06251	-8.34916	195.073	0	
-25.1073	-4.60634	195.853	0	
-25.0215	-3.89428	188.076	0	
-105.318	-5.93617	214.986	0	
-104.758	-7.51192	264.364	0	
-103.36	-7.21325	262.999	0	
-103.535	-5.75052	204.707	0	
-105.64	-6.90805	243.807	0	
-105.061	-7.0745	244.905	0	
-104.257	-6.75754	233.877	0	
-104.76	-6.63127	235.949	0	
-102.298	-7.19129	261.687	0	
-102.879	-6.31387	223.883	0	
-104.923	-8.07411	309.153	0	
-103.965	-8.09301	300.559	0	
-141.445	-4.56429	175.77	0	
-140.622	-5.46959	197.584	0	
-142.291	-4.97801	182.821	0	
-141.037	-5.24812	187.301	0	
-142.788	-5.79656	209.182	0	
-141.532	-5.339	187.055	0	
-142.536	-6.37687	218.813	0	
-141.9	-5.63984	202.825	0	
-142.776	-7.72918	285.023	0	
-141.376	-7.27659	254.583	0	
-134.404	-5.01054	215.986	0	
-132.858	-4.41687	203.302	0	
-134.2	-6.17777	258.028	0	
-132.623	-4.94549	218.948	0	
-133.663	-4.66851	211.507	0	
-133.613	-5.27806	224.523	0	
-133.583	-6.66966	267.265	0	
-132.964	-6.16898	255.896	0	
-140.64	-6.13204	214.846	0	
-139.429	-7.08516	260.049	0	
-139.461	-8.10817	319.198	0	
-138.351	-8.21959	320.199	0	
-105.649	-4.70322	183.465	0	
-105.318	-5.44003	195.772	0	
-39.6339	-6.18918	262.218	0	
-37.8117	-9.23816	353.18	0	
-60.5396	-9.96034	364.389	0	
-60.7177	-11.1474	381.711	0	
39.9462	-8.81117	206.882	0	
40.5717	-8.77099	204.422	0	
37.7081	-10.2389	220.828	0	
38.4038	-9.3822	218.59	0	
-57.7356	-8.92338	360.264	0	
-56.935	-8.70398	358.327	0	
-63.6431	-13.1629	412.169	0	
-62.3431	-11.714	390.081	0	
-116.88	-7.35592	264.962	0	
-115.058	-6.59726	259.731	0	
83.0034	-3.15553	197.032	0	
82.087	-2.78252	201.756	0	
-135.776	-5.63175	227.754	0	
-136.85	-6.07382	231.943	0	
-55.1007	-8.55075	358.663	0	
-54.5077	-7.74634	341.235	0	
-25.2218	-7.7859	293.217	0	
-23.9815	-8.30548	299.671	0	
-22.0705	-8.42771	287.272	0	
-21.7002	-9.81138	327.64	0	
35.5665	-10.0873	234.945	0	
36.1531	-10.8747	230.065	0	
-19.4131	-9.13622	268.662	0	
-16.4786	-9.6323	236.568	0	
-17.691	-8.67192	231.893	0	
-16.7787	-8.44744	223.663	0	
-94.3993	-9.00072	366.133	0	
-93.701	-9.78115	405.142	0	
-92.7642	-8.95686	352.773	0	
-91.316	-7.69359	291.539	0	
141.171	-7.68793	219.945	0	
140.424	-7.78966	218.054	0	
-158.513	-4.02304	218.753	0	
-159.038	-2.76688	202.006	0	
33.2528	-7.9336	222.561	0	
33.58	-8.73789	230.427	0	
32.94	-7.47303	218.143	0	
32.391	-8.31189	220.837	0	
31.9989	-8.50993	221.441	0	
32.2465	-9.21059	227.653	0	
31.6382	-8.28917	216.248	0	
31.1907	-8.83941	218.902	0	
32.1731	-9.63198	229.835	0	
33.8243	-9.64795	236.209	0	
31.6296	-7.8503	212.817	0	
30.5241	-7.28252	200.636	0	
30.7831	-9.01196	216.975	0	
31.0246	-9.73327	224.348	0	
31.4407	-9.55936	225.519	0	
31.775	-9.82864	229.667	0	
30.9336	-10.2033	227.222	0	
31.3383	-10.5348	230.264	0	
31.3632	-11.569	236.841	0	
33.4248	-11.1532	238.333	0	
32.8464	-9.9259	234.655	0	
33.8375	-10.7238	237.64	0	
32.0986	-7.43584	212.336	0	
31.0734	-6.49253	196.438	0	
31.1418	-7.7774	208.324	0	
31.4217	-6.95549	203.157	0	
30.4416	-8.33412	208.86	0	
29.9734	-8.95454	211.043	0	
30.4807	-10.3828	226.342	0	
31.0615	-10.9461	232.111	0	
29.3916	-6.64051	191.013	0	
31.0093	-7.36219	204.134	0	
29.5176	-8.31695	202.425	0	
29.9289	-9.34251	214.76	0	
30.4647	-10.8334	227.268	0	
30.2875	-9.62567	219.004	0	
29.67	-10.0121	219.388	0	
28.8151	-10.5387	216.04	0	
30.414	-6.44707	191.976	0	
29.7607	-6.91402	193.923	0	
29.7427	-7.35603	197.632	0	
28.6096	-8.14275	195.445	0	
29.4391	-8.73934	207.509	0	
29.15	-9.13034	207.832	0	
28.9036	-6.82334	189.369	0	
29.3355	-7.56878	195.651	0	
30.2772	-6.83036	196.111	0	
30.0581	-5.98611	190.214	0	
28.5401	-6.28882	186.659	0	
28.4466	-7.63016	193.681	0	
28.8655	-7.3096	193.579	0	
27.9363	-7.52489	189.652	0	
27.5359	-8.00528	192.548	0	
27.7139	-8.52683	193.673	0	
-137.992	-9.2774	397.283	0	
-137.824	-9.81375	422.62	0	
-135.82	-10.2221	482.886	0	
-135.119	-9.9643	473.657	0	
-154.773	-6.94881	278.081	0	
-154.218	-7.16091	271.603	0	
33.6575	-10.2031	237.362	0	
32.4507	-10.9419	237.658	0	
-135.06	-9.39768	424.221	0	
-133.92	-10.1155	486.158	0	
-134.661	-6.39609	255.992	0	
-135.519	-6.4541	256.322	0	
-133.738	-7.98552	341.901	0	
-134.451	-7.43261	323.41	0	
-133.124	-8.19538	364.988	0	
-133.442	-7.22117	315.362	0	
-113.81	-7.5326	306.536	0	
-112.576	-6.94279	274.998	0	
-157.5	-6.64955	285.801	0	
-155.444	-7.48812	292.854	0	
-123.234	-9.16064	354.794	0	
-123.198	-11.1279	486.55	0	
-123.246	-10.5177	456.682	0	
-123.509	-12.6873	627.537	0	
-121.644	-11.7418	534.054	0	
-119.674	-12.2473	577.883	0	
148.558	-4.6888	197.712	0	
149.333	-4.54255	195.998	0	
148.909	-4.96581	196.978	0	
148.135	-4.92979	198.461	0	
147.878	-4.49742	198.41	0	
147.228	-5.19872	202.214	0	
149.888	-6.65326	201.226	0	
150.385	-5.90126	197.605	0	
146.628	-9.50064	220.466	0	
149.016	-9.88295	211.817	0	
-7.46934	-6.13854	189.646	0	
-6.59838	-7.17837	187.524	0	
-8.36799	-6.93403	188.974	0	
-7.29024	-6.73715	189.485	0	
-14.3928	-5.04464	190.4	0	
-14.7778	-5.74594	188.604	0	
24.4265	-7.44544	182.48	0	
25.4473	-7.00379	182.295	0	
19.9384	-5.58843	205.981	0	
20.4826	-7.06215	198.128	0	
14.9523	-7.76167	209.613	0	
16.0359	-6.73001	213.592	0	
15.3383	-8.58451	208.62	0	
15.9722	-8.56607	209.38	0	
8.42899	-14.1172	180.249	0	
11.1674	-13.2718	185.842	0	
12.7416	-12.1878	190.608	0	
12.0655	-11.9681	190.663	0	
14.0222	-12.1849	193.215	0	
14.5892	-11.9452	195.044	0	
16.3651	-14.025	191.131	0	
15.4574	-11.8141	195.904	0	
15.1847	-13.0483	191.743	0	
17.167	-11.4426	200.804	0	
107.607	-8.45311	209.703	0	
108.044	-6.84044	206.166	0	
104.15	-8.72921	209.78	0	
106.079	-8.48612	210.879	0	
103.525	-9.10669	208.774	0	
103.96	-11.3321	201.586	0	
104.759	-8.82654	209.94	0	
105.045	-9.91459	207.363	0	
107.821	-6.32604	203.568	0	
107.671	-5.45324	199.256	0	
107.666	-7.33037	207.886	0	
109.778	-7.0322	205.981	0	
85.7637	-5.50829	195.169	0	
86.4178	-6.19201	194.785	0	
85.396	-5.25969	194.865	0	
84.6496	-6.34687	189.322	0	
86.6738	-6.62426	193.9	0	
87.2148	-6.59915	194.357	0	
85.4134	-4.80845	194.986	0	
84.6995	-5.10782	190.687	0	
84.0093	-8.48601	195.727	0	
85.5045	-6.23961	191.521	0	
85.805	-4.58494	200.939	0	
85.3244	-3.83355	200.887	0	
86.3798	-7.66124	190.699	0	
85.5089	-6.84631	191.244	0	
86.2227	-4.84904	199.794	0	
86.6209	-4.06266	206.052	0	
-71.4147	-6.03136	238.577	0	
-71.942	-5.79768	230.239	0	
-72.8909	-7.64229	296.281	0	
-70.6833	-9.5597	377.565	0	
-69.8655	-7.92645	307.261	0	
-69.3667	-7.19524	289.459	0	
-70.6255	-8.83472	344.841	0	
-68.2121	-7.90601	309.959	0	
-73.8396	-10.2673	417.657	0	
-72.3178	-9.37362	372.843	0	
-162.953	-0.82501	176.129	0	
-163.352	-2.70575	208.745	0	
-162.347	-3.58374	218.058	0	
-161.537	-6.05502	277.347	0	
-139.983	-3.95569	173.946	0	
-140.423	-3.47587	171.393	0	
-3.72832	-2.84234	203.798	0	
-3.99145	-3.18042	203.201	0	
158.232	-2.51256	195.063	0	
159.223	-2.56017	182.435	0	
158.294	-3.57874	192.855	0	
159.238	-4.35352	183.791	0	
159.705	-2.63276	176.945	0	
159.479	-1.80149	177.028	0	
159.763	-3.5765	180.083	0	
160.677	-2.48789	171.403	0	
-131.934	-5.56491	242.926	0	
-131.329	-4.85036	208.31	0	
-132.298	-6.17747	251.892	0	
-131.271	-6.744	272.713	0	
-130.557	-5.54496	223.331	0	
-129.435	-4.97662	204.616	0	
-84.3376	-7.28242	284.43	0	
-84.9016	-6.98447	264.137	0	
-83.0444	-6.42758	256.553	0	
-83.524	-6.18487	243.083	0	
131.367	-7.89058	231.51	0	
132.778	-8.85971	231.684	0	
-34.4012	-8.24608	330.025	0	
-34.6706	-9.31682	374.493	0	
-31.5368	-9.79342	404.457	0	
-31.9647	-7.92313	332.112	0	
-36.4105	-5.79579	242.688	0	
-36.7263	-6.228	244.647	0	
78.8705	-6.74959	200.529	0	
78.1573	-7.62637	202.843	0	
80.1444	-8.57312	207.341	0	
81.2688	-8.47503	202.692	0	
82.2285	-8.59038	198.961	0	
82.2677	-7.07596	194.047	0	
82.9539	-6.25647	188.557	0	
82.9935	-5.2072	188.094	0	
-101.631	-8.13276	312.385	0	
-101.148	-6.08979	221.399	0	
-105.739	-8.33024	300.699	0	
-104.747	-9.06511	359.96	0	
-103.504	-8.36546	305.774	0	
-102.917	-7.52885	259.792	0	
-139.989	-8.09883	306.765	0	
-139.798	-9.11924	369.357	0	
-60.9128	-12.5032	392.738	0	
-59.4007	-11.1525	387.611	0	
36.6628	-10.4541	226.195	0	
38.7014	-11.0093	201.942	0	
-57.1935	-9.18256	364.224	0	
-56.0672	-8.3011	349.444	0	
-62.6369	-12.3827	400.66	0	
-62.2719	-13.6046	406.652	0	
-117.253	-7.98452	295.836	0	
-115.996	-9.08894	354.72	0	
-25.5639	-8.37709	307.657	0	
-24.482	-8.27457	301.543	0	
-23.6992	-8.86599	318.376	0	
-22.9446	-7.94231	277.95	0	
36.3661	-12.4203	214.816	0	
37.252	-10.6781	222.257	0	
-93.4457	-8.83891	351.95	0	
-93.8425	-9.29351	367.137	0	
-160.892	-4.58161	241.556	0	
-158.415	-5.84208	266.096	0	
28.5711	-11.8629	220.714	0	
29.6142	-12.4815	229.512	0	
26.7395	-7.60002	188.004	0	
26.9455	-8.01879	188.05	0	
-135.899	-10.9189	506.591	0	
-135.29	-11.1873	553.551	0	
-156.04	-7.09964	285.637	0	
-155.489	-8.18839	323.086	0	
33.1617	-10.3218	236.957	0	
33.02	-10.8489	237.297	0	
30.8386	-12.0788	233.825	0	
33.5832	-11.8328	237.107	0	
-124.41	-8.85547	342.281	0	
-124.034	-9.87859	426.732	0	
-123.825	-10.4178	455.766	0	
-124.251	-10.9603	495.074	0	
-9.31039	-7.64792	188.205	0	
-8.22737	-8.10589	185.912	0	
-15.0426	-6.10024	188.641	0	
-14.1176	-5.40057	190.641	0	
-15.0423	-7.03235	194.336	0	
-14.3576	-5.81182	189.551	0	
-14.9919	-8.13231	203.412	0	
-14.3212	-6.63323	191.813	0	
23.1082	-7.10786	184.836	0	
26.8627	-8.9925	193.915	0	
19.2556	-5.63566	209.137	0	
20.1514	-6.68646	201.915	0	
20.42	-7.81316	198.902	0	
20.9282	-7.99971	193.717	0	
107.862	-7.9003	209.453	0	
109.072	-7.29543	207.682	0	
108.949	-6.4051	203.804	0	
108.61	-6.90069	205.58	0	
86.1479	-7.07015	190.382	0	
85.9359	-8.19697	188.975	0	
88.0331	-6.99134	192.593	0	
88.1628	-6.05033	198.652	0	
159.122	-3.41628	185.069	0	
158.813	-3.87605	187.755	0	
160.498	-4.47217	176.947	0	
161.109	-4.15015	173.602	0	
161.881	-2.43748	166.677	0	
160.711	-0.320441	161.899	0	
-83.7064	-8.79835	342.263	0	
-84.2851	-7.95959	301.825	0	
-83.8214	-8.20558	317.922	0	
-82.2677	-8.04516	311.212	0	
133.671	-7.85681	225.205	0	
134.03	-6.34836	210.299	0	
-35.3039	-6.69666	270.66	0	
-35.0219	-5.77854	236.406	0	
-37.4489	-6.02641	253.761	0	
-37.5245	-7.10523	284.952	0	
79.7476	-9.15202	208.452	0	
79.779	-9.998	215.45	0	
82.5169	-8.02675	197.739	0	
83.642	-7.86346	191.175	0	
82.7649	-7.13954	192.249	0	
84.1589	-6.33581	189.665	0	
83.0685	-4.51637	187.04	0	
82.5569	-4.03045	191.43	0	
-103.55	-8.98211	356.228	0	
-102.053	-9.71575	392.356	0	
-139.994	-7.00948	250.263	0	
-140.999	-8.28174	310.312	0	
-139.849	-9.75901	402.248	0	
-138.656	-9.3176	374.664	0	
-56.8164	-9.69995	376.037	0	
-56.3354	-8.78751	362.1	0	
-56.9335	-10.3993	384.936	0	
-55.6593	-10.3134	385.629	0	
-63.3978	-12.5845	403.519	0	
-61.9413	-14.2742	405.435	0	
-61.5285	-12.3516	396.444	0	
-62.0277	-12.8185	399.01	0	
-25.5278	-9.35323	354.362	0	
-23.972	-9.32563	330.941	0	
-24.5371	-9.19196	341.908	0	
-23.2177	-10.1352	350.135	0	
27.3758	-9.01583	198.457	0	
26.6914	-10.1385	201.674	0	
-153.611	-8.4458	334.926	0	
-152.844	-7.40326	275.179	0	
-124.213	-7.57303	271.831	0	
-125.354	-9.19879	376.098	0	
-124.998	-10.2486	462.006	0	
-125.883	-11.5573	552.003	0	
-9.48988	-8.3243	186.888	0	
-8.68433	-8.61522	185.374	0	
-7.46181	-9.4835	184.871	0	
-6.57976	-7.96186	186.029	0	
-13.9072	-8.60833	204.047	0	
-13.3008	-7.96712	194.885	0	
19.7842	-8.10222	200.568	0	
19.953	-9.39317	198.712	0	
86.8641	-8.89084	187.235	0	
87.738	-8.91356	186.173	0	
88.2761	-7.45997	190.281	0	
89.0413	-6.73647	193.676	0	
164.055	-1.90533	166.042	0	
162.69	-0.700327	159.793	0	
160.539	-1.47666	168.178	0	
161.142	-1.6453	165.725	0	
134.026	-7.39434	217.322	0	
134.847	-7.02622	212.163	0	
-35.2881	-7.29063	283.469	0	
-33.828	-7.35159	303.691	0	
82.9983	-7.71631	193.581	0	
83.7201	-6.8249	188.958	0	
-104.241	-9.37418	363.736	0	
-104.317	-10.0935	408.699	0	
-100.361	-8.94664	357.234	0	
-102.445	-8.49653	311.64	0	
-140.123	-6.3399	222.882	0	
-141.301	-6.58279	228.582	0	
-141.491	-8.44961	324.529	0	
-141.391	-9.36237	374.081	0	
-140.832	-9.31809	377.049	0	
-137.934	-10.9745	494.514	0	
-26.2229	-9.6083	377.395	0	
-26.3065	-10.4116	412.868	0	
-24.9908	-9.59848	351.375	0	
-23.9897	-12.1627	434.753	0	
28.4406	-11.09	216.902	0	
28.3667	-9.65764	208.768	0	
-125.486	-7.0928	268.17	0	
-125.746	-7.95558	313.951	0	
-125.78	-9.57232	421.487	0	
-125.595	-10.1483	453.333	0	
21.4691	-9.0726	191.827	0	
22.7916	-9.13696	189.519	0	
87.4333	-8.03296	188.875	0	
88.9014	-8.29575	184.006	0	
134.587	-6.46645	211.055	0	
134.664	-7.51505	219.345	0	
-35.767	-7.55738	298.223	0	
-34.8782	-8.6905	338.996	0	
-141.894	-7.55949	276.643	0	
-142.678	-8.58814	330.789	0	
-141.613	-9.89705	411.458	0	
-140.426	-9.86888	405.24	0	
-23.7638	-9.9089	364.329	0	
-24.258	-10.2864	370.835	0	
-127.385	-8.38074	346.637	0	
-126.986	-9.90148	441.564	0	
-125.464	-11.1224	524.341	0	
-124.845	-10.8888	478.771	0	
87.3055	-8.56966	186.791	0	
88.3382	-8.34967	186.225	0	
89.4533	-8.78841	182.335	0	
90.8725	-7.36255	185.911	0	
136.057	-6.245	202.697	0	
135.241	-5.75655	200.78	0	
135.165	-8.29597	220.445	0	
136.024	-7.4649	214.222	0	
-142.407	-7.34753	268.768	0	
-142.46	-8.1679	302.469	0	
-142.689	-6.84906	249.321	0	
-143.671	-6.75954	243.095	0	
-143.621	-8.14319	312.038	0	
-143.035	-9.70953	388.558	0	
-142.133	-10.0236	412.535	0	
-141.748	-11.0744	491.817	0	
86.2736	-8.77444	190.404	0	
87.6299	-9.43568	184.462	0	
85.8184	-9.20754	191.061	0	
86.451	-9.93052	189.933	0	
87.974	-9.98543	184.851	0	
89.3702	-9.36409	178.711	0	
88.6986	-9.36292	182.423	0	
90.4357	-10.1557	171.005	0	
89.7725	-7.71093	185.631	0	
89.9913	-8.44328	182.293	0	
133.797	-8.72873	227.011	0	
136.329	-11.5376	232.535	0	
-144.214	-7.05822	260.026	0	
-144.117	-8.2492	310.385	0	
-144.414	-8.97909	354.861	0	
-143.42	-9.29076	378.507	0	
-142.495	-9.55855	392.183	0	
-143.18	-10.3252	444.484	0	
-142.078	-11.9164	566.858	0	
-138.668	-13.8151	701.819	0	
85.1174	-8.06469	192.385	0	
85.1428	-9.14493	194.984	0	
87.6998	-10.8944	187.862	0	
88.0677	-11.5671	186.523	0	
88.5622	-9.98508	181.316	0	
89.0239	-10.6081	179.492	0	
-144.719	-6.26059	236.356	0	
-144.973	-7.60349	287.745	0	
-145.209	-8.89256	341.535	0	
-144.712	-10.4161	439.099	0	
-143.705	-10.5053	440.683	0	
-142.752	-12.0605	528.536	0	
-140.616	-11.2936	518.335	0	
-140.622	-10.2968	448.564	0	
84.0002	-9.69542	200.559	0	
85.1631	-10.2115	199.49	0	
-145.293	-6.065	232.343	0	
-145.111	-6.96276	265.768	0	
-145.47	-5.49386	216.969	0	
-146.296	-6.20535	246.196	0	
-144.187	-10.0813	427.499	0	
-143.358	-12.6241	611.277	0	
-143.827	-11.0364	487.741	0	
-143.462	-11.4698	517.448	0	
83.6136	-9.07117	195.924	0	
84.5895	-10.8185	199.898	0	
-147.223	-6.2312	251.432	0	
-146.761	-6.47774	254.275	0	
-144.45	-11.0525	474.053	0	
-145.141	-12.4516	562.629	0	
-147.115	-7.51092	291.364	0	
-146.044	-7.81885	296.197	0	
-146.635	-7.04707	279.757	0	
-147.711	-7.20411	281.87	0	
-144.428	-11.806	564.948	0	
-145.071	-14.6383	687.919	0	
-147.221	-5.70671	234.646	0	
-148.316	-6.12088	258.031	0	
-148.81	-6.73539	268.905	0	
-146.522	-9.32425	388.965	0	
-146.788	-5.45123	230.429	0	
-147.313	-4.6931	219.983	0	
-146.325	-5.70333	228.885	0	
-146.113	-4.63599	206.268	0	
-147.44	-4.15157	215.023	0	
-148.281	-4.52059	219.913	0	
-148.851	-4.43298	219.895	0	
-148.444	-5.52479	232.806	0	
-149.251	-1.9866	224.418	0	
-149.68	-1.42343	223.305	0	
-149.862	-2.89513	208.93	0	
-149.628	-2.22822	216.587	0	
-72.0406	-2.77696	180.788	0	
-72.2061	-1.94677	181.962	0	
-139.312	-2.13238	187.009	0	
-139.808	-2.69246	176.115	0	
-159.798	-1.39077	188.124	0	
-159.193	-1.64495	200.821	0	
-160.204	-1.45125	174.365	0	
-160.066	-2.02184	184.188	0	
-160.567	-2.24965	186.175	0	
-159.185	-2.35454	201.488	0	
-160.311	-2.93008	197.123	0	
-159.998	-2.69752	192.921	0	
-159.686	-2.67501	198.003	0	
-159.272	-3.47143	210.201	0	
-158.745	-3.61861	213.262	0	
-158.428	-3.19698	207.905	0	
118.971	-3.38708	194.267	0	
119.499	-3.67583	193.852	0	
18.6514	-6.38763	210.877	0	
18.791	-5.13832	213.899	0	
14.595	-3.55753	196.18	0	
15.0328	-4.31873	201.368	0	
-138.679	-3.09352	178.17	0	
-138.138	-2.53839	184.788	0	
-138.967	-3.4984	178.01	0	
-138.076	-3.60348	181.64	0	
-68.719	-3.37604	193.325	0	
-69.463	-3.17584	189.063	0	
-148.411	-2.44894	221.631	0	
-148.52	-2.02364	224.035	0	
-126.432	-5.35238	208.325	0	
-125.709	-4.72318	193.985	0	
81.7696	-2.06052	213.179	0	
82.2235	-1.87327	210.395	0	
-28.1569	-4.38263	207.268	0	
-27.4038	-4.0729	197.692	0	
19.0176	-1.98195	200.154	0	
18.4253	-2.40237	204.704	0	
152.787	-1.29892	197.508	0	
153.335	-1.83357	195.868	0	
116.184	-2.83958	199.303	0	
116.276	-3.36038	197.989	0	
115.851	-3.79514	199.647	0	
116.63	-4.40405	201.8	0	
-44.945	-5.7169	268.986	0	
-44.172	-4.91937	249.147	0	
-44.9935	-6.2128	285.275	0	
-43.977	-6.19853	281.044	0	
-45.5015	-6.48311	297.27	0	
-44.9326	-7.15072	311.21	0	
-44.8454	-7.60192	320.497	0	
-44.0654	-7.60628	316.677	0	
-45.1971	-7.91722	332.038	0	
-44.7889	-8.58436	344.521	0	
-43.6076	-7.84385	323	0	
-42.9255	-5.77449	262.599	0	
-45.8173	-7.30161	318.928	0	
-46.1363	-8.51999	348.41	0	
-44.7113	-9.1454	352.859	0	
-44.1501	-9.14633	350.427	0	
-43.9694	-8.61507	343.025	0	
-42.811	-7.37842	309.115	0	
-43.32	-7.38156	307.185	0	
-42.5717	-7.96053	317.131	0	
-46.4177	-7.02275	318.539	0	
-46.1293	-8.06169	335.436	0	
-46.6368	-8.84612	356.55	0	
-46.0959	-9.63187	367.407	0	
-45.6331	-9.27234	358.121	0	
-45.9899	-10.3623	375.885	0	
-43.2081	-9.49786	358.656	0	
-43.5295	-8.3739	330.985	0	
-43.8544	-5.68683	266.411	0	
-43.4987	-6.44586	283.499	0	
-41.9633	-7.99537	319.447	0	
-41.0813	-5.33825	242.593	0	
-47.2231	-8.65923	357.11	0	
-47.5869	-9.59404	370.359	0	
-45.2816	-10.8016	376.924	0	
-45.103	-9.51117	362.999	0	
-44.8575	-10.3099	373.046	0	
-44.616	-12.67	389.513	0	
-43.4677	-10.896	381.32	0	
-41.7516	-8.59115	327.865	0	
-42.4937	-5.60631	255.989	0	
-43.5017	-4.32427	229.884	0	
-42.0253	-6.63179	286.367	0	
-41.9383	-5.00688	241.93	0	
-42.7476	-4.84418	240.043	0	
-42.5715	-4.31346	227.062	0	
-41.0331	-7.21237	295.228	0	
-40.1175	-6.20328	256.7	0	
-42.0126	-5.73912	257.213	0	
-41.1484	-6.0648	262.199	0	
-40.831	-6.51238	273.872	0	
-39.5825	-5.74316	245.989	0	
-41.6106	-7.31711	294.312	0	
-39.3899	-7.2539	296.363	0	
-40.3519	-5.7358	253.419	0	
-40.2817	-6.59486	278.326	0	
-39.0545	-5.6559	246.622	0	
-39.5001	-4.84953	225.404	0	
-40.097	-7.28537	284.351	0	
-39.091	-6.54929	264.426	0	
-47.5831	-8.01815	337.185	0	
-48.4549	-7.7416	338.585	0	
-49.2	-9.40706	374.604	0	
-46.4635	-10.8191	379.317	0	
-47.0246	-10.434	378.567	0	
-45.833	-12.0352	385.095	0	
-48.961	-11.3348	385.362	0	
-47.9987	-11.4081	386.066	0	
-47.6987	-10.6899	381.515	0	
-45.8478	-13.0221	386.509	0	
-86.2256	-9.3857	370.379	0	
-86.4006	-10.7006	449.261	0	
48.7962	-9.24118	167.235	0	
50.2335	-9.9888	148.002	0	
51.5065	-8.55475	185.492	0	
51.0429	-7.43126	212.379	0	
51.2863	-9.60811	157.953	0	
51.7064	-9.11516	170.945	0	
52.5364	-8.22679	190.26	0	
52.4775	-7.03457	220.092	0	
130.281	-7.93278	233.921	0	
130.851	-8.26404	234.235	0	
-15.7725	-4.02598	181.01	0	
-16.4799	-4.21993	179.699	0	
4.0844	-9.64969	189.252	0	
4.64933	-7.34868	201.56	0	
-119.46	-9.61104	381.094	0	
-118.459	-10.635	414.165	0	
-77.5727	-7.73505	308.445	0	
-76.7349	-7.11353	292.68	0	
-78.5319	-7.9677	318.286	0	
-76.7369	-8.90604	362.653	0	
-76.2073	-6.87181	268.916	0	
-76.8979	-6.09076	248.324	0	
75.1197	-3.35821	199.151	0	
75.6468	-4.10622	196.23	0	
54.0688	-8.23353	194.186	0	
54.464	-6.70396	228.24	0	
-106.205	-6.009	215.339	0	
-106.31	-5.54814	207.853	0	
-79.7185	-7.81428	317.019	0	
-77.9487	-8.17542	330.64	0	
-80.8825	-7.94784	311.883	0	
-80.8521	-9.05573	367.318	0	
-78.958	-8.60348	351.729	0	
-78.6654	-9.43283	384.513	0	
-98.8035	-8.19887	325.568	0	
-97.454	-9.44563	385.28	0	
-26.1664	-8.41129	330.299	0	
-26.3089	-7.74329	289.615	0	
-99.5958	-6.32449	242.628	0	
-100.87	-6.73973	246.444	0	
-153.147	-6.69613	263.825	0	
-152.585	-4.99766	212.527	0	
-153.617	-7.7749	307.718	0	
-151.129	-6.57016	251.703	0	
-21.5593	-9.21034	297.047	0	
-20.2121	-9.44746	286.729	0	
-16.0402	-9.14984	225.37	0	
-14.7998	-8.68071	206.476	0	
38.8746	-10.3765	206.323	0	
40.2984	-10.7971	187.959	0	
41.0581	-12.5929	156.978	0	
42.7803	-12.6587	140.025	0	
-1.97005	-10.257	181.283	0	
-1.98362	-8.83948	185.949	0	
-112.647	-7.82399	318.256	0	
-110.335	-8.96951	365.475	0	
-7.53893	-3.82917	197.664	0	
-7.04933	-4.14092	196.77	0	
-12.203	-8.67986	195.854	0	
-10.7933	-7.80825	188.999	0	
-13.2386	-5.83194	192.569	0	
-13.0708	-6.77735	192.675	0	
26.145	-7.61804	184.736	0	
27.1504	-7.09121	185.267	0	
25.2278	-8.03313	185.026	0	
25.7982	-8.0152	187.037	0	
24.946	-8.56731	186.7	0	
26.3068	-10.7253	204.898	0	
26.0576	-8.4954	187.791	0	
25.5461	-8.83827	190.188	0	
24.2561	-8.72057	186.068	0	
25.0766	-10.2972	195.731	0	
25.7313	-9.39901	191.542	0	
25.0199	-9.73599	192.149	0	
23.9528	-8.07927	184.772	0	
22.7453	-8.39497	187.392	0	
15.3576	-10.8505	200.801	0	
16.5015	-11.4148	198.163	0	
17.908	-10.546	199.915	0	
16.166	-10.0998	204.018	0	
160.258	-1.06515	165.762	0	
159.68	-0.535491	165.838	0	
-31.421	-8.51863	350.203	0	
-31.9114	-9.19773	382.007	0	
-28.6131	-7.24357	297.645	0	
-30.0336	-8.79878	365.016	0	
76.0139	-6.08497	200.993	0	
75.7525	-8.04874	205.872	0	
124.438	-9.77532	217.012	0	
125.084	-8.7288	216.636	0	
123.857	-10.4922	218.157	0	
125.407	-10.8083	220.545	0	
121.781	-7.18938	200.455	0	
120.765	-7.97494	205.513	0	
121.606	-10.176	212.352	0	
123.125	-10.3037	213.817	0	
-0.248275	-12.1046	178.833	0	
1.97755	-11.6902	180.018	0	
1.48305	-10.8816	182.64	0	
0.903509	-11.8356	178.949	0	
-55.1369	-9.182	372.414	0	
-54.0299	-9.05262	369.847	0	
-55.6828	-9.60427	377.568	0	
-53.9101	-10.3651	385.771	0	
-54.0482	-7.05289	320.176	0	
-54.2241	-6.13365	291.459	0	
-54.4017	-6.72439	305.436	0	
-54.7011	-5.81565	278.082	0	
-54.0513	-7.52558	333.515	0	
-53.5345	-6.46451	299.688	0	
-53.6321	-7.75341	341.183	0	
-53.6089	-6.8876	316.192	0	
-53.0876	-6.30025	294.668	0	
-53.4913	-5.6374	269.708	0	
-54.0423	-8.54796	359.578	0	
-52.835	-7.75253	342.953	0	
-52.8264	-6.95411	317.122	0	
-52.1932	-5.75328	279.039	0	
-53.5455	-9.31515	374.34	0	
-52.6919	-8.99594	365.715	0	
-52.4398	-7.55958	332.416	0	
-52.7687	-6.53943	305.151	0	
-52.0726	-7.7859	344.294	0	
-52.1156	-6.92909	313.626	0	
-52.4513	-7.15426	325.18	0	
-51.7135	-7.0684	327.094	0	
-52.1046	-8.24674	351.863	0	
-50.868	-8.37732	353.052	0	
-51.2456	-6.8435	310.356	0	
-52.064	-6.24906	286.299	0	
-52.7043	-8.49127	362.802	0	
-51.9774	-9.66457	375.992	0	
-50.8516	-7.64267	333.237	0	
-51.3304	-7.71064	342.798	0	
-51.139	-9.59056	374.838	0	
-51.6408	-8.90665	365.457	0	
-52.3494	-9.94985	381.629	0	
-51.871	-10.5798	384.591	0	
-52.7724	-9.79054	377.901	0	
-52.9051	-11.5168	387.985	0	
-51.8133	-11.0221	385.223	0	
-50.5326	-11.1807	386.024	0	
-53.0409	-9.30086	376.515	0	
-53.0878	-10.5428	385.392	0	
-53.1106	-10.0779	382.563	0	
-55.0123	-10.6745	388.351	0	
-52.1499	-11.2967	386.575	0	
-51.018	-12.1045	385.146	0	
-51.0762	-10.5267	383.818	0	
-51.4017	-11.3325	386.067	0	
-53.5267	-9.84428	381.894	0	
-54.4814	-10.2037	386.611	0	
-52.6077	-11.16	386.108	0	
-52.689	-11.9476	385.636	0	
-50.419	-11.6994	386.448	0	
-51.0465	-11.1014	385.693	0	
-49.5027	-10.5669	384.506	0	
-50.5571	-8.11671	350.665	0	
-54.5365	-11.7935	390.343	0	
-53.5248	-11.3948	388.348	0	
-52.9242	-12.3524	385.818	0	
-52.3718	-12.9357	382.538	0	
-53.8732	-11.8123	389.838	0	
-53.7789	-12.995	385.805	0	
-52.1783	-13.4652	379.897	0	
-51.5935	-12.8958	383.298	0	
-50.6123	-9.76081	376.932	0	
-49.9277	-9.10258	367.596	0	
-50.3894	-9.26907	369.986	0	
-50.0164	-8.41544	358.731	0	
-54.9953	-11.3462	390.813	0	
-54.4934	-13.246	384.342	0	
-54.7743	-14.14	379.461	0	
-53.7662	-15.3598	365.811	0	
-53.2052	-14.0748	376.525	0	
-51.5238	-14.97	365.419	0	
-53.9804	-14.5765	371.715	0	
-52.2447	-14.928	369.314	0	
-50.7841	-16.0945	361.982	0	
-50.2399	-14.1845	373.025	0	
141.312	-9.58454	229.387	0	
143.37	-9.35311	226.851	0	
27.7569	-7.02959	187.568	0	
28.0378	-6.37032	185.786	0	
-157.829	-7.40645	301.007	0	
-157.26	-7.80074	317.838	0	
-159.013	-6.51481	281.903	0	
-158.664	-9.41622	384.214	0	
-156.154	-8.61122	350.919	0	
-156.672	-7.26004	293.079	0	
-122.411	-11.8228	536.582	0	
-121.977	-12.9296	609.584	0	
-118.995	-11.1974	499.825	0	
-119.903	-10.3244	417.491	0	
-6.28762	-5.17218	195.965	0	
-6.08734	-6.23793	192.119	0	
16.759	-9.76954	204.483	0	
16.8058	-7.78644	211.753	0	
11.7093	-14.2663	184.616	0	
13.7897	-13.6535	188.523	0	
10.9156	-12.2284	187.778	0	
10.6498	-12.8773	185.364	0	
14.6293	-13.7228	190.252	0	
13.8066	-15.2553	186.786	0	
15.9808	-13.2794	194.497	0	
17.5795	-13.5357	193.87	0	
107.974	-8.94487	210.484	0	
109.08	-7.85873	208.837	0	
103.521	-9.81259	206.254	0	
102.897	-10.218	203.501	0	
106.666	-8.19624	209.618	0	
106.087	-7.18539	208.179	0	
107.109	-10.5204	207.637	0	
106.964	-9.21166	209.247	0	
-71.034	-8.37132	331.52	0	
-71.908	-8.56976	345.409	0	
-68.7867	-8.72923	339.606	0	
-68.1393	-9.01057	344.993	0	
-163.793	-3.25974	227.996	0	
-163.472	-0.421353	172.777	0	
-161.696	-3.80685	227.833	0	
-130.318	-5.97525	246.255	0	
-129.761	-5.40278	220.949	0	
-130.558	-6.36408	256.867	0	
-129.797	-6.61127	264.604	0	
-131.084	-6.27866	265.364	0	
-130.872	-7.23596	307.297	0	
-129.466	-6.8783	282.555	0	
-129.072	-6.32764	252.06	0	
-130.921	-7.92051	341.36	0	
-130.255	-9.32987	423.301	0	
-129.547	-7.36676	299.293	0	
-129.057	-7.57835	313.377	0	
-130.006	-7.50627	318.245	0	
-130.367	-8.10604	340.968	0	
-128.403	-8.19204	352.065	0	
-127.632	-7.33366	293.639	0	
-129.449	-8.46159	371.576	0	
-130.136	-8.59651	383.345	0	
-128.431	-8.73138	382.077	0	
-126.913	-9.40775	416.249	0	
-129.054	-8.91233	390.659	0	
-128.057	-9.62668	438.749	0	
-128	-9.06926	395.152	0	
-126.34	-9.26811	384.357	0	
-129.36	-10.8773	542.281	0	
-128.548	-9.82563	448.977	0	
-127.614	-9.97054	456.863	0	
-127.485	-8.91939	389.042	0	
-128.731	-12.1975	635.304	0	
-128.796	-11.486	567.074	0	
-128.188	-10.7073	504.793	0	
-126.555	-10.4082	483.133	0	
-128.118	-12.5502	632.075	0	
-127.063	-10.7719	499.409	0	
-128.258	-11.3049	566.636	0	
-127.868	-11.8831	607.67	0	
-106.631	-9.1945	369.628	0	
-106.345	-9.75743	387.851	0	
36.897	-13.511	195.68	0	
37.9366	-11.3549	209.849	0	
36.9008	-11.5367	217.566	0	
37.2855	-12.0482	210.006	0	
36.2975	-11.4924	223.562	0	
36.0083	-11.9531	223.283	0	
36.409	-13.5049	205.37	0	
40.2069	-12.6762	168.398	0	
35.3905	-11.9846	226.307	0	
35.5114	-13.7168	213.132	0	
-91.7574	-10.5927	430.547	0	
-91.7169	-8.36639	320.789	0	
-94.14	-10.2684	427.737	0	
-93.7001	-10.7636	444.408	0	
-94.8898	-9.46131	388.996	0	
-95.3093	-10.7044	452.436	0	
-93.8247	-12.3057	542.388	0	
-93.3173	-11.8203	502.137	0	
-161.646	-4.50628	232.244	0	
-162.163	-7.83187	332.893	0	
160.451	-5.11517	178.806	0	
161.047	-5.49318	177.558	0	
162.332	-4.14371	170.58	0	
161.851	-3.03489	167.454	0	
-83.9306	-9.34947	372.483	0	
-83.1476	-8.99856	360.541	0	
-82.9101	-11.0847	456.245	0	
-82.8067	-8.72758	340.414	0	
-81.9132	-8.52878	337.108	0	
-82.8782	-8.13794	324.482	0	
-81.9336	-11.3654	481.813	0	
-82.0572	-9.46227	388.273	0	
-82.8861	-9.73575	388.783	0	
-82.3472	-9.96885	395.23	0	
-81.1548	-8.52133	341.676	0	
-81.3349	-7.30105	290.277	0	
-82.0718	-10.4712	434.156	0	
-80.5816	-10.2079	422.389	0	
-82.2666	-10.9709	453.245	0	
-81.249	-10.8121	449.117	0	
-81.4125	-9.56727	376.139	0	
-81.5675	-10.4089	420.994	0	
-83.446	-10.595	427.471	0	
-81.9889	-12.2194	542.418	0	
-80.6697	-10.7107	436.761	0	
-81.1983	-10.0115	413.289	0	
-80.5709	-11.5814	471.701	0	
-79.7554	-11.0368	451.191	0	
-84.8033	-10.2001	400.126	0	
-83.7528	-12.0539	504.087	0	
-82.3421	-13.0731	544.057	0	
-80.8748	-12.609	541.723	0	
-82.3277	-11.829	475.568	0	
-81.2687	-12.152	491.658	0	
-80.8151	-13.3307	562.264	0	
-80.3177	-11.0838	467.164	0	
-78.6242	-14.3254	588.881	0	
-80.2522	-11.9771	509.601	0	
-80.3815	-12.5178	516.194	0	
-79.7576	-11.9151	496.736	0	
-80.0008	-13.6129	571.717	0	
-79.514	-11.4725	485.221	0	
-77.9465	-10.9725	466.97	0	
-79.5482	-10.355	427.949	0	
-77.0974	-13.619	556.985	0	
-79.5327	-13.1025	552.789	0	
-79.4777	-12.3136	513.135	0	
-78.9811	-11.4832	480.237	0	
-79.8538	-12.7291	533.305	0	
-78.6618	-12.9861	532.311	0	
-78.1717	-13.5013	574.896	0	
-77.0139	-11.8603	501.743	0	
-77.914	-9.47573	393.944	0	
-78.947	-10.2602	426.691	0	
78.8696	-8.86458	209.527	0	
79.0894	-10.5719	215.352	0	
-57.8661	-10.3647	380.68	0	
-55.5532	-12.417	391.636	0	
-10.0129	-8.66969	188.826	0	
-9.98678	-9.30292	190.305	0	
161.378	-0.599416	162.399	0	
162	-0.278974	162.037	0	
-34.4458	-6.53247	264.244	0	
-34.3345	-7.10762	284.11	0	
-105.44	-10.3259	426.966	0	
-105.099	-12.1028	531.215	0	
-102.443	-10.2773	414.72	0	
-102.47	-9.08825	364.45	0	
-26.6124	-9.06694	344.152	0	
-27.2665	-8.87016	358.985	0	
-28.219	-11.9674	489.985	0	
-24.7026	-11.3086	416.441	0	
27.6755	-10.7924	211.827	0	
27.3592	-10.1747	204.802	0	
22.0903	-8.11366	188.81	0	
23.2642	-7.89942	183.38	0	
-36.3506	-7.13595	279.128	0	
-36.7564	-8.09274	316.3	0	
-37.5188	-8.37902	321.446	0	
-35.3595	-10.424	405.16	0	
-22.4552	-10.9939	371.688	0	
-22.7311	-9.81611	342.966	0	
-22.9025	-11.9441	409.821	0	
-22.1929	-10.0977	335.779	0	
-21.0281	-11.1689	351.368	0	
-21.4726	-10.8043	343.463	0	
-20.3351	-10.8121	323.869	0	
-20.7779	-8.89659	287.261	0	
-21.3003	-10.2242	327.052	0	
-20.5936	-10.1741	316.24	0	
-19.2974	-10.8586	321.441	0	
-18.4458	-10.1965	278.233	0	
-24.1956	-10.8891	405.093	0	
-25.3856	-11.264	440.416	0	
91.622	-7.12216	187.465	0	
90.576	-5.7957	203.318	0	
90.9948	-8.02698	183.259	0	
90.5637	-8.63592	179.33	0	
84.0101	-7.36175	191.892	0	
84.7795	-8.57956	191.154	0	
-42.1764	-9.06794	344.279	0	
-40.6319	-7.75866	301.867	0	
-41.8141	-11.6032	390.886	0	
-41.3691	-9.87025	363.529	0	
49.6075	-9.8329	155.339	0	
49.4647	-9.19237	167.537	0	
49.6567	-11.0295	127.743	0	
52.3374	-10.2048	144.672	0	
53.3988	-11.0632	120.155	0	
54.4716	-9.77643	153.938	0	
130.313	-9.60662	236.032	0	
132.467	-9.74308	234.901	0	
4.50775	-8.94717	195.478	0	
5.64731	-8.12652	199.67	0	
-99.8772	-8.41549	333.916	0	
-98.7079	-9.3012	389.325	0	
-101.566	-7.42414	261.662	0	
-101.097	-8.76265	338.041	0	
-17.1475	-9.53476	245.356	0	
-15.5288	-10.3076	234.81	0	
-113.434	-8.9834	369.191	0	
-113.381	-10.482	420.734	0	
-109.526	-8.0502	312.507	0	
-110.913	-7.97163	310.547	0	
-13.5583	-7.39388	193.866	0	
-12.4501	-8.00182	192.937	0	
-29.2983	-9.86115	408.899	0	
-28.693	-8.5179	358.407	0	
119.489	-7.7452	205.557	0	
120.38	-9.23986	210.554	0	
3.31937	-11.9696	181.297	0	
3.03846	-10.2912	185.401	0	
1.01433	-12.5722	179.388	0	
1.68487	-12.7642	177.979	0	
-56.3148	-11.3453	390.655	0	
-54.8664	-12.5714	389.707	0	
-121.895	-13.7273	664.587	0	
-120.979	-14.0954	697.091	0	
-119.742	-11.0899	449.515	0	
-120.576	-9.99987	403.901	0	
-118.798	-11.8105	494.309	0	
-118.763	-9.81406	380.876	0	
17.7455	-9.8085	205.85	0	
18.3862	-9.01299	204.983	0	
9.86143	-13.1051	183.997	0	
10.5126	-14.2157	182.756	0	
107.113	-8.59865	210.902	0	
108.552	-8.76637	209.771	0	
106.453	-9.45844	209.663	0	
107.336	-9.60279	209.858	0	
109.229	-9.27114	210.387	0	
110.47	-7.99801	209.286	0	
106.42	-10.0073	208.456	0	
107.851	-9.48155	208.773	0	
105.521	-10.2971	206.388	0	
106.048	-10.3091	206.089	0	
107.009	-10.0651	207.548	0	
108.407	-11.2296	204.206	0	
105.231	-10.9318	204.651	0	
105.668	-11.2486	202.602	0	
104.551	-10.9155	202.672	0	
104.1	-12.035	196.489	0	
105.563	-12.0494	199.014	0	
106.277	-12.3559	197.738	0	
107.921	-10.5388	206.532	0	
109.373	-11.2636	205.611	0	
105.377	-14.1604	190.37	0	
108.121	-15.2467	186.644	0	
-71.0603	-10.1816	405.043	0	
-69.713	-9.13448	356.561	0	
-68.2765	-10.1286	378.529	0	
-66.7289	-9.63944	358.443	0	
-163.119	-1.53668	181.88	0	
-164.472	-0.421353	229.185	0	
-162.893	-4.1162	233.643	0	
-160.762	-5.23083	248.486	0	
-127.894	-13.3699	712.638	0	
-126.905	-12.6253	655.105	0	
-107.311	-9.08967	359.866	0	
-108.878	-10.3525	434.249	0	
-106.404	-10.7372	451.415	0	
-105.814	-10.7851	448.412	0	
36.9954	-14.74	176.666	0	
37.469	-15.6079	161.656	0	
38.5056	-12.4559	187.94	0	
37.8564	-13.2836	186.839	0	
35.1291	-11.3963	233.73	0	
34.2121	-12.0462	235.561	0	
36.111	-12.938	211.759	0	
35.1556	-12.5293	226.022	0	
-96.8089	-9.27977	369.426	0	
-95.1898	-11.2442	488.649	0	
-95.6896	-13.7	629.753	0	
-94.5244	-11.4741	497.216	0	
-91.8418	-12.4744	539.43	0	
-92.4061	-13.2308	581.808	0	
-89.7661	-11.3987	465.186	0	
-92.2975	-10.9315	459.259	0	
159.882	-5.37718	182.156	0	
160.971	-6.11883	178.978	0	
160.936	-7.26373	180.414	0	
162.649	-6.32347	176.816	0	
162.884	-4.82609	172.268	0	
163.725	-3.60675	170.023	0	
80.3693	-10.4154	213.603	0	
82.6478	-10.7632	213.894	0	
-10.7242	-8.43016	191.244	0	
-11.4092	-8.86434	193.128	0	
162.377	-1.36545	163.445	0	
23.4435	-9.56571	190.535	0	
-102.511	-11.0582	477.647	0	
-100.809	-11.5412	515.552	0	
26.1355	-12.0529	211.388	0	
27.8078	-13.3187	222.197	0	
21.4563	-8.47193	192.387	0	
22.1494	-9.45631	192.225	0	
-23.8136	-13.0732	485.079	0	
-22.3441	-11.5775	399.271	0	
-25.8566	-12.1114	463.532	0	
-24.5833	-11.9574	447.647	0	
-41.9667	-9.6217	360.545	0	
-40.5897	-9.74026	360.907	0	
47.8671	-10.1215	145.964	0	
48.5188	-11.0916	128.991	0	
51.5458	-10.2354	145.638	0	
52.444	-9.47831	164.395	0	
130.287	-11.3919	234.16	0	
131.525	-9.73592	234.646	0	
-100.397	-10.4197	450.532	0	
-98.6531	-9.925	394.923	0	
-97.5206	-10.6489	451.183	0	
-97.974	-9.08951	365.907	0	
-17.5469	-10.17	254.323	0	
-16.878	-10.6354	263.939	0	
-15.0752	-11.0926	241.523	0	
-14.2117	-10.8438	227.357	0	
-111.967	-9.64784	393.913	0	
-107.333	-10.1534	414.056	0	
4.36105	-11.6083	183.499	0	
3.40706	-10.8428	184.928	0	
-57.1024	-11.8712	393.832	0	
-56.4836	-12.6304	392.035	0	
9.41655	-12.4435	185.073	0	
7.84018	-11.6701	185.253	0	
10.5505	-14.9219	181.014	0	
12.333	-13.9933	184.95	0	
109.895	-9.01668	210.031	0	
110.838	-9.98839	208.852	0	
-70.5758	-10.9521	418.946	0	
-69.1859	-9.23931	358.09	0	
-162.415	-4.71139	251.215	0	
-160.598	-7.29199	310.844	0	
-126.271	-12.6272	622.032	0	
-126.873	-11.3511	565.42	0	
-107.415	-8.03443	297.861	0	
-109.032	-8.92031	346.478	0	
-106.792	-11.1846	462.253	0	
-106.551	-11.7002	516.118	0	
-107.394	-10.8286	462.984	0	
-107.988	-11.8307	518.13	0	
-106.504	-12.7055	576.466	0	
-105.967	-11.7151	503.923	0	
-106.874	-13.3592	603.184	0	
-105.462	-14.2009	648.715	0	
-105.043	-13.0554	590.232	0	
-105.696	-12.1871	538.32	0	
-104.66	-13.4835	615.071	0	
-104.182	-12.4501	562.341	0	
-104.88	-14.0995	659.483	0	
-103.412	-13.9361	637.424	0	
-103.888	-11.9689	513.918	0	
-104.628	-11.1661	472.974	0	
-103.325	-11.9859	527.809	0	
-103.602	-10.9542	466.357	0	
-103.478	-13.2625	604.854	0	
-102.117	-11.537	495.777	0	
-102.539	-14.2814	670.992	0	
-101.654	-12.9695	596.701	0	
-105.025	-11.4837	493.629	0	
-104.846	-10.4705	435.249	0	
34.2427	-13.3908	224.782	0	
35.5183	-13.0155	214.42	0	
36.3705	-14.7817	188.575	0	
37.1971	-14.0435	189.358	0	
34.903	-15.0348	203.198	0	
39.1218	-13.6686	163.886	0	
37.8006	-13.8922	180.21	0	
37.2729	-12.995	198.2	0	
38.4194	-14.5273	163.883	0	
38.527	-13.1204	184.001	0	
-96.1603	-9.71768	396.786	0	
-96.7329	-10.8119	463.337	0	
-94.2142	-14.3963	666.218	0	
-93.8087	-12.858	579.392	0	
159.241	-4.92005	185.938	0	
159.254	-6.24965	185.641	0	
-10.4869	-10.4227	196.399	0	
-9.91152	-10.7401	195.299	0	
-23.8807	-15.0016	529.88	0	
-22.7682	-12.6415	439.957	0	
-21.0967	-11.6786	379.191	0	
-26.6966	-11.9565	477.588	0	
-26.2828	-14.2689	544.784	0	
-42.2484	-10.3488	370.269	0	
-41.8597	-10.8684	379.537	0	
48.6572	-11.6661	116.05	0	
49.6686	-11.6663	113.578	0	
50.9613	-10.8019	124.803	0	
52.5998	-10.8846	123.234	0	
-97.7658	-10.0419	423.383	0	
-96.1247	-10.3703	442.27	0	
-15.4885	-11.8361	271.212	0	
-13.8002	-14.1823	280.181	0	
-11.7016	-11.153	208.575	0	
-13.6132	-9.26918	203.819	0	
-109.193	-11.9806	548.033	0	
-109.702	-10.626	437.42	0	
2.90083	-12.4497	178.722	0	
3.74245	-13.1679	177.799	0	
4.97507	-11.7062	181.676	0	
5.08302	-10.6096	186.527	0	
9.97579	-15.3115	181.048	0	
11.8736	-17.5418	183.186	0	
11.7367	-15.0266	182.218	0	
12.5532	-16.1525	182.675	0	
-70.2789	-12.2329	466.065	0	
-68.2333	-12.0787	437.163	0	
-69.978	-10.5976	409.011	0	
-68.9167	-11.1706	415.497	0	
-126.114	-13.8701	711.404	0	
-125.002	-12.4691	612.4	0	
-108.645	-9.49773	391.439	0	
-107.995	-11.1313	457.292	0	
-108.588	-12.1196	541.662	0	
-108.294	-12.6834	571.531	0	
-107.661	-12.7374	573.928	0	
-109.05	-14.8662	675.944	0	
-105.813	-13.6805	634.125	0	
-105.741	-14.7752	696.389	0	
33.2361	-12.3916	236.173	0	
34.1687	-15.6889	198.851	0	
37.0772	-16.5891	157.7	0	
44.4025	-18.4305	60.6503	0	
-98.837	-11.0823	458.686	0	
-97.2121	-12.3543	587.103	0	
-95.2658	-12.2191	526.059	0	
-94.4755	-13.2651	589.195	0	
158.124	-4.84621	194.555	0	
156.999	-6.16664	195.024	0	
157.987	-6.68096	190.602	0	
160.575	-8.28168	182.358	0	
-11.203	-10.6151	203.996	0	
-11.4508	-11.8483	218.316	0	
161.565	-1.26454	162.257	0	
162.627	-1.92918	163.192	0	
-23.1868	-13.3448	455.638	0	
-22.6261	-13.9931	478.542	0	
-22.0369	-12.6201	430.112	0	
-16.8889	-13.1567	316.289	0	
-42.1923	-12.311	401.295	0	
-40.9735	-11.698	401.457	0	
48.2282	-12.071	109.472	0	
48.5877	-13.0684	91.2269	0	
50.3935	-12.0117	103.121	0	
50.2613	-10.6611	137.177	0	
2.17345	-12.257	179.802	0	
1.9687	-13.4729	179.288	0	
3.96643	-13.808	179.088	0	
5.8698	-12.362	180.41	0	
4.82462	-12.8061	178.663	0	
6.2052	-11.8344	184.278	0	
5.48596	-9.85382	192.485	0	
5.21897	-8.97368	193.878	0	
-67.4229	-11.2759	410.809	0	
-68.9446	-9.94215	384.722	0	
-125.492	-14.3362	739.65	0	
-125.307	-13.1514	664.297	0	
-109.705	-11.4665	487.217	0	
-109.665	-12.5222	557.391	0	
-110.643	-11.757	527.005	0	
-110.536	-12.4887	544.843	0	
-111.203	-13.3908	650.441	0	
-109.614	-13.9758	680.328	0	
-108.033	-13.6423	624.732	0	
-107.441	-13.3682	604.677	0	
-106.522	-13.875	643	0	
-106.832	-15.0279	729.582	0	
39.9155	-15.0076	136.778	0	
39.9453	-13.6126	156.268	0	
-95.0239	-14.6865	679.364	0	
-93.2633	-13.1822	597.232	0	
157.707	-4.34067	196.042	0	
157.143	-4.68134	199.057	0	
158.184	-6.01497	191.288	0	
157.818	-5.4673	193.443	0	
158.727	-8.43022	187.131	0	
159.436	-8.15537	184.932	0	
160.273	-7.04891	182.093	0	
159.635	-7.34204	184.779	0	
-9.85709	-11.6466	203.206	0	
-8.64785	-11.2926	194.181	0	
163.211	-3.09347	166.955	0	
163.44	-0.421353	164.75	0	
-20.7631	-13.2507	423.756	0	
-20.858	-14.9558	471.053	0	
-41.6984	-13.1925	414.739	0	
-40.2856	-12.3798	413.01	0	
-39.1482	-12.2289	424.123	0	
-39.1234	-10.5384	388.975	0	
47.6283	-11.9079	113.981	0	
46.4075	-12.0963	116.098	0	
48.4837	-13.8783	79.772	0	
49.7837	-13.3328	85.3264	0	
50.4949	-12.9349	85.351	0	
51.3319	-14.536	61.7402	0	
1.51372	-13.999	178.464	0	
1.76486	-14.6053	180.897	0	
2.9681	-14.2698	179.326	0	
5.89915	-15.4419	179.299	0	
5.07761	-13.4599	179.691	0	
7.2471	-13.6621	180.478	0	
6.77977	-11.8481	183.021	0	
7.27623	-10.8419	187.924	0	
-67.1454	-10.1599	377.531	0	
-67.8705	-9.70705	369.525	0	
-125.188	-15.1541	781.934	0	
-124.276	-14.1489	726.24	0	
-106.435	-15.8766	745.985	0	
-105.387	-15.3559	711.061	0	
-95.5655	-16.6304	769.082	0	
-93.022	-14.215	638.849	0	
157.061	-7.44454	192.683	0	
158.261	-7.85627	188.62	0	
161.069	-9.0426	182.707	0	
161.731	-7.94417	180.652	0	
-8.73197	-10.5591	189.6	0	
-9.24461	-11.888	197.876	0	
47.4254	-11.1968	127.498	0	
45.5862	-12.3175	120.881	0	
6.1791	-12.9528	181.264	0	
8.45616	-11.5831	186.036	0	
8.03897	-13.5927	179.863	0	
8.77546	-12.3252	184.783	0	
7.73201	-12.3203	183.254	0	
8.25862	-12.8282	182.946	0	
-106.932	-16.4271	779.367	0	
-106.692	-17.2042	815.331	0	
-94.1454	-13.8311	634.413	0	
-93.4327	-15.0688	678.024	0	
-94.7435	-16.0199	751.379	0	
-90.9222	-15.9724	703.541	0	
-91.7558	-15.8302	732.539	0	
-92.1212	-15.1579	670.36	0	
159.853	-9.53213	184.162	0	
162.451	-10.002	183.567	0	
162.909	-7.94569	179.802	0	
161.414	-6.65283	179.552	0	
45.9987	-13.6899	96.8433	0	
47.3313	-12.9535	97.2159	0	
-90.0565	-15.2022	690.19	0	
-92.2832	-13.9624	631.086	0	
163.443	-6.74909	177.687	0	
162.098	-6.82285	177.429	0	
-90.4809	-14.3752	632.423	0	
-90.7691	-12.4516	545.579	0	
162.279	-9.21071	182.014	0	
164.477	-8.91037	184.408	0	
165.926	-5.41343	180.106	0	
163.563	-4.56652	171.768	0	
-91.2528	-5.80187	230.552	0	
-91.9131	-5.2584	210.144	0	
5.66082	-6.82078	203.958	0	
6.08277	-5.806	204.465	0	
-76.7998	-5.34764	227.615	0	
-77.3668	-4.81509	215.225	0	
-77.7121	-5.96866	244.132	0	
-77.2776	-6.35279	256.882	0	
-44.5555	-4.63195	238.549	0	
-43.5779	-4.72409	239.925	0	
-93.1899	-6.18698	243.623	0	
-93.8491	-5.50228	225.035	0	
5.15403	-6.37305	203.237	0	
4.32761	-5.78935	203.819	0	
44.226	-11.7364	142.039	0	
45.1259	-10.9301	147.276	0	
-15.5113	-7.11862	195.303	0	
-16.346	-6.89851	196.773	0	
-5.3811	-9.55166	181.918	0	
-6.03393	-9.18465	183.407	0	
-4.96441	-10.3268	182.86	0	
-3.9983	-11.8802	181.655	0	
142.988	-10.6366	229.455	0	
144.873	-9.79474	226.5	0	
-76.3388	-5.51944	236.432	0	
-76.0919	-4.74104	215.645	0	
-75.331	-9.45172	389.957	0	
-76.2145	-9.50816	392.977	0	
-38.9997	-7.8964	305.397	0	
-40.3756	-9.00545	341.024	0	
-139.04	-10.4165	451.38	0	
-137.141	-10.7299	492.401	0	
-139.491	-11.0686	514.598	0	
-139.062	-11.7274	537.279	0	
146.974	-10.2541	221.581	0	
145.687	-10.8579	225.19	0	
134.016	-10.6548	233.468	0	
134.653	-9.04719	228.87	0	
-22.7912	-8.35572	292.704	0	
-23.1688	-8.87158	308.74	0	
27.7871	-11.9937	218.317	0	
27.4028	-12.746	218.939	0	
30.0411	-13.1508	231.887	0	
32.1568	-11.6115	237.272	0	
18.2045	-7.50087	211.125	0	
19.5847	-6.8415	204.672	0	
17.9134	-8.41506	208.784	0	
19.4863	-8.80392	202.912	0	
-64.3927	-13.3403	419.939	0	
-64.2441	-14.0747	420.856	0	
-60.3336	-13.8283	395.643	0	
-60.2518	-13.142	395.196	0	
-141.525	-12.5625	582.031	0	
-141.77	-13.5131	661.482	0	
87.9919	-12.3778	189.397	0	
88.7968	-13.6209	192.389	0	
-147.087	-8.70996	356.428	0	
-146.801	-10.3519	423.013	0	
82.6921	-9.12627	204.634	0	
81.926	-10.0072	207.743	0	
-143.486	-13.5345	624.46	0	
-144.596	-13.7012	665.994	0	
-45.0841	-13.5972	393.066	0	
-45.1749	-11.7511	386.904	0	
53.73	-9.10776	174.7	0	
55.6184	-8.86407	179.015	0	
-2.83178	-9.62732	182.669	0	
-2.49665	-9.07691	184.319	0	
-12.7597	-9.30602	201.544	0	
-12.6383	-10.7455	215.537	0	
-32.0439	-10.4711	436.235	0	
-32.2291	-11.9111	491.466	0	
122.36	-11.9676	211.138	0	
124.999	-12.0702	217.309	0	
126.127	-11.064	225.078	0	
126.325	-9.79385	225.536	0	
-1.07653	-11.1261	179.559	0	
-1.13839	-14.0891	181.498	0	
-55.6057	-14.3537	379.895	0	
-54.3872	-15.8861	360.59	0	
140.839	-10.0305	229.989	0	
141.655	-10.889	231.132	0	
140.232	-9.88153	230.107	0	
139.586	-10.2491	230.674	0	
141.013	-12.6153	231.704	0	
143.582	-10.1328	229.429	0	
140.04	-9.3226	227.546	0	
139.008	-9.86417	229.548	0	
139.365	-12.2681	232.812	0	
140.275	-12.1415	231.934	0	
140.457	-8.84045	225.363	0	
139.34	-8.65075	223.922	0	
138.156	-9.82581	227.713	0	
138.931	-11.2923	232.514	0	
143.489	-7.9733	220.376	0	
142.59	-7.73254	221.311	0	
-155.729	-9.49932	386.872	0	
-154.56	-8.60189	352.171	0	
-156.931	-10.4461	426.755	0	
-152.241	-11.8606	523.657	0	
17.5227	-12.206	196.327	0	
17.2272	-12.8584	196.814	0	
102.025	-10.1746	201.329	0	
101.497	-11.1096	195.923	0	
-164.929	-2.40793	226.575	0	
-164.624	-5.75942	294.511	0	
-85.7818	-10.0936	406.001	0	
-85.5184	-12.2387	530.161	0	
-79.5823	-14.3205	599.433	0	
-76.802	-14.5199	586.838	0	
-77.8116	-11.802	482.08	0	
-76.3359	-11.0113	452.269	0	
77.2019	-9.19357	208.801	0	
76.8658	-10.0343	212.44	0	
-37.1139	-9.82904	372.911	0	
-38.7197	-11.2522	405.007	0	
-114.278	-9.14667	355.834	0	
-112.683	-11.3986	513.079	0	
-29.778	-11.1282	470.712	0	
-27.8078	-10.49	421.947	0	
-117.538	-12.8701	586.92	0	
-117.601	-10.4148	427.156	0	
103.12	-12.6604	192.445	0	
103.152	-14.2766	185.166	0	
109.87	-11.8823	202.574	0	
110.939	-11.215	206.72	0	
-168.2	-0.46284	265.375	0	
-164.493	-3.07827	236.164	0	
-91.0053	-10.7389	433.738	0	
-90.7607	-10.1022	410.673	0	
164.379	-3.39548	170.166	0	
163.311	-2.2492	165.835	0	
77.5828	-11.3432	216.253	0	
79.6208	-12.1387	221.989	0	
-101.124	-10.4046	444.078	0	
-101.429	-11.1646	481.869	0	
-99.3659	-11.4363	518.643	0	
-99.1818	-10.2412	449.776	0	
25.5116	-11.9899	206.624	0	
24.9914	-12.6305	207.257	0	
-162.435	-5.61091	270.015	0	
-163.959	-5.38682	274.323	0	
-101.876	-16.1825	758.532	0	
-100.876	-15.7413	743.478	0	
21.5082	-10.6892	195.674	0	
22.7827	-12.0885	200.016	0	
9.36612	-14.971	179.848	0	
10.5215	-16.517	181.751	0	
9.98595	-15.9951	180.181	0	
10.1579	-17.4646	182	0	
13.834	-16.0156	184.746	0	
13.102	-14.952	184.185	0	
-99.7018	-12.3918	546.396	0	
-98.0242	-12.2869	525.679	0	
40.1532	-16.339	119.005	0	
43.854	-19.3558	56.6666	0	
-43.065	-14.1683	403.721	0	
-40.7841	-15.0725	448.242	0	
46.8887	-13.6927	90.7283	0	
48.8996	-15.3016	64.8749	0	
0.519205	-13.182	178.164	0	
1.36195	-15.5712	185.606	0	
-1.03581	-13.3333	181.398	0	
0.407998	-14.5238	180.318	0	
-0.021307	-16.4946	192.737	0	
3.3883	-19.8649	200.336	0	
1.11559	-14.981	180.585	0	
2.21443	-15.7675	182.393	0	
2.57129	-16.56	184.779	0	
3.81008	-15.1499	179.557	0	
1.8462	-17.0657	189.55	0	
5.39928	-16.1014	179.108	0	
3.63565	-14.3939	177.614	0	
2.52108	-14.7842	178.546	0	
4.37725	-15.2681	178.283	0	
4.62578	-16.0413	180.71	0	
156.282	-7.51259	196.44	0	
156.658	-8.67286	193.116	0	
155.806	-6.80495	197.171	0	
154.092	-8.07914	199.142	0	
156.549	-9.27509	191.867	0	
157.515	-9.65449	189.045	0	
155.442	-8.39807	196.432	0	
156.058	-10.1904	192.256	0	
157.804	-10.7817	187.848	0	
157.94	-10.1578	188.266	0	
154.61	-10.11	195.753	0	
155.776	-10.7822	191.651	0	
156.401	-11.7207	190.345	0	
156.757	-10.3607	190.464	0	
159.104	-10.9414	185.584	0	
159.229	-10.1067	185.756	0	
158.433	-9.07867	187.894	0	
158.534	-9.76133	186.629	0	
155.097	-12.772	191.367	0	
157.783	-13.9459	185.276	0	
157.149	-10.8928	188.808	0	
157.846	-11.8965	186.872	0	
159.799	-11.5778	185.183	0	
160.715	-9.82371	183.319	0	
-9.64519	-13.5639	212.169	0	
-8.25959	-12.8777	197.785	0	
5.78745	-13.5494	178.007	0	
6.10528	-14.1792	179.35	0	
-107.71	-16.1438	775.216	0	
-107.965	-17.6387	844.171	0	
44.5796	-13.4531	107.009	0	
46.9073	-15.6265	66.4829	0	
162.27	-10.788	184.094	0	
163.648	-9.23906	182.539	0	
165.393	-9.41344	187.006	0	
166.206	-8.861	188.026	0	
42.457	-12.0003	144.23	0	
45.3447	-12.9242	104.311	0	
-6.23051	-11.7876	186.423	0	
-4.7765	-11.7469	184.755	0	
-3.98203	-13.1537	186.066	0	
-1.51389	-12.5962	179.873	0	
-139.719	-12.4504	609.515	0	
-137.754	-12.7192	629.185	0	
146.483	-11.0144	220.574	0	
148.163	-12.9827	213.972	0	
26.6005	-14.2946	218.559	0	
28.2162	-14.4787	224.72	0	
28.8839	-13.8876	226.308	0	
31.4029	-13.3255	234.124	0	
30.8514	-12.8797	234.355	0	
31.1764	-14.1128	229.227	0	
-64.9889	-13.0078	421.441	0	
-65.5443	-13.4943	431.14	0	
-65.0056	-12.2068	409.049	0	
-65.7025	-11.975	416.036	0	
-66.6669	-13.786	444.238	0	
-66.5215	-14.5081	453.706	0	
-64.164	-11.9609	402.965	0	
-64.6198	-10.3743	376.474	0	
-66.8271	-11.0818	398.756	0	
-66.2553	-12.5823	424.79	0	
-67.1756	-13.2043	446.042	0	
-68.228	-14.1472	466.315	0	
-66.8266	-15.6512	464.963	0	
-66.1219	-15.9171	456.231	0	
-68.9821	-11.8461	437.945	0	
-67.9889	-13.415	460.819	0	
-68.9875	-14.414	488.08	0	
-68.8102	-15.1087	490.278	0	
-67.6079	-15.8345	481.938	0	
-67.3333	-17.1457	480.754	0	
-65.2901	-16.7998	449.235	0	
-64.2965	-15.8518	432.261	0	
-69.5831	-12.3521	455.801	0	
-68.5297	-12.8649	453.182	0	
-69.7989	-13.557	487.31	0	
-69.3852	-15.6153	505.305	0	
-68.9391	-16.4688	506.714	0	
-67.8631	-16.5686	487.97	0	
-64.8067	-15.2678	432.367	0	
-63.5355	-15.682	420.539	0	
-58.0567	-11.97	389.396	0	
-59.8013	-11.9815	390.363	0	
87.4835	-12.8483	199.211	0	
89.7621	-14.0454	189.343	0	
-148.002	-9.01793	380.202	0	
-146.097	-12.0404	560.957	0	
-147.769	-10.2168	431.038	0	
-148.808	-10.6961	476.57	0	
-47.2744	-11.8756	384.771	0	
-47.877	-12.8414	385.95	0	
55.5824	-9.64263	162.788	0	
56.5313	-7.44781	218.503	0	
-11.7515	-9.95136	201.387	0	
-12.4844	-9.99191	202.885	0	
-32.8289	-10.5616	435.752	0	
-31.0613	-11.3978	480.396	0	
-28.4301	-11.0667	460.336	0	
-30.5366	-10.7232	451.588	0	
123.681	-15.1549	201.448	0	
125.95	-13.0798	215.954	0	
124.185	-12.6351	215.867	0	
126.58	-14.6075	212.939	0	
126.288	-11.7824	222.482	0	
127.451	-10.9002	228.86	0	
141.068	-13.7913	225.237	0	
143.108	-12.7995	226.295	0	
143.143	-11.3822	230.062	0	
145.521	-9.99564	224.21	0	
136.917	-10.3624	230.857	0	
136.914	-11.1706	232.783	0	
19.5659	-13.1981	197.358	0	
19.0138	-11.8498	197.431	0	
16.4175	-12.7361	193.607	0	
17.1542	-14.159	194.534	0	
-164.11	-4.50179	263.135	0	
-165.23	-3.67034	257.27	0	
-86.36	-11.8227	486.997	0	
-83.8906	-14.2698	604.961	0	
75.9913	-10.4685	205.014	0	
78.2813	-12.0672	217.213	0	
-115.122	-8.57369	338.175	0	
-115.906	-10.2203	423.143	0	
-111.483	-11.4213	463.183	0	
-111.255	-10.3554	438.473	0	
-115.502	-13.4655	633.437	0	
-117.057	-11.6657	498.522	0	
104.614	-13.3081	190.596	0	
103.527	-13.5124	190.944	0	
109.628	-12.9126	198.099	0	
112.748	-13.0508	200.588	0	
111.765	-11.1191	206.609	0	
110.56	-9.30403	210.85	0	
-166.029	-2.4909	260.306	0	
-165.404	-5.04351	281.906	0	
-90.4353	-11.4587	497.142	0	
-90.0966	-10.0195	399.095	0	
-89.0832	-11.9409	506.448	0	
-87.4361	-10.5042	432.223	0	
-89.8141	-9.37507	361.359	0	
-91.1272	-8.8848	340.94	0	
-88.9801	-9.09877	356.925	0	
-89.4775	-8.0162	299.921	0	
165.05	-3.92894	173.488	0	
165.338	-2.47886	170.872	0	
164.213	-5.25424	174.014	0	
168.186	-6.60022	191.473	0	
165.994	-0.961671	168.822	0	
164.184	-0.920184	163.941	0	
79.9245	-17.2829	219.025	0	
80.3085	-11.4775	222.288	0	
9.2076	-14.1949	180.621	0	
8.11005	-14.8566	178.781	0	
7.3322	-14.9175	179.312	0	
7.13188	-16.1135	179.791	0	
9.30998	-16.3182	180.918	0	
10.9707	-19.7999	188.602	0	
9.36016	-17.2627	181.252	0	
7.95092	-17.0563	181.094	0	
11.8238	-16.6703	183.278	0	
12.6964	-17.8453	185.065	0	
14.7913	-16.4167	187.805	0	
14.5798	-14.6579	187.708	0	
49.3798	-16.031	51.6346	0	
50.2774	-15.8761	52.3911	0	
4.13752	-18.3748	190.022	0	
6.02307	-18.0875	184.928	0	
154.69	-7.8091	197.988	0	
154.738	-9.37191	196.68	0	
153.929	-10.3787	197.602	0	
152.742	-11.2091	199.552	0	
-8.24182	-14.7329	220.84	0	
-6.97777	-13.0658	197.083	0	
5.63183	-14.7938	177.401	0	
6.84553	-15.4974	178.001	0	
-107.643	-15.2135	700.929	0	
-109.324	-15.8987	770.276	0	
-108.452	-18.5264	863.366	0	
-106.839	-18.4826	866.474	0	
163.117	-11.4406	186.225	0	
163.394	-9.99684	184.831	0	
41.4966	-14.6556	122.31	0	
44.8512	-16.5624	69.8241	0	
-7.46255	-11.6425	188.697	0	
-6.25376	-13.2687	192.772	0	
26.8762	-16.0472	216.832	0	
28.4097	-15.137	222.404	0	
29.2973	-15.2944	223.926	0	
29.6898	-13.8534	228.876	0	
31.8348	-14.5824	226.617	0	
33.5445	-13.39	231.311	0	
-67.6133	-17.9333	483.925	0	
-66.9239	-18.239	477.142	0	
-68.3977	-18.3255	511.525	0	
-66.4491	-20.2795	471.13	0	
-66.01	-19.1173	461.289	0	
-65.0081	-18.1398	443.469	0	
-65.5605	-17.5737	447.363	0	
-64.208	-17.9371	432.856	0	
-63.6468	-18.4986	421.781	0	
-62.6057	-17.6041	408.588	0	
-70.7114	-11.597	449.233	0	
-70.9073	-14.3916	513.612	0	
-72.4984	-13.479	510.143	0	
-70.1244	-15.3571	512.575	0	
-63.1673	-17.0622	412.327	0	
-62.5376	-15.0519	411.285	0	
-58.2073	-14.9893	382.516	0	
-61.163	-14.326	400.473	0	
-62.3063	-15.8413	405.642	0	
-61.423	-16.1104	401.004	0	
-59.6289	-14.4825	392.303	0	
-58.7493	-14.3496	388.37	0	
86.2083	-11.6964	197.373	0	
86.7091	-13.9572	207.975	0	
92.1031	-13.4043	170.976	0	
89.2648	-12.1806	182.765	0	
-33.2883	-9.86488	407.131	0	
-34.2029	-11.2003	452.007	0	
-32.0806	-12.7802	513.628	0	
-30.7569	-12.3269	501.338	0	
-29.9122	-12.1392	504.586	0	
-29.5673	-13.883	566.549	0	
125.713	-12.3196	221.729	0	
126.68	-13.2003	221.186	0	
142.559	-12.123	230.037	0	
144.398	-11.1207	228.216	0	
143.847	-11.6102	227.296	0	
145.149	-11.3889	224.086	0	
136.307	-9.79639	229.125	0	
134.751	-9.95555	230.1	0	
136.35	-12.4469	232.363	0	
137.691	-12.5755	232.719	0	
19.3051	-14.4216	196.91	0	
21.1962	-14.2812	200.825	0	
17.3978	-14.8875	191.925	0	
18.1634	-15.02	194.663	0	
-166.251	-5.35908	304.722	0	
-163.017	-7.25862	316.656	0	
108.558	-13.0011	196.212	0	
107.627	-14.0465	191.97	0	
110.109	-13.6845	195.337	0	
112.661	-15.1018	190.585	0	
112.33	-11.625	205.578	0	
113.149	-10.5124	210.531	0	
111.633	-10.3091	209.791	0	
111.613	-8.70902	211.89	0	
-166.222	-3.33036	255.223	0	
-167.15	-3.82314	286.786	0	
-89.9798	-13.4361	586.532	0	
-88.0156	-13.2163	559.037	0	
-88.9363	-10.5124	426.979	0	
-88.5623	-11.282	466.214	0	
79.8966	-13.3534	228.815	0	
82.3004	-11.6906	216.48	0	
6.55059	-16.7419	180.455	0	
7.15444	-17.3281	181.822	0	
12.8121	-18.7368	185.928	0	
14.2601	-18.4489	186.829	0	
14.0913	-17.6013	186.797	0	
17.9838	-16.425	192.85	0	
47.7909	-17.1422	50.9016	0	
49.5785	-17.6774	40.4504	0	
52.4729	-17.1822	38.2458	0	
51.3419	-13.4603	79.9512	0	
153.19	-7.85132	200.365	0	
153.378	-9.88582	199.26	0	
153.507	-9.15515	199.239	0	
153.915	-11.7883	194.919	0	
154.78	-11.6774	192.675	0	
153.576	-11.151	197.156	0	
-109.58	-17.4527	826.767	0	
-107.316	-18.9997	893.109	0	
-106.138	-18.6412	878.781	0	
-105.69	-18.0691	849.09	0	
163.219	-12.3893	186.535	0	
167.035	-13.0811	199.13	0	
-6.03858	-13.9896	201.803	0	
-4.77193	-14.0614	193.077	0	
29.4264	-16.0147	218.737	0	
30.2285	-16.1309	219.475	0	
30.7445	-15.506	221.28	0	
33.2988	-15.3445	211.693	0	
32.1582	-13.1196	234.187	0	
32.8436	-13.7592	231.025	0	
-69.5837	-17.0688	522.801	0	
-69.1092	-19.8771	529.99	0	
-68.4072	-19.3706	503.309	0	
-70.0306	-19.4153	536.232	0	
-65.8998	-19.8373	454.887	0	
-65.1624	-20.0398	446.817	0	
-64.6385	-19.4828	436.02	0	
-63.5891	-20.051	412.086	0	
-71.6305	-11.7222	458.254	0	
-70.8893	-13.04	484.134	0	
-70.6501	-13.6751	494.275	0	
-70.1893	-14.6725	505.841	0	
-72.15	-16.4833	550.548	0	
-71.4882	-15.6163	542.259	0	
-61.4911	-17.1321	393.719	0	
-58.2593	-19.4141	356.019	0	
85.0213	-11.4836	208.706	0	
84.6252	-12.8307	214.622	0	
86.381	-14.6819	215.317	0	
87.3554	-15.6683	211.425	0	
-34.9543	-11.9836	471.228	0	
-34.6695	-12.9323	499.22	0	
-33.6415	-12.7284	499.836	0	
-31.6186	-15.0671	587.884	0	
-29.1155	-12.5952	533.135	0	
-27.1538	-13.6592	548.667	0	
127.014	-13.9431	215.202	0	
127.998	-12.835	223.567	0	
143.964	-12.3789	227.667	0	
145.289	-12.1329	224.983	0	
133.143	-10.6291	233.719	0	
135.566	-11.1383	232.394	0	
134.975	-12.5725	232.557	0	
135.579	-12.9666	230.221	0	
16.7927	-15.7518	190.994	0	
17.0598	-16.5691	190.768	0	
19.2488	-15.8214	196.018	0	
20.5441	-14.3543	198.172	0	
112.084	-12.5805	200.29	0	
113.567	-12.5021	201.155	0	
113.745	-10.144	210.59	0	
113.086	-9.01918	211.35	0	
-88.9861	-15.8724	703.608	0	
-87.3427	-13.9917	632.323	0	
-85.9339	-13.4437	577.13	0	
-87.4484	-12.2523	524.092	0	
5.76437	-16.7853	181.437	0	
5.38296	-17.4802	184.237	0	
7.68776	-18.6279	186.129	0	
8.68857	-17.6675	182.699	0	
152.873	-8.61061	201.509	0	
151.802	-8.6165	203.312	0	
152.176	-11.8904	199.155	0	
153.553	-12.8088	194.724	0	
-109.019	-20.6698	946.251	0	
-108.359	-20.0332	938.773	0	
-105.798	-19.5811	909.13	0	
-105.079	-19.7498	906.184	0	
-104.54	-17.6134	822.5	0	
-105.456	-16.7244	789.331	0	
-6.58381	-14.5612	204.938	0	
-6.14087	-15.2519	212.561	0	
-3.95516	-14.4929	194.094	0	
-2.78411	-12.9351	183.071	0	
28.8663	-16.4789	217.554	0	
30.0321	-18.8137	197.146	0	
31.33	-16.8691	210.353	0	
31.5896	-15.3555	221.443	0	
-67.2581	-20.2989	482.135	0	
-66.3349	-21.1394	471.887	0	
-64.1817	-20.9118	430.096	0	
-63.859	-19.287	424.181	0	
-59.0459	-25.4285	372.152	0	
-57.2078	-18.7978	347.708	0	
-71.7641	-10.1663	409.523	0	
-73.2683	-13.0973	520.061	0	
-73.058	-16.3801	587.27	0	
-69.3549	-17.9505	518.99	0	
85.4542	-14.7242	220.241	0	
85.1302	-20.543	239.086	0	
87.724	-16.5792	217.139	0	
88.7168	-15.5663	202.116	0	
-36.0507	-11.0868	429.496	0	
-37.6773	-11.317	421.352	0	
125.685	-14.5545	209.264	0	
130.297	-14.5772	217.329	0	
144.654	-12.6334	222.149	0	
147.774	-10.2603	217.002	0	
132.705	-11.363	234.207	0	
133.757	-12.1442	232.912	0	
134.189	-12.9545	230.676	0	
134.983	-11.6535	232.857	0	
16.6843	-17.4529	190.585	0	
18.0217	-18.0303	192.954	0	
19.6725	-16.8086	196.363	0	
20.5352	-16.924	198.398	0	
114.239	-12.861	202.842	0	
115.729	-11.2007	208.533	0	
114.391	-10.4507	211.907	0	
114.441	-9.11317	212.338	0	
114.368	-11.2259	207.045	0	
115.033	-11.7023	208.817	0	
4.33745	-17.5187	185.218	0	
5.02347	-18.9722	189.966	0	
6.50875	-19.3483	190.791	0	
8.72409	-20.9221	196.308	0	
151.145	-11.417	207.164	0	
151.162	-13.5511	199.005	0	
-108.851	-21.7777	991.023	0	
-107.479	-21.1747	966.485	0	
-107.076	-19.7818	925.752	0	
-106.498	-21.1074	963.463	0	
-103.702	-17.8131	838.475	0	
-103.942	-16.4911	778.641	0	
-7.47452	-14.2418	214.302	0	
-8.08526	-15.5822	234.919	0	
-7.40768	-17.1245	246.697	0	
-3.36183	-16.0861	202.216	0	
-3.90723	-15.3546	199.023	0	
-1.71049	-16.3196	197.51	0	
28.1308	-15.9288	219.928	0	
28.5338	-17.7092	208.865	0	
29.1379	-17.2729	210.446	0	
28.9877	-18.5829	202.127	0	
31.1976	-18.1446	196.991	0	
32.5718	-17.9156	190.035	0	
-67.6693	-21.2951	493.827	0	
-67.0057	-21.7987	483.675	0	
-67.8253	-23.3565	512.395	0	
-65.5651	-22.9934	454.777	0	
-64.0335	-21.7812	427.295	0	
-62.4532	-21.1866	397.485	0	
-74.1997	-17.1877	603.493	0	
-74.9023	-19.7122	648.529	0	
-71.5338	-17.1582	559.1	0	
-70.2857	-18.5338	547.975	0	
-35.3602	-14.0253	518.285	0	
-34.2631	-15.0082	564.468	0	
131.958	-11.5322	232.818	0	
130.578	-12.4301	231.128	0	
132.866	-13.9453	229.222	0	
134.714	-14.8333	222.646	0	
18.3335	-17.1654	193.429	0	
18.4156	-19.7458	193.388	0	
114.264	-13.5893	197.278	0	
115.509	-13.7348	197.949	0	
5.41175	-20.9575	204.789	0	
7.34774	-19.3614	189.547	0	
-106.308	-21.8251	976.41	0	
-106.26	-20.2047	925.186	0	
-104.462	-21.3601	960.064	0	
-103.304	-18.7555	875.01	0	
-103.871	-19.2966	887.844	0	
-100.724	-18.2757	853.245	0	
-9.08679	-16.3548	250.895	0	
-8.58285	-17.4717	263.116	0	
-4.72919	-18.9944	234.773	0	
-4.08409	-17.1454	215.746	0	
-4.71344	-15.74	209.055	0	
-4.92214	-16.7185	212.058	0	
26.3874	-16.7823	213.098	0	
27.7127	-17.3188	213.143	0	
-64.9727	-22.0971	446.844	0	
-63.592	-23.8752	432.336	0	
131.454	-10.7911	236.014	0	
131.232	-12.8837	228.445	0	
132.604	-12.8766	229.426	0	
131.884	-12.43	232.4	0	
21.4904	-17.689	200.717	0	
23.4441	-17.8998	204.026	0	
113.603	-14.0053	195.829	0	
115.359	-15.9717	187.983	0	
116.155	-14.9147	191.614	0	
117.528	-12.0079	207.644	0	
4.46378	-20.9521	206.058	0	
5.34518	-23.7968	228.448	0	
5.63108	-20.2248	197.299	0	
6.4961	-21.4467	205.512	0	
-103.308	-21.6717	962.727	0	
-102.296	-19.0548	880.975	0	
25.4184	-15.4985	214.822	0	
25.8989	-17.999	207.492	0	
112.76	-13.8258	195.367	0	
112.149	-14.4201	191.94	0	
114.081	-15.2125	191.352	0	
114.418	-16.0298	185.126	0	
118.245	-15.9565	188.555	0	
118.049	-14.1694	200.493	0	
116.337	-12.7703	202.611	0	
116.682	-13.5498	200.993	0	
-105.015	-23.2756	1011.83	0	
-99.9771	-21.2124	941.585	0	
-103.752	-20.1876	924.992	0	
-102.899	-20.8561	935.448	0	
23.6309	-16.2741	205.805	0	
25.2945	-17.6766	208.204	0	
25.9273	-18.845	203.971	0	
26.6548	-19.2357	202.037	0	
111.376	-14.3979	192.132	0	
111.518	-15.7812	185.325	0	
115.425	-15.2351	190.771	0	
115.977	-16.3722	185.928	0	
121.586	-13.5615	206.228	0	
117.832	-12.7013	204.545	0	
117.973	-11.4	209.985	0	
116.457	-11.4104	210.107	0	
24.2071	-16.8945	207.726	0	
24.0742	-17.6192	206.36	0	
23.9004	-15.411	208.952	0	
22.5569	-17.3638	202.64	0	
23.335	-18.9379	201.94	0	
25.3182	-19.242	202.432	0	
24.6818	-18.7734	203.175	0	
25.2173	-20.1658	198.931	0	
110.93	-13.5139	195.424	0	
110.218	-14.8432	189.292	0	
111.241	-16.8702	180.085	0	
112.117	-17.6497	179.267	0	
115.893	-17.3546	181.003	0	
116.881	-17.6253	181.563	0	
117.363	-13.5472	200.665	0	
119.019	-13.5913	201.793	0	
119.223	-12.0332	209.136	0	
118.657	-10.0532	211.109	0	
23.9454	-13.8216	206.406	0	
21.7941	-15.8279	201.798	0	
21.4984	-18.5838	199.215	0	
20.8016	-20.3345	196.669	0	
27.6537	-20.4867	192.242	0	
28.298	-19.05	200.684	0	
23.9605	-19.3767	201.431	0	
23.9232	-21.1517	195.709	0	
114.847	-17.8365	179.415	0	
116.174	-19.4468	175.308	0	
118.411	-18.6188	178.867	0	
119.378	-16.6048	191.376	0	
120.255	-13.9703	203.76	0	
119.989	-10.7874	211.377	0	
118.771	-11.331	210.415	0	
120.113	-11.7793	210.222	0	
119.633	-9.0359	208.98	0	
117.156	-9.69911	213.508	0	
24.598	-22.0145	191.002	0	
25.9547	-20.6872	195.266	0	
119.998	-8.19942	207.687	0	
117.714	-8.94755	211.957	0	
118.653	-8.0638	210.466	0	
117.668	-6.80562	209.596	0	
115.978	-7.26	211.949	0	
117.269	-8.34712	212.363	0	
-151.61	-5.99961	243.359	0	
-150.085	-6.18432	250.553	0	
-91.4435	-6.79471	261.109	0	
-90.5458	-7.64596	284.296	0	
-90.1363	-8.17634	311.251	0	
-89.6221	-7.30327	279.078	0	
-11.2416	-5.74477	193.944	0	
-12.1152	-5.95441	194.107	0	
0.200786	-9.8211	183.561	0	
-0.832077	-10.0648	182.238	0	
-1.44508	-9.82015	183.373	0	
-1.7918	-10.9345	180.79	0	
-2.38714	-11.4658	179.989	0	
-0.932261	-11.8555	179.877	0	
-150.089	-7.9049	310.8	0	
-148.615	-8.48116	330.783	0	
-151.816	-8.94492	364.868	0	
-151.749	-7.34357	295.902	0	
-54.0025	-17.0004	350.324	0	
-53.1945	-17.3861	347.124	0	
-52.5447	-16.6202	353.549	0	
-48.1117	-17.5329	355.406	0	
-73.3863	-9.39057	388.997	0	
-72.1987	-11.062	438.801	0	
-161.431	-7.0324	308.753	0	
-159.23	-8.55334	354.011	0	
-83.412	-13.0865	575.572	0	
-85.1005	-14.3629	630.502	0	
34.039	-17.6611	177.713	0	
34.5924	-16.9923	183.211	0	
23.4404	-10.2351	193.063	0	
22.7059	-10.6894	194.84	0	
-12.3181	-12.5421	233.051	0	
-9.41077	-14.4442	232.753	0	
-113.927	-15.4658	717.243	0	
-111.083	-17.2119	816.629	0	
-38.3856	-12.88	444.713	0	
-37.5232	-12.4384	437.709	0	
-93.8515	-18.5306	838.87	0	
-92.461	-17.8419	800.334	0	
-92.2874	-16.4573	732.593	0	
-91.9677	-17.2404	773.059	0	
-73.6484	-12.08	483.315	0	
-74.8773	-10.293	427.789	0	
-38.6701	-9.53574	354.543	0	
-39.3634	-8.82466	338.676	0	
-45.9088	-15.7747	377.827	0	
-43.7682	-15.3626	406.772	0	
-56.5712	-13.5383	388.938	0	
-58.3437	-13.4542	389.967	0	
-80.1696	-15.1425	624.895	0	
-78.4703	-15.9028	640.926	0	
-75.564	-15.0706	595.48	0	
-75.2636	-12.8337	517.112	0	
25.3063	-11.3288	202.884	0	
24.4785	-12.3566	204.406	0	
25.626	-10.7336	200.153	0	
24.1984	-10.5591	195.971	0	
24.7697	-14.9645	210.195	0	
26.3824	-15.1108	215.769	0	
20.8936	-10.2123	195.599	0	
20.7208	-11.5084	196.948	0	
20.7719	-9.47868	195.696	0	
19.7581	-10.3467	197.251	0	
20.5918	-12.3518	197.675	0	
21.3309	-12.8177	199.249	0	
-2.10466	-14.3976	188.762	0	
-2.41185	-15.604	190.862	0	
124.338	-13.5743	210.277	0	
123.243	-14.134	208.822	0	
75.0196	-9.65615	205.864	0	
73.9581	-10.8561	198.652	0	
-114.57	-12.5054	547.008	0	
-116.88	-10.8612	451.555	0	
107.331	-16.2886	180.952	0	
106.326	-13.6296	192.094	0	
102.122	-14.5489	181.938	0	
102.169	-15.7696	179.665	0	
164.783	-7.14106	181.19	0	
165.045	-4.82793	174.571	0	
169.888	-1.20197	193.577	0	
166.618	-3.74933	179.058	0	
167.814	-2.40787	184.123	0	
165.094	-0.498831	170.171	0	
76.4233	-11.8805	206.508	0	
74.3078	-13.3145	180.318	0	
-110.209	-15.9651	758	0	
-110.376	-16.9128	812.384	0	
-110.93	-15.2793	738.655	0	
-111.994	-15.5314	724.851	0	
-112.505	-18.9259	887.806	0	
-109.361	-18.4525	886.541	0	
-7.6533	-13.4674	203.89	0	
-6.95433	-12.1933	191.288	0	
-60.0042	-15.3885	390.71	0	
-59.4104	-16.1573	381.518	0	
93.0809	-12.2063	173.091	0	
90.9578	-11.0855	174.751	0	
-165.653	-9.65368	403.637	0	
-164.079	-7.73038	344.83	0	
78.2491	-14.6763	220.369	0	
79.4072	-14.6501	220.426	0	
80.9819	-13.1836	227.337	0	
83.0834	-14.1553	227.053	0	
12.2141	-19.3006	187.725	0	
12.3985	-20.0532	189.389	0	
14.8518	-20.8375	191.284	0	
14.9551	-17.1811	186.594	0	
47.3391	-18.1715	46.7949	0	
49.5344	-18.6493	34.6436	0	
50.5864	-19.2645	31.1613	0	
50.6336	-17.4293	39.6999	0	
54.9936	-15.6604	46.5566	0	
54.9694	-12.8034	80.8844	0	
53.3893	-13.8329	68.2476	0	
52.0875	-12.6505	87.8348	0	
153.929	-15.3943	187.614	0	
156.583	-14.0281	187.475	0	
-74.3226	-13.6971	538.305	0	
-73.1985	-15.2619	553.504	0	
-31.3089	-16.4863	625.54	0	
-28.523	-14.4203	581.04	0	
136.04	-16.9528	209.8	0	
136.663	-14.3017	226.438	0	
85.3683	-13.6611	214.264	0	
83.8707	-15.7999	231.897	0	
84.9656	-15.8786	227.723	0	
82.7744	-16.505	235.691	0	
87.2022	-17.7391	222.888	0	
88.308	-18.5731	222.137	0	
128.065	-15.6182	213.874	0	
129.023	-16.6186	201.368	0	
144.864	-13.6734	220.236	0	
146.567	-13.5307	217.952	0	
144.104	-14.2939	218.882	0	
144.077	-15.3026	214.135	0	
147.611	-13.8211	208.739	0	
147.775	-12.1048	214.964	0	
146.801	-11.9303	220.376	0	
148.257	-11.195	216.02	0	
15.8171	-17.7032	188.361	0	
15.2927	-18.5058	188.604	0	
18.723	-18.9211	194.358	0	
19.2557	-17.4679	195.363	0	
150.461	-14.7568	198.271	0	
150.647	-17.7016	187.84	0	
-111.517	-21.034	968.878	0	
-105.222	-21.9634	984.439	0	
29.4027	-20.505	182.567	0	
31.8434	-18.8773	185.059	0	
33.6127	-19.1768	166.75	0	
35.5598	-17.2777	167.457	0	
-66.7107	-25.4431	495.235	0	
-64.9852	-23.8087	448.618	0	
-102.235	-17.219	813.79	0	
-101.729	-18.1406	849.566	0	
-9.95288	-15.6944	254.405	0	
-11.1522	-17.5965	306.816	0	
-8.74777	-20.0221	304.959	0	
-6.46509	-17.6721	237.065	0	
-64.9293	-25.8351	462.42	0	
-56.3519	-20.5119	337.846	0	
131.555	-15.9274	214.114	0	
134.693	-16.0492	216.367	0	
129.657	-13.0934	224.544	0	
129.416	-14.2294	224.318	0	
8.03832	-21.1052	198.366	0	
6.96892	-23.7069	219.889	0	
27.2188	-22.2397	182.919	0	
30.2319	-20.3173	179.953	0	
24.1993	-22.9097	187.773	0	
26.9394	-23.2504	177.983	0	
-151.244	-8.03442	307.395	0	
-152.796	-9.05631	371.317	0	
-54.9205	-17.6223	348.928	0	
-52.0551	-19.418	335.216	0	
37.6702	-17.6244	133.777	0	
36.1058	-16.3781	169.663	0	
-13.3619	-12.3776	240.473	0	
-12.0733	-15.4215	280.22	0	
-11.6788	-13.44	239.447	0	
-12.4112	-14.3141	267.732	0	
-93.178	-15.9647	744.874	0	
-93.2818	-17.7197	796.965	0	
-94.9651	-18.6552	845.859	0	
-92.1601	-18.6138	815.119	0	
-94.8746	-20.3544	892.037	0	
-92.6839	-19.1986	854.172	0	
-91.1385	-20.056	858.68	0	
-91.1436	-17.3777	775.687	0	
-93.9498	-20.0607	881.383	0	
-93.0821	-20.7778	891.136	0	
-87.7208	-15.3702	673.905	0	
-91.042	-18.8475	837.236	0	
-90.5188	-18.2129	773.272	0	
-89.3113	-17.9366	794.326	0	
-95.593	-19.6559	865.663	0	
-94.0959	-23.8589	959.723	0	
-87.7774	-18.9985	794.036	0	
-84.4107	-18.6547	758.731	0	
-93.5188	-21.6341	912.268	0	
-89.7407	-22.6615	898.124	0	
-57.8757	-16.4972	369.96	0	
-55.3404	-15.7969	363.656	0	
-57.3297	-14.7688	382.059	0	
-57.4236	-13.7471	388.094	0	
-2.7412	-18.312	222.502	0	
0.000643116	-17.73	194.7	0	
125.072	-15.3801	204.554	0	
125.998	-16.0408	204.122	0	
72.6196	-10.8104	184.496	0	
72.9476	-12.3831	174.048	0	
100.992	-13.391	184.005	0	
103.436	-17.6446	176.798	0	
77.8296	-13.3339	212.138	0	
76.4962	-13.1677	210.021	0	
-112.971	-14.7608	723.497	0	
-113.162	-16.7216	799.014	0	
-112.915	-20.4149	973.695	0	
-110.182	-20.2458	952.401	0	
-58.9772	-17.8389	369.875	0	
-57.1776	-17.8568	358.144	0	
11.4632	-19.0792	186.7	0	
11.8027	-21.1436	193.757	0	
11.2384	-18.2119	184.428	0	
10.0342	-19.0252	186.557	0	
9.96271	-21.1994	195.428	0	
12.3048	-22.9592	201.934	0	
9.19094	-19.1929	187.912	0	
9.15819	-20.2943	192.182	0	
11.5672	-20.419	190.98	0	
12.7875	-21.4385	194.019	0	
9.90001	-20.3509	192.465	0	
8.78245	-19.852	190.181	0	
7.98001	-21.8816	202.615	0	
10.1369	-23.195	205.038	0	
7.823	-19.981	192.383	0	
7.51298	-20.6063	195.737	0	
6.78805	-20.759	197.931	0	
7.4023	-22.3791	208.34	0	
13.1297	-22.299	196.417	0	
14.1595	-21.3451	193.828	0	
6.25908	-20.1205	196.08	0	
5.7478	-21.541	205.146	0	
12.707	-25.6547	211.888	0	
14.3426	-24.0531	202.339	0	
15.5795	-20.9154	193.714	0	
13.9472	-19.8222	189.003	0	
5.04072	-19.7013	197.737	0	
4.2278	-20.2245	201.176	0	
5.14222	-22.7324	215.003	0	
6.72466	-22.146	207.823	0	
4.32912	-21.9929	219.432	0	
3.45573	-23.8618	239.281	0	
5.61293	-22.275	215.749	0	
4.69738	-24.4871	237.433	0	
6.17727	-26.6333	247.443	0	
5.90162	-23.9569	224.121	0	
6.093	-25.5102	241.125	0	
6.4159	-24.7238	228.006	0	
10.607	-24.1552	209.731	0	
8.42626	-23.5906	212.482	0	
8.12759	-25.016	223.206	0	
8.88917	-22.194	202.819	0	
14.5487	-22.9389	198.187	0	
17.461	-19.6716	192.534	0	
3.31527	-18.7442	194.58	0	
2.3302	-20.3628	211.616	0	
16.278	-20.1501	191.058	0	
15.5121	-19.2148	188.706	0	
17.0262	-20.2662	192.821	0	
17.0431	-18.9902	191.621	0	
17.3826	-21.1441	193.718	0	
19.5192	-18.5858	194.789	0	
15.5454	-22.1068	193.827	0	
17.032	-23.4028	196.579	0	
18.3927	-20.8027	193.871	0	
20.1625	-21.4963	195.325	0	
50.2419	-20.268	27.4789	0	
52.4349	-19.3959	26.7037	0	
85.9538	-17.7834	234.033	0	
84.7592	-19.0188	231.802	0	
91.2136	-20.2138	211.967	0	
91.0444	-16.8938	199.167	0	
-107.564	-23.5135	1028.21	0	
-106.287	-25.4264	1056.22	0	
31.5361	-20.9825	166.035	0	
31.5142	-19.4919	179.414	0	
33.2309	-20.0996	157.584	0	
35.5603	-22.4729	117.969	0	
26.6828	-24.8773	168.826	0	
29.0547	-23.0443	167.113	0	
22.2594	-22.5194	193.296	0	
23.8548	-24.8361	184.843	0	
-154.076	-10.2832	412.17	0	
-150.034	-9.75829	397.703	0	
-53.1145	-18.7319	334.974	0	
-51.3181	-16.9643	347.605	0	
-96.6546	-19.8271	891.801	0	
-96.9767	-21.6697	944.155	0	
-56.2311	-19.3511	343.22	0	
-55.7064	-16.8478	354.829	0	
72.3981	-13.3491	165.043	0	
73.8028	-14.3403	173.107	0	
101.134	-16.1084	180.104	0	
99.4996	-17.0112	180.474	0	
-58.0567	-17.4386	363.116	0	
-56.5261	-17.049	360.199	0	
1.00242	-27.3308	307.87	0	
2.92178	-26.0987	261.645	0	
8.50115	-26.3535	236.085	0	
9.66524	-26.9021	226.65	0	
7.56082	-23.3226	212.228	0	
8.84218	-24.4824	217.401	0	
10.0629	-24.8116	214.787	0	
9.1769	-22.9596	206.423	0	
-108.03	-21.9412	977.644	0	
-107.366	-22.5452	998.202	0	
29.1772	-21.3439	181.674	0	
30.7384	-21.0584	171.5	0	
32.0157	-21.6581	154.098	0	
33.6512	-20.9811	146.423	0	
-154.382	-11.2884	484.043	0	
-153.618	-12.318	527.332	0	
-151.984	-10.5362	457.535	0	
-149.803	-12.7129	591.071	0	
71.4254	-13.5667	142.969	0	
69.8726	-16.3096	97.2472	0	
74.3886	-15.3222	169.654	0	
75.5357	-13.8597	191.111	0	
-59.7135	-17.1638	377.479	0	
-59.1496	-18.8734	363.082	0	
28.1657	-21.3298	184.915	0	
28.5738	-23.9196	163.754	0	
29.8005	-25.2927	144.033	0	
31.6932	-22.4483	149.955	0	
30.5301	-22.381	160.824	0	
32.4107	-23.1282	139.821	0	
31.1905	-24.1265	142.839	0	
32.2878	-24.0669	130.763	0	
33.4231	-25.1186	113.181	0	
34.8222	-24.6899	107.073	0	
-60.7795	-17.6171	387.304	0	
-61.1824	-18.8967	381.62	0	
-60.2889	-19.4779	375.436	0	
-61.392	-21.426	384.933	0	
-106.866	-6.63797	247.847	0	
-107.834	-7.45642	279.681	0	
66.1886	-14.2293	85.4765	0	
68.6123	-13.3822	120.764	0	
68.3563	-11.6862	149.687	0	
69.1731	-11.0952	165.718	0	
58.7562	-9.53622	171.861	0	
58.9864	-13.4519	74.899	0	
-109.773	-7.47542	286.25	0	
-108.519	-8.47473	330.977	0	
-107.74	-8.54052	322.842	0	
-108.499	-7.41986	277.402	0	
59.5722	-6.98668	234.048	0	
60.6098	-6.71584	239.181	0	
66.2872	-15.1912	78.5593	0	
65.2537	-13.9006	88.2198	0	
63.1918	-14.1106	73.43	0	
63.9157	-16.4374	54.6548	0	
67.2078	-15.882	77.9996	0	
67.8445	-14.2547	100.522	0	
62.3264	-15.771	52.2346	0	
68.1836	-18.162	68.6128	0	
65.8513	-17.229	58.9389	0	
72.1616	-15.6013	143.608	0	
59.1547	-7.68701	212.594	0	
57.7963	-9.11302	178.157	0	
57.113	-9.49472	169.236	0	
55.1877	-11.2036	114.15	0	
-7.10838	-8.34098	184.245	0	
-5.46401	-8.08847	186.542	0	
-7.03794	-9.08059	184.14	0	
-6.06013	-8.41356	184.14	0	
-8.11593	-9.55005	185.324	0	
-7.20721	-10.5819	186.063	0	
-8.24415	-10.2035	187.55	0	
-7.59003	-10.1369	184.965	0	
-35.5725	-9.75807	382.647	0	
-34.428	-10.5115	413.089	0	
-159.102	-10.413	419.095	0	
-157.353	-11.4185	462.617	0	
53.5495	-12.0347	98.4749	0	
54.6123	-12.0995	99.8662	0	
52.9095	-12.8776	88.7097	0	
53.2298	-14.8451	54.434	0	
56.019	-12.8547	78.8842	0	
56.216	-10.2888	137.238	0	
54.1393	-15.89	44.982	0	
54.3865	-13.6939	71.1069	0	
55.0813	-14.4766	59.3378	0	
57.848	-13.416	68.8315	0	
56.4853	-16.1407	40.5175	0	
56.0164	-13.9912	63.6983	0	
56.9876	-14.3275	62.6607	0	
55.7771	-16.5238	40.4195	0	
-22.6366	-17.0062	553.2	0	
-22.6575	-14.831	518.607	0	
-26.3156	-15.5811	610.278	0	
-23.8694	-16.1165	588.141	0	
-16.6143	-11.4395	271.922	0	
-16.5069	-15.3081	372.769	0	
-142.715	-14.0209	692.895	0	
-142.816	-15.8677	795.266	0	
-142.389	-16.9987	850.172	0	
-140.432	-17.2354	869.186	0	
-146.681	-14.2503	682.502	0	
-146.098	-17.6079	853.964	0	
23.1694	-12.8981	200.946	0	
-166.143	-0.595314	242.643	0	
24.7374	-13.9543	209.93	0	
22.487	-13.6574	202.724	0	
23.4912	-14.5876	207.018	0	
21.6162	-13.5411	199.915	0	
21.9897	-14.9767	201.981	0	
-99.0205	-15.7866	743.181	0	
-99.5621	-13.9897	649.347	0	
38.2894	-15.5464	150.658	0	
39.5588	-19.147	96.838	0	
-39.358	-17.3875	495.483	0	
-37.522	-14.8915	490.629	0	
158.634	-15.6681	185.119	0	
161.598	-13.8646	185.66	0	
159.438	-12.6885	185.123	0	
160.246	-14.0201	185.801	0	
165.042	-10.6009	189.399	0	
170.158	-10.3791	208.671	0	
140.211	-14.8494	225.478	0	
142.206	-15.3221	219.995	0	
41.3944	-11.9319	157.724	0	
41.9125	-13.2873	136.61	0	
43.1775	-14.3709	111.535	0	
41.8765	-15.8578	104.144	0	
-169.051	-0.954175	288.785	0	
-167.979	-5.38723	314.648	0	
161.963	-12.5697	186.137	0	
162.559	-14.9114	188.878	0	
-70.6957	-20.1473	562.965	0	
-68.4442	-21.6866	515.752	0	
-72.2476	-18.8604	589.126	0	
-70.0245	-23.5762	559.884	0	
-71.5071	-21.964	577.955	0	
-69.6698	-22.7275	545.503	0	
-69.4707	-24.3085	544.899	0	
-68.744	-22.629	521.027	0	
-70.4159	-21.8836	564.708	0	
-71.7474	-22.9305	595.578	0	
-69.8424	-25.1883	560.645	0	
-67.6572	-24.9578	512.937	0	
-72.8619	-23.1339	621.936	0	
-70.7628	-25.3035	584.085	0	
-71.3776	-24.5463	596.277	0	
-68.3972	-25.7879	524.741	0	
-69.7342	-26.8096	563.081	0	
-68.3142	-27.3076	536.308	0	
-65.5837	-28.8619	505.053	0	
-67.8997	-26.557	529.565	0	
-69.5757	-28.5868	569.46	0	
-67.799	-28.0992	541.663	0	
-64.3598	-27.4667	465.683	0	
-66.9961	-26.5408	500.465	0	
-71.1384	-27.8253	603.979	0	
-69.5654	-32.615	619.093	0	
-65.2094	-26.9407	463.847	0	
-65.7075	-25.049	459.57	0	
-64.3457	-28.5801	464.62	0	
-63.6998	-25.0878	429.671	0	
19.847	-13.8662	196.986	0	
19.655	-15.1588	196.48	0	
-3.62116	-12.5794	183.777	0	
-3.48401	-13.9035	187.985	0	
22.7273	-21.3345	195.603	0	
21.98	-20.4592	197.451	0	
117.919	-20.7923	171.985	0	
119.852	-19.9294	174.904	0	
-161.998	-8.92393	378.199	0	
-160.299	-8.48392	358.118	0	
-164.245	-9.14179	368.063	0	
-158.431	-11.2338	473.579	0	
-38.6099	-14.2141	472.621	0	
-36.5205	-13.9283	485.989	0	
-44.5337	-19.2821	407.884	0	
-42.0001	-14.1824	424	0	
-42.6716	-16.68	434.523	0	
-40.7524	-16.3758	445.641	0	
-81.3352	-14.8316	622.686	0	
-81.1999	-16.9918	696.273	0	
-115.189	-11.7098	524.869	0	
-115.077	-10.5448	435.442	0	
46.2347	-18.618	45.9235	0	
167.788	-1.10282	178.889	0	
47.4256	-19.9979	37.764	0	
45.43	-18.098	57.1721	0	
44.3399	-20.3357	47.6988	0	
46.1942	-23.0872	32.3132	0	
48.8028	-19.2777	34.5661	0	
49.7897	-24.6541	19.5474	0	
49.1724	-20.4382	30.2515	0	
49.1339	-22.2976	23.4238	0	
50.4228	-22.0083	23.2889	0	
47.8369	-23.7898	24.167	0	
48.8557	-23.603	23.3717	0	
145.21	-16.1822	204.226	0	
149.199	-13.2082	205.459	0	
151.517	-16.7247	188.948	0	
148.383	-14.9151	206.952	0	
152.728	-14.7723	192.567	0	
151.397	-15.5452	192.808	0	
-111.976	-25.4462	1090.11	0	
-109.155	-23.839	1028.16	0	
32.7169	-18.6802	175.65	0	
31.6345	-17.6343	195.783	0	
37.2341	-18.4166	133.125	0	
39.1776	-16.8172	128.086	0	
-15.1403	-12.8508	277.593	0	
-15.897	-13.5217	315.175	0	
98.3092	-14.0008	178.696	0	
100.312	-15.1221	177.766	0	
97.4515	-15.0068	173.782	0	
97.8608	-15.9505	179.077	0	
96.4077	-14.7788	177.158	0	
94.1661	-14.5175	172.291	0	
97.8874	-18.0377	182.623	0	
100.788	-17.1347	175.962	0	
16.4168	-24.4655	200.239	0	
16.6003	-22.2195	195.665	0	
2.07725	-18.0686	193.358	0	
1.34435	-19.7026	208.382	0	
17.0439	-25.6141	201.863	0	
18.2288	-25.4929	197.77	0	
22.4558	-19.2969	199.58	0	
20.4198	-19.1183	197.87	0	
52.2162	-20.3941	24.662	0	
50.9778	-20.8176	23.7814	0	
53.416	-19.0841	26.7617	0	
53.6599	-17.1637	36.4789	0	
23.0226	-26.4767	183.643	0	
25.6872	-26.1803	168.971	0	
-97.3373	-19.0047	860.143	0	
-99.002	-17.834	829.469	0	
3.4204	-28.0532	277.706	0	
4.27248	-26.1996	257.486	0	
11.999	-23.9842	204.261	0	
11.122	-22.5852	199.883	0	
-155.307	-11.5981	483.814	0	
-154.195	-13.2641	565.872	0	
70.5344	-12.8514	147.253	0	
69.8481	-14.5455	117.341	0	
74.1089	-16.3944	154.404	0	
76.1944	-15.9769	186.706	0	
30.8335	-26.9761	127.659	0	
33.8013	-27.4951	99.3372	0	
37.9001	-25.0369	75.5386	0	
38.9862	-21.1574	86.8609	0	
-60.3531	-20.7051	367.526	0	
-58.592	-24.0637	357.347	0	
60.5589	-14.2914	64.2234	0	
61.069	-13.3731	77.5645	0	
69.6176	-17.7149	77.5606	0	
70.6482	-18.804	88.5588	0	
-160.872	-11.276	458.437	0	
-158.454	-14.7506	579.617	0	
54.9963	-18.0043	30.2499	0	
58.7358	-16.9651	35.8763	0	
-22.573	-18.2039	600.994	0	
-20.4312	-19.0833	557.738	0	
-18.1745	-15.3685	410.55	0	
-21.7839	-15.3761	490.417	0	
-28.7637	-15.88	622.799	0	
-25.9119	-18.713	642.932	0	
-17.2581	-12.0893	305.535	0	
-18.3513	-12.2837	334.309	0	
-19.2237	-14.0266	415.967	0	
-14.5923	-14.958	319.673	0	
-20.3415	-14.0329	421.562	0	
-19.8699	-16.272	483.594	0	
-19.033	-14.9022	417.864	0	
-18.1753	-16.3094	429.55	0	
-19.9073	-15.4319	451.432	0	
-18.9964	-16.6832	469.043	0	
-19.0489	-17.8229	485.968	0	
-17.2957	-16.9683	439.946	0	
-20.1563	-17.9485	534.588	0	
-17.4249	-19.9135	486.437	0	
-143.436	-17.8074	868.027	0	
-142.941	-19.1293	935.426	0	
-138.949	-17.6807	882.2	0	
-137.874	-16.1931	846.671	0	
-170.071	-0.491335	290.012	0	
-168.163	-2.35016	282.41	0	
-172.34	-0.561988	304.65	0	
-170.034	-2.57695	299.796	0	
-169.014	-1.91582	282.043	0	
-168.076	-3.35	279.637	0	
-97.9646	-17.3364	812.176	0	
-97.3873	-14.6778	684.621	0	
167.946	-8.63085	192.674	0	
166.417	-7.51782	186.592	0	
168.924	-9.00448	200.248	0	
169.349	-7.00692	197.295	0	
166.003	-11.1799	192.709	0	
165.538	-12.5815	193.425	0	
143.117	-15.7816	212.11	0	
143.037	-13.6744	223.778	0	
-168.022	-6.5782	331.512	0	
-166	-6.68082	315.816	0	
162.282	-16.5247	190.031	0	
163.519	-17.6654	193.883	0	
-73.855	-18.4522	621.051	0	
-73.8344	-21.0774	629.032	0	
-74.1501	-22.335	647.343	0	
-75.7593	-26.3306	706.388	0	
-72.4587	-24.8454	616.32	0	
-73.1605	-26.4446	650.818	0	
-72.2851	-25.8931	621.315	0	
-72.2195	-28.1244	643.709	0	
-72.5711	-29.371	644.764	0	
-70.5556	-28.8208	612.6	0	
-63.901	-33.0747	514.935	0	
-62.8737	-25.7091	426.287	0	
20.873	-22.8058	194.452	0	
18.9528	-24.1385	196.08	0	
118.228	-23.283	164.177	0	
120.6	-20.9708	169.324	0	
122.438	-20.8804	173.981	0	
121.723	-18.675	182.606	0	
-83.2654	-17.3545	733.463	0	
-79.0362	-24.0659	764.01	0	
166.976	-2.69357	176.101	0	
166.95	-0.46284	179.006	0	
51.5658	-28.5327	15.7538	0	
53.651	-25.6556	14.9252	0	
95.9862	-13.3802	168.478	0	
94.6845	-15.5187	180.708	0	
96.212	-16.6171	181.405	0	
95.7087	-15.6261	174.27	0	
96.7684	-18.6666	184.125	0	
97.0802	-20.293	192.283	0	
99.0405	-18.2625	177.156	0	
99.7024	-19.8889	184.216	0	
-0.224709	-20.5123	225.211	0	
2.1237	-21.5587	220.412	0	
53.6602	-23.1839	17.3038	0	
56.5568	-22.2499	17.9338	0	
53.8437	-20.4885	21.9744	0	
54.8376	-19.4205	23.793	0	
23.8042	-28.1796	176.684	0	
24.8694	-26.607	174.928	0	
26.6309	-26.7707	162.846	0	
27.5763	-25.4264	161.723	0	
-96.9702	-18.0011	828.443	0	
-99.0248	-19.5677	889.959	0	
-100.956	-20.3749	912.788	0	
-98.5877	-20.6441	919.267	0	
2.33857	-24.7075	250.244	0	
1.02464	-23.812	254.937	0	
1.86698	-30.0726	322.078	0	
5.13975	-28.9156	278.322	0	
-155.964	-10.5852	436.55	0	
-156.938	-12.5171	517.056	0	
-158.105	-13.2334	553.883	0	
-157.365	-15.3949	640.937	0	
-155.151	-15.2888	659.175	0	
-151.309	-12.7771	584.846	0	
72.7448	-16.6579	131.542	0	
74.1756	-18.6492	131.409	0	
69.1526	-15.5456	101.832	0	
71.1171	-15.5204	121.95	0	
-160.175	-12.5905	502.82	0	
-160.433	-14.9463	582.798	0	
-23.5618	-18.8481	615.086	0	
-21.8903	-21.6308	638.328	0	
-16.3228	-16.5085	376.947	0	
-14.9856	-17.8673	382.87	0	
-144.554	-17.0231	832.658	0	
-146.416	-19.1019	879.672	0	
-144.384	-23.1662	1017.77	0	
-138.271	-20.9151	1007.3	0	
-169.935	-3.55157	304.466	0	
-172.036	-4.36826	320.274	0	
-169.99	-5.4997	325.066	0	
-170.789	-4.67124	316.638	0	
168.203	-10.8109	199.621	0	
172.127	-9.69988	217.929	0	
169.906	-6.08824	198.297	0	
167.895	-5.26016	190.049	0	
142.115	-18.7984	199.862	0	
147.861	-17.9076	196.908	0	
-170.259	-6.77525	341.971	0	
-171.759	-9.05406	380.941	0	
-75.3237	-23.2139	670.716	0	
-77.5145	-24.3597	728.577	0	
-73.5654	-29.9168	686.389	0	
-71.5104	-35.1177	672.062	0	
-58.6409	-27.7224	386.858	0	
-60.8941	-27.7227	404.294	0	
-62.2373	-28.168	431.845	0	
-60.4673	-25.8429	393.157	0	
-79.4204	-18.1017	695.291	0	
-77.8372	-18.0231	669.195	0	
92.5472	-18.4606	198.128	0	
95.9199	-21.265	196.228	0	
92.7607	-14.4796	179.291	0	
94.0477	-16.4929	182.165	0	
52.7761	-23.3839	17.7507	0	
53.7809	-22.0922	18.8448	0	
52.0786	-24.3888	17.0955	0	
55.5639	-23.4485	16.3472	0	
54.606	-21.7291	18.6246	0	
54.0327	-19.6487	25.4562	0	
55.6401	-22.4973	16.9948	0	
55.191	-20.2727	22.1996	0	
54.6222	-20.9071	21.3281	0	
55.8982	-20.2869	22.3736	0	
56.3858	-19.3751	24.5172	0	
55.1672	-18.7798	27.8966	0	
57.3146	-19.4833	24.5978	0	
56.2957	-17.9858	30.5256	0	
56.0081	-18.7201	27.313	0	
57.0722	-17.6726	30.9598	0	
57.1484	-16.7791	38.6841	0	
55.6637	-17.4754	32.0688	0	
57.9068	-16.3869	41.3746	0	
57.0857	-15.252	50.1818	0	
57.6254	-22.782	17.2945	0	
58.8409	-20.7208	21.0701	0	
57.4055	-21.0284	20.1462	0	
59.3935	-18.9461	27.2634	0	
58.6186	-18.1997	30.2518	0	
58.9951	-15.251	49.9108	0	
60.508	-18.4119	30.9947	0	
59.4735	-16.2935	43.7206	0	
21.9894	-24.8513	189.906	0	
20.7454	-27.4575	190.371	0	
23.694	-29.4238	171.881	0	
27.8149	-28.7269	146.645	0	
26.7594	-28.0084	153.518	0	
28.7308	-28.0985	140.193	0	
28.7969	-24.8273	157.316	0	
27.2446	-23.959	168.943	0	
-95.6596	-17.8228	817.878	0	
-96.8481	-15.8849	756.776	0	
-100.034	-17.4828	822.067	0	
-100.237	-19.3006	891.526	0	
1.58177	-31.8571	337.021	0	
4.56174	-33.1517	316.377	0	
6.22869	-29.194	273.849	0	
7.35144	-27.2295	243.343	0	
-157.286	-17.6359	718.405	0	
-154.829	-16.9502	735.768	0	
74.5071	-19.8173	134.418	0	
76.6202	-19.7212	162.634	0	
-14.3407	-16.0166	335.263	0	
-15.2246	-16.8494	375.742	0	
168.442	-12.0886	203.312	0	
169.69	-12.7883	208.669	0	
172.658	-7.60613	218.183	0	
170.706	-8.36802	208.088	0	
171.562	-7.27251	207.5	0	
171.782	-5.02337	207.696	0	
142.648	-20.8903	182.162	0	
149.349	-20.3153	183.364	0	
144.633	-17.5425	202.63	0	
144.995	-20.5916	189.281	0	
58.0766	-23.8739	15.9231	0	
59.6741	-22.4492	19.2692	0	
61.1965	-19.1046	29.1463	0	
62.6298	-17.5873	41.3207	0	
20.2417	-23.9233	194.095	0	
20.9312	-26.4158	191.993	0	
19.5935	-28.0309	196.898	0	
22.6989	-29.9425	181.011	0	
21.7198	-29.193	184.831	0	
26.3219	-35.3408	144.394	0	
25.7368	-29.9527	158.946	0	
26.8102	-30.8018	147.794	0	
30.3857	-30.1815	119.543	0	
30.9242	-25.0684	137.021	0	
6.56677	-30.7286	277.614	0	
8.1942	-31.1	265.777	0	
-10.9338	-16.1735	278.279	0	
-13.2107	-16.3483	312.056	0	
-15.7523	-18.6758	436.855	0	
-14.5332	-19.9814	432.325	0	
174.013	-7.1792	222.217	0	
173.212	-4.64301	217.15	0	
172.206	-2.40846	209.238	0	
170.956	-4.09242	202.13	0	
56.3041	-24.4215	14.912	0	
59.5854	-25.8926	15.3719	0	
60.9104	-21.8723	21.7797	0	
59.4242	-20.1806	24.8718	0	
-17.183	-18.799	473.304	0	
-18.1707	-20.5029	535.394	0	
-14.305	-21.1948	441.569	0	
-12.6079	-20.6254	398.319	0	
60.8356	-23.8314	18.3644	0	
62.5266	-20.2509	28.4514	0	
-17.691	-21.7008	536.811	0	
-16.1806	-20.5	480.568	0	
-18.6064	-22.3848	572.615	0	
-16.058	-21.4607	486.579	0	
-16.7106	-23.1445	532.86	0	
-13.4383	-24.6687	473.324	0	
-15.5993	-23.6873	516.416	0	
-11.8749	-22.6384	420.221	0	
-11.6493	-20.8992	380.577	0	
-10.3661	-18.6351	313.732	0	
-11.2784	-21.8564	388.543	0	
-10.1983	-21.8245	373.55	0	
-12.0452	-19.0564	347.611	0	
-10.9781	-19.4752	338.172	0	
-12.9303	-22.4929	433.95	0	
-9.67376	-25.7472	436.124	0	
-8.14621	-22.5266	342.667	0	
-7.32655	-20.0536	293.877	0	
-19.4044	-20.3408	559.871	0	
-17.5102	-23.7985	561.336	0	
-13.5961	-23.4045	474.7	0	
-11.3472	-26.0023	455.199	0	
-11.2958	-23.7178	430.026	0	
-12.1935	-24.8365	463.458	0	
-7.99304	-23.8288	371.058	0	
-5.4219	-25.6216	346.093	0	
-19.7098	-24.0712	621.578	0	
-18.761	-26.482	613.516	0	
-14.7425	-23.0713	491.854	0	
-15.432	-24.8565	534.412	0	
-16.2712	-30.7009	603.535	0	
-17.4518	-25.2716	594.787	0	
-16.4849	-25.7868	559.165	0	
-15.945	-27.2583	569.221	0	
-16.8488	-28.6733	599.455	0	
-11.9445	-30.3225	518.23	0	
63.2244	-10.0676	158.184	0	
61.8211	-10.0148	156.355	0	
-149.41	-14.4262	680.443	0	
-147.162	-12.9021	600.59	0	
108.14	-17.3456	178.537	0	
109.58	-15.4641	183.911	0	
-3.71083	-20.2595	250.96	0	
-1.18403	-19.7703	218.178	0	
-102.097	-26.2336	1047.06	0	
-97.0013	-25.432	995.58	0	
-35.8705	-11.9577	449.804	0	
-37.0803	-10.817	404.172	0	
80.9748	-18.102	223.159	0	
81.4342	-15.5672	230.465	0	
153.782	-19.3764	181.444	0	
155.993	-15.2186	185.334	0	
-32.3982	-17.478	624.284	0	
-30.5336	-19.4475	668.8	0	
136.104	-18.919	197.321	0	
138.084	-20.1463	189.986	0	
-115.362	-20.9782	992.129	0	
-112.571	-23.4138	1031.96	0	
34.442	-18.7862	164.53	0	
35.5307	-19.1206	139.131	0	
26.1849	-21.6071	188.852	0	
25.9601	-23.1601	182.694	0	
-97.8561	-22.9374	959.671	0	
-96.7774	-24.0345	982.906	0	
-57.3193	-21.3697	344.275	0	
-54.0643	-19.5621	336.055	0	
10.0878	-28.0962	237.933	0	
11.9923	-27.452	223.542	0	
-61.6604	-22.7693	389.156	0	
-59.2045	-21.5116	358.919	0	
65.3251	-18.1872	45.779	0	
66.1151	-20.6817	39.2841	0	
56.4031	-8.67774	188.098	0	
55.9532	-11.0403	123.44	0	
56.576	-12.3451	89.8141	0	
56.9619	-10.3272	138.979	0	
57.4339	-12.5701	90.4358	0	
57.7056	-11.6614	102.929	0	
42.1342	-14.0561	122.012	0	
44.6071	-15.5498	84.1106	0	
41.1072	-16.9086	105.161	0	
43.5733	-15.1861	93.3058	0	
42.4038	-18.309	76.3018	0	
42.9098	-16.0735	89.6916	0	
-67.0896	-32.5761	559.127	0	
-68.467	-30.2628	562.258	0	
-169.223	-11.2784	420.068	0	
-162.851	-12.3726	474.019	0	
174.655	-2.62355	224.033	0	
168.808	-0.639983	189.344	0	
45.6477	-17.0954	60.315	0	
43.1837	-17.2314	77.8383	0	
46.9042	-16.586	59.7152	0	
45.4067	-15.1234	77.7599	0	
44.0913	-17.3566	70.5009	0	
41.3606	-18.2018	85.1012	0	
40.6359	-19.3077	84.2618	0	
42.7629	-19.3595	65.5659	0	
38.8159	-19.888	100.464	0	
42.1446	-20.138	64.1751	0	
40.0012	-21.9836	71.6566	0	
41.9322	-22.2101	56.2084	0	
43.3267	-24.1664	40.5214	0	
45.5552	-22.3125	35.9751	0	
151.632	-18.9948	183.655	0	
153.098	-17.2374	186.041	0	
35.0296	-21.1694	124.667	0	
37.2786	-22.6059	91.5334	0	
60.9252	-15.1941	53.362	0	
61.8067	-15.1049	57.9929	0	
60.3713	-16.2755	41.8237	0	
62.0031	-16.8192	41.4452	0	
63.2533	-15.6049	56.9722	0	
62.2054	-14.2914	67.75	0	
62.5953	-12.3973	104.088	0	
60.8154	-11.6249	112.035	0	
-171.151	-1.05332	304.992	0	
158.014	-17.2943	183.729	0	
166.105	-17.9967	201.571	0	
167.267	-16.983	205.541	0	
164.716	-15.3966	196.432	0	
119.282	-24.167	164.599	0	
119.884	-21.9792	168.49	0	
122.835	-22.2669	165.072	0	
126.853	-18.5033	191.06	0	
122.936	-19.6138	177.875	0	
124.341	-19.1327	182.62	0	
-81.2903	-22.3822	783.696	0	
-82.1052	-20.9229	779.467	0	
-79.7628	-19.4613	730.035	0	
-81.3433	-19.6078	745.726	0	
-1.37366	-22.6312	267.297	0	
-1.06362	-23.9229	272.888	0	
-153.97	-14.5293	657.003	0	
-151.229	-19.8617	872.312	0	
-24.8438	-18.0517	631.764	0	
-25.6468	-20.1564	664.973	0	
-22.1564	-20.5399	616.776	0	
-19.6296	-21.6586	580.356	0	
-174.191	-10.9217	394.248	0	
-167.788	-12.3363	454.24	0	
-74.4984	-29.1908	692.433	0	
-75.4765	-32.3204	731.089	0	
-73.7278	-31.1034	685.506	0	
-74.5089	-33.3325	727.998	0	
89.7781	-20.5762	225.902	0	
94.2432	-20.4752	203.73	0	
90.8635	-15.7007	191.766	0	
90.4726	-17.893	202.232	0	
91.4859	-19.0336	208.579	0	
92.2824	-17.1812	194.071	0	
54.4997	-24.8832	15.0754	0	
57.3996	-24.7305	15.2484	0	
52.3863	-25.4966	15.9818	0	
57.0648	-28.1432	13.8521	0	
55.5545	-25.1925	14.8867	0	
55.0788	-26.8426	14.0939	0	
50.7392	-26.8542	17.0259	0	
54.0095	-26.7052	14.4767	0	
-155.725	-18.355	751.057	0	
-152.848	-15.707	697.419	0	
73.658	-20.6487	109.363	0	
73.7418	-21.9536	106.618	0	
77.807	-20.2502	169.63	0	
78.732	-18.0252	201.038	0	
172.604	-10.9824	219.779	0	
175.931	-8.67229	236.101	0	
170.575	-11.8366	211.704	0	
177.085	-13.1691	248.22	0	
173.981	-9.11549	225.845	0	
173.632	-11.1699	224.22	0	
177.136	-7.87567	240.524	0	
174.361	-5.84346	225.237	0	
174.443	-12.4102	235.299	0	
175.831	-12.1808	235.543	0	
174.044	-13.6952	228.007	0	
174.856	-14.9547	240.773	0	
20.0624	-25.7732	193.067	0	
20.823	-24.7452	192.59	0	
18.4741	-27.5218	199.468	0	
17.5313	-29.4137	206.729	0	
20.6589	-29.7925	190.661	0	
18.6194	-31.4503	203.324	0	
22.4909	-31.1788	179.521	0	
20.1115	-32.1219	195.632	0	
26.8933	-32.0756	146.699	0	
31.6405	-30.9034	106.474	0	
32.9438	-29.9439	100.545	0	
31.6976	-26.1318	124.836	0	
29.6244	-26.5012	140.255	0	
31.2326	-28.0149	120.563	0	
32.7988	-28.4241	104.887	0	
33.0992	-26.2416	114.262	0	
5.04959	-31.1818	302.776	0	
5.97378	-34.8161	318.396	0	
12.5581	-31.6313	242.881	0	
11.3105	-28.2635	231.368	0	
60.049	-27.9411	15.7533	0	
62.0822	-24.9842	19.7282	0	
57.7925	-20.3215	21.434	0	
58.0991	-21.9525	18.8067	0	
60.5503	-20.1846	25.254	0	
63.2573	-20.9344	28.9787	0	
64.1838	-18.2183	43.984	0	
63.772	-19.0114	35.5393	0	
-20.8191	-23.5498	633.888	0	
-20.6702	-22.1623	614.339	0	
-8.86473	-26.5895	414.649	0	
-7.1386	-24.664	362.006	0	
-150.548	-15.7033	711.011	0	
-147.644	-16.6912	787.696	0	
107.541	-18.4842	173.932	0	
108.544	-19.4092	175.172	0	
-2.47693	-19.8241	231.465	0	
-0.778765	-18.1616	211.861	0	
-106.3	-24.1055	1026.14	0	
-103.555	-25.452	1039.59	0	
77.4277	-16.0584	197.726	0	
77.5901	-17.5043	195.157	0	
79.9656	-20.0142	198.156	0	
83.2528	-18.8462	236.778	0	
158.443	-20.3614	184.971	0	
156.573	-16.7626	184.573	0	
-99.6292	-22.6288	978.429	0	
-100.396	-25.3647	1023.79	0	
-95.4786	-26.7307	1008.76	0	
-93.0123	-22.7373	937.121	0	
-56.7532	-22.8043	340.232	0	
-54.2353	-20.8025	331.549	0	
-55.4962	-22.6004	335.684	0	
-53.3375	-22.7887	337.942	0	
9.92459	-29.407	242.3	0	
10.9426	-30.1475	242.376	0	
11.3398	-31.2743	249.652	0	
13.2661	-30.8409	236.336	0	
10.6171	-32.5625	260.683	0	
14.9004	-34.405	237.86	0	
14.5526	-31.1336	227.723	0	
14.9088	-28.999	217.959	0	
13.6884	-28.816	224.13	0	
15.1361	-24.746	203.964	0	
16.0355	-27.9843	210.274	0	
14.8426	-26.1291	207.372	0	
-60.836	-23.5019	378.498	0	
-61.4305	-25.0149	392.612	0	
153.544	-20.8349	180.515	0	
37.0909	-20.3617	110.848	0	
37.8493	-21.4933	97.3739	0	
38.9502	-17.9141	118.907	0	
37.7711	-19.4472	113.438	0	
-174.591	-0.592869	315.935	0	
-171.151	-2.1773	300.152	0	
119.329	-25.438	159.688	0	
121.7	-25.0325	159.774	0	
-2.58069	-22.7952	278.449	0	
-2.36984	-25.8673	316.349	0	
-3.78773	-21.5641	270.39	0	
-5.99387	-24.3514	347.481	0	
-0.219352	-26.396	290.035	0	
-0.0278624	-24.7176	273.563	0	
-28.1983	-20.4657	682.527	0	
-26.0036	-23.9438	696.451	0	
-74.3797	-28.0849	684.053	0	
-76.5572	-28.3248	737.231	0	
-73.0952	-27.5644	644.772	0	
-74.6822	-25.706	673.44	0	
-78.099	-28.5375	765.545	0	
-78.7366	-29.8063	782.991	0	
-75.0467	-31.2676	726.27	0	
-72.7887	-32.8037	673.393	0	
53.2884	-27.6619	14.1849	0	
52.2491	-27.6088	15.3715	0	
72.5294	-20.3023	101.37	0	
72.6457	-22.6205	85.3027	0	
76.0405	-23.9625	123.776	0	
75.8731	-21.6738	137.31	0	
78.1339	-21.4113	171.472	0	
82.1135	-19.9507	220.348	0	
177.944	-10.1775	244.491	0	
176.129	-3.48983	232.288	0	
18.7571	-26.3057	198.412	0	
15.9459	-26.7325	207.117	0	
16.5805	-30.2535	213.566	0	
16.6377	-32.6592	221.065	0	
15.3229	-30.1572	221.284	0	
15.1049	-32.192	229.289	0	
19.3384	-35.2707	206.615	0	
23.2033	-32.3272	171.341	0	
21.1624	-31.0661	190.186	0	
20.5884	-33.7331	192.491	0	
25.5373	-32.8936	154.043	0	
25.1545	-34.581	160.122	0	
29.1002	-32.3567	127.156	0	
30.3309	-33.2016	113.313	0	
34.0411	-30.5571	86.7717	0	
37.951	-27.7568	64.9001	0	
60.9358	-28.2122	16.2827	0	
62.9714	-26.4012	20.3845	0	
63.3502	-24.2513	22.7983	0	
61.7964	-23.2621	21.4435	0	
64.3543	-26.1746	23.4349	0	
66.3319	-22.575	33.2971	0	
59.6976	-23.4575	17.728	0	
59.7604	-24.9633	16.6445	0	
-24.4763	-22.5822	683.266	0	
-25.4584	-26.7052	699.274	0	
-9.20002	-27.7566	449.484	0	
-7.18322	-28.1817	415.66	0	
105.873	-18.9495	176.314	0	
105.701	-23.7918	177.637	0	
109.702	-21.5276	172.033	0	
111.044	-19.613	174.075	0	
-50.7404	-22.8656	348.864	0	
-51.9808	-20.9911	333.779	0	
11.6228	-33.7725	262.48	0	
8.88072	-35.7638	293.486	0	
171.161	-2.92798	201.001	0	
171.09	-0.561988	200.823	0	
149.541	-24.0412	173.746	0	
151.928	-21.4183	178.069	0	
155.378	-21.4236	180.794	0	
155.386	-18.9284	182.18	0	
-177.308	-0.673031	322.216	0	
-172.3	-2.84893	315.604	0	
117.876	-26.2657	162.754	0	
119.753	-28.0042	161.516	0	
122.938	-25.2678	162.044	0	
124.153	-22.851	169.498	0	
-4.02229	-24.194	318.468	0	
-5.08294	-23.3938	306.915	0	
-5.74166	-26.7124	374.663	0	
-3.8413	-27.2563	353.202	0	
-6.88297	-27.0388	391.323	0	
-6.35036	-28.9166	407.457	0	
-3.41965	-29.1333	372.597	0	
-1.562	-26.7132	315.64	0	
-6.5936	-30.0693	425.713	0	
-4.72248	-30.489	401.577	0	
-8.58011	-29.7144	455.93	0	
-7.26435	-32.7898	459.412	0	
-3.5622	-31.3922	391.17	0	
-1.914	-27.8164	332.451	0	
-4.98486	-33.0963	426.424	0	
0.976024	-35.8156	378.605	0	
-2.72408	-30.4614	375.32	0	
-0.907522	-29.1278	342.405	0	
-32.5966	-21.6574	659.836	0	
-27.3746	-23.0615	701.694	0	
-80.1931	-30.6282	829.941	0	
-79.2914	-33.6512	820.604	0	
-77.0942	-31.9074	768.869	0	
-78.0075	-36.651	805.485	0	
57.0732	-29.8981	14.0995	0	
53.1886	-29.3761	14.3251	0	
51.7054	-26.4931	15.7074	0	
50.6535	-28.1339	16.4129	0	
47.0053	-27.1067	22.46	0	
49.3311	-30.0045	17.3251	0	
46.9886	-30.6826	22.3602	0	
50.6024	-30.4203	17.0843	0	
48.2641	-30.8072	20.5125	0	
49.7825	-32.5247	18.818	0	
71.9311	-18.7629	99.0669	0	
70.3365	-20.3871	81.1958	0	
69.2725	-20.7284	55.4128	0	
69.1878	-22.6356	51.2294	0	
70.7751	-24.0951	61.9868	0	
74.8608	-23.6457	110.146	0	
75.9908	-25.9081	107.612	0	
78.2562	-23.7875	153.412	0	
77.0995	-22.1728	147.489	0	
80.2299	-21.4073	201.834	0	
79.3602	-21.9982	179.641	0	
79.4324	-23.3187	168.132	0	
14.2603	-33.3386	235.926	0	
16.646	-34.0192	224.275	0	
17.5933	-35.2663	217.207	0	
21.6038	-38.1153	184.464	0	
26.1306	-37.1271	149.339	0	
28.8269	-37.316	125.245	0	
60.3228	-26.5777	16.0556	0	
62.5486	-27.2265	18.7325	0	
61.5896	-27.1915	17.5918	0	
61.2283	-26.3375	17.4546	0	
63.0235	-28.1283	20.217	0	
65.1735	-27.1498	24.8782	0	
58.9955	-29.7667	14.9219	0	
62.7772	-29.8643	19.2474	0	
61.2807	-29.0624	17.1925	0	
64.6184	-29.3763	23.7036	0	
64.2655	-28.2782	22.032	0	
68.5608	-23.784	48.8449	0	
60.8769	-30.083	17.0349	0	
63.7442	-30.1473	20.954	0	
66.0811	-29.9026	27.2531	0	
68.4816	-26.6771	39.321	0	
59.9738	-30.468	15.4128	0	
63.0662	-32.3092	20.0915	0	
61.8798	-30.4945	17.6067	0	
60.8292	-32.1235	16.8288	0	
66.7051	-34.8511	30.072	0	
63.9831	-31.5176	22.3266	0	
59.069	-28.5311	14.4659	0	
55.8363	-32.4908	14.6537	0	
58.2071	-27.7417	14.469	0	
55.3345	-29.1216	13.9154	0	
57.6112	-35.1925	16.7714	0	
58.6724	-31.9718	15.4222	0	
60.1209	-33.23	16.9688	0	
62.9705	-33.723	20.9615	0	
-11.8913	-27.189	493.069	0	
-10.175	-31.4242	499.189	0	
105.414	-20.5522	173.123	0	
102.369	-21.4123	182.616	0	
108.751	-22.9262	171.306	0	
112.229	-22.7176	169.585	0	
-55.9458	-25.2249	349.079	0	
-52.2901	-23.5484	333.924	0	
-49.1475	-24.2444	351.929	0	
-46.3347	-22.0185	372.352	0	
174.655	-1.27749	221.771	0	
119.343	-30.1626	162.029	0	
-173.326	-2.31782	312.787	0	
-174.512	-4.47284	330.425	0	
111.291	-26.3604	169.691	0	
116.484	-31.2755	166.265	0	
120.169	-29.2397	158.877	0	
122.561	-29.2605	157.29	0	
122.358	-27.655	159.969	0	
124.916	-26.7279	159.251	0	
-8.99305	-34.9669	496.054	0	
-3.58887	-32.6475	417.921	0	
-81.304	-28.1901	834.606	0	
-83.4374	-30.257	884.884	0	
52.5208	-30.9382	15.0568	0	
53.742	-30.027	14.4943	0	
50.7473	-31.7164	16.4416	0	
53.9347	-31.9217	14.699	0	
54.7793	-29.9099	13.88	0	
53.7484	-28.5581	14.4208	0	
50.0019	-34.2654	18.3023	0	
52.3053	-33.0838	15.9295	0	
55.336	-30.7005	14.1721	0	
56.4325	-27.4689	13.8915	0	
46.7783	-29.4969	23.308	0	
46.3737	-32.6408	24.2048	0	
67.6999	-19.2187	53.2158	0	
67.2047	-20.8514	45.2809	0	
65.1286	-21.3028	33.0632	0	
67.5155	-21.8474	43.8469	0	
68.2105	-20.1743	54.9311	0	
66.0683	-19.0036	47.2302	0	
67.4	-24.5578	33.7672	0	
69.6632	-24.7519	48.9239	0	
67.3825	-25.9178	35.946	0	
69.6016	-26.285	49.9886	0	
72.2628	-26.1713	70.5844	0	
71.9531	-24.7595	68.4564	0	
73.9879	-24.517	90.6395	0	
78.2397	-27.5001	122.786	0	
80.0075	-24.6314	174.9	0	
82.2365	-24.2339	206.118	0	
65.3771	-32.5226	25.7282	0	
68.8402	-28.8778	39.8081	0	
58.4498	-26.4666	14.755	0	
55.775	-26.1024	14.1448	0	
55.4662	-27.6619	13.9304	0	
56.6946	-26.5113	14.229	0	
54.8569	-28.4207	13.7848	0	
56.576	-29.0371	13.7895	0	
58.5204	-33.1346	15.8743	0	
62.9958	-36.2321	22.8871	0	
61.5814	-34.6905	19.1673	0	
61.6027	-36.055	20.2725	0	
-13.5486	-27.7945	515.196	0	
-13.2841	-29.6778	549.276	0	
-9.75436	-30.1506	482.368	0	
-8.09814	-31.8467	471.103	0	
-53.6819	-27.868	391.348	0	
-52.2576	-26.4587	345.847	0	
-48.9797	-20.4348	340.278	0	
-50.9086	-18.4163	336.704	0	
120.331	-31.9697	162.082	0	
124.158	-30.3035	157.907	0	
126.036	-27.8194	157.747	0	
128.326	-27.3906	159.237	0	
127.235	-24.6337	163.213	0	
47.8307	-34.0038	22.0621	0	
48.7626	-36.2497	22.3963	0	
54.8597	-31.8508	14.5052	0	
57.8733	-31.4879	14.8076	0	
58.0988	-30.2486	14.35	0	
56.3884	-30.7731	14.1416	0	
45.5682	-33.6231	26.4545	0	
47.0105	-34.9527	23.9634	0	
66.5497	-27.0534	29.5265	0	
68.2957	-29.7731	36.7926	0	
71.3473	-28.1863	59.3113	0	
74.3917	-25.6864	97.9343	0	
78.0939	-29.1244	116.755	0	
79.3731	-27.1002	149.688	0	
79.6954	-30.8577	136.076	0	
79.117	-25.6904	154.801	0	
80.9428	-27.1449	176.865	0	
81.1968	-25.2101	178.069	0	
60.7283	-37.2433	21.8227	0	
63.2804	-38.0175	25.5708	0	
-10.8709	-29.3512	495.699	0	
-11.502	-31.7674	518.494	0	
173.43	-3.19254	215.449	0	
173.359	-0.604458	216.549	0	
118.076	-29.918	162.02	0	
117.526	-31.1089	164.08	0	
120.403	-33.396	162.659	0	
121.792	-33.4966	161.859	0	
44.4203	-33.68	30.2179	0	
44.0477	-35.1059	31.0179	0	
43.6593	-32.5587	31.7238	0	
42.3909	-32.6444	36.0495	0	
42.2781	-36.6219	40.7282	0	
45.0617	-37.5973	29.8411	0	
44.4438	-31.5516	29.4093	0	
40.174	-30.9038	48.5561	0	
41.5579	-31.2711	39.3359	0	
38.9691	-33.362	53.4653	0	
47.4874	-36.1878	24.3478	0	
48.9623	-34.9189	21.2222	0	
46.5194	-37.7183	28.5613	0	
51.1297	-38.3166	21.4887	0	
67.0862	-28.0837	32.9039	0	
67.1094	-29.3325	30.5137	0	
68.3614	-32.2615	34.2663	0	
69.028	-30.9262	38.2587	0	
75.1783	-30.4236	82.5172	0	
76.088	-29.0673	98.1034	0	
70.449	-30.4316	50.6833	0	
72.0618	-31.0996	52.9211	0	
73.4877	-26.5322	76.3986	0	
73.7176	-27.5725	82.8141	0	
59.3461	-37.0189	18.9167	0	
61.6004	-40.029	25.2615	0	
-12.2238	-33.3009	547.281	0	
-11.4672	-34.477	535.597	0	
117.244	-28.6609	163.575	0	
115.645	-28.7159	164.312	0	
115.942	-32.7362	168.719	0	
116.687	-33.9285	169.241	0	
118.045	-33.5598	166.292	0	
119.083	-35.6921	167.989	0	
124.046	-34.62	161.07	0	
125.749	-29.5399	156.725	0	
36.8529	-33.841	62.598	0	
39.7483	-38.5396	50.4442	0	
46.9997	-38.98	26.6306	0	
48.6053	-38.5277	26.1011	0	
71.0231	-27.04	51.6757	0	
72.8169	-28.3579	61.6028	0	
73.3618	-29.847	71.6992	0	
75.1722	-27.7054	92.6101	0	
70.7737	-33.6128	46.6219	0	
72.1096	-32.538	58.4016	0	
59.8541	-39.97	23.6559	0	
65.2358	-43.0803	34.2609	0	
-17.5477	-32.4264	613.74	0	
-17.461	-39.0161	619.772	0	
114.573	-27.0888	165.062	0	
112.407	-29.7521	171.09	0	
113.79	-30.9094	169.878	0	
114.121	-35.6225	177.512	0	
119.994	-37.8188	170.346	0	
119.233	-34.2881	166.507	0	
121.273	-38.4419	169.913	0	
121.626	-35.8086	165.645	0	
123.408	-37.4187	165.792	0	
129.362	-35.4239	160.332	0	
125.006	-33.2131	158.792	0	
127.492	-34.9869	159.926	0	
50.8936	-41.8319	27.1974	0	
50.5065	-39.408	24.148	0	
-12.2162	-36.4173	559.984	0	
-9.34781	-36.6826	523.621	0	
117.358	-36.333	171.572	0	
117.824	-41.2575	179.542	0	
121.372	-39.8705	172.867	0	
124.049	-38.9157	168.366	0	
48.616	-40.9415	28.0593	0	
51.6016	-43.1329	29.0615	0	
117.178	-37.8776	174.593	0	
114.203	-43.0666	186.863	0	
47.0094	-40.6405	32.0374	0	
44.7838	-45.9858	47.454	0	
51.3524	-40.6634	23.9573	0	
49.4799	-41.8848	28.2389	0	
-46.4387	-17.3737	376.958	0	
-47.3073	-14.8709	374.865	0	
-86.2214	-15.8635	693.509	0	
-86.0371	-17.8864	774.711	0	
1.16443	-18.5291	199.716	0	
0.911431	-16.2907	185.438	0	
82.5763	-21.557	225.012	0	
86.807	-24.1275	223.918	0	
-39.713	-18.7998	488.184	0	
-36.8464	-17.6757	555.873	0	
-113.467	-27.3707	1106.99	0	
-107.701	-29.7828	1103.42	0	
-162.522	-11.0479	452.775	0	
-161.29	-13.5018	527.559	0	
47.2157	-25.1635	26.3304	0	
49.788	-26.0887	17.9417	0	
45.5292	-23.8816	32.7956	0	
46.0808	-27.7567	26.143	0	
96.4637	-23.5323	204.958	0	
98.0057	-24.2345	199.83	0	
-149.766	-18.9043	854.311	0	
-148.026	-19.8557	907.9	0	
-143.593	-27.1246	1073.42	0	
-139.157	-23.2653	1053.28	0	
-140.653	-20.0107	990.31	0	
-140.868	-21.3526	992.024	0	
-136.953	-20.9331	1012.19	0	
-138.35	-18.7033	970.12	0	
-142.443	-21.4681	1002.46	0	
-140.66	-24.1416	1054.06	0	
-136.289	-22.0385	1051.12	0	
-134.89	-22.0594	1052.79	0	
-140.056	-26.0944	1089.51	0	
-135.264	-24.4639	1084	0	
-137.353	-23.427	1060.91	0	
-134.302	-23.268	1074.7	0	
-138.116	-26.4348	1096.76	0	
-132.47	-27.3121	1124.8	0	
-132.301	-23.2582	1094.65	0	
-131.745	-19.6359	999.585	0	
-80.105	-25.2695	789.656	0	
-77.1904	-25.7596	738.42	0	
-0.0636517	-32.3326	364.405	0	
-2.36025	-33.8382	403.449	0	
-158.759	-19.108	741.836	0	
-162.339	-22.8035	746.901	0	
-34.1009	-16.53	596.071	0	
-34.5807	-19.6468	605.566	0	
-29.7609	-20.8112	679.248	0	
-27.2676	-18.0292	655.602	0	
-116.535	-22.5953	1022.56	0	
-115.501	-23.8799	1063.64	0	
-71.3323	-33.3917	669.391	0	
-69.7418	-35.9525	662.787	0	
-65.28	-33.6434	556.63	0	
-65.7325	-30.1637	507.56	0	
38.3265	-23.7431	78.004	0	
42.1657	-23.5945	49.4189	0	
40.0932	-26.7372	50.5094	0	
40.9829	-24.2988	51.7727	0	
43.5175	-25.532	36.4765	0	
45.8673	-24.9675	27.6085	0	
42.4546	-26.4115	40.3396	0	
45.0484	-27.3388	28.7956	0	
41.081	-25.7502	49.7006	0	
38.8844	-26.4405	63.5636	0	
42.1599	-29.9467	38.1288	0	
43.9317	-28.1859	30.6915	0	
43.7222	-21.5262	48.2587	0	
44.3289	-23.5258	37.7407	0	
47.1535	-22.7993	28.8737	0	
44.425	-22.4739	39.3029	0	
47.1601	-21.7532	33.332	0	
46.0693	-21.4987	36.148	0	
163.403	-19.4799	195.163	0	
164.55	-20.5971	200.772	0	
168.828	-19.1936	214.883	0	
170.065	-15.9842	217.65	0	
125.808	-19.8577	182.993	0	
125.833	-17.1113	192.744	0	
-83.8987	-20.7852	795.31	0	
-83.7702	-23.46	840.802	0	
89.3677	-22.4566	227.068	0	
92.8197	-21.3794	213.501	0	
169.441	-14.4308	208.382	0	
172.561	-13.7673	227.179	0	
178.678	-12.6213	250.369	0	
176.265	-10.7366	241.975	0	
172.48	-17.0992	230.076	0	
176.751	-17.2981	244.159	0	
63.6156	-17.3716	43.7091	0	
62.2447	-18.6953	33.6478	0	
64.3343	-19.7662	35.8942	0	
65.4893	-19.7895	39.7975	0	
-107.643	-26.2696	1063.29	0	
-106.812	-28.1312	1095.66	0	
-101.588	-28.29	1062.78	0	
-99.4255	-28.2118	1047.26	0	
-95.6487	-28.9668	1032.06	0	
-92.0387	-26.5644	974.97	0	
-93.9408	-25.8627	981.487	0	
-91.3914	-23.2841	926.185	0	
-58.2063	-26.4475	371.215	0	
-57.1778	-24.0049	349.15	0	
-59.9073	-28.5831	411.148	0	
-55.7722	-27.4141	361.124	0	
-59.7769	-30.3888	418.83	0	
-57.8812	-29.9119	406.048	0	
28.8054	-35.5643	122.366	0	
35.6568	-32.5221	72.5058	0	
63.0216	-21.8761	25.2892	0	
65.0346	-22.2001	32.2967	0	
61.8948	-22.3113	22.0029	0	
63.1765	-23.307	22.6701	0	
18.5368	-38.8747	209.572	0	
14.2079	-36.3454	248.835	0	
-175.887	-1.2659	328.71	0	
-75.0787	-34.7567	735.612	0	
-76.5816	-35.1001	793.045	0	
23.0445	-37.157	179.666	0	
30.9633	-42.407	111.604	0	
30.3052	-38.1713	110.89	0	
30.2249	-34.8314	115.595	0	
-175.967	-5.78334	343.759	0	
-173.274	-6.86514	348.605	0	
-6.44038	-35.2287	463.514	0	
-0.535659	-33.7839	374.279	0	
44.5662	-29.4772	30.0296	0	
46.0103	-31.6905	25.2808	0	
56.0216	-33.5941	15.4507	0	
60.1971	-34.483	17.7668	0	
53.5987	-34.633	16.2463	0	
58.8362	-35.6231	17.9326	0	
52.6608	-35.9902	18.6743	0	
54.2881	-37.3203	18.8718	0	
55.1165	-36.1036	16.9242	0	
58.4492	-37.7569	19.7394	0	
53.0044	-37.3874	18.7218	0	
58.6277	-39.0238	20.763	0	
52.6653	-39.965	22.5337	0	
57.1281	-39.7116	21.3082	0	
56.9353	-37.2883	18.727	0	
55.0449	-38.753	20.1137	0	
53.9828	-40.4135	22.5094	0	
54.1845	-42.333	25.1556	0	
176.053	-5.25926	231.36	0	
180.326	-3.14261	254.37	0	
40.5649	-35.9826	43.4631	0	
41.0481	-39.4077	47.4296	0	
66.6008	-31.6785	28.3616	0	
65.6361	-33.9918	26.1641	0	
71.1862	-35.6603	50.2066	0	
73.2692	-34.543	59.6742	0	
57.1931	-41.339	24.0593	0	
59.6073	-42.843	27.8954	0	
107.071	-33.8841	190.049	0	
114.145	-32.5633	172.135	0	
-11.1099	-37.5319	536.268	0	
-5.15049	-34.5132	445.145	0	
120.198	-40.6024	175.49	0	
122.281	-42.5491	177.318	0	
125.481	-38.7643	167.677	0	
124.471	-36.0336	163.163	0	
46.2587	-42.0424	33.7435	0	
43.7518	-38.9789	37.4436	0	
49.0938	-43.2133	31.2755	0	
50.3708	-43.9593	30.4154	0	
50.4039	-45.2405	34.6797	0	
51.9787	-45.9538	33.085	0	
-41.3405	-19.3901	467.831	0	
-39.1707	-21.2726	521.484	0	
45.8752	-29.2042	24.9858	0	
48.5276	-28.0048	18.8393	0	
47.5333	-28.1846	22.0603	0	
48.7823	-26.5465	19.8811	0	
94.8246	-24.6991	216.557	0	
94.4823	-27.1957	218.928	0	
-148.96	-23.2223	967.564	0	
-144.826	-25.0364	1025.5	0	
-147.577	-21.6107	949.499	0	
-150.872	-22.4247	919.84	0	
-137.253	-28.3661	1124.53	0	
-134.14	-30.3321	1139.37	0	
-131.496	-21.9409	1053.62	0	
-130.081	-21.5027	1048.62	0	
-77.3842	-21.1597	706.868	0	
-79.6232	-22.6459	756.594	0	
-82.2463	-23.6682	808.544	0	
-82.3687	-26.7766	832.265	0	
-154.406	-20.0888	819.895	0	
-152.8	-19.1309	821.636	0	
-35.9731	-20.5499	590.727	0	
-33.7465	-22.998	650.555	0	
-27.4273	-16.4311	617.768	0	
-30.0093	-16.9601	634.865	0	
-69.691	-38.1034	679.991	0	
-65.1931	-35.1628	567.024	0	
-67.001	-35.707	603.823	0	
-60.1545	-35.4752	506.155	0	
36.4519	-27.2264	78.5386	0	
40.4838	-28.3237	49.2991	0	
35.375	-29.5825	79.4862	0	
39.5647	-29.274	50.4204	0	
37.5291	-30.3826	59.5633	0	
38.9575	-31.743	52.0081	0	
162.423	-22.8479	194.631	0	
167.212	-22.0832	209.236	0	
173.267	-19.9127	234.7	0	
171.705	-15.6555	219.15	0	
87.6545	-22.6295	236.344	0	
84.9404	-23.7159	230.176	0	
179.446	-15.4891	254.922	0	
181.473	-9.28569	263.61	0	
177.807	-18.3602	255.43	0	
180.292	-19.9532	263.68	0	
-109.247	-25.2741	1075.16	0	
-109.642	-29.0086	1113.47	0	
-106.039	-32.2153	1114.51	0	
-103.307	-31.8953	1095.97	0	
33.0149	-37.7944	89.1134	0	
37.8592	-36.3056	58.5071	0	
-180.008	-0.71077	325.328	0	
-175.887	-2.61196	320.85	0	
19.6686	-40.9671	205.046	0	
24.169	-41.5371	163.75	0	
27.6217	-39.9206	133.4	0	
25.7113	-40.0098	157.772	0	
30.6188	-39.6029	109.761	0	
34.5853	-36.9904	78.8949	0	
-180.762	-7.30129	350.99	0	
-177.718	-10.5352	379.153	0	
-3.4288	-35.0421	428.604	0	
-2.56345	-39.992	438.138	0	
54.8472	-45.8589	32.3423	0	
58.0701	-47.5939	34.599	0	
178.893	-5.42806	247.482	0	
177.372	-2.86262	238.627	0	
36.6199	-35.1918	66.3732	0	
37.2371	-37.9537	61.6219	0	
40.9292	-41.2365	47.8823	0	
44.3186	-41.3816	38.7696	0	
68.8705	-35.8362	37.8435	0	
71.9319	-37.4006	53.9594	0	
76.8094	-35.6838	94.4129	0	
73.8435	-33.3389	68.6206	0	
64.355	-44.6059	37.4689	0	
62.5909	-41.5987	28.0473	0	
109.357	-33.2568	184.41	0	
112.846	-41.633	186.237	0	
-11.4133	-39.5524	560.717	0	
-7.4061	-39.4078	496.452	0	
-6.48979	-36.7392	483.153	0	
-3.45957	-36.6993	440.078	0	
118.776	-40.0678	175.747	0	
118.568	-42.53	179.651	0	
118.097	-43.7159	182.455	0	
119.107	-44.6414	183.236	0	
115.706	-42.8148	183.814	0	
116.693	-43.946	184.968	0	
119.864	-48.4288	187.48	0	
121.29	-46.6033	184.518	0	
114.766	-45.7494	189.011	0	
117.366	-46.1542	187.804	0	
121.796	-49.1203	188.18	0	
121.584	-45.2319	182.175	0	
113.716	-44.6402	188.531	0	
116.876	-47.9897	188.39	0	
122.648	-47.7209	185.802	0	
124.554	-46.7354	181.707	0	
122.747	-44.1954	178.807	0	
125.579	-43.2585	175.22	0	
126.089	-40.3546	168.742	0	
128.68	-39.5513	166.623	0	
53.4125	-48.3697	38.6631	0	
55.0053	-47.6146	34.7248	0	
-42.9046	-18.282	417.509	0	
-45.9308	-18.8905	370.707	0	
-38.3203	-22.4871	560.998	0	
-36.4064	-21.9823	597.14	0	
100.268	-27.0919	198.453	0	
102.338	-24.0804	188.027	0	
-128.609	-22.1259	1052.61	0	
-128.838	-19.5511	1011.12	0	
-128.072	-23.8454	1110.66	0	
-126.452	-24.2507	1095.14	0	
-84.6077	-22.0364	829.963	0	
-83.7306	-26.944	873.105	0	
-84.5534	-28.721	880.372	0	
-81.5498	-29.8935	845.605	0	
-33.1099	-24.9832	668.805	0	
-30.8112	-22.0271	690.799	0	
-61.6798	-33.1908	496.039	0	
-62.7916	-30.6778	471.98	0	
163.623	-26.3144	204.121	0	
165.708	-23.1453	208.196	0	
168.674	-22.4746	220.251	0	
170.256	-20.0283	221.281	0	
174.148	-16.4704	230.955	0	
171.995	-19.077	227.363	0	
177.363	-19.8377	252.144	0	
181.798	-20.8704	269.849	0	
179.633	-18.4043	259.754	0	
188.978	-17.5388	291.678	0	
-183.27	-0.807917	325.594	0	
-179.278	-5.48301	337.907	0	
29.1162	-40.6622	121.818	0	
32.2236	-41.498	97.4109	0	
33.0852	-34.8253	93.8298	0	
31.5014	-35.5844	100.499	0	
180.326	-1.52677	256.294	0	
35.1219	-41.1609	78.8964	0	
34.7144	-35.6095	78.3172	0	
35.8687	-38.2207	73.6708	0	
34.8379	-39.7113	79.6565	0	
33.6486	-42.1379	89.6281	0	
38.1534	-40.863	59.8055	0	
39.2123	-43.6599	61.442	0	
-7.99307	-37.6169	492.431	0	
-8.14936	-41.1059	512.098	0	
115.825	-39.2873	180.356	0	
112.774	-37.5692	182.522	0	
111.557	-45.1065	190.998	0	
112.646	-47.753	192.499	0	
127.834	-44.1933	178.922	0	
127.7	-40.7404	171.379	0	
130.43	-39.9061	167.08	0	
130.988	-38.2324	164.388	0	
53.0724	-50.53	42.5767	0	
56.5714	-50.7765	42.4493	0	
59.1137	-44.722	30.0165	0	
56.193	-44.698	28.8665	0	
-39.0459	-24.0266	533.051	0	
-38.1506	-25.4797	583.268	0	
-129.041	-26.0864	1123.4	0	
-128.129	-28.4698	1145.94	0	
-123.361	-25.5874	1116.39	0	
-125.491	-22.7155	1089.05	0	
-86.2162	-22.0879	851.478	0	
-86.7152	-23.5036	878.4	0	
169.209	-24.316	221.897	0	
175.804	-21.9009	247.3	0	
175.912	-20.2401	247.417	0	
177.157	-22.8141	253.603	0	
182.758	-17.9826	270.178	0	
180.619	-17.0804	265.739	0	
-178.49	-2.77751	326.431	0	
-177.377	-5.21324	334.279	0	
27.9586	-43.4024	132.725	0	
30.0213	-45.1082	118.059	0	
36.6906	-41.7698	71.1802	0	
33.1532	-39.2661	88.7567	0	
37.8198	-46.3582	69.9423	0	
-6.77203	-43.1514	493.468	0	
-4.88661	-42.6283	473.884	0	
110.845	-43.0345	191.485	0	
103.138	-43.4136	197.707	0	
110.879	-46.7147	191.995	0	
112.419	-50.0567	193.1	0	
131.808	-41.1703	168.816	0	
133.311	-39.9868	166.989	0	
133.295	-36.0548	159.785	0	
130.384	-34.0273	157.24	0	
-41.394	-23.8238	477.398	0	
-39.8093	-27.9367	542.146	0	
-87.6624	-20.7212	858.141	0	
-88.1798	-23.7485	906.755	0	
167.811	-26.2616	218.961	0	
172.423	-30.125	239.513	0	
170.984	-24.3739	230.121	0	
173.78	-25.9542	241.928	0	
174.753	-19.1853	239.339	0	
173.088	-21.7807	237.388	0	
177.354	-24.2643	256.589	0	
183.039	-23.8193	275.644	0	
178.841	-3.80543	249.575	0	
178.77	-0.718857	247.315	0	
32.4452	-44.9673	101.337	0	
36.4588	-43.7735	74.6196	0	
109.003	-47.5072	193.904	0	
109.221	-49.3268	193.592	0	
110.769	-56.3434	197.198	0	
115.597	-53.2077	196.802	0	
-38.0524	-27.5585	581.826	0	
-32.7508	-28.6728	674.3	0	
-88.7804	-25.334	917.133	0	
-85.8702	-25.0868	893.32	0	
176.207	-25.1859	250.648	0	
179.945	-24.7108	265.801	0	
178.672	-25.1394	261.002	0	
178.552	-26.713	262.257	0	
-90.5731	-25.1074	949.366	0	
-87.8734	-31.1118	964.43	0	
174.672	-24.5489	246.728	0	
174.697	-27.5394	247.918	0	
179.955	-28.1897	266.133	0	
181.288	-25.837	270.816	0	
174.223	-29.5311	249.037	0	
179.201	-31.1976	267.461	0	
179.087	-29.5872	263.719	0	
180.603	-33.137	272.735	0	
181.417	-27.7423	272.306	0	
184.315	-29.1757	283.912	0	
171.172	-28.2668	235.12	0	
174.54	-33.6715	255.147	0	
177.066	-29.0586	259.054	0	
175.564	-30.3983	252.266	0	
186.713	-28.2712	288.545	0	
184.012	-26.3738	278.67	0	
172.643	-34.1788	243.476	0	
179.858	-37.6747	272.474	0	
188.437	-29.7069	290.908	0	
185.498	-25.986	285.74	0	
169.038	-40.0822	243.108	0	
182.624	-38.83	279.896	0	
190.212	-25.7787	297.188	0	
188.496	-25.9222	291.365	0	
175.781	-37.5617	263.846	0	
178.154	-39.15	269.005	0	
191.02	-23.5735	297.496	0	
184.835	-21.3759	279.777	0	
187.656	-24.2477	291.328	0	
189.125	-22.6439	293.898	0	
195.193	-24.8139	304.212	0	
186.464	-20.4332	287.401	0	
-22.0451	-25.8098	666.048	0	
-21.8533	-29.5115	670.523	0	
-166.892	-15.833	536.362	0	
-164.564	-12.8139	498.093	0	
161.861	-19.9152	191.428	0	
161.05	-17.2402	187.805	0	
5.47714	-36.7023	325.815	0	
8.3304	-37.5852	300.477	0	
13.006	-24.553	206.585	0	
13.7503	-26.538	213.801	0	
183.271	-8.77642	270.392	0	
180.285	-6.5429	256.954	0	
34.2154	-32.3873	85.9347	0	
36.3446	-30.6827	73.839	0	
145.865	-18.829	188.66	0	
148.362	-21.8275	177.855	0	
147.742	-25.9886	169.816	0	
143.673	-35.5612	168.911	0	
105.935	-25.4519	180.507	0	
108.984	-24.4855	171.43	0	
102.205	-25.9141	190.405	0	
106.774	-28.8618	184.099	0	
104.314	-23.2275	179.702	0	
104.087	-21.5459	177.906	0	
-85.5099	-35.015	936.593	0	
-83.4712	-35.5228	899.966	0	
77.1428	-33.4875	96.6435	0	
84.6551	-31.8795	175.627	0	
129.091	-31.533	157.306	0	
126.702	-33.2761	158.37	0	
-77.6295	-33.2629	793.607	0	
-79.7754	-36.0422	848.131	0	
-82.2135	-36.9302	886.648	0	
-79.1193	-39.7582	851.032	0	
53.4653	-33.1203	15.8172	0	
51.3502	-34.606	18.4169	0	
50.6019	-37.3418	21.3463	0	
52.4437	-38.3715	21.5565	0	
64.1465	-34.4005	24.05	0	
66.3836	-36.811	29.7836	0	
65.1389	-38.3109	28.4406	0	
68.8878	-37.9736	41.6723	0	
65.6798	-35.8307	28.3639	0	
68.0379	-36.8148	36.6516	0	
68.7983	-39.6812	43.1814	0	
72.1582	-36.3554	55.5057	0	
70.5343	-42.9582	54.2819	0	
70.9062	-38.1511	50.1383	0	
70.1101	-36.1068	45.0072	0	
70.0563	-37.5524	43.7369	0	
73.5213	-35.7111	66.3271	0	
71.5701	-34.63	54.3235	0	
70.2996	-40.9425	46.8416	0	
73.0481	-38.4143	59.5692	0	
71.6765	-47.3829	63.23	0	
72.7449	-39.9591	59.7777	0	
73.0714	-43.8364	61.6744	0	
76.2845	-41.7224	80.2389	0	
41.1301	-47.9357	62.2355	0	
51.6385	-51.0941	45.9767	0	
48.4111	-46.3326	38.0692	0	
51.9178	-47.392	37.0565	0	
50.429	-48.1708	40.4857	0	
48.4971	-47.8248	41.9958	0	
-154.853	-22.1272	860.786	0	
-146.469	-35.3035	1050.61	0	
-72.2216	-39.0234	736.941	0	
-68.2454	-43.6839	717.65	0	
-66.4681	-37.8806	629.996	0	
-64.6456	-38.4566	604.24	0	
181.028	-10.6882	260.267	0	
179.977	-8.09044	254.907	0	
25.72	-46.3622	155.768	0	
24.3188	-43.6471	171.29	0	
57.8806	-45.5557	31.8381	0	
62.3082	-44.503	31.8697	0	
65.5573	-46.2602	41.468	0	
67.9465	-45.9813	47.2808	0	
-13.6433	-40.8589	569.079	0	
-13.5499	-43.4842	576.351	0	
-47.3268	-20.6119	372.771	0	
-44.4673	-21.4018	402.535	0	
-86.7595	-28.1605	933.142	0	
-85.58	-32.4575	923.962	0	
-35.5208	-26.6724	629.709	0	
-30.521	-27.7131	699.296	0	
-181.563	-1.51869	333.66	0	
110.002	-38.3677	189.304	0	
108.341	-40.5556	193.116	0	
50.4898	-49.7127	44.5241	0	
54.3842	-55.6368	57.4675	0	
32.0949	-46.6549	105.849	0	
31.1055	-43.8748	108.516	0	
27.4616	-46.6049	142.789	0	
28.0467	-48.1097	140.474	0	
33.7584	-49.149	100.373	0	
34.9696	-45.166	87.4129	0	
26.0649	-44.2198	151.751	0	
24.2521	-47.8191	170.571	0	
30.5403	-49.475	124.241	0	
36.0796	-50.1934	92.6341	0	
26.8965	-49.7594	153.215	0	
29.6762	-51.1003	132.786	0	
36.5503	-52.224	95.6332	0	
37.4475	-49.181	80.9576	0	
41.3929	-58.8484	94.2193	0	
36.7181	-47.4757	82.906	0	
39.6216	-49.6228	72.0513	0	
40.7948	-44.8316	57.0085	0	
185.213	-6.26587	276.703	0	
182.02	-0.807917	262.044	0	
-7.55633	-44.8497	508.271	0	
-6.00487	-46.243	487.134	0	
-1.81968	-43.03	436.24	0	
0.623259	-41.1418	405.508	0	
135.18	-35.9655	162.568	0	
133.695	-31.9447	155.758	0	
107.36	-46.801	194.776	0	
106.232	-49.9584	192.623	0	
184.727	-23.1456	281.227	0	
183.277	-20.2237	274.537	0	
170.142	-42.7614	247.28	0	
174.378	-44.8645	262.367	0	
184.183	-36.6736	282.802	0	
179.004	-34.9811	270.187	0	
190.183	-19.2123	295.177	0	
190.544	-16.0572	298.453	0	
-25.1856	-31.8899	694.362	0	
-21.3351	-32.963	663.38	0	
158.713	-23.46	186.78	0	
161.808	-24.5129	196.953	0	
159.975	-15.7825	185.268	0	
159.048	-18.9846	185.124	0	
3.93135	-37.5452	358.615	0	
4.59371	-40.3837	364.228	0	
10.4758	-38.6451	287.265	0	
12.1907	-36.9748	273.15	0	
186.471	-10.579	285.149	0	
190.907	-2.05163	297.863	0	
100.649	-29.3282	202.862	0	
107.416	-30.5067	184.659	0	
109.512	-31.0908	181.716	0	
107.929	-27.4881	178.88	0	
78.7723	-38.3387	108.985	0	
79.2909	-32.8766	114.839	0	
68.657	-43.8511	44.023	0	
73.6919	-45.7695	70.1831	0	
81.8526	-48.2365	115.636	0	
74.3426	-41.9462	67.1851	0	
-63.4685	-40.4624	621.476	0	
-61.4147	-37.5791	547.413	0	
59.8812	-48.7278	39.645	0	
61.0993	-45.7019	34.4153	0	
-15.2437	-39.3662	601.59	0	
-21.2529	-39.4544	651.961	0	
-12.6778	-48.7898	544.078	0	
-6.34111	-47.7707	489.717	0	
-35.391	-30.0225	644.938	0	
-33.8655	-26.6998	660.832	0	
-186.51	-0.853077	323.832	0	
-184.747	-1.66099	333.192	0	
48.9463	-50.5344	47.3748	0	
50.8075	-54.9075	60.8853	0	
49.0596	-52.2589	53.1121	0	
47.1055	-55.1137	64.6552	0	
52.3551	-56.9164	60.551	0	
60.3461	-56.6939	59.7318	0	
21.888	-45.3399	182.928	0	
22.1661	-47.3694	189.705	0	
14.9709	-46.9715	262.154	0	
23.4783	-51.4044	190.139	0	
27.741	-51.2928	148.726	0	
34.7806	-53.3872	106.101	0	
38.7052	-53.2961	84.5765	0	
45.0865	-49.6465	54.8588	0	
37.6437	-44.5518	71.5361	0	
40.0577	-46.3765	63.0274	0	
185.201	-4.46484	279.09	0	
183.438	-3.33384	269.463	0	
-9.92126	-45.4394	526.048	0	
-10.5671	-47.5937	532.657	0	
-5.61071	-51.111	483.551	0	
-4.72726	-49.2939	474.67	0	
-0.150739	-45.5654	421.645	0	
1.47127	-39.7299	395.649	0	
107.028	-44.8357	194.777	0	
104.629	-44.9275	197.976	0	
104.269	-51.3912	193.342	0	
109.885	-53.4701	195.633	0	
-25.0389	-36.7944	676.671	0	
-20.8601	-35.1888	662.335	0	
-18.2317	-36.1424	632.081	0	
-13.8423	-33.4594	573.998	0	
155.326	-23.0678	179.216	0	
158.34	-26.407	188.624	0	
2.64806	-36.001	357.882	0	
-1.93451	-37.8353	423.904	0	
3.55556	-42.3574	367.409	0	
9.58459	-42.2031	307.688	0	
187.042	-13.8203	288.354	0	
188.762	-7.14623	290.254	0	
103.762	-31.8895	197.374	0	
102.943	-29.9691	196.737	0	
112.98	-27.3553	169.067	0	
109.614	-27.7859	174.522	0	
78.8419	-43.423	99.1498	0	
82.918	-34.9428	145.498	0	
-66.8265	-41.9531	679.535	0	
-60.1874	-42.5043	617.555	0	
58.4652	-52.1206	47.0301	0	
65.4874	-50.0389	49.2648	0	
-38.8158	-32.4435	584.299	0	
-34.5981	-33.5143	656.072	0	
-190.424	-0.969457	321.018	0	
-183.211	-4.0966	335.967	0	
45.3857	-58.3391	80.7933	0	
49.0066	-56.1705	64.4756	0	
24.5184	-53.4529	179.121	0	
30.5428	-55.1277	138.38	0	
31.0565	-52.7889	128.927	0	
39.2209	-60.9364	106.683	0	
181.868	-5.87425	262.426	0	
183.358	-6.91253	271.921	0	
-15.1009	-48.0376	580.997	0	
-9.06012	-52.525	512.236	0	
-0.683647	-50.5638	439.82	0	
1.6879	-46.3711	411.659	0	
-2.63604	-48.7623	444.219	0	
-1.71167	-52.91	438.254	0	
3.72569	-45.4129	370.382	0	
1.63566	-42.792	404.518	0	
108.808	-42.7526	192.699	0	
106.045	-39.6911	195.336	0	
100.004	-43.618	198.432	0	
98.5308	-47.9499	185.362	0	
107.876	-53.2437	193.91	0	
110.87	-50.8381	194.22	0	
153.108	-24.6642	177.332	0	
153.964	-26.5826	176.929	0	
-1.26818	-41.2518	428.347	0	
0.208771	-37.6832	393.114	0	
4.56561	-43.4982	373.079	0	
7.77235	-47.1907	331.347	0	
189.538	-10.4371	291.201	0	
190.44	-8.60219	297.032	0	
103.565	-35.4678	200.159	0	
105.751	-35.6356	194.855	0	
-39.9197	-35.2905	599.478	0	
-34.7982	-35.5656	654.978	0	
-32.5955	-37.2594	663.312	0	
-26.3394	-34.3242	698.303	0	
-184.688	-3.33384	326.867	0	
-190.242	-7.1988	331.844	0	
24.6316	-57.6324	180.964	0	
28.1497	-55.4396	152.472	0	
5.64442	-47.3376	373.473	0	
6.67411	-43.0837	338.676	0	
191.177	-12.4165	300.691	0	
194.197	-12.3514	301.746	0	
-177.061	-12.9166	411.12	0	
-183.089	-6.50067	337.647	0	
192.948	-7.94191	301.205	0	
84.8354	-43.7958	136.634	0	
141.171	-23.1038	177.168	0	
141.165	-27.7965	166.172	0	
-169.098	-7.3476	347.843	0	
-171.987	-7.64284	358.986	0	
-174.74	-12.9566	415.224	0	
-174.404	-22.5163	536.335	0	
-14.1201	-36.945	582.692	0	
-14.9896	-35.1632	588.668	0	
83.9607	-25.1165	201.585	0	
84.0865	-21.9766	221.397	0	
82.582	-28.3296	174.426	0	
88.2187	-26.2598	227.869	0	
84.7013	-33.7053	174.632	0	
86.9517	-28.0092	210.099	0	
92.8573	-23.336	219.246	0	
91.4695	-30.3617	215.619	0	
-135.359	-28.2696	1122.26	0	
-136.167	-36.4988	1124.41	0	
168.703	-28.4985	225.618	0	
169.249	-32.2545	231.828	0	
184.527	-31.5281	283.323	0	
191.149	-27.1074	298.237	0	
-171.135	-12.2782	428.202	0	
-168.418	-14.4685	487.808	0	
-172.595	-10.6474	401.954	0	
-173.75	-14.7471	451.002	0	
-175.789	-9.06029	381.759	0	
-180.136	-9.98037	366.829	0	
-175.247	-17.1281	467.402	0	
-166.821	-20.2899	623.777	0	
-182.108	-12.942	387.248	0	
-180.26	-16.4459	417.437	0	
-168.193	-18.5406	569.886	0	
-163.61	-19.8396	672.431	0	
67.5246	-40.4502	36.1778	0	
64.2959	-41.7341	33.227	0	
64.0886	-48.1249	43.191	0	
64.7273	-51.9846	53.3277	0	
45.1502	-56.1625	72.3091	0	
40.4086	-51.7073	77.5739	0	
136.118	-37.6157	164.127	0	
140.806	-36.0341	166.937	0	
134.952	-39.8056	168.653	0	
138.101	-40.895	172.853	0	
140.991	-32.433	163.55	0	
136.152	-34.3025	159.009	0	
139.38	-42.4897	175.696	0	
141.729	-37.7291	167.998	0	
140.762	-39.2613	172.376	0	
145.399	-35.3226	169.057	0	
145.295	-24.6422	174.358	0	
138.158	-28.3077	159.399	0	
139.02	-32.3378	159.001	0	
135.651	-32.0736	158.583	0	
138.942	-44.3148	182.82	0	
141.827	-46.0694	190.092	0	
141.1	-41.3452	175.409	0	
147.711	-37.6782	176.883	0	
155.324	-35.7325	190.556	0	
148.221	-31.7741	168.924	0	
144.712	-41.269	180.933	0	
152.519	-37.2388	187.156	0	
145.123	-39.5684	177.666	0	
144.855	-44.5359	189.507	0	
192.478	-18.9617	302.605	0	
189.659	-14.2717	292.092	0	
194.724	-20.623	304.162	0	
201.693	-8.54729	316.86	0	
185.493	-12.1069	279.263	0	
186.907	-18.229	288.034	0	
96.8496	-30.8116	218.198	0	
102.413	-33.5004	200.694	0	
79.028	-36.2582	101.923	0	
81.6067	-42.1102	119.524	0	
69.6475	-51.6341	65.031	0	
76.5869	-47.4532	86.0936	0	
14.8731	-55.4659	267.508	0	
23.3758	-55.3695	196.644	0	
20.6952	-51.7294	208.903	0	
20.5503	-54.3703	213.112	0	
190.889	-4.27199	296.028	0	
183.497	-1.66099	271.287	0	
-14.4601	-31.2813	568.052	0	
-16.8839	-34.7106	620.208	0	
79.3071	-46.5519	99.6301	0	
83.9686	-37.4893	146.489	0	
-188.376	-1.82253	328.406	0	
44.7119	-51.7448	60.653	0	
43.1174	-55.221	75.751	0	
43.3786	-59.7913	87.6023	0	
47.4506	-61.9369	85.3138	0	
32.5936	-57.2365	131.166	0	
31.6544	-60.1685	141.902	0	
-17.3204	-50.0963	583.615	0	
-13.2507	-54.5697	544.615	0	
-7.97104	-50.6682	500.349	0	
-7.75712	-54.8225	488.26	0	
-1.23827	-56.1057	425.875	0	
5.15846	-53.6038	372.946	0	
102.27	-36.9541	202.099	0	
104.043	-40.5575	201.65	0	
108.987	-36.9246	188.958	0	
110.499	-34.5841	184.409	0	
23.0534	-59.9807	212.823	0	
27.1227	-63.0999	186.665	0	
4.36136	-50.0247	378.219	0	
13.8051	-52.6166	282.53	0	
95.3597	-32.8764	211.281	0	
96.4379	-28.0322	214.69	0	
-129.338	-34.6037	1154.41	0	
-127.117	-31.977	1157.15	0	
-138.496	-30.6377	1115.72	0	
-137.035	-32.7489	1131.8	0	
-132.885	-34.0586	1145.22	0	
-134.573	-32.5398	1136.11	0	
170.697	-35.8596	241.257	0	
171.437	-32.1991	241.715	0	
193.393	-32.131	303.231	0	
194.584	-28.7085	304.315	0	
-177.631	-15.8656	423.009	0	
-185.529	-20.0714	400.92	0	
-173.506	-19.5312	517.903	0	
-171.62	-27.3442	628.817	0	
66.8238	-54.1443	60.3628	0	
71.8028	-51.7048	69.2988	0	
142.521	-30.2409	160.398	0	
145.122	-32.0445	166.596	0	
136.849	-45.6912	180.956	0	
136.913	-47.9481	188.248	0	
142.989	-47.9447	193.962	0	
146.052	-46.3755	194.096	0	
182.868	-12.0397	271.932	0	
183.849	-16.1954	278.372	0	
97.2934	-39.2955	204.009	0	
100.059	-33.5053	208.304	0	
75.5651	-57.7933	93.4093	0	
75.7998	-50.0165	81.4009	0	
193.004	-5.66123	303.842	0	
195.261	-2.27754	310.029	0	
90.1326	-43.5884	166.923	0	
-194.312	-1.02366	316.675	0	
-192.197	-1.99311	323.543	0	
41.3672	-56.4547	83.5347	0	
34.5424	-65.6456	142.904	0	
48.5144	-66.4375	102.835	0	
51.3835	-59.5189	73.1821	0	
-11.8339	-57.7394	518.244	0	
-5.09499	-60.7438	458.135	0	
99.2218	-35.3716	205.089	0	
96.9485	-41.3645	196.604	0	
100.268	-40.0778	202.794	0	
99.2528	-38.5431	201.523	0	
95.0723	-42.8214	186.713	0	
98.5551	-45.2488	191.175	0	
100.281	-36.8532	205.354	0	
96.7869	-35.1847	210.379	0	
92.6687	-41.775	185.005	0	
90.8023	-47.3862	168.424	0	
7.96212	-44.8516	335.07	0	
10.2018	-48.966	317.145	0	
-132.131	-37.7212	1141.16	0	
-125.14	-35.761	1158.98	0	
-125.302	-31.2336	1154.79	0	
-126.21	-27.8228	1139.51	0	
-123.527	-32.2641	1157.62	0	
-122.741	-29.1501	1145.39	0	
-123.12	-34.9421	1160.61	0	
-119.783	-32.7915	1157.26	0	
-141.449	-27.6908	1084.25	0	
-141.765	-34.786	1091.22	0	
-137.446	-38.1433	1109.39	0	
-132.859	-39.7157	1127	0	
164.754	-30.7819	212.736	0	
168.412	-34.5389	233.64	0	
197.72	-25.3389	309.494	0	
193.41	-26.9066	303.199	0	
63.9988	-56.6145	63.1495	0	
68.0771	-58.5278	73.2245	0	
135.685	-49.8897	194.292	0	
138.768	-51.8575	199.748	0	
142.005	-49.87	199.235	0	
145.328	-51.6738	207.16	0	
149.948	-45.6503	204.285	0	
147.909	-43.402	193.475	0	
187.126	-1.7905	285.357	0	
195.261	-4.60421	306.165	0	
189.156	-5.0967	291.603	0	
-199.008	-1.16333	312.13	0	
-194.241	-5.35766	321.969	0	
54.384	-67.8373	103.667	0	
61.5102	-64.8556	87.7674	0	
51.8966	-62.2488	77.5748	0	
56.274	-65.4969	85.972	0	
-15.5559	-61.3661	528.475	0	
-7.87615	-60.3907	471.017	0	
-3.16907	-63.9805	420.963	0	
2.13909	-60.3749	390.502	0	
10.7255	-51.8047	312.742	0	
16.7496	-49.8498	257.091	0	
-131.01	-41.3671	1123.32	0	
-128.634	-41.3556	1135.72	0	
-139.511	-37.8872	1099.08	0	
-138.534	-41.831	1083.68	0	
191.927	-39.9514	298.926	0	
197.048	-28.0226	306.723	0	
200.679	-23.6581	315.003	0	
200.996	-20.656	314.008	0	
133.327	-50.8843	194.592	0	
131.589	-55.2393	202.933	0	
139.918	-53.7321	205.041	0	
143.138	-51.7197	203.385	0	
146.632	-53.8193	214.79	0	
149.009	-52.7582	212.697	0	
148.828	-50.1613	211.48	0	
158.503	-45.1554	221.486	0	
147.542	-39.7886	181.391	0	
146.073	-43.0925	186.427	0	
148.087	-45.5733	194.655	0	
151.463	-43.6049	196.812	0	
153.641	-43.5507	204.425	0	
152.498	-40.5305	192.77	0	
154.892	-45.6185	212.143	0	
159.769	-42.5281	214.751	0	
-192.126	-4.00045	320.701	0	
-192.148	-8.72571	330.097	0	
-139.95	-35.4709	1105.72	0	
-143.28	-38.8304	1061.07	0	
-138.338	-44.4796	1070.34	0	
-136.035	-45.6058	1082.11	0	
205.122	-34.8084	314.542	0	
198.651	-30.621	312.063	0	
135.59	-54.101	202.511	0	
133.187	-53.5871	197.261	0	
136.755	-56.4355	205.455	0	
145.732	-55.9883	214.944	0	
143.375	-55.7362	212.864	0	
148.075	-57.8667	227.912	0	
154.819	-50.9674	221.87	0	
150.569	-47.979	205.191	0	
-189.584	-12.2259	349.456	0	
-187.186	-8.40345	338.194	0	
-140.751	-30.3028	1102.99	0	
-147.807	-29.2241	1039.11	0	
-145.673	-40.5339	1037.34	0	
-145.477	-43.16	1023.3	0	
-142.635	-43.2384	1052.99	0	
-141.755	-49.5961	1019.17	0	
135.069	-58.4453	211.824	0	
141.421	-59.8572	221.166	0	
141.29	-57.4666	213.781	0	
145.555	-61.5247	230.24	0	
-148.152	-38.1608	1025.19	0	
-158.366	-38.338	883.559	0	
-132.426	-49.3776	1065.82	0	
-130.827	-46.6313	1091.17	0	
-145.969	-49.82	965.954	0	
-140.969	-45.5241	1040.33	0	
15.4052	-38.1664	247.281	0	
19.9375	-37.2715	203.444	0	
14.1221	-41.0268	261.643	0	
16.2591	-43.6266	251.308	0	
-161.592	-18.1765	656.017	0	
-159.207	-23.8979	816.174	0	
-157.645	-21.8655	798.937	0	
-152.002	-31.6614	970.707	0	
179.164	-42.7255	274.452	0	
183.073	-46.5566	283.889	0	
187.056	-36.9678	290.094	0	
187.357	-32.0883	290.184	0	
102.592	-49.2336	189.536	0	
100.93	-55.5651	187.665	0	
-26.4638	-29.0498	712.126	0	
-30.257	-32.4334	701.724	0	
-69.5476	-51.4234	781.154	0	
-62.5574	-44.4102	675.006	0	
58.5549	-55.3644	56.1778	0	
62.3749	-52.5307	51.1435	0	
60.7069	-59.3354	67.0675	0	
63.0727	-59.0971	68.363	0	
-34.3752	-39.8735	665.223	0	
-29.4247	-44.4445	660.767	0	
195.116	-15.1538	310.079	0	
197.816	-19.6061	312.661	0	
-21.7595	-46.6526	633.877	0	
-21.8008	-57.7713	582.803	0	
19.8329	-59.5162	226.069	0	
19.0026	-65.0712	240.367	0	
27.1158	-70.3942	196.449	0	
33.9982	-62.0615	134.34	0	
87.4035	-30.3946	209.459	0	
88.6955	-37.3341	182.567	0	
68.9492	-54.0165	67.9128	0	
72.6235	-54.153	77.433	0	
80.6386	-56.2915	114.428	0	
77.0859	-52.7075	91.8544	0	
39.1696	-55.5299	94.6064	0	
37.146	-57.1875	105.131	0	
43.1148	-69.7644	124.902	0	
43.242	-64.1708	105.956	0	
93.4037	-37.1877	203.854	0	
86.6893	-38.7192	162.508	0	
84.6161	-46.7932	127.771	0	
84.2102	-57.2441	125.524	0	
-147.067	-33.128	1053.4	0	
-142.246	-32.1931	1092.64	0	
65.5939	-64.3596	89.7944	0	
72.6491	-62.0934	95.2863	0	
197.651	-5.88479	313.462	0	
199.886	-2.3915	318.827	0	
-196.551	-2.18699	317.583	0	
56.5106	-60.9685	72.401	0	
54.4517	-63.0838	82.7164	0	
-132.182	-43.7154	1110.6	0	
-127.496	-43.4071	1119.54	0	
203.403	-30.5957	315.068	0	
216.427	-17.4342	326.154	0	
153.334	-48.0015	213.453	0	
153.683	-53.189	224.859	0	
165.004	-41.9324	231.667	0	
162.441	-41.2221	222.666	0	
127.97	-54.2285	194.698	0	
129.43	-60.1009	214.455	0	
152.554	-62.0075	239.941	0	
150.794	-56.7903	224.317	0	
-196.611	-9.48352	324.988	0	
-196.381	-12.0749	328.981	0	
-189.149	-15.193	358.394	0	
-184.506	-13.0543	362.942	0	
-144.566	-31.8337	1070.72	0	
-149.429	-31.5357	1027.25	0	
-167.652	-23.2946	667.794	0	
-156.422	-29.0569	914.001	0	
183.79	-41.4319	284.32	0	
182.034	-43.8521	279.675	0	
186.742	-41.9147	289.12	0	
188.448	-39.607	293.148	0	
-68.3977	-58.9616	772.461	0	
-62.9891	-54.615	736.747	0	
59.0771	-61.3769	75.6903	0	
59.4465	-64.1812	81.5764	0	
-28.6313	-39.1259	671.974	0	
-30.433	-42.1775	674.003	0	
89.5195	-33.8718	202.923	0	
92.0066	-39.0428	188.729	0	
197.513	-8.71164	310.133	0	
199.53	-10.0746	316.11	0	
-203.675	-9.11706	311.802	0	
-198.874	-8.48637	318.183	0	
-125.045	-43.4712	1128.4	0	
-125.468	-38.5212	1152.46	0	
204.074	-18.1952	320.47	0	
197.704	-16.0943	309.811	0	
158.572	-31.6357	192.191	0	
157.82	-38.4647	201.634	0	
153.735	-65.6188	245.691	0	
153.259	-57.5139	233.254	0	
-201.173	-2.41531	312.129	0	
-201.064	-10.0161	317.548	0	
-193.994	-12.9501	337.281	0	
-188.284	-22.2288	395.018	0	
-145.215	-29.3773	1058.32	0	
-149.053	-27.0919	1005.53	0	
61.9567	-67.6076	94.9183	0	
66.0801	-67.0273	96.3232	0	
-22.4771	-36.9673	669.527	0	
-26.1612	-39.1542	679.501	0	
-35.2892	-48.4692	653.733	0	
-27.1815	-51.0204	637.008	0	
210.081	-15.2303	324.162	0	
212.976	-14.5966	325.886	0	
199.862	-13.5866	316.628	0	
204.745	-12.4327	320.696	0	
-206.398	-5.43989	304.944	0	
-203.711	-1.25197	306.52	0	
-123.638	-46.1523	1114.97	0	
-120.073	-43.1195	1133.07	0	
157.42	-60.8011	244.812	0	
157.553	-56.453	239.492	0	
-198.083	-17.4332	336.664	0	
-193.572	-15.4113	346.783	0	
-206.689	-11.7265	310.275	0	
-200.918	-12.632	321.537	0	
-152.337	-26.4651	966.823	0	
-154.418	-33.4984	936.256	0	
60.4222	-69.9362	110.942	0	
62.263	-72.7261	113.029	0	
68.58	-67.8647	106.092	0	
67.9441	-62.7591	85.8005	0	
-20.7414	-44.1988	633.173	0	
-18.8652	-40.5497	631.792	0	
-30.1932	-52.7345	639.556	0	
-22.1912	-52.5175	612.678	0	
-25.1531	-46.1246	646.592	0	
-27.2306	-48.3128	649.92	0	
207.964	-10.2251	323.97	0	
202.424	-1.22816	318.293	0	
207.547	-12.7637	323.447	0	
205.917	-8.66748	321.967	0	
-198.947	-5.95867	316.418	0	
-201.111	-4.88397	310.715	0	
-128.517	-46.3345	1108.85	0	
-116.96	-51.4749	1075.24	0	
-117.8	-42.6095	1136.27	0	
-119.814	-38.1598	1155.52	0	
155.069	-55.7109	230.444	0	
158.894	-58.9866	244.237	0	
-203.109	-14.2434	319.928	0	
-199.244	-27.8868	363.867	0	
-195.546	-18.2758	348.009	0	
-193.728	-24.3252	380.422	0	
-209.207	-7.07838	304.387	0	
-207.998	-17.4334	318.141	0	
-153.663	-28.7229	949.55	0	
-158.621	-27.2262	859.961	0	
56.5906	-70.2018	100.598	0	
54.8375	-72.7203	119.261	0	
60.0773	-80.0626	138.984	0	
71.8088	-75.7556	132.634	0	
69.7234	-70.2995	114.854	0	
72.352	-66.3	106.793	0	
-36.9265	-51.1384	658.116	0	
-32.3849	-51.427	650.841	0	
-30.1454	-58.1326	632.382	0	
-25.0144	-52.9812	619.897	0	
-116.701	-46.5286	1113.24	0	
-114.627	-40.0934	1142	0	
-114.444	-47.857	1106.62	0	
-113.642	-37.6423	1148.79	0	
-117.563	-38.1566	1152.66	0	
-119.223	-47.724	1109.6	0	
-119.505	-50.6464	1081.52	0	
-111.193	-54.5309	1052	0	
-104.889	-46.1824	1090.51	0	
162.812	-58.9822	253.085	0	
158.988	-54.0787	235.729	0	
-191.216	-19.7392	371.659	0	
-194.136	-20.9502	361.863	0	
-211.094	-19.2763	313.162	0	
-202.781	-17.1204	325.725	0	
-164.587	-24.8158	700.403	0	
-157.269	-32.3848	910.925	0	
67.7516	-72.9051	120.346	0	
73.21	-68.3222	116.151	0	
74.0473	-64.0015	105.629	0	
69.8591	-63.5908	96.5837	0	
76.5067	-65.5713	118.642	0	
78.3905	-58.616	108.86	0	
-39.7398	-51.927	656.585	0	
-36.1042	-55.9659	651.735	0	
-28.0068	-61.099	595.633	0	
-26.3202	-56.1772	619.883	0	
210.553	-6.76461	326.631	0	
209.316	-2.77547	327.417	0	
201.804	-6.08585	320.184	0	
203.943	-5.02597	319.536	0	
208.301	-18.4569	322.831	0	
204.759	-26.3165	317.43	0	
-121.435	-53.4467	1062.15	0	
-119.58	-57.1131	1029.39	0	
-107.078	-61.6386	973.293	0	
-106.914	-51.2592	1069.21	0	
-109.738	-47.1151	1099.72	0	
-109.436	-49.9896	1075.3	0	
165.139	-62.1048	259.831	0	
176.515	-51.7815	275.5	0	
-168.728	-29.4328	670.469	0	
-160.737	-35.821	859.046	0	
73.2643	-73.2236	131.743	0	
77.3785	-71.1822	133.589	0	
82.0222	-68.4779	134.579	0	
75.8814	-68.6554	119.265	0	
-32.3602	-66.1874	605.006	0	
-23.4107	-62.788	571.502	0	
214.827	-3.11387	329.272	0	
207.405	-1.3349	323.214	0	
206.031	-6.30049	324.149	0	
208.455	-5.27816	323.825	0	
-164.389	-44.167	742.237	0	
213.017	-1.44057	326.222	0	
-102.367	-43.5347	1088.82	0	
-105.897	-39.9329	1118.29	0	
-107.726	-54.778	1036.71	0	
-101.234	-50.9496	1051.73	0	
-165.446	-35.005	786.371	0	
-163.79	-37.375	788.041	0	
-29.8036	-72.5141	568.636	0	
-24.539	-65.1348	569.289	0	
-20.7264	-62.5851	552.839	0	
-20.8597	-55.2034	589.26	0	
219.008	-1.6733	327.693	0	
220.97	-14.9632	328.075	0	
-169.869	-32.4358	669.813	0	
-172.237	-43.4306	615.139	0	
-27.3013	-70.1848	556.919	0	
-19.5971	-68.4088	523.556	0	
-18.5673	-65.7657	538.339	0	
-13.0226	-60.4457	506.75	0	
-19.9153	-59.9206	564.858	0	
-18.006	-56.1318	569.379	0	
-33.2208	-70.3982	582.797	0	
-159.07	-41.7253	862.922	0	
-24.8387	-80.8679	496.268	0	
-22.8845	-67.575	546.355	0	
-7.64033	-70.2693	450.204	0	
-15.7698	-65.0933	512.755	0	
-11.9321	-65.9263	488.875	0	
214.722	-8.90218	327.883	0	
219.586	-9.77828	327.731	0	
-24.3533	-70.846	545.368	0	
-20.725	-79.032	494.761	0	
150.032	-35.8814	177.781	0	
155.599	-31.9005	187.357	0	
161.122	-34.0795	205.49	0	
160.645	-37.0766	210.639	0	
165.234	-37.321	225.9	0	
162.582	-38.4035	216.594	0	
165.8	-44.5881	238.439	0	
173.104	-42.1915	257.113	0	
163.287	-47.4288	237.064	0	
168.253	-53.9377	254.325	0	
174.044	-39.2077	252.024	0	
171.17	-37.9847	247.735	0	
-150.624	-53.0333	866.874	0	
-146.603	-63.7983	802.899	0	
133.855	-64.3837	221.44	0	
132.55	-73.9443	232.778	0	
-131.4	-53.005	1037.2	0	
-125.914	-48.352	1094.43	0	
95.3675	-49.8134	183.09	0	
95.7657	-52.9888	178.429	0	
100.005	-58.4108	180.176	0	
104.116	-61.622	190.493	0	
18.5856	-56.1688	245.597	0	
14.2059	-61.4961	278.7	0	
18.3417	-70.7055	254.082	0	
23.6186	-69.6089	213.109	0	
26.7922	-78.6588	212.635	0	
39.8881	-69.8345	136.17	0	
87.7581	-34.8668	181.148	0	
89.2111	-31.2254	207.665	0	
84.5777	-60.8462	133.303	0	
86.3848	-49.5477	139.087	0	
51.2312	-73.7724	119.818	0	
49.9631	-68.5654	104.066	0	
181.278	-48.9653	280.772	0	
185.178	-52.1522	290.167	0	
192.124	-45.5264	298.251	0	
196.842	-36.2551	306.613	0	
148.982	-68.2068	244.465	0	
158.58	-63.6731	252.456	0	
-206.398	-2.64794	305.631	0	
48.5634	-71.9819	120.855	0	
52.1754	-76.9802	135.396	0	
-189.766	-31.6851	423.836	0	
-178.986	-23.675	489.85	0	
-207.549	-26.0949	329.479	0	
-200.176	-19.2487	334.056	0	
-205.416	-19.0889	324.643	0	
-211.471	-23.9122	318.046	0	
65.8465	-78.0186	137.344	0	
77.0408	-82.3792	156.514	0	
-42.1289	-49.6178	656.483	0	
-46.2396	-50.0759	657.853	0	
-120.91	-61.2589	974.901	0	
-114.831	-66.6661	925.465	0	
-171.144	-24.6204	596.002	0	
-165.186	-28.2302	761.427	0	
75.9283	-79.3067	149.52	0	
90.8517	-76.3116	174.553	0	
86.0944	-67.1633	147.991	0	
87.8252	-62.8498	145.76	0	
-163.036	-41.2202	828.532	0	
-151.603	-44.0819	965.88	0	
-9.86308	-77.8297	437.162	0	
-18.2605	-72.5053	508.529	0	
169.624	-47.8155	252.44	0	
167.976	-50.3869	251.675	0	
145.434	-75.128	250.105	0	
139.854	-65.6318	227.034	0	
-135.825	-54.6876	993.419	0	
-129.723	-63.9091	928.403	0	
96.9893	-58.9696	177.224	0	
96.5454	-62.5981	172.526	0	
105.733	-64.7636	193.318	0	
110.59	-62.2195	198.71	0	
17.6553	-61.948	256.278	0	
12.671	-58.3615	295.726	0	
15.9717	-73.8687	265.444	0	
14.1575	-81.2647	282.74	0	
38.3293	-66.8484	133.321	0	
33.8712	-72.9178	164.095	0	
93.9349	-63.8447	168.113	0	
89.0143	-50.2167	146.41	0	
82.0541	-51.3727	117.827	0	
84.7563	-52.254	129.153	0	
178.418	-48.7905	273.42	0	
179.125	-53.8609	275.638	0	
186.909	-56.0736	293.065	0	
193.372	-48.3877	299.624	0	
190.168	-50.3593	296.023	0	
197.269	-50.2805	304.331	0	
194.394	-43.0602	302.373	0	
199.384	-42.0323	307.795	0	
157.907	-72.977	262.68	0	
157.987	-69.6269	258.283	0	
-213.413	-11.3189	300.696	0	
-209.31	-1.39597	301.8	0	
39.2739	-77.1094	157.457	0	
51.0513	-79.9102	142.824	0	
55.808	-84.4932	164.026	0	
55.7794	-77.6183	131.999	0	
-200.93	-23.4921	340.888	0	
-204.589	-23.1144	331.432	0	
70.6649	-81.1855	148.52	0	
71.6651	-84.2472	157.703	0	
-175.47	-29.2629	569.547	0	
-168.307	-35.647	694.083	0	
77.6929	-76.7295	149.38	0	
81.69	-89.1055	180.541	0	
164.263	-50.4859	241.487	0	
162.091	-53.7067	246.449	0	
93.3556	-67.9301	167.991	0	
97.1983	-70.6754	182.341	0	
104.329	-68.6332	195.439	0	
107.836	-71.2469	202.712	0	
114.033	-62.1913	202.781	0	
114.199	-56.3353	197.84	0	
94.6756	-55.6818	164.89	0	
91.1743	-60.9974	155.814	0	
86.2247	-55.2245	136.296	0	
89.3218	-54.3317	144.91	0	
177.343	-45.2551	269.256	0	
173.678	-51.5577	262.349	0	
180.849	-63.2917	283.731	0	
185.65	-61.6027	289.283	0	
190.321	-54.8087	295.55	0	
197.347	-54.7191	301.375	0	
164.763	-71.37	269.339	0	
169.83	-63.5472	270.196	0	
162.021	-68.3862	261.737	0	
162.048	-74.804	267.329	0	
-218.133	-6.4995	295.195	0	
-214.908	-1.474	296.81	0	
53.0467	-88.4321	173.902	0	
64.9889	-88.9206	166.172	0	
80.9465	-81.6026	167.423	0	
81.3258	-77.7893	150.538	0	
69.6613	-86.6224	165.605	0	
73.5746	-91.9699	180.987	0	
-179.575	-27.6979	514.065	0	
-187.423	-28.225	438.827	0	
-174.012	-32.5435	617.485	0	
-171.715	-38.1729	648.122	0	
100.677	-68.5566	183.13	0	
101.83	-76.827	197.343	0	
116.036	-81.8979	222.719	0	
120.808	-64.6297	209.49	0	
115.218	-69.1328	210.559	0	
121.556	-61.4824	208.787	0	
159.521	-81.2314	269.356	0	
167.714	-80.4801	277.402	0	
-211.76	-5.76043	300.088	0	
-209.472	-10.7605	305.807	0	
59.9345	-85.0299	155.879	0	
62.1953	-77.8824	131.305	0	
66.4832	-86.044	162.51	0	
67.4234	-92.3734	180.782	0	
79.2599	-96.8529	196.364	0	
83.6298	-93.0969	195.759	0	
117.735	-73.2652	216.171	0	
126.957	-71.6343	222.916	0	
125.78	-59.9057	201.749	0	
121.094	-56.3098	199.796	0	
61.7078	-88.3479	170.741	0	
66.9962	-80.6403	145.127	0	
61.5506	-82.6822	151.365	0	
64.8183	-83.1237	149.269	0	
65.4326	-97.5095	189.18	0	
74.8247	-96.3048	194.383	0	
-4.23777	-67.6235	414.332	0	
6.40501	-60.547	346.801	0	
67.2224	-60.3332	81.4801	0	
66.0844	-56.2941	67.3431	0	
207.94	-43.0764	313.763	0	
216.255	-21.5204	324.725	0	
-100.8	-55.1306	1013.61	0	
-104.856	-56.8636	1020.6	0	
-40.7203	-70.958	612.409	0	
-32.9867	-84.8559	510.96	0	
8.23854	-54.3671	342.235	0	
13.7678	-67.263	284.582	0	
11.8032	-69.9823	300.152	0	
16.8264	-85.9332	280.469	0	
21.8895	-77.1081	236.294	0	
17.8466	-77.9882	271.173	0	
30.1218	-74.5894	199.81	0	
43.8078	-76.2025	148.093	0	
-216.293	-25.9334	310.165	0	
-215.074	-34.6452	322.434	0	
88.8642	-69.3964	157.377	0	
87.0074	-74.1755	158.25	0	
201.563	-57.5535	306.843	0	
202.562	-44.3433	310.276	0	
-218.133	-3.14916	296.443	0	
-11.1318	-69.6999	469.493	0	
-2.71058	-75.8393	391.56	0	
1.77003	-57.1392	396.569	0	
-0.00725574	-63.2179	399.963	0	
8.05128	-63.5748	337.643	0	
12.6891	-73.5279	300.236	0	
-228.391	-1.76888	290.902	0	
-221.672	-1.67517	293.514	0	
2.02095	-66.1542	380.616	0	
5.81357	-66.339	343.21	0	
8.0948	-69.7205	331.569	0	
5.71386	-73.2481	342.196	0	
-236.506	-2.01029	290.258	0	
-228.268	-9.2581	293.843	0	
0.678867	-72.8719	379.622	0	
-3.87863	-84.1301	384.364	0	
-224.613	-6.91269	292.367	0	
-215.277	-17.9744	304.65	0	
-226.081	-13.2403	291.799	0	
-236.058	-16.1751	290.737	0	
147.733	-79.6401	253.717	0	
155.053	-74.6935	257.163	0	
-125.502	-60.203	980.072	0	
-126.7	-87.6275	681.282	0	
-112.506	-71.5788	891.591	0	
-103.467	-64.4754	962.547	0	
-161.501	-49.4731	770.388	0	
-155.403	-44.8565	868.432	0	
-163.606	-53.0303	724.01	0	
-151.122	-58.5316	827.253	0	
133.034	-78.6801	238.535	0	
140.496	-74.7887	243.64	0	
-200.407	-36.6033	371.399	0	
-189.449	-38.9932	440.673	0	
44.3998	-86.8595	180.841	0	
53.0675	-100.884	205.534	0	
-180.438	-36.5744	530.555	0	
-183.204	-29.6616	474.846	0	
80.927	-100.924	210.31	0	
88.2896	-95.1635	205.923	0	
113.839	-76.7042	218.54	0	
122.026	-83.4949	231.257	0	
58.7104	-96.9806	193.753	0	
62.1323	-122.503	246.419	0	
211.023	-21.9093	322.952	0	
215.146	-30.7113	321.32	0	
-92.0382	-67.1183	888.475	0	
-85.9651	-57.2876	918.538	0	
-43.5251	-75.6518	620.925	0	
-33.3095	-79.1577	551.933	0	
-27.6165	-88.9588	481.623	0	
-29.8938	-77.3377	535.971	0	
37.1724	-81.9501	187.515	0	
39.237	-87.9526	191.634	0	
202.149	-61.9968	303.851	0	
210.347	-63.4494	308.076	0	
206.019	-51.2217	310.853	0	
214.683	-36.4846	320.042	0	
-14.9236	-73.8363	472.326	0	
-13.7705	-77.4627	459.171	0	
-16.0579	-81.0207	456.955	0	
-10.6344	-85.6463	414.281	0	
-3.72929	-89.0188	369.772	0	
-8.43985	-81.6454	407.033	0	
-232.26	-3.77917	291.62	0	
-229.772	-17.7638	298.445	0	
-233.153	-41.3564	315.678	0	
144.527	-86.5408	257.078	0	
152.144	-85.9699	264.022	0	
129.535	-81.406	239.415	0	
140.224	-88.7424	257.574	0	
-203.468	-39.7987	364.741	0	
-188.797	-46.8339	447.032	0	
74.194	-104.86	214.216	0	
85.7817	-108.136	221.847	0	
93.2098	-94.8921	209.889	0	
90.006	-82.0576	179.264	0	
66.7755	-107.31	218.408	0	
71.6884	-109.504	218.044	0	
209.497	-37.5489	316.924	0	
224.249	-33.0379	322.518	0	
-40.5602	-79.1085	577.926	0	
-40.4565	-85.3445	536.255	0	
-17.0576	-89.3228	434.87	0	
-14.98	-93.7717	407.923	0	
1.19743	-93.2368	349.418	0	
4.43337	-83.1137	346.078	0	
139.472	-93.1187	256	0	
144.067	-95.1701	266.549	0	
156.145	-88.1173	271.549	0	
159.984	-85.7368	272.013	0	
125.139	-79.5707	230.582	0	
124.284	-88.45	240.381	0	
-208.024	-38.7051	342.963	0	
-204.351	-52.5745	364.969	0	
-201.278	-44.6535	376.807	0	
-204.979	-47.5552	362.944	0	
81.2631	-109.497	225.176	0	
78.5202	-105.402	213.251	0	
88.9615	-111.124	232.598	0	
95.3893	-107.362	230.666	0	
210.384	-47.7526	312.479	0	
216.184	-50.3263	314.592	0	
226.539	-38.2211	321.003	0	
227.971	-28.1174	324.5	0	
-22.8842	-86.7909	475.801	0	
-26.4762	-93.8358	459.815	0	
-14.8284	-102.081	392.373	0	
-9.55789	-102.419	370.297	0	
140.492	-79.5312	247.538	0	
136.822	-86.0678	249.883	0	
156.29	-92.4513	271.847	0	
160.138	-94.7028	277.733	0	
121.359	-94.7743	241.5	0	
132.665	-98.3855	253.498	0	
-209.609	-34.0956	337.892	0	
-217.107	-39.8714	329.761	0	
79.0215	-114.313	231.898	0	
92.2712	-118.637	240.58	0	
101.072	-106.838	235.094	0	
100.946	-101.974	227.091	0	
-31.2211	-96.0179	463.622	0	
-29.0934	-100.639	442.676	0	
-19.5105	-104.421	396.477	0	
-14.91	-113.669	370.01	0	
-1.39471	-106.165	341.153	0	
-0.467124	-97.6686	347.907	0	
168.029	-85.1884	278.788	0	
163.378	-78.583	271.993	0	
85.4521	-128.408	252.456	0	
93.2562	-123.084	250.244	0	
98.8454	-124.474	251.081	0	
102.429	-117.066	243.178	0	
105.386	-112.264	244.911	0	
110.006	-100.848	237.098	0	
101.125	-92.5837	213.584	0	
95.7018	-99.9171	221.839	0	
-229.787	-32.0689	312.207	0	
104.258	-86.8148	212.958	0	
94.537	-84.5419	196.584	0	
-55.1834	-54.3836	686.193	0	
-61.8548	-50.4261	714.309	0	
-67.4678	-55.695	769.721	0	
-60.9135	-61.1864	735.656	0	
-71.9458	-61.7507	810.473	0	
-68.9933	-64.7807	768.065	0	
224.874	-23.4474	325.614	0	
229.918	-3.69747	328.589	0	
196.375	-76.3442	298.265	0	
206.214	-65.046	305.585	0	
-128.754	-70.0259	877.432	0	
-131.492	-76.4065	758.695	0	
-114.12	-76.0198	815.795	0	
-103.629	-73.9719	861.64	0	
-193.463	-48.1669	428.66	0	
-178.898	-50.146	529.918	0	
-193.442	-32.3071	398.703	0	
-183.55	-33.9236	486.628	0	
-195.902	-36.6278	396.867	0	
-187.588	-35.0617	452.862	0	
198.298	-65.7208	302.498	0	
200.079	-71.4059	301.313	0	
215.044	-67.1494	307.587	0	
221.898	-60.0684	310.875	0	
133.932	-93.5639	256.576	0	
138.772	-101.817	265.678	0	
-211.037	-54.9429	350.041	0	
-205.187	-64.803	365.078	0	
70.8717	-118.718	237.648	0	
80.1942	-123.184	244.132	0	
233.805	-39.2764	321.743	0	
226.306	-17.6924	326.996	0	
152.581	-94.557	272.442	0	
159.921	-99.0486	277.477	0	
148.444	-92.6959	264.26	0	
149.125	-100.754	273.2	0	
163.966	-101.686	282.619	0	
168.483	-99.6262	283.018	0	
145.061	-110.486	272.451	0	
156.186	-100.978	277.729	0	
159.511	-107.606	281.072	0	
167.535	-108.991	285.87	0	
150.458	-117.974	277.726	0	
160.436	-116.559	283.659	0	
153.239	-113.117	279.144	0	
163.754	-106.024	281.517	0	
145.651	-117.545	275.579	0	
158.206	-122.176	282.471	0	
157.99	-112.537	280.412	0	
165.739	-114.594	283.939	0	
173.946	-116.19	287.768	0	
172.203	-107.326	286.155	0	
-221.228	-42.0081	319.489	0	
-220.702	-51.2792	327.833	0	
-35.5622	-94.6078	484.636	0	
-38.5137	-98.8042	480.174	0	
-29.1142	-108.742	417.096	0	
-19.7423	-110.084	386.225	0	
-33.7904	-110.883	421.941	0	
-30.2813	-119.229	397.526	0	
-15.1157	-120.544	355.451	0	
-8.55182	-121.946	344.19	0	
-0.333138	-112.891	328.186	0	
11.7224	-110.947	305.583	0	
168.465	-94.7151	283.348	0	
172.759	-69.0756	277.011	0	
99.4118	-129.349	256.128	0	
107.229	-126.507	257.207	0	
236.547	-27.784	324.133	0	
235.003	-7.67965	329.549	0	
-120.068	-76.168	826.209	0	
-113.519	-84.3916	738.129	0	
-118.229	-84.0699	734.061	0	
-121.994	-79.8765	757.045	0	
-111.397	-88.7222	680.922	0	
-104.162	-84.5899	730.953	0	
-119.388	-94.5153	630.052	0	
-97.9431	-101.565	589.288	0	
-105.137	-94.4973	641.756	0	
-98.2398	-84.7848	739.022	0	
-194.326	-53.2742	412.562	0	
-190.366	-55.9466	446.58	0	
196.001	-82.9476	298.334	0	
214.717	-72.9894	306.465	0	
208.963	-75.1018	303.937	0	
225.202	-76.3412	307.212	0	
228.17	-57.5144	314.276	0	
221.965	-47.1642	317.477	0	
64.5293	-117.801	232.715	0	
66.6032	-127.234	247.239	0	
235.12	-45.7768	316.246	0	
183.315	-103.219	291.755	0	
172.814	-92.1927	284.611	0	
140.307	-123.507	274.903	0	
151.049	-129.259	280.008	0	
157.639	-132.227	284.515	0	
168.503	-118.035	286.899	0	
176.728	-120.42	289.401	0	
184.697	-114.596	291.946	0	
-225.339	-39.3134	317.353	0	
-229.124	-42.4986	315.628	0	
-224.604	-33.7215	311.587	0	
-231.765	-27.8156	304.076	0	
-236.667	-45.0326	315.484	0	
-235.518	-49.6465	318.964	0	
-237.397	-57.1358	321.851	0	
-232.847	-58.4952	321.582	0	
-234.55	-36.5187	310.271	0	
-226.559	-64.3233	327.059	0	
-224.22	-56.1708	326.107	0	
-225.936	-70.6714	327.107	0	
-211.251	-61.434	350.176	0	
-216.656	-64.3548	338.581	0	
-215.282	-50.5402	338.423	0	
-36.1875	-88.3228	530.088	0	
-43.9452	-88.6201	554.264	0	
-48.9886	-85.5181	581.486	0	
-54.9244	-101.585	520.584	0	
-51.6028	-78.468	645.135	0	
-70.7615	-86.9093	650.329	0	
-52.6642	-89.684	583.555	0	
-58.4686	-86.4613	609.433	0	
-45.3009	-102.398	493.701	0	
-42.7856	-109.594	451.682	0	
-32.335	-124.593	385.375	0	
-22.5567	-127.833	360.716	0	
-20.4162	-122.586	367.001	0	
-19.8598	-140.284	343.793	0	
1.90639	-128.493	318.409	0	
6.34372	-115.788	311.582	0	
19.3138	-113.12	280.633	0	
22.9926	-100.199	260.206	0	
176.314	-84.6654	284.473	0	
190.052	-73.7212	295.429	0	
95.5118	-132.295	256.858	0	
103.255	-136.656	261.184	0	
-136.642	-88.3993	654.505	0	
-123.089	-99.8996	589.772	0	
-118.554	-111.944	489.168	0	
-110.411	-98.5959	605.665	0	
-190.239	-60.5885	432.125	0	
-186.34	-62.5262	462.174	0	
55.1988	-108.399	220.338	0	
47.334	-110.855	232.974	0	
65.0466	-132.412	255.593	0	
72.6923	-137.76	257.152	0	
189.765	-86.72	294.311	0	
176.101	-79.7475	284.981	0	
178.626	-94.176	289.06	0	
180.475	-86.5851	290.011	0	
172.076	-137.224	288.303	0	
175.727	-130.597	289.579	0	
172.649	-126.068	288.252	0	
182.654	-129.092	290.66	0	
193.805	-118.407	293.879	0	
190.021	-101.846	293.715	0	
-50.2939	-99.3889	509.987	0	
-54.5041	-106.61	491.687	0	
-59.7751	-109.532	485.45	0	
-48.8683	-122.221	423.978	0	
-66.6166	-101.584	546.136	0	
-75.2809	-125.851	438.289	0	
-57.8698	-114.623	461.707	0	
-56.131	-124.135	426.308	0	
-43.3435	-114.502	435.101	0	
-34.4893	-115.743	408.161	0	
-48.1808	-117.158	430.83	0	
-44.6987	-124.524	406.435	0	
-44.9947	-131.117	391.583	0	
-29.2933	-128.447	372.459	0	
-49.6048	-135.082	397.771	0	
-31.537	-134.228	368.847	0	
-37.2109	-126.067	389.999	0	
-39.8485	-131.698	386.717	0	
180.176	-75.2718	287.736	0	
189.427	-66.8961	295.958	0	
90.9926	-128.268	250.903	0	
82.4403	-133.553	253.735	0	
-199.698	-61.3323	385.779	0	
-194.822	-63.6534	406.419	0	
-180.998	-68.9915	473.246	0	
-169.685	-59.4165	605.113	0	
-198.03	-77.6388	380.108	0	
-189.612	-69.5717	424.588	0	
-182.733	-74.6383	450.873	0	
-169.736	-74.3761	525.431	0	
-198.41	-71.9491	380.591	0	
-180.046	-83.6189	441.039	0	
58.772	-133.675	255.965	0	
57.926	-140.818	262.925	0	
75.9725	-143.128	261.378	0	
86.0033	-138.742	259.461	0	
182.36	-91.2011	289.903	0	
185.177	-77.4744	292.402	0	
185.872	-133.124	292.149	0	
198.652	-130.073	294.161	0	
-40.1812	-142.925	363.795	0	
-204.199	-70.7973	367.244	0	
-219.247	-71.4593	334.031	0	
-193.467	-79.4311	391.893	0	
-192.669	-85.6651	382.549	0	
187.945	-91.5408	293.538	0	
185.263	-83.8699	291.86	0	
192.242	-95.7672	294.958	0	
211.034	-96.5276	299.629	0	
183.844	-138.281	291.106	0	
188.099	-141.81	292.401	0	
190.517	-123.702	293.173	0	
193.877	-129.658	293.446	0	
-204.285	-81.5074	359.308	0	
-208.283	-76.389	351.679	0	
176.976	-140.876	290.245	0	
165.637	-158.273	287.528	0	
193.325	-150.041	293.156	0	
202.223	-139.572	294.014	0	
208.326	-117.762	296.484	0	
194.009	-107.38	294.444	0	
202.235	-134.565	294.729	0	
206.496	-131.459	295.034	0	
190.289	-155.002	291.948	0	
197.839	-142.058	293.829	0	
207.34	-142.472	294.741	0	
214.841	-130.2	295.927	0	
214.053	-125.154	296.343	0	
198.038	-147.767	293.109	0	
203.255	-151.495	294.254	0	
224.47	-149.795	295.772	0	
230.736	-132.431	296.402	0	
220.054	-132.972	295.874	0	
224.512	-130.067	296.476	0	
221.583	-114.696	297.973	0	
216.871	-117.305	297.378	0	
218.22	-138.94	295.794	0	
216.538	-152.925	294.911	0	
212.112	-109.424	297.795	0	
212.359	-114.638	297.338	0	
216.712	-106.733	298.91	0	
200.798	-108.476	296.362	0	
235.211	-128.309	296.912	0	
231.727	-120.706	297.778	0	
225.447	-119.501	297.307	0	
234.391	-108.338	299.164	0	
223.952	-99.1289	300.559	0	
205.569	-105.766	297.606	0	
218.077	-85.2877	303.08	0	
200.534	-86.6437	298.911	0	
-168.282	-51.6119	680.451	0	
-164.85	-60.8709	662.887	0	
-168.526	-46.2214	695.39	0	
-175.685	-54.4268	562.725	0	
-180.264	-56.7255	509.163	0	
-177.409	-64.906	510.355	0	
47.2405	-91.5078	187.468	0	
36.0098	-95.1344	219.43	0	
-94.7198	-90.319	671.221	0	
-99.4903	-95.5867	636.635	0	
207.247	-82.8939	301.783	0	
219.474	-77.8814	305.111	0	
230.716	-81.4854	306.017	0	
233.799	-60.4566	313.502	0	
-232.264	-72.0346	324.56	0	
-220.671	-84.6079	329.035	0	
-229.561	-85.1144	322.871	0	
-76.5469	-91.8735	637.351	0	
-65.0304	-107.944	508.146	0	
-148.52	-99.4271	501.6	0	
-129.836	-97.7891	593.066	0	
-109.285	-117.659	489.422	0	
-102.055	-113.261	510.688	0	
-71.1869	-112.903	492.273	0	
-90.0471	-109.347	529.013	0	
56.6107	-126.602	252.969	0	
42.3951	-132.753	262.707	0	
52.1826	-152.141	266.895	0	
73.9487	-150.936	263.481	0	
96.7584	-157.343	263.59	0	
-12.7584	-146.83	333.543	0	
-26.8526	-140.353	353.358	0	
-197.583	-90.7182	362.815	0	
-190.16	-99.9523	368.258	0	
182.87	-149.253	291.325	0	
176.331	-147.078	289.528	0	
172.226	-150.59	289.665	0	
166.119	-152.109	286.231	0	
232.199	-139.104	295.998	0	
224.993	-92.3852	301.502	0	
204.738	-99.2325	298.299	0	
211.604	-88.1878	301.384	0	
-79.1077	-101.994	559.431	0	
-83.8601	-88.6601	673.662	0	
-104.127	-106.463	549.106	0	
-84.1911	-113.445	502.766	0	
231.905	-90.1231	301.419	0	
232.928	-67.3105	308.927	0	
-235.153	-100.495	319.267	0	
-73.8667	-98.5372	580.34	0	
-78.014	-110.001	520.601	0	
-143.835	-112.199	463.659	0	
-135.928	-100.967	517.616	0	
67.0337	-151.799	263.316	0	
60.1872	-157.015	265.242	0	
85.7917	-148.352	263.284	0	
79.896	-154.246	262.963	0	
-204.636	-88.3528	351.592	0	
-216.755	-91.1283	330.52	0	
-180.79	-108.198	375.208	0	
-169.114	-94.812	442.901	0	
234.766	-154.252	295.135	0	
-94.8185	-114.743	507.179	0	
-90.4075	-123.612	459.829	0	
-153.212	-95.712	504.85	0	
-160.111	-103.062	442.551	0	
-152.648	-89.941	542.873	0	
-162.4	-87.502	512.049	0	
-171.062	-101.203	420.357	0	
-154.132	-125.608	395.287	0	
-147.257	-87.4676	592.348	0	
-159.078	-69.8379	663.367	0	
-166.819	-83.4565	502.207	0	
-174.343	-91.5075	438.923	0	
-188.087	-107.74	365.06	0	
-169.106	-117.513	381.17	0	
-164.807	-112.636	403.107	0	
-162.846	-125.636	379.05	0	
-142.149	-91.0922	571.091	0	
-136.299	-79.5115	711.183	0	
-155.922	-79.9144	604.062	0	
-146.285	-80.1409	662.684	0	
-165.282	-77.598	558.12	0	
-178.02	-77.6312	467.797	0	
-179.74	-95.6594	407.82	0	
-177.255	-102.027	402.917	0	
-168.682	-68.8211	579.568	0	
-159.584	-75.719	596.284	0	
-150.436	-70.2505	732.684	0	
-150.396	-76.6898	651.971	0	
-163.723	-66.1619	618.143	0	
-156.943	-61.2389	757.338	0	
4.0393	-135.287	312.057	0	
16.8143	-134.549	291.69	0	
21.7029	-120.836	280.238	0	
39.1348	-105.873	238.022	0	
-56.5715	-130.403	403.946	0	
-58.8471	-144.731	392.148	0	
32.9113	-131.275	273.079	0	
30.0644	-143.991	277.297	0	
39.7396	-145.08	276.594	0	
43.1309	-152.732	270.468	0	
-17.8076	-133.545	347.946	0	
-0.792655	-142.871	322.182	0	
-201.915	-103.752	342.479	0	
-208.193	-100.786	337.109	0	
-195.38	-113.759	341.69	0	
-177.528	-115.35	377.009	0	
-147.792	-130.387	392.369	0	
-145.206	-118.714	421.241	0	
-7.09513	-141.962	326.131	0	
3.83207	-151.095	309.555	0	
26.9925	-136.955	284.05	0	
28.5708	-123.246	273.149	0	
33.6997	-117.03	258.152	0	
43.6883	-118.204	250.334	0	
-61.4535	-152.583	382.126	0	
11.6862	-147.857	300.471	0	
-213.681	-123.666	320.226	0	
-196.486	-121.298	335.283	0	
-209.756	-92.919	340.579	0	
-221.507	-98.0746	324.568	0	
-148.855	-140.2	371.416	0	
-120.113	-140.362	399.303	0	
-10.5306	-156.886	330.01	0	
-225.063	-120.733	314.212	0	
-229.742	-93.9169	323.166	0	
-227.866	-110.41	319.738	0	
20.3929	-150.975	293.124	0	
-191.531	-133.532	332.036	0	
-183.845	-136.348	338.351	0	
-210.479	-140.109	316.792	0	
-168.466	-148.927	346.769	0	
-168.192	-131.306	358.824	0	
-160.541	-141.091	368.113	0	
-141.767	-158.476	369.756	0	
-130.427	-139.501	395.05	0	
-117.835	-130.274	428.235	0	
-31.6268	-154.22	351.556	0	
-188.144	-153.55	336.583	0	
-200.977	-142.7	319.679	0	
-222.784	-146.807	313.4	0	
-226.421	-157.752	313.349	0	
