# File: UnstructuredGrid_Inversion_L1_Medium_Iter04.dat
# (No specific header documentation)

-161.667	-0.496475	227.897	0	
-159.665	-0.669672	253.321	0	
-65.3125	-0.183316	205.731	0	
30.9375	-0.18026	210.441	0	
-142.173	-103	436.562	0	
126.667	-0.301598	192.712	0	
31.6003	-0.495982	210.413	0	
-162.017	-58.7566	571.42	0	
-64.8958	-0.422952	202.807	0	
-119.636	-2.41546	174.624	0	
-137.294	-40.2127	896.86	0	
-144.56	-1.62984	213.973	0	
-158.741	-19.8395	642.567	0	
-159.808	-14.2913	517.812	0	
-114.835	-1.50691	171.202	0	
-94.2879	-47.7001	888.796	0	
-65.5658	-2.92429	214.409	0	
-138.584	-1.50151	191.429	0	
-156.794	-6.05848	300.861	0	
-149.993	-0.731718	247.593	0	
-145.794	-2.38805	226.614	0	
-147.07	-1.63919	233.26	0	
-125.975	-2.63671	186.413	0	
-154.094	-4.85908	270.766	0	
-157.708	-2.01633	259.558	0	
-151.071	-10.8319	459.67	0	
-154.792	-2.72654	255.472	0	
-158.723	-3.45423	255.813	0	
125.312	-0.215758	190.959	0	
-23.3864	-2.41546	218.538	0	
-157.76	-5.35468	280.522	0	
-46.9389	-1.81887	204.514	0	
-157.292	-2.72654	257.278	0	
-160.13	-11.9534	453.063	0	
-18.5848	-1.50691	223.133	0	
-151.484	-2.43144	245.062	0	
29.6649	-1.2602	200.724	0	
-42.3274	-1.09646	205.058	0	
-169.22	-2.04966	359.631	0	
-54.0191	-0.953828	205.632	0	
-165.6	-1.76839	315.428	0	
-167.3	-0.925681	307.568	0	
-62.2993	-2.25256	212.357	0	
-171.389	-5.89642	383.334	0	
-61.0751	-2.94813	216.993	0	
-164.269	-10.8597	424.998	0	
-59.8185	-2.29662	212.191	0	
-68.125	-0.721791	203.488	0	
-64.8157	-1.67984	206.678	0	
-88.7351	-0.737194	176.465	0	
-157.849	-0.895475	265.351	0	
-157.074	-0.584888	265.489	0	
-80.9953	-1.43803	187.255	0	
-157.641	-0.463959	271.041	0	
-70.3125	-0.168989	200.438	0	
78.9296	-0.274425	239.341	0	
-154.583	-0.301598	292.717	0	
55.1796	-0.274425	238.701	0	
-153.125	-0.165467	273.698	0	
-150.622	-0.734698	249.615	0	
38.1265	-1.78274	225.107	0	
-153.542	-0.898582	270.615	0	
50.3897	-1.70135	225.874	0	
-155.625	-0.165467	272.048	0	
72.7055	-2.50699	236.638	0	
-162.583	-1.33918	203.479	0	
-60.2148	-1.54861	210.523	0	
-149.688	-0.177641	246.443	0	
-154.792	-1.40127	262.904	0	
31.0036	-4.54143	201.165	0	
-148.472	-0.479985	253.061	0	
31.5293	-3.10604	203.275	0	
-147.188	-0.215758	234.44	0	
-146.562	-0.183316	232.708	0	
36.6667	-0.301598	223.107	0	
33.1293	-2.25839	211.599	0	
-144.735	-0.476056	217.543	0	
28.125	-0.721791	198.359	0	
-138.743	-0.731718	190.897	0	
-139.372	-0.734698	190.4	0	
25.9375	-0.168989	195.081	0	
-143.847	-0.423952	210.32	0	
33.6831	-1.40075	216.706	0	
-144.113	-1.62659	211.573	0	
34.1667	-0.301598	216.073	0	
9.375	-0.239636	173.807	0	
-137.277	-0.272934	175.328	0	
183.782	-3.55475	293.183	0	
-136.25	-0.477527	178.303	0	
-136.042	-0.909044	179.736	0	
135.49	-1.6732	208.916	0	
-136.562	-0.279535	176.679	0	
149.04	-2.26571	227.152	0	
132.818	-3.87955	221.305	0	
-131.743	-2.19808	187.744	0	
128.962	-2.25783	204.185	0	
-123.426	-1.29981	170.589	0	
-129.062	-0.217085	163.283	0	
129.167	-0.301598	188.196	0	
-131.138	-0.338711	181.552	0	
132.746	-0.42622	204.472	0	
-130.11	-0.478991	179.055	0	
141.667	-0.301598	222.115	0	
-138.438	-0.177641	191.017	0	
15.4237	-1.85974	180.875	0	
128.68	-1.40666	199.314	0	
-120.625	-0.239636	168.68	0	
120.312	-0.215758	180.673	0	
-122.188	-0.215758	162.451	0	
-121.146	-0.422952	164.118	0	
111.438	-2.41537	173.89	0	
-122.707	-0.767958	165.695	0	
123.125	-0.721791	185.742	0	
-116.875	-0.721791	164.786	0	
-118.645	-0.747092	167.934	0	
-133.142	-2.65564	201.333	0	
-115.938	-0.180399	165.292	0	
-114.688	-0.172252	166.763	0	
-127.74	-0.250876	168.384	0	
-114.989	-0.734618	167.768	0	
-119.062	-0.168989	166.639	0	
-118.646	-0.409544	167.402	0	
100.312	-0.215758	160.149	0	
-93.5786	-0.248238	172.472	0	
-112.812	-0.289741	171.644	0	
-103.579	-0.248238	172.694	0	
-111.509	-0.241641	163.29	0	
-103.543	-1.03746	172.696	0	
-113.826	-2.2992	180.173	0	
-112.483	-0.497066	166.586	0	
-111.127	-1.1915	168.126	0	
-112.146	-1.60681	174.183	0	
-107.812	-0.18026	167.479	0	
-141.372	-1.34057	199.126	0	
-104.308	-0.463996	171.393	0	
-94.7178	-1.24107	176.273	0	
-143.224	-1.53667	205.159	0	
-105.207	-0.767958	169.008	0	
-110.439	-0.59637	165.813	0	
-107.745	-0.910268	168.737	0	
-108.854	-0.449365	170.212	0	
-113.536	-0.268621	171.082	0	
-101.279	-4.85408	213.334	0	
-128.717	-0.416674	162.78	0	
127.764	-1.50556	196.658	0	
-102.705	-1.03334	172.549	0	
42.9167	-0.301598	233.979	0	
-129.701	-0.309596	161.545	0	
-101.974	-0.445797	169.145	0	
-133.642	-0.790864	184.35	0	
-99.8074	-0.233592	167.031	0	
-101.602	-0.997079	169.64	0	
-91.1261	-2.20771	183.922	0	
-134.997	-0.36308	178.438	0	
-95.2072	-0.767958	173.523	0	
-149.893	-1.46076	245.05	0	
-73.3158	-1.84152	198.919	0	
-92.7055	-1.03334	174.288	0	
-149.053	-2.90591	246.672	0	
-94.3077	-0.463996	175.988	0	
-152.15	-0.495739	254.215	0	
-93.5432	-1.03746	174.037	0	
-135.536	-1.82876	184.879	0	
-149.663	-1.88879	244.059	0	
-89.0749	-1.40842	179.587	0	
-147.269	-1.98384	235.056	0	
-81.6602	-2.00373	191.458	0	
-86.5625	-0.298189	181.716	0	
-145.625	-0.239636	235.189	0	
-88.4375	-0.168113	175.61	0	
-146.146	-0.422952	226.599	0	
-156.042	-2.01633	260.182	0	
-82.1875	-0.180422	185.599	0	
-150.31	-0.184751	251.643	0	
-79.7864	-0.268605	194.385	0	
-73.0618	-0.893533	198.91	0	
-153.542	-2.01633	254.931	0	
-80.9375	-0.172232	182.629	0	
-155.208	-2.01633	262.719	0	
-86.2355	-0.506938	176.457	0	
-156.099	-0.451863	274.555	0	
-91.9743	-0.445797	171.356	0	
-139.06	-0.184751	189.431	0	
-158.401	-0.895475	260.603	0	
-72.2957	-0.964703	200.23	0	
-20.625	-0.721791	218.757	0	
-73.0618	-0.462016	196.238	0	
-71.3542	-0.449365	198.774	0	
-22.8125	-0.168989	214.629	0	
-74.4782	-0.843472	202.148	0	
-158.542	-2.01633	250.271	0	
-31.6024	-0.997079	202.322	0	
-70.3118	-0.938054	200.397	0	
2.67144	-0.248238	186.577	0	
-67.495	-0.726698	205.702	0	
30.3565	-1.82452	202.381	0	
-13.5751	-1.74918	220.261	0	
-64.5833	-0.239636	207.429	0	
-9.01532	-3.54077	201.365	0	
-65.625	-0.399074	206.213	0	
-36.7915	-3.20198	210.389	0	
-17.5757	-2.2992	213.15	0	
-63.2214	-0.445807	202.743	0	
-15.5481	-1.82568	214.651	0	
-60.7541	-0.227788	213.735	0	
-59.8159	-0.89185	207.28	0	
-14.3725	-0.734698	229.701	0	
-62.2935	-0.795706	209.114	0	
-13.6493	-0.785793	231.611	0	
-46.8202	-0.457987	201.005	0	
-58.0691	-0.458503	204.521	0	
-33.5786	-0.248238	201.48	0	
-54.7466	-0.480511	204.235	0	
-53.7066	-0.677978	204.51	0	
-42.1861	-1.60565	205.577	0	
-55.79	-0.584531	204.052	0	
-41.4513	-2.50423	209.643	0	
-59.3859	-1.52914	207.872	0	
-44.543	-0.578207	202.428	0	
-62.7581	-1.02632	205.555	0	
-7.08333	-0.301598	209.769	0	
-79.0625	-0.289782	194.197	0	
-152.641	-0.463959	262.521	0	
-39.2993	-1.90103	198.992	0	
-51.9306	-0.44608	203.932	0	
-57.2998	-0.881983	203.085	0	
-49.6875	-0.215758	197.986	0	
-48.1383	-1.0485	200.899	0	
-55.5625	-1.57764	206.136	0	
-48.9611	-1.53597	201.354	0	
-38.1225	-0.734698	195.834	0	
-43.3484	-1.51882	204.668	0	
-41.4154	-0.428792	206.588	0	
-51.1766	-0.872269	202.334	0	
-42.3212	-0.367768	204.719	0	
-40.5508	-0.537708	198.281	0	
-52.2888	-1.57505	206.327	0	
-43.0114	-0.763747	201.243	0	
-54.5472	-1.808	207.592	0	
-48.1294	-1.52584	201.519	0	
-54.1626	-3.10066	217.83	0	
-61.0244	-1.09769	209.676	0	
-38.4426	-0.916578	197.724	0	
-63.1303	-1.78642	206.76	0	
-33.5432	-1.03746	201.112	0	
-34.3077	-0.895512	204.91	0	
-55.4431	-2.18127	208.265	0	
-38.7887	-0.749484	196.808	0	
-61.4738	-2.24715	213.666	0	
-57.7774	-1.57802	205.437	0	
-25.7781	-1.85649	210.23	0	
-63.9809	-1.80287	206.262	0	
-31.9743	-0.445797	200.994	0	
-24.7917	-1.33328	208.612	0	
-68.8542	-0.421	201.218	0	
-32.7055	-1.03334	198.484	0	
-64.0063	-0.939704	205.722	0	
-34.3077	-0.463996	195.597	0	
-59.0416	-2.28801	210.919	0	
-39.4815	-0.881992	198.915	0	
-51.5188	-1.09172	203.487	0	
-72.3431	-2.42381	202.541	0	
-25.9375	-0.215758	208.484	0	
-70.4331	-2.41216	204.768	0	
-22.3958	-0.409544	214.287	0	
-22.8118	-0.938054	214.835	0	
-69.1859	-1.83675	203.667	0	
-23.8542	-0.449365	215.137	0	
-67.4855	-1.48918	205.741	0	
-78.0498	-0.453145	193.487	0	
-19.6875	-0.180399	232.019	0	
-81.2386	-0.73463	183.871	0	
-17.2863	-0.268621	231.408	0	
-16.5625	-0.289741	231.956	0	
94.0062	-2.61431	187.224	0	
-18.4375	-0.172252	224.78	0	
-91.9643	-1.83306	178.286	0	
-18.7386	-0.734618	227.329	0	
-75.7877	-0.57512	191.531	0	
82.9303	-2.91246	211.614	0	
-15.0387	-0.749484	228.093	0	
101.468	-2.26923	173.424	0	
-12.8544	-0.545772	233.678	0	
-11.5625	-0.18026	226.355	0	
82.6926	-0.233592	206.406	0	
-7.29167	-1.40127	213.265	0	
89.1667	-0.301598	203.086	0	
81.9635	-0.416907	222.093	0	
-8.4375	-0.215758	218.056	0	
72.8125	-0.215758	260.946	0	
-5.625	-0.399074	214.28	0	
-4.99501	-0.72475	211.835	0	
65.6204	-3.39114	240.643	0	
0.324114	-1.29981	196.632	0	
75.625	-0.721791	249.057	0	
-8.95725	-0.767958	215.796	0	
80.701	-1.8827	225.176	0	
-15.3512	-0.997684	220.634	0	
99.8958	-0.449365	172.952	0	
-26.4572	-0.767958	208.215	0	
-67.8125	-0.180456	203.218	0	
-52.8427	-0.236598	202.184	0	
-37.3993	-0.785793	198.36	0	
-137.446	-1.87318	188.788	0	
-6.35417	-0.517356	216.327	0	
-3.64191	-0.790856	208.339	0	
62.9167	-0.301598	254.924	0	
2.70677	-1.03746	190.691	0	
1.04275	-0.767958	197.278	0	
58.8211	-2.07882	238.256	0	
59.1667	-0.301598	235.115	0	
1.94227	-0.463996	194.483	0	
58.1275	-0.734698	233.744	0	
4.375	-0.399074	190.29	0	
4.0625	-0.215758	189.485	0	
51.875	-0.721791	222.546	0	
22.9719	-1.85649	184.023	0	
57.5656	-2.40113	234.653	0	
8.125	-0.399074	176.901	0	
65.8437	-1.76803	244.253	0	
43.0496	-3.52919	218.639	0	
7.8125	-0.215758	176.529	0	
41.6158	-1.93378	223.671	0	
10.625	-0.399074	171.902	0	
10.3125	-0.215758	171.188	0	
44.8679	-1.53103	228.708	0	
14.5041	-1.93261	180.744	0	
50.1042	-0.409544	220.417	0	
45.7107	-1.53918	226.969	0	
15.9375	-0.18026	173.95	0	
40.6743	-1.79322	222.881	0	
22.19	-0.184751	175.885	0	
18.125	-0.399074	180.179	0	
33.5473	-2.48924	212.223	0	
16.6003	-0.495982	172.723	0	
39.5598	-1.45463	225.405	0	
14.7928	-0.767958	177.451	0	
44.4857	-2.3302	226.096	0	
23.9513	-1.02926	184.396	0	
49.6875	-0.168989	224.966	0	
37.2758	-2.2474	222.44	0	
21.8775	-0.734698	177.52	0	
35.625	-0.399074	222.13	0	
24.8958	-0.449365	193.143	0	
31.213	-0.478752	210.909	0	
35.2642	-1.50556	219.298	0	
22.8125	-0.177641	184.309	0	
38.6811	-1.41002	228.483	0	
28.7645	-1.48918	197.131	0	
29.6907	-0.18999	198.027	0	
28.4375	-0.180456	198.531	0	
125.356	-1.82452	188.898	0	
32.407	-0.851049	214.293	0	
25.8169	-2.41216	194.695	0	
28.755	-0.726698	198.05	0	
23.9507	-2.39955	186.371	0	
25.9382	-0.938054	197.854	0	
27.3958	-0.421	200.136	0	
20.9375	-0.905095	180.682	0	
36.1797	-1.40666	223.053	0	
4.37253	-1.77427	189.795	0	
42.6991	-1.10167	230.662	0	
38.125	-0.399074	230.938	0	
14.3761	-0.735515	176.553	0	
35.3125	-0.215758	222.816	0	
17.8125	-0.215758	174.793	0	
151.875	-0.165467	240.307	0	
40.224	-0.233592	232.755	0	
149.638	-0.895475	230.395	0	
53.3398	-2.00366	234.547	0	
43.5448	-1.05871	232.315	0	
149.057	-1.4048	230.494	0	
41.5625	-0.180445	232.421	0	
145.175	-1.74918	230.05	0	
38.8542	-0.484914	234.166	0	
154.375	-0.721791	222.165	0	
32.8125	-0.215758	218.338	0	
27.0641	-1.83675	196.693	0	
44.0518	-0.454794	238.76	0	
41.9525	-0.892934	231.108	0	
143.201	-1.8827	225.569	0	
47.0541	-1.61996	228.457	0	
138.75	-0.727521	222.392	0	
48.6458	-0.449365	227.6	0	
49.6882	-0.938054	223.387	0	
136.667	-0.301598	212.803	0	
46.326	-0.426248	229.55	0	
144.378	-0.734698	230.594	0	
140.625	-0.399074	222.397	0	
52.8125	-0.180399	232.556	0	
135.628	-0.734698	212.902	0	
77.0898	-2.00366	232.247	0	
55.6479	-1.27135	229.52	0	
130.224	-0.233592	215.508	0	
54.0625	-0.172252	228.312	0	
134.595	-2.96257	216.958	0	
55.6479	-1.63791	231.149	0	
135.765	-3.40943	218.495	0	
121.354	-0.422952	186.694	0	
57.4613	-0.749484	232.12	0	
61.9525	-0.892934	241.489	0	
62.6991	-1.10167	246.954	0	
61.5625	-0.180445	241.146	0	
117.755	-1.43797	179.234	0	
57.8074	-0.916578	229.727	0	
123.764	-1.48918	185.451	0	
120.238	-1.52447	181.65	0	
69.3055	-1.84173	242.982	0	
115.625	-0.721791	173.324	0	
64.0625	-0.215758	254.157	0	
71.453	-0.994627	265.434	0	
113.438	-0.168989	165.126	0	
64.375	-0.399074	243.464	0	
121.875	-0.239636	174.159	0	
69.396	-0.731827	251.301	0	
123.438	-0.180456	186.225	0	
90.8976	-0.997079	192.093	0	
130.674	-1.79322	206.453	0	
106.562	-0.215758	160.587	0	
70.0586	-0.798874	255.747	0	
-116.236	-1.48918	170.381	0	
77.5163	-2.76254	227.394	0	
73.4375	-0.183316	262.217	0	
-122.037	-2.07485	172.534	0	
72.3958	-0.449365	252.541	0	
-117.604	-0.421	164.883	0	
-119.183	-2.41216	176.894	0	
76.5625	-0.180399	249.165	0	
-123.75	-0.727521	169.239	0	
124.665	-1.2602	185.401	0	
79.3518	-1.29912	235.771	0	
-125.104	-0.420973	171.506	0	
77.8125	-0.172252	232.781	0	
-117.936	-1.83675	172.303	0	
78.9507	-1.08866	236.841	0	
-116.562	-0.180456	163.561	0	
-87.2933	-0.265258	182.811	0	
81.2113	-0.749484	228.237	0	
-90.7716	-1.10409	174.58	0	
84.375	-0.399074	218.059	0	
84.0625	-0.215758	216.05	0	
-92.2898	-1.64384	178.576	0	
88.9583	-1.40127	193.941	0	
-98.6052	-2.65328	185.812	0	
-98.2243	-0.445797	174.804	0	
87.8125	-0.215758	190.812	0	
-110.539	-2.58463	186.252	0	
89.7945	-1.03334	196.403	0	
90.5257	-0.445797	195.403	0	
-94.3077	-0.895512	172.871	0	
97.3536	-1.29758	172.831	0	
-98.9555	-1.03334	173.368	0	
87.2928	-0.767958	201.896	0	
-91.2709	-0.429517	172.212	0	
80.8988	-0.997684	227.352	0	
-94.0977	-1.76179	178.313	0	
100.627	-1.78303	176.043	0	
145.101	-0.785793	235.392	0	
-100.537	-0.416907	169.607	0	
92.6926	-0.233592	169.047	0	
-105.616	-1.60413	169.631	0	
96.8775	-0.734698	168.098	0	
98.4292	-1.56866	170.789	0	
-107.224	-0.298492	167.055	0	
-104.308	-0.895512	171.238	0	
117.09	-2.00366	181.521	0	
-109.583	-0.233607	169.132	0	
105.208	-1.33328	167.087	0	
104.375	-0.399074	162.993	0	
-111.615	-2.05146	178.569	0	
100.938	-0.183316	159.433	0	
-108.512	-1.52447	171.293	0	
97.8125	-0.177641	162.221	0	
-113.689	-1.86819	177.899	0	
-140.312	-0.905095	194.95	0	
111.451	-1.02926	163.397	0	
-133.992	-1.51379	184.836	0	
109.378	-0.734698	163.027	0	
110.312	-0.177641	162.458	0	
-121.875	-0.399074	165.425	0	
107.188	-0.183316	160.431	0	
-139.991	-1.49188	193.932	0	
-126.689	-0.596453	169.714	0	
113.854	-0.409544	165.347	0	
-131.504	-1.31367	180.117	0	
118.936	-1.00197	174.811	0	
116.562	-0.180399	172.131	0	
-134.801	-1.40044	182.408	0	
113.438	-0.938054	166.602	0	
-131.909	-0.738602	175.609	0	
112.396	-0.449365	165.9	0	
-128.638	-1.50314	167.862	0	
104.062	-0.215758	161.281	0	
-109.791	-0.949202	168.433	0	
-150.942	-0.916251	247.513	0	
119.896	-0.449365	183.544	0	
-139.323	-2.52441	199.026	0	
120.938	-0.183316	180.186	0	
126.458	-1.40127	193.159	0	
-140	-0.727521	195.292	0	
125.625	-0.399074	187.912	0	
-150.723	-2.05468	244.685	0	
-145.374	-2.33661	222.946	0	
172.314	-2.47004	230.323	0	
-19.9855	-1.48918	222.056	0	
128.854	-0.484914	196.891	0	
131.255	-0.730392	206.644	0	
-24.7993	-2.39955	213.822	0	
128.125	-0.399074	193.719	0	
-21.3542	-0.421	219.068	0	
123.755	-0.726698	185.053	0	
-145.203	-1.05643	221.502	0	
-22.9331	-2.41216	218.555	0	
131.562	-0.180445	205.809	0	
-27.5	-0.727521	210.006	0	
134.269	-0.881992	205.026	0	
134.649	-0.997684	208.814	0	
-28.8542	-0.420973	212.858	0	
139.504	-1.93261	221.657	0	
-21.6859	-1.83675	218.635	0	
8.85417	-0.422952	176.882	0	
141.458	-1.40127	220.498	0	
5.10417	-0.422952	189.902	0	
140.312	-0.215758	226.446	0	
155.84	-2.00366	213.755	0	
4.01419	-1.50556	189.357	0	
139.793	-0.767958	223.306	0	
-2.24384	-2.61431	197.788	0	
134.961	-0.749484	207.999	0	
2.15229	-1.76179	194.033	0	
131.998	-0.887116	205.04	0	
-20.3125	-0.180456	216.565	0	
117.812	-0.172252	177.395	0	
-134.057	-0.186201	182.01	0	
-1.43068	-1.37109	196.609	0	
143.399	-0.997684	226.985	0	
-13.1967	-3.12823	209.412	0	
150.613	-1.26514	240.175	0	
145.896	-0.545772	246.172	0	
1.94227	-0.895512	197.045	0	
143.711	-0.749484	228.975	0	
-2.84913	-0.556858	206.341	0	
-4.99747	-0.365196	211.046	0	
149.846	-0.463959	239.456	0	
-9.30433	-1.62119	213.316	0	
151.599	-0.895475	238.855	0	
157.255	-0.454315	224.107	0	
-17.4388	-1.86819	215.273	0	
154.04	-1.99481	219.569	0	
-10.8999	-0.495739	229.08	0	
148.128	-0.734698	231.631	0	
-5.26829	-2.31202	204.711	0	
-12.2917	-2.01633	219.299	0	
156.32	-0.373341	221.656	0	
-14.8145	-1.411	221.761	0	
158.958	-1.16463	172.328	0	
160	-0.496475	158.472	0	
-14.06	-0.184751	230.537	0	
157.922	-0.268621	174.451	0	
-12.251	-0.990146	226.955	0	
-43.5749	-1.17545	203.549	0	
158.441	-2.68005	180.532	0	
-25.625	-0.399074	208.565	0	
164.35	-1.76839	174.445	0	
166.05	-0.925681	192.957	0	
-32.1833	-1.74351	201.781	0	
153.912	-4.6863	208.385	0	
-37.3251	-1.74918	206.867	0	
160.777	-1.42612	167.345	0	
-46.05	-0.880769	200.298	0	
155.312	-0.180399	224.183	0	
-8.125	-0.399074	215.749	0	
-35.6526	-0.748947	197.954	0	
174.762	-1.34606	252.646	0	
-38.5645	-1.411	196.569	0	
177.527	-2.9619	262.859	0	
167.666	-3.99115	205.321	0	
-37.81	-0.184751	194.81	0	
163.631	-8.46553	197.613	0	
-35.6025	-1.60601	204.218	0	
-56.0385	-1.40578	204.429	0	
153.913	-5.19903	205.821	0	
-44.3125	-1.52813	204.874	0	
124.351	-43.0144	180.047	0	
173.202	-32.6801	280.356	0	
-47.7888	-2.28635	206.525	0	
199.784	-4.78957	335.337	0	
-51.0629	-2.2444	208.554	0	
177.385	-6.05361	272.035	0	
-56.917	-1.53912	204.593	0	
-50.6455	-1.53322	203.149	0	
-68.875	-0.7939	202.765	0	
-66.4847	-2.06266	208.851	0	
-50.2221	-2.24594	207.313	0	
28.3819	-2.59243	196.99	0	
-74.8309	-1.18465	198.989	0	
-78.9779	-2.41118	198.266	0	
-77.0132	-0.778566	197.423	0	
-70.8864	-2.41546	204.994	0	
165.065	-55.9996	297.875	0	
-46.5245	-1.57636	202.757	0	
167.97	-2.04966	197.813	0	
-30.5432	-0.413138	203.615	0	
142.039	-1.45463	222.098	0	
5.625	-0.239636	183.31	0	
-75.563	-1.59267	199.57	0	
-102.183	-1.74351	172.834	0	
-78.5661	-1.68017	194.48	0	
63.6458	-0.517356	242.545	0	
-77.8246	-1.60479	196.75	0	
-81.8674	-0.734712	184.69	0	
-84.8457	-0.412919	183.502	0	
97.7702	-1.36247	170.776	0	
106.146	-0.449365	159.278	0	
92.2319	-1.64172	189.169	0	
101.354	-0.422952	166.099	0	
100.238	-1.52447	168.545	0	
101.875	-0.239636	159.262	0	
94.8193	-1.37109	175.092	0	
93.1004	-1.27697	180.547	0	
87.7968	-3.72545	203.822	0	
97.19	-0.184751	169.486	0	
90.3167	-1.74351	193.7	0	
91.9635	-0.416907	189.784	0	
85.1042	-0.422952	212.507	0	
86.9387	-1.61689	204.227	0	
82.2319	-1.64172	219.243	0	
88.125	-0.399074	193.961	0	
84.0142	-1.50556	211.325	0	
85.625	-0.239636	192.903	0	
81.4355	-1.411	223.792	0	
82.7121	-1.02568	215.025	0	
73.8542	-0.422952	254.177	0	
76.2645	-1.48918	234.973	0	
70.9147	-1.62434	252.326	0	
75.9375	-0.180456	249.37	0	
72.7384	-1.52447	256.183	0	
74.375	-0.239636	266.165	0	
68.6047	-1.24131	245.813	0	
66.7762	-0.955178	246.572	0	
58.8859	-3.02744	240.777	0	
69.6652	-1.31314	248.027	0	
64.6115	-3.31845	242.465	0	
65.0025	-0.365196	240.344	0	
60.224	-0.233592	245.92	0	
60.6743	-1.79322	244.307	0	
58.1205	-2.5049	236.914	0	
58.8623	-0.856232	235.532	0	
51.1458	-0.421	219.641	0	
52.5145	-1.48918	231.422	0	
45.7538	-2.88495	224.667	0	
52.1875	-0.180456	221.429	0	
49.5669	-2.41216	228.529	0	
50.8141	-1.83675	226.85	0	
45.9922	-2.01741	227.454	0	
47.0108	-2.34425	227.772	0	
40.9375	-0.183316	232.245	0	
40.2681	-1.62888	224.978	0	
27.375	-0.7939	195.883	0	
29.077	-1.2985	198.507	0	
25.3636	-2.41546	192.336	0	
120.627	-1.78303	188.872	0	
19.8958	-0.420973	182.926	0	
21.2589	-1.49188	181.517	0	
16.415	-2.54809	185.079	0	
21.25	-0.727521	177.26	0	
17.5837	-1.46822	179.506	0	
18.4202	-1.60778	178.081	0	
13.75	-0.727521	175.476	0	
11.3542	-0.422952	172.145	0	
152.85	-0.495902	225.083	0	
155.014	-1.48918	219.395	0	
145.149	-2.35252	230.501	0	
154.688	-0.180456	222.265	0	
151.458	-2.01633	227.106	0	
152.359	-0.463959	233.157	0	
147.149	-0.997684	235.367	0	
148.745	-1.51942	230.86	0	
148.277	-1.83888	230.365	0	
148.861	-0.719544	229.401	0	
143.936	-1.411	228.753	0	
144.69	-0.184751	228.441	0	
138.438	-0.905095	222.988	0	
138.759	-1.49188	222.602	0	
135.174	-1.37614	210.508	0	
136.362	-0.856232	212.423	0	
130.938	-0.183316	208.741	0	
130.268	-1.62888	204.61	0	
122.375	-0.793184	182.074	0	
124.077	-1.2985	185.091	0	
120.206	-2.50699	191.009	0	
156.505	-1.43797	208.888	0	
114.896	-0.421	173.073	0	
116.264	-1.48918	179.783	0	
112.864	-2.41546	176.594	0	
115.938	-0.180456	172.601	0	
113.317	-2.41216	175.811	0	
114.564	-1.83675	175.528	0	
107.604	-0.422952	162.923	0	
110.118	-2.66714	175.627	0	
-117.625	-0.7939	168.871	0	
-115.573	-2.52441	182.058	0	
-137.581	-2.30018	191.112	0	
-67.8555	-2.42734	209.594	0	
-124.062	-0.905095	169.543	0	
-123.741	-1.49188	171.183	0	
-88.3092	-2.06224	187.064	0	
-81.268	-2.32432	195.089	0	
-85.7029	-2.21773	187.255	0	
-85.2623	-0.239982	178.393	0	
-89.6875	-0.173181	175.767	0	
-88.8038	-1.61508	182.244	0	
-96.5625	-0.905095	172.273	0	
-96.2548	-1.43734	176.408	0	
-95.217	-2.14974	184.756	0	
-96.25	-0.727521	169.878	0	
-101.069	-1.39728	171.147	0	
-99.7879	-1.02568	171.492	0	
-106.562	-0.231865	166.424	0	
-106.167	-1.40125	168.843	0	
-69.6103	-1.70135	202.894	0	
-100.268	-1.64172	172.943	0	
-140.625	-0.721791	201.886	0	
-140.721	-2.02779	199.108	0	
-153.54	-3.47677	253.107	0	
-124.115	-2.48854	181.296	0	
-127.578	-1.50902	170.282	0	
-126.053	-1.01329	173.69	0	
-132.783	-0.758517	183.015	0	
-132.292	-1.34487	182.191	0	
-118.36	-1.70135	170.92	0	
-127.125	-1.76481	174.519	0	
-206.677	-24.0821	415.177	0	
-119.036	-4.21308	215.879	0	
-21.375	-0.7939	218.491	0	
-19.3231	-2.52441	219.313	0	
-28.0521	-2.47027	216.943	0	
5.21186	-2.25783	189.408	0	
-27.8125	-0.905095	208.805	0	
-27.4911	-1.49188	209.87	0	
7.95793	-1.82139	184.733	0	
16.213	-0.478752	175.45	0	
10.2416	-1.52283	175.552	0	
11.875	-0.239636	170.341	0	
7.29275	-0.767958	184.618	0	
6.93869	-1.61689	187.305	0	
-0.3125	-0.905095	197.264	0	
0.00890801	-1.49188	197.549	0	
0.374753	-2.12441	196.612	0	
-1.85037e-17	-0.727521	195.71	0	
-4.79756	-1.39875	207.82	0	
-4.05743	-0.186199	207.885	0	
-9.69198	-0.916251	217.835	0	
-9.69466	-1.39056	217.866	0	
26.6397	-1.70135	196.771	0	
-3.99181	-1.51483	206.427	0	
-45.6649	-1.53845	202.007	0	
-42.9037	-1.43654	204.577	0	
-50.6432	-2.47524	210.866	0	
-30.1119	-3.98414	237.607	0	
-30.7336	-1.80228	209.435	0	
-29.7912	-0.956299	212.081	0	
-36.533	-0.743632	201.824	0	
-36.0504	-1.32194	201.822	0	
-22.1103	-1.70135	217.307	0	
-30.3581	-2.85169	222.578	0	
-60.6233	-1.78258	210.49	0	
-51.9025	-1.79866	207.202	0	
-68.1262	-1.46081	204.022	0	
-68.1895	-3.67084	218.545	0	
-76.9486	-1.54301	199.577	0	
-73.9456	-2.36435	203.525	0	
-78.2398	-1.84732	197.238	0	
-106.302	-4.39204	209.656	0	
-83.5249	-0.230877	181.803	0	
-82.4855	-1.48916	188.598	0	
104.208	-1.82243	168.608	0	
109.69	-0.184751	162.791	0	
106.488	-1.52447	166.757	0	
108.125	-0.239636	161.696	0	
103.543	-0.767958	164.499	0	
103.186	-1.61539	170.567	0	
95.9375	-0.905095	168.411	0	
96.2448	-1.46872	173.085	0	
97.2432	-1.60465	173.853	0	
96.25	-0.727521	166.163	0	
91.4312	-1.39728	191.182	0	
92.7121	-1.02568	179.647	0	
86.1235	-0.799412	202.112	0	
86.1134	-2.24603	205.776	0	
77.338	-1.37309	236.414	0	
78.6541	-3.22367	223.944	0	
74.8746	-0.793184	255.814	0	
76.577	-1.2985	239.547	0	
67.9181	-3.34888	236.664	0	
123.373	-2.96176	191.151	0	
68.7676	-0.680195	250.73	0	
69.0113	-2.0416	240.866	0	
64.7741	-1.42946	245.102	0	
65.9426	-0.186199	248.245	0	
60.9375	-0.183316	243.788	0	
60.2681	-1.62888	242.006	0	
53.588	-1.37309	233.407	0	
73.1275	-1.78303	243.46	0	
51.125	-0.7939	220.479	0	
52.827	-1.2985	231.459	0	
39.9168	-3.99681	215.262	0	
54.9287	-3.19033	234.197	0	
38.5346	-3.01604	219.803	0	
44.9163	-2.56104	225.127	0	
28.1238	-1.46081	197.036	0	
28.4181	-2.05376	196.53	0	
20.625	-0.721791	177.229	0	
21.9296	-2.50735	183.415	0	
-9.59795	-3.06766	205.95	0	
18.0056	-1.70676	183.663	0	
13.4375	-0.905095	177.111	0	
13.7589	-1.49188	178.996	0	
153.718	-0.740078	222.768	0	
155.327	-1.2985	219.862	0	
142.605	-3.20906	223.005	0	
143.666	-4.56691	226.621	0	
147.461	-0.749484	235.739	0	
146.329	-2.10792	232.653	0	
140.424	-1.85974	221.071	0	
150.504	-2.88094	221.8	0	
138.125	-0.721791	220.886	0	
139.074	-1.29981	221.955	0	
130.99	-3.86697	223.253	0	
143.862	-3.68784	223.963	0	
131.714	-1.95058	208.99	0	
130.247	-2.96372	215.525	0	
128.123	-1.77427	198.918	0	
127.705	-2.49764	202.233	0	
122.38	-1.69926	188.871	0	
122.018	-2.55994	191.782	0	
114.875	-0.7939	170.851	0	
116.577	-1.2985	176.967	0	
86.1859	-4.33633	204.732	0	
114.14	-1.70135	172.464	0	
108.623	-0.799412	162.626	0	
108.308	-2.33158	173.418	0	
-116.876	-1.46081	169.441	0	
-116.582	-2.05376	175.197	0	
-124.375	-0.721791	170.052	0	
-123.073	-2.52441	178.462	0	
-77.7203	-3.93442	214.501	0	
-142.545	-7.44267	326.102	0	
-90.6814	-1.54166	179.417	0	
-90.0014	-2.26521	184.775	0	
-96.875	-0.721791	171.269	0	
-96.9989	-1.67615	178.045	0	
-116.618	-2.59243	181.406	0	
-108.549	-3.03628	185.922	0	
-104.089	-1.72524	173.288	0	
-111.876	-2.35387	180.337	0	
-108.123	-1.78303	173.326	0	
-116.649	-4.7353	226.78	0	
-141.915	-1.87923	200.417	0	
-142.865	-2.33173	207.23	0	
-130.827	-1.85211	181.677	0	
-141.985	-5.17761	253.624	0	
-141.38	-4.85547	240.402	0	
-131.411	-3.60827	216.264	0	
-20.6262	-1.46081	220.361	0	
-20.3319	-2.05376	220.397	0	
-28.125	-0.721791	211.203	0	
-26.8204	-2.50735	215.105	0	
-43.8276	-2.83152	212.815	0	
-46.4394	-5.38599	246.285	0	
6.12348	-0.799412	187.005	0	
6.11338	-2.24603	189.117	0	
-0.62502	-0.721791	193.886	0	
-0.727492	-1.88479	196.136	0	
-20.3681	-2.59243	220.677	0	
-12.217	-3.23265	209.573	0	
-8.29255	-1.81905	213.228	0	
-15.7651	-2.74575	205.414	0	
-11.4583	-2.01633	217.373	0	
-20.3991	-4.7353	230.908	0	
-44.7797	-1.40618	202.764	0	
-45.5406	-2.55641	209.997	0	
-34.0893	-1.72524	202.71	0	
-49.7302	-6.38403	258.212	0	
-44.3495	-5.91584	252.376	0	
-32.5854	-3.71316	219.392	0	
-74.4534	-2.93644	208.35	0	
25.1651	-2.90531	191.809	0	
-76.4892	-2.28914	203.72	0	
-75.5692	-3.79269	218.778	0	
-84.375	-0.172936	182.249	0	
-82.173	-1.29849	186.894	0	
-90.6715	-2.46797	186.483	0	
-86.0439	-2.41319	193.089	0	
102.373	-0.799412	160.158	0	
102.79	-0.926407	167.494	0	
95.625	-0.721791	165.32	0	
95.5225	-1.88479	175.921	0	
76.2055	-2.79188	228.18	0	
83.9507	-3.02689	209.115	0	
87.9579	-1.82139	199.488	0	
80.1273	-3.17341	222.771	0	
84.3725	-1.77427	210.438	0	
74.8567	-4.7589	223.592	0	
74.8795	-1.69926	238.058	0	
74.5183	-2.55994	233.518	0	
67.4449	-0.718532	248.368	0	
69.0751	-2.44096	239.585	0	
52.1319	-2.59243	233.307	0	
49.8061	-6.61811	195.562	0	
61.759	-2.16889	244.662	0	
46.7634	-6.97895	188.902	0	
51.0785	-4.55294	225.442	0	
60.9296	-3.57228	245.01	0	
51.8738	-1.46081	227.911	0	
52.1681	-2.05376	231.919	0	
20.6979	-2.47027	183.833	0	
107.751	-3.85579	183.502	0	
20.536	-1.87789	181.225	0	
20.9054	-2.06317	182.944	0	
13.125	-0.721791	174.667	0	
14.0741	-1.29981	177.719	0	
5.67532	-2.51323	190.019	0	
9.81407	-2.2442	179.458	0	
154.361	-1.83928	218.932	0	
154.668	-2.05381	217.12	0	
152.292	-2.01633	223.815	0	
139.025	-3.68155	223.592	0	
138.122	-1.45888	220.026	0	
138.31	-2.11186	220.732	0	
115.882	-2.59243	183.15	0	
154.632	-2.59263	214.59	0	
115.624	-1.46081	177.952	0	
115.918	-2.05376	181.568	0	
106.877	-1.78303	168.859	0	
109.612	-3.62048	183.127	0	
-140.292	-2.75015	205.284	0	
-71.0849	-2.90531	205.691	0	
-124.095	-2.06317	175.997	0	
-125.197	-2.65534	184.718	0	
-92.4141	-2.66027	186.613	0	
-84.8712	-1.81772	188.645	0	
-98.14	-1.86639	179.251	0	
-98.521	-1.66146	177.546	0	
-152.708	-2.01633	250.174	0	
-144.575	-3.87493	233.469	0	
-23.5849	-2.90531	218.508	0	
3.79816	-6.23859	185.151	0	
-28.214	-1.87789	214.056	0	
-27.8446	-2.06317	213.894	0	
3.95493	-2.49764	190.262	0	
10.6272	-1.78287	177.029	0	
-0.701234	-1.49655	197.205	0	
-1.78469	-2.45031	197.346	0	
-49.411	-3.21091	218.368	0	
-48.1419	-3.91209	225.166	0	
-88.3329	-3.8748	207.94	0	
-92.8287	-4.81106	228.767	0	
-83.5656	-1.42062	185.12	0	
-83.2737	-2.37393	196.391	0	
100.206	-2.50699	181.903	0	
107.718	-2.26923	171.129	0	
95.5488	-1.49655	173.813	0	
94.4653	-2.45031	182.956	0	
72.7012	-3.08712	238.867	0	
120.201	-3.08712	190.48	0	
68.3184	-2.31767	239.963	0	
66.7274	-2.77168	241.642	0	
47.8661	-3.10159	227.732	0	
50.1498	-4.67811	221.762	0	
17.7461	-3.87787	191.277	0	
-0.548176	-2.47148	196.12	0	
13.1209	-1.45954	178.27	0	
12.7105	-3.00408	182.661	0	
149.063	-4.58938	220.634	0	
187.308	-1.93891	311.437	0	
147.805	-1.27839	232.557	0	
149.017	-3.30305	222.717	0	
133.89	-3.05507	215.983	0	
138.293	-2.66832	220.316	0	
91.0145	-1.46216	191.848	0	
101.94	-2.51996	180.198	0	
-152.829	-5.21478	267.72	0	
-132.048	-3.16669	204.04	0	
-122.132	-3.24864	188.561	0	
-96.5283	-2.75732	190.22	0	
-46.8018	-3.27724	220.097	0	
-35.391	-4.32035	232.588	0	
-26.058	-3.54881	224.679	0	
13.3105	-2.11186	180.722	0	
-101.131	-3.94373	202.324	0	
-82.9549	-2.998	199.659	0	
48.5606	-3.57751	228.051	0	
95.7018	-2.47148	180.961	0	
60.4998	-2.92834	246.317	0	
70.2447	-4.3401	228.992	0	
-4.52391	-5.28566	187.11	0	
7.23687	-3.48425	188.211	0	
147.264	-2.80053	227.371	0	
147.656	-4.19179	221.946	0	
35.205	-2.4908	216.512	0	
34.3764	-2.95159	214.186	0	
126.532	-3.1017	199.16	0	
126.217	-5.28928	215.04	0	
-147.845	-2.9586	242.87	0	
-143.311	-2.36352	209.82	0	
-159.457	-1.33783	248.5	0	
-201.338	-10.2031	415.649	0	
-153.958	-2.72654	254.931	0	
-151.987	-2.66189	246.945	0	
-156.042	-3.47328	259.368	0	
-156.458	-2.72654	260.417	0	
-52.6921	-2.28396	211.31	0	
-49.8217	-2.95006	213.341	0	
-59.4625	-2.52455	212.679	0	
-58.1918	-1.82052	207.742	0	
-56.7422	-3.11006	216.363	0	
-57.7534	-3.04837	214.586	0	
-64.0753	-3.94615	222.86	0	
-65.5072	-5.22958	236.122	0	
-71.9097	-3.48325	210.987	0	
-68.3755	-3.9593	220.122	0	
44.0646	-2.44365	225.72	0	
47.0694	-3.88473	223.295	0	
35.6225	-1.77427	219.475	0	
33.1161	-3.75549	208.567	0	
32.1704	-3.42108	206.113	0	
36.4521	-2.2523	221.34	0	
24.3403	-3.48325	189.463	0	
27.8272	-3.24228	195.504	0	
119.145	-3.21098	189.846	0	
121.468	-2.26923	187.273	0	
-121.365	-2.04233	166.701	0	
-117.173	-3.24228	189.663	0	
-94.2711	-2.94419	197.123	0	
-93.9091	-5.80155	259.797	0	
-108.544	-2.50699	182.019	0	
-107.282	-2.26923	174.689	0	
-146.019	-2.01673	225.244	0	
-148.192	-3.54043	247.972	0	
-24.4097	-3.48325	222.826	0	
-20.9228	-3.24228	222.888	0	
3.13624	-2.47937	191.318	0	
1.65403	-5.11915	188.111	0	
-13.1524	-2.5803	212.488	0	
-10.5875	-2.52846	209.43	0	
-49.3744	-1.77609	204.301	0	
-46.1002	-2.22272	207.434	0	
-52.3966	-3.06656	216.547	0	
-48.568	-2.28968	206.6	0	
-79.7305	-1.81738	192.215	0	
-76.9734	-2.43239	203.624	0	
99.1452	-3.21098	185.788	0	
99.0858	-5.70152	199.469	0	
83.9549	-2.49764	209.373	0	
85.2119	-2.25783	207.397	0	
71.6452	-3.21098	237.616	0	
73.968	-2.26923	244.801	0	
47.2546	-2.72509	227.752	0	
51.5772	-3.24228	231.849	0	
43.9322	-2.94642	222.724	0	
48.3141	-3.10814	227.763	0	
16.0631	-3.03793	187.008	0	
19.4859	-2.45278	185.462	0	
151.927	-4.36539	215.828	0	
154.08	-3.23691	214.357	0	
111.943	-3.61233	182.754	0	
115.327	-3.24228	185.435	0	
-87.7039	-2.73506	193.228	0	
-84.8665	-2.21327	190.154	0	
8.42437	-3.08182	185.043	0	
11.5618	-3.26369	182.367	0	
104.671	-3.08099	181.106	0	
102.964	-3.12803	179.307	0	
-144.143	-3.1078	222.751	0	
-140.394	-2.23518	197.737	0	
-99.6444	-2.94869	183.936	0	
-96.7719	-2.36153	183.703	0	
-3.3581	-2.90297	198.769	0	
-0.997371	-2.50494	196.292	0	
92.9206	-2.95392	191.237	0	
95.2526	-2.50494	181.847	0	
42.3823	-3.55815	217.323	0	
46.59	-2.42905	227.768	0	
128.56	-4.10678	216.204	0	
132.373	-1.96952	209.61	0	
127.427	-5.7581	223.759	0	
128.125	-3.81332	210.896	0	
-152.425	-3.69099	250.33	0	
-152.231	-4.40508	268.411	0	
-159.102	-2.63745	253.45	0	
-165.564	-17.3854	528.435	0	
-154.373	-3.97501	260.924	0	
-150.723	-2.8958	245.484	0	
-160.293	-8.30276	372.367	0	
-155.208	-3.47328	257.616	0	
-158.057	-10.316	426.213	0	
-144.555	-3.12781	223.611	0	
-58.638	-2.91221	214.578	0	
-57.1198	-3.53416	218.621	0	
-61.8968	-2.48341	212.126	0	
-58.2253	-3.17452	217.202	0	
-62.294	-3.20434	216.488	0	
-56.4213	-4.12641	224.765	0	
-63.5578	-2.52856	210.103	0	
-63.1171	-3.22675	215.777	0	
-62.2767	-3.71361	221.945	0	
-60.6644	-3.20897	217.881	0	
-71.5736	-5.35109	237.693	0	
-68.0886	-6.7126	257.505	0	
40.096	-3.27638	217.17	0	
38.9656	-3.76906	216.495	0	
36.8528	-2.48369	219.967	0	
38.087	-3.21004	218.614	0	
35.1957	-3.94098	213.875	0	
37.6745	-2.94789	220.304	0	
35.1962	-2.96008	216.459	0	
33.9724	-3.18403	212.147	0	
24.2355	-4.6316	190.215	0	
27.1359	-4.79143	194.009	0	
119.132	-4.64168	199.545	0	
114.637	-4.79726	195.711	0	
-121.549	-4.20083	210.196	0	
-125.233	-4.56576	230.241	0	
-91.8107	-3.76789	203.68	0	
-89.6593	-3.04017	193.821	0	
-90.9728	-3.77629	202.394	0	
-85.5629	-4.01706	207.392	0	
-107.478	-3.91146	203.509	0	
-105.542	-2.53032	175.105	0	
-111.215	-3.33702	194.578	0	
-98.6255	-3.0858	192.54	0	
-145.82	-3.09839	233.655	0	
-142.714	-3.41784	217.704	0	
-24.5145	-4.6316	238.995	0	
-29.3096	-5.18946	259.297	0	
4.80956	-4.10678	189.257	0	
6.70565	-3.13144	188.602	0	
5.28483	-3.87964	189.086	0	
10.1765	-3.05618	181.22	0	
-13.7644	-4.01876	204.459	0	
-9.61513	-2.55853	208.684	0	
-13.6526	-3.31017	206.459	0	
-1.37873	-3.92379	193.424	0	
-51.0355	-3.1828	218.341	0	
-48.2098	-2.52289	210.322	0	
-51.0288	-3.65078	222.487	0	
-47.728	-3.66706	222.412	0	
-79.5163	-4.63141	227.42	0	
-83.4701	-6.64434	275.104	0	
100.628	-3.8163	188.589	0	
113.456	-4.22103	191.321	0	
110.43	-3.8222	184.865	0	
107.298	-3.02935	177.61	0	
85.0123	-3.90147	206.141	0	
85.6753	-2.51323	207.284	0	
81.7103	-3.53147	214.774	0	
94.8713	-3.92379	192.272	0	
71.2755	-4.39773	226.302	0	
66.4426	-4.92931	229.93	0	
44.6893	-4.17728	217.405	0	
49.1136	-2.41546	228.952	0	
45.8024	-4.51755	217.023	0	
49.1755	-3.50731	227.732	0	
18.4199	-5.74009	195.457	0	
11.9178	-5.07106	187.333	0	
109.018	-2.92612	178.081	0	
101.071	-3.03707	181.654	0	
-90.9841	-3.22877	196.976	0	
-94.9147	-3.45086	201.248	0	
4.3749	-3.81332	189.403	0	
2.77745	-4.90912	188.187	0	
106.064	-2.24416	173.028	0	
106.371	-3.04238	177.879	0	
97.1326	-3.98966	192.741	0	
101.538	-3.88796	187.648	0	
-144.766	-2.72562	221.88	0	
-145.663	-4.19706	242.122	0	
-104.524	-3.14865	184.357	0	
-108.08	-3.89876	200.985	0	
-5.93052	-4.29677	191.527	0	
-11.4498	-2.99399	208.234	0	
90.8227	-3.08288	198.391	0	
84.4065	-3.88383	208.03	0	
122.062	-3.0892	191.84	0	
145.137	-3.83859	224.193	0	
124.995	-4.09064	202.939	0	
129.035	-3.87964	215.092	0	
-154.834	-5.62943	283.52	0	
-149.657	-2.88421	245.387	0	
-156.465	-4.16242	269.792	0	
-89.5154	-5.91258	257.091	0	
-157.746	-3.54331	260.735	0	
-157.336	-4.23245	272.985	0	
-155.953	-5.20944	281.997	0	
-150.511	-3.32979	249.344	0	
-87.8049	-3.94988	212.108	0	
-55.367	-3.66739	220.562	0	
-59.8059	-3.70427	221.833	0	
8.51862	-5.63814	187.362	0	
-65.0871	-3.51292	214.964	0	
-59.1665	-4.5196	231.81	0	
-64.186	-5.80182	243.836	0	
-61.0638	-4.39807	228.322	0	
9.34127	-5.80287	186.923	0	
93.6709	-5.36828	198.403	0	
29.6625	-3.97087	198.126	0	
32.4589	-5.24722	205.861	0	
35.6064	-3.22092	215.781	0	
34.7504	-4.82956	212.403	0	
35.7746	-6.35368	211.428	0	
37.6991	-3.92227	216.591	0	
-101.486	-1.46216	171.74	0	
-99.4066	-5.21373	231.058	0	
-143.402	-5.0717	261.548	0	
-68.8643	-3.95991	218.569	0	
-156.677	-7.51666	341.473	0	
-49.84	-4.37417	230.813	0	
-149.034	-4.66441	256.479	0	
-147.597	-5.3202	271.326	0	
-5.74854	-2.75093	200.05	0	
-2.57908	-5.36828	186.568	0	
-56.9265	-4.06541	225.265	0	
26.5098	-4.92185	192.505	0	
-39.9062	-2.97657	212.484	0	
46.6889	-4.59172	217.602	0	
-54.8694	-5.30259	246.909	0	
-50.2371	-3.64182	222.14	0	
-55.8517	-5.622	245.93	0	
-48.5643	-3.70074	221.825	0	
-51.7661	-5.45879	242.527	0	
-47.8652	-5.43797	245.053	0	
91.2746	-3.65737	200.646	0	
105.139	-4.72011	191.54	0	
36.9087	-4.39113	215.709	0	
129.528	-4.21458	220.998	0	
57.221	-3.54588	235.093	0	
111.108	-5.61856	195.41	0	
43.1473	-6.01991	204.391	0	
46.6103	-3.89803	221.806	0	
40.4356	-5.78252	205.793	0	
47.7113	-3.50071	226.913	0	
39.3767	-4.09977	214.079	0	
48.7713	-5.10744	214.841	0	
-90.6069	-4.12617	215.955	0	
-89.6636	-4.81648	226.105	0	
5.73603	-4.1862	189.172	0	
7.29185	-5.4299	187.65	0	
102.863	-6.61891	202.697	0	
107.642	-5.71838	195.237	0	
103.482	-3.48167	185.762	0	
104.579	-4.21073	189.345	0	
100.869	-5.84791	200.502	0	
101.995	-4.19195	192.251	0	
-150.823	-5.70833	271.757	0	
-144.55	-4.64714	251.71	0	
77.5395	-5.29459	218.979	0	
144.347	-11.1024	209.195	0	
128.995	-5.1051	223.892	0	
128.9	-6.03288	227.947	0	
-158.777	-5.20944	299.045	0	
-143.517	-3.47744	225.555	0	
-161.143	-2.23723	218.331	0	
-207.299	-15.0218	414.916	0	
-186.855	-36.8968	485.194	0	
-78.3368	-4.28326	223.676	0	
-150.997	-8.59138	375.692	0	
-57.4081	-5.4621	241.219	0	
-61.6074	-4.40275	228.114	0	
-57.0151	-4.89482	236.735	0	
-115.966	-3.644	198.327	0	
16.8128	-4.49491	192.484	0	
-19.7163	-3.644	221.012	0	
109.006	-4.7321	191.652	0	
38.8537	-5.59619	210.19	0	
43.8616	-5.21552	208.846	0	
-139.527	-3.71984	215.215	0	
-145.479	-8.07568	352.123	0	
-96.5717	-5.95664	263.189	0	
-97.8168	-4.64004	222.452	0	
-149.219	-6.47315	311.08	0	
-133.834	-3.84473	220.191	0	
-31.6487	-3.01089	214.672	0	
40.6422	-6.40876	202.807	0	
-1.82775	-6.06084	185.779	0	
-0.453918	-4.76514	189.062	0	
-69.3182	-5.93872	245.145	0	
-54.2701	-4.15765	228.686	0	
-52.4666	-4.19327	230.913	0	
-51.8241	-4.92371	240.586	0	
-52.312	-7.3014	271.279	0	
-49.4412	-5.88023	250.463	0	
-53.4543	-9.01652	287.629	0	
-35.8627	-2.49615	210.513	0	
-49.426	-4.71604	236.683	0	
-48.4509	-5.30074	244.609	0	
64.2777	-3.89121	240.51	0	
110.923	-3.8976	185.155	0	
94.4223	-6.06084	201.622	0	
95.7961	-4.76514	195.65	0	
25.8956	-6.40738	193.577	0	
41.5591	-5.46801	207.362	0	
44.0497	-4.79435	212.883	0	
44.8289	-4.98031	212.047	0	
44.7814	-6.4302	197.404	0	
45.5827	-5.29337	208.362	0	
42.2961	-7.16415	195.185	0	
60.0127	-2.93955	243.577	0	
47.7363	-4.46864	220.071	0	
47.6095	-6.29576	198.991	0	
-92.3648	-4.48529	221.576	0	
-88.4115	-6.5807	269.537	0	
5.21193	-4.97546	188.06	0	
5.14563	-5.77083	187.486	0	
107.716	-4.93836	192.298	0	
109.823	-5.4368	194.792	0	
46.7514	-6.34178	197.021	0	
104.024	-5.15058	193.64	0	
101.461	-4.98599	196.837	0	
100.27	-5.52935	199.208	0	
-148.182	-4.69239	266.827	0	
-146.442	-5.03663	266.626	0	
-146.64	-7.51204	348.277	0	
-144.797	-4.23299	244.225	0	
-149.168	-7.76797	345.99	0	
-132.113	-2.52431	197.694	0	
-154.178	-7.28627	320.309	0	
-151.919	-6.13754	308.04	0	
-66.7774	-5.63948	241.625	0	
-50.609	-6.18108	255.181	0	
29.2667	-6.25963	199.103	0	
60.9415	-9.86164	133.785	0	
-165.569	-3.72058	287.809	0	
-124.626	-5.37087	254.673	0	
-65.7346	-6.18769	250.26	0	
-36.9473	-8.96818	333.877	0	
-57.7482	-7.39376	268.301	0	
-25.711	-7.72035	298.028	0	
-34.935	-5.07345	242.496	0	
-45.618	-4.95711	238.079	0	
30.4395	-6.63734	203.03	0	
104.206	-7.40257	201.393	0	
36.5206	-7.49719	206.935	0	
122.171	-4.12915	198.157	0	
61.938	-4.47083	238.034	0	
50.7139	-4.84886	220.591	0	
-101.117	-7.232	298.788	0	
-117.864	-4.79143	226.051	0	
-4.1177	-6.8619	183.002	0	
-21.6141	-4.79143	235.358	0	
101.397	-9.49523	199.047	0	
97.4074	-6.18657	200.939	0	
74.6713	-4.12915	225.921	0	
92.1393	-6.81566	202.566	0	
-143.162	-5.62726	265.507	0	
-143.227	-3.89049	225.754	0	
-152.527	-7.43868	322.963	0	
-122.513	-7.75514	360.718	0	
-135.766	-2.75208	195.894	0	
-128.931	-2.33122	176.964	0	
-37.3372	-3.52385	223.119	0	
-31.4855	-1.46216	203.573	0	
59.1274	-3.45591	239.951	0	
63.9323	-2.57601	244.232	0	
133.764	-5.12986	228.488	0	
130.038	-6.74649	234.829	0	
124.065	-5.68123	209.775	0	
151.339	-15.5293	189.357	0	
-155.18	-8.32445	354.399	0	
-51.6779	-11.0498	309.05	0	
-40.8588	-5.44334	255.114	0	
-42.9145	-4.30861	233.81	0	
55.1593	-5.71626	216.654	0	
51.7812	-4.79489	223.916	0	
-87.1843	-7.88937	322.856	0	
-85.1836	-3.00883	195.36	0	
8.48654	-6.93944	186.885	0	
10.5845	-3.37903	182.993	0	
123.313	-5.68676	209.675	0	
114.007	-4.93297	194.02	0	
-95.9251	-5.66452	254.216	0	
-127.194	-4.07126	221.673	0	
-134.927	-8.30966	389.417	0	
-118.49	-4.92185	228.145	0	
-43.3922	-5.95116	262.383	0	
-22.2402	-4.92185	235.623	0	
-42.9805	-7.0706	272.345	0	
-41.6923	-7.54635	289.813	0	
52.8548	-5.75294	208.381	0	
74.5621	-3.0892	234.924	0	
53.073	-6.8632	195.376	0	
55.1863	-4.94513	224.866	0	
-46.3733	-7.46868	275.045	0	
-48.8691	-7.10706	269.741	0	
50.3641	-6.39358	202.601	0	
48.6176	-6.40011	198.894	0	
-143.824	-8.83328	401.317	0	
-131.265	-5.19868	268.06	0	
-51.6561	-7.92358	276.553	0	
-47.3221	-7.41383	277.054	0	
44.5358	-7.36987	188.318	0	
49.4375	-7.16401	187.987	0	
-164	-0.842706	250.843	0	
-159.941	-1.73296	233.01	0	
-171.26	-1.12398	365.674	0	
-163.063	-3.46943	254.324	0	
157.19	-2.61148	196.408	0	
162.75	-0.842706	173.001	0	
160.161	-2.41953	169.774	0	
162.029	-3.38791	173.264	0	
151.257	-4.59663	214.106	0	
157.721	-2.38808	189.906	0	
135.018	-3.51106	217.501	0	
141.531	-4.09831	223.697	0	
-72.8421	-4.59332	223.327	0	
-72.0145	-4.6316	226.706	0	
-78.3318	-10.1878	354.308	0	
-65.1922	-6.38421	250.828	0	
-76.9872	-4.11382	227.227	0	
-74.6814	-5.82606	250.923	0	
22.692	-3.54881	185.44	0	
25.2175	-4.20346	191.455	0	
17.6266	-10.19	199.025	0	
32.3089	-8.82582	206.481	0	
19.9318	-3.92403	189.552	0	
21.5015	-6.01838	191.5	0	
117.926	-4.36185	197.159	0	
120.275	-4.3839	199.944	0	
113.28	-6.38649	202.128	0	
125.598	-6.65948	218.239	0	
110.984	-6.88693	200.91	0	
116.551	-5.70282	203.742	0	
-121.016	-4.69673	217.839	0	
-118.842	-5.48972	243.999	0	
-146.734	-11.3207	501.274	0	
-105.662	-5.0576	222.74	0	
-139.55	-10.2685	447.363	0	
-147.772	-8.29733	352.177	0	
-23.5325	-4.20346	233.335	0	
-22.8544	-6.40738	258.745	0	
2.29129	-6.25964	184.714	0	
-9.79153	-6.56369	190.143	0	
-27.8059	-5.3255	254.131	0	
-22.0875	-6.95859	271.57	0	
-80.0252	-3.52843	208.479	0	
-78.4738	-4.98554	233.786	0	
-75.256	-7.88509	290.334	0	
-75.9729	-5.06886	240.642	0	
-82.1987	-5.70508	247.374	0	
-81.3954	-7.61082	292.799	0	
72.7746	-4.3839	224.479	0	
75.8162	-6.35315	213.609	0	
101.852	-6.13262	201.462	0	
86.6693	-3.62684	205.905	0	
66.8013	-4.88369	230.015	0	
94.3175	-6.8049	199.382	0	
15.3528	-3.76236	188.555	0	
19.1709	-6.37358	195.754	0	
22.2855	-8.01479	195.314	0	
19.663	-4.42217	190.622	0	
13.7793	-6.34718	191.59	0	
14.4519	-6.58677	193.652	0	
111.227	-4.57792	189.639	0	
112.233	-6.47706	200.452	0	
106.554	-7.42548	201.295	0	
113.79	-7.75532	205.7	0	
-86.6468	-4.14155	213.461	0	
-86.1444	-4.98834	232.304	0	
-86.7213	-6.35346	269.567	0	
-82.6331	-11.152	402.128	0	
10.2243	-4.36547	185.904	0	
10.3296	-5.17309	186.018	0	
10.5295	-7.29923	188.687	0	
9.36646	-9.47078	187.27	0	
132.222	-6.49386	233.687	0	
134.769	-4.1113	222.22	0	
123.998	-4.35267	201.715	0	
122.357	-4.7589	201.759	0	
-66.1134	-5.30432	237.069	0	
-66.9378	-4.55251	227.531	0	
29.0152	-3.63241	196.389	0	
28.3306	-4.72287	195.134	0	
-95.7779	-3.58734	202.704	0	
-98.2717	-3.81762	202.339	0	
-100.938	-8.60761	364.608	0	
-107.007	-5.82465	253.893	0	
0.263903	-3.66548	193.131	0	
-2.81004	-4.15199	191.649	0	
-5.6975	-6.92497	183.633	0	
-9.98917	-4.02582	201.096	0	
96.5139	-3.66548	189.705	0	
93.44	-4.15199	195.587	0	
90.1601	-5.96359	201.161	0	
103.097	-7.87725	204.16	0	
-60.8255	-8.44575	275.617	0	
35.2342	-8.30194	206.531	0	
-65.8457	-12.1871	341.682	0	
45.3824	-9.43903	150.549	0	
-42.2478	-9.5815	325.397	0	
107.942	-9.93962	202.32	0	
39.9409	-10.1841	178.915	0	
126.185	-6.65443	221.721	0	
31.6844	-9.94332	204.889	0	
128.296	-8.0195	227.642	0	
99.6448	-8.79295	200.1	0	
102.627	-7.35169	201.297	0	
-155.111	-10.7469	442.906	0	
-60.2485	-7.02207	258.413	0	
138.96	-5.20821	225.493	0	
153.663	-3.97869	212.661	0	
-137.778	-8.71248	398.933	0	
-137.334	-5.37797	269.256	0	
-129.95	-3.22643	195.566	0	
-128.213	-5.16702	244.455	0	
-33.8159	-3.14393	209.759	0	
-32.511	-5.02108	244.563	0	
62.391	-1.93143	242.601	0	
64.1368	-4.48631	237.205	0	
130.602	-11.0884	223.088	0	
153.579	-6.43001	205.651	0	
137.13	-5.31707	227.039	0	
140.299	-6.06589	226.896	0	
-74.6504	-4.50162	225.32	0	
-74.3242	-5.01825	235.439	0	
22.1459	-3.99326	188.131	0	
20.7939	-4.75279	189.374	0	
117.692	-5.02316	201.933	0	
116.894	-4.96266	199.108	0	
-124.271	-4.10889	207.148	0	
-125.751	-3.69295	204.201	0	
-116.056	-8.60766	378.089	0	
-112.957	-5.00564	236.491	0	
-26.6041	-3.99326	231.788	0	
-31.2286	-3.54222	228.019	0	
-15.5148	-8.61264	230.882	0	
-17.1278	-5.93729	214.565	0	
-80.6344	-5.18243	245.642	0	
-81.8576	-4.96379	237.567	0	
69.3566	-4.40404	228.262	0	
64.5996	-3.69623	241.015	0	
76.2166	-8.45706	203.669	0	
78.3536	-5.56164	216.528	0	
13.4626	-3.99247	186.96	0	
12.2628	-4.57759	186.323	0	
103.555	-12.7746	191.008	0	
118.417	-8.69926	213.211	0	
-92.2413	-8.87428	368.154	0	
-91.5103	-7.10938	297.886	0	
2.3617	-7.30031	183.467	0	
5.09704	-9.93503	184.211	0	
131.846	-11.9946	213.529	0	
145.128	-4.90961	226.272	0	
134.149	-5.66457	228.46	0	
135.348	-6.0104	229.694	0	
121.47	-6.99296	213.018	0	
124.14	-10.8252	218.297	0	
-69.5486	-7.39746	270.568	0	
-66.9185	-7.61706	273.254	0	
26.6625	-6.95859	196.185	0	
27.8701	-8.90937	202.784	0	
-62.3712	-7.99383	272.632	0	
-93.1737	-11.8857	482.858	0	
-55.9841	-7.81689	274.602	0	
2.41294	-12.9566	192.805	0	
84.9465	-5.10891	205.545	0	
70.6225	-7.70874	200.63	0	
100.943	-6.89982	202.716	0	
101.8	-8.7437	203.026	0	
-119.177	-7.5947	333.07	0	
-122.224	-6.23674	279.766	0	
-127.855	-4.85581	237.469	0	
-125.851	-6.57219	304.293	0	
-49.5467	-11.8303	326.114	0	
-26.7847	-6.21645	273.025	0	
-31.0836	-4.71131	249.616	0	
-29.2492	-7.54635	314.211	0	
48.6183	-10.4872	129.675	0	
69.4373	-5.66848	219.337	0	
64.2235	-4.88528	236.103	0	
67.106	-6.35345	213.783	0	
139.567	-6.34986	226.603	0	
144.323	-6.6935	225.7	0	
126.808	-9.05745	223.636	0	
195.519	-2.32667	329.789	0	
-98.3892	-8.76461	371.717	0	
36.4337	-6.65827	208.831	0	
-1.93371	-6.80391	182.797	0	
102.27	-10.5169	199.816	0	
73.7314	-6.62795	210.876	0	
95.6911	-10.2057	196.389	0	
-136.517	-5.62414	262.145	0	
-136.088	-6.69141	316.382	0	
-31.9995	-8.34131	324.317	0	
-31.7117	-7.08478	299.456	0	
65.4588	-8.53952	176.416	0	
98.5169	-9.7684	198.401	0	
78.9295	-4.95925	218.476	0	
153.894	-10.7704	193.55	0	
-77.0609	-6.91973	280.588	0	
31.062	-9.31585	206.23	0	
8.54294	-9.86926	187.949	0	
111.249	-8.87281	206.596	0	
-125.531	-5.93049	275.689	0	
-124.013	-5.37078	254.969	0	
-29.6712	-6.15915	279.434	0	
-27.0933	-5.37425	259.012	0	
65.2279	-5.42078	227.359	0	
67.9367	-5.38019	224.471	0	
150.224	-5.5934	215.567	0	
153.135	-4.32925	211.797	0	
145.839	-6.71772	222.307	0	
141.728	-8.94989	220.608	0	
-112.305	-6.38693	297.574	0	
-114.895	-9.757	461.267	0	
-113.934	-3.69431	206.285	0	
-111.722	-3.57543	201.483	0	
-17.4401	-8.20612	242.973	0	
-22.2168	-8.18133	283.144	0	
-17.6836	-3.69431	209.919	0	
-14.8189	-4.92625	203.768	0	
79.9837	-7.51496	210.793	0	
74.9087	-8.48538	205.254	0	
78.9487	-3.76183	221.69	0	
80.8067	-3.08883	218.353	0	
-63.7157	-5.76209	243.399	0	
-64.945	-7.3998	266.296	0	
34.0699	-7.43829	209.175	0	
33.3049	-9.86827	202.284	0	
-202.291	-42.8145	420.843	0	
-158.17	-8.54355	355.167	0	
-41.5522	-4.06357	230.937	0	
-38.8658	-4.40371	224.062	0	
55.2174	-3.7177	233.832	0	
57.5209	-5.11405	226.301	0	
-137.685	-3.69089	214.456	0	
-135.298	-4.87314	243.489	0	
130.713	-9.91929	228.665	0	
139.6	-8.8606	223.59	0	
-130.705	-7.74282	371.381	0	
-88.2555	-8.79333	353.731	0	
-31.1691	-9.2744	355.667	0	
9.05558	-8.7058	187.353	0	
65.616	-7.41637	199.044	0	
51.1623	-10.3807	127.623	0	
86.7628	-10.8917	201.612	0	
208.99	-5.28426	344.673	0	
-58.2911	-9.40616	292.111	0	
-56.1506	-6.93235	261.94	0	
37.6117	-9.47512	191.463	0	
39.3288	-6.8589	204.062	0	
138.915	-5.92754	227.832	0	
137.531	-7.45051	227.739	0	
138.861	-7.413	226.659	0	
138.801	-8.29726	226.963	0	
134.135	-10.2857	224.032	0	
162.386	-6.24972	184.3	0	
119.581	-8.16076	214.078	0	
94.5554	-16.1735	180.571	0	
-50.6617	-11.8322	317.639	0	
-46.1584	-9.11447	297.045	0	
46.4449	-8.25726	174.205	0	
50.0562	-9.31049	140.75	0	
-176.012	-1.34606	411.087	0	
-160.335	-6.5477	306.196	0	
-161.831	-10.7403	423.889	0	
-188.999	-19.3034	461.669	0	
159.008	-5.17557	183.237	0	
170.01	-1.12398	219.891	0	
-87.6571	-10.0814	395.28	0	
100.031	-10.3807	196.895	0	
18.5668	-7.27759	197.6	0	
3.64408	-11.4127	186.756	0	
-153.134	-12.2646	486.797	0	
-148.55	-12.2522	499.644	0	
-121.636	-13.4705	667.88	0	
-125.433	-8.20716	375.631	0	
112.194	-18.9644	167.365	0	
115.136	-10.205	208.163	0	
-91.7517	-12.069	505.682	0	
-69.397	-10.604	338.218	0	
5.5012	-12.9011	187.98	0	
25.7482	-10.2649	201.966	0	
-112.336	-5.45478	253.435	0	
-130.054	-15.0319	728.977	0	
-17.185	-5.03602	211.677	0	
-25.6656	-11.5091	387.456	0	
-141.353	-16.6717	739.569	0	
-126.764	-14.1043	697.545	0	
-34.9275	-16.8767	485.934	0	
-5.29753	-11.1584	193.112	0	
67.9581	-8.08312	189.318	0	
60.7654	-12.3801	91.4066	0	
117.033	-14.1535	192.217	0	
129.275	-11.3322	220.525	0	
149.361	-8.12398	205.982	0	
152.98	-7.16074	201.796	0	
-121.314	-11.1671	560.57	0	
-102.333	-6.33172	275.619	0	
-19.019	-10.3241	295.977	0	
-5.51822	-8.30058	186.628	0	
76.4066	-11.0049	179.025	0	
91.6118	-6.34255	200.206	0	
67.8432	-8.84627	180.831	0	
137.247	-12.5187	215.069	0	
-56.2557	-12.3374	321.947	0	
-55.0318	-9.76791	294.103	0	
34.7111	-9.27407	202.463	0	
41.0725	-10.0909	165.54	0	
128.878	-12.4552	213.69	0	
235.957	-15.9774	339.453	0	
-178.777	-2.9619	412.277	0	
-161.711	-4.08729	280.355	0	
-156.495	-11.7116	441.015	0	
-221.912	-14.5162	390.076	0	
-169.141	-4.00209	349.761	0	
-167.19	-4.8303	355.135	0	
163.1	-3.81426	179.731	0	
165.76	-4.22316	191.613	0	
154.638	-8.55694	194.891	0	
133.063	-15.0256	195.412	0	
-50.91	-11.0879	312.336	0	
-9.90408	-10.8371	208.687	0	
44.7605	-11.0958	133.768	0	
36.1031	-10.3589	192.521	0	
-54.2709	-14.4775	337.588	0	
-137.281	-7.66604	359.5	0	
-135.369	-10.1098	483.735	0	
-155.484	-17.2341	577.208	0	
-127.59	-13.5465	670.694	0	
-47.3705	-15.7372	378.13	0	
-31.9227	-13.8459	435.203	0	
47.1805	-14.3178	79.3912	0	
64.4571	-15.4397	73.3798	0	
129.85	-13.5259	204.439	0	
151.869	-12.8973	190.526	0	
-157.266	-14.2011	532.048	0	
43.515	-17.1369	88.2746	0	
12.3316	-9.31707	191.845	0	
89.9799	-9.95614	195.075	0	
126.204	-10.1835	224.408	0	
121.771	-10.645	212.605	0	
-167.135	-7.23969	361.15	0	
-192.539	-4.26558	449.735	0	
-130.104	-14.0863	686.957	0	
-128.22	-7.66921	369.244	0	
-230.357	-29.9463	379.231	0	
-129.356	-12.5836	611.269	0	
-132.314	-9.42633	458.131	0	
-133.383	-4.62222	255.43	0	
-166.307	-13.5038	481.876	0	
-106.316	-9.71502	423.276	0	
-131.625	-9.11273	440.444	0	
-127.668	-7.03399	336.261	0	
-129.318	-13.5765	682.968	0	
-125.533	-10.0767	493.779	0	
-131.773	-18.2596	843.342	0	
-102.12	-9.41999	403.353	0	
-130.115	-11.092	547.241	0	
-128.367	-18.4676	858.578	0	
-148.258	-15.1857	626.308	0	
-0.184266	-14.0591	200.748	0	
-125.717	-16.8134	790.607	0	
-124.701	-14.1974	720.289	0	
-63.8781	-15.2885	375.928	0	
-84.7191	-11.2362	448.353	0	
-124.766	-15.2228	739.077	0	
-121.446	-15.807	775.142	0	
-91.6409	-16.373	664.055	0	
-72.3326	-12.6778	402.727	0	
5.12367	-15.3875	205.511	0	
25.5996	-12.3004	203.807	0	
-109.012	-6.2595	286.362	0	
-117.736	-8.74585	428.459	0	
-12.5544	-6.36697	199.64	0	
-13.3789	-9.7666	228.132	0	
83.4989	-6.23938	208.406	0	
86.1818	-9.74031	199.792	0	
-83.8414	-14.5362	552.585	0	
-75.8993	-10.2326	355.06	0	
12.121	-12.4882	195.863	0	
20.1746	-10.3214	201.263	0	
-95.0224	-13.6985	625.746	0	
-90.994	-9.40255	383.86	0	
-1.3743	-10.2218	182.535	0	
5.61628	-11.7608	187.797	0	
-109.736	-12.5025	584.589	0	
-104.78	-8.69254	376.855	0	
-15.0514	-12.196	276.098	0	
-12.1806	-10.019	216.609	0	
81.6165	-12.5498	201.874	0	
86.9025	-8.65659	206.801	0	
-58.106	-10.7862	303.89	0	
-56.9493	-13.885	332.583	0	
37.0591	-11.11	178.506	0	
37.8025	-15.7477	131.058	0	
-173.564	-2.47004	401.527	0	
-165.151	-8.11045	393.628	0	
159.024	-7.9426	188.43	0	
159.058	-9.68226	190.871	0	
-36.3491	-6.66327	278.913	0	
-42.2952	-11.1632	343.926	0	
59.1438	-5.6402	222.969	0	
52.4137	-14.9259	69.2456	0	
94.3411	-11.9903	194.345	0	
138.044	-10.2134	223.665	0	
-116.584	-15.3455	747.629	0	
-120.72	-13.8385	672.128	0	
-105.302	-17.8303	782.349	0	
-90.9091	-14.035	572	0	
-62.8308	-12.9396	345.473	0	
-81.4792	-12.5577	462.631	0	
-116.69	-18.5822	851.313	0	
-101.942	-13.3379	613.035	0	
-97.5642	-12.0709	539.197	0	
-124.193	-19.4132	865.693	0	
14.335	-12.7283	199.707	0	
31.7662	-16.2241	179.145	0	
-177.258	-5.78191	435.239	0	
-175.551	-13.7225	489.723	0	
-170.014	-8.10752	412.582	0	
-170.068	-11.6224	443.213	0	
123.722	-13.2583	206.13	0	
132.505	-40.5088	184.123	0	
-118.291	-14.5248	727.532	0	
-113.261	-12.3654	592.711	0	
-93.3829	-9.43331	363.652	0	
-93.6138	-16.0889	671.732	0	
2.57101	-9.67467	182.72	0	
1.4672	-16.7027	214.254	0	
-133.049	-12.7593	621.76	0	
46.7311	-15.6814	81.8276	0	
-48.8445	-10.8988	308.744	0	
-31.0449	-11.9075	419.082	0	
-115.951	-23.1836	945.506	0	
63.8838	-13.1869	95.7634	0	
-89.2433	-18.71	700.159	0	
-88.6959	-14.349	592.881	0	
7.20096	-17.1209	209.687	0	
6.50819	-13.6231	194.526	0	
-158.473	-25.925	718.271	0	
-62.1178	-24.489	506.735	0	
-87.3706	-17.1144	647.583	0	
-82.906	-20.4294	678.746	0	
-14.2864	-13.6517	282.072	0	
129.636	-16.3531	185.138	0	
8.72034	-15.1942	197.091	0	
12.3202	-19.4849	216.172	0	
218.789	-9.67962	344.205	0	
183.637	-7.09149	299.941	0	
135.243	-14.7675	202.413	0	
139.811	-12.143	211.56	0	
-181.714	-1.61583	430.75	0	
-173.773	-5.29005	394.062	0	
162.393	-7.38227	187.705	0	
180.465	-1.61583	285.268	0	
-73.5941	-17.7199	504.573	0	
-67.7418	-14.0469	389.91	0	
18.9256	-12.2619	202.731	0	
30.3221	-13.1479	197.923	0	
-162.174	-17.4716	557.128	0	
-122.341	-20.6069	906.507	0	
-58.9719	-17.8915	388.343	0	
-0.796283	-17.1247	227.714	0	
35.3363	-16.7433	146.801	0	
107.226	-12.0515	195.433	0	
140.553	-15.3708	195.042	0	
145.813	-12.7149	196.394	0	
100.444	-14.109	183.221	0	
79.1771	-14.4419	176.418	0	
-110.107	-18.8678	829.079	0	
-97.8316	-15.148	658.241	0	
-26.4637	-12.8912	426.067	0	
-1.57515	-15.329	213.323	0	
70.7982	-11.888	148.368	0	
49.4524	-22.2564	32.1489	0	
-166.112	-27.3981	618.385	0	
-66.5906	-24.3036	546.882	0	
-77.8173	-29.1884	730.679	0	
-68.5482	-16.2923	436.575	0	
13.4656	-18.1847	214.299	0	
29.7226	-14.6413	198.426	0	
126.485	-17.7738	175.327	0	
146.707	-19.6196	182.208	0	
143.452	-20.2861	171.125	0	
140.769	-17.8767	180.841	0	
-73.2232	-14.3112	428.515	0	
-65.5498	-18.5567	431.009	0	
26.4115	-17.5003	196.345	0	
30.1668	-15.9711	183.78	0	
-97.1868	-16.9634	731.765	0	
4.35832	-21.7654	249.126	0	
28.1124	-19.5636	180.448	0	
32.5651	-21.1383	142.16	0	
-84.7755	-17.335	621.15	0	
-78.6328	-16.2509	525.872	0	
13.2196	-15.7052	205.738	0	
16.7755	-12.5556	201.023	0	
218.255	-34.6155	337.463	0	
129.919	-19.7637	172.623	0	
-152.736	-16.2622	591.648	0	
-150.381	-17.763	642.652	0	
-142.723	-18.8044	740.456	0	
-138.617	-10.9876	529.269	0	
-63.8818	-22.6981	495.458	0	
-11.8398	-16.3757	308.093	0	
32.4034	-23.0069	130.141	0	
119.984	-16.0917	183.287	0	
-127.218	-21.2298	916.462	0	
22.052	-23.4875	197.999	0	
-188.557	-1.93891	431.901	0	
-196.769	-2.32667	422.804	0	
171.733	-4.81823	229.983	0	
171.853	-8.56493	240.901	0	
197.421	-9.75588	333.402	0	
191.289	-4.26558	324.877	0	
78.663	-21.4645	134.772	0	
34.5854	-24.5503	106.217	0	
-75.575	-16.4621	503.318	0	
-68.5752	-18.7687	472.592	0	
24.4327	-16.2606	206.523	0	
29.3661	-18.2978	176.376	0	
123.1	-24.0555	155.773	0	
125.358	-37.4179	164.995	0	
-147.486	-23.075	820.456	0	
-126.927	-18.2719	842.731	0	
-92.0209	-21.9001	803.352	0	
-74.7766	-20.523	555.766	0	
-68.5585	-24.2482	564.59	0	
-63.7924	-20.8029	454.275	0	
-169.77	-21.2264	571.852	0	
-66.4046	-26.4275	569.862	0	
-135.08	-22.0994	899.501	0	
-134.363	-27.4086	950.541	0	
-72.4172	-27.2601	644.932	0	
27.2509	-23.6618	171.673	0	
-31.417	-23.6242	570.636	0	
74.3945	-17.4162	125.99	0	
-23.2416	-14.8364	437.971	0	
-13.4573	-20.3932	394.739	0	
74.9161	-15.107	144.313	0	
88.3225	-15.8571	184.17	0	
129.633	-21.7898	165.495	0	
116.75	-17.3165	173.295	0	
-104.058	-16.9106	769.36	0	
-94.2343	-20.1795	796.078	0	
-53.3298	-22.9232	442.557	0	
8.05818	-20.7773	225.46	0	
-184.618	-8.98987	440.355	0	
-185.032	-3.55475	453.3	0	
-206.623	-2.79194	407.806	0	
-179.781	-9.87097	451.72	0	
180.177	-8.24429	278.89	0	
187.785	-10.442	311.358	0	
169.409	-11.2305	231.692	0	
160.748	-13.0009	197.907	0	
-82.6708	-32.3389	813.474	0	
23.9041	-27.1605	181.337	0	
-3.50399	-19.6164	267.141	0	
88.2944	-18.0937	181.938	0	
-83.8474	-23.8793	744.211	0	
-16.1101	-26.8852	484.077	0	
14.0055	-24.1317	233.342	0	
112.674	-27.5177	148.298	0	
-18.1974	-18.7252	435.454	0	
-22.2301	-18.7678	480.505	0	
75.5914	-19.2656	111.28	0	
66.8833	-18.7227	66.3866	0	
34.779	-34.1352	92.9403	0	
119.036	-22.9975	156.369	0	
-21.0615	-28.2067	547.875	0	
-5.03896	-23.6258	340.392	0	
-127.936	-26.5076	973.575	0	
173.884	-11.6341	256.988	0	
176.165	-12.81	265.309	0	
-75.6183	-29.0249	693.539	0	
-69.3557	-25.9915	589.75	0	
-134.282	-37.6917	942.723	0	
-152.057	-27.6463	781.216	0	
20.6308	-28.6612	198.283	0	
26.9089	-25.776	163.952	0	
0.666245	-28.9595	326.333	0	
18.5895	-35.0928	224.615	0	
182.043	-14.7785	298.359	0	
227.701	-6.85826	341.345	0	
132.527	-29.6014	162.119	0	
-105.474	-31.1041	983.061	0	
31.3355	-28.8139	119.395	0	
-66.1899	-30.8966	610.309	0	
-69.7496	-34.3516	691.195	0	
-10.5295	-59.4928	466.691	0	
127.506	-25.4759	155.976	0	
27.9802	-31.7213	148.091	0	
30.8845	-37.255	127.022	0	
-110.434	-23.5758	950.859	0	
-106.841	-27.8617	975.107	0	
107.266	-24.1627	158.101	0	
97.389	-20.6362	167.942	0	
-218.447	-3.35033	392.741	0	
-175.995	-19.4449	495.08	0	
191.912	-9.23189	322.657	0	
201.219	-12.4705	337.131	0	
50.1568	-15.7542	58.0424	0	
73.3502	-22.417	76.6032	0	
-37.6708	-17.5248	466.286	0	
-24.1097	-23.9605	547.814	0	
-192.319	-8.83173	433.211	0	
-201.547	-5.11861	434.371	0	
72.0605	-25.2761	75.7295	0	
129.236	-26.5872	158.026	0	
46.2726	-31.5705	41.0532	0	
79.7963	-27.2313	106.559	0	
-63.704	-37.8984	670.955	0	
-2.69916	-26.9826	343.515	0	
81.8458	-30.904	112.573	0	
208.989	-20.8084	338.101	0	
-23.6652	-34.7781	592.7	0	
121.642	-33.2257	156.094	0	
-53.3901	-30.4592	541.852	0	
-34.5714	-32.7641	619.663	0	
103.772	-28.4343	158.303	0	
157.846	-55.8703	274.595	0	
119.742	-26.6655	152.499	0	
118.308	-36.2821	158.847	0	
116.351	-23.9179	155.751	0	
110.363	-35.9448	154.947	0	
61.2632	-30.0401	29.7287	0	
120.278	-31.0156	153.842	0	
121.519	-46.5185	184.323	0	
-183.583	-23.2797	500.651	0	
-94.5937	-29.4868	899.947	0	
-117.773	-31.521	1000.86	0	
74.7326	-34.5004	67.6784	0	
47.1071	-55.3151	100.17	0	
11.2443	-36.3904	284.397	0	
-225.327	-7.3709	388.557	0	
-187.923	-11.9402	453.141	0	
169.005	-31.2628	269.793	0	
160.701	-19.5443	214.035	0	
-196.34	-11.9773	444.261	0	
-194.679	-18.9528	441.944	0	
71.9574	-42.8935	62.7757	0	
207.712	-10.3255	339.916	0	
204.86	-2.4629	339.176	0	
-212.356	-6.14227	402.414	0	
125.454	-50.2676	199.311	0	
128.915	-43.8414	187.817	0	
213.211	-14.7209	341.819	0	
215.594	-2.82136	342.059	0	
-212.059	-40.7787	400.809	0	
100.929	-45.7139	153.431	0	
199.617	-33.3822	333.176	0	
199.849	-18.9164	338.921	0	
170.906	-18.1434	251.308	0	
136.181	-23.9103	163.365	0	
-58.4633	-22.0493	446.647	0	
-38.8945	-19.9716	505.818	0	
-54.386	-37.6489	629.591	0	
-47.6849	-24.6427	484.476	0	
-51.3445	-46.3393	660.657	0	
-44.7224	-25.8777	521.578	0	
-43.5694	-30.9909	575.163	0	
-46.1092	-41.2386	641.568	0	
36.5536	-21.2708	98.649	0	
54.9489	-19.0928	34.7642	0	
38.6224	-37.9122	78.4485	0	
49.4647	-24.8633	37.4843	0	
42.501	-41.9513	69.9861	0	
62.4188	-27.7395	34.5874	0	
51.6717	-32.4828	33.8822	0	
51.6362	-42.7109	48.7656	0	
143.167	-27.3968	173.429	0	
140.919	-44.5949	209.885	0	
-166.925	-40.7437	632.132	0	
-68.0015	-37.217	704.489	0	
-12.1017	-28.3315	454.42	0	
-6.98715	-31.4842	427.958	0	
-121.772	-35.5426	987.754	0	
-117.759	-27.9405	995.647	0	
-105.722	-43.763	958.124	0	
-99.781	-25.2037	912.046	0	
-122.418	-42.9032	947.406	0	
-87.6145	-36.8005	870.675	0	
-232.636	-4.02057	388.68	0	
-213.24	-13.2876	399.348	0	
-86.6051	-46.5208	854.956	0	
121.052	-48.718	187.17	0	
-44.7078	-34.1403	599.211	0	
-40.7839	-55.3136	619.105	0	
-35.0772	-63.2766	585.025	0	
17.7577	-53.1164	250.241	0	
65.5075	-41.5693	48.1037	0	
103.477	-53.7414	174.795	0	
159.497	-28.4762	228.042	0	
163.959	-23.584	232.897	0	
142.373	-37.7972	198.514	0	
173.713	-24.2281	274.057	0	
-5.00037	-42.2933	445.359	0	
31.9712	-40.2153	125.847	0	
-96.5907	-34.9367	940.975	0	
-96.7125	-23.6297	868.824	0	
-97.8517	-37.6303	938.149	0	
-79.175	-31.6856	784.218	0	
-156.255	-53.7106	686.103	0	
-103.056	-52.8335	873.155	0	
-92.8116	-32.0558	909.59	0	
-96.6269	-40.4625	930.222	0	
155.778	-24.0163	201.69	0	
164.788	-46.6553	285.75	0	
144.39	-50.0809	231.068	0	
154.317	-46.2331	255.389	0	
-198.382	-74.8901	384.863	0	
-67.497	-49.3701	722.779	0	
-87.707	-54.8083	801.838	0	
-87.4977	-40.0229	865.788	0	
167.389	-42.0216	276.298	0	
181.261	-39.4584	311.442	0	
-28.914	-57.2649	574.167	0	
145.527	-60.064	261.143	0	
195.371	-28.6445	327.883	0	
186.925	-15.0341	311.099	0	
82.7677	-51.8662	111.334	0	
102.78	-31.8639	144.686	0	
148.271	-52.315	256.486	0	
129.71	-58.6579	226.639	0	
112.895	-59.1961	193.596	0	
234.839	-54.167	328.411	0	
76.3067	-60.7438	116.944	0	
145.269	-68.1423	272.644	0	
-55.5358	-51.9809	687.125	0	
34.7655	-49.5141	125.666	0	
61.1936	-62.8251	109.305	0	
116.633	-73.8413	237.544	0	
55.6833	-55.2422	82.0539	0	
67.594	-45.7722	61.9471	0	
187.091	-23.2156	315.927	0	
208.311	-28.8887	340.557	0	
184.732	-44.3285	313.257	0	
184.112	-49.5716	319.665	0	
-79.3871	-75.427	640.914	0	
197.192	-48.9371	330.661	0	
232.766	-30.613	339.003	0	
-101.799	-59.4015	803.075	0	
-20.2389	-59.8892	515.353	0	
-131.471	-46.1649	904.522	0	
-70.139	-62.9436	684.36	0	
-131.162	-59.1091	749.581	0	
20.9033	-64.4663	244.54	0	
-33.7233	-58.4852	584.252	0	
-25.4788	-72.8195	461.522	0	
-42.415	-105.973	428.98	0	
16.3254	-76.265	286.975	0	
-60.9932	-71.6332	617.999	0	
77.5426	-71.3737	153.015	0	
52.7226	-67.4113	128.966	0	
54.9942	-63.5942	113.033	0	
53.9256	-93.4413	219.119	0	
89.7764	-71.4196	171.428	0	
42.5977	-81.2042	204.332	0	
128.899	-94.7566	275.701	0	
156.791	-67.4803	286.626	0	
-182.902	-45.286	500.801	0	
16.0382	-39.56	246.005	0	
-0.904014	-48.8452	392.349	0	
-2.00282	-63.0403	379.566	0	
-1.1009	-85.0172	361.085	0	
-106.251	-73.1226	687.825	0	
-28.3912	-99.7036	415.991	0	
-37.2981	-98.8247	416.874	0	
178.928	-92.102	309.576	0	
-85.0659	-81.5537	612.709	0	
173.539	-133.086	303.629	0	
3.60295	-91.6886	334.317	0	
204.961	-50.8918	328.475	0	
216.831	-62.0435	326.773	0	
-233.012	-57.9639	369.093	0	
-219.315	-46.1901	379.744	0	
137.525	-99.4124	289.208	0	
76.7236	-108.949	247.45	0	
73.6897	-81.8419	174.092	0	
-196.89	-66.301	411.782	0	
-96.6375	-109.288	441.427	0	
-0.780357	-100.562	343.117	0	
139.283	-108.207	291.491	0	
148.637	-107.676	296.736	0	
232.059	-74.1519	322.451	0	
-145.297	-75.5296	572.717	0	
-175.966	-80.4867	432.382	0	
-221.856	-75.6356	360.634	0	
204.271	-88.6875	317.409	0	
-116.821	-108.557	443.034	0	
133.303	-144.997	295.5	0	
81.9798	-94.9282	223.448	0	
122.817	-98.9552	275.856	0	
92.8813	-117.046	270.405	0	
98.691	-101.503	253.234	0	
-212.08	-104.515	344.168	0	
-180.588	-98.4826	384.051	0	
-56.8762	-94.2632	507.304	0	
-14.7044	-109.413	362.793	0	
125.329	-124.467	289.981	0	
77.3473	-118.15	267.86	0	
140.042	-136.054	296.186	0	
38.1604	-97.6888	247.261	0	
-44.2578	-120.913	390.258	0	
123.889	-107.892	280.771	0	
114.025	-135.152	287.111	0	
158.076	-136.243	301.12	0	
169.451	-109.628	304.586	0	
98.7407	-146.965	286.584	0	
126.095	-132.522	290.526	0	
136.725	-158.658	296.192	0	
79.3017	-138.618	277.542	0	
207.765	-108.751	311.048	0	
199.672	-70.1116	323.347	0	
-84.9371	-91.9824	525.115	0	
-37.2669	-127.685	366.271	0	
-147.473	-121.953	374.871	0	
-69.3125	-153.736	372.185	0	
-138.265	-112.484	415.239	0	
-117.355	-136.245	382.83	0	
188.79	-130.058	305.217	0	
227.908	-112.121	310.685	0	
-230.902	-125.331	324.16	0	
196.332	-158.59	303.884	0	
215.616	-115.109	308.486	0	
159.021	-150.402	300.459	0	
-71.0445	-134.421	384.062	0	
-84.7794	-144.99	375.138	0	
-11.9687	-145.472	329.959	0	
59.8752	-139.782	279.998	0	
-142.971	-151.902	349.774	0	
-66.2651	-0.766958	207.866	0	
-66.5593	-0.18999	208.023	0	
-65.9375	-0.215758	207.205	0	
-65.625	-0.83059	207.139	0	
-64.8745	-0.804908	206.508	0	
-65.2911	-0.996788	205.449	0	
-63.5896	-1.13158	204.043	0	
-65.2323	-1.4432	207.585	0	
-64.4427	-1.50401	206.936	0	
-65.636	-1.80188	208.645	0	
-66.1182	-3.01324	212.494	0	
-66.8325	-1.48417	207.431	0	
-67.173	-1.2985	207.33	0	
-64.8054	-2.27616	210.199	0	
-65.3961	-2.34864	209.497	0	
-63.2214	-0.877323	205.991	0	
-64.1667	-0.239636	205.392	0	
-63.9172	-0.485808	202.955	0	
-64.4427	-1.07549	204.377	0	
-63.9745	-2.28006	210.455	0	
-62.6924	-1.50078	208.811	0	
-63.5005	-0.246172	204.983	0	
-63.1303	-2.27157	211.211	0	
-63.5642	-1.56623	207.403	0	
-61.4497	-1.7806	209.965	0	
-62.3813	-0.400537	206.274	0	
-64.4261	-2.57751	210.569	0	
-62.8459	-0.199635	204.992	0	
-64.538	-3.23863	217.191	0	
-62.716	-2.50107	211.113	0	
-62.2757	-1.73741	208.256	0	
-62.7106	-2.97929	215.973	0	
-61.8968	-2.95697	216.741	0	
-63.55	-3.00553	215.863	0	
-62.7083	-4.01432	222.73	0	
-61.4918	-3.17318	216.835	0	
-61.0331	-1.54396	212.172	0	
-64.0785	-3.41814	216.157	0	
-63.132	-3.75252	222.025	0	
-62.1865	-4.93808	232.706	0	
-61.4696	-3.64388	222.519	0	
-61.8574	-3.93694	222.686	0	
-60.6644	-3.70721	222.616	0	
-61.0571	-2.49566	213.007	0	
-60.6233	-2.26773	213.442	0	
-61.6796	-4.81726	234.617	0	
-61.0529	-3.91706	223.303	0	
-60.2226	-3.97746	223.816	0	
-59.8416	-3.25896	218.339	0	
-61.3931	-0.867076	212.54	0	
-61.8491	-1.50171	211.218	0	
-60.2583	-3.0339	217.029	0	
-59.7982	-1.78525	209.968	0	
-62.6904	-4.59037	231.899	0	
-59.5804	-6.36437	251.544	0	
-60.6285	-5.28343	238.697	0	
-58.2964	-3.92739	225.868	0	
-59.4625	-2.99811	215.981	0	
-60.2352	-2.54513	213.3	0	
-61.8271	-0.200902	213.026	0	
-61.8012	-1.03446	208.312	0	
-58.9853	-1.80397	208.684	0	
-59.4059	-1.07885	207.933	0	
-61.0987	-5.38133	239.849	0	
-60.6658	-4.71467	231.842	0	
-59.0547	-3.13727	216.456	0	
-58.6249	-2.53652	212.088	0	
-60.6124	-0.893196	211.651	0	
-61.3312	-0.42869	210.544	0	
-58.0691	-0.89002	202.792	0	
-59.8782	-0.45176	209.983	0	
-60.404	-0.46168	208.516	0	
-60.2126	-1.1055	209.359	0	
-61.3308	-5.98113	246.036	0	
-58.6173	-4.54121	226.868	0	
-58.965	-3.57409	220.594	0	
-58.4734	-3.59962	218.274	0	
-58.1918	-2.30567	209.952	0	
-58.5687	-1.56733	206.171	0	
-58.9474	-0.854522	203.932	0	
-59.395	-0.217868	203.032	0	
-59.5889	-5.38458	242.141	0	
-60.2131	-4.50392	231.344	0	
-59.3372	-3.88025	223.164	0	
-59.6258	-4.87009	229.814	0	
-57.8007	-3.93925	222.357	0	
-57.5059	-3.48532	220.185	0	
-57.733	-2.55521	210.899	0	
-57.3607	-1.81466	207.033	0	
-60.1389	-5.58718	240.936	0	
-58.6223	-6.12701	253.662	0	
-57.687	-4.40051	228.948	0	
-57.1988	-4.47782	228.893	0	
-56.2863	-3.56022	218.723	0	
-57.3163	-2.3067	209.017	0	
-56.4552	-1.7073	205.649	0	
-56.9209	-1.03779	204.583	0	
-58.1805	-4.82796	235.132	0	
-58.0854	-5.47256	239.419	0	
-56.509	-4.94958	236.972	0	
-56.1876	-4.59359	232.377	0	
-56.0844	-0.983087	204.415	0	
-57.3438	-0.409571	206.065	0	
-58.4375	-0.215758	202.313	0	
-57.7126	-1.14667	205.327	0	
-56.5049	-0.783282	203.818	0	
-56.8789	-0.166826	205.16	0	
-58.8741	-0.433626	205.936	0	
-57.7566	-0.242745	200.856	0	
-58.5107	-1.06817	206.128	0	
-63.2594	-4.97093	232.087	0	
-62.2385	-5.52039	241.478	0	
-60.0281	-6.06508	249.087	0	
-59.2297	-5.97529	246.329	0	
-54.803	-1.30261	206.024	0	
-56.7866	-2.56213	209.782	0	
-59.203	-7.62726	269.224	0	
-56.9655	-6.65419	256.963	0	
-56.3271	-5.50945	242.567	0	
-55.7191	-4.69446	235.394	0	
-56.9249	-5.88918	249.268	0	
-55.5651	-5.16299	239.757	0	
-55.3611	-4.2937	227.511	0	
-55.7946	-3.31439	216.869	0	
-55.6346	-6.27988	253.029	0	
-54.1705	-6.41234	260.361	0	
-54.8492	-4.39624	233.113	0	
-53.9377	-3.65259	219.906	0	
-56.3691	-2.23826	208.443	0	
-55.8331	-2.54036	211.04	0	
-55.4013	-0.667307	203.542	0	
-56.4189	-0.384726	205.449	0	
-55.193	-0.300675	204.414	0	
-55.9984	-0.2179	203.604	0	
-55.2197	-1.23773	204.616	0	
-54.5383	-0.912027	204.736	0	
-53.8955	-1.90573	208.454	0	
-53.6322	-1.44215	207.022	0	
-54.3452	-0.179835	204.151	0	
-54.8445	-2.34674	210.361	0	
-54.8068	-3.05883	214.498	0	
-53.0637	-1.46111	206.226	0	
-52.6295	-0.923531	204.004	0	
-61.061	-6.49376	254.385	0	
-60.4256	-6.45658	254.593	0	
-61.4786	-7.25342	262.125	0	
-59.6889	-7.00225	260.644	0	
-60.8654	-7.59523	268.972	0	
-59.4203	-9.28784	287.564	0	
-54.916	-6.04716	250.273	0	
-52.3353	-5.51589	249.014	0	
-54.5114	-4.93659	233.365	0	
-53.9323	-4.69801	234.523	0	
-66.2066	-4.17875	224.085	0	
-66.1733	-4.54756	229.219	0	
-63.5616	-4.05931	223.331	0	
-65.6135	-4.06681	223.819	0	
-58.487	-7.1411	259.273	0	
-54.5133	-8.79245	285.179	0	
-52.883	-3.16198	217.703	0	
-53.5486	-2.48631	212.475	0	
-52.7055	-1.81169	207.844	0	
-52.2868	-1.11845	204.988	0	
-53.0295	-2.603	213.562	0	
-51.9025	-2.28381	209.502	0	
-51.9306	-0.877596	203.963	0	
-53.8244	-0.335502	204.347	0	
-53.1773	-3.59722	222.616	0	
-52.2755	-2.53247	213.509	0	
-51.4796	-2.4929	211.883	0	
-51.072	-1.79283	205.864	0	
-51.4887	-1.55619	205.099	0	
-52.2304	-0.236453	205.036	0	
-53.4375	-0.155667	203.676	0	
-53.1552	-0.392264	204.172	0	
-53.2458	-0.73474	203.751	0	
-52.9897	-1.02955	205.532	0	
-52.5731	-0.473051	203.983	0	
-52.9929	-4.10054	228.701	0	
-52.0155	-3.8168	224.095	0	
-51.4522	-2.95774	215.354	0	
-50.6432	-2.9488	214.443	0	
-50.2153	-1.75549	204.576	0	
-51.2329	-0.421687	201.9	0	
-51.9961	-3.28273	221.203	0	
-51.5752	-0.209627	203.656	0	
-50.6379	-4.34188	230.343	0	
-50.2383	-3.17512	217.807	0	
-49.7987	-1.51885	201.767	0	
-49.375	-0.399074	198.764	0	
-50.6994	-0.21206	200.045	0	
-50.7199	-1.07712	201.408	0	
-50.2554	-0.8423	199.311	0	
-51.4648	-3.95979	228.606	0	
-51.4395	-4.56324	233.124	0	
-50.6352	-3.88349	226.485	0	
-49.411	-3.70914	222.076	0	
-49.8054	-2.49445	210.494	0	
-48.5444	-1.77261	204.836	0	
-50.2593	-4.55937	236.315	0	
-49.8204	-3.91501	226.35	0	
-48.981	-3.97392	227.127	0	
-48.5884	-3.2573	218.58	0	
-49.3744	-2.26124	206.772	0	
-49.0051	-3.03224	213.86	0	
-50.2454	-5.17455	241.182	0	
-48.5439	-4.72703	236.033	0	
-48.9765	-4.52165	231.667	0	
-48.1261	-4.39065	231.45	0	
-48.2098	-2.99645	213.585	0	
-48.9847	-2.53818	210.592	0	
-47.7321	-1.80636	204.6	0	
-48.6547	-0.374135	198.628	0	
-50.989	-5.31315	242.768	0	
-50.9731	-6.58779	261.965	0	
-49.7028	-5.28796	245.649	0	
-48.7961	-5.86037	253.64	0	
-47.4952	-4.54706	231.281	0	
-47.3551	-2.96981	212.274	0	
-47.7718	-3.19487	216.969	0	
-47.3722	-2.53486	211.271	0	
-46.8202	-0.889503	201.083	0	
-50.1786	-0.427819	198.843	0	
-47.2385	-4.075	228.847	0	
-46.729	-3.91024	221.345	0	
-46.9389	-2.30401	206.244	0	
-47.3154	-1.56972	202.081	0	
-47.6839	-0.831524	199.282	0	
-48.1339	-0.19082	194.534	0	
-45.888	-4.18388	232.837	0	
-45.74	-3.10063	218.207	0	
-46.5169	-2.47123	210.759	0	
-46.1078	-1.813	204.381	0	
-46.3969	-3.0095	211.535	0	
-45.3039	-3.64201	219.786	0	
-45.1964	-1.71345	204.969	0	
-45.6688	-1.03807	200.6	0	
-44.1668	-3.49687	223.886	0	
-44.4601	-2.41005	211.229	0	
-44.8362	-0.977742	202.391	0	
-46.0949	-0.41001	199.233	0	
-47.1875	-0.215758	202.651	0	
-46.4628	-1.1445	201.04	0	
-45.2567	-0.784634	200.596	0	
-45.6289	-0.167782	198.804	0	
-47.613	-0.406578	199.148	0	
-46.5077	-0.242228	201.407	0	
-47.2584	-1.07222	201.167	0	
-53.5084	-4.98035	240.277	0	
-52.676	-5.04549	238.954	0	
-48.5051	-6.58101	260.055	0	
-47.3274	-5.02067	244.822	0	
-45.0797	-2.3217	206.3	0	
-44.1096	-1.92375	206.873	0	
-44.1656	-0.648229	202.515	0	
-45.1719	-0.385099	199.998	0	
-43.9573	-0.287339	202.558	0	
-44.7514	-0.217318	202.838	0	
-43.9916	-1.16971	203.431	0	
-42.9072	-0.498305	201.916	0	
-43.5622	-1.9087	207.389	0	
-42.6337	-0.326934	200.531	0	
-43.6059	-0.45871	200.462	0	
-42.7441	-1.03158	203.678	0	
-41.875	-0.142022	205.61	0	
-42.5836	-1.80484	207.367	0	
-42.1128	-0.799284	204.224	0	
-41.6237	-0.860308	204.838	0	
-42.8125	-0.101189	201.094	0	
-43.0861	-0.272559	199.691	0	
-43.3986	-0.171371	201.92	0	
-43.3975	-0.825341	202.581	0	
-43.2152	-2.45445	210.386	0	
-42.6814	-2.43287	209.499	0	
-42.1804	-2.9033	215.558	0	
-41.5549	-1.8346	208.259	0	
-41.2071	-1.38644	204.552	0	
-40.1482	-1.95122	202.526	0	
-52.3005	-4.69672	236.383	0	
-53.1176	-4.67289	235.775	0	
-51.3644	-5.69886	251.844	0	
-51.0061	-4.71262	237.609	0	
-51.3463	-6.35001	257.706	0	
-50.6068	-5.55758	248.628	0	
-52.0751	-6.62767	261.272	0	
-50.7352	-7.22703	271.018	0	
-50.9224	-7.87395	279.582	0	
-50.2391	-6.42772	263.413	0	
-48.5768	-8.54417	287.053	0	
-49.4491	-6.89022	267.725	0	
-50.2601	-7.05081	266.977	0	
-49.8343	-7.32022	272.878	0	
-49.6657	-8.04087	278.373	0	
-47.8299	-6.61123	263.574	0	
-53.394	-5.87069	249.796	0	
-52.6625	-6.03363	254.125	0	
-50.2786	-8.41838	283.721	0	
-52.0344	-8.69426	285.967	0	
-48.9537	-7.86512	281.803	0	
-45.7343	-8.25125	290.119	0	
-63.9649	-6.64797	256.664	0	
-62.2511	-8.73676	281.365	0	
-66.5128	-3.98505	222.249	0	
-67.6515	-4.06186	222.504	0	
-59.7226	-8.4976	279.203	0	
-57.5839	-8.60238	278.012	0	
-47.5352	-6.02783	254.313	0	
-46.5829	-6.04646	255.93	0	
-42.2247	-3.70049	224.124	0	
-40.2915	-2.48073	209.956	0	
-66.1194	-5.66785	242.363	0	
-65.1378	-4.98707	234.893	0	
-67.1882	-2.48798	211.005	0	
-67.8145	-4.32031	224.162	0	
-66.435	-5.81984	244.66	0	
-65.0856	-5.73387	242.078	0	
-68.1402	-1.83986	206.134	0	
-68.831	-2.66071	207.5	0	
-68.0772	-4.89788	231.875	0	
-66.6819	-6.36966	252.111	0	
-66.8241	-5.28802	236.683	0	
-66.4275	-7.03479	262.136	0	
-67.4121	-5.74763	243.3	0	
-67.3405	-6.53004	253.999	0	
-65.7972	-7.50784	268.166	0	
-65.399	-7.81838	271.992	0	
-69.8522	-4.61596	228.026	0	
-68.9151	-7.01206	264.833	0	
-66.7504	-8.19698	280.721	0	
-65.9921	-9.69323	302.842	0	
-64.1313	-9.72076	297.389	0	
-62.4396	-6.83321	259.483	0	
30.3125	-0.215758	210.25	0	
31.0047	-0.910268	208.165	0	
31.3172	-1.39816	207.063	0	
32.2992	-1.78004	210.465	0	
29.9849	-0.766958	203.532	0	
30.625	-0.396018	207.454	0	
30.625	-0.827535	209.117	0	
124.691	-0.18999	183.562	0	
127.801	-1.05211	194.64	0	
-115.923	-1.2985	169.702	0	
127.083	-0.301598	196.294	0	
-114.85	-2.71056	185.002	0	
-114.607	-3.32904	200.34	0	
-113.296	-3.58383	198.099	0	
-139.676	-1.29981	193.762	0	
-138.6	-2.71056	199.778	0	
-138.358	-3.32781	211.285	0	
-137.167	-3.43082	207.302	0	
125.938	-0.183316	191.871	0	
126.354	-0.484914	191.877	0	
124.985	-0.766958	186.941	0	
125.625	-0.83059	190.836	0	
126.146	-0.91643	190.785	0	
-19.673	-1.2985	223.685	0	
-18.5995	-2.71056	215.031	0	
-18.3573	-3.32904	214.968	0	
-17.1608	-3.43424	209.1	0	
-69.5833	-0.240555	204.069	0	
-68.125	-0.360901	201.735	0	
-68.4375	-0.180445	202.908	0	
-67.8124	-0.902258	203.762	0	
-67.1825	-0.912873	206.351	0	
-72.0833	-0.233607	201.802	0	
-68.4583	-0.914235	202.254	0	
-67.8125	-1.27911	205.381	0	
-66.8669	-0.741951	207.812	0	
-69.198	-1.06781	202.089	0	
-67.8319	-2.05376	206.491	0	
-68.4596	-1.2764	203.498	0	
-67.491	-1.88478	207.917	0	
-66.5776	-0.917831	207.918	0	
-67.4951	-0.365785	204.631	0	
-69.5931	-1.03246	201.603	0	
-69.8179	-1.37074	201.768	0	
-68.8867	-1.36986	202.988	0	
-68.4614	-1.99678	205.193	0	
-67.1631	-2.1029	207.985	0	
-66.8171	-1.89298	209.271	0	
-66.2468	-0.405748	208.656	0	
-69.8958	-0.409544	199.942	0	
-70.2241	-1.3479	201.692	0	
-68.8746	-1.7112	203.69	0	
-68.1744	-2.68388	208.827	0	
-67.5397	-2.64343	210.093	0	
-66.5126	-2.5833	213.048	0	
-66.0834	-1.71874	208.449	0	
-65.9558	-1.00848	207.364	0	
-66.5527	-1.27442	208.147	0	
-66.1361	-1.33931	208.179	0	
-66.8669	-0.375319	208.348	0	
-67.1826	-0.185329	207.853	0	
-70.9375	-0.215758	200.691	0	
-69.8951	-0.747092	202.212	0	
-70.4669	-1.68444	201.583	0	
-70.2413	-2.07434	203.28	0	
-69.1316	-2.31582	205.753	0	
-68.4721	-2.46723	208.42	0	
-68.1107	-3.07733	213.09	0	
-67.1844	-3.48284	217.129	0	
-69.7908	-2.0684	203.793	0	
-69.9776	-3.96975	216.89	0	
-68.3287	-3.36334	213.16	0	
-67.5688	-3.35685	216.381	0	
-67.6929	-3.02032	212.643	0	
-66.8702	-2.7987	211.683	0	
-68.7513	-3.16337	213.201	0	
-69.2675	-4.76057	226.357	0	
-68.1964	-4.26828	225.083	0	
-67.8473	-3.72137	217.869	0	
-68.3974	-4.64462	225.103	0	
-67.6539	-4.67488	229.21	0	
-69.1008	-3.47149	213.058	0	
-69.7301	-2.85114	207.739	0	
-68.9046	-4.43991	226.842	0	
-67.7089	-6.46186	251.98	0	
-67.2882	-4.78264	230.41	0	
-66.9111	-4.17825	224.446	0	
-67.2051	-5.14141	235.387	0	
-66.4757	-5.10485	234.695	0	
-67.4917	-5.38626	237.161	0	
-67.0788	-5.85424	244.056	0	
-67.9981	-5.25049	236.811	0	
-68.4423	-5.53785	240.326	0	
-67.0059	-6.19089	250.901	0	
-66.4123	-6.21337	249.896	0	
-67.7076	-6.0161	248.334	0	
-66.6916	-6.7798	257.156	0	
-66.0545	-6.41791	252.036	0	
-65.7768	-5.83117	243.986	0	
-68.0197	-7.43107	281.024	0	
-66.4788	-7.42562	267.462	0	
-67.1596	-6.88879	262.279	0	
-67.3351	-7.33523	261.822	0	
-66.06	-6.82918	259.452	0	
-65.1969	-6.8546	260.571	0	
-65.4779	-5.60801	240.977	0	
-65.8	-5.0892	235.394	0	
-68.2314	-5.94209	245.355	0	
-68.3619	-7.10256	258.314	0	
-66.1637	-7.65849	272.635	0	
-65.7448	-7.06936	261.524	0	
-68.305	-8.25347	276.768	0	
-65.4877	-8.82853	291.218	0	
-64.8421	-6.15354	249.112	0	
-64.9032	-4.32822	226.649	0	
-65.8293	-4.70918	229.96	0	
-66.5063	-4.72811	230.108	0	
-66.2169	-8.20935	276.527	0	
-64.4616	-7.69142	271.142	0	
-64.3599	-6.21121	247.071	0	
-64.4366	-5.3497	237.222	0	
-64.854	-5.33942	238.1	0	
-63.7069	-4.70167	231.066	0	
-65.5618	-4.46805	228.038	0	
-65.9142	-3.93915	223.365	0	
-67.4523	-8.73754	297.667	0	
-67.1189	-9.72133	304.771	0	
-65.6892	-8.3381	279.131	0	
-64.7141	-8.60042	279.378	0	
-65.1631	-4.60556	228.569	0	
-65.2157	-3.943	223.621	0	
-66.1336	-3.55329	218.303	0	
-66.5261	-3.6073	218.855	0	
-66.8681	-3.28265	216.466	0	
-67.2406	-4.00069	220.696	0	
-71.3688	-0.973484	200.723	0	
-70.625	-0.384747	199.4	0	
-70.625	-0.816264	200.951	0	
-70.8817	-1.62973	201.764	0	
-71.1093	-2.02292	201.854	0	
-70.1906	-2.83438	206.793	0	
-69.5222	-2.423	205.08	0	
-69.9788	-6.02501	252.101	0	
-69.0622	-5.40187	238.355	0	
-68.4684	-6.35083	252.589	0	
-68.9352	-6.48344	252.468	0	
-63.9684	-7.3523	264.599	0	
-63.2789	-5.44774	239.434	0	
-64.469	-4.37896	227.306	0	
-64.2197	-4.84984	231.441	0	
-72.3327	-0.479865	196.547	0	
-71.4922	-2.01698	201.954	0	
-70.9521	-1.17139	199.503	0	
-71.8527	-1.24256	198.458	0	
-71.7931	-2.48291	203.299	0	
-71.6087	-2.97869	206.866	0	
-70.6485	-3.1769	211.185	0	
-69.588	-3.3509	212.775	0	
-70.3076	-5.34355	235.429	0	
-70.2293	-6.95513	259.761	0	
-62.934	-7.64624	268.497	0	
-62.885	-6.09579	246.831	0	
-63.4751	-6.61309	253.469	0	
-62.416	-6.38388	249.345	0	
-72.4073	-1.91861	200.396	0	
-72.7454	-2.91127	207.663	0	
-71.6319	-3.98045	218.024	0	
-70.5776	-3.81252	214.415	0	
-61.9637	-5.99936	246.367	0	
-62.7619	-5.64948	242.234	0	
-73.4375	-0.215758	199.223	0	
-69.1667	-0.240555	203.245	0	
-71.6667	-0.233607	201.426	0	
-72.7124	-1.16261	197.452	0	
-75.2376	-2.8307	206.665	0	
-72.7493	-0.246258	197.949	0	
-73.6458	-1.01391	198.409	0	
-72.824	-1.68197	200.3	0	
-71.8527	-1.67711	200.845	0	
-73.7882	-1.44253	199.925	0	
-73.2214	-2.79463	204.178	0	
-71.0325	-4.20346	221.213	0	
-71.2153	-7.12337	278.268	0	
-72.7411	-9.20296	324.368	0	
-67.7678	-10.5398	329.606	0	
-63.3998	-6.13661	248.455	0	
-62.9838	-7.0216	259.585	0	
-63.4288	-7.94207	272.569	0	
-62.0232	-7.40186	264.064	0	
-67.1215	-11.7622	348.102	0	
-65.0939	-10.2121	313.87	0	
-73.6634	-3.6718	210.571	0	
-72.4964	-3.47493	209.892	0	
-73.0462	-3.93385	221.37	0	
-70.8878	-5.08828	230.655	0	
-72.9342	-6.05299	248.337	0	
-71.9139	-6.26583	246.143	0	
-74.6709	-1.50408	200.251	0	
-74.2432	-2.10391	201.883	0	
-63.4638	-8.65459	284.242	0	
-62.8489	-9.10169	288.909	0	
-74.2784	-3.83548	217.871	0	
-73.4214	-5.09996	238.087	0	
-64.2559	-8.97383	293.317	0	
-61.5388	-9.09075	289.308	0	
-63.0913	-9.79637	298.193	0	
-63.0762	-11.6309	323.55	0	
-74.7714	-2.62572	205.783	0	
-75.3797	-4.47451	225.468	0	
-76.1131	-2.67252	205.084	0	
-77.2282	-2.01787	200.005	0	
-76.8843	-4.88777	226.361	0	
-75.6008	-5.90378	247.341	0	
-77.7912	-3.2988	211.944	0	
-76.2652	-3.61308	213.921	0	
-158.125	-0.165467	260.052	0	
-158.609	-0.463959	264.456	0	
-157.433	-1.39816	259.391	0	
-156.308	-1.38607	265.54	0	
-159.234	-0.298492	267.813	0	
-158.817	-1.39816	254.46	0	
-160.431	-0.37118	206.817	0	
-160.566	-1.56128	228.418	0	
-162.342	-2.38632	250.142	0	
-160.848	-0.867656	176.213	0	
-160.662	-2.79339	247.498	0	
-164.274	-4.37449	315.424	0	
-160.509	-3.56034	242.956	0	
-159.33	-3.99813	262.706	0	
-159.862	-2.41441	236.676	0	
77.5114	-0.734618	239.163	0	
79.783	-1.03873	237.906	0	
-155	-0.467065	264.661	0	
79.619	-0.553858	237.066	0	
-153.958	-1.40127	267.69	0	
53.7614	-0.734618	231.209	0	
-154.167	-0.301598	280.786	0	
56.033	-1.03873	231.37	0	
-153.75	-0.467065	276.652	0	
55.869	-0.553858	231.333	0	
-152.849	-0.895475	262.67	0	
-152.433	-1.39816	252.257	0	
-151.284	-0.746867	251.135	0	
-151.28	-0.380562	250.569	0	
-150.622	-0.368067	248.065	0	
-150.938	-0.183316	251.5	0	
-150.305	-0.920708	245.492	0	
-149.048	-0.846733	248.821	0	
-151.8	-0.197247	249.436	0	
-151.812	-1.33295	249.052	0	
-150.309	-1.39588	245.657	0	
-148.84	-0.415216	247.544	0	
-151.738	-0.862043	250.329	0	
-150.629	-1.59524	244.629	0	
-150.945	-1.30162	246.834	0	
-149.96	-2.42753	244.674	0	
-149.062	-0.142282	249.223	0	
-149.997	-0.362392	243.544	0	
-151.361	-1.60315	246.022	0	
-150.497	-2.45625	244.676	0	
-151.243	-2.06291	245.014	0	
-151.191	-2.86276	247.07	0	
-148.556	-1.27168	246.154	0	
-147.89	-1.17273	240.658	0	
-149.683	-0.978483	246.356	0	
-149.375	-0.319924	248.978	0	
-149.375	-0.75144	247.556	0	
-151.249	-3.72826	256.613	0	
-150.759	-3.77224	251.5	0	
-152.471	-2.64133	249.183	0	
-151.469	-3.25278	246.386	0	
-151.528	-4.3994	252.27	0	
-151.03	-4.77988	273.933	0	
-152.886	-3.39156	251.888	0	
-151.942	-3.20982	250.239	0	
-150.51	-4.26934	255.407	0	
-149.723	-3.79941	251.475	0	
-149.982	-3.34692	248.191	0	
-148.362	-1.66691	243.654	0	
-150.003	-4.27939	255.803	0	
-148.625	-2.45746	243.241	0	
-149.613	-4.90299	270.146	0	
-149.136	-3.89734	255.534	0	
-148.791	-3.46655	246.437	0	
-147.685	-3.9992	253.893	0	
-149.913	-5.82139	280.25	0	
-148.009	-6.11781	289.803	0	
-146.694	-3.11755	236.882	0	
-147.318	-2.88331	239.21	0	
-156.724	-0.286396	287.252	0	
-155.208	-0.898582	276.861	0	
-156.865	-1.25304	272.396	0	
-155.891	-0.88338	271.432	0	
-146.875	-0.399074	230.668	0	
-147.549	-0.422809	237.34	0	
-147.558	-0.956397	238.256	0	
-146.875	-0.83059	233.11	0	
-146.635	-1.63922	230.917	0	
-146.553	-1.14845	228.032	0	
-145.206	-1.95591	220.068	0	
-148.07	-0.207051	249.335	0	
-148.283	-0.912074	246.063	0	
-148.954	-1.27111	245.935	0	
-147.945	-1.63383	241.606	0	
-149.15	-1.79553	245.117	0	
-148.733	-2.03216	244.333	0	
-147.708	-1.97791	239.284	0	
-147.197	-1.18086	233.894	0	
-148.016	-2.43628	241.782	0	
-147.051	-2.36691	236.057	0	
-146.631	-2.40571	231.73	0	
-146.413	-2.02266	230.228	0	
-146.457	-2.78336	234.011	0	
-146.015	-2.77163	229.598	0	
-145.63	-1.726	224.016	0	
-146.137	-0.956569	229.367	0	
-147.135	-3.2563	241.346	0	
-146.511	-3.50338	241.818	0	
-145.382	-3.09209	230.185	0	
-145.157	-2.71389	223.901	0	
-147.155	-3.79036	244.241	0	
-146.727	-3.90237	243.252	0	
-146.297	-4.35331	257.281	0	
-146.079	-3.49595	234.607	0	
-145.21	-3.48163	231.061	0	
-144.774	-3.50562	231.217	0	
-144.529	-2.35427	217.067	0	
-144.752	-1.96184	215.958	0	
-145.661	-3.73869	243.686	0	
-145.216	-4.41833	250.608	0	
-144.129	-3.88766	234.669	0	
-143.917	-3.49834	224.004	0	
-143.934	-2.73098	216.014	0	
-143.884	-1.98396	211.015	0	
-144.786	-1.24831	213.479	0	
-145.63	-1.29748	219.768	0	
-145.185	-5.03351	263.527	0	
-144.738	-5.14205	259.357	0	
-145.778	-5.49556	280.519	0	
-146.826	-6.62733	306.779	0	
-144.392	-6.03016	290.604	0	
-143.948	-4.26605	237.025	0	
-144.147	-4.66747	250.697	0	
-143.445	-4.28979	242.19	0	
-143.326	-3.0767	216.729	0	
-143.515	-2.72079	214.808	0	
-142.774	-1.77279	204.084	0	
-143.358	-1.10898	208.769	0	
-144.526	-0.907572	212.3	0	
-145.189	-0.532199	213.168	0	
-143.868	-1.19296	208.323	0	
-144.338	-0.183493	205.587	0	
-143.883	-5.03635	253.617	0	
-143.163	-4.72657	237.702	0	
-141.594	-3.87169	222.065	0	
-142.275	-3.23252	216.841	0	
-142.911	-3.07704	215.132	0	
-142.655	-2.68934	211.063	0	
-142.127	-0.978704	199.314	0	
-143.259	-0.240459	210.167	0	
-143.999	-5.43306	270.973	0	
-143.586	-5.82408	279.077	0	
-143.505	-1.97803	208.731	0	
-144.109	-2.37964	214.956	0	
-142.838	-3.83056	228.562	0	
-142.216	-2.74235	208.368	0	
-144.055	-0.855468	211.171	0	
-142.957	-0.587994	201.136	0	
-144.452	-5.5591	268.854	0	
-143.763	-6.22016	288.235	0	
-143.454	-6.9853	336.629	0	
-141.866	-6.67997	319.235	0	
-142.447	-4.17612	227.071	0	
-142.092	-3.69711	220.553	0	
-142.554	-4.67284	251.266	0	
-142.354	-5.7869	280.093	0	
-141.891	-2.40719	202.375	0	
-142.357	-1.53615	200.298	0	
-141.389	-2.57007	204.991	0	
-141.464	-1.67125	199.686	0	
-140.756	-7.12345	324.759	0	
-139.77	-5.63392	273.746	0	
-141.227	-3.30131	211.5	0	
-139.697	-2.89741	204.725	0	
-140.631	-3.4155	213.638	0	
-140.185	-4.07446	224.95	0	
-140.567	-4.94405	243.955	0	
-138.538	-4.64282	239.08	0	
-144.867	-6.48255	302.057	0	
-145.75	-6.28866	301.519	0	
-144.783	-7.38486	341.582	0	
-143.999	-7.69762	334.72	0	
34.8958	-0.517356	218.957	0	
37.3502	-1.7473	223.751	0	
26.6667	-0.240555	194.278	0	
37.0833	-0.301598	225.624	0	
28.125	-0.360901	198.505	0	
27.8125	-0.180445	199.65	0	
28.4376	-0.902258	197.373	0	
29.0675	-0.912873	197.352	0	
24.375	-0.233607	180.673	0	
27.7917	-0.914235	197.951	0	
28.4375	-1.27911	197.885	0	
29.3831	-0.741951	198.799	0	
27.052	-1.06781	197.796	0	
28.1098	-1.83986	197.405	0	
27.7904	-1.2764	197.441	0	
28.759	-1.88478	198.068	0	
29.6724	-0.917831	199.62	0	
28.7549	-0.365785	196.588	0	
26.6569	-1.03246	197.294	0	
26.4321	-1.37074	197.338	0	
27.3633	-1.36986	196.879	0	
27.3754	-1.7112	197.416	0	
29.3192	-2.62471	198.178	0	
29.1251	-2.12843	197.475	0	
30.0032	-0.405748	200.368	0	
26.3542	-0.409544	199.239	0	
26.0259	-1.3479	196.124	0	
27.7886	-1.99678	196.567	0	
27.3726	-2.68138	195.831	0	
29.9979	-2.72885	199.398	0	
30.0816	-1.32508	202.229	0	
29.3851	-1.46994	198.158	0	
30.2942	-1.00848	203.033	0	
29.4387	-1.90428	199.315	0	
29.9934	-2.19398	200.324	0	
29.3831	-0.375319	196.596	0	
29.0674	-0.185329	197.59	0	
25.3125	-0.215758	194.255	0	
26.3549	-0.747092	195.758	0	
25.7831	-1.68444	196.059	0	
26.0087	-2.07434	195.071	0	
27.1004	-2.39357	196.417	0	
27.7494	-2.41015	196.465	0	
28.3579	-3.98703	195.834	0	
28.9168	-2.91972	196.346	0	
26.4592	-2.0684	196.464	0	
26.4915	-2.90411	195.257	0	
27.3684	-3.15748	195.033	0	
28.0345	-2.79189	195.706	0	
30.2429	-3.36233	199.023	0	
31.09	-1.96032	205.519	0	
24.8812	-0.973484	188.994	0	
25.625	-0.384747	199.233	0	
25.625	-0.816264	194.555	0	
25.3683	-1.62973	193.074	0	
25.1407	-2.02292	193.1	0	
26.0489	-2.80959	193.736	0	
26.7098	-2.50075	195.716	0	
26.634	-3.49388	193.523	0	
27.8353	-3.70816	194.965	0	
22.5072	-0.731718	180.352	0	
24.7578	-2.01698	189.551	0	
25.2979	-1.17139	194.904	0	
24.379	-1.27478	188.796	0	
24.4569	-2.48291	189.304	0	
24.6413	-2.97869	188.854	0	
25.591	-3.15212	192.624	0	
26.2623	-4.03497	193.023	0	
27.3022	-4.02336	194.097	0	
27.0477	-3.61269	194.646	0	
23.8682	-1.92657	187.202	0	
23.5338	-2.76993	186.951	0	
24.6181	-3.98045	189.02	0	
25.6619	-3.78773	191.716	0	
25.276	-4.9794	191.276	0	
27.0833	-0.240555	191.862	0	
28.4616	-6.929	199.72	0	
27.6418	-5.21207	194.89	0	
29.7064	-4.72537	197.471	0	
22.6687	-1.48446	182.625	0	
22.9717	-2.4635	184.023	0	
21.5741	-1.29981	179.918	0	
22.5598	-2.78938	185.518	0	
21.5089	-3.66115	185.876	0	
23.7391	-3.35784	186.478	0	
22.9485	-5.09406	190.425	0	
23.3092	-3.81086	188.348	0	
23.5278	-4.58741	187.271	0	
24.5902	-5.24221	189.963	0	
23.3158	-6.05299	189.631	0	
24.2499	-6.15695	192.094	0	
24.8634	-6.85097	193.983	0	
25.9679	-5.45056	192.905	0	
-140	-0.36376	191.816	0	
-139.372	-0.368067	189.542	0	
-139.688	-0.183316	186.866	0	
-139.055	-0.920708	190.983	0	
-137.798	-0.846733	186.034	0	
-140.938	-0.180456	205.306	0	
-140.625	-0.360901	199.81	0	
-140.315	-1.28335	196.934	0	
-139.688	-0.913707	191.839	0	
-139.001	-1.43663	191.32	0	
-137.59	-0.415216	194.511	0	
-141.283	-0.380108	201.626	0	
-140.312	-0.180445	205.051	0	
-140.955	-1.26995	199.614	0	
-140.647	-1.4687	196.173	0	
-139.997	-1.88463	196.355	0	
-137.812	-0.142282	188.54	0	
-138.747	-0.362392	191.587	0	
-142.013	-0.199652	198.588	0	
-142.336	-0.547187	202.265	0	
-140.936	-0.901287	198.933	0	
-141.12	-2.1597	198.685	0	
-139.52	-2.0266	196.913	0	
-139.306	-1.63672	193.145	0	
-141.282	-0.74005	202.574	0	
-141.594	-0.99111	200.278	0	
-137.675	-1.22012	185.792	0	
-136.354	-1.37921	179.495	0	
-138.433	-0.978483	189.731	0	
-138.125	-0.319924	189.914	0	
-138.125	-0.75144	191.557	0	
-137.863	-1.63654	188.814	0	
-141.596	-0.199652	204.979	0	
-136.96	-1.46336	181.365	0	
-137.154	-1.06814	181.308	0	
-136.965	-0.552469	175.174	0	
-135.625	-0.379194	179.434	0	
-138.346	-1.82155	190.265	0	
-138.253	-2.33269	195.955	0	
32.4706	-0.413249	213.1	0	
35.3006	-1.05211	219.194	0	
-135.938	-0.197993	179.321	0	
34.5833	-0.301598	216.729	0	
-134.997	-0.723607	179.901	0	
-135.312	-0.181202	181.802	0	
-135.625	-0.810711	179.364	0	
-134.684	-0.909036	182.141	0	
-134.367	-0.73471	181.139	0	
-134.685	-0.181878	177.908	0	
-135.312	-0.973245	180.295	0	
-135.217	-1.46532	183.592	0	
-134.493	-1.77252	187.92	0	
-133.983	-0.967377	187.633	0	
-136.151	-1.82364	184.481	0	
-134.367	-0.368079	183.237	0	
-134.613	-2.37615	188.605	0	
-132.709	-1.64639	190.857	0	
-133.716	-0.376319	190.118	0	
-133.195	-0.970407	189.678	0	
-133.201	-0.190118	191.706	0	
-133.12	-1.44844	185.297	0	
-132.291	-0.93503	187.585	0	
-132.649	-2.22221	191.414	0	
-131.088	-1.37856	180.7	0	
-131.127	-0.670421	175.821	0	
-132.714	-0.392773	191.674	0	
-131.562	-0.169315	174.69	0	
-132.222	-0.202655	173.635	0	
-131.863	-1.59446	188.091	0	
-130.815	-0.932622	179.195	0	
-129.929	-2.00876	177.783	0	
-130.318	-0.910507	170.507	0	
-130.617	-0.169395	175.528	0	
-131.909	-0.371971	181.917	0	
-131.552	-0.867657	182.039	0	
-130.11	-1.27645	176.072	0	
-129.32	-0.973271	165.342	0	
-136.48	-2.44997	192.345	0	
-135.238	-2.3675	192.155	0	
-134.193	-2.7488	202.782	0	
-133.576	-1.81531	191.704	0	
-133.657	-2.44669	193.365	0	
-132.584	-3.49123	218.653	0	
-131.124	-2.39085	192.429	0	
-130.856	-3.15866	195.023	0	
-130.345	-1.77212	178.056	0	
-129.506	-1.65009	174.303	0	
-129.624	-1.29153	171.24	0	
-129.389	-0.526681	163.495	0	
-128.856	-0.863264	164.609	0	
-129.055	-1.73978	175.836	0	
-128.543	-1.0777	166.464	0	
-129.536	-2.51145	187.384	0	
-128.472	-2.7124	185.047	0	
-128.019	-0.881981	166.653	0	
-128.404	-0.199589	165.715	0	
-127.047	-4.60567	220.28	0	
-128.118	-2.38525	177.694	0	
-127.245	-2.36844	178.404	0	
-128.16	-1.76743	173.443	0	
-127.531	-1.04902	169.439	0	
-127.115	-0.617507	168.64	0	
-137.111	-2.66867	196.573	0	
-128.019	-0.450465	166.123	0	
-136.485	-3.86517	216.085	0	
-134.37	-3.5202	211.097	0	
-133.142	-3.28228	209.033	0	
-126.324	-2.64243	184.955	0	
-126.382	-2.00609	177.598	0	
-135.715	-3.40512	208.62	0	
-135.175	-6.81381	319.513	0	
-126.506	-2.96772	190.882	0	
-125.355	-3.00074	189.239	0	
-132.548	-4.37309	227.864	0	
-129.503	-3.86419	210.415	0	
-126.936	-3.66004	198.672	0	
-123.022	-5.18453	238.691	0	
-123.884	-3.89292	206.206	0	
-124.464	-1.87789	175.125	0	
-134.791	-5.82024	289.468	0	
-133.607	-7.46893	351.228	0	
-131.712	-4.46143	233.988	0	
-130.227	-5.29365	266.85	0	
-122.35	-2.71056	174.582	0	
-122.547	-1.49882	166.86	0	
-122.574	-3.63606	194.329	0	
-120.493	-2.422	175.442	0	
127.396	-0.517356	191.99	0	
129.56	-1.45463	203.221	0	
129.851	-1.93041	203.177	0	
129.599	-0.53519	202.875	0	
130.2	-1.0851	203.131	0	
129.532	-2.36165	209.124	0	
130.794	-2.39685	209.544	0	
131.417	-2.48932	212.947	0	
131.429	-1.44736	206.872	0	
131.67	-3.20801	216.882	0	
132.392	-3.3005	218.675	0	
129.807	-0.233592	185.205	0	
129.784	-1.02007	196.765	0	
130.943	-0.916578	203.95	0	
130.537	-0.783538	206.916	0	
130.537	-0.416907	201	0	
131.013	-1.38248	205.519	0	
131.998	-0.4556	202.709	0	
132.311	-0.275155	204.124	0	
131.25	-0.36376	203.172	0	
132.519	-1.37483	208.31	0	
133.673	-1.96659	212.298	0	
131.568	-0.978592	204.045	0	
130.191	-3.71515	217.342	0	
132.244	-4.69844	227.865	0	
133.608	-3.69682	220.007	0	
132.798	-2.60076	214.186	0	
134.064	-4.20457	222.541	0	
134.758	-1.44103	208.059	0	
132.733	-5.44101	229.293	0	
135.202	-4.67505	223.612	0	
134.089	-1.72995	208.592	0	
133.507	-2.53805	214.085	0	
130.944	-6.23067	230.938	0	
134.883	-5.30303	227.926	0	
135.886	-4.6384	224.219	0	
136.442	-2.41539	214.024	0	
134.14	-6.81147	232.538	0	
136.702	-6.45255	228.676	0	
136.269	-5.22588	226.331	0	
137.555	-2.99535	219.432	0	
136.201	-3.97302	220.524	0	
136.936	-4.03925	222.938	0	
139.376	-0.735515	221.9	0	
142.283	-1.03873	222.613	0	
120.625	-0.399074	187.28	0	
142.119	-0.553858	220.553	0	
119.375	-0.233607	170.307	0	
119.855	-0.86823	176.941	0	
120.625	-0.83059	180.135	0	
121.452	-1.79948	189.849	0	
121	-1.06873	187.689	0	
122.791	-0.914438	187.47	0	
117.511	-0.734618	175.435	0	
120.272	-1.06614	185.768	0	
119.339	-1.14659	181.643	0	
120.627	-2.26818	186.018	0	
119.822	-1.76111	186.309	0	
119.789	-2.25848	183.965	0	
121.051	-2.51774	191.8	0	
121.916	-1.49515	183.908	0	
119.257	-2.54986	189.601	0	
121.049	-3.01299	190.643	0	
120.621	-3.34355	194.98	0	
123.333	-1.97182	186.445	0	
121.417	-0.876848	179.731	0	
121.036	-1.56284	183.236	0	
118.068	-1.75355	181.495	0	
118.135	-3.03163	187.798	0	
119.673	-3.49972	194.531	0	
119.675	-4.1609	196.895	0	
121.509	-3.29374	194.821	0	
123.365	-4.32744	199.88	0	
120.691	-3.97917	195.905	0	
121.611	-3.87997	195.559	0	
121.222	-4.23484	199.866	0	
122.473	-3.5874	195.137	0	
121.382	-5.10288	202.328	0	
121.957	-5.37776	206.545	0	
120.337	-5.04851	201.726	0	
120.797	-6.42069	209.656	0	
122.162	-6.35896	210.062	0	
122.885	-6.50938	212.539	0	
118.538	-4.23888	196.455	0	
120.915	-5.51181	206.211	0	
118.246	-5.9729	205.666	0	
119.275	-6.0558	207.712	0	
119.581	-5.23123	204.001	0	
119.913	-6.78196	210.203	0	
117.345	-7.59404	212	0	
120.412	-8.8448	215.177	0	
-121.562	-0.183316	164.494	0	
-123.124	-0.735515	168.622	0	
-122.396	-1.01391	168.215	0	
-121.875	-0.83059	164.123	0	
-121.042	-1.33931	166.957	0	
-121.354	-0.854468	165.721	0	
-119.725	-1.0645	166.842	0	
-123.75	-0.36376	168.105	0	
-123.124	-0.368884	166.936	0	
-123.438	-0.183316	168.634	0	
-122.499	-0.401327	168.158	0	
-122.811	-0.185568	167.87	0	
-124.688	-0.180456	169.929	0	
-124.375	-0.360901	168.772	0	
-124.065	-1.28335	171.409	0	
-123.438	-0.913707	168.333	0	
-125.833	-0.240517	173.492	0	
-124.062	-0.180445	168.889	0	
-124.754	-1.2956	173.407	0	
-124.44	-1.49081	172.942	0	
-123.747	-1.88463	172.99	0	
-126.064	-0.470339	173.696	0	
-125.171	-1.60286	174.604	0	
-124.692	-0.904829	171.57	0	
-124.799	-2.08993	178.495	0	
-123.27	-2.0266	174.042	0	
-123.056	-1.63672	170.585	0	
-125.109	-0.784456	173.781	0	
-125.421	-1.27216	174.519	0	
-125.191	-2.01013	178.533	0	
-124.495	-2.73982	184.3	0	
-125.438	-2.3157	181.891	0	
-124.808	-2.5265	182.365	0	
-124.5	-3.19432	191.387	0	
-123.57	-2.80781	181.261	0	
-125.799	-2.32079	181.273	0	
-125.771	-2.97702	188.981	0	
-126.001	-1.98694	178.819	0	
-126.53	-2.34566	182.552	0	
-126.331	-3.28129	195.583	0	
-124.931	-3.74046	204.44	0	
-125.822	-1.45162	174.332	0	
-126.62	-1.59689	174.847	0	
-126.888	-2.54008	183.791	0	
-126.867	-2.9539	187.988	0	
-127.103	-3.28587	199.826	0	
-125.945	-3.29631	197.121	0	
-127.533	-3.23409	190.834	0	
-128.407	-3.37049	193.271	0	
-126.526	-3.64164	206.213	0	
-125.3	-3.91871	207.724	0	
-126.146	-3.92123	209.676	0	
-126.409	-4.47403	232.034	0	
-124.971	-3.3264	195.769	0	
-123.779	-4.88887	231.168	0	
-127.655	-2.73047	186.636	0	
-128.773	-3.76417	217.027	0	
-127.931	-3.54695	210.162	0	
-128.077	-4.36251	228.892	0	
-125.947	-4.8928	230.759	0	
-126.144	-5.5363	263.93	0	
-123.119	-3.6032	200.191	0	
-124.073	-3.39242	193.689	0	
-128.615	-4.29318	218.347	0	
-127.759	-4.00996	208.32	0	
-123.37	-4.02055	203.253	0	
-123.523	-3.25719	190.432	0	
-129.673	-4.74455	243.302	0	
-127.39	-5.03766	250.333	0	
-123.116	-4.40017	212.601	0	
-122.182	-4.45707	212.034	0	
-123.312	-4.83319	231.535	0	
-122.419	-5.05424	232.406	0	
-122.59	-4.15434	210.914	0	
-121.515	-3.51068	190.892	0	
-124.205	-4.54762	227.087	0	
-124.222	-7.17129	321.797	0	
-122.014	-5.50492	249.781	0	
-119.743	-4.53655	211.683	0	
-124.798	-4.82623	231.427	0	
-124.902	-5.87277	264.222	0	
-121.702	-6.8028	309.295	0	
-123.22	-5.83083	271.418	0	
-124.27	-6.34139	301.412	0	
-123.743	-5.96141	261.058	0	
-127.323	-0.250876	166.827	0	
-125.417	-0.240517	176.558	0	
-126.47	-1.1394	172.933	0	
-128.985	-5.18497	247.898	0	
-126.481	-0.229822	171.37	0	
-128.361	-6.10985	280.303	0	
-129.219	-6.5159	319.257	0	
-128.117	-5.63156	279.57	0	
-126.563	-6.60151	302.752	0	
-127.304	-5.69773	271.893	0	
-128.658	-4.83362	248.503	0	
-128.785	-5.99667	287.844	0	
-129.974	-6.25331	290.537	0	
-129.076	-7.40514	355.684	0	
-127.917	-6.4587	307.818	0	
-127.674	-5.98041	278.348	0	
-126.769	-5.94552	279.879	0	
-126.939	-7.18416	335.737	0	
-122.826	-6.43236	283.399	0	
-118.666	-6.23757	271.577	0	
-121.245	-5.40365	250.315	0	
-120.888	-6.79388	293.247	0	
-126.487	-8.01762	389.079	0	
-125.173	-7.34438	347.1	0	
-128.093	-8.80194	425.068	0	
-123.043	-10.3647	516.594	0	
122.396	-0.420081	188.874	0	
123.125	-0.360901	187.798	0	
122.812	-0.180445	188.329	0	
123.438	-0.902258	185.798	0	
124.067	-0.912873	183.936	0	
121.916	-1.06664	188.479	0	
122.466	-2.29429	187.237	0	
123.438	-1.27911	185.48	0	
124.383	-0.741951	184.398	0	
123.085	-2.38264	190.322	0	
122.796	-1.39199	184.964	0	
123.13	-1.5762	187.12	0	
123.759	-1.88478	186.736	0	
124.672	-0.917831	183.74	0	
123.755	-0.365785	184.446	0	
124.319	-2.62471	190.468	0	
124.125	-2.12843	187.353	0	
125.003	-0.405748	181.311	0	
124.998	-2.72885	192.189	0	
125.082	-1.32508	187.511	0	
124.385	-1.46994	185.157	0	
125.294	-1.00848	185.185	0	
124.439	-1.90428	187.927	0	
124.993	-2.19398	189.269	0	
124.383	-0.375319	181.898	0	
124.067	-0.185329	184.393	0	
125.666	-3.25715	199.555	0	
126.09	-1.96032	191.012	0	
-118.333	-0.240555	168.9	0	
-116.875	-0.360901	163.196	0	
-117.188	-0.180445	163.201	0	
-116.562	-0.902258	166.083	0	
-115.617	-0.734678	166.808	0	
-120.104	-0.455394	165.683	0	
-117.208	-0.914235	166.564	0	
-116.562	-1.27911	167.993	0	
-115.617	-0.368047	166.945	0	
-117.948	-1.06781	167.324	0	
-116.89	-1.83986	171.931	0	
-117.21	-1.2764	168.139	0	
-116.241	-1.88478	171.861	0	
-115.305	-0.187647	167.211	0	
-116.25	-0.360855	164.686	0	
-118.343	-1.03246	168.898	0	
-118.568	-1.37074	168.963	0	
-117.637	-1.36986	169.897	0	
-117.625	-1.7112	170.407	0	
-115.767	-2.02814	177.087	0	
-115.553	-1.63826	170.935	0	
-115.301	-0.928997	168.851	0	
-114.057	-0.836567	170.359	0	
-118.974	-1.3479	168.672	0	
-117.211	-1.99678	172.92	0	
-117.627	-2.68138	178.929	0	
-115.252	-1.44202	170.882	0	
-113.849	-0.405051	167.887	0	
-116.25	-0.721768	165.352	0	
-115.937	-0.907943	167.18	0	
-119.688	-0.215758	164.371	0	
-119.062	-0.938054	167.556	0	
-119.217	-1.68444	169.827	0	
-118.991	-2.07434	172.248	0	
-117.9	-2.39357	177.519	0	
-117.251	-2.41015	179.411	0	
-116.624	-3.99863	207.169	0	
-116.083	-2.91972	186.905	0	
-114.062	-0.13643	169.175	0	
-114.992	-0.3599	168.361	0	
-118.541	-2.0684	173.968	0	
-118.509	-2.90411	183.18	0	
-117.632	-3.15748	190.35	0	
-116.966	-2.79189	181.397	0	
-120.142	-0.872622	166.662	0	
-119.375	-0.384747	166.349	0	
-119.375	-0.816264	166.405	0	
-119.655	-1.52283	168.763	0	
-120.053	-2.16695	174.032	0	
-118.951	-2.80959	179.559	0	
-118.29	-2.50075	175.657	0	
-113.931	-1.21179	171.46	0	
-113.018	-1.31819	171.512	0	
-114.684	-0.978487	169.893	0	
-114.375	-0.308682	169.371	0	
-114.375	-0.740198	167.994	0	
-118.366	-3.49388	194.53	0	
-117.165	-3.70816	199.855	0	
-120.454	-1.32502	166.822	0	
-120.071	-1.75947	168.051	0	
-121.005	-2.53995	176.257	0	
-120.345	-2.82246	180.07	0	
-119.277	-3.2378	189.92	0	
-118.909	-3.73232	189.301	0	
-114.105	-1.63155	174.94	0	
-113.122	-1.6966	173.911	0	
-113.41	-1.07001	171.279	0	
-113.224	-0.558363	169.84	0	
-112.501	-1.01386	170.306	0	
-117.698	-4.02336	208.886	0	
-117.952	-3.61269	191.976	0	
-121.117	-3.20107	185.557	0	
-120.273	-3.64751	195.587	0	
-119.872	-2.80999	181.301	0	
-120.342	-4.31354	210.997	0	
-114.591	-1.82057	175.378	0	
-114.498	-2.33172	181.988	0	
-120.646	-3.32702	183.641	0	
-119.744	-3.2349	180.937	0	
-111.804	-0.880482	167.24	0	
-117.917	-0.240555	172.816	0	
-112.17	-0.207325	164.577	0	
-111.544	-1.25639	169.753	0	
-110.884	-0.608272	166.771	0	
-119.626	-5.26597	241.214	0	
-111.804	-0.448966	166.136	0	
-116.454	-6.35864	286.307	0	
-117.356	-5.2129	243.104	0	
-113.601	-5.11263	234.383	0	
-112.424	-2.21229	183.226	0	
-112.189	-1.15564	169.097	0	
-113.241	-2.81948	191.595	0	
-111.364	-2.80563	187.107	0	
-112.563	-1.84344	174.216	0	
-111.749	-2.72101	187.637	0	
-111.031	-2.46015	181.217	0	
-111.746	-1.67324	172.055	0	
-112.089	-3.11994	192.133	0	
-111.917	-4.13856	218.246	0	
-110.676	-3.2456	186.761	0	
-109.978	-1.83417	177.053	0	
-111.155	-2.07312	177.409	0	
-110.869	-1.63002	172.136	0	
-112.589	-2.76246	185.235	0	
-112.668	-4.22994	220.625	0	
-110.478	-4.94484	241.45	0	
-110.184	-3.49143	203.248	0	
-109.496	-3.06654	188.518	0	
-110.003	-2.28253	176.83	0	
-113.95	-4.44742	220.106	0	
-111.559	-4.81155	230.242	0	
-114.121	-6.81992	301.338	0	
-113.154	-7.30595	317.958	0	
100.625	-0.399074	168.177	0	
99.375	-0.233607	165.395	0	
99.8548	-0.86823	164.338	0	
100.625	-0.83059	161.391	0	
101.452	-1.79948	174.794	0	
101	-1.06873	169.669	0	
102.362	-1.69018	172.814	0	
97.5072	-0.731718	167.969	0	
100.272	-1.06614	172.472	0	
99.3711	-1.13704	173.477	0	
100.627	-2.26818	174.648	0	
99.8217	-1.76111	177.43	0	
99.7889	-2.25848	175.786	0	
101.051	-2.51774	181.132	0	
101.915	-1.49851	165.514	0	
99.2571	-2.54986	183.604	0	
99.9407	-3.94881	191.543	0	
100.643	-3.28973	187.068	0	
101.984	-3.06789	180.117	0	
101.417	-0.876848	160.538	0	
101.036	-1.56284	166.846	0	
98.0328	-1.64571	176.535	0	
97.839	-3.46824	189.84	0	
100.201	-3.00921	183.966	0	
99.6728	-3.42182	188.228	0	
102.473	-3.37386	185.856	0	
104.031	-1.25048	166.875	0	
101.063	-4.1151	192.123	0	
101.532	-3.3365	186.503	0	
102.371	-2.24187	171.893	0	
102.907	-2.54397	178.612	0	
101.014	-4.66096	194.334	0	
101.967	-4.74412	193.286	0	
103.305	-2.21902	171.37	0	
104.865	-1.88738	169.782	0	
100.368	-4.94492	196.59	0	
100.618	-6.48975	201.195	0	
102.453	-5.25953	198.345	0	
103.488	-4.10799	187.314	0	
103.911	-2.36117	176.441	0	
104.03	-3.03976	177.815	0	
99.7294	-4.53158	195.576	0	
98.393	-4.49632	194.952	0	
101.632	-6.80208	201.387	0	
101.414	-5.58852	198.498	0	
102.477	-3.94646	186.613	0	
102.975	-4.32694	192.999	0	
104	-4.44932	192.604	0	
104.886	-3.65127	182.372	0	
106.063	-4.03268	188.019	0	
105.209	-2.46735	174.885	0	
99.7064	-5.99766	200.866	0	
99.9183	-6.62304	202.081	0	
101.929	-7.44773	203.386	0	
103.468	-6.31525	198.947	0	
102.978	-5.08784	194.195	0	
104.755	-5.34517	197.149	0	
104.342	-6.57335	202.576	0	
105.12	-6.02284	197.6	0	
106.815	-5.74166	195.205	0	
105.916	-4.60005	189.605	0	
99.5035	-7.30609	201.891	0	
99.9234	-7.97316	203.181	0	
100.663	-7.70018	202.454	0	
102.851	-8.67798	200.817	0	
103.516	-5.57015	199.251	0	
102.384	-6.04549	198.939	0	
98.6033	-6.05411	201.372	0	
98.2564	-8.30326	200.295	0	
100.311	-9.55707	201.087	0	
101.347	-8.03902	202.266	0	
-93.3702	-0.549836	173.025	0	
-93.1266	-1.2741	176.011	0	
-94.6875	-0.215758	172.706	0	
-92.8769	-0.548463	173.653	0	
-93.9599	-1.16738	176.899	0	
-95.6239	-0.735515	169.328	0	
-93.9952	-0.248238	172.017	0	
-95.1345	-1.17618	171.651	0	
-95.5537	-1.50677	176.868	0	
-93.1266	-1.64065	178.531	0	
-94.6356	-2.67757	189.669	0	
-93.681	-1.99842	182.381	0	
-92.7065	-1.88048	179.826	0	
-92.2888	-1.16326	174.527	0	
-92.8308	-2.41176	185.459	0	
-91.9643	-2.3182	184.906	0	
-91.9743	-0.877314	176.303	0	
-92.6686	-0.246865	169.276	0	
-93.4609	-2.52696	184.826	0	
-92.6137	-3.57217	201.395	0	
-91.5428	-2.45622	184.887	0	
-91.1328	-1.82718	178.565	0	
-91.5495	-1.59054	178.818	0	
-92.2519	-0.246865	179.476	0	
-91.4451	-2.92935	191.971	0	
-90.6271	-3.0159	192.399	0	
-90.0046	-1.71945	180.995	0	
-91.5605	-1.11538	173.692	0	
-91.7964	-3.24132	196.907	0	
-91.5974	-0.198932	176.45	0	
-91.448	-4.00343	211.534	0	
-90.151	-3.286	199.964	0	
-89.4654	-2.56732	188.22	0	
-89.7807	-0.928388	178.734	0	
-90.6046	-0.412608	173.342	0	
-91.234	-0.914448	176.089	0	
-90.4895	-0.801184	176.413	0	
-89.3632	-0.363191	178.642	0	
-90.9235	-0.230585	175.355	0	
-89.0507	-0.19001	175.778	0	
-89.9936	-0.355204	177.165	0	
-89.0476	-0.935713	179.295	0	
-90.3061	-0.182023	175.141	0	
-87.7653	-0.677876	178.974	0	
-87.8695	-0.977401	179.057	0	
-90.0868	-0.74378	174.896	0	
-89.3632	-0.729822	176.655	0	
-89.5879	-1.41792	179.572	0	
-88.4758	-1.38389	181.983	0	
-87.6058	-0.397249	172.308	0	
-88.7382	-0.358122	177.877	0	
-88.8979	-2.43297	190.496	0	
-88.7461	-2.03601	184.995	0	
-88.538	-2.87901	192.866	0	
-88.1616	-1.69376	182.485	0	
-89.1846	-3.38874	199.944	0	
-87.3191	-2.29446	187.675	0	
-88.1317	-2.5977	190.493	0	
-87.2531	-1.80578	184.884	0	
-87.6698	-1.56915	182.08	0	
-86.5891	-1.37385	182.313	0	
-88.2814	-1.09122	178.196	0	
-87.8125	-0.131991	176.621	0	
-88.125	-0.300103	176.877	0	
-88.0762	-0.58073	176.566	0	
-88.3855	-0.827812	178.652	0	
-87.0512	-1.01213	181.475	0	
-86.9808	-0.563447	178.79	0	
-86.0271	-0.938454	181.587	0	
-92.344	-3.11026	196.173	0	
-93.0427	-3.72399	210.252	0	
-93.1514	-4.47683	216.231	0	
-92.2584	-3.99924	209.838	0	
-93.8426	-4.46588	225.253	0	
-91.7895	-5.78474	254.098	0	
-93.048	-5.95763	256.465	0	
-91.0264	-4.86542	234.347	0	
-91.4736	-4.54038	217.308	0	
-90.6349	-4.67834	218.574	0	
-91.9428	-4.79089	230.172	0	
-92.7998	-5.4102	244.863	0	
-90.1892	-4.98816	238.527	0	
-89.5935	-3.91557	209.368	0	
-90.1421	-3.84874	203.474	0	
-89.363	-4.37657	214.549	0	
-88.6563	-4.36262	217.411	0	
-88.6307	-3.36192	201.598	0	
-87.5251	-3.40411	201.3	0	
-86.6235	-3.04527	198.047	0	
-87.572	-1.14546	181.333	0	
-86.6933	-1.74382	183.989	0	
-85.5603	-0.880248	179.076	0	
-85.923	-0.208749	179.835	0	
-85.2201	-1.14697	183.739	0	
-84.0574	-0.82436	182.282	0	
-85.2879	-1.58108	183.533	0	
-85.5603	-0.448731	180.033	0	
-84.4487	-1.06896	185.738	0	
-84.8034	-0.888392	180.78	0	
-84.4487	-1.56418	184.777	0	
-85.7029	-1.73259	186.42	0	
-85.2832	-2.46177	194.7	0	
-83.9823	-1.72788	190.081	0	
-83.6408	-1.01231	187.197	0	
-86.102	-1.35668	180.745	0	
-86.4605	-2.16469	188.094	0	
-86.0705	-3.02457	194.362	0	
-83.8933	-2.28557	190.092	0	
-84.355	-2.51741	194.233	0	
-82.9343	-1.95299	190.055	0	
-86.8491	-2.47507	190.434	0	
-86.9148	-3.53371	203.492	0	
-84.6748	-4.20056	223.503	0	
-84.1437	-3.62124	205.673	0	
-84.5855	-3.0704	203.643	0	
-83.2941	-3.66335	207.992	0	
-87.0307	-4.58575	225.986	0	
-85.63	-3.37616	206.469	0	
-90.7451	-6.99627	276.591	0	
-92.1692	-5.32537	241.355	0	
-90.0892	-5.67916	243.703	0	
-89.2007	-5.32107	238.462	0	
-91.1158	-5.5753	243.734	0	
-90.6243	-6.07921	270.125	0	
-89.2533	-6.71494	269.289	0	
-88.4705	-4.85352	228.238	0	
-88.7143	-5.37206	239.683	0	
-87.9208	-4.93949	235.563	0	
-82.8125	-0.180445	182.028	0	
-83.9415	-0.403814	186.587	0	
-82.8125	-0.902224	186.79	0	
-83.2124	-0.772212	182.979	0	
-83.2124	-0.411322	185.531	0	
-82.8124	-1.27908	186.529	0	
-81.8674	-0.368081	186.362	0	
-83.1372	-1.55737	189.129	0	
-82.491	-1.88478	189.502	0	
-81.5549	-0.187659	183.987	0	
-82.5	-0.360867	186.849	0	
-81.9309	-2.62473	198.232	0	
-82.1249	-2.12847	192.153	0	
-81.5511	-0.92903	186.394	0	
-80.3072	-0.836528	187.012	0	
-81.4119	-1.37314	187.262	0	
-81.7138	-1.56937	188.93	0	
-80.0989	-0.405012	179.482	0	
-82.5	-0.721756	184.412	0	
-82.1875	-0.907943	186.926	0	
-81.4146	-2.75977	197.417	0	
-80.6685	-1.7647	190.726	0	
-80.3125	-0.136407	183.765	0	
-81.2424	-0.35989	184.586	0	
-81.0604	-3.16886	205.772	0	
-80.3131	-2.58205	198.588	0	
-80.7827	-2.22473	193.687	0	
-80.4442	-3.09072	202.435	0	
-80.1471	-1.58074	189.663	0	
-79.1782	-1.24454	191.775	0	
-80.9337	-0.978488	186.19	0	
-80.625	-0.308639	184.328	0	
-80.625	-0.740155	181.899	0	
-81.2544	-3.72961	209.836	0	
-80.0551	-4.67578	226.763	0	
-79.5349	-1.00621	191.397	0	
-79.4739	-0.558387	188.274	0	
-78.4375	-0.201058	193.736	0	
-92.6912	-6.48984	282.047	0	
-92.0632	-6.40177	269.883	0	
-88.1872	-5.82933	257.699	0	
-87.5785	-4.52367	218.398	0	
-78.5612	-2.65969	201.353	0	
-79.7823	-2.35865	196.153	0	
-80.0558	-1.14794	187.798	0	
-79.2824	-1.62291	192.952	0	
-78.9828	-1.91681	195.054	0	
-78.7005	-1.22824	193.316	0	
-79.3293	-2.65855	199.061	0	
-78.2398	-2.33247	199.137	0	
-79.4412	-3.31967	207.852	0	
-78.6658	-3.73229	212.851	0	
-77.8187	-2.44129	201.734	0	
-77.5816	-2.02381	199.611	0	
-78.4192	-3.16042	209.074	0	
-79.1582	-3.81911	215.759	0	
-77.5121	-2.90689	205.743	0	
-77.0201	-2.90392	205.484	0	
-76.4585	-1.75111	200.044	0	
-78.75	-0.49084	192.077	0	
-76.4703	-3.10493	211.817	0	
-75.5688	-2.51533	204.416	0	
-76.0984	-0.950793	197.73	0	
-77.3275	-0.402894	195.584	0	
-77.7085	-1.18279	196.435	0	
-77.1859	-1.12695	196.499	0	
-75.3601	-1.98829	201.645	0	
-76.0419	-1.44385	198.599	0	
-78.5417	-0.922356	193.31	0	
-77.7373	-0.252088	193.716	0	
-78.0498	-0.884662	193.591	0	
-76.522	-0.740709	195.453	0	
-76.8819	-0.150806	196.737	0	
-92.8829	-7.30188	310.544	0	
-89.9478	-7.39857	313.464	0	
-87.6856	-5.5102	235.784	0	
-86.7865	-5.11332	228.957	0	
-80.281	-4.07225	218.091	0	
-79.1608	-5.24687	240.296	0	
-75.4157	-0.654414	198.02	0	
-76.4196	-0.365036	196.956	0	
-75.2074	-0.293525	186.783	0	
-75.996	-0.21423	196.297	0	
-75.2476	-1.17891	196.774	0	
-74.0625	-0.183316	201.868	0	
-74.8846	-1.89396	201.008	0	
-73.75	-0.399074	199.771	0	
-74.7907	-0.293525	207.381	0	
-74.627	-2.21603	202.815	0	
-74.2522	-1.62397	199.837	0	
-74.0115	-2.7872	205.142	0	
-73.9583	-0.765705	200.104	0	
-74.4782	-0.47684	198.827	0	
-75.2079	-3.39348	212.072	0	
-74.6464	-3.40917	211.405	0	
-73.5895	-3.09624	210.428	0	
-73.4822	-2.2834	203.61	0	
-87.0991	-5.62195	252.967	0	
-86.0341	-4.34112	222.868	0	
-80.4354	-6.05152	251.496	0	
-79.5006	-6.16033	256.817	0	
-87.5321	-6.99307	291.306	0	
-85.5858	-6.2505	260.368	0	
-78.8863	-6.86172	279.163	0	
-77.8271	-6.37337	262.227	0	
-81.8765	-3.78279	212.186	0	
-82.214	-4.39113	219.769	0	
-93.9714	-7.44482	306.374	0	
-94.3466	-8.47822	354.918	0	
-92.1166	-7.77626	319.351	0	
-90.5854	-10.8378	443.84	0	
-80.894	-4.19528	223.257	0	
-81.1598	-4.82112	224.267	0	
-85.4724	-7.86406	305.723	0	
-84.6848	-6.86481	287.095	0	
-82.1987	-3.087	202.042	0	
-82.8755	-4.36068	221.07	0	
-83.3734	-5.0483	235.022	0	
-83.053	-5.82004	250.137	0	
-103.37	-0.549836	173.175	0	
-103.127	-1.2741	172.261	0	
-104.688	-0.215758	170.937	0	
-102.877	-0.548463	172.015	0	
-103.96	-1.16738	172.016	0	
-105.624	-0.735515	165.636	0	
-103.995	-0.248238	171.409	0	
-104.896	-1.01391	168.838	0	
-104.585	-1.88532	171.094	0	
-103.127	-1.64065	174.024	0	
-105.831	-3.6394	195.07	0	
-103.673	-1.96188	173.993	0	
-102.6	-1.98015	173.959	0	
-102.289	-1.16326	170.864	0	
-103.79	-3.27468	182.923	0	
-101.714	-3.17478	185.259	0	
-101.974	-0.877314	169.85	0	
-102.669	-0.246865	174.57	0	
-101.29	-0.748879	170.184	0	
-102.252	-0.246865	167.777	0	
-102.202	-5.0828	228.872	0	
-101.597	-0.198932	169.348	0	
-102.408	-3.30081	184.778	0	
-102.751	-2.59156	179.23	0	
-103.078	-4.57447	217.192	0	
-103.48	-2.57055	179.429	0	
-103.071	-3.84598	195.589	0	
-108.438	-0.215758	168.054	0	
-107.537	-0.478752	166.886	0	
-107.71	-1.40743	169.401	0	
-106.324	-1.04331	166.407	0	
-108.895	-0.86823	168.732	0	
-108.125	-0.396018	168.721	0	
-108.125	-0.827535	168.023	0	
-109.814	-0.463346	170.304	0	
-108.478	-1.06614	170.764	0	
-109.393	-1.13833	171.998	0	
-108.123	-2.26818	176.529	0	
-108.928	-1.76111	175.041	0	
-108.961	-2.25848	176.982	0	
-107.699	-2.51774	180.03	0	
-107.122	-1.79039	171.411	0	
-109.451	-2.5186	184.002	0	
-109.01	-3.33571	196.101	0	
-108.129	-3.28282	192.018	0	
-106.745	-3.0521	180.393	0	
-106.882	-0.975168	167.814	0	
-106.912	-0.530357	164.245	0	
-106.042	-0.781812	167.063	0	
-107.263	-1.42073	168.912	0	
-106.584	-1.70277	170.748	0	
-106.399	-2.17033	171.816	0	
-105.817	-2.14987	173.896	0	
-106.79	-2.50417	178.112	0	
-106.079	-3.09871	185.683	0	
-104.882	-2.42406	176.734	0	
-105.044	-1.44584	170.642	0	
-111.092	-0.241641	164.717	0	
-109.167	-0.233607	168.638	0	
-110.208	-1.08223	170.167	0	
-110.394	-1.53265	171.01	0	
-110.231	-0.229739	166.272	0	
-109.393	-1.57288	171.233	0	
-109.008	-4.14155	206.009	0	
-107.701	-3.00308	185.544	0	
-109.838	-4.27929	213.536	0	
-110.113	-5.84115	257.373	0	
-108.499	-4.45806	210.803	0	
-107.24	-3.30251	190.026	0	
-108.355	-5.94005	262.666	0	
-108.306	-5.17267	236.456	0	
-107.488	-6.40174	280.787	0	
-107.544	-5.1735	236.994	0	
-107.12	-7.36176	322.971	0	
-104.622	-6.73221	284.112	0	
-105.957	-5.78831	253.792	0	
-107.134	-4.4716	213.43	0	
-106.25	-0.415181	164.729	0	
-105.624	-0.368884	166.689	0	
-105.938	-0.183316	165.975	0	
-104.999	-0.401327	166.768	0	
-105.311	-0.185568	166.946	0	
41.2551	-0.730392	230.803	0	
43.6539	-1.83916	229.172	0	
-99.599	-0.53519	172.218	0	
43.3665	-0.561789	238.026	0	
-99.3924	-1.27697	173.66	0	
-100.537	-0.783538	171.712	0	
-99.1269	-0.548463	170.995	0	
-100.205	-1.09072	171.897	0	
-100.726	-1.81524	173.939	0	
-100.224	-0.233592	174.192	0	
-99.3924	-1.64353	176.204	0	
-101.285	-0.382247	168.539	0	
-100.938	-0.183316	171.15	0	
-101.752	-1.92265	171.816	0	
-100.943	-0.916578	170.145	0	
-101.455	-2.46139	179.709	0	
-100.846	-2.41887	175.462	0	
-100.243	-2.97021	191.83	0	
-99.8514	-1.94325	175.374	0	
-98.9376	-1.8981	178.714	0	
-98.5388	-1.16326	175.1	0	
-99.0462	-2.36196	181.324	0	
-98.1157	-2.39435	184.44	0	
-98.2243	-0.877314	173.54	0	
-98.9186	-0.246865	171.821	0	
-99.5996	-2.40149	183.55	0	
-99.1112	-3.34167	192.743	0	
-97.6165	-2.58482	185.039	0	
-97.1734	-1.02077	173.4	0	
-97.8332	-1.10987	174.932	0	
-98.5019	-0.246865	172.891	0	
-98.9235	-4.22931	212.899	0	
-97.8474	-0.198932	173.215	0	
-98.8302	-3.81172	204.869	0	
-97.6552	-3.11626	196.305	0	
-95.7175	-2.86955	192.989	0	
-97.7668	-1.60075	177.639	0	
-97.3817	-1.83871	179.376	0	
-97.2558	-2.29482	183.378	0	
-96.5648	-1.25189	173.353	0	
-99.5815	-4.40659	218.257	0	
-98.5754	-5.41706	234.581	0	
-97.3992	-3.57864	197.362	0	
-98.1746	-3.35831	196.211	0	
-98.3616	-4.81336	227.827	0	
-97.8203	-4.06189	212.277	0	
-97.8328	-6.63137	279.956	0	
-96.5548	-4.63912	225.407	0	
-96.8675	-3.42266	201.348	0	
-94.4158	-4.95823	232.614	0	
-96.4352	-3.94197	206.653	0	
-97.235	-4.98368	233.402	0	
-96.25	-0.36376	170.3	0	
-95.6239	-0.368884	171.158	0	
-95.9375	-0.183316	168.957	0	
-94.9989	-0.401327	167.933	0	
-95.3114	-0.185568	170.113	0	
-97.1875	-0.180456	170.064	0	
-96.875	-0.360901	170.324	0	
-96.9673	-1.36755	175.138	0	
-95.9375	-0.913707	172.581	0	
-97.5349	-0.379388	173.746	0	
-96.5625	-0.180445	169.273	0	
-97.5208	-0.858812	172.979	0	
-96.6018	-1.95323	180.743	0	
-95.94	-1.27674	172.754	0	
-96.2602	-1.83009	177.369	0	
-95.5458	-1.87719	177.095	0	
-95.9376	-2.03991	182.533	0	
-94.58	-1.86796	178.587	0	
-96.0355	-2.55883	185.682	0	
-94.7746	-2.25534	183.6	0	
-95.2907	-2.62318	187.08	0	
-94.9816	-2.90215	192.497	0	
-95.2842	-3.88969	207.633	0	
-94.4323	-3.46916	198.545	0	
-95.2403	-4.64408	226.274	0	
-94.0277	-3.78241	208.973	0	
-93.4364	-3.43095	201.456	0	
-93.7076	-2.94432	193.24	0	
-21.875	-0.240555	220.076	0	
-20.625	-0.360901	218.851	0	
-20.9375	-0.180445	217.507	0	
-20.3124	-0.902258	221.648	0	
-19.3674	-0.734678	229.011	0	
-24.375	-0.233607	217.271	0	
-20.9583	-0.914235	219.313	0	
-20.3125	-1.27911	221.232	0	
-19.3674	-0.368047	231.004	0	
-21.698	-1.06781	218.285	0	
-20.6402	-1.83986	220.502	0	
-20.9596	-1.2764	219.151	0	
-19.991	-1.88478	221.763	0	
-19.0549	-0.187647	230.613	0	
-20	-0.360855	224.072	0	
-22.0931	-1.03246	216.09	0	
-22.3179	-1.37074	216.59	0	
-21.3867	-1.36986	218.718	0	
-21.3746	-1.7112	218.986	0	
-19.5171	-2.02814	220.544	0	
-19.3034	-1.63826	222.928	0	
-19.0511	-0.928997	226.533	0	
-18.0155	-0.87239	221.809	0	
-22.7241	-1.3479	215.92	0	
-20.9614	-1.99678	219.588	0	
-21.3774	-2.68138	220.23	0	
-19.0015	-1.44202	223.853	0	
-18.0155	-0.440874	224.06	0	
-19.9999	-0.721768	223.729	0	
-19.6875	-0.907943	225.5	0	
-23.4375	-0.215758	215.048	0	
-22.3951	-0.747092	216.596	0	
-22.9669	-1.68444	215.898	0	
-22.7413	-2.07434	217.272	0	
-21.6496	-2.39357	220.138	0	
-21.0006	-2.41015	220.796	0	
-20.3736	-3.99863	223.848	0	
-19.8332	-2.91972	219.219	0	
-17.703	-0.268621	216.655	0	
-18.7424	-0.3599	229.775	0	
-22.2908	-2.0684	218.401	0	
-22.2585	-2.90411	221.841	0	
-21.3816	-3.15748	223.354	0	
-20.7155	-2.79189	220.634	0	
-23.8688	-0.973484	214.881	0	
-23.125	-0.384747	214.148	0	
-23.125	-0.816264	215.228	0	
-23.3817	-1.62973	215.662	0	
-23.6093	-2.02292	215.311	0	
-22.7011	-2.80959	219.641	0	
-22.0402	-2.50075	218.896	0	
-17.6813	-1.21179	218.412	0	
-16.4679	-1.67432	213.642	0	
-18.4337	-0.978487	223.734	0	
-22.116	-3.49388	224.807	0	
-20.9147	-3.70816	225.221	0	
-26.8739	-0.735515	210.221	0	
-23.9922	-2.01698	214.779	0	
-23.4521	-1.17139	214.157	0	
-24.1813	-1.42588	212.438	0	
-24.2931	-2.48291	216.178	0	
-24.1087	-2.97869	220.029	0	
-23.159	-3.15212	224.432	0	
-22.4877	-4.03497	230.594	0	
-17.8555	-1.63155	217.958	0	
-16.9575	-1.46955	215.082	0	
-17.1605	-1.07001	222.567	0	
-16.9738	-0.558363	215.478	0	
-15.8669	-0.920795	223.798	0	
-21.4478	-4.02336	228.363	0	
-21.7023	-3.61269	225.613	0	
-25.1088	-1.84103	211.471	0	
-25.2162	-2.76993	216.259	0	
-24.1319	-3.98045	231.346	0	
-23.0881	-3.78773	225.725	0	
-18.3408	-1.82057	217.245	0	
-18.2476	-2.33172	216.865	0	
-23.474	-4.9794	240.746	0	
-20.2041	-6.35864	247.189	0	
-21.1064	-5.2129	236.806	0	
-18.5842	-4.528	219.092	0	
-26.2943	-1.48176	207.728	0	
-25.7783	-2.4635	213.244	0	
-27.1759	-1.29981	210.205	0	
-26.1902	-2.78938	216.916	0	
-27.2411	-3.66115	227.729	0	
-25.0109	-3.35784	222.678	0	
-25.8015	-5.09406	251.032	0	
-25.4408	-3.81086	229.681	0	
-25.2222	-4.58741	235.993	0	
-24.1598	-5.24221	247.407	0	
-25.9188	-5.97619	263.829	0	
-24.5001	-6.15695	264.823	0	
-23.8866	-6.85097	273.634	0	
-22.7821	-5.45056	252.176	0	
2.87977	-0.549836	193.242	0	
4.05056	-1.05211	189.418	0	
1.5625	-0.215758	198.895	0	
3.33333	-0.301598	188.022	0	
2.29011	-1.16738	194.414	0	
0.626088	-0.735515	196.897	0	
2.25477	-0.248238	201.878	0	
1.10306	-1.1471	197.409	0	
0.754055	-1.93261	196.236	0	
2.952	-1.45738	191.636	0	
2.69956	-3.56046	190.921	0	
2.44306	-2.22971	193.183	0	
-15.0336	-0.382852	219.121	0	
-14.3725	-0.368067	225.003	0	
-14.6875	-0.183316	227.449	0	
-13.9918	-1.44766	224.834	0	
-13.9834	-0.962924	225.287	0	
-15.7628	-0.199537	228.237	0	
-16.0753	-0.489278	223.514	0	
-15.2311	-1.47589	218.413	0	
-14.6926	-0.916578	221.549	0	
-12.5635	-1.45594	220.124	0	
-13.7259	-0.374251	229.627	0	
-16.0512	-1.43768	217.619	0	
-14.1442	-3.06434	209.867	0	
-13.1945	-0.957315	227.207	0	
-13.2076	-0.1895	233.271	0	
-13.1119	-1.43597	226.664	0	
-11.287	-0.478752	225.164	0	
-14.5028	-1.71386	217.778	0	
-15.3461	-0.199537	234.47	0	
-14.6222	-2.31748	215.476	0	
-16.479	-2.44365	211.019	0	
-15.2509	-2.36442	211.635	0	
-13.6015	-2.26876	216.548	0	
-14.1376	-2.57086	211.887	0	
-17.1055	-2.66989	208.253	0	
-16.3253	-4.71285	207.691	0	
-12.678	-3.53207	205.979	0	
-12.5776	-2.56584	212.842	0	
-14.7257	-3.53811	204.211	0	
-14.4596	-4.20756	203.543	0	
-13.0787	-4.19076	202.558	0	
-11.0368	-3.81188	203.469	0	
-15.5576	-3.43422	206.062	0	
-16.3269	-3.89647	204.735	0	
-14.2726	-5.76845	203.279	0	
-11.575	-6.12131	196.786	0	
-33.3702	-0.549836	197.659	0	
-33.1266	-1.2741	197.943	0	
-34.6875	-0.215758	209.444	0	
-32.8769	-0.548463	198.139	0	
-33.9599	-1.16738	197.614	0	
-35.2083	-0.765705	203.373	0	
-33.9952	-0.248238	209.702	0	
-34.8958	-1.01391	197.13	0	
-35.0374	-1.43735	202.827	0	
-33.1266	-1.64065	201.507	0	
-34.5677	-3.05757	209.443	0	
-33.6726	-1.96188	199.984	0	
-32.5999	-1.98015	204.005	0	
-32.2888	-1.16326	200.526	0	
-32.7335	-2.55189	205.104	0	
-32.3247	-3.09725	218.014	0	
-31.9743	-0.877314	198.12	0	
-32.6686	-0.246865	199.464	0	
-31.2899	-0.748879	200.846	0	
-32.2519	-0.246865	194.842	0	
-35.7984	-3.135	212.776	0	
-31.5974	-0.198932	198.71	0	
-33.8477	-4.71635	238.189	0	
-33.4617	-2.53088	207.855	0	
-33.3482	-3.78084	227.152	0	
-32.172	-4.26051	239.039	0	
-31.4912	-4.17593	230.555	0	
-33.4238	-5.40923	255.409	0	
-32.1103	-5.60748	263.818	0	
-30.3934	-4.62323	241.599	0	
-30.5395	-3.4385	223.386	0	
-33.8671	-6.53349	270.305	0	
-31.3637	-5.38228	253.057	0	
-30.0062	-5.15118	258.451	0	
-27.9521	-2.83324	220.758	0	
-32.3382	-6.452	276.617	0	
-30.2836	-5.76496	266.099	0	
-28.7688	-3.92364	230.528	0	
-29.8368	-2.79156	218.506	0	
-9.37391	-0.735515	219.05	0	
-5.94944	-1.05211	212.329	0	
-49.0625	-0.183316	197.548	0	
-6.66667	-0.301598	215.162	0	
-48.5882	-0.806869	197.463	0	
-49.7644	-1.06176	200.461	0	
-49.375	-0.83059	198.473	0	
-48.996	-1.04757	200.341	0	
-38.7836	-0.382852	194.889	0	
-38.1225	-0.368067	197.197	0	
-38.4375	-0.183316	196.012	0	
-37.7418	-1.44766	198.207	0	
-37.7334	-0.962924	202.203	0	
-39.7604	-0.250939	200.992	0	
-39.4815	-0.450476	194.961	0	
-36.4671	-1.62347	207.833	0	
-37.4759	-0.374251	203.435	0	
-39.1012	-0.997684	196.172	0	
-38.9811	-1.47589	200.507	0	
-36.9497	-0.956174	206.466	0	
-36.9576	-0.1895	204.668	0	
-39.7315	-1.71458	202.206	0	
-37.8732	-3.19932	207.964	0	
-36.867	-1.43483	201.531	0	
-36.0338	-0.920764	206.44	0	
-39.7936	-1.17375	198.526	0	
-39.0961	-0.199537	198.124	0	
-40.6153	-1.44622	202.016	0	
-36.3988	-2.19405	204.339	0	
-34.876	-2.41557	207.903	0	
-35.3125	-0.183316	198.199	0	
-36.4644	-0.3885	208.554	0	
-35	-0.399074	193.547	0	
-35.9651	-0.199001	199.595	0	
-35.6526	-0.382316	203.023	0	
-40.9987	-0.286769	200.315	0	
-40.177	-0.250939	197.313	0	
-40.3757	-1.029	200.051	0	
-36.7915	-2.57534	212.974	0	
-36.3345	-3.45954	222.863	0	
-35.4831	-2.20964	203.674	0	
-34.5787	-1.87683	199.673	0	
-40.9064	-2.7901	214.077	0	
-39.002	-2.43977	209.524	0	
-38.2528	-1.71386	203.169	0	
-38.3722	-2.31748	200.817	0	
-37.3179	-2.31912	203.37	0	
-37.854	-2.62122	212.425	0	
-36.2868	-4.33394	225.594	0	
-35.1106	-3.4905	218.792	0	
-40.9629	-3.55225	217.3	0	
-39.224	-2.92603	206.792	0	
-38.6134	-3.38184	223.132	0	
-36.8523	-4.82493	243.97	0	
-37.4457	-4.2724	226.989	0	
-36.9534	-6.07881	255.602	0	
-40.2645	-3.6151	223.415	0	
-39.8347	-4.58643	234.802	0	
-38.2341	-4.96973	243.012	0	
-37.9975	-6.27082	261.367	0	
-25.3125	-0.183316	208.416	0	
-24.8958	-0.416922	206.032	0	
-26.1458	-1.01391	208.474	0	
-25.625	-0.83059	207.249	0	
-25.1042	-0.848439	210.577	0	
-12.4593	-0.558629	225.987	0	
-12.1875	-0.202357	225.577	0	
-11.1828	-1.39816	220.241	0	
-10.034	-0.746867	222.091	0	
-11.4953	-0.910268	225.265	0	
-11.875	-0.382617	226.381	0	
-11.875	-0.814133	224.638	0	
82.901	-0.53519	215.49	0	
84.0506	-1.05211	213.787	0	
81.9635	-0.783538	228.713	0	
83.3333	-0.301598	211.493	0	
82.2954	-1.09072	218.599	0	
81.7781	-1.82897	219.537	0	
82.276	-0.233592	237.643	0	
82.9361	-1.46025	214.778	0	
81.2164	-0.382852	228.001	0	
81.5625	-0.183316	230.911	0	
80.244	-0.25226	220.085	0	
79.8273	-0.25226	251.901	0	
81.0189	-1.47589	225.497	0	
81.5574	-0.916578	224.936	0	
80.2577	-1.68983	228.843	0	
81.6587	-2.4326	218.412	0	
82.2571	-2.97095	214.613	0	
82.6486	-1.94325	214.002	0	
80.5229	-0.883313	228.478	0	
80.9039	-0.199537	227.331	0	
80.5229	-0.451797	231.245	0	
79.8411	-1.92647	229.679	0	
80.1997	-1.16865	230.902	0	
79.7116	-2.49644	225.553	0	
80.9982	-2.42144	220.972	0	
79.0596	-2.61733	227.46	0	
79.7699	-3.83247	219.722	0	
78.8379	-2.07513	229.181	0	
77.8905	-3.23606	224.488	0	
79.7295	-4.60987	217.325	0	
81.5619	-4.44286	212.881	0	
86.8761	-0.735515	205.267	0	
89.5464	-1.45463	194.668	0	
89.9001	-1.98015	197.198	0	
89.6231	-0.548463	188.806	0	
90.2112	-1.16326	193.718	0	
88.953	-2.7714	199.546	0	
90.0307	-3.42732	201.077	0	
90.5257	-0.877314	184.067	0	
89.8314	-0.246865	210.344	0	
91.2101	-0.748879	185.518	0	
90.2481	-0.246865	168.897	0	
90.4967	-4.84263	203.803	0	
90.9026	-0.198932	179.936	0	
89.6505	-2.80998	198.585	0	
89.852	-4.27672	201.943	0	
92.0997	-3.58722	196.48	0	
-7.8125	-0.183316	216.893	0	
-7.39583	-0.484914	218.532	0	
-8.88498	-1.17932	217.67	0	
-8.125	-0.83059	217.797	0	
-7.60417	-0.91643	212.749	0	
73.125	-0.399074	253.807	0	
71.875	-0.233607	273.544	0	
72.3548	-0.86823	264.179	0	
73.125	-0.83059	262.311	0	
73.9523	-1.79948	241.656	0	
73.5001	-1.06873	250.58	0	
75.2913	-0.914438	240.048	0	
70.3501	-1.03515	245.313	0	
72.7715	-1.06614	250.091	0	
71.8625	-1.15219	248.72	0	
73.1275	-2.26818	247.665	0	
72.3217	-1.76111	243.17	0	
72.2889	-2.25848	248.354	0	
73.5514	-2.51774	236.355	0	
74.4164	-1.49515	251.774	0	
71.7571	-2.54986	236.532	0	
73.5488	-3.01299	238.84	0	
73.1205	-3.34355	230.573	0	
75.8328	-1.97182	235.823	0	
73.9167	-0.876848	262.401	0	
73.5356	-1.56284	255.323	0	
71.3313	-1.86097	241.905	0	
69.991	-3.45955	233.945	0	
72.1727	-3.49972	230.323	0	
72.1752	-4.1609	230.73	0	
74.0093	-3.29374	230.097	0	
75.8663	-3.45722	224.793	0	
73.1914	-3.97917	231.053	0	
74.1114	-3.87997	230.453	0	
73.7217	-4.23484	224.605	0	
74.9725	-3.5874	228.281	0	
73.8824	-5.10288	222.769	0	
74.4575	-5.37776	218.374	0	
72.8372	-5.04851	222.86	0	
72.8279	-6.34544	211.356	0	
74.6619	-6.35896	216.534	0	
76.4865	-5.42725	218.697	0	
69.5702	-3.50344	233.483	0	
73.4147	-5.51181	218.648	0	
70.6817	-5.45018	219.964	0	
71.7639	-5.79181	216.507	0	
71.8629	-4.91434	223.311	0	
72.4665	-6.20298	214.862	0	
72.0813	-6.50162	211.403	0	
73.1399	-7.99917	195.956	0	
-5.9375	-0.215758	216.677	0	
-5.3125	-0.183316	217.645	0	
-6.3661	-0.922193	213.697	0	
-5.625	-0.83059	215.268	0	
-4.68251	-0.908065	209.609	0	
-4.3674	-0.73471	208.607	0	
-4.68497	-0.18188	207.402	0	
-5.31003	-0.974386	210.597	0	
-5.21423	-1.46363	209.908	0	
-4.49127	-1.77285	206.57	0	
-3.983	-0.96737	207.852	0	
-5.98581	-1.50556	211.501	0	
-4.3674	-0.368079	208.705	0	
-4.61066	-2.37648	203.279	0	
-2.66962	-1.73576	201.768	0	
-3.71634	-0.376315	209.122	0	
-3.19137	-0.971399	207.098	0	
-3.20058	-0.190117	212.952	0	
-3.11579	-1.44944	203.61	0	
-2.07774	-0.99791	198.341	0	
-6.6786	-1.37459	211.925	0	
-6.40248	-1.7422	208.614	0	
-6.46249	-2.44883	205.979	0	
-5.56557	-1.77328	206.732	0	
-7.08369	-2.57022	205.484	0	
-7.24165	-4.22754	196.735	0	
-4.02206	-2.91927	199.436	0	
-3.57514	-1.81635	204.415	0	
74.8958	-0.420081	242.77	0	
75.625	-0.360901	239.542	0	
75.3125	-0.180445	249.897	0	
75.9376	-0.902258	238.506	0	
76.8826	-0.734678	245.662	0	
74.4164	-1.06664	245.721	0	
74.9657	-2.29429	241.481	0	
75.9375	-1.27911	241.571	0	
76.8826	-0.368047	239.159	0	
75.5853	-2.38264	230.839	0	
75.2962	-1.39199	245.952	0	
75.6299	-1.5762	235.984	0	
76.259	-1.88478	235.701	0	
77.1951	-0.187647	248.628	0	
76.25	-0.360855	240.705	0	
76.8192	-2.62471	229.717	0	
76.6251	-2.12843	230.222	0	
77.1989	-0.928997	234.37	0	
78.4326	-0.66409	236.067	0	
77.7547	-1.43797	232.985	0	
77.0362	-1.56932	231.787	0	
78.1489	-0.561917	235.075	0	
76.2501	-0.721768	247.345	0	
76.5625	-0.907943	237.496	0	
77.6629	-2.32704	229.128	0	
78.2554	-2.03872	231.06	0	
78.6171	-0.402237	235.155	0	
77.5076	-0.3599	232.443	0	
78.5341	-1.21858	235.707	0	
79.1379	-0.576024	242.712	0	
77.9443	-1.06809	234.933	0	
78.4375	-0.127812	236.404	0	
78.125	-0.300064	234.686	0	
77.8401	-0.808823	233.717	0	
78.3285	-0.967794	234.478	0	
78.1887	-1.5759	231.74	0	
79.3518	-1.66567	232.251	0	
-10.0296	-0.380562	221.435	0	
-9.37391	-0.368884	217.106	0	
-9.6875	-0.183316	217.926	0	
-8.74891	-0.401327	220.198	0	
-9.06141	-0.185568	217.802	0	
-10.5504	-0.197247	228.213	0	
-10.5623	-1.33295	221.801	0	
-10.4877	-0.862043	222.602	0	
-10.1113	-1.69209	216.509	0	
-10.1512	-2.25642	213.025	0	
-8.46831	-1.24421	213.461	0	
-11.1681	-2.51448	214.06	0	
-10.0896	-3.31349	203.315	0	
-9.18494	-2.22482	211.433	0	
-7.63674	-1.89027	208.679	0	
-11.796	-3.3993	205.66	0	
-10.5431	-3.07639	208.557	0	
-10.4907	-4.30718	198.59	0	
-9.28689	-4.21348	196.927	0	
-8.58983	-2.35779	206.03	0	
-8.43739	-3.16461	204.255	0	
-11.5539	-3.93075	203.447	0	
-10.9887	-3.29342	206.198	0	
-11.7584	-4.60297	199.521	0	
-10.5822	-5.09252	196.378	0	
-7.94363	-4.99772	190.106	0	
-7.58706	-3.30582	197.695	0	
-12.6871	-4.79456	200.256	0	
-13.241	-5.70669	200.461	0	
-11.3329	-5.26944	197.343	0	
-8.92948	-4.92836	195.306	0	
-27.5	-0.36376	205.871	0	
-26.8739	-0.368884	208.48	0	
-27.1875	-0.183316	212.054	0	
-26.2489	-0.401327	209.177	0	
-26.5614	-0.185568	209.906	0	
-28.4375	-0.180456	212.914	0	
-28.125	-0.360901	209.595	0	
-27.8152	-1.28335	211.143	0	
-27.1875	-0.913707	207.548	0	
-29.5833	-0.240517	215.395	0	
-27.8125	-0.180445	208.5	0	
-28.5043	-1.2956	213.328	0	
-28.1901	-1.49081	211.79	0	
-27.4965	-1.88463	211.032	0	
-29.814	-0.470339	210.622	0	
-28.921	-1.60286	213.181	0	
-28.442	-0.904829	211.521	0	
-28.9412	-2.01013	215.945	0	
-27.0173	-2.00954	212.832	0	
-26.8035	-1.61967	209.058	0	
-28.8587	-0.784456	214.257	0	
-29.3567	-1.08996	212.711	0	
-28.5486	-2.08993	215.406	0	
-28.4881	-2.48451	218.145	0	
-29.2061	-2.34902	216.816	0	
-28.2932	-3.26943	223.127	0	
-27.8983	-4.01577	232.727	0	
-27.3252	-2.93467	219.923	0	
-29.6846	-2.34991	217.859	0	
-28.3235	-3.72549	235.89	0	
-28.8955	-2.64667	219.05	0	
-29.4946	-3.32901	228.645	0	
-28.8005	-3.06862	225.538	0	
-29.1559	-4.24684	244.943	0	
-29.0639	-3.41191	226.764	0	
-29.5884	-3.93479	230.008	0	
-29.8554	-1.92575	212.794	0	
-31.0688	-1.39728	205.382	0	
-30.5432	-0.779769	204.487	0	
-29.1667	-0.240517	216.501	0	
-30.2079	-1.08241	208.267	0	
-30.2721	-1.62422	209.447	0	
-30.2307	-0.229822	204.235	0	
-29.3567	-1.5176	213.922	0	
-31.2849	-0.382247	202.209	0	
-30.9375	-0.183316	201.585	0	
-31.7518	-1.92265	204.8	0	
-30.9426	-0.916578	203.841	0	
-31.4546	-2.46139	213.377	0	
-30.853	-2.4059	211.257	0	
-28.9402	-4.72492	245.517	0	
-26.5663	-4.76195	245.132	0	
61.2551	-0.730392	242.657	0	
64.0506	-1.05211	243.726	0	
-1.85037e-17	-0.36376	198.365	0	
63.3333	-0.301598	257.103	0	
0.626088	-0.368884	197.559	0	
0.3125	-0.183316	196.16	0	
1.25109	-0.401327	197.297	0	
0.938588	-0.185568	197.3	0	
-0.93752	-0.180456	192.045	0	
-0.62502	-0.360901	196.061	0	
-0.315206	-1.28335	195.88	0	
0.3125	-0.913707	197.789	0	
-1.28338	-0.380108	195.216	0	
-0.3125	-0.180445	194.557	0	
-1.28636	-0.742721	192.853	0	
-0.940503	-0.903958	196.063	0	
0.00349602	-1.88463	196.39	0	
-2.01253	-0.199652	195.661	0	
-2.28608	-0.566393	197.329	0	
-1.57003	-2.06779	197.074	0	
-0.346876	-2.06434	197.021	0	
0.571591	-2.62222	195.408	0	
0.698003	-1.50076	197.203	0	
-1.59884	-0.993781	196.4	0	
-1.01401	-1.30046	195.317	0	
-1.07523	-2.11605	197.093	0	
-0.786147	-3.26944	195.141	0	
1.23563	-2.70836	195.064	0	
1.65752	-1.83887	195.749	0	
-1.74043	-1.70934	197.996	0	
-0.445123	-2.83371	195.4	0	
-0.393377	-4.0201	192.037	0	
0.175668	-2.9351	194.931	0	
1.2969	-2.20583	195.311	0	
1.51972	-1.21198	196.061	0	
-2.25295	-1.49912	198.531	0	
-2.68482	-2.32299	200.11	0	
-1.36346	-2.71528	196.559	0	
-0.822635	-3.72546	192.748	0	
-1.25529	-3.11756	194.958	0	
-1.63475	-3.46142	194.86	0	
-2.20208	-3.22314	195.904	0	
-2.35521	-4.65548	191.43	0	
-3.31333	-2.35578	200.867	0	
-1.59586	-0.199652	188.784	0	
-2.68783	-3.47901	196.245	0	
-1.16835	-4.99709	189.297	0	
1.00081	-4.78879	189.283	0	
-3.42668	-6.32027	183.997	0	
-1.6639	-4.45039	189.871	0	
58.44	-0.184751	234.621	0	
59.5598	-1.45463	239.962	0	
59.8514	-1.93041	241.259	0	
59.599	-0.53519	240.251	0	
60.2005	-1.0851	241.891	0	
59.7155	-2.427	243.053	0	
60.7937	-2.39685	244.682	0	
59.1824	-2.51595	240.286	0	
59.7211	-3.45697	242.499	0	
61.4166	-2.48932	246.814	0	
61.4294	-1.44736	243.492	0	
58.4432	-1.28086	235.344	0	
58.3009	-3.01622	237.769	0	
60.0037	-4.18982	242.044	0	
60.7251	-4.31634	243.645	0	
61.4854	-3.54945	247.028	0	
62.9598	-2.8971	244.216	0	
57.654	-1.31205	231.976	0	
57.807	-1.61375	232.4	0	
57.7903	-3.60891	237.292	0	
58.0128	-4.30156	234.21	0	
58.7649	-4.13735	238.041	0	
61.4569	-6.97194	205.361	0	
56.4341	-1.62393	230.977	0	
56.7596	-2.79483	233.456	0	
57.1767	-2.84942	235.321	0	
56.0612	-4.70746	226.632	0	
61.4063	-5.39477	223.278	0	
62.7914	-3.23345	245.408	0	
58.0238	-5.918	214.269	0	
59.393	-4.67203	233.694	0	
56.6038	-2.38575	232.54	0	
56.4505	-4.00593	233.25	0	
59.8074	-0.233592	233.738	0	
59.7838	-1.02007	237.922	0	
60.9426	-0.916578	243.07	0	
60.5365	-0.783538	242.826	0	
60.5365	-0.416907	242.858	0	
61.0128	-1.38248	242.767	0	
61.9525	-0.461417	238.84	0	
62.265	-0.280973	239.052	0	
61.25	-0.36376	243.164	0	
62.2824	-1.23159	238.824	0	
62.6816	-0.582571	229.428	0	
61.5676	-0.978592	241.287	0	
62.146	-1.60044	244.475	0	
62.9341	-1.48885	241.425	0	
61.6779	-1.73055	243.433	0	
62.4496	-2.60479	244.28	0	
63.9356	-3.35064	243.082	0	
63.3827	-2.91591	244.59	0	
63.9626	-3.71804	241.884	0	
65.1908	-1.36458	244.118	0	
63.0447	-4.52189	239.299	0	
65.1807	-3.99338	238.525	0	
64.0218	-1.44241	245.973	0	
63.9614	-2.19082	243.646	0	
63.4028	-6.75848	203.258	0	
64.5493	-5.06602	230.928	0	
65.4079	-4.38074	236.425	0	
65.3662	-3.14335	241.591	0	
64.11	-6.3042	219.962	0	
65.2925	-6.27426	216.439	0	
66.2623	-4.63404	233.167	0	
68.0499	-4.25468	231.56	0	
65.7491	-4.33541	235.991	0	
66.4127	-3.59915	238.407	0	
62.8342	-6.34333	221.994	0	
63.4207	-7.69065	190.648	0	
66.5612	-6.76894	209.39	0	
66.6546	-6.06607	218.704	0	
65.5654	-5.62154	224.434	0	
67.2016	-5.81902	220.455	0	
67.3967	-5.58455	222.653	0	
67.7408	-5.64379	221.277	0	
68.2635	-6.01902	215.98	0	
68.4553	-6.51247	211.465	0	
69.5425	-5.29494	221.339	0	
68.5719	-4.04608	232.187	0	
68.8819	-3.2229	235.976	0	
68.0235	-4.63388	228.637	0	
70.0578	-4.91248	224.415	0	
68.9173	-4.07473	231.093	0	
68	-2.57448	239.842	0	
67.1758	-3.6017	237.085	0	
57.4664	-0.382852	224.834	0	
58.1275	-0.368067	231.782	0	
57.8125	-0.183316	232.264	0	
58.4456	-0.921265	233.76	0	
58.8567	-0.486349	234.775	0	
56.494	-0.25226	235.253	0	
56.0773	-0.25226	233.684	0	
58.169	-1.5793	234.461	0	
59.1722	-1.33964	236.725	0	
57.1488	-0.997684	227.807	0	
57.2373	-1.37694	231.422	0	
58.3442	-2.07899	236.46	0	
58.8599	-1.58238	236.998	0	
57.0709	-1.77285	231.325	0	
57.4273	-2.00966	233.135	0	
56.7729	-0.883313	232.403	0	
57.1539	-0.199537	233.705	0	
56.7729	-0.451797	225.499	0	
56.0174	-1.86057	230.167	0	
56.4497	-1.16865	228.379	0	
55.9127	-2.38179	232.24	0	
56.7236	-1.9016	230.044	0	
55.3391	-2.5772	233.019	0	
56.0119	-3.55302	233.098	0	
56.2096	-2.6293	232.604	0	
56.3653	-3.03838	233.275	0	
54.2832	-1.72469	233.391	0	
54.1404	-3.25146	235.477	0	
4.6875	-0.183316	191.162	0	
3.64583	-0.517356	188.63	0	
3.6339	-0.922193	189.193	0	
4.375	-0.83059	189.463	0	
5.20291	-1.7956	189.894	0	
4.75234	-1.06873	189.703	0	
6.1145	-1.69354	189.558	0	
3.3214	-1.37459	189.665	0	
3.59752	-1.7422	190.165	0	
3.53827	-2.24914	190.154	0	
5.66749	-1.49851	188.843	0	
2.8261	-2.05522	191.772	0	
3.68788	-3.94873	189.248	0	
4.37253	-2.25942	189.512	0	
4.79519	-2.50633	190.055	0	
2.30647	-2.86267	192.306	0	
2.68551	-3.13063	191.341	0	
3.95113	-3.00467	189.858	0	
3.53047	-3.19861	190.414	0	
5.169	-0.876848	188.118	0	
4.78624	-1.55896	189.119	0	
4.38915	-3.28676	189.935	0	
5.71967	-3.06116	189.371	0	
1.70333	-3.03046	192.845	0	
0.956881	-4.0344	191.536	0	
3.28147	-3.6161	190.139	0	
3.13224	-2.92182	190.689	0	
5.27663	-3.32607	189.894	0	
4.81561	-3.02665	189.55	0	
6.21395	-3.37727	189.53	0	
6.54015	-0.926407	187.701	0	
2.22333	-3.93014	190.81	0	
1.60614	-3.66809	191.951	0	
4.76468	-4.65043	188.408	0	
5.70801	-4.73838	188.226	0	
6.64944	-2.54814	189.052	0	
7.781	-1.24861	183.473	0	
4.12764	-4.94334	187.975	0	
4.3659	-5.76517	187.123	0	
6.20183	-5.22156	188.043	0	
7.24271	-4.11057	187.843	0	
7.05807	-2.22052	187.772	0	
8.61443	-1.88821	180.339	0	
3.4855	-4.53509	188.784	0	
2.22729	-4.6268	189.009	0	
3.49301	-7.33391	182.76	0	
6.35423	-6.7431	186.561	0	
6.22212	-3.94875	188.71	0	
6.71965	-4.32923	188.656	0	
7.66065	-2.36013	186.173	0	
7.78324	-3.04057	186.863	0	
7.95013	-4.58218	187.745	0	
8.63928	-3.65127	185.91	0	
9.3981	-3.60708	184.847	0	
8.95827	-2.46821	183.188	0	
9.61163	-4.1659	185.118	0	
10.6516	-4.01993	183.556	0	
9.20386	-4.63217	186.283	0	
9.663	-5.31936	186.895	0	
11.2186	-4.24089	185.278	0	
11.6507	-3.7989	183.537	0	
8.52925	-4.34359	186.245	0	
7.99154	-5.18087	187.023	0	
9.18601	-7.19404	187.549	0	
11.4194	-4.93141	186.366	0	
10.9576	-5.51807	187.761	0	
12.1965	-3.99597	184.973	0	
11.4902	-6.46038	189.027	0	
12.2926	-5.70393	189.077	0	
12.693	-3.62929	184.072	0	
11.4677	-2.26874	177.486	0	
12.3268	-6.5066	189.332	0	
14.9279	-4.85181	190.873	0	
15.7802	-6.76567	195.365	0	
13.7524	-5.65594	191.021	0	
12.8726	-4.84768	188.497	0	
12.9258	-5.51723	188.846	0	
6.72738	-5.04988	187.881	0	
7.5132	-6.06994	187.155	0	
13.5759	-4.62923	187.881	0	
13.8874	-2.91559	184.326	0	
5.81614	-5.98619	186.644	0	
7.31013	-6.71465	186.047	0	
7.97198	-7.41077	186.928	0	
8.21471	-6.17091	186.951	0	
7.75716	-8.98047	185.399	0	
9.53387	-8.09034	187.589	0	
50.625	-0.240555	216.449	0	
51.875	-0.360901	222.8	0	
51.5625	-0.180445	220.459	0	
52.1876	-0.902258	227.345	0	
53.1326	-0.734678	231.659	0	
48.125	-0.233607	225.923	0	
51.5417	-0.914235	222.922	0	
52.1875	-1.27911	227.617	0	
53.1326	-0.368047	235.337	0	
50.802	-1.06781	221.721	0	
51.8598	-1.83986	228.78	0	
51.5404	-1.2764	223.946	0	
52.509	-1.88478	231.463	0	
53.4451	-0.187647	232.106	0	
52.5	-0.360855	229.414	0	
50.4069	-1.03246	222.488	0	
50.1821	-1.37074	223.688	0	
51.1133	-1.36986	224.461	0	
51.1254	-1.7112	225.573	0	
53.0692	-2.62471	234.956	0	
52.8751	-2.12843	234.868	0	
53.4489	-0.928997	234.157	0	
54.4504	-0.878194	228.222	0	
49.7759	-1.3479	224.95	0	
51.5386	-1.99678	228.729	0	
51.1226	-2.68138	230.951	0	
53.771	-2.77114	235.508	0	
54.0047	-1.43797	232.52	0	
53.2862	-1.56932	234.361	0	
54.4504	-0.446678	233.544	0	
52.5001	-0.721768	227.442	0	
52.8125	-0.907943	231.98	0	
49.0625	-0.215758	226.475	0	
50.1049	-0.747092	221.828	0	
49.5331	-1.68444	226.419	0	
49.7587	-2.07434	227.653	0	
50.8504	-2.39357	228.832	0	
51.4994	-2.41015	230.742	0	
52.0455	-4.17046	231.272	0	
52.6668	-2.91972	235.77	0	
53.9176	-2.33565	235.454	0	
54.3546	-2.19612	233.466	0	
54.7629	-0.274425	220.859	0	
53.7576	-0.3599	235.661	0	
50.2092	-2.0684	227.443	0	
50.2415	-2.90411	229.698	0	
51.1184	-3.15748	230.48	0	
51.7845	-2.79189	232.21	0	
48.6312	-0.973484	227.28	0	
49.375	-0.384747	224.209	0	
49.375	-0.816264	225.639	0	
49.1183	-1.62973	227.38	0	
48.8907	-2.02292	228.131	0	
49.7989	-2.80959	229.091	0	
50.4598	-2.50075	228.946	0	
54.937	-2.23254	232.952	0	
55.2468	-1.0609	231.719	0	
54.7245	-1.57783	231.804	0	
55.3879	-0.576024	229.56	0	
54.0663	-0.978487	233.408	0	
50.3854	-3.49337	229.162	0	
51.5853	-3.70816	229.384	0	
47.2873	-1.22686	229.356	0	
48.5078	-2.01698	228.997	0	
49.0479	-1.17139	226.299	0	
48.1305	-1.27208	228.597	0	
48.2774	-2.3978	228.686	0	
48.5031	-2.79113	229.184	0	
48.9565	-2.80286	228.705	0	
50.0156	-4.03185	227.951	0	
54.8302	-1.19082	231.362	0	
55.1412	-1.81447	231.614	0	
51.0536	-4.02285	228.413	0	
50.7991	-3.61218	230.208	0	
47.8567	-2.32659	228.886	0	
47.6345	-2.71337	228.289	0	
48.1433	-3.82007	224.624	0	
49.3824	-3.04967	229.022	0	
47.7053	-1.93601	228.751	0	
47.2393	-1.94194	228.946	0	
47.0386	-3.13738	227.037	0	
47.2639	-3.52477	225.213	0	
48.8401	-4.54423	221.744	0	
49.4392	-3.99547	227.308	0	
48.1305	-1.70663	228.573	0	
47.704	-1.02895	228.504	0	
46.5953	-1.61656	228.577	0	
46.3596	-2.02334	227.307	0	
46.6085	-2.92074	225.837	0	
46.1936	-3.62485	223.046	0	
47.3038	-4.26327	220.897	0	
48.1592	-4.29863	223.573	0	
47.6838	-0.514592	229.495	0	
46.8289	-0.187716	231.726	0	
46.5343	-0.857765	229.238	0	
45.4382	-0.598602	225.968	0	
45.7538	-2.41139	226.355	0	
46.1918	-3.14579	225.43	0	
45.7635	-3.82973	221.046	0	
45.9878	-4.2348	219.154	0	
46.4488	-4.27903	220.086	0	
47.3095	-5.03773	214.946	0	
47.0128	-0.900218	229.344	0	
47.2211	-0.468702	229.555	0	
46.35	-1.18101	228.313	0	
44.9598	-0.554673	231.048	0	
45.3329	-2.31254	226.394	0	
44.8742	-3.02754	223.395	0	
45.2987	-3.71832	220.877	0	
45.0811	-4.09722	217.876	0	
45.2909	-3.25259	223.753	0	
44.3113	-3.29946	222.659	0	
44.5702	-4.68897	213.584	0	
45.3604	-4.49138	216.748	0	
43.8357	-4.25358	215.652	0	
45.2273	-4.86279	212.955	0	
44.6685	-5.4455	205.865	0	
47.7359	-5.02797	215.7	0	
44.9649	-5.92666	203.525	0	
45.8996	-6.3423	198.899	0	
46.0101	-5.3151	210.546	0	
47.0847	-4.58924	218.23	0	
46.5222	-4.94061	213.776	0	
46.3935	-5.68456	207.164	0	
46.0968	-4.91068	212.987	0	
46.3851	-6.11309	201.398	0	
46.6786	-5.36339	210.023	0	
48.0798	-6.05336	203.359	0	
47.1512	-6.01285	201.592	0	
47.0701	-5.46298	209.942	0	
45.7471	-0.238532	226.331	0	
45.8328	-1.10956	228.06	0	
45.2845	-1.76767	227.601	0	
44.4857	-1.84505	228.369	0	
42.1155	-4.85425	210.396	0	
44.2218	-5.57533	206.162	0	
45.4806	-5.89205	203.605	0	
48.5929	-8.20204	172.32	0	
44.0706	-1.60252	229.53	0	
43.6479	-2.19515	225.624	0	
43.257	-5.39758	205.107	0	
43.5537	-6.26152	197.482	0	
44.0235	-5.999	201.857	0	
45.7794	-7.43669	182.5	0	
45.5856	-6.92211	189.766	0	
45.8602	-8.52104	160.716	0	
43.9614	-1.18862	233.267	0	
43.3033	-1.46667	230.575	0	
43.1326	-2.5154	223.774	0	
44.2919	-3.83352	217.81	0	
42.9187	-4.88368	211.9	0	
41.872	-6.08207	203.087	0	
43.6257	-6.98288	193.066	0	
44.2867	-6.37272	196.987	0	
44.2602	-0.88631	233.415	0	
43.5748	-0.260191	234.412	0	
42.2975	-1.70375	226.117	0	
42.0776	-3.0532	218.234	0	
43.3509	-3.0241	221.977	0	
43.3094	-4.16085	214.946	0	
42.9726	-7.54676	182.404	0	
43.1868	-8.37014	180.69	0	
44.1127	-6.98016	191.69	0	
44.7047	-7.99478	175.031	0	
44.7515	-0.98619	230.702	0	
44.4353	-0.194603	236.696	0	
45.3457	-8.11488	179.601	0	
44.9831	-6.9754	189.509	0	
49.338	-5.47984	213.768	0	
50.8317	-5.42378	212.889	0	
49.1944	-6.1403	202.744	0	
48.09	-5.42116	211.739	0	
50.3606	-5.69604	208.889	0	
49.9461	-5.2601	213.958	0	
51.4623	-5.78542	213.587	0	
52.0473	-5.45245	219.123	0	
48.6906	-7.00118	186.698	0	
52.1967	-7.83499	166.719	0	
51.1613	-6.48032	192.187	0	
51.2423	-7.48742	182.579	0	
54.1003	-4.40182	229.406	0	
52.6945	-4.17247	230.329	0	
41.5558	-7.25697	192.625	0	
42.5428	-6.35865	195.794	0	
41.097	-3.45898	216.073	0	
41.8388	-4.16037	212.883	0	
45.9717	-9.05017	160.72	0	
46.3484	-7.51241	181.169	0	
44.2473	-8.53547	171.182	0	
45.6602	-10.4539	136.658	0	
46.9615	-9.35171	144.745	0	
47.4464	-8.93405	159.829	0	
47.3608	-7.03911	185.577	0	
47.0413	-8.36872	163.35	0	
40.5905	-4.5944	212.002	0	
41.2896	-6.52353	199.711	0	
40.2995	-8.03378	192.504	0	
42.6316	-8.95538	168.041	0	
48.3434	-8.83551	150.833	0	
47.5422	-7.68404	180.571	0	
39.3139	-6.03337	205.399	0	
40.1071	-7.03315	197.311	0	
49.0358	-9.48985	143.926	0	
50.2643	-8.24664	167.194	0	
39.2491	-4.92709	210.644	0	
38.6887	-7.36727	200.01	0	
48.1968	-7.61588	175.179	0	
49.4934	-7.79252	171.75	0	
37.8944	-7.05408	205.815	0	
39.6489	-8.96425	183.89	0	
8.4375	-0.183316	175.646	0	
6.87609	-0.735515	188.445	0	
7.36434	-1.18372	187.016	0	
8.125	-0.83059	179.057	0	
8.95833	-1.33931	179.025	0	
8.64583	-0.854468	176.396	0	
10.2749	-1.0645	174.744	0	
10.9375	-0.183316	170.517	0	
9.89583	-0.455394	174.351	0	
9.85823	-0.872622	173.984	0	
10.625	-0.83059	171.611	0	
11.4523	-1.79932	177.355	0	
11.0001	-1.06873	173.753	0	
12.7913	-0.91448	176.671	0	
9.54573	-1.32502	176.474	0	
10.6272	-2.26802	177.542	0	
9.82492	-1.75947	177.313	0	
9.46205	-2.58162	181.325	0	
11.0511	-2.51725	180.005	0	
11.9164	-1.49519	174.347	0	
9.68697	-3.15104	182.62	0	
10.2307	-2.4927	180.334	0	
11.0627	-3.06477	180.799	0	
12.125	-2.83555	180.381	0	
11.4168	-0.876848	171.088	0	
11.0356	-1.56268	174.086	0	
15.3125	-0.215758	174.515	0	
16.0047	-0.910268	175.804	0	
16.3172	-1.39816	179.904	0	
17.3169	-0.848799	176.209	0	
14.8531	-1.1471	177.986	0	
15.625	-0.396018	174.791	0	
15.625	-0.827535	175.94	0	
39.1667	-0.301598	230.084	0	
37.3958	-0.517356	227.043	0	
39.8514	-1.93041	223.894	0	
40.2005	-1.0851	225.587	0	
39.5417	-2.37782	221.117	0	
40.7937	-2.39685	220.989	0	
41.3185	-2.47252	220.331	0	
41.4294	-1.44736	225.791	0	
41.5283	-3.02911	219.058	0	
42.7404	-2.41563	223.653	0	
39.8074	-0.233592	227.758	0	
39.7838	-1.02007	227.812	0	
40.9426	-0.916578	227.075	0	
40.5365	-0.783538	230.683	0	
40.5365	-0.416907	226.986	0	
41.0128	-1.38248	226.211	0	
41.9525	-0.461417	229.301	0	
42.265	-0.280973	232.786	0	
41.25	-0.36376	229.061	0	
42.2824	-1.23159	228.097	0	
42.6816	-0.582571	228.622	0	
41.5676	-0.978592	227.927	0	
42.0547	-2.03769	223.695	0	
42.9341	-1.48885	228.825	0	
42.3067	-2.60053	222.294	0	
42.7141	-1.94038	226.083	0	
13.75	-0.36376	176.335	0	
39.599	-0.53519	227.203	0	
14.3761	-0.368884	176.976	0	
14.0625	-0.183316	175.452	0	
15.0011	-0.401327	178.216	0	
14.6886	-0.185568	176.619	0	
12.8125	-0.180456	173.891	0	
13.125	-0.360901	176.218	0	
13.4348	-1.28335	176.631	0	
14.0625	-0.913707	177.533	0	
12.3958	-0.420092	176.098	0	
13.4375	-0.180445	174.474	0	
12.3746	-0.793227	173.032	0	
12.7899	-1.27398	175.782	0	
13.7535	-1.88463	178.936	0	
11.9164	-1.06667	175.414	0	
12.4839	-2.00476	177.403	0	
12.0425	-2.38812	179.967	0	
13.2476	-2.64501	181.408	0	
14.3216	-2.62222	182.832	0	
14.1248	-2.12441	181.559	0	
12.3732	-1.58124	177.5	0	
13.002	-1.8953	178.153	0	
15.0019	-2.72922	183.411	0	
14.448	-1.50076	179.376	0	
15.0631	-2.2267	182.821	0	
15.2697	-1.21198	178.618	0	
16.318	-3.50369	189.59	0	
16.0915	-1.96319	181.395	0	
21.25	-0.36376	179.281	0	
21.8775	-0.368067	178.91	0	
21.5625	-0.183316	176.261	0	
22.1947	-0.920708	181.341	0	
23.4373	-0.676982	183.199	0	
20.3125	-0.180456	177.932	0	
20.625	-0.360901	181.499	0	
20.9348	-1.28335	179.127	0	
21.5625	-0.913707	180.043	0	
22.252	-1.41957	181.15	0	
23.1504	-0.576029	183.228	0	
19.1667	-0.240517	169.647	0	
20.9375	-0.180445	177.23	0	
20.2457	-1.2956	178.377	0	
20.5599	-1.49081	181.992	0	
21.2535	-1.88463	180.976	0	
23.6202	-0.409486	183.279	0	
22.5025	-0.362392	182.764	0	
17.4706	-0.413249	179.33	0	
19.829	-1.60286	182.469	0	
20.308	-0.904829	181.513	0	
19.8088	-2.01013	181.512	0	
21.7327	-2.00954	182.948	0	
21.9465	-1.61967	181.44	0	
19.8913	-0.784456	173.558	0	
19.3976	-1.10617	180.906	0	
20.2014	-2.08993	183.456	0	
20.2619	-2.48451	184.187	0	
18.9454	-2.35612	183.627	0	
20.7979	-2.83324	184.841	0	
20.8517	-4.01577	189.005	0	
21.4248	-2.93467	185.541	0	
18.7103	-4.09024	191.644	0	
20.4568	-3.26943	186.437	0	
19.7965	-2.75042	184.824	0	
20.4265	-3.72549	187.706	0	
19.8915	-3.17237	187.594	0	
19.5788	-3.51605	188.165	0	
18.9834	-3.55184	190.698	0	
19.0369	-4.5526	192.757	0	
23.5346	-1.22717	184.568	0	
23.9327	-0.5122	182.8	0	
22.9467	-1.06834	182.435	0	
23.4375	-0.130892	183.812	0	
23.125	-0.308533	183.292	0	
22.8425	-0.814463	182.855	0	
23.3331	-0.977607	183.308	0	
23.4515	-1.68993	183.765	0	
24.379	-1.70933	187.172	0	
18.5688	-3.15903	188.401	0	
19.5833	-0.240517	168.793	0	
17.9919	-3.30825	190.192	0	
18.4643	-5.10072	194.315	0	
21.4891	-5.16686	191.292	0	
17.9458	-2.43448	186.904	0	
17.1178	-3.97865	192.098	0	
20.1	-4.96066	192.238	0	
22.1837	-4.76195	187.469	0	
18.0499	-4.26705	193.112	0	
17.6493	-6.95389	196.276	0	
16.8536	-3.50878	189.903	0	
17.6531	-2.92349	188.037	0	
15.4273	-3.08875	187.778	0	
14.271	-5.04329	190.194	0	
16.5331	-6.60206	195.549	0	
15.97	-4.0244	190.09	0	
16.2006	-4.54575	193.079	0	
17.7922	-4.89616	193.758	0	
15.4781	-5.40574	193.968	0	
17.0365	-7.16423	197.34	0	
17.1834	-5.02323	194.781	0	
16.5816	-5.87943	195.677	0	
19.9961	-6.0299	193.546	0	
20.7025	-6.67355	194.83	0	
14.89	-4.08312	189.32	0	
14.1198	-3.63784	186.071	0	
17.6691	-6.21663	196.227	0	
17.1047	-5.70434	194.868	0	
16.6695	-8.15068	197.159	0	
17.5511	-8.94149	199.853	0	
16.0481	-5.24917	193.294	0	
15.2588	-6.19961	194.098	0	
12.9868	-7.01113	192.023	0	
14.3707	-7.5589	193.928	0	
35.9375	-0.183316	223.886	0	
36.3542	-0.484914	225.214	0	
34.8839	-0.922193	218.65	0	
35.625	-0.83059	223.264	0	
36.1458	-0.91643	222.289	0	
34.5714	-1.37459	217.788	0	
34.8475	-1.7422	217.221	0	
34.7883	-2.2423	216.837	0	
36.5964	-1.6433	221.776	0	
34.3764	-2.47803	214.368	0	
34.7795	-3.18513	214.066	0	
35.6225	-2.25942	218.928	0	
36.0355	-2.50081	218.169	0	
33.964	-2.24073	214.789	0	
33.5558	-2.95897	211.411	0	
34.779	-3.66779	214.008	0	
35.6064	-3.71916	215.833	0	
36.0281	-2.99304	218.296	0	
36.8528	-2.95725	219.585	0	
34.0998	-1.63739	215.543	0	
33.1293	-1.77325	213.414	0	
33.131	-3.22972	209.521	0	
34.3744	-3.90827	212.04	0	
33.971	-3.65805	211.559	0	
37.037	-6.09204	210.588	0	
36.8959	-3.89949	215.988	0	
36.4447	-3.21809	217.23	0	
37.2578	-3.17294	218.405	0	
37.6925	-2.49591	221.272	0	
32.7159	-1.54341	212.777	0	
32.2891	-2.25837	208.327	0	
32.7057	-2.50687	210.21	0	
32.4377	-3.94738	205.762	0	
33.5394	-3.95876	210.535	0	
31.9401	-4.54941	205.341	0	
37.2806	-3.6456	217.435	0	
38.0889	-3.71177	217.55	0	
38.1265	-2.26788	223.102	0	
37.8006	-1.05211	226.879	0	
33.125	-0.399074	216.977	0	
31.8786	-1.40445	209.739	0	
31.6412	-2.44493	206.04	0	
32.6989	-3.00847	207.817	0	
34.3614	-4.55094	211.648	0	
33.7932	-4.60577	210.209	0	
36.4651	-3.68768	217.215	0	
37.5227	-4.88872	213.976	0	
38.5064	-3.97136	215.853	0	
38.9729	-2.27736	223.48	0	
38.5562	-2.52586	221.189	0	
39.0978	-1.64666	225.533	0	
36.0484	-3.96086	214.962	0	
36.9815	-5.44244	212.133	0	
37.7099	-6.28682	208.565	0	
37.4512	-4.42934	214.658	0	
38.5525	-4.46295	213.97	0	
39.0796	-4.54237	214.07	0	
38.9956	-3.31547	218.036	0	
39.5861	-2.92575	218.828	0	
36.0516	-4.47839	215.115	0	
35.18	-4.46007	213.6	0	
38.0904	-4.91404	212.687	0	
38.2221	-5.66256	210.565	0	
39.7904	-4.98332	210.936	0	
40.5877	-3.03055	217.937	0	
34.6226	-5.97009	210.633	0	
35.5938	-4.75578	213.103	0	
36.4811	-4.69685	213.775	0	
34.8564	-5.42033	211.904	0	
39.8855	-5.58138	208.337	0	
40.7701	-5.28323	208.151	0	
40.161	-4.49563	212.079	0	
41.1029	-4.0853	214.31	0	
35.0818	-6.5889	210.424	0	
35.8789	-5.63379	211.577	0	
35.4199	-5.31925	212.908	0	
36.4824	-5.28878	213.462	0	
34.8699	-7.35598	208.314	0	
36.0009	-8.36753	203.477	0	
18.4375	-0.183316	172.282	0	
18.8542	-0.423833	179.826	0	
16.8632	-0.931533	177.261	0	
18.125	-0.83059	175.205	0	
18.4646	-1.117	181.342	0	
16.9498	-0.197491	174.34	0	
16.7884	-1.4022	178.156	0	
17.167	-1.70486	182.165	0	
17.6587	-1.08282	180.717	0	
17.2902	-2.11305	184.246	0	
17.7666	-2.11898	183.209	0	
16.9595	-2.52831	186.311	0	
17.1432	-3.02324	188.497	0	
18.5287	-2.60463	187.516	0	
18.8368	-1.84442	184.57	0	
19.3976	-1.53381	177.516	0	
18.8812	-0.926005	173.072	0	
151.391	-0.463959	238.039	0	
152.151	-0.895475	231.188	0	
150.766	-0.298492	252.212	0	
151.183	-1.39816	230.361	0	
152.567	-1.39816	226.468	0	
154.06	-0.903557	222.975	0	
149.375	-0.165467	224.774	0	
148.44	-0.184751	230.48	0	
149.787	-1.38402	233.051	0	
150.404	-0.596984	231.941	0	
37.8125	-0.215758	230.945	0	
38.4375	-0.183316	231.597	0	
37.3839	-0.922193	226.491	0	
38.125	-0.83059	231.214	0	
38.6458	-0.91643	229.351	0	
37.0714	-1.37459	224.57	0	
37.7668	-1.51066	225.835	0	
153.721	-0.377855	223.772	0	
154.375	-0.360901	223.383	0	
154.062	-0.180445	222.582	0	
154.688	-0.902258	222.471	0	
155.633	-0.734678	222.631	0	
153.2	-0.197411	221.69	0	
153.19	-1.32887	222.801	0	
154.688	-1.27911	220.767	0	
155.633	-0.368047	224.096	0	
153.265	-0.858125	224.314	0	
154.375	-1.46018	220.936	0	
154.06	-1.26509	221.042	0	
155.009	-1.88478	218.125	0	
155.945	-0.187647	221.571	0	
155	-0.360855	223.624	0	
153.643	-1.57236	222.865	0	
153.637	-1.92298	219.264	0	
155.569	-2.62471	212.33	0	
155.375	-2.12843	213.28	0	
155.949	-0.928997	218.788	0	
156.324	-0.748059	218.028	0	
153.624	-2.6759	217.599	0	
156.232	-2.32426	208.561	0	
156.088	-1.37309	216.891	0	
155.786	-1.56932	215.452	0	
156.629	-0.991928	213.825	0	
155	-0.721768	222.662	0	
155.313	-0.907943	221.82	0	
153.353	-2.39183	219.036	0	
153.998	-2.40506	217.109	0	
154.434	-4.52356	207.119	0	
155.167	-2.91987	210.063	0	
156.085	-2.75975	204.988	0	
156.831	-1.76469	203.967	0	
157.047	-0.885832	206.586	0	
156.833	-0.185694	218.555	0	
152.737	-2.59564	220.641	0	
151.958	-3.5898	216.958	0	
153.624	-3.1516	214.894	0	
154.283	-2.78834	215.604	0	
156.517	-3.2561	200.989	0	
157.628	-1.63821	188.312	0	
156.717	-2.22472	201.047	0	
157.137	-3.20737	193.637	0	
157.211	-1.40157	197.72	0	
158.13	-0.936777	167.666	0	
153.04	-3.75358	215.38	0	
154.09	-3.70654	211.108	0	
154.535	-3.94174	209.776	0	
159.175	-2.15804	168.52	0	
152.565	-3.30196	218.211	0	
153.03	-4.69935	210.979	0	
153.411	-3.56766	213.742	0	
152.46	-4.80511	210.754	0	
152.581	-5.547	210.772	0	
153.586	-4.37663	210.861	0	
153.31	-5.78932	205.649	0	
153.483	-5.25945	209.08	0	
155.269	-6.64711	196.724	0	
156.026	-3.7883	200.417	0	
154.373	-6.28315	201.274	0	
155.192	-3.58711	208.385	0	
156.266	-6.0619	196.496	0	
154.534	-5.58205	203.372	0	
154.898	-5.07122	203.239	0	
155.733	-5.18711	198.242	0	
157.783	-3.76899	188.43	0	
158.557	-3.46507	180.82	0	
151.989	-6.99702	209.266	0	
151.859	-6.02396	207.06	0	
157.445	-4.54434	190.409	0	
157.973	-5.38487	188.499	0	
159.254	-4.03113	179.968	0	
161.693	-1.77235	166.63	0	
151.52	-9.16758	204.206	0	
158.08	-10.1651	191.188	0	
33.4375	-0.183316	217.657	0	
33.8542	-0.484914	219.366	0	
32.7489	-1.08507	213.735	0	
33.125	-0.83059	217.398	0	
33.6458	-0.91643	216.385	0	
31.9498	-0.197491	210.821	0	
31.9534	-0.933782	210.878	0	
135.94	-0.184751	214.48	0	
137.808	-0.904889	218.325	0	
143.716	-0.382852	228.421	0	
137.083	-0.301598	212.483	0	
144.378	-0.368067	228.571	0	
144.062	-0.183316	229.304	0	
144.758	-1.44766	231.565	0	
144.767	-0.962924	230.949	0	
142.744	-0.25226	229.895	0	
142.327	-0.25226	220.381	0	
143.519	-1.47589	226.22	0	
144.057	-0.916578	227.984	0	
146.187	-1.45594	233.436	0	
145.024	-0.374251	234.319	0	
142.758	-1.68983	223.888	0	
144.613	-2.65462	226.032	0	
145.555	-0.957315	237.103	0	
145.542	-0.1895	244.091	0	
145.638	-1.43597	236.334	0	
146.674	-0.987326	241.934	0	
143.023	-0.883313	227.075	0	
143.404	-0.199537	229.225	0	
143.023	-0.451797	225.382	0	
142.341	-1.92647	222.465	0	
142.7	-1.16865	223.618	0	
142.186	-2.57088	223.314	0	
143.498	-2.42144	224.592	0	
144.247	-1.71386	227.42	0	
144.128	-2.31748	228.121	0	
141.517	-2.66095	221.547	0	
141.133	-3.37187	223.251	0	
144.535	-3.39638	227.66	0	
146.423	-4.04994	223.222	0	
143.31	-3.05004	225.65	0	
144.33	-5.34647	222.442	0	
145.755	-2.69128	227.94	0	
145.821	-3.4356	228.213	0	
134.966	-0.382852	207.064	0	
135.628	-0.368067	209.684	0	
135.312	-0.183316	215.489	0	
135.946	-0.921265	209.183	0	
136.357	-0.486349	208.834	0	
133.99	-0.250939	203.023	0	
134.269	-0.450476	207.106	0	
134.511	-1.88154	212.132	0	
135.307	-0.916578	208.03	0	
135.941	-1.4002	211.111	0	
136.672	-1.33964	211.622	0	
134.808	-2.42028	211.816	0	
136.358	-1.70172	211.333	0	
135.371	-2.27682	213.124	0	
135.906	-2.71749	213.4	0	
133.592	-0.402004	208.945	0	
134.654	-0.199537	201.397	0	
133.129	-0.917511	208.939	0	
133.144	-0.151065	206.817	0	
133.111	-1.4346	207.63	0	
133.956	-1.17375	210	0	
133.558	-0.893295	205.587	0	
114.167	-0.240555	164.026	0	
115.625	-0.360901	176.021	0	
115.312	-0.180445	172.546	0	
115.938	-0.902258	176.993	0	
116.883	-0.734678	173.465	0	
111.875	-0.233607	157.008	0	
115.292	-0.914235	174.692	0	
115.938	-1.27911	176.05	0	
116.883	-0.368047	176.78	0	
114.552	-1.06781	171.159	0	
115.61	-1.83986	177.985	0	
115.29	-1.2764	174.166	0	
116.259	-1.88478	179.225	0	
117.195	-0.187647	171.674	0	
116.25	-0.360855	176.397	0	
114.157	-1.03246	168.332	0	
113.932	-1.37074	169.423	0	
114.863	-1.36986	174.141	0	
114.875	-1.7112	174.976	0	
116.819	-2.62471	185.477	0	
116.625	-2.12843	183.496	0	
117.199	-0.928997	178.395	0	
118.434	-0.665299	176.26	0	
113.526	-1.3479	168.762	0	
115.289	-1.99678	178.303	0	
114.873	-2.68138	180.963	0	
117.482	-2.32426	184.923	0	
117.338	-1.37309	178.066	0	
117.036	-1.56932	181.138	0	
118.149	-0.563301	176.074	0	
116.25	-0.721768	173.413	0	
116.563	-0.907943	177.789	0	
112.812	-0.215758	165.785	0	
113.855	-0.747092	166.12	0	
113.283	-1.68444	170.682	0	
113.509	-2.07434	173.711	0	
114.6	-2.39357	178.72	0	
115.249	-2.41015	181.164	0	
116.403	-4.22272	194.993	0	
116.417	-2.91972	187.773	0	
117.335	-2.75975	185.762	0	
117.954	-2.21358	182.871	0	
118.618	-0.402253	173.447	0	
117.508	-0.3599	177.859	0	
113.959	-2.0684	175.152	0	
113.991	-2.90411	181.361	0	
114.868	-3.15748	185.606	0	
115.534	-2.79189	183.609	0	
112.381	-0.973484	164.478	0	
113.125	-0.384747	165.082	0	
113.125	-0.816264	165.851	0	
112.868	-1.62973	170.135	0	
112.641	-2.02292	171.669	0	
113.549	-2.80959	179.05	0	
114.21	-2.50075	177.436	0	
117.658	-3.13339	190.096	0	
118.284	-2.54732	186.774	0	
118.815	-2.32392	183.609	0	
118.519	-1.19988	178.884	0	
118.447	-1.61592	179.212	0	
118.931	-0.507856	175.713	0	
117.944	-1.06928	177.396	0	
118.438	-0.128003	176.669	0	
118.125	-0.300256	175.807	0	
117.84	-0.810016	177.056	0	
118.33	-0.968812	176.221	0	
114.131	-3.49491	185.491	0	
115.335	-3.70816	190.4	0	
110.007	-0.731718	163.953	0	
112.258	-2.01698	173.166	0	
112.798	-1.17139	167.031	0	
111.879	-1.27478	167.47	0	
111.946	-2.49594	175.172	0	
112.261	-3.07904	180.829	0	
113.222	-3.23944	182.766	0	
113.587	-3.73498	185.168	0	
117.465	-3.69408	193.426	0	
118.554	-3.46935	193.722	0	
118.864	-1.85256	184.257	0	
119.339	-1.58113	178.539	0	
114.799	-4.02439	191.515	0	
114.545	-3.61372	186.815	0	
111.367	-1.92935	172.129	0	
111.02	-2.77581	176.466	0	
112.796	-2.99263	177.857	0	
111.792	-4.60314	191.344	0	
116.74	-3.61546	191.687	0	
114.583	-0.240555	168.11	0	
115.741	-4.19233	194.512	0	
112.786	-5.05533	194.933	0	
115.608	-5.8301	202.262	0	
110.515	-1.84394	170.837	0	
110.514	-2.44102	173.49	0	
110.214	-1.46913	166.533	0	
109.04	-1.48287	166.913	0	
110.121	-3.28144	180.501	0	
111.21	-3.38966	182.474	0	
109.599	-2.37832	173.482	0	
109.48	-1.77469	167.766	0	
109.028	-3.55398	179.909	0	
110.14	-4.39018	187.888	0	
108.354	-4.03439	187.223	0	
109.618	-4.24679	186.32	0	
110.291	-4.96346	192.36	0	
110.885	-5.0758	193.536	0	
109.061	-5.34882	193.949	0	
110.469	-7.3577	203.518	0	
111.847	-5.72421	198.638	0	
112.834	-4.34506	190.817	0	
115.289	-5.05954	198.232	0	
115.19	-6.65548	206.352	0	
108.307	-5.98294	198.315	0	
109.802	-6.72561	200.158	0	
110.718	-6.12636	199.346	0	
110.027	-6.05695	198.253	0	
111.76	-7.13197	204.293	0	
113.492	-5.48229	198.569	0	
112.221	-4.14548	188.193	0	
112.188	-5.20668	193.84	0	
110.386	-8.44638	203.708	0	
112.108	-8.02917	203.585	0	
64.6875	-0.183316	251.607	0	
65.005	-0.72475	247.628	0	
63.6339	-0.922193	249.318	0	
64.375	-0.83059	249.652	0	
65.3175	-0.908065	244.224	0	
65.6326	-0.73471	247.565	0	
65.315	-0.18188	247.385	0	
64.69	-0.974386	242.94	0	
64.4304	-1.67596	242.857	0	
65.4217	-1.78263	243.934	0	
66.017	-0.96737	246.642	0	
64.6108	-2.41924	243.412	0	
65.6326	-0.368079	246.728	0	
65.9975	-2.62925	242.508	0	
67.3559	-1.68312	243.319	0	
66.5625	-0.174904	247.309	0	
67.0282	-0.712992	245.646	0	
66.2551	-0.361103	248.231	0	
66.8803	-1.44843	244.567	0	
67.7434	-0.907068	245.247	0	
63.3214	-1.37459	245.627	0	
64.393	-2.04802	244.441	0	
63.6052	-1.67904	243.803	0	
63.5822	-2.0554	244.652	0	
63.2941	-2.31372	244.662	0	
64.2626	-3.14603	243.239	0	
62.949	-2.29504	243.616	0	
62.7808	-2.59932	245.624	0	
62.7624	-1.94976	245.407	0	
62.2463	-2.28218	245.402	0	
62.2243	-3.00016	246.505	0	
62.3871	-3.33104	244.54	0	
61.6785	-2.99799	245.707	0	
62.2357	-3.71979	244.444	0	
61.8797	-3.94038	243.473	0	
63.0135	-3.78511	243.919	0	
63.5488	-2.63681	244.164	0	
63.5616	-3.23342	244.168	0	
61.3392	-4.82396	240.87	0	
62.5193	-3.96442	241.982	0	
63.1342	-3.4429	243.431	0	
63.6743	-3.98355	241.508	0	
62.5374	-5.29033	229.894	0	
63.2792	-4.02741	241.133	0	
62.3533	-4.45203	241.238	0	
62.6129	-4.7672	236.98	0	
63.7608	-4.3673	238.351	0	
64.3654	-4.27573	239.101	0	
62.1358	-5.60609	229.232	0	
64.5689	-5.44583	229.321	0	
63.305	-4.87482	234.276	0	
63.9013	-5.0787	230.728	0	
64.7312	-4.39241	237.205	0	
64.9441	-3.1112	242.786	0	
63.626	-4.76409	237.531	0	
64.0987	-5.72104	220.39	0	
64.8284	-4.78372	234.984	0	
65.1902	-4.77273	233.593	0	
64.8657	-3.99405	239.569	0	
65.5015	-3.7361	239.548	0	
64.9002	-5.61372	224.507	0	
65.3591	-5.04629	231.048	0	
63.0231	-5.35745	233.783	0	
63.757	-5.53464	231.78	0	
65.7676	-4.96247	230.685	0	
65.9399	-4.64357	233.284	0	
64.9455	-2.58592	243.145	0	
64.2605	-2.77209	243.555	0	
64.9246	-6.0242	219.003	0	
66.1916	-5.51802	224.619	0	
65.8612	-5.35856	226.758	0	
66.4362	-5.29616	226.093	0	
66.4598	-4.27699	234.106	0	
66.2748	-3.95354	237.401	0	
64.6046	-6.43947	213.764	0	
64.9066	-7.31973	195.412	0	
65.6055	-6.06454	218.866	0	
65.9947	-6.27844	215.023	0	
66.7549	-5.46931	225.525	0	
66.9623	-5.17788	226.133	0	
66.8799	-5.76234	220.106	0	
67.2825	-5.23644	225.805	0	
67.6326	-5.10218	226.156	0	
67.2025	-4.34428	232.657	0	
66.285	-5.9949	219.699	0	
67.3162	-6.12641	216.314	0	
65.7763	-7.00141	203.633	0	
66.7661	-6.34979	213.822	0	
67.6606	-6.20444	216.172	0	
67.8901	-5.95629	217.89	0	
66.1595	-6.76876	211.102	0	
66.8945	-7.07053	204.802	0	
67.5487	-6.87946	208.62	0	
67.7649	-6.53476	210.025	0	
65.9415	-7.8874	188.727	0	
67.2342	-6.77618	207.426	0	
68.6292	-5.72513	220.177	0	
68.2959	-5.23775	223.787	0	
67.0688	-7.63943	195.348	0	
68.1976	-7.20949	201.823	0	
66.8254	-4.46392	232.885	0	
67.8598	-3.9603	234.028	0	
66.1433	-3.30307	240.413	0	
65.8865	-4.00242	237.594	0	
70.3174	-7.43634	203.181	0	
69.3586	-6.76414	206.764	0	
68.3416	-4.85341	227.33	0	
67.6738	-4.74022	230.463	0	
68.5619	-4.60807	228.882	0	
68.4042	-4.28892	230.311	0	
68.88	-4.67665	227.033	0	
69.0677	-4.38616	229.038	0	
68.4154	-3.70934	233.432	0	
68.0576	-3.6578	234.954	0	
68.9994	-5.02298	224.747	0	
69.339	-5.03819	224.232	0	
69.5649	-4.0972	229.747	0	
69.4187	-3.7871	231.926	0	
69.0599	-3.78252	232.56	0	
68.5868	-2.97096	237.102	0	
67.534	-3.30952	237.51	0	
67.3621	-3.94356	234.794	0	
68.6356	-5.33874	221.921	0	
69.0537	-5.86033	216.378	0	
69.9556	-5.19483	221.028	0	
69.5085	-4.70974	226.044	0	
69.8142	-4.68413	226.356	0	
70.7902	-2.77855	237.564	0	
69.3413	-3.17078	235.479	0	
68.7519	-3.55098	234.398	0	
70.2588	-5.5511	219.567	0	
70.4315	-4.77009	224.919	0	
69.6792	-2.53373	238.738	0	
68.7282	-2.60812	239.03	0	
70.7522	-4.95152	221.969	0	
69.8565	-4.29987	227.55	0	
71.1191	-4.80346	223.939	0	
71.0421	-3.41472	232.269	0	
67.7696	-7.26212	201.433	0	
68.1862	-6.78006	209.819	0	
66.2655	-2.92724	241.086	0	
65.621	-2.75728	242.482	0	
68.5239	-1.94605	242.385	0	
68.1365	-3.04461	238.062	0	
67.4058	-2.94717	239.676	0	
66.7885	-3.46109	239.013	0	
68.8998	-6.44629	213.83	0	
70.4408	-6.73188	208.709	0	
70.3651	-3.90652	229.451	0	
70.9395	-3.96346	231.004	0	
69.9245	-5.87891	215.713	0	
71.4085	-5.48498	219.031	0	
70.0482	-2.90894	236.649	0	
69.8694	-1.66823	242.012	0	
67.6294	-7.72774	197.652	0	
68.3755	-7.71053	198.757	0	
66.9811	-3.00945	239.412	0	
66.518	-1.70649	244.371	0	
67.7725	-1.37585	245.262	0	
67.3522	-2.17124	242.602	0	
67.6534	-2.51641	239.884	0	
66.851	-2.36424	241.5	0	
69.3931	-2.75168	238.104	0	
69.6553	-2.02314	242.365	0	
66.4923	-2.13418	243.381	0	
65.3024	-2.38625	243.449	0	
70.2056	-1.54311	250.252	0	
69.3098	-1.46358	243.051	0	
70.7315	-0.475067	250.783	0	
70.3487	-0.213764	262.57	0	
69.0213	-1.24705	247.698	0	
68.321	-1.55043	243.742	0	
71.0078	-0.261303	266.973	0	
70.0572	-0.409006	241.685	0	
69.0625	-0.169953	252.325	0	
69.7099	-0.951741	244.172	0	
69.396	-0.365195	245.853	0	
68.7673	-0.340089	249.277	0	
68.1423	-0.711471	250.8	0	
69.7085	-0.195242	251.925	0	
68.4551	-0.871131	247.561	0	
68.4548	-0.170136	253.006	0	
69.0628	-0.87669	246.276	0	
68.1423	-0.350581	248.996	0	
67.514	-0.352799	244.618	0	
67.8125	-0.180445	253.209	0	
66.3295	-0.775643	246.924	0	
67.2015	-0.172354	245.522	0	
62.2559	-6.31388	212.9	0	
66.889	-0.347258	247.549	0	
63.1998	-5.70266	220.413	0	
65.2985	-6.72082	208.378	0	
64.8217	-6.86971	210.259	0	
71.4577	-5.07193	221.883	0	
71.7675	-4.46094	224.469	0	
70.9995	-5.71516	217.977	0	
72.3332	-5.27891	220.207	0	
65.8002	-9.27597	166.376	0	
66.6778	-8.04151	187.851	0	
66.1013	-1.40497	245.191	0	
66.1007	-2.24362	243.31	0	
71.0363	-1.19254	247.764	0	
71.4245	-0.494909	256.443	0	
70.7315	-0.906583	261.82	0	
71.0009	-6.16733	213.713	0	
72.2834	-5.74333	217.256	0	
70.4654	-1.84634	241.046	0	
71.8625	-1.58674	256.952	0	
69.9998	-6.38861	211.61	0	
71.3909	-6.80661	209.369	0	
71.3789	-6.37193	211.874	0	
72.0928	-6.90678	209.53	0	
70.4135	-2.53481	240.736	0	
71.2588	-2.32673	244.453	0	
69.0936	-7.90211	189.525	0	
71.0457	-6.96255	207.352	0	
71.7563	-7.06644	205.782	0	
71.7328	-6.2266	214.399	0	
71.0017	-7.3934	203.055	0	
71.7351	-7.47098	204.188	0	
72.5106	-7.15047	204.783	0	
72.8606	-6.88777	211.613	0	
70.79	-6.57343	209.911	0	
69.6435	-7.45133	202.925	0	
69.4115	-8.83261	186.451	0	
71.3257	-7.642	199.793	0	
71.8302	-8.36078	194.761	0	
72.1249	-7.79956	199.971	0	
70.8191	-8.34354	191.247	0	
72.564	-7.63871	206.302	0	
71.2993	-8.24822	198.07	0	
74.2528	-7.70148	199.139	0	
68.5786	-9.40418	171.419	0	
73.1152	-8.90768	197.959	0	
60.7571	-6.29015	218.635	0	
64.3356	-7.90139	189.026	0	
70.0849	-11.0103	160.687	0	
70.3813	-9.04442	180.553	0	
73.3873	-7.04839	206.544	0	
73.3756	-6.14383	215.057	0	
72.2446	-9.10843	189.039	0	
78.2287	-7.04898	211.609	0	
73.6133	-7.67155	208.87	0	
74.2927	-6.93474	210.629	0	
106.875	-0.399074	161.143	0	
105.625	-0.233607	159.925	0	
106.105	-0.86823	162.854	0	
106.875	-0.83059	162.163	0	
107.702	-1.79948	168.871	0	
107.25	-1.06873	164.25	0	
109.04	-0.926407	163.241	0	
103.126	-0.735515	158.981	0	
106.522	-1.06614	163.547	0	
105.792	-1.32063	165.589	0	
106.877	-2.26818	171.403	0	
106.072	-1.76111	168.352	0	
105.712	-2.58155	175.877	0	
107.301	-2.51774	174.328	0	
108.165	-1.49851	167.281	0	
105.881	-3.1372	179.852	0	
106.481	-2.49266	175.068	0	
106.764	-3.32951	181.509	0	
108.352	-2.87951	175.843	0	
107.667	-0.876848	162.808	0	
107.286	-1.56284	166.49	0	
105.592	-3.59328	183.595	0	
106.745	-3.86373	182.971	0	
107.271	-4.09059	186.239	0	
107.759	-3.32878	179.926	0	
107.264	-4.62135	189.334	0	
108.326	-4.58619	188.554	0	
106.592	-4.96186	193.442	0	
106.254	-6.27048	200.99	0	
105.284	-8.00707	205.064	0	
108.844	-6.73958	201.344	0	
84.6875	-0.183316	219.215	0	
83.6458	-0.517356	216.066	0	
83.6339	-0.922193	212.489	0	
84.375	-0.83059	213.806	0	
85.2029	-1.7956	209.2	0	
84.7523	-1.06873	212.205	0	
86.1145	-1.69354	207.861	0	
83.3214	-1.37459	212.444	0	
83.5975	-1.7422	211.828	0	
83.5383	-2.24914	210.967	0	
85.6675	-1.49851	206.04	0	
82.9746	-2.36453	212.536	0	
83.4897	-3.32632	209.329	0	
84.3725	-2.25942	209.074	0	
84.7952	-2.50633	208.431	0	
83.4947	-4.12901	209.433	0	
84.7987	-3.00021	207.521	0	
85.169	-0.876848	207.126	0	
84.7862	-1.55896	209.332	0	
84.3718	-3.28254	207.621	0	
85.7197	-3.06116	206.522	0	
82.5383	-4.8122	210.425	0	
82.3978	-5.82103	210.636	0	
83.9904	-4.43088	207.201	0	
85.2597	-3.29963	207.436	0	
86.3903	-3.1153	205.289	0	
86.5402	-0.926407	206.186	0	
84.1679	-5.92566	207.686	0	
84.2026	-5.14363	207.455	0	
86.6494	-2.54814	205.908	0	
87.781	-1.24861	199.784	0	
87.0581	-2.22052	203.254	0	
88.6144	-1.88821	197.754	0	
87.6607	-2.36013	201.71	0	
88.2391	-3.0735	202.136	0	
85.0355	-6.41384	204.254	0	
85.3401	-4.4138	207.307	0	
85.3702	-7.39789	208.01	0	
88.3068	-6.76305	200.448	0	
85.5048	-5.7936	207.501	0	
86.5384	-5.76404	202.892	0	
88.4375	-0.183316	194.876	0	
88.8542	-0.484914	189.2	0	
87.3643	-1.18372	202.301	0	
88.125	-0.83059	193.356	0	
88.6458	-0.91643	196.005	0	
86.1458	-0.422952	206.82	0	
86.8761	-0.368884	205.789	0	
86.5625	-0.183316	205.242	0	
87.5011	-0.401327	208.8	0	
87.1886	-0.185568	206.009	0	
85.6675	-1.06999	209.346	0	
86.5312	-1.39202	204.72	0	
92.901	-0.53519	178.057	0	
93.5333	-1.03853	176.885	0	
91.9635	-0.783538	188.522	0	
93.369	-0.553653	174.301	0	
92.2954	-1.09072	187.344	0	
91.7737	-1.81524	193.099	0	
92.276	-0.233592	195.355	0	
93.1004	-1.64353	183.539	0	
91.2151	-0.382247	191.251	0	
91.5625	-0.183316	186.93	0	
90.7482	-1.92265	195.186	0	
91.5574	-0.916578	191.166	0	
91.0454	-2.46139	196.897	0	
91.6543	-2.41887	193.839	0	
92.2566	-2.97021	196.4	0	
92.6486	-1.94325	186.348	0	
96.25	-0.36376	165.76	0	
96.8775	-0.368067	168.964	0	
96.5625	-0.183316	166.17	0	
97.1947	-0.920708	170.542	0	
98.4375	-0.180444	162.937	0	
95.3125	-0.180456	162.798	0	
95.625	-0.360901	165.151	0	
95.9348	-1.28335	170.201	0	
96.5625	-0.913707	169.161	0	
96.56	-1.27666	171.332	0	
98.125	-0.358085	168.881	0	
94.9666	-0.380108	170.024	0	
95.9375	-0.180445	163.549	0	
94.9636	-0.742721	170.785	0	
95.3095	-0.903958	170.481	0	
96.6572	-1.97917	177.395	0	
96.8681	-2.50014	181.653	0	
98.7648	-2.2862	177.058	0	
98.8912	-0.898618	165.102	0	
97.5025	-0.362392	171.282	0	
93.994	-0.252055	174.951	0	
93.5774	-0.252055	174.34	0	
94.68	-2.06779	179.99	0	
95.9031	-2.06434	177.733	0	
96.2394	-1.86147	174.436	0	
96.8709	-1.5893	174.205	0	
97.5778	-2.0708	179.355	0	
97.9507	-2.04697	177.112	0	
94.6512	-0.993781	172.938	0	
95.236	-1.30046	171.525	0	
95.1748	-2.11605	179.767	0	
95.4639	-3.26944	186.462	0	
97.4165	-2.57641	181.097	0	
97.8948	-2.86548	185.075	0	
94.5096	-1.70934	177.521	0	
95.8049	-2.83371	184.625	0	
95.8566	-4.0201	193.399	0	
96.4257	-2.9351	185.457	0	
98.266	-2.45082	181.109	0	
98.8459	-1.80529	178.737	0	
94.0182	-1.61726	178.405	0	
93.5652	-2.32299	185.195	0	
94.8865	-2.71528	183.628	0	
95.4274	-3.72546	191.081	0	
99.3711	-1.57159	169.707	0	
98.8542	-0.41405	169.901	0	
94.9947	-3.11756	188.1	0	
94.6152	-3.46142	189.687	0	
94.0479	-3.22314	189.061	0	
93.8948	-4.65548	198.491	0	
97.8171	-0.978483	171.522	0	
98.125	-0.789602	165.342	0	
98.4746	-1.09653	172.219	0	
94.2732	-0.883223	174.627	0	
94.6541	-0.199652	175.835	0	
94.2732	-0.451707	173.762	0	
93.6015	-1.8539	183.357	0	
93.95	-1.16845	176.416	0	
92.9654	-2.40672	189.956	0	
93.5622	-3.47901	193.881	0	
95.0817	-4.99709	198.211	0	
97.1765	-4.74405	195.789	0	
92.826	-6.30828	199.902	0	
94.5861	-4.45039	195.543	0	
108.646	-0.422952	160.845	0	
109.378	-0.368067	162.095	0	
109.062	-0.183316	162.058	0	
109.695	-0.920708	164.234	0	
110.937	-0.676982	162.813	0	
108.165	-1.06999	163.743	0	
108.624	-1.78439	166.992	0	
109.797	-1.40424	167.34	0	
110.65	-0.576029	162.851	0	
111.12	-0.409486	160.488	0	
110.003	-0.362392	163.957	0	
111.035	-1.22717	167.128	0	
111.433	-0.5122	162.445	0	
110.447	-1.06834	165.782	0	
110.938	-0.130892	162.682	0	
110.625	-0.308533	161.511	0	
110.343	-0.814463	163.603	0	
110.833	-0.977607	163.858	0	
110.95	-1.69271	168.339	0	
111.879	-1.70933	168.233	0	
104.688	-0.183316	162.539	0	
105.104	-0.416922	164.172	0	
103.614	-1.18559	162.097	0	
104.375	-0.83059	162.675	0	
104.896	-0.848439	164.381	0	
127.812	-0.215758	193.386	0	
128.438	-0.183316	192.373	0	
127.384	-0.922193	195.695	0	
128.125	-0.83059	195.406	0	
128.646	-0.91643	194.267	0	
127.071	-1.37459	193.288	0	
127.348	-1.7422	197.113	0	
127.288	-2.24914	197.876	0	
129.096	-1.6433	200.008	0	
126.644	-2.44058	198.521	0	
127.438	-3.94873	210.449	0	
128.123	-2.25942	201.667	0	
128.545	-2.50633	205.381	0	
127.701	-3.00467	205.477	0	
127.173	-3.41728	205.208	0	
128.139	-3.28676	208.872	0	
129.576	-2.90958	210.89	0	
129.027	-3.32607	212.236	0	
128.566	-3.02665	208.311	0	
128.51	-4.70106	219.092	0	
129.538	-4.84576	221.782	0	
127.867	-4.99039	217.216	0	
130.298	-7.77444	231.953	0	
130.349	-5.25772	230.438	0	
131.139	-4.77835	224.188	0	
127.229	-4.53152	215.176	0	
125.636	-3.97283	201.953	0	
127.975	-6.39655	225.075	0	
126.677	-7.41813	223.745	0	
140.938	-0.183316	224.026	0	
141.354	-0.484914	222.013	0	
139.853	-1.1471	221.588	0	
140.625	-0.83059	222.898	0	
141.146	-0.91643	221.88	0	
138.75	-0.36376	225.737	0	
139.376	-0.368884	224.119	0	
139.062	-0.183316	222.44	0	
140.001	-0.401327	219.336	0	
139.689	-0.185568	221.399	0	
137.812	-0.180456	219.148	0	
138.125	-0.360901	223.587	0	
138.435	-1.28335	221.021	0	
139.062	-0.913707	224.18	0	
137.396	-0.482054	214.43	0	
138.438	-0.180445	222.404	0	
137.391	-0.845598	214.953	0	
137.808	-1.26372	217.44	0	
138.753	-1.88463	220.771	0	
137.079	-1.3333	213.919	0	
137.485	-2.0041	216.81	0	
137.054	-2.54835	216.443	0	
137.537	-3.62056	221.331	0	
139.322	-2.62222	221.82	0	
139.125	-2.12441	222.34	0	
137.391	-1.57099	215.852	0	
138.003	-1.89464	218.348	0	
140.002	-2.72922	222.318	0	
139.448	-1.50076	222.912	0	
140.063	-2.2267	221.844	0	
140.27	-1.21198	222.181	0	
140.395	-3.30981	222.814	0	
141.092	-1.96319	221.291	0	
138.368	-4.03617	222.959	0	
138.933	-2.9389	222.158	0	
138.294	-4.76113	225.64	0	
139.815	-4.74716	225.991	0	
147.466	-0.382852	234.382	0	
148.128	-0.368067	232.671	0	
147.812	-0.183316	232.091	0	
148.445	-0.920708	232.264	0	
148.857	-0.350218	232.201	0	
146.737	-0.199537	245.008	0	
146.465	-0.55581	240.544	0	
147.391	-1.7017	230.825	0	
147.807	-0.916578	233.516	0	
148.442	-1.28208	230.723	0	
149.171	-0.966309	233.613	0	
146.952	-2.16482	230.15	0	
147.964	-2.5399	228.349	0	
148.123	-1.45789	231.133	0	
148.686	-1.89771	229.144	0	
147.388	-1.34328	234.047	0	
147.961	-2.01781	228.975	0	
148.634	-2.72898	225.787	0	
149.41	-1.68949	229.318	0	
150.209	-3.53448	222.146	0	
150.204	-1.62065	228.946	0	
149.452	-2.1721	229.083	0	
149.983	-2.23629	227.532	0	
6.14583	-0.422952	187.713	0	
147.154	-0.199537	240.1	0	
6.87609	-0.368884	186.994	0	
6.5625	-0.183316	187.901	0	
7.50109	-0.401327	192.838	0	
7.18859	-0.185568	187.469	0	
5.66749	-1.06999	189.317	0	
6.53117	-1.39202	188.48	0	
102.396	-0.422952	167.072	0	
103.126	-0.368884	163.227	0	
102.812	-0.183316	159.44	0	
103.751	-0.401327	155.973	0	
103.439	-0.185568	160.262	0	
101.915	-1.06999	169.137	0	
102.779	-1.38865	164.308	0	
-49.1744	-9.77182	308.185	0	
-50.5502	-9.16778	297.435	0	
-47.7034	-8.37576	288.442	0	
-47.1788	-9.29383	295.812	0	
-43.7432	-4.19835	227.671	0	
-41.878	-4.98333	239.191	0	
-115.214	-3.86716	202.262	0	
-115.026	-5.21146	229.23	0	
-114.824	-4.4957	230.362	0	
-114.177	-5.71503	268.021	0	
-138.911	-3.96409	220.475	0	
-138.697	-5.43663	264.966	0	
-137.867	-6.05939	274.091	0	
-137.717	-4.49419	236.024	0	
-18.964	-3.86716	215.233	0	
-18.7857	-5.24376	220.536	0	
-17.8537	-6.09675	227.08	0	
-17.7093	-4.47971	212.725	0	
-61.3598	-10.2659	295.123	0	
-62.3145	-10.6065	311.561	0	
-77.7544	-5.41065	249.369	0	
-75.99	-6.6615	277.852	0	
-77.2104	-8.19976	304.721	0	
-73.7502	-6.49468	263.631	0	
27.5379	-6.28131	196.459	0	
29.0318	-5.12274	198.074	0	
30.4303	-5.03388	201.217	0	
30.8601	-3.62437	201.866	0	
-136.112	-4.79944	253.868	0	
-135.046	-3.85128	220.241	0	
134.988	-6.97888	230.367	0	
136.134	-8.57791	225.947	0	
136.049	-5.9699	228.394	0	
137.45	-6.01479	227.74	0	
124.375	-4.93718	206.581	0	
122.989	-4.91749	204.113	0	
-130.645	-6.79239	331.682	0	
-129.891	-8.09298	393.312	0	
-123.592	-7.61977	344.654	0	
-122.993	-7.188	324.777	0	
-120.64	-6.12655	270.573	0	
-118.089	-6.74962	300.686	0	
-117.46	-6.28213	262.713	0	
-115.894	-5.34834	256.913	0	
103.739	-9.43774	202.788	0	
105.063	-9.2415	201.043	0	
-84.3232	-4.9303	223.856	0	
-85.3216	-5.39401	250.45	0	
-82.7093	-7.70871	315.104	0	
-81.3019	-6.43149	281.854	0	
-100.27	-3.78167	194.197	0	
-100.242	-5.49916	255.01	0	
-98.6047	-7.24269	316.006	0	
-96.3267	-7.99413	350.997	0	
-97.1804	-5.67557	251.893	0	
-95.8536	-5.03889	229.247	0	
-21.2103	-6.28213	245.621	0	
-19.644	-5.34834	232.54	0	
-30.9509	-5.90798	274.831	0	
-29.0224	-5.81664	261.905	0	
-31.0709	-6.76595	279.412	0	
-30.1358	-6.87962	294.357	0	
-28.3308	-5.9856	276.069	0	
-28.128	-4.692	250.849	0	
-28.0929	-6.99484	292.341	0	
-25.3973	-6.54225	277.356	0	
-34.8155	-6.87388	287.96	0	
-33.1821	-6.98986	297.13	0	
77.4205	-3.90691	222.282	0	
77.7652	-4.53418	220.103	0	
76.4397	-4.05427	223.624	0	
75.7314	-4.8142	220.178	0	
78.7405	-6.1021	215.355	0	
78.5298	-4.40149	219.594	0	
88.9063	-4.87287	202.966	0	
89.0279	-5.96462	205.962	0	
91.1272	-4.56772	200.049	0	
92.413	-4.96062	198.928	0	
-3.6063	-4.31527	193.144	0	
-3.83477	-5.03199	188.759	0	
0.715403	-7.03004	182.946	0	
0.247288	-5.1649	188.366	0	
-1.10832	-5.89474	185.123	0	
-0.353225	-6.35918	184.827	0	
53.7482	-3.77238	233.792	0	
53.8718	-5.14144	220.637	0	
52.9765	-3.58707	234.883	0	
53.2378	-5.09739	225.438	0	
54.5256	-5.91902	210.841	0	
54.7811	-4.40827	230.11	0	
1.64362	-5.87033	186.029	0	
2.85186	-5.79079	186.205	0	
1.03107	-6.23637	185.104	0	
4.0009	-9.21608	181.263	0	
43.1849	-10.1346	161.403	0	
44.5482	-9.26825	158.613	0	
15.2722	-7.54103	195.609	0	
15.5328	-10.228	197.167	0	
11.3331	-7.3079	189.385	0	
13.8822	-8.3491	194.103	0	
33.9534	-6.0188	209.816	0	
33.5041	-5.2539	208.891	0	
33.6127	-6.71993	209.119	0	
33.9083	-9.11974	206.749	0	
36.4825	-9.3568	196.918	0	
38.8164	-8.47198	196.2	0	
151.296	-2.88347	223.45	0	
150.575	-4.22607	218.388	0	
139.807	-3.94546	223.616	0	
140.501	-5.18252	225.267	0	
142.334	-4.02558	225.134	0	
142.843	-4.74563	224.332	0	
147.135	-5.6447	219.002	0	
146.443	-5.12609	224.589	0	
116.031	-7.69193	209.243	0	
117.447	-6.43031	207.779	0	
64.5624	-8.65017	176.573	0	
67.1236	-8.89297	179.606	0	
61.4294	-7.93799	178.745	0	
64.0396	-10.2572	144.029	0	
67.0487	-10.5421	157.179	0	
68.9209	-10.683	161.56	0	
71.8067	-9.99408	174.381	0	
74.5815	-10.7341	192.792	0	
74.2447	-9.36395	183.681	0	
73.1967	-11.7439	157.337	0	
86.8259	-5.00188	206.503	0	
87.9452	-4.63684	204.478	0	
97.8198	-4.98867	197.752	0	
98.4562	-3.73028	191.011	0	
92.6415	-4.2439	199.655	0	
91.7239	-5.21429	203.003	0	
97.5669	-6.91094	201.99	0	
96.4973	-5.1649	198.912	0	
95.1417	-5.89474	198.736	0	
95.9511	-6.42917	201.486	0	
137.483	-4.79582	224.321	0	
138.189	-6.29017	227.507	0	
-137.901	-6.89767	332.155	0	
-136.52	-7.5794	355.172	0	
-18.1416	-7.23586	237.2	0	
-16.2541	-7.86848	231.497	0	
30.9285	-5.80897	201.687	0	
32.0206	-6.01433	206.345	0	
123.608	-7.28684	217.562	0	
124.473	-7.01175	216.746	0	
125.039	-4.84504	206.093	0	
124.331	-3.75143	197.911	0	
125.468	-5.35188	212.678	0	
126.429	-4.66462	210.124	0	
124.037	-3.06085	192.838	0	
123.034	-3.62711	195.644	0	
125.241	-5.99155	215.39	0	
126.577	-5.92389	218.004	0	
124.503	-6.22875	214.971	0	
125.207	-7.31017	220.883	0	
-131.5	-6.27301	295.74	0	
-132.139	-7.58754	355.432	0	
-130.854	-9.68454	471.23	0	
-129.002	-9.57143	453.841	0	
-124.809	-9.22086	436.307	0	
-122.63	-8.57765	381.198	0	
-118.415	-7.73008	335.606	0	
-123.333	-8.57509	410.402	0	
-120.192	-8.94998	426.162	0	
-121.824	-7.56556	335.141	0	
-119.866	-6.0694	265.478	0	
-119.281	-6.63489	291.001	0	
-119.755	-8.09419	348.68	0	
-121.192	-8.81007	381.116	0	
-120.462	-7.55732	348.207	0	
-119.711	-13.082	644.822	0	
-97.976	-5.93564	264.136	0	
-96.2985	-7.01973	298.997	0	
-95.3164	-8.74334	367.83	0	
-94.6407	-6.47669	279.92	0	
-96.8371	-6.68935	280.223	0	
-95.5607	-6.34622	271.68	0	
-27.2594	-7.17693	292.64	0	
-26.7071	-8.11476	319.054	0	
76.7358	-7.30512	214.197	0	
81.5418	-6.56637	209.627	0	
87.1896	-6.55924	207.216	0	
88.6789	-7.82064	205.673	0	
-4.14806	-3.65859	195.894	0	
-5.2169	-3.5547	197.848	0	
-4.64254	-6.3768	185.191	0	
-3.26238	-5.5815	187.679	0	
54.1097	-6.98523	183.294	0	
55.9502	-8.43568	160.221	0	
0.287954	-5.86131	185.593	0	
-0.120269	-7.11808	182.769	0	
0.988185	-7.66979	182.002	0	
1.75502	-9.09849	180.711	0	
15.1115	-9.22048	196.369	0	
13.1709	-8.04092	192.18	0	
148.583	-3.88426	222.11	0	
149.863	-4.69976	216.642	0	
142.155	-5.37381	225.169	0	
143.188	-7.12511	222.242	0	
62.9358	-9.64674	148.841	0	
66.7286	-9.4753	162.924	0	
97.9557	-5.6648	199.687	0	
99.0114	-4.81985	197.171	0	
96.5923	-5.93129	199.188	0	
98.3933	-6.8686	201.188	0	
95.7654	-7.38205	199.306	0	
98.7022	-7.46763	203.136	0	
90.6785	-6.81694	204.988	0	
92.9876	-5.5815	201.819	0	
138.214	-7.02534	228.671	0	
139.488	-7.10016	227.524	0	
-16.213	-6.09087	213.506	0	
-15.7044	-5.16199	205.801	0	
125.459	-8.14417	221.832	0	
127.618	-7.32605	228.075	0	
-121.172	-8.00056	363.199	0	
-121.961	-9.19758	434.138	0	
79.9374	-5.94884	214.171	0	
80.3505	-5.05901	215.179	0	
-6.38631	-6.07317	185.603	0	
-0.375407	-8.52326	181.155	0	
55.9979	-6.01171	213.377	0	
56.5794	-5.26928	224.531	0	
-0.716127	-7.78789	181.152	0	
0.493232	-8.4932	180.956	0	
14.2371	-9.18785	195.129	0	
15.6582	-8.36387	196.576	0	
149.727	-6.34541	211.929	0	
148.754	-6.06116	217.51	0	
151.129	-7.69348	202.91	0	
151.067	-5.51331	213.649	0	
97	-7.85413	200.002	0	
97.3805	-8.64742	201.697	0	
89.9185	-7.87556	197.983	0	
92.2432	-7.75058	200.758	0	
136.758	-7.15309	229.22	0	
138.003	-8.89488	224.424	0	
140.436	-7.39918	225.689	0	
141.253	-4.90355	226.003	0	
124.773	-8.84511	222.242	0	
127.643	-13.0148	208.458	0	
126.343	-8.25718	226.581	0	
129.275	-8.17708	232.393	0	
-121.962	-10.1576	482.449	0	
-120.168	-11.5572	542.037	0	
-4.34535	-8.69961	182.436	0	
-2.84934	-6.85012	183.368	0	
-3.9998	-7.8091	183.585	0	
-2.47797	-9.32092	181.174	0	
1.00466	-9.29544	181.667	0	
1.75376	-7.91241	181.721	0	
97.2964	-10.4251	195.441	0	
98.779	-8.96151	201.239	0	
91.895	-8.65309	198.014	0	
93.4045	-6.83911	201.831	0	
135.745	-7.63892	231.32	0	
137.38	-8.43579	229.383	0	
137.06	-11.0789	216.784	0	
139.226	-10.1351	221.148	0	
140.967	-6.71447	226.146	0	
142.072	-6.30136	226.762	0	
-3.55143	-9.72405	184.637	0	
-2.40694	-8.19429	182.067	0	
-3.13484	-7.70689	181.605	0	
-1.49457	-7.63452	181.818	0	
-0.509614	-9.68807	181.305	0	
3.53873	-12.5627	186.076	0	
93.1711	-9.91661	196.849	0	
94.8512	-7.59168	201.467	0	
93.1051	-7.68362	199.88	0	
94.3487	-9.95869	196.216	0	
-56.6347	-8.74736	283.49	0	
-56.1633	-9.86103	295.441	0	
-53.2073	-7.5817	274.101	0	
-52.962	-8.49757	282.983	0	
-69.2806	-8.31036	297.823	0	
-70.1102	-9.48302	307.887	0	
-146.77	-9.69916	411.98	0	
-145.35	-9.33264	412.852	0	
117.985	-10.8506	209.062	0	
122.737	-10.0676	217.664	0	
-115.53	-7.32665	343.453	0	
-112.997	-9.51903	464.948	0	
99.1021	-10.4234	197.505	0	
101.742	-11.4518	194.209	0	
-103.987	-5.07871	220.059	0	
-103.131	-6.76184	274.836	0	
-104.787	-4.70698	218.257	0	
-104.935	-3.7956	193.775	0	
-15.7587	-6.74497	213.492	0	
-13.955	-7.59697	209.531	0	
-38.4573	-8.65323	300.432	0	
-35.4596	-6.10672	263.371	0	
-7.51846	-6.07421	188.755	0	
-5.50034	-5.06591	190.992	0	
-10.8926	-6.98203	197.541	0	
-9.7233	-5.52605	193.57	0	
6.35311	-9.88442	184.454	0	
7.77251	-12.7607	189.053	0	
10.3662	-8.20418	188.586	0	
9.73683	-6.59024	187.395	0	
10.1881	-9.6168	189.865	0	
12.3538	-8.38391	191.721	0	
52.3249	-9.6644	141.889	0	
54.6972	-8.39587	160.243	0	
41.5818	-8.98017	176.12	0	
41.1008	-8.14282	186.803	0	
47.2627	-12.2163	104.687	0	
53.7886	-10.1033	124.817	0	
37.3083	-7.69822	202.677	0	
37.9179	-8.68688	197.444	0	
20.965	-8.1039	196.064	0	
22.5635	-6.57241	193.774	0	
157.368	-6.23023	189.701	0	
156.308	-4.51492	198.705	0	
157.812	-7.2847	190.315	0	
159.932	-7.34026	185.865	0	
160.123	-3.5076	173.415	0	
161.075	-4.12975	176.225	0	
107.956	-7.7014	204.029	0	
112.599	-10.5144	206.416	0	
112.94	-8.20641	208.036	0	
114.028	-6.92483	205.921	0	
56.4631	-6.99626	190.937	0	
62.552	-8.30803	175.059	0	
-44.6103	-5.11672	243.572	0	
-42.8243	-5.26229	238.419	0	
-73.2752	-11.1172	358.505	0	
-73.9355	-7.79599	293.858	0	
-83.2038	-8.85088	332.492	0	
-80.6822	-9.89501	355.763	0	
-33.4266	-11.0968	391.975	0	
-29.3356	-11.5389	409.253	0	
42.0568	-10.8788	151.666	0	
43.2031	-12.8894	116.707	0	
44.0409	-10.2821	144.583	0	
44.8559	-12.2618	113.689	0	
46.2894	-12.8724	107.587	0	
46.7289	-10.9639	126.202	0	
32.725	-6.72213	207.84	0	
32.8061	-8.17362	207.946	0	
33.6314	-8.22993	206.949	0	
32.357	-7.38419	207.526	0	
35.0985	-10.3418	199.372	0	
39.2126	-10.992	166.548	0	
-138.804	-7.23909	336.32	0	
-137.445	-10.5117	493.972	0	
-135.932	-8.37047	393.535	0	
-134.602	-7.64098	376.404	0	
-133.035	-8.88	420.654	0	
-131.528	-8.20457	399.656	0	
-26.1421	-10.3057	357.107	0	
-23.1883	-8.60716	308.91	0	
65.9381	-12.3663	119.438	0	
65.3838	-10.0015	154.979	0	
64.4808	-9.61198	154.518	0	
66.1285	-10.8218	142.321	0	
13.9438	-9.98794	195.827	0	
14.7419	-10.6823	196.908	0	
10.7095	-8.96567	189.059	0	
16.5637	-10.8128	201.12	0	
14.2719	-11.5109	197.346	0	
12.9809	-13.4462	198.783	0	
147.086	-3.7047	226.266	0	
148.45	-5.19877	218.108	0	
145.833	-5.58276	220.883	0	
147.685	-5.05565	221.944	0	
145.128	-7.3916	218.332	0	
148.443	-7.72739	215.13	0	
147.363	-6.43172	218.388	0	
150.108	-7.38589	212.675	0	
127.82	-8.91186	229.074	0	
128.375	-10.5778	224.781	0	
-123.745	-9.40213	448.218	0	
-122.554	-14.2012	696.02	0	
96.1061	-8.11741	202.288	0	
98.2727	-11.6155	193.946	0	
138.663	-13.0325	205.95	0	
140.024	-10.7996	215.848	0	
141.517	-10.1996	216.417	0	
140.608	-8.27536	224.864	0	
-2.99556	-12.2744	192.582	0	
0.51506	-10.2525	180.982	0	
91.5572	-11.5561	197.61	0	
96.3797	-10.7601	194.315	0	
93.5238	-8.39169	200.12	0	
94.7252	-9.16936	198.56	0	
-54.1805	-7.26331	266.513	0	
-54.9942	-7.95511	275.047	0	
-53.0987	-10.7827	304.075	0	
-50.1249	-9.95908	299.12	0	
-143.426	-11.7213	529.168	0	
-144.479	-9.77748	404.685	0	
114.655	-8.35537	208.253	0	
117.563	-9.8286	210.919	0	
-103.909	-6.01715	266.462	0	
-103.159	-9.03009	390.338	0	
-12.8373	-7.36742	204.742	0	
-8.66883	-8.44724	191.497	0	
8.19316	-8.28084	186.468	0	
7.69934	-11.324	188.389	0	
11.0025	-13.2641	196.063	0	
8.73537	-10.6174	187.025	0	
10.0296	-11.1363	191.378	0	
11.5369	-9.44857	191.198	0	
10.1345	-12.5854	191.376	0	
13.1172	-11.1284	195.373	0	
10.6589	-10.5342	189.676	0	
13.1544	-10.1624	194.059	0	
113.318	-9.35648	205.091	0	
115.734	-8.56134	210.408	0	
-44.9003	-6.69557	268.102	0	
-41.1048	-8.957	299.868	0	
33.5911	-11.099	201.385	0	
34.5819	-11.4182	190.39	0	
30.7631	-7.68213	203.839	0	
32.5307	-9.63066	206.905	0	
-139.843	-6.59812	300.681	0	
-142.916	-9.1857	402.196	0	
-138.757	-8.3755	372.88	0	
-140.464	-8.30031	364.504	0	
-137.211	-9.55259	454.072	0	
-136.126	-9.29723	445.349	0	
-132.957	-7.94937	384.207	0	
-133.767	-5.65153	270.632	0	
-134.011	-9.06824	449.027	0	
-132.38	-10.357	499.308	0	
64.4473	-11.3673	126.628	0	
65.6332	-11.5424	130.12	0	
67.3052	-13.1458	109.572	0	
68.1041	-11.274	141.686	0	
142.99	-8.56955	222.246	0	
148.217	-6.70504	214.087	0	
146.678	-7.04806	216.961	0	
146.855	-8.91548	213.708	0	
129.589	-9.22358	229.467	0	
128.578	-9.6382	226.917	0	
97.5342	-9.61902	198.123	0	
97.9126	-12.791	187.602	0	
94.8807	-10.7495	194.065	0	
95.5601	-9.16244	197.234	0	
-54.2022	-10.8083	309.486	0	
-51.8312	-13.0478	335.944	0	
-51.5722	-9.39403	292.048	0	
-51.9148	-10.1472	302.209	0	
-144.673	-12.4676	521.241	0	
-139.505	-8.91139	416.03	0	
11.5628	-10.5532	192.183	0	
12.3204	-11.3877	194.034	0	
111.362	-10.208	201.818	0	
110.293	-11.2851	201.666	0	
114.288	-9.46733	208.368	0	
115.315	-11.2314	201.365	0	
-45.9289	-6.68471	269.779	0	
-44.8119	-8.19058	291.897	0	
-44.4223	-7.41887	278.248	0	
-43.3145	-8.85884	298.958	0	
32.3849	-11.4859	200.039	0	
32.8643	-14.6892	184.285	0	
35.1098	-12.8974	183.071	0	
39.8843	-12.2333	163.223	0	
31.5346	-8.69336	206.323	0	
31.2523	-10.5679	204.829	0	
31.5158	-7.76518	206.492	0	
29.8876	-8.71496	204.962	0	
29.2953	-11.9906	204.024	0	
31.8644	-12.9429	196.433	0	
28.759	-8.33954	201.734	0	
29.2269	-10.7982	205.343	0	
30.1678	-9.42051	205.184	0	
30.0796	-10.3163	205.777	0	
-133.348	-10.6841	520.098	0	
-134.258	-9.94165	481.184	0	
-132.171	-6.60642	334.705	0	
-133.157	-6.47305	315.095	0	
-131.699	-10.9533	543.547	0	
-130.863	-10.5945	520.422	0	
62.5021	-11.9164	114.01	0	
63.6588	-12.3026	112.429	0	
150.77	-10.011	197.603	0	
145.467	-8.72032	216.051	0	
147.354	-7.9171	212.094	0	
147.766	-11.8296	203.846	0	
98.7929	-14.2625	186.843	0	
100.022	-12.0243	193.948	0	
99.0958	-11.4645	193.709	0	
100.839	-12.8623	189.114	0	
94.357	-8.33397	198.752	0	
92.7144	-9.185	198.908	0	
93.0422	-11.394	192.198	0	
96.6333	-12.3983	192.062	0	
-52.8693	-9.9664	300.246	0	
-52.3572	-11.6711	314.899	0	
-52.5075	-12.5362	321.68	0	
-51.0507	-12.6625	330.528	0	
-44.2384	-9.02282	295.312	0	
-43.4598	-7.75859	286.829	0	
-136.585	-11.1987	543.004	0	
-136.861	-12.4962	578.906	0	
-131.931	-12.2141	610.523	0	
-130.177	-12.0868	606.793	0	
-129.165	-10.627	531.662	0	
-129.944	-9.12655	440.821	0	
59.8591	-11.102	119.582	0	
64.9772	-13.0755	103.833	0	
102.104	-12.5166	192.364	0	
100.588	-11.2538	195.088	0	
-53.7088	-12.9823	331.645	0	
-55.9178	-15.1855	351.87	0	
-50.0921	-13.2965	334.858	0	
-49.187	-12.8694	331.792	0	
-50.6132	-14.532	357.559	0	
-44.2352	-20.0102	448.127	0	
-47.687	-13.4845	350.148	0	
-45.3207	-11.3921	334.285	0	
-45.0981	-9.66614	313.995	0	
-43.9815	-12.4503	353.419	0	
-133.785	-11.8256	581.389	0	
-135.594	-11.0522	531.557	0	
-131.157	-12.85	616.47	0	
-131.122	-13.8566	692.53	0	
-128.662	-11.5999	577.015	0	
-127.089	-9.00017	432.592	0	
60.3485	-13.7793	84.6985	0	
63.2652	-14.5891	84.6248	0	
-50.5861	-21.1883	427.09	0	
-51.8911	-14.32	337.798	0	
-60.3441	-10.4111	303.693	0	
-59.8842	-12.9482	332.702	0	
-68.0136	-12.7425	362.332	0	
-65.4148	-13.5384	364.227	0	
23.1993	-9.00657	198.828	0	
28.0739	-10.2119	204.316	0	
-79.1412	-8.06776	306.755	0	
-78.2314	-8.85945	335.791	0	
-95.5262	-10.3675	438.871	0	
-93.6516	-10.5809	470.664	0	
-111.163	-6.64001	302.562	0	
-110.016	-8.1276	363.446	0	
-109.09	-7.34964	315.223	0	
-109.626	-9.74349	457.442	0	
-25.0183	-8.31208	309.391	0	
-24.0912	-7.82801	292.731	0	
149.632	-9.275	207.89	0	
150.707	-11.7543	198.182	0	
153.347	-8.25423	199.866	0	
152.748	-9.5646	196.3	0	
106.21	-10.1173	201.086	0	
108.831	-8.7761	204.366	0	
80.4792	-6.5764	212.846	0	
82.2749	-7.48642	210.153	0	
83.4055	-7.32661	208.57	0	
82.8775	-9.71353	209.766	0	
-47.7223	-10.5892	322.223	0	
-46.9244	-12.1358	327.719	0	
71.9675	-11.1825	173.473	0	
70.7123	-9.94331	173.539	0	
-126.759	-10.0455	494.736	0	
-123.549	-13.6586	674.367	0	
-119.596	-10.2994	512.42	0	
-115.872	-11.5569	548.816	0	
77.3776	-9.6064	208.634	0	
79.8569	-9.53858	210.91	0	
86.4908	-7.57285	201.079	0	
87.9736	-8.70057	198.496	0	
58.4336	-10.2271	136.868	0	
58.598	-7.64936	197.147	0	
123.655	-8.28621	219.522	0	
121.417	-8.03826	215.847	0	
125.052	-10.0841	218.855	0	
124.956	-12.2386	209.82	0	
2.66187	-10.7669	182.302	0	
1.35628	-11.1478	185.249	0	
-56.9274	-11.0961	305.018	0	
-54.662	-12.1427	313.253	0	
-71.3643	-8.73836	303.638	0	
-70.7115	-12.9414	391.684	0	
120.561	-10.1515	212.678	0	
122.531	-8.76761	218.145	0	
-112.332	-8.39953	375.953	0	
-110.988	-7.83631	327.38	0	
-15.7209	-9.70289	246.898	0	
-11.6145	-7.80093	198.489	0	
-36.182	-7.87485	301.844	0	
-33.046	-8.30172	313.506	0	
-38.8518	-7.23753	293.116	0	
-34.3607	-9.97522	351.486	0	
-35.1812	-7.89345	303.82	0	
-34.0966	-8.86492	334.646	0	
-8.57254	-7.04249	188.528	0	
-7.56311	-9.50372	193.938	0	
38.1522	-10.5685	188.078	0	
41.597	-12.2132	147.982	0	
50.7337	-11.504	102.921	0	
56.4027	-12.1325	93.0978	0	
18.8356	-8.27874	197.713	0	
25.6509	-9.01129	200.402	0	
159.798	-5.96837	183.202	0	
164.364	-3.12438	184.123	0	
57.5475	-7.05779	195.439	0	
59.7195	-6.56098	206.412	0	
60.568	-8.76776	165.322	0	
62.1868	-10.3706	131.811	0	
44.1872	-14.8635	84.068	0	
48.5665	-12.4469	104.406	0	
16.1673	-16.8343	209.631	0	
18.1332	-14.9517	206.606	0	
-121.773	-12.3239	604.937	0	
-123.683	-11.5407	564.687	0	
142.661	-11.455	209.321	0	
144.465	-9.46665	213.301	0	
-1.57689	-11.8894	189.485	0	
1.59759	-14.0875	194.637	0	
-105.471	-6.60523	285.855	0	
-104.349	-7.71688	325.3	0	
-104.032	-9.69015	414.313	0	
-103.437	-7.80338	337.47	0	
-106.153	-7.6016	322.433	0	
-105.734	-8.70423	378.842	0	
-104.504	-10.7271	483.691	0	
-104.005	-11.5965	520.839	0	
-141.211	-8.92157	402.012	0	
-142.634	-10.2256	440.234	0	
65.453	-14.3662	93.464	0	
70.5811	-16.5747	110.026	0	
133.765	-11.9186	223.446	0	
132.843	-8.81926	234.361	0	
127.014	-10.9775	217.988	0	
126.678	-12.2915	217.033	0	
-144.098	-14.3446	637.881	0	
-139.085	-13.5572	626.023	0	
116.794	-11.6412	205.276	0	
116.193	-9.59278	208.558	0	
26.6973	-8.1761	198.979	0	
24.5838	-8.23737	197.389	0	
92.6467	-15.1446	187.09	0	
95.405	-13.0847	187.069	0	
-138.172	-12.4613	590.071	0	
-134.919	-12.0256	584.522	0	
-132.65	-15.3747	758.319	0	
-133.569	-14.2873	674.578	0	
-135.804	-13.0547	625.451	0	
-135.189	-14.3827	693.555	0	
105.809	-11.5064	196.308	0	
103.561	-10.5251	197.278	0	
-128.469	-14.0101	695.764	0	
-127.138	-12.3941	611.622	0	
-131.576	-14.9706	711.107	0	
-130.823	-15.6608	751.681	0	
-130.535	-17.0108	805.321	0	
-126.788	-15.1231	738.348	0	
-133.136	-17.3137	786.67	0	
-131.129	-20.4778	890.941	0	
-129.221	-15.5067	748.244	0	
-129.256	-17.38	806.52	0	
62.6713	-18.8011	48.308	0	
66.9722	-14.5905	100.552	0	
-59.4019	-11.433	311.777	0	
-58.6813	-14.2267	344.042	0	
-80.3407	-8.56801	332.986	0	
-82.2314	-10.08	386.771	0	
-97.2711	-9.09441	392.619	0	
-101.89	-10.8099	459.247	0	
-94.8251	-11.25	469.56	0	
-94.3472	-12.5548	528.855	0	
-112.2	-10.8622	507.653	0	
-108.065	-7.99021	343.17	0	
-25.0032	-9.45788	342.229	0	
-24.0343	-10.2354	343.834	0	
-27.1534	-9.55433	349.037	0	
-23.1465	-9.86877	326.429	0	
-24.1079	-11.5151	363.697	0	
-20.4566	-9.86481	294.705	0	
148.215	-9.87678	201.84	0	
149.12	-12.9712	192.329	0	
78.93	-7.83429	212.356	0	
81.9508	-8.33944	207.227	0	
81.2497	-10.5523	201.989	0	
84.4092	-7.99693	204.35	0	
68.4787	-12.8285	135.128	0	
70.0088	-13.1152	139.068	0	
-127.637	-11.3889	573.585	0	
-125.835	-12.4079	620.331	0	
88.5722	-9.98631	203.458	0	
90.6209	-8.72533	203.332	0	
4.42893	-13.3297	194.801	0	
6.55008	-11.0461	185.279	0	
1.21271	-12.1875	188.286	0	
-0.359555	-12.7581	190.375	0	
-7.4959	-15.1905	247.463	0	
-9.98464	-9.29735	202.682	0	
36.5824	-12.5721	171.086	0	
38.3472	-13.2719	150.459	0	
22.5846	-11.5863	205.436	0	
26.9985	-10.7322	204.292	0	
59.0171	-8.61229	143.877	0	
56.9622	-10.4328	115.564	0	
47.441	-10.2505	132.156	0	
49.3446	-13.3296	85.2067	0	
-122.524	-15.3957	743.466	0	
-120.561	-14.9805	724.804	0	
-123.06	-12.4903	611.759	0	
-125.108	-11.4339	563.937	0	
-142.182	-8.5074	387.615	0	
-143.7	-10.7113	462.998	0	
-141.533	-10.0303	446.062	0	
-140.951	-13.1606	623.195	0	
64.6834	-17.6609	63.4788	0	
68.1762	-16.7258	83.3811	0	
127.417	-14.6937	197.592	0	
131.491	-13.3092	211.022	0	
116.526	-12.9517	196.484	0	
120.354	-12.6528	201.385	0	
-128.421	-14.9948	740.916	0	
-127.567	-15.5501	761.73	0	
-125.835	-15.707	771.032	0	
-125.745	-13.6627	670.507	0	
-126.696	-17.2792	816.375	0	
-124.313	-16.9647	798.958	0	
-127.592	-16.5998	782.947	0	
-128.712	-16.5049	801.218	0	
-77.2083	-10.9387	392.614	0	
-76.0017	-8.822	326.601	0	
-106.458	-13.965	640.476	0	
-108.315	-10.2162	452.617	0	
-29.6243	-8.78485	337.234	0	
-28.4255	-13.0872	433.666	0	
-23.0595	-12.7406	393.191	0	
-21.8624	-10.7683	337.602	0	
78.5982	-9.23976	204.986	0	
80.7222	-8.35795	208.981	0	
85.1103	-12.0568	200.174	0	
84.2029	-10.1943	201.077	0	
86.2973	-12.2696	196.716	0	
89.6833	-13.3451	192.329	0	
4.17574	-14.5714	193.676	0	
6.38385	-14.8677	195.732	0	
6.87995	-8.83273	185.336	0	
4.64936	-11.0394	183.171	0	
54.4821	-11.8428	106.364	0	
61.8437	-15.0468	66.1544	0	
50.9516	-12.7435	92.9469	0	
49.21	-11.4311	108.424	0	
-123.584	-15.8786	777.93	0	
-121.664	-17.179	808.571	0	
-119.407	-15.2627	745.852	0	
-118.436	-13.486	651.654	0	
-141.658	-11.9714	514.108	0	
-140.832	-10.7662	493.272	0	
-125.9	-19.5397	888.887	0	
-123.47	-17.8539	850.449	0	
-25.0881	-14.993	450.555	0	
-19.4179	-15.2071	388.712	0	
-21.7018	-12.3605	358.429	0	
-19.6189	-13.2977	361.224	0	
6.09396	-7.74917	183.64	0	
4.47099	-8.08191	183.515	0	
-119.01	-16.6707	796.093	0	
-117.16	-16.8892	808.274	0	
-117.361	-12.0656	578.733	0	
-118.064	-10.4039	496.96	0	
-163.911	-6.35497	317.936	0	
-162.09	-5.86334	310.715	0	
131.45	-8.97708	231.376	0	
133.244	-7.32962	231.881	0	
-88.7698	-11.2519	445.445	0	
-89.7768	-8.5285	354.666	0	
18.9584	-10.8865	202.401	0	
20.1273	-8.96218	199.248	0	
-99.9486	-6.62817	286.98	0	
-99.5538	-9.5257	398.452	0	
-19.6336	-7.39317	250.641	0	
-20.7692	-8.5394	285.674	0	
156.94	-8.11488	191.422	0	
157.173	-9.2556	191.992	0	
161.137	-7.95052	189.588	0	
160.995	-5.44608	180.096	0	
11.1872	-14.6905	200.366	0	
12.4895	-14.6529	200.104	0	
110.506	-13.2706	185.337	0	
113.005	-11.9854	194.652	0	
-69.5641	-12.0371	365.424	0	
-66.4187	-14.418	378.683	0	
-64.1392	-13.9721	357.961	0	
-64.8155	-11.312	326.661	0	
104.484	-11.718	196.206	0	
108.799	-11.0216	199.347	0	
119.528	-11.0872	209.255	0	
119.157	-14.1751	194.611	0	
-40.8874	-12.2264	373.178	0	
-36.2106	-10.0971	346.127	0	
163.537	-5.35974	185.046	0	
165.097	-5.68567	193.638	0	
141.714	-12.6432	205.598	0	
144.524	-14.7649	196.664	0	
-3.86642	-11.0098	190.366	0	
-3.71452	-13.6815	210.308	0	
-106.487	-11.6851	533.06	0	
-105.907	-12.6599	586.451	0	
-99.3672	-14.5593	646.87	0	
-98.8278	-11.901	510.989	0	
-138.144	-15.543	713.951	0	
-136.128	-19.8067	839.641	0	
-81.9432	-14.4146	509.312	0	
-79.583	-10.7231	399.915	0	
146.637	-16.6923	179.025	0	
153.671	-12.2123	193.66	0	
-11.3418	-8.8313	208.608	0	
-11.1348	-11.419	229.408	0	
24.7337	-11.0807	204.486	0	
25.0494	-13.3659	207.592	0	
124.196	-14.8966	197.862	0	
124.517	-19.6139	170.259	0	
129.026	-15.0045	201.066	0	
132.032	-16.5908	190.059	0	
-78.6486	-13.7426	481.889	0	
-74.8432	-11.3551	389.776	0	
-107.68	-9.24085	421.442	0	
-107.605	-11.6352	518.338	0	
84.809	-9.25561	207.866	0	
84.1517	-13.5736	195.543	0	
85.1834	-15.2876	186.46	0	
88.4402	-12.5952	195.64	0	
87.2603	-13.4987	193.484	0	
88.0821	-11.0937	195.737	0	
2.47019	-14.9353	207.98	0	
4.78353	-17.129	211.97	0	
7.45506	-15.6963	204.395	0	
8.91345	-13.5032	194.577	0	
-129.001	-20.3166	885.889	0	
-118.495	-20.2322	891.338	0	
-120.381	-17.7605	844.576	0	
-120.336	-19.629	881.584	0	
-108.373	-19.4308	860.824	0	
-111.892	-15.4936	730.26	0	
17.8056	-13.3083	204.685	0	
21.259	-11.4448	202.855	0	
-100.871	-11.1708	497.891	0	
-96.8512	-10.6676	444.454	0	
155.499	-7.64563	196.236	0	
155.245	-10.049	194.785	0	
155.396	-13.6177	191.061	0	
163.917	-11.9297	206.907	0	
161.619	-9.61877	194.013	0	
163.04	-9.99157	198.284	0	
10.1261	-15.7027	201.952	0	
10.803	-17.005	211.626	0	
14.8344	-15.3081	204.956	0	
15.4585	-13.5378	202.27	0	
-68.8611	-15.0399	405.501	0	
-67.158	-16.665	420.614	0	
-64.8829	-16.2206	395.33	0	
-61.5358	-13.5758	341.585	0	
105.519	-15.4179	184.374	0	
109.536	-17.1902	171.007	0	
126.077	-15.5562	191.511	0	
121.941	-12.4223	208.417	0	
165.553	-8.92638	204.833	0	
166.348	-7.53863	203.062	0	
-80.4265	-16.6791	571.363	0	
-79.9783	-12.3139	428.984	0	
-11.9662	-13.1641	261.455	0	
-6.01484	-12.5117	207.539	0	
23.2517	-10.5963	200.717	0	
23.5163	-13.1361	203.912	0	
28.3115	-14.2363	198.94	0	
26.9305	-12.1023	205.216	0	
-108.232	-12.59	601.587	0	
-107.665	-13.945	647.552	0	
-104.753	-12.5844	567.809	0	
-105.833	-10.7403	478.032	0	
-104.085	-13.5105	608.319	0	
-102.943	-13.0013	581.628	0	
-105.752	-15.0616	689.278	0	
-102.294	-14.802	665.961	0	
-100.779	-12.407	531.71	0	
-102.799	-11.7094	537.642	0	
-99.5854	-12.8489	577.613	0	
-99.7167	-10.6991	474.131	0	
-100.913	-15.5814	695.478	0	
-96.7863	-13.6075	587.337	0	
87.1049	-14.9999	190.983	0	
89.721	-15.1059	187.791	0	
5.7896	-18.0338	219.524	0	
10.3602	-18.5971	210.676	0	
17.7845	-16.7352	208.846	0	
20.4073	-12.7348	205.598	0	
156.339	-10.2784	191.328	0	
157.246	-11.1879	192.071	0	
160.449	-10.7482	194.395	0	
159.042	-14.1815	196.382	0	
13.2006	-20.6153	224.998	0	
12.5942	-17.0451	207.497	0	
-63.2587	-17.9124	408.063	0	
-66.1479	-15.7837	403.082	0	
-55.091	-18.8592	391.811	0	
-62.334	-15.1922	369.266	0	
19.5722	-15.1114	207.556	0	
25.7778	-14.7363	201.491	0	
-110.42	-11.0751	521.641	0	
-108.574	-14.7893	670.296	0	
-115.034	-12.8221	611.429	0	
-110.079	-13.7247	653.805	0	
-107.476	-17.4999	782.259	0	
-103.742	-15.6375	692.895	0	
167.239	-12.3818	223.799	0	
168.469	-7.49864	215.167	0	
-64.5695	-17.5705	415.449	0	
-62.0279	-16.4661	377.785	0	
-104.532	-14.6826	670.358	0	
-108.547	-16.1754	762.898	0	
-65.189	-19.9451	460.033	0	
-62.8423	-19.7564	430.145	0	
-104.999	-19.9435	852.499	0	
-106.206	-16.9362	768.78	0	
-106.178	-22.112	905.66	0	
-101.156	-17.4909	760.39	0	
73.3574	-13.5777	158.153	0	
76.5805	-13.544	186.858	0	
-14.2707	-8.42782	225.861	0	
-14.7037	-6.65828	210.546	0	
-17.7712	-9.51276	267.59	0	
-16.7912	-10.2654	270.797	0	
-16.8214	-11.9681	278.303	0	
-14.3503	-10.5661	246.676	0	
-18.3419	-12.1648	321.641	0	
-17.5877	-16.3421	388.204	0	
-84.7523	-8.78578	356.741	0	
-85.8658	-10.0991	382.926	0	
-34.617	-12.8727	418.481	0	
-33.8267	-14.5152	451.738	0	
135.773	-9.90248	229.601	0	
135.59	-12.9751	202.48	0	
139.008	-14.5629	199.242	0	
142.111	-14.3406	199.305	0	
-39.6576	-9.5361	339.554	0	
-40.6395	-6.70977	265.291	0	
28.0743	-12.7743	203.775	0	
27.2661	-15.1638	202.109	0	
27.5571	-16.6299	192.218	0	
29.0467	-17.0324	189.778	0	
95.8286	-15.0577	185.044	0	
102.629	-17.2085	173.267	0	
-44.6975	-17.0045	410.399	0	
-38.7492	-15.4145	440.328	0	
47.6859	-19.3444	53.2614	0	
48.9319	-14.5444	82.5551	0	
-131.163	-25.6079	954.97	0	
-126.162	-23.9041	968.061	0	
-60.0268	-16.1282	370.69	0	
-53.1294	-15.3037	354.247	0	
114.412	-12.122	200.912	0	
118.564	-17.6766	175.644	0	
-31.7586	-10.8008	382.73	0	
-28.5045	-9.94274	364.219	0	
-87.7229	-12.797	509.035	0	
-85.4635	-12.7636	479.72	0	
107.16	-14.1575	180.574	0	
114.696	-15.6835	182.522	0	
111.982	-13.6645	193.962	0	
114.128	-14.527	189.27	0	
-74.9708	-14.7711	457.533	0	
-70.2805	-14.6398	417.779	0	
-6.15539	-9.47355	185.195	0	
-5.30269	-13.7703	215.164	0	
-4.98844	-17.8574	270.518	0	
-1.59613	-19.2829	261.812	0	
-136.095	-15.8712	735.96	0	
-132.428	-22.4476	915.171	0	
-75.6482	-13.3756	428.269	0	
-77.1298	-12.9027	431.68	0	
-102.853	-17.9845	797.026	0	
-97.9866	-19.1216	780.876	0	
86.1707	-19.3556	172.592	0	
84.2772	-17.4066	178.354	0	
91.3531	-16.1269	184.516	0	
91.371	-13.0965	189.489	0	
6.00107	-20.3499	236.969	0	
8.65062	-18.6417	224.87	0	
20.0631	-20.0809	208.059	0	
20.7263	-13.9408	205.538	0	
9.58166	-22.932	247.197	0	
21.7545	-26.9582	196.64	0	
-69.7343	-17.6098	450.542	0	
-66.8733	-18.088	446.379	0	
-71.9082	-15.3571	448.955	0	
-70.4567	-21.3052	528.767	0	
22.5097	-14.2007	207.888	0	
19.8315	-17.9088	209.465	0	
-66.3838	-21.1615	484.874	0	
-65.6897	-22.8366	497.771	0	
-111.824	-13.8004	673.984	0	
-110.119	-16.804	783.715	0	
-105.219	-24.7334	931.621	0	
-101.263	-21.0821	859.469	0	
-37.4557	-11.4698	391.045	0	
-39.3928	-11.2238	348.8	0	
137.244	-15.8415	189.981	0	
134.322	-19.945	172.556	0	
24.7755	-17.5585	198.072	0	
26.6474	-19.1686	189.353	0	
31.1684	-20.2805	159.221	0	
30.9925	-18.7829	169.386	0	
-40.9034	-14.7629	391.986	0	
-36.7962	-13.1239	405.394	0	
48.274	-17.7757	54.8227	0	
49.9483	-17.622	57.3526	0	
114.97	-13.3519	194.381	0	
112.546	-14.9762	182.903	0	
112.534	-17.439	172.702	0	
116.047	-15.7102	184.898	0	
113.99	-16.9122	175.572	0	
113.567	-19.6702	165.356	0	
111.658	-16.6594	178.191	0	
115.986	-18.8374	170.764	0	
114.576	-18.4598	169.22	0	
118.833	-21.1877	162.409	0	
-8.4581	-11.2438	204.423	0	
-5.99302	-15.0855	231.818	0	
-77.0342	-17.5167	539.94	0	
-71.675	-17.0748	480.16	0	
-103.249	-19.9453	832.414	0	
-99.6711	-19.2499	802.696	0	
86.9852	-25.2431	152.71	0	
92.2442	-20.3809	175.913	0	
90.4614	-18.3548	175.225	0	
97.9372	-15.8427	178.225	0	
2.19594	-20.4006	243.391	0	
13.3143	-26.3761	239.116	0	
20.8773	-16.6135	208.649	0	
22.6977	-15.9548	204.908	0	
15.6514	-20.081	216.142	0	
15.4238	-18.3711	212.171	0	
-68.4465	-20.4538	500.874	0	
-70.2596	-23.0305	562.302	0	
-68.3071	-27.492	599.751	0	
-62.7225	-27.0291	548.327	0	
-115.132	-18.958	865.228	0	
-108.085	-21.8102	895.775	0	
-113.483	-17.9141	823.449	0	
-112.454	-21.8249	903.341	0	
-33.3821	-18.6882	523.42	0	
-28.8616	-16.7777	506.985	0	
23.9243	-19.5688	196.058	0	
25.2873	-20.529	194.262	0	
34.2984	-18.386	146.285	0	
34.4084	-14.5929	167.447	0	
32.2724	-17.7704	160.043	0	
34.4151	-20.2562	134.171	0	
45.5682	-21.6106	53.5883	0	
51.4834	-18.9812	37.1796	0	
108.947	-15.1131	187.926	0	
108.723	-19.0623	166.785	0	
113.625	-21.8831	158.906	0	
115.296	-22.4709	158.934	0	
-7.76769	-12.567	216.782	0	
-8.55842	-13.9305	236.67	0	
25.5498	-22.4441	180.133	0	
28.9599	-22.8829	156.587	0	
51.5822	-21.0008	41.2269	0	
56.8071	-15.2655	53.8901	0	
103.921	-14.1635	181.83	0	
104.986	-17.6784	171.268	0	
110.505	-20.057	163.463	0	
115.962	-28.4575	150.842	0	
120.653	-24.3663	152.456	0	
116.647	-20.6356	161.404	0	
-4.71204	-16.2031	235.168	0	
-3.18467	-15.2436	218.653	0	
-10.8124	-14.3964	265.78	0	
-15.5031	-15.6917	342.973	0	
105.527	-22.0362	157.974	0	
111.379	-22.2352	158.344	0	
124.89	-22.1316	161.213	0	
119.985	-19.7495	168.983	0	
-6.04451	-27.8578	387.38	0	
-8.45793	-17.1993	291.531	0	
-49.3917	-16.3576	364.202	0	
-50.8126	-18.4223	392.146	0	
-142.143	-14.7875	624.169	0	
-139.219	-17.0307	747.239	0	
59.1058	-20.9041	37.3544	0	
69.6178	-21.8423	62.8094	0	
-30.0656	-14.6425	471.652	0	
-25.8459	-17.3243	492.515	0	
52.7958	-13.1299	71.5296	0	
53.2424	-18.081	49.7525	0	
57.9228	-13.7778	68.3234	0	
61.0235	-17.0376	53.1336	0	
149.28	-15.7838	189.92	0	
157.182	-12.8435	193.774	0	
155.159	-20.6395	193.696	0	
154.912	-15.6838	192.495	0	
127.5	-22.7102	160.179	0	
128.436	-18.2598	181.813	0	
-123.321	-24.6009	963.644	0	
-119.616	-26.4937	984.557	0	
122.35	-16.2311	183.426	0	
122.263	-18.7308	170.862	0	
-115.23	-14.7387	712.023	0	
-113.525	-15.9751	750.233	0	
71.3389	-14.2434	118.32	0	
72.078	-18.2181	96.1042	0	
-56.5948	-17.2906	372.136	0	
-53.2725	-17.5803	376.064	0	
136.798	-18.3425	179.199	0	
133.18	-27.0149	159.33	0	
-43.0686	-15.0972	388.277	0	
-41.6759	-21.2012	482.668	0	
-76.7063	-19.5022	593.346	0	
-73.1236	-19.7952	548.837	0	
-78.3337	-21.4525	636.538	0	
-74.6407	-27.0641	663.689	0	
95.0445	-19.1819	171.719	0	
99.0085	-18.4128	172.118	0	
-72.2032	-23.9531	594.244	0	
-71.4015	-25.8412	608.544	0	
-63.4784	-31.9751	613.286	0	
-60.9302	-29.5527	572.11	0	
-52.6095	-27.2037	518.94	0	
-55.3748	-21.4361	426.554	0	
-114.778	-21.5665	916.486	0	
-111.838	-19.4963	886.019	0	
29.269	-20.8137	168.505	0	
30.6977	-24.2183	153.15	0	
27.9016	-27.5979	154.565	0	
34.2338	-27.7564	105.361	0	
36.8856	-23.6962	99.8297	0	
40.2735	-17.6586	91.8316	0	
53.9775	-22.2788	27.8952	0	
53.9641	-15.8935	50.5752	0	
102.075	-15.1523	182.257	0	
101.347	-19.1831	168.035	0	
-145.867	-16.1313	648.241	0	
-145.281	-18.7069	723.53	0	
152.657	-16.9104	189.337	0	
162.796	-13.8096	207.104	0	
-60.5567	-20.0734	414.259	0	
-59.1765	-24.3455	468.018	0	
-74.0533	-22.9556	614.502	0	
-77.8257	-24.1653	672.872	0	
-71.4698	-29.4648	661.474	0	
-65.3036	-27.7563	573.498	0	
-118.11	-22.2251	935.559	0	
-112.693	-28.5818	997.019	0	
102.887	-22.1363	162.832	0	
106.344	-19.5529	166.059	0	
-24.5466	-19.5698	511.716	0	
-21.6829	-16.3658	433.378	0	
-138.337	-19.4507	806.515	0	
-134.961	-17.7148	800.194	0	
174.021	-9.30845	246.861	0	
169.124	-5.41366	215.144	0	
-20.5749	-19.9923	476.148	0	
-10.5479	-17.9186	308.423	0	
-7.23145	-18.7486	287.897	0	
-7.01203	-23.0797	348.455	0	
0.030682	-21.1812	268.145	0	
2.83261	-18.0803	226.888	0	
-96.3995	-20.9601	812.909	0	
-94.7328	-17.8132	729.015	0	
40.2628	-27.0399	66.1768	0	
47.2444	-26.7233	35.8777	0	
24.2461	-23.8698	186.736	0	
24.9911	-25.642	178.229	0	
21.9928	-21.1016	203.459	0	
20.6474	-25.0574	202.908	0	
24.8275	-29.2262	175.87	0	
26.9073	-29.5296	156.289	0	
17.3314	-21.3063	216.308	0	
18.2962	-25.0724	217.628	0	
22.7422	-30.2407	182.64	0	
23.3454	-32.8903	186.384	0	
16.6932	-23.426	221.305	0	
18.4319	-28.8246	223.262	0	
30.3286	-31.7844	126.34	0	
29.9814	-26.8192	135.164	0	
125.071	-26.2797	153.383	0	
131.546	-23.1616	162.9	0	
71.4576	-20.6967	89.8581	0	
75.1675	-21.7878	115.071	0	
-80.4552	-19.895	634.661	0	
-86.8357	-23.916	783.333	0	
91.0828	-24.0472	154.828	0	
101.177	-24.9957	154.47	0	
38.5634	-29.4058	73.1352	0	
44.7176	-25.8838	49.5647	0	
52.0685	-26.1553	27.3506	0	
65.8063	-28.032	38.9201	0	
55.5852	-21.271	36.5384	0	
58.4126	-17.2579	46.3963	0	
-148.289	-20.2491	714.263	0	
-140.382	-23.927	880.218	0	
152.67	-19.6544	190.481	0	
156.4	-18.3386	196.598	0	
158.743	-17.6105	201.138	0	
160.702	-23.0288	220.343	0	
-75.475	-24.6477	650.4	0	
-79.1903	-26.7452	713.377	0	
-73.5939	-30.605	686.002	0	
-72.8899	-33.4159	722.399	0	
-69.4054	-29.5464	631.455	0	
-68.3893	-31.6222	658.927	0	
-119.566	-23.7444	957.182	0	
-115.549	-26.1496	984.325	0	
98.0173	-24.2659	158.554	0	
110.293	-24.1688	153.486	0	
-26.0023	-22.2402	550.236	0	
-20.9987	-22.5145	511.609	0	
-140.771	-20.6323	831.172	0	
-143.075	-25.5097	854.093	0	
165.836	-11.2244	210.594	0	
169.963	-9.09207	225.835	0	
175.135	-7.11959	252.478	0	
172.968	-6.37607	240.464	0	
-14.1235	-24.0569	452.368	0	
-14.782	-19.0834	392.65	0	
-14.2103	-17.1833	340.257	0	
-16.6845	-19.9749	422.484	0	
-8.06037	-21.0656	336.902	0	
-8.54168	-25.3911	386.03	0	
-3.58003	-22.2326	305.189	0	
3.24814	-25.8678	293.364	0	
-102.054	-23.7017	906.425	0	
-89.0969	-21.3389	771.398	0	
45.4708	-19.5235	58.0008	0	
47.7833	-21.4315	48.7038	0	
12.1928	-22.5464	230.312	0	
17.2043	-27.1367	224.161	0	
16.5878	-30.582	237.962	0	
21.522	-35.536	192.659	0	
126.161	-32.1144	154.659	0	
131.143	-25.1933	160.344	0	
133.836	-22.3777	167.425	0	
132.318	-18.7029	176.445	0	
67.4318	-21.0006	58.8398	0	
69.611	-24.6603	56.0122	0	
77.0972	-23.4658	99.6144	0	
80.7595	-21.1948	142.309	0	
58.0489	-22.2738	31.6795	0	
57.2761	-18.8977	40.9289	0	
150.43	-21.5508	187.009	0	
148.84	-28.1515	197.618	0	
-84.0679	-29.8129	815.278	0	
-74.6094	-35.9389	753.223	0	
-121.956	-22.7294	951.865	0	
-121.861	-27.4351	988.185	0	
-30.2646	-18.7213	528.528	0	
-20.6012	-32.478	575.827	0	
167.079	-15.3235	226.656	0	
169.878	-15.6448	243.3	0	
-16.8145	-22.162	455.36	0	
-11.5937	-20.036	351.752	0	
-18.7512	-23.4346	491.908	0	
-18.6193	-26.3899	530.206	0	
-14.6959	-22.289	423.136	0	
-10.8812	-25.5021	424.806	0	
-10.3327	-21.6338	369.398	0	
-11.6238	-23.7588	406.323	0	
-97.8718	-29.7651	941.762	0	
-92.5832	-26.9084	877.34	0	
-93.7933	-24.3846	854.469	0	
-81.9451	-26.7164	771.667	0	
7.01957	-25.8308	275.928	0	
9.04091	-25.4188	251.402	0	
16.4575	-32.6248	234.738	0	
14.2295	-29.9629	246.022	0	
129.006	-32.5432	161.986	0	
129.851	-29.4253	158.11	0	
135.929	-26.5159	165.242	0	
138.778	-19.5697	175.539	0	
-123.249	-30.0668	994.917	0	
-121.019	-32.7059	1005.46	0	
164.555	-16.046	220.59	0	
169.019	-20.9977	252.924	0	
175.958	-15.9762	272.991	0	
171.162	-13.029	239.919	0	
-24.3044	-26.6973	576.375	0	
-5.46565	-29.7902	395.415	0	
-14.831	-29.4166	514.953	0	
-7.9875	-27.3692	415.088	0	
131.244	-35.5276	169.284	0	
139.203	-29.3264	171.002	0	
-16.8799	-33.1926	530.025	0	
-11.5118	-34.6401	486.172	0	
-10.0625	-29.3634	442.37	0	
-9.64101	-31.546	450.272	0	
133.688	-33.1145	166.981	0	
138.647	-22.7049	170.146	0	
-2.8859	-30.3193	387.22	0	
-1.13142	-23.2081	298.312	0	
-15.1648	-36.0157	530.794	0	
7.75083	-43.5511	314.746	0	
-2.82192	-33.8311	391.501	0	
6.35235	-33.3136	314.231	0	
-4.62563	-26.4258	358.557	0	
-1.5383	-28.9436	354.668	0	
2.70716	-29.7413	322.182	0	
-0.66389	-25.1581	316.489	0	
4.39404	-28.2135	300.609	0	
1.20823	-26.2805	313.531	0	
6.54384	-28.1205	281.631	0	
4.70051	-24.0833	272.149	0	
8.01338	-30.7454	296.744	0	
14.9102	-27.7346	239.477	0	
3.19594	-32.2165	340.529	0	
7.27057	-36.5654	309.488	0	
10.961	-27.2776	262.305	0	
10.4092	-30.3145	270.131	0	
12.0818	-31.6412	264.17	0	
13.1719	-33.8671	260.504	0	
-136.901	-25.038	906.836	0	
-126.331	-35.6337	984.435	0	
-110.149	-27.0059	978.492	0	
-100.551	-28.2139	937.458	0	
77.7669	-19.0256	137.432	0	
84.7849	-22.5512	152.225	0	
116.882	-26.2035	149.498	0	
124.133	-28.6835	154.872	0	
-56.8833	-26.481	505.032	0	
-54.1251	-25.6719	484.985	0	
24.0028	-40.3754	181.591	0	
26.5037	-34.0675	162.081	0	
32.1004	-34.7518	118.418	0	
35.9055	-30.1103	93.6097	0	
-72.355	-40.7789	753.192	0	
-68.8874	-41.1213	722.074	0	
-143.352	-31.1016	857.104	0	
-141.223	-39.0688	873.782	0	
65.347	-22.9718	45.1254	0	
66.8472	-25.4774	45.0038	0	
61.8901	-21.0278	39.4782	0	
61.0355	-25.2453	31.8546	0	
68.0888	-31.1907	47.1659	0	
72.3728	-31.3268	60.2222	0	
77.2871	-26.736	97.726	0	
81.703	-23.6915	137.052	0	
74.0677	-27.9171	66.2567	0	
79.797	-34.68	87.644	0	
152.301	-24.5434	189.424	0	
157.496	-32.9286	229.066	0	
-82.5345	-38.0722	831.263	0	
-77.8134	-35.13	778.256	0	
-126.484	-29.836	991.395	0	
-128.813	-32.5663	974.617	0	
-111.16	-37.0788	986.764	0	
-105.42	-36.8791	978.355	0	
136.557	-34.8975	179.392	0	
142.358	-23.3809	176.238	0	
-13.1842	-43.1423	508.746	0	
1.15174	-44.4002	388.245	0	
-5.83672	-34.6707	439.645	0	
-8.58663	-36.9752	464.441	0	
-115.257	-33.1234	1003.6	0	
-102.294	-36.3649	963.762	0	
81.948	-18.1055	163.018	0	
79.6715	-17.0482	173.709	0	
117.849	-31.1766	151.346	0	
121.251	-28.7585	150.98	0	
-58.0323	-29.1481	539.896	0	
-56.0547	-31.5945	580.526	0	
-49.9051	-26.5027	516.465	0	
-47.7002	-22.1471	450.642	0	
27.6363	-36.6337	143.949	0	
42.1932	-38.318	68.2922	0	
116.762	-33.7367	155.369	0	
120.759	-35.9322	160.476	0	
-57.0325	-35.1323	615.632	0	
-48.6746	-34.4121	590.87	0	
-48.4014	-28.9598	538.266	0	
-45.4756	-28.7155	545.184	0	
113.083	-33.436	151.224	0	
115.195	-40.9683	164.829	0	
122.651	-38.2989	166.083	0	
124.643	-34.3995	160.893	0	
-50.462	-31.507	569.71	0	
-50.1598	-37.0863	621.73	0	
-40.3699	-30.4348	589.955	0	
-34.1469	-21.5821	550.371	0	
122.217	-41.0563	171.438	0	
127.038	-42.1399	179.252	0	
-36.9161	-22.2174	531.264	0	
-28.7045	-21.9382	557.291	0	
-42.1783	-24.5731	531.037	0	
-37.2512	-25.7286	572.784	0	
-39.7321	-26.8547	555.918	0	
-31.4522	-26.9378	597.749	0	
47.9095	-29.8789	39.0495	0	
56.956	-26.1554	26.4391	0	
44.0519	-23.065	52.7671	0	
39.6422	-20.6575	93.848	0	
39.6747	-24.6713	75.215	0	
41.4714	-22.6312	68.5626	0	
94.5115	-26.4778	161.92	0	
98.1199	-32.6821	153.276	0	
107.221	-27.7015	147.284	0	
110.882	-29.9361	152.787	0	
-98.4455	-32.5342	941.954	0	
-94.2348	-34.7366	916.7	0	
-88.5497	-27.001	843.037	0	
-89.9356	-32.5373	886.231	0	
166.082	-21.041	233.203	0	
163.932	-18.3884	220.367	0	
170.933	-24.1711	261.77	0	
173.82	-18.2507	266.602	0	
178.285	-18.1464	285.424	0	
179.443	-11.3392	284.478	0	
127.611	-39.3007	175.903	0	
137.235	-39.4179	188.288	0	
0.0787369	-35.2072	378.184	0	
4.65055	-42.7269	347.646	0	
24.2255	-47.8049	188.134	0	
33.2601	-45.6044	117.574	0	
-79.3554	-38.5956	803.763	0	
-72.8991	-49.4009	768.52	0	
58.9458	-24.6106	31.8876	0	
62.9228	-23.0322	38.4024	0	
54.4514	-24.8264	31.2302	0	
57.8901	-29.0906	30.0602	0	
52.0226	-28.7237	32.416	0	
56.3149	-31.126	27.9028	0	
62.8864	-33.2166	37.3605	0	
67.7158	-37.829	50.9059	0	
140.546	-41.0772	202.555	0	
151.424	-33.4639	202.557	0	
26.9588	-40.2959	158.6	0	
36.0247	-42.9935	99.7834	0	
-45.8143	-44.5073	644.173	0	
-39.0471	-36.513	623.635	0	
-37.9432	-33.6659	608.978	0	
-34.5172	-28.4068	590.204	0	
119.666	-41.9341	171.024	0	
119.15	-44.4754	174.844	0	
126.504	-47.5682	193.397	0	
130.725	-38.503	175.962	0	
42.5303	-32.4738	52.858	0	
48.9294	-36.2379	40.9005	0	
-101.153	-33.475	962.118	0	
-100.848	-38.1177	953.046	0	
-102.742	-30.7841	967.628	0	
-107.011	-34.3091	983.288	0	
-102.001	-42.1069	941.388	0	
-91.9596	-43.103	891.538	0	
-108.299	-38.6594	982.676	0	
-109.143	-47.9252	916.499	0	
-99.0469	-43.512	926.476	0	
-98.3255	-47.9454	900.534	0	
-92.4463	-37.2665	911.719	0	
-89.7468	-35.6686	892.196	0	
-93.5773	-40.2988	908.253	0	
-89.1019	-42.8348	872.189	0	
-84.4883	-35.2599	843.334	0	
-87.6841	-30.0608	847.482	0	
158.361	-25.3142	217.823	0	
162.793	-28.7178	242.167	0	
164.913	-26.1111	245.156	0	
175.813	-26.6054	285.907	0	
174.712	-21.162	275.152	0	
183.139	-22.0094	302.32	0	
-65.166	-44.0741	718.638	0	
-61.3758	-41.8854	682.24	0	
29.5395	-42.3834	137.222	0	
30.2544	-45.2796	141.402	0	
-42.6123	-36.4313	616.945	0	
-20.5032	-42.8541	568.12	0	
117.65	-39.5267	165.921	0	
115.825	-46.8805	172.44	0	
107.74	-62.2472	197.969	0	
120.548	-53.2751	203.181	0	
116.173	-44.3447	174.103	0	
118.336	-49.2107	188.184	0	
118.165	-52.3432	187.509	0	
122.652	-50.8342	192.683	0	
113.991	-54.2533	193.345	0	
118.841	-61.5205	218.539	0	
127.572	-51.5127	208.01	0	
124.169	-45.9353	185.043	0	
126.542	-56.3138	216.14	0	
132.9	-45.2758	196.847	0	
131.331	-49.8207	208.115	0	
128.563	-46.3488	193.841	0	
134.411	-51.6074	220.491	0	
144.31	-46.3816	228.044	0	
131.271	-47.3562	200.251	0	
135.255	-44.4888	198.687	0	
135.124	-41.0374	192.966	0	
131.267	-43.008	190.71	0	
-109.984	-34.3546	994.632	0	
-116.097	-39.9622	976.633	0	
-90.1377	-49.944	848.829	0	
-84.4564	-40.7869	847.496	0	
164.997	-32.4072	260.163	0	
168.95	-26.7415	260.869	0	
176.65	-29.6597	288.889	0	
181.093	-18.4195	294.718	0	
28.02	-48.1626	169.841	0	
42.5259	-54.436	104.788	0	
-112.387	-31.975	997.349	0	
-109.065	-41.3553	955.802	0	
-113.798	-43.1666	965.976	0	
-114.451	-47.1745	917.414	0	
-77.2399	-50.9485	779.846	0	
-77.832	-42.388	799.088	0	
-83.5695	-44.931	838.497	0	
-74.0356	-43.7624	766.858	0	
159.906	-38.191	256.528	0	
172.472	-38.4182	292.193	0	
180.904	-30.3203	305.937	0	
182.874	-27.6479	305.555	0	
177.525	-21.3544	283.412	0	
178.14	-24.4591	288.708	0	
22.4386	-43.7928	198.272	0	
25.9448	-55.6021	188.292	0	
28.9714	-52.4901	164.291	0	
32.7112	-53.5168	148.483	0	
-114.225	-36.5702	992.797	0	
-119.46	-39.4615	986.081	0	
-80.1242	-46.0088	806.925	0	
-79.4533	-55.9148	784.848	0	
183.28	-33.9902	315.551	0	
187.538	-26.6692	314.644	0	
-127.433	-41.756	949.162	0	
-108.757	-52.4355	895.058	0	
180.947	-24.8411	301.798	0	
190.819	-29.7202	324.59	0	
194.925	-22.2591	328.126	0	
189.926	-19.8812	319.611	0	
39.9409	-32.3085	72.0002	0	
42.7251	-27.8187	52.8515	0	
37.8	-35.2585	80.805	0	
44.3676	-34.6434	50.9915	0	
35.4508	-40.5006	99.8363	0	
39.5041	-44.0384	91.9761	0	
38.5952	-48.8715	100.772	0	
54.8558	-41.2306	45.3293	0	
8.74229	-48.7217	328.923	0	
22.6127	-51.9027	210.769	0	
-27.7947	-28.6361	593.287	0	
-27.6159	-32.4456	613.575	0	
-149.626	-33.2365	846.705	0	
-145.869	-54.9647	721.755	0	
81.1593	-44.6818	85.7844	0	
89.7842	-32.8326	137.459	0	
-133.465	-31.0387	973.258	0	
-129.035	-38.4055	956.07	0	
-61.5583	-35.1082	638.735	0	
-57.6825	-43.2291	670.356	0	
57.5887	-35.2741	34.5605	0	
66.3245	-34.0747	40.1706	0	
51.6896	-35.2766	36.5393	0	
48.515	-41.1888	54.8355	0	
60.7871	-36.4152	34.8503	0	
62.0169	-41.0135	45.0554	0	
137.738	-46.3871	213.78	0	
139.5	-33.3297	177.217	0	
149.039	-43.4472	226.463	0	
147.474	-38.3806	216.792	0	
-36.1363	-46.0194	637.867	0	
-37.4953	-39.6841	631.754	0	
53.6105	-30.6191	30.5539	0	
50.0839	-30.5874	32.8872	0	
45.5456	-43.4438	63.4256	0	
54.9022	-37.561	34.0236	0	
-43.376	-39.4257	629.761	0	
-34.9493	-42.2291	623.211	0	
-48.513	-40.3919	632.968	0	
-39.8591	-44.7044	635.284	0	
-40.462	-41.1961	635.096	0	
-42.4782	-46.2026	644.649	0	
-51.4174	-42.756	650.251	0	
-48.1453	-47.2437	651.022	0	
-43.0337	-51.2051	642.928	0	
-36.4101	-54.26	619.2	0	
-54.6856	-41.142	649.524	0	
-47.1445	-51.6632	650.711	0	
-55.1889	-46.9966	664.023	0	
-62.7318	-53.9674	704.648	0	
111.158	-47.5908	175.154	0	
104.38	-43.2167	153.986	0	
139.15	-69.772	260.601	0	
122.32	-57.5096	209.927	0	
17.4066	-43.4207	243.659	0	
14.3385	-48.6465	259.914	0	
25.8395	-60.3661	207.277	0	
30.7474	-62.489	189.837	0	
-76.5807	-61.428	726.457	0	
-63.9055	-60.4801	687.751	0	
43.6151	-30.3498	52.4832	0	
44.4247	-36.9947	51.3611	0	
47.7018	-38.3731	48.6689	0	
46.662	-34.0362	45.8558	0	
4.90464	-38.9662	351.082	0	
11.9787	-39.6153	280.06	0	
-136.231	-33.3922	930.471	0	
-140.888	-34.2429	916.931	0	
66.1232	-49.848	69.5206	0	
71.8399	-38.1186	56.8581	0	
137.847	-50.1525	218.917	0	
141.108	-52.0597	235.028	0	
46.2558	-47.3058	76.17	0	
51.6795	-45.9008	60.629	0	
-25.3818	-60.9012	546.964	0	
-34.6336	-49.7916	604.295	0	
0.869225	-38.7051	376.303	0	
-1.22351	-41.6602	395.38	0	
141.313	-56.7851	245.249	0	
153.469	-51.4015	255.344	0	
42.3023	-50.6464	94.0809	0	
54.7896	-47.4913	60.0973	0	
49.2685	-48.2407	69.2241	0	
58.7721	-43.542	46.1559	0	
-8.55821	-40.2666	479.513	0	
-5.89952	-45.7643	454.629	0	
133.82	-55.6434	229.909	0	
130.208	-64.0804	240.427	0	
149.202	-57.5726	260.143	0	
154.696	-60.1817	278.048	0	
49.8963	-52.4605	76.8933	0	
58.6626	-46.6129	56.2805	0	
53.5166	-51.8186	75.9837	0	
60.295	-54.1737	77.5024	0	
-16.8657	-41.2264	548.011	0	
-4.17841	-49.5763	430.875	0	
-6.65006	-58.1655	426.629	0	
3.87001	-59.8053	358.986	0	
67.7167	-57.5186	94.4608	0	
62.0014	-49.8717	67.0685	0	
-23.6775	-39.3631	598.079	0	
-29.6576	-52.0763	598.323	0	
-11.0621	-46.7057	488.437	0	
-14.3096	-53.7018	501.796	0	
-6.70325	-52.9699	466.761	0	
-11.4933	-50.56	482.345	0	
-14.5157	-62.8714	464.775	0	
-11.5308	-69.4288	424.92	0	
85.9528	-30.0561	125.588	0	
94.2452	-30.4503	142.281	0	
99.3362	-39.1402	152.239	0	
111.881	-39.7419	159.381	0	
-116.639	-62.736	763.619	0	
-108.487	-65.9049	772.004	0	
-31.3275	-35.1045	616.164	0	
-31.7403	-40.3157	628.92	0	
-136.084	-45.3355	884.869	0	
-122.606	-49.2107	905.449	0	
188.531	-34.369	318.549	0	
196.011	-40.3165	326.342	0	
128.932	-69.6867	245.998	0	
137.46	-58.914	239.783	0	
16.1536	-60.916	267.139	0	
46.7842	-69.112	149.452	0	
-145.379	-43.1219	832.031	0	
-128.042	-51.4619	875.803	0	
-43.0626	-62.2549	613.603	0	
-40.0427	-65.9927	587.522	0	
-18.8905	-54.0583	521.414	0	
-21.8339	-48.9809	575.983	0	
34.5925	-58.7516	157.348	0	
39.1082	-58.5568	128.087	0	
52.0528	-60.1753	103.461	0	
62.8639	-58.3378	92.5206	0	
71.1077	-61.6605	110.69	0	
74.2205	-52.1167	86.7665	0	
69.2697	-53.331	83.8946	0	
77.8665	-55.3877	101.713	0	
97.819	-42.9512	140.756	0	
102.818	-59.2147	175.168	0	
105.658	-35.4295	154.685	0	
103.364	-38.6147	149.036	0	
-118.608	-51.3528	906.163	0	
-115.652	-55.8346	850.082	0	
-28.041	-42.2418	605.418	0	
-26.8099	-48.5415	589.314	0	
134.949	-74.6315	266.788	0	
135.556	-63.8226	251.452	0	
-151.318	-40.4308	788.055	0	
-158.194	-43.719	687.701	0	
-141.87	-47.6642	803.149	0	
-140.875	-61.6391	715.233	0	
-48.8586	-62.2263	623.247	0	
-51.9402	-66.1256	611.758	0	
29.1913	-68.137	204.097	0	
47.9967	-75.6755	171.016	0	
47.097	-59.6063	109.642	0	
56.5883	-71.8919	148.673	0	
89.0431	-53.7566	134.01	0	
75.4375	-45.7551	84.9188	0	
96.97	-36.7731	138.308	0	
99.8791	-50.5201	151.278	0	
91.5641	-36.9036	135.756	0	
83.1478	-39.7164	108.904	0	
109.495	-51.8311	173.162	0	
108.192	-43.8286	162.142	0	
93.2568	-44.4236	142.444	0	
89.3681	-40.7432	112.008	0	
-42.3295	-73.6435	552.045	0	
-37.9019	-80.8363	474.508	0	
42.5413	-61.7398	130.653	0	
41.928	-66.8138	155.477	0	
53.7112	-77.3404	162.697	0	
69.2203	-66.0676	121.529	0	
94.2326	-49.5707	138.067	0	
90.2149	-60.1045	144.165	0	
34.6207	-70.3985	194.034	0	
34.0778	-78.2254	209.453	0	
164.111	-37.4279	259.273	0	
159.479	-44.7392	259.036	0	
176.54	-41.488	298.241	0	
189.477	-40.2275	325.577	0	
3.58625	-52.3426	358.386	0	
10.0733	-64.9842	311.527	0	
-58.0156	-64.6589	641.571	0	
-50.6906	-55.7431	648.272	0	
151.039	-72.9496	287.075	0	
170.052	-60.9645	295.115	0	
9.23701	-74.4554	317.883	0	
21.9114	-70.3442	245.735	0	
-29.6731	-65.0785	542.687	0	
-15.3488	-76.128	451.442	0	
64.1589	-66.4131	124.473	0	
97.2776	-62.1828	171.203	0	
136.021	-81.8465	274.326	0	
164.928	-68.1338	303.867	0	
57.8484	-84.6156	196.816	0	
64.8158	-77.0743	166.268	0	
175.145	-48.9587	304.857	0	
179.245	-52.1723	309.1	0	
61.8252	-71.6628	141.567	0	
70.1192	-87.2078	193.154	0	
168.475	-50.5226	290.343	0	
177.562	-58.701	314.315	0	
102.833	-83.7682	230.795	0	
72.1773	-70.8739	148.516	0	
187.997	-69.0716	319.681	0	
206.662	-60.7918	327.18	0	
190.038	-54.0913	321.013	0	
185.391	-60.2297	320.323	0	
107.815	-69.9582	210.111	0	
122.503	-68.4547	229.58	0	
79.7846	-65.6508	136.155	0	
85.2797	-65.1993	154.763	0	
-67.4393	-70.9498	641.361	0	
-48.4309	-73.8049	566.891	0	
-67.6753	-90.0915	511.448	0	
-54.7592	-77.3144	572.293	0	
-2.89731	-70.9248	395.476	0	
12.5575	-91.1907	301.277	0	
151.616	-81.7251	291.069	0	
159.854	-85.6718	303.102	0	
44.3894	-91.6947	220.993	0	
84.2212	-103.928	246.91	0	
96.1867	-69.4137	182.268	0	
111.103	-87.4335	245.764	0	
78.6604	-77.7139	173.094	0	
101.802	-74.1565	207.206	0	
70.1065	-76.6309	160.672	0	
63.716	-84.5787	175.59	0	
85.3993	-78.2113	190.376	0	
88.1077	-87.4494	220.364	0	
-80.8722	-67.2919	706.182	0	
-72.3959	-77.5693	614.063	0	
-92.9779	-60.2894	798.525	0	
-93.136	-79.7484	626.294	0	
-9.95544	-85.4802	383.167	0	
2.13921	-77.161	349.202	0	
-95.6006	-73.5897	698.143	0	
-89.0156	-67.2598	721.943	0	
-153.901	-79.7133	526.241	0	
-128.167	-75.409	610.669	0	
-99.85	-88.7742	551.129	0	
-93.9385	-97.2226	530.555	0	
-112.054	-80.247	607.437	0	
-116.247	-97.8677	508.138	0	
-77.4517	-121.167	409.119	0	
-74.5377	-98.378	503.237	0	
-125.403	-66.1101	751.3	0	
-121.596	-81.9962	595.183	0	
-170.12	-33.3384	593.967	0	
-171.249	-54.8173	552.085	0	
18.3315	-83.3615	275.066	0	
38.4081	-110.687	279.073	0	
118.89	-81.705	245.322	0	
144.416	-94.5216	290.279	0	
220.845	-72.1593	324.432	0	
215.549	-45.555	335	0	
167.414	-77.5498	304.545	0	
188.584	-95.8033	313.717	0	
143.775	-86.2847	289.374	0	
160.099	-94.5229	300.534	0	
72.8063	-92.6947	225.313	0	
59.9749	-103.536	241.886	0	
114.168	-95.3547	262.168	0	
128.037	-85.4275	270.142	0	
-23.1901	-92.3294	412.373	0	
-14.375	-92.8544	391.728	0	
-181.365	-31.0015	526.131	0	
-174.218	-46.796	548.989	0	
-177.758	-62.6098	490.186	0	
-171.638	-71.9088	484.082	0	
18.5159	-106.385	301.958	0	
27.2454	-84.5428	257.009	0	
29.5362	-93.5158	258.03	0	
69.7018	-123.4	265.034	0	
223.354	-53.6575	330.044	0	
131.729	-112.487	289.047	0	
152.503	-98.8131	298.565	0	
168.404	-99.4487	308.792	0	
178.182	-79.0542	316.96	0	
91.7092	-107.608	255.683	0	
97.3309	-90.344	230.393	0	
69.7992	-102.243	237.639	0	
59.2538	-115.492	265.348	0	
107.258	-102.848	263.287	0	
116.691	-112.995	278.007	0	
-29.7907	-115.432	381.035	0	
-24.3767	-108.377	375.851	0	
-196.131	-35.5921	447.44	0	
-186.564	-60.9766	453.348	0	
-188.739	-51.674	455.446	0	
-188.414	-81.6304	400.919	0	
-158.263	-91.1433	450.824	0	
-160.607	-69.7991	531.203	0	
20.4052	-97.2731	284.977	0	
6.28486	-109.176	312.651	0	
140.971	-127.845	296.75	0	
152.286	-115.743	300.678	0	
86.017	-122.568	268.239	0	
108.709	-111.552	272.441	0	
70.2125	-133.573	283.231	0	
101.314	-119.646	273.269	0	
117.696	-121.329	283.843	0	
132.163	-120.728	291.265	0	
-28.9006	-81.6467	485.227	0	
-41.0983	-90.6402	489.668	0	
-16.5909	-128.129	341.113	0	
-9.90373	-101.264	359.43	0	
-199.056	-26.2389	429.208	0	
-228.32	-43.1893	382.005	0	
-198.851	-50.5073	423.054	0	
-205.204	-59.0854	401.46	0	
40.0143	-154.442	293.986	0	
48.2893	-119.489	269.806	0	
87.4608	-132.862	281.718	0	
101.573	-134.36	284.278	0	
112.878	-127.089	284.841	0	
119.609	-137.447	290.851	0	
104.477	-126.848	281.534	0	
95.1082	-137.868	281.791	0	
121.857	-148.388	293.979	0	
145.135	-142.547	298.141	0	
96.9927	-153.607	284.633	0	
107.731	-140.056	286.708	0	
106.877	-147.333	285.347	0	
132.001	-136.992	295.086	0	
129.645	-151.468	293.939	0	
85.2011	-150.265	284.999	0	
155.305	-143.66	299.466	0	
148.835	-126.921	298.918	0	
140.968	-148.145	296.458	0	
115.418	-153.369	291.777	0	
143.813	-154.74	297.626	0	
179.998	-124.517	304.763	0	
168.203	-154.474	299.769	0	
151.696	-155.884	298.868	0	
-51.8541	-86.9568	496.324	0	
-51.2373	-105.095	430.294	0	
-9.26131	-120.45	334.633	0	
27.8945	-115.626	283.499	0	
-213.521	-31.3994	396.029	0	
-222.814	-23.5678	392.247	0	
177.391	-152.554	303.204	0	
-57.3488	-113.982	423.11	0	
-27.448	-124.147	358.074	0	
-69.8501	-111.437	428.859	0	
-89.0692	-120.147	414.903	0	
-38.9221	-113.908	385.384	0	
-53.8622	-121.865	391.662	0	
207.387	-142.619	303.74	0	
-59.9564	-132.573	374.885	0	
-57.4355	-152.595	363.385	0	
-124.857	-92.5714	530.477	0	
-108.118	-89.7399	567.704	0	
-138.347	-82.2985	565.494	0	
-127.031	-115.437	411.852	0	
162.553	-116.91	302.924	0	
187.433	-108.405	308.985	0	
-191.786	-93.5562	377.165	0	
-169.297	-89.807	429.116	0	
-154.898	-101.282	419.495	0	
-135.477	-94.27	497.561	0	
48.4001	-133.607	287.619	0	
-25.2812	-151.135	336.474	0	
23.2895	-129.404	305.903	0	
-215.899	-56.804	383.354	0	
-237.453	-75.7656	349.793	0	
2.60462	-120.916	327.635	0	
10.2306	-131.903	303.625	0	
-235.115	-49.2598	377.396	0	
-222.803	-62.5073	363.585	0	
165.466	-130.735	302.012	0	
178.823	-114.884	307.472	0	
196.832	-125.832	306.446	0	
214.235	-96.2272	312.909	0	
-206.013	-94.1921	355.858	0	
-189.434	-119.908	344.731	0	
-178.288	-109.763	366.524	0	
-163.633	-111.227	380.162	0	
33.9138	-138.583	286.461	0	
57.4082	-154.938	287.138	0	
179.053	-143.416	303.54	0	
188.871	-140.803	303.862	0	
-169.14	-137.367	342.29	0	
-160.116	-122.413	363.459	0	
198.342	-148.06	303.558	0	
205.958	-131.136	305.225	0	
-183.803	-136.326	336.996	0	
-160.952	-153.814	339.222	0	
213.626	-125.475	306.566	0	
196.649	-113.813	308.5	0	
224.473	-130.008	303.928	0	
233.326	-122.434	306.678	0	
220.561	-141.914	305.047	0	
236.534	-90.3771	310.874	0	
208.494	-78.0528	319.758	0	
229.037	-100.02	310.755	0	
-108.934	-126.568	390.604	0	
-103.246	-147.095	376.011	0	
-126.183	-130.83	374.414	0	
-107.552	-114.273	440.481	0	
-138.516	-134.994	375.728	0	
-113.839	-148.179	373.125	0	
-100.619	-135.573	383.606	0	
-226.907	-105.819	340.842	0	
-211.169	-81.5418	363.922	0	
-217.181	-131.567	327.09	0	
235.558	-151.725	302.28	0	
-96.9463	-155.772	371.357	0	
-87.4302	-155.104	369.238	0	
-91.6688	-134.136	384.875	0	
-75.7725	-144.255	371.985	0	
-52.8074	-141.267	364.025	0	
2.98678	-148.78	324.92	0	
-39.7223	-137.33	360.972	0	
-203.77	-117.329	332.757	0	
-214.621	-150.885	321.384	0	
-195.578	-153.064	329.107	0	
