# File: UnstructuredGrid_Inversion_L1_Medium_Iter11.vtk
# (No specific header documentation)

# vtk DataFile Version 2.0
Finite element discrete.
ASCII
DATASET UNSTRUCTURED_GRID
POINTS 4641 double
-2208.06	0	0
-1864.63	0	0
-1578.44	0	0
-1339.95	0	0
-1141.21	0	0
-975.592	0	0
-837.577	0	0
-722.564	0	0
-626.72	0	0
-546.85	0	0
-480.292	0	0
-424.826	0	0
-378.605	0	0
-340.088	0	0
-307.99	0	0
-281.242	0	0
-258.951	0	0
-240.376	0	0
-224.897	0	0
-211.997	0	0
-201.248	0	0
-192.29	0	0
-184.825	0	0
-178.604	0	0
-173.42	0	0
-169.1	0	0
-165.5	0	0
-162.5	0	0
-160	0	0
-158.75	0	0
-157.5	0	0
-156.25	0	0
-155	0	0
-153.75	0	0
-152.5	0	0
-151.25	0	0
-150	0	0
-148.75	0	0
-147.5	0	0
-146.25	0	0
-145	0	0
-143.75	0	0
-142.5	0	0
-141.25	0	0
-140	0	0
-138.75	0	0
-137.5	0	0
-136.25	0	0
-135	0	0
-133.75	0	0
-132.5	0	0
-131.25	0	0
-130	0	0
-128.75	0	0
-127.5	0	0
-126.25	0	0
-125	0	0
-123.75	0	0
-122.5	0	0
-121.25	0	0
-120	0	0
-118.75	0	0
-117.5	0	0
-116.25	0	0
-115	0	0
-113.75	0	0
-112.5	0	0
-111.25	0	0
-110	0	0
-108.75	0	0
-107.5	0	0
-106.25	0	0
-105	0	0
-103.75	0	0
-102.5	0	0
-101.25	0	0
-100	0	0
-98.75	0	0
-97.5	0	0
-96.25	0	0
-95	0	0
-93.75	0	0
-92.5	0	0
-91.25	0	0
-90	0	0
-88.75	0	0
-87.5	0	0
-86.25	0	0
-85	0	0
-83.75	0	0
-82.5	0	0
-81.25	0	0
-80	0	0
-78.75	0	0
-77.5	0	0
-76.25	0	0
-75	0	0
-73.75	0	0
-72.5	0	0
-71.25	0	0
-70	0	0
-68.75	0	0
-67.5	0	0
-66.25	0	0
-65	0	0
-63.75	0	0
-62.5	0	0
-61.25	0	0
-60	0	0
-58.75	0	0
-57.5	0	0
-56.25	0	0
-55	0	0
-53.75	0	0
-52.5	0	0
-51.25	0	0
-50	0	0
-48.75	0	0
-47.5	0	0
-46.25	0	0
-45	0	0
-43.75	0	0
-42.5	0	0
-41.25	0	0
-40	0	0
-38.75	0	0
-37.5	0	0
-36.25	0	0
-35	0	0
-33.75	0	0
-32.5	0	0
-31.25	0	0
-30	0	0
-28.75	0	0
-27.5	0	0
-26.25	0	0
-25	0	0
-23.75	0	0
-22.5	0	0
-21.25	0	0
-20	0	0
-18.75	0	0
-17.5	0	0
-16.25	0	0
-15	0	0
-13.75	0	0
-12.5	0	0
-11.25	0	0
-10	0	0
-8.75	0	0
-7.5	0	0
-6.25	0	0
-5	0	0
-3.75	0	0
-2.5	0	0
-1.25	0	0
0	0	0
1.25	0	0
2.5	0	0
3.75	0	0
5	0	0
6.25	0	0
7.5	0	0
8.75	0	0
10	0	0
11.25	0	0
12.5	0	0
13.75	0	0
15	0	0
16.25	0	0
17.5	0	0
18.75	0	0
20	0	0
21.25	0	0
22.5	0	0
23.75	0	0
25	0	0
26.25	0	0
27.5	0	0
28.75	0	0
30	0	0
31.25	0	0
32.5	0	0
33.75	0	0
35	0	0
36.25	0	0
37.5	0	0
38.75	0	0
40	0	0
41.25	0	0
42.5	0	0
43.75	0	0
45	0	0
46.25	0	0
47.5	0	0
48.75	0	0
50	0	0
51.25	0	0
52.5	0	0
53.75	0	0
55	0	0
56.25	0	0
57.5	0	0
58.75	0	0
60	0	0
61.25	0	0
62.5	0	0
63.75	0	0
65	0	0
66.25	0	0
67.5	0	0
68.75	0	0
70	0	0
71.25	0	0
72.5	0	0
73.75	0	0
75	0	0
76.25	0	0
77.5	0	0
78.75	0	0
80	0	0
81.25	0	0
82.5	0	0
83.75	0	0
85	0	0
86.25	0	0
87.5	0	0
88.75	0	0
90	0	0
91.25	0	0
92.5	0	0
93.75	0	0
95	0	0
96.25	0	0
97.5	0	0
98.75	0	0
100	0	0
101.25	0	0
102.5	0	0
103.75	0	0
105	0	0
106.25	0	0
107.5	0	0
108.75	0	0
110	0	0
111.25	0	0
112.5	0	0
113.75	0	0
115	0	0
116.25	0	0
117.5	0	0
118.75	0	0
120	0	0
121.25	0	0
122.5	0	0
123.75	0	0
125	0	0
126.25	0	0
127.5	0	0
128.75	0	0
130	0	0
131.25	0	0
132.5	0	0
133.75	0	0
135	0	0
136.25	0	0
137.5	0	0
138.75	0	0
140	0	0
141.25	0	0
142.5	0	0
143.75	0	0
145	0	0
146.25	0	0
147.5	0	0
148.75	0	0
150	0	0
151.25	0	0
152.5	0	0
153.75	0	0
155	0	0
156.25	0	0
157.5	0	0
158.75	0	0
161.25	0	0
164.25	0	0
167.85	0	0
172.17	0	0
177.354	0	0
183.575	0	0
191.04	0	0
199.998	0	0
210.747	0	0
223.647	0	0
239.126	0	0
257.701	0	0
279.992	0	0
306.74	0	0
338.838	0	0
377.355	0	0
423.576	0	0
479.042	0	0
545.6	0	0
625.47	0	0
721.314	0	0
836.327	0	0
974.342	0	0
1139.96	0	0
1338.7	0	0
1577.19	0	0
1863.38	0	0
2206.81	0	0
-2208.06	-4856.36	0
2206.81	-4856.36	0
-0.625	-4414.87	0
-0.625	-4856.36	0
-159.375	-2.00447	0
-64.375	-2.00447	0
31.875	-2.00447	0
126.875	-2.00447	0
-113.125	-2.00447	0
-136.875	-2.00447	0
-148.125	-2.00447	0
-154.375	-2.00447	0
-156.875	-2.00447	0
-16.875	-2.00447	0
-40.625	-2.00447	0
-53.125	-2.00447	0
-59.375	-2.00447	0
-61.875	-2.00447	0
-65.625	-1.29455	0
-71.875	-2.00447	0
79.375	-2.00447	0
55.625	-2.00447	0
43.125	-2.00447	0
36.875	-2.00447	0
34.375	-2.00447	0
33.125	-1.29455	0
30.625	-1.29455	0
24.375	-2.00447	0
158.125	-2.00447	0
141.875	-2.00447	0
133.125	-2.00447	0
129.375	-2.00447	0
128.125	-1.29455	0
125.625	-1.29455	0
119.375	-2.00447	0
-114.375	-1.29455	0
-120.625	-2.00447	0
-93.125	-2.00447	0
-103.125	-2.00447	0
-109.375	-2.00447	0
-111.875	-1.29455	0
-138.125	-1.29455	0
-129.375	-2.00447	0
-133.125	-2.00447	0
-135.625	-1.29455	0
-149.375	-1.29455	0
-143.125	-2.00447	0
-145.625	-2.00447	0
-146.875	-1.29455	0
-155.625	-1.29455	0
-151.875	-2.00447	0
-153.125	-1.29455	0
-158.125	-1.29455	0
-18.125	-1.29455	0
-24.375	-2.00447	0
3.125	-2.00447	0
-6.875	-2.00447	0
-13.125	-2.00447	0
-15.625	-1.29455	0
-41.875	-1.29455	0
-33.125	-2.00447	0
-36.875	-2.00447	0
-39.375	-1.29455	0
-54.375	-1.29455	0
-48.125	-2.00447	0
-50.625	-2.00447	0
-51.875	-1.29455	0
-60.625	-1.29455	0
-56.875	-2.00447	0
-58.125	-1.29455	0
-63.125	-1.29455	0
-66.875	-1.09989	0
-69.375	-2.00447	0
-70.625	-1.29455	0
-73.125	-1.29455	0
-79.375	-2.00447	0
99.375	-2.00447	0
89.375	-2.00447	0
83.125	-2.00447	0
80.625	-1.29455	0
78.125	-1.29455	0
71.875	-2.00447	0
63.125	-2.00447	0
59.375	-2.00447	0
56.875	-1.29455	0
54.375	-1.29455	0
48.125	-2.00447	0
45.625	-2.00447	0
44.375	-1.29455	0
41.875	-1.29455	0
39.375	-2.00447	0
38.125	-1.29455	0
35.625	-1.29455	0
29.375	-1.09989	0
26.875	-2.00447	0
25.625	-1.29455	0
23.125	-1.29455	0
16.875	-2.00447	0
156.875	-1.29455	0
150.625	-2.00447	0
145.625	-2.00447	0
143.125	-1.29455	0
140.625	-1.29455	0
136.875	-2.00447	0
134.375	-1.29455	0
131.875	-1.29455	0
124.375	-1.09989	0
121.875	-2.00447	0
120.625	-1.29455	0
118.125	-1.29455	0
111.875	-2.00447	0
-115.625	-1.09989	0
-118.125	-2.00447	0
-119.375	-1.29455	0
-121.875	-1.29455	0
-86.875	-2.00447	0
-90.625	-2.00447	0
-91.875	-1.29455	0
-94.375	-1.29455	0
-99.375	-2.00447	0
-101.875	-1.29455	0
-104.375	-1.29455	0
-106.875	-2.00447	0
-108.125	-1.29455	0
-110.625	-1.09989	0
-139.375	-1.09989	0
-125.625	-2.00447	0
-128.125	-1.29455	0
-130.625	-1.29455	0
-134.375	-1.09989	0
-150.625	-1.09989	0
-141.875	-1.29455	0
-144.375	-1.29455	0
-19.375	-1.09989	0
-21.875	-2.00447	0
-23.125	-1.29455	0
-25.625	-1.29455	0
9.375	-2.00447	0
5.625	-2.00447	0
4.375	-1.29455	0
1.875	-1.29455	0
-3.125	-2.00447	0
-5.625	-1.29455	0
-8.125	-1.29455	0
-10.625	-2.00447	0
-11.875	-1.29455	0
-14.375	-1.09989	0
-43.125	-1.09989	0
-29.375	-2.00447	0
-31.875	-1.29455	0
-34.375	-1.29455	0
-38.125	-1.09989	0
-55.625	-1.09989	0
-45.625	-2.00447	0
-46.875	-1.29455	0
-49.375	-1.29455	0
-68.125	-1.08267	0
-66.5621	-3.20169	0
-74.375	-1.09989	0
-76.875	-2.00447	0
-78.125	-1.29455	0
-80.625	-1.29455	0
105.625	-2.00447	0
101.875	-2.00447	0
100.625	-1.29455	0
98.125	-1.29455	0
93.125	-2.00447	0
90.625	-1.29455	0
88.125	-1.29455	0
85.625	-2.00447	0
84.375	-1.29455	0
81.875	-1.09989	0
76.875	-1.09989	0
74.375	-2.00447	0
73.125	-1.29455	0
70.625	-1.29455	0
66.875	-2.00447	0
64.375	-1.29455	0
61.875	-1.29455	0
58.125	-1.09989	0
53.125	-1.09989	0
50.625	-2.00447	0
49.375	-1.29455	0
46.875	-1.29455	0
40.625	-1.09989	0
28.125	-1.08267	0
29.6879	-3.20169	0
21.875	-1.09989	0
19.375	-2.00447	0
18.125	-1.29455	0
15.625	-1.29455	0
155.625	-1.09989	0
153.125	-2.00447	0
151.875	-1.29455	0
149.375	-1.29455	0
146.875	-1.29455	0
144.375	-1.09989	0
139.375	-1.09989	0
135.625	-1.09989	0
130.625	-1.09989	0
123.125	-1.08267	0
124.688	-3.20169	0
116.875	-1.09989	0
114.375	-2.00447	0
113.125	-1.29455	0
110.625	-1.29455	0
-116.875	-1.08267	0
-115.312	-3.20169	0
-123.125	-1.09989	0
-84.375	-2.00447	0
-85.625	-1.29455	0
-88.125	-1.29455	0
-95.625	-1.09989	0
-98.125	-1.29455	0
-100.625	-1.09989	0
-105.625	-1.09989	0
-110.983	-2.91077	0
-140.625	-1.08267	0
-139.062	-3.20169	0
-126.875	-1.09989	0
-131.875	-1.09989	0
-134.733	-2.91077	0
-150.267	-2.91077	0
-20.625	-1.08267	0
-19.0621	-3.20169	0
-26.875	-1.09989	0
11.875	-2.00447	0
10.625	-1.29455	0
8.125	-1.29455	0
0.625	-1.09989	0
-1.875	-1.29455	0
-4.375	-1.09989	0
-9.375	-1.09989	0
-14.7332	-2.91077	0
-44.375	-1.08267	0
-42.8121	-3.20169	0
-30.625	-1.09989	0
-35.625	-1.09989	0
-38.4832	-2.91077	0
-55.2668	-2.91077	0
-67.5162	-2.26952	0
-75.625	-1.08267	0
-74.0621	-3.20169	0
-81.875	-1.09989	0
108.125	-2.00447	0
106.875	-1.29455	0
104.375	-1.29455	0
96.875	-1.09989	0
94.375	-1.29455	0
91.875	-1.09989	0
86.875	-1.09989	0
81.5168	-2.91077	0
75.625	-1.08267	0
77.1879	-3.20169	0
69.375	-1.09989	0
65.625	-1.09989	0
60.625	-1.09989	0
57.7668	-2.91077	0
51.875	-1.08267	0
53.4379	-3.20169	0
40.9832	-2.91077	0
28.7338	-2.26952	0
20.625	-1.08267	0
22.1879	-3.20169	0
14.375	-1.09989	0
154.375	-1.08267	0
155.938	-3.20169	0
148.125	-1.09989	0
144.017	-2.91077	0
138.125	-1.08267	0
139.688	-3.20169	0
135.267	-2.91077	0
130.983	-2.91077	0
123.734	-2.26952	0
115.625	-1.08267	0
117.188	-3.20169	0
109.375	-1.09989	0
-116.266	-2.26952	0
-124.375	-1.08267	0
-122.812	-3.20169	0
-89.375	-1.09989	0
-96.875	-1.08267	0
-95.3121	-3.20169	0
-100.983	-2.91077	0
-105.267	-2.91077	0
-140.016	-2.26952	0
-127.233	-2.91077	0
-131.517	-2.91077	0
-20.0162	-2.26952	0
-28.125	-1.08267	0
-26.5621	-3.20169	0
6.875	-1.09989	0
-0.625	-1.08267	0
0.937855	-3.20169	0
-4.73316	-2.91077	0
-9.01684	-2.91077	0
-43.7662	-2.26952	0
-30.9832	-2.91077	0
-35.2668	-2.91077	0
-68.534	-4.26556	0
-75.0162	-2.26952	0
-83.125	-1.08267	0
-81.5621	-3.20169	0
103.125	-1.09989	0
95.625	-1.08267	0
97.1879	-3.20169	0
91.5168	-2.91077	0
87.2332	-2.91077	0
76.2338	-2.26952	0
68.125	-1.08267	0
69.6879	-3.20169	0
65.2668	-2.91077	0
60.9832	-2.91077	0
52.4838	-2.26952	0
27.716	-4.26556	0
21.2338	-2.26952	0
13.125	-1.08267	0
14.6879	-3.20169	0
154.984	-2.26952	0
147.812	-3.20169	0
138.734	-2.26952	0
122.716	-4.26556	0
116.234	-2.26952	0
109.733	-2.91077	0
-117.284	-4.26556	0
-123.766	-2.26952	0
-89.0168	-2.91077	0
-96.2662	-2.26952	0
-141.034	-4.26556	0
-21.034	-4.26556	0
-27.5162	-2.26952	0
7.23316	-2.91077	0
-0.016236	-2.26952	0
-44.784	-4.26556	0
-76.034	-4.26556	0
-82.5162	-2.26952	0
103.483	-2.91077	0
96.2338	-2.26952	0
75.216	-4.26556	0
68.7338	-2.26952	0
51.466	-4.26556	0
20.216	-4.26556	0
13.7338	-2.26952	0
153.966	-4.26556	0
148.587	-2.24287	0
137.716	-4.26556	0
115.216	-4.26556	0
-124.784	-4.26556	0
-97.284	-4.26556	0
-28.534	-4.26556	0
-1.03398	-4.26556	0
-83.534	-4.26556	0
95.216	-4.26556	0
67.716	-4.26556	0
12.716	-4.26556	0
149.737	-3.96508	0
33.125	-2.74999	0
128.125	-2.74999	0
-146.875	-2.74999	0
-155.625	-2.74999	0
-153.125	-2.74999	0
-158.125	-2.74999	0
-51.875	-2.74999	0
-60.625	-2.74999	0
-58.125	-2.74999	0
-63.125	-2.74999	0
-70.625	-2.74999	0
44.375	-2.74999	0
38.125	-2.74999	0
35.625	-2.74999	0
25.625	-2.74999	0
120.625	-2.74999	0
-119.375	-2.74999	0
-91.875	-2.74999	0
-108.125	-2.74999	0
-144.375	-2.74999	0
-23.125	-2.74999	0
4.375	-2.74999	0
-11.875	-2.74999	0
-46.875	-2.74999	0
-49.375	-2.74999	0
-78.125	-2.74999	0
100.625	-2.74999	0
84.375	-2.74999	0
73.125	-2.74999	0
49.375	-2.74999	0
46.875	-2.74999	0
18.125	-2.74999	0
151.875	-2.74999	0
113.125	-2.74999	0
-85.625	-2.74999	0
10.625	-2.74999	0
106.875	-2.74999	0
-141.802	-2.87844	0
-98.052	-2.87844	0
-1.80205	-2.87844	0
94.448	-2.87844	0
31.5394	-3.98781	0
129.508	-3.64826	0
126.539	-3.98781	0
-148.512	-4.07398	0
-154.375	-3.42515	0
-151.742	-3.64826	0
-156.875	-3.42515	0
-159.945	-4.38169	0
-53.512	-4.07398	0
-59.375	-3.42515	0
-56.7419	-3.64826	0
-61.875	-3.42515	0
-64.7106	-3.98781	0
-72.2106	-3.98781	0
42.738	-4.07398	0
39.5081	-3.64826	0
34.375	-3.42515	0
36.875	-3.42515	0
24.0394	-3.98781	0
119.039	-3.98781	0
-120.961	-3.98781	0
-90.4919	-3.64826	0
-93.4606	-3.98781	0
-109.508	-3.64826	0
-106.742	-3.64826	0
-145.625	-3.42515	0
-24.7106	-3.98781	0
5.75807	-3.64826	0
2.78942	-3.98781	0
-13.2581	-3.64826	0
-10.4919	-3.64826	0
-50.625	-3.42515	0
-48.125	-3.42515	0
-79.7106	-3.98781	0
102.008	-3.64826	0
99.0394	-3.98781	0
82.9919	-3.64826	0
85.7581	-3.64826	0
71.5394	-3.98781	0
45.625	-3.42515	0
48.125	-3.42515	0
16.5394	-3.98781	0
111.488	-4.07398	0
-87.262	-4.07398	0
8.98803	-4.07398	0
108.258	-3.64826	0
105.238	-4.07398	0
-143.119	-3.4344	0
-99.5093	-3.64606	0
-3.25931	-3.64606	0
92.9907	-3.64606	0
131.428	-5.64493	0
128.082	-4.32968	0
-153.119	-4.25517	0
-150.249	-4.78972	0
-155.625	-4.2447	0
-158.238	-4.4548	0
-58.1193	-4.25517	0
-55.2493	-4.78972	0
-60.625	-4.2447	0
-63.1696	-4.32728	0
41.0007	-4.78972	0
33.0804	-4.32728	0
38.1307	-4.25517	0
35.625	-4.2447	0
-91.9177	-4.32968	0
-111.428	-5.64493	0
-104.822	-5.64493	0
-146.933	-4.35218	0
4.33226	-4.32968	0
-15.1782	-5.64493	0
-8.57177	-5.64493	0
-51.9331	-4.35218	0
-49.375	-4.2447	0
-46.6566	-4.64898	0
100.582	-4.32968	0
81.0718	-5.64493	0
87.6782	-5.64493	0
44.3169	-4.35218	0
46.875	-4.2447	0
49.5934	-4.64898	0
-88.9993	-4.78972	0
7.25066	-4.78972	0
109.751	-4.78972	0
106.817	-4.35266	0
103.501	-4.78972	0
-144.375	-4.24424	0
126.763	-6.63281	0
129.537	-5.5418	0
-151.831	-5.31181	0
-156.894	-4.8174	0
-155.341	-6.56622	0
-158.148	-6.79184	0
-56.8314	-5.31181	0
-64.4845	-6.62861	0
31.7655	-6.62861	0
39.4186	-5.31181	0
-93.2374	-6.63281	0
-101.425	-5.64183	0
-148.169	-6.74499	0
3.01264	-6.63281	0
-5.17531	-5.64183	0
-53.1686	-6.74499	0
-50.6329	-4.80031	0
-51.7591	-5.95743	0
-49.113	-6.5397	0
-48.0774	-4.86082	0
99.2626	-6.63281	0
91.0747	-5.64183	0
43.0814	-6.74499	0
45.6171	-4.80031	0
44.4909	-5.95743	0
47.137	-6.5397	0
48.1726	-4.86082	0
-90.576	-5.30478	0
5.67401	-5.30478	0
108.175	-5.30367	0
105.581	-6.74585	0
101.924	-5.30478	0
-145.633	-4.80027	0
-146.759	-5.95743	0
-144.112	-6.53909	0
-153.537	-6.07737	0
-59.1698	-6.84886	0
37.0802	-6.84886	0
-150.389	-7.02345	0
-55.3893	-7.02345	0
-51.2009	-8.61153	0
-47.0874	-6.63037	0
40.8607	-7.02345	0
45.0491	-8.61153	0
49.1626	-6.63037	0
-88.9617	-7.57552	0
7.28827	-7.57552	0
109.787	-7.57361	0
103.358	-7.02503	0
-142.849	-5.23197	0
-146.201	-8.61155	0
-133.125	-3.88438	0
-36.875	-3.88438	0
59.375	-3.88438	0
145.824	-4.23741	0
130.317	-8.62564	0
-153.655	-9.21523	0
-45.4133	-5.95678	0
50.8367	-5.95678	0
-87.4181	-6.16153	0
8.83192	-6.16153	0
111.332	-6.16131	0
-141.385	-7.91119	0
-130.76	-5.97638	0
-39.2403	-5.97638	0
-34.5097	-5.97638	0
57.0097	-5.97638	0
61.7403	-5.97638	0
-42.5414	-6.06272	0
53.7086	-6.06272	0
-135.49	-5.97638	0
-45.1702	-8.97808	0
51.0798	-8.97808	0
-161.25	-1.48943	0
-164	-2.52812	0
160	-1.48943	0
162.75	-2.52812	0
159.888	-4.75365	0
141.968	-4.76987	0
-70.4123	-4.65683	0
-68.8457	-7.47327	0
-72.3843	-7.20595	0
25.8377	-4.65683	0
27.4043	-7.47327	0
23.8657	-7.20595	0
120.838	-4.65683	0
122.404	-7.47327	0
118.866	-7.20595	0
-119.162	-4.65683	0
-121.134	-7.20595	0
-117.596	-7.47327	0
-22.9123	-4.65683	0
-24.8843	-7.20595	0
-21.3457	-7.47327	0
-77.9123	-4.65683	0
-79.8843	-7.20595	0
-76.3457	-7.47327	0
73.3377	-4.65683	0
71.3657	-7.20595	0
74.9043	-7.47327	0
18.3377	-4.65683	0
16.3657	-7.20595	0
19.9043	-7.47327	0
113.326	-4.67269	0
114.924	-7.49962	0
-85.4238	-4.67269	0
-83.826	-7.49962	0
10.8262	-4.67269	0
12.424	-7.49962	0
133.397	-4.34669	0
124.82	-5.46487	0
-66.4305	-5.46517	0
29.8195	-5.46517	0
-95.1804	-5.46487	0
-98.9845	-6.06748	0
1.06963	-5.46487	0
-2.73451	-6.06748	0
97.3196	-5.46487	0
93.5155	-6.06748	0
-53.9465	-9.53548	0
-48.2314	-9.51616	0
42.3035	-9.53548	0
48.0186	-9.51616	0
104.917	-10.4492	0
101.264	-7.31316	0
-148.947	-9.53547	0
147.898	-5.79326	0
-138.644	-6.33519	0
-129.096	-4.32906	0
-32.846	-4.32906	0
63.404	-4.32906	0
156.658	-6.89561	0
139.713	-5.6068	0
-73.9486	-5.50776	0
22.3014	-5.50776	0
117.301	-5.50776	0
-122.699	-5.50776	0
-115.019	-6.10471	0
-26.4486	-5.50776	0
-18.7688	-6.10471	0
-81.4486	-5.50776	0
69.8014	-5.50776	0
77.4812	-6.10471	0
14.8014	-5.50776	0
112.374	-8.85292	0
-86.3745	-8.85041	0
9.87551	-8.85041	0
134.494	-8.15219	0
135.574	-5.24676	0
124.73	-7.81387	0
-66.5165	-7.81824	0
29.7335	-7.81824	0
-96.0817	-9.16459	0
0.168256	-9.16459	0
96.4183	-9.16459	0
102.622	-9.42722	0
-127.286	-7.82059	0
-126.926	-5.24668	0
-31.0362	-7.82059	0
-30.676	-5.24668	0
65.2138	-7.82059	0
65.574	-5.24668	0
137.533	-6.6947	0
127.284	-9.8695	0
-63.5928	-10.4819	0
32.6572	-10.4819	0
99.3661	-9.61274	0
-124.123	-8.3892	0
-27.8727	-8.3892	0
68.3773	-8.3892	0
123.021	-11.3733	0
-68.2343	-11.3809	0
28.0157	-11.3809	0
-125.089	-6.42925	0
-28.8386	-6.42925	0
67.4114	-6.42925	0
151.783	-5.07678	0
153.791	-7.13718	0
-108.125	-6.89997	0
-113.291	-4.29751	0
-11.875	-6.89997	0
-17.0411	-4.29751	0
84.375	-6.89997	0
79.2089	-4.29751	0
-61.8215	-6.622	0
34.4285	-6.622	0
-156.542	-9.19192	0
-40.7947	-4.29093	0
55.4553	-4.29093	0
-137.045	-4.29093	0
144.416	-8.27481	0
-100.887	-9.76866	0
-4.63746	-9.76866	0
91.6125	-9.76866	0
102.131	-13.6189	0
-60.7287	-9.45988	0
35.5213	-9.45988	0
141.718	-7.55253	0
139.475	-7.8577	0
137.082	-9.65056	0
141.086	-11.3016	0
-40.7791	-10.2946	0
55.4709	-10.2946	0
-167.3	-2.77704	0
-162.911	-8.46956	0
166.05	-2.77704	0
-51.0921	-13.4763	0
45.1579	-13.4763	0
-146.092	-13.4763	0
-137.487	-11.5176	0
109.167	-12.0843	0
-82.9342	-12.2616	0
13.3158	-12.2616	0
-89.7125	-12.3618	0
6.53751	-12.3618	0
-120.731	-12.5898	0
-24.4811	-12.5898	0
71.7689	-12.5898	0
115.819	-12.2647	0
150.395	-8.4385	0
-114.113	-10.9213	0
-17.8627	-10.9213	0
78.3873	-10.9213	0
97.1791	-14.0791	0
-57.3412	-9.81484	0
38.9088	-9.81484	0
133.385	-13.0507	0
-171.26	-3.37193	0
-159.82	-9.64689	0
-165.408	-5.85657	0
170.01	-3.37193	0
164.06	-7.16457	0
-45.8379	-14.156	0
50.4121	-14.156	0
-155.136	-13.8337	0
-136.785	-8.64033	0
-126.616	-13.1778	0
-30.3663	-13.1778	0
65.8837	-13.1778	0
155.612	-11.6135	0
-60.5218	-14.5637	0
35.7282	-14.5637	0
129.984	-12.1329	0
-157.808	-12.1091	0
-132.522	-11.2057	0
-162.762	-14.1043	0
-133.772	-8.45789	0
-158.853	-16.6606	0
-130.939	-8.82767	0
-129.368	-11.5896	0
-131.561	-16.4553	0
-129.253	-14.5684	0
-127.381	-19.2126	0
-126.689	-16.2344	0
-122.259	-18.8329	0
-123.484	-14.7818	0
-73.9865	-12.9487	0
22.2635	-12.9487	0
-105.111	-9.85918	0
-8.86063	-9.85918	0
87.3894	-9.85918	0
-78.4316	-11.5301	0
17.8184	-11.5301	0
-92.6132	-10.1977	0
3.63676	-10.1977	0
-110.902	-9.23383	0
-14.6518	-9.23383	0
81.5982	-9.23383	0
-55.3259	-13.5387	0
40.9241	-13.5387	0
-168.862	-5.85729	0
160.292	-8.86933	0
-34.968	-11.0327	0
61.282	-11.0327	0
126.278	-13.8116	0
-120.252	-16.0156	0
-96.0041	-15.2431	0
0.245878	-15.2431	0
-109.801	-15.2265	0
-13.5512	-15.2265	0
82.6988	-15.2265	0
-174.046	-8.46004	0
-167.134	-10.0052	0
130.294	-17.7465	0
-116.906	-13.8018	0
-92.9293	-13.6474	0
3.3207	-13.6474	0
-116.738	-20.6426	0
-91.9079	-19.376	0
4.3421	-19.376	0
-90.0855	-16.0957	0
6.16449	-16.0957	0
-85.7366	-20.6582	0
-86.2897	-14.5893	0
10.5134	-20.6582	0
9.96033	-14.5893	0
147.231	-14.7188	0
137.643	-13.97	0
-176.012	-4.03819	0
174.762	-4.03819	0
-65.1541	-14.8527	0
31.0959	-14.8527	0
-152.462	-21.2081	0
-53.1089	-20.2966	0
43.1411	-20.2966	0
164.91	-14.0587	0
120.74	-17.8151	0
-102.857	-16.4408	0
-6.60701	-16.4408	0
89.6456	-16.5643	0
-164.907	-21.6498	0
-78.3842	-19.0551	0
17.8658	-19.0551	0
134.7	-17.2819	0
142.277	-16.3938	0
-70.0415	-16.0865	0
26.2085	-16.0865	0
-62.3745	-22.1364	0
33.8755	-22.1364	0
-82.3004	-16.7576	0
13.9496	-16.7576	0
133.242	-24.5799	0
-150.611	-13.7449	0
-148.07	-18.3361	0
-36.1069	-19.4844	0
60.1431	-19.4844	0
-124.211	-27.2358	0
-181.714	-4.8475	0
180.465	-4.8475	0
171.419	-10.6048	0
100.393	-21.7895	0
-66.5645	-19.5632	0
29.6855	-19.5632	0
147.44	-23.5009	0
-140.394	-18.6284	0
-72.595	-22.1173	0
23.655	-22.1173	0
-145.661	-26.8137	0
-133.893	-24.5365	0
-67.4916	-25.7706	0
28.7584	-25.7706	0
-19.8049	-17.1778	0
76.4451	-17.1778	0
112.271	-20.3663	0
-98.4037	-21.7178	0
-2.15366	-21.7178	0
-169.024	-16.402	0
-188.558	-5.81674	0
187.308	-5.81674	0
176.927	-9.27515	0
-80.0298	-29.1695	0
16.2202	-29.1695	0
-59.1054	-32.1591	0
37.1446	-32.1591	0
-26.7543	-19.5837	0
69.4957	-19.5837	0
82.701	-26.2304	0
-13.549	-26.2304	0
-175.381	-25.6273	0
183.138	-10.6102	0
-73.433	-28.679	0
-90.8783	-29.9133	0
22.817	-28.679	0
5.37168	-29.9133	0
192.91	-14.8989	0
176.305	-18.7737	0
-75.945	-39.5028	0
-67.1412	-34.0092	0
20.305	-39.5028	0
29.1088	-34.0092	0
-107.899	-24.8129	0
125.56	-23.8414	0
-196.769	-6.98	0
195.519	-6.98	0
75.1735	-24.7445	0
-21.0765	-24.7445	0
-183.582	-16.3054	0
118.217	-24.7738	0
64.7024	-30.5608	0
-31.5476	-30.5608	0
108.176	-32.1055	0
76.5545	-37.5583	0
-19.6955	-37.5583	0
128.217	-36.5288	0
122.745	-31.0527	0
115.458	-31.5359	0
112.73	-43.4967	0
120.095	-39.1721	0
-158.05	-34.917	0
-60.1566	-45.9702	0
36.0934	-45.9702	0
-206.623	-8.37583	0
206.913	-15.1238	0
-191.629	-13.6984	0
123.348	-53.1447	0
203.834	-7.38871	0
-200.623	-15.2535	0
126.498	-45.0465	0
212.389	-8.46408	0
-191.786	-27.9064	0
-214.651	-21.4359	0
137.909	-54.1475	0
220.33	-20.5748	0
137.584	-42.8512	0
-44.451	-23.1731	0
-51.1117	-28.7531	0
-51.166	-39.709	0
-41.6631	-33.2663	0
51.799	-23.1731	0
45.1383	-28.7531	0
45.084	-39.709	0
54.5869	-33.2663	0
157.872	-21.9195	0
-133.381	-41.4105	0
-4.79388	-31.6949	0
-115.533	-29.5405	0
-122.526	-38.3792	0
-104.135	-39.4181	0
-218.447	-10.051	0
-45.621	-57.2568	0
-32.7859	-46.1943	0
50.629	-57.2568	0
63.4641	-46.1943	0
167.641	-23.5851	0
155.192	-39.4382	0
3.14583	-47.1053	0
-100.712	-30.7483	0
-95.1479	-37.9557	0
-97.2966	-53.0987	0
-85.4823	-37.9325	0
161.281	-31.4054	0
147.757	-48.2112	0
-123.092	-57.3014	0
-90.2949	-46.3683	0
171.118	-45.1865	0
-83.003	-60.9613	0
178.493	-32.9191	0
94.1951	-34.56	0
-232.636	-12.0617	0
160.001	-51.0499	0
150.551	-63.984	0
174.962	-65.9447	0
102.568	-65.3465	0
-15.1262	-58.7238	0
204.88	-39.3647	0
-249.663	-14.4733	0
129.02	-76.996	0
81.3796	-59.1114	0
199.723	-26.7266	0
188.905	-47.5294	0
-179.929	-53.0739	0
248.413	-27.3574	0
25.2623	-74.9223	0
-63.6779	-65.5082	0
-102.758	-79.9509	0
-30.5549	-61.76	0
-44.9756	-82.5519	0
-17.9718	-84.9831	0
-237.283	-40.5716	0
-270.096	-17.3686	0
65.7825	-61.8614	0
50.8218	-83.8588	0
77.9908	-85.4975	0
209.985	-69.0648	0
-152.232	-64.8916	0
22.2381	-57.2889	0
3.9971	-69.4933	0
268.846	-19.0389	0
-78.5477	-85.3666	0
-257.306	-34.0847	0
-294.616	-20.8425	0
7.94029	-98.41	0
293.366	-20.611	0
-257.697	-69.4372	0
-279.685	-37.9567	0
271.969	-55.964	0
159.67	-103.393	0
229.556	-43.907	0
-210.266	-49.5738	0
-324.039	-25.0103	0
322.789	-25.0584	0
-99.3375	-121.482	0
-306.072	-45.907	0
105.66	-94.1815	0
-131.384	-85.1984	0
61.7786	-128.246	0
243.625	-75.0426	0
-230.975	-66.6837	0
-198.913	-84.4022	0
-239.92	-110.911	0
-359.347	-30.0125	0
303.808	-51.0823	0
358.096	-30.003	0
-26.5468	-133.249	0
-285.745	-65.609	0
131.609	-104.983	0
84.715	-112.496	0
-165.318	-99.1816	0
-337.797	-55.011	0
-33.5749	-107.105	0
-276.428	-102.012	0
148.189	-149.186	0
110.013	-120.294	0
89.0462	-143.38	0
132.911	-129.706	0
156.503	-126.935	0
113.454	-144.483	0
188.029	-151.392	0
99.4814	-183.07	0
187.785	-119.159	0
-314.816	-75.2651	0
-60.0419	-104.471	0
54.3776	-173.712	0
-358.785	-101.99	0
-401.716	-36.0148	0
295.717	-104.579	0
400.466	-36.0167	0
336.588	-55.0571	0
-136.18	-121.728	0
-198.756	-129.617	0
221.133	-103.972	0
-375.854	-66.0302	0
316.881	-80.4197	0
374.607	-65.937	0
-117.364	-180.684	0
-272.444	-165.004	0
215.163	-135.069	0
227.77	-186.743	0
258.238	-127.218	0
348.652	-84.7679	0
328.723	-112.144	0
301.273	-156.12	0
391.827	-116.974	0
360.303	-114.192	0
342.057	-151.022	0
373.583	-143.705	0
425.57	-159.594	0
369.553	-197.917	0
-65.8021	-145.057	0
-452.559	-43.2185	0
451.309	-43.2181	0
164.573	-214.174	0
420.01	-79.0418	0
326.431	-191.692	0
-27.2382	-202.102	0
-424.983	-111.38	0
276.545	-200.29	0
-414.639	-73.2993	0
338.01	-263.954	0
-453.398	-83.217	0
-517.119	-61.8727	0
-484.352	-142.864	0
18.3198	-143.174	0
-317.612	-120.199	0
-367.398	-177.119	0
512.321	-51.8623	0
61.9223	-250.718	0
230.433	-271.73	0
475.018	-95.5165	0
585.535	-62.2339	0
540.858	-114.013	0
459.014	-268.584	0
-586.785	-57.2691	0
-429.918	-173.794	0
-506.733	-245.619	0
-403.99	-275.711	0
673.392	-74.6811	0
492.406	-160.052	0
-556.265	-124.834	0
-674.642	-75.9754	0
619.763	-136.93	0
562.831	-185.653	0
669.427	-252.585	0
-199.849	-221.756	0
140.293	-308.416	0
778.821	-89.6173	0
-780.071	-89.3739	0
714.468	-164.296	0
-309.238	-254.791	0
-503.616	-425.421	0
-60.6181	-369.385	0
244.192	-434.619	0
905.335	-107.541	0
-906.584	-107.59	0
-705.871	-251.737	0
-323.067	-417.192	0
44.9711	-355.817	0
-92.4232	-276.067	0
828.112	-197.159	0
13.9339	-531.921	0
135.468	-418.259	0
-197.204	-363.858	0
393.188	-405.405	0
1057.15	-129.048	0
-1058.4	-129.039	0
-827.395	-209.137	0
167.567	-574.388	0
964.484	-236.589	0
-185.733	-566.105	0
575.495	-408.869	0
-965.933	-235.523	0
350.839	-583.974	0
2206.81	-2048	0
1183.27	-331.417	0
-834.945	-425.31	0
-2208.06	-2428.18	0
833.068	-435.557	0
-1182.92	-330.559	0
1239.33	-154.858	0
-1240.58	-154.86	0
-403.854	-629.48	0
22.6525	-799.517	0
2206.81	-1024	0
1457.95	-185.829	0
-1459.2	-185.828	0
248.405	-785.628	0
-669.35	-632.863	0
-231.255	-816.474	0
1720.29	-222.997	0
-2208.06	-1214.09	0
157.801	-1154.58	0
622.988	-849.062	0
-532.899	-921.744	0
-1721.54	-222.997	0
-88.4692	-1045.07	0
-1084.97	-794.629	0
1529.51	-625.094	0
2206.81	-512	0
-2208.06	-607.045	0
-140.95	-1494.74	0
-1530.76	-625.094	0
2206.81	-256	0
1953.75	-384	0
-2208.06	-303.522	0
1918.42	-768	0
-1933.02	-455.283	0
-1876.52	-882.794	0
1119.43	-757.635	0
1652.1	-1358.45	0
-1104.34	-4856.36	0
1103.09	-4856.36	0
-1511.03	-1580.09	0
-1452.68	-1090.65	0
1430.24	-1018.61	0
956.616	-1267.1	0
-552.484	-4856.36	0
551.234	-4856.36	0
-920.044	-1402.35	0
482.524	-1741.05	0
-828.413	-3971.41	0
827.163	-3971.41	0
1214.24	-1998.9	0
-224.194	-2617.68	0
-987.909	-2248.08	0
604.361	-2562.46	0
-934.816	-3112.21	0
240.209	-3342.13	0
2206.81	-3452.18	0
1471.33	-2888.9	0
-2208.06	-3642.27	0
2206.81	-4154.27	0
1551.4	-3803.22	0
1694.81	-4856.36	0
1398.95	-4360.31	0
-65.625	0	0
-65.9375	-0.647275	0
-65.3125	-0.549947	0
-64.375	-0.718908	0
-64.9359	-1.14587	0
-65.1361	-1.88918	0
-66.1469	-2.22192	0
-64.9052	-2.93482	0
-64.375	0	0
-63.6265	-0.738515	0
-64.0173	-1.36169	0
-62.9127	-0.598905	0
-63.5503	-2.04245	0
-62.2365	-1.18551	0
-63.125	0	0
-63.9981	-2.79325	0
-62.7156	-2.02227	0
-62.3074	-2.73094	0
-62.6995	-3.45693	0
-61.508	-2.71481	0
-63.5268	-3.47334	0
-62.2557	-4.25875	0
-61.0923	-3.37958	0
-61.0383	-2.02218	0
-61.4415	-4.12692	0
-60.2758	-3.49734	0
-61.4358	-1.31516	0
-60.2065	-2.03102	0
-61.6579	-5.37043	0
-59.767	-4.19033	0
-59.874	-2.85438	0
-61.7313	-0.602705	0
-59.813	-1.32027	0
-61.1251	-4.82259	0
-59.1385	-2.71481	0
-61.0122	-0.683363	0
-58.9697	-1.26269	0
-60.1998	-0.701675	0
-60.513	-5.95097	0
-58.6505	-3.27184	0
-58.6113	-2.14475	0
-59.4349	-0.653605	0
-60.2475	-5.07673	0
-58.8695	-4.02526	0
-57.9003	-3.50174	0
-57.8392	-2.02227	0
-58.8631	-5.34319	0
-57.3826	-4.06083	0
-57.2349	-2.89338	0
-57.3681	-1.41724	0
-57.5591	-4.88552	0
-56.6549	-4.48712	0
-56.508	-1.19567	0
-57.6448	-0.728235	0
-56.8867	-0.500477	0
-58.125	0	0
-58.4375	-0.647275	0
-62.6458	-5.18507	0
-59.6561	-5.73382	0
-56.2499	-2.78853	0
-57.8339	-6.18898	0
-56.0407	-5.0498	0
-56.1093	-6.16675	0
-55.8672	-4.24385	0
-55.4052	-5.64944	0
-54.9669	-3.84754	0
-55.9825	-1.92177	0
-56.1201	-0.6537	0
-55.625	0	0
-54.954	-0.902026	0
-55.08	-1.71126	0
-54.2857	-0.539506	0
-54.1866	-2.41818	0
-53.3967	-1.02743	0
-59.9153	-6.51045	0
-60.8484	-6.90832	0
-59.9818	-7.64745	0
-53.9535	-5.4686	0
-54.3314	-4.55145	0
-65.6454	-3.61612	0
-63.9627	-5.40044	0
-56.9532	-7.60684	0
-53.3343	-3.03627	0
-52.6693	-1.35144	0
-52.3222	-2.07916	0
-52.3161	-0.709359	0
-52.6291	-2.76826	0
-51.5102	-2.02227	0
-51.6006	-0.628881	0
-53.125	0	0
-53.4375	-0.467	0
-52.9031	-0.709793	0
-52.6856	-3.68142	0
-51.0536	-2.70645	0
-51.0809	-1.35174	0
-51.875	0	0
-51.4278	-3.41679	0
-50.2508	-2.71481	0
-50.2306	-1.24344	0
-50.8482	-0.636181	0
-51.0336	-4.11039	0
-49.8391	-3.38539	0
-49.7904	-2.01856	0
-50.2471	-4.11493	0
-49.0189	-3.49734	0
-48.9577	-2.01517	0
-49.8978	-4.76289	0
-48.5491	-4.17973	0
-48.6214	-2.84939	0
-48.5505	-1.2982	0
-50.2054	-5.96045	0
-49.0053	-5.14053	0
-47.7517	-4.13139	0
-47.8831	-2.71481	0
-47.7128	-1.27484	0
-47.3071	-3.44464	0
-47.3584	-2.13979	0
-48.1516	-0.572459	0
-46.2234	-3.63711	0
-46.5832	-2.02227	0
-46.0924	-2.64142	0
-46.1153	-1.41227	0
-44.9043	-3.02335	0
-45.2544	-1.1986	0
-46.398	-0.726685	0
-45.6367	-0.503346	0
-46.875	0	0
-47.1875	-0.647275	0
-52.7812	-4.54622	0
-48.27	-5.90088	0
-44.7097	-1.93727	0
-44.8791	-0.651953	0
-44.375	0	0
-43.7468	-0.862018	0
-43.8529	-1.56444	0
-43.125	0	0
-42.5885	-0.677236	0
-42.5187	-1.31761	0
-41.875	-0.426067	0
-42.8125	-0.303566	0
-43.3207	-0.514112	0
-43.0673	-1.89213	0
-42.1647	-2.20479	0
-41.1212	-0.860308	0
-52.1872	-5.19178	0
-51.3519	-5.22717	0
-50.9821	-5.91199	0
-51.2977	-7.1806	0
-50.6396	-6.67078	0
-50.2684	-7.82971	0
-49.8723	-6.65193	0
-49.3621	-7.47903	0
-53.0597	-5.39847	0
-49.3666	-8.81389	0
-48.1323	-7.30245	0
-61.7659	-8.22993	0
-66.5224	-4.33495	0
-58.4573	-8.38547	0
-47.2481	-5.55222	0
-41.5643	-3.30343	0
-65.4904	-4.81983	0
-67.511	-3.80225	0
-65.4026	-5.95513	0
-68.4731	-3.03914	0
-67.5735	-5.02535	0
-66.3625	-6.64576	0
-67.3345	-6.10946	0
-65.4168	-7.36628	0
-68.9059	-5.88741	0
-65.2419	-9.35562	0
-63.9667	-8.24113	0
30.625	0	0
31.4516	-0.895475	0
30.3125	-0.647275	0
30.9375	-0.540781	0
126.875	-0.904795	0
126.875	0	0
-115.141	-2.10202	0
-114.095	-2.82799	0
-138.891	-2.10202	0
-137.845	-2.82799	0
125.625	0	0
125.312	-0.647275	0
125.938	-0.549947	0
-18.8909	-2.10202	0
-17.8455	-2.82799	0
-68.125	0	0
-68.4375	-0.541334	0
-67.8124	-0.541369	0
-69.375	-0.721665	0
-67.4999	-1.08274	0
-68.8125	-1.1187	0
-67.8125	-1.67194	0
-66.875	0	0
-69.4064	-1.36307	0
-68.4411	-1.62782	0
-67.1443	-1.71287	0
-66.5528	-0.56997	0
-69.9979	-1.01265	0
-68.1668	-2.21983	0
-66.8288	-2.32631	0
-66.4783	-1.63975	0
-66.3048	-1.08363	0
-67.1727	-0.555988	0
-70.625	0	0
-70.0494	-1.73651	0
-68.7764	-2.1427	0
-67.8834	-2.79266	0
-69.2435	-2.80029	0
-67.9758	-3.40019	0
-67.2196	-2.86812	0
-68.5373	-3.65067	0
-68.0552	-3.96166	0
-68.0001	-4.57762	0
-69.5217	-3.96351	0
-68.6581	-5.09067	0
-67.3881	-4.42167	0
-66.9029	-4.90092	0
-67.139	-5.49797	0
-67.7628	-5.63546	0
-66.7628	-5.95529	0
-66.9204	-6.50793	0
-66.1116	-6.03906	0
-67.7665	-6.97273	0
-66.7919	-7.18573	0
-65.6894	-6.56889	0
-65.8161	-5.49931	0
-68.0256	-6.30339	0
-66.1281	-7.27289	0
-67.447	-7.84723	0
-65.215	-5.36959	0
-66.0936	-4.94847	0
-65.8466	-7.88433	0
-64.6391	-5.87688	0
-64.7079	-4.77178	0
-65.9039	-4.35925	0
-66.2875	-8.92547	0
-64.9336	-8.20451	0
-65.2912	-4.22506	0
-66.1933	-3.84206	0
-66.8227	-3.77814	0
-70.9375	-0.647275	0
-70.3125	-0.506967	0
-70.7263	-2.02227	0
-69.9481	-2.46423	0
-69.6227	-5.22753	0
-68.4737	-6.86169	0
-63.9562	-6.12813	0
-63.9885	-4.3773	0
-71.875	-0.70082	0
-71.2938	-1.57236	0
-71.3078	-2.47412	0
-69.9987	-3.28891	0
-69.4261	-6.70123	0
-63.4541	-7.18716	0
-63.2282	-5.75771	0
-72.1965	-2.97013	0
-71.3218	-3.49181	0
-62.4117	-6.00567	0
-69.375	0	0
-71.875	0	0
-72.623	-0.738775	0
-73.125	0	0
-73.4375	-0.647275	0
-72.3893	-1.45451	0
-72.9577	-2.29685	0
-70.8878	-6.14628	0
-70.3739	-8.01789	0
-63.015	-6.52398	0
-62.4823	-7.35364	0
-66.4468	-10.7986	0
-73.0821	-3.46685	0
-71.3633	-4.46172	0
-72.4696	-5.44525	0
-73.8646	-1.93315	0
-62.8655	-8.39791	0
-73.8461	-4.34688	0
-63.5592	-9.32473	0
-62.1219	-9.58245	0
-74.9271	-3.95787	0
-75.7466	-3.15462	0
-75.178	-5.20011	0
-77.0152	-3.41907	0
-158.125	-0.496402	0
-157.298	-0.895475	0
-158.952	-0.895475	0
-160.044	-1.11354	0
-161.25	0	0
-160.404	-2.08087	0
-161.776	-3.14141	0
-159.807	-3.1579	0
79.375	-0.904795	0
79.375	0	0
-154.375	-0.904795	0
-154.375	0	0
55.625	-0.904795	0
55.625	0	0
-153.125	-0.496402	0
-152.298	-0.895475	0
-150.625	0	0
-150.938	-0.549947	0
-150.305	-0.554253	0
-151.651	-0.591741	0
-149.986	-1.10798	0
-151.263	-1.09891	0
-150.317	-1.97976	0
-149.375	0	0
-150.945	-1.70607	0
-150.908	-2.4782	0
-148.707	-0.818802	0
-149.688	-0.532924	0
-149.062	-0.426847	0
-150.995	-3.29841	0
-151.671	-2.81165	0
-151.01	-4.23811	0
-152.414	-3.16954	0
-150.271	-3.78019	0
-149.296	-2.39204	0
-149.408	-3.3498	0
-149.489	-4.26825	0
-148.453	-2.97588	0
-149.1	-5.651	0
-147.609	-3.57145	0
-155.625	-0.496402	0
-156.423	-0.859188	0
-146.875	0	0
-147.188	-0.647275	0
-146.562	-0.549947	0
-145.625	-0.718908	0
-147.96	-0.621153	0
-148.181	-1.29627	0
-148.779	-1.69998	0
-147.528	-1.60077	0
-147.471	-2.32848	0
-146.807	-2.02227	0
-146.21	-2.44487	0
-146.222	-1.60085	0
-146.287	-3.15521	0
-145.548	-2.71481	0
-146.922	-3.44745	0
-146.325	-3.90749	0
-144.974	-3.13631	0
-144.948	-2.29056	0
-145.032	-3.88342	0
-144.317	-3.49712	0
-144.263	-2.02227	0
-145.044	-1.57269	0
-144.982	-4.5713	0
-144.941	-5.72897	0
-144.292	-5.1259	0
-143.694	-3.92162	0
-143.739	-3.07629	0
-143.701	-1.56294	0
-144.941	-0.877689	0
-144.263	-0.550479	0
-143.774	-4.63228	0
-142.867	-4.31547	0
-143.119	-2.71942	0
-142.845	-1.0426	0
-143.583	-5.35086	0
-143.688	-2.36667	0
-142.494	-3.0773	0
-143.528	-0.721378	0
-144.123	-5.82243	0
-143.053	-6.29896	0
-142.529	-3.74182	0
-141.945	-4.47108	0
-142.351	-2.2713	0
-141.52	-2.07184	0
-141.16	-5.82977	0
-140.846	-2.75993	0
-140.013	-3.22101	0
-139.507	-4.73681	0
-145.549	-7.17958	0
-143.198	-8.11785	0
36.875	-0.904795	0
36.875	0	0
28.125	0	0
27.8125	-0.541334	0
28.4376	-0.541369	0
26.875	-0.721665	0
28.7501	-1.08274	0
27.4375	-1.1187	0
28.4375	-1.67194	0
29.375	0	0
26.8436	-1.36307	0
27.8089	-1.62782	0
29.1057	-1.71287	0
29.6972	-0.56997	0
26.2521	-1.01265	0
28.0832	-2.21983	0
29.5359	-2.40291	0
29.9452	-1.08363	0
29.6745	-1.59707	0
29.0773	-0.555988	0
25.625	0	0
26.2006	-1.73651	0
27.4736	-2.1427	0
28.3288	-3.28795	0
26.9526	-3.03355	0
27.6915	-2.8679	0
30.7699	-2.58195	0
25.3125	-0.647275	0
25.9375	-0.506967	0
25.5237	-2.02227	0
26.3019	-2.46423	0
27.4611	-3.57098	0
24.375	-0.70082	0
24.9562	-1.57236	0
24.9422	-2.47412	0
26.2199	-3.21455	0
26.7294	-4.23354	0
24.0535	-2.97013	0
24.9282	-3.49181	0
26.875	0	0
26.9623	-5.87518	0
29.0288	-4.40758	0
23.4237	-2.22407	0
22.3671	-2.05085	0
23.1243	-3.11559	0
22.7637	-4.32916	0
24.8867	-4.46172	0
23.7804	-5.44525	0
25.1036	-5.81966	0
-139.375	0	0
-139.688	-0.549947	0
-139.055	-0.554253	0
-140.312	-0.541334	0
-140	-1.09128	0
-138.736	-1.10798	0
-140.625	0	0
-140.938	-0.541369	0
-140.321	-1.6761	0
-138.125	0	0
-141.663	-0.598957	0
-140.995	-1.64735	0
-139.653	-1.70826	0
-141.245	-1.07982	0
-137.457	-0.818802	0
-138.438	-0.532924	0
-137.812	-0.426847	0
-141.875	0	0
-137.442	-1.547	0
-136.875	0	0
-136.562	-0.838604	0
-138.023	-2.06808	0
34.375	-0.904795	0
34.375	0	0
-135.625	0	0
-135.938	-0.593978	0
-135.312	-0.543605	0
-134.68	-0.545634	0
-134.998	-1.08158	0
-134.047	-0.558602	0
-134.375	0	0
-135.029	-2.01983	0
-133.527	-1.24364	0
-133.352	-0.570354	0
-132.707	-1.09723	0
-132.294	-1.83749	0
-132.29	-0.607966	0
-131.875	0	0
-131.219	-0.995131	0
-131.419	-1.84599	0
-130.601	-0.508186	0
-131.562	-0.507946	0
-129.729	-0.928787	0
-135.953	-2.1719	0
-134.075	-2.19783	0
-132.528	-2.82467	0
-130.435	-2.41579	0
-129.975	-1.60603	0
-129.375	0	0
-129.062	-0.651256	0
-129.167	-1.33977	0
-128.622	-1.8751	0
-128.337	-0.598766	0
-128.797	-3.11409	0
-127.733	-2.13263	0
-127.594	-0.752628	0
-128.125	0	0
-136.611	-3.17356	0
-133.772	-3.13779	0
-126.768	-2.06191	0
-134.604	-4.51203	0
-126.15	-2.95223	0
-132.099	-3.76463	0
-126.734	-4.03328	0
-124.904	-3.02338	0
-132.42	-5.47025	0
-130.617	-4.14941	0
-122.641	-2.10202	0
-121.595	-2.82799	0
129.375	-0.904795	0
129.375	0	0
129.929	-1.45463	0
130.25	-2.33212	0
131.148	-1.94764	0
132.118	-2.60955	0
130.047	-0.700775	0
130.625	0	0
130.938	-0.549947	0
131.265	-1.09989	0
131.875	0	0
132.557	-0.825465	0
131.562	-0.541334	0
131.907	-4.1037	0
133.151	-3.18826	0
134.275	-3.55552	0
134.521	-4.71149	0
134.243	-2.42142	0
133.374	-6.3314	0
135.511	-4.06689	0
134.553	-5.95084	0
136.574	-4.60154	0
136.518	-3.25064	0
141.875	-0.904795	0
141.875	0	0
120.625	0	0
120.312	-0.647275	0
120.938	-0.549947	0
121.875	-0.718908	0
119.375	-0.70082	0
119.877	-1.25659	0
120.213	-2.02227	0
121.044	-2.03227	0
119.778	-2.74871	0
121.485	-2.77095	0
121.438	-1.36169	0
118.618	-2.89641	0
120.2	-3.76265	0
122.695	-2.90441	0
121.036	-3.51802	0
122.007	-3.59224	0
121.791	-4.52965	0
121.518	-6.12214	0
122.563	-5.48148	0
119.786	-4.73223	0
118.57	-5.20499	0
120.388	-5.75647	0
120.486	-7.38346	0
-121.875	0	0
-122.188	-0.647275	0
-121.562	-0.549947	0
-120.625	-0.718908	0
-123.125	0	0
-123.438	-0.549947	0
-122.809	-0.556705	0
-124.062	-0.541334	0
-123.75	-1.09128	0
-124.375	0	0
-124.688	-0.541369	0
-124.071	-1.6761	0
-125.625	-0.721551	0
-124.875	-1.71368	0
-123.403	-1.70826	0
-125.013	-1.09045	0
-124.447	-2.24389	0
-125.074	-2.31224	0
-124.133	-2.95221	0
-125.613	-2.6304	0
-126.16	-2.3275	0
-125.548	-3.34844	0
-126.217	-1.62885	0
-126.662	-2.64756	0
-126.706	-3.30337	0
-127.369	-3.64347	0
-126.137	-3.58827	0
-125.568	-4.14214	0
-124.461	-3.60738	0
-127.997	-3.14801	0
-127.48	-4.53704	0
-125.347	-5.28958	0
-123.567	-4.45373	0
-128.427	-3.84937	0
-123.624	-3.61767	0
-128.323	-4.70111	0
-122.92	-3.99026	0
-122.861	-4.75652	0
-121.988	-3.71623	0
-123.507	-5.28932	0
-121.698	-4.89844	0
-124.263	-4.92356	0
-123.453	-6.69543	0
-124.269	-5.89947	0
-125.625	0	0
-126.317	-0.689467	0
-126.875	0	0
-127.763	-5.32927	0
-129.306	-5.75517	0
-127.223	-6.51723	0
-128.554	-5.47068	0
-128.494	-6.76415	0
-128.035	-6.09473	0
-126.158	-6.07263	0
-121.647	-6.10857	0
-120.389	-5.20395	0
-126.307	-7.21467	0
-125.869	-9.01761	0
123.125	0	0
122.812	-0.541334	0
123.438	-0.541369	0
122.436	-1.11931	0
123.75	-1.08274	0
122.827	-1.97399	0
123.437	-1.67194	0
124.375	0	0
124.106	-1.71287	0
124.697	-0.56997	0
124.536	-2.40291	0
124.945	-1.08363	0
124.674	-1.59707	0
124.077	-0.555988	0
125.77	-2.58195	0
-116.875	0	0
-117.188	-0.541334	0
-116.562	-0.541369	0
-118.125	-0.721665	0
-116.25	-1.08274	0
-117.563	-1.1187	0
-116.563	-1.67194	0
-115.625	0	0
-118.156	-1.36307	0
-117.191	-1.62782	0
-115.894	-1.71287	0
-115.29	-0.562942	0
-118.748	-1.01265	0
-116.917	-2.21983	0
-114.989	-1.12415	0
-115.938	-0.541197	0
-119.375	0	0
-118.799	-1.73651	0
-117.526	-2.1427	0
-116.671	-3.28795	0
-114.375	0	0
-118.047	-3.03355	0
-117.308	-2.8679	0
-119.688	-0.647275	0
-119.062	-0.506967	0
-119.476	-2.02227	0
-118.698	-2.46423	0
-113.734	-0.805864	0
-114.688	-0.516757	0
-114.062	-0.409289	0
-117.539	-3.57098	0
-120.113	-1.25168	0
-120.058	-2.47412	0
-118.78	-3.21455	0
-113.685	-1.53495	0
-113.125	0	0
-112.812	-0.869224	0
-118.271	-4.23354	0
-120.795	-2.78741	0
-119.676	-3.74886	0
-114.257	-2.06516	0
-120.182	-3.20585	0
-118.125	0	0
-112.135	-0.621975	0
-111.402	-0.724923	0
-111.875	0	0
-118.038	-5.87518	0
-115.916	-4.44237	0
-112.556	-1.55038	0
-112.138	-2.65692	0
-112.008	-1.97549	0
-111.483	-2.42919	0
-111.625	-3.07692	0
-110.626	-2.04049	0
-111.354	-1.74969	0
-112.503	-3.62599	0
-111.038	-4.02338	0
-110.007	-2.80264	0
-112.211	-4.76632	0
-113.368	-5.95308	0
100.625	0	0
100.312	-0.647275	0
100.938	-0.549947	0
101.875	-0.718908	0
99.375	-0.70082	0
99.877	-1.25659	0
100.213	-2.02227	0
101.044	-2.03227	0
99.7784	-2.74871	0
101.485	-2.77095	0
101.438	-1.36169	0
98.6178	-2.89641	0
100.201	-3.52893	0
102.459	-2.78445	0
101.103	-3.59028	0
102.778	-1.93668	0
101.504	-4.42533	0
103.655	-1.80961	0
100.955	-5.22786	0
102.473	-4.50225	0
104.595	-2.36312	0
99.5664	-5.27724	0
101.363	-6.23293	0
102.95	-3.68886	0
104.013	-3.84539	0
105.406	-3.03445	0
100.29	-6.08295	0
102.269	-6.86015	0
104.485	-4.71283	0
104.086	-5.94917	0
105.693	-5.37351	0
100.202	-7.15337	0
102.255	-8.16989	0
102.961	-5.97155	0
99.0458	-8.1321	0
100.522	-8.634	0
-93.125	-0.904795	0
-93.125	0	0
-93.8607	-0.744713	0
-94.375	0	0
-94.6875	-0.647275	0
-93.644	-1.46287	0
-94.2741	-2.52794	0
-92.6107	-1.45463	0
-92.3838	-2.18235	0
-92.3808	-0.740596	0
-92.9836	-3.04846	0
-91.6341	-2.02227	0
-91.6671	-0.596796	0
-91.1193	-2.59641	0
-91.1394	-1.4548	0
-91.875	0	0
-91.341	-3.44164	0
-90.2702	-2.80303	0
-90.2797	-1.16573	0
-90.8956	-0.691754	0
-90.2932	-0.546069	0
-89.375	0	0
-90.625	0	0
-89.0272	-0.570029	0
-88.7407	-1.13722	0
-89.6875	-0.519543	0
-89.109	-1.98814	0
-88.125	0	0
-88.5616	-1.71989	0
-88.5677	-2.4	0
-88.0293	-3.32626	0
-87.7982	-2.06683	0
-87.5049	-0.795775	0
-88.4375	-0.504338	0
-87.8125	-0.395972	0
-87.9785	-0.84188	0
-86.875	0	0
-86.5625	-0.894567	0
-92.1734	-3.53234	0
-92.6841	-4.13571	0
-93.3095	-5.30698	0
-92.4927	-4.9905	0
-91.0854	-4.23898	0
-91.4178	-5.0525	0
-90.2435	-4.49126	0
-89.6908	-3.4067	0
-88.8461	-3.84874	0
-87.2841	-2.81209	0
-87.0862	-1.34605	0
-85.8939	-0.626247	0
-85.162	-0.719946	0
-85.625	0	0
-84.8733	-1.42642	0
-84.375	-0.518809	0
-85.3652	-2.02227	0
-84.0977	-1.26164	0
-86.1186	-1.88094	0
-84.8593	-2.61306	0
-83.4742	-1.91754	0
-86.388	-2.60866	0
-85.0666	-3.66343	0
-83.8306	-2.93471	0
-86.1984	-3.71506	0
-92.5972	-5.93311	0
-89.7481	-5.16845	0
-89.9434	-6.56424	0
-88.8547	-6.00504	0
-88.1234	-4.44941	0
-83.6996	-0.692631	0
-83.125	0	0
-82.8125	-0.541334	0
-82.4999	-1.08267	0
-82.8124	-1.6719	0
-81.875	0	0
-82.1442	-1.71291	0
-81.5396	-0.562977	0
-81.7142	-2.40297	0
-81.2386	-1.12422	0
-82.1875	-0.541266	0
-81.1222	-1.89532	0
-80.625	0	0
-80.9675	-2.67466	0
-80.2582	-2.10422	0
-79.9841	-0.805814	0
-80.9375	-0.516695	0
-80.3125	-0.409222	0
-80.6514	-3.63024	0
-79.375	0	0
-79.0625	-0.869347	0
-91.3535	-6.36862	0
-88.2887	-5.32143	0
-79.7135	-2.96725	0
-79.5582	-1.34346	0
-78.914	-1.52081	0
-78.6593	-2.22514	0
-78.8994	-3.00393	0
-77.9351	-2.02227	0
-78.2333	-3.72735	0
-77.396	-2.5516	0
-77.4137	-1.49755	0
-76.6492	-2.74109	0
-76.5572	-1.12702	0
-77.5868	-0.756263	0
-75.9435	-2.12185	0
-78.125	0	0
-78.4375	-0.603173	0
-76.8958	-0.452418	0
-92.2389	-6.90359	0
-87.3502	-5.04763	0
-78.8648	-4.46558	0
-76.1131	-0.642691	0
-75.625	0	0
-74.9971	-0.880574	0
-75.1206	-1.57348	0
-74.375	0	0
-74.5171	-1.83887	0
-74.3478	-2.5397	0
-74.0625	-0.549947	0
-74.9501	-3.06795	0
-73.6244	-2.6202	0
-86.4801	-4.63563	0
-79.9735	-5.44084	0
-86.5292	-5.6567	0
-78.6442	-5.83421	0
-81.5496	-4.3569	0
-93.1724	-8.36924	0
-90.9384	-8.05594	0
-80.4811	-4.59869	0
-86.2166	-7.24216	0
-82.5178	-3.78977	0
-82.5747	-5.02671	0
-103.125	-0.904795	0
-103.125	0	0
-103.861	-0.744713	0
-104.375	0	0
-104.688	-0.647275	0
-103.644	-1.46287	0
-104.249	-2.41832	0
-102.611	-1.45463	0
-102.064	-2.48135	0
-102.381	-0.740596	0
-101.667	-0.596796	0
-101.875	0	0
-104.055	-4.11686	0
-102.094	-4.13222	0
-103.065	-3.28885	0
-108.125	0	0
-107.298	-0.895475	0
-108.438	-0.647275	0
-107.812	-0.540781	0
-109.375	-0.70082	0
-108.873	-1.25659	0
-108.537	-2.02227	0
-107.706	-2.03227	0
-108.972	-2.74871	0
-107.265	-2.77095	0
-106.875	0	0
-106.562	-0.695596	0
-106.784	-1.33443	0
-106.093	-1.76942	0
-106.228	-2.7371	0
-105.131	-1.94309	0
-109.375	0	0
-110.067	-0.689217	0
-110.625	0	0
-109.932	-1.45757	0
-108.55	-3.61015	0
-108.968	-5.16622	0
-107.713	-3.4883	0
-107.979	-4.59782	0
-107.972	-5.75396	0
-106.367	-6.55128	0
-106.681	-5.16871	0
-105.625	0	0
-105.938	-0.549947	0
-105.309	-0.556705	0
43.125	-0.904795	0
43.125	0	0
-99.375	-0.904795	0
-99.375	0	0
-100.047	-0.700775	0
-100.625	0	0
-99.9416	-1.47148	0
-100.938	-0.549947	0
-101.265	-1.09989	0
-101.316	-1.99204	0
-100.238	-2.3538	0
-98.8607	-1.45463	0
-98.5773	-2.2352	0
-98.6308	-0.740596	0
-99.1862	-2.8462	0
-97.7177	-2.06942	0
-97.9171	-0.596796	0
-98.125	0	0
-98.6382	-3.53275	0
-97.0798	-2.80661	0
-97.4577	-1.43827	0
-96.9698	-2.00845	0
-98.9182	-4.78552	0
-97.8337	-3.66374	0
-98.3431	-4.25636	0
-97.8234	-5.39819	0
-96.2388	-3.19582	0
-95.7829	-4.36452	0
-95.625	0	0
-95.9375	-0.549947	0
-95.3092	-0.556705	0
-96.5625	-0.541334	0
-96.25	-1.09128	0
-96.875	0	0
-97.1876	-0.541369	0
-96.5693	-1.58171	0
-95.945	-1.63904	0
-95.091	-1.78138	0
-95.6015	-2.21116	0
-94.9586	-2.4567	0
-94.6742	-3.04805	0
-94.7576	-4.10285	0
-93.865	-3.25657	0
-20.625	0	0
-20.9375	-0.541334	0
-20.3124	-0.541369	0
-21.875	-0.721665	0
-19.9999	-1.08274	0
-21.3125	-1.1187	0
-20.3125	-1.67194	0
-19.375	0	0
-21.9064	-1.36307	0
-20.9411	-1.62782	0
-19.6443	-1.71287	0
-19.0396	-0.562942	0
-22.4979	-1.01265	0
-20.6668	-2.21983	0
-18.7386	-1.12415	0
-19.6875	-0.541197	0
-23.125	0	0
-22.5494	-1.73651	0
-21.2764	-2.1427	0
-20.4212	-3.28795	0
-18.125	0	0
-21.7974	-3.03355	0
-21.0585	-2.8679	0
-23.4375	-0.647275	0
-22.8125	-0.506967	0
-23.2263	-2.02227	0
-22.4481	-2.46423	0
-17.484	-0.805864	0
-18.4375	-0.516757	0
-21.2889	-3.57098	0
-24.375	-0.70082	0
-23.7938	-1.57236	0
-23.8078	-2.47412	0
-22.5301	-3.21455	0
-17.4349	-1.53495	0
-16.875	0	0
-16.5625	-0.869224	0
-22.0206	-4.23354	0
-24.6965	-2.97013	0
-23.8218	-3.49181	0
-18.0066	-2.06516	0
-21.7877	-5.87518	0
-19.6657	-4.44237	0
-25.3263	-2.22407	0
-26.3829	-2.05085	0
-25.6257	-3.11559	0
-25.9863	-4.32916	0
-23.8633	-4.46172	0
-24.9696	-5.44525	0
-23.6464	-5.81966	0
3.125	-0.904795	0
3.125	0	0
2.38932	-0.744713	0
1.875	0	0
1.5625	-0.647275	0
2.606	-1.46287	0
1.97588	-2.52794	0
-14.375	0	0
-14.6875	-0.549947	0
-14.0549	-0.554253	0
-15.4133	-0.598611	0
-15.0152	-1.09989	0
-13.5202	-1.23463	0
-15.0532	-2.03322	0
-13.3728	-0.568499	0
-12.6905	-1.06882	0
-15.625	0	0
-14.0802	-2.00846	0
-15.9662	-2.14926	0
-13.5993	-2.79336	0
-16.5959	-3.17721	0
-12.7328	-2.94306	0
-14.1003	-3.48888	0
-12.0432	-4.00489	0
-15.3438	-4.21468	0
-13.9348	-4.91913	0
-33.125	-0.904795	0
-33.125	0	0
-33.8607	-0.744713	0
-34.375	0	0
-34.6875	-0.647275	0
-33.644	-1.46287	0
-34.2489	-2.41832	0
-32.6107	-1.45463	0
-32.0641	-2.48135	0
-32.3808	-0.740596	0
-31.6671	-0.596796	0
-31.875	0	0
-34.1875	-3.84362	0
-33.0112	-3.16985	0
-31.8988	-3.64056	0
-31.7711	-4.81191	0
-30.8037	-4.07532	0
-32.9158	-5.92227	0
-29.7005	-4.54769	0
-31.644	-6.08825	0
-29.8316	-3.32941	0
-6.875	-0.904795	0
-6.875	0	0
-49.375	0	0
-49.6875	-0.647275	0
-49.0625	-0.549947	0
-38.125	0	0
-38.4375	-0.549947	0
-37.8049	-0.554253	0
-39.1633	-0.598611	0
-37.2702	-1.23463	0
-38.7652	-1.09989	0
-37.1228	-0.568499	0
-38.8032	-2.03322	0
-36.4559	-1.0654	0
-39.375	0	0
-39.9061	-0.752817	0
-36.0703	-1.80054	0
-36.0203	-0.597002	0
-35.625	0	0
-35.3125	-0.549947	0
-40.625	0	0
-40.0997	-1.47387	0
-36.251	-2.77714	0
-35.1122	-1.91761	0
-39.7197	-2.37533	0
-37.8302	-2.00846	0
-37.2485	-2.94442	0
-35.8775	-3.71709	0
-40.5298	-3.06239	0
-37.8881	-3.74275	0
-36.108	-5.40033	0
-39.469	-3.49199	0
-37.574	-5.19006	0
-25.625	0	0
-25.9375	-0.647275	0
-25.3125	-0.549947	0
-11.875	0	0
-11.0484	-0.895475	0
-12.1875	-0.60707	0
-11.5625	-0.540781	0
83.125	-0.904795	0
83.125	0	0
82.4529	-0.700775	0
81.875	0	0
82.5584	-1.47148	0
81.5625	-0.549947	0
80.8367	-0.598611	0
81.2348	-1.09989	0
81.1968	-2.03322	0
82.2624	-2.3538	0
80.625	0	0
80.1069	-0.756779	0
79.8671	-1.45463	0
80.2811	-2.32032	0
79.4787	-3.16452	0
78.3252	-2.68301	0
80.622	-4.03538	0
89.375	-0.904795	0
89.375	0	0
89.8893	-1.45463	0
90.4359	-2.48135	0
90.1192	-0.740596	0
90.8329	-0.596796	0
90.625	0	0
89.1407	-3.94411	0
90.5154	-3.8565	0
-8.125	0	0
-8.4375	-0.647275	0
-7.8125	-0.549947	0
73.125	0	0
72.8125	-0.647275	0
73.4375	-0.549947	0
74.375	-0.718908	0
71.875	-0.70082	0
72.377	-1.25659	0
72.7131	-2.02227	0
73.5443	-2.03227	0
72.2784	-2.74871	0
73.9848	-2.77095	0
73.9377	-1.36169	0
71.1178	-2.89641	0
72.7002	-3.76265	0
75.1949	-2.90441	0
73.5364	-3.51802	0
74.5067	-3.59224	0
74.2911	-4.52965	0
74.0183	-6.12214	0
75.063	-5.48148	0
72.286	-4.73223	0
71.0703	-5.20499	0
72.888	-5.75647	0
72.986	-7.38346	0
-5.625	0	0
-5.9375	-0.647275	0
-5.3125	-0.549947	0
-4.67992	-0.545641	0
-4.9926	-1.07866	0
-4.04728	-0.558596	0
-4.375	0	0
-5.02509	-2.01769	0
-3.52671	-1.24362	0
-3.35174	-0.570351	0
-2.69565	-1.10022	0
-6.28581	-1.21451	0
-6.04662	-2.00761	0
-6.46585	-3.33441	0
-4.07372	-2.20097	0
75.625	0	0
75.3125	-0.541334	0
75.9376	-0.541369	0
74.9364	-1.11931	0
76.2501	-1.08274	0
75.3272	-1.97399	0
75.9375	-1.67194	0
76.875	0	0
76.6057	-1.71287	0
77.2104	-0.562942	0
77.0359	-2.40291	0
77.5114	-1.12415	0
76.5625	-0.541197	0
77.6277	-1.89521	0
78.125	0	0
78.6638	-0.823276	0
77.8125	-0.516757	0
78.4375	-0.383436	0
78.1966	-0.785558	0
78.8134	-1.53792	0
-9.375	0	0
-9.6875	-0.549947	0
-9.05924	-0.556705	0
-10.4012	-0.591741	0
-10.0134	-1.09891	0
-9.69556	-1.97288	0
-10.133	-2.79192	0
-8.84243	-1.7908	0
-11.0044	-2.78898	0
-9.64401	-3.50028	0
-7.91021	-2.3718	0
-11.4699	-3.44301	0
-11.1485	-4.34435	0
-8.38511	-4.21124	0
-12.0835	-5.45965	0
-9.83155	-4.92891	0
-26.875	0	0
-27.1875	-0.549947	0
-26.5592	-0.556705	0
-27.8125	-0.541334	0
-27.5	-1.09128	0
-28.125	0	0
-28.4376	-0.541369	0
-27.8206	-1.6761	0
-29.375	-0.721551	0
-28.6246	-1.71368	0
-27.1527	-1.70826	0
-28.7635	-1.09045	0
-28.1969	-2.24389	0
-28.8242	-2.31224	0
-27.8971	-3.33281	0
-29.4192	-2.73037	0
-28.4431	-2.89739	0
-28.5393	-3.5781	0
-29.2332	-3.92726	0
-30.2595	-2.3149	0
-29.375	0	0
-30.067	-0.689467	0
-30.625	0	0
-29.9318	-1.45788	0
-30.9375	-0.549947	0
-31.2652	-1.09989	0
-31.3164	-1.99204	0
-27.2639	-4.44894	0
63.125	-0.904795	0
63.125	0	0
0.625	0	0
0.3125	-0.549947	0
0.940763	-0.556705	0
-0.3125	-0.541334	0
0	-1.09128	0
-0.625	0	0
-0.937559	-0.541369	0
-0.320618	-1.6761	0
-1.66258	-0.598957	0
-1.15808	-1.73087	0
0.347342	-1.70826	0
-1.25895	-1.08784	0
-0.703773	-2.2474	0
0.793154	-2.39544	0
-1.36382	-2.36989	0
-0.394615	-3.33408	0
1.12167	-1.69412	0
-2.1882	-2.1026	0
-0.924518	-2.89752	0
-1.03931	-3.57673	0
-2.0629	-3.92908	0
-1.875	0	0
-2.74128	-2.86189	0
0.248468	-4.46066	0
-1.89483	-5.15653	0
59.375	-0.904795	0
59.375	0	0
59.9294	-1.45463	0
60.2498	-2.33212	0
59.5217	-2.94442	0
61.1482	-1.94764	0
58.6506	-2.59896	0
60.2666	-3.54211	0
62.1184	-2.60955	0
57.9441	-2.00498	0
58.4854	-3.53892	0
60.3696	-5.14296	0
56.9857	-2.28764	0
57.1188	-4.37703	0
61.539	-4.26394	0
58.4343	-4.98874	0
56.7775	-3.34984	0
60.0471	-0.700775	0
60.625	0	0
60.9375	-0.549947	0
61.2652	-1.09989	0
61.875	0	0
62.4199	-0.842918	0
61.5625	-0.541334	0
62.5524	-1.55729	0
62.0106	-1.94947	0
63.147	-3.18087	0
64.2689	-3.53254	0
64.5321	-4.68608	0
64.2626	-2.41073	0
63.4752	-6.06471	0
65.539	-4.06313	0
64.5908	-5.82552	0
66.5847	-4.6245	0
66.5044	-3.2268	0
64.264	-7.02238	0
65.6944	-6.57569	0
66.5654	-5.72507	0
67.5924	-5.35145	0
68.6507	-6.08331	0
68.6701	-4.92415	0
68.7395	-3.80324	0
69.6454	-4.42192	0
67.7786	-3.03996	0
58.125	0	0
57.8125	-0.549947	0
58.4451	-0.554253	0
57.0867	-0.598611	0
58.7667	-1.10965	0
57.4848	-1.09989	0
58.4378	-1.63303	0
57.352	-1.73637	0
56.875	0	0
56.3569	-0.756779	0
56.1171	-1.45463	0
56.3102	-2.12261	0
55.803	-3.0183	0
56.5156	-2.747	0
54.5893	-2.70884	0
4.375	0	0
4.0625	-0.647275	0
4.6875	-0.549947	0
5.625	-0.718908	0
3.71419	-1.21451	0
3.95338	-2.00761	0
3.53642	-2.73533	0
4.78922	-2.02065	0
2.74729	-2.69832	0
3.94197	-3.5287	0
5.19451	-1.36169	0
5.22135	-2.74837	0
2.19624	-3.36176	0
3.11301	-3.33181	0
4.85047	-3.58159	0
6.1796	-2.78686	0
1.68432	-4.44084	0
5.24593	-4.40906	0
6.53555	-1.94678	0
4.71584	-5.21255	0
6.2041	-4.50129	0
7.40551	-1.804	0
3.33482	-5.28779	0
5.04703	-6.79516	0
6.70418	-3.69668	0
8.34329	-2.36563	0
7.77328	-3.8453	0
9.15652	-3.03455	0
10.0497	-3.71271	0
9.79711	-4.71102	0
11.0788	-3.67438	0
8.82645	-5.11151	0
10.3654	-6.13556	0
11.7509	-4.37559	0
11.6811	-5.74595	0
12.1225	-3.34674	0
12.3214	-5.09163	0
12.8754	-6.27421	0
13.5805	-5.18584	0
7.8975	-5.64137	0
13.2406	-3.27555	0
6.72739	-5.85862	0
7.91472	-6.70982	0
8.71296	-7.94697	0
51.875	0	0
51.5625	-0.541334	0
52.1876	-0.541369	0
50.625	-0.721665	0
52.5001	-1.08274	0
51.1875	-1.1187	0
52.1875	-1.67194	0
53.125	0	0
50.5936	-1.36307	0
51.5589	-1.62782	0
52.8557	-1.71287	0
53.4604	-0.562942	0
50.0021	-1.01265	0
51.8332	-2.21983	0
53.2859	-2.40291	0
53.7614	-1.12415	0
52.8125	-0.541197	0
49.375	0	0
49.9506	-1.73651	0
51.2236	-2.1427	0
52.0788	-3.28795	0
53.8777	-1.89521	0
54.375	0	0
50.7026	-3.03355	0
51.4415	-2.8679	0
49.0625	-0.647275	0
49.6875	-0.506967	0
49.2737	-2.02227	0
50.0519	-2.46423	0
54.5968	-1.98432	0
54.9138	-0.823276	0
54.0625	-0.516757	0
51.2111	-3.57098	0
48.125	-0.70082	0
48.7062	-1.57236	0
48.6922	-2.47412	0
49.9699	-3.21455	0
55.2017	-1.45463	0
50.4836	-4.23202	0
48.0149	-2.71481	0
48.8023	-3.18447	0
47.4304	-2.26048	0
47.4583	-3.16481	0
48.7544	-4.1229	0
47.5605	-1.54307	0
46.727	-2.02227	0
46.7826	-3.49734	0
47.5506	-3.91216	0
47.4265	-0.842957	0
46.1838	-1.53288	0
46.1679	-2.51489	0
46.1732	-3.95204	0
47.4857	-4.63294	0
46.7367	-0.563149	0
45.3233	-1.08021	0
45.4685	-2.71481	0
45.4922	-4.11198	0
44.779	-3.61782	0
44.972	-4.56185	0
44.4217	-5.15288	0
45.093	-5.22621	0
46.038	-5.85361	0
46.2981	-4.64036	0
46.8935	-4.89009	0
46.3751	-5.29138	0
47.5494	-5.59015	0
46.7673	-5.90869	0
45.9912	-0.715596	0
44.9052	-2.21833	0
43.4103	-4.878	0
46.3501	-6.57695	0
44.177	-2.02227	0
43.7529	-5.61567	0
45.3108	-6.59634	0
46.8033	-7.82019	0
43.6598	-1.49075	0
43.6418	-2.5587	0
42.6078	-5.69906	0
43.8268	-6.42391	0
43.8495	-0.780572	0
42.6311	-2.98304	0
43.7798	-3.53057	0
43.9689	-7.77976	0
44.5425	-6.73683	0
44.556	-0.58381	0
45.096	-7.59304	0
50.3723	-5.15332	0
48.548	-5.81251	0
49.8727	-5.97802	0
51.2859	-5.16124	0
50.3829	-7.24594	0
52.2642	-6.23823	0
52.5918	-4.95787	0
41.9394	-6.63191	0
41.7777	-3.61742	0
45.892	-8.14008	0
46.2265	-9.72748	0
46.6394	-8.8115	0
48.1421	-6.75743	0
41.0688	-5.91524	0
41.8675	-8.11554	0
47.6812	-8.47448	0
39.9972	-6.28759	0
49.3302	-8.5159	0
38.5258	-6.50071	0
48.7671	-7.61574	0
39.4634	-7.78841	0
8.125	0	0
7.8125	-0.647275	0
8.4375	-0.549947	0
9.375	-0.718908	0
10.625	0	0
10.3125	-0.647275	0
10.9375	-0.549947	0
11.875	-0.718908	0
9.8872	-1.25168	0
10.2126	-2.02227	0
11.044	-2.0318	0
9.85464	-2.70585	0
11.4842	-2.76994	0
11.4379	-1.36169	0
15.625	0	0
16.4516	-0.895475	0
15.3125	-0.647275	0
15.9375	-0.540781	0
39.375	-0.904795	0
39.9294	-1.45463	0
40.2498	-2.33212	0
41.1482	-1.94764	0
41.8241	-2.55914	0
40.0471	-0.700775	0
40.625	0	0
40.9375	-0.549947	0
41.2652	-1.09989	0
41.875	0	0
42.4199	-0.842918	0
41.5625	-0.541334	0
42.5524	-1.55729	0
42.465	-2.2594	0
39.375	0	0
14.375	0	0
14.0625	-0.549947	0
14.6908	-0.556705	0
13.4375	-0.541334	0
13.75	-1.09128	0
13.125	0	0
12.8124	-0.541369	0
13.4294	-1.6761	0
12.4364	-1.1194	0
12.7683	-2.38995	0
14.0973	-1.70826	0
12.8084	-1.61985	0
14.5432	-2.39544	0
14.8717	-1.69412	0
15.7746	-2.59054	0
21.875	0	0
21.5625	-0.549947	0
22.1951	-0.554253	0
20.9375	-0.541334	0
21.25	-1.09128	0
22.5139	-1.10798	0
20.625	0	0
20.3124	-0.541369	0
20.9294	-1.6761	0
23.125	0	0
19.375	-0.721551	0
20.1254	-1.71368	0
21.5973	-1.70826	0
19.9865	-1.09045	0
20.5531	-2.24389	0
19.9258	-2.31224	0
20.8529	-3.33281	0
19.1569	-3.04163	0
20.3069	-2.89739	0
20.2107	-3.5781	0
19.3689	-3.92841	0
23.6731	-0.835782	0
22.8125	-0.532924	0
23.4375	-0.392675	0
23.2012	-0.802489	0
23.8058	-1.55117	0
19.375	0	0
18.4244	-3.68547	0
19.4042	-5.07255	0
17.4262	-3.48928	0
21.4861	-4.44894	0
18.2043	-6.57494	0
16.5953	-3.04926	0
15.8193	-3.47401	0
15.5511	-4.61138	0
17.3877	-4.45885	0
16.5112	-5.03806	0
17.6512	-5.57279	0
20.6797	-5.54388	0
14.431	-4.43628	0
17.1518	-6.50217	0
17.5919	-7.78458	0
16.0819	-6.09807	0
14.893	-6.99299	0
35.625	0	0
35.3125	-0.647275	0
35.9375	-0.549947	0
34.9642	-1.21451	0
35.2034	-2.00761	0
34.7865	-2.71481	0
36.0392	-2.02065	0
33.9676	-2.71481	0
35.1771	-3.41544	0
36.4422	-2.73179	0
33.5493	-2.00292	0
33.5747	-3.41212	0
34.785	-4.16279	0
36.0171	-3.49734	0
37.2411	-2.71481	0
32.7135	-2.02227	0
32.6932	-3.52705	0
33.9632	-4.13687	0
37.6573	-3.37887	0
37.7113	-2.02293	0
32.3091	-1.3134	0
32.2786	-2.74836	0
34.3361	-5.35316	0
37.3094	-4.13277	0
38.4786	-3.50126	0
38.5433	-2.03073	0
36.5032	-4.14055	0
37.5238	-5.51091	0
38.9101	-4.15765	0
39.0003	-2.79688	0
36.9137	-4.90007	0
38.6167	-4.97605	0
39.7121	-4.49341	0
35.13	-4.97272	0
36.507	-5.91635	0
40.2407	-5.14473	0
40.5302	-3.84874	0
35.1031	-5.93511	0
36.0265	-5.04992	0
35.7138	-7.20959	0
18.125	0	0
17.8125	-0.647275	0
18.4375	-0.549947	0
17.0994	-0.592472	0
17.0387	-1.30665	0
17.5874	-1.80348	0
17.4082	-2.53119	0
18.3043	-2.02227	0
18.8312	-1.50652	0
151.875	-0.496402	0
151.048	-0.895475	0
152.702	-0.895475	0
149.375	-0.496402	0
150.164	-0.895475	0
38.125	0	0
37.8125	-0.647275	0
38.4375	-0.549947	0
37.4642	-1.21451	0
154.375	0	0
154.062	-0.541334	0
154.688	-0.541369	0
153.349	-0.592232	0
155	-1.08274	0
153.743	-1.08667	0
154.687	-1.67194	0
155.625	0	0
154.062	-1.62594	0
155.356	-1.71287	0
155.96	-0.562942	0
154.333	-2.21996	0
155.786	-2.40291	0
156.261	-1.12415	0
155.312	-0.541197	0
153.724	-2.13854	0
154.579	-3.2884	0
156.378	-1.89521	0
156.749	-0.557081	0
153.21	-3.03247	0
153.938	-2.85667	0
156.533	-2.67466	0
157.242	-2.1043	0
157.516	-0.805864	0
153.724	-3.56566	0
157.08	-3.89196	0
152.612	-4.12343	0
153.298	-4.10484	0
152.985	-5.21512	0
153.494	-4.75948	0
153.97	-5.80375	0
154.275	-5.03386	0
155.357	-5.90854	0
155.061	-4.27125	0
157.797	-3.05548	0
152.976	-6.3491	0
158.473	-4.35952	0
159.401	-2.98021	0
152.173	-7.99594	0
33.125	0	0
32.8125	-0.647275	0
33.4375	-0.549947	0
32.0994	-0.592472	0
136.875	-0.904795	0
136.875	0	0
144.375	0	0
144.062	-0.549947	0
144.695	-0.554253	0
143.337	-0.598611	0
143.735	-1.09989	0
145.23	-1.23463	0
143.697	-2.03322	0
145.377	-0.568499	0
146.06	-1.06882	0
143.125	0	0
142.607	-0.756779	0
142.367	-1.45463	0
142.781	-2.32032	0
144.67	-2.00846	0
141.901	-3.38785	0
145.152	-3.04463	0
144.436	-4.23373	0
146.488	-3.02475	0
135.625	0	0
135.312	-0.549947	0
135.945	-0.554253	0
134.587	-0.598611	0
134.985	-1.09989	0
136.267	-1.10965	0
134.913	-1.92864	0
135.932	-1.99106	0
134.375	0	0
133.844	-0.752817	0
133.181	-0.453195	0
133.65	-1.47387	0
115.625	0	0
115.312	-0.541334	0
115.938	-0.541369	0
114.375	-0.721665	0
116.25	-1.08274	0
114.937	-1.1187	0
115.937	-1.67194	0
116.875	0	0
114.344	-1.36307	0
115.309	-1.62782	0
116.606	-1.71287	0
117.21	-0.562942	0
113.752	-1.01265	0
115.583	-2.21983	0
117.036	-2.40291	0
117.511	-1.12415	0
116.562	-0.541197	0
113.125	0	0
113.701	-1.73651	0
114.974	-2.1427	0
115.829	-3.28795	0
117.628	-1.89521	0
118.125	0	0
114.453	-3.03355	0
115.192	-2.8679	0
112.812	-0.647275	0
113.438	-0.506967	0
113.024	-2.02227	0
113.802	-2.46423	0
117.783	-2.67466	0
118.451	-2.07088	0
118.667	-0.822749	0
117.812	-0.516757	0
118.438	-0.38401	0
118.197	-0.789136	0
114.961	-3.57098	0
111.875	-0.70082	0
112.456	-1.57236	0
112.442	-2.47412	0
113.72	-3.21455	0
118.004	-3.52382	0
118.765	-1.48234	0
114.221	-4.23663	0
111.521	-3.00922	0
112.82	-3.75378	0
114.375	0	0
117.204	-4.35674	0
114.473	-5.88959	0
110.919	-2.23242	0
110.002	-2.00486	0
110.62	-3.08578	0
109.063	-2.21933	0
110.009	-3.84776	0
109.093	-4.1029	0
110.661	-4.53305	0
110.461	-5.56762	0
111.532	-5.12674	0
116.177	-5.02348	0
109.258	-5.95307	0
110.361	-6.65016	0
112.678	-5.88459	0
112.355	-4.6087	0
111.261	-7.84933	0
64.375	0	0
64.0625	-0.647275	0
64.6875	-0.549947	0
65.3201	-0.545641	0
65.0074	-1.07866	0
65.9527	-0.558596	0
65.625	0	0
64.9399	-1.91517	0
66.4733	-1.24362	0
66.875	0	0
67.2927	-1.0972	0
63.7142	-1.21451	0
63.9763	-1.81816	0
63.6453	-2.34356	0
63.112	-2.59312	0
62.61	-2.28753	0
62.6204	-2.9173	0
61.934	-3.47363	0
62.6068	-3.60217	0
63.889	-2.97375	0
62.1662	-4.08357	0
63.6487	-3.54564	0
62.1089	-5.06498	0
62.7849	-4.20753	0
63.9702	-4.07595	0
62.9451	-5.02908	0
63.9081	-4.69689	0
64.5941	-4.06515	0
64.2302	-5.27288	0
65.0673	-4.42599	0
64.9357	-3.49101	0
64.8857	-5.23909	0
63.5658	-5.26633	0
65.6174	-4.65311	0
64.6298	-2.9318	0
65.224	-5.77657	0
66.1114	-4.98763	0
66.0908	-4.28998	0
64.9591	-6.47052	0
65.8981	-5.84136	0
66.6317	-5.17578	0
67.0675	-5.50708	0
67.1875	-4.85078	0
67.0069	-6.05487	0
66.3915	-6.41828	0
67.5303	-5.89512	0
66.8998	-6.57623	0
68.0401	-6.28894	0
66.3924	-7.3123	0
68.0998	-5.6848	0
67.3913	-7.32305	0
66.704	-3.91649	0
66.0297	-3.65415	0
68.6751	-7.16515	0
68.118	-5.10431	0
68.2366	-4.53176	0
68.7789	-4.36828	0
68.1972	-3.96672	0
69.191	-4.73753	0
69.2334	-4.05267	0
68.3095	-3.35806	0
67.6662	-3.64863	0
69.1371	-5.40727	0
69.6891	-4.96977	0
69.816	-3.817	0
69.2068	-3.49163	0
70.3763	-5.10697	0
69.1293	-2.81902	0
70.1081	-4.66069	0
70.8099	-4.54261	0
67.8434	-6.88609	0
65.896	-3.02826	0
68.3215	-2.7358	0
67.1571	-3.23998	0
69.3735	-6.09041	0
70.4692	-3.35995	0
70.5986	-6.03858	0
69.9876	-2.16517	0
68.0742	-7.57722	0
66.3963	-2.52667	0
67.8999	-1.94768	0
67.2817	-2.56158	0
69.3621	-2.23433	0
65.7003	-2.33281	0
69.6163	-1.66993	0
70.0043	-1.1696	0
68.9381	-1.62093	0
70.625	0	0
69.7505	-0.585727	0
68.751	-1.02032	0
69.375	0	0
68.125	0	0
69.0625	-0.509859	0
68.4894	-0.510408	0
67.8125	-0.541334	0
67.2294	-0.517063	0
66.5625	-0.524712	0
62.5583	-5.77692	0
65.242	-7.11623	0
71.477	-4.66277	0
71.8257	-5.34802	0
67.4228	-8.28293	0
66.2057	-1.87139	0
71.1485	-0.783908	0
70.4211	-0.641292	0
71.3296	-5.90191	0
71.3354	-1.49915	0
71.0746	-6.5615	0
72.1364	-6.1255	0
70.7836	-2.0793	0
70.0272	-7.03686	0
71.7324	-6.65239	0
72.1708	-7.34097	0
72.3752	-6.72698	0
70.6966	-7.1202	0
70.2283	-8.15197	0
70.9426	-7.85404	0
71.6689	-7.86601	0
72.5351	-8.1917	0
71.2865	-9.02462	0
62.4692	-7.18835	0
67.7296	-9.86668	0
73.2205	-6.55289	0
73.8986	-8.42236	0
73.9554	-7.20881	0
106.875	0	0
106.562	-0.647275	0
107.188	-0.549947	0
108.125	-0.718908	0
105.625	-0.70082	0
106.127	-1.25659	0
106.463	-2.02227	0
107.294	-2.03227	0
106.104	-2.70573	0
107.735	-2.77095	0
107.688	-1.36169	0
106.132	-3.67141	0
107.285	-3.56712	0
107.71	-4.352	0
107.264	-5.1594	0
107.488	-6.69208	0
84.375	0	0
84.0625	-0.647275	0
84.6875	-0.549947	0
85.625	-0.718908	0
83.7142	-1.21451	0
83.9534	-2.00761	0
83.5364	-2.73533	0
84.7892	-2.02065	0
83.9408	-3.59535	0
85.1945	-1.36169	0
85.2214	-2.74837	0
83.5512	-5.1434	0
84.7996	-3.50227	0
86.1796	-2.78686	0
84.4792	-4.55388	0
86.5356	-1.94678	0
87.4055	-1.804	0
88.3433	-2.36563	0
84.5774	-5.7336	0
86.1541	-6.60795	0
85.7829	-5.03925	0
88.125	0	0
87.8125	-0.647275	0
88.4375	-0.549947	0
86.875	0	0
86.5625	-0.549947	0
87.1908	-0.556705	0
86.183	-1.12938	0
93.125	-0.904795	0
93.125	0	0
92.4529	-0.700775	0
91.875	0	0
92.5584	-1.47148	0
91.5625	-0.549947	0
91.2348	-1.09989	0
91.1836	-1.99204	0
92.2624	-2.3538	0
96.875	0	0
96.5625	-0.549947	0
97.1951	-0.554253	0
95.9375	-0.541334	0
96.25	-1.09128	0
97.5139	-1.10798	0
95.625	0	0
95.3124	-0.541369	0
95.9294	-1.6761	0
97.1827	-2.0292	0
98.125	0	0
94.5874	-0.598957	0
95.0919	-1.73087	0
96.555	-1.6388	0
97.6718	-1.68487	0
94.991	-1.08784	0
95.5462	-2.2474	0
97.8788	-2.49834	0
94.8862	-2.36989	0
95.8554	-3.33408	0
98.3015	-1.95772	0
94.0618	-2.1026	0
95.3255	-2.89752	0
98.8612	-1.4537	0
95.2107	-3.57673	0
94.1871	-3.92908	0
97.8125	-0.532924	0
98.4375	-0.541331	0
94.375	0	0
93.8571	-0.756164	0
93.6178	-1.45463	0
93.5087	-2.86189	0
96.4985	-4.46066	0
94.3552	-5.15653	0
109.375	0	0
109.062	-0.549947	0
109.695	-0.554253	0
108.683	-1.12938	0
110.014	-1.10798	0
110.625	0	0
111.173	-0.835782	0
110.312	-0.532924	0
110.938	-0.392675	0
110.701	-0.802489	0
111.306	-1.55117	0
104.375	0	0
104.062	-0.647275	0
104.688	-0.549947	0
128.125	0	0
127.812	-0.647275	0
128.438	-0.549947	0
127.464	-1.21451	0
127.703	-2.00761	0
127.286	-2.73533	0
128.539	-2.02065	0
127.692	-3.5287	0
128.971	-2.74837	0
128.6	-3.58159	0
128.996	-4.40906	0
128.453	-5.36443	0
130.081	-4.58642	0
127.066	-5.27707	0
128.711	-7.19242	0
140.625	0	0
140.312	-0.647275	0
140.938	-0.549947	0
139.375	0	0
139.062	-0.549947	0
139.691	-0.556705	0
138.438	-0.541334	0
138.75	-1.09128	0
138.125	0	0
137.812	-0.541369	0
138.429	-1.6761	0
137.486	-1.09063	0
137.768	-2.38995	0
139.097	-1.70826	0
137.812	-1.61787	0
139.543	-2.39544	0
139.872	-1.69412	0
140.775	-2.59054	0
138.378	-3.34548	0
139.009	-4.49748	0
148.125	0	0
147.812	-0.549947	0
148.445	-0.554253	0
147.087	-0.598611	0
147.485	-1.09989	0
148.764	-1.10798	0
147.492	-2.17515	0
148.438	-1.63838	0
147.805	-1.6354	0
149.033	-1.81188	0
149.501	-2.74239	0
149.823	-1.96202	0
146.875	0	0
6.875	0	0
6.5625	-0.549947	0
7.19076	-0.556705	0
6.18295	-1.12938	0
103.125	0	0
102.812	-0.549947	0
103.441	-0.556705	0
102.433	-1.12938	0
-49.9251	-10.9854	0
-46.7465	-8.30869	0
-42.2978	-4.59634	0
-114.414	-3.95743	0
-114.143	-5.08731	0
-138.165	-3.95377	0
-137.941	-5.23787	0
-18.1643	-3.95743	0
-17.9226	-5.18419	0
-61.2288	-11.7553	0
-76.7066	-5.74092	0
-74.9177	-6.77032	0
28.2471	-5.49548	0
30.2709	-4.30334	0
-135.8	-4.13102	0
135.916	-6.83361	0
136.658	-5.82933	0
123.688	-5.00542	0
-129.856	-7.02838	0
-122.325	-7.09388	0
-119.327	-5.93714	0
-116.748	-5.49796	0
103.678	-8.43684	0
-84.0117	-5.85264	0
-82.5727	-6.58076	0
-100.317	-4.78818	0
-97.3937	-7.48539	0
-96.5975	-5.28728	0
-20.4976	-5.49796	0
-29.6422	-5.65918	0
-30.5326	-6.38902	0
-28.5862	-5.3615	0
-27.5674	-6.16605	0
-32.4548	-7.34549	0
78.1583	-3.82347	0
76.9152	-4.69557	0
78.2221	-5.08349	0
89.9	-5.02956	0
91.7916	-4.20483	0
-3.10791	-4.88082	0
-0.853904	-6.9585	0
-0.576239	-5.56918	0
54.3939	-3.84386	0
53.4129	-4.27158	0
54.4939	-5.09002	0
2.20812	-5.45176	0
1.65311	-6.69436	0
43.7239	-9.21513	0
16.0509	-9.4615	0
13.6612	-7.25956	0
33.0957	-6.08125	0
34.4675	-8.23635	0
36.7677	-8.43313	0
151.387	-3.89596	0
140.724	-4.13721	0
143.132	-3.91902	0
145.125	-6.25768	0
116.174	-6.57724	0
66.2183	-8.5293	0
63.5289	-8.86122	0
69.6291	-9.95667	0
72.912	-10.109	0
75.9234	-9.56052	0
87.0166	-4.32148	0
97.7114	-4.30663	0
93.1421	-4.88082	0
95.3961	-6.9585	0
95.6738	-5.56918	0
138.158	-5.52035	0
-137.016	-6.60511	0
-16.8696	-7.00135	0
31.2005	-5.33312	0
123.688	-6.57339	0
124.617	-4.34126	0
125.682	-4.72898	0
123.69	-3.71134	0
125.904	-5.8618	0
125.001	-6.64798	0
-131.32	-7.37241	0
-128.879	-8.4229	0
-123.2	-7.77468	0
-122.676	-9.5614	0
-122.014	-8.39686	0
-118.635	-6.90041	0
-119.883	-7.06713	0
-119.014	-8.81656	0
-97.1201	-6.34124	0
-95.5045	-7.3324	0
-95.9974	-6.2414	0
-26.3381	-6.97555	0
79.3828	-6.70487	0
89.5055	-7.21938	0
-4.45169	-4.41893	0
-3.94472	-5.79621	0
55.3744	-6.60432	0
0.370466	-6.54987	0
2.41935	-8.57375	0
13.4275	-9.36359	0
150.599	-4.81715	0
143.429	-5.548	0
64.9444	-9.26869	0
98.4283	-5.19451	0
98.1191	-6.33501	0
96.7835	-6.75982	0
92.3053	-5.79621	0
138.875	-6.65546	0
-16.5912	-5.62634	0
125.889	-7.46867	0
-120.368	-8.39888	0
79.3576	-5.49673	0
-4.80757	-7.69237	0
55.6096	-5.45443	0
0.122631	-7.84588	0
14.558	-8.42415	0
149.253	-5.31705	0
150.819	-6.646	0
97.7982	-7.63799	0
91.4553	-7.58962	0
138.235	-7.72585	0
140.115	-6.78732	0
125.759	-9.14996	0
127.38	-8.15291	0
-121.193	-9.63449	0
-3.60081	-7.09711	0
-1.41711	-8.5593	0
1.18881	-8.46914	0
97.9251	-9.13969	0
92.6573	-7.06114	0
136.825	-7.93097	0
138.693	-9.30825	0
141.068	-5.80356	0
-3.59102	-8.63781	0
-2.2127	-7.38576	0
1.65691	-10.2526	0
92.6172	-8.60099	0
94.0409	-7.38872	0
-55.6097	-8.82039	0
-52.4697	-7.97862	0
-68.6222	-9.43992	0
-144.688	-8.4359	0
119.391	-9.89289	0
-113.976	-8.40197	0
101.046	-10.4245	0
-103.085	-5.47433	0
-105.483	-4.35916	0
-13.7047	-6.74128	0
-37.1782	-7.64602	0
-6.874	-5.13698	0
-10.7666	-6.00431	0
7.40497	-10.0459	0
10.0131	-7.47362	0
11.2099	-8.28852	0
53.2462	-8.28865	0
40.5744	-9.28949	0
49.7585	-10.4375	0
38.0771	-7.81268	0
21.5235	-7.00352	0
156.782	-5.38154	0
158.664	-6.41353	0
161.08	-2.78894	0
110.111	-9.9162	0
112.688	-7.38528	0
60.1613	-7.7511	0
-43.6336	-5.12781	0
-74.5045	-9.41169	0
-81.729	-9.04574	0
-32.5074	-9.85786	0
43.5274	-11.6531	0
44.8715	-9.97808	0
45.8825	-11.6561	0
33.3138	-7.45653	0
33.113	-8.9969	0
37.1585	-10.1774	0
-138.043	-7.75269	0
-135.758	-7.49275	0
-132.325	-8.41363	0
-25.9105	-8.97954	0
63.6208	-11.2045	0
66.2378	-10.0299	0
14.7257	-9.7758	0
13.6782	-10.8244	0
15.8218	-11.4467	0
148.2	-4.48601	0
146.957	-4.88767	0
146.55	-6.25318	0
149.109	-7.07316	0
128.797	-8.71318	0
-122.017	-11.2769	0
97.2114	-11.558	0
138.355	-11.6813	0
140.63	-9.41584	0
-2.42579	-10.7657	0
93.9873	-10.7958	0
95.1166	-8.42782	0
-53.9835	-8.02148	0
-52.4327	-9.49261	0
-145.163	-10.9505	0
116.995	-8.99895	0
-102.489	-7.87899	0
-10.0362	-8.04182	0
8.57825	-9.32003	0
9.15552	-11.5644	0
9.64561	-10.2419	0
11.2877	-11.6025	0
11.0432	-9.75808	0
113.758	-8.38105	0
-44.0015	-6.66294	0
34.1446	-10.126	0
31.9917	-8.06742	0
-139.723	-7.6294	0
-138.506	-9.74443	0
-135.252	-8.97834	0
-134.278	-6.9723	0
-133.008	-9.76848	0
64.9691	-10.706	0
67.1786	-11.7296	0
145.842	-7.6423	0
147.642	-7.24871	0
129.653	-10.3319	0
98.2594	-10.5528	0
95.1455	-9.8949	0
-53.1209	-11.9416	0
-51.083	-10.0779	0
-143.586	-9.94608	0
12.3575	-10.2991	0
113.823	-10.8355	0
115.282	-9.18545	0
-45.2861	-7.46698	0
-42.3985	-8.48614	0
33.9717	-12.6891	0
35.6296	-11.4394	0
31.822	-9.41315	0
30.7901	-8.59953	0
30.5257	-11.2868	0
29.1392	-9.72712	0
30.574	-9.93488	0
-136.341	-10.273	0
-132.773	-6.97659	0
-131.61	-10.0969	0
64.7519	-12.1915	0
146.143	-10.2438	0
148.579	-8.86029	0
99.3473	-12.7358	0
99.6808	-11.1048	0
93.9134	-9.18535	0
95.5094	-11.5576	0
-52.2288	-10.8711	0
-51.7219	-12.2005	0
-43.9793	-8.12669	0
-134.515	-11.0781	0
-130.965	-11.5574	0
-130.014	-10.1291	0
62.6037	-13.5119	0
101.039	-12.2322	0
-52.6797	-13.4666	0
-50.3381	-12.3107	0
-48.8461	-14.1026	0
-48.3769	-12.1948	0
-43.5658	-9.9637	0
-132.308	-13.8792	0
-130.197	-13.1133	0
-128.114	-10.1623	0
64.2959	-13.8572	0
-51.9014	-16.0172	0
-59.0748	-10.0182	0
-66.6834	-13.1072	0
25.6208	-7.52732	0
-78.1305	-7.545	0
-94.3629	-9.73303	0
-109.944	-6.71231	0
-106.868	-8.63402	0
-23.1292	-7.52732	0
151.993	-11.0683	0
154.077	-9.62956	0
106.594	-8.83851	0
82.5705	-6.67477	0
85.5816	-8.68574	0
-46.5585	-10.0566	0
71.2214	-10.8486	0
-124.437	-10.2558	0
-116.597	-9.94773	0
77.822	-8.33738	0
87.7365	-7.42485	0
57.0053	-8.40809	0
123.83	-9.5715	0
125.568	-11.5309	0
2.69192	-11.8505	0
-55.5391	-10.9479	0
-71.3346	-10.9912	0
121.359	-9.25805	0
-112.118	-7.56279	0
-12.9321	-8.46101	0
-35.7612	-6.94345	0
-35.6068	-9.03507	0
-34.1758	-7.70182	0
-7.10961	-7.44071	0
40.3396	-11.4478	0
52.6487	-11.7265	0
21.4672	-9.8349	0
162.257	-4.84668	0
58.6276	-6.78889	0
61.6577	-8.87451	0
47.8278	-13.4849	0
16.6864	-14.6901	0
-122.57	-13.1049	0
142.836	-9.88131	0
-0.279989	-11.3403	0
-103.819	-6.93219	0
-104.004	-8.59895	0
-105.224	-7.6195	0
-102.982	-10.6123	0
-140.284	-9.36035	0
68.8534	-14.5301	0
132.168	-10.8003	0
128.189	-11.532	0
-142.764	-12.976	0
116.302	-10.594	0
27.0668	-9.52771	0
93.5267	-13.6175	0
-135.926	-11.8055	0
-137.168	-14.1655	0
-134.318	-13.1931	0
103.143	-11.6989	0
-128.503	-13.0478	0
-130.86	-14.5773	0
-130.049	-15.9498	0
-129.994	-18.6271	0
-128.361	-16.002	0
62.896	-16.3982	0
-57.902	-12.5256	0
-79.4089	-9.45234	0
-96.1339	-12.205	0
-93.9785	-11.812	0
-109.203	-8.43665	0
-24.2602	-8.75076	0
-24.8389	-10.6433	0
-22.1755	-9.5434	0
149.923	-10.5262	0
80.9832	-7.3794	0
83.2709	-8.4051	0
69.4041	-12.2257	0
-126.294	-10.9566	0
88.7948	-8.81769	0
4.60356	-12.1901	0
1.22621	-13.3718	0
-12.5527	-11.605	0
38.3893	-11.7133	0
24.265	-9.97885	0
59.8849	-9.67768	0
48.0777	-11.508	0
-121.608	-14.7168	0
-124.594	-13.0893	0
-141.964	-9.49316	0
-139.859	-11.7008	0
66.1794	-16.0637	0
128.461	-13.7008	0
118.26	-12.0651	0
-127.649	-14.4139	0
-126.026	-14.7211	0
-124.789	-16.1656	0
-127.726	-17.563	0
-77.1549	-9.58102	0
-108.774	-11.56	0
-27.6768	-11.2943	0
-23.0038	-11.3121	0
79.5851	-8.46061	0
83.7635	-11.5017	0
89.5324	-11.2821	0
5.36254	-14.1515	0
5.70777	-10.7306	0
58.4105	-12.5956	0
49.794	-12.3479	0
-122.479	-16.6886	0
-119.821	-14.209	0
-142.351	-11.2374	0
-125.672	-18.0401	0
-21.6937	-14.3198	0
-20.408	-11.4495	0
5.9466	-8.87683	0
-118.146	-15.5635	0
-118.581	-12.4473	0
-163.413	-4.73878	0
131.866	-7.50526	0
-89.4303	-9.95404	0
19.0105	-9.57838	0
-99.4359	-8.17519	0
-18.7863	-8.60153	0
158.115	-8.54494	0
160.84	-6.73792	0
11.7595	-13.6005	0
111.601	-11.8549	0
-69.1233	-13.7393	0
-64.4069	-12.6554	0
107.12	-11.0642	0
120.933	-11.3035	0
-38.0569	-10.2235	0
164.293	-4.06797	0
144.063	-13.182	0
-2.02488	-13.5623	0
-105.228	-13.576	0
-100.611	-13.4771	0
-134.082	-15.7897	0
-80.9086	-11.1869	0
150.206	-13.6684	0
-11.057	-9.99106	0
25.913	-11.288	0
127.512	-16.5685	0
131.104	-14.7441	0
-76.0385	-11.705	0
-106.969	-10.6519	0
85.5744	-10.676	0
85.993	-13.9928	0
87.3246	-12.14	0
3.84399	-15.9154	0
7.62451	-14.356	0
-124.647	-21.3665	0
-118.632	-18.4329	0
-114.701	-16.6711	0
20.0463	-11.5509	0
-98.338	-10.6332	0
156.047	-8.90409	0
158.768	-11.6325	0
162.279	-8.24431	0
11.8418	-15.8816	0
13.8673	-14.4766	0
-67.4187	-15.2941	0
-62.8567	-14.4083	0
105.391	-13.0059	0
121.868	-14.5899	0
166.937	-5.82448	0
-80.5949	-14.2245	0
-9.79456	-12.661	0
24.0231	-11.9752	0
26.8627	-13.6379	0
-107.073	-12.6938	0
-105.42	-11.7097	0
-103.613	-12.4673	0
-103.414	-14.4881	0
-101.801	-12.0486	0
-99.9247	-11.6953	0
-98.2208	-13.3744	0
88.4635	-14.3634	0
8.57618	-16.6372	0
18.9121	-13.7047	0
157.358	-10.3178	0
162.288	-11.7427	0
11.9911	-18.4961	0
-65.8711	-17.2044	0
-61.9385	-18.2301	0
24.2623	-14.4845	0
-108.849	-13.5161	0
-111.586	-12.4315	0
-107.073	-15.6252	0
164.553	-9.98772	0
-63.6235	-16.6045	0
-104.955	-15.9835	0
-64.214	-18.9026	0
-106.589	-19.2	0
-104.363	-18.3074	0
74.9091	-12.5329	0
-15.2282	-7.58863	0
-16.6645	-9.01547	0
-15.8463	-10.8594	0
-16.7552	-14.1237	0
-84.0565	-10.0073	0
-32.8045	-12.3998	0
135.743	-11.9047	0
139.992	-13.4461	0
-40.1369	-8.0902	0
29.3446	-13.3042	0
28.7273	-15.7669	0
99.8523	-15.9724	0
-42.5408	-13.2311	0
46.4796	-17.5754	0
-129.627	-23.1101	0
-57.6202	-15.5907	0
117.343	-15.8702	0
-29.9638	-10.1448	0
-87.1666	-11.4397	0
110.752	-15.8727	0
113.593	-13.2658	0
-71.6767	-14.0935	0
-4.53601	-12.4952	0
-2.94646	-17.1815	0
-133.765	-19.6962	0
-76.9195	-15.4732	0
-99.2698	-16.8265	0
86.8584	-16.6435	0
91.0539	-14.3899	0
6.86222	-18.6297	0
18.8012	-16.4605	0
14.6324	-21.8873	0
-68.1844	-17.4965	0
-70.9769	-19.2464	0
22.8275	-18.2109	0
-64.7887	-21.3696	0
-108.766	-17.6747	0
-104.044	-22.3232	0
-36.0784	-15.1857	0
139.389	-16.2726	0
27.7355	-18.0364	0
30.6773	-17.2938	0
-39.3423	-13.1534	0
48.5559	-15.9923	0
115.497	-14.5253	0
113.292	-15.7901	0
115.3	-16.7351	0
113.379	-18.2114	0
117.609	-19.3444	0
-6.7191	-11.2113	0
-74.0065	-15.8914	0
-101.34	-19.2053	0
88.3791	-21.0735	0
93.3596	-17.4266	0
6.79888	-23.044	0
21.0034	-15.169	0
14.456	-19.3005	0
-67.7981	-22.5519	0
-64.4822	-24.5883	0
-111.79	-17.5109	0
-109.766	-21.4177	0
-32.5972	-15.9601	0
25.2905	-18.3782	0
32.6146	-19.4918	0
33.5254	-16.5258	0
49.7864	-19.7593	0
110.931	-18.3156	0
115.05	-20.4328	0
-6.7894	-13.8287	0
26.9163	-21.0913	0
51.5024	-17.1144	0
106.924	-17.3822	0
113.554	-24.8501	0
117.283	-22.1297	0
-4.58266	-14.987	0
-9.0913	-15.3019	0
108.313	-21.4892	0
121.607	-22.0891	0
-9.67549	-19.8551	0
-47.4276	-18.9531	0
-140.229	-14.8052	0
64.9747	-20.5209	0
-27.2333	-14.7895	0
55.3265	-13.5073	0
60.0314	-15.2304	0
153.409	-13.9552	0
150.403	-18.9643	0
127.502	-20.4643	0
-120.116	-21.6212	0
124.442	-16.2884	0
-114.084	-13.7433	0
73.3942	-15.6103	0
-54.8072	-16.4272	0
140.639	-20.9637	0
-40.827	-17.9043	0
-75.7989	-18.0218	0
-75.9359	-21.4299	0
96.78	-17.4766	0
-70.3857	-24.4222	0
-64.1886	-29.7569	0
-59.4966	-26.7422	0
-113.958	-19.5604	0
31.2051	-21.7867	0
32.1296	-25.0977	0
36.7552	-19.1405	0
53.1613	-20.0698	0
104.241	-15.8656	0
-143.438	-16.5814	0
157.168	-15.2845	0
-57.357	-19.8538	0
-73.629	-25.3196	0
-70.1897	-27.7817	0
-113.637	-24.4967	0
103.794	-19.7873	0
-23.55	-17.5997	0
-137.036	-17.6584	0
170.426	-7.04458	0
-16.203	-17.7248	0
-5.41185	-19.9498	0
0.311728	-18.9495	0
-96.2863	-18.8205	0
46.7717	-23.8367	0
26.0781	-24.1235	0
23.0051	-25.3687	0
25.8901	-27.4339	0
19.496	-22.9766	0
25.7754	-31.5655	0
19.4413	-26.8268	0
29.0563	-29.5892	0
129.438	-23.8247	0
73.3442	-19.4604	0
-80.681	-23.8724	0
94.9939	-22.6426	0
37.7512	-26.4168	0
56.9722	-23.5935	0
55.0633	-17.0589	0
-144.336	-21.2033	0
154.159	-17.8118	0
161.19	-15.6274	0
-76.86	-27.1936	0
-70.7866	-31.9338	0
-67.24	-28.9237	0
-117.477	-24.4116	0
104.474	-24.832	0
-23.3354	-21.5259	0
-137.582	-22.0654	0
168.046	-9.62685	0
173.716	-8.04543	0
-18.5844	-21.2731	0
-12.8768	-18.5987	0
-6.53046	-25.8975	0
1.93398	-22.8762	0
-94.5086	-22.342	0
46.7917	-20.6984	0
15.9513	-25.4139	0
19.6341	-30.4776	0
127.52	-28.7617	0
131.96	-21.0804	0
71.5328	-23.0462	0
76.9848	-21.1587	0
56.622	-20.1497	0
153.447	-22.1872	0
-76.562	-31.2021	0
-121.106	-25.2003	0
-27.9172	-25.611	0
168.763	-13.4599	0
-15.2663	-20.9267	0
-16.5927	-24.2861	0
-12.2288	-21.6542	0
-9.09377	-23.392	0
-97.2253	-26.8295	0
-89.6461	-23.9825	0
11.4327	-25.0939	0
15.8294	-35.298	0
130.75	-27.1752	0
136.305	-21.4728	0
-120.266	-29.8693	0
167.565	-18.452	0
173.305	-15.0224	0
-18.1887	-30.1391	0
-10.0008	-26.8839	0
131.282	-32.3391	0
-12.7554	-31.8803	0
-7.43123	-29.3261	0
135.549	-29.2897	0
-4.17184	-28.3497	0
-8.73636	-33.4317	0
0.308025	-30.9132	0
-3.17458	-25.0302	0
-0.751069	-27.5678	0
2.44178	-28.3973	0
5.36866	-26.3298	0
8.89118	-28.1186	0
9.77727	-34.2045	0
12.5591	-28.6204	0
13.9092	-32.0988	0
-129.97	-29.177	0
-103.714	-27.064	0
83.2746	-20.3497	0
122.134	-26.2361	0
-55.6585	-24.1578	0
24.6269	-36.6277	0
32.8207	-31.7548	0
-71.321	-37.1118	0
-139.228	-28.5122	0
67.8249	-22.8971	0
63.2413	-25.4975	0
69.4753	-28.0375	0
79.1333	-24.4944	0
77.5545	-30.9692	0
156.016	-27.9423	0
-80.9332	-34.6852	0
-125.27	-33.0952	0
-117.521	-35.1533	0
138.996	-25.6781	0
-13.0436	-38.6084	0
-3.97992	-38.8854	0
-108.91	-31.7082	0
79.8707	-18.7403	0
118.875	-28.9865	0
-55.4949	-28.543	0
-51.2219	-24.3151	0
34.3716	-38.4915	0
119.215	-33.0075	0
-53.5638	-34.0815	0
-47.3818	-26.44	0
115.615	-36.6667	0
122.966	-35.6169	0
-46.7106	-31.6863	0
-42.3344	-28.0201	0
124.891	-40.1078	0
-31.4421	-20.62	0
-39.7496	-22.5262	0
-34.8918	-24.6417	0
49.8233	-27.5801	0
42.2428	-25.0616	0
39.0303	-22.5354	0
98.665	-28.3654	0
109.011	-26.167	0
-95.6776	-31.7176	0
-85.1245	-27.1073	0
163.041	-21.0859	0
171.849	-20.9559	0
178.263	-14.1323	0
134.234	-37.7147	0
3.90811	-35.823	0
27.0764	-44.9956	0
-69.7989	-45.7221	0
60.5524	-23.0782	0
59.3127	-27.16	0
54.5831	-27.7125	0
70.0888	-34.9736	0
143.064	-33.0114	0
29.1732	-39.2643	0
-45.7496	-37.4684	0
-37.1123	-30.018	0
121.664	-43.8889	0
129.725	-41.2654	0
48.7669	-33.3035	0
-98.9465	-35.1367	0
-103.8	-34.54	0
-99.4607	-39.7984	0
-102.408	-47.1041	0
-95.2721	-43.6335	0
-91.879	-34.5366	0
-90.3118	-39.3071	0
-87.0494	-33.162	0
161.195	-26.0809	0
173.308	-27.9722	0
184.727	-19.5931	0
-65.5424	-40.5299	0
32.3689	-42.8901	0
-35.0542	-37.7134	0
117.239	-42.7413	0
116.196	-50.3488	0
118.549	-46.796	0
120.264	-50.4873	0
118.034	-56.1934	0
124.344	-48.8706	0
130.7	-52.6059	0
128.669	-48.7875	0
134.624	-48.0688	0
130.521	-45.2124	0
133.556	-42.5463	0
-108.325	-36.6792	0
-86.699	-42.8291	0
165.902	-28.6672	0
175.983	-23.7563	0
31.3179	-47.9529	0
-112.717	-34.6763	0
-110.622	-44.7667	0
-82.8215	-50.3649	0
-81.188	-41.599	0
167.806	-37.149	0
178.15	-28.0879	0
180.288	-21.5332	0
25.6658	-51.5392	0
36.8852	-54.6193	0
-112.438	-39.881	0
-76.363	-46.0623	0
186.068	-29.9537	0
-118.333	-44.8522	0
184.403	-24.9021	0
192.142	-25.1516	0
40.7943	-29.6414	0
41.8838	-35.1249	0
39.6119	-40.1201	0
42.8071	-46.025	0
11.9803	-43.8794	0
-23.9194	-29.7366	0
-145.168	-37.9788	0
85.2819	-35.5124	0
-131.198	-35.4268	0
-58.4284	-39.1562	0
59.7746	-32.3994	0
58.4046	-40.1566	0
64.1821	-36.6897	0
139.887	-37.688	0
144.166	-42.6923	0
-44.8649	-47.2743	0
51.6615	-30.8786	0
51.7151	-39.2601	0
-40.4241	-38.5592	0
-43.9543	-42.2493	0
-37.0077	-42.7796	0
-48.6236	-43.9982	0
-38.6153	-49.0844	0
-54.4625	-44.561	0
-50.9475	-50.4586	0
107.743	-56.2176	0
125.579	-63.1907	0
19.9343	-46.8799	0
29.9305	-57.9782	0
-72.5353	-56.4182	0
44.9127	-32.6549	0
46.3062	-36.1502	0
8.12634	-39.6687	0
-138.268	-36.2377	0
68.8763	-41.8238	0
141.007	-48.2412	0
48.7457	-44.5975	0
-32.4996	-54.096	0
2.67949	-41.4069	0
144.407	-53.7904	0
47.2147	-51.295	0
54.4478	-44.2751	0
-2.37009	-44.6884	0
141.622	-62.4175	0
152.647	-54.9434	0
51.8451	-48.8297	0
58.0758	-49.3692	0
-8.65109	-43.306	0
-3.48778	-54.742	0
64.4642	-54.0514	0
-17.858	-47.5125	0
-6.67736	-49.2985	0
-9.94461	-54.8691	0
-6.51779	-64.8854	0
89.8755	-28.4255	0
101.5	-35.1208	0
-109.465	-58.2977	0
-27.3809	-37.0394	0
-126.394	-45.4784	0
194.247	-34.0553	0
132.85	-60.177	0
25.3497	-65.8313	0
-140.234	-42.9901	0
-38.1153	-59.5996	0
-23.6874	-55.9387	0
43.4777	-57.3936	0
58.3451	-59.1006	0
72.9034	-56.6431	0
70.4415	-49.2984	0
96.948	-46.5537	0
107.299	-39.0622	0
-114.399	-51.9047	0
-23.9563	-43.4915	0
132.195	-68.8733	0
-150.737	-48.3968	0
-134.639	-51.6058	0
-45.4515	-69.9082	0
36.9618	-63.6574	0
51.5303	-70.552	0
79.3164	-50.4085	0
101.294	-41.6612	0
95.2153	-40.6386	0
104.547	-48.9268	0
87.6069	-46.0786	0
-36.5612	-68.4704	0
47.1843	-64.1684	0
59.4532	-67.5135	0
98.1428	-56.0799	0
41.638	-72.6157	0
163.244	-43.7294	0
185.279	-39.0978	0
11.1007	-55.1804	0
-55.5033	-59.5139	0
160.889	-61.6175	0
15.1222	-70.2788	0
-21.9032	-65.0051	0
74.6372	-66.477	0
143.633	-78.0253	0
58.7814	-77.6103	0
180.011	-46.3584	0
67.2411	-69.8646	0
174.305	-55.3313	0
74.6534	-76.28	0
183.42	-54.8271	0
197.79	-59.9173	0
112.909	-65.1774	0
91.1223	-65.1222	0
-54.8656	-68.9547	0
-64.4363	-80.4368	0
8.59177	-83.594	0
158.934	-76.8394	0
63.9419	-92.3778	0
107.969	-79.3506	0
83.3371	-71.3641	0
68.4248	-83.7481	0
94.8699	-77.7724	0
-74.2038	-66.9044	0
-85.4097	-74.01	0
-6.17125	-78.3957	0
-98.634	-66.8082	0
-135.755	-68.4199	0
-91.2402	-85.2843	0
-105.552	-101.087	0
-85.0235	-105.296	0
-117.361	-72.6088	0
-165.796	-47.8433	0
35.3333	-87.1381	0
135.41	-90.5182	0
212.212	-53.3933	0
191.24	-81.3528	0
152.281	-90.3107	0
76.4863	-100.209	0
119.68	-88.7684	0
-5.72322	-93.0618	0
-176.929	-39.4709	0
-168.023	-63.5348	0
21.1405	-91.5681	0
47.0132	-104.087	0
228.295	-63.6723	0
145.557	-102.736	0
168.346	-89.8653	0
91.4624	-99.0782	0
68.9696	-114.142	0
117.164	-103.114	0
-19.4298	-100.518	0
-191.849	-43.3131	0
-185.324	-71.2207	0
-161.567	-80.9711	0
32.1348	-101.841	0
140.684	-116.901	0
98.9501	-111.249	0
78.3573	-127.813	0
122.895	-115.578	0
-32.1687	-91.4868	0
-20.1253	-117.506	0
-204.758	-35.5568	0
-194.439	-58.6351	0
36.0762	-126.134	0
94.9787	-127.394	0
120.181	-128.117	0
108.441	-132.856	0
125.194	-139.743	0
101.3	-142.829	0
126.924	-160.939	0
137.898	-141.526	0
96.0556	-162.754	0
149.317	-136.929	0
136.816	-153.723	0
105.876	-154.686	0
168.409	-144.866	0
143.442	-173.193	0
110.817	-170.712	0
146.435	-161.312	0
163.99	-172.052	0
160.463	-157.153	0
-46.1505	-97.8818	0
-4.55814	-110.213	0
-221.153	-37.2056	0
175.736	-161.404	0
-47.5196	-112.933	0
186.938	-185.564	0
-64.485	-124.542	0
-35.6718	-121.685	0
191.835	-168.617	0
-49.582	-128.12	0
-116.043	-88.1814	0
-127.145	-104.334	0
177.197	-105.088	0
-181.006	-89.2683	0
-147.903	-93.2773	0
70.5016	-144.661	0
-3.10045	-133.631	0
-210.907	-69.0472	0
124.967	-195.068	0
15.4724	-118.905	0
-226.525	-51.7909	0
-241.537	-55.417	0
207.465	-182.314	0
209.133	-155.761	0
171.487	-120.404	0
197.316	-100.969	0
-195.438	-106.998	0
-151.471	-111.388	0
47.3455	-146.441	0
180.721	-133.99	0
-174.109	-123.11	0
197.864	-137.026	0
-154.768	-132.742	0
204.846	-121.311	0
220.869	-120.043	0
237.388	-134.913	0
241.72	-112.348	0
224.256	-83.7407	0
246.667	-54.9216	0
77.352	-176.355	0
154.862	-193.243	0
-82.8465	-133.663	0
-117.768	-120.249	0
-124.601	-150.513	0
-109.697	-137.975	0
-223.687	-91.176	0
202.412	-216.856	0
-178.543	-156.249	0
260.153	-164.501	0
267.54	-100.275	0
-90.7991	-164.005	0
214.044	-200.917	0
-107.217	-156.049	0
-92.8225	-147.262	0
-78.669	-154.045	0
-68.7627	-178.477	0
-63.4665	-162.105	0
-41.2069	-178.348	0
-43.038	-150.622	0
233.786	-227.539	0
234.14	-206.645	0
257.444	-217.49	0
253.258	-189.556	0
-217.115	-115.371	0
61.6263	-211.874	0
141.027	-212.38	0
-92.5583	-190.697	0
-6.25898	-169.535	0
257.969	-251.597	0
-235.671	-149.711	0
82.3221	-199.796	0
149.923	-251.034	0
-121.018	-225.468	0
-63.6266	-217.754	0
289.652	-234.052	0
86.7224	-231.106	0
104.529	-205.414	0
-149.544	-172.45	0
285.107	-79.6538	0
102.932	-277.09	0
118.028	-233.787	0
209.345	-247.907	0
181.918	-237.731	0
185.456	-290.3	0
276.487	-305.818	0
-179.566	-192.134	0
-139.806	-201.394	0
-161.081	-237.365	0
289.474	-271.11	0
-209.435	-173.325	0
318.804	-301.869	0
-242.917	-184.144	0
-282.732	-213.221	0
14.4812	-231.657	0
-205.496	-291.727	0
-131.196	-264.599	0
303.979	-371.703	0
389.207	-313.708	0
28.2666	-198.441	0
-28.8174	-248.554	0
-169.079	-276.156	0
-170.075	-324.197	0
-124.056	-311.738	0
56.7693	-303.804	0
189.448	-365.603	0
226.299	-325.47	0
-318.738	-180.332	0
-253.122	-261.336	0
-130.095	-380.652	0
-75.9536	-322.533	0
9.57164	-283.001	0
96.649	-340.194	0
-345.901	-221.633	0
-36.4629	-295.688	0
-400.931	-220.76	0
-355.713	-269.33	0
-1.32799	-333.313	0
-369.619	-349.936	0
-3.4581	-396.574	0
-315.022	-317.853	0
243.908	-378.624	0
84.9284	-394.707	0
-456.337	-222.528	0
-75.6363	-474.64	0
-256.744	-319.525	0
77.054	-477.606	0
-500.256	-193.215	0
-587.528	-209.031	0
-460.816	-279.29	0
-287.358	-370.088	0
-537.769	-336.085	0
-428.949	-332.339	0
-236.856	-445.461	0
-421.204	-415.041	0
-176.667	-424.272	0
-185.626	-494.906	0
-269.34	-530.379	0
-122.187	-530.601	0
-97.0271	-650.254	0
-54.2095	-539.806	0
-10.3656	-620.326	0
324.843	-451.394	0
466.226	-356.299	0
89.8715	-556.335	0
154.75	-495.659	0
-449.186	-525.226	0
266.058	-531.759	0
409.624	-503.609	0
558.395	-304.567	0
101.067	-684.374	0
471.357	-442.8	0
538.003	-572.198	0
-663.95	-435.519	0
-276.141	-661.989	0
-25.8849	-715.823	0
255.851	-643.268	0
445.256	-591.356	0
-131.863	-759.43	0
386.984	-729.178	0
516.619	-702.759	0
-536.677	-625.252	0
-115.496	-903.058	0
-556.943	-519.249	0
-372.589	-773.775	0
408.215	-979.625	0
477.669	-842.896	0
717.389	-668.61	0
-594.684	-774.261	0
-284.906	-1008.88	0
27.1733	-949.482	0
545.351	-963.282	0
502.991	-1191.36	0
767.329	-1030.67	0
-838.656	-812.679	0
-699.154	-904.71	0
-916.484	-1082.4	0
-643.342	-1179.83	0
-228.987	-1256.57	0
822.604	-838.57	0
1026.4	-1001.21	0
931.6	-653.548	0
1117.57	-539.467	0
-485.927	-1486.9	0
1310.11	-646.922	0
1303.12	-854.44	0
1226.81	-1044.83	0
1506.2	-828.494	0
1363.66	-1304.42	0
1747.05	-1034.96	0
1704.97	-748.243	0
1829.46	-566.192	0
1399.11	-427.894	0
1621.6	-422.48	0
1441.73	-1684.53	0
299.917	-1459.03	0
-1182.23	-1239.44	0
-326.012	-2044.01	0
2206.81	-1536	0
104.498	-1785.69	0
-1196.44	-1554.73	0
1982.9	-1279.86	0
-1321.26	-1970.3	0
-863.087	-1832.51	0
1882.66	-1593.42	0
1054.58	-1643.86	0
1705.98	-2115.25	0
342.884	-2181.5	0
814.87	-1965.07	0
982.545	-2359.94	0
995.421	-2838.36	0
1387.29	-2364.81	0
2206.81	-2750.09	0
1796.36	-2558.93	0
-2208.06	-1821.13	0
-1559.97	-2595.68	0
572.635	-3022.52	0
1179.05	-3375.16	0
-1773.63	-1949.06	0
201.798	-2765.82	0
704.912	-3492.78	0
-145.663	-3078.42	0
334.862	-3842.23	0
-548.177	-2909.96	0
-277.337	-3685.24	0
475.43	-4309.17	0
-633.527	-2489.65	0
-1025.6	-2684.09	0
-484.369	-3322.62	0
925.797	-4426.15	0
-1348.43	-2976.24	0
-2208.06	-3035.22	0
-1323.18	-3596.49	0
-1780.87	-2967.54	0
-1941.01	-3338.75	0
-1757.88	-3769.11	0
-1570.81	-3278.31	0
-2208.06	-4249.31	0
-1354.37	-4151.58	0
CELLS 8747	34988
3 314	1441	315	
3 4637	4640	4634	
3 869	1747	27	
3 4555	4533	1380	
3 1380	1391	1400	
3 1746	1745	28	
3 1462	104	1460	
3 4525	1359	4529	
3 1634	181	1631	
3 1306	1349	1296	
3 4430	4414	4417	
3 1636	257	1635	
3 1347	1359	1341	
3 1632	3086	181	
3 4353	4363	1260	
3 1462	1463	104	
3 2099	2106	684	
3 4290	1209	4261	
3 444	1806	1805	
3 1106	1098	1043	
3 1041	1043	1039	
3 2088	1637	347	
3 4187	1224	1229	
3 1467	1466	1539	
3 1889	1639	353	
3 800	799	801	
3 1761	1763	1770	
3 359	1795	1798	
3 1794	360	1792	
3 1945	2020	2021	
3 831	762	764	
3 324	364	673	
3 921	852	1118	
3 713	323	671	
3 1750	765	673	
3 256	1642	1641	
3 2414	2421	688	
3 765	801	799	
3 1576	1579	466	
3 715	324	673	
3 1024	1041	1039	
3 2403	1644	365	
3 1768	362	1773	
3 1853	1852	405	
3 1596	1597	371	
3 25	1023	999	
3 1533	1531	375	
3 999	870	26	
3 26	25	999	
3 1476	1477	329	
3 1077	1066	1023	
3 675	1479	1482	
3 1078	1041	1000	
3 328	1487	1490	
3 1647	468	1648	
3 317	1464	1465	
3 2193	2194	2203	
3 1744	1743	364	
3 1784	30	1744	
3 2249	473	2247	
3 30	1743	1744	
3 100	1664	1702	
3 2608	1752	219	
3 32	1753	1754	
3 2817	1756	200	
3 34	33	1757	
3 442	1761	1760	
3 403	3005	3011	
3 363	1757	1753	
3 2805	493	2795	
3 32	31	1783	
3 696	2561	2563	
3 870	869	27	
3 379	1487	1492	
3 1770	1766	36	
3 361	323	1753	
3 709	3477	3535	
3 1789	37	1769	
3 709	3007	1861	
3 38	1786	1785	
3 1785	1787	39	
3 185	1835	1836	
3 2996	3001	668	
3 1814	40	1813	
3 1838	497	1839	
3 1886	1889	1899	
3 437	1886	1885	
3 177	1855	1863	
3 1814	1822	41	
3 337	2996	1906	
3 1805	1812	444	
3 183	1906	1907	
3 163	2897	164	
3 1898	1903	46	
3 1144	289	1124	
3 1904	1909	47	
3 1904	356	1909	
3 3114	510	3113	
3 1904	47	1903	
3 656	3453	3452	
3 1967	1966	905	
3 1919	599	1923	
3 3416	343	3414	
3 2009	2015	520	
3 53	1932	1933	
3 259	1953	1954	
3 1925	1924	51	
3 3117	262	1964	
3 52	1924	1926	
3 269	1976	1977	
3 45	1899	1893	
3 2941	502	2940	
3 344	3414	1953	
3 59	2004	60	
3 252	1979	1978	
3 58	2002	2001	
3 59	2003	2004	
3 422	3167	3162	
3 520	2002	2007	
3 2060	512	2061	
3 2075	518	2076	
3 2086	2077	2098	
3 355	1942	1929	
3 63	2089	2081	
3 2094	64	2102	
3 54	1940	1939	
3 2085	2088	2102	
3 61	2090	2098	
3 2098	2077	61	
3 236	2135	2134	
3 2172	2171	81	
3 2109	2110	66	
3 2303	2302	73	
3 67	2119	2118	
3 2301	2303	2306	
3 1638	320	2114	
3 2110	2117	66	
3 436	2118	2128	
3 2122	2124	352	
3 2319	70	2316	
3 1895	1897	443	
3 2304	2305	2303	
3 2383	430	2174	
3 1812	358	1818	
3 2305	2345	527	
3 2333	2334	436	
3 435	2317	2319	
3 2318	69	2320	
3 2109	65	2101	
3 3489	2314	807	
3 53	1933	1936	
3 344	3411	3412	
3 2310	2301	2308	
3 190	2346	2347	
3 1926	1932	52	
3 2310	2311	2312	
3 1917	1913	1916	
3 76	2350	2349	
3 2311	432	2354	
3 2183	428	2181	
3 1910	1911	48	
3 524	2174	2376	
3 1765	357	1763	
3 386	1734	1725	
3 2170	2177	2179	
3 1778	1780	1777	
3 2174	2172	2173	
3 34	1758	1762	
3 2170	2172	2175	
3 356	1927	1915	
3 1777	357	1765	
3 2196	2194	592	
3 1793	1794	1792	
3 2246	2249	2244	
3 2206	2207	87	
3 1788	40	39	
3 85	2203	2197	
3 1788	39	1787	
3 671	361	324	
3 2243	90	2248	
3 36	1759	1761	
3 92	2253	2257	
3 1721	1723	386	
3 672	363	323	
3 2250	91	2254	
3 323	361	671	
3 2207	2219	87	
3 1783	31	1784	
3 2182	2185	2179	
3 1886	45	1884	
3 1745	364	1743	
3 1721	1724	1709	
3 2390	535	2391	
3 1721	1722	1723	
3 99	1709	1701	
3 138	2405	2413	
3 470	2287	2282	
3 673	364	316	
3 2475	461	2654	
3 1658	1702	385	
3 2441	2440	158	
3 1648	1650	1663	
3 1861	338	1853	
3 369	2451	2456	
3 104	1463	1468	
3 2626	607	2622	
3 1460	1461	1462	
3 848	2508	2512	
3 1645	325	2429	
3 1469	1471	1474	
3 370	2457	2452	
3 108	107	1495	
3 1492	1501	1497	
3 2448	2447	458	
3 1471	1473	1491	
3 2453	2448	2451	
3 1584	1586	1587	
3 1513	1515	1516	
3 2467	2466	129	
3 112	1529	1531	
3 1533	1550	1531	
3 371	1597	1602	
3 464	1528	1527	
3 1602	1619	326	
3 328	1496	1492	
3 546	1592	1591	
3 382	1473	1471	
3 150	2486	2487	
3 2257	2258	93	
3 34	1757	1758	
3 2510	2498	374	
3 1548	1555	1545	
3 1514	1513	1509	
3 2489	2488	116	
3 1577	1569	1574	
3 1526	1530	464	
3 1565	1569	467	
3 2493	2492	463	
3 459	1594	1601	
3 1598	1603	123	
3 1559	1548	1554	
3 122	1596	1598	
3 2501	2506	1603	
3 1543	1544	378	
3 1596	1600	459	
3 1532	375	1530	
3 1574	1569	376	
3 1532	1525	1542	
3 1495	1486	379	
3 463	2492	2496	
3 1476	382	1472	
3 2467	2470	2465	
3 2469	462	2467	
3 1526	551	1530	
3 2494	2496	2492	
3 329	1479	1483	
3 1509	381	1505	
3 448	2433	2432	
3 1470	317	1472	
3 2474	2475	2476	
3 366	2419	448	
3 101	1649	1647	
3 2472	2474	2465	
3 1470	1469	1463	
3 2469	2467	2468	
3 1500	328	1494	
3 374	2494	2501	
3 378	1554	1548	
3 1716	331	1725	
3 135	2520	2519	
3 1703	678	1704	
3 2413	2392	138	
3 2401	2413	447	
3 1666	1654	384	
3 2419	2412	137	
3 1652	1656	1650	
3 2272	2274	2275	
3 140	2404	2396	
3 2245	2247	2254	
3 2416	2424	142	
3 2424	2425	143	
3 3381	3391	708	
3 141	2417	2409	
3 2178	2181	429	
3 2400	2403	2417	
3 553	2281	2280	
3 2535	745	3329	
3 2450	2447	2449	
3 2143	475	2141	
3 2453	2454	146	
3 2525	147	2522	
3 2528	2527	222	
3 368	2486	455	
3 227	2543	2544	
3 2529	2531	2528	
3 2553	2552	149	
3 214	2556	2555	
3 2578	2579	2580	
3 2581	2580	2582	
3 3234	3253	3212	
3 2663	2669	541	
3 2594	564	2595	
3 2553	2615	544	
3 2539	2534	391	
3 2450	2449	370	
3 2135	236	2138	
3 537	2520	2631	
3 1648	102	1646	
3 1549	1551	114	
3 2497	2493	2495	
3 4513	4496	4502	
3 321	1902	1905	
3 151	2486	2579	
3 2583	2586	2587	
3 206	2657	2658	
3 2439	2441	2444	
3 541	2443	2661	
3 2734	2690	395	
3 203	2684	2685	
3 2443	2441	2442	
3 2730	2729	491	
3 2743	2744	2745	
3 159	2744	2743	
3 2788	570	2789	
3 1878	1877	408	
3 2693	2696	569	
3 2894	2895	2896	
3 567	3265	3284	
3 723	2868	2867	
3 162	2895	2894	
3 401	2915	2916	
3 2898	2899	2900	
3 2899	2898	164	
3 400	2855	2841	
3 2940	2937	2939	
3 2813	2790	196	
3 2841	399	2836	
3 2911	169	2908	
3 2914	2915	496	
3 2942	2944	174	
3 3026	3027	3028	
3 668	2993	2996	
3 169	2909	3029	
3 2913	2912	402	
3 2929	576	2910	
3 2855	2858	679	
3 2963	2967	1867	
3 196	2804	2813	
3 3005	335	3000	
3 2943	499	2944	
3 2986	2987	2988	
3 1867	1862	176	
3 1634	1632	181	
3 404	2989	2990	
3 2951	174	2964	
3 403	3011	2912	
3 1843	1847	1841	
3 1848	180	1844	
3 179	1837	1839	
3 2073	345	2071	
3 3006	3084	3086	
3 1864	682	1865	
3 1854	1839	1841	
3 339	1877	1872	
3 407	1849	1863	
3 178	1840	1838	
3 2945	574	2946	
3 404	2992	1835	
3 2750	451	2748	
3 2924	2346	2922	
3 3040	3041	3042	
3 576	2929	2928	
3 2987	2986	184	
3 170	3027	3026	
3 278	277	3035	
3 2917	2918	188	
3 3039	3038	506	
3 2801	2808	2797	
3 2862	2866	2346	
3 3448	3452	506	
3 2923	2921	189	
3 3102	412	3094	
3 3042	2912	187	
3 3045	577	3046	
3 182	3084	3083	
3 1857	1845	406	
3 2866	2871	191	
3 401	2922	2923	
3 3101	3095	413	
3 2832	2831	495	
3 3427	3429	3430	
3 2820	2812	195	
3 494	2799	2813	
3 3088	265	3087	
3 193	2854	2840	
3 3091	3090	508	
3 3423	3424	3425	
3 2794	198	2803	
3 3109	3108	510	
3 2606	2601	2603	
3 2738	1755	2824	
3 1960	260	1959	
3 2809	199	2818	
3 1970	1968	583	
3 333	2738	2824	
3 583	1972	1975	
3 253	1980	1981	
3 2733	2729	2731	
3 2706	2707	490	
3 2708	2657	2706	
3 2707	2705	205	
3 3134	3140	421	
3 2733	491	2729	
3 2065	2067	2063	
3 1983	1984	420	
3 3266	3268	3264	
3 3120	586	3121	
3 3183	3182	207	
3 2559	3285	3288	
3 247	3136	3145	
3 3182	3183	3184	
3 1981	254	253	
3 3274	566	3270	
3 255	2059	2061	
3 3357	2548	479	
3 1956	1957	511	
3 241	3308	3307	
3 3267	3286	3270	
3 2080	2084	2078	
3 565	2541	2603	
3 2557	215	2555	
3 1951	1952	426	
3 214	2559	2556	
3 62	2077	2075	
3 2099	684	2100	
3 2600	217	2605	
3 2006	2008	2009	
3 418	2071	2070	
3 2538	1751	2612	
3 2013	2011	56	
3 2607	218	2609	
3 2092	2082	424	
3 1751	2608	2612	
3 63	2074	2076	
3 2202	2206	86	
3 2532	2533	2531	
3 2189	2184	2188	
3 3323	3324	3325	
3 3324	3323	223	
3 2177	2178	429	
3 480	389	2543	
3 2358	2360	706	
3 2359	2362	2363	
3 226	3345	3344	
3 2127	528	2131	
3 2547	2543	2545	
3 2549	2547	2548	
3 430	2172	2174	
3 3365	559	3374	
3 2359	2348	2357	
3 562	3345	3349	
3 2182	2189	83	
3 391	2533	2532	
3 2175	430	2176	
3 307	306	1389	
3 2141	476	2140	
3 4606	4608	1398	
3 3096	3091	3094	
3 2351	2353	2350	
3 3353	3352	230	
3 527	2329	2331	
3 559	3362	3361	
3 3383	477	3380	
3 2326	70	2317	
3 2303	2305	433	
3 3129	3133	3140	
3 2320	2332	68	
3 558	474	3311	
3 3405	3406	3407	
3 2124	2125	2128	
3 237	2134	2136	
3 2321	2322	435	
3 234	3386	3370	
3 2114	320	2108	
3 1887	529	1888	
3 3404	3155	3400	
3 441	1928	1916	
3 588	3396	3395	
3 3399	244	3401	
3 2001	2002	2003	
3 3307	3309	242	
3 1892	1896	1888	
3 2046	2047	531	
3 3145	3122	247	
3 1922	532	1923	
3 3160	1982	3150	
3 3126	249	3135	
3 1912	1915	441	
3 3131	3145	516	
3 1925	1920	532	
3 246	3155	3144	
3 439	1934	1935	
3 3406	3405	239	
3 2335	2320	2333	
3 1764	442	1760	
3 1982	1979	252	
3 1639	597	530	
3 1978	1980	253	
3 319	1635	345	
3 1887	1888	1885	
3 1641	1642	1643	
3 1768	1765	1767	
3 1802	359	1798	
3 1026	1095	287	
3 2395	2399	2393	
3 3410	1953	259	
3 1961	1962	1965	
3 2432	2427	366	
3 3408	3409	3410	
3 139	2392	2390	
3 2072	2061	2063	
3 1806	1813	1788	
3 2414	688	2415	
3 261	1965	1963	
3 2630	2632	2633	
3 416	3110	3116	
3 3111	3110	416	
3 2637	2635	133	
3 3436	3438	3439	
3 2407	2397	446	
3 2897	163	2896	
3 341	1976	414	
3 2746	160	2745	
3 268	3424	3423	
3 3056	3061	3053	
3 451	2747	2748	
3 509	3424	3428	
3 2676	2681	707	
3 3110	3111	3108	
3 452	2445	2444	
3 417	1964	1965	
3 140	2389	2391	
3 3141	250	3151	
3 1914	1913	49	
3 2668	2670	542	
3 3093	3092	413	
3 738	2460	2458	
3 411	3036	3039	
3 3097	273	3096	
3 452	2441	2443	
3 3092	3093	3090	
3 154	2587	2588	
3 2580	2581	152	
3 276	3038	3039	
3 2618	2620	544	
3 505	3035	3036	
3 3067	282	3062	
3 325	2423	2429	
3 3059	3055	3052	
3 147	2523	2616	
3 3445	3444	579	
3 2590	606	2585	
3 690	457	369	
3 3054	3062	281	
3 2450	2452	458	
3 871	283	340	
3 284	283	871	
3 2446	2448	145	
3 282	3067	283	
3 2454	457	2524	
3 1593	1594	459	
3 340	3078	3081	
3 2519	2520	2521	
3 872	1001	285	
3 1001	286	285	
3 2472	2473	461	
3 3075	655	3073	
3 373	2495	2511	
3 871	3623	284	
3 1585	1584	1581	
3 3051	280	3058	
3 2552	2553	2554	
3 2505	2503	549	
3 287	1095	288	
3 2496	2498	463	
3 1124	288	1095	
3 3893	1026	1001	
3 2491	2493	126	
3 3886	3917	1027	
3 2502	2509	549	
3 1512	1526	464	
3 3073	3074	3075	
3 1590	1594	546	
3 4154	4180	1193	
3 4192	4217	1232	
3 1576	376	1573	
3 1191	291	1169	
3 1547	1553	377	
3 1095	1145	1124	
3 380	1512	1509	
3 377	1558	1554	
3 297	1268	1276	
3 1651	1647	1649	
3 1329	1326	1330	
3 1336	301	300	
3 1466	1661	1660	
3 1288	299	298	
3 377	1557	1562	
3 1858	573	1850	
3 304	1362	1371	
3 2282	2283	470	
3 308	307	1404	
3 310	1428	1427	
3 2264	387	2265	
3 1393	1378	1384	
3 2271	2276	2272	
3 1354	1356	1351	
3 678	1703	1711	
3 4329	1235	4321	
3 1581	466	1579	
3 1026	286	1001	
3 2651	2653	2650	
3 341	3100	1976	
3 2746	161	160	
3 2273	2283	553	
3 2308	2309	432	
3 2263	2264	472	
3 207	2657	3183	
3 2269	472	2266	
3 555	2245	2248	
3 2220	2223	88	
3 3365	3374	477	
3 3308	241	3311	
3 561	3359	3355	
3 2137	237	2136	
3 2139	2140	476	
3 2137	238	237	
3 3372	3375	560	
3 3355	3390	3351	
3 3527	2550	619	
3 3362	234	3360	
3 2545	2546	479	
3 3354	3356	3353	
3 224	3325	3326	
3 3338	3339	562	
3 2535	2530	483	
3 3344	3345	3346	
3 482	3327	3328	
3 3326	225	224	
3 2533	2534	483	
3 2530	2526	2528	
3 215	2557	2558	
3 2599	2601	2597	
3 487	3291	3288	
3 217	2593	2595	
3 2560	2561	486	
3 2558	216	215	
3 3271	621	3268	
3 3190	3192	3278	
3 2688	2690	2694	
3 3267	566	3266	
3 3212	3216	2711	
3 3184	3185	208	
3 2702	204	2701	
3 2687	2689	568	
3 2690	2693	569	
3 2730	2732	2684	
3 197	2790	2788	
3 2793	2797	2791	
3 748	2837	2842	
3 198	2787	2789	
3 2814	697	2815	
3 2806	2795	493	
3 2837	2836	399	
3 2828	2832	698	
3 189	2918	2919	
3 2913	2914	496	
3 1842	1838	1840	
3 1847	405	1841	
3 682	1864	1869	
3 1985	420	1984	
3 172	2952	2949	
3 2950	2954	2946	
3 2974	409	2941	
3 2946	2943	2945	
3 501	3030	3031	
3 501	3033	3034	
3 2928	2930	2931	
3 2900	2901	165	
3 278	3037	3047	
3 3050	3053	3048	
3 412	3102	3104	
3 280	3044	3046	
3 700	505	411	
3 278	3035	3037	
3 3447	3446	507	
3 3452	3448	3450	
3 3451	656	3450	
3 3038	3445	3448	
3 3093	3095	508	
3 3089	3091	272	
3 3429	581	3430	
3 3433	3436	3430	
3 3111	3113	510	
3 3109	3112	3087	
3 261	1960	1961	
3 1955	1956	511	
3 2062	2060	1981	
3 2067	418	2063	
3 683	1984	1986	
3 3061	410	3057	
3 248	3122	3120	
3 3125	3129	3123	
3 3146	3157	701	
3 249	3119	3121	
3 3146	701	3147	
3 3138	3127	515	
3 242	3309	3310	
3 635	3169	3168	
3 2079	2075	2077	
3 589	519	1637	
3 1905	1640	321	
3 1659	1667	552	
3 2008	590	2009	
3 2012	2015	2009	
3 2198	2199	2201	
3 2251	2249	2246	
3 2226	702	2224	
3 2221	2220	88	
3 2195	2191	84	
3 2198	2194	2196	
3 2377	593	2378	
3 2381	2382	2378	
3 2383	2384	2385	
3 2377	2378	2375	
3 2354	2355	526	
3 2352	2348	2350	
3 2327	71	2326	
3 527	2328	2329	
3 384	1654	1665	
3 2352	526	2356	
3 1891	529	1887	
3 1895	1830	1892	
3 672	713	762	
3 2017	2019	637	
3 531	439	1938	
3 2023	2013	2046	
3 1917	1918	1920	
3 532	1918	1919	
3 424	2082	2091	
3 1938	1943	531	
3 1192	1196	4383	
3 2113	884	2111	
3 2394	2390	2392	
3 600	536	1644	
3 2645	642	2641	
3 450	2750	2754	
3 2632	601	2633	
3 2636	2639	2633	
3 540	2764	2768	
3 2911	2909	169	
3 2902	2903	539	
3 2901	166	165	
3 603	2895	3458	
3 2761	2764	603	
3 2662	604	2663	
3 2666	2669	2663	
3 644	2672	2669	
3 2662	2663	2660	
3 2582	2585	543	
3 2584	2583	153	
3 2617	544	2614	
3 544	2617	2618	
3 406	1845	1856	
3 543	2592	2586	
3 465	1583	1581	
3 1601	1597	459	
3 1557	377	1553	
3 2481	2483	2485	
3 2648	548	2655	
3 2652	2637	2650	
3 2497	2499	2503	
3 549	2499	2502	
3 446	2397	2406	
3 2485	2648	609	
3 1487	379	1483	
3 378	1544	1547	
3 468	1655	1652	
3 1671	1672	1669	
3 471	2271	2269	
3 2289	1734	2286	
3 472	2264	2266	
3 733	2342	3608	
3 2239	89	2238	
3 2242	2244	2241	
3 558	2151	2154	
3 244	3394	3396	
3 3312	3313	557	
3 3310	243	242	
3 615	3406	3462	
3 2149	2151	615	
3 3363	616	3364	
3 3368	3373	3364	
3 3369	3374	559	
3 3363	3364	3361	
3 3357	3358	561	
3 3355	3351	3353	
3 3350	3348	3326	
3 481	3336	3338	
3 484	2606	2604	
3 2540	2541	3498	
3 2596	2594	2558	
3 2601	484	2597	
3 3243	3242	2727	
3 585	1991	3539	
3 3271	3274	3275	
3 3268	651	3264	
3 3189	3186	489	
3 3188	3187	209	
3 205	2702	2703	
3 2686	2687	568	
3 492	2808	2802	
3 2562	486	2561	
3 2792	2788	2790	
3 2797	492	2791	
3 3018	3022	724	
3 2742	3506	2740	
3 680	3010	3015	
3 2855	679	2842	
3 497	1846	1843	
3 1843	1850	573	
3 2949	574	2945	
3 627	575	1878	
3 607	2619	2622	
3 501	3031	3033	
3 2930	628	2931	
3 2934	2937	2931	
3 3045	3047	3049	
3 3053	503	3048	
3 3519	3101	3103	
3 3519	3563	3105	
3 3446	3447	3444	
3 507	412	3106	
3 414	3439	3440	
3 3517	411	3453	
3 581	3429	3432	
3 3436	509	3430	
3 1966	584	3420	
3 580	3519	3105	
3 1957	1958	417	
3 584	1956	710	
3 3412	3414	344	
3 3413	669	3412	
3 2064	2062	419	
3 419	1987	1991	
3 3124	3120	3122	
3 3129	514	3123	
3 746	3343	3527	
3 3137	515	3127	
3 3397	3395	3310	
3 3316	3170	556	
3 518	2083	2080	
3 2080	2087	589	
3 2011	590	2008	
3 637	591	1951	
3 890	1742	2267	
3 858	1824	1834	
3 428	2188	2184	
3 428	2187	2196	
3 593	2377	2380	
3 2366	2367	2381	
3 2093	589	2087	
3 686	2324	2336	
3 433	2307	2306	
3 2124	2123	2125	
3 435	2322	2323	
3 636	3485	2121	
3 1827	1828	443	
3 358	1817	1827	
3 440	1923	1930	
3 1829	1826	845	
3 1826	1829	640	
3 1950	599	1946	
3 535	2398	2395	
3 2395	2402	600	
3 2635	601	2632	
3 642	602	2433	
3 547	608	1582	
3 783	1618	853	
3 3459	3457	2746	
3 450	2758	2761	
3 2665	604	2662	
3 2666	2668	2671	
3 600	2402	2408	
3 2460	2462	690	
3 2620	2623	455	
3 2459	545	2457	
3 690	456	457	
3 641	3492	2431	
3 1583	1590	546	
3 1582	465	1580	
3 2470	462	2471	
3 814	1570	1610	
3 3670	3627	853	
3 2478	925	2479	
3 2288	554	2286	
3 1869	1873	682	
3 471	2270	2273	
3 1739	1740	646	
3 89	88	2223	
3 2244	555	2241	
3 428	2183	2187	
3 2226	2229	702	
3 3463	3461	2137	
3 3463	615	3461	
3 3367	616	3363	
3 3368	3372	3376	
3 565	620	2568	
3 695	3329	3331	
3 3339	3340	480	
3 2542	2539	2540	
3 482	3328	3330	
3 650	2571	2573	
3 2598	2596	485	
3 485	2564	2568	
3 3277	3192	3276	
3 3249	3264	651	
3 2807	625	2800	
3 840	2877	2875	
3 2689	2692	2709	
3 821	2857	2861	
3 2876	652	2825	
3 2698	624	2691	
3 570	2796	2793	
3 2793	2800	625	
3 2960	627	2956	
3 3320	754	3319	
3 2950	2953	2956	
3 2950	2956	627	
3 628	2930	2933	
3 2937	576	2931	
3 450	2754	2758	
3 449	2905	2903	
3 3050	3052	3055	
3 3050	3055	630	
3 505	700	504	
3 3442	582	3441	
3 581	3437	3433	
3 3433	3435	632	
3 3139	634	3132	
3 3060	630	3055	
3 586	3128	3125	
3 3125	3132	634	
3 3313	3314	557	
3 635	3172	3171	
3 597	1830	1831	
3 1711	1717	678	
3 2017	637	2012	
3 2020	1948	2018	
3 685	2178	2180	
3 2224	521	2222	
3 2358	2361	525	
3 2357	2358	525	
3 672	362	363	
3 1803	795	1804	
3 2421	2428	688	
3 2765	809	2766	
3 2636	2638	2641	
3 2636	2641	642	
3 2749	689	2748	
3 2903	2904	539	
3 2666	604	2668	
3 2673	2676	707	
3 692	1561	1564	
3 741	1567	1572	
3 2216	2237	2200	
3 2210	2211	2209	
3 2225	2228	613	
3 2228	2231	647	
3 694	2140	2142	
3 3316	556	3314	
3 3368	616	3372	
3 3378	3381	708	
3 696	2563	2567	
3 1986	1990	683	
3 3254	651	3262	
3 3261	2718	3263	
3 749	2826	2829	
3 789	2873	2825	
3 2971	2977	2969	
3 2671	2677	644	
3 628	2938	2934	
3 2778	2783	2936	
3 667	3646	3578	
3 289	1144	290	
3 579	3447	3451	
3 631	667	3453	
3 1970	1967	1968	
3 632	3435	3441	
3 3358	3357	479	
3 475	2143	2147	
3 831	798	762	
3 599	1929	1946	
3 1952	591	2039	
3 2365	2372	639	
3 1578	691	1575	
3 2516	2477	2513	
3 2434	602	2435	
3 2934	2936	654	
3 595	2314	3489	
3 2231	2299	647	
3 749	2830	2827	
3 3376	3382	649	
3 2687	2691	624	
3 3246	3250	3251	
3 3556	810	3557	
3 643	2767	2769	
3 631	3449	3106	
3 3646	631	3647	
3 681	2990	2991	
3 725	2991	2993	
3 3413	2073	711	
3 3540	3421	3538	
3 1782	1793	1780	
3 1820	1817	358	
3 1746	316	1745	
3 1187	1192	1168	
3 323	713	672	
3 1775	1773	362	
3 764	671	715	
3 671	324	715	
3 1546	1544	327	
3 1561	692	1557	
3 328	1490	1494	
3 1505	381	1500	
3 1508	719	1519	
3 676	1504	1508	
3 1480	721	1708	
3 1690	1620	1686	
3 1716	722	1717	
3 1672	1671	611	
3 2858	2863	679	
3 2834	2833	788	
3 404	2990	2992	
3 2997	3002	771	
3 3002	3007	709	
3 2995	335	2992	
3 1872	727	1873	
3 1858	1860	1866	
3 1986	1989	728	
3 419	1985	1987	
3 426	1952	348	
3 2093	2096	2104	
3 2176	2386	2388	
3 2210	909	806	
3 2322	2324	686	
3 2323	2325	434	
3 359	1796	1795	
3 712	1782	1780	
3 2427	735	2428	
3 2408	2411	2418	
3 367	2751	2749	
3 3509	2759	911	
3 2458	2460	369	
3 2621	2619	456	
3 1562	1565	467	
3 1579	1580	465	
3 1546	1552	674	
3 1568	376	1565	
3 2262	2252	387	
3 2268	2270	471	
3 744	2142	2145	
3 3565	816	2155	
3 3328	3329	695	
3 3330	3333	481	
3 2563	2566	747	
3 485	2562	2564	
3 698	2829	2828	
3 2807	2811	2819	
3 679	2863	2868	
3 749	2827	2826	
3 2975	2974	2941	
3 500	2959	2957	
3 3070	3517	972	
3 3060	3064	3068	
3 751	3163	3162	
3 3139	3143	3154	
3 2217	2201	2200	
3 521	2224	2227	
3 2768	2769	2770	
3 2773	2778	2906	
3 2159	2154	2158	
3 2147	2157	648	
3 1811	687	1804	
3 1830	597	1892	
3 2356	757	2360	
3 2365	639	2367	
3 2592	758	2681	
3 2673	2677	2671	
3 3359	759	3391	
3 3378	3382	3376	
3 2867	2881	723	
3 2832	2837	698	
3 3417	761	3418	
3 342	417	1958	
3 3419	3421	796	
3 3417	3415	761	
3 1775	762	714	
3 762	798	714	
3 673	316	1750	
3 1041	1142	1106	
3 713	764	762	
3 1768	1772	534	
3 1024	801	1000	
3 764	713	671	
3 1024	1039	982	
3 1804	687	1801	
3 1494	1499	676	
3 719	1508	1507	
3 329	1477	1479	
3 676	1499	1504	
3 1477	1478	720	
3 719	1511	1523	
3 1475	677	1472	
3 677	1480	1478	
3 1478	1481	720	
3 1482	1485	675	
3 1733	1726	1732	
3 1683	1687	1706	
3 724	3022	2914	
3 3010	3014	724	
3 335	2995	3000	
3 3010	680	3004	
3 2994	2998	773	
3 3004	680	3000	
3 2994	681	2991	
3 2997	725	2993	
3 727	1882	1881	
3 626	1871	1875	
3 728	1998	1997	
3 3161	3166	658	
3 2039	2041	729	
3 659	2028	2032	
3 774	2186	2208	
3 638	2187	2215	
3 2186	2212	730	
3 2232	901	2230	
3 2338	2339	733	
3 596	2331	2330	
3 2126	2130	528	
3 2364	706	2360	
3 1797	734	1798	
3 1821	756	1825	
3 735	2437	2436	
3 2483	3493	3495	
3 2757	778	2760	
3 643	2758	2767	
3 2757	2760	736	
3 2905	2771	703	
3 2464	738	2461	
3 607	2618	2619	
3 2461	738	2458	
3 662	2678	2679	
3 1553	1556	740	
3 1573	376	1568	
3 1560	740	1556	
3 1572	1575	741	
3 742	2291	2279	
3 902	3488	3487	
3 2148	2146	784	
3 899	3161	3163	
3 3173	3169	3171	
3 3316	704	3319	
3 3335	3337	746	
3 3333	3336	481	
3 2542	745	563	
3 664	3384	3385	
3 3251	3281	747	
3 3218	3222	2717	
3 787	2845	2844	
3 697	2814	2822	
3 819	2849	2843	
3 2823	2827	2830	
3 2979	2973	2970	
3 2779	2776	2777	
3 3170	754	635	
3 2143	694	2148	
3 730	2183	2186	
3 594	2387	2386	
3 2752	778	2757	
3 2765	737	3509	
3 3315	3313	474	
3 3315	3318	704	
3 3392	3528	617	
3 2148	2150	743	
3 687	1802	1801	
3 828	1803	1800	
3 2307	596	2313	
3 2339	2338	2336	
3 3556	2591	3611	
3 2621	690	2624	
3 2546	2551	618	
3 3337	3335	3331	
3 1993	1991	1987	
3 3104	3105	850	
3 3538	513	3537	
3 3417	3418	710	
3 831	764	800	
3 534	1778	1777	
3 715	799	764	
3 2236	2234	2235	
3 765	715	673	
3 765	799	715	
3 800	764	799	
3 1772	1776	534	
3 2237	752	2200	
3 1525	551	1523	
3 1485	1489	718	
3 2782	856	2774	
3 721	1467	1539	
3 1506	1503	1489	
3 1540	1693	1707	
3 1484	1493	768	
3 856	2775	2774	
3 3529	914	3393	
3 498	1876	3477	
3 3514	771	3535	
3 2999	681	2994	
3 3019	2998	3008	
3 3025	3020	3023	
3 3004	3009	772	
3 2355	2354	432	
3 910	2368	3489	
3 845	1815	1819	
3 1674	611	1671	
3 800	801	982	
3 1566	782	1563	
3 712	1779	1781	
3 829	777	1781	
3 2590	2591	606	
3 3503	912	2683	
3 1507	1511	719	
3 1871	878	1875	
3 2514	2517	2510	
3 2849	2850	788	
3 1537	767	1524	
3 740	1563	1561	
3 1521	1522	1524	
3 741	1564	1567	
3 1605	1604	813	
3 1618	815	1589	
3 3502	618	2551	
3 2164	755	2162	
3 3016	3009	3012	
3 3420	710	3418	
3 2697	569	2700	
3 857	3175	3174	
3 2859	2864	818	
3 2833	2838	788	
3 3021	2889	2886	
3 2834	749	2829	
3 724	3014	3018	
3 2874	789	822	
3 2214	730	2212	
3 790	2214	2234	
3 2760	2763	736	
3 791	2784	2782	
3 2167	2161	844	
3 3322	825	3321	
3 648	2157	2158	
3 2158	2162	755	
3 2156	2152	2160	
3 743	2150	2153	
3 763	798	834	
3 1809	795	1807	
3 3499	938	3500	
3 3769	3861	3704	
3 3419	797	3418	
3 3419	3422	797	
3 716	801	765	
3 1810	756	1811	
3 869	1749	1748	
3 1192	1187	1196	
3 1195	4373	4362	
3 890	2267	2279	
3 921	834	852	
3 1510	1520	802	
3 1481	1493	1484	
3 1511	1510	802	
3 2121	519	2093	
3 2978	2977	750	
3 2431	536	2408	
3 3172	825	792	
3 2891	805	3017	
3 2846	2856	2859	
3 1831	1832	530	
3 846	3603	1833	
3 3550	3552	3491	
3 660	2370	2371	
3 1781	834	808	
3 1944	847	1942	
3 609	2473	2479	
3 2886	2889	838	
3 912	3504	2683	
3 3505	2682	662	
3 1705	1713	1628	
3 1538	717	1525	
3 1552	1588	781	
3 1604	1605	781	
3 3601	1607	811	
3 814	1571	1570	
3 3659	3658	915	
3 2502	2508	610	
3 1571	782	1566	
3 815	1571	1589	
3 3209	2711	3206	
3 3173	751	3169	
3 914	3530	3393	
3 3531	3392	664	
3 1883	3730	1875	
3 2886	2864	770	
3 2856	2846	787	
3 2847	2845	2846	
3 820	2870	2860	
3 2848	819	2847	
3 818	2880	2887	
3 2691	2687	2688	
3 2839	822	2834	
3 821	2885	2852	
3 2211	774	2209	
3 855	2236	841	
3 2762	824	2760	
3 824	2762	2766	
3 825	3320	3321	
3 3177	3174	792	
3 2853	2857	821	
3 2163	2162	794	
3 2152	827	2150	
3 2155	2160	2152	
3 777	712	1781	
3 828	777	829	
3 808	846	1833	
3 795	1803	1807	
3 834	921	808	
3 599	1919	1929	
3 831	800	852	
3 798	831	834	
3 907	1678	1680	
3 1570	1606	1608	
3 908	3476	947	
3 1069	3765	3812	
3 870	999	1025	
3 2042	2032	2044	
3 1622	1682	1685	
3 3757	3610	3859	
3 1617	1541	1520	
3 3553	3640	888	
3 861	2477	2516	
3 783	853	645	
3 908	947	804	
3 826	844	3486	
3 833	3025	3516	
3 1994	633	1993	
3 3204	3202	2698	
3 2825	2873	2876	
3 3849	807	3662	
3 2111	2120	636	
3 3587	3557	3574	
3 2430	641	2426	
3 3606	951	2169	
3 3567	3566	913	
3 650	2570	2571	
3 3568	3581	3591	
3 845	1819	1824	
3 756	1810	1816	
3 831	852	834	
3 3483	3544	3546	
3 1941	533	1927	
3 354	1937	1935	
3 848	2512	2515	
3 2654	461	2655	
3 2688	2694	849	
3 3195	3201	2713	
3 1971	1969	905	
3 3846	797	3422	
3 3536	906	3481	
3 4010	4009	3867	
3 852	800	982	
3 3686	3710	3711	
3 860	983	864	
3 3627	3466	547	
3 3558	3575	3508	
3 2876	2879	652	
3 841	941	2298	
3 2230	2227	702	
3 2786	856	2785	
3 2771	2773	703	
3 1996	3536	3481	
3 3161	899	3166	
3 3552	909	3491	
3 2031	1947	2026	
3 1042	3638	3675	
3 884	2120	2111	
3 3670	864	3627	
3 2430	2426	887	
3 3670	3692	864	
3 864	3692	3932	
3 2878	865	2879	
3 2568	2564	2570	
3 865	2878	3616	
3 3508	3575	984	
3 3691	837	3465	
3 1614	814	1611	
3 2877	854	2875	
3 840	2874	2885	
3 1834	3603	3687	
3 1949	859	1950	
3 1607	3601	836	
3 1614	3465	837	
3 2872	2870	2869	
3 2892	2877	840	
3 870	27	26	
3 316	1746	1748	
3 25	24	1023	
3 1749	870	3845	
3 3065	3078	3066	
3 284	872	285	
3 3623	871	3081	
3 3763	872	3623	
3 3562	972	3517	
3 340	3066	3078	
3 1972	583	1968	
3 874	3103	3518	
3 1736	1733	722	
3 1733	1732	722	
3 3825	3794	1057	
3 803	1622	1685	
3 646	1742	890	
3 3475	929	1741	
3 1880	1879	575	
3 1881	878	1873	
3 3512	1058	3848	
3 3635	3672	3695	
3 2961	2962	653	
3 3620	930	2980	
3 1998	3159	3165	
3 1990	1997	881	
3 3166	3179	3625	
3 3540	3541	3571	
3 3178	3181	857	
3 3521	931	3176	
3 2056	729	2041	
3 884	3484	2120	
3 921	1004	3660	
3 776	3608	2342	
3 3674	3775	3817	
3 808	921	846	
3 2436	887	2428	
3 2430	2438	3735	
3 3510	809	3509	
3 3612	3663	780	
3 3495	3496	2656	
3 2430	3735	889	
3 742	2261	2256	
3 2293	890	2279	
3 892	3628	3475	
3 646	3474	1741	
3 2300	3488	936	
3 3629	891	3488	
3 2574	893	2567	
3 2573	895	938	
3 2161	827	2156	
3 619	746	3527	
3 2717	3222	3224	
3 3599	3530	914	
3 629	2976	2975	
3 2973	898	2970	
3 3762	880	3620	
3 653	2962	2970	
3 939	2780	3513	
3 3513	2985	939	
3 3173	3175	751	
3 3625	3179	857	
3 826	3738	3322	
3 3669	900	3625	
3 2232	752	2290	
3 2290	2292	901	
3 2292	855	2298	
3 1007	3866	3928	
3 2772	903	2771	
3 2772	2775	903	
3 3614	3615	2775	
3 942	3664	3666	
3 760	3846	1971	
3 1972	1968	1969	
3 3537	3539	3481	
3 633	1994	1996	
3 1691	907	1686	
3 1676	1677	1616	
3 1876	498	1858	
3 626	3476	1876	
3 2373	594	2372	
3 2369	2364	2370	
3 3662	987	3849	
3 2340	2341	2342	
3 2682	605	2674	
3 3503	2679	758	
3 3574	810	3759	
3 739	2628	2622	
3 3392	617	3379	
3 3529	3385	759	
3 3501	3555	817	
3 2166	3486	844	
3 1536	1615	991	
3 992	3025	3515	
3 3729	3856	1730	
3 2883	839	3632	
3 3692	3722	997	
3 3624	3738	3857	
3 1021	3760	3617	
3 796	3540	3571	
3 3695	3699	961	
3 3585	3650	3422	
3 2168	962	2169	
3 2166	844	2161	
3 852	982	1030	
3 1536	1534	1535	
3 928	3442	3532	
3 3071	655	3068	
3 3674	1031	3637	
3 3533	985	3470	
3 1930	1950	1937	
3 2048	2036	2051	
3 2471	2477	2478	
3 2482	2480	925	
3 3197	2708	2709	
3 3206	3208	2712	
3 3682	1038	3777	
3 3079	973	3074	
3 1974	3480	3532	
3 3594	928	3583	
3 1736	1739	1741	
3 1736	1741	929	
3 1880	575	2972	
3 2980	2972	653	
3 1998	3165	931	
3 3165	3176	931	
3 659	2033	2029	
3 2028	2022	2027	
3 3744	3605	886	
3 2132	975	2133	
3 2435	602	2656	
3 2479	2481	609	
3 3924	3925	1062	
3 3570	3472	3534	
3 2291	2297	936	
3 936	2294	2300	
3 3241	3240	2726	
3 2711	3209	3212	
3 3526	3745	895	
3 3500	938	3573	
3 2783	666	2981	
3 666	2776	2779	
3 3891	3786	990	
3 883	3661	3604	
3 2296	2295	1059	
3 2259	2277	2296	
3 809	3510	3560	
3 1060	3833	3842	
3 3777	1038	1022	
3 3520	850	3105	
3 1969	1971	1973	
3 3479	944	1973	
3 1995	2000	882	
3 3749	3748	966	
3 1727	876	1713	
3 1684	1689	946	
3 879	1875	3730	
3 879	3781	3698	
3 1729	1735	1615	
3 1059	3796	1081	
3 835	1541	3600	
3 3750	3808	1082	
3 3341	3343	3337	
3 3298	3296	3297	
3 2156	2165	920	
3 2169	951	2166	
3 3547	3548	3549	
3 932	3483	2055	
3 2048	2031	2036	
3 2057	969	2054	
3 3719	3721	3464	
3 3553	934	3496	
3 955	2481	2480	
3 954	964	970	
3 3813	3618	918	
3 937	3244	3256	
3 3210	2712	3208	
3 971	3225	3228	
3 3583	928	3569	
3 3520	3563	986	
3 3585	3584	959	
3 290	1169	291	
3 3849	3883	3490	
3 3025	833	3020	
3 3596	3504	912	
3 3786	951	3606	
3 3304	3306	2572	
3 3709	950	3684	
3 985	3533	866	
3 3533	3638	866	
3 954	3497	3630	
3 2484	3497	954	
3 3564	3522	956	
3 3683	962	3590	
3 3573	979	3500	
3 3737	3736	1035	
3 892	3474	3731	
3 3695	3696	3699	
3 3613	3666	3664	
3 3624	940	3181	
3 2032	2054	969	
3 2044	2040	2042	
3 3493	3494	970	
3 3496	934	2656	
3 957	3213	3217	
3 3236	2722	3231	
3 3578	3579	3562	
3 3071	3070	3073	
3 3680	3648	3520	
3 3769	993	3654	
3 775	2133	3754	
3 3744	1016	3605	
3 1638	3467	975	
3 2130	2126	2129	
3 3925	3534	3850	
3 889	3735	3800	
3 1645	3471	977	
3 2464	2463	779	
3 3802	3554	3829	
3 3526	895	3305	
3 2540	3498	979	
3 2542	563	2539	
3 1540	1707	1715	
3 1697	803	1627	
3 981	3634	3515	
3 3671	3635	961	
3 1274	4373	4383	
3 982	801	1024	
3 1619	3466	983	
3 860	2515	2517	
3 3506	984	2740	
3 2699	2697	862	
3 1640	3469	985	
3 866	1944	3478	
3 3682	3777	851	
3 3654	994	3593	
3 3482	3542	1044	
3 3847	941	841	
3 3941	954	3630	
3 942	2786	3664	
3 956	3230	3280	
3 3618	3761	868	
3 3874	3876	1056	
3 1194	292	1191	
3 1617	3728	1020	
3 1522	1541	835	
3 1021	3516	3636	
3 2891	2893	2889	
3 3569	928	3532	
3 3582	958	3592	
3 3569	3582	994	
3 3582	3593	994	
3 3930	943	3777	
3 3852	1027	3763	
3 3604	2000	883	
3 4021	3782	3977	
3 3719	3464	3711	
3 3465	3741	867	
3 2884	2861	2882	
3 3618	868	2890	
3 24	23	1094	
3 801	716	1000	
3 1041	1024	1000	
3 1189	1195	1172	
3 3622	873	3080	
3 286	1026	287	
3 3847	3942	941	
3 962	3707	3606	
3 2983	898	2973	
3 3750	3807	1060	
3 852	1030	1118	
3 1118	1004	921	
3 3814	1011	3768	
3 963	2057	2058	
3 3990	1139	3971	
3 3689	3780	3690	
3 1059	1081	1009	
3 3602	3752	967	
3 3832	1010	3807	
3 3869	3781	3811	
3 775	2132	2133	
3 3789	1047	3788	
3 3570	977	3472	
3 1012	3799	3827	
3 1130	4004	4031	
3 1032	3821	3822	
3 1120	3985	3962	
3 3946	988	3973	
3 965	3260	3283	
3 3716	1069	3834	
3 3820	3968	3940	
3 1038	3682	3778	
3 1015	3649	3705	
3 3079	3082	973	
3 3651	1011	3586	
3 807	3607	3662	
3 3850	3841	1017	
3 3574	3759	988	
3 1018	3526	3923	
3 817	3581	3568	
3 3283	3303	965	
3 3930	1093	3653	
3 3793	1064	3751	
3 3600	3751	915	
3 3515	3671	992	
3 3760	917	3617	
3 3819	1038	3778	
3 294	1198	1247	
3 1094	23	1123	
3 716	1749	3845	
3 982	1039	1030	
3 1214	1234	1196	
3 1023	1066	999	
3 1025	999	1066	
3 3763	3860	872	
3 3860	3893	1001	
3 3737	3884	973	
3 3871	1109	1022	
3 3686	3711	3464	
3 3895	1055	3868	
3 3633	3632	3631	
3 992	3694	3636	
3 1278	1294	1306	
3 1064	4016	3718	
3 1031	3533	3637	
3 3700	3713	3675	
3 1098	1030	1043	
3 3787	3821	1032	
3 4003	1028	3720	
3 3985	1033	3929	
3 3766	1003	3967	
3 3818	3726	3792	
3 1038	3819	3871	
3 3867	4009	3736	
3 1030	1039	1043	
3 3937	1065	1100	
3 3688	3561	3615	
3 3831	989	3806	
3 959	3584	3749	
3 966	3753	3858	
3 1078	1025	1066	
3 1168	1143	21	
3 1047	3724	3788	
3 2052	3543	952	
3 4405	1234	1254	
3 1045	3724	3787	
3 3702	3639	3677	
3 1949	847	1944	
3 1078	1142	1041	
3 3873	1054	3734	
3 3639	3702	1044	
3 2052	952	2050	
3 3787	3724	1047	
3 2058	3805	3743	
3 1046	3948	3790	
3 3662	3774	987	
3 1045	3715	3714	
3 1048	3824	3790	
3 1004	1118	1119	
3 3862	1073	3808	
3 1049	3839	3823	
3 1051	3815	3822	
3 1096	3918	3890	
3 1007	3928	3942	
3 3823	1051	3822	
3 3836	1071	3814	
3 1084	1086	1081	
3 1052	3945	3752	
3 3877	1087	3832	
3 3897	3869	3896	
3 3733	974	2337	
3 886	3549	3744	
3 976	2627	3609	
3 3755	1062	3809	
3 3739	978	3334	
3 1056	3740	3874	
3 1007	1089	1115	
3 3872	3628	3825	
3 3667	3853	1008	
3 3848	3882	3762	
3 3795	1072	1081	
3 1059	3847	2296	
3 3588	3655	3770	
3 1010	3833	3807	
3 3915	3914	3826	
3 3772	3773	1054	
3 3927	3809	3926	
3 3868	3755	3809	
3 3830	1018	1076	
3 3740	1056	3746	
3 3793	1020	3728	
3 1064	3793	3939	
3 3636	3694	3810	
3 1065	1037	4028	
3 24	1094	1023	
3 1078	1000	1025	
3 3851	1067	3622	
3 1067	3851	3885	
3 2516	3610	3756	
3 997	3722	3936	
3 2695	2699	3764	
3 4007	1029	3994	
3 3656	3782	3709	
3 3653	3593	995	
3 3843	3881	1080	
3 3814	3837	1011	
3 3922	3919	3921	
3 1009	1081	1086	
3 3890	3473	3856	
3 3866	1007	3894	
3 3880	1083	3881	
3 3864	3902	3901	
3 3904	3795	3883	
3 3839	3879	1050	
3 3888	3645	1008	
3 3988	1097	3965	
3 1123	1077	1094	
3 1172	1142	1077	
3 1066	1077	1078	
3 1078	1077	1142	
3 966	3892	1070	
3 4181	4207	4168	
3 1080	3837	3843	
3 4014	3915	1016	
3 3732	1059	2295	
3 1081	1072	1084	
3 3597	1060	3560	
3 4043	3877	1073	
3 1040	3785	3723	
3 1003	3937	3967	
3 3721	916	3464	
3 3941	3929	1033	
3 4066	4036	1083	
3 3703	3716	3726	
3 1088	1086	1084	
3 1009	1086	1089	
3 1087	3953	3906	
3 3832	3878	1010	
3 1184	1098	1106	
3 1113	3982	4024	
3 1086	1088	1089	
3 1088	4055	1115	
3 3809	3927	1075	
3 1079	3871	3870	
3 3906	1091	3878	
3 3910	1090	3980	
3 1198	293	1194	
3 1155	1144	1124	
3 1093	1022	1109	
3 3653	3931	996	
3 1123	23	22	
3 1077	1023	1094	
3 3886	1027	3852	
3 288	1124	289	
3 4019	3957	3974	
3 3729	3855	3889	
3 1058	3907	3882	
3 1097	3697	3933	
3 1043	1041	1106	
3 3879	4012	1050	
3 4033	3939	3912	
3 3947	4043	1073	
3 4028	1037	3988	
3 3857	3891	1006	
3 3931	3963	1110	
3 3861	1092	3704	
3 3935	990	3706	
3 1018	1138	1076	
3 3984	3960	3983	
3 3904	3950	1072	
3 3827	4006	1012	
3 3862	3947	1073	
3 3804	1013	3742	
3 3989	4045	1204	
3 1106	1154	1184	
3 1135	3982	3981	
3 1146	4086	4063	
3 1111	3956	3889	
3 1116	3910	3980	
3 1097	3933	3934	
3 3870	4013	4011	
3 1110	1129	4010	
3 4017	1129	1110	
3 4017	1110	3963	
3 1052	3974	3945	
3 3920	3911	1127	
3 3964	1112	3986	
3 3965	1097	3934	
3 1072	3950	4044	
3 1085	4075	3978	
3 1128	3964	3993	
3 4026	1114	3987	
3 1088	1115	1089	
3 3949	3894	1107	
3 3888	3887	1116	
3 3645	3767	1058	
3 1273	1198	1240	
3 4011	4081	1079	
3 1030	1098	1118	
3 1119	1118	1098	
3 4031	4060	1130	
3 1005	3674	3817	
3 3959	3982	1113	
3 4073	3999	1075	
3 1114	4026	4027	
3 3892	3940	1102	
3 3938	3879	1048	
3 1132	4049	4047	
3 21	1143	22	
3 21	20	1168	
3 1095	1026	4040	
3 4071	4040	1125	
3 1191	1169	1160	
3 1169	290	1144	
3 4132	4142	4083	
3 4057	1114	4027	
3 3974	3949	4019	
3 3957	1127	3956	
3 1112	3913	3958	
3 3964	1128	3965	
3 1167	4001	4123	
3 1179	4151	4154	
3 4060	1098	1133	
3 1048	3839	3824	
3 1084	4076	4095	
3 1131	4019	4020	
3 3981	4022	1135	
3 3959	1113	3920	
3 1142	1154	1106	
3 1135	4065	3982	
3 3948	4069	1134	
3 1134	4128	4120	
3 4034	1156	4035	
3 3993	4046	1136	
3 4155	4157	4088	
3 4015	4054	1138	
3 1012	4038	3840	
3 4092	4073	4090	
3 4015	1138	3923	
3 3905	3951	1105	
3 4081	4011	4053	
3 3940	3970	3972	
3 3919	3922	1103	
3 4076	1084	4044	
3 1099	4124	4145	
3 1090	3953	3978	
3 1172	1123	1143	
3 1123	22	1143	
3 19	1187	20	
3 1077	1123	1172	
3 1145	1155	1124	
3 1144	1155	1160	
3 1125	4070	4089	
3 3885	4062	3909	
3 4135	1146	4190	
3 1158	4048	4047	
3 1141	3947	4042	
3 1105	3951	3976	
3 4055	1088	4164	
3 4091	4103	1153	
3 3955	4096	4078	
3 1181	3996	4162	
3 4041	1137	4072	
3 1137	4038	4068	
3 4054	4083	1138	
3 4005	1151	3818	
3 1149	4126	4146	
3 3997	1173	4001	
3 4233	4103	1171	
3 4074	4112	4042	
3 1290	1306	1296	
3 4120	1122	3938	
3 1125	4102	1145	
3 4167	1145	4102	
3 1156	4063	4086	
3 4022	4035	1135	
3 1209	4236	4261	
3 1133	1098	1184	
3 1158	4051	4079	
3 4046	4048	1136	
3 4114	4113	4111	
3 4097	1164	4079	
3 4167	4193	1155	
3 294	293	1198	
3 4098	4105	4108	
3 294	1247	295	
3 4184	4121	4141	
3 4027	4052	4126	
3 4023	4065	1163	
3 1163	4064	4127	
3 1239	4281	4280	
3 4053	1167	4080	
3 4052	4050	1165	
3 4146	1165	4177	
3 4036	1166	3984	
3 1166	4141	4121	
3 4162	4000	4067	
3 4021	4056	1126	
3 19	18	1214	
3 1154	1142	1172	
3 1144	1160	1169	
3 1160	1188	1191	
3 3967	3994	1029	
3 4082	1170	4054	
3 1120	3962	4018	
3 1171	4068	4088	
3 1168	1189	1143	
3 20	1187	1168	
3 4082	4131	1170	
3 4080	4098	4053	
3 4258	4182	1205	
3 4132	4133	1152	
3 4237	1163	4194	
3 4112	4109	4113	
3 4235	1152	4133	
3 1188	1244	1198	
3 4233	4285	1178	
3 1180	4147	4151	
3 4144	4148	1201	
3 4179	4196	1175	
3 1176	4067	4161	
3 1235	4272	4321	
3 4143	4123	1173	
3 4150	1183	4147	
3 1173	3997	3996	
3 4298	4150	1176	
3 4173	4238	1174	
3 1263	296	295	
3 4147	1180	4143	
3 4180	4199	4202	
3 1172	1195	1154	
3 1157	4094	4163	
3 1211	4100	4137	
3 4133	4175	1177	
3 4268	4293	1217	
3 4117	4260	4097	
3 1214	18	1234	
3 1143	1189	1172	
3 4217	4192	4210	
3 4062	1208	4165	
3 1189	1168	1192	
3 1189	1192	1195	
3 4296	1177	4262	
3 1276	298	297	
3 1194	1191	1188	
3 292	291	1191	
3 19	1214	1187	
3 17	1241	1234	
3 4202	1190	4204	
3 4206	4181	1193	
3 1194	1188	1198	
3 293	292	1194	
3 16	1255	1241	
3 4405	1274	4383	
3 1255	1265	1241	
3 1241	1254	1234	
3 4308	4297	4310	
3 1313	1276	1287	
3 1240	1244	4287	
3 1244	1188	1160	
3 4166	4102	4101	
3 4138	4099	1117	
3 4033	1113	4124	
3 4018	4156	1120	
3 4237	1202	4148	
3 4145	4149	1200	
3 4249	4251	4252	
3 4149	4153	1200	
3 4153	4152	1203	
3 4249	4247	4178	
3 4028	1114	4160	
3 4029	4084	4059	
3 4230	4229	4146	
3 4045	4158	1204	
3 4230	4231	1206	
3 4130	4173	1174	
3 4182	1207	4244	
3 4269	4245	4264	
3 4138	4176	1129	
3 4263	4242	1199	
3 4353	1184	4362	
3 1163	4127	4194	
3 1153	4106	4104	
3 4110	1210	4107	
3 4136	1212	4137	
3 1211	4066	4100	
3 1213	4214	4186	
3 4121	4094	1140	
3 4286	4225	1212	
3 4190	4189	1225	
3 1234	18	17	
3 1196	1187	1214	
3 1229	4215	4209	
3 4200	4202	4199	
3 4178	1203	4152	
3 1215	4291	4250	
3 4312	1251	4291	
3 4319	1261	4255	
3 1218	4262	4240	
3 4310	4315	4253	
3 4191	4134	1226	
3 1219	4165	4191	
3 4241	4242	4176	
3 4211	4166	4192	
3 4270	4140	4275	
3 4146	4177	4195	
3 4163	4183	1223	
3 1140	4094	4076	
3 1223	4183	4185	
3 4135	4086	1146	
3 1260	4302	4353	
3 4284	1224	4186	
3 4163	4188	1157	
3 4185	4187	1223	
3 1208	4085	4134	
3 1235	1230	4317	
3 4267	1227	4263	
3 1227	1235	1220	
3 1284	4374	4420	
3 4171	4257	1185	
3 1224	1231	4215	
3 1225	4189	4209	
3 4317	1230	4217	
3 4318	1232	4327	
3 1251	4292	4265	
3 4267	4271	1236	
3 1244	4227	4287	
3 4193	1160	1155	
3 4307	1243	4311	
3 1176	4161	4283	
3 16	1241	17	
3 16	15	1255	
3 4272	1227	4267	
3 1271	1287	1268	
3 4288	4203	4254	
3 1336	300	1312	
3 4253	4333	4201	
3 4441	1273	4366	
3 1243	4295	4324	
3 4325	1236	4271	
3 4320	4252	1185	
3 4221	1186	4212	
3 1263	1268	296	
3 295	1247	1263	
3 1255	15	1266	
3 1254	1241	1265	
3 4314	1256	4294	
3 4340	1242	4333	
3 4274	1217	4294	
3 4262	1218	4296	
3 4193	4226	4227	
3 1198	1244	1240	
3 4327	1245	4318	
3 4327	4331	1245	
3 1296	1285	1269	
3 4344	4345	1264	
3 1240	1245	4332	
3 1273	1247	1198	
3 4347	1224	4284	
3 4323	1239	4292	
3 1209	4303	4286	
3 1249	4257	4344	
3 1228	4303	4348	
3 4289	1261	4322	
3 4265	4291	1251	
3 1253	4323	4312	
3 4403	4407	1295	
3 4322	4337	1248	
3 1249	4336	4335	
3 4330	4341	4324	
3 1341	1343	1345	
3 1265	1255	1270	
3 14	1266	15	
3 13	1275	14	
3 4314	4313	4306	
3 4313	4314	4294	
3 4339	1257	4365	
3 4341	4343	4334	
3 4316	4354	1257	
3 1291	4355	4360	
3 4321	1236	4338	
3 1313	1288	1276	
3 1246	4362	4373	
3 1269	4424	1265	
3 4097	4232	1164	
3 1221	4270	4276	
3 4281	1262	4276	
3 4361	4337	4346	
3 4441	1247	1273	
3 296	1268	297	
3 1250	4347	4352	
3 4372	4381	1295	
3 1255	1266	1270	
3 1275	1278	1266	
3 13	12	1286	
3 1290	1270	1278	
3 1295	4381	4403	
3 4357	4368	4415	
3 1271	1263	1247	
3 1268	1263	1271	
3 1372	1391	1380	
3 4349	1264	4345	
3 14	1275	1266	
3 1269	1265	1270	
3 4427	4397	4432	
3 1288	1312	299	
3 4337	4361	1267	
3 1329	1325	1326	
3 4332	4356	1240	
3 1259	4366	4356	
3 1283	4423	4424	
3 4423	1274	4405	
3 11	1310	12	
3 1266	1278	1270	
3 1268	1287	1276	
3 298	1276	1288	
3 1270	1290	1269	
3 1291	4367	4355	
3 1275	13	1286	
3 1286	1294	1275	
3 1292	4359	4370	
3 4330	4342	1258	
3 4384	4420	4374	
3 1277	4351	4350	
3 4361	4404	1267	
3 4367	1291	4377	
3 1272	4367	4377	
3 4366	4440	1282	
3 4417	4348	1260	
3 4375	4374	4416	
3 1285	4448	1269	
3 1283	4448	4420	
3 1349	1306	1309	
3 4393	4418	4442	
3 1317	1294	1286	
3 1290	1278	1306	
3 4481	1282	4452	
3 4357	4428	4440	
3 1282	4481	1271	
3 299	1312	300	
3 4414	4445	4350	
3 4389	4395	4392	
3 1278	1275	1294	
3 1269	1290	1296	
3 4369	1258	4359	
3 4371	1291	4360	
3 4386	4378	1292	
3 4378	1279	4369	
3 4429	4448	4466	
3 1293	4416	4429	
3 12	1310	1286	
3 1310	1343	1317	
3 4336	1307	4403	
3 4404	4372	4382	
3 1347	1345	1346	
3 1309	1350	1349	
3 4387	1300	4380	
3 301	1351	302	
3 1292	4370	4379	
3 4394	1300	4392	
3 4376	4365	4354	
3 4412	4410	4407	
3 4371	4380	1291	
3 4388	1302	4387	
3 4394	4397	1301	
3 1272	4427	4415	
3 4396	4390	1299	
3 1300	4387	4389	
3 4391	4400	4395	
3 1328	1329	1331	
3 4379	4418	1299	
3 4411	4406	4408	
3 4428	4436	1316	
3 4357	1259	4332	
3 1317	1286	1310	
3 1294	1309	1306	
3 4351	1264	4349	
3 4412	1289	4410	
3 4435	1314	4430	
3 4501	1348	4470	
3 1347	1341	1345	
3 4457	4459	1334	
3 10	1335	11	
3 1309	1343	1341	
3 4452	4439	1324	
3 1338	1319	1328	
3 1319	1288	1313	
3 1319	1312	1288	
3 1287	1271	4481	
3 1313	1287	1318	
3 4430	1314	4414	
3 4447	4445	4446	
3 1321	1285	1296	
3 4492	4488	4450	
3 4432	4434	1305	
3 1316	4437	4439	
3 1310	11	1335	
3 1309	1294	1317	
3 1311	1326	1318	
3 1318	1325	1313	
3 1319	1313	1325	
3 1312	1319	1338	
3 4466	1285	4472	
3 1308	4473	4442	
3 1343	1309	1317	
3 4515	1374	4495	
3 1303	4411	4426	
3 4436	4437	1316	
3 1297	4402	4397	
3 1344	4500	1333	
3 4439	4438	1324	
3 1327	4451	1342	
3 1311	1324	1327	
3 1318	1326	1325	
3 1311	1327	1326	
3 1319	1325	1329	
3 1355	1356	1366	
3 301	1336	1351	
3 1331	1329	1330	
3 1328	1331	1332	
3 1330	1326	1327	
3 1319	1329	1328	
3 1333	1330	1339	
3 1332	1331	1333	
3 1330	1327	1339	
3 1351	1356	1355	
3 1331	1330	1333	
3 1373	1371	1362	
3 1327	1342	1339	
3 1367	1368	1366	
3 4444	1334	4409	
3 4457	4444	4456	
3 9	1346	10	
3 1345	1335	1346	
3 1336	1354	1351	
3 1354	1336	1338	
3 4501	4467	1308	
3 1344	1333	1339	
3 1332	1338	1328	
3 1336	1312	1338	
3 1327	1324	4451	
3 4425	4454	1323	
3 1361	4518	4517	
3 4443	4468	1337	
3 1346	9	1358	
3 1365	7	1372	
3 4454	4462	4463	
3 1342	4477	1339	
3 1310	1335	1343	
3 1345	1343	1335	
3 4474	4483	4482	
3 1378	306	305	
3 1346	1335	10	
3 9	8	1358	
3 1346	1358	1364	
3 7	6	1372	
3 1379	1372	6	
3 4509	1349	1350	
3 4419	1289	4470	
3 4431	4418	1281	
3 1350	1309	1341	
3 1321	1296	1349	
3 1359	1350	1341	
3 4525	1361	4517	
3 302	1355	303	
3 302	1351	1355	
3 4446	4435	4480	
3 4477	4464	4471	
3 4467	4496	1352	
3 4491	4477	4471	
3 1338	1332	1354	
3 1355	1362	303	
3 1363	1354	1332	
3 1357	1332	1333	
3 1363	1356	1354	
3 304	303	1362	
3 1353	4484	4486	
3 1384	1368	1402	
3 7	1365	8	
3 1365	1364	1358	
3 1346	1364	1347	
3 4495	4509	4515	
3 1391	1396	1400	
3 4469	4476	4458	
3 1361	4525	4531	
3 4484	1353	4462	
3 1356	1363	1367	
3 1355	1366	1362	
3 1332	1357	1363	
3 1363	1357	1367	
3 1358	8	1365	
3 4525	4529	1360	
3 6	5	1379	
3 1365	1380	4530	
3 1356	1367	1366	
3 1366	1373	1362	
3 1367	1357	4551	
3 304	1371	305	
3 4500	1344	4493	
3 308	1404	1409	
3 4494	4495	4510	
3 4513	4506	1352	
3 1374	4515	4518	
3 4506	4514	4482	
3 1373	1384	1371	
3 305	1371	1378	
3 5	4	1390	
3 1365	1372	1380	
3 1366	1368	1373	
3 1368	1384	1373	
3 1374	4522	4527	
3 4527	4497	4510	
3 4529	4530	1360	
3 4539	1394	4538	
3 1370	4507	4486	
3 4491	4493	1344	
3 1387	4532	4535	
3 4545	1357	4500	
3 1384	1378	1371	
3 306	1378	1389	
3 4	3	1405	
3 4534	4533	1375	
3 1379	1391	1372	
3 5	1390	1379	
3 4511	4526	1376	
3 4512	4511	1376	
3 1382	4519	4521	
3 4514	1370	4482	
3 1383	4476	4475	
3 4504	4505	4503	
3 1357	4545	4551	
3 307	1389	1404	
3 1381	4548	4539	
3 1397	4544	4549	
3 1386	4514	4524	
3 1386	4524	4528	
3 4498	4505	1383	
3 4475	4498	1383	
3 1386	4528	4547	
3 1389	1378	1393	
3 4544	1388	4499	
3 1389	1393	1399	
3 1410	1405	3	
3 1405	1410	1403	
3 1390	1396	1379	
3 1379	1396	1391	
3 4542	1385	4526	
3 1395	4554	4569	
3 1395	1402	1368	
3 4584	1393	1402	
3 4533	4555	1375	
3 1394	4539	4556	
3 4550	1388	4544	
3 4558	1397	4549	
3 4	1405	1390	
3 1421	1426	1438	
3 4546	4552	1392	
3 1446	4624	4627	
3 1384	1402	1393	
3 308	1409	309	
3 4569	1402	1395	
3 1403	1396	1390	
3 4546	1392	4547	
3 1395	4553	4554	
3 1400	1396	1403	
3 4561	4559	1397	
3 1426	1410	1419	
3 1412	4576	4570	
3 1389	1399	1404	
3 1404	1399	1409	
3 1410	3	2	
3 1403	1390	1405	
3 4565	4548	1375	
3 4572	1407	4564	
3 4563	4570	4566	
3 4589	1422	4586	
3 1409	4594	4595	
3 310	309	1414	
3 309	1409	1414	
3 1	1419	2	
3 1432	1438	1426	
3 4564	1407	4560	
3 4562	4568	1417	
3 1421	1400	1403	
3 4560	1407	4557	
3 1413	4556	4566	
3 4580	1416	1420	
3 1399	4584	4594	
3 310	1427	311	
3 4607	1447	4596	
3 1419	1410	2	
3 1407	4572	1411	
3 4588	4590	1439	
3 4593	1423	1428	
3 1421	4576	1400	
3 4564	4571	1420	
3 1429	1	0	
3 1403	1426	1421	
3 4571	1413	4566	
3 1421	4598	4578	
3 1403	1410	1426	
3 4620	4604	1437	
3 1402	4583	4584	
3 4594	4584	4586	
3 1443	4598	4602	
3 1423	1427	1428	
3 1429	1424	1431	
3 1440	4607	4590	
3 1431	1419	1	
3 1426	1431	1432	
3 1428	4595	4593	
3 1428	310	1414	
3 1423	1430	1408	
3 4592	4593	1422	
3 1429	1431	1	
3 4589	4586	4587	
3 1432	1431	1424	
3 1426	1419	1431	
3 1424	1415	1432	
3 1415	1437	1438	
3 4573	1417	4568	
3 1408	1430	4591	
3 1433	4588	4587	
3 1408	4591	4603	
3 1450	4611	4610	
3 1435	1441	1445	
3 4631	4627	1442	
3 4570	4577	1418	
3 1415	1438	1432	
3 4602	4598	1437	
3 1417	4581	4569	
3 4591	1430	4592	
3 1444	4574	4597	
3 4574	1440	4575	
3 4629	4625	4628	
3 1445	1441	314	
3 314	315	1442	
3 1416	4580	1425	
3 4597	4601	1444	
3 1447	4607	4610	
3 1454	4619	1457	
3 4634	1451	4632	
3 1456	1458	313	
3 4596	1434	4590	
3 4609	1444	4601	
3 4610	4611	1447	
3 4580	4585	1425	
3 4624	4626	314	
3 1449	4605	4604	
3 4630	4623	4625	
3 4621	1452	4618	
3 4612	4619	1454	
3 4604	4617	1449	
3 4634	4640	1445	
3 4621	4623	1452	
3 1446	4622	4624	
3 4612	1454	4613	
3 1457	1456	1453	
3 4615	1398	4608	
3 1454	1457	1453	
3 4632	1451	4629	
3 1459	1458	1456	
3 1446	4631	1459	
3 1446	1459	1457	
3 1459	1456	1457	
3 1436	1458	1459	
3 1657	1662	1461	
3 1657	103	1653	
3 1460	103	1461	
3 1461	330	1462	
3 1462	1464	1463	
3 1464	1462	330	
3 1470	382	1469	
3 1465	1464	330	
3 1470	1464	317	
3 1466	1465	330	
3 1539	1466	469	
3 383	1656	1661	
3 383	1650	1656	
3 317	1465	1467	
3 1466	1467	1465	
3 1471	1469	382	
3 1463	105	1468	
3 105	1463	1469	
3 1464	1470	1463	
3 1475	1472	317	
3 382	1476	1473	
3 1469	1474	105	
3 1476	1472	677	
3 382	1470	1472	
3 329	1483	1486	
3 1491	106	1471	
3 317	1467	1475	
3 1471	106	1474	
3 721	1475	1467	
3 1477	1476	677	
3 1473	1476	329	
3 1478	1477	677	
3 1477	720	1479	
3 1480	677	1475	
3 1481	1478	769	
3 1482	1479	720	
3 1483	379	1486	
3 721	1480	1475	
3 769	1478	1480	
3 1481	1517	1488	
3 720	1484	1482	
3 1484	720	1481	
3 1485	1482	768	
3 1479	675	1483	
3 1487	1483	675	
3 1493	1481	1488	
3 768	1482	1484	
3 1489	1485	768	
3 1490	1485	718	
3 1486	1495	1491	
3 329	1486	1473	
3 1490	675	1485	
3 1487	328	1492	
3 1517	1481	769	
3 832	1518	1534	
3 1493	1498	1502	
3 1503	766	1504	
3 1490	718	1494	
3 1487	675	1490	
3 106	1491	107	
3 1473	1486	1491	
3 1500	1496	328	
3 1492	1496	1501	
3 1488	1498	1493	
3 1502	768	1493	
3 1499	1494	718	
3 1500	1494	676	
3 1495	379	1497	
3 107	1491	1495	
3 1516	381	1513	
3 1497	1501	108	
3 1495	1497	108	
3 379	1492	1497	
3 980	1498	1488	
3 766	1503	1506	
3 1503	1499	718	
3 1499	1503	1504	
3 1505	1500	676	
3 1496	1500	381	
3 1516	1501	1496	
3 109	108	1501	
3 1502	1518	1506	
3 1489	768	1502	
3 718	1489	1503	
3 1506	1489	1502	
3 1507	1504	766	
3 1504	1507	1508	
3 1508	1505	676	
3 1509	1505	380	
3 1518	1502	1498	
3 1506	832	1520	
3 1510	1507	766	
3 1507	1510	1511	
3 719	1523	1519	
3 1505	1508	380	
3 1526	1512	380	
3 1509	1512	1514	
3 766	1506	1510	
3 1520	1510	1506	
3 802	1521	1511	
3 1511	1521	1523	
3 464	1527	1512	
3 1513	1514	110	
3 1515	109	1516	
3 381	1509	1513	
3 1527	1514	1512	
3 111	110	1514	
3 1501	1516	109	
3 1513	110	1515	
3 1496	381	1516	
3 1517	769	1540	
3 1488	1517	1718	
3 1534	1518	1498	
3 832	1506	1518	
3 1529	1530	375	
3 380	1508	1519	
3 1536	1617	832	
3 1520	1541	1522	
3 1522	1521	802	
3 1523	1521	767	
3 1520	1522	802	
3 1521	1524	767	
3 1525	1523	767	
3 1519	1523	551	
3 1522	835	1524	
3 1537	835	811	
3 1538	1525	767	
3 1525	717	1542	
3 380	1519	1526	
3 551	1526	1519	
3 1529	1528	464	
3 1514	1527	111	
3 1528	1529	112	
3 111	1527	1528	
3 1530	1529	464	
3 1529	375	1531	
3 375	1532	327	
3 1533	375	327	
3 112	1531	113	
3 1530	551	1532	
3 1532	551	1525	
3 1543	1533	327	
3 1545	1551	1543	
3 980	1535	1498	
3 1534	1498	1535	
3 1615	1535	980	
3 1534	1536	832	
3 1615	1536	1535	
3 991	3728	1617	
3 835	1537	1524	
3 813	1604	1612	
3 767	1537	1538	
3 1537	717	1538	
3 1695	1699	1616	
3 1616	1691	1695	
3 1708	769	1480	
3 1695	1698	1539	
3 1617	1520	832	
3 3600	915	3658	
3 1552	1546	1542	
3 327	1532	1542	
3 1544	1543	327	
3 1545	1543	378	
3 1546	327	1542	
3 1544	674	1547	
3 1548	1545	378	
3 1531	1550	113	
3 1542	717	1552	
3 674	1544	1546	
3 1553	1547	674	
3 1554	1547	377	
3 378	1547	1554	
3 1545	1555	114	
3 1549	113	1550	
3 1550	1551	1549	
3 1551	1550	1533	
3 1543	1551	1533	
3 1551	1545	114	
3 1588	1552	717	
3 1552	781	1556	
3 1556	1553	674	
3 1557	1553	740	
3 377	1562	1558	
3 1559	115	1548	
3 1552	1556	674	
3 1548	115	1555	
3 1560	812	1563	
3 1561	1557	740	
3 1562	467	1558	
3 2488	2489	2490	
3 1559	116	115	
3 1554	1558	1559	
3 1559	1558	2489	
3 1556	781	1560	
3 1605	1560	781	
3 740	1560	1563	
3 1564	1561	782	
3 1557	692	1562	
3 1565	376	1569	
3 1566	1563	812	
3 782	1561	1563	
3 1567	1564	782	
3 1568	1564	741	
3 1562	692	1565	
3 1568	692	1564	
3 1570	1566	812	
3 1571	815	1567	
3 1571	1567	782	
3 1567	815	1572	
3 1568	741	1573	
3 1565	692	1568	
3 1576	1574	376	
3 117	2490	1577	
3 1606	812	1605	
3 1607	1608	1606	
3 1570	1571	1566	
3 1589	1571	814	
3 815	783	1572	
3 1575	691	1573	
3 1575	1573	741	
3 1576	1573	691	
3 1587	466	1584	
3 1559	2489	116	
3 1572	783	1575	
3 1578	1575	783	
3 1579	1576	691	
3 1574	1576	466	
3 1587	1577	1574	
3 118	117	1577	
3 783	645	1578	
3 1582	1580	1578	
3 1580	1579	691	
3 1581	1579	465	
3 691	1578	1580	
3 1582	1578	645	
3 1590	1583	465	
3 1581	1583	1585	
3 547	1582	645	
3 1590	1582	608	
3 546	1591	1583	
3 1584	1585	119	
3 1586	118	1587	
3 466	1581	1584	
3 1591	1585	1583	
3 120	119	1585	
3 1577	1587	118	
3 1584	119	1586	
3 1574	466	1587	
3 1537	1612	717	
3 1612	1604	1588	
3 1614	1589	814	
3 815	1618	783	
3 1582	1590	465	
3 1594	1590	608	
3 1593	1592	546	
3 1585	1591	120	
3 1592	1593	121	
3 120	1591	1592	
3 1594	1593	546	
3 1596	1599	1600	
3 1594	608	1601	
3 1596	122	1599	
3 1600	121	1593	
3 1597	1596	459	
3 122	1598	123	
3 1597	1601	1602	
3 1596	371	1598	
3 1603	1598	371	
3 122	1595	1599	
3 1599	1595	1600	
3 121	1600	1595	
3 459	1600	1593	
3 608	547	1601	
3 1601	547	1602	
3 1619	1602	547	
3 326	371	1602	
3 371	326	1603	
3 2507	326	2510	
3 781	1588	1604	
3 717	1612	1588	
3 1606	1605	813	
3 1605	812	1560	
3 1607	1606	813	
3 812	1606	1570	
3 811	1607	813	
3 1608	1607	1609	
3 1609	1607	836	
3 1570	1608	1610	
3 1614	1613	916	
3 814	1610	1611	
3 1608	1609	1610	
3 1611	1610	1609	
3 1613	1611	1609	
3 1614	837	1589	
3 1537	811	1612	
3 813	1612	811	
3 1609	836	1613	
3 3601	3659	836	
3 1613	1614	1611	
3 867	3691	3465	
3 1707	803	1714	
3 1615	1735	1738	
3 1700	1616	1699	
3 1672	1676	1621	
3 991	1617	1536	
3 1020	1541	1617	
3 1589	837	1618	
3 853	1618	837	
3 3466	1619	547	
3 2514	2510	326	
3 1686	907	1682	
3 1620	1690	1694	
3 1660	552	1670	
3 1676	1672	1673	
3 1682	907	1680	
3 1622	1693	1690	
3 1659	1652	1655	
3 1623	1666	1668	
3 1673	1675	1624	
3 1681	1625	1680	
3 1677	1678	907	
3 1684	1688	1625	
3 1678	1679	1626	
3 1626	1683	1681	
3 1627	1688	1692	
3 1697	1627	1692	
3 1674	875	1705	
3 876	1706	1713	
3 1696	946	1689	
3 1730	1629	1696	
3 1737	1629	960	
3 1729	980	1728	
3 180	1633	1631	
3 338	1632	1634	
3 338	318	1632	
3 318	3001	3006	
3 1852	1633	1848	
3 1631	1633	1634	
3 338	1634	1633	
3 2068	256	2066	
3 3409	3411	344	
3 423	2078	2084	
3 1635	258	1636	
3 1637	519	1638	
3 3467	1638	519	
3 1638	975	2129	
3 437	1888	1896	
3 1639	530	1640	
3 3469	1640	530	
3 1941	1640	985	
3 1643	257	1641	
3 1643	1635	257	
3 2070	1642	2068	
3 1642	345	1643	
3 1635	1643	345	
3 445	2393	2399	
3 1644	536	1645	
3 3471	1645	536	
3 2459	1645	977	
3 1649	1719	100	
3 1646	1647	1648	
3 1646	101	1647	
3 468	1650	1648	
3 1650	383	1663	
3 1709	1720	98	
3 1647	1651	468	
3 1652	1650	468	
3 1657	1663	383	
3 1654	1651	1649	
3 1652	1659	552	
3 1655	468	1651	
3 1652	552	1656	
3 383	1662	1657	
3 1663	102	1648	
3 1649	1658	1654	
3 1654	1658	1665	
3 1654	1655	1651	
3 1655	1666	1659	
3 1660	1656	552	
3 1656	1660	1661	
3 1461	103	1657	
3 1702	1649	100	
3 1658	385	1665	
3 1655	1654	1666	
3 1667	1659	1623	
3 1670	552	1667	
3 469	1466	1660	
3 1466	330	1661	
3 1662	330	1461	
3 383	1661	1662	
3 330	1662	1661	
3 1657	1653	1663	
3 1663	1653	102	
3 99	1701	1664	
3 1658	1649	1702	
3 1703	1665	385	
3 1665	1703	1704	
3 1668	1666	384	
3 1623	1659	1666	
3 1623	1669	1667	
3 1621	1700	1670	
3 1665	1704	384	
3 875	1674	1712	
3 1669	1623	1671	
3 1670	1669	1621	
3 1670	1667	1669	
3 469	1660	1670	
3 1623	1668	1671	
3 1705	1675	1674	
3 1673	1672	611	
3 1621	1669	1672	
3 1675	1673	611	
3 1673	1624	1676	
3 1671	1668	1674	
3 1668	1704	1712	
3 1674	1675	611	
3 1626	1687	1683	
3 1677	1676	1624	
3 1700	1676	1616	
3 1678	1677	1624	
3 1691	1677	907	
3 1679	1678	1624	
3 1678	1626	1680	
3 1624	1675	1679	
3 1628	1679	1675	
3 1681	1680	1626	
3 1682	1680	1625	
3 1687	1626	1679	
3 1625	1681	1684	
3 1685	1682	1625	
3 1686	1682	1622	
3 1689	1683	876	
3 1684	946	1688	
3 1681	1683	1684	
3 1689	1684	1683	
3 1688	1685	1625	
3 803	1685	1627	
3 1690	1686	1622	
3 1691	1686	1620	
3 1679	1628	1687	
3 1683	1706	876	
3 1692	1688	946	
3 1685	1688	1627	
3 3602	1689	876	
3 1629	1697	1696	
3 1693	1622	803	
3 1694	721	1698	
3 1695	1691	1620	
3 1677	1691	1616	
3 1696	1692	946	
3 1697	1630	803	
3 1707	1693	803	
3 1694	1693	1540	
3 1693	1694	1690	
3 1708	1540	769	
3 1698	1695	1620	
3 1699	1695	1539	
3 3602	1696	1689	
3 1696	3602	1730	
3 1696	1697	1692	
3 1629	1630	1697	
3 1694	1698	1620	
3 1539	1698	721	
3 1539	469	1699	
3 1700	1699	469	
3 1670	1700	469	
3 1676	1700	1621	
3 1701	1709	1710	
3 1664	1701	1702	
3 385	1702	1701	
3 1710	1703	385	
3 1703	1710	1711	
3 1712	1704	678	
3 1668	384	1704	
3 1705	1726	1713	
3 1628	1675	1705	
3 1687	1628	1706	
3 1713	1706	1628	
3 1714	803	1630	
3 1715	1517	1540	
3 721	1694	1708	
3 1540	1708	1694	
3 1721	1709	98	
3 331	1711	1710	
3 1701	1710	385	
3 1724	1710	1709	
3 1716	1711	331	
3 1711	1716	1717	
3 1712	678	1717	
3 1668	1712	1674	
3 1726	1705	875	
3 1713	1726	1727	
3 1735	1729	1714	
3 1728	1718	1715	
3 1714	1728	1707	
3 1728	980	1718	
3 331	1724	1725	
3 1731	1716	1725	
3 1732	1717	722	
3 1712	1717	875	
3 1488	1718	980	
3 1517	1715	1718	
3 1722	97	1723	
3 1649	101	1719	
3 1709	99	1720	
3 1724	1721	386	
3 2288	612	1740	
3 1721	98	1722	
3 470	386	1723	
3 1724	386	1725	
3 1724	331	1710	
3 1734	386	470	
3 1725	2289	1731	
3 1732	875	1717	
3 1727	1726	877	
3 877	3628	3752	
3 967	1730	3602	
3 1707	1728	1715	
3 1728	1714	1729	
3 1735	1714	1630	
3 1615	980	1729	
3 3729	1730	967	
3 960	1629	1730	
3 1736	1731	554	
3 722	1716	1731	
3 1731	1736	722	
3 1726	875	1732	
3 929	877	1733	
3 1726	1733	877	
3 2285	470	2283	
3 2285	2286	1734	
3 1630	1737	1735	
3 1737	1738	1735	
3 1739	1736	554	
3 1733	1736	929	
3 1629	1737	1630	
3 1738	991	1615	
3 1737	960	1738	
3 3856	3473	960	
3 612	2288	2286	
3 1739	646	1741	
3 1740	2273	2270	
3 2269	2268	471	
3 3474	646	890	
3 1741	3474	3475	
3 1742	693	2267	
3 646	1740	1742	
3 30	29	1743	
3 1745	1743	29	
3 364	324	1744	
3 324	361	1784	
3 28	1745	29	
3 316	364	1745	
3 1747	1746	28	
3 1748	1746	869	
3 1749	869	870	
3 1746	1747	869	
3 1750	1748	1749	
3 3845	870	1025	
3 1750	1749	716	
3 1750	716	765	
3 316	1748	1750	
3 2602	2604	2609	
3 1751	2538	2537	
3 1753	32	1783	
3 2537	1752	1751	
3 363	1753	323	
3 2798	2802	2818	
3 1753	33	1754	
3 1755	2738	2737	
3 1753	1757	33	
3 2737	1756	1755	
3 1758	1757	363	
3 363	362	1758	
3 1760	1762	1764	
3 35	1762	1760	
3 1759	1760	1761	
3 1759	35	1760	
3 442	1763	1761	
3 1769	1771	357	
3 34	1762	35	
3 1764	1758	362	
3 1765	1763	442	
3 1769	37	1771	
3 1758	1764	1762	
3 442	1767	1765	
3 442	1764	1767	
3 1765	534	1777	
3 37	1766	1771	
3 36	1761	1770	
3 1764	362	1767	
3 1765	1768	534	
3 1767	362	1768	
3 1768	1773	1772	
3 1769	1791	1790	
3 1789	1790	1792	
3 357	1770	1763	
3 1766	1770	1771	
3 357	1771	1770	
3 1774	1772	714	
3 1772	1774	1776	
3 1775	362	672	
3 714	1772	1773	
3 714	798	1774	
3 798	763	1774	
3 762	1775	672	
3 714	1773	1775	
3 1774	763	1776	
3 1776	1779	1778	
3 534	1776	1778	
3 1790	1791	322	
3 1779	1776	763	
3 1777	1780	322	
3 1781	1779	763	
3 712	1778	1779	
3 1778	712	1780	
3 712	777	1782	
3 834	1781	763	
3 1781	808	829	
3 670	1799	1797	
3 1793	1782	670	
3 31	30	1784	
3 1753	1783	361	
3 324	1784	1744	
3 361	1783	1784	
3 1785	1786	1787	
3 38	1789	1786	
3 1789	1792	1786	
3 1786	360	1787	
3 360	1794	1796	
3 1796	1787	360	
3 1806	359	1802	
3 37	1789	38	
3 1790	1789	1769	
3 1791	1769	357	
3 1792	1790	322	
3 357	1777	1791	
3 1777	322	1791	
3 1793	1792	322	
3 1786	1792	360	
3 1780	1793	322	
3 1793	670	1794	
3 1795	1794	670	
3 1794	1795	1796	
3 1797	1795	670	
3 1795	1797	1798	
3 1806	1796	359	
3 1787	1796	1788	
3 1799	670	1782	
3 1800	1797	1799	
3 1801	1798	734	
3 1798	1801	1802	
3 1782	777	1799	
3 1800	1799	777	
3 828	1800	777	
3 734	1797	1800	
3 1803	1801	734	
3 1801	1803	1804	
3 1805	1802	687	
3 1802	1805	1806	
3 1800	1803	734	
3 1807	1803	828	
3 1810	1804	795	
3 1804	1810	1811	
3 1820	687	1811	
3 1805	1820	1812	
3 1813	1806	444	
3 1796	1806	1788	
3 1808	1807	828	
3 1807	1808	1809	
3 828	829	1808	
3 829	808	1833	
3 1823	1808	830	
3 795	1815	1810	
3 1815	795	1809	
3 1810	1815	1816	
3 1817	1811	756	
3 1817	1820	1811	
3 1827	1818	358	
3 1818	1822	1812	
3 1814	1813	444	
3 40	1788	1813	
3 1822	444	1812	
3 40	1814	41	
3 1819	1815	1809	
3 1816	1815	845	
3 705	1826	640	
3 1825	705	1821	
3 756	1821	1817	
3 1817	1821	1827	
3 1894	1818	443	
3 1822	42	41	
3 1809	1823	1819	
3 1819	1823	1824	
3 1812	1820	358	
3 1820	1805	687	
3 1825	756	1816	
3 1821	705	1827	
3 1822	1814	444	
3 42	1822	1818	
3 1808	1823	1809	
3 1824	1823	830	
3 1834	1824	830	
3 1824	858	1829	
3 1826	1825	1816	
3 1825	1826	705	
3 1816	845	1826	
3 845	1824	1829	
3 1828	1827	705	
3 1818	1827	443	
3 1828	705	1830	
3 443	1828	1895	
3 3673	1829	858	
3 1832	1829	923	
3 705	640	1830	
3 597	1831	530	
3 1830	640	1831	
3 1832	1831	640	
3 1829	1832	640	
3 1832	3470	3469	
3 830	1808	1833	
3 829	1833	1808	
3 3603	830	1833	
3 830	3603	1834	
3 184	1906	2987	
3 335	3005	3043	
3 1840	1874	177	
3 1835	186	1836	
3 1837	1838	1839	
3 1837	178	1838	
3 497	1841	1839	
3 1841	405	1854	
3 1867	176	175	
3 1838	1842	497	
3 1843	1841	497	
3 1848	1854	405	
3 1845	1842	1840	
3 1850	1843	1846	
3 1846	497	1842	
3 1843	573	1847	
3 405	1852	1848	
3 1854	179	1839	
3 1840	1849	1845	
3 1845	1849	1856	
3 1845	1846	1842	
3 1857	1846	1845	
3 498	1851	573	
3 1847	573	1851	
3 1633	180	1848	
3 1863	1840	177	
3 1849	407	1856	
3 1857	1850	1846	
3 1859	1860	1857	
3 1861	1851	498	
3 338	1852	1853	
3 405	1847	1853	
3 338	1633	1852	
3 1847	1851	1853	
3 1853	1851	1861	
3 1848	1844	1854	
3 1854	1844	179	
3 176	1862	1855	
3 1849	1840	1863	
3 1864	1856	407	
3 1856	1864	1865	
3 1859	1857	406	
3 1860	1850	1857	
3 1876	1858	626	
3 498	573	1858	
3 1856	1865	406	
3 1859	1865	1870	
3 1866	1860	1859	
3 1858	1850	1860	
3 1861	498	3477	
3 338	1861	318	
3 1862	1867	1868	
3 1855	1862	1863	
3 407	1863	1862	
3 1868	1864	407	
3 1864	1868	1869	
3 1870	1865	682	
3 1859	406	1865	
3 1859	1870	1871	
3 1858	1866	626	
3 2944	2947	2964	
3 339	1869	1868	
3 1862	1868	407	
3 2967	1868	1867	
3 1872	1869	339	
3 1869	1872	1873	
3 1873	1870	682	
3 1870	878	1871	
3 626	1866	1871	
3 1871	1866	1859	
3 339	2967	1877	
3 1879	1872	1877	
3 1881	1873	727	
3 1870	1873	878	
3 878	1881	1883	
3 1840	178	1874	
3 947	3476	879	
3 3476	626	1875	
3 1876	908	3477	
3 408	2947	1878	
3 1877	1878	1879	
3 499	2946	2954	
3 1879	1878	575	
3 2972	575	2958	
3 727	1872	1879	
3 1882	1880	930	
3 727	1879	1880	
3 727	1880	1882	
3 1881	1882	1883	
3 930	880	1882	
3 1882	880	1883	
3 1883	880	3730	
3 1875	878	1883	
3 1887	1885	44	
3 1884	1885	1886	
3 1884	44	1885	
3 437	1889	1886	
3 1898	1900	353	
3 43	1891	1890	
3 1887	1890	1891	
3 1892	1888	529	
3 437	1885	1888	
3 1639	1889	437	
3 1898	46	1900	
3 1894	1891	43	
3 1887	44	1890	
3 1897	1895	529	
3 1895	1892	529	
3 1892	597	1896	
3 46	1893	1900	
3 45	1886	1899	
3 1901	42	1894	
3 1818	1894	42	
3 1891	1897	529	
3 1830	1895	1828	
3 597	1639	1896	
3 1639	437	1896	
3 1891	1894	1897	
3 443	1897	1894	
3 353	1902	1898	
3 321	356	1904	
3 353	1899	1889	
3 1893	1899	1900	
3 353	1900	1899	
3 1902	353	1905	
3 1894	43	1901	
3 1904	1902	321	
3 1904	1898	1902	
3 1904	1903	1898	
3 1908	1909	1910	
3 353	1639	1905	
3 1639	1640	1905	
3 3086	3084	182	
3 2987	2989	404	
3 47	1909	1908	
3 1906	184	1907	
3 1911	1910	1912	
3 1908	1910	48	
3 1909	356	1910	
3 1911	1912	441	
3 1913	1911	441	
3 1914	48	1911	
3 1910	356	1912	
3 1915	1912	356	
3 441	1915	1928	
3 1913	441	1916	
3 1927	356	321	
3 1913	1914	1911	
3 1915	533	1928	
3 355	1919	1918	
3 1913	1917	49	
3 1918	1917	1916	
3 50	49	1917	
3 355	1918	1916	
3 1920	1918	532	
3 1929	1919	355	
3 1922	1923	440	
3 1925	1922	1924	
3 1917	1920	50	
3 1925	51	1921	
3 50	1920	1921	
3 1923	532	1919	
3 1922	440	1924	
3 1930	354	1931	
3 1926	1924	440	
3 51	1924	52	
3 1920	1925	1921	
3 532	1922	1925	
3 440	1931	1926	
3 1934	1933	1926	
3 1941	1927	321	
3 533	1915	1927	
3 1942	1928	533	
3 1916	1928	355	
3 1942	355	1928	
3 1946	1929	847	
3 1923	599	1930	
3 1930	599	1950	
3 1930	1931	440	
3 1934	1931	354	
3 1926	1931	1934	
3 1933	1932	1926	
3 1933	1934	1936	
3 1935	1934	354	
3 1936	1934	439	
3 354	1930	1937	
3 1935	1937	2030	
3 1939	1936	439	
3 1940	53	1936	
3 953	1947	2031	
3 2030	1938	1935	
3 1938	598	1943	
3 439	1935	1938	
3 439	531	1939	
3 2047	1939	531	
3 1640	1941	321	
3 1939	1940	1936	
3 1941	985	3478	
3 1944	1942	533	
3 1929	1942	847	
3 2021	2024	1945	
3 2023	1943	2021	
3 533	1941	3478	
3 866	3638	3676	
3 1945	2024	2025	
3 2020	2022	1948	
3 1949	1946	847	
3 924	1937	1950	
3 2025	2026	1947	
3 2040	932	2038	
3 2035	2029	2033	
3 2017	2012	2014	
3 3676	1944	866	
3 3701	3676	1042	
3 1949	1950	1946	
3 2049	1950	859	
3 1951	591	1952	
3 426	520	1951	
3 2039	591	2037	
3 348	2112	2106	
3 258	1635	3409	
3 1955	1953	343	
3 1956	1955	343	
3 1959	1954	1953	
3 1959	1955	511	
3 1956	343	3416	
3 1956	584	1957	
3 1957	584	1958	
3 1957	417	1962	
3 1966	1958	584	
3 1967	1958	1966	
3 1954	1959	260	
3 1955	1959	1953	
3 511	1962	1961	
3 1961	1959	511	
3 1959	1961	1960	
3 1957	1962	511	
3 1965	1964	1963	
3 1964	262	1963	
3 261	1961	1965	
3 417	342	1964	
3 1970	3118	342	
3 417	1965	1962	
3 3420	584	710	
3 760	905	1966	
3 1968	1967	905	
3 342	1958	1967	
3 1969	1968	905	
3 416	3113	3111	
3 905	760	1971	
3 1969	944	1972	
3 3118	1970	416	
3 1967	1970	342	
3 760	797	3846	
3 1969	1973	944	
3 944	1974	1972	
3 415	3114	1975	
3 1971	943	1973	
3 3479	958	3480	
3 3480	1974	944	
3 1975	3441	3435	
3 1972	1974	1975	
3 657	1975	1974	
3 509	3428	3427	
3 1976	3100	3099	
3 1978	1979	1980	
3 3099	1977	1976	
3 1982	252	251	
3 1979	1982	1983	
3 1979	420	1980	
3 1985	419	1988	
3 1988	1980	420	
3 2060	2062	512	
3 3130	3134	3151	
3 1979	1983	420	
3 3160	1983	1982	
3 1984	683	1985	
3 1983	346	1984	
3 1986	1984	346	
3 1987	1985	683	
3 2062	1988	419	
3 1989	1986	346	
3 1992	1987	683	
3 683	1990	1992	
3 2065	2064	585	
3 1980	1988	1981	
3 420	1985	1988	
3 3140	3149	421	
3 3159	1989	3148	
3 1986	728	1990	
3 1997	1990	728	
3 1993	1987	1992	
3 633	3481	3539	
3 1990	881	1992	
3 1994	1993	1992	
3 1994	1992	881	
3 633	1991	1993	
3 1995	1994	881	
3 1994	1995	1996	
3 1999	881	1997	
3 1995	1999	2000	
3 882	1996	1995	
3 1996	882	3536	
3 3159	1998	728	
3 881	1999	1995	
3 931	883	1998	
3 1999	1998	883	
3 1998	1999	1997	
3 2000	1999	883	
3 3661	883	3521	
3 2000	3604	3753	
3 2003	59	2001	
3 520	2007	2006	
3 520	426	2002	
3 2002	426	2003	
3 2004	426	348	
3 426	2004	2003	
3 2097	2105	425	
3 2008	2006	57	
3 2005	2006	2007	
3 2005	57	2006	
3 2002	58	2007	
3 2005	2007	58	
3 56	2011	2010	
3 2008	2010	2011	
3 2012	2009	590	
3 520	2006	2009	
3 2013	2045	55	
3 2008	57	2010	
3 2016	2014	590	
3 2014	2012	590	
3 2012	637	2015	
3 2046	2013	55	
3 438	2014	2016	
3 590	2011	2016	
3 2014	2018	2017	
3 637	1951	2015	
3 1951	520	2015	
3 2011	2013	2016	
3 438	2016	2013	
3 2018	2014	438	
3 2019	2017	1948	
3 2020	2018	438	
3 1948	2017	2018	
3 2029	2019	1948	
3 591	637	2019	
3 2021	2020	438	
3 2020	1945	2022	
3 2023	2021	438	
3 2024	2021	1943	
3 1945	2025	2027	
3 2029	2022	659	
3 2013	2023	438	
3 531	1943	2023	
3 1943	598	2024	
3 2025	2024	598	
3 2026	2025	598	
3 1945	2027	2022	
3 598	2030	2026	
3 1937	2034	2030	
3 2025	1947	2027	
3 2022	2028	659	
3 2027	1947	2028	
3 953	2028	1947	
3 2022	2029	1948	
3 2033	2042	2040	
3 1938	2030	598	
3 2034	1937	924	
3 2034	2026	2030	
3 2031	2034	2036	
3 2028	953	2032	
3 2054	2032	953	
3 591	2035	2037	
3 2029	2035	2019	
3 2036	2034	924	
3 2026	2034	2031	
3 2037	2035	2033	
3 591	2019	2035	
3 924	1950	2049	
3 953	2031	2048	
3 2033	2038	2037	
3 2041	2039	2038	
3 2040	2038	2033	
3 2038	932	2041	
3 2038	2039	2037	
3 729	1952	2039	
3 2033	659	2042	
3 2043	969	963	
3 932	2055	2041	
3 884	2113	2056	
3 659	2032	2042	
3 2044	2032	969	
3 2055	3483	885	
3 932	2040	2043	
3 969	2043	2044	
3 2043	2040	2044	
3 2047	54	1939	
3 2013	56	2045	
3 2023	2046	531	
3 924	2049	2051	
3 2046	55	2047	
3 2052	2053	2051	
3 2049	3482	2052	
3 2048	2051	2053	
3 2057	2054	2050	
3 953	2048	2050	
3 924	2051	2036	
3 2051	2049	2052	
3 3482	2049	859	
3 2052	3482	3543	
3 2052	2050	2053	
3 2050	2048	2053	
3 953	2050	2054	
3 2057	2050	952	
3 3483	932	2043	
3 3484	3547	2120	
3 2041	2055	2056	
3 3548	2055	885	
3 2058	2057	952	
3 963	969	2057	
3 952	3543	3725	
3 3743	3651	3545	
3 254	1981	2060	
3 2059	2060	2061	
3 2059	254	2060	
3 512	2063	2061	
3 2063	418	2072	
3 1988	2062	1981	
3 2064	419	1991	
3 2065	2063	512	
3 2068	2072	418	
3 585	2064	1991	
3 512	2062	2064	
3 2064	2065	512	
3 2065	585	2067	
3 418	2070	2068	
3 2072	255	2061	
3 513	2069	585	
3 2067	585	2069	
3 1642	256	2068	
3 2073	2069	513	
3 345	2070	2071	
3 418	2067	2071	
3 345	1642	2070	
3 2067	2069	2071	
3 2071	2069	2073	
3 2068	2066	2072	
3 2072	2066	255	
3 711	2073	513	
3 345	2073	319	
3 2077	2116	61	
3 2074	2075	2076	
3 2074	62	2075	
3 518	2078	2076	
3 423	2085	2089	
3 60	2004	2097	
3 2075	2079	518	
3 2080	2078	518	
3 2089	2085	2081	
3 2082	2079	2077	
3 2087	2080	2083	
3 2083	518	2079	
3 2080	589	2084	
3 2085	64	2081	
3 63	2076	2089	
3 2077	2086	2082	
3 2082	2086	2091	
3 2082	2083	2079	
3 2092	2083	2082	
3 589	1637	2084	
3 1637	423	2084	
3 423	2088	2085	
3 2101	2103	347	
3 2086	425	2091	
3 2092	2087	2083	
3 2095	2096	2092	
3 1637	2088	423	
3 2101	65	2103	
3 2076	2078	2089	
3 423	2089	2078	
3 60	2097	2090	
3 425	2086	2098	
3 2099	2091	425	
3 2091	2099	2100	
3 2095	2092	424	
3 2096	2087	2092	
3 2121	2093	636	
3 519	589	2093	
3 65	2094	2103	
3 64	2085	2102	
3 2091	2100	424	
3 2095	2100	2107	
3 2104	2096	2095	
3 2093	2087	2096	
3 2105	2097	2004	
3 2090	2097	2098	
3 425	2098	2097	
3 2105	2099	425	
3 2106	2099	348	
3 2107	2100	684	
3 2095	424	2100	
3 347	2108	2101	
3 2122	2110	2108	
3 347	2102	2088	
3 2094	2102	2103	
3 347	2103	2102	
3 2095	2107	2111	
3 2093	2104	636	
3 2004	348	2105	
3 2099	2105	348	
3 2112	348	1952	
3 2106	2112	2115	
3 2113	2107	684	
3 2113	2111	2107	
3 2108	347	2114	
3 2108	320	2122	
3 2110	2101	2108	
3 2110	2109	2101	
3 2110	2122	2117	
3 636	2104	2111	
3 2111	2104	2095	
3 1952	729	2112	
3 729	2113	2115	
3 684	2106	2115	
3 2056	2113	729	
3 347	1637	2114	
3 1637	1638	2114	
3 729	2115	2112	
3 684	2115	2113	
3 2118	2117	352	
3 2077	62	2116	
3 2119	66	2117	
3 2128	2118	352	
3 2334	2118	436	
3 3484	884	2056	
3 2118	2119	2117	
3 886	933	3485	
3 3485	636	2120	
3 2133	975	3468	
3 320	2123	2124	
3 2117	2122	352	
3 2129	320	1638	
3 528	2125	2126	
3 320	2124	2122	
3 2123	2126	2125	
3 2127	2125	528	
3 2128	352	2124	
3 2123	2129	2126	
3 2132	2130	2129	
3 528	2130	2131	
3 2335	2127	351	
3 2125	2127	2128	
3 436	2128	2127	
3 2129	2123	320	
3 2132	2129	975	
3 2337	2130	775	
3 2131	2130	732	
3 2324	2131	732	
3 351	2127	2131	
3 3467	3468	975	
3 2130	2132	775	
3 3605	2133	933	
3 2133	3605	3754	
3 2134	2135	2136	
3 2138	236	235	
3 2135	2138	2139	
3 2135	476	2136	
3 2141	475	2144	
3 2144	2136	476	
3 475	2149	3463	
3 3362	3365	3386	
3 2135	2139	476	
3 3383	2139	2138	
3 2140	694	2141	
3 2139	388	2140	
3 2142	2140	388	
3 2143	2141	694	
3 3463	2144	475	
3 2145	2142	388	
3 2146	744	784	
3 694	2146	2148	
3 2147	2143	743	
3 2136	2144	2137	
3 476	2141	2144	
3 3380	477	3374	
3 3528	2145	617	
3 694	2142	2146	
3 744	2146	2142	
3 2157	2147	743	
3 3406	2151	558	
3 2150	2148	784	
3 743	2143	2148	
3 475	2147	2149	
3 648	2149	2147	
3 2152	2150	784	
3 2153	2150	827	
3 2149	648	2151	
3 558	2154	474	
3 2155	2152	784	
3 2165	2156	2160	
3 2167	2153	827	
3 794	2158	2157	
3 2151	648	2154	
3 2154	648	2158	
3 784	744	2155	
3 744	3528	3565	
3 2161	2156	920	
3 827	2152	2156	
3 743	2153	2157	
3 794	2157	2153	
3 2162	2158	794	
3 2158	755	2159	
3 755	793	3318	
3 474	2154	2159	
3 2155	816	2160	
3 2160	816	2165	
3 2166	2161	920	
3 844	2163	2167	
3 2167	794	2153	
3 2162	2163	2164	
3 844	826	2163	
3 2164	2163	826	
3 3322	3321	2164	
3 793	755	2164	
3 2168	2165	816	
3 2165	2168	2169	
3 2169	920	2165	
3 2166	951	3486	
3 794	2167	2163	
3 827	2161	2167	
3 3566	816	3565	
3 3590	2168	3580	
3 2169	962	3606	
3 2166	920	2169	
3 2170	2171	2172	
3 2170	2175	2177	
3 2173	80	2174	
3 2179	2171	2170	
3 2175	2172	430	
3 524	2376	2375	
3 2172	81	2173	
3 2383	2174	524	
3 2382	2383	524	
3 2175	349	2177	
3 2176	2385	2386	
3 349	2175	2176	
3 2178	2177	349	
3 2179	2177	429	
3 2180	2178	349	
3 2178	685	2181	
3 2182	2179	429	
3 2179	82	2171	
3 2176	2180	349	
3 2209	2208	2180	
3 2183	2181	685	
3 2184	2181	428	
3 2184	429	2181	
3 2179	2185	82	
3 2186	2183	685	
3 2187	2183	730	
3 2196	2188	428	
3 2182	429	2184	
3 2208	2186	685	
3 2182	83	2185	
3 2212	2186	774	
3 2215	2187	730	
3 2187	638	2196	
3 2195	2188	592	
3 2192	2189	2190	
3 2184	2189	2182	
3 2190	2189	2188	
3 2195	2193	2191	
3 2189	2192	83	
3 2193	85	2191	
3 2195	84	2190	
3 592	2194	2193	
3 2190	84	2192	
3 2204	2205	2202	
3 2205	523	2202	
3 2188	2195	2190	
3 2193	2195	592	
3 592	2188	2196	
3 2194	2198	523	
3 2202	86	2204	
3 85	2193	2203	
3 638	2199	2196	
3 2198	2196	2199	
3 2200	2199	638	
3 2198	2201	523	
3 2216	638	2215	
3 2201	2217	427	
3 2200	2201	2199	
3 2201	427	2218	
3 2218	523	2201	
3 2207	2218	2226	
3 2205	2194	523	
3 86	2197	2204	
3 2203	2204	2197	
3 2204	2203	2205	
3 2194	2205	2203	
3 2218	2207	2202	
3 2207	2206	2202	
3 2219	2207	522	
3 685	2180	2208	
3 2209	2180	731	
3 2210	2209	731	
3 774	2208	2209	
3 2210	731	2387	
3 2233	2259	2213	
3 2233	2210	806	
3 2212	2213	823	
3 2213	2212	774	
3 2214	2212	823	
3 774	2211	2213	
3 2233	2211	2210	
3 2234	2214	823	
3 2216	2215	2214	
3 730	2214	2215	
3 2216	2214	790	
3 2216	790	2237	
3 2200	638	2216	
3 2200	752	2217	
3 2232	2229	2217	
3 2218	2202	523	
3 2226	2218	427	
3 2220	2219	522	
3 2221	87	2219	
3 522	2222	2220	
3 2225	2238	2223	
3 2224	2222	522	
3 2220	2221	2219	
3 2222	2225	2223	
3 2220	2222	2223	
3 2222	521	2225	
3 2226	2224	522	
3 2224	702	2227	
3 2228	2225	521	
3 2238	2225	613	
3 2207	2226	522	
3 2226	427	2229	
3 2229	2232	702	
3 521	2231	2228	
3 521	2227	2231	
3 2242	2228	647	
3 427	2217	2229	
3 2232	2217	752	
3 901	663	2230	
3 2231	2230	663	
3 2230	2231	2227	
3 2231	663	2299	
3 752	2278	2290	
3 2230	702	2232	
3 2259	2296	2235	
3 2213	2211	2233	
3 2235	2234	823	
3 2236	790	2234	
3 2259	823	2213	
3 2235	823	2259	
3 841	2236	2235	
3 790	2260	2237	
3 2260	790	2236	
3 2237	2260	2278	
3 2239	2240	90	
3 2223	2238	89	
3 613	2241	2240	
3 2240	2238	613	
3 2238	2240	2239	
3 2242	2241	613	
3 2248	2245	2243	
3 2228	2242	613	
3 2242	647	2244	
3 2245	91	2243	
3 90	2240	2248	
3 614	2246	647	
3 2244	647	2246	
3 555	2247	2245	
3 2253	2255	473	
3 555	2249	2247	
3 555	2244	2249	
3 2253	92	2255	
3 2240	2241	2248	
3 555	2248	2241	
3 2251	2246	614	
3 473	2249	2252	
3 92	2250	2255	
3 91	2245	2254	
3 2256	2251	614	
3 2261	2252	2251	
3 2249	2251	2252	
3 2251	2256	2261	
3 2262	473	2252	
3 2263	2258	2262	
3 473	2254	2247	
3 2250	2254	2255	
3 473	2255	2254	
3 2294	2256	614	
3 2297	2291	742	
3 2262	2258	2253	
3 2258	2257	2253	
3 93	2275	2274	
3 806	2277	2233	
3 2259	2233	2277	
3 2236	855	2260	
3 2237	2278	752	
3 2264	2265	693	
3 387	2252	2261	
3 2262	2253	473	
3 2263	2262	387	
3 2264	2263	387	
3 472	2258	2263	
3 2265	387	2261	
3 2264	693	2266	
3 2261	742	2265	
3 2279	2267	2265	
3 2268	2266	693	
3 2266	2268	2269	
3 693	2265	2267	
3 2279	2265	742	
3 693	1742	2268	
3 2270	2268	1742	
3 2273	2271	471	
3 93	2258	2275	
3 1742	1740	2270	
3 2273	1740	612	
3 553	2280	2271	
3 2272	2276	94	
3 472	2269	2272	
3 2271	2272	2269	
3 2283	2273	612	
3 2271	2273	553	
3 2258	472	2275	
3 2272	94	2274	
3 2272	2275	472	
3 2280	2276	2271	
3 95	94	2276	
3 2295	2277	806	
3 2235	2296	841	
3 2260	855	2278	
3 2292	2290	2278	
3 2256	2297	742	
3 2279	2291	2293	
3 2282	2281	553	
3 2276	2280	95	
3 2281	2282	96	
3 95	2280	2281	
3 2283	2282	553	
3 2287	97	2284	
3 2283	612	2285	
3 97	2287	1723	
3 96	2282	2284	
3 2286	2285	612	
3 470	2285	1734	
3 2286	554	2289	
3 470	1723	2287	
3 2282	2287	2284	
3 1740	1739	2288	
3 554	2288	1739	
3 1731	2289	554	
3 1725	1734	2289	
3 2292	2278	855	
3 901	2232	2290	
3 936	891	2291	
3 2291	891	2293	
3 855	841	2298	
3 2292	2298	3487	
3 3731	2293	891	
3 2293	3731	3474	
3 614	2299	2294	
3 2294	2299	2300	
3 3551	2295	806	
3 2295	3551	3732	
3 2295	2296	2277	
3 3847	1059	1009	
3 2256	2294	2297	
3 936	2297	2294	
3 941	902	2298	
3 2298	902	3487	
3 647	2299	614	
3 2300	2299	663	
3 3487	2300	663	
3 2300	3487	3488	
3 2301	2302	2303	
3 2301	2306	2308	
3 2304	72	2305	
3 2310	2302	2301	
3 2306	2303	433	
3 527	2345	2344	
3 2303	73	2304	
3 527	433	2305	
3 433	2331	2307	
3 2306	350	2308	
3 733	3608	596	
3 350	2306	2307	
3 2308	350	2309	
3 2310	2308	432	
3 2315	2307	2313	
3 595	2309	2314	
3 2311	2310	432	
3 2310	74	2302	
3 2311	2354	2353	
3 2310	2312	74	
3 2314	3607	807	
3 2311	75	2312	
3 2314	2309	2315	
3 2315	2309	350	
3 3607	2314	2313	
3 2307	2315	350	
3 2313	2314	2315	
3 69	2318	2316	
3 2319	2317	70	
3 2323	2317	435	
3 527	2327	2328	
3 2318	2320	2321	
3 2316	2318	2319	
3 435	2319	2318	
3 2333	2320	68	
3 2318	2321	435	
3 2335	2321	2320	
3 2322	686	2323	
3 2321	351	2322	
3 2324	2322	351	
3 2325	2323	686	
3 434	2328	2323	
3 2131	2324	351	
3 2336	2324	732	
3 2338	686	2336	
3 2330	2325	733	
3 2328	2327	2317	
3 2327	2326	2317	
3 527	2344	2327	
3 2323	2328	2317	
3 2328	434	2329	
3 2330	2329	434	
3 2329	2330	2331	
3 2325	2330	434	
3 733	596	2330	
3 2307	2331	596	
3 433	527	2331	
3 2334	67	2118	
3 2320	69	2332	
3 2335	2333	436	
3 2127	2335	436	
3 2333	68	2334	
3 2335	351	2321	
3 2336	732	2337	
3 686	2338	2325	
3 2130	2337	732	
3 3733	2337	775	
3 2339	2336	2337	
3 733	2325	2338	
3 974	2340	2337	
3 2339	2337	2340	
3 2341	2340	974	
3 2342	2339	2340	
3 3734	2341	974	
3 776	3773	3771	
3 776	2342	2341	
3 733	2339	2342	
3 71	2327	2344	
3 2343	2344	2345	
3 2343	71	2344	
3 2305	72	2345	
3 2343	2345	72	
3 2919	2920	2923	
3 2862	334	2858	
3 2348	2349	2350	
3 2866	2347	2346	
3 2348	2352	2357	
3 2350	2353	526	
3 2359	2349	2348	
3 2352	2350	526	
3 526	2355	2356	
3 2350	76	2351	
3 2352	431	2357	
3 75	2311	2353	
3 2351	75	2353	
3 432	2309	2355	
3 526	2353	2354	
3 2309	595	2355	
3 595	2356	2355	
3 757	2356	595	
3 431	2352	2356	
3 2358	2357	431	
3 2359	2357	525	
3 2360	2358	431	
3 2358	706	2361	
3 2362	2359	525	
3 2359	77	2349	
3 2356	2360	431	
3 2360	757	2364	
3 2361	706	2365	
3 2366	593	2380	
3 2362	525	2366	
3 2359	2363	77	
3 2370	757	2368	
3 2362	78	2363	
3 757	2370	2364	
3 2369	2365	706	
3 2372	594	2384	
3 525	2361	2366	
3 2367	2366	2361	
3 2365	2367	2361	
3 2381	2378	593	
3 3489	2368	757	
3 2368	910	2371	
3 2365	2369	660	
3 706	2364	2369	
3 2371	2370	2368	
3 660	2369	2370	
3 3550	910	3490	
3 660	3491	2373	
3 2365	660	2372	
3 2210	2387	909	
3 2372	660	2373	
3 3491	660	2371	
3 2377	2375	79	
3 2374	2375	2376	
3 2374	79	2375	
3 2174	80	2376	
3 2374	2376	80	
3 78	2380	2379	
3 2377	2379	2380	
3 2366	2381	593	
3 524	2375	2378	
3 78	2362	2380	
3 2377	79	2379	
3 2366	2380	2362	
3 2367	639	2381	
3 2378	2382	524	
3 2381	639	2382	
3 2384	2383	2382	
3 2382	639	2384	
3 2176	430	2383	
3 2372	2384	639	
3 2383	2385	2176	
3 2384	594	2385	
3 2386	2385	594	
3 2387	594	2373	
3 2386	2387	2388	
3 909	2387	2373	
3 2388	2387	731	
3 731	2180	2388	
3 2180	2176	2388	
3 2392	139	138	
3 2389	2390	2391	
3 2389	139	2390	
3 535	2393	2391	
3 445	2400	2404	
3 2419	137	136	
3 2390	2394	535	
3 2395	2393	535	
3 2404	2400	2396	
3 2397	2394	2392	
3 2402	2395	2398	
3 2398	535	2394	
3 2395	600	2399	
3 2400	141	2396	
3 140	2391	2404	
3 2392	2401	2397	
3 2397	2401	2406	
3 2397	2398	2394	
3 2407	2398	2397	
3 600	1644	2399	
3 1644	445	2399	
3 445	2403	2400	
3 365	2416	2417	
3 2401	447	2406	
3 2407	2402	2398	
3 2410	2411	2407	
3 1644	2403	445	
3 2417	2416	2409	
3 2391	2393	2404	
3 445	2404	2393	
3 137	2412	2405	
3 2401	2392	2413	
3 2414	2406	447	
3 2406	2414	2415	
3 2410	2407	446	
3 2411	2402	2407	
3 2431	2408	641	
3 536	600	2408	
3 2416	142	2409	
3 141	2400	2417	
3 2406	2415	446	
3 2410	2415	2422	
3 2418	2411	2410	
3 2408	2402	2411	
3 2412	2419	2420	
3 2405	2412	2413	
3 447	2413	2412	
3 2420	2414	447	
3 2414	2420	2421	
3 2422	2415	688	
3 2410	446	2415	
3 365	2423	2416	
3 2457	2425	325	
3 365	2417	2403	
3 2410	2422	2426	
3 2408	2418	641	
3 537	2631	2630	
3 366	2421	2420	
3 2412	2420	447	
3 2419	366	2420	
3 2427	2421	366	
3 2421	2427	2428	
3 2428	2422	688	
3 2422	887	2426	
3 2423	365	2429	
3 2425	2423	325	
3 2425	2416	2423	
3 2425	2424	2416	
3 2449	2425	370	
3 641	2418	2426	
3 2426	2418	2410	
3 2432	366	448	
3 2434	2427	2432	
3 2436	2428	735	
3 2422	2428	887	
3 365	1644	2429	
3 1644	1645	2429	
3 887	2436	2438	
3 889	935	3492	
3 3492	641	2430	
3 2431	3472	3471	
3 2433	448	537	
3 2432	2433	2434	
3 537	2633	2639	
3 2434	2433	602	
3 2656	602	2643	
3 735	2427	2434	
3 2437	2435	934	
3 735	2434	2435	
3 735	2435	2437	
3 2436	2437	2438	
3 3553	2437	934	
3 2437	888	2438	
3 2438	888	3735	
3 2430	887	2438	
3 2439	2440	2441	
3 2744	2747	451	
3 2442	157	2443	
3 2439	159	2440	
3 2444	2441	452	
3 541	2661	2660	
3 2441	158	2442	
3 2675	2443	541	
3 2672	2675	2669	
3 2439	2444	367	
3 2755	737	2756	
3 2444	2445	2751	
3 2449	2447	144	
3 2446	2447	2448	
3 2446	144	2447	
3 2451	458	2456	
3 2448	458	2451	
3 2455	143	2449	
3 2425	2449	143	
3 2452	2450	370	
3 458	2447	2450	
3 2454	369	457	
3 2448	2453	145	
3 370	2425	2457	
3 545	2461	2458	
3 2454	2453	2451	
3 146	145	2453	
3 369	2454	2451	
3 2525	2523	147	
3 458	2452	2456	
3 2449	144	2455	
3 545	2456	2452	
3 2459	2457	325	
3 545	2452	2457	
3 369	2456	2458	
3 545	2458	2456	
3 1645	2459	325	
3 3570	2463	977	
3 2462	2460	738	
3 369	2460	690	
3 2463	2461	545	
3 2461	2463	2464	
3 2464	2462	738	
3 739	2624	2625	
3 545	2459	2463	
3 977	2463	2459	
3 3609	2464	779	
3 3612	2627	976	
3 2465	2466	2467	
3 2465	2470	2472	
3 2468	128	2469	
3 2474	2466	2465	
3 2470	2467	462	
3 549	2469	2505	
3 2467	129	2468	
3 549	462	2469	
3 549	2509	462	
3 2470	372	2472	
3 2471	610	2477	
3 372	2470	2471	
3 2472	372	2473	
3 2474	2472	461	
3 2478	2473	372	
3 2473	2478	2479	
3 2475	2474	461	
3 2474	130	2466	
3 2475	2654	2653	
3 2474	2476	130	
3 2513	610	2508	
3 2475	131	2476	
3 861	925	2477	
3 2471	2478	372	
3 2477	925	2478	
3 2480	2479	925	
3 2479	2480	2481	
3 2482	925	861	
3 2480	2482	2484	
3 955	2483	2481	
3 2485	609	2481	
3 2482	861	3758	
3 2480	2484	955	
3 3493	2483	955	
3 2645	2643	642	
3 3497	2484	2482	
3 955	3494	3493	
3 2647	661	2646	
3 2485	2644	2648	
3 544	2615	2614	
3 2579	2589	454	
3 2490	117	2488	
3 2486	151	2487	
3 1569	1577	2490	
3 1558	467	2489	
3 2489	467	2490	
3 1569	2490	467	
3 2494	2492	125	
3 2491	2492	2493	
3 2491	125	2492	
3 2495	463	2511	
3 2493	463	2495	
3 124	2501	2500	
3 2494	2500	2501	
3 373	2502	2499	
3 2493	2497	126	
3 2494	374	2496	
3 2498	2496	374	
3 2499	2497	2495	
3 127	126	2497	
3 374	2507	2510	
3 550	2515	2512	
3 373	2499	2495	
3 2503	2499	549	
3 374	2501	2507	
3 2494	125	2500	
3 2507	1603	326	
3 2508	2502	373	
3 610	2471	2509	
3 2505	128	2504	
3 2497	2503	127	
3 128	2505	2469	
3 127	2503	2504	
3 2503	2505	2504	
3 123	1603	2506	
3 124	2506	2501	
3 1603	2507	2501	
3 2512	2508	373	
3 2513	2508	848	
3 610	2509	2502	
3 2471	462	2509	
3 326	1619	2514	
3 550	2498	2510	
3 463	2498	2511	
3 550	2511	2498	
3 373	2511	2512	
3 550	2512	2511	
3 2513	848	2516	
3 2477	610	2513	
3 1619	983	2514	
3 2510	2517	550	
3 2515	550	2517	
3 848	2518	2516	
3 2518	848	2515	
3 2516	2518	3610	
3 2514	983	2517	
3 2517	983	860	
3 2515	860	2518	
3 3610	2518	860	
3 2521	136	2519	
3 2521	2419	136	
3 537	448	2520	
3 2520	448	2521	
3 2419	2521	448	
3 2454	2524	146	
3 146	2524	2522	
3 457	456	2523	
3 2614	2616	2617	
3 2525	457	2523	
3 2522	2524	2525	
3 457	2525	2524	
3 2526	2527	2528	
3 3324	3327	482	
3 2528	2531	483	
3 2526	223	2527	
3 2530	2528	483	
3 483	2534	2535	
3 2528	222	2529	
3 2526	2530	390	
3 2532	2531	221	
3 2529	221	2531	
3 220	2537	2536	
3 220	1752	2537	
3 2534	2533	391	
3 483	2531	2533	
3 391	2538	2539	
3 563	2535	2534	
3 745	2535	563	
3 390	2530	2535	
3 391	2532	2537	
3 2532	221	2536	
3 2537	2532	2536	
3 2538	332	2539	
3 391	2537	2538	
3 2540	2539	332	
3 563	2534	2539	
3 2541	2540	332	
3 2540	979	2542	
3 2541	332	2612	
3 2541	565	3498	
3 3573	2542	979	
3 745	2542	785	
3 562	3349	3348	
3 2545	2543	389	
3 2545	389	2546	
3 2547	2544	2543	
3 2547	2545	479	
3 389	3340	2550	
3 2546	2550	2551	
3 2548	2547	479	
3 2547	228	2544	
3 2548	3357	3356	
3 2547	2549	228	
3 2551	3501	817	
3 2548	229	2549	
3 2546	389	2550	
3 3501	2551	2550	
3 618	3502	759	
3 2554	150	2552	
3 2554	2486	150	
3 2620	2553	544	
3 2553	455	2554	
3 2486	2554	455	
3 2555	2556	2557	
3 2559	214	213	
3 2556	2559	2560	
3 2556	486	2557	
3 2562	485	2565	
3 2565	2557	486	
3 2594	2596	564	
3 3267	487	3286	
3 2556	2560	486	
3 3288	2560	2559	
3 2561	696	2562	
3 2560	393	2561	
3 2563	2561	393	
3 2564	2562	696	
3 2596	2565	485	
3 2566	2563	393	
3 2569	2564	696	
3 696	2567	2569	
3 2599	2598	620	
3 2557	2565	2558	
3 486	2562	2565	
3 393	3288	3291	
3 3257	622	3246	
3 2563	747	2567	
3 2574	2567	747	
3 2570	2564	2569	
3 565	2568	650	
3 2567	893	2569	
3 2571	2570	2569	
3 2571	2569	893	
3 650	2568	2570	
3 2572	2571	893	
3 2571	2572	2573	
3 2576	893	2574	
3 2576	3295	3304	
3 895	2573	2572	
3 3499	2573	938	
3 3246	622	3247	
3 893	2576	2572	
3 3258	2575	3248	
3 3290	3282	3287	
3 3282	2574	3281	
3 3290	3295	2576	
3 3290	3293	3295	
3 2577	3300	3305	
3 151	2579	2578	
3 2580	152	2578	
3 2589	2579	2486	
3 2579	454	2580	
3 2581	2582	543	
3 2583	2581	543	
3 2584	152	2581	
3 2580	454	2582	
3 2585	2582	454	
3 543	2585	2592	
3 2583	543	2586	
3 2590	454	2589	
3 2583	2584	2581	
3 2585	606	2592	
3 453	2676	2588	
3 2583	2587	153	
3 2588	2587	2586	
3 154	153	2587	
3 453	2588	2586	
3 2588	542	2667	
3 2486	368	2589	
3 2590	2589	368	
3 2590	368	2591	
3 2585	454	2590	
3 2591	368	2623	
3 2591	2626	3611	
3 758	2592	606	
3 2586	2592	453	
3 216	2558	2594	
3 2593	2594	2595	
3 2593	216	2594	
3 564	2597	2595	
3 484	2602	2605	
3 2565	2596	2558	
3 2598	485	2568	
3 2599	2597	564	
3 2605	2602	2600	
3 620	2598	2568	
3 564	2596	2598	
3 2598	2599	564	
3 2599	620	2601	
3 2602	218	2600	
3 217	2595	2605	
3 565	2603	620	
3 620	2603	2601	
3 484	2604	2602	
3 2610	2611	2608	
3 2604	2606	392	
3 484	2601	2606	
3 2611	2610	2609	
3 2595	2597	2605	
3 484	2605	2597	
3 2603	2541	2606	
3 2612	2606	2541	
3 2608	219	2610	
3 2609	218	2602	
3 2612	2608	392	
3 2608	1751	1752	
3 2611	2604	392	
3 219	2607	2610	
3 2609	2610	2607	
3 2604	2611	2609	
3 392	2608	2611	
3 2612	392	2606	
3 2612	332	2538	
3 148	2616	2614	
3 2613	2614	2615	
3 2613	148	2614	
3 2553	149	2615	
3 2613	2615	149	
3 147	2616	148	
3 2617	2523	456	
3 2523	2617	2616	
3 2618	2617	456	
3 2619	2618	456	
3 2620	455	2553	
3 2621	456	690	
3 2619	739	2622	
3 2618	607	2620	
3 455	2623	368	
3 2624	690	2462	
3 739	2619	2621	
3 2628	739	2625	
3 2622	2628	2626	
3 2620	607	2623	
3 2623	607	2626	
3 2625	2624	2462	
3 739	2621	2624	
3 2627	2625	2462	
3 3612	2628	2625	
3 3611	2626	780	
3 2623	2626	2591	
3 2462	2464	2627	
3 3609	2627	2464	
3 2625	2627	3612	
3 2626	2628	780	
3 2632	2630	134	
3 2629	2630	2631	
3 2629	134	2630	
3 2520	135	2631	
3 2629	2631	135	
3 133	2635	2634	
3 2632	2634	2635	
3 2636	2633	601	
3 537	2630	2633	
3 2637	2649	132	
3 2632	134	2634	
3 2640	2638	601	
3 2638	2636	601	
3 2636	642	2639	
3 2650	2637	132	
3 460	2638	2640	
3 601	2635	2640	
3 460	2642	2638	
3 642	2433	2639	
3 2433	537	2639	
3 2635	2637	2640	
3 2640	2637	2652	
3 2641	2638	2642	
3 2642	2645	2641	
3 460	2644	2642	
3 2643	2645	2646	
3 2643	661	2656	
3 602	642	2643	
3 2644	460	2648	
3 661	2643	2646	
3 2642	2644	2645	
3 2485	2647	2644	
3 2644	2646	2645	
3 661	2647	2483	
3 2644	2647	2646	
3 2485	2483	2647	
3 2652	2648	460	
3 548	2654	2655	
3 2650	2653	548	
3 2637	133	2649	
3 2652	2650	548	
3 2648	2652	548	
3 2650	132	2651	
3 2652	460	2640	
3 131	2475	2653	
3 2651	131	2653	
3 2473	2655	461	
3 548	2653	2654	
3 2473	609	2655	
3 2648	2655	609	
3 661	2483	3495	
3 934	2435	2656	
3 2703	2704	2707	
3 3183	3193	489	
3 2662	2660	156	
3 2657	207	2658	
3 2659	2660	2661	
3 2659	156	2660	
3 2443	157	2661	
3 2659	2661	157	
3 155	2665	2664	
3 2662	2664	2665	
3 2666	2663	604	
3 541	2660	2663	
3 2667	2665	155	
3 2662	156	2664	
3 2665	2667	2670	
3 2670	604	2665	
3 2666	644	2669	
3 2680	154	2667	
3 2588	2667	154	
3 2668	2676	2673	
3 2666	2671	644	
3 2672	644	605	
3 2675	541	2669	
3 542	2670	2667	
3 2668	604	2670	
3 2668	2673	2671	
3 2678	2674	2677	
3 605	2445	2672	
3 2675	2445	452	
3 2676	2668	542	
3 2677	2674	644	
3 2682	2674	662	
3 605	644	2674	
3 2445	2675	2672	
3 2443	2675	452	
3 2588	2676	542	
3 2681	2676	453	
3 2673	707	2677	
3 2674	2678	662	
3 2677	707	2678	
3 2679	2678	707	
3 2681	2679	707	
3 3503	2683	2679	
3 2592	2681	453	
3 2667	155	2680	
3 2679	2681	758	
3 3505	662	2683	
3 911	2759	2682	
3 912	3557	3587	
3 662	2679	2683	
3 203	2728	2730	
3 2686	2684	395	
3 2687	2686	395	
3 2701	2685	2684	
3 2701	2686	568	
3 2688	2687	395	
3 2687	624	2689	
3 2690	2688	395	
3 2688	849	2691	
3 2689	624	2692	
3 2689	490	2704	
3 2732	491	2734	
3 2690	569	2694	
3 2695	2691	849	
3 2691	2695	2698	
3 3199	624	2698	
3 3196	3198	2710	
3 2735	491	2733	
3 491	2735	2693	
3 2697	2694	569	
3 2694	2697	2699	
3 2699	849	2694	
3 3626	3302	863	
3 2739	396	2738	
3 2741	2700	2696	
3 2700	569	2696	
3 3575	2697	984	
3 3204	2695	863	
3 2710	3198	3200	
3 3764	2699	862	
3 2695	849	2699	
3 2696	2739	2741	
3 984	2697	2700	
3 2685	2701	204	
3 2686	2701	2684	
3 568	2704	2703	
3 2703	2701	568	
3 2701	2703	2702	
3 2689	2704	568	
3 2705	2707	2706	
3 2706	206	2705	
3 2707	205	2703	
3 2708	2706	490	
3 206	2706	2657	
3 490	2707	2704	
3 2709	2708	490	
3 2657	2708	394	
3 2689	2709	490	
3 2692	3198	3197	
3 3201	3203	2711	
3 2710	3201	3196	
3 2711	3203	3206	
3 3189	567	3186	
3 3207	926	3205	
3 2715	3212	3211	
3 3194	489	3193	
3 2713	3194	3195	
3 2714	3302	2719	
3 3210	3213	2712	
3 3215	2715	3211	
3 623	3212	3253	
3 2719	2716	2714	
3 3220	2720	3217	
3 3219	3218	2717	
3 3239	665	3237	
3 3215	3219	2715	
3 3234	3233	2718	
3 2714	3279	3302	
3 2719	3302	3523	
3 3230	3228	3226	
3 3226	3225	2721	
3 957	3217	3221	
3 3223	3225	3227	
3 3223	3227	2722	
3 3231	2722	3227	
3 3231	3229	2723	
3 2723	3229	3235	
3 3245	3244	937	
3 2725	3239	3238	
3 3249	3242	3247	
3 3236	3237	665	
3 3248	3250	3245	
3 2725	3238	3241	
3 3254	3262	2727	
3 3255	3233	3243	
3 2731	2729	202	
3 2728	2729	2730	
3 2728	202	2729	
3 2732	2730	491	
3 2684	203	2730	
3 201	2737	2736	
3 201	1756	2737	
3 2734	491	2693	
3 395	2684	2732	
3 2731	396	2733	
3 2733	396	2735	
3 2690	2734	2693	
3 395	2732	2734	
3 396	2696	2735	
3 2696	2693	2735	
3 396	2731	2737	
3 2731	202	2736	
3 2737	2731	2736	
3 2739	2738	333	
3 396	2737	2738	
3 2739	333	2740	
3 396	2739	2696	
3 2742	2740	333	
3 984	2700	2740	
3 2739	2740	2741	
3 2740	2700	2741	
3 2808	2816	397	
3 2742	571	3506	
3 2745	160	2743	
3 159	2439	2744	
3 2747	2744	2439	
3 2744	451	2745	
3 2750	450	2753	
3 2753	2745	451	
3 450	2761	3459	
3 2439	367	2747	
3 2748	2747	367	
3 2749	2748	367	
3 3459	2753	450	
3 367	2444	2751	
3 2752	737	778	
3 2748	689	2750	
3 2754	2750	689	
3 2755	2751	2445	
3 2756	2751	2755	
3 689	2749	2752	
3 2752	2749	2756	
3 2745	2753	2746	
3 451	2750	2753	
3 2757	689	2752	
3 2758	2754	736	
3 2445	605	2755	
3 605	2682	2759	
3 2752	2756	737	
3 2749	2751	2756	
3 736	2754	2757	
3 689	2757	2754	
3 2767	2758	736	
3 603	3457	3459	
3 737	2755	2759	
3 2759	2755	605	
3 2762	2760	778	
3 2763	2760	824	
3 2758	643	2761	
3 2764	540	2895	
3 2765	2762	778	
3 2762	2765	2766	
3 2784	2763	824	
3 791	2769	2767	
3 2761	643	2764	
3 540	2768	449	
3 778	737	2765	
3 3509	737	2759	
3 2766	809	3560	
3 2784	2766	842	
3 736	2763	2767	
3 791	2767	2763	
3 2764	643	2768	
3 2768	643	2769	
3 2774	2769	791	
3 2769	753	2770	
3 2770	753	2771	
3 449	2768	2770	
3 2772	2771	753	
3 2773	2771	903	
3 2774	2772	753	
3 2772	2774	2775	
3 903	2776	2773	
3 2773	2776	2778	
3 2769	2774	753	
3 2782	2774	791	
3 856	2786	3614	
3 903	2777	2776	
3 903	2775	2777	
3 2778	2776	666	
3 2775	904	2777	
3 2780	2779	2777	
3 2778	666	2783	
3 2906	538	2904	
3 2780	2777	904	
3 939	2976	2981	
3 2985	897	2984	
3 2781	2780	939	
3 666	2779	2781	
3 2780	2781	2779	
3 791	2763	2784	
3 2785	2782	2784	
3 2981	666	2781	
3 629	654	2783	
3 2766	2784	824	
3 2785	2784	842	
3 2786	2785	842	
3 856	2782	2785	
3 3664	842	3613	
3 2786	942	3614	
3 2790	197	196	
3 2787	2788	2789	
3 2787	197	2788	
3 570	2791	2789	
3 492	2798	2803	
3 2820	195	194	
3 2788	2792	570	
3 2793	2791	570	
3 2803	2798	2794	
3 2795	2792	2790	
3 2800	2793	2796	
3 2796	570	2792	
3 2793	625	2797	
3 2798	199	2794	
3 198	2789	2803	
3 2790	2799	2795	
3 2795	2799	2805	
3 2795	2796	2792	
3 2806	2796	2795	
3 571	2801	625	
3 625	2801	2797	
3 492	2802	2798	
3 2817	2818	397	
3 2799	494	2805	
3 2806	2800	2796	
3 2810	2811	2806	
3 571	2742	2801	
3 2802	2808	397	
3 492	2797	2808	
3 2809	2818	2817	
3 2789	2791	2803	
3 492	2803	2791	
3 195	2812	2804	
3 2799	2790	2813	
3 2814	2805	494	
3 2805	2814	2815	
3 2810	2806	493	
3 2811	2800	2806	
3 2879	2807	652	
3 571	625	2807	
3 2801	2742	2808	
3 2816	2808	2742	
3 2817	200	2809	
3 2818	199	2798	
3 2805	2815	493	
3 2810	2815	2823	
3 2819	2811	2810	
3 2807	2800	2811	
3 2812	2820	2821	
3 2804	2812	2813	
3 494	2813	2812	
3 2821	2814	494	
3 2814	2821	2822	
3 2823	2815	697	
3 2810	493	2815	
3 2742	333	2816	
3 2824	1755	2817	
3 2824	397	2816	
3 2817	1755	1756	
3 397	2818	2802	
3 2810	2823	2825	
3 2807	2819	652	
3 2831	2835	495	
3 398	2822	2821	
3 2812	2821	494	
3 2831	2821	2820	
3 2826	2822	398	
3 2822	2826	2827	
3 2827	697	2822	
3 2823	789	2825	
3 397	2824	2817	
3 2816	333	2824	
3 652	2819	2825	
3 2825	2819	2810	
3 2828	2826	398	
3 2826	2828	2829	
3 2834	2830	749	
3 2823	697	2827	
3 2831	2828	398	
3 2828	2831	2832	
3 2833	2829	698	
3 2829	2833	2834	
3 822	789	2830	
3 2823	2830	789	
3 2821	2831	398	
3 2835	2831	2820	
3 2836	2832	495	
3 2832	2836	2837	
3 2837	2833	698	
3 2838	2833	748	
3 2839	2834	788	
3 2830	2834	822	
3 2820	194	2835	
3 2840	194	193	
3 2854	495	2840	
3 2854	192	2841	
3 2842	2837	399	
3 2833	2837	748	
3 2843	2838	748	
3 2838	2843	2849	
3 788	2838	2849	
3 2839	2850	2852	
3 495	2835	2840	
3 194	2840	2835	
3 495	2854	2836	
3 2871	2841	192	
3 2855	2842	399	
3 2844	2842	679	
3 2844	2843	748	
3 2845	2843	2844	
3 2842	2844	748	
3 2868	2844	679	
3 2846	2845	787	
3 819	2843	2845	
3 787	2868	2856	
3 2845	2847	819	
3 2846	820	2847	
3 2839	2852	822	
3 820	2860	2847	
3 2848	2860	2857	
3 2848	2851	819	
3 788	2850	2839	
3 2849	2851	2850	
3 2848	2853	2851	
3 819	2851	2849	
3 2848	2857	2853	
3 2853	2850	2851	
3 2885	2874	2852	
3 821	2852	2853	
3 2850	2853	2852	
3 192	2854	193	
3 2836	2854	2841	
3 2841	2855	399	
3 2858	2855	400	
3 2864	723	770	
3 2846	2859	820	
3 2848	2847	2860	
3 2888	2890	2892	
3 2862	2858	400	
3 2863	2858	334	
3 2864	2859	2856	
3 2865	2859	818	
3 2865	820	2859	
3 2882	2857	2872	
3 2872	2857	2860	
3 839	2884	2882	
3 2866	2862	400	
3 2346	334	2862	
3 2867	2863	334	
3 2868	787	2844	
3 723	2864	2856	
3 2864	2886	2880	
3 2865	818	2869	
3 820	2865	2870	
3 2871	2866	400	
3 2347	2866	191	
3 2924	401	2925	
3 2867	2916	2881	
3 2867	2868	2863	
3 2856	2868	723	
3 2887	2869	818	
3 2869	2887	3511	
3 2865	2869	2870	
3 2872	2869	839	
3 2841	2871	400	
3 191	2871	192	
3 2882	2872	839	
3 2860	2870	2872	
3 789	2874	2875	
3 2873	854	2876	
3 840	2875	2874	
3 822	2852	2874	
3 854	2873	2875	
3 2875	2873	789	
3 2878	2876	854	
3 2876	2878	2879	
3 2885	2892	840	
3 868	3616	2878	
3 854	2877	2878	
3 868	2878	2877	
3 3507	3508	3506	
3 2879	3507	2807	
3 2887	2880	838	
3 818	2864	2880	
3 3022	2881	572	
3 770	723	2881	
3 839	2883	2884	
3 2857	2882	2861	
3 3511	839	2869	
3 3633	2883	3632	
3 2883	918	2884	
3 2888	2884	918	
3 821	2861	2885	
3 2888	2861	2884	
3 770	3022	3021	
3 838	2880	2886	
3 838	2893	3617	
3 917	3511	2887	
3 918	2890	2888	
3 2885	2861	2888	
3 805	2891	2889	
3 2893	838	2889	
3 3618	2890	918	
3 868	2877	2890	
3 3018	3017	805	
3 3619	2893	2891	
3 2888	2892	2885	
3 2877	2892	2890	
3 3619	2891	833	
3 2893	1021	3617	
3 2896	163	2894	
3 603	3458	3457	
3 2764	2895	603	
3 2895	540	2896	
3 2897	540	449	
3 540	2897	2896	
3 2899	2902	539	
3 2900	165	2898	
3 164	2897	2899	
3 2902	2899	2897	
3 2899	539	2900	
3 2904	538	2907	
3 2907	2900	539	
3 2933	2935	628	
3 2897	449	2902	
3 2903	703	2904	
3 2902	449	2903	
3 2905	449	2770	
3 2906	2904	703	
3 2935	2907	538	
3 2771	2905	2770	
3 703	2903	2905	
3 2773	2906	703	
3 2936	2906	2778	
3 2900	2907	2901	
3 539	2904	2907	
3 168	2910	2908	
3 502	2909	2911	
3 502	409	2909	
3 3027	3029	3030	
3 2940	2910	576	
3 2908	2910	2911	
3 502	2911	2910	
3 2926	187	2912	
3 186	1835	3041	
3 2914	2913	402	
3 2917	2913	496	
3 2914	402	3015	
3 2914	572	2915	
3 2916	2915	572	
3 2915	401	2920	
3 2881	2916	572	
3 2867	334	2925	
3 2926	2917	188	
3 2913	2917	2912	
3 496	2920	2919	
3 2919	2917	496	
3 2917	2919	2918	
3 2915	2920	496	
3 2921	2923	2922	
3 2922	190	2921	
3 2923	189	2919	
3 2924	2922	401	
3 190	2922	2346	
3 401	2923	2920	
3 2925	401	2916	
3 2346	2924	334	
3 2867	2925	2916	
3 334	2924	2925	
3 2930	2928	167	
3 2917	2926	2912	
3 2927	2928	2929	
3 2927	167	2928	
3 2910	168	2929	
3 2927	2929	168	
3 166	2933	2932	
3 2930	2932	2933	
3 2934	2931	628	
3 576	2928	2931	
3 166	2901	2933	
3 2930	167	2932	
3 2935	2933	2901	
3 628	2935	2938	
3 2934	654	2937	
3 2907	2935	2901	
3 538	2936	2938	
3 2936	538	2906	
3 2783	654	2936	
3 629	2939	654	
3 2937	654	2939	
3 538	2938	2935	
3 2936	2934	2938	
3 2941	2939	629	
3 2937	2940	576	
3 2940	2939	2941	
3 2910	2940	502	
3 2974	2975	750	
3 2941	409	502	
3 2945	2943	173	
3 2942	2943	2944	
3 2942	173	2943	
3 499	2947	2944	
3 2965	2966	2963	
3 172	2949	2948	
3 2945	2948	2949	
3 2950	2946	574	
3 499	2943	2946	
3 1878	2947	499	
3 2966	2965	2964	
3 2952	2968	171	
3 2945	173	2948	
3 2955	2953	574	
3 2953	2950	574	
3 2950	627	2954	
3 2963	175	2965	
3 2964	174	2944	
3 170	3029	3027	
3 500	2953	2955	
3 574	2949	2955	
3 500	2957	2953	
3 627	1878	2954	
3 1878	499	2954	
3 2949	2952	2955	
3 2955	2952	3034	
3 2957	2956	2953	
3 2957	2960	2956	
3 500	3033	2959	
3 2958	627	2960	
3 2958	653	2972	
3 575	627	2958	
3 2962	2969	896	
3 2961	2958	2960	
3 2957	2959	2960	
3 2958	2961	653	
3 2960	2959	2961	
3 2962	2961	2959	
3 2969	2962	2959	
3 2970	2962	896	
3 2967	2963	408	
3 175	2963	1867	
3 2966	2947	408	
3 175	2951	2965	
3 2964	2965	2951	
3 2947	2966	2964	
3 408	2963	2966	
3 1877	2967	408	
3 2967	339	1868	
3 2959	699	2969	
3 2952	172	2968	
3 2971	2969	699	
3 2970	896	2979	
3 2972	2980	930	
3 3033	3032	699	
3 2971	750	2977	
3 2980	653	2970	
3 930	1880	2972	
3 896	2969	2977	
3 2973	2982	2983	
3 750	2971	2974	
3 2971	699	3032	
3 2941	629	2975	
3 2781	939	2981	
3 2984	897	2982	
3 750	2975	2976	
3 2978	750	2976	
3 896	2977	2979	
3 2984	2976	939	
3 897	2983	2982	
3 2977	2978	2979	
3 2978	2984	2982	
3 2970	898	2980	
3 3620	2980	898	
3 2976	629	2981	
3 2783	2981	629	
3 2973	2979	2982	
3 2978	2982	2979	
3 3512	2983	897	
3 2983	3512	3848	
3 2976	2984	2978	
3 2985	2984	939	
3 904	3513	2780	
3 2985	3513	3577	
3 2988	185	2986	
3 2988	1835	185	
3 2989	2987	1906	
3 2987	404	2988	
3 1835	2988	404	
3 1906	336	2989	
3 2990	2989	336	
3 2991	2990	336	
3 2992	335	1835	
3 2993	2991	336	
3 2991	725	2994	
3 2990	681	2992	
3 2995	2992	681	
3 2996	2993	336	
3 2997	2993	668	
3 2998	2994	725	
3 2999	2994	773	
3 2999	2995	681	
3 2995	726	3000	
3 1906	2996	336	
3 2996	337	3001	
3 3002	2997	668	
3 725	3003	2998	
3 3003	725	2997	
3 3020	833	3013	
3 726	3012	3009	
3 2995	2999	726	
3 3004	3000	726	
3 3005	3000	680	
3 3006	3001	337	
3 3007	3001	318	
3 3007	668	3001	
3 709	771	3002	
3 2997	771	3003	
3 771	709	3535	
3 3009	3004	726	
3 3010	3004	772	
3 3011	3005	680	
3 3043	403	3041	
3 3083	3084	3085	
3 1632	318	3006	
3 3007	318	1861	
3 3002	668	3007	
3 2998	3003	3008	
3 771	3008	3003	
3 3012	726	2999	
3 772	3016	3013	
3 3014	3010	772	
3 3015	402	3011	
3 3015	3011	680	
3 3011	402	2912	
3 2999	773	3012	
3 3020	3013	3016	
3 2891	3013	833	
3 3009	3016	772	
3 3017	3014	772	
3 3014	3017	3018	
3 3010	724	3015	
3 2914	3015	724	
3 773	3024	3012	
3 773	2998	3019	
3 772	3013	3017	
3 2891	3017	3013	
3 3021	3018	805	
3 3022	572	2914	
3 3023	3008	981	
3 773	3019	3024	
3 3024	3016	3012	
3 3023	3019	3008	
3 2889	3021	805	
3 2886	770	3021	
3 3021	3022	3018	
3 2881	3022	770	
3 3023	981	3025	
3 3024	3023	3020	
3 3023	3024	3019	
3 3020	3016	3024	
3 3515	3025	981	
3 3516	3025	992	
3 3028	171	3026	
3 3028	2952	171	
3 2909	3030	3029	
3 3027	501	3028	
3 3028	501	3034	
3 169	3029	170	
3 3030	2909	409	
3 3031	3030	409	
3 3027	3030	501	
3 3032	3031	409	
3 3031	3032	3033	
3 409	2974	3032	
3 2971	3032	2974	
3 2959	3033	699	
3 3034	3033	500	
3 2955	3034	500	
3 3028	3034	2952	
3 3036	3035	277	
3 3037	3035	505	
3 276	3036	277	
3 411	505	3036	
3 505	504	3037	
3 577	3045	3049	
3 276	275	3038	
3 275	3443	3445	
3 3039	506	3454	
3 276	3039	3036	
3 186	3041	3040	
3 3042	187	3040	
3 3043	3041	1835	
3 3041	403	3042	
3 2912	3042	403	
3 335	3043	1835	
3 3005	403	3043	
3 279	3047	3045	
3 3044	3045	3046	
3 3044	279	3045	
3 577	3048	3046	
3 503	3054	3058	
3 278	3047	279	
3 3037	504	3049	
3 3050	3048	577	
3 3058	3054	3051	
3 3037	3049	3047	
3 577	3052	3050	
3 577	3049	3052	
3 3050	630	3053	
3 3054	281	3051	
3 280	3046	3058	
3 3049	504	3052	
3 504	3059	3052	
3 578	3056	630	
3 3053	630	3056	
3 503	3057	3054	
3 3054	3057	3062	
3 3063	3064	3059	
3 3056	3065	3061	
3 503	3061	3057	
3 503	3053	3061	
3 3057	410	3062	
3 3046	3048	3058	
3 503	3058	3048	
3 3063	3059	504	
3 3064	3055	3059	
3 3077	655	3075	
3 578	630	3060	
3 3065	3056	578	
3 410	3061	3066	
3 3067	3062	410	
3 282	281	3062	
3 504	700	3063	
3 700	3517	3070	
3 3068	3064	3063	
3 3060	3055	3064	
3 3065	578	3069	
3 3066	340	3067	
3 3061	3065	3066	
3 3078	3065	3069	
3 3066	3067	410	
3 283	3067	340	
3 3071	3063	3070	
3 3060	3068	655	
3 655	3077	3060	
3 3081	871	340	
3 700	3070	3063	
3 3073	3070	3072	
3 3063	3071	3068	
3 3072	3070	972	
3 3079	3072	972	
3 3071	3073	655	
3 3074	3072	3079	
3 3073	3072	3074	
3 927	3076	973	
3 578	3077	3069	
3 3076	3074	973	
3 3077	578	3060	
3 3621	3076	927	
3 3075	3074	3076	
3 3075	3076	3077	
3 3077	3076	3621	
3 3080	3078	3069	
3 3080	3081	3078	
3 3079	3579	3082	
3 972	3579	3079	
3 3621	3080	3069	
3 3080	3621	3622	
3 3080	873	3081	
3 3623	872	284	
3 3736	3082	1015	
3 3851	3908	3885	
3 3085	183	3083	
3 3085	1906	183	
3 3006	337	3084	
3 3084	337	3085	
3 1906	3085	337	
3 181	3086	182	
3 3006	3086	1632	
3 265	3107	3109	
3 3432	3434	581	
3 3092	3090	271	
3 3087	266	3088	
3 3089	3090	3091	
3 3089	271	3090	
3 3094	508	3102	
3 3091	508	3094	
3 270	3099	3098	
3 270	1977	3099	
3 3095	3093	413	
3 508	3090	3093	
3 3097	412	507	
3 3091	3096	272	
3 413	3100	3101	
3 3104	3102	580	
3 3097	3096	3094	
3 273	272	3096	
3 412	3097	3094	
3 3097	507	3446	
3 413	3092	3099	
3 3092	271	3098	
3 3099	3092	3098	
3 3100	341	3101	
3 413	3099	3100	
3 3101	341	3103	
3 580	3095	3101	
3 508	3095	3102	
3 580	3102	3095	
3 3440	3103	341	
3 3103	3440	3518	
3 3105	3104	580	
3 850	3647	3106	
3 580	3101	3519	
3 3563	3520	3105	
3 412	3104	3106	
3 850	3106	3104	
3 3110	3108	264	
3 3107	3108	3109	
3 3107	264	3108	
3 3112	3109	510	
3 3087	265	3109	
3 263	3116	3115	
3 3110	3115	3116	
3 416	1970	3113	
3 510	3108	3111	
3 3114	3112	510	
3 415	3087	3112	
3 1970	583	3113	
3 415	3112	3114	
3 3113	583	3114	
3 1975	3114	583	
3 263	3117	3116	
3 3110	264	3115	
3 1964	3118	3117	
3 262	3117	263	
3 3118	1964	342	
3 416	3116	3118	
3 3117	3118	3116	
3 3122	3164	247	
3 3119	3120	3121	
3 3119	248	3120	
3 586	3123	3121	
3 514	3130	3135	
3 3155	246	245	
3 3120	3124	586	
3 3125	3123	586	
3 3135	3130	3126	
3 3127	3124	3122	
3 3132	3125	3128	
3 3128	586	3124	
3 3125	634	3129	
3 3130	250	3126	
3 249	3121	3135	
3 3122	3131	3127	
3 3127	3131	3137	
3 3127	3128	3124	
3 3138	3128	3127	
3 587	3133	634	
3 3129	634	3133	
3 514	3134	3130	
3 3152	3153	3150	
3 3131	516	3137	
3 3138	3132	3128	
3 3142	3143	3138	
3 3133	3148	3140	
3 514	3140	3134	
3 514	3129	3140	
3 3153	3152	3151	
3 3121	3123	3135	
3 514	3135	3123	
3 246	3144	3136	
3 3131	3122	3145	
3 3146	3137	516	
3 3137	3146	3147	
3 3142	3138	515	
3 3143	3132	3138	
3 3176	3165	3139	
3 587	634	3139	
3 3148	3133	587	
3 3140	3148	3149	
3 3150	251	3152	
3 3151	250	3130	
3 3137	3147	515	
3 3142	3147	3158	
3 3154	3143	3142	
3 3139	3132	3143	
3 3144	3155	3156	
3 3136	3144	3145	
3 516	3145	3144	
3 3156	3146	516	
3 3146	3156	3157	
3 3158	3147	701	
3 3142	515	3147	
3 3159	3148	587	
3 3149	3148	1989	
3 1989	346	3149	
3 421	3160	3150	
3 421	3149	3160	
3 251	3150	1982	
3 3153	3134	421	
3 251	3141	3152	
3 3151	3152	3141	
3 3134	3153	3151	
3 421	3150	3153	
3 3142	3158	3161	
3 3139	3154	658	
3 3396	3398	3401	
3 422	3157	3156	
3 3144	3156	516	
3 3404	3156	3155	
3 3162	3157	422	
3 3157	3162	3163	
3 3163	3158	701	
3 3163	3161	3158	
3 587	3165	3159	
3 728	1989	3159	
3 3149	346	3160	
3 3160	346	1983	
3 658	3154	3161	
3 3161	3154	3142	
3 422	3404	3167	
3 3169	3162	3167	
3 3163	701	3157	
3 3180	751	3175	
3 587	3139	3165	
3 3122	248	3164	
3 3176	3139	658	
3 899	3180	3179	
3 3176	3166	3521	
3 3168	3167	517	
3 3167	3168	3169	
3 3398	3168	517	
3 588	3397	3170	
3 3171	3169	635	
3 751	3162	3169	
3 635	3168	3170	
3 588	3170	3168	
3 3172	635	754	
3 3171	792	3173	
3 3172	754	3320	
3 792	3171	3172	
3 3174	3173	792	
3 3173	3174	3175	
3 3177	792	825	
3 3181	3178	843	
3 3179	3175	857	
3 3163	3180	899	
3 658	3166	3176	
3 3521	3166	900	
3 3322	3177	825	
3 3178	3177	843	
3 857	3174	3178	
3 3177	3178	3174	
3 857	3181	3625	
3 3166	899	3179	
3 751	3180	3163	
3 3179	3180	3175	
3 3624	3181	843	
3 940	3625	3181	
3 3184	208	3182	
3 3185	3184	3186	
3 3193	3183	2657	
3 3183	489	3184	
3 3185	3186	567	
3 3187	3185	567	
3 3188	208	3185	
3 3184	489	3186	
3 489	3194	3189	
3 3189	3265	567	
3 3187	567	3190	
3 3216	3189	2713	
3 3187	3188	3185	
3 3261	3265	3253	
3 488	3262	3192	
3 209	3278	3191	
3 3278	3192	3277	
3 3187	3278	209	
3 488	3192	3190	
3 3276	3192	621	
3 2657	394	3193	
3 3194	2713	3189	
3 3193	394	3194	
3 3195	3194	394	
3 3196	3195	394	
3 3201	2711	3216	
3 3197	3196	394	
3 3196	3197	3198	
3 2708	3197	394	
3 2709	2692	3197	
3 2692	3199	3198	
3 3198	3199	3200	
3 624	3199	2692	
3 3202	3200	3199	
3 3202	3199	2698	
3 3200	3205	3203	
3 3196	3201	3195	
3 3203	3201	2710	
3 2698	2695	3204	
3 3200	3202	3205	
3 3200	3203	2710	
3 3206	3203	926	
3 3204	3279	3207	
3 3205	926	3203	
3 3202	3204	3205	
3 3207	3205	3204	
3 3208	3206	926	
3 3209	3206	2712	
3 3279	3204	863	
3 3213	3210	2716	
3 3207	3214	926	
3 3208	3214	3210	
3 3211	3209	2712	
3 3212	623	3216	
3 3208	926	3214	
3 2714	2716	3210	
3 3213	3211	2712	
3 3211	3213	3215	
3 3211	3212	3209	
3 3234	3212	2715	
3 3217	3213	2716	
3 3213	957	3215	
3 3279	3214	3207	
3 2714	3210	3214	
3 3218	3215	957	
3 3215	3218	3219	
3 3189	3216	623	
3 3216	2713	3201	
3 3220	3217	2716	
3 3221	2721	3218	
3 3221	3218	957	
3 3222	3218	2721	
3 3233	3219	2717	
3 3234	3219	3233	
3 2716	2719	3220	
3 3280	2719	956	
3 3217	2720	3221	
3 3226	3221	2720	
3 2721	3223	3222	
3 3222	3223	3224	
3 3225	3223	2721	
3 3224	3223	2722	
3 3236	3224	2722	
3 3233	3224	665	
3 2721	3221	3226	
3 3225	971	3227	
3 2720	3280	3230	
3 3225	3226	3228	
3 3229	3227	971	
3 3227	3229	3231	
3 3226	2720	3230	
3 3228	3230	3232	
3 3252	971	3232	
3 971	3252	3229	
3 3230	956	3522	
3 3228	3232	971	
3 3244	3231	2723	
3 3236	3231	2724	
3 3283	3232	3230	
3 3260	3235	3252	
3 3224	3233	2717	
3 3243	665	3239	
3 3234	2718	3253	
3 2715	3219	3234	
3 3297	3296	3292	
3 3235	3292	3256	
3 3237	3236	2724	
3 3224	3236	665	
3 3238	3237	2724	
3 3237	3238	3239	
3 3240	3238	2724	
3 3238	3240	3241	
3 3242	3239	2725	
3 3239	3242	3243	
3 3244	3240	2724	
3 3245	3240	3244	
3 3246	3241	2726	
3 3241	3246	3247	
3 3247	2725	3241	
3 3254	3242	3249	
3 3255	3243	2727	
3 3233	665	3243	
3 3231	3244	2724	
3 3256	3244	2723	
3 3248	3245	937	
3 2726	3240	3245	
3 2726	3245	3250	
3 3291	3257	2566	
3 3249	3247	622	
3 3242	2725	3247	
3 3258	3248	937	
3 3250	3248	3251	
3 622	3259	3264	
3 3249	651	3254	
3 3248	2575	3251	
3 3246	2726	3250	
3 3281	3251	2575	
3 747	2566	3257	
3 3260	3252	3232	
3 3235	3229	3252	
3 2718	3261	3253	
3 3265	623	3253	
3 3268	3262	651	
3 2727	3242	3254	
3 3263	3255	2727	
3 3233	3255	2718	
3 2723	3235	3256	
3 3296	3258	3292	
3 3246	3251	3257	
3 747	3257	3251	
3 3256	3258	937	
3 2575	3287	3282	
3 3259	622	3257	
3 3267	3266	3259	
3 3283	3260	3232	
3 965	3235	3260	
3 3263	2718	3255	
3 488	3190	3284	
3 3192	3262	621	
3 3262	488	3263	
3 3262	3263	2727	
3 3261	3263	488	
3 622	3264	3249	
3 3266	3264	3259	
3 3261	488	3284	
3 3189	623	3265	
3 3267	3259	487	
3 3266	566	3268	
3 3269	3286	3285	
3 212	3286	3269	
3 3271	3268	566	
3 3262	3268	621	
3 3285	213	3269	
3 3270	3286	212	
3 3274	3272	211	
3 566	3267	3270	
3 3274	3270	3272	
3 211	3275	3274	
3 3276	621	3275	
3 3270	212	3272	
3 3275	621	3271	
3 211	3273	3275	
3 566	3274	3271	
3 3275	3273	3276	
3 3277	3276	210	
3 3273	210	3276	
3 3190	3278	3187	
3 3277	210	3191	
3 3302	3279	863	
3 3277	3191	3278	
3 3214	3279	2714	
3 2720	3220	3280	
3 2719	3280	3220	
3 3282	3281	2575	
3 2574	747	3281	
3 2575	3258	3287	
3 2576	2574	3282	
3 3564	3642	3522	
3 3230	3522	3283	
3 567	3284	3190	
3 3265	3261	3284	
3 3288	3285	487	
3 213	3285	2559	
3 3285	3286	487	
3 3258	3289	3287	
3 3282	3290	2576	
3 487	3259	3291	
3 3288	393	2560	
3 3292	3258	3256	
3 3293	3289	894	
3 3293	3287	3289	
3 3294	3295	3293	
3 3257	3291	3259	
3 393	3291	2566	
3 3297	3235	965	
3 894	3289	3296	
3 3293	894	3294	
3 3287	3293	3290	
3 894	3296	3298	
3 894	3299	3294	
3 3294	2577	3295	
3 3295	2577	3304	
3 3258	3296	3289	
3 3292	3235	3297	
3 3524	3297	965	
3 3298	3299	894	
3 3299	3301	3300	
3 3299	3300	3294	
3 3301	3298	3297	
3 2577	3294	3300	
3 3299	3298	3301	
3 3305	895	3306	
3 3524	965	3303	
3 3300	3525	3305	
3 3626	863	2695	
3 2719	3523	956	
3 3742	3524	3804	
3 3297	3524	3301	
3 3306	3304	2577	
3 2572	2576	3304	
3 3525	3300	3301	
3 938	3745	3554	
3 3305	3306	2577	
3 2572	3306	895	
3 3307	3308	3309	
3 3311	241	240	
3 3308	3311	3312	
3 3308	557	3309	
3 3314	556	3317	
3 3317	3309	557	
3 3395	3397	588	
3 615	3462	3461	
3 3308	3312	557	
3 3311	474	3312	
3 3313	704	3314	
3 3312	474	3313	
3 3315	474	2159	
3 3316	3314	704	
3 3397	3317	556	
3 3318	3315	2159	
3 704	3313	3315	
3 704	3318	3319	
3 3170	3316	754	
3 3309	3317	3310	
3 557	3314	3317	
3 755	3318	2159	
3 3318	793	3319	
3 3320	3319	793	
3 754	3316	3319	
3 3321	3320	793	
3 3172	3320	825	
3 793	2164	3321	
3 3322	2164	826	
3 826	3486	3738	
3 3177	3322	843	
3 3325	224	3323	
3 223	2526	3324	
3 3327	3324	2526	
3 3324	482	3325	
3 3330	481	3332	
3 3332	3325	482	
3 481	3338	3350	
3 2526	390	3327	
3 3328	3327	390	
3 3329	3328	390	
3 3350	3332	481	
3 2535	3329	390	
3 3331	3329	745	
3 3328	695	3330	
3 3333	3330	695	
3 3331	745	3334	
3 695	3335	3333	
3 3325	3332	3326	
3 482	3330	3332	
3 3335	695	3331	
3 3336	3333	746	
3 745	785	3334	
3 3739	3334	785	
3 3337	3331	3334	
3 746	3333	3335	
3 746	619	3336	
3 562	3348	3350	
3 978	3341	3334	
3 3337	3334	3341	
3 3336	619	3338	
3 3339	480	3345	
3 3338	619	3339	
3 480	3340	389	
3 3339	619	3340	
3 2550	3340	619	
3 3342	3341	978	
3 3343	746	3337	
3 3740	3342	978	
3 786	3746	3555	
3 3341	3342	3343	
3 786	3343	3342	
3 3346	227	3344	
3 3346	2543	227	
3 3339	3345	562	
3 3345	480	3346	
3 2543	3346	480	
3 225	3326	3348	
3 3347	3348	3349	
3 3347	225	3348	
3 3345	226	3349	
3 3347	3349	226	
3 3350	3326	3332	
3 3338	562	3350	
3 3351	3352	3353	
3 3351	3390	3389	
3 3353	3356	561	
3 3389	3352	3351	
3 3355	3353	561	
3 561	3358	3359	
3 3353	230	3354	
3 3355	478	3390	
3 229	2548	3356	
3 3354	229	3356	
3 479	2546	3358	
3 561	3356	3357	
3 2546	618	3358	
3 618	3359	3358	
3 759	3359	618	
3 478	3355	3359	
3 3363	3361	233	
3 3360	3361	3362	
3 3360	233	3361	
3 559	3365	3362	
3 235	3370	3387	
3 232	3367	3366	
3 3363	3366	3367	
3 3368	3364	616	
3 559	3361	3364	
3 3373	559	3364	
3 3370	3386	3387	
3 3371	3367	232	
3 3363	233	3366	
3 3367	3371	3375	
3 3375	616	3367	
3 649	3369	3373	
3 649	617	3369	
3 3380	2145	388	
3 3383	2138	3387	
3 3386	234	3362	
3 231	3389	3388	
3 231	3352	3389	
3 3372	3381	3378	
3 3368	3376	649	
3 649	3373	3368	
3 3369	559	3373	
3 3377	3374	3369	
3 3374	3377	3380	
3 560	3375	3371	
3 3372	616	3375	
3 3372	3378	3376	
3 3384	3379	3382	
3 3369	617	3377	
3 617	2145	3377	
3 3381	3372	560	
3 3382	3379	649	
3 3392	3379	664	
3 617	649	3379	
3 2145	3380	3377	
3 3383	3380	388	
3 3390	3381	560	
3 3391	3381	478	
3 3378	708	3382	
3 3379	3384	664	
3 2139	3383	388	
3 235	3387	2138	
3 3382	708	3384	
3 3385	3384	708	
3 3391	3385	708	
3 3529	3393	3385	
3 477	3386	3365	
3 3386	477	3387	
3 3387	477	3383	
3 560	3371	3389	
3 3371	232	3388	
3 3389	3371	3388	
3 3381	3390	478	
3 560	3389	3390	
3 3359	3391	478	
3 3385	3391	759	
3 3531	664	3393	
3 3392	913	3528	
3 914	3568	3591	
3 664	3385	3393	
3 243	3310	3395	
3 3394	3395	3396	
3 3394	243	3395	
3 588	3398	3396	
3 3402	3403	3400	
3 3317	3397	3310	
3 3170	3397	556	
3 3168	3398	588	
3 3403	3402	3401	
3 3400	245	3402	
3 3401	244	3396	
3 3404	3400	517	
3 245	3400	3155	
3 3403	3398	517	
3 245	3399	3402	
3 3401	3402	3399	
3 3398	3403	3401	
3 517	3400	3403	
3 3167	3404	517	
3 3404	422	3156	
3 3407	240	3405	
3 3407	3311	240	
3 2151	3406	615	
3 3406	558	3407	
3 3311	3407	558	
3 258	3409	3408	
3 3410	259	3408	
3 3411	3409	1635	
3 3409	344	3410	
3 1953	3410	344	
3 1635	319	3411	
3 3412	3411	319	
3 3413	3412	319	
3 3414	343	1953	
3 2073	3413	319	
3 3415	711	761	
3 3412	669	3414	
3 3416	3414	669	
3 669	3413	3415	
3 711	3415	3413	
3 3417	669	3415	
3 1956	3416	710	
3 710	3416	3417	
3 669	3417	3416	
3 3419	3418	761	
3 3420	3418	797	
3 3421	3419	761	
3 3422	851	3846	
3 797	760	3420	
3 1966	3420	760	
3 761	711	3421	
3 711	513	3538	
3 3419	796	3422	
3 796	3571	3585	
3 3425	269	3423	
3 3425	1976	269	
3 3439	3424	509	
3 3424	414	3425	
3 1976	3425	414	
3 3429	3427	267	
3 3426	3427	3428	
3 3426	267	3427	
3 3424	268	3428	
3 3426	3428	268	
3 266	3432	3431	
3 3429	3431	3432	
3 3433	3430	581	
3 509	3427	3430	
3 266	3087	3432	
3 3429	267	3431	
3 3434	3432	3087	
3 581	3434	3437	
3 3433	632	3436	
3 3087	415	3434	
3 415	3435	3437	
3 415	1975	3435	
3 3441	1975	657	
3 582	3438	632	
3 3436	632	3438	
3 415	3437	3434	
3 3435	3433	3437	
3 3440	3438	582	
3 3436	3439	509	
3 3439	3438	3440	
3 3424	3439	414	
3 3440	582	3518	
3 3440	341	414	
3 3442	3441	657	
3 582	632	3441	
3 3532	3442	657	
3 3442	928	3518	
3 3446	3444	274	
3 3443	3444	3445	
3 3443	274	3444	
3 3448	3445	579	
3 3038	275	3445	
3 3455	273	3446	
3 3097	3446	273	
3 507	3449	3451	
3 579	3444	3447	
3 3450	3448	579	
3 3038	3448	506	
3 3106	3449	507	
3 656	3449	631	
3 3450	579	3451	
3 3450	656	3452	
3 507	3451	3447	
3 3451	3449	656	
3 656	631	3453	
3 506	3452	3454	
3 3517	3453	667	
3 3454	411	3039	
3 3452	3453	3454	
3 3453	411	3454	
3 161	2746	3457	
3 3446	274	3455	
3 3456	3457	3458	
3 3456	161	3457	
3 2895	162	3458	
3 3456	3458	162	
3 3459	2746	2753	
3 2761	603	3459	
3 238	2137	3461	
3 3460	3461	3462	
3 3460	238	3461	
3 3406	239	3462	
3 3460	3462	239	
3 3463	2137	2144	
3 2149	615	3463	
3 916	1613	3464	
3 3686	1613	836	
3 1614	916	3465	
3 3741	3465	916	
3 3627	547	645	
3 983	3466	864	
3 519	2121	3467	
3 3468	2121	933	
3 2121	3468	3467	
3 933	2133	3468	
3 530	1832	3469	
3 3470	1832	923	
3 3470	923	3533	
3 985	3469	3470	
3 536	2431	3471	
3 3472	2431	935	
3 3472	935	3534	
3 977	3471	3472	
3 991	1738	3473	
3 960	3473	1738	
3 2293	3474	890	
3 3475	3474	892	
3 3825	892	3731	
3 877	929	3475	
3 879	3476	1875	
3 908	1876	3476	
3 3535	3477	908	
3 1861	3477	709	
3 866	3478	985	
3 533	3478	1944	
3 1973	943	3479	
3 3592	943	995	
3 3479	3480	944	
3 3480	958	3532	
3 3537	3481	906	
3 633	1996	3481	
3 3542	3482	859	
3 3482	1044	3543	
3 963	3544	2043	
3 3544	3483	2043	
3 3548	2056	2055	
3 2120	3547	886	
3 886	3485	2120	
3 933	2121	3485	
3 951	919	3486	
3 3486	919	3738	
3 663	901	3487	
3 3487	901	2292	
3 3629	3488	902	
3 891	936	3488	
3 3489	757	595	
3 910	3489	807	
3 3849	3490	910	
3 3490	948	3551	
3 3550	3491	2371	
3 909	2373	3491	
3 889	3492	2430	
3 935	2431	3492	
3 955	2484	3494	
3 3493	970	3495	
3 2484	954	3494	
3 970	3494	954	
3 3495	970	3496	
3 2656	661	3495	
3 970	964	3496	
3 3553	888	2437	
3 3758	861	3756	
3 3497	2482	3758	
3 3499	3498	565	
3 3500	3498	3499	
3 565	650	3499	
3 2573	3499	650	
3 938	3554	3573	
3 979	3498	3500	
3 2550	786	3501	
3 3555	3501	786	
3 2551	817	3502	
3 3502	3568	3529	
3 3556	3503	758	
3 3557	3503	3556	
3 3576	3510	3559	
3 3505	911	2682	
3 2683	3504	3505	
3 3505	3504	3559	
3 571	3507	3506	
3 3507	865	3508	
3 2807	3507	571	
3 865	3507	2879	
3 3508	865	3558	
3 984	3506	3508	
3 3510	3509	911	
3 809	2765	3509	
3 3559	3510	911	
3 1060	3842	3560	
3 3511	917	3631	
3 839	3511	3632	
3 3577	897	2985	
3 3512	3643	3645	
3 2775	3615	904	
3 3513	3561	3577	
3 981	3008	3514	
3 771	3514	3008	
3 981	3514	3634	
3 3515	3635	3671	
3 3636	3516	992	
3 3619	1021	2893	
3 411	3517	700	
3 3562	3517	667	
3 3442	3518	582	
3 3594	3518	928	
3 3103	874	3519	
3 3563	3519	874	
3 922	3647	3648	
3 3648	3647	850	
3 3521	900	3661	
3 883	931	3521	
3 3523	3564	956	
3 3303	3283	3522	
3 3765	3302	3626	
3 3678	3523	3641	
3 3679	3303	3642	
3 3303	3804	3524	
3 3742	3525	3301	
3 3923	3526	3525	
3 3305	3525	3526	
3 3923	3525	1013	
3 3343	786	3527	
3 2550	3527	786	
3 3565	3528	913	
3 2145	3528	744	
3 759	3502	3529	
3 3568	3502	817	
3 3580	3566	3567	
3 3531	913	3392	
3 3393	3530	3531	
3 3531	3530	3567	
3 3532	657	1974	
3 3532	958	3569	
3 3637	3533	923	
3 3638	3533	1031	
3 3534	935	3850	
3 3534	3925	3924	
3 908	804	3535	
3 3514	3535	804	
3 882	945	3536	
3 3541	3536	945	
3 3537	906	3538	
3 3537	513	3539	
3 3540	3538	906	
3 3421	711	3538	
3 585	3539	513	
3 1991	633	3539	
3 3541	3540	906	
3 3421	3540	796	
3 3536	3541	906	
3 3541	945	3571	
3 859	1949	3542	
3 3639	3542	3701	
3 3702	3715	1044	
3 3543	3715	3725	
3 3743	963	2058	
3 3544	3545	3546	
3 3547	3549	886	
3 3544	963	3545	
3 3586	3549	3572	
3 885	3483	3546	
3 3548	3484	2056	
3 3547	3484	3548	
3 3549	3548	3572	
3 3546	3586	3572	
3 3548	885	3572	
3 1011	3837	3844	
3 910	3550	2371	
3 3490	3551	3552	
3 3551	948	3732	
3 806	909	3551	
3 3490	3552	3550	
3 3551	909	3552	
3 3496	964	3553	
3 3640	3553	964	
3 895	3745	938	
3 785	3802	3739	
3 3746	786	3342	
3 3555	3746	3806	
3 758	606	3556	
3 2591	3556	606	
3 3574	3557	810	
3 912	3503	3557	
3 3616	3558	865	
3 3747	3558	998	
3 3505	3559	911	
3 3576	3559	3504	
3 3589	3510	3576	
3 3560	3589	3597	
3 3577	3643	3512	
3 3513	904	3561	
3 667	631	3646	
3 3562	667	3578	
3 3594	3563	874	
3 986	3563	993	
3 3523	3765	3641	
3 3522	3642	3303	
3 3565	913	3566	
3 744	3565	2155	
3 913	3531	3567	
3 816	3566	3580	
3 3657	3567	3530	
3 3580	2168	816	
3 817	3555	3581	
3 914	3529	3568	
3 3582	3569	958	
3 3583	3569	994	
3 3534	779	3570	
3 2463	3570	779	
3 3584	3571	945	
3 796	3585	3422	
3 885	3546	3572	
3 3586	3546	3545	
3 3554	785	3573	
3 2542	3573	785	
3 3611	3759	810	
3 3588	949	3576	
3 3558	862	3575	
3 2697	3575	862	
3 3588	3576	3504	
3 3576	949	3589	
3 3643	3577	3561	
3 897	3577	3512	
3 3579	3578	3649	
3 922	3649	3578	
3 3082	3579	1015	
3 972	3562	3579	
3 3567	950	3580	
3 3590	3580	950	
3 3806	3581	3555	
3 3591	3581	3598	
3 3592	958	3479	
3 3593	3582	995	
3 994	993	3583	
3 3594	874	3518	
3 3748	3584	945	
3 3819	3778	1070	
3 3584	3585	3571	
3 3422	3650	851	
3 3651	3586	3545	
3 3586	1011	3844	
3 3595	3574	988	
3 912	3587	3596	
3 3574	3595	3587	
3 3588	3595	3655	
3 3597	3589	949	
3 3510	3589	3560	
3 3683	950	3652	
3 962	2168	3590	
3 3598	3581	989	
3 914	3591	3599	
3 943	3592	3479	
3 995	3582	3592	
3 995	3930	3653	
3 3593	3653	3654	
3 3583	993	3594	
3 3563	3594	993	
3 3655	3595	988	
3 3596	3595	3588	
3 3595	3596	3587	
3 3504	3596	3588	
3 3588	3770	949	
3 3807	3750	1082	
3 3708	989	3656	
3 3657	3530	3599	
3 3591	3598	3599	
3 3684	3708	3656	
3 1541	1020	3600	
3 3751	3600	1020	
3 3658	3601	811	
3 3601	3658	3659	
3 876	1727	3602	
3 3752	3602	1727	
3 3660	846	921	
3 3660	3603	846	
3 3604	3780	3820	
3 966	3748	3753	
3 886	3605	933	
3 1061	3605	1016	
3 3683	3707	962	
3 3606	3717	3786	
3 2313	776	3607	
3 3771	3662	3607	
3 776	2313	3608	
3 596	3608	2313	
3 3924	779	3534	
3 3609	3924	3755	
3 3932	3859	3610	
3 2516	3756	861	
3 3611	780	3759	
3 3611	810	3556	
3 3663	3612	976	
3 780	2628	3612	
3 3842	3833	3613	
3 3878	3665	1010	
3 3614	942	3615	
3 856	3614	2775	
3 942	3666	3668	
3 3561	904	3615	
3 3761	3616	868	
3 3558	3616	998	
3 917	2887	3617	
3 3617	2887	838	
3 3633	3766	3813	
3 3761	998	3616	
3 833	3516	3619	
3 1021	3619	3516	
3 3762	3620	898	
3 880	930	3620	
3 3621	927	3622	
3 3077	3621	3069	
3 3851	3622	927	
3 3852	3622	1067	
3 3081	873	3623	
3 3763	3623	873	
3 3738	843	3322	
3 3689	940	3854	
3 3669	3625	940	
3 3166	3625	900	
3 3747	862	3558	
3 3302	3765	3523	
3 853	3627	645	
3 864	3466	3627	
3 3628	1052	3752	
3 877	3475	3628	
3 3928	3629	902	
3 3629	3866	3794	
3 3929	3630	1068	
3 1033	3827	3941	
3 3760	3631	917	
3 1065	1003	3631	
3 3511	3631	3632	
3 3633	3631	1003	
3 3633	1003	3766	
3 2883	3633	3813	
3 3514	804	3634	
3 3672	3635	3634	
3 3515	3634	3635	
3 3672	3634	804	
3 3694	992	3671	
3 1021	3810	3760	
3 923	3673	3637	
3 1005	3700	3674	
3 3675	3638	1031	
3 3676	3638	1042	
3 3677	3639	1042	
3 1044	3542	3639	
3 3640	3827	3799	
3 3800	3735	3798	
3 3679	3703	1034	
3 3564	3678	3642	
3 3564	3523	3678	
3 3642	3678	3679	
3 3561	3644	3643	
3 3644	3645	3643	
3 942	3668	3615	
3 3645	1058	3512	
3 3644	1008	3645	
3 1008	3853	3888	
3 631	3106	3647	
3 922	3578	3646	
3 3648	850	3520	
3 922	3646	3647	
3 986	3680	3520	
3 3649	3681	3705	
3 3681	922	3648	
3 1015	3579	3649	
3 3585	959	3650	
3 959	3778	3682	
3 963	3743	3545	
3 3814	3768	1051	
3 950	3567	3657	
3 3683	3652	3706	
3 3931	3653	1093	
3 3654	3653	996	
3 3654	996	3769	
3 993	994	3654	
3 3655	3946	3862	
3 949	3770	3597	
3 989	3831	3782	
3 950	3709	3652	
3 3708	3599	3598	
3 3684	3657	3708	
3 811	835	3658	
3 3600	3658	835	
3 915	3685	3710	
3 1613	3686	3464	
3 3838	3660	3779	
3 3603	3660	3687	
3 3690	900	3669	
3 3604	3661	3780	
3 3771	3607	776	
3 3662	3772	3774	
3 3755	976	3609	
3 3663	1055	3759	
3 842	3664	2786	
3 3665	3613	1010	
3 3853	3667	1091	
3 3613	3665	3666	
3 3667	3666	3665	
3 3668	3688	3615	
3 1091	3667	3665	
3 3688	1008	3644	
3 3666	3667	3668	
3 3688	3644	3561	
3 3689	3669	940	
3 3690	3661	900	
3 853	3691	3670	
3 3692	997	3932	
3 3693	3671	961	
3 3693	3694	3671	
3 947	3696	804	
3 3635	3695	961	
3 1829	3673	923	
3 3687	3816	1834	
3 3637	3673	3674	
3 3775	3673	858	
3 3700	1031	3674	
3 3675	1031	3700	
3 3701	1042	3639	
3 1944	3676	1949	
3 3675	3677	1042	
3 3677	1040	3702	
3 3703	3678	3641	
3 3678	3703	3679	
3 3679	1034	3776	
3 3303	3679	3804	
3 3769	986	993	
3 922	3681	3649	
3 3648	3680	3681	
3 3704	3705	3680	
3 851	3650	3682	
3 959	3682	3650	
3 950	3683	3590	
3 1019	3706	3652	
3 3684	3656	3709	
3 950	3657	3684	
3 3751	3685	915	
3 1002	3711	3718	
3 836	3659	3686	
3 3710	3686	3659	
3 3660	1004	3779	
3 3673	3775	3674	
3 3668	3667	3688	
3 1008	3688	3667	
3 3624	3854	940	
3 3854	3624	1006	
3 3669	3689	3690	
3 3780	3689	1014	
3 3691	853	837	
3 3712	3691	867	
3 3691	3712	3670	
3 3692	3712	3722	
3 3697	3693	961	
3 3988	3693	1097	
3 3693	1037	3694	
3 3810	1065	3760	
3 3672	3696	3695	
3 961	3699	3697	
3 804	3696	3672	
3 3698	3696	947	
3 3933	3697	968	
3 3693	3697	1097	
3 879	3698	947	
3 3697	3698	968	
3 3696	3698	3699	
3 3698	3697	3699	
3 1040	3677	3713	
3 3713	3677	3675	
3 3542	1949	3701	
3 1949	3676	3701	
3 3714	3702	1040	
3 3702	3714	3715	
3 1069	3716	3641	
3 3703	3641	3716	
3 1015	3801	3736	
3 3680	986	3704	
3 3680	3705	3681	
3 3801	3704	1092	
3 3935	3706	1019	
3 3706	3717	3707	
3 3683	3706	3707	
3 3717	3706	990	
3 3599	3708	3657	
3 3708	3598	989	
3 3656	989	3782	
3 1019	3652	3709	
3 915	3710	3659	
3 3710	3685	3711	
3 3718	3711	3685	
3 3711	1002	3719	
3 3722	3712	867	
3 3692	3670	3712	
3 1005	3783	3700	
3 3783	1005	3784	
3 3714	1040	3723	
3 1045	3714	3724	
3 3725	3715	1045	
3 3543	1044	3715	
3 1069	3812	3834	
3 3703	3726	1034	
3 3717	990	3786	
3 3606	3707	3717	
3 3685	1064	3718	
3 3939	4016	1064	
3 3720	3719	1002	
3 3719	3720	3721	
3 3727	3720	1002	
3 4018	4003	1200	
3 3720	1028	3721	
3 1028	3722	3741	
3 3741	3722	867	
3 3936	3722	1028	
3 3713	3785	1040	
3 3783	3713	3700	
3 3714	3723	3724	
3 3788	3724	3723	
3 3725	1045	3787	
3 952	3725	2058	
3 3716	3834	4008	
3 3726	3716	3792	
3 4145	4003	1099	
3 1002	3718	3727	
3 991	3473	3728	
3 3793	3473	1036	
3 3855	3729	967	
3 3856	3729	1096	
3 880	3762	3811	
3 3698	3781	968	
3 3794	3731	891	
3 3731	3794	3825	
3 3732	948	3795	
3 1059	3732	3796	
3 3754	3733	775	
3 3797	3733	1061	
3 3733	3797	974	
3 3797	1061	3826	
3 3640	3798	888	
3 3735	888	3798	
3 3801	1015	3705	
3 3736	3801	3867	
3 973	3082	3737	
3 3736	3737	3082	
3 3857	3738	919	
3 843	3738	3624	
3 3802	785	3554	
3 3739	3802	3803	
3 3739	3803	978	
3 3803	1063	3830	
3 916	3721	3741	
3 1028	3741	3721	
3 3525	3742	1013	
3 3301	3524	3742	
3 3805	2058	3725	
3 3815	1051	3768	
3 3549	3586	3844	
3 1080	1016	3744	
3 3526	1018	3745	
3 3829	1018	1063	
3 3740	3746	3342	
3 3806	3746	1056	
3 3834	3812	3747	
3 3764	3747	3626	
3 945	882	3748	
3 3753	882	2000	
3 3748	3749	3584	
3 966	1070	3749	
3 1060	3597	3750	
3 3750	3597	3770	
3 3793	3751	1020	
3 3685	3751	1064	
3 3752	1727	877	
3 3752	3945	3855	
3 3753	3604	3858	
3 3748	882	3753	
3 3605	1061	3754	
3 3733	3754	1061	
3 3926	1062	3925	
3 3663	976	3755	
3 3610	3757	3756	
3 3497	3758	3630	
3 860	3932	3610	
3 3630	3757	1068	
3 3756	3757	3758	
3 3630	3758	3757	
3 3663	3759	780	
3 3759	1055	3973	
3 3810	1021	3636	
3 3760	1065	3631	
3 3835	3761	3618	
3 3834	998	4007	
3 3848	898	2983	
3 3781	3730	3811	
3 3852	873	3622	
3 872	3860	1001	
3 3747	3764	862	
3 2695	3764	3626	
3 3812	3765	3626	
3 3641	3765	1069	
3 1003	1065	3937	
3 3766	3835	3813	
3 1116	1108	3767	
3 3954	3907	3767	
3 1011	3651	3768	
3 3815	3651	3743	
3 3769	996	3861	
3 3704	986	3769	
3 3862	3770	3655	
3 3808	1073	1082	
3 2341	3773	776	
3 3773	3772	3771	
3 3772	1054	3774	
3 3662	3771	3772	
3 2341	3734	3773	
3 1054	3773	3734	
3 3774	1054	3899	
3 3899	3900	3774	
3 858	3816	3775	
3 3838	3816	3687	
3 3818	1034	3726	
3 4015	3776	1151	
3 3777	1022	3930	
3 3846	3777	943	
3 959	3749	3778	
3 1070	3778	3749	
3 4031	3779	1004	
3 4004	3784	3817	
3 3780	1014	3820	
3 3661	3690	3780	
3 879	3730	3781	
3 880	3811	3730	
3 3782	3952	3977	
3 1019	3709	3782	
3 3817	3784	1005	
3 3713	3783	3785	
3 3723	3865	1046	
3 3865	3723	3785	
3 3783	3784	3785	
3 3785	3784	3865	
3 3857	919	3891	
3 951	3786	919	
3 3821	3787	1047	
3 3787	1032	3805	
3 3723	1046	3788	
3 3789	3788	1046	
3 3789	1046	3790	
3 1049	3822	3821	
3 3948	1046	3865	
3 3790	3948	3938	
3 1047	3789	3791	
3 3824	3789	3790	
3 4005	3792	1121	
3 3818	3776	1034	
3 3473	3793	3728	
3 3939	3793	1036	
3 891	3629	3794	
3 3629	3928	3866	
3 3883	948	3490	
3 987	3774	3902	
3 3732	3795	3796	
3 3795	1081	3796	
3 1016	3915	1061	
3 3734	974	3797	
3 3640	3799	3798	
3 3828	3798	3799	
3 3640	964	3827	
3 3800	3798	3828	
3 3828	3799	1012	
3 3800	3841	3850	
3 3704	3801	3705	
3 3867	3801	1092	
3 3829	3554	3745	
3 3803	3802	1063	
3 1063	1018	3830	
3 3740	978	3803	
3 3679	3776	3804	
3 1013	3804	3776	
3 3787	3805	3725	
3 3815	3805	1032	
3 3831	3806	1056	
3 3581	3806	989	
3 3832	3807	1082	
3 1010	3613	3833	
3 3750	3770	3808	
3 3862	3808	3770	
3 3999	1104	3992	
3 3663	3868	1055	
3 3694	1037	3810	
3 1065	3810	1037	
3 1053	3896	3762	
3 3781	3869	968	
3 3626	3747	3812	
3 3834	3747	998	
3 3813	918	2883	
3 3835	3766	1029	
3 3836	3814	1051	
3 3814	1071	3837	
3 3651	3815	3768	
3 3805	3815	3743	
3 1834	3816	858	
3 3687	3660	3838	
3 3838	3775	3816	
3 3817	3779	4004	
3 4005	3818	3792	
3 1151	3776	3818	
3 3870	3819	1070	
3 1038	3871	1022	
3 3820	1014	3968	
3 3820	3892	3858	
3 1047	3791	3821	
3 1049	3821	3791	
3 3822	1049	3823	
3 3815	1032	3822	
3 1049	3824	3839	
3 3823	3839	3836	
3 1049	3791	3824	
3 3824	3791	3789	
3 3872	3825	1057	
3 3628	892	3825	
3 3863	3898	3916	
3 3797	3826	3873	
3 964	954	3941	
3 3827	1033	4006	
3 3840	3828	1012	
3 3800	3828	3841	
3 1018	3829	3745	
3 1063	3802	3829	
3 3875	3874	3830	
3 3803	3830	3874	
3 3874	3875	3876	
3 3905	3952	3831	
3 3877	3832	1082	
3 3832	1087	3878	
3 3613	842	3842	
3 1060	3807	3833	
3 4007	998	3761	
3 3716	4008	3792	
3 3761	3835	1029	
3 3618	3813	3835	
3 3823	3836	1051	
3 1071	3836	1050	
3 3843	3837	1071	
3 3844	3837	1080	
3 3779	3817	3838	
3 3775	3838	3817	
3 3879	3839	1048	
3 3836	3839	1050	
3 1012	4006	4038	
3 3840	1137	3927	
3 3828	3840	3841	
3 3927	3841	3840	
3 842	2766	3842	
3 3842	2766	3560	
3 3880	3843	1071	
3 3843	3880	3881	
3 1080	3744	3844	
3 3549	3844	3744	
3 1025	1000	3845	
3 716	3845	1000	
3 3777	3846	851	
3 943	1971	3846	
3 3847	1009	3942	
3 841	2296	3847	
3 3882	3848	1058	
3 3762	898	3848	
3 3849	910	807	
3 3849	987	3883	
3 935	889	3850	
3 3850	889	3800	
3 3884	3851	927	
3 3884	3908	3851	
3 3852	1067	3886	
3 3763	873	3852	
3 3887	3853	1091	
3 3853	3887	3888	
3 3943	3854	1006	
3 3689	3854	3944	
3 3752	3855	967	
3 3729	3889	1096	
3 3856	1096	3890	
3 1730	3856	960	
3 3891	919	3786	
3 3624	3857	1006	
3 3604	3820	3858	
3 3820	3940	3892	
3 997	3936	3966	
3 1068	3757	3859	
3 3763	1027	3860	
3 3893	3860	1027	
3 3931	3861	996	
3 1110	1092	3861	
3 3946	3655	988	
3 3946	3998	3862	
3 3898	3899	3873	
3 3899	3898	3863	
3 3950	3904	3864	
3 3904	3883	3903	
3 4039	3784	4004	
3 4069	3948	4039	
3 3894	1007	1115	
3 1057	3794	3866	
3 1092	1110	4010	
3 1035	3736	4009	
3 3755	3868	3663	
3 3895	3868	3809	
3 3811	3896	3869	
3 3913	3897	3896	
3 4013	1070	3892	
3 4001	4011	4013	
3 3870	3871	3819	
3 1109	3871	1079	
3 1057	3894	3949	
3 3628	3872	1052	
3 3797	3873	3734	
3 3873	3826	3898	
3 3803	3874	3740	
3 1076	3875	3830	
3 3951	3875	1076	
3 3905	3831	3876	
3 3905	3876	3875	
3 3831	1056	3876	
3 1073	3877	1082	
3 1085	1087	3877	
3 3906	3878	1087	
3 3665	3878	1091	
3 1048	3790	3938	
3 4012	1083	3880	
3 1071	1050	3880	
3 4012	3880	1050	
3 3984	3921	3960	
3 4014	3983	1074	
3 3907	1058	3767	
3 1053	3762	3882	
3 987	3902	3903	
3 3795	948	3883	
3 973	3884	927	
3 1035	3884	3737	
3 1035	4009	4032	
3 1101	3917	3909	
3 3909	3886	1067	
3 3886	3909	3917	
3 3906	3887	1091	
3 3910	3887	3906	
3 1116	3767	3888	
3 3645	3888	3767	
3 3855	1111	3889	
3 3889	3956	3911	
3 3911	3918	1096	
3 3473	3890	1036	
3 4030	3995	3891	
3 3990	3943	3995	
3 4013	3870	1070	
3 966	3858	3892	
3 4070	1027	3917	
3 1027	4070	3893	
3 1107	3894	1115	
3 1057	3866	3894	
3 1075	3895	3809	
3 3946	3973	3992	
3 3762	3896	3811	
3 3913	3896	1053	
3 3934	3933	3897	
3 968	3869	3897	
3 3826	3914	3898	
3 3898	3914	3916	
3 3899	3863	3900	
3 1054	3873	3899	
3 3901	3900	3863	
3 3902	3900	3901	
3 3919	3863	3916	
3 3864	3901	1103	
3 3902	3864	3903	
3 3774	3900	3902	
3 3903	3864	3904	
3 987	3903	3883	
3 3950	3864	1103	
3 1072	3795	3904	
3 3951	3905	3875	
3 3905	1105	3952	
3 3953	1087	1085	
3 3906	1090	3910	
3 3954	3767	1108	
3 1053	3882	3907	
3 3884	1035	3908	
3 1035	3885	3908	
3 1067	3885	3909	
3 4062	3885	4032	
3 1090	3955	3980	
3 1116	3887	3910	
3 3912	3918	3920	
3 1096	3889	3911	
3 4033	1099	4016	
3 3890	3918	1036	
3 3907	3954	3979	
3 3897	3913	1112	
3 3826	1061	3915	
3 3914	1074	3916	
3 1016	1080	4014	
3 1074	3914	3915	
3 3960	3921	3916	
3 3901	3919	1103	
3 4070	1101	4089	
3 4070	4040	3893	
3 3920	3918	3911	
3 1036	3918	3912	
3 3863	3919	3901	
3 3916	1074	3960	
3 3959	3920	1127	
3 1113	3912	3920	
3 3961	3922	3921	
3 3919	3916	3921	
3 3961	3921	1166	
3 1103	3975	3950	
3 4015	3923	1013	
3 1138	1018	3923	
3 3755	3924	1062	
3 779	3924	3609	
3 3850	1017	3925	
3 3926	3925	1017	
3 3926	1017	3927	
3 3809	1062	3926	
3 3927	1017	3841	
3 4041	3927	1137	
3 902	941	3928	
3 3928	941	3942	
3 3962	3929	1068	
3 3929	3962	3985	
3 3930	995	943	
3 1093	3930	1022	
3 3963	3931	1093	
3 3861	3931	1110	
3 3859	3932	997	
3 864	3932	860	
3 968	3897	3933	
3 3934	3897	1112	
3 3964	3934	1112	
3 3934	3964	3965	
3 1019	3782	4021	
3 4030	3935	4037	
3 1028	4003	4018	
3 3962	3966	4018	
3 3937	4077	3989	
3 1029	3766	3967	
3 4120	3938	1134	
3 1122	3879	3938	
3 3912	3939	1036	
3 4016	3727	3718	
3 1014	3689	3944	
3 3972	1102	3940	
3 3941	3630	3929	
3 964	3941	3827	
3 1009	1089	3942	
3 3942	1089	1007	
3 3995	1006	3891	
3 3970	3968	3969	
3 3854	3943	3944	
3 3969	3968	3944	
3 1052	3949	3974	
3 1111	3855	3945	
3 3759	3973	988	
3 3946	3992	3998	
3 4042	3947	1104	
3 4043	3947	1141	
3 4039	3865	3784	
3 3938	3948	1134	
3 1052	3872	3949	
3 3949	3872	1057	
3 3975	1103	3922	
3 4044	3950	1140	
3 3976	3951	4122	
3 1076	4122	3951	
3 3977	3952	1105	
3 3831	3952	3782	
3 3978	3953	1085	
3 1090	3906	3953	
3 1108	4049	3958	
3 3979	1053	3907	
3 1090	3978	4096	
3 4047	4051	1158	
3 3957	3956	1111	
3 1127	3911	3956	
3 1111	3945	3974	
3 3957	1131	3981	
3 3979	3913	1053	
3 1108	3958	3954	
3 3981	3959	1127	
3 3959	3981	3982	
3 1074	3915	4014	
3 3960	1074	3983	
3 4121	3961	1166	
3 3975	3961	1140	
3 3859	3966	1068	
3 3966	3859	997	
3 1093	1109	3963	
3 4081	4099	1109	
3 3986	1112	3958	
3 3964	3986	3993	
3 3987	1128	4026	
3 3965	1128	3987	
3 3966	3936	4018	
3 1068	3966	3962	
3 3937	3989	3967	
3 3967	3989	3994	
3 1014	3944	3968	
3 3969	3944	3943	
3 3969	3990	3971	
3 3968	3970	3940	
3 3969	3971	3970	
3 3991	3971	1139	
3 3990	3969	3943	
3 3991	3972	3970	
3 3991	3970	3971	
3 3972	3997	4001	
3 1055	3895	3973	
3 3992	1104	3998	
3 4019	3949	1107	
3 1111	3974	3957	
3 3961	3975	3922	
3 1140	3950	3975	
3 4282	3976	1152	
3 3976	4056	3977	
3 3976	3977	1105	
3 1019	4021	3935	
3 1085	4043	4075	
3 4118	4078	4096	
3 3954	3958	3979	
3 3913	3979	3958	
3 3955	1108	3980	
3 1108	1116	3980	
3 3957	3981	1127	
3 4022	3981	1131	
3 4035	4065	1135	
3 3982	4023	4024	
3 1083	4025	3881	
3 3984	1166	3921	
3 3881	4025	3983	
3 3984	4025	4036	
3 4155	3985	1120	
3 4006	3985	1150	
3 3958	1132	3986	
3 3986	1132	3993	
3 3987	4028	3988	
3 3988	1037	3693	
3 3965	3987	3988	
3 4028	3987	1114	
3 4077	1100	4045	
3 4029	3994	3989	
3 3943	1006	3995	
3 3990	3995	4000	
3 3996	3991	1139	
3 3997	3991	3996	
3 3973	3895	3992	
3 3999	3992	3895	
3 4046	3993	1132	
3 4026	3993	1136	
3 4029	3989	1204	
3 4008	4007	4059	
3 3891	990	4030	
3 4030	4037	3995	
3 3990	4000	1139	
3 4143	3996	1181	
3 4123	4001	1173	
3 3972	3991	3997	
3 1104	3947	3998	
3 3862	3998	3947	
3 3895	1075	3999	
3 3927	4041	1075	
3 4000	4037	4067	
3 3996	1139	4000	
3 4001	1167	4011	
3 3972	4001	1102	
3 4074	4107	4109	
3 1104	3999	4002	
3 3720	3727	4003	
3 1099	4003	3727	
3 4031	4004	3779	
3 4039	4004	1130	
3 1121	4084	4172	
3 1151	4129	4082	
3 3985	4006	1033	
3 4006	1150	4038	
3 1029	4007	3761	
3 3994	4029	4059	
3 4007	4008	3834	
3 1121	3792	4008	
3 3867	1092	4010	
3 1035	4032	3885	
3 1208	4061	4085	
3 4009	4061	4032	
3 4053	4011	1167	
3 1079	3870	4011	
3 1122	4087	3879	
3 4100	4066	4087	
3 3892	1102	4013	
3 4013	1102	4001	
3 1080	3881	4014	
3 3983	4014	3881	
3 3776	4015	1013	
3 4054	4015	1151	
3 4033	4016	3939	
3 1099	3727	4016	
3 4099	3963	1109	
3 1117	4098	4108	
3 4018	3936	1028	
3 4156	4018	1200	
3 4020	4019	1107	
3 3957	4019	1131	
3 4055	4020	1107	
3 4063	1156	4034	
3 4056	4021	3977	
3 1126	3935	4021	
3 4034	4022	1131	
3 4022	4034	4035	
3 1163	1148	4023	
3 4024	4023	1148	
3 4145	4144	1201	
3 4033	4124	1099	
3 4036	4025	1083	
3 3984	3983	4025	
3 3993	4026	1128	
3 4027	4026	1136	
3 1136	4048	4052	
3 4027	4126	4057	
3 4160	1114	4057	
3 1065	4028	1100	
3 4058	4029	1204	
3 3994	4059	4007	
3 990	3935	4030	
3 4037	3935	1126	
3 1004	1119	4031	
3 4060	4031	1119	
3 4061	4009	4010	
3 3909	4062	1101	
3 3912	1113	4033	
3 4124	1113	4024	
3 1131	4020	4034	
3 4020	4055	4063	
3 4064	4035	1156	
3 4023	3982	4065	
3 4066	1083	4012	
3 4036	1211	4141	
3 4067	4037	1126	
3 4000	3995	4037	
3 4068	4038	1150	
3 1137	3840	4038	
3 4039	1130	4069	
3 3948	3865	4039	
3 1125	1145	4071	
3 1026	3893	4040	
3 4068	4072	1137	
3 3999	4073	4002	
3 1104	4002	4042	
3 4074	4042	4093	
3 4075	4043	1141	
3 3877	4043	1085	
3 4076	4044	1140	
3 1084	1072	4044	
3 4159	4057	4228	
3 4158	4045	1205	
3 4047	4046	1132	
3 4046	4047	4048	
3 3958	4049	1132	
3 4047	4049	4051	
3 4050	4048	1158	
3 4048	4050	4052	
3 1108	3955	4049	
3 4049	4078	4051	
3 4079	4050	1158	
3 4125	4050	4079	
3 4078	4049	3955	
3 4079	4051	1147	
3 4126	4052	1165	
3 4027	1136	4052	
3 1167	4123	4080	
3 4053	1117	4081	
3 4082	4054	1151	
3 4083	4054	1170	
3 1115	4055	1107	
3 1088	4095	4164	
3 4282	4056	3976	
3 1126	4161	4067	
3 1149	4228	4057	
3 1205	4045	4159	
3 1204	4158	4174	
3 1174	4131	4130	
3 4084	4029	4058	
3 4008	4059	1121	
3 1098	4060	1119	
3 4128	4069	4060	
3 4085	4061	4010	
3 1208	4032	4061	
3 4032	1208	4062	
3 1208	4191	4165	
3 4020	4063	4034	
3 4055	1146	4063	
3 4086	4064	1156	
3 4064	4086	4127	
3 4035	4064	4065	
3 1163	4065	4064	
3 4087	4066	4012	
3 1211	4036	4066	
3 1126	4056	4161	
3 4000	4162	3996	
3 4088	4068	1150	
3 4068	1171	4072	
3 1130	4060	4069	
3 4128	4060	1133	
3 1101	4070	3917	
3 1125	4040	4070	
3 1145	1095	4071	
3 1095	4040	4071	
3 4092	4091	1153	
3 4041	4090	4073	
3 1075	4041	4073	
3 4041	4072	4090	
3 4093	4042	4002	
3 4104	4074	4093	
3 4042	4112	1141	
3 4075	4114	4115	
3 3961	4121	1140	
3 1084	4095	1088	
3 1100	4077	3937	
3 4045	3989	4077	
3 3955	1090	4096	
3 1147	4051	4078	
3 4079	1147	4119	
3 4079	1164	4125	
3 1180	1179	4080	
3 4053	4098	1117	
3 4099	4081	1117	
3 1109	1079	4081	
3 4129	1151	4005	
3 4082	4129	4131	
3 1170	4132	4083	
3 4122	4142	4132	
3 4172	4084	4058	
3 1121	4059	4084	
3 4010	1129	4085	
3 4176	4134	1129	
3 4190	1146	4164	
3 4086	1162	4127	
3 3879	4087	4012	
3 4087	1122	4100	
3 4155	1150	3985	
3 1178	4103	4233	
3 4101	4089	1101	
3 4102	4089	4101	
3 4091	4090	4072	
3 4073	4092	4002	
3 4072	1171	4091	
3 4103	4091	1171	
3 4091	4092	4090	
3 1153	4104	4093	
3 4002	4092	4093	
3 1153	4093	4092	
3 4163	4094	1222	
3 4095	4094	1157	
3 4094	4095	4076	
3 4164	1146	4055	
3 4116	3978	4115	
3 3978	4116	4096	
3 4097	4079	4119	
3 4119	1147	4118	
3 1179	4105	4080	
3 4098	4080	4105	
3 4138	1117	4108	
3 4099	4017	3963	
3 4136	4100	1122	
3 4100	4136	4137	
3 4062	4101	1101	
3 4166	4101	1219	
3 4102	1161	4167	
3 1125	4089	4102	
3 4233	1171	4088	
3 1210	4109	4107	
3 4106	1153	4103	
3 4074	4104	4107	
3 1179	4168	4105	
3 4108	4176	4138	
3 4103	1178	4106	
3 4139	4110	4106	
3 4104	4106	4107	
3 4110	4107	4106	
3 4108	4105	4168	
3 4017	4099	4138	
3 4109	1210	4111	
3 4112	4075	1141	
3 4139	4106	1178	
3 4260	1221	4232	
3 4140	4111	1210	
3 4169	4117	1159	
3 4074	4109	4112	
3 4109	4111	4113	
3 4114	4111	1159	
3 4075	4112	4113	
3 4115	4114	1159	
3 4075	4113	4114	
3 4115	1159	4116	
3 4075	4115	3978	
3 4116	1159	4117	
3 4078	4118	1147	
3 4169	1159	4111	
3 4117	4169	4260	
3 4096	4116	4118	
3 4117	4118	4116	
3 4118	4117	4119	
3 4117	4097	4119	
3 1134	4069	4128	
3 4236	1212	4136	
3 1166	4036	4141	
3 4094	4121	1222	
3 4142	1138	4083	
3 1152	3976	4122	
3 1173	3996	4143	
3 4080	4123	1180	
3 4144	4124	4024	
3 4124	4144	4145	
3 4125	1164	4170	
3 1165	4050	4125	
3 4146	4126	1165	
3 4126	1149	4057	
3 4171	4127	1162	
3 4127	4171	4194	
3 4234	4128	1133	
3 4290	4261	4234	
3 4130	4129	4005	
3 4129	4130	4131	
3 4172	4005	1121	
3 4130	4172	4173	
3 4175	4131	1174	
3 4131	4175	4133	
3 4133	4132	1170	
3 4122	4132	1152	
3 4131	4133	1170	
3 4133	1177	4235	
3 1129	4134	4085	
3 1220	1226	4134	
3 4216	4135	1225	
3 1162	4086	4135	
3 1122	4120	4136	
3 4236	4136	4120	
3 4213	4222	4208	
3 4208	1213	4184	
3 4241	4108	4168	
3 1129	4017	4138	
3 4139	4278	4275	
3 4270	1221	4266	
3 1210	4110	4140	
3 4139	4140	4110	
3 4213	1211	4137	
3 4184	1213	4183	
3 4122	1076	4142	
3 1076	1138	4142	
3 4147	4143	1181	
3 1180	4123	4143	
3 4024	1148	4144	
3 4148	4144	1148	
3 4149	4145	1201	
3 4003	4145	1200	
3 4177	1165	4125	
3 4229	4230	1206	
3 4150	4147	1181	
3 4151	4147	1183	
3 4237	4148	1148	
3 4178	4152	4148	
3 4152	4149	1201	
3 4149	4152	4153	
3 1176	4150	1181	
3 4197	4150	1182	
3 4154	4151	1183	
3 1179	1180	4151	
3 1201	4148	4152	
3 4178	4148	1202	
3 1203	4179	4153	
3 4155	1120	4157	
3 4180	4154	1183	
3 4181	4154	1193	
3 1120	4156	4157	
3 4088	1150	4155	
3 1200	4153	4156	
3 4179	4157	4156	
3 4179	4156	4153	
3 4088	4157	1175	
3 4182	4158	1205	
3 4174	4173	4058	
3 4045	1100	4159	
3 4160	1100	4028	
3 4057	4159	4160	
3 1100	4160	4159	
3 4282	4161	4056	
3 4161	1233	4283	
3 4067	1176	4162	
3 1181	4162	1176	
3 4183	4163	1222	
3 4188	4163	1223	
3 4095	1157	4164	
3 1157	4188	4190	
3 1219	4101	4165	
3 4062	4165	4101	
3 4192	4166	1219	
3 4102	4166	1161	
3 1161	4219	4167	
3 1155	1145	4167	
3 4181	1179	4154	
3 4168	1199	4241	
3 4111	4140	4169	
3 4260	4266	1221	
3 4170	4255	4220	
3 1186	4195	4212	
3 4216	1162	4135	
3 4171	4223	4257	
3 4173	4172	4058	
3 4005	4172	4130	
3 4058	1204	4174	
3 4174	4238	4173	
3 4244	4174	4158	
3 4238	4174	1207	
3 4240	1174	4238	
3 4262	4175	4240	
3 1199	4242	4241	
3 4176	1220	4134	
3 4125	4170	4177	
3 4195	1186	4230	
3 4249	4243	4247	
3 4246	4196	1203	
3 4196	4179	1203	
3 4157	4179	1175	
3 1183	4197	4180	
3 4197	4199	4180	
3 1193	4202	4204	
3 4168	1179	4181	
3 4258	4228	4229	
3 4182	4259	4245	
3 4184	4183	1222	
3 4185	4183	1213	
3 4121	4184	1222	
3 4208	4184	4141	
3 4186	4185	1213	
3 1229	4189	4187	
3 4222	1213	4208	
3 4214	4299	4186	
3 4185	4186	4187	
3 1224	4187	4186	
3 4189	4188	1223	
3 4188	4189	4190	
3 4187	4189	1223	
3 4209	4189	1229	
3 4135	4190	1225	
3 4164	1157	4190	
3 4134	4191	1208	
3 4191	1226	4210	
3 4210	1219	4191	
3 4218	4211	4192	
3 4211	1161	4166	
3 4219	4226	4193	
3 4171	1185	4194	
3 4194	1185	4237	
3 4177	4170	4195	
3 4212	4195	4170	
3 4246	1203	4178	
3 4278	1178	4300	
3 4150	4197	1183	
3 1182	4198	4199	
3 4333	4253	1238	
3 1190	4200	4201	
3 1182	4199	4197	
3 4200	4199	4198	
3 4201	4200	4198	
3 4200	1190	4202	
3 4253	4201	4198	
3 4201	4333	4254	
3 4204	1190	4203	
3 4180	4202	1193	
3 4203	1190	4254	
3 4206	4205	4207	
3 4204	4203	4205	
3 1193	4204	4206	
3 4203	1197	4205	
3 4263	1227	4242	
3 4204	4205	4206	
3 4207	4205	1199	
3 4168	4207	1199	
3 4181	4206	4207	
3 4141	4213	4208	
3 4222	4137	4225	
3 1224	4215	1229	
3 1225	4209	4216	
3 4217	4210	1226	
3 4192	1219	4210	
3 4218	4192	1232	
3 4167	4219	4193	
3 4170	4220	4212	
3 4268	4221	4293	
3 1211	4213	4141	
3 4222	4214	1213	
3 4225	4214	4222	
3 4225	4299	4214	
3 4215	4257	4223	
3 4223	1162	4216	
3 4209	4215	4216	
3 1162	4223	4171	
3 4317	1226	1220	
3 1232	4217	1230	
3 4224	4218	1232	
3 4224	4226	4218	
3 1161	4211	4219	
3 4218	4219	4211	
3 4255	4170	1164	
3 4220	1261	4256	
3 4256	4212	4220	
3 4212	4256	4221	
3 4213	4137	4222	
3 4225	4137	1212	
3 4216	4215	4223	
3 4257	4215	1231	
3 4318	4224	1232	
3 4224	4227	4226	
3 4286	1212	1209	
3 4299	4284	4186	
3 4218	4226	4219	
3 4224	4287	4227	
3 1244	1160	4227	
3 4193	4227	1160	
3 4229	4228	1149	
3 4159	4228	1205	
3 4146	4229	1149	
3 4229	4259	4258	
3 4195	4230	4146	
3 4231	4230	1186	
3 4221	4231	1186	
3 4269	4239	4245	
3 4319	4232	1221	
3 4255	1261	4220	
3 4088	1175	4233	
3 4233	1175	4285	
3 1133	1184	4234	
3 4302	1260	4303	
3 1177	4307	4311	
3 4235	1233	4282	
3 4128	4236	4120	
3 1212	4236	1209	
3 4237	1148	1163	
3 4237	1185	4251	
3 4239	4238	1207	
3 4240	4175	1174	
3 4182	4245	1207	
3 1206	4264	4245	
3 4238	4239	4240	
3 1218	4240	4239	
3 4205	4263	1199	
3 4108	4241	4176	
3 1227	1220	4242	
3 4176	4242	1220	
3 1216	4248	4250	
3 4248	4196	4246	
3 4174	4244	1207	
3 4158	4182	4244	
3 4264	1206	4231	
3 4239	1207	4245	
3 4178	4247	4246	
3 4248	1216	4196	
3 4249	4178	1202	
3 4250	4248	4247	
3 4246	4247	4248	
3 4250	4247	4243	
3 1202	4251	4249	
3 4243	4249	4252	
3 4243	1215	4250	
3 4291	4265	4250	
3 4237	4251	1202	
3 4243	4252	1215	
3 4251	1185	4252	
3 1185	4257	4320	
3 1182	4310	4198	
3 4310	4298	4308	
3 4301	4325	4271	
3 1190	4201	4254	
3 1164	4232	4255	
3 4255	4232	4319	
3 1261	4289	4256	
3 4289	4305	4256	
3 4344	4257	1231	
3 4257	1249	4320	
3 4228	4258	1205	
3 4259	4229	1206	
3 4245	4259	1206	
3 4182	4258	4259	
3 4260	4169	4266	
3 4097	4260	4232	
3 4236	4128	4261	
3 4128	4234	4261	
3 1218	4277	4296	
3 1177	4175	4262	
3 4205	1197	4263	
3 4263	1197	4267	
3 4231	4268	4264	
3 4264	4273	4269	
3 1251	4323	4292	
3 1216	4250	4265	
3 4169	4140	4266	
3 4270	4266	4140	
3 4271	4267	1197	
3 1227	4272	1235	
3 4221	4268	4231	
3 4274	4269	4273	
3 4273	4264	4268	
3 1218	4239	4269	
3 4275	4140	4139	
3 4275	4279	4270	
3 4203	4288	1197	
3 4288	4254	4301	
3 4267	1236	4272	
3 4321	4272	1236	
3 4268	1217	4273	
3 4269	4274	1218	
3 4273	1217	4274	
3 4274	4294	4277	
3 4278	4139	1178	
3 4279	4276	4270	
3 4276	4280	4281	
3 4319	4276	1262	
3 4295	4277	1256	
3 1218	4274	4277	
3 4300	1178	4285	
3 4292	1216	4265	
3 4275	4278	4279	
3 4280	4278	1239	
3 4276	4279	4280	
3 4278	4280	4279	
3 4323	4281	1239	
3 4281	4323	4346	
3 4235	4282	1152	
3 4282	1233	4161	
3 4308	4283	4309	
3 4150	4298	1182	
3 4352	4284	1228	
3 4284	4352	4347	
3 1175	4196	4285	
3 1216	4285	4196	
3 4303	1209	4290	
3 1228	4225	4286	
3 4318	4287	4224	
3 1245	1240	4287	
3 4301	4254	1242	
3 4271	1197	4288	
3 1261	4319	4322	
3 4313	4316	4306	
3 4302	4290	4234	
3 4286	4303	1228	
3 4304	4291	1215	
3 4291	4304	4312	
3 1239	4278	4292	
3 4292	4278	4300	
3 4305	4221	4256	
3 4221	4305	4293	
3 4294	1217	4313	
3 1256	4277	4294	
3 4324	4295	1256	
3 4307	4296	4295	
3 4277	4295	4296	
3 4295	1243	4307	
3 4297	4308	4309	
3 4253	4315	1238	
3 1176	4283	4298	
3 4308	4298	4283	
3 4225	1228	4299	
3 1228	4284	4299	
3 4285	1216	4300	
3 4292	4300	1216	
3 4301	1242	4325	
3 4271	4288	4301	
3 4234	1184	4302	
3 4353	4302	1184	
3 4302	4303	4290	
3 4348	4303	1260	
3 4320	4304	1215	
3 4335	4304	4320	
3 4289	1248	4305	
3 4306	4316	1257	
3 1217	4293	4313	
3 4326	4314	4306	
3 4315	4311	1243	
3 1177	4296	4307	
3 4309	4283	1233	
3 4315	4310	4297	
3 1233	4235	4309	
3 4235	1177	4311	
3 4198	4310	4253	
3 4298	4310	1182	
3 4297	4309	4311	
3 4235	4311	4309	
3 4304	1252	4312	
3 4312	1252	4381	
3 4293	4305	4313	
3 4316	4313	4305	
3 4326	4306	1257	
3 4328	4324	1256	
3 4311	4315	4297	
3 4334	4315	1243	
3 4305	1248	4316	
3 4354	4316	1248	
3 1226	4317	4217	
3 1220	1235	4317	
3 4327	1232	1230	
3 4287	4318	1245	
3 4276	4319	1221	
3 4319	1262	4322	
3 4320	1249	4335	
3 1215	4252	4320	
3 1236	4325	4338	
3 4321	1237	4329	
3 4337	4322	1262	
3 1248	4289	4322	
3 4312	4323	1251	
3 4323	1253	4346	
3 4328	1256	4314	
3 1238	4315	4334	
3 4355	4325	1242	
3 4338	1237	4321	
3 4339	4326	1257	
3 4342	4328	4326	
3 1230	4329	4327	
3 4327	4329	4331	
3 4314	4326	4328	
3 4339	1258	4342	
3 4329	1230	1235	
3 4329	1237	4331	
3 4340	4343	1279	
3 4324	4328	4330	
3 4332	1237	4357	
3 4332	1259	4356	
3 1245	4331	4332	
3 1237	4332	4331	
3 4340	4333	1238	
3 1242	4254	4333	
3 4341	1243	4324	
3 1243	4341	4334	
3 1249	4344	4336	
3 1252	4304	4335	
3 1307	4336	1264	
3 1252	4335	4336	
3 4346	1262	4281	
3 4337	1267	4364	
3 4325	4358	4338	
3 4338	4358	4368	
3 1257	4354	4365	
3 4369	4359	1292	
3 4343	1238	4334	
3 4340	1279	4360	
3 4330	1258	4341	
3 4343	4340	1238	
3 4328	4342	4330	
3 4326	4339	4342	
3 4341	1258	4343	
3 4343	1258	4369	
3 4345	4344	1231	
3 4336	4344	1264	
3 4347	1231	1224	
3 4349	4345	1250	
3 4346	1253	4361	
3 4337	1262	4346	
3 1250	4345	4347	
3 1231	4347	4345	
3 4417	1260	4375	
3 4352	4348	1280	
3 4350	4349	1250	
3 4349	4350	4351	
3 4352	4413	1250	
3 4413	4414	4350	
3 4444	4409	4351	
3 1307	1264	4351	
3 4348	4352	1228	
3 4413	4352	1280	
3 4362	1184	1154	
3 4353	1246	4363	
3 4364	1248	4337	
3 4365	4376	4385	
3 4360	1242	4340	
3 4355	4367	4358	
3 1259	4440	4366	
3 1273	1240	4356	
3 1237	4338	4368	
3 4357	4415	4428	
3 4355	4358	4325	
3 4368	4358	1272	
3 1258	4339	4359	
3 4339	4365	4370	
3 4360	1279	4371	
3 4355	1242	4360	
3 4372	1253	4381	
3 4361	1253	4372	
3 1195	4362	1154	
3 1246	4353	4362	
3 4374	4363	1246	
3 4375	4363	4374	
3 4376	1267	4422	
3 1248	4364	4354	
3 4376	4354	4364	
3 1281	4379	4370	
3 4441	4366	1282	
3 1273	4356	4366	
3 4380	4377	1291	
3 1272	4358	4367	
3 4415	4368	1272	
3 1237	4368	4357	
3 4378	4369	1292	
3 4369	1279	4343	
3 4339	4370	4359	
3 4365	1281	4370	
3 4378	4371	1279	
3 4380	4371	1298	
3 4382	1295	4410	
3 4372	1295	4382	
3 4383	4373	1195	
3 1246	4384	4374	
3 1246	4373	4384	
3 4416	4374	1284	
3 4375	1293	4417	
3 1260	4363	4375	
3 4364	1267	4376	
3 4404	4422	1267	
3 4394	4377	1300	
3 1272	4377	1301	
3 1292	4379	4386	
3 4378	1298	4371	
3 4418	4379	1281	
3 4386	1298	4378	
3 4387	4380	1298	
3 4377	4380	1300	
3 4312	4381	1253	
3 4381	1252	4403	
3 4419	4382	1289	
3 4404	4361	4372	
3 1192	4383	1195	
3 4405	1254	4423	
3 4373	1274	4384	
3 4384	1274	4420	
3 4431	1348	1308	
3 1281	4365	4385	
3 4379	1299	4386	
3 4386	4390	4388	
3 4388	4387	1298	
3 4389	4387	1302	
3 1298	4386	4388	
3 4390	4386	1299	
3 4391	4389	1302	
3 4394	4392	1297	
3 4396	1299	4393	
3 1302	4388	4390	
3 4396	1302	4390	
3 4421	4398	4391	
3 1300	4389	4392	
3 4395	4389	4391	
3 4393	1299	4418	
3 4399	4396	4393	
3 4397	4394	1297	
3 4394	1301	4377	
3 4399	4421	4391	
3 1297	4392	4395	
3 4399	4393	1304	
3 4391	1302	4396	
3 1297	4395	4400	
3 4432	1305	4427	
3 4406	4397	4402	
3 4391	4398	4400	
3 4399	1304	4421	
3 4391	4396	4399	
3 4400	4398	4401	
3 1297	4400	4402	
3 4398	4443	4401	
3 4411	1303	4406	
3 4400	4401	4402	
3 4406	4402	4401	
3 4336	4403	1252	
3 4403	1307	4407	
3 4419	4404	4382	
3 4385	4376	4422	
3 4383	1196	4405	
3 1234	4405	1196	
3 4406	4401	4408	
3 4397	4406	1303	
3 4407	1307	4409	
3 4382	4410	1289	
3 4443	4408	4401	
3 4449	4454	4408	
3 1307	4351	4409	
3 4444	4351	1277	
3 1295	4407	4410	
3 4412	4407	4409	
3 4408	4425	4411	
3 1322	4434	4426	
3 4409	1334	4412	
3 1334	4459	4461	
3 4414	4413	1280	
3 4350	1250	4413	
3 1280	4348	4417	
3 4414	1314	4445	
3 4427	1272	1301	
3 4415	1305	4428	
3 4429	4416	1284	
3 4375	4416	1293	
3 4417	1293	4430	
3 4414	1280	4417	
3 4431	1281	4385	
3 4418	1308	4442	
3 4461	4470	1289	
3 1348	4385	4422	
3 4423	4420	1274	
3 1283	1269	4448	
3 1304	4442	4473	
3 4421	4468	4443	
3 4404	4419	4422	
3 1348	4422	4419	
3 4424	4423	1254	
3 4423	1283	4420	
3 1265	4424	1254	
3 1269	1283	4424	
3 4449	4408	1337	
3 4463	4465	1323	
3 4411	4425	4426	
3 1323	4426	4425	
3 4397	4427	1301	
3 1305	4415	4427	
3 4436	1305	4434	
3 4428	1316	4440	
3 4429	1284	4448	
3 4429	1315	4433	
3 4433	1293	4429	
3 4433	4430	1293	
3 1348	4431	4385	
3 1308	4418	4431	
3 4397	1303	4432	
3 4434	4432	1303	
3 4450	4435	4433	
3 4430	4433	4435	
3 4426	4434	1303	
3 4434	1322	4436	
3 4433	1315	4450	
3 4450	4480	4435	
3 4436	1322	4437	
3 4428	1305	4436	
3 4438	4437	1322	
3 4437	4438	4439	
3 1322	4426	4438	
3 4451	4426	1323	
3 4452	1324	1311	
3 4440	4439	1282	
3 4440	1259	4357	
3 4440	1316	4439	
3 1282	1271	4441	
3 1247	4441	1271	
3 4473	1308	4467	
3 1304	4393	4442	
3 4421	4443	4398	
3 4408	4443	1337	
3 4447	1277	4445	
3 4455	4456	4447	
3 4446	4445	1314	
3 4350	4445	1277	
3 4435	4446	1314	
3 4447	4446	4455	
3 4455	1320	4453	
3 1277	4447	4456	
3 4448	1285	4466	
3 1284	4420	4448	
3 4449	4485	4484	
3 4449	4462	4454	
3 4472	1315	4466	
3 4446	4480	1320	
3 1324	4438	4451	
3 4451	4438	4426	
3 4452	1311	4481	
3 1282	4439	4452	
3 4460	4459	4458	
3 4458	4459	4457	
3 4408	4454	4425	
3 4484	4462	4449	
3 1320	4455	4446	
3 4456	4455	4453	
3 4457	4456	4453	
3 4456	4444	1277	
3 4457	4453	4458	
3 4444	4457	1334	
3 1320	4469	4453	
3 4458	4453	4469	
3 4458	4476	4460	
3 4461	4412	1334	
3 4470	1348	4419	
3 4412	4461	1289	
3 4459	4460	4461	
3 4461	4460	4470	
3 4465	4464	1342	
3 4454	4463	1323	
3 4464	4463	4462	
3 4463	4464	4465	
3 1353	4471	4462	
3 4464	4462	4471	
3 1342	4451	4465	
3 4451	1323	4465	
3 4472	1285	1321	
3 1315	4429	4466	
3 4501	4496	4467	
3 4473	4467	4478	
3 1304	4479	4421	
3 4479	4483	4468	
3 4475	4469	1320	
3 4476	1340	4460	
3 4460	1340	4470	
3 4496	4501	1340	
3 4487	4471	1353	
3 4464	4477	1342	
3 4472	4494	4492	
3 1315	4472	4492	
3 4478	4467	1352	
3 1304	4473	4479	
3 4484	4485	4486	
3 1337	4468	4474	
3 4489	1320	4480	
3 4490	4475	4489	
3 4475	4476	4469	
3 1340	4502	4496	
3 4491	4471	4487	
3 1339	4477	1344	
3 4478	1352	4482	
3 4479	4468	4421	
3 4473	4478	4479	
3 4479	4478	4483	
3 4450	4488	4480	
3 4489	4475	1320	
3 1311	1318	4481	
3 1287	4481	1318	
3 4506	4482	1352	
3 4474	4482	1370	
3 4482	4483	4478	
3 4474	4468	4483	
3 4485	4449	1337	
3 4486	4474	1370	
3 1337	4474	4485	
3 4486	4485	4474	
3 1370	4514	4507	
3 4508	4487	1353	
3 4508	1353	4486	
3 4487	4499	4493	
3 4450	1315	4492	
3 4490	4489	4488	
3 4480	4488	4489	
3 4490	4488	1369	
3 1369	4497	4503	
3 4475	4490	4498	
3 4493	4491	4487	
3 1344	4477	4491	
3 4494	4472	1321	
3 1369	4488	4492	
3 4523	4487	4508	
3 4500	1357	1333	
3 4495	4494	1321	
3 1369	4492	4494	
3 4509	4495	1321	
3 4495	1374	4510	
3 4502	1340	4476	
3 4519	4506	4513	
3 1369	4494	4510	
3 1374	4527	4510	
3 4490	4503	4498	
3 4497	4504	4503	
3 4544	4499	1377	
3 4500	4499	1388	
3 4499	4500	4493	
3 4545	4500	1388	
3 1348	4501	1308	
3 1340	4501	4470	
3 4476	1383	4502	
3 4512	1383	4505	
3 1369	4503	4490	
3 4504	4497	1387	
3 4511	4505	4504	
3 4505	4498	4503	
3 4511	4504	1387	
3 4505	4511	4512	
3 4513	1352	4496	
3 4506	1382	4514	
3 1386	1377	4507	
3 4523	4508	4507	
3 4486	4507	4508	
3 4507	1377	4523	
3 1349	4509	1321	
3 4509	1350	4515	
3 4522	1374	4518	
3 1369	4510	4497	
3 4537	1387	4535	
3 4526	1385	4521	
3 4519	4513	4516	
3 1383	4512	4516	
3 4502	4516	4513	
3 4506	4519	1382	
3 4524	4514	1382	
3 4507	4514	1386	
3 4517	4515	1350	
3 4515	4517	4518	
3 1383	4516	4502	
3 4519	4512	1376	
3 1350	1359	4517	
3 4525	4517	1359	
3 4520	4518	1361	
3 4518	4520	4522	
3 4512	4519	4516	
3 4521	4519	1376	
3 4534	1361	4531	
3 4536	4520	4534	
3 4526	4521	1376	
3 4528	4524	4521	
3 1381	4532	4520	
3 4522	4532	4527	
3 1377	4499	4523	
3 4487	4523	4499	
3 1382	4521	4524	
3 4528	4521	1385	
3 4529	1359	1347	
3 4525	1360	4531	
3 4537	4511	1387	
3 4540	4526	4538	
3 4522	4520	4532	
3 1387	4497	4527	
3 4546	4528	1385	
3 4528	4546	4547	
3 1347	1364	4529	
3 4530	4529	1364	
3 1365	4530	1364	
3 1400	4555	1380	
3 4533	4531	1360	
3 1361	4534	4520	
3 4535	4532	1381	
3 1387	4527	4532	
3 1360	4530	4533	
3 1380	4533	4530	
3 4533	4534	4531	
3 4536	4534	1375	
3 4536	4548	1381	
3 4526	4537	4538	
3 4548	4536	1375	
3 1381	4520	4536	
3 4538	4537	4535	
3 4526	4511	4537	
3 4539	4538	4535	
3 4538	1394	4540	
3 1381	4539	4535	
3 4556	4539	1406	
3 4541	4540	1394	
3 4526	4540	4542	
3 4541	1394	4556	
3 4542	4543	1385	
3 4540	4541	4542	
3 4543	4542	4541	
3 4541	4557	4543	
3 4557	4552	4543	
3 4549	4544	1377	
3 4550	4544	1397	
3 4553	1388	4550	
3 4551	4545	1395	
3 1385	4543	4546	
3 4552	4546	4543	
3 4549	4547	1392	
3 1377	1386	4547	
3 4565	4563	4548	
3 4539	4548	1406	
3 4547	4549	1377	
3 4558	4549	1392	
3 4550	4559	4554	
3 1388	4553	4545	
3 1395	1368	4551	
3 1367	4551	1368	
3 1407	1411	4552	
3 4558	4552	1411	
3 4554	4553	4550	
3 1395	4545	4553	
3 4559	4550	1397	
3 4562	4569	4554	
3 1400	1412	4555	
3 1412	4563	4565	
3 4566	4556	1406	
3 4556	1413	4560	
3 4560	4557	4541	
3 4552	4557	1407	
3 4552	4558	1392	
3 4561	4558	1411	
3 1397	4558	4561	
3 4559	4561	4562	
3 4556	4560	4541	
3 4560	1413	4564	
3 4568	1411	4567	
3 4559	4562	4554	
3 4568	4562	4561	
3 4569	4562	1417	
3 4570	4563	1412	
3 1406	4548	4563	
3 4571	4564	1413	
3 4564	1420	4572	
3 1375	4555	4565	
3 1412	4565	4555	
3 4563	4566	1406	
3 4571	4566	1418	
3 1411	1416	4567	
3 4597	4574	1416	
3 1411	4568	4561	
3 4573	4568	4567	
3 4581	1417	4575	
3 4583	4569	4581	
3 1412	1400	4576	
3 4566	4570	1418	
3 1418	4577	4579	
3 1420	4571	4580	
3 1420	1416	4572	
3 1411	4572	1416	
3 4574	4567	1416	
3 4575	4573	4574	
3 1440	4574	1444	
3 4573	4567	4574	
3 4581	4582	1433	
3 1417	4573	4575	
3 1443	4579	4578	
3 4570	4576	4577	
3 4578	4577	4576	
3 4577	4578	4579	
3 4576	1421	4578	
3 4598	1421	1438	
3 4579	1443	4585	
3 4571	1418	4579	
3 4571	4579	4580	
3 4585	4580	4579	
3 4582	4581	4575	
3 4583	4581	1433	
3 4575	1440	4582	
3 4587	4588	1439	
3 4584	4583	1433	
3 1402	4569	4583	
3 4586	4584	1433	
3 4584	1399	1393	
3 4602	4605	1443	
3 1449	4628	4599	
3 4587	4586	1433	
3 4586	1422	4594	
3 4588	1433	4582	
3 4587	1439	4589	
3 4582	1440	4588	
3 1439	4590	1434	
3 4591	4589	1439	
3 4593	4592	1430	
3 4588	1440	4590	
3 4607	4596	4590	
3 1439	1434	4591	
3 4591	1434	4603	
3 1422	4589	4592	
3 4591	4592	4589	
3 1423	4593	1430	
3 1428	1414	4595	
3 4595	4594	1422	
3 1409	1399	4594	
3 4593	4595	1422	
3 1409	4595	1414	
3 4608	4596	1447	
3 4606	1398	4600	
3 1416	1425	4597	
3 4601	4597	1425	
3 1437	4598	1438	
3 1443	4578	4598	
3 1425	4585	4599	
3 4599	4585	4605	
3 1425	4599	4601	
3 4600	4603	4606	
3 4599	1448	4609	
3 4604	4602	1437	
3 4602	4604	4605	
3 4606	4603	1434	
3 4600	1408	4603	
3 4620	1437	4616	
3 4604	4620	4617	
3 4599	4605	1449	
3 4585	1443	4605	
3 1434	4596	4606	
3 4606	4596	4608	
3 1440	1444	4607	
3 4610	4607	1444	
3 4613	1447	4611	
3 4613	4615	4608	
3 4599	4609	4601	
3 4621	4609	1448	
3 1444	4609	4610	
3 1450	4610	4609	
3 4612	4611	1450	
3 1447	4613	4608	
3 1450	4618	4612	
3 4622	4618	1452	
3 4612	4613	4611	
3 4615	4614	1398	
3 4613	1454	4615	
3 1454	1453	4614	
3 1454	4614	4615	
3 4636	4635	4633	
3 1437	1415	4616	
3 4629	1451	4625	
3 4621	4618	1450	
3 4618	4622	4619	
3 4618	4619	4612	
3 1446	1457	4619	
3 4616	1401	4620	
3 4617	4620	1401	
3 4609	4621	1450	
3 4621	1448	4623	
3 4624	4622	1452	
3 1446	4619	4622	
3 1448	4625	4623	
3 4630	1445	4626	
3 4626	1452	4623	
3 4627	4624	314	
3 4628	4625	1448	
3 4623	4630	4626	
3 314	4626	1445	
3 4624	1452	4626	
3 314	1442	4627	
3 4631	1442	1436	
3 4599	4628	1448	
3 4628	1449	4629	
3 1449	4617	4629	
3 4632	4629	4617	
3 4625	1451	4630	
3 1445	4630	1451	
3 1459	4631	1436	
3 1446	4627	4631	
3 4635	4632	4617	
3 1451	4634	1445	
3 4635	4636	4638	
3 1401	4633	4635	
3 4637	4634	4638	
3 1401	4635	4617	
3 4633	1455	4636	
3 4637	4636	1455	
3 4635	4638	4632	
3 1435	4640	312	
3 312	4640	4639	
3 4637	4638	4636	
3 4634	4632	4638	
3 4639	4640	4637	
3 4637	1455	4639	
3 1435	1445	4640	
CELL_TYPES 8747
5
5
5
5
5
5
5
5
5
5
5
5
5
5
5
5
5
5
5
5
5
5
5
5
5
5
5
5
5
5
5
5
5
5
5
5
5
5
5
5
5
5
5
5
5
5
5
5
5
5
5
5
5
5
5
5
5
5
5
5
5
5
5
5
5
5
5
5
5
5
5
5
5
5
5
5
5
5
5
5
5
5
5
5
5
5
5
5
5
5
5
5
5
5
5
5
5
5
5
5
5
5
5
5
5
5
5
5
5
5
5
5
5
5
5
5
5
5
5
5
5
5
5
5
5
5
5
5
5
5
5
5
5
5
5
5
5
5
5
5
5
5
5
5
5
5
5
5
5
5
5
5
5
5
5
5
5
5
5
5
5
5
5
5
5
5
5
5
5
5
5
5
5
5
5
5
5
5
5
5
5
5
5
5
5
5
5
5
5
5
5
5
5
5
5
5
5
5
5
5
5
5
5
5
5
5
5
5
5
5
5
5
5
5
5
5
5
5
5
5
5
5
5
5
5
5
5
5
5
5
5
5
5
5
5
5
5
5
5
5
5
5
5
5
5
5
5
5
5
5
5
5
5
5
5
5
5
5
5
5
5
5
5
5
5
5
5
5
5
5
5
5
5
5
5
5
5
5
5
5
5
5
5
5
5
5
5
5
5
5
5
5
5
5
5
5
5
5
5
5
5
5
5
5
5
5
5
5
5
5
5
5
5
5
5
5
5
5
5
5
5
5
5
5
5
5
5
5
5
5
5
5
5
5
5
5
5
5
5
5
5
5
5
5
5
5
5
5
5
5
5
5
5
5
5
5
5
5
5
5
5
5
5
5
5
5
5
5
5
5
5
5
5
5
5
5
5
5
5
5
5
5
5
5
5
5
5
5
5
5
5
5
5
5
5
5
5
5
5
5
5
5
5
5
5
5
5
5
5
5
5
5
5
5
5
5
5
5
5
5
5
5
5
5
5
5
5
5
5
5
5
5
5
5
5
5
5
5
5
5
5
5
5
5
5
5
5
5
5
5
5
5
5
5
5
5
5
5
5
5
5
5
5
5
5
5
5
5
5
5
5
5
5
5
5
5
5
5
5
5
5
5
5
5
5
5
5
5
5
5
5
5
5
5
5
5
5
5
5
5
5
5
5
5
5
5
5
5
5
5
5
5
5
5
5
5
5
5
5
5
5
5
5
5
5
5
5
5
5
5
5
5
5
5
5
5
5
5
5
5
5
5
5
5
5
5
5
5
5
5
5
5
5
5
5
5
5
5
5
5
5
5
5
5
5
5
5
5
5
5
5
5
5
5
5
5
5
5
5
5
5
5
5
5
5
5
5
5
5
5
5
5
5
5
5
5
5
5
5
5
5
5
5
5
5
5
5
5
5
5
5
5
5
5
5
5
5
5
5
5
5
5
5
5
5
5
5
5
5
5
5
5
5
5
5
5
5
5
5
5
5
5
5
5
5
5
5
5
5
5
5
5
5
5
5
5
5
5
5
5
5
5
5
5
5
5
5
5
5
5
5
5
5
5
5
5
5
5
5
5
5
5
5
5
5
5
5
5
5
5
5
5
5
5
5
5
5
5
5
5
5
5
5
5
5
5
5
5
5
5
5
5
5
5
5
5
5
5
5
5
5
5
5
5
5
5
5
5
5
5
5
5
5
5
5
5
5
5
5
5
5
5
5
5
5
5
5
5
5
5
5
5
5
5
5
5
5
5
5
5
5
5
5
5
5
5
5
5
5
5
5
5
5
5
5
5
5
5
5
5
5
5
5
5
5
5
5
5
5
5
5
5
5
5
5
5
5
5
5
5
5
5
5
5
5
5
5
5
5
5
5
5
5
5
5
5
5
5
5
5
5
5
5
5
5
5
5
5
5
5
5
5
5
5
5
5
5
5
5
5
5
5
5
5
5
5
5
5
5
5
5
5
5
5
5
5
5
5
5
5
5
5
5
5
5
5
5
5
5
5
5
5
5
5
5
5
5
5
5
5
5
5
5
5
5
5
5
5
5
5
5
5
5
5
5
5
5
5
5
5
5
5
5
5
5
5
5
5
5
5
5
5
5
5
5
5
5
5
5
5
5
5
5
5
5
5
5
5
5
5
5
5
5
5
5
5
5
5
5
5
5
5
5
5
5
5
5
5
5
5
5
5
5
5
5
5
5
5
5
5
5
5
5
5
5
5
5
5
5
5
5
5
5
5
5
5
5
5
5
5
5
5
5
5
5
5
5
5
5
5
5
5
5
5
5
5
5
5
5
5
5
5
5
5
5
5
5
5
5
5
5
5
5
5
5
5
5
5
5
5
5
5
5
5
5
5
5
5
5
5
5
5
5
5
5
5
5
5
5
5
5
5
5
5
5
5
5
5
5
5
5
5
5
5
5
5
5
5
5
5
5
5
5
5
5
5
5
5
5
5
5
5
5
5
5
5
5
5
5
5
5
5
5
5
5
5
5
5
5
5
5
5
5
5
5
5
5
5
5
5
5
5
5
5
5
5
5
5
5
5
5
5
5
5
5
5
5
5
5
5
5
5
5
5
5
5
5
5
5
5
5
5
5
5
5
5
5
5
5
5
5
5
5
5
5
5
5
5
5
5
5
5
5
5
5
5
5
5
5
5
5
5
5
5
5
5
5
5
5
5
5
5
5
5
5
5
5
5
5
5
5
5
5
5
5
5
5
5
5
5
5
5
5
5
5
5
5
5
5
5
5
5
5
5
5
5
5
5
5
5
5
5
5
5
5
5
5
5
5
5
5
5
5
5
5
5
5
5
5
5
5
5
5
5
5
5
5
5
5
5
5
5
5
5
5
5
5
5
5
5
5
5
5
5
5
5
5
5
5
5
5
5
5
5
5
5
5
5
5
5
5
5
5
5
5
5
5
5
5
5
5
5
5
5
5
5
5
5
5
5
5
5
5
5
5
5
5
5
5
5
5
5
5
5
5
5
5
5
5
5
5
5
5
5
5
5
5
5
5
5
5
5
5
5
5
5
5
5
5
5
5
5
5
5
5
5
5
5
5
5
5
5
5
5
5
5
5
5
5
5
5
5
5
5
5
5
5
5
5
5
5
5
5
5
5
5
5
5
5
5
5
5
5
5
5
5
5
5
5
5
5
5
5
5
5
5
5
5
5
5
5
5
5
5
5
5
5
5
5
5
5
5
5
5
5
5
5
5
5
5
5
5
5
5
5
5
5
5
5
5
5
5
5
5
5
5
5
5
5
5
5
5
5
5
5
5
5
5
5
5
5
5
5
5
5
5
5
5
5
5
5
5
5
5
5
5
5
5
5
5
5
5
5
5
5
5
5
5
5
5
5
5
5
5
5
5
5
5
5
5
5
5
5
5
5
5
5
5
5
5
5
5
5
5
5
5
5
5
5
5
5
5
5
5
5
5
5
5
5
5
5
5
5
5
5
5
5
5
5
5
5
5
5
5
5
5
5
5
5
5
5
5
5
5
5
5
5
5
5
5
5
5
5
5
5
5
5
5
5
5
5
5
5
5
5
5
5
5
5
5
5
5
5
5
5
5
5
5
5
5
5
5
5
5
5
5
5
5
5
5
5
5
5
5
5
5
5
5
5
5
5
5
5
5
5
5
5
5
5
5
5
5
5
5
5
5
5
5
5
5
5
5
5
5
5
5
5
5
5
5
5
5
5
5
5
5
5
5
5
5
5
5
5
5
5
5
5
5
5
5
5
5
5
5
5
5
5
5
5
5
5
5
5
5
5
5
5
5
5
5
5
5
5
5
5
5
5
5
5
5
5
5
5
5
5
5
5
5
5
5
5
5
5
5
5
5
5
5
5
5
5
5
5
5
5
5
5
5
5
5
5
5
5
5
5
5
5
5
5
5
5
5
5
5
5
5
5
5
5
5
5
5
5
5
5
5
5
5
5
5
5
5
5
5
5
5
5
5
5
5
5
5
5
5
5
5
5
5
5
5
5
5
5
5
5
5
5
5
5
5
5
5
5
5
5
5
5
5
5
5
5
5
5
5
5
5
5
5
5
5
5
5
5
5
5
5
5
5
5
5
5
5
5
5
5
5
5
5
5
5
5
5
5
5
5
5
5
5
5
5
5
5
5
5
5
5
5
5
5
5
5
5
5
5
5
5
5
5
5
5
5
5
5
5
5
5
5
5
5
5
5
5
5
5
5
5
5
5
5
5
5
5
5
5
5
5
5
5
5
5
5
5
5
5
5
5
5
5
5
5
5
5
5
5
5
5
5
5
5
5
5
5
5
5
5
5
5
5
5
5
5
5
5
5
5
5
5
5
5
5
5
5
5
5
5
5
5
5
5
5
5
5
5
5
5
5
5
5
5
5
5
5
5
5
5
5
5
5
5
5
5
5
5
5
5
5
5
5
5
5
5
5
5
5
5
5
5
5
5
5
5
5
5
5
5
5
5
5
5
5
5
5
5
5
5
5
5
5
5
5
5
5
5
5
5
5
5
5
5
5
5
5
5
5
5
5
5
5
5
5
5
5
5
5
5
5
5
5
5
5
5
5
5
5
5
5
5
5
5
5
5
5
5
5
5
5
5
5
5
5
5
5
5
5
5
5
5
5
5
5
5
5
5
5
5
5
5
5
5
5
5
5
5
5
5
5
5
5
5
5
5
5
5
5
5
5
5
5
5
5
5
5
5
5
5
5
5
5
5
5
5
5
5
5
5
5
5
5
5
5
5
5
5
5
5
5
5
5
5
5
5
5
5
5
5
5
5
5
5
5
5
5
5
5
5
5
5
5
5
5
5
5
5
5
5
5
5
5
5
5
5
5
5
5
5
5
5
5
5
5
5
5
5
5
5
5
5
5
5
5
5
5
5
5
5
5
5
5
5
5
5
5
5
5
5
5
5
5
5
5
5
5
5
5
5
5
5
5
5
5
5
5
5
5
5
5
5
5
5
5
5
5
5
5
5
5
5
5
5
5
5
5
5
5
5
5
5
5
5
5
5
5
5
5
5
5
5
5
5
5
5
5
5
5
5
5
5
5
5
5
5
5
5
5
5
5
5
5
5
5
5
5
5
5
5
5
5
5
5
5
5
5
5
5
5
5
5
5
5
5
5
5
5
5
5
5
5
5
5
5
5
5
5
5
5
5
5
5
5
5
5
5
5
5
5
5
5
5
5
5
5
5
5
5
5
5
5
5
5
5
5
5
5
5
5
5
5
5
5
5
5
5
5
5
5
5
5
5
5
5
5
5
5
5
5
5
5
5
5
5
5
5
5
5
5
5
5
5
5
5
5
5
5
5
5
5
5
5
5
5
5
5
5
5
5
5
5
5
5
5
5
5
5
5
5
5
5
5
5
5
5
5
5
5
5
5
5
5
5
5
5
5
5
5
5
5
5
5
5
5
5
5
5
5
5
5
5
5
5
5
5
5
5
5
5
5
5
5
5
5
5
5
5
5
5
5
5
5
5
5
5
5
5
5
5
5
5
5
5
5
5
5
5
5
5
5
5
5
5
5
5
5
5
5
5
5
5
5
5
5
5
5
5
5
5
5
5
5
5
5
5
5
5
5
5
5
5
5
5
5
5
5
5
5
5
5
5
5
5
5
5
5
5
5
5
5
5
5
5
5
5
5
5
5
5
5
5
5
5
5
5
5
5
5
5
5
5
5
5
5
5
5
5
5
5
5
5
5
5
5
5
5
5
5
5
5
5
5
5
5
5
5
5
5
5
5
5
5
5
5
5
5
5
5
5
5
5
5
5
5
5
5
5
5
5
5
5
5
5
5
5
5
5
5
5
5
5
5
5
5
5
5
5
5
5
5
5
5
5
5
5
5
5
5
5
5
5
5
5
5
5
5
5
5
5
5
5
5
5
5
5
5
5
5
5
5
5
5
5
5
5
5
5
5
5
5
5
5
5
5
5
5
5
5
5
5
5
5
5
5
5
5
5
5
5
5
5
5
5
5
5
5
5
5
5
5
5
5
5
5
5
5
5
5
5
5
5
5
5
5
5
5
5
5
5
5
5
5
5
5
5
5
5
5
5
5
5
5
5
5
5
5
5
5
5
5
5
5
5
5
5
5
5
5
5
5
5
5
5
5
5
5
5
5
5
5
5
5
5
5
5
5
5
5
5
5
5
5
5
5
5
5
5
5
5
5
5
5
5
5
5
5
5
5
5
5
5
5
5
5
5
5
5
5
5
5
5
5
5
5
5
5
5
5
5
5
5
5
5
5
5
5
5
5
5
5
5
5
5
5
5
5
5
5
5
5
5
5
5
5
5
5
5
5
5
5
5
5
5
5
5
5
5
5
5
5
5
5
5
5
5
5
5
5
5
5
5
5
5
5
5
5
5
5
5
5
5
5
5
5
5
5
5
5
5
5
5
5
5
5
5
5
5
5
5
5
5
5
5
5
5
5
5
5
5
5
5
5
5
5
5
5
5
5
5
5
5
5
5
5
5
5
5
5
5
5
5
5
5
5
5
5
5
5
5
5
5
5
5
5
5
5
5
5
5
5
5
5
5
5
5
5
5
5
5
5
5
5
5
5
5
5
5
5
5
5
5
5
5
5
5
5
5
5
5
5
5
5
5
5
5
5
5
5
5
5
5
5
5
5
5
5
5
5
5
5
5
5
5
5
5
5
5
5
5
5
5
5
5
5
5
5
5
5
5
5
5
5
5
5
5
5
5
5
5
5
5
5
5
5
5
5
5
5
5
5
5
5
5
5
5
5
5
5
5
5
5
5
5
5
5
5
5
5
5
5
5
5
5
5
5
5
5
5
5
5
5
5
5
5
5
5
5
5
5
5
5
5
5
5
5
5
5
5
5
5
5
5
5
5
5
5
5
5
5
5
5
5
5
5
5
5
5
5
5
5
5
5
5
5
5
5
5
5
5
5
5
5
5
5
5
5
5
5
5
5
5
5
5
5
5
5
5
5
5
5
5
5
5
5
5
5
5
5
5
5
5
5
5
5
5
5
5
5
5
5
5
5
5
5
5
5
5
5
5
5
5
5
5
5
5
5
5
5
5
5
5
5
5
5
5
5
5
5
5
5
5
5
5
5
5
5
5
5
5
5
5
5
5
5
5
5
5
5
5
5
5
5
5
5
5
5
5
5
5
5
5
5
5
5
5
5
5
5
5
5
5
5
5
5
5
5
5
5
5
5
5
5
5
5
5
5
5
5
5
5
5
5
5
5
5
5
5
5
5
5
5
5
5
5
5
5
5
5
5
5
5
5
5
5
5
5
5
5
5
5
5
5
5
5
5
5
5
5
5
5
5
5
5
5
5
5
5
5
5
5
5
5
5
5
5
5
5
5
5
5
5
5
5
5
5
5
5
5
5
5
5
5
5
5
5
5
5
5
5
5
5
5
5
5
5
5
5
5
5
5
5
5
5
5
5
5
5
5
5
5
5
5
5
5
5
5
5
5
5
5
5
5
5
5
5
5
5
5
5
5
5
5
5
5
5
5
5
5
5
5
5
5
5
5
5
5
5
5
5
5
5
5
5
5
5
5
5
5
5
5
5
5
5
5
5
5
5
5
5
5
5
5
5
5
5
5
5
5
5
5
5
5
5
5
5
5
5
5
5
5
5
5
5
5
5
5
5
5
5
5
5
5
5
5
5
5
5
5
5
5
5
5
5
5
5
5
5
5
5
5
5
5
5
5
5
5
5
5
5
5
5
5
5
5
5
5
5
5
5
5
5
5
5
5
5
5
5
5
5
5
5
5
5
5
5
5
5
5
5
5
5
5
5
5
5
5
5
5
5
5
5
5
5
5
5
5
5
5
5
5
5
5
5
5
5
5
5
5
5
5
5
5
5
5
5
5
5
5
5
5
5
5
5
5
5
5
5
5
5
5
5
5
5
5
5
5
5
5
5
5
5
5
5
5
5
5
5
5
5
5
5
5
5
5
5
5
5
5
5
5
5
5
5
5
5
5
5
5
5
5
5
5
5
5
5
5
5
5
5
5
5
5
5
5
5
5
5
5
5
5
5
5
5
5
5
5
5
5
5
5
5
5
5
5
5
5
5
5
5
5
5
5
5
5
5
5
5
5
5
5
5
5
5
5
5
5
5
5
5
5
5
5
5
5
5
5
5
5
5
5
5
5
5
5
5
5
5
5
5
5
5
5
5
5
5
5
5
5
5
5
5
5
5
5
5
5
5
5
5
5
5
5
5
5
5
5
5
5
5
5
5
5
5
5
5
5
5
5
5
5
5
5
5
5
5
5
5
5
5
5
5
5
5
5
5
5
5
5
5
5
5
5
5
5
5
5
5
5
5
5
5
5
5
5
5
5
5
5
5
5
5
5
5
5
5
5
5
5
5
5
5
5
5
5
5
5
5
5
5
5
5
5
5
5
5
5
5
5
5
5
5
5
5
5
5
5
5
5
5
5
5
5
5
5
5
5
5
5
5
5
5
5
5
5
5
5
5
5
5
5
5
5
5
5
5
5
5
5
5
5
5
5
5
5
5
5
5
5
5
5
5
5
5
5
5
5
5
5
5
5
5
5
5
5
5
5
5
5
5
5
5
5
5
5
5
5
5
5
5
5
5
5
5
5
5
5
5
5
5
5
5
5
5
5
5
5
5
5
5
5
5
5
5
5
5
5
5
5
5
5
5
5
5
5
5
5
5
5
5
5
5
5
5
5
5
5
5
5
5
5
5
5
5
5
5
5
5
5
5
5
5
5
5
5
5
5
5
5
5
5
5
5
5
5
5
5
5
5
5
5
5
5
5
5
5
5
5
5
5
5
5
5
5
5
5
5
5
5
5
5
5
5
5
5
5
5
5
5
5
5
5
5
5
5
5
5
5
5
5
5
5
5
5
5
5
5
5
5
5
5
5
5
5
5
5
5
5
5
5
5
5
5
5
5
5
5
5
5
5
5
5
5
5
5
5
5
5
5
5
5
5
5
5
5
5
5
5
5
5
5
5
5
5
5
5
5
5
5
5
5
5
5
5
5
5
5
5
5
5
5
5
5
5
5
5
5
5
5
5
5
5
5
5
5
5
5
5
5
5
5
5
5
5
5
5
5
5
5
5
5
5
5
5
5
5
5
5
5
5
5
5
5
5
5
5
5
5
5
5
5
5
5
5
5
5
5
5
5
5
5
5
5
5
5
5
5
5
5
5
5
5
5
5
5
5
5
5
5
5
5
5
5
5
5
5
5
5
5
5
5
5
5
5
5
5
5
5
5
5
5
5
5
5
5
5
5
5
5
5
5
5
5
5
5
5
5
5
5
5
5
5
5
5
5
5
5
5
5
5
5
5
5
5
5
5
5
5
5
5
5
5
5
5
5
5
5
5
5
5
5
5
5
5
5
5
5
5
5
5
5
5
5
5
5
5
5
5
5
5
5
5
5
5
5
5
5
5
5
5
5
5
5
5
5
5
5
5
5
5
5
5
5
5
5
5
5
5
5
5
5
5
5
5
5
5
5
5
5
5
5
5
5
5
5
5
5
5
5
5
5
5
5
5
5
5
5
5
5
5
5
5
5
5
5
5
5
5
5
5
5
5
5
5
5
5
5
5
5
5
5
5
5
5
5
5
5
5
5
5
5
5
5
5
5
5
5
5
5
5
5
5
5
5
5
5
5
5
5
5
5
5
5
5
5
5
5
5
5
5
5
5
5
5
5
5
5
5
5
5
5
5
5
5
5
5
5
5
5
5
5
5
5
5
5
5
5
5
5
5
5
5
5
5
5
5
5
5
5
5
5
5
5
5
5
5
5
5
5
5
5
5
5
5
5
5
5
5
5
5
5
5
5
5
5
5
5
5
5
5
5
5
5
5
5
5
5
5
5
5
5
5
5
5
5
5
5
5
5
5
5
5
5
5
5
5
5
5
5
5
5
5
5
5
5
5
5
5
5
5
5
5
5
5
5
5
5
5
5
5
5
5
5
5
5
5
5
5
5
5
5
5
5
5
5
5
5
5
5
5
5
5
5
5
5
5
5
5
5
5
5
5
5
5
5
5
5
5
5
5
5
5
5
5
5
5
5
5
5
5
5
5
5
5
5
5
5
5
5
5
5
5
5
5
5
5
5
5
5
5
5
5
5
5
5
5
5
5
5
5
5
5
5
5
5
5
5
5
5
5
5
5
5
5
5
5
5
5
5
5
5
5
5
5
5
5
5
5
5
5
5
5
5
5
5
5
5
5
5
5
5
5
5
5
5
5
5
5
5
5
5
5
5
5
5
5
5
5
5
5
5
5
5
5
5
5
5
5
5
5
5
5
5
5
5
5
5
5
5
5
5
5
5
5
5
5
5
5
5
5
5
5
5
5
5
5
5
5
5
5
5
5
5
5
5
5
5
5
5
5
5
5
5
5
5
5
5
5
5
5
5
5
5
5
5
5
5
5
5
5
5
5
5
5
5
5
5
5
5
5
5
5
5
5
5
5
5
5
5
5
5
5
5
5
5
5
5
5
5
5
5
5
5
5
5
5
5
5
5
5
5
5
5
5
5
5
5
5
5
5
5
5
5
5
5
5
5
5
5
5
5
5
5
5
5
5
5
5
5
5
5
5
5
5
5
5
5
5
5
5
5
5
5
5
5
5
5
5
5
5
5
5
5
5
5
5
5
5
5
5
5
5
5
5
5
5
5
5
5
5
5
5
5
5
5
5
5
5
5
5
5
5
5
5
5
5
5
5
5
5
5
5
5
5
5
5
5
5
5
5
5
5
5
5
5
5
5
5
5
5
5
5
5
5
5
5
5
5
5
5
5
5
5
5
5
5
5
5
5
5
5
5
5
5
5
5
5
5
5
5
5
5
5
5
5
5
5
5
5
5
5
5
5
5
5
5
5
5
5
5
5
5
5
5
5
5
5
5
5
5
5
5
5
5
5
5
5
5
5
5
5
5
5
5
5
5
5
5
5
5
5
5
5
5
5
5
5
5
5
5
5
5
5
5
5
5
5
5
5
5
5
5
5
5
5
5
5
5
5
5
5
5
5
5
5
5
5
5
5
5
5
5
5
5
5
5
5
5
5
5
5
5
5
5
5
5
5
5
5
5
5
5
5
5
5
5
5
5
5
5
5
5
5
5
5
5
5
5
5
5
5
5
5
5
5
5
5
5
5
5
5
5
5
5
5
5
5
5
5
5
5
5
5
5
5
5
5
5
5
5
5
5
5
5
5
5
5
5
5
5
5
5
5
5
5
5
5
5
5
5
5
5
5
5
5
5
5
5
5
5
5
5
5
5
5
5
5
5
5
5
5
5
5
5
5
5
5
5
5
5
5
5
5
5
5
5
5
5
5
5
5
5
5
5
5
5
5
5
5
5
5
5
5
5
5
5
5
5
5
5
5
5
5
5
5
5
5
5
5
5
5
5
5
5
5
5
5
5
5
5
5
5
5
5
5
5
5
5
5
5
5
5
5
5
5
5
5
5
5
5
5
5
5
5
5
5
5
5
5
5
5
5
5
5
5
5
5
5
5
5
5
5
5
5
5
5
5
5
5
5
5
5
5
5
5
5
5
5
5
5
5
5
5
5
5
5
5
5
5
5
5
5
5
5
5
5
5
5
5
5
5
5
5
5
5
5
5
5
5
5
5
5
5
5
5
5
5
5
5
5
5
5
5
5
5
5
5
5
5
5
5
5
5
5
5
5
5
5
5
5
5
5
5
5
5
5
5
5
5
5
5
5
5
5
5
5
5
5
5
5
5
5
5
5
5
5
5
5
5
5
5
5
5
5
5
5
5
5
5
5
5
5
5
5
5
5
5
5
5
5
5
5
5
5
5
5
5
5
5
5
5
5
5
5
5
5
5
5
5
5
5
5
5
5
5
5
5
5
5
5
5
5
5
5
5
5
5
5
5
5
5
5
5
5
5
5
5
5
5
5
5
5
5
5
5
5
5
5
5
5
5
5
5
5
5
5
5
5
5
5
5
5
5
5
5
5
5
5
5
5
5
5
5
5
5
5
5
5
5
5
5
5
5
5
5
5
5
5
5
5
5
5
5
5
5
5
5
5
5
5
5
5
5
5
5
5
5
5
5
5
5
5
5
5
5
5
5
5
5
5
5
5
5
5
5
5
5
5
5
5
5
5
5
5
5
5
5
5
5
5
5
5
5
5
5
5
5
5
5
5
5
5
5
5
5
5
5
5
5
5
5
5
5
5
5
5
5
5
5
5
5
5
5
5
5
5
5
5
5
5
5
5
5
5
5
5
5
5
5
5
5
5
5
5
5
5
5
5
5
5
5
5
5
5
5
5
5
5
5
5
5
5
5
5
5
5
5
5
5
5
5
5
5
5
5
5
5
5
5
5
5
5
5
5
5
5
5
5
5
5
5
5
5
5
5
5
5
5
5
5
5
5
5
5
5
5
5
5
5
5
5
5
5
5
5
5
5
5
5
5
5
5
5
5
5
5
5
5
5
5
5
5
5
5
5
5
5
5
5
5
5
5
5
5
5
5
5
5
5
5
5
5
5
5
5
5
5
5
5
5
5
5
5
5
5
5
5
5
5
5
5
5
5
5
5
5
5
5
5
5
5
5
5
5
5
5
5
5
5
5
5
5
5
5
5
5
5
5
5
5
5
5
5
5
5
5
5
5
5
5
5
5
5
5
5
5
5
5
5
5
5
5
5
5
5
5
5
5
5
5
5
5
5
5
5
5
5
5
5
5
5
5
5
5
5
5
5
5
5
5
5
5
5
5
5
5
5
5
5
5
5
5
5
5
5
5
5
5
5
5
5
5
5
5
5
5
5
5
5
5
5
5
5
5
5
5
5
5
5
5
5
5
5
5
5
5
5
5
5
5
5
5
5
5
5
5
5
5
5
5
5
5
5
5
5
5
5
5
5
5
5
5
5
5
5
5
5
5
5
5
5
5
5
5
5
5
5
5
5
5
5
5
5
5
5
5
5
5
5
5
5
5
5
5
5
5
5
5
5
5
5
5
5
5
5
5
5
5
5
5
5
5
5
5
5
5
5
5
5
5
5
5
5
5
5
5
5
5
5
5
5
5
5
5
5
5
5
5
5
5
5
5
5
5
5
5
5
5
5
5
5
5
5
5
5
5
5
5
5
5
5
5
5
5
5
5
5
5
5
5
5
5
5
5
5
5
5
5
5
5
5
5
5
5
5
5
5
5
5
5
5
5
5
5
5
5
5
5
5
5
5
5
5
5
5
5
5
5
5
5
5
5
5
5
5
5
5
5
5
5
5
5
5
5
5
5
5
5
5
5
5
5
5
5
5
5
5
5
5
5
5
5
5
5
5
5
5
5
5
5
5
5
5
5
5
5
5
5
5
5
5
5
5
5
5
5
5
5
5
5
5
5
5
5
5
5
5
5
5
5
5
5
5
5
5
5
5
5
5
5
5
5
5
5
5
5
5
5
5
5
5
5
5
5
5
5
5
5
5
5
5
5
5
5
5
5
5
5
5
5
5
5
5
5
5
5
5
5
5
5
5
5
5
5
5
5
5
5
5
5
5
5
5
5
5
5
5
5
5
5
5
5
5
5
5
5
5
5
5
5
5
5
5
5
5
5
5
5
5
5
5
5
5
5
5
5
5
5
5
5
5
5
5
5
5
5
5
5
5
5
5
5
5
5
5
5
5
5
5
5
5
5
5
5
5
5
5
5
5
5
5
5
5
5
5
5
5
5
5
5
5
5
5
5
5
5
5
5
5
5
5
5
5
5
5
5
5
5
5
5
5
5
5
5
5
5
5
5
5
5
5
5
5
5
5
5
5
5
5
5
5
5
5
5
5
5
5
5
5
5
5
5
5
5
5
5
5
5
5
5
5
5
5
5
5
5
5
5
5
5
5
5
5
5
5
5
5
5
5
5
5
5
5
5
5
5
5
5
5
5
5
5
5
5
5
5
5
5
5
5
5
5
5
5
5
5
5
5
5
5
5
5
5
5
5
5
5
5
5
5
5
5
5
5
5
5
5
5
5
5
5
5
5
5
5
5
5
5
5
5
5
5
5
5
5
5
5
5
5
5
5
5
5
5
5
5
5
5
5
5
5
5
5
5
5
5
5
5
5
5
5
5
5
5
5
5
5
5
5
5
5
5
5
5
5
5
5
5
5
5
5
5
5
5
5
5
5
5
5
5
5
5
5
5
5
5
5
5
5
5
5
5
5
5
5
5
5
5
5
5
5
5
5
5
5
5
5
5
5
5
5
5
5
5
5
5
5
5
5
5
5
5
5
5
5
5
5
5
5
5
5
5
5
5
5
5
5
5
5
5
5
5
5
5
5
5
5
5
5
5
5
5
5
5
5
5
5
5
5
5
5
5
5
5
5
5
5
5
5
5
5
5
5
5
5
5
5
5
5
5
5
5
5
5
5
5
5
5
5
5
5
5
5
5
5
5
5
5
5
5
5
5
5
5
5
5
5
5
5
5
5
5
5
5
5
5
5
5
5
5
5
5
5
5
5
5
5
5
5
5
5
5
5
5
5
5
5
5
5
5
5
5
5
5
5
5
5
5
5
5
5
5
5
5
5
5
5
5
5
5
5
5
5
5
5
5
5
5
5
5
5
5
5
5
5
5
5
5
5
5
5
5
5
5
5
5
5
5
5
5
5
5
5
5
5
5
5
5
5
5
5
5
5
5
5
5
5
5
5
5
5
5
5
5
5
5
5
5
5
5
5
5
5
5
5
5
5
5
5
5
5
5
5
5
5
5
5
5
5
5
5
5
5
5
5
5
5
5
5
5
5
5
5
5
5
5
5
5
5
5
5
5
5
5
5
5
5
5
5
5
5
5
5
5
5
5
5
5
5
5
5
5
5
5
5
5
5
5
5
5
5
5
5
5
5
5
5
5
5
5
5
5
5
5
5
5
5
5
5
5
5
5
5
5
5
5
5
5
5
5
5
5
5
5
5
5
5
5
5
5
5
5
5
5
5
5
5
5
5
5
5
5
5
5
5
5
5
5
5
5
5
5
5
5
5
5
5
5
5
5
5
5
5
5
5
5
5
5
5
5
5
5
5
5
5
5
5
5
5
5
5
5
5
5
5
5
5
5
5
5
5
5
5
5
5
5
5
5
5
5
5
5
5
5
5
5
5
5
5
5
5
5
5
5
5
5
5
5
5
5
5
5
5
5
5
5
5
5
5
5
5
5
5
5
5
5
5
5
5
5
5
5
5
5
5
5
5
5
5
5
5
5
5
5
5
5
5
5
5
5
5
5
5
5
5
5
5
5
5
5
5
5
5
5
5
5
5
5
5
5
5
5
5
5
5
5
5
5
5
5
5
5
5
5
5
5
5
5
5
5
5
5
5
5
5
5
5
5
5
5
5
5
5
5
5
5
5
5
5
5
5
5
5
5
5
5
5
5
5
5
5
5
5
5
5
5
5
5
5
5
5
5
5
5
5
5
5
5
5
5
5
5
5
5
5
5
5
5
5
5
5
5
5
5
5
5
5
5
5
5
5
5
5
5
5
5
5
5
5
5
5
5
5
5
5
5
5
5
5
5
5
5
5
5
5
5
5
5
5
5
5
5
5
5
5
5
5
5
5
5
5
5
5
5
5
5
5
5
5
5
5
5
5
5
5
5
5
5
5
5
5
5
5
5
5
5
5
5
5
5
5
5
5
5
5
5
5
5
5
5
5
5
5
5
5
5
5
5
5
5
5
5
5
5
5
5
5
5
5
5
5
5
5
5
5
5
5
5
5
5
5
5
5
5
5
5
5
5
5
5
5
5
5
5
5
5
5
5
5
5
5
5
5
5
5
5
5
5
5
5
5
5
5
5
5
5
5
5
5
5
5
5
5
5
5
5
5
5
5
5
5
5
5
5
5
5
5
5
5
5
5
5
5
5
5
5
5
5
5
5
5
5
5
5
5
5
5
5
5
5
5
5
5
5
5
5
5
5
5
5
5
5
5
5
5
5
5
5
5
5
5
5
5
5
5
5
5
5
5
5
5
5
5
5
5
5
5
5
5
5
5
5
5
5
5
5
5
5
5
5
5
5
5
5
5
5
5
5
5
5
5
5
5
5
5
5
5
5
5
5
5
5
5
5
5
5
5
5
5
5
5
5
5
5
5
5
5
5
5
5
5
5
5
5
5
5
5
5
5
5
5
5
5
5
5
5
5
5
5
5
5
5
5
5
5
5
5
5
5
5
5
5
5
5
5
5
5
5
5
5
5
5
5
5
5
5
5
5
5
5
5
5
5
5
5
5
5
5
5
5
5
5
5
5
5
5
5
5
5
5
5
5
5
5
5
5
5
5
5
5
5
5
5
5
5
5
5
5
5
5
5
5
5
5
5
5
5
5
5
5
5
5
5
5
5
5
5
5
5
5
5
5
5
5
5
5
5
5
5
5
5
5
5
5
5
5
5
5
5
5
5
5
5
5
5
5
5
5
5
5
5
5
5
5
5
5
5
5
5
5
5
5
5
5
5
5
5
5
5
5
5
5
5
5
5
5
5
5
5
5
5
5
5
5
5
5
5
5
5
5
5
5
5
5
5
5
5
5
5
5
5
5
5
5
5
5
5
5
5
5
5
5
5
5
5
5
5
5
5
5
5
5
5
5
5
5
5
5
5
5
5
5
5
5
5
5
5
5
5
5
5
5
5
5
5
5
5
5
5
5
5
5
5
5
5
5
5
5
5
5
5
5
5
5
5
5
5
5
5
5
5
5
5
5
5
5
5
5
5
5
5
5
5
5
5
5
5
5
5
5
5
5
5
5
5
5
5
5
5
5
5
5
5
5
5
5
5
5
5
5
5
5
5
5
5
5
5
5
5
5
5
5
5
5
5
5
5
5
5
5
5
5
5
5
5
5
5
5
5
5
5
5
5
5
5
5
5
5
5
5
5
5
5
5
5
5
5
5
5
5
5
5
5
5
5
5
5
5
5
5
5
5
5
5
5
5
5
5
5
5
5
5
5
5
5
5
5
5
5
5
5
5
5
5
5
5
5
5
5
5
5
5
5
5
5
5
5
5
5
5
5
5
5
5
5
5
5
5
5
5
5
5
5
5
5
5
5
5
5
5
5
5
5
5
5
5
5
5
5
5
5
5
5
5
5
5
5
5
5
5
5
5
5
5
5
5
5
5
5
5
5
5
5
5
5
5
5
5
5
5
5
5
5
5
5
5
5
5
5
5
5
5
5
5
5
5
5
5
5
5
5
5
5
5
5
5
5
5
5
5
5
5
5
5
5
5
5
5
5
5
5
5
5
5
5
5
5
5
5
5
5
5
5
5
5
5
5
5
5
5
5
5
5
5
5
5
5
5
5
5
5
5
5
5
5
5
5
5
5
5
5
5
5
5
5
5
5
5
5
5
5
5
5
5
5
5
5
5
5
5
5
5
5
5
5
5
5
5
5
5
5
5
5
5
5
5
5
5
5
5
5
5
5
5
5
5
5
5
5
5
5
5
5
5
5
5
5
5
5
5
5
5
5
5
5
5
5
5
5
5
5
5
5
5
5
5
5
5
5
5
5
5
5
5
5
5
5
5
5
5
5
5
5
5
5
5
5
5
5
5
5
5
5
5
5
5
5
5
5
5
5
5
5
5
5
5
5
5
5
5
5
5
5
5
5
5
5
5
5
5
5
5
5
5
5
5
5
5
5
5
5
5
5
5
5
5
5
5
5
5
5
5
5
5
5
5
5
5
5
5
5
5
5
5
5
5
5
5
5
5
5
5
5
5
5
5
5
5
5
5
5
5
5
5
5
5
5
5
5
5
5
5
5
5
5
5
5
5
5
5
5
5
5
5
5
5
5
5
5
5
5
5
5
5
5
5
5
5
5
5
5
5
5
5
5
5
5
5
5
5
5
5
5
5
5
5
5
5
5
5
5
5
5
5
5
5
5
5
5
5
5
5
5
5
5
5
5
5
5
5
5
5
5
5
5
5
5
5
5
5
5
5
5
5
5
5
5
5
5
5
5
5
5
5
5
5
5
5
5
5
5
5
5
5
5
5
5
5
5
5
5
5
5
5
5
5
5
5
5
5
5
5
5
5
5
5
5
5
5
5
5
5
5
5
5
5
5
5
5
5
5
5
5
5
5
5
5
5
5
5
5
5
5
5
5
5
5
5
5
5
5
5
5
5
5
5
5
5
5
5
5
5
5
5
5
5
5
5
5
5
5
5
5
5
5
5
5
5
5
5
5
5
5
5
5
5
5
5
5
5
5
5
5
5
5
5
5
5
5
5
5
5
5
5
5
5
5
5
5
5
5
5
5
5
5
5
5
5
5
5
5
5
5
5
5
5
5
5
5
5
5
5
5
5
5
5
5
5
5
5
5
5
5
5
5
5
5
5
5
5
5
5
5
5
5
5
5
5
5
5
5
5
5
5
5
5
5
5
5
5
5
5
5
5
5
5
5
5
5
5
5
5
5
5
5
5
5
5
5
5
5
5
5
5
5
5
5
5
5
5
5
5
5
5
5
5
5
5
5
5
5
5
5
5
5
5
5
5
5
5
5
5
5
5
5
5
5
5
5
5
5
5
5
5
5
5
5
5
5
5
5
5
5
5
5
5
5
5
5
5
5
5
5
5
5
5
5
5
5
5
5
5
5
5
5
5
5
5
5
5
5
5
5
5
5
5
5
5
5
5
5
5
5
5
5
5
5
5
5
5
5
5
5
5
5
5
5
5
5
5
5
5
5
5
5
5
5
5
5
5
5
5
5
5
5
5
5
5
5
5
5
5
5
5
5
5
5
5
5
5
5
5
5
5
5
5
5
5
5
5
5
5
5
5
5
5
5
5
5
5
5
5
5
5
5
5
5
5
5
5
5
5
5
5
5
5
5
5
5
5
5
5
5
5
5
5
5
5
5
5
5
5
5
5
5
5
5
5
5
5
5
5
5
5
5
5
5
5
5
5
5
5
5
5
5
5
5
5
5
5
5
5
5
5
5
5
5
5
5
5
5
5
5
5
5
5
5
5
5
5
5
5
5
5
5
5
5
5
5
5
5
5
5
5
5
5
5
5
5
5
5
5
5
5
5
5
5
5
5
5
5
5
5
5
5
5
5
5
5
5
5
5
5
5
5
5
5
5
5
5
5
5
5
5
5
5
5
5
5
5
5
5
5
5
5
5
5
5
5
5
5
5
5
5
5
5
5
5
5
5
5
5
5
5
5
5
5
5
5
5
5
5
5
5
5
5
5
5
5
5
5
5
5
5
5
5
5
5
5
5
5
5
5
5
5
5
5
5
5
5
5
5
5
5
5
5
5
5
5
5
5
5
5
5
5
5
5
5
5
5
5
5
5
5
5
5
5
5
5
5
5
5
5
5
5
5
5
5
5
5
5
5
5
5
5
5
5
5
5
5
5
5
5
5
5
5
5
5
5
5
5
5
5
5
5
5
5
5
5
5
5
5
5
5
5
5
5
5
5
5
5
5
5
5
5
5
5
5
5
5
5
5
5
5
5
5
5
5
5
5
5
5
5
5
5
5
5
5
5
5
5
5
5
5
5
5
5
5
5
5
5
5
5
5
5
5
5
5
5
5
5
5
5
5
5
5
5
5
5
5
5
5
5
5
5
5
5
5
5
5
5
5
5
5
5
5
5
5
5
5
5
5
5
5
5
5
5
5
5
5
5
5
5
5
5
5
5
5
5
5
5
5
5
5
5
5
5
5
5
5
5
5
5
5
5
5
5
5
5
5
5
5
5
5
5
5
5
5
5
5
5
5
5
5
5
5
5
5
5
5
5
5
5
5
5
5
5
5
5
5
5
5
5
5
5
5
5
5
5
5
5
5
CELL_DATA 8747
SCALARS sample_scalars double 2
LOOKUP_TABLE default
291.129	0	
291.129	0	
209.413	0	
291.129	0	
291.129	0	
237.01	0	
197.984	0	
291.129	0	
216.853	0	
291.129	0	
449.694	0	
190.866	0	
291.129	0	
215.612	0	
596.166	0	
195.263	0	
170.633	0	
966.815	0	
202.385	0	
674.602	0	
530.079	0	
171.469	0	
935.979	0	
208.701	0	
185.431	0	
283.889	0	
232.347	0	
212.357	0	
219.702	0	
181.627	0	
246.927	0	
239.944	0	
462.026	0	
231.704	0	
237.399	0	
188.023	0	
213.846	0	
260.951	0	
196.948	0	
236.554	0	
456.171	0	
224.427	0	
223.585	0	
204.235	0	
199.303	0	
340.889	0	
196.051	0	
299.91	0	
285.166	0	
204.756	0	
360.91	0	
210.825	0	
415.449	0	
204.68	0	
197.389	0	
199.431	0	
176.266	0	
245.975	0	
245.269	0	
184.501	0	
251.47	0	
196.381	0	
244.78	0	
273.861	0	
224.38	0	
254.795	0	
233.547	0	
222.338	0	
251.307	0	
214.023	0	
250.501	0	
226.637	0	
183.955	0	
202.059	0	
231.019	0	
240.731	0	
198.283	0	
239.048	0	
201.166	0	
223.467	0	
221.284	0	
225.726	0	
211.269	0	
208.039	0	
203.799	0	
185.725	0	
184.268	0	
199.438	0	
202.567	0	
218.248	0	
200.75	0	
220.123	0	
171.398	0	
171.3	0	
287.222	0	
173.491	0	
174.035	0	
200.133	0	
172.144	0	
218.377	0	
216.44	0	
182.564	0	
200.775	0	
168.739	0	
159.817	0	
181.669	0	
177.557	0	
198.639	0	
175.141	0	
215.274	0	
186.181	0	
183.276	0	
196.298	0	
171.372	0	
179.419	0	
163.106	0	
164.468	0	
176.679	0	
165.736	0	
184.941	0	
164.697	0	
169.061	0	
193.92	0	
165.254	0	
166.365	0	
167.571	0	
168.092	0	
167.521	0	
168.716	0	
162.444	0	
172.505	0	
172.282	0	
176.069	0	
161.268	0	
175.861	0	
179.571	0	
168.32	0	
168.168	0	
174.324	0	
168.71	0	
190.802	0	
175.842	0	
176.744	0	
194.644	0	
171.659	0	
166.005	0	
170.465	0	
172.076	0	
171.258	0	
204.669	0	
157.693	0	
193.499	0	
176	0	
225.991	0	
158.468	0	
170.075	0	
180.195	0	
165.792	0	
170.286	0	
181.47	0	
172.734	0	
173.594	0	
228.989	0	
193.102	0	
174.494	0	
229.848	0	
177.79	0	
236.751	0	
174.416	0	
177.358	0	
227.64	0	
179.644	0	
221.59	0	
188.774	0	
181.227	0	
223.324	0	
175.158	0	
213.787	0	
237.543	0	
184.728	0	
236.756	0	
192.084	0	
194.431	0	
232.439	0	
180.114	0	
239.774	0	
174.591	0	
252.11	0	
169.173	0	
183.412	0	
242.036	0	
195.136	0	
220.469	0	
191.153	0	
194.244	0	
216.576	0	
198.645	0	
231.476	0	
199.403	0	
196.246	0	
183.836	0	
199.323	0	
203.773	0	
222.053	0	
199.668	0	
201.373	0	
199.436	0	
204.228	0	
209.025	0	
193.943	0	
212.505	0	
204.758	0	
197.936	0	
232.56	0	
200.001	0	
235.611	0	
192.469	0	
196.108	0	
198.607	0	
194.321	0	
193.829	0	
199.93	0	
193.354	0	
204.565	0	
199.066	0	
194.998	0	
196.796	0	
204.652	0	
191.858	0	
243.773	0	
191.945	0	
194.398	0	
192.887	0	
187.999	0	
193.024	0	
196.775	0	
192.556	0	
190.604	0	
197.816	0	
202.907	0	
191.709	0	
199.34	0	
192.055	0	
197.274	0	
192.808	0	
198.651	0	
193.234	0	
213.015	0	
201.216	0	
191.043	0	
198.687	0	
197.938	0	
205.166	0	
199.4	0	
191.847	0	
206.184	0	
196.28	0	
204.448	0	
198.481	0	
197.841	0	
206.613	0	
195.101	0	
193.872	0	
197.455	0	
189.291	0	
203.374	0	
195.092	0	
193.819	0	
195.714	0	
210.43	0	
198.327	0	
215.135	0	
214.801	0	
197.593	0	
215.593	0	
199.96	0	
191.114	0	
236.831	0	
181.631	0	
234.926	0	
237.52	0	
192.241	0	
227.798	0	
175.851	0	
230.976	0	
187.663	0	
209.231	0	
232.981	0	
177.477	0	
238.926	0	
226.745	0	
210.251	0	
213.941	0	
214.206	0	
225.627	0	
218.947	0	
259.289	0	
215.245	0	
211.174	0	
233.434	0	
195.671	0	
250.464	0	
215.978	0	
226.235	0	
222.35	0	
180.494	0	
208.7	0	
197.712	0	
190.674	0	
194.842	0	
291.144	0	
181.652	0	
216.745	0	
207.06	0	
241.798	0	
188.231	0	
195.936	0	
225.138	0	
216.907	0	
191.808	0	
216.446	0	
188.543	0	
187.56	0	
207.044	0	
186.988	0	
221.522	0	
175.812	0	
231.292	0	
214.258	0	
174.885	0	
217.219	0	
171.528	0	
170.593	0	
219.69	0	
182.842	0	
204.609	0	
217.281	0	
173.56	0	
216.209	0	
176.688	0	
184.303	0	
210.675	0	
171.755	0	
220.705	0	
178.166	0	
219.273	0	
187.818	0	
210.343	0	
220.092	0	
179.297	0	
222.457	0	
199.456	0	
215.91	0	
218.695	0	
189.64	0	
226.146	0	
200.483	0	
200.881	0	
204.118	0	
183.294	0	
218.79	0	
199.799	0	
202.625	0	
189.376	0	
204.491	0	
208.273	0	
184.558	0	
222.246	0	
189.143	0	
224.089	0	
229.91	0	
176.594	0	
223.864	0	
175.933	0	
233.092	0	
227.74	0	
222.601	0	
223.755	0	
224.802	0	
222.423	0	
229.13	0	
221.581	0	
234.084	0	
216.148	0	
223.712	0	
201.699	0	
232.159	0	
226.762	0	
217.362	0	
219.338	0	
217.164	0	
214.349	0	
209.199	0	
206.706	0	
218.847	0	
223.698	0	
214.98	0	
217.678	0	
207.506	0	
227.578	0	
211.474	0	
212.55	0	
208.963	0	
209.82	0	
214.029	0	
210.147	0	
187.862	0	
214.238	0	
222.464	0	
230.664	0	
221.685	0	
179.444	0	
211.675	0	
181.659	0	
180.897	0	
231.497	0	
173.019	0	
238.89	0	
260.609	0	
165.489	0	
224.298	0	
169.061	0	
240.665	0	
185.372	0	
200.922	0	
201.085	0	
162.524	0	
247.288	0	
170.382	0	
221.215	0	
261.476	0	
168.693	0	
244.403	0	
166.916	0	
173.095	0	
252.467	0	
168.493	0	
180.944	0	
239.5	0	
175.437	0	
233.346	0	
171.107	0	
240.831	0	
163.026	0	
183.178	0	
234.581	0	
172.951	0	
226.833	0	
225.121	0	
177.667	0	
196.958	0	
185.154	0	
178.438	0	
194.721	0	
185.291	0	
204.095	0	
205.441	0	
173.086	0	
178.993	0	
175.106	0	
208.494	0	
170.057	0	
231.452	0	
178.512	0	
291.129	0	
182.494	0	
291.129	0	
228.244	0	
170.516	0	
173.709	0	
169.65	0	
173.727	0	
175.685	0	
169.96	0	
174.397	0	
182.32	0	
171.314	0	
172.051	0	
166.199	0	
178.498	0	
161.361	0	
171.636	0	
163.939	0	
177.545	0	
187.67	0	
164.749	0	
179.303	0	
165.59	0	
163.956	0	
165.934	0	
162.133	0	
185.455	0	
168.061	0	
164.142	0	
176.523	0	
172.867	0	
170.457	0	
176.363	0	
166.355	0	
172.068	0	
167.779	0	
163.679	0	
164.143	0	
169.752	0	
230.141	0	
185.311	0	
187.713	0	
178.263	0	
188.994	0	
189.41	0	
183.941	0	
225.377	0	
209.255	0	
223.485	0	
223.028	0	
194.557	0	
200.56	0	
207.808	0	
190.549	0	
220.913	0	
182.922	0	
210.423	0	
214.263	0	
199.477	0	
208.196	0	
198.984	0	
202.909	0	
212.221	0	
214.498	0	
217.231	0	
175.567	0	
211.791	0	
189.007	0	
221.167	0	
213.749	0	
187.684	0	
217.707	0	
200.3	0	
201.963	0	
193.27	0	
198.439	0	
218.465	0	
177.49	0	
177.267	0	
196.164	0	
219.895	0	
208.345	0	
232.95	0	
239.603	0	
194.732	0	
222.145	0	
206.412	0	
210.617	0	
232.477	0	
213.932	0	
231.419	0	
228.284	0	
211.671	0	
213.504	0	
232.043	0	
223.45	0	
205.234	0	
221.042	0	
223.627	0	
223.122	0	
174.501	0	
158.339	0	
232.858	0	
177.356	0	
228.895	0	
196.081	0	
182.463	0	
208.172	0	
169.281	0	
187.512	0	
196.605	0	
206.32	0	
203.021	0	
164.459	0	
191.069	0	
221.341	0	
216.037	0	
192.651	0	
246.108	0	
190.054	0	
256.193	0	
199.358	0	
188.701	0	
193.436	0	
199.411	0	
194.007	0	
204.36	0	
197.826	0	
180.338	0	
271.713	0	
199.408	0	
331.343	0	
200.626	0	
265.634	0	
194.678	0	
193.468	0	
291.129	0	
196.639	0	
291.129	0	
291.129	0	
202.96	0	
291.129	0	
199.398	0	
198.857	0	
291.129	0	
195.495	0	
291.129	0	
291.129	0	
193.419	0	
291.129	0	
195.494	0	
291.129	0	
198.453	0	
289.805	0	
194.478	0	
191.695	0	
202.655	0	
213.71	0	
178.331	0	
196.541	0	
172.909	0	
190.415	0	
221.152	0	
193.242	0	
183.356	0	
180.22	0	
176.088	0	
161.149	0	
196.982	0	
170.069	0	
172.71	0	
161.565	0	
180.21	0	
186.742	0	
203.564	0	
176.632	0	
200.368	0	
200.818	0	
220.977	0	
210.12	0	
220.657	0	
197.962	0	
215.111	0	
195.007	0	
226.528	0	
218.757	0	
252.333	0	
229.828	0	
243.564	0	
252.522	0	
251.177	0	
264.336	0	
234.791	0	
233.846	0	
233.037	0	
237.28	0	
235.13	0	
222.495	0	
230.812	0	
230.225	0	
225.505	0	
218.546	0	
203.563	0	
220.28	0	
220.151	0	
205.224	0	
221.072	0	
215.989	0	
218.852	0	
221.037	0	
228.331	0	
219.482	0	
199.545	0	
202.074	0	
196.551	0	
190.445	0	
188.695	0	
185.218	0	
189.612	0	
179.018	0	
182.454	0	
180.555	0	
175.245	0	
171.852	0	
214.25	0	
216.196	0	
222.113	0	
217.346	0	
218.499	0	
225.15	0	
227.45	0	
222.614	0	
221.818	0	
221.291	0	
221.399	0	
221.412	0	
217.899	0	
216.966	0	
203.798	0	
205.368	0	
203.592	0	
199.437	0	
180.571	0	
181.395	0	
191.739	0	
210.785	0	
174.328	0	
181.793	0	
178.357	0	
171.437	0	
177.129	0	
176.502	0	
165.095	0	
178.952	0	
170.391	0	
180.154	0	
182.635	0	
203.661	0	
169.287	0	
169.498	0	
185.812	0	
191.545	0	
184.77	0	
177.567	0	
174.653	0	
182.107	0	
172.421	0	
176.409	0	
184.053	0	
169.801	0	
171.62	0	
172.896	0	
168.796	0	
169.288	0	
197.133	0	
173.278	0	
196.705	0	
188.045	0	
228.518	0	
176.301	0	
167.276	0	
172.996	0	
179.703	0	
178.381	0	
169.982	0	
171.242	0	
388.104	0	
204.983	0	
219.29	0	
216.876	0	
211.008	0	
190.003	0	
205.412	0	
205.255	0	
186.486	0	
175.918	0	
176.05	0	
169.387	0	
184.971	0	
189.087	0	
197.434	0	
198.509	0	
198.406	0	
193.643	0	
207.034	0	
205.088	0	
218.984	0	
218.659	0	
202.394	0	
205.598	0	
193.447	0	
197.965	0	
204.361	0	
230.98	0	
206.019	0	
212.426	0	
199.754	0	
198.219	0	
216.058	0	
216.858	0	
202.931	0	
199	0	
198.032	0	
213.687	0	
196.886	0	
197.638	0	
193.117	0	
201.186	0	
180.716	0	
187.621	0	
172.511	0	
165.916	0	
169.971	0	
163.137	0	
167.498	0	
174.61	0	
172.643	0	
178.231	0	
179.815	0	
170.48	0	
199.493	0	
185.872	0	
208.408	0	
209.913	0	
234.465	0	
218.301	0	
255.51	0	
237.579	0	
228.811	0	
186.036	0	
240.777	0	
229.422	0	
229.532	0	
235.044	0	
226.649	0	
227.195	0	
219.568	0	
235.688	0	
204.923	0	
218.126	0	
210.892	0	
227.128	0	
216.115	0	
219.227	0	
201.348	0	
199.323	0	
179.051	0	
186.408	0	
206.404	0	
188.737	0	
178.036	0	
180.578	0	
214.451	0	
218.01	0	
213.774	0	
219.091	0	
228.258	0	
224.077	0	
213.036	0	
212.974	0	
215.152	0	
216.268	0	
220.311	0	
215.288	0	
203.28	0	
212.474	0	
195.75	0	
198.774	0	
188.305	0	
190.723	0	
171.316	0	
177.194	0	
202.266	0	
172.862	0	
164.524	0	
176.282	0	
169.523	0	
173.905	0	
169.649	0	
172.881	0	
209.421	0	
307.862	0	
178.451	0	
182.879	0	
171.784	0	
178.614	0	
178.795	0	
183.058	0	
174.104	0	
180.026	0	
173.692	0	
217.819	0	
189.431	0	
194.669	0	
177.215	0	
233.401	0	
221.135	0	
207.661	0	
220.975	0	
219.257	0	
208.718	0	
206.954	0	
207.613	0	
249.699	0	
184.902	0	
190.643	0	
191.419	0	
196.834	0	
218.374	0	
209.529	0	
214.04	0	
198.633	0	
218.072	0	
223.974	0	
195.012	0	
203.655	0	
197.897	0	
266.258	0	
255.445	0	
211.271	0	
202.839	0	
195.88	0	
200.199	0	
214.188	0	
179.762	0	
185.514	0	
183.354	0	
190.115	0	
162.372	0	
171.378	0	
168.715	0	
180.596	0	
218.715	0	
207.456	0	
203.719	0	
219.329	0	
213.163	0	
214.993	0	
231.747	0	
224.957	0	
236.918	0	
228.868	0	
225.871	0	
204.979	0	
232.015	0	
196.621	0	
229.957	0	
242.392	0	
216.094	0	
223.075	0	
187.663	0	
187.018	0	
184.379	0	
186.926	0	
174.546	0	
178.509	0	
192.498	0	
181.287	0	
214.263	0	
213.321	0	
214.503	0	
215.487	0	
213.464	0	
213.433	0	
184.534	0	
211.923	0	
179.816	0	
183.533	0	
172.195	0	
186.555	0	
191.345	0	
198.768	0	
173.059	0	
180.123	0	
183.63	0	
186.239	0	
180.469	0	
178.785	0	
228.168	0	
216.301	0	
212.34	0	
190.138	0	
209.471	0	
208.599	0	
190.785	0	
178.354	0	
198.001	0	
198.861	0	
214.657	0	
223.44	0	
203.52	0	
223.233	0	
184.269	0	
193.98	0	
188.913	0	
173.833	0	
178.477	0	
187.68	0	
230.09	0	
189.68	0	
229.249	0	
232.053	0	
224.087	0	
226.455	0	
198.07	0	
198.319	0	
179.875	0	
185.748	0	
213.445	0	
306.262	0	
224.374	0	
213.949	0	
209.312	0	
212.267	0	
199.77	0	
185.832	0	
244.618	0	
196.413	0	
180.237	0	
189.082	0	
216.603	0	
226.023	0	
215.453	0	
183.052	0	
194.842	0	
196.559	0	
226.012	0	
185.794	0	
239.188	0	
221.558	0	
188.878	0	
192.73	0	
218.698	0	
214.186	0	
214.477	0	
212.379	0	
193.749	0	
211.523	0	
226.813	0	
196.425	0	
230.916	0	
382.814	0	
231.284	0	
224.548	0	
236.825	0	
238.264	0	
204.02	0	
207.553	0	
206.274	0	
199.956	0	
210.736	0	
208.553	0	
218.629	0	
234.9	0	
204.053	0	
215.299	0	
219.534	0	
222.699	0	
218.203	0	
206.063	0	
203.592	0	
219.623	0	
191.946	0	
197.172	0	
189.664	0	
185.797	0	
164.877	0	
184.747	0	
194.721	0	
254.205	0	
180.444	0	
172.91	0	
211.673	0	
231.312	0	
214.342	0	
218.606	0	
191.449	0	
193.063	0	
212.458	0	
210.038	0	
196.436	0	
200.314	0	
211.298	0	
199.361	0	
187.561	0	
199.818	0	
191.815	0	
203.712	0	
208.605	0	
210.415	0	
227.58	0	
238.797	0	
222.443	0	
228.185	0	
217.578	0	
224.663	0	
192.11	0	
190.665	0	
209.927	0	
210.275	0	
185.691	0	
187.177	0	
190.618	0	
187.789	0	
188.75	0	
185.534	0	
185.814	0	
183.506	0	
207.408	0	
186.186	0	
181.268	0	
183.41	0	
199.945	0	
198.271	0	
196.5	0	
186.623	0	
213.155	0	
221.082	0	
213.557	0	
203.955	0	
222.242	0	
207.445	0	
226.545	0	
245.295	0	
235.207	0	
530.328	0	
237.37	0	
224.943	0	
364.921	0	
233.809	0	
425.132	0	
207.991	0	
208.446	0	
214.082	0	
205.273	0	
212.273	0	
210.925	0	
222.351	0	
203.034	0	
210.04	0	
217.342	0	
212.923	0	
234.297	0	
259.463	0	
211.648	0	
213.04	0	
217.474	0	
215.066	0	
211.707	0	
217.463	0	
214.54	0	
209.75	0	
190.478	0	
193.21	0	
199.508	0	
198.428	0	
198.641	0	
219.82	0	
198.979	0	
190.587	0	
197.62	0	
203.164	0	
197.183	0	
172.188	0	
192.841	0	
190.222	0	
217.872	0	
200.978	0	
229.62	0	
253.415	0	
193.572	0	
191.909	0	
192.509	0	
183.918	0	
200.621	0	
209.276	0	
204	0	
197.159	0	
214.25	0	
204.548	0	
219.483	0	
219.578	0	
222.752	0	
272.777	0	
194.165	0	
194.108	0	
188.23	0	
180.973	0	
203.076	0	
209.461	0	
208.923	0	
196.371	0	
218.364	0	
228.921	0	
216.261	0	
221.366	0	
217.955	0	
227.105	0	
200.038	0	
191.855	0	
181.228	0	
186.576	0	
192.574	0	
198.605	0	
192.136	0	
192.982	0	
176.876	0	
181.745	0	
198.309	0	
192.558	0	
207.511	0	
224.806	0	
178.511	0	
195.45	0	
191.761	0	
208.456	0	
202.89	0	
204.535	0	
189.112	0	
216.071	0	
197.278	0	
212.22	0	
262.431	0	
226.798	0	
248.672	0	
251.069	0	
240.749	0	
253.575	0	
261.013	0	
228.287	0	
207.517	0	
216.783	0	
217.768	0	
192.559	0	
209.386	0	
231.417	0	
244.588	0	
226.074	0	
191.872	0	
198.448	0	
195.867	0	
203.168	0	
213.357	0	
211.142	0	
213.821	0	
213.919	0	
171.913	0	
223.689	0	
242.244	0	
213.424	0	
327.326	0	
230.655	0	
237.149	0	
252.674	0	
200.149	0	
189.025	0	
223.143	0	
191.975	0	
206.788	0	
219.675	0	
253.074	0	
219.12	0	
251.531	0	
218.833	0	
246.623	0	
248.863	0	
205.505	0	
196.33	0	
214.172	0	
218.757	0	
228.094	0	
199.352	0	
206.426	0	
221.563	0	
205.729	0	
224.726	0	
211.17	0	
221.003	0	
210.503	0	
220.402	0	
194.009	0	
193.165	0	
207.811	0	
199.713	0	
191.014	0	
194.104	0	
205.612	0	
198.207	0	
249.543	0	
233.21	0	
210.901	0	
213.632	0	
222.201	0	
227.441	0	
283.892	0	
208.969	0	
199.549	0	
387.425	0	
477.385	0	
219.146	0	
366.322	0	
244.891	0	
225.763	0	
238.881	0	
193.548	0	
198.992	0	
216.049	0	
195.664	0	
210.311	0	
209.797	0	
199.549	0	
337.75	0	
257.461	0	
217.135	0	
293.729	0	
210.129	0	
207.649	0	
205.586	0	
189.518	0	
192.809	0	
243.936	0	
227.928	0	
231	0	
244.037	0	
283.858	0	
256.464	0	
304.035	0	
205.223	0	
238.622	0	
248.346	0	
237.034	0	
188.584	0	
202.373	0	
198.342	0	
191.259	0	
206.422	0	
212.903	0	
213.299	0	
202.055	0	
211.809	0	
198.965	0	
235.415	0	
222.468	0	
206.514	0	
216.222	0	
264.079	0	
193.173	0	
192.82	0	
196.522	0	
198.981	0	
203.511	0	
198.348	0	
202.692	0	
203.856	0	
248.422	0	
248.174	0	
333.918	0	
226.504	0	
331.494	0	
191.434	0	
302.234	0	
289.085	0	
241.145	0	
262.839	0	
196.574	0	
138.85	0	
266.506	0	
242.412	0	
251.861	0	
342.2	0	
280.56	0	
295.52	0	
235.291	0	
239.116	0	
200.825	0	
205.333	0	
212.672	0	
194.971	0	
239.766	0	
226.238	0	
286.814	0	
215.276	0	
184.193	0	
228.145	0	
199.765	0	
203.532	0	
217.01	0	
200.285	0	
245.639	0	
208.065	0	
305.626	0	
347.245	0	
186.098	0	
170.881	0	
217.745	0	
199.968	0	
235.517	0	
232.3	0	
223.388	0	
234.933	0	
205.635	0	
189.249	0	
343.958	0	
322.758	0	
255.41	0	
232.59	0	
223.409	0	
229.297	0	
320.549	0	
192.133	0	
191.203	0	
186.451	0	
206.393	0	
197.025	0	
248.67	0	
212.248	0	
381.735	0	
216.751	0	
267.033	0	
227.941	0	
276.703	0	
296.149	0	
217.915	0	
227.046	0	
206.195	0	
228.949	0	
284.59	0	
280.476	0	
212.27	0	
207.419	0	
391.128	0	
257.5	0	
290.176	0	
287.602	0	
193.929	0	
197.774	0	
230.909	0	
215.206	0	
340.03	0	
235.676	0	
198.736	0	
168.88	0	
169.875	0	
170.404	0	
209.069	0	
191.8	0	
209.157	0	
215.178	0	
217.48	0	
221.438	0	
365.949	0	
252.868	0	
223.266	0	
249.272	0	
187.367	0	
192.392	0	
197.744	0	
211.539	0	
194.581	0	
191.919	0	
198.313	0	
199.455	0	
206.245	0	
216.079	0	
205.312	0	
206.395	0	
205.033	0	
230.565	0	
508.798	0	
212.366	0	
442.251	0	
338.575	0	
225.057	0	
251.87	0	
189.155	0	
187.536	0	
246.076	0	
265.465	0	
203.247	0	
229.674	0	
294.674	0	
237.782	0	
243.887	0	
293.36	0	
215.583	0	
207.406	0	
206.719	0	
206.446	0	
228.639	0	
197.384	0	
193.718	0	
199.672	0	
193.565	0	
195.626	0	
196.289	0	
198.448	0	
193.161	0	
204.651	0	
205.548	0	
210.081	0	
208.917	0	
227.442	0	
264.976	0	
413.751	0	
190.442	0	
190.48	0	
192.684	0	
188.291	0	
231.34	0	
215.002	0	
196.331	0	
198.205	0	
235.908	0	
224.37	0	
195.693	0	
193.815	0	
200.081	0	
198.8	0	
356.183	0	
243.162	0	
196.537	0	
194.051	0	
183.762	0	
201.027	0	
194.479	0	
198.13	0	
197.646	0	
208.597	0	
287.191	0	
212.954	0	
357.366	0	
156.724	0	
335.096	0	
206.195	0	
188.055	0	
220.163	0	
210.975	0	
229.436	0	
200.216	0	
204.901	0	
443.371	0	
265.731	0	
218.276	0	
208.88	0	
389.281	0	
253.515	0	
187.26	0	
234.067	0	
201.142	0	
237.826	0	
227.354	0	
237.011	0	
228.243	0	
204.48	0	
220.244	0	
222.155	0	
220.653	0	
231.506	0	
190.041	0	
192.459	0	
203.816	0	
201.21	0	
197.488	0	
196.303	0	
365.15	0	
231.281	0	
221.635	0	
221.078	0	
224.027	0	
205.668	0	
242.276	0	
233.848	0	
222.209	0	
235.942	0	
202.19	0	
208.798	0	
191.286	0	
190.325	0	
191.481	0	
216.478	0	
365.947	0	
292.37	0	
187.653	0	
184.547	0	
218.547	0	
219.832	0	
223.826	0	
224.815	0	
212.382	0	
222.058	0	
274.914	0	
279.09	0	
193.008	0	
201.632	0	
281.037	0	
489.716	0	
288.309	0	
188.057	0	
199.923	0	
201.375	0	
206.776	0	
205.779	0	
318.222	0	
264.964	0	
227.476	0	
292.221	0	
336.18	0	
266.558	0	
243.17	0	
314.673	0	
135.534	0	
216.698	0	
236.871	0	
216.245	0	
221.764	0	
222.634	0	
225.93	0	
325.555	0	
366.278	0	
211.762	0	
184.774	0	
201.413	0	
206.995	0	
191.742	0	
246.555	0	
303.105	0	
328.457	0	
299.039	0	
182.939	0	
196.793	0	
210.978	0	
193.895	0	
282.361	0	
210.798	0	
189.015	0	
211.797	0	
263.915	0	
242.173	0	
275.678	0	
250.899	0	
229.611	0	
223.284	0	
210.968	0	
208.144	0	
219.068	0	
221.383	0	
289.098	0	
453.714	0	
203.076	0	
199.219	0	
235.919	0	
280.025	0	
201.489	0	
196.895	0	
205.868	0	
205.973	0	
215.64	0	
214.196	0	
244.492	0	
271.843	0	
212.242	0	
211.302	0	
407.561	0	
346.271	0	
228.645	0	
218.637	0	
229.325	0	
232.568	0	
200.686	0	
230.217	0	
232.42	0	
224.393	0	
364.151	0	
352.82	0	
363.994	0	
189.872	0	
205.045	0	
135.051	0	
202.086	0	
341.612	0	
307.43	0	
272.949	0	
200.972	0	
207.74	0	
222.311	0	
225.57	0	
224.295	0	
226.844	0	
227.564	0	
181.336	0	
215.97	0	
184.226	0	
329.49	0	
308.382	0	
181.571	0	
148.159	0	
382.224	0	
292.338	0	
421.859	0	
433.475	0	
183.101	0	
213.471	0	
398.54	0	
195.952	0	
201.053	0	
184.422	0	
497.797	0	
510.214	0	
679.21	0	
365.182	0	
169.309	0	
212.821	0	
515.546	0	
353.865	0	
182.321	0	
200.843	0	
247.79	0	
759.08	0	
202.54	0	
402	0	
784.421	0	
719.14	0	
512.724	0	
189.622	0	
193.583	0	
90.3971	0	
195.41	0	
224.96	0	
205.322	0	
200.936	0	
559.121	0	
263.781	0	
294.752	0	
185.203	0	
185.114	0	
197.285	0	
185.703	0	
220.429	0	
333.648	0	
310.938	0	
211.475	0	
172.837	0	
219.183	0	
337.56	0	
380.89	0	
264.087	0	
444.208	0	
365.063	0	
327.128	0	
339.121	0	
176.188	0	
186.446	0	
195.115	0	
200.356	0	
325.942	0	
203.2	0	
139.032	0	
203.574	0	
291.129	0	
342.955	0	
346.717	0	
485.538	0	
602.718	0	
689.509	0	
378.903	0	
460.468	0	
78.4316	0	
70.0669	0	
209.445	0	
191.169	0	
548.373	0	
89.4185	0	
193.204	0	
188.345	0	
227.729	0	
215.96	0	
341.489	0	
414.794	0	
711.645	0	
361.172	0	
358.825	0	
626.042	0	
457.981	0	
244.683	0	
482.311	0	
415.252	0	
438.413	0	
326.444	0	
705.873	0	
491.803	0	
890.757	0	
395.322	0	
555.061	0	
903.9	0	
657.828	0	
194.101	0	
821.998	0	
741.899	0	
386.065	0	
460.725	0	
762.605	0	
800.312	0	
689.692	0	
424.335	0	
197.917	0	
204.35	0	
277.486	0	
417.334	0	
194.824	0	
222.131	0	
200.295	0	
193.161	0	
577.077	0	
369.24	0	
191.292	0	
199.052	0	
643.868	0	
383.538	0	
180.751	0	
185.577	0	
587.015	0	
366.665	0	
272.395	0	
210.452	0	
216.452	0	
203.306	0	
318.372	0	
341.235	0	
189.083	0	
139.286	0	
375.578	0	
385.339	0	
187.416	0	
188.827	0	
277.389	0	
353.1	0	
232.574	0	
67.9082	0	
188.61	0	
226.524	0	
765.488	0	
683.578	0	
807.119	0	
589.517	0	
357.521	0	
482.348	0	
881.978	0	
622.302	0	
546.429	0	
904.464	0	
194.981	0	
189.735	0	
408.134	0	
475.406	0	
397.224	0	
424.009	0	
211.326	0	
180.812	0	
743.262	0	
593.273	0	
361.102	0	
695.314	0	
182.732	0	
203.584	0	
641.324	0	
81.7861	0	
322.396	0	
438.888	0	
989.432	0	
94.6276	0	
731.28	0	
614.656	0	
198.963	0	
189.495	0	
761.557	0	
491.049	0	
676.05	0	
712.062	0	
280.704	0	
189.135	0	
189.08	0	
206.364	0	
341.448	0	
294.229	0	
208.806	0	
216.313	0	
398.225	0	
366.571	0	
184.479	0	
279.225	0	
528.039	0	
406.534	0	
199.221	0	
206.843	0	
575.438	0	
949.431	0	
384.586	0	
219.25	0	
155.121	0	
198.391	0	
199.642	0	
199.348	0	
181.673	0	
189.824	0	
856.35	0	
675.946	0	
449.722	0	
204.04	0	
152.075	0	
26.3155	0	
636.783	0	
544.854	0	
753.694	0	
452.15	0	
205.442	0	
207.475	0	
178.004	0	
183.341	0	
171.149	0	
183.391	0	
451.588	0	
437.872	0	
201.382	0	
192.262	0	
758.041	0	
238.565	0	
186.795	0	
146	0	
650.472	0	
553.347	0	
198.319	0	
196.652	0	
334.322	0	
175.617	0	
618.594	0	
680.032	0	
787.479	0	
536.401	0	
489.713	0	
306.513	0	
131.764	0	
185.917	0	
966.895	0	
195.804	0	
397.245	0	
388.425	0	
223.451	0	
234.306	0	
329.447	0	
320.223	0	
152.717	0	
103.639	0	
528.551	0	
483.606	0	
208.674	0	
182.706	0	
156.906	0	
165.19	0	
882.307	0	
882.761	0	
840.044	0	
577.902	0	
566.835	0	
453.164	0	
580.372	0	
565.45	0	
960.58	0	
1017.36	0	
654.258	0	
173.08	0	
599.585	0	
138.144	0	
463.749	0	
406.719	0	
151.088	0	
193.319	0	
166.995	0	
175.397	0	
793.448	0	
829.625	0	
424.624	0	
213.694	0	
408.325	0	
419.869	0	
375.68	0	
421.285	0	
272.6	0	
305.978	0	
225.29	0	
194.269	0	
845.373	0	
179.076	0	
260.034	0	
195.068	0	
777.575	0	
504.202	0	
226.007	0	
153.647	0	
457.318	0	
511.895	0	
119.688	0	
63.6916	0	
84.9006	0	
158.171	0	
575.375	0	
338.303	0	
291.129	0	
1033.66	0	
250.161	0	
258.704	0	
708.662	0	
592.574	0	
1013.47	0	
840.004	0	
194.458	0	
163.534	0	
321.412	0	
218.26	0	
292.3	0	
338.565	0	
160.48	0	
291.129	0	
1033.43	0	
114.783	0	
602.832	0	
696.097	0	
473.854	0	
156.222	0	
142.08	0	
118.546	0	
993.646	0	
1022.15	0	
165.848	0	
175.663	0	
364.88	0	
475.796	0	
317.897	0	
333.26	0	
54.7583	0	
78.1137	0	
480.361	0	
579.893	0	
399.584	0	
401.61	0	
78.9008	0	
157.953	0	
33.2863	0	
120.84	0	
665.97	0	
340.579	0	
127.804	0	
334.583	0	
616.264	0	
157.243	0	
518.897	0	
636.969	0	
173.225	0	
265.976	0	
154.261	0	
161.863	0	
157.788	0	
163.422	0	
23.7923	0	
291.129	0	
155.825	0	
185.691	0	
487.4	0	
942.141	0	
1060.02	0	
67.085	0	
85.1173	0	
280.167	0	
359.426	0	
422.223	0	
261.465	0	
208.004	0	
412.624	0	
413.715	0	
57.6413	0	
291.129	0	
336.596	0	
335.732	0	
374.164	0	
291.129	0	
197.816	0	
186.047	0	
338.906	0	
339.163	0	
291.129	0	
381.256	0	
291.129	0	
291.129	0	
164.137	0	
291.129	0	
328.675	0	
335.293	0	
244.231	0	
163.353	0	
430.642	0	
521.779	0	
617.797	0	
468.635	0	
660.697	0	
508.971	0	
567.3	0	
640.953	0	
97.7022	0	
29.2593	0	
68.2426	0	
31.2849	0	
58.3903	0	
28.3392	0	
26.311	0	
38.4355	0	
169.414	0	
203.606	0	
655.422	0	
706.041	0	
468.811	0	
435.991	0	
1052.92	0	
1049	0	
1017.4	0	
953.15	0	
1015.56	0	
909.064	0	
362.289	0	
369.137	0	
896.336	0	
188.359	0	
590.89	0	
630.162	0	
596.932	0	
241.172	0	
41.2091	0	
179.664	0	
220.063	0	
225.327	0	
191.874	0	
266.45	0	
454.231	0	
115.104	0	
988.946	0	
908.066	0	
986.674	0	
809.45	0	
729.486	0	
929.065	0	
953.486	0	
980.851	0	
196.542	0	
277.088	0	
223.887	0	
246.097	0	
379.878	0	
736.982	0	
845.976	0	
904.531	0	
267.253	0	
304.502	0	
586.346	0	
253.898	0	
322.996	0	
305.42	0	
111.649	0	
156.907	0	
291.129	0	
291.129	0	
248.381	0	
291.129	0	
223.012	0	
291.129	0	
194.807	0	
325.605	0	
108.429	0	
265.236	0	
697.545	0	
111.52	0	
291.129	0	
291.129	0	
291.129	0	
291.129	0	
95.3493	0	
232.553	0	
68.5352	0	
54.69	0	
310.226	0	
337.562	0	
306.385	0	
313.485	0	
291.129	0	
672.673	0	
325.856	0	
336.372	0	
858.677	0	
525.587	0	
974.441	0	
710.232	0	
809.165	0	
233.027	0	
596.168	0	
467.645	0	
437.602	0	
277.715	0	
638.193	0	
142.008	0	
291.129	0	
291.129	0	
291.129	0	
291.129	0	
113.096	0	
97.4469	0	
204.813	0	
165.05	0	
188.484	0	
268.798	0	
278.808	0	
291.129	0	
496.512	0	
291.129	0	
240.67	0	
394.428	0	
379.646	0	
358.594	0	
291.129	0	
291.129	0	
735.914	0	
421.963	0	
291.129	0	
291.129	0	
291.129	0	
291.129	0	
422.754	0	
304.265	0	
291.129	0	
291.129	0	
291.129	0	
645.188	0	
291.129	0	
291.129	0	
300.098	0	
291.129	0	
328.941	0	
291.129	0	
324.271	0	
323.62	0	
356.629	0	
365.404	0	
291.129	0	
291.129	0	
291.129	0	
291.129	0	
291.129	0	
282.343	0	
291.129	0	
291.129	0	
235.692	0	
160.528	0	
406.272	0	
455.739	0	
340.348	0	
285.257	0	
290.783	0	
319.62	0	
608.244	0	
439.244	0	
328.781	0	
350.772	0	
291.129	0	
284.81	0	
291.129	0	
291.129	0	
291.129	0	
313.97	0	
291.129	0	
291.129	0	
459.102	0	
290.67	0	
291.129	0	
291.129	0	
211.463	0	
268.131	0	
262.068	0	
244.591	0	
341.505	0	
386.309	0	
291.129	0	
291.129	0	
523.877	0	
363.913	0	
291.129	0	
291.129	0	
283.501	0	
291.129	0	
258.895	0	
291.174	0	
234.248	0	
395.714	0	
273.911	0	
280.828	0	
297.006	0	
299.851	0	
279.981	0	
284.727	0	
291.531	0	
291.129	0	
268.958	0	
293.986	0	
308.145	0	
319.191	0	
291.129	0	
291.129	0	
548.871	0	
370.039	0	
380.186	0	
300.682	0	
291.129	0	
378.724	0	
291.129	0	
291.129	0	
291.129	0	
291.129	0	
291.129	0	
291.129	0	
291.129	0	
291.129	0	
426.243	0	
389.589	0	
291.129	0	
329.342	0	
302.223	0	
308.24	0	
291.129	0	
291.129	0	
291.129	0	
291.129	0	
291.129	0	
291.129	0	
321.974	0	
289.371	0	
291.129	0	
296.951	0	
301.42	0	
305.984	0	
296.578	0	
291.129	0	
299.594	0	
292.96	0	
291.129	0	
291.129	0	
291.129	0	
291.129	0	
291.129	0	
291.129	0	
291.129	0	
291.129	0	
291.129	0	
291.129	0	
291.129	0	
291.129	0	
291.129	0	
291.129	0	
291.129	0	
291.129	0	
291.129	0	
291.129	0	
391.645	0	
381.968	0	
291.129	0	
291.129	0	
291.129	0	
291.129	0	
295.96	0	
291.129	0	
291.129	0	
291.129	0	
292.96	0	
292.38	0	
291.129	0	
292.63	0	
291.129	0	
291.129	0	
291.598	0	
291.208	0	
291.129	0	
291.129	0	
291.218	0	
291.129	0	
291.129	0	
291.129	0	
291.129	0	
291.129	0	
291.129	0	
295.01	0	
327.953	0	
271.333	0	
291.129	0	
291.129	0	
291.129	0	
291.129	0	
291.129	0	
291.129	0	
352.74	0	
291.286	0	
290.607	0	
291.247	0	
291.129	0	
291.129	0	
291.129	0	
291.129	0	
291.129	0	
291.129	0	
291.183	0	
291.129	0	
291.129	0	
291.129	0	
291.129	0	
296.951	0	
291.129	0	
291.129	0	
291.129	0	
291.321	0	
291.129	0	
291.129	0	
291.129	0	
291.129	0	
291.129	0	
291.129	0	
291.129	0	
291.129	0	
291.129	0	
291.129	0	
291.129	0	
291.129	0	
291.129	0	
291.129	0	
302.772	0	
291.156	0	
291.129	0	
291.187	0	
291.129	0	
291.129	0	
291.129	0	
291.129	0	
291.129	0	
291.129	0	
292.949	0	
293.798	0	
291.129	0	
291.129	0	
291.129	0	
291.188	0	
292.16	0	
291.129	0	
291.129	0	
291.129	0	
291.129	0	
291.129	0	
291.129	0	
291.129	0	
291.129	0	
291.129	0	
291.132	0	
291.187	0	
291.129	0	
291.129	0	
291.129	0	
291.129	0	
291.129	0	
291.129	0	
291.129	0	
291.129	0	
291.129	0	
291.129	0	
291.129	0	
291.129	0	
291.129	0	
291.129	0	
291.129	0	
291.129	0	
291.129	0	
291.129	0	
291.129	0	
291.129	0	
291.129	0	
291.129	0	
291.129	0	
291.129	0	
291.129	0	
291.129	0	
291.129	0	
291.129	0	
291.129	0	
291.129	0	
291.129	0	
291.129	0	
291.129	0	
291.129	0	
291.129	0	
291.129	0	
291.129	0	
291.129	0	
291.129	0	
291.129	0	
291.129	0	
291.129	0	
291.129	0	
291.129	0	
291.129	0	
291.129	0	
291.129	0	
291.129	0	
291.129	0	
291.129	0	
291.129	0	
291.129	0	
291.129	0	
291.129	0	
291.129	0	
291.129	0	
291.129	0	
291.129	0	
291.129	0	
291.129	0	
291.129	0	
291.129	0	
291.129	0	
291.129	0	
291.129	0	
291.129	0	
291.129	0	
291.129	0	
291.129	0	
291.129	0	
291.129	0	
291.129	0	
291.129	0	
291.129	0	
291.129	0	
291.129	0	
291.129	0	
291.129	0	
291.129	0	
291.129	0	
291.129	0	
291.129	0	
291.129	0	
291.129	0	
291.129	0	
291.129	0	
291.129	0	
291.129	0	
291.129	0	
291.129	0	
291.129	0	
291.129	0	
291.129	0	
291.129	0	
291.129	0	
291.129	0	
291.129	0	
291.129	0	
291.129	0	
291.129	0	
291.129	0	
291.129	0	
291.129	0	
291.129	0	
291.129	0	
291.129	0	
291.129	0	
291.129	0	
291.129	0	
291.129	0	
291.129	0	
291.129	0	
291.129	0	
291.129	0	
291.129	0	
291.129	0	
291.129	0	
291.129	0	
291.129	0	
291.129	0	
291.129	0	
291.129	0	
291.129	0	
291.129	0	
291.129	0	
291.129	0	
291.129	0	
291.129	0	
291.129	0	
291.129	0	
291.129	0	
291.129	0	
291.129	0	
291.129	0	
291.129	0	
291.129	0	
291.129	0	
291.129	0	
200.861	0	
200.57	0	
199.636	0	
199.819	0	
198.788	0	
198.423	0	
195.608	0	
200.437	0	
199.177	0	
202.136	0	
206.729	0	
201.678	0	
201.065	0	
203.42	0	
202.936	0	
197.529	0	
196.937	0	
194.426	0	
196.501	0	
203.259	0	
200.386	0	
196.595	0	
203.765	0	
199.31	0	
202.192	0	
197.181	0	
203.868	0	
196.755	0	
211.681	0	
204.102	0	
200.244	0	
209.634	0	
210.483	0	
209.761	0	
218.805	0	
211.422	0	
203.738	0	
210.616	0	
217.434	0	
231.574	0	
218.265	0	
218.884	0	
218.542	0	
206.407	0	
206.001	0	
234.102	0	
219.868	0	
220.845	0	
213.734	0	
203.158	0	
202.673	0	
211.095	0	
202.475	0	
230.116	0	
257.356	0	
239.943	0	
223.859	0	
209.997	0	
206.934	0	
202.753	0	
199.731	0	
201.063	0	
199.545	0	
241.217	0	
231.179	0	
211.327	0	
205.596	0	
202.717	0	
201.6	0	
192.795	0	
201.315	0	
199.934	0	
201.202	0	
249.266	0	
225.42	0	
216.471	0	
213.675	0	
202.285	0	
197.204	0	
193.797	0	
192.219	0	
244.921	0	
230.415	0	
220.276	0	
229.167	0	
219.184	0	
216.224	0	
203.947	0	
198.747	0	
243.403	0	
260.963	0	
228.204	0	
228.106	0	
214.237	0	
200.852	0	
196.298	0	
195.115	0	
236.432	0	
242.486	0	
239.195	0	
232.91	0	
194.106	0	
197.761	0	
191.868	0	
196.832	0	
193.123	0	
194.882	0	
196.771	0	
190.264	0	
197.678	0	
230.509	0	
242.606	0	
253.969	0	
251.097	0	
196.812	0	
202.15	0	
280.367	0	
266.218	0	
246.9	0	
237.096	0	
255.974	0	
243.05	0	
226.126	0	
211.281	0	
261.175	0	
271.61	0	
233.986	0	
215.658	0	
199.717	0	
203.654	0	
193.062	0	
194.934	0	
194.185	0	
192.784	0	
194.364	0	
194.498	0	
200.201	0	
197.854	0	
193.178	0	
202.723	0	
208.037	0	
197.007	0	
193.817	0	
259.796	0	
260.8	0	
269.771	0	
269.058	0	
278.112	0	
301.516	0	
257.29	0	
255.326	0	
234.355	0	
235.852	0	
220.381	0	
226.466	0	
219.45	0	
220.029	0	
268.427	0	
300.005	0	
212.804	0	
205.407	0	
199.677	0	
195.942	0	
207.333	0	
201.694	0	
194.019	0	
193.596	0	
219.603	0	
207.392	0	
205.442	0	
197.407	0	
195.708	0	
195.695	0	
192.671	0	
193.445	0	
193.054	0	
196.166	0	
194.745	0	
227.854	0	
221.598	0	
209.751	0	
208.726	0	
196.174	0	
191.179	0	
217.862	0	
193.547	0	
230.089	0	
213.729	0	
192.398	0	
189.261	0	
188.039	0	
191.343	0	
188.472	0	
227.911	0	
233.884	0	
225.163	0	
219.138	0	
204.254	0	
197.697	0	
238.144	0	
225.077	0	
226.092	0	
215.031	0	
199.201	0	
208.484	0	
244.548	0	
237.594	0	
231.682	0	
231.254	0	
208.254	0	
204.741	0	
197.425	0	
189.32	0	
246.709	0	
271.544	0	
250.23	0	
260.295	0	
231.094	0	
206.558	0	
212.881	0	
205.577	0	
192.705	0	
188.015	0	
227.876	0	
218.129	0	
198.93	0	
193.976	0	
190.711	0	
183.399	0	
232.57	0	
213.989	0	
204.634	0	
196.406	0	
205.548	0	
216.055	0	
197.479	0	
191.381	0	
221.12	0	
205.597	0	
194.54	0	
188.582	0	
195.583	0	
192.079	0	
191.904	0	
188.449	0	
191.002	0	
193.071	0	
193.102	0	
243.935	0	
241.966	0	
267.955	0	
248.206	0	
199.16	0	
200.268	0	
194.975	0	
190.925	0	
194.885	0	
195.822	0	
196.092	0	
193.961	0	
201.08	0	
192.196	0	
191.067	0	
196.974	0	
201.572	0	
201.599	0	
198.991	0	
199.744	0	
192.522	0	
190.383	0	
193.685	0	
194.928	0	
204.837	0	
204.006	0	
211.262	0	
203.48	0	
199.32	0	
196.061	0	
238.309	0	
237.55	0	
258.757	0	
239.963	0	
266.558	0	
254.402	0	
271.599	0	
282.802	0	
293.057	0	
273.049	0	
300.287	0	
277.89	0	
277.486	0	
284.455	0	
290.89	0	
272.148	0	
256.47	0	
262.395	0	
297.651	0	
301.192	0	
294.108	0	
300.681	0	
260.605	0	
292.315	0	
218.162	0	
218.338	0	
291.5	0	
291.739	0	
260.203	0	
261.874	0	
220.78	0	
204.55	0	
242.224	0	
233.443	0	
205.199	0	
220.182	0	
244.909	0	
242.254	0	
199.934	0	
201.356	0	
229.148	0	
253.762	0	
235.271	0	
265.969	0	
242.936	0	
255.714	0	
273.471	0	
278.276	0	
223.765	0	
267.607	0	
287.907	0	
314.153	0	
308.596	0	
265.242	0	
217.852	0	
212.673	0	
208.892	0	
211.288	0	
208.136	0	
212.741	0	
214.887	0	
179.605	0	
191.985	0	
169.728	0	
195.116	0	
183.255	0	
197.075	0	
195.852	0	
186.273	0	
187.975	0	
197.949	0	
195.318	0	
189.103	0	
188.258	0	
182.946	0	
187.377	0	
187.414	0	
225.392	0	
210.198	0	
208.987	0	
202.179	0	
198.012	0	
195.789	0	
196.812	0	
197.965	0	
200.676	0	
196.559	0	
196.176	0	
199.167	0	
200.904	0	
196.097	0	
200.59	0	
197.269	0	
201.827	0	
201.856	0	
199.369	0	
196.752	0	
196.419	0	
196.962	0	
199.131	0	
202.217	0	
203.202	0	
202.249	0	
197.056	0	
196.53	0	
197.432	0	
202.906	0	
204.399	0	
207.423	0	
202.013	0	
200.858	0	
201.708	0	
201.825	0	
202.401	0	
200.376	0	
196.253	0	
196.942	0	
196.015	0	
197.227	0	
199.514	0	
202.324	0	
207.553	0	
212.226	0	
197.68	0	
210.901	0	
207.501	0	
211.335	0	
207.072	0	
206.1	0	
207.428	0	
222.028	0	
221.154	0	
212.958	0	
221.037	0	
226.113	0	
207.051	0	
201.287	0	
222.852	0	
253.182	0	
227.713	0	
220.768	0	
233.592	0	
232.955	0	
235.582	0	
243.946	0	
234.97	0	
238.839	0	
252.136	0	
251.163	0	
248.698	0	
259.709	0	
253.917	0	
244.319	0	
287.67	0	
272.19	0	
265.752	0	
265.156	0	
262.766	0	
264.505	0	
240.721	0	
233.923	0	
245.059	0	
260.65	0	
278.639	0	
265.612	0	
282.937	0	
301.18	0	
250.719	0	
223.415	0	
227.418	0	
227.52	0	
283.376	0	
277.967	0	
248.764	0	
236.492	0	
237.4	0	
228.93	0	
225.087	0	
219.517	0	
307.821	0	
316.261	0	
286.662	0	
287.48	0	
225.744	0	
219.693	0	
213.468	0	
214.236	0	
211.401	0	
216.311	0	
195.821	0	
196.143	0	
196.467	0	
196.129	0	
195.612	0	
200.245	0	
198.858	0	
252.344	0	
236.402	0	
253.366	0	
253.386	0	
270.435	0	
239.515	0	
224.247	0	
229.361	0	
191.553	0	
195.539	0	
194.831	0	
193.174	0	
196.459	0	
199.815	0	
204.649	0	
206.691	0	
232.143	0	
260.882	0	
275.9	0	
249.082	0	
257.051	0	
252.373	0	
193.984	0	
200.788	0	
211.733	0	
207.887	0	
249.13	0	
243.392	0	
195.286	0	
196.69	0	
196.6	0	
191.924	0	
201.795	0	
193.886	0	
193.393	0	
194.439	0	
194.875	0	
194.89	0	
197.565	0	
215.529	0	
283.054	0	
336.737	0	
344.286	0	
250.732	0	
264.831	0	
280.278	0	
271.061	0	
363.765	0	
327.564	0	
204.131	0	
202.992	0	
215.573	0	
226.245	0	
246.396	0	
244.051	0	
195.905	0	
196.813	0	
294.249	0	
299.684	0	
212.332	0	
234.437	0	
304.618	0	
301.23	0	
310.858	0	
338	0	
200.685	0	
220.823	0	
200.859	0	
196.603	0	
221.793	0	
244.975	0	
207.151	0	
208.991	0	
240.351	0	
245.972	0	
239.058	0	
243.323	0	
250.72	0	
236.408	0	
188.476	0	
210.639	0	
232.411	0	
157.027	0	
230.159	0	
300.453	0	
225.003	0	
244.585	0	
218.59	0	
239.898	0	
243.504	0	
242.602	0	
242.625	0	
246.333	0	
214.229	0	
262.82	0	
212.746	0	
256.298	0	
213.18	0	
243.652	0	
231.779	0	
234.14	0	
232.965	0	
231.662	0	
235.261	0	
229.213	0	
234.724	0	
231.83	0	
230.075	0	
228.998	0	
233.61	0	
231.768	0	
226.6	0	
228.846	0	
226.924	0	
234.842	0	
228.19	0	
226.637	0	
225.322	0	
225.247	0	
225.559	0	
232.578	0	
227.484	0	
231.171	0	
234.778	0	
233.197	0	
234.277	0	
230.059	0	
226.21	0	
224.2	0	
228.95	0	
252.664	0	
228.432	0	
227.356	0	
233.266	0	
231.387	0	
228.868	0	
229.82	0	
235.743	0	
227.704	0	
249.733	0	
236.744	0	
228.591	0	
235.984	0	
260.202	0	
271.617	0	
221.433	0	
224.324	0	
268.697	0	
255.745	0	
252.299	0	
250.157	0	
217.984	0	
224.009	0	
225.729	0	
220.931	0	
217.789	0	
215.045	0	
206.781	0	
234.601	0	
232.559	0	
232.096	0	
228.433	0	
230.185	0	
229.764	0	
224.998	0	
220.875	0	
227.234	0	
221.224	0	
217.577	0	
216.049	0	
218.756	0	
214.816	0	
211.262	0	
217.225	0	
225.145	0	
225.469	0	
214.758	0	
209.094	0	
227.923	0	
226.458	0	
239.555	0	
218.618	0	
214.865	0	
214.984	0	
203.414	0	
203.68	0	
226.73	0	
232.73	0	
217.482	0	
207.386	0	
201.374	0	
198.732	0	
203.035	0	
207.534	0	
244.968	0	
240.717	0	
262.051	0	
289.331	0	
271.803	0	
218.892	0	
232.232	0	
223.734	0	
200.88	0	
200.653	0	
192.803	0	
199.171	0	
202.856	0	
203.392	0	
198.907	0	
196.917	0	
234.472	0	
218.692	0	
203.977	0	
200.373	0	
199.84	0	
196.047	0	
191.184	0	
199.935	0	
251.766	0	
259.762	0	
197.034	0	
201.804	0	
210.916	0	
193.922	0	
201.893	0	
193.108	0	
249.722	0	
269.029	0	
319.181	0	
299.923	0	
208.807	0	
202.905	0	
231.742	0	
260.115	0	
189.511	0	
190.51	0	
190.953	0	
188.899	0	
306.536	0	
254.351	0	
195.132	0	
191.223	0	
197.367	0	
207.132	0	
224.646	0	
222.523	0	
283.722	0	
283.518	0	
325.35	0	
317.813	0	
217.8	0	
221.865	0	
197.49	0	
226.611	0	
204.97	0	
206.532	0	
202.175	0	
201.017	0	
182.973	0	
203.733	0	
202.123	0	
202.576	0	
203.717	0	
201.19	0	
202.205	0	
201.023	0	
203.187	0	
201.017	0	
202.832	0	
203.476	0	
201.707	0	
202.502	0	
199.135	0	
199.091	0	
204.273	0	
205.72	0	
201.918	0	
200.626	0	
199.252	0	
199.032	0	
205.418	0	
201.038	0	
206.963	0	
201.108	0	
201.988	0	
199.711	0	
201.607	0	
199.134	0	
200.536	0	
202.364	0	
200.456	0	
200.772	0	
199.599	0	
194.644	0	
196.432	0	
201.882	0	
199.103	0	
197.031	0	
198.029	0	
197.246	0	
207.31	0	
193.296	0	
206.471	0	
199.748	0	
198.248	0	
198.542	0	
197.937	0	
200.381	0	
195.629	0	
195.529	0	
183.434	0	
193.517	0	
201.355	0	
193.255	0	
193.095	0	
191.564	0	
195.568	0	
194.133	0	
194.416	0	
196.416	0	
190.693	0	
189.717	0	
189.856	0	
193.733	0	
190.892	0	
191.984	0	
196.679	0	
192.997	0	
195.145	0	
186.394	0	
186.832	0	
182.585	0	
188.164	0	
188.758	0	
188.277	0	
190.347	0	
189.716	0	
187.564	0	
188.969	0	
188.456	0	
190.503	0	
190.992	0	
190.926	0	
185.634	0	
183.544	0	
179.617	0	
185.24	0	
181.857	0	
201.073	0	
193.307	0	
189.461	0	
185.281	0	
184.912	0	
191.193	0	
194.603	0	
201.405	0	
191.757	0	
186.645	0	
186.806	0	
184.359	0	
186.657	0	
191.79	0	
195.657	0	
191.403	0	
187.102	0	
186.711	0	
185.456	0	
196.924	0	
192.347	0	
180.721	0	
173.493	0	
184.78	0	
186.126	0	
187.497	0	
182.247	0	
201.101	0	
175.498	0	
176.267	0	
170.942	0	
173.966	0	
183.013	0	
186.884	0	
217.237	0	
218.53	0	
174.628	0	
216.805	0	
174.871	0	
177.596	0	
174.635	0	
176.202	0	
176.275	0	
172.456	0	
174.322	0	
177.172	0	
181.169	0	
182.149	0	
177.19	0	
177.32	0	
181.318	0	
186.088	0	
185.297	0	
185.499	0	
188.969	0	
180.816	0	
184.277	0	
185.606	0	
177.106	0	
172.631	0	
189.067	0	
171.133	0	
169.602	0	
183.93	0	
175.611	0	
172.194	0	
167.803	0	
172.42	0	
178.557	0	
178.524	0	
171.689	0	
161.074	0	
183.252	0	
183.72	0	
194.136	0	
185.584	0	
186.517	0	
209.815	0	
186.486	0	
187.631	0	
173.822	0	
169.247	0	
166.845	0	
159.473	0	
161.106	0	
169.994	0	
161.542	0	
180.302	0	
178.144	0	
164.395	0	
163.28	0	
210.831	0	
171.922	0	
173.821	0	
168.48	0	
166.2	0	
168.441	0	
186.379	0	
162.145	0	
203.574	0	
201.127	0	
200.567	0	
180.219	0	
175.16	0	
197.601	0	
307.294	0	
184.983	0	
183.583	0	
218.005	0	
201.439	0	
191.17	0	
225.372	0	
196.74	0	
172.677	0	
277.333	0	
341.862	0	
224.208	0	
256.357	0	
169.558	0	
165.416	0	
185.021	0	
170.869	0	
189.85	0	
199.231	0	
198.878	0	
198.819	0	
197.809	0	
205.902	0	
204.712	0	
207.946	0	
200.579	0	
212.629	0	
213.616	0	
177.478	0	
191.046	0	
197.037	0	
201.854	0	
193.818	0	
199.397	0	
194.688	0	
197.47	0	
195.199	0	
202.764	0	
207.01	0	
196.75	0	
214.281	0	
223.963	0	
213.863	0	
208.807	0	
216.101	0	
201.265	0	
226.121	0	
216.262	0	
202.684	0	
208.236	0	
230.717	0	
222.007	0	
216.572	0	
205.259	0	
229.179	0	
223.907	0	
219.512	0	
210.796	0	
211.712	0	
214.564	0	
216.544	0	
215.033	0	
189.503	0	
211.548	0	
167.497	0	
175.389	0	
178.745	0	
191.019	0	
189.568	0	
187.344	0	
174.711	0	
187.542	0	
181.602	0	
185.235	0	
187.193	0	
183.321	0	
192.259	0	
182.624	0	
190.103	0	
189.112	0	
194.718	0	
182.845	0	
177.627	0	
182.369	0	
181.467	0	
188.285	0	
194.747	0	
196.475	0	
193.185	0	
195.162	0	
194.158	0	
192.829	0	
198.162	0	
191.492	0	
199.855	0	
204.046	0	
200.521	0	
208.913	0	
208.123	0	
209.827	0	
197.357	0	
204.949	0	
207.27	0	
208.108	0	
204.302	0	
210.943	0	
215.359	0	
217.325	0	
165.225	0	
168.247	0	
167.66	0	
164.585	0	
166.285	0	
166.475	0	
168.033	0	
167.469	0	
166.76	0	
168.082	0	
168.619	0	
167.895	0	
170.28	0	
169.233	0	
170.006	0	
167.686	0	
172.324	0	
168.396	0	
172.627	0	
172.065	0	
170.2	0	
175.85	0	
174.251	0	
172.661	0	
175.729	0	
170.388	0	
168.404	0	
174.036	0	
174.398	0	
175.888	0	
179.095	0	
178.242	0	
177.997	0	
184.772	0	
175.543	0	
177.842	0	
183.52	0	
176.265	0	
178.286	0	
188.874	0	
196.043	0	
174.661	0	
172.37	0	
178.771	0	
182.17	0	
192.391	0	
190.327	0	
183.979	0	
185.722	0	
198.265	0	
198.995	0	
201.214	0	
221.786	0	
188.637	0	
219.08	0	
180.245	0	
207.544	0	
201.389	0	
218.973	0	
220.339	0	
252.458	0	
190.67	0	
185.815	0	
209.004	0	
199.663	0	
193.417	0	
182.765	0	
232.7	0	
239.737	0	
201.314	0	
199.776	0	
219.365	0	
219.442	0	
199.744	0	
181.544	0	
216.076	0	
308.282	0	
235.109	0	
200.321	0	
220.015	0	
251.255	0	
293.861	0	
257.392	0	
288.456	0	
247.298	0	
164.021	0	
177.076	0	
173.109	0	
237.572	0	
170.695	0	
269.751	0	
309.601	0	
268.977	0	
291.567	0	
260.948	0	
238.021	0	
277.355	0	
280.137	0	
347.191	0	
297.516	0	
267.574	0	
268.496	0	
325.49	0	
268.327	0	
257.609	0	
235.796	0	
277.927	0	
380.429	0	
335.386	0	
419.858	0	
513.646	0	
190.999	0	
187.639	0	
189.697	0	
183.75	0	
179.989	0	
189.895	0	
184.716	0	
182.872	0	
180.909	0	
187.027	0	
183.262	0	
184.942	0	
182.95	0	
178.837	0	
181.702	0	
184.777	0	
181.993	0	
175.791	0	
186.172	0	
182.472	0	
180.273	0	
180.439	0	
182.728	0	
183.511	0	
177.126	0	
181.728	0	
193.593	0	
186.173	0	
170.425	0	
163.255	0	
162.917	0	
166.466	0	
167.19	0	
169.092	0	
167.6	0	
167.913	0	
168.008	0	
168.523	0	
171.129	0	
168.475	0	
171.403	0	
167.943	0	
164.851	0	
169.684	0	
169.221	0	
170.085	0	
169.96	0	
176.081	0	
171.102	0	
169.758	0	
170.486	0	
168.621	0	
171.868	0	
175.744	0	
171.233	0	
167.161	0	
165.24	0	
167.797	0	
164.897	0	
168.518	0	
169.118	0	
169.977	0	
174.563	0	
176.553	0	
200.942	0	
183.941	0	
168.908	0	
170.147	0	
171.765	0	
177.918	0	
184.987	0	
178.265	0	
167.675	0	
167.62	0	
167.086	0	
168.137	0	
170.643	0	
174.661	0	
172.748	0	
171.43	0	
172.06	0	
170.561	0	
169.389	0	
167.699	0	
187.267	0	
193.382	0	
167.071	0	
167.281	0	
171.08	0	
174.035	0	
182.801	0	
181.889	0	
174.746	0	
173.901	0	
171.4	0	
170.266	0	
170.381	0	
200.775	0	
185.559	0	
177.884	0	
186.364	0	
175.478	0	
199.161	0	
175.237	0	
180.886	0	
176.2	0	
174.414	0	
166.74	0	
176.205	0	
163.243	0	
170.544	0	
167.551	0	
227.695	0	
167.627	0	
274.55	0	
232.47	0	
228.717	0	
182.692	0	
170.139	0	
190.288	0	
186.066	0	
174.601	0	
186.657	0	
180.74	0	
172.332	0	
190.804	0	
214.741	0	
185.367	0	
177.425	0	
177.269	0	
172.924	0	
184.373	0	
216.713	0	
235.659	0	
199.904	0	
186.259	0	
176.482	0	
215.392	0	
225.243	0	
290.801	0	
309.593	0	
173.377	0	
169.138	0	
167.883	0	
163.915	0	
180.366	0	
174.804	0	
177.62	0	
173.006	0	
179.021	0	
180.287	0	
179.279	0	
184.667	0	
181.07	0	
187.463	0	
168.576	0	
190.989	0	
197.615	0	
193.588	0	
184.507	0	
162.844	0	
170.325	0	
183.466	0	
195.709	0	
189.556	0	
194.964	0	
191.48	0	
170.336	0	
198.327	0	
192.584	0	
175.561	0	
183.616	0	
199.36	0	
198.08	0	
175.06	0	
173.855	0	
202.428	0	
205.231	0	
204.012	0	
191.882	0	
180.966	0	
182.156	0	
201.037	0	
200.086	0	
205.301	0	
203.092	0	
191.204	0	
198.627	0	
197.938	0	
187.035	0	
192.551	0	
179.41	0	
205.311	0	
206.019	0	
207.292	0	
203.341	0	
198.887	0	
202.345	0	
207.793	0	
202.236	0	
199.547	0	
194.065	0	
203.977	0	
205.562	0	
205.234	0	
203.291	0	
204.794	0	
203.394	0	
205.147	0	
199.755	0	
202.072	0	
205.168	0	
173.767	0	
176.04	0	
172.351	0	
174.205	0	
177.496	0	
169.484	0	
171.488	0	
172.127	0	
176.846	0	
178.227	0	
188.326	0	
181.804	0	
178.326	0	
173.169	0	
183.812	0	
182.566	0	
176.511	0	
169.122	0	
183.433	0	
197.228	0	
181.528	0	
175.899	0	
177.51	0	
180.97	0	
188.249	0	
188.659	0	
179.494	0	
171.532	0	
192.691	0	
177.034	0	
206.304	0	
195.585	0	
185.647	0	
179.243	0	
173.174	0	
176.12	0	
177.061	0	
179.174	0	
175.991	0	
175.005	0	
178.572	0	
179.737	0	
176.448	0	
179.114	0	
179.223	0	
175.017	0	
176.477	0	
179.578	0	
181.841	0	
172.57	0	
178.2	0	
188.237	0	
184.021	0	
190.296	0	
182.075	0	
196.024	0	
185.81	0	
188.353	0	
183.427	0	
181.782	0	
180.633	0	
178.306	0	
176.464	0	
177.004	0	
176.592	0	
178.998	0	
181.164	0	
178.04	0	
179.862	0	
192.523	0	
205.942	0	
211.59	0	
205.017	0	
220.593	0	
247.81	0	
250.571	0	
228.31	0	
211.74	0	
212.83	0	
224.385	0	
239.077	0	
232.472	0	
204.453	0	
198.783	0	
209.287	0	
212.27	0	
197.737	0	
197.578	0	
194.588	0	
180.893	0	
182.49	0	
177.61	0	
178.717	0	
181.388	0	
180.874	0	
181.575	0	
177.8	0	
183.682	0	
179.253	0	
183.223	0	
183.995	0	
191.713	0	
188.335	0	
186.006	0	
179.087	0	
185.698	0	
191.122	0	
188.358	0	
191.467	0	
188.586	0	
187.93	0	
199.537	0	
219.338	0	
201.754	0	
200.348	0	
204.323	0	
221.002	0	
202.551	0	
270.545	0	
235.337	0	
237.39	0	
232.36	0	
237.433	0	
264.025	0	
263.386	0	
222.695	0	
233.901	0	
230.134	0	
181.286	0	
184.289	0	
186.68	0	
182.209	0	
185.179	0	
185.635	0	
185.627	0	
188.052	0	
187.986	0	
182.196	0	
187.781	0	
194.927	0	
189.704	0	
184.758	0	
184.314	0	
185.033	0	
186.953	0	
175.922	0	
183.715	0	
186.49	0	
193.665	0	
186.87	0	
180.808	0	
182.645	0	
201.14	0	
193.698	0	
189.685	0	
197.53	0	
185.99	0	
187.648	0	
183.863	0	
181.667	0	
178.879	0	
205.217	0	
222.162	0	
188.422	0	
183.761	0	
191.758	0	
276.332	0	
263.903	0	
252.16	0	
213.342	0	
196.39	0	
191.364	0	
183.747	0	
188.894	0	
190.474	0	
189.511	0	
193.837	0	
194.719	0	
202.566	0	
207.601	0	
197.496	0	
195.846	0	
204.067	0	
210.564	0	
201.176	0	
201.255	0	
197.208	0	
188.919	0	
207.773	0	
200.275	0	
195.011	0	
191.269	0	
193.893	0	
193.438	0	
197.481	0	
195.652	0	
190.519	0	
192.952	0	
191.274	0	
192.243	0	
193.523	0	
305.397	0	
309.11	0	
230.168	0	
223.77	0	
213.219	0	
236.657	0	
195.536	0	
193.65	0	
182.396	0	
193.56	0	
193.05	0	
198.269	0	
196.831	0	
195.298	0	
204.795	0	
197.748	0	
194.93	0	
199.183	0	
196.054	0	
195.123	0	
206.91	0	
205.892	0	
204.224	0	
197.634	0	
247.814	0	
218.107	0	
248.483	0	
254.607	0	
287.076	0	
255.971	0	
279.849	0	
261.239	0	
208.062	0	
215.361	0	
301.167	0	
351.095	0	
314.768	0	
448.538	0	
218.763	0	
219.622	0	
304.007	0	
284.464	0	
198.405	0	
217.033	0	
230.967	0	
246.662	0	
177.866	0	
174.721	0	
174.074	0	
175.704	0	
174.612	0	
168.65	0	
174.404	0	
171.675	0	
171.411	0	
174.582	0	
187.324	0	
173.63	0	
172.907	0	
171.8	0	
177.458	0	
179.654	0	
172.385	0	
179.921	0	
172.732	0	
170.267	0	
217.979	0	
171.971	0	
179.314	0	
175.618	0	
206.726	0	
175.76	0	
187.957	0	
169.09	0	
167.899	0	
169.917	0	
167.716	0	
169.935	0	
170.442	0	
169.044	0	
172.832	0	
172.298	0	
173.549	0	
175.129	0	
175.562	0	
176.192	0	
177.886	0	
170.924	0	
182.866	0	
192.589	0	
187.937	0	
176.358	0	
169.25	0	
166.287	0	
168.833	0	
169.856	0	
170.318	0	
170.369	0	
172.279	0	
175.459	0	
180.876	0	
174.119	0	
171.851	0	
163.957	0	
169.818	0	
171.372	0	
171.551	0	
166.719	0	
171.903	0	
201.184	0	
181.855	0	
208.874	0	
249.906	0	
204.668	0	
185.415	0	
253.02	0	
228.039	0	
270.25	0	
228.073	0	
311.561	0	
271.279	0	
242.242	0	
204.864	0	
166.886	0	
169.268	0	
168.386	0	
171.019	0	
170.112	0	
226.639	0	
222.166	0	
174.387	0	
231.296	0	
175.342	0	
175.677	0	
172.503	0	
173.025	0	
173.022	0	
181.046	0	
176.756	0	
169.137	0	
174.896	0	
170.779	0	
170.893	0	
176.565	0	
173.695	0	
187.494	0	
175.529	0	
179.44	0	
177.31	0	
180.648	0	
184.211	0	
175.879	0	
173.083	0	
182.156	0	
190.128	0	
184.831	0	
174.912	0	
177.416	0	
175.296	0	
207.234	0	
176.082	0	
200.876	0	
194.261	0	
191.451	0	
178.955	0	
180.095	0	
183.301	0	
173.797	0	
211.497	0	
227.643	0	
195.1	0	
193.948	0	
222.178	0	
208.464	0	
272.648	0	
220.894	0	
198.873	0	
227.622	0	
203.749	0	
228.413	0	
169.59	0	
170.85	0	
168.691	0	
169.42	0	
170.247	0	
170.453	0	
170.252	0	
175.847	0	
172.338	0	
176.84	0	
169.031	0	
175.061	0	
180.776	0	
172.848	0	
177.384	0	
177.017	0	
182.101	0	
178.692	0	
184.903	0	
183.079	0	
186.081	0	
190.866	0	
204.631	0	
196.073	0	
221.823	0	
205.271	0	
198.192	0	
191.147	0	
220.138	0	
220.959	0	
218.921	0	
223.754	0	
233.191	0	
218.209	0	
220.692	0	
222.685	0	
236.042	0	
219.251	0	
220.492	0	
219.978	0	
222.326	0	
235.437	0	
227.243	0	
216.172	0	
216.045	0	
218.685	0	
218.747	0	
219.237	0	
224.206	0	
229.546	0	
223.269	0	
215.405	0	
218.612	0	
217.219	0	
225.13	0	
225.236	0	
226.655	0	
228.602	0	
216.762	0	
217.204	0	
213.707	0	
214.569	0	
217.511	0	
218.426	0	
217.753	0	
215.262	0	
217.019	0	
234.312	0	
215.874	0	
217.315	0	
218.828	0	
217.609	0	
215.375	0	
215.229	0	
216.297	0	
213.969	0	
211.409	0	
214.826	0	
215.93	0	
216.72	0	
209.774	0	
225.05	0	
218.776	0	
219.77	0	
210.275	0	
211.111	0	
213.294	0	
210.117	0	
209.811	0	
212.906	0	
217.955	0	
223.335	0	
216.301	0	
212.239	0	
222.627	0	
211.232	0	
226.296	0	
222.075	0	
220.062	0	
206.954	0	
208.443	0	
222.43	0	
218.207	0	
214.862	0	
213.689	0	
232.241	0	
239.743	0	
229.309	0	
211.165	0	
205.099	0	
206.471	0	
206.55	0	
208.135	0	
218.73	0	
213.945	0	
241.647	0	
219.615	0	
226.07	0	
238.331	0	
256.094	0	
257.584	0	
266.928	0	
244.082	0	
189.625	0	
187.346	0	
196.321	0	
185.447	0	
192.461	0	
194.423	0	
199.338	0	
195.474	0	
196.636	0	
189.676	0	
193.136	0	
192.948	0	
219.351	0	
226.177	0	
227.842	0	
227.198	0	
228.047	0	
233.099	0	
229.059	0	
218.956	0	
222.985	0	
221.051	0	
233.774	0	
217.736	0	
207.688	0	
230.425	0	
239.531	0	
229.761	0	
226.473	0	
218.313	0	
247.607	0	
214.666	0	
206.759	0	
208.953	0	
216.912	0	
210.898	0	
200.971	0	
199.393	0	
204.192	0	
212.634	0	
198.783	0	
198.661	0	
199.808	0	
203.072	0	
200.369	0	
195.936	0	
196.962	0	
192.936	0	
192.569	0	
191.525	0	
214.098	0	
193.631	0	
191.016	0	
201.537	0	
214.24	0	
190.587	0	
199.101	0	
195.595	0	
201.147	0	
191.951	0	
196.922	0	
195.498	0	
197.204	0	
210.165	0	
195.207	0	
194.687	0	
198.896	0	
192.111	0	
206.154	0	
196.642	0	
230.965	0	
199.75	0	
218.749	0	
231.626	0	
223.426	0	
249.047	0	
258.451	0	
235.218	0	
217.149	0	
266.797	0	
247.201	0	
252.496	0	
213.175	0	
273.5	0	
261.253	0	
223.533	0	
213.528	0	
218.679	0	
212.398	0	
187.627	0	
215.287	0	
187.572	0	
190.897	0	
188.603	0	
191.65	0	
187.151	0	
190.407	0	
190.738	0	
193.106	0	
197.88	0	
201.282	0	
186.89	0	
205.031	0	
200.746	0	
189.075	0	
194.418	0	
204.682	0	
204.777	0	
196.417	0	
201.643	0	
198.243	0	
204.558	0	
191.838	0	
194.649	0	
196.36	0	
199.399	0	
201.675	0	
192.698	0	
208.132	0	
185.737	0	
195.228	0	
200.155	0	
192.316	0	
187.44	0	
193.14	0	
208.237	0	
217.059	0	
197.936	0	
192.457	0	
209.248	0	
203.484	0	
197.399	0	
194.254	0	
197.934	0	
207.03	0	
218.92	0	
211.581	0	
212.498	0	
200.338	0	
217.814	0	
239.303	0	
221.186	0	
252.506	0	
219.05	0	
230.947	0	
239.061	0	
258.699	0	
209.34	0	
206.489	0	
205.651	0	
208.207	0	
209.322	0	
227.069	0	
224.594	0	
221.55	0	
222.801	0	
226.579	0	
226.978	0	
224.554	0	
215.572	0	
219.35	0	
235.031	0	
217.692	0	
220.248	0	
219.636	0	
245.447	0	
215.835	0	
233.759	0	
238.257	0	
226.347	0	
259.934	0	
228.131	0	
228.671	0	
231.411	0	
216.783	0	
210.824	0	
214.74	0	
234.565	0	
234.434	0	
236.328	0	
230.625	0	
234.5	0	
223.207	0	
218.926	0	
224.998	0	
213.367	0	
227.453	0	
217.858	0	
210.446	0	
205.959	0	
213.351	0	
199.978	0	
202.745	0	
192.203	0	
200.39	0	
203.117	0	
205.371	0	
188.151	0	
225.614	0	
191.344	0	
166.264	0	
204.874	0	
182.798	0	
202.396	0	
203.091	0	
200.689	0	
217.569	0	
221.404	0	
218.249	0	
219.246	0	
211.615	0	
250.466	0	
269.83	0	
260.484	0	
260.766	0	
235.117	0	
246.457	0	
236.15	0	
233.052	0	
243.136	0	
238.742	0	
241.091	0	
233.178	0	
240.371	0	
227.536	0	
248.781	0	
225.213	0	
230.896	0	
220.697	0	
229.349	0	
261.508	0	
251.764	0	
230.266	0	
225.004	0	
219.872	0	
221.991	0	
220.759	0	
215.637	0	
222.465	0	
221.729	0	
215.533	0	
218.673	0	
215.231	0	
210.909	0	
215.873	0	
207.552	0	
210.194	0	
210.547	0	
224.192	0	
211.323	0	
215.488	0	
211.658	0	
216.57	0	
210.564	0	
208.248	0	
196.646	0	
217.94	0	
220.012	0	
213.991	0	
216.245	0	
208.869	0	
206.286	0	
203.633	0	
210.355	0	
210.025	0	
206.686	0	
206.943	0	
211.43	0	
206.623	0	
203.247	0	
202.548	0	
208.199	0	
206.617	0	
213.995	0	
203.62	0	
197.007	0	
211.185	0	
208.695	0	
205.689	0	
206.52	0	
205.899	0	
197.631	0	
201.574	0	
204.568	0	
239.028	0	
238.275	0	
252.409	0	
235.84	0	
247.467	0	
241.746	0	
235.645	0	
238.952	0	
237.9	0	
223.119	0	
242.928	0	
230.556	0	
230.982	0	
251.932	0	
240.111	0	
223.404	0	
223.28	0	
232.01	0	
238.749	0	
231.677	0	
226.838	0	
236.727	0	
249.18	0	
234.942	0	
224.086	0	
229.02	0	
238.031	0	
230.851	0	
237.458	0	
249.408	0	
234.893	0	
239.412	0	
237.25	0	
233.764	0	
235.609	0	
230.164	0	
233.839	0	
223.435	0	
217.172	0	
216.376	0	
219.797	0	
217.532	0	
232.626	0	
223.309	0	
224.822	0	
217.961	0	
214.059	0	
213.518	0	
215.159	0	
203.282	0	
212.244	0	
207.899	0	
204.865	0	
209.193	0	
197.568	0	
196.103	0	
205.893	0	
204.86	0	
202.753	0	
206.245	0	
197.182	0	
194.654	0	
188.929	0	
196.895	0	
196.844	0	
195.578	0	
195.209	0	
195.051	0	
202.169	0	
208.789	0	
213.632	0	
209.029	0	
211.343	0	
211.395	0	
206.425	0	
207.571	0	
204.73	0	
218.225	0	
204.919	0	
210.456	0	
208.031	0	
205.915	0	
210.528	0	
210.729	0	
209.283	0	
212.154	0	
206.702	0	
203.983	0	
213.58	0	
211.761	0	
210.84	0	
212.642	0	
212.464	0	
216.351	0	
223.872	0	
211.493	0	
213.677	0	
228.154	0	
213.799	0	
222.302	0	
219.063	0	
238.2	0	
220.301	0	
223.397	0	
210.191	0	
202.563	0	
203.561	0	
216.585	0	
206.929	0	
207.051	0	
203.352	0	
212.271	0	
200.794	0	
200.108	0	
199.435	0	
201.906	0	
207.609	0	
206.652	0	
238.014	0	
235.924	0	
224.858	0	
225.177	0	
198.982	0	
243.4	0	
196.204	0	
193.518	0	
194.06	0	
194.824	0	
188.553	0	
195.474	0	
195.074	0	
197.832	0	
193.407	0	
192.211	0	
189.958	0	
195.317	0	
196.691	0	
192.453	0	
194.382	0	
198.325	0	
198.725	0	
197.3	0	
197.517	0	
194.965	0	
194.204	0	
198.744	0	
198.336	0	
196.403	0	
194.946	0	
198.052	0	
198.098	0	
196.741	0	
198.647	0	
196.691	0	
195.02	0	
198.044	0	
200.867	0	
198.916	0	
196.104	0	
197.896	0	
198.057	0	
198.192	0	
195.366	0	
202.543	0	
184.013	0	
199.386	0	
193.811	0	
193.193	0	
185.2	0	
193.102	0	
216.934	0	
224.574	0	
227.28	0	
222.77	0	
225.992	0	
233.071	0	
233.455	0	
229.677	0	
238.861	0	
236.107	0	
227.14	0	
219.181	0	
229.458	0	
241.932	0	
243.963	0	
242.098	0	
234.868	0	
215.28	0	
215.985	0	
233.969	0	
233.466	0	
238.236	0	
215.56	0	
213.932	0	
221.613	0	
225.973	0	
230.19	0	
230.743	0	
238.542	0	
223.117	0	
236.94	0	
219.546	0	
229.807	0	
214.704	0	
220.918	0	
226.309	0	
226.349	0	
226.096	0	
226.816	0	
218.56	0	
218.229	0	
225.474	0	
219.367	0	
205.27	0	
223.169	0	
228.988	0	
223.131	0	
227.925	0	
233.465	0	
236.058	0	
235.28	0	
236.984	0	
229.053	0	
239.973	0	
234.906	0	
230.172	0	
229.862	0	
211.627	0	
232.774	0	
234.114	0	
233.733	0	
226.226	0	
221.024	0	
231.234	0	
226.499	0	
233.386	0	
232.03	0	
229.023	0	
198.92	0	
213.208	0	
220.982	0	
226.864	0	
221.445	0	
222.673	0	
221.164	0	
216.268	0	
212.514	0	
217.851	0	
225.751	0	
226.483	0	
225.272	0	
218.974	0	
224.719	0	
229.774	0	
230.133	0	
205.38	0	
214.227	0	
214.484	0	
216.641	0	
217.139	0	
216.679	0	
214.817	0	
219.078	0	
220.42	0	
208.886	0	
214.243	0	
222.761	0	
221.869	0	
215.112	0	
218.527	0	
213.865	0	
215.207	0	
205.023	0	
213.798	0	
209.451	0	
218.168	0	
213.167	0	
221.143	0	
228.721	0	
220.125	0	
223.943	0	
219.791	0	
230.577	0	
190.413	0	
185.407	0	
187.012	0	
187.687	0	
190.381	0	
188.538	0	
190.935	0	
187.603	0	
188.673	0	
189.632	0	
188.418	0	
191.111	0	
193.159	0	
189.272	0	
191.416	0	
193.343	0	
193.248	0	
190.897	0	
192.462	0	
185.914	0	
187.911	0	
192.623	0	
191.907	0	
195.86	0	
196.385	0	
192.393	0	
191.852	0	
193.311	0	
191.248	0	
193.668	0	
187.744	0	
194.712	0	
194.841	0	
192.647	0	
192.877	0	
192.293	0	
184.431	0	
192.875	0	
191.937	0	
193.575	0	
192.381	0	
190.04	0	
181.617	0	
192.551	0	
192.863	0	
186.183	0	
191.863	0	
192.747	0	
193.958	0	
189.258	0	
190.346	0	
193.127	0	
190.032	0	
188.92	0	
185.701	0	
189.271	0	
187.081	0	
191.003	0	
191.745	0	
189.409	0	
186.845	0	
190.836	0	
192.037	0	
191.977	0	
190.581	0	
192.549	0	
188.852	0	
193.317	0	
193.553	0	
187.351	0	
178.927	0	
193.77	0	
196.19	0	
200.587	0	
195.779	0	
193.073	0	
193.429	0	
192.871	0	
192.32	0	
192.199	0	
187.798	0	
191.647	0	
190.746	0	
191.422	0	
191.971	0	
187.436	0	
190.718	0	
199.229	0	
208.274	0	
204.445	0	
214.348	0	
216.164	0	
210.782	0	
208.546	0	
214.153	0	
222.332	0	
206.818	0	
217.419	0	
209.913	0	
220.193	0	
215.488	0	
216.944	0	
208.096	0	
210.294	0	
211.52	0	
213.182	0	
228.041	0	
225.897	0	
220.325	0	
209.035	0	
211.809	0	
218.558	0	
223.982	0	
227.272	0	
217.024	0	
222.76	0	
217.073	0	
212.409	0	
219.413	0	
212.206	0	
206.685	0	
215.285	0	
217.557	0	
220.64	0	
223.148	0	
233.975	0	
231.149	0	
226.732	0	
220.105	0	
198.097	0	
220.974	0	
217.793	0	
224.519	0	
227.656	0	
226.409	0	
214.087	0	
209.581	0	
211.568	0	
216.093	0	
219.262	0	
222.496	0	
220.371	0	
219.764	0	
214.077	0	
215.844	0	
210.007	0	
218.052	0	
227.927	0	
230.687	0	
219.17	0	
220.372	0	
213.467	0	
217.323	0	
221.641	0	
223.453	0	
223.4	0	
229.166	0	
214.674	0	
216.329	0	
229.913	0	
229.219	0	
221.586	0	
222.834	0	
224.898	0	
224.572	0	
220.5	0	
220.697	0	
222.827	0	
223.553	0	
224.953	0	
227.918	0	
218.696	0	
216.986	0	
219.047	0	
218.951	0	
221.382	0	
220.829	0	
222.441	0	
225.386	0	
218.676	0	
222.057	0	
218.035	0	
213.525	0	
219.053	0	
221.392	0	
219.688	0	
219.312	0	
220.363	0	
218.887	0	
218.667	0	
218.331	0	
218.001	0	
220.314	0	
218.927	0	
218.714	0	
218.916	0	
217.171	0	
219.537	0	
218.329	0	
213.771	0	
217.012	0	
213.947	0	
214.628	0	
208.737	0	
219.928	0	
207.496	0	
204.168	0	
213.997	0	
220.586	0	
216.737	0	
211.699	0	
215.73	0	
207.139	0	
214.498	0	
210.652	0	
208.017	0	
214.781	0	
212.923	0	
216.616	0	
218.669	0	
220.373	0	
209.264	0	
208.465	0	
208.009	0	
181.4	0	
222.039	0	
219.3	0	
206.656	0	
201.075	0	
204.986	0	
189.427	0	
195.928	0	
167.437	0	
225.933	0	
223.653	0	
217.825	0	
215.831	0	
210.232	0	
204.999	0	
197.635	0	
201.25	0	
224.929	0	
226.149	0	
219.749	0	
212.538	0	
216.883	0	
213.093	0	
187.947	0	
186.808	0	
196.607	0	
181.379	0	
221.275	0	
229.099	0	
186.238	0	
195.151	0	
220.964	0	
220.856	0	
211.275	0	
217.861	0	
217.254	0	
221.304	0	
222.133	0	
227.042	0	
195.923	0	
178.492	0	
202.942	0	
193.354	0	
232.153	0	
232.976	0	
197.525	0	
199.211	0	
210.555	0	
209.392	0	
167.591	0	
188.18	0	
177.406	0	
141.879	0	
151.194	0	
167.379	0	
193.266	0	
170.803	0	
208.699	0	
201.801	0	
198.95	0	
174.363	0	
158.447	0	
189.284	0	
206.893	0	
200.947	0	
151.522	0	
177.691	0	
209.96	0	
205.151	0	
183.703	0	
181.087	0	
210.538	0	
190.976	0	
174.03	0	
188.221	0	
187.919	0	
178.286	0	
179.415	0	
175.589	0	
175.038	0	
169.645	0	
174.5	0	
173.471	0	
171.013	0	
178.927	0	
174.034	0	
178.005	0	
176.772	0	
178.956	0	
178.355	0	
183.899	0	
182.433	0	
174.821	0	
185.723	0	
182.727	0	
183.34	0	
182.641	0	
170.402	0	
174.392	0	
174.561	0	
176.144	0	
182.228	0	
177.588	0	
178.906	0	
174.527	0	
176.398	0	
228.927	0	
224.013	0	
218.67	0	
220.014	0	
215.994	0	
214.714	0	
213.793	0	
219.931	0	
213.193	0	
217.41	0	
225.944	0	
224.271	0	
221.719	0	
226.229	0	
221.725	0	
220.66	0	
225.148	0	
229.255	0	
224.805	0	
222.128	0	
222.417	0	
222.892	0	
217.096	0	
222.099	0	
216.28	0	
219.543	0	
176.492	0	
222.223	0	
177.264	0	
174.927	0	
178.875	0	
176.56	0	
173.717	0	
176.957	0	
177.215	0	
178.303	0	
177.691	0	
173.906	0	
172.921	0	
176.452	0	
180.392	0	
176.391	0	
178.777	0	
182.326	0	
183.786	0	
185.681	0	
184.023	0	
179.035	0	
179.6	0	
186.677	0	
180.954	0	
185.825	0	
179.926	0	
195.566	0	
184.289	0	
182.544	0	
181.922	0	
177.486	0	
185.198	0	
187.123	0	
180.361	0	
186.079	0	
181.612	0	
183.481	0	
184.146	0	
187.331	0	
167.996	0	
179.135	0	
180.492	0	
186.169	0	
184.05	0	
186.677	0	
187.675	0	
182.543	0	
186.987	0	
186.008	0	
184.901	0	
186.134	0	
184.963	0	
173.433	0	
184.938	0	
187.786	0	
188.372	0	
188.33	0	
188.502	0	
192.195	0	
188.77	0	
197.962	0	
190.815	0	
189.319	0	
191.691	0	
192.613	0	
193.402	0	
197.116	0	
198.887	0	
187.998	0	
185.979	0	
185.854	0	
188.05	0	
187.812	0	
187.145	0	
187.096	0	
187.108	0	
190.974	0	
194.665	0	
166.04	0	
197.052	0	
200.751	0	
192.722	0	
192.913	0	
199.038	0	
195.899	0	
188.737	0	
200.057	0	
200.038	0	
196.34	0	
194.27	0	
192.837	0	
195.37	0	
200.342	0	
196.027	0	
199.74	0	
200.025	0	
200.069	0	
201.828	0	
201.701	0	
201.997	0	
196.28	0	
195.86	0	
194.673	0	
189.974	0	
201.722	0	
200.554	0	
199.286	0	
201.683	0	
199.184	0	
199.205	0	
196.176	0	
197.806	0	
225.334	0	
225.251	0	
218.838	0	
223.715	0	
222.615	0	
217.707	0	
216.399	0	
215.521	0	
220.624	0	
212.613	0	
211.665	0	
217.367	0	
215.881	0	
214.229	0	
209.686	0	
211.955	0	
213.91	0	
216.276	0	
217.311	0	
215.941	0	
214.095	0	
207.081	0	
209.731	0	
209.322	0	
212.942	0	
213.786	0	
214.664	0	
215.489	0	
218.188	0	
214.841	0	
208.302	0	
208.995	0	
202.838	0	
208.003	0	
202.519	0	
215.167	0	
214.728	0	
220.094	0	
224.963	0	
221.206	0	
212.82	0	
204.921	0	
205.811	0	
209.672	0	
208.127	0	
215.213	0	
213.245	0	
212.633	0	
219.338	0	
217.21	0	
221.925	0	
212.961	0	
212.328	0	
210.714	0	
213.174	0	
212.15	0	
211.258	0	
213.485	0	
213.609	0	
213.814	0	
212.167	0	
211.808	0	
211.558	0	
208.972	0	
212.031	0	
211.983	0	
212.059	0	
212.749	0	
211.386	0	
208.874	0	
208.111	0	
209.955	0	
210.597	0	
212.305	0	
212.373	0	
212.858	0	
213.631	0	
213.614	0	
211.281	0	
172.02	0	
183.591	0	
178.88	0	
176.39	0	
185.755	0	
174.406	0	
179.901	0	
186.346	0	
184.675	0	
189.055	0	
187.82	0	
191.745	0	
194.674	0	
193.75	0	
189.876	0	
179.437	0	
173.167	0	
230.36	0	
222.105	0	
246.157	0	
221.499	0	
217.869	0	
215.775	0	
216.493	0	
222.223	0	
225.206	0	
224.084	0	
230.27	0	
230.789	0	
226.236	0	
230.454	0	
227.727	0	
222.972	0	
224.085	0	
215.014	0	
216.848	0	
215.428	0	
217.413	0	
221.111	0	
211.353	0	
213.542	0	
216.403	0	
223.251	0	
215.365	0	
215.299	0	
214.425	0	
215.397	0	
221.152	0	
219.489	0	
214.882	0	
212.79	0	
211.675	0	
212.519	0	
219.43	0	
218.988	0	
211.916	0	
209.498	0	
217.395	0	
215.463	0	
216.022	0	
218.874	0	
219.508	0	
212.224	0	
212.061	0	
205.511	0	
208.809	0	
205.756	0	
206.418	0	
209.214	0	
220.908	0	
213.26	0	
210.407	0	
210.362	0	
211.349	0	
202.538	0	
191.323	0	
202.943	0	
195.328	0	
200.105	0	
169.345	0	
210.019	0	
208.253	0	
207.689	0	
168.736	0	
211.143	0	
207.499	0	
209.285	0	
207.119	0	
207.709	0	
207.575	0	
203.976	0	
206.639	0	
196.95	0	
201.05	0	
200.993	0	
207.899	0	
197.151	0	
202.566	0	
202.93	0	
198.734	0	
190.172	0	
181.526	0	
207.553	0	
204.73	0	
191.271	0	
189.446	0	
180.568	0	
165.602	0	
204.945	0	
190.085	0	
221.923	0	
223.082	0	
216.64	0	
221.408	0	
219.275	0	
215.017	0	
214.25	0	
209.226	0	
211.284	0	
222.202	0	
206.117	0	
221.887	0	
222.556	0	
223.967	0	
223.37	0	
222.487	0	
213.565	0	
218.577	0	
220.997	0	
224.877	0	
226.869	0	
215.801	0	
217.207	0	
229.395	0	
237.166	0	
228.595	0	
234.881	0	
219.958	0	
222.325	0	
218.485	0	
213.747	0	
215.594	0	
214.233	0	
215.912	0	
219.316	0	
219.881	0	
212.357	0	
214.243	0	
219.24	0	
215.288	0	
216.776	0	
216.521	0	
218.982	0	
219.95	0	
200.609	0	
201.735	0	
211.837	0	
200.165	0	
198.557	0	
196.509	0	
201.422	0	
206.072	0	
200.551	0	
203.349	0	
203.229	0	
203.842	0	
202.044	0	
205.333	0	
203.949	0	
204.181	0	
193.667	0	
204.4	0	
201.574	0	
202.404	0	
205.08	0	
200.101	0	
163.96	0	
177.302	0	
172.019	0	
178.572	0	
172.337	0	
156.229	0	
176.105	0	
176.509	0	
177.767	0	
171.764	0	
178.952	0	
174.788	0	
180.14	0	
169.558	0	
177.467	0	
168.093	0	
169.578	0	
175.116	0	
175.707	0	
186.838	0	
185.298	0	
179.399	0	
175.121	0	
169.022	0	
179.835	0	
182.455	0	
186.034	0	
178.095	0	
182.763	0	
175.16	0	
172.558	0	
179.214	0	
167.157	0	
166.228	0	
171.4	0	
174.602	0	
179.798	0	
182.468	0	
197.209	0	
189.771	0	
186.85	0	
183.052	0	
171.349	0	
178.692	0	
175.997	0	
182.897	0	
187.407	0	
185.466	0	
165.695	0	
164.499	0	
166.472	0	
171.266	0	
173.127	0	
180.652	0	
178.55	0	
191.248	0	
187.342	0	
183.201	0	
178.027	0	
178.559	0	
174.046	0	
176.758	0	
175.695	0	
174.711	0	
176.842	0	
175.153	0	
187.482	0	
192.535	0	
166.702	0	
175.529	0	
168.112	0	
170.243	0	
177.779	0	
183.478	0	
184.743	0	
187.333	0	
194.95	0	
194.382	0	
184.333	0	
177.287	0	
193.895	0	
188.747	0	
175.228	0	
179.734	0	
179.942	0	
194.85	0	
193.419	0	
168.812	0	
196.817	0	
198.373	0	
205.387	0	
174.282	0	
176.497	0	
169.325	0	
169.41	0	
183.715	0	
185.545	0	
176.406	0	
170.42	0	
182.976	0	
191.55	0	
191.012	0	
189.797	0	
196.185	0	
197.489	0	
198.046	0	
208.432	0	
202.825	0	
193.935	0	
201.093	0	
210.278	0	
202.785	0	
204.675	0	
203.841	0	
202.608	0	
209.191	0	
202.325	0	
191.334	0	
197.459	0	
208.171	0	
208.061	0	
235.483	0	
232.457	0	
233.306	0	
233.632	0	
228.619	0	
234.062	0	
233.926	0	
225.594	0	
226.485	0	
230.338	0	
233.434	0	
230.873	0	
232.908	0	
232.578	0	
231.197	0	
233.494	0	
231.875	0	
235.458	0	
232.041	0	
233.283	0	
228.963	0	
230.767	0	
226.907	0	
230.549	0	
231.937	0	
234.784	0	
230.467	0	
234.441	0	
230.651	0	
231.975	0	
238.648	0	
237.7	0	
237.85	0	
241.089	0	
241.255	0	
240.462	0	
232.574	0	
236.123	0	
243.677	0	
239.843	0	
237.385	0	
239.149	0	
234.611	0	
238.569	0	
241.343	0	
239.458	0	
237.482	0	
237.014	0	
235.482	0	
232.491	0	
236.661	0	
233.478	0	
235.708	0	
233.196	0	
238.692	0	
225.659	0	
234.956	0	
233.517	0	
236.2	0	
234.46	0	
227.775	0	
231.623	0	
237.624	0	
235.627	0	
230.953	0	
231.735	0	
232.199	0	
232.659	0	
223.779	0	
226.191	0	
228.232	0	
226.891	0	
231.11	0	
232.951	0	
219.598	0	
201.985	0	
222.807	0	
218.818	0	
225.811	0	
226.035	0	
221.692	0	
225.084	0	
224.441	0	
228.811	0	
222.447	0	
217.991	0	
209.042	0	
216.832	0	
217.459	0	
218.447	0	
215.562	0	
208.662	0	
211.332	0	
212.253	0	
194.539	0	
210.873	0	
218.792	0	
221.556	0	
200.035	0	
204.909	0	
230.003	0	
228.172	0	
233.265	0	
233.312	0	
203.838	0	
207.215	0	
224.006	0	
227.303	0	
224.351	0	
225.403	0	
222.575	0	
223.348	0	
226.578	0	
227.876	0	
221.205	0	
220.016	0	
222.85	0	
224.355	0	
224.933	0	
227.806	0	
229.797	0	
229.574	0	
220.035	0	
215.574	0	
217.043	0	
220.861	0	
220.486	0	
225.974	0	
226.448	0	
226.434	0	
215.739	0	
218.778	0	
228.066	0	
228.437	0	
216.366	0	
220.749	0	
217.232	0	
222.102	0	
204.79	0	
211.737	0	
231.707	0	
232.23	0	
231.239	0	
228.559	0	
230.537	0	
231.734	0	
214.034	0	
207.991	0	
220.731	0	
222.192	0	
213.465	0	
214.195	0	
225.106	0	
229.401	0	
201.619	0	
202.008	0	
230.7	0	
231.926	0	
233.839	0	
231.564	0	
229.561	0	
230.904	0	
226.956	0	
230.962	0	
232.044	0	
231.702	0	
240.511	0	
230.879	0	
240.354	0	
257.728	0	
236.729	0	
232.129	0	
263.219	0	
227.499	0	
242.13	0	
231.312	0	
233.098	0	
238.879	0	
241.392	0	
240.465	0	
236.733	0	
244.342	0	
234.586	0	
238.992	0	
231.35	0	
245.578	0	
233.584	0	
230.962	0	
222.092	0	
234.643	0	
227.047	0	
213.965	0	
216.224	0	
215.173	0	
216.328	0	
213.474	0	
213.147	0	
171.859	0	
193.21	0	
232.316	0	
231.45	0	
236.604	0	
247.516	0	
255.814	0	
210.858	0	
212.384	0	
228.449	0	
250.16	0	
210.961	0	
207.672	0	
209.152	0	
207.406	0	
230.154	0	
234.63	0	
192.774	0	
206.251	0	
204.551	0	
210.862	0	
203.254	0	
203.737	0	
203.341	0	
208.316	0	
208.51	0	
204.61	0	
190.426	0	
200.355	0	
196.455	0	
200.164	0	
193.705	0	
205.147	0	
199.057	0	
198.498	0	
175.764	0	
199.995	0	
229.601	0	
197.231	0	
166.295	0	
184.417	0	
204.188	0	
210.355	0	
191.744	0	
206.063	0	
206.76	0	
206.887	0	
163.37	0	
161.585	0	
165.584	0	
164.336	0	
171.574	0	
166.821	0	
165.077	0	
160.699	0	
166.358	0	
169.054	0	
174.618	0	
172.241	0	
180.07	0	
177.753	0	
169.608	0	
184.148	0	
179.02	0	
185.541	0	
178.653	0	
164.789	0	
169.109	0	
188.061	0	
186.881	0	
190.296	0	
183.406	0	
193.387	0	
192.271	0	
198.061	0	
205.99	0	
209.916	0	
206.039	0	
231.13	0	
223.657	0	
217.544	0	
221.949	0	
213.492	0	
218.666	0	
213.888	0	
215.864	0	
213.262	0	
211.423	0	
211.997	0	
210.352	0	
205.489	0	
210.687	0	
209.146	0	
204.22	0	
207.103	0	
213.896	0	
214.283	0	
205.167	0	
208.47	0	
201.973	0	
203.775	0	
201.674	0	
206.078	0	
206.334	0	
214.014	0	
201.987	0	
201.533	0	
209.512	0	
204.842	0	
208.274	0	
201.606	0	
205.032	0	
205.183	0	
196.752	0	
203.845	0	
203.706	0	
193.998	0	
202.894	0	
196.89	0	
200.777	0	
190.512	0	
208.91	0	
197.043	0	
201.343	0	
215.301	0	
214.365	0	
213.101	0	
217.917	0	
214.31	0	
216.693	0	
211.534	0	
184.139	0	
182.756	0	
196.538	0	
179.574	0	
196.245	0	
202.365	0	
204.898	0	
189.803	0	
201.786	0	
193.647	0	
202.536	0	
201.028	0	
204.386	0	
200.853	0	
202.774	0	
193.478	0	
169.993	0	
175.43	0	
171.249	0	
176.933	0	
165.149	0	
164.917	0	
168.07	0	
174.619	0	
174.553	0	
176.567	0	
174.175	0	
174.26	0	
166.79	0	
175.852	0	
174.75	0	
183.055	0	
187.616	0	
182.93	0	
168.488	0	
178.814	0	
182.643	0	
179.753	0	
185.016	0	
182.668	0	
179.686	0	
180.087	0	
185.974	0	
183.149	0	
177.547	0	
175.904	0	
184.495	0	
191.116	0	
187.398	0	
191.572	0	
182.184	0	
189.678	0	
197.88	0	
190.863	0	
188.211	0	
186.038	0	
183.949	0	
190.815	0	
188.382	0	
195.001	0	
174.379	0	
175.354	0	
192.507	0	
193.957	0	
193.422	0	
201.798	0	
177.975	0	
168.697	0	
178.523	0	
181.048	0	
183.738	0	
178.585	0	
188.933	0	
181.493	0	
196.061	0	
198.708	0	
201.112	0	
199.664	0	
197.435	0	
197.788	0	
161.899	0	
164.181	0	
164.227	0	
166.803	0	
164.697	0	
165.648	0	
169.247	0	
170.235	0	
164.571	0	
160.859	0	
167.038	0	
170.107	0	
164.279	0	
168.59	0	
164.371	0	
163.107	0	
165.999	0	
165.81	0	
171.08	0	
170.203	0	
166.1	0	
169.142	0	
164.68	0	
166.319	0	
167.874	0	
189.554	0	
187.676	0	
193.151	0	
192.128	0	
190.305	0	
190.003	0	
193.796	0	
193.78	0	
196.391	0	
193.739	0	
206.627	0	
198.191	0	
202.248	0	
201.542	0	
200.988	0	
205.572	0	
207.546	0	
209.373	0	
204.956	0	
216.68	0	
219.691	0	
214.382	0	
233.853	0	
229.025	0	
221.597	0	
211.871	0	
196.242	0	
224.123	0	
223.784	0	
217.464	0	
214.11	0	
215.459	0	
215.993	0	
214.103	0	
221.896	0	
219.589	0	
217.102	0	
213.836	0	
215.519	0	
212.466	0	
218.358	0	
215.266	0	
219.591	0	
204.847	0	
216.881	0	
208.13	0	
210.509	0	
214.143	0	
205.692	0	
208.61	0	
207.419	0	
212.574	0	
214.09	0	
215.455	0	
208.265	0	
211.199	0	
214.049	0	
217.008	0	
214.146	0	
215.327	0	
214.178	0	
212.53	0	
214.557	0	
214.093	0	
218.05	0	
218.807	0	
226.304	0	
224.536	0	
223.659	0	
224.296	0	
224.264	0	
238.443	0	
233.338	0	
222.18	0	
225.531	0	
222.481	0	
225.966	0	
221.109	0	
219.329	0	
222.878	0	
220.707	0	
226.076	0	
220.369	0	
217.229	0	
220.94	0	
213.849	0	
220.301	0	
220.521	0	
219.085	0	
186.505	0	
234.116	0	
187.084	0	
186.655	0	
194.486	0	
187.568	0	
189.052	0	
188.839	0	
171.266	0	
165.874	0	
161.221	0	
156.82	0	
162.307	0	
173.688	0	
167.074	0	
321.514	0	
312.163	0	
300.878	0	
308.864	0	
225.549	0	
237.506	0	
198.138	0	
222.394	0	
224.381	0	
260.575	0	
204.756	0	
247.041	0	
257.152	0	
220.172	0	
208.171	0	
212.153	0	
218.485	0	
204.641	0	
308.979	0	
324.757	0	
247.105	0	
279.834	0	
310.196	0	
263.904	0	
193.977	0	
195.187	0	
197.953	0	
199.003	0	
239.902	0	
208.51	0	
226.782	0	
226.585	0	
222.669	0	
221.984	0	
201.871	0	
199.897	0	
322.588	0	
387.359	0	
331.542	0	
310.538	0	
254.576	0	
286.473	0	
250.635	0	
247.329	0	
206.087	0	
204.048	0	
219.133	0	
246.049	0	
316.677	0	
281.135	0	
188.247	0	
245.217	0	
307.833	0	
346.13	0	
245.712	0	
224.82	0	
238.419	0	
224.675	0	
270.791	0	
255.777	0	
276.253	0	
292.969	0	
270.848	0	
243.372	0	
289.62	0	
270.771	0	
286.53	0	
296.466	0	
213.962	0	
211.787	0	
213.665	0	
211.529	0	
209.073	0	
212.055	0	
200.475	0	
204.425	0	
201.425	0	
199.594	0	
196.263	0	
190.53	0	
186.144	0	
193.424	0	
188.164	0	
188.946	0	
231.875	0	
226.911	0	
233.499	0	
231.298	0	
219.935	0	
230.607	0	
190.247	0	
190.601	0	
189.545	0	
182.622	0	
168.329	0	
165.04	0	
199.064	0	
196.441	0	
193.449	0	
197.093	0	
209.401	0	
207.442	0	
211.678	0	
213.411	0	
206.001	0	
203.633	0	
214.624	0	
211.387	0	
215.118	0	
217.793	0	
216.911	0	
216.541	0	
213.815	0	
218.626	0	
212.996	0	
210.57	0	
183.172	0	
184.824	0	
187.934	0	
149.229	0	
161.989	0	
166.183	0	
178.242	0	
200.938	0	
186.544	0	
161.503	0	
204.23	0	
204.32	0	
202.674	0	
197.594	0	
203.62	0	
204.083	0	
203.718	0	
202.432	0	
198.727	0	
202.677	0	
216.386	0	
222.576	0	
316.784	0	
343.176	0	
228.86	0	
223.788	0	
199.401	0	
204.869	0	
216.808	0	
214.686	0	
200.99	0	
192.177	0	
208.702	0	
205.622	0	
187.307	0	
190.995	0	
212.299	0	
215.261	0	
212.157	0	
219.831	0	
285.523	0	
347.179	0	
472.015	0	
452.107	0	
428.72	0	
368.586	0	
320.805	0	
399.856	0	
414.317	0	
320.204	0	
250.654	0	
275.971	0	
333.54	0	
367.387	0	
333.174	0	
651.782	0	
257.659	0	
293.386	0	
364.697	0	
274.075	0	
274.089	0	
265.926	0	
289.047	0	
319.687	0	
209.817	0	
202.466	0	
203.459	0	
201.765	0	
197.079	0	
199.435	0	
185.559	0	
190.663	0	
194.989	0	
171.144	0	
189.342	0	
185.6	0	
184.814	0	
181.661	0	
197.837	0	
195.229	0	
214.376	0	
210.724	0	
218.695	0	
219.841	0	
154.817	0	
167.987	0	
202.938	0	
202.77	0	
200.98	0	
203.058	0	
197.293	0	
205.221	0	
202.081	0	
203.097	0	
225.074	0	
224.247	0	
204.923	0	
197.299	0	
222.29	0	
228.168	0	
348.91	0	
424.065	0	
207.077	0	
207.343	0	
185.144	0	
181.909	0	
221.37	0	
229.141	0	
183.31	0	
182.25	0	
196.753	0	
200.06	0	
208.657	0	
213.44	0	
202.204	0	
209.248	0	
198.525	0	
201.133	0	
191.345	0	
196.744	0	
226.403	0	
225.374	0	
223.617	0	
218.989	0	
223.744	0	
213.487	0	
227.549	0	
234.353	0	
475.959	0	
538.297	0	
180.237	0	
185.249	0	
183.763	0	
179.343	0	
181.477	0	
184.089	0	
191.861	0	
201.415	0	
191.786	0	
200.088	0	
228.853	0	
228.871	0	
220.483	0	
223.931	0	
221.676	0	
222.994	0	
183.168	0	
182.539	0	
182.101	0	
183.348	0	
180.085	0	
181.262	0	
191.14	0	
199.709	0	
195.854	0	
191.154	0	
299.367	0	
310.655	0	
288.316	0	
297.492	0	
306.894	0	
319.165	0	
405.678	0	
405.683	0	
212.784	0	
219.627	0	
332.397	0	
457.375	0	
196.544	0	
193.949	0	
208.91	0	
261.95	0	
207.978	0	
186.201	0	
205.478	0	
202.873	0	
303.077	0	
259.919	0	
188.122	0	
192.177	0	
193.735	0	
191.214	0	
184.614	0	
183.813	0	
191.799	0	
191.736	0	
190.792	0	
194.503	0	
150.063	0	
170.642	0	
183.315	0	
192.158	0	
106.811	0	
132.302	0	
208.675	0	
205.125	0	
194.509	0	
192.528	0	
190.166	0	
199.918	0	
190.147	0	
184.401	0	
172.2	0	
174.909	0	
208.747	0	
211.402	0	
213.047	0	
210.352	0	
202.025	0	
183.621	0	
245.462	0	
237.821	0	
375.792	0	
299.911	0	
335.376	0	
364.533	0	
406.027	0	
429.398	0	
158.778	0	
120.664	0	
150.237	0	
116.493	0	
110.576	0	
131.238	0	
208.003	0	
211.311	0	
212.974	0	
210.032	0	
209.222	0	
175.461	0	
320.522	0	
496.07	0	
385.236	0	
368.048	0	
416.709	0	
394.436	0	
365.485	0	
307.841	0	
121.005	0	
160.153	0	
159.927	0	
145.897	0	
195.525	0	
196.565	0	
190.44	0	
200.562	0	
195.084	0	
194.078	0	
218.211	0	
212.335	0	
215.259	0	
215.829	0	
216.612	0	
213.668	0	
215.28	0	
211.011	0	
231.561	0	
229.069	0	
440.274	0	
712.244	0	
201.038	0	
191.293	0	
210.803	0	
219.467	0	
219.744	0	
225.012	0	
188.425	0	
179.849	0	
192.461	0	
190.928	0	
195.818	0	
194.507	0	
278.12	0	
290.014	0	
319.754	0	
313.59	0	
538.881	0	
395.208	0	
212.746	0	
214.979	0	
253.987	0	
381.202	0	
199.357	0	
187.145	0	
189.152	0	
186.411	0	
191.507	0	
185.282	0	
189.819	0	
192.357	0	
186.148	0	
193.606	0	
189.158	0	
194.131	0	
209.456	0	
214.852	0	
275.234	0	
305.115	0	
211.508	0	
202.481	0	
203.986	0	
212.922	0	
281.712	0	
391.826	0	
359.495	0	
349.43	0	
451.159	0	
441.925	0	
377.612	0	
258.25	0	
447.556	0	
503.066	0	
128.957	0	
133.051	0	
110.383	0	
145.34	0	
222.578	0	
211.318	0	
214.5	0	
214.368	0	
232.678	0	
230.197	0	
196.426	0	
184.882	0	
189.707	0	
193.318	0	
323.613	0	
343.294	0	
306.902	0	
317.455	0	
531.463	0	
407.247	0	
191.566	0	
192.165	0	
205.854	0	
205.933	0	
213.098	0	
205.214	0	
277.825	0	
301.532	0	
285.52	0	
306.913	0	
209.909	0	
195.329	0	
194.64	0	
173.213	0	
209.825	0	
212.492	0	
208.032	0	
205.547	0	
210.159	0	
208.609	0	
200.773	0	
209.644	0	
208.886	0	
209.976	0	
526.752	0	
482.678	0	
325.184	0	
304.757	0	
552.324	0	
525.917	0	
116.095	0	
113.997	0	
198.135	0	
216.547	0	
211.691	0	
208.107	0	
185.667	0	
192.711	0	
191.697	0	
188.385	0	
194.626	0	
194.115	0	
187.478	0	
188.332	0	
314.944	0	
327.581	0	
332.831	0	
339.592	0	
305.194	0	
295.059	0	
552.381	0	
593.672	0	
626.948	0	
621.483	0	
537.216	0	
438.261	0	
123.645	0	
104.021	0	
192.325	0	
194.56	0	
340.074	0	
354.672	0	
341.845	0	
341.366	0	
359.791	0	
442.451	0	
354.357	0	
344.785	0	
324.992	0	
363.272	0	
594.945	0	
539.074	0	
633.574	0	
718.499	0	
586.503	0	
427.309	0	
83.6392	0	
83.0029	0	
409.619	0	
343.087	0	
317.614	0	
343.613	0	
379.967	0	
378.349	0	
195.624	0	
205.651	0	
310.854	0	
344.336	0	
439.053	0	
474.844	0	
294.928	0	
354.96	0	
305.28	0	
451.157	0	
307.991	0	
290.023	0	
208.822	0	
200.234	0	
200.344	0	
196.679	0	
204.641	0	
209.135	0	
206.585	0	
204.476	0	
202.919	0	
212.054	0	
333.6	0	
339.259	0	
180.977	0	
177.994	0	
494.007	0	
688.396	0	
505.379	0	
544.131	0	
211.128	0	
211.251	0	
193.089	0	
190.973	0	
144.352	0	
208.953	0	
219.639	0	
216.68	0	
221.405	0	
213.597	0	
180.423	0	
182.744	0	
321.009	0	
327.303	0	
312.801	0	
412.446	0	
215.32	0	
219.488	0	
367.759	0	
318.183	0	
241.117	0	
193.185	0	
303.069	0	
316.184	0	
296.786	0	
362.011	0	
305.934	0	
339.683	0	
185.393	0	
190.163	0	
198.616	0	
154.605	0	
105.734	0	
95.0108	0	
198.053	0	
197.683	0	
182.261	0	
179.608	0	
206.022	0	
216.692	0	
174.604	0	
136.108	0	
83.7818	0	
107.411	0	
201.789	0	
201.426	0	
609.64	0	
566.811	0	
213.143	0	
215.148	0	
184.238	0	
187.235	0	
273.441	0	
313.126	0	
405.971	0	
325.825	0	
310.752	0	
368.274	0	
480.061	0	
520.645	0	
391.216	0	
434.93	0	
92.4488	0	
116.032	0	
228.659	0	
237.136	0	
222.064	0	
221.896	0	
667.827	0	
649.477	0	
209.458	0	
212.683	0	
196.694	0	
194.717	0	
187.786	0	
185.052	0	
607.142	0	
599.842	0	
795.966	0	
701.19	0	
646.297	0	
725.373	0	
198.21	0	
198.449	0	
719.371	0	
623.094	0	
740.869	0	
785.081	0	
846.779	0	
764.594	0	
828.805	0	
944.949	0	
778.777	0	
844.616	0	
42.8584	0	
101.058	0	
326.791	0	
352.35	0	
338.742	0	
396.481	0	
388.803	0	
455.736	0	
474.25	0	
537.517	0	
503.684	0	
332.906	0	
348.347	0	
349.127	0	
356.532	0	
330.442	0	
374.619	0	
294.158	0	
203.017	0	
193.802	0	
208.95	0	
203.277	0	
203.415	0	
196.288	0	
138.213	0	
145.748	0	
581.524	0	
631.754	0	
200.063	0	
198.22	0	
189.775	0	
182.998	0	
183.329	0	
184.92	0	
242.897	0	
197.301	0	
183.31	0	
159.533	0	
203.598	0	
205.021	0	
151.286	0	
119.925	0	
137.609	0	
85.2645	0	
764.706	0	
742.048	0	
618.218	0	
567.07	0	
374.846	0	
461.921	0	
441.077	0	
647.363	0	
59.7773	0	
81.6888	0	
202.026	0	
217.032	0	
200.28	0	
204.778	0	
769.972	0	
792.698	0	
800.334	0	
687.102	0	
853.527	0	
829.199	0	
815.813	0	
839.492	0	
410.42	0	
335.898	0	
649.538	0	
446.012	0	
343.411	0	
457.443	0	
408.252	0	
342.348	0	
203.128	0	
206.174	0	
207.078	0	
196.016	0	
195.451	0	
192.266	0	
185.829	0	
187.376	0	
188.042	0	
181.287	0	
109.836	0	
61.9763	0	
94.8081	0	
111.925	0	
805.959	0	
837.395	0	
765.025	0	
658.923	0	
520.121	0	
495.141	0	
935.434	0	
887.841	0	
476.771	0	
404.571	0	
369.163	0	
370.252	0	
187.042	0	
187.135	0	
821.036	0	
833.346	0	
577.779	0	
488.379	0	
300.866	0	
297.28	0	
233.795	0	
231.572	0	
452.549	0	
352.773	0	
201.349	0	
199.432	0	
277.127	0	
392.304	0	
243.842	0	
282.014	0	
191.466	0	
191.377	0	
186.955	0	
177.996	0	
193.276	0	
193.658	0	
187.158	0	
197.809	0	
383.757	0	
393.934	0	
370.826	0	
340.554	0	
198.026	0	
202.835	0	
213.323	0	
198.856	0	
384.19	0	
353.155	0	
181.022	0	
188.776	0	
210.414	0	
200.788	0	
184.672	0	
202.569	0	
532.609	0	
590.843	0	
662.555	0	
514.343	0	
751.57	0	
893.362	0	
533.024	0	
414.989	0	
179.51	0	
193.719	0	
203.263	0	
224.185	0	
203.625	0	
209.194	0	
201.527	0	
173.55	0	
206.721	0	
195.232	0	
507.872	0	
409.399	0	
413.154	0	
516.309	0	
207.688	0	
200.461	0	
201.013	0	
195.866	0	
197.773	0	
192.111	0	
200.395	0	
200.853	0	
196.616	0	
189.55	0	
935.693	0	
928.817	0	
877.066	0	
919.386	0	
892.418	0	
744.795	0	
202.015	0	
200.15	0	
498.049	0	
444.848	0	
196.754	0	
195.082	0	
190.143	0	
202.015	0	
190.727	0	
194.113	0	
194.07	0	
201.922	0	
198.581	0	
198.094	0	
423.62	0	
433.852	0	
405.858	0	
354.088	0	
186.592	0	
173.299	0	
196.345	0	
212.15	0	
199.639	0	
197.695	0	
601.303	0	
448.213	0	
256.181	0	
200.173	0	
198.158	0	
202.788	0	
205.484	0	
207.407	0	
605.882	0	
656.557	0	
571.475	0	
473.534	0	
615.943	0	
588.067	0	
703.851	0	
681.306	0	
535.29	0	
539.549	0	
586.208	0	
473.81	0	
713.725	0	
599.59	0	
197.145	0	
191.24	0	
209.656	0	
200.264	0	
203.866	0	
203.402	0	
190.634	0	
191.028	0	
191.444	0	
193.123	0	
216.373	0	
198.654	0	
411.844	0	
415.638	0	
382.025	0	
376.918	0	
204.484	0	
204.092	0	
517.882	0	
681.131	0	
614.161	0	
661.58	0	
805.372	0	
709.305	0	
217.658	0	
209.127	0	
421.923	0	
382.879	0	
683.939	0	
783.213	0	
461.502	0	
427.261	0	
885.114	0	
791.239	0	
943.301	0	
785.754	0	
169.364	0	
205.213	0	
219.175	0	
202.995	0	
263.539	0	
267.106	0	
275.79	0	
241.326	0	
325.968	0	
401.414	0	
359.878	0	
387.685	0	
440.278	0	
473.069	0	
232.831	0	
207.448	0	
204.626	0	
204.279	0	
349.373	0	
265.944	0	
209.661	0	
208.462	0	
197.977	0	
198.157	0	
183.849	0	
176.215	0	
408.559	0	
459.013	0	
48.9727	0	
82.7419	0	
1018.71	0	
1025.78	0	
371.757	0	
355.374	0	
205.066	0	
178.456	0	
398.732	0	
373.889	0	
524.005	0	
495.833	0	
181.025	0	
185.115	0	
197.16	0	
192.402	0	
483.029	0	
438.292	0	
180.16	0	
209.529	0	
262.937	0	
252.262	0	
774.26	0	
974.286	0	
451.276	0	
453.971	0	
824.823	0	
811.013	0	
193.312	0	
196.599	0	
191.127	0	
188.152	0	
225.436	0	
213.997	0	
203.894	0	
202.36	0	
237.385	0	
193.342	0	
467.603	0	
457.083	0	
471.133	0	
540.968	0	
206.981	0	
206.378	0	
487.54	0	
495.931	0	
683.547	0	
806.043	0	
973.698	0	
894.45	0	
407.812	0	
357.373	0	
194.556	0	
175.331	0	
200.556	0	
192.709	0	
165.001	0	
176.871	0	
400.954	0	
419.09	0	
50.9928	0	
54.1046	0	
197.726	0	
185.341	0	
175.039	0	
188.059	0	
177.93	0	
167.958	0	
180.113	0	
173.279	0	
171.197	0	
164.486	0	
197.895	0	
223.949	0	
568.077	0	
501.701	0	
863.863	0	
832.937	0	
177.641	0	
191.844	0	
185.438	0	
178.326	0	
231.653	0	
230.26	0	
205.565	0	
204.256	0	
207.648	0	
205.191	0	
509.982	0	
571.354	0	
598.847	0	
533.092	0	
897.225	0	
932.211	0	
849.551	0	
939.693	0	
550.43	0	
541.944	0	
196.873	0	
197.181	0	
153.255	0	
179.109	0	
168.157	0	
139.314	0	
48.8541	0	
31.8443	0	
190.219	0	
167.393	0	
161.171	0	
161.353	0	
211.689	0	
229.594	0	
180.96	0	
159.564	0	
35.9869	0	
50.2837	0	
182.002	0	
171.392	0	
166.322	0	
154.09	0	
153.887	0	
163.34	0	
228.327	0	
211.45	0	
262.877	0	
348.223	0	
160.156	0	
162.067	0	
162.444	0	
171.367	0	
390.44	0	
286.648	0	
360.309	0	
382.977	0	
650.525	0	
791.442	0	
31.5821	0	
61.1045	0	
501.064	0	
526.77	0	
70.375	0	
45.6873	0	
65.2522	0	
48.8082	0	
191.732	0	
191.552	0	
189.271	0	
190.207	0	
161.547	0	
185.885	0	
1016.73	0	
1038.04	0	
187.381	0	
172.898	0	
724.282	0	
767.745	0	
120.683	0	
97.8823	0	
367.617	0	
368.43	0	
182.589	0	
158.376	0	
393.062	0	
480.667	0	
619.536	0	
568.844	0	
663.954	0	
678.746	0	
179.493	0	
177.669	0	
605.807	0	
616.289	0	
600.278	0	
555.202	0	
497.692	0	
408.424	0	
955.145	0	
920.148	0	
172.692	0	
154.353	0	
151.771	0	
102	0	
99.1756	0	
92.9514	0	
22.1963	0	
46.4297	0	
182.099	0	
169.702	0	
683.417	0	
770.633	0	
187.99	0	
202.179	0	
405.036	0	
448.694	0	
632.549	0	
696.718	0	
668.849	0	
562.126	0	
978.922	0	
1047.42	0	
171.831	0	
171.221	0	
544.321	0	
454.79	0	
859.552	0	
847.604	0	
240.265	0	
208.928	0	
502.275	0	
309.116	0	
284.726	0	
349.298	0	
259.789	0	
217.309	0	
847.155	0	
757.05	0	
59.8832	0	
29.1807	0	
186.648	0	
177.116	0	
202.824	0	
199.892	0	
172.045	0	
153.384	0	
211.356	0	
212.767	0	
178.934	0	
180.253	0	
213.636	0	
218.115	0	
121.03	0	
133.422	0	
153.932	0	
164.091	0	
94.3157	0	
128.222	0	
665.286	0	
819.99	0	
175.171	0	
163.039	0	
66.3521	0	
43.2891	0	
21.2625	0	
34.2418	0	
30.9681	0	
41.2945	0	
761.366	0	
945.556	0	
187.552	0	
193.037	0	
196.577	0	
213.651	0	
670.842	0	
738.344	0	
696.591	0	
733.043	0	
631.233	0	
658.727	0	
1005.99	0	
1035.21	0	
173.265	0	
157.606	0	
588.074	0	
544.579	0	
889.447	0	
918.31	0	
205.176	0	
219.504	0	
245.86	0	
233.846	0	
470.77	0	
404.171	0	
345.775	0	
439.014	0	
335.663	0	
390.542	0	
299.629	0	
285.34	0	
946.305	0	
806.405	0	
54.1056	0	
43.8311	0	
219.549	0	
218.191	0	
232.033	0	
187.081	0	
154.021	0	
160.01	0	
168.35	0	
179.635	0	
55.284	0	
53.5776	0	
108.848	0	
163.031	0	
26.1282	0	
35.8595	0	
183.726	0	
191.292	0	
847.898	0	
769.176	0	
1001.42	0	
1044.29	0	
563.613	0	
604.503	0	
220.344	0	
236.36	0	
477.444	0	
354.633	0	
516.319	0	
560.618	0	
437.035	0	
436.473	0	
375.269	0	
415.801	0	
987.714	0	
918.771	0	
892.789	0	
803.703	0	
267.486	0	
240.477	0	
228.894	0	
239.242	0	
160.654	0	
156.653	0	
163.676	0	
177.815	0	
1056.34	0	
1066.2	0	
214.391	0	
245.345	0	
266.098	0	
233.323	0	
612.352	0	
399.702	0	
538.302	0	
423.57	0	
166.731	0	
168.03	0	
551.488	0	
500.837	0	
454.041	0	
462.089	0	
163.895	0	
170.229	0	
389.343	0	
290.832	0	
551.01	0	
312.126	0	
394.681	0	
309.706	0	
358.955	0	
353.516	0	
317.295	0	
310.932	0	
293.561	0	
307.181	0	
273.076	0	
261.814	0	
291.378	0	
233.226	0	
338.276	0	
305.83	0	
255.042	0	
262.245	0	
258.562	0	
254.528	0	
970.86	0	
1051.41	0	
1026.99	0	
982.29	0	
155.032	0	
176.016	0	
152.266	0	
155.331	0	
484.15	0	
460.951	0	
172.486	0	
156.758	0	
109.778	0	
86.7484	0	
766.364	0	
729.103	0	
925.086	0	
942.2	0	
41.0513	0	
40.082	0	
34.3724	0	
26.3536	0	
42.2788	0	
60.4895	0	
108.168	0	
157.682	0	
66.5206	0	
95.8465	0	
184.005	0	
220.773	0	
862.785	0	
799.639	0	
1055.07	0	
1041.87	0	
1044.05	0	
1032.7	0	
175.117	0	
175.012	0	
522.77	0	
391.349	0	
448.342	0	
476.374	0	
1059.6	0	
1014.73	0	
183.425	0	
193.895	0	
154.349	0	
152.074	0	
517.634	0	
561.077	0	
496.366	0	
436.181	0	
134.99	0	
57.5703	0	
159.417	0	
162.692	0	
599.762	0	
575.758	0	
519.799	0	
532.982	0	
158.744	0	
170.425	0	
167.121	0	
161.141	0	
552.02	0	
611.083	0	
593.583	0	
579.762	0	
172.868	0	
178.355	0	
544.105	0	
593.344	0	
531.428	0	
588.243	0	
557.041	0	
627.832	0	
31.6988	0	
20.5351	0	
47.4526	0	
94.4724	0	
71.2806	0	
64.5465	0	
182.221	0	
173.171	0	
154.369	0	
159.06	0	
988.432	0	
961.084	0	
880.93	0	
927.021	0	
226.104	0	
213.881	0	
254.117	0	
259.5	0	
278.759	0	
278.067	0	
174.544	0	
183.061	0	
379.482	0	
346.88	0	
176.722	0	
104.861	0	
829.363	0	
789.217	0	
25.7131	0	
32.4776	0	
25.13	0	
23.445	0	
25.4758	0	
21.2198	0	
30.4884	0	
44.7697	0	
196.749	0	
194.29	0	
149.79	0	
87.5252	0	
645.213	0	
629.041	0	
614.977	0	
605.841	0	
173.98	0	
177.908	0	
192.742	0	
173.744	0	
44.6999	0	
32.131	0	
1011.59	0	
1005.07	0	
1016.04	0	
1036.47	0	
995.722	0	
938.194	0	
1040.14	0	
976.956	0	
978.008	0	
955.166	0	
956.878	0	
933.636	0	
953.629	0	
913.406	0	
877.344	0	
885.561	0	
210.57	0	
233.967	0	
237.22	0	
278.601	0	
267.992	0	
295.966	0	
725.82	0	
678.495	0	
126.501	0	
129.267	0	
616.391	0	
585.073	0	
169.904	0	
177.497	0	
197.761	0	
203.016	0	
178.329	0	
190.25	0	
189.604	0	
193.476	0	
196.572	0	
217.229	0	
206.087	0	
185.109	0	
213.519	0	
193.31	0	
204.595	0	
191.49	0	
215.751	0	
220.649	0	
197.355	0	
194.14	0	
188.842	0	
187.654	0	
1050.67	0	
1040.12	0	
893.464	0	
883.096	0	
251.114	0	
252.467	0	
281.354	0	
288.266	0	
157.602	0	
89.7641	0	
1052.85	0	
1015.14	0	
1027.69	0	
981.749	0	
810.165	0	
824.293	0	
872.941	0	
786.56	0	
247.004	0	
284.076	0	
299.196	0	
299.026	0	
276.409	0	
281.635	0	
189.825	0	
175.183	0	
150.453	0	
134.032	0	
1053	0	
1050.43	0	
836.036	0	
819.891	0	
309.075	0	
308.696	0	
1018.51	0	
957.446	0	
295.207	0	
319.131	0	
323.244	0	
314.303	0	
63.5778	0	
46.1636	0	
71.4611	0	
42.0344	0	
88.5227	0	
79.0928	0	
87.0359	0	
35.6764	0	
326.251	0	
199.554	0	
620.241	0	
641.628	0	
912.536	0	
776.832	0	
86.7335	0	
158.523	0	
1042.72	0	
1026.26	0	
625.601	0	
667.781	0	
26.7318	0	
35.0605	0	
28.0961	0	
43.9196	0	
27.6604	0	
36.6625	0	
208.241	0	
172.662	0	
218.25	0	
208.863	0	
646.586	0	
638.302	0	
23.5503	0	
25.7183	0	
51.7407	0	
25.9622	0	
629.55	0	
634.097	0	
625.906	0	
641.438	0	
640.266	0	
650.644	0	
647.225	0	
655.066	0	
650.408	0	
629.961	0	
642.707	0	
658.477	0	
666.42	0	
719.246	0	
182.498	0	
167.249	0	
254.164	0	
208.794	0	
236.256	0	
253.092	0	
193.189	0	
174.831	0	
759.236	0	
706.138	0	
44.525	0	
41.678	0	
38.8546	0	
37.0219	0	
350.646	0	
275.17	0	
1000.87	0	
987.602	0	
60.2851	0	
53.5745	0	
213.24	0	
228.535	0	
63.0985	0	
48.9109	0	
557.437	0	
616.321	0	
378.255	0	
398.35	0	
238.382	0	
246.8	0	
79.7831	0	
48.6134	0	
56.5901	0	
36.965	0	
491.367	0	
462.779	0	
224.96	0	
235.333	0	
252.088	0	
270.08	0	
63.4729	0	
45.7154	0	
62.8825	0	
65.2848	0	
566.95	0	
437.366	0	
429.999	0	
356.375	0	
83.7864	0	
56.5589	0	
620.449	0	
611.249	0	
500.12	0	
511.822	0	
474.861	0	
492.117	0	
470.807	0	
427.975	0	
147.338	0	
163.245	0	
168.966	0	
168.487	0	
822.53	0	
825.228	0	
633.561	0	
646.803	0	
954.384	0	
974.027	0	
312.444	0	
321.09	0	
240.943	0	
234.156	0	
257.113	0	
132.666	0	
897.393	0	
942.819	0	
626.038	0	
600.999	0	
532.216	0	
590.852	0	
141.832	0	
112.189	0	
88.4673	0	
80.1885	0	
100.302	0	
81.65	0	
75.0678	0	
96.0544	0	
153.575	0	
177.938	0	
169.226	0	
161.494	0	
971.781	0	
911.309	0	
621.172	0	
604.607	0	
260.17	0	
245.499	0	
847.073	0	
730.507	0	
864.908	0	
766.341	0	
636.98	0	
627.329	0	
188.999	0	
153.907	0	
94.0158	0	
132.394	0	
135.177	0	
82.9056	0	
155.455	0	
161.088	0	
153.668	0	
118.706	0	
178.576	0	
170.482	0	
155.722	0	
124.231	0	
565.471	0	
483.517	0	
114.302	0	
138.64	0	
146.53	0	
109.469	0	
145.016	0	
144.309	0	
177.908	0	
193.24	0	
250.406	0	
250.036	0	
290.129	0	
319.986	0	
358.457	0	
305.486	0	
661.327	0	
658.046	0	
279.827	0	
287.019	0	
310.425	0	
232.841	0	
553.876	0	
457.082	0	
110.687	0	
169.042	0	
267.423	0	
296.673	0	
180.728	0	
151.437	0	
297.201	0	
301.939	0	
126.832	0	
179.205	0	
281.733	0	
307.529	0	
223.729	0	
136.486	0	
314.129	0	
323.297	0	
315.12	0	
314.746	0	
206.894	0	
225.653	0	
127.719	0	
148.923	0	
666.814	0	
582.202	0	
531.208	0	
591.017	0	
395.452	0	
293.103	0	
283.958	0	
296.674	0	
205.208	0	
236.416	0	
178.998	0	
237.97	0	
162.426	0	
201.964	0	
147.157	0	
160.935	0	
179.95	0	
210.385	0	
742.417	0	
641.604	0	
845.596	0	
663.362	0	
382.604	0	
345.584	0	
740.905	0	
765.004	0	
547.828	0	
652.02	0	
579.122	0	
557.168	0	
644.557	0	
531.965	0	
418.068	0	
522.76	0	
806.851	0	
631.849	0	
609.593	0	
567.454	0	
263.318	0	
269.883	0	
239.463	0	
283.616	0	
320.977	0	
331.957	0	
297.893	0	
309.931	0	
282.49	0	
294.371	0	
212.659	0	
228.203	0	
254.862	0	
263.157	0	
415.618	0	
393.794	0	
517.461	0	
562.523	0	
500.335	0	
494.002	0	
294.859	0	
244.57	0	
245.022	0	
254.406	0	
309.17	0	
326.659	0	
282.189	0	
292.397	0	
303.863	0	
311.593	0	
245.253	0	
220.151	0	
225.515	0	
255.539	0	
254.197	0	
269.978	0	
385.18	0	
377.176	0	
429.446	0	
450.722	0	
452.424	0	
400.433	0	
464.198	0	
553.637	0	
274.895	0	
306.197	0	
291.438	0	
295.672	0	
258.516	0	
264.812	0	
276.26	0	
264.57	0	
277.178	0	
285.382	0	
494.911	0	
502.19	0	
341.745	0	
357.607	0	
405.457	0	
363.896	0	
411.54	0	
392.626	0	
287.712	0	
259.175	0	
274.509	0	
277.337	0	
277.779	0	
284.856	0	
274.421	0	
274.269	0	
288.971	0	
293.701	0	
278.049	0	
280.106	0	
278.758	0	
290.274	0	
289.782	0	
288.689	0	
278.121	0	
286.947	0	
295.292	0	
294.027	0	
290.274	0	
291.722	0	
286.947	0	
286.117	0	
293.363	0	
301.169	0	
295.916	0	
293.745	0	
290.939	0	
286.947	0	
295.254	0	
294.714	0	
295.422	0	
293.986	0	
295.17	0	
295.17	0	
509.886	0	
439.622	0	
331.711	0	
273.977	0	
374.963	0	
364.835	0	
293.749	0	
300.177	0	
432.596	0	
358.932	0	
294.349	0	
292.693	0	
440.876	0	
426.782	0	
389.692	0	
398.618	0	
293.986	0	
301.456	0	
379.529	0	
366.68	0	
558.546	0	
601.169	0	
596.131	0	
422.148	0	
298.26	0	
304.995	0	
376.193	0	
435.284	0	
428.72	0	
520.517	0	
280.772	0	
284.81	0	
337.578	0	
301.294	0	
369.222	0	
342.32	0	
289.704	0	
292.63	0	
325.374	0	
297.367	0	
361.083	0	
354.525	0	
291.129	0	
291.129	0	
293.005	0	
293.194	0	
296.105	0	
296.105	0	
297.923	0	
303.671	0	
303.45	0	
310.156	0	
351.051	0	
344.826	0	
367.312	0	
384.297	0	
278.483	0	
280.824	0	
300.434	0	
300.972	0	
343.373	0	
366.182	0	
301.154	0	
302.779	0	
336.461	0	
339.477	0	
304.16	0	
305.515	0	
301.868	0	
304.444	0	
302.831	0	
296.62	0	
291.129	0	
308.565	0	
316.529	0	
308.175	0	
291.129	0	
291.129	0	
289.371	0	
286.947	0	
293.846	0	
294.349	0	
398.951	0	
381.802	0	
380.718	0	
455.354	0	
381.384	0	
379.249	0	
388.938	0	
391.241	0	
336.532	0	
359.508	0	
291.201	0	
291.442	0	
325.328	0	
357.178	0	
294.79	0	
300.506	0	
291.129	0	
291.129	0	
303.861	0	
310.227	0	
292.693	0	
291.321	0	
388.938	0	
377.476	0	
373.767	0	
391.561	0	
308.105	0	
376.727	0	
291.129	0	
291.129	0	
297.495	0	
368.664	0	
323.753	0	
363.793	0	
303.861	0	
314.406	0	
292.357	0	
291.598	0	
291.52	0	
292.357	0	
291.364	0	
291.364	0	
294.79	0	
294.79	0	
345.432	0	
329.878	0	
295.96	0	
290.63	0	
290.63	0	
291.022	0	
291.129	0	
297.495	0	
319.678	0	
295.067	0	
291.208	0	
291.286	0	
322.177	0	
319.008	0	
290.63	0	
290.63	0	
291.205	0	
291.414	0	
323.968	0	
310.833	0	
291.129	0	
291.129	0	
291.247	0	
291.208	0	
291.284	0	
290.892	0	
290.892	0	
291.022	0	
343.672	0	
323.968	0	
291.129	0	
291.129	0	
291.207	0	
291.284	0	
291.218	0	
291.153	0	
291.201	0	
291.21	0	
291.201	0	
291.205	0	
291.129	0	
291.129	0	
291.129	0	
291.129	0	
328.696	0	
320.684	0	
330.536	0	
320.684	0	
291.129	0	
291.129	0	
291.188	0	
291.247	0	
322.177	0	
329.342	0	
291.129	0	
291.129	0	
306.653	0	
322.177	0	
298.891	0	
298.891	0	
291.129	0	
291.137	0	
302.772	0	
292.949	0	
291.129	0	
291.129	0	
291.129	0	
291.129	0	
291.129	0	
291.129	0	
300.682	0	
295.067	0	
291.129	0	
291.129	0	
291.129	0	
291.129	0	
291.129	0	
291.129	0	
291.129	0	
291.129	0	
291.156	0	
291.168	0	
291.129	0	
291.129	0	
291.129	0	
291.129	0	
295.01	0	
295.01	0	
291.615	0	
298.891	0	
291.129	0	
291.129	0	
291.135	0	
291.134	0	
291.139	0	
291.137	0	
291.129	0	
291.129	0	
291.129	0	
291.129	0	
291.134	0	
291.136	0	
291.129	0	
291.129	0	
291.129	0	
291.615	0	
291.136	0	
291.132	0	
291.129	0	
291.129	0	
291.129	0	
291.129	0	
292.645	0	
293.191	0	
291.129	0	
291.129	0	
291.129	0	
291.129	0	
291.129	0	
291.129	0	
291.129	0	
291.129	0	
292.645	0	
293.798	0	
291.129	0	
291.129	0	
291.129	0	
291.129	0	
291.129	0	
291.129	0	
291.129	0	
291.129	0	
292.16	0	
293.191	0	
291.129	0	
291.129	0	
291.129	0	
291.129	0	
291.129	0	
291.129	0	
291.129	0	
291.129	0	
291.129	0	
291.129	0	
291.129	0	
291.129	0	
291.129	0	
291.129	0	
291.129	0	
291.129	0	
291.129	0	
291.129	0	
291.129	0	
291.129	0	
291.129	0	
291.129	0	
291.129	0	
291.129	0	
291.129	0	
291.129	0	
291.129	0	
291.129	0	
291.129	0	
291.129	0	
291.129	0	
291.129	0	
291.129	0	
291.129	0	
291.129	0	
291.129	0	
291.129	0	
291.129	0	
291.129	0	
291.129	0	
291.129	0	
291.129	0	
291.129	0	
291.129	0	
291.129	0	
291.129	0	
291.129	0	
291.129	0	
291.129	0	
291.129	0	
291.129	0	
291.129	0	
291.129	0	
291.129	0	
291.129	0	
291.129	0	
291.129	0	
291.129	0	
291.129	0	
291.129	0	
291.129	0	
291.129	0	
291.129	0	
291.129	0	
291.129	0	
291.129	0	
291.129	0	
291.129	0	
291.129	0	
291.129	0	
291.129	0	
291.129	0	
291.129	0	
291.129	0	
291.129	0	
291.129	0	
291.129	0	
291.129	0	
291.129	0	
291.129	0	
291.129	0	
291.129	0	
291.129	0	
291.129	0	
291.129	0	
291.129	0	
291.129	0	
291.129	0	
291.129	0	
291.129	0	
291.129	0	
291.129	0	
291.129	0	
291.129	0	
291.129	0	
291.129	0	
291.129	0	
291.129	0	
291.129	0	
291.129	0	
291.129	0	
291.129	0	
291.129	0	
291.129	0	
291.129	0	
291.129	0	
291.129	0	
291.129	0	
291.129	0	
291.129	0	
291.129	0	
291.129	0	
291.129	0	
291.129	0	
291.129	0	
291.129	0	
291.129	0	
291.129	0	
291.129	0	
291.129	0	
291.129	0	
291.129	0	
291.129	0	
291.129	0	
291.129	0	
291.129	0	
291.129	0	
291.129	0	
291.129	0	
291.129	0	
291.129	0	
291.129	0	
291.129	0	
291.129	0	
291.129	0	
291.129	0	
291.129	0	
291.129	0	
291.129	0	
291.129	0	
291.129	0	
291.129	0	
291.129	0	
291.129	0	
291.129	0	
291.129	0	
291.129	0	
291.129	0	
291.129	0	
291.129	0	
291.129	0	
291.129	0	
291.129	0	
291.129	0	
291.129	0	
291.129	0	
291.129	0	
291.129	0	
291.129	0	
291.129	0	
291.129	0	
291.129	0	
291.129	0	
291.129	0	
291.129	0	
291.129	0	
291.129	0	
291.129	0	
291.129	0	
291.129	0	
291.129	0	
291.129	0	
291.129	0	
291.129	0	
291.129	0	
291.129	0	
291.129	0	
291.129	0	
291.129	0	
291.129	0	
291.129	0	
291.129	0	
291.129	0	
291.129	0	
291.129	0	
291.129	0	
291.129	0	
291.129	0	
291.129	0	
291.129	0	
291.129	0	
291.129	0	
291.129	0	
291.129	0	
291.129	0	
291.129	0	
291.129	0	
291.129	0	
291.129	0	
291.129	0	
291.129	0	
291.129	0	
291.129	0	
291.129	0	
291.129	0	
291.129	0	
291.129	0	
291.129	0	
291.129	0	
291.129	0	
291.129	0	
