# File: UnstructuredGrid_Inversion_L1_Medium_Iter08.dat
# (No specific header documentation)

-160.943	-1.37014	139.228	0	
-159.347	-0.603196	241.501	0	
-65.625	-0.431516	177.878	0	
30.625	-0.431516	226.126	0	
-140.873	-87.2518	380.743	0	
126.875	-0.668155	205.142	0	
31.875	-0.668155	278.006	0	
-169.573	-70.3406	405.818	0	
-64.375	-0.668155	196.529	0	
-120.32	-2.91409	187.555	0	
-144.591	-35.5965	1351.6	0	
-144.376	-1.7754	222.84	0	
-158.247	-18.6684	1008.61	0	
-159.197	-14.3593	809.779	0	
-115.104	-1.86538	229.669	0	
-94.2931	-47.7031	1358.8	0	
-66.354	-1.86538	251.292	0	
-139.296	-1.90276	213.379	0	
-157.37	-5.42827	178.485	0	
-149.995	-0.730392	260.02	0	
-145.639	-2.47841	210.361	0	
-146.063	-1.78428	221.353	0	
-126.572	-3.54296	186.857	0	
-154.306	-4.369	151.821	0	
-158.014	-1.7697	209.96	0	
-149.565	-8.66973	240.983	0	
-154.892	-2.40117	198.214	0	
-158.292	-2.5586	174.357	0	
125.625	-0.431516	241.278	0	
-24.0702	-2.91409	297.363	0	
-157.424	-4.68922	164.147	0	
-47.0691	-1.63768	196.763	0	
-157.5	-2.41007	187.688	0	
-158.534	-11.3336	593.542	0	
-18.854	-1.86538	319.35	0	
-152.035	-2.38925	214.165	0	
29.896	-1.86538	193.156	0	
-42.9006	-1.95982	188.592	0	
-170.316	-4.27639	438.856	0	
-52.909	-0.778412	175.568	0	
-165.111	-1.31755	346.846	0	
-167.136	-1.69135	414.277	0	
-62.2917	-2.72654	227.532	0	
-169.517	-5.10485	457.935	0	
-61.0417	-3.47328	260.699	0	
-163.032	-9.78145	610.1	0	
-59.7917	-2.72654	262.418	0	
-68.125	-0.36089	162.301	0	
-65.5207	-2.1669	242.3	0	
-87.5	-1.09967	193.726	0	
-158.224	-0.445797	267.879	0	
-157.566	-0.75398	286.27	0	
-80.8377	-2.45329	166.39	0	
-157.917	-0.976706	258.494	0	
-70.625	-0.165467	171.856	0	
79.375	-0.668155	329.718	0	
-155.126	-0.315136	291.818	0	
55.625	-0.668155	223.003	0	
-152.512	-0.510916	259.568	0	
-151.098	-0.395838	305.783	0	
38.5417	-2.01633	204.683	0	
-154.678	-0.212493	320.057	0	
49.7917	-2.01633	217.877	0	
-156.149	-0.665377	304.896	0	
72.1798	-2.91409	282.931	0	
-161.591	-0.969795	156.33	0	
-60	-1.09967	193.652	0	
-149.688	-0.180445	215.451	0	
-155.36	-1.32374	251.347	0	
31.0415	-5.36053	242.71	0	
-148.505	-0.424646	276.625	0	
31.0341	-3.06466	217.407	0	
-147.093	-0.446727	227.062	0	
-147.712	-0.751223	247.726	0	
36.875	-0.301598	245.947	0	
32.7083	-2.01633	207.616	0	
-144.128	-0.446272	217.072	0	
28.125	-0.36089	251.826	0	
-137.788	-0.451634	220.777	0	
-139.688	-0.180422	160.782	0	
25.625	-0.431516	261.163	0	
-143.556	-0.86612	226.106	0	
33.9583	-1.40127	218.492	0	
-143.962	-1.53796	217.563	0	
34.375	-0.301598	244.247	0	
8.75	-1.09967	5.27084	0	
-137.311	-0.401397	202.892	0	
181.985	-4.07388	201.214	0	
-135.625	-0.165467	197.676	0	
-135.422	-0.963615	204.702	0	
135.922	-2.00504	207.788	0	
-136.875	-0.144446	171.205	0	
150.149	-1.80767	216.352	0	
131.936	-4.3008	131.563	0	
-131.25	-0.798148	213.271	0	
129.003	-2.80091	170.974	0	
-122.604	-1.86538	217.306	0	
-128.75	-0.733115	197.97	0	
129.375	-0.668155	200.683	0	
-130.625	-0.431516	189.213	0	
133.125	-0.668155	252.743	0	
-129.792	-1.40127	202.582	0	
141.421	-0.248238	240.124	0	
-138.699	-0.382343	192.859	0	
15.7293	-2.1669	184.324	0	
128.75	-1.09967	228.58	0	
-121.25	-1.09967	203.334	0	
120.625	-0.431516	228.762	0	
-121.875	-0.431516	214.275	0	
-120.625	-0.668155	187.962	0	
110.744	-2.06993	269.184	0	
-123.125	-0.366631	172.957	0	
123.125	-0.36089	223.343	0	
-116.875	-0.36089	205.368	0	
-120	-1.09967	235.482	0	
-133.041	-3.20198	197.007	0	
-115.625	-0.366631	192.654	0	
-114.375	-0.431516	235.226	0	
-127.5	-0.798148	247.162	0	
-113.75	-1.09967	224.26	0	
-119.375	-0.431516	201.706	0	
-115	-0.798148	223.405	0	
100.625	-0.165467	153.791	0	
-93.125	-0.301598	199.677	0	
-112.5	-1.09967	194.186	0	
-103.579	-0.248238	235.421	0	
-111.25	-0.798148	175.173	0	
-103.543	-1.03746	234.95	0	
-114.545	-2.53121	205.094	0	
-111.875	-0.431516	194.051	0	
-110.115	-2.1878	188.814	0	
-111.22	-2.40943	178.446	0	
-108.048	-0.46882	236.116	0	
-141.757	-0.44839	195.007	0	
-104.308	-0.463996	227.374	0	
-95.2568	-1.60465	225.69	0	
-143.131	-1.52645	219.901	0	
-105.685	-0.767106	213.14	0	
-110.625	-0.366631	194.28	0	
-108.048	-0.900337	228.539	0	
-108.854	-0.449365	227.972	0	
-113.125	-0.668155	226.579	0	
-100.835	-4.8483	144.367	0	
-128.125	-0.431516	177.597	0	
127.708	-2.01633	184.141	0	
-102.705	-1.03334	244.303	0	
43.125	-0.668155	164.294	0	
-129.375	-0.301598	186.54	0	
-102.183	-0.445797	269.698	0	
-133.649	-0.785793	191.018	0	
-99.229	-0.690749	171.832	0	
-101.292	-0.748572	254.884	0	
-91.1261	-2.20771	185.35	0	
-134.372	-0.734698	190.804	0	
-95.6225	-0.734698	248.186	0	
-150.166	-1.34888	258.146	0	
-73.854	-1.86538	276.034	0	
-92.7055	-1.03334	208.798	0	
-149.555	-2.78939	210.511	0	
-94.0617	-0.445782	205.486	0	
-152.17	-0.498648	272.354	0	
-93.5432	-1.03746	201.874	0	
-136.122	-1.9675	220.404	0	
-149.429	-1.7582	234.617	0	
-88.75	-0.798148	220.795	0	
-146.895	-2.2513	216.53	0	
-81.354	-1.86538	182.735	0	
-86.25	-1.09967	203.312	0	
-146.76	-0.220969	178.691	0	
-88.125	-0.431516	226.677	0	
-146.113	-0.8648	228.081	0	
-156.602	-2.24656	208.986	0	
-81.875	-0.366631	184.496	0	
-149.044	-0.852035	252.337	0	
-79.375	-0.668155	209.469	0	
-73.75	-0.798148	311.123	0	
-153.697	-1.4167	258.917	0	
-80.625	-0.431516	213.959	0	
-155.521	-1.7694	223.277	0	
-85.625	-0.431516	229.224	0	
-156.807	-0.770603	304.563	0	
-92.1826	-0.445797	219.858	0	
-138.821	-2.0687	213.961	0	
-158.955	-1.03334	230.215	0	
-72.1505	-1.39816	198.569	0	
-20.625	-0.36089	271.046	0	
-73.125	-0.431516	265.298	0	
-72.3589	-0.730008	184.66	0	
-23.125	-0.431516	290.711	0	
-74.375	-0.366631	219.679	0	
-158.468	-1.4884	218.783	0	
-31.25	-0.798148	293.687	0	
-70.9005	-0.895475	177.068	0	
3.125	-0.668155	173.673	0	
-66.875	-0.366631	206.253	0	
30.7293	-2.1669	207.39	0	
-14.0777	-2.00504	247.708	0	
-65	-1.09967	243.022	0	
-8.15448	-4.25863	296.636	0	
-66.25	-0.798148	288.335	0	
-36.7915	-3.20198	235.348	0	
-18.0207	-2.1669	148.515	0	
-63.125	-0.431516	167.317	0	
-15.7444	-2.06993	291.071	0	
-60.625	-0.431516	171.392	0	
-59.375	-0.668155	240.288	0	
-14.375	-0.366631	95.9118	0	
-61.875	-0.668155	181.487	0	
-13.125	-0.668155	187.157	0	
-46.875	-0.165467	228.276	0	
-58.125	-0.431516	182.954	0	
-33.125	-0.668155	133.388	0	
-54.2901	-0.472486	196.517	0	
-52.7145	-1.16743	183.952	0	
-41.6138	-1.76282	181.508	0	
-55.625	-0.366631	155.429	0	
-41.3142	-3.07241	213.872	0	
-58.75	-1.09967	236.931	0	
-44.375	-0.36089	301.685	0	
-62.5	-1.09967	169.646	0	
-6.875	-0.668155	290.335	0	
-78.75	-1.09967	208.897	0	
-153.335	-1.05714	283.671	0	
-39.2993	-1.90103	170.312	0	
-52.2496	-0.445897	199.187	0	
-56.875	-0.668155	212.962	0	
-49.0839	-1.20593	179.118	0	
-48.5629	-0.865366	177.551	0	
-54.8812	-2.67071	231.185	0	
-48.6944	-1.22041	174.457	0	
-38.1225	-0.734698	205.914	0	
-41.7968	-0.900766	219.38	0	
-41.0363	-0.901516	199.27	0	
-50.2374	-1.10296	161.844	0	
-41.7968	-0.46925	207.648	0	
-40.177	-0.404344	191.512	0	
-51.7134	-2.35879	195.616	0	
-43.125	-0.366631	128.786	0	
-53.5601	-2.41727	217.244	0	
-47.1505	-0.895475	187.478	0	
-52.9792	-4.16614	265.967	0	
-61.25	-1.09967	156.385	0	
-38.4426	-0.916578	203.164	0	
-62.7083	-2.01633	182.073	0	
-33.75	-1.09967	356.168	0	
-35	-0.798148	45.8671	0	
-54.2901	-0.904002	203.134	0	
-38.7887	-0.749484	208.861	0	
-61.0417	-2.01633	207.166	0	
-57.5	-1.09967	158.437	0	
-26.354	-1.86538	118.81	0	
-63.5417	-2.01633	200.705	0	
-31.875	-0.431516	79.3316	0	
-24.8735	-1.42679	169.268	0	
-69.5161	-0.298492	143.9	0	
-32.5	-1.09967	116.063	0	
-63.75	-1.09967	156.435	0	
-34.375	-0.431516	280.391	0	
-58.5417	-2.01633	227.383	0	
-39.4815	-0.881992	206.394	0	
-51.0424	-1.9688	185.408	0	
-73.0207	-2.1669	227.202	0	
-25.625	-0.431516	190.988	0	
-71.0417	-2.01633	177.702	0	
-18.75	-0.798148	141.988	0	
-23.8318	-0.758634	276.63	0	
-70.1411	-0.463959	199.641	0	
-25.0818	-0.758634	153.275	0	
-67.5054	-1.48403	211.783	0	
-78.125	-0.431516	215.9	0	
-19.375	-0.366631	268.683	0	
-80	-1.09967	201.055	0	
-17.5818	-0.758634	68.9919	0	
-16.3318	-0.758634	129.011	0	
93.5212	-2.84299	254.442	0	
-18.125	-0.431516	275.042	0	
-91.9643	-1.83306	193.552	0	
-17.3735	-1.42679	232.216	0	
-75.625	-0.36089	227.712	0	
82.5446	-2.8545	258.053	0	
-15	-0.798148	247.155	0	
101.503	-2.80091	288.202	0	
-12.5	-1.09967	2.27804	0	
-11.875	-0.431516	173.343	0	
83.125	-0.668155	165.333	0	
-7.5	-1.09967	197.743	0	
89.375	-0.668155	371.029	0	
81.875	-0.366631	262.102	0	
-8.125	-0.431516	107.968	0	
73.125	-0.431516	282.644	0	
-6.25	-1.09967	106.057	0	
-5.625	-0.431516	165.722	0	
66.6193	-3.06027	336.463	0	
1.14595	-1.86538	263.003	0	
75.625	-0.36089	288.484	0	
-9.375	-0.366631	128.116	0	
80.5056	-2.06993	217.841	0	
-15.625	-0.431516	200.384	0	
98.5964	-0.463959	151.446	0	
-26.875	-0.366631	204.224	0	
-67.5	-0.727521	296.581	0	
-52.7406	-2.01694	199.087	0	
-37.3993	-0.785793	229.38	0	
-137.284	-1.89892	217.079	0	
-5	-0.798148	296.019	0	
-3.125	-0.668155	246.586	0	
63.125	-0.668155	221.565	0	
2.5	-1.09967	192.841	0	
0.625	-0.366631	314.904	0	
58.4223	-2.00504	161.754	0	
59.375	-0.668155	169.159	0	
1.875	-0.431516	294.887	0	
58.125	-0.366631	198.293	0	
3.75	-1.09967	540.844	0	
4.375	-0.431516	249.613	0	
51.875	-0.36089	168.974	0	
22.396	-1.86538	174.061	0	
56.7556	-2.06993	197.722	0	
7.5	-0.798148	339.728	0	
65.9223	-2.00504	253.357	0	
42.2821	-2.99641	253.99	0	
8.125	-0.431516	233.222	0	
41.9944	-2.06993	213.242	0	
10	-1.09967	282.664	0	
10.625	-0.431516	232.883	0	
45.625	-0.668155	157.198	0	
14.896	-1.86538	175.33	0	
53.75	-0.798148	157.775	0	
45	-1.09967	191.028	0	
15.625	-0.431516	254.789	0	
41.1611	-1.76841	200.179	0	
22.5	-0.798148	172.923	0	
17.5	-1.09967	122.221	0	
33.5417	-2.01633	176.433	0	
16.875	-0.668155	324.761	0	
39.375	-0.668155	222.131	0	
14.375	-0.366631	223.354	0	
43.9583	-2.01633	206.543	0	
23.75	-1.09967	122.719	0	
49.375	-0.431516	183.125	0	
37.7083	-2.01633	166.172	0	
21.875	-0.366631	263.097	0	
35	-0.733115	239.148	0	
24.375	-0.668155	337.938	0	
30	-0.798148	169.844	0	
35.2083	-2.01633	202.006	0	
23.125	-0.431516	192.111	0	
38.75	-1.09967	93.2606	0	
28.7446	-1.48403	223.143	0	
31.25	-1.09967	135.411	0	
28.75	-0.727521	349.284	0	
125.729	-2.1669	186.962	0	
32.5	-1.09967	161.033	0	
25.2083	-2.01633	272.271	0	
29.375	-0.366631	260.755	0	
23.2293	-2.1669	195.21	0	
25	-1.09967	68.4432	0	
26.875	-0.668155	248.158	0	
20.625	-0.36089	230.968	0	
36.4583	-1.40127	227.291	0	
4.79167	-2.01633	379.722	0	
42.5	-1.09967	167.518	0	
37.5	-0.733115	208.214	0	
16.25	-1.09967	106.6	0	
35.625	-0.431516	258.14	0	
18.125	-0.431516	242.625	0	
151.562	-0.215758	265.899	0	
40.625	-0.366631	217.541	0	
149.688	-0.175328	258.146	0	
53.646	-1.86538	141.053	0	
43.75	-1.09967	205.928	0	
149.348	-1.64926	225.052	0	
41.875	-0.431516	233.67	0	
144.612	-1.47194	236.991	0	
38.125	-0.431516	233.463	0	
153.993	-0.45855	225.24	0	
33.125	-0.431516	251.579	0	
26.25	-1.09967	309.22	0	
44.375	-0.431516	243.557	0	
41.25	-0.798148	234.929	0	
143.201	-1.8827	230.409	0	
47.5	-1.09967	178.582	0	
138.438	-0.180456	229.848	0	
48.125	-0.668155	169.912	0	
48.75	-1.09967	214.119	0	
136.875	-0.301598	223.708	0	
46.875	-0.431516	203.382	0	
144.467	-0.419134	251.456	0	
140.692	-0.895512	242.223	0	
53.125	-0.366631	193.402	0	
135.625	-0.366631	228.304	0	
77.396	-1.86538	182.482	0	
56.25	-1.09967	203.428	0	
130.625	-0.366631	224.704	0	
54.375	-0.431516	175.538	0	
134.256	-2.06993	195.058	0	
55	-1.09967	119.303	0	
136.134	-5.10374	160.172	0	
121.875	-0.668155	190.912	0	
57.5	-0.798148	175.31	0	
61.25	-0.798148	249.991	0	
62.5	-1.09967	164.376	0	
61.875	-0.431516	205.535	0	
118.229	-2.1669	225.41	0	
56.875	-0.431516	191.722	0	
123.745	-1.48403	205.825	0	
120.208	-2.01633	197.07	0	
69.896	-1.86538	192.76	0	
115.625	-0.36089	211.564	0	
64.375	-0.431516	208.584	0	
71.25	-1.09967	154.901	0	
113.125	-0.431516	205.784	0	
63.75	-1.09967	95.7036	0	
121.25	-1.09967	238.323	0	
69.375	-0.366631	277.468	0	
123.75	-0.727521	185.749	0	
91.25	-0.798148	222.377	0	
131.161	-1.76841	218.033	0	
106.875	-0.431516	150.026	0	
70.625	-0.431516	268.962	0	
-116.255	-1.48403	216.078	0	
77.5	-0.798148	276.232	0	
72.5	-1.09967	75.5293	0	
-122.088	-2.45329	194.505	0	
71.875	-0.668155	395.693	0	
-118.125	-0.668155	201.941	0	
-119.792	-2.01633	187.484	0	
76.875	-0.366631	279.876	0	
-123.75	-0.727521	208.186	0	
124.896	-1.86538	189.072	0	
80	-1.09967	123.736	0	
-125.625	-0.668155	186.334	0	
78.125	-0.431516	218.673	0	
-118.75	-1.09967	192.34	0	
78.75	-1.09967	62.0707	0	
-116.25	-0.727521	224.132	0	
-86.875	-0.668155	235.11	0	
81.25	-0.798148	249.722	0	
-90.7716	-1.10409	221.746	0	
83.75	-1.09967	147.492	0	
84.375	-0.431516	256.785	0	
-92.2898	-1.64384	199.117	0	
88.75	-1.09967	40.758	0	
-99.0558	-3.26367	139.901	0	
-98.7261	-0.370366	156.408	0	
88.125	-0.431516	132.429	0	
-109.62	-3.01808	170.085	0	
90	-1.09967	144.933	0	
90.625	-0.431516	183.183	0	
-94.9551	-0.751621	233.574	0	
97.396	-1.86538	241.137	0	
-99.9211	-0.772884	201.977	0	
86.875	-0.366631	272.784	0	
-91.2709	-0.429517	223.508	0	
80.625	-0.431516	269.681	0	
-94.499	-1.6389	207.587	0	
101.042	-2.01633	280.028	0	
146.069	-0.403256	283.576	0	
-100.626	-0.368059	249.081	0	
93.125	-0.668155	124.002	0	
-104.874	-2.42487	189.836	0	
96.875	-0.366631	224.595	0	
99.3625	-1.26514	184.637	0	
-106.991	-0.802674	228.447	0	
-104.308	-0.895512	230.516	0	
117.396	-1.86538	210.408	0	
-107.168	-1.14079	227.794	0	
105	-1.09967	215.819	0	
103.75	-0.798148	186.963	0	
-110.651	-2.4899	179.024	0	
100.349	-0.895475	178.633	0	
-108.237	-1.84499	212.915	0	
98.125	-0.165467	149.507	0	
-114.655	-3.6582	185.89	0	
-141.028	-0.232632	239.424	0	
111.25	-1.09967	328.492	0	
-133.575	-1.74918	211.225	0	
109.375	-0.366631	139.71	0	
110.625	-0.431516	227.248	0	
-122.5	-0.798148	231.694	0	
106.25	-1.09967	248.023	0	
-140.114	-1.91619	213.366	0	
-126.875	-0.366631	188.192	0	
117.5	-0.798148	213.288	0	
-131.852	-1.60601	213.622	0	
118.75	-1.09967	221.555	0	
116.875	-0.366631	153.746	0	
-134.814	-1.411	206.238	0	
112.5	-1.09967	226.91	0	
-131.875	-0.366631	186.081	0	
111.875	-0.668155	203.783	0	
-128.617	-2.22496	207.744	0	
104.375	-0.431516	143.701	0	
-109.792	-1.26839	223.788	0	
-151.453	-0.906475	286.951	0	
119.375	-0.668155	183.092	0	
-139.626	-2.09882	212.732	0	
120	-1.09967	268.889	0	
126.25	-1.09967	174.213	0	
-139.367	-0.734712	188.053	0	
125	-0.798148	205.838	0	
-151.275	-1.82612	237.577	0	
-145.22	-2.24458	214.596	0	
171.205	-0.635364	172.568	0	
-20.0054	-1.48403	271.852	0	
128.125	-0.431516	217.753	0	
132.5	-1.09967	209.442	0	
-25.5207	-2.1669	211.035	0	
127.5	-1.09967	254.939	0	
-22.5818	-0.758634	63.6417	0	
124.375	-0.366631	179.376	0	
-145.638	-1.52996	223.449	0	
-23.5417	-2.01633	243.984	0	
131.875	-0.431516	207.098	0	
-27.5	-0.727521	433.086	0	
133.75	-1.09967	190.489	0	
134.375	-0.431516	204.348	0	
-29.375	-0.668155	306.86	0	
139.077	-1.2985	225.727	0	
-22.3735	-1.42679	225.782	0	
9.375	-0.668155	189.71	0	
141.457	-1.03746	236.818	0	
5.625	-0.668155	226.153	0	
140.692	-0.463996	231.034	0	
155.723	-1.40267	209.125	0	
3.95833	-2.01633	218.149	0	
138.755	-0.726698	229.471	0	
-2.72879	-2.84299	231.554	0	
135	-0.798148	205.53	0	
1.97929	-2.1669	210.868	0	
131.25	-0.798148	211.496	0	
-20	-0.727521	4.61509	0	
118.125	-0.431516	268.387	0	
-134.06	-0.184751	185.716	0	
-1.875	-0.431516	286.866	0	
143.399	-0.997684	243.399	0	
-13.7054	-2.8545	506.535	0	
150.36	-1.32111	223.154	0	
146.761	-0.882353	252.212	0	
1.25	-0.798148	266.562	0	
143.711	-0.749484	250.963	0	
-2.5	-1.09967	300.82	0	
-4.375	-0.366631	280.7	0	
151.344	-0.844768	247.234	0	
-8.83895	-1.76841	171.186	0	
152.188	-0.183316	275.342	0	
157.048	-1.55845	183.237	0	
-17.6594	-3.16789	446.868	0	
155.719	-0.20375	187.756	0	
-10.625	-0.668155	66.5387	0	
148.122	-0.368067	254.408	0	
-5.74439	-2.06993	168.711	0	
-12.2917	-2.01633	386.326	0	
156.353	-0.765044	190.986	0	
-14.9111	-1.76841	217.678	0	
158.153	-0.31321	153.939	0	
158.79	-0.360414	142.955	0	
-13.75	-1.03479	239.355	0	
158.438	-0.148427	144.836	0	
-11.25	-1.09967	512.897	0	
-43.7554	-1.48403	220.699	0	
158.881	-1.54797	146.669	0	
-26.25	-0.798148	135.214	0	
163.893	-0.252514	149.87	0	
164.443	-0.528301	153.177	0	
-32.3668	-2.22496	152.682	0	
155.465	-3.55461	182.818	0	
-37.3251	-1.74918	229.388	0	
160.499	-0.58678	134.472	0	
-45.7661	-0.298492	149.419	0	
154.99	-0.2577	245.619	0	
-8.75	-0.798148	177.496	0	
-35.625	-0.366631	196.588	0	
173.466	-0.531984	178.372	0	
-38.5645	-1.411	195.495	0	
172.406	-2.5638	176.11	0	
168.565	-3.63943	179.854	0	
-37.81	-0.184751	207.41	0	
165.323	-7.98761	231.24	0	
-35.6025	-1.60601	174.313	0	
-56.5181	-2.62442	237.534	0	
155.3	-6.02443	202.257	0	
-43.75	-0.727521	254.59	0	
125.789	-42.8692	25.2294	0	
170.098	-29.0087	457.503	0	
-47.2668	-1.9808	208.379	0	
197.758	-1.16333	224.853	0	
-50.4481	-2.85721	216.654	0	
180.308	-1.52433	196.573	0	
-56.25	-1.03479	117.319	0	
-50.2259	-2.01663	179.838	0	
-68.8911	-0.659381	192.882	0	
-66.9845	-2.19037	254.084	0	
-49.1769	-2.39531	201.682	0	
28.7125	-3.24559	302.516	0	
-75.0054	-1.48403	229.426	0	
-79.0702	-2.91409	177.771	0	
-76.875	-0.668155	143.714	0	
-71.5702	-2.91409	175.908	0	
164.653	-53.3902	548.484	0	
-46.3911	-0.463959	243.961	0	
167.355	-1.34356	164.646	0	
-30.625	-0.366631	278.876	0	
141.866	-1.2741	228.496	0	
5	-1.09967	9.94516	0	
-75	-0.727521	224.107	0	
-102.183	-1.74351	235.903	0	
-78.5417	-2.01633	207.877	0	
65	-0.798148	139.081	0	
-77.5	-1.09967	232.955	0	
-82.5	-0.727521	230.563	0	
-84.375	-0.668155	220.891	0	
98.2293	-2.1669	277.901	0	
105.625	-0.668155	169.237	0	
92.1723	-2.00504	221.678	0	
101.734	-0.298492	164.522	0	
100.208	-2.01633	280.246	0	
101.109	-0.463959	150.168	0	
94.375	-0.431516	214.852	0	
93.75	-1.09967	148.248	0	
88.0955	-3.52006	317.858	0	
97.7083	-0.963615	207.798	0	
90.5056	-2.06993	266.758	0	
91.875	-0.366631	214.609	0	
85.625	-0.668155	118.901	0	
87.4111	-1.76841	179.166	0	
82.1723	-2.00504	196.398	0	
87.5	-0.798148	296.555	0	
83.9583	-2.01633	212.082	0	
85	-1.09967	236.253	0	
81.3389	-1.76841	241.261	0	
82.5	-1.03479	268.108	0	
74.375	-0.668155	346.461	0	
76.2446	-1.48403	229.691	0	
70.7293	-2.1669	243.208	0	
76.25	-0.727521	477.634	0	
72.7083	-2.01633	313.656	0	
73.75	-1.09967	260.484	0	
68.75	-0.727521	300.633	0	
66.875	-0.668155	218.728	0	
58.8389	-2.93321	195.112	0	
70	-0.798148	96.5185	0	
64.2556	-2.06993	211.239	0	
65.625	-0.366631	239.083	0	
60.625	-0.366631	201.724	0	
61.1611	-1.76841	214.306	0	
57.5889	-1.76841	174.026	0	
58.75	-1.03479	133.794	0	
50.625	-0.668155	177.543	0	
52.4946	-1.48403	178.666	0	
45.2083	-2.72654	205.826	0	
52.5	-0.727521	189.012	0	
48.9583	-2.01633	192.444	0	
50	-1.09967	180.243	0	
46.25	-1.09967	164.123	0	
46.4583	-2.01633	179.914	0	
40	-1.03479	133.432	0	
40.3277	-2.00504	188.328	0	
27.5	-1.02905	83.1833	0	
29.2655	-2.19037	268.084	0	
24.6798	-2.91409	202.031	0	
121.042	-2.01633	229.167	0	
19.375	-0.668155	268.38	0	
21.2446	-1.48403	219.115	0	
17.1798	-2.91409	163.491	0	
21.25	-0.727521	280.125	0	
17.7083	-2.01633	201.744	0	
18.75	-1.09967	153.688	0	
13.75	-0.727521	364.416	0	
11.875	-0.668155	149.557	0	
152.531	-0.749213	223.372	0	
155.427	-0.974605	214.248	0	
146.53	-3.96858	177.719	0	
154.574	-0.79897	235.592	0	
151.584	-1.3429	224.448	0	
152.226	-0.856388	244.672	0	
147.146	-0.998784	236.527	0	
148.124	-1.46202	231.798	0	
147.808	-1.28481	238.036	0	
150.085	-0.672548	238.589	0	
143.946	-1.65663	232.659	0	
145.207	-1.09986	247.92	0	
138.125	-0.721791	228.592	0	
138.764	-1.48918	220.624	0	
135.089	-1.76841	206.827	0	
136.458	-1.33638	218.526	0	
130	-1.03479	248.562	0	
130.328	-2.00504	205.81	0	
122.5	-1.02905	263.052	0	
124.266	-2.19037	174.043	0	
119.68	-2.91409	235.896	0	
156.565	-1.5991	190.701	0	
114.375	-0.668155	158.696	0	
116.245	-1.48403	207.632	0	
112.163	-2.94281	245.426	0	
116.25	-0.727521	193.737	0	
112.708	-2.01633	171.351	0	
113.75	-1.09967	126.756	0	
108.125	-0.668155	178.276	0	
109.911	-1.76841	217.133	0	
-117.5	-1.02905	227.657	0	
-115.734	-2.19037	212.773	0	
-138.476	-1.718	221.271	0	
-67.5375	-3.24559	238.597	0	
-124.375	-0.36089	190.752	0	
-123.755	-1.48403	208.305	0	
-88.3626	-2.46855	177.839	0	
-81.25	-0.798148	160.11	0	
-86.0417	-2.01633	204.165	0	
-85	-1.09967	211.991	0	
-89.375	-0.366631	220.576	0	
-89.0475	-1.48018	211.051	0	
-96.5625	-0.905095	252.527	0	
-96.2552	-1.46872	233.719	0	
-94.9262	-2.61194	186.181	0	
-96.25	-0.727521	245.519	0	
-101.067	-1.39636	239.256	0	
-100.939	-0.184219	246.494	0	
-106.462	-1.69778	204.659	0	
-105.455	-2.25473	194.901	0	
-70.2083	-2.01633	158.394	0	
-100.76	-1.75266	210.599	0	
-141.433	-1.12981	206.746	0	
-140.821	-1.42614	213.618	0	
-153.586	-3.11943	176.101	0	
-124.068	-3.04654	187.925	0	
-127.411	-1.76841	204.099	0	
-126.25	-1.03479	205.64	0	
-132.86	-0.544631	198.958	0	
-132.3	-1.32194	204.372	0	
-118.958	-2.01633	208.459	0	
-126.578	-2.00504	215.098	0	
-189.283	-25.3113	262.285	0	
-119.833	-3.79821	158.568	0	
-21.3318	-0.688007	271.778	0	
-19.4845	-2.19037	100.542	0	
-27.8181	-3.04654	361.768	0	
5.25269	-2.80091	288.481	0	
-28.125	-0.36089	207.04	0	
-27.5054	-1.48403	145.877	0	
8.24439	-2.06993	268.978	0	
15	-0.798148	213.401	0	
10.2083	-2.01633	247.015	0	
11.25	-1.09967	285.88	0	
6.875	-0.366631	170.209	0	
7.41105	-1.76841	171.636	0	
-0.625	-0.36089	264.698	0	
-0.00541199	-1.48403	249.028	0	
0.51554	-2.19037	180.994	0	
0	-0.727521	244.145	0	
-4.91105	-1.76841	245.679	0	
-3.75	-1.03479	302.156	0	
-10	-1.03479	232.964	0	
-9.67228	-2.00504	238.53	0	
26.0417	-2.01633	201.121	0	
-4.07772	-2.00504	307.405	0	
-45.1411	-0.659381	198.25	0	
-42.7963	-2.66042	223.637	0	
-49.6117	-2.40131	196.288	0	
-30.3217	-3.54296	452.769	0	
-31.1611	-1.76841	220.965	0	
-30	-1.03479	326.926	0	
-36.6096	-0.544631	269.708	0	
-36.0504	-1.32194	245.433	0	
-22.7083	-2.01633	191.455	0	
-30.3277	-2.00504	390.806	0	
-60.2083	-2.01633	224.424	0	
-51.2852	-2.58963	201.196	0	
-68.3387	-1.78555	224.633	0	
-68.4751	-2.84652	191.086	0	
-76.25	-1.02905	183.185	0	
-74.4845	-2.19037	257.686	0	
-77.7083	-2.01633	181.128	0	
-105.142	-3.99483	147.859	0	
-83.125	-0.36089	238.889	0	
-82.5054	-1.48403	203.204	0	
104.494	-2.06993	205.886	0	
110	-0.798148	246.616	0	
106.458	-2.01633	184.751	0	
107.5	-1.09967	245.191	0	
103.125	-0.366631	121.896	0	
103.661	-1.76841	178.254	0	
95.625	-0.36089	114.429	0	
96.2446	-1.48403	209.161	0	
96.7655	-2.19037	265.035	0	
96.25	-0.727521	176.336	0	
91.3389	-1.76841	225.946	0	
92.5	-1.03479	266.762	0	
86.25	-1.03479	225.434	0	
86.5777	-2.00504	249.645	0	
78.2293	-2.1669	247.154	0	
78.5906	-3.16789	217.667	0	
75	-1.02905	33.2239	0	
76.7655	-2.19037	330.955	0	
68.7125	-3.24559	354.969	0	
123.713	-3.24559	160.865	0	
68.125	-0.36089	268.236	0	
68.7446	-1.48403	228.392	0	
65.0889	-1.76841	177.698	0	
66.25	-1.03479	206.115	0	
60	-1.03479	185.295	0	
60.3277	-2.00504	204.261	0	
54.4793	-2.1669	188.171	0	
73.5417	-2.01633	230.509	0	
51.25	-1.02905	199.249	0	
53.0155	-2.19037	197.098	0	
40.4973	-3.78292	275.853	0	
54.8394	-3.16569	210.008	0	
39.0027	-2.80091	177.346	0	
44.7917	-2.01633	189.78	0	
27.9113	-1.78555	277.214	0	
27.7749	-2.84652	256.931	0	
20	-1.02905	139.563	0	
21.7655	-2.19037	225.16	0	
-9.36018	-4.06799	562.217	0	
18.5417	-2.01633	180.234	0	
13.125	-0.36089	262.85	0	
13.7446	-1.48403	225.791	0	
153.438	-0.172737	205.782	0	
155.454	-1.74364	206.624	0	
142.686	-3.32347	200.332	0	
144.249	-4.42551	174.313	0	
148.122	-0.734698	256.645	0	
146.96	-1.95385	214.284	0	
140.902	-1.76179	228.409	0	
151.694	-2.3932	203.684	0	
137.391	-0.845561	224.285	0	
139.125	-2.12843	210.197	0	
130.64	-4.06799	143.355	0	
142.414	-4.13998	183.069	0	
131.994	-2.06993	200.273	0	
129.955	-2.8545	179.644	0	
128.542	-2.01633	212.505	0	
127.18	-2.91409	178.128	0	
122.911	-1.78555	174.872	0	
122.775	-2.84652	186.458	0	
115	-1.02905	274.742	0	
116.766	-2.19037	184.26	0	
86.8898	-4.06799	369.023	0	
113.542	-2.01633	196.433	0	
108.75	-1.03479	183.295	0	
109.078	-2.00504	195.183	0	
-117.089	-1.78555	218.277	0	
-116.638	-3.4861	176.415	0	
-125	-1.02905	234.35	0	
-123.234	-2.19037	205.859	0	
-78.5826	-3.79821	182.524	0	
-144.45	-6.87022	206.341	0	
-90.6814	-1.54166	205.117	0	
-90.1793	-2.28453	185.982	0	
-97.8306	-0.454347	179.364	0	
-96.9775	-1.88479	208.728	0	
-116.299	-2.82075	205.162	0	
-107.232	-3.20031	166.14	0	
-104.089	-1.72524	216.859	0	
-112.356	-2.65386	183.971	0	
-107.403	-1.83631	212.122	0	
-116.762	-5.83378	175.46	0	
-141.806	-1.81317	208.477	0	
-142.745	-2.2689	208.763	0	
-130.791	-1.84627	210.051	0	
-141.89	-5.1514	178.305	0	
-141.285	-4.82927	181.696	0	
-131.431	-3.61032	190.068	0	
-20.8387	-1.78555	190.942	0	
-20.9751	-2.84652	305.813	0	
-28.75	-1.02905	7.53515	0	
-26.9845	-2.19037	294.629	0	
-43.6334	-2.91654	252.09	0	
-47.1592	-5.05914	388.087	0	
6.25	-1.03479	290.455	0	
6.57772	-2.00504	342.084	0	
-1.25	-0.792406	132.872	0	
-0.814428	-2.07688	131.896	0	
-20.0375	-3.24559	352.549	0	
-11.875	-3.34884	584.854	0	
-8.00561	-2.06993	244.618	0	
-16.2164	-3.07092	366.476	0	
-11.4583	-2.01633	148.64	0	
-20.3828	-5.94785	795.889	0	
-44.9044	-1.78277	222.145	0	
-44.8225	-3.49852	301.115	0	
-34.5406	-1.84627	174.447	0	
-49.9182	-7.17527	343.25	0	
-44.0594	-4.9097	404.067	0	
-35.1808	-3.61032	241.578	0	
-75.4252	-4.34538	220.592	0	
25.1674	-3.79821	327.963	0	
-75.8387	-1.78555	203.876	0	
-75.4349	-2.97979	222.628	0	
-83.75	-1.02905	233.202	0	
-81.9845	-2.19037	173.868	0	
-90.6715	-2.46797	179.345	0	
-87.235	-2.7595	173.021	0	
102.359	-0.665123	213.696	0	
102.828	-2.00504	238.399	0	
95	-0.792406	247.613	0	
95.4356	-2.07688	276.612	0	
76.2125	-3.24559	348.55	0	
84.0269	-3.84076	287.685	0	
88.2444	-2.06993	333.968	0	
80.0336	-3.07092	212.577	0	
84.7917	-2.01633	167.428	0	
75.8672	-5.94785	479.789	0	
75.4113	-1.78555	359.402	0	
75.2749	-2.84652	258.831	0	
67.5	-1.02905	111.096	0	
69.2655	-2.19037	244.801	0	
52.4625	-3.24559	248.671	0	
49.8642	-5.74538	239.156	0	
61.9944	-2.06993	233.808	0	
46.7349	-8.22246	129.13	0	
52.0038	-5.42835	287.586	0	
62.0425	-4.4054	303.254	0	
51.6613	-1.78555	209.685	0	
51.5249	-2.84652	238.583	0	
21.2125	-3.24559	226.272	0	
107.75	-4.43486	139.615	0	
20.4113	-1.78555	228.762	0	
20.2749	-2.84652	213.565	0	
12.5	-1.02905	104.361	0	
14.2655	-2.19037	219.417	0	
6.20541	-2.8545	376.125	0	
9.66268	-2.94281	306.387	0	
154.753	-1.62793	213.944	0	
154.652	-2.22444	200.698	0	
151.724	-1.66708	219.892	0	
138.992	-4.25648	174.426	0	
137.809	-1.38202	221.309	0	
137.978	-2.44825	203.089	0	
116.213	-3.24559	187.312	0	
154.794	-2.61223	198.418	0	
115.411	-1.78555	173.354	0	
115.275	-2.84652	169.276	0	
107.292	-2.01633	204.639	0	
109.247	-3.78292	166.223	0	
-139.915	-2.88896	204.652	0	
-71.0826	-3.79821	173.636	0	
-124.589	-1.78555	205.815	0	
-125.342	-2.91535	194.723	0	
-92.4141	-2.66027	171.22	0	
-85.2083	-2.01633	193.276	0	
-96.9512	-1.49655	216.083	0	
-98.0347	-2.45031	158.952	0	
-152.822	-1.3526	255.006	0	
-145.232	-3.64408	194.367	0	
-23.5826	-3.79821	301.811	0	
3.37811	-4.98343	298.584	0	
-28.3387	-1.78555	363.322	0	
-29.0917	-2.91535	430.088	0	
3.42981	-2.91409	301.892	0	
11.0417	-2.01633	240.544	0	
-1.43402	-1.75189	240.55	0	
-2.26735	-2.05915	181.323	0	
-48.3197	-3.08799	241.434	0	
-46.5225	-3.92484	323.505	0	
-89.1846	-3.38874	162.377	0	
-92.8287	-4.81106	156.946	0	
-83.3387	-1.78555	211.101	0	
-84.2016	-2.89737	173.861	0	
99.6798	-2.91409	333.725	0	
107.753	-2.80091	171.474	0	
94.816	-1.75189	195.124	0	
93.9827	-2.05915	230.205	0	
72.6674	-3.79821	400.465	0	
120.167	-3.79821	161.118	0	
67.9113	-1.78555	281.707	0	
67.7749	-2.84652	310.706	0	
47.2917	-3.47328	209.822	0	
50.1448	-3.88818	274.726	0	
17.6674	-3.79821	202.095	0	
-0.0374544	-3.24559	119.295	0	
12.9113	-1.78555	234.429	0	
12.7749	-2.84652	184.687	0	
149.588	-3.56836	186.431	0	
184.941	-1.65012	203.643	0	
147.391	-1.34969	231.239	0	
148.806	-2.57632	206.829	0	
133.929	-3.08731	164.022	0	
138.207	-2.92748	195.448	0	
90.6555	-3.51902	343.861	0	
102.455	-2.8545	264.31	0	
-152.759	-5.2507	150.661	0	
-132.048	-3.135	196.332	0	
-122.495	-4.14868	165.242	0	
-95.4914	-2.88973	180.865	0	
-46.3879	-2.94012	261.309	0	
-35.7984	-3.135	227.512	0	
-26.245	-4.14868	343.799	0	
13.7125	-3.24559	208.623	0	
-101.343	-3.69925	155.981	0	
-82.8355	-3.08726	171.626	0	
48.6303	-4.31165	237.707	0	
96.2125	-3.24559	317.277	0	
60.6995	-4.25718	293.336	0	
70.3429	-4.23242	437.746	0	
-4.38926	-4.06622	330.628	0	
7.82395	-3.92482	308.644	0	
146.886	-2.65073	213.021	0	
147.747	-3.77054	181.864	0	
34.7917	-2.72654	178.547	0	
33.9583	-2.72654	173.469	0	
126.034	-3.06466	114.079	0	
126.041	-5.36183	106.187	0	
-147.712	-2.22594	221.237	0	
-143.197	-2.52073	207.428	0	
-159.861	-1.26016	173.246	0	
-198.497	-13.6936	155.709	0	
-154.291	-3.00053	176.295	0	
-152.212	-2.77275	186.027	0	
-155.878	-2.77685	187.337	0	
-157.068	-2.73758	186.236	0	
-52.1339	-2.41405	201.466	0	
-49.1732	-3.87113	264.278	0	
-58.9583	-2.72654	275.826	0	
-57.7083	-2.01633	228.535	0	
-55.982	-2.92653	248.8	0	
-57.2473	-2.80091	252.478	0	
-65.2159	-3.06466	249.316	0	
-65.2085	-5.36053	219.796	0	
-72.7159	-3.06466	216.308	0	
-69.5113	-3.00667	188.736	0	
43.4127	-2.94281	231.688	0	
46.4583	-3.47328	209.584	0	
36.0417	-2.01633	223.93	0	
32.5816	-3.68836	180.519	0	
32.1798	-2.91409	180.863	0	
36.4583	-2.72654	194.541	0	
23.5341	-3.06466	222	0	
26.7387	-3.00667	309.204	0	
118.534	-3.06466	174.09	0	
121.739	-3.00667	164.801	0	
-121.054	-2.95197	176.795	0	
-118.279	-4.19309	162.198	0	
-93.558	-2.85859	162.8	0	
-93.9091	-5.80155	178.501	0	
-108.671	-2.60381	182.579	0	
-106.826	-2.9976	176.695	0	
-146.474	-2.49607	209.741	0	
-147.439	-3.01246	203.609	0	
-25.2159	-3.06466	143.676	0	
-22.0113	-3.00667	211.132	0	
2.28409	-3.06466	230.701	0	
2.29056	-5.36183	297.518	0	
-12.7527	-2.80091	265.196	0	
-10.9973	-2.80091	422.494	0	
-48.9771	-2.04351	190.853	0	
-46.0172	-2.01677	223.917	0	
-52.8674	-2.9881	223.563	0	
-48.5208	-2.75083	221.943	0	
-79.8038	-2.95197	180.268	0	
-77.0208	-4.23263	204.524	0	
98.5341	-3.06466	370.515	0	
98.5406	-5.36183	308.082	0	
83.4973	-2.80091	207.536	0	
85.2527	-2.80091	260.703	0	
71.0341	-3.06466	326.125	0	
74.2387	-3.00667	328.457	0	
47.2917	-2.01633	178.813	0	
50.4887	-3.00667	249.111	0	
43.81	-3.72538	264.197	0	
47.7083	-2.72654	199.941	0	
16.0341	-3.06466	130.543	0	
19.2387	-3.00667	201.026	0	
151.441	-2.78889	191.637	0	
153.514	-3.44191	182.74	0	
111.032	-2.99641	221.197	0	
114.239	-3.00667	151.877	0	
-88.6029	-3.31994	171.237	0	
-84.8822	-2.81504	182.482	0	
8.53206	-2.99641	181.824	0	
11.7387	-3.00667	217.977	0	
104.782	-2.99641	182.7	0	
102.997	-3.78292	211.396	0	
-143.564	-2.28699	213.906	0	
-141.38	-3.26231	190.481	0	
-99.3695	-2.46414	152.135	0	
-96.2667	-2.67428	179.212	0	
-3.70582	-2.85377	155.277	0	
-0.950756	-3.13784	160.86	0	
92.5442	-2.85377	310.736	0	
95.2992	-3.13784	283.145	0	
41.5739	-3.92482	320.881	0	
46.0417	-2.72654	193.285	0	
127.582	-3.68916	123.375	0	
132.502	-3.08731	164.64	0	
127.128	-4.98343	149.066	0	
128.572	-3.57598	164.218	0	
-152.627	-3.48296	169.321	0	
-152.173	-4.37402	153.264	0	
-158.783	-2.77437	166.804	0	
-165.792	-18.6762	898.75	0	
-154.953	-3.93238	156.865	0	
-150.622	-2.75676	191.393	0	
-158.634	-7.6213	325.028	0	
-155.299	-3.21395	173.449	0	
-157.042	-10.1689	454.428	0	
-144.407	-3.21309	197.741	0	
-58.5398	-3.47677	296.447	0	
-57.2309	-4.40508	318.204	0	
-61.4583	-2.72654	231.915	0	
-57.6621	-3.55114	298.382	0	
-62.7232	-3.50081	234.987	0	
-55.3925	-3.62263	272.956	0	
-64.0702	-2.91409	224.059	0	
-63.6684	-3.68836	241.394	0	
-61.8899	-3.99904	271.675	0	
-60.2083	-3.47328	291.973	0	
-73.2614	-5.37412	205.387	0	
-70.3045	-5.60591	175.984	0	
39.9554	-2.8545	214.463	0	
39.0191	-4.40508	284.642	0	
37.2917	-2.72654	208.238	0	
38.5879	-3.55114	231.685	0	
34.3601	-3.99904	161.739	0	
37.7102	-3.47677	192.873	0	
35.2083	-3.47328	171.085	0	
33.5268	-3.50081	163.169	0	
23.4022	-5.56717	331.994	0	
26.986	-5.46522	421.615	0	
118.402	-5.56717	155.766	0	
114.489	-5.47929	140.395	0	
-121.441	-3.88316	170.24	0	
-125.45	-4.24105	173.824	0	
-91.8107	-3.76789	156.939	0	
-89.6593	-3.04017	169.06	0	
-90.9728	-3.77629	158.757	0	
-86.6812	-3.63269	164	0	
-109.679	-5.40479	151.919	0	
-106.403	-2.23367	190.813	0	
-111.125	-3.79291	148.147	0	
-97.3352	-3.86045	144.976	0	
-146.036	-3.18949	197.779	0	
-142.354	-2.96267	198.032	0	
-25.6028	-3.99585	368.423	0	
-29.1996	-4.24105	499.557	0	
3.83223	-3.68916	326.041	0	
6.7473	-3.78292	355.53	0	
5.25478	-4.42757	400.617	0	
10.1464	-3.83222	253.176	0	
-13.4371	-5.39772	952.148	0	
-10.0446	-2.8545	310.295	0	
-14.3898	-4.06799	747.944	0	
-2.03178	-3.59669	117.072	0	
-51.543	-4.183	257.227	0	
-47.6713	-2.72034	229.656	0	
-50.4382	-4.50321	283.282	0	
-47.2748	-2.73207	243.168	0	
-80.0413	-5.61102	192.402	0	
-84.6464	-5.58874	179.756	0	
100.082	-3.68916	326.292	0	
112.646	-3.83222	161.54	0	
110.324	-3.92482	217.637	0	
107.317	-3.58364	178.815	0	
82.1703	-6.23549	313.882	0	
86.2054	-2.8545	243.71	0	
81.8602	-4.06799	249.461	0	
94.2182	-3.59669	320.339	0	
70.9022	-5.56717	456.927	0	
66.9005	-5.31383	375.883	0	
44.7723	-3.50911	237.494	0	
48.5417	-2.72654	217.789	0	
45.1863	-4.19254	249.56	0	
49.0311	-3.60804	246.428	0	
15.9022	-5.56717	253.83	0	
11.9887	-5.47929	341.321	0	
108.705	-2.8545	200.87	0	
101.072	-3.57598	310.073	0	
-90.9841	-3.22877	162.395	0	
-94.02	-3.77049	152.682	0	
4.82178	-3.57598	380.49	0	
1.59897	-4.21812	179.683	0	
105.913	-2.94281	199.955	0	
106.31	-3.72554	149.156	0	
97.849	-4.21812	305.159	0	
101.505	-4.42757	231.01	0	
-144.818	-2.9523	204.901	0	
-145.632	-4.34189	186.189	0	
-104.524	-3.14865	168.485	0	
-106.863	-5.3047	164.032	0	
-5.59444	-4.2576	8.33736	0	
-11.875	-4.73217	865.253	0	
89.376	-4.43041	418.747	0	
83.5597	-4.79553	278.821	0	
121.393	-3.89079	200.92	0	
145.422	-3.6871	183.036	0	
125.349	-4.21812	146.375	0	
129.043	-4.50658	133.486	0	
-154.52	-5.51767	155.381	0	
-150.485	-3.36037	188.548	0	
-156.337	-3.70352	169.614	0	
-89.5154	-5.91258	187.973	0	
-158.272	-3.12942	163.284	0	
-157.117	-3.87111	166.401	0	
-155.419	-4.63633	154.967	0	
-151.942	-4.01209	163.409	0	
-87.7771	-3.9079	162.055	0	
-54.5724	-3.82404	273.686	0	
-59.8028	-4.31444	308.593	0	
7.79028	-6.17559	463.217	0	
-65.9011	-4.21822	235.65	0	
-60.6183	-5.38006	308.195	0	
-64.1215	-4.98124	233.107	0	
-60.1332	-6.24811	298.824	0	
8.35687	-5.00841	348.109	0	
92.527	-5.11846	339.603	0	
30.3489	-4.21822	270.809	0	
32.1285	-4.98124	199.863	0	
36.0417	-3.47328	190.99	0	
34.378	-5.06466	167.202	0	
35.7113	-5.90518	191.506	0	
36.8769	-3.97501	219.391	0	
-101.484	-1.46125	240.609	0	
-98.8965	-4.68112	149.774	0	
-144.416	-5.90731	177.264	0	
-69.8571	-3.89079	161.592	0	
-155.775	-6.32353	185.63	0	
-49.1583	-4.59765	301.966	0	
-149.697	-4.83237	161.837	0	
-147.312	-5.50471	179.091	0	
-6.161	-3.04514	248.394	0	
-3.72305	-5.11846	109.128	0	
-55.9975	-4.73694	308.823	0	
26.3929	-3.89079	327.633	0	
-39.901	-3.17015	185.844	0	
46.543	-5.1949	224.436	0	
-53.0026	-6.29923	303.621	0	
-49.6141	-3.88369	264.298	0	
-55.1242	-6.46948	304.442	0	
-48.5403	-3.47351	254.579	0	
-52.3495	-5.21931	294.925	0	
-47.524	-5.45615	378.17	0	
91.8607	-4.06622	298.206	0	
105.879	-5.0575	132.213	0	
36.9453	-5.11624	226.513	0	
130.158	-4.945	136.155	0	
56.2824	-3.06872	229.638	0	
110.29	-6.17488	165.338	0	
42.2734	-5.20289	407.892	0	
46.039	-4.15672	230.188	0	
40.4266	-5.70833	407.523	0	
47.7242	-4.17689	225.62	0	
39.9758	-4.58327	331.286	0	
48.9762	-5.38006	236.706	0	
-90.6069	-4.12617	159.21	0	
-89.6636	-4.81648	164.491	0	
6.22758	-4.58092	430.076	0	
6.73765	-5.89001	493.761	0	
102.928	-5.70651	114.957	0	
107.848	-6.54104	132.309	0	
104.074	-3.92482	197.335	0	
104.773	-5.20318	116.679	0	
99.6281	-4.98343	228.982	0	
102.478	-4.58092	227.956	0	
-150.716	-4.72931	158.61	0	
-144.396	-4.74254	180.806	0	
76.6284	-4.52398	401.504	0	
146.462	-11.2914	204.078	0	
127.754	-5.90878	123.237	0	
128.248	-8.10733	241.978	0	
-158.704	-4.38593	170.057	0	
-143.548	-3.71121	194.03	0	
-159.835	-3.04258	166.161	0	
-206.269	-14.2369	142.755	0	
-180.827	-26.2645	426.054	0	
-79.0891	-6.6013	224.911	0	
-151.026	-6.84342	182.453	0	
-55.9512	-6.55485	298.148	0	
-61.872	-5.06466	272.993	0	
-58.3851	-6.75317	284.372	0	
-117.044	-5.07512	158.952	0	
17.0809	-5.28353	266.558	0	
-19.6216	-4.52398	672.298	0	
108.728	-4.58055	170.43	0	
38.2098	-5.47194	314.502	0	
43.4368	-5.59213	356.273	0	
-139.865	-3.48864	195.624	0	
-145.988	-6.533	193.844	0	
-96.7273	-6.07177	173.004	0	
-95.6771	-5.07921	157.717	0	
-149.118	-4.59379	169.997	0	
-133.587	-3.52385	191.455	0	
-31.418	-3.97219	421.412	0	
39.1198	-6.3947	405.371	0	
-0.498874	-6.89898	321.558	0	
-0.89962	-5.26597	117.987	0	
-71.2258	-4.94733	169.223	0	
-54.6498	-7.18416	280.683	0	
-52.1881	-4.81348	273.471	0	
-51.3609	-5.068	285.281	0	
-51.3985	-6.55325	314.487	0	
-48.5005	-4.9472	326.457	0	
-53.9095	-7.09134	299.978	0	
-35.8627	-2.49615	203.839	0	
-48.5159	-4.44092	305.998	0	
-48.6898	-6.14105	363.796	0	
64.7483	-4.16217	335.112	0	
110.857	-5.00834	150.836	0	
95.1243	-6.51683	79.3356	0	
95.3504	-5.26597	266.479	0	
25.7026	-6.44535	388.92	0	
41.6476	-6.18605	424.495	0	
43.8486	-4.79453	314.845	0	
44.8083	-5.03664	263.421	0	
44.2071	-7.10465	295.525	0	
45.7483	-5.76581	245.64	0	
42.0818	-7.76797	402.631	0	
59.9111	-2.93321	213.767	0	
47.3949	-5.21507	229.079	0	
48.1574	-6.0103	190.776	0	
-92.3648	-4.48529	157.184	0	
-88.4115	-6.5807	202.846	0	
4.33964	-5.42242	463.653	0	
5.32497	-6.50437	618.927	0	
106.858	-5.46739	121.977	0	
109.237	-5.889	128.895	0	
45.559	-7.03622	178.253	0	
104.147	-6.18687	133.732	0	
100.59	-5.42242	231.217	0	
100.817	-6.41692	131.486	0	
-147.637	-5.04609	171.672	0	
-146.811	-4.92829	177.201	0	
-147.402	-7.32837	192.384	0	
-144.835	-4.37683	187.279	0	
-148.968	-6.95729	179.592	0	
-132.113	-2.49615	210.04	0	
-154.761	-6.79496	197.648	0	
-152.291	-5.30435	149.741	0	
-66.9348	-6.49631	180.029	0	
-50.3422	-7.01095	336.832	0	
28.9858	-6.91889	300.322	0	
57.6034	-10.1929	158.294	0	
-165.135	-2.806	391.948	0	
-125.182	-4.79748	164.66	0	
-65.8105	-6.63734	208.282	0	
-36.9473	-8.96818	471.832	0	
-58.7796	-7.60239	266.572	0	
-25.5819	-6.66486	678.066	0	
-35.0052	-5.19327	369.227	0	
-45.618	-4.95711	427.153	0	
30.4395	-6.63734	265.155	0	
104.619	-8.07335	81.1894	0	
37.1701	-8.70786	332.568	0	
121.986	-5.46522	148.836	0	
58.4947	-6.13482	290.39	0	
50.632	-4.95711	282.604	0	
-99.1348	-9.29362	527.3	0	
-118.714	-5.6786	151.587	0	
-4.18243	-7.15932	538.885	0	
-22.3094	-5.15396	568.284	0	
101.029	-10.1378	75.8338	0	
97.6668	-7.08742	51.2419	0	
74.486	-5.46522	462.723	0	
92.7255	-9.27013	93.89	0	
-143.264	-6.38559	175.765	0	
-142.707	-3.63774	192.77	0	
-151.765	-6.458	161.962	0	
-121.832	-6.66486	164.907	0	
-136.7	-3.6676	193.886	0	
-129.091	-2.86155	206.262	0	
-37.3372	-3.52385	244.027	0	
-32.8412	-2.86155	238.06	0	
58.0505	-4.25718	262.097	0	
63.932	-3.08143	264.115	0	
134.341	-6.44433	168.882	0	
130.95	-6.88029	181.599	0	
123.985	-6.91734	184.429	0	
156.761	-19.7825	398.968	0	
-155.762	-7.02883	214.904	0	
-51.9922	-8.48305	286.554	0	
-41.2417	-5.03335	311.871	0	
-43.5498	-3.57926	281.624	0	
55.3912	-5.44334	306.843	0	
52.8708	-4.50999	304.519	0	
-87.1841	-7.88932	297.116	0	
-85.3227	-4.03791	164.401	0	
8.66524	-7.52916	594.091	0	
11.3891	-3.89608	273.35	0	
120.089	-6.71038	179.477	0	
113.889	-3.89608	179.687	0	
-95.2984	-6.68697	213.6	0	
-127.668	-3.97219	178.678	0	
-134.295	-7.95372	227.903	0	
-117.664	-3.63783	178.787	0	
-45.4901	-6.55863	438.658	0	
-22.3571	-3.89079	401.28	0	
-44.1628	-8.60606	429.475	0	
-40.8567	-7.22128	391.871	0	
51.875	-6.99919	270.368	0	
73.8929	-3.89079	373.22	0	
53.4198	-8.44515	244.349	0	
55.3964	-7.44458	304.671	0	
-47.1681	-7.16984	409.803	0	
-49.26	-7.58601	360.064	0	
50.3597	-7.18841	200.084	0	
48.1061	-7.56208	138.813	0	
-142.332	-8.2648	240.349	0	
-134.625	-5.8925	168.555	0	
-51.6926	-7.41887	311.767	0	
-47.0637	-7.81177	413.667	0	
43.478	-8.29733	241.204	0	
49.4204	-8.37487	100.299	0	
-164.05	-1.81042	309.792	0	
-159.427	-2.38423	161.805	0	
-172.34	-0.561988	370.577	0	
-160.446	-4.87139	240.039	0	
156.901	-2.16499	183.91	0	
161.399	-0.597186	141.212	0	
161.537	-1.1745	144.231	0	
162.452	-4.30335	172.456	0	
149.261	-4.15453	181.445	0	
156.698	-4.80193	185.586	0	
137.138	-3.80167	174.183	0	
140.44	-4.39146	179.194	0	
-73.8141	-4.08468	214.896	0	
-72.6821	-4.86747	194.69	0	
-81.1251	-8.23868	302.142	0	
-65.4099	-7.92931	168.428	0	
-76.4456	-3.69218	208.694	0	
-74.4125	-7.22904	220.258	0	
22.8429	-4.23242	277.152	0	
24.5809	-5.28353	377.953	0	
15.8333	-10.3326	285.632	0	
31.3854	-8.3096	165.52	0	
18.8929	-3.89079	208.363	0	
22.0238	-6.72899	286.518	0	
117.843	-4.23242	205.296	0	
119.581	-5.28353	218.174	0	
112.877	-7.50462	179.05	0	
125.437	-6.63718	191.784	0	
111.164	-7.52928	193.163	0	
116.393	-7.05619	176.387	0	
-121.305	-5.34645	158.695	0	
-119.654	-5.46944	158.318	0	
-147.226	-10.9803	413.701	0	
-106.237	-7.13359	202.551	0	
-143.461	-8.56061	240.988	0	
-148.346	-7.56924	206.73	0	
-25.0551	-5.34645	557.998	0	
-23.4043	-5.46944	582.572	0	
1.41684	-7.08742	258.312	0	
-9.76913	-7.46803	822.145	0	
-28.9318	-4.79748	525.65	0	
-25.2197	-8.2483	877.855	0	
-80.4516	-4.45042	177.649	0	
-77.5632	-5.81721	210.8	0	
-72.932	-6.66408	208.437	0	
-76.091	-6.55814	221.203	0	
-82.8734	-5.66039	186.589	0	
-80.4701	-6.86697	227.879	0	
72.0809	-5.28353	488.669	0	
73.2026	-6.44535	467.796	0	
102.182	-6.54766	143.281	0	
86.4907	-5.19652	290.52	0	
68.3096	-5.40086	405.556	0	
93.7006	-8.68663	50.9294	0	
15.3429	-4.23242	203.753	0	
18.2026	-6.44535	268.926	0	
23.665	-9.01138	169.962	0	
19.486	-5.46522	300.351	0	
14.5304	-6.73778	341.248	0	
14.0352	-8.98906	566.219	0	
112.049	-4.96932	178.316	0	
113.194	-6.11121	162.904	0	
107.957	-10.0357	235.75	0	
117.702	-9.10878	310.563	0	
-85.9171	-4.35442	164.314	0	
-86.1279	-4.98984	172.727	0	
-86.7215	-6.35339	211.443	0	
-83.2819	-8.80992	376.185	0	
9.54871	-4.9694	361.019	0	
10.694	-6.11128	422.963	0	
10.3771	-7.50385	578.842	0	
11.8718	-9.53722	528.471	0	
132.991	-6.73371	178.121	0	
134.746	-4.16808	146.934	0	
124.075	-4.31071	114.661	0	
123.313	-5.73457	173.112	0	
-67.1755	-4.31081	219.744	0	
-68.6126	-5.47821	182.863	0	
29.0745	-4.31081	368.741	0	
28.3133	-5.73467	426.807	0	
-95.7944	-3.34292	161.804	0	
-97.8705	-4.26932	146.35	0	
-101.116	-8.29942	324.514	0	
-104.994	-4.90621	157.955	0	
0.324502	-4.31071	134.925	0	
-2.3426	-4.6597	202.299	0	
-7.5359	-7.04865	665.875	0	
-10.3129	-5.39772	762.493	0	
96.5745	-4.31071	317.11	0	
93.9074	-4.6597	233.928	0	
87.0544	-6.46836	250.283	0	
103.633	-8.96714	111.462	0	
-61.2044	-8.53234	204.566	0	
34.2023	-8.8546	165.207	0	
-64.8596	-10.5202	203.823	0	
44.8516	-10.4198	81.4717	0	
-44.2975	-9.70784	417.888	0	
106.762	-8.25621	115.346	0	
40.691	-8.79126	367.6	0	
126.74	-7.89369	245.153	0	
29.0673	-12.5161	144.543	0	
129.107	-7.732	230.079	0	
98.349	-8.47005	114.358	0	
102.415	-7.9218	65.7558	0	
-154.335	-9.158	302.851	0	
-59.6499	-7.71615	244.753	0	
139.395	-4.98857	172.562	0	
152.979	-3.41529	187.978	0	
-137.694	-8.10517	252.144	0	
-136.764	-4.99361	174.074	0	
-128.998	-3.63641	188.52	0	
-128.585	-5.05175	165.631	0	
-32.7482	-3.63641	264.172	0	
-32.3354	-5.05175	478.285	0	
62.5041	-3.08143	262.841	0	
63.4527	-6.04201	243.782	0	
133.161	-9.88911	298.052	0	
152.383	-5.56956	185.996	0	
137.922	-6.11493	167.994	0	
141.296	-5.90537	162.075	0	
-74.8293	-4.37906	216.582	0	
-75.6891	-5.77912	227.574	0	
21.5684	-4.325	299.197	0	
20.8072	-5.74886	311.224	0	
116.568	-4.325	136.848	0	
115.814	-5.75765	176.652	0	
-123.146	-4.96108	158.264	0	
-127.449	-3.44125	185.564	0	
-115.612	-6.7035	186.277	0	
-114.225	-6.30062	181.641	0	
-26.8956	-4.96108	486.158	0	
-31.1988	-3.44125	344.203	0	
-20.6248	-8.41554	941.932	0	
-17.5176	-6.0256	890.952	0	
-82.1531	-4.46219	167.98	0	
-84.136	-4.94719	163.607	0	
69.0684	-4.325	460.478	0	
66.1856	-4.14101	396.605	0	
77.0792	-10.1137	179.869	0	
79.254	-5.34905	309.127	0	
14.0684	-4.325	226.062	0	
13.3138	-5.75765	322.531	0	
104.443	-13.2736	349.402	0	
116.488	-9.39887	280.294	0	
-92.2413	-8.87428	385.172	0	
-91.5103	-7.10938	238.739	0	
2.27255	-8.66503	737.955	0	
4.64589	-8.13534	758.312	0	
129.184	-10.2926	372.463	0	
147.424	-5.4005	174.233	0	
134.948	-5.87009	159.462	0	
137.215	-6.06682	168.254	0	
123.112	-10.2094	351.798	0	
122.906	-8.90943	332.159	0	
-69.6545	-7.17348	187.662	0	
-68.4042	-8.89573	195.704	0	
25.452	-8.27411	344.482	0	
28.3845	-8.89079	292.478	0	
-67.5183	-8.32638	173.332	0	
-93.1737	-11.8857	780.715	0	
-54.687	-8.77409	237.628	0	
1.24494	-12.6851	686.39	0	
85.5025	-5.02288	326.185	0	
69.9628	-9.93117	99.2859	0	
99.9643	-7.8529	53.4716	0	
101.084	-8.78437	97.6247	0	
-121.47	-8.2483	247.034	0	
-123.117	-6.11371	159.436	0	
-127.862	-5.35763	165.538	0	
-124.382	-7.75206	203.633	0	
-47.7974	-10.5007	345.494	0	
-26.8674	-6.11371	619.027	0	
-31.6121	-5.35763	533.924	0	
-28.1315	-7.75206	741.443	0	
47.282	-11.1789	48.344	0	
69.8481	-7.0343	325.75	0	
64.7306	-5.79877	293.364	0	
67.0008	-7.54635	166.859	0	
140.674	-7.29056	161.588	0	
143.354	-6.78988	161.168	0	
126.914	-8.97258	297.59	0	
190.881	-1.95116	218.656	0	
-98.2463	-6.59551	173.841	0	
35.6767	-7.64358	235.822	0	
-2.40124	-8.33358	244.081	0	
102.88	-10.4166	105.847	0	
72.7697	-11.6765	48.7191	0	
97.3132	-12.6158	77.2703	0	
-136.893	-6.82127	188.857	0	
-136.234	-6.38423	174.384	0	
-28.9124	-12.333	685.022	0	
-32.0628	-8.52153	740.559	0	
64.1265	-10.677	42.1826	0	
97.0595	-10.9776	104.856	0	
78.3795	-7.44895	367.064	0	
154.158	-10.4977	305.54	0	
-77.7471	-7.63812	262.081	0	
29.4441	-10.4681	120.544	0	
8.79112	-11.9339	611.622	0	
110.443	-9.50362	200.602	0	
-125.341	-5.87836	169.696	0	
-124.517	-4.84835	170.39	0	
-29.091	-5.87836	617.935	0	
-28.2669	-4.84835	522.512	0	
66.0664	-6.49884	361.541	0	
68.53	-6.77541	353.524	0	
149.625	-5.35459	176.449	0	
153.402	-4.47303	178.89	0	
147.154	-6.96829	168.709	0	
143.44	-8.32169	162.489	0	
-111.955	-8.36519	283.909	0	
-118.131	-8.41977	295.672	0	
-115.274	-5.30018	169.849	0	
-111.642	-2.95596	168.33	0	
-16.3208	-5.87234	886.129	0	
-22.1682	-9.61273	934.107	0	
-18.2907	-4.53464	579.771	0	
-15.6508	-4.28441	710.405	0	
79.4592	-10.5052	219.149	0	
72.704	-13.1577	48.2203	0	
77.9593	-4.53464	346.396	0	
80.5992	-4.28441	282.281	0	
-63.1585	-5.8593	262.325	0	
-64.0065	-8.13592	211.035	0	
33.0915	-5.8593	154.873	0	
32.9504	-7.91085	188.382	0	
-201.071	-23.8156	144.296	0	
-157.885	-7.56434	293.751	0	
-42.6986	-5.04379	352.525	0	
-38.7429	-5.04781	310.755	0	
54.2006	-4.51844	272.98	0	
56.7439	-4.39269	256.138	0	
-138.52	-3.64278	196.963	0	
-134.662	-3.48859	192.632	0	
132.143	-9.38501	283.491	0	
140.38	-8.38168	170.977	0	
-132.804	-6.52426	172.011	0	
-88.2555	-8.79333	380.047	0	
-28.854	-8.08187	752.712	0	
7.90043	-9.59591	830.74	0	
62.7454	-8.27657	92.4165	0	
51.4479	-10.9874	57.105	0	
89.6029	-14.8799	138.357	0	
-203.109	-14.2434	144.73	0	
-59.1635	-10.2841	189.323	0	
-56.0545	-7.93018	260.917	0	
36.4353	-12.2357	238.954	0	
38.9499	-7.89572	450.59	0	
139.016	-5.57796	167.345	0	
138.805	-7.8882	182.555	0	
139.194	-7.2957	172.253	0	
141.242	-10.1186	188.105	0	
135.799	-9.63105	241.38	0	
161.052	-5.03346	189.169	0	
121.018	-9.30824	348.936	0	
100.144	-19.2485	526.935	0	
-49.3011	-9.21456	333.626	0	
-46.1345	-9.38473	414.889	0	
46.3347	-9.71766	66.6273	0	
48.6746	-11.3323	29.8791	0	
-176.012	-1.34606	313.658	0	
-158.647	-6.03885	228.197	0	
-160.399	-10.4135	592.73	0	
-186.467	-16.062	227.639	0	
158.785	-5.65584	199.964	0	
168.367	-1.42242	165.339	0	
-87.6571	-10.0814	507.649	0	
99.8219	-12.5882	118.478	0	
18.0295	-8.73643	355.847	0	
4.49832	-12.069	798.846	0	
-152.724	-12.2494	573.636	0	
-148.28	-10.4939	355.033	0	
-121.489	-14.4624	964.482	0	
-125.104	-8.08187	264.846	0	
101.29	-15.2222	350.849	0	
114.689	-11.2838	367.886	0	
-91.7517	-12.069	858.073	0	
-70.826	-10.1358	245.728	0	
5.3409	-14.035	421.374	0	
24.39	-12.1098	49.674	0	
-110.567	-8.3531	295.808	0	
-129.168	-15.7527	1021.43	0	
-18.2374	-7.39395	964.525	0	
-25.1515	-10.9502	877.503	0	
-146.818	-14.783	800.513	0	
-124.28	-12.9003	755.819	0	
-38.7301	-12.5743	228.867	0	
-8.49473	-12.4446	512.172	0	
66.5985	-10.866	13.4155	0	
58.8037	-13.5343	85.3024	0	
111.902	-13.2901	436.241	0	
129.56	-11.2105	404.481	0	
149.023	-8.36682	199.951	0	
152.654	-7.14953	205.354	0	
-121.401	-10.9502	526.317	0	
-102.333	-6.33172	189.685	0	
-19.0315	-10.1481	972.855	0	
-6.22447	-8.42323	550.613	0	
75.3714	-14.5316	34.5671	0	
91.3394	-8.50675	92.3398	0	
67.4297	-9.26985	109.439	0	
137.393	-11.1477	244.739	0	
-62.9136	-11.7163	203.884	0	
-55.1281	-9.67843	233.9	0	
33.7516	-11.0126	189.899	0	
40.7121	-10.963	315.638	0	
128.908	-12.1281	465.679	0	
235.256	-2.25139	237.136	0	
-178.539	-1.3838	284.23	0	
-160.061	-6.02513	276.638	0	
-156.025	-9.98111	436.194	0	
-221.351	-12.57	140.029	0	
-167.916	-3.88844	452.413	0	
-166.188	-4.80732	464.553	0	
163.995	-3.34118	161.861	0	
164.736	-2.79559	159.121	0	
155.935	-7.33397	223.509	0	
134.936	-16.1858	312.096	0	
-51.5459	-11.0981	238.573	0	
-10.3726	-12.1451	682.168	0	
44.8879	-12.0414	51.9878	0	
32.1055	-11.9277	129.257	0	
-53.9684	-14.7831	187.404	0	
-139.161	-7.14027	194.884	0	
-134.415	-9.16707	293.213	0	
-155.469	-17.8961	1019.88	0	
-127.52	-14.6602	942.087	0	
-47.3519	-14.3701	250.129	0	
-26.6256	-17.8834	183.485	0	
48.8723	-14.1823	16.1153	0	
67.6607	-16.428	18.6616	0	
129.464	-13.2912	477.234	0	
155.669	-13.3495	348.714	0	
-156.363	-13.6567	737.045	0	
44.7387	-14.8872	27.5369	0	
11.0506	-11.9005	679.525	0	
91.2227	-11.2569	87.8061	0	
126.323	-9.77404	344.271	0	
121.837	-10.3432	388.7	0	
-166.661	-5.64559	504.681	0	
-188.376	-3.76145	182.581	0	
-133.959	-11.4467	614.36	0	
-128.569	-10.0858	358.758	0	
-216.827	-26.5727	120.062	0	
-128.413	-13.1119	743.322	0	
-132.411	-9.49708	293.619	0	
-131.255	-5.19327	162.012	0	
-163.724	-13.2199	801.016	0	
-109.614	-9.6472	527.608	0	
-130.943	-10.541	382.711	0	
-129.564	-7.98088	209.084	0	
-131.112	-14.0765	815.412	0	
-126.924	-8.64003	266.665	0	
-135.042	-17.1905	1152.17	0	
-102.12	-9.41999	480.634	0	
-130.381	-12.4546	719.08	0	
-128.544	-17.3008	1194.3	0	
-147.653	-13.3823	672.231	0	
-4.93405	-12.3601	480.378	0	
-125.443	-18.0933	1221.26	0	
-125.597	-14.7313	977.871	0	
-62.3153	-14.2215	250.82	0	
-84.7498	-11.2239	669.597	0	
-124.144	-16.6164	1131.1	0	
-121.999	-16.5434	1148.94	0	
-91.6409	-16.373	1237.21	0	
-69.4221	-13.7729	402.555	0	
4.6091	-16.373	338.83	0	
26.8773	-14.4288	103.796	0	
-108.963	-6.09406	158.974	0	
-116.461	-9.78464	385.414	0	
-13.9017	-7.25958	1060.65	0	
-14.245	-11.4052	898.686	0	
81.3402	-6.8855	317.444	0	
83.7384	-11.3837	179.327	0	
-83.8414	-14.5362	1074	0	
-75.6493	-8.65925	274.414	0	
13.8762	-15.2395	101.308	0	
19.905	-11.4882	110.298	0	
-95.0224	-13.6985	1135.88	0	
-90.994	-9.40255	465.319	0	
-2.62817	-11.144	616.253	0	
5.82085	-10.045	822.459	0	
-110.518	-11.2406	691.254	0	
-108.351	-9.93026	467.038	0	
-17.4309	-12.4592	770.159	0	
-12.9699	-9.34945	975.02	0	
83.2935	-13.3551	129.623	0	
83.6248	-7.88654	288.025	0	
-58.0343	-10.4024	200.764	0	
-57.1248	-13.2093	188.159	0	
39.2964	-12.0123	210.198	0	
43.2336	-18.7427	24.3928	0	
-173.492	-1.23502	370.975	0	
-166.039	-6.83873	524.631	0	
156.914	-10.0633	288.785	0	
157.716	-11.8722	318.82	0	
-36.3491	-6.66327	441.052	0	
-42.3821	-12.5275	275.709	0	
60.0716	-6.13482	291.771	0	
53.2336	-10.5904	125.795	0	
94.8758	-17.2921	290.844	0	
139.921	-10.9508	202.706	0	
-115.447	-14.3153	985.192	0	
-119.297	-14.1357	944.959	0	
-104.971	-15.4404	1189.9	0	
-90.9091	-14.035	1059.98	0	
-64.3215	-11.7193	195.07	0	
-79.7941	-12.0357	611.645	0	
-119.75	-18.497	1264.7	0	
-102.899	-14.498	1141.91	0	
-97.5829	-13.6417	1040.85	0	
-124.617	-21.7604	1371.65	0	
15.2768	-15.8135	44.4784	0	
34.0892	-14.3953	177.448	0	
-177.174	-5.1231	310.135	0	
-169.836	-13.4171	668.294	0	
-170.116	-6.50537	501.747	0	
-168.381	-9.4086	591.796	0	
124.171	-15.1812	571.667	0	
126.881	-38.6572	19.7353	0	
-117.131	-17.6592	1270.6	0	
-115.142	-11.6222	645.364	0	
-93.3829	-9.43331	412.071	0	
-93.6138	-16.0889	1222.97	0	
2.37524	-11.0032	707.093	0	
2.63623	-16.0889	239.279	0	
-134.944	-14.8945	981.763	0	
47.1984	-16.2238	15.4418	0	
-49.432	-15.6244	229.831	0	
-35.3468	-13.0521	263.001	0	
-115.479	-26.4138	1400.28	0	
64.8646	-16.2754	21.4598	0	
-89.2433	-18.71	1300.34	0	
-88.6959	-14.349	1124.95	0	
6.15648	-20.9717	68.5934	0	
7.55411	-14.349	482.488	0	
-157.038	-22.08	1140.89	0	
-59.8514	-22.8852	687.131	0	
-87.3706	-17.1144	1241.16	0	
-82.1404	-18.8236	1247.42	0	
-18.4869	-15.5049	285.416	0	
129.537	-16.1025	431.037	0	
8.03571	-17.5891	158.015	0	
13.3654	-21.5065	61.0932	0	
223.847	-3.41955	240.572	0	
183.743	-6.91495	208.157	0	
136.473	-13.3134	297.618	0	
140.087	-12.3836	221.717	0	
-179.958	-3.72031	269.905	0	
-171.794	-4.55203	408.013	0	
161.373	-8.55141	252.108	0	
178.909	-0.71641	190.995	0	
-78.6053	-13.345	838.648	0	
-66.0696	-13.414	282.571	0	
19.3343	-17.6677	31.3777	0	
30.094	-13.6734	91.4717	0	
-161.509	-15.6093	884.076	0	
-121.425	-23.7953	1378.21	0	
-61.3847	-15.9373	279.913	0	
-0.942166	-17.4617	97.3071	0	
37.9077	-19.1386	93.9104	0	
103.483	-15.6887	459.59	0	
136.533	-14.6413	305.244	0	
145.168	-13.161	208.005	0	
100.977	-13.1153	235.58	0	
81.7802	-13.5575	122.053	0	
-107.61	-21.9682	1374.7	0	
-98.6239	-15.1855	1201.32	0	
-26.1046	-12.3387	715.929	0	
-2.17182	-15.9828	274.384	0	
71.2351	-14.3876	28.4238	0	
46.9202	-24.4279	17.4849	0	
-165.315	-24.6643	1025.68	0	
-68.2025	-19.9598	894.37	0	
-82.623	-23.4241	1343.44	0	
-66.6116	-14.941	388.053	0	
17.6653	-21.5109	40.2327	0	
29.5656	-15.202	120.817	0	
126.616	-17.4651	449.984	0	
143.288	-18.575	208.285	0	
139.474	-18.653	189.336	0	
139.361	-20.9833	169.482	0	
-75.3459	-14.9358	823.736	0	
-64.0988	-15.8933	344.646	0	
21.1796	-16.5049	49.0318	0	
32.0584	-15.9665	146.1	0	
-97.1751	-16.9694	1268.9	0	
3.67942	-24.719	103.25	0	
28.905	-23.4462	204.178	0	
32.1743	-21.6806	157.879	0	
-84.7755	-17.335	1198.14	0	
-76.4746	-13.0716	646.837	0	
8.81326	-16.1006	166.963	0	
15.1059	-17.7775	51.7023	0	
216.102	-22.0584	235.7	0	
132.11	-18.0785	304.329	0	
-152.814	-15.6541	859.756	0	
-151.763	-14.4413	808.43	0	
-147.252	-19.8425	1187.46	0	
-140.572	-12.7026	670.206	0	
-65.9976	-27.1678	1165.93	0	
-11.5675	-15.889	217.874	0	
32.3753	-23.7036	195.021	0	
120.171	-15.8683	501.53	0	
-128.495	-23.6616	1370.58	0	
22.3623	-20.784	74.6011	0	
-186.451	-4.46484	199.872	0	
-190.353	-4.91571	176.897	0	
174.828	-1.24745	182.682	0	
173.61	-5.24999	185.622	0	
194.389	-10.0215	224.996	0	
189.153	-7.00987	214.36	0	
82.8703	-20.7224	55.9328	0	
43.0976	-26.9807	28.3859	0	
-71.3656	-20.8878	1103.38	0	
-67.6183	-18.1035	674.441	0	
24.665	-19.7635	83.3011	0	
28.5674	-18.3691	101.289	0	
122.46	-28.881	45.9093	0	
125.874	-36.4272	23.1939	0	
-149.571	-19.3683	1112.62	0	
-131.462	-18.4588	1224.58	0	
-92.015	-21.9006	1367.96	0	
-74.4607	-21.8902	1192.4	0	
-73.6689	-23.6267	1210.09	0	
-67.2168	-21.4262	887.407	0	
-171.665	-17.8786	701.32	0	
-68.2793	-27.6691	1214.08	0	
-141.72	-21.0255	1261.17	0	
-137.848	-27.5747	1370.26	0	
-76.3904	-20.8694	1196.94	0	
23.47	-24.4082	184.501	0	
-29.2128	-19.3337	86.6024	0	
76.7049	-20.2321	33.1355	0	
-24.493	-19.3243	106.952	0	
-15.9885	-18.4952	84.8693	0	
74.5272	-13.6619	52.9833	0	
87.9377	-16.0247	120.247	0	
129.611	-21.3369	199.655	0	
118.466	-17.5048	478.912	0	
-104.894	-17.8673	1303.35	0	
-94.2232	-20.1928	1348.94	0	
-46.2949	-21.5271	331.107	0	
8.2136	-21.3991	51.2923	0	
-179.167	-9.71942	296.062	0	
-181.563	-3.13452	233.048	0	
-203.649	-6.51258	147.178	0	
-174.849	-6.89442	384.733	0	
178.984	-5.60182	197.996	0	
187.312	-10.0237	218.504	0	
167.125	-13.3801	310.028	0	
156.609	-11.8884	337.777	0	
-83.0017	-28.4032	1381.05	0	
23.1907	-26.5954	241.325	0	
-5.69028	-18.6419	74.6486	0	
87.0146	-19.4793	86.8651	0	
-80.7208	-26.2611	1360.37	0	
-20.8867	-29.6436	405.036	0	
12.0788	-24.1702	65.1785	0	
114.513	-27.2089	118.877	0	
-17.0062	-24.0514	72.4055	0	
-22.1765	-18.5223	139.507	0	
80.2984	-20.7929	40.5294	0	
67.2272	-20.5987	65.3108	0	
34.0069	-32.2099	233.266	0	
121.566	-22.1911	199.451	0	
-24.2697	-27.6416	423.778	0	
-6.07084	-22.8529	58.6308	0	
-126.289	-30.0075	1401.18	0	
172.512	-13.2195	267.488	0	
181.73	-9.48516	215.231	0	
-75.419	-28.5212	1328.22	0	
-70.2434	-26.2272	1202.87	0	
-148.713	-28.6654	1320.44	0	
-148.606	-24.6664	1269.26	0	
20.7108	-30.0897	391.237	0	
27.0084	-27.2108	308.332	0	
2.84433	-29.6589	292.325	0	
15.6319	-33.4884	662.195	0	
181.412	-11.664	216.711	0	
222.621	-6.50442	239.34	0	
130.52	-34.7844	23.8679	0	
-102.282	-36.3635	1413.04	0	
31.0424	-27.4074	281.471	0	
-68.2311	-31.7938	1273.89	0	
-65.4434	-37.41	1279.06	0	
-21.635	-40.2496	1128.2	0	
127.534	-25.4667	83.2798	0	
26.9075	-32.5676	488.754	0	
26.6942	-35.7846	581.583	0	
-110.311	-23.1438	1385.42	0	
-110.61	-25.9345	1401.12	0	
109.66	-28.9397	128.389	0	
94.8453	-23.8867	294.599	0	
-214.806	-7.71479	142.797	0	
-171.832	-14.5581	628.983	0	
187.067	-7.72399	213.684	0	
201.997	-11.1456	232.908	0	
50.0241	-15.8951	14.8425	0	
75.0791	-23.3528	64.5282	0	
-42.3959	-16.7385	237.436	0	
-25.6168	-22.1698	96.3818	0	
-194.374	-7.79983	161.867	0	
-196.551	-4.51366	156.815	0	
77.9747	-27.6464	148.986	0	
129.855	-27.3551	53.8363	0	
40.3658	-35.0974	73.9369	0	
78.832	-25.1132	76.0069	0	
-61.4959	-34.3893	1214.6	0	
0.566349	-28.7673	281.849	0	
86.2188	-28.7102	144.765	0	
218.273	-17.9941	236.788	0	
-26.3348	-36.1352	1048.52	0	
121.86	-37.3547	20.478	0	
-53.7639	-30.3901	961.728	0	
-34.8521	-31.8414	954.414	0	
104.992	-25.741	322.568	0	
158.733	-57.0334	444.194	0	
118.821	-29.1105	49.5816	0	
120.986	-32.2332	26.2037	0	
116.206	-25.9357	114.694	0	
115.693	-33.9491	31.5416	0	
62.8117	-31.9984	506.694	0	
119.263	-33.7073	29.0569	0	
123.76	-45.2082	31.7411	0	
-184.952	-21.6105	274.736	0	
-94.6034	-29.4774	1407.87	0	
-117.922	-31.1651	1410.79	0	
72.2834	-31.4578	503.724	0	
27.8628	-58.6377	191.76	0	
16.9935	-36.9328	806.284	0	
-224.736	-3.44405	154.254	0	
-186.676	-10.8718	197.01	0	
162.881	-34.8735	451.529	0	
162.041	-14.7812	353.245	0	
-191.999	-11.2845	172.51	0	
-191.143	-16.7129	191.934	0	
70.0738	-45.1976	958.735	0	
207.964	-10.2776	240.967	0	
-201.111	-4.88397	151.287	0	
-211.863	-2.86997	147.886	0	
-232.26	-7.79974	155.152	0	
129.425	-46.9336	41.7607	0	
134.79	-38.9823	36.819	0	
210.173	-9.39849	241.434	0	
213.118	-5.90955	242.165	0	
-213.028	-36.3844	119.614	0	
-227.084	-23.6263	127.043	0	
104.418	-32.9209	60.4979	0	
193.893	-26.273	284.418	0	
198.79	-11.3033	231.9	0	
164.664	-16.0509	355.97	0	
137.221	-21.535	135.581	0	
-55.4063	-19.7053	366.145	0	
-39.6617	-21.4213	235.726	0	
-55.6404	-37.4603	1223.87	0	
-46.9486	-23.9384	538.968	0	
-54.0171	-49.5987	1223.91	0	
-40.0237	-27.0251	669.968	0	
-43.7437	-30.8233	920.114	0	
-47.2405	-41.3975	1216.51	0	
40.9202	-31.3568	50.2208	0	
57.1462	-22.0521	100.904	0	
36.2706	-35.0705	133.841	0	
55.8475	-26.5557	103.294	0	
50.9294	-50.2925	253.377	0	
58.2199	-26.3299	186.208	0	
48.717	-34.1824	54.6541	0	
61.6289	-43.6211	593.143	0	
145.139	-16.694	234.466	0	
138.83	-47.2019	114.778	0	
-166.313	-30.8286	1046.38	0	
-64.5501	-40.5317	1281.95	0	
-8.07619	-29.4462	355.184	0	
2.86485	-39.3792	1025.36	0	
-121.72	-35.3454	1407.42	0	
-117.815	-28.0452	1403.45	0	
-108.132	-40.1782	1408.2	0	
-100.616	-21.7969	1365.75	0	
-125.886	-40.3128	1398.32	0	
-89.2301	-37.2488	1395.95	0	
-221.549	-8.49414	145.682	0	
-216.543	-14.1795	130.66	0	
-86.6087	-46.5059	1351.96	0	
120.114	-50.542	50.267	0	
-44.7154	-34.0755	1073.93	0	
-36.9897	-47.7788	1215.19	0	
-42.7532	-74.8906	560.427	0	
17.9801	-56.1871	718.334	0	
66.6859	-38.3385	824.779	0	
107.205	-35.6819	50.9325	0	
159.834	-27.8246	452.488	0	
159.905	-22.4599	425.476	0	
149.444	-38.0709	244.749	0	
174.028	-21.6643	346.924	0	
-3.66079	-44.9518	1221.13	0	
32.4749	-42.8989	330.447	0	
-96.5861	-34.9257	1408.66	0	
-96.7178	-23.638	1384.41	0	
-97.8476	-37.6201	1404.39	0	
-75.7747	-31.9425	1337.63	0	
-157.215	-39.201	1180.22	0	
-104.457	-51.579	1340.78	0	
-92.818	-32.0457	1408.04	0	
-96.6331	-40.4594	1396.53	0	
153.482	-26.1352	351.042	0	
158.991	-33.1895	427.013	0	
145.066	-52.0912	201.173	0	
154.317	-46.2331	366.641	0	
-189.093	-74.3787	191.984	0	
-63.2596	-46.2486	1249.97	0	
-94.6142	-57.1796	1275.37	0	
-87.5037	-40.0125	1382.39	0	
158.731	-39.7423	433.88	0	
179.505	-41.8783	504.009	0	
-18.295	-54.8187	1210.54	0	
140.464	-58.1267	217.12	0	
198.319	-33.6942	315.27	0	
189.308	-16.4097	234.388	0	
91.9462	-32.0904	174.325	0	
113.081	-37.3905	23.954	0	
-236.359	-10.1933	158.745	0	
148.767	-54.0554	341.057	0	
132.507	-55.6755	118.88	0	
129.288	-71.9854	307.904	0	
76.5498	-62.1224	715.652	0	
144.104	-65.6616	353.117	0	
-60.8247	-50.3608	1209.82	0	
32.389	-48.0058	365.346	0	
61.2541	-64.4239	383.426	0	
122.856	-75.2103	307.311	0	
59.904	-47.5348	547.4	0	
71.9468	-53.4096	857.792	0	
189.644	-24.569	263.866	0	
209.254	-26.9609	244.801	0	
178.328	-52.8869	552.047	0	
207.027	-60.5194	348.052	0	
-69.4229	-66.2721	894.568	0	
205.325	-50.6193	312.409	0	
231.544	-28.542	228.736	0	
-100.908	-61.727	1205.28	0	
-19.7507	-59.9453	1126.2	0	
-128.446	-52.1705	1309.63	0	
-73.7333	-65.2275	935.231	0	
-124.355	-65.8148	1009.86	0	
25.0307	-68.9114	112.069	0	
-32.9811	-58.7913	1128.6	0	
-29.7833	-74.1602	617.374	0	
-41.1171	-104.289	55.7318	0	
19.2821	-73.1134	197.649	0	
-72.837	-74.5073	600.481	0	
81.9975	-66.5554	583.284	0	
53.3641	-75.144	99.8738	0	
63.0766	-58.7219	469.867	0	
39.902	-84.6172	28.386	0	
105.899	-74.6289	379.991	0	
28.1788	-78.9656	60.2196	0	
113.286	-90.2218	371.956	0	
161.866	-71.7479	483.365	0	
-186.889	-37.4297	262.761	0	
16.6859	-42.9589	931.51	0	
-3.9859	-50.1755	1212.82	0	
-15.5162	-65.0562	1032.87	0	
5.42685	-77.208	285.596	0	
-107.648	-72.6096	908.799	0	
-23.8074	-78.4338	606.815	0	
-32.9657	-92.7555	150.085	0	
189.935	-66.142	471.892	0	
-84.4862	-85.6543	328.161	0	
179.217	-117.965	393.36	0	
-24.7529	-88.9574	212.545	0	
219.146	-44.9703	248.962	0	
216.919	-62.1168	283.464	0	
-210.948	-61.2966	133.324	0	
143.909	-94.4872	434.108	0	
70.58	-101.679	114.3	0	
87.0838	-105.551	180.481	0	
-185.899	-49.0397	297.419	0	
-100.614	-104.995	119.007	0	
-1.19526	-123.339	14.4638	0	
139.461	-108.009	397.07	0	
148.815	-107.479	421.105	0	
231.948	-74.2734	289.845	0	
-136.484	-77.7943	578.012	0	
-175.326	-61.7577	569.584	0	
-224.736	-73.9966	109.316	0	
203.326	-78.3617	389.122	0	
-121.969	-115.084	107.023	0	
137.88	-150.002	323.228	0	
89.3135	-98.4464	243.376	0	
117.267	-105.908	321.229	0	
104.829	-126.58	241.854	0	
105.638	-110.645	257.569	0	
-206.99	-85.9544	154.355	0	
-200.016	-95.3441	141.044	0	
-62.9276	-79.4236	421.054	0	
-23.8376	-106.522	36.1983	0	
125.175	-123.306	323.005	0	
87.0428	-132.483	156.026	0	
139.159	-136.201	342.685	0	
27.3702	-102.24	11.4859	0	
-25.9342	-123.74	11.7227	0	
124.334	-105.299	360.053	0	
115.942	-138.43	275.407	0	
156.154	-135.257	363.26	0	
169.846	-112.71	426.726	0	
106.578	-146.048	231.315	0	
125.955	-131.417	308.004	0	
79.2963	-138.178	138.893	0	
211.239	-143.87	334.258	0	
210.479	-104.298	336.007	0	
175.897	-74.552	498.619	0	
-61.9507	-96.7578	98.8571	0	
-69.6029	-106.502	50.6407	0	
-36.6674	-132.383	22.2805	0	
-145.579	-111.702	138.083	0	
-83.8813	-157.425	54.6185	0	
183.062	-127.568	375.228	0	
-210.002	-124.005	143.989	0	
207.789	-131.524	340.591	0	
230.345	-132.201	329.865	0	
173.011	-155.028	366.905	0	
223.59	-143.435	326.128	0	
-79.4516	-134.999	32.3779	0	
-73.9862	-151.716	20.2703	0	
-8.43521	-155.073	17.284	0	
59.0702	-140.318	50.2534	0	
-150.247	-155.275	135.532	0	
-159.691	-1.63994	169.098	0	
-159.299	-1.21961	196.385	0	
-159.89	-0.594803	161.644	0	
-159.347	-0.301598	251.093	0	
-159.641	-1.02311	180.944	0	
-158.956	-1.88048	175.12	0	
-158.539	-1.16326	237.102	0	
-159.047	-2.27225	171.331	0	
-158.462	-2.36939	179.466	0	
-158.224	-0.877314	258.783	0	
-159.07	-0.150799	266.394	0	
-160.353	-1.82546	150.031	0	
-159.102	-4.21485	181.621	0	
-157.963	-2.26536	191.206	0	
-157.481	-1.68453	228.011	0	
-158.638	-1.78433	193.079	0	
-158.422	-2.07182	189.066	0	
-158.094	-1.52713	219.684	0	
-158.502	-0.246865	273.898	0	
-159.03	-0.699263	240.786	0	
-158.822	-0.397664	284.336	0	
-159.652	-0.150799	246.928	0	
-159.928	-0.306435	224.349	0	
-160.104	-1.14021	137.816	0	
-159.614	-0.740765	207.35	0	
-161.173	-1.0416	129.442	0	
-160.161	-0.757201	165.241	0	
-160.657	-1.18686	126.973	0	
-160.357	-1.37863	149.248	0	
-159.299	-1.58617	181.51	0	
-160.445	-0.644363	104.349	0	
-160.522	-0.331167	110.345	0	
-160.871	-0.17553	107.426	0	
-160.276	-0.155636	79.9819	0	
-161.002	-0.720652	118	0	
-160.688	-0.835603	125.136	0	
-161.108	-0.373776	103.617	0	
-160.996	-1.85822	164.085	0	
-160.706	-2.12177	152.986	0	
-162.188	-0.275074	177.115	0	
-161.799	-0.47332	127.96	0	
-161.964	-1.50318	180.923	0	
-161.071	-3.15648	197.82	0	
-160.199	-2.7086	158.734	0	
-161.487	-0.198246	141.243	0	
-160.063	-2.1381	158.471	0	
-163.25	-0.251932	235.818	0	
-161.599	-2.06306	169.977	0	
-159.728	-2.04623	159.638	0	
-159.033	-2.9988	164.204	0	
-160.638	-2.70413	175.586	0	
-159.399	-2.81008	161.303	0	
-158.909	-3.4112	162.811	0	
-158.484	-3.5018	163.919	0	
-161.196	-3.95291	241.705	0	
-159.94	-3.88357	200.347	0	
-159.162	-3.69691	174.553	0	
-158.338	-3.95858	167.714	0	
-156.87	-4.00441	165.853	0	
-157.819	-2.76186	172.202	0	
-158.043	-2.50793	183.841	0	
-158.172	-2.01846	197.415	0	
-158.768	-2.47366	168.887	0	
-158.446	-2.81438	169.843	0	
-157.893	-3.12756	170.081	0	
-157.043	-1.88898	221.615	0	
-157.655	-3.45233	163.841	0	
-157.319	-2.91024	176.766	0	
-157.684	-2.20671	198.611	0	
-157.554	-2.72264	183.333	0	
-156.728	-1.76239	232.392	0	
-157.496	-0.407723	288.959	0	
-157.346	-3.27423	171.491	0	
-157.165	-2.44479	191.123	0	
-156.852	-3.20839	175.923	0	
-156.823	-2.9203	177.901	0	
-156.444	-3.33678	174.883	0	
-155.801	-2.55349	195.561	0	
-156.398	-2.68273	191.361	0	
-157.013	-2.23551	208.434	0	
-155.681	-2.01747	218.11	0	
-156.278	-1.57429	244.122	0	
-159.722	-3.51701	164.099	0	
-157.847	-0.198932	268.935	0	
-159.496	-4.38638	186.488	0	
-159.66	-4.85195	217.942	0	
-158.113	-4.89702	173.639	0	
-157.858	-1.30138	240.847	0	
-157.368	-1.00225	266.72	0	
-157.193	-1.66803	239.086	0	
-157.149	-0.208791	342.987	0	
-157.667	-1.91142	211.016	0	
-157.591	-1.31707	252.121	0	
-155.821	-0.697212	288.978	0	
-157.034	-1.30684	254.83	0	
-156.288	-3.49085	172.113	0	
-155.636	-3.55071	167.951	0	
-155.476	-2.2635	208.352	0	
-154.984	-1.68541	231.451	0	
-156.484	-1.98005	218.89	0	
-156.799	-0.418071	345.61	0	
-156.751	-1.27627	270.943	0	
-156.166	-1.88243	227.694	0	
-156.596	-1.51086	246.01	0	
-156.608	-0.978441	292.61	0	
-157.099	-1.00853	285.276	0	
-156.139	-1.29966	265.489	0	
-156.525	-0.20928	337.908	0	
-155.93	-2.06816	211.785	0	
-155.855	-1.31455	256.737	0	
-155.047	-0.897547	269.134	0	
-156.227	-0.352878	313.403	0	
-156.616	-3.93719	166.157	0	
-155.937	-4.24305	161.297	0	
-155.428	-3.74661	163.489	0	
-155.305	-2.72738	187.826	0	
-155.974	-2.3616	202.82	0	
-155.553	-2.50608	193.545	0	
-156.328	-2.44238	201.321	0	
-156.121	-2.82531	187.45	0	
-155.395	-2.96483	179.479	0	
-154.694	-1.82879	230.463	0	
-156.18	-3.05023	181.78	0	
-155.599	-3.34313	172.666	0	
-156.393	-3.11419	180.434	0	
-156.079	-3.42647	173.1	0	
-155.72	-2.96689	181.608	0	
-156.023	-3.20844	177.727	0	
-156.578	-2.87893	183.857	0	
-156.659	-3.38959	172.807	0	
-155.053	-3.37621	166.376	0	
-154.581	-2.25276	208.312	0	
-155.898	-3.59917	168.983	0	
-155.806	-3.17356	177.206	0	
-156.728	-3.5903	170.31	0	
-156.562	-3.75015	168.534	0	
-156.169	-3.85343	165.735	0	
-155.524	-3.99573	160.932	0	
-157.124	-3.38965	169.285	0	
-157.029	-3.64403	168.836	0	
-156.41	-4.16684	163.312	0	
-155.94	-3.81346	166.047	0	
-157.987	-4.0771	163.231	0	
-157.247	-4.38216	167.7	0	
-156.582	-4.47107	162.162	0	
-156.045	-4.85762	161.719	0	
-156.188	-4.12972	163.482	0	
-155.774	-4.01411	162.374	0	
-157.419	-4.01779	163.338	0	
-156.901	-4.34934	162.625	0	
-155.196	-2.20419	206.139	0	
-154.924	-2.68179	186.972	0	
-155.287	-4.29824	154.73	0	
-154.732	-3.35215	167.874	0	
-157.711	-3.83359	167.082	0	
-157.872	-4.56835	173.483	0	
-155.819	-4.56275	155.96	0	
-153.61	-4.00751	152.917	0	
-155.145	-3.70129	164.456	0	
-154.999	-4.28022	154.997	0	
-153.976	-1.23505	268.741	0	
-155.702	-0.98513	272.226	0	
-154.613	-3.00694	175.832	0	
-154.092	-2.66732	191.584	0	
-158.592	-4.83312	189.953	0	
-157.128	-5.80897	194.455	0	
-154.602	-4.55901	150.981	0	
-154.565	-3.98725	154.899	0	
-155.222	-5.05792	153.71	0	
-152.93	-4.71335	148.803	0	
-156.459	-4.8061	162.553	0	
-155.492	-5.43589	161.108	0	
-153.358	-2.39926	206.44	0	
-154.213	-2.34774	201.373	0	
-156.315	-0.938408	283.805	0	
-155.586	-0.488091	294.096	0	
-155.952	-0.143598	314.978	0	
-155.434	-1.04008	262.819	0	
-155.312	-0.103377	283.606	0	
-155.597	-1.52683	245.635	0	
-154.863	-0.742588	282.807	0	
-155.174	-1.9124	222.973	0	
-155.094	-1.33933	246.22	0	
-154.608	-0.89532	283.872	0	
-154.362	-0.390047	314.172	0	
-155.639	-0.246976	296.556	0	
-155.281	-0.556251	284.203	0	
-155.248	-0.820325	272.582	0	
-154.908	-0.424251	281.102	0	
-154.967	-1.13289	264.618	0	
-154.664	-1.12993	265.321	0	
-154.501	-1.47975	246.433	0	
-154.338	-0.754536	307.409	0	
-154.06	-0.177554	331.132	0	
-152.899	-0.839853	281.422	0	
-154.014	-0.88571	299.222	0	
-154.206	-1.55954	250.648	0	
-152.812	-0.20018	323.126	0	
-153.967	-2.13711	216.34	0	
-153.46	-1.88066	230.254	0	
-153.765	-0.344659	327.143	0	
-153.743	-0.688325	316.864	0	
-158.968	-5.38685	210.864	0	
-158.047	-5.92082	209.75	0	
-156.747	-6.69764	209.174	0	
-155.388	-5.96731	171.344	0	
-156.69	-5.14734	166.884	0	
-156.31	-6.19135	193.629	0	
-157.147	-5.11343	175.77	0	
-156.536	-5.83042	175.779	0	
-155.915	-5.30917	160.467	0	
-156.322	-5.48363	173.469	0	
-157.889	-5.33273	193.409	0	
-157.553	-6.24114	205.896	0	
-154.002	-3.34449	167.516	0	
-153.639	-2.71292	184.082	0	
-154.436	-3.73209	159.733	0	
-152.865	-3.8497	158.144	0	
-152.805	-2.02111	228.074	0	
-153.253	-1.65174	247.386	0	
-152.486	-1.41799	245.384	0	
-151.892	-1.28597	257.451	0	
-153.455	-0.167105	329.66	0	
-153.143	-0.367286	332.705	0	
-153.166	-0.649243	304.881	0	
-153.457	-0.792729	302.639	0	
-153.003	-1.07119	272.2	0	
-152.982	-1.66897	234.428	0	
-152.575	-0.868631	271.68	0	
-152.964	-2.37441	198.924	0	
-152.214	-1.72843	240.509	0	
-152.708	-2.75198	195.39	0	
-152.373	-2.01518	213.233	0	
-152.848	-3.09992	173.889	0	
-151.927	-3.20518	183.879	0	
-159.467	-5.43006	232.175	0	
-159.191	-8.57299	412.047	0	
-154.945	-6.10838	164.286	0	
-154.694	-4.99862	150.03	0	
-153.425	-1.32131	258.248	0	
-153.717	-1.73347	237.799	0	
-154.021	-1.8555	229.824	0	
-153.566	-2.14304	210.103	0	
-151.776	-1.64339	238.052	0	
-152.343	-1.16536	253.968	0	
-151.375	-2.28523	212.087	0	
-151.066	-1.08519	270.348	0	
-153.252	-3.26329	168.953	0	
-153.25	-3.76502	162.36	0	
-152.672	-4.29611	155.662	0	
-152.203	-3.56745	165.823	0	
-151.454	-3.26038	178.043	0	
-151.078	-2.72393	209.159	0	
-149.749	-1.41377	237.623	0	
-150.859	-1.5246	258.03	0	
-150.312	-0.183316	319.612	0	
-151.637	-0.187913	311.527	0	
-153.474	-4.73336	147.136	0	
-151.963	-4.84492	155.135	0	
-150.307	-0.916578	257.909	0	
-150.581	-0.705549	297.115	0	
-150.581	-0.338918	292.663	0	
-150.894	-0.155603	306.048	0	
-150.89	-0.762469	289.653	0	
-150.376	-1.66189	234.389	0	
-148.835	-0.420519	245.828	0	
-150.257	-2.26552	228.16	0	
-148.6	-1.88984	229.81	0	
-149.062	-0.145364	243.76	0	
-150	-0.36376	255.329	0	
-153.613	-5.34076	152.539	0	
-152.054	-0.187913	242.37	0	
-153.127	-5.69847	152.24	0	
-151.495	-4.95936	154.394	0	
-151.173	-4.62904	160.657	0	
-149.726	-2.29694	211.071	0	
-149.949	-3.36158	181.611	0	
-149.017	-1.6532	239.364	0	
-148.386	-1.16175	251.939	0	
-149.682	-0.978592	252.792	0	
-149.375	-0.325809	243.516	0	
-149.375	-0.757325	236.296	0	
-157.398	-6.76888	242.867	0	
-162.646	-0.527006	231.336	0	
-156.348	-7.28847	231.583	0	
-153.759	-4.39051	150.473	0	
-154.028	-3.73084	158.582	0	
-160.619	-4.2011	207.322	0	
-160.762	-5.61786	283.931	0	
-151.41	-4.15267	159.381	0	
-151.197	-3.76323	173.364	0	
-149.955	-4.33235	164.986	0	
-149.099	-3.91858	168.622	0	
-151.781	-0.976975	262.755	0	
-151.425	-0.428148	290.037	0	
-154.266	-6.91313	180.614	0	
-150.546	-5.19067	158.474	0	
-151.334	-5.52702	154.959	0	
-150.843	-5.65806	159.796	0	
-150.44	-4.32011	167.34	0	
-150.685	-3.8304	166.351	0	
-151.859	-5.79029	158.825	0	
-152.959	-6.46951	169.202	0	
-150.628	-6.30675	163.152	0	
-149.784	-5.81297	161.835	0	
-147.96	-3.10134	203.812	0	
-148.53	-2.38477	222.122	0	
-148.197	-1.55475	242.19	0	
-148.907	-1.21729	242.269	0	
-147.75	-1.70467	230.927	0	
-147.313	-1.03325	234.243	0	
-164.092	-0.541231	275.204	0	
-163.112	-1.52992	263.38	0	
-158.954	-6.80796	279.733	0	
-156.464	-8.15974	296.059	0	
-155.033	-8.73364	290.99	0	
-153.394	-7.39614	199.115	0	
-162.236	-4.37606	301.347	0	
-161.698	-5.9303	355.665	0	
-150.012	-5.2815	160.89	0	
-148.775	-3.4716	196.309	0	
-153.043	-7.93805	225.856	0	
-152.297	-6.88203	174.524	0	
-149.664	-3.84384	178.814	0	
-148.946	-2.82467	198.044	0	
-146.885	-0.878244	213.851	0	
-147.607	-0.375249	244.422	0	
-146.48	-1.54764	220.375	0	
-146.49	-1.09452	231.686	0	
-145.213	-1.75941	223.543	0	
-145.677	-1.0636	231.007	0	
-146.895	-1.76615	223.528	0	
-146.453	-2.96444	203.45	0	
-144.757	-1.06503	238.074	0	
-146.174	-0.422764	238.909	0	
-145.213	-0.835306	227.966	0	
-145.664	-0.201796	281.369	0	
-147.333	-1.46803	227.816	0	
-148.088	-2.57094	209.793	0	
-145.639	-2.95197	204.24	0	
-146.058	-2.24757	214.543	0	
-148.232	-3.56209	183.343	0	
-147.295	-2.47445	209.933	0	
-147.017	-3.25767	194.733	0	
-146.432	-4.56868	183.042	0	
-145.234	-3.17736	198.665	0	
-144.796	-1.52277	218.587	0	
-147.997	-4.08373	182.086	0	
-147.037	-3.79173	191.376	0	
-146.029	-3.6543	193.437	0	
-146.465	-3.96331	184.88	0	
-145.629	-3.88352	188.593	0	
-144.407	-3.71117	194.558	0	
-144.803	-2.49309	211.147	0	
-143.546	-1.7746	218.423	0	
-145.254	-4.56217	183.538	0	
-144.815	-3.91711	188.704	0	
-143.967	-3.98115	186.264	0	
-143.58	-3.25696	195.097	0	
-144.376	-2.26055	214.007	0	
-143.998	-3.02882	203.457	0	
-145.248	-5.18074	180.918	0	
-143.427	-4.88205	176.654	0	
-143.936	-4.55281	186.669	0	
-142.986	-4.54056	186.3	0	
-143.195	-2.99737	202.492	0	
-143.981	-2.53549	209.481	0	
-142.697	-1.78701	215.576	0	
-143.141	-1.05784	220.724	0	
-145.985	-5.32543	181.991	0	
-145.614	-6.18318	191.755	0	
-144.677	-5.31803	185.032	0	
-143.627	-5.66107	186.289	0	
-142.793	-3.14799	194.924	0	
-142.281	-1.55037	209.651	0	
-141.757	-0.879906	189.342	0	
-143.622	-0.432073	215.024	0	
-144.475	-0.213747	155.68	0	
-143.962	-1.09809	221.299	0	
-143.077	-3.94137	185.032	0	
-141.124	-3.72469	192.27	0	
-142.304	-2.56022	205.696	0	
-141.781	-2.34113	205.252	0	
-142.686	-0.839556	215.678	0	
-143.136	-0.199548	268.616	0	
-145.139	-0.415542	258.993	0	
-144.336	-0.877788	199.407	0	
-141.512	-4.17312	181.42	0	
-142.033	-4.14715	186.061	0	
-141.959	-3.29414	194.453	0	
-142.224	-3.73055	187.261	0	
-148.107	-0.149491	287.612	0	
-148.193	-0.800619	258.813	0	
-162.588	-5.25556	369.877	0	
-160	-8.4888	436.981	0	
-150.104	-6.37084	170.545	0	
-149.003	-5.70048	166.278	0	
-141.067	-2.85618	202.115	0	
-141.042	-1.7523	206.955	0	
-140.522	-3.84327	184.985	0	
-140.457	-2.18757	206.66	0	
-142.426	-4.65354	179.418	0	
-142.224	-6.09965	177.046	0	
-149.709	-7.05011	183.694	0	
-148.582	-6.16553	168.203	0	
-141.016	-1.05918	208.668	0	
-141.459	-1.58423	205.269	0	
-140.881	-2.11811	206.217	0	
-140.108	-1.52057	216.189	0	
-140.312	-0.180445	253.27	0	
-142.188	-0.215758	170.043	0	
-140.312	-0.902224	219.284	0	
-140.715	-0.773966	226.931	0	
-141.445	-0.232632	174.256	0	
-140.715	-0.413077	222.548	0	
-142.615	-0.415306	237.756	0	
-142.259	-1.07152	214.385	0	
-140.416	-1.32137	214.943	0	
-139.367	-0.368081	188.417	0	
-139.413	-2.60595	209.14	0	
-139.693	-1.28762	209.496	0	
-139.055	-0.187659	178.575	0	
-140	-0.360867	229.814	0	
-137.93	-2.53914	214.66	0	
-139.368	-1.48718	213.792	0	
-139.049	-1.29991	207.416	0	
-138.698	-0.755164	197.755	0	
-139.054	-0.927111	203.152	0	
-137.996	-0.883151	214.102	0	
-138.186	-0.194684	216.331	0	
-140	-0.721756	208.961	0	
-139.687	-0.907943	212.246	0	
-138.833	-2.57548	212.638	0	
-137.701	-1.66228	220.837	0	
-138.633	-1.36479	210.815	0	
-138.393	-0.999021	209.656	0	
-141.274	-2.478	201.783	0	
-140.472	-2.65321	203.177	0	
-137.698	-1.18739	219.471	0	
-136.977	-1.57338	218.279	0	
-137.989	-1.88939	218.762	0	
-137.025	-0.807698	202.661	0	
-137.204	-1.16217	214.592	0	
-136.381	-0.716214	186.975	0	
-138.429	-2.87452	209.19	0	
-137.493	-2.81561	208.87	0	
-136.381	-1.50597	208.439	0	
-135.964	-1.00328	208.323	0	
-139.161	-3.91771	193.247	0	
-137.135	-2.40251	214.356	0	
-137.32	-3.51408	198.75	0	
-136.307	-3.10513	201.665	0	
-139.402	-6.13154	178.422	0	
-138.916	-5.39319	182.26	0	
-162.63	-1.25864	205.032	0	
-162.565	-3.4763	280.191	0	
-155.191	-7.35919	199.597	0	
-154.02	-5.70697	149.099	0	
-153.831	-8.50014	265.359	0	
-153.951	-6.41585	174.294	0	
-153.977	-7.43122	204.493	0	
-153.376	-6.82069	173.677	0	
-154.107	-7.95146	233.886	0	
-153.349	-8.52181	254.408	0	
-154.826	-7.9976	255.945	0	
-155.798	-8.97046	319.944	0	
-154.183	-10.0023	379.659	0	
-150.046	-7.83239	211.117	0	
-157.702	-9.36288	414.168	0	
-153.2	-10.1599	371.366	0	
-165.125	-0.240714	354.07	0	
-164.673	-0.856898	333.95	0	
-158.795	-9.51454	464.064	0	
-157.35	-8.36437	327.084	0	
-161.742	-2.77896	228.543	0	
-163.339	-3.10663	326.081	0	
-152.362	-7.77511	201.997	0	
-151.844	-9.1758	262.898	0	
-140.526	-5.10277	171.11	0	
-137.848	-4.00586	189.085	0	
-150.838	-7.68977	191.286	0	
-146.746	-7.95056	221.676	0	
-135.217	-2.51583	209.696	0	
-136.569	-2.53849	211.744	0	
-150.167	-11.5467	464.307	0	
-152.871	-9.33723	321.446	0	
-139.324	-4.63764	177.306	0	
-138.144	-5.53619	169.3	0	
-136.382	-4.29823	185.833	0	
-135.689	-3.37337	196.67	0	
-137.61	-4.85477	183.071	0	
-134.597	-4.19409	183.187	0	
-71.1089	-0.463959	147.958	0	
-70.3495	-0.895475	158.257	0	
-71.7339	-0.298492	157.836	0	
-71.3172	-1.39816	162.133	0	
-69.9328	-1.39816	192.366	0	
-69.0995	-1.32754	154.681	0	
36.25	-0.733115	279.714	0	
37.2917	-1.40127	235.175	0	
33.75	-0.733115	209.664	0	
34.7917	-1.40127	218.92	0	
-136.25	-0.309913	200.798	0	
-135.109	-0.715414	200.528	0	
141.63	-0.549836	234.003	0	
142.283	-1.03873	233.874	0	
140.312	-0.215758	247.82	0	
142.119	-0.553858	233.015	0	
141.04	-1.16738	226.877	0	
139.691	-0.18999	225.835	0	
141.005	-0.248238	250.158	0	
139.985	-0.766958	232.964	0	
139.665	-1.2602	226.528	0	
141.866	-1.64065	226.649	0	
141.129	-3.21041	195.852	0	
141.319	-1.99842	216.022	0	
100.141	-0.463959	170.251	0	
100.901	-0.895475	182.784	0	
99.5161	-0.298492	191.366	0	
99.9328	-1.39816	234.675	0	
101.317	-1.39816	221.575	0	
102.151	-1.33328	189.596	0	
-93.5786	-0.549836	202.432	0	
-93.1266	-1.2741	200.863	0	
-94.4414	-0.197544	209.125	0	
-93.9599	-1.16738	206.833	0	
-95.31	-0.184751	244.029	0	
-94.27	-0.877298	207.397	0	
-95.1464	-1.29758	231.108	0	
-93.1266	-1.64065	194.132	0	
-94.598	-2.58285	178.886	0	
-93.8871	-1.87135	195.307	0	
-92.7065	-1.88048	186.702	0	
-92.2888	-1.16326	209.75	0	
-92.8308	-2.41176	175.961	0	
-91.9643	-2.3182	180.384	0	
-91.9743	-0.877314	219.035	0	
-92.6686	-0.548463	219.505	0	
-93.2773	-2.42228	177.745	0	
-92.6137	-3.57217	157.02	0	
-91.5428	-2.45622	178.64	0	
-91.1328	-1.82718	198.196	0	
-91.5495	-1.59054	203.091	0	
-91.8057	-0.198932	225.288	0	
-91.4451	-2.92935	167.689	0	
-90.6271	-3.0159	168.175	0	
-90.1824	-1.73877	201.444	0	
-91.5605	-1.11538	215.866	0	
-91.7964	-3.24132	160.921	0	
-91.448	-4.00343	156.285	0	
-90.151	-3.286	163.447	0	
-89.7657	-1.43724	213.751	0	
-89.8849	-0.755207	231.266	0	
-90.7152	-0.230585	233.607	0	
-91.234	-0.914448	222.96	0	
-90.3918	-0.619161	226.537	0	
-92.344	-3.11026	161.369	0	
-93.0427	-3.72399	152.633	0	
-93.1514	-4.47683	151.782	0	
-92.2584	-3.99924	155.162	0	
-93.8009	-4.43502	155.667	0	
-91.7895	-5.78474	176.168	0	
-93.048	-5.95763	177.23	0	
-91.0264	-4.86542	165.324	0	
-91.4736	-4.54038	157.368	0	
-90.6349	-4.67834	158.154	0	
-91.9428	-4.79089	160.041	0	
-92.7998	-5.4102	171.608	0	
-90.1892	-4.98816	171.186	0	
-89.5935	-3.91557	159.397	0	
-90.1421	-3.84874	158.714	0	
-89.363	-4.37657	157.59	0	
-88.6563	-4.36262	162.452	0	
-88.3051	-3.83282	160.892	0	
-89.6432	-2.58664	181.141	0	
-88.9281	-2.08381	193.341	0	
-90.7451	-6.99627	210.979	0	
-92.1692	-5.32537	168.375	0	
-90.0892	-5.67916	174.015	0	
-89.2007	-5.32107	171.525	0	
-91.1158	-5.5753	172.046	0	
-90.6243	-6.07921	199.985	0	
-89.2533	-6.71494	206.163	0	
-88.4705	-4.85352	167.356	0	
-88.7143	-5.37206	173.848	0	
-87.9208	-4.93949	173.601	0	
-87.364	-3.44933	166.495	0	
-87.6486	-2.16645	196.061	0	
-92.6912	-6.48984	216.078	0	
-92.0632	-6.40177	201.048	0	
-88.1872	-5.82933	194.48	0	
-87.5785	-4.52367	163.5	0	
-92.8829	-7.30188	255.306	0	
-89.9478	-7.39857	279.332	0	
-87.6856	-5.5102	171.704	0	
-86.7701	-5.11482	169.869	0	
-87.014	-4.58726	167.849	0	
-87.0995	-5.62193	188.919	0	
-86.5298	-4.15485	165.077	0	
-86.4614	-2.60939	176.367	0	
-93.6643	-7.51822	254.186	0	
-94.0395	-8.55162	351.454	0	
-92.1166	-7.77626	288.647	0	
-90.5854	-10.8378	657.041	0	
-84.5348	-4.20964	165.316	0	
-86.1355	-3.19136	171.783	0	
-87.532	-6.99302	243.47	0	
-85.9371	-6.36295	196.253	0	
-83.9213	-3.65107	166.86	0	
-85.3897	-3.39702	166.27	0	
-85.4722	-7.86402	286.308	0	
-85.673	-5.50651	183.114	0	
-103.37	-0.549836	240.682	0	
-103.127	-1.2741	233.887	0	
-104.688	-0.215758	238.46	0	
-102.877	-0.548463	241.283	0	
-103.96	-1.16738	222.718	0	
-105.208	-0.765705	218.444	0	
-103.995	-0.248238	230.82	0	
-104.896	-1.01391	217.084	0	
-104.577	-1.88613	205.115	0	
-103.127	-1.64065	223.325	0	
-106.038	-3.83863	155.4	0	
-103.673	-1.96188	210.547	0	
-102.6	-1.98015	219.405	0	
-102.289	-1.16326	247.516	0	
-103.79	-3.27468	177.054	0	
-101.714	-3.17478	183.171	0	
-101.974	-0.877314	260.71	0	
-102.669	-0.246865	244.235	0	
-101.603	-0.995869	254.915	0	
-101.806	-0.198932	267.746	0	
-101.75	-1.92294	232.155	0	
-100.944	-0.916272	248.561	0	
-101.453	-2.46168	192.824	0	
-100.879	-2.35629	209.402	0	
-100.626	-0.73469	234.771	0	
-101.286	-0.383151	263.534	0	
-100.245	-1.49799	210.347	0	
-100.234	-0.960105	215.046	0	
-98.9167	-1.71859	156.348	0	
-100.312	-0.18384	226.899	0	
-99.6875	-0.17941	188.288	0	
-98.4759	-0.989685	163.893	0	
-99.9991	-0.36325	208.652	0	
-99.3594	-1.42736	170.743	0	
-98.7884	-0.719937	167.737	0	
-99.4635	-0.938615	175.594	0	
-99.0625	-0.161768	167.868	0	
-99.375	-0.341178	161.365	0	
-98.039	-0.885863	183.77	0	
-98.2052	-0.208597	175.33	0	
-97.7197	-1.25422	181.932	0	
-97.0212	-0.787084	226.731	0	
-100.084	-3.08198	156.592	0	
-99.8283	-1.79951	177.349	0	
-105.035	-1.44665	213.335	0	
-105.574	-1.6511	204.104	0	
-106.045	-1.39625	209.943	0	
-107.4	-2.1942	197.586	0	
-106.087	-0.977446	209.386	0	
-106.414	-0.373115	211.62	0	
-106.117	-3.1159	166.059	0	
-105.867	-2.53578	185.764	0	
-105.312	-0.183316	208.757	0	
-106.875	-0.155956	229.144	0	
-105	-0.399074	217.413	0	
-105.997	-0.217159	211.563	0	
-107.319	-0.409019	238.294	0	
-106.503	-0.766771	221.424	0	
-105.685	-0.400474	208.052	0	
-108.438	-0.215758	219.824	0	
-107.704	-1.17865	228.063	0	
-109.375	-0.233607	223.339	0	
-107.735	-0.253062	221.822	0	
-108.895	-0.86823	225.47	0	
-107.82	-1.59968	217.941	0	
-106.933	-1.55588	215.881	0	
-110	-0.600238	235.866	0	
-108.478	-1.06614	227.528	0	
-108.551	-1.58977	221.148	0	
-107.816	-2.44271	191.908	0	
-109.208	-1.32063	225.961	0	
-108.968	-1.82641	212.283	0	
-109.087	-2.35531	191.671	0	
-108.237	-2.33014	196.178	0	
-107.693	-2.90089	177.03	0	
-106.87	-2.44967	184.442	0	
-109.576	-2.47015	178.051	0	
-109.12	-3.33153	164.138	0	
-108.659	-3.03211	174.531	0	
-108.997	-3.98062	152.205	0	
-110.283	-1.7002	205.562	0	
-110.204	-3.04057	160.48	0	
-108.346	-4.37698	149.367	0	
-108.102	-3.21661	167.095	0	
-107.286	-3.96079	159.063	0	
-107.912	-3.91239	154.823	0	
-111.117	-1.46356	194.377	0	
-111.517	-1.87069	183.422	0	
-109.549	-4.42366	146.786	0	
-108.182	-5.50929	155.584	0	
-112.275	-1.87344	194.493	0	
-113.064	-2.91257	184.348	0	
-102.202	-5.0828	159.885	0	
-102.408	-3.30081	175.28	0	
-102.751	-2.59156	197.429	0	
-103.078	-4.57447	159.061	0	
-112.279	-4.52609	152.951	0	
-111.274	-4.7043	139.064	0	
-103.48	-2.57055	191.301	0	
-103.071	-3.84598	169.245	0	
-130	-0.733115	232.98	0	
-128.958	-1.40127	208.172	0	
-135.104	-0.348783	209.065	0	
-134.372	-0.368067	189.193	0	
-134.688	-0.183316	186.158	0	
-133.992	-1.44766	203.528	0	
-133.983	-0.962924	199.86	0	
-135.231	-1.47589	211.369	0	
-134.693	-0.916578	204.795	0	
-132.717	-1.62347	214.974	0	
-133.726	-0.374251	189.32	0	
-135.515	-1.97709	213.188	0	
-134.123	-3.19932	195.993	0	
-133.2	-0.956174	203.509	0	
-133.208	-0.1895	195.228	0	
-133.117	-1.43483	205.65	0	
-132.36	-0.721763	218.418	0	
-132.649	-2.19405	207.008	0	
-131.287	-1.43735	203.326	0	
-133.041	-2.57534	207.144	0	
-132.584	-3.45954	191.748	0	
-131.733	-2.20964	207.785	0	
-130.128	-1.87522	219.464	0	
-134.503	-1.71386	212.607	0	
-134.622	-2.31748	206.543	0	
-133.568	-2.31912	205.534	0	
-134.104	-2.62122	208.277	0	
-132.537	-4.33394	178.839	0	
-129.764	-3.91215	183.085	0	
-131.088	-2.38501	207.777	0	
-130.85	-3.14684	199.721	0	
-135.238	-3.10884	199.058	0	
-135.222	-4.57964	178.184	0	
-133.933	-4.21813	180.764	0	
-133.275	-7.54345	192.197	0	
-131.711	-4.44017	179.309	0	
-130.168	-4.83618	170.659	0	
-129.769	-2.51181	201.824	0	
-130.194	-3.24468	199.079	0	
-135.738	-4.13868	185.064	0	
-135.347	-5.30101	174.938	0	
-135.105	-6.67869	188.353	0	
-133.34	-4.77066	172.552	0	
-96.25	-0.36376	266.281	0	
-95.6225	-0.368067	266.825	0	
-95.9375	-0.183316	245.822	0	
-95.3053	-0.920708	249.749	0	
-94.9597	-0.382295	256.463	0	
-97.3337	-0.245749	215.429	0	
-97.0212	-0.426194	273.288	0	
-96.5652	-1.28335	234.568	0	
-95.9375	-0.913707	258.664	0	
-95.94	-1.27666	237.865	0	
-94.6451	-0.998386	230.279	0	
-97.3031	-1.1836	231.254	0	
-96.5625	-0.180445	234.231	0	
-95.8428	-1.97917	213.516	0	
-95.4931	-2.4989	190.859	0	
-94.7298	-1.36247	218.481	0	
-97.82	-2.06779	163.578	0	
-96.5969	-2.06434	199.234	0	
-96.2606	-1.86147	220.545	0	
-95.6291	-1.5893	231.5	0	
-94.9777	-1.99198	209.661	0	
-94.6366	-1.96134	196.272	0	
-97.3252	-2.11605	176.141	0	
-96.9761	-2.73135	167.508	0	
-95.1213	-2.30209	189.705	0	
-94.4519	-2.24236	189.96	0	
-95.8289	-2.38367	201.653	0	
-95.101	-2.92521	175.319	0	
-94.0971	-2.22638	181.258	0	
-94.1043	-1.5649	196.571	0	
-96.6169	-2.47265	188.919	0	
-96.2339	-3.2427	171.014	0	
-94.8923	-3.39023	164.637	0	
-94.4439	-3.42747	162.284	0	
-93.9882	-2.68508	174.644	0	
-93.4975	-1.89375	184.443	0	
-97.9904	-1.70934	174.878	0	
-97.6699	-2.76465	155.229	0	
-97.3038	-2.5543	171.198	0	
-96.9427	-3.19322	159.935	0	
-96.6299	-4.48877	144.932	0	
-95.1193	-3.91957	153.556	0	
-95.6311	-3.90775	157.501	0	
-94.3741	-4.92737	143.989	0	
-93.4704	-3.44989	159.884	0	
-94.3244	-2.93336	169.149	0	
-98.5001	-1.48195	163.64	0	
-98.9291	-2.26863	153.543	0	
-97.7547	-3.20228	150.18	0	
-97.3551	-3.4538	150.704	0	
-98.2013	-3.33579	139.427	0	
-98.3521	-5.62433	174.818	0	
-96.7685	-3.95778	153.886	0	
-96.5507	-3.50294	154.825	0	
-98.4881	-2.55996	144.737	0	
-99.4526	-4.67735	146.711	0	
-98.4958	-3.77986	141.902	0	
-99.0429	-3.76761	139.719	0	
-99.826	-2.28625	170.206	0	
-98.57	-3.0078	144.937	0	
-100.362	-2.58835	163.681	0	
-99.4142	-3.01133	149.166	0	
-100.482	-3.53719	146.619	0	
-98.4211	-4.25101	134.354	0	
-99.3703	-5.58565	170.506	0	
-99.5243	-4.235	139.695	0	
-99.7514	-5.17926	154.676	0	
-98.9128	-5.30006	146.906	0	
-100.462	-5.40217	165.78	0	
-101.295	-6.92381	219.234	0	
-99.5958	-6.34481	182.412	0	
-100.409	-6.20293	186.312	0	
-97.7853	-5.02369	138.407	0	
-97.1114	-5.14582	157.011	0	
-47.3589	-0.463959	193.484	0	
-46.5995	-0.895475	195.326	0	
-48.2103	-0.209822	142.71	0	
-47.8128	-1.27655	177.459	0	
-46.6322	-1.6377	209.087	0	
-45.3495	-1.32754	190.97	0	
-47.7078	-1.97487	198.119	0	
-47.369	-1.26208	188.09	0	
-47.8859	-2.34773	213.685	0	
-47.0484	-2.36539	222.15	0	
-48.3059	-2.37765	207.49	0	
-47.8902	-3.08742	254.626	0	
-46.6279	-2.40726	242.312	0	
-46.4095	-2.0227	219.751	0	
-48.543	-2.03758	194.492	0	
-48.9576	-2.76255	216.343	0	
-47.677	-3.54177	270.369	0	
-46.5952	-3.29184	290.698	0	
-47.0617	-3.12567	264.273	0	
-45.8834	-3.00732	286.309	0	
-45.9644	-1.49875	212.535	0	
-46.3811	-1.26211	209.558	0	
-48.3691	-1.67901	184.504	0	
-49.1927	-1.67047	182.733	0	
-49.1878	-3.12378	224.444	0	
-48.9715	-3.49757	252.263	0	
-48.092	-3.79146	288.321	0	
-47.3863	-4.52922	338.131	0	
-45.8408	-4.17845	363.207	0	
-45.7312	-2.46853	254.607	0	
-47.954	-1.64621	186.681	0	
-48.0964	-0.954304	167.478	0	
-47.8609	-0.508314	157.715	0	
-48.744	-0.419376	174.031	0	
-49.6076	-1.64352	178.952	0	
-49.8268	-2.02256	185.803	0	
-49.6087	-2.893	218.328	0	
-50.0307	-3.61051	239.042	0	
-48.9484	-4.23555	293.134	0	
-48.0761	-4.27001	308.23	0	
-47.245	-3.56829	295.5	0	
-46.9701	-4.07719	318.606	0	
-45.4092	-3.61266	318.813	0	
-44.799	-2.8304	272.307	0	
-49.2837	-0.209554	222.089	0	
-49.6444	-0.448604	212.314	0	
-49.4361	-0.88012	188.613	0	
-50.1524	-0.23905	148.655	0	
-50.4481	-2.38365	189.662	0	
-50.0253	-3.11805	215.643	0	
-50.4614	-3.81548	250.497	0	
-50.2434	-4.20612	263.621	0	
-49.7982	-4.25026	270.606	0	
-48.9266	-4.97949	320.739	0	
-50.9116	-0.32599	157.995	0	
-49.7425	-1.20848	181.091	0	
-51.2923	-0.508798	202.784	0	
-50.5017	-1.53206	175.917	0	
-50.8685	-2.34112	193.067	0	
-51.3311	-3.04616	217.388	0	
-50.9223	-3.73704	245.16	0	
-51.1355	-4.10302	263.099	0	
-50.9144	-3.27122	216.628	0	
-51.9604	-3.30252	219.537	0	
-51.6594	-4.67433	280.718	0	
-50.8694	-4.47856	271.09	0	
-52.4529	-4.25887	265.319	0	
-51.5256	-5.54611	304.541	0	
-50.1934	-5.05249	297.45	0	
-49.5672	-4.59981	299.044	0	
-50.9783	-4.95221	292.895	0	
-50.5912	-6.04148	319.576	0	
-49.7676	-5.10495	311.934	0	
-49.2564	-5.89667	354.616	0	
-50.8978	-1.52676	175.772	0	
-51.4912	-1.97473	188.861	0	
-54.0768	-3.89942	269.623	0	
-51.9856	-5.55826	294.421	0	
-51.1855	-6.10725	313.719	0	
-50.5488	-5.36454	306.141	0	
-49.3373	-5.36933	327.963	0	
-48.2358	-5.90782	378.713	0	
-51.3145	-1.29012	186.672	0	
-51.685	-1.63822	184.999	0	
-52.1293	-1.6311	189.09	0	
-52.3561	-2.02288	195.353	0	
-52.8859	-5.42869	294.18	0	
-52.7522	-5.90746	299.773	0	
-52.2086	-5.96799	303.633	0	
-50.7538	-7.36051	322.075	0	
-47.194	-6.046	409.214	0	
-48.1695	-5.36368	372.786	0	
-52.2994	-1.2201	187.356	0	
-52.7022	-0.39956	168.023	0	
-53.0507	-2.49496	218.363	0	
-52.3351	-2.90125	221.896	0	
-53.5681	-4.51383	278.236	0	
-54.8435	-5.96659	301.497	0	
-52.6123	-6.94533	299.095	0	
-51.9617	-6.40183	307.755	0	
-52.0413	-0.877413	191.113	0	
-53.125	-0.136471	159.406	0	
-53.8612	-1.84527	210.573	0	
-53.9775	-2.78157	230.376	0	
-53.2067	-7.4962	287.492	0	
-53.0028	-8.28905	275.733	0	
-52.115	-6.98739	309.736	0	
-51.534	-7.99898	298.673	0	
-51.5006	-0.940314	182.724	0	
-51.8391	-0.182808	214.752	0	
-53.561	-0.393199	161.603	0	
-52.929	-1.5725	192.745	0	
-53.1863	-3.52279	252.736	0	
-51.9798	-3.83658	252.81	0	
-54.6875	-0.215758	207.828	0	
-53.5402	-1.47852	200.575	0	
-53.3511	-0.772051	181.135	0	
-53.7678	-1.0671	190.201	0	
-55.1042	-0.582389	213.072	0	
-53.9776	-0.256728	201.997	0	
-54.8958	-1.01391	186.956	0	
-44.2849	-1.87113	227.23	0	
-45.2333	-2.40575	238.901	0	
-53.6285	-6.3401	295.877	0	
-54.0929	-5.2725	296.397	0	
-50.4013	-8.12059	319.477	0	
-51.2063	-7.12454	316.334	0	
-44.2071	-3.93389	326.014	0	
-44.2672	-2.60304	250.449	0	
-50.291	-8.91302	313.746	0	
-48.8416	-7.83157	369.191	0	
-50.9008	-7.95398	320.986	0	
-49.8303	-7.69144	341.522	0	
-48.716	-8.58269	357.761	0	
-49.5162	-6.82881	351.798	0	
-46.4321	-8.07371	431.613	0	
-49.0697	-7.0422	362.014	0	
-49.6789	-6.30747	345.116	0	
-50.2279	-6.40461	334.226	0	
-48.1779	-7.54768	385.714	0	
-47.6854	-6.81435	405.344	0	
-47.5665	-7.97881	388.737	0	
-47.7049	-6.32121	392.83	0	
-48.6658	-6.76524	374.835	0	
-48.1924	-7.02516	385.808	0	
-47.746	-8.71104	389.256	0	
-47.1549	-9.56409	357.316	0	
-45.914	-8.54651	398.681	0	
-46.6241	-6.98499	432.794	0	
-45.0175	-8.20612	453.401	0	
-46.0725	-6.12976	442.517	0	
-46.1943	-7.47662	426.109	0	
-44.9596	-7.5315	439.244	0	
-46.6305	-6.35429	419.938	0	
-50.439	-0.56504	162.076	0	
-46.2711	-5.42446	404.863	0	
-54.4861	-1.84511	207.284	0	
-54.4867	-2.44605	228.799	0	
-54.9999	-1.46615	215.489	0	
-56.1458	-1.77497	217.307	0	
-54.8809	-3.28533	263.797	0	
-53.7869	-3.39396	253.976	0	
-55.4013	-2.37844	231.607	0	
-55.5207	-1.77481	185.903	0	
-55.9735	-3.55611	280.594	0	
-54.8632	-4.38816	286.407	0	
-56.495	-4.35646	306.849	0	
-55.3866	-4.24895	292.55	0	
-54.7128	-4.9438	303.129	0	
-53.5273	-5.0811	297.918	0	
-55.1509	-5.39666	308.054	0	
-54.0882	-5.93003	306.48	0	
-55.1679	-7.93674	276.286	0	
-53.5787	-8.89617	253.363	0	
-44.692	-5.47607	422.684	0	
-41.824	-5.62395	364.237	0	
-42.9836	-8.33579	444.868	0	
-44.3198	-6.89836	451.475	0	
-55.9122	-5.32901	310.979	0	
-56.4318	-5.98431	314.035	0	
-45.6183	-7.27479	455.616	0	
-43.5016	-6.60119	434.031	0	
-57.2194	-6.0401	310.532	0	
-57.598	-6.72209	297.415	0	
-43.3118	-5.50875	403.842	0	
-44.7628	-6.37229	446.165	0	
-38.7836	-0.382852	213.458	0	
-38.1225	-0.368067	210.337	0	
-38.4375	-0.183316	205.007	0	
-37.7418	-1.44766	212.676	0	
-37.7334	-0.962924	234.722	0	
-39.3044	-0.199537	241.308	0	
-39.6898	-0.450476	195.626	0	
-36.4671	-1.62347	239.608	0	
-37.4759	-0.374251	271.737	0	
-39.1012	-0.997684	191.644	0	
-38.9811	-1.47589	192.411	0	
-36.9497	-0.956174	272.996	0	
-36.9576	-0.1895	304.175	0	
-39.7315	-1.71458	184.866	0	
-37.8732	-3.19932	226.516	0	
-36.867	-1.43483	241.688	0	
-36.1103	-0.721763	309.31	0	
-40.625	-0.153405	183.648	0	
-40.1482	-1.95122	166.369	0	
-36.3988	-2.19405	227.946	0	
-35.0374	-1.43735	184.267	0	
-41.0677	-0.406896	174.546	0	
-40.6269	-1.13932	170.905	0	
-39.7936	-1.17375	176.935	0	
-40.2103	-0.895635	188.957	0	
-36.7915	-2.57534	225.804	0	
-36.3345	-3.45954	249.298	0	
-35.4831	-2.20964	195.017	0	
-33.8782	-1.87522	167.557	0	
-42.1875	-0.215758	228.885	0	
-41.453	-1.17963	187.282	0	
-40.3046	-2.51265	187.706	0	
-39.002	-2.43977	190.815	0	
-42.6042	-0.582389	278.844	0	
-41.4843	-0.253491	232.484	0	
-42.3958	-1.01391	181.568	0	
-42.2702	-1.63483	207.541	0	
-40.6269	-1.65407	180.291	0	
-40.9756	-3.66603	221.263	0	
-41.1972	-1.99946	182.915	0	
-38.2528	-1.71386	200.345	0	
-38.3722	-2.31748	197.862	0	
-37.3179	-2.31912	223.673	0	
-37.854	-2.62122	212.657	0	
-36.2868	-4.33394	277.197	0	
-33.5141	-3.91215	291.189	0	
-34.8379	-2.38501	187.235	0	
-34.5998	-3.14684	203.912	0	
-41.0015	-2.55755	174.439	0	
-40.2593	-3.80869	233.211	0	
-39.2057	-3.0877	194.576	0	
-36.8523	-4.82493	320.808	0	
-37.4457	-4.2724	267.407	0	
-36.9534	-6.07881	395.915	0	
-35.4612	-4.44017	322.557	0	
-33.9179	-4.83618	410.414	0	
-33.5193	-2.51181	206.583	0	
-33.9436	-3.24468	224.401	0	
-42.0619	-3.08692	231.159	0	
-42.7889	-4.09011	303.574	0	
-39.8164	-4.7481	276.18	0	
-38.5952	-3.5435	222.713	0	
-38.2921	-4.30327	265.803	0	
-37.9975	-6.27082	379.678	0	
-41.4656	-4.21697	271.723	0	
-42.1381	-3.8539	259.808	0	
151.875	-0.399074	284.48	0	
148.425	-0.923653	249.075	0	
151.783	-1.07299	239.177	0	
151.889	-0.690646	249.908	0	
152.108	-1.67889	214.531	0	
151.679	-0.857235	252.795	0	
152.122	-1.10459	230.454	0	
151.242	-0.494864	262.95	0	
151.083	-1.10359	232.094	0	
150.53	-1.66778	219.092	0	
151.22	-1.38596	229.782	0	
151.06	-2.03207	210.617	0	
151.51	-2.03801	206.246	0	
152.956	-0.95987	221.514	0	
152.507	-0.367713	242.748	0	
152.136	-2.41505	196.165	0	
152.868	-1.73312	210.788	0	
153.013	-1.26715	211.086	0	
152.819	-0.184397	188.001	0	
154.298	-1.35575	219.195	0	
153.691	-0.450843	221.756	0	
153.244	-0.751107	209.048	0	
153.132	-0.357135	211.677	0	
153.595	-0.844815	217.457	0	
153.769	-1.17803	216.119	0	
154.495	-0.309707	253.385	0	
155.018	-1.24898	218.8	0	
154.201	-0.81944	229.456	0	
154.156	-0.180445	234.306	0	
155.208	-0.632811	225.723	0	
154.992	-0.515336	224.584	0	
154.792	-1.37665	220.229	0	
155.426	-1.22145	210.453	0	
154.714	-0.129262	262.808	0	
155.474	-0.258628	193.86	0	
154.705	-0.567343	241.613	0	
155.22	-0.86561	212.957	0	
155.276	-0.128438	178.444	0	
155.698	-0.818346	199.459	0	
155.405	-0.505366	195.979	0	
155.026	-0.999599	223.21	0	
155.211	-1.36184	216.375	0	
156.033	-1.2763	200.728	0	
156.597	-0.192857	180.128	0	
155.688	-0.581905	201.623	0	
155.938	-0.0735595	189.649	0	
154.738	-0.999252	230.32	0	
154.59	-1.23052	222.064	0	
154.978	-1.77055	210.981	0	
155.21	-1.63213	211.411	0	
155.861	-0.408727	188.947	0	
156.08	-0.278537	182.574	0	
154.074	-1.14495	220.041	0	
154.979	-2.02004	205.234	0	
155.279	-2.60391	195.611	0	
156.449	-1.34118	195.843	0	
155.309	-2.21565	201.332	0	
155.999	-1.88481	199.009	0	
154.269	-1.59892	213.264	0	
154.522	-1.72497	210.731	0	
153.441	-1.7603	205.643	0	
153.995	-1.80819	208.057	0	
155.95	-2.8015	190.497	0	
155.752	-1.65457	203.851	0	
155.551	-2.07766	202.069	0	
155.858	-2.16996	198.513	0	
153.759	-2.54429	194.079	0	
155.597	-2.91463	191.179	0	
153.719	-1.5981	211.594	0	
154.419	-2.07199	207.096	0	
156.022	-2.45809	192.039	0	
156.324	-1.89141	194.628	0	
153.383	-2.37652	199.229	0	
154.092	-2.13816	203.498	0	
156.486	-3.16693	186.079	0	
156.492	-2.15036	188.741	0	
156.331	-2.43188	190.071	0	
157.217	-1.86539	176.913	0	
155.824	-3.90567	185.702	0	
157.797	-2.37095	164.855	0	
156.504	-2.67808	187.238	0	
157.696	-1.90842	172.587	0	
156.273	-2.9439	186.4	0	
157.45	-2.5763	177.44	0	
156.798	-2.64493	182.873	0	
157.033	-2.41338	179.027	0	
156.868	-2.97321	182.738	0	
157.271	-2.96752	173.126	0	
157.573	-3.99943	174.191	0	
159.374	-1.70168	148.144	0	
157.265	-0.253101	180.848	0	
156.323	-0.397834	191.226	0	
152.719	-2.06574	201.106	0	
152.781	-2.93643	187.873	0	
150.603	-1.07517	228.603	0	
150.909	-1.70421	214.558	0	
150.93	-0.279106	256.481	0	
150.047	-0.351062	225.567	0	
149.891	-1.27804	230.524	0	
149.04	-1.4085	239.983	0	
149.502	-2.23825	209.544	0	
150.785	-2.42227	198.22	0	
150.28	-2.45162	204.36	0	
150.982	-2.82391	195.615	0	
152.31	-2.84291	195.349	0	
152.99	-2.50264	198.96	0	
156.987	-0.445958	194.207	0	
156.006	-0.938818	203.585	0	
154.5	-2.98428	187.264	0	
154.854	-3.61594	187.059	0	
158.194	-1.35687	152.014	0	
156.628	-0.991583	193.85	0	
156.987	-0.877474	184.133	0	
149.062	-0.215758	270.579	0	
150.494	-0.776325	233.853	0	
149.726	-0.92833	233.616	0	
149.652	-2.85594	196.603	0	
150.729	-3.23932	187.557	0	
151.641	-3.19396	189.781	0	
153.74	-3.85357	185.016	0	
153.854	-5.04814	185.241	0	
156.335	-3.56776	181.645	0	
160.941	-0.338543	142.246	0	
158.714	-0.703177	143.263	0	
157.292	-1.18642	180.465	0	
157.646	-1.10085	165.067	0	
150.664	-0.45484	227.566	0	
150.36	-0.175734	236.6	0	
148.738	-0.77278	261.588	0	
149.375	-0.391086	253.996	0	
149.375	-0.822603	257.591	0	
150.298	-3.1939	190.933	0	
151.402	-3.5964	183.876	0	
152.632	-3.81636	179.444	0	
152.828	-4.46244	182.247	0	
157.881	-1.51591	163.712	0	
158.298	-0.837141	152.735	0	
157.605	-0.417884	157.633	0	
157.75	-0.763834	164.233	0	
157.84	-0.164783	156.733	0	
158.089	-0.659161	151.299	0	
158.97	-1.0317	143.715	0	
159.438	-0.937173	141.466	0	
159.71	-1.22166	140.414	0	
147.81	-0.184751	260.035	0	
148.75	-0.399074	268.834	0	
147.461	-0.382694	230.537	0	
148.438	-0.183316	268.122	0	
147.456	-0.752019	245.315	0	
146.486	-0.252894	260.07	0	
146.761	-0.450837	246.43	0	
147.389	-1.70744	226.892	0	
147.805	-0.920708	238.324	0	
146.518	-1.72064	232.552	0	
147.768	-2.65155	208.933	0	
147.769	-2.13317	215.098	0	
148.278	-1.84302	223.959	0	
148.684	-1.89744	226.025	0	
149.05	-1.02098	245.639	0	
148.923	-2.14288	213.152	0	
149.733	-1.57103	221.532	0	
148.424	-1.28688	241.179	0	
148.726	-1.52352	231.252	0	
148.427	-2.64159	207.485	0	
149.048	-2.82848	199.166	0	
148.7	-3.53462	186.023	0	
149.394	-2.62355	202.989	0	
149.033	-3.25879	194.335	0	
150.046	-2.80783	196.637	0	
149.273	-2.00973	218.265	0	
149.993	-2.11442	207.105	0	
148.269	-3.37955	193.738	0	
148.788	-4.10843	184.006	0	
149.447	-3.24644	191.836	0	
150.045	-3.56392	184.936	0	
147.315	-2.9227	192.459	0	
147.794	-4.30494	181.947	0	
150.257	-4.16856	181.828	0	
151.729	-4.42261	179.943	0	
150.28	-5.9717	178.913	0	
151.745	-3.93786	181.42	0	
158.52	-1.73918	154.601	0	
158.585	-2.39616	154.997	0	
159.311	-0.211987	137.125	0	
145.625	-0.150362	273.56	0	
147.151	-0.197943	249.923	0	
145.854	-0.774237	259.306	0	
146.452	-4.70797	180.81	0	
148.265	-5.14325	175.854	0	
149.747	-4.56123	176.616	0	
148.737	-5.65667	173.412	0	
159.046	-2.63864	159.499	0	
160.448	-3.0378	155.885	0	
145.197	-0.38618	273.183	0	
145.427	-1.53219	233.757	0	
146.101	-1.95727	219.895	0	
146.454	-1.17826	235.993	0	
144.467	-0.785765	242.681	0	
144.798	-1.09551	242.629	0	
145.943	-2.50504	217.238	0	
146.053	-3.58249	198.428	0	
143.716	-0.382852	257.76	0	
144.78	-0.235818	237.916	0	
144.062	-0.183316	247.273	0	
143.196	-0.199537	263.255	0	
142.327	-0.25226	232.985	0	
143.519	-1.47589	235.717	0	
144.057	-0.916578	246.949	0	
142.758	-1.68983	231.615	0	
144.787	-1.97992	225.367	0	
144.173	-1.34552	239.264	0	
145.795	-1.53299	237.457	0	
143.023	-0.883313	248.519	0	
142.815	-0.451797	245.814	0	
144.04	-2.26025	223.792	0	
144.441	-2.45713	216.924	0	
142.341	-1.92647	222.409	0	
142.7	-1.16865	234.897	0	
142.186	-2.57088	210.427	0	
143.498	-2.42144	214.679	0	
152.684	-1.44646	212.911	0	
153.197	-1.55381	210.979	0	
152.308	-1.3863	226.654	0	
152.335	-2.07167	209.948	0	
155.904	-4.68679	186.174	0	
156.92	-4.08327	184.232	0	
152.191	-3.72072	185.589	0	
152.372	-4.85154	178.832	0	
145.192	-2.03582	226.245	0	
145.114	-3.14925	205.008	0	
141.501	-2.64009	212.388	0	
140.391	-3.14836	197.018	0	
155.333	-5.1942	190.156	0	
159.368	-4.44094	180.325	0	
152.068	-3.22612	184.84	0	
150.95	-3.60674	185.385	0	
150.731	-4.16596	180.178	0	
151.168	-4.64036	178.576	0	
151.656	-6.04919	185.136	0	
154.595	-4.76771	183.271	0	
157.013	-6.25275	209.802	0	
158.799	-4.1434	175.421	0	
154.461	-4.018	181.521	0	
153.881	-2.97467	192.661	0	
148.168	-2.96119	196.888	0	
148.138	-2.15372	215.19	0	
160.29	-1.08326	143.396	0	
159.702	-0.460225	136.81	0	
160.699	-1.70328	143.581	0	
162	-0.258643	142.913	0	
146.03	-1.11773	249.407	0	
160.183	-0.248238	141.304	0	
145.398	-0.757162	254.471	0	
147.193	-3.62334	195.685	0	
146.286	-2.96528	196.087	0	
144.559	-3.07789	202.287	0	
145.402	-2.58439	208.683	0	
143.391	-3.16444	206.001	0	
144.051	-3.62402	193.743	0	
160.22	-2.27538	150.87	0	
159.873	-3.43427	163.662	0	
141.675	-5.34151	171.857	0	
162.824	-1.33512	147.764	0	
145.618	-5.052	164.981	0	
161.254	-1.78412	147.027	0	
162.064	-1.39977	146.558	0	
161.855	-2.28828	153.597	0	
162.314	-1.98383	150.112	0	
163.652	-1.74033	150.73	0	
163.125	-0.19536	147.531	0	
136.25	-0.668229	224.237	0	
137.808	-0.904852	224.705	0	
97.5	-0.532098	126.479	0	
98.388	-0.895475	164.446	0	
98.8047	-1.39816	227.511	0	
99.1542	-0.596984	188.003	0	
137.396	-0.482043	224.456	0	
138.125	-0.360901	230.313	0	
137.812	-0.180445	227.195	0	
138.438	-0.902258	228.245	0	
139.067	-0.912873	227.319	0	
137.079	-1.33327	220.977	0	
137.393	-1.68928	215.057	0	
138.438	-1.27911	223.348	0	
139.383	-0.741951	229.298	0	
137.358	-2.3599	202.964	0	
138.329	-1.97143	210.835	0	
138.126	-1.57581	219.944	0	
138.759	-1.88478	219.343	0	
139.672	-0.917831	226.128	0	
138.755	-0.365785	232.277	0	
139.319	-2.62471	205.35	0	
140.082	-1.32508	226.166	0	
140.003	-0.405748	222.39	0	
139.983	-2.71085	204.551	0	
140.342	-1.80652	220.566	0	
139.385	-1.46994	220.689	0	
140.294	-1.00848	227.226	0	
139.439	-1.90428	215.833	0	
139.979	-2.17597	215.622	0	
139.383	-0.375319	227.892	0	
139.067	-0.185329	229.231	0	
136.508	-2.67255	199.323	0	
137.868	-3.59283	179.272	0	
-144.807	-7.88892	214.519	0	
-145.241	-6.42376	201.459	0	
-163.362	-2.12069	290.876	0	
-164.264	-0.962584	298.993	0	
-165.727	-1.19903	383.773	0	
-164.75	-0.435545	309.688	0	
-165.664	-0.543545	361.026	0	
-164.017	-1.31411	309.661	0	
-164.375	-0.194832	319.585	0	
-163.594	-1.14469	264.108	0	
-163.717	-0.598331	302.07	0	
-166.235	-2.88898	422.097	0	
-166.452	-1.884	408.02	0	
-164.736	-1.91954	369.66	0	
-166.389	-0.302831	399.106	0	
-167.136	-0.765671	415.285	0	
-159.868	-6.75104	305.799	0	
-160.358	-7.4802	404.238	0	
-164.425	-3.68281	398.786	0	
-164.571	-6.78453	518.267	0	
-151.642	-8.19745	246.541	0	
-151.051	-9.8176	337.252	0	
-140.151	-4.56521	186.342	0	
-140.184	-5.91356	185.217	0	
-137.782	-6.47106	190.299	0	
-136.246	-5.55543	178.65	0	
-83.1747	-3.75261	161.008	0	
-83.4915	-2.42365	180.293	0	
-110.255	-3.79706	147.279	0	
-110.534	-5.68957	155.767	0	
-128.446	-4.06951	174.344	0	
-127.903	-2.52707	215.214	0	
-132.305	-8.26138	245.482	0	
-133.581	-5.70049	166.723	0	
-99.0325	-7.03041	254.706	0	
-95.9166	-5.91142	175.384	0	
-53.0315	-10.0723	236.793	0	
-50.8748	-9.53674	285.549	0	
-32.1957	-4.06951	396.957	0	
-31.6528	-2.52707	262.124	0	
-41.6886	-6.74272	423.215	0	
-40.3088	-5.42182	311.249	0	
145.065	-4.41724	182.203	0	
145.954	-6.80799	158.232	0	
151.693	-6.99811	196.211	0	
151.084	-5.54891	180.07	0	
158.241	-2.63223	167.786	0	
159.474	-2.13538	147.7	0	
158.26	-3.25108	166.941	0	
159.999	-4.10818	175.77	0	
157.636	-3.38102	177.667	0	
158.222	-4.46141	184.702	0	
159.216	-3.17511	164.156	0	
158.774	-3.55148	171.607	0	
157.358	-5.53695	196.862	0	
158.229	-5.28027	192.176	0	
160.397	-4.77038	182.819	0	
161.279	-3.33387	164.38	0	
154.98	-7.41449	233.241	0	
159.347	-5.13451	190.677	0	
158.965	-6.57303	215.794	0	
161.349	-6.25565	204.721	0	
140.072	-3.77355	185.819	0	
141.542	-3.95772	186.842	0	
139.321	-3.67191	186.673	0	
140.091	-5.0219	170.358	0	
153.795	-6.00534	189.979	0	
154.504	-6.55515	202.772	0	
142.536	-5.07713	172.059	0	
143.82	-6.1047	158.906	0	
162.952	-2.1785	150.704	0	
163.023	-0.96667	147.487	0	
163.951	-2.6158	156.612	0	
164.392	-1.07529	151.711	0	
162.471	-0.608601	145.915	0	
163.518	-0.447873	147.755	0	
163.445	-0.869226	148.135	0	
162.846	-0.545317	145.318	0	
162.397	-1.17241	146.13	0	
163.77	-1.22085	151.689	0	
165.15	-0.275787	154.739	0	
163.129	-1.75715	152.02	0	
164.762	-1.41266	155.547	0	
164.516	-1.96467	154.507	0	
165.855	-0.758917	155.965	0	
165.517	-1.3488	156.564	0	
163.373	-3.10773	158.564	0	
164.029	-2.14677	156.569	0	
164.877	-2.30932	159.198	0	
165.817	-1.99869	161.137	0	
161.967	-2.91768	157.627	0	
164.298	-2.91997	161.476	0	
166.793	-3.04116	170.278	0	
166.755	-0.48313	160.584	0	
163.397	-2.63071	159.339	0	
164.308	-3.65085	169.739	0	
164.061	-4.38821	177.771	0	
165.435	-4.04595	172.845	0	
164.961	-3.53939	164.874	0	
165.085	-3.10534	163.439	0	
164.659	-5.1926	184.136	0	
165.993	-3.97532	170.682	0	
165.564	-2.95487	162.711	0	
165.422	-2.40721	159.259	0	
166.84	-5.65921	188.036	0	
165.997	-3.31828	167.555	0	
166.785	-4.4928	178.359	0	
166.755	-2.26924	162.103	0	
165.38	-4.9618	183.166	0	
168.162	-6.59133	204.407	0	
167.388	-3.77051	170.23	0	
169.087	-2.54639	168.381	0	
136.322	-3.35008	174.651	0	
135.719	-4.06487	162.981	0	
138.308	-4.21049	175.223	0	
138.976	-2.96058	192.652	0	
-168.048	-0.46284	422.483	0	
-170.336	-0.527088	407.569	0	
-140.795	-6.76346	187.172	0	
-140.075	-7.6656	214.256	0	
-110.946	-6.57561	186.359	0	
-110.233	-7.47237	220.568	0	
-129.542	-5.54268	159.867	0	
-127.193	-4.59579	168.406	0	
-99.6669	-8.26414	311.97	0	
-96.7851	-7.99372	314.391	0	
-97.2953	-6.92083	226.236	0	
-95.0093	-8.81674	412.147	0	
-33.2917	-5.54268	491.585	0	
-30.9432	-4.59579	482.312	0	
151.065	-7.68166	205.325	0	
153.052	-6.25636	194.692	0	
159.955	-5.46978	196.808	0	
163.263	-6.04934	194.304	0	
161.513	-4.31324	174.188	0	
162.751	-3.29843	166.828	0	
157.447	-7.13937	225.252	0	
160.508	-6.91687	225.621	0	
138.006	-4.89977	167.282	0	
138.312	-5.53515	168.534	0	
140.444	-5.70788	168.134	0	
141.172	-4.51357	175.827	0	
163.077	-4.91016	185.848	0	
164.411	-6.2551	194.029	0	
-141.546	-9.17559	284.711	0	
-137.701	-9.51519	294.225	0	
-130.156	-7.04222	179.25	0	
-125.73	-6.42849	182.259	0	
-126.512	-4.68678	170.601	0	
-126.109	-4.16489	171.996	0	
-35.1383	-7.94899	532.968	0	
-29.4801	-6.42849	654.798	0	
-30.2615	-4.68678	526.933	0	
-29.8592	-4.16489	479.653	0	
151.419	-8.98142	230.195	0	
152.918	-9.26768	249.451	0	
159.769	-6.39409	209.668	0	
160.4	-7.94638	233.924	0	
137.211	-4.59367	167.272	0	
136.809	-5.18094	160.544	0	
138.22	-6.72043	173.872	0	
138.914	-6.73371	171.014	0	
139.32	-6.17101	169.053	0	
141.605	-6.73775	165.429	0	
-126.263	-5.29291	168.122	0	
-125.593	-5.32746	170.591	0	
-125.061	-3.66905	179.455	0	
-126.192	-2.86542	194.786	0	
-126.691	-5.87752	172.81	0	
-126.41	-6.4622	184.007	0	
-124.619	-5.9512	178.771	0	
-124.207	-5.45117	160.096	0	
-124.407	-3.71189	182.726	0	
-124.691	-2.44485	201.903	0	
-127.608	-6.03323	168.004	0	
-127.728	-6.89119	193.069	0	
-124.703	-7.09875	209.649	0	
-124.302	-6.57926	172.664	0	
-126.833	-7.11723	188.277	0	
-125.757	-7.61904	208.849	0	
-123.468	-5.50365	171.331	0	
-123.498	-4.39501	169.696	0	
-125.41	-7.02082	202.025	0	
-126.5	-7.68174	233.525	0	
-123.445	-3.09358	195.336	0	
-124.131	-4.33476	164.76	0	
-122.457	-4.91737	165.069	0	
-123.152	-3.81918	168.678	0	
-122.015	-5.44503	157.262	0	
-121.105	-4.66596	155.849	0	
-123.539	-6.68929	198.75	0	
-118.192	-6.61741	187.601	0	
-121.088	-6.14908	169.306	0	
-120.231	-4.61888	160.388	0	
-30.0134	-5.29291	567.986	0	
-29.3433	-5.32746	581.905	0	
-28.8114	-3.66905	385.933	0	
-29.9424	-2.86542	401.101	0	
-30.4413	-5.87752	612.528	0	
-30.1604	-6.4622	652.445	0	
-28.3691	-5.9512	633.678	0	
-27.9566	-5.45117	574.094	0	
-28.1574	-3.71189	369.326	0	
-28.4408	-2.44485	150.384	0	
-31.3583	-6.03323	617.63	0	
-31.4783	-6.89119	671.193	0	
-28.4535	-7.09875	714.161	0	
-28.0515	-6.57926	674.62	0	
-30.5829	-7.11723	673.827	0	
-29.5075	-7.61904	720.205	0	
-27.2175	-5.50365	576.279	0	
-27.2485	-4.39501	420.36	0	
-29.1602	-7.02082	700.61	0	
-30.25	-7.68174	719.578	0	
-27.1952	-3.09358	255.688	0	
-27.8807	-4.33476	464.963	0	
-26.2071	-4.91737	477.408	0	
-26.9021	-3.81918	416.72	0	
-25.765	-5.44503	538.23	0	
-24.855	-4.66596	370.709	0	
-27.2889	-6.68929	698.668	0	
-21.7872	-6.09277	808.554	0	
-24.8379	-6.14908	629.378	0	
-23.9805	-4.61888	478.715	0	
161.176	-9.70724	263.441	0	
162.497	-6.7169	220.696	0	
135.738	-6.00295	162.161	0	
137.081	-7.37557	184.144	0	
137.768	-7.38596	178.587	0	
138.073	-7.99173	188.076	0	
136.826	-6.66193	173.653	0	
136.532	-8.01912	193.535	0	
137.603	-8.77696	193.323	0	
138.94	-13.2731	237.257	0	
139.973	-7.0179	169.434	0	
140.053	-6.2676	165.222	0	
142.399	-7.04087	157.24	0	
143.417	-5.25892	165.146	0	
-123.542	-7.8811	257.472	0	
-122.353	-6.0988	174.57	0	
-123.134	-9.05008	283.278	0	
-122.005	-9.42681	330.041	0	
-123.101	-7.33781	181.49	0	
-122.159	-7.3283	216.319	0	
-127.875	-8.8295	268.635	0	
-126.254	-9.41195	363.408	0	
-27.2921	-7.8811	797.728	0	
-26.1034	-6.0988	636.148	0	
-26.8841	-9.05008	879.444	0	
-25.7546	-9.42681	897.311	0	
-26.8514	-7.33781	733.463	0	
-25.9085	-7.3283	782.291	0	
-30.6739	-8.64003	761.189	0	
-30.0043	-9.41195	778.329	0	
134.371	-5.07408	156.341	0	
135.815	-7.54126	187.346	0	
136.024	-6.67527	177.394	0	
135.169	-7.83742	207.515	0	
139.29	-8.70152	181.723	0	
138.493	-9.29914	201.821	0	
-127.78	-11.5477	556.523	0	
-124.878	-11.3519	594.686	0	
-33.692	-6.72248	577.933	0	
-32.1465	-11.362	676.646	0	
134.936	-9.13159	238.839	0	
136.748	-8.81474	218.316	0	
-24.0402	-1.42679	237.869	0	
-24.4568	-0.327117	211.939	0	
-16.5402	-1.42679	140.408	0	
-16.9568	-0.327117	129.003	0	
-21.5402	-1.35616	237.018	0	
-21.9568	-0.327117	215.126	0	
-148.652	-4.93043	157.947	0	
-147.647	-6.0233	170.369	0	
-146.753	-5.46337	176.699	0	
-147.277	-4.70766	178.743	0	
-146.361	-5.71115	183.651	0	
-145.999	-4.71804	180.527	0	
-146.362	-6.30338	183.628	0	
-145.613	-5.56784	183.204	0	
-147.089	-6.57419	186.938	0	
-145.94	-7.69419	212.319	0	
-145.752	-7.0391	215.294	0	
-144.733	-6.38803	199.057	0	
-145.262	-6.91715	201.136	0	
-144.839	-7.17415	221.439	0	
-145.418	-8.28702	262.096	0	
-143.99	-7.8672	246.4	0	
-147.47	-4.17647	178.15	0	
-148.087	-4.67434	173.231	0	
-145.587	-9.46825	265.513	0	
-144.447	-9.76356	348.672	0	
-141.736	-6.99272	185.227	0	
-143.77	-7.11402	203.873	0	
-156.825	-11.8978	611.351	0	
-155.784	-11.9675	579.76	0	
-148.606	-8.4994	232.467	0	
-147.988	-9.19495	296.279	0	
-155.406	-11.0232	486.682	0	
-153.783	-12.3384	557.743	0	
-85.0357	-6.97728	238.988	0	
-84.1138	-6.53105	193.946	0	
-106.801	-4.48081	147.115	0	
-107.537	-5.95241	164.752	0	
-103.987	-5.07871	155.905	0	
-103.131	-6.76184	198.064	0	
-96.0063	-4.58252	153.187	0	
-95.0753	-4.67397	157.016	0	
-101.491	-4.6096	157.666	0	
-100.197	-4.18304	147.486	0	
-51.7311	-9.25911	269.198	0	
-48.9736	-10.2795	302.59	0	
-49.2347	-12.103	240.283	0	
-43.4238	-10.4304	363.862	0	
-56.3633	-7.26297	287.375	0	
-56.2596	-9.77155	207.928	0	
-57.6564	-5.20662	328.117	0	
-58.9675	-4.31793	327.874	0	
-60.5231	-7.05664	258.151	0	
-56.7051	-8.86065	241.963	0	
-58.8656	-6.0584	310.645	0	
-58.5154	-5.19384	324.113	0	
-57.9638	-9.35682	216.538	0	
-57.6118	-7.98386	254.933	0	
-57.2226	-7.37441	276.698	0	
-58.3817	-8.18075	243.66	0	
-58.5841	-8.95205	224.134	0	
-57.4031	-8.80288	233.751	0	
-59.5017	-9.24402	206.56	0	
-60.1499	-10.9697	183.072	0	
-58.8568	-13.551	190.681	0	
-56.3564	-12.0007	164.999	0	
-40.0592	-6.49098	380.027	0	
-35.4596	-6.10672	449.499	0	
148.404	-4.48777	176.764	0	
147.162	-4.89713	172.506	0	
-138.314	-7.33679	184.385	0	
-136.743	-7.77121	207.116	0	
-54.0312	-10.612	197.7	0	
-53.003	-12.8576	170.987	0	
-42.7529	-7.255	446.595	0	
-39.6273	-9.33884	368.52	0	
147.306	-9.14505	191.201	0	
148.484	-6.47297	176.576	0	
147.5	-6.2257	170.108	0	
150.225	-7.15553	188.106	0	
154.873	-8.21575	233.665	0	
156.017	-6.44471	213.64	0	
-168.128	-2.27627	429.79	0	
-168.728	-1.35059	423.605	0	
158.523	-8.18866	248.321	0	
156.691	-7.7711	237.514	0	
150.285	-9.4674	224.705	0	
150.085	-12.2806	286.307	0	
-120.312	-6.31914	156.868	0	
-120.362	-8.38019	248.061	0	
-24.0616	-6.31914	712.371	0	
-24.1122	-8.38019	891.756	0	
142.54	-8.08093	164.675	0	
144.07	-7.48173	161.096	0	
-125.177	-8.9165	304.839	0	
-122.318	-12.7043	761.925	0	
-28.9268	-8.9165	836.027	0	
-27.62	-11.5208	800.746	0	
132.537	-5.31823	151.523	0	
134.459	-7.28546	189.887	0	
133.56	-7.91418	218.592	0	
135.054	-13.0069	333.58	0	
-147.073	-8.88698	257.524	0	
-142.125	-10.7325	418.003	0	
-145	-12.351	559.002	0	
-140.23	-8.80566	239.198	0	
-149.982	-9.57942	320.158	0	
-146.436	-9.81184	328.855	0	
-107.162	-7.06974	233.338	0	
-105.952	-5.5739	159.598	0	
-103.909	-6.01715	186.19	0	
-103.159	-9.03009	403.051	0	
-52.1945	-10.2412	249.521	0	
-51.4315	-12.2427	217.367	0	
-136.01	-8.25184	245.45	0	
-135.031	-7.59636	193.59	0	
-40.8193	-8.65344	422.86	0	
-38.8215	-7.04027	390.625	0	
147.845	-8.22767	181.728	0	
149.316	-7.35471	187.132	0	
153.526	-8.11933	242.887	0	
157.135	-9.1731	272.295	0	
141.452	-8.86893	160.376	0	
141.526	-12.8448	204.737	0	
145.287	-7.69847	163.516	0	
145.204	-5.90606	165.697	0	
-119.47	-9.66226	413.745	0	
-118.682	-7.476	196.116	0	
-23.2201	-9.66226	928.409	0	
-22.4318	-7.476	819.709	0	
133.56	-6.18711	161.036	0	
132.873	-7.61965	199.525	0	
133.442	-5.31285	152.991	0	
132.08	-7.94417	206.41	0	
131.727	-8.55628	263.663	0	
133.786	-9.13009	247.055	0	
132.216	-6.2922	168.197	0	
131.022	-8.55787	256.17	0	
131.745	-6.95219	191.289	0	
130.338	-6.07988	164.021	0	
130.618	-9.37026	302.148	0	
130.922	-10.9808	394.248	0	
129.778	-9.46169	307.798	0	
131.997	-11.8709	416.052	0	
131.386	-9.97145	329.603	0	
133.479	-11.3657	354.065	0	
129.334	-6.45286	164.941	0	
130.58	-7.87386	226.295	0	
-149.16	-13.4718	698.349	0	
-146.817	-12.1959	577.415	0	
-109.104	-7.27561	214.066	0	
-104.391	-7.54089	251.859	0	
-50.0316	-12.8065	243.931	0	
-50.6782	-10.5642	258.952	0	
-136.798	-10.1615	363.278	0	
-136.058	-9.23207	304.156	0	
145.404	-9.95727	182.03	0	
149.351	-10.747	243.364	0	
155.698	-9.02797	266.251	0	
156.56	-8.66385	256.531	0	
128.679	-5.54511	151.218	0	
127.55	-7.19185	214.196	0	
-135.159	-11.1536	404.553	0	
-133.5	-9.99249	330.71	0	
-135.199	-9.78993	390.996	0	
-136.253	-11.5548	581.431	0	
155.591	-10.1615	288.632	0	
156.232	-10.6876	300.743	0	
153.86	-12.4848	347.276	0	
157.802	-10.727	313.518	0	
162.356	-12.0624	304.12	0	
158.457	-9.58936	277.238	0	
159.484	-12.8231	326.083	0	
160.078	-9.99101	284.49	0	
157.966	-8.92666	264.35	0	
158.338	-7.34969	233.712	0	
125.826	-7.77202	220.968	0	
127.87	-9.14254	311.584	0	
158.515	-10.4995	290.78	0	
159.461	-8.41015	255.655	0	
159.624	-10.8895	288.033	0	
159.335	-9.29894	267.592	0	
160.131	-11.7742	324.08	0	
166.444	-9.29349	235.532	0	
-117.236	-2.42168	198.97	0	
-118.63	-2.80378	178.753	0	
-117.944	-2.88413	191.477	0	
-118.976	-3.6879	176.522	0	
-78.9729	-4.7562	186.707	0	
-79.783	-4.87684	180.775	0	
-76.8788	-4.9144	211.129	0	
-78.4318	-5.75159	203.525	0	
-159.204	-10.5129	556.816	0	
-157.464	-11.1413	550.065	0	
-95.5262	-10.3675	546.778	0	
-93.6516	-10.5809	679.792	0	
-166.818	-3.78082	458.177	0	
-164.895	-4.79229	449.226	0	
-161.546	-7.79804	451.228	0	
-161.829	-8.93855	538.133	0	
-163.901	-5.57636	459.156	0	
-162.179	-7.12209	458.918	0	
-151.361	-10.9244	416.16	0	
-149.314	-10.7081	385.667	0	
-131.301	-7.43421	175.1	0	
-131.775	-6.29176	177.29	0	
163.697	-10.1924	259.62	0	
168.025	-8.63038	216.419	0	
-114.808	-6.8876	205.426	0	
-114.285	-7.64319	220.316	0	
-112.338	-11.0902	576.212	0	
-107.948	-7.80817	250.17	0	
-94.3336	-6.5501	192.851	0	
-95.5989	-7.92021	278.902	0	
165.335	-6.86305	207.469	0	
165.994	-6.05758	189.474	0	
138.586	-10.4005	221.609	0	
135.96	-10.748	282.721	0	
-157.254	-13.0818	694.869	0	
-155.353	-12.9207	659.582	0	
-158.879	-12.3442	689.285	0	
-154.931	-15.7944	881.575	0	
-154.232	-13.2781	714.858	0	
-154.526	-11.0367	496.101	0	
-153.925	-14.9664	859.414	0	
-150.23	-12.6378	619.808	0	
-83.1538	-6.81549	233.61	0	
-82.8972	-4.43581	167.206	0	
-84.7831	-8.77348	392.543	0	
-80.9915	-6.30091	203.977	0	
-57.0282	-10.7594	202.898	0	
-54.491	-11.9464	195.389	0	
-61.5686	-7.58638	245	0	
-60.1696	-8.58649	239.762	0	
-62.8708	-7.22956	201.1	0	
-62.2093	-9.45996	207.355	0	
-36.182	-7.87485	496.524	0	
-34.7726	-6.92942	509.48	0	
-38.427	-8.45596	465.091	0	
-33.3734	-9.59225	707.602	0	
-34.8739	-9.31208	582.137	0	
-32.5342	-7.33721	703.021	0	
-45.3728	-10.1461	366.755	0	
-41.8818	-9.25567	413.288	0	
-117.261	-6.61809	169.421	0	
-118.065	-4.92063	160.083	0	
-116.165	-7.93344	241.579	0	
-115.852	-5.92219	173.9	0	
-118.418	-9.61273	346.166	0	
-112.579	-6.02476	176.167	0	
-114.451	-5.4945	166.427	0	
-116.232	-4.19586	174.154	0	
-116.471	-7.15968	222.709	0	
-114.784	-8.23285	315.224	0	
-114.362	-9.38519	364.416	0	
-112.822	-9.50887	495.322	0	
-112.547	-7.52926	246.616	0	
-113.875	-4.89211	164.348	0	
-113.445	-6.50773	189.472	0	
-112.783	-5.21525	151.17	0	
-113.981	-4.02347	166.719	0	
-115.372	-4.3325	162.342	0	
-113.386	-7.39712	204.597	0	
-111.873	-6.62041	185.5	0	
-104.664	-6.55621	200.924	0	
-105.262	-7.95993	280.622	0	
-105.701	-6.28546	196.319	0	
-105.182	-8.88249	399.387	0	
-104.032	-9.69015	505.987	0	
-103.437	-7.80338	291.074	0	
-104.44	-11.3492	790.297	0	
-102.94	-12.5551	929.861	0	
-119.861	-7.38689	208.176	0	
-119.975	-11.0538	528.317	0	
-23.6114	-7.38689	839.748	0	
-23.7245	-11.0538	895.74	0	
129.74	-8.3526	248.86	0	
128.225	-10.1224	369.551	0	
127.173	-10.5237	396.679	0	
127.48	-11.6116	498.141	0	
-51.9857	-16.1674	158.548	0	
-46.6264	-13.2351	247.444	0	
-136.919	-13.2485	725.648	0	
-133.077	-13.4938	801.682	0	
124.965	-8.80781	291.427	0	
125.289	-9.73094	348.226	0	
123.772	-8.34245	262.71	0	
125	-11.9227	558.649	0	
124.301	-10.5656	441.822	0	
126.727	-12.5093	514.176	0	
162.271	-10.6514	286.981	0	
162.629	-7.98316	229.102	0	
-79.7187	-8.0749	307.263	0	
-77.041	-6.75602	238.11	0	
-80.4461	-3.73205	159.011	0	
-80.759	-5.57228	191.055	0	
-81.7569	-3.84723	160.419	0	
-81.031	-4.95707	175.141	0	
-82.1618	-3.1555	162.906	0	
-83.245	-5.07182	168.462	0	
-82.6849	-6.32603	204.976	0	
-81.8337	-4.96634	169.543	0	
-82.0176	-6.19417	197.98	0	
-82.2062	-5.52853	186.013	0	
-81.558	-6.5853	224.158	0	
-79.8886	-6.34008	210.49	0	
-82.6274	-7.83429	279.432	0	
-80.4628	-7.65408	271.366	0	
-79.2706	-10.2684	514.276	0	
-81.6988	-7.73596	263.572	0	
-80.969	-9.43986	419.641	0	
-78.9266	-7.54901	245.019	0	
-81.7925	-10.6765	516.376	0	
-81.295	-12.2795	758.365	0	
-79.948	-9.27564	357.258	0	
-77.8506	-10.0174	376.654	0	
-75.2911	-7.43431	274.871	0	
-74.7753	-5.67477	211.143	0	
-77.1553	-8.66518	355.074	0	
-71.8105	-8.19677	207.954	0	
-74.4449	-5.00352	218.954	0	
-75.9546	-5.0742	210.537	0	
-73.7762	-4.85338	207.786	0	
-74.47	-3.73422	224.22	0	
-73.4534	-6.09802	205.908	0	
-73.1355	-3.95843	207.025	0	
-74.7267	-3.0352	240.943	0	
-76.026	-2.43649	213.304	0	
-72.0469	-6.44404	186.048	0	
-71.989	-5.37133	183.586	0	
-77.372	-2.84332	207.348	0	
-75.7742	-3.64514	216.252	0	
-74.2987	-6.24852	225.873	0	
-73.4614	-7.50424	227.479	0	
-71.37	-7.16231	201.114	0	
-70.3907	-6.74817	171.046	0	
-76.726	-2.93848	196.708	0	
-77.7178	-3.72744	188.191	0	
-73.0168	-8.31867	244.946	0	
-68.2004	-10.1983	221.857	0	
-68.7165	-6.54744	173.217	0	
-69.4643	-4.96198	169.612	0	
-67.7399	-7.16568	187.424	0	
-67.6073	-5.31208	196.399	0	
-160.798	-9.331	508.614	0	
-158.238	-13.336	735.171	0	
-97.5329	-9.09226	434.075	0	
-101.493	-11.286	770.666	0	
-94.8251	-11.25	726.299	0	
-94.3472	-12.5548	851.561	0	
-168.55	-3.22887	445.579	0	
-167.812	-5.64583	493.139	0	
-164.309	-9.17438	616.904	0	
-163.054	-11.0073	693.007	0	
-152.484	-11.1053	465.454	0	
-151.664	-13.1596	625.444	0	
-106.813	-14.4771	1131.68	0	
-106.217	-9.37718	417.928	0	
-45.5327	-11.2535	353.54	0	
-42.1872	-10.2485	365.59	0	
-118.698	-12.4812	816.595	0	
-115.306	-10.3015	493.857	0	
-18.8746	-11.8102	842.018	0	
-21.8807	-8.41977	941.292	0	
127.532	-14.2993	512.762	0	
128.841	-14.5647	508.362	0	
-49.7668	-11.0054	281.614	0	
-47.5809	-12.3051	298.143	0	
-73.6037	-9.48316	296.344	0	
-69.4454	-10.8292	242.087	0	
-69.5637	-8.36105	184.639	0	
-70.7405	-8.97021	231.287	0	
-159.994	-12.6031	720.744	0	
-160.342	-13.8124	793.446	0	
-169.87	-3.42716	432.647	0	
-168.437	-4.91519	474.382	0	
-172.348	-3.37704	393.846	0	
-172.185	-5.76144	454.062	0	
-169.436	-7.45189	500.18	0	
-167.116	-7.57003	555.435	0	
-168.191	-10.9249	637.475	0	
-164.284	-12.1291	711.581	0	
-46.9368	-11.4287	289.964	0	
-45.0866	-13.0194	286.037	0	
-44.6368	-11.9141	298.394	0	
-43.6032	-11.5293	340.544	0	
-117.439	-10.5144	522.405	0	
-116.899	-8.56896	311.736	0	
-21.1893	-10.5144	902.42	0	
-19.7716	-7.32684	938.31	0	
-160.843	-11.4931	676.667	0	
-161.532	-14.0563	815.228	0	
-175.504	-5.42047	342.927	0	
-173.308	-6.84448	399.719	0	
-170.865	-9.95598	553.165	0	
-168.212	-6.782	526.948	0	
-165.717	-9.68627	644.484	0	
-163.739	-7.65553	538.401	0	
-42.6117	-13.9664	257.109	0	
-41.3844	-11.7585	327.366	0	
-117.215	-11.9914	643.555	0	
-116.073	-12.5823	832.651	0	
-21.1523	-12.1234	824.438	0	
-19.9928	-12.9023	684.892	0	
-20.1867	-9.63122	975.491	0	
-16.4192	-9.27657	1029.74	0	
-169.605	-8.88949	564.303	0	
-167.115	-8.75903	595.959	0	
-44.2826	-14.0733	233.599	0	
-39.5519	-14.7953	231.294	0	
-113.119	-3.67691	168.066	0	
-113.816	-2.13214	216.595	0	
-121.359	-2.05422	203.94	0	
-122.058	-3.62112	172.746	0	
-80.1086	-2.05422	181.509	0	
-81.0633	-3.47	172.33	0	
-88.7698	-11.2519	689.583	0	
-89.7768	-8.5285	375.342	0	
-128.346	-7.64518	215.687	0	
170.282	-1.19735	168.807	0	
-129.763	-9.73654	344.738	0	
-126.416	-11.0632	450.378	0	
-124.046	-9.75568	351.851	0	
-30.1662	-11.0632	721.683	0	
-27.7963	-9.75568	842.057	0	
-143.896	-11.0247	381.135	0	
-171.416	-2.21305	393.144	0	
-138.931	-10.0078	379.83	0	
144.112	-9.71954	174.404	0	
142.274	-11.2736	187.389	0	
149.73	-15.3742	309.143	0	
158.332	-15.4849	384.537	0	
160.089	-13.9119	347.834	0	
164.161	-19.3881	404.053	0	
-156.248	-14.8421	854.632	0	
-152.272	-17.3138	1023.98	0	
-39.8871	-11.4511	335.868	0	
-36.2106	-10.0971	437.209	0	
-106.312	-10.6888	679.228	0	
-106.776	-13.0836	939.328	0	
-100.908	-15.5847	1207.24	0	
-98.3732	-12.007	884.063	0	
121.701	-8.41882	266.212	0	
119.942	-9.1473	308.391	0	
161.321	-12.4442	318.015	0	
165.303	-12.2809	286.637	0	
-81.8711	-14.2626	985.054	0	
-80.3544	-16.5271	1123.65	0	
-76.2434	-11.5113	591.46	0	
-73.0196	-11.7428	406.472	0	
-107.61	-8.86919	433.835	0	
-107.493	-11.1932	659.132	0	
123.676	-13.2419	579.18	0	
126.299	-15.652	538.561	0	
-74.9157	-9.73464	369.667	0	
-74.8145	-11.2344	395.895	0	
-67.0615	-10.9353	236.229	0	
-66.0596	-10.2554	185.965	0	
-67.0963	-12.2567	255.664	0	
-64.842	-13.1763	249.16	0	
-63.7093	-9.42036	170.073	0	
-66.3126	-8.94899	199.626	0	
-72.4829	-10.5268	319.134	0	
-71.6519	-13.5385	532.924	0	
-162.297	-13.0457	752.685	0	
-161.957	-11.6918	697.198	0	
-165.67	-11.4151	692.324	0	
-165.967	-15.9289	900.436	0	
-162.431	-16.542	916.27	0	
-159.083	-15.4553	889.474	0	
-117.187	-15.3789	1148.16	0	
-113.811	-14.0865	966.743	0	
-22.6355	-12.6132	732.208	0	
-25.1717	-14.4896	526.478	0	
-17.9353	-8.99948	1022.97	0	
-15.5244	-7.51778	1022.53	0	
-172.423	-9.38597	463.524	0	
-166.878	-12.0042	706.909	0	
170.282	-2.32133	172.535	0	
169.087	-0.561988	167.748	0	
171.254	-3.15579	178.766	0	
173.515	-3.27449	185.148	0	
-174.716	-0.673031	332.767	0	
-170.416	-2.53881	417.94	0	
145.948	-8.77616	175.836	0	
146.684	-12.8535	231.221	0	
158.459	-12.9329	352.433	0	
161.242	-13.751	332.811	0	
-152.492	-19.0844	1081.53	0	
-149.39	-16.2621	962.022	0	
121.269	-6.79949	228.144	0	
119.62	-10.3467	370.112	0	
117.82	-13.1267	488.4	0	
119.79	-13.8855	513.824	0	
-107.918	-12.3491	852.715	0	
-105.685	-11.8531	733.243	0	
132.078	-15.7276	387.401	0	
131.191	-13.2637	459.714	0	
-163.88	-15.1631	849.721	0	
-160.207	-16.4614	903.563	0	
-113.258	-21.7537	1366.88	0	
-112.067	-14.887	1168.86	0	
-110.061	-13.9642	1057.02	0	
-113.714	-12.2872	833.682	0	
-19.9173	-14.9215	513.92	0	
-17.1187	-14.1347	503.652	0	
-176.214	-9.32744	364.033	0	
-174.67	-13.2149	511.114	0	
-169.951	-11.3398	633.616	0	
-167.508	-14.1365	748.152	0	
169.284	-5.29384	182.354	0	
176.084	-7.17351	196.589	0	
176.124	-0.715465	184.862	0	
172.357	-1.16735	178.901	0	
-177.308	-0.673031	293.357	0	
-173.5	-2.9261	358.794	0	
-169.696	-1.41484	422.178	0	
-171.416	-1.08908	410.715	0	
148.506	-13.6595	276.479	0	
147.55	-10.5638	216.593	0	
156.091	-14.8579	390.444	0	
157.773	-14.4575	360.342	0	
156.429	-17.8556	406.735	0	
159.623	-15.0492	361.448	0	
157.924	-17.1162	393.716	0	
158.668	-20.4222	412.204	0	
161.939	-16.3337	366.802	0	
163.664	-13.1117	313.53	0	
119.445	-8.16877	268.328	0	
120.992	-11.1271	435.673	0	
118.242	-8.13304	227.579	0	
118.582	-10.3439	342.533	0	
117.707	-6.9583	222.474	0	
115.715	-8.52101	246.574	0	
-109.679	-12.6795	830.788	0	
-108.338	-15.0272	1118.36	0	
-163.354	-20.1405	998.673	0	
-162.08	-18.7721	974.109	0	
155.154	-16.6247	381.979	0	
160.527	-18.2956	400.14	0	
160.674	-16.4408	388.762	0	
159.068	-18.5353	406.038	0	
114.188	-8.75159	234.475	0	
113.54	-10.1465	292.019	0	
-108.855	-17.2552	1272.38	0	
-107.253	-19.132	1329.86	0	
163.761	-17.4422	373.113	0	
163.427	-14.5236	340.384	0	
116.109	-10.7667	345.57	0	
117.554	-11.4215	400.248	0	
-99.9578	-11.1949	664.639	0	
-96.8635	-10.5696	659.385	0	
-29.0474	-14.5783	447.574	0	
-26.822	-15.9171	341.079	0	
-145.093	-14.1258	820.826	0	
-140.545	-15.5394	959.993	0	
-150.236	-14.7317	818.207	0	
-147.478	-16.4029	983.08	0	
174.032	-9.13412	221.781	0	
170.778	-5.03526	185.788	0	
137.73	-15.3145	252.007	0	
143.655	-11.3612	190.712	0	
134.728	-11.8814	325.093	0	
137.58	-12.5875	269.061	0	
134.119	-14.12	359.496	0	
135.173	-15.0898	326.682	0	
132.384	-14.3246	422.536	0	
130.989	-16.538	412.805	0	
135.641	-17.4655	266.75	0	
139.03	-14.6722	254.168	0	
132.007	-19.3229	263.316	0	
133.577	-16.6191	333.791	0	
133.578	-17.9236	295.294	0	
137.427	-23.8516	119.588	0	
137.763	-17.1858	243.242	0	
140.575	-15.4802	210.179	0	
129.895	-19.3301	277.145	0	
133.662	-20.7464	198.482	0	
133.554	-22.5299	126.734	0	
136.655	-18.2327	226.089	0	
135.62	-24.3767	89.8451	0	
136.226	-20.2517	211.615	0	
134.647	-18.5552	249.465	0	
134.833	-20.1335	198.01	0	
-50.4812	-20.0855	283.608	0	
-46.7855	-17.8227	244.006	0	
-138.695	-12.3478	579.326	0	
-137.987	-17.9148	1157.18	0	
-85.8966	-10.0868	498.809	0	
-82.9846	-10.3973	498.53	0	
-47.5687	-16.6779	228.549	0	
-44.0559	-16.6553	207.947	0	
-87.7229	-12.797	894.935	0	
-85.4635	-12.7636	868.383	0	
-157.487	-15.7844	910.85	0	
-157.165	-17.6552	991.117	0	
166.722	-15.7382	327.536	0	
169.616	-9.74383	242.153	0	
122.805	-18.606	385.354	0	
128.546	-17.6502	416.777	0	
-68.8197	-12.2043	331.447	0	
-68.2407	-15.3522	451.901	0	
-63.8594	-14.3178	274.389	0	
-61.9517	-10.5567	169.462	0	
-151.035	-20.3256	1132.82	0	
-150.375	-17.6315	1016.12	0	
-13.8782	-13.4027	552.834	0	
-16.0716	-11.0741	916.53	0	
172.025	-6.41877	198.905	0	
171.725	-8.55725	201.972	0	
176.197	-3.63583	186.758	0	
180.308	-3.14016	194.616	0	
174.828	-2.59351	183.013	0	
-174.724	-3.71017	344.91	0	
153.284	-17.0523	376.482	0	
152.221	-13.2745	325.162	0	
-160.995	-22.7145	1079.86	0	
-154.325	-19.5767	1109.02	0	
111.508	-10.8739	367.977	0	
109.668	-14.6462	572.583	0	
168.811	-17.6369	356.078	0	
169.295	-12.2288	249.421	0	
-146.144	-18.2465	1091.34	0	
-143.194	-15.8431	987.291	0	
141.923	-14.5422	223.188	0	
144.184	-14.7708	222.034	0	
-49.1033	-14.1435	206.904	0	
-47.9371	-19.7	302.146	0	
-159.691	-17.8037	988.177	0	
-158.29	-20.5585	1072.65	0	
163.858	-8.68003	248.95	0	
165.421	-10.7726	272.969	0	
124.968	-19.0846	357.872	0	
127.411	-22.2864	171.847	0	
-68.7773	-16.9446	658.085	0	
-66.0935	-17.8489	595.43	0	
-65.6234	-16.2787	442.772	0	
-62.655	-16.9711	387.734	0	
-64.4239	-19.7882	616.092	0	
-62.5099	-19.2959	535.619	0	
-60.2734	-20.5691	499.782	0	
-56.2248	-15.0805	173.848	0	
-61.8899	-13.0769	187.374	0	
-60.0809	-12.6709	173.395	0	
-150.873	-22.7978	1236.85	0	
-143.585	-18.3439	1105	0	
175.362	-5.42785	196.242	0	
177.805	-7.0777	202.711	0	
178.982	-3.90655	194.682	0	
177.507	-1.43187	188.575	0	
-180.008	-0.71077	250.98	0	
-176.012	-2.69212	317.888	0	
-44.0007	-19.2297	249.327	0	
-46.3888	-15.4993	220.089	0	
-160.643	-19.1818	1011.17	0	
-159.943	-20.7772	1053.89	0	
-70.438	-17.7245	868.183	0	
-70.1362	-19.6582	893.137	0	
-183.27	-0.807917	219.76	0	
-177.258	-3.4128	302.118	0	
-44.8021	-17.8812	233.253	0	
-44.8594	-15.4183	245.135	0	
-162.97	-22.4874	1038.88	0	
-157.616	-24.1417	1149.38	0	
-73.0245	-15.3859	708.573	0	
-74.2325	-18.661	1059.06	0	
-71.5473	-23.1388	1155.97	0	
-67.5259	-23.4954	1075.68	0	
-178.49	-2.77751	274.184	0	
-179.075	-5.39287	266.276	0	
-44.3418	-20.9984	353.936	0	
-41.5285	-15.3946	186.847	0	
-183.089	-6.50067	225.409	0	
-174.667	-10.6941	448.816	0	
-42.4431	-22.6509	391.276	0	
-39.9091	-19.0177	266.603	0	
-42.3493	-18.4785	199.894	0	
-36.7776	-11.6402	363.413	0	
99.71	-11.008	122.36	0	
102.716	-11.8138	219.201	0	
98.1495	-10.2717	39.1347	0	
98.515	-13.4901	206.009	0	
95.5398	-10.3576	32.904	0	
92.7424	-10.6819	42.0213	0	
98.2939	-15.5647	267.549	0	
99.9134	-16.7698	437.039	0	
95.0203	-9.12008	71.257	0	
90.9876	-12.6051	73.9949	0	
95.4738	-13.4415	154.005	0	
94.2369	-11.3359	94.8281	0	
96.1087	-15.6185	219.704	0	
92.0908	-16.7263	244.891	0	
96.0919	-7.5492	116.446	0	
93.5042	-7.31663	148.134	0	
92.3498	-6.52452	123.033	0	
91.1601	-7.13114	213.107	0	
89.5664	-6.39137	264.816	0	
88.9605	-9.88299	126.155	0	
90.3682	-9.85281	63.4826	0	
93.9174	-12.7816	45.1889	0	
102.568	-24.2974	433.012	0	
106.789	-12.7621	337.653	0	
87.6353	-12.92	134.121	0	
92.1877	-13.4758	119.135	0	
89.5696	-13.3259	123.958	0	
91.233	-14.9641	139.707	0	
87.3465	-11.4524	122.302	0	
86.0806	-14.0595	109.418	0	
82.6556	-16.4089	63.2412	0	
84.4945	-18.0524	64.058	0	
43.6407	-9.92322	174.577	0	
46.3285	-12.4989	30.4272	0	
42.2657	-11.5656	126.5	0	
42.5214	-13.5601	76.4322	0	
47.3974	-14.6857	17.1978	0	
49.4724	-12.8789	29.0731	0	
46.095	-18.7914	14.9635	0	
47.9217	-19.7181	12.3103	0	
51.2254	-12.7134	37.0647	0	
49.7375	-9.99326	61.6798	0	
46.3455	-14.0459	24.8869	0	
48.9848	-17.0463	12.482	0	
51.6402	-15.9661	22.2554	0	
52.2414	-14.0877	28.3711	0	
43.9327	-13.5393	48.3053	0	
44.7106	-19.6871	18.453	0	
37.7669	-17.2653	83.5055	0	
43.2102	-17.1502	29.2476	0	
45.9623	-17.0941	17.1265	0	
44.5545	-16.3973	22.8088	0	
58.5758	-18.494	81.5133	0	
55.5046	-16.6279	45.9394	0	
44.5745	-21.8553	16.9619	0	
51.6319	-21.4948	25.0986	0	
41.9831	-15.6609	51.3895	0	
35.0658	-16.1514	143.666	0	
34.5219	-24.4261	122.614	0	
41.28	-19.745	37.8198	0	
-172.429	-7.96936	476.716	0	
-171.306	-6.88632	438.445	0	
-37.9791	-16.6784	104.615	0	
-33.0329	-12.8899	403.643	0	
-78.5895	-15.8533	972.997	0	
-76.2386	-18.7932	1107.79	0	
-21.5708	-16.1899	260.069	0	
-23.1295	-14.6606	526.283	0	
151.986	-15.5542	343.068	0	
152.506	-19.2716	357.057	0	
158.697	-24.6626	423.433	0	
165.975	-21.1723	403.458	0	
-111.379	-17.2602	1260.25	0	
-113.692	-19.0656	1318.08	0	
-31.1876	-14.8364	362.649	0	
-32.3303	-19.3006	130.953	0	
129.582	-30.3003	31.6019	0	
148.785	-27.2562	233.79	0	
-17.7081	-18.1016	189.371	0	
-15.3926	-14.7472	383.575	0	
-11.9361	-13.9342	410.605	0	
-11.0395	-9.5579	940.373	0	
116.071	-16.9336	477.89	0	
114.119	-13.3502	454.351	0	
-146.449	-22.6683	1277.11	0	
-143.476	-23.754	1304.87	0	
-154.864	-21.7057	1157.11	0	
-153.09	-28.731	1262.89	0	
178.603	-8.91931	210.277	0	
180.322	-8.3601	206.242	0	
183.022	-2.45804	193.425	0	
177.58	-3.00618	189.721	0	
181.864	-0.807917	198.944	0	
180.487	-6.56003	204.21	0	
186.807	-4.5585	208.837	0	
-181.563	-1.51869	244.649	0	
-168.616	-19.7544	890.417	0	
-156.146	-26.0053	1207.45	0	
-159.921	-24.5575	1133.45	0	
-152.868	-23.6855	1205.11	0	
-180.559	-7.21116	272.801	0	
-176.796	-15.1502	448.208	0	
-44.9303	-25.7195	607.186	0	
-34.7139	-26.3767	486.274	0	
61.8027	-16.5639	58.598	0	
55.4356	-12.5814	70.4834	0	
53.3915	-17.6888	27.6792	0	
54.666	-14.3528	54.2788	0	
40.8289	-21.8094	34.5277	0	
45.8935	-26.3601	26.1315	0	
148.135	-17.0366	286.098	0	
149.613	-19.4359	303.798	0	
163.485	-26.685	462.423	0	
164.414	-23.475	430.187	0	
162.192	-20.1345	409.936	0	
161.97	-22.4118	426.634	0	
-19.7442	-19.8506	49.6838	0	
-14.323	-20.5099	57.8412	0	
177.99	-11.1924	221.081	0	
179.39	-12.812	231.963	0	
183.476	-8.80156	213.72	0	
182.163	-5.79847	202.097	0	
-186.51	-0.853077	193.162	0	
-184.747	-1.66099	212.438	0	
53.3412	-19.3274	28.2649	0	
54.8725	-21.1051	39.7014	0	
175.14	-11.3114	229.125	0	
178.169	-15.654	255.81	0	
185.461	-10.5077	215.531	0	
185.484	-6.32135	209.569	0	
-190.424	-0.969457	175.808	0	
-183.211	-4.0966	226.801	0	
181.47	-18.1741	273.549	0	
185.382	-16.1548	237.958	0	
184.103	-12.4867	232.422	0	
189.412	-11.128	219.53	0	
-184.688	-3.33384	205.856	0	
-190.242	-7.1988	177.85	0	
190.819	-13.0415	231.442	0	
190.553	-8.90759	219.331	0	
-185.37	-6.82375	198.414	0	
-181.343	-12.7712	282.913	0	
-7.58889	-3.04514	256.102	0	
-6.87397	-5.16899	372.347	0	
9.48536	-19.1099	72.0408	0	
6.04475	-18.1756	96.7907	0	
2.17582	-20.3753	76.1799	0	
7.52486	-27.5289	183.714	0	
11.7972	-19.491	46.3815	0	
12.2893	-16.343	72.4016	0	
-59.7352	-15.6728	210.846	0	
-52.6579	-18.4408	261.307	0	
-58.057	-16.5963	255.736	0	
-57.9776	-18.9684	322.112	0	
-101.17	-17.6675	1299.11	0	
-97.975	-19.1276	1327.92	0	
115.807	-14.5384	493.316	0	
114.147	-18.6394	495.827	0	
122.325	-16.5157	509.648	0	
121.449	-12.5936	542.255	0	
-105.228	-26.0911	1407.56	0	
-99.6855	-19.4265	1337.83	0	
122.173	-26.6242	84.4242	0	
131.616	-23.1133	129.664	0	
-138.771	-20.9002	1278.29	0	
-132.239	-21.1525	1335.66	0	
118.999	-19.5815	338.114	0	
125.32	-21.3013	220.162	0	
168.344	-20.4988	370.085	0	
174.14	-15.9425	271.346	0	
-77.4734	-22.2094	1286.14	0	
-73.4157	-20.3258	1097.37	0	
-72.4842	-17.2892	843.616	0	
-76.8118	-16.9713	990.25	0	
-80.8854	-21.3116	1322.54	0	
-74.1771	-26.9245	1283.98	0	
-76.7413	-24.752	1284.49	0	
-74.8664	-25.1486	1286.79	0	
-78.2509	-26.6914	1344.21	0	
-77.6179	-28.6847	1332.08	0	
-72.2239	-27.1967	1279.34	0	
-69.8462	-24.3565	1174.41	0	
-71.4314	-29.2713	1272.84	0	
-69.2933	-29.624	1262.93	0	
-74.6339	-30.2837	1320.64	0	
-72.0191	-33.413	1316.67	0	
-65.8458	-31.9086	1233.41	0	
-63.9357	-23.6534	945.697	0	
-65.6414	-24.8647	1045.84	0	
-64.963	-21.5092	858.746	0	
-64.6263	-29.2374	1191.23	0	
-58.9097	-27.4983	989.507	0	
81.3966	-14.4626	84.9839	0	
80.8871	-19.7572	42.8424	0	
93.5507	-30.1262	163.145	0	
95.9431	-19.773	370.538	0	
-35.7264	-15.8693	225.111	0	
-33.1011	-16.9386	98.9928	0	
-28.4226	-22.2865	96.9348	0	
-20.168	-22.3728	103.825	0	
-32.735	-23.7696	287.188	0	
-23.7242	-23.89	102.95	0	
139.988	-24.8944	130.459	0	
140.985	-17.5897	217.457	0	
-15.0412	-16.5109	195.768	0	
-7.74352	-14.6384	311.556	0	
-160.98	-27.3867	1115.96	0	
186.807	-2.61958	206.522	0	
-153.572	-25.9234	1220.86	0	
150.4	-24.9676	280.92	0	
154.708	-20.7709	409.018	0	
-13.9572	-23.1339	72.9159	0	
-13.1582	-17.1213	114.619	0	
-9.32948	-22.9444	61.9853	0	
-9.25279	-16.2938	119.56	0	
-12.6177	-19.3765	65.4279	0	
-10.1082	-20.3498	47.2459	0	
-188.376	-1.82253	184.838	0	
193.519	-12.6611	225.774	0	
192.829	-8.1815	218.949	0	
191.022	-3.96936	215.787	0	
189.174	-0.969457	210.377	0	
-61.8046	-24.3888	867.108	0	
-51.4479	-25.3525	620.497	0	
-103.083	-19.0077	1326.63	0	
-102.813	-21.5098	1364.24	0	
-96.3884	-20.9734	1360.47	0	
-94.7255	-17.8159	1300.16	0	
114.142	-21.5618	269.384	0	
119.915	-23.5118	189.749	0	
125.125	-31.3609	22.5947	0	
127.085	-31.8776	32.7566	0	
120.202	-25.6513	87.4866	0	
123.539	-22.9786	180.353	0	
-78.9577	-32.6506	1369.26	0	
-72.5996	-30.7616	1313.67	0	
138.652	-31.6476	69.2077	0	
141.394	-28.2889	64.2521	0	
141.094	-22.8372	129.249	0	
144.021	-23.0027	181.752	0	
-5.59057	-14.5842	315.699	0	
-6.74916	-10.8136	581.653	0	
189.314	-4.92657	213.373	0	
195.236	-4.47171	220.809	0	
-194.312	-1.02366	162.249	0	
-192.197	-1.99311	168.244	0	
196.303	-14.9643	234.461	0	
201.783	-6.61656	234.813	0	
-104.981	-23.2057	1388.5	0	
-100.004	-27.1727	1410.1	0	
-99.2346	-24.1625	1394.81	0	
-89.0947	-21.3288	1354.22	0	
121.184	-20.0353	322.486	0	
118.158	-21.9011	220.898	0	
118.527	-26.9453	98.5455	0	
124.825	-29.179	47.8284	0	
-81.7987	-31.6481	1380.93	0	
-82.2204	-38.2252	1375.47	0	
-77.8405	-31.0088	1350.7	0	
-74.1264	-34.0865	1335.34	0	
-77.5961	-36.0951	1352.98	0	
-74.8307	-36.5972	1343.98	0	
-72.2846	-40.3416	1323.22	0	
-69.7888	-34.0926	1300.63	0	
-4.45612	-16.382	106.38	0	
-1.00039	-12.9688	507.668	0	
195.236	-2.14504	221.626	0	
-199.008	-1.16333	154.232	0	
-194.241	-5.35766	160.928	0	
-97.8814	-29.7558	1412.5	0	
-92.5902	-26.896	1407.75	0	
-93.7965	-24.3828	1391.79	0	
-86.205	-26.6641	1386.84	0	
116.124	-23.031	232.323	0	
117.139	-30.3232	50.5925	0	
117.378	-32.7602	28.8631	0	
120.783	-30.0733	48.543	0	
125.763	-26.7752	70.4408	0	
123.859	-25.2721	85.4055	0	
-8.334	-18.4994	61.7251	0	
-1.74201	-19.6199	88.0247	0	
193.137	-5.32657	221.122	0	
192.996	-0.981703	218.995	0	
-192.126	-4.00045	169.37	0	
-192.148	-8.72571	169.475	0	
108.021	-19.1953	649.163	0	
115.152	-29.4312	60.1058	0	
113.476	-30.7125	58.173	0	
117.57	-38.0214	21.0155	0	
-11.4732	-24.595	68.8844	0	
-4.20583	-20.4009	56.5568	0	
0.0105616	-21.1559	87.3609	0	
1.62055	-17.8515	169.29	0	
-189.584	-12.2259	195.333	0	
-187.186	-8.40345	193.43	0	
111.448	-26.5276	134.042	0	
111.049	-30.9024	65.315	0	
119.595	-36.3416	18.0239	0	
123.506	-35.7101	17.1891	0	
-0.568083	-23.9236	67.7524	0	
4.25115	-22.2248	63.077	0	
111.159	-23.7852	302.538	0	
99.2412	-26.1115	334.251	0	
110.056	-34.0107	36.7675	0	
113.778	-32.7934	37.0945	0	
127.292	-34.4566	21.3763	0	
122.964	-33.2228	29.2461	0	
106.048	-39.5843	25.416	0	
93.9031	-37.913	243.509	0	
112.012	-34.9209	35.2191	0	
112.643	-40.2774	22.1233	0	
122.428	-40.1065	18.0344	0	
125.081	-40.6919	23.557	0	
129.447	-38.7771	27.2269	0	
131.737	-25.9511	70.1512	0	
115.183	-42.1914	25.1681	0	
115.553	-36.5761	22.718	0	
149.221	-30.9139	224.474	0	
134.709	-26.8732	65.1125	0	
131.956	-32.4436	29.9438	0	
135.201	-30.4204	34.0033	0	
31.5851	-13.3846	147.094	0	
30.9913	-10.1685	177.756	0	
27.4797	-12.8602	66.904	0	
30.0999	-17.9582	130.306	0	
32.5451	-14.4917	127.846	0	
34.7752	-12.3732	177.664	0	
26.3074	-11.5872	164.803	0	
23.8286	-13.9176	85.7793	0	
27.9365	-15.6132	66.5903	0	
27.4084	-17.2102	97.0936	0	
30.57	-16.388	105.449	0	
39.8905	-18.9922	52.2986	0	
31.1881	-19.0495	140.345	0	
33.295	-18.6497	143.511	0	
33.6952	-17.1369	148.882	0	
36.2087	-20.5047	88.9808	0	
30.7776	-20.8229	161.455	0	
34.0481	-20.1884	144.66	0	
28.092	-20.0146	127.497	0	
30.6696	-24.915	215.605	0	
26.8353	-9.66575	143.023	0	
21.9378	-8.12143	250.242	0	
25.5162	-17.7533	59.6226	0	
29.214	-21.3771	159.909	0	
24.3105	-16.691	70.7199	0	
21.3243	-19.5061	50.8904	0	
26.0818	-20.866	111.709	0	
25.4581	-23.2539	167.366	0	
29.127	-28.6777	329.571	0	
37.5001	-27.1086	94.1061	0	
19.922	-9.56281	172.776	0	
23.1309	-10.9256	168.692	0	
40.4002	-15.6191	91.2466	0	
39.1008	-13.872	153.897	0	
25.1436	-14.9636	40.0736	0	
21.7538	-14.7266	28.4323	0	
18.998	-14.3054	50.498	0	
13.665	-13.7408	109.999	0	
19.5057	-19.7177	51.0082	0	
22.4213	-17.4234	34.7899	0	
16.4114	-18.5433	32.1316	0	
18.5119	-30.2531	458.067	0	
18.0891	-17.0321	42.45	0	
16.8128	-13.2794	70.2179	0	
16.475	-14.895	68.3462	0	
15.4033	-12.6993	192.784	0	
11.9598	-13.8352	206.941	0	
10.9595	-15.6202	168.303	0	
17.9818	-15.3478	38.8237	0	
20.5711	-13.9542	68.8334	0	
21.3867	-11.9611	56.88	0	
18.4054	-12.9272	64.1318	0	
9.23878	-24.4438	103.71	0	
17.9694	-27.2609	246.29	0	
21.791	-23.0407	115.834	0	
17.792	-23.3987	112.146	0	
25.0279	-28.1803	376.131	0	
27.1592	-24.4717	222.919	0	
21.2889	-27.2548	299.117	0	
19.7652	-25.9345	175.924	0	
22.395	-32.0409	555.743	0	
29.2438	-31.4239	407.271	0	
12.5752	-31.6532	450.039	0	
23.7596	-37.6158	704.5	0	
19.988	-23.9077	117.429	0	
16.4952	-25.8503	123.211	0	
37.4955	-10.6527	306.443	0	
37.3688	-14.2137	166.691	0	
36.6854	-16.1071	158.137	0	
39.7496	-17.1189	74.3811	0	
-52.1136	-22.5337	491.258	0	
-49.1688	-25.7983	698.367	0	
90.6711	-18.4492	172.811	0	
98.2473	-20.6695	454.464	0	
102.647	-20.317	562.15	0	
110.703	-17.4068	572.427	0	
85.4161	-7.17792	257.038	0	
83.7662	-15.9059	88.4184	0	
79.2045	-11.5932	134.321	0	
78.2238	-12.4223	102.562	0	
76.3959	-14.1333	52.4787	0	
78.2471	-14.713	57.216	0	
74.9698	-12.277	59.0331	0	
71.4641	-13.4828	26.2851	0	
76.199	-18.3058	27.1613	0	
81.725	-15.6716	63.2231	0	
68.8924	-12.9378	15.9227	0	
75.4035	-17.5202	27.0805	0	
75.7888	-16.3783	27.2875	0	
80.9436	-21.8499	46.038	0	
67.834	-14.9315	23.4855	0	
69.0869	-16.9582	21.775	0	
73.9733	-18.9253	26.841	0	
71.9617	-20.2892	37.6354	0	
77.787	-23.1035	48.5577	0	
78.9685	-23.5193	57.5682	0	
63.4611	-13.1096	15.2655	0	
64.6017	-20.3398	88.7435	0	
71.8388	-18.298	26.0024	0	
71.5803	-16.249	21.9803	0	
70.7934	-24.7215	116.99	0	
79.8306	-30.671	228.976	0	
65.1839	-14.6883	36.3954	0	
66.276	-17.2668	40.5279	0	
61.6617	-13.3541	62.9276	0	
61.2072	-15.2344	56.0428	0	
66.1068	-19.3658	47.9999	0	
69.2255	-18.3451	25.8583	0	
63.3782	-18.9512	61.9887	0	
69.6518	-23.3693	96.4248	0	
-141.771	-28.3338	1357.71	0	
-136.604	-22.8696	1332.97	0	
-177.883	-26.3903	518.683	0	
-156.993	-28.2595	1198.5	0	
41.5851	-25.4357	33.4826	0	
36.4815	-22.7193	108.874	0	
47.8153	-28.4566	26.324	0	
50.0343	-22.3055	17.1802	0	
51.4811	-19.815	18.56	0	
53.5836	-22.3881	36.422	0	
49.5754	-18.8434	13.4645	0	
48.2297	-21.5004	15.8873	0	
50.6281	-28.023	51.2722	0	
62.0294	-23.0417	162.675	0	
46.2669	-22.7419	17.8036	0	
49.4542	-23.9818	24.8902	0	
171.14	-23.2681	404.264	0	
172.174	-17.8426	326.529	0	
-64.1745	-35.006	1258.72	0	
-61.0754	-30.9416	1160.94	0	
-30.0241	-24.4428	226.869	0	
-27.7601	-29.5804	569.245	0	
-164.398	-27.7205	1068.35	0	
-175.757	-28.2262	658.116	0	
-159.522	-29.2251	1174.17	0	
-155.475	-30.2158	1217.72	0	
145.735	-25.8096	151.615	0	
158.115	-30.1112	395.679	0	
-61.2608	-26.5721	1014.62	0	
-56.7536	-26.2816	821.664	0	
-55.0022	-22.2725	455.484	0	
-57.1515	-23.8517	705.298	0	
145.009	-20.944	192.775	0	
148.338	-21.4623	263.628	0	
191.136	-20.0815	250.632	0	
201.907	-22.607	241.48	0	
197.086	-9.10704	224.821	0	
198.876	-14.5209	231.373	0	
197.625	-6.4122	227.811	0	
204.399	-2.55353	240.699	0	
-196.551	-2.18699	154.077	0	
-10.9946	-27.6247	287.823	0	
-5.06574	-28.1654	210.404	0	
-196.611	-9.48352	158.292	0	
-196.381	-12.0749	157.884	0	
-189.149	-15.193	200.407	0	
-184.506	-13.0543	249.827	0	
-4.18566	-24.8397	128.693	0	
-1.90724	-30.3795	450.423	0	
108.482	-22.6512	421.701	0	
104.61	-18.3047	615.102	0	
117.638	-40.7498	17.332	0	
120.23	-41.8218	22.7717	0	
128.924	-43.6101	34.7029	0	
131.668	-36.8748	27.0225	0	
118.258	-47.3806	31.6527	0	
124.957	-50.6629	58.9775	0	
12.9426	-18.1908	53.6433	0	
15.8162	-20.9721	60.2318	0	
31.3283	-32.8266	309.62	0	
34.7887	-30.3724	166.744	0	
24.8103	-30.7909	450.237	0	
21.5576	-35.6488	677.983	0	
-48.4049	-28.9062	837.041	0	
-42.3779	-24.9607	556.392	0	
91.6751	-20.5256	253.835	0	
94.1621	-21.2836	307.422	0	
70.0371	-22.1536	75.151	0	
66.3387	-23.7329	161.335	0	
60.0024	-12.2282	92.709	0	
59.3633	-15.1787	74.4445	0	
59.5404	-10.439	147.478	0	
57.1321	-12.3288	120.169	0	
57.7567	-16.9829	65.8116	0	
60.778	-18.0193	72.7118	0	
61.7839	-19.4664	88.2345	0	
63.4719	-16.9858	57.6911	0	
58.5471	-20.7246	88.4803	0	
60.9706	-21.2882	119.118	0	
60.7073	-8.51761	170.493	0	
57.1934	-8.27158	319.954	0	
53.772	-24.6974	56.7323	0	
64.0661	-22.6085	138.362	0	
58.8222	-24.5357	141.402	0	
68.4263	-23.5251	123.549	0	
63.2633	-29.4986	393.392	0	
65.3459	-29.1911	407.516	0	
65.6932	-26.4082	272.058	0	
72.2365	-29.4977	333.337	0	
35.136	-26.594	147.587	0	
39.1277	-25.6012	60.4383	0	
46.9197	-31.2626	44.9988	0	
55.3963	-29.8222	150.419	0	
-68.6724	-36.6113	1298.3	0	
-57.7757	-41.5695	1237.5	0	
-159.376	-32.0894	1157.76	0	
-151.471	-30.4584	1275.78	0	
-152.214	-34.4596	1275.23	0	
-149.197	-37.0159	1295.46	0	
-62.5345	-28.8871	1125.21	0	
-58.7592	-29.8733	1072.89	0	
-56.4285	-31.5254	1125.76	0	
-53.9386	-27.5212	885.391	0	
202.467	-15.704	234.88	0	
204.435	-13.2647	235.481	0	
-198.947	-5.95867	153.231	0	
199.758	-5.31699	227.046	0	
-203.675	-9.11706	146.54	0	
-198.874	-8.48637	152.736	0	
-13.6518	-29.6827	312.984	0	
-5.33037	-36.4008	959.254	0	
-201.173	-2.41531	151.158	0	
-201.064	-10.0161	149.719	0	
-193.994	-12.9501	169.107	0	
-188.284	-22.2288	235.959	0	
120.854	-44.7462	24.8675	0	
115.179	-45.8977	25.959	0	
126.007	-47.9635	38.767	0	
132.809	-48.095	66.4652	0	
130.781	-41.5526	30.4875	0	
133.958	-42.1936	42.615	0	
28.8949	-37.3208	498.7	0	
43.0123	-37.6141	53.7701	0	
26.6696	-43.31	637.114	0	
35.1615	-41.0756	222.386	0	
-50.5093	-31.3292	1036.63	0	
-48.7446	-34.2009	1093.34	0	
-45.6685	-28.5257	823.499	0	
-40.6514	-30.0814	895.63	0	
90.8198	-24.8655	164.605	0	
93.0382	-26.2041	192.123	0	
87.2783	-23.766	105.237	0	
81.1064	-27.3066	110.891	0	
105.881	-29.2872	122.395	0	
97.4238	-23.552	360.18	0	
51.2403	-25.4804	30.4965	0	
52.7086	-30.5065	77.6868	0	
71.105	-27.0062	217.155	0	
76.4502	-28.9149	199.166	0	
33.3623	-28.364	185.338	0	
37.6067	-29.4923	94.4301	0	
-156.635	-32.5476	1221.88	0	
-154.993	-35.064	1215.8	0	
-58.2869	-34.9437	1193.44	0	
-50.2448	-36.9066	1177.06	0	
208.341	-5.32545	239.913	0	
202.429	-1.23145	231.193	0	
-206.398	-5.43989	147.157	0	
-203.711	-1.25197	149.472	0	
-198.083	-17.4332	154.552	0	
-193.572	-15.4113	174.265	0	
-206.689	-11.7265	140.288	0	
-200.918	-12.632	148.915	0	
31.1928	-35.5064	336.817	0	
39.824	-41.5262	129.043	0	
29.2701	-40.7742	483.341	0	
34.2546	-37.1365	238.538	0	
-38.2239	-32.7432	989.689	0	
-30.056	-27.448	501.306	0	
-162.229	-37.9543	1116.34	0	
-139.147	-38.3653	1358.76	0	
-195.546	-18.2758	165.889	0	
-197.547	-26.3842	187.216	0	
-193.728	-24.3252	174.706	0	
-209.207	-7.07838	144.213	0	
-207.998	-17.4334	133.488	0	
203.887	-5.01644	234.558	0	
199.891	-2.39479	232.971	0	
-191.216	-19.7392	197.915	0	
-194.136	-20.9502	193.929	0	
-211.094	-19.2763	130.766	0	
-202.781	-17.1204	142.489	0	
205.963	-6.33895	239.761	0	
207.343	-1.32208	237.429	0	
205.914	-8.7173	238.317	0	
210.501	-6.82473	242.745	0	
203.065	-9.08554	235.062	0	
207.554	-12.7649	239.586	0	
214.647	-1.63878	240.254	0	
209.208	-2.77149	242.099	0	
210.082	-15.2393	239.698	0	
212.989	-14.6082	238.827	0	
212.67	-11.2548	241.548	0	
212.571	-3.08819	242.088	0	
204.304	-18.7394	237.192	0	
204.286	-26.8445	255.087	0	
215.997	-10.3165	240.156	0	
217.872	-2.76925	245.609	0	
220.422	-1.13047	242.051	0	
67.5178	-12.7935	38.2181	0	
71.0934	-11.3314	61.8539	0	
66.7686	-14.1832	14.9918	0	
69.0197	-14.2121	23.1948	0	
70.0565	-14.7791	18.6294	0	
70.1582	-12.6	45.0363	0	
70.297	-16.0287	20.6508	0	
72.2092	-15.212	20.9014	0	
73.298	-15.0762	31.766	0	
73.5638	-13.9267	27.0881	0	
73.98	-15.8977	23.2745	0	
75.0899	-15.6179	32.8616	0	
76.2014	-12.6325	74.9178	0	
70.852	-8.46657	189.222	0	
73.593	-16.9568	24.8266	0	
74.3176	-17.8189	23.6791	0	
76.9328	-16.1553	34.0605	0	
77.2584	-14.9966	39.7118	0	
78.3959	-9.65965	240.276	0	
73.0277	-8.16126	331.306	0	
74.0721	-11.0606	132.378	0	
74.4645	-9.33995	196.324	0	
72.2821	-17.1723	20.7786	0	
70.6083	-18.8012	29.7136	0	
77.1958	-17.4304	28.7959	0	
79.6093	-16.2524	41.987	0	
78.5031	-13.5797	74.5462	0	
77.1618	-11.7883	122.668	0	
74.7595	-19.7769	30.2293	0	
75.8994	-19.4562	28.9309	0	
79.5506	-13.4134	88.5502	0	
79.9302	-12.3538	127.127	0	
80.2388	-14.1849	77.4069	0	
81.002	-12.2202	129.48	0	
79.4152	-15.1319	57.0236	0	
80.7612	-16.5144	50.9932	0	
81.3466	-10.8972	212.411	0	
80.5295	-9.94273	223.133	0	
80.9416	-17.7878	47.8246	0	
84.8372	-16.5797	88.623	0	
80.5692	-8.72601	280.875	0	
76.5199	-7.41859	363.735	0	
80.3297	-18.7659	36.8817	0	
83.0131	-18.5626	58.9823	0	
82.2452	-17.5929	52.4474	0	
82.2669	-19.7487	44.4839	0	
81.5157	-8.0818	293.296	0	
79.6787	-6.43799	363.241	0	
79.0945	-8.54067	308.752	0	
75.9182	-8.96436	277.165	0	
78.3166	-17.6227	32.5597	0	
80.355	-22.9427	56.5092	0	
82.1357	-21.7879	50.3862	0	
85.3368	-19.4977	87.1324	0	
70.5839	-20.1399	37.5432	0	
72.8054	-19.1887	27.7209	0	
74.3566	-21.0715	37.8843	0	
75.2033	-21.981	43.0343	0	
78.0942	-19.944	34.1069	0	
78.8567	-18.8629	31.4671	0	
86.3497	-15.6103	127.615	0	
84.2283	-14.381	122.186	0	
82.6992	-8.66449	256.45	0	
83.2714	-6.65384	288.786	0	
82.5697	-10.2631	203.552	0	
85.5091	-10.589	155.715	0	
84.0207	-5.87943	314.074	0	
82.3457	-4.96917	301.017	0	
85.0414	-6.10679	272.64	0	
84.9489	-3.84076	255.797	0	
84.7487	-8.18327	228.079	0	
86.4408	-7.36585	212.339	0	
85.7534	-9.16967	184.536	0	
88.2616	-8.40343	130.742	0	
86.892	-8.55346	199.454	0	
88.3579	-6.99868	236.209	0	
78.9785	-20.8827	35.1873	0	
77.7968	-21.8813	43.5583	0	
69.4797	-20.8656	46.3614	0	
71.9062	-22.459	63.3201	0	
72.7266	-21.3203	41.0394	0	
72.2582	-23.8988	83.9157	0	
76.2777	-24.0564	70.0987	0	
76.4117	-21.4623	38.5944	0	
81.3549	-24.3909	65.549	0	
82.9065	-22.9007	60.1193	0	
68.4115	-19.7714	43.4248	0	
67.2405	-22.5395	98.7989	0	
76.3598	-25.5147	91.6683	0	
77.7326	-26.1557	108.63	0	
82.7143	-24.4109	70.6468	0	
84.4381	-22.4244	70.0235	0	
73.5759	-25.7044	111.428	0	
74.9919	-28.0938	177.896	0	
79.6117	-28.2756	167.184	0	
80.5689	-25.635	84.0783	0	
84.4028	-25.7319	84.9579	0	
85.584	-24.1572	81.8102	0	
88.0023	-21.3612	124.332	0	
84.4587	-20.9817	57.0564	0	
64.948	-24.0095	183.076	0	
68.2011	-25.0871	162.415	0	
70.5623	-28.4488	286.158	0	
77.0738	-33.9616	479.01	0	
77.6279	-31.1545	348.956	0	
84.5857	-27.3002	114.704	0	
82.7894	-28.0082	124.278	0	
88.839	-26.2337	132.094	0	
64.2624	-25.8818	230.992	0	
66.8951	-25.1523	192.082	0	
62.633	-26.4007	265.531	0	
61.9271	-28.2366	331.837	0	
68.9358	-26.2241	220.095	0	
70.3025	-26.0142	183.459	0	
66.3157	-27.7788	324.661	0	
68.2522	-27.6599	291.035	0	
72.4872	-26.789	201.654	0	
73.5934	-24.331	95.2438	0	
68.4203	-30.9943	488.683	0	
69.0762	-28.8926	356.438	0	
73.4892	-28.3817	231.224	0	
75.1437	-26.1844	141.751	0	
66.6264	-31.1738	480.568	0	
69.9532	-32.5105	574.597	0	
60.6485	-32.6308	385.521	0	
69.7554	-36.0641	746.093	0	
90.1399	-21.7902	158.711	0	
88.1482	-17.8319	155.071	0	
80.2585	-36.4889	599.208	0	
85.0145	-30.4577	155.793	0	
81.4591	-31.6721	259.294	0	
82.9232	-29.9783	175.358	0	
61.2819	-24.9617	207.471	0	
59.9736	-28.5917	238.077	0	
82.4411	-34.683	357.396	0	
88.4141	-28.756	135.663	0	
84.7502	-34.9549	268.335	0	
89.7478	-30.7238	167.266	0	
56.9416	-31.4908	208.225	0	
59.1465	-30.4861	321.774	0	
83.3213	-44.6991	767.053	0	
91.8295	-34.9199	148.615	0	
88.3974	-32.6437	180.309	0	
89.3897	-34.9563	224.398	0	
56.8317	-34.8002	295.862	0	
64.987	-33.1246	594.886	0	
85.8594	-32.4234	229.421	0	
87.2417	-36.7073	279.648	0	
51.6932	-33.8599	124.627	0	
56.5801	-41.5834	333.511	0	
59.4798	-35.4388	466.535	0	
61.0222	-38.1866	568.831	0	
91.9796	-42.1687	259.134	0	
99.935	-46.1868	97.6683	0	
64.3661	-36.5048	718.51	0	
74.4403	-33.9699	600.762	0	
87.758	-40.9266	492.197	0	
105.966	-49.1051	105.767	0	
62.2092	-50.8451	658.842	0	
72.6977	-37.3733	813.948	0	
-115.88	-23.4479	1377.05	0	
-113.155	-27.5104	1408.36	0	
-179.971	-15.2445	348.64	0	
-176.703	-18.1631	492.685	0	
177.561	-23.9279	340.675	0	
185.726	-25.5072	318.642	0	
8.959	-31.9011	565.052	0	
13.981	-27.0073	261.916	0	
-86.3245	-23.3342	1377.3	0	
-88.6321	-28.171	1403.19	0	
-79.0413	-38.7486	1364.69	0	
-62.4291	-59.6204	1052.68	0	
-98.441	-32.5232	1411.56	0	
-94.2412	-34.7265	1406.48	0	
138.898	-39.4577	79.187	0	
145.339	-35.9875	152.515	0	
42.6463	-22.9754	29.4117	0	
38.7234	-23.3799	55.7662	0	
165.657	-30.6557	515.56	0	
178.29	-28.643	372.025	0	
155.408	-23.6133	398.989	0	
155.053	-29.4712	353.46	0	
144.214	-29.0386	158.863	0	
146.149	-32.1482	134.813	0	
-2.40237	-34.798	824.727	0	
7.12391	-34.4373	649.511	0	
4.83275	-27.0853	211.495	0	
1.02544	-25.6371	158.845	0	
43.5848	-30.2215	32.2717	0	
47.0909	-37.1518	70.2305	0	
-69.3644	-40.2378	1311.05	0	
-66.9542	-42.4848	1282.28	0	
109.199	-41.7427	35.8917	0	
111.034	-59.8222	178.503	0	
-52.0203	-44.2648	1228.85	0	
-39.201	-35.8817	1108.13	0	
-206.398	-2.64794	145.061	0	
23.3598	-41.6879	748.492	0	
26.194	-47.4257	594.05	0	
-177.665	-46.5224	620.595	0	
-182.002	-23.6494	390.411	0	
-207.697	-26.2486	134.8	0	
-200.176	-19.2487	149.571	0	
-205.416	-19.0889	140.32	0	
-204.73	-23.4379	129.536	0	
216.118	-7.54501	242.042	0	
218.796	-5.85412	241.118	0	
216.708	-15.546	240.404	0	
227.502	-2.28908	236.602	0	
218.915	-12.4561	239.211	0	
226.159	-13.5935	228.841	0	
-118.933	-21.5976	1371.47	0	
-120.708	-27.277	1397.21	0	
-114.864	-33.5638	1415.7	0	
-102.832	-28.0696	1412.93	0	
-181.408	-18.0946	333.981	0	
-174.411	-19.5483	608.002	0	
-172.014	-24.7214	785.111	0	
-168.522	-23.3955	913.246	0	
3.70136	-32.6386	709.713	0	
9.78986	-41.001	1001.85	0	
-89.3843	-31.6962	1402.71	0	
-83.6161	-34.5691	1390.05	0	
-101.141	-33.4736	1412.51	0	
-100.843	-38.1076	1403.45	0	
-103.41	-31.603	1414.89	0	
-112.433	-31.5405	1416.23	0	
-101.993	-42.096	1396.91	0	
-91.9648	-43.099	1380.85	0	
-112.1	-40.9127	1401.63	0	
-105.28	-43.7169	1396.74	0	
-99.0437	-43.5041	1388.6	0	
-98.3214	-47.9437	1364.98	0	
-92.452	-37.2565	1399.43	0	
-87.5856	-34.3692	1401.05	0	
-93.5825	-40.2949	1392.41	0	
-89.1079	-42.8245	1373.95	0	
152.406	-31.9612	294.737	0	
156.961	-35.8671	365.856	0	
140.663	-36.2367	50.0694	0	
153.439	-35.2789	304.496	0	
-7.8457	-33.2631	696.634	0	
-10.0766	-54.0484	1222.39	0	
56.8477	-48.0668	396.26	0	
54.271	-36.485	187.212	0	
-66.2797	-45.8881	1265.27	0	
-62.2074	-42.7913	1260.18	0	
-213.413	-11.3189	137.981	0	
-209.31	-1.39597	148.435	0	
-211.479	-23.7425	117.994	0	
-197.262	-31.5595	149.096	0	
-122.944	-29.8313	1405.67	0	
-120.914	-32.3117	1408.54	0	
-129.416	-27.1929	1388.39	0	
-129.504	-41.3232	1377.95	0	
-115.033	-37.5908	1413.29	0	
-106.283	-36.8133	1411.76	0	
-108.155	-27.6443	1410.71	0	
-109.167	-31.5314	1417.45	0	
-184.741	-18.629	287.864	0	
-179.684	-22.3697	429.894	0	
0.928248	-36.1656	901.22	0	
2.1808	-43.1484	1123.92	0	
-92.5331	-52.0796	1315.9	0	
-84.4634	-40.7891	1369.64	0	
158.96	-44.6794	423.64	0	
163.016	-38.9217	473.778	0	
-72.2398	-47.4736	1282.6	0	
-49.1719	-53.3609	1167.19	0	
-218.133	-6.4995	149.156	0	
-214.908	-1.474	150.182	0	
-106.817	-33.5117	1418.98	0	
-118.897	-38.2258	1405.84	0	
-174.853	-22.7499	637.166	0	
-179.301	-19.7965	428.963	0	
-185.772	-28.3413	265.761	0	
-177.527	-23.938	526.19	0	
-170.116	-30.6501	858.89	0	
-181.286	-28.6285	448.468	0	
-178.165	-31.9158	539.142	0	
-175.581	-31.3877	684.228	0	
-179.609	-36.5278	558.192	0	
-171.1	-37.781	835.428	0	
-172.152	-33.2456	788.183	0	
-172.563	-27.7453	768.968	0	
-68.5851	-48.3998	1255.29	0	
-77.7537	-42.5806	1338.01	0	
-83.574	-44.9219	1351.17	0	
-73.7624	-43.6714	1324.41	0	
164.268	-46.5955	478.161	0	
166.951	-41.9044	483.366	0	
172.553	-38.3608	496.078	0	
173.715	-32.1201	471.189	0	
-211.76	-5.76043	147.251	0	
-209.472	-10.7605	141.439	0	
-166.349	-40.9451	977.16	0	
-162.749	-33.3591	1104.39	0	
-80.0433	-46.19	1339.41	0	
-74.8991	-50.0376	1278.5	0	
-144.85	-31.2471	1344.02	0	
-132.643	-33.7271	1398.35	0	
-34.2511	-21.5803	158.274	0	
-33.4982	-28.6598	611.644	0	
-37.0272	-22.431	353.235	0	
-37.4544	-25.725	441.392	0	
-32.2085	-34.1912	987.888	0	
-16.8999	-36.8399	1017.9	0	
-17.1794	-27.5705	283.983	0	
-20.4264	-33.9148	909.06	0	
127.653	-55.3412	121.234	0	
134.706	-51.1924	108.602	0	
138.939	-50.9673	117.864	0	
135.485	-45.4125	64.2884	0	
97.1752	-30.3683	147.033	0	
98.1368	-37.7875	63.4436	0	
-42.6001	-36.4721	1109.9	0	
-28.5588	-33.1419	939.91	0	
59.7062	-41.1151	549.391	0	
65.2648	-42.5263	843.669	0	
53.8958	-39.4318	256.679	0	
55.4466	-44.6213	326.35	0	
47.8261	-41.0173	115.397	0	
51.8735	-45.2424	227.113	0	
55.414	-56.7018	270.937	0	
60.3706	-55.5823	478.464	0	
50.6186	-41.8165	161.879	0	
54.1963	-52.4966	249.873	0	
94.5079	-47.3583	379.061	0	
110.822	-45.9485	33.1329	0	
79.3646	-41.4429	805.468	0	
89.6532	-60.9973	649.097	0	
-40.9738	-48.0857	1205.45	0	
-42.0023	-40.1694	1186.51	0	
7.23778	-44.1692	1051.78	0	
22.1004	-53.7144	660.469	0	
24.0226	-63.0335	368.411	0	
46.446	-52.6471	56.1567	0	
220.431	-26.4138	240.503	0	
222.861	-10.3349	237.736	0	
141.412	-44.4584	90.7808	0	
149.114	-42.6499	265.705	0	
-11.8853	-33.277	747.918	0	
-23.1249	-43.8729	1188.23	0	
-220.1	-22.7795	109.693	0	
-218.655	-33.2815	93.7965	0	
-134.405	-29.3888	1391.68	0	
-133.722	-37.5952	1387.32	0	
-125.215	-36.3036	1401.26	0	
-127.755	-33.446	1400.82	0	
9.51607	-46.7554	1077.73	0	
7.44809	-38.4148	967.972	0	
-62.9235	-54.2514	1171.16	0	
-56.073	-63.7255	911.987	0	
-218.133	-3.14916	145.84	0	
-121.697	-41.6695	1398.03	0	
-111.169	-53.5593	1335.78	0	
-165.826	-48.6638	965.225	0	
-149.611	-42.0327	1277.37	0	
-78.7113	-49.8448	1287.57	0	
-70.1944	-55.2113	1186.37	0	
-154.849	-43.6135	1187.52	0	
-143.852	-47.4062	1274.7	0	
117.961	-55.755	133.709	0	
134.05	-64.7184	254.394	0	
141.784	-54.07	224.706	0	
144.803	-46.2451	199.308	0	
-43.4752	-42.9472	1209.51	0	
-38.4851	-41.44	1174.38	0	
-33.4479	-37.7309	1122.52	0	
-31.5707	-39.762	1149.05	0	
43.0138	-43.8365	49.2152	0	
41.6008	-48.8849	162.854	0	
99.7579	-33.7391	112.935	0	
101.64	-40.8719	107.377	0	
223.778	-18.1627	239.639	0	
-7.45926	-41.5878	1168.6	0	
-18.0402	-40.811	1145.55	0	
-131.876	-46.8735	1351.2	0	
-121.942	-51.0935	1350.58	0	
3.97145	-54.2106	1160.57	0	
19.9452	-47.8979	863.703	0	
-228.391	-1.76888	157.078	0	
-221.672	-1.67517	152.915	0	
-81.0039	-54.6242	1235.07	0	
-69.7807	-59.3629	1080.51	0	
-67.6638	-52.651	1196.91	0	
-73.7749	-53.5241	1209.39	0	
135.421	-59.5071	189.464	0	
149.698	-59.3131	347.496	0	
-32.6801	-43.0216	1184.22	0	
-37.0685	-38.5196	1147.29	0	
-42.8908	-52.3852	1183.63	0	
-35.9738	-43.9109	1201.88	0	
-28.9799	-45.4377	1209.24	0	
-23.0807	-36.5162	1028.67	0	
-40.7979	-56.9305	1137.49	0	
-35.5672	-55.7992	1170.23	0	
-27.5838	-57.1669	1152.73	0	
-14.2544	-46.1116	1210.55	0	
-28.1074	-39.2156	1135.2	0	
-26.3431	-43.2199	1200.12	0	
-20.6634	-47.3108	1209.01	0	
-17.3055	-44.9096	1187.73	0	
14.3106	-46.3261	1001.16	0	
14.4435	-40.22	983.773	0	
-236.506	-2.01029	157.142	0	
-228.268	-9.2581	146.231	0	
-78.9357	-58.6388	1171.12	0	
-66.7557	-62.1715	1040.28	0	
-21.308	-51.3869	1206.94	0	
-14.5993	-51.9446	1204.98	0	
-11.1739	-41.8313	1127.22	0	
-13.0846	-36.6582	1063.95	0	
16.5731	-49.1111	907.791	0	
20.3766	-43.7617	871.73	0	
-224.613	-6.91269	151.789	0	
-215.277	-17.9744	126.735	0	
-75.5189	-57.3458	1161.68	0	
-73.1661	-60.9403	1086.23	0	
14.9605	-53.6256	947.758	0	
26.0432	-54.3033	456.813	0	
-226.081	-13.2403	141.202	0	
-236.058	-16.1751	134.52	0	
9.67213	-52.0236	1079.94	0	
12.1937	-71.3037	295.047	0	
28.7087	-49.9967	426.412	0	
22.4528	-49.9397	660.378	0	
203.865	-32.4077	264.405	0	
208.801	-18.7744	236.583	0	
82.357	-51.7181	800.479	0	
74.4373	-42.319	927.771	0	
185.759	-32.0906	364.42	0	
181.684	-22.3112	296.503	0	
-109.887	-65.3745	1080.74	0	
231.372	-4.54047	237.458	0	
-100.948	-52.1249	1337.42	0	
-189.932	-32.5305	300.339	0	
-202.564	-35.2433	164.963	0	
-204.356	-46.6577	155.569	0	
-207.419	-32.1817	111.414	0	
-113.858	-45.7451	1390.33	0	
-106.822	-55.2975	1305.7	0	
-175.973	-40.5351	607.475	0	
-172.269	-51.4871	583.883	0	
-137.995	-45.1581	1352.81	0	
-143.433	-71.0254	803.093	0	
-232.26	-3.77917	155.993	0	
-25.4539	-52.723	1214.85	0	
-24.8936	-60.9573	1142.24	0	
-80.5614	-65.0855	975.49	0	
-77.7119	-68.0797	907.975	0	
-99.0009	-56.9842	1257.18	0	
-79.815	-80.9089	402.984	0	
-77.6821	-73.1717	687.32	0	
-69.7388	-79.4461	475.685	0	
-229.772	-17.7638	113.636	0	
-212.698	-43.3647	106.997	0	
212.326	-31.9574	253.681	0	
211.373	-22.7585	240.321	0	
185.917	-38.4799	401.205	0	
194.713	-40.6284	327.418	0	
230.864	-10.8839	234.344	0	
-119.592	-45.8669	1376.4	0	
-116.258	-55.5061	1276.05	0	
-106.51	-47.7312	1370.14	0	
-111.119	-49.025	1359.01	0	
-28.96	-49.4952	1219.62	0	
-33.676	-50.947	1212.43	0	
-34.9712	-64.8911	987.061	0	
-3.1634	-65.6233	968.862	0	
-80.9898	-76.427	613.806	0	
-73.4092	-82.5924	288.072	0	
209.076	-36.0536	259.237	0	
218.773	-32.1103	236.857	0	
182.899	-29.2754	326.675	0	
192.836	-30.0264	292.44	0	
-116.578	-62.0326	1216.58	0	
-90.8797	-64.9252	1079.89	0	
-93.4112	-77.269	494.146	0	
-105.22	-60.5861	1197.1	0	
-97.5513	-67.0471	985.415	0	
-89.8496	-59.8004	1153.22	0	
-86.0578	-68.3428	917.969	0	
-92.5563	-83.8491	465.209	0	
-71.6755	-89.0021	240.317	0	
-51.8511	-83.0191	310.791	0	
197.702	-22.959	248.226	0	
195.43	-19.0164	240.03	0	
-55.7162	-71.0162	693.528	0	
-68.5563	-70.4599	656.447	0	
-232.486	-31.3991	96.782	0	
97.5388	-71.7816	441.438	0	
122.969	-59.5697	107.681	0	
52.6054	-62.7437	205.238	0	
55.7396	-67.3263	110.287	0	
37.3496	-61.6115	46.8948	0	
42.5356	-70.2291	54.2596	0	
58.219	-83.1769	85.8648	0	
71.0724	-75.3809	316.42	0	
68.1187	-57.7916	685.472	0	
68.7432	-49.6027	894.519	0	
71.3508	-63.039	590.462	0	
77.2404	-55.1473	803.497	0	
89.322	-53.1351	645.114	0	
105.253	-56.283	190.834	0	
31.1496	-71.6509	63.2272	0	
44.0555	-59.0484	123.325	0	
35.9259	-51.5007	98.024	0	
34.0651	-57.826	232.497	0	
-159.34	-50.0856	1039.7	0	
-146.302	-55.7494	1145.14	0	
129.633	-66.9802	231.486	0	
144.678	-61.4055	315.473	0	
155.583	-61.3448	434.106	0	
153.706	-51.7924	380.424	0	
-43.8217	-62.6551	1025.62	0	
-40.5811	-67.6236	923.126	0	
-50.054	-60.975	1060.03	0	
-62.4335	-73.0062	627.739	0	
-37.4891	-79.9328	504.553	0	
-29.4375	-66.3854	976.543	0	
-16.4648	-73.8093	610.891	0	
6.74125	-86.8468	78.6145	0	
210.921	-43.4562	295.514	0	
223.749	-37.7206	264.426	0	
-99.6247	-73.1414	905.949	0	
-86.5159	-74.5923	759.943	0	
-85.2749	-56.0213	1272.84	0	
-87.7056	-51.157	1307.33	0	
-101.755	-91.1512	107.327	0	
-79.7667	-102.307	75.1566	0	
67.003	-67.5022	449.53	0	
96.7159	-63.0756	463.881	0	
135.265	-75.9415	368.717	0	
138.519	-67.5941	318.968	0	
149.842	-70.3298	415.223	0	
169.64	-58.3551	525.592	0	
-58.5792	-83.7553	306.516	0	
-49.4821	-76.6974	561.249	0	
231.441	-36.8343	244.048	0	
225.509	-23.7319	227.157	0	
123.536	-64.9145	231.031	0	
122.261	-89.0878	365.822	0	
134.861	-82.9408	388.86	0	
156.301	-68.1054	474.677	0	
140.079	-73.8119	370.366	0	
147.317	-76.0175	427.694	0	
118.351	-70.7398	266.083	0	
110.858	-69.4623	282.813	0	
18.0827	-61.1719	456.69	0	
12.0024	-65.24	644.892	0	
-203.367	-56.0157	144.522	0	
-182.765	-63.9359	289.921	0	
-199.832	-42.739	144.893	0	
-191.487	-43.9543	284.831	0	
-187.942	-56.1827	302.884	0	
-156.552	-56.8481	1008.68	0	
-227.33	-37.261	98.1049	0	
-235.982	-51.6954	81.6178	0	
-130.539	-60.3652	1178.98	0	
-117.104	-78.5667	378.119	0	
20.0422	-79.7882	54.0999	0	
45.912	-76.5039	26.8025	0	
197.452	-48.6826	387.077	0	
220.735	-72.2808	331.652	0	
150.701	-82.651	455.839	0	
159.61	-85.9064	479.413	0	
-2.18301	-75.0942	477.338	0	
30.1611	-85.6277	15.2669	0	
-9.53782	-62.0334	1071.46	0	
4.2552	-61.6733	980.263	0	
-80.1333	-91.3775	152.965	0	
-89.1063	-110.508	33.3603	0	
80.8679	-75.3507	450.38	0	
93.8176	-80.3937	364.073	0	
-63.6568	-90.1876	172.4	0	
-49.9394	-103.41	60.0554	0	
235.357	-53.8489	245.068	0	
-217.81	-48.7829	107.974	0	
-226.816	-45.7822	87.791	0	
-140.252	-62.8953	1064.15	0	
-127.119	-75.1138	835.153	0	
24.2305	-93.5041	31.9606	0	
54.0593	-93.1709	66.811	0	
143.06	-87.4448	438.359	0	
168.349	-68.2634	520.856	0	
160.996	-94.9046	475.136	0	
177.204	-93.3595	466.434	0	
-9.506	-80.2575	410.47	0	
-17.2777	-93.2004	97.1656	0	
-47.3591	-89.284	204.217	0	
-52.3812	-96.5903	103.164	0	
14.2682	-87.6174	88.4651	0	
16.4743	-94.6712	22.1464	0	
164.154	-80.7076	498.852	0	
200.832	-104.235	388.729	0	
-233.879	-60.3994	105.357	0	
13.7497	-104.946	15.2493	0	
21.4423	-109.841	14.15	0	
-0.735989	-93.6005	78.4631	0	
31.2903	-135.011	22.9374	0	
20.9209	-124.661	22.3068	0	
59.0749	-113.427	61.6743	0	
36.293	-68.355	63.452	0	
46.8535	-64.2866	47.2145	0	
-39.726	-88.0044	210.364	0	
-33.6266	-100.096	68.8232	0	
125.369	-82.4105	371.98	0	
136.573	-99.3123	410.845	0	
-217.05	-57.3569	107.341	0	
-223.953	-63.0602	114.681	0	
-189.546	-88.6943	215.089	0	
-153.388	-74.1022	560.323	0	
187.479	-57.5426	450.839	0	
185.573	-74.0241	459.609	0	
223.442	-53.7309	287.429	0	
-78.5727	-126.682	28.6037	0	
-55.6285	-112.234	32.9092	0	
86.2709	-82.5314	371.977	0	
106.93	-84.2406	343.485	0	
-160.457	-67.0707	710.038	0	
-151.302	-85.1265	462.046	0	
131.518	-111.914	363.062	0	
152.937	-98.6916	438.083	0	
168.599	-100.224	438.086	0	
174.144	-82.8416	490.238	0	
-65.7224	-115.158	29.9582	0	
-39.5846	-112.934	28.2894	0	
-28.2769	-115.025	33.2203	0	
-9.37337	-89.1248	124.771	0	
111.922	-99.3395	314.66	0	
127.964	-97.5968	375.591	0	
-233.388	-75.9558	103.652	0	
-211.215	-71.0422	132.281	0	
-220.242	-95.8024	138.082	0	
-204.901	-76.7483	143.125	0	
-218.1	-78.039	128.158	0	
-215.812	-87.1611	123.535	0	
-229.885	-101.222	135.219	0	
-214.354	-104.094	135.874	0	
-196.207	-60.8353	187.889	0	
-197.475	-71.8223	196.647	0	
195.159	-82.9401	414.519	0	
201.61	-67.182	379.892	0	
-169.189	-84.2351	364.332	0	
-157.986	-91.9895	253.569	0	
-155.292	-104.186	236.477	0	
-131.375	-107.103	141.759	0	
140.688	-127.659	352.895	0	
152.474	-115.733	406.802	0	
-69.5343	-124.181	30.2801	0	
-47.7109	-128.916	12.9836	0	
-48.2854	-118.182	31.6437	0	
-56.9741	-136.496	22.1535	0	
-14.5192	-128.517	14.4355	0	
2.7074	-110.593	12.7889	0	
-15.7014	-103.425	57.3301	0	
-4.8231	-103.96	30.7865	0	
104.187	-101.941	305.28	0	
114.039	-113.663	297.691	0	
-229.271	-115.049	133.306	0	
-202.949	-104.842	154.201	0	
-164.494	-110.3	148.715	0	
-178.348	-93.6208	168.776	0	
184.701	-97.6828	419.988	0	
216.275	-93.4986	352.296	0	
-54.3947	-150.52	11.5009	0	
97.8529	-96.7325	265.38	0	
91.7825	-114.73	192.381	0	
117.542	-120.168	295.054	0	
131.952	-120.155	353.956	0	
113.755	-126.402	275.991	0	
118.43	-132.377	289.293	0	
100.215	-117.329	234.594	0	
101.947	-133.581	226.618	0	
122.093	-147.008	298.005	0	
144.251	-142.695	345.83	0	
85.599	-122.189	159.481	0	
94.8512	-137.178	195.16	0	
97.5028	-152.615	218.149	0	
108.386	-139.455	245.904	0	
110.897	-154.105	241.824	0	
131.203	-136.807	320.337	0	
129.829	-146.346	306.567	0	
80.137	-148.944	136.843	0	
118.856	-156.09	302.36	0	
153.383	-142.674	359.829	0	
148.552	-126.735	380.823	0	
98.4421	-145.68	221.455	0	
159.732	-154.293	361.451	0	
175.152	-135.327	365.718	0	
99.2317	-88.1496	356.691	0	
83.1456	-92.0012	238.337	0	
67.2754	-83.7232	207.983	0	
73.9456	-93.1627	158.836	0	
43.1943	-93.2513	17.9984	0	
77.5504	-107.622	146.74	0	
59.75	-102.234	59.6735	0	
69.2054	-122.168	93.5182	0	
-115.372	-88.9218	425.206	0	
-129.776	-94.9263	181.076	0	
212.559	-81.863	323.879	0	
229.488	-95.2819	317.781	0	
163.205	-119.533	401.175	0	
185.468	-109.803	405.483	0	
-87.8593	-123.328	57.2584	0	
-65.6524	-133.149	19.8206	0	
-94.7674	-135.42	54.4562	0	
-72.4547	-139.902	31.0873	0	
-86.9366	-138.566	39.0201	0	
-89.8349	-149.178	44.0253	0	
-101.597	-140.648	51.9477	0	
-117.719	-146.647	57.1351	0	
-96.5689	-128.5	42.555	0	
-98.9005	-150.153	50.2309	0	
-106.89	-125.686	80.4179	0	
-112.99	-130.589	62.6484	0	
-109.689	-115.001	52.2469	0	
-109.499	-138.631	74.9919	0	
-123.858	-126.609	91.2567	0	
-143.809	-135.05	114.716	0	
-110.336	-155.311	67.4783	0	
-147.035	-123.388	135.171	0	
-132.908	-136.106	81.2305	0	
-239.025	-126.637	156.794	0	
-218.535	-115.711	153.053	0	
-198.871	-116.498	163.611	0	
76.8509	-116.918	125.622	0	
70.2071	-133.134	103.33	0	
164.667	-132.547	384.038	0	
180.014	-143.034	360.594	0	
36.593	-102.997	28.1001	0	
46.7829	-114.109	28.5053	0	
195.521	-113.057	375.282	0	
193.799	-93.092	412.537	0	
194.109	-123.554	370.671	0	
219.648	-123.622	328.786	0	
233.896	-107.194	328.819	0	
45.7765	-130.035	45.1051	0	
89.3544	-154.995	153.162	0	
192.536	-143.314	352.359	0	
198.721	-131.593	352.347	0	
29.6893	-154.115	38.8863	0	
71.5956	-154.239	151.572	0	
199.164	-154.599	343.379	0	
208.799	-155.224	330.817	0	
59.618	-150.657	84.3571	0	
227.137	-154.707	330.632	0	
-176.346	-107.489	209.979	0	
-162.189	-131.881	137.925	0	
-31.5386	-147.517	10.9241	0	
9.32572	-132.512	14.1811	0	
-17.6469	-145.871	14.1793	0	
-40.0027	-158.074	26.8005	0	
-187.492	-117.634	148.402	0	
-178.327	-130.746	170.219	0	
-159.501	-121.581	163.297	0	
-152.633	-143.245	134.051	0	
-190.913	-148.408	155.637	0	
-130.261	-148.103	92.4595	0	
-225.601	-155.539	150.664	0	
-211.208	-142.804	186.425	0	
221.638	-113.256	336.656	0	
5.21348	-146.892	26.562	0	
15.2077	-158.145	20.6609	0	
