# File: UnstructuredGrid_Inversion_L0_Coarse_Iter05.vtk
# (No specific header documentation)

# vtk DataFile Version 2.0
Finite element discrete.
ASCII
DATASET UNSTRUCTURED_GRID
POINTS 1460 double
-2208.06	0	0
-1864.63	0	0
-1578.44	0	0
-1339.95	0	0
-1141.21	0	0
-975.592	0	0
-837.577	0	0
-722.564	0	0
-626.72	0	0
-546.85	0	0
-480.292	0	0
-424.826	0	0
-378.605	0	0
-340.088	0	0
-307.99	0	0
-281.242	0	0
-258.951	0	0
-240.376	0	0
-224.897	0	0
-211.997	0	0
-201.248	0	0
-192.29	0	0
-184.825	0	0
-178.604	0	0
-173.42	0	0
-169.1	0	0
-165.5	0	0
-162.5	0	0
-160	0	0
-158.75	0	0
-157.5	0	0
-156.25	0	0
-155	0	0
-153.75	0	0
-152.5	0	0
-151.25	0	0
-150	0	0
-148.75	0	0
-147.5	0	0
-146.25	0	0
-145	0	0
-143.75	0	0
-142.5	0	0
-141.25	0	0
-140	0	0
-138.75	0	0
-137.5	0	0
-136.25	0	0
-135	0	0
-133.75	0	0
-132.5	0	0
-131.25	0	0
-130	0	0
-128.75	0	0
-127.5	0	0
-126.25	0	0
-125	0	0
-123.75	0	0
-122.5	0	0
-121.25	0	0
-120	0	0
-118.75	0	0
-117.5	0	0
-116.25	0	0
-115	0	0
-113.75	0	0
-112.5	0	0
-111.25	0	0
-110	0	0
-108.75	0	0
-107.5	0	0
-106.25	0	0
-105	0	0
-103.75	0	0
-102.5	0	0
-101.25	0	0
-100	0	0
-98.75	0	0
-97.5	0	0
-96.25	0	0
-95	0	0
-93.75	0	0
-92.5	0	0
-91.25	0	0
-90	0	0
-88.75	0	0
-87.5	0	0
-86.25	0	0
-85	0	0
-83.75	0	0
-82.5	0	0
-81.25	0	0
-80	0	0
-78.75	0	0
-77.5	0	0
-76.25	0	0
-75	0	0
-73.75	0	0
-72.5	0	0
-71.25	0	0
-70	0	0
-68.75	0	0
-67.5	0	0
-66.25	0	0
-65	0	0
-63.75	0	0
-62.5	0	0
-61.25	0	0
-60	0	0
-58.75	0	0
-57.5	0	0
-56.25	0	0
-55	0	0
-53.75	0	0
-52.5	0	0
-51.25	0	0
-50	0	0
-48.75	0	0
-47.5	0	0
-46.25	0	0
-45	0	0
-43.75	0	0
-42.5	0	0
-41.25	0	0
-40	0	0
-38.75	0	0
-37.5	0	0
-36.25	0	0
-35	0	0
-33.75	0	0
-32.5	0	0
-31.25	0	0
-30	0	0
-28.75	0	0
-27.5	0	0
-26.25	0	0
-25	0	0
-23.75	0	0
-22.5	0	0
-21.25	0	0
-20	0	0
-18.75	0	0
-17.5	0	0
-16.25	0	0
-15	0	0
-13.75	0	0
-12.5	0	0
-11.25	0	0
-10	0	0
-8.75	0	0
-7.5	0	0
-6.25	0	0
-5	0	0
-3.75	0	0
-2.5	0	0
-1.25	0	0
0	0	0
1.25	0	0
2.5	0	0
3.75	0	0
5	0	0
6.25	0	0
7.5	0	0
8.75	0	0
10	0	0
11.25	0	0
12.5	0	0
13.75	0	0
15	0	0
16.25	0	0
17.5	0	0
18.75	0	0
20	0	0
21.25	0	0
22.5	0	0
23.75	0	0
25	0	0
26.25	0	0
27.5	0	0
28.75	0	0
30	0	0
31.25	0	0
32.5	0	0
33.75	0	0
35	0	0
36.25	0	0
37.5	0	0
38.75	0	0
40	0	0
41.25	0	0
42.5	0	0
43.75	0	0
45	0	0
46.25	0	0
47.5	0	0
48.75	0	0
50	0	0
51.25	0	0
52.5	0	0
53.75	0	0
55	0	0
56.25	0	0
57.5	0	0
58.75	0	0
60	0	0
61.25	0	0
62.5	0	0
63.75	0	0
65	0	0
66.25	0	0
67.5	0	0
68.75	0	0
70	0	0
71.25	0	0
72.5	0	0
73.75	0	0
75	0	0
76.25	0	0
77.5	0	0
78.75	0	0
80	0	0
81.25	0	0
82.5	0	0
83.75	0	0
85	0	0
86.25	0	0
87.5	0	0
88.75	0	0
90	0	0
91.25	0	0
92.5	0	0
93.75	0	0
95	0	0
96.25	0	0
97.5	0	0
98.75	0	0
100	0	0
101.25	0	0
102.5	0	0
103.75	0	0
105	0	0
106.25	0	0
107.5	0	0
108.75	0	0
110	0	0
111.25	0	0
112.5	0	0
113.75	0	0
115	0	0
116.25	0	0
117.5	0	0
118.75	0	0
120	0	0
121.25	0	0
122.5	0	0
123.75	0	0
125	0	0
126.25	0	0
127.5	0	0
128.75	0	0
130	0	0
131.25	0	0
132.5	0	0
133.75	0	0
135	0	0
136.25	0	0
137.5	0	0
138.75	0	0
140	0	0
141.25	0	0
142.5	0	0
143.75	0	0
145	0	0
146.25	0	0
147.5	0	0
148.75	0	0
150	0	0
151.25	0	0
152.5	0	0
153.75	0	0
155	0	0
156.25	0	0
157.5	0	0
158.75	0	0
161.25	0	0
164.25	0	0
167.85	0	0
172.17	0	0
177.354	0	0
183.575	0	0
191.04	0	0
199.998	0	0
210.747	0	0
223.647	0	0
239.126	0	0
257.701	0	0
279.992	0	0
306.74	0	0
338.838	0	0
377.355	0	0
423.576	0	0
479.042	0	0
545.6	0	0
625.47	0	0
721.314	0	0
836.327	0	0
974.342	0	0
1139.96	0	0
1338.7	0	0
1577.19	0	0
1863.38	0	0
2206.81	0	0
-2208.06	-4856.36	0
2206.81	-4856.36	0
-0.625	-4414.87	0
-0.625	-4856.36	0
-159.375	-2.00447	0
-64.375	-2.00447	0
31.875	-2.00447	0
126.875	-2.00447	0
-113.125	-2.00447	0
-136.875	-2.00447	0
-148.125	-2.00447	0
-154.375	-2.00447	0
-156.875	-2.00447	0
-16.875	-2.00447	0
-40.625	-2.00447	0
-53.125	-2.00447	0
-59.375	-2.00447	0
-61.875	-2.00447	0
-65.625	-1.29455	0
-71.875	-2.00447	0
79.375	-2.00447	0
55.625	-2.00447	0
43.125	-2.00447	0
36.875	-2.00447	0
34.375	-2.00447	0
33.125	-1.29455	0
30.625	-1.29455	0
24.375	-2.00447	0
158.125	-2.00447	0
141.875	-2.00447	0
133.125	-2.00447	0
129.375	-2.00447	0
128.125	-1.29455	0
125.625	-1.29455	0
119.375	-2.00447	0
-114.375	-1.29455	0
-120.625	-2.00447	0
-93.125	-2.00447	0
-103.125	-2.00447	0
-109.375	-2.00447	0
-111.875	-1.29455	0
-138.125	-1.29455	0
-129.375	-2.00447	0
-133.125	-2.00447	0
-135.625	-1.29455	0
-149.375	-1.29455	0
-143.125	-2.00447	0
-145.625	-2.00447	0
-146.875	-1.29455	0
-155.625	-1.29455	0
-151.875	-2.00447	0
-153.125	-1.29455	0
-158.125	-1.29455	0
-18.125	-1.29455	0
-24.375	-2.00447	0
3.125	-2.00447	0
-6.875	-2.00447	0
-13.125	-2.00447	0
-15.625	-1.29455	0
-41.875	-1.29455	0
-33.125	-2.00447	0
-36.875	-2.00447	0
-39.375	-1.29455	0
-54.375	-1.29455	0
-48.125	-2.00447	0
-50.625	-2.00447	0
-51.875	-1.29455	0
-60.625	-1.29455	0
-56.875	-2.00447	0
-58.125	-1.29455	0
-63.125	-1.29455	0
-66.875	-1.09989	0
-69.375	-2.00447	0
-70.625	-1.29455	0
-73.125	-1.29455	0
-79.375	-2.00447	0
99.375	-2.00447	0
89.375	-2.00447	0
83.125	-2.00447	0
80.625	-1.29455	0
78.125	-1.29455	0
71.875	-2.00447	0
63.125	-2.00447	0
59.375	-2.00447	0
56.875	-1.29455	0
54.375	-1.29455	0
48.125	-2.00447	0
45.625	-2.00447	0
44.375	-1.29455	0
41.875	-1.29455	0
39.375	-2.00447	0
38.125	-1.29455	0
35.625	-1.29455	0
29.375	-1.09989	0
26.875	-2.00447	0
25.625	-1.29455	0
23.125	-1.29455	0
16.875	-2.00447	0
156.875	-1.29455	0
150.625	-2.00447	0
145.625	-2.00447	0
143.125	-1.29455	0
140.625	-1.29455	0
136.875	-2.00447	0
134.375	-1.29455	0
131.875	-1.29455	0
124.375	-1.09989	0
121.875	-2.00447	0
120.625	-1.29455	0
118.125	-1.29455	0
111.875	-2.00447	0
-115.625	-1.09989	0
-118.125	-2.00447	0
-119.375	-1.29455	0
-121.875	-1.29455	0
-86.875	-2.00447	0
-90.625	-2.00447	0
-91.875	-1.29455	0
-94.375	-1.29455	0
-99.375	-2.00447	0
-101.875	-1.29455	0
-104.375	-1.29455	0
-106.875	-2.00447	0
-108.125	-1.29455	0
-110.625	-1.09989	0
-139.375	-1.09989	0
-125.625	-2.00447	0
-128.125	-1.29455	0
-130.625	-1.29455	0
-134.375	-1.09989	0
-150.625	-1.09989	0
-141.875	-1.29455	0
-144.375	-1.29455	0
-19.375	-1.09989	0
-21.875	-2.00447	0
-23.125	-1.29455	0
-25.625	-1.29455	0
9.375	-2.00447	0
5.625	-2.00447	0
4.375	-1.29455	0
1.875	-1.29455	0
-3.125	-2.00447	0
-5.625	-1.29455	0
-8.125	-1.29455	0
-10.625	-2.00447	0
-11.875	-1.29455	0
-14.375	-1.09989	0
-43.125	-1.09989	0
-29.375	-2.00447	0
-31.875	-1.29455	0
-34.375	-1.29455	0
-38.125	-1.09989	0
-55.625	-1.09989	0
-45.625	-2.00447	0
-46.875	-1.29455	0
-49.375	-1.29455	0
-68.125	-1.08267	0
-66.5621	-3.20169	0
-74.375	-1.09989	0
-76.875	-2.00447	0
-78.125	-1.29455	0
-80.625	-1.29455	0
105.625	-2.00447	0
101.875	-2.00447	0
100.625	-1.29455	0
98.125	-1.29455	0
93.125	-2.00447	0
90.625	-1.29455	0
88.125	-1.29455	0
85.625	-2.00447	0
84.375	-1.29455	0
81.875	-1.09989	0
76.875	-1.09989	0
74.375	-2.00447	0
73.125	-1.29455	0
70.625	-1.29455	0
66.875	-2.00447	0
64.375	-1.29455	0
61.875	-1.29455	0
58.125	-1.09989	0
53.125	-1.09989	0
50.625	-2.00447	0
49.375	-1.29455	0
46.875	-1.29455	0
40.625	-1.09989	0
28.125	-1.08267	0
29.6879	-3.20169	0
21.875	-1.09989	0
19.375	-2.00447	0
18.125	-1.29455	0
15.625	-1.29455	0
155.625	-1.09989	0
153.125	-2.00447	0
151.875	-1.29455	0
149.375	-1.29455	0
146.875	-1.29455	0
144.375	-1.09989	0
139.375	-1.09989	0
135.625	-1.09989	0
130.625	-1.09989	0
123.125	-1.08267	0
124.688	-3.20169	0
116.875	-1.09989	0
114.375	-2.00447	0
113.125	-1.29455	0
110.625	-1.29455	0
-116.875	-1.08267	0
-115.312	-3.20169	0
-123.125	-1.09989	0
-84.375	-2.00447	0
-85.625	-1.29455	0
-88.125	-1.29455	0
-95.625	-1.09989	0
-98.125	-1.29455	0
-100.625	-1.09989	0
-105.625	-1.09989	0
-110.983	-2.91077	0
-140.625	-1.08267	0
-139.062	-3.20169	0
-126.875	-1.09989	0
-131.875	-1.09989	0
-134.733	-2.91077	0
-150.267	-2.91077	0
-20.625	-1.08267	0
-19.0621	-3.20169	0
-26.875	-1.09989	0
11.875	-2.00447	0
10.625	-1.29455	0
8.125	-1.29455	0
0.625	-1.09989	0
-1.875	-1.29455	0
-4.375	-1.09989	0
-9.375	-1.09989	0
-14.7332	-2.91077	0
-44.375	-1.08267	0
-42.8121	-3.20169	0
-30.625	-1.09989	0
-35.625	-1.09989	0
-38.4832	-2.91077	0
-55.2668	-2.91077	0
-67.5162	-2.26952	0
-75.625	-1.08267	0
-74.0621	-3.20169	0
-81.875	-1.09989	0
108.125	-2.00447	0
106.875	-1.29455	0
104.375	-1.29455	0
96.875	-1.09989	0
94.375	-1.29455	0
91.875	-1.09989	0
86.875	-1.09989	0
81.5168	-2.91077	0
75.625	-1.08267	0
77.1879	-3.20169	0
69.375	-1.09989	0
65.625	-1.09989	0
60.625	-1.09989	0
57.7668	-2.91077	0
51.875	-1.08267	0
53.4379	-3.20169	0
40.9832	-2.91077	0
28.7338	-2.26952	0
20.625	-1.08267	0
22.1879	-3.20169	0
14.375	-1.09989	0
154.375	-1.08267	0
155.938	-3.20169	0
148.125	-1.09989	0
144.017	-2.91077	0
138.125	-1.08267	0
139.688	-3.20169	0
135.267	-2.91077	0
130.983	-2.91077	0
123.734	-2.26952	0
115.625	-1.08267	0
117.188	-3.20169	0
109.375	-1.09989	0
-116.266	-2.26952	0
-124.375	-1.08267	0
-122.812	-3.20169	0
-89.375	-1.09989	0
-96.875	-1.08267	0
-95.3121	-3.20169	0
-100.983	-2.91077	0
-105.267	-2.91077	0
-140.016	-2.26952	0
-127.233	-2.91077	0
-131.517	-2.91077	0
-20.0162	-2.26952	0
-28.125	-1.08267	0
-26.5621	-3.20169	0
6.875	-1.09989	0
-0.625	-1.08267	0
0.937855	-3.20169	0
-4.73316	-2.91077	0
-9.01684	-2.91077	0
-43.7662	-2.26952	0
-30.9832	-2.91077	0
-35.2668	-2.91077	0
-68.534	-4.26556	0
-75.0162	-2.26952	0
-83.125	-1.08267	0
-81.5621	-3.20169	0
103.125	-1.09989	0
95.625	-1.08267	0
97.1879	-3.20169	0
91.5168	-2.91077	0
87.2332	-2.91077	0
76.2338	-2.26952	0
68.125	-1.08267	0
69.6879	-3.20169	0
65.2668	-2.91077	0
60.9832	-2.91077	0
52.4838	-2.26952	0
27.716	-4.26556	0
21.2338	-2.26952	0
13.125	-1.08267	0
14.6879	-3.20169	0
154.984	-2.26952	0
147.812	-3.20169	0
138.734	-2.26952	0
122.716	-4.26556	0
116.234	-2.26952	0
109.733	-2.91077	0
-117.284	-4.26556	0
-123.766	-2.26952	0
-89.0168	-2.91077	0
-96.2662	-2.26952	0
-141.034	-4.26556	0
-21.034	-4.26556	0
-27.5162	-2.26952	0
7.23316	-2.91077	0
-0.016236	-2.26952	0
-44.784	-4.26556	0
-76.034	-4.26556	0
-82.5162	-2.26952	0
103.483	-2.91077	0
96.2338	-2.26952	0
75.216	-4.26556	0
68.7338	-2.26952	0
51.466	-4.26556	0
20.216	-4.26556	0
13.7338	-2.26952	0
153.966	-4.26556	0
148.587	-2.24287	0
137.716	-4.26556	0
115.216	-4.26556	0
-124.784	-4.26556	0
-97.284	-4.26556	0
-28.534	-4.26556	0
-1.03398	-4.26556	0
-83.534	-4.26556	0
95.216	-4.26556	0
67.716	-4.26556	0
12.716	-4.26556	0
149.737	-3.96508	0
33.125	-2.74999	0
128.125	-2.74999	0
-146.875	-2.74999	0
-155.625	-2.74999	0
-153.125	-2.74999	0
-158.125	-2.74999	0
-51.875	-2.74999	0
-60.625	-2.74999	0
-58.125	-2.74999	0
-63.125	-2.74999	0
-70.625	-2.74999	0
44.375	-2.74999	0
38.125	-2.74999	0
35.625	-2.74999	0
25.625	-2.74999	0
120.625	-2.74999	0
-119.375	-2.74999	0
-91.875	-2.74999	0
-108.125	-2.74999	0
-144.375	-2.74999	0
-23.125	-2.74999	0
4.375	-2.74999	0
-11.875	-2.74999	0
-46.875	-2.74999	0
-49.375	-2.74999	0
-78.125	-2.74999	0
100.625	-2.74999	0
84.375	-2.74999	0
73.125	-2.74999	0
49.375	-2.74999	0
46.875	-2.74999	0
18.125	-2.74999	0
151.875	-2.74999	0
113.125	-2.74999	0
-85.625	-2.74999	0
10.625	-2.74999	0
106.875	-2.74999	0
-141.802	-2.87844	0
-98.052	-2.87844	0
-1.80205	-2.87844	0
94.448	-2.87844	0
31.5394	-3.98781	0
129.508	-3.64826	0
126.539	-3.98781	0
-148.512	-4.07398	0
-154.375	-3.42515	0
-151.742	-3.64826	0
-156.875	-3.42515	0
-159.945	-4.38169	0
-53.512	-4.07398	0
-59.375	-3.42515	0
-56.7419	-3.64826	0
-61.875	-3.42515	0
-64.7106	-3.98781	0
-72.2106	-3.98781	0
42.738	-4.07398	0
39.5081	-3.64826	0
34.375	-3.42515	0
36.875	-3.42515	0
24.0394	-3.98781	0
119.039	-3.98781	0
-120.961	-3.98781	0
-90.4919	-3.64826	0
-93.4606	-3.98781	0
-109.508	-3.64826	0
-106.742	-3.64826	0
-145.625	-3.42515	0
-24.7106	-3.98781	0
5.75807	-3.64826	0
2.78942	-3.98781	0
-13.2581	-3.64826	0
-10.4919	-3.64826	0
-50.625	-3.42515	0
-48.125	-3.42515	0
-79.7106	-3.98781	0
102.008	-3.64826	0
99.0394	-3.98781	0
82.9919	-3.64826	0
85.7581	-3.64826	0
71.5394	-3.98781	0
45.625	-3.42515	0
48.125	-3.42515	0
16.5394	-3.98781	0
111.488	-4.07398	0
-87.262	-4.07398	0
8.98803	-4.07398	0
108.258	-3.64826	0
105.238	-4.07398	0
-143.119	-3.4344	0
-99.5093	-3.64606	0
-3.25931	-3.64606	0
92.9907	-3.64606	0
131.428	-5.64493	0
128.082	-4.32968	0
-153.119	-4.25517	0
-150.249	-4.78972	0
-155.625	-4.2447	0
-158.238	-4.4548	0
-58.1193	-4.25517	0
-55.2493	-4.78972	0
-60.625	-4.2447	0
-63.1696	-4.32728	0
41.0007	-4.78972	0
33.0804	-4.32728	0
38.1307	-4.25517	0
35.625	-4.2447	0
-91.9177	-4.32968	0
-111.428	-5.64493	0
-104.822	-5.64493	0
-146.933	-4.35218	0
4.33226	-4.32968	0
-15.1782	-5.64493	0
-8.57177	-5.64493	0
-51.9331	-4.35218	0
-49.375	-4.2447	0
-46.6566	-4.64898	0
100.582	-4.32968	0
81.0718	-5.64493	0
87.6782	-5.64493	0
44.3169	-4.35218	0
46.875	-4.2447	0
49.5934	-4.64898	0
-88.9993	-4.78972	0
7.25066	-4.78972	0
109.751	-4.78972	0
106.817	-4.35266	0
103.501	-4.78972	0
-144.375	-4.24424	0
126.763	-6.63281	0
129.537	-5.5418	0
-151.831	-5.31181	0
-156.894	-4.8174	0
-155.341	-6.56622	0
-158.148	-6.79184	0
-56.8314	-5.31181	0
-64.4845	-6.62861	0
31.7655	-6.62861	0
39.4186	-5.31181	0
-93.2374	-6.63281	0
-101.425	-5.64183	0
-148.169	-6.74499	0
3.01264	-6.63281	0
-5.17531	-5.64183	0
-53.1686	-6.74499	0
-50.6329	-4.80031	0
-51.7591	-5.95743	0
-49.113	-6.5397	0
-48.0774	-4.86082	0
99.2626	-6.63281	0
91.0747	-5.64183	0
43.0814	-6.74499	0
45.6171	-4.80031	0
44.4909	-5.95743	0
47.137	-6.5397	0
48.1726	-4.86082	0
-90.576	-5.30478	0
5.67401	-5.30478	0
108.175	-5.30367	0
105.581	-6.74585	0
101.924	-5.30478	0
-145.633	-4.80027	0
-146.759	-5.95743	0
-144.112	-6.53909	0
-153.537	-6.07737	0
-59.1698	-6.84886	0
37.0802	-6.84886	0
-150.389	-7.02345	0
-55.3893	-7.02345	0
-51.2009	-8.61153	0
-47.0874	-6.63037	0
40.8607	-7.02345	0
45.0491	-8.61153	0
49.1626	-6.63037	0
-88.9617	-7.57552	0
7.28827	-7.57552	0
109.787	-7.57361	0
103.358	-7.02503	0
-142.849	-5.23197	0
-146.201	-8.61155	0
-133.125	-3.88438	0
-36.875	-3.88438	0
59.375	-3.88438	0
145.824	-4.23741	0
130.317	-8.62564	0
-153.655	-9.21523	0
-45.4133	-5.95678	0
50.8367	-5.95678	0
-87.4181	-6.16153	0
8.83192	-6.16153	0
111.332	-6.16131	0
-141.385	-7.91119	0
-130.76	-5.97638	0
-39.2403	-5.97638	0
-34.5097	-5.97638	0
57.0097	-5.97638	0
61.7403	-5.97638	0
-42.5414	-6.06272	0
53.7086	-6.06272	0
-135.49	-5.97638	0
-45.1702	-8.97808	0
51.0798	-8.97808	0
-161.25	-1.48943	0
-164	-2.52812	0
160	-1.48943	0
162.75	-2.52812	0
159.888	-4.75365	0
141.968	-4.76987	0
-70.4123	-4.65683	0
-68.8457	-7.47327	0
-72.3843	-7.20595	0
25.8377	-4.65683	0
27.4043	-7.47327	0
23.8657	-7.20595	0
120.838	-4.65683	0
122.404	-7.47327	0
118.866	-7.20595	0
-119.162	-4.65683	0
-121.134	-7.20595	0
-117.596	-7.47327	0
-22.9123	-4.65683	0
-24.8843	-7.20595	0
-21.3457	-7.47327	0
-77.9123	-4.65683	0
-79.8843	-7.20595	0
-76.3457	-7.47327	0
73.3377	-4.65683	0
71.3657	-7.20595	0
74.9043	-7.47327	0
18.3377	-4.65683	0
16.3657	-7.20595	0
19.9043	-7.47327	0
113.326	-4.67269	0
114.924	-7.49962	0
-85.4238	-4.67269	0
-83.826	-7.49962	0
10.8262	-4.67269	0
12.424	-7.49962	0
133.397	-4.34669	0
124.82	-5.46487	0
-66.4305	-5.46517	0
29.8195	-5.46517	0
-95.1804	-5.46487	0
-98.9845	-6.06748	0
1.06963	-5.46487	0
-2.73451	-6.06748	0
97.3196	-5.46487	0
93.5155	-6.06748	0
-53.9465	-9.53548	0
-48.2314	-9.51616	0
42.3035	-9.53548	0
48.0186	-9.51616	0
104.917	-10.4492	0
101.264	-7.31316	0
-148.947	-9.53547	0
147.898	-5.79326	0
-138.644	-6.33519	0
-129.096	-4.32906	0
-32.846	-4.32906	0
63.404	-4.32906	0
156.658	-6.89561	0
139.713	-5.6068	0
-73.9486	-5.50776	0
22.3014	-5.50776	0
117.301	-5.50776	0
-122.699	-5.50776	0
-115.019	-6.10471	0
-26.4486	-5.50776	0
-18.7688	-6.10471	0
-81.4486	-5.50776	0
69.8014	-5.50776	0
77.4812	-6.10471	0
14.8014	-5.50776	0
112.374	-8.85292	0
-86.3745	-8.85041	0
9.87551	-8.85041	0
134.494	-8.15219	0
135.574	-5.24676	0
124.73	-7.81387	0
-66.5165	-7.81824	0
29.7335	-7.81824	0
-96.0817	-9.16459	0
0.168256	-9.16459	0
96.4183	-9.16459	0
102.622	-9.42722	0
-127.286	-7.82059	0
-126.926	-5.24668	0
-31.0362	-7.82059	0
-30.676	-5.24668	0
65.2138	-7.82059	0
65.574	-5.24668	0
137.533	-6.6947	0
127.284	-9.8695	0
-63.5928	-10.4819	0
32.6572	-10.4819	0
99.3661	-9.61274	0
-124.123	-8.3892	0
-27.8727	-8.3892	0
68.3773	-8.3892	0
123.021	-11.3733	0
-68.2343	-11.3809	0
28.0157	-11.3809	0
-125.089	-6.42925	0
-28.8386	-6.42925	0
67.4114	-6.42925	0
151.783	-5.07678	0
153.791	-7.13718	0
-108.125	-6.89997	0
-113.291	-4.29751	0
-11.875	-6.89997	0
-17.0411	-4.29751	0
84.375	-6.89997	0
79.2089	-4.29751	0
-61.8215	-6.622	0
34.4285	-6.622	0
-156.542	-9.19192	0
-40.7947	-4.29093	0
55.4553	-4.29093	0
-137.045	-4.29093	0
144.416	-8.27481	0
-100.887	-9.76866	0
-4.63746	-9.76866	0
91.6125	-9.76866	0
102.131	-13.6189	0
-60.7287	-9.45988	0
35.5213	-9.45988	0
141.718	-7.55253	0
139.475	-7.8577	0
137.082	-9.65056	0
141.086	-11.3016	0
-40.7791	-10.2946	0
55.4709	-10.2946	0
-167.3	-2.77704	0
-162.911	-8.46956	0
166.05	-2.77704	0
-51.0921	-13.4763	0
45.1579	-13.4763	0
-146.092	-13.4763	0
-137.487	-11.5176	0
109.167	-12.0843	0
-82.9342	-12.2616	0
13.3158	-12.2616	0
-89.7125	-12.3618	0
6.53751	-12.3618	0
-120.731	-12.5898	0
-24.4811	-12.5898	0
71.7689	-12.5898	0
115.819	-12.2647	0
150.395	-8.4385	0
-114.113	-10.9213	0
-17.8627	-10.9213	0
78.3873	-10.9213	0
97.1791	-14.0791	0
-57.3412	-9.81484	0
38.9088	-9.81484	0
133.385	-13.0507	0
-171.26	-3.37193	0
-159.82	-9.64689	0
-165.408	-5.85657	0
170.01	-3.37193	0
164.06	-7.16457	0
-45.8379	-14.156	0
50.4121	-14.156	0
-155.136	-13.8337	0
-136.785	-8.64033	0
-126.616	-13.1778	0
-30.3663	-13.1778	0
65.8837	-13.1778	0
155.612	-11.6135	0
-60.5218	-14.5637	0
35.7282	-14.5637	0
129.984	-12.1329	0
-157.808	-12.1091	0
-132.522	-11.2057	0
-162.762	-14.1043	0
-133.772	-8.45789	0
-158.853	-16.6606	0
-130.939	-8.82767	0
-129.368	-11.5896	0
-131.561	-16.4553	0
-129.253	-14.5684	0
-127.381	-19.2126	0
-126.689	-16.2344	0
-122.259	-18.8329	0
-123.484	-14.7818	0
-73.9865	-12.9487	0
22.2635	-12.9487	0
-105.111	-9.85918	0
-8.86063	-9.85918	0
87.3894	-9.85918	0
-78.4316	-11.5301	0
17.8184	-11.5301	0
-92.6132	-10.1977	0
3.63676	-10.1977	0
-110.902	-9.23383	0
-14.6518	-9.23383	0
81.5982	-9.23383	0
-55.3259	-13.5387	0
40.9241	-13.5387	0
-168.862	-5.85729	0
160.292	-8.86933	0
-34.968	-11.0327	0
61.282	-11.0327	0
126.278	-13.8116	0
-120.252	-16.0156	0
-96.0041	-15.2431	0
0.245878	-15.2431	0
-109.801	-15.2265	0
-13.5512	-15.2265	0
82.6988	-15.2265	0
-174.046	-8.46004	0
-167.134	-10.0052	0
130.294	-17.7465	0
-116.906	-13.8018	0
-92.9293	-13.6474	0
3.3207	-13.6474	0
-116.738	-20.6426	0
-91.9079	-19.376	0
4.3421	-19.376	0
-90.0855	-16.0957	0
6.16449	-16.0957	0
-85.7366	-20.6582	0
-86.2897	-14.5893	0
10.5134	-20.6582	0
9.96033	-14.5893	0
147.231	-14.7188	0
137.643	-13.97	0
-176.012	-4.03819	0
174.762	-4.03819	0
-65.1541	-14.8527	0
31.0959	-14.8527	0
-152.462	-21.2081	0
-53.1089	-20.2966	0
43.1411	-20.2966	0
164.91	-14.0587	0
120.74	-17.8151	0
-102.857	-16.4408	0
-6.60701	-16.4408	0
89.6456	-16.5643	0
-164.907	-21.6498	0
-78.3842	-19.0551	0
17.8658	-19.0551	0
134.7	-17.2819	0
142.277	-16.3938	0
-70.0415	-16.0865	0
26.2085	-16.0865	0
-62.3745	-22.1364	0
33.8755	-22.1364	0
-82.3004	-16.7576	0
13.9496	-16.7576	0
133.242	-24.5799	0
-150.611	-13.7449	0
-148.07	-18.3361	0
-36.1069	-19.4844	0
60.1431	-19.4844	0
-124.211	-27.2358	0
-181.714	-4.8475	0
180.465	-4.8475	0
171.419	-10.6048	0
100.393	-21.7895	0
-66.5645	-19.5632	0
29.6855	-19.5632	0
147.44	-23.5009	0
-140.394	-18.6284	0
-72.595	-22.1173	0
23.655	-22.1173	0
-145.661	-26.8137	0
-133.893	-24.5365	0
-67.4916	-25.7706	0
28.7584	-25.7706	0
-19.8049	-17.1778	0
76.4451	-17.1778	0
112.271	-20.3663	0
-98.4037	-21.7178	0
-2.15366	-21.7178	0
-169.024	-16.402	0
-188.558	-5.81674	0
187.308	-5.81674	0
176.927	-9.27515	0
-80.0298	-29.1695	0
16.2202	-29.1695	0
-59.1054	-32.1591	0
37.1446	-32.1591	0
-26.7543	-19.5837	0
69.4957	-19.5837	0
82.701	-26.2304	0
-13.549	-26.2304	0
-175.381	-25.6273	0
183.138	-10.6102	0
-73.433	-28.679	0
-90.8783	-29.9133	0
22.817	-28.679	0
5.37168	-29.9133	0
192.91	-14.8989	0
176.305	-18.7737	0
-75.945	-39.5028	0
-67.1412	-34.0092	0
20.305	-39.5028	0
29.1088	-34.0092	0
-107.899	-24.8129	0
125.56	-23.8414	0
-196.769	-6.98	0
195.519	-6.98	0
75.1735	-24.7445	0
-21.0765	-24.7445	0
-183.582	-16.3054	0
118.217	-24.7738	0
64.7024	-30.5608	0
-31.5476	-30.5608	0
108.176	-32.1055	0
76.5545	-37.5583	0
-19.6955	-37.5583	0
128.217	-36.5288	0
122.745	-31.0527	0
115.458	-31.5359	0
112.73	-43.4967	0
120.095	-39.1721	0
-158.05	-34.917	0
-60.1566	-45.9702	0
36.0934	-45.9702	0
-206.623	-8.37583	0
206.913	-15.1238	0
-191.629	-13.6984	0
123.348	-53.1447	0
203.834	-7.38871	0
-200.623	-15.2535	0
126.498	-45.0465	0
212.389	-8.46408	0
-191.786	-27.9064	0
-214.651	-21.4359	0
137.909	-54.1475	0
220.33	-20.5748	0
137.584	-42.8512	0
-44.451	-23.1731	0
-51.1117	-28.7531	0
-51.166	-39.709	0
-41.6631	-33.2663	0
51.799	-23.1731	0
45.1383	-28.7531	0
45.084	-39.709	0
54.5869	-33.2663	0
157.872	-21.9195	0
-133.381	-41.4105	0
-4.79388	-31.6949	0
-115.533	-29.5405	0
-122.526	-38.3792	0
-104.135	-39.4181	0
-218.447	-10.051	0
-45.621	-57.2568	0
-32.7859	-46.1943	0
50.629	-57.2568	0
63.4641	-46.1943	0
167.641	-23.5851	0
155.192	-39.4382	0
3.14583	-47.1053	0
-100.712	-30.7483	0
-95.1479	-37.9557	0
-97.2966	-53.0987	0
-85.4823	-37.9325	0
161.281	-31.4054	0
147.757	-48.2112	0
-123.092	-57.3014	0
-90.2949	-46.3683	0
171.118	-45.1865	0
-83.003	-60.9613	0
178.493	-32.9191	0
94.1951	-34.56	0
-232.636	-12.0617	0
160.001	-51.0499	0
150.551	-63.984	0
174.962	-65.9447	0
102.568	-65.3465	0
-15.1262	-58.7238	0
204.88	-39.3647	0
-249.663	-14.4733	0
129.02	-76.996	0
81.3796	-59.1114	0
199.723	-26.7266	0
188.905	-47.5294	0
-179.929	-53.0739	0
248.413	-27.3574	0
25.2623	-74.9223	0
-63.6779	-65.5082	0
-102.758	-79.9509	0
-30.5549	-61.76	0
-44.9756	-82.5519	0
-17.9718	-84.9831	0
-237.283	-40.5716	0
-270.096	-17.3686	0
65.7825	-61.8614	0
50.8218	-83.8588	0
77.9908	-85.4975	0
209.985	-69.0648	0
-152.232	-64.8916	0
22.2381	-57.2889	0
3.9971	-69.4933	0
268.846	-19.0389	0
-78.5477	-85.3666	0
-257.306	-34.0847	0
-294.616	-20.8425	0
7.94029	-98.41	0
293.366	-20.611	0
-257.697	-69.4372	0
-279.685	-37.9567	0
271.969	-55.964	0
159.67	-103.393	0
229.556	-43.907	0
-210.266	-49.5738	0
-324.039	-25.0103	0
322.789	-25.0584	0
-99.3375	-121.482	0
-306.072	-45.907	0
105.66	-94.1815	0
-131.384	-85.1984	0
61.7786	-128.246	0
243.625	-75.0426	0
-230.975	-66.6837	0
-198.913	-84.4022	0
-239.92	-110.911	0
-359.347	-30.0125	0
303.808	-51.0823	0
358.096	-30.003	0
-26.5468	-133.249	0
-285.745	-65.609	0
131.609	-104.983	0
84.715	-112.496	0
-165.318	-99.1816	0
-337.797	-55.011	0
-33.5749	-107.105	0
-276.428	-102.012	0
148.189	-149.186	0
110.013	-120.294	0
89.0462	-143.38	0
132.911	-129.706	0
156.503	-126.935	0
113.454	-144.483	0
188.029	-151.392	0
99.4814	-183.07	0
187.785	-119.159	0
-314.816	-75.2651	0
-60.0419	-104.471	0
54.3776	-173.712	0
-358.785	-101.99	0
-401.716	-36.0148	0
295.717	-104.579	0
400.466	-36.0167	0
336.588	-55.0571	0
-136.18	-121.728	0
-198.756	-129.617	0
221.133	-103.972	0
-375.854	-66.0302	0
316.881	-80.4197	0
374.607	-65.937	0
-117.364	-180.684	0
-272.444	-165.004	0
215.163	-135.069	0
227.77	-186.743	0
258.238	-127.218	0
348.652	-84.7679	0
328.723	-112.144	0
301.273	-156.12	0
391.827	-116.974	0
360.303	-114.192	0
342.057	-151.022	0
373.583	-143.705	0
425.57	-159.594	0
369.553	-197.917	0
-65.8021	-145.057	0
-452.559	-43.2185	0
451.309	-43.2181	0
164.573	-214.174	0
420.01	-79.0418	0
326.431	-191.692	0
-27.2382	-202.102	0
-424.983	-111.38	0
276.545	-200.29	0
-414.639	-73.2993	0
338.01	-263.954	0
-453.398	-83.217	0
-517.119	-61.8727	0
-484.352	-142.864	0
18.3198	-143.174	0
-317.612	-120.199	0
-367.398	-177.119	0
512.321	-51.8623	0
61.9223	-250.718	0
230.433	-271.73	0
475.018	-95.5165	0
585.535	-62.2339	0
540.858	-114.013	0
459.014	-268.584	0
-586.785	-57.2691	0
-429.918	-173.794	0
-506.733	-245.619	0
-403.99	-275.711	0
673.392	-74.6811	0
492.406	-160.052	0
-556.265	-124.834	0
-674.642	-75.9754	0
619.763	-136.93	0
562.831	-185.653	0
669.427	-252.585	0
-199.849	-221.756	0
140.293	-308.416	0
778.821	-89.6173	0
-780.071	-89.3739	0
714.468	-164.296	0
-309.238	-254.791	0
-503.616	-425.421	0
-60.6181	-369.385	0
244.192	-434.619	0
905.335	-107.541	0
-906.584	-107.59	0
-705.871	-251.737	0
-323.067	-417.192	0
44.9711	-355.817	0
-92.4232	-276.067	0
828.112	-197.159	0
13.9339	-531.921	0
135.468	-418.259	0
-197.204	-363.858	0
393.188	-405.405	0
1057.15	-129.048	0
-1058.4	-129.039	0
-827.395	-209.137	0
167.567	-574.388	0
964.484	-236.589	0
-185.733	-566.105	0
575.495	-408.869	0
-965.933	-235.523	0
350.839	-583.974	0
2206.81	-2048	0
1183.27	-331.417	0
-834.945	-425.31	0
-2208.06	-2428.18	0
833.068	-435.557	0
-1182.92	-330.559	0
1239.33	-154.858	0
-1240.58	-154.86	0
-403.854	-629.48	0
22.6525	-799.517	0
2206.81	-1024	0
1457.95	-185.829	0
-1459.2	-185.828	0
248.405	-785.628	0
-669.35	-632.863	0
-231.255	-816.474	0
1720.29	-222.997	0
-2208.06	-1214.09	0
157.801	-1154.58	0
622.988	-849.062	0
-532.899	-921.744	0
-1721.54	-222.997	0
-88.4692	-1045.07	0
-1084.97	-794.629	0
1529.51	-625.094	0
2206.81	-512	0
-2208.06	-607.045	0
-140.95	-1494.74	0
-1530.76	-625.094	0
2206.81	-256	0
1953.75	-384	0
-2208.06	-303.522	0
1918.42	-768	0
-1933.02	-455.283	0
-1876.52	-882.794	0
1119.43	-757.635	0
1652.1	-1358.45	0
-1104.34	-4856.36	0
1103.09	-4856.36	0
-1511.03	-1580.09	0
-1452.68	-1090.65	0
1430.24	-1018.61	0
956.616	-1267.1	0
-552.484	-4856.36	0
551.234	-4856.36	0
-920.044	-1402.35	0
482.524	-1741.05	0
-828.413	-3971.41	0
827.163	-3971.41	0
1214.24	-1998.9	0
-224.194	-2617.68	0
-987.909	-2248.08	0
604.361	-2562.46	0
-934.816	-3112.21	0
240.209	-3342.13	0
2206.81	-3452.18	0
1471.33	-2888.9	0
-2208.06	-3642.27	0
2206.81	-4154.27	0
1551.4	-3803.22	0
1694.81	-4856.36	0
1398.95	-4360.31	0
CELLS 2587	10348
3 314	1441	315	
3 1435	1445	1455	
3 869	28	27	
3 1375	1380	1400	
3 1380	1391	1400	
3 29	28	316	
3 104	103	330	
3 1359	1347	1360	
3 338	181	180	
3 1306	1349	1296	
3 1314	1280	1293	
3 258	257	319	
3 1347	1359	1341	
3 182	181	318	
3 1260	1246	1293	
3 105	104	317	
3 684	348	729	
3 1209	1184	1260	
3 687	358	444	
3 1106	1098	1043	
3 1041	1043	1039	
3 347	423	519	
3 1228	1224	1213	
3 469	330	383	
3 353	437	530	
3 800	799	801	
3 37	357	322	
3 687	359	734	
3 360	670	359	
3 438	598	659	
3 831	762	764	
3 324	364	673	
3 921	852	1118	
3 713	323	671	
3 673	716	765	
3 257	256	345	
3 688	366	735	
3 765	801	799	
3 466	691	465	
3 715	324	673	
3 1024	1041	1039	
3 365	445	536	
3 534	362	714	
3 498	338	405	
3 371	459	547	
3 25	1023	999	
3 113	375	327	
3 999	870	26	
3 26	25	999	
3 720	329	677	
3 1077	1066	1023	
3 768	675	720	
3 1078	1041	1000	
3 675	718	328	
3 468	102	101	
3 469	317	330	
3 523	427	86	
3 364	30	29	
3 30	324	31	
3 473	614	387	
3 324	30	364	
3 100	99	385	
3 219	332	220	
3 32	323	33	
3 200	333	201	
3 34	33	363	
3 36	35	442	
3 680	402	403	
3 33	323	363	
3 493	494	697	
3 32	31	361	
3 747	696	393	
3 870	869	27	
3 108	379	328	
3 36	357	37	
3 32	361	323	
3 804	709	908	
3 37	322	38	
3 318	498	709	
3 39	38	360	
3 38	322	360	
3 185	335	186	
3 668	337	318	
3 40	444	41	
3 497	179	178	
3 46	353	321	
3 45	44	437	
3 177	176	407	
3 358	42	41	
3 336	183	337	
3 444	358	41	
3 183	336	184	
3 540	449	163	
3 46	321	47	
3 1144	289	1124	
3 48	47	356	
3 356	441	48	
3 510	583	415	
3 47	321	356	
3 411	656	667	
3 760	905	584	
3 440	51	532	
3 669	710	343	
3 591	426	520	
3 354	439	53	
3 259	343	260	
3 440	52	51	
3 262	342	263	
3 354	52	440	
3 269	341	270	
3 46	45	353	
3 409	502	629	
3 343	259	344	
3 426	348	59	
3 253	252	420	
3 59	58	426	
3 348	60	59	
3 635	422	517	
3 520	58	57	
3 512	255	254	
3 518	63	62	
3 60	348	425	
3 355	533	847	
3 64	63	423	
3 347	65	64	
3 439	531	54	
3 347	320	65	
3 61	60	425	
3 423	347	64	
3 237	236	476	
3 81	349	82	
3 352	66	320	
3 73	350	74	
3 352	436	67	
3 73	433	350	
3 519	320	347	
3 66	352	67	
3 351	436	528	
3 528	352	320	
3 435	70	69	
3 443	43	42	
3 72	433	73	
3 430	524	594	
3 443	42	358	
3 72	71	527	
3 67	436	68	
3 435	69	351	
3 68	351	69	
3 320	66	65	
3 350	596	776	
3 54	53	439	
3 669	344	319	
3 74	350	432	
3 190	334	191	
3 52	354	53	
3 432	75	74	
3 49	355	50	
3 77	76	431	
3 432	526	75	
3 685	730	428	
3 48	441	49	
3 524	80	79	
3 357	442	534	
3 470	554	386	
3 349	429	82	
3 712	322	534	
3 430	81	80	
3 362	35	34	
3 81	430	349	
3 533	356	321	
3 534	322	357	
3 85	592	523	
3 670	360	322	
3 614	473	555	
3 522	87	427	
3 359	39	360	
3 86	85	523	
3 39	359	40	
3 671	361	324	
3 555	91	90	
3 442	357	36	
3 93	92	387	
3 470	386	97	
3 672	363	323	
3 473	92	91	
3 323	361	671	
3 87	522	88	
3 31	324	361	
3 83	82	429	
3 45	437	353	
3 29	316	364	
3 386	331	98	
3 535	140	139	
3 98	97	386	
3 331	99	98	
3 138	137	447	
3 470	97	96	
3 673	364	316	
3 461	548	131	
3 99	331	385	
3 158	367	159	
3 103	102	383	
3 318	338	498	
3 458	545	369	
3 330	317	104	
3 607	780	368	
3 383	330	103	
3 373	550	848	
3 536	325	365	
3 382	106	105	
3 545	370	325	
3 379	108	107	
3 108	328	109	
3 144	458	145	
3 329	107	106	
3 145	369	146	
3 119	118	466	
3 110	109	381	
3 129	372	130	
3 375	113	112	
3 113	327	114	
3 547	326	371	
3 111	464	112	
3 983	326	547	
3 109	328	381	
3 546	121	120	
3 329	106	382	
3 150	368	151	
3 472	93	387	
3 362	34	363	
3 550	374	326	
3 115	114	378	
3 380	111	110	
3 116	467	117	
3 117	376	118	
3 375	464	551	
3 467	376	117	
3 125	463	126	
3 459	371	122	
3 123	371	326	
3 115	377	116	
3 371	123	122	
3 123	326	124	
3 674	378	327	
3 121	459	122	
3 375	551	327	
3 376	466	118	
3 717	327	551	
3 107	329	379	
3 125	124	374	
3 677	329	382	
3 462	372	129	
3 462	128	549	
3 464	375	112	
3 463	125	374	
3 675	379	329	
3 380	110	381	
3 602	448	537	
3 677	382	317	
3 461	131	130	
3 448	366	136	
3 384	101	100	
3 461	130	372	
3 105	317	382	
3 462	129	128	
3 676	381	328	
3 124	326	374	
3 377	115	378	
3 331	386	554	
3 136	135	448	
3 678	385	331	
3 141	445	365	
3 137	366	447	
3 384	100	385	
3 137	136	366	
3 552	383	468	
3 94	93	472	
3 141	140	445	
3 92	473	387	
3 142	325	143	
3 370	143	325	
3 708	478	759	
3 142	141	365	
3 429	685	428	
3 365	325	142	
3 553	96	95	
3 745	390	563	
3 370	458	144	
3 694	743	475	
3 369	457	146	
3 457	147	146	
3 222	390	223	
3 455	368	150	
3 227	389	228	
3 221	483	222	
3 149	455	150	
3 215	214	486	
3 368	454	151	
3 454	152	151	
3 623	665	488	
3 541	605	452	
3 564	217	216	
3 149	148	544	
3 563	391	332	
3 143	370	144	
3 235	388	236	
3 537	135	134	
3 102	468	383	
3 114	327	378	
3 126	373	127	
3 1382	1352	1383	
3 985	321	530	
3 152	454	543	
3 453	154	153	
3 206	394	207	
3 158	452	367	
3 541	157	156	
3 491	569	395	
3 203	395	204	
3 452	158	157	
3 202	491	203	
3 451	159	367	
3 160	159	451	
3 570	198	197	
3 408	499	575	
3 569	396	333	
3 162	603	540	
3 623	488	567	
3 334	572	723	
3 163	162	540	
3 401	572	334	
3 164	449	539	
3 164	539	165	
3 192	399	193	
3 576	629	502	
3 492	397	199	
3 399	192	400	
3 502	169	168	
3 401	496	572	
3 408	174	499	
3 501	170	409	
3 336	337	668	
3 409	170	169	
3 402	188	187	
3 167	576	168	
3 679	400	334	
3 408	339	175	
3 196	195	494	
3 680	403	335	
3 499	174	173	
3 184	336	404	
3 176	175	339	
3 405	338	180	
3 681	404	336	
3 408	175	174	
3 402	187	403	
3 573	405	497	
3 338	318	181	
3 497	405	179	
3 319	345	513	
3 318	337	182	
3 682	407	339	
3 405	180	179	
3 575	339	408	
3 407	176	339	
3 406	178	177	
3 574	173	172	
3 335	185	404	
3 451	689	450	
3 334	190	401	
3 186	335	403	
3 169	502	409	
3 184	404	185	
3 171	170	501	
3 278	277	505	
3 188	496	189	
3 506	276	275	
3 571	397	492	
3 191	334	400	
3 411	506	656	
3 189	401	190	
3 412	508	580	
3 403	187	186	
3 577	280	279	
3 183	182	337	
3 406	177	407	
3 192	191	400	
3 496	401	189	
3 580	413	341	
3 398	194	495	
3 509	267	581	
3 195	194	398	
3 494	195	398	
3 266	265	415	
3 193	495	194	
3 271	508	272	
3 414	268	509	
3 492	199	198	
3 264	510	265	
3 392	484	565	
3 333	396	201	
3 511	261	260	
3 397	200	199	
3 583	416	342	
3 200	397	333	
3 657	415	583	
3 419	254	253	
3 202	396	491	
3 490	205	568	
3 394	206	490	
3 205	490	206	
3 587	346	421	
3 396	202	201	
3 585	418	512	
3 683	420	346	
3 566	622	487	
3 586	249	248	
3 207	489	208	
3 213	487	393	
3 247	246	516	
3 394	489	207	
3 419	253	420	
3 566	212	211	
3 512	418	255	
3 229	479	561	
3 417	511	584	
3 242	241	557	
3 487	213	212	
3 589	423	518	
3 392	218	484	
3 486	214	393	
3 348	426	591	
3 393	214	213	
3 424	62	61	
3 684	425	348	
3 484	218	217	
3 520	57	590	
3 418	513	345	
3 332	391	220	
3 56	55	438	
3 392	219	218	
3 424	61	425	
3 219	392	332	
3 518	423	63	
3 86	427	87	
3 221	391	483	
3 83	428	84	
3 223	390	482	
3 223	482	224	
3 685	429	349	
3 227	480	389	
3 757	706	431	
3 525	78	77	
3 227	226	480	
3 732	351	528	
3 228	389	479	
3 228	479	229	
3 80	524	430	
3 477	559	617	
3 77	431	525	
3 562	226	225	
3 428	83	429	
3 221	220	391	
3 594	349	430	
3 307	306	1389	
3 476	694	475	
3 1454	1398	1447	
3 272	412	273	
3 75	526	76	
3 230	478	231	
3 433	527	596	
3 234	233	559	
3 477	388	235	
3 434	71	70	
3 527	433	72	
3 514	587	421	
3 434	70	435	
3 240	558	474	
3 615	558	239	
3 528	436	352	
3 236	388	476	
3 686	435	351	
3 235	234	477	
3 519	975	320	
3 529	44	43	
3 422	245	517	
3 441	533	355	
3 244	243	588	
3 517	245	244	
3 426	58	520	
3 474	557	241	
3 597	437	529	
3 54	531	55	
3 421	250	514	
3 440	532	599	
3 346	251	421	
3 514	250	249	
3 533	441	356	
3 246	422	516	
3 532	51	50	
3 422	246	245	
3 598	439	354	
3 239	558	240	
3 351	68	436	
3 35	362	442	
3 252	251	346	
3 530	437	597	
3 346	420	252	
3 345	319	257	
3 44	529	437	
3 345	256	418	
3 534	442	362	
3 687	444	359	
3 1026	1095	287	
3 600	445	535	
3 344	259	258	
3 262	417	342	
3 366	448	602	
3 344	258	319	
3 446	139	138	
3 418	256	255	
3 40	359	444	
3 688	447	366	
3 262	261	417	
3 537	134	601	
3 263	342	416	
3 263	416	264	
3 133	132	460	
3 582	414	509	
3 446	138	447	
3 163	449	164	
3 414	341	269	
3 160	450	161	
3 269	268	414	
3 578	410	503	
3 689	451	367	
3 509	268	267	
3 707	453	758	
3 264	416	510	
3 367	452	605	
3 417	261	511	
3 535	445	140	
3 421	251	250	
3 355	49	441	
3 542	155	154	
3 270	413	271	
3 369	545	738	
3 276	506	411	
3 507	273	412	
3 157	541	452	
3 271	413	508	
3 154	453	542	
3 152	543	153	
3 277	276	411	
3 455	544	607	
3 411	505	277	
3 410	340	282	
3 977	325	536	
3 410	281	503	
3 456	148	147	
3 274	579	275	
3 606	454	368	
3 690	457	369	
3 282	281	410	
3 545	458	370	
3 871	283	340	
3 284	283	871	
3 369	145	458	
3 283	282	340	
3 456	147	457	
3 608	459	546	
3 873	871	340	
3 448	135	537	
3 872	1001	285	
3 1001	286	285	
3 609	461	372	
3 578	655	927	
3 463	550	373	
3 284	871	872	
3 465	120	119	
3 503	281	280	
3 544	455	149	
3 549	128	127	
3 287	1095	288	
3 550	463	374	
3 1124	288	1095	
3 1027	1125	1026	
3 373	126	463	
3 1125	1027	1101	
3 462	549	610	
3 551	464	380	
3 927	655	973	
3 546	459	121	
3 1193	1183	1182	
3 1226	1232	1219	
3 691	466	376	
3 1191	291	1169	
3 377	674	740	
3 1095	1145	1124	
3 111	380	464	
3 116	377	467	
3 297	1268	1276	
3 101	384	468	
3 1329	1326	1330	
3 1336	301	300	
3 383	552	469	
3 1288	299	298	
3 692	467	377	
3 626	498	573	
3 304	1362	1371	
3 612	470	553	
3 308	307	1404	
3 310	1428	1427	
3 693	387	742	
3 1393	1378	1384	
3 471	95	94	
3 1354	1356	1351	
3 722	678	331	
3 1235	1237	1230	
3 465	119	466	
3 1026	286	1001	
3 131	548	132	
3 341	413	270	
3 450	160	451	
3 553	470	96	
3 595	432	350	
3 693	472	387	
3 489	567	208	
3 471	94	472	
3 555	90	613	
3 89	88	521	
3 617	388	477	
3 240	474	241	
3 618	478	561	
3 237	475	238	
3 694	476	388	
3 475	237	476	
3 560	232	231	
3 231	478	560	
3 389	619	786	
3 234	559	477	
3 618	479	389	
3 229	561	230	
3 481	225	224	
3 480	562	619	
3 390	483	563	
3 562	480	226	
3 695	482	390	
3 481	224	482	
3 563	483	391	
3 390	222	483	
3 485	216	215	
3 620	484	564	
3 487	622	393	
3 564	484	217	
3 696	486	393	
3 485	215	486	
3 566	211	621	
3 210	209	488	
3 395	569	849	
3 487	212	566	
3 623	489	394	
3 208	567	209	
3 568	205	204	
3 490	568	624	
3 569	491	396	
3 395	203	491	
3 493	197	196	
3 625	492	570	
3 679	748	399	
3 570	492	198	
3 697	494	398	
3 493	196	494	
3 193	399	495	
3 698	495	399	
3 188	402	496	
3 572	496	402	
3 178	406	497	
3 405	573	498	
3 727	682	339	
3 420	683	419	
3 500	172	171	
3 627	499	574	
3 699	409	750	
3 574	499	173	
3 699	501	409	
3 500	171	501	
3 576	167	628	
3 166	165	538	
3 504	279	278	
3 630	503	577	
3 850	412	580	
3 577	503	280	
3 700	505	411	
3 504	278	505	
3 273	507	274	
3 506	579	656	
3 656	507	631	
3 275	579	506	
3 580	508	413	
3 412	272	508	
3 581	267	266	
3 632	509	581	
3 583	510	416	
3 415	265	510	
3 260	343	511	
3 584	511	343	
3 254	419	512	
3 418	585	513	
3 728	683	346	
3 410	578	340	
3 515	248	247	
3 634	514	586	
3 701	422	751	
3 586	514	249	
3 701	516	422	
3 515	247	516	
3 556	243	242	
3 517	588	635	
3 62	424	518	
3 423	589	519	
3 353	530	321	
3 611	469	552	
3 590	57	56	
3 637	520	590	
3 638	427	523	
3 473	91	555	
3 702	522	427	
3 521	88	522	
3 592	85	84	
3 523	592	638	
3 593	79	78	
3 639	524	593	
3 594	524	639	
3 79	593	524	
3 595	526	432	
3 431	76	526	
3 71	434	527	
3 596	527	434	
3 385	678	384	
3 526	595	431	
3 43	443	529	
3 529	705	597	
3 672	713	762	
3 591	637	659	
3 598	531	439	
3 438	55	531	
3 50	355	532	
3 599	532	355	
3 425	684	424	
3 531	598	438	
3 1195	1192	1196	
3 884	684	729	
3 139	446	535	
3 445	600	536	
3 642	661	602	
3 736	450	689	
3 601	134	133	
3 642	537	601	
3 643	449	540	
3 502	168	576	
3 703	539	449	
3 538	165	539	
3 603	162	161	
3 540	603	643	
3 604	156	155	
3 644	541	604	
3 605	541	644	
3 156	604	541	
3 606	543	454	
3 453	153	543	
3 148	456	544	
3 607	544	456	
3 407	682	406	
3 543	606	453	
3 120	465	546	
3 459	608	547	
3 740	692	377	
3 661	460	609	
3 609	548	461	
3 460	132	548	
3 127	373	549	
3 610	549	373	
3 447	688	446	
3 548	609	460	
3 379	675	328	
3 377	378	674	
3 468	384	552	
3 611	552	384	
3 95	471	553	
3 470	612	554	
3 471	472	693	
3 776	596	733	
3 613	90	89	
3 647	555	613	
3 648	474	558	
3 588	517	244	
3 704	557	474	
3 556	242	557	
3 615	239	238	
3 558	615	648	
3 616	233	232	
3 649	559	616	
3 617	559	649	
3 233	616	559	
3 618	561	479	
3 478	230	561	
3 225	481	562	
3 619	562	481	
3 392	565	332	
3 332	565	979	
3 216	485	564	
3 484	620	565	
3 665	622	651	
3 633	513	585	
3 621	211	210	
3 651	566	621	
3 623	567	489	
3 488	209	567	
3 204	395	568	
3 624	568	395	
3 397	571	333	
3 486	696	485	
3 197	493	570	
3 492	625	571	
3 572	724	770	
3 571	984	333	
3 724	402	680	
3 399	400	679	
3 497	406	573	
3 626	573	406	
3 172	500	574	
3 499	627	575	
3 780	607	739	
3 500	501	699	
3 628	167	166	
3 654	576	628	
3 279	504	577	
3 503	630	578	
3 580	341	874	
3 850	874	986	
3 274	507	579	
3 631	507	412	
3 414	582	341	
3 411	667	700	
3 266	415	581	
3 509	632	582	
3 584	710	760	
3 341	582	874	
3 342	417	584	
3 710	584	343	
3 343	344	669	
3 319	711	669	
3 512	419	585	
3 633	585	419	
3 248	515	586	
3 514	634	587	
3 786	619	746	
3 515	516	701	
3 243	556	588	
3 635	588	556	
3 518	424	589	
3 636	589	424	
3 56	438	590	
3 520	637	591	
3 693	742	890	
3 846	858	830	
3 84	428	592	
3 638	592	428	
3 78	525	593	
3 593	706	639	
3 636	519	589	
3 733	686	732	
3 350	433	596	
3 528	320	975	
3 686	434	435	
3 886	933	636	
3 443	705	529	
3 705	443	358	
3 599	354	440	
3 858	640	845	
3 640	858	923	
3 599	859	924	
3 535	446	600	
3 641	600	446	
3 133	460	601	
3 537	642	602	
3 645	547	608	
3 853	783	837	
3 161	450	603	
3 643	603	450	
3 155	542	604	
3 604	707	644	
3 536	600	641	
3 739	690	738	
3 368	455	607	
3 545	325	977	
3 690	456	457	
3 889	935	641	
3 546	465	608	
3 645	608	465	
3 610	372	462	
3 836	916	814	
3 645	853	864	
3 610	861	925	
3 612	646	554	
3 682	727	878	
3 553	471	612	
3 646	612	471	
3 89	521	613	
3 555	647	614	
3 638	428	730	
3 752	702	427	
3 238	475	615	
3 648	615	475	
3 232	560	616	
3 616	708	649	
3 650	565	620	
3 746	695	745	
3 389	480	619	
3 563	332	979	
3 695	481	482	
3 895	938	650	
3 564	485	620	
3 650	620	485	
3 210	488	621	
3 566	651	622	
3 652	571	625	
3 854	789	840	
3 624	394	490	
3 839	918	821	
3 652	854	865	
3 624	863	926	
3 570	493	625	
3 652	625	493	
3 627	653	575	
3 793	825	754	
3 574	500	627	
3 653	627	500	
3 166	538	628	
3 576	654	629	
3 643	450	736	
3 753	703	449	
3 577	504	630	
3 655	630	504	
3 505	700	504	
3 582	657	928	
3 581	415	632	
3 657	632	415	
3 658	587	634	
3 655	578	630	
3 586	515	634	
3 658	634	515	
3 556	557	704	
3 792	635	754	
3 640	530	597	
3 678	722	875	
3 590	438	637	
3 659	637	438	
3 349	731	685	
3 521	522	702	
3 525	706	593	
3 706	525	431	
3 672	362	363	
3 795	734	828	
3 688	735	887	
3 809	778	737	
3 601	460	642	
3 661	642	460	
3 367	737	689	
3 538	539	703	
3 542	707	604	
3 707	542	453	
3 741	692	782	
3 783	741	815	
3 790	752	638	
3 806	774	731	
3 613	521	647	
3 663	647	521	
3 744	694	388	
3 704	754	556	
3 560	708	616	
3 708	560	478	
3 747	893	696	
3 881	683	728	
3 621	488	651	
3 665	651	488	
3 788	749	698	
3 789	652	697	
3 750	896	699	
3 605	644	662	
3 628	538	654	
3 666	654	538	
3 922	667	631	
3 289	1144	290	
3 507	656	579	
3 656	631	667	
3 342	905	583	
3 582	632	657	
3 817	618	389	
3 648	475	743	
3 831	798	762	
3 859	599	847	
3 591	932	729	
3 594	639	660	
3 783	645	691	
3 861	610	848	
3 934	735	602	
3 666	629	654	
3 807	757	595	
3 614	647	663	
3 789	749	822	
3 617	649	664	
3 863	624	849	
3 622	937	747	
3 810	758	606	
3 753	643	791	
3 631	412	850	
3 850	922	631	
3 336	725	681	
3 668	725	336	
3 513	711	319	
3 796	711	906	
3 670	322	712	
3 705	358	756	
3 28	869	316	
3 1187	1192	1168	
3 323	713	672	
3 362	672	714	
3 764	671	715	
3 671	324	715	
3 674	327	717	
3 740	782	692	
3 676	328	718	
3 676	380	381	
3 551	380	719	
3 380	676	719	
3 469	721	317	
3 803	721	907	
3 722	331	554	
3 611	384	678	
3 679	334	723	
3 748	788	698	
3 681	335	404	
3 771	668	709	
3 318	709	668	
3 335	681	726	
3 727	339	575	
3 626	406	682	
3 728	346	587	
3 633	419	683	
3 729	348	591	
3 636	424	684	
3 594	731	349	
3 806	731	909	
3 686	351	732	
3 434	686	733	
3 670	734	359	
3 670	712	777	
3 735	366	602	
3 641	446	688	
3 605	737	367	
3 809	737	911	
3 690	369	738	
3 456	690	739	
3 376	467	692	
3 645	465	691	
3 717	781	674	
3 376	692	741	
3 742	387	614	
3 646	471	693	
3 617	744	388	
3 816	744	913	
3 695	390	745	
3 481	695	746	
3 747	393	622	
3 650	485	696	
3 398	495	698	
3 652	493	697	
3 723	787	679	
3 398	698	749	
3 750	409	629	
3 653	500	699	
3 972	700	667	
3 655	504	700	
3 751	422	635	
3 658	515	701	
3 752	427	638	
3 663	521	702	
3 753	449	643	
3 666	538	703	
3 648	755	474	
3 794	648	743	
3 756	358	687	
3 597	705	640	
3 757	431	595	
3 639	706	660	
3 758	453	606	
3 644	707	662	
3 759	478	618	
3 649	708	664	
3 723	572	770	
3 698	399	748	
3 669	711	761	
3 584	905	342	
3 796	761	711	
3 669	761	710	
3 714	672	762	
3 762	798	714	
3 716	673	316	
3 1041	1142	1106	
3 713	764	762	
3 534	714	763	
3 1024	801	1000	
3 764	713	671	
3 1024	1039	982	
3 795	756	687	
3 676	718	766	
3 766	802	719	
3 675	329	720	
3 719	676	766	
3 720	677	769	
3 551	719	767	
3 677	317	721	
3 721	769	677	
3 720	769	768	
3 675	768	718	
3 877	722	929	
3 875	876	611	
3 572	402	724	
3 724	772	805	
3 680	335	726	
3 772	724	680	
3 773	725	771	
3 726	772	680	
3 725	773	681	
3 668	771	725	
3 880	727	930	
3 878	879	626	
3 883	728	931	
3 900	658	899	
3 885	729	932	
3 953	969	659	
3 685	731	774	
3 730	790	638	
3 730	774	823	
3 901	702	752	
3 775	974	732	
3 434	733	596	
3 528	775	732	
3 757	660	706	
3 734	670	777	
3 705	756	640	
3 888	735	934	
3 955	970	661	
3 689	737	778	
3 736	791	643	
3 736	778	824	
3 903	703	753	
3 779	976	738	
3 456	739	607	
3 545	779	738	
3 758	662	707	
3 740	674	781	
3 741	691	376	
3 740	781	812	
3 691	741	783	
3 891	742	936	
3 663	901	902	
3 694	744	784	
3 701	751	899	
3 751	635	792	
3 793	754	704	
3 785	978	745	
3 481	746	619	
3 563	785	745	
3 759	664	708	
3 894	747	937	
3 957	971	665	
3 748	679	787	
3 749	697	398	
3 748	787	819	
3 697	749	789	
3 897	750	939	
3 666	903	904	
3 635	556	754	
3 694	784	743	
3 774	730	685	
3 909	731	594	
3 778	736	689	
3 911	737	605	
3 704	474	755	
3 755	793	704	
3 617	913	744	
3 743	784	827	
3 734	795	687	
3 734	777	828	
3 350	776	807	
3 732	974	733	
3 368	780	810	
3 738	976	739	
3 389	786	817	
3 745	978	746	
3 881	633	683	
3 850	580	874	
3 513	906	711	
3 710	761	797	
3 831	764	800	
3 763	712	534	
3 715	799	764	
3 790	841	855	
3 765	715	673	
3 765	799	715	
3 800	764	799	
3 798	763	714	
3 752	790	855	
3 767	717	551	
3 718	768	766	
3 791	842	856	
3 907	721	469	
3 768	832	766	
3 721	803	769	
3 832	768	980	
3 753	791	856	
3 914	759	817	
3 709	498	908	
3 771	709	804	
3 773	726	681	
3 773	771	981	
3 981	833	773	
3 772	726	773	
3 807	595	350	
3 757	807	910	
3 829	830	828	
3 875	611	678	
3 800	801	982	
3 812	814	782	
3 763	808	712	
3 712	808	829	
3 810	606	368	
3 758	810	912	
3 719	802	767	
3 682	878	626	
3 983	550	326	
3 788	819	821	
3 767	811	717	
3 782	740	812	
3 802	835	767	
3 782	815	741	
3 813	717	811	
3 815	837	783	
3 618	817	759	
3 826	793	755	
3 772	773	833	
3 797	760	710	
3 569	333	984	
3 792	843	857	
3 770	818	723	
3 788	748	819	
3 805	838	770	
3 788	822	749	
3 770	724	805	
3 822	840	789	
3 823	790	730	
3 841	790	823	
3 736	824	791	
3 842	791	824	
3 827	844	794	
3 826	843	825	
3 755	648	794	
3 755	794	826	
3 784	744	816	
3 794	743	827	
3 763	798	834	
3 795	830	845	
3 938	565	650	
3 996	1092	986	
3 761	796	797	
3 851	797	796	
3 716	801	765	
3 756	795	845	
3 716	869	870	
3 1192	1187	1196	
3 1246	1154	1195	
3 891	890	742	
3 921	834	852	
3 835	802	832	
3 768	769	980	
3 766	832	802	
3 636	933	519	
3 750	897	896	
3 641	935	536	
3 792	754	825	
3 833	805	772	
3 723	818	820	
3 530	640	923	
3 846	830	829	
3 909	910	948	
3 910	909	660	
3 808	763	834	
3 533	866	847	
3 955	609	925	
3 838	805	833	
3 911	912	949	
3 912	911	662	
3 877	876	875	
3 835	811	767	
3 813	781	717	
3 812	781	813	
3 813	811	836	
3 812	813	814	
3 835	915	811	
3 610	373	848	
3 782	814	815	
3 837	815	814	
3 957	623	926	
3 751	792	857	
3 913	914	950	
3 914	913	664	
3 880	879	878	
3 818	770	838	
3 820	787	723	
3 819	787	820	
3 820	818	839	
3 819	820	821	
3 838	917	818	
3 624	395	849	
3 788	821	822	
3 840	822	821	
3 774	806	823	
3 841	823	806	
3 778	809	824	
3 842	824	809	
3 793	826	825	
3 792	825	843	
3 839	821	820	
3 794	844	826	
3 784	816	827	
3 816	920	827	
3 829	777	712	
3 828	777	829	
3 829	808	846	
3 830	795	828	
3 834	921	808	
3 847	599	355	
3 831	800	852	
3 798	831	834	
3 946	907	876	
3 813	836	814	
3 947	908	879	
3 1069	862	998	
3 870	999	1025	
3 659	969	932	
3 803	907	946	
3 860	997	1068	
3 991	1020	832	
3 888	964	1012	
3 848	860	861	
3 783	853	645	
3 908	947	804	
3 919	826	844	
3 1021	833	992	
3 881	882	633	
3 849	862	863	
3 789	854	652	
3 807	987	910	
3 886	636	884	
3 912	810	988	
3 641	887	889	
3 962	990	951	
3 913	950	816	
3 895	650	893	
3 817	989	914	
3 858	845	830	
3 640	756	845	
3 831	852	834	
3 885	963	1011	
3 533	321	985	
3 598	354	924	
3 860	848	550	
3 609	372	925	
3 862	849	569	
3 623	394	926	
3 905	760	943	
3 797	851	760	
3 882	945	906	
3 1208	1092	1129	
3 852	800	982	
3 915	1002	836	
3 860	983	864	
3 547	645	864	
3 862	984	865	
3 571	652	865	
3 855	841	941	
3 702	901	663	
3 856	842	942	
3 703	903	666	
3 883	882	881	
3 701	899	658	
3 806	909	948	
3 953	598	924	
3 1005	1042	1031	
3 884	636	684	
3 853	867	864	
3 641	688	887	
3 997	864	867	
3 997	860	864	
3 854	868	865	
3 650	696	893	
3 998	865	868	
3 998	862	865	
3 837	867	853	
3 814	916	837	
3 840	868	854	
3 821	918	840	
3 858	1004	1005	
3 847	866	1042	
3 836	811	915	
3 867	837	916	
3 839	818	917	
3 918	868	840	
3 870	27	26	
3 716	316	869	
3 25	24	1023	
3 870	1025	716	
3 340	578	873	
3 284	872	285	
3 871	873	872	
3 873	1027	872	
3 667	922	972	
3 578	927	873	
3 583	944	657	
3 928	874	582	
3 554	929	722	
3 722	877	875	
3 1057	891	1007	
3 803	946	960	
3 890	646	693	
3 892	877	929	
3 575	930	727	
3 727	880	878	
3 1058	897	1008	
3 804	947	961	
3 896	653	699	
3 898	880	930	
3 728	587	931	
3 881	728	883	
3 857	940	900	
3 906	945	796	
3 940	857	843	
3 900	883	931	
3 729	885	884	
3 884	885	886	
3 846	921	1004	
3 1054	776	974	
3 1004	858	846	
3 808	921	846	
3 735	888	887	
3 887	888	889	
3 911	949	809	
3 1055	780	976	
3 970	934	661	
3 888	1012	889	
3 742	614	936	
3 890	891	892	
3 877	892	1052	
3 892	646	890	
3 936	902	891	
3 902	1007	891	
3 747	894	893	
3 893	894	895	
3 827	920	844	
3 1056	786	978	
3 971	937	665	
3 989	950	914	
3 750	629	939	
3 896	897	898	
3 880	898	1053	
3 898	653	896	
3 939	904	897	
3 904	1008	897	
3 751	857	899	
3 899	857	900	
3 919	1006	843	
3 940	1014	900	
3 752	855	901	
3 901	855	902	
3 941	902	855	
3 902	941	1007	
3 753	856	903	
3 903	856	904	
3 942	904	856	
3 904	942	1008	
3 943	760	851	
3 583	905	944	
3 513	633	906	
3 882	906	633	
3 469	611	907	
3 876	907	611	
3 498	626	908	
3 879	908	626	
3 594	660	909	
3 660	757	910	
3 807	776	1054	
3 974	776	733	
3 605	662	911	
3 662	758	912	
3 810	780	1055	
3 976	780	739	
3 617	664	913	
3 664	759	914	
3 817	786	1056	
3 844	951	919	
3 960	991	980	
3 961	992	981	
3 1096	960	967	
3 1003	839	917	
3 997	867	1028	
3 919	843	826	
3 917	838	1021	
3 945	959	796	
3 1097	961	968	
3 959	851	796	
3 962	816	950	
3 844	920	951	
3 852	982	1030	
3 832	980	991	
3 657	958	928	
3 972	655	700	
3 1031	858	1005	
3 985	923	866	
3 599	924	354	
3 924	859	952	
3 610	925	372	
3 925	861	954	
3 624	926	394	
3 926	863	956	
3 1038	1022	851	
3 973	972	1015	
3 944	958	657	
3 928	993	874	
3 554	646	929	
3 892	929	646	
3 575	653	930	
3 898	930	653	
3 587	658	931	
3 900	931	658	
3 591	659	932	
3 598	953	659	
3 933	886	1016	
3 975	933	775	
3 602	661	934	
3 609	955	661	
3 935	889	1017	
3 977	935	779	
3 614	663	936	
3 902	936	663	
3 622	665	937	
3 623	957	665	
3 938	895	1018	
3 979	938	785	
3 629	666	939	
3 904	939	666	
3 1006	919	990	
3 900	1014	883	
3 948	1059	806	
3 806	1059	841	
3 949	1060	809	
3 809	1060	842	
3 959	1038	851	
3 986	922	850	
3 905	943	944	
3 944	943	958	
3 882	883	966	
3 882	966	945	
3 877	967	876	
3 967	946	876	
3 880	968	879	
3 968	947	879	
3 960	946	967	
3 948	1072	1081	
3 1020	915	835	
3 949	1073	1082	
3 786	746	978	
3 965	1013	894	
3 962	920	816	
3 951	920	962	
3 886	885	1011	
3 932	963	885	
3 924	952	953	
3 952	963	969	
3 1002	1028	916	
3 934	964	888	
3 925	954	955	
3 954	964	970	
3 1003	1029	918	
3 937	965	894	
3 926	956	957	
3 956	965	971	
3 994	993	928	
3 993	986	874	
3 966	959	945	
3 290	1169	291	
3 987	948	910	
3 833	981	992	
3 912	988	949	
3 919	951	990	
3 1013	895	894	
3 1019	950	989	
3 1031	866	923	
3 866	1031	1042	
3 1033	954	1068	
3 1068	954	861	
3 1034	956	1069	
3 962	950	1019	
3 785	938	1063	
3 1092	1035	1015	
3 891	1057	892	
3 961	947	968	
3 942	1010	1091	
3 940	843	1006	
3 952	969	953	
3 932	969	963	
3 954	970	955	
3 934	970	964	
3 956	971	957	
3 937	971	965	
3 972	922	1015	
3 655	972	973	
3 1015	922	986	
3 993	996	986	
3 1061	933	1016	
3 1011	1080	886	
3 933	975	519	
3 528	975	775	
3 1062	935	1017	
3 889	1012	1017	
3 935	977	536	
3 545	977	779	
3 1063	938	1018	
3 895	1013	1018	
3 938	979	565	
3 563	979	785	
3 769	803	980	
3 960	980	803	
3 771	804	981	
3 961	981	804	
3 1196	1274	1195	
3 982	801	1024	
3 864	983	547	
3 550	983	860	
3 865	984	571	
3 569	984	862	
3 923	985	530	
3 533	985	866	
3 851	1022	943	
3 996	993	994	
3 1042	1044	859	
3 841	1009	941	
3 954	1033	964	
3 842	1010	942	
3 863	1069	956	
3 998	868	1029	
3 1105	1056	1076	
3 1194	292	1191	
3 1036	1020	991	
3 1020	835	832	
3 1037	1021	992	
3 1021	838	833	
3 958	994	928	
3 958	943	995	
3 994	958	995	
3 994	995	996	
3 943	1022	995	
3 1027	873	1067	
3 883	1014	966	
3 1105	1126	1019	
3 916	836	1002	
3 1028	867	916	
3 918	839	1003	
3 918	1029	868	
3 24	23	1094	
3 801	716	1000	
3 1041	1024	1000	
3 1189	1195	1172	
3 927	1067	873	
3 286	1026	287	
3 941	1009	1089	
3 990	962	1019	
3 897	1058	898	
3 1010	1060	1082	
3 852	1030	1118	
3 1118	1004	921	
3 1011	1051	1071	
3 1032	963	952	
3 1126	1139	990	
3 940	1006	1014	
3 1059	1081	1009	
3 1052	967	877	
3 1010	1082	1087	
3 1053	968	880	
3 1061	775	933	
3 1046	1049	1047	
3 779	935	1062	
3 1012	964	1033	
3 1004	1119	1130	
3 963	1032	1051	
3 997	1120	1068	
3 988	1055	1104	
3 965	956	1034	
3 998	1121	1069	
3 1006	1139	1014	
3 959	1070	1038	
3 1092	1015	986	
3 973	1015	1035	
3 1011	963	1051	
3 1054	987	807	
3 1137	1017	1012	
3 1055	988	810	
3 1138	1018	1013	
3 1056	989	817	
3 965	1034	1013	
3 1093	995	1022	
3 1036	991	960	
3 915	1020	1064	
3 1037	992	961	
3 917	1021	1065	
3 1070	1079	1038	
3 294	1198	1247	
3 1094	23	1123	
3 1025	1000	716	
3 982	1039	1030	
3 1214	1234	1196	
3 1023	1066	999	
3 1025	999	1066	
3 1001	872	1027	
3 1026	1001	1027	
3 927	973	1035	
3 1022	1079	1109	
3 1002	915	1064	
3 1055	1075	1104	
3 1065	1003	917	
3 961	1097	1037	
3 1278	1294	1306	
3 1099	1002	1064	
3 858	1031	923	
3 1005	1040	1042	
3 1098	1030	1043	
3 1049	1032	1047	
3 1028	1099	1200	
3 1033	1120	1150	
3 1100	1204	1029	
3 1151	1034	1121	
3 1079	1022	1038	
3 1035	1092	1208	
3 1030	1039	1043	
3 1100	1003	1065	
3 1091	1008	942	
3 1056	1105	989	
3 966	1070	959	
3 966	1014	1102	
3 1078	1025	1066	
3 1168	1143	21	
3 1046	1040	1005	
3 1045	952	1044	
3 1254	1196	1234	
3 1032	1045	1047	
3 1044	1042	1040	
3 847	1042	859	
3 1078	1142	1041	
3 1054	1061	1074	
3 1045	1044	1040	
3 952	859	1044	
3 1047	1040	1046	
3 952	1045	1032	
3 1130	1134	1046	
3 1103	987	1054	
3 1040	1047	1045	
3 1046	1048	1049	
3 1004	1118	1119	
3 1104	1073	988	
3 1050	1049	1048	
3 1032	1049	1051	
3 1113	1036	1096	
3 941	1089	1007	
3 1049	1050	1051	
3 1071	1051	1050	
3 1084	1086	1081	
3 1052	1111	967	
3 1082	1085	1087	
3 1053	1112	968	
3 775	1061	974	
3 1080	1016	886	
3 779	1062	976	
3 1075	1055	1062	
3 785	1063	978	
3 1063	1076	1056	
3 1007	1089	1115	
3 1052	892	1057	
3 1008	1091	1116	
3 1053	898	1058	
3 1072	948	987	
3 841	1059	1009	
3 1073	949	988	
3 842	1060	1010	
3 1074	1061	1016	
3 1054	974	1061	
3 1075	1062	1017	
3 1055	976	1062	
3 1076	1063	1018	
3 1056	978	1063	
3 1020	1036	1064	
3 1099	1064	1036	
3 1021	1037	1065	
3 1100	1065	1037	
3 24	1094	1023	
3 1078	1000	1025	
3 927	1035	1067	
3 1101	1067	1035	
3 860	1068	861	
3 1120	997	1028	
3 862	1069	863	
3 1121	998	1029	
3 1105	1019	989	
3 995	1093	996	
3 1080	1083	1074	
3 1011	1071	1080	
3 1166	1103	1074	
3 1009	1081	1086	
3 1036	960	1096	
3 1115	1057	1007	
3 1083	1071	1050	
3 1054	1074	1103	
3 1103	1072	987	
3 1050	1048	1122	
3 1116	1058	1008	
3 1097	1114	1037	
3 1123	1077	1094	
3 1172	1142	1077	
3 1066	1077	1078	
3 1078	1077	1142	
3 1070	966	1102	
3 1193	1199	1179	
3 1083	1080	1071	
3 1074	1016	1080	
3 948	1081	1059	
3 1081	1072	1084	
3 949	1082	1060	
3 1082	1073	1085	
3 1046	1005	1130	
3 1003	1100	1029	
3 1099	1028	1002	
3 1120	1033	1068	
3 1211	1083	1122	
3 1069	1121	1034	
3 1088	1086	1084	
3 1009	1086	1089	
3 1090	1087	1085	
3 1010	1087	1091	
3 1184	1098	1106	
3 1201	1113	1148	
3 1086	1088	1089	
3 1115	1088	1107	
3 1137	1075	1017	
3 1070	1102	1079	
3 1087	1090	1091	
3 1116	1090	1108	
3 1198	293	1194	
3 1155	1144	1124	
3 1093	1022	1109	
3 996	1093	1110	
3 1123	23	22	
3 1077	1023	1094	
3 1067	1101	1027	
3 288	1124	289	
3 1107	1052	1057	
3 967	1111	1096	
3 1108	1053	1058	
3 968	1112	1097	
3 1043	1041	1106	
3 1083	1050	1122	
3 1099	1036	1113	
3 1073	1141	1085	
3 1114	1100	1037	
3 1006	990	1139	
3 1110	1093	1109	
3 1092	996	1110	
3 1019	1126	990	
3 1018	1138	1076	
3 1166	1074	1083	
3 1072	1103	1140	
3 1012	1033	1150	
3 1073	1104	1141	
3 1151	1013	1034	
3 1204	1100	1205	
3 1106	1154	1184	
3 1127	1131	1135	
3 1088	1146	1107	
3 1127	1096	1111	
3 1090	1147	1108	
3 1128	1097	1112	
3 1079	1102	1167	
3 1092	1110	1129	
3 1117	1110	1109	
3 1110	1117	1129	
3 1052	1107	1111	
3 1127	1113	1096	
3 1053	1108	1112	
3 1128	1114	1097	
3 1084	1072	1140	
3 1159	1085	1141	
3 1132	1136	1128	
3 1128	1136	1114	
3 1088	1115	1089	
3 1057	1115	1107	
3 1090	1116	1091	
3 1058	1116	1108	
3 1273	1198	1240	
3 1109	1079	1117	
3 1030	1098	1118	
3 1119	1118	1098	
3 1130	1119	1133	
3 1130	1005	1004	
3 1113	1135	1148	
3 1104	1075	1153	
3 1149	1114	1136	
3 1139	1102	1014	
3 1048	1134	1122	
3 1108	1147	1132	
3 21	1143	22	
3 21	20	1168	
3 1125	1095	1026	
3 1125	1145	1095	
3 1191	1169	1160	
3 1169	290	1144	
3 1152	1076	1138	
3 1149	1205	1114	
3 1107	1131	1111	
3 1127	1111	1131	
3 1108	1132	1112	
3 1128	1112	1132	
3 1180	1167	1173	
3 1193	1179	1183	
3 1133	1119	1098	
3 1134	1048	1046	
3 1157	1088	1084	
3 1146	1131	1107	
3 1135	1131	1156	
3 1127	1135	1113	
3 1142	1154	1106	
3 1163	1148	1135	
3 1130	1133	1134	
3 1209	1134	1133	
3 1146	1156	1131	
3 1136	1132	1158	
3 1120	1175	1150	
3 1138	1151	1170	
3 1150	1137	1012	
3 1137	1153	1075	
3 1013	1151	1138	
3 1152	1105	1076	
3 1079	1167	1117	
3 1139	1173	1102	
3 1140	1103	1166	
3 1140	1157	1084	
3 1200	1099	1201	
3 1159	1090	1085	
3 1172	1123	1143	
3 1123	22	1143	
3 19	1187	20	
3 1077	1123	1172	
3 1145	1155	1124	
3 1144	1155	1160	
3 1161	1125	1101	
3 1101	1035	1208	
3 1225	1146	1157	
3 1132	1147	1158	
3 1104	1153	1141	
3 1126	1105	1152	
3 1146	1088	1157	
3 1153	1171	1178	
3 1159	1147	1090	
3 1139	1176	1181	
3 1171	1153	1137	
3 1150	1171	1137	
3 1138	1170	1152	
3 1151	1121	1174	
3 1186	1149	1165	
3 1167	1102	1173	
3 1175	1178	1171	
3 1153	1210	1141	
3 1290	1306	1296	
3 1134	1209	1122	
3 1145	1125	1161	
3 1161	1155	1145	
3 1162	1156	1146	
3 1135	1156	1163	
3 1209	1133	1184	
3 1133	1098	1184	
3 1164	1158	1147	
3 1136	1158	1165	
3 1159	1210	1221	
3 1147	1159	1164	
3 1160	1155	1161	
3 294	293	1198	
3 1179	1199	1117	
3 294	1247	295	
3 1222	1211	1213	
3 1136	1165	1149	
3 1156	1162	1163	
3 1185	1163	1162	
3 1216	1239	1178	
3 1167	1180	1117	
3 1158	1164	1165	
3 1186	1165	1164	
3 1166	1083	1211	
3 1211	1222	1166	
3 1176	1139	1126	
3 1152	1233	1126	
3 19	18	1214	
3 1154	1142	1172	
3 1144	1160	1169	
3 1160	1188	1191	
3 1121	1029	1204	
3 1151	1174	1170	
3 1120	1028	1200	
3 1150	1175	1171	
3 1168	1189	1143	
3 20	1187	1168	
3 1170	1174	1177	
3 1179	1117	1180	
3 1149	1206	1205	
3 1177	1152	1170	
3 1163	1185	1148	
3 1159	1141	1210	
3 1152	1177	1233	
3 1188	1244	1198	
3 1216	1178	1175	
3 1179	1180	1183	
3 1201	1148	1202	
3 1175	1203	1216	
3 1126	1233	1176	
3 1237	1235	1236	
3 1173	1181	1180	
3 1181	1182	1183	
3 1139	1181	1173	
3 1181	1176	1182	
3 1174	1207	1218	
3 1263	296	295	
3 1181	1183	1180	
3 1193	1182	1190	
3 1172	1195	1154	
3 1223	1157	1222	
3 1213	1211	1212	
3 1218	1177	1174	
3 1261	1248	1217	
3 1159	1221	1164	
3 1214	18	1234	
3 1143	1189	1172	
3 1232	1226	1230	
3 1101	1208	1219	
3 1189	1168	1192	
3 1189	1192	1195	
3 1243	1177	1218	
3 1276	298	297	
3 1194	1191	1188	
3 292	291	1191	
3 19	1214	1187	
3 17	1241	1234	
3 1193	1190	1197	
3 1193	1197	1199	
3 1194	1188	1198	
3 293	292	1194	
3 16	1255	1241	
3 1274	1196	1254	
3 1255	1265	1241	
3 1241	1254	1234	
3 1238	1182	1233	
3 1313	1276	1287	
3 1244	1232	1245	
3 1244	1188	1160	
3 1219	1161	1101	
3 1117	1199	1129	
3 1099	1113	1201	
3 1175	1120	1200	
3 1202	1148	1185	
3 1200	1201	1203	
3 1202	1185	1215	
3 1200	1203	1175	
3 1201	1202	1203	
3 1202	1215	1216	
3 1100	1114	1205	
3 1174	1121	1204	
3 1206	1149	1186	
3 1204	1205	1207	
3 1206	1186	1217	
3 1204	1207	1174	
3 1205	1206	1207	
3 1206	1217	1218	
3 1199	1220	1129	
3 1197	1227	1199	
3 1154	1246	1184	
3 1162	1231	1185	
3 1153	1178	1210	
3 1210	1178	1221	
3 1209	1212	1122	
3 1122	1212	1211	
3 1212	1228	1213	
3 1166	1222	1140	
3 1212	1209	1228	
3 1229	1225	1223	
3 1234	18	17	
3 1196	1187	1214	
3 1231	1162	1229	
3 1182	1238	1190	
3 1202	1216	1203	
3 1251	1216	1215	
3 1252	1215	1249	
3 1261	1221	1262	
3 1206	1218	1207	
3 1233	1243	1238	
3 1129	1220	1226	
3 1208	1226	1219	
3 1227	1220	1199	
3 1161	1219	1232	
3 1178	1239	1221	
3 1186	1164	1261	
3 1223	1222	1213	
3 1157	1140	1222	
3 1224	1223	1213	
3 1146	1225	1162	
3 1184	1246	1260	
3 1228	1250	1224	
3 1157	1223	1225	
3 1229	1223	1224	
3 1129	1226	1208	
3 1230	1226	1220	
3 1197	1236	1227	
3 1227	1235	1220	
3 1274	1283	1284	
3 1249	1185	1231	
3 1229	1224	1231	
3 1162	1225	1229	
3 1230	1220	1235	
3 1232	1230	1245	
3 1239	1216	1251	
3 1242	1236	1197	
3 1244	1245	1240	
3 1160	1161	1232	
3 1233	1177	1243	
3 1182	1176	1233	
3 16	1241	17	
3 16	15	1255	
3 1227	1236	1235	
3 1271	1287	1268	
3 1197	1190	1242	
3 1336	300	1312	
3 1238	1242	1190	
3 1282	1271	1273	
3 1258	1243	1256	
3 1236	1242	1272	
3 1185	1249	1215	
3 1186	1261	1217	
3 1263	1268	296	
3 295	1247	1263	
3 1255	15	1266	
3 1254	1241	1265	
3 1256	1257	1258	
3 1242	1238	1279	
3 1217	1256	1218	
3 1243	1218	1256	
3 1232	1244	1160	
3 1198	1244	1240	
3 1230	1237	1245	
3 1259	1245	1237	
3 1296	1285	1269	
3 1264	1231	1250	
3 1259	1240	1245	
3 1273	1247	1198	
3 1224	1250	1231	
3 1251	1253	1239	
3 1209	1260	1228	
3 1264	1249	1231	
3 1280	1228	1260	
3 1261	1262	1248	
3 1251	1215	1252	
3 1251	1252	1253	
3 1295	1307	1289	
3 1267	1248	1262	
3 1252	1249	1264	
3 1258	1238	1243	
3 1341	1343	1345	
3 1265	1255	1270	
3 14	1266	15	
3 13	1275	14	
3 1248	1257	1217	
3 1217	1257	1256	
3 1257	1267	1281	
3 1238	1258	1279	
3 1257	1248	1267	
3 1242	1279	1291	
3 1237	1236	1272	
3 1313	1288	1276	
3 1274	1246	1195	
3 1265	1269	1254	
3 1164	1221	1261	
3 1262	1221	1239	
3 1239	1253	1262	
3 1267	1262	1253	
3 1273	1271	1247	
3 296	1268	297	
3 1228	1280	1250	
3 1252	1295	1253	
3 1255	1266	1270	
3 1275	1278	1266	
3 13	12	1286	
3 1290	1270	1278	
3 1252	1307	1295	
3 1237	1272	1305	
3 1271	1263	1247	
3 1268	1263	1271	
3 1372	1391	1380	
3 1250	1277	1264	
3 14	1275	1266	
3 1269	1265	1270	
3 1301	1303	1305	
3 1288	1312	299	
3 1295	1267	1253	
3 1329	1325	1326	
3 1240	1259	1273	
3 1273	1259	1282	
3 1269	1283	1254	
3 1274	1254	1283	
3 11	1310	12	
3 1266	1278	1270	
3 1268	1287	1276	
3 298	1276	1288	
3 1270	1290	1269	
3 1242	1291	1272	
3 1275	13	1286	
3 1286	1294	1275	
3 1292	1257	1281	
3 1257	1292	1258	
3 1274	1284	1246	
3 1277	1250	1280	
3 1348	1267	1289	
3 1300	1301	1291	
3 1291	1301	1272	
3 1316	1282	1259	
3 1293	1280	1260	
3 1293	1246	1284	
3 1269	1285	1283	
3 1284	1283	1285	
3 1349	1306	1309	
3 1308	1304	1299	
3 1317	1294	1286	
3 1290	1278	1306	
3 1282	1311	1271	
3 1305	1316	1259	
3 1318	1271	1311	
3 299	1312	300	
3 1314	1277	1280	
3 1304	1297	1302	
3 1278	1275	1294	
3 1269	1290	1296	
3 1258	1292	1279	
3 1279	1298	1291	
3 1299	1298	1292	
3 1279	1292	1298	
3 1285	1315	1284	
3 1284	1315	1293	
3 12	1310	1286	
3 1310	1343	1317	
3 1307	1252	1264	
3 1267	1295	1289	
3 1347	1345	1346	
3 1309	1350	1349	
3 1298	1302	1300	
3 301	1351	302	
3 1299	1292	1281	
3 1300	1297	1301	
3 1281	1267	1348	
3 1307	1334	1289	
3 1291	1298	1300	
3 1302	1298	1299	
3 1303	1301	1297	
3 1305	1272	1301	
3 1304	1302	1299	
3 1297	1300	1302	
3 1297	1304	1337	
3 1328	1329	1331	
3 1299	1281	1308	
3 1323	1303	1337	
3 1322	1316	1305	
3 1237	1305	1259	
3 1317	1286	1310	
3 1294	1309	1306	
3 1264	1277	1307	
3 1307	1277	1334	
3 1314	1315	1320	
3 1348	1340	1308	
3 1347	1341	1345	
3 1289	1334	1340	
3 10	1335	11	
3 1309	1343	1341	
3 1324	1311	1282	
3 1338	1319	1328	
3 1319	1288	1313	
3 1319	1312	1288	
3 1318	1287	1271	
3 1313	1287	1318	
3 1314	1293	1315	
3 1277	1314	1320	
3 1321	1285	1296	
3 1321	1369	1315	
3 1322	1305	1303	
3 1282	1316	1324	
3 1310	11	1335	
3 1309	1294	1317	
3 1311	1326	1318	
3 1318	1325	1313	
3 1319	1313	1325	
3 1312	1319	1338	
3 1285	1321	1315	
3 1308	1352	1304	
3 1343	1309	1317	
3 1374	1350	1361	
3 1323	1322	1303	
3 1316	1322	1324	
3 1303	1297	1337	
3 1333	1344	1357	
3 1322	1323	1324	
3 1323	1342	1324	
3 1311	1324	1327	
3 1318	1326	1325	
3 1311	1327	1326	
3 1319	1325	1329	
3 1355	1356	1366	
3 301	1336	1351	
3 1331	1329	1330	
3 1328	1331	1332	
3 1330	1326	1327	
3 1319	1329	1328	
3 1333	1330	1339	
3 1332	1331	1333	
3 1330	1327	1339	
3 1351	1356	1355	
3 1331	1330	1333	
3 1373	1371	1362	
3 1327	1342	1339	
3 1367	1368	1366	
3 1277	1320	1334	
3 1334	1320	1340	
3 9	1346	10	
3 1345	1335	1346	
3 1336	1354	1351	
3 1354	1336	1338	
3 1308	1340	1352	
3 1344	1333	1339	
3 1332	1338	1328	
3 1336	1312	1338	
3 1342	1327	1324	
3 1323	1337	1353	
3 1350	1359	1361	
3 1370	1337	1352	
3 1346	9	1358	
3 1365	7	1372	
3 1323	1353	1342	
3 1339	1342	1344	
3 1310	1335	1343	
3 1345	1343	1335	
3 1337	1304	1352	
3 1378	306	305	
3 1346	1335	10	
3 9	8	1358	
3 1346	1358	1364	
3 7	6	1372	
3 1379	1372	6	
3 1350	1321	1349	
3 1340	1348	1289	
3 1308	1281	1348	
3 1350	1309	1341	
3 1321	1296	1349	
3 1359	1350	1341	
3 1361	1359	1360	
3 302	1355	303	
3 302	1351	1355	
3 1315	1369	1320	
3 1342	1353	1344	
3 1352	1340	1383	
3 1344	1353	1377	
3 1338	1332	1354	
3 1355	1362	303	
3 1363	1354	1332	
3 1357	1332	1333	
3 1363	1356	1354	
3 304	303	1362	
3 1377	1353	1370	
3 1384	1368	1402	
3 7	1365	8	
3 1365	1364	1358	
3 1346	1364	1347	
3 1321	1350	1374	
3 1391	1396	1400	
3 1383	1340	1320	
3 1375	1361	1360	
3 1370	1353	1337	
3 1356	1363	1367	
3 1355	1366	1362	
3 1332	1357	1363	
3 1363	1357	1367	
3 1358	8	1365	
3 1360	1347	1364	
3 6	5	1379	
3 1364	1365	1380	
3 1356	1367	1366	
3 1366	1373	1362	
3 1368	1367	1357	
3 304	1371	305	
3 1344	1388	1357	
3 308	1404	1409	
3 1321	1374	1369	
3 1382	1383	1376	
3 1381	1374	1361	
3 1382	1370	1352	
3 1373	1384	1371	
3 305	1371	1378	
3 5	4	1390	
3 1365	1372	1380	
3 1366	1368	1373	
3 1368	1384	1373	
3 1381	1361	1375	
3 1381	1387	1374	
3 1360	1364	1380	
3 1394	1381	1406	
3 1377	1370	1386	
3 1388	1344	1377	
3 1394	1387	1381	
3 1388	1395	1357	
3 1384	1378	1371	
3 306	1378	1389	
3 4	3	1405	
3 1360	1380	1375	
3 1379	1391	1372	
3 5	1390	1379	
3 1385	1376	1394	
3 1394	1376	1387	
3 1385	1382	1376	
3 1370	1382	1386	
3 1320	1369	1383	
3 1369	1374	1387	
3 1368	1357	1395	
3 307	1389	1404	
3 1381	1375	1406	
3 1392	1397	1377	
3 1382	1385	1386	
3 1392	1386	1385	
3 1376	1383	1387	
3 1369	1387	1383	
3 1377	1386	1392	
3 1389	1378	1393	
3 1377	1397	1388	
3 1389	1393	1399	
3 1410	1405	3	
3 1405	1410	1403	
3 1390	1396	1379	
3 1379	1396	1391	
3 1407	1385	1394	
3 1417	1402	1395	
3 1395	1402	1368	
3 1402	1399	1393	
3 1375	1400	1412	
3 1413	1394	1406	
3 1397	1395	1388	
3 1392	1411	1397	
3 4	1405	1390	
3 1421	1426	1438	
3 1411	1392	1407	
3 1442	1446	314	
3 1384	1402	1393	
3 308	1409	309	
3 1402	1417	1433	
3 1403	1396	1390	
3 1407	1392	1385	
3 1397	1417	1395	
3 1400	1396	1403	
3 1397	1411	1417	
3 1426	1410	1419	
3 1418	1412	1421	
3 1389	1399	1404	
3 1404	1399	1409	
3 1410	3	2	
3 1403	1390	1405	
3 1412	1406	1375	
3 1420	1416	1407	
3 1412	1418	1406	
3 1422	1439	1430	
3 1422	1414	1409	
3 310	309	1414	
3 309	1409	1414	
3 1	1419	2	
3 1432	1438	1426	
3 1407	1413	1420	
3 1416	1417	1411	
3 1421	1400	1403	
3 1413	1407	1394	
3 1418	1413	1406	
3 1420	1425	1416	
3 1422	1409	1399	
3 310	1427	311	
3 1440	1444	1447	
3 1419	1410	2	
3 1411	1407	1416	
3 1434	1439	1440	
3 1428	1430	1423	
3 1400	1421	1412	
3 1425	1420	1418	
3 1429	1	0	
3 1403	1426	1421	
3 1413	1418	1420	
3 1443	1421	1438	
3 1403	1410	1426	
3 1437	1415	1401	
3 1433	1399	1402	
3 1399	1433	1422	
3 1449	1443	1437	
3 1423	1427	1428	
3 1429	1424	1431	
3 1440	1447	1434	
3 1431	1419	1	
3 1426	1431	1432	
3 1414	1422	1428	
3 1428	310	1414	
3 1423	1430	1408	
3 1428	1422	1430	
3 1429	1431	1	
3 1422	1433	1439	
3 1432	1431	1424	
3 1426	1419	1431	
3 1424	1415	1432	
3 1415	1437	1438	
3 1417	1416	1440	
3 1434	1408	1430	
3 1433	1440	1439	
3 1398	1408	1434	
3 1449	1448	1425	
3 1435	1441	1445	
3 1442	1436	1446	
3 1443	1418	1421	
3 1415	1438	1432	
3 1438	1437	1443	
3 1440	1433	1417	
3 1430	1439	1434	
3 1425	1444	1416	
3 1416	1444	1440	
3 1451	1448	1449	
3 1445	1441	314	
3 314	315	1442	
3 1425	1418	1443	
3 1448	1444	1425	
3 1444	1450	1447	
3 1452	1446	1454	
3 1451	1455	1445	
3 1456	1458	313	
3 1447	1398	1434	
3 1450	1444	1448	
3 1447	1450	1454	
3 1449	1425	1443	
3 1445	314	1452	
3 1437	1401	1449	
3 1451	1445	1452	
3 1452	1450	1448	
3 1457	1454	1446	
3 1449	1401	1451	
3 1455	312	1435	
3 1452	1448	1451	
3 314	1446	1452	
3 1454	1450	1452	
3 1457	1456	1453	
3 1398	1454	1453	
3 1454	1457	1453	
3 1451	1401	1455	
3 1459	1458	1456	
3 1459	1446	1436	
3 1446	1459	1457	
3 1459	1456	1457	
3 1436	1458	1459	
CELL_TYPES 2587
5
5
5
5
5
5
5
5
5
5
5
5
5
5
5
5
5
5
5
5
5
5
5
5
5
5
5
5
5
5
5
5
5
5
5
5
5
5
5
5
5
5
5
5
5
5
5
5
5
5
5
5
5
5
5
5
5
5
5
5
5
5
5
5
5
5
5
5
5
5
5
5
5
5
5
5
5
5
5
5
5
5
5
5
5
5
5
5
5
5
5
5
5
5
5
5
5
5
5
5
5
5
5
5
5
5
5
5
5
5
5
5
5
5
5
5
5
5
5
5
5
5
5
5
5
5
5
5
5
5
5
5
5
5
5
5
5
5
5
5
5
5
5
5
5
5
5
5
5
5
5
5
5
5
5
5
5
5
5
5
5
5
5
5
5
5
5
5
5
5
5
5
5
5
5
5
5
5
5
5
5
5
5
5
5
5
5
5
5
5
5
5
5
5
5
5
5
5
5
5
5
5
5
5
5
5
5
5
5
5
5
5
5
5
5
5
5
5
5
5
5
5
5
5
5
5
5
5
5
5
5
5
5
5
5
5
5
5
5
5
5
5
5
5
5
5
5
5
5
5
5
5
5
5
5
5
5
5
5
5
5
5
5
5
5
5
5
5
5
5
5
5
5
5
5
5
5
5
5
5
5
5
5
5
5
5
5
5
5
5
5
5
5
5
5
5
5
5
5
5
5
5
5
5
5
5
5
5
5
5
5
5
5
5
5
5
5
5
5
5
5
5
5
5
5
5
5
5
5
5
5
5
5
5
5
5
5
5
5
5
5
5
5
5
5
5
5
5
5
5
5
5
5
5
5
5
5
5
5
5
5
5
5
5
5
5
5
5
5
5
5
5
5
5
5
5
5
5
5
5
5
5
5
5
5
5
5
5
5
5
5
5
5
5
5
5
5
5
5
5
5
5
5
5
5
5
5
5
5
5
5
5
5
5
5
5
5
5
5
5
5
5
5
5
5
5
5
5
5
5
5
5
5
5
5
5
5
5
5
5
5
5
5
5
5
5
5
5
5
5
5
5
5
5
5
5
5
5
5
5
5
5
5
5
5
5
5
5
5
5
5
5
5
5
5
5
5
5
5
5
5
5
5
5
5
5
5
5
5
5
5
5
5
5
5
5
5
5
5
5
5
5
5
5
5
5
5
5
5
5
5
5
5
5
5
5
5
5
5
5
5
5
5
5
5
5
5
5
5
5
5
5
5
5
5
5
5
5
5
5
5
5
5
5
5
5
5
5
5
5
5
5
5
5
5
5
5
5
5
5
5
5
5
5
5
5
5
5
5
5
5
5
5
5
5
5
5
5
5
5
5
5
5
5
5
5
5
5
5
5
5
5
5
5
5
5
5
5
5
5
5
5
5
5
5
5
5
5
5
5
5
5
5
5
5
5
5
5
5
5
5
5
5
5
5
5
5
5
5
5
5
5
5
5
5
5
5
5
5
5
5
5
5
5
5
5
5
5
5
5
5
5
5
5
5
5
5
5
5
5
5
5
5
5
5
5
5
5
5
5
5
5
5
5
5
5
5
5
5
5
5
5
5
5
5
5
5
5
5
5
5
5
5
5
5
5
5
5
5
5
5
5
5
5
5
5
5
5
5
5
5
5
5
5
5
5
5
5
5
5
5
5
5
5
5
5
5
5
5
5
5
5
5
5
5
5
5
5
5
5
5
5
5
5
5
5
5
5
5
5
5
5
5
5
5
5
5
5
5
5
5
5
5
5
5
5
5
5
5
5
5
5
5
5
5
5
5
5
5
5
5
5
5
5
5
5
5
5
5
5
5
5
5
5
5
5
5
5
5
5
5
5
5
5
5
5
5
5
5
5
5
5
5
5
5
5
5
5
5
5
5
5
5
5
5
5
5
5
5
5
5
5
5
5
5
5
5
5
5
5
5
5
5
5
5
5
5
5
5
5
5
5
5
5
5
5
5
5
5
5
5
5
5
5
5
5
5
5
5
5
5
5
5
5
5
5
5
5
5
5
5
5
5
5
5
5
5
5
5
5
5
5
5
5
5
5
5
5
5
5
5
5
5
5
5
5
5
5
5
5
5
5
5
5
5
5
5
5
5
5
5
5
5
5
5
5
5
5
5
5
5
5
5
5
5
5
5
5
5
5
5
5
5
5
5
5
5
5
5
5
5
5
5
5
5
5
5
5
5
5
5
5
5
5
5
5
5
5
5
5
5
5
5
5
5
5
5
5
5
5
5
5
5
5
5
5
5
5
5
5
5
5
5
5
5
5
5
5
5
5
5
5
5
5
5
5
5
5
5
5
5
5
5
5
5
5
5
5
5
5
5
5
5
5
5
5
5
5
5
5
5
5
5
5
5
5
5
5
5
5
5
5
5
5
5
5
5
5
5
5
5
5
5
5
5
5
5
5
5
5
5
5
5
5
5
5
5
5
5
5
5
5
5
5
5
5
5
5
5
5
5
5
5
5
5
5
5
5
5
5
5
5
5
5
5
5
5
5
5
5
5
5
5
5
5
5
5
5
5
5
5
5
5
5
5
5
5
5
5
5
5
5
5
5
5
5
5
5
5
5
5
5
5
5
5
5
5
5
5
5
5
5
5
5
5
5
5
5
5
5
5
5
5
5
5
5
5
5
5
5
5
5
5
5
5
5
5
5
5
5
5
5
5
5
5
5
5
5
5
5
5
5
5
5
5
5
5
5
5
5
5
5
5
5
5
5
5
5
5
5
5
5
5
5
5
5
5
5
5
5
5
5
5
5
5
5
5
5
5
5
5
5
5
5
5
5
5
5
5
5
5
5
5
5
5
5
5
5
5
5
5
5
5
5
5
5
5
5
5
5
5
5
5
5
5
5
5
5
5
5
5
5
5
5
5
5
5
5
5
5
5
5
5
5
5
5
5
5
5
5
5
5
5
5
5
5
5
5
5
5
5
5
5
5
5
5
5
5
5
5
5
5
5
5
5
5
5
5
5
5
5
5
5
5
5
5
5
5
5
5
5
5
5
5
5
5
5
5
5
5
5
5
5
5
5
5
5
5
5
5
5
5
5
5
5
5
5
5
5
5
5
5
5
5
5
5
5
5
5
5
5
5
5
5
5
5
5
5
5
5
5
5
5
5
5
5
5
5
5
5
5
5
5
5
5
5
5
5
5
5
5
5
5
5
5
5
5
5
5
5
5
5
5
5
5
5
5
5
5
5
5
5
5
5
5
5
5
5
5
5
5
5
5
5
5
5
5
5
5
5
5
5
5
5
5
5
5
5
5
5
5
5
5
5
5
5
5
5
5
5
5
5
5
5
5
5
5
5
5
5
5
5
5
5
5
5
5
5
5
5
5
5
5
5
5
5
5
5
5
5
5
5
5
5
5
5
5
5
5
5
5
5
5
5
5
5
5
5
5
5
5
5
5
5
5
5
5
5
5
5
5
5
5
5
5
5
5
5
5
5
5
5
5
5
5
5
5
5
5
5
5
5
5
5
5
5
5
5
5
5
5
5
5
5
5
5
5
5
5
5
5
5
5
5
5
5
5
5
5
5
5
5
5
5
5
5
5
5
5
5
5
5
5
5
5
5
5
5
5
5
5
5
5
5
5
5
5
5
5
5
5
5
5
5
5
5
5
5
5
5
5
5
5
5
5
5
5
5
5
5
5
5
5
5
5
5
5
5
5
5
5
5
5
5
5
5
5
5
5
5
5
5
5
5
5
5
5
5
5
5
5
5
5
5
5
5
5
5
5
5
5
5
5
5
5
5
5
5
5
5
5
5
5
5
5
5
5
5
5
5
5
5
5
5
5
5
5
5
5
5
5
5
5
5
5
5
5
5
5
5
5
5
5
5
5
5
5
5
5
5
5
5
5
5
5
5
5
5
5
5
5
5
5
5
5
5
5
5
5
5
5
5
5
5
5
5
5
5
5
5
5
5
5
5
5
5
5
5
5
5
5
5
5
5
5
5
5
5
5
5
5
5
5
5
5
5
5
5
5
5
5
5
5
5
5
5
5
5
5
5
5
5
5
5
5
5
5
5
5
5
5
5
5
5
5
5
5
5
5
5
5
5
5
5
5
5
5
5
5
5
5
5
5
5
5
5
5
5
5
5
5
5
5
5
5
5
5
5
5
5
5
5
5
5
5
5
5
5
5
5
5
5
5
5
5
5
5
5
5
5
5
5
5
5
5
5
5
5
5
5
5
5
5
5
5
5
5
5
5
5
5
5
5
5
5
5
5
5
5
5
5
5
5
5
5
5
5
5
5
5
5
5
5
5
5
5
5
5
5
5
5
5
5
5
5
5
5
5
5
5
5
5
5
5
5
5
5
5
5
5
5
5
5
5
5
5
5
5
5
5
5
5
5
5
5
5
5
5
5
5
5
5
5
5
5
5
5
5
5
5
5
5
5
5
5
5
5
5
5
5
5
5
5
5
5
5
5
5
5
5
5
5
5
5
5
5
5
5
5
5
5
5
5
5
5
5
5
5
5
5
5
5
5
5
5
5
5
5
5
5
5
5
5
5
5
5
5
5
5
5
5
5
5
5
5
5
5
5
5
5
5
5
5
5
5
5
5
5
5
5
5
5
5
5
5
5
5
5
5
5
5
5
5
5
5
5
5
5
5
5
5
5
5
5
5
5
5
5
5
5
5
5
5
5
5
5
5
5
5
5
5
5
5
5
5
5
5
5
5
5
5
5
5
5
5
5
5
5
5
5
5
5
5
5
5
5
5
5
5
5
5
5
5
5
5
5
5
5
5
5
5
5
5
5
5
5
5
5
5
5
5
5
5
5
5
5
5
5
5
5
5
5
5
5
5
5
5
5
5
5
5
5
5
5
5
5
5
5
5
5
5
5
5
5
5
5
5
5
5
5
5
5
5
5
5
5
5
5
5
5
5
5
5
5
5
5
5
5
5
5
5
5
5
5
5
5
5
5
5
5
5
5
5
5
5
5
5
5
5
5
5
5
5
5
5
5
5
5
5
5
5
5
5
5
5
5
5
5
5
5
5
5
5
5
5
5
5
5
5
5
5
5
5
5
5
5
5
5
5
5
5
5
5
5
5
5
5
5
5
5
5
5
5
5
5
5
5
5
5
5
5
5
5
5
5
5
5
5
5
5
5
5
5
5
5
5
5
5
5
5
5
5
5
5
5
5
5
5
5
5
5
5
5
5
5
5
5
5
5
5
5
5
5
5
5
5
5
5
5
5
5
5
5
5
5
5
5
5
5
5
5
5
5
5
5
5
5
5
5
5
5
5
5
5
5
5
5
5
5
5
5
5
5
5
5
5
5
5
5
5
5
5
5
5
5
5
5
5
5
5
5
5
5
5
5
5
5
5
5
5
5
5
5
5
5
5
5
5
5
5
5
5
5
5
5
5
5
5
5
5
5
5
5
5
5
5
5
5
5
5
5
5
5
5
5
5
5
5
5
5
5
5
5
5
5
5
5
5
5
5
5
5
5
5
5
5
5
5
5
5
5
5
5
5
5
5
5
5
5
5
5
5
5
5
5
5
5
5
5
5
5
5
5
5
5
5
5
5
5
5
5
5
5
5
5
5
5
5
5
5
5
5
5
5
5
5
5
5
5
5
5
5
5
5
5
5
5
5
5
5
5
5
5
5
5
5
5
5
5
5
5
5
5
5
5
5
5
5
5
5
5
5
5
5
5
5
5
5
5
5
5
5
5
5
5
5
5
5
5
5
5
5
5
5
5
5
5
5
5
5
5
5
5
5
5
5
5
5
5
5
5
5
5
5
5
5
5
5
5
5
5
5
5
5
5
5
5
5
5
5
5
5
5
5
5
5
5
5
5
5
5
5
5
5
5
5
5
5
5
5
5
5
5
5
5
5
5
CELL_DATA 2587
SCALARS sample_scalars double 2
LOOKUP_TABLE default
299.444	0	
299.444	0	
136.132	0	
299.444	0	
299.444	0	
317.341	0	
198.15	0	
299.444	0	
242.945	0	
299.444	0	
327.865	0	
213.524	0	
299.444	0	
196.711	0	
662.099	0	
180.052	0	
179.471	0	
1229.01	0	
196.077	0	
1019.68	0	
795.814	0	
212.822	0	
1317.42	0	
236.397	0	
208.788	0	
204.27	0	
203.506	0	
187.033	0	
203.506	0	
182.98	0	
149.892	0	
261.215	0	
414.696	0	
179.201	0	
176.244	0	
231.259	0	
272.487	0	
185.359	0	
206.646	0	
186.765	0	
644.024	0	
200.826	0	
189.051	0	
205.085	0	
178.435	0	
460.931	0	
190.842	0	
446.668	0	
383.762	0	
224.185	0	
442.957	0	
243.527	0	
611.085	0	
246.666	0	
174.928	0	
225.605	0	
197.323	0	
288.663	0	
403.509	0	
183.048	0	
206.905	0	
176.741	0	
215.828	0	
362.588	0	
205.506	0	
310.768	0	
286.282	0	
194.832	0	
281.593	0	
225.044	0	
319.579	0	
267.295	0	
247.728	0	
193.102	0	
230.861	0	
145.852	0	
222.066	0	
304.876	0	
205.595	0	
236.924	0	
151.078	0	
243.69	0	
190.028	0	
219.866	0	
214.383	0	
211.915	0	
196.004	0	
207.512	0	
255.895	0	
191.344	0	
215.735	0	
206.531	0	
114.302	0	
198.871	0	
243.197	0	
219.045	0	
183.1	0	
191.896	0	
205.11	0	
213.218	0	
155.383	0	
217.449	0	
182.288	0	
192.645	0	
197.866	0	
209.286	0	
204.551	0	
239.716	0	
201.264	0	
231.304	0	
216.312	0	
178.714	0	
227.773	0	
184.151	0	
242.003	0	
216.824	0	
205.496	0	
246.175	0	
197.268	0	
225.242	0	
221.447	0	
176.225	0	
190.018	0	
219.106	0	
250.186	0	
188.888	0	
208.18	0	
217.741	0	
205.621	0	
142.983	0	
214.567	0	
166.263	0	
239.04	0	
202.549	0	
203.855	0	
205.621	0	
220.25	0	
200.937	0	
193.236	0	
228.09	0	
211.806	0	
223.064	0	
197.661	0	
173.299	0	
222.152	0	
213.032	0	
226.752	0	
240.724	0	
253.004	0	
205.056	0	
202.44	0	
193.131	0	
235.899	0	
245.241	0	
202	0	
239.483	0	
220.552	0	
160.314	0	
234.854	0	
178.726	0	
199.319	0	
256.828	0	
224.356	0	
258.806	0	
145.935	0	
190.942	0	
193.401	0	
291.315	0	
165.33	0	
194.993	0	
209.426	0	
211.286	0	
227.518	0	
179.074	0	
214.995	0	
214.923	0	
229.853	0	
286.969	0	
222.092	0	
176.26	0	
212.241	0	
202.952	0	
263.411	0	
235.341	0	
209.038	0	
249.403	0	
230.621	0	
243.928	0	
216.957	0	
212.709	0	
224.236	0	
288.174	0	
185.225	0	
237.463	0	
156.709	0	
239.918	0	
224.553	0	
210.511	0	
188.669	0	
156.91	0	
224.968	0	
200.849	0	
208.238	0	
206.151	0	
246.608	0	
244.361	0	
248.674	0	
190.606	0	
180.888	0	
171.201	0	
226.923	0	
171.051	0	
214.827	0	
229.022	0	
166.882	0	
279.81	0	
179.082	0	
188.391	0	
137.213	0	
195.683	0	
167.16	0	
191.702	0	
164.624	0	
218.208	0	
224.614	0	
195.869	0	
180.685	0	
194.015	0	
213.741	0	
173.934	0	
177.392	0	
178.01	0	
180.404	0	
170.162	0	
150.753	0	
188.268	0	
170.346	0	
179.068	0	
176.469	0	
171.22	0	
157.836	0	
209.027	0	
146.696	0	
191.615	0	
146.933	0	
199.58	0	
176.673	0	
227.99	0	
170.497	0	
190.873	0	
188.735	0	
174.974	0	
144.572	0	
175.729	0	
172.091	0	
202.941	0	
190.24	0	
144.854	0	
202.564	0	
205.75	0	
47.9796	0	
145.863	0	
207.417	0	
171.499	0	
249.284	0	
220.051	0	
182.543	0	
171.752	0	
212.561	0	
225.806	0	
180.155	0	
251.81	0	
318.946	0	
186.508	0	
287.512	0	
203.589	0	
223.799	0	
262.816	0	
176.496	0	
336.153	0	
161.037	0	
237.986	0	
243.898	0	
180.319	0	
32.7897	0	
209.082	0	
250.839	0	
141.657	0	
228.981	0	
38.6292	0	
228.511	0	
190.532	0	
206.599	0	
300.359	0	
252.099	0	
203.092	0	
252.169	0	
215.017	0	
184.246	0	
282.225	0	
209.721	0	
247.948	0	
201.878	0	
211.175	0	
242.176	0	
165.913	0	
234.382	0	
231.964	0	
162.1	0	
278.061	0	
299.444	0	
186.064	0	
174.925	0	
180.218	0	
185.43	0	
121.631	0	
254.763	0	
174.929	0	
197.913	0	
234.509	0	
192.669	0	
226.678	0	
234.539	0	
224.51	0	
172.595	0	
202.286	0	
168.434	0	
221.5	0	
247.755	0	
159.032	0	
233.35	0	
131.875	0	
200.39	0	
202.411	0	
173.461	0	
178.629	0	
151.036	0	
170.367	0	
237.436	0	
156.83	0	
128.866	0	
186.784	0	
198.388	0	
225.508	0	
207.346	0	
225.065	0	
148.938	0	
228.394	0	
212.08	0	
155.522	0	
196.67	0	
161.549	0	
180.827	0	
215.201	0	
190.62	0	
211.268	0	
210.646	0	
183.753	0	
249.275	0	
176.03	0	
162.59	0	
206.662	0	
191.058	0	
188.11	0	
156.969	0	
173.283	0	
168.572	0	
267.395	0	
200.116	0	
151.353	0	
137.41	0	
147.904	0	
257.413	0	
160.281	0	
258.703	0	
266.703	0	
253.881	0	
178.268	0	
257.574	0	
221.231	0	
290.987	0	
220.52	0	
266.673	0	
253.287	0	
235.316	0	
204.381	0	
279.708	0	
280.957	0	
207.94	0	
167.482	0	
249.099	0	
198.297	0	
230.22	0	
222.368	0	
239.963	0	
256.92	0	
198.618	0	
200.788	0	
228.709	0	
204.221	0	
218.006	0	
226.237	0	
201.125	0	
187.026	0	
133.735	0	
179.235	0	
202.008	0	
148.206	0	
231.531	0	
207.128	0	
221.14	0	
216.21	0	
235.312	0	
202.603	0	
209.654	0	
198.409	0	
205.13	0	
223.204	0	
159.177	0	
198.597	0	
147.017	0	
250.256	0	
209.564	0	
211.383	0	
221.785	0	
206.877	0	
143.123	0	
238.944	0	
212.346	0	
195.865	0	
127.613	0	
196.139	0	
234.204	0	
212.652	0	
193.126	0	
253.346	0	
230.221	0	
183.676	0	
141.965	0	
204.102	0	
217.946	0	
201.203	0	
139.18	0	
243.314	0	
208.852	0	
238.281	0	
249.42	0	
212.352	0	
258.225	0	
186.023	0	
112.555	0	
144.257	0	
190.15	0	
162.991	0	
165.151	0	
152.357	0	
169.173	0	
217.903	0	
204.681	0	
137.585	0	
269.104	0	
185.2	0	
237.568	0	
182.024	0	
299.444	0	
222.171	0	
299.444	0	
284.617	0	
216.307	0	
134.251	0	
207.996	0	
161.454	0	
206.468	0	
220.594	0	
184.92	0	
209.735	0	
193.235	0	
194.9	0	
177.568	0	
183.791	0	
257.849	0	
196.873	0	
135.552	0	
165.007	0	
256.032	0	
280.889	0	
191.207	0	
140.756	0	
245.803	0	
200.642	0	
206.024	0	
214.924	0	
202.095	0	
203.016	0	
195.021	0	
223.802	0	
163.293	0	
199.405	0	
219.494	0	
202.539	0	
198.898	0	
187.544	0	
124.407	0	
181.429	0	
250.841	0	
203.143	0	
203.992	0	
243.56	0	
173.446	0	
213.467	0	
176.47	0	
234.175	0	
230.429	0	
214.729	0	
198.229	0	
221.431	0	
189.161	0	
206.206	0	
196.653	0	
325.449	0	
195.411	0	
150.066	0	
183.31	0	
220.611	0	
181.238	0	
192.468	0	
210.154	0	
324.712	0	
217.501	0	
19.2679	0	
238.516	0	
210.333	0	
223.075	0	
246.582	0	
211.357	0	
189.492	0	
227.575	0	
145.639	0	
190.221	0	
163.989	0	
217.426	0	
170.825	0	
264.872	0	
186.332	0	
191.365	0	
254.561	0	
245.029	0	
216.301	0	
178.247	0	
215.81	0	
245.002	0	
131.758	0	
206.442	0	
237.411	0	
181.705	0	
206.938	0	
240.184	0	
227.559	0	
212.053	0	
248.296	0	
258.186	0	
159.723	0	
227.08	0	
168.712	0	
196.029	0	
173.383	0	
130.917	0	
239.272	0	
129.671	0	
242.148	0	
191.963	0	
143.279	0	
184.659	0	
179.942	0	
174.45	0	
184.977	0	
215.445	0	
213.856	0	
141.488	0	
160.619	0	
164.335	0	
197.042	0	
158.539	0	
209.906	0	
167.49	0	
233.984	0	
215.087	0	
149.665	0	
235.508	0	
168.084	0	
193.778	0	
203.21	0	
210.209	0	
46.4899	0	
392.658	0	
190.158	0	
275.493	0	
209.416	0	
217.66	0	
162.463	0	
160.825	0	
299.444	0	
176.15	0	
299.444	0	
299.444	0	
224.046	0	
299.444	0	
183.133	0	
265.274	0	
299.444	0	
222.476	0	
299.444	0	
299.444	0	
181.433	0	
299.444	0	
159.733	0	
299.444	0	
185.64	0	
406.194	0	
181.2	0	
176.258	0	
212.241	0	
225.045	0	
109.694	0	
215.374	0	
191.127	0	
204.612	0	
141.601	0	
218.237	0	
205.915	0	
202.384	0	
235.806	0	
168.459	0	
216.173	0	
163.299	0	
217.9	0	
228.295	0	
177.039	0	
169.353	0	
262.357	0	
250.067	0	
252.011	0	
209.737	0	
175.232	0	
201.391	0	
206.482	0	
219.889	0	
214.203	0	
177.721	0	
227.766	0	
225.856	0	
207.235	0	
225.346	0	
233.963	0	
291.342	0	
235.563	0	
165.408	0	
228.892	0	
223.011	0	
215.442	0	
149.966	0	
200.226	0	
209.395	0	
209.708	0	
206.364	0	
191.546	0	
146.712	0	
187.5	0	
215.767	0	
207.825	0	
166.857	0	
213.489	0	
195.252	0	
201.672	0	
197.66	0	
166.907	0	
212.44	0	
185.262	0	
230.029	0	
225.419	0	
216.62	0	
160.942	0	
171.916	0	
180.662	0	
191.703	0	
184.018	0	
148.564	0	
231.141	0	
242.677	0	
183.337	0	
218.943	0	
205.93	0	
260.766	0	
224.433	0	
236.824	0	
270.344	0	
237.225	0	
199.001	0	
267.628	0	
237.534	0	
207.601	0	
219.872	0	
217.137	0	
204.088	0	
209.583	0	
219.984	0	
203.669	0	
233.808	0	
171.599	0	
217.532	0	
171.253	0	
149.309	0	
199.815	0	
224.341	0	
196.65	0	
176.925	0	
153.166	0	
177.034	0	
212.703	0	
200.561	0	
202.592	0	
200.459	0	
215.166	0	
205.604	0	
198.22	0	
192.257	0	
182.917	0	
193.68	0	
193.214	0	
216.518	0	
193.724	0	
230.721	0	
224.49	0	
205.668	0	
296.454	0	
234.987	0	
236.645	0	
212.628	0	
188.623	0	
161.49	0	
173.981	0	
198.557	0	
194.329	0	
172.634	0	
189.108	0	
198.766	0	
199.133	0	
186.284	0	
212.236	0	
190.469	0	
190.816	0	
168.404	0	
161.281	0	
121.013	0	
195.753	0	
238.499	0	
195.092	0	
176.909	0	
172.305	0	
151.964	0	
182.532	0	
192.951	0	
190.969	0	
230.549	0	
164.166	0	
186.311	0	
193.097	0	
158.498	0	
187.226	0	
207.891	0	
203.361	0	
109.665	0	
187.106	0	
205.338	0	
174.604	0	
209.41	0	
212.696	0	
203.83	0	
227.044	0	
174.102	0	
119.981	0	
139.61	0	
168.458	0	
262.863	0	
226.413	0	
215.664	0	
175.148	0	
197.073	0	
189.138	0	
195.33	0	
223.988	0	
189.34	0	
148.045	0	
236.35	0	
199.801	0	
194.297	0	
247.453	0	
178.996	0	
214.872	0	
121.936	0	
173.568	0	
115.618	0	
181.489	0	
240.642	0	
185.232	0	
219.266	0	
276.684	0	
241.356	0	
225.192	0	
213.231	0	
244.194	0	
125.971	0	
247.522	0	
305.892	0	
160.268	0	
222.374	0	
201.037	0	
187.252	0	
182.29	0	
164.519	0	
205.328	0	
203.749	0	
214.176	0	
252.234	0	
210.921	0	
251.111	0	
241.416	0	
205.933	0	
223.677	0	
229.259	0	
251.075	0	
167.933	0	
191.269	0	
184.199	0	
164.648	0	
191.484	0	
186.229	0	
241.98	0	
208.265	0	
201.368	0	
156.145	0	
179.564	0	
227.163	0	
206.687	0	
185.86	0	
201.763	0	
205.39	0	
154.707	0	
183.168	0	
198.694	0	
180.664	0	
196.703	0	
168.566	0	
183.443	0	
180.232	0	
249.359	0	
181.812	0	
311.32	0	
186.554	0	
184.657	0	
193.609	0	
207.696	0	
183.937	0	
198.82	0	
195.174	0	
187.567	0	
346.447	0	
170.974	0	
202.048	0	
163.626	0	
178.123	0	
187.143	0	
178.352	0	
178.092	0	
162.672	0	
203.088	0	
189.771	0	
199.754	0	
215.394	0	
205.599	0	
200.185	0	
151.955	0	
172.256	0	
218.057	0	
223.423	0	
110.773	0	
185.274	0	
270.003	0	
391.391	0	
216.364	0	
203.234	0	
145.67	0	
143.815	0	
241.384	0	
254.201	0	
169.543	0	
214.927	0	
175.502	0	
536.14	0	
217.26	0	
242.58	0	
177.495	0	
323.946	0	
376.527	0	
269.982	0	
212.187	0	
294.953	0	
203.459	0	
203.388	0	
231.509	0	
187.037	0	
165.965	0	
176.481	0	
195.547	0	
203.364	0	
233.414	0	
243.622	0	
283.416	0	
257.072	0	
251.299	0	
230.638	0	
215.224	0	
325.844	0	
248.752	0	
251.041	0	
150.414	0	
239.052	0	
256.248	0	
227.451	0	
214.233	0	
171.757	0	
268.677	0	
222.669	0	
215.988	0	
246.003	0	
234.597	0	
146.396	0	
192.4	0	
197.801	0	
155.015	0	
200.26	0	
188.882	0	
149.264	0	
212.003	0	
199.254	0	
196.386	0	
170.051	0	
210.387	0	
190.075	0	
184.939	0	
196.159	0	
172.045	0	
170.781	0	
191.668	0	
164.304	0	
176.714	0	
181.55	0	
203.5	0	
179.417	0	
158.022	0	
192.801	0	
177.944	0	
158.112	0	
237.124	0	
187.412	0	
273.707	0	
221.969	0	
215.498	0	
197.519	0	
174.461	0	
178.517	0	
156.572	0	
159.788	0	
243.186	0	
308.037	0	
166.452	0	
157.471	0	
191.766	0	
181.575	0	
257.323	0	
174.126	0	
184.569	0	
213.367	0	
325.909	0	
171.25	0	
254.065	0	
269.147	0	
211.804	0	
252.031	0	
232.412	0	
165.861	0	
209.611	0	
190.023	0	
181.553	0	
248.149	0	
245.411	0	
196.583	0	
170.895	0	
192.532	0	
287.749	0	
222.869	0	
156.535	0	
178.504	0	
178.23	0	
166.437	0	
307.41	0	
213.072	0	
313.207	0	
204.095	0	
136.663	0	
167.474	0	
228.88	0	
253.688	0	
254.657	0	
356.36	0	
161.661	0	
167.133	0	
184.759	0	
181.725	0	
190.618	0	
183.015	0	
134.794	0	
137.212	0	
187.147	0	
181.764	0	
94.7016	0	
192.206	0	
201.193	0	
191.012	0	
172.239	0	
210.12	0	
209.527	0	
238.285	0	
255.005	0	
220.964	0	
239.452	0	
233.906	0	
240.772	0	
224.218	0	
216.392	0	
185.72	0	
236.42	0	
213.829	0	
220.645	0	
183.179	0	
191.366	0	
208.811	0	
232.804	0	
258.266	0	
180.157	0	
174.579	0	
159.288	0	
178.918	0	
158.057	0	
183.082	0	
183.397	0	
177.04	0	
212.853	0	
185.213	0	
145.197	0	
191.33	0	
167.46	0	
260.815	0	
155.588	0	
186.722	0	
179.308	0	
259.129	0	
246.868	0	
218.272	0	
171.583	0	
201.198	0	
273.273	0	
217.128	0	
222.813	0	
229.634	0	
293.069	0	
265.389	0	
204.149	0	
247.015	0	
248.33	0	
208.198	0	
193.263	0	
209.146	0	
194.58	0	
208.208	0	
195.979	0	
159.973	0	
169.849	0	
178.853	0	
145.087	0	
200.621	0	
182.232	0	
189.94	0	
210.169	0	
189.492	0	
184.95	0	
164.316	0	
200.439	0	
135.423	0	
273.477	0	
244.354	0	
271.224	0	
206.553	0	
150.766	0	
161.387	0	
157.295	0	
167.321	0	
175.227	0	
166.048	0	
170.124	0	
786.297	0	
165.116	0	
175.391	0	
442.669	0	
181.635	0	
521.274	0	
183.785	0	
263.811	0	
286.474	0	
227.126	0	
271.021	0	
231.326	0	
259.419	0	
223.524	0	
237.731	0	
254.28	0	
260.69	0	
188.786	0	
182.889	0	
218.255	0	
250.602	0	
195.422	0	
215.402	0	
179.878	0	
205.691	0	
188.479	0	
183.924	0	
344.874	0	
332.01	0	
163.866	0	
166.452	0	
153.72	0	
176.816	0	
165.778	0	
172.64	0	
174.386	0	
170.467	0	
171.396	0	
189.105	0	
155.889	0	
163.799	0	
184.739	0	
192.687	0	
384.267	0	
391.54	0	
213.727	0	
210.458	0	
250.365	0	
191.649	0	
386.341	0	
182.065	0	
260.202	0	
189.122	0	
232.44	0	
230.907	0	
259.574	0	
275.526	0	
175.435	0	
197.085	0	
242.244	0	
161.503	0	
211.41	0	
182.021	0	
316.928	0	
242.956	0	
272.604	0	
264.382	0	
372.108	0	
286.555	0	
232.618	0	
218.945	0	
238.668	0	
243.583	0	
263.503	0	
251.37	0	
199.006	0	
239.162	0	
160.507	0	
156.245	0	
204.81	0	
180.029	0	
195.291	0	
158.582	0	
239.589	0	
192.591	0	
201.985	0	
191.156	0	
119.307	0	
140.881	0	
55.1261	0	
257.869	0	
324.175	0	
326.639	0	
181.824	0	
177.143	0	
150.464	0	
157.454	0	
167.361	0	
164.237	0	
181.147	0	
203.065	0	
190.131	0	
180.917	0	
171.095	0	
165.109	0	
182.098	0	
269.461	0	
283.161	0	
268.127	0	
219.512	0	
295.879	0	
224.908	0	
288.981	0	
230.437	0	
292.455	0	
251.277	0	
208.563	0	
201.142	0	
188.672	0	
196.326	0	
212.092	0	
217.668	0	
192.75	0	
212.307	0	
171.751	0	
263.561	0	
306.332	0	
165.434	0	
165.235	0	
268.425	0	
282.336	0	
293.893	0	
306.755	0	
213.276	0	
233.555	0	
283.7	0	
268.095	0	
290.141	0	
288.963	0	
318.214	0	
341.997	0	
276.915	0	
141.796	0	
222.658	0	
161.664	0	
249.418	0	
178.091	0	
333.946	0	
226.408	0	
324.843	0	
227.607	0	
268.519	0	
250.062	0	
174.327	0	
196.018	0	
236.914	0	
303.731	0	
122.479	0	
128.506	0	
187.78	0	
127.802	0	
193.499	0	
196.742	0	
161.153	0	
196.913	0	
363.594	0	
194.043	0	
156.961	0	
190.163	0	
246.721	0	
186.851	0	
185.303	0	
202.635	0	
399.147	0	
194.496	0	
288.756	0	
309.181	0	
254.892	0	
299.859	0	
154.104	0	
268.986	0	
380.784	0	
174.418	0	
270.272	0	
299.4	0	
186.314	0	
193.714	0	
230.182	0	
192.778	0	
174	0	
171.52	0	
286.196	0	
305.172	0	
364.014	0	
231.968	0	
169.643	0	
321.845	0	
266.759	0	
288.768	0	
290.943	0	
304.174	0	
268.296	0	
215.362	0	
319.679	0	
359.048	0	
274.901	0	
150.405	0	
131.345	0	
205.648	0	
348.132	0	
325.154	0	
282.595	0	
250.447	0	
295.157	0	
248.715	0	
366.021	0	
206.645	0	
237.438	0	
206.089	0	
186.284	0	
231.12	0	
294.489	0	
375.772	0	
139.823	0	
137.387	0	
238.338	0	
141.764	0	
191.175	0	
132.2	0	
180.122	0	
177.624	0	
205.055	0	
180.885	0	
208.925	0	
179.148	0	
206.643	0	
191.217	0	
197.332	0	
355.364	0	
259.62	0	
198.997	0	
344.777	0	
192.034	0	
191.582	0	
340.011	0	
242.61	0	
766.233	0	
286.388	0	
353.31	0	
239.631	0	
92.5183	0	
256.454	0	
182.434	0	
231.734	0	
270.203	0	
236.656	0	
167.195	0	
442.305	0	
455.189	0	
79.1841	0	
115.251	0	
399.278	0	
159.283	0	
164.58	0	
166.906	0	
182.423	0	
335.363	0	
179.819	0	
180.216	0	
237.636	0	
210.85	0	
273.478	0	
220.838	0	
158.182	0	
171.455	0	
206.848	0	
326.166	0	
302.392	0	
226.518	0	
304.566	0	
321.194	0	
284.885	0	
306.639	0	
292.331	0	
165.266	0	
362.999	0	
195.995	0	
188.818	0	
175.159	0	
236.43	0	
171.273	0	
261.824	0	
168.225	0	
463.859	0	
330.986	0	
412.983	0	
473.413	0	
237.472	0	
318.907	0	
205.531	0	
347.052	0	
399.009	0	
386.407	0	
247.858	0	
222.545	0	
654.034	0	
175.347	0	
332.781	0	
414.837	0	
239.537	0	
130.842	0	
293.671	0	
197.992	0	
382.659	0	
373.985	0	
209.617	0	
151.184	0	
163.264	0	
186.68	0	
177.286	0	
175.74	0	
162.077	0	
181.581	0	
200.935	0	
182.437	0	
501.981	0	
190.222	0	
186.481	0	
267.028	0	
293.27	0	
348.56	0	
192.113	0	
203.004	0	
234.539	0	
266.301	0	
197.334	0	
198.997	0	
223.991	0	
189.417	0	
180.067	0	
215.333	0	
178.21	0	
184.88	0	
401.872	0	
210.348	0	
318.798	0	
261.269	0	
454.144	0	
603.133	0	
326.63	0	
433.204	0	
436.352	0	
785.417	0	
177.482	0	
223.439	0	
269.36	0	
209.789	0	
281.235	0	
375.175	0	
389.433	0	
301.991	0	
144.923	0	
327.567	0	
310.943	0	
139.227	0	
224.718	0	
295.52	0	
263.111	0	
294.795	0	
270.385	0	
297.211	0	
191.297	0	
157.047	0	
171.479	0	
224.244	0	
181.161	0	
202.677	0	
277.391	0	
475.113	0	
212.358	0	
275.455	0	
314.138	0	
320.032	0	
204.325	0	
157.214	0	
139.689	0	
155.219	0	
209.253	0	
182.777	0	
296.351	0	
356.36	0	
152.292	0	
134.363	0	
243.685	0	
192.765	0	
173.509	0	
183.712	0	
412.33	0	
333.88	0	
264.47	0	
251.929	0	
208.886	0	
121.321	0	
220.331	0	
213.241	0	
228.723	0	
237.216	0	
465.496	0	
149.657	0	
290.717	0	
240.623	0	
140.71	0	
235.721	0	
119.401	0	
85.2699	0	
451.753	0	
213.805	0	
171.05	0	
170.506	0	
303.317	0	
189.876	0	
178.894	0	
185.671	0	
169.17	0	
378.131	0	
230.698	0	
240.065	0	
334.5	0	
195.596	0	
166.721	0	
169.37	0	
216.607	0	
194.827	0	
301.604	0	
343.793	0	
162.993	0	
173.295	0	
152.549	0	
168.827	0	
281.884	0	
181.424	0	
263.874	0	
318.246	0	
765.42	0	
389.504	0	
185.815	0	
172.432	0	
379.01	0	
297.828	0	
355.321	0	
281.1	0	
240.917	0	
257.513	0	
293.39	0	
271.553	0	
377.564	0	
360.699	0	
488.32	0	
506.619	0	
324.32	0	
168.387	0	
163.172	0	
169.674	0	
282.999	0	
256.925	0	
225.165	0	
179.567	0	
239.757	0	
245.887	0	
214.528	0	
840.987	0	
297.561	0	
392.513	0	
285.924	0	
150.566	0	
88.5798	0	
119.138	0	
400.185	0	
255.651	0	
179.555	0	
247.738	0	
240.172	0	
622.024	0	
404.84	0	
540.227	0	
48.6989	0	
238.212	0	
228.588	0	
130.615	0	
181.318	0	
166.886	0	
312.959	0	
262.822	0	
374.223	0	
239.936	0	
336.605	0	
123.533	0	
275.428	0	
72.4892	0	
193.258	0	
255.454	0	
515.642	0	
533.662	0	
75.836	0	
67.3573	0	
399.461	0	
260.472	0	
312.427	0	
137.387	0	
390.482	0	
208.461	0	
184.068	0	
178.764	0	
450.567	0	
486.145	0	
289.744	0	
309.274	0	
188.644	0	
213.122	0	
178.727	0	
189.402	0	
386.23	0	
481.916	0	
164.458	0	
147.735	0	
698.064	0	
840.344	0	
277.711	0	
305.611	0	
232.469	0	
76.4452	0	
315.096	0	
291.082	0	
245.181	0	
187.183	0	
179.23	0	
189.174	0	
188.357	0	
373.487	0	
288.827	0	
239.565	0	
300.586	0	
291.917	0	
165.049	0	
168.803	0	
276.821	0	
188.7	0	
231.669	0	
520.278	0	
704.591	0	
460.518	0	
122.921	0	
83.3637	0	
187.562	0	
285.54	0	
183.627	0	
249.136	0	
298.619	0	
376.416	0	
181.611	0	
215.626	0	
194.331	0	
218.093	0	
278.862	0	
227.444	0	
372.322	0	
242.045	0	
334.793	0	
360.852	0	
104.376	0	
145.065	0	
334.72	0	
334.897	0	
606.88	0	
222.967	0	
239.884	0	
193.392	0	
729.877	0	
165.289	0	
276.364	0	
478.255	0	
622.699	0	
550.37	0	
795.27	0	
446.978	0	
574.739	0	
371.202	0	
686.557	0	
283.571	0	
366.207	0	
128.186	0	
210.293	0	
798.897	0	
616.396	0	
664.638	0	
1052.41	0	
555.43	0	
362.7	0	
464.876	0	
113.735	0	
152.227	0	
507.217	0	
388.922	0	
221.96	0	
260.532	0	
627.818	0	
390.759	0	
595.664	0	
341.249	0	
150.966	0	
241.692	0	
22.7354	0	
275.067	0	
175.74	0	
190.707	0	
193.326	0	
288.335	0	
414.592	0	
251.193	0	
312.775	0	
375.592	0	
561.017	0	
209.464	0	
413.457	0	
488.369	0	
169.238	0	
191.274	0	
233.326	0	
344.95	0	
260.614	0	
106.861	0	
115.557	0	
160.72	0	
299.444	0	
171.129	0	
245.953	0	
511.75	0	
927.159	0	
801.245	0	
166.436	0	
137.776	0	
20.3773	0	
65.4004	0	
402.352	0	
402.832	0	
790.387	0	
106.345	0	
293.742	0	
55.3798	0	
410.873	0	
493.032	0	
471.599	0	
215.842	0	
733.489	0	
364.708	0	
171.342	0	
610.833	0	
351.829	0	
178.735	0	
759.981	0	
746.066	0	
379.257	0	
232.329	0	
700.176	0	
438.432	0	
1195.75	0	
841.994	0	
635.052	0	
1119.14	0	
872.329	0	
202.797	0	
1125.26	0	
822.362	0	
309.177	0	
706.077	0	
978.822	0	
1031.77	0	
1098.84	0	
473.382	0	
255.79	0	
84.6821	0	
223.488	0	
579.926	0	
523.849	0	
584.943	0	
279.343	0	
121.938	0	
962.065	0	
487.963	0	
126.532	0	
100.308	0	
784.719	0	
501.093	0	
468.034	0	
530.668	0	
610.924	0	
418.142	0	
458.733	0	
466.332	0	
303.445	0	
270.173	0	
205.619	0	
232.436	0	
150.907	0	
142.864	0	
387.861	0	
552.776	0	
252.532	0	
334.927	0	
437.907	0	
153.98	0	
272.461	0	
28.9425	0	
109.681	0	
258.667	0	
1200.39	0	
900.859	0	
1281.79	0	
986.652	0	
309.255	0	
830.909	0	
1163.48	0	
1046.1	0	
1020	0	
1253.06	0	
113.786	0	
225.005	0	
353.924	0	
577.082	0	
544.155	0	
517.429	0	
473.748	0	
77.8142	0	
1036.68	0	
844.358	0	
688.319	0	
1131.92	0	
512.621	0	
315.371	0	
1044.61	0	
17.7233	0	
327.279	0	
471.365	0	
1360.83	0	
51.1664	0	
1240.47	0	
985.162	0	
151.307	0	
265.154	0	
1164.93	0	
1047.92	0	
1129.18	0	
1164.42	0	
464.246	0	
439.856	0	
199.775	0	
62.1429	0	
270.624	0	
245.592	0	
336.408	0	
260.83	0	
266.904	0	
361.344	0	
252.591	0	
229.194	0	
771.208	0	
382.157	0	
85.7566	0	
83.2095	0	
918.391	0	
1304.48	0	
455.337	0	
141.644	0	
60.4965	0	
468.953	0	
225.348	0	
194.094	0	
304.429	0	
36.0821	0	
1310.04	0	
1234.42	0	
497.347	0	
206.655	0	
55.2394	0	
5.13395	0	
852.35	0	
1006.32	0	
1325.63	0	
575.716	0	
96.3564	0	
129.627	0	
294.72	0	
340.073	0	
335.536	0	
92.2957	0	
810.888	0	
662.671	0	
27.869	0	
132.784	0	
1285.67	0	
180.267	0	
180.222	0	
183.073	0	
1117.37	0	
964.7	0	
84.412	0	
39.4122	0	
317.697	0	
256.285	0	
866.381	0	
1009.11	0	
1177.14	0	
805.087	0	
1068.77	0	
230.675	0	
266.759	0	
558.001	0	
1315.86	0	
41.3332	0	
221.951	0	
201.409	0	
195.49	0	
236.506	0	
266.101	0	
257.812	0	
78.0594	0	
62.8025	0	
1055.14	0	
911.188	0	
67.887	0	
82.0524	0	
127.948	0	
19.0274	0	
1183.07	0	
1216.97	0	
1349.1	0	
1243.28	0	
1228.79	0	
984.74	0	
873.928	0	
1232.02	0	
1297.83	0	
1348.13	0	
1279.43	0	
192.424	0	
364.439	0	
77.3464	0	
459.001	0	
17.5666	0	
12.16	0	
58.1274	0	
260.974	0	
292.768	0	
1334.05	0	
1351.6	0	
729.694	0	
111.155	0	
253.328	0	
263.607	0	
197.465	0	
316.033	0	
243.1	0	
247.106	0	
291.056	0	
365.435	0	
1373.63	0	
272.034	0	
10.6545	0	
203.378	0	
1358.44	0	
166.833	0	
120.885	0	
173.971	0	
153.667	0	
167.585	0	
44.9278	0	
146.778	0	
423.466	0	
272.282	0	
556.934	0	
312.14	0	
299.444	0	
1369.82	0	
233.67	0	
244.63	0	
1326.77	0	
1249.49	0	
1289.85	0	
1238.78	0	
410.146	0	
378.876	0	
699.399	0	
496.728	0	
277.542	0	
281.359	0	
24.4889	0	
299.444	0	
1405.3	0	
268.894	0	
1305.02	0	
1297.24	0	
1164.54	0	
142.223	0	
487.416	0	
440.143	0	
1360.49	0	
1385.42	0	
277.682	0	
95.5514	0	
201.063	0	
443.41	0	
259.137	0	
281.332	0	
16.5316	0	
177.671	0	
423.21	0	
85.4211	0	
209.832	0	
206.199	0	
382.223	0	
57.4105	0	
160.225	0	
204.957	0	
1244.07	0	
190.248	0	
330.209	0	
288.646	0	
995.06	0	
45.2502	0	
1083.03	0	
979.317	0	
259.351	0	
392.607	0	
127.684	0	
26.8823	0	
176.119	0	
72.1112	0	
313.813	0	
299.444	0	
36.0185	0	
38.6433	0	
504.57	0	
1393.06	0	
1386.75	0	
631.142	0	
200.999	0	
846.5	0	
198.565	0	
249.75	0	
440.807	0	
392.034	0	
207.044	0	
214.92	0	
760.982	0	
299.444	0	
280.398	0	
276.396	0	
205.589	0	
299.444	0	
124.847	0	
51.0602	0	
281.294	0	
284.121	0	
299.444	0	
132.721	0	
299.444	0	
299.444	0	
55.2024	0	
299.444	0	
317.118	0	
262.188	0	
320.336	0	
155.444	0	
624.527	0	
173.992	0	
1228.36	0	
713.024	0	
1207.52	0	
891.308	0	
1086.13	0	
1206.95	0	
96.3248	0	
46.1541	0	
124.568	0	
53.6323	0	
170.083	0	
132.129	0	
38.2189	0	
194.866	0	
92.3198	0	
196.646	0	
957.444	0	
1286.68	0	
416.645	0	
891.839	0	
1378.4	0	
1386.98	0	
1383.88	0	
1380.16	0	
1340.52	0	
1373.33	0	
206.682	0	
189.882	0	
1329.44	0	
148.014	0	
1147.63	0	
1142.68	0	
946.543	0	
957.402	0	
194.058	0	
493.892	0	
337.226	0	
393.86	0	
222.257	0	
367.005	0	
1215.75	0	
699	0	
1389.68	0	
1386.33	0	
1377.67	0	
1371.93	0	
841.671	0	
1194.47	0	
1382.91	0	
1354.07	0	
349.118	0	
373.347	0	
214.464	0	
277.593	0	
117.208	0	
1185.06	0	
1276.56	0	
1341.13	0	
421.209	0	
392.701	0	
1125.46	0	
307.749	0	
329.267	0	
258.212	0	
438.031	0	
133.753	0	
299.444	0	
299.444	0	
339.503	0	
299.444	0	
159.528	0	
299.444	0	
168.356	0	
299.444	0	
476.251	0	
373.747	0	
1150.37	0	
139.184	0	
299.444	0	
299.444	0	
299.444	0	
299.444	0	
180.415	0	
275.943	0	
343.545	0	
490.017	0	
310.167	0	
268.76	0	
424.811	0	
361.308	0	
299.444	0	
764.561	0	
371.487	0	
261.688	0	
1103.83	0	
803.547	0	
1177.64	0	
869.326	0	
967.629	0	
177.951	0	
932.528	0	
795.996	0	
32.6053	0	
254.966	0	
775.561	0	
339.719	0	
299.444	0	
299.444	0	
299.444	0	
299.444	0	
36.0267	0	
380.018	0	
23.2217	0	
356.015	0	
25.185	0	
332.014	0	
433.613	0	
299.444	0	
194.225	0	
299.444	0	
786.772	0	
927.528	0	
806.792	0	
142.774	0	
299.444	0	
299.444	0	
732.271	0	
102.232	0	
299.444	0	
299.444	0	
299.444	0	
299.444	0	
161.658	0	
373.495	0	
299.444	0	
299.444	0	
299.444	0	
141.471	0	
299.444	0	
299.444	0	
348.668	0	
299.444	0	
107.935	0	
299.444	0	
286.878	0	
343.097	0	
299.444	0	
204.415	0	
299.444	0	
299.444	0	
299.444	0	
299.444	0	
299.444	0	
375.576	0	
299.444	0	
299.444	0	
78.1671	0	
202.469	0	
297.142	0	
462.684	0	
10.6417	0	
334.501	0	
360.192	0	
352.018	0	
275.019	0	
139.889	0	
299.444	0	
217.929	0	
299.444	0	
299.444	0	
299.444	0	
299.444	0	
299.444	0	
336.395	0	
299.444	0	
299.444	0	
80.562	0	
299.444	0	
299.444	0	
299.444	0	
197.548	0	
275.624	0	
178.747	0	
279.307	0	
125.515	0	
285.014	0	
299.444	0	
299.444	0	
127.218	0	
17.0507	0	
299.444	0	
299.444	0	
255.418	0	
299.444	0	
195.242	0	
344.249	0	
37.0632	0	
16.6735	0	
319.354	0	
259.64	0	
350.14	0	
370.441	0	
222.41	0	
315.861	0	
299.444	0	
299.444	0	
132.335	0	
299.444	0	
348.019	0	
404.51	0	
299.444	0	
299.444	0	
124.139	0	
17.5208	0	
209.547	0	
299.444	0	
299.444	0	
299.444	0	
299.444	0	
299.444	0	
299.444	0	
299.444	0	
299.444	0	
299.444	0	
299.444	0	
299.444	0	
114.623	0	
73.4382	0	
299.444	0	
299.444	0	
332.856	0	
299.444	0	
299.444	0	
299.444	0	
299.444	0	
299.444	0	
299.444	0	
299.444	0	
228.077	0	
299.444	0	
299.444	0	
299.444	0	
333.296	0	
323.536	0	
299.444	0	
299.444	0	
320.08	0	
299.444	0	
299.444	0	
299.444	0	
299.444	0	
299.444	0	
299.444	0	
299.444	0	
299.444	0	
299.444	0	
299.444	0	
299.444	0	
299.444	0	
299.444	0	
299.444	0	
299.444	0	
299.444	0	
299.444	0	
299.444	0	
299.444	0	
143.207	0	
299.444	0	
299.444	0	
299.444	0	
299.444	0	
299.444	0	
299.444	0	
299.444	0	
299.444	0	
299.444	0	
299.444	0	
299.444	0	
299.444	0	
299.444	0	
299.444	0	
299.444	0	
299.444	0	
299.444	0	
299.444	0	
299.444	0	
299.444	0	
299.444	0	
299.444	0	
299.444	0	
299.444	0	
299.444	0	
299.444	0	
299.444	0	
299.444	0	
60.2727	0	
299.444	0	
299.444	0	
299.444	0	
299.444	0	
299.444	0	
299.444	0	
299.444	0	
299.444	0	
299.444	0	
299.444	0	
299.444	0	
299.444	0	
299.444	0	
299.444	0	
299.444	0	
299.444	0	
299.444	0	
299.444	0	
299.444	0	
299.444	0	
299.444	0	
299.444	0	
299.444	0	
299.444	0	
299.444	0	
299.444	0	
299.444	0	
299.444	0	
299.444	0	
299.444	0	
299.444	0	
299.444	0	
299.444	0	
299.444	0	
299.444	0	
299.444	0	
299.444	0	
299.444	0	
299.444	0	
299.444	0	
299.444	0	
299.444	0	
299.444	0	
299.444	0	
299.444	0	
299.444	0	
299.444	0	
299.444	0	
299.444	0	
299.444	0	
299.444	0	
299.444	0	
299.444	0	
299.444	0	
299.444	0	
299.444	0	
299.444	0	
299.444	0	
299.444	0	
299.444	0	
299.444	0	
299.444	0	
299.444	0	
299.444	0	
299.444	0	
299.444	0	
299.444	0	
299.444	0	
299.444	0	
299.444	0	
299.444	0	
299.444	0	
299.444	0	
299.444	0	
299.444	0	
299.444	0	
299.444	0	
299.444	0	
299.444	0	
299.444	0	
299.444	0	
299.444	0	
299.444	0	
299.444	0	
299.444	0	
299.444	0	
299.444	0	
299.444	0	
299.444	0	
299.444	0	
299.444	0	
299.444	0	
299.444	0	
299.444	0	
299.444	0	
299.444	0	
299.444	0	
299.444	0	
299.444	0	
299.444	0	
299.444	0	
299.444	0	
299.444	0	
299.444	0	
299.444	0	
299.444	0	
299.444	0	
299.444	0	
299.444	0	
299.444	0	
299.444	0	
299.444	0	
299.444	0	
299.444	0	
299.444	0	
299.444	0	
299.444	0	
299.444	0	
299.444	0	
299.444	0	
299.444	0	
299.444	0	
299.444	0	
299.444	0	
299.444	0	
299.444	0	
299.444	0	
299.444	0	
299.444	0	
299.444	0	
299.444	0	
299.444	0	
299.444	0	
299.444	0	
299.444	0	
299.444	0	
299.444	0	
299.444	0	
299.444	0	
299.444	0	
299.444	0	
299.444	0	
299.444	0	
299.444	0	
299.444	0	
299.444	0	
299.444	0	
299.444	0	
299.444	0	
299.444	0	
299.444	0	
299.444	0	
299.444	0	
299.444	0	
299.444	0	
299.444	0	
299.444	0	
299.444	0	
299.444	0	
299.444	0	
299.444	0	
299.444	0	
299.444	0	
299.444	0	
299.444	0	
299.444	0	
299.444	0	
299.444	0	
299.444	0	
299.444	0	
299.444	0	
299.444	0	
299.444	0	
299.444	0	
299.444	0	
299.444	0	
299.444	0	
299.444	0	
299.444	0	
299.444	0	
299.444	0	
299.444	0	
299.444	0	
299.444	0	
299.444	0	
299.444	0	
299.444	0	
299.444	0	
299.444	0	
299.444	0	
299.444	0	
299.444	0	
299.444	0	
299.444	0	
299.444	0	
299.444	0	
299.444	0	
299.444	0	
299.444	0	
299.444	0	
299.444	0	
299.444	0	
299.444	0	
299.444	0	
299.444	0	
299.444	0	
