# File: Inv_SEN1.vtk
# (No specific header documentation)

# vtk DataFile Version 2.0
Finite element discrete.
ASCII
DATASET UNSTRUCTURED_GRID
POINTS 4764 double
-2208.06	0	0
-1864.63	0	0
-1578.44	0	0
-1339.95	0	0
-1141.21	0	0
-975.592	0	0
-837.577	0	0
-722.564	0	0
-626.72	0	0
-546.85	0	0
-480.292	0	0
-424.826	0	0
-378.605	0	0
-340.088	0	0
-307.99	0	0
-281.242	0	0
-258.951	0	0
-240.376	0	0
-224.897	0	0
-211.997	0	0
-201.248	0	0
-192.29	0	0
-184.825	0	0
-178.604	0	0
-173.42	0	0
-169.1	0	0
-165.5	0	0
-162.5	0	0
-160	0	0
-158.75	0	0
-157.5	0	0
-156.25	0	0
-155	0	0
-153.75	0	0
-152.5	0	0
-151.25	0	0
-150	0	0
-148.75	0	0
-147.5	0	0
-146.25	0	0
-145	0	0
-143.75	0	0
-142.5	0	0
-141.25	0	0
-140	0	0
-138.75	0	0
-137.5	0	0
-136.25	0	0
-135	0	0
-133.75	0	0
-132.5	0	0
-131.25	0	0
-130	0	0
-128.75	0	0
-127.5	0	0
-126.25	0	0
-125	0	0
-123.75	0	0
-122.5	0	0
-121.25	0	0
-120	0	0
-118.75	0	0
-117.5	0	0
-116.25	0	0
-115	0	0
-113.75	0	0
-112.5	0	0
-111.25	0	0
-110	0	0
-108.75	0	0
-107.5	0	0
-106.25	0	0
-105	0	0
-103.75	0	0
-102.5	0	0
-101.25	0	0
-100	0	0
-98.75	0	0
-97.5	0	0
-96.25	0	0
-95	0	0
-93.75	0	0
-92.5	0	0
-91.25	0	0
-90	0	0
-88.75	0	0
-87.5	0	0
-86.25	0	0
-85	0	0
-83.75	0	0
-82.5	0	0
-81.25	0	0
-80	0	0
-78.75	0	0
-77.5	0	0
-76.25	0	0
-75	0	0
-73.75	0	0
-72.5	0	0
-71.25	0	0
-70	0	0
-68.75	0	0
-67.5	0	0
-66.25	0	0
-65	0	0
-63.75	0	0
-62.5	0	0
-61.25	0	0
-60	0	0
-58.75	0	0
-57.5	0	0
-56.25	0	0
-55	0	0
-53.75	0	0
-52.5	0	0
-51.25	0	0
-50	0	0
-48.75	0	0
-47.5	0	0
-46.25	0	0
-45	0	0
-43.75	0	0
-42.5	0	0
-41.25	0	0
-40	0	0
-38.75	0	0
-37.5	0	0
-36.25	0	0
-35	0	0
-33.75	0	0
-32.5	0	0
-31.25	0	0
-30	0	0
-28.75	0	0
-27.5	0	0
-26.25	0	0
-25	0	0
-23.75	0	0
-22.5	0	0
-21.25	0	0
-20	0	0
-18.75	0	0
-17.5	0	0
-16.25	0	0
-15	0	0
-13.75	0	0
-12.5	0	0
-11.25	0	0
-10	0	0
-8.75	0	0
-7.5	0	0
-6.25	0	0
-5	0	0
-3.75	0	0
-2.5	0	0
-1.25	0	0
0	0	0
1.25	0	0
2.5	0	0
3.75	0	0
5	0	0
6.25	0	0
7.5	0	0
8.75	0	0
10	0	0
11.25	0	0
12.5	0	0
13.75	0	0
15	0	0
16.25	0	0
17.5	0	0
18.75	0	0
20	0	0
21.25	0	0
22.5	0	0
23.75	0	0
25	0	0
26.25	0	0
27.5	0	0
28.75	0	0
30	0	0
31.25	0	0
32.5	0	0
33.75	0	0
35	0	0
36.25	0	0
37.5	0	0
38.75	0	0
40	0	0
41.25	0	0
42.5	0	0
43.75	0	0
45	0	0
46.25	0	0
47.5	0	0
48.75	0	0
50	0	0
51.25	0	0
52.5	0	0
53.75	0	0
55	0	0
56.25	0	0
57.5	0	0
58.75	0	0
60	0	0
61.25	0	0
62.5	0	0
63.75	0	0
65	0	0
66.25	0	0
67.5	0	0
68.75	0	0
70	0	0
71.25	0	0
72.5	0	0
73.75	0	0
75	0	0
76.25	0	0
77.5	0	0
78.75	0	0
80	0	0
81.25	0	0
82.5	0	0
83.75	0	0
85	0	0
86.25	0	0
87.5	0	0
88.75	0	0
90	0	0
91.25	0	0
92.5	0	0
93.75	0	0
95	0	0
96.25	0	0
97.5	0	0
98.75	0	0
100	0	0
101.25	0	0
102.5	0	0
103.75	0	0
105	0	0
106.25	0	0
107.5	0	0
108.75	0	0
110	0	0
111.25	0	0
112.5	0	0
113.75	0	0
115	0	0
116.25	0	0
117.5	0	0
118.75	0	0
120	0	0
121.25	0	0
122.5	0	0
123.75	0	0
125	0	0
126.25	0	0
127.5	0	0
128.75	0	0
130	0	0
131.25	0	0
132.5	0	0
133.75	0	0
135	0	0
136.25	0	0
137.5	0	0
138.75	0	0
140	0	0
141.25	0	0
142.5	0	0
143.75	0	0
145	0	0
146.25	0	0
147.5	0	0
148.75	0	0
150	0	0
151.25	0	0
152.5	0	0
153.75	0	0
155	0	0
156.25	0	0
157.5	0	0
158.75	0	0
161.25	0	0
164.25	0	0
167.85	0	0
172.17	0	0
177.354	0	0
183.575	0	0
191.04	0	0
199.998	0	0
210.747	0	0
223.647	0	0
239.126	0	0
257.701	0	0
279.992	0	0
306.74	0	0
338.838	0	0
377.355	0	0
423.576	0	0
479.042	0	0
545.6	0	0
625.47	0	0
721.314	0	0
836.327	0	0
974.342	0	0
1139.96	0	0
1338.7	0	0
1577.19	0	0
1863.38	0	0
2206.81	0	0
-2208.06	-4856.36	0
2206.81	-4856.36	0
-0.625	-4414.87	0
-0.625	-4856.36	0
-159.375	-2.00447	0
-64.375	-2.00447	0
31.875	-2.00447	0
126.875	-2.00447	0
-113.125	-2.00447	0
-136.875	-2.00447	0
-148.125	-2.00447	0
-154.375	-2.00447	0
-156.875	-2.00447	0
-16.875	-2.00447	0
-40.625	-2.00447	0
-53.125	-2.00447	0
-59.375	-2.00447	0
-61.875	-2.00447	0
-65.625	-1.29455	0
-71.875	-2.00447	0
79.375	-2.00447	0
55.625	-2.00447	0
43.125	-2.00447	0
36.875	-2.00447	0
34.375	-2.00447	0
33.125	-1.29455	0
30.625	-1.29455	0
24.375	-2.00447	0
158.125	-2.00447	0
141.875	-2.00447	0
133.125	-2.00447	0
129.375	-2.00447	0
128.125	-1.29455	0
125.625	-1.29455	0
119.375	-2.00447	0
-114.375	-1.29455	0
-120.625	-2.00447	0
-93.125	-2.00447	0
-103.125	-2.00447	0
-109.375	-2.00447	0
-111.875	-1.29455	0
-138.125	-1.29455	0
-129.375	-2.00447	0
-133.125	-2.00447	0
-135.625	-1.29455	0
-149.375	-1.29455	0
-143.125	-2.00447	0
-145.625	-2.00447	0
-146.875	-1.29455	0
-155.625	-1.29455	0
-151.875	-2.00447	0
-153.125	-1.29455	0
-158.125	-1.29455	0
-18.125	-1.29455	0
-24.375	-2.00447	0
3.125	-2.00447	0
-6.875	-2.00447	0
-13.125	-2.00447	0
-15.625	-1.29455	0
-41.875	-1.29455	0
-33.125	-2.00447	0
-36.875	-2.00447	0
-39.375	-1.29455	0
-54.375	-1.29455	0
-48.125	-2.00447	0
-50.625	-2.00447	0
-51.875	-1.29455	0
-60.625	-1.29455	0
-56.875	-2.00447	0
-58.125	-1.29455	0
-63.125	-1.29455	0
-66.875	-1.09989	0
-69.375	-2.00447	0
-70.625	-1.29455	0
-73.125	-1.29455	0
-79.375	-2.00447	0
99.375	-2.00447	0
89.375	-2.00447	0
83.125	-2.00447	0
80.625	-1.29455	0
78.125	-1.29455	0
71.875	-2.00447	0
63.125	-2.00447	0
59.375	-2.00447	0
56.875	-1.29455	0
54.375	-1.29455	0
48.125	-2.00447	0
45.625	-2.00447	0
44.375	-1.29455	0
41.875	-1.29455	0
39.375	-2.00447	0
38.125	-1.29455	0
35.625	-1.29455	0
29.375	-1.09989	0
26.875	-2.00447	0
25.625	-1.29455	0
23.125	-1.29455	0
16.875	-2.00447	0
156.875	-1.29455	0
150.625	-2.00447	0
145.625	-2.00447	0
143.125	-1.29455	0
140.625	-1.29455	0
136.875	-2.00447	0
134.375	-1.29455	0
131.875	-1.29455	0
124.375	-1.09989	0
121.875	-2.00447	0
120.625	-1.29455	0
118.125	-1.29455	0
111.875	-2.00447	0
-115.625	-1.09989	0
-118.125	-2.00447	0
-119.375	-1.29455	0
-121.875	-1.29455	0
-86.875	-2.00447	0
-90.625	-2.00447	0
-91.875	-1.29455	0
-94.375	-1.29455	0
-99.375	-2.00447	0
-101.875	-1.29455	0
-104.375	-1.29455	0
-106.875	-2.00447	0
-108.125	-1.29455	0
-110.625	-1.09989	0
-139.375	-1.09989	0
-125.625	-2.00447	0
-128.125	-1.29455	0
-130.625	-1.29455	0
-134.375	-1.09989	0
-150.625	-1.09989	0
-141.875	-1.29455	0
-144.375	-1.29455	0
-19.375	-1.09989	0
-21.875	-2.00447	0
-23.125	-1.29455	0
-25.625	-1.29455	0
9.375	-2.00447	0
5.625	-2.00447	0
4.375	-1.29455	0
1.875	-1.29455	0
-3.125	-2.00447	0
-5.625	-1.29455	0
-8.125	-1.29455	0
-10.625	-2.00447	0
-11.875	-1.29455	0
-14.375	-1.09989	0
-43.125	-1.09989	0
-29.375	-2.00447	0
-31.875	-1.29455	0
-34.375	-1.29455	0
-38.125	-1.09989	0
-55.625	-1.09989	0
-45.625	-2.00447	0
-46.875	-1.29455	0
-49.375	-1.29455	0
-68.125	-1.08267	0
-66.5621	-3.20169	0
-74.375	-1.09989	0
-76.875	-2.00447	0
-78.125	-1.29455	0
-80.625	-1.29455	0
105.625	-2.00447	0
101.875	-2.00447	0
100.625	-1.29455	0
98.125	-1.29455	0
93.125	-2.00447	0
90.625	-1.29455	0
88.125	-1.29455	0
85.625	-2.00447	0
84.375	-1.29455	0
81.875	-1.09989	0
76.875	-1.09989	0
74.375	-2.00447	0
73.125	-1.29455	0
70.625	-1.29455	0
66.875	-2.00447	0
64.375	-1.29455	0
61.875	-1.29455	0
58.125	-1.09989	0
53.125	-1.09989	0
50.625	-2.00447	0
49.375	-1.29455	0
46.875	-1.29455	0
40.625	-1.09989	0
28.125	-1.08267	0
29.6879	-3.20169	0
21.875	-1.09989	0
19.375	-2.00447	0
18.125	-1.29455	0
15.625	-1.29455	0
155.625	-1.09989	0
153.125	-2.00447	0
151.875	-1.29455	0
149.375	-1.29455	0
146.875	-1.29455	0
144.375	-1.09989	0
139.375	-1.09989	0
135.625	-1.09989	0
130.625	-1.09989	0
123.125	-1.08267	0
124.688	-3.20169	0
116.875	-1.09989	0
114.375	-2.00447	0
113.125	-1.29455	0
110.625	-1.29455	0
-116.875	-1.08267	0
-115.312	-3.20169	0
-123.125	-1.09989	0
-84.375	-2.00447	0
-85.625	-1.29455	0
-88.125	-1.29455	0
-95.625	-1.09989	0
-98.125	-1.29455	0
-100.625	-1.09989	0
-105.625	-1.09989	0
-110.983	-2.91077	0
-140.625	-1.08267	0
-139.062	-3.20169	0
-126.875	-1.09989	0
-131.875	-1.09989	0
-134.733	-2.91077	0
-150.267	-2.91077	0
-20.625	-1.08267	0
-19.0621	-3.20169	0
-26.875	-1.09989	0
11.875	-2.00447	0
10.625	-1.29455	0
8.125	-1.29455	0
0.625	-1.09989	0
-1.875	-1.29455	0
-4.375	-1.09989	0
-9.375	-1.09989	0
-14.7332	-2.91077	0
-44.375	-1.08267	0
-42.8121	-3.20169	0
-30.625	-1.09989	0
-35.625	-1.09989	0
-38.4832	-2.91077	0
-55.2668	-2.91077	0
-67.5162	-2.26952	0
-75.625	-1.08267	0
-74.0621	-3.20169	0
-81.875	-1.09989	0
108.125	-2.00447	0
106.875	-1.29455	0
104.375	-1.29455	0
96.875	-1.09989	0
94.375	-1.29455	0
91.875	-1.09989	0
86.875	-1.09989	0
81.5168	-2.91077	0
75.625	-1.08267	0
77.1879	-3.20169	0
69.375	-1.09989	0
65.625	-1.09989	0
60.625	-1.09989	0
57.7668	-2.91077	0
51.875	-1.08267	0
53.4379	-3.20169	0
40.9832	-2.91077	0
28.7338	-2.26952	0
20.625	-1.08267	0
22.1879	-3.20169	0
14.375	-1.09989	0
154.375	-1.08267	0
155.938	-3.20169	0
148.125	-1.09989	0
144.017	-2.91077	0
138.125	-1.08267	0
139.688	-3.20169	0
135.267	-2.91077	0
130.983	-2.91077	0
123.734	-2.26952	0
115.625	-1.08267	0
117.188	-3.20169	0
109.375	-1.09989	0
-116.266	-2.26952	0
-124.375	-1.08267	0
-122.812	-3.20169	0
-89.375	-1.09989	0
-96.875	-1.08267	0
-95.3121	-3.20169	0
-100.983	-2.91077	0
-105.267	-2.91077	0
-140.016	-2.26952	0
-127.233	-2.91077	0
-131.517	-2.91077	0
-20.0162	-2.26952	0
-28.125	-1.08267	0
-26.5621	-3.20169	0
6.875	-1.09989	0
-0.625	-1.08267	0
0.937855	-3.20169	0
-4.73316	-2.91077	0
-9.01684	-2.91077	0
-43.7662	-2.26952	0
-30.9832	-2.91077	0
-35.2668	-2.91077	0
-68.534	-4.26556	0
-75.0162	-2.26952	0
-83.125	-1.08267	0
-81.5621	-3.20169	0
103.125	-1.09989	0
95.625	-1.08267	0
97.1879	-3.20169	0
91.5168	-2.91077	0
87.2332	-2.91077	0
76.2338	-2.26952	0
68.125	-1.08267	0
69.6879	-3.20169	0
65.2668	-2.91077	0
60.9832	-2.91077	0
52.4838	-2.26952	0
27.716	-4.26556	0
21.2338	-2.26952	0
13.125	-1.08267	0
14.6879	-3.20169	0
154.984	-2.26952	0
147.812	-3.20169	0
138.734	-2.26952	0
122.716	-4.26556	0
116.234	-2.26952	0
109.733	-2.91077	0
-117.284	-4.26556	0
-123.766	-2.26952	0
-89.0168	-2.91077	0
-96.2662	-2.26952	0
-141.034	-4.26556	0
-21.034	-4.26556	0
-27.5162	-2.26952	0
7.23316	-2.91077	0
-0.016236	-2.26952	0
-44.784	-4.26556	0
-76.034	-4.26556	0
-82.5162	-2.26952	0
103.483	-2.91077	0
96.2338	-2.26952	0
75.216	-4.26556	0
68.7338	-2.26952	0
51.466	-4.26556	0
20.216	-4.26556	0
13.7338	-2.26952	0
153.966	-4.26556	0
148.587	-2.24287	0
137.716	-4.26556	0
115.216	-4.26556	0
-124.784	-4.26556	0
-97.284	-4.26556	0
-28.534	-4.26556	0
-1.03398	-4.26556	0
-83.534	-4.26556	0
95.216	-4.26556	0
67.716	-4.26556	0
12.716	-4.26556	0
149.737	-3.96508	0
33.125	-2.74999	0
128.125	-2.74999	0
-146.875	-2.74999	0
-155.625	-2.74999	0
-153.125	-2.74999	0
-158.125	-2.74999	0
-51.875	-2.74999	0
-60.625	-2.74999	0
-58.125	-2.74999	0
-63.125	-2.74999	0
-70.625	-2.74999	0
44.375	-2.74999	0
38.125	-2.74999	0
35.625	-2.74999	0
25.625	-2.74999	0
120.625	-2.74999	0
-119.375	-2.74999	0
-91.875	-2.74999	0
-108.125	-2.74999	0
-144.375	-2.74999	0
-23.125	-2.74999	0
4.375	-2.74999	0
-11.875	-2.74999	0
-46.875	-2.74999	0
-49.375	-2.74999	0
-78.125	-2.74999	0
100.625	-2.74999	0
84.375	-2.74999	0
73.125	-2.74999	0
49.375	-2.74999	0
46.875	-2.74999	0
18.125	-2.74999	0
151.875	-2.74999	0
113.125	-2.74999	0
-85.625	-2.74999	0
10.625	-2.74999	0
106.875	-2.74999	0
-141.802	-2.87844	0
-98.052	-2.87844	0
-1.80205	-2.87844	0
94.448	-2.87844	0
31.5394	-3.98781	0
129.508	-3.64826	0
126.539	-3.98781	0
-148.512	-4.07398	0
-154.375	-3.42515	0
-151.742	-3.64826	0
-156.875	-3.42515	0
-159.945	-4.38169	0
-53.512	-4.07398	0
-59.375	-3.42515	0
-56.7419	-3.64826	0
-61.875	-3.42515	0
-64.7106	-3.98781	0
-72.2106	-3.98781	0
42.738	-4.07398	0
39.5081	-3.64826	0
34.375	-3.42515	0
36.875	-3.42515	0
24.0394	-3.98781	0
119.039	-3.98781	0
-120.961	-3.98781	0
-90.4919	-3.64826	0
-93.4606	-3.98781	0
-109.508	-3.64826	0
-106.742	-3.64826	0
-145.625	-3.42515	0
-24.7106	-3.98781	0
5.75807	-3.64826	0
2.78942	-3.98781	0
-13.2581	-3.64826	0
-10.4919	-3.64826	0
-50.625	-3.42515	0
-48.125	-3.42515	0
-79.7106	-3.98781	0
102.008	-3.64826	0
99.0394	-3.98781	0
82.9919	-3.64826	0
85.7581	-3.64826	0
71.5394	-3.98781	0
45.625	-3.42515	0
48.125	-3.42515	0
16.5394	-3.98781	0
111.488	-4.07398	0
-87.262	-4.07398	0
8.98803	-4.07398	0
108.258	-3.64826	0
105.238	-4.07398	0
-143.119	-3.4344	0
-99.5093	-3.64606	0
-3.25931	-3.64606	0
92.9907	-3.64606	0
131.428	-5.64493	0
128.082	-4.32968	0
-153.119	-4.25517	0
-150.249	-4.78972	0
-155.625	-4.2447	0
-158.238	-4.4548	0
-58.1193	-4.25517	0
-55.2493	-4.78972	0
-60.625	-4.2447	0
-63.1696	-4.32728	0
41.0007	-4.78972	0
33.0804	-4.32728	0
38.1307	-4.25517	0
35.625	-4.2447	0
-91.9177	-4.32968	0
-111.428	-5.64493	0
-104.822	-5.64493	0
-146.933	-4.35218	0
4.33226	-4.32968	0
-15.1782	-5.64493	0
-8.57177	-5.64493	0
-51.9331	-4.35218	0
-49.375	-4.2447	0
-46.6566	-4.64898	0
100.582	-4.32968	0
81.0718	-5.64493	0
87.6782	-5.64493	0
44.3169	-4.35218	0
46.875	-4.2447	0
49.5934	-4.64898	0
-88.9993	-4.78972	0
7.25066	-4.78972	0
109.751	-4.78972	0
106.817	-4.35266	0
103.501	-4.78972	0
-144.375	-4.24424	0
126.763	-6.63281	0
129.537	-5.5418	0
-151.831	-5.31181	0
-156.894	-4.8174	0
-155.341	-6.56622	0
-158.148	-6.79184	0
-56.8314	-5.31181	0
-64.4845	-6.62861	0
31.7655	-6.62861	0
39.4186	-5.31181	0
-93.2374	-6.63281	0
-101.425	-5.64183	0
-148.169	-6.74499	0
3.01264	-6.63281	0
-5.17531	-5.64183	0
-53.1686	-6.74499	0
-50.6329	-4.80031	0
-51.7591	-5.95743	0
-49.113	-6.5397	0
-48.0774	-4.86082	0
99.2626	-6.63281	0
91.0747	-5.64183	0
43.0814	-6.74499	0
45.6171	-4.80031	0
44.4909	-5.95743	0
47.137	-6.5397	0
48.1726	-4.86082	0
-90.576	-5.30478	0
5.67401	-5.30478	0
108.175	-5.30367	0
105.581	-6.74585	0
101.924	-5.30478	0
-145.633	-4.80027	0
-146.759	-5.95743	0
-144.112	-6.53909	0
-153.537	-6.07737	0
-59.1698	-6.84886	0
37.0802	-6.84886	0
-150.389	-7.02345	0
-55.3893	-7.02345	0
-51.2009	-8.61153	0
-47.0874	-6.63037	0
40.8607	-7.02345	0
45.0491	-8.61153	0
49.1626	-6.63037	0
-88.9617	-7.57552	0
7.28827	-7.57552	0
109.787	-7.57361	0
103.358	-7.02503	0
-142.849	-5.23197	0
-146.201	-8.61155	0
-133.125	-3.88438	0
-36.875	-3.88438	0
59.375	-3.88438	0
145.824	-4.23741	0
130.317	-8.62564	0
-153.655	-9.21523	0
-45.4133	-5.95678	0
50.8367	-5.95678	0
-87.4181	-6.16153	0
8.83192	-6.16153	0
111.332	-6.16131	0
-141.385	-7.91119	0
-130.76	-5.97638	0
-39.2403	-5.97638	0
-34.5097	-5.97638	0
57.0097	-5.97638	0
61.7403	-5.97638	0
-42.5414	-6.06272	0
53.7086	-6.06272	0
-135.49	-5.97638	0
-45.1702	-8.97808	0
51.0798	-8.97808	0
-161.25	-1.48943	0
-164	-2.52812	0
160	-1.48943	0
162.75	-2.52812	0
159.888	-4.75365	0
141.968	-4.76987	0
-70.4123	-4.65683	0
-68.8457	-7.47327	0
-72.3843	-7.20595	0
25.8377	-4.65683	0
27.4043	-7.47327	0
23.8657	-7.20595	0
120.838	-4.65683	0
122.404	-7.47327	0
118.866	-7.20595	0
-119.162	-4.65683	0
-121.134	-7.20595	0
-117.596	-7.47327	0
-22.9123	-4.65683	0
-24.8843	-7.20595	0
-21.3457	-7.47327	0
-77.9123	-4.65683	0
-79.8843	-7.20595	0
-76.3457	-7.47327	0
73.3377	-4.65683	0
71.3657	-7.20595	0
74.9043	-7.47327	0
18.3377	-4.65683	0
16.3657	-7.20595	0
19.9043	-7.47327	0
113.326	-4.67269	0
114.924	-7.49962	0
-85.4238	-4.67269	0
-83.826	-7.49962	0
10.8262	-4.67269	0
12.424	-7.49962	0
133.397	-4.34669	0
124.82	-5.46487	0
-66.4305	-5.46517	0
29.8195	-5.46517	0
-95.1804	-5.46487	0
-98.9845	-6.06748	0
1.06963	-5.46487	0
-2.73451	-6.06748	0
97.3196	-5.46487	0
93.5155	-6.06748	0
-53.9465	-9.53548	0
-48.2314	-9.51616	0
42.3035	-9.53548	0
48.0186	-9.51616	0
104.917	-10.4492	0
101.264	-7.31316	0
-148.947	-9.53547	0
147.898	-5.79326	0
-138.644	-6.33519	0
-129.096	-4.32906	0
-32.846	-4.32906	0
63.404	-4.32906	0
156.658	-6.89561	0
139.713	-5.6068	0
-73.9486	-5.50776	0
22.3014	-5.50776	0
117.301	-5.50776	0
-122.699	-5.50776	0
-115.019	-6.10471	0
-26.4486	-5.50776	0
-18.7688	-6.10471	0
-81.4486	-5.50776	0
69.8014	-5.50776	0
77.4812	-6.10471	0
14.8014	-5.50776	0
112.374	-8.85292	0
-86.3745	-8.85041	0
9.87551	-8.85041	0
134.494	-8.15219	0
135.574	-5.24676	0
124.73	-7.81387	0
-66.5165	-7.81824	0
29.7335	-7.81824	0
-96.0817	-9.16459	0
0.168256	-9.16459	0
96.4183	-9.16459	0
102.622	-9.42722	0
-127.286	-7.82059	0
-126.926	-5.24668	0
-31.0362	-7.82059	0
-30.676	-5.24668	0
65.2138	-7.82059	0
65.574	-5.24668	0
137.533	-6.6947	0
127.284	-9.8695	0
-63.5928	-10.4819	0
32.6572	-10.4819	0
99.3661	-9.61274	0
-124.123	-8.3892	0
-27.8727	-8.3892	0
68.3773	-8.3892	0
123.021	-11.3733	0
-68.2343	-11.3809	0
28.0157	-11.3809	0
-125.089	-6.42925	0
-28.8386	-6.42925	0
67.4114	-6.42925	0
151.783	-5.07678	0
153.791	-7.13718	0
-108.125	-6.89997	0
-113.291	-4.29751	0
-11.875	-6.89997	0
-17.0411	-4.29751	0
84.375	-6.89997	0
79.2089	-4.29751	0
-61.8215	-6.622	0
34.4285	-6.622	0
-156.542	-9.19192	0
-40.7947	-4.29093	0
55.4553	-4.29093	0
-137.045	-4.29093	0
144.416	-8.27481	0
-100.887	-9.76866	0
-4.63746	-9.76866	0
91.6125	-9.76866	0
102.131	-13.6189	0
-60.7287	-9.45988	0
35.5213	-9.45988	0
141.718	-7.55253	0
139.475	-7.8577	0
137.082	-9.65056	0
141.086	-11.3016	0
-40.7791	-10.2946	0
55.4709	-10.2946	0
-167.3	-2.77704	0
-162.911	-8.46956	0
166.05	-2.77704	0
-51.0921	-13.4763	0
45.1579	-13.4763	0
-146.092	-13.4763	0
-137.487	-11.5176	0
109.167	-12.0843	0
-82.9342	-12.2616	0
13.3158	-12.2616	0
-89.7125	-12.3618	0
6.53751	-12.3618	0
-120.731	-12.5898	0
-24.4811	-12.5898	0
71.7689	-12.5898	0
115.819	-12.2647	0
150.395	-8.4385	0
-114.113	-10.9213	0
-17.8627	-10.9213	0
78.3873	-10.9213	0
97.1791	-14.0791	0
-57.3412	-9.81484	0
38.9088	-9.81484	0
133.385	-13.0507	0
-171.26	-3.37193	0
-159.82	-9.64689	0
-165.408	-5.85657	0
170.01	-3.37193	0
164.06	-7.16457	0
-45.8379	-14.156	0
50.4121	-14.156	0
-155.136	-13.8337	0
-136.785	-8.64033	0
-126.616	-13.1778	0
-30.3663	-13.1778	0
65.8837	-13.1778	0
155.612	-11.6135	0
-60.5218	-14.5637	0
35.7282	-14.5637	0
129.984	-12.1329	0
-157.808	-12.1091	0
-132.522	-11.2057	0
-162.762	-14.1043	0
-133.772	-8.45789	0
-158.853	-16.6606	0
-130.939	-8.82767	0
-129.368	-11.5896	0
-131.561	-16.4553	0
-129.253	-14.5684	0
-127.381	-19.2126	0
-126.689	-16.2344	0
-122.259	-18.8329	0
-123.484	-14.7818	0
-73.9865	-12.9487	0
22.2635	-12.9487	0
-105.111	-9.85918	0
-8.86063	-9.85918	0
87.3894	-9.85918	0
-78.4316	-11.5301	0
17.8184	-11.5301	0
-92.6132	-10.1977	0
3.63676	-10.1977	0
-110.902	-9.23383	0
-14.6518	-9.23383	0
81.5982	-9.23383	0
-55.3259	-13.5387	0
40.9241	-13.5387	0
-168.862	-5.85729	0
160.292	-8.86933	0
-34.968	-11.0327	0
61.282	-11.0327	0
126.278	-13.8116	0
-120.252	-16.0156	0
-96.0041	-15.2431	0
0.245878	-15.2431	0
-109.801	-15.2265	0
-13.5512	-15.2265	0
82.6988	-15.2265	0
-174.046	-8.46004	0
-167.134	-10.0052	0
130.294	-17.7465	0
-116.906	-13.8018	0
-92.9293	-13.6474	0
3.3207	-13.6474	0
-116.738	-20.6426	0
-91.9079	-19.376	0
4.3421	-19.376	0
-90.0855	-16.0957	0
6.16449	-16.0957	0
-85.7366	-20.6582	0
-86.2897	-14.5893	0
10.5134	-20.6582	0
9.96033	-14.5893	0
147.231	-14.7188	0
137.643	-13.97	0
-176.012	-4.03819	0
174.762	-4.03819	0
-65.1541	-14.8527	0
31.0959	-14.8527	0
-152.462	-21.2081	0
-53.1089	-20.2966	0
43.1411	-20.2966	0
164.91	-14.0587	0
120.74	-17.8151	0
-102.857	-16.4408	0
-6.60701	-16.4408	0
89.6456	-16.5643	0
-164.907	-21.6498	0
-78.3842	-19.0551	0
17.8658	-19.0551	0
134.7	-17.2819	0
142.277	-16.3938	0
-70.0415	-16.0865	0
26.2085	-16.0865	0
-62.3745	-22.1364	0
33.8755	-22.1364	0
-82.3004	-16.7576	0
13.9496	-16.7576	0
133.242	-24.5799	0
-150.611	-13.7449	0
-148.07	-18.3361	0
-36.1069	-19.4844	0
60.1431	-19.4844	0
-124.211	-27.2358	0
-181.714	-4.8475	0
180.465	-4.8475	0
171.419	-10.6048	0
100.393	-21.7895	0
-66.5645	-19.5632	0
29.6855	-19.5632	0
147.44	-23.5009	0
-140.394	-18.6284	0
-72.595	-22.1173	0
23.655	-22.1173	0
-145.661	-26.8137	0
-133.893	-24.5365	0
-67.4916	-25.7706	0
28.7584	-25.7706	0
-19.8049	-17.1778	0
76.4451	-17.1778	0
112.271	-20.3663	0
-98.4037	-21.7178	0
-2.15366	-21.7178	0
-169.024	-16.402	0
-188.558	-5.81674	0
187.308	-5.81674	0
176.927	-9.27515	0
-80.0298	-29.1695	0
16.2202	-29.1695	0
-59.1054	-32.1591	0
37.1446	-32.1591	0
-26.7543	-19.5837	0
69.4957	-19.5837	0
82.701	-26.2304	0
-13.549	-26.2304	0
-175.381	-25.6273	0
183.138	-10.6102	0
-73.433	-28.679	0
-90.8783	-29.9133	0
22.817	-28.679	0
5.37168	-29.9133	0
192.91	-14.8989	0
176.305	-18.7737	0
-75.945	-39.5028	0
-67.1412	-34.0092	0
20.305	-39.5028	0
29.1088	-34.0092	0
-107.899	-24.8129	0
125.56	-23.8414	0
-196.769	-6.98	0
195.519	-6.98	0
75.1735	-24.7445	0
-21.0765	-24.7445	0
-183.582	-16.3054	0
118.217	-24.7738	0
64.7024	-30.5608	0
-31.5476	-30.5608	0
108.176	-32.1055	0
76.5545	-37.5583	0
-19.6955	-37.5583	0
128.217	-36.5288	0
122.745	-31.0527	0
115.458	-31.5359	0
112.73	-43.4967	0
120.095	-39.1721	0
-158.05	-34.917	0
-60.1566	-45.9702	0
36.0934	-45.9702	0
-206.623	-8.37583	0
206.913	-15.1238	0
-191.629	-13.6984	0
123.348	-53.1447	0
203.834	-7.38871	0
-200.623	-15.2535	0
126.498	-45.0465	0
212.389	-8.46408	0
-191.786	-27.9064	0
-214.651	-21.4359	0
137.909	-54.1475	0
220.33	-20.5748	0
137.584	-42.8512	0
-44.451	-23.1731	0
-51.1117	-28.7531	0
-51.166	-39.709	0
-41.6631	-33.2663	0
51.799	-23.1731	0
45.1383	-28.7531	0
45.084	-39.709	0
54.5869	-33.2663	0
157.872	-21.9195	0
-133.381	-41.4105	0
-4.79388	-31.6949	0
-115.533	-29.5405	0
-122.526	-38.3792	0
-104.135	-39.4181	0
-218.447	-10.051	0
-45.621	-57.2568	0
-32.7859	-46.1943	0
50.629	-57.2568	0
63.4641	-46.1943	0
167.641	-23.5851	0
155.192	-39.4382	0
3.14583	-47.1053	0
-100.712	-30.7483	0
-95.1479	-37.9557	0
-97.2966	-53.0987	0
-85.4823	-37.9325	0
161.281	-31.4054	0
147.757	-48.2112	0
-123.092	-57.3014	0
-90.2949	-46.3683	0
171.118	-45.1865	0
-83.003	-60.9613	0
178.493	-32.9191	0
94.1951	-34.56	0
-232.636	-12.0617	0
160.001	-51.0499	0
150.551	-63.984	0
174.962	-65.9447	0
102.568	-65.3465	0
-15.1262	-58.7238	0
204.88	-39.3647	0
-249.663	-14.4733	0
129.02	-76.996	0
81.3796	-59.1114	0
199.723	-26.7266	0
188.905	-47.5294	0
-179.929	-53.0739	0
248.413	-27.3574	0
25.2623	-74.9223	0
-63.6779	-65.5082	0
-102.758	-79.9509	0
-30.5549	-61.76	0
-44.9756	-82.5519	0
-17.9718	-84.9831	0
-237.283	-40.5716	0
-270.096	-17.3686	0
65.7825	-61.8614	0
50.8218	-83.8588	0
77.9908	-85.4975	0
209.985	-69.0648	0
-152.232	-64.8916	0
22.2381	-57.2889	0
3.9971	-69.4933	0
268.846	-19.0389	0
-78.5477	-85.3666	0
-257.306	-34.0847	0
-294.616	-20.8425	0
7.94029	-98.41	0
293.366	-20.611	0
-257.697	-69.4372	0
-279.685	-37.9567	0
271.969	-55.964	0
159.67	-103.393	0
229.556	-43.907	0
-210.266	-49.5738	0
-324.039	-25.0103	0
322.789	-25.0584	0
-99.3375	-121.482	0
-306.072	-45.907	0
105.66	-94.1815	0
-131.384	-85.1984	0
61.7786	-128.246	0
243.625	-75.0426	0
-230.975	-66.6837	0
-198.913	-84.4022	0
-239.92	-110.911	0
-359.347	-30.0125	0
303.808	-51.0823	0
358.096	-30.003	0
-26.5468	-133.249	0
-285.745	-65.609	0
131.609	-104.983	0
84.715	-112.496	0
-165.318	-99.1816	0
-337.797	-55.011	0
-33.5749	-107.105	0
-276.428	-102.012	0
148.189	-149.186	0
110.013	-120.294	0
89.0462	-143.38	0
132.911	-129.706	0
156.503	-126.935	0
113.454	-144.483	0
188.029	-151.392	0
99.4814	-183.07	0
187.785	-119.159	0
-314.816	-75.2651	0
-60.0419	-104.471	0
54.3776	-173.712	0
-358.785	-101.99	0
-401.716	-36.0148	0
295.717	-104.579	0
400.466	-36.0167	0
336.588	-55.0571	0
-136.18	-121.728	0
-198.756	-129.617	0
221.133	-103.972	0
-375.854	-66.0302	0
316.881	-80.4197	0
374.607	-65.937	0
-117.364	-180.684	0
-272.444	-165.004	0
215.163	-135.069	0
227.77	-186.743	0
258.238	-127.218	0
348.652	-84.7679	0
328.723	-112.144	0
301.273	-156.12	0
391.827	-116.974	0
360.303	-114.192	0
342.057	-151.022	0
373.583	-143.705	0
425.57	-159.594	0
369.553	-197.917	0
-65.8021	-145.057	0
-452.559	-43.2185	0
451.309	-43.2181	0
164.573	-214.174	0
420.01	-79.0418	0
326.431	-191.692	0
-27.2382	-202.102	0
-424.983	-111.38	0
276.545	-200.29	0
-414.639	-73.2993	0
338.01	-263.954	0
-453.398	-83.217	0
-517.119	-61.8727	0
-484.352	-142.864	0
18.3198	-143.174	0
-317.612	-120.199	0
-367.398	-177.119	0
512.321	-51.8623	0
61.9223	-250.718	0
230.433	-271.73	0
475.018	-95.5165	0
585.535	-62.2339	0
540.858	-114.013	0
459.014	-268.584	0
-586.785	-57.2691	0
-429.918	-173.794	0
-506.733	-245.619	0
-403.99	-275.711	0
673.392	-74.6811	0
492.406	-160.052	0
-556.265	-124.834	0
-674.642	-75.9754	0
619.763	-136.93	0
562.831	-185.653	0
669.427	-252.585	0
-199.849	-221.756	0
140.293	-308.416	0
778.821	-89.6173	0
-780.071	-89.3739	0
714.468	-164.296	0
-309.238	-254.791	0
-503.616	-425.421	0
-60.6181	-369.385	0
244.192	-434.619	0
905.335	-107.541	0
-906.584	-107.59	0
-705.871	-251.737	0
-323.067	-417.192	0
44.9711	-355.817	0
-92.4232	-276.067	0
828.112	-197.159	0
13.9339	-531.921	0
135.468	-418.259	0
-197.204	-363.858	0
393.188	-405.405	0
1057.15	-129.048	0
-1058.4	-129.039	0
-827.395	-209.137	0
167.567	-574.388	0
964.484	-236.589	0
-185.733	-566.105	0
575.495	-408.869	0
-965.933	-235.523	0
350.839	-583.974	0
2206.81	-2048	0
1183.27	-331.417	0
-834.945	-425.31	0
-2208.06	-2428.18	0
833.068	-435.557	0
-1182.92	-330.559	0
1239.33	-154.858	0
-1240.58	-154.86	0
-403.854	-629.48	0
22.6525	-799.517	0
2206.81	-1024	0
1457.95	-185.829	0
-1459.2	-185.828	0
248.405	-785.628	0
-669.35	-632.863	0
-231.255	-816.474	0
1720.29	-222.997	0
-2208.06	-1214.09	0
157.801	-1154.58	0
622.988	-849.062	0
-532.899	-921.744	0
-1721.54	-222.997	0
-88.4692	-1045.07	0
-1084.97	-794.629	0
1529.51	-625.094	0
2206.81	-512	0
-2208.06	-607.045	0
-140.95	-1494.74	0
-1530.76	-625.094	0
2206.81	-256	0
1953.75	-384	0
-2208.06	-303.522	0
1918.42	-768	0
-1933.02	-455.283	0
-1876.52	-882.794	0
1119.43	-757.635	0
1652.1	-1358.45	0
-1104.34	-4856.36	0
1103.09	-4856.36	0
-1511.03	-1580.09	0
-1452.68	-1090.65	0
1430.24	-1018.61	0
956.616	-1267.1	0
-552.484	-4856.36	0
551.234	-4856.36	0
-920.044	-1402.35	0
482.524	-1741.05	0
-828.413	-3971.41	0
827.163	-3971.41	0
1214.24	-1998.9	0
-224.194	-2617.68	0
-987.909	-2248.08	0
604.361	-2562.46	0
-934.816	-3112.21	0
240.209	-3342.13	0
2206.81	-3452.18	0
1471.33	-2888.9	0
-2208.06	-3642.27	0
2206.81	-4154.27	0
1551.4	-3803.22	0
1694.81	-4856.36	0
1398.95	-4360.31	0
-65.625	0	0
-65.9375	-0.647275	0
-65.3125	-0.549947	0
-64.375	-0.718908	0
-64.375	0	0
30.625	-0.496402	0
31.4516	-0.895475	0
126.875	-0.904795	0
126.875	0	0
-115.141	-2.10202	0
-114.095	-2.82799	0
-66.3909	-2.10202	0
-65.3455	-2.82799	0
125.625	0	0
125.312	-0.647275	0
125.938	-0.549947	0
-18.8909	-2.10202	0
-17.8455	-2.82799	0
-68.125	0	0
-68.4375	-0.541334	0
-67.8124	-0.541369	0
-69.375	-0.721665	0
-67.4999	-1.08274	0
-68.8125	-1.1187	0
-67.8125	-1.67194	0
-66.875	0	0
-69.4064	-1.36307	0
-68.4411	-1.62782	0
-67.1443	-1.71287	0
-66.5528	-0.56997	0
-69.9979	-1.01265	0
-68.1668	-2.21983	0
-66.3048	-1.08363	0
-66.5762	-1.57353	0
-66.0289	-1.67839	0
-65.7449	-2.28752	0
-65.5184	-1.81115	0
-65.1605	-2.27339	0
-64.8619	-1.40642	0
-64.546	-2.7865	0
-67.1727	-0.555988	0
-70.625	0	0
-70.0494	-1.73651	0
-68.7764	-2.1427	0
-67.9212	-3.28795	0
-66.211	-2.69319	0
-69.2974	-3.03355	0
-66.8951	-2.57836	0
-65.8636	-3.30856	0
-68.5585	-2.8679	0
-67.2466	-3.16674	0
-66.3768	-4.32647	0
-65.2015	-3.50284	0
-66.9379	-3.84129	0
-65.7135	-4.02254	0
-63.8416	-2.53083	0
-70.9375	-0.647275	0
-70.3125	-0.506967	0
-70.7263	-2.02227	0
-69.9481	-2.46423	0
-68.7889	-3.57098	0
-67.3219	-4.8525	0
-65.6994	-4.92905	0
-63.8928	-3.4879	0
-63.2943	-2.02227	0
-71.875	-0.70082	0
-71.2938	-1.57236	0
-71.3078	-2.47412	0
-70.0301	-3.21455	0
-69.5206	-4.23354	0
-62.5818	-2.2401	0
-63.8264	-1.51495	0
-72.1965	-2.97013	0
-71.3218	-3.49181	0
-62.4259	-2.95044	0
-62.4282	-1.52304	0
-63.6613	-0.814115	0
-62.9743	-3.54353	0
-61.7429	-2.71481	0
-61.5668	-1.09177	0
-62.5659	-0.766321	0
-62.3569	-4.11362	0
-61.1982	-3.18355	0
-61.1685	-2.24055	0
-63.125	0	0
-61.9061	-0.437086	0
-62.4418	-5.44308	0
-61.4929	-4.20544	0
-60.5102	-3.49734	0
-60.4534	-2.02227	0
-59.9101	-3.97199	0
-59.9699	-3.03187	0
-59.9224	-1.51295	0
-59.8303	-5.25469	0
-59.042	-4.28624	0
-59.3329	-2.71481	0
-59.0602	-1.10326	0
-60.0743	-0.762272	0
-58.7398	-3.1064	0
-58.717	-2.32186	0
-60.625	0	0
-60.9375	-0.647275	0
-59.4026	-0.442996	0
-58.0995	-3.50249	0
-58.0495	-2.02227	0
-57.4551	-3.89609	0
-57.4556	-2.45166	0
-57.4686	-1.59423	0
-57.4327	-4.73147	0
-57.4564	-3.17387	0
-56.6341	-1.02136	0
-57.5014	-0.797452	0
-58.5097	-5.55106	0
-56.6181	-4.4891	0
-56.7144	-2.81355	0
-58.125	0	0
-58.4375	-0.647275	0
-57.6521	-5.56055	0
-56.0169	-3.2544	0
-55.9489	-2.24107	0
-55.2901	-3.85055	0
-65.4504	-6.03511	0
-69.2877	-5.87518	0
-61.1142	-5.44735	0
-56.0306	-5.08043	0
-56.1424	-6.19467	0
-55.3511	-5.71139	0
-58.0923	-6.58011	0
-55.0299	-1.98733	0
-54.4415	-4.2842	0
-57.0197	-6.16897	0
-54.084	-2.72214	0
-54.332	-5.35742	0
-56.6162	-7.38173	0
-67.7141	-6.37788	0
-72.8263	-2.22407	0
-73.8829	-2.05085	0
-73.1257	-3.11559	0
-73.4863	-4.32916	0
-71.3633	-4.46172	0
-72.4696	-5.44525	0
-71.1464	-5.81966	0
-66.4592	-6.64222	0
-64.3241	-5.2848	0
-58.2313	-8.31697	0
-54.5438	-6.39153	0
-65.4674	-7.2799	0
-54.167	-7.77736	0
-65.1287	-9.23134	0
-64.2358	-8.07124	0
-156.875	-0.904795	0
79.375	-0.904795	0
79.375	0	0
79.8893	-1.45463	0
80.4359	-2.48135	0
80.1192	-0.740596	0
80.8329	-0.596796	0
79.4908	-3.16539	0
78.3316	-2.69475	0
80.631	-4.05037	0
-154.375	-0.904795	0
-154.375	0	0
55.625	-0.904795	0
55.625	0	0
-153.125	-0.496402	0
-152.298	-0.895475	0
-152.47	-1.59621	0
-153.063	-2.02227	0
-153.715	-1.71136	0
-152.463	-2.43997	0
-153.787	-2.43908	0
-152.479	-3.26855	0
-151.726	-2.81969	0
-154.445	-2.71481	0
-153.717	-3.14942	0
-151.02	-3.24774	0
-150.958	-2.25814	0
-155.048	-2.2965	0
-155.023	-3.13066	0
-153.788	-3.90229	0
-150.971	-4.18683	0
-154.96	-1.57855	0
-155.73	-2.02227	0
-155.677	-3.49734	0
-154.972	-3.87801	0
-153.952	-5.0233	0
-150.373	-3.68463	0
-155.063	-0.898572	0
-155.731	-0.547381	0
-156.296	-1.56888	0
-156.31	-2.47771	0
-156.303	-3.91599	0
-154.874	-4.81747	0
-149.349	-3.43071	0
-156.989	-2.71481	0
-156.975	-4.12003	0
-157.775	-3.65035	0
-157.54	-4.53881	0
-158.024	-5.61675	0
-157.453	-5.22542	0
-157.133	-6.30468	0
-156.749	-5.60352	0
-156.222	-4.61336	0
-155.587	-4.97413	0
-157.572	-2.25679	0
-156.224	-6.34672	0
-155.053	-5.70653	0
-157.437	-1.53944	0
-158.277	-2.02227	0
-157.579	-0.84785	0
-158.266	-0.564462	0
-158.818	-1.52919	0
-158.834	-2.51871	0
-159.056	-0.752431	0
-159.929	-3.12851	0
-158.768	-3.51751	0
-159.487	-1.30931	0
-159.753	-0.658369	0
-160.328	-1.80169	0
-161.25	0	0
-160.122	-1.18887	0
-160.471	-0.55224	0
-151.875	0	0
-151.562	-0.695596	0
-150.043	-1.98033	0
-156.743	-7.72902	0
-154.418	-6.39769	0
-161.172	-2.77837	0
-149.087	-2.24282	0
-155.975	-7.22909	0
-153.464	-7.65128	0
-148.384	-3.0204	0
-155.796	-8.3442	0
-154.678	-7.58564	0
-159.126	-5.21945	0
-147.623	-3.64757	0
-155.103	-9.70678	0
-160.879	-6.11421	0
-150.625	0	0
-150.938	-0.549947	0
-150.305	-0.554253	0
-149.986	-1.10798	0
-149.375	0	0
-148.707	-0.818802	0
-149.688	-0.532924	0
-146.875	-0.496402	0
-147.702	-0.895475	0
-146.048	-0.895475	0
36.875	-0.904795	0
36.875	0	0
37.3893	-1.45463	0
37.6162	-2.18235	0
37.6192	-0.740596	0
37.0965	-2.71481	0
38.3659	-2.02227	0
38.3329	-0.596796	0
36.3565	-2.55583	0
37.5927	-3.25924	0
38.8807	-2.59641	0
38.8606	-1.4548	0
36.1439	-1.8364	0
36.1535	-3.26617	0
37.3888	-4.01261	0
38.3345	-3.5018	0
39.7298	-2.80303	0
39.7203	-1.16573	0
35.4074	-2.02227	0
35.4114	-3.49734	0
36.3671	-4.01353	0
37.3708	-5.32345	0
38.8622	-4.04887	0
39.1044	-0.691754	0
34.9005	-1.4743	0
34.8815	-2.57592	0
34.8514	-4.06157	0
36.2999	-5.1045	0
38.7001	-4.87433	0
39.5807	-4.48634	0
35.1047	-0.747578	0
34.0371	-1.14402	0
34.1492	-2.71481	0
33.9704	-4.22453	0
34.9449	-5.39215	0
35.8183	-0.589744	0
34.3928	-0.466197	0
33.6172	-2.15464	0
33.6553	-3.26288	0
32.851	-2.02227	0
32.8815	-3.53238	0
32.3737	-1.42711	0
32.3518	-2.62566	0
32.3238	-4.09425	0
32.6383	-0.731384	0
31.313	-2.92945	0
32.1421	-3.35622	0
31.761	-5.29893	0
33.3523	-0.606162	0
31.875	0	0
32.4883	-4.90494	0
32.5899	-5.96092	0
33.4918	-5.34125	0
40.3092	-3.4067	0
41.1539	-3.84874	0
40.3574	-2.0461	0
38.3996	-6.17671	0
40.2053	-5.0376	0
40.1539	-6.15563	0
40.3901	-4.23062	0
40.8251	-5.6263	0
41.8766	-4.44941	0
42.0542	-3.20032	0
41.7342	-5.38039	0
41.4974	-6.30821	0
42.6481	-5.04377	0
42.0397	-7.43203	0
42.4208	-6.04981	0
43.4541	-4.62941	0
43.4327	-5.74974	0
43.6227	-3.67275	0
44.1092	-5.18675	0
44.9312	-5.25941	0
45.8032	-6.29735	0
45.6284	-5.559	0
46.5971	-5.71947	0
47.5849	-5.65713	0
48.1536	-6.50067	0
30.596	-3.63621	0
33.099	-7.43224	0
39.2937	-7.5779	0
47.7018	-7.99121	0
48.7709	-5.6878	0
29.703	-4.33637	0
48.5465	-7.43354	0
49.8053	-5.81061	0
30.7404	-4.79971	0
28.728	-3.78194	0
28.6842	-5.01194	0
48.6968	-8.57985	0
50.1944	-6.77743	0
30.8346	-5.89996	0
27.7433	-3.02197	0
49.6829	-10.0079	0
49.5551	-7.56934	0
51.8315	-7.39716	0
29.9141	-6.64673	0
50.7107	-7.84814	0
28.8945	-6.13375	0
30.8472	-7.3902	0
49.8884	-8.72218	0
27.295	-5.85299	0
-144.375	-0.496402	0
-145.173	-0.859188	0
-143.548	-0.895475	0
28.125	0	0
27.8125	-0.541334	0
28.4376	-0.541369	0
26.875	-0.721665	0
28.7501	-1.08274	0
27.4375	-1.1187	0
28.4375	-1.67194	0
29.375	0	0
26.8436	-1.36307	0
27.8089	-1.62782	0
29.1057	-1.71287	0
29.7104	-0.562942	0
26.2521	-1.01265	0
28.0832	-2.21983	0
29.5359	-2.40291	0
30.0114	-1.12415	0
29.0625	-0.541197	0
25.625	0	0
26.2006	-1.73651	0
27.4736	-2.1427	0
28.3651	-2.81239	0
30.1277	-1.89521	0
27.0148	-2.76439	0
28.2231	-3.41824	0
29.0448	-2.87737	0
27.635	-3.64169	0
26.6976	-4.08065	0
25.3125	-0.647275	0
25.9375	-0.506967	0
25.5237	-2.02227	0
26.3019	-2.46423	0
30.2826	-2.67466	0
30.9902	-2.10307	0
24.375	-0.70082	0
24.9562	-1.57236	0
24.9422	-2.47412	0
26.2682	-3.3291	0
24.0535	-2.97013	0
24.9282	-3.49181	0
26.7288	-5.05698	0
25.6416	-6.28587	0
23.4237	-2.22407	0
22.3671	-2.05085	0
23.1243	-3.11559	0
22.7637	-4.32916	0
24.8867	-4.46172	0
23.7804	-5.44525	0
25.1887	-5.40503	0
24.5244	-6.30344	0
25.1006	-7.41558	0
-139.375	0	0
-139.688	-0.549947	0
-139.055	-0.554253	0
-140.312	-0.541334	0
-140	-1.09128	0
-138.736	-1.10798	0
-140.625	0	0
-140.938	-0.541369	0
-140.321	-1.6761	0
-139.067	-2.0292	0
-138.125	0	0
-141.663	-0.598957	0
-141.158	-1.73087	0
-139.695	-1.6388	0
-138.578	-1.68487	0
-141.259	-1.08784	0
-140.704	-2.2474	0
-138.291	-2.61207	0
-141.364	-2.36989	0
-140.395	-3.33408	0
-137.921	-1.98949	0
-142.188	-2.1026	0
-140.925	-2.89752	0
-141.039	-3.57673	0
-142.063	-3.92908	0
-137.457	-0.818802	0
-138.438	-0.532924	0
-141.875	0	0
-142.405	-0.752395	0
-137.408	-2.71543	0
-137.486	-1.48456	0
-136.705	-1.18515	0
-136.875	0	0
-136.562	-0.559926	0
-136.139	-0.985157	0
-136.21	-1.68483	0
-135.524	-0.545089	0
-135.42	-2.23556	0
-142.6	-1.47331	0
-136.213	-2.53079	0
-138.046	-3.73197	0
-142.612	-2.79764	0
-143.362	-2.72036	0
-143.886	-2.14943	0
-143.853	-3.2855	0
-144.655	-2.02227	0
-144.605	-3.49707	0
-143.623	-4.03266	0
-145.151	-2.63118	0
-145.158	-4.07631	0
-143.764	-4.97305	0
-142.829	-4.18952	0
-145.914	-2.71481	0
-145.895	-4.11117	0
-144.897	-4.76541	0
-142.22	-4.7228	0
-146.418	-2.09623	0
-146.373	-3.31526	0
-146.313	-4.66457	0
-146.955	-5.16663	0
-146.117	-5.45537	0
-141.718	-5.98589	0
-147.219	-2.02227	0
-147.815	-4.7358	0
-147.777	-5.79019	0
-145.633	-6.73538	0
-145.226	-5.60807	0
-147.666	-2.67902	0
-134.524	-2.01127	0
-135.562	-3.0667	0
-143.518	-5.8495	0
-149.019	-5.30626	0
-133.821	-2.64863	0
-136.458	-3.49167	0
-134.897	-4.31747	0
-144.355	-5.61188	0
-142.711	-7.14579	0
-142.635	-6.13537	0
-134.045	-3.58859	0
-132.902	-2.94442	0
-135.973	-4.46277	0
-133.878	-4.64716	0
-132.193	-3.60935	0
-132.225	-2.28713	0
-132.218	-5.24186	0
-130.735	-4.34387	0
-131.315	-1.96796	0
-130.358	-2.66587	0
-139.599	-4.56502	0
-138.142	-5.08029	0
-136.693	-5.52617	0
-134.664	-5.3364	0
-129.301	-3.17468	0
-134.135	-6.87344	0
-128.2	-3.57402	0
-133.551	-5.81289	0
-127.988	-4.73441	0
-128.273	-2.43065	0
-129.082	-6.0069	0
-127.013	-4.07001	0
-127.903	-5.91433	0
-125.935	-4.58157	0
-128.401	-7.12818	0
-126.726	-6.58677	0
-125.974	-3.27253	0
-122.641	-2.10202	0
-121.595	-2.82799	0
129.375	-0.904795	0
129.375	0	0
-130.625	0	0
-129.798	-0.895475	0
-130.938	-0.647275	0
-130.312	-0.540781	0
-129.97	-1.59621	0
-130.549	-1.99138	0
-129.375	0	0
-129.062	-0.695596	0
-128.342	-0.601231	0
-127.6	-0.749628	0
-128.125	0	0
133.125	-0.904795	0
133.125	0	0
132.389	-0.744713	0
131.875	0	0
131.562	-0.647275	0
132.606	-1.46287	0
132.001	-2.41832	0
132.062	-3.84314	0
141.875	-0.904795	0
141.875	0	0
120.625	0	0
120.312	-0.647275	0
120.938	-0.549947	0
121.875	-0.718908	0
119.375	-0.70082	0
119.877	-1.25659	0
120.213	-2.02227	0
121.044	-2.03227	0
119.778	-2.74871	0
121.485	-2.77095	0
121.438	-1.36169	0
118.618	-2.89641	0
120.2	-3.76265	0
122.695	-2.90441	0
121.036	-3.51802	0
122.007	-3.59224	0
121.791	-4.52965	0
121.518	-6.12214	0
122.563	-5.48148	0
119.786	-4.73223	0
118.57	-5.20499	0
120.388	-5.75647	0
120.486	-7.38346	0
-121.875	0	0
-122.188	-0.647275	0
-121.562	-0.549947	0
-120.625	-0.718908	0
-123.125	0	0
-123.438	-0.549947	0
-122.809	-0.556705	0
-124.062	-0.541334	0
-123.75	-1.09128	0
-124.375	0	0
-124.688	-0.541369	0
-124.071	-1.6761	0
-125.625	-0.721551	0
-124.875	-1.71368	0
-123.403	-1.70826	0
-125.013	-1.09045	0
-124.447	-2.24389	0
-125.074	-2.31224	0
-124.147	-3.33281	0
-125.642	-2.68193	0
-124.693	-2.89739	0
-126.506	-2.32112	0
-125.278	-3.27568	0
-125.629	-3.91722	0
-126.334	-3.87986	0
-126.657	-3.2784	0
-125.625	0	0
-127.407	-1.95274	0
-123.49	-4.46514	0
123.125	0	0
122.812	-0.541334	0
123.438	-0.541369	0
122.436	-1.11931	0
123.75	-1.08274	0
122.827	-1.97399	0
123.437	-1.67194	0
124.375	0	0
124.106	-1.71287	0
124.697	-0.56997	0
124.536	-2.40291	0
124.945	-1.08363	0
124.674	-1.59707	0
124.077	-0.555988	0
125.77	-2.58195	0
-116.875	0	0
-117.188	-0.541334	0
-116.562	-0.541369	0
-118.125	-0.721665	0
-116.25	-1.08274	0
-117.563	-1.1187	0
-116.563	-1.67194	0
-115.625	0	0
-118.156	-1.36307	0
-117.191	-1.62782	0
-115.894	-1.71287	0
-115.29	-0.562942	0
-118.748	-1.01265	0
-116.917	-2.21983	0
-114.989	-1.12415	0
-115.938	-0.541197	0
-119.375	0	0
-118.799	-1.73651	0
-117.526	-2.1427	0
-116.671	-3.28795	0
-114.375	0	0
-118.047	-3.03355	0
-117.308	-2.8679	0
-119.688	-0.647275	0
-119.062	-0.506967	0
-119.476	-2.02227	0
-118.698	-2.46423	0
-113.734	-0.805864	0
-114.688	-0.516757	0
-114.062	-0.409289	0
-117.539	-3.57098	0
-120.113	-1.25168	0
-120.058	-2.47412	0
-118.78	-3.21455	0
-118.271	-4.23354	0
-120.795	-2.78741	0
-119.676	-3.74886	0
-120.182	-3.20585	0
-118.125	0	0
-118.038	-5.87518	0
-115.916	-4.44237	0
-120.176	-4.63138	0
-121.365	-5.27952	0
-119.71	-6.2703	0
100.625	0	0
100.312	-0.647275	0
100.938	-0.549947	0
101.875	-0.718908	0
99.375	-0.70082	0
99.877	-1.25659	0
100.213	-2.02227	0
101.044	-2.03227	0
99.7784	-2.74871	0
101.485	-2.77095	0
101.438	-1.36169	0
98.6178	-2.89641	0
100.201	-3.52893	0
102.459	-2.78445	0
101.103	-3.59028	0
102.778	-1.93668	0
101.504	-4.42533	0
103.655	-1.80961	0
100.955	-5.22786	0
102.473	-4.50225	0
104.595	-2.36312	0
99.5664	-5.27724	0
101.363	-6.23293	0
102.95	-3.68886	0
104.013	-3.84539	0
105.406	-3.03445	0
100.29	-6.08295	0
102.269	-6.86015	0
104.485	-4.71283	0
104.086	-5.94917	0
105.693	-5.37351	0
100.202	-7.15337	0
102.255	-8.16989	0
102.961	-5.97155	0
99.0458	-8.1321	0
100.522	-8.634	0
-93.125	-0.904795	0
-93.125	0	0
-92.6107	-1.45463	0
-92.3838	-2.18235	0
-92.3808	-0.740596	0
-92.9836	-3.04846	0
-91.6341	-2.02227	0
-91.6671	-0.596796	0
-91.1193	-2.59641	0
-91.1394	-1.4548	0
-91.875	0	0
-91.341	-3.44164	0
-90.2702	-2.80303	0
-90.2797	-1.16573	0
-90.8956	-0.691754	0
-90.2932	-0.546069	0
-89.375	0	0
-90.625	0	0
-89.0272	-0.570029	0
-88.7407	-1.13722	0
-89.6875	-0.519543	0
-89.109	-1.98814	0
-88.125	0	0
-88.5616	-1.71989	0
-88.5677	-2.4	0
-88.0293	-3.32626	0
-87.7982	-2.06683	0
-87.5049	-0.795775	0
-88.4375	-0.504338	0
-86.875	0	0
-86.5625	-0.894567	0
-92.1734	-3.53234	0
-92.6841	-4.13571	0
-93.3095	-5.30698	0
-92.4927	-4.9905	0
-91.0854	-4.23898	0
-91.4178	-5.0525	0
-90.2435	-4.49126	0
-89.6908	-3.4067	0
-88.8461	-3.84874	0
-87.2841	-2.81209	0
-87.0862	-1.34605	0
-85.8939	-0.626247	0
-85.162	-0.719946	0
-85.625	0	0
-84.8733	-1.42642	0
-84.375	-0.518809	0
-85.3652	-2.02227	0
-84.0977	-1.26164	0
-86.1186	-1.88094	0
-84.8593	-2.61306	0
-83.4742	-1.91754	0
-86.388	-2.60866	0
-85.0666	-3.66343	0
-83.8306	-2.93471	0
-86.1984	-3.71506	0
-92.5972	-5.93311	0
-89.7481	-5.16845	0
-89.9434	-6.56424	0
-88.8547	-6.00504	0
-88.1234	-4.44941	0
-83.6996	-0.692631	0
-83.125	0	0
-82.8125	-0.541334	0
-82.4999	-1.08267	0
-82.8124	-1.6719	0
-81.875	0	0
-82.1442	-1.71291	0
-81.5396	-0.562977	0
-81.7142	-2.40297	0
-81.2386	-1.12422	0
-82.1875	-0.541266	0
-81.1222	-1.89532	0
-80.625	0	0
-80.9675	-2.67466	0
-80.2582	-2.10422	0
-79.9841	-0.805814	0
-80.9375	-0.516695	0
-80.6514	-3.63024	0
-79.375	0	0
-79.0625	-0.869347	0
-91.3535	-6.36862	0
-88.2887	-5.32143	0
-79.7135	-2.96725	0
-79.5582	-1.34346	0
-78.914	-1.52081	0
-78.6593	-2.22514	0
-78.8994	-3.00393	0
-77.9351	-2.02227	0
-78.2333	-3.72735	0
-77.396	-2.5516	0
-77.4137	-1.49755	0
-77.5825	-3.3048	0
-76.297	-3.07645	0
-76.5572	-1.12702	0
-77.5868	-0.756263	0
-77.5796	-4.02176	0
-78.125	0	0
-78.4375	-0.603173	0
-76.8958	-0.452418	0
-76.907	-4.77887	0
-76.8563	-3.66031	0
-92.2389	-6.90359	0
-87.3502	-5.04763	0
-78.8648	-4.46558	0
-86.4801	-4.63563	0
-79.9735	-5.44084	0
-86.5292	-5.6567	0
-78.6442	-5.83421	0
-94.1772	-2.67857	0
-81.5496	-4.3569	0
-75.6474	-5.92214	0
-93.1724	-8.36924	0
-90.9384	-8.05594	0
-80.4811	-4.59869	0
-86.2166	-7.24216	0
-77.5302	-5.71053	0
-82.5178	-3.78977	0
-82.5747	-5.02671	0
-77.9227	-7.2536	0
-103.125	-0.904795	0
-103.125	0	0
-102.611	-1.45463	0
-102.064	-2.48135	0
-102.381	-0.740596	0
-101.667	-0.596796	0
-101.875	0	0
-103.359	-3.94411	0
-101.985	-3.8565	0
-111.875	0	0
-112.188	-0.647275	0
-111.562	-0.549947	0
-110.93	-0.545641	0
-111.243	-1.07866	0
-110.297	-0.558596	0
-110.625	0	0
-111.275	-2.01769	0
-109.777	-1.24362	0
-109.602	-0.570351	0
-108.946	-1.10022	0
-112.971	-0.62648	0
-112.595	-1.24326	0
-112.289	-2.02145	0
-112.731	-3.18556	0
-110.324	-2.20097	0
-108.125	0	0
-107.298	-0.895475	0
-108.438	-0.623078	0
-107.812	-0.540781	0
-107.47	-1.59621	0
-108.063	-2.02227	0
-108.656	-1.70632	0
-108.614	-2.34179	0
-108.86	-3.13287	0
-107.463	-2.43997	0
-109.645	-2.80987	0
-108.357	-4.43049	0
-107.479	-3.26855	0
-106.726	-2.81969	0
-107.482	-4.17934	0
-106.02	-3.24774	0
-105.958	-2.25814	0
-105.739	-4.60523	0
-105.317	-3.80981	0
-106.875	0	0
-106.562	-0.695596	0
-110.278	-3.34384	0
-111.325	-4.25845	0
-110.259	-4.42194	0
-107.548	-5.60002	0
-105.043	-1.98033	0
-106.651	-4.55665	0
-104.724	-4.63414	0
-104.306	-3.41508	0
-104.087	-2.24282	0
-106.26	-5.80063	0
-103.4	-2.95523	0
-103.551	-5.25801	0
-104.375	0	0
-104.688	-0.647275	0
-104.062	-0.549947	0
-95.1409	-2.10202	0
-105.625	0	0
-105.938	-0.549947	0
-105.309	-0.556705	0
43.125	-0.904795	0
43.125	0	0
-133.125	-0.904795	0
-133.125	0	0
-132.571	-1.45463	0
-132.453	-0.700775	0
-131.875	0	0
-131.562	-0.549947	0
-99.375	-0.904795	0
-99.375	0	0
-100.047	-0.700775	0
-100.625	0	0
-99.9416	-1.47148	0
-100.938	-0.549947	0
-101.265	-1.09989	0
-101.316	-1.99204	0
-100.238	-2.3538	0
-98.8607	-1.45463	0
-98.5773	-2.2352	0
-98.6308	-0.740596	0
-99.1862	-2.8462	0
-97.7177	-2.06942	0
-97.9171	-0.596796	0
-98.125	0	0
-98.6382	-3.53275	0
-97.0798	-2.80661	0
-98.9182	-4.78552	0
-97.8337	-3.66374	0
-98.3431	-4.25636	0
-97.8234	-5.39819	0
-96.2388	-3.19582	0
-95.7829	-4.36452	0
-134.375	0	0
-134.688	-0.549947	0
-134.055	-0.554253	0
-135.015	-1.09989	0
-133.733	-1.10965	0
-135.164	-1.68689	0
-134.062	-1.61899	0
-95.625	0	0
-95.9375	-0.549947	0
-95.3049	-0.554253	0
-96.5625	-0.541334	0
-96.25	-1.09128	0
-94.9861	-1.10798	0
-96.875	0	0
-97.1876	-0.541369	0
-96.5706	-1.6761	0
-94.375	0	0
-97.5127	-1.09002	0
-96.8874	-2.21335	0
-95.9027	-1.70826	0
-97.1877	-1.61786	0
-93.8321	-0.836513	0
-94.6875	-0.532924	0
-94.0625	-0.391627	0
-93.6046	-0.436547	0
-94.2994	-0.796488	0
-93.694	-1.55095	0
-94.2451	-1.98213	0
-20.625	0	0
-20.9375	-0.541334	0
-20.3124	-0.541369	0
-21.875	-0.721665	0
-19.9999	-1.08274	0
-21.3125	-1.1187	0
-20.3125	-1.67194	0
-19.375	0	0
-21.9064	-1.36307	0
-20.9411	-1.62782	0
-19.6443	-1.71287	0
-19.0396	-0.562942	0
-22.4979	-1.01265	0
-20.6668	-2.21983	0
-18.7386	-1.12415	0
-19.6875	-0.541197	0
-23.125	0	0
-22.5494	-1.73651	0
-21.2764	-2.1427	0
-20.4212	-3.28795	0
-18.125	0	0
-21.7974	-3.03355	0
-21.0585	-2.8679	0
-23.4375	-0.647275	0
-22.8125	-0.506967	0
-23.2263	-2.02227	0
-22.4481	-2.46423	0
-17.484	-0.805864	0
-18.4375	-0.516757	0
-21.2889	-3.57098	0
-24.375	-0.70082	0
-23.7938	-1.57236	0
-23.8078	-2.47412	0
-22.5301	-3.21455	0
-17.4349	-1.53495	0
-16.875	0	0
-16.5625	-0.869224	0
-22.0206	-4.23354	0
-24.6965	-2.97013	0
-23.8218	-3.49181	0
-18.0066	-2.06516	0
-21.7877	-5.87518	0
-19.6657	-4.44237	0
-25.3263	-2.22407	0
-26.3829	-2.05085	0
-25.6257	-3.11559	0
-25.9863	-4.32916	0
-23.8633	-4.46172	0
-24.9696	-5.44525	0
-23.6464	-5.81966	0
-73.125	0	0
-73.4375	-0.647275	0
-72.8125	-0.549947	0
-74.375	0	0
-74.6875	-0.549947	0
-74.0592	-0.556705	0
-75.3125	-0.541334	0
-75	-1.09128	0
-75.625	0	0
-75.9376	-0.541369	0
-75.3206	-1.6761	0
-76.0636	-1.68242	0
-74.6527	-1.70826	0
-75.6874	-2.23898	0
-76.307	-2.25241	0
-75.3901	-3.09603	0
-76.797	-2.60037	0
3.125	-0.904795	0
3.125	0	0
-14.375	0	0
-14.6875	-0.549947	0
-14.0549	-0.554253	0
-15.4133	-0.598611	0
-15.0152	-1.09989	0
-13.5202	-1.23463	0
-15.0532	-2.03322	0
-13.3728	-0.568499	0
-12.6905	-1.06882	0
-15.625	0	0
-14.0802	-2.00846	0
-15.9662	-2.14926	0
-13.5993	-2.79336	0
-16.5959	-3.17721	0
-12.7328	-2.94306	0
-14.1003	-3.48888	0
-12.0432	-4.00489	0
-15.3438	-4.21468	0
-13.9348	-4.91913	0
-46.875	0	0
-47.1875	-0.647275	0
-46.5625	-0.549947	0
-45.625	-0.718908	0
-48.125	-0.70082	0
-47.623	-1.25659	0
-47.2869	-2.02227	0
-46.4557	-2.03227	0
-47.7208	-2.71481	0
-46.0152	-2.77095	0
-46.0623	-1.36169	0
-48.5472	-2.71481	0
-47.3261	-3.40956	0
-48.9471	-1.99652	0
-48.9317	-3.42395	0
-47.7116	-4.13006	0
-46.4635	-3.51545	0
-48.5298	-1.35264	0
-49.779	-2.02227	0
-49.7772	-3.49734	0
-48.5294	-4.13595	0
-48.8394	-0.708798	0
-50.1874	-1.3195	0
-50.1939	-2.72862	0
-49.375	0	0
-49.6875	-0.647275	0
-51.0306	-1.26313	0
-50.9944	-2.71481	0
-50.4385	-0.610779	0
-51.461	-2.02095	0
-51.4088	-3.38153	0
-52.293	-2.014	0
-52.2808	-3.53743	0
-51.0562	-4.11026	0
-52.7008	-1.29591	0
-52.7174	-2.74172	0
-50.2894	-4.11469	0
-52.2889	-0.696229	0
-53.5379	-1.27604	0
-49.9109	-4.73325	0
-51.5721	-0.642661	0
-53.9418	-1.94969	0
-53.1026	-0.578646	0
-50.1644	-5.92465	0
-49.0202	-5.17202	0
-51.875	0	0
-48.125	0	0
-44.8051	-2.90441	0
-48.2535	-5.91102	0
-45.4934	-3.5924	0
-45.7061	-4.52689	0
-46.0836	-5.34911	0
-45.0358	-5.13457	0
-47.0939	-5.59144	0
-46.2746	-6.2333	0
-43.9813	-6.11652	0
-46.0442	-7.7352	0
-43.9151	-4.98828	0
-45.5867	-6.89641	0
-44.8647	-7.83447	0
-44.7561	-6.56384	0
-43.8241	-7.28346	0
-48.1186	-6.99728	0
-43.7227	-3.87331	0
-43.711	-8.75524	0
-49.278	-8.20735	0
-47.2439	-7.82304	0
-42.5441	-4.65076	0
-33.125	-0.904795	0
-33.125	0	0
-32.6107	-1.45463	0
-32.0641	-2.48135	0
-32.3808	-0.740596	0
-31.6671	-0.596796	0
-31.875	0	0
-33.0112	-3.16985	0
-31.8988	-3.64056	0
-34.0985	-2.68774	0
-31.7711	-4.81191	0
-30.8037	-4.07532	0
-33.9856	-3.90016	0
-32.9158	-5.92227	0
-29.7005	-4.54769	0
-31.644	-6.08825	0
-29.8316	-3.32941	0
-54.375	0	0
-54.6875	-0.647275	0
-54.0625	-0.549947	0
-55.625	0	0
-55.9375	-0.549947	0
-55.3092	-0.556705	0
-44.375	0	0
-44.6875	-0.541334	0
-44.0624	-0.541369	0
-45.0636	-1.11931	0
-43.7499	-1.08274	0
-44.6728	-1.97399	0
-44.0625	-1.67194	0
-43.125	0	0
-43.3943	-1.71287	0
-42.7896	-0.562942	0
-42.9641	-2.40291	0
-42.4886	-1.12415	0
-43.4375	-0.541197	0
-42.3723	-1.89521	0
-41.875	0	0
-42.2174	-2.67466	0
-41.5083	-2.1043	0
-41.234	-0.805864	0
-42.1875	-0.516757	0
-41.8016	-3.743	0
-40.9542	-3.04908	0
-39.7253	-2.86221	0
-6.875	-0.904795	0
-6.875	0	0
-38.125	0	0
-38.4375	-0.549947	0
-37.8049	-0.554253	0
-39.1633	-0.598611	0
-37.2702	-1.23463	0
-38.7652	-1.09989	0
-37.1228	-0.568499	0
-38.8032	-2.03322	0
-36.4559	-1.0654	0
-39.375	0	0
-39.9061	-0.752817	0
-36.0703	-1.80054	0
-40.583	-0.454978	0
-40.0997	-1.47387	0
-36.251	-2.77714	0
-35.1122	-1.91761	0
-39.9256	-2.17157	0
-40.7777	-1.32803	0
-40.4088	-2.64679	0
-40.2716	-3.40367	0
-39.1474	-3.99165	0
-37.8302	-2.00846	0
-37.2485	-2.94442	0
-35.8775	-3.71709	0
-37.8881	-3.74275	0
-36.108	-5.40033	0
-34.9307	-3.79974	0
-35.4801	-4.62892	0
-34.5434	-4.6529	0
-33.6485	-4.73304	0
-37.574	-5.19006	0
-34.375	0	0
-34.6875	-0.647275	0
-34.0625	-0.549947	0
-25.625	0	0
-25.9375	-0.647275	0
-25.3125	-0.549947	0
-11.875	-0.496402	0
-11.0484	-0.895475	0
83.125	-0.904795	0
83.125	0	0
89.375	-0.904795	0
89.375	0	0
89.8893	-1.45463	0
90.4359	-2.48135	0
90.1192	-0.740596	0
90.8329	-0.596796	0
89.1407	-3.94411	0
90.5154	-3.8565	0
81.875	0	0
81.5625	-0.549947	0
82.1951	-0.554253	0
81.2348	-1.09989	0
82.5167	-1.10965	0
81.1836	-1.99204	0
82.1824	-1.99106	0
82.6424	-2.79268	0
83.5128	-2.9363	0
82.147	-3.49425	0
84.189	-3.97746	0
81.365	-3.70683	0
80.7828	-3.18327	0
81.3828	-4.70076	0
82.7413	-5.67164	0
82.4002	-4.49989	0
83.3867	-4.55392	0
84.6154	-5.41749	0
-8.125	-0.496402	0
73.125	-0.496402	0
72.2984	-0.895475	0
73.9516	-0.895475	0
71.875	0	0
71.5625	-0.695596	0
70.8421	-0.601231	0
70.625	0	0
70.1005	-0.749628	0
72.4697	-1.59621	0
72.5318	-2.32393	0
71.7918	-3.01045	0
73.1981	-2.02227	0
72.4848	-3.01536	0
72.134	-3.62007	0
73.1489	-3.7126	0
72.3329	-4.60622	0
73.7931	-2.44954	0
73.7802	-1.5963	0
73.7364	-3.21641	0
73.9343	-4.04658	0
74.5945	-2.89439	0
74.4121	-5.1105	0
75.2881	-2.25125	0
75.5882	-3.27043	0
70.8108	-2.42286	0
71.154	-5.3007	0
72.7541	-6.24271	0
75.9075	-5.72841	0
76.4274	-4.15148	0
-5.625	0	0
-5.9375	-0.647275	0
-5.3125	-0.549947	0
-4.67992	-0.545641	0
-4.9926	-1.07866	0
-4.04728	-0.558596	0
-4.375	0	0
-5.02509	-2.01769	0
-3.52671	-1.24362	0
-3.35174	-0.570351	0
-2.69565	-1.10022	0
-6.28581	-1.21451	0
-6.04662	-2.00761	0
-6.46585	-3.33441	0
-4.07372	-2.20097	0
75.625	0	0
75.3125	-0.541334	0
75.9376	-0.541369	0
74.5992	-0.592232	0
76.2501	-1.08274	0
74.993	-1.08667	0
75.9375	-1.67194	0
76.875	0	0
75.3124	-1.6254	0
76.6057	-1.71287	0
77.2104	-0.562942	0
77.0359	-2.40291	0
77.5114	-1.12415	0
76.5625	-0.541197	0
77.6277	-1.89521	0
78.125	0	0
78.3394	-1.97825	0
78.6638	-0.823276	0
77.8125	-0.516757	0
78.9517	-1.45463	0
-9.375	0	0
-9.6875	-0.549947	0
-9.05492	-0.554253	0
-10.4012	-0.591741	0
-8.7361	-1.10798	0
-10.0134	-1.09891	0
-9.06663	-1.97976	0
-9.69515	-1.70607	0
-9.65753	-2.4782	0
-9.74494	-3.29841	0
-10.4205	-2.81165	0
-9.55743	-4.6712	0
-11.1642	-3.16954	0
-8.96236	-3.89072	0
-11.2329	-3.9774	0
-11.594	-5.29054	0
-10.511	-4.60399	0
-8.04649	-2.39204	0
-8.65426	-4.74271	0
-10.142	-6.16669	0
-8.15587	-3.35439	0
-7.16623	-5.06153	0
-7.31538	-2.96253	0
-7.33455	-4.01869	0
-6.3362	-4.39255	0
-6.19123	-5.42185	0
-5.44695	-3.74658	0
-7.25653	-6.80518	0
-4.34061	-3.96871	0
-5.93995	-6.71721	0
-3.45708	-4.9565	0
-26.875	0	0
-27.1875	-0.549947	0
-26.5592	-0.556705	0
-27.8125	-0.541334	0
-27.5	-1.09128	0
-28.125	0	0
-28.4376	-0.541369	0
-27.8206	-1.6761	0
-29.375	-0.721551	0
-28.6246	-1.71368	0
-27.1527	-1.70826	0
-28.7635	-1.09045	0
-28.1969	-2.24389	0
-28.8242	-2.31224	0
-27.8971	-3.33281	0
-29.4192	-2.73037	0
-28.4431	-2.89739	0
-28.5393	-3.5781	0
-29.2332	-3.92726	0
-30.2595	-2.3149	0
-31.1625	-1.95558	0
-27.2639	-4.44894	0
63.125	-0.904795	0
63.125	0	0
0.625	0	0
0.3125	-0.549947	0
0.945078	-0.554253	0
-0.3125	-0.541334	0
0	-1.09128	0
1.2639	-1.10798	0
-0.625	0	0
-0.937559	-0.541369	0
-0.320618	-1.6761	0
0.932743	-2.0292	0
1.875	0	0
-1.66258	-0.598957	0
-1.15808	-1.73087	0
0.305015	-1.6388	0
1.4218	-1.68487	0
-1.25895	-1.08784	0
-0.703773	-2.2474	0
1.70887	-2.61207	0
-1.36382	-2.36989	0
-0.394615	-3.33408	0
2.07884	-1.98949	0
-2.1882	-2.1026	0
-0.924518	-2.89752	0
-1.03931	-3.57673	0
-2.0629	-3.92908	0
2.41795	-0.836513	0
1.5625	-0.532924	0
-1.875	0	0
2.59163	-2.71543	0
2.5027	-1.4878	0
1.85855	-3.60672	0
-2.74128	-2.86189	0
3.48148	-2.82745	0
3.99251	-3.53006	0
4.87268	-3.62806	0
5.24996	-4.4776	0
5.33324	-2.85537	0
4.64501	-5.31001	0
6.22089	-4.50214	0
6.28398	-2.85622	0
6.68923	-3.69592	0
6.80622	-2.05436	0
7.74387	-3.84557	0
7.72782	-2.12956	0
8.21162	-2.98311	0
0.248468	-4.46066	0
-1.89483	-5.15653	0
1.93908	-4.73746	0
3.33264	-5.18864	0
5.16789	-6.95746	0
8.22998	-4.70041	0
7.82924	-5.72006	0
9.23267	-5.14188	0
2.1482	-5.87073	0
6.70067	-5.77683	0
7.9669	-6.76679	0
10.4078	-6.19231	0
0.958091	-7.39736	0
8.66592	-8.04245	0
1.96225	-6.95297	0
2.17278	-8.7854	0
2.79019	-7.78615	0
3.47548	-8.89994	0
3.99605	-7.42061	0
59.375	-0.904795	0
59.375	0	0
58.125	0	0
57.8125	-0.549947	0
58.4451	-0.554253	0
57.0867	-0.598611	0
58.7667	-1.10965	0
57.4848	-1.09989	0
58.4324	-1.99106	0
57.4468	-2.03322	0
56.875	0	0
56.3569	-0.756779	0
56.1171	-1.45463	0
56.5311	-2.32032	0
58.8902	-2.94442	0
55.7297	-3.16176	0
59.9378	-2.99912	0
58.3011	-3.84324	0
54.5751	-2.68284	0
56.8716	-4.03713	0
60.5496	-4.00966	0
60.3872	-2.08824	0
58.7721	-5.58587	0
62.0017	-3.94753	0
59.849	-5.0099	0
4.375	0	0
4.0625	-0.647275	0
4.6875	-0.549947	0
5.625	-0.718908	0
3.71419	-1.21451	0
3.95338	-2.00761	0
4.78922	-2.02065	0
5.19451	-1.36169	0
51.875	0	0
51.5625	-0.541334	0
52.1876	-0.541369	0
50.625	-0.721665	0
52.5001	-1.08274	0
51.1875	-1.1187	0
52.1875	-1.67194	0
53.125	0	0
50.5936	-1.36307	0
51.5589	-1.62782	0
52.8557	-1.71287	0
53.4604	-0.562942	0
50.0021	-1.01265	0
51.8332	-2.21983	0
53.2859	-2.40291	0
53.7614	-1.12415	0
52.8125	-0.541197	0
49.3981	-0.507561	0
49.9506	-1.73651	0
51.2236	-2.1427	0
52.0788	-3.28795	0
53.8777	-1.89521	0
54.2493	-0.557081	0
50.7026	-3.03355	0
51.4415	-2.8679	0
48.5856	-0.87753	0
49.2737	-2.02227	0
50.0519	-2.46423	0
54.9138	-0.823276	0
51.2111	-3.57098	0
48.7222	-1.57459	0
48.6922	-2.47412	0
49.9699	-3.21455	0
55.0634	-1.53792	0
50.4836	-4.23202	0
48.0966	-1.33529	0
47.8914	-0.626056	0
47.4731	-1.69691	0
48.0149	-2.71481	0
48.8023	-3.18447	0
47.1726	-0.640068	0
46.8198	-2.02227	0
47.4583	-3.16481	0
48.7544	-4.1229	0
46.875	0	0
46.5625	-0.534491	0
45.625	-0.724018	0
46.2284	-1.61146	0
46.2161	-2.434	0
46.7826	-3.49734	0
47.5506	-3.91216	0
45.5605	-2.71481	0
46.1732	-3.95204	0
47.4857	-4.63294	0
44.955	-2.3017	0
44.9794	-3.1257	0
45.4922	-4.11198	0
44.972	-4.56185	0
44.8313	-3.87342	0
46.2981	-4.64036	0
46.8935	-4.89009	0
45.0374	-1.58368	0
44.2757	-2.02227	0
44.9457	-0.890361	0
44.2731	-0.545608	0
43.7072	-1.57408	0
43.6933	-2.47236	0
42.8888	-2.87034	0
50.9479	-5.03547	0
42.1805	-2.212	0
52.2854	-5.66431	0
41.2805	-2.00213	0
52.8022	-4.42222	0
8.125	0	0
7.8125	-0.647275	0
8.4375	-0.549947	0
9.375	-0.718908	0
10.625	0	0
10.3125	-0.647275	0
10.9375	-0.549947	0
11.875	-0.718908	0
9.8872	-1.25168	0
10.2126	-2.02227	0
11.044	-2.0318	0
9.77815	-2.7492	0
11.4842	-2.76994	0
11.4379	-1.36169	0
8.97079	-2.70476	0
8.55282	-1.9967	0
9.33825	-3.38485	0
8.96994	-1.36169	0
9.98139	-4.14526	0
10.068	-3.41983	0
10.7415	-3.86812	0
11.7073	-4.17316	0
12.6948	-2.90546	0
12.0642	-5.82954	0
15.625	0	0
16.4516	-0.895475	0
15.3125	-0.647275	0
15.9375	-0.540781	0
14.375	0	0
14.0625	-0.549947	0
14.6908	-0.556705	0
13.4375	-0.541334	0
13.75	-1.09128	0
13.125	0	0
12.8124	-0.541369	0
13.4294	-1.6761	0
12.4364	-1.1194	0
13.0157	-2.26306	0
14.0973	-1.70826	0
12.8084	-1.61985	0
14.5432	-2.39544	0
14.8717	-1.69412	0
13.3696	-2.84117	0
13.0994	-3.57936	0
14.054	-2.8754	0
15.7746	-2.59054	0
12.3156	-3.59159	0
13.9771	-4.52001	0
14.0312	-3.69844	0
14.903	-4.16842	0
15.5771	-3.5111	0
15.753	-4.36576	0
16.7522	-5.43794	0
21.875	0	0
21.5625	-0.549947	0
22.1951	-0.554253	0
20.9375	-0.541334	0
21.25	-1.09128	0
22.5139	-1.10798	0
20.625	0	0
20.3124	-0.541369	0
20.9294	-1.6761	0
23.125	0	0
19.375	-0.721551	0
20.1254	-1.71368	0
21.5973	-1.70826	0
19.9865	-1.09045	0
20.5531	-2.24389	0
19.9258	-2.31224	0
20.8529	-3.33281	0
19.1569	-3.04163	0
20.3069	-2.89739	0
20.2107	-3.5781	0
19.3689	-3.92841	0
23.6731	-0.835782	0
22.8125	-0.532924	0
23.8058	-1.55117	0
19.375	0	0
18.4244	-3.68547	0
19.4042	-5.07255	0
17.4262	-3.48928	0
21.4861	-4.44894	0
18.2455	-6.46927	0
16.5953	-3.04926	0
17.3877	-4.45885	0
17.6965	-5.35507	0
17.2987	-6.2434	0
18.6053	-5.54607	0
16.3753	-6.28179	0
17.5242	-7.39543	0
19.4228	-6.39644	0
15.7781	-5.50891	0
15.1769	-6.73149	0
20.6797	-5.54388	0
18.7097	-7.5747	0
16.6411	-9.15841	0
18.125	0	0
17.8125	-0.647275	0
18.4375	-0.549947	0
17.0994	-0.592472	0
17.0387	-1.30665	0
17.5874	-1.80348	0
17.4082	-2.53119	0
18.3043	-2.02227	0
18.8312	-1.50652	0
151.875	-0.496402	0
151.048	-0.895475	0
152.702	-0.895475	0
40.625	0	0
40.3125	-0.549947	0
40.9451	-0.554253	0
39.6984	-0.535158	0
41.2639	-1.10798	0
39.375	0	0
41.769	-0.547565	0
42.4179	-0.836513	0
42.556	-1.55095	0
149.375	-0.496402	0
150.164	-0.895475	0
154.375	0	0
154.062	-0.541334	0
154.688	-0.541369	0
153.349	-0.592232	0
155	-1.08274	0
153.743	-1.08667	0
154.687	-1.67194	0
155.625	0	0
154.062	-1.62594	0
155.356	-1.71287	0
155.96	-0.562942	0
154.333	-2.21996	0
155.786	-2.40291	0
156.261	-1.12415	0
155.312	-0.541197	0
153.724	-2.13854	0
154.579	-3.2884	0
156.378	-1.89521	0
156.749	-0.557081	0
153.21	-3.03247	0
153.938	-2.85667	0
156.533	-2.67466	0
157.242	-2.1043	0
157.516	-0.805864	0
153.724	-3.56566	0
157.08	-3.89196	0
152.612	-4.12343	0
153.298	-4.10484	0
152.985	-5.21512	0
153.494	-4.75948	0
153.97	-5.80375	0
154.275	-5.03386	0
155.357	-5.90854	0
155.061	-4.27125	0
157.797	-3.05548	0
152.976	-6.3491	0
158.473	-4.35952	0
159.401	-2.98021	0
152.173	-7.99594	0
136.875	-0.904795	0
136.875	0	0
144.375	0	0
144.062	-0.549947	0
144.695	-0.554253	0
143.337	-0.598611	0
143.735	-1.09989	0
145.23	-1.23463	0
143.697	-2.03322	0
145.377	-0.568499	0
146.06	-1.06882	0
142.607	-0.756779	0
142.367	-1.45463	0
142.781	-2.32032	0
144.67	-2.00846	0
141.901	-3.38785	0
145.152	-3.04463	0
144.436	-4.23373	0
146.488	-3.02475	0
135.625	0	0
135.312	-0.549947	0
135.945	-0.554253	0
134.587	-0.598611	0
134.985	-1.09989	0
136.267	-1.10965	0
134.947	-2.03322	0
135.932	-1.99106	0
134.375	0	0
133.857	-0.756779	0
133.617	-1.45463	0
134.031	-2.32032	0
136.389	-3.02225	0
133.223	-3.17992	0
135.721	-4.03919	0
137.655	-3.00147	0
134.32	-3.61339	0
134.493	-4.77886	0
133.264	-6.28772	0
134.566	-6.09281	0
130.625	0	0
130.312	-0.549947	0
130.941	-0.556705	0
129.985	-1.09994	0
130.305	-1.97357	0
129.867	-2.79195	0
131.158	-1.79047	0
128.995	-2.78868	0
130.356	-3.50004	0
128.525	-3.55124	0
130.109	-4.58599	0
131.191	-3.76072	0
127.575	-3.52553	0
128.947	-4.3066	0
131.544	-4.67331	0
128.54	-5.25987	0
132.583	-5.29013	0
127.188	-5.34701	0
128.586	-7.00045	0
61.875	-0.496402	0
115.625	0	0
115.312	-0.541334	0
115.938	-0.541369	0
114.375	-0.721665	0
116.25	-1.08274	0
114.937	-1.1187	0
115.937	-1.67194	0
116.875	0	0
114.344	-1.36307	0
115.309	-1.62782	0
116.606	-1.71287	0
117.21	-0.562942	0
113.752	-1.01265	0
115.583	-2.21983	0
117.036	-2.40291	0
117.511	-1.12415	0
116.562	-0.541197	0
113.125	0	0
113.701	-1.73651	0
114.974	-2.1427	0
115.829	-3.28795	0
117.628	-1.89521	0
118.125	0	0
114.453	-3.03355	0
115.192	-2.8679	0
112.812	-0.647275	0
113.438	-0.506967	0
113.024	-2.02227	0
113.802	-2.46423	0
117.783	-2.67466	0
118.451	-2.07088	0
118.667	-0.822749	0
117.812	-0.516757	0
114.961	-3.57098	0
111.875	-0.70082	0
112.456	-1.57236	0
112.442	-2.47412	0
113.72	-3.21455	0
118.004	-3.52382	0
118.765	-1.48234	0
114.221	-4.23663	0
111.521	-3.00922	0
112.82	-3.75378	0
117.204	-4.35674	0
114.473	-5.88959	0
110.919	-2.23242	0
110.002	-2.00486	0
110.62	-3.08578	0
109.063	-2.21933	0
110.009	-3.84776	0
109.093	-4.1029	0
110.661	-4.53305	0
110.461	-5.56762	0
111.532	-5.12674	0
116.177	-5.02348	0
109.258	-5.95307	0
110.361	-6.65016	0
112.678	-5.88459	0
112.355	-4.6087	0
111.261	-7.84933	0
64.375	-0.496402	0
69.375	0	0
69.0625	-0.549947	0
68.4375	-0.541334	0
68.75	-1.09128	0
68.125	0	0
67.8124	-0.541369	0
68.4294	-1.6761	0
66.875	-0.721551	0
67.6254	-1.71368	0
69.0973	-1.70826	0
67.4865	-1.09045	0
68.0531	-2.24389	0
69.5432	-2.39544	0
67.4258	-2.31224	0
68.3529	-3.33281	0
69.8717	-1.69412	0
66.6569	-3.04163	0
67.8069	-2.89739	0
67.7107	-3.5781	0
66.8689	-3.92841	0
65.8944	-3.69263	0
66.8511	-5.20601	0
69.0098	-4.46514	0
64.6574	-4.04276	0
106.875	0	0
106.562	-0.647275	0
107.188	-0.549947	0
108.125	-0.718908	0
105.625	-0.70082	0
106.127	-1.25659	0
106.463	-2.02227	0
107.294	-2.03227	0
106.104	-2.70573	0
107.735	-2.77095	0
107.688	-1.36169	0
106.132	-3.67141	0
107.285	-3.56712	0
107.71	-4.352	0
107.264	-5.1594	0
107.488	-6.69208	0
84.375	-0.496402	0
85.2016	-0.895475	0
88.125	0	0
87.8125	-0.647275	0
88.4375	-0.549947	0
86.875	0	0
86.5625	-0.549947	0
87.1908	-0.556705	0
85.8488	-0.591741	0
86.2366	-1.09891	0
86.5544	-1.97288	0
86.117	-2.79192	0
87.4076	-1.7908	0
85.2456	-2.78898	0
86.606	-3.50028	0
88.3398	-2.3718	0
86.4193	-4.93397	0
87.7998	-4.14203	0
93.125	-0.904795	0
93.125	0	0
92.4529	-0.700775	0
91.875	0	0
92.5584	-1.47148	0
91.5625	-0.549947	0
91.2348	-1.09989	0
91.1836	-1.99204	0
92.2624	-2.3538	0
96.875	0	0
96.5625	-0.549947	0
97.1951	-0.554253	0
95.9375	-0.541334	0
96.25	-1.09128	0
97.5139	-1.10798	0
95.625	0	0
95.3124	-0.541369	0
95.9294	-1.6761	0
97.1827	-2.0292	0
98.125	0	0
94.5874	-0.598957	0
95.0919	-1.73087	0
96.555	-1.6388	0
97.6718	-1.68487	0
94.991	-1.08784	0
95.5462	-2.2474	0
97.8788	-2.49834	0
94.8862	-2.36989	0
95.8554	-3.33408	0
98.3015	-1.95772	0
94.0618	-2.1026	0
95.3255	-2.89752	0
98.8612	-1.4537	0
95.2107	-3.57673	0
94.1871	-3.92908	0
97.8125	-0.532924	0
98.4375	-0.541331	0
94.375	0	0
93.8571	-0.756164	0
93.6178	-1.45463	0
93.5087	-2.86189	0
96.4985	-4.46066	0
94.3552	-5.15653	0
109.375	0	0
109.062	-0.549947	0
109.695	-0.554253	0
108.683	-1.12938	0
110.014	-1.10798	0
110.625	0	0
111.173	-0.835782	0
110.312	-0.532924	0
111.306	-1.55117	0
-126.875	0	0
-126.562	-0.549947	0
-126.184	-1.12879	0
-126.553	-1.66887	0
-125.591	-1.35595	0
104.375	-0.496402	0
128.125	0	0
127.812	-0.647275	0
128.438	-0.549947	0
127.464	-1.21451	0
127.703	-2.00761	0
127.286	-2.73533	0
128.539	-2.02065	0
140.625	-0.496402	0
139.375	0	0
139.062	-0.549947	0
139.695	-0.554253	0
138.438	-0.541334	0
138.75	-1.09128	0
140.014	-1.10798	0
138.125	0	0
137.812	-0.541369	0
138.429	-1.6761	0
139.683	-2.0292	0
137.486	-1.09063	0
137.961	-2.29127	0
139.055	-1.6388	0
140.172	-1.68487	0
137.812	-1.61787	0
140.459	-2.61207	0
140.829	-1.98949	0
138.364	-2.88634	0
141.335	-2.71152	0
141.36	-1.45642	0
138.118	-3.61248	0
139.064	-2.88622	0
139.002	-3.78433	0
138.449	-4.26655	0
138.081	-5.44182	0
139.322	-4.70913	0
140.752	-3.79472	0
139.797	-4.02631	0
140.242	-4.84274	0
141.157	-6.04295	0
148.125	0	0
147.812	-0.549947	0
148.445	-0.554253	0
147.087	-0.598611	0
147.485	-1.09989	0
148.764	-1.10798	0
147.492	-2.17515	0
148.438	-1.63838	0
147.805	-1.6354	0
149.033	-1.81188	0
149.501	-2.74239	0
149.823	-1.96202	0
-35.625	0	0
-35.9375	-0.549947	0
-35.3092	-0.556705	0
-30.625	0	0
-30.9375	-0.549947	0
-30.3049	-0.554253	0
-31.2652	-1.09989	0
-29.9304	-1.14065	0
-30.3098	-1.66756	0
65.625	0	0
65.3125	-0.549947	0
65.9451	-0.554253	0
64.9848	-1.09989	0
66.3196	-1.14065	0
64.9468	-2.03322	0
65.9202	-2.0079	0
64.0338	-2.14926	0
63.4085	-3.14947	0
62.291	-2.81858	0
60.625	0	0
60.3125	-0.549947	0
60.9451	-0.554253	0
59.9848	-1.09994	0
61.2639	-1.10798	0
60.9369	-1.6977	0
6.875	0	0
6.5625	-0.549947	0
7.19076	-0.556705	0
6.18295	-1.12938	0
103.125	0	0
102.812	-0.549947	0
103.445	-0.554253	0
102.433	-1.12938	0
103.764	-1.10798	0
-113.955	-2.01015	0
-114.414	-3.95743	0
-114.173	-5.18419	0
-18.1643	-3.95743	0
-17.9226	-5.18419	0
-63.1531	-6.57002	0
-60.4862	-6.6257	0
-74.7594	-4.26861	0
-55.5701	-8.68433	0
78.1525	-3.83431	0
78.2309	-5.09191	0
-162.547	-2.21451	0
35.7775	-6.46508	0
40.9624	-8.63538	0
43.3808	-8.33213	0
44.8518	-7.26727	0
30.9767	-9.39003	0
31.9658	-7.80456	0
26.2567	-7.2748	0
25.9044	-9.19906	0
26.6628	-8.34353	0
27.4557	-9.81033	0
27.8827	-8.63184	0
-146.899	-7.36302	0
-136.592	-7.08758	0
-132.233	-7.22945	0
-125.911	-5.68824	0
-124.868	-5.35709	0
-123.831	-6.12965	0
-129.945	-7.2987	0
-128.885	-9.15038	0
-125.787	-7.75672	0
123.688	-5.00542	0
-122.228	-4.32876	0
-116.748	-5.49796	0
103.678	-8.43684	0
-84.0117	-5.85264	0
-82.5727	-6.58076	0
-100.708	-4.20483	0
-103.566	-7.48845	0
-97.3937	-7.48539	0
-94.5818	-4.42202	0
-96.5975	-5.28728	0
-20.4976	-5.49796	0
-50.2456	-7.26966	0
-46.5531	-9.02184	0
-29.6422	-5.65918	0
-30.5326	-6.38902	0
-28.5862	-5.3615	0
-27.5674	-6.16605	0
-32.4548	-7.34549	0
89.9	-5.02956	0
91.7916	-4.20483	0
70.315	-4.34135	0
-6.46567	-8.74531	0
-4.18212	-7.15756	0
-0.472663	-5.8882	0
5.63714	-9.29018	0
54.4069	-3.81988	0
54.4748	-5.07115	0
60.1205	-6.81237	0
61.0077	-5.07611	0
13.1505	-5.36448	0
12.9951	-6.50279	0
13.97	-7.72341	0
19.4696	-9.43965	0
17.9328	-8.70275	0
151.387	-3.89596	0
143.132	-3.91902	0
145.125	-6.25768	0
136.649	-4.76528	0
136.547	-5.97907	0
116.174	-6.57724	0
66.2443	-6.22387	0
64.8552	-6.45824	0
66.6058	-7.5881	0
68.0181	-5.41139	0
68.8484	-6.59609	0
64.2807	-5.28044	0
97.7114	-4.30663	0
93.1421	-4.88082	0
95.3961	-6.9585	0
95.6738	-5.56918	0
138.798	-6.50177	0
-113.12	-7.00135	0
-16.8696	-7.00135	0
-62.5479	-8.1476	0
-60.0573	-8.08986	0
79.3861	-6.73084	0
35.2642	-7.92953	0
46.2463	-7.74926	0
32.9769	-8.9714	0
24.2155	-8.88736	0
29.2388	-9.78977	0
28.565	-7.67205	0
28.9961	-8.70095	0
29.9841	-9.05212	0
30.2074	-10.023	0
31.3598	-10.6396	0
29.414	-11.1901	0
30.7599	-8.39997	0
31.6678	-8.71993	0
31.9612	-9.71395	0
-148.121	-8.26185	0
-122.616	-7.00119	0
123.688	-6.57339	0
124.617	-4.34126	0
125.682	-4.72898	0
123.69	-3.71134	0
125.904	-5.8618	0
125.001	-6.64798	0
-100.096	-5.36725	0
-97.1201	-6.34124	0
-95.5045	-7.3324	0
-95.9974	-6.2414	0
-45.7915	-11.2176	0
-26.3381	-6.97555	0
89.5055	-7.21938	0
-1.57882	-6.29029	0
-2.48856	-7.90034	0
-0.551002	-7.39526	0
4.98465	-8.20788	0
55.3732	-6.55718	0
15.3103	-8.12393	0
17.7028	-10.1094	0
150.599	-4.81715	0
143.429	-5.548	0
136.108	-7.62056	0
63.0753	-7.65508	0
66.2826	-9.93658	0
62.998	-5.5828	0
98.4283	-5.19451	0
98.1191	-6.33501	0
96.7835	-6.75982	0
92.3053	-5.79621	0
138.317	-7.58892	0
137.215	-7.7641	0
138.567	-9.13951	0
136.535	-8.66417	0
135.497	-8.48005	0
134.47	-9.92373	0
135.815	-9.708	0
139.956	-6.77055	0
140.596	-7.70404	0
140.253	-9.37143	0
141.304	-8.71843	0
-112.841	-5.62634	0
-16.5912	-5.62634	0
79.3806	-5.50813	0
32.2613	-12.6412	0
29.0208	-13.5277	0
125.889	-7.46867	0
-100.426	-7.12378	0
6.22116	-8.20025	0
14.0062	-10.0449	0
149.253	-5.31705	0
150.819	-6.646	0
97.7982	-7.63799	0
91.4553	-7.58962	0
135.488	-11.9726	0
141.389	-10.0264	0
142.878	-8.62032	0
125.759	-9.14996	0
127.401	-8.1744	0
7.5395	-9.60809	0
97.9251	-9.13969	0
92.6573	-7.06114	0
136.506	-10.9636	0
143.282	-11.1501	0
92.6172	-8.60099	0
94.0409	-7.38872	0
-52.688	-8.20872	0
-158.283	-8.68569	0
-151.655	-8.66596	0
-152.186	-6.80351	0
-156.376	-10.997	0
-153.591	-11.7826	0
-144.691	-8.04447	0
119.391	-9.89289	0
101.046	-10.4245	0
-77.4292	-9.48084	0
-108.994	-5.73611	0
-13.7047	-6.74128	0
-42.0288	-7.88567	0
-49.9444	-9.81311	0
-37.1782	-7.64602	0
81.8793	-7.35953	0
76.3948	-7.16943	0
-8.88506	-7.32567	0
9.91848	-7.47667	0
11.1647	-8.20319	0
21.5235	-7.00352	0
156.782	-5.38154	0
158.664	-6.41353	0
161.08	-2.78894	0
110.111	-9.9162	0
112.688	-7.38528	0
85.8393	-6.37667	0
-164	0	0
-162.787	-4.62377	0
40.6751	-10.5126	0
43.9686	-9.94234	0
26.0073	-11.2119	0
-135.309	-8.0352	0
-137.982	-7.70332	0
-126.434	-10.1921	0
-81.729	-9.04574	0
-105.363	-7.36297	0
-32.5074	-9.85786	0
-59.283	-9.31884	0
36.8077	-8.45702	0
46.4596	-9.30766	0
34.0989	-9.99798	0
-149.573	-8.22515	0
-147.381	-9.64552	0
-122.141	-9.02852	0
-44.1982	-10.4536	0
-25.9105	-8.97954	0
15.98	-10.9647	0
18.9459	-10.7233	0
19.6759	-12.9347	0
21.2285	-10.9059	0
13.0106	-8.8994	0
148.2	-4.48601	0
146.957	-4.88767	0
146.55	-6.25318	0
149.109	-7.07316	0
143.349	-7.11921	0
97.2114	-11.558	0
137.011	-12.4909	0
138.377	-11.0006	0
143.939	-9.74799	0
93.9873	-10.7958	0
95.1166	-8.42782	0
-52.3247	-9.81368	0
-144.537	-10.7491	0
-142.99	-9.16144	0
116.995	-8.99895	0
-110.049	-7.43022	0
76.1368	-9.71149	0
78.004	-7.72483	0
113.758	-8.38105	0
85.7702	-8.49366	0
-135.16	-10.5003	0
-139.691	-7.68647	0
-138.597	-9.72221	0
-59.7797	-11.7076	0
37.1533	-10.2268	0
46.9276	-11.7413	0
33.911	-11.8278	0
-150.406	-9.42868	0
-148.34	-12.1005	0
11.4205	-10.3202	0
145.842	-7.6423	0
147.642	-7.24871	0
98.2594	-10.5528	0
135.668	-13.9393	0
138.682	-12.6514	0
145.859	-11.503	0
95.1455	-9.8949	0
-53.521	-11.9214	0
-145.927	-10.1149	0
113.823	-10.8355	0
115.282	-9.18545	0
-164.75	-1.26406	0
35.3086	-11.0467	0
-151.99	-10.6176	0
-149.794	-11.0899	0
145.834	-9.54809	0
148.579	-8.86029	0
99.3473	-12.7358	0
99.6808	-11.1048	0
140.128	-14.8598	0
93.9134	-9.18535	0
95.5094	-11.5576	0
-147.074	-11.1805	0
-167.3	0	0
35.3833	-12.8213	0
101.039	-12.2322	0
-165.634	-2.87128	0
-166.558	-4.44217	0
-164.498	-4.21516	0
-166.387	-1.41073	0
-167.899	-1.38852	0
-169.318	-2.82378	0
-70.6292	-7.52732	0
-67.0679	-9.74782	0
52.0328	-11.733	0
53.4285	-9.12565	0
-119.433	-8.24336	0
-74.3808	-7.42515	0
-94.3629	-9.73303	0
-102.401	-4.96731	0
-102.656	-6.37917	0
-101.927	-7.90551	0
-23.1292	-7.52732	0
73.0713	-8.1822	0
151.993	-11.0683	0
154.077	-9.62956	0
131.814	-7.48618	0
130.202	-7.01427	0
106.594	-8.83851	0
-55.5639	-10.6466	0
58.27	-7.49235	0
123.83	-9.5715	0
125.568	-11.5309	0
128.748	-9.11875	0
128.73	-10.8865	0
-158.262	-10.4275	0
-159.804	-7.6254	0
121.359	-9.25805	0
-12.9321	-8.46101	0
-40.8763	-6.57798	0
-48.6428	-12.2323	0
-35.7612	-6.94345	0
-35.6068	-9.03507	0
-34.1758	-7.70182	0
83.3876	-8.54397	0
-10.4765	-7.79055	0
21.1618	-8.78248	0
162.257	-4.84668	0
38.9979	-12.1739	0
42.6013	-11.8774	0
-44.0942	-12.714	0
-42.5051	-10.0203	0
15.9925	-14.1955	0
-108.509	-9.26237	0
79.7252	-8.66016	0
87.3455	-7.48543	0
-140.333	-9.34326	0
48.4528	-11.1091	0
48.452	-13.263	0
50.1771	-11.7978	0
136.623	-16.0276	0
116.302	-10.594	0
-151.888	-12.4404	0
147.533	-10.5044	0
93.5267	-13.6175	0
33.7709	-13.6231	0
36.7807	-11.8736	0
103.143	-11.6989	0
-167.135	-6.08581	0
-168.276	-4.20967	0
-72.0221	-10.1811	0
-69.6737	-9.60445	0
-65.5964	-11.3741	0
54.1438	-7.64678	0
55.9203	-8.41288	0
-117.345	-10.6478	0
-75.3173	-9.32441	0
-96.1339	-12.205	0
-93.9785	-11.812	0
-103.186	-9.42466	0
-24.2602	-8.75076	0
-24.8389	-10.6433	0
-22.1755	-9.5434	0
70.9298	-9.94561	0
149.923	-10.5262	0
132.277	-9.64718	0
-57.3991	-12.2535	0
59.9243	-9.13637	0
127.211	-11.5106	0
128.466	-12.4059	0
129.663	-14.7032	0
130.452	-10.4079	0
-159.913	-11.776	0
-12.5527	-11.605	0
-40.1072	-8.41747	0
83.5992	-11.7583	0
22.7062	-8.32426	0
22.3067	-9.8093	0
22.8139	-11.3863	0
24.4957	-12.8569	0
-41.96	-12.1574	0
80.1966	-10.4655	0
-139.961	-11.8057	0
118.26	-12.0651	0
-153.314	-13.599	0
147.667	-12.632	0
36.824	-13.4415	0
38.0756	-15.7598	0
-168.273	-8.04576	0
-165.996	-8.04528	0
-169.93	-4.3684	0
-172.193	-6.00249	0
-103.451	-12.7284	0
-27.6768	-11.2943	0
-23.0038	-11.3121	0
57.7299	-9.83957	0
131.917	-11.7316	0
-38.0702	-10.2054	0
80.0229	-13.5947	0
81.9307	-11.0255	0
-153.849	-16.6385	0
-21.6937	-14.3198	0
-20.408	-11.4495	0
131.297	-13.6021	0
82.0211	-13.0855	0
131.644	-15.8797	0
-89.4303	-9.95404	0
1.53653	-10.9099	0
-98.4591	-9.6699	0
-6.71638	-11.3379	0
-115.036	-8.60153	0
-18.7863	-8.60153	0
63.9874	-9.76797	0
158.115	-8.54494	0
160.84	-6.73792	0
26.8483	-13.2361	0
-79.6211	-9.67843	0
-123.893	-11.0674	0
9.287	-11.0159	0
111.601	-11.8549	0
142.344	-13.5478	0
-171.26	0	0
107.12	-11.0642	0
120.933	-11.3035	0
164.293	-4.06797	0
43.0483	-14.0059	0
48.0001	-16.8527	0
137.673	-19.7393	0
33.5318	-16.6273	0
-70.4108	-11.673	0
-63.7154	-12.9024	0
-76.2299	-11.3372	0
-161.96	-10.62	0
-159.214	-14.1817	0
85.3858	-10.5922	0
23.4848	-15.462	0
-42.1346	-15.858	0
-142.278	-11.4024	0
150.739	-14.3627	0
-170.846	-10.8515	0
-164.708	-10.1037	0
-170.461	-7.46103	0
57.3302	-13.6895	0
-39.3503	-12.5062	0
83.8673	-13.6789	0
85.7647	-16.3266	0
85.3522	-12.4925	0
85.6589	-14.3987	0
86.879	-11.569	0
87.7784	-15.2492	0
86.8414	-13.2307	0
89.5248	-12.4603	0
88.5025	-11.1225	0
90.2366	-10.8569	0
91.6923	-12.4628	0
89.9102	-9.03025	0
132.543	-17.9515	0
-1.89239	-12.1891	0
156.047	-8.90409	0
158.768	-11.6325	0
162.279	-8.24431	0
-81.191	-11.0811	0
10.9673	-12.5494	0
-172.34	-1.68596	0
105.391	-13.0059	0
121.868	-14.5899	0
166.937	-5.82448	0
41.2888	-16.9435	0
44.8301	-16.6366	0
-69.0202	-13.7789	0
-77.0338	-14.8238	0
-143.935	-12.8996	0
150.538	-12.4003	0
152.591	-13.1822	0
87.6454	-17.4211	0
90.6063	-14.4822	0
131.089	-21.4558	0
134.523	-20.5225	0
157.358	-10.3178	0
162.288	-11.7427	0
-80.3563	-14.1909	0
12.4014	-14.5258	0
-176.012	0	0
-144.089	-16.6475	0
-141.52	-13.9065	0
153.558	-16.7436	0
84.9499	-19.8897	0
92.8789	-16.7935	0
164.553	-9.98772	0
-173.299	-3.4889	0
90.0195	-20.2002	0
28.8191	-16.1309	0
-84.0565	-10.0073	0
-32.8045	-12.3998	0
75.5643	-13.4746	0
-134.851	-14.3786	0
-148.295	-14.552	0
99.8523	-15.9724	0
-48.6506	-15.2503	0
-109.739	-12.1177	0
68.6044	-10.8881	0
-57.7198	-15.0856	0
117.343	-15.8702	0
-29.9638	-10.1448	0
-18.5502	-14.0047	0
-87.1666	-11.4397	0
-99.54	-12.9952	0
-9.55712	-13.1631	0
110.752	-15.8727	0
113.593	-13.2658	0
139.716	-17.7097	0
35.9597	-17.0109	0
-62.8153	-15.0722	0
-64.2409	-17.6925	0
-61.019	-17.7474	0
-157.079	-15.1366	0
-156.346	-17.7851	0
-161.022	-15.7106	0
-164.468	-17.697	0
-161.279	-19.2472	0
20.9578	-15.1366	0
24.1587	-18.7746	0
-166.05	-13.2301	0
-4.39135	-12.2564	0
-71.6053	-13.9739	0
-67.5073	-15.8283	0
11.2439	-16.9817	0
-174.341	-1.77861	0
-138.381	-14.6073	0
27.4766	-18.2953	0
31.0281	-17.3988	0
-36.0341	-15.1155	0
-150.297	-16.5697	0
-146.307	-15.8305	0
-145.855	-18.0222	0
-146.459	-21.7324	0
-143.259	-19.5354	0
115.497	-14.5253	0
113.292	-15.7901	0
115.3	-16.7351	0
113.379	-18.2114	0
117.609	-19.3444	0
34.3473	-19.3417	0
38.6517	-19.1489	0
-154.17	-19.2314	0
-158.561	-19.3656	0
18.381	-15.1626	0
21.9378	-17.5015	0
-6.37796	-13.8833	0
-3.05951	-15.2818	0
-74.0209	-16.3064	0
-68.5581	-18.08	0
8.65319	-16.8312	0
12.7897	-19.1996	0
-177.308	-2.01909	0
27.0159	-21.6562	0
-32.589	-15.9343	0
110.931	-18.3156	0
115.05	-20.4328	0
-151.637	-18.7686	0
-160.11	-23.6652	0
16.4019	-16.6174	0
21.8988	-20.1433	0
-71.7608	-18.9145	0
-69.3923	-21.2828	0
6.78185	-18.5851	0
13.9905	-23.579	0
-181.714	0	0
106.924	-17.3822	0
113.554	-24.8501	0
117.283	-22.1297	0
-149.578	-20.8236	0
-156.198	-22.7106	0
15.302	-18.8964	0
6.83029	-22.8928	0
19.6115	-23.9465	0
-178.455	-4.18112	0
108.313	-21.4892	0
121.607	-22.0891	0
14.2984	-21.1403	0
-177.056	-7.15	0
12.2503	-22.1206	0
9.67069	-23.4218	0
11.7968	-24.429	0
9.11849	-27.3347	0
13.9852	-26.821	0
16.8702	-22.7038	0
127.306	-16.7786	0
-27.2333	-14.7895	0
79.8077	-16.9576	0
144.574	-15.0239	0
145.622	-19.3925	0
146.142	-16.9577	0
149.787	-19.0088	0
148.638	-16.7872	0
151.099	-16.922	0
152.505	-19.2621	0
150.84	-22.4178	0
155.88	-19.194	0
53.9271	-14.7537	0
46.2272	-19.5011	0
136.94	-23.5169	0
157.168	-15.2128	0
96.5351	-17.8223	0
-51.7747	-16.9828	0
-45.6866	-18.7067	0
-112.5	-13.6178	0
-106.723	-13.7327	0
-15.6633	-13.0301	0
-140.372	-23.6755	0
36.5851	-21.1567	0
-1.37096	-18.3259	0
-75.0559	-19.7663	0
-70.3114	-24.3185	0
-66.5725	-22.7349	0
-179.705	-2.13231	0
104.241	-15.8656	0
-150.403	-25.6395	0
-177.652	-12.6309	0
17.1413	-26.0551	0
11.964	-30.9824	0
124.412	-16.12	0
127.844	-20.2121	0
142.347	-19.681	0
45.777	-24.1382	0
49.8768	-20.0265	0
-54.9664	-16.7209	0
-113.255	-17.953	0
-16.3385	-15.7931	0
36.8014	-25.9916	0
40.1265	-22.7344	0
-73.4955	-25.3367	0
-70.2488	-27.6608	0
-64.0873	-25.1443	0
-183.27	-2.42375	0
103.794	-19.7873	0
19.4827	-28.4409	0
125.313	-18.8499	0
144.242	-22.4594	0
-57.8019	-18.3594	0
-14.0363	-19.9794	0
-75.7607	-22.9675	0
-76.8691	-27.0716	0
-70.6782	-31.8058	0
-66.7118	-29.8642	0
-188.558	0	0
19.0197	-34.0368	0
140.581	-22.9208	0
-184.647	-5.01854	0
20.9485	-31.3793	0
144.171	-28.1082	0
-182.907	-9.63597	0
24.0688	-35.6728	0
24.6682	-31.9566	0
-23.55	-17.5997	0
170.426	-7.04458	0
129.328	-24.973	0
72.9631	-16.0496	0
-135.576	-19.1723	0
25.7123	-24.6345	0
22.5703	-25.1032	0
26.1813	-28.0288	0
30.0619	-22.7923	0
32.515	-25.6404	0
78.4099	-21.3982	0
154.252	-22.2012	0
56.6805	-17.5851	0
159.948	-18.3114	0
160.439	-14.5265	0
93.8139	-20.4816	0
-49.3125	-19.8996	0
-106.667	-17.7665	0
-4.69525	-19.3451	0
1.14696	-20.6932	0
48.6707	-22.9237	0
48.6316	-26.8849	0
51.6972	-17.2328	0
53.1643	-20.1787	0
57.0442	-23.7563	0
-58.4075	-26.387	0
104.474	-24.832	0
-76.582	-30.9341	0
-81.2878	-23.8441	0
-186.147	-2.55923	0
139.466	-27.5283	0
150.877	-28.411	0
-23.3354	-21.5259	0
168.046	-9.62685	0
173.716	-8.04543	0
126.281	-28.278	0
69.083	-15.4529	0
73.5702	-20.1133	0
30.0484	-29.8425	0
91.4654	-26.4255	0
-50.7806	-24.2108	0
-9.32182	-20.3092	0
1.07887	-26.3023	0
49.2628	-32.2654	0
-80.7392	-34.8059	0
-190.424	-2.90837	0
135.927	-26.9563	0
156.48	-27.4346	0
152.742	-25.4028	0
-27.9172	-25.611	0
-19.3656	-21.1418	0
168.763	-13.4599	0
64.8933	-17.9575	0
-6.23451	-23.5415	0
-196.769	0	0
131.71	-29.0149	0
-17.1028	-24.4239	0
167.565	-18.452	0
173.305	-15.0224	0
-192.077	-6.02202	0
136.779	-32.9183	0
-18.5757	-30.9563	0
-190.093	-9.75762	0
-156.768	-28.8679	0
122.134	-26.2361	0
-112.33	-22.7513	0
41.0815	-27.0352	0
-71.425	-36.9453	0
-63.301	-32.3122	0
34.3793	-29.2197	0
162.822	-22.3667	0
-103.293	-21.3262	0
126.753	-32.5198	0
71.0479	-23.5796	0
-47.1126	-26.7614	0
-193.876	-3.07097	0
141.325	-31.82	0
-194.275	-10.3975	0
-187.029	-13.2217	0
118.875	-28.9865	0
41.5846	-31.4961	0
-62.4999	-39.3187	0
-61.3226	-28.9628	0
33.1427	-33.1536	0
123.306	-35.7279	0
130.984	-33.2466	0
65.5537	-23.4144	0
71.3881	-30.2632	0
-46.9283	-32.1421	0
-41.8474	-27.8855	0
-199.008	-3.49	0
140.323	-37.6302	0
147.29	-33.4459	0
-198.79	-11.0731	0
-188.79	-18.6589	0
119.215	-33.0075	0
40.1321	-36.967	0
-61.0802	-35.6074	0
-56.8277	-39.3614	0
-57.2248	-35.5257	0
-53.8482	-37.1145	0
-54.5307	-31.8123	0
-49.7315	-35.5423	0
32.4978	-40.05	0
124.865	-40.4	0
133.769	-38.4027	0
-206.623	0	0
-196.078	-14.7543	0
-203.341	-11.5693	0
115.615	-36.6667	0
36.0215	-36.1891	0
-44.1798	-39.7838	0
-201.062	-7.40601	0
-197.55	-22.2919	0
-193.01	-17.7813	0
-210.103	-15.2342	0
37.2658	-40.8632	0
-45.6958	-36.0139	0
-191.848	-22.7774	0
-205.364	-15.9072	0
-31.4418	-20.5891	0
-165.74	-30.3503	0
-149.915	-33.8322	0
12.9658	-38.3445	0
53.7682	-28.0608	0
98.4052	-28.714	0
109.011	-26.167	0
-86.4317	-26.3278	0
87.2347	-24.1275	0
0.404148	-31.4616	0
50.9235	-38.0924	0
171.849	-20.9559	0
178.263	-14.1323	0
-116.159	-25.0947	0
-120.706	-23.4222	0
-119.733	-27.8652	0
-122.697	-32.7059	0
-111.704	-27.197	0
-109.861	-34.5096	0
-107.311	-29.9785	0
-69.5838	-45.4722	0
164.153	-27.2442	0
-101.192	-25.8153	0
66.5755	-20.5223	0
63.216	-20.8917	0
68.3228	-22.7663	0
67.9246	-27.3042	0
60.4176	-22.9435	0
59.9098	-28.243	0
-37.0066	-30.4133	0
-39.35	-23.4302	0
26.3175	-41.6469	0
121.33	-44.2526	0
129.725	-41.2217	0
-203.262	-3.75591	0
41.811	-44.5947	0
-184.215	-25.25	0
-208.527	-21.1588	0
-202.356	-20.2005	0
50.7675	-29.3616	0
87.0107	-29.5833	0
-1.82087	-39.9137	0
173.308	-27.9722	0
184.727	-19.5931	0
-104.785	-34.3826	0
-96.0102	-27.8012	0
63.5638	-26.8013	0
56.7766	-30.2548	0
60.5109	-35.2719	0
59.9672	-31.7782	0
-35.3072	-38.4137	0
-34.1442	-25.568	0
132.635	-46.9512	0
-209.31	-4.18792	0
-203.307	-28.9543	0
81.1226	-32.7054	0
4.90727	-37.166	0
168.288	-33.1691	0
175.983	-23.7563	0
-100.025	-36.3282	0
-96.0763	-32.9207	0
-91.7238	-24.6769	0
-218.447	0	0
178.15	-28.0879	0
180.288	-21.5332	0
-99.137	-41.788	0
-91.5807	-34.6949	0
-211.69	-8.67139	0
186.068	-29.9537	0
-105.437	-48.6181	0
-94.1504	-42.9863	0
-86.752	-32.9618	0
184.403	-24.9021	0
-89.2998	-41.3453	0
-97.8441	-47.3827	0
192.142	-25.1516	0
-82.2912	-45.3437	0
-138.342	-33.121	0
154.616	-33.3055	0
-25.0841	-31.4951	0
-11.9076	-35.4833	0
68.3773	-37.8725	0
144.049	-42.9145	0
-54.3181	-44.7683	0
-129.114	-35.739	0
-117.234	-35.3801	0
20.4919	-48.4806	0
41.1579	-54.451	0
50.1461	-46.6394	0
-211.257	-28.6329	0
78.3242	-28.5933	0
76.4459	-32.8797	0
72.3737	-35.3148	0
72.5536	-39.9969	0
68.3779	-33.4725	0
68.2036	-43.3813	0
78.4644	-45.1934	0
64.7417	-35.672	0
62.1325	-40.6939	0
70.3448	-52.3879	0
73.1612	-45.2656	0
75.884	-50.4603	0
87.1791	-37.0144	0
-214.281	-4.422	0
-29.1143	-36.5521	0
140.762	-48.4125	0
150.077	-42.6406	0
-55.3101	-54.7317	0
-47.733	-45.3595	0
-115.085	-45.3403	0
56.5221	-39.4183	0
75.0714	-57.0476	0
84.182	-51.2602	0
-221.672	-5.0255	0
144.418	-53.8089	0
154.331	-47.6805	0
-40.2824	-46.1874	0
58.3099	-44.5307	0
58.3464	-53.2337	0
74.9317	-68.1472	0
-232.637	0	0
141.604	-62.4412	0
151.555	-54.2716	0
160.275	-44.1349	0
-224.528	-10.4059	0
-221.078	-17.2532	0
-177.61	-19.3203	0
45.1274	-34.8385	0
101.552	-35.4192	0
194.247	-34.0553	0
-207.693	-38.958	0
94.2381	-45.9377	0
-36.542	-54.6754	0
-227.638	-5.30665	0
163.353	-37.9738	0
-224.572	-29.6494	0
107.479	-38.9901	0
-236.506	-6.03086	0
101.086	-42.8972	0
-249.663	0	0
101.967	-54.1126	0
-239.934	-12.4872	0
-235.603	-23.9765	0
-168.787	-44.2392	0
-152.243	-47.4201	0
-183.741	-38.7188	0
-8.11565	-49.5719	0
185.279	-39.0978	0
-108.552	-63.9114	0
-85.3749	-53.0282	0
28.961	-51.3789	0
11.2563	-54.8887	0
-65.3369	-54.5569	0
57.6647	-61.3397	0
130.009	-62.6367	0
143.705	-76.9744	0
158.54	-59.9016	0
-27.8892	-53.4352	0
-39.106	-62.9142	0
-243.666	-6.3679	0
92.1378	-58.5257	0
-13.9207	-43.5797	0
180.011	-46.3584	0
-91.2999	-59.1208	0
-76.0075	-52.3262	0
32.6748	-62.3823	0
47.5996	-70.5805	0
60.8869	-74.618	0
161.092	-74.7534	0
168.906	-57.0661	0
-23.8832	-45.4499	0
-50.8016	-69.8027	0
-33.0651	-75.4159	0
-254.307	-7.23666	0
-15.6491	-51.0622	0
183.057	-57.5875	0
-99.8828	-61.6707	0
-90.1028	-73.3458	0
-270.096	0	0
-102.179	-70.6757	0
-258.42	-14.9842	0
-113.169	-74.6455	0
-253.485	-24.2791	0
-143.611	-41.9043	0
-124.356	-47.794	0
-196.692	-37.8177	0
-220.135	-41.5622	0
112.908	-59.1602	0
-174.266	-35.5539	0
-113	-55.0415	0
0.0652007	-58.4326	0
14.6505	-65.6822	0
87.379	-70.2111	0
-262.898	-7.64134	0
-263.89	-25.8711	0
-245.859	-32.8984	0
-140.587	-56.1487	0
-275.669	-8.6843	0
-275.124	-27.5543	0
-131.634	-53.5995	0
-132.543	-67.4033	0
-294.616	0	0
-268.115	-36.0032	0
-280.605	-17.9817	0
-259.748	-51.7361	0
-285.977	-27.4133	0
-298.107	-34.3973	0
191.875	-74.2278	0
198.106	-59.6084	0
-115.373	-91.8382	0
-190.915	-48.3078	0
-223.029	-55.2128	0
114.64	-73.7907	0
-7.36326	-67.3025	0
13.1084	-78.1668	0
-285.979	-9.16997	0
-272.011	-48.1669	0
-249.045	-45.0885	0
-192.454	-66.9003	0
-20.2705	-71.1806	0
-4.16094	-81.2469	0
23.1831	-91.5202	0
-301.303	-10.4213	0
-286.382	-50.9792	0
-269.333	-61.8161	0
-247.633	-59.3018	0
-324.039	0	0
-307.226	-21.5779	0
-166.112	-59.0559	0
136.382	-90.4283	0
37.836	-79.98	0
64.187	-88.3143	0
-62.0888	-82.1945	0
-32.0852	-90.5591	0
98.9881	-80.3138	0
212.843	-53.2849	0
-212.449	-71.0286	0
119.042	-87.902	0
-7.4658	-96.4247	0
-298.909	-58.8537	0
-273.554	-80.9548	0
-243.81	-73.1615	0
-313.675	-11.0038	0
-311.05	-33.9511	0
-323.206	-46.0265	0
-177.95	-67.4525	0
145.485	-101.474	0
39.6993	-97.4185	0
73.9332	-100.845	0
-45.4507	-97.696	0
90.9164	-92.7365	0
117.565	-102.152	0
-2.94622	-122.122	0
-298.81	-74.8643	0
-255.527	-89.099	0
-227.005	-90.5048	0
-314.548	-59.0514	0
-185.665	-79.3488	0
-164.296	-74.1602	0
141.987	-116.832	0
154.425	-88.7773	0
53.6836	-97.5478	0
69.8557	-115.432	0
-47.471	-112.445	0
97.1052	-105.532	0
122.327	-114.777	0
-185.539	-99.5727	0
-148.637	-82.0558	0
174.616	-89.7799	0
46.5216	-115.853	0
78.671	-129.941	0
-64.0024	-124.611	0
-35.9208	-121.752	0
96.5475	-119.043	0
120.53	-127.267	0
109.338	-132.729	0
124.646	-139.021	0
101.331	-142.13	0
127.808	-159.699	0
137.342	-141.962	0
97.621	-130.86	0
97.1929	-162.455	0
148.682	-136.691	0
105.406	-153.543	0
167.404	-143.686	0
113.211	-168.977	0
116.879	-155.63	0
-19.3876	-117.841	0
-49.5843	-126.888	0
206.037	-89.5596	0
-129.793	-103.987	0
-95.5272	-100.262	0
228.198	-64.2141	0
-332.063	-12.5051	0
-359.346	0	0
-339.171	-25.8931	0
-306.23	-98.3531	0
-327.895	-66.9402	0
-351.975	-76.8544	0
-332.836	-89.1392	0
24.6574	-113.465	0
68.2557	-148.707	0
135.388	-187.744	0
-148.333	-107.333	0
-117.78	-118.331	0
223.249	-82.2481	0
246.034	-55.2074	0
-346.909	-13.2044	0
-169.031	-128.689	0
-121.533	-149.534	0
-111.13	-134.958	0
-92.9576	-158.927	0
-92.2898	-139.547	0
-208.8	-106.599	0
40.9422	-138.309	0
77.6202	-175.062	0
-80.8554	-113.848	0
166.755	-176.877	0
117.271	-186.666	0
102.609	-213.395	0
125.072	-208.331	0
239.135	-94.76	0
-368.976	-15.0063	0
-401.716	0	0
-377.505	-31.0717	0
-367.401	-48.1128	0
239	-116.69	0
268.901	-91.1679	0
-386.791	-15.8452	0
-386.656	-48.0135	0
238.422	-140.588	0
-405.107	-55.7214	0
-426.822	-41.8393	0
-394.667	-72.7566	0
-404.012	-96.6312	0
-378.19	-89.1696	0
-5.92455	-146.398	0
-43.2542	-148.861	0
-293.616	-118.813	0
-221.965	-126.044	0
34.0266	-161.184	0
80.7638	-200.324	0
121.961	-246.884	0
-413.271	-18.0074	0
-452.559	0	0
221.308	-160.945	0
266.694	-161.118	0
-438.566	-63.52	0
-390.846	-137.635	0
-60.6271	-183.116	0
-303.771	-151.416	0
-264.304	-131.609	0
-216.091	-165.047	0
9.15467	-167.02	0
78.8436	-228.326	0
-436.802	-20.3959	0
197.661	-180.577	0
-380.888	-114.35	0
-242.666	-132.387	0
-254.196	-151.762	0
-226.946	-146.738	0
-244.282	-184.618	0
-207.236	-147.424	0
-236.973	-165.056	0
-183.403	-170.436	0
-184.237	-147.453	0
-20.3839	-172.795	0
28.3994	-193.12	0
-351.699	-140.604	0
-153.195	-157.833	0
92.4121	-256.169	0
-466.425	-21.6092	0
-513.571	0	0
-479.879	-45.4957	0
205.075	-220.971	0
-1.14955	-192.748	0
46.25	-221.285	0
68.427	-302.336	0
116.742	-281.936	0
13.2533	-222.459	0
-307.556	-203.048	0
-153.948	-198.532	0
-492.141	-22.8574	0
-523.184	-30.4868	0
-551.467	-52.2314	0
156.835	-269.991	0
103.328	-317.58	0
30.6971	-248.456	0
44.1662	-279.175	0
-19.7132	-263.43	0
-274.649	-198.195	0
-586.785	0	0
-564.407	-87.836	0
30.6279	-317.642	0
11.2414	-275.299	0
-286.826	-229.621	0
-243	-228.233	0
-622.188	-106.663	0
-527.452	-99.0981	0
-22.2023	-316.22	0
-263.519	-272.938	0
-66.8445	-232.903	0
244.175	-222.258	0
192.751	-308.226	0
134.25	-363.178	0
-520.748	-135.601	0
-555.772	-187.171	0
-510.706	-180.099	0
-490.842	-89.2133	0
3.33139	-349.68	0
-214.943	-268.172	0
-115.996	-229.907	0
287.479	-251.236	0
14.3101	-419.521	0
-353.667	-227.448	0
-315.045	-336.086	0
270.115	-350.404	0
-234.259	-321.24	0
-159.702	-244.133	0
-400.667	-213.233	0
-353.892	-277.58	0
300.892	-304.689	0
-455.549	-223.37	0
-381.225	-337.878	0
-690.796	-163.76	0
86.949	-391.778	0
195.407	-389.379	0
-179.562	-311.1	0
-263.036	-383.68	0
338.279	-363.075	0
-461.16	-280.462	0
75.4276	-470.578	0
-128.541	-357.489	0
351.449	-313.478	0
391.6	-350.687	0
398.208	-274.204	0
-539.82	-336.12	0
480.139	-375.499	0
423.954	-221.007	0
480.741	-215.866	0
549.058	-274.859	0
-246.302	-484.18	0
322.638	-440.143	0
-113.656	-472.357	0
-214.042	-427.165	0
-179.434	-484.381	0
91.9891	-548.674	0
-590.656	-266.236	0
277.336	-523.706	0
396.14	-500.412	0
26.0969	-665.465	0
151.997	-496.225	0
-662.474	-371.912	0
105.389	-633.218	0
100.353	-734.443	0
208.421	-679.841	0
-413.293	-422.372	0
-454.939	-528.039	0
-363.398	-503.078	0
507.488	-614.837	0
497.767	-478.053	0
139.699	-860.349	0
266.306	-612.114	0
305.002	-703.787	0
-290.837	-580.457	0
620.819	-538.045	0
407.941	-835.465	0
-222.519	-688.739	0
-587.708	-528.164	0
-521.233	-625.009	0
-468.198	-775.691	0
20.5913	-946.503	0
643.407	-693.404	0
702.775	-436.75	0
283.593	-953.255	0
-107.455	-760.775	0
-723.644	-506.345	0
-340.901	-744.808	0
43.0496	-1080.97	0
769.186	-574.285	0
766.95	-330.028	0
886.995	-328.292	0
1032.04	-468.401	0
1005.98	-350.246	0
1085.69	-256.738	0
-117.35	-904.216	0
-909.24	-644.307	0
-368.943	-907.019	0
-80.2866	-1273.92	0
164.081	-1018.54	0
-242.06	-1003.17	0
38.6622	-1214.06	0
281.879	-1092.15	0
75.1755	-1434.73	0
469.52	-1025	0
319.962	-1322.33	0
159.674	-1307.39	0
-630.468	-791.163	0
865.237	-801.671	0
915.147	-557.425	0
1054.68	-619.38	0
-432.244	-1122.34	0
-203.349	-1163.75	0
227.758	-1444.28	0
-784.218	-745.003	0
1292.46	-592.307	0
-254.573	-1344.78	0
136.16	-1684.18	0
446.747	-1514.02	0
-929.949	-797.979	0
1164.44	-525.734	0
1290.42	-439.866	0
-1012.83	-1044.9	0
1424.04	-514.313	0
1336	-287.67	0
-769.425	-996.732	0
1628.15	-425.586	0
1487.5	-345.14	0
-438.227	-1601.96	0
-1131.7	-562.12	0
735.089	-1101.75	0
1337.87	-813.046	0
791.499	-1576.03	0
1754.89	-612.382	0
-1347.82	-488.48	0
571.084	-1294.01	0
1171.3	-1011.42	0
1552.46	-840.164	0
-1560.24	-394.829	0
-1313.64	-725.045	0
1709.38	-1078.72	0
-1729.05	-533.456	0
-1507.58	-860.533	0
-1258.75	-955.165	0
-1897.61	-668.093	0
-1682.86	-1023.95	0
-1216.73	-1221.85	0
-2208.06	-910.567	0
-1701.22	-757.186	0
-1930.52	-1160.3	0
-1642.79	-1316.19	0
1292	-1330.75	0
2206.81	-1536	0
-2208.06	-1821.13	0
1982.84	-1280.44	0
-1892.39	-1605.64	0
229.601	-2198.31	0
-180.692	-1850.26	0
809.25	-1981.02	0
1445.69	-1687.23	0
1882.33	-1594.45	0
-596.691	-2024.03	0
-1769.48	-2124.66	0
994.829	-2373.23	0
1705.65	-2122.06	0
-971.104	-1823.84	0
-1352.61	-2021.18	0
-1438.65	-2566.01	0
-613.497	-2448.26	0
-978.771	-2681.21	0
-569.542	-2879.26	0
988.305	-2857.26	0
2206.81	-2750.09	0
-438.89	-3486.98	0
-146.531	-3078.97	0
560.587	-3016.89	0
1197.03	-3373.59	0
200.938	-2752.92	0
714.085	-3488.51	0
349.501	-3828.57	0
469.358	-4297.84	0
916.783	-4428.96	0
-1626.56	-3244.83	0
-1557.25	-3970.36	0
CELLS 8996	35984
3 314	1441	315	
3 1451	4763	1445	
3 869	1679	27	
3 4642	1375	4626	
3 1380	1391	1400	
3 1671	1673	1676	
3 1462	104	1460	
3 1347	4597	1359	
3 1466	1465	338	
3 4486	4443	1306	
3 4493	4457	1293	
3 1468	257	1467	
3 1347	1359	1341	
3 1752	1757	1466	
3 1260	4334	4418	
3 1462	1463	104	
3 2085	2092	684	
3 1209	4267	4373	
3 1905	1906	687	
3 3961	3960	3932	
3 3931	3849	1043	
3 2074	1469	347	
3 4264	4259	1224	
3 1482	1488	383	
3 1868	437	1877	
3 1657	1659	799	
3 1700	1701	1704	
3 1908	1911	687	
3 670	1915	1919	
3 2040	1964	2039	
3 1639	1645	762	
3 1664	673	1654	
3 3673	921	3636	
3 1633	713	1634	
3 673	1675	1656	
3 256	1474	1473	
3 2410	2417	688	
3 765	1659	1657	
3 2480	466	2479	
3 1650	1654	715	
3 3788	1039	3731	
3 2399	1476	365	
3 362	1629	1632	
3 1827	1834	1823	
3 2577	2572	2574	
3 3707	3706	25	
3 327	2507	2511	
3 3434	3687	870	
3 3705	3702	3687	
3 1534	1538	1530	
3 3807	3857	3806	
3 1543	1542	675	
3 3848	3856	1041	
3 1548	1551	675	
3 1479	468	1480	
3 1496	1494	1495	
3 2158	2159	2168	
3 1673	1671	364	
3 30	1610	31	
3 2212	473	2210	
3 1668	1667	364	
3 100	1501	1517	
3 2717	1612	219	
3 32	1620	1621	
3 2900	1623	200	
3 34	33	1624	
3 442	1700	1699	
3 1714	403	1711	
3 363	1624	1620	
3 2890	493	2880	
3 1610	1648	31	
3 2666	2668	2665	
3 3666	1005	3911	
3 379	1549	1552	
3 1704	1702	36	
3 1641	361	1642	
3 1794	1799	1755	
3 1706	37	1703	
3 709	1754	1753	
3 39	38	1705	
3 360	1705	1706	
3 185	1708	1709	
3 1745	1747	668	
3 40	1810	41	
3 1814	497	1815	
3 1865	1868	1889	
3 437	1865	1864	
3 177	1830	1841	
3 42	41	1812	
3 1739	336	1732	
3 1812	41	1810	
3 337	1745	1739	
3 163	2948	164	
3 1888	1895	46	
3 1144	289	1124	
3 1897	1899	47	
3 1899	356	2360	
3 415	3127	3129	
3 1895	1888	1896	
3 656	3387	3386	
3 905	3138	3135	
3 1975	1973	52	
3 3147	343	3149	
3 2024	2030	520	
3 53	1978	1979	
3 259	1970	1971	
3 1975	52	1972	
3 1985	1984	262	
3 51	2332	1974	
3 269	1991	1992	
3 45	1889	1873	
3 2990	502	2986	
3 344	3345	1970	
3 59	2019	60	
3 252	1994	1993	
3 58	2017	2016	
3 59	2018	2019	
3 422	3207	3203	
3 520	2017	2022	
3 2046	512	2047	
3 2061	518	2062	
3 2072	2063	2084	
3 1935	355	2363	
3 63	2075	2067	
3 2080	64	2088	
3 54	1982	1981	
3 2071	2074	2088	
3 61	2076	2084	
3 2084	2063	61	
3 236	2105	2104	
3 2381	2141	81	
3 67	2269	2271	
3 73	2260	2261	
3 66	2280	2270	
3 433	350	2260	
3 1469	1470	3423	
3 2270	2269	66	
3 2277	436	2284	
3 352	2282	2276	
3 2288	70	2285	
3 1875	1878	443	
3 2319	2318	72	
3 2369	2321	430	
3 1891	443	1874	
3 2319	2324	527	
3 2271	2272	67	
3 2279	69	2278	
3 2278	2274	2277	
3 65	2087	2280	
3 2303	596	2300	
3 53	1979	1980	
3 344	3342	3343	
3 2264	2260	2262	
3 190	2325	2326	
3 1973	1978	52	
3 2264	2265	2266	
3 49	2327	2328	
3 76	2335	2334	
3 2265	432	2339	
3 2148	428	2146	
3 2359	2358	441	
3 2365	524	2366	
3 1636	1684	442	
3 1595	386	1596	
3 2140	2142	2144	
3 1653	534	1646	
3 2373	80	2379	
3 1682	34	1625	
3 2140	2378	2383	
3 1897	1898	356	
3 1688	322	357	
3 2161	2159	592	
3 1919	1925	670	
3 2209	2212	2207	
3 2169	2170	87	
3 39	1705	1707	
3 85	2168	2162	
3 1811	39	1707	
3 1637	1642	671	
3 2206	90	2211	
3 36	1698	1700	
3 92	2216	2219	
3 2435	2436	2437	
3 1630	1627	1628	
3 2213	91	2217	
3 671	1638	1637	
3 2170	2182	87	
3 1648	1610	1649	
3 2147	2150	2144	
3 1865	45	1863	
3 1671	316	1672	
3 331	1525	386	
3 2386	535	2387	
3 97	2436	2435	
3 99	1525	1516	
3 138	2401	2409	
3 470	2436	2440	
3 1664	1668	673	
3 2546	461	3395	
3 1490	1517	385	
3 158	2452	2453	
3 1480	1482	1500	
3 1834	338	1828	
3 369	2459	2464	
3 104	1463	1464	
3 607	2740	2737	
3 1460	1461	1462	
3 848	2602	2610	
3 1477	325	2425	
3 1536	1540	1544	
3 370	2465	2460	
3 1561	1557	1560	
3 1557	1556	1562	
3 2456	2455	458	
3 1539	1545	1540	
3 2461	2456	2459	
3 118	2474	2473	
3 1571	1575	1576	
3 129	2541	2542	
3 2560	113	2558	
3 375	2514	2511	
3 371	2575	2577	
3 2563	464	2559	
3 2580	2579	2584	
3 328	1556	1552	
3 2565	546	2566	
3 382	1524	1535	
3 150	2586	2587	
3 2219	2220	93	
3 34	1624	1625	
3 374	2604	2595	
3 2513	2518	2510	
3 1571	1570	110	
3 2497	2498	2494	
3 2474	118	2477	
3 1579	1588	464	
3 467	2486	2490	
3 2590	2589	463	
3 2574	2579	2577	
3 2573	2575	2582	
3 378	2502	2499	
3 2578	122	2582	
3 2600	123	2581	
3 378	2504	2502	
3 2576	2571	121	
3 2514	1588	1591	
3 2473	2475	119	
3 327	2511	2514	
3 329	1539	1535	
3 463	2589	2593	
3 1524	1530	1535	
3 372	2541	462	
3 2619	2620	2621	
3 2558	2559	2560	
3 2591	2593	2589	
3 1543	329	1538	
3 1567	381	1564	
3 448	2429	2428	
3 1515	1524	1531	
3 2545	2546	2547	
3 366	2415	448	
3 101	1481	1479	
3 2543	2545	2541	
3 1531	1536	1463	
3 2621	2541	129	
3 1559	328	1555	
3 374	2591	2598	
3 2499	377	2495	
3 1595	1532	331	
3 135	2623	2622	
3 1518	678	1519	
3 2409	2388	138	
3 2397	2409	447	
3 1503	1486	384	
3 2415	2408	137	
3 1484	1488	1482	
3 2235	2237	2238	
3 140	2400	2392	
3 2208	2210	2217	
3 2412	2420	142	
3 2420	2421	143	
3 3311	3321	708	
3 141	2413	2405	
3 2143	2146	429	
3 2396	2399	2413	
3 2441	553	2442	
3 2644	745	2645	
3 2458	2455	2457	
3 2113	475	2111	
3 2461	2462	146	
3 2626	2625	457	
3 222	2627	2628	
3 368	2586	455	
3 227	2629	2630	
3 2639	2638	483	
3 149	2655	150	
3 215	214	2656	
3 2685	2686	2687	
3 2688	2687	2689	
3 3236	488	3239	
3 541	2789	2780	
3 2701	564	2702	
3 544	2722	2721	
3 1613	1614	391	
3 2458	2457	370	
3 2105	236	2108	
3 537	2623	2753	
3 1480	102	1478	
3 327	2504	2507	
3 2594	2590	2592	
3 4578	1352	4577	
3 1883	1892	321	
3 151	2586	2686	
3 2690	2693	2694	
3 206	2773	2774	
3 2452	2800	2804	
3 2776	541	2777	
3 2847	395	2845	
3 203	2839	2840	
3 2785	157	2801	
3 2843	2842	491	
3 2864	2865	2866	
3 159	2865	2864	
3 2873	570	2874	
3 1855	1854	408	
3 2852	2848	396	
3 2945	2946	2947	
3 3402	3404	488	
3 572	1762	1770	
3 162	2946	2945	
3 1770	2941	572	
3 2949	2950	2951	
3 2950	2949	164	
3 2917	193	2918	
3 2986	2983	2985	
3 196	2884	2875	
3 2934	2933	400	
3 2972	169	2969	
3 1763	2943	496	
3 2998	3000	174	
3 3041	3042	3043	
3 1745	668	1740	
3 169	2970	3044	
3 1719	1725	1731	
3 2975	576	2971	
3 2926	2934	679	
3 3019	3021	1846	
3 2889	494	2884	
3 1710	1711	403	
3 2999	499	3000	
3 336	1726	1732	
3 1846	1840	176	
3 1824	1828	1465	
3 1720	1726	681	
3 3007	174	3020	
3 1715	1731	187	
3 1819	1823	1817	
3 1466	181	1465	
3 179	1813	1815	
3 2059	345	2057	
3 1757	1752	182	
3 1842	682	1843	
3 1820	179	1829	
3 339	1854	1850	
3 407	1825	1841	
3 178	1816	1814	
3 3001	574	3002	
3 404	1720	1708	
3 2870	451	2869	
3 3061	2325	3060	
3 1712	1708	1710	
3 576	2975	2974	
3 1743	184	1738	
3 170	3042	3041	
3 278	277	3050	
3 3055	3054	496	
3 3063	3062	506	
3 2886	2893	2882	
3 2936	2325	2937	
3 3382	3386	506	
3 3059	189	3055	
3 3117	412	3110	
3 186	1712	1715	
3 3065	577	3066	
3 1752	1756	182	
3 1832	1821	406	
3 2325	2936	191	
3 189	3053	3055	
3 3116	3111	413	
3 2907	398	2902	
3 3348	3350	3351	
3 2909	2908	2912	
3 2889	2897	494	
3 3104	265	3103	
3 2909	2912	495	
3 3107	3106	508	
3 3352	3346	3349	
3 2879	198	2888	
3 3124	3123	510	
3 2714	2709	2711	
3 2851	1622	2905	
3 511	1987	3144	
3 199	2883	2894	
3 3133	3128	416	
3 1622	2900	2905	
3 415	3129	3134	
3 253	1995	1996	
3 2846	2842	2844	
3 3412	3161	3410	
3 2773	490	394	
3 205	3161	206	
3 3177	3183	421	
3 2846	491	2842	
3 2051	2053	2049	
3 1998	1999	420	
3 3226	3232	566	
3 3163	586	3164	
3 207	3222	208	
3 393	2657	2660	
3 247	3179	3188	
3 3222	2773	489	
3 1996	254	253	
3 2663	3224	566	
3 255	2045	2047	
3 3287	2634	479	
3 3146	3148	511	
3 241	3248	3247	
3 2660	2661	487	
3 2066	2070	2064	
3 565	1618	2711	
3 2656	2657	486	
3 1968	1969	426	
3 2660	2657	2659	
3 62	2063	2061	
3 2085	684	2086	
3 2707	217	2713	
3 2021	2023	2024	
3 418	2057	2056	
3 1611	1613	1615	
3 2028	2026	56	
3 2715	218	2718	
3 2078	2068	424	
3 332	1613	2719	
3 63	2060	2062	
3 2167	2169	86	
3 2640	1616	391	
3 2154	2149	2153	
3 482	3263	2627	
3 223	3263	224	
3 2142	2143	429	
3 480	389	2629	
3 2343	2345	706	
3 2344	2347	2348	
3 226	3266	3265	
3 2295	732	2293	
3 2633	2629	2631	
3 2634	228	2633	
3 2366	80	2364	
3 3295	559	3304	
3 2344	2333	2342	
3 562	3266	3270	
3 2147	2154	83	
3 1615	1616	220	
3 2321	2249	2384	
3 307	306	1389	
3 2111	476	2110	
3 4740	4744	1398	
3 3112	3107	3110	
3 2336	2338	2335	
3 3283	3282	230	
3 2301	2310	527	
3 559	3292	3291	
3 3313	477	3310	
3 2304	70	2286	
3 2318	2319	2320	
3 3172	3176	3183	
3 2279	435	2287	
3 558	474	3251	
3 3420	3422	3338	
3 2273	2276	436	
3 237	2104	2106	
3 2292	2290	2291	
3 234	3316	3300	
3 320	3423	1470	
3 1866	529	1867	
3 3332	3196	3330	
3 2360	2362	441	
3 588	3326	3325	
3 3329	244	3331	
3 2016	2017	2018	
3 3247	3249	242	
3 1871	1876	1867	
3 1981	3333	54	
3 3188	3165	247	
3 1946	1949	532	
3 3201	1997	3193	
3 3169	249	3178	
3 2362	2360	356	
3 3174	3188	516	
3 2331	50	2330	
3 246	3196	3187	
3 1960	1957	598	
3 239	3338	240	
3 2275	2274	68	
3 1683	35	1682	
3 1997	1994	252	
3 1872	1877	437	
3 1993	1995	253	
3 319	1467	345	
3 1866	1867	1864	
3 1473	1474	1475	
3 1636	362	1632	
3 1906	1908	687	
3 1026	1095	287	
3 2391	2395	2389	
3 3341	1970	259	
3 1983	1985	1988	
3 2428	2423	366	
3 3339	3340	3341	
3 139	2388	2386	
3 2058	2047	2049	
3 1810	40	1811	
3 2410	688	2411	
3 1985	1986	1987	
3 2752	2754	2755	
3 1988	3132	1983	
3 3126	3125	416	
3 2759	2757	133	
3 3360	3352	509	
3 2403	2393	446	
3 2948	163	2947	
3 3366	414	3363	
3 2867	160	2866	
3 269	268	3346	
3 3076	3081	3073	
3 451	2868	2869	
3 3348	509	3349	
3 2796	2806	707	
3 3125	3126	3123	
3 2780	2789	452	
3 1987	417	1985	
3 140	2385	2387	
3 3184	250	3194	
3 2359	2361	2327	
3 2787	2790	542	
3 3109	3108	413	
3 738	2468	2466	
3 411	3051	3063	
3 3113	273	3112	
3 2777	157	2775	
3 3108	3109	3106	
3 154	2694	2695	
3 2687	2688	152	
3 276	3062	3063	
3 2726	455	2724	
3 505	3050	3051	
3 3087	282	3082	
3 325	2419	2425	
3 3079	3075	3072	
3 147	2626	2723	
3 3379	3378	579	
3 2697	606	2692	
3 690	457	369	
3 3074	3082	281	
3 2458	2460	458	
3 871	283	340	
3 284	283	871	
3 2454	2456	145	
3 282	3087	283	
3 147	2625	2626	
3 2570	2572	2568	
3 340	3098	3101	
3 2622	2623	2624	
3 872	1001	285	
3 1001	286	285	
3 2543	2544	461	
3 3095	655	3093	
3 373	2592	2609	
3 871	3617	284	
3 119	2475	2476	
3 3071	280	3078	
3 2722	2724	2655	
3 549	2620	3391	
3 287	1095	288	
3 2593	2595	463	
3 1124	288	1095	
3 3882	1026	1001	
3 2588	2590	126	
3 3876	3904	1027	
3 2599	2603	549	
3 1579	380	1574	
3 3093	3094	3095	
3 121	2564	2566	
3 4174	4222	1193	
3 1226	4247	4211	
3 2478	2479	466	
3 1191	291	1169	
3 2500	740	2496	
3 1095	1145	1124	
3 380	1570	1567	
3 377	2491	2495	
3 297	1268	1276	
3 1483	1479	1481	
3 1329	1326	1330	
3 1336	301	300	
3 1505	1471	1507	
3 1288	299	298	
3 2486	2491	692	
3 1826	1833	573	
3 304	1362	1371	
3 2445	2447	2442	
3 308	307	1404	
3 310	1428	1427	
3 2226	387	2227	
3 1393	1378	1384	
3 2234	2239	2235	
3 1354	1356	1351	
3 678	1518	1527	
3 4346	4359	1235	
3 2476	120	119	
3 1026	286	1001	
3 3394	3393	548	
3 3115	1991	3366	
3 2867	161	160	
3 2442	2439	2441	
3 2262	2263	432	
3 2225	2226	472	
3 3222	489	3401	
3 2231	472	2228	
3 555	2208	2211	
3 2183	2186	88	
3 3295	3304	477	
3 3248	241	3251	
3 561	3289	3285	
3 2107	237	2106	
3 2109	2110	476	
3 2107	238	237	
3 3302	3305	560	
3 3285	3320	3281	
3 3280	619	3277	
3 3292	234	3290	
3 2631	2632	479	
3 3284	3286	3283	
3 224	3264	3271	
3 3273	3275	562	
3 2643	390	2641	
3 3265	3266	3267	
3 695	482	390	
3 224	3263	3264	
3 2640	2642	483	
3 2639	2641	2627	
3 215	2658	2703	
3 2706	2709	2704	
3 2666	393	2680	
3 217	2700	2702	
3 2665	2667	2664	
3 215	2656	2658	
3 3224	3225	3226	
3 3230	3228	210	
3 2853	395	2847	
3 2661	2663	487	
3 489	3405	3403	
3 3400	3399	567	
3 3409	568	3410	
3 3413	3412	568	
3 2847	491	2848	
3 2843	2845	2839	
3 197	2875	2873	
3 2878	2882	2876	
3 748	2920	2923	
3 198	2872	2874	
3 2898	697	2899	
3 2891	2880	493	
3 2917	2918	2919	
3 2909	2913	698	
3 402	1725	1719	
3 402	1724	1763	
3 1818	1814	1816	
3 1823	405	1817	
3 682	1842	1848	
3 2000	420	1999	
3 172	3008	3005	
3 3006	3010	3002	
3 3028	409	2990	
3 3002	2999	3001	
3 501	3045	3046	
3 501	3048	3049	
3 2974	2976	2977	
3 2951	2952	165	
3 278	3052	3067	
3 3070	3073	3068	
3 412	3117	3119	
3 280	3064	3066	
3 700	505	411	
3 278	3050	3052	
3 3381	3380	507	
3 3386	3382	3384	
3 3385	656	3384	
3 3062	3379	3382	
3 3109	3111	508	
3 3105	3107	272	
3 3350	581	3351	
3 3355	3359	3351	
3 3126	3128	510	
3 3124	3127	3103	
3 3145	3143	1970	
3 511	3145	3146	
3 2048	2046	1996	
3 2053	418	2049	
3 683	1999	2001	
3 3081	410	3077	
3 248	3165	3163	
3 3168	3172	3166	
3 3189	3198	701	
3 249	3162	3164	
3 3189	701	3190	
3 3181	3170	515	
3 242	3249	3250	
3 635	3209	3208	
3 2065	2061	2063	
3 589	519	1469	
3 1877	353	1868	
3 1504	552	1491	
3 2023	590	2024	
3 2027	2030	2024	
3 2163	2164	2166	
3 2214	2212	2209	
3 2189	702	2187	
3 2184	2183	88	
3 2160	2156	84	
3 2163	2159	2161	
3 2367	593	2368	
3 2372	2376	2368	
3 2321	639	594	
3 2367	2368	2365	
3 2339	2340	526	
3 2337	2333	2335	
3 2305	71	2304	
3 2301	434	2298	
3 384	1486	1502	
3 2337	526	2341	
3 1870	529	1866	
3 1871	1875	1879	
3 1630	1634	672	
3 2032	2036	637	
3 439	1960	2043	
3 3334	3335	2028	
3 51	2331	2332	
3 1946	355	1942	
3 424	2068	2077	
3 2037	598	2041	
3 4226	4188	1195	
3 2096	884	2094	
3 2390	2386	2388	
3 600	536	1476	
3 2767	642	2763	
3 689	2809	2811	
3 2754	601	2755	
3 2758	2761	2755	
3 540	603	2818	
3 2972	2970	169	
3 2953	2954	539	
3 2952	166	165	
3 603	2946	3416	
3 2816	2818	603	
3 2778	604	2779	
3 2783	2788	2779	
3 2784	2789	541	
3 2778	2779	2776	
3 2689	2692	543	
3 2691	2690	153	
3 2725	544	2721	
3 2728	2726	2727	
3 406	1821	1831	
3 543	2699	2693	
3 2567	2565	2476	
3 2572	459	2568	
3 2496	740	2492	
3 2552	2555	2557	
3 461	2544	2771	
3 3394	3396	2759	
3 127	2594	2596	
3 549	2596	2599	
3 446	2393	2402	
3 2557	2770	609	
3 1543	1549	379	
3 2502	2500	377	
3 468	1487	1484	
3 1484	1491	552	
3 471	2234	2231	
3 612	554	1596	
3 472	2226	2228	
3 2302	2303	2300	
3 2202	89	2201	
3 2205	2207	2204	
3 558	2121	2124	
3 244	3324	3326	
3 3252	3253	557	
3 3250	243	242	
3 3419	615	3420	
3 2119	2121	615	
3 3293	616	3294	
3 3298	3303	3294	
3 3299	3304	559	
3 3293	3294	3291	
3 3287	3288	561	
3 3285	3281	3283	
3 3272	562	3269	
3 562	3272	3273	
3 484	2714	2712	
3 1617	1618	3432	
3 2701	2703	2705	
3 2709	484	2704	
3 651	3234	3240	
3 585	2006	3531	
3 3225	621	3226	
3 3229	3232	3226	
3 3401	3403	567	
3 3400	3402	3230	
3 3411	3409	2839	
3 2860	395	2855	
3 492	2893	2887	
3 2667	486	2664	
3 2877	2873	2875	
3 2882	492	2876	
3 1724	1761	572	
3 2857	3481	2854	
3 402	1714	1718	
3 679	2927	2926	
3 497	1822	1819	
3 1836	1795	1837	
3 3005	574	3001	
3 627	575	1855	
3 607	2728	2729	
3 501	3046	3048	
3 2976	628	2977	
3 2980	2983	2977	
3 3065	3067	3069	
3 3073	503	3068	
3 3491	3116	3118	
3 3491	3549	3120	
3 3380	3381	3378	
3 507	412	3121	
3 3360	414	3352	
3 3490	411	3387	
3 581	3350	3354	
3 3360	509	3356	
3 584	3153	1990	
3 580	3491	3120	
3 417	1989	1988	
3 3146	3147	584	
3 3343	3345	344	
3 3154	3344	711	
3 2050	2048	419	
3 419	2002	2006	
3 3167	3163	3165	
3 3172	514	3166	
3 619	3274	3277	
3 3180	515	3170	
3 3327	3325	3250	
3 3256	3210	556	
3 518	2069	2066	
3 2066	2073	589	
3 2026	590	2023	
3 637	591	1968	
3 2232	2229	2236	
3 1939	830	3600	
3 428	2153	2149	
3 428	2152	2161	
3 593	2367	2371	
3 2375	2350	639	
3 2079	589	2073	
3 2296	2297	2293	
3 2310	2314	433	
3 320	2283	2282	
3 2290	2294	2289	
3 636	3457	2100	
3 1871	529	1875	
3 1881	1884	705	
3 1977	1950	1976	
3 1918	845	1924	
3 923	1951	1924	
3 1945	1948	599	
3 535	2394	2391	
3 2391	2398	600	
3 2757	601	2754	
3 642	602	2429	
3 608	2520	2536	
3 2524	853	2525	
3 3417	3415	2867	
3 450	2814	2816	
3 2782	604	2778	
3 2783	2787	2791	
3 600	2398	2404	
3 2468	2470	690	
3 455	2726	2737	
3 2467	545	2465	
3 690	456	457	
3 641	3466	2427	
3 2569	2567	465	
3 465	2482	2520	
3 462	2603	2550	
3 2539	2538	916	
3 2523	2525	645	
3 925	2548	2553	
3 2450	612	2448	
3 1848	1851	682	
3 2448	612	2445	
3 471	2451	2449	
3 89	88	2186	
3 2207	555	2204	
3 428	2148	2152	
3 2189	2192	702	
3 3421	3419	2107	
3 3421	615	3419	
3 3297	616	3293	
3 3298	3302	3306	
3 565	620	2679	
3 2645	2647	695	
3 3275	3278	480	
3 2640	391	2642	
3 695	481	482	
3 650	2677	2683	
3 2708	2705	485	
3 2676	650	2679	
3 3228	621	3225	
3 3235	3232	651	
3 2892	625	2885	
3 1790	840	1793	
3 490	3413	3407	
3 3513	3634	1789	
3 2942	652	2940	
3 3406	2862	926	
3 570	2881	2878	
3 2878	2885	625	
3 3016	627	3012	
3 3260	754	3259	
3 3006	3009	3012	
3 3006	3012	627	
3 628	2976	2979	
3 2983	576	2977	
3 2811	736	2814	
3 703	2954	2956	
3 3070	3072	3075	
3 3070	3075	630	
3 505	700	504	
3 3369	582	3368	
3 3358	3137	3364	
3 3137	415	3134	
3 3182	634	3175	
3 3080	630	3075	
3 586	3171	3168	
3 3168	3175	634	
3 3253	3254	557	
3 635	3212	3211	
3 597	1879	1885	
3 1527	1533	678	
3 2027	2029	2032	
3 2032	637	2027	
3 685	2143	2145	
3 2187	521	2185	
3 2343	2346	525	
3 2342	2343	525	
3 1627	1629	1626	
3 1909	1912	795	
3 2417	2424	688	
3 778	2823	2812	
3 2758	2760	2763	
3 2758	2763	642	
3 2807	367	2803	
3 2954	2955	539	
3 2783	604	2787	
3 2793	2796	707	
3 2484	2487	741	
3 2488	783	2485	
3 2179	2200	2165	
3 2173	2174	2172	
3 2188	2191	613	
3 2191	2194	647	
3 694	2110	2112	
3 3256	556	3254	
3 3298	616	3302	
3 3308	3311	708	
3 2670	2668	2669	
3 2001	2005	683	
3 3229	3231	3234	
3 3229	3234	651	
3 749	2910	2914	
3 2940	789	1793	
3 3025	3029	3023	
3 2791	2797	644	
3 2982	2967	2987	
3 538	2957	2967	
3 667	3646	3578	
3 289	1144	290	
3 579	3381	3385	
3 631	667	3387	
3 3133	3135	3138	
3 3358	3364	632	
3 3288	3287	479	
3 475	2113	2117	
3 831	798	762	
3 1946	1945	599	
3 3456	591	2044	
3 2350	2355	639	
3 2522	2520	2482	
3 2611	2615	2614	
3 2430	602	2431	
3 654	2982	2987	
3 595	2268	3461	
3 2194	2257	647	
3 749	2915	2911	
3 3306	3312	649	
3 624	2855	2859	
3 937	2681	3476	
3 606	2746	2748	
3 643	2815	2817	
3 631	3383	3121	
3 3646	631	3647	
3 1733	681	1726	
3 725	1733	1740	
3 3344	2059	711	
3 3532	3159	3530	
3 1695	1930	1691	
3 756	1887	1904	
3 1677	1680	1676	
3 4163	1192	4177	
3 672	1627	1630	
3 1629	362	1626	
3 1643	764	1644	
3 1642	1650	671	
3 2508	1591	717	
3 782	2487	2492	
3 328	1551	1555	
3 1564	381	1559	
3 1566	1574	380	
3 1566	380	1567	
3 1494	1496	330	
3 721	1514	1522	
3 1532	722	1533	
3 1504	1509	1520	
3 2938	334	2939	
3 2922	2921	788	
3 1720	681	1716	
3 1746	1748	771	
3 1754	1751	1748	
3 726	1713	1716	
3 1850	727	1851	
3 1839	626	1838	
3 2001	2004	728	
3 419	2000	2002	
3 426	1969	348	
3 2079	2082	2090	
3 2145	2249	731	
3 2173	909	806	
3 2295	2292	351	
3 2294	434	2289	
3 734	1911	1915	
3 712	1695	1691	
3 2423	735	2424	
3 2404	2407	2414	
3 367	2795	2803	
3 737	2805	2822	
3 2466	2468	369	
3 2732	2730	456	
3 692	2484	2486	
3 465	2480	2482	
3 781	2503	2505	
3 2484	741	2481	
3 2224	2215	387	
3 2231	2230	471	
3 744	2112	2115	
3 3554	816	2125	
3 2644	2645	390	
3 3276	3274	481	
3 2680	747	2666	
3 2672	485	2673	
3 2907	2909	398	
3 2892	2896	2901	
3 1776	1778	723	
3 749	2911	2910	
3 2995	3028	2990	
3 500	3015	3013	
3 3090	3490	972	
3 3080	3084	3088	
3 751	3204	3203	
3 3182	3186	3195	
3 2180	2166	2165	
3 521	2187	2190	
3 2819	2818	643	
3 538	2955	2957	
3 2129	2124	2128	
3 2117	2127	648	
3 1904	1905	756	
3 1881	1885	1879	
3 2341	757	2345	
3 639	2372	2375	
3 2699	758	2806	
3 2793	2797	2791	
3 3289	759	3321	
3 3308	3312	3306	
3 572	1761	1762	
3 2913	2920	698	
3 3154	761	3151	
3 1989	1990	3135	
3 3159	796	3160	
3 710	3149	3151	
3 1631	714	1632	
3 762	798	714	
3 673	1668	1672	
3 3935	3934	1106	
3 1639	762	1634	
3 1646	1635	1640	
3 1697	3732	1694	
3 713	1633	1638	
3 3731	3598	982	
3 756	1905	1907	
3 1558	676	1559	
3 1565	1568	1573	
3 1530	1538	329	
3 676	1558	1563	
3 1537	720	1534	
3 1573	1580	1578	
3 721	1523	1499	
3 677	1515	1523	
3 1537	1541	720	
3 1542	1548	675	
3 722	1600	1599	
3 611	1529	1582	
3 402	1718	1724	
3 1723	1730	724	
3 1713	680	1711	
3 1723	680	1717	
3 1727	1734	773	
3 1717	680	1713	
3 1728	1727	773	
3 1741	1746	771	
3 727	1859	1858	
3 1806	1809	879	
3 728	2013	2012	
3 3202	3206	658	
3 729	2102	2101	
3 1964	3449	3450	
3 774	2151	2171	
3 638	2152	2178	
3 2151	2175	730	
3 2195	901	2193	
3 3604	974	2309	
3 2294	2298	434	
3 2306	732	2295	
3 2349	706	2345	
3 777	1916	1920	
3 1887	705	1904	
3 735	2433	2432	
3 2555	3469	3471	
3 778	2809	2808	
3 2814	736	2815	
3 2810	736	2809	
3 2963	2964	2961	
3 2472	738	2469	
3 456	2730	2728	
3 2469	738	2466	
3 662	2798	2799	
3 2500	2503	740	
3 2479	2481	691	
3 2506	740	2503	
3 2481	2485	691	
3 742	2246	2244	
3 902	3460	3459	
3 2118	2116	784	
3 899	3202	3204	
3 3213	3209	3211	
3 3256	704	3259	
3 2651	2650	785	
3 619	3273	3274	
3 745	2644	2646	
3 664	3314	3315	
3 747	2681	2671	
3 3244	665	3242	
3 2923	2927	748	
3 697	2898	2903	
3 819	2931	2928	
3 2904	2911	2915	
3 3036	2996	939	
3 2831	2968	903	
3 3210	754	635	
3 2113	694	2118	
3 730	2148	2151	
3 594	2356	3464	
3 689	2808	2809	
3 2803	2805	737	
3 3255	3253	474	
3 3255	3258	704	
3 3322	3502	617	
3 2118	2120	743	
3 795	1907	1909	
3 1916	828	1912	
3 2263	2268	595	
3 2297	733	2298	
3 2746	2698	2744	
3 2732	2470	2734	
3 2632	2636	618	
3 746	3276	2647	
3 2008	2006	2002	
3 3119	3120	850	
3 3530	513	3529	
3 797	3152	3155	
3 1686	1645	1666	
3 1646	763	1653	
3 1651	764	1643	
3 2199	2197	2198	
3 1656	765	1657	
3 1662	1655	799	
3 764	1662	1663	
3 763	1640	798	
3 2200	752	2165	
3 1580	1589	1591	
3 1550	718	1551	
3 856	2827	2826	
3 1514	1512	1508	
3 766	1563	1554	
3 1603	721	1522	
3 3429	1553	1583	
3 2817	2825	753	
3 3503	914	3323	
3 1753	1786	709	
3 1758	1751	1755	
3 726	1716	1721	
3 1741	1742	1734	
3 1742	3435	1735	
3 1722	772	1723	
3 2340	2339	432	
3 757	3534	2351	
3 1923	828	1921	
3 875	1582	1529	
3 1665	1685	1689	
3 2512	782	2509	
3 1934	1927	1926	
3 829	1922	1927	
3 2698	2746	2697	
3 2799	2750	2821	
3 1573	719	1565	
3 1836	1838	626	
3 2585	550	2595	
3 2931	1782	1783	
3 767	1592	1589	
3 2509	782	2492	
3 767	1580	1584	
3 2493	2488	741	
3 717	1592	813	
3 2526	815	2521	
3 3475	618	2636	
3 2134	755	2132	
3 1764	1729	833	
3 3150	710	3152	
3 2858	2852	2854	
3 857	3215	3214	
3 723	1770	1769	
3 2921	2924	788	
3 1765	1766	1768	
3 2922	749	2914	
3 724	1730	1737	
3 1790	822	1784	
3 2177	730	2175	
3 790	2177	2197	
3 2810	2813	736	
3 791	2829	2826	
3 2137	2131	844	
3 3262	825	3261	
3 648	2127	2128	
3 2128	2132	755	
3 2126	2122	2130	
3 743	2120	2123	
3 763	798	834	
3 845	1914	1913	
3 2679	2684	565	
3 3584	3583	3654	
3 3157	797	3155	
3 797	3157	3160	
3 1658	765	1694	
3 1907	1910	756	
3 1687	716	1674	
3 4189	4178	4185	
3 1154	4378	4191	
3 890	2229	2244	
3 3597	3596	834	
3 767	1584	1586	
3 1547	768	1548	
3 1568	1572	1577	
3 2100	519	2079	
3 2996	2997	750	
3 2427	536	2404	
3 3212	825	792	
3 1736	805	1737	
3 1779	820	1780	
3 1882	1951	530	
3 1938	830	1933	
3 3535	3537	3465	
3 660	2353	2354	
3 1934	834	808	
3 1932	1937	533	
3 609	2544	2549	
3 1736	1764	805	
3 3541	3479	2821	
3 3479	2820	662	
3 1601	3708	1582	
3 1592	717	1589	
3 813	781	717	
3 812	781	813	
3 811	3594	813	
3 814	2517	2516	
3 1607	811	1605	
3 2599	2602	610	
3 2517	782	2512	
3 815	2517	2521	
3 623	3246	3243	
3 3213	751	3209	
3 914	3504	3323	
3 3505	3322	664	
3 1853	3441	1809	
3 1771	1769	770	
3 1778	1776	787	
3 1780	2929	1779	
3 3437	3438	818	
3 1782	819	1780	
3 818	1775	1774	
3 2853	2855	395	
3 2932	1784	2925	
3 1785	1790	1784	
3 2174	774	2172	
3 855	2199	841	
3 2812	824	2810	
3 2812	2824	824	
3 825	3260	3261	
3 3217	3214	792	
3 1783	1782	1781	
3 2133	2132	794	
3 2122	827	2120	
3 2125	2130	2122	
3 1922	829	1923	
3 1916	1921	828	
3 3446	1928	829	
3 1938	1917	1929	
3 3526	808	3636	
3 1942	355	1935	
3 1686	831	1645	
3 1690	3597	831	
3 1594	946	1602	
3 814	3467	2538	
3 3517	1804	1806	
3 1069	3551	3783	
3 3702	870	3687	
3 2044	3450	3451	
3 1606	1581	1602	
3 3738	3608	3813	
3 1604	3510	3632	
3 3539	3640	888	
3 2615	2616	2614	
3 2523	645	2522	
3 1799	1804	1807	
3 826	844	3458	
3 833	3512	3633	
3 2009	633	2008	
3 2856	2861	849	
3 2906	789	2940	
3 3575	910	3534	
3 2094	2099	636	
3 2749	3478	810	
3 2426	641	2422	
3 3602	951	2139	
3 3556	3555	913	
3 650	2675	2677	
3 3557	3581	3589	
3 1940	1924	845	
3 1887	640	1886	
3 1686	1690	831	
3 3527	3638	885	
3 1898	1902	1900	
3 1957	1960	1955	
3 2610	2612	848	
3 609	2771	2544	
3 849	2853	2856	
3 623	3406	3246	
3 3140	3139	905	
3 3723	797	3160	
3 3528	906	3455	
3 3901	4011	4012	
3 1693	1690	1686	
3 3607	836	3657	
3 983	864	3735	
3 864	2540	2530	
3 3482	3545	984	
3 2944	2892	652	
3 841	941	2255	
3 2193	2190	702	
3 2833	856	2830	
3 2957	2965	2966	
3 2011	3528	3455	
3 3202	899	3206	
3 3537	909	3465	
3 1959	1962	1957	
3 3666	1031	1005	
3 884	2099	2094	
3 645	2525	2530	
3 2426	2422	887	
3 2528	2534	864	
3 983	3735	860	
3 1798	1803	854	
3 2672	2674	2676	
3 3545	865	3769	
3 984	3545	862	
3 2527	2529	2531	
3 2535	837	2521	
3 1798	854	1793	
3 1785	1789	1792	
3 3853	3752	3659	
3 1944	847	1941	
3 1607	3594	811	
3 3468	2529	2539	
3 818	1774	3437	
3 840	1785	1792	
3 3621	3434	27	
3 716	765	1675	
3 3837	24	3879	
3 3622	1687	3434	
3 3085	3098	3086	
3 284	872	285	
3 3617	871	3101	
3 3743	872	3617	
3 3548	972	3490	
3 340	3086	3098	
3 3134	3136	3493	
3 3374	3372	3375	
3 1598	1597	554	
3 1599	875	1533	
3 3832	1057	3603	
3 1606	803	1581	
3 693	2232	2230	
3 929	2251	3713	
3 1857	1856	575	
3 1853	1852	1860	
3 3489	3547	3488	
3 804	3440	1787	
3 3017	3018	653	
3 3614	930	3038	
3 2013	3200	3205	
3 2005	2012	881	
3 3206	3219	3619	
3 3532	3533	3574	
3 3218	3221	857	
3 3495	931	3216	
3 2101	884	2096	
3 886	2099	2103	
3 3526	3637	846	
3 3630	3462	776	
3 846	3684	3600	
3 846	3446	3526	
3 2432	887	2424	
3 2426	2434	3718	
3 809	2828	2834	
3 3611	2747	780	
3 3471	3472	2772	
3 2426	3718	889	
3 742	2223	2218	
3 2248	890	2244	
3 929	3713	877	
3 2241	2240	646	
3 2258	3460	936	
3 3629	891	3460	
3 893	2670	2671	
3 895	2677	2682	
3 2131	827	2126	
3 786	3279	3620	
3 3245	3499	937	
3 3593	3504	914	
3 2993	2994	629	
3 3032	896	3030	
3 898	3742	3614	
3 653	3018	3024	
3 3037	897	3033	
3 3486	3487	3037	
3 3213	3215	751	
3 3619	3219	857	
3 826	3724	3262	
3 3664	900	3619	
3 2195	752	2245	
3 2245	2247	901	
3 2247	855	2255	
3 1007	3877	3908	
3 2825	2827	753	
3 2827	2831	903	
3 3612	3613	2831	
3 3645	3675	3577	
3 760	3722	3140	
3 3136	3138	3139	
3 3529	3531	3455	
3 633	2009	2011	
3 1511	469	1513	
3 1521	1582	1594	
3 908	1799	1794	
3 908	1791	1796	
3 2356	594	2355	
3 2352	2349	2353	
3 3462	2317	776	
3 2296	2309	2299	
3 2820	605	2794	
3 2821	2750	912	
3 2745	2749	810	
3 2729	2733	607	
3 3322	617	3309	
3 3503	3315	759	
3 3474	3540	817	
3 2136	3458	844	
3 980	3428	3509	
3 1787	3514	3512	
3 1608	3768	960	
3 839	3437	3624	
3 3639	2537	867	
3 3618	3724	3838	
3 3436	917	1774	
3 796	3532	3574	
3 3521	961	3525	
3 3586	3729	3160	
3 2138	962	2139	
3 2136	844	2131	
3 1696	852	1693	
3 3510	3429	980	
3 3371	3370	657	
3 3091	655	3088	
3 3668	1031	3627	
3 866	1943	1953	
3 1950	354	1976	
3 1961	1959	924	
3 2549	2548	925	
3 2554	2551	925	
3 3406	3407	2862	
3 3501	3553	3497	
3 3781	3812	3563	
3 3099	973	3094	
3 3493	3494	3371	
3 3376	874	3375	
3 929	1598	3430	
3 2251	646	2240	
3 1857	575	3026	
3 3035	3038	3024	
3 2013	3205	931	
3 3205	3216	931	
3 2044	591	2034	
3 1962	598	1957	
3 1016	1061	3826	
3 3569	3425	3507	
3 2431	602	2772	
3 2549	2552	609	
3 1017	1062	3827	
3 3570	3427	3508	
3 2246	2254	936	
3 936	2250	2258	
3 3245	622	3237	
3 665	3241	3242	
3 2683	3610	938	
3 3433	938	3571	
3 666	2992	2988	
3 666	3485	2992	
3 3880	3763	990	
3 883	3660	3601	
3 2253	2252	1059	
3 2221	2242	2253	
3 2835	2836	2834	
3 2838	3544	2824	
3 3729	3730	3787	
3 3492	850	3120	
3 3139	3140	3141	
3 3371	3494	958	
3 2010	2015	882	
3 3728	3727	966	
3 876	1582	3708	
3 876	3767	3709	
3 879	1809	3441	
3 3443	3444	3445	
3 960	991	3509	
3 1059	3774	1081	
3 3431	1607	835	
3 1073	1082	3823	
3 786	3280	3279	
3 1013	3719	3779	
3 2126	2135	920	
3 2139	951	2136	
3 3638	3712	885	
3 3527	932	3451	
3 1959	1961	1963	
3 3454	969	1966	
3 3538	3736	1028	
3 3539	934	3472	
3 955	2552	2551	
3 954	964	970	
3 3671	918	3634	
3 3500	894	937	
3 956	3496	3497	
3 3498	971	3496	
3 3565	3566	3376	
3 3549	3650	3492	
3 3586	3585	959	
3 290	1169	291	
3 3575	3824	3463	
3 3512	833	3435	
3 3541	912	3542	
3 3763	951	3602	
3 895	2682	3719	
3 3697	950	3682	
3 1031	3626	3447	
3 866	3626	1956	
3 954	3473	3631	
3 2556	3473	954	
3 3828	1034	3552	
3 3678	962	3588	
3 3571	979	3433	
3 3721	3720	1035	
3 2259	891	3832	
3 3523	3524	3440	
3 942	3834	3675	
3 3618	940	3221	
3 1966	953	1963	
3 3451	932	2044	
3 3469	3470	970	
3 3472	934	2772	
3 971	3244	3496	
3 3499	3500	937	
3 3578	3579	3548	
3 3091	3090	3093	
3 3676	3648	3492	
3 3584	993	3568	
3 3826	1061	3507	
3 3771	3712	1011	
3 1470	3424	975	
3 2306	2308	732	
3 3827	1062	3508	
3 889	3718	3778	
3 1477	3426	977	
3 2472	2471	779	
3 3750	3511	3663	
3 1063	3609	3750	
3 3432	979	1617	
3 563	2649	2648	
3 3428	1546	1603	
3 803	1606	1609	
3 1758	771	1751	
3 981	1759	1787	
3 4228	4244	4183	
3 3595	982	1685	
3 2540	547	2536	
3 2608	2585	2607	
3 3481	984	2854	
3 2861	2858	862	
3 923	3627	3447	
3 1932	1936	1943	
3 3781	3563	943	
3 3567	3568	3566	
3 1947	3448	859	
3 3822	941	841	
3 3919	954	3631	
3 942	2833	3587	
3 3551	956	3497	
3 868	1801	3710	
3 3850	3862	3864	
3 1194	292	1191	
3 3632	991	3669	
3 1593	1585	1590	
3 1021	3633	3670	
3 1766	1788	838	
3 3506	928	3371	
3 3494	3550	958	
3 3506	3558	994	
3 3558	3560	994	
3 3561	3564	995	
3 3830	1027	3743	
3 3601	2015	883	
3 3903	1019	3760	
3 2538	3607	916	
3 3468	916	3538	
3 918	1789	3634	
3 868	1808	1801	
3 3943	1094	3905	
3 3732	3595	801	
3 1024	3848	3788	
3 4164	1172	4148	
3 3616	873	3100	
3 286	1026	287	
3 3822	3921	941	
3 962	3694	3602	
3 3039	3027	3034	
3 1010	1060	1082	
3 1696	3599	852	
3 3698	3658	3684	
3 1011	1051	1071	
3 3454	3628	963	
3 3973	1139	3956	
3 3685	3757	3686	
3 1059	1081	1009	
3 3708	877	3766	
3 1010	1082	1087	
3 3443	879	3441	
3 3425	3569	975	
3 1046	1049	1047	
3 3570	977	3427	
3 1012	3777	3809	
3 3853	3900	3798	
3 3638	3833	1011	
3 3852	3859	3796	
3 3477	3825	988	
3 3552	965	3498	
3 1069	3811	3858	
3 3799	3953	3918	
3 959	3784	3730	
3 3591	3681	3654	
3 3099	3102	973	
3 3638	963	3833	
3 2317	3716	3715	
3 3827	3818	1017	
3 2745	2747	2749	
3 3662	3910	1018	
3 817	3581	3557	
3 965	3916	3779	
3 3590	3564	3582	
3 960	3846	3669	
3 1064	3683	3725	
3 3635	992	3512	
3 3436	3623	917	
3 3821	3819	3786	
3 294	1198	1247	
3 23	4031	3970	
3 1697	3622	1000	
3 3598	1696	982	
3 4315	1214	4314	
3 999	3765	3703	
3 3703	1025	3704	
3 3743	3840	872	
3 3840	3882	1001	
3 3721	3874	973	
3 1022	3819	3821	
3 915	3683	3657	
3 3825	1055	3923	
3 3624	917	3745	
3 3521	3572	961	
3 4429	1278	4446	
3 3917	4042	1064	
3 1031	3447	3627	
3 1042	3626	3666	
3 3931	3932	3816	
3 1049	1032	1047	
3 3852	1028	4021	
3 3972	1033	3909	
3 3842	1029	3754	
3 4106	4122	1151	
3 1038	3819	3812	
3 3888	3889	3720	
3 3849	3931	1039	
3 1003	3745	3841	
3 3675	3834	3878	
3 3864	3866	3868	
3 959	3585	3728	
3 966	3733	3839	
3 1025	3703	3764	
3 4099	4115	1143	
3 3666	3911	1040	
3 952	1965	3453	
3 4325	4279	1196	
3 1032	1045	1047	
3 1044	1042	1040	
3 1948	1947	859	
3 3938	1041	3856	
3 4023	3749	3915	
3 1045	1044	1040	
3 952	1966	1965	
3 1047	1040	1046	
3 3628	3453	1045	
3 4074	1046	3911	
3 3775	3808	987	
3 1040	1047	1045	
3 1046	1048	1049	
3 3674	3912	1004	
3 3939	3873	988	
3 1050	1049	1048	
3 1032	1049	1051	
3 1036	3846	3928	
3 1007	3908	3921	
3 1049	1050	1051	
3 1071	1051	1050	
3 1084	1086	1081	
3 967	3767	3845	
3 1082	1085	1087	
3 3795	3831	3625	
3 974	3604	3661	
3 3826	3771	1016	
3 976	2735	3605	
3 3734	1062	3789	
3 978	2651	3609	
3 3740	3791	3850	
3 1007	1089	1115	
3 3766	3772	1052	
3 3878	3897	1008	
3 898	3039	3488	
3 3773	1072	1081	
3 1059	3822	2253	
3 949	3873	3823	
3 2824	3544	3576	
3 1016	4022	3915	
3 974	3661	3749	
3 1017	3920	4024	
3 976	3605	3734	
3 3815	3814	3820	
3 3751	1056	3871	
3 1064	3725	3782	
3 1064	3782	3917	
3 3744	1021	3670	
3 3744	3803	1065	
3 3943	3879	24	
3 3805	1025	3764	
3 3829	1067	3616	
3 1067	3829	3875	
3 2613	3608	3737	
3 3747	3796	997	
3 3484	3483	863	
3 4015	3710	1029	
3 3655	3760	3697	
3 3590	3652	3653	
3 4022	1080	4043	
3 1011	1071	1080	
3 1103	4023	4087	
3 1009	1081	1086	
3 960	3768	3846	
3 1007	3896	3877	
3 1083	1071	1050	
3 1103	3808	4023	
3 3922	3773	3824	
3 1048	1122	4204	
3 1008	3748	3641	
3 3844	1037	3761	
3 1094	3992	3996	
3 3855	4034	1142	
3 1078	3805	3804	
3 3804	3855	1078	
3 966	3881	1070	
3 4175	4223	1199	
3 1083	1080	1071	
3 3915	4022	1074	
3 3714	1059	2252	
3 1081	1072	1084	
3 3823	1060	2835	
3 1082	1073	1085	
3 3911	1046	1040	
3 3754	1003	3842	
3 1028	3736	3914	
3 3919	3909	1033	
3 4203	1211	4207	
3 1121	4122	1069	
3 1088	1086	1084	
3 1009	1086	1089	
3 1087	3981	3968	
3 1010	1087	1091	
3 3961	3988	3960	
3 1113	4049	4095	
3 1086	1088	1089	
3 1088	4098	1115	
3 1017	3818	3920	
3 4003	1079	3786	
3 3942	1091	3968	
3 3942	3969	1116	
3 1198	293	1194	
3 1155	1144	1124	
3 3679	1093	3652	
3 3695	996	3680	
3 4031	1123	3992	
3 3807	1094	1077	
3 3876	1027	3830	
3 288	1124	289	
3 1052	3847	3886	
3 3845	3885	967	
3 3644	3643	1053	
3 1097	3572	3573	
3 3849	3933	1043	
3 4204	4203	1083	
3 4042	3917	4055	
3 4089	1073	4027	
3 3883	3803	3959	
3 3838	3880	1006	
3 3926	3756	3843	
3 3591	4006	3681	
3 3913	990	3693	
3 3791	3815	3820	
3 1074	4022	4043	
3 1072	1103	1140	
3 3809	4004	1012	
3 4088	3965	1104	
3 1013	4106	4073	
3 1100	4040	4016	
3 1184	4133	4191	
3 3967	3980	1127	
3 4098	1146	4058	
3 1096	3885	3941	
3 4002	3989	3995	
3 1097	3573	3907	
3 3892	1079	4038	
3 4008	1092	4006	
3 3695	3926	1110	
3 3843	4039	3926	
3 1052	3966	3940	
3 3928	1096	3929	
3 3851	1112	3795	
3 1128	3958	3946	
3 1084	1072	1140	
3 4112	3990	4089	
3 3971	1128	3945	
3 3971	4078	1128	
3 1088	1115	1089	
3 1107	3886	3896	
3 1116	3897	3942	
3 3643	3962	3936	
3 1273	1198	1240	
3 3821	3872	1109	
3 3800	3816	3948	
3 3948	1119	3912	
3 1130	3899	3952	
3 3798	1005	3668	
3 4030	4049	1113	
3 4056	4111	1075	
3 4139	4045	4079	
3 3881	3918	1102	
3 1048	1134	1122	
3 1108	3991	3978	
3 4099	1143	4064	
3 1143	4115	4129	
3 1095	1026	4071	
3 4104	4071	1125	
3 1191	1169	1160	
3 1169	290	1144	
3 4080	3902	4005	
3 4040	4046	4136	
3 1111	3940	3966	
3 3941	3967	1127	
3 3971	3945	3937	
3 3945	1128	3907	
3 4134	1180	4105	
3 4154	4174	1179	
3 4033	3951	3987	
3 1134	1048	1046	
3 4251	4197	1088	
3 4057	4028	1107	
3 4029	1135	4030	
3 3980	4030	1127	
3 1142	1154	1106	
3 4138	4152	4060	
3 3952	4025	1130	
3 4025	4267	1134	
3 4048	4047	1156	
3 3971	4075	1136	
3 4190	4241	4119	
3 4073	4107	1138	
3 1012	4070	3817	
3 4044	1137	4120	
3 4073	1138	3910	
3 3863	3866	3862	
3 3893	1117	4017	
3 3918	3955	3957	
3 4087	4141	1103	
3 4251	1140	4235	
3 4110	1200	4086	
3 1090	3981	3990	
3 4034	3996	4067	
3 4050	1123	4031	
3 4224	1187	4182	
3 3996	1077	1094	
3 1145	1155	1124	
3 1144	1155	1160	
3 1125	4103	4121	
3 4084	3895	3875	
3 1157	4256	4261	
3 4075	1132	4076	
3 1141	4027	4088	
3 3906	3890	3902	
3 4197	1146	4098	
3 4131	1153	4126	
3 3997	3999	3982	
3 1181	3985	4196	
3 4120	4126	4056	
3 4070	4102	4120	
3 4080	4005	1138	
3 4213	4215	1151	
3 1149	4139	4153	
3 3986	1173	3994	
3 1175	4269	4119	
3 1141	4088	4123	
3 1296	4430	4443	
3 4274	1122	1134	
3 1125	4128	1145	
3 4202	1145	4128	
3 1156	4058	4097	
3 4029	4048	1135	
3 1133	4033	4192	
3 3988	4033	1098	
3 4065	4052	1147	
3 4077	1136	4075	
3 4112	4199	1159	
3 4036	1147	4001	
3 4202	4233	1155	
3 294	293	1198	
3 4130	4146	4100	
3 294	1247	295	
3 1166	4207	4209	
3 4045	4139	1149	
3 1163	4060	4059	
3 1163	4059	4137	
3 1178	4294	4360	
3 4072	1117	3892	
3 4065	1158	4052	
3 4166	4180	4186	
3 4135	1166	4087	
3 4207	1166	4135	
3 4196	3993	4096	
3 1105	3906	3903	
3 4293	1214	4257	
3 4034	4316	1142	
3 1144	1160	1169	
3 1160	1188	1191	
3 4082	3858	4015	
3 4143	1170	4107	
3 4220	3852	4021	
3 1171	4102	4119	
3 1168	4147	4129	
3 1168	4145	4160	
3 4143	4157	1170	
3 4125	4072	4105	
3 4150	1205	4136	
3 4245	4281	1177	
3 1148	4138	4167	
3 4112	1159	3990	
3 4230	1233	4109	
3 1188	1244	1198	
3 1175	4294	4269	
3 4154	1179	4142	
3 4171	1201	4095	
3 4240	1175	4219	
3 1176	4096	4195	
3 1235	4312	4346	
3 4149	4134	1173	
3 4179	1183	4165	
3 1173	3986	3985	
3 4326	4179	1176	
3 1174	4218	4239	
3 1263	296	295	
3 4154	4165	1183	
3 4222	1190	1193	
3 4226	1172	4164	
3 4235	4250	1157	
3 4234	4209	4208	
3 4287	4284	1174	
3 4357	4356	1257	
3 1164	4062	4193	
3 4303	18	4323	
3 4067	4132	4148	
3 4247	1232	4232	
3 4127	4083	4140	
3 4132	4147	1189	
3 1189	4184	4164	
3 4290	4283	4285	
3 1276	298	297	
3 1194	1191	1188	
3 292	291	1191	
3 19	4293	4243	
3 1234	4323	4327	
3 1190	1197	4242	
3 4242	1199	4223	
3 1194	1188	1198	
3 293	292	1194	
3 1241	4349	4363	
3 4279	4376	4320	
3 1255	4384	4370	
3 4332	4325	4315	
3 4321	4328	1233	
3 1313	1276	1287	
3 1240	1244	4319	
3 1244	1188	1160	
3 4201	4128	4127	
3 4063	4066	4054	
3 4095	1099	4055	
3 3852	4220	1120	
3 4169	4167	4168	
3 4110	4144	1200	
3 4168	4273	1202	
3 4144	4159	1200	
3 1203	4159	4158	
3 4181	4298	4306	
3 4046	4040	1100	
3 4082	4094	1121	
3 4166	1206	4317	
3 4090	4091	1204	
3 4225	1206	4166	
3 4218	1174	4236	
3 4194	4229	1207	
3 4307	4288	4300	
3 4101	4118	1129	
3 4272	4295	1227	
3 4378	1154	4226	
3 1185	4151	4210	
3 4270	1153	4131	
3 4193	4246	1221	
3 4206	4274	1212	
3 1211	4205	4206	
3 4299	4259	1213	
3 1222	4250	4235	
3 1228	4379	4374	
3 4263	4256	1223	
3 4314	1214	4303	
3 1214	4315	4185	
3 4354	4266	4339	
3 4377	1182	4330	
3 4158	4187	1203	
3 4306	4322	1216	
3 1215	4361	4348	
3 4276	4341	1261	
3 4200	1207	4113	
3 4321	4292	4302	
3 4117	1208	4081	
3 4211	4140	4117	
3 4272	4161	1199	
3 4248	4201	4232	
3 1239	4403	4380	
3 4221	1186	4173	
3 4234	4249	1222	
3 4212	1222	4235	
3 1223	4249	4255	
3 4114	4097	1146	
3 4191	4333	1184	
3 4259	4379	4366	
3 4250	4256	1157	
3 4260	1229	4263	
3 1208	4014	4081	
3 4324	4247	1226	
3 4304	1227	4295	
3 1220	4296	4305	
3 1274	4426	4408	
3 4342	4297	1185	
3 4353	4339	1224	
3 4263	4266	1225	
3 1220	4305	4313	
3 4337	1232	4352	
3 1216	4322	4347	
3 1236	4304	4311	
3 1244	4265	4319	
3 4233	1160	1155	
3 1177	4283	4286	
3 1176	4195	4318	
3 4327	4331	1234	
3 1241	4363	4370	
3 1227	4312	4305	
3 1271	1287	1268	
3 4344	4311	1197	
3 1336	300	1312	
3 4377	4402	4344	
3 4496	1273	4482	
3 1243	4301	4309	
3 4311	4345	1236	
3 1215	4298	4297	
3 1217	4278	4277	
3 1263	1268	296	
3 295	1247	1263	
3 4387	4393	1255	
3 4385	4332	4372	
3 1258	4309	4357	
3 4402	1242	4344	
3 4308	1218	4307	
3 4286	4290	4291	
3 4233	4262	4265	
3 1198	1244	1240	
3 4352	1245	4337	
3 1245	4352	4365	
3 1269	4444	4431	
3 1231	4353	4367	
3 1240	1245	4398	
3 1273	1247	1198	
3 1231	4339	4353	
3 4409	1251	4362	
3 4386	1209	4373	
3 1264	1249	1231	
3 4389	4390	1228	
3 4341	4381	1261	
3 4322	4348	1251	
3 4348	4362	1251	
3 4439	4453	1295	
3 1248	4381	4404	
3 1249	4422	4361	
3 4382	4350	1243	
3 1341	1343	1345	
3 4372	4384	1265	
3 4405	1266	4393	
3 4432	1275	4417	
3 4277	4355	4356	
3 4343	1256	4308	
3 4437	1257	4420	
3 4427	4424	1279	
3 1248	4404	4411	
3 1291	4419	4427	
3 4345	4358	1236	
3 1313	1288	1276	
3 4335	4400	1246	
3 1254	4385	4407	
3 4340	4276	1261	
3 1262	4381	4380	
3 4403	1262	4380	
3 4410	1267	4404	
3 4496	1247	1273	
3 296	1268	297	
3 1250	4369	4371	
3 4423	1253	4362	
3 4392	4388	1270	
3 4417	4433	4396	
3 4497	1286	4485	
3 4413	1290	4414	
3 4439	1295	4423	
3 4479	4458	1305	
3 1271	1263	1247	
3 1268	1263	1271	
3 1391	1380	4614	
3 4399	4481	1250	
3 14	4432	4412	
3 4384	4392	1265	
3 4474	1305	1301	
3 1288	1312	299	
3 1267	4410	4428	
3 1329	1325	1326	
3 4398	4425	1240	
3 4482	1273	4425	
3 4407	4415	1254	
3 1283	4426	4401	
3 4518	1310	4514	
3 1270	4395	4396	
3 1268	1287	1276	
3 298	1276	1288	
3 4406	4414	4394	
3 4419	4436	4450	
3 13	4497	4483	
3 4434	4485	1294	
3 4440	1292	4454	
3 4421	1258	4357	
3 4408	4447	4435	
3 1250	4371	4399	
3 1267	4428	4442	
3 4436	1291	4449	
3 1272	4436	4449	
3 4495	4482	1259	
3 1260	4448	4457	
3 4418	4435	4448	
3 4431	1283	4415	
3 4445	1284	4426	
3 4489	1349	4486	
3 4471	4491	4505	
3 4515	1286	4514	
3 4413	4429	1290	
3 4517	1271	1282	
3 1259	4397	4479	
3 1271	4517	1318	
3 299	1312	300	
3 4480	4494	4399	
3 4469	4468	1297	
3 4434	4487	4446	
3 4414	4430	1269	
3 1279	4424	4440	
3 4441	1291	4427	
3 4454	4463	1298	
3 4440	4454	1279	
3 1284	4503	4456	
3 4456	1293	4447	
3 4518	4512	12	
3 4519	4521	4523	
3 4422	1307	4439	
3 4428	1295	4477	
3 4563	4598	1345	
3 1309	4547	4558	
3 4464	1300	4455	
3 301	1351	302	
3 4452	4460	1292	
3 4472	1300	4469	
3 4452	4459	1281	
3 4478	4462	4453	
3 4441	4455	1291	
3 1302	4466	4465	
3 1301	4472	4474	
3 1305	1272	1301	
3 4473	4467	1299	
3 1300	4464	4466	
3 4492	1297	4468	
3 1328	1329	1331	
3 4460	4491	1299	
3 4546	1323	4535	
3 1322	1316	1305	
3 1259	4398	4397	
3 4519	4514	1310	
3 4487	1306	4446	
3 4506	1264	4481	
3 4462	4478	1289	
3 4493	4498	1314	
3 1308	4491	4530	
3 1347	1341	1345	
3 4478	4527	1289	
3 4545	1335	4522	
3 1343	4524	4523	
3 4511	4516	4517	
3 1338	1319	1328	
3 1319	1288	1313	
3 1319	1312	1288	
3 1318	1287	1271	
3 1313	1287	1318	
3 4498	4493	1293	
3 4500	1277	4494	
3 1296	4528	4541	
3 4550	4552	4529	
3 1322	1305	1303	
3 4495	4511	1282	
3 4533	11	4545	
3 4486	1306	4489	
3 1311	1326	1318	
3 1318	1325	1313	
3 1319	1313	1325	
3 1312	1319	1338	
3 4529	1315	4503	
3 1308	4531	4505	
3 1317	4519	4523	
3 4570	4604	1374	
3 4535	1323	4536	
3 1324	4517	4516	
3 4474	1297	4507	
3 1344	4625	1333	
3 4520	1324	4516	
3 1324	4536	1327	
3 1311	1324	1327	
3 1318	1326	1325	
3 1311	1327	1326	
3 1319	1325	1329	
3 1355	1356	1366	
3 301	1336	1351	
3 1331	1329	1330	
3 1328	1331	1332	
3 1330	1326	1327	
3 1319	1329	1328	
3 1333	1330	1339	
3 1332	1331	1333	
3 1330	1327	1339	
3 1351	1356	1355	
3 1331	1330	1333	
3 1373	1371	1362	
3 1327	1342	1339	
3 1367	1368	1366	
3 4500	4501	4502	
3 4539	1334	4501	
3 4561	4563	1335	
3 1335	4563	1345	
3 1336	1354	1351	
3 1354	1336	1338	
3 4557	1308	4530	
3 1344	1333	1339	
3 1332	1338	1328	
3 1336	1312	1338	
3 1324	4520	4536	
3 4546	4564	1323	
3 4609	4604	1350	
3 4532	1337	4510	
3 4614	4587	1365	
3 1365	7	1372	
3 4592	1323	4564	
3 1342	4602	1339	
3 1343	4521	4522	
3 4522	1335	4537	
3 4510	4508	4509	
3 1378	306	305	
3 4545	4561	1335	
3 4574	9	4581	
3 4588	4574	4582	
3 7	6	1372	
3 1379	1372	6	
3 4541	4540	1321	
3 1348	4442	4526	
3 4530	4491	4504	
3 4547	1309	4525	
3 1296	4486	4528	
3 1350	4538	1359	
3 4612	1361	4609	
3 302	1355	303	
3 302	1351	1355	
3 4555	1315	4552	
3 4602	1342	4592	
3 4583	4589	4599	
3 1353	4593	4606	
3 1338	1332	1354	
3 1355	1362	303	
3 1363	1354	1332	
3 4628	1333	4625	
3 1363	1356	1354	
3 304	303	1362	
3 1353	4575	4593	
3 1368	4663	4670	
3 7	1365	8	
3 1358	4587	4582	
3 4588	1346	4574	
3 4570	1321	4540	
3 1391	1396	1400	
3 1320	4601	4539	
3 1361	4612	4620	
3 4575	1337	4532	
3 1356	1363	1367	
3 1355	1366	1362	
3 4629	1332	4628	
3 4629	1363	1332	
3 1358	8	1365	
3 4598	4595	1347	
3 6	5	1379	
3 4582	4587	1364	
3 1356	1367	1366	
3 1366	1373	1362	
3 4629	4630	1367	
3 304	1371	305	
3 4623	1344	4611	
3 308	1404	1409	
3 4551	4580	4586	
3 4567	4583	1382	
3 4613	4605	4610	
3 4576	4568	4567	
3 1373	1384	1371	
3 305	1371	1378	
3 5	4	1390	
3 4637	4614	1380	
3 1366	1368	1373	
3 1368	1384	1373	
3 4605	4613	1381	
3 1387	4617	4607	
3 4597	1347	4595	
3 4654	4631	4648	
3 1386	4616	4594	
3 4623	4611	4619	
3 4631	4634	4618	
3 4627	4624	1388	
3 1384	1378	1371	
3 306	1378	1389	
3 4	3	1405	
3 4626	1375	4620	
3 1379	1391	1372	
3 5	1390	1379	
3 1376	4622	4633	
3 4622	1387	4634	
3 4621	1386	4615	
3 4615	4576	1382	
3 4539	4601	4591	
3 1369	4551	4586	
3 1367	4630	1368	
3 307	1389	1404	
3 4613	4646	1381	
3 4639	4638	1397	
3 1386	4594	4615	
3 4636	4641	4621	
3 4617	4622	1383	
3 4601	4608	1383	
3 4621	4641	1386	
3 1389	1378	1393	
3 4632	1388	4619	
3 1393	4673	4674	
3 1410	1405	3	
3 1405	1410	1403	
3 1390	1396	1379	
3 1379	1396	1391	
3 4665	1394	4657	
3 1395	4650	4655	
3 4663	1368	1395	
3 1402	4673	4671	
3 4647	4659	1406	
3 1406	4667	4654	
3 4650	4627	1388	
3 4643	4645	1392	
3 4	1405	1390	
3 4719	1421	4709	
3 4636	4643	1392	
3 1446	4759	4760	
3 4671	1384	4670	
3 308	1409	309	
3 1402	4663	4669	
3 1403	1396	1390	
3 4640	4643	4636	
3 4649	4639	1397	
3 1400	1396	1403	
3 4649	4653	4656	
3 4714	4718	1426	
3 4687	1418	4660	
3 4674	1404	1389	
3 1399	4704	1404	
3 1410	3	2	
3 1403	1390	1405	
3 4631	4654	1394	
3 4661	4679	4651	
3 1412	4687	4659	
3 1430	4713	4717	
3 4704	4707	1409	
3 310	309	1414	
3 309	1409	1414	
3 1	1419	2	
3 4723	4722	1438	
3 1407	4675	4661	
3 4656	1417	4662	
3 1400	4709	4676	
3 4665	4640	1394	
3 4660	1406	4659	
3 1416	4668	4681	
3 1399	4700	4701	
3 310	1427	311	
3 1440	4710	4715	
3 1419	1410	2	
3 4644	4651	1411	
3 4716	4731	1439	
3 1428	1430	1423	
3 1412	4666	4676	
3 4691	4680	4677	
3 1429	1	0	
3 4709	4714	4719	
3 4667	4677	1413	
3 4723	4726	4702	
3 4718	4714	1410	
3 4742	4735	4733	
3 4671	4673	1393	
3 4695	4700	1433	
3 4741	4745	1449	
3 1423	1427	1428	
3 1429	1424	1431	
3 4731	1434	1439	
3 1431	1419	1	
3 4728	4721	4724	
3 1414	1409	4707	
3 1428	310	1414	
3 1423	1430	1408	
3 4713	1428	4706	
3 1429	1431	1	
3 4711	1422	4695	
3 1424	4727	4724	
3 1419	4721	4718	
3 1415	4729	4727	
3 1438	4725	4730	
3 4664	4684	4656	
3 1408	1430	4720	
3 4716	1439	4711	
3 4720	1434	4734	
3 4737	4736	4697	
3 1435	1441	1445	
3 4761	4760	1442	
3 4702	4705	4699	
3 1438	4722	4725	
3 1437	1443	4726	
3 4710	4716	4688	
3 1439	4720	4717	
3 4681	4683	4686	
3 4698	4715	4685	
3 1448	4741	4748	
3 1445	1441	314	
3 314	315	1442	
3 4678	4692	4696	
3 4697	1444	4698	
3 4738	1447	4712	
3 1454	4756	1457	
3 4763	1451	4762	
3 1456	1458	313	
3 4739	1434	4731	
3 4697	4736	1444	
3 4738	4743	1447	
3 1425	4696	4708	
3 4759	4753	314	
3 4735	4742	1437	
3 4753	4750	1451	
3 1452	4757	4754	
3 4751	4756	1454	
3 1449	4746	4747	
3 312	1435	4763	
3 1448	4748	4750	
3 1446	4758	4759	
3 4743	4751	1454	
3 1457	1456	1453	
3 4744	4752	1398	
3 1454	1457	1453	
3 1401	4762	4747	
3 1459	1458	1456	
3 1446	4761	1459	
3 1446	1459	1457	
3 1459	1456	1457	
3 1436	1458	1459	
3 1461	1489	1492	
3 1489	103	1485	
3 1460	103	1461	
3 1461	330	1462	
3 330	1496	1498	
3 1498	1462	330	
3 317	1515	1531	
3 181	180	1465	
3 1463	105	1464	
3 1841	1816	177	
3 1845	1466	338	
3 318	1747	1749	
3 2054	256	2052	
3 3340	3342	344	
3 423	2064	2070	
3 1467	258	1468	
3 1469	519	1470	
3 3424	1470	519	
3 2283	1470	975	
3 1472	1495	1505	
3 1494	1492	1493	
3 1508	1472	1505	
3 317	1497	1499	
3 1475	257	1473	
3 1475	1467	257	
3 2056	1474	2054	
3 1474	345	1475	
3 1467	1475	345	
3 445	2389	2395	
3 1476	536	1477	
3 3426	1477	536	
3 2467	1477	977	
3 1481	101	100	
3 1478	1479	1480	
3 1478	101	1479	
3 468	1482	1480	
3 1482	383	1500	
3 1525	99	98	
3 1479	1483	468	
3 1484	1482	468	
3 1489	1500	383	
3 1486	1483	1481	
3 1491	1484	1487	
3 1487	468	1483	
3 1484	552	1488	
3 383	1492	1489	
3 1500	102	1480	
3 1481	1490	1486	
3 1486	1490	1502	
3 1486	1487	1483	
3 1503	1487	1486	
3 1507	1488	552	
3 1493	1488	1471	
3 1461	103	1489	
3 1517	1481	100	
3 1490	385	1502	
3 1503	1491	1487	
3 1506	1509	1503	
3 1493	1492	383	
3 330	1461	1492	
3 1488	1493	383	
3 1494	1493	1471	
3 1495	1494	1471	
3 1492	1494	330	
3 1505	1495	1471	
3 1497	1496	1495	
3 1497	1495	1472	
3 1496	1497	1498	
3 1499	1497	1472	
3 1498	1497	317	
3 1531	1498	317	
3 1462	1498	1463	
3 1512	1499	1472	
3 1523	1515	1499	
3 1489	1485	1500	
3 1500	1485	102	
3 99	1516	1501	
3 1490	1481	1517	
3 1518	1502	385	
3 1502	1518	1519	
3 1506	1503	384	
3 1509	1491	1503	
3 1511	1513	1521	
3 552	1510	1507	
3 1471	1488	1507	
3 1505	469	1508	
3 1502	1519	384	
3 1506	1519	1528	
3 1510	552	1504	
3 469	1505	1507	
3 1511	1508	469	
3 1499	1512	721	
3 1520	1509	1506	
3 1504	1491	1509	
3 1511	1521	907	
3 469	1507	1510	
3 1513	469	1510	
3 1522	1514	1511	
3 1472	1508	1512	
3 1514	1508	1511	
3 1510	1504	1513	
3 611	1513	1504	
3 1522	1511	907	
3 721	1512	1514	
3 1524	1515	677	
3 317	1499	1515	
3 1516	1525	1526	
3 1501	1516	1517	
3 385	1517	1516	
3 1526	1518	385	
3 1518	1526	1527	
3 1528	1519	678	
3 1506	384	1519	
3 1506	1528	1529	
3 1504	1520	611	
3 1513	611	1521	
3 1521	611	1582	
3 907	1581	1522	
3 1522	1581	1603	
3 721	769	1523	
3 1523	769	1537	
3 1530	1524	677	
3 1524	382	1531	
3 470	2440	2439	
3 331	1527	1526	
3 1516	1526	385	
3 1525	331	1526	
3 1532	1527	331	
3 1527	1532	1533	
3 1533	1528	678	
3 1528	875	1529	
3 611	1520	1529	
3 1529	1520	1506	
3 1534	1530	677	
3 1530	329	1535	
3 1536	1531	382	
3 1498	1531	1463	
3 1595	331	386	
3 1597	1532	1595	
3 1599	1533	722	
3 1528	1533	875	
3 1537	1534	677	
3 1534	720	1538	
3 1543	1539	329	
3 1544	105	1536	
3 1536	382	1540	
3 105	1463	1536	
3 1523	1537	677	
3 1537	769	1541	
3 1542	1538	720	
3 1538	1542	1543	
3 1561	379	1557	
3 1540	1545	106	
3 382	1535	1540	
3 1539	1540	1535	
3 1546	1541	769	
3 720	1541	1547	
3 1547	1542	720	
3 1542	1547	1548	
3 1549	1543	675	
3 1539	1543	379	
3 1561	1545	1539	
3 1540	106	1544	
3 107	106	1545	
3 1546	769	1603	
3 1553	768	1583	
3 1541	1546	1547	
3 1547	1546	1583	
3 1550	1548	768	
3 1548	1550	1551	
3 1551	1549	675	
3 1552	1549	328	
3 1553	1550	768	
3 718	1550	1554	
3 1555	1551	718	
3 1549	1551	328	
3 1559	1556	328	
3 1560	107	1561	
3 1547	1583	768	
3 1572	1568	766	
3 1550	1553	1554	
3 1572	1554	1553	
3 1558	1555	718	
3 1555	1558	1559	
3 1576	381	1571	
3 1557	1562	108	
3 379	1552	1557	
3 1556	1557	1552	
3 1554	1558	718	
3 1558	1554	1563	
3 1564	1559	676	
3 1556	1559	381	
3 1545	1561	107	
3 1557	108	1560	
3 1539	379	1561	
3 1576	1562	1556	
3 109	108	1562	
3 766	1565	1563	
3 1563	1565	1569	
3 1566	1564	676	
3 1564	1566	1567	
3 1568	1565	766	
3 1569	719	1574	
3 676	1563	1569	
3 1566	1569	1574	
3 1579	1570	380	
3 1575	109	1576	
3 1554	1572	766	
3 1568	802	1573	
3 719	1569	1565	
3 676	1569	1566	
3 464	2562	1570	
3 110	1570	111	
3 381	1567	1571	
3 1570	1571	1567	
3 1553	832	1572	
3 1568	1577	802	
3 1584	1573	802	
3 1584	1580	1573	
3 719	1578	1574	
3 1574	1578	1579	
3 1562	1576	109	
3 1571	110	1575	
3 1556	381	1576	
3 832	1587	1572	
3 1593	835	1585	
3 1578	719	1573	
3 1579	1578	551	
3 1588	1579	551	
3 1570	1579	464	
3 1589	1580	767	
3 551	1578	1580	
3 1602	1581	907	
3 1581	803	1603	
3 875	1599	1601	
3 876	1594	1582	
3 1546	980	1583	
3 3429	1583	980	
3 1585	1584	802	
3 1584	1585	1586	
3 1577	1590	802	
3 1587	1577	1572	
3 1585	835	1586	
3 1586	1605	1592	
3 1604	1587	832	
3 802	1590	1585	
3 1588	551	1591	
3 464	1588	375	
3 1592	767	1586	
3 1589	717	1591	
3 1577	1587	1590	
3 1590	1587	1593	
3 1591	551	1580	
3 2508	717	2505	
3 1605	1586	835	
3 1592	811	813	
3 1604	1593	1587	
3 1607	3431	915	
3 946	1594	876	
3 907	1521	1594	
3 1596	386	470	
3 1595	1596	1597	
3 470	2442	2447	
3 1597	1596	554	
3 554	3430	1598	
3 722	1532	1597	
3 1600	1598	929	
3 722	1597	1598	
3 722	1598	1600	
3 1599	1600	1601	
3 929	877	1600	
3 1600	877	1601	
3 1601	877	3708	
3 1582	875	1601	
3 1594	1602	907	
3 1602	946	1606	
3 1603	803	3428	
3 769	721	1603	
3 1604	832	3510	
3 1593	1604	1020	
3 1607	1605	835	
3 811	1592	1605	
3 1608	1606	946	
3 1606	1608	1609	
3 3431	835	1593	
3 3594	836	813	
3 946	3709	1608	
3 1608	3709	3768	
3 960	1609	1608	
3 1609	3509	3428	
3 1667	1669	364	
3 324	1650	1649	
3 2710	2712	2718	
3 1611	2719	1613	
3 1613	332	1614	
3 1615	1612	1611	
3 1615	1613	391	
3 332	1617	1614	
3 1617	1619	2649	
3 1616	1615	391	
3 1615	220	1612	
3 1616	2640	2638	
3 220	1616	221	
3 1618	1617	332	
3 1617	979	1619	
3 2714	2716	392	
3 1618	565	3432	
3 3571	1619	979	
3 2646	2648	2652	
3 1641	1647	361	
3 1620	323	1628	
3 200	2894	2900	
3 1620	33	1621	
3 1622	2851	2850	
3 1620	1624	33	
3 2850	1623	1622	
3 1625	1624	363	
3 363	1626	1625	
3 362	442	1683	
3 1627	1626	363	
3 362	1625	1626	
3 1628	1627	363	
3 1627	672	1629	
3 1620	1628	363	
3 1628	323	1630	
3 1631	1629	672	
3 1629	1631	1632	
3 1633	1630	323	
3 1630	1633	1634	
3 1634	1631	672	
3 762	714	1631	
3 714	1635	1632	
3 1632	1635	1636	
3 1637	1633	323	
3 1633	1637	1638	
3 1639	1634	713	
3 1631	1634	762	
3 1640	1635	714	
3 1636	1635	534	
3 1684	1636	534	
3 442	362	1636	
3 1641	1637	323	
3 1637	1641	1642	
3 1643	1638	671	
3 1638	1643	1644	
3 1638	1644	713	
3 1645	831	762	
3 798	1640	714	
3 1635	1646	534	
3 323	1620	1641	
3 1647	1641	1620	
3 1649	1642	361	
3 1642	1649	1650	
3 1650	1643	671	
3 1651	1643	715	
3 1645	1639	1652	
3 1639	713	1644	
3 1644	1652	1639	
3 1652	1644	764	
3 1640	763	1646	
3 1653	763	712	
3 1620	32	1647	
3 1648	32	31	
3 361	1647	1648	
3 32	1648	1647	
3 1648	1649	361	
3 1610	324	1649	
3 1654	1650	324	
3 1643	1650	715	
3 1655	1651	715	
3 1651	1655	1662	
3 764	1651	1662	
3 1666	1652	1663	
3 322	1688	1691	
3 1688	357	1684	
3 1664	1654	324	
3 1656	1654	673	
3 1656	1655	715	
3 1657	1655	1656	
3 1654	1656	715	
3 1675	673	1672	
3 1659	765	1658	
3 799	1655	1657	
3 1694	765	716	
3 1660	1659	1658	
3 1660	1658	801	
3 1659	1660	1661	
3 3731	3595	1024	
3 1659	1661	799	
3 1660	1665	1661	
3 1666	1663	1665	
3 799	1661	1662	
3 764	1663	1652	
3 1662	1661	1663	
3 1663	1661	1665	
3 1667	1664	324	
3 1664	1667	1668	
3 1685	1665	1660	
3 1665	800	1666	
3 1666	800	1686	
3 1645	1652	1666	
3 324	1610	1667	
3 1669	1667	1610	
3 1671	1668	364	
3 1668	1671	1672	
3 1610	30	1669	
3 1670	30	29	
3 364	1669	1670	
3 30	1670	1669	
3 1670	1673	364	
3 1673	1670	29	
3 1674	1672	316	
3 1675	765	1656	
3 28	1677	29	
3 1671	1676	316	
3 1676	1678	316	
3 1674	1678	1687	
3 1672	1674	1675	
3 716	1675	1674	
3 1677	1673	29	
3 1676	1673	1677	
3 1677	1681	1680	
3 1676	1680	1678	
3 1687	1678	869	
3 1674	316	1678	
3 1677	28	1681	
3 869	1680	1681	
3 869	1678	1680	
3 28	1679	1681	
3 869	1681	1679	
3 362	1683	1625	
3 1683	1682	1625	
3 442	1699	1683	
3 1688	534	1653	
3 1684	357	1701	
3 801	1685	1660	
3 1665	1689	800	
3 1689	1692	1693	
3 1693	1686	800	
3 869	3434	1687	
3 716	3622	1697	
3 534	1688	1684	
3 1691	1688	1653	
3 982	1692	1685	
3 1689	1685	1692	
3 3596	1690	852	
3 831	3597	798	
3 1653	712	1691	
3 1926	1695	712	
3 1696	1692	982	
3 1693	852	1690	
3 1689	1693	800	
3 1693	1692	1696	
3 1697	1694	716	
3 801	1658	1694	
3 1920	1695	777	
3 1930	1695	670	
3 3595	3731	982	
3 1696	3598	3599	
3 716	1687	3622	
3 3732	1000	1024	
3 35	1683	1699	
3 1698	1699	1700	
3 1698	35	1699	
3 442	1701	1700	
3 357	1703	1704	
3 1684	1701	442	
3 1704	1703	1702	
3 1703	37	1702	
3 36	1700	1704	
3 357	322	1703	
3 1925	1706	322	
3 357	1704	1701	
3 1706	1705	38	
3 1707	1705	360	
3 37	1706	38	
3 322	1706	1703	
3 1919	1707	360	
3 1908	1811	359	
3 1708	185	1743	
3 1710	1708	335	
3 1711	1710	335	
3 1712	1709	1708	
3 1712	1710	403	
3 1713	1711	335	
3 1711	680	1714	
3 1715	1712	403	
3 1712	186	1709	
3 1716	1713	335	
3 1713	726	1717	
3 1718	1714	680	
3 1719	1714	402	
3 1719	403	1714	
3 186	1715	187	
3 1720	1716	335	
3 1716	681	1721	
3 1722	1717	726	
3 1717	1722	1723	
3 1723	1718	680	
3 1724	1718	724	
3 1763	1725	402	
3 1715	403	1719	
3 1708	1720	335	
3 1720	404	1726	
3 1727	1721	681	
3 1721	1727	1728	
3 1721	1728	726	
3 1735	1728	773	
3 1730	1723	772	
3 1718	1723	724	
3 1761	1724	724	
3 1763	496	1725	
3 496	3054	1725	
3 3058	1731	3056	
3 1732	1726	404	
3 1733	1726	336	
3 1733	1727	681	
3 1734	1727	725	
3 1735	1729	1722	
3 1722	726	1728	
3 772	1722	1729	
3 1735	1722	1728	
3 1736	1730	772	
3 1730	1736	1737	
3 1719	1731	1715	
3 1725	3054	3056	
3 404	1738	1732	
3 1744	1738	184	
3 1740	1733	336	
3 1727	1733	725	
3 725	1740	1746	
3 1734	725	1741	
3 1735	773	1742	
3 833	1729	1735	
3 772	1729	1736	
3 1764	1736	1729	
3 805	1765	1737	
3 1765	1767	1737	
3 1743	1738	404	
3 1744	1739	1732	
3 1744	1732	1738	
3 1739	1744	1756	
3 1745	1740	336	
3 1746	1740	668	
3 1758	1759	1760	
3 1760	771	1758	
3 1742	981	3435	
3 773	1734	1742	
3 1708	1743	404	
3 184	1743	185	
3 184	183	1744	
3 1756	1744	183	
3 1739	1745	336	
3 1747	1745	337	
3 1746	668	1748	
3 1741	725	1746	
3 1749	1747	337	
3 1750	1747	318	
3 1750	668	1747	
3 1748	1750	1754	
3 1752	1749	337	
3 1466	318	1749	
3 1750	318	1753	
3 1748	668	1750	
3 1755	1751	709	
3 771	1748	1751	
3 1756	1752	337	
3 1759	1755	804	
3 1834	1845	338	
3 1753	1844	1786	
3 1753	1754	1750	
3 709	1751	1754	
3 1794	1791	908	
3 1759	1758	1755	
3 1739	1756	337	
3 182	1756	183	
3 181	1466	1757	
3 1752	1466	1749	
3 1741	771	1760	
3 1787	1759	804	
3 1760	981	1742	
3 981	1760	1759	
3 1742	1741	1760	
3 1767	724	1737	
3 1761	1767	1762	
3 1769	1762	770	
3 1762	1769	1770	
3 1724	572	1763	
3 572	2941	2943	
3 833	3633	1788	
3 1764	1788	1766	
3 1766	1765	805	
3 1767	1765	770	
3 1764	1766	805	
3 1765	1768	770	
3 1762	1767	770	
3 1767	1761	724	
3 838	1772	1766	
3 1768	1772	1771	
3 1771	770	1768	
3 1769	1771	1773	
3 2939	723	1778	
3 2939	334	2941	
3 1768	1766	1772	
3 1769	1773	723	
3 1774	1772	838	
3 1772	1774	1775	
3 1772	1775	1771	
3 1773	1775	1777	
3 3436	1774	838	
3 3437	1774	917	
3 1777	1775	818	
3 1773	1771	1775	
3 723	1773	1776	
3 1776	1773	1777	
3 818	820	1777	
3 1777	820	1779	
3 1778	787	2930	
3 2938	679	2934	
3 787	1776	1779	
3 1777	1779	1776	
3 820	1781	1782	
3 1780	819	2929	
3 820	3438	1781	
3 1781	3438	3513	
3 820	1782	1780	
3 1781	821	1783	
3 1784	1783	821	
3 2931	788	2924	
3 1785	1784	821	
3 2925	822	2922	
3 1789	1785	821	
3 1785	840	1790	
3 1791	1786	498	
3 1786	1791	1794	
3 804	1799	1807	
3 1787	3440	3514	
3 833	1788	1764	
3 1021	3623	3436	
3 1781	3513	821	
3 1797	1792	1789	
3 840	1798	1793	
3 789	822	1790	
3 498	1795	1791	
3 1791	1795	1796	
3 1797	1789	918	
3 1797	1802	1792	
3 1793	854	2940	
3 789	1790	1793	
3 1755	709	1794	
3 1786	1794	709	
3 1827	573	1837	
3 1796	1795	626	
3 1809	1796	626	
3 908	1806	1804	
3 1801	1797	918	
3 1798	840	1802	
3 840	1792	1802	
3 1798	1802	1805	
3 1804	1799	908	
3 804	1755	1799	
3 1826	1819	1822	
3 1800	1832	1835	
3 3753	918	3671	
3 3753	3755	1801	
3 1805	1802	1808	
3 1797	1808	1802	
3 3711	1803	868	
3 2942	1803	865	
3 908	1796	1806	
3 1804	947	1807	
3 868	1803	1805	
3 1803	1798	1805	
3 1809	1806	1796	
3 1806	879	3517	
3 3519	3523	947	
3 804	1807	3440	
3 1801	1808	1797	
3 868	1805	1808	
3 1852	626	1839	
3 878	1860	1852	
3 40	39	1811	
3 1812	1810	444	
3 359	1811	1707	
3 444	1810	1811	
3 1906	1812	444	
3 1884	1901	358	
3 1816	178	177	
3 1813	1814	1815	
3 1813	178	1814	
3 497	1817	1815	
3 405	1824	1829	
3 1846	176	175	
3 1814	1818	497	
3 1819	1817	497	
3 1829	1824	1820	
3 1821	1818	1816	
3 1819	1826	573	
3 1822	497	1818	
3 1819	573	1823	
3 1824	180	1820	
3 179	1815	1829	
3 1816	1825	1821	
3 1821	1825	1831	
3 1821	1822	1818	
3 1822	1832	1826	
3 573	1833	1837	
3 1823	573	1827	
3 1828	1824	405	
3 1465	180	1824	
3 1825	407	1831	
3 1822	1821	1832	
3 1833	1826	1800	
3 1827	1844	1834	
3 405	1834	1828	
3 405	1823	1834	
3 1465	1828	338	
3 1815	1817	1829	
3 405	1829	1817	
3 176	1840	1830	
3 1825	1816	1841	
3 1842	1831	407	
3 1831	1842	1843	
3 1835	1832	406	
3 1800	1826	1832	
3 1836	1833	1800	
3 1837	1795	498	
3 1844	1827	498	
3 1834	1844	1845	
3 1831	1843	406	
3 1849	878	1839	
3 1838	1836	1800	
3 626	1795	1836	
3 1837	1833	1836	
3 498	1827	1837	
3 1800	1835	1838	
3 1839	878	1852	
3 1838	1835	1839	
3 1835	1843	1849	
3 1840	1846	1847	
3 1830	1840	1841	
3 407	1841	1840	
3 1847	1842	407	
3 1842	1847	1848	
3 1849	1843	682	
3 1835	406	1843	
3 1786	1844	498	
3 1845	1844	1753	
3 1753	318	1845	
3 1466	1845	318	
3 3000	3003	3020	
3 339	1848	1847	
3 1840	1847	407	
3 3021	1847	1846	
3 1850	1848	339	
3 1848	1850	1851	
3 1849	682	1851	
3 1835	1849	1839	
3 339	3021	1854	
3 1856	1850	1854	
3 1858	1851	727	
3 1849	1851	878	
3 1851	1858	878	
3 626	1852	1809	
3 1861	1862	1853	
3 1809	1852	1853	
3 408	3003	1855	
3 1854	1855	1856	
3 499	3002	3010	
3 1856	1855	575	
3 3026	575	3014	
3 727	1850	1856	
3 1859	1857	930	
3 727	1856	1857	
3 1857	1859	727	
3 878	1858	1860	
3 930	880	1859	
3 1861	1853	1860	
3 1858	1859	1860	
3 1861	880	1862	
3 1860	1859	1861	
3 1859	880	1861	
3 1862	3515	3442	
3 3443	3441	1862	
3 1866	1864	44	
3 1863	1864	1865	
3 1863	44	1864	
3 437	1868	1865	
3 353	1888	1889	
3 43	1870	1869	
3 1866	1869	1870	
3 1871	1867	529	
3 437	1864	1867	
3 1876	437	1867	
3 1889	1888	1873	
3 1874	1870	43	
3 1866	44	1869	
3 1870	1874	1878	
3 1878	529	1870	
3 597	1872	1876	
3 597	530	1872	
3 1880	1877	1872	
3 1888	46	1873	
3 45	1865	1889	
3 42	1891	1890	
3 1874	1890	1891	
3 1875	1884	1881	
3 1871	1879	597	
3 597	1876	1871	
3 1872	437	1876	
3 1880	1872	530	
3 1877	1880	1883	
3 443	1878	1874	
3 1875	529	1878	
3 1875	1881	1879	
3 1886	1882	1885	
3 1903	1880	530	
3 1877	1883	353	
3 1884	1875	443	
3 1885	1882	597	
3 1951	1882	640	
3 530	597	1882	
3 1892	1883	1880	
3 353	1893	1888	
3 1901	1884	443	
3 358	1905	1904	
3 1881	705	1885	
3 1882	1886	640	
3 1885	705	1886	
3 1887	1886	705	
3 1914	756	1910	
3 1918	1887	1914	
3 1893	353	1883	
3 1893	1894	1888	
3 353	1889	1868	
3 42	1812	1891	
3 1874	43	1890	
3 1901	1812	358	
3 1903	1892	1880	
3 1932	1900	1902	
3 1883	321	1893	
3 1894	1893	321	
3 1898	1894	321	
3 1897	47	1896	
3 1897	1896	1894	
3 1896	1888	1894	
3 47	1895	1896	
3 1898	1897	1894	
3 1897	356	1899	
3 321	1892	1902	
3 1900	533	1931	
3 1899	2360	2358	
3 47	1899	48	
3 356	1898	1900	
3 1902	1898	321	
3 443	1891	1901	
3 1812	1901	1891	
3 1936	1892	1903	
3 1900	1932	533	
3 1903	530	1951	
3 1903	985	1936	
3 705	1884	1904	
3 358	1904	1884	
3 1906	1905	358	
3 1907	1905	687	
3 1812	1906	358	
3 1908	1906	444	
3 1909	1907	687	
3 1910	1907	795	
3 1811	1908	444	
3 1911	1908	359	
3 1911	1909	687	
3 1912	1909	734	
3 1913	1910	795	
3 756	1914	1887	
3 1915	1911	359	
3 1909	1911	734	
3 1916	1912	734	
3 1917	1912	828	
3 1917	795	1912	
3 1933	1913	1938	
3 1913	1914	1910	
3 1918	1914	845	
3 1919	1915	359	
3 1920	1915	670	
3 1920	734	1915	
3 1921	1916	777	
3 828	1923	1929	
3 1913	795	1917	
3 1940	845	1933	
3 640	1887	1918	
3 1707	1919	359	
3 1925	1919	360	
3 1920	670	1695	
3 1916	734	1920	
3 1922	1921	777	
3 1921	1922	1923	
3 1926	777	1695	
3 1922	777	1926	
3 1928	1923	829	
3 1929	1917	828	
3 1924	858	3667	
3 640	1918	1924	
3 1706	1925	360	
3 1930	322	1691	
3 712	763	1934	
3 829	1927	808	
3 1922	1926	1927	
3 1926	712	1934	
3 3446	829	808	
3 3600	1928	846	
3 1923	1928	1929	
3 830	1929	1928	
3 670	1925	1930	
3 322	1930	1925	
3 1935	1931	533	
3 441	2363	2361	
3 1902	1936	1932	
3 1943	1936	985	
3 1933	830	1939	
3 845	1913	1933	
3 834	1934	763	
3 808	1927	1934	
3 1941	1935	533	
3 1935	1941	1942	
3 1892	1936	1902	
3 1943	1937	1932	
3 1943	1954	1937	
3 1941	847	1942	
3 1917	1938	1913	
3 830	1938	1929	
3 830	1928	3600	
3 858	1924	1939	
3 1933	1939	1940	
3 1939	1924	1940	
3 533	1937	1941	
3 1944	1941	1937	
3 1945	1942	847	
3 1942	1945	1946	
3 1953	1943	985	
3 1954	1943	866	
3 1954	1944	1937	
3 1947	1958	3448	
3 1947	1945	847	
3 1945	1947	1948	
3 1949	1946	599	
3 2329	1946	532	
3 847	1944	1947	
3 1954	1956	1958	
3 859	924	1948	
3 1948	1955	1950	
3 1949	599	1950	
3 532	1949	440	
3 599	1948	1950	
3 1955	1948	924	
3 1924	1951	640	
3 1951	923	1952	
3 985	1903	1952	
3 1951	1952	1903	
3 985	1952	1953	
3 923	1953	1952	
3 3447	3626	866	
3 1954	866	1956	
3 1957	1955	924	
3 354	1950	1955	
3 1956	1042	3448	
3 1954	1958	1944	
3 1959	1957	924	
3 2043	1960	598	
3 1958	1956	3448	
3 1947	1944	1958	
3 924	859	1961	
3 1959	953	1962	
3 439	354	1960	
3 1955	1960	354	
3 1961	3452	1965	
3 1959	1963	953	
3 953	1964	1962	
3 1962	2040	2041	
3 1965	1963	1961	
3 1963	1965	1966	
3 3449	1964	953	
3 2036	2032	2033	
3 3452	1961	859	
3 1965	3452	3453	
3 3454	1966	952	
3 3449	1966	969	
3 2039	659	2038	
3 1967	2035	2037	
3 1968	591	1969	
3 426	520	1968	
3 3456	1969	591	
3 348	2095	2092	
3 258	1467	3340	
3 3143	3145	511	
3 51	1974	1972	
3 1970	260	1971	
3 440	1973	1975	
3 440	1976	1973	
3 354	439	1979	
3 532	440	1974	
3 1972	1974	1975	
3 440	1975	1974	
3 1976	440	1977	
3 354	1973	1976	
3 440	1949	1977	
3 1949	1950	1977	
3 354	1979	1973	
3 1979	1978	1973	
3 1980	1979	439	
3 1981	1980	439	
3 1982	53	1980	
3 2043	1981	439	
3 1981	531	3334	
3 1983	1984	1985	
3 1981	1982	1980	
3 1983	3132	3131	
3 1986	261	1987	
3 3131	1984	1983	
3 1988	1985	417	
3 511	3144	3143	
3 1985	262	1986	
3 3148	1987	511	
3 3148	417	1987	
3 1988	342	3132	
3 1989	584	1990	
3 342	1988	1989	
3 3150	584	3147	
3 1990	3156	3158	
3 1991	269	3346	
3 1991	3115	3114	
3 1993	1994	1995	
3 3114	1992	1991	
3 1997	252	251	
3 1994	1997	1998	
3 1994	420	1995	
3 2000	419	2003	
3 2003	1995	420	
3 2046	2048	512	
3 3173	3177	3194	
3 1994	1998	420	
3 3201	1998	1997	
3 1999	683	2000	
3 1998	346	1999	
3 2001	1999	346	
3 2002	2000	683	
3 2048	2003	419	
3 2004	2001	346	
3 2007	2002	683	
3 683	2005	2007	
3 2051	2050	585	
3 1995	2003	1996	
3 420	2000	2003	
3 3183	3192	421	
3 3200	2004	3191	
3 2001	728	2005	
3 2012	2005	728	
3 2008	2002	2007	
3 633	3455	3531	
3 2005	881	2007	
3 2009	2008	2007	
3 2009	2007	881	
3 633	2006	2008	
3 2010	2009	881	
3 2009	2010	2011	
3 2014	881	2012	
3 2010	2014	2015	
3 882	2011	2010	
3 2011	882	3528	
3 3200	2013	728	
3 881	2014	2010	
3 931	883	2013	
3 2014	2013	883	
3 2013	2014	2012	
3 2015	2014	883	
3 3660	883	3495	
3 2015	3601	3733	
3 2018	59	2016	
3 520	2022	2021	
3 520	426	2017	
3 2017	426	2018	
3 2019	426	348	
3 426	2019	2018	
3 2083	2091	425	
3 2023	2021	57	
3 2020	2021	2022	
3 2020	57	2021	
3 2017	58	2022	
3 2020	2022	58	
3 56	2026	2025	
3 2023	2025	2026	
3 2027	2024	590	
3 520	2021	2024	
3 2028	2042	55	
3 2023	57	2025	
3 2031	2029	590	
3 2029	2027	590	
3 2027	637	2030	
3 3334	2028	55	
3 2029	2031	3337	
3 590	2026	2031	
3 2033	2032	2029	
3 637	1968	2030	
3 1968	520	2030	
3 2026	2028	2031	
3 2028	3335	3337	
3 2033	2029	438	
3 2036	2034	637	
3 438	2035	2033	
3 2034	2036	2038	
3 2044	2034	659	
3 591	637	2034	
3 2035	438	2037	
3 2038	2036	2035	
3 2033	2035	2036	
3 2035	1967	2038	
3 438	3337	3336	
3 531	1981	2043	
3 2039	2038	1967	
3 2034	2038	659	
3 2040	2039	1967	
3 659	2039	1964	
3 2041	2040	1967	
3 1964	2040	1962	
3 2037	2041	1967	
3 1962	2041	598	
3 598	2037	2043	
3 2028	56	2042	
3 2043	2037	3336	
3 659	1964	3450	
3 2044	932	3456	
3 254	1996	2046	
3 2045	2046	2047	
3 2045	254	2046	
3 512	2049	2047	
3 2049	418	2058	
3 2003	2048	1996	
3 2050	419	2006	
3 2051	2049	512	
3 2054	2058	418	
3 585	2050	2006	
3 512	2048	2050	
3 2050	2051	512	
3 2051	585	2053	
3 418	2056	2054	
3 2058	255	2047	
3 513	2055	585	
3 2053	585	2055	
3 1474	256	2054	
3 2059	2055	513	
3 345	2056	2057	
3 418	2053	2057	
3 345	1474	2056	
3 2053	2055	2057	
3 2057	2055	2059	
3 2054	2052	2058	
3 2058	2052	255	
3 711	2059	513	
3 345	2059	319	
3 2063	2098	61	
3 2060	2061	2062	
3 2060	62	2061	
3 518	2064	2062	
3 423	2071	2075	
3 60	2019	2083	
3 2061	2065	518	
3 2066	2064	518	
3 2075	2071	2067	
3 2068	2065	2063	
3 2073	2066	2069	
3 2069	518	2065	
3 2066	589	2070	
3 2071	64	2067	
3 63	2062	2075	
3 2063	2072	2068	
3 2068	2072	2077	
3 2068	2069	2065	
3 2078	2069	2068	
3 589	1469	2070	
3 1469	423	2070	
3 423	2074	2071	
3 2087	2089	347	
3 2072	425	2077	
3 2078	2073	2069	
3 2081	2082	2078	
3 1469	2074	423	
3 2087	65	2089	
3 2062	2064	2075	
3 423	2075	2064	
3 60	2083	2076	
3 425	2072	2084	
3 2085	2077	425	
3 2077	2085	2086	
3 2081	2078	424	
3 2082	2073	2078	
3 2100	2079	636	
3 519	589	2079	
3 65	2080	2089	
3 64	2071	2088	
3 2077	2086	424	
3 2081	2086	2093	
3 2090	2082	2081	
3 2079	2073	2082	
3 2091	2083	2019	
3 2076	2083	2084	
3 425	2084	2083	
3 2091	2085	425	
3 2092	2085	348	
3 2093	2086	684	
3 2081	424	2086	
3 3423	2087	347	
3 2270	2280	2281	
3 347	2088	2074	
3 2080	2088	2089	
3 347	2089	2088	
3 2081	2093	2094	
3 2079	2090	636	
3 2019	348	2091	
3 2085	2091	348	
3 2095	348	1969	
3 2092	2095	2097	
3 2096	2093	684	
3 2096	2094	2093	
3 636	2090	2094	
3 2094	2090	2081	
3 1969	729	2095	
3 729	2096	2097	
3 684	2092	2097	
3 2101	2096	729	
3 729	2097	2095	
3 684	2097	2096	
3 2103	884	2101	
3 2063	62	2098	
3 886	933	3457	
3 3457	636	2099	
3 2100	3425	3424	
3 3456	729	1969	
3 2101	2102	2103	
3 3527	2102	932	
3 2103	2102	885	
3 2103	885	3712	
3 2099	884	2103	
3 2104	2105	2106	
3 2108	236	235	
3 2105	2108	2109	
3 2105	476	2106	
3 2111	475	2114	
3 2114	2106	476	
3 475	2119	3421	
3 3292	3295	3316	
3 2105	2109	476	
3 3313	2109	2108	
3 2110	694	2111	
3 2109	388	2110	
3 2112	2110	388	
3 2113	2111	694	
3 3421	2114	475	
3 2115	2112	388	
3 2116	744	784	
3 694	2116	2118	
3 2117	2113	743	
3 2106	2114	2107	
3 476	2111	2114	
3 3310	477	3304	
3 3502	2115	617	
3 694	2112	2116	
3 744	2116	2112	
3 2127	2117	743	
3 3422	2121	558	
3 2120	2118	784	
3 743	2113	2118	
3 475	2117	2119	
3 648	2119	2117	
3 2122	2120	784	
3 2123	2120	827	
3 2119	648	2121	
3 558	2124	474	
3 2125	2122	784	
3 2135	2126	2130	
3 2137	2123	827	
3 794	2128	2127	
3 2121	648	2124	
3 2124	648	2128	
3 784	744	2125	
3 744	3502	3554	
3 2131	2126	920	
3 827	2122	2126	
3 743	2123	2127	
3 794	2127	2123	
3 2132	2128	794	
3 2128	755	2129	
3 755	793	3258	
3 474	2124	2129	
3 2125	816	2130	
3 2130	816	2135	
3 2136	2131	920	
3 844	2133	2137	
3 2137	794	2123	
3 2132	2133	2134	
3 844	826	2133	
3 2134	2133	826	
3 3262	3261	2134	
3 793	755	2134	
3 2138	2135	816	
3 2135	2138	2139	
3 2139	920	2135	
3 2136	951	3458	
3 794	2137	2133	
3 827	2131	2137	
3 3555	816	3554	
3 3588	2138	3580	
3 2139	962	3602	
3 2136	920	2139	
3 2366	2369	2379	
3 2140	2383	2142	
3 2143	2142	349	
3 2144	2141	2140	
3 2144	2142	429	
3 2145	2143	349	
3 2143	685	2146	
3 2147	2144	429	
3 2144	82	2141	
3 2249	2145	349	
3 2172	2171	2145	
3 2148	2146	685	
3 2149	2146	428	
3 2149	429	2146	
3 2144	2150	82	
3 2151	2148	685	
3 2152	2148	730	
3 2161	2153	428	
3 2147	429	2149	
3 2171	2151	685	
3 2147	83	2150	
3 2175	2151	774	
3 2178	2152	730	
3 2152	638	2161	
3 2160	2153	592	
3 2157	2154	2155	
3 2149	2154	2147	
3 2155	2154	2153	
3 2160	2158	2156	
3 2154	2157	83	
3 2158	85	2156	
3 2160	84	2155	
3 592	2159	2158	
3 2155	84	2157	
3 523	2167	2168	
3 2168	2167	2162	
3 2153	2160	2155	
3 2158	2160	592	
3 592	2153	2161	
3 2159	2163	523	
3 2167	86	2162	
3 85	2158	2168	
3 638	2164	2161	
3 2163	2161	2164	
3 2165	2164	638	
3 2163	2166	523	
3 2179	638	2178	
3 2166	2180	427	
3 2165	2166	2164	
3 2166	427	2181	
3 2181	523	2166	
3 2170	2181	2189	
3 523	2168	2159	
3 2181	2170	2167	
3 2170	2169	2167	
3 2182	2170	522	
3 685	2145	2171	
3 2172	2145	731	
3 2173	2172	731	
3 774	2171	2172	
3 2173	731	3464	
3 2196	2221	2176	
3 2196	2173	806	
3 2175	2176	823	
3 2176	2175	774	
3 2177	2175	823	
3 774	2174	2176	
3 2196	2174	2173	
3 2197	2177	823	
3 2179	2178	2177	
3 730	2177	2178	
3 2179	2177	790	
3 2179	790	2200	
3 2165	638	2179	
3 2165	752	2180	
3 2195	2192	2180	
3 2181	2167	523	
3 2189	2181	427	
3 2183	2182	522	
3 2184	87	2182	
3 522	2185	2183	
3 2188	2201	2186	
3 2187	2185	522	
3 2183	2184	2182	
3 2185	2188	2186	
3 2183	2185	2186	
3 2185	521	2188	
3 2189	2187	522	
3 2187	702	2190	
3 2191	2188	521	
3 2201	2188	613	
3 2170	2189	522	
3 2189	427	2192	
3 2192	2195	702	
3 521	2194	2191	
3 521	2190	2194	
3 2205	2191	647	
3 427	2180	2192	
3 2195	2180	752	
3 901	663	2193	
3 2194	2193	663	
3 2193	2194	2190	
3 2194	663	2257	
3 752	2243	2245	
3 2193	702	2195	
3 2221	2253	2198	
3 2176	2174	2196	
3 2198	2197	823	
3 2199	790	2197	
3 2221	823	2176	
3 2198	823	2221	
3 841	2199	2198	
3 790	2222	2200	
3 2222	790	2199	
3 2200	2222	2243	
3 2202	2203	90	
3 2186	2201	89	
3 613	2204	2203	
3 2203	2201	613	
3 2201	2203	2202	
3 2205	2204	613	
3 2211	2208	2206	
3 2191	2205	613	
3 2205	647	2207	
3 2208	91	2206	
3 90	2203	2211	
3 614	2209	647	
3 2207	647	2209	
3 555	2210	2208	
3 473	2216	2217	
3 555	2212	2210	
3 555	2207	2212	
3 2217	2216	2213	
3 2203	2204	2211	
3 555	2211	2204	
3 2214	2209	614	
3 473	2212	2215	
3 2216	92	2213	
3 91	2208	2217	
3 2218	2214	614	
3 2223	2215	2214	
3 2212	2214	2215	
3 2214	2218	2223	
3 2224	473	2215	
3 2225	2220	2224	
3 473	2217	2210	
3 2250	2218	614	
3 2254	2246	742	
3 2224	2220	2216	
3 2220	2219	2216	
3 93	2238	2237	
3 806	2242	2196	
3 2221	2196	2242	
3 2199	855	2222	
3 2200	2243	752	
3 2226	2227	693	
3 387	2215	2223	
3 2224	2216	473	
3 2225	2224	387	
3 2226	2225	387	
3 472	2220	2225	
3 2227	387	2223	
3 2226	693	2228	
3 2223	742	2227	
3 2244	2229	2227	
3 2230	2228	693	
3 2228	2230	2231	
3 693	2227	2229	
3 2244	2227	742	
3 2232	693	2229	
3 2241	2451	2232	
3 553	2446	2445	
3 93	2220	2238	
3 2236	2229	890	
3 2236	2241	2232	
3 646	3430	2450	
3 2448	2445	2446	
3 2441	2444	553	
3 2235	2239	94	
3 472	2231	2235	
3 2234	2235	2231	
3 2240	2236	890	
3 2233	2451	2241	
3 2220	472	2238	
3 2235	94	2237	
3 2235	2238	472	
3 2444	2239	2234	
3 95	94	2239	
3 2256	890	2248	
3 2240	2256	2251	
3 2240	2241	2236	
3 646	2233	2241	
3 2252	2242	806	
3 2198	2253	841	
3 2222	855	2243	
3 2247	2245	2243	
3 2218	2254	742	
3 2244	2246	2248	
3 2247	2243	855	
3 901	2195	2245	
3 936	891	2246	
3 2246	891	2248	
3 855	841	2255	
3 2247	2255	3459	
3 892	2256	2259	
3 890	2256	2240	
3 349	2383	2384	
3 2249	594	3464	
3 614	2257	2250	
3 2250	2257	2258	
3 3713	2251	892	
3 3430	2251	929	
3 3536	2252	806	
3 2252	3536	3714	
3 2252	2253	2242	
3 3822	1059	1009	
3 2218	2250	2254	
3 936	2254	2250	
3 941	902	2255	
3 2255	902	3459	
3 2259	2256	2248	
3 2251	2256	892	
3 647	2257	614	
3 2258	2257	663	
3 3459	2258	663	
3 2258	3459	3460	
3 2248	891	2259	
3 3629	3832	891	
3 527	2324	2323	
3 2262	2260	350	
3 2262	350	2263	
3 2264	2261	2260	
3 2264	2262	432	
3 2313	596	2303	
3 2316	2268	2263	
3 2265	2264	432	
3 2264	74	2261	
3 2265	2339	2338	
3 2264	2266	74	
3 2267	2312	2317	
3 2265	75	2266	
3 350	2316	2263	
3 3715	2267	2317	
3 595	3461	757	
3 2269	2270	2271	
3 2272	2271	2273	
3 2281	352	2270	
3 2270	352	2271	
3 2272	2273	436	
3 2274	2272	436	
3 2275	67	2272	
3 2271	352	2273	
3 2276	2273	352	
3 436	2276	2284	
3 2274	436	2277	
3 352	2281	2282	
3 2274	2275	2272	
3 2276	528	2284	
3 2290	435	2291	
3 2274	2278	68	
3 2279	2278	2277	
3 69	68	2278	
3 351	2279	2277	
3 2288	2286	70	
3 65	2280	66	
3 2281	2087	320	
3 2087	2281	2280	
3 2282	2281	320	
3 320	1470	2283	
3 528	2276	2282	
3 975	3569	2307	
3 528	2282	2283	
3 2306	2295	2284	
3 2277	2284	351	
3 2279	2287	69	
3 69	2287	2285	
3 435	2289	2286	
3 434	527	2305	
3 2288	435	2286	
3 2285	2287	2288	
3 435	2288	2287	
3 2290	2289	435	
3 434	2286	2289	
3 435	2279	2291	
3 2290	686	2294	
3 2279	351	2291	
3 2290	2292	686	
3 2291	351	2292	
3 2295	2293	2292	
3 2293	732	2296	
3 686	2292	2293	
3 2297	2294	686	
3 2294	2297	2298	
3 351	2284	2295	
3 2306	2284	528	
3 2296	732	2308	
3 733	2297	2299	
3 2293	2297	686	
3 2299	2297	2296	
3 733	2300	2298	
3 2298	2300	2301	
3 2309	2296	3604	
3 2302	2311	2315	
3 2302	2300	733	
3 2301	2300	596	
3 2310	2301	596	
3 527	434	2301	
3 2311	733	2299	
3 2312	2303	2302	
3 2312	2302	776	
3 2303	2312	2313	
3 434	2305	2286	
3 2305	2304	2286	
3 527	2323	2305	
3 2307	2306	528	
3 2306	2307	2308	
3 528	2283	2307	
3 975	2307	2283	
3 2307	775	2308	
3 3661	1061	3749	
3 2302	2315	776	
3 733	2311	2302	
3 596	2313	2314	
3 527	2310	433	
3 2299	2309	2311	
3 2315	2311	2309	
3 2317	2312	776	
3 2313	2312	2267	
3 2314	2313	2316	
3 2314	350	433	
3 596	2314	2310	
3 2316	2313	2267	
3 2309	974	2315	
3 974	3749	3630	
3 2316	2267	2268	
3 350	2314	2316	
3 2315	3630	776	
3 3715	807	3461	
3 2320	73	2318	
3 2320	2260	73	
3 527	433	2319	
3 2319	433	2320	
3 2260	2320	433	
3 524	2368	2376	
3 2249	2321	594	
3 71	2305	2323	
3 2322	2323	2324	
3 2322	71	2323	
3 2319	72	2324	
3 2322	2324	72	
3 190	3059	3060	
3 334	2938	2937	
3 49	2357	2359	
3 2325	191	2326	
3 2329	2327	355	
3 1946	2329	355	
3 2330	2328	2327	
3 2330	2329	532	
3 2328	2330	50	
3 2329	2330	2327	
3 532	1974	2332	
3 2332	2330	532	
3 2330	2332	2331	
3 2333	2334	2335	
3 2333	2337	2342	
3 2335	2338	526	
3 2344	2334	2333	
3 2337	2335	526	
3 526	2340	2341	
3 2335	76	2336	
3 2337	431	2342	
3 75	2265	2338	
3 2336	75	2338	
3 432	2263	2340	
3 526	2338	2339	
3 2263	595	2340	
3 595	2341	2340	
3 757	2341	595	
3 431	2337	2341	
3 2343	2342	431	
3 2344	2342	525	
3 2345	2343	431	
3 2343	706	2346	
3 2347	2344	525	
3 2344	77	2334	
3 2341	2345	431	
3 2345	757	2349	
3 2346	706	2350	
3 2377	2346	2375	
3 2371	2374	593	
3 2344	2348	77	
3 2353	757	2351	
3 2347	78	2348	
3 757	2353	2349	
3 2352	2350	706	
3 639	2355	594	
3 757	3461	3534	
3 2351	910	2354	
3 2350	2352	660	
3 706	2349	2352	
3 2354	2353	2351	
3 660	2352	2353	
3 3535	910	3463	
3 660	3465	2356	
3 2350	660	2355	
3 2356	909	3464	
3 2355	660	2356	
3 3465	660	2354	
3 48	1899	2358	
3 2357	2358	2359	
3 2357	48	2358	
3 2361	2359	441	
3 2327	49	2359	
3 356	1900	2362	
3 441	2358	2360	
3 2363	441	1931	
3 355	2327	2361	
3 1900	1931	2362	
3 441	2362	1931	
3 1935	2363	1931	
3 355	2361	2363	
3 2367	2365	79	
3 2364	2365	2366	
3 2364	79	2365	
3 524	2369	2366	
3 2380	2382	2378	
3 78	2371	2370	
3 2367	2370	2371	
3 2372	2368	593	
3 524	2365	2368	
3 2321	2369	524	
3 2382	2380	2379	
3 78	2347	2371	
3 2367	79	2370	
3 2374	2371	2347	
3 593	2374	2377	
3 2372	639	2376	
3 2381	2380	2378	
3 2379	80	2366	
3 2347	525	2374	
3 2346	2374	525	
3 2377	2372	593	
3 2346	2350	2375	
3 639	2321	2376	
3 2321	524	2376	
3 2346	2377	2374	
3 2375	2372	2377	
3 2383	2378	430	
3 2380	2381	81	
3 2382	2369	430	
3 81	2373	2380	
3 2379	2380	2373	
3 2378	2140	2381	
3 2141	2381	2140	
3 2369	2382	2379	
3 430	2378	2382	
3 2384	2383	430	
3 2383	349	2142	
3 2321	2384	430	
3 349	2384	2249	
3 2388	139	138	
3 2385	2386	2387	
3 2385	139	2386	
3 535	2389	2387	
3 445	2396	2400	
3 2415	137	136	
3 2386	2390	535	
3 2391	2389	535	
3 2400	2396	2392	
3 2393	2390	2388	
3 2398	2391	2394	
3 2394	535	2390	
3 2391	600	2395	
3 2396	141	2392	
3 140	2387	2400	
3 2388	2397	2393	
3 2393	2397	2402	
3 2393	2394	2390	
3 2403	2394	2393	
3 600	1476	2395	
3 1476	445	2395	
3 445	2399	2396	
3 365	2412	2413	
3 2397	447	2402	
3 2403	2398	2394	
3 2406	2407	2403	
3 1476	2399	445	
3 2413	2412	2405	
3 2387	2389	2400	
3 445	2400	2389	
3 137	2408	2401	
3 2397	2388	2409	
3 2410	2402	447	
3 2402	2410	2411	
3 2406	2403	446	
3 2407	2398	2403	
3 2427	2404	641	
3 536	600	2404	
3 2412	142	2405	
3 141	2396	2413	
3 2402	2411	446	
3 2406	2411	2418	
3 2414	2407	2406	
3 2404	2398	2407	
3 2408	2415	2416	
3 2401	2408	2409	
3 447	2409	2408	
3 2416	2410	447	
3 2410	2416	2417	
3 2418	2411	688	
3 2406	446	2411	
3 365	2419	2412	
3 2465	2421	325	
3 365	2413	2399	
3 2406	2418	2422	
3 2404	2414	641	
3 537	2753	2752	
3 366	2417	2416	
3 2408	2416	447	
3 2415	366	2416	
3 2423	2417	366	
3 2417	2423	2424	
3 2424	2418	688	
3 2418	887	2422	
3 2419	365	2425	
3 2421	2419	325	
3 2421	2412	2419	
3 2421	2420	2412	
3 2457	2421	370	
3 641	2414	2422	
3 2422	2414	2406	
3 2428	366	448	
3 2430	2423	2428	
3 2432	2424	735	
3 2418	2424	887	
3 365	1476	2425	
3 1476	1477	2425	
3 887	2432	2434	
3 889	935	3466	
3 3466	641	2426	
3 2427	3427	3426	
3 2429	448	537	
3 2428	2429	2430	
3 537	2755	2761	
3 2430	2429	602	
3 2772	602	2765	
3 735	2423	2430	
3 2433	2431	934	
3 735	2430	2431	
3 735	2431	2433	
3 2432	2433	2434	
3 3539	2433	934	
3 2433	888	2434	
3 2434	888	3718	
3 2426	887	2434	
3 2437	98	2435	
3 2437	1525	98	
3 470	386	2436	
3 2436	386	2437	
3 1525	2437	386	
3 2441	2439	96	
3 2438	2439	2440	
3 2438	96	2439	
3 2436	97	2440	
3 2438	2440	97	
3 95	2444	2443	
3 2441	2443	2444	
3 2445	2442	553	
3 470	2439	2442	
3 2239	2444	95	
3 2441	96	2443	
3 2234	553	2444	
3 553	2234	2446	
3 2445	612	2447	
3 2234	471	2446	
3 2446	2449	2448	
3 612	1596	2447	
3 1596	470	2447	
3 2449	2446	471	
3 2450	2448	2233	
3 2451	471	2230	
3 2233	2448	2449	
3 646	2450	2233	
3 554	612	2450	
3 2451	2230	2232	
3 2233	2449	2451	
3 2777	2780	2801	
3 2865	2868	451	
3 2457	2455	144	
3 2452	159	2453	
3 2454	2455	2456	
3 2454	144	2455	
3 2459	458	2464	
3 2456	458	2459	
3 2463	143	2457	
3 2421	2457	143	
3 2460	2458	370	
3 458	2455	2458	
3 2462	369	457	
3 2456	2461	145	
3 370	2421	2465	
3 545	2469	2466	
3 2462	2461	2459	
3 146	145	2461	
3 369	2462	2459	
3 2462	457	2625	
3 458	2460	2464	
3 2457	144	2463	
3 545	2464	2460	
3 2467	2465	325	
3 545	2460	2465	
3 369	2464	2466	
3 545	2466	2464	
3 1477	2467	325	
3 3570	2471	977	
3 2470	2468	738	
3 369	2468	690	
3 2471	2469	545	
3 2469	2471	2472	
3 2472	2470	738	
3 2731	739	2736	
3 545	2467	2471	
3 977	2471	2467	
3 3605	2472	779	
3 3605	2735	2472	
3 2473	2474	2475	
3 2477	2519	117	
3 2474	2477	2478	
3 2474	466	2475	
3 2480	465	2483	
3 2483	2475	466	
3 2565	2567	546	
3 2477	2494	2490	
3 2474	2478	466	
3 2490	2478	2477	
3 2479	691	2480	
3 2478	376	2479	
3 2481	2479	376	
3 2482	2480	691	
3 2567	2483	465	
3 2484	2481	376	
3 2481	741	2485	
3 691	2485	2489	
3 2570	2569	608	
3 2475	2483	2476	
3 466	2480	2483	
3 2486	2484	376	
3 2487	2484	692	
3 2488	2485	741	
3 691	2489	2482	
3 2490	2486	376	
3 2486	467	2491	
3 2492	2487	692	
3 2493	815	2488	
3 2493	741	2487	
3 783	2488	815	
3 2485	783	2489	
3 2523	2522	2489	
3 2478	2490	376	
3 2477	117	2494	
3 2495	2491	467	
3 377	2500	2496	
3 2496	2492	692	
3 2509	740	2506	
3 2487	782	2493	
3 2493	782	2517	
3 2497	116	2498	
3 467	2490	2494	
3 2498	467	2494	
3 115	2513	2501	
3 692	2491	2496	
3 377	2496	2491	
3 2501	2498	116	
3 2494	117	2497	
3 2495	467	2498	
3 2501	2495	2498	
3 2499	2501	2513	
3 377	2499	2502	
3 2503	2500	674	
3 115	2501	116	
3 2499	2495	2501	
3 378	2507	2504	
3 674	2500	2502	
3 2505	2503	674	
3 2506	812	2509	
3 2508	2504	327	
3 674	2502	2504	
3 2508	674	2504	
3 717	781	2505	
3 2503	781	2506	
3 781	812	2506	
3 378	2510	2507	
3 2515	2511	2507	
3 1591	2508	327	
3 2505	674	2508	
3 2509	812	2512	
3 2492	740	2509	
3 2513	2510	378	
3 2510	114	2515	
3 2507	2510	2515	
3 113	2560	2515	
3 2516	2512	812	
3 2517	815	2493	
3 2499	2513	378	
3 2510	2518	114	
3 1588	2514	375	
3 327	2514	1591	
3 114	113	2515	
3 464	2563	2562	
3 812	813	2516	
3 3467	813	836	
3 2516	2517	2512	
3 2521	2517	814	
3 2522	2482	2489	
3 2513	115	2518	
3 2477	118	2519	
3 2520	645	2536	
3 2535	2521	814	
3 837	2527	2526	
3 2523	2489	783	
3 645	2520	2522	
3 2524	2523	783	
3 2523	2524	2525	
3 2526	2524	783	
3 2527	2524	2526	
3 2528	2525	853	
3 2525	2528	2530	
3 815	2526	783	
3 2521	837	2526	
3 2529	2527	837	
3 853	2524	2527	
3 2531	853	2527	
3 2533	2534	2528	
3 837	2535	2539	
3 2532	2531	2529	
3 2528	864	2530	
3 2540	2536	2530	
3 2532	2529	867	
3 853	2531	2533	
3 2537	2534	2532	
3 853	2533	2528	
3 2531	2532	2533	
3 2534	2533	2532	
3 2537	2532	867	
3 2534	2537	3606	
3 2538	2535	814	
3 837	2539	2529	
3 2536	547	608	
3 645	2530	2536	
3 867	3538	3639	
3 2534	3606	864	
3 3467	814	2516	
3 3607	2538	836	
3 2538	2539	2535	
3 2529	3468	867	
3 864	983	2540	
3 2583	2540	983	
3 549	3391	3390	
3 2543	2541	372	
3 2543	372	2544	
3 2545	2542	2541	
3 2545	2543	461	
3 2548	2544	372	
3 2544	2548	2549	
3 2546	2545	461	
3 2545	130	2542	
3 2546	3395	3393	
3 2545	2547	130	
3 372	2550	2548	
3 2546	131	2547	
3 2548	2550	2553	
3 2551	2549	925	
3 2549	2551	2552	
3 462	2550	372	
3 610	2614	2550	
3 2553	2617	925	
3 2551	2554	2556	
3 955	2555	2552	
3 2557	609	2552	
3 2611	610	2602	
3 2553	2616	2617	
3 2554	861	3739	
3 2551	2556	955	
3 3469	2555	955	
3 2767	2765	642	
3 3473	2556	2554	
3 955	3470	3469	
3 2769	661	2768	
3 2557	2766	2770	
3 112	2559	2558	
3 2511	2560	375	
3 464	375	2559	
3 375	2560	2559	
3 2515	2560	2511	
3 111	1570	2562	
3 2561	2562	2563	
3 2561	111	2562	
3 2559	112	2563	
3 2561	2563	112	
3 120	2476	2565	
3 2564	2565	2566	
3 2564	120	2565	
3 546	2568	2566	
3 459	2573	2576	
3 2483	2567	2476	
3 2569	465	2520	
3 2570	2568	546	
3 2576	2573	2571	
3 608	2569	2520	
3 546	2567	2569	
3 2569	2570	546	
3 2570	608	2572	
3 2573	122	2571	
3 121	2566	2576	
3 547	2574	608	
3 2572	608	2574	
3 459	2575	2573	
3 371	2581	2582	
3 459	2577	2575	
3 459	2572	2577	
3 2582	2581	2578	
3 2566	2568	2576	
3 459	2576	2568	
3 2579	2574	547	
3 371	2577	2580	
3 2581	123	2578	
3 122	2573	2582	
3 2583	2579	547	
3 326	2605	2580	
3 2577	2579	2580	
3 2579	2583	2584	
3 2605	371	2580	
3 2604	2601	326	
3 371	2582	2575	
3 2540	2583	547	
3 2584	326	2580	
3 2583	983	2584	
3 2585	2608	550	
3 2606	2604	326	
3 2585	2606	2607	
3 2586	150	2655	
3 2686	2696	454	
3 2591	2589	125	
3 2586	151	2587	
3 2588	2589	2590	
3 2588	125	2589	
3 2592	463	2609	
3 2590	463	2592	
3 124	2598	2597	
3 2591	2597	2598	
3 373	2599	2596	
3 2590	2594	126	
3 2591	374	2593	
3 2595	2593	374	
3 2596	2594	2592	
3 127	126	2594	
3 374	2601	2604	
3 550	2612	2610	
3 373	2596	2592	
3 3390	2596	549	
3 124	2600	2598	
3 2591	125	2597	
3 2605	2600	2581	
3 2602	2599	373	
3 549	2603	462	
3 123	2600	124	
3 2605	2601	2598	
3 374	2598	2601	
3 2605	2598	2600	
3 2610	2602	373	
3 2611	2602	848	
3 2599	610	2603	
3 2550	2603	610	
3 2606	326	2584	
3 2595	2604	2585	
3 2605	2581	371	
3 326	2601	2605	
3 2607	2606	2584	
3 2585	2604	2606	
3 2584	983	2607	
3 2608	983	860	
3 983	2608	2607	
3 2613	848	2618	
3 463	2595	2609	
3 550	2609	2595	
3 373	2609	2610	
3 550	2610	2609	
3 848	2613	2615	
3 2550	2614	2553	
3 550	2608	2612	
3 2618	2608	860	
3 2618	848	2612	
3 2613	2618	3608	
3 610	2611	2614	
3 2611	848	2615	
3 2613	861	2615	
3 2614	2616	2553	
3 2615	861	2616	
3 861	2554	2617	
3 861	2617	2616	
3 2554	925	2617	
3 2608	2618	2612	
3 3608	2618	860	
3 128	2620	2619	
3 2621	129	2619	
3 549	462	2620	
3 2620	462	2621	
3 2541	2621	462	
3 2624	136	2622	
3 2624	2415	136	
3 537	448	2623	
3 2623	448	2624	
3 2415	2624	448	
3 147	146	2625	
3 2462	2625	146	
3 457	456	2626	
3 2721	2723	2725	
3 222	2637	2639	
3 482	2627	390	
3 562	3270	3269	
3 2627	223	2628	
3 2631	2629	389	
3 2631	389	2632	
3 2633	2630	2629	
3 2633	2631	479	
3 389	3278	2635	
3 2632	2635	2636	
3 2634	2633	479	
3 2633	228	2630	
3 2634	3287	3286	
3 228	2634	229	
3 2636	3474	817	
3 2632	389	2635	
3 3474	2636	2635	
3 618	3475	759	
3 221	1616	2638	
3 2637	2638	2639	
3 2637	221	2638	
3 2641	2639	483	
3 2627	222	2639	
3 391	1614	2642	
3 483	2638	2640	
3 2643	2641	483	
3 390	2627	2641	
3 1614	563	2642	
3 563	2646	2644	
3 483	2642	2643	
3 563	2643	2642	
3 390	2643	2644	
3 563	2644	2643	
3 2647	2645	745	
3 390	2645	695	
3 563	2648	2646	
3 2648	1619	2650	
3 745	2652	2653	
3 2654	2647	2653	
3 2649	563	1614	
3 2650	1619	785	
3 1617	2649	1614	
3 1619	2648	2649	
3 3609	2651	785	
3 2648	2650	2652	
3 2654	2653	2651	
3 2646	2652	745	
3 2650	2651	2652	
3 745	2653	2647	
3 2652	2651	2653	
3 2654	2651	978	
3 3620	3279	2654	
3 746	2647	2654	
3 149	2720	2722	
3 2586	2655	455	
3 2657	2656	214	
3 2658	2656	486	
3 2660	2659	213	
3 393	2664	2657	
3 2667	2673	486	
3 564	2701	2705	
3 2661	2660	213	
3 2657	214	2659	
3 393	2660	487	
3 212	2663	2662	
3 2661	2662	2663	
3 3223	2663	212	
3 2661	213	2662	
3 3238	2663	566	
3 2665	2664	393	
3 486	2657	2664	
3 2666	2665	393	
3 2665	696	2667	
3 393	487	2680	
3 2665	2668	696	
3 2672	2667	696	
3 2667	2672	2673	
3 747	2669	2666	
3 2668	2666	2669	
3 2671	2669	747	
3 2669	2671	2670	
3 2670	2675	2674	
3 696	2668	2670	
3 747	3476	2681	
3 2671	2681	2682	
3 2670	2674	696	
3 2672	696	2674	
3 485	2658	2673	
3 2658	486	2673	
3 2675	2670	893	
3 2672	2676	485	
3 2677	2675	893	
3 2676	2675	650	
3 2675	2676	2674	
3 2676	2679	2678	
3 2682	893	2671	
3 2684	3433	3432	
3 2678	620	2706	
3 485	2676	2678	
3 2679	650	2684	
3 620	2678	2679	
3 3238	3232	3235	
3 2680	622	3476	
3 937	894	2681	
3 2682	2681	894	
3 2682	894	3719	
3 2677	893	2682	
3 2677	895	2683	
3 3610	2683	895	
3 650	2683	2684	
3 938	2684	2683	
3 151	2686	2685	
3 2687	152	2685	
3 2696	2686	2586	
3 2686	454	2687	
3 2688	2689	543	
3 2690	2688	543	
3 2691	152	2688	
3 2687	454	2689	
3 2692	2689	454	
3 543	2692	2699	
3 2690	543	2693	
3 2697	454	2696	
3 2690	2691	2688	
3 2692	606	2699	
3 453	2796	2695	
3 2690	2694	153	
3 2695	2694	2693	
3 154	153	2694	
3 453	2695	2693	
3 2695	542	2786	
3 2586	368	2696	
3 2697	2696	368	
3 2697	368	2698	
3 2692	454	2697	
3 368	2737	2742	
3 2743	2698	2742	
3 758	2699	606	
3 2693	2699	453	
3 216	2703	2701	
3 2700	2701	2702	
3 2700	216	2701	
3 564	2704	2702	
3 484	2710	2713	
3 215	2703	216	
3 2658	485	2705	
3 2706	2704	564	
3 2713	2710	2707	
3 2658	2705	2703	
3 2708	485	2678	
3 2706	564	2708	
3 2706	620	2709	
3 2710	218	2707	
3 217	2702	2713	
3 2706	2708	2678	
3 564	2705	2708	
3 565	2711	620	
3 620	2711	2709	
3 484	2712	2710	
3 2717	2718	392	
3 2712	2714	392	
3 484	2709	2714	
3 2715	2718	2717	
3 2702	2704	2713	
3 484	2713	2704	
3 2711	1618	2714	
3 2716	2714	1618	
3 2717	219	2715	
3 2718	218	2710	
3 1618	332	2716	
3 2719	1611	2717	
3 2719	392	2716	
3 2717	1611	1612	
3 392	2718	2712	
3 392	2719	2717	
3 2716	332	2719	
3 148	2723	2721	
3 2720	2721	2722	
3 2720	148	2721	
3 2724	2722	544	
3 2655	149	2722	
3 147	2723	148	
3 2725	2626	456	
3 2726	2724	544	
3 2655	2724	455	
3 2626	2725	2723	
3 544	2727	2726	
3 544	2725	2727	
3 2726	607	2737	
3 2725	456	2727	
3 2726	2728	607	
3 2727	456	2728	
3 2728	2730	2729	
3 2731	2729	739	
3 2729	2731	2733	
3 2732	456	690	
3 739	2729	2730	
3 2734	739	2732	
3 2736	2739	2731	
3 2470	2732	690	
3 739	2730	2732	
3 780	2738	2731	
3 2733	2731	2738	
3 2735	2470	2472	
3 739	2734	2736	
3 780	2731	2739	
3 2734	2470	2735	
3 2734	2735	2736	
3 2736	2735	2739	
3 607	2733	2740	
3 368	455	2737	
3 2741	2738	780	
3 2741	2743	2738	
3 2735	976	2739	
3 2739	3741	3611	
3 2738	2740	2733	
3 2742	2740	2743	
3 810	2744	2745	
3 2698	2743	2744	
3 368	2742	2698	
3 2737	2740	2742	
3 2738	2743	2740	
3 2743	2741	2744	
3 2745	2744	2741	
3 2746	606	2697	
3 780	2747	2741	
3 2745	2741	2747	
3 2744	810	2746	
3 606	2748	758	
3 3611	780	2739	
3 3477	988	3478	
3 2746	810	2748	
3 810	3478	2750	
3 3477	2749	2747	
3 3478	912	2750	
3 758	2748	2750	
3 810	2750	2748	
3 2754	2752	134	
3 2751	2752	2753	
3 2751	134	2752	
3 2623	135	2753	
3 2751	2753	135	
3 133	2757	2756	
3 2754	2756	2757	
3 2758	2755	601	
3 537	2752	2755	
3 2759	133	132	
3 2754	134	2756	
3 2762	2760	601	
3 2760	2758	601	
3 2758	642	2761	
3 132	3392	3394	
3 460	2760	2762	
3 601	2757	2762	
3 460	2764	2760	
3 642	2429	2761	
3 2429	537	2761	
3 2757	2759	2762	
3 2762	2759	3396	
3 2763	2760	2764	
3 2764	2767	2763	
3 460	2766	2764	
3 2765	2767	2768	
3 2765	661	2772	
3 602	642	2765	
3 2766	460	2770	
3 661	2765	2768	
3 2764	2766	2767	
3 2557	2769	2766	
3 2766	2768	2767	
3 661	2769	2555	
3 2766	2769	2768	
3 2557	2555	2769	
3 3397	460	3396	
3 548	3395	2771	
3 609	2770	2771	
3 2771	2770	3397	
3 661	2555	3471	
3 934	2431	2772	
3 2773	206	3161	
3 489	2773	394	
3 2778	2776	156	
3 2773	207	2774	
3 2775	2776	2777	
3 2775	156	2776	
3 541	2780	2777	
3 2800	2801	452	
3 155	2782	2781	
3 2778	2781	2782	
3 2783	2779	604	
3 541	2776	2779	
3 2788	541	2779	
3 2785	2801	2800	
3 2786	2782	155	
3 2778	156	2781	
3 2782	2786	2790	
3 2790	604	2782	
3 644	2784	2788	
3 644	605	2784	
3 2792	2789	2784	
3 2800	158	2785	
3 2801	157	2777	
3 2802	154	2786	
3 2695	2786	154	
3 2787	2796	2793	
3 2783	2791	644	
3 644	2788	2783	
3 2784	541	2788	
3 2792	2784	605	
3 2789	2792	2795	
3 542	2790	2786	
3 2787	604	2790	
3 2787	2793	2791	
3 2798	2794	2797	
3 2792	605	2805	
3 2789	2795	452	
3 2796	2787	542	
3 2797	2794	644	
3 2820	2794	662	
3 605	644	2794	
3 2803	2795	2792	
3 452	2804	2800	
3 2695	2796	542	
3 2806	2796	453	
3 2793	707	2797	
3 2794	2798	662	
3 2797	707	2798	
3 2799	2798	707	
3 2806	2799	707	
3 2750	2799	758	
3 452	2795	2804	
3 158	2800	2452	
3 452	2801	2780	
3 2805	2803	2792	
3 2786	155	2802	
3 2807	689	2869	
3 2795	367	2804	
3 2452	2804	367	
3 2820	2805	605	
3 2805	2820	2822	
3 2699	2806	453	
3 2799	2806	758	
3 2803	737	2807	
3 2808	737	778	
3 689	2807	2808	
3 737	2808	2807	
3 2810	2809	778	
3 2809	736	2811	
3 2812	2810	778	
3 2810	824	2813	
3 2813	2815	736	
3 2811	450	2870	
3 2823	778	737	
3 2824	842	2829	
3 2829	2813	824	
3 791	2817	2815	
3 2816	2814	643	
3 450	2811	2814	
3 791	2815	2813	
3 643	2814	2815	
3 2816	643	2818	
3 2816	603	3417	
3 2825	2817	791	
3 2960	2819	2959	
3 2819	643	2817	
3 2819	2960	2818	
3 2817	753	2819	
3 2961	2959	2819	
3 3479	662	2821	
3 911	2822	2820	
3 3479	3541	3543	
3 662	2799	2821	
3 911	2828	2822	
3 2822	2828	2823	
3 2822	2823	737	
3 809	2812	2823	
3 809	2838	2812	
3 809	2834	2836	
3 2826	2825	791	
3 2825	2826	2827	
3 791	2813	2829	
3 2830	2826	2829	
3 2831	2827	856	
3 2963	2827	903	
3 2834	911	2832	
3 2823	2828	809	
3 2824	2829	824	
3 2830	2829	842	
3 2833	2830	842	
3 856	2826	2830	
3 856	2833	3612	
3 2968	666	2966	
3 3479	911	2820	
3 2835	2837	2836	
3 3576	3587	842	
3 2833	942	3612	
3 911	2834	2828	
3 2834	2832	2835	
3 2832	949	2835	
3 3823	2835	949	
3 2837	2835	1060	
3 809	2836	2838	
3 2837	1060	3480	
3 2838	2824	2812	
3 2836	2837	2838	
3 3544	2837	3480	
3 203	2841	2843	
3 3409	3411	568	
3 2844	2842	202	
3 2839	204	2840	
3 2841	2842	2843	
3 2841	202	2842	
3 2845	2843	491	
3 2839	203	2843	
3 201	2850	2849	
3 201	1623	2850	
3 2847	2845	491	
3 395	2839	2845	
3 2844	396	2846	
3 2848	2846	396	
3 2848	491	2846	
3 2853	849	2855	
3 396	2851	2852	
3 2847	2848	569	
3 396	2844	2850	
3 2844	202	2849	
3 2850	2844	2849	
3 2851	333	2852	
3 396	2850	2851	
3 2854	2852	333	
3 569	2848	2852	
3 2847	569	2853	
3 2856	2853	569	
3 2857	2854	333	
3 2854	984	2858	
3 2859	2855	849	
3 2855	624	2860	
3 569	2852	2858	
3 2856	2858	2861	
3 2857	333	2905	
3 2857	571	3481	
3 862	2858	984	
3 2856	569	2858	
3 2863	849	2861	
3 863	3553	2862	
3 624	3407	3413	
3 3411	2860	568	
3 3726	3483	2861	
3 849	2863	2859	
3 624	2859	2862	
3 2862	2859	3484	
3 3483	2863	2861	
3 3484	2863	3483	
3 2866	160	2864	
3 159	2452	2865	
3 2868	2865	2452	
3 2865	451	2866	
3 2870	450	2871	
3 2871	2866	451	
3 3415	3417	603	
3 2452	367	2868	
3 2869	2868	367	
3 2807	2869	367	
3 3417	2871	450	
3 2869	689	2870	
3 2811	2870	689	
3 2866	2871	2867	
3 451	2870	2871	
3 2875	197	196	
3 2872	2873	2874	
3 2872	197	2873	
3 570	2876	2874	
3 492	2883	2888	
3 196	2889	2884	
3 2873	2877	570	
3 2878	2876	570	
3 2888	2883	2879	
3 2880	2877	2875	
3 2885	2878	2881	
3 2881	570	2877	
3 2878	625	2882	
3 2883	199	2879	
3 198	2874	2888	
3 2875	2884	2880	
3 2880	2884	2890	
3 2880	2881	2877	
3 2891	2881	2880	
3 571	2886	625	
3 625	2886	2882	
3 492	2887	2883	
3 2883	2887	2894	
3 2884	494	2890	
3 2891	2885	2881	
3 2895	2896	2891	
3 571	2857	2886	
3 2887	2893	397	
3 492	2882	2893	
3 2887	397	2894	
3 2874	2876	2888	
3 492	2888	2876	
3 196	195	2889	
3 2897	2889	195	
3 2898	2890	494	
3 2890	2898	2899	
3 2895	2891	493	
3 2896	2885	2891	
3 2944	652	2942	
3 571	625	2892	
3 2886	2857	2893	
3 2905	2893	2857	
3 2900	2894	397	
3 200	199	2894	
3 2890	2899	493	
3 2895	2899	2904	
3 2901	2896	2895	
3 2892	2885	2896	
3 2908	195	194	
3 494	2902	2898	
3 2902	494	2897	
3 2898	2902	2903	
3 2904	2899	697	
3 2895	493	2899	
3 2905	2900	397	
3 2900	1622	1623	
3 2895	2904	2906	
3 2892	2901	652	
3 2907	2902	2897	
3 2903	2902	398	
3 2910	2903	398	
3 2903	2910	2911	
3 2911	697	2903	
3 2904	789	2906	
3 2905	397	2893	
3 2905	333	2851	
3 652	2901	2906	
3 2906	2901	2895	
3 2908	2907	2897	
3 2907	2908	2909	
3 195	2908	2897	
3 2908	194	2912	
3 2913	2909	495	
3 2910	2909	698	
3 2909	2910	398	
3 2914	2910	698	
3 2922	2915	749	
3 2904	697	2911	
3 193	2917	2916	
3 2917	2912	2916	
3 2919	2913	495	
3 2913	2919	2920	
3 2921	2914	698	
3 2914	2921	2922	
3 822	789	2915	
3 2904	2915	789	
3 193	192	2918	
3 2912	194	2916	
3 495	2912	2917	
3 2933	2935	400	
3 399	2920	2919	
3 2917	2919	495	
3 2933	2919	2918	
3 2923	2920	399	
3 2921	2920	748	
3 2920	2921	698	
3 2924	2921	748	
3 2925	2922	788	
3 2915	2922	822	
3 2926	2923	399	
3 2923	2926	2927	
3 2928	2924	748	
3 2924	2928	2931	
3 788	2931	2932	
3 1784	822	2925	
3 2933	2926	399	
3 2926	2933	2934	
3 2930	679	1778	
3 2930	787	2929	
3 2930	748	2927	
3 2929	2928	2930	
3 2929	787	1779	
3 819	2928	2929	
3 748	2930	2928	
3 2930	2927	679	
3 1782	2931	819	
3 788	2932	2925	
3 2931	1783	2932	
3 1784	2932	1783	
3 2919	2933	399	
3 2935	2933	2918	
3 2937	2934	400	
3 2934	2937	2938	
3 2918	192	2935	
3 2936	192	191	
3 400	2935	2936	
3 192	2936	2935	
3 2936	2937	400	
3 2325	334	2937	
3 2941	334	3061	
3 1778	679	2938	
3 723	2939	1770	
3 1778	2938	2939	
3 2942	2940	854	
3 652	2906	2940	
3 2941	401	2943	
3 1770	2939	2941	
3 1803	2942	854	
3 2944	3482	3481	
3 2943	401	3057	
3 572	2943	1763	
3 865	2944	2942	
3 571	2892	2944	
3 2947	163	2945	
3 603	3416	3415	
3 603	540	2946	
3 2946	540	2947	
3 2960	2962	540	
3 2962	2947	540	
3 2950	2953	539	
3 2951	165	2949	
3 164	2948	2950	
3 2953	2950	2948	
3 2950	539	2951	
3 2955	538	2958	
3 2958	2951	539	
3 2979	2981	628	
3 2962	2953	2948	
3 2954	703	2955	
3 2953	449	2954	
3 2956	2954	449	
3 2957	2955	703	
3 2981	2958	538	
3 2959	2956	449	
3 2956	2961	2964	
3 703	2964	2965	
3 2980	2982	654	
3 2951	2958	2952	
3 539	2955	2958	
3 2959	449	2960	
3 2961	2819	753	
3 2962	2960	449	
3 2818	2960	540	
3 2963	2961	753	
3 2956	2959	2961	
3 2953	2962	449	
3 2962	2948	2947	
3 2827	2963	753	
3 2965	2964	2963	
3 2965	2963	903	
3 703	2956	2964	
3 2966	2965	903	
3 703	2965	2957	
3 2968	2966	903	
3 666	2988	2991	
3 2991	2957	2966	
3 2967	2988	2987	
3 2831	904	2968	
3 3486	3485	2968	
3 168	2971	2969	
3 502	2970	2972	
3 502	409	2970	
3 3042	3044	3045	
3 2986	2971	576	
3 2969	2971	2972	
3 502	2972	2971	
3 2976	2974	167	
3 2973	2974	2975	
3 2973	167	2974	
3 2971	168	2975	
3 2973	2975	168	
3 166	2979	2978	
3 2976	2978	2979	
3 2980	2977	628	
3 576	2974	2977	
3 166	2952	2979	
3 2976	167	2978	
3 2981	2979	2952	
3 2981	2984	628	
3 2980	654	2983	
3 2958	2981	2952	
3 538	2982	2984	
3 2984	2980	628	
3 538	2967	2982	
3 654	2987	2989	
3 2983	654	2985	
3 538	2984	2981	
3 2982	2980	2984	
3 2990	2985	629	
3 2983	2986	576	
3 2986	2985	2990	
3 2971	2986	502	
3 2967	2991	2988	
3 654	2989	2985	
3 2968	3485	666	
3 2992	2993	2988	
3 2993	2987	2988	
3 629	2985	2989	
3 629	2994	2995	
3 2990	409	502	
3 2957	2991	2967	
3 2966	666	2991	
3 2994	2992	939	
3 2989	2993	629	
3 2993	2989	2987	
3 2994	2993	2992	
3 750	2995	2996	
3 629	2995	2990	
3 2996	2995	2994	
3 3028	2995	750	
3 2994	939	2996	
3 3033	897	3031	
3 3027	3035	3032	
3 3029	896	3023	
3 3001	2999	173	
3 2998	2999	3000	
3 2998	173	2999	
3 499	3003	3000	
3 3019	3020	408	
3 172	3005	3004	
3 3001	3004	3005	
3 3006	3002	574	
3 499	2999	3002	
3 1855	3003	499	
3 3007	3020	3019	
3 3008	3022	171	
3 3001	173	3004	
3 3011	3009	574	
3 3009	3006	574	
3 3006	627	3010	
3 3019	175	3007	
3 3020	174	3000	
3 170	3044	3042	
3 500	3009	3011	
3 574	3005	3011	
3 500	3013	3009	
3 627	1855	3010	
3 1855	499	3010	
3 3005	3008	3011	
3 3011	3008	3049	
3 3013	3012	3009	
3 3013	3016	3012	
3 500	3048	3015	
3 3014	627	3016	
3 3014	653	3026	
3 575	627	3014	
3 3018	3023	896	
3 3017	3014	3016	
3 3013	3015	3016	
3 3014	3017	653	
3 3016	3015	3017	
3 3018	3017	3015	
3 3023	3018	3015	
3 3024	3018	896	
3 3021	3019	408	
3 175	3019	1846	
3 408	3020	3003	
3 1854	3021	408	
3 3021	339	1847	
3 3015	699	3023	
3 3008	172	3022	
3 3025	3023	699	
3 896	3029	3030	
3 3026	653	3038	
3 3048	3047	699	
3 3025	750	3029	
3 3038	653	3024	
3 930	1857	3026	
3 3031	3027	3030	
3 3027	3031	3034	
3 750	3025	3028	
3 3025	699	3047	
3 750	2997	3029	
3 3030	3029	2997	
3 3031	3030	2997	
3 896	3032	3024	
3 3033	3031	2997	
3 3034	3031	897	
3 3030	3027	3032	
3 3027	3039	3035	
3 2997	3036	3033	
3 3033	3036	3037	
3 3040	3034	897	
3 3035	3039	898	
3 898	3614	3038	
3 3024	3032	3035	
3 2996	3036	2997	
3 3037	3036	939	
3 3486	939	3485	
3 3040	3546	3577	
3 898	3038	3035	
3 930	3026	3038	
3 3489	3034	3040	
3 3034	3489	3039	
3 3546	3037	3487	
3 3040	3577	3641	
3 3043	171	3041	
3 3043	3008	171	
3 2970	3045	3044	
3 3042	501	3043	
3 3043	501	3049	
3 169	3044	170	
3 3045	2970	409	
3 3046	3045	409	
3 3042	3045	501	
3 3047	3046	409	
3 3046	3047	3048	
3 409	3028	3047	
3 3025	3047	3028	
3 3015	3048	699	
3 3049	3048	500	
3 3011	3049	500	
3 3043	3049	3008	
3 3051	3050	277	
3 3052	3050	505	
3 276	3051	277	
3 411	505	3051	
3 505	504	3052	
3 577	3065	3069	
3 3056	3054	188	
3 3053	3054	3055	
3 3053	188	3054	
3 496	3057	3055	
3 3055	3057	3059	
3 1731	3058	187	
3 1725	3056	1731	
3 2943	3057	496	
3 3057	401	3059	
3 3060	3059	401	
3 3056	188	3058	
3 190	189	3059	
3 3061	3060	401	
3 190	3060	2325	
3 2941	3061	401	
3 2325	3061	334	
3 276	275	3062	
3 275	3377	3379	
3 3063	506	3388	
3 276	3063	3051	
3 279	3067	3065	
3 3064	3065	3066	
3 3064	279	3065	
3 577	3068	3066	
3 503	3074	3078	
3 278	3067	279	
3 3052	504	3069	
3 3070	3068	577	
3 3078	3074	3071	
3 3052	3069	3067	
3 577	3072	3070	
3 577	3069	3072	
3 3070	630	3073	
3 3074	281	3071	
3 280	3066	3078	
3 3069	504	3072	
3 504	3079	3072	
3 578	3076	630	
3 3073	630	3076	
3 503	3077	3074	
3 3074	3077	3082	
3 3083	3084	3079	
3 3076	3085	3081	
3 503	3081	3077	
3 503	3073	3081	
3 3077	410	3082	
3 3066	3068	3078	
3 503	3078	3068	
3 3083	3079	504	
3 3084	3075	3079	
3 3097	655	3095	
3 578	630	3080	
3 3085	3076	578	
3 410	3081	3086	
3 3087	3082	410	
3 282	281	3082	
3 504	700	3083	
3 700	3490	3090	
3 3088	3084	3083	
3 3080	3075	3084	
3 3085	578	3089	
3 3086	340	3087	
3 3081	3085	3086	
3 3098	3085	3089	
3 3086	3087	410	
3 283	3087	340	
3 3091	3083	3090	
3 3080	3088	655	
3 655	3097	3080	
3 3101	871	340	
3 700	3090	3083	
3 3093	3090	3092	
3 3083	3091	3088	
3 3092	3090	972	
3 3099	3092	972	
3 3091	3093	655	
3 3094	3092	3099	
3 3093	3092	3094	
3 927	3096	973	
3 578	3097	3089	
3 3096	3094	973	
3 3097	578	3080	
3 3615	3096	927	
3 3095	3094	3096	
3 3095	3096	3097	
3 3097	3096	3615	
3 3100	3098	3089	
3 3100	3101	3098	
3 3099	3579	3102	
3 972	3579	3099	
3 3615	3100	3089	
3 3100	3615	3616	
3 3100	873	3101	
3 3617	872	284	
3 3720	3102	1015	
3 3829	3894	3875	
3 265	3122	3124	
3 3354	3357	581	
3 3108	3106	271	
3 3103	266	3104	
3 3105	3106	3107	
3 3105	271	3106	
3 3110	508	3117	
3 3107	508	3110	
3 271	270	3108	
3 270	1992	3114	
3 3111	3109	413	
3 508	3106	3109	
3 3113	412	507	
3 3107	3112	272	
3 413	3115	3116	
3 3119	3117	580	
3 3113	3112	3110	
3 273	272	3112	
3 412	3113	3110	
3 3113	507	3380	
3 413	3108	3114	
3 270	3114	3108	
3 3115	341	3116	
3 413	3114	3115	
3 3116	341	3118	
3 580	3111	3116	
3 508	3111	3117	
3 580	3117	3111	
3 414	3360	3363	
3 3118	3365	3373	
3 3120	3119	580	
3 850	3647	3121	
3 580	3116	3491	
3 3549	3492	3120	
3 412	3119	3121	
3 850	3121	3119	
3 3125	3123	264	
3 3122	3123	3124	
3 3122	264	3123	
3 3127	3124	510	
3 3103	265	3124	
3 263	3131	3130	
3 263	1984	3131	
3 3128	3126	416	
3 510	3123	3126	
3 3129	3127	510	
3 415	3103	3127	
3 416	3132	3133	
3 3134	3129	583	
3 510	3128	3129	
3 583	3129	3128	
3 416	3125	3131	
3 3125	264	3130	
3 3131	3125	3130	
3 3132	342	3133	
3 416	3131	3132	
3 3133	342	3135	
3 583	3128	3133	
3 3136	3134	583	
3 3137	3134	657	
3 1989	3135	342	
3 1990	905	3135	
3 3136	583	3138	
3 3136	944	3493	
3 3137	3367	3364	
3 3358	632	3355	
3 3138	905	3139	
3 3133	3138	583	
3 760	3158	3156	
3 3136	3139	944	
3 797	3723	760	
3 3139	3141	944	
3 3140	943	3141	
3 3550	3494	3141	
3 260	1970	3143	
3 3142	3143	3144	
3 3142	260	3143	
3 1987	261	3144	
3 3142	3144	261	
3 1970	343	3145	
3 3146	3145	343	
3 3147	3146	343	
3 584	1989	3148	
3 343	3345	3149	
3 3147	710	3150	
3 584	3148	3146	
3 1989	417	3148	
3 3151	3149	669	
3 710	3147	3149	
3 3155	710	3151	
3 584	3150	3153	
3 3154	3151	669	
3 3151	761	3155	
3 797	760	3152	
3 3152	3156	3153	
3 3150	3152	3153	
3 3156	3152	760	
3 3344	669	3343	
3 711	761	3154	
3 3155	761	3157	
3 3152	710	3155	
3 760	3140	3158	
3 1990	3153	3156	
3 3159	3157	761	
3 3157	3159	3160	
3 3140	905	3158	
3 1990	3158	905	
3 761	711	3159	
3 711	513	3530	
3 796	3574	3586	
3 3723	3160	851	
3 205	3408	3410	
3 2773	3161	490	
3 3165	248	247	
3 3162	3163	3164	
3 3162	248	3163	
3 586	3166	3164	
3 514	3173	3178	
3 3196	246	245	
3 3163	3167	586	
3 3168	3166	586	
3 3178	3173	3169	
3 3170	3167	3165	
3 3175	3168	3171	
3 3171	586	3167	
3 3168	634	3172	
3 3173	250	3169	
3 249	3164	3178	
3 3165	3174	3170	
3 3170	3174	3180	
3 3170	3171	3167	
3 3181	3171	3170	
3 587	3176	634	
3 3172	634	3176	
3 514	3177	3173	
3 3193	3194	421	
3 3174	516	3180	
3 3181	3175	3171	
3 3185	3186	3181	
3 3176	3191	3183	
3 514	3183	3177	
3 514	3172	3183	
3 3184	3194	3193	
3 3164	3166	3178	
3 514	3178	3166	
3 246	3187	3179	
3 3174	3165	3188	
3 3189	3180	516	
3 3180	3189	3190	
3 3185	3181	515	
3 3186	3175	3181	
3 3216	3205	3182	
3 587	634	3182	
3 3191	3176	587	
3 3183	3191	3192	
3 3193	251	3184	
3 3194	250	3173	
3 3180	3190	515	
3 3185	3190	3199	
3 3195	3186	3185	
3 3182	3175	3186	
3 3187	3196	3197	
3 3179	3187	3188	
3 516	3188	3187	
3 3197	3189	516	
3 3189	3197	3198	
3 3199	3190	701	
3 3185	515	3190	
3 3200	3191	587	
3 3192	3191	2004	
3 2004	346	3192	
3 421	3201	3193	
3 421	3192	3201	
3 251	3193	1997	
3 421	3194	3177	
3 3185	3199	3202	
3 3182	3195	658	
3 3326	3328	3331	
3 422	3198	3197	
3 3187	3197	516	
3 3332	3197	3196	
3 3203	3198	422	
3 3198	3203	3204	
3 3204	3199	701	
3 3204	3202	3199	
3 587	3205	3200	
3 728	2004	3200	
3 3192	346	3201	
3 3201	346	1998	
3 658	3195	3202	
3 3202	3195	3185	
3 422	3332	3207	
3 3209	3203	3207	
3 3204	701	3198	
3 3220	751	3215	
3 587	3182	3205	
3 3216	3182	658	
3 899	3220	3219	
3 3216	3206	3495	
3 3208	3207	517	
3 3207	3208	3209	
3 3328	3208	517	
3 588	3327	3210	
3 3211	3209	635	
3 751	3203	3209	
3 635	3208	3210	
3 588	3210	3208	
3 3212	635	754	
3 3211	792	3213	
3 3212	754	3260	
3 792	3211	3212	
3 3214	3213	792	
3 3213	3214	3215	
3 3217	792	825	
3 3221	3218	843	
3 3219	3215	857	
3 3204	3220	899	
3 658	3206	3216	
3 3495	3206	900	
3 3262	3217	825	
3 3218	3217	843	
3 857	3214	3218	
3 3217	3218	3214	
3 857	3221	3619	
3 3206	899	3219	
3 751	3220	3204	
3 3219	3220	3215	
3 3618	3221	843	
3 940	3619	3221	
3 2773	3222	207	
3 3222	3401	3399	
3 3225	3224	211	
3 3223	3224	2663	
3 3223	211	3224	
3 210	3228	3227	
3 3225	3227	3228	
3 3229	3226	621	
3 566	3224	3226	
3 3230	210	209	
3 3225	211	3227	
3 3233	3231	621	
3 3231	3229	621	
3 3229	651	3232	
3 209	3398	3400	
3 488	3231	3233	
3 621	3228	3233	
3 488	3236	3231	
3 3235	651	622	
3 3238	566	3232	
3 3228	3230	3233	
3 3233	3230	3402	
3 3236	3234	3231	
3 3236	3240	3234	
3 622	2680	3235	
3 3238	2680	487	
3 488	3404	3239	
3 3237	651	3240	
3 3245	3237	665	
3 622	651	3237	
3 2680	3238	3235	
3 2663	3238	487	
3 3239	3243	3242	
3 3241	3237	3240	
3 3236	3239	3240	
3 3237	3241	665	
3 3240	3239	3241	
3 3242	3241	3239	
3 3243	3239	623	
3 3242	3243	3244	
3 3406	623	3405	
3 3244	3243	957	
3 3496	3244	957	
3 3499	3244	971	
3 3499	665	3244	
3 3245	937	3476	
3 3501	3246	926	
3 957	3243	3246	
3 3247	3248	3249	
3 3251	241	240	
3 3248	3251	3252	
3 3248	557	3249	
3 3254	556	3257	
3 3257	3249	557	
3 3325	3327	588	
3 3251	240	3338	
3 3248	3252	557	
3 3251	474	3252	
3 3253	704	3254	
3 3252	474	3253	
3 3255	474	2129	
3 3256	3254	704	
3 3327	3257	556	
3 3258	3255	2129	
3 704	3253	3255	
3 704	3258	3259	
3 3210	3256	754	
3 3249	3257	3250	
3 557	3254	3257	
3 755	3258	2129	
3 3258	793	3259	
3 3260	3259	793	
3 754	3256	3259	
3 3261	3260	793	
3 3212	3260	825	
3 793	2134	3261	
3 3262	2134	826	
3 826	3458	3724	
3 3217	3262	843	
3 2627	3263	223	
3 3264	3263	482	
3 482	481	3264	
3 3269	3271	3272	
3 3267	227	3265	
3 3267	2629	227	
3 3275	3266	562	
3 3266	480	3267	
3 2629	3267	480	
3 225	3271	3269	
3 3268	3269	3270	
3 3268	225	3269	
3 3266	226	3270	
3 3268	3270	226	
3 224	3271	225	
3 3272	3264	481	
3 3264	3272	3271	
3 3273	3272	481	
3 3274	3273	481	
3 3275	480	3266	
3 3276	481	695	
3 3274	746	3277	
3 3273	619	3275	
3 480	3278	389	
3 2647	3276	695	
3 746	3274	3276	
3 3279	3277	746	
3 3280	2635	3278	
3 3275	619	3278	
3 3278	619	3280	
3 746	2654	3279	
3 3620	2654	978	
3 3279	3280	3277	
3 786	2635	3280	
3 3281	3282	3283	
3 3281	3320	3319	
3 3283	3286	561	
3 3319	3282	3281	
3 3285	3283	561	
3 561	3288	3289	
3 3283	230	3284	
3 3285	478	3320	
3 229	2634	3286	
3 3284	229	3286	
3 479	2632	3288	
3 561	3286	3287	
3 2632	618	3288	
3 618	3289	3288	
3 759	3289	618	
3 478	3285	3289	
3 3293	3291	233	
3 3290	3291	3292	
3 3290	233	3291	
3 559	3295	3292	
3 235	3300	3317	
3 232	3297	3296	
3 3293	3296	3297	
3 3298	3294	616	
3 559	3291	3294	
3 3303	559	3294	
3 3300	3316	3317	
3 3301	3297	232	
3 3293	233	3296	
3 3297	3301	3305	
3 3305	616	3297	
3 649	3299	3303	
3 649	617	3299	
3 3310	2115	388	
3 3313	2108	3317	
3 3316	234	3292	
3 231	3319	3318	
3 231	3282	3319	
3 3302	3311	3308	
3 3298	3306	649	
3 649	3303	3298	
3 3299	559	3303	
3 3307	3304	3299	
3 3304	3307	3310	
3 560	3305	3301	
3 3302	616	3305	
3 3302	3308	3306	
3 3314	3309	3312	
3 3299	617	3307	
3 617	2115	3307	
3 3311	3302	560	
3 3312	3309	649	
3 3322	3309	664	
3 617	649	3309	
3 2115	3310	3307	
3 3313	3310	388	
3 3320	3311	560	
3 3321	3311	478	
3 3308	708	3312	
3 3309	3314	664	
3 2109	3313	388	
3 235	3317	2108	
3 3312	708	3314	
3 3315	3314	708	
3 3321	3315	708	
3 3503	3323	3315	
3 477	3316	3295	
3 3316	477	3317	
3 3317	477	3313	
3 560	3301	3319	
3 3301	232	3318	
3 3319	3301	3318	
3 3311	3320	478	
3 560	3319	3320	
3 3289	3321	478	
3 3315	3321	759	
3 3505	664	3323	
3 3322	913	3502	
3 914	3557	3589	
3 664	3315	3323	
3 243	3250	3325	
3 3324	3325	3326	
3 3324	243	3325	
3 588	3328	3326	
3 3330	3331	517	
3 3257	3327	3250	
3 3210	3327	556	
3 3208	3328	588	
3 3329	3331	3330	
3 3330	245	3329	
3 3331	244	3326	
3 3332	3330	517	
3 245	3330	3196	
3 517	3331	3328	
3 3207	3332	517	
3 3332	422	3197	
3 3335	3334	531	
3 3334	55	3333	
3 1981	3334	3333	
3 3336	3335	531	
3 2028	3337	2031	
3 2043	3336	531	
3 438	3336	2037	
3 3336	3337	3335	
3 2029	3337	438	
3 239	3418	3420	
3 3251	3338	558	
3 258	3340	3339	
3 3341	259	3339	
3 3342	3340	1467	
3 3340	344	3341	
3 1970	3341	344	
3 1467	319	3342	
3 3343	3342	319	
3 3344	3343	319	
3 3345	343	1970	
3 3344	319	2059	
3 3154	669	3344	
3 3343	669	3345	
3 3149	3345	669	
3 268	3347	3349	
3 3346	414	3366	
3 3350	3348	267	
3 3347	3348	3349	
3 3347	267	3348	
3 3352	3349	509	
3 3346	268	3349	
3 266	3354	3353	
3 3350	3353	3354	
3 3355	3351	581	
3 509	3348	3351	
3 3359	509	3351	
3 3346	3352	414	
3 266	3103	3354	
3 3350	267	3353	
3 3357	3354	3103	
3 581	3357	3361	
3 632	3356	3359	
3 3368	3356	632	
3 3360	3356	3362	
3 3103	415	3357	
3 415	3358	3361	
3 3361	3355	581	
3 415	3137	3358	
3 632	3359	3355	
3 3356	509	3359	
3 3362	3356	582	
3 3360	3362	3363	
3 415	3361	3357	
3 3358	3355	3361	
3 3373	3362	582	
3 3365	341	3363	
3 3365	3363	3362	
3 3366	3363	341	
3 3367	3137	657	
3 3356	3368	582	
3 3373	3365	3362	
3 341	3365	3118	
3 3115	3366	341	
3 3346	3366	1991	
3 3367	3370	3369	
3 3369	3368	3364	
3 632	3364	3368	
3 3369	3364	3367	
3 3370	3367	657	
3 3369	3372	3374	
3 3493	657	3134	
3 3372	3370	3371	
3 3506	3371	958	
3 3372	3371	928	
3 3375	3373	3374	
3 3369	3370	3372	
3 3374	582	3369	
3 874	3118	3373	
3 3375	3372	928	
3 3373	582	3374	
3 3376	3375	928	
3 874	3373	3375	
3 3565	928	3506	
3 3376	993	3650	
3 3380	3378	274	
3 3377	3378	3379	
3 3377	274	3378	
3 3382	3379	579	
3 3062	275	3379	
3 274	273	3380	
3 3113	3380	273	
3 507	3383	3385	
3 579	3378	3381	
3 3384	3382	579	
3 3062	3382	506	
3 3121	3383	507	
3 656	3383	631	
3 3384	579	3385	
3 3384	656	3386	
3 507	3385	3381	
3 3385	3383	656	
3 656	631	3387	
3 506	3386	3388	
3 3490	3387	667	
3 3388	411	3063	
3 3386	3387	3388	
3 3387	411	3388	
3 127	2596	3390	
3 3389	3390	3391	
3 3389	127	3390	
3 2620	128	3391	
3 3389	3391	128	
3 131	2546	3393	
3 3392	3393	3394	
3 3392	131	3393	
3 3396	3394	548	
3 2759	132	3394	
3 2771	3395	461	
3 548	3393	3395	
3 3397	3396	548	
3 2762	3396	460	
3 2771	3397	548	
3 460	3397	2770	
3 208	3222	3399	
3 3398	3399	3400	
3 3398	208	3399	
3 3402	3400	567	
3 3230	209	3400	
3 3403	3401	489	
3 567	3399	3401	
3 3404	3402	567	
3 3233	3402	488	
3 3405	489	394	
3 3239	3404	623	
3 567	3403	3404	
3 623	3404	3403	
3 3405	394	3406	
3 623	3403	3405	
3 3406	394	3407	
3 3246	3406	926	
3 490	3407	394	
3 624	2862	3407	
3 204	2839	3409	
3 3408	3409	3410	
3 3408	204	3409	
3 3412	3410	568	
3 3161	205	3410	
3 2839	395	3411	
3 2860	3411	395	
3 3413	568	2860	
3 3161	3412	490	
3 624	3413	2860	
3 490	3412	3413	
3 161	2867	3415	
3 3414	3415	3416	
3 3414	161	3415	
3 2946	162	3416	
3 3414	3416	162	
3 2871	3417	2867	
3 2816	3417	450	
3 238	2107	3419	
3 3418	3419	3420	
3 3418	238	3419	
3 3422	3420	615	
3 3338	239	3420	
3 3421	2107	2114	
3 2119	615	3421	
3 2121	3422	615	
3 3338	3422	558	
3 2087	3423	320	
3 1469	3423	347	
3 519	2100	3424	
3 3425	2100	933	
3 3425	933	3507	
3 975	3424	3425	
3 536	2427	3426	
3 3427	2427	935	
3 3427	935	3508	
3 977	3426	3427	
3 1609	3428	803	
3 980	1546	3428	
3 980	3509	3510	
3 1553	3429	832	
3 2450	3430	554	
3 3430	646	2251	
3 1593	1020	3431	
3 3725	3431	1020	
3 565	2684	3432	
3 3433	2684	938	
3 938	3511	3571	
3 979	3432	3433	
3 27	3434	869	
3 3434	870	3622	
3 3512	3435	981	
3 1735	3435	833	
3 838	1788	3436	
3 1021	3436	1788	
3 3624	3437	917	
3 3437	839	3438	
3 3438	820	818	
3 3438	839	3513	
3 3445	3518	3517	
3 3519	3520	3439	
3 3523	3440	1807	
3 3525	3514	3524	
3 1853	1862	3441	
3 1862	3442	3443	
3 3515	1862	880	
3 968	3444	3625	
3 3444	3442	3625	
3 3443	3442	3444	
3 947	3518	3519	
3 3443	3445	879	
3 3445	3444	3516	
3 3445	3516	3518	
3 3526	3446	808	
3 846	1928	3446	
3 866	1953	3447	
3 923	3447	1953	
3 1042	1044	3448	
3 3452	3448	1044	
3 1966	3449	953	
3 3449	969	3450	
3 3450	969	3451	
3 2044	659	3450	
3 969	963	3451	
3 3527	885	2102	
3 3448	3452	859	
3 3453	3452	1044	
3 1044	1045	3453	
3 3628	1045	1032	
3 3628	3454	952	
3 963	969	3454	
3 3529	3455	906	
3 633	2011	3455	
3 932	2102	3456	
3 729	3456	2102	
3 886	3457	2099	
3 933	2100	3457	
3 951	919	3458	
3 3458	919	3724	
3 663	901	3459	
3 3459	901	2247	
3 3629	3460	902	
3 891	936	3460	
3 3715	3461	2268	
3 3534	910	2351	
3 3717	3462	3775	
3 3575	807	3717	
3 3463	910	3575	
3 3463	948	3536	
3 2173	3464	909	
3 3464	731	2249	
3 3535	3465	2354	
3 909	2356	3465	
3 889	3466	2426	
3 935	2427	3466	
3 813	3467	2516	
3 836	2538	3467	
3 2539	916	3468	
3 3607	3736	916	
3 955	2556	3470	
3 3469	970	3471	
3 2556	954	3470	
3 970	3470	954	
3 3471	970	3472	
3 2772	661	3471	
3 970	964	3472	
3 3539	888	2433	
3 3739	861	3737	
3 3473	2554	3739	
3 2635	786	3474	
3 3540	3474	786	
3 2636	817	3475	
3 3475	3557	3503	
3 2680	3476	747	
3 3245	3476	622	
3 3611	3477	2747	
3 3825	3477	1055	
3 3477	3478	2749	
3 988	3873	3542	
3 3541	2821	912	
3 2832	911	3479	
3 1060	1010	3480	
3 3587	2833	842	
3 571	2944	3481	
3 3482	2944	865	
3 3482	865	3545	
3 984	3481	3482	
3 3726	2861	862	
3 3483	3783	3551	
3 2862	3484	863	
3 2859	2863	3484	
3 3486	2968	904	
3 939	2992	3485	
3 3487	3486	904	
3 939	3486	3037	
3 3613	904	2831	
3 3037	3546	897	
3 3642	3488	3547	
3 3642	3644	3488	
3 3547	3489	3040	
3 3488	3039	3489	
3 411	3490	700	
3 3548	3490	667	
3 3118	874	3491	
3 3549	3491	874	
3 922	3647	3648	
3 3648	3647	850	
3 3493	944	3494	
3 3371	657	3493	
3 944	3141	3494	
3 3550	3141	943	
3 3495	900	3660	
3 883	931	3495	
3 3497	3496	957	
3 3498	3496	956	
3 3246	3501	957	
3 3551	3497	3553	
3 3551	3828	956	
3 965	971	3498	
3 3499	971	3500	
3 3245	665	3499	
3 971	965	3500	
3 894	3500	965	
3 3553	3501	926	
3 3497	957	3501	
3 3554	3502	913	
3 2115	3502	744	
3 759	3475	3503	
3 3557	3475	817	
3 3580	3555	3556	
3 3505	913	3322	
3 3323	3504	3505	
3 3505	3504	3556	
3 3558	3506	958	
3 3565	3506	994	
3 3507	933	3826	
3 3661	3507	1061	
3 3508	935	3827	
3 3605	3508	1062	
3 960	3509	1609	
3 3509	991	3510	
3 3510	991	3632	
3 832	3429	3510	
3 938	3610	3663	
3 3511	3750	3609	
3 1787	3512	981	
3 3512	992	3633	
3 3513	839	3634	
3 821	3513	1789	
3 3635	3514	961	
3 3514	3635	3512	
3 3742	3792	3614	
3 3793	3794	3515	
3 3444	968	3516	
3 3520	3521	3439	
3 3517	947	1804	
3 879	3445	3517	
3 3519	3518	3516	
3 947	3517	3518	
3 3520	3519	3516	
3 3519	3439	3523	
3 968	3522	3516	
3 3520	3522	3521	
3 3520	3516	3522	
3 3521	3522	3572	
3 3573	3522	968	
3 3522	3573	3572	
3 3523	3439	3524	
3 947	3523	1807	
3 3525	3524	3439	
3 3514	3440	3524	
3 3521	3525	3439	
3 3514	3525	961	
3 3636	808	834	
3 3526	921	3637	
3 3451	963	3527	
3 3638	3527	963	
3 882	945	3528	
3 3533	3528	945	
3 3529	906	3530	
3 3529	513	3531	
3 3532	3530	906	
3 3159	711	3530	
3 585	3531	513	
3 2006	633	3531	
3 3533	3532	906	
3 3159	3532	796	
3 3528	3533	906	
3 3533	945	3574	
3 3461	807	3534	
3 3575	3534	807	
3 910	3535	2354	
3 3463	3536	3537	
3 3536	948	3714	
3 806	909	3536	
3 3463	3537	3535	
3 3536	909	3537	
3 3746	3639	3538	
3 867	3468	3538	
3 3472	964	3539	
3 3640	3539	964	
3 3751	786	3620	
3 3868	3869	3871	
3 3542	912	3478	
3 3479	3543	2832	
3 988	3542	3478	
3 3543	3542	949	
3 3542	3543	3541	
3 949	2832	3543	
3 2837	3544	2838	
3 3576	3544	3480	
3 3769	1803	3711	
3 3545	3769	3770	
3 3577	3546	3487	
3 3040	897	3546	
3 3641	3547	3040	
3 3547	1058	3642	
3 667	631	3646	
3 3548	667	3578	
3 3376	3549	874	
3 993	3584	3650	
3 995	3559	3561	
3 958	3559	3558	
3 3483	3551	863	
3 956	3828	3552	
3 1013	3779	3916	
3 3498	956	3552	
3 2862	3553	926	
3 3551	3553	863	
3 3554	913	3555	
3 744	3554	2125	
3 913	3505	3556	
3 816	3555	3580	
3 3656	3556	3504	
3 3580	2138	816	
3 817	3540	3581	
3 914	3503	3557	
3 3559	958	3550	
3 3558	3559	3560	
3 3561	3559	3550	
3 3560	3559	995	
3 3653	995	3590	
3 994	3567	3566	
3 943	3562	3550	
3 3562	3561	3550	
3 3722	3781	943	
3 3561	3562	3564	
3 3582	3564	3563	
3 3562	943	3563	
3 3562	3563	3564	
3 3563	1022	3582	
3 3566	3565	994	
3 3376	928	3565	
3 994	3560	3567	
3 3376	3566	993	
3 3653	3567	3560	
3 3566	3568	993	
3 996	3583	3567	
3 3568	3567	3583	
3 3507	775	3569	
3 2307	3569	775	
3 3508	779	3570	
3 2471	3570	779	
3 3511	785	3571	
3 1619	3571	785	
3 1037	3700	3761	
3 3635	3688	992	
3 3831	968	3625	
3 3573	3831	3907	
3 3585	3574	945	
3 796	3586	3160	
3 807	3716	3717	
3 3575	987	3824	
3 3576	3480	3587	
3 2824	3576	842	
3 3645	3487	904	
3 1058	3547	3641	
3 3579	3578	3649	
3 922	3649	3578	
3 3102	3579	1015	
3 972	3548	3579	
3 3556	950	3580	
3 3588	3580	950	
3 3871	3581	3540	
3 3589	3581	3592	
3 3679	3582	1022	
3 3564	3590	995	
3 3591	3654	3583	
3 3584	986	3650	
3 3568	3583	3584	
3 3591	3583	996	
3 3727	3585	945	
3 3730	3784	3785	
3 3585	3586	3574	
3 3729	3586	959	
3 3480	1010	3587	
3 3878	3834	1091	
3 3678	950	3651	
3 962	2138	3588	
3 3592	3581	989	
3 914	3589	3593	
3 3582	3652	3590	
3 3560	995	3653	
3 996	3695	3836	
3 986	3584	3654	
3 3696	989	3655	
3 3656	3504	3593	
3 3589	3592	3593	
3 3682	3696	3655	
3 1607	915	3594	
3 3657	3594	915	
3 1685	801	3595	
3 801	1694	3732	
3 852	3599	3689	
3 3596	3673	3636	
3 3596	3597	1690	
3 834	798	3597	
3 1039	1030	3598	
3 3599	3598	1030	
3 3758	3599	3800	
3 3689	3673	3596	
3 846	3637	3684	
3 1939	3600	3659	
3 3601	3757	3799	
3 966	3727	3733	
3 3678	3694	962	
3 3602	3701	3763	
3 3603	3847	3772	
3 892	2259	3603	
3 2296	2308	3604	
3 775	3604	2308	
3 3508	3605	779	
3 3734	3605	1062	
3 3747	3606	2537	
3 3790	3735	3606	
3 836	3594	3657	
3 3736	3607	1002	
3 860	3735	3790	
3 2613	3737	861	
3 3511	3609	785	
3 3609	1063	3740	
3 3662	3610	895	
3 3663	3511	938	
3 3741	2739	976	
3 3477	3611	1055	
3 3612	942	3613	
3 856	3612	2831	
3 3613	3675	3645	
3 3487	3645	3577	
3 898	3488	3742	
3 880	930	3614	
3 3615	927	3616	
3 3097	3615	3089	
3 3829	3616	927	
3 3830	3616	1067	
3 3101	873	3617	
3 3743	3617	873	
3 3724	843	3262	
3 3685	940	3835	
3 3664	3619	940	
3 3206	3619	900	
3 3665	3620	978	
3 3620	3665	3751	
3 26	3687	3621	
3 3621	3687	3434	
3 3704	870	3702	
3 1000	3622	1025	
3 3744	3623	1021	
3 3745	3623	1065	
3 917	3623	3745	
3 3671	3634	3624	
3 3515	3625	3442	
3 3625	3794	3795	
3 3666	3626	1031	
3 1956	3626	1042	
3 923	3667	3627	
3 3667	3668	3627	
3 3453	3628	952	
3 1032	1051	3833	
3 3908	3629	902	
3 3629	3877	3832	
3 974	3630	2315	
3 1054	3462	3630	
3 3909	3631	1068	
3 1033	3809	3919	
3 991	960	3669	
3 1020	1604	3632	
3 3670	3633	992	
3 1788	3633	1021	
3 839	3624	3634	
3 3671	3624	1003	
3 3572	3672	961	
3 3635	961	3672	
3 3596	3636	834	
3 921	3526	3636	
3 3698	921	3674	
3 3684	3637	3698	
3 3833	963	3628	
3 3712	886	2103	
3 3746	3538	1028	
3 3606	3747	997	
3 3640	3809	3777	
3 3778	3718	3776	
3 3577	1008	3641	
3 1008	3897	3748	
3 3643	3642	1058	
3 3642	3643	3644	
3 3748	1058	3641	
3 1053	3936	3851	
3 3644	3794	3793	
3 3515	880	3792	
3 904	3613	3645	
3 3613	942	3675	
3 631	3121	3647	
3 922	3578	3646	
3 3648	850	3492	
3 922	3646	3647	
3 986	3676	3492	
3 3649	3677	3692	
3 3677	922	3648	
3 1015	3579	3649	
3 3492	3650	986	
3 3650	3549	3376	
3 950	3556	3656	
3 3678	3651	3693	
3 3679	3652	3582	
3 3652	3680	3653	
3 3680	3652	1093	
3 3567	3653	996	
3 3836	4006	3591	
3 3692	1015	3649	
3 3868	3866	3867	
3 950	3697	3651	
3 3696	3593	3592	
3 3682	3656	3696	
3 3431	3725	915	
3 1002	3607	3657	
3 3853	3887	3900	
3 1939	3659	858	
3 3600	3658	3659	
3 3798	3668	3752	
3 3686	900	3664	
3 3601	3660	3757	
3 3604	775	3661	
3 3507	3661	775	
3 3719	3662	895	
3 3910	1138	3814	
3 3610	3662	3663	
3 1018	3663	3662	
3 3685	3664	940	
3 3686	3660	900	
3 3609	3740	978	
3 3815	3740	1063	
3 1040	1042	3666	
3 1924	3667	923	
3 3668	1005	1031	
3 858	3752	3667	
3 3668	3667	3752	
3 1036	3917	3782	
3 1020	3632	3669	
3 3688	3635	3672	
3 1065	3623	3744	
3 3755	1029	3710	
3 918	3753	1801	
3 3672	3761	3700	
3 3762	3688	3700	
3 3596	852	3689	
3 3690	3674	921	
3 3690	921	3673	
3 3912	3674	1118	
3 942	3587	3834	
3 3577	3675	1008	
3 986	3654	3691	
3 922	3677	3649	
3 3648	3676	3677	
3 3691	3677	3676	
3 950	3678	3588	
3 1019	3693	3651	
3 1022	1109	3679	
3 3756	3679	1109	
3 3695	3680	1093	
3 996	3653	3680	
3 3691	3759	3692	
3 986	3691	3676	
3 3682	3655	3697	
3 950	3656	3682	
3 1064	1002	3683	
3 1002	3657	3683	
3 3637	921	3698	
3 3600	3684	3658	
3 3618	3835	940	
3 3835	3618	1006	
3 3664	3685	3686	
3 3757	3685	1014	
3 3765	999	3707	
3 3702	3705	999	
3 3700	3688	3672	
3 3670	992	3688	
3 3599	3758	3689	
3 3690	1118	3674	
3 3673	3689	3690	
3 3690	3689	3758	
3 3654	3681	3691	
3 3801	3854	3888	
3 3677	3691	3692	
3 3759	3691	3681	
3 3913	3693	1019	
3 3693	3701	3694	
3 3678	3693	3694	
3 3701	3693	990	
3 3756	1093	3679	
3 3836	3591	996	
3 3593	3696	3656	
3 3696	3592	989	
3 3869	3870	989	
3 1019	3651	3697	
3 3674	1004	3698	
3 3658	3698	1004	
3 3706	999	3705	
3 3699	3706	3705	
3 3761	3672	3572	
3 3744	3802	3803	
3 3701	990	3763	
3 3602	3694	3701	
3 3703	3702	999	
3 870	3704	3622	
3 3703	3765	3764	
3 3703	3704	3702	
3 1025	3622	3704	
3 3687	26	3705	
3 3699	3705	26	
3 3699	25	3706	
3 25	3837	3707	
3 3707	3806	3765	
3 999	3706	3707	
3 877	3713	3766	
3 876	3708	3767	
3 876	3709	946	
3 3709	967	3768	
3 3858	998	4015	
3 3711	3710	998	
3 3710	3711	868	
3 3770	3769	3711	
3 3638	1011	3712	
3 3771	1011	1080	
3 3772	892	3603	
3 892	3772	3713	
3 3714	948	3773	
3 1059	3714	3774	
3 2267	3715	2268	
3 3716	2317	3462	
3 3716	3462	3717	
3 807	3715	3716	
3 3775	3462	1054	
3 987	3575	3717	
3 3640	3776	888	
3 3718	888	3776	
3 3779	3719	894	
3 3662	3719	1013	
3 3780	1015	3692	
3 3780	3888	3720	
3 973	3102	3721	
3 3720	3721	3102	
3 3722	851	3781	
3 943	3140	3722	
3 851	3722	3723	
3 760	3723	3722	
3 3838	3724	919	
3 843	3724	3618	
3 3725	1020	3782	
3 3683	915	3725	
3 3770	862	3545	
3 3811	3783	3726	
3 945	882	3727	
3 3733	882	2015	
3 3727	3728	3585	
3 966	1070	3728	
3 3730	3729	959	
3 3160	3729	851	
3 3784	959	3728	
3 3730	1038	3787	
3 3788	3731	1024	
3 3598	3731	1039	
3 1000	3732	1697	
3 1024	3595	3732	
3 3733	3601	3839	
3 3727	882	3733	
3 1017	4024	1062	
3 3734	3789	3741	
3 864	3606	3735	
3 3790	3606	997	
3 3736	1002	3914	
3 3538	916	3736	
3 3608	3738	3737	
3 3473	3739	3631	
3 3608	3790	3813	
3 3631	3738	1068	
3 3737	3738	3739	
3 3631	3739	3738	
3 3750	3797	1063	
3 3665	978	3740	
3 3734	3741	976	
3 1055	3611	3741	
3 3488	3644	3742	
3 3742	3793	3792	
3 3830	873	3616	
3 872	3840	1001	
3 3688	3762	3670	
3 3762	3700	3802	
3 3841	3745	1065	
3 1003	3624	3745	
3 3746	3852	3796	
3 3796	3747	3639	
3 2537	3639	3747	
3 3796	3639	3746	
3 3748	3977	3962	
3 1058	3748	3962	
3 3915	3749	1061	
3 3630	3749	1054	
3 3663	1018	3750	
3 3797	3750	1018	
3 1056	3751	3665	
3 3540	786	3751	
3 858	3659	3752	
3 3659	3658	3853	
3 3754	3753	3671	
3 3755	3710	1801	
3 3671	1003	3754	
3 3841	3884	1003	
3 3753	3754	3755	
3 1029	3755	3754	
3 3756	1109	3843	
3 3695	1093	3756	
3 3757	1014	3799	
3 3660	3686	3757	
3 3800	3599	1030	
3 3690	3758	1118	
3 3801	3681	1092	
3 1015	3780	3720	
3 3760	3891	3903	
3 1019	3697	3760	
3 3572	1097	3761	
3 3844	3761	1097	
3 3802	3700	1037	
3 3744	3670	3762	
3 3838	919	3880	
3 951	3763	919	
3 3804	3764	1066	
3 3764	3804	3805	
3 3806	3707	1023	
3 3764	3765	1066	
3 3940	3885	3845	
3 3767	967	3709	
3 3708	3766	3767	
3 3845	3767	3766	
3 3885	3768	967	
3 3846	3768	1096	
3 1803	3769	865	
3 3770	3711	998	
3 3770	998	3811	
3 862	3770	3726	
3 1016	3771	1080	
3 886	3712	3771	
3 3603	1057	3847	
3 3766	3713	3772	
3 3463	3824	948	
3 987	3808	3922	
3 3714	3773	3774	
3 3773	1081	3774	
3 3808	3775	1054	
3 987	3717	3775	
3 3640	3777	3776	
3 3810	3776	3777	
3 3640	964	3809	
3 3778	3776	3810	
3 3810	3777	1012	
3 3778	3818	3827	
3 894	965	3779	
3 3916	965	3552	
3 3692	3759	3780	
3 3801	3759	3681	
3 3787	851	3729	
3 3787	3812	3781	
3 1020	3669	3782	
3 1036	3782	3669	
3 3483	3726	3783	
3 3726	3770	3811	
3 3728	1070	3784	
3 3730	3785	1038	
3 3784	1070	3785	
3 1070	4003	3786	
3 1038	3785	3786	
3 1070	3786	3785	
3 3812	3787	1038	
3 3781	851	3787	
3 3848	1024	1000	
3 1041	3933	3849	
3 3923	1075	1104	
3 3741	3789	1055	
3 3813	3790	997	
3 860	3790	3608	
3 3791	3820	3860	
3 3665	3850	1056	
3 3614	3792	880	
3 3793	3742	3644	
3 3794	3644	1053	
3 3515	3792	3793	
3 3795	3794	1053	
3 3515	3794	3625	
3 3851	3795	1053	
3 3831	3573	968	
3 3852	3746	1028	
3 3813	997	3859	
3 3797	1018	3814	
3 3740	3815	3791	
3 3752	3853	3798	
3 3798	3900	3944	
3 3799	1014	3953	
3 3799	3881	3839	
3 3816	3800	1030	
3 1118	3758	3800	
3 3801	1092	3854	
3 3780	3759	3801	
3 3802	1037	3803	
3 3744	3762	3802	
3 1037	3844	3927	
3 1065	3883	3841	
3 1066	3806	3857	
3 1066	3857	3804	
3 3856	3805	1078	
3 1000	1025	3805	
3 3807	3806	1023	
3 1066	3765	3806	
3 1023	3879	3905	
3 3855	3857	1077	
3 3749	4023	1054	
3 1072	3922	1103	
3 964	954	3919	
3 3809	1033	4004	
3 3817	3810	1012	
3 3778	3810	3818	
3 3858	3811	998	
3 1069	3783	3811	
3 3819	1038	3786	
3 3812	1022	3563	
3 3859	997	3796	
3 1068	3738	3813	
3 3910	3814	1018	
3 4005	3814	1138	
3 1063	3797	3815	
3 3814	3815	3797	
3 3816	1030	3931	
3 1119	3948	3975	
3 1012	4004	4070	
3 3817	1137	3920	
3 3810	3817	3818	
3 3920	3818	3817	
3 3786	1079	3821	
3 1022	3812	3819	
3 3814	1076	3820	
3 3860	3820	1076	
3 3872	3821	1079	
3 1022	3821	1109	
3 3822	1009	3921	
3 841	2253	3822	
3 3542	3873	949	
3 1082	1060	3823	
3 3922	3824	987	
3 3773	948	3824	
3 3923	1055	3789	
3 3965	3873	3939	
3 933	886	3826	
3 3771	3826	886	
3 935	889	3827	
3 3827	889	3778	
3 3551	1069	3828	
3 1034	3828	1069	
3 3874	3829	927	
3 3874	3894	3829	
3 3830	1067	3876	
3 3743	873	3830	
3 3795	1112	3831	
3 3907	3831	1112	
3 3832	3603	2259	
3 3629	3908	3877	
3 1032	3833	3628	
3 1011	3833	1051	
3 3587	1010	3834	
3 1091	3834	1010	
3 3924	3835	1006	
3 3685	3835	3925	
3 3695	1110	3836	
3 3836	1110	4006	
3 3880	919	3763	
3 3837	3879	3707	
3 3618	3838	1006	
3 3601	3799	3839	
3 3799	3918	3881	
3 3743	1027	3840	
3 3882	3840	1027	
3 3883	1065	3803	
3 3884	3842	1003	
3 4016	3842	3884	
3 4092	4015	1029	
3 3893	1109	3872	
3 3843	3893	4017	
3 3946	1097	3907	
3 1037	3927	3803	
3 1052	3845	3766	
3 1052	3940	3845	
3 3928	3846	1096	
3 3669	3846	1036	
3 3886	3847	1057	
3 1052	3772	3847	
3 3856	1000	3805	
3 1041	3788	3848	
3 1039	3788	3849	
3 1041	3849	3788	
3 3740	3850	3665	
3 3791	3860	3862	
3 3936	1053	3643	
3 3937	3851	3963	
3 1028	3914	4021	
3 1068	3947	3909	
3 1004	3887	3658	
3 3853	3658	3887	
3 4008	4010	1092	
3 3901	4018	3889	
3 4034	1077	3996	
3 3938	3855	1142	
3 3856	1078	3938	
3 3848	1000	3856	
3 1077	3857	3807	
3 3855	3804	3857	
3 4015	998	3710	
3 1069	3858	1121	
3 3947	3852	1120	
3 1068	3813	3859	
3 3863	1076	3861	
3 3862	3850	3791	
3 1076	3814	4005	
3 1105	3865	3890	
3 3863	3860	1076	
3 3860	3863	3862	
3 3865	3861	3890	
3 3864	1056	3850	
3 3861	3865	3863	
3 3868	1056	3864	
3 3760	3870	3891	
3 3862	3866	3864	
3 3863	3865	3866	
3 3891	3865	1105	
3 3865	3867	3866	
3 3655	989	3870	
3 3867	3869	3868	
3 1056	3868	3871	
3 3870	3869	3867	
3 3871	3869	989	
3 3891	3870	3867	
3 3655	3870	3760	
3 3581	3871	989	
3 3871	3540	3751	
3 3892	3872	1079	
3 3893	3843	1109	
3 3939	988	3825	
3 1073	3823	3873	
3 973	3874	927	
3 1035	3874	3721	
3 3889	4018	1035	
3 1101	3904	3895	
3 3895	3876	1067	
3 3876	3895	3904	
3 3896	1007	1115	
3 1057	3832	3877	
3 3897	3878	1091	
3 1008	3675	3878	
3 24	3898	3943	
3 3707	3879	1023	
3 4032	3984	3880	
3 3973	3924	3984	
3 4037	4003	1070	
3 966	3839	3881	
3 4103	1027	3904	
3 1027	4103	3882	
3 3803	3927	3959	
3 1100	4016	3884	
3 3841	3883	3884	
3 1100	3884	3883	
3 3941	3885	1111	
3 3768	3885	1096	
3 3896	1057	3877	
3 4047	1131	4057	
3 3899	3887	1004	
3 3899	3900	3887	
3 3801	3888	3780	
3 3889	3888	3854	
3 3901	3889	3854	
3 1035	3720	3889	
3 3861	3902	3890	
3 4085	4019	3903	
3 3865	3891	3867	
3 3891	1105	3903	
3 4038	1079	4003	
3 3892	4038	4072	
3 3872	3892	3893	
3 1117	3893	3892	
3 3874	1035	3894	
3 1035	3875	3894	
3 1067	3875	3895	
3 4084	3875	4018	
3 1107	3896	1115	
3 3886	1057	3896	
3 3942	3897	1091	
3 3748	3897	1116	
3 23	3970	3898	
3 1094	3807	3905	
3 3949	1004	3912	
3 3950	3899	3949	
3 3899	1130	3900	
3 3944	3911	1005	
3 4010	4008	4007	
3 4012	4014	3901	
3 1076	3902	3861	
3 4195	4109	1233	
3 1105	3890	3906	
3 1019	4019	3913	
3 4103	1101	4121	
3 4103	4071	3882	
3 3943	3905	3879	
3 3807	1023	3905	
3 3906	4198	4109	
3 4195	4085	4109	
3 3945	3907	1112	
3 3946	3907	1128	
3 902	941	3908	
3 3908	941	3921	
3 3947	1068	3859	
3 3909	3947	3972	
3 3662	1013	3910	
3 4073	3910	1013	
3 1005	3798	3944	
3 3911	3944	4074	
3 3948	3912	1118	
3 1004	3949	3899	
3 4019	1019	3903	
3 4032	3913	4051	
3 1002	4020	3914	
3 4086	4020	1099	
3 1016	3915	1061	
3 3915	1074	4023	
3 3552	1034	3916	
3 3916	1034	4106	
3 1036	3928	3930	
3 1064	4042	4020	
3 1014	3685	3925	
3 3957	1102	3918	
3 3919	3631	3909	
3 964	3919	3809	
3 1075	4024	4044	
3 3920	4044	4024	
3 1009	1089	3921	
3 3921	1089	1007	
3 1103	3922	3808	
3 1072	3773	3922	
3 1075	3923	3789	
3 3964	3923	1104	
3 3984	1006	3880	
3 3955	3953	3954	
3 3835	3924	3925	
3 3954	3953	3925	
3 3756	3926	3695	
3 4007	1110	4039	
3 3844	3958	3927	
3 1100	3883	3959	
3 1096	3941	3929	
3 3928	3929	3930	
3 1127	1113	3929	
3 3929	1113	3930	
3 1113	4095	4055	
3 3917	1036	3930	
3 3931	1043	3932	
3 1039	3931	1030	
3 1043	3933	3935	
3 3975	3960	1098	
3 3934	3933	1041	
3 3933	3934	3935	
3 3938	3934	1041	
3 1142	1106	3934	
3 3976	3961	3935	
3 1043	3935	3961	
3 3643	1058	3962	
3 3978	3937	3963	
3 1112	3851	3937	
3 3963	3851	3936	
3 3855	3938	1078	
3 3934	3938	1142	
3 3825	3964	3939	
3 3873	3965	1073	
3 3966	1052	3886	
3 1111	3885	3940	
3 3967	3941	1111	
3 3929	3941	1127	
3 3968	1091	1087	
3 3969	3942	1090	
3 3943	3898	3970	
3 3900	1130	3944	
3 4074	3944	1130	
3 1112	3937	3945	
3 3971	3937	1132	
3 3958	1128	1114	
3 3844	1097	3946	
3 3852	3947	3859	
3 3947	1120	3972	
3 3800	3948	1118	
3 3816	3960	3975	
3 3912	1119	3949	
3 3950	3949	1119	
3 3951	3950	1119	
3 3899	3950	3952	
3 3987	1119	3975	
3 4025	3952	3951	
3 3950	3951	3952	
3 4025	3951	1133	
3 1014	3925	3953	
3 3954	3925	3924	
3 3954	3973	3956	
3 3953	3955	3918	
3 3954	3956	3955	
3 3974	3956	1139	
3 3973	3954	3924	
3 3974	3957	3955	
3 3974	3955	3956	
3 3957	3986	3994	
3 3946	3958	3844	
3 4026	3959	3927	
3 3958	4026	3927	
3 4026	3958	1114	
3 3816	3932	3960	
3 3932	1043	3961	
3 3935	1106	3976	
3 3961	3976	3988	
3 3977	3748	1116	
3 3963	3962	1108	
3 3962	3963	3936	
3 3937	3978	1132	
3 3923	3964	3825	
3 3965	3964	1104	
3 3964	3965	3939	
3 4088	4027	3965	
3 1107	3966	3886	
3 3979	1131	3980	
3 3979	3967	1111	
3 3967	3979	3980	
3 3981	1087	1085	
3 1090	3942	3968	
3 3997	3982	3995	
3 1116	3989	3977	
3 23	3983	4031	
3 3943	3970	1094	
3 4075	3971	1132	
3 4078	3971	1136	
3 4190	3972	1120	
3 4004	3972	1150	
3 3924	1006	3984	
3 3973	3984	3993	
3 3985	3974	1139	
3 3986	3974	3985	
3 3975	1098	3987	
3 3816	3975	3948	
3 4191	3976	1106	
3 3960	3988	1098	
3 3989	1116	3969	
3 1108	3962	3977	
3 3963	1108	3978	
3 1108	3989	4002	
3 1111	3966	3979	
3 4028	3966	1107	
3 4029	3980	1131	
3 3980	4029	4030	
3 3990	3981	1085	
3 1090	3968	3981	
3 1132	3978	3991	
3 3995	3969	3997	
3 4050	3983	22	
3 3970	3992	1094	
3 3880	990	4032	
3 4032	4051	3984	
3 3973	3993	1139	
3 4149	3985	1181	
3 4134	3994	1173	
3 3957	3974	3986	
3 3987	1098	4033	
3 3951	1119	3987	
3 4133	3976	4191	
3 1133	3951	4033	
3 3995	3989	3969	
3 1108	3977	3989	
3 1085	1073	4089	
3 3998	3999	3997	
3 3982	4035	4002	
3 4035	4052	3991	
3 3970	4031	3992	
3 3992	1123	3996	
3 3993	4051	4096	
3 3985	1139	3993	
3 4003	4053	4038	
3 3957	3994	1102	
3 3997	3969	1090	
3 3995	3982	4002	
3 1123	4064	4067	
3 1123	4067	3996	
3 3990	3998	1090	
3 3997	1090	3998	
3 1159	4000	3990	
3 3998	4000	3999	
3 3998	3990	4000	
3 3982	3999	4001	
3 4036	4000	1159	
3 4001	1147	4035	
3 3999	4000	4001	
3 4036	4001	4000	
3 4035	3982	4001	
3 1108	4002	3991	
3 4037	1070	3881	
3 4038	4053	1167	
3 3972	4004	1033	
3 4004	1150	4070	
3 4107	4080	1138	
3 3902	1076	4005	
3 4008	1110	4007	
3 3681	4006	1092	
3 4039	1110	3926	
3 4010	4011	3854	
3 1110	4008	4006	
3 4009	4010	4007	
3 4007	1129	4009	
3 4009	4013	4012	
3 4011	4010	4009	
3 3854	1092	4010	
3 4012	4011	4009	
3 3854	4011	3901	
3 4013	4009	1129	
3 4013	4081	4012	
3 4066	4101	1129	
3 4081	4014	4012	
3 4014	4083	4018	
3 1035	4018	3875	
3 4092	3842	4041	
3 3858	4082	1121	
3 4046	1100	3959	
3 4016	4040	4090	
3 4066	4063	4100	
3 4054	4007	4039	
3 3901	4014	4018	
3 4014	1208	4083	
3 4085	3903	3906	
3 1126	3913	4019	
3 1064	4020	1002	
3 4086	4021	3914	
3 4086	3914	4020	
3 4220	4021	1200	
3 1016	1080	4022	
3 4043	1080	1083	
3 4023	1074	4087	
3 1054	4023	3808	
3 1075	3789	4024	
3 1062	4024	3789	
3 4267	4025	1133	
3 4074	4025	1134	
3 4078	4079	1114	
3 3959	4026	4046	
3 4027	1141	4089	
3 1073	3965	4027	
3 1131	3979	4028	
3 3966	4028	3979	
3 4047	4029	1131	
3 4029	4047	4048	
3 4049	4030	1135	
3 1113	1127	4030	
3 4031	3983	4050	
3 990	3913	4032	
3 4051	3913	1126	
3 3976	4133	3988	
3 4033	4133	4192	
3 4034	1172	4316	
3 3855	1077	4034	
3 4052	4035	1147	
3 4002	4035	3991	
3 4231	4246	4199	
3 4036	4193	4062	
3 3881	1102	4037	
3 4053	1102	3994	
3 4053	4003	4037	
3 4072	4038	1167	
3 4017	4063	3843	
3 4007	4054	1129	
3 4040	4091	4090	
3 4016	4090	4041	
3 4093	4092	4041	
3 3842	4016	4041	
3 4055	3917	3930	
3 1099	4020	4042	
3 4135	4043	1083	
3 4043	4135	4087	
3 3920	1137	4044	
3 4120	1137	4070	
3 1149	4150	4136	
3 4026	1114	4045	
3 4026	4045	4046	
3 4046	4045	4136	
3 4057	1131	4028	
3 1156	4047	4058	
3 4059	4048	1156	
3 4048	4059	4060	
3 4060	1135	4048	
3 4138	1148	4152	
3 22	4061	4099	
3 4099	4050	22	
3 4096	4051	1126	
3 3993	3984	4051	
3 4065	1147	4062	
3 4052	1158	4076	
3 1102	4053	4037	
3 1167	4053	3994	
3 4039	4063	4054	
3 4066	1129	4054	
3 1113	4055	3930	
3 1099	4042	4055	
3 4088	4111	4123	
3 1075	4044	4056	
3 1088	4197	4098	
3 4058	1146	4097	
3 4047	4057	4058	
3 4057	1107	4098	
3 4097	4059	1156	
3 4059	4097	4137	
3 4138	4060	1163	
3 4049	1135	4060	
3 4115	4061	21	
3 4050	4064	1123	
3 4036	4062	1147	
3 1158	4065	4069	
3 3843	4063	4039	
3 4116	4017	1117	
3 4050	4099	4064	
3 4129	4132	1143	
3 4068	4065	4062	
3 4065	4068	4069	
3 4100	4063	4017	
3 4162	4101	4066	
3 1143	4067	4064	
3 1172	4034	4067	
3 4062	1164	4068	
3 4173	1165	4221	
3 4068	1165	4069	
3 4108	4077	4069	
3 4102	4070	1150	
3 1137	3817	4070	
3 1125	1145	4104	
3 1026	3882	4071	
3 1167	3994	4134	
3 4072	1167	4105	
3 1013	3916	4106	
3 4107	4073	1151	
3 4025	4074	1130	
3 1134	1046	4074	
3 4076	1132	3991	
3 4075	4076	4077	
3 4052	4076	3991	
3 4077	4076	1158	
3 1158	4069	4077	
3 4108	4069	1165	
3 4079	4078	1136	
3 1114	1128	4078	
3 1136	4077	4108	
3 4045	1114	4079	
3 4280	4080	1170	
3 3902	4080	1152	
3 4013	1129	4118	
3 4013	4118	4081	
3 4082	4015	4092	
3 4082	4093	4094	
3 4140	4083	1208	
3 4084	1101	3895	
3 4018	4083	4084	
3 1101	4084	4083	
3 4085	3906	4109	
3 1126	4019	4085	
3 4110	4086	1099	
3 1200	4021	4086	
3 4043	4087	1074	
3 1103	4141	1140	
3 4111	1104	1075	
3 4088	1104	4111	
3 4089	1141	4112	
3 3990	1085	4089	
3 4091	4040	1205	
3 1204	4041	4090	
3 4229	1205	4113	
3 4091	4229	4194	
3 3842	4092	1029	
3 4041	1204	4093	
3 4093	1204	4094	
3 4082	4092	4093	
3 4194	1204	4091	
3 4236	4217	4218	
3 4171	4095	1148	
3 4095	1201	4110	
3 4195	4096	1126	
3 3993	4196	3985	
3 4261	1146	4197	
3 4097	1162	4137	
3 4057	4098	4058	
3 1115	4098	1107	
3 4099	4061	4115	
3 4116	4100	4017	
3 4125	4130	4116	
3 4162	4066	4146	
3 4268	1226	4117	
3 4119	4102	1150	
3 4102	1171	4120	
3 1101	4103	3904	
3 1125	4071	4103	
3 1145	1095	4104	
3 1095	4071	4104	
3 1180	4142	4105	
3 4116	1117	4125	
3 4122	4106	1034	
3 1151	4073	4106	
3 4143	4107	1151	
3 4080	4107	1170	
3 4153	4139	4108	
3 4079	1136	4108	
3 4198	3906	3902	
3 4109	4198	4230	
3 4095	4110	1099	
3 4110	1201	4144	
3 4056	1153	4111	
3 1153	1210	4123	
3 4123	4112	1141	
3 4199	4112	1210	
3 4317	1205	4150	
3 4113	4317	4200	
3 1225	1162	4114	
3 1162	4097	4114	
3 21	4124	4145	
3 4145	4115	21	
3 1117	4072	4125	
3 4130	4100	4116	
3 4268	4117	4101	
3 4117	1226	4211	
3 4101	4117	4118	
3 4117	4081	4118	
3 4190	1150	3972	
3 4131	1171	4269	
3 4126	4120	1171	
3 4044	4120	4056	
3 4127	4121	1101	
3 4128	4121	4127	
3 1069	4122	1034	
3 4217	4214	1121	
3 1153	4123	4111	
3 4112	4123	1210	
3 20	4160	4124	
3 4145	1168	4129	
3 4142	4125	4105	
3 4175	4130	4155	
3 4131	4126	1171	
3 4056	4126	1153	
3 4083	4127	1101	
3 4201	4127	1219	
3 4128	1161	4202	
3 1125	4121	4128	
3 4115	4145	4129	
3 4147	4132	4129	
3 4155	4125	4142	
3 4100	4146	4066	
3 4269	1171	4119	
3 1178	4270	4131	
3 4148	4132	1189	
3 4067	1143	4132	
3 4192	4133	1184	
3 4033	3988	4133	
3 3985	4149	1173	
3 4105	1167	4134	
3 4203	4135	1083	
3 4135	4203	4207	
3 1149	4136	4045	
3 4040	4136	1205	
3 4210	4137	1162	
3 4137	4210	4151	
3 4167	1163	4151	
3 1148	4095	4152	
3 4079	4108	4139	
3 4153	4108	1165	
3 4140	1208	4117	
3 4127	4140	1219	
3 4087	1166	4141	
3 1166	4209	4212	
3 4154	4142	1180	
3 4142	1179	4155	
3 4213	1151	4122	
3 4216	4143	4215	
3 4158	4144	1201	
3 4144	4158	4159	
3 4145	4124	4160	
3 4161	4130	4175	
3 4130	4161	4146	
3 4163	4147	1168	
3 4147	4163	4177	
3 4164	4148	1189	
3 4067	4148	1172	
3 4165	4149	1181	
3 1180	4134	4149	
3 4166	4150	1149	
3 4317	1206	4200	
3 4137	4151	1163	
3 4273	4168	1185	
3 4095	4049	4152	
3 4060	4152	4049	
3 4173	4153	1165	
3 4180	4166	1149	
3 4165	1180	4149	
3 4154	1183	4174	
3 4175	4155	1179	
3 4130	4125	4155	
3 4213	4122	4214	
3 4216	4157	4143	
3 4282	4284	4271	
3 4245	4280	4281	
3 4170	4172	4171	
3 4158	4172	4187	
3 1203	4219	4159	
3 4219	1175	4241	
3 4182	1187	4178	
3 4182	4163	1168	
3 4272	1199	4295	
3 4296	4162	4272	
3 4161	4162	4146	
3 4268	4162	1220	
3 20	4224	4160	
3 4163	4182	4178	
3 1189	4147	4177	
3 4164	4188	4226	
3 4165	1181	4179	
3 4154	1180	4165	
3 4180	1149	4153	
3 4166	4186	4225	
3 1163	4167	4138	
3 4168	4167	4151	
3 1185	4168	4151	
3 4167	4169	1148	
3 1202	4170	4168	
3 4168	4170	4169	
3 1202	4172	4170	
3 4172	1201	4171	
3 1148	4169	4171	
3 4170	4171	4169	
3 1202	4181	4187	
3 4172	4158	1201	
3 4068	4221	1165	
3 4221	4068	1164	
3 4222	4174	1183	
3 4223	4175	1179	
3 1179	4174	4223	
3 4175	1199	4161	
3 4243	1187	4224	
3 20	4176	4224	
3 4177	1192	4183	
3 1189	4177	4184	
3 4185	4178	1187	
3 1192	4163	4178	
3 1176	4179	1181	
3 1182	1183	4179	
3 4153	4173	4180	
3 4186	4180	4173	
3 1202	4273	4298	
3 4181	4306	4240	
3 4160	4182	1168	
3 4182	4160	4224	
3 4189	1192	4178	
3 4244	1195	4183	
3 4177	4183	4184	
3 4188	4183	1195	
3 1187	4243	4257	
3 4227	4189	4185	
3 4173	1186	4186	
3 4186	1186	4225	
3 1202	4187	4172	
3 1203	4187	4181	
3 4164	4184	4188	
3 4183	4188	4184	
3 4227	4185	1196	
3 1192	4189	4228	
3 4220	4241	1120	
3 4119	1150	4190	
3 1106	1154	4191	
3 4335	4378	4226	
3 4334	4192	1184	
3 4192	4373	4267	
3 4246	4036	1159	
3 4341	4276	4193	
3 4239	4218	4237	
3 4094	1204	4194	
3 4195	1126	4085	
3 4195	1233	4318	
3 4096	1176	4196	
3 1181	4196	1176	
3 4251	1088	1084	
3 1157	4261	4197	
3 3902	1152	4198	
3 4230	4198	1152	
3 4231	4199	1210	
3 4246	1159	4199	
3 1206	4225	4278	
3 4288	4238	4300	
3 4232	4201	1219	
3 4128	4201	1161	
3 1161	4254	4202	
3 1155	1145	4202	
3 4204	1083	1050	
3 4205	4203	4204	
3 1048	4204	1050	
3 4205	4204	1122	
3 4206	4205	1122	
3 1211	4203	4205	
3 1134	4267	4274	
3 4206	1212	4275	
3 4207	1211	4208	
3 4207	4208	4209	
3 4206	4275	1211	
3 4275	4299	4208	
3 4234	4208	1213	
3 4212	4209	1222	
3 4266	1162	1225	
3 4354	1249	4342	
3 4247	4232	4211	
3 1219	4140	4211	
3 1140	4141	4212	
3 1166	4212	4141	
3 4214	4122	1121	
3 4215	4213	4156	
3 4217	1121	4094	
3 4156	4213	4214	
3 4215	4156	4216	
3 1151	4215	4143	
3 4236	4216	4156	
3 4284	4216	1174	
3 4217	4094	4218	
3 4156	4214	4217	
3 4194	4237	4094	
3 1207	4237	4194	
3 4240	4219	1203	
3 4241	4220	4219	
3 1200	4159	4220	
3 4219	4220	4159	
3 4276	4221	1164	
3 4276	4340	4221	
3 1183	1182	4222	
3 1190	4222	1182	
3 4174	1193	4223	
3 4223	1193	4242	
3 4224	4176	4243	
3 4277	4225	1186	
3 1206	4278	4200	
3 4335	4226	1195	
3 4226	1154	4316	
3 4227	4279	4244	
3 1192	4228	4183	
3 4189	4227	4228	
3 4244	4228	4227	
3 1205	4229	4091	
3 1207	4229	4113	
3 1152	4245	4230	
3 4230	4245	4292	
3 4270	1210	1153	
3 4351	4270	1178	
3 4211	4232	1219	
3 4253	4248	4232	
3 4248	1161	4201	
3 4254	4262	4233	
3 4249	4234	1213	
3 1222	4209	4234	
3 4251	4235	1157	
3 1140	4212	4235	
3 4216	4236	1174	
3 4217	4236	4156	
3 1207	4238	4239	
3 4094	4237	4218	
3 4300	1207	4200	
3 4281	4282	1177	
3 1207	4239	4237	
3 1174	4239	4238	
3 4181	4240	1203	
3 4360	4294	1216	
3 4119	4241	1175	
3 1120	4241	4190	
3 1190	4242	1193	
3 4295	4242	1197	
3 4257	1214	4185	
3 4176	19	4243	
3 4279	4227	1196	
3 4244	4320	4375	
3 4245	1152	4280	
3 1177	4286	4292	
3 1221	4246	4231	
3 4036	4246	4193	
3 4324	1220	4313	
3 1232	4247	1230	
3 4253	4232	1232	
3 4202	4254	4233	
3 4255	4249	1213	
3 4249	1223	4250	
3 4249	4250	1222	
3 4250	1223	4256	
3 4197	4251	1157	
3 1140	4251	1084	
3 4303	1214	4293	
3 19	4252	4293	
3 4258	4253	1232	
3 4258	4262	4253	
3 1161	4248	4254	
3 4253	4254	4248	
3 4259	4255	1213	
3 4264	1229	4260	
3 4263	1223	4260	
3 4261	4256	1225	
3 4293	4257	4243	
3 4185	1187	4257	
3 4337	4258	1232	
3 4258	4265	4262	
3 1213	4208	4299	
3 4299	4379	4259	
3 1223	4255	4260	
3 4264	4260	4255	
3 1225	4114	4261	
3 4261	4114	1146	
3 4253	4262	4254	
3 4258	4319	4265	
3 4266	4263	1229	
3 4256	4263	1225	
3 4259	4264	4255	
3 1229	4264	1224	
3 1244	1160	4265	
3 4233	4265	1160	
3 4339	4266	1229	
3 4210	1162	4266	
3 4192	4267	1133	
3 1209	1212	4274	
3 4162	4268	4101	
3 4268	1220	4324	
3 4294	1175	4240	
3 1178	4131	4269	
3 4336	4231	4351	
3 4231	1210	4270	
3 4288	4285	4271	
3 1177	4282	4283	
3 4296	4272	1227	
3 4162	4161	4272	
3 4297	4273	1185	
3 1202	4298	4181	
3 1122	4274	4206	
3 4267	1209	4274	
3 4275	1212	4299	
3 4208	1211	4275	
3 1164	4193	4276	
3 4341	4193	1221	
3 4340	4277	1186	
3 4277	4340	4355	
3 4277	4278	4225	
3 4308	4307	4278	
3 1196	4315	4325	
3 4325	4376	4279	
3 4080	4280	1152	
3 4157	4280	1170	
3 4280	4157	4281	
3 4282	4271	4283	
3 4281	4157	4282	
3 4284	4282	4157	
3 4271	4287	4288	
3 4283	4271	4285	
3 4216	4284	4157	
3 4287	1174	4238	
3 1218	4308	4289	
3 1218	4289	4285	
3 4286	4302	4292	
3 4292	1233	4230	
3 4288	4287	4238	
3 4271	4284	4287	
3 4238	1207	4300	
3 4285	4288	1218	
3 4291	4301	1243	
3 4283	4290	4286	
3 4285	4289	4290	
3 4291	4290	4289	
3 4301	4291	4289	
3 4302	4291	1243	
3 1177	4292	4245	
3 4286	4291	4302	
3 4293	4252	4303	
3 1216	4294	4240	
3 1178	4269	4294	
3 4242	4295	1199	
3 4295	1197	4304	
3 4305	4296	1227	
3 4162	4296	1220	
3 4342	1185	4210	
3 4361	4297	1249	
3 4297	4298	4273	
3 4306	1216	4240	
3 4374	4299	1212	
3 4379	4338	4366	
3 4200	4278	4300	
3 4288	4307	1218	
3 4289	1256	4301	
3 4309	4301	1256	
3 4321	4350	4330	
3 4328	4321	4330	
3 18	4310	4323	
3 4252	18	4303	
3 4311	4304	1197	
3 4312	1235	4305	
3 4312	1227	4304	
3 4305	1235	4313	
3 4298	1215	4306	
3 4322	1251	4347	
3 4300	4278	4307	
3 4308	4278	1217	
3 4343	4308	1217	
3 4289	4308	1256	
3 4357	1256	4343	
3 4350	4382	1238	
3 17	4327	4310	
3 4323	1234	4314	
3 4344	1197	1190	
3 4345	4311	1242	
3 4304	1236	4312	
3 4312	1236	4346	
3 1235	1230	4313	
3 4324	1230	4247	
3 4303	4323	4314	
3 4315	1196	4185	
3 4314	1234	4315	
3 4331	4332	1234	
3 4226	4316	1172	
3 1142	4316	1154	
3 1205	4317	4113	
3 4166	4317	4150	
3 1233	4292	4321	
3 4179	4326	1182	
3 4337	4319	4258	
3 1245	1240	4319	
3 4335	4375	4400	
3 4244	4279	4320	
3 1243	4350	4302	
3 4318	4328	4326	
3 4306	1215	4322	
3 4348	4322	1215	
3 4323	4310	4327	
3 4324	1226	4268	
3 1230	4324	4313	
3 4332	4315	1234	
3 4376	1274	4320	
3 1176	4318	4326	
3 4318	1233	4328	
3 17	4329	4349	
3 4349	4327	17	
3 4302	4350	4321	
3 1182	4326	4328	
3 16	4363	4329	
3 4349	1241	4331	
3 4377	4330	1238	
3 1182	4328	4330	
3 4327	4349	4331	
3 4370	4372	1241	
3 1241	4332	4331	
3 1254	4325	4332	
3 4418	4333	1246	
3 4333	4418	4334	
3 4333	4334	1184	
3 4386	4373	4334	
3 4375	1195	4244	
3 4333	4335	1246	
3 1221	4231	4336	
3 4351	4231	4270	
3 4352	1232	1230	
3 4319	4337	1245	
3 1228	4390	4371	
3 4367	4353	4366	
3 1224	4339	1229	
3 1249	4354	1231	
3 4340	1261	4355	
3 4221	4340	1186	
3 4380	4341	1221	
3 4341	4380	4381	
3 4210	4266	4354	
3 1249	4297	4342	
3 4356	4343	1217	
3 4343	4356	4357	
3 4344	1190	4377	
3 1242	4311	4344	
3 4419	4345	1242	
3 4358	1237	4346	
3 4358	4346	1236	
3 4359	4346	1237	
3 1251	1239	4347	
3 4336	4351	4364	
3 1215	4297	4361	
3 4348	4361	4362	
3 4349	4329	4363	
3 4382	1243	4309	
3 1238	4330	4350	
3 4360	4351	1178	
3 4364	1239	4336	
3 4359	4352	1230	
3 4352	4359	4365	
3 4366	1224	4259	
3 4353	1224	4366	
3 1231	4354	4339	
3 4342	4210	4354	
3 1261	1248	4355	
3 4420	4356	4355	
3 4277	4356	1217	
3 4420	4355	1248	
3 4357	1257	4421	
3 4309	1256	4357	
3 4345	4419	4450	
3 4358	4450	4458	
3 4359	1237	4365	
3 1230	1235	4359	
3 1216	4347	4360	
3 4347	1239	4364	
3 4422	1249	1264	
3 4362	4361	1252	
3 4423	4362	1252	
3 4410	4409	1253	
3 16	4368	4383	
3 4383	4363	16	
3 4351	4360	4364	
3 4347	4364	4360	
3 4397	4365	1237	
3 4398	4365	4397	
3 4338	4369	4366	
3 4366	4369	4367	
3 1250	1264	4367	
3 1264	1231	4367	
3 4368	15	4387	
3 4383	1255	4370	
3 4371	4369	4338	
3 4367	4369	1250	
3 4363	4383	4370	
3 4384	4372	4370	
3 1228	4371	4338	
3 4399	4371	1280	
3 4385	4372	1265	
3 4332	1241	4372	
3 4192	4334	4373	
3 4386	4334	1260	
3 1212	1209	4374	
3 4389	1209	4386	
3 1274	4375	4320	
3 4335	1195	4375	
3 4325	1254	4376	
3 1254	4415	4401	
3 1238	4402	4377	
3 1182	4377	1190	
3 4335	4333	4378	
3 4333	4191	4378	
3 4374	4379	4299	
3 1228	4338	4379	
3 1221	4336	4380	
3 1239	4380	4336	
3 4404	4381	1262	
3 1248	1261	4381	
3 4309	1258	4382	
3 1258	4440	4424	
3 4383	4368	4387	
3 4388	4384	1255	
3 4384	4388	4392	
3 4407	1265	4394	
3 4332	4385	1254	
3 1260	4457	4390	
3 4389	1228	4374	
3 15	4391	4405	
3 4383	4387	1255	
3 15	4405	4387	
3 4395	4388	4393	
3 1209	4389	4374	
3 4390	4389	4386	
3 1260	4390	4386	
3 4371	4390	1280	
3 1266	4405	4412	
3 1266	4395	4393	
3 4392	4406	4394	
3 1270	4406	4392	
3 4405	4393	4387	
3 4388	1255	4393	
3 4415	4407	4394	
3 1265	4392	4394	
3 4396	4395	1266	
3 1270	4388	4395	
3 1266	4412	4417	
3 4396	1278	4413	
3 1237	4358	4458	
3 1282	4482	4495	
3 4398	1259	4425	
3 1245	4365	4398	
3 4480	4399	1280	
3 4399	4494	4481	
3 4375	1274	4400	
3 4401	4426	1274	
3 1274	4376	4401	
3 1254	4401	4376	
3 4424	4402	1238	
3 4402	4424	4427	
3 4409	4403	1239	
3 4403	4409	4410	
3 4410	1262	4403	
3 4411	4404	1267	
3 4405	4391	4412	
3 4413	4406	1270	
3 4394	4414	1269	
3 1265	4407	4385	
3 4394	1269	4415	
3 1246	4400	4408	
3 1274	4408	4400	
3 1251	4409	1239	
3 1253	4409	4362	
3 4410	1253	4428	
3 4404	1262	4410	
3 4437	4490	4459	
3 4356	4420	1257	
3 14	4416	4432	
3 4391	14	4412	
3 4396	4413	1270	
3 4429	4413	1278	
3 4413	4414	4406	
3 4430	4414	1290	
3 4431	4415	1269	
3 4415	1283	4401	
3 13	4483	4416	
3 4396	4433	1278	
3 4432	4417	4412	
3 4396	1266	4417	
3 4408	4435	1246	
3 4418	1246	4435	
3 4427	1242	4402	
3 4436	4419	1291	
3 1248	4411	4420	
3 4437	4420	4411	
3 1257	4437	4451	
3 1258	4421	4438	
3 1307	4422	1264	
3 1252	4361	4422	
3 4439	4423	1252	
3 4428	4423	1295	
3 1238	4382	4424	
3 1258	4424	4382	
3 4482	4425	1259	
3 1273	1240	4425	
3 4445	1283	4431	
3 4408	4426	1284	
3 4427	1279	4441	
3 4419	1242	4427	
3 4423	4428	1253	
3 4462	1289	4477	
3 4446	1278	4434	
3 4429	4446	4443	
3 4443	1290	4429	
3 4444	1296	1285	
3 4444	1269	4430	
3 4431	4444	4445	
3 4432	4416	4483	
3 4417	1275	4433	
3 1275	4485	4434	
3 1278	4433	4434	
3 1275	4434	4433	
3 4447	4408	1284	
3 4418	4448	1260	
3 4455	4449	1291	
3 4436	1272	4450	
3 1267	4490	4411	
3 4451	4459	4452	
3 4451	4421	1257	
3 4460	4452	1281	
3 4422	4439	1252	
3 4453	4439	1307	
3 1258	4438	4440	
3 1292	4440	4438	
3 4454	4441	1279	
3 4455	4441	1298	
3 4526	4442	1289	
3 4490	4442	1348	
3 4487	4489	1306	
3 4430	1290	4443	
3 1296	4444	4430	
3 4445	4444	1285	
3 4529	4503	1285	
3 4426	1283	4445	
3 4487	4434	1294	
3 4443	4446	1306	
3 4456	4447	1284	
3 4448	4447	1293	
3 4447	4448	4435	
3 4457	1280	4390	
3 4472	4449	1300	
3 1272	4449	1301	
3 4458	4450	1272	
3 4345	4450	4358	
3 4451	4437	4459	
3 4438	4421	4451	
3 1292	4438	4452	
3 4451	4452	4438	
3 4453	1307	4461	
3 4477	1289	4442	
3 4463	4454	1292	
3 4441	4454	1298	
3 4464	4455	1298	
3 4449	4455	1300	
3 4503	1284	4445	
3 4498	4456	1315	
3 4448	1293	4457	
3 4493	4480	1280	
3 1305	4458	1272	
3 1237	4458	4397	
3 4437	4411	4490	
3 4459	4490	4504	
3 4491	4460	1281	
3 4465	1298	4470	
3 1307	1264	4506	
3 4461	4506	4502	
3 1295	4453	4462	
3 4478	4453	4461	
3 1292	4460	4463	
3 4470	4460	1299	
3 4465	4464	1298	
3 4464	4465	4466	
3 4463	4470	1298	
3 4465	4470	4467	
3 4466	1302	4476	
3 4472	4469	1297	
3 4473	1299	4471	
3 1302	4465	4467	
3 4473	1302	4467	
3 1303	4474	4507	
3 1300	4466	4469	
3 4468	4469	4466	
3 4460	4470	4463	
3 1299	4467	4470	
3 4471	1299	4491	
3 4468	4476	4475	
3 4474	4472	1297	
3 4472	1301	4449	
3 4475	4473	4471	
3 4466	4476	4468	
3 4507	1297	4492	
3 1305	4474	1303	
3 4471	1304	4475	
3 4508	4492	4475	
3 1302	4473	4476	
3 4475	4476	4473	
3 4428	4477	4442	
3 1295	4462	4477	
3 4461	1334	4478	
3 4478	1334	4527	
3 4458	4479	4397	
3 1305	1316	4479	
3 4493	1280	4457	
3 4494	4480	1314	
3 4481	1277	4506	
3 1264	1250	4481	
3 4495	1259	4479	
3 4482	1282	4496	
3 13	4484	4497	
3 4432	4483	1275	
3 12	4512	4484	
3 4483	4485	1275	
3 4483	4497	4485	
3 1294	4485	1286	
3 4528	4486	1349	
3 1296	4443	4486	
3 4488	4487	1294	
3 4487	4488	4489	
3 4515	4488	1294	
3 4525	4488	1317	
3 4488	1309	4489	
3 1349	4489	1309	
3 4442	4490	1267	
3 4504	4490	1348	
3 4504	1281	4459	
3 4491	1308	4505	
3 4468	4475	4492	
3 4508	4475	1304	
3 1293	4456	4498	
3 1314	4480	4493	
3 4500	1314	4499	
3 4494	1277	4481	
3 4479	1316	4495	
3 4495	1316	4511	
3 1282	1271	4496	
3 1247	4496	1271	
3 4497	4484	4512	
3 4529	4552	1315	
3 4559	4498	4555	
3 4559	1314	4498	
3 1277	4500	4502	
3 1314	4500	4494	
3 4500	4499	4501	
3 4499	1320	4501	
3 1340	4556	4539	
3 4501	1334	4502	
3 4461	4502	1334	
3 1285	4503	4445	
3 1315	4456	4503	
3 4504	1348	4530	
3 4491	1281	4504	
3 4531	4509	1304	
3 1304	4471	4505	
3 4502	4506	1277	
3 1307	4506	4461	
3 4492	1337	4507	
3 1337	4564	4546	
3 1304	4505	4531	
3 4508	1304	4509	
3 4560	4532	4509	
3 4508	4510	4492	
3 4532	4510	4509	
3 1337	4492	4510	
3 4516	4511	1316	
3 4517	1324	1311	
3 12	4513	4518	
3 4497	4512	1286	
3 1310	4518	4533	
3 4512	4514	1286	
3 4512	4518	4514	
3 4514	4519	4515	
3 4488	4515	1317	
3 1294	1286	4515	
3 1316	1322	4516	
3 4520	4516	1322	
3 4517	1311	1318	
3 1282	4511	4517	
3 4518	4513	4533	
3 4521	4519	1310	
3 1317	4515	4519	
3 4535	4520	1322	
3 4536	1323	1342	
3 4522	4521	1310	
3 4521	1343	4523	
3 4533	4522	1310	
3 1335	1345	4537	
3 4524	1343	1341	
3 1317	4523	4525	
3 4538	4524	1341	
3 4525	1309	4488	
3 4523	4524	4525	
3 4547	4524	4538	
3 4527	4526	1289	
3 1348	4543	4530	
3 4539	4527	1334	
3 1340	4565	4556	
3 4540	4528	1349	
3 1296	4541	1285	
3 4548	1285	4541	
3 4559	1320	4499	
3 4543	1348	4526	
3 4530	4543	4557	
3 4566	4531	1308	
3 1308	4557	4566	
3 4509	4544	4560	
3 4568	4575	4532	
3 11	4534	4545	
3 4513	11	4533	
3 4561	4534	10	
3 4545	4522	4533	
3 1322	1303	4535	
3 4546	4535	1303	
3 4536	4520	4535	
3 1342	1327	4536	
3 1345	1343	4537	
3 1343	4522	4537	
3 1359	4538	1341	
3 4558	1349	1309	
3 4501	1320	4539	
3 4571	4601	1320	
3 4558	4540	1349	
3 4580	4551	1321	
3 4540	4541	4528	
3 4549	4548	4541	
3 4548	4529	1285	
3 4550	4553	4542	
3 4556	4543	4526	
3 1340	4569	4565	
3 4544	1352	4560	
3 4509	4531	4544	
3 4545	4534	4561	
3 1303	4507	4546	
3 1337	4546	4507	
3 4524	4547	4525	
3 4558	4547	4538	
3 4549	4541	1321	
3 4550	4542	4552	
3 4551	4549	1321	
3 4551	4542	4553	
3 4529	4548	4550	
3 4549	4550	4548	
3 1321	4570	4580	
3 1369	4542	4551	
3 4554	4552	4542	
3 4552	4554	4555	
3 4550	4549	4553	
3 4549	4551	4553	
3 4542	1369	4554	
3 1320	4559	4571	
3 4559	4555	4554	
3 4498	1315	4555	
3 4526	4527	4556	
3 4539	4556	4527	
3 4565	4543	4556	
3 4544	4566	1352	
3 4538	1350	4558	
3 4540	4558	1350	
3 4559	4554	4571	
3 4559	4499	1314	
3 4577	1352	4566	
3 4575	4568	1370	
3 10	4562	4572	
3 4572	4561	10	
3 4573	1346	4572	
3 4572	1346	4563	
3 4561	4572	4563	
3 4563	1346	4598	
3 4575	4564	1337	
3 1323	4592	1342	
3 4569	4566	4557	
3 4557	4543	4565	
3 4531	4566	4544	
3 4569	4557	4565	
3 4568	4576	1370	
3 4560	1352	4567	
3 4532	4560	4568	
3 4567	4568	4560	
3 1340	4591	4579	
3 4566	4569	4577	
3 4540	1350	4570	
3 4604	4570	1350	
3 4554	1369	4571	
3 4608	4601	4571	
3 4572	4562	4573	
3 4562	9	4573	
3 4574	4573	9	
3 4582	4574	1358	
3 1346	4573	4574	
3 4593	4575	1370	
3 4564	4575	1353	
3 4567	1382	4576	
3 4615	4594	4576	
3 4569	1340	4579	
3 4567	1352	4578	
3 4577	4569	4579	
3 4567	4578	4583	
3 4589	1383	1376	
3 4577	4579	4584	
3 1374	4585	4570	
3 4580	4570	4585	
3 4581	8	1358	
3 4574	4581	1358	
3 4587	1358	1365	
3 4582	1364	4588	
3 4577	4584	4578	
3 4583	4584	4589	
3 4589	4584	4579	
3 4583	4578	4584	
3 4585	4590	4586	
3 4580	4585	4586	
3 4590	4585	1374	
3 4586	4590	4600	
3 4587	4614	4596	
3 4595	4588	1364	
3 4598	1347	1345	
3 1383	4589	4579	
3 4583	4599	1382	
3 4605	4590	1374	
3 4586	4600	1369	
3 4579	4591	1383	
3 1340	4539	4591	
3 4564	1353	4592	
3 4602	1344	1339	
3 4593	1370	4594	
3 4593	4616	4606	
3 1386	1377	4616	
3 1370	4576	4594	
3 4596	4595	1364	
3 4595	4596	4597	
3 4587	4596	1364	
3 1360	4637	4626	
3 4596	1360	4597	
3 4597	1360	4612	
3 1346	4588	4598	
3 4598	4588	4595	
3 4589	1376	4599	
3 1376	4633	4603	
3 4607	4600	4590	
3 4600	4617	4608	
3 4608	4571	1369	
3 1383	4591	4601	
3 4592	1353	4602	
3 4611	1353	4606	
3 1382	4599	4603	
3 1376	4603	4599	
3 4609	1350	1359	
3 4610	4604	1361	
3 4610	1374	4604	
3 4605	4618	4607	
3 4632	4619	4606	
3 4602	4611	1344	
3 4590	4605	4607	
3 4618	4605	1381	
3 1369	4600	4608	
3 4607	4617	4600	
3 4612	4609	1359	
3 1361	4604	4609	
3 4613	4610	1361	
3 4605	1374	4610	
3 1353	4611	4602	
3 4619	4611	4606	
3 4597	4612	1359	
3 4612	1360	4620	
3 4620	4613	1361	
3 4613	4620	4646	
3 1365	1372	4614	
3 1391	4614	1372	
3 1382	4603	4615	
3 4621	4615	4603	
3 4606	4616	1377	
3 4593	4594	4616	
3 4622	4617	1387	
3 1383	4608	4617	
3 4631	4618	1381	
3 1387	4607	4618	
3 4632	4606	1377	
3 4624	4623	4619	
3 4626	4620	1360	
3 4620	1375	4646	
3 4603	1385	4621	
3 4636	4621	1385	
3 4618	4634	1387	
3 1383	4622	1376	
3 4624	4619	1388	
3 4625	4623	4624	
3 4632	4639	1388	
3 4625	4624	1357	
3 4625	1357	4628	
3 1344	4623	4625	
3 4637	1360	4596	
3 4626	4637	4642	
3 4630	4627	1395	
3 1357	4624	4627	
3 4628	1357	4629	
3 1332	1333	4628	
3 4630	4629	1357	
3 1367	1363	4629	
3 4627	4630	1357	
3 1395	1368	4630	
3 1381	4646	4648	
3 4633	4634	4635	
3 4638	4632	1377	
3 4632	4638	4639	
3 1394	1385	4633	
3 4603	4633	1385	
3 4635	4634	4631	
3 4622	4634	4633	
3 4631	1394	4635	
3 1394	4633	4635	
3 4640	4636	1385	
3 4636	1392	4641	
3 4614	4637	4596	
3 4642	4637	1380	
3 4641	4638	1377	
3 4652	1392	4645	
3 4653	1397	4652	
3 1388	4639	4650	
3 1394	4640	1385	
3 4644	4643	4640	
3 4638	4641	1392	
3 1377	1386	4641	
3 1380	1400	4642	
3 4676	4666	1400	
3 4644	4640	1407	
3 4643	4644	4645	
3 4651	4644	1407	
3 4645	4644	1411	
3 4645	4653	4652	
3 4638	4652	1397	
3 4647	4646	1375	
3 4646	4647	4648	
3 4658	4647	1375	
3 4647	4658	4659	
3 1406	4648	4647	
3 4631	1381	4648	
3 4649	4662	4655	
3 4627	4650	1395	
3 4639	4649	4650	
3 4655	4650	4649	
3 4661	4651	1407	
3 1411	4664	4656	
3 1392	4652	4638	
3 4653	4645	1411	
3 4653	1411	4656	
3 4649	1397	4653	
3 4648	1406	4654	
3 4660	4667	1406	
3 4649	4656	4662	
3 4663	4655	4669	
3 4664	1411	4651	
3 4664	4682	4684	
3 4657	1413	4665	
3 1394	4654	4657	
3 1375	4642	4658	
3 4666	4642	1400	
3 4658	1412	4659	
3 4687	4660	4659	
3 4660	4677	4667	
3 4657	4667	1413	
3 1407	4665	4675	
3 4668	4661	1420	
3 4662	4688	4669	
3 4655	4662	4669	
3 4663	1402	4670	
3 1395	4655	4663	
3 4679	4661	4668	
3 4679	4682	4664	
3 4665	1413	4675	
3 4640	4665	1407	
3 1412	4658	4666	
3 4642	4666	4658	
3 4667	4657	4654	
3 4677	4660	1418	
3 4681	1420	4678	
3 4679	4668	1416	
3 4688	4662	1417	
3 4689	4672	1402	
3 4671	4670	1402	
3 1384	1368	4670	
3 1402	4672	4673	
3 1384	4671	1393	
3 4689	1402	4669	
3 1433	4700	4690	
3 4672	1399	4673	
3 4674	4673	1399	
3 1404	4674	1399	
3 1389	1393	4674	
3 4680	1413	4677	
3 4661	4675	1420	
3 4709	1400	1403	
3 4705	4694	4699	
3 4678	1420	4692	
3 4680	4675	1413	
3 4680	1420	4675	
3 4683	4681	4678	
3 4682	4679	1416	
3 4651	4679	4664	
3 4691	4677	1418	
3 1420	4680	4692	
3 1420	4681	4668	
3 4683	4678	1425	
3 4681	4686	1416	
3 4656	4684	1417	
3 4697	4683	1425	
3 4685	4682	1416	
3 4684	4682	4685	
3 4710	1440	4716	
3 4693	4685	4686	
3 4693	4698	4685	
3 4693	4686	4683	
3 4685	1416	4686	
3 4676	4694	1412	
3 4687	1412	4694	
3 4688	1417	4710	
3 4688	4690	4689	
3 4669	4688	4689	
3 4690	4688	1433	
3 4711	4695	1433	
3 4672	4689	4690	
3 4705	1418	4687	
3 4691	4708	4696	
3 4680	4691	4692	
3 4678	4696	1425	
3 4697	4693	4683	
3 4693	4697	4698	
3 1421	4699	4676	
3 4694	4676	4699	
3 4695	4703	4701	
3 4690	4700	4672	
3 4692	4691	4696	
3 4708	4691	1443	
3 4737	1425	4708	
3 4736	1450	4738	
3 4712	4698	1444	
3 4715	4712	1440	
3 1421	4702	4699	
3 4687	4694	4705	
3 4701	4700	4695	
3 1399	4672	4700	
3 4703	4695	1422	
3 4701	4703	4707	
3 4723	1421	4719	
3 1443	4691	4705	
3 4703	1422	4706	
3 4706	4707	4703	
3 1404	4704	1409	
3 1399	4701	4704	
3 1443	4705	4702	
3 4691	1418	4705	
3 4713	4706	1422	
3 1428	1414	4706	
3 4707	4704	4701	
3 1414	4707	4706	
3 4708	4745	4741	
3 4741	1448	4737	
3 4714	4709	1403	
3 1421	4676	4709	
3 1417	4684	4710	
3 4684	4685	4715	
3 4716	4711	1433	
3 4711	1439	4717	
3 4738	4712	1444	
3 4712	1447	4739	
3 4717	1422	4711	
3 1428	4713	1430	
3 1410	4714	1403	
3 4714	1426	4719	
3 4712	4715	4698	
3 4684	4715	4710	
3 4688	4716	1433	
3 4731	4716	1440	
3 1439	1434	4720	
3 4713	1422	4717	
3 1410	1419	4718	
3 4721	1419	1431	
3 4722	4719	1426	
3 4719	4722	4723	
3 4740	4734	1434	
3 1430	4717	4720	
3 4724	4721	1431	
3 1426	4718	4721	
3 4728	1426	4721	
3 4722	4728	4725	
3 4726	4723	1438	
3 4702	1421	4723	
3 1424	4724	1431	
3 4724	1432	4728	
3 4729	1432	4727	
3 4725	1432	4729	
3 4726	1438	4730	
3 1443	4702	4726	
3 4725	4728	1432	
3 4724	4727	1432	
3 4722	1426	4728	
3 4735	4729	1415	
3 4730	1437	4726	
3 4725	4729	4730	
3 4735	1415	4733	
3 4712	4731	1440	
3 4731	4712	4739	
3 4732	1408	4734	
3 4732	4734	4740	
3 4730	4735	1437	
3 1408	4720	4734	
3 4729	4735	4730	
3 4742	4733	1401	
3 4697	1425	4737	
3 4757	4736	1448	
3 4741	4737	4708	
3 1448	4736	4737	
3 4736	4738	1444	
3 4743	4738	1450	
3 4744	4739	1447	
3 4740	1398	4732	
3 1434	4739	4740	
3 4740	4739	4744	
3 4745	4708	1443	
3 4741	1449	4748	
3 1451	4750	4749	
3 4742	4747	4746	
3 4751	4743	1450	
3 4744	4743	1454	
3 4743	4744	1447	
3 4752	4744	1454	
3 1443	1437	4745	
3 4746	1437	4742	
3 1449	4745	4746	
3 1437	4746	4745	
3 4742	1401	4747	
3 4762	1401	1455	
3 4749	4748	1449	
3 4748	4749	4750	
3 1449	4747	4749	
3 4747	1451	4749	
3 4753	1451	1445	
3 1452	4755	4757	
3 1450	4755	4751	
3 1452	4758	4755	
3 314	4753	1445	
3 1454	1453	4752	
3 4754	4753	1452	
3 1448	4750	4754	
3 4753	4754	4750	
3 4755	1450	4757	
3 1452	4759	4758	
3 4758	4751	4755	
3 1446	1457	4756	
3 4736	4757	1450	
3 4754	4757	1448	
3 1446	4756	4758	
3 4751	4758	4756	
3 4753	4759	1452	
3 4760	4759	314	
3 314	1442	4760	
3 4761	1442	1436	
3 1459	4761	1436	
3 1446	4760	4761	
3 4762	1455	4763	
3 1451	4747	4762	
3 312	4763	1455	
3 1435	1445	4763	
CELL_TYPES 8996
5
5
5
5
5
5
5
5
5
5
5
5
5
5
5
5
5
5
5
5
5
5
5
5
5
5
5
5
5
5
5
5
5
5
5
5
5
5
5
5
5
5
5
5
5
5
5
5
5
5
5
5
5
5
5
5
5
5
5
5
5
5
5
5
5
5
5
5
5
5
5
5
5
5
5
5
5
5
5
5
5
5
5
5
5
5
5
5
5
5
5
5
5
5
5
5
5
5
5
5
5
5
5
5
5
5
5
5
5
5
5
5
5
5
5
5
5
5
5
5
5
5
5
5
5
5
5
5
5
5
5
5
5
5
5
5
5
5
5
5
5
5
5
5
5
5
5
5
5
5
5
5
5
5
5
5
5
5
5
5
5
5
5
5
5
5
5
5
5
5
5
5
5
5
5
5
5
5
5
5
5
5
5
5
5
5
5
5
5
5
5
5
5
5
5
5
5
5
5
5
5
5
5
5
5
5
5
5
5
5
5
5
5
5
5
5
5
5
5
5
5
5
5
5
5
5
5
5
5
5
5
5
5
5
5
5
5
5
5
5
5
5
5
5
5
5
5
5
5
5
5
5
5
5
5
5
5
5
5
5
5
5
5
5
5
5
5
5
5
5
5
5
5
5
5
5
5
5
5
5
5
5
5
5
5
5
5
5
5
5
5
5
5
5
5
5
5
5
5
5
5
5
5
5
5
5
5
5
5
5
5
5
5
5
5
5
5
5
5
5
5
5
5
5
5
5
5
5
5
5
5
5
5
5
5
5
5
5
5
5
5
5
5
5
5
5
5
5
5
5
5
5
5
5
5
5
5
5
5
5
5
5
5
5
5
5
5
5
5
5
5
5
5
5
5
5
5
5
5
5
5
5
5
5
5
5
5
5
5
5
5
5
5
5
5
5
5
5
5
5
5
5
5
5
5
5
5
5
5
5
5
5
5
5
5
5
5
5
5
5
5
5
5
5
5
5
5
5
5
5
5
5
5
5
5
5
5
5
5
5
5
5
5
5
5
5
5
5
5
5
5
5
5
5
5
5
5
5
5
5
5
5
5
5
5
5
5
5
5
5
5
5
5
5
5
5
5
5
5
5
5
5
5
5
5
5
5
5
5
5
5
5
5
5
5
5
5
5
5
5
5
5
5
5
5
5
5
5
5
5
5
5
5
5
5
5
5
5
5
5
5
5
5
5
5
5
5
5
5
5
5
5
5
5
5
5
5
5
5
5
5
5
5
5
5
5
5
5
5
5
5
5
5
5
5
5
5
5
5
5
5
5
5
5
5
5
5
5
5
5
5
5
5
5
5
5
5
5
5
5
5
5
5
5
5
5
5
5
5
5
5
5
5
5
5
5
5
5
5
5
5
5
5
5
5
5
5
5
5
5
5
5
5
5
5
5
5
5
5
5
5
5
5
5
5
5
5
5
5
5
5
5
5
5
5
5
5
5
5
5
5
5
5
5
5
5
5
5
5
5
5
5
5
5
5
5
5
5
5
5
5
5
5
5
5
5
5
5
5
5
5
5
5
5
5
5
5
5
5
5
5
5
5
5
5
5
5
5
5
5
5
5
5
5
5
5
5
5
5
5
5
5
5
5
5
5
5
5
5
5
5
5
5
5
5
5
5
5
5
5
5
5
5
5
5
5
5
5
5
5
5
5
5
5
5
5
5
5
5
5
5
5
5
5
5
5
5
5
5
5
5
5
5
5
5
5
5
5
5
5
5
5
5
5
5
5
5
5
5
5
5
5
5
5
5
5
5
5
5
5
5
5
5
5
5
5
5
5
5
5
5
5
5
5
5
5
5
5
5
5
5
5
5
5
5
5
5
5
5
5
5
5
5
5
5
5
5
5
5
5
5
5
5
5
5
5
5
5
5
5
5
5
5
5
5
5
5
5
5
5
5
5
5
5
5
5
5
5
5
5
5
5
5
5
5
5
5
5
5
5
5
5
5
5
5
5
5
5
5
5
5
5
5
5
5
5
5
5
5
5
5
5
5
5
5
5
5
5
5
5
5
5
5
5
5
5
5
5
5
5
5
5
5
5
5
5
5
5
5
5
5
5
5
5
5
5
5
5
5
5
5
5
5
5
5
5
5
5
5
5
5
5
5
5
5
5
5
5
5
5
5
5
5
5
5
5
5
5
5
5
5
5
5
5
5
5
5
5
5
5
5
5
5
5
5
5
5
5
5
5
5
5
5
5
5
5
5
5
5
5
5
5
5
5
5
5
5
5
5
5
5
5
5
5
5
5
5
5
5
5
5
5
5
5
5
5
5
5
5
5
5
5
5
5
5
5
5
5
5
5
5
5
5
5
5
5
5
5
5
5
5
5
5
5
5
5
5
5
5
5
5
5
5
5
5
5
5
5
5
5
5
5
5
5
5
5
5
5
5
5
5
5
5
5
5
5
5
5
5
5
5
5
5
5
5
5
5
5
5
5
5
5
5
5
5
5
5
5
5
5
5
5
5
5
5
5
5
5
5
5
5
5
5
5
5
5
5
5
5
5
5
5
5
5
5
5
5
5
5
5
5
5
5
5
5
5
5
5
5
5
5
5
5
5
5
5
5
5
5
5
5
5
5
5
5
5
5
5
5
5
5
5
5
5
5
5
5
5
5
5
5
5
5
5
5
5
5
5
5
5
5
5
5
5
5
5
5
5
5
5
5
5
5
5
5
5
5
5
5
5
5
5
5
5
5
5
5
5
5
5
5
5
5
5
5
5
5
5
5
5
5
5
5
5
5
5
5
5
5
5
5
5
5
5
5
5
5
5
5
5
5
5
5
5
5
5
5
5
5
5
5
5
5
5
5
5
5
5
5
5
5
5
5
5
5
5
5
5
5
5
5
5
5
5
5
5
5
5
5
5
5
5
5
5
5
5
5
5
5
5
5
5
5
5
5
5
5
5
5
5
5
5
5
5
5
5
5
5
5
5
5
5
5
5
5
5
5
5
5
5
5
5
5
5
5
5
5
5
5
5
5
5
5
5
5
5
5
5
5
5
5
5
5
5
5
5
5
5
5
5
5
5
5
5
5
5
5
5
5
5
5
5
5
5
5
5
5
5
5
5
5
5
5
5
5
5
5
5
5
5
5
5
5
5
5
5
5
5
5
5
5
5
5
5
5
5
5
5
5
5
5
5
5
5
5
5
5
5
5
5
5
5
5
5
5
5
5
5
5
5
5
5
5
5
5
5
5
5
5
5
5
5
5
5
5
5
5
5
5
5
5
5
5
5
5
5
5
5
5
5
5
5
5
5
5
5
5
5
5
5
5
5
5
5
5
5
5
5
5
5
5
5
5
5
5
5
5
5
5
5
5
5
5
5
5
5
5
5
5
5
5
5
5
5
5
5
5
5
5
5
5
5
5
5
5
5
5
5
5
5
5
5
5
5
5
5
5
5
5
5
5
5
5
5
5
5
5
5
5
5
5
5
5
5
5
5
5
5
5
5
5
5
5
5
5
5
5
5
5
5
5
5
5
5
5
5
5
5
5
5
5
5
5
5
5
5
5
5
5
5
5
5
5
5
5
5
5
5
5
5
5
5
5
5
5
5
5
5
5
5
5
5
5
5
5
5
5
5
5
5
5
5
5
5
5
5
5
5
5
5
5
5
5
5
5
5
5
5
5
5
5
5
5
5
5
5
5
5
5
5
5
5
5
5
5
5
5
5
5
5
5
5
5
5
5
5
5
5
5
5
5
5
5
5
5
5
5
5
5
5
5
5
5
5
5
5
5
5
5
5
5
5
5
5
5
5
5
5
5
5
5
5
5
5
5
5
5
5
5
5
5
5
5
5
5
5
5
5
5
5
5
5
5
5
5
5
5
5
5
5
5
5
5
5
5
5
5
5
5
5
5
5
5
5
5
5
5
5
5
5
5
5
5
5
5
5
5
5
5
5
5
5
5
5
5
5
5
5
5
5
5
5
5
5
5
5
5
5
5
5
5
5
5
5
5
5
5
5
5
5
5
5
5
5
5
5
5
5
5
5
5
5
5
5
5
5
5
5
5
5
5
5
5
5
5
5
5
5
5
5
5
5
5
5
5
5
5
5
5
5
5
5
5
5
5
5
5
5
5
5
5
5
5
5
5
5
5
5
5
5
5
5
5
5
5
5
5
5
5
5
5
5
5
5
5
5
5
5
5
5
5
5
5
5
5
5
5
5
5
5
5
5
5
5
5
5
5
5
5
5
5
5
5
5
5
5
5
5
5
5
5
5
5
5
5
5
5
5
5
5
5
5
5
5
5
5
5
5
5
5
5
5
5
5
5
5
5
5
5
5
5
5
5
5
5
5
5
5
5
5
5
5
5
5
5
5
5
5
5
5
5
5
5
5
5
5
5
5
5
5
5
5
5
5
5
5
5
5
5
5
5
5
5
5
5
5
5
5
5
5
5
5
5
5
5
5
5
5
5
5
5
5
5
5
5
5
5
5
5
5
5
5
5
5
5
5
5
5
5
5
5
5
5
5
5
5
5
5
5
5
5
5
5
5
5
5
5
5
5
5
5
5
5
5
5
5
5
5
5
5
5
5
5
5
5
5
5
5
5
5
5
5
5
5
5
5
5
5
5
5
5
5
5
5
5
5
5
5
5
5
5
5
5
5
5
5
5
5
5
5
5
5
5
5
5
5
5
5
5
5
5
5
5
5
5
5
5
5
5
5
5
5
5
5
5
5
5
5
5
5
5
5
5
5
5
5
5
5
5
5
5
5
5
5
5
5
5
5
5
5
5
5
5
5
5
5
5
5
5
5
5
5
5
5
5
5
5
5
5
5
5
5
5
5
5
5
5
5
5
5
5
5
5
5
5
5
5
5
5
5
5
5
5
5
5
5
5
5
5
5
5
5
5
5
5
5
5
5
5
5
5
5
5
5
5
5
5
5
5
5
5
5
5
5
5
5
5
5
5
5
5
5
5
5
5
5
5
5
5
5
5
5
5
5
5
5
5
5
5
5
5
5
5
5
5
5
5
5
5
5
5
5
5
5
5
5
5
5
5
5
5
5
5
5
5
5
5
5
5
5
5
5
5
5
5
5
5
5
5
5
5
5
5
5
5
5
5
5
5
5
5
5
5
5
5
5
5
5
5
5
5
5
5
5
5
5
5
5
5
5
5
5
5
5
5
5
5
5
5
5
5
5
5
5
5
5
5
5
5
5
5
5
5
5
5
5
5
5
5
5
5
5
5
5
5
5
5
5
5
5
5
5
5
5
5
5
5
5
5
5
5
5
5
5
5
5
5
5
5
5
5
5
5
5
5
5
5
5
5
5
5
5
5
5
5
5
5
5
5
5
5
5
5
5
5
5
5
5
5
5
5
5
5
5
5
5
5
5
5
5
5
5
5
5
5
5
5
5
5
5
5
5
5
5
5
5
5
5
5
5
5
5
5
5
5
5
5
5
5
5
5
5
5
5
5
5
5
5
5
5
5
5
5
5
5
5
5
5
5
5
5
5
5
5
5
5
5
5
5
5
5
5
5
5
5
5
5
5
5
5
5
5
5
5
5
5
5
5
5
5
5
5
5
5
5
5
5
5
5
5
5
5
5
5
5
5
5
5
5
5
5
5
5
5
5
5
5
5
5
5
5
5
5
5
5
5
5
5
5
5
5
5
5
5
5
5
5
5
5
5
5
5
5
5
5
5
5
5
5
5
5
5
5
5
5
5
5
5
5
5
5
5
5
5
5
5
5
5
5
5
5
5
5
5
5
5
5
5
5
5
5
5
5
5
5
5
5
5
5
5
5
5
5
5
5
5
5
5
5
5
5
5
5
5
5
5
5
5
5
5
5
5
5
5
5
5
5
5
5
5
5
5
5
5
5
5
5
5
5
5
5
5
5
5
5
5
5
5
5
5
5
5
5
5
5
5
5
5
5
5
5
5
5
5
5
5
5
5
5
5
5
5
5
5
5
5
5
5
5
5
5
5
5
5
5
5
5
5
5
5
5
5
5
5
5
5
5
5
5
5
5
5
5
5
5
5
5
5
5
5
5
5
5
5
5
5
5
5
5
5
5
5
5
5
5
5
5
5
5
5
5
5
5
5
5
5
5
5
5
5
5
5
5
5
5
5
5
5
5
5
5
5
5
5
5
5
5
5
5
5
5
5
5
5
5
5
5
5
5
5
5
5
5
5
5
5
5
5
5
5
5
5
5
5
5
5
5
5
5
5
5
5
5
5
5
5
5
5
5
5
5
5
5
5
5
5
5
5
5
5
5
5
5
5
5
5
5
5
5
5
5
5
5
5
5
5
5
5
5
5
5
5
5
5
5
5
5
5
5
5
5
5
5
5
5
5
5
5
5
5
5
5
5
5
5
5
5
5
5
5
5
5
5
5
5
5
5
5
5
5
5
5
5
5
5
5
5
5
5
5
5
5
5
5
5
5
5
5
5
5
5
5
5
5
5
5
5
5
5
5
5
5
5
5
5
5
5
5
5
5
5
5
5
5
5
5
5
5
5
5
5
5
5
5
5
5
5
5
5
5
5
5
5
5
5
5
5
5
5
5
5
5
5
5
5
5
5
5
5
5
5
5
5
5
5
5
5
5
5
5
5
5
5
5
5
5
5
5
5
5
5
5
5
5
5
5
5
5
5
5
5
5
5
5
5
5
5
5
5
5
5
5
5
5
5
5
5
5
5
5
5
5
5
5
5
5
5
5
5
5
5
5
5
5
5
5
5
5
5
5
5
5
5
5
5
5
5
5
5
5
5
5
5
5
5
5
5
5
5
5
5
5
5
5
5
5
5
5
5
5
5
5
5
5
5
5
5
5
5
5
5
5
5
5
5
5
5
5
5
5
5
5
5
5
5
5
5
5
5
5
5
5
5
5
5
5
5
5
5
5
5
5
5
5
5
5
5
5
5
5
5
5
5
5
5
5
5
5
5
5
5
5
5
5
5
5
5
5
5
5
5
5
5
5
5
5
5
5
5
5
5
5
5
5
5
5
5
5
5
5
5
5
5
5
5
5
5
5
5
5
5
5
5
5
5
5
5
5
5
5
5
5
5
5
5
5
5
5
5
5
5
5
5
5
5
5
5
5
5
5
5
5
5
5
5
5
5
5
5
5
5
5
5
5
5
5
5
5
5
5
5
5
5
5
5
5
5
5
5
5
5
5
5
5
5
5
5
5
5
5
5
5
5
5
5
5
5
5
5
5
5
5
5
5
5
5
5
5
5
5
5
5
5
5
5
5
5
5
5
5
5
5
5
5
5
5
5
5
5
5
5
5
5
5
5
5
5
5
5
5
5
5
5
5
5
5
5
5
5
5
5
5
5
5
5
5
5
5
5
5
5
5
5
5
5
5
5
5
5
5
5
5
5
5
5
5
5
5
5
5
5
5
5
5
5
5
5
5
5
5
5
5
5
5
5
5
5
5
5
5
5
5
5
5
5
5
5
5
5
5
5
5
5
5
5
5
5
5
5
5
5
5
5
5
5
5
5
5
5
5
5
5
5
5
5
5
5
5
5
5
5
5
5
5
5
5
5
5
5
5
5
5
5
5
5
5
5
5
5
5
5
5
5
5
5
5
5
5
5
5
5
5
5
5
5
5
5
5
5
5
5
5
5
5
5
5
5
5
5
5
5
5
5
5
5
5
5
5
5
5
5
5
5
5
5
5
5
5
5
5
5
5
5
5
5
5
5
5
5
5
5
5
5
5
5
5
5
5
5
5
5
5
5
5
5
5
5
5
5
5
5
5
5
5
5
5
5
5
5
5
5
5
5
5
5
5
5
5
5
5
5
5
5
5
5
5
5
5
5
5
5
5
5
5
5
5
5
5
5
5
5
5
5
5
5
5
5
5
5
5
5
5
5
5
5
5
5
5
5
5
5
5
5
5
5
5
5
5
5
5
5
5
5
5
5
5
5
5
5
5
5
5
5
5
5
5
5
5
5
5
5
5
5
5
5
5
5
5
5
5
5
5
5
5
5
5
5
5
5
5
5
5
5
5
5
5
5
5
5
5
5
5
5
5
5
5
5
5
5
5
5
5
5
5
5
5
5
5
5
5
5
5
5
5
5
5
5
5
5
5
5
5
5
5
5
5
5
5
5
5
5
5
5
5
5
5
5
5
5
5
5
5
5
5
5
5
5
5
5
5
5
5
5
5
5
5
5
5
5
5
5
5
5
5
5
5
5
5
5
5
5
5
5
5
5
5
5
5
5
5
5
5
5
5
5
5
5
5
5
5
5
5
5
5
5
5
5
5
5
5
5
5
5
5
5
5
5
5
5
5
5
5
5
5
5
5
5
5
5
5
5
5
5
5
5
5
5
5
5
5
5
5
5
5
5
5
5
5
5
5
5
5
5
5
5
5
5
5
5
5
5
5
5
5
5
5
5
5
5
5
5
5
5
5
5
5
5
5
5
5
5
5
5
5
5
5
5
5
5
5
5
5
5
5
5
5
5
5
5
5
5
5
5
5
5
5
5
5
5
5
5
5
5
5
5
5
5
5
5
5
5
5
5
5
5
5
5
5
5
5
5
5
5
5
5
5
5
5
5
5
5
5
5
5
5
5
5
5
5
5
5
5
5
5
5
5
5
5
5
5
5
5
5
5
5
5
5
5
5
5
5
5
5
5
5
5
5
5
5
5
5
5
5
5
5
5
5
5
5
5
5
5
5
5
5
5
5
5
5
5
5
5
5
5
5
5
5
5
5
5
5
5
5
5
5
5
5
5
5
5
5
5
5
5
5
5
5
5
5
5
5
5
5
5
5
5
5
5
5
5
5
5
5
5
5
5
5
5
5
5
5
5
5
5
5
5
5
5
5
5
5
5
5
5
5
5
5
5
5
5
5
5
5
5
5
5
5
5
5
5
5
5
5
5
5
5
5
5
5
5
5
5
5
5
5
5
5
5
5
5
5
5
5
5
5
5
5
5
5
5
5
5
5
5
5
5
5
5
5
5
5
5
5
5
5
5
5
5
5
5
5
5
5
5
5
5
5
5
5
5
5
5
5
5
5
5
5
5
5
5
5
5
5
5
5
5
5
5
5
5
5
5
5
5
5
5
5
5
5
5
5
5
5
5
5
5
5
5
5
5
5
5
5
5
5
5
5
5
5
5
5
5
5
5
5
5
5
5
5
5
5
5
5
5
5
5
5
5
5
5
5
5
5
5
5
5
5
5
5
5
5
5
5
5
5
5
5
5
5
5
5
5
5
5
5
5
5
5
5
5
5
5
5
5
5
5
5
5
5
5
5
5
5
5
5
5
5
5
5
5
5
5
5
5
5
5
5
5
5
5
5
5
5
5
5
5
5
5
5
5
5
5
5
5
5
5
5
5
5
5
5
5
5
5
5
5
5
5
5
5
5
5
5
5
5
5
5
5
5
5
5
5
5
5
5
5
5
5
5
5
5
5
5
5
5
5
5
5
5
5
5
5
5
5
5
5
5
5
5
5
5
5
5
5
5
5
5
5
5
5
5
5
5
5
5
5
5
5
5
5
5
5
5
5
5
5
5
5
5
5
5
5
5
5
5
5
5
5
5
5
5
5
5
5
5
5
5
5
5
5
5
5
5
5
5
5
5
5
5
5
5
5
5
5
5
5
5
5
5
5
5
5
5
5
5
5
5
5
5
5
5
5
5
5
5
5
5
5
5
5
5
5
5
5
5
5
5
5
5
5
5
5
5
5
5
5
5
5
5
5
5
5
5
5
5
5
5
5
5
5
5
5
5
5
5
5
5
5
5
5
5
5
5
5
5
5
5
5
5
5
5
5
5
5
5
5
5
5
5
5
5
5
5
5
5
5
5
5
5
5
5
5
5
5
5
5
5
5
5
5
5
5
5
5
5
5
5
5
5
5
5
5
5
5
5
5
5
5
5
5
5
5
5
5
5
5
5
5
5
5
5
5
5
5
5
5
5
5
5
5
5
5
5
5
5
5
5
5
5
5
5
5
5
5
5
5
5
5
5
5
5
5
5
5
5
5
5
5
5
5
5
5
5
5
5
5
5
5
5
5
5
5
5
5
5
5
5
5
5
5
5
5
5
5
5
5
5
5
5
5
5
5
5
5
5
5
5
5
5
5
5
5
5
5
5
5
5
5
5
5
5
5
5
5
5
5
5
5
5
5
5
5
5
5
5
5
5
5
5
5
5
5
5
5
5
5
5
5
5
5
5
5
5
5
5
5
5
5
5
5
5
5
5
5
5
5
5
5
5
5
5
5
5
5
5
5
5
5
5
5
5
5
5
5
5
5
5
5
5
5
5
5
5
5
5
5
5
5
5
5
5
5
5
5
5
5
5
5
5
5
5
5
5
5
5
5
5
5
5
5
5
5
5
5
5
5
5
5
5
5
5
5
5
5
5
5
5
5
5
5
5
5
5
5
5
5
5
5
5
5
5
5
5
5
5
5
5
5
5
5
5
5
5
5
5
5
5
5
5
5
5
5
5
5
5
5
5
5
5
5
5
5
5
5
5
5
5
5
5
5
5
5
5
5
5
5
5
5
5
5
5
5
5
5
5
5
5
5
5
5
5
5
5
5
5
5
5
5
5
5
5
5
5
5
5
5
5
5
5
5
5
5
5
5
5
5
5
5
5
5
5
5
5
5
5
5
5
5
5
5
5
5
5
5
5
5
5
5
5
5
5
5
5
5
5
5
5
5
5
5
5
5
5
5
5
5
5
5
5
5
5
5
5
5
5
5
5
5
5
5
5
5
5
5
5
5
5
5
5
5
5
5
5
5
5
5
5
5
5
5
5
5
5
5
5
5
5
5
5
5
5
5
5
5
5
5
5
5
5
5
5
5
5
5
5
5
5
5
5
5
5
5
5
5
5
5
5
5
5
5
5
5
5
5
5
5
5
5
5
5
5
5
5
5
5
5
5
5
5
5
5
5
5
5
5
5
5
5
5
5
5
5
5
5
5
5
5
5
5
5
5
5
5
5
5
5
5
5
5
5
5
5
5
5
5
5
5
5
5
5
5
5
5
5
5
5
5
5
5
5
5
5
5
5
5
5
5
5
5
5
5
5
5
5
5
5
5
5
5
5
5
5
5
5
5
5
5
5
5
5
5
5
5
5
5
5
5
5
5
5
5
5
5
5
5
5
5
5
5
5
5
5
5
5
5
5
5
5
5
5
5
5
5
5
5
5
5
5
5
5
5
5
5
5
5
5
5
5
5
5
5
5
5
5
5
5
5
5
5
5
5
5
5
5
5
5
5
5
5
5
5
5
5
5
5
5
5
5
5
5
5
5
5
5
5
5
5
5
5
5
5
5
5
5
5
5
5
5
5
5
5
5
5
5
5
5
5
5
5
5
5
5
5
5
5
5
5
5
5
5
5
5
5
5
5
5
5
5
5
5
5
5
5
5
5
5
5
5
5
5
5
5
5
5
5
5
5
5
5
5
5
5
5
5
5
5
5
5
5
5
5
5
5
5
5
5
5
5
5
5
5
5
5
5
5
5
5
5
5
5
5
5
5
5
5
5
5
5
5
5
5
5
5
5
5
5
5
5
5
5
5
5
5
5
5
5
5
5
5
5
5
5
5
5
5
5
5
5
5
5
5
5
5
5
5
5
5
5
5
5
5
5
5
5
5
5
5
5
5
5
5
5
5
5
5
5
5
5
5
5
5
5
5
5
5
5
5
5
5
5
5
5
5
5
5
5
5
5
5
5
5
5
5
5
5
5
5
5
5
5
5
5
5
5
5
5
5
5
5
5
5
5
5
5
5
5
5
5
5
5
5
5
5
5
5
5
5
5
5
5
5
5
5
5
5
5
5
5
5
5
5
5
5
5
5
5
5
5
5
5
5
5
5
5
5
5
5
5
5
5
5
5
5
5
5
5
5
5
5
5
5
5
5
5
5
5
5
5
5
5
5
5
5
5
5
5
5
5
5
5
5
5
5
5
5
5
5
5
5
5
5
5
5
5
5
5
5
5
5
5
5
5
5
5
5
5
5
5
5
5
5
5
5
5
5
5
5
5
5
5
5
5
5
5
5
5
5
5
5
5
5
5
5
5
5
5
5
5
5
5
5
5
5
5
5
5
5
5
5
5
5
5
5
5
5
5
5
5
5
5
5
5
5
5
5
5
5
5
5
5
5
5
5
5
5
5
5
5
5
5
5
5
5
5
5
5
5
5
5
5
5
5
5
5
5
5
5
5
5
5
5
5
5
5
5
5
5
5
5
5
5
5
5
5
5
5
5
5
5
5
5
5
5
5
5
5
5
5
5
5
5
5
5
5
5
5
5
5
5
5
5
5
5
5
5
5
5
5
5
5
5
5
5
5
5
5
5
5
5
5
5
5
5
5
5
5
5
5
5
5
5
5
5
5
5
5
5
5
5
5
5
5
5
5
5
5
5
5
5
5
5
5
5
5
5
5
5
5
5
5
5
5
5
5
5
5
5
5
5
5
5
5
5
5
5
5
5
5
5
5
5
5
5
5
5
5
5
5
5
5
5
5
5
5
5
5
5
5
5
5
5
5
5
5
5
5
5
5
5
5
5
5
5
5
5
5
5
5
5
5
5
5
5
5
5
5
5
5
5
5
5
5
5
5
5
5
5
5
5
5
5
5
5
5
5
5
5
5
5
5
5
5
5
5
5
5
5
5
5
5
5
5
5
5
5
5
5
5
5
5
5
5
5
5
5
5
5
5
5
5
5
5
5
5
5
5
5
5
5
5
5
5
5
5
5
5
5
5
5
5
5
5
5
5
5
5
5
5
5
5
5
5
5
5
5
5
5
5
5
5
5
5
5
5
5
5
5
5
5
5
5
5
5
5
5
5
5
5
5
5
5
5
5
5
5
5
5
5
5
5
5
5
5
5
5
5
5
5
5
5
5
5
5
5
5
5
5
5
5
5
5
5
5
5
5
5
5
5
5
5
5
5
5
5
5
5
5
5
5
5
5
5
5
5
5
5
5
5
5
5
5
5
5
5
5
5
5
5
5
5
5
5
5
5
5
5
5
5
5
5
5
5
5
5
5
5
5
5
5
5
5
5
5
5
5
5
5
5
5
5
5
5
5
5
5
5
5
5
5
5
5
5
5
5
5
5
5
5
5
5
5
5
5
5
5
5
5
5
5
5
5
5
5
5
5
5
5
5
5
5
5
5
5
5
5
5
5
5
5
5
5
5
5
5
5
5
5
5
5
5
5
5
5
5
5
5
5
5
5
5
5
5
5
5
5
5
5
5
5
5
5
5
5
5
5
5
5
5
5
5
5
5
5
5
5
5
5
5
5
5
5
5
5
5
5
5
5
5
5
5
5
5
5
5
5
5
5
5
5
5
5
5
5
5
5
5
5
5
5
5
5
5
5
5
5
5
5
5
5
5
5
5
5
5
5
5
5
5
5
5
5
5
5
5
5
5
5
5
5
5
5
5
5
5
5
5
5
5
5
5
5
5
5
5
5
5
5
5
5
5
5
5
5
5
5
5
5
5
5
5
5
5
5
5
5
5
5
5
5
5
5
5
5
5
5
5
5
5
5
5
5
5
5
5
5
5
5
5
5
5
5
5
5
5
5
5
5
5
5
5
5
5
5
5
5
5
5
5
5
5
5
5
5
5
5
5
5
5
5
5
5
5
5
5
5
5
5
5
5
5
5
5
5
5
5
5
5
5
5
5
5
5
5
5
5
5
5
5
5
5
5
5
5
5
5
5
5
5
5
5
5
5
5
5
5
5
5
5
5
5
5
5
5
5
5
5
5
5
5
5
5
5
5
5
5
5
5
5
5
5
5
5
5
5
5
5
5
5
5
5
5
5
5
5
5
5
5
5
5
5
5
5
5
5
5
5
5
5
5
5
5
5
5
5
5
5
5
5
5
5
5
5
5
5
5
5
5
5
5
5
5
5
5
5
5
5
5
5
5
5
5
5
5
5
5
5
5
5
5
5
5
5
5
5
5
5
5
5
5
5
5
5
5
5
5
5
5
5
5
5
5
5
5
5
5
5
5
5
5
5
5
5
5
5
5
5
5
5
5
5
5
5
5
5
5
5
5
5
5
5
5
5
5
5
5
5
5
5
5
5
5
5
5
5
5
5
5
5
5
5
5
5
5
5
5
5
5
5
5
5
5
5
5
5
5
5
5
5
5
5
5
5
5
5
5
5
5
5
5
5
5
5
5
5
5
5
5
5
5
5
5
5
5
5
5
5
5
5
5
5
5
5
5
5
5
5
5
5
5
5
5
5
5
5
5
5
5
5
5
5
5
5
5
5
5
5
5
5
5
5
5
5
5
5
5
5
5
5
5
5
5
5
5
5
5
5
5
5
5
5
5
5
5
5
5
5
5
5
5
5
5
5
5
5
5
5
5
5
5
5
5
5
5
5
5
5
5
5
5
5
5
5
5
5
5
5
5
5
5
5
5
5
5
5
5
5
5
5
5
5
5
5
5
5
5
5
5
5
5
5
5
5
5
5
5
5
5
5
5
5
5
5
5
5
5
5
5
5
5
5
5
5
5
5
5
5
5
5
5
5
5
5
5
5
5
5
5
5
5
5
5
5
5
5
5
5
5
5
5
5
5
5
5
5
5
5
5
5
5
5
5
5
5
5
5
5
5
5
5
5
5
5
5
5
5
5
5
5
5
5
5
5
5
5
5
5
5
5
5
5
5
5
5
5
5
5
5
5
5
5
5
5
5
5
5
5
5
5
5
5
5
5
5
5
5
5
5
5
5
5
5
5
5
5
5
5
5
5
5
5
5
5
5
5
5
5
5
5
5
5
5
5
5
5
5
5
5
5
5
5
5
5
5
5
5
5
5
5
5
5
5
5
5
5
5
5
5
5
5
5
5
5
5
5
5
5
5
5
5
5
5
5
5
5
5
5
5
5
5
5
5
5
5
5
5
5
5
5
5
5
5
5
5
5
5
5
5
5
5
5
5
5
5
5
5
5
5
5
5
5
5
5
5
5
5
5
5
5
5
5
5
5
5
5
5
5
5
5
5
5
5
5
5
5
5
5
5
5
5
5
5
5
5
5
5
5
5
5
5
5
5
5
5
5
5
5
5
5
5
5
5
5
5
5
5
5
5
5
5
5
5
5
5
5
5
5
5
5
5
5
5
5
5
5
5
5
5
5
5
5
5
5
5
5
5
5
5
5
5
5
5
5
5
5
5
5
5
5
5
5
5
5
5
5
5
5
5
5
5
5
5
5
5
5
5
5
5
5
5
5
5
5
5
5
5
5
5
5
5
5
5
5
5
5
5
5
5
5
5
5
5
5
5
5
5
5
5
5
5
5
5
5
5
5
5
5
5
5
5
5
5
5
5
5
5
5
5
5
5
5
5
5
5
5
5
5
5
5
5
5
5
5
5
5
5
5
5
5
5
5
5
5
5
5
5
5
5
5
5
5
5
5
5
5
5
5
5
5
5
5
5
5
5
5
5
5
5
5
5
5
5
5
5
5
5
5
5
5
5
5
5
5
5
5
5
5
5
5
5
5
5
5
5
5
5
5
5
5
5
5
5
5
5
5
5
5
5
5
5
5
5
5
5
5
5
5
5
5
5
5
5
5
5
5
5
5
5
5
5
5
5
5
5
5
5
5
5
5
5
5
5
5
5
5
5
5
5
5
5
5
5
5
5
5
5
5
5
5
5
5
5
5
5
5
5
5
5
5
5
5
5
5
5
5
5
5
5
5
5
5
5
5
5
5
5
5
5
5
5
5
5
5
5
5
5
5
5
5
5
5
5
5
5
5
5
5
5
5
5
5
5
5
5
5
5
5
5
5
5
5
5
5
5
5
5
5
5
5
5
5
5
5
5
5
5
5
5
5
5
5
5
5
5
5
5
5
5
5
5
5
5
5
5
5
5
5
5
5
5
5
5
5
5
5
5
5
5
5
5
5
5
5
5
5
5
5
5
5
5
5
5
5
5
5
5
5
5
5
5
5
5
5
5
5
5
5
5
5
5
5
5
5
5
5
5
5
5
5
5
5
5
5
5
5
5
5
5
5
5
5
5
5
5
5
5
5
5
5
5
5
5
5
5
5
5
5
5
5
5
5
5
5
5
5
5
5
5
5
5
5
5
5
5
5
5
5
5
5
5
5
5
5
5
5
5
5
5
5
5
5
5
5
5
5
5
5
5
5
5
5
5
5
5
5
5
5
5
5
5
5
5
5
5
5
5
5
5
5
5
5
5
5
5
5
5
5
5
5
5
5
5
5
5
5
5
5
5
5
5
5
5
5
5
5
5
5
5
5
5
5
5
5
5
5
5
5
5
5
5
5
5
5
5
5
5
5
5
5
5
5
5
5
5
5
5
5
5
5
5
5
5
5
5
5
5
5
5
5
5
5
5
5
5
5
5
5
5
5
5
5
5
5
5
5
5
5
5
5
5
5
5
5
5
5
5
5
5
5
5
5
5
5
5
5
5
5
5
5
5
5
5
5
5
5
5
5
5
5
5
5
5
5
5
5
5
5
5
5
5
5
5
5
5
5
5
5
5
5
5
5
5
5
5
5
5
5
5
5
5
5
5
5
5
5
5
5
5
5
5
5
5
5
5
5
5
5
5
5
5
5
5
5
5
5
5
5
5
5
5
5
5
5
5
5
5
5
5
5
5
5
5
5
5
5
5
5
5
5
5
5
5
5
5
5
5
5
5
5
5
5
5
5
5
5
5
5
5
5
5
5
5
5
5
5
5
5
5
5
5
5
5
5
5
5
5
5
5
5
5
5
5
5
5
5
5
5
5
5
5
5
5
5
5
5
5
5
5
5
5
5
5
5
5
5
5
5
5
5
5
5
5
5
5
5
5
5
5
5
5
5
5
5
5
5
5
5
5
5
5
5
5
5
5
5
5
5
5
5
5
5
5
5
5
5
5
5
5
5
5
5
5
5
5
5
5
5
5
5
5
5
5
5
5
5
5
5
5
5
5
5
5
5
5
5
5
5
5
5
5
5
5
5
5
5
5
5
5
5
5
5
5
5
5
5
5
5
5
5
5
5
5
5
5
5
5
5
5
5
5
5
5
5
5
5
5
5
5
5
5
5
5
5
5
5
5
5
5
5
5
5
5
5
5
5
5
5
5
5
5
5
5
5
5
5
5
5
5
5
5
5
5
5
5
5
5
5
5
5
5
5
5
5
5
5
5
5
5
5
5
5
5
5
5
5
5
5
5
5
5
5
5
5
5
5
5
5
5
5
5
5
5
5
5
5
5
5
5
5
5
5
5
5
5
5
5
5
5
5
5
5
5
5
5
5
5
5
5
5
5
5
5
5
5
5
5
5
5
5
5
5
5
5
5
5
5
5
5
5
5
5
5
5
5
5
5
5
5
5
5
5
5
5
5
5
5
5
5
5
5
5
5
5
5
5
5
5
5
5
5
5
5
5
5
5
5
5
5
5
5
5
5
5
5
5
5
5
5
5
5
5
5
5
5
5
5
5
5
5
5
5
5
5
5
5
5
5
5
5
5
5
5
5
5
5
5
5
5
5
5
5
5
5
5
5
5
5
5
5
5
5
5
5
5
5
5
5
5
5
5
5
5
5
5
5
5
5
5
5
5
5
5
5
5
5
5
5
5
5
5
5
5
5
5
5
5
5
5
5
5
5
5
5
5
5
5
5
5
5
5
5
5
5
5
5
5
5
5
5
5
5
5
5
5
5
5
5
5
5
5
5
5
5
5
5
5
5
5
5
5
5
5
5
5
5
5
5
5
5
5
5
5
5
5
5
5
5
5
5
5
5
5
5
5
5
5
5
5
5
5
5
5
5
5
5
5
5
5
5
5
5
5
5
5
5
5
5
5
5
5
5
5
5
5
5
5
5
5
5
5
5
5
5
5
5
5
5
5
5
5
5
5
5
5
5
5
5
5
5
5
5
5
5
5
5
5
5
5
5
5
5
5
5
5
5
5
5
5
5
5
5
5
5
5
5
5
5
5
5
5
5
5
5
5
5
5
5
5
5
5
5
5
5
5
5
5
5
5
5
5
5
5
5
5
5
5
5
5
5
5
5
5
5
5
5
5
5
5
5
5
5
5
5
5
5
5
5
5
5
5
5
5
5
5
5
5
5
5
5
5
5
5
5
5
5
5
5
5
5
5
5
5
5
5
5
5
5
5
5
5
5
5
5
5
5
5
5
5
5
5
5
5
5
5
5
5
5
5
5
5
5
5
5
5
5
5
5
5
5
5
5
5
5
5
5
5
5
5
5
5
5
5
5
5
5
5
5
5
5
5
5
5
5
5
5
5
5
5
5
5
5
5
5
5
5
5
5
5
5
5
5
5
5
5
5
5
5
5
5
5
5
5
5
5
5
5
5
5
5
5
5
5
5
5
5
5
5
5
5
5
5
5
5
5
5
5
5
5
5
5
5
5
5
5
5
5
5
5
5
5
5
5
5
5
5
5
5
5
5
5
5
5
5
5
5
5
5
5
5
5
5
5
5
5
5
5
5
5
5
5
5
5
5
5
5
5
5
5
5
5
5
5
5
5
5
5
5
5
5
5
5
5
5
5
5
5
5
5
5
5
5
5
5
5
5
5
5
5
5
5
5
5
5
5
5
5
5
5
5
5
5
5
5
5
5
5
5
5
5
5
5
5
5
5
5
5
5
5
5
5
5
5
5
5
5
5
5
5
5
5
5
5
5
5
5
5
5
5
5
5
5
5
5
5
5
5
5
5
5
5
5
5
5
5
5
5
5
5
5
5
5
5
5
5
5
5
5
5
5
5
5
5
5
5
5
5
5
5
5
5
5
5
5
5
5
5
5
5
5
5
5
5
5
5
5
5
5
5
5
5
5
5
5
5
5
5
5
5
5
5
5
5
5
5
5
5
5
5
5
5
5
5
5
5
5
5
5
5
5
5
5
5
5
5
5
5
5
5
5
5
5
5
5
5
5
5
5
5
5
5
5
5
5
5
5
5
5
5
5
5
5
5
5
5
5
5
5
5
5
5
5
5
5
5
5
5
5
5
5
5
5
5
5
5
5
5
5
5
5
5
5
5
5
5
5
5
5
5
5
5
5
5
5
5
5
5
5
5
5
5
5
5
5
5
5
5
5
5
5
5
5
5
5
5
5
5
5
5
5
5
5
5
5
5
5
5
5
5
5
5
5
5
5
5
5
5
5
5
5
5
5
5
5
5
5
5
5
5
5
5
5
5
5
5
5
5
5
5
5
5
5
5
5
5
5
5
5
5
5
5
5
5
5
5
5
5
5
5
5
5
5
5
5
5
5
5
5
5
5
5
5
5
5
5
5
5
5
5
5
5
5
5
5
5
5
5
5
5
5
5
5
5
5
5
5
5
5
5
5
5
5
5
5
5
5
5
5
5
5
5
5
5
5
5
5
5
5
5
5
5
5
5
5
5
5
5
5
5
5
5
5
5
5
5
5
5
5
5
5
5
5
5
5
5
5
5
5
5
5
5
5
5
5
5
5
5
5
5
5
5
5
5
5
5
5
5
5
5
5
5
5
5
5
5
5
5
5
5
5
5
5
5
5
5
5
5
5
5
5
5
5
5
5
5
5
5
5
5
5
5
5
5
5
5
5
5
5
5
5
5
5
5
5
5
5
5
5
5
5
5
5
5
5
5
5
5
5
5
5
5
5
5
5
5
5
5
5
5
5
5
5
5
5
5
5
5
5
5
5
5
5
5
5
5
5
5
5
5
5
5
5
5
5
5
5
5
5
5
5
5
5
5
5
5
5
5
5
5
5
5
5
5
5
5
5
5
5
5
5
5
5
5
5
5
5
5
5
5
5
5
5
5
5
5
5
5
5
5
5
5
5
5
5
5
5
5
5
5
5
5
5
5
5
5
5
5
5
5
5
5
5
5
5
5
5
5
5
5
5
5
5
5
5
5
5
5
5
5
5
5
5
5
5
5
5
5
5
5
5
5
5
5
5
5
5
5
5
5
5
5
5
5
5
5
5
5
5
5
5
5
5
5
5
5
5
5
5
5
5
5
5
5
5
5
5
5
5
5
5
5
5
5
5
5
5
5
5
5
5
5
5
5
5
5
5
5
5
5
5
5
5
5
5
5
5
5
5
5
5
5
5
5
5
5
5
5
5
5
5
5
5
5
5
5
5
5
5
5
5
5
5
5
5
5
5
5
5
5
5
5
5
5
5
5
5
5
5
5
5
5
5
5
5
5
5
5
5
5
5
5
5
5
5
5
5
5
5
5
5
5
5
5
5
5
5
5
5
5
5
5
5
5
5
5
5
5
5
5
5
5
5
5
5
5
5
5
5
5
5
5
5
5
5
5
5
5
5
5
5
5
5
5
5
5
5
5
5
5
5
5
5
5
5
5
5
5
5
CELL_DATA 8996
SCALARS sample_scalars double 3
LOOKUP_TABLE default
272.764	0	0	
272.764	0	0	
185.232	0	0.00100871	
272.764	0	0	
272.764	0	0	
208.429	0	0.000251406	
202.744	0	0.00317506	
272.764	0	0	
220.387	0	0.00114446	
272.764	0	0	
451.1	0	0.000419965	
198.617	0	0.00207644	
272.764	0	0	
220.364	0	0.00157355	
682.317	0	0.00062821	
208.39	0	0.00134656	
183.853	0	0.000453763	
967.483	0	0.00035976	
192.741	0	0.000410726	
673.358	0	9.29598e-05	
550.92	0	0.000112747	
192.056	0	0.000933337	
971.549	0	0.000125167	
202.324	0	0.000636751	
195.54	0	0.000511674	
248.182	0	6.96966e-05	
220.87	0	0.000568277	
192.589	0	0.000374641	
194.651	0	0.000407925	
183.673	0	0.000314404	
234.932	0	0.000187683	
221.853	0	0.000180772	
367.58	0	0.000116637	
220.475	0	0.00017266	
223.461	0	0.000209412	
213.643	0	0.00312173	
196.737	0	0.000458139	
246.589	0	8.06855e-05	
197.65	0	0.000713409	
225.08	0	0.000173137	
424.459	0	0.000142839	
207.539	0	0.000838964	
212.029	0	0.000283854	
210.154	0	0.00050428	
192.34	0	0.000757466	
268.45	0	0.000374811	
199.403	0	0.000900088	
217.533	0	0.00047686	
240.409	0	0.000396573	
199.422	0	0.000485819	
346.868	0	0.000303772	
199.647	0	0.000474427	
414.645	0	0.000424188	
200.219	0	0.00038308	
202.847	0	0.0010461	
199.91	0	0.000342195	
187.349	0	0.00102796	
216.309	0	0.000358059	
247.659	0	0.00314689	
194.096	0	0.000767649	
219.991	0	0.000299889	
201.597	0	0.00271694	
242.416	0	0.00167593	
254.07	0	0.00249338	
208.592	0	0.00327208	
226.926	0	0.00262722	
225.398	0	0.00073186	
218.381	0	0.000483158	
227.755	0	0.00132891	
206.162	0	0.00038086	
231.117	0	0.00120659	
212.352	0	0.000245419	
536.012	0	0.000302357	
202.145	0	0.000636552	
222.519	0	0.00272073	
225.551	0	0.000355924	
216.353	0	0.000269415	
214.185	0	0.00120527	
210.232	0	0.000344934	
209.663	0	0.00310716	
211.372	0	0.000981178	
231.586	0	0.00170519	
215.194	0	0.00036295	
200.625	0	0.00330396	
217.913	0	0.00085807	
201.251	0	0.000783827	
199.065	0	0.000884823	
213.3	0	0.00110512	
215.962	0	0.00491467	
221.849	0	0.000650739	
207.273	0	0.00168418	
221.078	0	0.00101299	
186.147	0	0.00527201	
183.664	0	0.00391649	
293.43	0	0.000143761	
200.515	0	0.00218519	
197.244	0	0.000762087	
208.11	0	0.000689066	
197.028	0	0.00120128	
216.886	0	0.000287539	
206.116	0	0.00040183	
212.726	0	0.00133306	
198.295	0	0.000372396	
192.949	0	0.000659956	
190.574	0	0.00192572	
191.336	0	0.00219012	
203.773	0	0.00293685	
220.462	0	0.00321147	
194.471	0	0.000823996	
229.403	0	0.00166578	
206.892	0	0.0013102	
195.813	0	0.00099041	
203.712	0	0.0012645	
203.41	0	0.0050942	
197.001	0	0.00298314	
186.765	0	0.00381303	
190.581	0	0.00134449	
192.543	0	0.000555784	
194.804	0	0.000726667	
197.789	0	0.000890045	
192.172	0	0.00105327	
192.68	0	0.000936554	
186.284	0	0.000915539	
193.241	0	0.00141791	
190.473	0	0.0032335	
216.783	0	0.00351887	
194.732	0	0.000710831	
189.355	0	0.00144089	
194.371	0	0.00133832	
171.317	0	0.00337254	
184.401	0	0.00138704	
188.201	0	0.00144478	
187.513	0	0.00240229	
199.75	0	0.000953678	
188.258	0	0.00225865	
184.915	0	0.00101709	
187.829	0	0.00344851	
191.671	0	0.00131039	
188.904	0	0.000840765	
192.546	0	0.00308942	
198.259	0	0.000525444	
188.74	0	0.00401623	
186.948	0	0.00102287	
202.914	0	0.000996044	
190.945	0	0.000802278	
191.312	0	0.000939314	
187.685	0	0.00290163	
194.001	0	0.000995387	
193.77	0	0.00172508	
180.558	0	0.000591124	
203.185	0	0.000926257	
200.322	0	0.000534827	
189.426	0	0.00113507	
219.02	0	0.00328847	
187.173	0	0.0045451	
189.097	0	0.00118863	
205.673	0	0.00199474	
188.195	0	0.00390892	
188.083	0	0.000719555	
183.309	0	0.000751318	
195.864	0	0.000948589	
185.471	0	0.00110213	
209.982	0	0.000802904	
196.567	0	0.00113009	
185.987	0	0.0011676	
208.256	0	0.000311438	
186.496	0	0.00350697	
234.705	0	0.00301224	
185.744	0	0.00103117	
193.895	0	0.000531475	
208.853	0	0.000803151	
188.916	0	0.00103509	
202.212	0	0.000402243	
191.375	0	0.000830221	
193.128	0	0.00241549	
219.785	0	0.00157836	
184.854	0	0.00161209	
205.403	0	0.0013736	
223.3	0	0.000210914	
199.778	0	0.00332265	
225.104	0	0.00268882	
206.322	0	0.00403871	
201.356	0	0.00115199	
217.651	0	0.000304218	
193.161	0	0.00159127	
221.443	0	0.000192322	
187.572	0	0.00125883	
231.291	0	0.00120296	
186.321	0	0.00127307	
200.122	0	0.00132284	
208.282	0	0.000220431	
201.29	0	0.0025978	
207.052	0	0.000973762	
202.236	0	0.00154588	
201.541	0	0.0017065	
202.069	0	0.0026173	
202.702	0	0.00084129	
219.508	0	0.000182122	
194.031	0	0.000710819	
203.12	0	0.000722117	
192.356	0	0.00401439	
203.965	0	0.00071622	
216.185	0	0.000540753	
207.117	0	0.00075703	
209.727	0	0.00364472	
196.567	0	0.000586322	
204.21	0	0.00112673	
189.39	0	0.000905042	
196.728	0	0.000858241	
207.953	0	0.0018495	
203.643	0	0.00075445	
204.353	0	0.00139572	
205.602	0	0.00109336	
221.741	0	0.000891265	
205.474	0	0.00110071	
222.895	0	0.00101903	
200.728	0	0.00356343	
203.371	0	0.00155012	
195.964	0	0.00231925	
202.245	0	0.0013832	
199.337	0	0.00090054	
196.75	0	0.000729351	
203.02	0	0.000732398	
189.059	0	0.000945199	
202.725	0	0.00091335	
197.856	0	0.0010742	
201.814	0	0.000728512	
206.737	0	0.00349534	
201.116	0	0.00228704	
218.732	0	0.00184288	
190.039	0	0.00109506	
201.278	0	0.00122659	
206.872	0	0.00142803	
205.144	0	0.00135224	
209.148	0	0.00128605	
199.39	0	0.00114993	
193.396	0	0.000924757	
196.224	0	0.00101699	
190.767	0	0.000576103	
198.499	0	0.000708753	
196.999	0	0.00102853	
203.186	0	0.00310291	
191.862	0	0.00217561	
197.486	0	0.000711893	
194.886	0	0.00144831	
197.135	0	0.00091211	
197.749	0	0.00145002	
198.307	0	0.000691321	
202.289	0	0.000934181	
194.794	0	0.000622411	
200.354	0	0.000643854	
190.913	0	0.00231603	
197.585	0	0.0010248	
202.402	0	0.00102141	
197.962	0	0.000965914	
200.113	0	0.000511025	
201.324	0	0.00060147	
194.007	0	0.0011273	
199.415	0	0.000628886	
194.675	0	0.00118308	
198.416	0	0.00258969	
202.592	0	0.00159712	
194.199	0	0.00110275	
203.42	0	0.00115674	
198.591	0	0.00135132	
200.016	0	0.000477625	
200.722	0	0.00111935	
195.64	0	0.000931074	
195.737	0	0.000945544	
201.737	0	0.00152303	
197.337	0	0.000534242	
204.101	0	0.0010391	
201.734	0	0.000709828	
198.903	0	0.000456222	
201.873	0	0.00166679	
201.944	0	0.000552147	
198.499	0	0.00137946	
217.562	0	0.00303388	
195.563	0	0.000977099	
222.216	0	0.00371134	
223.078	0	0.00210159	
196.516	0	0.000390802	
213.123	0	0.00140481	
185.15	0	0.00075751	
213.991	0	0.000842667	
200.724	0	0.000610513	
202.578	0	0.000335376	
221.413	0	0.000678952	
187.951	0	0.000455713	
226.715	0	0.00266805	
219.091	0	0.0012344	
192.912	0	0.00397986	
214.834	0	0.00164396	
212.315	0	0.00184795	
223.456	0	0.000835641	
221.837	0	0.00297263	
233.913	0	0.00312946	
217.136	0	0.000869276	
212.882	0	0.00061971	
212.657	0	0.000373785	
201.814	0	0.00049196	
233.091	0	0.000756293	
215.416	0	0.000891288	
218.788	0	0.000759955	
215.055	0	0.00056035	
201.179	0	0.000950232	
201.4	0	0.000833366	
202.672	0	0.00335472	
198.05	0	0.000705604	
197.542	0	0.000979992	
273	0	0	
188.08	0	0.000685489	
219.548	0	0.00122256	
209.889	0	0.00108549	
230.129	0	0.00281008	
197.85	0	0.000849043	
200.789	0	0.000916042	
204.809	0	0.000709603	
203.957	0	0.00208531	
201.334	0	0.00138603	
205.59	0	0.000844119	
203.624	0	0.000927495	
196.224	0	0.00163038	
201.255	0	0.000842205	
201.422	0	0.000806873	
202.488	0	0.000639108	
198.074	0	0.000868141	
213.037	0	0.000722215	
211.955	0	0.000407254	
187.115	0	0.00355778	
213.614	0	0.000547886	
197.303	0	0.000910949	
190.532	0	0.00315402	
221.414	0	0.00108038	
195.224	0	0.000490387	
206.267	0	0.00159681	
218.073	0	0.000467094	
196.164	0	0.00123595	
219.427	0	0.000736029	
191.893	0	0.00320784	
201.766	0	0.000863185	
212.355	0	0.000350035	
190.94	0	0.00198346	
225.026	0	0.000690408	
195.323	0	0.000668314	
213.764	0	0.000288854	
205.314	0	0.000999687	
208.341	0	0.000696205	
222.456	0	0.000549652	
196.091	0	0.000881845	
218.285	0	0.000460764	
209.836	0	0.000970573	
218.241	0	0.0010066	
219.098	0	0.000415704	
211.677	0	0.00283643	
228.364	0	0.0010674	
211.006	0	0.000408819	
236.117	0	0.00176005	
219.687	0	0.0011285	
195.679	0	0.00109137	
220.355	0	0.00304684	
204.982	0	0.00034282	
215.912	0	0.00116592	
201.319	0	0.000597623	
211.089	0	0.000555853	
216.334	0	0.000931335	
203.291	0	0.000485514	
225.073	0	0.00108472	
201.421	0	0.000541873	
221.243	0	0.000838264	
226.55	0	0.000875968	
191.018	0	0.000897607	
228.845	0	0.00167779	
198.265	0	0.00314443	
233.039	0	0.00234989	
230.164	0	0.000764576	
227.416	0	0.00079179	
203.714	0	0.000481097	
226.161	0	0.0015158	
225.2	0	0.000338373	
229.662	0	0.00112384	
216.967	0	0.000556433	
222.279	0	0.00159587	
207.558	0	0.000491312	
224.208	0	0.00148366	
207.439	0	0.000325988	
225.905	0	0.0017314	
231.34	0	0.00103386	
217.757	0	0.000582829	
209.868	0	0.000402937	
223.144	0	0.00065013	
214.903	0	0.00115586	
209.394	0	0.00113975	
223.466	0	0.00188389	
215.697	0	0.000600364	
230.653	0	0.000662783	
222.258	0	0.00093723	
201.708	0	0.0028376	
221.794	0	0.000769505	
216.339	0	0.000465688	
203.322	0	0.000680083	
206.333	0	0.000623895	
199.202	0	0.00117656	
206.017	0	0.000625633	
205.362	0	0.000856368	
208.329	0	0.000587706	
199.988	0	0.00115198	
203.445	0	0.000718548	
213.403	0	0.00127718	
203.198	0	0.00161517	
211.039	0	0.002681	
193.79	0	0.000551531	
204.04	0	0.000537888	
198.313	0	0.000387669	
192.052	0	0.000631111	
221.124	0	0.000463833	
185.083	0	0.000931665	
211.217	0	0.00323599	
228.913	0	0.00125748	
183.955	0	0.00117651	
210.956	0	0.00164918	
168.109	0	0.00583693	
220.064	0	0.000858033	
197.87	0	0.0011885	
194.077	0	0.000553852	
201.898	0	0.000605995	
176.319	0	0.00144151	
231.984	0	0.000804692	
191.84	0	0.000535766	
209.529	0	0.000528744	
230.454	0	0.000940528	
187.377	0	0.00149035	
223.186	0	0.000954875	
201.246	0	0.0012405	
183.947	0	0.000516949	
244.316	0	0.00105647	
196.24	0	0.00085761	
195.202	0	0.00036907	
232.331	0	0.000844942	
201.677	0	0.00129454	
220.181	0	0.00277796	
188.882	0	0.000422468	
221.511	0	0.000489873	
190.463	0	0.00139838	
198.665	0	0.00410894	
217.022	0	0.000521301	
187.452	0	0.00104709	
219.206	0	0.00152412	
232.824	0	0.00265771	
185.188	0	0.000863348	
202.009	0	0.00154342	
183.01	0	0.000719281	
192.315	0	0.00113809	
188.854	0	0.00362773	
182.388	0	0.000552069	
207.548	0	0.000946264	
183.308	0	0.00187075	
185.968	0	0.00365056	
192.879	0	0.000476972	
185.508	0	0.00109477	
205.14	0	0.000613684	
186.343	0	0.00134189	
205.008	0	0.00187617	
184.247	0	0.000752078	
272.764	0	0	
198.6	0	0.000477191	
272.764	0	0	
232.397	0	0.000684523	
187.826	0	0.00145596	
175.996	0	0.00346368	
188.205	0	0.00119435	
188.444	0	0.000883648	
186.325	0	0.000524621	
189.413	0	0.00451989	
192.514	0	0.00102555	
193.661	0	0.0004851	
190.228	0	0.000897694	
191.651	0	0.00205461	
178.763	0	0.00145668	
191.134	0	0.000986927	
172.637	0	0.00138617	
186.998	0	0.000429266	
173.691	0	0.00337519	
185.58	0	0.000781445	
200.715	0	0.000541923	
179.844	0	0.00105144	
192.714	0	0.000559411	
177.59	0	0.000928063	
178.768	0	0.00318641	
194.151	0	0.00100283	
178.68	0	0.00279	
194.498	0	0.000408543	
178.325	0	0.00378976	
176.154	0	0.00141372	
188.569	0	0.00105799	
185.67	0	0.000962089	
174.915	0	0.00140527	
194.403	0	0.000462426	
186.073	0	0.00056854	
183.872	0	0.00372318	
196.745	0	0.000927088	
179.281	0	0.000956634	
183.451	0	0.00302534	
195.116	0	0.00301471	
233.442	0	0.00131592	
208.015	0	0.000900089	
193.366	0	0.000662861	
188.901	0	0.00132384	
198.162	0	0.00157288	
202.527	0	0.000635093	
202.111	0	0.000812223	
210.574	0	0.000442939	
196.717	0	0.000403192	
209.605	0	0.00024968	
203.688	0	0.000520286	
209.871	0	0.000990059	
209.021	0	0.000840069	
194.483	0	0.000924672	
203.784	0	0.000871749	
207.992	0	0.00149785	
194.24	0	0.000744518	
195.488	0	0.00186952	
196.175	0	0.000518949	
204.04	0	0.00110629	
199.051	0	0.000713472	
206.869	0	0.000602654	
208.385	0	0.000537996	
196.02	0	0.00156368	
216.815	0	0.000431214	
198.828	0	0.000441441	
195.504	0	0.00131259	
218.634	0	0.000457501	
203.346	0	0.000989467	
228.674	0	0.00289917	
191.672	0	0.000199557	
197.933	0	0.000630445	
222.546	0	0.000767776	
202.488	0	0.000449023	
212.48	0	0.000675435	
200.841	0	0.000416101	
200.732	0	0.000956317	
206.188	0	0.00324288	
194.932	0	0.002917	
198.746	0	0.000723538	
205.343	0	0.00050237	
224.599	0	0.00042974	
191.013	0	0.00049845	
226.386	0	0.00115849	
242.546	0	0.00167053	
200.173	0	0.00135644	
230.132	0	0.00067297	
211.882	0	0.00287003	
213.415	0	0.000729535	
229.497	0	0.00150978	
212.692	0	0.000708795	
227.773	0	0.000714046	
187.209	0	0.000371835	
200.8	0	0.000595529	
208.883	0	0.000129385	
226.56	0	0.00161664	
226.158	0	0.000674751	
202.643	0	0.000719073	
205.455	0	0.00172723	
188.371	0	0.000478229	
212.867	0	0.000798703	
148.158	0	0.000915109	
131.9	0	0.00138363	
222.221	0	0.00117717	
152.705	0	0.00201372	
222.726	0	0.00171525	
195.848	0	0.000556512	
158.536	0	0.000324937	
200.97	0	0.00112832	
142.065	0	0.000570726	
164.545	0	0.000419352	
191.229	0	0.00117993	
200.919	0	5.61933e-05	
191.348	0	0.000927857	
137.989	0	0.00064084	
199.526	0	0.00150676	
195.567	0	0.00160826	
217.492	0	0.00139362	
196.668	0	0.000712289	
237.334	0	0.000206917	
193.042	0	0.00104343	
251.084	0	0.000187197	
179.196	0	0.00031634	
194.026	0	0.00306533	
180.937	0	0.000160792	
190.699	0	0.000959419	
198.061	0	0.000768215	
199.025	0	6.68608e-05	
197.305	0	0.00138244	
186.76	0	0.000180698	
267.812	0	0.000144174	
193.12	0	0.000836592	
353.916	0	7.88108e-05	
195.135	0	0.000501893	
264.921	0	0.000186893	
200.355	0	0.000956761	
198.392	0	0.00068705	
272.764	0	0	
203.841	0	0.00124422	
272.764	0	0	
272.764	0	0	
199.466	0	0.000374964	
272.764	0	0	
192.775	0	0.000701694	
206.952	0	0.000249458	
272.764	0	0	
198.513	0	0.000548538	
272.764	0	0	
272.764	0	0	
190.556	0	0.000704826	
272.764	0	0	
199.704	0	0.00117329	
272.764	0	0	
197.462	0	0.000474632	
325.363	0	0.000122642	
192.802	0	0.00570614	
169.256	0	0.000371192	
194.909	0	0.00108929	
220.211	0	0.000510248	
188.044	0	0.00538388	
201.164	0	0.000716784	
186.746	0	0.00117179	
193.569	0	0.000970201	
214.022	0	0.000769414	
194.323	0	0.00067961	
197.495	0	0.00108753	
197.777	0	0.00172197	
188.706	0	0.000411949	
169.781	0	0.0016354	
197.406	0	0.000732696	
186.81	0	0.00126522	
184.537	0	0.000656096	
182.204	0	0.00506142	
196.657	0	0.000507013	
194.797	0	0.000687737	
198.889	0	0.00045296	
192.981	0	0.00308393	
200.347	0	0.000788783	
194.531	0	0.00125205	
205.353	0	0.00184257	
202.97	0	0.000671778	
208.922	0	0.000732082	
198.391	0	0.000829653	
209.761	0	0.00144908	
222.596	0	0.00193166	
215.679	0	0.000691936	
206.419	0	0.000753886	
243.258	0	0.00139811	
219.383	0	0.000391897	
212.772	0	0.000624155	
238.564	0	0.00105261	
216.001	0	0.000395488	
239.227	0	0.00156169	
228.016	0	0.000685318	
218.075	0	0.000925183	
205	0	0.000586403	
231.424	0	0.000822287	
210.579	0	0.000598539	
218.603	0	0.000832086	
212.037	0	0.000887257	
208.638	0	0.000494646	
203.674	0	0.000770413	
204.938	0	0.000613267	
202.026	0	0.00128221	
203.533	0	0.000399041	
212.034	0	0.000243203	
200.687	0	0.00285804	
208.29	0	0.000302812	
205.776	0	0.000297665	
218.432	0	0.00173848	
212.049	0	0.0003484	
224.041	0	0.000643658	
218.584	0	0.000502409	
211.681	0	0.00085372	
212.806	0	0.000524974	
203.648	0	0.000309244	
205.552	0	0.000460835	
210.234	0	0.00112614	
201.377	0	0.000411535	
196.425	0	0.000659206	
196.433	0	0.00079279	
196.618	0	0.000649858	
195.337	0	0.000552413	
190.336	0	0.000806305	
194.459	0	0.00131177	
214.635	0	0.00154318	
202.51	0	0.000205076	
217.582	0	0.000513267	
207.634	0	0.00159432	
217.963	0	0.000887915	
225.281	0	0.00127011	
227.842	0	0.00044883	
223.407	0	0.000286935	
221.464	0	0.000247281	
228.288	0	0.000994286	
224.364	0	0.000592246	
229.434	0	0.00235205	
219.451	0	0.000411503	
214.837	0	0.00031947	
210.757	0	0.000667012	
218.095	0	0.000553764	
191.27	0	0.000811822	
201.818	0	0.000650121	
189.014	0	0.000914643	
194.718	0	0.000509868	
204.298	0	0.000318059	
180.969	0	0.00017744	
198.519	0	0.000928617	
195.513	0	0.000380174	
194.156	0	0.000280021	
180.459	0	0.0012952	
195.12	0	0.000309483	
194.584	0	0.000300704	
191.409	0	0.000927357	
197.411	0	0.000429348	
197.671	0	0.00102706	
182.253	0	0.00125605	
197.768	0	0.000423279	
197.684	0	0.000694565	
194.786	0	0.000582118	
191.927	0	0.000512572	
186.091	0	0.000638142	
190.59	0	0.000607131	
185.395	0	0.000730953	
187.697	0	0.00384868	
190.187	0	0.00341112	
188.769	0	0.000518789	
187.599	0	0.000659068	
186.137	0	0.000587499	
182.554	0	0.00137515	
184.253	0	0.000991627	
186.981	0	0.00101223	
188.571	0	0.00114106	
187.777	0	0.00199353	
184.604	0	0.000803405	
199.38	0	0.000556761	
186.223	0	0.00104759	
207.5	0	0.000855686	
193.634	0	0.00047099	
215.911	0	0.000189954	
184.486	0	0.000439557	
187.851	0	0.00100809	
192.278	0	0.00108458	
194.092	0	0.00147354	
182.51	0	0.000726091	
189.197	0	0.000535919	
183.228	0	0.000500135	
450.272	0	0.000236196	
185.662	0	0.000681726	
207.157	0	0.00118454	
196.372	0	0.00116695	
190.764	0	0.000484294	
196.73	0	0.000448533	
196.107	0	0.000623828	
193.736	0	0.000558097	
195.577	0	0.00133753	
194.618	0	0.000865503	
193.373	0	0.000670913	
185.779	0	0.00535257	
193.341	0	0.000646643	
201.944	0	0.00079527	
205.458	0	0.000542944	
204.345	0	0.00038691	
201.265	0	0.000619783	
202.463	0	0.000671319	
208.373	0	0.000764356	
207.761	0	0.00122458	
218.19	0	0.000518864	
205.329	0	0.000446628	
207.29	0	0.000408677	
207.298	0	0.00116159	
197.019	0	0.00103343	
195.094	0	0.000708056	
197.73	0	0.000473851	
208.39	0	0.000825064	
188.711	0	0.00125512	
197.337	0	0.00106783	
199.554	0	0.00279755	
192.663	0	0.00115916	
198.737	0	0.000537887	
193.609	0	0.000889	
201.474	0	0.000644139	
194.798	0	0.000669112	
201.286	0	0.000497985	
198.964	0	0.00040461	
196.398	0	0.000947801	
192.037	0	0.00138124	
192.318	0	0.00070354	
182.859	0	0.000637563	
190.981	0	0.00168326	
193.62	0	0.000572992	
191.429	0	0.00074136	
176.13	0	0.00328766	
187.448	0	0.000661049	
174.829	0	0.00527889	
175.601	0	0.000980224	
193.681	0	0.000604284	
190.386	0	0.00048207	
193.653	0	0.000351741	
192.582	0	0.000560046	
184.158	0	0.00078763	
196.908	0	0.000722928	
192.69	0	0.00091247	
205.393	0	0.000478516	
209.662	0	0.000719178	
222.307	0	0.000580935	
207.463	0	0.00063371	
232.016	0	0.000632535	
228.13	0	0.000481805	
213.538	0	0.000269639	
195.351	0	0.000715348	
224.571	0	0.00044137	
218.107	0	0.000380525	
213.798	0	0.000703967	
215.858	0	0.000930088	
204.849	0	0.000723758	
205.917	0	0.000614613	
201.834	0	0.000591574	
218.965	0	0.000466858	
201.868	0	0.000968188	
201.883	0	0.000484728	
215.052	0	0.000320868	
209.18	0	0.000559609	
219.681	0	0.000401395	
212.732	0	0.000249726	
210.898	0	0.000374573	
205.144	0	0.000261902	
197.484	0	0.000958661	
198.857	0	0.00086151	
194.551	0	0.000383528	
199.41	0	0.000460324	
196.132	0	0.000505005	
196.718	0	0.000426085	
210.731	0	0.000535541	
197.025	0	0.000231906	
206.871	0	0.000650186	
207.194	0	0.00042239	
230.322	0	0.000532071	
219.984	0	0.00116373	
218.618	0	0.00034051	
212.889	0	0.000864912	
221.501	0	0.000813048	
215.074	0	0.000496583	
202.937	0	0.000258686	
205.49	0	0.000461987	
202.324	0	0.000719176	
199.649	0	0.000517454	
198.087	0	0.000504471	
197.573	0	0.000363189	
204.317	0	0.000672532	
203.532	0	0.000503605	
186.181	0	0.000906631	
187.586	0	0.000530433	
200.726	0	0.000359304	
191.79	0	0.000387392	
177.478	0	0.00107761	
194.056	0	0.000503617	
192.672	0	0.000475582	
187.243	0	0.000397983	
195.257	0	0.00103041	
182.978	0	0.00118462	
196.689	0	0.00036274	
294.022	0	0.00030663	
186.167	0	0.00103482	
184.683	0	0.00148198	
184.679	0	0.00113135	
184.045	0	0.000432266	
182.588	0	0.000704759	
178.017	0	0.0014942	
186.701	0	0.00100009	
183.424	0	0.00107464	
186.333	0	0.000593956	
189.534	0	0.000997668	
195.341	0	0.00058651	
190.481	0	0.000438104	
188.916	0	0.000492826	
218.729	0	0.00030258	
241.324	0	0.00119891	
184.476	0	0.000939848	
202.926	0	0.000468303	
198.527	0	0.000388394	
196.638	0	0.00104124	
190.692	0	0.00136373	
189.467	0	0.00151799	
227.603	0	0.000328448	
192.658	0	0.00109138	
196.754	0	0.000763619	
203.142	0	0.000901244	
204.199	0	0.000430911	
197.122	0	0.000661091	
191.049	0	0.000737463	
207.523	0	0.00101082	
188.771	0	0.00141875	
202.866	0	0.00179204	
214.718	0	0.000864678	
195.72	0	0.00100251	
192.519	0	0.000912782	
187.838	0	0.00150683	
293.22	0	0.000573961	
209.361	0	0.000406808	
196.291	0	0.000903084	
193.172	0	0.00061806	
203.255	0	0.00038757	
195.997	0	0.000438496	
194.318	0	0.000370744	
194.382	0	0.00422959	
194.779	0	0.000673926	
185.058	0	0.000634562	
186.901	0	0.000629858	
179.893	0	0.000944956	
190.239	0	0.000532415	
182.812	0	0.000932786	
193.51	0	0.000394497	
207.447	0	0.000766076	
202.189	0	0.000504319	
203.747	0	0.000763777	
217.887	0	0.000576292	
204.954	0	0.00147906	
215.739	0	0.000426303	
222.193	0	0.000603509	
213.006	0	0.00046439	
228.234	0	0.00081646	
213.566	0	0.000330311	
206.341	0	0.00038148	
206.684	0	0.000173075	
203.853	0	0.00131233	
187.488	0	0.000317264	
213.501	0	0.000306823	
212.053	0	0.00053528	
203.89	0	0.00035092	
205.635	0	0.000253179	
199.67	0	0.000307299	
190.513	0	0.000265058	
198.232	0	0.000408596	
200.626	0	0.000300195	
191.876	0	0.000959027	
193.2	0	0.000569792	
196.691	0	0.000424531	
201.115	0	0.000380646	
204.45	0	0.000156625	
203.707	0	0.000124947	
215.401	0	0.000926828	
206.865	0	0.000218571	
206.702	0	0.000222224	
204.154	0	0.000604789	
194.443	0	0.00040289	
200.21	0	0.000173635	
195.832	0	0.00035321	
197.095	0	0.000254192	
192.77	0	0.000497545	
194.631	0	0.000340267	
190.162	0	0.00035631	
195.006	0	0.000654384	
189.424	0	0.000516736	
187.852	0	0.000401967	
184.021	0	0.000793671	
190.009	0	0.000732734	
185.711	0	0.000910269	
184.487	0	0.00100607	
214.739	0	0.000336416	
202.715	0	0.000226762	
193.994	0	0.000637369	
195.495	0	0.000413313	
191.514	0	0.000590238	
190.99	0	0.000448774	
199.357	0	0.000436102	
200.456	0	0.000530557	
205.735	0	0.000552776	
203.84	0	0.000384505	
197.631	0	0.000439374	
201.568	0	0.000596848	
190.593	0	0.000692195	
203.243	0	0.000450282	
191.366	0	0.00133486	
188.046	0	0.00122398	
199.307	0	0.000333503	
192.234	0	0.000423364	
195.351	0	0.000518066	
195.013	0	0.000343438	
212.7	0	0.000247608	
195.058	0	0.000411793	
215.721	0	0.000360941	
214.244	0	0.0002745	
210.581	0	0.000190819	
211.975	0	0.000328452	
200.335	0	0.000403221	
202.893	0	0.000315625	
197.452	0	0.00024539	
198.336	0	0.000598517	
208.767	0	0.000287086	
318.602	0	0.000128231	
224.97	0	0.0003428	
211.201	0	0.00059328	
202.252	0	0.000554388	
208.531	0	0.000257459	
198.122	0	0.000598338	
199.6	0	0.00039616	
242.1	0	0.000530693	
179.781	0	0.000750048	
183.161	0	0.000974861	
183.076	0	0.000771516	
192.326	0	0.000818744	
197.085	0	0.00059352	
200.098	0	0.000879916	
195.884	0	0.000292388	
180.949	0	0.00127254	
186.657	0	0.00196006	
211.029	0	0.00022638	
194.62	0	0.000282864	
208.986	0	0.000440033	
217.391	0	0.0003359	
193.575	0	0.000550093	
201.019	0	0.000403326	
212.885	0	0.000489821	
206.357	0	0.000347983	
215.961	0	0.00030292	
215.596	0	0.000286994	
197.423	0	0.000943329	
202.292	0	0.000342985	
203.439	0	0.000354702	
192.691	0	0.00049488	
190.772	0	0.000251611	
399.832	0	0.000108467	
215.817	0	0.000256602	
214.184	0	0.000357396	
233.031	0	0.000121992	
221.84	0	0.000197211	
195.81	0	0.00156808	
197.942	0	0.000483838	
199.934	0	0.000419536	
200.672	0	0.000577818	
197.801	0	0.000527157	
199.75	0	0.000586449	
201.816	0	0.000336781	
209.844	0	0.000570446	
197.629	0	0.00072869	
199.278	0	0.000442075	
212.724	0	0.00035094	
210.848	0	0.000173355	
216.728	0	0.00034844	
213.741	0	0.000264732	
212.256	0	0.00020859	
216.636	0	0.000288743	
203.085	0	0.000402811	
205.129	0	0.00023265	
195.215	0	0.000607664	
194.473	0	0.000434393	
187.202	0	0.00201548	
181.717	0	0.000447902	
185.189	0	0.00124753	
234.063	0	0.0010566	
184.675	0	0.000740245	
186.18	0	0.000594963	
199.571	0	0.000333224	
204.183	0	0.000369672	
198.634	0	0.00070404	
198.415	0	0.000424584	
198.803	0	0.000587456	
194.518	0	0.000446457	
195.112	0	0.000577727	
194.18	0	0.000490095	
197.072	0	0.000559843	
191.046	0	0.000718015	
200.409	0	0.000542274	
192.844	0	0.000536481	
192.127	0	0.000753684	
194.519	0	0.000693476	
190.59	0	0.000646609	
187.683	0	0.00038206	
203.722	0	0.000425271	
200.838	0	0.000399379	
214.113	0	0.000517796	
217.602	0	0.000386973	
210.246	0	0.000411064	
209.73	0	0.000212651	
210.818	0	0.00024367	
210.315	0	0.000214658	
197.688	0	0.000447448	
199.905	0	0.000426046	
208.493	0	0.000184074	
204.535	0	0.000102472	
195.239	0	0.000521923	
194.809	0	0.00023079	
185.547	0	0.000835942	
187.132	0	0.000715681	
202.054	0	0.000457636	
195.185	0	0.00049132	
194.886	0	0.000721347	
189.667	0	0.00042485	
193.652	0	0.000328932	
189.707	0	0.000316254	
181.555	0	0.00101471	
184.605	0	0.000417948	
199.165	0	0.000891146	
203.445	0	0.000276607	
193.678	0	0.000654545	
194.827	0	0.000244964	
212.781	0	0.000289246	
212.602	0	0.000267698	
200.191	0	0.000258964	
203.421	0	0.000710338	
206.136	0	0.000412569	
199.366	0	0.000311859	
214.615	0	0.000228937	
228.76	0	0.000555734	
215.822	0	0.00016817	
580.398	0	0.000197703	
220.071	0	0.000152169	
213.529	0	0.000205775	
284.969	0	0.000391791	
221.231	0	0.000150546	
385.756	0	0.000175943	
193.781	0	0.000276105	
198.939	0	0.000429138	
207.469	0	0.000398108	
199.595	0	0.000547774	
200.142	0	0.000380567	
201.622	0	0.000444218	
203.339	0	0.00080914	
199.576	0	0.000685413	
197.787	0	0.000624875	
202.12	0	0.000511123	
200.705	0	0.00038106	
210.811	0	0.000804843	
216.056	0	0.000922797	
215.375	0	0.000346046	
215.121	0	0.000206971	
216.012	0	0.000317128	
214.919	0	0.000220717	
215.448	0	0.00018603	
216.327	0	0.000269153	
215.836	0	0.000212639	
212.66	0	0.000314103	
206.375	0	0.000433563	
218.494	0	0.000517563	
197.473	0	0.000341556	
190.44	0	0.000468139	
192.358	0	0.000718484	
205.522	0	0.000509286	
187.736	0	0.000575853	
185.198	0	0.0006927	
187.012	0	0.000530073	
188.328	0	0.000917292	
213.011	0	0.000810862	
182.233	0	0.000566239	
184.445	0	0.000502544	
183.344	0	0.000741292	
203.013	0	0.000373467	
191.216	0	0.00054144	
220.284	0	0.000732322	
240.925	0	0.000493371	
196.116	0	0.000306373	
200.61	0	0.000351928	
196.023	0	0.000330232	
199.061	0	0.000243402	
186.237	0	0.00076694	
198.12	0	0.000544818	
187.763	0	0.000454451	
198.056	0	0.000319156	
197.084	0	0.000419424	
195.642	0	0.000554836	
199.891	0	0.000405056	
192.152	0	0.000523304	
203.975	0	0.000863665	
258.069	0	0.000732096	
190.008	0	0.000270431	
191.439	0	0.000333895	
192.12	0	0.000329995	
192.369	0	0.00033881	
209.09	0	0.000368809	
200.192	0	0.000555581	
202.633	0	0.000288433	
195.399	0	0.000251332	
215.535	0	0.000338622	
218.711	0	0.000293111	
211.864	0	0.000192158	
208.81	0	0.000269836	
209.645	0	0.000132498	
211.212	0	0.000400806	
200.849	0	0.000325132	
200.211	0	0.000643539	
196.021	0	0.00069813	
189.311	0	0.000365516	
186.815	0	0.000669541	
189.363	0	0.00104328	
199.058	0	0.000351435	
198.481	0	0.000536865	
192.069	0	0.000390478	
192.928	0	0.000355754	
194.478	0	0.000479129	
188.067	0	0.000281988	
199.836	0	0.000293914	
210.138	0	0.000187744	
182.554	0	0.00139165	
180.647	0	0.000556037	
189.202	0	0.00055359	
187.046	0	0.000386324	
193.481	0	0.000743975	
200.364	0	0.000611741	
196.722	0	0.000429215	
204.669	0	0.000425436	
197.119	0	0.000389789	
205.605	0	0.000310224	
256.923	0	0.000186672	
214.643	0	0.000401788	
230.528	0	0.000119096	
235.303	0	0.000574187	
236.063	0	0.00011447	
245.448	0	8.7456e-05	
239.165	0	8.88631e-05	
236.695	0	0.000287932	
193.718	0	0.000691754	
199.914	0	0.00106635	
201.674	0	0.000405707	
197.816	0	0.000342809	
202.688	0	0.00033239	
205.645	0	0.000429836	
214.849	0	0.000873452	
231.106	0	0.000680228	
198.499	0	0.000379846	
191.023	0	0.00035138	
207.971	0	0.000385989	
213.221	0	0.00018578	
215.322	0	0.000247101	
216.492	0	0.000355181	
218.911	0	0.000380517	
215.132	0	0.000206729	
186.645	0	0.000892807	
195.205	0	0.00106819	
221.746	0	0.000145464	
208.893	0	0.000898429	
300.646	0	7.74072e-05	
205.248	0	0.000313701	
236.856	0	0.00028216	
242.584	0	0.000155929	
196.921	0	0.000893753	
192.52	0	0.000734423	
203.187	0	0.000415129	
205.566	0	0.000157758	
187.645	0	0.00102361	
207.278	0	0.000225124	
211.192	0	0.000482423	
202.705	0	0.000403086	
211.133	0	0.000396858	
201.336	0	0.000375643	
216.959	0	0.00170809	
222.082	0	0.000498654	
200.431	0	0.00056284	
189.408	0	0.000366171	
215.442	0	0.000370842	
202.832	0	0.000288776	
207.586	0	0.00067233	
186.631	0	0.000243867	
209.894	0	0.000342311	
210.838	0	0.000161186	
210.822	0	0.00016204	
210.899	0	0.000174556	
214.032	0	0.000186543	
209.234	0	0.00020705	
197.659	0	0.000441798	
204.924	0	0.000423378	
198.774	0	0.000310253	
198.048	0	0.000314993	
191.357	0	0.000198922	
187.576	0	0.0003206	
196.7	0	0.000341606	
190.17	0	0.000322626	
191.096	0	0.000219917	
196.585	0	0.000244958	
243.525	0	0.00064122	
214.304	0	0.00030921	
211.556	0	0.000581711	
206.938	0	0.000203505	
204.556	0	0.000240794	
207.102	0	0.000317612	
252.293	0	0.000176747	
198.341	0	0.000259843	
218.132	0	0.00035789	
386.356	0	9.35851e-05	
600.909	0	0.000534818	
204.345	0	0.000524328	
303.666	0	0.000328417	
216.125	0	0.000339405	
206.195	0	0.00041598	
221.483	0	0.000316568	
179.424	0	0.00134207	
200.178	0	0.000421311	
197.246	0	0.0012115	
191.319	0	0.000390764	
214.173	0	0.00017247	
207.902	0	0.000134787	
187.703	0	0.00100555	
245.907	0	0.000153539	
235.736	0	0.000443298	
195.925	0	0.000797945	
260.03	0	0.000510287	
185.532	0	0.000765445	
190.04	0	0.00111669	
214.788	0	0.000247973	
187.278	0	0.00046583	
192.039	0	0.000774125	
243.292	0	0.00117787	
208.975	0	0.000594586	
211.54	0	0.00136508	
211.066	0	0.0010349	
255.597	0	0.000711988	
234.808	0	0.000552339	
250.64	0	0.00052233	
187.725	0	0.000993754	
213.091	0	0.000345507	
223.519	0	0.000418952	
213.475	0	0.000421284	
194.196	0	0.000414418	
197.9	0	0.000500234	
189.868	0	0.000477328	
215.307	0	0.000391579	
211.478	0	0.000197922	
209.3	0	0.000238048	
208.814	0	0.000139775	
198.092	0	0.000436548	
207.957	0	0.000121216	
203.249	0	0.000216723	
206.84	0	0.000499848	
210.337	0	0.000147469	
207.049	0	0.000187795	
200.186	0	0.000411282	
249.769	0	0.000794932	
196.188	0	0.000276529	
194.191	0	0.000511913	
189.881	0	0.000212487	
189.997	0	0.000286743	
207.614	0	0.000136827	
185.961	0	0.000329301	
194.062	0	0.000209889	
186.969	0	0.000289891	
238.065	0	0.000135093	
215.688	0	0.000136213	
276.727	0	0.000241416	
232.067	0	0.000176754	
308.223	0	0.000211053	
184.806	0	0.000656267	
264.335	0	0.000151092	
289.496	0	0.000230108	
259.863	0	0.000452923	
263.178	0	0.000445715	
220.233	0	0.000321782	
178.242	0	0.00111482	
235.866	0	0.000397604	
199.712	0	0.000919169	
253.299	0	0.000393025	
384.429	0	0.000600345	
286.373	0	0.000413272	
323.108	0	0.000561813	
212.038	0	0.000445036	
198.516	0	0.000518726	
217.245	0	0.000264967	
181.084	0	0.000583413	
213.933	0	0.000404891	
199.914	0	0.000248776	
212.471	0	0.000504372	
212.869	0	0.000228292	
226.429	0	0.000900068	
189.177	0	0.000978213	
180.263	0	0.000729384	
218.789	0	0.000861879	
191.646	0	0.000393507	
191.904	0	0.000307633	
214.835	0	0.000365399	
201.586	0	0.000293136	
238.037	0	0.000200343	
192.313	0	0.000345506	
282.138	0	0.000168971	
273.842	0	0.000609017	
187.095	0	0.000630296	
183.959	0	0.000935783	
193.87	0	0.000676455	
190.788	0	0.000991219	
210.32	0	0.000336245	
212.47	0	0.00077171	
210.768	0	0.000455912	
211.551	0	0.000353245	
201.346	0	0.000363102	
203.312	0	0.000105633	
303.682	0	0.00013923	
324.175	0	0.000379187	
229.227	0	0.00151859	
212.541	0	0.000967402	
213.921	0	0.000449395	
213.049	0	0.000411286	
318.832	0	0.000855352	
184.538	0	0.000790872	
195.398	0	0.000357607	
199.475	0	0.000557958	
198.08	0	0.00037725	
190.996	0	0.000434226	
223.357	0	0.000572302	
183.76	0	0.000809304	
482.094	0	0.000251441	
195.211	0	0.000862579	
210.525	0	0.000488227	
217.73	0	0.000815677	
251.089	0	0.000535559	
235.741	0	0.00138519	
207.311	0	0.0002919	
212.393	0	0.000317433	
199.556	0	0.000402664	
212.302	0	0.000733666	
256.214	0	0.00024679	
245.761	0	0.000367231	
205.173	0	0.000171988	
194.426	0	0.000167838	
425.661	0	0.000305785	
189.112	0	0.000532776	
265.152	0	0.000456287	
295.798	0	0.000289259	
194.763	0	0.00030982	
198.503	0	0.000149186	
199.777	0	0.001046	
231.707	0	0.000290709	
325.1	0	0.000209007	
213.027	0	0.000780412	
175.752	0	0.000183862	
142.925	0	0.000747732	
144.632	0	0.000318954	
145.433	0	0.000374441	
207.282	0	0.000176073	
164.099	0	0.000199585	
204.788	0	0.000430663	
206.125	0	0.000159885	
195.31	0	0.000941322	
207.686	0	0.00057605	
377.471	0	0.000522265	
248.272	0	0.000396609	
192.161	0	0.000501106	
235.436	0	0.00125743	
200.587	0	0.000517512	
211.117	0	0.000382686	
206.796	0	0.000342597	
221.263	0	0.000237045	
201.066	0	0.000231416	
208.177	0	0.000579061	
195.747	0	0.000539259	
199.551	0	0.000283761	
188.15	0	0.000542902	
202.857	0	0.00023237	
184.566	0	0.000301671	
193.017	0	0.000387841	
188.39	0	0.000540087	
229.002	0	0.000940344	
371.944	0	0.000157976	
262.571	0	0.000846998	
385.621	0	0.000153176	
321.559	0	0.000192784	
212.939	0	0.000539513	
262.083	0	0.0010221	
189.497	0	0.000295286	
177.308	0	0.0009555	
234.566	0	0.000874248	
287.445	0	0.000684993	
192.631	0	0.00078834	
208.737	0	0.0007454	
270.357	0	0.00101797	
205.954	0	0.000620914	
225.461	0	0.000826908	
284.127	0	0.0015595	
215.465	0	0.000268986	
222.738	0	0.00079729	
191.698	0	0.000246267	
199.824	0	0.00051625	
216.372	0	0.000407189	
192.618	0	0.00037785	
197.354	0	0.000318941	
203.485	0	0.000213589	
209.887	0	0.000482052	
203.4	0	0.000331664	
202.919	0	0.000238693	
201.206	0	0.000530944	
189.368	0	0.000268574	
185.343	0	0.000412773	
180.545	0	0.000738799	
188.301	0	0.000325346	
193.983	0	0.000660254	
209.764	0	0.000636631	
250.845	0	0.000564955	
440.372	0	0.000447924	
199.534	0	0.000330406	
198.764	0	0.000678644	
197.489	0	0.000408162	
196.42	0	0.000497891	
216.593	0	0.000445405	
207.598	0	0.000438514	
199.069	0	0.000346616	
195.535	0	0.000299043	
204.734	0	0.000377129	
233.749	0	0.00107376	
212.759	0	0.000270032	
209.864	0	0.000349476	
186.554	0	0.000962684	
186.483	0	0.000446352	
215.89	0	0.00124564	
189.566	0	0.000813325	
199.445	0	0.000777365	
186.56	0	0.000608222	
180.025	0	0.00050228	
189.924	0	0.000454075	
191.799	0	0.000657418	
191.177	0	0.000513046	
196.455	0	0.000634103	
191.187	0	0.000283536	
254.956	0	0.000618336	
218.387	0	0.000516402	
342.002	0	0.000486305	
182.196	0	0.000368555	
338.388	0	0.000318881	
191.245	0	0.000779275	
188.738	0	0.000391947	
206.88	0	0.000214597	
211.803	0	0.000137773	
210.399	0	0.000305426	
191.98	0	0.000267	
183.378	0	0.000256301	
365.908	0	0.000175535	
259.88	0	0.000552752	
206.75	0	0.000199012	
204.489	0	6.06416e-05	
380.508	0	0.00021952	
211.855	0	0.000546946	
184.492	0	0.00082219	
195.195	0	0.000905511	
197.208	0	0.00091295	
223.062	0	0.000866471	
211.668	0	0.000524971	
212.735	0	0.000335027	
221.146	0	0.000293126	
201.299	0	8.38546e-05	
208.904	0	0.000330078	
206.814	0	0.000386169	
205.873	0	0.000972151	
211.61	0	0.000930381	
203.37	0	0.000555886	
207.044	0	0.000426567	
194.344	0	0.000377253	
192.484	0	0.000335073	
181.52	0	0.00120968	
183.967	0	0.000869485	
396.076	0	0.000860513	
200.106	0	0.000951159	
206.08	0	0.000976597	
199.074	0	0.000890171	
310.03	0	0.00131797	
205.84	0	0.000870359	
224.334	0	0.00059891	
215.812	0	0.000676034	
215.602	0	0.000584054	
215.092	0	0.000189209	
221.727	0	0.000371197	
213.503	0	0.000322426	
198.966	0	0.000361515	
198.836	0	0.000436355	
200.583	0	0.000415122	
194.919	0	0.000721154	
368.538	0	0.000590883	
278.611	0	0.000452533	
186.451	0	0.000321744	
189.866	0	0.000322624	
219.377	0	0.000214186	
207.794	0	0.000495826	
209.088	0	0.000301288	
211.594	0	0.000246356	
201.589	0	0.000386212	
213.52	0	0.000333428	
267.601	0	0.000793139	
318.019	0	0.000929232	
215.136	0	0.000343647	
220.169	0	0.000216625	
320.395	0	0.000832018	
533.798	0	0.000229079	
272.427	0	0.000484344	
178.985	0	0.00175328	
201.924	0	0.000529977	
220.821	0	0.000737687	
189.978	0	0.000208442	
192.852	0	0.000302534	
349.693	0	0.000484974	
229.276	0	0.00056968	
216.256	0	0.000494835	
261.102	0	0.000482669	
395.702	0	0.000643038	
271.083	0	0.000524414	
225.447	0	0.000609519	
338.657	0	0.000974504	
160.536	0	0.000463884	
220.552	0	0.000566288	
214.48	0	0.000311044	
217.249	0	0.000235041	
210.093	0	0.000182314	
206.693	0	0.000324587	
209.487	0	0.000257443	
344.963	0	0.0001097	
300.947	0	0.00147616	
216.931	0	0.000375633	
183.436	0	0.000652751	
196.251	0	0.000404424	
225.312	0	0.000533327	
202.677	0	0.000241492	
331.516	0	0.000229358	
273.389	0	0.000477012	
358.631	0	0.00053227	
312.057	0	0.000442113	
159.493	0	0.000843245	
196.031	0	0.000208974	
211.548	0	0.000332303	
197.726	0	0.000218865	
305.073	0	0.00104716	
218.751	0	0.000134709	
193.403	0	0.0006631	
193.361	0	0.00041397	
224.294	0	0.000473426	
207.538	0	0.000721224	
274.566	0	0.00036859	
245.775	0	0.000686312	
213.377	0	0.000255812	
223.467	0	0.000371058	
208.547	0	0.000268358	
204.695	0	5.72888e-05	
208.281	0	0.000189523	
208.749	0	0.000142594	
335.697	0	0.00107774	
473.112	0	0.000699464	
182.005	0	0.00100733	
179.127	0	0.000680123	
251.566	0	0.00173083	
320.945	0	0.000688233	
189.911	0	0.000927156	
190.285	0	0.00101472	
226.771	0	0.000404488	
228.253	0	0.000435285	
208.092	0	0.000493009	
205.853	0	0.000246241	
226.74	0	0.000971321	
270.101	0	0.000404328	
214.655	0	0.000180151	
220.832	0	0.000441094	
404.515	0	0.000206757	
339.286	0	0.000174298	
193.189	0	0.00106502	
189.956	0	0.000733256	
210.4	0	0.000432196	
212.285	0	0.00076742	
278.526	0	0.000372266	
187.784	0	0.000659062	
214.978	0	0.000309654	
211.171	0	0.00011684	
220.303	0	0.000898905	
360.928	0	0.000960038	
415.83	0	0.000564621	
193.834	0	0.000507829	
202.98	0	0.000476802	
141.494	0	0.000665368	
224.218	0	0.000230165	
366.171	0	6.32527e-05	
321.456	0	0.00048395	
240.337	0	0.000354596	
199.383	0	0.000454351	
206.697	0	0.000314281	
210.292	0	0.000248916	
212.211	0	0.000246659	
212.138	0	0.000145317	
213.462	0	0.000148361	
215.883	0	9.37894e-05	
162.121	0	0.000301097	
196.713	0	0.000574204	
208.271	0	0.00072056	
314.307	0	0.00037293	
341.737	0	0.000500688	
162.564	0	0.000375197	
158.211	0	0.000237074	
351.469	0	0.000207914	
314.822	0	0.000254052	
404.527	0	0.000210559	
429.064	0	0.000246512	
163.331	0	0.000262147	
195.648	0	0.000290754	
420.971	0	0.000693754	
195.957	0	0.000228311	
206.934	0	0.00023836	
178.976	0	0.00174956	
404.09	0	0.000191568	
464.218	0	8.61401e-05	
746.615	0	0.000194834	
360.843	0	0.00046818	
193.871	0	0.000198065	
195.812	0	0.000358217	
568.165	0	0.000518052	
308.644	0	0.00103739	
181.02	0	0.00151813	
218.052	0	0.000188914	
199.608	0	0.000794781	
724.087	0	0.000143435	
198.549	0	0.000775219	
480.91	0	0.000396016	
544.758	0	0.000162741	
496.128	0	0.000427219	
474.439	0	0.000547848	
187.81	0	0.0011587	
202.431	0	0.000537853	
85.5251	0	0.00278847	
198.07	0	0.000481068	
217.139	0	0.000163965	
204.111	0	0.000201234	
199.404	0	0.000135857	
398.329	0	0.000443252	
208.477	0	0.000809526	
343.967	0	0.00072858	
181.289	0	0.000598162	
221.765	0	0.000746451	
195.541	0	0.000493014	
207.148	0	0.000629513	
216.277	0	0.000111241	
375.593	0	0.000883552	
356.899	0	0.00053063	
210.353	0	0.000316747	
181.683	0	0.000413191	
205.603	0	0.000171108	
353.944	0	0.000230205	
376.547	0	0.000138087	
286.865	0	0.000750825	
399.696	0	0.000126581	
364.756	0	0.000107265	
289.617	0	0.000233261	
267.537	0	0.000370799	
152.867	0	0.000247691	
164.455	0	0.000256935	
192.686	0	0.000271762	
210.288	0	0.000197128	
339.484	0	0.000457466	
208.454	0	0.00145084	
163.076	0	0.000535179	
209.083	0	0.000313074	
272.764	0	0	
412.575	0	0.000479826	
297.578	0	0.000268849	
384.951	0	0.000290929	
617.292	0	0.000133361	
736.909	0	0.000135534	
493.696	0	0.000707216	
549.521	0	0.000415076	
80.5746	0	0.0012806	
90.3472	0	0.00197767	
212.489	0	0.000172869	
200.443	0	0.000119448	
501.092	0	0.000164047	
128.754	0	0.000674743	
187.309	0	0.000659096	
225.104	0	0.000198445	
215.645	0	0.000287932	
207.385	0	0.000339972	
302.772	0	0.000222379	
392.226	0	0.000178704	
587.286	0	0.000289262	
317.152	0	0.000357722	
368.883	0	0.000216294	
622.28	0	0.00020295	
390.989	0	0.000552178	
212.06	0	0.000884611	
452.331	0	0.00034686	
548.234	0	0.000463629	
456.31	0	0.000387822	
273.809	0	0.000349688	
685.17	0	0.000268133	
448.963	0	0.000367146	
830.442	0	0.000211852	
457.22	0	0.000577911	
610.643	0	0.000259147	
918.037	0	0.000151945	
568.818	0	0.000133169	
191.374	0	0.00113262	
868.65	0	0.000176728	
734.452	0	0.000171462	
415.34	0	0.000356732	
502.247	0	0.000551948	
873.268	0	0.000183705	
843.242	0	0.000159108	
781.436	0	0.000306609	
380.673	0	0.000440841	
178.075	0	0.00174329	
206.253	0	0.000476088	
248.814	0	0.000796423	
438.567	0	0.000492453	
189.053	0	0.00114968	
243.938	0	0.00106774	
210.767	0	0.000666335	
224.711	0	0.000555087	
646.915	0	0.000548638	
387.348	0	0.00119948	
185.735	0	0.000659544	
208.455	0	0.000391711	
717.145	0	0.000268296	
397.224	0	0.000710002	
180.21	0	0.00147585	
190.607	0	0.000336829	
596.184	0	0.000361935	
287.992	0	0.000922283	
365.578	0	0.00068384	
202.115	0	0.00100831	
227.904	0	0.000313639	
210.954	0	0.000723076	
359.527	0	0.000520964	
389.649	0	0.000457872	
183.498	0	0.000530212	
140.539	0	0.00111257	
343.728	0	0.000159752	
315.182	0	0.000283146	
177.053	0	0.000206818	
181.86	0	0.000245463	
272.349	0	0.000632417	
387.856	0	0.000340107	
211.771	0	0.0003912	
75.9697	0	0.00184409	
208.07	0	0.000373331	
214.178	0	0.000142314	
793.945	0	0.000344407	
777.335	0	0.000231874	
804.578	0	0.000279644	
670.12	0	0.000376102	
374.783	0	0.000467531	
533.756	0	0.000340093	
941.109	0	0.000201889	
732.39	0	0.000298272	
590.868	0	0.000454199	
1038.7	0	0.000281307	
191.978	0	0.00106337	
168.478	0	0.000679507	
373.731	0	0.000228389	
429.89	0	0.000985023	
363.366	0	0.000237569	
382.418	0	0.000327539	
215.29	0	0.00068586	
203.611	0	0.000203984	
870.807	0	0.000313943	
701.882	0	0.000210994	
363.798	0	0.000373435	
807.522	0	0.000390495	
180.786	0	0.000787632	
187.181	0	0.00214818	
667.652	0	0.000300005	
91.8359	0	0.00156755	
426.723	0	0.00051032	
524.066	0	0.000433586	
1097.64	0	0.000109764	
47.7078	0	0.0108236	
836.891	0	0.000372866	
699.875	0	0.000400387	
177.498	0	0.000676023	
178.935	0	0.00181734	
675.964	0	0.000200359	
515.669	0	0.000491152	
762.358	0	0.000515114	
793.566	0	0.000458559	
400.242	0	0.000600948	
197.599	0	0.000332535	
179.761	0	0.000657857	
178.173	0	0.000660369	
364.463	0	0.000130397	
303.513	0	0.000135951	
207.571	0	0.000123979	
208.761	0	0.000290029	
382.27	0	0.000180114	
361.303	0	0.000521747	
167.999	0	0.000182689	
281.803	0	0.000157132	
491.183	0	0.000547821	
410.531	0	0.00042468	
204.64	0	0.000588451	
197.037	0	0.000624159	
543.016	0	0.00011606	
1046.48	0	0.000148088	
425.036	0	0.000476766	
202.73	0	0.0010443	
110.988	0	0.00131769	
201.652	0	0.000431161	
198.848	0	0.000260306	
208.17	0	0.000343673	
203.55	0	0.000545961	
226.405	0	0.000259745	
803.929	0	0.000225283	
887.783	0	0.000633682	
540.207	0	0.00056194	
236.994	0	0.0010597	
138.631	0	0.00134375	
57.8814	0	0.00197374	
727.961	0	0.000360581	
554.881	0	0.000234575	
823.032	0	0.000223032	
449.47	0	0.000375354	
180.839	0	0.000596218	
193.655	0	0.000581838	
185.312	0	0.000340874	
202.391	0	0.000141765	
199.23	0	0.000206801	
192.679	0	0.000246601	
504.631	0	0.000425259	
444.57	0	0.000349899	
196.727	0	0.000758852	
155.397	0	0.000926216	
920.332	0	0.000510676	
200.865	0	0.00223878	
173.962	0	0.000715933	
153.086	0	0.00081068	
747.794	0	0.000536818	
609.635	0	0.000529174	
183.642	0	0.000681323	
198.099	0	0.000573433	
356.519	0	0.000228891	
202.934	0	0.000159058	
610.698	0	0.000207404	
683.961	0	0.000132995	
806.581	0	0.000104138	
520.921	0	0.000157859	
541.831	0	0.00028738	
326.535	0	0.00120017	
110.104	0	0.001247	
194.689	0	0.000607691	
1062.24	0	0.000499668	
179.838	0	0.00153637	
397.153	0	0.00015816	
398.482	0	0.000122065	
208.807	0	0.000249221	
226.14	0	0.000124386	
350.274	0	9.36207e-05	
338.912	0	0.000112209	
162.534	0	0.00155076	
60.829	0	0.00281636	
527.057	0	0.00037399	
520.437	0	0.000220105	
175.004	0	0.000965976	
174.232	0	0.000592499	
175.651	0	0.000323645	
177.895	0	0.00021505	
835.58	0	0.000138109	
964.058	0	0.000351283	
915.789	0	0.000327924	
700.549	0	0.00022966	
602.647	0	0.000196234	
556.469	0	0.000237141	
582.06	0	0.000735728	
605.591	0	0.000240893	
864.2	0	0.000147705	
1023.54	0	0.000328785	
702.717	0	0.000149753	
158.83	0	0.000779018	
613.42	0	0.000668455	
142.049	0	0.000797588	
545.516	0	0.000550742	
472.399	0	0.000560141	
165.264	0	0.00107404	
224.06	0	0.000172712	
184.894	0	0.00030107	
192.08	0	0.000316122	
958.157	0	0.00021764	
1020.13	0	0.000287715	
494.906	0	0.000833296	
180.426	0	0.00145472	
409.047	0	0.00060204	
382.688	0	0.000200919	
385.34	0	0.000119641	
382.972	0	0.000303008	
274.949	0	0.000164028	
321.607	0	0.000170754	
220.891	0	0.000155915	
194.074	0	0.000231977	
988.928	0	0.000140441	
170.607	0	0.000651524	
230.951	0	0.000704597	
199.122	0	0.000675517	
882.786	0	0.000295755	
443.193	0	0.000587917	
184.786	0	0.000343562	
159.565	0	0.000912526	
457.054	0	0.000580852	
548.05	0	0.00043786	
175.818	0	0.00085875	
59.8943	0	0.000947383	
104.533	0	0.000842568	
179.754	0	0.00030881	
561.06	0	0.000596419	
234.798	0	0.000917347	
272.764	0	0	
1081.83	0	0.000457697	
250.73	0	0.000216382	
262.346	0	0.000143349	
762.507	0	0.000146183	
634.891	0	0.000164073	
906.368	0	0.000220799	
762.464	0	0.000207293	
184.842	0	0.000528986	
156.744	0	0.000728566	
232.221	0	0.000978857	
193.54	0	0.000718215	
307.057	0	0.000171093	
360.524	0	0.000129527	
192.867	0	0.000250187	
272.764	0	0	
1094.13	0	0.000129544	
90.1401	0	0.00131331	
688.238	0	0.000175212	
704.331	0	0.000210214	
504.114	0	0.000945429	
179.388	0	0.000310258	
177.731	0	0.000524016	
89.3331	0	0.000853927	
1019.43	0	0.000298915	
1072.71	0	0.000130127	
186.012	0	0.000619516	
205.792	0	0.000545461	
371.594	0	0.000102961	
484.958	0	0.000880082	
335.576	0	0.000146632	
357.661	0	0.000124911	
67.268	0	0.00160847	
79.7009	0	0.00147273	
546.739	0	0.00108736	
564.269	0	0.000513106	
396.763	0	0.00016147	
390.549	0	0.000155791	
68.8845	0	0.00186428	
171.382	0	0.000400609	
52.7248	0	0.00190715	
75.0688	0	0.00092284	
608.32	0	0.000187187	
209.062	0	0.0017736	
161.982	0	0.00129636	
358.768	0	0.000133811	
554.006	0	0.000586821	
171.028	0	0.000248787	
528.065	0	0.000635395	
571.483	0	0.00070427	
178.682	0	0.00160001	
294.657	0	0.000113208	
175.976	0	0.000311188	
160.716	0	0.000402845	
182.482	0	0.000352489	
156.46	0	0.000860895	
22.4564	0	0.00404509	
272.764	0	0	
170.807	0	0.000278557	
184.519	0	0.000260774	
451.16	0	0.000415459	
1036.13	0	0.00016989	
1099.99	0	0.000116999	
29.0737	0	0.00263394	
172.218	0	0.000692825	
202.443	0	0.00102027	
360.971	0	6.92951e-05	
412.066	0	0.000335799	
300.02	0	0.000139357	
227.51	0	0.000296796	
406.203	0	0.000141946	
417.928	0	0.00014139	
50.5827	0	0.00104552	
272.764	0	0	
359.302	0	5.88053e-05	
357.978	0	8.4541e-05	
374.407	0	8.06508e-05	
357.224	0	9.96324e-05	
231.859	0	0.000383665	
204.639	0	0.000219582	
361.158	0	8.24117e-05	
361.523	0	6.87908e-05	
272.764	0	0	
376.933	0	0.000275246	
275.499	0	0	
358.156	0	0.000273443	
114.296	0	0.00150611	
272.764	0	0	
357.456	0	8.62604e-05	
359.15	0	0.000204041	
255.648	0	0.000184709	
192.382	0	0.000287101	
468.436	0	0.00136434	
580.128	0	0.00108568	
606.602	0	0.000170914	
515.191	0	0.000519605	
611.986	0	0.000290922	
534.219	0	0.000530826	
546.587	0	0.0005147	
574.836	0	0.00041959	
59.0214	0	0.0024302	
31.6012	0	0.00510885	
54.838	0	0.00164541	
29.8977	0	0.00283649	
61.4518	0	0.00175334	
25.4905	0	0.0031348	
23.3045	0	0.00404456	
34.1347	0	0.00235197	
209.642	0	0.000194741	
255.573	0	0.000127995	
525.76	0	0.000676572	
701.551	0	0.000431851	
408.43	0	0.000989235	
269.266	0	0.00150404	
1093.68	0	0.000159269	
1098.62	0	0.000133745	
1057.16	0	0.000303495	
1055.49	0	0.000139618	
965.497	0	0.000236911	
1003.99	0	0.000145222	
364.02	0	7.80995e-05	
370.604	0	0.000214957	
866.993	0	0.000275481	
172.858	0	0.00115167	
556.763	0	0.00031907	
559.667	0	0.00048389	
575.351	0	0.000459595	
243.928	0	0.000862227	
28.5575	0	0.00450444	
89.9205	0	0.00250246	
222.14	0	0.000174887	
242.792	0	0.000237427	
225.512	0	0.000185516	
287.669	0	9.97645e-05	
405.37	0	0.000602128	
143.229	0	0.00104774	
1081.59	0	0.000123379	
1066.96	0	0.000164457	
1048.2	0	0.000103766	
862.492	0	0.000171416	
727.196	0	0.000466577	
952.018	0	0.00033384	
1020.39	0	0.000129505	
975.117	0	8.4563e-05	
214.525	0	0.000124995	
282.924	0	0.000150393	
251.427	0	0.000106721	
262.719	0	0.000119475	
379.575	0	0.00047811	
697.119	0	0.000447089	
897.223	0	0.000186683	
939.112	0	0.000177116	
285.592	0	0.000127416	
340.689	0	0.000127085	
532.081	0	0.000454292	
294.295	0	0.00013742	
349.454	0	8.24863e-05	
323.45	0	0.000200875	
63.4057	0	0.00125023	
140.312	0	0.00134204	
356.913	0	6.24362e-05	
272.764	0	0	
271.486	0	9.70091e-05	
272.764	0	0	
263.948	0	0.000214739	
272.764	0	0	
223.728	0	0.000534967	
340.278	0	6.79733e-05	
104.998	0	0.000643622	
292.302	0	0.000160214	
602.605	0	0.000615603	
91.0944	0	0.00177073	
272.764	0	0	
272.764	0	0	
272.764	0	0	
287.351	0	0	
157.914	0	0.0010541	
258.919	0	0.000345524	
45.4344	0	0.00221889	
66.8471	0	0.000713561	
334.597	0	7.70825e-05	
360.231	0	0.000228614	
338.547	0	7.4986e-05	
350.904	0	9.28996e-05	
272.764	0	0	
786.112	0	0.000242	
356.823	0	0.000179252	
356.108	0	0.000190507	
872.353	0	0.000164226	
489.711	0	0.000527158	
937.806	0	0.000374912	
704.991	0	0.000924425	
853.035	0	0.000224351	
280.963	0	0.000727417	
542.013	0	0.000298305	
532.679	0	0.00037984	
448.453	0	0.000160944	
287.293	0	0.000467737	
619.143	0	0.000533878	
129.092	0	0.000796971	
272.764	0	0	
274.587	0	0	
272.764	0	0	
272.764	0	0	
160.354	0	0.00156799	
88.2856	0	0.000939698	
237.241	0	0.000496862	
247.374	0	0.000283054	
292.688	0	0.000543916	
287.966	0	0.00018668	
322.419	0	0.000212417	
272.764	0	0	
491.735	0	0.000404459	
280.057	0	0	
214.824	0	0.000741553	
335.377	0	0.00057668	
362.889	0	0.000450808	
346.375	0	0.000687349	
272.764	0	0	
272.764	0	0	
742.252	0	0.000143398	
464.046	0	0.000400797	
272.764	0	0	
272.764	0	0	
272.764	0	0	
272.764	0	0	
427.822	0	0.000212536	
323.41	0	0.000257088	
272.764	0	0	
272.764	0	0	
272.764	0	0	
591.922	0	0.000382278	
272.764	0	0	
272.764	0	0	
305.154	0	0.000115745	
272.764	0	0	
354.414	0	0.000306046	
272.764	0	0	
346.576	0	0.000123037	
345.847	0	0.000101253	
275.499	0	0	
345.045	0	0.000210664	
272.764	0	0	
272.764	0	0	
272.764	0	0	
272.764	0	0	
272.764	0	0	
305.322	0	0.000122686	
272.764	0	0	
272.764	0	0	
255.622	0	0.000211986	
188.167	0	0.000587632	
448.663	0	0.000219989	
619.802	0	0.000250366	
349.177	0	0.000443641	
304.453	0	8.37898e-05	
309.543	0	9.64005e-05	
335.557	0	7.69706e-05	
573.236	0	0.000401467	
526.379	0	0.000360108	
273.675	0	0	
341.633	0	0.000313975	
272.764	0	0	
279.224	0	0	
272.764	0	0	
272.764	0	0	
272.764	0	0	
337.86	0	0.000107739	
272.764	0	0	
272.764	0	0	
489.6	0	0.000242413	
299.381	0	5.41013e-05	
272.764	0	0	
272.764	0	0	
244.024	0	0.00026889	
294.719	0	0.000147356	
279.269	0	0.000122643	
255.324	0	0.000181919	
342.915	0	0.00028185	
402.583	0	0.000309721	
272.764	0	0	
272.764	0	0	
524.806	0	0.000404025	
383.385	0	0.000400714	
272.764	0	0	
272.764	0	0	
298.901	0	6.40129e-05	
272.764	0	0	
277.799	0	0.000154491	
300.84	0	4.16713e-05	
280.821	0	0.000202324	
401.088	0	0.00011127	
291.676	0	9.16829e-05	
293.623	0	4.52665e-05	
305.183	0	5.08815e-05	
313.309	0	0.000211321	
291.985	0	4.25053e-05	
296.517	0	4.24835e-05	
274.43	0	0	
272.764	0	0	
284.587	0	0.000139559	
281.704	0	0	
304.424	0	0.000121112	
335.921	0	0.000100916	
272.764	0	0	
272.764	0	0	
522.56	0	0.000344286	
379.572	0	8.81705e-05	
375.228	0	0.000331042	
285.22	0	0	
272.764	0	0	
349.576	0	0.000218912	
272.764	0	0	
272.764	0	0	
277.996	0	0	
272.764	0	0	
272.764	0	0	
272.764	0	0	
272.764	0	0	
272.764	0	0	
395.072	0	0.000256932	
415.745	0	0.000120634	
272.764	0	0	
312.053	0	8.4976e-05	
303.953	0	0.000128579	
314.626	0	5.9063e-05	
272.764	0	0	
272.764	0	0	
272.764	0	0	
272.764	0	0	
272.764	0	0	
272.764	0	0	
320.241	0	0.000178897	
275.68	0	0	
272.764	0	0	
272.764	0	0	
283.629	0	0	
277.996	0	0	
299.625	0	7.53888e-05	
272.764	0	0	
290.655	0	0	
276.478	0	0	
272.764	0	0	
272.764	0	0	
272.764	0	0	
272.764	0	0	
272.764	0	0	
272.764	0	0	
272.764	0	0	
272.764	0	0	
272.764	0	0	
272.764	0	0	
272.764	0	0	
272.764	0	0	
272.764	0	0	
272.764	0	0	
272.764	0	0	
272.764	0	0	
272.764	0	0	
272.764	0	0	
393.024	0	0.000106624	
331.126	0	0	
272.764	0	0	
272.764	0	0	
272.764	0	0	
272.764	0	0	
272.764	0	0	
272.764	0	0	
272.764	0	0	
272.764	0	0	
276.478	0	0	
272.972	0	0	
272.764	0	0	
274.014	0	0	
272.764	0	0	
272.764	0	0	
272.764	0	0	
272.764	0	0	
272.764	0	0	
272.764	0	0	
274.43	0	0	
272.764	0	0	
272.764	0	0	
272.764	0	0	
272.764	0	0	
272.764	0	0	
272.764	0	0	
272.764	0	0	
326.046	0	0.000199348	
291.713	0	0.000221761	
272.764	0	0	
272.764	0	0	
272.764	0	0	
272.764	0	0	
272.764	0	0	
272.764	0	0	
320.999	0	0.000103474	
272.764	0	0	
272.929	0	0	
272.764	0	0	
272.764	0	0	
272.764	0	0	
272.764	0	0	
272.764	0	0	
272.764	0	0	
272.764	0	0	
272.764	0	0	
272.764	0	0	
272.764	0	0	
272.764	0	0	
272.764	0	0	
272.764	0	0	
272.764	0	0	
298.704	0	0	
272.764	0	0	
273.389	0	0	
272.764	0	0	
272.764	0	0	
272.764	0	0	
272.764	0	0	
272.764	0	0	
272.764	0	0	
272.764	0	0	
272.764	0	0	
272.764	0	0	
272.764	0	0	
272.764	0	0	
272.764	0	0	
272.764	0	0	
272.764	0	0	
280.098	0	0	
272.967	0	0	
273.549	0	0	
273.415	0	0	
272.764	0	0	
272.764	0	0	
272.764	0	0	
272.764	0	0	
272.764	0	0	
272.764	0	0	
273.288	0	0	
277.553	0	0	
272.764	0	0	
273.157	0	0	
272.829	0	0	
272.764	0	0	
273.886	0	0	
272.764	0	0	
272.764	0	0	
272.764	0	0	
272.764	0	0	
272.764	0	0	
272.764	0	0	
272.764	0	0	
273.568	0	0	
273.961	0	0	
272.805	0	0	
272.969	0	0	
298.704	0	0	
280.098	0	0	
272.764	0	0	
272.764	0	0	
272.764	0	0	
272.764	0	0	
272.915	0	0	
272.779	0	0	
275.982	0	0	
283.54	0	0	
272.779	0	0	
272.764	0	0	
272.764	0	0	
272.764	0	0	
272.764	0	0	
272.764	0	0	
272.764	0	0	
272.764	0	0	
272.839	0	0	
272.764	0	0	
272.764	0	0	
272.764	0	0	
272.764	0	0	
272.911	0	0	
272.764	0	0	
272.766	0	0	
272.764	0	0	
272.764	0	0	
272.771	0	0	
272.764	0	0	
272.764	0	0	
272.764	0	0	
272.764	0	0	
272.764	0	0	
272.771	0	0	
272.764	0	0	
272.764	0	0	
272.764	0	0	
272.764	0	0	
272.764	0	0	
272.764	0	0	
272.764	0	0	
272.764	0	0	
272.764	0	0	
273.157	0	0	
272.764	0	0	
272.764	0	0	
272.764	0	0	
272.764	0	0	
272.764	0	0	
272.764	0	0	
272.764	0	0	
272.764	0	0	
272.783	0	0	
272.764	0	0	
272.764	0	0	
272.839	0	0	
272.764	0	0	
272.764	0	0	
272.764	0	0	
272.764	0	0	
272.764	0	0	
272.764	0	0	
272.766	0	0	
272.764	0	0	
272.764	0	0	
272.764	0	0	
272.764	0	0	
272.764	0	0	
272.764	0	0	
272.788	0	0	
272.764	0	0	
272.764	0	0	
272.764	0	0	
272.764	0	0	
272.764	0	0	
272.764	0	0	
272.764	0	0	
272.764	0	0	
272.764	0	0	
272.764	0	0	
272.764	0	0	
272.764	0	0	
272.764	0	0	
272.764	0	0	
272.764	0	0	
272.764	0	0	
272.764	0	0	
272.764	0	0	
272.764	0	0	
272.764	0	0	
272.764	0	0	
272.764	0	0	
272.764	0	0	
272.764	0	0	
272.764	0	0	
272.764	0	0	
272.764	0	0	
272.764	0	0	
272.764	0	0	
272.764	0	0	
272.764	0	0	
272.764	0	0	
272.764	0	0	
272.764	0	0	
272.764	0	0	
272.764	0	0	
272.764	0	0	
272.764	0	0	
272.764	0	0	
272.764	0	0	
272.764	0	0	
272.764	0	0	
272.764	0	0	
272.764	0	0	
272.764	0	0	
272.764	0	0	
272.764	0	0	
272.764	0	0	
272.764	0	0	
272.764	0	0	
272.764	0	0	
272.764	0	0	
272.764	0	0	
272.764	0	0	
272.764	0	0	
272.764	0	0	
272.764	0	0	
272.764	0	0	
272.764	0	0	
272.764	0	0	
272.764	0	0	
272.764	0	0	
272.764	0	0	
272.764	0	0	
272.764	0	0	
272.764	0	0	
272.764	0	0	
202.79	0	0.000784094	
203.328	0	0.00153443	
202.106	0	0.00165466	
202.741	0	0.00127095	
201.608	0	0.000545141	
205.486	0	0.000995828	
199.987	0	0.000639607	
228.961	0	0.00315662	
203.705	0	0.00202781	
211.961	0	0.00125888	
219.061	0	0.000988627	
214.112	0	0.000487835	
185.843	0	0.00325106	
201.07	0	0.000600079	
192.166	0	0.000679284	
187.058	0	0.00407959	
181.27	0	0.00119405	
180.353	0	0.00106946	
177.554	0	0.00153109	
199.53	0	0.000383788	
202.455	0	0.000424059	
198.818	0	0.000436729	
199.169	0	0.000593532	
206.045	0	0.00138838	
205.869	0	0.000992267	
198.968	0	0.000535197	
206.53	0	0.000878826	
200.641	0	0.00110326	
206.622	0	0.000606166	
191.765	0	0.00111997	
194.216	0	0.000953449	
190.635	0	0.00120137	
207.965	0	0.00536518	
203.143	0	0.0010632	
202.841	0	0.00138624	
204.107	0	0.000603242	
205.162	0	0.000597088	
206.794	0	0.00511989	
202.636	0	0.000705271	
201.74	0	0.000609192	
203.946	0	0.000985948	
202.503	0	0.000715431	
199.434	0	0.000473252	
201.591	0	0.000673098	
199.588	0	0.00048461	
204.913	0	0.000541909	
207.718	0	0.000778469	
203.159	0	0.000701876	
201.691	0	0.000702284	
201.15	0	0.000607763	
199.634	0	0.000855132	
199.188	0	0.000491039	
200.605	0	0.000413135	
204.959	0	0.00102125	
206.117	0	0.00106584	
201.272	0	0.000710638	
198.951	0	0.000391765	
196.931	0	0.000531084	
202.144	0	0.000507288	
204.209	0	0.000661873	
202.517	0	0.000433331	
200.53	0	0.000365792	
200.207	0	0.000384281	
201.671	0	0.00057475	
198.736	0	0.000370922	
200.061	0	0.000293557	
198.746	0	0.000327905	
200.361	0	0.000567856	
198.945	0	0.000399338	
200.002	0	0.000698859	
200.835	0	0.000798498	
205.502	0	0.00157136	
199.653	0	0.000478268	
200.214	0	0.000581925	
206.583	0	0.00102722	
205.347	0	0.00336254	
202.428	0	0.00152835	
203.976	0	0.000879108	
199.457	0	0.000596548	
197.812	0	0.000605881	
197.676	0	0.00068709	
197.683	0	0.000462246	
207.262	0	0.000469052	
198.474	0	0.000466311	
198.932	0	0.000643785	
200.715	0	0.000315934	
198.195	0	0.000540807	
198.195	0	0.000467844	
198.023	0	0.000540783	
198.337	0	0.000365641	
200.664	0	0.000592722	
200.862	0	0.000517779	
198.819	0	0.000420753	
197.427	0	0.000521556	
221.122	0	0.000538312	
199.609	0	0.000348304	
199.603	0	0.00036679	
211.12	0	0.000367655	
200.433	0	0.000336693	
205.027	0	0.000348734	
201.963	0	0.000379705	
202.834	0	0.000901004	
216.32	0	0.000426271	
204.478	0	0.00033893	
199.536	0	0.000466165	
198.439	0	0.000498631	
203.147	0	0.0021836	
202.379	0	0.00120703	
202.422	0	0.00137506	
199.875	0	0.000672189	
197.349	0	0.000625904	
196.049	0	0.000459512	
196.617	0	0.000631791	
198.071	0	0.00069452	
201.66	0	0.000513798	
209.482	0	0.000892928	
214.896	0	0.00126812	
229.319	0	0.000413509	
223.653	0	0.000672708	
208.272	0	0.000661799	
200.784	0	0.000538265	
199.066	0	0.000509515	
201.131	0	0.000690016	
203.596	0	0.00103723	
198.207	0	0.000611974	
201.4	0	0.000813192	
199.955	0	0.00121146	
195.115	0	0.000711312	
196.412	0	0.000813764	
200.262	0	0.000606654	
205.965	0	0.000718578	
204.519	0	0.000445778	
201.267	0	0.000548717	
199.573	0	0.000424523	
200.963	0	0.000540844	
204.541	0	0.000710198	
205.116	0	0.00113654	
197.16	0	0.00119657	
195.524	0	0.000720125	
203.262	0	0.000586808	
197.068	0	0.00136711	
198.958	0	0.000448864	
199.465	0	0.000390409	
201.332	0	0.000877088	
203.195	0	0.00222287	
203.025	0	0.00124588	
207.626	0	0.00125266	
201.732	0	0.000543999	
207.255	0	0.000377205	
200.562	0	0.000361308	
199.064	0	0.000486869	
204.271	0	0.00118858	
209.412	0	0.00199831	
204.02	0	0.000833062	
205.277	0	0.00133372	
211.188	0	0.000616854	
205.696	0	0.000405322	
201.689	0	0.000465932	
202.095	0	0.000575592	
199.67	0	0.000521389	
202.426	0	0.00164556	
206.184	0	0.00158282	
202.673	0	0.00381208	
207.502	0	0.00337233	
221.814	0	0.000927835	
217.399	0	0.000704204	
210.878	0	0.000672788	
219.661	0	0.000772723	
205.359	0	0.000330238	
201.984	0	0.000397737	
199.888	0	0.000470804	
201.673	0	0.000609557	
210.71	0	0.000548442	
204.869	0	0.000416521	
200.264	0	0.000368908	
199.05	0	0.0011583	
201.429	0	0.000841565	
204.504	0	0.00162255	
212.365	0	0.000619885	
211.574	0	0.000562567	
209.1	0	0.000639791	
219.938	0	0.000698725	
200.283	0	0.000356453	
199.388	0	0.000428269	
203.513	0	0.0012742	
207.716	0	0.00178589	
203.937	0	0.000838924	
205.058	0	0.00130452	
201.816	0	0.000486688	
200.889	0	0.000628742	
199.332	0	0.00048954	
202.336	0	0.00172817	
203.887	0	0.00211063	
203.596	0	0.00358335	
203.296	0	0.000966167	
205.591	0	0.00157653	
206.945	0	0.0032754	
203.078	0	0.000331203	
200.954	0	0.000344552	
199.112	0	0.000454685	
199.429	0	0.000569957	
208.177	0	0.000333209	
198.49	0	0.000489431	
199.068	0	0.000399322	
198.364	0	0.000472914	
199.797	0	0.00114042	
203.487	0	0.00160265	
211.628	0	0.000672723	
212.752	0	0.000328811	
200.53	0	0.000372789	
198.485	0	0.000432242	
203.028	0	0.00092241	
209.453	0	0.00646579	
203.233	0	0.000938325	
204.659	0	0.00150385	
228.136	0	0.000790579	
219.485	0	0.000287094	
217.525	0	0.000289542	
205.004	0	0.000696599	
199.075	0	0.000464347	
196.286	0	0.000671996	
203.354	0	0.00206838	
202.641	0	0.00353641	
202.796	0	0.000947202	
245.14	0	0.000387977	
251.586	0	0.000364424	
200.511	0	0.000475483	
197.329	0	0.000645049	
196.618	0	0.000819813	
199.723	0	0.00204855	
205.751	0	0.000475528	
197.459	0	0.000552787	
240.106	0	0.000440468	
239.052	0	0.000526197	
213.732	0	0.000711124	
248.346	0	0.00079764	
227.491	0	0.000665735	
241.96	0	0.000525588	
221.516	0	0.00038222	
229.183	0	0.00032879	
226.539	0	0.000272298	
228.955	0	0.000358144	
236.855	0	0.000358712	
232.102	0	0.000381191	
255.521	0	0.000520822	
232.608	0	0.000277501	
196.599	0	0.000954984	
199.984	0	0.00143503	
219.131	0	0.000411348	
199.005	0	0.000930946	
235.375	0	0.000321753	
244.259	0	0.000456506	
197.263	0	0.000945342	
196.416	0	0.000862139	
240.551	0	0.000359384	
230.69	0	0.00110202	
269.101	0	0.000639009	
289.605	0	0.000483105	
275.882	0	0.000732434	
225.888	0	0.000715013	
199.127	0	0.00184671	
194.042	0	0.00111107	
199.092	0	0.000644898	
195.511	0	0.00095986	
203.144	0	0.000943732	
196.27	0	0.000805249	
222.724	0	0.000816984	
202.364	0	0.000995182	
206.242	0	0.00112408	
221.872	0	0.000826173	
234.578	0	0.0010865	
239.929	0	0.000903238	
263.892	0	0.00081094	
234.106	0	0.000910904	
244.321	0	0.000521312	
264.088	0	0.000328679	
245.542	0	0.000595266	
208.853	0	0.00112323	
275.477	0	0.000543063	
277.626	0	0.000675893	
253.863	0	0.000388826	
238.274	0	0.000500346	
291.567	0	0.000466096	
285.313	0	0.000463837	
267.414	0	0.00047823	
274.042	0	0.000816708	
312.343	0	0.000571172	
334.839	0	0.000536095	
316.486	0	0.000452737	
282.771	0	0.000561236	
220.18	0	0.000325085	
222.586	0	0.000261557	
229.111	0	0.000578635	
221.635	0	0.00056637	
211.046	0	0.000668094	
234.183	0	0.00110249	
214.875	0	0.000681232	
210.538	0	0.000689954	
206.152	0	0.000474576	
224.115	0	0.000803976	
245.262	0	0.00275718	
223.023	0	0.000791471	
215.69	0	0.00385001	
208.597	0	0.000729964	
205.954	0	0.000546471	
214.671	0	0.00040263	
208.949	0	0.000535373	
208.474	0	0.000521676	
204.071	0	0.00030618	
224.916	0	0.000423469	
224.987	0	0.000538876	
195.808	0	0.00200479	
237.488	0	0.00145746	
204.379	0	0.00072392	
227.84	0	0.0018766	
205.534	0	0.00115938	
226.01	0	0.0010257	
218.351	0	0.000569891	
217.956	0	0.00148748	
217.053	0	0.000384378	
216.408	0	0.000470801	
219.936	0	0.000359438	
214.301	0	0.000246221	
222.817	0	0.000760456	
219.407	0	0.000279137	
213.307	0	0.000235863	
211.697	0	0.000279616	
219.644	0	0.000212885	
218.359	0	0.000201128	
216.007	0	0.000212482	
217.392	0	0.000307056	
209.99	0	0.000240173	
210.953	0	0.000351067	
219.508	0	0.000220831	
221.824	0	0.000195361	
222.872	0	0.000147069	
216.59	0	0.000433102	
218.776	0	0.000226265	
207.365	0	0.000349946	
208.818	0	0.00048167	
214.47	0	0.000908646	
223.936	0	0.000267879	
221.416	0	0.000304438	
223.995	0	0.000149574	
224.437	0	0.000144222	
225.667	0	0.000136947	
243.639	0	0.000229117	
217.529	0	0.000376284	
211.036	0	0.00022288	
221.682	0	0.000503252	
232.277	0	0.000560258	
224.48	0	0.000355427	
224.153	0	0.00026892	
224.632	0	0.000185736	
229.361	0	0.000141017	
233.307	0	0.000231329	
225.007	0	0.000149855	
235.45	0	0.000257453	
231.726	0	0.000147492	
214.579	0	0.000220361	
211.462	0	0.000560452	
222.206	0	0.00104153	
220.735	0	0.00291839	
226.304	0	0.000528865	
234.798	0	0.0014654	
228.581	0	0.000456572	
226.37	0	0.000440154	
223.013	0	0.00017658	
223.836	0	0.000346458	
233.055	0	0.000100635	
234.193	0	0.000103811	
238.271	0	9.30734e-05	
249.645	0	0.000105672	
205.458	0	0.000628394	
207.718	0	0.000657353	
221.434	0	0.000182695	
223.265	0	0.000306622	
230.827	0	0.000142837	
238.486	0	0.000121278	
225.373	0	0.000175756	
217.787	0	0.000203051	
258.729	0	0.000109358	
241.273	0	8.05471e-05	
244.501	0	0.000222908	
269.452	0	9.72046e-05	
276.549	0	0.000130796	
262.741	0	8.84131e-05	
370.899	0	0.000153944	
257.18	0	7.48383e-05	
277.776	0	7.72086e-05	
265.193	0	0.000167848	
247.317	0	9.62642e-05	
244.2	0	9.89087e-05	
256.74	0	0.000128324	
257.5	0	0.000179542	
222.656	0	0.000227925	
218.962	0	0.000250979	
289.896	0	0.000137281	
268.785	0	0.00010897	
276.02	0	9.22558e-05	
252.47	0	0.000145867	
222.094	0	0.000392048	
227.684	0	0.000491784	
214.851	0	0.000263374	
214.562	0	0.000225556	
220.08	0	0.000818744	
209.627	0	0.00225747	
220.217	0	0.000395302	
226.154	0	0.000919473	
217.468	0	0.000517226	
219.857	0	0.000539693	
209.328	0	0.000270293	
230.945	0	0.000184074	
227.757	0	0.00152984	
207.207	0	0.000205982	
200.264	0	0.000286048	
200.858	0	0.00043623	
216.546	0	0.000294162	
221.158	0	0.000311902	
216.519	0	0.000508217	
212.44	0	0.000353722	
181.952	0	0.000381964	
191.737	0	0.000172384	
180.983	0	0.000477212	
199.727	0	0.000396922	
177.144	0	0.000527697	
181.022	0	0.000419648	
180.601	0	0.000373058	
164.675	0	0.00186787	
146.868	0	0.00172735	
223.093	0	0.00119439	
220.908	0	0.000880708	
224.31	0	0.000546285	
205.078	0	0.000616231	
212.609	0	0.00061476	
300.013	0	0.000159622	
294.585	0	7.66347e-05	
325.112	0	0.000113383	
288.791	0	0.000117489	
199.955	0	0.000481575	
255.327	0	0.000672018	
206.418	0	0.000590185	
203.313	0	0.000532426	
344.12	0	8.88756e-05	
318.874	0	7.99698e-05	
347.231	0	0.000211304	
262.653	0	0.000337988	
209.073	0	0.000390648	
216.95	0	0.000295633	
360.073	0	0.00010056	
329.066	0	0.000157276	
296.346	0	0.000109686	
340.863	0	0.000150854	
258.874	0	0.000285106	
274.068	0	0.000166059	
207.599	0	0.000454106	
201.825	0	0.000410751	
378.674	0	0.000166014	
436.089	0	0.000190633	
225.615	0	0.000862116	
349.909	0	0.000405933	
226.846	0	0.000606273	
223.348	0	0.000773534	
228.298	0	0.00110098	
215.882	0	0.000503865	
218.953	0	0.00115543	
214.259	0	0.000636662	
219.083	0	0.00118378	
222.853	0	0.0016017	
214.133	0	0.000727766	
211.16	0	0.001076	
203.285	0	0.00101199	
215.175	0	0.000559031	
209.545	0	0.00186644	
208.315	0	0.00115308	
221.7	0	0.0047977	
214.83	0	0.00176256	
207.983	0	0.00104732	
194.854	0	0.00121779	
232.926	0	0.00137294	
221.752	0	0.000571845	
219.53	0	0.000398242	
222.752	0	0.00116979	
221.534	0	0.000661623	
218.128	0	0.000312085	
218.723	0	0.000328307	
230.145	0	0.000834606	
230.455	0	0.0027412	
216.865	0	0.000289075	
215.238	0	0.000211038	
215.87	0	0.000302365	
218.984	0	0.000450215	
223.977	0	0.000519584	
233.441	0	0.00348488	
219.875	0	0.000365352	
216.677	0	0.0002512	
215.565	0	0.000197701	
215.179	0	0.000233204	
216.23	0	0.000298564	
215.858	0	0.000367673	
218.916	0	0.000705963	
223.433	0	0.00066023	
222.497	0	0.000735146	
221.335	0	0.000427163	
215.078	0	0.000224047	
215.554	0	0.000235439	
215.828	0	0.000201894	
216.32	0	0.000245678	
214.397	0	0.000173781	
213.533	0	0.000483994	
213.069	0	0.000261148	
224.274	0	0.000894898	
224.839	0	0.000682807	
230.911	0	0.000860685	
222.354	0	0.000470586	
218.402	0	0.000403404	
216.171	0	0.000299762	
215.463	0	0.000244786	
216.218	0	0.000370177	
215.446	0	0.000208538	
216.082	0	0.000289863	
216.428	0	0.000346528	
215.137	0	0.000170886	
214.038	0	0.000193653	
231.29	0	0.00112373	
229.95	0	0.000633634	
224.197	0	0.000641446	
228.324	0	0.00127992	
214.421	0	0.00030179	
213.624	0	0.000411205	
212.609	0	0.000218797	
214.353	0	0.000224433	
216.998	0	0.000358593	
218.152	0	0.000377349	
215.207	0	0.000286352	
216.083	0	0.000364629	
212.717	0	0.000156193	
213.488	0	0.000171199	
229.525	0	0.000830033	
224.083	0	0.000898953	
227.084	0	0.000960753	
228.186	0	0.00149006	
217.101	0	0.000351348	
214.494	0	0.000282417	
217.367	0	0.000246042	
214.805	0	0.00022842	
218.669	0	0.000317863	
216.286	0	0.000306847	
228.901	0	0.00114018	
234.011	0	0.0036378	
227.259	0	0.00303758	
227.928	0	0.00137063	
216.88	0	0.000627059	
215.592	0	0.000499808	
211.085	0	0.000249062	
214.448	0	0.000255886	
217.883	0	0.000519997	
213.34	0	0.000419601	
211.411	0	0.000323312	
209.893	0	0.000265863	
219.108	0	0.000638013	
217.353	0	0.000876862	
209.399	0	0.000475042	
212.751	0	0.000329068	
213.471	0	0.00032317	
211.454	0	0.000198896	
225.841	0	0.000879005	
219.337	0	0.000235559	
212.392	0	0.000564157	
209.794	0	0.000456656	
210.981	0	0.000355357	
210.503	0	0.000208517	
213.344	0	0.00031924	
215.903	0	0.000199895	
222.391	0	0.000762673	
231.953	0	0.00358274	
221.387	0	0.00174992	
218.275	0	0.00135586	
215.921	0	0.000285187	
218.993	0	0.000289458	
219.52	0	0.000403654	
218.501	0	0.000363391	
216.588	0	0.000430241	
212.801	0	0.00022368	
212.47	0	0.000231807	
210.651	0	0.000231548	
211.941	0	0.000353024	
214.452	0	0.000551549	
215.367	0	0.000544052	
209.826	0	0.000617877	
213.665	0	0.000451254	
213.871	0	0.000194344	
211.588	0	0.000163725	
212.156	0	0.000314624	
212.015	0	0.000151392	
212.502	0	0.000201012	
213.71	0	0.000241351	
207.311	0	0.000200285	
209.99	0	0.000166597	
209.945	0	0.000171271	
209.04	0	0.000205632	
209.865	0	0.000379824	
214.87	0	0.000475806	
209.292	0	0.000165514	
211.09	0	0.000225696	
204.03	0	0.000195881	
205.918	0	0.000217007	
207.137	0	0.000166772	
207.256	0	0.0002106	
200.161	0	0.000306511	
191.181	0	0.000399086	
206.211	0	0.000175799	
209.712	0	0.000188226	
208.89	0	0.000208323	
209.561	0	0.000214043	
204.473	0	0.000223372	
206.629	0	0.000157738	
210.401	0	0.000224268	
214.198	0	0.000271584	
209.579	0	0.000175045	
207.998	0	0.000178154	
203.298	0	0.000185222	
209.22	0	0.000115798	
202.616	0	0.000292942	
195.516	0	0.000311015	
207.841	0	0.000132294	
201.12	0	0.000187631	
207.458	0	0.000160947	
210.701	0	0.000129834	
202.372	0	0.000167618	
210.929	0	0.000136331	
199.126	0	0.000245154	
204.18	0	0.000165927	
209.291	0	0.000409704	
208.395	0	0.000386623	
220.603	0	0.000261175	
219.409	0	0.000255272	
213.123	0	0.000427757	
186.129	0	0.000477166	
200.252	0	0.000311803	
181.312	0	0.000165855	
204.441	0	0.000166943	
211.22	0	0.000297809	
206.203	0	0.000437169	
210.012	0	0.000403629	
177.866	0	0.000185803	
188.964	0	0.000168496	
211.561	0	0.000193552	
211.108	0	0.000248733	
211.303	0	0.000363334	
211.599	0	0.000369817	
208.012	0	0.000280609	
207.569	0	0.000412642	
211.972	0	0.000508048	
214.531	0	0.000249463	
155.792	0	0.000290816	
197.452	0	0.000148192	
193.233	0	0.000148443	
192.656	0	0.000173359	
218.244	0	0.000250588	
216.336	0	0.000270188	
209.377	0	0.000330745	
205.127	0	0.000330741	
132.34	0	0.000448156	
126.524	0	0.000408901	
183.01	0	0.000181088	
175.696	0	0.000206538	
157.681	0	0.000690383	
211.555	0	0.000453391	
215.117	0	0.000286886	
221.166	0	0.000207085	
186.813	0	0.00019117	
190.985	0	0.000228427	
211.745	0	0.000413324	
216.117	0	0.00033072	
221.204	0	0.000161935	
219.104	0	0.000208508	
172.534	0	0.000196425	
177.02	0	0.000179926	
208.619	0	0.000326463	
209.222	0	0.000256789	
226.908	0	0.00455876	
202.976	0	0.00116526	
209.663	0	0.00167425	
205.033	0	0.00100858	
201.197	0	0.00116507	
196.495	0	0.000510726	
201.187	0	0.00510585	
219.665	0	0.000878196	
221.905	0	0.00237784	
215.468	0	0.000464402	
214.43	0	0.000870868	
200.122	0	0.00481223	
214.192	0	0.000552837	
213.302	0	0.000503278	
215.231	0	0.000899201	
212.58	0	0.000526017	
207.654	0	0.000283907	
212.246	0	0.000455847	
209.591	0	0.000348998	
211.744	0	0.00261559	
217.366	0	0.000768277	
210.143	0	0.000636894	
209.46	0	0.000516538	
209.753	0	0.00045167	
207.356	0	0.00026336	
205.769	0	0.000224673	
207.681	0	0.000361942	
216.699	0	0.000491691	
223.101	0	0.00105002	
208.994	0	0.000535333	
209.094	0	0.000564252	
205.803	0	0.00024437	
207.463	0	0.000367723	
213.737	0	0.000607463	
211.064	0	0.00066055	
220.766	0	0.000766073	
216.65	0	0.000716749	
214.692	0	0.000470956	
216.564	0	0.00273302	
209.352	0	0.000851056	
207.612	0	0.000443694	
205.542	0	0.0004097	
206.348	0	0.000316779	
206.071	0	0.000340778	
205.271	0	0.000177689	
207.695	0	0.000313841	
208.908	0	0.000311138	
211.714	0	0.000457397	
206.546	0	0.000363651	
205.787	0	0.000328448	
205.837	0	0.000151039	
207.817	0	0.000234885	
206.777	0	0.000216799	
205.6	0	0.000252152	
204.828	0	0.000244316	
206.283	0	0.000270099	
205.078	0	0.000471228	
204.91	0	0.000346153	
207.921	0	0.00136567	
214.19	0	0.000835118	
212.326	0	0.00103459	
206.568	0	0.000466686	
205.234	0	0.000419699	
203.783	0	0.000323876	
205.2	0	0.00032544	
206.202	0	0.000354057	
207.62	0	0.000458851	
213.047	0	0.000550442	
212.702	0	0.000914664	
201.977	0	0.000636796	
203.106	0	0.000438504	
209.486	0	0.000671591	
205.764	0	0.00122546	
202.81	0	0.000446737	
201.647	0	0.000481761	
204.082	0	0.00041368	
204.011	0	0.000383577	
202.844	0	0.000464978	
201.778	0	0.000433538	
203.718	0	0.000320812	
203.638	0	0.000711717	
205.454	0	0.000323642	
208.539	0	0.000354975	
213.592	0	0.000252635	
211.436	0	0.000367949	
203.036	0	0.00074039	
200.397	0	0.000699844	
198.62	0	0.000542265	
201.112	0	0.000583364	
200.36	0	0.000706419	
201.007	0	0.000452863	
207.668	0	0.000466681	
203.734	0	0.000552444	
203.572	0	0.000592616	
207.257	0	0.000259788	
209.334	0	0.000614579	
210.855	0	0.000222677	
206.534	0	0.000375118	
213.311	0	0.000233613	
210.408	0	0.000305854	
211.65	0	0.00026913	
216.856	0	0.000400471	
216.503	0	0.000212978	
202.348	0	0.000739334	
198.166	0	0.000921117	
195.778	0	0.00314999	
198.293	0	0.000506643	
205.995	0	0.00113999	
209.55	0	0.00120861	
206.598	0	0.000880699	
198.865	0	0.000503165	
198.823	0	0.000546918	
196.027	0	0.000471576	
197.45	0	0.00127099	
205.954	0	0.00091575	
212.555	0	0.00284457	
205.268	0	0.000794697	
202.145	0	0.000500585	
190.445	0	0.000480539	
186.531	0	0.000898942	
188.778	0	0.000511238	
217.228	0	0.00333336	
199.817	0	0.000813582	
203.792	0	0.00312499	
201.854	0	0.00101407	
192.58	0	0.000516728	
190.736	0	0.000348793	
193.023	0	0.0003809	
193.345	0	0.000506792	
186.907	0	0.000703342	
190.05	0	0.000499522	
201.208	0	0.000549607	
200.321	0	0.000584543	
190.808	0	0.000345014	
190.289	0	0.000241433	
187.587	0	0.000635131	
190.594	0	0.000438285	
194.63	0	0.000755717	
186.972	0	0.000521207	
200.615	0	0.000649937	
188.185	0	0.00087214	
186.471	0	0.000465671	
193.699	0	0.000683378	
197.035	0	0.000596393	
192.558	0	0.000393097	
190.084	0	0.000309192	
195.059	0	0.00023613	
190.143	0	0.000382381	
191.988	0	0.000530115	
199.971	0	0.000241937	
202.392	0	0.000237576	
194.569	0	0.000472665	
194.684	0	0.000818382	
197.466	0	0.000597661	
204.766	0	0.00176791	
206.077	0	0.00135347	
199.382	0	0.000969876	
186.454	0	0.00069098	
185.817	0	0.00051258	
189.266	0	0.000548444	
191.592	0	0.00070717	
190.519	0	0.000568134	
199.569	0	0.000861298	
195.733	0	0.000555848	
191.949	0	0.000967453	
192.242	0	0.00143582	
194.01	0	0.00056789	
199.582	0	0.00081626	
185.161	0	0.000618427	
185.444	0	0.000675592	
198.173	0	0.000924031	
208.484	0	0.00381556	
190.893	0	0.00072242	
188.51	0	0.000548023	
200.23	0	0.000722941	
205.267	0	0.00150477	
184.545	0	0.000927118	
183.489	0	0.000507991	
191.342	0	0.000875677	
192.255	0	0.000616866	
191.147	0	0.000410881	
192.697	0	0.000564551	
195.857	0	0.000425702	
195.637	0	0.0003476	
197.63	0	0.000877842	
196.348	0	0.000560394	
194.73	0	0.000281999	
201.25	0	0.000263292	
201.648	0	0.00095524	
199.622	0	0.000462047	
197.564	0	0.000362187	
201.671	0	0.000291519	
207.129	0	0.000257764	
197.473	0	0.000308713	
192.646	0	0.000365699	
194.285	0	0.000451119	
202.711	0	0.000203714	
215.699	0	0.000163145	
209.499	0	0.000182543	
236.84	0	0.000161066	
206.628	0	0.000296034	
211.564	0	0.000225381	
202.028	0	0.00041695	
201.49	0	0.000317467	
195.218	0	0.00026666	
213.533	0	0.000159422	
235.667	0	0.000152174	
216.662	0	0.000221467	
244.477	0	0.000155529	
206.456	0	0.000341529	
197.533	0	0.000886539	
200.387	0	0.00055272	
198.826	0	0.000428149	
205.412	0	0.000244385	
219.981	0	0.000151546	
226.876	0	0.000155279	
209.513	0	0.000305821	
223.967	0	0.000197232	
256.123	0	0.000189859	
221.834	0	0.000174469	
300.725	0	0.0004286	
209.362	0	0.000606573	
207.807	0	0.000946638	
200.908	0	0.000386613	
226.916	0	0.000455036	
258.302	0	0.000176451	
233.218	0	0.000211889	
219.539	0	0.000332388	
280.557	0	0.000252229	
310.408	0	0.000253515	
244.501	0	0.000221247	
263.508	0	0.000267919	
198.676	0	0.000348276	
204.186	0	0.000429877	
183.099	0	0.000643147	
194.466	0	0.000520298	
183.79	0	0.000538503	
190.981	0	0.00048305	
275.25	0	0.000201819	
223.78	0	0.000207949	
248.781	0	0.000530463	
251.005	0	0.000254458	
183.686	0	0.000593425	
181.88	0	0.000701531	
185.855	0	0.000813583	
185.881	0	0.000785675	
199.158	0	0.000502077	
183.731	0	0.000614492	
224.675	0	0.000241604	
245.333	0	0.000168878	
286.598	0	0.000289158	
305.285	0	0.00028537	
248.162	0	0.000182413	
265.311	0	0.000167499	
183.669	0	0.00068341	
189.247	0	0.000540582	
182.058	0	0.000542743	
183.678	0	0.000703197	
205.537	0	0.000522803	
215.638	0	0.000547817	
200.998	0	0.00042683	
229.583	0	0.00075883	
190.691	0	0.000838669	
182.888	0	0.00135986	
185.997	0	0.00072956	
191.796	0	0.000865349	
190.022	0	0.000828595	
233.352	0	0.000409563	
190.167	0	0.00138086	
177.495	0	0.00145164	
181.112	0	0.000897283	
193.712	0	0.00139096	
180.223	0	0.00142425	
189.032	0	0.00104543	
211.253	0	0.000941958	
215.538	0	0.000711504	
200.493	0	0.000634177	
204.289	0	0.000823967	
206.926	0	0.000600323	
229.509	0	0.000565634	
261.935	0	0.000449338	
232.147	0	0.000432287	
178.661	0	0.000862389	
183.648	0	0.000989242	
287.894	0	0.000454755	
209.511	0	0.000415666	
192.721	0	0.000648725	
184.552	0	0.000820611	
250.176	0	0.000476109	
213.794	0	0.000630379	
215.119	0	0.000986829	
196.057	0	0.00061323	
187.956	0	0.00145863	
181.367	0	0.00119613	
269.478	0	0.000364517	
205.967	0	0.000519477	
191.929	0	0.000666253	
182.982	0	0.00031412	
232.469	0	0.000412282	
242.302	0	0.000463386	
206.398	0	0.000477902	
185.237	0	0.000378339	
225.936	0	0.000670638	
294.011	0	0.000489392	
293.412	0	0.000292745	
236.58	0	0.000392026	
182.637	0	0.000442206	
183.561	0	0.000571654	
182.397	0	0.00111712	
190.147	0	0.00159627	
179.6	0	0.00128899	
183.281	0	0.000509667	
208.152	0	0.00147391	
207.666	0	0.00050765	
201.599	0	0.00147665	
178.871	0	0.00426447	
196.773	0	0.000955428	
196.069	0	0.000746385	
193.058	0	0.00199544	
194.505	0	0.00116195	
201.2	0	0.00104863	
202.784	0	0.00115693	
189.906	0	0.000515037	
192.567	0	0.000611342	
189.824	0	0.000568713	
187.464	0	0.000520618	
192.229	0	0.00153157	
195.027	0	0.0011112	
193.955	0	0.00105916	
202.89	0	0.00100069	
199.81	0	0.00153507	
190.215	0	0.00127001	
186.301	0	0.00107629	
209.549	0	0.00111498	
192.742	0	0.00113848	
209.788	0	0.000689289	
202.306	0	0.00151429	
212.348	0	0.00110336	
203.008	0	0.000647296	
207.133	0	0.000863982	
192.023	0	0.00368543	
203.663	0	0.00121861	
202.884	0	0.000665223	
205.435	0	0.000515385	
201.192	0	0.000664468	
203.138	0	0.000608245	
201.83	0	0.000323744	
206.057	0	0.000292868	
227.636	0	0.00205183	
225.59	0	0.000755947	
206.412	0	0.000803993	
222.369	0	0.00101385	
174.317	0	0.0054434	
188.145	0	0.00100223	
189.743	0	0.0010609	
205.586	0	0.000424366	
204.017	0	0.000685084	
206.518	0	0.000505178	
186.59	0	0.000668958	
205.852	0	0.000565842	
201.582	0	0.000914232	
193.95	0	0.000424735	
204.212	0	0.000497658	
193.67	0	0.000432876	
204.738	0	0.000325355	
191.801	0	0.00085645	
201.907	0	0.000474618	
195.208	0	0.000319145	
202.648	0	0.0002812	
196.16	0	0.000347234	
183.767	0	0.00149817	
191.208	0	0.000681963	
198.575	0	0.000478797	
195.518	0	0.00031415	
201.241	0	0.000465845	
195.341	0	0.000344424	
201.459	0	0.000294242	
195.843	0	0.000387856	
195.179	0	0.000315492	
195.728	0	0.000332648	
200.722	0	0.000309268	
196.985	0	0.000365494	
195.169	0	0.000382355	
200.834	0	0.000324739	
195.426	0	0.000291489	
196.281	0	0.000338448	
196.77	0	0.000374579	
202.365	0	0.0004039	
195.267	0	0.000474416	
199.727	0	0.000302193	
193.477	0	0.000558239	
195.053	0	0.000699132	
195.892	0	0.000366435	
197.661	0	0.000432249	
194.258	0	0.000897198	
202.377	0	0.000459872	
190.806	0	0.00139315	
200.15	0	0.000920902	
198.048	0	0.0012031	
191.259	0	0.00113059	
191.721	0	0.00255037	
193.731	0	0.00161162	
196.321	0	0.000734489	
194.669	0	0.000921668	
197.741	0	0.000972037	
198.145	0	0.0013516	
205.749	0	0.00079794	
201.268	0	0.00311954	
194.536	0	0.00306936	
193.725	0	0.00107761	
193.444	0	0.000624521	
195.31	0	0.000583197	
191.56	0	0.0019527	
194.522	0	0.0013475	
194.97	0	0.000602074	
192.649	0	0.000623515	
190.251	0	0.000464451	
197.473	0	0.00128086	
195.199	0	0.000566224	
197.389	0	0.000596927	
186.813	0	0.000371449	
186.667	0	0.000605085	
192.259	0	0.000673082	
200.979	0	0.000967783	
195.967	0	0.000591067	
188.595	0	0.000420176	
182.188	0	0.000652726	
185.51	0	0.000367583	
182.508	0	0.000355056	
182.488	0	0.000855227	
181.161	0	0.00111726	
185.396	0	0.000574703	
183.079	0	0.000404373	
184.152	0	0.000411622	
182.714	0	0.000321244	
190.3	0	0.000754699	
194.785	0	0.00141558	
184.005	0	0.000330856	
183.946	0	0.000796321	
184.793	0	0.000293388	
191.257	0	0.000386009	
183.297	0	0.000310109	
191.335	0	0.000321826	
181.496	0	0.000525131	
180.951	0	0.000446006	
182.758	0	0.00077527	
209.589	0	0.003464	
187.678	0	0.000606373	
192.362	0	0.000668183	
193.859	0	0.000791149	
212.437	0	0.000914333	
208.396	0	0.000834711	
205.62	0	0.00250981	
201.976	0	0.000451632	
196.237	0	0.000450669	
205.688	0	0.000697956	
195.572	0	0.000605234	
196.558	0	0.000507511	
191.436	0	0.000825958	
201.617	0	0.000530695	
195.477	0	0.000730402	
202.404	0	0.00040757	
197.731	0	0.000327847	
195.672	0	0.000454568	
198.074	0	0.000791058	
195.582	0	0.000361409	
197.013	0	0.000325614	
195.009	0	0.0008658	
196.951	0	0.000510357	
198.415	0	0.000474199	
196.923	0	0.000320894	
196.798	0	0.000549747	
195.871	0	0.000376207	
196.641	0	0.000654416	
191.048	0	0.000885907	
190.569	0	0.00130286	
195.452	0	0.000839185	
198.493	0	0.00115239	
192.109	0	0.00191342	
192.81	0	0.00107586	
191.356	0	0.00309958	
194.135	0	0.000590589	
195.258	0	0.00100462	
205.331	0	0.00117933	
196.725	0	0.000660242	
191.864	0	0.000644698	
197.582	0	0.00100773	
196.211	0	0.000575319	
188.99	0	0.000451054	
193.426	0	0.000556526	
189.418	0	0.000483824	
197.694	0	0.00333719	
193.355	0	0.000930942	
193.962	0	0.000731203	
192.504	0	0.000657937	
193.28	0	0.000553574	
190.56	0	0.000742268	
186.766	0	0.000620261	
191.67	0	0.000690599	
196.275	0	0.000590394	
192.583	0	0.000874137	
190.886	0	0.000680951	
188.738	0	0.000367198	
182.964	0	0.000511316	
193.35	0	0.000940108	
193.117	0	0.000810282	
192.531	0	0.000889867	
195.212	0	0.000595878	
187.111	0	0.00343498	
194.244	0	0.000686494	
190.568	0	0.000580247	
186.279	0	0.000569619	
184.449	0	0.000641399	
183.783	0	0.000446492	
183.406	0	0.00100043	
180.845	0	0.00116104	
190.956	0	0.000993483	
201.425	0	0.000722211	
186.509	0	0.000521095	
181.209	0	0.000464687	
181.901	0	0.000415197	
182.752	0	0.00051294	
194.27	0	0.00110503	
194.278	0	0.00096225	
190.475	0	0.00121533	
190.368	0	0.000765195	
185.368	0	0.000567443	
182.137	0	0.000440708	
184.423	0	0.000605184	
190.558	0	0.00107916	
193.556	0	0.000968875	
194.993	0	0.000691163	
192.266	0	0.000890098	
192.014	0	0.00158237	
181.62	0	0.000681321	
181.071	0	0.000534084	
193.232	0	0.00101693	
190.851	0	0.00100026	
184.017	0	0.000560581	
181.913	0	0.00044375	
180.952	0	0.000595887	
180.767	0	0.000870112	
186.275	0	0.000439039	
179.624	0	0.000563718	
179.748	0	0.000847673	
182.285	0	0.000590561	
181.867	0	0.000476376	
184.413	0	0.000690378	
180.988	0	0.000646093	
180.454	0	0.000557272	
196.721	0	0.000870493	
204.2	0	0.00351767	
228.187	0	0.00137598	
201.298	0	0.000854999	
192.194	0	0.00117529	
181.58	0	0.00116256	
202.43	0	0.00104939	
218.22	0	0.000779336	
237.547	0	0.000933265	
250.433	0	0.000776566	
204.978	0	0.00107751	
189.703	0	0.000851682	
186.103	0	0.00489246	
181.205	0	0.00104706	
175.873	0	0.00110356	
198.044	0	0.000432687	
192.62	0	0.000735065	
197.077	0	0.000631761	
186.815	0	0.000672818	
197.122	0	0.000585179	
195.429	0	0.000854414	
187.822	0	0.000445384	
198.973	0	0.000510802	
188.554	0	0.000454943	
199.595	0	0.00033379	
185.193	0	0.00088412	
197.559	0	0.000494816	
193.145	0	0.000385054	
197.616	0	0.000293671	
189.037	0	0.000428933	
177.996	0	0.00156323	
183.469	0	0.000712827	
195.209	0	0.000330651	
191.165	0	0.000758877	
190.485	0	0.000340207	
194.961	0	0.0004326	
198.364	0	0.000321763	
187.4	0	0.000517475	
196.328	0	0.000232112	
198.603	0	0.000299142	
188.735	0	0.000549917	
198.304	0	0.000478377	
186.924	0	0.000247817	
185.868	0	0.000252875	
189.895	0	0.00069169	
191.644	0	0.000989823	
192.684	0	0.00033601	
186.789	0	0.000236991	
193.186	0	0.000291436	
187.904	0	0.000381009	
194.999	0	0.000686066	
192.27	0	0.00065078	
188.574	0	0.000574858	
188.995	0	0.000457369	
185.414	0	0.00020296	
185.03	0	0.000237627	
187.733	0	0.000297459	
195.146	0	0.000288884	
193.229	0	0.000260302	
193.346	0	0.000493345	
191.818	0	0.000293092	
193.605	0	0.000601513	
189.95	0	0.000265874	
189.392	0	0.000202075	
190.371	0	0.000212703	
182.63	0	0.000262682	
185.096	0	0.000388682	
190.518	0	0.000428902	
190.635	0	0.000405492	
183.748	0	0.000479715	
184.818	0	0.000585866	
189.582	0	0.00057235	
189.269	0	0.000259605	
191.906	0	0.00029776	
188.843	0	0.000247264	
186.184	0	0.00023607	
192.077	0	0.000298326	
183.811	0	0.000319493	
191.68	0	0.000290232	
193.055	0	0.000258913	
195.94	0	0.00028979	
188.349	0	0.000289365	
187.226	0	0.000793921	
186.683	0	0.00101303	
185.045	0	0.000637844	
188.171	0	0.00152945	
187.153	0	0.000882622	
183.478	0	0.00087125	
183.443	0	0.000613596	
189.131	0	0.00122353	
182.648	0	0.00389029	
183.895	0	0.00125414	
187.479	0	0.000637599	
184.578	0	0.000554295	
185.507	0	0.000735955	
185.394	0	0.000845316	
195.139	0	0.00392426	
183.206	0	0.000627829	
183.332	0	0.000770754	
186.662	0	0.00166804	
186.793	0	0.000954624	
186.453	0	0.00054498	
188.98	0	0.00169195	
194.06	0	0.000495691	
187.72	0	0.00054261	
184.312	0	0.00121154	
191.103	0	0.000988333	
188.875	0	0.00118148	
187.749	0	0.00159172	
189.101	0	0.00107917	
192.016	0	0.00114524	
187.283	0	0.00185926	
187.115	0	0.00159795	
193.914	0	0.000788982	
190.675	0	0.000659833	
188.402	0	0.00360872	
187.637	0	0.00149967	
192.227	0	0.0014187	
190.124	0	0.000845385	
189.399	0	0.00116833	
188.982	0	0.00131022	
187.643	0	0.00059018	
183.291	0	0.00425371	
190.199	0	0.000938066	
184.972	0	0.000533634	
186.545	0	0.00048416	
185.287	0	0.000664771	
188.621	0	0.000650159	
186.983	0	0.000629746	
185.356	0	0.000867069	
184.73	0	0.00100025	
188.103	0	0.000791954	
187.998	0	0.00119538	
190.399	0	0.00113364	
191.139	0	0.000816429	
192.014	0	0.00110932	
194.629	0	0.0018071	
191.334	0	0.00104958	
184.664	0	0.000744766	
189.397	0	0.000617445	
196.539	0	0.000694861	
191.623	0	0.000419814	
199.553	0	0.0010122	
229.736	0	0.000698185	
228.463	0	0.00038749	
212.217	0	0.000421179	
196.562	0	0.000445951	
197.466	0	0.000510323	
207.286	0	0.00042875	
221.227	0	0.000360363	
216.392	0	0.000322759	
192.232	0	0.00088299	
187.747	0	0.000610074	
194.936	0	0.000846553	
197.615	0	0.000522465	
187.428	0	0.000763745	
186.88	0	0.000854416	
186.273	0	0.0010102	
191.209	0	0.00091609	
187.819	0	0.000740902	
189.013	0	0.00122733	
189.161	0	0.00187139	
193.153	0	0.00084122	
192.401	0	0.00136136	
188.081	0	0.000766736	
192.48	0	0.00125336	
194.283	0	0.00111979	
191.944	0	0.00134981	
190.13	0	0.000827915	
189.677	0	0.000666115	
188.294	0	0.000540991	
190.162	0	0.000862675	
192.557	0	0.000881054	
188.189	0	0.00135649	
185.842	0	0.0006768	
184.507	0	0.000844532	
188.358	0	0.00109842	
186.262	0	0.000814517	
190.198	0	0.000582184	
185.813	0	0.00068007	
188.237	0	0.00114736	
203.05	0	0.00114002	
186.264	0	0.00155919	
190.822	0	0.00105435	
190.491	0	0.00123317	
204.706	0	0.000506847	
190.917	0	0.000871552	
255.807	0	0.000743509	
216.419	0	0.00053016	
219.954	0	0.000547921	
215.319	0	0.000504941	
219.407	0	0.000545455	
248.457	0	0.000577187	
248.626	0	0.000576401	
206.327	0	0.000422455	
217.302	0	0.000404345	
213.8	0	0.000415469	
191.405	0	0.00352348	
192.186	0	0.00170412	
195.618	0	0.000611451	
192.268	0	0.00123618	
192.209	0	0.00162613	
193.098	0	0.000639801	
199.895	0	0.00109232	
192.207	0	0.000640365	
192.008	0	0.000505283	
196.486	0	0.00154089	
201.098	0	0.000748477	
189.949	0	0.000674894	
190.721	0	0.000562141	
196.89	0	0.000628331	
194.718	0	0.00143288	
194.688	0	0.000865089	
193.731	0	0.000941043	
197.476	0	0.00141534	
196.058	0	0.000727074	
197.914	0	0.000642005	
188.723	0	0.000584254	
192.516	0	0.00080207	
190.398	0	0.00415439	
197.097	0	0.000928622	
192.034	0	0.000640825	
190.007	0	0.000924966	
190.029	0	0.000753529	
189.201	0	0.00105327	
193.696	0	0.00124102	
195.188	0	0.000644908	
196.249	0	0.000774033	
191.34	0	0.000853846	
206.026	0	0.000602994	
199.42	0	0.00104723	
198.204	0	0.00174549	
196.765	0	0.00179278	
260.706	0	0.000276053	
246.464	0	0.000382827	
236.774	0	0.000424212	
197.344	0	0.000546436	
190.32	0	0.00054178	
189.805	0	0.00094862	
195.467	0	0.000910335	
193.806	0	0.000611844	
191.867	0	0.00055021	
193.928	0	0.000937316	
189.896	0	0.000774556	
191.861	0	0.000578817	
191.305	0	0.00075689	
193.394	0	0.000754416	
192.175	0	0.000516119	
192.862	0	0.000685313	
193.315	0	0.000659561	
196.844	0	0.000908078	
192.249	0	0.000512661	
192.467	0	0.000698182	
197.841	0	0.000619422	
194.287	0	0.00110115	
198.478	0	0.000377195	
197.928	0	0.000402524	
200.969	0	0.00101425	
195.864	0	0.000560776	
198.01	0	0.00106463	
202.347	0	0.00193496	
197.551	0	0.000853647	
198.924	0	0.00133299	
207.648	0	0.000414911	
194.618	0	0.000502177	
197.68	0	0.00101749	
195.727	0	0.0038124	
195.935	0	0.001315	
199.24	0	0.00196037	
200.988	0	0.00355238	
224.921	0	0.000563785	
230.991	0	0.00082036	
198.289	0	0.000572844	
195.558	0	0.000643479	
291.159	0	0.000426945	
302.861	0	0.000540327	
212.846	0	0.000535485	
206.626	0	0.000509568	
197.636	0	0.00062398	
221.156	0	0.000845416	
231.614	0	0.000425438	
201.767	0	0.000637642	
231.181	0	0.00112609	
235.305	0	0.000951555	
277.127	0	0.000897162	
238.916	0	0.00156318	
264.805	0	0.000735623	
211.967	0	0.000582899	
185.195	0	0.000633726	
184.517	0	0.00161035	
194.798	0	0.000862135	
197.828	0	0.000853202	
272.06	0	0.000827331	
226.03	0	0.00112014	
286.776	0	0.000958662	
341.066	0	0.000712501	
306.992	0	0.000598896	
483.486	0	0.000556779	
203.267	0	0.000646411	
201.886	0	0.000764933	
297.388	0	0.000887139	
272.745	0	0.00107632	
240.128	0	0.000664344	
242.608	0	0.0011862	
187.529	0	0.00137606	
199.519	0	0.000851467	
212.194	0	0.00103621	
228.01	0	0.000990956	
269.624	0	0.000770675	
340.341	0	0.000790196	
194.728	0	0.00101082	
188.326	0	0.000839005	
184.299	0	0.000971002	
196.172	0	0.00144171	
189.033	0	0.000850261	
184.345	0	0.000740284	
177.6	0	0.00182463	
190.414	0	0.00116212	
189.314	0	0.00386795	
189.569	0	0.00101111	
192.229	0	0.0039755	
184.741	0	0.00115653	
189.318	0	0.00168153	
183.353	0	0.001169	
198.376	0	0.00086571	
183.431	0	0.00143094	
192.766	0	0.000987755	
190.75	0	0.000876013	
194.693	0	0.000714893	
190.392	0	0.00116021	
192.851	0	0.0005796	
193.407	0	0.0010148	
190.911	0	0.00137971	
192.37	0	0.000688729	
190.104	0	0.000902669	
190.19	0	0.00120007	
194.932	0	0.000856674	
190.378	0	0.000805322	
194.998	0	0.00101583	
185.198	0	0.000882349	
188.321	0	0.000558161	
197.447	0	0.000710923	
192.829	0	0.0010117	
189.705	0	0.00461037	
190.649	0	0.00110743	
198.031	0	0.00144583	
198.663	0	0.0046742	
192.295	0	0.00179872	
195.467	0	0.00119028	
189.745	0	0.000762987	
181.858	0	0.0013611	
184.094	0	0.000978259	
183.257	0	0.00177083	
181.444	0	0.00175406	
182.132	0	0.000718858	
189.974	0	0.000941049	
191.526	0	0.00118231	
189.937	0	0.00153095	
190.914	0	0.00083331	
191.01	0	0.00230677	
192.134	0	0.000942227	
191.903	0	0.00111677	
192.616	0	0.00130727	
188.645	0	0.000606854	
190.071	0	0.000669724	
189.89	0	0.000744811	
183.944	0	0.000479069	
189.738	0	0.000691584	
184.051	0	0.000411248	
186.974	0	0.000550991	
183.412	0	0.000674026	
180.445	0	0.000876165	
182.216	0	0.000460533	
181.296	0	0.000525444	
182.292	0	0.000591974	
185.852	0	0.000766243	
183.915	0	0.000728509	
191.338	0	0.000949937	
182.229	0	0.000553279	
182.085	0	0.000542587	
184.034	0	0.000577242	
182.358	0	0.000516042	
180.823	0	0.000726188	
202.556	0	0.000917372	
189.43	0	0.000718465	
181.149	0	0.000874237	
182.743	0	0.000684292	
183.076	0	0.000872174	
186.197	0	0.00150659	
185.373	0	0.000519658	
192.46	0	0.000522988	
189.517	0	0.000663097	
180.329	0	0.000873626	
189.632	0	0.00173802	
192.531	0	0.00122834	
189.074	0	0.000859487	
178.971	0	0.000933298	
188.114	0	0.000778063	
178.079	0	0.00196985	
183.886	0	0.00150454	
184.503	0	0.00100646	
331.89	0	0.000613253	
218.682	0	0.000727135	
188.527	0	0.000547434	
179.255	0	0.00121949	
188.056	0	0.00150115	
191.671	0	0.00076726	
206.571	0	0.000754213	
211.913	0	0.000600618	
190.654	0	0.00097027	
183.761	0	0.000913108	
186.798	0	0.00127089	
184.688	0	0.00100837	
178.721	0	0.000819802	
221.381	0	0.000746139	
276.259	0	0.00155572	
185.152	0	0.00107657	
181.978	0	0.00102241	
216.879	0	0.00104887	
193.951	0	0.00118198	
187.294	0	0.0017147	
189.724	0	0.00139552	
194.88	0	0.00134394	
189.804	0	0.00120249	
189.478	0	0.00154284	
185.204	0	0.000744851	
183.965	0	0.00118146	
193.868	0	0.000905129	
191.627	0	0.00106482	
190.355	0	0.00151612	
200.611	0	0.000947443	
193.458	0	0.00349202	
223.638	0	0.00172157	
217.256	0	0.000375286	
198.578	0	0.00138058	
229.169	0	0.00177899	
193.353	0	0.000776176	
190.638	0	0.000665492	
201.728	0	0.00125569	
195.201	0	0.000852232	
213.667	0	0.00335535	
200.045	0	0.000996969	
197.521	0	0.000753112	
192.237	0	0.00100949	
198.468	0	0.00123223	
187.429	0	0.00145673	
187.84	0	0.00095115	
191.663	0	0.00112447	
189.396	0	0.00161476	
187.723	0	0.00104313	
184.203	0	0.00156279	
194.874	0	0.00380892	
184.95	0	0.000884014	
186.902	0	0.00115894	
189.949	0	0.00157566	
184.894	0	0.000996984	
187.608	0	0.000640636	
181.066	0	0.000920868	
183.126	0	0.000976621	
180.472	0	0.00130903	
184.806	0	0.000810065	
185.145	0	0.000695409	
188.559	0	0.000799868	
182.805	0	0.000731332	
183.238	0	0.000750138	
184.69	0	0.00124279	
183.001	0	0.00211141	
182.282	0	0.000864097	
183.176	0	0.000572024	
182.81	0	0.000777726	
184.38	0	0.00055471	
190.629	0	0.000654128	
181.93	0	0.0021775	
193.948	0	0.000690622	
184.631	0	0.00389201	
187.856	0	0.000528037	
184.967	0	0.000745262	
183.86	0	0.000818363	
191.198	0	0.00124402	
205.159	0	0.000773148	
183.446	0	0.00079471	
184.686	0	0.000521584	
206.977	0	0.000522252	
194.456	0	0.000434341	
239.016	0	0.000816993	
199.04	0	0.000954353	
185.855	0	0.00114784	
200.434	0	0.00081917	
187.526	0	0.00129162	
209.328	0	0.000718879	
200.794	0	0.000833669	
196.8	0	0.000968824	
192.726	0	0.00285774	
197.349	0	0.000552707	
200.175	0	0.00125635	
190.721	0	0.000404434	
197.46	0	0.000556722	
190.44	0	0.000449297	
196.611	0	0.00106082	
188.223	0	0.000442696	
191.709	0	0.000736171	
187.99	0	0.00055242	
191.882	0	0.000697578	
185.844	0	0.00101716	
187.177	0	0.00110894	
183.812	0	0.00155655	
188.231	0	0.000657028	
186.546	0	0.00047529	
185.22	0	0.00357184	
188.594	0	0.00110519	
184.933	0	0.000720494	
187.021	0	0.000662773	
186.186	0	0.00106258	
186.241	0	0.000745439	
196.373	0	0.000990015	
183.569	0	0.00153169	
185.582	0	0.000893736	
185.267	0	0.000597581	
184.631	0	0.000543949	
184.488	0	0.000635796	
191.627	0	0.000813161	
190.7	0	0.000678479	
185.015	0	0.000924768	
186.966	0	0.000511171	
183.963	0	0.000604396	
184.521	0	0.00068985	
185.932	0	0.000781955	
187.399	0	0.000606587	
184.878	0	0.000491049	
186.589	0	0.000776366	
185.03	0	0.000672133	
186.89	0	0.000583774	
184.7	0	0.00115551	
186.506	0	0.00102766	
186.006	0	0.000636087	
183.429	0	0.00147887	
188.407	0	0.000698079	
186.641	0	0.00055687	
185.528	0	0.000672967	
184.917	0	0.000824609	
185.413	0	0.000807715	
184.104	0	0.000956499	
212.514	0	0.00508513	
206.92	0	0.000998945	
206.662	0	0.0013261	
207.417	0	0.000568874	
214.789	0	0.000973286	
209.505	0	0.00493676	
206.122	0	0.000654985	
205.519	0	0.000561129	
215.673	0	0.000992533	
205.435	0	0.000681901	
201.474	0	0.000438878	
204.561	0	0.000627669	
202.518	0	0.000442642	
216.726	0	0.00137228	
211.207	0	0.000730759	
202.655	0	0.00068678	
201.435	0	0.000681942	
202.558	0	0.000580913	
201.133	0	0.000810393	
198.895	0	0.000603819	
204.657	0	0.000673178	
211.097	0	0.000551526	
211.014	0	0.0012346	
200.461	0	0.000685151	
199.053	0	0.000374153	
195.89	0	0.000511538	
207.216	0	0.000968555	
212.351	0	0.00124399	
210.676	0	0.000666617	
210.276	0	0.000594761	
203.606	0	0.0014724	
205.107	0	0.000849324	
197.828	0	0.000580686	
196.64	0	0.000584385	
197.66	0	0.000659207	
197.701	0	0.000438762	
201.06	0	0.000924366	
194.237	0	0.00110414	
207.911	0	0.00379988	
214.96	0	0.000815428	
197.451	0	0.000522513	
197.964	0	0.000451678	
199.076	0	0.000397857	
196.134	0	0.00049851	
203.429	0	0.00213095	
201.122	0	0.00118407	
202.698	0	0.00132379	
198.794	0	0.000652025	
195.234	0	0.000614477	
195.521	0	0.000442295	
195.731	0	0.000607857	
207.206	0	0.000789487	
201.474	0	0.00120652	
209.874	0	0.000643357	
199.729	0	0.000655208	
202.117	0	0.000484881	
202.044	0	0.00102919	
196.827	0	0.000598487	
200.019	0	0.000792117	
198.067	0	0.00120148	
193.348	0	0.00070179	
197.063	0	0.000781247	
201.406	0	0.000582885	
208.955	0	0.0006877	
203.409	0	0.000601712	
205.663	0	0.000996991	
211.811	0	0.00132596	
210.385	0	0.00151645	
215.702	0	0.00139387	
206.466	0	0.00041622	
201.8	0	0.000522441	
195.186	0	0.00118387	
194.064	0	0.000713244	
209.346	0	0.000541953	
199.793	0	0.0012887	
200.085	0	0.000746404	
198.561	0	0.000680684	
224.642	0	0.000634923	
252.349	0	0.00125601	
224.686	0	0.000778811	
202.534	0	0.001092	
196.977	0	0.0018385	
193.091	0	0.00108972	
195.916	0	0.000646488	
193.261	0	0.000962449	
200.064	0	0.00121173	
199.11	0	0.000762197	
236.241	0	0.000731783	
206.19	0	0.000942278	
214.698	0	0.00101888	
235.02	0	0.000737794	
258.523	0	0.000761425	
265.952	0	0.000746425	
284.098	0	0.00071213	
246.189	0	0.000828426	
201.208	0	0.0028896	
204.051	0	0.00104484	
199.756	0	0.00134943	
202.616	0	0.00127763	
201.545	0	0.00158666	
204.455	0	0.000746505	
204.279	0	0.00107156	
206.362	0	0.00327562	
202.568	0	0.000915145	
203.716	0	0.00142204	
197.373	0	0.00135617	
198.329	0	0.00109168	
198.139	0	0.000612521	
202.232	0	0.000628487	
198.034	0	0.00184845	
196.26	0	0.00343288	
198.597	0	0.000979949	
197.482	0	0.0010309	
196.108	0	0.000493099	
196.943	0	0.000864089	
195.136	0	0.000400437	
196.873	0	0.000640928	
197.165	0	0.000733196	
195.187	0	0.000485223	
194.15	0	0.000702082	
192.851	0	0.000369312	
193.786	0	0.000555764	
195.275	0	0.000923774	
195.839	0	0.000997275	
193.62	0	0.000452062	
193.266	0	0.000420065	
200.858	0	0.000796314	
201.233	0	0.000532545	
215.859	0	0.00093238	
193.912	0	0.00221736	
216.976	0	0.000982116	
220.453	0	0.00293068	
214.383	0	0.00103583	
215.231	0	0.000739124	
220.339	0	0.00127244	
223.824	0	0.00181071	
209.718	0	0.000732358	
214.413	0	0.000553384	
207.651	0	0.00114274	
219.348	0	0.000971901	
211.183	0	0.00141878	
192.749	0	0.000549876	
217.067	0	0.00079721	
222.83	0	0.00355149	
216.217	0	0.000938909	
220.427	0	0.000922999	
205.991	0	0.000944148	
229.098	0	0.00304973	
201.998	0	0.000798318	
197.149	0	0.00103167	
197.963	0	0.000741503	
201.325	0	0.000708474	
195.474	0	0.000754467	
190.644	0	0.00115348	
191.147	0	0.00133588	
186.83	0	0.000640964	
195.782	0	0.000693407	
186.299	0	0.000817187	
185.62	0	0.00114945	
183.195	0	0.00105948	
182.544	0	0.000480806	
188.542	0	0.00165885	
187.464	0	0.0011926	
192.782	0	0.00109776	
183.47	0	0.00203689	
203.941	0	0.00103707	
190.943	0	0.00203341	
194.284	0	0.0011667	
196.479	0	0.00126261	
196.499	0	0.000655788	
200.303	0	0.000992104	
201.198	0	0.000658602	
192.896	0	0.00113378	
203.036	0	0.000742956	
202.769	0	0.000831341	
191.235	0	0.000689159	
198.865	0	0.000733774	
191.541	0	0.000667231	
194.402	0	0.000580395	
193.797	0	0.00116898	
196.597	0	0.000541138	
196.697	0	0.000438181	
196.112	0	0.000468032	
192.79	0	0.00052924	
195.082	0	0.00179542	
193.318	0	0.000951031	
191.916	0	0.000679495	
193.285	0	0.000521441	
198.123	0	0.000424472	
191.945	0	0.000586952	
199.346	0	0.000615002	
199.284	0	0.000696426	
198.252	0	0.000454633	
205.189	0	0.000363382	
197.144	0	0.000428935	
207.145	0	0.000535748	
197.682	0	0.00072018	
198.378	0	0.000660891	
192.696	0	0.0009699	
204.324	0	0.00111173	
194.748	0	0.000861944	
196.358	0	0.00053312	
194.127	0	0.000551565	
202.14	0	0.000338974	
203.24	0	0.000404221	
205.75	0	0.0004882	
197.361	0	0.00352925	
202.459	0	0.000814975	
195.347	0	0.00138586	
197.28	0	0.0021543	
196.907	0	0.000535333	
193.679	0	0.00066937	
204.746	0	0.000943205	
194.082	0	0.00194778	
202.341	0	0.000840612	
196.987	0	0.00108608	
197.377	0	0.00199363	
197.446	0	0.000764203	
196.025	0	0.00050743	
195.739	0	0.00494043	
200.087	0	0.00100744	
198.575	0	0.000856029	
195.898	0	0.00058578	
197.091	0	0.0004742	
202.658	0	0.000329228	
196.749	0	0.000661852	
195.963	0	0.000674871	
195.914	0	0.000571182	
204.058	0	0.000726103	
199.831	0	0.000463847	
209.155	0	0.000396866	
200.503	0	0.000788765	
200.907	0	0.00100636	
195.91	0	0.00091528	
197.477	0	0.000575368	
210.506	0	0.000255671	
198.457	0	0.000409906	
200.538	0	0.00115675	
202.228	0	0.00127181	
201.53	0	0.00106583	
198.707	0	0.001682	
219.589	0	0.000409785	
210.969	0	0.000428446	
198.748	0	0.000889449	
203.377	0	0.00347022	
199.038	0	0.000859299	
197.381	0	0.000699556	
198.344	0	0.00446976	
203.02	0	0.000986611	
221.736	0	0.000739663	
260.377	0	0.000861707	
218.981	0	0.000537415	
229.885	0	0.00042993	
194.148	0	0.000584194	
199.871	0	0.00163135	
190.883	0	0.00379439	
194.985	0	0.00104954	
250.679	0	0.000304811	
239.207	0	0.000291845	
200.297	0	0.000648041	
194.743	0	0.000718715	
213.46	0	0.000384599	
212.002	0	0.000388481	
216.805	0	0.000390709	
230.754	0	0.000336039	
225.598	0	0.000491013	
225.433	0	0.000552845	
218.16	0	0.00060726	
236.629	0	0.000436788	
257.818	0	0.000368619	
229.114	0	0.000273535	
248.42	0	0.000242294	
252.506	0	0.000289958	
261.663	0	0.000310696	
275.627	0	0.000229341	
230.653	0	0.00062128	
208.346	0	0.000804689	
295.705	0	0.000262944	
249.105	0	0.000220658	
293.773	0	0.000311878	
243.392	0	0.000257401	
262.396	0	0.000271016	
270.229	0	0.000305826	
307.839	0	0.000264726	
290.985	0	0.000524226	
260.372	0	0.000454083	
268.5	0	0.000337109	
192.176	0	0.00126112	
200.849	0	0.000697077	
356.352	0	0.000334766	
274.413	0	0.000713448	
245.879	0	0.000457327	
297.018	0	0.000488464	
279.184	0	0.000425249	
311.833	0	0.000275604	
218.975	0	0.00125859	
199.984	0	0.000822715	
194.451	0	0.00103521	
191.064	0	0.000847224	
188.41	0	0.000994832	
193.912	0	0.00150702	
191.943	0	0.000870446	
187.969	0	0.00124359	
191.517	0	0.00104997	
197.731	0	0.00114198	
194.373	0	0.00377939	
196.219	0	0.0010123	
201.383	0	0.00382633	
187.399	0	0.00124271	
197.667	0	0.0016176	
192.259	0	0.00108482	
210.786	0	0.000710387	
204.012	0	0.000813899	
187.878	0	0.00204733	
190.071	0	0.00102256	
209.543	0	0.000482012	
248.287	0	0.000592521	
215.05	0	0.000702316	
193.718	0	0.00105556	
190.935	0	0.000804683	
213.777	0	0.000396254	
264.772	0	0.000840176	
233.23	0	0.00058998	
238.549	0	0.000483112	
192.657	0	0.000715482	
272.706	0	0.000519815	
252.314	0	0.000413476	
200.009	0	0.000341394	
189.853	0	0.000686335	
204.537	0	0.00362604	
200.528	0	0.00101023	
202.591	0	0.00124373	
202.52	0	0.0011471	
200.696	0	0.00193132	
201.755	0	0.00121358	
203.371	0	0.00100162	
203.016	0	0.00148579	
205.275	0	0.000819432	
202.866	0	0.00322182	
205.012	0	0.00106725	
202.39	0	0.00105674	
200.532	0	0.00287412	
199.653	0	0.000615682	
195.709	0	0.00103346	
200.058	0	0.000909679	
191.461	0	0.000985564	
195.432	0	0.000689209	
198.126	0	0.0010352	
192.524	0	0.000921079	
195.205	0	0.000955461	
196.603	0	0.000598879	
193.918	0	0.000509207	
193.643	0	0.00344506	
198.831	0	0.000940114	
190.12	0	0.000640651	
192.523	0	0.000528208	
198.811	0	0.000598896	
199.966	0	0.00165292	
195.675	0	0.000781423	
195.064	0	0.000880479	
199.468	0	0.00167263	
196.191	0	0.000920441	
198.081	0	0.000620432	
191.175	0	0.000533717	
192.764	0	0.000772907	
200.779	0	0.00176449	
204.025	0	0.000755941	
190.986	0	0.000703158	
191.583	0	0.000745851	
191.66	0	0.000723175	
190.794	0	0.00104277	
195.052	0	0.00136279	
191.379	0	0.000559076	
198.68	0	0.000707615	
197.049	0	0.00094948	
190.274	0	0.00101485	
191.908	0	0.000863661	
187.886	0	0.00123673	
190.369	0	0.000456696	
190.965	0	0.000438196	
225.286	0	0.0020317	
214.303	0	0.000527467	
195.885	0	0.00110796	
216.057	0	0.00203442	
195.192	0	0.00104594	
196.684	0	0.00139423	
193.057	0	0.00114206	
195.6	0	0.000898684	
205.714	0	0.00353736	
198.186	0	0.00116425	
192.304	0	0.000920062	
198.733	0	0.000718925	
195.34	0	0.000691422	
194.022	0	0.000904811	
197.627	0	0.00105353	
201.571	0	0.00442345	
192.838	0	0.000769493	
189.814	0	0.000903244	
193.429	0	0.00118554	
195.372	0	0.000860912	
192.441	0	0.00182012	
200.549	0	0.00157945	
196.406	0	0.00131179	
188.748	0	0.000932611	
192.011	0	0.0013882	
195.003	0	0.0035665	
194.536	0	0.00090144	
195.061	0	0.000850474	
197.85	0	0.00130247	
188.225	0	0.000851708	
191.063	0	0.000778116	
188.469	0	0.00118955	
187.694	0	0.00114003	
189.384	0	0.000422536	
189.082	0	0.000900555	
195.301	0	0.000911306	
193.439	0	0.000626468	
191.02	0	0.000404545	
188.979	0	0.000417278	
190.214	0	0.00063703	
206.046	0	0.0018874	
202.13	0	0.000835557	
219.362	0	0.000976716	
190.815	0	0.00113825	
188.328	0	0.00102073	
188.252	0	0.00103086	
187.829	0	0.00109542	
209.447	0	0.000902759	
193.525	0	0.000877377	
193.129	0	0.000889635	
223.376	0	0.00148637	
200.803	0	0.000953102	
244.117	0	0.00129594	
194.147	0	0.000619553	
203.675	0	0.000640714	
231.585	0	0.000681131	
201.205	0	0.000529056	
221.451	0	0.000626307	
247.347	0	0.000686385	
223.707	0	0.000579884	
222.425	0	0.000625515	
202.276	0	0.00122584	
247.065	0	0.00148973	
205.306	0	0.00357977	
199.422	0	0.0015855	
193.403	0	0.00135818	
199.33	0	0.0011542	
194.963	0	0.00153716	
200.296	0	0.0028362	
201.852	0	0.00103444	
198.241	0	0.00133505	
201.343	0	0.00126077	
200.842	0	0.00156857	
221.213	0	0.00315831	
217.768	0	0.00223285	
213.154	0	0.00135001	
218.649	0	0.000686738	
226.307	0	0.00243787	
212.111	0	0.00159773	
217.14	0	0.000767641	
210.758	0	0.00200526	
201.034	0	0.000615708	
201.039	0	0.000631256	
212.84	0	0.00119491	
198.107	0	0.000671641	
200.569	0	0.0011552	
200.562	0	0.000758542	
194.788	0	0.000877678	
218.508	0	0.00294721	
195.392	0	0.000840353	
177.651	0	0.00451195	
201.632	0	0.000463882	
194.262	0	0.00123477	
195.287	0	0.000543338	
192.622	0	0.00071172	
222.873	0	0.000958723	
231.717	0	0.000824643	
227.533	0	0.00105056	
223.888	0	0.000454847	
240.479	0	0.00115251	
209.641	0	0.000654692	
221.846	0	0.000417691	
214.251	0	0.000660589	
215.972	0	0.000740557	
209.69	0	0.000512586	
204.484	0	0.000355548	
212.894	0	0.000767766	
208.239	0	0.000653576	
207.033	0	0.000520495	
205.212	0	0.000542499	
201.409	0	0.000414175	
203.715	0	0.000509422	
202.848	0	0.00024972	
205.713	0	0.000245403	
202.834	0	0.00028125	
203.357	0	0.00040879	
205.437	0	0.000313964	
206.846	0	0.000259182	
205.991	0	0.000434894	
204.197	0	0.000229695	
214.413	0	0.000540777	
204.341	0	0.000315999	
203.678	0	0.000477497	
202.474	0	0.000304928	
206.331	0	0.00034046	
201.864	0	0.00033784	
204.419	0	0.000317419	
212.239	0	0.000537741	
206.842	0	0.000529659	
201.232	0	0.000806572	
215.843	0	0.00116619	
214.54	0	0.00170674	
219.084	0	0.0019226	
232.149	0	0.00117862	
243.213	0	0.00140578	
218.488	0	0.000517207	
220.578	0	0.000445422	
225.536	0	0.000491109	
234.731	0	0.000753986	
240.436	0	0.00348528	
220.932	0	0.00152294	
240.187	0	0.00309032	
229.376	0	0.00088573	
216.103	0	0.00322104	
240.054	0	0.00126451	
223.297	0	0.000923708	
215.891	0	0.000367398	
220.544	0	0.000647056	
214.148	0	0.00040623	
214.267	0	0.000294161	
219.462	0	0.000996481	
212.931	0	0.000226384	
214.38	0	0.000285554	
217.439	0	0.000378821	
211.776	0	0.000184649	
213.03	0	0.000188888	
214.85	0	0.000207493	
213.028	0	0.000329781	
211.883	0	0.000216931	
211.966	0	0.000278641	
217.027	0	0.000408364	
220.669	0	0.000482627	
212.405	0	0.000251982	
212.693	0	0.000255522	
222.81	0	0.000476665	
225.584	0	0.00060203	
214.43	0	0.000211991	
213.624	0	0.000366876	
214.611	0	0.000250382	
209.902	0	0.000583387	
212.817	0	0.000330135	
210.548	0	0.000468318	
217.098	0	0.000388188	
211.35	0	0.00067153	
212.647	0	0.000406039	
215.11	0	0.000481369	
209.451	0	0.000402383	
214.004	0	0.000564269	
215.986	0	0.00042506	
213.974	0	0.000745009	
223.267	0	0.000487157	
221.865	0	0.00050181	
224.461	0	0.000451101	
220.043	0	0.000429021	
222.892	0	0.000596784	
223.87	0	0.000363498	
216.134	0	0.000503055	
214.804	0	0.000605875	
218.523	0	0.00155667	
220.647	0	0.00291439	
215.016	0	0.000748432	
217.173	0	0.000984824	
210.723	0	0.000507818	
208.698	0	0.000893847	
206.281	0	0.00312542	
212.287	0	0.000627342	
210.532	0	0.000730636	
207.322	0	0.000935884	
209.225	0	0.000682769	
211.755	0	0.000614755	
208.462	0	0.000945603	
201.46	0	0.000630189	
206.887	0	0.000840109	
210.357	0	0.000994139	
210.648	0	0.000774825	
215.776	0	0.00345904	
207.415	0	0.000909522	
206.108	0	0.000872495	
212.47	0	0.000896745	
209.145	0	0.000620453	
199.713	0	0.000898064	
207.742	0	0.000659352	
201.562	0	0.000728099	
191.893	0	0.000525444	
199.806	0	0.000900444	
207.261	0	0.000710584	
226.87	0	0.000892545	
228.934	0	0.000815514	
229.241	0	0.00260304	
227.093	0	0.000436521	
239.854	0	0.000748153	
245.145	0	0.00372087	
226.188	0	0.00130377	
228.36	0	0.000455294	
233.203	0	0.000820459	
231.205	0	0.000693431	
216.97	0	0.000461373	
219.668	0	0.000352331	
221.471	0	0.000319954	
246.591	0	0.0026035	
234.9	0	0.000715959	
220.764	0	0.000336225	
224.789	0	0.000417366	
213.113	0	0.000366727	
212.125	0	0.000343157	
221.648	0	0.000505727	
223.609	0	0.0010154	
219.097	0	0.000511791	
216.273	0	0.000639073	
216.789	0	0.0011571	
238.668	0	0.000638209	
227.773	0	0.000442961	
211.208	0	0.000525689	
213.568	0	0.000361877	
223.371	0	0.00168402	
215.731	0	0.000757579	
212.395	0	0.000522843	
230.332	0	0.000615463	
218.274	0	0.00053157	
232.857	0	0.00100093	
218.308	0	0.000627664	
219.564	0	0.000519483	
214.885	0	0.000446309	
221.022	0	0.000821065	
218.278	0	0.000905449	
212.555	0	0.00286076	
217.539	0	0.000485189	
222.142	0	0.00145449	
229.646	0	0.00395387	
216.177	0	0.00145417	
213.835	0	0.000786464	
219.543	0	0.000749755	
219.786	0	0.000782279	
212.113	0	0.000490317	
212.953	0	0.000539269	
201.663	0	0.000715342	
211.369	0	0.000693686	
200.581	0	0.000433915	
206.284	0	0.00066497	
195.954	0	0.000416989	
186.498	0	0.000631701	
185.878	0	0.000553614	
198.553	0	0.000790835	
189.479	0	0.000389279	
185.621	0	0.000362059	
182.232	0	0.000726788	
188.565	0	0.000664006	
192.851	0	0.000392703	
182.861	0	0.000378964	
183.186	0	0.000370692	
183.177	0	0.00144113	
184.547	0	0.000403193	
177.254	0	0.000907413	
182.88	0	0.000621727	
182.396	0	0.000611057	
180.95	0	0.000900345	
190.18	0	0.000506137	
208.215	0	0.00125531	
179.201	0	0.000610129	
184.539	0	0.00069366	
185.323	0	0.00104935	
182.649	0	0.000854886	
187.23	0	0.000479145	
191.632	0	0.000513377	
183.258	0	0.00041207	
189.016	0	0.000517593	
198.088	0	0.000626877	
196.03	0	0.000501508	
184.299	0	0.000779854	
184.033	0	0.000485121	
183.236	0	0.000402483	
196.252	0	0.0011592	
182.03	0	0.000954296	
178.443	0	0.000709814	
186.295	0	0.000845351	
194.392	0	0.000680818	
183.755	0	0.000940417	
183.465	0	0.00134799	
187.674	0	0.000950542	
183.073	0	0.00121033	
178.757	0	0.000883345	
182.994	0	0.000818134	
192.245	0	0.000641078	
185.497	0	0.000936715	
199.391	0	0.000774182	
202.582	0	0.00106497	
204.013	0	0.00325699	
202.071	0	0.000898724	
202.73	0	0.00140661	
196.766	0	0.00136647	
195.144	0	0.00107543	
194.641	0	0.000618898	
198.372	0	0.000637581	
204.018	0	0.00533873	
195.801	0	0.00336839	
194.052	0	0.000762797	
192.453	0	0.000694775	
192.526	0	0.000493726	
193.401	0	0.00298555	
192.031	0	0.000705925	
194.989	0	0.000664686	
190.883	0	0.000490912	
193.128	0	0.00065017	
193.909	0	0.000738059	
198.182	0	0.00115606	
194.418	0	0.000844703	
190.459	0	0.000423779	
191.082	0	0.000429643	
189.902	0	0.000461113	
193.4	0	0.000350232	
203.659	0	0.000853366	
192.89	0	0.00119771	
190.874	0	0.000680838	
208.878	0	0.000313727	
190.543	0	0.000494486	
198.173	0	0.0004781	
195.32	0	0.0006124	
219.544	0	0.000330483	
196.012	0	0.000715626	
199.184	0	0.000465661	
192.101	0	0.000837484	
193.115	0	0.000989903	
188.546	0	0.000895251	
191.468	0	0.000710205	
219.211	0	0.000680156	
225.771	0	0.000759032	
197.838	0	0.00178294	
212.843	0	0.00157232	
205.739	0	0.000747833	
217.162	0	0.00167059	
201.232	0	0.000935962	
199.898	0	0.00322054	
201.354	0	0.000499362	
200.94	0	0.00103793	
201.795	0	0.00137169	
206.063	0	0.000897506	
203.914	0	0.000497771	
203.627	0	0.000545366	
202.515	0	0.000467085	
201.833	0	0.00117418	
205.116	0	0.000975394	
203.868	0	0.00310087	
202.461	0	0.000861164	
205.515	0	0.000502211	
202.049	0	0.000437344	
202.17	0	0.000767989	
201.591	0	0.000445406	
201.912	0	0.00377214	
200.622	0	0.000814916	
202.928	0	0.00226282	
205.052	0	0.00293221	
204.721	0	0.000466586	
204.532	0	0.000310775	
203.499	0	0.000353987	
202.99	0	0.000471653	
199.673	0	0.000595395	
199.748	0	0.000441618	
205.258	0	0.000542629	
204.469	0	0.000573745	
204.577	0	0.000306814	
200.78	0	0.000210168	
199.657	0	0.000445919	
201.344	0	0.000395244	
206.058	0	0.000680113	
202.098	0	0.000443162	
195.957	0	0.000557518	
199.969	0	0.000767223	
200.095	0	0.000388361	
201.338	0	0.000565243	
205.805	0	0.000910103	
204.354	0	0.000585327	
203.085	0	0.000272525	
197.795	0	0.00021779	
200.529	0	0.000339915	
199.352	0	0.000490054	
200.198	0	0.000563301	
191.86	0	0.000747558	
199.823	0	0.000431002	
204.88	0	0.00126234	
201.439	0	0.000581032	
197.689	0	0.000513241	
198.8	0	0.00158779	
200.028	0	0.000439859	
199.723	0	0.000480524	
199.946	0	0.000757767	
196.003	0	0.000661618	
196.833	0	0.000752427	
203.344	0	0.000659816	
197.91	0	0.000530437	
197.095	0	0.000622162	
196.678	0	0.000471657	
197.018	0	0.000388823	
197.62	0	0.000505036	
197.963	0	0.000280933	
199.791	0	0.000324226	
194.695	0	0.000316382	
195.488	0	0.000287505	
196.521	0	0.000339551	
197.041	0	0.000544353	
194.025	0	0.000652106	
194.758	0	0.000825263	
196.916	0	0.000336131	
197.302	0	0.000445969	
201.62	0	0.000470818	
201.057	0	0.000492937	
199.351	0	0.000350903	
197.037	0	0.000428187	
196.789	0	0.000580948	
195.851	0	0.00095266	
199.77	0	0.000312484	
201.49	0	0.000395644	
197.699	0	0.00046733	
196.972	0	0.000571388	
200.759	0	0.000505224	
199.89	0	0.000330706	
192.224	0	0.000671084	
192.342	0	0.00055876	
185.448	0	0.000501387	
191.406	0	0.000523427	
192.941	0	0.000371989	
191.383	0	0.000509665	
195.421	0	0.000515577	
191.1	0	0.000610413	
191.811	0	0.00070324	
188.06	0	0.000292467	
197.648	0	0.000319567	
198.694	0	0.000373157	
196.422	0	0.000400085	
196.29	0	0.000325034	
199.221	0	0.000429249	
199.968	0	0.000415672	
187.773	0	0.000522395	
192.046	0	0.000452931	
194.095	0	0.000547578	
194.537	0	0.000426818	
195.015	0	0.000302878	
196.842	0	0.000258862	
197.25	0	0.000487841	
198.81	0	0.000565808	
191.119	0	0.000636854	
185.778	0	0.000294221	
191.975	0	0.000459812	
194.481	0	0.000336982	
189.42	0	0.000386299	
186.057	0	0.000478962	
182.893	0	0.00073961	
183.34	0	0.000841863	
185.606	0	0.0003395	
188.42	0	0.000320984	
184.223	0	0.000543596	
191.224	0	0.000558145	
187.382	0	0.000365638	
187.828	0	0.000412185	
206.009	0	0.00140988	
211.328	0	0.000484015	
203.419	0	0.000965715	
200.648	0	0.00378739	
206.824	0	0.00086016	
206.863	0	0.00294827	
206.003	0	0.00046406	
208.688	0	0.00106755	
202.11	0	0.00177322	
206.193	0	0.00173191	
204.156	0	0.000703152	
204.753	0	0.00087772	
202.753	0	0.000549508	
202.934	0	0.000645165	
203.26	0	0.000702521	
208.392	0	0.000388379	
203.107	0	0.000717769	
204.076	0	0.000567378	
202.739	0	0.000911559	
201.398	0	0.00327974	
202.421	0	0.000930866	
203.31	0	0.000487038	
202.912	0	0.000546826	
205.855	0	0.00058763	
205.308	0	0.000521079	
205.94	0	0.000533967	
208.045	0	0.000421795	
205.267	0	0.000672001	
210.941	0	0.000481179	
210.421	0	0.000372535	
207.969	0	0.000448265	
206.948	0	0.000830128	
213.586	0	0.000683822	
204.987	0	0.00064139	
209.267	0	0.000474786	
215.424	0	0.000666793	
209.544	0	0.000481126	
213.283	0	0.000351929	
215.536	0	0.000532628	
208.823	0	0.000877414	
207.141	0	0.000721038	
197.35	0	0.000584437	
212.615	0	0.000348979	
211.242	0	0.000525796	
213.026	0	0.000431166	
212.583	0	0.000402508	
212.593	0	0.000403077	
198.905	0	0.0027477	
201.276	0	0.00124927	
197.064	0	0.000756746	
197.256	0	0.00110422	
201.351	0	0.000478171	
202.624	0	0.000886542	
196.543	0	0.000561944	
198.409	0	0.000884455	
200.001	0	0.000603645	
197.812	0	0.000545034	
196.11	0	0.000902244	
197.489	0	0.000488272	
200.672	0	0.000456828	
195.552	0	0.00127509	
197.396	0	0.000658526	
199.684	0	0.00470919	
202.273	0	0.000859238	
201.237	0	0.00118954	
202.856	0	0.00048319	
201.222	0	0.000870592	
208.166	0	0.00187419	
202.872	0	0.000511166	
202.066	0	0.000459489	
201.321	0	0.000912939	
203.86	0	0.00052383	
203.626	0	0.000307575	
202.56	0	0.000480932	
203.099	0	0.000315525	
201.124	0	0.00115338	
202.816	0	0.000626906	
204.952	0	0.000563907	
206.141	0	0.000522088	
204.191	0	0.000426257	
204.107	0	0.000557512	
206.085	0	0.00034304	
205.152	0	0.000319859	
201.137	0	0.000436847	
200.758	0	0.00102057	
207.418	0	0.000524652	
205.436	0	0.000245689	
207.801	0	0.00028061	
206.967	0	0.000484674	
201.088	0	0.000522217	
202.855	0	0.000621708	
200.655	0	0.000620631	
201.344	0	0.000594445	
202.307	0	0.000490303	
211.968	0	0.00321623	
211.249	0	0.00165327	
207.51	0	0.000415906	
207.589	0	0.000374685	
206.91	0	0.000386935	
206.66	0	0.000256255	
214.971	0	0.000413088	
209.409	0	0.000582033	
205.374	0	0.000492425	
202.257	0	0.0009048	
202.475	0	0.000744099	
198.908	0	0.00372293	
206.874	0	0.00033303	
209.097	0	0.000241183	
209.983	0	0.000200486	
208.132	0	0.000268771	
208.415	0	0.00426194	
208.542	0	0.000446205	
209.151	0	0.000588225	
208.495	0	0.000374243	
208.741	0	0.000235856	
207.377	0	0.000351394	
200.441	0	0.000617323	
204.8	0	0.0010731	
211.302	0	0.000310805	
212.014	0	0.000227042	
209.812	0	0.000446287	
209.264	0	0.000387874	
209.301	0	0.000264988	
209.738	0	0.000245188	
209.303	0	0.000217971	
212.521	0	0.000332252	
203.796	0	0.000531454	
204.187	0	0.00050206	
212.276	0	0.000200404	
211.434	0	0.000248914	
210.509	0	0.00090321	
212.636	0	0.00064133	
208.547	0	0.00162116	
215.138	0	0.000860606	
214.529	0	0.000406415	
210.379	0	0.000673914	
210.464	0	0.000352998	
210.986	0	0.000237309	
211.128	0	0.000228289	
209.886	0	0.000219972	
219.463	0	0.00108877	
221.485	0	0.000782607	
214.989	0	0.000430228	
213.495	0	0.000362495	
210.813	0	0.000202385	
211.03	0	0.000193904	
211.594	0	0.000243535	
212.216	0	0.00042908	
214.269	0	0.0043793	
220.431	0	0.00280781	
217.818	0	0.000920487	
221.726	0	0.00053397	
214.835	0	0.000358721	
218.847	0	0.000616197	
220.502	0	0.00113707	
213.336	0	0.000261726	
211.054	0	0.000499357	
211.552	0	0.000251601	
211.259	0	0.000206471	
211.053	0	0.000133619	
211.822	0	0.000284207	
213.911	0	0.000277854	
212.267	0	0.000256763	
210.465	0	0.000148303	
210.732	0	0.000143688	
209.991	0	9.98546e-05	
210.107	0	0.000160291	
215.12	0	0.000356336	
216.442	0	0.00038519	
210.661	0	0.000483032	
209.771	0	0.000123868	
210.999	0	0.000201045	
210.136	0	0.00012821	
209.294	0	0.000156895	
209.85	0	0.000113694	
210.78	0	0.000162073	
211.135	0	0.000219352	
209.655	0	0.000126298	
210.369	0	0.000100854	
209.993	0	0.00013332	
207.33	0	0.000175876	
216.159	0	0.000428071	
220.085	0	0.000744051	
219.933	0	0.000450065	
214.896	0	0.000375841	
225.314	0	0.00113065	
233.767	0	0.00304095	
225.174	0	0.000689069	
224.341	0	0.00192779	
221.849	0	0.000644372	
219.128	0	0.000628204	
216.587	0	0.000430109	
211.114	0	0.000401684	
211.822	0	0.000388245	
212.232	0	0.00043447	
211.966	0	0.000262915	
213.432	0	0.000198228	
218.415	0	0.000604178	
212.193	0	0.000402354	
206.238	0	0.000423703	
213.247	0	0.000531439	
222.718	0	0.000579554	
217.904	0	0.000547904	
210.814	0	0.000422517	
210.934	0	0.000557907	
186.749	0	0.00142629	
196.735	0	0.000877912	
201.815	0	0.00106501	
190.482	0	0.00104454	
193.517	0	0.000736685	
198.854	0	0.000829964	
200.172	0	0.000622117	
188.506	0	0.00132586	
202.146	0	0.00102064	
190.338	0	0.00100792	
189.619	0	0.00110998	
199.664	0	0.000486727	
197.693	0	0.00079519	
199.122	0	0.000575965	
200.071	0	0.000751639	
195.528	0	0.00047607	
201.402	0	0.000565372	
196.349	0	0.000482342	
200.347	0	0.000380015	
193.396	0	0.000922185	
201.293	0	0.000363898	
200.552	0	0.000232374	
200.014	0	0.000332984	
197.287	0	0.000327237	
188.74	0	0.00156086	
192.573	0	0.000739513	
197.131	0	0.000459767	
198.967	0	0.00044545	
201.524	0	0.000469297	
201.753	0	0.000541187	
200.17	0	0.000285496	
198.615	0	0.000305569	
193.649	0	0.000760759	
188.699	0	0.00157473	
199.036	0	0.000387017	
199.349	0	0.000219839	
199.351	0	0.000239032	
197.906	0	0.000325452	
198.905	0	0.000288536	
197.685	0	0.000524917	
199.127	0	0.000536024	
197.647	0	0.000229651	
198.203	0	0.000458919	
196.596	0	0.000260293	
198.698	0	0.000697827	
199.616	0	0.000310908	
201.062	0	0.00327641	
194.74	0	0.000803654	
196.148	0	0.00130542	
195.894	0	0.00101436	
194.993	0	0.00116532	
195.195	0	0.00088357	
197.034	0	0.000996825	
192.769	0	0.000837504	
192.786	0	0.000905832	
188.529	0	0.00132976	
193.656	0	0.00077409	
189.94	0	0.00305213	
193.357	0	0.00271123	
196.964	0	0.000941052	
193.456	0	0.000550054	
194.642	0	0.000509047	
201.864	0	0.000948344	
189.944	0	0.00127963	
191.586	0	0.000949857	
194.404	0	0.00048914	
194.931	0	0.000374494	
198.521	0	0.000765534	
196.441	0	0.000577504	
197.684	0	0.000384222	
196.778	0	0.000588451	
197.216	0	0.000236285	
196.843	0	0.000376088	
198.486	0	0.000618408	
195.964	0	0.000377525	
196.314	0	0.000591927	
196.417	0	0.000510982	
196.53	0	0.00064458	
196.289	0	0.000819502	
198.272	0	0.000246732	
195.844	0	0.000305312	
199.72	0	0.000417513	
197.347	0	0.000326189	
198.007	0	0.000329001	
196.696	0	0.00026512	
197.67	0	0.000361278	
196.286	0	0.0013338	
197.352	0	0.000483311	
198.786	0	0.000247715	
198.951	0	0.000404058	
197.3	0	0.000262016	
196.512	0	0.000302065	
198.747	0	0.000282163	
199.176	0	0.00029361	
196.943	0	0.000458303	
198.401	0	0.000266505	
197.684	0	0.000426003	
199.531	0	0.000396994	
203.962	0	0.000191889	
206.289	0	0.000243581	
201.061	0	0.000336329	
201.509	0	0.000807421	
199.553	0	0.000884634	
194.391	0	0.00134958	
202.823	0	0.000519037	
207.203	0	0.00115963	
200.238	0	0.00285875	
206.77	0	0.000906997	
197.956	0	0.000537315	
201.23	0	0.000486812	
200.888	0	0.000750242	
208.856	0	0.00128068	
187.96	0	0.00185497	
197.609	0	0.00128918	
196.588	0	0.000542896	
202.425	0	0.000504643	
198.931	0	0.000361674	
209.192	0	0.0016611	
207.317	0	0.000696839	
199.222	0	0.000794144	
201.918	0	0.00048874	
205.51	0	0.000521731	
197.035	0	0.000339574	
200.498	0	0.000447573	
200.725	0	0.000542765	
191.723	0	0.000986079	
201.34	0	0.000866615	
200.476	0	0.000278474	
199.147	0	0.000268842	
196.891	0	0.000821189	
199.44	0	0.000431731	
202.695	0	0.000479645	
200.748	0	0.000712484	
201.829	0	0.000359182	
200.172	0	0.000197226	
198.806	0	0.000408704	
201.233	0	0.000190048	
200.104	0	0.000388106	
200.476	0	0.000367804	
200.489	0	0.00033923	
202.064	0	0.000399383	
204.252	0	0.000558882	
202.708	0	0.00124763	
204.779	0	0.000574196	
202.874	0	0.000594729	
204.168	0	0.000496363	
199.069	0	0.000462253	
184.134	0	0.00374478	
199.432	0	0.000408743	
202.298	0	0.000255394	
203.795	0	0.00050006	
198.374	0	0.000367598	
199.684	0	0.000331441	
203.791	0	0.000415278	
203.442	0	0.00047204	
204.806	0	0.000220902	
205.259	0	0.000227031	
198.995	0	0.000365682	
198.756	0	0.000388388	
200.985	0	0.000383021	
202.278	0	0.000253472	
203.409	0	0.000213343	
204.283	0	0.000245462	
203.707	0	0.000182673	
205.166	0	0.000259345	
204.607	0	0.000234704	
206.536	0	0.00028309	
202.238	0	0.000211281	
202.975	0	0.000281593	
205.189	0	0.000403686	
208.733	0	0.000251269	
210.671	0	0.000552816	
204.991	0	0.000276928	
201.181	0	0.000327538	
201.307	0	0.000314987	
200.364	0	0.000507001	
202.499	0	0.000609556	
207.184	0	0.000394414	
206.824	0	0.000478976	
206.066	0	0.000305997	
206.705	0	0.00026571	
201.897	0	0.000347113	
198.893	0	0.000606718	
192.722	0	0.00146552	
200.763	0	0.00109077	
195.271	0	0.000968736	
195.411	0	0.00105337	
200.898	0	0.000724736	
190.283	0	0.00449243	
195.272	0	0.000645366	
198.221	0	0.000475744	
199.716	0	0.000999034	
197.289	0	0.000383673	
197.763	0	0.000454644	
198.001	0	0.000449733	
197.823	0	0.000422044	
199.701	0	0.000473117	
200.179	0	0.00045819	
194.407	0	0.000948826	
191.996	0	0.0016433	
233.079	0	0.00119371	
223.063	0	0.0008245	
228.919	0	0.00386189	
223.367	0	0.000756998	
218.648	0	0.000899651	
211.523	0	0.000269285	
227.922	0	0.000566469	
227.888	0	0.000812826	
230.223	0	0.0026568	
226.166	0	0.000421488	
230.78	0	0.000967524	
233.341	0	0.00126953	
230.177	0	0.000781526	
224.266	0	0.000674565	
225.131	0	0.000585797	
227.91	0	0.000672968	
232.374	0	0.00256755	
235.594	0	0.00306507	
221.899	0	0.000577285	
227.356	0	0.000955812	
220.49	0	0.000501495	
220.823	0	0.000590374	
230.961	0	0.00237076	
226.515	0	0.000904828	
224.416	0	0.000717899	
225.464	0	0.00123786	
213.367	0	0.000634247	
211.736	0	0.000503575	
210.106	0	0.000698589	
207.344	0	0.000263173	
194.301	0	0.000415913	
209.326	0	0.00290874	
213.227	0	0.000993506	
203.536	0	0.000248927	
195.907	0	0.000431187	
214.391	0	0.000418951	
208.231	0	0.000184919	
208.292	0	0.000272425	
199.868	0	0.000149654	
190.524	0	0.000568126	
205.81	0	0.000335788	
213.159	0	0.000331697	
208.43	0	0.000145998	
194.668	0	0.00013849	
194.975	0	0.000153598	
190.756	0	0.000171638	
187.159	0	0.000367613	
207.963	0	0.000140126	
188.247	0	0.000134745	
190.239	0	0.000221541	
192.963	0	0.000301748	
183.503	0	0.000183793	
201.424	0	0.000326482	
200.158	0	0.000244701	
209.687	0	0.000214187	
205.855	0	0.000126478	
198.702	0	9.55315e-05	
196.223	0	0.000275054	
185.525	0	0.000120105	
179.071	0	0.000215579	
177.608	0	0.000220099	
184.858	0	0.00122047	
213.13	0	0.000388262	
209.744	0	0.000296204	
205.55	0	9.4313e-05	
204.886	0	0.000125189	
183.453	0	0.000148977	
164.356	0	0.000419438	
176.469	0	0.000170821	
171.803	0	0.000230881	
168.802	0	0.000212754	
141.16	0	0.00191056	
207.943	0	0.000117904	
201.756	0	0.000101819	
199.926	0	0.000146879	
141.682	0	0.000680242	
210.063	0	0.000339415	
204.754	0	8.41107e-05	
205.549	0	8.80982e-05	
205.109	0	0.000145991	
205.489	0	0.000122332	
203.549	0	4.98461e-05	
200.528	0	0.000101229	
203.171	0	7.02433e-05	
190.474	0	0.000207231	
185.628	0	0.00025538	
195.504	0	0.000145261	
194.076	0	0.000210458	
187.155	0	0.000135317	
196.457	0	9.77456e-05	
194.654	0	0.000135523	
187.382	0	0.000247271	
169.25	0	0.000173741	
156.88	0	0.000348566	
206.407	0	0.000214323	
203.365	0	0.000284179	
173.416	0	0.000253485	
172.962	0	0.000264594	
158.754	0	0.000221862	
139.774	0	0.000483474	
205.791	0	0.000237642	
185.108	0	0.00010873	
225.015	0	0.0012556	
214.998	0	0.000496025	
228.617	0	0.000846719	
214.662	0	0.00344914	
226.051	0	0.000730556	
231	0	0.000913824	
225.311	0	0.000676213	
222.473	0	0.000607595	
232.242	0	0.00324603	
229.059	0	0.00266314	
221.253	0	0.000519332	
224.497	0	0.000362538	
221.659	0	0.000749534	
224.021	0	0.000745633	
220.329	0	0.000592319	
209.265	0	0.000487764	
228.624	0	0.000708872	
237.019	0	0.00334091	
228.79	0	0.000661061	
239.346	0	0.000721942	
229.152	0	0.000725197	
224.405	0	0.00148517	
214.842	0	0.000455156	
220.877	0	0.000601541	
211.062	0	0.000626596	
211.815	0	0.000464309	
217.071	0	0.000681961	
217.285	0	0.000468207	
214.574	0	0.000345999	
207.119	0	0.000358508	
210.838	0	0.000459572	
205.226	0	0.000410179	
209.998	0	0.00068902	
203.665	0	0.000473877	
210.688	0	0.000595098	
211.078	0	0.000475582	
208.222	0	0.000970438	
218.086	0	0.000822783	
225.306	0	0.00266719	
214.562	0	0.000434724	
219.731	0	0.00098924	
207.419	0	0.00172911	
214.964	0	0.00168094	
206.062	0	0.000624194	
209.85	0	0.000527128	
213.355	0	0.000652737	
214.103	0	0.000818344	
205.786	0	0.000692097	
202.974	0	0.000556195	
205.359	0	0.000763298	
207.508	0	0.000539061	
208.422	0	0.00086333	
205.056	0	0.00320841	
207.666	0	0.00088421	
204.372	0	0.000481155	
207.585	0	0.000526903	
204.189	0	0.000594167	
203.014	0	0.000525742	
206.591	0	0.000468836	
205.658	0	0.000589227	
202.043	0	0.000763518	
203.146	0	0.000486102	
203.313	0	0.000491566	
207.978	0	0.000287774	
206.457	0	0.000193745	
209.817	0	0.000300819	
205.062	0	0.000330075	
205.443	0	0.000632922	
208.387	0	0.000225511	
206.6	0	0.0003305	
211.838	0	0.00045979	
211.089	0	0.000264738	
217.176	0	0.000349808	
215.177	0	0.000428427	
221.28	0	0.00144404	
212.186	0	0.000882883	
209.09	0	0.00268538	
211.617	0	0.000660928	
209.42	0	0.00121233	
203.715	0	0.000755904	
197.799	0	0.000726343	
201.498	0	0.000483134	
201.156	0	0.000621728	
201.677	0	0.00044191	
200.889	0	0.000261575	
200.994	0	0.000625572	
201.062	0	0.000739603	
200.665	0	0.000312065	
201.469	0	0.000334585	
202.193	0	0.000234795	
202.165	0	0.000245155	
198.39	0	0.000300557	
200.716	0	0.00020287	
207.637	0	0.000389084	
205.012	0	0.000344532	
203.271	0	0.000304095	
206.819	0	0.000325053	
197.12	0	0.000344549	
199.595	0	0.0003479	
203.622	0	0.00021368	
202.634	0	0.00026859	
209.81	0	0.000253164	
205.348	0	0.000232964	
203.02	0	0.000301215	
205.986	0	0.000448907	
207.783	0	0.000303623	
207.807	0	0.00043107	
201.252	0	0.000511849	
198.303	0	0.000682904	
206.742	0	0.000251316	
211.729	0	0.000320646	
214.721	0	0.00110467	
216.628	0	0.00155845	
172.217	0	0.00558483	
192.467	0	0.000893941	
188.813	0	0.00267599	
192.302	0	0.000459688	
178.638	0	0.000927533	
167.156	0	0.00551109	
194.63	0	0.000543473	
188.195	0	0.000510429	
188.196	0	0.000863393	
192.839	0	0.000521721	
192.326	0	0.000319644	
190.502	0	0.000465153	
191.451	0	0.000332981	
172.125	0	0.00348078	
186.878	0	0.000789469	
185.467	0	0.00064661	
189.92	0	0.000504151	
192.874	0	0.000440124	
193.548	0	0.000544176	
194.806	0	0.000353946	
197.405	0	0.000319011	
195.296	0	0.000483566	
189.949	0	0.00123325	
188.825	0	0.000524434	
196.085	0	0.000246928	
196.138	0	0.000289317	
197.382	0	0.000338417	
191.883	0	0.000602646	
196.63	0	0.000616699	
199.028	0	0.0012217	
180.171	0	0.000792812	
191.093	0	0.000466537	
187.882	0	0.0030147	
183.34	0	0.000869515	
193.245	0	0.000413967	
193.101	0	0.00037803	
194.748	0	0.000391953	
194.685	0	0.000266836	
195.628	0	0.000633914	
197.914	0	0.000610998	
196.153	0	0.000291036	
194.818	0	0.000435409	
188.731	0	0.00172402	
203.787	0	0.000672736	
194.349	0	0.000333985	
195.146	0	0.000251539	
194.703	0	0.000217062	
196.876	0	0.00028241	
185.116	0	0.0014284	
184.9	0	0.00090426	
186.398	0	0.00107846	
191.193	0	0.000448442	
194.43	0	0.000386194	
194.637	0	0.000248601	
194.945	0	0.000360419	
196.977	0	0.000269731	
199.301	0	0.000351652	
194.108	0	0.000517537	
197.899	0	0.000458627	
192.39	0	0.000459126	
192.146	0	0.0011649	
197.23	0	0.000574966	
193.644	0	0.00034274	
194.679	0	0.000251983	
181.228	0	0.000663577	
194.12	0	0.00039843	
193.116	0	0.000645982	
194.35	0	0.00115214	
195.714	0	0.00041637	
193.63	0	0.00063132	
194.219	0	0.000314935	
194.255	0	0.000427389	
195.973	0	0.000347464	
198.653	0	0.000351957	
201.007	0	0.000388962	
190.457	0	0.000785563	
193.185	0	0.000223157	
194.889	0	0.000273963	
195.845	0	0.000421792	
197.207	0	0.000358577	
195.534	0	0.00037267	
191.686	0	0.000258983	
193.736	0	0.000618416	
192.186	0	0.000454556	
189.986	0	0.000325035	
188.939	0	0.000587185	
196.28	0	0.000614671	
191.787	0	0.000551761	
189.099	0	0.000661516	
187.408	0	0.000972789	
192.549	0	0.000352485	
192.212	0	0.000409968	
191.852	0	0.000525746	
194.377	0	0.00081534	
192.125	0	0.000509918	
192.891	0	0.000238494	
192.784	0	0.000275934	
190.204	0	0.000265898	
187.655	0	0.000246987	
190.863	0	0.000261869	
186.972	0	0.000398841	
188.662	0	0.00024538	
189.439	0	0.000297524	
191.742	0	0.00026036	
193.157	0	0.000544228	
190.872	0	0.000444381	
187.678	0	0.000416017	
186.383	0	0.000272003	
188.516	0	0.000206442	
185.93	0	0.000275473	
189.331	0	0.000396796	
188.937	0	0.000510511	
190.699	0	0.000332556	
188.432	0	0.000313268	
184.552	0	0.000482303	
184.546	0	0.000300325	
215.969	0	0.0021689	
214.879	0	0.000977366	
231.2	0	0.000721449	
228.285	0	0.00107698	
227.516	0	0.00134521	
230.514	0	0.00227675	
229.801	0	0.000845643	
221.496	0	0.000469489	
224.165	0	0.000424914	
209.227	0	0.00490404	
232.659	0	0.0011326	
218.083	0	0.00049296	
216.69	0	0.000479308	
217.402	0	0.000316343	
219.521	0	0.00111517	
214.479	0	0.000475096	
220.176	0	0.000507674	
213.145	0	0.000300073	
214.331	0	0.000360291	
217.235	0	0.000457194	
218.123	0	0.000838153	
216.531	0	0.000612212	
213.578	0	0.000256411	
213.361	0	0.000232204	
212.4	0	0.000552632	
216.817	0	0.000804599	
212.351	0	0.000635218	
213.536	0	0.000367341	
213.683	0	0.000414959	
211.485	0	0.000628247	
214.5	0	0.000578533	
219.02	0	0.000844571	
214.665	0	0.000285663	
213.445	0	0.000166499	
212.849	0	0.000353162	
216.939	0	0.000152405	
213.936	0	0.00032462	
215.344	0	0.000298633	
213.815	0	0.000418629	
217.253	0	0.000364724	
209.826	0	0.000851306	
216.724	0	0.000489764	
220.086	0	0.000253909	
222.47	0	0.000250626	
215.568	0	0.000304667	
219.863	0	0.000360247	
215.755	0	0.000379196	
217.288	0	0.000506437	
181.518	0	0.00100589	
173.222	0	0.00461402	
181.138	0	0.00116514	
180.609	0	0.00111644	
193.676	0	0.000439704	
190.142	0	0.000814865	
185.898	0	0.000512738	
183.298	0	0.0012545	
183.292	0	0.000605218	
186.05	0	0.000890617	
191.498	0	0.000413736	
191.204	0	0.000556012	
194.21	0	0.000346977	
195.532	0	0.000340255	
189.04	0	0.000834345	
193.876	0	0.000311399	
194.69	0	0.000298168	
194.813	0	0.000393721	
193.016	0	0.000755677	
182.759	0	0.00123273	
188.177	0	0.000624618	
193.039	0	0.000322352	
191.409	0	0.00031108	
193.396	0	0.000226113	
195.094	0	0.000323692	
188.397	0	0.000218127	
188.516	0	0.000437771	
190.009	0	0.000355347	
188.824	0	0.000518023	
191.291	0	0.000809602	
184.631	0	0.000614072	
227.129	0	0.0020245	
217.909	0	0.00108676	
211.42	0	0.00131939	
209.88	0	0.000780401	
198.977	0	0.0014213	
196.013	0	0.00108689	
211.221	0	0.0012332	
198.718	0	0.000916875	
201.554	0	0.00112368	
203.895	0	0.000986673	
210.074	0	0.00085749	
215.154	0	0.00110613	
230.526	0	0.000739266	
218.313	0	0.00282623	
194.362	0	0.00397293	
207.971	0	0.00144232	
205.129	0	0.000651149	
204.378	0	0.000742891	
204.195	0	0.000536352	
201.813	0	0.000783821	
205.253	0	0.000396245	
198.755	0	0.00029328	
203.62	0	0.000655331	
198.336	0	0.000999329	
201.014	0	0.000530029	
201.828	0	0.000362301	
200.723	0	0.000433091	
195.739	0	0.000917828	
198.406	0	0.000737476	
199.595	0	0.000819681	
199.193	0	0.000768136	
205.202	0	0.000402722	
197.571	0	0.0006229	
197.896	0	0.000629254	
192.343	0	0.00113819	
192.592	0	0.00075883	
205.757	0	0.000881649	
188.83	0	0.00127918	
197.558	0	0.000848961	
200.036	0	0.000989148	
221.151	0	0.00304068	
195.538	0	0.000572686	
186.829	0	0.00109653	
203.034	0	0.00116972	
197.621	0	0.000646255	
195.237	0	0.000465558	
201.021	0	0.00050782	
195.674	0	0.000574766	
199.863	0	0.000653137	
196.564	0	0.000528005	
186.367	0	0.000823892	
193.317	0	0.000870087	
184.841	0	0.0013481	
193.948	0	0.000508832	
175.545	0	0.00130761	
177.253	0	0.00340953	
186.448	0	0.000923395	
189.423	0	0.000508763	
191.701	0	0.000477893	
190.451	0	0.000467591	
187.053	0	0.000865088	
201.918	0	0.000879154	
178.907	0	0.00138	
193.515	0	0.00073984	
195.306	0	0.000523967	
193.892	0	0.000400433	
194.658	0	0.000685062	
189.794	0	0.000707848	
180.803	0	0.00179425	
199.099	0	0.000644775	
199.417	0	0.00182668	
185.616	0	0.00185767	
196.351	0	0.000435145	
195.139	0	0.000285658	
192.833	0	0.000339887	
193.936	0	0.000437514	
195.058	0	0.000354284	
191.602	0	0.000368162	
197.136	0	0.000553133	
192.655	0	0.000531116	
195.497	0	0.000280939	
194.945	0	0.000177136	
193.96	0	0.000478136	
194.432	0	0.000392194	
196.016	0	0.000648131	
194.205	0	0.000385385	
194.821	0	0.000441608	
194.812	0	0.000656621	
196.101	0	0.000330287	
196.786	0	0.000452757	
195.966	0	0.000601073	
195.232	0	0.000524582	
195.652	0	0.000238633	
191.986	0	0.00017854	
185.826	0	0.000742008	
187.459	0	0.00126837	
194.315	0	0.000287342	
194.225	0	0.000404989	
193.648	0	0.000476218	
197.552	0	0.000407859	
193.102	0	0.000585768	
180.092	0	0.00127124	
191.84	0	0.000700162	
197.039	0	0.000952356	
204.077	0	0.00317919	
198.46	0	0.00095616	
196.459	0	0.00045445	
195.325	0	0.00058831	
198.025	0	0.000535215	
197.458	0	0.000425495	
195.785	0	0.000394432	
189.468	0	0.000406859	
194.655	0	0.000297647	
190.329	0	0.000394443	
178.985	0	0.00136409	
183.987	0	0.000888352	
174.921	0	0.00134499	
190.024	0	0.000492932	
179.466	0	0.00123459	
188.576	0	0.000730221	
193.545	0	0.000776717	
189.319	0	0.000721591	
187.008	0	0.0012713	
174.683	0	0.00186372	
196.213	0	0.000608606	
191.051	0	0.000518789	
182.773	0	0.00123823	
190.74	0	0.000564568	
188.826	0	0.000562214	
188.34	0	0.000487075	
194.68	0	0.000627698	
186.361	0	0.00183163	
199.564	0	0.00127238	
191.015	0	0.000620698	
196.525	0	0.000594469	
188.568	0	0.000713741	
187.772	0	0.000638225	
191.934	0	0.000562664	
191.052	0	0.000571154	
173.717	0	0.00125574	
185.918	0	0.00176418	
205.065	0	0.00309401	
201.454	0	0.00146426	
195.696	0	0.000837823	
204.46	0	0.000981791	
198.435	0	0.00114806	
200.206	0	0.000719476	
197.003	0	0.000562372	
198.944	0	0.000394075	
196.79	0	0.000826828	
196.238	0	0.000601929	
199.335	0	0.000306432	
200.362	0	0.000394275	
197.632	0	0.000356465	
222.801	0	0.00230483	
220.667	0	0.000752258	
225.046	0	0.000702045	
223.993	0	0.000800959	
225.106	0	0.00107955	
220.957	0	0.000457917	
223.145	0	0.000975279	
221.3	0	0.00232358	
222.176	0	0.000847179	
217.142	0	0.000438039	
221.083	0	0.000405913	
217.244	0	0.000403078	
220.28	0	0.000727316	
211.843	0	0.00146848	
225.118	0	0.00106226	
215.264	0	0.00068672	
213.95	0	0.000386598	
212.013	0	0.000362597	
208.777	0	0.000380073	
211.221	0	0.000376355	
212.15	0	0.000722915	
208.489	0	0.000498353	
213.04	0	0.000333307	
207.64	0	0.000483232	
212.449	0	0.000300974	
214.416	0	0.000402311	
208.314	0	0.000453379	
212.972	0	0.000347988	
212.061	0	0.000550456	
211.202	0	0.000320826	
206.915	0	0.000415071	
212.658	0	0.000448237	
209.654	0	0.000306165	
213.998	0	0.000418225	
205.44	0	0.000181116	
208.114	0	0.000345214	
208.204	0	0.000417801	
209.577	0	0.00036031	
218.964	0	0.000470656	
226.26	0	0.00139535	
206.316	0	0.000156398	
206.732	0	0.000248401	
207.701	0	0.00020242	
205.918	0	0.00023527	
206.403	0	0.000132926	
206.631	0	0.000174444	
205.804	0	0.000577153	
207.542	0	0.000255701	
210.306	0	0.000209398	
207.43	0	0.000258244	
206.402	0	0.000230148	
206.327	0	0.000169667	
206.103	0	0.000196039	
205.934	0	0.000442562	
208.103	0	0.000150266	
206.426	0	0.000251742	
206.898	0	0.000222679	
205.848	0	0.00040528	
209.314	0	0.000173616	
208.187	0	0.000288902	
228.488	0	0.000740952	
227.918	0	0.000705329	
222.926	0	0.00238814	
227.671	0	0.000335526	
230.607	0	0.00112366	
248.96	0	0.0032061	
237.789	0	0.00172551	
219.451	0	0.000458549	
227.601	0	0.000392807	
224.569	0	0.000334907	
227.803	0	0.000544802	
215.951	0	0.000866293	
215.923	0	0.000486255	
223.462	0	0.000265923	
220.817	0	0.000206461	
226.747	0	0.000368135	
217.734	0	0.000346835	
213.706	0	0.00046254	
221.736	0	0.000327449	
211.05	0	0.000445666	
222.171	0	0.0006728	
221.434	0	0.000320033	
217.342	0	0.00031905	
196.525	0	0.00115876	
195.446	0	0.00104431	
194.579	0	0.0013866	
194.43	0	0.00093893	
193.162	0	0.00336541	
195.64	0	0.00114496	
195.06	0	0.0011156	
195.24	0	0.00142896	
195.509	0	0.00071742	
197.372	0	0.00112556	
192.9	0	0.000883354	
194.409	0	0.000644907	
193.011	0	0.000636323	
193.296	0	0.00177304	
191.675	0	0.000795018	
190.121	0	0.000725545	
215.757	0	0.000907202	
220.563	0	0.000857146	
220.788	0	0.00235558	
217.287	0	0.000491864	
219.715	0	0.00117075	
211.326	0	0.000624562	
215.16	0	0.000471472	
214.491	0	0.000786344	
213.311	0	0.00122416	
207.3	0	0.000708884	
211.46	0	0.00068652	
211.728	0	0.000763786	
212.129	0	0.000562838	
210.582	0	0.000654825	
210.316	0	0.000515843	
205.619	0	0.000613776	
213.908	0	0.000469255	
209.836	0	0.00120326	
207.736	0	0.000628541	
215.658	0	0.00146282	
215.676	0	0.000911897	
212.904	0	0.00255201	
211.267	0	0.00045363	
209.931	0	0.00145624	
206.788	0	0.000780284	
206.177	0	0.000821524	
209.09	0	0.000424564	
206.289	0	0.000726446	
205.286	0	0.00047486	
210.749	0	0.000432819	
194.615	0	0.00137584	
194.673	0	0.000920916	
194.399	0	0.00127269	
203.212	0	0.000758438	
196.355	0	0.00301617	
199.931	0	0.000768234	
200.785	0	0.000993236	
193.133	0	0.000892719	
179.951	0	0.00097857	
173.258	0	0.00287888	
183.073	0	0.000489523	
173.875	0	0.00165795	
193.337	0	0.000726219	
184.458	0	0.000724261	
183.673	0	0.000611713	
182.787	0	0.000784333	
190.837	0	0.00124287	
188.721	0	0.00102707	
177.958	0	0.0011735	
188.881	0	0.00132043	
238.229	0	0.000825866	
179.933	0	0.00092681	
192.438	0	0.00105502	
206.272	0	0.00114383	
224.704	0	0.000893018	
194.2	0	0.000796912	
254.181	0	0.000590282	
245.485	0	0.000506291	
275.89	0	0.000854308	
242.755	0	0.000646871	
193.621	0	0.00128013	
206.574	0	0.00130927	
294.739	0	0.000614986	
308.105	0	0.000520461	
207.839	0	0.000510812	
213.936	0	0.000631007	
220.154	0	0.000429011	
209.352	0	0.000400043	
151.443	0	0.00163842	
218.202	0	0.000787314	
219.525	0	0.000331052	
217.883	0	0.000391821	
201.589	0	0.000408183	
197.498	0	0.00062568	
175.805	0	0.000371614	
186.455	0	0.000349078	
199.337	0	0.000390565	
189.805	0	0.000282173	
218.434	0	0.00016384	
218.338	0	0.000114998	
221.683	0	0.00018047	
217.092	0	0.000165929	
214.801	0	0.000225307	
217.914	0	0.000309786	
216.306	0	0.000330668	
213.238	0	0.000360602	
218.879	0	0.000381632	
216.715	0	0.000245061	
219.01	0	0.000162345	
217.566	0	0.000194588	
217.122	0	0.000277522	
220.202	0	0.000160958	
308.636	0	0.00019612	
316.138	0	0.000206606	
249.315	0	0.000425763	
242.984	0	0.000704173	
342.325	0	0.000412084	
283.529	0	0.0005887	
214.317	0	0.000480733	
214.743	0	0.000401292	
228.055	0	0.000411023	
197.174	0	0.000750444	
251.644	0	0.000692713	
245.877	0	0.000754079	
272.801	0	0.000544136	
345.47	0	0.000352005	
427.373	0	0.000342523	
554.174	0	0.000294458	
322.4	0	0.00046901	
282.83	0	0.000475428	
197.709	0	0.000298469	
200.406	0	0.000317143	
202.233	0	0.000679935	
183.779	0	0.000950674	
220.166	0	0.000861522	
208.669	0	0.0010434	
194.461	0	0.000378613	
183.077	0	0.000706418	
198.798	0	0.00179207	
228.947	0	0.00119014	
311.663	0	0.000789463	
266.194	0	0.00107585	
193.624	0	0.00104341	
217.933	0	0.000711806	
328.92	0	0.000515398	
271.513	0	0.000772069	
297.617	0	0.000819018	
325.368	0	0.000642406	
210.535	0	0.000996379	
188.274	0	0.00140402	
219.374	0	0.000597879	
204.298	0	0.000813671	
244.903	0	0.0007973	
223.7	0	0.000986163	
249.386	0	0.000676413	
281.956	0	0.000433929	
310.153	0	0.000365366	
349.697	0	0.000521716	
266.313	0	0.000377789	
245.041	0	0.000404385	
275.3	0	0.000489445	
301.675	0	0.000583516	
272.048	0	0.000390826	
229.558	0	0.000702251	
301.181	0	0.000662816	
284.995	0	0.00066474	
292.393	0	0.000580766	
311.645	0	0.000522462	
197.869	0	0.00077427	
204.739	0	0.000970149	
192.106	0	0.00067199	
191.5	0	0.000524411	
210.652	0	0.000804334	
212.65	0	0.000497871	
189.807	0	0.00100912	
201.444	0	0.00119564	
180.212	0	0.00118828	
183.067	0	0.0022167	
187.053	0	0.0004035	
188.258	0	0.000898503	
185.287	0	0.00116848	
191.863	0	0.000537301	
212.431	0	0.00049309	
215.395	0	0.000465751	
209.952	0	0.00039762	
213.379	0	0.000340541	
211.02	0	0.00052718	
191.023	0	0.00104772	
214.254	0	0.000397581	
213.331	0	0.000289332	
200.046	0	0.000307388	
200.062	0	0.000439292	
200.282	0	0.000339607	
201.392	0	0.000609527	
199.377	0	0.000646848	
203.712	0	0.00031537	
205.311	0	0.000261012	
207.272	0	0.000391523	
204.364	0	0.000260187	
207.687	0	0.000362044	
213.691	0	0.000528695	
209.68	0	0.000233269	
206.817	0	0.000441791	
204.897	0	0.000430172	
203.427	0	0.000214064	
208.301	0	0.000275814	
209.716	0	0.000235793	
207.63	0	0.000317903	
209.919	0	0.000262751	
213.401	0	0.000379018	
190.193	0	0.00057834	
192.253	0	0.000670259	
212.717	0	0.000289708	
205.411	0	0.000326628	
215.892	0	0.000378055	
215.84	0	0.000619088	
187.195	0	0.00063092	
205.282	0	0.000433696	
215.395	0	0.000292591	
220.433	0	0.000351935	
222.063	0	0.000389825	
220.881	0	0.0006774	
216.82	0	0.000329041	
219.106	0	0.000297162	
193.07	0	0.000311394	
194.814	0	0.000573118	
199.071	0	0.000500862	
200.537	0	0.000450673	
191.918	0	0.000287718	
193.794	0	0.000436084	
190.268	0	0.000454181	
195.319	0	0.000353404	
212.585	0	0.000149936	
211.643	0	0.000154294	
263.54	0	0.00121213	
275.152	0	0.00133468	
251.501	0	0.00129657	
228.382	0	0.00217366	
293.189	0	0.000784272	
293.086	0	0.000662106	
307.816	0	0.000301447	
252.315	0	0.000545675	
225.887	0	0.000347816	
222.548	0	0.000635772	
219.68	0	0.00039344	
210.88	0	0.000324767	
175.539	0	0.000321152	
190.331	0	0.0003374	
211.555	0	0.000265437	
216.154	0	0.00047172	
213.327	0	0.000420872	
213.303	0	0.000451921	
218.585	0	0.000337145	
215.533	0	0.000145951	
217.542	0	0.000235025	
220.41	0	0.000196602	
219.899	0	0.000133113	
221.116	0	0.000173145	
216.501	0	0.000113774	
218.29	0	0.000123323	
212.706	0	0.000235144	
212.822	0	0.000219858	
217.37	0	0.000157833	
208.64	0	0.00048534	
208.906	0	0.000344699	
204.889	0	0.000796663	
219.992	0	0.000114327	
218.95	0	0.000169306	
217.17	0	0.000115585	
219.958	0	0.000178999	
217.012	0	0.000137167	
215.306	0	0.000162296	
298.174	0	0.000311899	
366.486	0	0.000130277	
262.075	0	0.000684724	
319.361	0	0.000514686	
203.86	0	0.000358736	
202.83	0	0.000236656	
199.679	0	0.000291147	
195.953	0	0.000402486	
199.904	0	0.000252036	
198.955	0	0.000439318	
198.82	0	0.00063051	
199.471	0	0.000483795	
203.279	0	0.000224041	
203.776	0	0.00027007	
201.374	0	0.000272839	
206.853	0	0.000169386	
203.861	0	0.000911032	
221.335	0	0.000985664	
243.124	0	0.000566503	
279.878	0	0.000554825	
365.549	0	0.000455505	
251.3	0	0.00133303	
249.6	0	0.000436444	
243.778	0	0.000477133	
393.578	0	0.000315739	
333.713	0	0.000412032	
307.068	0	0.000658339	
358.839	0	0.000547022	
211.539	0	0.000553581	
218.041	0	0.000302578	
183.363	0	0.000856126	
185.657	0	0.000623301	
180.626	0	0.00132136	
182.624	0	0.000931426	
184.42	0	0.000714399	
184.346	0	0.000688501	
187.556	0	0.000402945	
189.46	0	0.00027851	
193.806	0	0.000459943	
195.179	0	0.000454171	
201.348	0	0.000535342	
203.271	0	0.000403449	
203.654	0	0.00035378	
204.133	0	0.000221447	
208.474	0	0.000449731	
206.905	0	0.000235189	
206.397	0	0.000403046	
209.523	0	0.000194365	
215.623	0	9.47752e-05	
213.112	0	0.000118688	
206.477	0	0.000653394	
175.745	0	0.000742853	
176.688	0	0.000919217	
195.969	0	0.00044159	
215.565	0	0.000487227	
212.687	0	0.000466236	
189.001	0	0.000284834	
192.741	0	0.000385943	
189.212	0	0.000477944	
189.742	0	0.000297402	
192.99	0	0.00033236	
192.381	0	0.000317912	
206.033	0	0.000614019	
199.343	0	0.00029929	
214.339	0	0.00013128	
214.346	0	0.000153997	
215.527	0	0.000101212	
214.917	0	0.000210206	
213.898	0	0.000145257	
212.256	0	0.000147011	
216.68	0	9.83615e-05	
216.033	0	8.97809e-05	
221.551	0	0.000486025	
217.023	0	9.53905e-05	
215.173	0	0.00018263	
219.194	0	0.000144848	
216.273	0	0.000126684	
217.892	0	0.000284438	
210.713	0	0.000113876	
209.626	0	0.000216935	
212.659	0	0.000179266	
209.308	0	0.000186511	
213.295	0	0.000198376	
210.583	0	0.000104939	
212.058	0	9.14653e-05	
209.8	0	9.50692e-05	
209.143	0	0.000880787	
199.699	0	0.000996595	
199.733	0	0.000860189	
193.848	0	0.00095254	
214.059	0	0.00041914	
210.541	0	0.000645397	
174.966	0	0.000330961	
204.025	0	0.000266402	
211.996	0	0.000425383	
197.647	0	0.000575412	
205.925	0	0.000226991	
210.763	0	0.000341871	
240.404	0	0.000857204	
397.45	0	0.000678099	
188.719	0	0.000417651	
191.762	0	0.000450379	
199.618	0	0.000383188	
199.93	0	0.000333923	
204.305	0	0.000280955	
208.981	0	0.000229817	
201.394	0	0.000205125	
206.743	0	0.000220382	
192.777	0	0.000420461	
196.172	0	0.000290487	
203.152	0	0.000494421	
202.323	0	0.000271749	
208.943	0	0.000202217	
215.478	0	0.000101742	
210.603	0	0.000175207	
206.867	0	0.000176622	
211.171	0	0.000136197	
206.666	0	0.000149228	
210.55	0	0.000296553	
212.599	0	0.000132164	
212.525	0	0.000283505	
216.354	0	0.000212413	
184.356	0	0.000990657	
185.327	0	0.000689527	
201.014	0	0.000326051	
195.959	0	0.000243144	
205.405	0	0.000296928	
200.29	0	0.000281038	
211.59	0	0.000107203	
214.892	0	0.000168236	
205.024	0	0.000272572	
209.841	0	0.000135379	
214.16	0	0.000364622	
199.351	0	0.000287088	
199.209	0	0.00032759	
203.309	0	0.000205176	
285.298	0	0.000483058	
306.288	0	0.00038396	
320.515	0	0.000222598	
286.148	0	0.000346773	
421.079	0	0.000189369	
357.256	0	0.000146103	
308.566	0	0.000264307	
273.257	0	0.000359464	
472.811	0	0.00018635	
473.601	0	0.000242411	
504.565	0	8.75779e-05	
398.328	0	0.000141424	
390.186	0	0.000118424	
339.466	0	0.000328455	
196.197	0	0.000513497	
203.633	0	0.000421068	
199.978	0	0.000188886	
198.229	0	0.000329894	
381.263	0	0.00049339	
305.505	0	0.000733713	
186.144	0	0.00164287	
211.66	0	0.00139416	
211.424	0	0.00132693	
216.962	0	0.000940191	
335.286	0	0.000461619	
296.739	0	0.000605122	
288.55	0	0.000422361	
370.161	0	0.000649886	
260.895	0	0.000999589	
257.823	0	0.000751872	
219.221	0	0.000635193	
222.918	0	0.000381279	
229.441	0	0.000464858	
221.035	0	0.000440221	
188.382	0	0.000896581	
183.424	0	0.00172932	
197.165	0	0.000333465	
196.915	0	0.000504311	
197.426	0	0.000630447	
199.08	0	0.000378592	
211.017	0	0.000469071	
211.711	0	0.000738823	
176.625	0	0.000216833	
184.982	0	0.000283186	
180.309	0	0.000211886	
169.701	0	0.000250979	
147.382	0	0.000414668	
152.298	0	0.000363901	
187.076	0	0.000891036	
197.489	0	0.000540568	
191.418	0	0.000255227	
188.113	0	0.000624289	
218.772	0	0.0004526	
207.141	0	0.000506766	
221.15	0	0.00040612	
212.964	0	0.000789497	
241.999	0	0.000416728	
291.129	0	0.000975143	
176.637	0	0.00056099	
156.649	0	0.000720765	
160.529	0	0.000556398	
140.142	0	0.00100392	
215.882	0	0.000439896	
211.691	0	0.000553768	
361.775	0	0.000309793	
296.248	0	0.000311888	
307.904	0	0.000278773	
321.582	0	0.000368035	
376.345	0	0.000422245	
644.303	0	0.000270421	
335.333	0	0.000907214	
373.957	0	0.00049658	
266.788	0	0.00101538	
306.48	0	0.000863142	
481.709	0	0.00040318	
509.273	0	0.000474351	
336.113	0	0.000904341	
305.5	0	0.000385962	
203.514	0	0.000350041	
204.849	0	0.000733937	
174.073	0	0.000391079	
144.234	0	0.00111055	
201.431	0	0.000382586	
206.461	0	0.000298518	
318.856	0	0.000248383	
348.701	0	0.000136757	
457.794	0	0.000149387	
416.587	0	0.000102568	
425.271	0	0.000441542	
279.709	0	0.000801135	
423.548	0	0.000340603	
355.306	0	0.000450095	
434.044	0	0.000479151	
353.309	0	0.000492582	
196.287	0	0.00068814	
189.777	0	0.000917539	
202.898	0	0.000363155	
204.532	0	0.000596939	
196.632	0	0.00074069	
197.821	0	0.000597299	
210.984	0	0.000273106	
214.174	0	0.00036714	
197.541	0	0.000404054	
193.292	0	0.000509755	
209.773	0	0.000616374	
205.177	0	0.00022582	
202.533	0	0.000411346	
208.452	0	0.000219696	
206.12	0	0.000214353	
209.02	0	0.000167734	
208.906	0	0.000176471	
208.854	0	0.000188885	
207.965	0	0.000270785	
206.993	0	0.000450376	
198.117	0	0.000474464	
204.809	0	0.000282366	
212.969	0	0.000125477	
210.118	0	0.000130557	
209.656	0	9.82791e-05	
211.306	0	0.000280636	
201.954	0	0.00026643	
202.915	0	0.000202446	
222.84	0	0.000324271	
206.705	0	0.000365358	
204.729	0	0.000305449	
204.594	0	0.000203553	
315.192	0	0.000456369	
352.458	0	0.000950847	
580.029	0	0.000132183	
325.742	0	0.000291528	
394.967	0	0.000268478	
428.616	0	0.000223003	
190.17	0	0.000312746	
200.083	0	0.000426376	
212.139	0	0.00184965	
258.373	0	0.0012794	
225.639	0	0.000618851	
204.959	0	0.00102963	
228.628	0	0.000510181	
228.512	0	0.000727394	
188.172	0	0.000413671	
194.011	0	0.000366846	
220.879	0	0.00050195	
228.374	0	0.000343096	
428.368	0	0.000347638	
253.815	0	0.000905529	
402.735	0	0.000269877	
324.537	0	0.000280796	
399.289	0	0.000196765	
392.57	0	0.000557672	
331.921	0	0.000624665	
200.714	0	0.000295613	
153.341	0	0.000687523	
102.256	0	0.00063367	
148.046	0	0.000332004	
186.083	0	0.000318901	
187.277	0	0.000304116	
383.85	0	0.000216229	
451.852	0	0.000123959	
415.316	0	0.000117277	
565.849	0	0.000142288	
188.726	0	0.000797644	
192.161	0	0.000809769	
205.665	0	0.000171376	
203.841	0	0.000196886	
204.583	0	0.000199646	
208.134	0	0.000234917	
199.232	0	0.000239099	
206.041	0	0.00039448	
209.019	0	0.000303684	
203.044	0	0.000187449	
205.976	0	0.00017043	
210.338	0	0.000207778	
207.782	0	0.000185894	
207.865	0	0.000182503	
210.935	0	0.00019998	
199.76	0	0.000224559	
383.77	0	0.000503711	
356.183	0	0.000649461	
422.97	0	0.000113493	
389.866	0	0.000208245	
186.866	0	0.000643303	
200.51	0	0.0004127	
192.872	0	0.000407699	
195.421	0	0.000340107	
285.672	0	0.000252501	
262.141	0	0.000281106	
189.83	0	0.000288095	
202.394	0	0.00035272	
462.273	0	0.000114233	
518.041	0	0.000138955	
413.841	0	0.000161566	
479.815	0	0.00013762	
209.18	0	0.000179579	
204.164	0	0.000162161	
204.447	0	0.000335524	
205.32	0	0.000162204	
211.993	0	0.00046799	
200.116	0	0.000209798	
200.202	0	0.000217782	
205.601	0	0.000206046	
206.266	0	0.000147409	
208.981	0	0.000207769	
197.525	0	0.000282415	
203.431	0	0.000248191	
219.891	0	0.000317616	
205.419	0	0.000332703	
518.428	0	0.000115368	
510.364	0	0.000201458	
262.399	0	0.000252849	
268.778	0	0.000241636	
193.01	0	0.00029895	
154.568	0	0.000767954	
199.102	0	0.000268449	
199.942	0	0.000217341	
263.837	0	0.000327408	
237.739	0	0.000470452	
293.089	0	0.000265041	
267.914	0	0.000345914	
277.707	0	0.000351741	
243.696	0	0.000337509	
248.102	0	0.000361208	
279.292	0	0.00023929	
304.243	0	0.000451879	
305.059	0	0.000181048	
285.341	0	0.000246704	
292.94	0	0.00134053	
304.717	0	0.000785721	
300.824	0	0.000961219	
371.21	0	0.000439912	
78.2953	0	0.0027457	
117.338	0	0.00128046	
156.022	0	0.000730505	
163.217	0	0.000565498	
409.908	0	0.000872097	
558.33	0	0.000424337	
334.988	0	0.000641238	
299.588	0	0.00082052	
448.976	0	0.000444911	
501.21	0	0.000229038	
183.314	0	0.00115842	
238.323	0	0.000739825	
275.523	0	0.000550222	
224.484	0	0.000659837	
377.999	0	0.000448085	
306.302	0	0.000697147	
347.518	0	0.00041567	
323.835	0	0.000477695	
218.49	0	0.000623779	
220.43	0	0.00146431	
207.707	0	0.000168113	
204.088	0	0.0001307	
200.889	0	0.000200261	
197.327	0	0.000299814	
214.136	0	0.000358127	
213.203	0	0.00049781	
218.021	0	0.000280504	
211.204	0	0.000400684	
194.583	0	0.000463272	
186.025	0	0.00104282	
343.851	0	0.000492704	
338.446	0	0.000493238	
207.252	0	0.000498018	
158.826	0	0.000889529	
203.508	0	0.000525979	
198.986	0	0.000466108	
207.293	0	0.000383008	
206.44	0	0.000357651	
212.455	0	0.000205284	
217.911	0	0.000339107	
211.027	0	0.000189998	
213.695	0	0.000175859	
410.266	0	0.000153032	
437.317	0	0.000116927	
303.18	0	0.000465921	
343.244	0	0.000205145	
199.604	0	0.000351412	
206.239	0	0.00049801	
316.635	0	0.00124326	
218.28	0	0.0018919	
253.654	0	0.000835877	
331.557	0	0.000597968	
403.847	0	0.0005048	
371.339	0	0.00068585	
320.562	0	0.000561652	
340.581	0	0.000702514	
321.557	0	0.00112236	
412.948	0	0.000548669	
323.238	0	0.000574716	
378.895	0	0.000631182	
228.714	0	0.000319146	
214.663	0	0.000521419	
203.219	0	0.000882186	
200.5	0	0.00106588	
209.391	0	0.000498631	
212.342	0	0.000307939	
164.932	0	0.000230134	
156.115	0	0.000260101	
186.722	0	0.000339981	
175.407	0	0.000251015	
125.755	0	0.000625579	
133.337	0	0.00105962	
447.474	0	0.000471683	
386.994	0	0.000356275	
351.219	0	0.000309736	
416.79	0	0.000356822	
188.447	0	0.000587009	
195.891	0	0.000882784	
486.201	0	0.000451262	
379.913	0	0.000923951	
229.941	0	0.000545921	
228.799	0	0.000344495	
221.824	0	0.000433569	
201.724	0	0.000688795	
380.893	0	0.000243966	
439.169	0	0.000206272	
122.802	0	0.000406368	
126.714	0	0.000500456	
102.436	0	0.000903785	
102.403	0	0.000871452	
115.246	0	0.000553659	
97.1425	0	0.000657524	
193.899	0	0.000259625	
204.716	0	0.000218527	
200.063	0	0.000299066	
192.998	0	0.000286022	
509.78	0	9.97233e-05	
498.763	0	0.000145188	
205.803	0	0.000140937	
200.441	0	0.000214153	
222.899	0	0.000476435	
219.88	0	0.000557947	
184.243	0	0.000499703	
176.007	0	0.000762109	
168.156	0	0.000271133	
185.601	0	0.000452982	
189.887	0	0.000480719	
191.461	0	0.000478372	
327.05	0	0.000245403	
339.14	0	0.000264695	
324.551	0	0.000169296	
317.931	0	0.000203468	
456.782	0	0.000358223	
355.308	0	0.000569442	
321.263	0	0.000865957	
378.701	0	0.000498438	
407.544	0	0.000540545	
413	0	0.000441762	
189.462	0	0.000643503	
168.197	0	0.000520083	
133.624	0	0.000789994	
186.52	0	0.000852578	
545.187	0	0.000433021	
363.231	0	0.000705053	
432.45	0	0.000362494	
354.953	0	0.000958098	
384.016	0	0.00056287	
615.21	0	0.000453479	
510.442	0	0.00027093	
574.358	0	0.000197775	
494.699	0	0.000409676	
405.656	0	0.000382766	
410.689	0	0.000326088	
412.374	0	0.000367408	
413.783	0	0.00060713	
397.35	0	0.000481518	
454.161	0	0.000256731	
364.448	0	0.000993827	
215.5	0	0.000995892	
181.702	0	0.000783683	
203.087	0	0.000199322	
204.052	0	0.000145465	
213.583	0	0.000248431	
214.653	0	0.000234849	
346.438	0	0.000609393	
387.177	0	0.00058269	
194.382	0	0.000609799	
192.473	0	0.00063697	
214.916	0	0.000214215	
216.297	0	0.000126668	
212.738	0	0.000201409	
209.222	0	0.000361336	
211.791	0	0.00018893	
208.963	0	0.000328953	
219.192	0	0.000179727	
220.993	0	0.000249947	
368.691	0	0.000308139	
515.23	0	0.000142477	
269.708	0	0.00162531	
210.064	0	0.00218392	
388.933	0	0.000498045	
307.486	0	0.00122927	
227.498	0	0.000245009	
218.376	0	0.000405959	
212.434	0	0.000511556	
211.631	0	0.000319665	
206.007	0	0.000319884	
214.205	0	0.000353707	
206.754	0	0.000382344	
214.732	0	0.000937242	
201.854	0	0.000595459	
205.651	0	0.000454043	
453.595	0	0.000451514	
399.715	0	0.000561904	
230.119	0	0.000459806	
232.719	0	0.000467557	
482.488	0	0.000209743	
642.114	0	0.000156451	
203.549	0	0.000346693	
200.423	0	0.000628647	
583.133	0	0.000123897	
537.779	0	8.88985e-05	
199.377	0	0.000237794	
206.503	0	0.000201083	
156.83	0	0.00042505	
166.799	0	0.000452772	
155.902	0	0.000608662	
117.805	0	0.000953238	
331.992	0	0.00024319	
349.985	0	0.000220133	
376.515	0	0.000230457	
323.065	0	0.000480272	
333.545	0	0.000254989	
316.446	0	0.000183519	
338.203	0	0.000181657	
386.905	0	0.000418787	
490.902	0	0.000909722	
822.823	0	0.000386674	
383.228	0	0.000883498	
547.806	0	0.000496522	
482.302	0	0.000361323	
405.477	0	0.000428757	
130.879	0	0.000771752	
165.743	0	0.00074404	
214.369	0	0.000173921	
213.858	0	0.0003413	
443.653	0	0.000352641	
400.323	0	0.000560228	
207.815	0	0.00103216	
184.187	0	0.000867636	
230.827	0	0.000274477	
226.681	0	0.000436104	
565.633	0	0.000165789	
704.737	0	0.000104107	
558.975	0	0.000652177	
485.821	0	0.000449019	
455.193	0	0.00053551	
442.111	0	0.000522871	
207.134	0	0.00018154	
215.269	0	0.000169269	
218.037	0	0.000333436	
222.781	0	0.000227404	
195.39	0	0.000160985	
202.762	0	0.000429353	
491.908	0	0.000391398	
358.007	0	0.000691143	
181.185	0	0.00244257	
183.576	0	0.00117957	
445	0	0.000666899	
449.192	0	0.000617803	
237.451	0	0.00154808	
197.751	0	0.00117661	
285.086	0	0.0012971	
339.855	0	0.00102281	
267.365	0	0.00160747	
321.963	0	0.0010333	
178.766	0	0.000971885	
130.082	0	0.00201905	
183.773	0	0.000195504	
188.854	0	0.000125889	
174.041	0	0.00014933	
157.199	0	0.000339006	
202.144	0	0.000695189	
195.948	0	0.000727386	
342.296	0	0.000738583	
416.63	0	0.000517232	
544.666	0	0.000300778	
631.319	0	0.000311027	
187.191	0	0.000973184	
182.036	0	0.00148959	
192.244	0	0.000688102	
192.087	0	0.000423049	
201.74	0	0.000206252	
203.537	0	0.000212553	
198.377	0	0.000424354	
329.283	0	0.00036891	
189.211	0	0.000515487	
206.751	0	0.000366675	
212.031	0	0.00079973	
159.588	0	0.000314372	
169.298	0	0.000291142	
120.53	0	0.00123471	
79.1225	0	0.00175888	
70.1709	0	0.00133915	
65.1938	0	0.00161081	
192.646	0	0.000191818	
187.135	0	0.000244366	
177.466	0	0.000549379	
145.028	0	0.000661328	
420.782	0	0.000617302	
460.422	0	0.000439517	
431.702	0	0.000290318	
380.704	0	0.000851138	
478.377	0	0.000506269	
428.109	0	0.000499358	
347.365	0	0.000363948	
449.11	0	0.000277211	
482.016	0	0.00015479	
466.715	0	0.000268442	
228.616	0	0.000511207	
225.525	0	0.000225194	
198.663	0	0.000612306	
187.518	0	0.000596546	
456.869	0	0.000629004	
524.134	0	0.000545808	
551.698	0	0.000133165	
524.291	0	0.000140514	
197.979	0	0.000146249	
197.932	0	0.000345791	
391.24	0	0.000493979	
444.633	0	0.000612723	
401.856	0	0.000329682	
400.833	0	0.00024418	
368.055	0	0.000268886	
363.949	0	0.000349925	
111.009	0	0.00135512	
88.8531	0	0.00301866	
571.841	0	0.000914685	
483.059	0	0.000537146	
215.873	0	0.000360766	
231.123	0	0.000262952	
199.586	0	0.000591863	
211.281	0	0.000227667	
223.331	0	0.000226947	
226.286	0	0.000216397	
213.097	0	0.000236608	
227.599	0	0.000259357	
217.374	0	0.000225861	
220.85	0	0.000222431	
213.929	0	0.000338395	
227.723	0	0.0001812	
222.559	0	0.000225102	
220.003	0	0.000286648	
224.932	0	0.00038833	
209.902	0	0.000565631	
221.636	0	0.000206216	
220.482	0	0.000392692	
216.666	0	0.000275476	
212.424	0	0.000291782	
223.098	0	0.000283404	
220.362	0	0.000409973	
210.856	0	0.00042241	
214.616	0	0.000538742	
195.041	0	0.000218359	
193.744	0	0.000270214	
196.279	0	0.00099985	
186.178	0	0.00209346	
192.873	0	0.00028141	
195.765	0	0.000174848	
198.793	0	0.000300087	
194.46	0	0.000181472	
181.108	0	0.000211571	
184.317	0	0.00021335	
601.3	0	0.000414246	
457.422	0	0.000350674	
185.315	0	0.000596549	
190.642	0	0.000693978	
349.656	0	0.000190915	
317.536	0	0.000257582	
207.65	0	0.000508047	
195.091	0	0.000463195	
202.449	0	0.000344851	
206.493	0	0.000436208	
187.454	0	0.000226944	
181.579	0	0.000311792	
123.654	0	0.000867394	
62.0034	0	0.0018326	
93.5423	0	0.00149228	
87.9186	0	0.00158403	
492.897	0	0.000268733	
432.579	0	0.000858225	
482.412	0	0.000559702	
682.23	0	0.000165499	
629.702	0	0.000165637	
668.135	0	0.000167258	
201.159	0	0.00020657	
200.488	0	0.00011976	
200.632	0	0.00017159	
197.244	0	0.000245791	
208.067	0	0.000362102	
201.55	0	0.00056604	
220.579	0	0.000420195	
214.784	0	0.000390791	
200.687	0	0.000286459	
188.032	0	0.000300913	
189.672	0	0.000296135	
185.575	0	0.000276017	
187.51	0	0.000157598	
193.165	0	0.000117309	
185.823	0	0.000260599	
197.412	0	0.000221873	
679.397	0	0.000377146	
557.314	0	0.000444297	
179.37	0	0.000701138	
182.853	0	0.00097721	
364.648	0	0.000168713	
358.655	0	0.000284042	
643.527	0	9.81303e-05	
722.884	0	6.54727e-05	
734.154	0	0.000229695	
674.947	0	0.00019975	
200.225	0	0.000136521	
202.912	0	0.00014298	
205.634	0	0.000622062	
127.6	0	0.0018535	
210.305	0	0.000373772	
207.447	0	0.000607497	
215.266	0	0.000188795	
194.735	0	0.000232546	
342.289	0	0.000163788	
342.014	0	0.000266973	
186.09	0	0.000887463	
191.894	0	0.0014836	
186.045	0	0.000538448	
173.959	0	0.000630727	
369.698	0	0.000831598	
408.128	0	0.000726303	
510.176	0	0.000882841	
572.117	0	0.000477676	
212.601	0	0.00137659	
182.801	0	0.000904528	
563.794	0	0.000209454	
761.185	0	0.000250503	
617.644	0	0.000126142	
669.767	0	9.4431e-05	
220.881	0	0.000710192	
203.465	0	0.000804886	
425.687	0	0.000546468	
457.31	0	0.000487146	
483.207	0	0.000662047	
706.995	0	0.000241096	
162.675	0	0.000763763	
134.835	0	0.00173769	
428.151	0	0.000398449	
416.403	0	0.000559441	
201.555	0	0.000370077	
203.874	0	0.000406535	
466.525	0	0.000519142	
435.936	0	0.000590993	
359.449	0	0.000501322	
402.449	0	0.000448944	
585.323	0	0.000393821	
554.419	0	0.000651917	
643.047	0	0.000475946	
616.282	0	0.000397692	
268.552	0	0.00134595	
240.429	0	0.000912051	
192.815	0	0.00118474	
196.076	0	0.000237233	
205.03	0	0.0005447	
205.196	0	0.000273852	
197.929	0	0.000294258	
194.588	0	0.000270014	
144.72	0	0.000694397	
86.1621	0	0.00165502	
481.675	0	0.000345884	
460.57	0	0.00038629	
507.838	0	0.000452142	
469.866	0	0.000567182	
475.729	0	0.00108203	
427.401	0	0.000518787	
600.547	0	0.000112222	
524.094	0	0.000179609	
562.242	0	0.000151143	
712.537	0	7.87245e-05	
529.589	0	0.00018977	
566.767	0	0.00021914	
488.5	0	0.000352642	
536.612	0	0.000338665	
629.642	0	0.00016781	
618.54	0	0.00011497	
196.754	0	0.000689244	
186.492	0	0.000531815	
192.9	0	0.000806581	
194.911	0	0.000540441	
415.665	0	0.000453473	
495.743	0	0.000379402	
207.164	0	0.000892321	
189.261	0	0.00143121	
551.475	0	0.000432768	
487.614	0	0.000307237	
511.052	0	0.000230092	
490.696	0	0.000440974	
179.138	0	0.000767284	
179.899	0	0.000709283	
359.907	0	0.000204499	
746.409	0	0.000210005	
821.136	0	0.000247597	
183.048	0	0.000723414	
177.472	0	0.000914614	
144.108	0	0.00123002	
169.952	0	0.000649933	
537.385	0	0.000797541	
591.607	0	0.00053566	
603.37	0	0.000169319	
685.946	0	9.22822e-05	
676.494	0	0.000118952	
734.042	0	6.99171e-05	
778.988	0	9.63312e-05	
785.477	0	7.96368e-05	
753.973	0	0.000103543	
865.274	0	0.000190645	
821.376	0	0.000107985	
925.332	0	0.000207639	
196.51	0	0.000308956	
196.178	0	0.000360037	
195.547	0	0.000266061	
205.336	0	0.000198401	
201.153	0	0.000202334	
193.871	0	0.000226065	
201.687	0	0.000276536	
200.444	0	0.000327632	
192.245	0	0.000273645	
192.286	0	0.000360921	
157.674	0	0.000689199	
117.794	0	0.00115945	
126.152	0	0.000815121	
124.809	0	0.000707637	
639.528	0	0.000106295	
608.037	0	0.000108258	
649.353	0	0.000232453	
707.507	0	0.00016096	
186.195	0	0.000620709	
189.04	0	0.00143022	
189.144	0	0.000600208	
176.068	0	0.000588972	
221.692	0	0.00105844	
214.69	0	0.00106364	
208.978	0	0.00104323	
210.441	0	0.00112548	
614.211	0	0.000487285	
614.24	0	0.00023267	
552.477	0	0.00026001	
564.359	0	0.000285348	
184.024	0	0.000664706	
176.702	0	0.000997354	
180.833	0	0.000365857	
181.653	0	0.000551158	
377.774	0	0.000164595	
358.358	0	0.000228192	
166.702	0	0.000774173	
152.91	0	0.000888306	
625.967	0	0.000554182	
626.802	0	0.000813345	
209.2	0	0.000873026	
195.66	0	0.000573915	
186.446	0	0.000376177	
186.483	0	0.000365476	
762.555	0	7.6705e-05	
666.99	0	0.0001271	
651.721	0	0.000389086	
739.449	0	0.000106985	
181.814	0	0.00055804	
184.749	0	0.000677578	
182.628	0	0.000929426	
179.434	0	0.000844145	
555.019	0	0.000400152	
629.359	0	0.000327088	
618.85	0	0.000191145	
597.845	0	0.000223416	
180.888	0	0.000949267	
179.109	0	0.000994552	
179.321	0	0.000885231	
181.22	0	0.000466586	
385.471	0	0.000148338	
373.053	0	0.00015451	
200.327	0	0.000547013	
200.304	0	0.000506378	
192.51	0	0.000362017	
174.082	0	0.000548446	
171.281	0	0.000430329	
185.573	0	0.000231375	
790.627	0	0.000139457	
788.866	0	0.000104728	
725.408	0	0.000373074	
877.413	0	0.000192953	
179.094	0	0.000486484	
183.908	0	0.000559713	
185.835	0	0.00199897	
185.536	0	0.000375509	
181.774	0	0.00068693	
179.233	0	0.000673125	
374.053	0	0.000142219	
387.585	0	0.000246866	
186.116	0	0.000709592	
185.781	0	0.000633951	
187.807	0	0.000280943	
186.055	0	0.000522068	
179.175	0	0.000503207	
181.143	0	0.00053544	
394.107	0	0.000258546	
395.527	0	0.000543228	
182.258	0	0.000631954	
183.726	0	0.000480293	
203.131	0	0.00124118	
188.079	0	0.000597628	
195.049	0	0.000725273	
185.507	0	0.000463784	
213.841	0	0.000865177	
187.133	0	0.000518801	
193.519	0	0.000742765	
194.089	0	0.00099776	
184.193	0	0.000680607	
180.167	0	0.000876012	
201.919	0	0.000406144	
192.093	0	0.000309344	
587.495	0	0.000491452	
602.747	0	0.000540501	
122.221	0	0.00136766	
201.013	0	0.00102623	
198.969	0	0.000215881	
199.801	0	0.000325669	
196.14	0	0.000209976	
199.252	0	0.00014208	
197.788	0	0.000187073	
196.528	0	0.000206519	
200.707	0	0.000282491	
205.187	0	0.000134573	
201.513	0	0.00010278	
203.066	0	0.000188121	
199.963	0	0.000112185	
199.653	0	0.000148995	
199.435	0	0.000203449	
204.685	0	0.000148053	
202.406	0	0.000373566	
209.148	0	0.000134199	
206.205	0	0.000230454	
194.02	0	0.000292517	
51.5576	0	0.0018305	
41.7422	0	0.00457942	
82.0824	0	0.00192604	
39.0382	0	0.00274159	
189.021	0	0.00034165	
196.307	0	0.000172618	
205.008	0	0.000194594	
215.253	0	0.000150052	
210.413	0	0.000597439	
206.718	0	0.000914942	
408.592	0	0.000930384	
468.947	0	0.000662714	
447.786	0	0.000609718	
536.865	0	0.000679037	
647.949	0	0.000339722	
916.862	0	0.000295171	
804.724	0	0.000225592	
559.548	0	0.000461251	
314.75	0	0.000913263	
299.639	0	0.00119082	
965.397	0	0.000384921	
957.634	0	0.000284453	
132.983	0	0.00115329	
95.3497	0	0.00111224	
213.672	0	0.000815619	
207.788	0	0.00106743	
628.511	0	0.000238717	
620.583	0	0.00029402	
664.834	0	0.000168729	
663.95	0	0.000169914	
579.542	0	0.000208486	
531.2	0	0.000385587	
386.376	0	0.000178061	
207.335	0	0.000576424	
201.724	0	0.000857145	
720.578	0	0.000236368	
826.227	0	0.00039227	
454.436	0	0.000540395	
423.684	0	0.000508452	
183.363	0	0.000544842	
180.857	0	0.000659545	
274.901	0	0.00108369	
210.215	0	0.00171064	
209.197	0	0.000388591	
197.104	0	0.00054695	
203.895	0	0.000244553	
175.492	0	0.000449737	
187.737	0	0.000288868	
194.172	0	0.000199994	
34.8273	0	0.00208083	
43.7353	0	0.00202228	
37.9904	0	0.00211742	
45.5675	0	0.00219126	
431.902	0	0.000518214	
435.425	0	0.000510067	
980.23	0	0.000188037	
1002.85	0	0.000318082	
453.54	0	0.000432244	
528.569	0	0.000480959	
67.0666	0	0.00161588	
105.92	0	0.00135944	
93.7092	0	0.00179366	
72.2009	0	0.00182588	
667.731	0	0.000198341	
724.158	0	0.000148071	
706.111	0	0.000151018	
661.998	0	0.000213711	
638.072	0	0.000194277	
586.653	0	0.000219571	
390.608	0	0.000145459	
394.408	0	0.000121169	
188.547	0	0.000707817	
197.983	0	0.000649401	
189.532	0	0.000783937	
173.601	0	0.000704877	
191.66	0	0.000458094	
178.187	0	0.000600793	
191.927	0	0.000225026	
198.621	0	0.000245514	
472.087	0	0.000589192	
444.788	0	0.000558539	
288.741	0	0.000835033	
406.019	0	0.000604386	
880.283	0	0.000338926	
800.256	0	0.000129447	
744.073	0	0.000170923	
754.287	0	0.000399197	
727.885	0	0.000178192	
765.092	0	0.000274755	
627.948	0	0.000210278	
603.379	0	0.000255469	
392.164	0	0.000131329	
392.712	0	0.000135909	
197.516	0	0.00103744	
171.855	0	0.000550103	
191.516	0	0.00030045	
182.632	0	0.000201044	
389.849	0	0.000126029	
400.122	0	0.000157532	
181.155	0	0.000644274	
176.316	0	0.000635255	
187.964	0	0.000245477	
213.767	0	0.000274059	
399.439	0	0.000280155	
428.435	0	0.000591869	
193.575	0	0.000848716	
133.399	0	0.00142917	
157.754	0	0.000809028	
152.408	0	0.00105333	
582.48	0	0.000347209	
509.234	0	0.000452485	
236.094	0	9.49067e-05	
192.572	0	0.000249321	
183.314	0	0.000343278	
180.45	0	0.000294725	
159.31	0	0.00113348	
102.534	0	0.00155017	
904.086	0	0.000215718	
932.669	0	0.000242166	
173.047	0	0.000736752	
164.875	0	0.000754833	
177.715	0	0.000919528	
169.142	0	0.000774503	
165.786	0	0.000712022	
152.584	0	0.0010209	
140.465	0	0.000843451	
147.256	0	0.00112566	
148.493	0	0.000841458	
117.017	0	0.00123263	
101.3	0	0.00149784	
163.404	0	0.0018003	
207.669	0	0.000139784	
211.567	0	0.000113661	
47.3767	0	0.00270053	
29.7576	0	0.00620057	
225.809	0	0.000180119	
198.97	0	0.000198394	
202.528	0	0.000189827	
209.702	0	0.000262052	
167.91	0	0.00103741	
205.897	0	0.00088134	
480.39	0	0.00051927	
506.592	0	0.000570977	
869.401	0	0.000245428	
963.472	0	0.000281766	
297.933	0	0.00199265	
252.72	0	0.0010871	
217.224	0	0.0011394	
199.286	0	0.00104846	
37.7731	0	0.00225673	
33.2618	0	0.00209742	
31.5827	0	0.0028036	
26.7545	0	0.00215563	
57.3111	0	0.00219626	
32.7918	0	0.0023751	
26.9613	0	0.00476977	
38.083	0	0.00321816	
23.3289	0	0.00674129	
24.5939	0	0.00453248	
546.581	0	0.000504642	
499.737	0	0.00083435	
174.861	0	0.00105078	
179.276	0	0.000624882	
917.437	0	0.000366204	
791.489	0	0.000327434	
763.295	0	0.000298897	
752.577	0	0.000504939	
397.436	0	0.000157286	
184.031	0	0.000219834	
179.491	0	0.000375567	
200.246	0	0.000262161	
249.381	0	0.000207239	
596.552	0	0.000545792	
551.671	0	0.000331445	
197.274	0	0.000277764	
210.184	0	0.000153088	
239.071	0	0.000119382	
225.447	0	0.000164844	
166.256	0	0.000295855	
181.163	0	0.000265246	
92.6576	0	0.00201838	
114.039	0	0.00126101	
92.1513	0	0.00108303	
107.897	0	0.00120295	
116.875	0	0.00108214	
135.838	0	0.0011746	
176.177	0	0.000941885	
129.772	0	0.00108839	
476.135	0	0.00108811	
510.939	0	0.000458349	
366.092	0	0.00104815	
319.6	0	0.00178288	
252.031	0	0.00111137	
264.437	0	0.000788577	
48.6208	0	0.00216429	
33.3098	0	0.00359298	
889.292	0	0.000225483	
837.175	0	0.000264973	
391.053	0	0.00012744	
397.48	0	0.00010718	
179.442	0	0.000285164	
186.705	0	0.000251405	
235.648	0	0.000190151	
254.843	0	0.000162543	
221.361	0	0.000133971	
215.465	0	0.000141146	
624.037	0	0.000674197	
512.82	0	0.000705009	
471.264	0	0.000355538	
439.479	0	0.000897448	
223.729	0	0.000211891	
240.642	0	0.000208517	
107.151	0	0.0024393	
32.0396	0	0.00216941	
315.282	0	0.00122369	
269.33	0	0.00207289	
387.69	0	0.000114115	
396.551	0	0.000138704	
177.056	0	0.000329749	
185.698	0	0.000290194	
489.11	0	0.000536756	
418.668	0	0.000586463	
220.934	0	0.000347028	
261.816	0	0.000134675	
276.506	0	0.000114277	
233.329	0	0.000149625	
392.948	0	0.000111574	
401.626	0	0.000156396	
173.312	0	0.000268148	
197.041	0	0.000198419	
557.262	0	0.000838837	
434.519	0	0.000715554	
413.537	0	0.000170414	
404.961	0	0.000364731	
816.189	0	0.000241017	
813.549	0	0.000264867	
163.812	0	0.000517965	
167.449	0	0.000401381	
1061.61	0	0.000138956	
1075.13	0	0.000128126	
76.9018	0	0.00231146	
49.0976	0	0.00261366	
770.964	0	0.000272618	
708.8	0	0.000560925	
646.926	0	0.000258382	
561.385	0	0.000267736	
117.814	0	0.00118011	
125.045	0	0.000863246	
231.133	0	0.000246237	
245.077	0	0.000163911	
1032.67	0	0.000265753	
1089.39	0	0.000218925	
174.031	0	0.000234436	
179.452	0	0.000175582	
66.0096	0	0.000952203	
53.0535	0	0.001156	
529.669	0	0.000444701	
539.501	0	0.000614696	
394.251	0	0.000138093	
198.934	0	0.000288131	
198.684	0	0.000205636	
397.783	0	0.000125289	
400.123	0	0.000135207	
421.409	0	0.000238874	
423.796	0	0.000304416	
158.663	0	0.000323155	
162.922	0	0.00038309	
65.9711	0	0.00185202	
44.2782	0	0.00205188	
703.527	0	0.000333695	
633.315	0	0.000305921	
564.643	0	0.000359427	
576.228	0	0.000431024	
132.797	0	0.00114872	
84.8098	0	0.000930049	
172.448	0	0.000245165	
171.532	0	0.000243782	
183.649	0	0.000250226	
183.335	0	0.000311202	
43.3437	0	0.00176787	
49.336	0	0.00211507	
38.781	0	0.00151612	
66.0347	0	0.00115391	
562.458	0	0.000356223	
553.605	0	0.000233103	
567.507	0	0.000500547	
576.221	0	0.000491244	
385.321	0	0.00011087	
391.95	0	0.00011599	
226.953	0	0.000147637	
242.609	0	0.000267017	
211.833	0	0.000273532	
249.298	0	0.000197124	
388.793	0	9.65632e-05	
391.016	0	0.000103967	
405.75	0	0.000135345	
433.72	0	0.000270912	
166.82	0	0.000281222	
162.467	0	0.000295655	
99.2157	0	0.000876998	
83.9878	0	0.00111508	
639.071	0	0.000196695	
628.128	0	0.000231294	
649.403	0	0.000321953	
587.441	0	0.000183583	
593.432	0	0.000160394	
583.906	0	0.000159379	
570.779	0	0.000185586	
540.261	0	0.000479503	
569.176	0	0.000242842	
572.482	0	0.000238041	
570.859	0	0.00032032	
545.936	0	0.000438949	
165.726	0	0.00122497	
181.073	0	0.000882458	
176.848	0	0.000196858	
188.737	0	0.000188111	
182.161	0	0.000207808	
203.677	0	0.000202091	
379.581	0	0.000130694	
381.935	0	0.00011211	
404.608	0	0.000203252	
412.605	0	0.000126999	
383.149	0	0.000154319	
393.329	0	0.000106001	
149.426	0	0.000792648	
167.45	0	0.000423592	
105.859	0	0.00102342	
104.621	0	0.000808057	
605.887	0	0.000327473	
561.824	0	0.000679704	
392.02	0	0.000109846	
385.81	0	0.000102435	
390.436	0	9.4216e-05	
416.793	0	0.000297202	
411.114	0	0.000177663	
422.868	0	0.000176502	
377.889	0	9.12766e-05	
385.751	0	0.000112672	
108.61	0	0.000865192	
93.5621	0	0.000771884	
566.822	0	0.000245957	
558.507	0	0.000268758	
428.353	0	0.000153675	
422.427	0	0.000157491	
378.43	0	0.000113933	
393.811	0	0.000110431	
595.723	0	0.000641794	
626.771	0	0.000639211	
580.719	0	0.000955413	
531.856	0	0.000571952	
813.651	0	0.000473511	
944.878	0	0.000393111	
228.378	0	0.00165931	
260.381	0	0.00182157	
21.4146	0	0.00294679	
22.3878	0	0.0076623	
167.692	0	0.00177944	
157.826	0	0.00106597	
157.865	0	0.000779428	
173.995	0	0.000896831	
930.914	0	0.000401036	
958.578	0	0.000203108	
144.399	0	0.00118008	
159.512	0	0.000884783	
280.904	0	0.000996898	
247.03	0	0.00098026	
66.2072	0	0.00174535	
26.9461	0	0.00402876	
274.195	0	0.000143768	
271.787	0	0.000119072	
294.545	0	8.77349e-05	
285.91	0	0.000135718	
1007.96	0	0.000189661	
1081.37	0	0.00011767	
1012.66	0	0.000206315	
1077.44	0	0.000124982	
1101.24	0	0.000115898	
1094.95	0	0.000105643	
1062.85	0	0.000490649	
1093.17	0	0.000126431	
1112.64	0	0.000170095	
1105.8	0	0.000141365	
1112.73	0	0.000168548	
1098.19	0	0.000258694	
1088.87	0	0.000105994	
1083.99	0	0.000196896	
873.602	0	0.000343556	
730.861	0	0.000349663	
287.059	0	0.000191613	
253.749	0	0.00013967	
1032.84	0	0.00018417	
1051.6	0	0.000225299	
56.8722	0	0.00124778	
49.0862	0	0.000862584	
27.8549	0	0.00306406	
45.695	0	0.00124672	
44.0625	0	0.00151294	
59.6056	0	0.00103068	
31.7786	0	0.00256836	
33.3626	0	0.00263293	
23.1688	0	0.00489644	
35.5222	0	0.00193861	
20.7752	0	0.00634585	
21.2401	0	0.00381459	
557.826	0	0.000614272	
594.966	0	0.000668176	
555.805	0	0.00057248	
564.954	0	0.00057809	
205.024	0	0.00116148	
180.492	0	0.00117896	
169.655	0	0.000458907	
185.541	0	0.000533591	
188.805	0	0.000151747	
200.921	0	0.000191316	
381.399	0	0.000118274	
101.371	0	0.00125381	
42.191	0	0.00356712	
470.504	0	0.000616724	
507.058	0	0.000450812	
389.138	0	0.00017977	
400.382	0	0.00012943	
391.511	0	0.000115899	
391.547	0	0.000218371	
30.3499	0	0.00237745	
26.7261	0	0.00320963	
90.4505	0	0.00173213	
120.578	0	0.00126667	
346.445	0	0.001594	
421.819	0	0.000747293	
271.94	0	0.000161067	
301.435	0	5.95643e-05	
285.643	0	8.80764e-05	
318.901	0	5.86975e-05	
1080.71	0	9.6317e-05	
1093.22	0	0.000136864	
1004.13	0	0.000187361	
1036.68	0	0.000214598	
29.885	0	0.00252867	
29.5243	0	0.00355811	
22.8522	0	0.00421555	
20.2661	0	0.00644964	
28.7562	0	0.00443037	
54.2277	0	0.00117425	
21.2633	0	0.00335687	
23.2178	0	0.00364231	
566.886	0	0.00075195	
515.768	0	0.000802544	
598.651	0	0.000609636	
621.912	0	0.000657136	
209.35	0	0.000253997	
228.065	0	0.000172916	
371.171	0	0.000148128	
375.896	0	9.79454e-05	
379.073	0	0.000144358	
404.949	0	0.000266076	
117.598	0	0.000959147	
72.1516	0	0.00326057	
286.877	0	0.000911043	
231.377	0	0.00150194	
286.937	0	0.000120262	
321.518	0	0.000271642	
313.264	0	5.77646e-05	
304.355	0	0.000118516	
1050.89	0	0.000102176	
1048.79	0	0.000109733	
1067.37	0	0.000126371	
1028.69	0	0.000106662	
975.369	0	0.000223416	
949.303	0	0.000376954	
365.913	0	0.000114876	
368.701	0	9.40668e-05	
327.251	0	8.02592e-05	
326.539	0	7.34148e-05	
294.31	0	7.41268e-05	
305.06	0	7.17699e-05	
1047.04	0	0.000173218	
983.967	0	0.000109026	
1001.53	0	0.000111386	
975.618	0	0.000142094	
372.718	0	8.27628e-05	
378.132	0	0.000141404	
341.334	0	0.000106586	
335.08	0	7.24953e-05	
1082.13	0	0.000345098	
1000.14	0	0.000219959	
1016.49	0	9.78914e-05	
1005.07	0	9.22678e-05	
914.867	0	0.000174723	
906.467	0	0.00024355	
318.911	0	8.44891e-05	
348.596	0	8.43091e-05	
937.358	0	0.000166151	
972.397	0	0.00016577	
1018.28	0	0.000151716	
960.422	0	0.000129543	
349.582	0	0.000101413	
337.239	0	0.000154921	
902.792	0	0.000198748	
838.929	0	0.000402125	
955.161	0	0.000420921	
1045.02	0	0.000185995	
224.28	0	0.000261293	
264.877	0	0.000207198	
549.725	0	0.000579948	
490.765	0	0.00066985	
368.412	0	0.00100037	
341.219	0	0.00112363	
35.7405	0	0.00270929	
50.2699	0	0.00117621	
247.387	0	0.000110974	
220.384	0	0.000285522	
640.085	0	0.000356505	
583.001	0	0.000409019	
1087.56	0	0.000204604	
1047.92	0	0.000223056	
1085.38	0	0.000218726	
1106.67	0	0.000206357	
220.017	0	0.00137942	
270.868	0	0.00167394	
144.226	0	0.00129712	
156.921	0	0.0013381	
73.7712	0	0.00242474	
50.812	0	0.00293318	
368.395	0	0.00022304	
370.461	0	0.000352308	
105.643	0	0.00157945	
66.2165	0	0.00201437	
68.3109	0	0.00145009	
43.3058	0	0.00123333	
52.7146	0	0.00161852	
41.0499	0	0.00153855	
31.485	0	0.00257967	
38.8601	0	0.00172264	
38.0627	0	0.00207604	
26.4951	0	0.00346318	
58.0335	0	0.00237783	
47.3207	0	0.00212864	
87.6795	0	0.00235154	
99.1101	0	0.00196645	
27.5329	0	0.00308784	
32.1505	0	0.00173691	
24.3131	0	0.00595554	
40.3963	0	0.0018659	
87.4225	0	0.000560409	
51.4828	0	0.00124713	
53.7675	0	0.00147956	
58.7705	0	0.000990178	
79.5937	0	0.000562145	
91.9014	0	0.000933128	
70.5255	0	0.0021087	
75.9684	0	0.000921782	
367.308	0	0.0001031	
540.521	0	0.000620581	
506.93	0	0.000673956	
230.179	0	0.000181192	
259.973	0	9.96854e-05	
274.559	0	0.000100702	
247.693	0	0.000251687	
700.783	0	0.000439571	
634.021	0	0.000568824	
625.224	0	0.000489172	
549.844	0	0.000530248	
1041.18	0	0.000277353	
903.344	0	0.000164045	
36.4774	0	0.00414902	
39.4803	0	0.00170207	
84.5788	0	0.000924872	
101.983	0	0.000950987	
123.9	0	0.000985562	
139.43	0	0.0010105	
358.378	0	8.02651e-05	
363.222	0	8.36243e-05	
262.975	0	0.000116491	
300.935	0	9.34425e-05	
282.912	0	9.33922e-05	
287.645	0	8.46883e-05	
595.757	0	0.000622419	
525.545	0	0.000357977	
38.4494	0	0.00333935	
69.9513	0	0.00212197	
88.739	0	0.000901742	
67.4039	0	0.00238051	
111.757	0	0.000944238	
156.222	0	0.00062649	
356.879	0	6.65784e-05	
359.932	0	8.72446e-05	
230.978	0	0.000346658	
294.183	0	0.000264778	
279.289	0	0.000123968	
312.075	0	0.000107366	
316.084	0	0.000145777	
304.071	0	0.000161021	
360.706	0	7.0491e-05	
370.907	0	0.000175393	
358.876	0	0.000115585	
357.855	0	0.000119335	
459.402	0	0.000582451	
496.285	0	0.000911645	
35.8395	0	0.00315811	
56.0597	0	0.00173826	
117.676	0	0.00205028	
147.505	0	0.00077631	
342.64	0	0.000108479	
348.955	0	0.000148422	
445.252	0	0.000480404	
392.145	0	0.000245905	
112.395	0	0.000701171	
136.855	0	0.000734959	
569.392	0	0.00053943	
570.239	0	0.00029328	
357.106	0	9.02103e-05	
267.259	0	0.00018024	
294.434	0	0.000170008	
361.242	0	0.000274087	
382.763	0	0.000258731	
149.74	0	0.000917385	
130.08	0	0.00134095	
272.764	0	0	
272.764	0	0	
114.02	0	0.00135725	
153.949	0	0.000639939	
272.764	0	0	
272.764	0	0	
166.77	0	0.000520552	
137.888	0	0.00143042	
272.764	0	0	
280.057	0	0	
301.938	0	0	
361.488	0	0.000263665	
585.766	0	0.000544361	
672.554	0	0.000565309	
732.053	0	0.000790824	
860.057	0	0.000451295	
425.543	0	0.00047836	
537.422	0	0.000602499	
341.302	0	0.000925258	
367.924	0	0.00118053	
324.51	0	0.000176396	
352.771	0	0.000103729	
809.607	0	0.000518362	
835.127	0	0.000219376	
933.819	0	0.000261847	
765.883	0	0.000625423	
198.087	0	0.000856819	
150.5	0	0.00164663	
312.64	0	0.000888715	
307.477	0	0.0007688	
807.684	0	0.000387929	
678.335	0	0.000425416	
112.977	0	0.00108714	
132.632	0	0.00114739	
223.153	0	0.000481237	
266.941	0	0.000257106	
287.189	0	0.000180607	
339.033	0	0.000207598	
308.958	0	0.000137217	
318.12	0	0.000114222	
482.365	0	0.000618165	
410.199	0	0.000428327	
625.993	0	0.000532789	
547.677	0	0.000495059	
272.764	0	0	
136.437	0	0.000639552	
156.543	0	0.000607336	
456.709	0	0.00068704	
420.437	0	0.000399506	
340.194	0	0.000150661	
330.932	0	0.000154658	
940.83	0	0.00018837	
883.846	0	0.000183625	
814.142	0	0.000236289	
762.732	0	0.000387184	
239.172	0	0.000924363	
189.104	0	0.00107966	
118.406	0	0.00143029	
224.954	0	0.000847971	
191.304	0	0.000562118	
129.809	0	0.000957035	
316.923	0	0.000172327	
332.826	0	0.000169232	
347.159	0	0.000104114	
313.136	0	0.000167853	
518.141	0	0.000547195	
469.562	0	0.000520051	
656.913	0	0.000512035	
540.726	0	0.000460774	
487.938	0	0.000307499	
426.322	0	0.00043023	
272.764	0	0	
272.764	0	0	
453.798	0	0.000584881	
470.118	0	0.000623373	
334.362	0	0.000125447	
352.281	0	0.000130916	
822.715	0	0.000124428	
790.587	0	0.000224994	
683.118	0	0.000394524	
737.565	0	0.000389802	
272.764	0	0	
272.764	0	0	
814.672	0	0.000173425	
745.099	0	0.000173932	
272.764	0	0	
275.499	0	0	
837.339	0	0.000290194	
654.156	0	0.000313771	
287.351	0	0	
287.351	0	0	
901.21	0	0.000327998	
765.531	0	0.000380316	
1051.71	0	0.000306449	
916.299	0	0.000331468	
397.261	0	0.000273946	
454.273	0	0.000482012	
354.573	0	0.000254586	
345.862	0	0.000298409	
214.759	0	0.000430826	
180.678	0	0.000824598	
560.448	0	0.000478642	
615.838	0	0.000597638	
1002.4	0	0.000256472	
896.733	0	0.000223099	
352.049	0	0.000921492	
379.17	0	0.000817402	
320.037	0	0.000474696	
254.544	0	0.000803084	
163.072	0	0.000754725	
217.714	0	0.000374645	
272.764	0	0	
272.764	0	0	
272.764	0	0	
280.057	0	0	
287.351	0	0	
649.309	0	0.000407838	
944.994	0	0.000200659	
272.764	0	0	
272.764	0	0	
272.764	0	0	
272.764	0	0	
974.552	0	0.000249023	
860.44	0	0.000233223	
724.974	0	0.000438073	
677.446	0	0.000426083	
272.764	0	0	
272.764	0	0	
272.764	0	0	
272.764	0	0	
272.764	0	0	
272.764	0	0	
274.587	0	0	
272.764	0	0	
272.764	0	0	
272.764	0	0	
272.764	0	0	
272.764	0	0	
325.783	0	0.000190123	
330.72	0	5.78183e-05	
348.279	0	8.40753e-05	
342.638	0	0.000111379	
514.148	0	0.00024668	
485.097	0	0.000446712	
421.969	0	0.00044916	
374.998	0	0.000337465	
354.805	0	0.000218325	
363.84	0	0.000305934	
204.03	0	0.00046496	
250.39	0	0.000350084	
424.635	0	0.000502244	
408.972	0	0.000530226	
381.173	0	0.000469742	
316.917	0	0.000431518	
272.764	0	0	
272.764	0	0	
272.764	0	0	
280.057	0	0	
274.587	0	0	
447.08	0	0.000402195	
413.679	0	0.000780234	
478.478	0	0.000680736	
451.555	0	0.000404386	
397.595	0	0.000353752	
343.292	0	0.000432421	
278.877	0	0.00046137	
201.577	0	0.000640295	
272.764	0	0	
272.764	0	0	
272.764	0	0	
272.764	0	0	
272.764	0	0	
272.764	0	0	
273.675	0	0	
357.78	0	0.000196413	
272.764	0	0	
272.764	0	0	
272.764	0	0	
272.764	0	0	
476.221	0	0.000360938	
512.636	0	0.000322446	
251.307	0	0.000246567	
308.039	0	0.000110641	
259.122	0	0.00055535	
265.89	0	0.000611146	
236.078	0	0.000416441	
222.975	0	0.000353651	
520.814	0	0.000396929	
571.926	0	0.000402285	
500.452	0	0.000291659	
424.863	0	0.000492704	
188.497	0	0.000570901	
185.814	0	0.000719267	
339.339	0	8.62269e-05	
352.573	0	0.000148157	
338.25	0	0.000189943	
381.778	0	0.000377937	
271.588	0	0.000158475	
294.096	0	0.000198337	
416.302	0	0.000286919	
370.7	0	0.000130324	
272.764	0	0	
272.764	0	0	
272.764	0	0	
272.764	0	0	
272.764	0	0	
293.783	0	0	
272.764	0	0	
272.764	0	0	
272.764	0	0	
272.764	0	0	
272.764	0	0	
388.26	0	0.000213742	
603.46	0	0.000280095	
302.436	0	9.75911e-05	
318.748	0	9.25356e-05	
313.699	0	0.000495927	
256.102	0	0.000508678	
220.032	0	0.000358716	
275.668	0	0.000164469	
502.408	0	0.00035535	
442.039	0	0.000157871	
229.353	0	0.000375894	
254.292	0	0.000302017	
270.867	0	0.000183695	
287.717	0	0.000107735	
333.353	0	0.000263748	
317.538	0	0.000534165	
272.764	0	0	
272.764	0	0	
272.764	0	0	
293.783	0	0	
311.565	0	0.000191871	
353.198	0	0.000272826	
272.764	0	0	
272.764	0	0	
394.686	0	0.000249528	
448.584	0	0.000594399	
461.592	0	0.000264648	
631.462	0	0.000457377	
303.977	0	7.9478e-05	
309.873	0	0.000109225	
318.003	0	0.000136272	
312.124	0	0.000162541	
273.544	0	0.000305337	
225.486	0	0.000440828	
255.943	0	0.000219628	
261.912	0	0.000332936	
440.192	0	0.000212498	
363.136	0	0.000158783	
275.346	0	0.00011748	
281.947	0	0.000212182	
293.958	0	6.08212e-05	
299.763	0	9.76122e-05	
352.078	0	0.000334693	
340.923	0	0.000415202	
476.75	0	0.000366075	
493.561	0	0.00031991	
317.843	0	0.000177194	
345.074	0	0.00022383	
289.768	0	0.000433442	
298.875	0	0.000356797	
286.619	0	0.000136849	
290.477	0	6.14637e-05	
499.787	0	0.000602734	
410.029	0	0.000320094	
397.079	0	0.000129004	
407.352	0	0.000105989	
275.362	0	0.000162203	
286.855	0	9.45997e-05	
292.484	0	5.59019e-05	
296.082	0	5.1937e-05	
283.668	0	7.86698e-05	
289.73	0	4.43334e-05	
294.329	0	3.33015e-05	
302.459	0	2.77812e-05	
287.669	0	5.2881e-05	
293.103	0	4.30166e-05	
290.051	0	3.35274e-05	
301.523	0	8.48121e-05	
300.131	0	3.89206e-05	
297.915	0	5.33568e-05	
284.477	0	0.000117009	
288.577	0	5.50971e-05	
289.426	0	0.000132855	
279.43	0	0	
301.808	0	4.77118e-05	
304.915	0	6.24188e-05	
279.43	0	0	
297.623	0	4.62541e-05	
283.472	0	0	
302.047	0	9.19262e-05	
279.43	0	0	
275.263	0	0	
294.912	0	2.89052e-05	
279.43	0	0	
367.122	0	0.000262059	
391.255	0	0.000161106	
400.913	0	0.000145598	
380.5	0	0.000123162	
325.445	0	0.000167352	
315.168	0	0.000141802	
501.551	0	0.000344898	
441.948	0	0.000203244	
457.33	0	0.000297762	
579.568	0	0.000508134	
327.948	0	8.35178e-05	
298.701	0	0	
272.764	0	0	
272.764	0	0	
272.764	0	0	
272.764	0	0	
272.764	0	0	
272.764	0	0	
272.764	0	0	
272.764	0	0	
272.764	0	0	
272.764	0	0	
272.764	0	0	
272.764	0	0	
272.764	0	0	
272.764	0	0	
327.655	0	0.000408842	
301.969	0	0.000303075	
283.579	0	0.000238672	
279.224	0	0	
276.097	0	0	
275.263	0	0	
368.538	0	0.000333501	
431.433	0	0.000179147	
389.415	0	0.000163383	
461.135	0	0.00024708	
318.797	0	6.71702e-05	
322.204	0	5.71761e-05	
272.764	0	0	
272.764	0	0	
272.764	0	0	
311.048	0	0.000112087	
338.979	0	0.000236173	
343.055	0	0.000349933	
402.613	0	0.000131058	
401.337	0	0.000151089	
388.627	0	0.00015838	
389.489	0	0	
287.354	0	0	
389.813	0	0.000175217	
401.233	0	0.000183588	
322.913	0	0.000198516	
338.54	0	0.000275365	
308.378	0	0.000183882	
285.359	0	0.000250095	
275.472	0	0	
279.43	0	0	
418.91	0	0.000164211	
444.212	0	0.000200406	
273.597	0	0	
272.972	0	0	
275.472	0	0	
274.43	0	0	
274.508	0	0	
274.43	0	0	
274.014	0	0	
274.43	0	0	
309.364	0	4.412e-05	
272.764	0	0	
272.764	0	0	
272.764	0	0	
272.764	0	0	
272.764	0	0	
272.764	0	0	
272.764	0	0	
272.764	0	0	
272.764	0	0	
306.483	0	7.67076e-05	
303.205	0	4.41718e-05	
272.764	0	0	
272.764	0	0	
272.764	0	0	
272.764	0	0	
272.764	0	0	
298.837	0	4.79517e-05	
278.335	0	0	
272.764	0	0	
272.764	0	0	
272.764	0	0	
272.764	0	0	
272.764	0	0	
272.764	0	0	
272.764	0	0	
272.764	0	0	
272.764	0	0	
272.764	0	0	
358.041	0	0.000151671	
295.784	0	0.000133278	
301.945	0	0	
272.764	0	0	
272.764	0	0	
272.764	0	0	
295.115	0	0	
331.344	0	0	
323.279	0	0.000178924	
272.764	0	0	
274.769	0	0	
274.769	0	0	
274.508	0	0	
273.597	0	0	
272.764	0	0	
272.764	0	0	
272.764	0	0	
272.764	0	0	
299.995	0	6.44231e-05	
281.704	0	0	
283.629	0	0	
276.478	0	0	
272.764	0	0	
272.764	0	0	
272.764	0	0	
272.764	0	0	
331.126	0	0	
295.463	0	0	
272.764	0	0	
278.351	0	0	
272.764	0	0	
295.115	0	0	
316.875	0	8.49685e-05	
295.115	0	0	
272.764	0	0	
273.128	0	0	
274.274	0	0	
275.68	0	0	
272.764	0	0	
273.18	0	0	
273.18	0	0	
272.764	0	0	
272.764	0	0	
295.115	0	0	
306.42	0	5.89473e-05	
295.115	0	0	
295.115	0	0	
304.778	0	8.83138e-05	
295.115	0	0	
278.351	0	0	
295.115	0	0	
303.516	0	0	
315.426	0	0.000108584	
302.71	0	5.94868e-05	
295.115	0	0	
305.196	0	0	
318.27	0	0	
327.507	0	0.000132443	
327.703	0	0.000153926	
329.522	0	0.000269849	
287.354	0	0	
272.764	0	0	
274.222	0	0	
272.764	0	0	
272.764	0	0	
318.27	0	0	
360.668	0	0.000379994	
273.062	0	0	
273.597	0	0	
272.764	0	0	
272.764	0	0	
272.764	0	0	
272.764	0	0	
272.764	0	0	
272.764	0	0	
272.764	0	0	
272.764	0	0	
273.311	0	0	
272.764	0	0	
274.586	0	0	
273.311	0	0	
273.415	0	0	
273.284	0	0	
273.805	0	0	
273.545	0	0	
287.449	0	0	
273.062	0	0	
272.764	0	0	
272.764	0	0	
305.196	0	0	
287.881	0	0	
272.764	0	0	
272.764	0	0	
272.764	0	0	
272.764	0	0	
272.764	0	0	
272.764	0	0	
272.764	0	0	
273.284	0	0	
272.969	0	0	
272.953	0	0	
273	0	0	
272.959	0	0	
272.967	0	0	
272.922	0	0	
272.922	0	0	
279.748	0	0	
279.748	0	0	
272.764	0	0	
272.764	0	0	
272.764	0	0	
272.764	0	0	
272.922	0	0	
272.929	0	0	
272.929	0	0	
272.929	0	0	
276.955	0	0	
279.05	0	0	
276.955	0	0	
276.955	0	0	
272.764	0	0	
272.764	0	0	
272.764	0	0	
272.922	0	0	
272.929	0	0	
274.859	0	0	
276.955	0	0	
287.449	0	0	
301.945	0	0	
272.764	0	0	
272.764	0	0	
272.894	0	0	
272.796	0	0	
272.829	0	0	
273.024	0	0	
272.764	0	0	
272.764	0	0	
272.764	0	0	
272.764	0	0	
272.764	0	0	
272.764	0	0	
272.764	0	0	
272.764	0	0	
272.929	0	0	
272.805	0	0	
275.907	0	0	
279.2	0	0	
287.881	0	0	
295.463	0	0	
272.764	0	0	
272.764	0	0	
272.846	0	0	
272.846	0	0	
272.764	0	0	
273.288	0	0	
273.288	0	0	
274.859	0	0	
272.764	0	0	
272.764	0	0	
274.859	0	0	
274.859	0	0	
283.54	0	0	
277.553	0	0	
272.764	0	0	
272.764	0	0	
273.549	0	0	
273.811	0	0	
272.764	0	0	
272.764	0	0	
272.764	0	0	
272.764	0	0	
272.764	0	0	
272.764	0	0	
272.764	0	0	
272.764	0	0	
272.805	0	0	
272.805	0	0	
272.796	0	0	
272.829	0	0	
275.982	0	0	
279.2	0	0	
273.811	0	0	
274.859	0	0	
272.764	0	0	
272.764	0	0	
272.764	0	0	
272.764	0	0	
272.805	0	0	
272.784	0	0	
273.886	0	0	
275.982	0	0	
272.764	0	0	
272.764	0	0	
272.764	0	0	
272.764	0	0	
272.764	0	0	
272.764	0	0	
272.764	0	0	
272.764	0	0	
272.764	0	0	
272.764	0	0	
272.764	0	0	
272.764	0	0	
272.764	0	0	
272.764	0	0	
272.764	0	0	
272.764	0	0	
272.895	0	0	
273.896	0	0	
272.764	0	0	
272.764	0	0	
272.764	0	0	
272.805	0	0	
273.896	0	0	
273.961	0	0	
273.83	0	0	
273.83	0	0	
272.774	0	0	
272.774	0	0	
272.764	0	0	
272.764	0	0	
272.764	0	0	
272.764	0	0	
272.764	0	0	
272.764	0	0	
272.769	0	0	
272.769	0	0	
272.764	0	0	
272.764	0	0	
272.764	0	0	
272.764	0	0	
272.769	0	0	
272.768	0	0	
272.766	0	0	
272.768	0	0	
272.764	0	0	
272.764	0	0	
272.764	0	0	
272.895	0	0	
272.764	0	0	
272.764	0	0	
273.026	0	0	
273.026	0	0	
272.764	0	0	
272.764	0	0	
272.764	0	0	
272.764	0	0	
272.764	0	0	
272.764	0	0	
272.764	0	0	
272.764	0	0	
272.764	0	0	
272.764	0	0	
273.157	0	0	
272.862	0	0	
272.764	0	0	
272.764	0	0	
272.764	0	0	
272.764	0	0	
272.815	0	0	
272.96	0	0	
272.764	0	0	
272.764	0	0	
272.764	0	0	
272.764	0	0	
272.801	0	0	
272.862	0	0	
272.783	0	0	
272.764	0	0	
272.764	0	0	
272.764	0	0	
272.764	0	0	
272.764	0	0	
272.764	0	0	
272.764	0	0	
272.776	0	0	
272.815	0	0	
272.764	0	0	
272.764	0	0	
272.911	0	0	
272.801	0	0	
272.764	0	0	
272.764	0	0	
272.764	0	0	
272.764	0	0	
272.764	0	0	
272.764	0	0	
272.764	0	0	
272.764	0	0	
272.764	0	0	
272.764	0	0	
272.764	0	0	
272.764	0	0	
272.764	0	0	
272.764	0	0	
272.768	0	0	
272.776	0	0	
272.764	0	0	
272.764	0	0	
272.764	0	0	
272.768	0	0	
272.767	0	0	
272.764	0	0	
272.764	0	0	
272.764	0	0	
272.764	0	0	
272.764	0	0	
272.764	0	0	
272.764	0	0	
272.764	0	0	
272.764	0	0	
272.764	0	0	
272.764	0	0	
272.764	0	0	
272.764	0	0	
272.764	0	0	
272.764	0	0	
272.764	0	0	
272.764	0	0	
272.764	0	0	
272.764	0	0	
272.764	0	0	
272.764	0	0	
272.764	0	0	
272.764	0	0	
272.764	0	0	
272.764	0	0	
272.764	0	0	
272.764	0	0	
272.764	0	0	
272.764	0	0	
272.764	0	0	
272.764	0	0	
272.764	0	0	
272.764	0	0	
272.764	0	0	
272.764	0	0	
272.764	0	0	
272.764	0	0	
272.764	0	0	
272.764	0	0	
272.764	0	0	
272.764	0	0	
272.764	0	0	
272.764	0	0	
272.764	0	0	
272.764	0	0	
272.764	0	0	
272.764	0	0	
272.764	0	0	
272.764	0	0	
272.764	0	0	
272.764	0	0	
272.764	0	0	
272.764	0	0	
272.764	0	0	
272.764	0	0	
272.764	0	0	
272.764	0	0	
272.764	0	0	
272.764	0	0	
272.764	0	0	
272.764	0	0	
272.764	0	0	
272.764	0	0	
272.764	0	0	
272.764	0	0	
272.764	0	0	
272.764	0	0	
272.764	0	0	
272.764	0	0	
272.764	0	0	
272.764	0	0	
272.764	0	0	
272.764	0	0	
272.764	0	0	
272.764	0	0	
272.764	0	0	
272.764	0	0	
272.764	0	0	
272.764	0	0	
272.764	0	0	
272.764	0	0	
272.764	0	0	
272.764	0	0	
272.764	0	0	
272.764	0	0	
272.764	0	0	
272.764	0	0	
272.764	0	0	
272.764	0	0	
272.764	0	0	
272.764	0	0	
272.764	0	0	
272.764	0	0	
272.764	0	0	
272.764	0	0	
272.764	0	0	
272.764	0	0	
272.764	0	0	
272.764	0	0	
272.764	0	0	
272.764	0	0	
272.764	0	0	
272.764	0	0	
272.764	0	0	
272.764	0	0	
272.764	0	0	
272.764	0	0	
272.764	0	0	
272.764	0	0	
272.764	0	0	
272.764	0	0	
272.764	0	0	
272.764	0	0	
272.764	0	0	
272.764	0	0	
272.764	0	0	
272.764	0	0	
272.764	0	0	
272.764	0	0	
272.764	0	0	
272.764	0	0	
272.764	0	0	
272.764	0	0	
272.764	0	0	
272.764	0	0	
272.764	0	0	
272.764	0	0	
272.764	0	0	
272.764	0	0	
272.764	0	0	
272.764	0	0	
272.764	0	0	
272.764	0	0	
272.764	0	0	
272.764	0	0	
272.764	0	0	
272.764	0	0	
272.764	0	0	
272.764	0	0	
272.764	0	0	
272.764	0	0	
272.764	0	0	
272.764	0	0	
272.764	0	0	
272.764	0	0	
272.764	0	0	
272.764	0	0	
272.764	0	0	
272.764	0	0	
272.764	0	0	
272.764	0	0	
272.764	0	0	
272.764	0	0	
272.764	0	0	
272.764	0	0	
272.764	0	0	
272.764	0	0	
272.764	0	0	
272.764	0	0	
272.764	0	0	
272.764	0	0	
272.764	0	0	
272.764	0	0	
272.764	0	0	
272.764	0	0	
272.764	0	0	
272.764	0	0	
