# File: UnstructuredGrid_Inversion_L2_Fine_Iter04.dat
# (No specific header documentation)

-161.131	-1.26602	165.428	0	
-159.205	-0.937754	200.71	0	
-65.3125	-0.183316	203.061	0	
30.9005	-0.895475	224.088	0	
-150.217	-102.011	442.498	0	
126.667	-0.301598	201.751	0	
32.1696	-0.71865	215.801	0	
-148.845	-59.0657	755.02	0	
-64.9542	-0.674785	205.81	0	
-119.636	-2.41546	185.806	0	
-134.381	-38.7782	1052.15	0	
-143.963	-2.7925	191.984	0	
-157.097	-18.2316	651.049	0	
-157.805	-14.8485	548.984	0	
-114.857	-1.68039	194.471	0	
-100.251	-47.3423	1015.05	0	
-67.173	-1.2985	201.876	0	
-138.896	-1.29758	199.586	0	
-157.296	-4.86054	241.678	0	
-149.993	-0.731718	221.803	0	
-144.765	-2.52453	193.587	0	
-145.952	-2.51812	195.2	0	
-125.966	-4.12621	184.853	0	
-153.62	-4.39359	227.337	0	
-157.562	-2.57386	215.024	0	
-148.901	-9.16542	370.104	0	
-154.179	-3.09646	213.67	0	
-158.223	-3.30595	216.997	0	
125.312	-0.215758	216.707	0	
-23.3864	-2.41546	192.692	0	
-157.744	-4.73968	240.946	0	
-46.5272	-1.80286	192.566	0	
-156.725	-2.87256	218.725	0	
-158.661	-11.4376	433.404	0	
-18.5848	-1.50691	207.553	0	
-152.021	-2.42138	207.092	0	
29.5898	-2.00366	207.95	0	
-42.9102	-2.00366	191.732	0	
-168.772	-1.4041	252.481	0	
-52.9142	-1.76987	195.836	0	
-163.244	-1.83526	187.775	0	
-165.59	-1.84869	222.031	0	
-62.2122	-2.79648	197.138	0	
-170.861	-5.94398	336.932	0	
-60.9925	-3.05836	197.783	0	
-162.394	-11.6245	433.845	0	
-60.341	-3.29897	198.377	0	
-68.125	-0.721791	203.158	0	
-65.7641	-1.92569	199.103	0	
-88.7351	-0.737194	191.482	0	
-158.887	-1.22875	204.719	0	
-156.664	-0.654348	227.031	0	
-80.9953	-1.43803	196.202	0	
-157.947	-1.61875	212.436	0	
-70.3125	-0.168989	202.345	0	
78.9296	-0.274425	249.012	0	
-154.324	-0.5737	233.402	0	
55.1796	-0.274425	202.656	0	
-153.488	-0.146177	230.94	0	
-150.622	-0.734698	222.003	0	
37.9808	-1.69587	215.906	0	
-153.312	-0.895475	221.619	0	
50.1673	-1.83635	201.676	0	
-156.947	-0.252287	229.522	0	
72.2695	-2.78325	209.3	0	
-136.413	-12.4578	596.086	0	
-60.5603	-1.5417	201.658	0	
-149.688	-0.177641	224.359	0	
-155.438	-1.63179	218.303	0	
31.112	-5.33287	213.83	0	
-148.182	-0.559886	223.092	0	
31.6649	-3.42449	207.457	0	
-146.875	-0.165467	220.808	0	
-147.166	-0.64244	218.019	0	
36.482	-0.362284	228.745	0	
33.1977	-2.30897	209.693	0	
-144.375	-0.165467	202.843	0	
28.125	-0.721791	220.441	0	
-138.743	-0.731718	205.812	0	
-139.372	-0.734698	204.002	0	
25.9375	-0.168989	215.418	0	
-143.189	-0.721786	211.357	0	
34.4062	-1.58925	216.798	0	
-143.692	-0.249187	212.097	0	
33.7632	-1.73152	214.753	0	
9.0625	-0.119818	184.326	0	
-137.277	-0.272934	192.333	0	
181.961	-4.0966	278.213	0	
-135.971	-0.510082	207.089	0	
-135.388	-0.979844	202.925	0	
136.198	-2.04155	206.569	0	
-136.965	-0.459576	202.996	0	
149.04	-2.26571	212.361	0	
133.701	-3.7052	204.5	0	
-130.037	-0.478752	221.512	0	
129.233	-2.2679	199.577	0	
-123.426	-1.29981	199.537	0	
-129.062	-0.231865	198.16	0	
128.782	-0.334115	196.646	0	
-130.312	-0.18026	210.33	0	
132.671	-0.248238	223.064	0	
-131.25	-0.399074	203.672	0	
141.463	-0.219612	228.4	0	
-138.438	-0.177641	211.308	0	
15.2736	-1.96762	195.681	0	
128.371	-1.47512	200.284	0	
-120.938	-0.119818	199.544	0	
120.312	-0.215758	202.675	0	
-122.188	-0.215758	193.576	0	
-120.625	-0.479272	201.545	0	
111.438	-2.41537	194.285	0	
-122.824	-1.03012	203.644	0	
123.125	-0.721791	207.466	0	
-116.875	-0.721791	196.131	0	
-118.645	-0.747092	198.78	0	
-133.606	-2.41627	186.653	0	
-115.938	-0.180399	196.979	0	
-114.688	-0.172252	194.298	0	
-127.742	-0.249876	223.612	0	
-114.989	-0.734618	197.674	0	
-119.062	-0.168989	195.805	0	
-118.646	-0.409544	198.72	0	
100.312	-0.215758	171.84	0	
-93.4932	-0.145516	188.838	0	
-111.562	-0.183316	190.428	0	
-103.479	-0.215383	190.865	0	
-112.553	-0.424585	208.997	0	
-103.477	-0.890942	193.08	0	
-114.308	-2.05267	188.991	0	
-112.188	-0.215758	190.365	0	
-110.225	-1.31291	195.29	0	
-111.982	-1.84239	191.037	0	
-107.812	-0.18026	199.473	0	
-141.431	-1.37109	200.413	0	
-104.688	-0.215758	192.641	0	
-94.834	-1.50151	191.089	0	
-142.234	-0.965432	207.066	0	
-105.321	-1.19044	193.905	0	
-111.247	-0.365196	197.13	0	
-109.302	-0.646017	195.675	0	
-109.892	-0.790856	198.027	0	
-113.277	-0.477448	204.25	0	
-105.723	-3.41363	180.721	0	
-128.718	-0.432276	198.768	0	
128.012	-1.53479	199.842	0	
-102.705	-1.03334	196.674	0	
42.9167	-0.301598	220.854	0	
-129.724	-0.298492	193.365	0	
-101.974	-0.445797	194.33	0	
-133.333	-0.301598	213.238	0	
-99.8074	-0.233592	192.743	0	
-101.602	-0.997079	193.2	0	
-91.1261	-2.20771	185.199	0	
-134.372	-0.734698	201.995	0	
-95.6225	-0.734698	190.322	0	
-150.852	-1.32461	216.619	0	
-73.4929	-2.07724	194.146	0	
-92.7055	-1.03334	191.025	0	
-149.945	-3.09848	202.844	0	
-94.6875	-0.177641	190.11	0	
-152.224	-0.298492	225.852	0	
-93.5504	-1.09742	190.27	0	
-135.991	-1.32151	198.594	0	
-148.776	-2.22975	203.482	0	
-89.0749	-1.40842	191.583	0	
-146.84	-2.30472	197.883	0	
-81.6602	-2.00373	191.528	0	
-86.7091	-0.182122	194.465	0	
-146.58	-0.624882	218.599	0	
-88.4375	-0.168113	189.81	0	
-145.324	-0.640858	215.981	0	
-155.468	-2.35625	216.066	0	
-82.1875	-0.180422	201.983	0	
-150.31	-0.184751	224.094	0	
-79.8289	-0.447504	211.048	0	
-73.125	-0.399074	201.391	0	
-153.522	-2.05757	212.089	0	
-80.9375	-0.172232	195.805	0	
-155.232	-2.72571	214.687	0	
-86.2355	-0.506938	194.687	0	
-156.025	-0.687794	223.159	0	
-91.9743	-0.445797	190.134	0	
-139.06	-0.184751	204.844	0	
-159.151	-1.89154	200.48	0	
-72.3934	-1.45156	198.901	0	
-20.625	-0.721791	213.612	0	
-73.4375	-0.215758	201.393	0	
-71.6053	-0.81764	204.159	0	
-22.8125	-0.168989	206.366	0	
-74.0421	-1.04697	200.713	0	
-157.991	-2.34302	212.449	0	
-31.6024	-0.997079	196.666	0	
-70.3118	-0.938054	205.638	0	
2.91667	-0.301598	187.792	0	
-67.495	-0.726698	204.209	0	
30.2547	-1.43797	213.75	0	
-13.1814	-1.63866	211.943	0	
-64.731	-0.164025	208.608	0	
-8.11931	-3.04329	195.887	0	
-65.625	-0.399074	205.637	0	
-36.5243	-2.68148	186.028	0	
-17.7588	-2.41126	195.144	0	
-63.3991	-0.908647	202.977	0	
-15.5528	-1.74916	206.986	0	
-60.6086	-0.653618	204.074	0	
-59.6638	-0.821536	207.205	0	
-14.3725	-0.734698	221.373	0	
-62.1653	-0.819434	206.824	0	
-13.6493	-0.785793	223.701	0	
-47.1875	-0.215758	203.429	0	
-58.0658	-0.691143	202.202	0	
-33.3333	-0.301598	198.072	0	
-54.0625	-0.183316	201.121	0	
-53.731	-1.73873	197.009	0	
-42.2453	-1.43797	197.628	0	
-55.254	-1.12532	201.187	0	
-41.7134	-2.81891	188.052	0	
-59.3477	-1.61335	201.469	0	
-44.375	-0.721791	200.658	0	
-62.7419	-1.82389	199.77	0	
-7.28712	-0.219612	211.21	0	
-79.2092	-0.178899	200.151	0	
-152.641	-0.463959	217.193	0	
-39.4705	-2.26756	187.59	0	
-51.912	-0.446297	199.031	0	
-56.7608	-0.655304	204.672	0	
-49.379	-0.632418	198.128	0	
-47.6042	-0.449365	207.437	0	
-55.6588	-2.09762	195.309	0	
-48.7791	-1.81525	194.822	0	
-38.1225	-0.734698	196.213	0	
-42.5179	-2.32426	189.26	0	
-42.4886	-0.734618	200.349	0	
-51.2889	-1.89635	193.622	0	
-42.1875	-0.172252	207.047	0	
-41.0223	-0.420281	189.974	0	
-51.5337	-1.77161	194.19	0	
-43.4375	-0.180399	195.516	0	
-54.1469	-2.44434	194.541	0	
-46.5625	-0.183316	200.173	0	
-53.1915	-1.76443	196.097	0	
-62.3684	-1.70798	200.767	0	
-38.4426	-0.916578	196.613	0	
-63.0461	-2.14204	197.95	0	
-33.6435	-0.858875	198.012	0	
-34.375	-0.399074	201.943	0	
-54.375	-0.399074	204.159	0	
-38.7887	-0.749484	198.155	0	
-61.5883	-2.32142	197.775	0	
-58.0702	-1.73025	199.09	0	
-25.8668	-1.86864	194.017	0	
-63.6138	-2.3755	197.442	0	
-31.9743	-0.445797	197.632	0	
-25.3976	-1.58698	197.38	0	
-68.75	-0.300722	203.906	0	
-32.7055	-1.03334	195.378	0	
-63.7001	-1.3865	201.437	0	
-33.6458	-0.484914	200.322	0	
-59.0962	-2.60961	197.31	0	
-39.4815	-0.881992	201.275	0	
-50.4037	-1.78209	194.166	0	
-72.2498	-2.37712	193.855	0	
-25.9375	-0.215758	204.239	0	
-70.4331	-2.41216	194.777	0	
-22.4993	-0.626815	208.275	0	
-22.8118	-0.938054	205.91	0	
-69.1859	-1.83675	197.575	0	
-23.75	-0.332561	208.081	0	
-67.4855	-1.48918	201.647	0	
-78.0498	-0.453145	200.458	0	
-19.6875	-0.180399	221.715	0	
-81.2386	-0.73463	197.819	0	
-17.3065	-0.439453	219.899	0	
-16.3336	-0.642898	224.537	0	
94.0062	-2.61431	198.422	0	
-18.4375	-0.172252	220.88	0	
-91.9643	-1.83306	187.267	0	
-18.7386	-0.734618	219.304	0	
-75.3125	-0.905095	201.15	0	
83.049	-3.12575	200.722	0	
-15.0387	-0.749484	223.016	0	
101.066	-2.27474	195.058	0	
-13.1372	-0.617057	224.981	0	
-11.5995	-0.895475	220.021	0	
83.1763	-0.5737	216.387	0	
-7.21558	-0.868561	215.531	0	
89.1667	-0.301598	211.847	0	
81.8775	-0.734698	234.527	0	
-7.99796	-0.277004	226.648	0	
73.125	-0.165467	230.613	0	
-5.625	-0.399074	215.787	0	
-4.99501	-0.72475	211.511	0	
66.7026	-2.25667	207.268	0	
1.10357	-1.29758	199.148	0	
75.625	-0.721791	236.229	0	
-9.37247	-0.734698	217.2	0	
80.2925	-1.53682	222.541	0	
-15.3512	-0.997684	218.566	0	
100.009	-0.340659	201.352	0	
-26.5166	-1.07245	203.341	0	
-67.8125	-0.180456	203.63	0	
-52.3624	-1.77391	195.055	0	
-37.3993	-0.785793	199.639	0	
-137.402	-2.23646	188.067	0	
-6.35417	-0.517356	216.307	0	
-3.64191	-0.790856	208.374	0	
63.1763	-0.5737	213.637	0	
2.68188	-1.07637	194.945	0	
0.627526	-0.734698	197.75	0	
58.747	-1.96834	200.598	0	
59.1667	-0.301598	199.159	0	
1.5625	-0.177641	198.465	0	
58.1275	-0.734698	200.378	0	
4.375	-0.399074	197.536	0	
4.0625	-0.215758	194.677	0	
51.6578	-0.726912	197.805	0	
22.8595	-1.42312	200.725	0	
56.8443	-2.29713	200.76	0	
8.125	-0.399074	189.541	0	
66.1137	-1.31406	209.363	0	
40.9608	-3.29478	210.532	0	
7.8125	-0.215758	184.216	0	
41.2329	-3.09468	210.585	0	
10.625	-0.399074	188.718	0	
10.3125	-0.215758	190.061	0	
46.3217	-0.585691	214.827	0	
14.5041	-1.93261	194.236	0	
50.2156	-0.908964	200.578	0	
44.5827	-1.71324	211.893	0	
15.9375	-0.18026	193.602	0	
40.4777	-1.34982	218.447	0	
22.19	-0.184751	187.038	0	
18.125	-0.399074	196.444	0	
33.9666	-2.52864	210.61	0	
16.6003	-0.495982	189.001	0	
38.9614	-1.19409	221.31	0	
14.6754	-0.923951	195.865	0	
44.5633	-2.56557	208.404	0	
23.9928	-1.21146	203.281	0	
49.5972	-1.21198	202.704	0	
37.3524	-1.63808	216.084	0	
21.8775	-0.734698	192.518	0	
35.2469	-1.81888	215.849	0	
25	-0.332561	200.922	0	
30.1156	-0.727833	218.056	0	
35.3599	-2.21308	213.471	0	
22.8125	-0.177641	212.139	0	
38.7291	-0.429517	228.766	0	
28.7645	-1.48918	207.356	0	
31.1089	-0.463959	226.283	0	
28.4375	-0.180456	222.273	0	
125.343	-1.84006	197.522	0	
32.0531	-0.168311	212.669	0	
25.8169	-2.41216	202.804	0	
29.0625	-0.180399	216.491	0	
23.9507	-2.39955	198.242	0	
25.9382	-0.938054	208.156	0	
27.5	-0.300722	204.801	0	
20.9375	-0.905095	201.368	0	
35.8719	-1.40019	218.464	0	
4.37253	-1.77427	197.828	0	
42.7867	-1.43497	215.557	0	
37.0924	-1.07714	220.04	0	
14.3761	-0.735515	188.682	0	
35.5804	-0.641899	226.824	0	
17.8125	-0.215758	198.598	0	
151.875	-0.165467	232.43	0	
40.6275	-0.734698	222.714	0	
150.001	-0.691859	222.699	0	
53.0912	-1.68628	198.904	0	
43.7907	-1.34241	214.666	0	
149.057	-1.4048	219.604	0	
41.3214	-0.367273	227.228	0	
145.175	-1.74918	213.061	0	
37.8006	-0.806942	221.782	0	
154.375	-0.721791	205.766	0	
32.8302	-0.445849	218.156	0	
27.0641	-1.83675	203.815	0	
43.539	-0.874961	220.177	0	
40.94	-0.184751	225.034	0	
143.201	-1.8827	211.947	0	
48.3146	-1.63811	204.615	0	
138.75	-0.727521	221.82	0	
47.5335	-0.711507	209.616	0	
48.9231	-1.00645	204.549	0	
136.667	-0.301598	223.403	0	
47.0432	-1.44704	209.82	0	
144.378	-0.734698	226.848	0	
140.111	-0.719544	218.374	0	
52.6042	-0.12712	195.963	0	
135.628	-0.734698	219.783	0	
77.0898	-2.00366	215.609	0	
55.4589	-1.17023	198.807	0	
130.973	-0.987758	203.886	0	
53.6001	-0.0951459	195.227	0	
134.343	-2.24537	203.343	0	
54.946	-1.0528	198.737	0	
136.646	-2.35623	205.28	0	
121.29	-0.584347	192.351	0	
57.4613	-0.749484	198.579	0	
61.3613	-0.719544	204.935	0	
62.6463	-1.29525	207.012	0	
61.875	-0.165467	199.834	0	
117.755	-1.43797	194.442	0	
57.8074	-0.916578	199.71	0	
123.764	-1.48918	197.07	0	
120.238	-1.52447	195.759	0	
69.0741	-1.29981	218.135	0	
115.625	-0.721791	186.738	0	
64.0121	-0.146177	211.647	0	
72.0429	-1.64504	216.906	0	
113.438	-0.168989	182.128	0	
64.1416	-1.0285	207.881	0	
121.562	-0.119818	188.73	0	
69.5127	-0.799823	217.074	0	
123.438	-0.180456	205.795	0	
90.8976	-0.997079	194.503	0	
130.696	-1.62131	200.329	0	
106.562	-0.215758	171.869	0	
70.8921	-1.02391	222.068	0	
-116.236	-1.48918	197.246	0	
77.5184	-2.76645	207.552	0	
72.8495	-0.895475	229.031	0	
-122.258	-2.30268	187.428	0	
71.912	-0.530357	227.557	0	
-117.604	-0.421	206.834	0	
-119.183	-2.41216	185.798	0	
76.5625	-0.180399	248.783	0	
-123.75	-0.727521	201.226	0	
124.665	-1.2602	197.938	0	
79.7945	-1.03334	235.788	0	
-125.104	-0.420973	209.089	0	
77.8125	-0.172252	222.69	0	
-117.936	-1.83675	192.074	0	
79.4053	-1.63791	223.541	0	
-116.562	-0.180456	194.318	0	
-87.3358	-0.44738	206.501	0	
80.8976	-0.997079	222.978	0	
-90.7716	-1.10409	190.81	0	
84.1879	-0.895475	219.227	0	
84.0121	-0.146177	228.718	0	
-92.2898	-1.64384	188.801	0	
88.8565	-0.858875	205.401	0	
-98.6052	-2.65328	183.885	0	
-98.2243	-0.445797	199.098	0	
87.8125	-0.215758	190.784	0	
-109.149	-3.00718	181.777	0	
89.7945	-1.03334	209.136	0	
90.3174	-0.445797	181.51	0	
-95.31	-0.184751	191.813	0	
97.3536	-1.29758	192.848	0	
-98.9555	-1.03334	190.403	0	
87.1853	-0.944378	216.314	0	
-91.2709	-0.429517	189.777	0	
80.3174	-0.445797	209.129	0	
-94.7305	-2.29752	186.371	0	
100.429	-2.12993	194.574	0	
145.101	-0.785793	228.101	0	
-100.537	-0.416907	194.93	0	
92.6926	-0.233592	175.383	0	
-105.852	-1.32461	192.981	0	
96.8775	-0.734698	188.418	0	
98.4292	-1.56866	192.68	0	
-107.433	-0.336223	203.146	0	
-104.375	-0.399074	193.643	0	
117.09	-2.00366	194.441	0	
-108.503	-1.00595	196.473	0	
105.127	-1.24012	189.585	0	
103.768	-0.830406	179.978	0	
-111.122	-1.57589	194.398	0	
100.938	-0.183316	172.464	0	
-108.444	-2.02346	189.078	0	
97.8125	-0.177641	171.873	0	
-113.827	-2.63869	184.58	0	
-140.312	-0.905095	205.6	0	
111.493	-1.21146	185.394	0	
-134.851	-1.29556	197.514	0	
109.378	-0.734698	175	0	
110.312	-0.177641	174.522	0	
-121.875	-0.399074	200.584	0	
107.188	-0.183316	175.885	0	
-140.005	-1.46872	197.62	0	
-127.325	-0.249876	184.852	0	
113.751	-0.626815	181.889	0	
-131.877	-2.14801	188.539	0	
118.936	-1.00197	188.158	0	
116.562	-0.180399	173.903	0	
-135.268	-1.36044	198.983	0	
113.438	-0.938054	183.424	0	
-132.276	-0.233592	187.833	0	
112.5	-0.332561	181.972	0	
-127.872	-3.36046	180.4	0	
104.02	-0.136647	174.565	0	
-110.307	-0.186199	198.941	0	
-151.562	-0.231865	226.736	0	
120	-0.332561	187.451	0	
-139.007	-1.60465	196.007	0	
120.938	-0.183316	194.498	0	
126.356	-0.858875	202.357	0	
-140	-0.727521	207.883	0	
125.625	-0.399074	202.507	0	
-151.52	-2.36076	205.247	0	
-144.311	-2.33842	194.656	0	
109.343	-20.8422	197.362	0	
-19.9855	-1.48918	202.998	0	
128.819	-0.61835	199.663	0	
132.707	-1.03746	210.094	0	
-25.1043	-2.46252	192.174	0	
128.125	-0.399074	204.773	0	
-21.25	-0.300722	212.218	0	
123.755	-0.726698	200.496	0	
-144.913	-0.848165	211.618	0	
-22.9331	-2.41216	194.304	0	
131.942	-0.463996	201.394	0	
-27.5	-0.727521	201.446	0	
133.116	-1.2741	206.726	0	
134.649	-0.997684	206.812	0	
-28.75	-0.300715	201.574	0	
139.854	-1.29758	212.544	0	
-21.6859	-1.83675	198.198	0	
9.375	-0.479272	185.765	0	
140.938	-1.58015	213.553	0	
5.03951	-0.584347	195.193	0	
140.752	-0.277004	229.931	0	
155.84	-2.00366	191.459	0	
4.01419	-1.50556	196.697	0	
139.378	-0.734698	219.581	0	
-2.24384	-2.61431	204.04	0	
134.961	-0.749484	210.011	0	
1.52023	-1.36247	198.675	0	
131.942	-0.895512	202.786	0	
-20.3125	-0.180456	213.774	0	
117.812	-0.172252	196.265	0	
-133.638	-0.856232	205.845	0	
-1.43068	-1.37109	205.682	0	
143.399	-0.997684	219.682	0	
-13.097	-2.99018	191.819	0	
150.565	-1.33589	217.504	0	
146.177	-0.753055	237.482	0	
0.940026	-0.184751	196.878	0	
143.711	-0.749484	228.294	0	
-2.79794	-0.173234	219.745	0	
-4.99747	-0.365196	209.398	0	
149.738	-0.558835	222.341	0	
-8.75992	-1.62938	213.685	0	
151.59	-0.732517	224.169	0	
157.255	-0.454315	170.715	0	
-17.622	-1.98025	198.17	0	
154.04	-1.99481	207.333	0	
-10.8999	-0.495739	225.774	0	
148.128	-0.734698	221.93	0	
-5.44895	-2.78235	199.497	0	
-11.6818	-2.40401	198.644	0	
156.32	-0.373341	187.327	0	
-14.9713	-1.4311	211.767	0	
158.804	-1.21037	145.215	0	
159.091	-0.287253	139.604	0	
-14.06	-0.184751	223.952	0	
157.812	-0.132298	151.941	0	
-11.3911	-0.463959	224.355	0	
-43.7355	-1.48918	195.361	0	
158.395	-2.95147	157.252	0	
-25.625	-0.399074	206.2	0	
-2.44692	-8.59129	181.435	0	
165.994	-1.88735	156.305	0	
-32.2075	-1.53682	192.376	0	
153.807	-4.42578	202.108	0	
-36.8038	-1.72074	191.674	0	
161.208	-2.25451	137.423	0	
-46.2106	-0.584621	198.403	0	
155.312	-0.180399	194.583	0	
-8.55519	-0.835136	221.704	0	
-35.2989	-1.00124	197.413	0	
172.135	-1.16645	198.887	0	
-38.2	-1.36023	192.431	0	
176.058	-0.673031	232.156	0	
166.913	-4.76514	163.829	0	
-37.81	-0.184751	194.088	0	
163.503	-7.58578	168.023	0	
-35.7612	-1.34119	195.14	0	
-56.4964	-2.41123	194.85	0	
153.984	-4.92948	201.409	0	
-44.0625	-0.180456	199.386	0	
123.619	-41.2754	182.211	0	
164.201	-31.3961	270.73	0	
-47.0891	-1.78112	193.516	0	
197.758	-1.16333	341.788	0	
-50.4284	-3.20861	194.424	0	
177.349	-6.25469	249.484	0	
-56.9204	-0.941002	203.476	0	
-49.8546	-1.78408	194.481	0	
-68.7708	-0.673623	203.684	0	
-66.499	-2.45786	197.144	0	
-49.1934	-2.48579	193.119	0	
28.394	-2.43391	204.968	0	
-74.9911	-1.49188	198.289	0	
-79.1074	-2.26852	190.234	0	
-77.0132	-0.778566	201.449	0	
-70.8864	-2.41546	194.386	0	
159.204	-54.1072	305.717	0	
-45.9375	-0.119818	197.665	0	
168.834	-3.069	176.57	0	
-30.6225	-0.734698	195.995	0	
141.711	-1.09608	221.206	0	
5.3125	-0.119818	189.236	0	
-75	-0.727521	201.492	0	
-102.208	-1.53682	191.836	0	
-78.5661	-1.68017	194.372	0	
64.4081	-1.05935	207.454	0	
-77.8246	-1.60479	195.085	0	
-81.8674	-0.734712	199.682	0	
-84.8457	-0.412919	201.894	0	
97.7702	-1.36247	190.65	0	
106.25	-0.332561	168.153	0	
92.0836	-1.48774	201.896	0	
101.281	-0.589708	176.577	0	
100.414	-1.88858	194.019	0	
101.562	-0.119818	176.589	0	
94.8193	-1.37109	197.784	0	
93.1004	-1.27697	196.1	0	
87.1455	-3.14212	201.525	0	
97.19	-0.184751	193.507	0	
90.2925	-1.53682	202.165	0	
91.9635	-0.416907	194.747	0	
85.3501	-0.495739	217.15	0	
86.9457	-1.62119	211.447	0	
82.6553	-1.88767	209.419	0	
88.125	-0.399074	199.165	0	
83.9191	-1.62187	211.094	0	
84.8589	-0.463959	222.511	0	
81.0448	-1.31472	223.011	0	
82.8694	-0.82228	214.168	0	
74.1003	-0.495902	237.856	0	
76.2645	-1.48918	218.842	0	
71.7042	-2.49677	210.24	0	
75.9375	-0.180456	242.628	0	
72.7332	-1.9808	212.647	0	
73.6089	-0.463959	242.18	0	
68.75	-0.727521	227.255	0	
67.5	-0.300715	204.366	0	
59.0375	-2.58768	203.463	0	
70.5225	-0.881803	227.437	0	
64.2873	-1.61093	205.818	0	
65.6275	-0.734698	214.899	0	
60.6275	-0.734698	205.659	0	
60.9419	-1.30186	204.517	0	
57.7742	-1.99331	199.912	0	
58.8623	-0.856232	199.836	0	
51.1066	-0.525004	196.868	0	
52.6124	-1.24366	198.229	0	
45.5419	-2.9328	208.355	0	
51.9792	-0.127051	197.639	0	
49.5949	-2.73951	206.079	0	
51.4276	-2.16225	202.227	0	
45.6254	-1.02269	212.45	0	
47.4305	-2.72281	207.532	0	
39.0527	-1.6187	217.635	0	
39.3738	-2.21769	213.649	0	
27.4792	-0.673623	216.32	0	
29.077	-1.2985	211.947	0	
25.3636	-2.41546	200.535	0	
120.627	-1.78303	199.272	0	
19.8958	-0.420973	208.322	0	
21.2589	-1.49188	200.761	0	
16.5895	-2.43381	196.177	0	
21.25	-0.727521	193.942	0	
17.5837	-1.46822	196.736	0	
18.4202	-1.60778	197.935	0	
13.75	-0.727521	188.6	0	
11.2895	-0.584347	188.904	0	
152.85	-0.495902	213.531	0	
155.014	-1.48918	203.028	0	
145.149	-2.35252	210.745	0	
154.688	-0.180456	206.123	0	
151.62	-1.7849	215.243	0	
152.359	-0.463959	218.681	0	
147.149	-0.997684	220.919	0	
148.745	-1.51942	217.538	0	
148.277	-1.83888	217.518	0	
148.861	-0.719544	223.467	0	
143.869	-1.60008	216.191	0	
144.69	-0.184751	228.019	0	
138.438	-0.905095	216.615	0	
138.745	-1.46872	211.472	0	
135.119	-1.60022	206.012	0	
136.362	-0.856232	217.162	0	
130.003	-0.705995	206.497	0	
130.305	-1.39113	204.546	0	
122.479	-0.673366	202.444	0	
124.077	-1.2985	197.779	0	
120.206	-2.50699	200.713	0	
156.505	-1.43797	182.358	0	
115	-0.300722	188.293	0	
116.264	-1.48918	195.647	0	
112.864	-2.41546	194.887	0	
115.938	-0.180456	181.041	0	
113.317	-2.41216	195.664	0	
114.564	-1.83675	194.696	0	
107.54	-0.584347	180.262	0	
110.118	-2.66714	198.204	0	
-117.625	-0.7939	202.705	0	
-115.268	-2.43719	186.587	0	
-138.48	-1.36247	201.451	0	
-67.8681	-2.59243	194.968	0	
-124.062	-0.905095	201.451	0	
-123.741	-1.49188	197.917	0	
-88.3092	-2.06224	188.651	0	
-81.268	-2.32432	189.598	0	
-85.7029	-2.21773	186.943	0	
-85.2623	-0.239982	192.782	0	
-89.6875	-0.173181	193.002	0	
-88.8038	-1.61508	191.683	0	
-96.5625	-0.905095	192.569	0	
-96.2411	-1.49188	190.301	0	
-96.0925	-2.72793	184.147	0	
-96.25	-0.727521	188.645	0	
-101.455	-1.31472	192.73	0	
-99.7879	-1.02568	193.701	0	
-106.562	-0.231865	191.621	0	
-106.868	-2.32064	185.768	0	
-69.6103	-1.70135	198.182	0	
-100.416	-1.48774	191.748	0	
-140.625	-0.721791	213.125	0	
-140.727	-1.88479	195.807	0	
-153.543	-2.7795	209.397	0	
-124.302	-2.47027	186.14	0	
-127.941	-1.69931	190.301	0	
-126.124	-0.800095	198.789	0	
-131.562	-0.183316	198.609	0	
-132.518	-2.05194	188.914	0	
-118.36	-1.70135	192.866	0	
-127.016	-2.69083	183.152	0	
-189.283	-25.3113	447.638	0	
-118.508	-3.92482	180.784	0	
-21.2708	-0.673623	214.103	0	
-19.7186	-2.68286	194.969	0	
-28.0521	-2.47027	188.837	0	
5.07353	-3.50933	197.973	0	
-27.8125	-0.905095	198.699	0	
-27.4911	-1.49188	194.582	0	
7.76919	-1.63727	195.779	0	
16.213	-0.478752	191.361	0	
10.2416	-1.52283	193.721	0	
11.5625	-0.119818	187.663	0	
7.17351	-1.0481	196.795	0	
7.23401	-1.6768	197.104	0	
-0.3125	-0.905095	203.938	0	
-0.0052011	-1.46872	203.36	0	
0.993181	-1.60465	199.91	0	
-1.85037e-17	-0.727521	199.981	0	
-4.83422	-1.62376	205.995	0	
-4.05743	-0.186199	205.988	0	
-9.69198	-0.916251	216.81	0	
-9.4731	-2.05468	205.401	0	
26.6397	-1.70135	205.08	0	
-3.35525	-1.8889	205.426	0	
-45.0212	-0.673366	201.464	0	
-43.423	-1.2985	195.487	0	
-49.8662	-3.25238	194.905	0	
-29.9084	-4.28199	207.044	0	
-31.8941	-1.75887	189.361	0	
-29.6643	-0.740991	201.933	0	
-37.1659	-0.1895	204.914	0	
-36.3187	-1.31066	195.402	0	
-22.1103	-1.70135	199.259	0	
-30.4385	-2.82518	188.582	0	
-60.9571	-2.28199	198.153	0	
-50.8625	-1.92759	193.575	0	
-68.1262	-1.46081	201.037	0	
-67.8319	-2.05376	197.441	0	
-76.9486	-1.54301	197.361	0	
-74.3149	-2.04317	194.641	0	
-78.2398	-1.84732	192.898	0	
-105.733	-3.96977	182.779	0	
-83.5249	-0.230877	194.082	0	
-82.4855	-1.48916	196.3	0	
104.084	-1.931	192.476	0	
109.69	-0.184751	171.91	0	
106.488	-1.52447	187.226	0	
107.812	-0.119818	176.917	0	
103.128	-0.734698	176.311	0	
103.186	-1.61539	192.302	0	
95.9375	-0.905095	190.811	0	
96.2448	-1.46872	194.834	0	
97.2432	-1.60465	194.781	0	
96.25	-0.727521	183.6	0	
91.0448	-1.31472	197.275	0	
92.7121	-1.02568	193.077	0	
86.558	-0.916251	216.129	0	
86.5553	-1.39056	209.533	0	
77.338	-1.37309	222.66	0	
79.0904	-2.99854	204.044	0	
74.9682	-0.740078	233.217	0	
76.577	-1.2985	229.285	0	
68.1979	-2.47027	209.551	0	
123.47	-3.06207	198.617	0	
68.4375	-0.905095	218.511	0	
68.7589	-1.49188	212.614	0	
65.0753	-1.44054	207.16	0	
66.5857	-0.740991	214.411	0	
59.8908	-0.851559	200.17	0	
60.0486	-2.07499	202.762	0	
53.2163	-1.28617	197.937	0	
72.9309	-1.63768	218.303	0	
50.8176	-0.831816	197.575	0	
52.9096	-1.07621	197.586	0	
39.9303	-2.99719	211.307	0	
54.9778	-3.289	207.395	0	
39.2242	-1.80193	215.07	0	
44.9632	-2.8108	208.412	0	
28.1238	-1.46081	206.788	0	
28.6653	-3.35919	202.085	0	
20.625	-0.721791	196.487	0	
21.9476	-2.10774	198.248	0	
-9.4731	-2.8958	194.662	0	
18.0056	-1.70676	196.908	0	
13.4375	-0.905095	193.639	0	
13.7589	-1.49188	195.473	0	
153.718	-0.740078	207.186	0	
155.327	-1.2985	196.562	0	
142.751	-3.20612	206.002	0	
143.973	-4.01813	203.69	0	
147.461	-0.749484	230.357	0	
146.442	-2.45663	211.153	0	
140.27	-1.36247	214.355	0	
151.182	-3.55767	208.369	0	
138.125	-0.721791	220.961	0	
139.743	-1.60465	210.657	0	
131.613	-3.48684	202.601	0	
144.209	-3.76612	204.708	0	
132.206	-1.53056	203.403	0	
130.533	-2.33624	200.717	0	
127.991	-1.9974	198.746	0	
127.53	-3.22275	198.519	0	
122.764	-1.57873	197.496	0	
122.018	-2.55994	199.844	0	
114.979	-0.673623	187.814	0	
116.577	-1.2985	187.865	0	
86.6594	-2.91963	202.571	0	
114.14	-1.70135	191.92	0	
108.728	-0.679594	172.594	0	
108.204	-2.791	194.635	0	
-116.876	-1.46081	197.736	0	
-116.582	-2.05376	191.434	0	
-124.375	-0.721791	200.584	0	
-123.419	-2.61107	184.798	0	
-77.7985	-3.68464	193.566	0	
-143.058	-6.87036	268.157	0	
-90.6814	-1.54166	190.394	0	
-90.2535	-2.31753	184.626	0	
-96.875	-0.721791	189.022	0	
-96.7445	-2.42983	185.067	0	
-116.585	-2.80205	182.801	0	
-108.371	-3.17323	181.273	0	
-104.158	-1.91906	188.469	0	
-112.71	-2.18354	186.496	0	
-107.665	-2.01948	188.31	0	
-116.413	-4.39901	184.012	0	
-140.701	-1.49655	197.547	0	
-141.926	-2.6483	189.715	0	
-130.286	-2.28836	186.22	0	
-142.605	-5.37899	219.661	0	
-139.772	-5.40253	214.984	0	
-131.692	-3.2103	180.841	0	
-20.6262	-1.46081	202.994	0	
-20.3319	-2.05376	196.46	0	
-28.125	-0.721791	199.744	0	
-26.8832	-2.96895	191.079	0	
-44.0338	-3.09798	189.477	0	
-45.821	-5.2455	217.851	0	
6.22765	-0.679594	189.796	0	
6.57867	-2.2368	197.526	0	
-0.62502	-0.721791	200.865	0	
-0.727492	-1.88479	204.196	0	
-20.3681	-2.59243	195.253	0	
-12.1294	-3.43886	187.7	0	
-8.12827	-2.00657	207.246	0	
-16.2711	-2.50005	193.947	0	
-11.4869	-2.06088	206.19	0	
-20.0507	-4.31006	200.45	0	
-45.1919	-1.68953	193.121	0	
-45.4165	-2.67286	189.13	0	
-34.2847	-1.66701	190.156	0	
-47.5622	-7.70271	281.409	0	
-45.2158	-4.61052	205.788	0	
-33.1423	-3.47675	189.869	0	
-75.3646	-2.53485	192.817	0	
25.1651	-2.90531	201.764	0	
-75.3414	-2.06153	194.425	0	
-76.6597	-2.28575	193.205	0	
-84.375	-0.172936	197.151	0	
-82.173	-1.29849	196.481	0	
-90.6715	-2.46797	184.507	0	
-86.0439	-2.41319	186.9	0	
102.478	-0.679594	180.965	0	
102.79	-0.926407	188.354	0	
95.625	-0.721791	181.933	0	
95.5225	-1.88479	194.891	0	
76.8683	-2.89258	205.793	0	
84.6449	-3.87913	199.492	0	
87.8715	-1.45024	202.773	0	
80.915	-1.51156	217.397	0	
84.3251	-1.81109	208.235	0	
75.1785	-5.03482	210.77	0	
74.9034	-1.35659	223.162	0	
75.1329	-3.4768	208.875	0	
68.125	-0.721791	227.895	0	
69.1248	-2.12441	208.944	0	
52.0407	-2.2521	202.412	0	
48.7764	-5.98554	208.986	0	
62.0882	-3.10478	208.154	0	
46.9512	-8.73792	176.854	0	
51.2768	-5.14909	215.297	0	
62.9843	-3.42884	209.922	0	
51.6734	-1.45539	199.308	0	
52.0808	-1.87446	200.422	0	
20.731	-2.68207	200.132	0	
107.922	-3.77621	195.618	0	
20.536	-1.87789	197.543	0	
20.9054	-2.06317	200.041	0	
13.125	-0.721791	191.67	0	
14.0741	-1.29981	191.967	0	
5.96856	-3.5317	198.706	0	
10.2052	-2.50715	198.31	0	
154.361	-1.83928	204.512	0	
154.668	-2.05381	203.916	0	
151.761	-1.5475	215.264	0	
139.251	-3.29074	204.736	0	
137.993	-2.72636	204.257	0	
137.065	-2.7324	204.573	0	
115.882	-2.59243	196.094	0	
154.575	-2.44588	201.756	0	
115.624	-1.46081	195.4	0	
115.918	-2.05376	197.764	0	
106.877	-1.78303	193.189	0	
109.612	-3.62048	197.047	0	
-140.535	-2.67592	186.247	0	
-71.3407	-2.82976	193.665	0	
-124.464	-1.87789	192.788	0	
-124.095	-2.06317	191.352	0	
-92.4141	-2.66027	184.237	0	
-84.8712	-1.81772	192.271	0	
-98.14	-1.86639	189.41	0	
-98.521	-1.66146	188.028	0	
-152.665	-2.01948	209.817	0	
-144.52	-3.98233	197.263	0	
-23.9494	-2.71161	192.391	0	
4.6159	-4.87251	195.998	0	
-28.214	-1.87789	190.548	0	
-27.8446	-2.06317	189.558	0	
3.06604	-2.51578	198.031	0	
10.6272	-1.78287	195.781	0	
-0.701234	-1.49655	205.623	0	
-1.78469	-2.45031	204.943	0	
-48.2437	-3.1471	193.082	0	
-47.1678	-3.97514	198.058	0	
-88.2793	-3.88453	189.143	0	
-92.7854	-4.58335	196.098	0	
-83.5656	-1.42062	193.781	0	
-83.6174	-2.27876	188.746	0	
99.9628	-2.88107	196.25	0	
107.718	-2.26923	193.171	0	
95.5488	-1.49655	196.79	0	
94.4653	-2.45031	197.225	0	
72.5892	-3.44935	208.406	0	
120.201	-3.08712	196.741	0	
68.036	-1.87789	212.235	0	
68.4054	-2.06317	208.95	0	
47.6739	-3.26865	208.689	0	
49.8826	-4.78972	214.142	0	
17.7461	-3.87787	201.146	0	
-0.53523	-2.67592	203.999	0	
13.0267	-2.6699	196.646	0	
12.018	-2.55996	196.776	0	
149.136	-4.46134	205.333	0	
185.26	-0.853077	297.114	0	
147.805	-1.27839	222.615	0	
149.774	-3.58199	206.976	0	
133.747	-2.40841	203.636	0	
138.353	-2.48238	206.354	0	
90.915	-1.51156	199.88	0	
101.827	-2.76103	196.415	0	
-152.829	-5.21478	234.583	0	
-132.3	-3.06394	181.14	0	
-123.008	-4.50949	185.704	0	
-96.5283	-2.75732	183.19	0	
-45.245	-3.38204	190.92	0	
-35.2624	-3.70998	191.605	0	
-26.2381	-3.92869	200.746	0	
13.373	-2.45792	194.759	0	
-101.282	-3.02933	180.816	0	
-83.3318	-3.51111	189.35	0	
48.6904	-3.54776	209.782	0	
95.7018	-2.47148	196.355	0	
60.024	-3.31308	208.625	0	
70.6057	-4.73574	214.956	0	
-4.94907	-3.23697	196.379	0	
7.01818	-3.09568	199.28	0	
146.978	-3.16069	206.735	0	
147.437	-4.82253	203.939	0	
35.3138	-2.40413	212.685	0	
34.5619	-3.20359	210.647	0	
127.152	-2.96337	197.804	0	
126.521	-5.32853	202.659	0	
-147.736	-3.0564	198.023	0	
-142.506	-3.0634	189.582	0	
-159.573	-1.08173	190.516	0	
-198.497	-13.6936	393.747	0	
-153.325	-2.40378	209.805	0	
-152.269	-2.01355	208.982	0	
-155.424	-3.87335	226.12	0	
-155.888	-2.41665	214.913	0	
-53.88	-3.16132	195.258	0	
-49.1756	-3.38641	194.613	0	
-59.3006	-2.49501	197.535	0	
-58.5044	-2.31761	197.455	0	
-57.1942	-2.2982	195.846	0	
-57.4997	-2.22773	196.253	0	
-65.7241	-1.5947	200.895	0	
-65.4886	-4.52329	207.162	0	
-71.8788	-3.20833	193.585	0	
-68.4228	-3.24228	196.172	0	
43.4539	-2.36178	209.513	0	
47.2486	-3.75225	209.791	0	
35.997	-2.26439	213.609	0	
33.2063	-3.88481	209.947	0	
32.4491	-3.66095	208.849	0	
36.9071	-2.61031	212.323	0	
24.3403	-3.48325	201.936	0	
27.3495	-3.99597	202.664	0	
119.145	-3.21098	196.622	0	
121.468	-2.26923	197.189	0	
-121.565	-2.19025	187.786	0	
-117.173	-3.24228	181.149	0	
-94.0972	-3.08422	184.655	0	
-94.2295	-5.77669	225.896	0	
-108.894	-2.19166	187.942	0	
-107.269	-2.01355	188.94	0	
-145.34	-2.54412	194.119	0	
-148.192	-3.56269	201.674	0	
-24.8242	-3.2437	194.703	0	
-20.9228	-3.24228	194.464	0	
2.59849	-2.23646	198.08	0	
1.89751	-3.99957	196.654	0	
-13.3551	-2.15138	202.206	0	
-10.7527	-2.41864	201.127	0	
-48.6302	-2.47535	192.563	0	
-45.9152	-2.46381	189.664	0	
-51.6437	-3.33577	195.088	0	
-47.9691	-2.67115	192.237	0	
-79.6784	-1.63116	194.295	0	
-77.2282	-2.01787	194.498	0	
99.2935	-3.39178	196.031	0	
99.4294	-5.63774	190.874	0	
83.0934	-2.57782	203.183	0	
85.9742	-2.52868	205.056	0	
70.831	-2.95918	208.082	0	
73.9828	-2.01677	212.785	0	
47.8824	-1.44482	206.807	0	
51.5772	-3.24228	209.117	0	
42.8945	-4.30679	209.655	0	
48.037	-2.96464	207.769	0	
15.9823	-3.0503	197.721	0	
19.4859	-2.45278	199.207	0	
152.068	-4.93466	206.202	0	
153.808	-3.03356	205.318	0	
112.19	-3.68362	196.279	0	
115.327	-3.24228	197.276	0	
-87.7536	-2.72593	185.367	0	
-84.8665	-2.21327	187.669	0	
7.47958	-2.38033	198.891	0	
11.4677	-2.26874	194.811	0	
104.489	-2.72391	196.625	0	
103.135	-2.86574	196.287	0	
-142.861	-2.76152	190.57	0	
-140.997	-2.50494	189.616	0	
-99.4494	-2.53706	183.877	0	
-96.5747	-2.05299	187.139	0	
-4.39614	-3.01237	198.533	0	
-0.997371	-2.50494	203.929	0	
93.1497	-2.54879	199.229	0	
95.2526	-2.50494	196.936	0	
40.48	-3.74918	210.949	0	
46.8444	-2.50022	208.111	0	
128.241	-3.51053	200.29	0	
131.962	-2.79806	201.371	0	
127.529	-5.62164	204.69	0	
129.288	-3.29338	200.853	0	
-151.982	-3.2455	207.485	0	
-152.231	-4.40508	219.703	0	
-158.412	-2.43032	210.181	0	
-162.03	-18.48	595.59	0	
-153.541	-3.76896	214.57	0	
-150.788	-3.7064	205.744	0	
-160.134	-5.9346	271.208	0	
-154.615	-3.09021	214.529	0	
-157.06	-10.2055	398.054	0	
-143.167	-3.17064	191.104	0	
-58.4803	-3.03203	197.033	0	
-56.9822	-4.24535	203.613	0	
-62.0684	-2.30763	197.938	0	
-58.0571	-3.28118	196.726	0	
-62.0514	-3.2216	198.215	0	
-55.3557	-3.69952	197.933	0	
-64.626	-3.03784	196.901	0	
-63.6363	-3.10641	196.589	0	
-62.4939	-3.42808	198.22	0	
-60.5851	-2.97906	197.612	0	
-71.7656	-4.44803	205.908	0	
-69.4479	-4.77727	214.934	0	
39.353	-2.43968	212.499	0	
39.1014	-3.49022	211.36	0	
37.4937	-2.4541	212.408	0	
38.0425	-3.20685	211.635	0	
35.0847	-4.22644	212.803	0	
37.3204	-2.63158	212.122	0	
36.2434	-3.82939	212.564	0	
33.9384	-3.95055	211.138	0	
24.2355	-4.6316	205.142	0	
27.8646	-6.48667	216.283	0	
119.132	-4.64168	198.575	0	
114.637	-4.79726	193.258	0	
-120.422	-4.39777	187.293	0	
-126.024	-4.91643	193.838	0	
-91.8107	-3.76789	186.158	0	
-89.4471	-3.01957	184.684	0	
-90.9728	-3.77629	185.91	0	
-85.6314	-4.41758	194.844	0	
-107.973	-6.39863	227.058	0	
-107.299	-2.62197	183.169	0	
-109.552	-3.36223	180.476	0	
-98.6255	-3.0858	182.305	0	
-145.874	-3.9041	198.463	0	
-142.074	-2.86825	189.11	0	
-24.5814	-4.65086	215.703	0	
-29.2323	-5.08495	232.689	0	
4.56953	-4.25646	197.002	0	
6.7194	-3.4641	199.259	0	
5.5183	-3.54436	198.439	0	
9.79588	-3.64998	199.251	0	
-13.7371	-3.90825	184.135	0	
-10.055	-2.47332	200.131	0	
-13.628	-3.30054	189.052	0	
-1.37873	-3.92379	199.332	0	
-50.6918	-3.18729	194.385	0	
-46.9811	-2.45176	190.743	0	
-50.8585	-3.36271	194.939	0	
-47.125	-2.69666	191.034	0	
-79.8898	-4.5539	200.993	0	
-83.8814	-6.99643	261.264	0	
100.84	-4.09668	194.753	0	
113.456	-4.22103	194.428	0	
110.43	-3.8222	195.086	0	
107.298	-3.02935	195.003	0	
81.4515	-5.47209	203.136	0	
86.9593	-2.55943	203.997	0	
82.5938	-3.31173	200.304	0	
94.8713	-3.92379	195.909	0	
71.6365	-4.37975	212.129	0	
67.1453	-4.46666	215.132	0	
45.5634	-3.16958	208.704	0	
48.8223	-2.62574	205.793	0	
45.9153	-4.45171	210.363	0	
49.028	-4.18947	212.192	0	
15.4442	-5.12748	201.275	0	
10.6252	-5.18158	200.311	0	
109.228	-2.73035	196.578	0	
100.671	-2.9772	196.312	0	
-90.9841	-3.22877	183.559	0	
-95.1538	-3.97199	188.765	0	
4.80781	-3.35944	197.801	0	
2.80078	-3.60255	197.016	0	
106.064	-2.24416	192.957	0	
106.371	-3.04238	195.191	0	
97.4957	-4.00754	195.005	0	
101.755	-4.1832	194.171	0	
-144.093	-3.87084	195.996	0	
-145.271	-4.27627	202.754	0	
-101.613	-3.11444	181.257	0	
-106.94	-2.85185	182.061	0	
-6.37751	-3.70023	190.48	0	
-11.3925	-3.51611	187.335	0	
90.887	-3.11444	200.974	0	
84.9063	-3.34976	200.269	0	
122.062	-3.0892	196.934	0	
145.575	-3.84296	203.935	0	
125.344	-4.33053	196.573	0	
129.755	-4.54507	205.237	0	
-154.474	-5.70917	253.939	0	
-150.027	-3.76948	206.9	0	
-155.868	-3.88601	224.157	0	
-89.163	-5.69352	225.357	0	
-157.851	-4.21465	230.007	0	
-156.697	-4.51693	239.276	0	
-155.812	-4.61073	233.522	0	
-151.017	-4.76279	217.02	0	
-87.7349	-3.90747	189.11	0	
-54.6625	-4.0136	200.662	0	
-59.573	-3.28063	198.237	0	
8.77062	-5.32153	199.829	0	
-65.5928	-3.61131	199.306	0	
-58.0932	-3.99451	201.39	0	
-64.5711	-4.82849	212.453	0	
-60.1822	-5.13236	217.528	0	
9.00493	-3.62839	199.698	0	
93.2922	-5.28259	195.691	0	
31.1495	-3.51782	204.737	0	
32.191	-4.76604	210.559	0	
36.2382	-2.80344	212.049	0	
34.8888	-4.38667	213.273	0	
35.2799	-5.38439	216.542	0	
37.5605	-3.8422	212.572	0	
-101.585	-1.51156	189.599	0	
-99.2533	-4.46388	188.68	0	
-146.021	-4.9734	216.032	0	
-70.088	-4.6986	210.952	0	
-156.314	-7.10161	298.779	0	
-49.6064	-4.14998	201.957	0	
-148.204	-5.27742	225.307	0	
-147.164	-5.63808	228.822	0	
-6.26101	-3.07588	195.442	0	
-2.64736	-4.64357	192.349	0	
-56.7645	-4.15018	202.498	0	
27.858	-3.77517	202.769	0	
-39.2662	-2.97874	186.1	0	
46.2501	-5.25299	210.228	0	
-54.9216	-4.50123	206.643	0	
-49.4504	-3.90993	199.902	0	
-55.5154	-4.18346	202.565	0	
-47.8234	-3.8423	196.608	0	
-52.1627	-4.07054	201.792	0	
-47.7438	-5.43932	222.219	0	
91.2177	-3.02933	199.469	0	
104.923	-4.63564	193.589	0	
37.13	-5.62085	216.596	0	
130.036	-3.48413	202.3	0	
56.8463	-3.49242	208.049	0	
111.108	-5.61856	189.23	0	
41.8623	-4.14547	210.328	0	
46.8161	-3.985	210.344	0	
40.0475	-5.22243	212.631	0	
47.9372	-3.5878	209.665	0	
39.0203	-4.24987	212.356	0	
48.0096	-5.08806	211.876	0	
-90.6069	-4.12617	191.268	0	
-89.0673	-4.52636	196.062	0	
6.20515	-4.25352	198.71	0	
7.80057	-5.40575	199.049	0	
102.761	-6.35106	188.182	0	
107.642	-5.71838	187.655	0	
103.303	-3.76205	195.319	0	
104.579	-4.21073	193.542	0	
101.384	-5.96131	189.344	0	
102.349	-4.15088	194.6	0	
-151.691	-6.07879	252.37	0	
-142.678	-4.8877	207.385	0	
76.6654	-3.47543	205.18	0	
142.59	-9.07743	210.327	0	
129.183	-5.21834	206.633	0	
128.679	-5.87467	207.735	0	
-158.463	-5.097	247.51	0	
-143.335	-3.35085	191.566	0	
-160.169	-2.83098	198.365	0	
-206.269	-14.2369	378.879	0	
-170.983	-27.5209	602.678	0	
-78.4393	-3.98282	195.936	0	
-151.23	-8.52515	340.376	0	
-55.3559	-5.17156	217.224	0	
-60.4865	-4.07923	204.464	0	
-57.5338	-5.25845	217.158	0	
-116.273	-3.28222	182.24	0	
16.3482	-4.59717	200.551	0	
-19.2285	-4.21444	195.505	0	
109.006	-4.7321	193.916	0	
39.2316	-4.62851	212.875	0	
44.5686	-5.43324	208.891	0	
-139.362	-4.24575	194.397	0	
-143.667	-5.68171	230.127	0	
-96.8353	-5.6356	215.517	0	
-98.5503	-4.72249	194.491	0	
-149.758	-7.29453	295.721	0	
-135.226	-3.46886	182.034	0	
-31.6379	-3.01069	188.21	0	
39.1659	-5.1877	213.459	0	
-1.04037	-5.82634	188.876	0	
-0.793253	-4.88588	193.202	0	
-70.6392	-5.94321	235.351	0	
-54.4787	-4.82389	211.441	0	
-53.546	-4.6439	208.346	0	
-50.8981	-4.79298	211.939	0	
-52.7477	-6.33808	242.006	0	
-49.4818	-5.46363	223.965	0	
-54.1051	-7.15582	259.918	0	
-35.8205	-2.3935	186.543	0	
-48.9159	-4.98941	214.762	0	
-48.3512	-4.84571	212.522	0	
65.2729	-3.54872	211.312	0	
110.923	-3.8976	196.762	0	
94.528	-5.54597	193.739	0	
96.1471	-5.22219	192.81	0	
26.3977	-6.47122	213.216	0	
41.635	-4.41006	210.45	0	
43.4661	-3.87461	209.088	0	
44.6678	-4.87519	209.726	0	
44.4256	-7.09985	199.028	0	
45.4101	-5.44123	209.337	0	
42.0564	-6.53229	206.614	0	
59.7048	-2.64652	203.628	0	
47.0608	-5.11764	211.007	0	
48.3032	-5.69337	210.716	0	
-92.3648	-4.48529	194.368	0	
-88.51	-6.27083	242.192	0	
5.71017	-5.07242	197.303	0	
5.40804	-5.20985	196.703	0	
107.716	-4.93836	192.766	0	
109.823	-5.4368	192.268	0	
45.9955	-5.72937	208.511	0	
103.908	-4.96652	191.654	0	
101.296	-4.62081	193.063	0	
100.635	-5.16339	191.958	0	
-146.611	-5.52648	232.985	0	
-145.947	-4.52534	208.663	0	
-146.117	-6.51013	256.754	0	
-144.775	-5.27222	221.069	0	
-148.136	-7.7315	311.071	0	
-132.984	-2.62686	183.091	0	
-153.969	-5.83279	256.762	0	
-153.062	-6.84405	276.66	0	
-67.6727	-6.86628	262.245	0	
-49.4476	-7.33347	267.787	0	
29.1245	-6.81751	218.092	0	
62.6532	-6.7161	206.427	0	
-164.795	-2.22115	215.847	0	
-123.9	-5.69774	204.631	0	
-65.7924	-6.65241	252.353	0	
-35.9924	-8.514	353.834	0	
-58.681	-8.06587	281.665	0	
-25.4144	-7.3191	308.678	0	
-35.1388	-4.00674	196.574	0	
-45.4592	-4.55914	204.203	0	
30.5319	-6.64563	215.45	0	
103.817	-7.1091	186.179	0	
36.6085	-8.05315	213.447	0	
122.171	-4.12915	200.573	0	
59.071	-3.7911	210.566	0	
50.2147	-4.2693	213.121	0	
-99.1686	-5.73932	216.892	0	
-118.344	-4.66334	187.201	0	
-5.37183	-5.99305	180.01	0	
-22.2144	-4.44498	207.338	0	
101.907	-9.13052	187.962	0	
98.0396	-6.03248	190.606	0	
74.5208	-4.47421	211.11	0	
92.5533	-6.60572	196.701	0	
-142.871	-5.50143	225.116	0	
-141.459	-3.71245	190.278	0	
-153.806	-6.70878	283.733	0	
-121.964	-7.74522	290.787	0	
-135.948	-2.15039	188.829	0	
-128.575	-2.51777	183.948	0	
-37.5934	-3.17393	186.48	0	
-31.4286	-2.41364	187.727	0	
59.3821	-3.62517	209.557	0	
64.787	-2.89801	208.233	0	
134.298	-4.53408	207.742	0	
129.828	-6.52162	211.294	0	
124.065	-5.68123	201.198	0	
152.387	-17.6426	201.98	0	
-154.187	-7.21154	295.667	0	
-51.4213	-9.20828	313.286	0	
-41.2619	-4.41083	197.707	0	
-42.9687	-4.76528	208.83	0	
55.1409	-4.57577	215.321	0	
52.0172	-4.20359	214.598	0	
-86.5892	-7.28136	275.481	0	
-85.6067	-3.06974	186.441	0	
8.57749	-6.41174	198.188	0	
11.311	-3.60374	198.743	0	
123.313	-5.68676	197.14	0	
114.007	-4.93297	192.327	0	
-96.228	-5.25328	206.204	0	
-128.19	-3.93751	182.31	0	
-136.477	-10.2194	437.501	0	
-118.585	-4.48733	186.784	0	
-44.7487	-4.6411	204.655	0	
-22.5117	-4.58608	211.436	0	
-42.976	-5.8213	228.578	0	
-40.3575	-4.5203	206.207	0	
50.5818	-6.05969	211.472	0	
74.0413	-2.85345	207.847	0	
54.6426	-5.79512	213.968	0	
55.5974	-4.73199	215.189	0	
-46.5397	-6.41298	244.867	0	
-47.7119	-6.49921	247.104	0	
49.8075	-6.11468	210.126	0	
47.9589	-6.75222	203.604	0	
-142.12	-9.95767	412.246	0	
-133.481	-3.85208	182.835	0	
-53.4623	-7.1131	258.575	0	
-46.5314	-8.16417	299.46	0	
42.5266	-7.47798	200.128	0	
48.9496	-6.46557	206.151	0	
-162.441	-0.861439	168.256	0	
-159.122	-3.65592	220.061	0	
-172.34	-0.561988	308.723	0	
-161.483	-2.52366	190.584	0	
157.19	-2.61148	174.423	0	
160.998	-1.22261	134.339	0	
159.904	-2.13583	142.061	0	
161.112	-3.45948	144	0	
151.745	-4.69865	206.36	0	
157.721	-2.38808	164.618	0	
136.117	-3.22401	204.154	0	
139.787	-4.52606	204.874	0	
-73.9884	-3.57365	194.796	0	
-71.1587	-4.24967	202.902	0	
-78.5993	-10.1004	402.731	0	
-65.1341	-6.64788	256.454	0	
-77.7012	-2.8688	190.289	0	
-74.5037	-5.6669	233.194	0	
22.692	-3.54881	199.495	0	
25.853	-5.58263	209.271	0	
18.3684	-9.41728	206.006	0	
32.7926	-7.11844	219.198	0	
19.9318	-3.92403	201.289	0	
21.5015	-6.01838	207.384	0	
117.926	-4.36185	196.683	0	
120.275	-4.3839	200.085	0	
113.139	-6.71516	190.143	0	
125.598	-6.65948	201.901	0	
110.984	-6.88693	185.586	0	
116.871	-5.4519	194.617	0	
-119.656	-4.33686	183.578	0	
-118.497	-5.82393	211.946	0	
-147.234	-8.68711	352.762	0	
-104.525	-6.70631	240.538	0	
-145.674	-8.66797	343.406	0	
-146.884	-7.80453	308.13	0	
-23.0249	-4.19606	204.436	0	
-23.1413	-5.9083	244.758	0	
2.37436	-6.4855	190.229	0	
-8.73973	-6.23453	178.345	0	
-28.3698	-5.63726	250.997	0	
-21.4822	-6.95721	263.946	0	
-80.0447	-3.01792	188.319	0	
-78.2318	-4.60302	203.856	0	
-73.5693	-5.86726	234.902	0	
-76.3063	-4.06138	198.274	0	
-81.8618	-5.436	218.32	0	
-81.0016	-6.72748	257.476	0	
72.9398	-4.32522	209.473	0	
73.8133	-5.20016	215.095	0	
101.713	-5.52653	190.486	0	
86.2016	-5.53686	200.788	0	
68.6717	-4.66192	216.282	0	
94.3166	-6.51616	194.351	0	
14.5407	-3.68951	196.954	0	
18.2132	-5.18599	204.039	0	
20.8632	-7.75309	208.898	0	
19.663	-4.42217	204.277	0	
15.9726	-6.73974	203.537	0	
14.0473	-6.9859	201.515	0	
111.227	-4.57792	192.561	0	
112.233	-6.47706	186.305	0	
106.87	-6.63263	186.507	0	
114.245	-7.58543	189.375	0	
-86.6842	-4.00645	190.634	0	
-86.6021	-4.89449	202.462	0	
-87.1144	-6.11987	237.161	0	
-82.0564	-9.46436	377.795	0	
8.60974	-4.82145	199.968	0	
9.63888	-5.03803	200.289	0	
10.2162	-7.77102	197.592	0	
12.3644	-9.3498	197.584	0	
131.463	-6.20219	211.9	0	
134.907	-4.09963	205.692	0	
123.998	-4.35267	199.31	0	
122.357	-4.7589	195.077	0	
-66.6256	-3.78982	199.918	0	
-67.6841	-5.13875	218.881	0	
30.4648	-5.38828	210.185	0	
29.4022	-4.93783	206.964	0	
-96.2642	-3.67279	185.668	0	
-98.2717	-3.81762	185.365	0	
-103.389	-6.07598	220.45	0	
-107.514	-4.53039	187.153	0	
0.42031	-3.21427	199.837	0	
-2.43337	-5.41335	188.017	0	
-6.13669	-5.81884	179.361	0	
-9.24138	-3.36663	190.21	0	
95.9925	-3.84777	195.44	0	
93.1546	-4.07631	197.296	0	
89.8964	-5.90604	200.59	0	
103.005	-7.57467	186.018	0	
-62.1596	-6.43714	243.008	0	
33.7989	-9.24331	215.154	0	
-65.4586	-9.6545	335.863	0	
44.3033	-9.42557	169.512	0	
-44.1277	-8.65515	324.807	0	
107.311	-8.87104	184.601	0	
41.6806	-7.57093	200.363	0	
126.185	-6.65443	206.644	0	
31.9927	-10.2785	213.166	0	
128.312	-8.44782	211.417	0	
100.319	-8.2635	187.998	0	
102.592	-7.04928	186.827	0	
-154.479	-8.83589	357.093	0	
-60.7892	-6.43678	243.671	0	
137.654	-4.63596	206.651	0	
153.451	-3.94059	204.667	0	
-137.788	-8.68862	355.554	0	
-135.523	-5.46036	209.949	0	
-130.157	-1.93181	192.395	0	
-128.37	-4.53528	188.322	0	
-32.1077	-3.37012	189.853	0	
-31.9717	-4.53816	210.44	0	
63.017	-2.9546	208.065	0	
63.5015	-5.82504	215.652	0	
133.091	-10.7118	215.996	0	
153.608	-5.96477	200.701	0	
137.151	-5.39312	209.28	0	
141.406	-5.14062	205.853	0	
-73.7498	-4.1646	199.987	0	
-76.5019	-5.1519	214.474	0	
22.1695	-3.72344	201.479	0	
19.8356	-5.67095	207.844	0	
117.692	-5.02316	196.077	0	
116.859	-4.62102	195.025	0	
-123.272	-4.12335	182.649	0	
-127.863	-3.73864	182.503	0	
-112.732	-7.47433	272.136	0	
-113.096	-5.37336	197.4	0	
-27.115	-4.07065	204.595	0	
-31.3101	-2.96133	188.716	0	
-18.2026	-8.78665	290.127	0	
-16.8643	-5.35478	197.591	0	
-80.7349	-4.86248	206.298	0	
-81.8952	-4.60324	198.634	0	
69.0458	-3.68497	210.443	0	
67.4318	-3.92403	213.649	0	
76.5945	-6.33418	216.827	0	
78.3642	-5.56825	208.476	0	
13.2642	-4.12164	199.127	0	
13.2812	-4.71668	198.741	0	
102.889	-12.3551	194.76	0	
118.013	-7.29407	192.934	0	
-92.9672	-8.9443	376.853	0	
-91.6987	-7.34185	288.975	0	
2.30841	-7.84151	187.124	0	
4.77517	-7.13072	192.315	0	
129.633	-10.3009	215.415	0	
145.399	-5.73999	204.146	0	
133.754	-5.05134	209.699	0	
136.895	-5.78665	210.433	0	
121.47	-6.99296	199.289	0	
124.14	-10.8252	208.77	0	
-69.192	-6.37459	251.06	0	
-68.498	-8.87545	322.787	0	
26.9853	-6.86702	212.719	0	
27.3337	-8.92857	217.716	0	
-61.1885	-8.99006	310.228	0	
-93.0547	-10.5999	484.397	0	
-54.2357	-7.54361	269.715	0	
3.02271	-12.7632	182.075	0	
87.6088	-5.06322	199.873	0	
74.5595	-7.95597	224.225	0	
101.377	-7.00823	187.503	0	
102.265	-8.56444	186.983	0	
-120.701	-7.7225	292.54	0	
-122.826	-6.10882	219.892	0	
-128.301	-4.94343	193.283	0	
-125.742	-6.32785	230.292	0	
-47.1895	-12.5048	404.821	0	
-26.8339	-5.70623	245.231	0	
-31.1412	-4.14311	202.512	0	
-27.9475	-7.71462	328.639	0	
47.5612	-9.3229	163.162	0	
70.8152	-5.51038	217.674	0	
65.4378	-6.83423	214.99	0	
66.7538	-6.74707	216.831	0	
140.416	-6.60834	209.443	0	
143.846	-7.14515	207.289	0	
126.815	-9.06462	208.653	0	
193.022	-1.1142	330.669	0	
-97.689	-7.1893	278.745	0	
35.5456	-6.72748	218.699	0	
-2.20575	-6.43347	185.138	0	
102.751	-10.0416	189.047	0	
74.352	-7.39769	222.547	0	
95.965	-9.38592	193.875	0	
-136.229	-7.92103	308.552	0	
-134.711	-6.62307	254.184	0	
-31.9707	-7.46384	322.146	0	
-32.1089	-7.01723	300.334	0	
65.4661	-9.83181	171.826	0	
98.8698	-9.4532	190.892	0	
78.9401	-4.96585	206.372	0	
153.22	-10.1598	200.322	0	
-78.5954	-7.41897	282.594	0	
31.4645	-8.30815	218.387	0	
11.1503	-9.78205	194.056	0	
111.01	-9.34486	187.94	0	
-127.257	-5.46722	204.807	0	
-123.692	-4.88573	189.628	0	
-29.4699	-6.85326	302.291	0	
-27.5802	-5.75912	251.781	0	
66.8356	-5.95304	216.1	0	
69.1013	-5.65747	217.927	0	
151.014	-6.04602	206.021	0	
153.089	-4.05091	205.429	0	
146.074	-6.30453	205.003	0	
141.456	-7.96845	210.457	0	
-113.637	-7.80301	299.541	0	
-117.719	-9.76506	409.43	0	
-114.253	-3.1795	181.959	0	
-109.787	-3.59493	181.317	0	
-17.3157	-7.11645	234.566	0	
-21.8483	-7.34806	292.835	0	
-17.566	-3.09205	189.268	0	
-14.772	-5.28799	188.71	0	
78.3198	-8.3999	222.543	0	
81.4857	-8.50434	220.13	0	
79.1595	-3.57305	204.289	0	
81.2216	-3.26696	203.073	0	
-62.8249	-6.39731	244.26	0	
-64.7292	-7.32659	270.317	0	
32.6308	-4.44216	211.689	0	
33.6473	-6.18382	218.237	0	
-201.071	-23.8156	396.126	0	
-157.19	-8.53554	343.671	0	
-42.9972	-4.00528	195.056	0	
-39.2463	-3.62107	189.5	0	
55.3279	-3.24985	207.803	0	
57.7755	-5.12588	214.707	0	
-137.107	-6.68496	254.248	0	
-135.961	-3.92185	184.998	0	
134.317	-9.24709	218.045	0	
140.348	-7.94903	212.209	0	
-132.048	-6.05348	225.542	0	
-86.6159	-8.57222	342.646	0	
-31.4232	-8.10128	359.033	0	
9.45119	-8.52421	195.46	0	
64.0637	-6.78067	210.245	0	
50.7595	-9.14438	159.359	0	
85.0226	-10.9674	219.776	0	
210.553	-6.76461	361.434	0	
-59.9305	-10.1621	335.414	0	
-56.586	-6.49248	242.006	0	
37.8768	-9.33751	202.183	0	
40.6621	-6.61402	209.188	0	
138.506	-5.38593	208.085	0	
137.2	-6.8266	213.635	0	
138.568	-6.79864	211.994	0	
138.762	-8.12611	213.783	0	
136.284	-8.89258	216.666	0	
161.668	-5.19845	152.448	0	
118.712	-7.95548	195.102	0	
96.6321	-16.514	206.198	0	
-48.5498	-9.09939	317.59	0	
-45.1134	-10.5452	376.943	0	
47.8917	-9.09695	169.053	0	
50.8286	-8.77029	172.86	0	
-174.55	-3.1019	337.698	0	
-158.745	-7.70098	320.035	0	
-160.564	-10.681	406.289	0	
-186.467	-16.062	430.266	0	
158.722	-5.13837	163.717	0	
169.888	-2.32595	184.413	0	
-85.8426	-10.2896	426.905	0	
100.808	-9.87921	189.749	0	
18.1598	-7.14647	207.485	0	
6.10512	-11.5058	184.505	0	
-153.099	-10.9671	456.185	0	
-146.067	-11.0954	469.236	0	
-121.489	-14.4624	740.187	0	
-124.559	-7.97884	297.767	0	
112.194	-18.9644	194.102	0	
115.136	-10.205	194.142	0	
-92.6736	-11.8795	541.356	0	
-70.854	-8.23428	301.874	0	
5.94476	-13.3997	180.772	0	
26.7746	-7.6972	215.906	0	
-113.571	-4.39322	184.645	0	
-127.55	-15.5208	796.867	0	
-17.3467	-4.39649	190.459	0	
-25.5446	-10.9659	480.513	0	
-142.304	-12.0971	539.978	0	
-122.745	-9.77114	416.579	0	
-40.3129	-12.3854	471.999	0	
-5.27657	-9.38404	184.008	0	
67.8458	-8.06203	207.958	0	
60.0078	-10.5296	133.129	0	
118.128	-14.8975	201.526	0	
127.742	-10.7555	214.301	0	
144.411	-10.1117	208.807	0	
153.57	-6.75061	200.932	0	
-124.232	-9.02234	368.575	0	
-102.759	-5.51159	206.826	0	
-18.6088	-9.49388	320.647	0	
-6.46604	-5.66616	179.224	0	
76.1008	-11.4342	225.545	0	
91.294	-6.49814	197.611	0	
68.4974	-9.21812	201.217	0	
135.367	-10.3717	216.478	0	
-60.8899	-10.7117	357.458	0	
-53.775	-11.0977	350.227	0	
35.1388	-8.96154	213.629	0	
41.0153	-11.0055	166.936	0	
130.963	-14.6751	207.642	0	
232.496	-14.8163	360.146	0	
-178.539	-1.3838	362.967	0	
-162.331	-5.52424	262.094	0	
-156.007	-9.96522	408.919	0	
-221.351	-12.57	358.625	0	
-167.378	-3.80963	273.479	0	
-165.488	-4.83796	262.626	0	
162.497	-3.37086	143.103	0	
165.635	-3.49863	155.11	0	
153.678	-7.70462	199.605	0	
132.598	-13.2248	211.948	0	
-52.7603	-9.56337	325.359	0	
-7.19353	-10.6198	199.278	0	
43.4403	-9.79957	167.299	0	
32.0928	-11.2543	207.57	0	
-55.9037	-15.3103	410.475	0	
-137.119	-7.81041	303.835	0	
-134.747	-8.9978	345.207	0	
-156.925	-15.9137	590.37	0	
-127.528	-13.5087	680.896	0	
-43.2054	-15.2635	492.495	0	
-32.3242	-13.2707	568.158	0	
48.1094	-14.0379	86.7743	0	
65.6017	-18.7156	59.1001	0	
131.328	-11.7399	214.754	0	
151.708	-12.2169	202.023	0	
-158.516	-14.5302	542.622	0	
44.0401	-13.368	113.377	0	
10.7716	-10.3614	192.817	0	
86.658	-12.0239	220.563	0	
126.204	-10.1835	212.605	0	
121.771	-10.645	204.52	0	
-166.367	-5.46152	288.388	0	
-188.376	-3.76145	379.188	0	
-133.371	-12.3983	560.04	0	
-128.654	-7.58219	287.78	0	
-216.827	-26.5727	367.11	0	
-127.538	-12.4887	600.148	0	
-131.781	-8.8484	353.712	0	
-130.816	-5.30829	201.307	0	
-164.804	-13.3463	461.616	0	
-106.935	-11.0566	527.221	0	
-129.76	-10.1944	440.967	0	
-127.208	-7.2275	261.125	0	
-129.269	-13.5415	690.171	0	
-129.322	-9.68799	409.801	0	
-135.141	-15.8066	784.05	0	
-103.072	-10.1912	463.487	0	
-130.255	-11.3003	510.728	0	
-127.031	-18.2475	906.881	0	
-147.107	-12.961	556.003	0	
-3.75075	-10.0228	185.625	0	
-125.777	-16.8492	848.441	0	
-124.315	-14.0662	720.332	0	
-62.2225	-13.7321	419.84	0	
-84.864	-10.396	438.537	0	
-124.494	-15.1843	783.993	0	
-123.605	-15.9483	848.379	0	
-91.2697	-15.9708	783.757	0	
-69.4396	-10.8861	390.21	0	
4.70104	-18.6574	184.244	0	
25.3904	-12.8911	204.105	0	
-108.36	-6.43473	231.205	0	
-114.475	-10.1697	436.399	0	
-11.8374	-5.10503	180.297	0	
-13.3704	-9.07133	230.671	0	
84.1618	-6.45617	205.446	0	
84.1655	-9.78578	219.75	0	
-84.4051	-14.9859	663.179	0	
-72.3446	-9.00077	341.943	0	
12.3238	-12.0834	189.507	0	
19.3612	-8.16254	207.775	0	
-93.5838	-13.1189	652.721	0	
-91.5227	-9.04313	365.87	0	
0.396986	-9.84605	182.041	0	
5.09157	-7.381	191.994	0	
-111.415	-12.2554	590.224	0	
-108.626	-6.95196	249.944	0	
-18.1492	-11.7491	377.033	0	
-11.7439	-7.95146	199.028	0	
81.458	-11.3863	228.409	0	
87.2653	-8.09524	207.193	0	
-56.72	-11.8301	366.954	0	
-56.3234	-13.9668	395.97	0	
37.8524	-10.2444	194.682	0	
38.4759	-12.797	163.491	0	
-173.367	-1.15486	328.994	0	
-166.18	-6.66255	308.715	0	
159.824	-8.05367	172.403	0	
158.093	-9.23422	180.715	0	
-36.0846	-6.45431	261.832	0	
-41.3617	-10.1519	393.226	0	
61.1946	-5.52287	213.741	0	
54.2649	-11.4074	108.179	0	
95.2515	-11.2065	200.471	0	
137.638	-10.9562	213.57	0	
-113.768	-12.8436	622.813	0	
-118.31	-12.9816	638.14	0	
-106.509	-16.4507	861.133	0	
-91.3363	-13.0218	618.451	0	
-64.38	-10.7129	359.827	0	
-81.0892	-12.9257	549.641	0	
-115.317	-18.1152	953.968	0	
-105.129	-14.0911	720.65	0	
-96.4227	-11.3239	505.851	0	
-122.996	-22.2421	1049.17	0	
15.2797	-12.5885	193.11	0	
35.134	-15.0717	166.067	0	
-177.174	-5.1231	364.172	0	
-172.732	-11.348	408.684	0	
-167.135	-8.69875	353.113	0	
-168.751	-9.63417	381.429	0	
121.868	-11.6802	202.848	0	
131.831	-39.0001	193.299	0	
-117.99	-14.3331	759.972	0	
-110.68	-13.654	726.367	0	
-93.5908	-8.80498	359.838	0	
-91.424	-17.4985	819.019	0	
1.86739	-9.53379	184.585	0	
5.5816	-16.698	180.652	0	
-132.093	-12.1316	603.047	0	
47.8007	-13.1893	95.8405	0	
-46.3782	-11.5849	393.12	0	
-30.4347	-11.9721	522.703	0	
-112.969	-26.532	1108.95	0	
60.7174	-11.5943	115.693	0	
-83.6315	-16.9392	723.747	0	
-88.7226	-14.5154	667.771	0	
7.82912	-16.5674	178.521	0	
9.27938	-13.9649	181.722	0	
-156.339	-19.4815	684.479	0	
-60.5658	-24.8946	492.652	0	
-87.4642	-14.4741	659.845	0	
-82.8843	-23.3127	837.642	0	
-18.7072	-10.9884	368.545	0	
130.991	-15.7971	203.774	0	
11.2246	-16.2377	178.753	0	
13.2865	-16.4927	180.392	0	
212.654	-11.2494	360.918	0	
187.126	-3.72942	306.144	0	
136.545	-13.0292	209.645	0	
140.295	-11.3493	211.105	0	
-179.958	-3.72031	371.523	0	
-174.084	-6.16691	353.261	0	
162.299	-7.60839	166.505	0	
177.302	-1.39189	244.292	0	
-76.7376	-11.7812	456.801	0	
-70.4051	-12.3557	441.055	0	
20.6305	-11.2968	204.419	0	
29.2482	-14.1332	198.011	0	
-159.021	-15.7896	569.832	0	
-115.814	-23.8137	1078.16	0	
-55.4617	-15.9943	419.268	0	
2.26951	-20.3936	198.741	0	
40.2382	-16.4565	110.307	0	
106.568	-11.5922	188.605	0	
139.595	-16.6412	200.561	0	
144.876	-11.6958	207.323	0	
99.2248	-13.3188	199.446	0	
81.9945	-11.7476	226.852	0	
-112.371	-15.386	835.367	0	
-96.0886	-16.7373	837.686	0	
-26.4389	-12.2144	528.974	0	
-3.90122	-15.3823	210.066	0	
70.7449	-13.083	170.726	0	
46.0762	-22.3365	42.0054	0	
-158.706	-30.1218	770.877	0	
-69.1284	-18.7269	548.741	0	
-78.9636	-29.1439	821.98	0	
-66.127	-14.1222	447.585	0	
14.7826	-19.4129	178.518	0	
29.519	-14.714	192.087	0	
130.505	-18.6238	193.486	0	
145.983	-15.5668	201.943	0	
141.319	-16.0286	199.424	0	
141.417	-18.8048	193.89	0	
-72.4559	-13.7641	490.697	0	
-63.7099	-15.3055	446.672	0	
24.3061	-13.8011	200.248	0	
30.8532	-18.3253	166.844	0	
-92.9757	-17.9289	857.134	0	
4.56332	-20.6956	189.317	0	
28.1671	-19.0531	173.997	0	
29.2745	-22.3274	157.541	0	
-86.9178	-15.6793	742.306	0	
-77.8376	-14.204	561.047	0	
11.8678	-15.0402	180.753	0	
19.3429	-13.8549	193.887	0	
219.401	-30.0034	357.61	0	
133.69	-16.4549	200.571	0	
-152.419	-16.2659	646.945	0	
-148.049	-17.0408	719.8	0	
-143.953	-17.4219	776.431	0	
-138.682	-11.0152	481.069	0	
-63.8211	-21.4476	507.189	0	
-13.831	-16.2764	370.498	0	
35.768	-25.1048	102.685	0	
121.155	-14.3479	202.937	0	
-124.885	-25.4306	1088.35	0	
20.8144	-19.45	181.487	0	
-186.451	-4.46484	386.892	0	
-190.353	-4.91571	390.006	0	
169.471	-4.15545	186.073	0	
171.037	-9.55475	208.745	0	
195.067	-9.71174	341.756	0	
189.174	-0.937423	314.488	0	
83.7947	-18.9761	202.256	0	
44.9627	-23.2861	44.4266	0	
-71.4823	-14.7417	505.838	0	
-68.0845	-16.2756	506.723	0	
26.3548	-20.7268	172.966	0	
28.1901	-16.8404	183.345	0	
125.445	-27.3421	174.42	0	
126.356	-35.9138	178.47	0	
-149.286	-23.5703	867.374	0	
-128.443	-18.4873	914.472	0	
-88.4482	-23.8539	930.291	0	
-75.1463	-22.2447	695.19	0	
-69.5005	-23.7831	613.489	0	
-67.7066	-20.0731	543.895	0	
-165.526	-20.6158	592.912	0	
-62.8036	-30.8721	573.355	0	
-142.031	-19.4721	868.266	0	
-130.944	-32.4791	1084.32	0	
-72.5367	-25.76	678.969	0	
26.2137	-21.8107	170.26	0	
-34.1589	-27.1161	593.163	0	
75.8142	-16.4287	176.605	0	
-24.0137	-13.41	528.962	0	
-17.2692	-16.2323	443.587	0	
75.1732	-15.7106	177.282	0	
85.2891	-13.0587	224.901	0	
135.569	-22.651	184.55	0	
116.75	-17.3165	193.709	0	
-105.206	-18.9021	954.086	0	
-96.387	-26.0339	1041.71	0	
-49.9708	-20.9292	464.308	0	
9.72713	-21.0742	181.395	0	
-179.205	-9.80563	391.444	0	
-181.563	-3.13452	368.038	0	
-203.649	-6.51258	378.151	0	
-175.705	-6.54941	362.256	0	
178.372	-8.59658	261.874	0	
185.355	-9.1778	302.891	0	
169.034	-10.0531	199.425	0	
160.451	-12.5268	189.165	0	
-89.7431	-32.356	995.531	0	
23.0438	-22.7116	175.442	0	
-2.40683	-18.1136	214.1	0	
89.5199	-19.2417	213.719	0	
-81.9343	-25.1132	854.059	0	
-18.2313	-25.5362	488.914	0	
13.2268	-23.1724	181.995	0	
115.002	-27.2349	176.962	0	
-16.4919	-21.7401	462.214	0	
-22.02	-19.5054	557.95	0	
78.6931	-17.1277	189.224	0	
69.0863	-21.7589	62.259	0	
36.2766	-31.1287	87.545	0	
119.327	-24.5293	179.683	0	
-29.4752	-26.0121	606.056	0	
-2.44184	-20.7686	229.049	0	
-123.92	-31.5345	1112.24	0	
175.488	-9.95232	243.127	0	
174.243	-10.1562	236.199	0	
-73.6275	-27.879	712.802	0	
-69.2438	-25.0333	611.413	0	
-150.663	-28.0435	899.217	0	
-154.332	-22.8234	791.58	0	
18.5575	-28.1673	185.768	0	
26.7416	-25.2131	162.347	0	
2.22772	-31.4836	255.029	0	
16.005	-28.2664	190.597	0	
182.409	-13.6525	293.588	0	
222.27	-5.37077	362.781	0	
139.19	-29.7415	189.142	0	
-109.192	-25.5689	1093.68	0	
35.7129	-26.54	100.824	0	
-67.8522	-29.9223	631.404	0	
-68.2589	-32.8791	659.471	0	
-25.1426	-33.4641	531.588	0	
130.168	-22.0688	184.597	0	
21.9585	-28.2204	178.408	0	
37.86	-37.7701	82.7401	0	
-107.945	-18.418	949.272	0	
-110.46	-26.3636	1106.64	0	
108.308	-22.8953	195.807	0	
92.0338	-16.359	214.849	0	
-214.806	-7.71479	364.638	0	
-170.44	-14.7586	465.471	0	
186.745	-7.57998	307.244	0	
204.456	-2.56307	359.066	0	
54.8834	-14.7332	61.6018	0	
72.2963	-23.7594	78.088	0	
-43.4051	-16.5265	509.451	0	
-24.5847	-22.1973	605.659	0	
-194.374	-7.79983	385.684	0	
-196.551	-4.51366	379.689	0	
69.7633	-26.2579	47.6044	0	
131.561	-27.5621	177.697	0	
44.295	-28.1215	41.1973	0	
76.0143	-34.2014	60.6358	0	
-62.4479	-33.3838	585.912	0	
6.55833	-24.3206	196.77	0	
90.3433	-26.0806	172.713	0	
203.052	-14.6376	355.304	0	
-31.6497	-32.1833	565.768	0	
125.544	-32.9521	175.314	0	
-53.4274	-27.9466	495.205	0	
-37.0935	-32.3328	560.77	0	
102.885	-26.2124	177.236	0	
153.869	-53.6781	291.337	0	
121.269	-25.3791	177.946	0	
118.874	-36.2075	170.564	0	
116.306	-24.5191	184.45	0	
114.755	-35.2779	167.68	0	
60.0345	-30.7913	18.0759	0	
122.276	-34.7549	173.037	0	
124.652	-44.5479	193.437	0	
-183.156	-18.4266	453.578	0	
-94.7179	-32.1905	1046.91	0	
-107.399	-32.607	1117.85	0	
64.3139	-31.3256	22.7297	0	
55.4158	-73.8079	146.978	0	
16.4944	-34.9881	211.097	0	
-224.736	-3.44405	354.452	0	
-186.676	-10.8718	397.567	0	
177.304	-30.7045	311.86	0	
164.051	-15.0967	209.121	0	
-191.999	-11.2845	395.062	0	
-191.143	-16.7129	418.205	0	
71.2281	-40.8534	41.3464	0	
203.718	-9.85439	357.001	0	
199.779	-4.78628	346.226	0	
-211.863	-2.86997	367.41	0	
-232.26	-7.79974	350.715	0	
130.147	-48.252	215.14	0	
131.31	-41.5768	198.263	0	
210.176	-9.34461	359.932	0	
213.225	-5.93523	360.373	0	
-210.018	-35.8735	384.01	0	
-227.084	-23.6263	352.368	0	
96.6743	-45.2699	131.563	0	
196.825	-33.0639	351.231	0	
192.982	-17.0044	336.263	0	
169.012	-17.9235	241.136	0	
143.257	-22.9043	192.877	0	
-55.1945	-19.695	437.051	0	
-41.779	-17.5068	531.064	0	
-58.5089	-35.6	576.152	0	
-49.496	-23.6578	476.28	0	
-55.9969	-41.1891	597.546	0	
-43.95	-28.1255	529.238	0	
-42.2579	-29.9683	540.167	0	
-41.0838	-43.1438	565.707	0	
44.3676	-22.4082	48.0268	0	
55.9436	-18.4892	35.3199	0	
43.796	-34.7841	46.5417	0	
50.7388	-23.3077	25.6841	0	
43.9779	-38.6882	48.1429	0	
60.1156	-29.1422	17.9389	0	
50.7473	-30.2226	21.8921	0	
61.5081	-39.4768	24.1621	0	
147.896	-24.3734	202.386	0	
143.277	-45.1937	240.008	0	
-176.222	-28.5609	550.191	0	
-62.5159	-45.1936	670.174	0	
-14.3511	-26.9449	423.162	0	
11.3492	-38.5763	241.123	0	
-124.479	-33.426	1110.38	0	
-119.759	-29.3056	1120.12	0	
-102.782	-47.7541	1024.69	0	
-99.411	-29.7559	1079.32	0	
-115.088	-52.7615	1002.32	0	
-93.1879	-35.5915	1027.3	0	
-221.549	-8.49414	357.393	0	
-216.543	-14.1795	364.094	0	
-82.3763	-47.3992	891.661	0	
114.013	-49.0523	178.661	0	
-44.1189	-37.5695	554.686	0	
-35.7411	-47.1605	556.615	0	
-40.4821	-60.6832	577.249	0	
20.332	-54.202	244.052	0	
52.6821	-32.8702	20.2168	0	
85.4775	-38.0526	102.188	0	
154.886	-23.1791	213.936	0	
160.702	-24.6534	234.248	0	
139.985	-43.2738	225.021	0	
174.623	-22.4824	282.121	0	
-5.27168	-62.5633	411.81	0	
29.0316	-39.8175	149.204	0	
-101.626	-33.5979	1094.22	0	
-101.135	-27.6907	1081	0	
-100.287	-37.8567	1076.83	0	
-77.265	-30.0459	794.776	0	
-164.217	-34.4942	718.083	0	
-100.245	-58.3785	916.713	0	
-94.9005	-33.839	1045.08	0	
-91.2484	-43.5666	988.59	0	
155.066	-20.2073	207.246	0	
166.537	-31.984	276.888	0	
144.628	-49.8126	257.78	0	
150.823	-44.3318	263.027	0	
-211.081	-63.4675	367.326	0	
-59.3468	-52.0372	672.506	0	
-94.7646	-52.4999	943.916	0	
-85.6911	-41.5405	935.321	0	
154.853	-42.9171	271.609	0	
177.607	-36.3628	322.399	0	
-29.2557	-50.611	522.688	0	
146.77	-60.0116	288.21	0	
192.755	-30.374	346.041	0	
185.857	-16.296	311.812	0	
75.3212	-38.5358	53.8502	0	
106.416	-33.3053	162.035	0	
-236.359	-10.1933	350.882	0	
148.082	-50.1444	266.787	0	
141.471	-59.8865	271.435	0	
128.395	-71.4573	264.762	0	
229.3	-51.1632	345.485	0	
76.9955	-57.8286	85.6212	0	
144.997	-63.9346	289.51	0	
-46.4119	-47.3464	589.058	0	
48.4628	-47.0414	53.6544	0	
71.5731	-69.4395	119.061	0	
128.724	-66.6709	257.91	0	
61.9768	-45.3682	34.3843	0	
76.4766	-45.7663	58.2117	0	
185.951	-24.2824	326.933	0	
209.878	-25.9013	358.964	0	
187.756	-44.6851	347.529	0	
185.945	-47.0473	345.593	0	
-85.9516	-59.8342	843.711	0	
200.186	-37.9728	354.37	0	
219.365	-24.8044	359.416	0	
-84.4347	-58.1981	845.293	0	
-24.2616	-67.8156	492.265	0	
-136.317	-40.4063	1014.38	0	
-65.9165	-62.8171	704.909	0	
-126.398	-57.1248	928.185	0	
18.2936	-56.2709	264.114	0	
-31.2799	-59.6447	530.845	0	
-33.3428	-61.6659	543.235	0	
-37.1983	-103.019	446.981	0	
24.3206	-71.2582	266.086	0	
-57.312	-77.7843	614.263	0	
84.2222	-60.1979	106.306	0	
41.7248	-57.8477	122.325	0	
59.7725	-54.5983	62.6485	0	
46.2548	-81.5224	199.848	0	
110.808	-87.1032	253.16	0	
24.6525	-85.3332	285.575	0	
129.816	-89.9247	287.441	0	
147.979	-64.4489	296.201	0	
-184.028	-49.04	490.97	0	
24.2817	-52.1309	214.574	0	
7.83566	-63.431	332.459	0	
1.98395	-65.6502	365.017	0	
0.976248	-81.8247	367.958	0	
-106.036	-75.0907	755.583	0	
-22.3293	-81.976	460.325	0	
-36.5358	-92.6638	477.119	0	
188.577	-92.607	327.64	0	
-107.909	-94.2502	573.12	0	
181.363	-114.02	313.914	0	
0.868448	-91.1658	371.497	0	
201.426	-46.0035	353.806	0	
217.399	-56.5792	347.543	0	
-215.901	-64.2386	362.963	0	
149.975	-89.1764	313.924	0	
90.7481	-99.6081	246.717	0	
77.9621	-81.2459	180.594	0	
-181.107	-79.488	438.261	0	
-110.433	-82.1448	665.816	0	
-1.53777	-99.0453	368.391	0	
139.739	-108.915	304.939	0	
154.986	-102.428	315.593	0	
221.478	-65.9605	340.224	0	
-156.44	-65.5035	641.782	0	
-170.32	-59.3531	569.193	0	
-201.575	-80.7643	369.546	0	
89.0746	-153.662	287.203	0	
202.931	-71.0471	341.916	0	
-119.823	-96.191	545.267	0	
137.78	-150.283	299.56	0	
98.5217	-89.0773	235.718	0	
125.349	-100.685	292.595	0	
101.222	-114.956	277.731	0	
97.894	-97.4832	244.837	0	
-199.272	-95.585	355.8	0	
-176.401	-86.0441	429.492	0	
-54.4307	-102.298	489.757	0	
-8.95604	-109.03	375.646	0	
129.228	-125.994	299.319	0	
79.3405	-115.551	263.322	0	
142.777	-135.116	302.777	0	
66.0839	-118.876	270.03	0	
-39.6011	-117.627	409.952	0	
123.833	-107.304	292.876	0	
115.812	-138.744	292.692	0	
157.529	-135.771	305.159	0	
157.069	-108.209	313.389	0	
98.5944	-146.351	290.058	0	
126.029	-131.998	296.904	0	
75.2516	-134.597	283.362	0	
209.817	-107.66	314.869	0	
194.877	-63.2676	345.383	0	
-79.2467	-104.812	515.398	0	
-40.3557	-122.463	399.886	0	
-153.07	-107.86	425.592	0	
50.0623	-147.627	291.775	0	
-29.3079	-128.371	374.939	0	
-166.521	-110.437	388.481	0	
-109.416	-124.924	407.207	0	
-215.185	-142.858	309.619	0	
208.567	-128.602	305.032	0	
236.067	-78.2621	327.682	0	
-205.853	-114.459	328.372	0	
-98.7926	-144.477	381.603	0	
-75.1901	-153.497	366.564	0	
-2.55621	-141.598	335.76	0	
56.5197	-143.887	291.224	0	
-194.051	-136.418	322.64	0	
-66.2651	-0.766958	203.102	0	
-66.5593	-0.18999	202.916	0	
-65.9375	-0.215758	202.244	0	
-65.646	-0.967745	204.137	0	
-65.2944	-1.62979	200.848	0	
-65.1399	-0.831231	206.31	0	
-63.7751	-1.94013	198.738	0	
30.625	-0.165467	231.94	0	
-64.2063	-0.381255	206.52	0	
26.2507	-0.626815	212.285	0	
31.4708	-1.23892	216.849	0	
32.3666	-1.81795	211.126	0	
124.691	-0.18999	188.272	0	
127.801	-1.05211	202.516	0	
-115.923	-1.2985	195.322	0	
127.083	-0.301598	186.655	0	
-114.544	-2.6155	185.273	0	
-114.578	-2.92284	180.44	0	
-113.717	-3.71699	180.32	0	
-65.7671	-2.6029	196.924	0	
-66.3033	-1.44518	201.738	0	
-65.8067	-2.94325	196.239	0	
-64.6766	-2.39099	197.635	0	
125.938	-0.183316	208.435	0	
126.354	-0.484914	201.528	0	
124.985	-0.766958	201.613	0	
125.625	-0.83059	207.13	0	
125.94	-0.988793	199.55	0	
-19.673	-1.2985	210.014	0	
-18.6155	-3.06577	189.144	0	
-18.0261	-3.58997	189.169	0	
-17.3297	-3.39627	187.001	0	
-69.375	-0.48111	205.138	0	
-68.125	-0.360901	204.468	0	
-68.4375	-0.180445	203.142	0	
-67.8124	-0.902258	205.035	0	
-67.1825	-0.912873	205.716	0	
-72.0833	-0.233607	205.052	0	
-68.4583	-0.914235	203.323	0	
-67.8125	-1.27911	201.293	0	
-66.8669	-0.741951	203.796	0	
-69.198	-1.06781	203.876	0	
-68.1402	-1.83986	197.987	0	
-68.4596	-1.2764	201.062	0	
-67.491	-1.88478	198.103	0	
-66.5776	-0.917831	204.865	0	
-67.4951	-0.365785	209.777	0	
-69.5931	-1.03246	203.213	0	
-69.8179	-1.37074	202.255	0	
-68.8867	-1.36986	200.372	0	
-68.8746	-1.7112	198.643	0	
-67.1852	-2.18692	197.361	0	
-66.7038	-1.79614	199.321	0	
-66.2468	-0.405748	204.822	0	
-69.9993	-0.626815	204.916	0	
-70.2241	-1.3479	200.596	0	
-68.4614	-1.99678	197.609	0	
-68.8774	-2.68138	194.572	0	
-66.5853	-1.25235	201.848	0	
-65.9558	-1.00848	203.689	0	
-66.8651	-1.4621	202.166	0	
-66.332	-1.78465	199.822	0	
-66.0549	-2.02264	198.5	0	
-65.9863	-1.35219	202.263	0	
-66.1156	-2.36091	196.991	0	
-65.4746	-2.12402	198.243	0	
-65.417	-2.46296	196.861	0	
-65.0102	-2.06222	198.843	0	
-64.6087	-2.58931	196.699	0	
-64.8627	-1.89989	199.146	0	
-64.2515	-1.73916	199.952	0	
-64.6435	-1.2591	202.524	0	
-64.7894	-2.79387	196.968	0	
-63.7594	-3.34514	198.148	0	
-66.8669	-0.375319	206.747	0	
-67.1826	-0.185329	204.889	0	
-70.9375	-0.215758	202.115	0	
-69.6868	-0.698381	207.057	0	
-70.4669	-1.68444	198.678	0	
-70.2413	-2.07434	196.009	0	
-69.1496	-2.39357	195.097	0	
-68.5006	-2.41015	195.077	0	
-66.8789	-4.34009	206.28	0	
-67.2193	-2.67154	195.544	0	
-66.8101	-2.13108	197.167	0	
-66.2123	-3.06781	197.226	0	
-69.7908	-2.0684	196.366	0	
-69.7585	-2.90411	194.419	0	
-67.5614	-2.90807	195.552	0	
-66.5561	-2.82441	196.006	0	
-66.2675	-3.61224	198.204	0	
-64.0802	-3.26528	197.812	0	
-68.8816	-3.15748	195.266	0	
-68.2155	-2.79189	194.879	0	
-66.7097	-4.88138	213.859	0	
-66.9013	-2.98226	196.334	0	
-66.9156	-3.40324	197.693	0	
-65.9299	-4.42602	208.815	0	
-65.4702	-3.21313	197.302	0	
-65.9846	-3.88586	200.409	0	
-67.6313	-3.5153	197.683	0	
-68.0604	-3.88157	200.543	0	
-66.1689	-4.9069	213.544	0	
-65.2085	-3.83773	200.77	0	
-63.1368	-2.52161	196.891	0	
-64.0926	-2.38112	197.299	0	
-72.0877	-1.00213	203.187	0	
-70.625	-0.384747	205.837	0	
-70.625	-0.816264	202.846	0	
-70.8817	-1.62973	198.386	0	
-71.1093	-2.02292	196.514	0	
-70.2011	-2.80959	194	0	
-69.5402	-2.50075	194.714	0	
-69.6239	-3.2855	195.409	0	
-68.4147	-3.70816	198.6	0	
-67.3035	-3.69975	199.906	0	
-68.4912	-5.25459	218.964	0	
-65.8601	-5.47644	225.617	0	
-65.2802	-4.97329	216.303	0	
-63.1478	-4.08438	202.505	0	
-63.4142	-4.12104	204.88	0	
-62.8955	-2.5894	197.07	0	
-63.3935	-1.66608	200.3	0	
-74.3739	-0.735515	202.645	0	
-71.4922	-2.01698	195.346	0	
-71.032	-1.0148	203.924	0	
-71.9234	-1.74798	197.648	0	
-72.0571	-2.19598	194.621	0	
-71.918	-2.83183	193.593	0	
-70.8237	-3.14877	194.072	0	
-69.7594	-3.92656	197.182	0	
-68.9478	-4.02336	202.358	0	
-69.2101	-3.40431	196.614	0	
-62.8489	-2.77414	196.769	0	
-62.3066	-1.89337	199.296	0	
-63.5774	-1.25721	202.022	0	
-64.6388	-1.52713	201.579	0	
-72.9851	-1.59144	197.416	0	
-72.6709	-2.77795	192.955	0	
-71.6106	-3.92341	199.171	0	
-71.4714	-3.70739	197.179	0	
-62.8723	-3.13922	197.316	0	
-61.8684	-3.15673	197.295	0	
-61.7304	-2.16082	198.778	0	
-63.6692	-0.281136	202.864	0	
-63.2203	-1.06879	202.734	0	
-64.0905	-0.660129	204.544	0	
-62.9288	-3.33628	198.078	0	
-62.6294	-3.92808	202.644	0	
-61.4246	-3.04342	197.577	0	
-61.6062	-2.88717	197.137	0	
-60.4421	-1.13834	203.485	0	
-62.324	-0.401136	206.276	0	
-62.6264	-1.43201	201.98	0	
-62.1914	-1.50265	201.429	0	
-62.6714	-4.1497	203.826	0	
-61.5225	-3.96508	201.194	0	
-61.2518	-4.01736	203.513	0	
-60.6867	-3.65962	199.903	0	
-61.1684	-2.4043	197.834	0	
-60.8844	-1.88979	199.656	0	
-61.4701	-0.725378	205.428	0	
-63.1166	-0.264969	202.481	0	
-61.8854	-0.145695	208.399	0	
-62.5795	-5.02052	216.46	0	
-59.7168	-4.83026	211.155	0	
-61.729	-4.10615	205.359	0	
-61.4009	-4.52109	209.849	0	
-59.9667	-3.69861	200.051	0	
-60.0478	-3.4963	199.346	0	
-59.9703	-2.78551	197.332	0	
-60.0531	-1.73172	200.814	0	
-60.1295	-3.94574	202.082	0	
-59.5862	-3.51221	199.004	0	
-59.5507	-2.80945	197.199	0	
-59.7631	-2.91514	197.47	0	
-58.576	-1.94751	199.202	0	
-60.9375	-0.215758	203.553	0	
-60.8811	-4.25653	205.211	0	
-57.6748	-4.54247	207.455	0	
-59.2379	-4.09595	204.328	0	
-59.1052	-5.04703	213.869	0	
-59.3594	-2.94363	197.451	0	
-58.6899	-2.89209	196.589	0	
-57.9377	-1.24934	201.703	0	
-59.8256	-0.401756	205.671	0	
-60.3892	-1.38337	202.14	0	
-59.604	-1.59225	201.549	0	
-58.9491	-3.6647	200.651	0	
-58.2689	-3.35272	197.924	0	
-58.6564	-2.51065	197.089	0	
-59.151	-2.14469	198.568	0	
-61.3645	-0.361454	200.325	0	
-60.3438	-0.14071	202.274	0	
-61.1889	-1.04585	202.491	0	
-58.9668	-0.731176	205.042	0	
-59.3842	-0.147665	208.425	0	
-57.8972	-4.11528	203.151	0	
-57.867	-3.63068	198.383	0	
-58.1646	-2.18142	197.571	0	
-57.9395	-2.20455	196.895	0	
-57.4734	-4.42581	206.283	0	
-56.9537	-2.86876	194.905	0	
-57.8573	-3.41621	197.811	0	
-57.4187	-2.89263	195.144	0	
-56.1704	-2.05473	195.992	0	
-58.4375	-0.215758	201.645	0	
-58.1205	-4.52232	208.473	0	
-56.7969	-5.00052	214.139	0	
-57.2204	-3.78115	199.466	0	
-57.6618	-3.06575	196.131	0	
-56.244	-0.93126	202.001	0	
-57.3624	-0.425541	205.347	0	
-57.7401	-1.21708	201.299	0	
-57.3583	-1.1059	202.627	0	
-58.8082	-5.2976	221.285	0	
-57.0131	-5.05985	215.192	0	
-56.291	-4.87617	212.512	0	
-55.1386	-4.66978	208.504	0	
-56.536	-3.55444	197.41	0	
-56.0109	-2.87507	194.545	0	
-58.8634	-0.363424	199.757	0	
-57.8371	-0.151955	198.965	0	
-58.7022	-1.00962	202.12	0	
-58.3292	-6.26308	238.637	0	
-56.0806	-7.00614	255	0	
-56.3912	-3.87112	199.449	0	
-55.4874	-2.65782	193.986	0	
-55.2111	-2.58047	194.435	0	
-56.3815	-1.81351	197.056	0	
-54.8374	-4.33464	204.27	0	
-55.1819	-3.72966	198.186	0	
-66.1134	-6.0475	239.744	0	
-65.0977	-5.79764	228.308	0	
-70.7343	-4.61579	208.403	0	
-68.2737	-6.23566	245.116	0	
-61.7863	-5.87682	231.161	0	
-61.0979	-6.25092	239.576	0	
-56.0261	-5.85621	229.998	0	
-55.4337	-5.51338	222.415	0	
-57.0859	-5.33182	218.984	0	
-57.9447	-5.64546	223.99	0	
-55.3911	-6.55837	243.713	0	
-54.9054	-5.48882	221.672	0	
-58.1752	-7.2036	259.736	0	
-56.5294	-5.83793	230.102	0	
-54.6813	-2.61431	194.351	0	
-55.4397	-1.40461	199.468	0	
-55.127	-4.95774	213.412	0	
-54.419	-3.33391	195.515	0	
-57.2181	-5.90023	231.1	0	
-57.3101	-6.23727	237.372	0	
-54.3974	-2.68716	193.859	0	
-52.9701	-3.39254	194.669	0	
-54.7613	-6.38828	240.342	0	
-53.8999	-4.96867	213.51	0	
-57.784	-6.87892	253.16	0	
-54.4098	-7.71063	272.309	0	
-68.1779	-6.69239	252.225	0	
-67.1185	-5.30364	219.178	0	
-73.5939	-1.78957	195.668	0	
-73.1407	-2.13498	194.165	0	
-74.6759	-1.29981	199.505	0	
-74.0591	-2.3537	193.257	0	
-74.4049	-3.53547	194.615	0	
-72.4343	-2.87025	192.909	0	
-73.7698	-4.57648	205.284	0	
-73.2281	-3.55816	193.75	0	
-73.1405	-4.34108	201.791	0	
-71.3084	-4.81763	211.579	0	
-72.5574	-5.00525	213.164	0	
-72.4032	-5.93082	236.013	0	
-70.9338	-6.35102	246.828	0	
-70.5834	-5.00923	215.936	0	
-67.4377	-6.01678	238.21	0	
-66.1477	-7.24679	267.037	0	
-63.9916	-6.57786	251.34	0	
-63.5373	-4.44342	208.232	0	
-59.2462	-7.71246	274.631	0	
-57.4279	-8.42346	295.177	0	
-54.5241	-7.23205	262.391	0	
-54.5111	-5.53897	223.874	0	
-66.3956	-8.34005	300.007	0	
-65.1516	-7.93539	286.444	0	
-55.1268	-8.38317	288.486	0	
-51.993	-6.11699	239.107	0	
-66.2663	-8.85937	317.349	0	
-65.8281	-10.069	351.51	0	
-64.6848	-9.61175	331.484	0	
-62.0918	-7.68697	276.904	0	
-157.714	-1.22728	214.196	0	
-156.494	-2.01702	216.29	0	
77.5114	-0.734618	231.596	0	
79.4053	-1.27135	223.747	0	
80.0415	-1.75663	214.394	0	
79.6231	-0.548463	238.985	0	
80.2112	-1.16326	219.644	0	
79.6432	-2.17283	213.139	0	
80.2803	-3.32287	203.472	0	
80.5257	-0.877314	227.984	0	
79.8314	-0.246865	251.777	0	
81.2101	-0.748879	229.724	0	
80.6943	-0.198932	220.689	0	
79.3917	-2.76647	208.352	0	
80.4532	-3.66325	202.474	0	
78.0307	-1.72267	212.909	0	
77.8906	-3.24358	204.173	0	
80.1898	-4.13281	202.095	0	
81.9707	-3.90032	200.902	0	
-155.216	-1.25722	219.053	0	
-154.155	-1.54021	218.042	0	
54.6663	-0.116298	196.512	0	
-153.8	-0.267479	231.852	0	
56.033	-1.03873	199.374	0	
-153.779	-0.565971	231.573	0	
55.869	-0.553858	199.926	0	
-152.849	-0.895475	221.929	0	
-152.631	-1.26208	215.505	0	
-151.441	-1.41428	215.164	0	
-152.886	-1.63768	213.788	0	
-152.043	-1.64504	212.905	0	
-153.301	-1.67606	213.581	0	
-152.884	-2.40408	208.829	0	
-153.509	-1.30046	220.078	0	
-153.959	-2.05163	213.857	0	
-152.689	-2.8195	206.994	0	
-152.222	-2.84274	206.225	0	
-154.202	-2.38612	212.699	0	
-153.983	-2.76777	211.918	0	
-153.107	-3.05599	210.453	0	
-152.447	-3.724	213.095	0	
-151.496	-3.23856	204.373	0	
-151.235	-2.77519	205.151	0	
-154.623	-2.33859	213.311	0	
-154.839	-2.71399	214.537	0	
-153.96	-3.49229	215.658	0	
-153.105	-3.55771	208.968	0	
-151.244	-3.69428	210.228	0	
-150.749	-2.80555	202.736	0	
-150.423	-2.38308	204.157	0	
-151.656	-1.69302	211.309	0	
-154.794	-1.95984	216.363	0	
-155.246	-1.96577	214.953	0	
-155.442	-3.126	216.811	0	
-155.224	-3.502	217.861	0	
-154.79	-3.47794	218.497	0	
-153.536	-5.11861	238.523	0	
-151.515	-4.3823	217.184	0	
-150.553	-3.28105	205.071	0	
-154.57	-1.49594	218.013	0	
-154.799	-1.1273	222.343	0	
-155.884	-1.62857	217.236	0	
-156.112	-2.02295	216.891	0	
-155.87	-2.90835	217.894	0	
-156.285	-3.61283	222.865	0	
-154.205	-4.58102	227.553	0	
-154.378	-3.73515	218.642	0	
-154.545	-4.19926	228.227	0	
-155.157	-4.31339	225.709	0	
-150.531	-4.2204	213.522	0	
-149.686	-3.68483	202.933	0	
-154.657	-0.751921	227.236	0	
-155.66	-0.18246	217.385	0	
-155.473	-0.913501	222.514	0	
-155.264	-0.481984	221.198	0	
-156.254	-0.869352	223.718	0	
-156.517	-1.37167	220.257	0	
-156.725	-2.39899	215.703	0	
-156.287	-3.1334	216.806	0	
-156.718	-3.82039	226.523	0	
-156.5	-4.21646	228.052	0	
-156.05	-4.25802	231.816	0	
-155.171	-5.16604	245.284	0	
-148.455	-2.1503	203.731	0	
-149.158	-1.87776	207.448	0	
-157.145	-2.32535	215.59	0	
-157.63	-3.03838	217.157	0	
-157.208	-3.73185	224.676	0	
-157.43	-4.10307	232.166	0	
-157.213	-3.26344	218.582	0	
-158.576	-2.92874	213.162	0	
-157.905	-5.09899	249.22	0	
-157.136	-4.49208	235.333	0	
-158.869	-4.59318	238.844	0	
-157.537	-5.71562	262.7	0	
-157.768	-6.23776	276.868	0	
-157.112	-5.71121	258.926	0	
-158.788	-9.58671	376.962	0	
-157.032	-5.21545	251.32	0	
-156.702	-6.08497	273.801	0	
-155.621	-5.67579	260.147	0	
-156.622	-5.01143	241.959	0	
-155.362	-4.67877	237.596	0	
-156.186	-5.06367	251.238	0	
-156.187	-5.64146	253.396	0	
-157.295	-1.93356	214.509	0	
-157.762	-1.9395	212.878	0	
-156.7	-6.79347	289.499	0	
-155.539	-6.20649	265.695	0	
-154.937	-6.22348	271.004	0	
-154.626	-5.18243	245.564	0	
-157.049	-1.666	218.103	0	
-157.297	-1.09736	220.941	0	
-158.407	-1.61533	208.375	0	
-158.658	-1.85861	205.634	0	
-156.947	-0.553885	226.66	0	
-158.38	-0.188154	214.499	0	
-157.99	-0.902287	214.91	0	
-157.456	-0.523454	222.524	0	
-158.556	-0.721556	211.157	0	
-158.809	-0.310142	212.775	0	
-159.576	-3.06163	204.789	0	
-158.261	-3.87422	224.301	0	
-159.688	-0.0860969	198.874	0	
-159.428	-1.54627	194.591	0	
-159.391	-1.77799	195.149	0	
-159.875	-2.76596	201.602	0	
-159.212	-2.85837	209.222	0	
-160.036	-3.38468	209.826	0	
-159.251	-0.28384	202.811	0	
-159.292	-0.725829	200.3	0	
-159.982	-0.617517	182.487	0	
-159.702	-1.23434	188.825	0	
-160.534	-1.63479	174.151	0	
-159.879	-2.34805	193.257	0	
-159.836	-0.439284	183.731	0	
-160.257	-0.991994	168.75	0	
-160.233	-1.35702	175.067	0	
-160.957	-0.238632	151.986	0	
-161.047	-1.00818	158.842	0	
-152.184	-1.27537	215.857	0	
-151.912	-0.530357	222.743	0	
-151.244	-0.804601	223.436	0	
-150.176	-3.34564	202.608	0	
-149.818	-1.63879	210.123	0	
-157.341	-6.94184	298.908	0	
-155.847	-6.71401	292.981	0	
-155.483	-7.71965	324.3	0	
-154.813	-6.84985	288.683	0	
-160.891	-2.31987	183.913	0	
-160.057	-4.00247	220.809	0	
-149.858	-2.73088	202.502	0	
-148.69	-2.79511	199.893	0	
-156.361	-8.42171	347.68	0	
-156.171	-7.76744	319.595	0	
-153.024	-9.19667	368.584	0	
-152.518	-6.06423	260.024	0	
-147.903	-3.59787	201.344	0	
-148.093	-4.02876	206.487	0	
-155.814	-9.08097	361.097	0	
-153.932	-8.15072	338.621	0	
-155.331	-7.12698	293.913	0	
-155.192	-8.54554	346.801	0	
-160.204	-4.76149	235.892	0	
-158.883	-5.74962	265.388	0	
-146.701	-4.09822	202.994	0	
-147.073	-2.62924	196.875	0	
-157.696	-9.43505	382.789	0	
-154.589	-10.4922	434.584	0	
-160.189	-3.12627	205.154	0	
-161.06	-7.76712	315.649	0	
-151.25	-0.415181	224.7	0	
-150.622	-0.368067	222.082	0	
-150.938	-0.183316	225.904	0	
-150.305	-0.920708	217.935	0	
-149.257	-0.882092	221.005	0	
-150.437	-1.30452	214.424	0	
-149.257	-0.450576	222.349	0	
-148.944	-0.272934	225.505	0	
-149.997	-0.362392	218.143	0	
-147.932	-1.74281	206.156	0	
-147.234	-1.74759	204.018	0	
-149.683	-0.978483	217.67	0	
-147.605	-0.311761	218.493	0	
-146.619	-1.19109	210.029	0	
-148.438	-0.131397	224.119	0	
-148.228	-1.19551	213.81	0	
-146.212	-2.00018	198.85	0	
-145.367	-2.02952	197.611	0	
36.0366	-0.739455	227.244	0	
36.896	-1.51116	217.439	0	
37.0208	-2.12903	213.67	0	
37.1529	-0.877774	221.739	0	
37.6533	-1.18947	218.872	0	
37.1625	-2.25873	213.135	0	
38.1005	-2.12208	213.712	0	
37.9809	-0.868484	221.484	0	
37.0312	-0.0835162	225.026	0	
36.7315	-2.451	212.634	0	
37.0362	-2.99255	211.746	0	
38.2385	-2.27543	212.73	0	
38.8074	-1.67571	215.708	0	
38.4298	-1.57578	216.336	0	
37.594	-0.201026	224.828	0	
36.3001	-2.09605	214.095	0	
36.0988	-2.66085	212.393	0	
37.2451	-3.52476	212.052	0	
37.7443	-3.65542	211.788	0	
38.5959	-2.61178	212.101	0	
39.2495	-2.99029	211.319	0	
39.6314	-1.47285	216.731	0	
38.486	-1.09451	222.399	0	
36.3357	-1.53842	216.705	0	
35.5486	-1.5263	218.887	0	
35.932	-3.11312	211.728	0	
35.8821	-3.32718	211.897	0	
36.5131	-3.56209	212.118	0	
36.149	-4.04442	212.92	0	
38.7049	-3.84557	211.809	0	
39.4852	-2.84977	211.525	0	
39.6652	-3.04803	211.221	0	
40.3751	-0.996631	222.133	0	
40.0735	-1.01858	219.284	0	
39.3926	-0.408971	225.655	0	
35.3758	-1.34218	218.985	0	
34.952	-2.07733	213.765	0	
35.3146	-2.81255	211.752	0	
35.0467	-3.91266	212.344	0	
37.0782	-4.64316	214.505	0	
36.6973	-3.49644	212.039	0	
37.7235	-5.14808	215.454	0	
37.1172	-4.04968	213.157	0	
38.626	-4.07749	212.478	0	
38.7798	-4.27845	212.706	0	
38.7194	-1.27104	219.295	0	
39.9104	-0.750278	223.889	0	
35.4422	-1.1112	222.79	0	
34.8325	-0.404592	225.263	0	
34.5201	-2.1793	212.637	0	
35.3728	-3.25098	211.536	0	
34.0598	-3.13428	209.818	0	
34.4286	-3.8828	211.747	0	
36.1815	-4.78471	215.28	0	
36.9641	-5.21035	215.613	0	
38.5107	-4.61426	213.485	0	
38.3913	-4.99085	214.233	0	
39.6256	-4.94577	212.943	0	
40.0537	-4.58385	211.952	0	
35.7455	-0.819371	225.925	0	
34.6863	-1.53682	216.745	0	
34.9498	-1.22678	218.936	0	
33.9274	-0.738792	223.703	0	
34.2106	-2.47014	211.266	0	
33.84	-2.85723	209.999	0	
32.8567	-5.40237	214.572	0	
33.0202	-4.85783	213.26	0	
35.2257	-5.84525	217.981	0	
35.3426	-4.28748	213.587	0	
35.8978	-0.196581	230.489	0	
35.1735	-0.40311	224.52	0	
34.3809	-0.155399	220.421	0	
33.8317	-0.357453	227.324	0	
34.3725	-1.79865	214.482	0	
33.3364	-1.4894	216.472	0	
33.2206	-3.18175	208.321	0	
33.8333	-3.63	210.086	0	
32.7832	-1.58131	215.287	0	
32.3593	-2.21746	210.011	0	
32.7759	-2.46597	208.78	0	
32.4585	-3.17142	207.131	0	
32.7123	-1.15102	215.439	0	
32.3661	-1.02604	218.826	0	
31.721	-2.39532	208.219	0	
32.7861	-2.96934	208.477	0	
31.8747	-4.46033	210.782	0	
32.7619	-3.98464	209.18	0	
33.0385	-0.877365	224.11	0	
32.0388	-5.96282	216.849	0	
30.581	-1.76428	208.035	0	
30.7306	-3.0801	206.74	0	
32.0203	-2.47114	208.071	0	
32.0018	-3.81276	207.458	0	
30.0876	-4.86709	210.798	0	
32.2797	-5.38826	214.639	0	
33.3632	-1.10302	217.213	0	
33.2008	-0.202054	234.502	0	
31.4953	-0.466803	223.801	0	
32.0765	-1.25204	215.342	0	
33.568	-4.84994	213.731	0	
32.4905	-7.49094	219.626	0	
34.1803	-5.31621	216.348	0	
33.5932	-5.7149	216.971	0	
35.0009	-5.12904	215.982	0	
39.8774	-4.04075	211.634	0	
40.6417	-3.97504	210.93	0	
41.0333	-4.08813	210.878	0	
41.2895	-4.09065	210.537	0	
39.8092	-2.55829	212.112	0	
41.4988	-2.59366	211.283	0	
38.8019	-7.12981	212.976	0	
39.8522	-6.04469	212.1	0	
39.9096	-5.45288	212.64	0	
40.5283	-4.68156	211.885	0	
39.5337	-5.95423	213.184	0	
40.4393	-5.08062	212.203	0	
40.4582	-4.45658	211.542	0	
40.042	-3.46134	211.108	0	
41.0201	-6.49747	208.71	0	
41.3598	-5.76783	210.294	0	
41.1607	-5.25959	211.416	0	
41.7404	-4.68817	210.766	0	
43.0101	-4.045	209.359	0	
42.4109	-2.50347	210.359	0	
40.6572	-5.82132	211.517	0	
42.0217	-4.68702	210.348	0	
41.5991	-6.80221	206.148	0	
42.1442	-5.97979	208.696	0	
41.5485	-5.57449	210.798	0	
42.5098	-5.30137	210.161	0	
41.7799	-7.17682	204.972	0	
42.0222	-7.89809	198.755	0	
43.0204	-5.78499	208.855	0	
42.3918	-5.00457	210.094	0	
42.6133	-4.44252	209.916	0	
43.2336	-4.60897	209.686	0	
43.416	-6.06734	207.469	0	
44.2618	-5.70657	208.053	0	
43.777	-3.91646	208.902	0	
44.3691	-2.48611	208.946	0	
44.0966	-4.2667	209.335	0	
43.3745	-4.89952	209.687	0	
45.251	-5.94113	207.701	0	
45.1875	-5.09336	209.703	0	
45.4241	-5.70265	207.748	0	
45.778	-7.12265	199.004	0	
44.7502	-5.34327	209.225	0	
46.3184	-5.78286	208.866	0	
46.8765	-5.65566	209.291	0	
46.4025	-4.02269	210.182	0	
47.383	-5.89603	208.384	0	
48.0868	-4.47635	211.935	0	
47.7657	-6.44585	205.131	0	
48.4423	-5.93132	209.503	0	
29.9956	-3.72476	206.622	0	
30.3465	-4.25743	205.289	0	
31.1491	-6.63959	218.527	0	
32.8222	-8.33878	219.661	0	
38.5039	-6.66275	212.892	0	
40.4264	-8.82151	193.633	0	
46.752	-6.53514	204.253	0	
48.1765	-8.10742	182.131	0	
49.534	-5.92623	210.912	0	
48.2852	-5.16087	212.202	0	
29.373	-3.77334	203.021	0	
29.0384	-4.37675	207.475	0	
48.5081	-8.30364	183.392	0	
49.3404	-7.40465	193.821	0	
50.0697	-5.96091	210.952	0	
49.0195	-4.77715	213.177	0	
31.3469	-4.69548	208.487	0	
30.9586	-4.14124	208.87	0	
29.1048	-2.5166	205.902	0	
28.3761	-4.35315	204.701	0	
27.8984	-5.0435	209.643	0	
29.5427	-6.08188	212.115	0	
48.6107	-9.00147	170.008	0	
49.1662	-6.92597	201.511	0	
48.9076	-6.7807	202.664	0	
49.8459	-7.01942	201.067	0	
30.1894	-6.00395	215.967	0	
31.4537	-5.9425	214.629	0	
28.1098	-1.83986	208.418	0	
27.4106	-2.64302	201.948	0	
47.6513	-9.86091	155.477	0	
49.4632	-10.8495	130.125	0	
50.4466	-7.63495	193.686	0	
49.3068	-7.79483	191.019	0	
51.4268	-7.56673	191.737	0	
52.7016	-5.99548	212.721	0	
29.1327	-5.53695	212.745	0	
30.1649	-7.28506	219.269	0	
50.6661	-8.19236	183.227	0	
51.0626	-6.79559	202.222	0	
28.2912	-5.66623	209.095	0	
28.2879	-7.09302	213.807	0	
30.1592	-8.42344	219.909	0	
31.5262	-7.27446	218.14	0	
49.1723	-8.93007	169.17	0	
50.392	-7.98364	184.847	0	
27.0475	-4.46773	206.55	0	
25.9184	-5.03961	206.331	0	
-144.999	-0.343083	211.512	0	
-144.123	-0.620129	208.751	0	
-145.26	-1.56615	203.314	0	
-145.025	-1.08425	207.551	0	
-143.828	-1.05429	206.941	0	
-142.323	-1.89092	195.449	0	
26.875	-0.48111	209.768	0	
28.125	-0.360901	215.681	0	
27.8125	-0.180445	228.514	0	
28.4376	-0.902258	211.963	0	
29.3826	-0.734678	214.371	0	
24.0625	-0.116803	202.723	0	
27.7917	-0.914235	208.938	0	
28.4375	-1.27911	213.517	0	
29.3826	-0.368047	211.431	0	
27.052	-1.06781	209.741	0	
28.4181	-2.05376	204.034	0	
27.7904	-1.2764	212.445	0	
28.759	-1.88478	208.323	0	
29.6951	-0.187647	210.701	0	
28.75	-0.360855	214.446	0	
26.6569	-1.03246	207.606	0	
26.4321	-1.37074	206.426	0	
27.3633	-1.36986	205.266	0	
27.7886	-1.99678	203.702	0	
28.7146	-2.65309	202.509	0	
29.1251	-2.12843	204.157	0	
29.6989	-0.928997	213.041	0	
30.1118	-0.353115	218.744	0	
26.0259	-1.3479	207.676	0	
27.3754	-1.7112	207.719	0	
28.0639	-2.68473	202.673	0	
29.9821	-2.32426	203.749	0	
29.838	-1.37309	211.37	0	
29.5362	-1.56932	207.569	0	
30.4205	-0.971702	215.47	0	
28.7501	-0.721768	218.059	0	
29.0625	-0.907943	211.275	0	
25.3125	-0.215758	220.073	0	
26.5632	-0.698381	206.442	0	
25.7831	-1.68444	204.924	0	
26.0087	-2.07434	202.946	0	
27.1211	-2.30385	204.158	0	
27.7667	-2.4615	203.988	0	
28.1105	-3.0842	202.668	0	
29.1536	-3.287	205.188	0	
29.8355	-2.75975	206.372	0	
30.4669	-2.22431	208.939	0	
26.4592	-2.0684	203.832	0	
26.2063	-3.75769	201.59	0	
27.8671	-3.36064	203.046	0	
28.2224	-3.82192	205.249	0	
28.5443	-3.036	204.271	0	
29.4228	-2.82732	202.159	0	
27.4644	-3.14269	202.461	0	
26.4213	-4.59815	204.124	0	
27.1158	-3.49558	202.136	0	
26.5283	-2.85257	202.23	0	
24.9505	-0.602994	208.676	0	
25.625	-0.384747	210.508	0	
25.625	-0.816264	213.868	0	
25.3683	-1.62973	203.231	0	
25.1407	-2.02292	203.276	0	
26.065	-2.84777	201.119	0	
26.7306	-2.41103	202.35	0	
30.1888	-3.17085	202.832	0	
30.862	-2.56906	204.331	0	
31.2847	-2.1172	209.186	0	
31.4569	-1.55721	213.357	0	
22.5072	-0.731718	199.215	0	
24.7578	-2.01698	200.054	0	
25.1254	-0.851127	205.627	0	
24.8892	-1.30486	203.323	0	
24.4569	-2.48291	201.456	0	
24.6413	-2.97869	198.806	0	
25.4021	-3.36838	200.104	0	
26.6602	-3.39138	201.773	0	
23.8682	-1.92657	201.713	0	
23.5338	-2.76993	201.06	0	
24.6181	-3.98045	200.969	0	
25.8488	-3.31414	202.228	0	
25.4592	-4.32729	202.959	0	
27.2466	-5.05851	206.069	0	
25.0889	-6.6683	211.887	0	
26.5551	-5.73195	208.871	0	
22.6069	-1.67522	202.636	0	
23.0655	-2.2029	201.78	0	
21.5741	-1.29981	196.179	0	
22.7151	-2.94503	200.938	0	
21.6926	-3.2487	200.356	0	
23.7391	-3.35784	198.834	0	
22.9485	-5.09406	206.091	0	
23.3092	-3.81086	202.545	0	
23.5278	-4.58741	201.985	0	
25.3043	-4.84119	206.128	0	
22.9377	-5.87816	208.233	0	
25.1182	-5.99811	208.661	0	
24.6186	-5.104	204.171	0	
24.4969	-6.97499	211.173	0	
24.4978	-5.71791	209.057	0	
24.0568	-6.31821	210.304	0	
25.0735	-8.50067	214.095	0	
26.0067	-7.67797	214.215	0	
-140	-0.36376	209.167	0	
-139.372	-0.368067	204.168	0	
-139.688	-0.183316	200.941	0	
-139.055	-0.920708	203.537	0	
-138.007	-0.882092	210.619	0	
-140.938	-0.180456	215.383	0	
-140.625	-0.360901	211.651	0	
-140.315	-1.28335	202.536	0	
-139.688	-0.913707	204.262	0	
-139.69	-1.27666	199.55	0	
-138.007	-0.450576	203.683	0	
-141.283	-0.380108	210.438	0	
-140.312	-0.180445	218.66	0	
-141.286	-0.742721	211.604	0	
-140.941	-0.903958	206.284	0	
-139.593	-1.97917	192.548	0	
-139.502	-2.30524	188.669	0	
-138.646	-2.10871	191.456	0	
-137.694	-0.272934	221.08	0	
-138.747	-0.362392	205.518	0	
-142.423	-0.254139	208.315	0	
-141.897	-0.321601	206.359	0	
-141.405	-1.98696	193.763	0	
-140.347	-2.06434	190.921	0	
-140.011	-1.86147	194.031	0	
-139.379	-1.5893	196.17	0	
-139.116	-2.43909	187.693	0	
-138.263	-2.09548	190.489	0	
-141.776	-0.830685	205.449	0	
-141.014	-1.30046	203.822	0	
-141.075	-2.11605	190.266	0	
-140.786	-3.26944	187.148	0	
-138.739	-3.4079	185.815	0	
-138.208	-1.6563	194.232	0	
-141.926	-1.60727	197.187	0	
-140.432	-3.03815	187.201	0	
-139.756	-4.15783	194.607	0	
-139.503	-3.30434	184.834	0	
-137.874	-2.439	187.808	0	
-137.689	-1.1993	198.945	0	
-142.361	-1.45879	200.181	0	
-142.713	-2.56039	191.679	0	
-141.363	-2.71528	187.295	0	
-140.757	-3.97409	191.405	0	
-141.503	-3.07242	188.004	0	
-141.939	-3.14191	188.549	0	
-143.298	-3.58564	192.878	0	
-142.329	-4.23286	198.055	0	
-137.844	-1.58953	197.603	0	
-137.216	-1.16284	199.515	0	
-138.433	-0.978483	202.799	0	
-142.746	-0.13219	217.118	0	
-141.596	-0.199652	212.681	0	
-142.82	-1.31736	203.102	0	
-138.182	-3.00196	184.815	0	
-135.731	-2.61102	184.529	0	
-137.427	-1.82617	192.947	0	
-137.022	-1.55806	195.699	0	
-136.597	-1.62481	194.606	0	
-136.317	-0.515027	206.02	0	
-136.469	-0.910076	201.733	0	
-136.908	-0.854625	198.791	0	
-136.562	-0.186642	199.409	0	
-136.351	-1.28504	198.911	0	
-135.763	-0.941598	205.526	0	
-137.017	-2.54029	185.956	0	
-134.892	-2.38587	183.863	0	
-135.076	-0.731643	204.322	0	
-135.591	-0.181696	214.909	0	
-135.752	-1.73831	193.978	0	
-136.433	-2.07336	190.419	0	
-142.441	-1.02102	205.379	0	
-142.877	-0.555484	213.344	0	
-137.529	-3.18381	183.813	0	
-135.238	-2.73768	183.662	0	
-139.069	-3.9878	189.835	0	
-137.742	-3.52266	185.659	0	
-142.312	-2.35822	191.498	0	
-142.453	-2.5899	190.548	0	
-143.649	-2.32804	193.747	0	
-143.646	-3.10667	191.508	0	
-143.744	-1.57552	201.285	0	
-144.852	-1.81641	199.432	0	
-144.244	-3.19935	192.414	0	
-143.671	-3.74337	194.055	0	
-144.635	-1.32728	204.63	0	
-144.962	-2.60021	193.636	0	
-144.614	-3.16969	192.788	0	
-145.025	-3.80072	197.551	0	
-143.882	-4.22006	200.562	0	
-143.071	-3.67309	192.953	0	
-145.527	-2.46106	194.792	0	
-145.064	-2.85242	193.111	0	
-145.649	-4.08477	201.28	0	
-144.942	-4.5041	205.055	0	
-144.656	-4.13103	200.693	0	
-143.818	-5.52313	224.894	0	
-143.115	-4.09147	197.188	0	
-142.549	-4.60528	205.455	0	
-145.986	-2.31709	196.707	0	
-146.152	-2.68553	194.848	0	
-146.01	-3.0866	194.471	0	
-146.15	-4.01695	201.491	0	
-145.239	-5.33239	223.346	0	
-144.09	-4.87894	211.472	0	
-143.163	-5.40689	222.007	0	
-142.196	-4.08097	194.744	0	
-145.948	-1.96959	199.962	0	
-146.798	-1.85417	202.746	0	
-147.077	-2.88179	196.496	0	
-145.784	-3.67543	196.802	0	
-146.734	-4.72779	214.606	0	
-146.462	-5.09552	217.232	0	
-147.797	-3.88662	201.55	0	
-147.234	-4.75153	213.735	0	
-145.975	-5.72895	239.096	0	
-145.099	-4.67913	208.491	0	
-141.603	-6.47267	249.201	0	
-141.372	-4.39806	198.585	0	
-147.199	-1.23809	210.076	0	
-148.358	-2.73895	200.049	0	
-148.865	-4.1353	208.238	0	
-146.908	-6.3716	251.09	0	
-147.516	-5.23087	228.64	0	
-148.484	-4.45075	212.257	0	
-146.954	-6.84013	277.912	0	
-144.687	-7.60846	295.411	0	
-145.457	-5.48223	227.902	0	
-144.251	-6.18304	241.196	0	
-146.858	-2.52766	197.229	0	
-147.468	-2.58514	197.877	0	
-134.36	-2.52356	183.827	0	
-134.057	-1.27618	198.425	0	
-136.077	-3.02972	182.167	0	
-136.492	-4.08179	186.893	0	
-142.576	-6.78218	263.689	0	
-143.233	-5.18508	215.632	0	
-150.205	-5.8486	238.353	0	
-148.322	-5.94714	249.615	0	
-134.2	-3.04933	180.745	0	
-133.213	-2.84044	182.544	0	
-136.618	-2.47874	185.428	0	
-135.613	-4.27868	188.281	0	
-134.675	-4.94172	197.479	0	
-132.952	-3.66252	180.79	0	
-144.353	-4.75043	208.319	0	
-144.608	-5.7805	229.238	0	
-144.815	-7.12932	282.684	0	
-142.005	-6.15078	243.318	0	
-142.796	-5.96068	235.57	0	
-142.55	-6.44538	252.659	0	
-134.358	-3.73084	182.658	0	
-134.009	-4.27072	186.729	0	
-132.814	-3.19938	180.75	0	
-132.457	-2.50001	185.233	0	
-136.302	-5.16198	205.264	0	
-134.962	-5.19044	202.655	0	
-134.226	-4.45022	189.264	0	
-132.892	-6.05897	224.346	0	
-132.717	-3.88905	183.438	0	
-131.853	-3.72608	181.405	0	
-131.884	-2.45683	185.069	0	
-132.234	-1.82575	190.449	0	
-132.935	-4.82515	192.371	0	
-133.758	-5.57671	211.978	0	
-129.478	-4.19329	184.021	0	
-130.117	-3.00844	181.337	0	
-130.941	-2.21485	188.183	0	
-131.684	-1.3865	196.632	0	
-131.236	-3.22547	180.027	0	
-129.116	-3.90301	182.93	0	
-140.975	-5.07457	213.42	0	
-138.516	-4.89786	203.665	0	
-137.646	-4.87689	201.419	0	
-138.07	-4.67847	196.941	0	
-136.747	-5.14529	203.894	0	
-137.124	-5.42335	211.868	0	
-135.698	-7.37015	283.767	0	
-134.548	-5.69285	210.697	0	
-128.561	-3.38184	180.429	0	
-129.637	-2.52394	183.647	0	
-133.425	-7.21229	283.685	0	
-134.162	-4.79329	194.77	0	
-128.51	-3.76245	182.558	0	
-127.927	-2.63139	184.964	0	
-133.612	-6.15474	225.321	0	
-133.25	-5.04726	196.571	0	
-129.034	-4.73828	189.562	0	
-127.434	-4.23498	185.322	0	
-129.121	-2.24146	185.765	0	
-129.507	-2.2643	187.549	0	
-129.489	-6.17852	228.776	0	
-127.967	-5.12822	197.358	0	
-127.086	-4.41308	186.129	0	
-126.668	-3.74276	180.722	0	
-128.462	-6.34981	229.71	0	
-127.152	-6.34051	227.482	0	
-126.37	-4.75498	190.358	0	
-124.738	-2.48451	187.253	0	
-129.874	-6.36493	229.479	0	
-129.006	-7.07872	261.605	0	
-126.514	-7.4358	269.125	0	
-125.839	-6.02397	218.589	0	
-125.047	-3.93415	182.013	0	
-126.48	-2.62237	184.697	0	
-122.641	-2.47949	186.878	0	
-122.34	-1.87215	192.137	0	
-121.747	-4.27543	184.318	0	
-120.493	-2.422	186.86	0	
127.396	-0.517356	207.441	0	
130.307	-0.916592	201.566	0	
-130.938	-0.215758	206.987	0	
129.415	-0.306833	191.456	0	
-130.245	-0.910268	202.071	0	
-130.131	-1.26208	203.476	0	
-129.004	-1.8425	191.964	0	
-131.257	-0.840445	203.186	0	
-130.625	-0.396018	208.119	0	
-130.625	-0.827535	210.152	0	
-130.381	-1.62738	193.983	0	
-129.183	-1.51641	193.221	0	
-130.83	-1.7513	192.76	0	
-131.258	-2.35819	186.368	0	
-129.079	-1.08012	197.111	0	
-129.412	-0.530357	200.513	0	
-128.749	-0.893515	202.307	0	
-128.023	-0.881803	207.974	0	
-128.406	-0.20041	207.493	0	
-127.657	-1.52932	196.47	0	
-127.013	-0.799823	192.725	0	
132.88	-0.549836	209.914	0	
-128.023	-0.450286	196.793	0	
133.533	-1.03873	209.636	0	
131.562	-0.215758	206.949	0	
133.369	-0.553858	213.505	0	
132.29	-1.16738	201.92	0	
130.626	-0.735515	214.121	0	
132.255	-0.248238	193.964	0	
131.045	-1.39901	205.465	0	
131.387	-1.61103	200.412	0	
133.116	-1.64065	205.519	0	
131.682	-2.5135	201.65	0	
132.439	-1.84667	201.525	0	
130.593	-3.04302	202.131	0	
132.245	-4.79391	207.786	0	
141.671	-0.52121	231.018	0	
142.283	-1.03873	226.453	0	
120.625	-0.399074	192.761	0	
142.119	-0.553858	222.538	0	
119.062	-0.116803	184.944	0	
119.631	-0.614822	189.726	0	
120.625	-0.83059	196.497	0	
121.452	-1.79948	198.594	0	
121.144	-1.16663	195.796	0	
122.791	-0.914438	196.277	0	
117.511	-0.734618	186.414	0	
120.272	-1.06614	195.667	0	
119.339	-1.14659	194.033	0	
120.627	-2.26818	196.855	0	
119.822	-1.76111	198.239	0	
119.789	-2.25848	195.968	0	
121.051	-2.51774	200.705	0	
121.885	-1.68189	196.931	0	
119.257	-2.54986	199.892	0	
121.049	-3.01299	196.898	0	
120.621	-3.34355	201.242	0	
123.333	-1.97182	197.764	0	
121.602	-0.640668	185.601	0	
121.036	-1.56284	195.579	0	
118.068	-1.75355	197.007	0	
118.135	-3.03163	196.97	0	
119.673	-3.49972	200.688	0	
119.675	-4.1609	195.869	0	
121.509	-3.29374	200.774	0	
123.365	-4.32744	195.005	0	
120.691	-3.97917	195.819	0	
121.611	-3.87997	195.861	0	
121.222	-4.23484	200.57	0	
122.613	-3.7529	195.602	0	
121.382	-5.10288	195.099	0	
121.957	-5.37776	200.286	0	
120.337	-5.04851	195.156	0	
120.797	-6.42069	196.703	0	
122.162	-6.35896	196.251	0	
122.885	-6.50938	201.619	0	
118.538	-4.23888	196.396	0	
120.915	-5.51181	198.532	0	
117.539	-6.0476	194.667	0	
118.651	-5.81091	195.874	0	
119.208	-5.35382	194.387	0	
120.047	-6.42139	195.631	0	
117.305	-7.47052	193.603	0	
120.382	-8.38577	197.732	0	
-121.562	-0.183316	195.001	0	
-123.124	-0.735515	203.279	0	
-122.511	-0.879245	201.02	0	
-121.875	-0.83059	197.201	0	
-120.898	-0.640668	203.79	0	
-121.421	-1.26676	196.697	0	
-119.725	-1.0645	198.721	0	
-123.75	-0.36376	201.808	0	
-123.124	-0.368884	207.298	0	
-123.438	-0.183316	202.881	0	
-122.499	-0.401327	210.52	0	
-122.811	-0.185568	207.192	0	
-124.688	-0.180456	200.203	0	
-124.375	-0.360901	200.27	0	
-124.065	-1.28335	198.273	0	
-123.438	-0.913707	202.775	0	
-125.833	-0.240517	198.452	0	
-124.062	-0.180445	199.612	0	
-124.754	-1.2956	200.203	0	
-124.44	-1.49081	197.976	0	
-123.747	-1.88463	192.345	0	
-126.146	-0.423833	203.692	0	
-125.16	-1.38669	200.932	0	
-124.692	-0.904829	203.979	0	
-124.799	-2.08993	189.624	0	
-123.386	-2.1963	188.726	0	
-122.86	-1.74801	192.842	0	
-125.109	-0.784456	207.669	0	
-125.8	-1.06876	202.095	0	
-125.191	-2.01013	192.202	0	
-124.202	-2.83324	183.021	0	
-125.447	-2.33288	187.446	0	
-124.9	-3.26425	181.672	0	
-124.342	-4.42374	185.427	0	
-123.698	-3.32287	181.41	0	
-126.108	-2.36549	187.887	0	
-125.204	-2.95167	182.894	0	
-125.136	-2.63052	185.531	0	
-125.632	-3.07672	181.933	0	
-125.923	-1.67643	195.49	0	
-127.305	-1.0634	199.8	0	
-125.627	-3.48848	181.679	0	
-124.534	-3.98042	182.8	0	
-125.979	-3.68987	181.139	0	
-125.616	-4.40011	185.869	0	
-126.322	-3.47693	182.045	0	
-126.724	-4.19917	185.367	0	
-126.531	-2.94147	183.306	0	
-127.137	-3.23925	180.353	0	
-127.364	-2.2747	186.456	0	
-125.417	-0.240517	217.531	0	
-127.011	-2.00274	190.253	0	
-125.668	-4.80503	191.623	0	
-122.453	-5.11452	193.374	0	
122.188	-0.119818	184.805	0	
123.125	-0.360901	202.025	0	
122.812	-0.180445	219.388	0	
123.438	-0.902258	198.314	0	
124.067	-0.912873	194.768	0	
121.916	-1.06664	194.804	0	
122.466	-2.29429	197.317	0	
123.438	-1.27911	200.138	0	
124.383	-0.741951	195.355	0	
122.953	-2.5553	198.396	0	
122.634	-1.29383	199.931	0	
123.13	-1.5762	199.156	0	
123.759	-1.88478	198.001	0	
124.672	-0.917831	194.674	0	
123.755	-0.365785	195.959	0	
124.075	-2.55675	197.237	0	
124.125	-2.12843	196.082	0	
125.003	-0.405748	194.461	0	
125.222	-2.62918	196.421	0	
124.938	-1.42176	196.627	0	
124.385	-1.46994	195.881	0	
125.294	-1.00848	197.94	0	
124.439	-1.90428	197.143	0	
124.807	-2.03463	196.231	0	
124.383	-0.375319	189.654	0	
124.067	-0.185329	195.334	0	
125.962	-4.47571	199.311	0	
126.573	-1.77755	197.253	0	
-118.333	-0.240555	198.683	0	
-116.875	-0.360901	198.413	0	
-117.188	-0.180445	195.388	0	
-116.562	-0.902258	199.827	0	
-115.617	-0.734678	198.55	0	
-120	-0.335576	216.809	0	
-117.208	-0.914235	202.125	0	
-116.562	-1.27911	195.267	0	
-115.617	-0.368047	203.634	0	
-117.948	-1.06781	201.376	0	
-116.89	-1.83986	192.021	0	
-117.21	-1.2764	197.613	0	
-116.241	-1.88478	190.591	0	
-115.305	-0.187647	201.197	0	
-116.25	-0.360855	199.371	0	
-118.343	-1.03246	198.498	0	
-118.568	-1.37074	196.589	0	
-117.637	-1.36986	197.624	0	
-117.625	-1.7112	194.309	0	
-115.938	-2.16877	189.876	0	
-115.553	-1.63826	195.898	0	
-115.301	-0.928997	201.866	0	
-114.057	-0.836567	198.899	0	
-118.974	-1.3479	195.924	0	
-117.211	-1.99678	192.335	0	
-117.627	-2.68138	184.097	0	
-115.252	-1.44202	194.591	0	
-113.849	-0.405051	193.387	0	
-116.25	-0.721768	196.159	0	
-115.937	-0.907943	201.029	0	
-119.688	-0.215758	193.451	0	
-119.062	-0.938054	197.998	0	
-119.217	-1.68444	192.923	0	
-118.991	-2.07434	189.439	0	
-117.9	-2.39357	186.506	0	
-117.251	-2.41015	185.405	0	
-116.421	-3.65131	180.221	0	
-115.711	-2.87465	183.268	0	
-114.062	-0.13643	195.99	0	
-114.992	-0.3599	207.717	0	
-118.541	-2.0684	189.023	0	
-118.509	-2.90411	182.437	0	
-117.632	-3.15748	182.134	0	
-116.966	-2.79189	183.807	0	
-120.37	-0.624992	206.166	0	
-119.375	-0.384747	198.646	0	
-119.375	-0.816264	198.683	0	
-119.845	-1.4642	197.507	0	
-119.861	-2.11426	190.228	0	
-118.951	-2.80959	183.416	0	
-118.29	-2.50075	186.181	0	
-113.958	-1.58928	193.875	0	
-112.585	-0.839004	197.818	0	
-114.684	-0.978487	201.167	0	
-114.375	-0.308682	198.538	0	
-114.375	-0.740198	194.746	0	
-118.374	-3.2855	181.209	0	
-117.145	-3.9474	181.115	0	
-120.834	-0.961468	199.328	0	
-119.633	-1.72106	192.931	0	
-120.892	-2.15132	188.409	0	
-120.345	-2.82246	182.94	0	
-119.844	-3.3979	181.327	0	
-118.678	-3.58516	180.562	0	
-117.698	-4.02336	182.362	0	
-117.96	-3.40431	180.58	0	
-121.186	-2.98769	182.829	0	
-120.396	-3.59968	180.835	0	
-119.971	-2.97299	181.839	0	
-120.655	-3.86034	181.682	0	
-120.867	-3.22164	180.936	0	
-119.525	-3.49078	180.614	0	
-119.674	-5.00072	195.03	0	
-117.917	-0.240555	210.261	0	
-116.949	-5.88201	210.28	0	
-117.109	-4.70278	187.685	0	
-114.809	-4.14135	180.326	0	
-121.554	-3.62293	180.887	0	
-120.505	-4.7906	187.299	0	
-121.779	-5.34805	195.563	0	
-119.83	-5.95004	209.977	0	
-120.17	-6.74728	235.838	0	
-119.183	-5.36429	203.392	0	
100.625	-0.399074	178.113	0	
99.2246	-0.406181	186.364	0	
99.5381	-0.889887	187.384	0	
100.582	-0.958428	186.752	0	
101.265	-2.14077	194.063	0	
100.843	-1.40214	189.086	0	
102.056	-1.04725	185.583	0	
97.5072	-0.731718	186.703	0	
100.272	-1.06614	187.946	0	
99.2806	-1.38003	191.492	0	
100.206	-2.25203	195.371	0	
100.195	-1.77991	193.406	0	
99.9794	-2.60778	196.199	0	
100.845	-2.14516	194.124	0	
101.521	-1.68075	191.269	0	
99.5084	-3.03299	196.329	0	
100.546	-4.06562	194.668	0	
100.388	-3.64558	195.607	0	
102.132	-3.3249	195.959	0	
101.03	-0.781044	181.551	0	
100.631	-1.52854	191.008	0	
98.0328	-1.64571	193.128	0	
98.3736	-3.68838	195.466	0	
100.405	-3.35796	196.091	0	
99.6882	-2.90042	196.251	0	
102.761	-3.37503	196.147	0	
103.931	-1.40404	188.177	0	
101.449	-4.15433	194.541	0	
101.835	-3.31708	196.312	0	
102.123	-2.26899	194.555	0	
103.35	-2.61099	195.266	0	
101.239	-4.33764	194.03	0	
102.183	-4.43715	193.584	0	
103.722	-2.6925	196.613	0	
104.879	-1.86246	193.932	0	
100.87	-4.86305	192.343	0	
101.056	-6.11769	189.062	0	
102.672	-4.76884	192.534	0	
103.064	-3.97761	194.994	0	
104.397	-2.11551	194.904	0	
104.266	-2.44408	195.602	0	
99.9587	-4.14246	194.892	0	
98.4627	-4.44598	194.087	0	
101.658	-6.53429	188.07	0	
101.569	-5.21215	191.51	0	
102.614	-3.6006	195.684	0	
102.743	-3.87992	194.976	0	
104	-4.44932	194.045	0	
105.132	-3.36968	195.661	0	
105.654	-4.14153	193.712	0	
105.111	-2.55551	196.265	0	
99.6107	-6.28891	189.684	0	
99.9522	-6.65792	188.731	0	
101.95	-7.14045	186.956	0	
103.043	-6.39153	187.886	0	
103.306	-4.51225	194.014	0	
104.208	-5.15907	191.563	0	
103.814	-6.35942	187.916	0	
105.243	-5.51726	189.157	0	
106.717	-5.34442	189.013	0	
105.293	-4.62443	192.548	0	
100.085	-6.9063	188.483	0	
100.048	-7.92295	187.679	0	
100.873	-7.36281	187.318	0	
102.964	-8.6689	186.711	0	
103.198	-5.69308	190.042	0	
102.28	-5.38616	190.529	0	
98.6625	-5.92847	190.16	0	
98.5625	-8.02697	189.324	0	
100.442	-9.44699	188.721	0	
101.505	-7.75954	186.812	0	
-94.9928	-0.731718	192.005	0	
-93.1432	-1.30346	191.251	0	
-92.7065	-1.88048	187.301	0	
-92.8769	-0.548463	193.532	0	
-92.2888	-1.16326	191.013	0	
-92.8308	-2.41176	184.893	0	
-91.9643	-2.3182	185.011	0	
-91.9743	-0.877314	194.07	0	
-92.6686	-0.246865	188.547	0	
-93.4378	-2.04717	186.732	0	
-92.6137	-3.57217	185.656	0	
-91.5428	-2.45622	184.634	0	
-91.1328	-1.82718	187.244	0	
-91.5495	-1.59054	188.939	0	
-92.2519	-0.246865	200.175	0	
-91.4451	-2.92935	183.125	0	
-90.6271	-3.0159	183.206	0	
-89.8492	-1.81965	189.117	0	
-91.5605	-1.11538	190.112	0	
-91.7964	-3.24132	184.278	0	
-91.5974	-0.198932	193.876	0	
-91.448	-4.00343	188.764	0	
-90.151	-3.286	183.09	0	
-89.536	-2.29149	185.504	0	
-89.7807	-0.928388	197.014	0	
-90.6046	-0.412608	193.646	0	
-91.234	-0.914448	192.834	0	
-90.4895	-0.801184	195.049	0	
-89.3632	-0.363191	196.563	0	
-90.9235	-0.230585	192.684	0	
-89.0507	-0.19001	190.352	0	
-89.9936	-0.355204	200.979	0	
-89.0476	-0.935713	194.7	0	
-90.3061	-0.182023	194.587	0	
-88.0225	-0.864887	193.636	0	
-88.0225	-0.433371	195.681	0	
-90.0868	-0.74378	194.526	0	
-89.3632	-0.729822	192.976	0	
-89.9873	-1.49319	191.328	0	
-88.4758	-1.38389	191.377	0	
-87.71	-0.265258	192.086	0	
-88.7382	-0.358122	193.399	0	
-88.8979	-2.43297	185.602	0	
-88.7461	-2.03601	187.948	0	
-88.3604	-2.73533	185.381	0	
-88.1616	-1.69376	190.018	0	
-89.1846	-3.38874	184.488	0	
-87.3548	-2.26859	187.211	0	
-88.7032	-2.8113	184.764	0	
-87.5751	-2.1645	187.667	0	
-87.6063	-1.86153	190.235	0	
-86.5891	-1.37385	193.331	0	
-88.4344	-0.978701	194.587	0	
-86.8837	-0.928996	196.615	0	
-87.1978	-0.896065	195.971	0	
-86.0271	-0.938454	194.518	0	
-92.344	-3.11026	183.717	0	
-93.0427	-3.72399	186.132	0	
-93.8242	-4.15869	189.965	0	
-92.2584	-3.99924	188.29	0	
-93.5084	-4.38915	195.044	0	
-92.2216	-6.18964	232.758	0	
-93.219	-5.74531	222.159	0	
-91.0264	-4.86542	200.522	0	
-91.4736	-4.54038	196.06	0	
-90.6349	-4.67834	195.134	0	
-91.9428	-4.79089	200.408	0	
-92.7998	-5.4102	214.445	0	
-90.1892	-4.98816	200.829	0	
-89.0711	-4.07084	189.616	0	
-90.0127	-4.26477	191.489	0	
-89.2286	-4.27586	193.813	0	
-88.6288	-4.36492	193.915	0	
-88.5908	-3.53875	185.992	0	
-87.3962	-3.24181	185.458	0	
-86.6987	-2.44562	187.181	0	
-87.7696	-1.21711	194.04	0	
-86.6933	-1.74382	190.943	0	
-85.5603	-0.880248	193.925	0	
-85.923	-0.208749	193.031	0	
-85.2201	-1.14697	196.856	0	
-84.0574	-0.82436	195.527	0	
-85.2879	-1.58108	191.137	0	
-85.5603	-0.448731	196.573	0	
-84.4487	-1.06896	198.164	0	
-84.8034	-0.888392	196.085	0	
-84.4487	-1.56418	192.42	0	
-85.7029	-1.73259	191.768	0	
-85.2832	-2.46177	187.572	0	
-83.9823	-1.72788	193.616	0	
-83.6408	-1.01231	195.699	0	
-86.102	-1.35668	192.786	0	
-86.4605	-2.16469	187.136	0	
-86.2241	-3.01495	185.9	0	
-84.2396	-2.40673	187.685	0	
-84.5307	-2.47731	187.836	0	
-82.9343	-1.95299	192.432	0	
-86.9484	-2.3691	186.218	0	
-87.2077	-3.73002	188.388	0	
-85.1754	-4.00115	190.149	0	
-84.4577	-3.10569	186.798	0	
-84.9826	-2.99667	186.418	0	
-83.9093	-3.27808	187.721	0	
-87.4043	-4.30046	193.182	0	
-85.9588	-2.87328	185.379	0	
-90.6783	-6.68159	249.78	0	
-92.3062	-5.55194	218.847	0	
-90.0124	-5.89559	228.767	0	
-88.8273	-5.30007	212.694	0	
-91.2742	-5.36316	209.653	0	
-90.6243	-6.07921	232.775	0	
-89.1341	-6.98602	264.635	0	
-88.3753	-4.4062	195.206	0	
-88.3749	-5.09954	206.984	0	
-88.2803	-4.66581	198.501	0	
-82.8125	-0.180445	194.771	0	
-83.9415	-0.403814	194.39	0	
-82.8125	-0.902224	199.32	0	
-83.2124	-0.772212	195.342	0	
-83.2124	-0.411322	195.553	0	
-82.8124	-1.27908	195.41	0	
-81.8674	-0.368081	202.723	0	
-83.1372	-1.55737	194.44	0	
-82.491	-1.88478	192.247	0	
-81.5549	-0.187659	198.26	0	
-82.5	-0.360867	206.129	0	
-81.9073	-3.21593	187.556	0	
-82.1249	-2.12847	191.747	0	
-81.5511	-0.92903	199.228	0	
-80.5155	-0.872353	198.193	0	
-81.4119	-1.37314	195.925	0	
-81.7138	-1.56937	195.591	0	
-80.5155	-0.440836	199.291	0	
-82.5	-0.721756	198.886	0	
-82.1875	-0.907943	201.362	0	
-81.4146	-2.75977	187.853	0	
-80.6685	-1.7647	192.208	0	
-80.203	-0.268605	196.34	0	
-81.2424	-0.35989	198.543	0	
-80.902	-3.04788	188.039	0	
-79.9264	-2.68321	188.564	0	
-80.7827	-2.22473	190.41	0	
-80.3582	-3.06252	188.4	0	
-80.0475	-2.00287	191.726	0	
-79.1782	-1.24454	196.927	0	
-80.9337	-0.978488	197.976	0	
-81.1932	-3.75454	190.863	0	
-79.9741	-4.03349	194.173	0	
-79.3744	-0.916501	201.547	0	
-79.6816	-0.895324	199.757	0	
-78.4375	-0.201058	198.546	0	
-92.6912	-6.48984	253.157	0	
-91.8071	-6.33481	242.558	0	
-88.3887	-5.6227	215.653	0	
-88.0018	-4.68607	200.114	0	
-78.5612	-2.65969	189.216	0	
-79.4817	-2.31309	190.27	0	
-80.237	-1.2153	197.287	0	
-79.2824	-1.62291	194.652	0	
-78.9828	-1.91681	192.991	0	
-78.7005	-1.22824	196.31	0	
-79.3003	-2.84905	189.142	0	
-78.2398	-2.33247	191.083	0	
-79.3138	-3.1492	188.584	0	
-78.9064	-3.61208	191.492	0	
-77.8187	-2.44129	191.253	0	
-77.5816	-2.02381	192.962	0	
-78.5772	-3.22534	190.301	0	
-78.9547	-4.18345	196.04	0	
-77.9661	-3.09739	190.444	0	
-77.16	-3.36115	193.113	0	
-75.6697	-1.48039	197.858	0	
-78.75	-0.49084	199.647	0	
-78.0494	-4.01504	195.262	0	
-77.3395	-3.66229	192.971	0	
-75.5986	-3.40008	193.294	0	
-75.6905	-1.86583	195.679	0	
-75.625	-0.721791	198.601	0	
-77.3275	-0.402894	203.934	0	
-77.7085	-1.18279	199.103	0	
-77.1859	-1.12695	200.346	0	
-77.4663	-4.48582	202.294	0	
-76.7117	-2.93172	192.095	0	
-78.5417	-0.922356	199.069	0	
-77.7373	-0.252088	198.263	0	
-78.0498	-0.884662	198.468	0	
-76.4635	-0.706935	200.325	0	
-76.8819	-0.150806	202.395	0	
-77.6397	-5.37032	218.965	0	
-77.0117	-5.15833	215.383	0	
-77.0429	-4.34369	200.416	0	
-76.5804	-3.85963	196.591	0	
-92.8829	-7.30188	277.446	0	
-90.2142	-7.14873	281.475	0	
-87.6235	-4.99584	204.931	0	
-86.7342	-4.61261	199.37	0	
-80.4284	-3.8417	192.383	0	
-79.2588	-4.70558	204.41	0	
-87.0776	-5.10183	208.305	0	
-85.9475	-4.24845	194.897	0	
-80.3938	-5.69122	221.194	0	
-78.9337	-5.6763	225.336	0	
-87.2849	-6.50849	244.424	0	
-86.0624	-6.77102	254.27	0	
-76.4724	-6.91046	261.057	0	
-77.7671	-5.01909	211.977	0	
-93.8112	-2.03972	186.931	0	
-94.0803	-3.50219	185.659	0	
-81.9297	-4.11233	195	0	
-82.5545	-4.23143	197.038	0	
-75.2271	-6.49415	251.92	0	
-75.0173	-4.63594	206.695	0	
-93.195	-6.18725	236.1	0	
-94.9593	-8.72527	342.972	0	
-92.5346	-8.4951	336.617	0	
-92.5476	-11.1236	515.487	0	
-80.9121	-3.70507	190.367	0	
-80.8499	-4.47553	199.812	0	
-86.0535	-7.92409	306.308	0	
-84.4395	-6.15995	233.825	0	
-78.5325	-6.35288	242.335	0	
-76.5987	-6.27776	244.58	0	
-82.6386	-3.26631	186.519	0	
-82.8475	-4.03622	191.631	0	
-82.9907	-4.88127	207.628	0	
-82.6534	-5.58401	221.264	0	
-78.9886	-6.18174	242.972	0	
-79.6012	-8.78709	335.071	0	
-105.624	-0.735515	195.015	0	
-103.055	-1.31853	192.47	0	
-102.459	-1.75663	188.472	0	
-102.877	-0.548463	195.543	0	
-102.289	-1.16326	193.538	0	
-105.132	-3.11045	181.499	0	
-102.984	-2.99091	180.312	0	
-101.974	-0.877314	195.434	0	
-102.669	-0.246865	200.343	0	
-101.29	-0.748879	194.263	0	
-102.252	-0.246865	196.437	0	
-103.683	-3.98986	183.927	0	
-101.597	-0.198932	193.898	0	
-102.855	-2.18948	186.559	0	
-103.091	-4.71161	187.463	0	
-101.003	-3.31698	181.375	0	
-111.875	-0.399074	198.056	0	
-111.245	-0.72475	193.348	0	
-112.219	-1.06169	200.013	0	
-111.875	-0.83059	193.316	0	
-110.933	-0.908065	199.133	0	
-110.617	-0.73471	196.497	0	
-110.935	-0.18188	193.691	0	
-111.56	-0.974386	197.856	0	
-111.464	-1.46363	192.862	0	
-110.481	-1.80917	191.1	0	
-110.233	-0.96737	201.182	0	
-112.253	-1.51975	194.473	0	
-110.617	-0.368079	201.582	0	
-111.157	-2.30875	187.367	0	
-108.281	-1.67438	191.416	0	
-109.966	-0.376315	205.256	0	
-109.083	-0.822641	195.999	0	
-109.659	-0.190117	195.054	0	
-109.191	-1.07595	196.029	0	
-107.366	-0.634715	196.166	0	
-113.536	-0.268621	198.805	0	
-112.962	-1.26382	195.714	0	
-113.511	-1.10498	197.901	0	
-112.64	-1.58899	194.048	0	
-113.504	-2.36418	184.666	0	
-111.671	-2.53962	184.645	0	
-111.831	-5.17357	194.214	0	
-112.297	-2.47278	184.288	0	
-109.986	-2.66473	184.212	0	
-109.916	-1.71806	191.469	0	
-108.735	-0.380927	195.076	0	
-108.438	-0.207693	195.673	0	
-107.631	-1.26208	194.755	0	
-106.441	-1.41428	192.187	0	
-107.745	-0.910268	198.733	0	
-108.125	-0.387953	198.894	0	
-108.125	-0.819469	196.677	0	
-107.886	-1.63768	192.131	0	
-107.043	-1.64504	191.024	0	
-108.575	-1.36703	193.639	0	
-107.884	-2.40408	185.694	0	
-109.097	-1.29341	193.717	0	
-108.267	-2.37135	185.201	0	
-108.887	-1.69942	190.75	0	
-109.054	-2.5847	184.28	0	
-109.003	-3.39126	180.349	0	
-108.651	-2.66007	183.058	0	
-108.019	-2.96262	182.138	0	
-107.537	-2.7587	182.453	0	
-109.744	-2.24035	187.571	0	
-110.725	-3.01819	181.992	0	
-109.684	-3.97869	180.566	0	
-106.981	-3.46406	180.672	0	
-108.451	-3.67764	180.875	0	
-108.416	-4.01178	181.563	0	
-106.785	-3.07412	181.483	0	
-106.292	-2.43675	185.418	0	
-108.63	-4.89858	190.75	0	
-105.906	-4.94967	195.044	0	
-105.728	-4.29203	182.853	0	
-105.449	-2.67782	182.952	0	
-105.68	-2.46028	185.046	0	
-106.656	-1.69302	191.595	0	
-106.98	-3.75327	180.91	0	
-104.993	-4.34514	185.635	0	
-105.105	-4.59266	187.008	0	
-104.706	-3.92261	182.578	0	
-107.184	-1.27537	195.234	0	
-106.813	-0.700951	193.644	0	
-106.244	-0.804601	193.517	0	
-110.993	-3.54366	181.146	0	
-110.349	-4.05564	181.035	0	
-111.829	-3.65868	180.427	0	
-112.857	-3.61482	179.604	0	
-110.602	-4.23135	185.107	0	
-108.703	-8.62104	342.633	0	
-105.109	-5.10501	195.294	0	
-106.291	-4.15087	183.339	0	
-104.137	-3.13338	181.21	0	
-104.782	-1.77289	190.445	0	
-106.925	-4.85821	190.507	0	
-106.452	-5.33435	199.009	0	
-104.469	-5.16217	199.495	0	
-103.577	-3.18129	180.405	0	
-103.935	-2.84803	181.577	0	
-103.66	-1.78044	189.097	0	
-104.88	-2.78252	182.232	0	
-103.727	-3.43195	181.109	0	
-107.226	-6.79269	238.4	0	
-106.509	-7.29298	284.463	0	
-102.411	-3.48988	180.457	0	
-103.524	-2.35963	184.504	0	
-105.218	-5.66188	209.124	0	
-101.712	-4.6036	187.288	0	
-104.062	-0.183316	191.466	0	
-103.917	-0.719004	192.675	0	
-105.062	-1.3243	194.948	0	
-104.396	-0.967581	193.689	0	
-103.811	-0.90965	194.304	0	
-95.9259	-1.29981	188.871	0	
-94.981	-3.24975	184.397	0	
-106.25	-0.415181	195.396	0	
-105.624	-0.368884	200.427	0	
-105.938	-0.183316	193.329	0	
-104.999	-0.401327	209.668	0	
-105.311	-0.185568	197.058	0	
42.229	-0.461359	220.944	0	
43.2645	-2.20581	209.996	0	
-134.06	-0.184751	205.282	0	
43.3687	-0.525583	222.569	0	
-133.056	-1.3152	200.038	0	
-132.818	-1.95772	189.789	0	
-132.901	-0.53519	207.419	0	
-132.3	-1.0851	200.906	0	
-132.693	-0.233592	221.908	0	
-132.716	-1.02007	206.614	0	
-131.569	-0.991318	201.048	0	
-131.963	-0.783538	197.652	0	
-131.963	-0.416907	205.368	0	
-99.599	-0.53519	193.297	0	
-99.3924	-1.27697	193.299	0	
-100.537	-0.783538	196.988	0	
-99.1269	-0.548463	195.175	0	
-100.205	-1.09072	194.201	0	
-101.075	-1.8112	188.094	0	
-100.224	-0.233592	202.25	0	
-99.3924	-1.64353	188.421	0	
-101.285	-0.382247	192.864	0	
-100.938	-0.183316	195.444	0	
-101.85	-1.89431	187.863	0	
-100.943	-0.916578	193.936	0	
-101.528	-2.26027	184.511	0	
-100.634	-2.38548	184.736	0	
-100.67	-3.13495	181.073	0	
-99.8514	-1.94325	187.94	0	
-98.9376	-1.8981	188.922	0	
-98.5388	-1.16326	194.025	0	
-99.0462	-2.36196	184.189	0	
-98.1157	-2.39435	184.297	0	
-98.2243	-0.877314	189.875	0	
-98.9186	-0.246865	187.659	0	
-99.7999	-2.37293	184.656	0	
-99.1112	-3.34167	181.997	0	
-97.6165	-2.58482	184.04	0	
-97.2643	-1.96687	187.037	0	
-97.1918	-0.904685	196.375	0	
-98.5019	-0.246865	187.043	0	
-98.7568	-4.38384	190.613	0	
-97.8474	-0.198932	190.326	0	
-99.0522	-3.76281	184.477	0	
-97.6552	-3.11626	182.935	0	
-95.7745	-3.03865	184.262	0	
-99.8131	-4.97765	199.402	0	
-98.5866	-5.43495	208.329	0	
-97.4065	-3.82553	186.136	0	
-98.1746	-3.35831	182.844	0	
-98.1876	-4.69801	195.483	0	
-98.0023	-4.21072	188.671	0	
-97.2419	-6.69875	250.766	0	
-96.431	-4.55229	194.542	0	
-97.3385	-3.33921	183.528	0	
-95.1822	-4.74125	198.331	0	
-96.6195	-3.60689	184.589	0	
-97.437	-5.38649	210.001	0	
-135.071	-0.365012	206.772	0	
-134.372	-0.368067	202.393	0	
-134.688	-0.183316	199.259	0	
-134.054	-0.921265	202.328	0	
-133.643	-0.486349	204.888	0	
-135.403	-1.739	193.865	0	
-134.693	-0.916578	202.823	0	
-134.32	-1.57671	195.169	0	
-133.443	-1.20021	200.555	0	
-135.036	-1.9779	191.177	0	
-134.688	-1.59935	195.042	0	
-134.016	-2.24599	185.117	0	
-133.746	-1.76108	192.195	0	
-96.25	-0.36376	190.771	0	
-95.6225	-0.368067	192.629	0	
-95.9375	-0.183316	188.671	0	
-95.3053	-0.920708	193.294	0	
-94.0647	-0.674876	190.991	0	
-97.1875	-0.180456	189.705	0	
-96.875	-0.360901	193.808	0	
-96.5652	-1.28335	188.614	0	
-95.9375	-0.913707	192.062	0	
-95.2507	-1.43663	189.658	0	
-94.3498	-0.57368	190.416	0	
-97.5349	-0.379388	203.747	0	
-96.5625	-0.180445	187.924	0	
-97.5391	-0.742727	190.668	0	
-97.1918	-1.26351	189.234	0	
-96.2465	-1.88463	186.946	0	
-93.833	-0.554896	188.963	0	
-94.9975	-0.362392	197.299	0	
-97.8516	-0.993787	196.619	0	
-97.7852	-1.48466	188.998	0	
-96.8778	-1.45887	191.172	0	
-97.2283	-2.36312	185.253	0	
-95.8877	-2.40877	184.947	0	
-95.5562	-1.63672	190.576	0	
-97.4727	-1.59243	191.644	0	
-96.8819	-1.83577	187.602	0	
-93.967	-1.22734	191.099	0	
-93.8057	-0.276058	189.357	0	
-94.5535	-1.06634	191.092	0	
-94.0625	-0.130542	188.679	0	
-94.375	-0.308184	190.801	0	
-93.5205	-0.725951	190.758	0	
-93.2849	-0.447114	188.727	0	
-94.6577	-0.812463	193.269	0	
-94.1688	-0.97585	191.07	0	
-94.1047	-1.60921	189.166	0	
-93.1432	-1.67001	188.264	0	
-94.587	-1.7929	188.305	0	
-93.9723	-2.4156	185.532	0	
-21.875	-0.48111	212.426	0	
-20.625	-0.360901	210.7	0	
-20.9375	-0.180445	214.834	0	
-20.3124	-0.902258	208.769	0	
-19.3674	-0.734678	219.625	0	
-24.6875	-0.116803	209.882	0	
-20.9583	-0.914235	208.75	0	
-20.3125	-1.27911	208.905	0	
-19.3674	-0.368047	215.958	0	
-21.698	-1.06781	209.825	0	
-20.6402	-1.83986	202.481	0	
-20.9596	-1.2764	208.295	0	
-19.991	-1.88478	202.516	0	
-19.0549	-0.187647	222.264	0	
-20	-0.360855	211.601	0	
-22.0931	-1.03246	206.662	0	
-22.3179	-1.37074	203.491	0	
-21.3867	-1.36986	203.143	0	
-21.3746	-1.7112	202.907	0	
-19.685	-2.18998	195.43	0	
-19.3034	-1.63826	202.236	0	
-19.0511	-0.928997	211.585	0	
-18.0155	-0.87239	217.392	0	
-22.7241	-1.3479	201.32	0	
-20.9614	-1.99678	197.903	0	
-21.3774	-2.68138	193.192	0	
-19.0015	-1.44202	209.081	0	
-18.0155	-0.440874	214.424	0	
-19.9999	-0.721768	216.06	0	
-19.6875	-0.907943	210.416	0	
-23.4375	-0.215758	208.777	0	
-22.1868	-0.698381	210.5	0	
-22.9669	-1.68444	198.59	0	
-22.7413	-2.07434	195.052	0	
-21.6496	-2.39357	195.937	0	
-21.0006	-2.41015	195.824	0	
-19.7318	-4.0476	194.609	0	
-20.0912	-3.46212	193.859	0	
-17.703	-0.268621	219.533	0	
-18.7424	-0.3599	216.624	0	
-22.2908	-2.0684	196.519	0	
-22.2585	-2.90411	194.352	0	
-21.3816	-3.15748	194.242	0	
-20.7155	-2.79189	192.42	0	
-23.7995	-0.602994	209.382	0	
-23.125	-0.384747	206.321	0	
-23.125	-0.816264	206.168	0	
-23.3817	-1.62973	197.045	0	
-23.6093	-2.02292	195.566	0	
-22.7011	-2.80959	192.887	0	
-22.0402	-2.50075	193.941	0	
-17.6813	-1.21179	208.637	0	
-16.6954	-1.71093	205.319	0	
-18.4337	-0.978487	211.566	0	
-22.1239	-3.2855	194.707	0	
-20.9147	-3.70816	195.21	0	
-26.8739	-0.735515	203.344	0	
-23.9922	-2.01698	193.824	0	
-23.6246	-0.851127	204.397	0	
-24.5744	-1.68007	196.486	0	
-24.4786	-2.36209	192.29	0	
-24.5272	-3.21213	194.434	0	
-23.3485	-3.05799	192.933	0	
-22.2594	-3.92656	198.49	0	
-17.8555	-1.63155	205.643	0	
-16.7814	-0.927808	218.229	0	
-17.2551	-1.24751	212.256	0	
-16.6414	-0.603027	222.213	0	
-15.9303	-1.04707	218.337	0	
-21.7133	-4.28999	202.775	0	
-21.7101	-3.40431	195.847	0	
-25.298	-1.89682	194.18	0	
-24.8943	-2.71121	191.968	0	
-24.0987	-3.48753	196.136	0	
-23.4759	-3.64191	196.925	0	
-18.3408	-1.82057	199.805	0	
-18.471	-2.2815	197.837	0	
-23.1805	-5.06459	222.072	0	
-20.796	-5.72726	228.063	0	
-20.6157	-5.01653	210.298	0	
-18.2512	-4.3085	192.004	0	
-26.1234	-1.95112	192.599	0	
-25.8316	-2.81143	191.673	0	
-27.1759	-1.29981	197.129	0	
-26.4808	-2.42853	190.746	0	
-27.7334	-3.80123	198.373	0	
-25.0077	-3.00339	192.425	0	
-26.0651	-5.6238	240.782	0	
-25.135	-3.68713	199.958	0	
-24.8011	-5.04359	226.024	0	
-24.1084	-5.27648	232.894	0	
-26.4382	-5.94675	257.787	0	
-25.2845	-5.99382	253.484	0	
-24.0261	-5.9825	254.673	0	
-22.3512	-5.49382	232.91	0	
-72.8125	-0.183316	201.584	0	
-72.3958	-0.416922	208.41	0	
-73.7296	-0.896096	201.249	0	
-73.125	-0.83059	200.76	0	
-72.7136	-1.33378	199.47	0	
-75	-0.36376	205.3	0	
-74.3739	-0.368884	204.668	0	
-74.6875	-0.183316	206.468	0	
-73.7489	-0.401327	201.308	0	
-74.0614	-0.185568	203.252	0	
-75.9375	-0.180456	198.029	0	
-75.625	-0.360901	198.721	0	
-75.3152	-1.28335	198.46	0	
-74.6875	-0.913707	202.231	0	
-76.3611	-0.331262	198.66	0	
-75.3125	-0.180445	196.528	0	
-76.0399	-0.917018	199.143	0	
-76.0819	-1.29737	198.114	0	
-74.9965	-1.88463	195.649	0	
-76.4986	-1.60463	197.277	0	
-76.0193	-2.05794	194.665	0	
-74.6926	-2.11606	193.727	0	
-74.0758	-1.74781	195.673	0	
-76.4152	-1.97977	195.448	0	
-75.9945	-3.07258	192.819	0	
-77.0227	-2.38548	192.644	0	
-76.1472	-2.71077	192.366	0	
-75.8829	-3.59744	195.075	0	
-74.9978	-3.19161	192.921	0	
-77.3399	-2.99158	190.883	0	
-76.467	-2.64308	192.289	0	
1.25716	-0.731718	197.856	0	
4.05056	-1.05211	196.962	0	
-15.0336	-0.382852	221.577	0	
3.33333	-0.301598	191.415	0	
-14.3725	-0.368067	222.762	0	
-14.6875	-0.183316	219.844	0	
-13.8335	-1.88443	207.212	0	
-13.9834	-0.962924	222.072	0	
-15.9623	-0.210702	230.887	0	
-16.2428	-0.905291	219.19	0	
-15.5864	-1.52129	209.21	0	
-14.6926	-0.916578	219.479	0	
-12.0774	-1.6401	212.319	0	
-13.7259	-0.374251	227.162	0	
-16.455	-1.44762	208.204	0	
-13.8595	-2.69423	196.542	0	
-12.8721	-0.147443	229.574	0	
-12.8795	-0.605431	226.293	0	
-12.939	-1.06404	220.412	0	
-12.2312	-0.634513	220.785	0	
-14.6831	-1.26876	215.679	0	
-15.3461	-0.199537	231.757	0	
-14.3162	-3.09105	188.357	0	
-17.0089	-2.31134	195.424	0	
-15.8434	-2.50567	192.582	0	
-13.3559	-1.8897	208.483	0	
-13.6004	-2.54093	196.778	0	
-17.1196	-2.62784	192.134	0	
-16.1937	-4.84412	189.225	0	
-12.5499	-3.20358	190.035	0	
-12.2838	-2.28825	201.626	0	
-15.5189	-3.69644	185.757	0	
-14.4425	-4.29865	183.158	0	
-12.8864	-3.71226	185.132	0	
-9.97787	-4.42974	181.253	0	
-15.5524	-3.16014	186.871	0	
-16.7127	-3.60645	186.068	0	
-14.2505	-5.83324	190.611	0	
-11.8229	-5.41125	180.571	0	
-46.875	-0.399074	200.055	0	
-48.3333	-0.233607	190.706	0	
-47.6452	-0.86823	195.607	0	
-46.9232	-0.956331	196.726	0	
-46.1505	-1.98794	190.993	0	
-46.7062	-1.42413	194.627	0	
-44.7087	-0.914438	199.222	0	
-48.498	-0.920754	195.758	0	
-47.2285	-1.06614	200.049	0	
-48.238	-1.17373	196.043	0	
-46.7034	-1.972	191.897	0	
-47.3779	-1.77937	193.743	0	
-47.548	-1.97084	193.288	0	
-46.14	-2.47387	189.801	0	
-45.4188	-1.83051	191.827	0	
-47.8275	-2.43806	191.765	0	
-47.4275	-3.14462	192.007	0	
-46.581	-3.22523	191.68	0	
-44.3451	-1.98125	191.014	0	
-46.4671	-0.773859	197.053	0	
-46.2535	-1.81386	192.713	0	
-48.355	-2.47693	192.783	0	
-48.7937	-2.66543	192.946	0	
-47.567	-3.36508	193.696	0	
-46.2781	-2.73119	189.809	0	
-48.6491	-2.04331	193.295	0	
-49.0247	-1.76925	194.591	0	
-49.0464	-3.1428	193.937	0	
-47.9556	-4.0819	200.622	0	
-48.3752	-3.38495	194.616	0	
-47.489	-4.67323	207.714	0	
-46.7397	-3.48222	192.877	0	
-45.857	-3.52917	191.355	0	
-47.944	-1.73212	194.892	0	
-48.5715	-0.469873	198.467	0	
-49.5805	-1.77665	194.904	0	
-50.3009	-2.49087	192.742	0	
-49.602	-3.38207	195.188	0	
-50.7923	-3.59868	197.305	0	
-48.6416	-3.85727	198.29	0	
-48.864	-4.52951	207.592	0	
-49.9371	-0.259918	199.538	0	
-48.7741	-1.36774	196.24	0	
-49.1958	-1.09726	197.649	0	
-50.8434	-1.07897	195.898	0	
-49.48	-2.50137	192.878	0	
-50.0246	-2.49594	193	0	
-50.2018	-0.667734	197.712	0	
-49.0996	-0.134928	198.442	0	
-49.8879	-1.36469	196.139	0	
-50.0276	-1.13079	197.137	0	
-50.6706	-0.582921	196.472	0	
-50.6796	-1.7654	194.108	0	
-51.2155	-3.1641	194.023	0	
-50.4839	-0.402071	196.955	0	
-50.8512	-1.37769	195.322	0	
-52.0865	-1.77515	194.932	0	
-51.1169	-2.41158	192.646	0	
-51.4698	-3.15411	194.383	0	
-50.5636	-4.06397	200.394	0	
-52.5122	-2.61047	193.62	0	
-51.7049	-1.96036	193.861	0	
-52.537	-2.88592	193.399	0	
-52.2786	-3.79896	198.85	0	
-51.1442	-3.81546	199.339	0	
-51.3006	-4.05016	200.43	0	
-52.3932	-1.35362	197.02	0	
-53.2228	-1.34408	197.727	0	
-53.1493	-2.86453	193.3	0	
-52.0837	-3.39188	195.618	0	
-50.4467	-4.28427	204.654	0	
-50.0433	-3.44871	195.628	0	
-51.912	-0.877813	200.816	0	
-52.8566	-0.634336	197.735	0	
-53.0061	-0.87505	198.792	0	
-53.3536	-0.619603	198.209	0	
-50.184	-4.69595	208.91	0	
-48.2158	-4.57336	205.956	0	
-51.5658	-1.33637	196.226	0	
-52.2213	-0.232076	206.129	0	
-54.4532	-1.85464	197.033	0	
-53.5889	-2.36188	194.616	0	
-53.4712	-0.138311	197.852	0	
-55.6239	-0.735515	201.739	0	
-49.9443	-5.56946	224.941	0	
-51.7972	-6.6724	252.159	0	
-49.2552	-4.99768	216.646	0	
-48.3443	-5.6361	227.66	0	
-46.1825	-2.98314	190.372	0	
-51.5657	-0.21422	200.897	0	
-47.9167	-0.233607	189.542	0	
-43.8844	-3.4642	190.638	0	
-48.4575	-6.41496	244.885	0	
-46.5679	-6.00686	236.718	0	
-46.2264	-4.1124	199.129	0	
-44.6898	-3.74098	194.153	0	
-46.1093	-4.79542	209.161	0	
-45.9131	-4.65866	205.985	0	
-46.3839	-5.15123	214.873	0	
-46.4654	-5.39804	223.507	0	
-44.0737	-5.79468	229.159	0	
-44.326	-5.22113	216.332	0	
-47.1474	-4.88116	211.62	0	
-47.4125	-5.50348	225.846	0	
-46.8629	-6.92288	257.969	0	
-45.9238	-5.8464	236.747	0	
-45.7582	-6.36216	240.931	0	
-44.3438	-6.53633	245.895	0	
-47.4373	-7.12844	263.969	0	
-45.6502	-7.80134	284.933	0	
-43.35	-5.65677	229.494	0	
-42.7934	-4.32575	199.122	0	
-45.8822	-8.11295	301.447	0	
-45.252	-6.47234	250.131	0	
-44.1466	-7.67985	287.254	0	
-44.4379	-6.12626	241.265	0	
-45.2915	-7.20209	274.608	0	
-44.51	-7.21186	268.455	0	
-44.6141	-8.72943	317.637	0	
-43.0869	-7.37661	278.83	0	
-48.5719	-7.01854	260.14	0	
-47.251	-6.88089	258.62	0	
-43.1811	-3.30664	189.79	0	
-44.4867	-4.559	203.554	0	
-45.8467	-9.74632	351.953	0	
-43.3267	-6.49191	251.637	0	
-49.0189	-6.10885	236.847	0	
-49.7268	-8.10487	285.649	0	
-48.8791	-7.7827	281.647	0	
-46.2703	-7.96209	289.399	0	
-40.312	-5.7674	231.401	0	
-41.1274	-4.03753	195.337	0	
-35.6239	-0.735515	197.098	0	
-33.0049	-1.27135	191.864	0	
-32.4585	-1.75663	188.885	0	
-32.8769	-0.548463	194.539	0	
-32.2888	-1.16326	194.128	0	
-32.8567	-2.1737	186.623	0	
-32.4138	-3.01082	187.192	0	
-31.9743	-0.877314	200.193	0	
-32.6686	-0.246865	194.517	0	
-31.2899	-0.748879	198.352	0	
-32.2519	-0.246865	207.473	0	
-33.0977	-2.76275	185.815	0	
-31.5974	-0.198932	201.261	0	
-33.6414	-3.82457	194.413	0	
-32.1708	-4.26426	204.017	0	
-31.0164	-3.80881	197.749	0	
-33.8202	-2.38411	185.644	0	
-34.6875	-3.32914	188.106	0	
-33.3834	-4.5111	207.296	0	
-32.1155	-4.8648	220.404	0	
-30.3766	-4.60253	215.765	0	
-30.3859	-2.54757	187.934	0	
-35.6424	-2.93202	186.108	0	
-34.2433	-4.14166	199.671	0	
-33.3375	-6.56546	274.139	0	
-30.874	-4.98717	225.719	0	
-29.9933	-5.12573	226.165	0	
-27.9521	-2.83324	188.343	0	
-32.3307	-7.75215	332.865	0	
-30.2356	-5.76946	252.355	0	
-28.7688	-3.92364	202.333	0	
-29.9733	-2.86648	188.13	0	
-54.6875	-0.215758	204.61	0	
-54.1791	-1.36612	199.509	0	
-54.7876	-0.851788	203.727	0	
-54.2045	-1.11455	200.701	0	
-53.358	-1.1026	198.436	0	
-56.25	-0.338443	203.621	0	
-55.6239	-0.368884	202.265	0	
-55.9375	-0.183316	201.879	0	
-54.9989	-0.401327	209.863	0	
-55.3114	-0.185568	201.606	0	
-45.3125	-0.119818	197.264	0	
-44.375	-0.360901	201.908	0	
-44.6875	-0.180445	205.118	0	
-44.0624	-0.902258	199.109	0	
-43.1174	-0.734678	196.609	0	
-45.7235	-1.18481	195.011	0	
-45.0555	-2.30928	189.952	0	
-44.0625	-1.27911	196.589	0	
-43.1174	-0.368047	198.564	0	
-44.4152	-2.5022	189.389	0	
-44.835	-1.42092	195.231	0	
-44.7047	-1.70582	193.702	0	
-43.741	-1.88478	191.885	0	
-42.8049	-0.187647	193.456	0	
-43.75	-0.360855	198.663	0	
-43.4354	-2.5671	188.991	0	
-43.3749	-2.12843	190.789	0	
-42.8011	-0.928997	199.96	0	
-41.7655	-0.87239	203.161	0	
-42.662	-1.37309	196.279	0	
-42.9638	-1.56932	194.902	0	
-41.7655	-0.440874	201.396	0	
-43.7499	-0.721768	197.753	0	
-43.4375	-0.907943	198.276	0	
-42.6645	-2.75975	188.618	0	
-41.9185	-1.76469	192.275	0	
-41.453	-0.268621	203.588	0	
-42.4924	-0.3599	207.046	0	
-41.526	-3.50339	189.93	0	
-40.9093	-2.00076	190.781	0	
-42.0326	-2.22472	190.668	0	
-41.8645	-3.39054	189.712	0	
-41.2797	-1.71702	193.036	0	
-40.2168	-1.8833	190.244	0	
-42.1837	-0.978487	200.01	0	
-42.2036	-3.64694	190.924	0	
-40.8204	-1.69312	191.834	0	
-41.2435	-3.27208	188.594	0	
-39.4389	-3.24459	187.49	0	
-40.3198	-2.27428	188.734	0	
-40.1352	-2.97089	186.795	0	
-7.07879	-0.52121	217.635	0	
-5.94944	-1.05211	212.548	0	
-38.7836	-0.382852	198.093	0	
-6.66667	-0.301598	214.104	0	
-38.1225	-0.368067	196.546	0	
-38.4375	-0.183316	196.665	0	
-37.5781	-1.89538	188.994	0	
-37.7334	-0.962924	198.457	0	
-39.7604	-0.250939	208.936	0	
-39.4815	-0.450476	201.706	0	
-36.5864	-1.28622	196.303	0	
-37.4759	-0.374251	204.516	0	
-39.1012	-0.997684	198.017	0	
-38.6745	-1.85404	189.963	0	
-36.6011	-0.796175	201.308	0	
-36.8491	-0.354414	207.178	0	
-39.8045	-1.85176	190.546	0	
-37.9156	-2.79648	185.93	0	
-36.6983	-1.04988	198.183	0	
-36.1438	-0.98151	198.711	0	
-40.163	-0.402598	192.078	0	
-39.0961	-0.199537	201.841	0	
-40.8649	-0.862957	196.607	0	
-36.5063	-2.06809	188.76	0	
-34.8855	-1.68744	190.81	0	
-40.611	-0.151659	194.919	0	
-40.2612	-1.18491	194.713	0	
-39.7936	-1.17375	196.916	0	
-40.4223	-0.845275	198.904	0	
-36.7956	-2.58019	186.386	0	
-36.6973	-3.26745	187.283	0	
-35.454	-1.89386	189.39	0	
-34.8495	-2.74226	185.131	0	
-40.6927	-2.30073	187.959	0	
-39.5829	-2.58502	186.618	0	
-41.0362	-1.45827	194.096	0	
-40.5008	-1.60212	193.253	0	
-40.5449	-3.03318	186.627	0	
-40.0199	-2.56019	186.494	0	
-40.8835	-3.51237	189.505	0	
-39.0462	-4.55286	201.987	0	
-39.9827	-3.6828	190.049	0	
-35.7842	-4.52824	204.41	0	
-37.804	-1.73334	191.23	0	
-38.0817	-2.20838	187.216	0	
-37.1005	-1.89405	190.084	0	
-37.3188	-2.6529	186.018	0	
-35.7041	-3.94726	194.725	0	
-33.8792	-3.563	190.848	0	
-38.6622	-3.35974	186.64	0	
-38.1862	-3.97042	194.623	0	
-37.826	-4.12675	196.258	0	
-36.8523	-7.05101	286.549	0	
-35.5424	-3.1721	187.734	0	
-36.5342	-3.89185	196.15	0	
-35.3172	-4.90497	211.923	0	
-34.8649	-4.08908	197.129	0	
-34.8758	-4.58472	207.234	0	
-33.1248	-5.23368	228.278	0	
-33.35	-5.35934	231.894	0	
-31.8377	-5.7523	245.586	0	
-38.4122	-4.34297	197.295	0	
-37.4958	-6.01265	244.596	0	
-34.6875	-0.215758	210.334	0	
-34.0625	-0.183316	203.447	0	
-34.9864	-0.850369	200.829	0	
-34.375	-0.83059	202.646	0	
-34.0602	-0.988793	196.607	0	
-25.3125	-0.183316	202.405	0	
-24.9692	-0.64093	205.35	0	
-26.2041	-0.921578	202.157	0	
-25.625	-0.83059	202.693	0	
-25.1625	-1.32665	199.488	0	
-11.875	-0.165467	217.781	0	
-12.7792	-0.814261	222.041	0	
-11.4046	-1.30353	217.035	0	
-10.034	-0.746867	219.391	0	
82.19	-0.184751	242.396	0	
83.4718	-1.08497	214.72	0	
86.8761	-0.735515	213.42	0	
83.6996	-0.267479	220.38	0	
89.4951	-1.27135	203.93	0	
90.0415	-1.75663	200.715	0	
89.6231	-0.548463	211.381	0	
90.2112	-1.16326	197.949	0	
89.3525	-3.54455	198.293	0	
89.5928	-3.90413	200.522	0	
90.5257	-0.877314	194.295	0	
89.8314	-0.246865	220.088	0	
91.2101	-0.748879	195.527	0	
90.6943	-0.198932	174.561	0	
91.0034	-5.05074	197.327	0	
90.0018	-2.38039	200.711	0	
90.051	-3.87493	197.906	0	
91.4971	-3.31698	199.861	0	
81.2151	-0.382247	229.928	0	
81.8775	-0.368067	234.053	0	
81.5625	-0.183316	237.688	0	
82.1956	-0.921265	220.14	0	
82.5594	-0.705433	220.999	0	
80.6498	-1.89431	215.031	0	
81.5574	-0.916578	226.636	0	
82.2386	-1.58615	212.851	0	
83.0867	-1.34231	210.968	0	
80.9685	-2.25725	210.47	0	
82.2836	-2.98793	202.113	0	
81.6108	-1.50461	216.833	0	
81.8047	-2.07822	211.339	0	
82.6499	-2.26274	204.159	0	
81.9308	-2.3491	205.811	0	
83.341	-3.93944	199.28	0	
83.9311	-2.60091	202.453	0	
81.6763	-3.37062	201.09	0	
81.1263	-4.15265	201.918	0	
82.9263	-4.23402	198.898	0	
84.3236	-4.50139	198.771	0	
80.7193	-2.42036	208.931	0	
80.6688	-4.4477	201.523	0	
80.0769	-2.69021	207.841	0	
80.9263	-3.64682	201.5	0	
82.1306	-6.70002	208.615	0	
81.716	-4.30249	199.839	0	
83.6116	-4.92705	199.632	0	
82.5131	-3.8808	199.358	0	
81.8943	-5.09041	202.689	0	
83.7401	-4.04917	198.506	0	
82.8475	-5.15962	201.508	0	
84.3904	-5.7795	202.224	0	
86.2186	-4.67596	199.589	0	
85.4196	-5.12844	200.321	0	
-9.05997	-0.184751	218.583	0	
-7.52164	-1.1329	216.476	0	
72.6411	-0.463959	215.483	0	
73.4005	-0.895475	228.715	0	
71.5625	-0.231865	238.644	0	
72.1841	-1.27537	220.513	0	
73.3678	-1.6377	216.995	0	
75.3102	-0.903557	223.839	0	
71.2182	-0.432276	232.704	0	
72.2245	-0.298492	236.087	0	
71.3422	-1.43906	220.239	0	
70.2418	-0.249876	236.869	0	
70.5225	-0.450286	220.916	0	
69.8252	-0.249876	213.638	0	
70.9057	-0.20041	238.35	0	
69.7824	-1.18121	218.402	0	
72.2922	-1.97487	212.991	0	
72.631	-1.26208	217.831	0	
72.0662	-2.44628	210.022	0	
72.9516	-2.36539	212.198	0	
70.9558	-1.42576	221.859	0	
72.7139	-2.69643	208.901	0	
73.3721	-2.40726	210.231	0	
73.5905	-2.0227	216.704	0	
71.8217	-3.53944	209.23	0	
72.1368	-3.21529	208.976	0	
72.0021	-4.07137	210.019	0	
72.5386	-3.97963	210.377	0	
73.6065	-3.65853	207.261	0	
72.9196	-3.15932	208.671	0	
71.1285	-4.12114	211.453	0	
71.7605	-4.79675	213.806	0	
73.3368	-3.22633	208.393	0	
73.5515	-2.80531	209.92	0	
74.1867	-1.65282	222.316	0	
73.6189	-1.26211	228.252	0	
73.4736	-4.13867	211.242	0	
74.2542	-2.44947	212.322	0	
73.8947	-4.60464	209.401	0	
74.5816	-3.73551	204.904	0	
74.0884	-3.38579	209.317	0	
75.157	-2.80536	207.152	0	
72.3425	-5.06928	214.453	0	
77.5753	-3.84978	204.347	0	
75.8198	-2.06424	210.679	0	
74.7525	-2.38337	211.503	0	
75.7439	-3.89583	204.253	0	
75.7034	-2.59707	211.428	0	
69.5041	-1.93261	212.761	0	
70.4986	-2.68155	210.218	0	
70.3644	-5.5794	217.866	0	
71.1844	-6.12711	219.742	0	
72.5112	-7.11154	221.982	0	
73.2703	-5.28426	213.557	0	
74.3075	-5.72809	214.473	0	
75.7076	-6.37949	218.039	0	
75.9147	-5.02778	209.849	0	
77.1882	-5.50044	209.839	0	
-5.9375	-0.215758	217.201	0	
-5.3125	-0.183316	220.182	0	
-6.3661	-0.922193	215.09	0	
-5.625	-0.83059	216.562	0	
-4.68251	-0.908065	206.675	0	
-4.3674	-0.73471	206.342	0	
-4.68497	-0.18188	202.876	0	
-5.31003	-0.974386	210.34	0	
-5.21423	-1.46363	209.66	0	
-4.15405	-1.87973	205.18	0	
-3.983	-0.96737	205.783	0	
-5.98581	-1.50556	211.465	0	
-4.3674	-0.368079	202.838	0	
-4.95241	-2.32343	201.677	0	
-2.82312	-1.34701	208.165	0	
-3.71634	-0.376315	206.76	0	
-2.76467	-0.912342	209.502	0	
-3.40891	-0.190117	210.821	0	
-2.94073	-1.07595	207.529	0	
-2.20871	-0.938511	204.396	0	
-6.70495	-1.15662	212.37	0	
-6.40248	-1.7422	207.992	0	
-6.46157	-2.20591	206.062	0	
-5.56557	-1.77328	206.39	0	
-7.23389	-1.91529	208.524	0	
-7.31717	-3.28746	192.986	0	
-4.02287	-3.02459	198.943	0	
-3.04882	-1.76578	206.746	0	
74.9706	-0.377855	219.873	0	
75.625	-0.360901	229.357	0	
75.3125	-0.180445	232.647	0	
75.9376	-0.902258	227.528	0	
76.8826	-0.734678	243.557	0	
74.4497	-0.197411	251.509	0	
74.6657	-1.0122	222.546	0	
75.9375	-1.27911	229.554	0	
76.8826	-0.368047	235.416	0	
74.3186	-0.948471	238.877	0	
74.9918	-1.96037	215.303	0	
75.625	-1.46	218.407	0	
76.259	-1.88478	219.65	0	
77.1951	-0.187647	250.983	0	
76.25	-0.360855	237.289	0	
75.5127	-1.84953	218.794	0	
75.3101	-1.26491	225.673	0	
76.5502	-2.58185	210.488	0	
76.6251	-2.12843	210.54	0	
77.1989	-0.928997	221.998	0	
78.2004	-0.878194	226.264	0	
77.7547	-1.43797	219.888	0	
77.0362	-1.56932	215.443	0	
78.2004	-0.446678	216.489	0	
76.2501	-0.721768	242.397	0	
76.5625	-0.907943	228.903	0	
77.6651	-2.33095	207.114	0	
78.0996	-2.1894	212.756	0	
78.5129	-0.274425	226.605	0	
77.5076	-0.3599	214.831	0	
78.5576	-2.41566	208.152	0	
78.9968	-1.0609	234.269	0	
78.4721	-1.57581	219.882	0	
79.1379	-0.576024	236.543	0	
77.8163	-0.978487	218.042	0	
78.5802	-1.19082	219.828	0	
78.8887	-1.81245	214.005	0	
-10.0296	-0.380562	218.109	0	
-9.37247	-0.368067	217.522	0	
-9.6875	-0.183316	212.618	0	
-9.05534	-0.920708	217.863	0	
-8.79413	-0.721704	220.287	0	
-10.5504	-0.197247	236.313	0	
-11.0366	-1.34697	214.285	0	
-9.05924	-1.39588	213.365	0	
-8.11655	-1.02819	219.864	0	
-10.7402	-0.970693	223.001	0	
-9.37893	-1.59524	212.148	0	
-9.69453	-1.30162	213.593	0	
-8.38385	-2.18508	205.905	0	
-10.3436	-1.3749	215.406	0	
-9.247	-2.45625	200.55	0	
-10.0094	-1.81236	208.451	0	
-9.941	-2.86276	194.352	0	
-9.46166	-4.19198	181.896	0	
-9.52417	-3.73439	185.685	0	
-11.4173	-2.78644	195.907	0	
-10.2191	-3.25278	189.941	0	
-10.963	-3.5984	185.426	0	
-10.0504	-4.86767	178.356	0	
-11.6855	-3.79456	184.237	0	
-10.6922	-3.20982	190.391	0	
-9.17412	-4.94036	178.439	0	
-9.05802	-4.43487	181.104	0	
-12.1547	-4.22602	181.683	0	
-10.7453	-4.07655	182.911	0	
-8.84557	-5.26493	178.38	0	
-11.6314	-4.18666	182.523	0	
-11.1207	-4.38636	180.631	0	
-10.6648	-5.8085	179.875	0	
-8.71169	-3.38529	189.611	0	
-7.56266	-1.85621	209.404	0	
-8.12909	-6.00398	176.409	0	
-7.16936	-4.67447	181.511	0	
-11.5049	-5.66882	180.708	0	
-10.1621	-6.82196	183.744	0	
-8.52671	-4.19661	181.824	0	
-7.58785	-3.10964	195.087	0	
-6.34051	-4.71992	183.308	0	
-6.3343	-4.05295	187.205	0	
-6.76031	-2.72492	199.19	0	
-8.08285	-2.72251	198.836	0	
-7.63497	-3.80325	188.744	0	
-6.62486	-4.22539	186.145	0	
-6.62088	-4.55746	183.194	0	
-5.65635	-3.01836	196.552	0	
-7.12443	-5.43499	179.222	0	
-6.52042	-5.24697	180.397	0	
-6.04091	-4.21754	187.1	0	
-4.62225	-3.29356	195.469	0	
-9.73033	-6.65407	178.457	0	
-4.01946	-7.70047	180.14	0	
-5.20858	-4.45086	187.255	0	
-3.32296	-5.65974	184.816	0	
-6.73474	-7.11914	177.584	0	
-3.79821	-5.29685	186.018	0	
-3.63057	-3.90663	194.185	0	
-4.10037	-4.44065	189.744	0	
-27.5	-0.36376	202.497	0	
-26.8739	-0.368884	207.184	0	
-27.1875	-0.183316	206.946	0	
-26.2489	-0.401327	206.261	0	
-26.5614	-0.185568	205.763	0	
-28.4375	-0.180456	201.211	0	
-28.125	-0.360901	199.122	0	
-27.8152	-1.28335	195.548	0	
-27.1875	-0.913707	201.313	0	
-29.4792	-0.496049	202.449	0	
-27.8125	-0.180445	199.227	0	
-28.5043	-1.2956	195.418	0	
-28.1901	-1.49081	193.105	0	
-27.4965	-1.88463	191.274	0	
-30.31	-0.184751	193.052	0	
-29.3812	-1.70573	192.769	0	
-28.442	-0.904829	198.123	0	
-28.9412	-2.01013	188.886	0	
-27.1713	-2.18202	190.408	0	
-26.3796	-1.73476	194.359	0	
-28.7545	-0.664198	201.282	0	
-29.6507	-1.14364	196.166	0	
-28.5486	-2.08993	188.892	0	
-28.4881	-2.48451	187.939	0	
-29.2061	-2.34902	188.202	0	
-28.2932	-3.26943	192.091	0	
-28.2125	-4.45619	212.533	0	
-27.5186	-3.42248	194.194	0	
-30.116	-2.52831	188.371	0	
-28.32	-4.03893	201.38	0	
-28.8955	-2.64667	187.832	0	
-29.3936	-3.5176	193.596	0	
-28.9928	-2.97464	189.181	0	
-29.2657	-4.42468	213.064	0	
-29.4556	-3.11864	189.805	0	
-30.1331	-4.00271	200.274	0	
-29.9391	-1.75726	190.391	0	
-31.0776	-1.55421	192.742	0	
-30.8136	-2.37041	188.07	0	
-30.9849	-2.1624	188.587	0	
-28.8695	-5.17091	231.993	0	
-26.2535	-5.14341	234.435	0	
62.6346	-0.448104	212.918	0	
63.4718	-1.08497	209.692	0	
-1.85037e-17	-0.36376	203.636	0	
63.6996	-0.267479	213.292	0	
0.627526	-0.368067	197.64	0	
0.3125	-0.183316	196.703	0	
0.944659	-0.920708	198.269	0	
1.95182	-0.887995	198.295	0	
-0.93752	-0.180456	199.248	0	
-0.62502	-0.360901	204.38	0	
-0.315206	-1.28335	202.595	0	
0.3125	-0.913707	201.2	0	
0.310005	-1.27666	200.906	0	
1.95182	-0.456479	198.502	0	
-1.28338	-0.380108	201.509	0	
-0.3125	-0.180445	201.32	0	
-1.28636	-0.742721	199.662	0	
-0.940503	-0.903958	204.083	0	
0.407174	-1.97917	201.988	0	
0.49773	-2.30524	201.563	0	
0.947472	-2.31687	200.69	0	
2.26432	-0.278838	199.474	0	
1.25253	-0.362392	196.743	0	
-2.32121	-0.286902	206.651	0	
-2.58887	-0.595199	209.097	0	
-1.43598	-1.96484	205.828	0	
-0.346876	-2.06434	204.664	0	
-0.0106131	-1.86147	202.506	0	
0.620919	-1.5893	201.11	0	
1.04481	-2.56645	200.063	0	
1.61121	-1.99292	199.088	0	
-1.78501	-0.863673	202.916	0	
-1.01401	-1.30046	203.296	0	
-1.07523	-2.11605	205.675	0	
-0.786147	-3.26944	201.981	0	
1.27864	-3.31465	198.322	0	
1.79188	-1.6563	199.073	0	
-1.98279	-1.60189	206.656	0	
-0.432177	-3.03815	202.023	0	
-0.393377	-4.0201	198.269	0	
0.51238	-2.90052	200.598	0	
2.12645	-2.439	198.385	0	
2.26522	-1.20629	198.893	0	
-2.51553	-1.17802	207.292	0	
-2.68482	-2.32299	205.586	0	
-1.36346	-2.71528	204.421	0	
-0.822635	-3.72546	198.571	0	
-1.25529	-3.11756	201.653	0	
-1.63475	-3.46142	200.719	0	
-2.20208	-3.22314	201.549	0	
-3.38041	-4.12115	193.009	0	
2.15218	-1.59061	197.914	0	
2.68098	-0.580436	203.543	0	
1.56713	-0.978483	198.34	0	
2.13781	-2.77003	198.427	0	
-1.59586	-0.199652	197.078	0	
3.93662	-2.52835	198.084	0	
2.56885	-1.82725	197.531	0	
2.91757	-1.46569	197.912	0	
0.744293	-3.60364	198.432	0	
1.92435	-4.37648	195.741	0	
-3.67026	-2.24143	203.453	0	
-2.68783	-3.47901	198.656	0	
3.133	-3.79324	196.773	0	
3.8777	-3.81529	197.121	0	
3.94966	-3.03583	197.377	0	
3.53403	-3.64065	196.915	0	
5.19734	-4.08151	197.715	0	
5.72306	-3.37479	198.412	0	
5.01969	-4.33717	197.596	0	
5.94737	-4.41184	198.289	0	
6.43605	-3.59006	199.157	0	
4.94986	-2.37189	197.563	0	
3.82969	-4.07139	196.598	0	
6.31634	-5.92953	196.906	0	
6.00659	-4.69671	198.159	0	
7.3364	-3.71332	199.866	0	
6.84247	-2.64876	198.628	0	
5.54161	-2.94932	198.139	0	
6.8161	-4.21742	199.429	0	
7.03835	-2.77878	199.257	0	
7.3786	-2.17116	198.112	0	
6.79534	-1.36767	196.144	0	
7.48933	-4.03182	199.903	0	
8.53439	-2.39851	199.182	0	
8.00142	-2.85002	199.75	0	
7.79614	-2.40248	199.119	0	
7.98749	-3.16762	199.776	0	
8.62364	-3.03808	199.711	0	
-1.22067	-4.72878	193.731	0	
1.57091	-4.56033	195.2	0	
-1.0684	-6.36796	186.92	0	
-1.93697	-4.37366	193.955	0	
1.71897	-5.35769	193.187	0	
2.52528	-5.4607	193.33	0	
2.91303	-4.49347	195.394	0	
4.07802	-5.83306	193.951	0	
3.42564	-6.43461	192.333	0	
2.58836	-7.12398	188.949	0	
7.83381	-4.60379	200.001	0	
8.01208	-4.90031	199.649	0	
7.19841	-5.4184	198.531	0	
7.53518	-5.5931	199.025	0	
9.48179	-6.07309	199.755	0	
9.95929	-4.90135	199.975	0	
1.65151	-6.3507	190.07	0	
3.09332	-6.06912	192.167	0	
5.85323	-5.59565	196.784	0	
7.9439	-6.43547	197.847	0	
8.61966	-7.63411	196.14	0	
8.28915	-6.61349	198.514	0	
9.02918	-6.98273	197.618	0	
12.0055	-4.47918	198.787	0	
0.0882365	-5.06886	193.036	0	
2.81282	-8.4905	187.006	0	
7.40171	-8.0365	194.612	0	
9.41626	-7.63089	197.245	0	
1.35397	-5.85467	190.992	0	
1.69771	-7.71191	186.946	0	
0.757985	-8.06326	185.129	0	
1.46725	-9.09629	183.602	0	
2.654	-9.22349	184.607	0	
3.19804	-7.68376	189.095	0	
5.05047	-8.90173	189.262	0	
5.6409	-6.45988	194.878	0	
3.90692	-7.8486	189.187	0	
4.57809	-8.52291	188.741	0	
58.44	-0.184751	200.869	0	
60.3074	-0.916592	204.29	0	
57.4664	-0.382852	199.232	0	
59.5833	-0.301598	196.247	0	
58.1275	-0.368067	201.949	0	
57.8125	-0.183316	201.634	0	
58.4456	-0.921265	200.952	0	
58.8567	-0.486349	202.381	0	
56.494	-0.25226	197.748	0	
56.0773	-0.25226	201.56	0	
58.4886	-1.58615	199.847	0	
59.0307	-1.41059	200.279	0	
57.1488	-0.997684	198.374	0	
57.2689	-1.47589	198.014	0	
57.6189	-1.60261	198.945	0	
59.5556	-2.89282	205.736	0	
56.5138	-1.88203	199.11	0	
58.0424	-2.59043	202.947	0	
56.7729	-0.883313	198.058	0	
57.1539	-0.199537	197.034	0	
56.7729	-0.451797	197.995	0	
56.0911	-1.92647	200.213	0	
56.4497	-1.16865	198.394	0	
55.9619	-2.49552	201.433	0	
57.1495	-2.20143	200.202	0	
58.7334	-2.59314	203.243	0	
58.5359	-3.72214	210.626	0	
55.2867	-2.31992	201.594	0	
56.5068	-3.61332	210.13	0	
59.7035	-3.20584	207.103	0	
60.4361	-2.66605	205.051	0	
57.2281	-3.83702	211.198	0	
59.1349	-5.2035	214.361	0	
54.901	-1.80405	199.109	0	
53.7481	-3.06889	207.805	0	
55.7111	-5.21318	215.717	0	
58.2379	-3.52973	208.861	0	
59.1536	-4.16384	212.022	0	
62.9144	-4.92456	215.96	0	
62.078	-2.4922	205.8	0	
60.1713	-1.32276	202.156	0	
59.7932	-6.27991	209.494	0	
60.2883	-3.84351	211.221	0	
61.2993	-3.20862	208.715	0	
60.9804	-4.00199	212.035	0	
60.2149	-6.14144	211.691	0	
60.3148	-5.59931	213.273	0	
4.6875	-0.183316	199.485	0	
3.64583	-0.517356	197.156	0	
3.6339	-0.922193	195.26	0	
4.375	-0.83059	196.876	0	
5.20291	-1.7956	196.729	0	
4.89602	-1.16663	196.437	0	
6.54015	-0.926407	192.629	0	
3.3214	-1.37459	195.946	0	
3.59752	-1.7422	197.675	0	
3.51995	-2.27984	197.283	0	
5.79213	-1.65258	195.442	0	
4.37253	-2.25942	197.421	0	
4.584	-2.91575	197.627	0	
5.35201	-0.640668	191.171	0	
4.78624	-1.55896	196.708	0	
50.1689	-0.24262	201.024	0	
51.765	-0.551465	197.809	0	
51.6146	-0.397718	197.426	0	
52.0717	-0.721801	198.042	0	
52.9114	-0.721936	196.973	0	
49.4081	-0.794172	203.959	0	
51.6679	-1.08775	198.439	0	
51.992	-1.28562	198.706	0	
53.2943	-0.524907	196.303	0	
50.6084	-0.935164	199.455	0	
51.7765	-1.65249	199.876	0	
51.3434	-1.2807	198.945	0	
52.2839	-1.88377	200.452	0	
53.13	-0.183306	196.32	0	
52.39	-0.551558	197.821	0	
50.2089	-1.12909	199.96	0	
50.1711	-1.59246	201.547	0	
50.9696	-1.17605	198.509	0	
50.9959	-1.80565	200.819	0	
52.9841	-2.34697	201.907	0	
52.7222	-1.89827	199.936	0	
53.3389	-0.737533	196.31	0	
54.1199	-0.35671	194.638	0	
49.9879	-1.48021	201.212	0	
51.3437	-1.97963	201.39	0	
50.7376	-2.75719	205.355	0	
53.4021	-2.6567	204.035	0	
53.893	-1.41816	197.994	0	
53.0073	-1.26195	197.885	0	
54.0641	-0.689326	195.316	0	
52.2801	-0.721813	197.75	0	
52.6968	-0.721765	197.262	0	
49.0122	-0.172187	206.498	0	
48.9045	-0.76338	205.005	0	
49.7641	-1.59361	202.356	0	
49.8412	-2.38118	204.196	0	
50.7873	-2.51232	204.541	0	
51.6308	-2.18796	202.159	0	
52.4626	-4.25581	214.89	0	
53.4527	-2.92296	206.421	0	
54.0053	-2.25249	201.617	0	
54.1438	-1.8796	200.22	0	
54.28	-0.785094	196.817	0	
53.7564	-0.178712	195.629	0	
49.9764	-1.98019	202.695	0	
49.948	-2.62076	205.066	0	
51.1184	-3.15748	208.492	0	
51.7174	-2.40464	203.381	0	
48.3001	-0.635554	206.118	0	
49.3127	-1.77564	203.246	0	
48.9397	-1.48106	204.004	0	
49.029	-1.88956	203.842	0	
49.4917	-2.92268	206.752	0	
50.2211	-2.63771	204.72	0	
54.7256	-0.967024	195.651	0	
55.3879	-0.576024	200.196	0	
50.1047	-3.43116	209.464	0	
51.5853	-3.70816	212.074	0	
48.4681	-1.26247	205.133	0	
48.384	-2.11549	205.078	0	
48.2494	-2.577	206.478	0	
48.4752	-2.49677	205.823	0	
48.9477	-2.78128	206.505	0	
49.8444	-3.38468	209.32	0	
54.0949	-1.34393	197.086	0	
55.7766	-1.64037	199.144	0	
51.1728	-4.27444	214.342	0	
50.7784	-3.35775	208.697	0	
48.1912	-0.946291	205.605	0	
47.4671	-1.46608	208.226	0	
48.4328	-0.134359	205.867	0	
47.5213	-0.422041	210.656	0	
46.827	-1.55468	209.795	0	
47.2316	-2.57548	207.634	0	
47.7854	-2.60933	206.92	0	
47.6477	-3.03667	208.049	0	
48.2142	-3.9873	210.937	0	
48.9902	-3.42712	209.292	0	
46.5625	-0.178164	215.818	0	
46.87	-0.39152	216.225	0	
46.4238	-1.78642	209.933	0	
46.2399	-1.89847	209.332	0	
47.2273	-3.04983	208.276	0	
47.2115	-3.26688	208.814	0	
48.4769	-4.90645	212.586	0	
49.3076	-4.36482	212.747	0	
45.2429	-0.15105	211.795	0	
47.1825	-0.213356	215.278	0	
46.7942	-0.706134	214.47	0	
44.6286	-1.37137	214.293	0	
45.8293	-2.14305	209.489	0	
46.4582	-1.03065	213.157	0	
45.0332	-1.11394	212.54	0	
45.612	-2.24529	208.721	0	
46.7282	-3.23769	208.875	0	
46.6417	-2.73575	208.08	0	
46.5722	-3.6175	209.547	0	
47.263	-3.968	210.435	0	
48.3691	-4.61686	212.325	0	
45.17	-2.4352	208.961	0	
45.1589	-2.93753	208.238	0	
45.7709	-3.8433	209.662	0	
46.2768	-4.40724	210.56	0	
46.6683	-4.3571	210.746	0	
47.5222	-4.89744	211.574	0	
45.189	-2.20571	208.765	0	
44.7721	-2.17463	208.888	0	
44.1753	-2.63641	208.479	0	
44.9257	-4.32822	209.706	0	
45.457	-3.56921	209.114	0	
45.1406	-4.40134	209.75	0	
44.1595	-4.55767	209.591	0	
45.5235	-4.32056	209.859	0	
45.6362	-3.98339	209.591	0	
44.3412	-3.17994	208.275	0	
45.6135	-5.05331	210.02	0	
47.2912	-4.42329	211.215	0	
46.4047	-5.50262	209.461	0	
46.7825	-5.16219	210.74	0	
45.2306	-1.73102	211.311	0	
45.2586	-1.47231	210.997	0	
44.4575	-1.86562	210.022	0	
43.9196	-2.3352	209.049	0	
44.923	-0.353899	213.354	0	
44.1327	-0.181869	224.986	0	
44.6098	-1.18287	213.512	0	
44.5111	-0.717919	222.276	0	
44.0098	-1.54439	213.084	0	
43.3439	-1.97169	210.996	0	
42.4602	-2.06212	211.715	0	
43.8775	-2.98356	208.379	0	
42.8282	-3.77619	209.117	0	
42.9232	-3.19917	208.702	0	
51.0066	-5.35413	215.433	0	
50.6852	-4.49601	214.319	0	
41.6164	-2.0273	213.469	0	
42.1848	-2.59125	210.352	0	
50.9519	-6.32482	209.833	0	
54.4146	-4.21289	214.262	0	
41.7384	-1.54963	216.242	0	
40.7426	-2.1997	213.99	0	
53.6617	-4.91328	216.434	0	
52.9703	-3.6493	211.391	0	
8.4375	-0.183316	183.281	0	
6.87609	-0.735515	191.927	0	
7.48601	-0.897229	191.811	0	
8.125	-0.83059	188.317	0	
8.54925	-1.55098	194.708	0	
8.65449	-1.16663	191.867	0	
10.2749	-1.0645	192.536	0	
10.9375	-0.183316	187.404	0	
10	-0.335576	192.375	0	
9.62995	-0.624992	190.637	0	
10.625	-0.83059	190.375	0	
11.4523	-1.79932	194.937	0	
11.1438	-1.16663	191.994	0	
12.7913	-0.91448	194.426	0	
9.41071	-1.11076	194.19	0	
10.6272	-2.26802	195.441	0	
9.82492	-1.75947	196.739	0	
9.78857	-2.25865	196.242	0	
11.0511	-2.51725	197.498	0	
11.9164	-1.49519	193.145	0	
9.37464	-2.48614	199.025	0	
9.72813	-3.18463	199.668	0	
10.4782	-3.34598	198.96	0	
13.3929	-2.06956	196.201	0	
11.602	-0.640668	188.187	0	
11.0356	-1.56268	192.871	0	
8.9662	-2.23531	197.015	0	
8.31263	-3.28545	199.932	0	
8.96592	-1.78762	196.647	0	
8.13521	-1.80694	197.753	0	
9.43589	-3.86803	200.462	0	
9.3624	-2.94627	198.348	0	
9.41071	-1.53928	193.58	0	
9.10201	-0.640668	188.449	0	
9.17446	-4.44676	200.498	0	
10.2636	-3.81107	199.446	0	
10.3056	-4.2484	199.393	0	
10.157	-2.97301	197.836	0	
11.0917	-4.23799	198.652	0	
10.9502	-3.12935	197.416	0	
11.1215	-5.06478	199.459	0	
12.7104	-3.81217	197.1	0	
11.8357	-3.51156	197.74	0	
13.0546	-3.10866	195.697	0	
11.0557	-6.93784	199.874	0	
12.7366	-5.89894	200.523	0	
15.3125	-0.215758	198.237	0	
16.0047	-0.910268	193.021	0	
15.8721	-1.57837	195.129	0	
17.3169	-0.848799	195.59	0	
14.7357	-1.30309	193.573	0	
15.625	-0.396018	193.925	0	
15.625	-0.827535	194.729	0	
13.75	-0.36376	190.316	0	
14.3761	-0.368884	191.774	0	
14.0625	-0.183316	185.677	0	
15.0011	-0.401327	199.864	0	
14.6886	-0.185568	186.232	0	
12.8125	-0.180456	193.299	0	
13.125	-0.360901	193.314	0	
13.4348	-1.28335	192.516	0	
14.0625	-0.913707	193.489	0	
12.1875	-0.119818	189.451	0	
13.4375	-0.180445	188.166	0	
12.4788	-0.673409	193.581	0	
12.7899	-1.27398	194.156	0	
13.7535	-1.88463	193.861	0	
11.9164	-1.06667	193	0	
12.5664	-1.96246	195.533	0	
13.1209	-1.45954	195.432	0	
12.5285	-2.39099	195.242	0	
13.7191	-2.66203	196.64	0	
14.1248	-2.12441	196.243	0	
12.3732	-1.58124	194.863	0	
13.0845	-1.853	194.463	0	
14.9892	-2.52098	195.802	0	
14.448	-1.50076	196.081	0	
14.8695	-2.12072	196.228	0	
15.2993	-1.01903	195.401	0	
12.7033	-3.3588	197.738	0	
14.1103	-2.51345	195.093	0	
12.4866	-4.87629	199.735	0	
13.7026	-3.9326	196.852	0	
13.5001	-3.37299	197.773	0	
14.4283	-2.82418	196.099	0	
15.056	-3.62707	197.944	0	
15.4174	-1.6416	195.485	0	
12.1649	-3.089	196.431	0	
12.2463	-4.0101	198.47	0	
14.5605	-4.73206	198.972	0	
14.2577	-3.25851	197.105	0	
13.8183	-3.13833	195.78	0	
14.3038	-4.12896	199.013	0	
15.9565	-3.95489	199.629	0	
15.5274	-2.99885	196.583	0	
15.411	-4.01509	198.492	0	
16.2373	-3.51606	197.799	0	
15.1525	-4.68065	200.003	0	
16.6799	-6.57705	204.379	0	
18.7579	-6.13726	207.058	0	
18.0499	-4.26705	201.359	0	
21.25	-0.36376	199.698	0	
21.8775	-0.368067	198.569	0	
21.5625	-0.183316	190.797	0	
22.1947	-0.920708	203.207	0	
23.2035	-0.887752	205.725	0	
20.3125	-0.180456	199.486	0	
20.625	-0.360901	204.337	0	
20.9348	-1.28335	196.796	0	
21.5625	-0.913707	200.273	0	
22.252	-1.41957	197.932	0	
23.2035	-0.456235	210.556	0	
19.1667	-0.240517	184.685	0	
20.9375	-0.180445	195.623	0	
20.2457	-1.2956	196.796	0	
20.5599	-1.49081	200.305	0	
21.2535	-1.88463	197.821	0	
23.516	-0.278594	208.945	0	
22.5025	-0.362392	209.601	0	
17.4706	-0.413249	196.724	0	
19.8509	-1.39699	195.657	0	
20.308	-0.904829	201.535	0	
19.8088	-2.01013	197.221	0	
21.5698	-2.18063	200.259	0	
21.9465	-1.61967	201.383	0	
19.8913	-0.784456	190.18	0	
19.2221	-1.01586	190.024	0	
20.2014	-2.08993	199.771	0	
20.2619	-2.48451	198.796	0	
19.1262	-2.49365	197.855	0	
20.8309	-3.04504	199.606	0	
20.8517	-4.01577	203.028	0	
21.7997	-2.89024	200.574	0	
18.7103	-4.09024	202.812	0	
20.4568	-3.26943	200.796	0	
19.7965	-2.75042	199.301	0	
20.4265	-3.72549	201.58	0	
19.8915	-3.17237	200.037	0	
19.5788	-3.51605	201.329	0	
18.9834	-3.55184	200.3	0	
19.0369	-4.5526	202.389	0	
23.5346	-1.22717	202.492	0	
24.0369	-0.629004	204.597	0	
22.8171	-0.978483	206.274	0	
23.2902	-1.57085	203.339	0	
24.6102	-1.60808	203.232	0	
18.5688	-3.15903	200.217	0	
19.5833	-0.240517	179.389	0	
17.9919	-3.30825	199.243	0	
17.8073	-4.82359	203.082	0	
20.7939	-4.75279	204.301	0	
17.9458	-2.43448	197.571	0	
17.1178	-3.97865	199.955	0	
20.1	-4.96066	204.023	0	
22.1837	-4.76195	204.243	0	
17.7469	-6.02258	205.513	0	
17.6895	-6.7027	205.532	0	
16.8536	-3.50878	199.501	0	
17.6531	-2.92349	199.198	0	
16.8931	-4.6282	201.687	0	
17.2788	-5.08395	202.87	0	
17.2492	-5.6788	203.972	0	
18.7824	-5.09182	205.146	0	
16.8088	-5.98771	204.409	0	
17.0629	-6.94826	205.737	0	
18.1825	-5.79014	205.096	0	
18.7927	-6.81347	206.488	0	
16.3019	-5.74288	202.735	0	
15.7768	-6.17406	203.592	0	
16.8437	-7.91993	205.229	0	
19.3456	-7.14813	209.167	0	
20.7025	-6.67355	210.877	0	
19.1441	-5.67168	205.217	0	
16.0944	-5.1042	201.841	0	
15.2521	-5.91605	201.763	0	
13.649	-5.79168	200.628	0	
15.3192	-9.10908	202.469	0	
20.0023	-6.47119	206.798	0	
21.4891	-5.16686	206.257	0	
17.366	-8.41886	206.16	0	
18.0556	-7.89096	206.46	0	
14.819	-7.52628	202.71	0	
15.5424	-10.056	199.953	0	
18.4375	-0.183316	194.65	0	
18.6794	-0.496377	188.771	0	
16.8632	-0.931533	192.101	0	
18.125	-0.83059	194.742	0	
18.6023	-1.24675	194.204	0	
16.9498	-0.197491	186.8	0	
16.5754	-1.23552	194.427	0	
17.167	-1.70486	197.159	0	
17.6587	-1.08282	197.077	0	
17.2902	-2.11305	196.615	0	
17.7666	-2.11898	198.004	0	
16.9595	-2.52831	198.062	0	
17.1432	-3.02324	197.66	0	
18.7095	-2.74216	198.671	0	
18.6607	-1.98788	196.638	0	
19.647	-1.70166	198.878	0	
18.9919	-0.553578	195.38	0	
151.228	-0.345952	224.679	0	
152.151	-0.895475	220.481	0	
150.417	-0.322701	221.388	0	
150.831	-1.13086	219.184	0	
152.45	-1.93509	211.961	0	
154.06	-0.903557	209.541	0	
40.0036	-0.361702	219.082	0	
40.6275	-0.368067	225.139	0	
40.3125	-0.183316	223.401	0	
40.9447	-0.920708	222.797	0	
41.326	-0.736598	225.026	0	
39.0765	-0.230585	228.754	0	
39.3427	-0.779989	225.364	0	
40.8364	-1.27246	220.818	0	
41.636	-0.983364	222.189	0	
42.0207	-0.892876	221.838	0	
39.6911	-0.178386	227.969	0	
41.8397	-0.182522	228.01	0	
42.283	-1.22734	217.857	0	
42.681	-0.580436	220.675	0	
42.1029	-1.54959	216.347	0	
43.181	-1.78345	212.581	0	
149.375	-0.165467	228.128	0	
148.44	-0.184751	221.167	0	
149.962	-1.55154	217.545	0	
150.436	-0.821097	220.356	0	
153.721	-0.377855	210.518	0	
154.375	-0.360901	210.331	0	
154.062	-0.180445	207.409	0	
154.688	-0.902258	206.938	0	
155.633	-0.734678	193.392	0	
153.2	-0.197411	202.224	0	
153.145	-0.999999	209.609	0	
154.688	-1.27911	202.908	0	
155.633	-0.368047	196.271	0	
152.972	-1.29665	212.374	0	
154.375	-1.46018	207.2	0	
154.06	-1.26509	207.314	0	
155.009	-1.88478	199.408	0	
155.945	-0.187647	189.417	0	
155	-0.360855	206.437	0	
153.73	-1.4083	208.963	0	
153.724	-1.75892	208.214	0	
155.26	-2.51411	195.966	0	
155.375	-2.12843	197.262	0	
155.949	-0.928997	190.878	0	
156.324	-0.748059	186.207	0	
153.909	-2.63271	205.428	0	
156.232	-2.32426	187.881	0	
156.088	-1.37309	189.528	0	
155.786	-1.56932	194.226	0	
156.629	-0.991928	182.067	0	
155	-0.721768	200.448	0	
155.313	-0.907943	200.62	0	
153.153	-2.24205	208.958	0	
153.838	-2.39333	206.337	0	
154.055	-4.49088	201.489	0	
154.801	-2.66253	201.006	0	
156.085	-2.75975	187.24	0	
156.831	-1.76469	178.052	0	
157.047	-0.885832	174.659	0	
156.833	-0.185694	183.156	0	
152.015	-2.0609	212.66	0	
152.363	-3.25044	208.143	0	
153.745	-2.80144	205.834	0	
154.144	-2.73715	204.692	0	
156.517	-3.2561	182.175	0	
158.065	-1.50751	157.111	0	
156.717	-2.22472	176.982	0	
157.137	-3.20737	173.586	0	
157.289	-1.61335	169.165	0	
157.883	-0.759874	155.174	0	
153.065	-3.70002	205.823	0	
154.228	-3.37496	202.385	0	
154.188	-3.99793	201.473	0	
159.071	-2.13092	146.105	0	
153.228	-3.89431	205.245	0	
153.433	-4.53841	203.335	0	
153.679	-3.38136	204.694	0	
153.169	-5.08108	203.783	0	
152.673	-5.06216	205.182	0	
153.744	-4.20757	203.139	0	
153.213	-5.38985	203.375	0	
153.567	-5.01386	202.898	0	
154.848	-6.66189	194.032	0	
155.549	-3.98748	192.012	0	
154.007	-6.21898	200.398	0	
154.997	-3.27183	197.335	0	
156.266	-6.0619	184.925	0	
154.993	-5.44617	195.006	0	
154.757	-4.5682	196.853	0	
155.379	-5.21083	191.013	0	
157.783	-3.76899	168.609	0	
158.93	-2.92639	153.452	0	
152.574	-7.57358	202.896	0	
151.888	-5.30924	205.839	0	
157.302	-5.45828	176.049	0	
158.785	-5.82304	167.653	0	
159.925	-4.16765	152.516	0	
162.093	-1.41919	136.451	0	
151.474	-8.9751	203.993	0	
157.928	-10.5282	186.695	0	
135.94	-0.184751	225.257	0	
137.808	-0.904889	211.223	0	
143.716	-0.382852	226.331	0	
137.083	-0.301598	212.052	0	
144.378	-0.368067	224.563	0	
144.062	-0.183316	228.969	0	
144.758	-1.44766	219.983	0	
144.767	-0.962924	219.654	0	
143.196	-0.199537	229.495	0	
142.327	-0.25226	233.286	0	
143.519	-1.47589	220.422	0	
144.057	-0.916578	222.67	0	
146.195	-1.46012	218.68	0	
145.024	-0.374251	220.403	0	
142.758	-1.68983	217.521	0	
144.613	-2.65462	207.929	0	
145.555	-0.957315	226.268	0	
145.655	-0.356232	235.139	0	
145.619	-1.61268	218.235	0	
146.823	-0.861103	235.677	0	
143.023	-0.883313	228.402	0	
142.815	-0.451797	215.299	0	
142.341	-1.92647	210.276	0	
142.7	-1.16865	215.504	0	
141.906	-2.56929	206.225	0	
143.237	-2.43918	211.146	0	
144.406	-1.59183	216.115	0	
144.128	-2.31748	208.926	0	
140.542	-1.6563	210.595	0	
141.451	-3.47562	205.466	0	
144.069	-3.32513	204.901	0	
147.066	-4.45109	203.979	0	
143.664	-3.14565	206.692	0	
144.517	-5.31922	204.226	0	
145.848	-2.26981	211.239	0	
145.571	-3.06875	206.524	0	
134.966	-0.382852	207.559	0	
135.628	-0.368067	219.592	0	
135.312	-0.183316	225.841	0	
135.946	-0.921265	214.776	0	
136.357	-0.486349	218.625	0	
133.994	-0.25226	204.532	0	
133.577	-0.25226	216.146	0	
134.769	-1.47589	205.516	0	
135.307	-0.916578	210.506	0	
135.989	-1.58615	207.553	0	
136.531	-1.41059	209.797	0	
134.244	-1.69364	204.548	0	
135.916	-2.67863	204.313	0	
135.661	-1.58616	207.384	0	
135.297	-2.48388	204.165	0	
134.273	-0.883313	206.445	0	
134.654	-0.199537	201.233	0	
134.273	-0.451797	206.983	0	
133.712	-1.81405	204.633	0	
133.95	-1.16865	207.605	0	
133.422	-2.5023	202.62	0	
134.271	-2.55626	203.666	0	
136.153	-2.85017	203.632	0	
137.347	-2.86685	203.948	0	
132.769	-1.9034	203.499	0	
133.173	-3.91111	205.342	0	
135.029	-3.17584	203.669	0	
136.295	-4.54544	206.559	0	
138.046	-3.16676	204.854	0	
138.375	-2.07896	206.913	0	
134.01	-3.65925	204.84	0	
133.954	-2.65225	202.815	0	
131.852	-5.20279	209.406	0	
135.319	-4.05134	205.892	0	
130.488	-6.02466	210.416	0	
134.508	-5.59144	211.3	0	
134.668	-7.66515	216.926	0	
136.444	-7.7151	215.265	0	
129.695	-0.156034	189.572	0	
130.626	-0.368884	209.888	0	
130.312	-0.183316	224.958	0	
131.251	-0.401327	206.878	0	
130.939	-0.185568	217.2	0	
129.573	-1.15817	200.141	0	
129.526	-1.72522	200.027	0	
129.537	-2.24547	200.346	0	
131.704	-2.13993	200.183	0	
129.088	-2.04195	200	0	
129.699	-3.00654	200.695	0	
131.099	-2.49773	201.62	0	
131.929	-1.99618	201.84	0	
128.685	-2.74349	200.167	0	
129.562	-2.7491	200.723	0	
128.813	-3.5368	200.956	0	
130.843	-3.39051	201.543	0	
128.41	-3.24843	199.679	0	
128.518	-4.06251	202.102	0	
130.449	-4.87911	206.88	0	
130.797	-4.15702	204.485	0	
130.227	-3.75356	202.894	0	
131.187	-4.35633	205.771	0	
127.986	-2.48916	198.49	0	
127.401	-3.75267	199.147	0	
128.523	-4.63205	203.473	0	
130.056	-4.28574	204.621	0	
131.999	-5.80799	211.49	0	
131.599	-4.09239	204.973	0	
127.828	-4.80845	202.887	0	
128.163	-4.97791	203.723	0	
133.542	-4.69459	207.845	0	
132.911	-4.13347	205.686	0	
127.912	-4.04621	200.328	0	
126.198	-3.75828	197.611	0	
126.684	-7.42529	205.911	0	
129.601	-6.84936	211.766	0	
60.94	-0.184751	207.127	0	
62.8429	-0.749703	210.796	0	
114.375	-0.48111	181.244	0	
115.625	-0.360901	191.068	0	
115.312	-0.180445	191.432	0	
115.938	-0.902258	191.455	0	
116.883	-0.734678	177.862	0	
111.562	-0.116803	170.696	0	
115.292	-0.914235	191.7	0	
115.938	-1.27911	189.002	0	
116.883	-0.368047	187.15	0	
114.552	-1.06781	186.295	0	
115.61	-1.83986	193.102	0	
115.29	-1.2764	190.785	0	
116.259	-1.88478	192.406	0	
117.195	-0.187647	169.988	0	
116.25	-0.360855	185.899	0	
114.157	-1.03246	185.938	0	
113.932	-1.37074	187.483	0	
114.863	-1.36986	193.041	0	
114.875	-1.7112	192.683	0	
116.819	-2.62471	196.211	0	
116.625	-2.12843	198.282	0	
117.199	-0.928997	194.98	0	
118.201	-0.878018	191.132	0	
113.526	-1.3479	188.981	0	
115.289	-1.99678	196.45	0	
114.873	-2.68138	197.476	0	
117.482	-2.32426	197.768	0	
117.338	-1.37309	191.555	0	
117.036	-1.56932	197.119	0	
118.201	-0.446502	197.186	0	
116.25	-0.721768	180.401	0	
116.563	-0.907943	190.57	0	
112.812	-0.215758	190.747	0	
114.063	-0.698381	178.87	0	
113.283	-1.68444	191.746	0	
113.509	-2.07434	193.557	0	
114.6	-2.39357	195.364	0	
115.249	-2.41015	195.871	0	
116.517	-4.84326	194.925	0	
116.417	-2.91972	199.432	0	
117.335	-2.75975	197.442	0	
117.954	-2.21358	196.112	0	
118.514	-0.27425	190.368	0	
117.508	-0.3599	203.54	0	
113.959	-2.0684	194.205	0	
113.991	-2.90411	196.634	0	
114.868	-3.15748	196.178	0	
115.534	-2.79189	197.913	0	
112.451	-0.602994	183.249	0	
113.125	-0.384747	181.854	0	
113.125	-0.816264	186.116	0	
112.868	-1.62973	191.772	0	
112.641	-2.02292	194.613	0	
113.549	-2.80959	195.696	0	
114.21	-2.50075	195.712	0	
117.658	-3.13339	198.1	0	
118.284	-2.54732	198.46	0	
118.815	-2.32392	195.794	0	
118.519	-1.19988	194.905	0	
118.447	-1.61592	193.77	0	
119.035	-0.62466	189.423	0	
117.816	-0.978487	195.982	0	
114.131	-3.49491	195.646	0	
115.364	-3.98607	196.569	0	
110.007	-0.731718	177.118	0	
112.258	-2.01698	193.258	0	
112.625	-0.851127	185.939	0	
112.389	-1.30486	188.024	0	
111.946	-2.49594	197.081	0	
112.075	-2.90215	195.854	0	
113.222	-3.23944	196.653	0	
113.587	-3.73498	196.234	0	
117.465	-3.69408	196.865	0	
118.554	-3.46935	198.789	0	
118.864	-1.85256	197.522	0	
119.339	-1.58113	192.527	0	
114.799	-4.02439	194.87	0	
114.545	-3.61372	197.334	0	
111.367	-1.92935	194.714	0	
111.02	-2.77581	198.267	0	
112.61	-2.81574	196.956	0	
111.792	-4.60314	194.156	0	
116.978	-3.78221	197.067	0	
116.21	-4.53481	195.156	0	
112.786	-5.05533	192.368	0	
116.041	-6.04055	191.419	0	
110.515	-1.84394	196.814	0	
110.514	-2.44102	193.491	0	
110.214	-1.46913	186.114	0	
109.229	-1.49936	190.209	0	
110.121	-3.28144	195.426	0	
111.21	-3.38966	195.265	0	
109.599	-2.37832	194.989	0	
109.82	-1.61163	193.368	0	
109.238	-3.35821	194.944	0	
110.14	-4.39018	195.672	0	
108.354	-4.03439	194.847	0	
109.618	-4.24679	192.976	0	
110.291	-4.96346	190.44	0	
110.885	-5.0758	193.33	0	
109.061	-5.34882	189.374	0	
110.469	-7.3577	187.738	0	
111.847	-5.72421	191.593	0	
112.834	-4.34506	194.543	0	
115.053	-5.29955	193.475	0	
115.577	-6.30238	191.783	0	
108.307	-5.98294	189.688	0	
109.802	-6.72561	186.343	0	
110.718	-6.12636	189.598	0	
110.027	-6.05695	187.804	0	
111.76	-7.13197	189.127	0	
113.492	-5.48229	192.862	0	
112.221	-4.14548	194.272	0	
112.188	-5.20668	191.476	0	
110.386	-8.44638	184.153	0	
112.108	-8.02917	185.521	0	
63.7208	-0.565971	212.774	0	
64.8354	-0.923165	207.769	0	
68.75	-0.36376	226.633	0	
69.5127	-0.433192	222.842	0	
69.0625	-0.183316	226.137	0	
67.8125	-0.180456	234.132	0	
68.125	-0.360901	222.101	0	
68.4348	-1.28335	219.276	0	
69.0625	-0.913707	219.128	0	
66.7708	-0.496049	211.075	0	
68.4375	-0.180445	232.805	0	
67.7457	-1.2956	216.464	0	
68.0599	-1.49081	210.086	0	
68.7535	-1.88463	213.916	0	
65.94	-0.184751	217.869	0	
67.3486	-1.39544	207.424	0	
67.808	-0.904829	211.691	0	
67.3088	-2.01013	207.386	0	
69.1005	-2.6579	210.225	0	
69.448	-1.50076	212.736	0	
67.4955	-0.664198	219.566	0	
66.55	-1.40816	211.318	0	
67.7014	-2.08993	208.761	0	
67.7619	-2.48451	208.827	0	
70.4764	-2.2392	210.13	0	
70.7	-1.65352	213.53	0	
66.5566	-1.97808	209.489	0	
68.2979	-2.83324	209.164	0	
68.2571	-3.96585	213.249	0	
68.7037	-2.97035	208.519	0	
70.1633	-1.99628	212.119	0	
70.1991	-1.2461	215.373	0	
66.4734	-3.55423	210.547	0	
67.9568	-3.26943	209.656	0	
67.1636	-2.60331	208.247	0	
67.9262	-4.09336	213.012	0	
67.5828	-3.14525	210.366	0	
67.2701	-3.48893	210.123	0	
66.1504	-3.13846	209.831	0	
66.5381	-4.27569	215.436	0	
64.9189	-2.48316	205.798	0	
66.1065	-4.71511	215.404	0	
66.2231	-5.55885	218.508	0	
67.4269	-5.68222	219.336	0	
67.5284	-4.96099	216.122	0	
69.4224	-4.79736	215.65	0	
64.114	-4.55075	216.158	0	
65.3753	-4.32736	215.3	0	
106.875	-0.399074	181.879	0	
105.312	-0.116803	174.839	0	
105.881	-0.614822	176.321	0	
106.875	-0.83059	177.922	0	
107.702	-1.79948	191.751	0	
107.394	-1.16663	185.854	0	
109.04	-0.926407	182.555	0	
105.041	-0.56241	181.518	0	
106.522	-1.06614	185.867	0	
105.328	-0.936348	184.239	0	
106.877	-2.26818	192.755	0	
106.072	-1.76111	193.799	0	
105.738	-2.4077	196.499	0	
107.301	-2.51774	196.289	0	
108.165	-1.49851	187.517	0	
105.881	-3.1372	196.797	0	
106.481	-2.49266	196.771	0	
106.764	-3.32951	197.266	0	
107.937	-3.04678	195.749	0	
107.852	-0.640668	182.238	0	
107.286	-1.56284	189.837	0	
105.592	-3.59328	196.556	0	
106.745	-3.86373	194.305	0	
107.271	-4.09059	195.045	0	
108.111	-3.33922	195.799	0	
107.264	-4.62135	191.815	0	
108.326	-4.58619	192.115	0	
106.422	-4.31772	193.4	0	
106.234	-6.65055	187.156	0	
105.024	-7.78769	186.016	0	
108.449	-6.62472	185.703	0	
83.7208	-0.565971	220.796	0	
84.6505	-0.895475	226.498	0	
84.6794	-1.59491	213.402	0	
86.216	-0.746867	206.849	0	
88.4375	-0.183316	200.085	0	
88.8542	-0.484914	196.615	0	
87.2575	-1.35574	207.656	0	
88.125	-0.83059	199.055	0	
88.4398	-0.988793	201.773	0	
86.2204	-0.380562	215.204	0	
86.8761	-0.368884	223.328	0	
86.5625	-0.183316	214.836	0	
87.5011	-0.401327	221.125	0	
87.1886	-0.185568	221.742	0	
85.6996	-0.197247	184.382	0	
85.2512	-1.24944	216.171	0	
85.5447	-0.957378	205.325	0	
85.7624	-1.68415	210.051	0	
86.2751	-2.52544	204.524	0	
87.8092	-1.03945	207.834	0	
85.3937	-2.54094	204.396	0	
85.964	-3.0311	202.694	0	
87.3622	-2.14674	205.651	0	
88.4914	-1.39263	201.63	0	
84.5857	-3.33756	200.909	0	
85.8266	-2.7775	203.366	0	
86.1008	-4.04159	200.188	0	
88.8861	-3.5745	200.509	0	
87.6753	-2.02258	202.977	0	
87.8171	-3.19777	200.758	0	
86.3116	-4.1014	199.628	0	
84.932	-6.17284	203.43	0	
87.5635	-3.81404	200.279	0	
88.7203	-4.86285	197.843	0	
92.901	-0.53519	192.48	0	
93.5333	-1.03853	192.707	0	
91.9635	-0.783538	207.326	0	
93.369	-0.553653	188.976	0	
92.2954	-1.09072	198.91	0	
91.4252	-1.8112	201.282	0	
92.276	-0.233592	223.973	0	
93.1004	-1.64353	196.258	0	
91.2151	-0.382247	185.56	0	
91.5625	-0.183316	203.881	0	
90.6498	-1.89431	201.111	0	
91.5574	-0.916578	195.192	0	
90.972	-2.26027	200.542	0	
91.8655	-2.38548	201.072	0	
91.8305	-3.13495	199.378	0	
92.6486	-1.94325	199.898	0	
96.25	-0.36376	186.122	0	
96.8775	-0.368067	193.789	0	
96.5625	-0.183316	184.194	0	
97.1947	-0.920708	194.547	0	
98.4375	-0.180444	173.259	0	
95.3125	-0.180456	175.374	0	
95.625	-0.360901	186.295	0	
95.9348	-1.28335	189.921	0	
96.5625	-0.913707	192.184	0	
96.56	-1.27666	191.316	0	
98.125	-0.358085	183.565	0	
94.9666	-0.380108	203.531	0	
95.9375	-0.180445	177.427	0	
94.9636	-0.742721	193.817	0	
95.3095	-0.903958	196.258	0	
96.6572	-1.97917	195.458	0	
96.8455	-3.01482	196.507	0	
98.8239	-2.98239	196.049	0	
99.1083	-1.19315	188.335	0	
97.5025	-0.362392	199.761	0	
93.994	-0.252055	200.138	0	
93.5774	-0.252055	184.694	0	
94.68	-2.06779	197.989	0	
95.9031	-2.06434	197.064	0	
96.2394	-1.86147	194.213	0	
96.8709	-1.5893	194.856	0	
97.5778	-2.0708	195.467	0	
97.9507	-2.04697	194.883	0	
94.6512	-0.993781	198.085	0	
95.236	-1.30046	193.329	0	
95.1748	-2.11605	197.365	0	
95.4639	-3.26944	196.502	0	
97.2976	-2.38151	196.392	0	
97.5522	-3.3556	195.783	0	
94.5096	-1.70934	197.405	0	
95.8049	-2.83371	196.874	0	
95.473	-4.52661	194.211	0	
96.2125	-3.46904	195.83	0	
98.266	-2.45082	196.235	0	
98.7024	-1.9393	194.122	0	
94.0182	-1.61726	197.008	0	
93.5652	-2.32299	197.428	0	
94.8865	-2.71528	197.676	0	
95.428	-4.0681	195.492	0	
99.6228	-1.74465	193.532	0	
98.6373	-0.722313	179.697	0	
94.9947	-3.11756	196.626	0	
94.6152	-3.46142	197.103	0	
94.0479	-3.22314	196.923	0	
94.0449	-4.47039	196.161	0	
97.8171	-0.978483	191.283	0	
98.125	-0.789602	179.015	0	
98.8047	-1.18661	186.623	0	
94.2732	-0.883223	197.591	0	
94.6541	-0.199652	205.609	0	
94.2732	-0.451707	199.18	0	
93.6015	-1.8539	197.88	0	
93.95	-1.16845	196.174	0	
92.7343	-2.37942	198.895	0	
93.5622	-3.47901	198.311	0	
95.6876	-5.16825	193.378	0	
97.3915	-4.99956	192.597	0	
92.9353	-6.68471	195.785	0	
94.5861	-4.45039	194.699	0	
108.438	-0.119818	171.197	0	
109.378	-0.368067	181.038	0	
109.062	-0.183316	168.963	0	
109.695	-0.920708	189.445	0	
110.704	-0.887752	176.671	0	
108.165	-1.06999	184.657	0	
109.125	-1.8725	190.369	0	
109.611	-1.30997	185.553	0	
110.704	-0.456235	187.82	0	
111.016	-0.278594	170.395	0	
110.003	-0.362392	198.227	0	
111.035	-1.22717	189.501	0	
111.537	-0.629004	176.07	0	
110.317	-0.978483	191.688	0	
110.95	-1.69271	188.78	0	
112.11	-1.60808	192.381	0	
-126.54	-0.926209	199.717	0	
-126.562	-0.183316	192.777	0	
-127.013	-0.433192	202.429	0	
-126.537	-1.29918	197.185	0	
-125.41	-1.05598	202.678	0	
-126.955	-1.36982	195.172	0	
-126.228	-1.99815	189.776	0	
-126.109	-1.38454	196.48	0	
-125.363	-1.69137	195.246	0	
103.44	-0.184751	170.557	0	
105.296	-0.648902	185.219	0	
127.812	-0.215758	204.693	0	
128.438	-0.183316	202.466	0	
127.384	-0.922193	195.288	0	
128.125	-0.83059	202.372	0	
128.606	-1.17274	200.405	0	
127.02	-1.19131	200.963	0	
127.577	-1.74697	198.11	0	
127.433	-2.49562	198.55	0	
129.049	-1.55255	199.802	0	
127.153	-2.4936	197.303	0	
127.81	-3.24396	199.474	0	
128.25	-2.48648	199.641	0	
128.813	-2.52596	199.428	0	
139.69	-0.184751	218.533	0	
141.277	-1.17828	219.732	0	
138.75	-0.36376	222.935	0	
139.378	-0.368067	218.854	0	
139.062	-0.183316	223.179	0	
139.695	-0.920708	214.59	0	
140.107	-0.350218	212.953	0	
137.812	-0.180456	220.282	0	
138.125	-0.360901	220.353	0	
138.435	-1.28335	215.591	0	
139.062	-0.913707	217.165	0	
139.06	-1.27666	214.591	0	
140.421	-0.966309	214.145	0	
137.396	-0.482054	206.707	0	
138.438	-0.180445	224.581	0	
137.391	-0.845598	214.086	0	
137.808	-1.26372	212.974	0	
139.157	-1.97917	208.693	0	
139.16	-2.39498	206.22	0	
140.104	-2.10871	207.487	0	
136.686	-1.15636	212.909	0	
137.699	-1.89047	208.035	0	
138.122	-1.45888	209.754	0	
137.548	-2.13999	205.313	0	
138.739	-1.86147	209.846	0	
139.371	-1.5893	210.707	0	
139.943	-2.61432	205.352	0	
140.487	-2.09548	208.905	0	
137.242	-1.43585	210.411	0	
138.067	-1.86175	208.925	0	
140.744	-3.43509	205.039	0	
141.346	-2.23516	209.012	0	
140.874	-2.43769	206.876	0	
141.354	-1.81679	211.18	0	
137.599	-3.28219	204.213	0	
139.478	-2.7057	205.155	0	
140.646	-3.04087	204.677	0	
141.915	-3.03041	207.046	0	
142.012	-1.60116	217.638	0	
141.539	-1.27996	217.763	0	
138.523	-3.88778	205.698	0	
138.81	-3.18563	204.971	0	
138.721	-2.68069	205.075	0	
138.495	-3.42771	203.96	0	
138.094	-4.0482	204.821	0	
139.374	-4.17325	205.818	0	
137.62	-3.70356	205.297	0	
138.342	-4.69723	206.746	0	
137.787	-5.85894	209.834	0	
138.919	-5.1417	207.9	0	
140.264	-4.22126	205.289	0	
138.924	-4.25333	204.933	0	
139.496	-3.67078	204.188	0	
141.482	-4.15485	204.479	0	
139.759	-5.05289	207.659	0	
140.323	-3.69013	204.115	0	
140.067	-5.51737	207.297	0	
141.08	-4.06053	204.81	0	
139.217	-6.5465	210.687	0	
142.199	-7.52628	209.071	0	
147.466	-0.382852	219.274	0	
148.128	-0.368067	217.185	0	
147.812	-0.183316	218.432	0	
148.445	-0.920708	219.742	0	
148.857	-0.350218	222.551	0	
146.544	-0.23005	244.137	0	
145.946	-0.166732	237.884	0	
147.449	-1.51929	215.282	0	
147.807	-0.916578	218.851	0	
148.442	-1.28208	219.965	0	
149.171	-0.966309	221.198	0	
146.784	-2.71218	208.21	0	
147.964	-2.5399	210.808	0	
148.123	-1.45789	216.078	0	
148.686	-1.89771	214.967	0	
147.139	-1.40568	224.887	0	
147.961	-2.01781	211.043	0	
149.241	-3.05101	207.76	0	
149.41	-1.68949	215.947	0	
150.906	-3.22219	208.302	0	
150.232	-1.82568	214.207	0	
149.452	-2.1721	212.993	0	
149.962	-2.53131	210.641	0	
131.887	-1.62159	200.526	0	
-35.6239	-0.368884	196.654	0	
-35.9375	-0.183316	196.312	0	
-34.9989	-0.401327	201.495	0	
-35.3114	-0.185568	193.842	0	
-31.2849	-0.382247	199.76	0	
-30.6225	-0.368067	198.867	0	
-30.9375	-0.183316	196.979	0	
-30.2868	-0.931598	198.733	0	
-29.9743	-0.685225	198.929	0	
-31.4342	-1.45001	192.88	0	
-30.9426	-0.916578	197.816	0	
-30.2884	-1.3027	193.935	0	
-29.9623	-1.45898	194.174	0	
-30.8874	-1.88551	190.417	0	
-29.9864	-2.29075	188.228	0	
64.761	-0.392655	209.163	0	
65.6275	-0.368067	216.411	0	
65.3125	-0.183316	219.665	0	
65.9632	-0.931598	214.015	0	
66.2757	-0.685225	213.88	0	
64.555	-1.58148	206.254	0	
65.3074	-0.916578	210.361	0	
65.9806	-1.60315	210.168	0	
66.7351	-1.6961	207.153	0	
63.7709	-1.33309	206.887	0	
66.0729	-2.30571	208.361	0	
65.3419	-1.2869	209.098	0	
65.3712	-2.5417	207.926	0	
63.6993	-2.20058	206.032	0	
64.6514	-2.1426	206.493	0	
63.238	-2.74364	206.401	0	
64.3802	-3.69134	210.108	0	
62.7684	-2.25187	205.5	0	
61.9917	-3.4811	209.853	0	
59.8958	-0.484914	205.478	0	
60.6275	-0.368067	208.303	0	
60.3125	-0.183316	206.144	0	
60.9447	-0.920708	205.764	0	
61.3567	-0.350218	205.535	0	
59.1863	-1.15636	200.413	0	
59.5654	-1.74252	201.555	0	
60.6497	-1.62861	203.364	0	
61.6713	-0.966309	205.449	0	
60.7966	-2.43367	205.014	0	
61.3388	-1.56647	204.47	0	
5.9375	-0.119818	188.361	0	
6.87609	-0.368884	193.23	0	
6.5625	-0.183316	189.563	0	
7.50109	-0.401327	201.107	0	
7.18859	-0.185568	192.644	0	
5.48108	-0.951567	192.482	0	
6.29261	-1.73773	195.638	0	
102.188	-0.119818	182.714	0	
103.128	-0.368067	180.079	0	
102.812	-0.183316	170.891	0	
103.445	-0.920708	183.632	0	
103.825	-0.597728	178.066	0	
101.655	-1.44367	190.218	0	
102.779	-1.38865	187.806	0	
103.515	-1.33916	186.193	0	
104.332	-1.00634	184.025	0	
-113.884	-1.18786	194.252	0	
-114.703	-2.08329	189.131	0	
-114.686	-3.65634	181.764	0	
-115.097	-5.23623	197.557	0	
-114	-5.5785	207.398	0	
-113.864	-4.47624	184.223	0	
-18.3887	-3.66596	189.176	0	
-18.2589	-4.90596	198.681	0	
-17.7219	-5.56798	207.829	0	
-17.6636	-4.48421	191.017	0	
-63.2815	-7.0539	257.842	0	
-61.8008	-6.24733	240.409	0	
-61.5207	-6.99285	258.09	0	
-59.5796	-5.61305	224.322	0	
-75.276	-3.48022	194.729	0	
-75.2377	-4.14392	200.746	0	
-55.8915	-8.19545	283.95	0	
-56.2345	-9.15566	304.614	0	
77.0003	-3.95551	204.927	0	
77.725	-5.50129	209.056	0	
78.7493	-6.11456	213.342	0	
78.5308	-4.40791	204.424	0	
-161.489	-1.28082	164.504	0	
-162.322	-4.55101	235.066	0	
35.2709	-6.97488	218.589	0	
36.8596	-5.96269	216.828	0	
40.4716	-7.04447	207.55	0	
40.6402	-8.27269	198.709	0	
43.8168	-9.34617	176.914	0	
44.6005	-7.75277	194.12	0	
44.083	-6.00445	207.62	0	
46.0481	-7.40943	194.805	0	
28.4812	-8.33495	216.937	0	
30.3894	-9.48839	217.855	0	
31.191	-7.86491	220.252	0	
32.202	-9.1351	217.846	0	
25.6663	-6.99209	212.559	0	
25.8893	-8.31939	216.211	0	
24.3939	-7.8363	214.57	0	
27.1596	-10.801	214.089	0	
26.4558	-10.0738	215.443	0	
26.6743	-9.11764	215.102	0	
29.5712	-8.52377	217.697	0	
27.3166	-8.14955	215.781	0	
28.1924	-9.41065	216.798	0	
28.7059	-9.04085	218.039	0	
-147.707	-7.92979	316.081	0	
-146.039	-7.79806	307.206	0	
-136.594	-6.09254	232.863	0	
-136.56	-6.61301	238.725	0	
-132.791	-7.33096	264.2	0	
-130.344	-7.03336	254.926	0	
-126.906	-5.63503	208.808	0	
-125.288	-5.82036	212.223	0	
-125.078	-5.58762	207.949	0	
-124.602	-4.85743	190.769	0	
-124.759	-5.65745	207.849	0	
-121.473	-5.99762	208.423	0	
-130.862	-6.8001	253.676	0	
-129.002	-8.57938	344.635	0	
-129.531	-9.02624	360.979	0	
-127.217	-9.74539	430.01	0	
-126.165	-7.5942	288.38	0	
-125.274	-6.7642	245.471	0	
124.375	-4.93718	196.68	0	
122.989	-4.91749	200.473	0	
-121.615	-4.93667	193.716	0	
-121.187	-4.77147	186.408	0	
-117.15	-5.45409	203.41	0	
-116.241	-4.78198	190.04	0	
103.318	-8.56546	185.695	0	
103.807	-8.9543	187.072	0	
-84.1228	-4.29624	194	0	
-85.731	-4.73896	201.505	0	
-82.9239	-6.97788	257.936	0	
-81.1803	-6.12164	234.027	0	
-101.153	-3.97619	184.564	0	
-99.344	-5.40656	208.907	0	
-102.542	-7.70686	298.303	0	
-102.019	-6.95849	260.751	0	
-98.0514	-6.95026	265.777	0	
-95.9816	-7.35877	278.431	0	
-94.2812	-4.73695	197.807	0	
-94.198	-4.30343	193.091	0	
-97.0284	-5.34952	210.933	0	
-95.8536	-5.12775	207.071	0	
-21.3579	-6.01333	239.245	0	
-19.5354	-5.39686	213.731	0	
-50.5529	-5.82218	230.42	0	
-50.0494	-7.79231	278.283	0	
-47.4753	-8.14607	293.512	0	
-48.7833	-9.59843	330.97	0	
-31.0151	-5.33882	230.782	0	
-28.9587	-5.5479	242.544	0	
-31.2574	-6.53761	286.35	0	
-29.1517	-6.2774	274.598	0	
-28.7593	-5.74093	252.557	0	
-28.2552	-5.27014	232.074	0	
-27.8985	-6.08778	268.764	0	
-25.4854	-6.46067	276.564	0	
-34.3152	-6.83015	289.726	0	
-32.5776	-6.67141	286.908	0	
89.6483	-4.66674	200.375	0	
89.3809	-5.23568	197.419	0	
91.3474	-3.97619	198.611	0	
92.7494	-3.9326	197.915	0	
71.174	-3.69555	209.609	0	
69.9424	-3.97244	211.515	0	
-7.86052	-6.91565	177.427	0	
-6.42248	-9.42302	187.465	0	
-4.85918	-7.05375	179.154	0	
-3.22419	-8.14951	181.105	0	
-2.06939	-5.8381	187.539	0	
0.441164	-6.18694	189.414	0	
5.70659	-10.0404	187.624	0	
8.26366	-7.87235	195.923	0	
54.0546	-3.65974	211.229	0	
52.9289	-5.20247	216.007	0	
54.1568	-5.39462	215.735	0	
55.081	-4.17413	213.814	0	
58.6133	-7.11494	200.472	0	
61.1332	-6.80641	206.912	0	
61.3634	-5.14216	214.307	0	
60.2731	-4.23262	212.598	0	
12.3834	-6.3433	200.307	0	
13.9764	-5.13075	200.73	0	
13.1297	-7.24194	201.837	0	
14.3245	-6.24735	202.386	0	
11.106	-7.73796	198.849	0	
15.6176	-7.35379	203.983	0	
18.7061	-10.0908	204.006	0	
19.497	-10.3746	204.621	0	
17.4256	-9.32353	204.033	0	
18.704	-8.57237	207.601	0	
151.7	-2.52187	210.943	0	
150.95	-4.53303	206.584	0	
142.959	-3.51517	204.588	0	
143.533	-5.11815	204.586	0	
147.674	-5.4585	204.479	0	
146.794	-5.99903	204.523	0	
136.25	-4.88716	208.653	0	
137.355	-4.41954	206.607	0	
136.223	-5.67073	210.642	0	
135.511	-7.04597	215.126	0	
115.649	-8.14012	189.482	0	
116.994	-5.94675	192.147	0	
65.5578	-5.97626	214.699	0	
66.0213	-7.21085	209.24	0	
64.8374	-4.85663	215.341	0	
62.8806	-6.04326	212.846	0	
64.4355	-7.86972	197.791	0	
68.3539	-7.47443	216.251	0	
68.2701	-5.88424	219.05	0	
68.6902	-4.26153	212.924	0	
68.2762	-6.80732	216.54	0	
71.0774	-6.93452	219.921	0	
63.5609	-5.0641	215.5	0	
64.9033	-5.66179	217.4	0	
98.1098	-4.91967	192.96	0	
98.8718	-3.46004	195.86	0	
92.5552	-4.27067	197.36	0	
91.4486	-4.44655	198.126	0	
97.7428	-6.35903	190.503	0	
97.0743	-5.05764	193.066	0	
95.3244	-5.3593	193.963	0	
96.5777	-6.36807	191.613	0	
138.326	-6.47613	211.639	0	
139.603	-6.6361	210.405	0	
-113.396	-6.66567	232.669	0	
-111.467	-7.52384	289.458	0	
-18.205	-6.75067	232.709	0	
-14.4318	-6.7842	202.418	0	
-63.4125	-8.72323	303.243	0	
-60.5872	-7.97153	283.252	0	
-60.023	-8.95619	316.074	0	
-60.3867	-7.11169	256.51	0	
77.2933	-6.99965	219.645	0	
80.347	-6.83843	212.244	0	
34.4764	-7.10714	219.205	0	
35.9808	-8.60886	212.834	0	
45.8418	-7.91361	190.696	0	
48.1067	-7.50301	192.742	0	
33.2443	-9.81711	213.121	0	
34.647	-9.40613	212.23	0	
21.7972	-8.03675	212.385	0	
23.4741	-11.3423	207.743	0	
28.2368	-10.327	215.541	0	
30.848	-10.0175	215.785	0	
29.4042	-7.37901	215.585	0	
27.9506	-7.92572	218.173	0	
29.4063	-9.18095	218.6	0	
29.0982	-8.06375	219.24	0	
29.8101	-9.62164	216.665	0	
30.5736	-8.94737	217.806	0	
28.8895	-10.7869	214.643	0	
30.3271	-10.6176	214.405	0	
29.6201	-10.3343	214.86	0	
30.3233	-11.4511	209.355	0	
28.3313	-12.2309	207.905	0	
29.7844	-13.3732	199.356	0	
31.1348	-8.83664	219.382	0	
30.4469	-7.86947	217.751	0	
31.5353	-9.27464	217.212	0	
32.2035	-8.49863	219.144	0	
31.4326	-9.91452	216.981	0	
32.5318	-9.72243	215.54	0	
-149.154	-7.45901	298.746	0	
-148.04	-9.22856	369.864	0	
-124.062	-6.5425	237.526	0	
-122.96	-8.13964	307.586	0	
123.608	-7.28684	201.982	0	
124.473	-7.01175	202.088	0	
125.039	-4.84504	199.925	0	
124.331	-3.75143	194.955	0	
125.468	-5.35188	198.735	0	
126.69	-4.33651	199.372	0	
124.393	-2.86747	195.438	0	
123.587	-3.37002	195.328	0	
125.241	-5.99155	202.863	0	
126.618	-5.9472	203.087	0	
124.503	-6.22875	200.185	0	
125.207	-7.31017	205.662	0	
-101.051	-4.44655	185.498	0	
-99.3738	-6.07473	226.438	0	
-97.4123	-6.06995	228.38	0	
-95.6065	-6.9406	268.369	0	
-95.8333	-7.83096	306.725	0	
-95.4944	-6.09728	229.019	0	
-96.398	-6.22063	237.929	0	
-95.7708	-6.57693	244.647	0	
-45.8418	-12.1182	417.441	0	
-45.5047	-8.74374	320.935	0	
-27.7077	-6.62644	283.224	0	
-27.3497	-7.9862	350.627	0	
86.7325	-5.93693	201.322	0	
90.1466	-10.2757	207.906	0	
-2.68532	-7.23808	182.635	0	
0.00225334	-6.07354	188.981	0	
-3.07338	-7.53441	181.092	0	
-0.974847	-7.84183	183.738	0	
-1.66439	-7.15182	183.919	0	
-0.395495	-8.01928	183.852	0	
4.63407	-7.97188	190.094	0	
5.61431	-8.5661	190.116	0	
53.0874	-7.16719	200.974	0	
54.931	-6.8517	204.284	0	
14.4288	-8.63074	201.541	0	
16.1057	-8.16276	203.734	0	
16.7746	-10.0775	202.2	0	
18.1557	-10.7876	202.436	0	
149.256	-4.90093	205.586	0	
149.953	-4.74369	206.197	0	
142.996	-5.28045	204.541	0	
141.925	-7.89692	209.741	0	
137.47	-8.07049	215.048	0	
138.102	-7.20763	213.185	0	
61.1402	-6.40945	207.936	0	
65.8218	-9.26609	186.646	0	
69.7679	-11.5772	183.578	0	
66.7518	-9.45338	180.646	0	
62.8308	-4.38865	213.664	0	
62.4727	-5.63875	213.903	0	
98.005	-5.20569	192.097	0	
98.7339	-4.2337	194.16	0	
97.0554	-6.50998	190.942	0	
98.9537	-6.97814	189.167	0	
96.715	-7.22377	191.165	0	
99.2787	-7.70542	188.296	0	
91.7622	-6.43237	197.451	0	
92.7258	-5.8675	196.318	0	
137.41	-7.40069	214.245	0	
137.968	-7.55925	213.926	0	
136.813	-7.76295	215.453	0	
138.111	-8.70966	214.758	0	
136.883	-10.0243	215.386	0	
140.294	-7.60393	211.056	0	
135.61	-8.12928	217.069	0	
136.348	-8.29802	216.016	0	
132.068	-9.02918	217.248	0	
136.167	-8.5203	216.627	0	
136.277	-10.4808	215.369	0	
135.271	-8.80381	216.885	0	
135.873	-9.37962	216.928	0	
134.354	-11.289	216.002	0	
139.667	-6.99187	211.477	0	
139.83	-5.98703	208.673	0	
138.991	-8.95443	213.868	0	
140.816	-6.36581	208.871	0	
139.817	-9.1388	212.89	0	
140.672	-8.07526	211.109	0	
140.503	-10.0269	212.181	0	
140.982	-9.37209	211.721	0	
-111.958	-5.63544	204.846	0	
-112.266	-4.21391	183.203	0	
-16.6004	-6.10161	207.736	0	
-16.393	-5.23265	193.187	0	
79.7916	-6.84816	214.509	0	
80.8157	-4.97922	204.594	0	
34.5198	-13.7513	182.106	0	
34.9763	-10.1682	207.609	0	
26.4185	-11.912	209.011	0	
28.4138	-14.1484	196.887	0	
125.459	-8.14417	205.088	0	
127.907	-6.78071	209.159	0	
-101.809	-5.95151	217.279	0	
-99.8815	-8.32368	331.145	0	
7.37489	-9.18791	191.158	0	
6.48621	-6.70615	195.694	0	
13.1348	-8.04081	199.859	0	
17.1671	-10.8681	199.63	0	
150.573	-6.40366	206.317	0	
149.759	-6.24634	205.923	0	
151.147	-7.67369	205.632	0	
151.255	-5.86693	206.029	0	
97.4926	-7.23625	190.419	0	
97.7258	-8.62182	190.416	0	
89.8469	-7.97453	200.788	0	
92.8185	-7.98735	197.413	0	
135.436	-13.2788	210.249	0	
136.623	-9.64016	216.319	0	
143.337	-10.2215	209.684	0	
143.007	-7.36288	208.195	0	
142.466	-8.47415	209.43	0	
141.919	-10.826	209.921	0	
124.773	-8.84511	207.955	0	
128.136	-11.601	210.775	0	
126.35	-8.26434	210.903	0	
127.811	-9.05421	214.27	0	
6.9959	-9.68664	190.442	0	
10.4439	-11.8433	187.878	0	
97.8185	-10.8703	194.618	0	
98.6677	-8.49459	189.374	0	
92.3557	-8.2318	198.503	0	
93.7875	-6.92582	195.181	0	
136.219	-11.3875	213.991	0	
137.409	-10.0377	215.059	0	
141.992	-12.8226	206.77	0	
144.013	-8.15098	207.83	0	
93.2294	-9.70164	199.992	0	
94.9253	-7.23675	192.777	0	
93.5414	-7.22514	195.102	0	
94.7419	-9.6142	197.455	0	
-52.8251	-7.67808	272.259	0	
-51.7959	-9.60899	325.39	0	
-157.725	-7.73552	322.913	0	
-158.557	-6.27375	273.634	0	
-152.794	-10.2871	414.717	0	
-150.071	-9.26822	381.266	0	
-151.623	-8.17744	327.897	0	
-151.534	-6.70816	276.279	0	
-154.883	-12.7011	507.969	0	
-154.82	-11.8461	478.426	0	
-152.931	-12.6073	519.949	0	
-150.922	-9.31728	373.05	0	
-146.503	-9.43113	384.228	0	
-143.298	-7.43216	303.475	0	
118.716	-11.4258	198.666	0	
122.737	-10.0676	203.055	0	
98.953	-9.89955	191.002	0	
101.077	-11.0624	192.349	0	
-75.7954	-9.03847	349.101	0	
-78.2509	-7.98552	305.353	0	
-109.507	-4.81009	190.254	0	
-110.537	-4.62852	185.342	0	
-14.005	-6.25385	192.261	0	
-13.0209	-7.90805	205.107	0	
-43.1746	-8.54956	317.884	0	
-41.2503	-6.7594	260.689	0	
-52.3413	-9.26072	314.931	0	
-50.3441	-10.3821	341.142	0	
-40.7306	-7.12804	272.677	0	
-35.7423	-5.57895	237.84	0	
81.6105	-6.71059	210.393	0	
82.784	-8.18714	214.618	0	
75.1696	-8.05906	224.602	0	
78.2905	-6.85346	215.671	0	
-10.9625	-6.53414	183.762	0	
-8.44573	-7.64279	181.411	0	
9.8011	-7.8793	197.346	0	
8.9954	-6.56182	199.174	0	
11.1204	-8.71172	197.124	0	
13.6623	-8.88923	200.487	0	
20.1786	-8.56513	211.031	0	
23.4591	-6.44422	209.884	0	
157.326	-6.83562	178.921	0	
155.842	-3.63095	189.408	0	
157.145	-7.54079	182	0	
160.324	-6.38574	162.591	0	
160.052	-3.1592	146.744	0	
160.611	-3.09545	143.329	0	
107.23	-7.32417	185.124	0	
112.619	-9.98582	188.347	0	
112.94	-8.20641	188.406	0	
114.687	-6.98722	189.112	0	
85.5023	-7.23001	205.677	0	
86.9169	-7.16274	203.732	0	
-164.75	-0.421353	206.083	0	
-163.978	-1.51845	196.34	0	
-164.711	-3.20485	227.103	0	
-162.363	-6.26716	272.831	0	
38.9655	-10.4236	182.097	0	
41.2894	-11.648	155.327	0	
42.4386	-10.112	167.679	0	
46.0143	-9.94405	157.308	0	
24.954	-9.47358	214.686	0	
25.2025	-12.3582	207.205	0	
-135.751	-9.05861	386.347	0	
-134.405	-7.78884	328.55	0	
-138.772	-7.24166	292.535	0	
-138.756	-8.37067	329.793	0	
-126.482	-9.40932	372.926	0	
-122.3	-13.1993	704.417	0	
-83.3342	-7.81615	297.746	0	
-80.2138	-9.27828	370.574	0	
-105.476	-6.8605	251.375	0	
-104.868	-7.69371	287.416	0	
-33.4216	-10.1822	452.524	0	
-28.6008	-11.1241	499.246	0	
-61.5898	-9.85527	335.603	0	
-58.2852	-9.15022	315.763	0	
36.3919	-8.5398	212.101	0	
38.3943	-7.68084	209.684	0	
45.962	-8.94327	175.465	0	
46.3135	-11.5444	130.721	0	
32.9432	-11.6503	204.286	0	
33.5557	-10.7692	208.059	0	
-150.028	-8.28845	334.486	0	
-148.87	-8.80212	356.625	0	
-148.532	-11.0947	466.877	0	
-146.933	-10.3086	429.653	0	
-124.685	-8.46933	338.405	0	
-117.839	-7.03648	244.579	0	
-45.2605	-11.879	408.513	0	
-41.1022	-9.12015	348.202	0	
-25.7153	-9.69075	420.932	0	
-22.1939	-8.93782	354.051	0	
14.0201	-11.3684	194.997	0	
12.8029	-12.7265	187.464	0	
18.5296	-11.9915	198.908	0	
18.6927	-11.3605	201.344	0	
16.6854	-13.6939	191.103	0	
21.5848	-13.6718	197.383	0	
22.1164	-10.7005	206.513	0	
23.5958	-8.13919	211.694	0	
11.7251	-8.30965	198.483	0	
10.8057	-8.19196	197.654	0	
146.26	-4.35275	203.678	0	
148.409	-5.76613	205.094	0	
145.599	-6.30603	205.24	0	
148.079	-5.40789	204.912	0	
144.423	-7.78204	207.869	0	
148.773	-6.81252	205.974	0	
147.493	-5.84083	204.643	0	
150.245	-6.70972	205.931	0	
143.504	-7.54995	207.574	0	
142.509	-6.0373	205.966	0	
96.4069	-8.13012	192.212	0	
98.3798	-11.0212	194.683	0	
136.443	-12.4476	211.561	0	
138.164	-11.6923	211.753	0	
137.778	-13.0374	209.693	0	
139.837	-9.81839	212.62	0	
143.201	-13.7666	205.15	0	
150.175	-7.99832	206.41	0	
87.7434	-11.5372	217.244	0	
97.4458	-9.66923	193.417	0	
93.2349	-8.13607	196.995	0	
95.1258	-9.39066	195.283	0	
-54.1973	-9.18126	310.522	0	
-50.76	-9.46007	326.03	0	
-143.067	-11.8177	516.977	0	
-141.975	-7.81933	300.458	0	
-144.267	-8.70076	353.067	0	
-139.63	-10.2904	446.818	0	
114.655	-8.35537	189.417	0	
117.637	-11.1301	194.5	0	
-109.652	-5.61062	205.522	0	
-111.823	-6.12369	219.469	0	
74.2964	-8.61858	225.221	0	
79.2022	-16.137	210.09	0	
76.3868	-7.81923	224.903	0	
77.0496	-9.07138	226.253	0	
113.318	-9.35648	187.775	0	
116.339	-8.6399	192.496	0	
83.0063	-6.87819	208.542	0	
82.7073	-8.71183	218.216	0	
-133.379	-10.3666	448.79	0	
-139.193	-5.8748	232.798	0	
-137.623	-9.96003	427.362	0	
-140.469	-8.31364	342.174	0	
-139.54	-8.91731	370.638	0	
-57.9666	-13.9332	399.112	0	
-59.1527	-10.6667	348.806	0	
34.4395	-10.9575	203.678	0	
40.207	-11.0513	171.489	0	
51.4165	-11.8197	106.176	0	
48.8989	-10.9376	129.004	0	
34.3551	-12.7574	188.687	0	
35.8242	-11.9139	188.195	0	
-151.933	-9.3703	374.586	0	
-148.67	-9.97371	400.326	0	
-149.617	-10.1801	421.66	0	
-148.43	-12.9925	549.613	0	
10.0703	-10.2085	191.694	0	
13.2727	-10.7435	193.334	0	
144.12	-8.62135	208.592	0	
148.404	-6.6421	206.005	0	
147.292	-6.80416	205.7	0	
147.148	-7.39508	206.578	0	
98.1175	-10.089	192.828	0	
99.0915	-12.3189	196.886	0	
133.45	-14.5442	208.523	0	
136.053	-15.5126	201.778	0	
139.112	-13.5744	207.668	0	
139.392	-11.2489	211.404	0	
148.02	-8.66763	206.273	0	
144.632	-8.71229	207.968	0	
94.9806	-10.8582	198.471	0	
95.9656	-8.92397	194.123	0	
-53.8162	-12.5629	380.352	0	
-52.6849	-10.2872	333.937	0	
-147.715	-9.43924	390.931	0	
-145.171	-8.47895	347.413	0	
111.123	-10.6801	186.769	0	
110.293	-11.2851	193.134	0	
114.288	-9.46733	189.057	0	
115.315	-11.2314	191.088	0	
-168.298	-3.27016	272.123	0	
-166.44	-2.35302	243.72	0	
34.8677	-11.8986	195.502	0	
36.8634	-9.85491	201.197	0	
-152.489	-11.6135	472.491	0	
-148.909	-11.9612	505.884	0	
-149.652	-10.664	437.727	0	
-150.354	-10.9084	453.734	0	
145.314	-9.37947	207.562	0	
149.464	-12.2576	203.091	0	
148.97	-8.1962	206.192	0	
145.988	-10.2825	206.913	0	
98.4456	-13.6271	201.405	0	
99.7029	-11.748	195.495	0	
99.1834	-10.8598	193.166	0	
100.031	-12.7804	197.78	0	
136.914	-14.165	207.511	0	
141.572	-12.0738	208.55	0	
94.5493	-8.15509	195.42	0	
92.6769	-9.43034	200.448	0	
91.8492	-11.9621	207.962	0	
96.644	-11.7151	198.259	0	
-147.467	-11.5276	485.255	0	
-146.499	-11.1791	476.596	0	
-167.195	-1.85876	246.018	0	
-167.195	-0.933083	250.222	0	
33.3144	-12.6974	195.525	0	
37.8246	-14.3822	151.652	0	
102.319	-11.7891	191.649	0	
100.121	-11.5999	193.075	0	
-166.497	-3.3635	250.763	0	
-163.397	-4.07808	229.845	0	
-167.323	-4.91255	283.018	0	
-165.563	-3.84287	251.662	0	
-164.26	-5.3347	268.105	0	
-165.546	-0.891596	222.643	0	
-166.396	-0.470243	229.939	0	
-168.1	-0.46284	262.082	0	
-169.893	-0.941258	287.226	0	
-169.175	-3.80062	288.973	0	
-168.172	-2.32978	267.753	0	
-74.0954	-8.04873	298.585	0	
-69.3811	-7.22863	270.739	0	
-67.2096	-7.80798	280.194	0	
-66.3713	-10.8927	377.26	0	
54.8116	-10.0908	143.891	0	
52.6994	-9.18599	163.201	0	
51.5604	-9.05833	161.895	0	
55.2588	-8.05112	185.128	0	
-121.35	-9.19187	380.318	0	
-117.777	-11.9996	588.502	0	
-76.2989	-8.76671	334.853	0	
-75.2302	-8.0405	302.508	0	
-95.034	-9.84017	415.34	0	
-93.2041	-9.95854	428.518	0	
-103.213	-4.34474	187.436	0	
-104.261	-5.65143	212.303	0	
-102.962	-6.68908	240.089	0	
-101.816	-5.49175	210.321	0	
-103.378	-7.99598	314.742	0	
-100.896	-7.52581	278.034	0	
-25.6064	-8.49558	365	0	
-24.0785	-7.80017	326.614	0	
71.6769	-8.17414	220.505	0	
73.0383	-8.81975	221.603	0	
149.817	-8.48222	205.802	0	
150.818	-11.3316	202.935	0	
153.406	-7.18737	201.02	0	
151.798	-8.40106	203.993	0	
131.387	-8.07234	216.309	0	
133.844	-8.37114	217.857	0	
130.352	-7.57106	214.16	0	
130.939	-5.84469	210.678	0	
106.137	-9.33031	184.595	0	
109.086	-7.77337	184.844	0	
-56.2208	-10.5071	343.337	0	
-54.4298	-9.64562	322.754	0	
56.3603	-6.07057	211.12	0	
59.3672	-8.34052	180.524	0	
123.655	-8.28621	202.67	0	
121.417	-8.03826	198.52	0	
125.052	-10.0841	206.591	0	
123.321	-12.308	206.626	0	
128.254	-9.95825	212.204	0	
129.401	-8.14776	214.167	0	
126.688	-10.9703	209.684	0	
129.722	-11.1424	214.123	0	
-159.331	-10.6168	410.982	0	
-157.482	-11.1779	438.797	0	
-160.946	-6.95738	299.223	0	
-159.302	-8.65266	346.063	0	
120.561	-10.1515	199.129	0	
122.531	-8.76761	203.447	0	
-16.8932	-10.6966	322.225	0	
-11.0418	-8.02862	195.992	0	
-41.6582	-6.97563	270.16	0	
-40.8242	-8.13834	308.672	0	
-49.4618	-13.653	415.56	0	
-46.8356	-10.3228	358.908	0	
-34.1857	-8.18046	358.613	0	
-32.7834	-7.27922	309.701	0	
-38.5185	-8.01511	318.021	0	
-33.2533	-9.50414	417.245	0	
-34.5441	-7.43707	316.221	0	
-33.4126	-7.74198	331.273	0	
80.6296	-9.93307	225.592	0	
85.7154	-7.82641	209.211	0	
-10.768	-7.4157	190.824	0	
-9.34159	-7.7391	183.505	0	
20.0489	-10.0902	206.814	0	
22.0582	-8.97201	210.28	0	
159.831	-6.0221	162.695	0	
163.211	-3.09347	143.581	0	
36.9432	-11.3334	189.13	0	
36.3293	-12.7122	180.086	0	
42.0531	-12.5834	140.515	0	
45.6647	-12.7765	114.278	0	
-43.8648	-13.5335	460.618	0	
-42.821	-9.73667	367.611	0	
-44.0338	-9.12641	333.633	0	
-43.686	-10.7601	387.9	0	
16.3304	-15.072	186.132	0	
16.8422	-14.6442	188.381	0	
-109.271	-9.30045	357.135	0	
-105.18	-8.04787	308.524	0	
78.6318	-8.86366	226.049	0	
80.152	-9.77777	227.19	0	
86.7908	-7.61571	206.717	0	
88.917	-6.53064	202.056	0	
-141.906	-8.40235	352.48	0	
-143.609	-9.74864	387.457	0	
48.2476	-11.9499	115.498	0	
50.6814	-10.7653	133.184	0	
48.2473	-12.6678	107.95	0	
45.3722	-16.0875	77.0478	0	
49.3956	-11.7772	112.053	0	
49.4944	-12.3045	106.299	0	
137.073	-16.9684	198.621	0	
137.249	-14.6937	203.201	0	
116.794	-11.6412	199.342	0	
116.193	-9.59278	191.117	0	
-154.014	-13.0717	527.772	0	
-150.832	-12.0467	505.987	0	
146.246	-12.1479	206.559	0	
150.959	-8.78803	205.22	0	
92.3994	-14.786	211.668	0	
94.9877	-11.9428	201.335	0	
32.0522	-13.3525	193.171	0	
32.8616	-16.0831	170.534	0	
35.9785	-13.6089	171.51	0	
37.0674	-10.7844	191.708	0	
106.431	-10.8066	190.085	0	
103.141	-9.6098	187.576	0	
-168.09	-6.66295	317.705	0	
-167.135	-7.39228	331.57	0	
-170.169	-3.52137	311.261	0	
-168.091	-5.38426	304.915	0	
-70.3765	-13.0364	463.502	0	
-67.7808	-9.32421	336.138	0	
-69.0889	-9.24234	336.094	0	
-70.3341	-10.295	375.487	0	
-68.7232	-12.2418	428.695	0	
-64.3614	-12.2305	395.581	0	
53.9185	-6.55054	208.734	0	
55.7913	-9.75328	149.653	0	
55.9411	-9.12602	163.463	0	
56.8399	-6.51591	207.743	0	
-115.802	-13.2881	651.87	0	
-118.126	-7.5128	280.09	0	
-76.2762	-10.7132	418.922	0	
-74.7904	-7.74026	292.734	0	
-97.238	-8.57113	336.885	0	
-98.9024	-11.5372	534.087	0	
-94.1646	-10.2818	459.159	0	
-94.6791	-12.2272	582.569	0	
-103.724	-9.83916	405.771	0	
-102.326	-8.31064	310.69	0	
-24.8304	-8.99761	382.706	0	
-23.7813	-10.6159	444.378	0	
-26.6512	-9.04025	400.391	0	
-22.8617	-9.36406	383.515	0	
-24.1079	-11.5151	478.784	0	
-21.4496	-9.36066	373.713	0	
72.4315	-8.18657	221.219	0	
67.838	-8.81613	200.348	0	
149.473	-9.82772	206.207	0	
147.003	-11.03	206.975	0	
129.836	-8.92803	216.042	0	
131.652	-10.7607	216.471	0	
-57.5416	-11.4215	362.122	0	
-57.8597	-12.9892	384.441	0	
59.5656	-6.8486	206.6	0	
57.5963	-7.66522	192.909	0	
126.352	-12.2844	209.932	0	
129.06	-11.8084	214.489	0	
127.318	-12.576	211.309	0	
128.281	-15.7331	203.923	0	
129.907	-12.7302	211.622	0	
129.009	-13.9229	208.078	0	
131.796	-11.2333	215.338	0	
131.123	-9.86548	216.573	0	
-161.001	-9.60344	373.339	0	
-159.898	-14.6198	533.42	0	
-11.0277	-14.749	288.512	0	
-10.044	-8.69913	195.188	0	
-39.7392	-9.51275	371.694	0	
-39.5075	-6.42539	252.825	0	
83.0741	-12.3168	227.593	0	
87.2516	-9.23844	211.439	0	
23.101	-7.40389	212.509	0	
21.3566	-9.48729	209.618	0	
22.102	-11.747	206.426	0	
23.0761	-9.00697	213.215	0	
23.7467	-13.2295	201.639	0	
24.2177	-11.495	208.812	0	
22.5001	-13.7072	197.636	0	
27.7278	-12.174	207.797	0	
-44.6878	-13.0755	441.568	0	
-39.0381	-10.916	445.559	0	
80.7445	-13.7232	225.946	0	
83.8862	-9.04505	217.214	0	
-141.106	-9.62757	421.632	0	
-140.675	-12.5007	569.245	0	
116.496	-13.4904	201.413	0	
119.393	-12.0223	201.461	0	
-154.1	-14.6904	598.274	0	
-151.937	-13.2614	543.983	0	
149.035	-13.9946	200.961	0	
149.19	-10.6502	204.589	0	
36.3909	-14.573	160.089	0	
38.4264	-11.7186	170.63	0	
35.9496	-16.1888	148.062	0	
41.5401	-13.9964	124.955	0	
-169.751	-5.89557	319.124	0	
-169.199	-7.12136	342.684	0	
-165.946	-9.38473	378.546	0	
-164.698	-7.91145	324.416	0	
-171.128	-4.58094	318.654	0	
-169.023	-4.81179	305.382	0	
-172.3	-2.84893	323.232	0	
-171.784	-8.92421	384.38	0	
-105.542	-9.54341	410.425	0	
-96.7639	-14.6041	747.642	0	
-28.6429	-7.9707	348.312	0	
-28.5504	-12.1305	535.776	0	
-22.5715	-12.453	486.134	0	
-21.3624	-10.8955	415.066	0	
56.3165	-10.3683	132.81	0	
59.9246	-9.90427	154.853	0	
130.901	-12.9875	210.997	0	
134.172	-12.5834	211.226	0	
-41.111	-10.8386	403.37	0	
-36.2889	-9.22124	383.963	0	
78.571	-11.9674	229.697	0	
80.2954	-16.1578	205.901	0	
81.7191	-10.3974	225.984	0	
81.3374	-10.7275	226.587	0	
-156.101	-15.0862	590.255	0	
-150.002	-17.8915	746.328	0	
-23.5672	-14.4047	546.791	0	
-19.5398	-13.985	454.527	0	
-21.1164	-13.3522	477.03	0	
-19.1965	-12.9467	427.645	0	
130.285	-15.9435	201.604	0	
131.622	-12.2572	212.995	0	
81.4105	-13.5534	226.124	0	
83.1621	-13.607	225.514	0	
131.282	-16.442	199.809	0	
132.59	-14.6824	205.24	0	
-88.7698	-11.2519	514.121	0	
-89.8019	-8.40729	337.608	0	
-0.155742	-8.60906	183.457	0	
2.84912	-11.9416	182.262	0	
-99.2675	-9.7274	412.553	0	
-96.8015	-10.3947	480.796	0	
-8.99942	-12.3544	226.005	0	
-2.88816	-12.5597	190.022	0	
-115.052	-6.8157	247.541	0	
-117.74	-8.16964	315.715	0	
-20.3573	-5.89349	237.065	0	
-20.6973	-9.17795	327.577	0	
63.291	-8.33653	184.735	0	
63.0425	-10.3727	156.027	0	
156.567	-7.67856	185.75	0	
157.84	-9.82516	185.448	0	
161.053	-7.76953	168.75	0	
161.683	-4.49841	149.407	0	
25.7319	-14.2263	200.731	0	
27.9142	-14.8486	196.457	0	
-79.079	-9.02355	358.459	0	
-82.2552	-8.95818	349.045	0	
-124.929	-10.8388	490.676	0	
-122.117	-11.3843	534.382	0	
9.01058	-10.4311	189.527	0	
8.579	-11.115	188.18	0	
109.108	-13.1202	195.764	0	
113.005	-11.9854	191.127	0	
141.804	-14.7866	202.326	0	
142.119	-14.1842	204.218	0	
103.612	-12.3091	190.786	0	
-170.973	-1.50325	314.455	0	
107.765	-10.5665	188.868	0	
119.093	-10.7017	198.167	0	
120.283	-11.7684	199.553	0	
162.437	-5.52304	154.156	0	
164.135	-6.28644	163.06	0	
39.8401	-14.2677	139.395	0	
47.6744	-14.6698	80.1988	0	
46.4513	-17.6172	60.0751	0	
51.9854	-14.5443	66.6291	0	
133.922	-18.5853	192.808	0	
137.13	-21.1186	188.115	0	
30.1358	-16.1464	182.462	0	
35.8724	-15.3731	155.981	0	
-72.2726	-10.8351	414.476	0	
-73.3652	-12.5702	460.787	0	
-63.8933	-14.095	431.983	0	
-61.231	-11.9012	370.995	0	
-76.8144	-11.0795	436.767	0	
-75.5381	-11.0761	433.711	0	
-163.67	-8.05288	338.388	0	
-160.49	-12.4169	463.423	0	
-158.579	-13.7715	510.919	0	
-159.268	-13.4446	499.699	0	
85.1197	-8.40541	209.8	0	
83.5436	-12.4981	225.727	0	
19.9823	-13.8582	195.677	0	
22.8384	-15.8251	191.659	0	
-45.7415	-15.3393	467.766	0	
-33.4899	-11.8514	513.483	0	
-144.942	-10.8652	465.789	0	
-144.521	-11.3121	495.302	0	
147.337	-16.1546	198.508	0	
154.892	-13.9611	197.616	0	
-176.251	-9.41365	398.075	0	
-167.35	-13.8952	457.846	0	
-165.964	-11.113	409.849	0	
-163.193	-9.73107	378.471	0	
-172.233	-7.30786	350.149	0	
-169.86	-8.78611	364.27	0	
53.8253	-13.9949	73.5761	0	
58.3258	-15.5281	55.3267	0	
-38.3141	-16.3112	578.897	0	
-37.2706	-10.8303	453.283	0	
85.1183	-14.6898	223.657	0	
84.7509	-11.4029	223.722	0	
82.1795	-14.6248	223.869	0	
88.3565	-16.4115	216.257	0	
85.3603	-14.025	225.213	0	
84.699	-12.818	224.919	0	
87.0629	-16.3323	222.307	0	
86.7836	-9.76525	212.485	0	
86.4007	-15.3248	220.759	0	
87.5903	-10.8502	212.974	0	
92.0355	-13.0471	210.1	0	
86.1646	-11.738	219.896	0	
86.7596	-14.2929	223.621	0	
89.6682	-14.9882	215.963	0	
87.7909	-14.1326	219.897	0	
93.6449	-10.3962	200.697	0	
89.4213	-11.4799	212.796	0	
88.9563	-10.1228	208.48	0	
90.1445	-12.6722	214.182	0	
91.1498	-9.61043	203.983	0	
90.867	-12.673	211.36	0	
93.5095	-11.0136	202.661	0	
91.6877	-8.8156	200.984	0	
88.4835	-8.12055	203.978	0	
131.829	-17.82	196.613	0	
136.225	-19.3907	191.548	0	
-5.24051	-10.1982	189.984	0	
0.873699	-14.5083	185.119	0	
155.375	-7.08018	191.581	0	
155.451	-8.9684	192.084	0	
155.972	-12.5619	195.12	0	
163.873	-10.8556	183.421	0	
161.732	-8.83426	172.364	0	
162.889	-8.65792	173.571	0	
-83.0753	-15.7086	685.228	0	
-80.1977	-9.98044	388.597	0	
12.3183	-13.8475	183.932	0	
11.1248	-10.9274	191.76	0	
-174.591	-0.592869	333.875	0	
-170.973	-2.62722	301.18	0	
104.54	-13.5001	194.2	0	
109.261	-16.3731	195.718	0	
125.999	-15.5701	201.413	0	
121.807	-13.0139	204.008	0	
164.313	-7.96932	170.392	0	
165.742	-6.69437	169.123	0	
38.3831	-16.7851	121.578	0	
44.6733	-18.5802	65.8904	0	
44.3033	-15.8293	87.6333	0	
43.9429	-20.4108	61.4118	0	
-69.6067	-14.1504	484.66	0	
-66.5964	-11.5896	399.995	0	
-79.171	-11.503	466.579	0	
-72.8449	-24.6616	677.026	0	
-144.608	-13.1688	585.696	0	
-142.003	-13.3725	621.307	0	
149.727	-11.4655	204.549	0	
151.289	-13.3151	201.041	0	
153.852	-15.6128	200.214	0	
154.819	-11.518	195.785	0	
85.6227	-17.6783	217.239	0	
95.0756	-17.5657	208.87	0	
89.8863	-13.9154	218.068	0	
91.2762	-15.5885	213.489	0	
129.491	-17.2578	196.78	0	
130.047	-20.9154	187.052	0	
132.17	-18.7594	192.228	0	
134.685	-23.5482	183.889	0	
155.809	-9.50424	191.397	0	
156.719	-10.493	189.333	0	
159.625	-12.0519	188.278	0	
158.147	-11.8459	189.212	0	
-79.7033	-15.0789	624.147	0	
-76.2746	-13.956	539.976	0	
11.7333	-14.2885	183.409	0	
13.5608	-12.9834	188.855	0	
-177.308	-0.673031	349.66	0	
-173.835	-4.50986	341.14	0	
-146.997	-13.6999	604.143	0	
-144.862	-16.3727	729.404	0	
-142.296	-14.3503	678.826	0	
-137.639	-12.6262	605.391	0	
146.801	-17.7124	200.09	0	
153.495	-19.5088	204.627	0	
84.8608	-15.9963	222.935	0	
91.0513	-28.0867	173.11	0	
88.7286	-18.3154	211.154	0	
99.218	-14.3602	201.564	0	
167.262	-10.4019	192.338	0	
167.576	-7.36339	182.961	0	
-173.326	-2.31782	326.118	0	
-172.251	-4.28777	328.951	0	
88.4677	-23.1583	193.355	0	
95.5506	-25.4623	180.715	0	
27.8634	-16.2388	189.326	0	
29.0389	-18.153	175.54	0	
-84.8199	-8.23027	323.508	0	
-84.5404	-9.46308	390.789	0	
-36.4594	-11.5406	477.189	0	
-33.5953	-12.9383	544.96	0	
74.9082	-10.2576	223.389	0	
73.7179	-14.7989	173.472	0	
-139.689	-12.6216	604.595	0	
-137.964	-15.9177	757.213	0	
-149.035	-14.3286	609.383	0	
-145.727	-15.3914	682.173	0	
97.2031	-15.5976	206.593	0	
103.104	-15.5738	201.49	0	
-51.2389	-14.8846	425.159	0	
-50.3631	-18.8457	452.688	0	
-111.703	-9.73161	395.513	0	
-108.754	-13.6923	701.989	0	
65.8778	-10.6452	165.192	0	
67.5851	-11.757	160.413	0	
-61.2862	-14.8432	423.772	0	
-52.5538	-16.0983	425.96	0	
114.412	-12.122	197.513	0	
120.376	-17.0715	196.821	0	
-31.0249	-10.1944	440.053	0	
-27.9178	-9.50825	431.4	0	
-15.9959	-13.9019	373.96	0	
-16.7087	-13.2532	380.63	0	
-89.2429	-13.4916	638.476	0	
-84.8164	-12.8043	575.238	0	
-100.632	-12.7384	622.649	0	
-95.7073	-14.0735	683.047	0	
-11.7913	-12.3378	270.08	0	
-6.24554	-15.4627	231.194	0	
107.99	-12.6219	190.957	0	
114.696	-15.6835	194.441	0	
111.211	-13.3796	195.774	0	
114.128	-14.527	200.205	0	
138.425	-15.2452	201.035	0	
144.814	-18.8904	195.904	0	
35.2736	-16.8803	146.925	0	
40.3938	-17.5722	104.12	0	
-67.3648	-16.5584	502.354	0	
-62.3569	-15.8408	443.811	0	
-64.8461	-18.4	491.553	0	
-63.843	-18.611	483.252	0	
-60.7881	-21.8372	477.233	0	
-60.5153	-15.5355	435.219	0	
-157.712	-15.5964	579.873	0	
-155.88	-13.3654	510.628	0	
-159.574	-16.2048	574.432	0	
-152.756	-19.7361	737.581	0	
-161.885	-16.3574	544.833	0	
-160.884	-18.2621	608.696	0	
-163.447	-14.9907	509.636	0	
-164.136	-20.7783	612.752	0	
-159.372	-22.67	698.469	0	
-159.513	-17.1165	593.969	0	
17.5068	-13.1676	193.544	0	
23.2189	-18.4796	184.824	0	
23.6272	-17.1899	187.298	0	
23.0152	-14.9585	194.659	0	
-168.991	-11.3327	412.207	0	
-166.189	-17.0959	526.694	0	
-5.14677	-11.9096	195.719	0	
-0.230546	-14.3472	190.182	0	
-74.1226	-15.0753	558.024	0	
-70.1793	-14.5465	495.76	0	
-68.1876	-15.5933	493.216	0	
-67.2191	-17.3361	508.455	0	
9.24004	-16.5163	178.531	0	
11.9027	-17.3924	177.976	0	
-175.887	-1.2659	345.375	0	
-139.053	-14.1089	685.171	0	
-139.154	-15.3945	754.104	0	
25.619	-17.2568	186.521	0	
25.9548	-19.6816	176.913	0	
32.1872	-20.4252	149.081	0	
31.3497	-15.8424	179.176	0	
-39.7442	-13.5462	496.688	0	
-35.3828	-17.5489	613.299	0	
-150.448	-15.5667	646.119	0	
-152.307	-17.9018	688.535	0	
-146.943	-15.1969	674.249	0	
-146.23	-17.273	752.216	0	
-145.822	-19.0198	813.492	0	
-144.763	-17.051	766.19	0	
-149.762	-19.3094	765.126	0	
-144.154	-20.0799	866.616	0	
-143.736	-18.9226	835.857	0	
-145.263	-22.4103	897.345	0	
114.97	-13.3519	193.189	0	
112.952	-14.4683	194.04	0	
112.534	-17.439	198.05	0	
116.047	-15.7102	201.005	0	
113.99	-16.9122	198.548	0	
113.567	-19.6702	197.712	0	
111.658	-16.6594	195.872	0	
115.986	-18.8374	198.755	0	
114.576	-18.4598	193.216	0	
118.872	-21.6137	185.162	0	
31.9752	-17.3441	166.871	0	
37.5502	-18.5422	119.452	0	
36.6529	-17.8296	131.33	0	
35.9559	-20.3425	121.649	0	
-154.842	-18.7099	693.516	0	
-157.273	-17.3049	626.873	0	
-162.335	-19.6769	613.023	0	
-155.369	-19.5264	708.733	0	
15.0841	-15.5832	183.736	0	
18.9112	-14.5976	191.723	0	
17.876	-15.7129	186.917	0	
23.2274	-19.1403	181.349	0	
-7.53976	-11.503	206.956	0	
-3.61003	-14.4107	206.379	0	
-5.05015	-12.7384	203.503	0	
-1.76589	-17.3241	208.333	0	
-74.9934	-15.6557	574.806	0	
-71.1589	-20.7634	605.555	0	
-68.6281	-17.3929	528.525	0	
-70.7272	-19.0723	577.773	0	
6.5936	-17.7465	180.092	0	
10.5315	-16.6596	178.763	0	
13.6022	-21.7212	179.382	0	
14.1015	-17.516	179.574	0	
-180.008	-0.71077	363.254	0	
-175.887	-2.61196	343.061	0	
23.8911	-23.0138	174.108	0	
27.3566	-23.5796	162.132	0	
-33.1172	-18.8857	633.972	0	
-28.4452	-14.5779	594.693	0	
106.262	-13.2172	192.389	0	
108.404	-18.1845	195.434	0	
113.158	-21.9759	193.378	0	
114.039	-21.2026	188.29	0	
-151.226	-20.2668	788.789	0	
-151.235	-16.243	674.374	0	
-161.96	-22.8848	669.812	0	
-154.316	-20.2445	743.24	0	
13.375	-17.303	178.812	0	
16.6761	-17.3558	182.311	0	
21.7207	-18.2635	184.665	0	
15.6022	-19.6224	179.158	0	
-69.2775	-17.8664	542.771	0	
-75.5868	-17.4379	625.773	0	
-70.282	-21.0055	597.617	0	
-70.0264	-21.9842	599.234	0	
6.19112	-19.0341	183.22	0	
9.15249	-17.6256	177.702	0	
21.99	-21.8539	177.226	0	
14.2221	-20.5086	178.384	0	
-183.27	-0.807917	371.521	0	
-177.258	-3.4128	358.2	0	
103.86	-14.0269	198.224	0	
106.034	-16.8698	203.152	0	
110.83	-19.4362	197.473	0	
116.85	-27.1451	176.939	0	
122.59	-25.2614	179.048	0	
116.647	-20.6356	188.488	0	
-150.814	-22.5571	831.288	0	
-147.594	-20.7608	840.602	0	
-159.866	-25.4504	726.123	0	
-146.176	-25.0555	916.281	0	
14.7217	-18.6208	179.067	0	
15.8814	-17.008	181.73	0	
3.60092	-18.6328	188.607	0	
11.7177	-23.5385	183.208	0	
15.7114	-22.9559	179.989	0	
17.3936	-26.9677	185.903	0	
-178.49	-2.77751	359.694	0	
-179.075	-5.39287	372.301	0	
105.036	-20.472	192.503	0	
110.663	-20.4679	193.275	0	
127.68	-17.6802	195.077	0	
120.716	-19.0837	194.416	0	
12.4558	-21.3088	179.03	0	
14.0939	-22.0538	179.988	0	
-183.089	-6.50067	380.94	0	
-180.559	-7.21116	391.278	0	
10.1645	-22.7421	182.232	0	
10.4455	-21.8209	181.844	0	
6.53879	-25.6768	201.385	0	
9.39206	-24.6145	190.872	0	
8.67878	-23.4877	186.307	0	
13.1295	-23.7669	183.178	0	
11.3427	-29.6918	206.115	0	
16.6311	-25.6272	183.819	0	
13.67	-26.0077	187.575	0	
12.7294	-27.5875	193.429	0	
16.1215	-24.8556	182.969	0	
17.6422	-22.1362	180.157	0	
122.73	-14.0791	203.82	0	
126.555	-21.2974	186.227	0	
-30.8616	-14.9028	606.702	0	
-24.9756	-17.9954	605.503	0	
76.4181	-19.4878	152.662	0	
83.4086	-17.7669	214.355	0	
143.831	-17.3845	196.918	0	
146.849	-12.5242	203.876	0	
141.269	-16.7563	199.344	0	
150.158	-16.0239	199.429	0	
143.722	-15.3942	202.475	0	
148.016	-18.3961	197.14	0	
146.274	-20.4584	196.071	0	
150.689	-19.7656	202.706	0	
149.841	-17.5726	201.186	0	
148.869	-15.2896	202.31	0	
151.13	-18.3976	199.642	0	
152.45	-16.2441	199.897	0	
148.943	-21.5283	201.053	0	
151.918	-22.548	205.846	0	
146.886	-24.3527	198.629	0	
152.936	-20.4845	205.289	0	
159.431	-17.4163	207.727	0	
156.373	-11.8753	192.049	0	
49.9209	-17.8153	46.0804	0	
56.9557	-14.4301	67.708	0	
42.2533	-20.7058	72.1892	0	
48.4307	-21.8969	34.9719	0	
141.994	-27.0228	191.479	0	
144.206	-20.4353	194.143	0	
157.006	-16.4646	200.081	0	
158.057	-19.3832	209.607	0	
91.1789	-17.9806	216.116	0	
99.3001	-16.4567	205.344	0	
-52.6351	-13.1474	392.736	0	
-47.7199	-16.5758	462.036	0	
-50.6613	-16.8506	439.718	0	
-44.2818	-19.0571	513.798	0	
-114.871	-12.3279	615.906	0	
-114.639	-15.153	789.256	0	
-108.832	-16.1663	845.567	0	
-104.404	-11.6875	532.006	0	
-12.8809	-14.273	316.564	0	
-13.5977	-10.9758	264.53	0	
-141.856	-24.4199	964.844	0	
-136.792	-19.3739	908.19	0	
32.4362	-22.4754	137.805	0	
39.0277	-20.4536	89.8234	0	
-2.03879	-19.0761	218.116	0	
-2.32874	-16.3094	202.175	0	
-73.0082	-20.3525	635.459	0	
-73.7068	-17.2689	592.692	0	
-70.5274	-23.4894	620.273	0	
-71.2389	-24.1961	643.763	0	
-66.0505	-24.55	564.418	0	
-65.02	-21.119	514.253	0	
-181.563	-1.51869	375.413	0	
101.401	-14.9505	201.27	0	
102.046	-17.3958	200.736	0	
-157.781	-24.5509	743.38	0	
-154.552	-26.015	818.762	0	
-178.106	-16.8509	452.493	0	
-175	-11.9411	414.184	0	
16.4725	-26.7122	186.005	0	
16.5552	-23.603	181.477	0	
2.88032	-35.3661	263.94	0	
16.463	-31.9718	199.33	0	
121.305	-15.239	200.375	0	
123.161	-19.7436	189.856	0	
125.677	-17.2495	200.082	0	
128.891	-23.496	181.707	0	
138.647	-21.8245	188.333	0	
144.921	-19.9172	196.008	0	
47.9384	-23.3714	34.3883	0	
49.0024	-19.4411	40.2666	0	
51.5731	-19.1225	35.1474	0	
47.2265	-17.2355	59.3399	0	
-57.9797	-17.0063	425.5	0	
-52.9624	-16.8523	427.227	0	
-115.87	-21.4687	1042.19	0	
-111.792	-18.2465	957.538	0	
-17.0201	-15.0927	420.578	0	
-20.9203	-17.1777	534.653	0	
42.0553	-30.2644	51.0803	0	
34.4506	-23.1883	120.961	0	
39.3607	-23.8103	79.7912	0	
40.9749	-25.7224	61.6084	0	
-74.8996	-23.2083	704.423	0	
-74.233	-27.0106	720.476	0	
-72.1405	-29.7971	696.859	0	
-68.9935	-29.89	641.469	0	
-67.9007	-27.6219	619.507	0	
-61.7995	-32.2635	567.273	0	
-186.51	-0.853077	377.503	0	
-184.747	-1.66099	383.818	0	
103.965	-21.3264	204.374	0	
106.039	-18.0798	195.854	0	
18.8092	-29.2135	187.864	0	
22.7653	-27.5861	174.013	0	
122.993	-16.8016	199.395	0	
125.794	-22.5072	183.458	0	
141.312	-22.1167	191.058	0	
144.44	-23.572	194.981	0	
-61.4836	-18.8467	465.57	0	
-54.2292	-18.647	439.155	0	
-3.16701	-21.5457	239.723	0	
-14.611	-15.2356	366.231	0	
-85.7087	-22.9488	890.317	0	
-76.1202	-29.9471	771.671	0	
-73.7994	-24.4239	691.171	0	
-76.1229	-22.0676	712.033	0	
-74.5244	-28.8493	737.212	0	
-71.2223	-30.8393	691.546	0	
-67.205	-31.0516	619.996	0	
-67.605	-26.6789	592.84	0	
-190.424	-0.969457	379.833	0	
-183.211	-4.0966	382.166	0	
19.7828	-31.3051	189.096	0	
21.9928	-29.1801	178.297	0	
142.277	-21.4587	192.201	0	
135.369	-25.0177	181.537	0	
-184.688	-3.33384	376.195	0	
-190.242	-7.1988	387.834	0	
21.5435	-32.2058	184.183	0	
23.7868	-31.3467	173.562	0	
139.566	-22.222	188.813	0	
146.156	-28.386	204.558	0	
-185.37	-6.82375	387.029	0	
-180.153	-13.6406	421.13	0	
20.2852	-34.6279	196.605	0	
32.7041	-38.5406	119.114	0	
24.8849	-33.2625	169.322	0	
28.2211	-29.4437	151.209	0	
-24.4204	-19.8231	604.756	0	
-21.0393	-15.1034	508.563	0	
172.892	-8.84677	221.092	0	
169.074	-5.04509	182.622	0	
123.031	-24.2657	179.273	0	
127.846	-25.9804	176.678	0	
70.8228	-12.1444	173.979	0	
73.9204	-19.0324	127.657	0	
-141.077	-19.1698	863.337	0	
-133.038	-20.8405	983.017	0	
22.9181	-21.8549	176.937	0	
24.8891	-24.281	169.965	0	
19.654	-25.2609	180.794	0	
23.4262	-25.6221	172.579	0	
22.9183	-29.6757	175.939	0	
26.1572	-31.4566	160.589	0	
30.5253	-24.5267	143.102	0	
31.0145	-20.0843	157.453	0	
28.0866	-26.8002	154.411	0	
33.0643	-23.3518	128.982	0	
77.7928	-25.3718	108.228	0	
80.9874	-20.4301	183.293	0	
148.759	-25.1194	203.58	0	
151.278	-23.3506	206.746	0	
55.5211	-17.7368	36.9322	0	
55.3097	-19.2401	30.5074	0	
158.993	-18.6992	210.076	0	
162.121	-12.68	190.342	0	
159.644	-14.3545	196.357	0	
164.002	-13.0867	196.34	0	
92.5918	-20.3446	204.655	0	
97.3431	-19.2217	208.606	0	
-50.8157	-19.7845	453.157	0	
-48.542	-21.1267	474.513	0	
-111.215	-15.2225	778.639	0	
-102.473	-20.0514	984.18	0	
-7.20196	-15.8286	246.707	0	
-6.71137	-18.4327	261.335	0	
0.227478	-20.4328	206.666	0	
1.84042	-21.725	204.186	0	
48.1947	-26.0758	28.0581	0	
49.9565	-21.5774	31.6544	0	
47.32	-28.0056	30.0729	0	
52.4816	-26.2538	19.887	0	
50.9011	-14.9853	62.1776	0	
50.8101	-21.8059	29.4311	0	
52.6674	-21.4226	26.7442	0	
52.8085	-17.1223	44.5369	0	
52.3656	-24.0088	22.4144	0	
59.4277	-27.0284	18.2871	0	
-57.477	-28.3762	500.965	0	
-52.5082	-24.3091	462.891	0	
102.873	-23.8916	200.089	0	
111.028	-23.9198	184.694	0	
-81.2309	-28.3068	855.411	0	
-72.3554	-35.6878	734.914	0	
-76.3124	-26.0096	754.162	0	
-79.3609	-19.8655	727.883	0	
-188.376	-1.82253	387.676	0	
140.628	-25.9644	190.734	0	
134.18	-27.3591	180.97	0	
145.115	-30.1735	205.902	0	
155.167	-28.5284	229.666	0	
-23.8927	-20.6753	588.923	0	
-20.833	-21.5725	550.427	0	
167.114	-9.27042	190.604	0	
169.717	-8.14373	196.878	0	
174.86	-8.26239	234.04	0	
171.13	-6.12955	202.576	0	
124.979	-28.6196	175.183	0	
132.36	-25.3561	179.853	0	
65.6977	-17.3332	70.0395	0	
70.6093	-17.7949	110.637	0	
71.8694	-20.4178	90.1046	0	
77.48	-20.3346	151.719	0	
33.643	-31.8053	111.634	0	
29.7343	-26.1387	144.92	0	
88.1308	-24.8809	172.559	0	
88.8327	-26.2213	177.805	0	
-50.9055	-23.0165	468.571	0	
-48.3842	-25.9437	495.876	0	
-10.932	-21.9246	344.413	0	
-4.78761	-29.4005	288.786	0	
0.521112	-21.5443	210.387	0	
0.907303	-29.9475	246.778	0	
45.2034	-29.4507	37.4775	0	
49.2745	-33.7099	26.0752	0	
-82.392	-37.64	892.129	0	
-74.8255	-34.469	774.643	0	
-194.312	-1.02366	379.892	0	
-192.197	-1.99311	389.245	0	
132.203	-24.1621	182.428	0	
135.592	-28.4432	182.621	0	
153.99	-29.6185	229.146	0	
161.815	-28.4177	254.846	0	
153.466	-26.4223	216.761	0	
153.639	-23.2932	210.875	0	
-27.4046	-18.3915	630.974	0	
-22.2175	-25.1969	557.058	0	
-20.2605	-22.3796	527.18	0	
-15.6518	-16.4386	404.684	0	
165.517	-15.367	214.94	0	
168.112	-16.6378	226.934	0	
63.3493	-12.0666	116.044	0	
60.3016	-20.6771	29.7566	0	
-7.50543	-23.1648	302.385	0	
-3.01042	-24.9244	260.112	0	
-199.008	-1.16333	377.6	0	
-194.241	-5.35766	388.844	0	
130.324	-28.6364	178.452	0	
132.77	-33.1359	182.888	0	
-18.6106	-24.2647	507.292	0	
-15.2547	-20.9175	430.939	0	
163.486	-16.542	210.161	0	
166.964	-20.4943	239.661	0	
176.509	-14.658	261.154	0	
171.932	-12.2947	229.508	0	
-192.126	-4.00045	380.787	0	
-192.148	-8.72571	394.829	0	
130.509	-30.7028	176.767	0	
141.654	-29.1522	194.978	0	
-23.3568	-26.1182	554.976	0	
-13.1904	-33.5585	409.728	0	
-189.584	-12.2259	408.787	0	
-187.186	-8.40345	398.472	0	
-154.87	-30.1497	841.417	0	
-155.724	-25.2549	786.921	0	
119.105	-27.2001	175.18	0	
124.706	-26.3653	177.577	0	
-114.543	-24.5457	1093.12	0	
-111.716	-25.7224	1099.34	0	
40.1596	-28.0823	63.1992	0	
45.6023	-25.7236	37.4076	0	
-69.5876	-38.6856	702.429	0	
-66.4742	-39.5999	678.712	0	
-63.8446	-36.1982	618.451	0	
-60.4931	-29.9655	536.054	0	
31.518	-26.3201	132.407	0	
32.2587	-32.1286	120.152	0	
161.556	-21.6563	224.375	0	
164.277	-22.9676	238.169	0	
-104.081	-20.0887	985.589	0	
-104.872	-27.9181	1099.03	0	
126.058	-31.6341	173.948	0	
128.651	-34.0984	178.149	0	
68.9561	-18.7974	84.6866	0	
68.1429	-23.555	48.3857	0	
-48.4966	-27.3716	496.63	0	
-47.1161	-28.3173	511.552	0	
-196.551	-2.18699	386.489	0	
134.99	-36.4101	196.001	0	
140.387	-34.3314	199.788	0	
-196.611	-9.48352	391.132	0	
-196.381	-12.0749	390.468	0	
-189.149	-15.193	410.772	0	
-184.431	-14.1848	417.747	0	
117.849	-31.1766	170.031	0	
123.02	-29.8886	174.015	0	
40.0834	-32.2332	64.948	0	
48.5101	-37.7127	31.9667	0	
-68.4158	-34.439	670.955	0	
-57.8719	-40.8782	610.6	0	
-61.2725	-26.8314	512.859	0	
-64.8375	-27.3281	568.608	0	
32.7876	-34.4832	117.859	0	
38.2788	-35.0283	77.4976	0	
120.278	-31.0156	172.12	0	
124.667	-38.5171	179.725	0	
129.675	-37.0538	186.384	0	
133.09	-29.6702	180.165	0	
64.4357	-20.6191	42.6746	0	
69.0382	-27.9409	40.2624	0	
68.5798	-36.5879	32.6942	0	
78.1375	-32.5048	77.2305	0	
-53.6158	-34.9958	540.174	0	
-47.4519	-34.5661	539.386	0	
-39.7763	-30.5202	551.278	0	
-34.2003	-28.6484	585.152	0	
-203.675	-9.11706	376.765	0	
-198.874	-8.48637	382.124	0	
139.152	-44.7045	228.333	0	
146.866	-39.9057	236.903	0	
142.737	-33.0215	206.695	0	
152.853	-33.1829	235.162	0	
-201.173	-2.41531	381.373	0	
-201.064	-10.0161	384.192	0	
-193.994	-12.9501	400.917	0	
-186.983	-22.796	445.936	0	
117.719	-34.1915	169.089	0	
123.759	-34.4905	174.629	0	
35.8529	-32.4049	95.7755	0	
40.2977	-39.8913	71.5075	0	
-64.9197	-32.6379	606.024	0	
-59.9452	-38.3395	601.533	0	
-58.5424	-38.8761	601.626	0	
-59.7758	-33.3319	559.071	0	
-54.9078	-39.3004	581.53	0	
-55.9669	-37.3339	572.644	0	
-51.5819	-37.4552	557.786	0	
-53.8433	-33.2284	535.259	0	
-58.541	-33.3473	553.696	0	
-55.6146	-33.1741	535.844	0	
-47.6692	-37.6977	551.576	0	
-49.8676	-29.67	505.476	0	
25.8821	-35.9008	166.557	0	
26.5226	-40.3727	163.771	0	
123.55	-39.7336	181.245	0	
128.441	-38.0705	186.735	0	
127.038	-37.5028	181.585	0	
136.587	-41.2463	210.072	0	
-206.398	-5.43989	371.079	0	
-203.711	-1.25197	373.017	0	
-198.083	-17.4332	397.058	0	
-193.572	-15.4113	403.841	0	
-206.689	-11.7265	376.621	0	
-200.918	-12.632	384.724	0	
113.775	-33.6629	171.094	0	
119.551	-37.4394	172.865	0	
35.0772	-35.0851	99.7514	0	
35.2662	-38.9296	100.058	0	
-52.0526	-41.4977	582.363	0	
-38.2642	-38.3445	558.016	0	
-198.947	-5.95867	384.597	0	
-201.111	-4.88397	376.173	0	
-203.109	-14.2434	384.035	0	
-199.391	-27.3957	411.887	0	
-195.546	-18.2758	405.716	0	
-193.728	-24.3252	428.432	0	
-209.207	-7.07838	370.953	0	
-207.998	-17.4334	380.388	0	
35.8816	-41.4321	99.9908	0	
40.9945	-43.4845	73.2449	0	
-49.4926	-38.9294	561.283	0	
-44.0973	-35.6419	545.287	0	
-191.216	-19.7392	418.116	0	
-194.136	-20.9502	417.941	0	
-211.094	-19.2763	372.491	0	
-202.781	-17.1204	387.092	0	
-37.2994	-23.8113	600.365	0	
-27.036	-24.0599	609.74	0	
-166.491	-22.1491	598.191	0	
-175.85	-31.8698	570.546	0	
-152.86	-34.4558	861.427	0	
-141.509	-40.3104	966.486	0	
7.58741	-37.5686	257.94	0	
14.6449	-40.5528	237.309	0	
59.7236	-32.5767	18.2605	0	
52.8341	-22.9853	22.8748	0	
98.8972	-21.263	207.621	0	
98.8548	-34.6884	152.712	0	
104.464	-27.2227	189.795	0	
111.105	-27.5418	177.631	0	
-89.7129	-20.0396	881.939	0	
-90.2925	-31.11	1002.49	0	
86.6832	-22.8249	185.989	0	
84.7402	-27.1106	144.988	0	
-0.669466	-30.7614	268.535	0	
5.48245	-31.815	233.613	0	
44.1966	-42.8309	58.2983	0	
59.5382	-35.3455	19.4638	0	
170.516	-20.9756	259.239	0	
175.036	-17.7139	271.789	0	
177.403	-15.7509	278.611	0	
179.104	-11.0739	273.353	0	
-119.385	-23.2503	1072.21	0	
-117.148	-24.186	1086.91	0	
-123.655	-19.2901	962.106	0	
-119.345	-26.7593	1110.08	0	
-122.163	-28.9757	1114.14	0	
-117.492	-25.4511	1098.36	0	
-129.806	-31.2309	1093.13	0	
-120.819	-35.4884	1118.89	0	
-112.965	-31.5372	1126.9	0	
-108.909	-28.924	1116.78	0	
-117.223	-28.9233	1124.54	0	
-110.25	-36.5774	1119.04	0	
-106.589	-35.3108	1111.9	0	
-104.779	-26.3335	1092.35	0	
-80.3005	-43.1792	874.216	0	
-68.4205	-53.7618	739.976	0	
169.137	-27.4438	273.586	0	
163.049	-23.8734	239.612	0	
-100.023	-21.4564	1004.84	0	
-104.887	-22.7478	1049.15	0	
61.1514	-20.0989	34.1451	0	
66.5312	-22.9779	43.1117	0	
58.1153	-21.5092	24.1989	0	
65.5555	-20.4959	48.4444	0	
65.2833	-24.8075	33.3385	0	
69.9495	-22.6158	63.7884	0	
64.1679	-27.3134	25.168	0	
67.1183	-27.7141	34.0207	0	
58.6831	-24.2016	20.3399	0	
61.9172	-24.6786	23.6298	0	
56.5239	-26.5152	17.6721	0	
52.6782	-29.7628	18.7951	0	
-38.3947	-30.4729	563.617	0	
-35.5641	-24.5239	597.088	0	
-41.2463	-23.7008	549.409	0	
-40.6307	-24.8678	555.867	0	
24.9071	-40.9313	189.744	0	
29.9443	-49.5333	165.053	0	
121.175	-42.2337	179.397	0	
119.606	-43.0181	176.956	0	
128.043	-40.675	191.026	0	
128.581	-42.2384	194.75	0	
-206.398	-2.64794	374.207	0	
40.0345	-44.8294	83.0859	0	
51.7345	-42.2263	33.1075	0	
-183.536	-29.0815	484.378	0	
-179.593	-20.349	475.339	0	
-207.697	-26.2486	382.881	0	
-200.176	-19.2487	394.308	0	
-205.416	-19.0889	384.712	0	
-204.73	-23.4379	389.277	0	
48.1159	-27.664	27.8997	0	
50.704	-31.0368	22.1896	0	
80.906	-26.4163	128.815	0	
85.3779	-29.9564	127.956	0	
-10.242	-28.4293	365.957	0	
-14.4041	-35.1692	423.567	0	
166.304	-24.7742	253.382	0	
175.815	-26.2155	296.35	0	
175.804	-21.9009	283.044	0	
181.667	-22.6963	309.513	0	
-102.663	-36.6786	1091.45	0	
-107.39	-31.3228	1117.85	0	
-94.4854	-28.6409	1038.86	0	
-99.7205	-26.5364	1067.83	0	
63.4375	-27.7743	22.5283	0	
61.948	-23.6885	25.131	0	
56.6627	-31.3774	17.0119	0	
57.3356	-26.338	17.5545	0	
55.0849	-36.7825	21.6099	0	
75.0147	-32.9753	57.5903	0	
56.4292	-32.3636	17.5047	0	
62.9288	-32.1516	20.8922	0	
-36.543	-36.3966	554.447	0	
-27.1725	-38.3263	538.927	0	
-31.0198	-26.7789	602.156	0	
-32.2621	-19.7331	633.588	0	
131.382	-45.8936	208.256	0	
138.505	-47.9156	234.376	0	
-213.413	-11.3189	365.014	0	
-209.31	-1.39597	367.89	0	
-211.479	-23.7425	375.05	0	
-198.647	-34.5286	417.268	0	
80.6203	-29.3864	103.346	0	
79.4822	-40.4805	69.2026	0	
2.19286	-37.1867	282.017	0	
14.6517	-33.088	208.399	0	
161.394	-37.3444	276.03	0	
175.912	-33.7355	317.09	0	
176.387	-28.8778	305.318	0	
180.144	-13.8484	288.733	0	
-101.346	-36.5088	1085.13	0	
-97.8208	-33.8308	1071.35	0	
-101.12	-32.2044	1091.05	0	
-96.2393	-34.4523	1058.8	0	
-90.2035	-27.1927	985.496	0	
-94.773	-22.2794	980.325	0	
-218.133	-6.4995	359.062	0	
-214.908	-1.474	361.496	0	
183.138	-28.1063	324.236	0	
182.777	-25.3439	318.643	0	
178.691	-20.7575	293.705	0	
178.592	-22.073	296.178	0	
-100.019	-40.6152	1056.72	0	
-95.4416	-43.9414	1015.56	0	
-93.5621	-38.2553	1024.63	0	
-88.65	-35.6884	979.077	0	
-211.76	-5.76043	365.288	0	
-209.472	-10.7605	370.595	0	
183.607	-31.6231	330.598	0	
187.022	-26.814	332.306	0	
-105.252	-37.9914	1094.17	0	
-110.876	-49.5534	1027.86	0	
-96.9287	-39.1273	1048.22	0	
-95.8508	-42.1849	1029.01	0	
-83.2582	-35.3316	917.528	0	
-79.8882	-33.1135	845.898	0	
180.062	-23.0947	304.994	0	
190.525	-29.317	343.433	0	
-88.5257	-45.3324	950.575	0	
-91.3209	-36.3712	1013.27	0	
-100.831	-42.7173	1062.85	0	
-95.8489	-47.6793	987.632	0	
193.74	-22.8095	345.642	0	
188.688	-20.8258	330.495	0	
-88.736	-48.5063	947.113	0	
-70.1342	-40.7124	736.789	0	
-138.854	-30.141	1033.06	0	
-129.569	-37.7051	1077.9	0	
151.252	-32.5645	227.68	0	
159.05	-36.766	265.405	0	
-33.015	-31.0981	574.941	0	
-21.3591	-33.0135	500.356	0	
-9.88258	-40.3932	386.881	0	
-7.23217	-31.6384	325.387	0	
66.099	-36.4212	26.5633	0	
72.6146	-38.6334	44.7055	0	
144.941	-45.1839	247.011	0	
142.383	-37.1273	212.807	0	
-54.2256	-52.1369	643.942	0	
-48.7524	-43.4184	584.061	0	
-125.727	-30.6243	1113.02	0	
-131.099	-35.6589	1079.74	0	
-114.752	-42.6623	1079.58	0	
-114.217	-30.7244	1128.17	0	
18.8466	-39.4452	208.687	0	
19.6474	-46.5076	231.614	0	
39.5212	-52.0846	111.665	0	
36.6058	-54.0985	135.688	0	
49.1536	-45.502	47.9821	0	
56.8252	-45.308	35.4202	0	
-220.1	-22.7795	363.56	0	
-219.872	-35.617	365.265	0	
78.0635	-26.9802	102.644	0	
73.8331	-25.4314	79.8595	0	
75.3909	-27.6723	76.6567	0	
71.2942	-39.3365	38.885	0	
73.7409	-33.083	53.1574	0	
71.2645	-31.7461	43.9976	0	
63.8624	-36.6906	23.7986	0	
68.5953	-39.1127	32.3041	0	
71.0245	-28.1593	49.0239	0	
61.5881	-30.9752	19.0364	0	
69.9458	-50.5854	51.3371	0	
73.408	-47.0629	51.3915	0	
80.4059	-38.7263	71.4885	0	
94.6066	-32.2412	149.547	0	
63.6482	-35.5904	22.7323	0	
67.0916	-34.2711	28.5847	0	
57.93	-34.9162	18.7403	0	
68.2846	-41.6605	35.2668	0	
78.3019	-54.3283	78.919	0	
75.825	-43.1431	54.8953	0	
71.5211	-44.4652	44.0156	0	
73.358	-49.0168	56.7971	0	
74.1004	-53.1505	65.0997	0	
82.1903	-50.2844	81.6843	0	
80.15	-34.4331	83.9806	0	
77.2776	-47.0181	64.8244	0	
-218.133	-3.14916	360.469	0	
-31.0054	-37.2981	553.789	0	
-26.7194	-32.2975	555.107	0	
135.823	-43.0867	214.181	0	
141.482	-52.3677	254.379	0	
148.733	-44.4877	254.812	0	
151.8	-37.9651	244.78	0	
-61.4848	-40.8658	637.833	0	
-54.1725	-58.1062	646.953	0	
-49.9709	-45.3741	595.261	0	
-32.4981	-43.9721	545.081	0	
-120.226	-43.3373	1078.61	0	
-104.353	-60.3392	909.814	0	
53.3884	-39.6244	27.105	0	
63.6477	-44.6968	33.314	0	
71.2873	-56.248	71.3287	0	
71.9164	-59.8142	82.1977	0	
96.1125	-48.513	127.197	0	
101.535	-45.601	144.194	0	
-228.391	-1.76888	351.87	0	
-221.672	-1.67517	356.434	0	
142.942	-53.094	264.165	0	
152.692	-49.9915	278.471	0	
146.147	-48.9843	262.42	0	
156.762	-46.6352	287.337	0	
-42.3135	-45.3587	574.408	0	
-30.5433	-53.1421	539.453	0	
55.3205	-40.0861	25.787	0	
52.8028	-48.9903	49.8418	0	
57.6611	-56.3179	65.8828	0	
62.9418	-52.3995	51.7985	0	
63.5479	-62.646	88.4816	0	
93.4606	-65.8227	146.873	0	
-236.506	-2.01029	350.431	0	
-228.268	-9.2581	353.52	0	
136.789	-56.7243	254.695	0	
134.532	-69.8202	275.997	0	
149.852	-53.2555	281.421	0	
153.507	-58.535	301.665	0	
160.732	-46.0792	295.183	0	
169.633	-39.2385	306.298	0	
-224.613	-6.91269	354.11	0	
-215.277	-17.9744	366.336	0	
-226.081	-13.2403	352.246	0	
-236.058	-16.1751	350.575	0	
-179.578	-17.7325	461.888	0	
-171.787	-22.4335	553.886	0	
47.0348	-30.6332	30.3865	0	
44.7687	-33.799	39.4797	0	
87.6545	-39.3433	104.492	0	
108.92	-40.6724	157.751	0	
187.735	-34.5092	342.446	0	
191.551	-39.7168	349.58	0	
-188.657	-37.8991	473.635	0	
-204.23	-32.2682	397.081	0	
86.172	-55.7881	102.59	0	
102.992	-39.5519	153.144	0	
-41.9542	-48.2256	579.125	0	
-37.7688	-60.1861	565.226	0	
-232.26	-3.77917	350.875	0	
159.443	-31.3919	251.614	0	
164.143	-44.1648	300.61	0	
-229.772	-17.7638	354.387	0	
-210.018	-45.8758	385.66	0	
104.068	-36.2865	155.507	0	
102.012	-41.1795	145.727	0	
85.319	-53.3782	99.2019	0	
105.708	-43.4477	151.864	0	
106.283	-59.6445	175.913	0	
111.715	-45.6205	170.81	0	
-229.278	-33.4779	353.04	0	
-171.334	-51.844	578.634	0	
-157.502	-51.6872	726.934	0	
-154.764	-44.2697	791.438	0	
-145.658	-47.8441	890.272	0	
-195.28	-34.2711	434.719	0	
-176.523	-45.1274	568.295	0	
-0.0313119	-45.1472	329.387	0	
-4.69859	-38.1135	342.197	0	
182.869	-37.634	337.823	0	
191.493	-34.2557	346.728	0	
-121.059	-60.9222	915.492	0	
-89.2289	-69.4061	782.178	0	
-92.3094	-51.7561	948.412	0	
-77.8029	-54.7092	813.846	0	
26.5206	-51.6871	193.206	0	
31.3864	-41.036	138.927	0	
10.0903	-52.1196	298.381	0	
7.95812	-54.552	321.419	0	
-71.9774	-53.0182	773.83	0	
-60.2372	-59.3659	684.221	0	
54.4863	-61.3245	94.0077	0	
50.9023	-68.3448	130.267	0	
121.454	-55.7474	204.743	0	
138.724	-61.7169	271.747	0	
140.339	-81.8138	299.249	0	
166.335	-66.4563	329.195	0	
153.131	-63.5371	305.337	0	
164.841	-57.8939	322.916	0	
-29.4539	-55.5146	524.117	0	
-12.5618	-48.0713	420.124	0	
-49.3064	-55.4638	621.322	0	
-41.8822	-63.4034	582.36	0	
80.9656	-65.4902	116.675	0	
98.7392	-60.3785	153.738	0	
-21.3461	-39.4864	491.778	0	
-12.3893	-55.3247	439.162	0	
172.848	-51.681	333.375	0	
181.907	-53.2364	344.53	0	
-101.113	-52.6331	985.59	0	
-93.3922	-57.2065	891.477	0	
-78.5123	-51.2679	845.871	0	
-65.3001	-51.9783	715.379	0	
30.513	-59.9232	197.01	0	
43.2265	-68.5204	150.228	0	
48.2928	-56.4896	87.8918	0	
28.5664	-72.3196	239.967	0	
56.4636	-77.3433	159.05	0	
72.682	-65.3672	104.438	0	
145.47	-80.6652	305.457	0	
158.793	-78.1409	323.845	0	
179.343	-56.5559	341.061	0	
168.181	-43.6237	306.618	0	
-25.2288	-43.9261	507.674	0	
-19.6784	-49.6652	472.668	0	
-72.9375	-67.5774	730.488	0	
-38.2698	-72.9168	542.671	0	
-32.8954	-85.1292	496.046	0	
-15.2252	-77.8853	438.722	0	
-17.6764	-44.5744	463.492	0	
-25.3806	-47.821	502.916	0	
184.162	-66.9609	342.787	0	
192.275	-58.7915	347.952	0	
-103.538	-65.4193	858.861	0	
-95.1768	-70.1564	799.704	0	
-94.5273	-79.6002	726.277	0	
-84.9398	-63.6376	811.53	0	
-107.967	-69.7442	817.488	0	
-98.3467	-74.6575	743.811	0	
-116.212	-63.1255	876.114	0	
-120.543	-78.2946	689.872	0	
-144.84	-39.2389	955.891	0	
-147.182	-54.1369	801.886	0	
-124.83	-37.9509	1094.59	0	
-131.801	-50.2865	962.046	0	
-200.185	-37.852	413.621	0	
-187.312	-34.6693	474.533	0	
-230.966	-42.0439	353.597	0	
-229.435	-59.2634	352.427	0	
109.562	-59.4691	183.072	0	
118.422	-50.4098	185.595	0	
-170.46	-41.2475	634.84	0	
-171.161	-35.3826	616.721	0	
-119.75	-56.4511	938.462	0	
-116.386	-55.6978	956.169	0	
-1.03483	-47.7623	347.548	0	
-2.7402	-55.2204	369.495	0	
11.0247	-68.2919	320.278	0	
23.3958	-60.6545	240.733	0	
87.1089	-65.8088	132.413	0	
83.5994	-82.4146	180.123	0	
-239.284	-35.3064	351.497	0	
-153.473	-69.2892	626.811	0	
-126.673	-50.3502	996.048	0	
-129.099	-52.2854	965.268	0	
-134.191	-61.2667	839.864	0	
-145.236	-62.6558	740.953	0	
-127.345	-69.9811	758.022	0	
171.104	-66.6221	335.451	0	
226.457	-70.173	332.519	0	
207.14	-55.2409	351.1	0	
187.243	-50.3297	347.413	0	
-120.872	-90.0163	606.009	0	
-101.293	-97.058	583.993	0	
-192.543	-44.5586	446.886	0	
-214.439	-51.7885	372.955	0	
-213.959	-47.2795	371.022	0	
-222.802	-50.5064	359.647	0	
112.487	-70.1911	224.123	0	
110.121	-74.4825	220.688	0	
-16.4268	-70.7875	453.991	0	
-3.45723	-77.5978	400.299	0	
-0.0372568	-67.9974	380.027	0	
16.099	-83.3863	317.681	0	
-180.262	-63.9979	484.434	0	
-196.091	-48.6222	427.509	0	
-27.4028	-60.9421	523.298	0	
-25.1883	-71.8445	495.342	0	
-8.98554	-83.981	419.944	0	
8.17423	-75.9024	345.075	0	
34.7948	-100.215	281.701	0	
48.7767	-79.1304	186.17	0	
-228.131	-52.7772	350.717	0	
-183.616	-60.959	471.397	0	
-174.466	-59.7377	538.038	0	
122.141	-83.5322	265.128	0	
136.56	-102.507	302.295	0	
33.3412	-78.5162	230.828	0	
41.0458	-92.7121	243.575	0	
47.292	-86.494	214.948	0	
74.029	-84.2602	176	0	
-60.0703	-98.6442	506.658	0	
-46.4937	-78.2117	556.041	0	
-36.62	-87.4912	496.583	0	
-27.5772	-92.9256	456.396	0	
92.3165	-62.1173	139.95	0	
83.8156	-72.4679	147.9	0	
211.845	-58.3373	343.21	0	
218.945	-47.9802	349.508	0	
-226.333	-83.45	338.456	0	
-202.526	-76.7238	379.909	0	
114.089	-94.7451	265.892	0	
132.195	-85.9493	290.362	0	
-15.7711	-88.9534	431.995	0	
-23.5965	-116.43	386.042	0	
-186.985	-75.1876	428.074	0	
-167.659	-62.9788	563.531	0	
140.732	-112.844	305.438	0	
148.294	-97.5663	312.067	0	
18.0826	-92.8023	317.522	0	
65.866	-105.88	247.85	0	
59.4137	-85.6813	184.336	0	
74.4366	-124.951	277.284	0	
-49.8046	-82.2469	566.211	0	
-45.8285	-107.188	450.355	0	
75.3104	-88.6451	205.4	0	
86.2944	-94.5587	226.721	0	
106.777	-100.622	269.2	0	
116.635	-112.407	286.365	0	
-14.3472	-126.966	357.778	0	
17.2149	-112.263	324.682	0	
-217.484	-120.01	317.512	0	
-218.305	-94.5836	333.108	0	
-190.524	-86.1973	397.046	0	
-169.483	-76.1833	496.194	0	
-166.776	-70.5339	531.918	0	
-148.434	-68.311	693.574	0	
139.511	-121.511	304.864	0	
149.558	-109.722	309.825	0	
169.036	-87.438	329.285	0	
157.739	-74.0292	319.194	0	
46.6349	-103.606	266.92	0	
73.2324	-96.3057	226.603	0	
73.9987	-107.144	248.633	0	
69.6572	-99.1986	226.776	0	
-50.3353	-108.992	450.471	0	
-21.9881	-122.318	375.988	0	
92.7893	-112.357	270.582	0	
108.228	-109.326	277.778	0	
117.623	-120.779	293.61	0	
136.486	-125.802	300.479	0	
-205.117	-85.9244	363.223	0	
-171.432	-112.474	374.779	0	
-151.834	-77.9047	579.014	0	
-130.79	-97.6859	515.985	0	
170.695	-95.3033	322.888	0	
187.738	-70.425	340.241	0	
35.5488	-94.2013	262.057	0	
38.5125	-113.845	288.501	0	
72.3082	-128.614	278.565	0	
105.657	-127.961	289.299	0	
-75.2747	-112.751	469.048	0	
-66.9252	-119.41	440.224	0	
-38.0971	-107.864	436.505	0	
-51.9976	-113.707	441.635	0	
82.5784	-119.014	274.375	0	
90.7999	-128.904	279.798	0	
113.294	-126.763	290.356	0	
118.171	-133.006	295.086	0	
101.394	-123.399	280.748	0	
102.763	-135.24	287.552	0	
118.326	-146.378	293.503	0	
144.738	-142.613	301.487	0	
97.215	-153.126	287.797	0	
108.041	-139.78	292.125	0	
106.73	-146.719	289.127	0	
131.633	-136.896	299.673	0	
129.932	-146.894	299.573	0	
93.6387	-124.327	280.766	0	
95.9995	-138.79	288.16	0	
82.4091	-146.642	286.391	0	
154.758	-143.188	302.906	0	
150.136	-122.49	308.266	0	
123.111	-151.45	297.199	0	
190.531	-127.953	307.178	0	
111.913	-151.218	294.034	0	
-8.75627	-119.415	361.476	0	
-35.1676	-111.342	416.416	0	
-64.966	-130.508	402.623	0	
-52.456	-140.341	375.905	0	
186.654	-78.1906	336.738	0	
206.418	-100.217	319.504	0	
-153.697	-96.1647	475.859	0	
-131.315	-110.655	463.812	0	
-91.9067	-111.864	476.598	0	
-83.7376	-82.6461	676.29	0	
208.347	-75.0488	334.446	0	
3.59759	-99.707	359.021	0	
37.1372	-123.854	295.312	0	
58.0034	-123.482	279.678	0	
63.5214	-153.783	289.656	0	
-170.829	-101.02	400.192	0	
-143.316	-111.956	427.439	0	
-118.028	-127.703	413.847	0	
-104.462	-103.524	504.183	0	
221.467	-90.2388	322.358	0	
232.953	-91.1223	323.878	0	
-206.787	-128.331	319.113	0	
-168.485	-144.367	334.686	0	
-142.528	-122.849	396.176	0	
-100.919	-131.996	403.546	0	
-123.535	-121.512	419.264	0	
-108.54	-147.806	381.932	0	
-86.435	-142.441	381.81	0	
-76.7806	-125.978	427.703	0	
-212.236	-99.9484	332.188	0	
-187.129	-109.847	352.426	0	
32.72	-146.761	302.337	0	
68.7996	-143.289	287.259	0	
-91.9725	-129.581	403.635	0	
-60.696	-119.202	429.611	0	
232.386	-97.1741	315.299	0	
216.218	-106.621	314.663	0	
236.748	-130.147	299.059	0	
224.964	-145.534	298.483	0	
-31.7852	-134.841	369.867	0	
26.2988	-155.507	303.718	0	
-47.7253	-144.563	372.776	0	
-133.632	-152.019	367.206	0	
9.80762	-145.744	324.126	0	
206.025	-137.57	302.099	0	
208.4	-157.059	298.842	0	
-234.851	-123.114	313.195	0	
-216.758	-153.07	308.109	0	
-230.526	-135.056	308.027	0	
-192.413	-150.874	317.589	0	
-239.372	-154.519	302.477	0	
-160.888	-150.779	343.432	0	
-183.651	-132.306	333.751	0	
-12.9925	-145.49	350.47	0	
-138.482	-134.99	369.288	0	
-159.919	-0.219828	197.92	0	
-159.48	-0.257541	205.029	0	
-159.607	-0.476998	196.373	0	
-160.231	-0.133731	150.764	0	
-160.013	-1.00233	179.644	0	
-159.524	-0.694475	194.437	0	
-159.145	-0.53465	207.193	0	
-160.222	-0.582141	161.575	0	
-160.388	-0.317811	155.245	0	
-160.373	-0.779785	166.384	0	
-159.662	-0.864746	190.588	0	
-159.349	-1.12338	196.388	0	
-158.911	-0.560953	207.9	0	
-159.041	-0.112396	210.132	0	
-160.799	-0.98757	163.408	0	
-160.301	-1.5613	178.524	0	
-159.89	-0.825501	179.351	0	
-159.914	-1.1942	180.46	0	
-159.268	-1.3684	197.26	0	
-158.82	-0.784212	208.273	0	
-158.967	-0.969834	203.63	0	
-158.564	-0.385901	209.53	0	
-160.026	-1.36185	181.873	0	
-160.132	-1.73486	181.878	0	
-160.365	-1.17902	172.833	0	
-159.789	-1.64236	188.771	0	
-159.637	-1.45387	189.499	0	
-159.965	-1.59049	182.893	0	
-160.617	-1.2003	166.015	0	
-160.717	-1.45179	171.177	0	
-160.173	-2.0448	189.048	0	
-159.638	-1.85433	192.61	0	
-158.557	-1.2769	208.36	0	
-158.372	-0.955325	210.622	0	
-159.029	-2.18252	202.976	0	
-159.045	-1.44169	200.409	0	
-160.663	-0.754087	157.692	0	
-160.984	-1.4969	170.519	0	
-160.59	-1.90604	180.225	0	
-160.523	-2.42499	187.627	0	
-158.664	-2.18846	206.315	0	
-158.966	-1.73312	202.117	0	
-160.697	-0.422712	156.794	0	
-161.567	-0.177391	157.16	0	
-161.143	-1.79353	170.312	0	
-160.399	-2.14249	184.042	0	
-162.188	-0.174696	164.642	0	
-161.952	-1.88472	174.873	0	
-161.519	-1.64303	174.327	0	
-161.942	-2.33571	187.227	0	
-160.932	-2.01967	181.356	0	
-161.076	-2.52338	191.716	0	
-161.88	-0.352087	158.586	0	
-162.624	-0.429083	163.687	0	
-161.274	-0.416023	147.711	0	
-161.28	-0.768007	159.116	0	
-160.868	-2.96563	198.06	0	
-160.426	-2.67121	197.037	0	
-161.197	-3.76065	214.335	0	
-160.798	-3.9047	218.063	0	
-160.586	-3.00834	199.711	0	
-160.455	-3.23987	204.723	0	
-160.466	-3.5857	213.817	0	
-160.179	-3.65651	214.42	0	
-161.153	-3.25318	203.463	0	
-160.769	-4.2902	227.984	0	
-159.685	-4.05624	226.799	0	
-159.489	-3.71066	216.549	0	
-158.986	-3.12706	210.412	0	
-159.718	-3.38507	213.364	0	
-162.459	-2.75328	197.825	0	
-162.605	-4.04818	228.224	0	
-161.598	-0.961731	158.075	0	
-160.758	-5.55469	251.24	0	
-160.316	-4.31716	229.65	0	
-159.438	-4.56881	232.308	0	
-158.749	-4.02586	226.813	0	
-159.218	-2.41154	199.733	0	
-159.587	-2.1969	197.107	0	
-163.228	-0.254387	182.439	0	
-161.906	-0.784443	162.723	0	
-161.106	-4.73318	236.324	0	
-159.698	-4.95936	246.056	0	
-163.978	-0.67574	188.199	0	
-162.561	-1.42491	178.504	0	
-153.467	-0.610136	228.401	0	
-153.925	-1.17054	222.509	0	
-153.28	-0.311644	231.216	0	
-154.062	-0.121303	235.529	0	
-154.324	-0.272102	232.968	0	
-152.917	-0.165467	225.411	0	
-154.041	-0.721393	227.965	0	
-154.636	-0.150799	235.288	0	
-154.865	-0.450323	230.853	0	
-156.545	-0.867567	223.46	0	
-156.107	-0.384411	227.621	0	
-156.71	-1.15031	221.682	0	
-156.634	-0.150799	229.508	0	
-155.975	-1.25786	220.674	0	
-157.049	-1.29944	218.268	0	
-156.668	-1.67581	217.796	0	
-156.24	-1.19036	221.284	0	
-155.786	-0.91736	222.145	0	
-156.456	-0.35275	226.705	0	
-157.188	-0.101488	230.391	0	
-157.43	-0.240837	221.64	0	
-157.214	-0.685703	221.872	0	
-157.743	-0.139349	212.897	0	
-157.816	-0.61012	214.331	0	
-148.632	-0.404331	226.575	0	
-157.998	-0.327503	216.938	0	
-148.156	-0.27955	223.016	0	
-148.449	-0.684667	220.924	0	
-148.464	-1.03464	217.645	0	
-147.937	-0.72698	218.715	0	
-149.014	-1.22525	215.773	0	
-148.899	-1.91682	206.282	0	
-147.672	-0.610253	219.408	0	
-147.844	-0.148153	222.792	0	
-147.442	-0.775464	215.457	0	
-147.261	-0.329075	218.205	0	
-147.475	-1.10507	212.686	0	
-146.883	-1.04337	212.676	0	
-147.968	-1.01263	216.091	0	
-147.889	-2.08443	202.785	0	
-148.202	-1.58333	209.082	0	
-147.737	-1.22551	211.842	0	
-148.419	-1.79794	206.631	0	
-148.698	-1.65058	209.551	0	
-148.924	-2.53592	201.921	0	
-148.161	-3.01574	199.097	0	
-148.717	-1.2751	214.365	0	
-149.254	-1.56167	211.598	0	
-149.596	-1.4102	213.545	0	
-149.699	-2.04904	207.127	0	
-149.38	-2.13654	204.905	0	
-148.978	-3.27882	200.441	0	
-149.979	-2.40994	203.881	0	
-149.27	-2.48175	202.755	0	
-149.374	-3.0792	201.484	0	
-149.467	-2.7152	202.058	0	
-150.147	-4.21888	206.001	0	
-149.639	-3.2718	202.8	0	
-149.464	-4.87949	220.024	0	
-148.654	-3.80181	205.331	0	
128.776	-1.73617	199.828	0	
129.023	-1.04282	199.659	0	
-114.892	-2.37351	185.108	0	
-114.192	-2.39033	183.885	0	
-114.257	-1.70656	192.063	0	
-114.602	-1.41123	193.114	0	
-115.563	-2.11293	188.952	0	
-114.984	-3.04741	182.855	0	
-116.029	-2.56393	185.385	0	
-115.325	-2.80374	182.31	0	
-114.985	-3.40443	179.346	0	
-114.359	-3.55598	179.312	0	
-116.45	-2.46257	186.429	0	
-116.941	-3.62152	181.218	0	
-115.435	-3.53958	181.594	0	
-114.447	-4.81356	186.851	0	
-114.088	-3.80926	181.164	0	
-113.47	-3.99763	181.401	0	
-115.636	-3.95314	180.557	0	
-115.82	-3.25347	180.284	0	
-115.309	-4.303	183.407	0	
-115.671	-4.76895	187.447	0	
-114.134	-4.17291	182.652	0	
-113.588	-3.40472	180.316	0	
-112.96	-2.9294	181.764	0	
-113.853	-3.12051	180.426	0	
-114.528	-4.40464	185.465	0	
-113.982	-4.86605	190.999	0	
-113.044	-3.98547	181.923	0	
-113.154	-3.3147	180.661	0	
-113.783	-5.216	194.175	0	
-113.35	-5.12039	195.92	0	
-113.257	-4.68742	186.487	0	
-111.072	-3.22526	181.211	0	
-114.412	-5.53038	197.618	0	
-112.984	-6.60267	239.054	0	
-112.504	-4.90285	188.854	0	
-112.903	-4.39104	182.913	0	
-17.4923	-2.70753	190.575	0	
-17.2448	-1.96002	200.09	0	
-17.9198	-3.21349	188.064	0	
-16.8435	-2.9067	189.144	0	
-17.7993	-3.84398	188.13	0	
-17.4568	-3.77171	188.111	0	
-16.481	-2.8427	190.656	0	
-16.5229	-2.24755	196.545	0	
-18.2099	-2.9412	191.653	0	
-18.688	-3.41405	190.9	0	
-17.9149	-4.19947	190.586	0	
-17.2554	-4.03948	187.654	0	
-18.4838	-4.64703	196.587	0	
-17.7751	-4.85217	196.014	0	
-16.8611	-3.97989	186.624	0	
-16.9799	-3.2906	187.359	0	
-17.0537	-4.67832	190.726	0	
-16.232	-3.11389	188.396	0	
-16.3272	-3.49374	186.326	0	
-15.3405	-2.20572	199.513	0	
-18.1225	-2.52349	191.811	0	
-18.9337	-2.45563	192.323	0	
-19.0726	-3.57247	190.658	0	
-19.0417	-4.6076	195.667	0	
-19.9838	-4.71048	203.595	0	
-18.5178	-5.42064	208.479	0	
-17.5419	-5.16935	197.69	0	
-17.1375	-5.08322	195.461	0	
-16.1263	-3.92159	185.563	0	
-15.0789	-3.88154	184.435	0	
-15.8481	-2.92341	190.403	0	
-15.0769	-2.51659	194.548	0	
-19.4099	-3.39558	192.21	0	
-19.7583	-3.63064	192.751	0	
-18.4983	-4.02901	191.275	0	
-18.9177	-3.97437	191.905	0	
-18.214	-5.76548	208.335	0	
-16.6931	-6.55995	213.113	0	
-16.195	-5.96117	200.295	0	
-16.5813	-4.56136	188.303	0	
-19.4006	-2.99358	190.533	0	
-20.0608	-2.91633	191.144	0	
-20.5208	-3.82013	196.208	0	
-20.5068	-4.25112	198.67	0	
-18.9908	-2.82219	193.226	0	
-19.3099	-2.13414	199.949	0	
-20.7945	-4.60573	208.339	0	
-20.2611	-5.06234	214.376	0	
-53.9868	-1.72289	197.271	0	
-54.8139	-2.24718	194.938	0	
-55.1321	-2.27266	195.121	0	
-54.9449	-2.83436	194.048	0	
-55.3525	-2.01304	196.118	0	
-55.7147	-2.43459	194.807	0	
-54.9855	-3.12853	194.997	0	
-55.0874	-3.87666	199.903	0	
-55.2414	-1.70043	197.949	0	
-56.4588	-1.25375	200.636	0	
-55.9882	-2.53729	194.212	0	
-55.7727	-3.10101	194.247	0	
-56.2094	-2.35424	195.013	0	
-56.4735	-2.92013	194.6	0	
-55.8933	-1.90081	196.547	0	
-56.7044	-2.201	195.751	0	
-55.7941	-1.34903	199.827	0	
-56.2922	-1.49218	198.621	0	
-55.287	-3.2033	194.797	0	
-54.8932	-4.18001	202.671	0	
-55.5226	-2.98647	194.768	0	
-55.7204	-3.63935	197.604	0	
-55.9064	-3.61103	197.315	0	
-55.8495	-4.91652	211.417	0	
-54.2265	-3.81104	198.727	0	
-54.9628	-3.56056	196.887	0	
-55.8214	-4.37767	204.933	0	
-55.6658	-4.75459	210.183	0	
-55.4793	-4.38027	205.097	0	
-55.0506	-4.82446	211.149	0	
-53.8183	-3.77151	198.584	0	
-54.5652	-3.83222	199.788	0	
-55.209	-5.59239	223.763	0	
-54.5594	-4.99585	213.627	0	
-55.1646	-5.77567	228.618	0	
-54.7713	-5.34158	220.219	0	
-53.9584	-5.75772	228.215	0	
-54.0142	-4.33168	204.134	0	
-54.9147	-6.00739	233.44	0	
-54.399	-5.90506	230.847	0	
-55.2673	-6.13489	236.173	0	
-54.6634	-6.57788	247.126	0	
-54.2477	-6.4465	242.061	0	
-53.6627	-6.43987	242.998	0	
-54.1442	-6.93477	254.518	0	
-53.6198	-6.66028	248.394	0	
-52.8717	-5.92547	232.108	0	
-52.4056	-5.02576	214.595	0	
-54.9359	-1.67941	198.024	0	
-54.4299	-1.07092	201.261	0	
-53.2835	-3.54346	197.147	0	
-52.7286	-2.49842	193.583	0	
79.7121	-1.80436	216.194	0	
80.5132	-2.15796	211.173	0	
79.3531	-2.37949	208.644	0	
80.2237	-2.09887	213.415	0	
79.7619	-2.91822	205.178	0	
79.9968	-2.33179	209.671	0	
80.7333	-2.77104	206.636	0	
80.9233	-1.93789	212.843	0	
81.0936	-2.91418	204.305	0	
81.349	-2.64621	206.691	0	
81.1012	-1.74405	216.016	0	
80.6112	-1.61541	215.71	0	
81.3804	-1.80199	215.024	0	
81.4615	-1.24984	223.527	0	
81.4718	-2.07855	210.981	0	
81.9134	-1.65172	215.23	0	
81.2379	-2.33997	208.824	0	
81.709	-2.65567	205.377	0	
81.9084	-3.02729	203.123	0	
82.2954	-2.48686	205.612	0	
78.9054	-2.18557	214.061	0	
78.704	-2.84166	207.69	0	
79.8496	-3.3169	204.447	0	
80.4437	-2.89795	205.186	0	
78.4209	-3.26177	204.19	0	
78.7134	-3.79603	203.3	0	
79.5485	-3.73967	202.041	0	
79.7158	-4.21519	203.666	0	
36.433	-1.88778	216.079	0	
36.4384	-1.01318	223.144	0	
37.0707	-1.89264	214.815	0	
36.7585	-1.3596	218.706	0	
36.9684	-0.677182	223.231	0	
36.1495	-0.408067	229.242	0	
35.938	-1.15917	223.198	0	
36.1898	-0.93914	224.334	0	
35.2687	-0.928879	222.084	0	
35.6811	-1.05431	222.617	0	
34.7507	-0.751651	222.078	0	
35.3425	-0.69451	226.796	0	
35.0179	-0.984537	222.495	0	
35.1343	-1.4021	219.167	0	
35.078	-1.63623	216.29	0	
34.3948	-0.883797	223.399	0	
35.4761	-1.76887	215.883	0	
34.8152	-1.91402	214.299	0	
34.904	-2.31356	212.574	0	
35.6123	-2.15026	213.953	0	
36.0448	-1.5808	219.07	0	
35.081	-2.47372	212.153	0	
35.1751	-2.04644	214.081	0	
34.8694	-1.70048	216.345	0	
34.2859	-2.23336	212.454	0	
35.0668	-2.75452	211.563	0	
35.4913	-2.57085	212.188	0	
34.7103	-1.29725	219.055	0	
34.5985	-1.95977	214.094	0	
34.3815	-2.65045	211.008	0	
34.6889	-2.36979	212.172	0	
34.6256	-2.60416	211.437	0	
34.8015	-3.58926	211.302	0	
35.7198	-2.54467	212.667	0	
36.0601	-2.03755	214.703	0	
34.4225	-1.18715	219.741	0	
34.1911	-1.38395	217.666	0	
34.1568	-1.97105	213.267	0	
33.7893	-2.34192	211.056	0	
34.3574	-2.986	210.374	0	
34.8265	-2.82873	211.152	0	
35.855	-2.72557	212.103	0	
36.166	-2.4292	212.991	0	
35.7558	-2.94106	211.849	0	
36.1705	-3.04022	211.948	0	
36.371	-2.33586	213.329	0	
35.9021	-1.87167	215.947	0	
35.444	-3.00187	211.515	0	
35.6347	-3.40424	211.713	0	
36.3513	-3.16552	211.813	0	
36.7388	-3.26184	211.882	0	
36.5437	-2.50956	212.58	0	
36.6767	-1.94381	214.581	0	
35.6566	-1.93362	215.295	0	
35.7947	-2.31514	213.317	0	
35.7798	-4.13119	213.198	0	
36.0662	-3.67554	212.31	0	
36.3345	-3.39133	212.028	0	
36.6305	-2.91843	211.899	0	
36.4781	-2.74549	212.191	0	
36.5714	-3.10168	211.897	0	
37.1055	-2.49618	212.465	0	
36.7882	-2.20717	213.821	0	
36.1038	-3.48009	211.945	0	
36.4597	-3.8047	212.521	0	
36.9624	-3.22934	211.897	0	
36.8718	-2.8418	211.944	0	
37.2865	-2.89647	211.714	0	
37.3946	-2.1928	213.123	0	
35.8505	-3.76207	212.402	0	
35.9184	-4.00047	212.787	0	
36.645	-4.056	213.099	0	
36.8841	-3.97163	212.63	0	
37.0526	-3.45793	211.911	0	
37.4519	-3.07794	211.641	0	
37.6885	-3.03391	211.55	0	
37.8875	-2.63695	211.839	0	
37.494	-1.99116	214.132	0	
37.3118	-1.8207	214.85	0	
35.6408	-3.64367	212.068	0	
35.2334	-3.72459	211.822	0	
35.8222	-4.43736	214.012	0	
36.5625	-4.27967	213.353	0	
36.2828	-4.24339	213.645	0	
36.6851	-4.56048	214.495	0	
37.3087	-3.79955	212.367	0	
36.883	-3.65468	212.337	0	
37.7258	-1.98016	214.215	0	
37.778	-1.73502	215.114	0	
37.164	-1.46602	217.155	0	
36.8433	-1.75516	215.751	0	
35.5241	-4.04568	212.751	0	
35.4529	-3.79657	212.278	0	
35.5194	-4.55064	213.724	0	
35.5657	-5.18707	216.071	0	
36.0945	-4.50561	214.074	0	
36.4923	-4.8033	214.827	0	
37.6168	-4.19948	213.194	0	
37.4146	-3.35769	211.712	0	
37.8506	-2.17544	212.962	0	
38.1785	-1.88765	214.407	0	
37.9052	-1.2696	218.786	0	
37.5869	-1.5634	216.34	0	
37.2639	-1.26042	218.445	0	
36.855	-1.13118	221.038	0	
38.15	-4.01119	212.724	0	
38.1846	-3.35541	211.458	0	
37.718	-2.44774	212.371	0	
38.1582	-2.518	212.325	0	
38.3853	-1.80191	215.8	0	
38.0349	-1.47089	217.107	0	
38.0343	-1.09569	220.051	0	
37.6021	-0.954027	220.415	0	
37.5105	-1.31858	217.762	0	
37.401	-0.823041	221.394	0	
36.6374	-0.918508	222.816	0	
36.5067	-1.33171	220.678	0	
38.344	-2.66297	211.766	0	
38.6614	-2.41417	212.39	0	
38.4897	-2.22279	213.448	0	
38.6477	-1.50365	218.495	0	
38.2771	-1.43655	218.471	0	
38.1527	-0.711646	224.361	0	
37.4344	-0.599912	222.633	0	
37.2384	-0.436563	223.397	0	
38.3115	-2.89051	211.694	0	
38.8158	-3.32933	211.51	0	
38.905	-2.36545	213.031	0	
38.5586	-1.9837	213.987	0	
38.7628	-1.92963	215.222	0	
38.9375	-2.12	213.526	0	
39.135	-1.3697	218.21	0	
38.2616	-1.18789	219.881	0	
38.1409	-0.403238	226.1	0	
37.8125	-0.0727638	224.986	0	
37.6845	-0.579433	222.561	0	
36.9073	-0.234315	224.165	0	
36.6469	-0.150799	228.453	0	
36.6903	-0.663883	225.846	0	
38.1041	-2.97275	211.474	0	
38.5864	-3.42173	211.368	0	
38.6876	-2.85713	211.593	0	
38.487	-3.02904	211.419	0	
39.1002	-2.51674	212.191	0	
39.1536	-2.04931	214.541	0	
38.7452	-0.767659	226.36	0	
38.4305	-0.845482	223.392	0	
37.0205	-0.4591	224.547	0	
38.4026	-0.198932	228.676	0	
37.3857	-0.128262	223.655	0	
37.2294	-0.211778	224.145	0	
37.866	-2.86416	211.73	0	
37.8137	-3.25588	211.538	0	
38.4217	-3.25985	211.594	0	
38.8517	-2.99553	211.292	0	
39.072	-2.83048	211.558	0	
39.5604	-2.6129	211.937	0	
37.749	-0.405332	224.622	0	
37.9674	-0.27707	226.306	0	
37.6619	-3.44572	211.905	0	
38.0382	-3.61415	212.052	0	
38.529	-3.66322	211.966	0	
39.0478	-3.76498	211.735	0	
35.6197	-0.350498	230.141	0	
35.3469	-0.153917	230.093	0	
33.9031	-1.39464	217.303	0	
33.9042	-2.02111	212.788	0	
33.4859	-2.49954	210.327	0	
33.4986	-2.86896	209.339	0	
34.6696	-4.2115	212.536	0	
35.0628	-4.86734	214.865	0	
35.1594	-3.41844	211.495	0	
34.5875	-3.50907	211.137	0	
36.6071	-5.13737	215.951	0	
37.2424	-4.95896	215.29	0	
39.5163	-1.75243	216.259	0	
39.0427	-0.939745	222.945	0	
39.3148	-3.31624	211.279	0	
40.1234	-3.19841	210.937	0	
39.5913	-3.32978	211.181	0	
39.7749	-3.54186	211.136	0	
39.9991	-2.74432	211.619	0	
39.9504	-2.04097	214.453	0	
38.218	-3.76007	211.81	0	
38.3821	-4.14626	212.533	0	
38.3209	-4.40788	213.218	0	
38.7258	-4.55361	213.155	0	
38.016	-4.54252	213.776	0	
39.4696	-5.64167	213.197	0	
38.938	-4.75784	213.16	0	
39.2598	-4.39569	212.491	0	
33.6672	-1.05284	222.422	0	
33.0827	-1.69405	213.273	0	
34.3959	-3.664	210.81	0	
34.8311	-3.8206	211.794	0	
34.9431	-3.37518	211.141	0	
34.7868	-3.09261	210.913	0	
34.0726	-3.5068	210.506	0	
34.6498	-3.9592	211.941	0	
34.2104	-4.04615	211.683	0	
34.3759	-4.26582	212.72	0	
34.5404	-4.7724	214.041	0	
34.8734	-4.68098	214.383	0	
39.623	-2.02709	214.055	0	
40.3885	-1.66522	217.174	0	
39.4216	-1.27334	220.618	0	
39.548	-0.93798	221.086	0	
40.5003	-3.08026	211.031	0	
40.2858	-2.66026	211.966	0	
39.7187	-3.8052	211.513	0	
40.2212	-3.78314	211.119	0	
37.8641	-4.28034	212.92	0	
37.2963	-4.36204	213.51	0	
38.0318	-4.9319	214.337	0	
37.5938	-5.6114	215.798	0	
38.9264	-5.04187	213.901	0	
39.4673	-5.12922	213.169	0	
39.5074	-4.24979	212.07	0	
39.2094	-3.9683	211.885	0	
33.398	-3.53	209.722	0	
33.5693	-4.11552	210.924	0	
34.2622	-4.5324	213.104	0	
34.4561	-5.04422	215.357	0	
40.5939	-2.79498	211.056	0	
40.0184	-2.30598	212.834	0	
39.4832	-3.97043	211.808	0	
39.7496	-4.29883	211.878	0	
38.5947	-5.21423	214.15	0	
38.4945	-5.64835	215.103	0	
34.8737	-5.92998	217.644	0	
35.3953	-4.81922	215.39	0	
33.7275	-4.4777	212.649	0	
34.7272	-5.2145	215.692	0	
40.9405	-2.65207	211.948	0	
40.3354	-2.36786	212.45	0	
39.8195	-4.53424	212.419	0	
40.1129	-4.09922	211.396	0	
36.4428	-5.41911	216.514	0	
35.9148	-5.20509	216.171	0	
33.8671	-5.32768	215.053	0	
34.3317	-5.67736	216.819	0	
39.5491	-4.71801	212.651	0	
40.1274	-4.81141	212.354	0	
39.6735	-5.40347	213.318	0	
39.9697	-4.98956	212.493	0	
40.3631	-4.85944	211.933	0	
40.2193	-4.4069	211.892	0	
39.1743	-5.5137	213.984	0	
40.5938	-5.53397	211.667	0	
40.6723	-5.13682	211.686	0	
40.7674	-4.73308	211.43	0	
40.1299	-5.85384	212.071	0	
40.7472	-5.37707	211.827	0	
41.0022	-5.4422	211.186	0	
40.8352	-4.96717	211.778	0	
40.9512	-4.54168	211.374	0	
40.8824	-4.30654	211.035	0	
40.2814	-5.26545	212.218	0	
40.3611	-5.47855	212.268	0	
41.206	-4.60334	210.931	0	
41.3934	-4.37071	210.907	0	
40.8963	-3.84775	210.776	0	
40.6285	-4.27295	211.325	0	
40.1209	-5.62198	212.299	0	
40.4334	-5.99777	211.629	0	
40.4265	-6.32474	210.692	0	
41.1226	-6.14312	209.829	0	
41.0901	-5.6936	211.006	0	
41.638	-5.12834	210.992	0	
41.0685	-5.0248	211.22	0	
41.5484	-4.89785	210.717	0	
42.1112	-4.34335	210.172	0	
41.775	-3.84208	209.95	0	
41.0178	-3.60744	210.492	0	
40.6777	-3.30923	210.686	0	
40.8985	-5.91582	210.874	0	
41.4332	-6.03921	210.216	0	
41.4373	-5.31764	210.699	0	
41.2556	-4.85237	211.307	0	
41.9437	-5.197	210.346	0	
42.1355	-4.96537	210.573	0	
42.4976	-3.81367	209.529	0	
41.9388	-3.54491	209.789	0	
41.4434	-3.30417	210.265	0	
41.4438	-3.82661	210.336	0	
41.3091	-3.58378	210.316	0	
41.7419	-3.24983	209.855	0	
41.6986	-6.11819	208.757	0	
41.9998	-5.45235	210.382	0	
41.8053	-5.64053	209.876	0	
42.3095	-5.51751	209.622	0	
42.5833	-4.76578	210.067	0	
42.3983	-4.21821	209.832	0	
41.8589	-2.96567	210.172	0	
41.7379	-2.65773	210.716	0	
41.7759	-6.44285	207.803	0	
42.2413	-6.27457	208.428	0	
41.8819	-5.91285	209.77	0	
42.3772	-5.77264	209.303	0	
42.6831	-5.88501	208.708	0	
43.0632	-5.41494	209.634	0	
42.8447	-4.84368	209.972	0	
43.013	-4.58852	209.828	0	
41.2639	-6.86903	207.439	0	
42.4867	-6.91785	203.632	0	
42.8017	-5.17961	209.756	0	
43.8621	-4.95879	209.628	0	
43.4145	-4.35869	209.549	0	
43.3096	-4.07646	209.191	0	
42.0816	-6.94385	204.613	0	
42.7952	-6.45029	206.819	0	
43.3674	-5.27297	209.585	0	
43.6389	-5.51091	208.927	0	
43.6639	-4.44579	209.474	0	
43.8698	-4.20542	209.367	0	
43.3452	-3.57026	208.659	0	
42.2697	-3.52245	209.376	0	
43.6437	-4.77301	209.694	0	
44.0902	-4.83587	209.634	0	
44.4928	-4.18972	209.298	0	
44.2401	-3.56604	208.457	0	
43.7596	-3.2903	208.215	0	
43.2377	-3.00851	208.675	0	
43.0067	-3.5033	208.875	0	
42.6347	-3.07239	209.131	0	
44.2998	-5.02687	209.582	0	
44.5369	-4.4045	209.598	0	
44.3418	-5.27623	209.112	0	
45.0176	-5.00129	209.716	0	
44.1345	-5.44968	209.044	0	
44.5556	-5.71483	208.408	0	
43.8643	-5.32324	209.356	0	
43.7303	-5.93523	208.068	0	
44.7964	-5.96321	207.013	0	
45.6173	-5.30621	209.567	0	
43.4542	-7.48553	197.398	0	
44.9375	-6.93633	201.093	0	
44.7082	-6.29489	205.723	0	
45.0233	-6.60539	203.549	0	
44.9754	-5.49961	208.709	0	
45.0347	-5.83796	207.962	0	
45.4011	-4.70417	209.996	0	
45.1777	-5.34137	209.27	0	
45.4502	-6.1797	205.736	0	
45.6233	-5.94121	207.764	0	
45.8597	-5.43641	209.565	0	
45.9676	-4.93404	210.286	0	
45.8887	-5.97061	207.278	0	
46.6837	-5.43865	210.066	0	
46.1435	-6.39871	205.693	0	
47.2337	-6.19022	207.527	0	
46.687	-4.89172	210.886	0	
46.1246	-4.75529	210.583	0	
45.4495	-6.48691	204.013	0	
46.7968	-7.72224	192.635	0	
46.5192	-5.99911	207.144	0	
46.4511	-6.37373	205.893	0	
36.0612	-5.50543	216.733	0	
36.5294	-5.83393	217.382	0	
33.2467	-1.98075	212.716	0	
33.5005	-1.7761	213.543	0	
39.921	-1.40578	218.927	0	
40.1333	-1.69924	215.402	0	
40.7528	-1.88591	214.39	0	
41.1212	-1.72091	217.589	0	
34.7015	-6.33993	218.414	0	
34.6541	-5.55458	217.217	0	
38.8346	-5.802	214.025	0	
39.2649	-6.22464	212.946	0	
40.0627	-6.35432	211.416	0	
39.8616	-6.61481	210.577	0	
42.1427	-2.92069	209.871	0	
41.9458	-2.39176	211.158	0	
42.575	-6.21857	207.373	0	
43.2989	-6.39909	206.587	0	
43.9333	-3.62643	208.675	0	
44.3565	-3.78722	208.952	0	
46.7983	-5.93588	208.234	0	
47.3195	-4.73656	211.461	0	
46.9783	-6.20929	206.144	0	
47.2057	-5.63488	209.918	0	
47.2913	-5.37332	210.7	0	
47.9191	-4.69313	212.076	0	
47.5552	-5.23884	211.313	0	
47.8137	-5.3535	211.36	0	
47.9079	-5.68315	210.246	0	
48.4846	-5.43653	211.618	0	
38.8612	-6.20038	214.334	0	
39.3823	-6.5756	211.973	0	
39.8455	-7.79306	204.621	0	
41.1257	-8.15807	197.971	0	
42.3565	-3.18239	209.384	0	
42.647	-2.72291	209.466	0	
42.9012	-2.59195	209.31	0	
42.775	-1.99294	211.028	0	
41.9164	-2.09726	213.131	0	
41.4066	-2.25774	212.493	0	
42.2047	-1.8554	213.14	0	
41.5338	-1.31787	219.973	0	
41.0396	-2.34919	212.14	0	
41.2628	-2.80509	211.011	0	
47.4269	-6.45886	203.978	0	
47.8936	-6.21102	207.257	0	
47.7041	-5.92984	208.575	0	
48.2365	-6.20228	207.446	0	
48.8654	-5.36786	212.599	0	
48.563	-4.37088	212.121	0	
37.8042	-6.2857	215.731	0	
39.2766	-7.0184	211.225	0	
41.1156	-1.42286	217.76	0	
41.5403	-1.78549	216.106	0	
47.3304	-6.85368	202.86	0	
48.4225	-7.05142	199.91	0	
48.4412	-6.42536	206.604	0	
48.7357	-6.30176	207.399	0	
49.0198	-5.83912	210.788	0	
49.6737	-5.40339	213.441	0	
48.8348	-5.02586	212.792	0	
49.3243	-4.77287	213.484	0	
46.911	-6.91088	200.187	0	
46.6141	-7.31407	195.722	0	
47.642	-7.03521	198.067	0	
47.6589	-7.47504	196.577	0	
48.2915	-6.74047	202.115	0	
48.7022	-7.04842	199.457	0	
49.2483	-6.34289	207.006	0	
49.0895	-5.53552	211.751	0	
48.6744	-3.86057	210.703	0	
48.0216	-4.13374	211.163	0	
49.4783	-4.17996	212.444	0	
48.8556	-4.41176	212.541	0	
48.833	-7.36038	196.756	0	
49.1257	-7.23996	197.594	0	
49.3775	-6.65701	204.373	0	
49.9371	-6.43695	206.205	0	
49.2779	-6.03266	210.198	0	
49.4343	-5.57645	212.322	0	
49.918	-4.40829	213.657	0	
49.2742	-2.9296	207.119	0	
48.7472	-7.66946	189.975	0	
49.0064	-7.93921	186.754	0	
49.6328	-7.28339	195.961	0	
49.7215	-6.70603	205.082	0	
50.2811	-6.48588	207.85	0	
50.3269	-6.16243	209.809	0	
49.3836	-3.77667	211.002	0	
49.1215	-3.69728	210.456	0	
49.7771	-3.15461	207.784	0	
49.2523	-3.1593	207.788	0	
48.4457	-3.4702	209.164	0	
48.9365	-3.92521	210.976	0	
48.1706	-3.68638	209.937	0	
48.4732	-4.08394	211.465	0	
47.8961	-3.35543	208.872	0	
47.7867	-3.99516	210.746	0	
47.4562	-3.38804	209.026	0	
47.7458	-3.75014	209.938	0	
47.5422	-4.09792	210.78	0	
47.6901	-4.61718	211.707	0	
48.0737	-3.20142	208.26	0	
47.8332	-2.88667	207.436	0	
48.3899	-3.21762	208.573	0	
48.4523	-2.85796	207.1	0	
48.0227	-2.44569	206.184	0	
47.0329	-2.91156	208.182	0	
48.2159	-2.8186	206.815	0	
48.5896	-3.0202	207.417	0	
47.9039	-1.99425	206.022	0	
47.4873	-2.30632	207.244	0	
47.4458	-2.93901	207.997	0	
47.5845	-2.54313	207.201	0	
48.5731	-2.27204	205.381	0	
48.0594	-2.20891	206.046	0	
48.865	-2.98603	207.139	0	
48.6022	-2.66826	206.332	0	
46.759	-2.98857	208.368	0	
46.9863	-3.37773	208.919	0	
47.5075	-2.03322	206.901	0	
47.262	-2.32749	207.396	0	
48.8962	-2.42948	205.244	0	
48.5104	-1.86754	204.923	0	
49.06	-3.1881	208.284	0	
49.1647	-2.75365	205.922	0	
45.786	-2.90574	208.58	0	
46.0853	-3.49914	209.068	0	
46.9926	-3.61398	209.697	0	
47.4869	-3.63715	209.736	0	
47.2709	-1.82194	207.935	0	
47.0645	-2.16284	208.046	0	
49.4429	-3.28882	208.448	0	
49.5802	-3.11578	207.853	0	
49.5316	-3.55479	210.096	0	
49.7362	-3.61183	210.136	0	
49.9314	-2.99467	207.475	0	
49.8377	-2.77268	205.805	0	
49.8813	-3.84746	211.587	0	
50.4091	-3.11726	207.629	0	
49.4758	-2.56201	205.025	0	
48.774	-2.24726	204.892	0	
46.7853	-3.73588	209.694	0	
47.0377	-4.07884	210.374	0	
50.1649	-3.17759	208.01	0	
50.438	-2.82748	206.47	0	
50.0102	-2.22276	203.407	0	
49.2631	-2.56923	205.599	0	
49.7714	-4.19372	212.587	0	
50.3269	-3.91232	212.573	0	
50.14	-3.70504	211.01	0	
50.645	-3.91075	212.085	0	
49.1201	-2.4006	204.711	0	
48.9678	-2.09664	204.264	0	
46.5214	-3.35556	208.945	0	
46.2351	-4.1778	210.16	0	
47.0877	-4.29387	210.949	0	
47.5206	-4.33818	211.388	0	
51.0488	-2.84669	206.666	0	
50.4429	-2.22573	202.784	0	
49.7563	-1.84969	202.444	0	
49.4735	-2.18016	203.718	0	
49.6119	-2.35559	204.428	0	
49.1945	-2.21794	204.408	0	
45.8419	-3.47572	209.173	0	
46.369	-3.76907	209.596	0	
46.476	-4.48899	210.62	0	
46.6365	-4.12025	210.296	0	
46.8978	-4.43688	210.871	0	
47.122	-4.82228	211.252	0	
45.8885	-4.25686	209.998	0	
45.7622	-4.61012	210.171	0	
46.4885	-4.80848	210.92	0	
46.904	-4.65201	211.166	0	
45.7955	-4.87728	210.275	0	
46.1056	-4.54012	210.354	0	
46.0372	-4.11583	210.141	0	
45.314	-4.25138	209.863	0	
45.977	-3.90471	209.583	0	
45.6937	-4.18583	209.942	0	
45.186	-4.62469	209.969	0	
45.5651	-4.55	210.177	0	
46.1415	-3.71306	209.629	0	
45.6919	-3.62823	209.074	0	
46.0281	-5.24027	209.945	0	
46.3083	-4.9419	210.503	0	
45.3818	-4.01579	209.51	0	
44.8788	-4.09874	209.32	0	
45.0312	-4.76877	209.795	0	
45.4161	-4.94032	209.977	0	
46.262	-3.29321	209.047	0	
45.934	-3.10424	208.643	0	
45.3868	-3.32171	208.507	0	
45.2815	-3.81669	209.238	0	
44.9046	-3.37732	208.431	0	
45.0404	-3.8519	209.178	0	
44.6642	-4.03014	209.262	0	
44.3881	-4.57984	209.589	0	
44.8152	-4.6916	209.76	0	
44.7826	-5.09296	209.51	0	
45.7836	-3.26459	208.662	0	
46.1691	-3.10944	208.651	0	
44.6097	-3.77559	208.951	0	
44.2812	-4.07408	209.263	0	
44.4591	-4.83333	209.645	0	
44.7552	-4.47439	209.624	0	
45.3526	-2.80057	208.564	0	
45.1716	-3.22189	208.614	0	
46.2396	-2.81734	208.241	0	
46.0338	-2.58906	208.582	0	
44.8552	-3.62656	208.945	0	
44.6325	-3.12242	208.186	0	
45.3718	-2.57291	208.34	0	
44.9551	-2.53613	208.343	0	
45.5905	-2.48207	208.819	0	
45.4124	-2.10663	209.711	0	
44.7567	-2.41614	209.005	0	
44.7039	-2.84026	208.319	0	
45.8153	-2.68266	208.308	0	
46.0264	-2.28623	208.587	0	
45.4265	-1.87128	209.473	0	
45.017	-1.82578	209.938	0	
44.9895	-2.06512	209.949	0	
44.336	-2.24354	209.283	0	
46.4257	-2.28856	208.359	0	
46.0401	-1.77285	210.442	0	
45.6357	-1.77074	210.787	0	
45.5652	-1.32677	212.817	0	
44.8306	-1.68978	211.704	0	
44.5456	-2.08149	210.158	0	
44.1138	-2.18517	209.589	0	
43.9481	-2.54387	208.803	0	
45.8389	-1.90385	209.542	0	
46.0078	-1.47667	211.152	0	
45.7464	-1.48493	210.949	0	
45.2883	-0.937129	215.068	0	
44.8494	-1.46774	211.818	0	
44.4399	-1.50457	212.118	0	
44.1535	-1.93429	210.978	0	
43.5993	-2.01238	210.64	0	
43.7402	-2.70826	208.569	0	
44.1523	-2.93359	208.273	0	
46.4422	-1.54768	210.547	0	
46.2281	-1.09839	212.805	0	
45.0637	-1.34505	213.593	0	
44.8	-1.04814	216.651	0	
44.2324	-1.45121	214.99	0	
43.9639	-1.78489	211.405	0	
43.694	-2.24326	209.681	0	
43.6691	-1.82678	211.801	0	
43.4716	-2.61811	208.872	0	
43.4823	-3.27598	208.563	0	
44.7353	-0.832837	214.923	0	
44.3566	-0.82729	216.719	0	
44.3906	-1.07694	218.017	0	
43.0934	-1.16085	216.966	0	
42.98	-2.30333	210.406	0	
43.2034	-2.75077	208.934	0	
43.2594	-1.57861	213.572	0	
42.8967	-1.70719	212.598	0	
44.9049	-0.650686	219.53	0	
44.6802	-0.20285	227.732	0	
43.8981	-0.885583	217.797	0	
44.202	-1.21208	214.786	0	
43.9557	-1.12994	217.449	0	
44.1104	-0.718074	222.48	0	
43.4921	-1.58125	213.086	0	
43.0547	-1.3813	215.054	0	
45.2248	-0.689176	213.189	0	
45.4512	-0.392389	213.715	0	
43.9597	-0.405854	222.678	0	
44.4379	-0.384719	217.855	0	
43.577	-0.223985	222.743	0	
43.5678	-1.33739	215.979	0	
43.3737	-1.11429	216.664	0	
46.826	-2.25765	207.983	0	
47.0525	-2.65341	207.802	0	
46.627	-2.15131	208.778	0	
46.4221	-2.63042	208.378	0	
46.6209	-1.92336	208.955	0	
46.2358	-2.17265	209.198	0	
46.8086	-1.79725	209.203	0	
46.6577	-1.44205	210.834	0	
47.0532	-1.93039	208.034	0	
47.2426	-1.58116	208.374	0	
46.6716	-1.19017	211.784	0	
46.226	-1.36355	211.917	0	
47.6746	-1.56536	206.87	0	
46.9845	-0.867029	212.74	0	
46.8853	-1.08519	211.995	0	
46.4816	-0.764772	214.163	0	
47.8415	-0.943246	207.307	0	
47.2809	-0.841881	210.595	0	
47.0876	-1.22943	210.443	0	
47.4882	-1.18991	208.208	0	
46.3268	-0.313696	215.424	0	
45.9389	-0.895686	213.849	0	
47.3081	-1.08738	210.263	0	
47.769	-1.17615	207.651	0	
49.603	-5.01618	213.826	0	
50.84	-4.76383	215.129	0	
51.3171	-2.61718	204.28	0	
51.0122	-2.12851	202.455	0	
50.2518	-2.37898	203.824	0	
50.3921	-1.92567	202.184	0	
50.5837	-1.7932	201.032	0	
50.3854	-1.46797	200.278	0	
50.4061	-1.24589	200.482	0	
50.0051	-1.23892	201.509	0	
50.5979	-1.14896	198.94	0	
50.4232	-0.811971	198.462	0	
49.8062	-1.11802	201.607	0	
49.5722	-1.44629	202.338	0	
50.7716	-1.25751	199.767	0	
51.0051	-0.964162	198.693	0	
50.4374	-0.587916	199.292	0	
50.0255	-0.561529	201.146	0	
49.3465	-1.53307	203.164	0	
49.5306	-1.94494	203.274	0	
50.7676	-1.46586	199.805	0	
51.4672	-1.4504	199.437	0	
50.5733	-1.5794	200.845	0	
51.147	-1.96126	201.539	0	
51.1313	-1.3092	199.426	0	
50.9884	-1.61055	200.271	0	
51.6649	-1.83042	200.513	0	
51.7619	-0.907356	198.191	0	
51.3608	-1.62509	199.857	0	
51.1542	-1.53535	199.775	0	
51.7563	-2.02776	201.351	0	
51.4554	-1.808	200.673	0	
50.7856	-1.87476	201.459	0	
50.8127	-2.08243	202.219	0	
50.6616	-2.30093	203.051	0	
51.0258	-2.36008	203.006	0	
51.3487	-0.941702	198.191	0	
51.2064	-0.684193	197.774	0	
50.0108	-0.776736	200.674	0	
50.6971	-0.467949	196.362	0	
49.8503	-0.419851	202.909	0	
49.1573	-1.38771	203.468	0	
48.8451	-1.74033	203.946	0	
52.0962	-1.48204	199.108	0	
51.7788	-1.27367	198.818	0	
51.3787	-0.623653	197.506	0	
51.4387	-1.09976	198.572	0	
51.2445	-2.37545	203.834	0	
51.5869	-2.62066	204.807	0	
51.7772	-2.93497	206.621	0	
52.0349	-2.65694	204.625	0	
51.9627	-2.05709	201.383	0	
51.986	-1.6672	199.832	0	
50.8921	-0.588656	198.095	0	
50.3618	-0.120278	194.216	0	
49.1862	-1.14545	203.88	0	
48.7585	-1.23263	204.303	0	
52.4033	-1.65864	199.365	0	
52.295	-1.0946	198.171	0	
51.9675	-0.902235	198.079	0	
51.9734	-0.551477	197.727	0	
52.0866	-1.09458	198.362	0	
52.3842	-0.902269	197.949	0	
52.0834	-0.307507	198.164	0	
51.7708	-0.127051	197.321	0	
52.5927	-0.902278	197.642	0	
52.5984	-0.551501	197.31	0	
52.7013	-1.07049	197.756	0	
52.2917	-0.307576	197.599	0	
51.6146	-0.217273	197.386	0	
53.0155	-0.908168	197.171	0	
52.7604	-0.397719	196.528	0	
52.3958	-0.12712	198.706	0	
51.2207	-0.197339	196.637	0	
51.4062	-0.0902224	197.236	0	
52.4146	-1.26777	198.386	0	
52.9175	-1.46628	198.536	0	
53.2271	-0.916517	197.06	0	
53.1304	-0.427459	195.919	0	
50.9603	-0.107116	196.223	0	
52.9688	-0.0901996	195.954	0	
50.6971	-0.227394	197.887	0	
51.4124	-0.44757	197.266	0	
51.2268	-0.374242	197.136	0	
51.1794	-0.88019	197.838	0	
51.4737	-0.749247	197.877	0	
52.3104	-1.46417	199.072	0	
52.731	-1.4537	198.571	0	
53.0008	-1.89969	200.262	0	
53.5424	-1.11687	197.048	0	
52.9692	-0.514751	196.768	0	
52.7604	-0.217319	197.115	0	
53.4977	-2.06491	201.089	0	
53.5115	-1.57437	198.489	0	
53.2845	-1.55174	198.349	0	
53.6589	-1.76969	199.008	0	
53.4565	-0.3759	195.61	0	
53.2863	-0.0931068	195.552	0	
53.6428	-0.482543	195.94	0	
53.9062	-0.0835664	195.001	0	
53.5818	-0.69313	196.161	0	
53.4489	-0.188253	195.744	0	
53.9015	-0.878351	196.363	0	
54.4011	-0.203748	193.361	0	
54.0576	-0.171016	195.619	0	
53.7914	-0.378462	195.077	0	
54.0036	-0.46901	195.952	0	
54.3592	-0.389441	196.31	0	
54.2139	-0.0874499	195.419	0	
54.4587	-0.597509	193.862	0	
54.8459	-0.390723	190.724	0	
51.921	-2.43945	203.22	0	
52.3827	-2.08297	201.021	0	
49.4004	-1.0565	203.263	0	
49.1753	-0.640057	205.314	0	
53.3302	-1.10878	197.219	0	
53.6822	-0.880201	196.398	0	
53.9318	-1.67518	198.491	0	
53.6555	-1.31689	197.802	0	
54.0748	-1.11012	197.174	0	
54.6802	-0.686241	198.053	0	
52.0217	-2.93644	206.347	0	
52.2576	-2.26866	202.636	0	
52.5982	-2.08383	201.319	0	
52.626	-1.67229	199.414	0	
53.6321	-2.34329	201.588	0	
54.3892	-1.81599	198.854	0	
54.3219	-1.03092	195.99	0	
54.546	-1.12411	198.125	0	
52.337	-3.12876	207.012	0	
52.2591	-2.53043	203.589	0	
52.7168	-2.30251	202.525	0	
53.1441	-2.1297	201.031	0	
55.2381	-1.90408	199.876	0	
54.3791	-1.53734	198.792	0	
54.583	-1.39673	197.33	0	
54.9959	-1.29101	197.951	0	
52.5028	-2.56341	204.207	0	
52.5939	-2.88224	205.776	0	
54.6817	-2.00158	200.241	0	
54.8124	-1.47785	198.994	0	
55.2717	-1.38127	199.142	0	
55.2343	-0.957314	199.71	0	
55.4253	-1.66814	198.951	0	
55.7766	-1.27381	198.902	0	
42.7793	-0.976369	218.042	0	
42.5896	-1.19175	217.443	0	
47.6866	-1.89173	206.64	0	
45.806	-0.376872	214.197	0	
48.0328	-1.6714	205.774	0	
46.0143	-0.135533	214.176	0	
46.0092	-0.648867	214.056	0	
49.8052	-0.875954	202.281	0	
49.6039	-0.707592	203.372	0	
49.2283	-0.341374	205.277	0	
49.4914	-0.254592	205.963	0	
48.695	-0.306546	205.638	0	
52.4356	-3.44991	211.597	0	
53.1275	-3.08772	207.526	0	
53.1077	-2.59558	204.482	0	
52.9314	-2.86995	205.086	0	
54.6688	-2.32773	202.023	0	
54.9367	-2.54604	202.484	0	
49.692	-0.085405	206.76	0	
49.6343	-0.466695	204.124	0	
50.2444	-0.469704	198.115	0	
49.9158	-0.207747	200.617	0	
47.8388	-0.208685	206.171	0	
48.6402	-0.599056	205.657	0	
53.7316	-3.45368	208.841	0	
54.2377	-2.51503	202.956	0	
48.3007	-7.80908	193.101	0	
48.8915	-8.27505	181.403	0	
49.8637	-7.51675	195.304	0	
50.1825	-7.42176	194.719	0	
50.2081	-7.09012	200.692	0	
50.7525	-7.02287	203.414	0	
50.6247	-5.74581	213.259	0	
50.4082	-5.12793	215.145	0	
50.0356	-5.5994	213.186	0	
50.3356	-5.48705	213.713	0	
50.3727	-4.50048	214.36	0	
50.2014	-4.81664	214.366	0	
48.1466	-0.343044	205.319	0	
54.3867	-3.45744	209.179	0	
54.1272	-2.89594	205.375	0	
47.7762	-8.38602	180.849	0	
48.3846	-9.31357	163.244	0	
49.3031	-8.51494	175.161	0	
49.7767	-8.24578	184.956	0	
49.6656	-7.86149	185.901	0	
50.1179	-8.27499	180.067	0	
50.7971	-7.50053	193.7	0	
50.4276	-6.82566	200.974	0	
52.0083	-6.90397	203.627	0	
51.6979	-5.94006	212.881	0	
50.9695	-5.66123	212.924	0	
50.7343	-5.07959	214.712	0	
51.1621	-4.80672	215.425	0	
51.2357	-3.95601	212.117	0	
47.282	-7.80289	189.211	0	
47.0415	-9.2534	167.598	0	
48.3581	-8.61494	174.508	0	
47.9435	-8.70109	175.068	0	
51.215	-6.03755	213.154	0	
51.3348	-4.55008	215.143	0	
51.7226	-5.3587	215.876	0	
52.0539	-4.80195	216.196	0	
50.8875	-3.6904	211.91	0	
50.8453	-4.26326	213.557	0	
41.0469	-7.37747	204.356	0	
41.2828	-7.70476	201.598	0	
44.2885	-6.34439	205.198	0	
44.0917	-6.81841	203.634	0	
45.2643	-7.26397	197.083	0	
45.8775	-6.67653	202.256	0	
35.8871	-5.95896	217.939	0	
36.9575	-6.42842	217.257	0	
37.3645	-6.50975	216.158	0	
37.9367	-5.89582	216.119	0	
33.1306	-5.7817	216.345	0	
34.3307	-6.11575	218.35	0	
34.8241	-6.7541	219.038	0	
35.5033	-6.2029	217.954	0	
37.38	-7.25711	214.402	0	
37.6076	-7.70526	213.188	0	
39.6583	-7.32238	208.351	0	
40.0348	-7.01569	209.534	0	
52.0052	-3.79642	212.239	0	
52.9853	-4.04803	214.592	0	
54.4428	-3.07843	206.643	0	
55.5213	-2.65056	203.476	0	
53.2926	-3.43794	210.426	0	
52.8403	-4.80657	216.472	0	
54.7103	-3.63381	210.287	0	
54.8212	-2.91583	206.268	0	
50.234	-8.6623	176.536	0	
50.5845	-8.5544	173.5	0	
50.9768	-8.0602	183.37	0	
51.4808	-7.12291	202.881	0	
48.2095	-10.1082	149.613	0	
49.528	-9.63017	153.553	0	
51.6989	-4.54449	215.516	0	
52.1108	-5.1869	216.429	0	
40.6126	-7.43636	204.941	0	
40.363	-7.87827	202.827	0	
43.6107	-6.84914	202.69	0	
43.812	-8.18121	191.648	0	
45.1353	-7.83817	193.068	0	
45.4427	-8.20103	186.746	0	
32.924	-6.23031	218.134	0	
33.2787	-6.49268	218.236	0	
34.0201	-6.37684	218.604	0	
35.329	-7.47372	218.388	0	
54.7315	-4.01712	213.292	0	
55.5626	-3.9467	212.659	0	
50.1079	-9.01696	161.072	0	
50.3265	-9.60516	151.264	0	
51.3197	-8.61353	170.531	0	
51.0532	-7.71705	191.852	0	
52.6281	-5.43739	216.224	0	
52.4826	-4.65655	215.975	0	
41.4438	-8.49199	192.961	0	
42.9736	-7.77802	196.43	0	
54.0613	-4.03188	213.255	0	
54.8141	-4.83585	216.174	0	
49.5965	-9.20158	165.15	0	
50.6068	-9.86049	151.59	0	
51.1581	-9.41059	160.857	0	
53.4923	-8.20662	181.034	0	
51.3864	-8.26549	184.007	0	
51.6836	-7.93171	188.279	0	
52.1596	-6.32635	212.718	0	
53.3196	-5.32003	217.08	0	
53.2243	-4.42262	215.524	0	
54.4372	-4.62998	215.779	0	
54.5532	-5.4441	216.024	0	
55.1313	-5.49842	215.064	0	
50.4112	-10.3018	138.005	0	
51.4682	-10.2035	142.539	0	
53.4933	-5.68775	213.755	0	
53.6549	-4.41177	216.776	0	
50.3893	-9.28316	164.31	0	
51.0682	-9.80469	145.582	0	
53.9014	-5.72514	215.321	0	
54.0907	-4.95048	217.312	0	
49.9767	-9.76754	151.319	0	
50.4705	-11.3111	117.296	0	
50.0355	-10.251	144.528	0	
49.5718	-10.4029	139.732	0	
51.277	-10.7228	129.46	0	
52.1106	-9.38841	158.357	0	
54.1472	-6.14393	211.694	0	
54.8639	-5.20583	215.799	0	
53.3554	-6.57228	206.776	0	
54.5212	-7.2149	200.511	0	
54.492	-6.16443	212.759	0	
54.9708	-5.87073	213.812	0	
54.8523	-6.44279	208.906	0	
55.4328	-5.56356	215.191	0	
55.8148	-6.26417	209.722	0	
56.7648	-5.28813	214.953	0	
55.1311	-6.21009	211.907	0	
55.4823	-6.0802	212.537	0	
71.8817	-0.975168	228.82	0	
71.5186	-1.06866	223.838	0	
71.2046	-0.824259	231.922	0	
70.3128	-1.61596	216.241	0	
71.0966	-2.23502	210.036	0	
71.5641	-1.71523	215.329	0	
69.8637	-2.17503	209.01	0	
70.7619	-2.02962	213.542	0	
69.8025	-2.67755	210.292	0	
70.1243	-2.94116	207.841	0	
70.1015	-3.36693	210.563	0	
70.4752	-3.5765	209.49	0	
63.9871	-0.74316	209.803	0	
63.1931	-1.24872	207.668	0	
64.6045	-1.28114	206.359	0	
64.1742	-0.610136	209.918	0	
65.0685	-0.777135	210.901	0	
64.4081	-0.793305	208.765	0	
65.0735	-0.410503	207.514	0	
64.6321	-0.722001	207.679	0	
64.2204	-0.311644	210.352	0	
63.4375	-0.121303	215.496	0	
63.1763	-0.272102	214.686	0	
64.5833	-0.165467	205.946	0	
63.4587	-0.721393	211.357	0	
62.8638	-0.150799	216.753	0	
62.2708	-0.462772	205.07	0	
62.0625	-0.894289	206.159	0	
62.2789	-1.26452	205.291	0	
63.4019	-1.79417	205.773	0	
63.701	-1.67573	206.521	0	
62.4904	-2.52324	206.596	0	
63.1931	-1.61528	206.835	0	
63.3963	-2.15232	205.592	0	
63.8866	-1.90728	205.416	0	
63.1435	-2.36197	206.258	0	
64.1943	-2.46182	206.592	0	
64.1735	-1.89583	206.013	0	
64.0703	-1.27973	206.861	0	
64.3471	-2.18128	205.322	0	
64.7456	-1.82771	205.732	0	
63.8334	-2.46968	205.745	0	
63.7822	-3.21122	208.727	0	
65.0626	-1.75165	206.803	0	
64.8078	-1.21625	207.409	0	
65.4276	-1.90067	207.931	0	
65.6536	-1.58956	207.3	0	
62.8466	-1.06115	208.465	0	
62.8755	-1.6661	206.021	0	
62.6612	-1.93679	205.813	0	
62.6445	-2.84431	207.128	0	
63.6249	-2.80309	207.424	0	
63.9978	-4.04177	212.445	0	
64.8252	-3.41044	209.529	0	
64.3668	-2.83799	207.325	0	
62.0715	-1.59847	205.605	0	
61.2572	-1.96447	204.591	0	
62.4487	-3.13076	208.925	0	
62.6008	-3.51625	209.736	0	
61.9195	-2.18392	205.72	0	
61.4811	-2.21831	204.877	0	
61.8716	-2.78729	207.011	0	
62.3357	-3.7781	211.25	0	
61.4357	-2.81802	206.932	0	
60.8503	-3.32356	208.871	0	
62.3634	-4.26147	213.714	0	
63.1866	-3.81787	211.388	0	
84.0333	-0.610136	224.054	0	
82.7667	-1.22731	214.831	0	
84.2204	-0.311644	225.1	0	
83.4375	-0.121303	217.777	0	
83.1763	-0.272102	211.533	0	
84.5833	-0.165467	240.95	0	
83.4587	-0.721393	214.691	0	
82.8638	-0.150799	209.575	0	
82.5538	-0.33555	213.575	0	
83.5025	-1.85851	207.37	0	
83.8885	-1.21489	214.168	0	
83.5144	-2.3524	204.345	0	
84.3251	-2.29623	206.229	0	
157.609	-0.400919	164.527	0	
158.167	-0.661991	151.684	0	
157.862	-1.10798	159.688	0	
158.755	-0.457992	145.39	0	
158.102	-0.303036	149.607	0	
158.463	-1.59127	149.055	0	
158.414	-0.170739	144.93	0	
159.364	-1.34789	140.227	0	
158.612	-0.816947	143.778	0	
-32.7879	-1.80436	188.132	0	
-31.9571	-2.15448	188.39	0	
-33.1356	-2.37428	185.7	0	
-32.2763	-2.09887	187.348	0	
-32.762	-3.04782	186.767	0	
-32.5031	-2.33267	186.313	0	
-31.7509	-2.42815	186.91	0	
-31.5693	-1.79031	190.903	0	
-31.8497	-2.74084	187.301	0	
-31.1996	-2.67696	187.883	0	
-32.2827	-2.70096	186.376	0	
-31.7648	-3.3301	191.135	0	
-30.9098	-2.64274	188.118	0	
-31.3101	-2.17139	188.488	0	
-30.6831	-2.87937	188.665	0	
-30.5342	-2.32944	188.465	0	
-31.0997	-3.22554	190.382	0	
-30.5596	-3.44417	193.038	0	
-30.4213	-2.02542	188.868	0	
-30.6032	-1.7895	190.681	0	
-30.1661	-3.07511	189.79	0	
-29.6966	-2.86054	188.637	0	
-30.58	-1.4582	193.81	0	
-30.8985	-1.26898	193.734	0	
-29.5444	-2.41889	187.511	0	
-29.6916	-2.18727	188.903	0	
-29.6275	-1.86957	190.282	0	
-30.1434	-2.00599	189.495	0	
-29.0405	-1.75405	191.436	0	
-29.3812	-1.27809	196.023	0	
-32.6988	-4.03062	200.23	0	
-32.5693	-3.72458	193.993	0	
-31.5621	-3.60253	193.7	0	
-30.7625	-3.17781	190.278	0	
-28.8366	-1.44937	194.321	0	
-29.0868	-1.11866	197.143	0	
-31.6966	-3.91423	198.558	0	
-31.4841	-4.19333	203.801	0	
-31.2248	-3.54733	193.67	0	
-30.6884	-3.75337	196.612	0	
-32.0333	-3.95224	198.056	0	
-31.6217	-4.50525	210.178	0	
-31.4238	-4.78594	217.798	0	
-30.5854	-4.3394	206.439	0	
-30.4745	-4.02709	202.455	0	
-30.2078	-3.39566	192.821	0	
-32.2416	-3.68056	194.5	0	
-32.5086	-4.29862	203.313	0	
-30.924	-4.39998	209.674	0	
-29.5709	-4.15904	204.58	0	
-32.7835	-3.45113	190.234	0	
-33.2735	-3.78205	194.061	0	
-32.7514	-4.54006	208.503	0	
-32.4885	-4.96925	220.131	0	
-33.8463	-4.11617	199.394	0	
-33.0443	-4.06247	198.619	0	
-33.1112	-4.98016	219.513	0	
-33.5716	-5.24723	225.919	0	
-32.9054	-5.37702	233.871	0	
-31.5762	-5.08775	225.805	0	
-33.4957	-2.15636	185.927	0	
-33.699	-2.91042	184.963	0	
-31.9179	-5.13369	226.169	0	
-31.3625	-5.38436	237.512	0	
-32.0444	-5.45818	238.66	0	
-31.4975	-5.72442	245.82	0	
-31.1023	-6.05967	263.585	0	
-30.7359	-5.96704	253.199	0	
-32.3678	-5.50732	238.898	0	
-32.955	-6.2399	263.046	0	
-32.0809	-6.00473	251.831	0	
-32.7052	-6.18439	263.743	0	
-31.0691	-4.73089	215.317	0	
-30.0411	-4.5695	211.985	0	
-30.5201	-4.91938	220.439	0	
-29.815	-5.39055	241.904	0	
-29.4919	-5.37165	233.579	0	
-29.8509	-4.83867	222.896	0	
-30.3271	-5.17342	232.136	0	
-30.4496	-5.48864	239.169	0	
-29.3107	-5.64713	250.556	0	
-28.5555	-4.99682	229.515	0	
-30.7837	-5.58626	245.608	0	
-30.3705	-6.09618	257.428	0	
-29.9348	-5.71906	245.214	0	
-28.8435	-6.09684	260.94	0	
-28.8769	-4.33063	206.239	0	
-29.4129	-4.81679	216.168	0	
-30.1231	-6.50554	290.66	0	
-29.7206	-6.07374	268.951	0	
-28.5217	-6.27959	275.892	0	
-28.2296	-6.00951	257.421	0	
-30.4571	-7.08269	308.718	0	
-29.0592	-7.52377	328.598	0	
-28.528	-6.80906	290.21	0	
-26.8568	-6.7764	295.401	0	
-27.2068	-5.92566	262.857	0	
-28.5381	-4.63151	213.862	0	
-29.4196	-6.02071	256.183	0	
-29.7741	-6.5335	272.038	0	
-29.6147	-3.75295	197.197	0	
-29.9951	-3.68047	197.456	0	
-33.3366	-3.07113	186.274	0	
-33.9169	-3.15887	186.904	0	
-33.6398	-1.49513	191.596	0	
-34.6397	-1.47976	193.198	0	
-27.5913	-5.36681	236.766	0	
-27.9014	-4.69737	218.09	0	
-29.1486	-6.65018	285.19	0	
-30.1049	-7.62077	329.05	0	
-28.0452	-7.07764	312.311	0	
-27.3052	-8.84347	387.684	0	
-26.7495	-5.25757	234.228	0	
-27.5838	-4.57039	215.269	0	
-29.4668	-7.36337	313.842	0	
-28.8467	-6.9991	304.909	0	
-34.2885	-2.98859	185.891	0	
-34.4031	-3.32081	188.075	0	
-27.5224	-4.17327	205.011	0	
-28.1078	-3.72801	197.498	0	
-30.9143	-8.32595	371.492	0	
-29.7087	-8.58465	385.649	0	
-34.4601	-2.66792	186.097	0	
-35.2257	-3.21728	187.495	0	
-26.8393	-4.39562	209.066	0	
-27.1079	-3.6333	196.352	0	
-34.2096	-2.31189	184.998	0	
-35.004	-2.38914	186.224	0	
-25.8735	-3.87103	201.427	0	
-26.8231	-3.43461	193.964	0	
-26.5405	-2.81214	190.625	0	
-27.5519	-2.91307	189.394	0	
-34.7756	-2.01808	187.84	0	
-34.3707	-2.01517	188.637	0	
-34.675	-1.09632	197.366	0	
-35.4027	-1.34717	194.805	0	
-26.7935	-2.10912	190.204	0	
-27.2012	-2.65822	189.101	0	
-26.2799	-3.11994	192.231	0	
-25.3947	-2.54501	191.605	0	
-25.6037	-2.08975	193.237	0	
-26.1563	-2.31969	191.257	0	
-25.0216	-2.09727	192.758	0	
-25.7845	-1.55291	196.113	0	
-24.1874	-1.64986	198.521	0	
-24.5587	-1.03201	203.415	0	
-25.8927	-1.16753	203.114	0	
-26.7252	-1.78393	193.987	0	
-26.5436	-1.41778	196.741	0	
-26.8893	-1.46694	196.651	0	
-24.0286	-1.25214	201.304	0	
-24.6567	-0.691221	208.199	0	
-25.2817	-0.955643	204.263	0	
-24.752	-1.35272	201.128	0	
-102.788	-1.80436	188.075	0	
-101.987	-2.15796	185.405	0	
-103.062	-2.35557	184.152	0	
-102.276	-2.09887	186.373	0	
-102.509	-3.0612	180.385	0	
-102.501	-2.34844	184.023	0	
-101.777	-2.42337	184.37	0	
-101.577	-1.93789	187.17	0	
-101.849	-2.76832	181.317	0	
-101.269	-2.52011	183.927	0	
-101.399	-1.74405	189.002	0	
-101.889	-1.61541	189.544	0	
-100.994	-2.26489	184.362	0	
-101.039	-1.24984	192.115	0	
-100.287	-1.90571	187.1	0	
-100.844	-1.51382	190.842	0	
-102.284	-2.75248	182.238	0	
-101.772	-3.5141	181.177	0	
-103.202	-3.26242	180.646	0	
-102.887	-4.06777	182.57	0	
-101.578	-3.86008	181.461	0	
-100.911	-3.74833	180.798	0	
89.7121	-1.80436	202.351	0	
90.5132	-2.15796	200.575	0	
89.6481	-2.22143	201.478	0	
90.2237	-2.09887	201.774	0	
88.9829	-2.10137	201.275	0	
90.2809	-3.50808	200.735	0	
90.7228	-2.42337	201.496	0	
90.9233	-1.93789	200.843	0	
90.6507	-2.76832	199.744	0	
91.2307	-2.52011	201.511	0	
91.1012	-1.74405	199.734	0	
90.6112	-1.61541	199.942	0	
91.5059	-2.26489	200.534	0	
91.4615	-1.24984	200.271	0	
92.2127	-1.90571	199.98	0	
91.6556	-1.51382	199.535	0	
90.2193	-2.78443	201.484	0	
90.7282	-3.5141	198.614	0	
90.0082	-3.12453	198.938	0	
89.538	-3.13179	200.999	0	
90.922	-3.86008	199.78	0	
91.5887	-3.74833	199.157	0	
-36.5581	-0.164914	200.336	0	
-36.2456	-0.34823	202.1	0	
132.237	-2.16515	201.593	0	
131.626	-1.44573	203.611	0	
131.422	-1.93065	202.172	0	
131.597	-1.08283	201.523	0	
131.286	-0.836885	209.246	0	
131.157	-2.1243	200.134	0	
131.343	-2.67765	200.545	0	
130.772	-2.02698	202.451	0	
130.197	-2.30967	200.409	0	
131.253	-3.17605	202.61	0	
131.983	-3.273	203.052	0	
132.292	-2.59346	201.723	0	
132.644	-2.65468	202.445	0	
130.035	-2.92577	201.417	0	
130.759	-2.64864	200.689	0	
133.115	-3.52218	203.725	0	
132.86	-2.96703	202.341	0	
133.303	-2.84418	203.369	0	
132.919	-2.28311	202.493	0	
133.551	-3.08347	202.946	0	
133.878	-2.98543	203.773	0	
133.472	-3.417	204.412	0	
134.108	-3.27302	203.415	0	
134.86	-2.78377	203.788	0	
134.648	-2.14967	203.99	0	
134.505	-2.77544	203.045	0	
134.931	-2.46888	202.967	0	
134.58	-1.7603	204.763	0	
133.977	-1.52747	205.701	0	
134.419	-3.15902	203.968	0	
135.542	-3.58008	204.23	0	
133.441	-1.87113	203.965	0	
134.129	-2.03557	204.334	0	
133.254	-2.25359	203.725	0	
133.85	-2.10262	203.575	0	
134.713	-3.41005	203.798	0	
134.239	-3.94732	205.331	0	
132.751	-3.31151	203.673	0	
133.566	-4.04747	205.413	0	
132.364	-3.53258	203.336	0	
132.467	-3.96562	205.297	0	
133.74	-4.3435	206.891	0	
134.104	-4.28929	206.474	0	
132.071	-4.31158	206.119	0	
132.835	-4.9354	208.667	0	
133.106	-4.62092	207.414	0	
134.147	-4.94504	208.74	0	
134.709	-4.47962	207.16	0	
134.632	-3.81211	205.342	0	
133.054	-5.55854	211.064	0	
133.954	-5.93249	212.566	0	
134.855	-4.83979	208.81	0	
135.538	-4.7985	208.657	0	
133.537	-5.60081	211.065	0	
134.902	-5.73407	211.446	0	
-113.091	-2.5357	185.115	0	
-112.444	-2.86082	183.079	0	
-112.459	-3.55112	180.524	0	
-111.06	-2.60644	184.055	0	
-130.025	-2.55237	184.401	0	
-129.766	-1.93617	189.191	0	
-130.661	-2.84657	182.462	0	
-129.42	-2.84622	182.805	0	
-129.855	-3.94228	181.739	0	
-129.765	-3.17804	180.709	0	
-129.051	-2.91287	181.551	0	
-128.882	-2.56775	184.715	0	
-128.929	-3.24872	181.644	0	
-128.251	-3.17872	181.809	0	
-128.453	-2.14021	188.666	0	
-128.419	-1.50964	197.434	0	
-129.184	-3.51821	180.635	0	
-128.808	-4.01413	182.263	0	
-128.059	-2.25535	185.735	0	
-128.436	-1.09317	197.062	0	
-129.397	-0.917372	197.787	0	
-128.642	-1.79123	189.657	0	
-129.651	-3.51417	181.452	0	
-130.293	-4.1263	184.383	0	
-128.739	-4.40017	188.397	0	
-128.12	-4.3243	186.378	0	
-130.36	-4.65595	188.973	0	
-129.912	-5.38305	204.896	0	
-129.466	-4.64253	189.396	0	
-127.938	-5.52153	206.993	0	
-127.759	-4.45644	186.963	0	
-127.55	-3.13938	182.259	0	
-129.911	-4.92117	192.877	0	
-128.921	-5.49868	205.459	0	
-128.767	-5.07847	199.528	0	
-128.426	-5.75695	216.16	0	
-127.675	-4.85221	193.367	0	
-127.057	-4.80531	193.226	0	
-127.467	-3.90397	181.283	0	
-127.064	-3.62566	182.02	0	
-127.583	-5.68977	208.846	0	
-127.321	-5.02297	195.052	0	
-126.7	-4.97669	194.686	0	
-126.365	-4.36969	184.816	0	
-127.58	-2.79143	181.907	0	
-128.275	-2.79759	182.649	0	
-127.544	-6.11636	227.215	0	
-126.275	-5.50935	205.063	0	
-126.613	-5.36216	203.2	0	
-126.016	-5.28532	201.437	0	
-127.306	-2.59404	185.458	0	
-127.77	-2.09604	190.418	0	
-126.877	-2.98809	183.186	0	
-126.71	-2.12554	187.749	0	
-126.275	-3.10728	181.48	0	
-126.773	-2.49428	186.253	0	
-125.937	-2.90845	183.851	0	
-125.82	-2.48576	185.283	0	
-127.935	-6.54097	236.225	0	
-127.73	-7.17638	267.798	0	
-126.839	-6.08173	224.436	0	
-126.467	-6.23972	225.602	0	
-125.697	-5.44396	200.957	0	
-125.232	-4.29478	185.327	0	
-125.6	-5.75174	214.384	0	
-125.181	-5.19011	195.61	0	
-125.488	-5.11506	197.881	0	
-124.978	-4.77474	190.311	0	
-126.195	-5.94021	217.374	0	
-125.186	-6.12622	223.632	0	
-125.969	-6.65233	242.133	0	
-125.402	-6.36148	231.715	0	
-124.84	-6.20269	221.657	0	
-124.623	-5.96666	218.747	0	
-126.338	-6.64796	237.288	0	
-125.638	-6.96403	252.492	0	
-124.954	-6.85088	244.329	0	
-124.735	-6.52463	239.668	0	
-126.58	-6.96569	257.488	0	
-125.693	-7.34964	271.833	0	
-124.89	-7.60359	284.33	0	
-124.35	-7.19251	268.123	0	
-124.242	-6.04517	218.734	0	
-122.929	-5.19726	194.945	0	
-123.911	-4.49027	186.513	0	
-124.486	-5.34263	197.821	0	
-123.545	-7.53451	292.872	0	
-122.798	-6.60663	224.996	0	
-127.021	-6.81623	252.596	0	
-126.883	-7.69975	292.749	0	
-124.756	-7.20928	260.632	0	
-124.338	-6.78593	237.469	0	
-127.001	-8.31417	313.1	0	
-125.557	-8.23687	316.579	0	
-125.321	-7.68767	286.993	0	
-124.171	-7.70227	277.052	0	
-126.046	-8.22163	307.98	0	
-125.252	-8.64329	337.243	0	
-110.356	-3.69627	181.604	0	
-109.934	-4.23658	184.648	0	
-110.6	-3.52553	180.542	0	
-110.957	-4.17685	183.082	0	
-110.226	-4.82116	193.259	0	
-108.889	-4.23309	183.355	0	
-110.49	-3.16255	181.098	0	
-111.262	-2.94816	182.464	0	
-111.815	-3.25331	180.919	0	
-111.175	-3.84088	180.598	0	
-111.123	-4.54212	186.458	0	
-110.864	-4.80846	190.391	0	
-112.005	-4.4344	185.066	0	
-111.073	-5.22139	195.971	0	
-110.911	-6.22022	218.769	0	
-109.876	-4.60494	185.43	0	
-112.24	-3.18242	180.592	0	
-112.191	-3.85203	180.724	0	
-110.17	-5.3844	198.484	0	
-109.339	-5.25253	197.911	0	
-112.582	-4.48359	185.699	0	
-111.569	-3.91499	181.172	0	
-110.69	-5.60468	209.533	0	
-109.896	-6.76526	237.323	0	
-108.843	-5.33378	196.259	0	
-109.003	-4.62556	187.4	0	
-112.675	-5.25324	199.905	0	
-111.67	-4.32883	183.106	0	
-112.429	-5.62924	205.337	0	
-111.476	-5.08215	192.591	0	
-112.132	-4.81698	190.162	0	
-111.441	-4.61999	188.11	0	
-112.891	-6.14434	215.732	0	
-110.451	-6.81532	247.975	0	
-39.871	-3.26157	187.286	0	
-40.2791	-3.79779	190.355	0	
-38.8836	-3.72003	191.151	0	
-38.8522	-2.99493	186.55	0	
-40.7524	-4.88136	204.877	0	
-39.608	-3.87879	192.001	0	
-38.7471	-4.22259	197.513	0	
-38.1409	-3.58579	188.605	0	
-38.6948	-2.68435	185.668	0	
-39.0964	-2.22145	187.465	0	
-39.901	-4.69217	204.551	0	
-38.6302	-5.77056	230.857	0	
-38.0942	-4.80108	209.82	0	
-37.2824	-3.84919	191.407	0	
-37.7213	-4.60919	202.778	0	
-36.7933	-5.11241	224.049	0	
-37.0068	-4.30531	201.761	0	
-37.2398	-4.74054	203.237	0	
126.002	-1.42999	200.071	0	
126.367	-1.48335	198.791	0	
125.482	-1.57027	197.664	0	
126.731	-2.24506	196.907	0	
126.955	-1.71415	198.818	0	
126.618	-1.16044	197.945	0	
-69.9293	-3.58689	197.968	0	
-69.2845	-3.80431	198.821	0	
-70.4703	-3.2166	194.633	0	
-70.2069	-4.32658	204.886	0	
-58.9639	-3.20434	197.115	0	
-58.5212	-3.95114	200.956	0	
-151.381	-2.00092	209.422	0	
-151.882	-0.975168	221.178	0	
-150.989	-1.90132	210.303	0	
-151.526	-1.0661	218.818	0	
-150.567	-1.98138	207.503	0	
-150.243	-1.59799	210.615	0	
-151.08	-1.53803	212.318	0	
-150.931	-0.939367	219.123	0	
31.0893	-1.20064	215.796	0	
32.0061	-1.61365	213.159	0	
32.3075	-0.412106	223.828	0	
31.7692	-1.07483	216.227	0	
30.9355	-1.60318	214.182	0	
31.1972	-1.78844	211.65	0	
31.6364	-0.168311	224.138	0	
31.774	-0.773347	221.044	0	
-143.202	-0.233896	214.345	0	
-142.664	-0.665404	209.879	0	
-142.391	-0.504937	211.161	0	
-143.246	-1.04893	208.063	0	
-142.194	-0.675406	206.831	0	
-142.177	-0.121949	209.16	0	
-142.945	-1.10868	207.565	0	
-142.928	-0.273068	214.106	0	
-143.438	-0.0930173	214.577	0	
-144.004	-0.321637	211.584	0	
-143.343	-0.532388	213.444	0	
-144.416	-0.818383	211.39	0	
-143.624	-0.547679	211.781	0	
-144.104	-1.18731	206.828	0	
-143.848	-0.753153	211.01	0	
-144.018	-1.61647	201.216	0	
-143.59	-2.14412	196.132	0	
-143.531	-1.22381	207.881	0	
-142.981	-1.62728	200.946	0	
-142.506	-1.26132	204.563	0	
-142.674	-0.891457	208.349	0	
-142.46	-1.68116	198.18	0	
-142.057	-1.14615	202.876	0	
-142.03	-1.87662	195.802	0	
-142.12	-1.3992	201.174	0	
-141.847	-1.06255	206.23	0	
-141.946	-0.62426	210.136	0	
-141.592	-1.1225	203.556	0	
-141.522	-0.890639	206.993	0	
-142.765	-1.7936	197.781	0	
-143.111	-2.73576	191.385	0	
-141.89	-2.13629	191.948	0	
-141.576	-1.62852	198.195	0	
-142.44	-2.11912	194.246	0	
-142.752	-2.08641	194.951	0	
-142.344	-2.84132	189.79	0	
-141.652	-2.56482	189.543	0	
-142.883	-2.296	192.771	0	
-143.148	-2.28716	193.594	0	
-142.763	-3.0131	190.418	0	
-142.108	-3.36663	189.64	0	
-141.616	-2.22538	191.607	0	
-142.054	-2.38969	191.295	0	
-143.248	-2.93262	190.951	0	
-142.933	-3.22536	190.502	0	
-141.8	-3.8299	191.509	0	
-141.248	-3.30519	187.418	0	
-143.483	-2.91829	191.534	0	
-143.58	-3.30122	191.902	0	
-143.593	-2.71398	191.997	0	
-143.837	-2.63356	192.612	0	
-143.747	-3.49432	192.881	0	
-143.466	-3.78506	194.392	0	
-143.475	-2.51835	192.971	0	
-143.895	-2.37933	194.169	0	
-144.301	-2.9579	192.348	0	
-143.882	-3.06131	191.968	0	
-143.978	-3.48718	193.169	0	
-144.156	-3.67147	194.698	0	
-143.379	-4.03919	196.498	0	
-142.974	-3.9248	195.132	0	
-143.227	-2.52579	192.125	0	
-143.336	-2.0958	195.193	0	
-144.086	-2.25351	195.181	0	
-144.184	-2.73846	192.475	0	
-144.537	-2.92066	192.401	0	
-144.419	-3.3696	193.028	0	
-144.047	-3.24873	192.301	0	
-144.399	-3.60327	194.32	0	
-144.133	-4.29059	198.954	0	
-143.839	-3.9356	196.172	0	
-143.73	-4.3885	200.607	0	
-143.285	-4.74398	208.343	0	
-142.713	-3.97235	194.667	0	
-142.604	-3.53243	191.066	0	
-143.294	-1.66768	199.882	0	
-143.644	-1.7708	199.411	0	
-143.759	-1.95576	196.973	0	
-144.498	-2.18615	195.699	0	
-144.344	-2.5444	193.252	0	
-145.052	-3.12919	193.096	0	
-144.597	-3.73327	196.154	0	
-144.259	-4.05169	198.857	0	
-144.574	-4.37208	202.336	0	
-143.778	-4.70196	208.065	0	
-144.188	-1.46128	203.123	0	
-144.009	-2.01386	197.557	0	
-144.432	-1.95723	197.825	0	
-144.168	-1.86985	198.653	0	
-144.72	-2.24041	195.517	0	
-144.576	-2.67625	193.052	0	
-144.84	-3.60764	194.492	0	
-144.917	-4.07506	198.655	0	
-143.398	-1.85224	199.071	0	
-143.528	-1.45683	202.761	0	
-144.911	-2.04001	196.869	0	
-145.139	-2.12631	196.727	0	
-144.837	-3.27773	192.941	0	
-145.425	-3.5799	196.021	0	
-145.03	-4.2744	203.546	0	
-144.748	-4.54581	207.031	0	
-144.594	-1.78789	199.402	0	
-145.302	-1.10684	209.669	0	
-145.56	-2.22254	196.571	0	
-145.145	-2.40238	194.718	0	
-145.403	-4.07315	200.238	0	
-145.306	-4.52068	207.053	0	
-144.65	-4.82054	209.604	0	
-144.311	-4.46227	205.78	0	
-145.784	-2.16606	196.901	0	
-145.718	-2.60561	194.597	0	
-145.682	-4.40051	205.335	0	
-145.471	-4.63331	207.845	0	
-145.452	-4.94293	215.826	0	
-145.252	-5.06622	216.918	0	
-145.065	-4.91505	213.977	0	
-144.276	-5.36478	223.147	0	
-145.934	-1.76634	201.503	0	
-146.22	-2.22184	197.857	0	
-145.722	-2.82894	194.061	0	
-145.534	-3.1762	193.984	0	
-145.269	-3.79695	196.756	0	
-145.936	-3.49893	195.873	0	
-145.736	-5.1582	217.782	0	
-145.754	-5.43134	227.346	0	
-145.415	-1.34218	205.794	0	
-147.005	-1.9481	201.635	0	
-146.425	-2.3298	196.704	0	
-146.226	-3.17435	194.806	0	
-145.984	-2.88367	194.363	0	
-145.33	-3.3127	193.748	0	
-145.31	-2.80089	193.528	0	
-145.501	-2.94116	193.521	0	
-145.017	-5.43867	226.142	0	
-144.811	-5.01476	216.185	0	
-146.199	-1.55926	205.465	0	
-146.408	-1.63877	203.379	0	
-146.622	-2.20434	199.058	0	
-146.606	-2.68994	195.379	0	
-146.391	-2.59246	196.015	0	
-146.521	-2.98316	195.396	0	
-146.186	-3.4623	196.053	0	
-145.781	-3.26691	194.569	0	
-146.147	-1.26023	208.676	0	
-146.883	-0.777324	215.407	0	
-146.407	-1.87643	201.917	0	
-147.037	-2.16694	199.721	0	
-146.457	-3.60473	197.466	0	
-146.191	-4.32245	204.916	0	
-146.632	-1.47276	207	0	
-146.613	-1.97263	199.798	0	
-147.251	-2.25189	199.148	0	
-147.269	-2.49126	198.327	0	
-146.816	-1.59196	204.546	0	
-147.119	-1.50501	206.5	0	
-147.451	-2.09362	201.514	0	
-147.669	-2.19495	200.661	0	
-147.493	-2.85932	197.557	0	
-147.299	-3.01799	196.918	0	
-147.466	-1.80816	203.556	0	
-147.726	-1.56787	207.466	0	
-148.272	-2.4003	200.758	0	
-147.668	-2.44711	199.822	0	
-147.922	-2.90195	198.175	0	
-147.371	-3.86542	201.726	0	
-147.879	-2.56684	199.221	0	
-148.032	-2.34199	200.924	0	
-147.415	-3.32039	198.427	0	
-146.777	-3.07343	195.532	0	
-142.875	-3.49303	191.744	0	
-142.54	-3.76004	193.029	0	
-143.016	-4.38533	200.733	0	
-143.26	-4.51474	201.562	0	
-142.589	-4.18122	198.283	0	
-142.283	-3.81703	192.802	0	
-142.752	-4.42753	199.841	0	
-142.244	-4.48399	199.685	0	
-142.051	-3.64099	191.903	0	
-142.404	-3.31505	190.415	0	
-141.932	-4.62552	203.609	0	
-141.711	-4.42435	197.288	0	
-142.137	-5.15441	212.334	0	
-141.472	-5.26725	211.237	0	
-141.21	-3.9872	191.833	0	
-141.889	-4.13094	196.272	0	
-143.552	-4.83223	208.849	0	
-143.48	-4.28952	201.119	0	
-144.5	-1.54531	202.757	0	
-144.888	-1.33919	205.024	0	
-145.057	-0.629479	213.159	0	
-145.012	-1.58575	202.304	0	
-146.332	-5.84153	235.398	0	
-145.75	-5.96619	239.911	0	
-145.115	-5.989	240.597	0	
-144.549	-5.41946	227.921	0	
-146.343	-1.05807	212.527	0	
-146.305	-0.757906	215.607	0	
-146.754	-3.40705	196.348	0	
-147.171	-3.51782	197.857	0	
-146.454	-3.89685	200.62	0	
-146.537	-4.40278	206.401	0	
-148.292	-3.298	199.421	0	
-147.721	-3.37924	198.254	0	
-143.538	-5.09878	214.51	0	
-143.047	-4.96205	211.867	0	
-144.416	-1.08443	206.18	0	
-144.647	-0.727236	209.168	0	
-145.874	-1.17615	210.201	0	
-145.703	-1.69055	202.538	0	
-146.492	-6.25081	256.971	0	
-145.732	-6.33809	255.932	0	
-145.065	-6.32199	249.219	0	
-145.452	-5.79829	238.294	0	
-144.898	-5.77923	236.244	0	
-145.383	-6.50318	257.631	0	
-148.656	-3.14205	200.33	0	
-148.933	-3.58739	202.393	0	
-143.752	-5.24141	218.546	0	
-143.386	-5.61274	228.365	0	
-144.725	-0.372812	212.231	0	
-143.189	-6.51697	252.583	0	
-145.694	-1.3994	205.923	0	
-145.424	-1.79088	201.076	0	
-148.362	-3.81015	201.718	0	
-148.004	-4.33586	206.972	0	
-144.079	-5.15184	216.474	0	
-144.096	-5.60128	226.188	0	
-143.248	-5.8488	230.859	0	
-142.957	-5.78598	231.225	0	
-145.844	-0.379647	220.929	0	
-145.458	-0.882129	211.944	0	
-147.477	-4.4286	209.446	0	
-147.141	-4.10029	203.147	0	
-144.332	-5.87397	242.05	0	
-143.947	-6.19741	248.897	0	
-143.749	-5.96754	236.437	0	
-142.889	-6.28084	249.088	0	
-142.495	-5.89454	236.039	0	
-142.463	-5.06625	214.361	0	
-143.464	-6.05668	241.743	0	
-143.471	-6.3881	250.206	0	
-143.806	-6.53926	250.801	0	
-142.31	-6.2006	240.598	0	
-142.132	-5.54254	224.904	0	
-142.39	-5.59741	223.594	0	
-141.932	-5.78985	228.972	0	
-145.274	-0.135738	221.851	0	
-146.06	-0.160923	220.629	0	
-143.945	-6.91917	283.638	0	
-143.79	-7.50845	283.56	0	
-142.251	-7.02739	274.589	0	
-141.68	-6.92975	271.601	0	
-141.536	-5.65944	231.133	0	
-141.873	-5.00952	214.324	0	
-145.475	-0.354462	220.306	0	
-145.75	-0.894225	213.511	0	
-145.985	-0.678139	218.385	0	
-146.477	-0.32639	218.368	0	
-149.376	-3.80081	206.144	0	
-148.653	-4.86152	220.747	0	
-141.245	-6.11158	236.887	0	
-140.538	-4.42131	196.72	0	
-149.301	-4.1714	206.758	0	
-149.731	-4.50483	213.923	0	
-147.301	-6.07392	251.199	0	
-146.547	-7.11203	275.65	0	
-145.297	-6.91623	276.219	0	
-144.621	-6.44599	263.481	0	
-146.126	-6.90282	276.317	0	
-145.613	-7.62056	304.626	0	
-144.458	-6.84027	267.179	0	
-144.175	-7.90868	327.389	0	
-140.692	-7.48352	293.319	0	
-139.419	-6.69414	251.921	0	
141.535	-0.867567	222.993	0	
140.752	-0.94343	219.974	0	
140.417	-0.165467	224.734	0	
141.173	-0.331149	228.887	0	
141.245	-0.912415	221.613	0	
141.676	-1.60176	214.322	0	
142.012	-1.2346	216.161	0	
140.965	-0.731526	221.627	0	
140.997	-1.26344	215.546	0	
140.96	-0.111537	227.251	0	
140.965	-0.496616	225.672	0	
-127.721	-1.12829	195.067	0	
-127.133	-1.6541	192.96	0	
124.811	-2.5695	196.25	0	
125.84	-2.09573	197.539	0	
-118.989	-3.54385	180.773	0	
-118.035	-3.80431	180.933	0	
-119.198	-3.87136	181.287	0	
-119.038	-4.17084	183.402	0	
-121.573	-3.24519	180.785	0	
-120.922	-3.62178	180.508	0	
-121.948	-3.03775	181.604	0	
-122.433	-3.49787	180.792	0	
-120.684	-4.18325	181.659	0	
-120.539	-3.17437	181.112	0	
-119.66	-4.043	182.261	0	
-120.075	-3.67269	179.552	0	
-121.053	-4.3409	186.426	0	
-120.901	-5.00665	194.794	0	
-121.324	-4.16178	181.518	0	
-121.903	-4.61975	185.594	0	
-120.625	-5.64273	211.393	0	
-119.92	-4.84659	187.883	0	
-87.9016	-3.01137	185.411	0	
-88.1181	-2.38323	186.172	0	
-87.7437	-3.30567	185.433	0	
-87.5189	-2.76901	185.59	0	
-87.8418	-3.59594	187.26	0	
-87.1129	-4.31476	193.735	0	
-88.1373	-3.62214	186.776	0	
-87.848	-4.47561	195.686	0	
-86.5473	-2.83581	185.298	0	
-87.1159	-3.41691	186.272	0	
-88.3185	-3.36459	186.079	0	
-88.5675	-3.86885	188.458	0	
-88.1809	-3.04408	184.765	0	
-88.796	-3.29421	185.186	0	
-88.7283	-4.09591	192.436	0	
-88.1866	-4.15288	191.551	0	
-89.34	-3.76455	187.632	0	
-88.8102	-4.59035	197.94	0	
-90.0646	-3.65304	187.19	0	
-89.6511	-4.81717	198.247	0	
-88.7375	-4.84348	201.813	0	
-88.4611	-4.87765	203.233	0	
-89.5285	-4.3003	192.743	0	
-89.5079	-4.58229	198.741	0	
-89.1792	-4.97721	203.31	0	
-88.5774	-5.85056	229.586	0	
-88.0889	-5.14567	208.911	0	
-87.8967	-4.94404	203.244	0	
-89.7593	-4.11375	190.614	0	
-89.925	-4.68621	200.54	0	
-88.8902	-5.60677	215.758	0	
-89.2466	-4.71256	199.189	0	
-88.5514	-5.32129	213.396	0	
-88.9273	-5.04414	205.054	0	
-88.0916	-5.5113	217.253	0	
-87.7953	-5.60537	216.136	0	
-87.4349	-4.77692	201.141	0	
-87.9378	-4.20202	192.448	0	
-89.7284	-3.78302	187.419	0	
-90.2489	-4.01456	188.63	0	
-89.4287	-5.10346	209.011	0	
-89.4608	-5.41466	215.106	0	
-89.0984	-6.46252	254.641	0	
-87.6652	-5.91811	231.156	0	
-86.8337	-5.62057	221.346	0	
-87.5193	-5.29153	213.677	0	
-87.1603	-4.83755	202.067	0	
-86.9883	-4.58959	197.817	0	
-87.5544	-4.51466	196.99	0	
-87.4951	-3.96686	190.308	0	
-87.248	-5.33689	211.645	0	
-86.7735	-5.13575	209.69	0	
-86.5621	-4.36822	194.128	0	
-86.9809	-3.97601	189.953	0	
-87.1238	-5.60288	221.005	0	
-86.6538	-5.38849	214.662	0	
-86.2124	-5.45181	218.942	0	
-85.6095	-5.25109	212.424	0	
-86.2663	-4.43715	196.714	0	
-86.4722	-3.81022	188.724	0	
-87.265	-5.87026	226.712	0	
-86.7925	-6.22107	236.73	0	
-86.2468	-4.93955	206.083	0	
-84.9806	-4.57457	194.442	0	
-84.4962	-5.50957	222.511	0	
-86.6531	-5.98914	227.957	0	
-86.2172	-5.89039	228.331	0	
-85.5274	-4.95887	204.129	0	
-85.3072	-3.64367	188.39	0	
-86.0313	-3.9833	189.69	0	
-87.6951	-6.38738	243.62	0	
-87.0902	-6.78721	255.26	0	
-86.0831	-4.7266	199.768	0	
-85.9768	-5.24413	207.787	0	
-86.79	-7.95918	301.633	0	
-86.7447	-6.6051	254.026	0	
-85.3003	-5.53838	220.844	0	
-84.0253	-5.25991	210.786	0	
-87.1152	-7.55686	290.259	0	
-86.501	-6.90166	263.325	0	
-85.8802	-6.20675	237.925	0	
-85.3611	-6.01689	232.148	0	
-85.1139	-4.8745	210.037	0	
-84.9377	-5.28212	211.328	0	
-87.3355	-2.5537	186.028	0	
-87.7906	-2.40654	186.62	0	
-87.0848	-2.63831	186.226	0	
-87.118	-2.11344	188.568	0	
-87.0346	-2.89017	185.257	0	
-86.7469	-3.01114	185.823	0	
-87.101	-1.76909	190.436	0	
-87.8673	-1.6408	191.601	0	
-87.3194	-2.99059	185.576	0	
-86.7513	-3.28667	185.837	0	
-87.369	-1.62127	191.727	0	
-87.4233	-1.23428	194.773	0	
-86.4885	-3.48013	186.912	0	
-86.1609	-3.38375	186.495	0	
-85.8618	-3.68193	188.172	0	
-85.5729	-3.50959	186.166	0	
-85.0517	-3.34679	186.736	0	
-85.272	-2.8537	185.717	0	
-84.6919	-3.56165	187.697	0	
-84.4226	-3.44842	187.471	0	
-84.7517	-3.9255	190.11	0	
-83.8084	-3.89465	192.825	0	
-84.0581	-2.71681	187.441	0	
-84.658	-2.86879	186.361	0	
-84.0499	-3.58071	187.802	0	
-84.149	-3.02429	186.698	0	
-83.7362	-2.61782	187.547	0	
-83.9451	-2.10777	189.549	0	
-83.4275	-3.89656	189.868	0	
-83.0517	-2.63206	187.69	0	
-83.5721	-3.20657	186.968	0	
-83.1274	-2.23483	188.75	0	
-89.9473	-5.43033	217.354	0	
-89.4386	-6.12901	229.89	0	
-88.5259	-7.32176	285.123	0	
-88.0548	-6.6063	252.581	0	
-88.035	-7.13374	271.153	0	
-87.3666	-8.44733	336.166	0	
-85.2945	-4.33756	197.766	0	
-84.5901	-4.29788	194.637	0	
-83.1863	-4.19482	196.444	0	
-83.4898	-2.85379	187.533	0	
-82.9582	-3.58244	189.71	0	
-82.2259	-3.41196	189.238	0	
-87.0134	-7.20446	279.137	0	
-86.8709	-8.30705	333.101	0	
-83.3105	-4.62755	199.667	0	
-82.5735	-4.64374	199.444	0	
-86.1061	-8.46017	339.854	0	
-86.4823	-7.68827	308.724	0	
-83.8661	-4.73088	203.004	0	
-83.5494	-5.64771	223.098	0	
-82.237	-4.82651	206.468	0	
-81.6845	-3.8939	191.47	0	
-87.5825	-7.54594	295.771	0	
-88.141	-9.42707	409.54	0	
-85.7051	-8.92696	354.87	0	
-84.9984	-8.89788	349.652	0	
-82.2372	-5.27565	213.504	0	
-81.4741	-5.07916	207.917	0	
-89.409	-7.94242	307.718	0	
-87.863	-10.3606	454.616	0	
-86.7755	-9.06205	346.042	0	
-87.3175	-8.99166	370.668	0	
-83.0704	-5.3724	215.788	0	
-82.1147	-6.28813	239.55	0	
-92.9939	-4.97377	204.186	0	
-93.108	-4.24912	191.938	0	
-95.1821	-5.11074	203.977	0	
-93.4581	-4.82887	199.572	0	
-78.9489	-2.60168	189.293	0	
-79.7531	-1.96961	192.171	0	
-80.108	-2.39553	189.471	0	
-79.5946	-2.63402	188.796	0	
-80.5031	-2.5008	188.96	0	
-80.635	-2.83309	188.548	0	
-81.2046	-3.08142	188.217	0	
-80.4809	-3.36476	188.965	0	
-81.3804	-3.44941	189.214	0	
-80.7966	-3.3664	189.117	0	
-79.8618	-3.7857	192.431	0	
-80.004	-3.57742	190.455	0	
-81.6887	-3.50883	189.825	0	
-81.3483	-4.0842	193.74	0	
-81.8091	-2.83487	188.269	0	
-82.2524	-3.92329	191.169	0	
-81.2061	-4.39494	197.818	0	
-80.3605	-4.32807	196.962	0	
-82.1271	-2.52415	188.237	0	
-82.638	-2.75956	187.64	0	
-81.5077	-4.69554	204.336	0	
-80.1999	-5.19461	216.623	0	
-81.0574	-5.1655	212.677	0	
-79.9405	-6.48523	246.626	0	
-80.8855	-5.71352	224.988	0	
-81.74	-5.93046	229.875	0	
-79.8676	-3.29617	189.277	0	
-79.5233	-4.21415	195.715	0	
-79.5971	-3.67418	191.175	0	
-79.5981	-3.33399	189.73	0	
-80.3037	-3.60141	190.551	0	
-80.2409	-4.06551	194.808	0	
-80.3691	-4.9139	205.433	0	
-80.1803	-4.58848	203.288	0	
-80.721	-3.94373	192.941	0	
-80.6643	-4.26655	196.759	0	
-79.6275	-4.83875	206.416	0	
-79.8031	-4.26148	197.966	0	
-79.7488	-5.15404	212.996	0	
-79.2414	-4.37341	200.495	0	
-79.5535	-5.49729	218.808	0	
-78.6948	-4.87387	208.177	0	
-78.6498	-4.2289	197.522	0	
-79.4297	-3.87464	194.1	0	
-78.5414	-3.69572	192.394	0	
-79.1093	-3.85373	193.413	0	
-78.5493	-4.53927	203.443	0	
-77.9424	-4.32487	201.156	0	
-78.3552	-3.46648	191.211	0	
-78.9564	-3.30502	190.182	0	
-78.9796	-4.97387	209.135	0	
-78.0532	-5.60807	224.432	0	
-78.0022	-3.42317	191.623	0	
-78.4051	-2.9971	189.823	0	
-78.1152	-4.93083	209.558	0	
-78.4017	-5.14517	213.399	0	
-77.2194	-5.46889	222.277	0	
-77.4076	-4.85222	208.6	0	
-77.0732	-5.96522	236.777	0	
-75.07	-5.80503	230.44	0	
-76.7315	-3.28503	192.249	0	
-77.078	-2.75677	191.814	0	
-75.9445	-3.90668	197.129	0	
-76.4654	-3.47496	193.911	0	
-75.6626	-4.1429	200.39	0	
-75.0658	-3.87108	196.237	0	
-75.6922	-3.07911	193.113	0	
-76.1296	-3.36748	193.468	0	
-75.6383	-2.71282	192.426	0	
-75.9439	-2.43161	193.117	0	
-75.7684	-4.58801	205.914	0	
-74.3907	-5.26358	218.151	0	
-74.6373	-3.89111	197.128	0	
-75.0427	-2.75536	192.267	0	
-76.2717	-4.71537	208.297	0	
-76.082	-5.53299	222.98	0	
-75.3889	-4.91363	209.932	0	
-75.4723	-5.42208	224.204	0	
-74.3872	-4.18895	199.201	0	
-74.0114	-3.99702	198.472	0	
-74.5551	-3.22683	192.863	0	
-74.3387	-2.63692	192.467	0	
-74.661	-4.85053	208.395	0	
-74.0504	-4.81362	209.692	0	
-73.3484	-3.96269	199.134	0	
-73.6066	-3.33671	193.911	0	
-74.7157	-2.51348	192.971	0	
-74.2231	-2.91402	192.544	0	
-73.6163	-5.30847	220.176	0	
-73.303	-5.08189	214.807	0	
-73.3955	-4.69522	207.547	0	
-72.6284	-3.47878	193.92	0	
-73.691	-2.98571	192.105	0	
-73.1403	-2.71871	192.366	0	
-73.7191	-2.34601	192.907	0	
-73.4666	-2.70092	192.347	0	
-72.8856	-1.90128	195.483	0	
-73.3412	-1.53747	197.027	0	
-72.6042	-1.97749	195.077	0	
-72.3836	-1.78543	197.077	0	
-73.4182	-1.14204	200.382	0	
-74.2399	-1.43082	198.897	0	
-74.0556	-6.12105	234.883	0	
-73.1844	-6.10689	234.359	0	
-72.5474	-2.27805	194.114	0	
-72.134	-1.90484	196.06	0	
-72.7286	-2.4884	192.966	0	
-72.1945	-2.67977	193.233	0	
-71.6332	-1.72281	197.808	0	
-71.9638	-1.49483	199.247	0	
-73.0406	-2.42153	193.043	0	
-72.8951	-2.96718	192.743	0	
-72.1059	-3.36615	194.707	0	
-71.7055	-2.33329	194.892	0	
-71.5193	-1.42217	199.929	0	
-72.1842	-1.31782	200.201	0	
-72.3598	-0.77045	202.99	0	
-72.7765	-0.96836	202.331	0	
-72.9019	-3.35813	194.683	0	
-72.4808	-3.77715	198.093	0	
-71.1507	-1.32316	200.487	0	
-71.2928	-0.799791	202.344	0	
-71.7535	-1.31305	200.652	0	
-71.8015	-1.01613	201.645	0	
-72.1105	-3.70538	195.657	0	
-72.385	-3.18014	194.097	0	
-71.3454	-3.16899	194.395	0	
-71.6218	-2.6665	193.359	0	
-71.1984	-0.43227	205.573	0	
-71.5109	-0.216512	203.493	0	
-71.922	-3.92615	200.643	0	
-71.7192	-0.450118	204.546	0	
-71.5872	-3.38222	194.824	0	
-71.1181	-3.71889	197.712	0	
-71.0077	-2.74506	194.131	0	
-72.048	-4.29006	202.932	0	
-71.4598	-4.19373	202.344	0	
-72.7152	-4.22729	201.457	0	
-72.0078	-5.55804	225.29	0	
-71.0512	-4.55076	207.351	0	
-70.9562	-3.99085	200.058	0	
-70.4874	-4.30075	203.601	0	
-70.6019	-3.9769	200.731	0	
-70.3332	-3.61251	195.612	0	
-71.056	-3.39605	194.809	0	
-71.7217	-4.77084	209.985	0	
-70.8281	-5.39684	222.721	0	
-72.0904	-5.09869	216.826	0	
-71.2361	-5.27027	220.751	0	
-71.4533	-6.21721	244.644	0	
-69.7908	-4.55751	206.782	0	
-72.8955	-5.25414	219.37	0	
-72.471	-4.51943	205.282	0	
-109.272	-3.97234	181.647	0	
-112.865	-0.208827	202.38	0	
-107.973	-4.11823	181.831	0	
-110.167	-3.12612	181.628	0	
-110.53	-2.45035	186.464	0	
-106.312	-3.34976	180.932	0	
-106.774	-3.92225	181.827	0	
-106.617	-2.04411	187.78	0	
-106.636	-1.14735	194.143	0	
-105.989	-1.90132	188.455	0	
-106.562	-0.934408	195.226	0	
-106.808	-0.387828	196.778	0	
-106.991	-1.05642	194.164	0	
-107.12	-0.155963	193.26	0	
-107.059	-0.767577	198.42	0	
-105.666	-2.12163	187.626	0	
-105.068	-1.6425	191.903	0	
-106.08	-1.53803	193.041	0	
-105.931	-0.939367	197.199	0	
-104.016	-1.36465	192.035	0	
-103.432	-1.20762	193.621	0	
-103.271	-0.516981	198.143	0	
-103.792	-0.398698	193.593	0	
-104.292	-0.71938	194.037	0	
-104.082	-1.12578	192.996	0	
-104.254	-1.60297	190.797	0	
-103.879	-1.99598	187.583	0	
-104.56	-1.54429	192.259	0	
-104.711	-2.06269	187.822	0	
-103.803	-2.28982	185.152	0	
-103.391	-1.88942	188.187	0	
-104.009	-2.54093	183.532	0	
-103.154	-2.67249	182.432	0	
-103.055	-1.68509	191.224	0	
-103.701	-1.46519	191.678	0	
-104.393	-2.15019	186.87	0	
-104.537	-2.75258	182.262	0	
-104.696	-0.989189	198.016	0	
-105.545	-1.41708	194.714	0	
-105.006	-2.25078	186.522	0	
-104.321	-2.47823	183.901	0	
-103.331	-2.17478	185.894	0	
-103.45	-2.6555	182.703	0	
-104.006	-3.4288	180.062	0	
-103.655	-2.89278	181.802	0	
-104.184	-3.72896	182.066	0	
-104.03	-4.03002	181.37	0	
-103.558	-3.69195	180.39	0	
-103.189	-3.59205	180.396	0	
-104.507	-3.69404	180.175	0	
-104.642	-4.90926	192.733	0	
-104.463	-4.70085	190.068	0	
-103.76	-4.69144	191.575	0	
-104.981	-3.34102	180.233	0	
-104.427	-3.10064	180.771	0	
-105.012	-3.83769	181.457	0	
-104.619	-3.36115	181.035	0	
-105.191	-4.07036	182.447	0	
-104.675	-4.2665	183.947	0	
-105.475	-3.91625	181.265	0	
-105.443	-4.58302	189.645	0	
-105.58	-4.91796	190.115	0	
-105.424	-5.16177	199.241	0	
-106.061	-4.64707	186.709	0	
-105.532	-5.54867	203.292	0	
-104.615	-5.39094	199.655	0	
-104.927	-4.87083	192.305	0	
-105.862	-5.70332	211.191	0	
-104.971	-5.37221	201.513	0	
-105.996	-6.19696	222.222	0	
-104.609	-6.19534	224.546	0	
-104.229	-6.0234	218.12	0	
-104.176	-5.12686	193.554	0	
-103.898	-5.22666	204.143	0	
-104.467	-4.40284	186.168	0	
-103.663	-5.00469	192.385	0	
-104.021	-4.61905	187.417	0	
-104.201	-4.8325	192.647	0	
-104.174	-4.29754	186.668	0	
-103.348	-5.0099	197.715	0	
-103.567	-4.32978	184.063	0	
-103.194	-5.35614	201.782	0	
-102.725	-4.79172	193.549	0	
-105.351	-1.71056	190.928	0	
-104.75	-1.27393	193.339	0	
-105.008	-0.743241	194.883	0	
-105.32	-0.894114	200.584	0	
-106.583	-4.91969	192.722	0	
-106.079	-5.34813	198.773	0	
-106.973	-4.44814	186.202	0	
-107.126	-5.61025	206.043	0	
-105.093	-6.02709	221.134	0	
-103.022	-6.2302	227.502	0	
-103.837	-5.52246	204.959	0	
-102.647	-5.95641	219.282	0	
-102.382	-4.60939	187.927	0	
-102.16	-3.63955	181.614	0	
-103.746	-6.32367	232.09	0	
-103.448	-5.64674	210.894	0	
-103.683	-6.84765	247.852	0	
-103.266	-7.05884	260.709	0	
-98.6635	-3.96625	185.915	0	
-99.4503	-4.08406	186.965	0	
-99.8217	-4.01233	183.777	0	
-100.724	-4.6439	193.051	0	
-96.9679	-3.96347	186.576	0	
-96.8069	-3.18323	183.802	0	
-22.4293	-3.58689	198.522	0	
-21.8619	-3.96596	201.579	0	
-22.8003	-3.53086	195.458	0	
-22.7069	-4.32658	205.612	0	
-17.0521	-1.64704	203.503	0	
-16.402	-1.96011	200.26	0	
-16.0752	-1.85276	205.496	0	
-16.1378	-1.54119	208.338	0	
-15.7949	-1.93661	202.212	0	
-15.8912	-1.39716	212.734	0	
-15.6449	-2.2444	199.513	0	
-15.2723	-1.8661	203.932	0	
-15.6834	-0.841755	223.685	0	
-16.5209	-1.16183	216.31	0	
-14.984	-1.74221	208.494	0	
-15.2933	-1.32712	214.958	0	
-14.7109	-2.02985	201.269	0	
-14.1857	-1.74124	208.741	0	
-15.6834	-0.410239	223.975	0	
-16.2294	-0.353157	224.459	0	
-16.5171	-0.142455	225.429	0	
-16.7456	-0.313286	228.076	0	
-17.1035	-0.170831	221.975	0	
-17.0886	-0.906688	216.403	0	
-42.4121	-3.054	188.654	0	
-42.5404	-3.46651	190.043	0	
-41.2924	-2.94372	187.816	0	
-42.0031	-3.03442	188.314	0	
-42.8566	-3.60108	191.248	0	
-42.3841	-4.29874	198.434	0	
-41.463	-3.85488	193.219	0	
-40.8303	-3.92632	190.869	0	
-40.8025	-2.64894	187.223	0	
-41.6878	-2.47269	188.354	0	
-41.2968	-2.33145	188.636	0	
-41.1121	-2.64637	187.578	0	
-41.0947	-1.1446	196.104	0	
-41.2037	-2.03404	190.957	0	
-41.4605	-1.13344	196.717	0	
-41.5519	-1.56625	195.481	0	
-41.7347	-4.09124	195.768	0	
-41.652	-5.62663	231.774	0	
-42.1366	-3.99615	195.54	0	
-42.084	-5.91118	227.92	0	
-41.6657	-4.42494	200.632	0	
-42.5665	-5.10475	210.959	0	
-42.0483	-4.57604	203.026	0	
-41.2115	-4.74803	211.171	0	
-41.6224	-5.12862	210.944	0	
-42.0553	-4.94252	212.896	0	
-8.11655	-0.762142	223.316	0	
-7.70558	-0.629641	221.872	0	
-8.48879	-0.167628	224.497	0	
-7.57674	-0.331149	231.322	0	
-7.80152	-1.21706	217.936	0	
-8.35149	-0.631278	223.928	0	
-8.39974	-1.09902	219.817	0	
-7.79311	-1.52765	212.922	0	
-7.03814	-1.09913	214.914	0	
-8.28045	-0.333095	227.543	0	
-8.79876	-0.352379	222.604	0	
-7.78962	-0.111537	228.751	0	
-7.91846	-0.575496	227.339	0	
-7.55275	-0.865454	220.274	0	
-7.21082	-1.28459	214.647	0	
-7.07403	-1.60539	210.636	0	
-6.70495	-1.52317	211.896	0	
-34.0051	-1.44177	194.24	0	
-33.4338	-1.78932	188.957	0	
-33.0049	-1.63791	190.075	0	
-33.3824	-1.16044	193.502	0	
-7.09807	-2.27956	203.998	0	
-6.11777	-3.49878	192.363	0	
-10.034	-3.65357	185.894	0	
-10.2894	-4.08877	182.351	0	
-10.9325	-2.80699	193.854	0	
-11.0427	-2.05494	203.446	0	
-11.6065	-3.10698	190.412	0	
-11.9647	-3.09562	190.818	0	
-12.1545	-2.84315	194.581	0	
-12.9371	-3.2283	188.879	0	
-13.0383	-3.8922	184.669	0	
-12.4285	-3.48246	187.257	0	
-13.4996	-3.72481	185.414	0	
-11.8563	-4.60754	180.81	0	
-12.2713	-4.00889	183.934	0	
-11.3441	-5.04787	179.41	0	
-28.9628	-3.6005	193.65	0	
-28.6995	-3.25721	191.698	0	
15.1524	-1.36797	195.708	0	
14.9879	-0.773078	193.719	0	
14.8205	-2.83068	196.438	0	
15.5746	-2.26642	195.781	0	
15.1652	-3.20257	196.783	0	
15.3996	-2.58602	196.392	0	
15.9427	-2.25813	196.21	0	
16.1042	-1.23148	194.408	0	
16.2227	-2.62917	196.664	0	
16.7165	-1.60518	194.763	0	
16.0965	-1.89609	195.403	0	
16.4697	-1.91887	196.219	0	
19.6007	-1.06628	199.034	0	
19.2156	-1.63261	194.852	0	
88.2388	-1.64521	203.868	0	
88.8567	-1.44599	202.972	0	
88.6378	-2.22382	201.746	0	
89.0627	-1.74018	202.289	0	
89.4951	-1.63791	203.438	0	
89.1176	-1.16044	203.164	0	
104.778	-0.744099	185.386	0	
104.783	-1.26739	190.74	0	
104.332	-0.740289	183.693	0	
104.617	-1.0285	187.23	0	
104.135	-0.578444	177.944	0	
104.078	-1.07717	185.556	0	
104.228	-0.302114	180.495	0	
103.71	-0.321398	174.722	0	
104.638	-1.57632	191.297	0	
104.536	-0.312582	180.004	0	
105.72	-1.49127	188.298	0	
105.351	-1.60978	192.022	0	
105.72	-1.05672	187.821	0	
150.571	-1.65533	215.865	0	
149.909	-0.937063	220.682	0	
150.972	-1.82073	214.227	0	
151.258	-1.66703	215.661	0	
150.865	-0.611017	221.934	0	
150.34	-1.15072	219.005	0	
150.731	-0.821097	220.184	0	
150.724	-0.312525	220.474	0	
150.238	-0.148807	217.698	0	
151.152	-2.18409	212.717	0	
152.226	-2.28302	211.353	0	
149.821	-0.314274	225.465	0	
150.264	-0.621193	219.703	0	
149.5	-0.841544	222.767	0	
149.646	-1.07009	220.375	0	
149.67	-1.47953	218.079	0	
150.075	-1.19602	218.819	0	
151.161	-0.644443	223.056	0	
150.961	-0.138632	222.026	0	
151.315	-0.865541	220.982	0	
151.517	-0.372787	225.038	0	
151.119	-1.14188	219.681	0	
151.74	-0.956713	218.757	0	
151.609	-1.3057	218.584	0	
151.264	-1.35784	217.257	0	
151.741	-2.02864	212.966	0	
152.635	-1.72797	212.919	0	
151.559	-2.27413	212.113	0	
152.093	-2.4985	210.534	0	
151.108	-2.88301	210.246	0	
152.052	-2.99312	208.938	0	
153.139	-2.84716	207.771	0	
152.932	-2.1556	210.744	0	
152.511	-2.21449	211.667	0	
152.191	-1.84695	213.353	0	
152.742	-2.31109	209.806	0	
152.885	-1.85188	211.279	0	
152.786	-2.55796	209.537	0	
153.405	-2.15712	208.875	0	
152.259	-2.71574	210.061	0	
152.452	-3.64948	207.412	0	
153.058	-2.63412	208.354	0	
153.557	-2.74901	206.663	0	
153.599	-2.33392	207.6	0	
153.482	-2.52088	207.558	0	
154.082	-2.97869	203.772	0	
154.047	-2.28836	205.551	0	
153.236	-2.4737	208.555	0	
153.391	-2.91488	206.888	0	
154.666	-3.00216	200.182	0	
154.276	-2.52491	204.249	0	
153.406	-3.13081	206.365	0	
153.635	-3.19707	205.538	0	
153.145	-3.30055	206.72	0	
153.522	-4.154	203.757	0	
153.943	-3.46738	203.454	0	
154.295	-3.1226	202.534	0	
152.95	-3.12135	207.473	0	
152.578	-2.73562	208.737	0	
153.506	-3.54727	205.189	0	
153.201	-3.53271	205.973	0	
153.871	-3.71963	203.536	0	
154.229	-4.31766	200.313	0	
153.952	-3.95293	202.332	0	
153.593	-3.76086	204.077	0	
152.81	-3.83151	206.463	0	
152.86	-4.05711	205.618	0	
153.158	-4.26339	204.781	0	
153.649	-4.59042	203.083	0	
152.744	-4.34581	205.465	0	
153.368	-4.3202	204.284	0	
153.723	-4.83802	201.74	0	
154.158	-4.74697	200.016	0	
152.441	-4.43659	206.45	0	
152.361	-4.81415	205.485	0	
152.946	-4.46686	205.209	0	
152.924	-4.92946	204.455	0	
153.338	-4.9292	203.233	0	
154.018	-5.31653	199.432	0	
154.495	-4.8224	198.811	0	
154.723	-4.07417	198.626	0	
153.278	-4.70135	204.122	0	
153.002	-4.68661	204.439	0	
152.662	-5.43249	204.393	0	
153.621	-5.26478	201.971	0	
153.277	-6.14656	202.628	0	
153.812	-5.47599	201.615	0	
153.436	-5.48889	202.359	0	
153.627	-5.7001	202.025	0	
153.113	-1.66631	211.09	0	
152.316	-1.27426	216.938	0	
151.732	-3.0905	209.52	0	
152.662	-3.08596	208.375	0	
154.901	-3.5913	197.868	0	
155.578	-2.82483	194.198	0	
155.061	-3.91891	195.586	0	
154.503	-3.57398	199.729	0	
154.632	-5.15462	197.314	0	
156.014	-5.38171	188.474	0	
152.634	-1.3368	213.781	0	
152.057	-1.57729	215.408	0	
154.593	-4.31956	198.763	0	
154.439	-3.85217	199.926	0	
151.546	-2.8365	209.434	0	
150.855	-2.47834	210.933	0	
152.199	-3.96586	206.809	0	
151.612	-4.30504	206.797	0	
151.445	-4.91874	206.345	0	
152.957	-5.60857	203.973	0	
155.716	-4.38676	190.24	0	
155.45	-3.24293	193.962	0	
151.569	-3.4725	207.607	0	
151.791	-3.89003	207.528	0	
153.298	-6.48792	201.861	0	
153.947	-6.66345	198.445	0	
153.411	-1.8851	209.489	0	
153.492	-1.06373	211.07	0	
154.33	-5.46624	199.051	0	
154.388	-5.97059	197.175	0	
156.682	-4.43583	182.529	0	
155.28	-4.66507	192.684	0	
150.336	-2.28534	211.912	0	
150.03	-3.89386	206.771	0	
151.213	-4.22597	207.062	0	
151.05	-4.8322	206.499	0	
152.192	-6.73694	204.658	0	
152.954	-5.98656	203.227	0	
152.264	-5.7306	205.186	0	
152.257	-6.10725	204.805	0	
152.913	-6.75525	202.597	0	
152.956	-7.17773	202.576	0	
152.653	-6.18713	204.047	0	
151.622	-6.39459	205.452	0	
152.763	-8.11044	202.148	0	
152.374	-8.5715	202.693	0	
154.222	-7.67584	198.175	0	
154.851	-6.00552	197.587	0	
156.29	-4.75686	184.948	0	
156.401	-3.70921	183.402	0	
150.482	-3.28227	208.004	0	
150.621	-4.03675	206.979	0	
151.003	-3.89614	207.032	0	
150.375	-3.75836	207.045	0	
150.662	-5.41035	205.995	0	
151.89	-5.65346	205.552	0	
151.531	-6.77905	205.231	0	
152.59	-6.61446	203.772	0	
150.058	-3.0102	209.107	0	
149.695	-3.17443	207.961	0	
149.863	-4.32171	205.909	0	
150.563	-4.45627	206.646	0	
150.283	-4.78866	205.883	0	
149.33	-6.15746	206.089	0	
151.481	-5.26767	206.19	0	
151.207	-5.45812	206.122	0	
150.904	-5.19889	206.339	0	
150.724	-5.84867	206.235	0	
150.442	-6.11024	205.935	0	
150.966	-6.37864	205.844	0	
150.087	-6.01473	206.313	0	
149.785	-6.64791	206.354	0	
151.21	-6.75554	205.962	0	
151.531	-6.02069	205.681	0	
150.993	-7.15318	205.599	0	
152.044	-7.45568	204.34	0	
151.915	-7.02921	204.516	0	
151.975	-6.404	204.819	0	
148.947	-2.67123	210.069	0	
148.14	-3.37319	206.991	0	
149.413	-4.2152	206.031	0	
149.661	-5.46456	206.008	0	
148.384	-2.82433	207.838	0	
148.499	-3.63872	205.329	0	
149.367	-3.78185	206.297	0	
149.038	-3.46964	206.794	0	
-113.541	-1.82592	190.051	0	
-113.235	-1.65663	192.741	0	
-112.816	-1.84273	192.215	0	
-112.941	-0.971891	201.473	0	
-113.32	-0.826093	197.73	0	
-113.278	-1.33712	196.189	0	
-163.151	-2.71264	201.664	0	
-163.802	-3.37952	218.884	0	
-161.55	-2.98007	198.84	0	
-162.129	-3.18572	201.209	0	
-161.828	-4.44335	230.4	0	
-161.831	-5.30442	249.19	0	
-160.679	-5.05856	247.393	0	
-160.061	-6.71742	283.387	0	
128.81	-2.04734	199.488	0	
129.23	-1.76372	199.325	0	
128.661	-2.26995	199.949	0	
129.106	-2.5293	200.301	0	
129.689	-1.98102	199.586	0	
129.19	-1.24851	198.367	0	
128.388	-2.24337	199.074	0	
128.395	-2.7306	199.114	0	
129.271	-2.74801	199.985	0	
129.999	-1.97072	200.749	0	
128.27	-2.00174	199.784	0	
127.845	-2.2417	199.204	0	
128.276	-2.98134	199.889	0	
128.667	-3.25987	200.596	0	
128.824	-3.00569	199.859	0	
129.579	-3.29198	201.509	0	
129.701	-2.50797	200.225	0	
130.051	-2.58246	200.552	0	
128.509	-1.71715	199.812	0	
127.783	-1.353	198.634	0	
127.572	-2.25305	197.84	0	
127.567	-2.73249	197.971	0	
127.847	-2.73737	199.176	0	
127.924	-3.50196	199.543	0	
128.82	-3.88189	201.842	0	
129.117	-3.00686	200.894	0	
129.753	-3.53354	201.951	0	
130.198	-3.1618	200.943	0	
127.497	-1.48261	199.979	0	
127.872	-1.77248	199.367	0	
127.423	-1.98324	198.895	0	
127.015	-2.24998	198.091	0	
127.434	-2.95935	198.582	0	
127.993	-2.98544	198.817	0	
127.743	-3.77816	200.147	0	
128.217	-3.87476	201.068	0	
129.207	-4.09676	203.042	0	
129.141	-3.56914	201.736	0	
129.715	-3.84313	202.876	0	
130.004	-3.9855	203.389	0	
127.151	-1.45083	196.653	0	
127.147	-1.98219	197.157	0	
126.481	-2.04067	197.759	0	
126.545	-3.02259	197.323	0	
127.006	-2.73449	197.854	0	
127.062	-3.27389	197.996	0	
129.394	-3.87732	202.303	0	
129.807	-5.27052	207.333	0	
130.437	-4.43211	205.312	0	
130.641	-3.77872	203.817	0	
126.113	-2.23317	196.545	0	
126.729	-2.7296	197.011	0	
126.592	-2.48379	197.204	0	
126.732	-3.338	197.577	0	
127.229	-3.99247	199.873	0	
127.302	-3.45526	198.826	0	
126.224	-2.51554	197.168	0	
126.626	-3.67346	197.982	0	
126.183	-2.88943	196.461	0	
125.397	-3.235	195.117	0	
130.044	-1.59164	199.723	0	
129.729	-1.42371	199.434	0	
126.872	-3.96654	198.894	0	
127.402	-4.35401	200.376	0	
129.368	-4.45194	204.231	0	
128.986	-4.80661	204.407	0	
129.997	-4.95192	206.455	0	
131.266	-4.9844	208.009	0	
126.248	-4.22865	198.115	0	
127.022	-4.59108	200.836	0	
127.53	-5.14756	203.107	0	
127.743	-4.38226	201.505	0	
126.019	-5.12252	200.557	0	
127.066	-4.95843	201.477	0	
125.941	-3.28966	197.06	0	
125.012	-3.82143	197.876	0	
127.161	-6.05118	205.487	0	
127.896	-5.83877	206.29	0	
127.299	-6.65816	206.779	0	
128.232	-5.53416	205.759	0	
128.136	-6.39087	207.861	0	
128.695	-6.45487	208.938	0	
129.131	-0.736632	196.203	0	
128.474	-0.899067	201.022	0	
129.415	-0.608431	196.917	0	
129.095	-0.150799	196.89	0	
129.69	-0.824278	196.885	0	
130.008	-0.339349	196.833	0	
-116.869	-4.34007	184.788	0	
-116.17	-4.03612	182.611	0	
-114.558	-6.43649	228.661	0	
-113.976	-7.14409	256.353	0	
-113.215	-5.82851	212.728	0	
-113.687	-5.93804	209.692	0	
-19.3022	-6.33822	231.797	0	
-17.761	-7.23505	236.839	0	
-16.9787	-5.79573	204.258	0	
-17.4318	-5.9228	209.507	0	
-15.251	-5.17677	186.639	0	
-15.7385	-4.60708	185.736	0	
-21.7791	-4.80786	212.74	0	
-21.2451	-5.2361	219.776	0	
-20.0806	-5.57184	215.023	0	
-19.4781	-4.84118	205.383	0	
-54.3561	-6.85782	251.967	0	
-53.8762	-7.2271	261.774	0	
-52.7005	-6.06766	234.433	0	
-53.5605	-6.04476	235.132	0	
-52.9931	-7.19384	261.796	0	
-52.4057	-5.69827	227.542	0	
-52.732	-4.25886	202.851	0	
-52.3385	-3.28142	194.793	0	
-52.9864	-4.44701	204.912	0	
-52.4535	-5.9776	233.736	0	
-53.3678	-1.94084	195.597	0	
-53.6122	-3.15822	194.816	0	
79.5274	-4.7992	203.747	0	
79.8608	-5.41919	207.14	0	
46.3205	-8.05764	185.311	0	
47.3653	-8.29911	181.286	0	
36.193	-6.17174	217.502	0	
35.9858	-6.92477	217.827	0	
37.6625	-6.90438	215.525	0	
38.1022	-6.68033	215.743	0	
39.0493	-8.50211	202.701	0	
40.7289	-9.90428	181.393	0	
45.4918	-8.71123	179.621	0	
46.3916	-8.57711	178.9	0	
32.4091	-6.42553	217.292	0	
33.6001	-7.22414	219.36	0	
32.8629	-7.82573	219.338	0	
34.755	-7.54299	218.41	0	
35.706	-7.75505	217.05	0	
36.6836	-6.7409	216.927	0	
41.9426	-8.36585	192.094	0	
42.6964	-9.01886	180.715	0	
52.2252	-7.90287	190.131	0	
53.176	-6.12829	214.09	0	
56.3062	-5.53622	215.611	0	
56.3904	-4.22725	213.211	0	
69.7334	-3.59256	209.762	0	
70.4106	-3.96153	211.736	0	
69.3722	-3.45785	211.027	0	
69.4516	-4.40038	213.235	0	
70.7203	-4.23898	211.891	0	
71.5016	-3.42223	209.459	0	
64.1631	-3.25398	209.155	0	
63.5815	-3.74401	210.742	0	
62.2247	-1.89989	204.901	0	
61.6514	-1.43209	204.966	0	
60.7812	-2.02931	203.907	0	
61.2036	-2.55732	205.54	0	
60.6882	-4.32373	212.896	0	
61.6388	-3.5542	210.055	0	
61.6172	-4.39274	213.732	0	
62.4472	-5.281	214.707	0	
84.6634	-2.78643	203.389	0	
84.8483	-1.21931	214.974	0	
-33.9684	-4.64223	209.401	0	
-33.7952	-5.70009	238.155	0	
-31.0548	-7.11506	300.749	0	
-31.8386	-6.59815	282.492	0	
-33.1275	-5.74862	245.225	0	
-33.4536	-6.84063	291.362	0	
-27.2666	-6.50657	278.227	0	
-26.4013	-6.43601	276.125	0	
-101.781	-4.18608	185.513	0	
-101.408	-4.74796	194.139	0	
-102.156	-4.08342	182.873	0	
-102.048	-4.85802	194.85	0	
-100.858	-5.31328	210.093	0	
-100.114	-4.88661	194.27	0	
-102.142	-5.2669	197.47	0	
-101.418	-5.22722	195.14	0	
-102.547	-5.24546	199.47	0	
-102.219	-6.19729	230.716	0	
-100.501	-3.87325	183.073	0	
-100.525	-2.74606	182.44	0	
-100.221	-4.19858	184.892	0	
-99.996	-3.5047	181.667	0	
-100.383	-3.46284	181.306	0	
-99.4942	-3.08426	182.237	0	
-100.127	-2.69597	182.913	0	
-99.8839	-3.12673	181.359	0	
89.3952	-4.30492	197.542	0	
90.703	-4.21339	197.912	0	
89.3513	-2.41617	201.452	0	
88.2413	-4.03906	200.188	0	
90.2794	-4.23425	200.156	0	
91.0139	-4.57147	199.114	0	
90.0743	-4.62527	197.274	0	
90.4874	-5.08367	199.367	0	
91.3908	-5.53765	197.843	0	
92.5812	-5.3415	196.369	0	
91.9994	-3.87325	198.379	0	
91.9746	-2.74606	200.171	0	
92.1921	-4.25317	198.127	0	
92.504	-3.5047	198.355	0	
92.1171	-3.46284	199.286	0	
93.1049	-3.09598	197.889	0	
91.8826	-4.59861	197.475	0	
92.0538	-5.12907	197.191	0	
92.4075	-2.70247	199.543	0	
92.6502	-3.13322	199.299	0	
92.8103	-4.59946	196.949	0	
93.205	-4.4879	196.456	0	
93.4795	-4.86843	196.114	0	
93.59	-3.9669	196.351	0	
-36.8234	-0.630543	200.559	0	
-36.3143	-0.703362	198.569	0	
-37.0637	-0.877171	201.524	0	
-36.9697	-1.10629	197.763	0	
-37.0618	-1.37029	195.246	0	
-36.1902	-1.55571	193.338	0	
-37.2987	-1.49179	192.782	0	
-37.3261	-1.76602	191.136	0	
-36.7925	-1.47121	193.986	0	
-36.4691	-1.7808	190.777	0	
-37.649	-1.3183	195.191	0	
-37.9023	-1.43049	193.317	0	
-35.9097	-1.57473	192.163	0	
-35.8669	-0.993009	196.641	0	
-37.6086	-2.20226	187.564	0	
-37.3534	-2.3572	186.617	0	
-38.4451	-1.20312	194.618	0	
-38.2644	-1.64932	191.651	0	
-35.7734	-1.85483	189.882	0	
-35.2318	-1.61974	191.495	0	
-38.3061	-2.3459	186.549	0	
-37.6329	-2.89477	185.451	0	
-37.0206	-2.76191	185.894	0	
-37.0974	-2.17835	187.814	0	
-38.7041	-1.35707	193.277	0	
-38.5551	-1.64616	191.168	0	
-38.5416	-2.14046	187.399	0	
-38.0594	-1.84894	189.464	0	
-36.2458	-2.17201	187.903	0	
-35.3361	-2.33262	186.186	0	
-39.0141	-1.31873	195.078	0	
-39.621	-1.55942	193.634	0	
-38.8015	-2.39184	186.999	0	
-38.3611	-2.66043	186.23	0	
-39.0312	-1.83493	189.781	0	
-39.2218	-1.58871	192.706	0	
-38.1956	-2.91973	185.665	0	
-37.8567	-2.39967	186.224	0	
-38.3393	-3.30846	187.712	0	
-37.8065	-3.44004	189.424	0	
-36.9753	-3.05803	186.76	0	
-36.1957	-3.18011	186.366	0	
-36.306	-2.49755	186.712	0	
-36.8377	-2.29234	187.421	0	
-36.0277	-2.59605	186.213	0	
-35.931	-2.09542	188.014	0	
-35.9705	-2.88747	186.452	0	
-35.5449	-2.59168	186.198	0	
-37.6201	-3.80198	191.902	0	
-37.1096	-3.5415	190.108	0	
-37.2341	-3.22818	186.837	0	
-36.7395	-3.60624	188.513	0	
-36.4713	-3.07262	186.43	0	
-35.746	-3.44088	188.471	0	
-36.6287	-4.28323	195.38	0	
-36.0712	-3.49343	190.46	0	
-35.578	-3.68244	191.694	0	
-35.1136	-3.51361	189.937	0	
-36.2872	-4.96449	212.279	0	
-36.2017	-3.83609	191.23	0	
-36.0026	-4.04836	197.318	0	
-35.322	-4.28313	199.379	0	
-36.0619	-4.39142	200.505	0	
-35.5716	-4.25121	200.197	0	
-36.3556	-4.57053	207.584	0	
-35.8731	-5.14554	217.757	0	
-35.188	-4.57673	207.766	0	
-34.7358	-4.37346	203.594	0	
-35.6638	-4.8884	213.144	0	
-35.0239	-5.13417	221.019	0	
-35.0789	-6.19181	256.581	0	
-34.8552	-5.52764	235.757	0	
-33.9848	-5.29694	227.732	0	
-34.7198	-4.9218	217.343	0	
-34.4292	-4.39257	202.185	0	
-34.182	-3.62854	190.869	0	
-34.2667	-4.61552	209.789	0	
-33.7339	-4.3938	205.356	0	
-34.6562	-3.88212	194.986	0	
-34.3412	-3.91559	194.707	0	
-34.4482	-5.06617	218.498	0	
-34.0373	-5.06629	219.679	0	
-33.8531	-4.90094	216.626	0	
-34.2843	-4.90435	216.803	0	
-32.7661	-4.80546	218.671	0	
-33.5992	-4.99082	220.958	0	
-34.4785	-5.63596	234.601	0	
-34.3756	-5.38687	229.396	0	
-34.2348	-5.88879	246.626	0	
-33.773	-5.38799	232.886	0	
-33.9373	-6.40074	268.247	0	
-33.0287	-6.52587	277.295	0	
-34.1592	-5.45569	233.185	0	
-34.0485	-5.73766	240.676	0	
-33.3441	-5.60861	240.699	0	
-32.914	-5.64268	242.663	0	
-33.1159	-4.37644	206.272	0	
-33.364	-4.84942	215.049	0	
-33.5878	-5.8086	247.926	0	
-33.5815	-6.3304	269.633	0	
-33.1474	-6.02596	256.207	0	
-33.4652	-6.07688	255.188	0	
-32.6841	-5.86452	249.718	0	
-32.6142	-5.28729	229.907	0	
-32.8645	-6.74126	288.23	0	
-32.4919	-6.40051	268.741	0	
-34.2146	-6.18983	262.686	0	
-33.2911	-7.15056	299.481	0	
-33.0108	-7.09078	301.883	0	
-32.4787	-6.95646	297.832	0	
-32.1227	-6.26648	276.282	0	
-32.4291	-5.81889	249.216	0	
-33.6114	-8.04404	348.101	0	
-33.0764	-7.87132	343.794	0	
-34.6129	-6.349	266.171	0	
-33.7531	-6.90646	291.605	0	
-33.9929	-6.70162	280.568	0	
-33.7553	-7.24091	303.074	0	
-35.2095	-5.77096	239.538	0	
-34.9726	-6.88584	288.566	0	
-34.6579	-6.68844	275.152	0	
-33.9653	-7.43064	316.502	0	
-33.8823	-7.91979	328.536	0	
-33.4736	-7.42799	313.234	0	
-34.5275	-7.90366	324.196	0	
-34.8245	-9.04831	391.234	0	
-33.3769	-8.48628	370.067	0	
-32.7737	-7.62829	327.786	0	
-35.3448	-6.86876	282.56	0	
-34.2854	-7.22472	299.574	0	
-34.2178	-8.85164	373.643	0	
-31.8074	-8.38695	367.841	0	
-33.0066	-8.33808	356.264	0	
-32.2421	-8.19619	355.153	0	
-34.7815	-3.6034	190.128	0	
-34.9624	-3.07126	187.478	0	
-36.2002	-5.93994	244.929	0	
-35.4961	-6.51416	264.592	0	
-35.5745	-7.3218	299.547	0	
-34.8887	-7.23989	301.842	0	
-36.0211	-7.32971	295.664	0	
-36.5162	-8.05099	334.67	0	
-35.2581	-7.54554	310.484	0	
-35.3181	-8.44707	355.308	0	
-32.6152	-8.5391	375.185	0	
-31.4978	-7.6222	326.092	0	
-35.0532	-7.97361	337.607	0	
-34.9489	-9.92772	425.553	0	
-129.7	-1.21758	196.716	0	
-129.559	-1.58724	195.296	0	
-131.086	-4.40915	185.317	0	
-130.37	-5.662	207.559	0	
-124.007	-5.3044	201.734	0	
-123.321	-5.62661	207.995	0	
-127.63	-8.37994	326.41	0	
-128.664	-9.81608	417.102	0	
-126.513	-8.67766	355.344	0	
-125.369	-9.26032	374.868	0	
-107.781	-5.96531	217.552	0	
-107.536	-5.00395	192.642	0	
-112.527	-6.06519	217.533	0	
-111.749	-7.06783	242.889	0	
-40.577	-3.43886	188.657	0	
-40.4534	-4.09355	196.411	0	
-70.2176	-5.06622	215.398	0	
-69.9097	-4.18548	205.547	0	
-69.8428	-5.47233	228.123	0	
-69.3702	-5.32448	217.002	0	
31.2524	-2.4769	208.209	0	
31.6849	-1.75473	212.023	0	
31.5337	-2.70364	207.581	0	
31.5796	-2.08433	209.901	0	
31.7631	-3.02299	206.493	0	
32.1094	-2.92173	207.906	0	
-142.417	-7.56419	303.555	0	
-141.444	-7.37374	290.422	0	
-147.771	-6.33644	248.363	0	
-147.748	-6.8783	279.563	0	
-146.503	-7.53055	306.781	0	
-145.655	-7.14383	282.934	0	
-146.202	-9.77422	402.084	0	
-145.128	-7.8721	310.848	0	
-144.823	-9.00739	364.623	0	
-143.076	-8.55267	357.959	0	
125.255	-1.32092	200.493	0	
125.026	-1.76185	197.793	0	
125.535	-2.17252	196.42	0	
125.791	-1.6666	197.654	0	
-119.127	-3.14967	181.345	0	
-119.437	-3.81014	181.238	0	
-119.425	-3.15782	181.441	0	
-119.702	-2.82104	183.117	0	
-119.979	-3.99842	182.56	0	
-119.106	-4.41228	185.388	0	
-120.146	-4.29259	182.578	0	
-119.412	-4.49479	187.013	0	
-119.912	-4.48162	187.111	0	
-120.237	-5.05038	196.34	0	
-120.278	-5.46532	196.846	0	
-119.421	-4.79369	187.587	0	
-119.9	-5.61926	209.365	0	
-119.612	-5.35845	196.846	0	
-119.337	-6.0917	219.086	0	
-118.978	-5.76675	205.948	0	
-117.858	-4.47001	184.178	0	
-118.936	-5.07826	192.59	0	
-120.98	-5.44384	196.016	0	
-120.654	-6.07911	211.851	0	
-119.7	-6.91434	250.2	0	
-117.987	-6.50378	233.323	0	
-118.883	-4.62843	186.294	0	
-118.659	-4.18299	182.925	0	
-119.113	-4.86539	192.715	0	
-118.464	-5.01732	192.939	0	
-118.23	-5.36053	199.347	0	
-117.58	-5.57983	204.062	0	
-121.222	-3.76557	181.335	0	
-121.907	-3.94997	180.845	0	
-122.296	-4.72152	189.513	0	
-122.224	-5.42413	202.776	0	
-122.587	-4.46403	184.926	0	
-123.192	-4.84973	190.564	0	
-122.406	-5.84228	210.217	0	
-122.219	-6.55402	226.588	0	
-122.238	-3.87356	181.328	0	
-123.894	-3.69069	181.03	0	
-122.952	-3.87898	181.473	0	
-123.253	-3.27916	180.968	0	
-85.474	-7.72327	295.987	0	
-83.3417	-7.28417	280.783	0	
-93.7751	-3.73637	186.83	0	
-94.6691	-3.2776	184.732	0	
-93.394	-3.4417	185.553	0	
-93.4053	-2.97446	184.307	0	
-95.1977	-3.58708	185.769	0	
-94.5114	-4.03121	189.448	0	
-95.0157	-6.05055	233.434	0	
-93.8571	-5.03194	206.088	0	
-81.9617	-7.39093	278.027	0	
-80.4497	-6.96204	270.284	0	
-79.9703	-5.89686	234.387	0	
-79.402	-6.63899	256.78	0	
-77.5038	-6.24292	243.262	0	
-77.0778	-7.11228	278.778	0	
-73.7377	-7.42172	276.597	0	
-72.824	-5.72036	230.906	0	
-69.895	-6.91153	261.225	0	
-70.0197	-5.96172	232.544	0	
-107.422	-3.51956	180.677	0	
-108.259	-2.94721	181.668	0	
-105.488	-3.60099	181.058	0	
-106.031	-3.48372	180.745	0	
-105.175	-3.589	180.978	0	
-105.467	-2.99569	181.494	0	
-106.696	-5.67712	208.146	0	
-107.169	-6.33053	228.869	0	
-107.886	-4.42255	185.032	0	
-107.224	-5.206	195.419	0	
-108.185	-4.77205	190.72	0	
-107.915	-5.16189	194.311	0	
-107.363	-5.97456	213.943	0	
-106.458	-6.18454	216.357	0	
-108.042	-5.58896	203.535	0	
-107.612	-6.87004	249.83	0	
-105.542	-6.40752	231.288	0	
-104.943	-6.99105	256.821	0	
-103.088	-7.56783	277.892	0	
-102.077	-7.43088	272.642	0	
-96.4576	-4.95552	202.496	0	
-95.7581	-3.97664	188.09	0	
-22.9375	-3.13495	195.018	0	
-23.8373	-3.75654	199.977	0	
-23.4081	-4.37072	208.381	0	
-23.1065	-3.79055	200.538	0	
-22.436	-4.85446	219.35	0	
-22.4097	-4.18548	206.459	0	
-22.7261	-5.08771	224.007	0	
-21.2008	-4.60559	207.363	0	
-22.0023	-5.01114	220.965	0	
-21.9155	-4.51008	210.751	0	
-21.889	-5.39746	225.106	0	
-20.8739	-5.3598	221.054	0	
-21.3933	-4.89269	214.253	0	
-21.3844	-4.30066	205.838	0	
-21.2813	-3.96416	198.633	0	
-21.618	-3.74511	197.937	0	
-21.5176	-5.53759	228.374	0	
-22.1787	-6.40291	255.156	0	
-18.8521	-7.93618	269.999	0	
-21.0076	-6.07931	241.106	0	
-20.6774	-6.52512	253.463	0	
-20.2458	-6.37689	237.739	0	
-20.8804	-6.99184	266.21	0	
-19.0234	-7.33586	256.324	0	
-19.767	-6.61937	250.653	0	
-19.1562	-5.72904	214.786	0	
-43.1173	-2.87782	188.203	0	
-43.3706	-3.99232	194.262	0	
-43.8376	-2.69101	188.698	0	
-43.4846	-3.53051	191.561	0	
-43.7154	-4.24078	197.227	0	
-43.4257	-4.87779	206.649	0	
-40.7183	-5.38243	225.825	0	
-39.0772	-5.21443	220.256	0	
-42.6416	-6.44162	252.455	0	
-41.084	-6.20342	245.767	0	
-8.15444	-1.64073	213.19	0	
-7.78048	-2.1665	206.55	0	
-8.44604	-1.40098	213.743	0	
-8.7239	-2.04765	205.898	0	
-7.77381	-2.53468	200.66	0	
-7.24486	-2.59891	199.771	0	
-8.90384	-2.41777	201.776	0	
-8.51115	-3.03629	193.355	0	
-8.34509	-2.53284	200.353	0	
-8.66854	-2.70575	199.775	0	
-7.86801	-3.24027	193	0	
-7.53011	-2.72484	198.891	0	
-7.90874	-3.58182	188.96	0	
-6.77579	-3.27158	194.286	0	
-8.36057	-3.73384	188.135	0	
-8.39033	-5.18595	178.118	0	
-7.32356	-3.63951	188.931	0	
-6.95764	-4.10077	185.629	0	
-6.70948	-3.56385	189.866	0	
-6.99904	-3.79194	189.218	0	
-6.0511	-4.55244	183.927	0	
-5.77814	-3.63617	191.119	0	
-7.22547	-4.32686	184.282	0	
-6.89756	-4.78045	182.247	0	
-7.57828	-4.18177	183.721	0	
-8.18758	-4.62311	181.209	0	
-6.84542	-5.12686	180.213	0	
-6.29218	-5.06302	181.726	0	
-7.516	-4.93398	180.605	0	
-7.78176	-4.56561	180.881	0	
-7.5232	-5.34808	178.449	0	
-5.52069	-5.59962	180.974	0	
-5.96044	-5.18965	181.566	0	
-5.74449	-4.00221	189.308	0	
-7.99171	-5.54255	178.426	0	
-7.05772	-6.25446	177.075	0	
-6.88843	-5.79637	178.585	0	
-6.55157	-6.55603	178.54	0	
-5.85933	-5.52629	180.404	0	
-5.21103	-5.22613	183.602	0	
-5.81441	-4.84427	183.88	0	
-5.40364	-4.80742	183.505	0	
-6.05293	-6.25063	178.595	0	
-5.62671	-6.35151	179.147	0	
-3.80585	-4.76991	188.045	0	
-4.74275	-3.92999	190.758	0	
-7.0444	-2.84388	197.963	0	
-6.77456	-2.38803	201.647	0	
-7.05896	-3.14762	194.401	0	
-6.58706	-2.98506	195.968	0	
-5.52281	-3.4038	194.491	0	
-5.07749	-2.88918	197.329	0	
-5.44512	-6.90697	179.339	0	
-4.16392	-6.3871	181.549	0	
-5.18699	-3.51557	192.881	0	
-4.8551	-2.62113	201.138	0	
-5.11152	-3.85595	190.865	0	
-4.4914	-3.6462	194.087	0	
-5.43454	-2.20162	205.356	0	
-6.11909	-2.40118	201.373	0	
-5.41369	-4.11021	188.433	0	
-4.73774	-4.31186	188.444	0	
-4.15324	-3.67171	194.883	0	
-3.91081	-3.33129	196.41	0	
-3.99101	-4.01418	192.475	0	
-3.56827	-3.43098	197.333	0	
-4.44416	-4.57202	187.774	0	
-3.44633	-4.55797	191.322	0	
-3.20464	-3.1518	199.108	0	
-3.35402	-2.17593	204.197	0	
-4.7224	-5.12973	183.755	0	
-4.96241	-6.04622	180.97	0	
-3.06985	-4.77185	189.121	0	
-2.8013	-3.97271	196.144	0	
-3.9518	-2.64258	200.978	0	
-4.28076	-2.45112	201.976	0	
-4.62264	-5.55639	183.022	0	
-3.74097	-6.66135	181.31	0	
-10.8954	-1.71663	210.629	0	
-11.7077	-1.67913	209.746	0	
-13.1552	-4.69219	181.448	0	
-12.7432	-4.83207	180.783	0	
104.182	-1.64214	191.64	0	
104.737	-2.11279	194.784	0	
103.765	-2.10982	195.196	0	
103.921	-2.44262	194.98	0	
103.331	-2.03501	192.058	0	
102.793	-2.82363	196.267	0	
103.711	-3.07443	195.83	0	
105.214	-2.84933	196.727	0	
103.115	-2.28629	195.593	0	
102.751	-2.26788	195.147	0	
102.598	-3.07356	196.162	0	
103.13	-3.43879	195.941	0	
102.282	-3.03696	196.452	0	
102.3	-3.58707	195.916	0	
102.152	-2.76554	195.963	0	
101.66	-3.02464	196.095	0	
102.195	-3.86622	194.971	0	
102.584	-4.15105	194.336	0	
101.923	-3.92418	195.244	0	
101.86	-4.41151	193.859	0	
102.755	-4.43591	193.872	0	
103.657	-3.81423	195.361	0	
102.335	-4.77025	192.634	0	
102.887	-5.00109	192.081	0	
103.075	-4.29941	193.652	0	
103.649	-4.24262	193.283	0	
102.318	-2.52898	196.052	0	
101.731	-2.29627	195.68	0	
101.349	-3.04477	196.367	0	
101.43	-3.61789	195.896	0	
101.731	-3.63722	195.538	0	
101.316	-3.87598	195.181	0	
101.013	-3.85021	195.245	0	
100.932	-4.30576	194.007	0	
100.838	-3.64116	195.533	0	
100.572	-3.76803	195.462	0	
100.745	-4.56366	193.379	0	
101.113	-4.88832	192.555	0	
100.932	-3.36692	196.17	0	
100.683	-3.20617	196.108	0	
100.058	-3.79536	195.229	0	
100.263	-4.29027	194.347	0	
100.37	-4.57923	193.222	0	
100.539	-5.76725	190.002	0	
101.246	-5.18651	191.402	0	
101.751	-4.95895	192.073	0	
101.221	-3.31789	195.885	0	
101.27	-2.74329	196.234	0	
100.394	-2.85659	196.198	0	
100.155	-3.00085	196.384	0	
100.155	-3.27324	196.124	0	
99.2922	-4.41713	194.252	0	
100.424	-2.61088	196.144	0	
100.202	-2.48185	195.8	0	
99.7567	-2.50387	196.014	0	
99.8813	-3.39379	195.893	0	
99.5372	-4.14809	194.243	0	
99.9311	-5.09066	192.134	0	
100.644	-2.50917	195.696	0	
100.645	-2.25804	195.352	0	
100.84	-2.74339	196.217	0	
101.062	-2.62184	195.817	0	
100.847	-1.89101	193.94	0	
100.632	-1.76255	192.421	0	
101.601	-2.55176	195.573	0	
101.542	-2.1315	194.414	0	
101.124	-1.89371	192.373	0	
101.114	-1.42452	188.618	0	
100.3	-1.39935	190.602	0	
100.083	-1.52468	191.877	0	
99.7902	-1.49535	192.792	0	
99.7691	-2.01264	195.267	0	
100.048	-2.01857	194.469	0	
99.6222	-2.25579	195.185	0	
99.0311	-3.06572	196.218	0	
99.4372	-3.63839	195.525	0	
101.667	-1.89501	193.158	0	
101.255	-1.67018	192.13	0	
101.907	-1.75422	192.363	0	
101.902	-1.51721	190.749	0	
102.173	-1.96343	194.503	0	
102.463	-1.54946	192.574	0	
102.157	-1.33505	190.097	0	
101.693	-0.957361	185.493	0	
101.273	-1.16304	187.267	0	
101.063	-1.02029	183.727	0	
101.547	-1.17162	186.18	0	
101.594	-0.646029	181.918	0	
100.686	-0.710227	178.466	0	
100.823	-1.16524	185.548	0	
99.6192	-1.31433	191.228	0	
99.2518	-1.67236	193.064	0	
99.2844	-2.27032	195.238	0	
99.5632	-2.6395	196.035	0	
99.7055	-1.07515	189.541	0	
99.2795	-0.942189	188.645	0	
99.0603	-1.95489	194.565	0	
98.6213	-2.4202	195.364	0	
99.2853	-2.52543	195.907	0	
98.854	-2.71584	196.216	0	
99.2056	-2.92028	196.171	0	
99.1073	-2.67363	196.028	0	
98.5705	-3.17767	196.128	0	
98.5829	-3.41711	195.844	0	
98.082	-2.84858	196.043	0	
97.8857	-4.01356	194.728	0	
99.272	-3.8111	195.359	0	
99.0666	-3.30393	195.931	0	
99.9892	-0.915074	190.796	0	
99.6966	-0.124901	190.285	0	
99.1004	-0.738934	183.127	0	
98.5123	-1.28538	187.777	0	
98.0617	-3.7215	195.453	0	
98.9335	-3.72059	195.435	0	
99.802	-3.62828	195.815	0	
99.5609	-3.26628	196.068	0	
99.0163	-0.172575	178.224	0	
99.9351	-0.62111	183.801	0	
99.4882	-0.358507	182.86	0	
98.7038	-0.353018	180.374	0	
98.8256	-0.874622	185.707	0	
98.3711	-0.981254	186.974	0	
98.0546	-4.31707	194.007	0	
98.6403	-3.87416	195.147	0	
99.6226	-0.638959	190.14	0	
101.611	-4.6658	192.92	0	
102.152	-5.03776	191.913	0	
102.023	-5.62173	190.147	0	
103.201	-4.881	191.843	0	
102.644	-2.55048	195.766	0	
102.474	-1.94083	193.145	0	
100.284	-4.94418	192.13	0	
99.886	-5.50916	190.917	0	
101.128	-5.48007	190.829	0	
101.406	-5.68969	190.232	0	
97.9027	-3.43185	195.842	0	
97.5221	-4.61348	193.742	0	
97.8709	-4.62371	193.307	0	
98.5299	-4.83751	192.694	0	
102.879	-5.44019	190.038	0	
103.457	-5.50156	189.739	0	
100.76	-5.48222	190.699	0	
100.698	-6.06769	189.529	0	
101.685	-6.16912	188.794	0	
102.21	-5.95789	189.288	0	
98.2022	-3.15929	196.248	0	
97.6054	-2.95034	196.528	0	
97.3211	-3.63922	195.586	0	
96.6129	-3.69163	195.768	0	
104.075	-5.57118	189.734	0	
103.452	-5.12857	191.755	0	
100.48	-6.34507	188.806	0	
100.417	-6.9291	188.083	0	
101.41	-6.64815	188.1	0	
102.219	-6.53036	188.003	0	
102.059	-6.19589	188.57	0	
102.626	-5.60841	190.292	0	
100.147	-6.37253	189.168	0	
100.89	-6.69755	188.082	0	
101.109	-6.43936	188.474	0	
100.618	-6.65326	188.531	0	
101.615	-7.29145	187.322	0	
101.96	-6.74336	187.8	0	
102.531	-6.64726	187.59	0	
102.6	-5.99616	188.881	0	
99.9532	-6.10562	189.423	0	
99.5909	-6.66005	188.924	0	
100.519	-7.30955	187.832	0	
101.043	-7.02665	187.887	0	
101.098	-7.81247	187.335	0	
102.266	-7.76606	186.428	0	
102.27	-7.32948	187.003	0	
103.175	-6.74269	187.329	0	
100.127	-5.77773	190.211	0	
99.1525	-5.26029	191.853	0	
99.3501	-6.98125	188.524	0	
99.4991	-7.30776	188.677	0	
99.8728	-7.23494	188.048	0	
100.851	-8.25275	187.404	0	
102.637	-7.95629	186.687	0	
102.955	-7.10424	186.777	0	
103.572	-6.71804	187.243	0	
103.78	-5.75162	189.733	0	
98.2466	-5.47645	191.528	0	
99.3281	-6.0896	189.667	0	
98.804	-6.5952	189.343	0	
98.685	-7.29631	188.88	0	
103.47	-7.60418	186.197	0	
104.603	-6.62539	187.025	0	
103.268	-6.10497	188.652	0	
103.643	-6.09751	188.284	0	
99.5125	-8.04439	188.599	0	
100.188	-7.51116	188.078	0	
104.296	-3.218	195.8	0	
104.667	-3.64	197.213	0	
103.887	-3.38597	197.119	0	
103.308	-3.17943	196.391	0	
97.3158	-4.30083	194.042	0	
97.6354	-5.29581	192.317	0	
98.7732	-5.23271	191.746	0	
99.4679	-4.84693	192.245	0	
104.491	-5.79158	189.358	0	
104.811	-5.51522	190.342	0	
101.492	-8.77361	187.07	0	
101.835	-8.04511	186.92	0	
96.9114	-4.35217	194.497	0	
96.8006	-4.72291	193.312	0	
97.6101	-5.65263	191.425	0	
98.5947	-5.58564	191.633	0	
97.2639	-5.83784	191.621	0	
97.3273	-6.26014	190.871	0	
97.9703	-5.74838	191.343	0	
98.3837	-6.10338	190.529	0	
98.4228	-6.49594	189.908	0	
98.95	-6.22203	190.011	0	
98.0489	-6.66553	190.172	0	
98.2575	-7.38503	189.784	0	
104.368	-6.23392	187.831	0	
105.421	-6.05918	188.583	0	
105.444	-5.05761	192.052	0	
104.644	-5.06677	190.955	0	
96.422	-4.85268	193.827	0	
96.2078	-5.97119	191.929	0	
96.9722	-5.53909	192.009	0	
96.4235	-5.57386	192.602	0	
97.1544	-6.94353	190.606	0	
97.9419	-7.09985	189.478	0	
105.867	-4.99394	191.304	0	
106.013	-4.42658	193.819	0	
96.1332	-4.60199	193.647	0	
95.7488	-4.76586	194.123	0	
106.193	-5.41579	190.534	0	
106.799	-4.81372	193.052	0	
96.2069	-4.2233	195.067	0	
95.6412	-3.75761	195.691	0	
94.9722	-4.79146	195.121	0	
94.8849	-5.22175	193.883	0	
96.6066	-4.10326	194.654	0	
96.9206	-3.47645	195.659	0	
94.1114	-5.49346	195.037	0	
95.5917	-6.49397	191.929	0	
97.2993	-2.77234	196.226	0	
96.2022	-2.94313	196.761	0	
96.7492	-2.30524	196.151	0	
96.5275	-2.7041	196.232	0	
104.815	-2.50558	195.993	0	
105.248	-1.9232	193.365	0	
105.665	-2.75103	195.823	0	
105.403	-2.22345	195.374	0	
154.814	-8.78708	194.963	0	
154.326	-7.07144	197.673	0	
150.051	-5.61413	205.803	0	
149.268	-5.77629	205.432	0	
150.344	-5.27132	206.298	0	
149.624	-5.07678	205.482	0	
148.86	-5.60739	205.542	0	
147.733	-6.19789	205.378	0	
149.125	-6.56665	206.168	0	
149.45	-6.86135	206.125	0	
149.466	-7.3764	206.549	0	
149.977	-7.53559	206.028	0	
148.778	-7.3313	206.512	0	
149.211	-8.62282	206.912	0	
148.666	-4.39593	204.89	0	
148.18	-4.97214	204.424	0	
148.886	-5.11982	205.003	0	
148.535	-4.84281	205.106	0	
-161.661	-3.97937	219.222	0	
-162.194	-3.67753	215.436	0	
130.009	-5.71435	209.407	0	
130.889	-5.2321	208.491	0	
-117.546	-4.75675	189.653	0	
-116.519	-5.13385	194.198	0	
-115.621	-6.3744	221.099	0	
-113.55	-7.06126	257.896	0	
-112.617	-7.04795	244.849	0	
-111.514	-6.4166	230.965	0	
-113.253	-7.42464	261.122	0	
-111.796	-8.19928	292.83	0	
-112.213	-6.42334	226.61	0	
-112.211	-6.94776	249.093	0	
-18.3358	-8.05406	271.718	0	
-17.1877	-6.68006	219.896	0	
-16.3101	-7.50782	229.388	0	
-15.6309	-5.53935	194.546	0	
-55.3275	-7.47411	266.383	0	
-54.799	-8.11737	283.118	0	
-53.4863	-7.75877	274.761	0	
-52.9232	-6.78213	249.804	0	
-52.2171	-7.72847	272.651	0	
-51.639	-6.99096	254.479	0	
-51.345	-4.56075	207.286	0	
-52.9465	-5.01342	215.232	0	
45.1626	-9.0934	169.411	0	
48.3542	-10.6392	139.376	0	
32.3481	-6.85056	219.297	0	
32.046	-7.22306	219.546	0	
33.2084	-6.95578	219.611	0	
34.0433	-6.95406	219.417	0	
35.641	-8.21501	215.393	0	
36.4762	-7.57578	215.958	0	
36.2494	-6.61298	218.028	0	
36.0882	-7.4535	216.88	0	
37.168	-8.10049	211.83	0	
36.8082	-7.17497	216.217	0	
69.4185	-2.96862	207.997	0	
68.6954	-3.50819	211.108	0	
68.2575	-3.59798	211.252	0	
69.0409	-4.07044	213.822	0	
68.0287	-4.70446	216.376	0	
68.3411	-4.97734	216.357	0	
68.4397	-5.44968	217.508	0	
68.8725	-5.33057	217.959	0	
70.2402	-4.84496	214.622	0	
71.3675	-5.02824	215.149	0	
71.4704	-2.91809	208.646	0	
70.8304	-3.42836	210.237	0	
61.2859	-4.76894	214.016	0	
61.4644	-3.98128	211.893	0	
85.048	-2.0635	208.118	0	
85.2493	-1.57078	210.277	0	
85.9424	-1.97885	208.507	0	
85.8897	-1.02519	216.373	0	
86.2899	-1.57828	212.14	0	
85.9663	-1.3823	208.077	0	
-25.9781	-6.6784	288.263	0	
-25.5721	-5.60296	248.244	0	
-102.423	-6.66995	239.646	0	
-101.393	-6.76918	243.198	0	
88.957	-4.34393	200.345	0	
89.765	-6.63598	198.44	0	
88.7491	-2.93831	200.917	0	
87.7867	-2.85111	201.484	0	
-36.8371	-5.65446	231.298	0	
-38.0747	-5.50845	226.828	0	
-32.559	-9.15822	396.428	0	
-31.7451	-8.89996	388.161	0	
-34.2418	-10.5739	452.229	0	
-33.6798	-9.03321	393.555	0	
-142.983	-7.88079	298.33	0	
-142.441	-8.8191	347.245	0	
-147.299	-7.63019	303.326	0	
-146.057	-8.23863	331.9	0	
-145.641	-10.4833	441.311	0	
-144.999	-9.79439	405.226	0	
-121.431	-5.62004	211.032	0	
-121.051	-6.25779	228.663	0	
-120.644	-7.05916	257.178	0	
-120.237	-6.23248	231.207	0	
-123.252	-6.06915	215.914	0	
-121.746	-6.87313	259.188	0	
-123.1	-2.92179	182.68	0	
-123.805	-2.85163	182.873	0	
-94.453	-2.92408	184.69	0	
-94.4429	-3.65229	186.236	0	
-94.4093	-2.4897	185.373	0	
-95.0733	-2.50276	184.853	0	
-95.8623	-3.38083	184.645	0	
-95.4729	-4.18045	189.95	0	
-95.4793	-4.54388	195.358	0	
-94.8626	-4.17253	190.403	0	
-95.7861	-4.72659	197.515	0	
-94.8162	-5.21818	209.037	0	
-96.1339	-4.44888	194.029	0	
-96.4133	-5.58986	219.252	0	
-94.6166	-4.87056	199.873	0	
-94.8847	-4.57836	196.605	0	
-96.8253	-4.33929	192.529	0	
-97.6493	-4.21379	189.86	0	
-95.721	-5.7581	224.705	0	
-95.5467	-5.31453	208.32	0	
-96.836	-5.00602	200.847	0	
-97.0648	-4.66545	196.415	0	
-97.6467	-5.7556	220.895	0	
-97.0095	-5.98692	228.253	0	
-97.63	-5.05543	203.368	0	
-97.4502	-4.67789	194.812	0	
-98.7849	-5.74891	222.586	0	
-97.9882	-6.56963	243.753	0	
-96.7723	-6.25391	236.82	0	
-96.2133	-5.9079	222.424	0	
-96.8824	-6.60841	248.326	0	
-96.9372	-7.43443	276.001	0	
-97.5346	-6.42728	243.107	0	
-96.4758	-7.24056	271.949	0	
-96.1822	-6.55047	246.221	0	
-96.5122	-6.79594	258.912	0	
-98.2469	-6.22857	235.074	0	
-97.3331	-7.08014	272.533	0	
-95.032	-7.05843	273.016	0	
-94.7061	-5.5997	220.387	0	
-97.2791	-7.9271	324.663	0	
-96.0257	-8.44169	343.19	0	
-99.0672	-6.97318	255.696	0	
-98.5551	-7.26445	276.141	0	
-79.2492	-7.40309	278.782	0	
-78.292	-6.82601	261.622	0	
-72.9097	-6.67915	257.517	0	
-71.5667	-5.68285	228.426	0	
-108.524	-5.63433	206.662	0	
-108.65	-6.04678	217.533	0	
-107.446	-8.0315	310.491	0	
-106.856	-7.94672	284.846	0	
-105.924	-7.29622	261.455	0	
-104.082	-7.05835	263.672	0	
-103.954	-7.69768	285.113	0	
-102.745	-8.81702	364.915	0	
-23.469	-4.74651	217.304	0	
-23.5104	-6.24587	260.174	0	
-44.5825	-2.23532	190.572	0	
-44.4436	-3.05649	188.952	0	
-44.6969	-3.28727	190.055	0	
-44.4428	-4.06357	195.495	0	
-43.5689	-5.26273	217.684	0	
-42.5657	-5.5754	227.282	0	
-6.34255	-7.48377	179.594	0	
-4.99822	-8.10388	180.247	0	
-6.05491	-2.82784	198.313	0	
-5.7087	-2.39248	201.041	0	
-2.95412	-5.34667	187.836	0	
-2.25174	-4.91474	190.503	0	
-4.63135	-6.55146	180.27	0	
-4.15663	-5.66085	182.793	0	
-10.5474	-1.67675	210.081	0	
-10.3952	-1.03851	216.875	0	
-10.3194	-1.91183	207.192	0	
-9.98496	-1.46864	212.361	0	
-10.3774	-2.3154	201.835	0	
-9.81316	-2.10479	204.911	0	
-12.1645	-1.25718	215.703	0	
-12.3005	-1.94141	205.777	0	
-13.2799	-5.53377	185.217	0	
-12.0565	-6.6071	188.932	0	
-12.2317	-5.72826	182.651	0	
-12.6103	-5.76512	183.221	0	
102.62	-8.36557	186.251	0	
103.577	-8.07479	185.743	0	
104.263	-8.72348	184.881	0	
105.12	-6.64253	186.993	0	
98.1466	-7.86227	189.525	0	
98.8611	-7.69708	189.073	0	
97.6835	-8.12126	190.686	0	
98.2942	-8.83045	190.529	0	
95.6843	-6.03086	192.926	0	
95.8883	-6.94569	192.332	0	
96.3507	-6.87946	191.138	0	
96.8096	-7.75858	191.013	0	
95.1949	-7.49585	193.554	0	
95.5156	-8.21609	193.634	0	
97.1369	-8.88952	192.592	0	
97.345	-7.78041	190.334	0	
105.948	-6.02137	187.697	0	
107.108	-5.93207	189.681	0	
93.9351	-6.2088	194.612	0	
94.7457	-6.37728	192.82	0	
95.31	-5.78099	192.888	0	
94.8437	-5.89957	193.947	0	
147.852	-4.68865	204.647	0	
147.36	-5.15663	204.374	0	
147.856	-4.28796	204.286	0	
147.643	-3.55741	205.213	0	
146.925	-5.29461	203.932	0	
147.039	-5.74488	204.677	0	
148.315	-4.12458	205.611	0	
147.168	-4.01556	204.301	0	
147.544	-3.98632	204.776	0	
146.337	-3.48938	204.811	0	
146.574	-5.07892	204.019	0	
145.763	-4.71685	203.251	0	
146.928	-6.47232	205.42	0	
147.647	-6.68304	205.788	0	
147.419	-3.21967	206.983	0	
146.826	-3.52766	204.97	0	
147.495	-2.75102	208.254	0	
147.118	-2.42898	211.082	0	
-162.573	-5.15331	240.808	0	
-161.578	-4.82584	239.99	0	
-117.797	-5.29329	195.765	0	
-116.931	-5.11358	194.08	0	
-116.528	-5.93382	214.839	0	
-115.896	-5.54244	199.429	0	
-113.775	-6.31686	230.888	0	
-114.164	-6.64588	234.428	0	
-17.5481	-6.34879	217.365	0	
-18.1202	-6.30081	222.783	0	
-55.74	-7.01576	258.437	0	
-56.059	-7.77465	275.934	0	
-54.9907	-8.77205	301.076	0	
-53.3634	-8.28596	288.811	0	
-53.6729	-7.95195	279.862	0	
-52.9343	-8.12313	284.893	0	
-53.1535	-7.36846	264.752	0	
-53.0863	-7.61189	273.052	0	
44.6634	-8.98197	180.278	0	
45.1414	-10.1856	154.741	0	
45.4227	-9.73339	164.515	0	
44.5212	-9.98926	163.173	0	
35.0531	-8.45142	216.062	0	
35.793	-9.07839	212.245	0	
36.7605	-8.95634	208.861	0	
37.8049	-8.8032	205.205	0	
67.858	-6.07618	217.284	0	
68.9453	-6.17148	219.266	0	
69.6863	-5.1449	216.429	0	
68.9932	-4.8678	215.634	0	
70.069	-5.23377	217.131	0	
69.8867	-4.35911	214.156	0	
70.3538	-5.96523	219.716	0	
70.8853	-5.05552	215.568	0	
69.4859	-5.54224	218.617	0	
70.2862	-6.92102	220.077	0	
70.7665	-6.69192	220.299	0	
70.7977	-6.31013	219.016	0	
71.4947	-6.7883	220.834	0	
71.5705	-6.36268	219.255	0	
69.8217	-6.59094	220.599	0	
69.124	-8.39462	212.83	0	
71.8817	-7.12799	220.96	0	
71.1914	-5.71318	217.409	0	
72.1108	-6.26275	219.602	0	
72.4829	-5.61477	216.969	0	
68.9726	-7.40502	216.396	0	
69.9341	-8.3132	215.572	0	
70.9688	-7.46867	220.64	0	
70.411	-7.47662	217.987	0	
61.695	-5.24958	214.154	0	
62.0002	-4.55825	213.798	0	
62.0535	-5.76995	213.151	0	
62.0004	-5.04187	214.585	0	
60.9081	-5.67611	213.123	0	
61.7225	-5.61991	213.653	0	
60.5836	-4.95278	214.054	0	
61.4388	-5.82296	212.457	0	
60.4921	-6.45501	209.713	0	
60.8357	-6.18673	210.204	0	
60.0601	-7.32343	193.8	0	
61.4568	-6.19893	210.993	0	
60.6781	-7.26512	200.641	0	
62.0902	-6.13759	211.699	0	
61.7771	-6.36352	208.83	0	
62.5853	-6.34942	211.491	0	
61.2599	-8.25564	184.206	0	
61.837	-6.79235	207.052	0	
61.6491	-7.50312	199.7	0	
62.2179	-6.9331	204.274	0	
63.4704	-7.17962	202.532	0	
64.1206	-6.11686	214.425	0	
60.6805	-6.8729	201.36	0	
61.2702	-7.67703	191.869	0	
60.6023	-8.6184	180.166	0	
61.9781	-9.22778	171.248	0	
61.5097	-7.02472	200.879	0	
62.2974	-7.65535	191.44	0	
-25.899	-7.2423	310.301	0	
-25.1056	-6.79138	287.905	0	
88.6883	-3.97309	198.298	0	
88.0879	-4.47857	198.71	0	
88.298	-4.93152	200.276	0	
88.5586	-5.95781	199.049	0	
87.5336	-3.27766	201.031	0	
87.9712	-3.72361	199.308	0	
-32.1236	-9.32832	412.361	0	
-30.2824	-8.13611	351.51	0	
-147.665	-8.41251	337.181	0	
-146.651	-8.2207	330.644	0	
-122.003	-6.14377	225.018	0	
-121.108	-6.72305	234.203	0	
-121.382	-8.25848	305.019	0	
-119.274	-6.5412	230.81	0	
-123.652	-6.63762	234.227	0	
-123.246	-6.92813	249.944	0	
-122.698	-2.84605	182.538	0	
-123.011	-2.14046	189.574	0	
-122.353	-3.16232	181.213	0	
-121.91	-2.54467	185.135	0	
-121.216	-2.42583	185.837	0	
-122.084	-1.60299	193.768	0	
-95.1185	-7.6367	297.617	0	
-93.5653	-7.41979	285.656	0	
-94.7177	-6.64803	244.55	0	
-93.758	-6.62866	255.307	0	
-99.019	-6.42241	244.833	0	
-98.3991	-7.82695	308.874	0	
-100.123	-7.68414	292.91	0	
-98.9477	-8.406	337.32	0	
-97.9142	-9.18106	396.781	0	
-97.8207	-7.74882	288.591	0	
-109.544	-6.20055	220.274	0	
-109.1	-6.90327	240.431	0	
-106.75	-6.9358	240.838	0	
-106.693	-6.47364	232.827	0	
-103.671	-9.04232	383.044	0	
-104.322	-8.0483	309.658	0	
-23.9539	-4.86399	220.329	0	
-23.4252	-5.45219	238.562	0	
-24.1385	-4.17099	205.735	0	
-24.5545	-5.38457	234.493	0	
-22.4428	-7.36608	291.858	0	
-22.5217	-5.92681	246.289	0	
-45.0155	-3.15271	190.141	0	
-45.233	-3.7835	195.004	0	
-45.1198	-2.82388	189.031	0	
-45.803	-3.03169	189.511	0	
-44.9411	-2.60634	189.29	0	
-45.5212	-2.31211	189.865	0	
-44.5835	-2.70439	189.162	0	
-44.8652	-2.14044	190.687	0	
-44.079	-2.44733	189.647	0	
-44.0429	-2.07976	191.273	0	
-44.9218	-1.85624	192.335	0	
-45.3389	-2.16606	190.496	0	
-44.4107	-1.73595	193.38	0	
-45.1637	-1.39156	194.354	0	
-44.3115	-1.43884	195.839	0	
-44.6452	-1.25464	197.255	0	
-45.3906	-1.10402	197.386	0	
-45.8353	-1.53266	194.415	0	
-45.7851	-2.20831	190.028	0	
-45.6737	-2.76968	189.53	0	
-45.8735	-1.97867	191.739	0	
-46.2868	-2.22764	190.701	0	
-45.6895	-1.74692	191.885	0	
-46.1224	-1.59033	192.959	0	
-46.2896	-1.41899	194.594	0	
-46.5294	-1.54157	194.117	0	
-46.2187	-1.15152	195.541	0	
-46.4336	-1.00668	197.145	0	
-46.9518	-1.53854	195.129	0	
-46.9804	-1.96867	192.485	0	
-45.9397	-0.975019	196.582	0	
-45.8981	-0.640941	195.186	0	
-46.819	-0.708131	200.112	0	
-46.6814	-1.15671	197.015	0	
-46.566	-2.22271	190.767	0	
-46.5647	-2.72421	190.254	0	
-47.2323	-1.38093	195.291	0	
-47.49	-1.52414	195.731	0	
-47.1184	-2.20919	191.78	0	
-46.7058	-2.46195	190.322	0	
-46.7182	-2.97008	190.662	0	
-46.332	-3.2313	190.88	0	
-47.7767	-1.48283	194.885	0	
-47.8274	-1.96491	193.155	0	
-47.3972	-2.21311	191.859	0	
-47.4069	-2.68494	191.223	0	
-47.0032	-2.95273	191.094	0	
-47.0272	-3.44692	192.92	0	
-46.1803	-3.50352	193.598	0	
-45.629	-3.30551	191.513	0	
-47.9357	-1.14171	198.957	0	
-48.3745	-1.55702	195.928	0	
-47.9622	-2.20128	192.977	0	
-47.5418	-2.44396	191.691	0	
-47.5591	-2.91304	191.925	0	
-47.1535	-3.17258	192.042	0	
-47.4826	-3.59799	194.792	0	
-46.8649	-4.06185	197.143	0	
-46.6263	-3.77388	196.115	0	
-45.9539	-4.10624	197.461	0	
-48.2143	-2.24015	192.47	0	
-48.2445	-2.67115	192.128	0	
-47.8356	-2.90516	192.096	0	
-47.8334	-3.37027	193.507	0	
-48.375	-2.04596	193.976	0	
-48.7635	-2.23592	193.528	0	
-48.3844	-2.91032	192.864	0	
-47.9704	-3.14194	192.945	0	
-47.9612	-3.60733	195.894	0	
-47.6112	-3.83816	197.773	0	
-48.2396	-1.7743	193.884	0	
-48.64	-1.60063	194.837	0	
-49.0508	-2.23463	193.16	0	
-49.0697	-2.67715	192.799	0	
-48.6584	-2.90617	193.012	0	
-48.6441	-3.38455	194.658	0	
-48.2298	-3.61684	196.164	0	
-48.2282	-4.08386	199.722	0	
-47.4299	-4.11448	197.96	0	
-47.2168	-3.65187	195.088	0	
-48.7687	-1.07116	197.198	0	
-49.1673	-1.53526	196.103	0	
-49.0173	-0.902007	196.836	0	
-49.0559	-1.34837	196.353	0	
-49.4458	-1.53408	195.631	0	
-49.4592	-2.0046	193.763	0	
-49.1818	-1.99601	194.26	0	
-49.6146	-2.25879	193.578	0	
-49.1941	-2.91815	193.388	0	
-48.7866	-3.14255	193.538	0	
-48.7757	-3.61994	196.354	0	
-48.3646	-3.85377	198.173	0	
-48.3665	-4.33174	204.032	0	
-47.9984	-4.55787	207.786	0	
-47.8765	-4.31429	202.406	0	
-46.7753	-4.37417	202.998	0	
-49.0963	-0.652926	198.475	0	
-49.5827	-0.890676	198.883	0	
-49.6171	-1.35637	196.814	0	
-49.9907	-1.54983	195.582	0	
-49.8863	-2.26049	193.082	0	
-49.8721	-2.75633	192.937	0	
-49.4371	-2.98887	193.528	0	
-49.4267	-3.26679	194.56	0	
-49.5992	-2.76345	193.041	0	
-50.005	-2.99614	193.442	0	
-49.5845	-3.66081	196.91	0	
-49.0605	-4.13003	201.772	0	
-49.0474	-3.62155	197.637	0	
-49.1952	-3.89513	198.346	0	
-48.7786	-4.09378	201.342	0	
-48.726	-4.79543	209.655	0	
-47.7884	-4.83372	209.691	0	
-47.563	-4.35102	204.8	0	
-48.9211	-0.371194	194.128	0	
-49.4345	-0.228474	199.13	0	
-49.4786	-1.10643	197.443	0	
-50.3835	-0.896376	196.883	0	
-50.2578	-1.55377	194.98	0	
-50.2869	-2.00778	193.313	0	
-50.0049	-2.01372	193.826	0	
-50.4446	-2.24948	193.126	0	
-50.2847	-2.97643	193.552	0	
-50.0461	-3.89004	199.282	0	
-49.8754	-3.68426	197.584	0	
-49.6415	-4.58238	208.373	0	
-49.1721	-4.41438	203.23	0	
-48.6398	-4.33816	203.675	0	
-48.7459	-5.28552	219.627	0	
-48.435	-5.36117	222.046	0	
-48.2303	-5.11534	215.899	0	
-47.119	-5.28519	217.34	0	
-49.8609	-0.906713	198.039	0	
-49.9515	-0.6799	198.78	0	
-50.4273	-1.37046	195.398	0	
-50.6719	-1.49226	194.759	0	
-50.2998	-1.13262	196.578	0	
-50.6461	-0.861521	196.615	0	
-51.1054	-1.50758	194.882	0	
-51.109	-1.78433	194.024	0	
-50.7443	-2.18597	192.841	0	
-50.695	-2.72695	192.77	0	
-50.4281	-2.73155	192.949	0	
-50.815	-2.95051	193.26	0	
-50.3259	-3.42464	195.664	0	
-50.5231	-3.63929	196.934	0	
-49.9112	-4.10664	201.08	0	
-50.1594	-4.30604	204.034	0	
-49.4628	-4.41953	205.644	0	
-49.5521	-4.85142	211.293	0	
-49.833	-0.475676	199.09	0	
-50.5461	-0.198478	195.593	0	
-49.5387	-0.444232	199.837	0	
-49.7099	-0.0935462	200.76	0	
-50.1315	-0.248437	197.989	0	
-50.2777	-0.45203	197.684	0	
-50.321	-0.0820649	196.662	0	
-51.0938	-0.130094	197.714	0	
-50.889	-0.509422	196.707	0	
-50.9022	-0.246507	196.161	0	
-50.746	-0.116414	197.015	0	
-51.3093	-0.85709	196.919	0	
-51.3053	-0.344314	196.325	0	
-51.1879	-0.607229	197.684	0	
-51.2843	-1.3259	195.851	0	
-51.6717	-1.52948	195.32	0	
-51.2724	-2.18029	193.127	0	
-50.8674	-2.42275	192.651	0	
-51.0774	-2.94186	193.529	0	
-51.1198	-3.34817	195.442	0	
-50.0461	-4.91347	213.73	0	
-49.7374	-5.29825	221.456	0	
-51.1288	-1.06391	196.494	0	
-51.635	-1.02569	197.389	0	
-51.9472	-1.53533	195.344	0	
-51.9823	-1.95804	194.086	0	
-51.5513	-2.19614	193.167	0	
-51.5004	-2.71885	192.815	0	
-51.2069	-2.70713	192.798	0	
-51.6252	-2.9436	193.35	0	
-51.9005	-2.988	194.004	0	
-51.8865	-3.24633	194.442	0	
-52.1027	-2.86188	193.175	0	
-52.3435	-3.00976	194.103	0	
-52.0534	-3.66043	197.309	0	
-51.6306	-3.98636	200.121	0	
-51.2617	-3.57255	196.204	0	
-50.9361	-3.82705	198.099	0	
-51.5314	-3.57014	196.957	0	
-51.7439	-3.74925	198.158	0	
-50.8192	-4.0625	201.908	0	
-50.4112	-3.86914	199.214	0	
-52.118	-1.35317	197.334	0	
-52.4983	-1.53455	196.74	0	
-52.2315	-2.17406	194.009	0	
-51.6893	-2.43916	192.565	0	
-52.0163	-2.53778	193.188	0	
-52.2325	-2.4102	192.837	0	
-52.9007	-3.06024	194.57	0	
-52.6013	-3.48989	196.2	0	
-52.5718	-3.73887	196.954	0	
-51.8242	-4.16913	201.891	0	
-52.1243	-5.32472	219.758	0	
-50.7651	-4.52753	207.98	0	
-50.9062	-4.29752	203.527	0	
-50.5613	-4.51281	206.113	0	
-51.1794	-4.29676	205.358	0	
-51.6598	-4.49691	207.039	0	
-50.4246	-4.7183	211.356	0	
-50.0333	-4.51223	206.716	0	
-50.4776	-5.02506	214.45	0	
-49.8061	-4.99878	214.398	0	
-51.2048	-4.82696	211.812	0	
-50.9818	-5.67057	226.311	0	
-50.2545	-5.14231	217.478	0	
-50.2214	-5.49883	224.792	0	
-52.1507	-1.05449	198	0	
-52.4588	-0.916296	198.539	0	
-52.7728	-1.53369	196.517	0	
-52.8912	-2.03541	194.439	0	
-52.4733	-2.03224	194.128	0	
-52.6906	-2.15634	194.288	0	
-52.7745	-3.95776	200.955	0	
-52.4133	-4.31155	205.333	0	
-52.1826	-5.61807	225.958	0	
-51.02	-5.30818	221.443	0	
-49.837	-5.93126	232.824	0	
-48.9696	-5.47284	222.483	0	
-52.9438	-1.35071	197.619	0	
-53.3291	-1.52162	197.199	0	
-53.1378	-2.33241	194.135	0	
-53.0019	-2.57816	194.079	0	
-53.1089	-4.00224	201.152	0	
-53.2243	-4.25769	202.857	0	
-51.359	-5.13567	215.876	0	
-50.7472	-5.08501	215.116	0	
-52.8722	-1.11414	197.937	0	
-53.2129	-0.87014	198.283	0	
-53.5963	-1.51418	197.712	0	
-53.64	-1.92258	195.898	0	
-53.5064	-4.3532	205.22	0	
-53.8158	-4.73879	210.274	0	
-51.8112	-5.35199	221.459	0	
-51.3895	-5.84978	230.779	0	
-52.5961	-1.11619	198.534	0	
-52.5854	-0.673531	200.356	0	
-52.9651	-0.341016	197.572	0	
-53.8139	-0.855779	199.668	0	
-53.771	-1.33185	198.389	0	
-53.9927	-1.45705	198.615	0	
-53.639	-1.09781	199.392	0	
-54.1003	-0.866353	201.143	0	
-54.4195	-1.53595	198.86	0	
-54.207	-1.95065	196.744	0	
-54.5637	-1.32582	200.207	0	
-54.7289	-1.96653	196.941	0	
-53.7884	-2.14295	195.411	0	
-53.3371	-2.24328	194.714	0	
-53.9112	-4.16539	202.47	0	
-53.3528	-4.81417	211.995	0	
-53.1405	-5.27891	218.31	0	
-53.0753	-4.71278	210.37	0	
-52.4856	-0.380211	198.351	0	
-52.7643	-0.148134	195.61	0	
-53.2554	-0.331193	197.128	0	
-53.6736	-0.610037	199.486	0	
-54.343	-0.698058	202.474	0	
-54.534	-0.855166	202.312	0	
-55.0122	-0.696933	202.599	0	
-54.8045	-1.35738	200.396	0	
-55.3247	-0.847806	202.936	0	
-54.9242	-1.09911	201.615	0	
-54.0995	-2.18686	195.446	0	
-53.8754	-2.66268	194.402	0	
-54.1384	-4.99064	213.806	0	
-53.3889	-5.1253	215.391	0	
-46.4471	-4.40949	202.229	0	
-53.7837	-0.321627	198.227	0	
-46.316	-3.78911	194.482	0	
-49.2536	-5.31042	219.469	0	
-48.8785	-5.79505	232.137	0	
-47.9984	-5.71075	229.418	0	
-47.8849	-5.11883	218.489	0	
-50.006	-6.25295	240.986	0	
-49.8318	-6.59898	248.496	0	
-51.7144	-6.36226	239.849	0	
-50.0331	-6.94305	256.736	0	
-53.3674	-5.67511	227.016	0	
-52.6914	-5.14561	217.064	0	
-52.6332	-5.52477	222.709	0	
-52.8522	-5.66191	226.404	0	
-52.2513	-6.20652	238.252	0	
-51.9721	-5.80788	228.752	0	
-53.1045	-5.54825	224.976	0	
-53.1121	-6.03334	233.655	0	
-52.5759	-6.55992	245.953	0	
-52.151	-6.73902	249.593	0	
-51.7214	-5.65535	226.948	0	
-51.6776	-5.1398	215.321	0	
-53.2552	-6.27952	240.143	0	
-52.9593	-6.51107	245.387	0	
-53.0731	-6.96668	255.427	0	
-52.6766	-6.82149	251.446	0	
-51.8382	-4.76725	210.723	0	
-52.2532	-4.68048	208.254	0	
-52.6643	-7.22809	261.147	0	
-52.4977	-7.04031	259.18	0	
-53.3058	-6.93144	255.09	0	
-53.3901	-7.32296	264.195	0	
-53.3932	-6.72932	248.891	0	
-53.9855	-6.75535	249.644	0	
-53.5523	-7.5102	268.495	0	
-53.2568	-7.81496	275.885	0	
-53.1966	-6.49351	243.604	0	
-53.4947	-6.29493	238.574	0	
-53.6994	-7.06681	257.199	0	
-53.7695	-6.81611	251.698	0	
-53.8013	-7.46062	267.132	0	
-53.9153	-7.86584	276.03	0	
-53.1849	-8.06545	282.243	0	
-52.745	-7.93883	280.232	0	
-53.3555	-5.89665	230.996	0	
-53.7848	-6.08551	235.307	0	
-53.6662	-5.18491	217.689	0	
-53.9652	-5.9784	231.553	0	
-54.2475	-6.06939	233.549	0	
-53.8429	-6.33564	239.155	0	
-54.2883	-7.30986	262.514	0	
-53.9776	-7.62309	271.348	0	
-54.0159	-6.49529	245.444	0	
-54.4292	-6.62962	246.225	0	
-54.5527	-7.00106	254.581	0	
-54.6485	-7.64153	272.846	0	
-54.6402	-6.21927	237.573	0	
-54.7101	-7.3967	263.398	0	
-54.8457	-7.8322	275.827	0	
-54.1106	-8.02187	282.377	0	
-55.1	-6.54689	245.434	0	
-54.9552	-6.81167	252.493	0	
-54.7393	-6.83152	249.734	0	
-55.0146	-7.24865	265.331	0	
-54.9738	-5.82228	228.301	0	
-54.982	-6.37715	240.861	0	
-55.4833	-6.34715	238.751	0	
-55.1235	-6.96365	252.583	0	
-55.3157	-5.91932	230.346	0	
-55.057	-6.17636	235.541	0	
-54.847	-5.6763	226.48	0	
-55.0766	-5.45151	222.257	0	
-55.5918	-5.6374	224.951	0	
-55.7956	-6.29267	237.797	0	
-54.66	-5.70356	225.87	0	
-54.5639	-5.36446	220.154	0	
-55.135	-5.26872	217.365	0	
-55.5223	-5.27534	217.935	0	
-54.5907	-5.88131	230.564	0	
-54.2243	-5.73932	227.728	0	
-54.4362	-5.19272	216.829	0	
-54.7519	-4.98567	213.791	0	
-55.0286	-5.12409	215.965	0	
-55.3581	-4.96303	213.143	0	
-55.881	-5.59581	226.089	0	
-55.5182	-5.86005	229.405	0	
-54.7185	-6.03917	233.077	0	
-54.3609	-6.22575	239.231	0	
-54.2219	-5.17989	216.94	0	
-54.272	-4.83151	211.603	0	
-54.8361	-5.15964	215.986	0	
-54.868	-4.81683	211.221	0	
-55.3056	-4.6339	208.258	0	
-55.7848	-5.16372	217.622	0	
-54.1056	-5.36365	220.779	0	
-53.7883	-5.39064	220.193	0	
-54.2046	-4.64529	208.069	0	
-54.5379	-4.48999	206.305	0	
-54.8213	-4.65399	208.338	0	
-55.0563	-4.50938	206.346	0	
-54.6246	-4.65087	208.113	0	
-54.6504	-4.32652	204.732	0	
-55.1713	-4.34536	205.033	0	
-55.3303	-4.44072	205.558	0	
-54.561	-4.16415	202.425	0	
-54.8077	-4.02134	201.099	0	
-55.0924	-4.18257	202.204	0	
-55.4005	-4.02165	200.721	0	
-55.6718	-4.53416	206.428	0	
-55.4486	-4.79387	209.8	0	
-54.3734	-4.11702	201.43	0	
-54.371	-3.9084	200.092	0	
-54.906	-3.87065	199.276	0	
-55.1883	-4.02991	200.904	0	
-54.3246	-4.4768	205.944	0	
-53.6942	-4.16968	202.109	0	
-54.2356	-3.54223	196.822	0	
-54.8332	-3.33998	195.786	0	
-54.8589	-3.70936	198.361	0	
-55.1044	-3.57485	197.492	0	
-54.6634	-3.67867	197.304	0	
-54.6254	-3.43073	196.522	0	
-55.2762	-3.42904	196.372	0	
-55.6556	-3.81333	199.151	0	
-55.4378	-3.52034	196.99	0	
-55.6203	-3.4851	196.94	0	
-53.9869	-4.57454	207.86	0	
-54.2495	-4.2662	204.473	0	
-55.4734	-3.83826	199.208	0	
-55.7842	-3.96838	200.096	0	
-55.717	-4.15512	202.775	0	
-56.032	-4.46867	206.033	0	
-55.7785	-3.34989	195.995	0	
-55.9665	-3.43725	196.633	0	
-56.0219	-3.74558	198.512	0	
-56.1678	-4.32478	204.042	0	
-56.1908	-3.38038	196.019	0	
-55.9645	-3.92895	199.955	0	
-56.2411	-3.06708	194.412	0	
-56.7343	-3.07549	195.102	0	
-56.2132	-3.72145	198.263	0	
-56.5956	-3.7919	199.011	0	
-56.3221	-3.53004	197.371	0	
-56.3571	-4.05006	201.507	0	
-56.3978	-4.44609	205.702	0	
-56.1218	-4.08376	201.464	0	
-56.8058	-3.8699	200.186	0	
-56.5202	-4.25112	202.512	0	
-56.3723	-6.30274	240.509	0	
-55.4523	-6.78014	250.834	0	
-55.9854	-5.36017	218.273	0	
-55.782	-6.02114	232.937	0	
-54.2671	-5.55098	223.59	0	
-53.6839	-5.59637	224.816	0	
-53.6283	-3.89161	199.776	0	
-54.0268	-3.90974	200.098	0	
-53.3251	-3.81967	198.755	0	
-53.5709	-3.40514	196.47	0	
-53.8025	-3.56124	196.762	0	
-54.3022	-3.02184	194.65	0	
-56.4868	-4.67906	208.949	0	
-56.0662	-4.78709	210.098	0	
-56.9826	-3.69854	197.849	0	
-57.2612	-4.04768	201.556	0	
-56.2749	-5.20206	216.565	0	
-56.941	-5.54954	224.657	0	
-56.7258	-4.72628	210.016	0	
-56.5418	-5.27918	218.069	0	
-56.7435	-3.35373	195.884	0	
-57.4169	-3.40637	197.322	0	
-57.4809	-4.14735	202.996	0	
-57.2345	-4.59722	207.847	0	
-52.2216	-6.99934	254.469	0	
-52.3264	-6.51841	245.089	0	
-54.3471	-7.94614	279.621	0	
-54.3388	-8.46726	293.657	0	
-53.804	-8.48412	293.033	0	
-53.1454	-9.33963	311.88	0	
-52.3702	-8.04901	283.009	0	
-52.5636	-7.46891	270.897	0	
-55.2202	-7.81282	275.58	0	
-55.4493	-8.18424	281.452	0	
-53.464	-2.91916	194.339	0	
-54.0201	-3.43067	196.365	0	
-53.6285	-2.62413	194.022	0	
-53.9787	-2.96081	194.273	0	
-56.963	-4.51643	206.271	0	
-57.2135	-4.86641	211.681	0	
-57.2181	-3.2617	195.924	0	
-56.98	-3.41983	196.783	0	
-57.6758	-3.99558	201.272	0	
-57.9037	-4.3837	205.718	0	
-57.6522	-3.76187	199.607	0	
-58.0866	-3.74362	200.021	0	
-58.5566	-4.5956	209.403	0	
-58.2305	-5.64229	226.668	0	
-57.4165	-3.64711	198.144	0	
-57.6429	-3.30667	196.546	0	
-58.2888	-3.60069	198.344	0	
-58.7725	-4.08851	204.173	0	
-57.2011	-2.98887	195.536	0	
-58.0656	-3.03034	196.492	0	
-58.7869	-4.47359	205.635	0	
-58.3299	-4.12055	203.626	0	
-57.7281	-2.55164	195.511	0	
-57.8847	-2.92446	195.73	0	
-58.2753	-2.91322	196.258	0	
-58.4867	-3.68217	200.184	0	
-58.3307	-2.70306	196.563	0	
-58.5749	-2.68986	196.751	0	
-58.4823	-3.22069	196.876	0	
-58.7318	-3.31929	198.229	0	
-58.1875	-2.54682	196.377	0	
-58.2797	-2.34057	196.953	0	
-58.8909	-2.47862	197.385	0	
-59.1217	-2.83526	196.882	0	
-57.9513	-2.65109	196.154	0	
-57.7415	-2.34768	196.431	0	
-57.867	-1.78118	198.807	0	
-58.2659	-1.94628	198.305	0	
-58.9316	-2.25048	197.848	0	
-59.3146	-2.25822	198.196	0	
-57.1264	-2.5184	195.377	0	
-57.5935	-2.02322	197.319	0	
-58.3602	-1.4194	201.361	0	
-58.8267	-1.76251	200.152	0	
-58.6994	-2.15968	198.312	0	
-58.703	-1.5133	201.139	0	
-59.5864	-2.14224	198.866	0	
-59.5174	-2.58648	197.543	0	
-57.2203	-1.87653	197.708	0	
-57.5076	-1.82108	198.07	0	
-57.6734	-1.6385	198.658	0	
-57.8376	-2.02034	197.464	0	
-59.2428	-1.31295	203.497	0	
-59.1694	-1.86889	200.16	0	
-59.737	-1.8577	200.845	0	
-60.5983	-2.17688	198.616	0	
-59.7586	-2.26839	198.564	0	
-60.3922	-2.81037	197.358	0	
-57.6051	-1.42506	201.016	0	
-58.0954	-1.48768	200.245	0	
-59.7714	-3.14954	197.618	0	
-59.3735	-3.18041	197.439	0	
-60.0938	-2.43129	198.031	0	
-60.3925	-2.22521	198.509	0	
-57.3473	-1.3715	200.155	0	
-57.6357	-0.988507	202.575	0	
-59.9656	-3.2594	198.098	0	
-59.7646	-3.69449	200.366	0	
-59.1756	-3.31059	198.543	0	
-58.924	-2.96579	197.271	0	
-57.1283	-1.64039	198.683	0	
-56.6285	-1.90278	196.941	0	
-57.7538	-0.741202	202.503	0	
-58.1454	-0.970704	201.646	0	
-60.1609	-3.14382	197.872	0	
-60.2934	-3.53499	199.074	0	
-59.6717	-3.96088	202.414	0	
-59.1763	-3.55744	198.546	0	
-59.3874	-3.65885	200.49	0	
-58.7163	-3.5328	198.089	0	
-57.6292	-0.417772	205.015	0	
-58.1496	-0.367713	199.194	0	
-60.1738	-2.90433	197.471	0	
-60.8014	-2.91384	197.256	0	
-60.433	-3.7034	200.745	0	
-60.3503	-3.91185	201.817	0	
-60.1431	-4.44169	207.224	0	
-59.6049	-4.47218	208.882	0	
-59.4272	-3.91061	200.975	0	
-58.9708	-3.95145	200.647	0	
-60.9823	-3.31582	198.068	0	
-60.5468	-3.22818	197.939	0	
-60.753	-3.42042	198.806	0	
-60.832	-3.83003	201.615	0	
-60.3783	-4.37767	206.93	0	
-60.0305	-4.17714	204.701	0	
-61.4601	-3.23228	197.778	0	
-60.7145	-4.04119	203.232	0	
-60.6483	-4.50889	208.907	0	
-60.5961	-4.88624	214.111	0	
-61.0801	-3.81928	201.055	0	
-61.1704	-4.24344	204.279	0	
-59.9992	-4.81902	213.221	0	
-59.7747	-4.19639	204.198	0	
-61.2236	-3.40513	198.745	0	
-61.5233	-3.70347	200.891	0	
-61.6888	-4.43607	205.654	0	
-60.8849	-5.11348	216.923	0	
-61.942	-3.66417	200.876	0	
-61.9623	-3.94287	201.08	0	
-51.8865	-7.62469	271.895	0	
-51.3615	-6.24759	240.533	0	
-54.5389	-8.16222	283.282	0	
-54.4627	-8.8113	297.778	0	
-53.6715	-8.8269	300.156	0	
-54.0503	-8.36345	286.845	0	
-52.8535	-8.46851	290.95	0	
-53.1403	-8.57765	292.448	0	
-52.4492	-8.44154	293.608	0	
-50.6277	-7.25902	266.733	0	
-57.4606	-4.98209	214.374	0	
-57.3595	-5.41473	221.647	0	
-56.8794	-2.63903	194.828	0	
-57.4185	-2.65189	195.585	0	
-56.5918	-2.62026	194.714	0	
-57.0007	-2.14914	196.14	0	
-57.683	-4.82955	212.008	0	
-58.1071	-4.90081	212.952	0	
-59.3125	-4.42201	205.864	0	
-58.4418	-5.28129	219.715	0	
-58.3905	-1.07338	202.328	0	
-58.9409	-1.31927	202.384	0	
-59.3258	-0.935198	203.767	0	
-59.9361	-1.08354	204.646	0	
-59.4697	-5.16454	219.008	0	
-59.0598	-4.66259	211.237	0	
-60.8405	-2.69164	197.498	0	
-61.2819	-2.72638	197.362	0	
-60.68	-2.5417	197.579	0	
-60.7432	-2.33149	198.149	0	
-61.1984	-2.95881	197.209	0	
-61.115	-2.60374	197.259	0	
-60.4481	-2.59521	197.612	0	
-60.1881	-2.1141	199.11	0	
-60.5031	-1.78427	200.246	0	
-60.6668	-1.94854	199.641	0	
-61.8243	-2.91994	197.385	0	
-61.6857	-3.31281	198.599	0	
-61.3794	-2.28259	198.265	0	
-61.5267	-2.68504	197.193	0	
-60.3055	-2.43333	197.942	0	
-59.9442	-2.5692	197.706	0	
-59.7037	-2.47585	197.765	0	
-60.0008	-2.23432	198.197	0	
-60.967	-1.64951	200.892	0	
-61.2652	-2.06917	198.802	0	
-61.9845	-2.71794	196.919	0	
-62.2351	-3.06337	197.032	0	
-61.7095	-3.56583	198.979	0	
-61.263	-3.6233	199.786	0	
-61.0297	-2.06863	198.898	0	
-61.3934	-1.86294	199.899	0	
-60.8067	-1.46569	201.578	0	
-61.6497	-1.91576	199.168	0	
-61.9018	-2.5195	197.431	0	
-62.4554	-2.44894	197.456	0	
-62.4362	-3.17809	197.922	0	
-62.74	-3.51348	199.086	0	
-61.9709	-2.1469	198.318	0	
-61.6622	-2.51937	197.478	0	
-60.875	-1.11345	203.498	0	
-61.394	-1.37072	202.755	0	
-61.2404	-1.62213	200.675	0	
-61.8997	-1.5356	201.309	0	
-62.6257	-3.06644	197.08	0	
-62.3427	-3.56777	199.82	0	
-62.1618	-4.03017	203.956	0	
-62.1013	-3.47602	198.388	0	
-62.6159	-2.84096	197.067	0	
-63.0318	-2.95704	197.014	0	
-62.8352	-3.73804	200.503	0	
-62.3829	-3.84321	200.868	0	
-62.4035	-2.68572	196.778	0	
-62.7144	-2.41944	197.19	0	
-63.3299	-2.64614	196.996	0	
-63.3747	-3.16103	197.386	0	
-63.1917	-3.4183	198.161	0	
-62.9424	-4.22091	206.046	0	
-62.8086	-2.21465	198.018	0	
-63.1933	-2.27904	197.699	0	
-62.6788	-2.0389	198.534	0	
-62.5848	-1.66299	200.593	0	
-63.4313	-2.20598	197.563	0	
-63.5687	-2.57308	196.644	0	
-62.4598	-2.06339	198.801	0	
-62.9273	-1.76072	199.766	0	
-63.2272	-1.49194	200.802	0	
-63.1016	-1.90312	199.207	0	
-63.343	-1.8402	199.144	0	
-63.9151	-2.06854	198.329	0	
-63.7718	-2.76915	196.986	0	
-63.2713	-2.89682	196.643	0	
-62.3307	-2.26865	197.762	0	
-62.08	-1.9379	199.411	0	
-62.3772	-1.31862	202.825	0	
-63.0024	-1.52366	201.244	0	
-62.7744	-0.909665	204.007	0	
-62.8586	-1.35585	202.021	0	
-63.343	-1.30718	202.055	0	
-63.632	-1.61061	200.382	0	
-64.2704	-2.20567	198.014	0	
-63.848	-2.30399	197.421	0	
-64.0615	-2.64869	196.376	0	
-64.2979	-3.03148	196.648	0	
-61.8501	-1.78545	200.267	0	
-61.7145	-1.32284	203.045	0	
-62.9608	-1.08574	203.114	0	
-63.6493	-1.02862	202.773	0	
-63.8311	-1.7188	200.071	0	
-63.5256	-2.00607	198.764	0	
-64.0687	-1.57599	200.758	0	
-64.1539	-2.01038	198.603	0	
-64.5058	-2.20211	197.731	0	
-64.2963	-2.73392	196.801	0	
-61.8322	-0.927918	203.601	0	
-62.4231	-1.06638	204.146	0	
-62.8265	-0.642473	203.992	0	
-63.6396	-0.552508	203.223	0	
-63.839	-0.9318	203.741	0	
-64.454	-1.14035	203.933	0	
-63.9971	-1.34939	201.677	0	
-64.0497	-1.01048	203.431	0	
-64.6142	-1.99414	199.267	0	
-64.9326	-2.34534	197.432	0	
-63.8526	-0.691865	203.986	0	
-64.232	-0.868565	204.53	0	
-64.4765	-1.72648	199.897	0	
-64.9001	-1.63819	200.921	0	
-65.1312	-2.55749	197.155	0	
-65.0559	-2.8077	196.818	0	
-63.3758	-0.672471	203.134	0	
-63.998	-0.141619	203.953	0	
-64.4668	-0.917135	204.153	0	
-64.1528	-1.19446	203.174	0	
-64.6417	-0.731106	207.389	0	
-65.5418	-0.719544	204.168	0	
-65.0756	-1.49488	201.768	0	
-65.2665	-1.93542	198.921	0	
-65.1605	-3.11828	197.059	0	
-64.7698	-3.59789	199.164	0	
-64.9461	-1.24841	203.194	0	
-65.4626	-1.48739	201.567	0	
-65.4149	-1.20415	203.6	0	
-65.1172	-1.10008	204.203	0	
-62.4581	-4.36084	207.084	0	
-61.2747	-4.93506	215.369	0	
-51.9261	-7.18558	263.399	0	
-50.6478	-6.54155	247.486	0	
-53.6219	-8.22865	285.076	0	
-53.8041	-9.16001	311.176	0	
-57.429	-5.69742	226.157	0	
-57.0038	-5.83526	228.414	0	
-57.8188	-5.34961	221.176	0	
-57.8985	-5.04928	213.674	0	
-58.3508	-4.37993	205.69	0	
-58.3889	-4.98169	213.489	0	
-60.23	-1.9015	200.272	0	
-60.155	-1.45617	202.382	0	
-59.8855	-1.33377	203.164	0	
-60.2586	-0.960912	204.224	0	
-60.3209	-0.69195	203.541	0	
-60.6815	-0.944424	202.837	0	
-63.6865	-3.70357	199.901	0	
-63.2503	-3.6806	200.366	0	
-62.9664	-4.56913	208.898	0	
-61.9552	-4.56881	211.422	0	
-64.8445	-3.27662	197.982	0	
-64.4386	-3.72752	200.527	0	
-63.1008	-0.52655	203.267	0	
-63.4212	-0.139517	202.48	0	
-64.5227	-0.403661	205.881	0	
-65.0435	-0.347341	210.72	0	
-62.1949	-4.32618	205.338	0	
-61.9526	-5.26501	220.913	0	
-51.3179	-8.13944	285.39	0	
-51.0598	-7.30974	263.854	0	
-57.7291	-5.83698	231.508	0	
-57.6711	-6.17601	234.415	0	
-56.7965	-6.03205	232.685	0	
-56.6131	-5.55624	223.419	0	
-58.4684	-5.92006	231.53	0	
-57.891	-6.38099	242.17	0	
-60.1602	-0.394801	206.22	0	
-60.6563	-0.356468	201.356	0	
-63.944	-3.81994	200.565	0	
-64.0918	-4.18477	205.277	0	
-63.9262	-4.52846	207.597	0	
-63.9112	-5.36619	219.976	0	
-62.674	-4.66125	210.618	0	
-62.1239	-4.96274	214.879	0	
-58.6379	-6.99355	255.149	0	
-57.4922	-7.08983	257.95	0	
-56.7945	-6.36325	241.104	0	
-56.3138	-5.97939	231.796	0	
-63.0827	-3.82313	201.211	0	
-63.5027	-3.85949	200.817	0	
-57.0938	-6.5035	243.537	0	
-56.5295	-6.77171	250.352	0	
-56.6035	-7.04673	256.309	0	
-56.0982	-6.45108	241.264	0	
-56.3666	-7.26608	262.298	0	
-56.1877	-6.71772	251.098	0	
-56.361	-7.62562	268.901	0	
-55.7241	-7.42473	265.315	0	
-46.3819	-4.6905	207.83	0	
-45.8577	-4.36263	201.617	0	
-46.5749	-4.91786	210.255	0	
-46.0723	-5.08335	212.595	0	
-46.8698	-4.73192	207.963	0	
-46.8021	-5.47882	224.437	0	
-45.6792	-5.57651	223.956	0	
-45.5921	-5.08226	213.533	0	
-45.3299	-5.505	220.474	0	
-45.3244	-5.1392	216.959	0	
-45.1361	-4.89166	208.175	0	
-45.6472	-4.78334	208.603	0	
-44.8326	-4.93077	211.661	0	
-45.0115	-4.41258	202.718	0	
-44.6995	-5.26989	216.29	0	
-44.1971	-4.79991	207.582	0	
-44.9965	-4.00789	194.485	0	
-45.7202	-3.8086	196.177	0	
-45.5512	-4.2979	201.306	0	
-45.4803	-3.9864	194.942	0	
-49.5146	-5.83911	231.062	0	
-49.3173	-6.14178	239.342	0	
-48.8098	-6.44885	247.204	0	
-48.5639	-5.88266	232.118	0	
-48.3521	-6.16257	238.463	0	
-47.1484	-5.99689	236.209	0	
-56.7525	-1.28708	200.752	0	
-56.8328	-1.61478	198.327	0	
-55.9638	-1.56128	198.071	0	
-55.9076	-0.957439	201.44	0	
-62.634	-0.380892	205.474	0	
-62.8204	-0.125451	202.439	0	
-53.5373	-9.54787	315.843	0	
-53.2664	-8.86312	304.861	0	
-57.0068	-7.53418	265.578	0	
-56.8155	-8.3422	286.686	0	
-46.841	-5.7929	229.547	0	
-46.2991	-5.75334	227.537	0	
-45.0085	-5.59659	227.524	0	
-44.9153	-6.07301	235.63	0	
-43.7795	-4.61244	205.287	0	
-44.0891	-3.93282	195.193	0	
-48.9033	-6.86602	255.881	0	
-48.2482	-6.70116	253.266	0	
-47.403	-5.90109	231.85	0	
-46.8106	-6.54533	249.98	0	
-49.4656	-6.57996	248.276	0	
-48.0323	-7.37363	268.16	0	
-47.9311	-6.73511	253.826	0	
-47.9879	-6.0571	235.303	0	
-47.7945	-7.04678	264.399	0	
-47.389	-6.56333	250.364	0	
-48.4927	-7.37935	272.402	0	
-47.3124	-7.47944	275.152	0	
-47.1462	-6.3432	243.657	0	
-47.7237	-6.18329	239.57	0	
-50.4447	-6.2145	238.898	0	
-51.033	-6.5637	247.346	0	
-60.77	-5.60726	225.935	0	
-60.3087	-5.83977	229.825	0	
-60.0097	-5.59211	225.341	0	
-59.2337	-5.93613	232.417	0	
-58.8268	-5.73819	227.347	0	
-58.6849	-6.55097	248.03	0	
-64.166	-3.56089	199.314	0	
-64.4182	-4.15398	203.686	0	
-64.6999	-4.39616	207.513	0	
-64.1237	-4.92999	215.703	0	
-56.7325	-7.82097	279.182	0	
-56.8722	-7.11948	260.375	0	
-53.9386	-9.89877	326.294	0	
-53.0837	-10.9898	360.797	0	
-47.631	-9.29426	328.232	0	
-47.9249	-7.67856	281.274	0	
-46.9803	-7.58866	277.193	0	
-46.3828	-7.44395	275.692	0	
-49.8537	-7.29331	268.779	0	
-49.2607	-6.9642	257.519	0	
-51.2277	-6.99694	259.215	0	
-50.4104	-6.92406	254.599	0	
-61.0846	-5.83771	231.362	0	
-60.3147	-6.25608	240.342	0	
-60.0478	-6.67578	249.873	0	
-59.2309	-6.4059	243.744	0	
-65.159	-4.20954	205.059	0	
-65.4127	-5.44557	223.087	0	
-63.1786	-5.63006	225.365	0	
-63.295	-4.75498	211.277	0	
-57.1595	-6.85146	253.296	0	
-57.3953	-7.5666	270.712	0	
-48.145	-8.09915	292.303	0	
-46.9071	-7.95505	292.1	0	
-48.6388	-8.19758	294.333	0	
-48.8987	-8.66312	303.055	0	
-47.8294	-8.41665	300.875	0	
-47.9744	-8.95135	316.415	0	
-47.1523	-8.2892	297.553	0	
-46.0284	-7.17586	267.698	0	
-46.7171	-7.27964	271.868	0	
-46.1052	-6.67523	255.202	0	
-50.4461	-7.77701	278.777	0	
-49.3263	-7.74835	280.708	0	
-51.4316	-7.74287	278.333	0	
-50.7645	-8.2243	292.598	0	
-61.4349	-5.6753	228.095	0	
-61.4626	-6.45903	245.061	0	
-57.7334	-7.93465	276.606	0	
-57.4792	-9.02575	305.601	0	
-46.922	-8.6888	312.755	0	
-46.4992	-8.60457	306.044	0	
-50.4581	-8.96146	310.8	0	
-49.7617	-9.14002	314.799	0	
-61.51	-5.26644	220.528	0	
-62.1295	-5.66847	228.412	0	
-62.1504	-6.83443	256.322	0	
-61.1626	-7.26972	261.807	0	
-62.481	-5.82644	230.466	0	
-62.4967	-6.2246	241.55	0	
-61.4745	-8.39329	290.989	0	
-60.7958	-6.92177	256.437	0	
-62.7597	-5.48076	225.635	0	
-63.4713	-5.27621	221.481	0	
-62.8472	-6.86175	256.06	0	
-61.8497	-7.17844	260.057	0	
-61.097	-7.83144	281.654	0	
-60.2437	-7.59974	272.773	0	
-64.2591	-5.72035	230.627	0	
-63.2281	-6.14845	240.341	0	
-63.5478	-6.55833	249.595	0	
-63.3605	-7.55291	274.326	0	
-62.5098	-7.08633	260.785	0	
-62.5295	-7.58968	272.642	0	
-44.0516	-5.4186	221.565	0	
-43.6343	-5.95201	232.6	0	
-44.0036	-6.5742	255.029	0	
-42.4161	-6.98875	267.605	0	
-1.88095	-4.78281	192.766	0	
-2.44474	-4.28125	193.076	0	
-1.50761	-5.02577	191.553	0	
-1.55176	-4.27163	194.909	0	
-1.51442	-5.58245	188.758	0	
-0.606146	-5.42676	191.389	0	
-12.723	-1.31841	215.685	0	
-12.6896	-1.93548	207.413	0	
-13.1005	-2.3127	200.887	0	
-12.5775	-2.45417	199.951	0	
101.852	-8.43422	186.929	0	
102.842	-9.08474	186.699	0	
101.024	-8.72619	187.597	0	
102.387	-8.98355	186.874	0	
101.972	-9.66347	187.702	0	
103.752	-9.58279	185.527	0	
100.084	-8.71685	188.184	0	
101.446	-9.99589	189.452	0	
98.3894	-9.29551	190.823	0	
99.3622	-9.24357	189.678	0	
93.6124	-6.4854	194.78	0	
94.2386	-7.00409	193.829	0	
146.637	-4.5695	203.403	0	
145.767	-5.26866	204.056	0	
146.307	-5.88381	204.731	0	
146.2	-5.41398	203.702	0	
146.441	-6.64868	205.367	0	
146.548	-7.52628	206.263	0	
148.008	-7.00293	205.88	0	
148.243	-6.1738	205.413	0	
147.077	-2.07776	211.595	0	
146.754	-1.92358	218.221	0	
-163.386	-4.92377	251.247	0	
-162.892	-7.59729	308.347	0	
-117.662	-6.08484	219.505	0	
-117.227	-6.25229	223.421	0	
-118.4	-6.40124	224.931	0	
-116.999	-8.23465	311.369	0	
-117.302	-6.81986	241.156	0	
-116.317	-5.52617	204.222	0	
-114.568	-7.99595	297.633	0	
-114.122	-7.61196	279.862	0	
-17.8858	-7.70617	257.487	0	
-14.9923	-6.68844	202.25	0	
34.5441	-8.06073	218.769	0	
33.5567	-7.72159	219.593	0	
36.017	-9.53599	205.918	0	
36.5734	-9.483	205.96	0	
67.7972	-6.75171	217.493	0	
68.5468	-6.27914	218.172	0	
69.2935	-6.63026	218.805	0	
69.8581	-6.01694	218.959	0	
71.5529	-5.48954	217.165	0	
72.0863	-5.80354	217.617	0	
62.5389	-7.3177	202.723	0	
62.9742	-7.1007	204.486	0	
-26.8382	-7.51499	321.04	0	
-25.3805	-9.07386	386.217	0	
-24.6165	-6.65232	283.991	0	
-23.8682	-5.5466	238.097	0	
86.9792	-4.23993	200.126	0	
88.0173	-5.35194	199.304	0	
86.7795	-3.86178	199.77	0	
87.3951	-4.21318	199.187	0	
86.3032	-3.5053	200.578	0	
87.6494	-4.56226	199.891	0	
86.7255	-4.59699	199.338	0	
86.7416	-5.0487	200.087	0	
-31.8727	-10.0988	454.456	0	
-30.6578	-9.39292	433.855	0	
-31.1271	-8.86892	391.738	0	
-29.8713	-9.29849	407.369	0	
-120.473	-1.72423	193.968	0	
-121.658	-1.6791	194.607	0	
-109.545	-7.84263	285	0	
-107.91	-8.66787	334.051	0	
-25.1161	-4.15211	203.934	0	
-26.0994	-4.75054	216.232	0	
-24.7189	-5.82227	253.421	0	
-24.4307	-6.15007	258.534	0	
-24.3289	-6.98346	288.673	0	
-23.6274	-6.74458	282.828	0	
-55.4992	-9.2426	315.039	0	
-55.2038	-9.7462	317.383	0	
-51.6728	-8.6248	302.894	0	
-52.1961	-8.72454	302.998	0	
-64.8965	-6.21633	243.304	0	
-64.8217	-5.09187	218.173	0	
-56.8249	-9.5325	316.868	0	
-56.2764	-8.56766	298.058	0	
-46.1762	-8.85737	323.578	0	
-45.257	-7.83443	293.121	0	
-43.3446	-6.78477	256.264	0	
-43.4445	-7.43598	279.849	0	
-0.15214	-5.5447	191.165	0	
-0.35389	-4.60593	194.891	0	
-12.4404	-2.90751	192.943	0	
-12.0607	-2.47209	199.169	0	
103.67	-11.407	192.482	0	
104.295	-10.0392	189.273	0	
107.035	-10.3009	185.577	0	
104.503	-7.70627	185.124	0	
93.2214	-6.35349	195.711	0	
93.0802	-7.11595	196.265	0	
94.4736	-7.38016	194.73	0	
95.1195	-6.7218	193.549	0	
145.286	-6.82181	205.818	0	
146.205	-7.11172	206.29	0	
145.387	-4.37737	203.3	0	
144.098	-4.50791	203.957	0	
145.732	-8.36881	207.087	0	
146.972	-10.3712	206.332	0	
148.03	-7.50839	206.739	0	
149.147	-7.60049	206.441	0	
147.452	-1.87771	218.383	0	
146.819	-1.60991	216.548	0	
146.486	-1.35865	227.354	0	
146.227	-1.80704	219.428	0	
145.514	-2.58149	208.427	0	
146.453	-2.01925	212.104	0	
145.764	-1.3008	222.393	0	
145.928	-1.90433	215.388	0	
145.351	-3.44537	204.425	0	
146.136	-2.6099	208.28	0	
146.116	-3.8936	203.857	0	
146.017	-3.06212	206.534	0	
-162.879	-6.75157	300.821	0	
-161.438	-5.7079	265.252	0	
-116.192	-6.46534	232.844	0	
-115.537	-5.85915	218.522	0	
-114.783	-9.39645	381.708	0	
-111.386	-8.74434	359.214	0	
-114.421	-8.75119	336.003	0	
-112.425	-8.11734	312.685	0	
-19.3131	-9.30734	316.851	0	
-16.5867	-8.74279	266.293	0	
-16.8556	-7.58265	239.3	0	
-17.5296	-8.05699	262.478	0	
35.6921	-10.1812	205.638	0	
36.2059	-11.2905	192.037	0	
37.4407	-9.77466	198.302	0	
37.2537	-8.65041	209.216	0	
67.2844	-7.15178	212.416	0	
67.2553	-7.79499	210.756	0	
73.0758	-5.81288	217.561	0	
72.8179	-4.87528	214.237	0	
88.107	-5.8483	201.093	0	
88.891	-5.39279	200.651	0	
85.7255	-4.16205	199.83	0	
85.736	-5.16809	200.197	0	
-25.2531	-5.09043	229.424	0	
-25.592	-4.7184	218.516	0	
-54.9554	-10.7492	344.191	0	
-54.1626	-10.5223	350.962	0	
-64.3125	-6.16828	237.529	0	
-64.7223	-5.54754	226.038	0	
-46.2475	-9.43215	335.705	0	
-45.4597	-9.34744	333.701	0	
-47.0716	-9.12948	325.985	0	
-47.3669	-10.4974	360.587	0	
-45.8243	-10.4522	366.47	0	
-44.7948	-9.16743	336.84	0	
-45.8203	-8.56785	307.556	0	
-45.1735	-8.32194	303.459	0	
-45.0508	-7.51478	275.318	0	
-45.6839	-7.38239	276.239	0	
-44.7002	-7.5138	284.59	0	
-45.0699	-6.88485	254.895	0	
-44.4935	-7.86352	291.509	0	
-44.1624	-7.24157	278.545	0	
-44.7606	-8.352	310.114	0	
-43.7184	-8.32474	311.929	0	
-43.9512	-6.96318	257.423	0	
-44.639	-6.8956	264.684	0	
-43.6238	-7.00329	270.529	0	
-43.6583	-6.32145	244.28	0	
-43.7562	-7.83415	295.076	0	
-43.0166	-6.92739	268.942	0	
-43.4304	-9.11014	341.219	0	
-42.6592	-7.65551	294.121	0	
-42.7116	-6.78915	256.547	0	
-42.9288	-6.287	242.366	0	
-42.2933	-7.40589	281.929	0	
-42.2073	-6.3117	249.024	0	
-41.7733	-7.52481	281.541	0	
-42.0601	-6.69969	261.144	0	
-41.4648	-7.96107	314.771	0	
-40.4742	-7.74121	302.757	0	
-0.47979	-6.49721	187.439	0	
0.536833	-5.1933	192.513	0	
93.1292	-5.95792	195.458	0	
92.436	-6.18408	196.25	0	
93.4167	-5.67815	195.487	0	
92.8602	-5.03637	196.344	0	
92.0387	-6.11811	197.187	0	
91.8767	-6.80872	197.79	0	
93.8315	-5.79711	194.651	0	
93.8839	-4.96034	195.111	0	
92.8318	-7.47406	196.711	0	
93.2031	-8.71842	198.076	0	
94.1907	-7.80873	194.122	0	
95.1017	-7.98563	193.268	0	
147.526	-7.77941	206.347	0	
147.449	-8.38462	207.39	0	
148.432	-7.66634	206.241	0	
148.498	-8.22038	207.047	0	
144.538	-3.15261	206.254	0	
144.925	-4.37615	203.568	0	
-162.096	-8.04851	337.335	0	
-161.698	-6.32777	278.66	0	
-116.689	-6.98111	252.406	0	
-115.058	-7.64797	270.531	0	
-115.103	-5.70116	201.237	0	
-115.528	-5.13708	196.264	0	
-113.724	-8.49168	314.036	0	
-112.721	-9.82552	398.113	0	
87.131	-5.74282	200.775	0	
89.0525	-7.6389	204.181	0	
85.5484	-3.35282	201.468	0	
84.8109	-5.0437	199.622	0	
85.2528	-5.37751	200.365	0	
86.1714	-4.96715	200.027	0	
-45.1032	-9.49997	345.859	0	
-44.393	-9.39382	344.324	0	
-0.0538129	-7.3977	185.435	0	
0.735367	-5.78255	191.395	0	
91.801	-5.58911	196.785	0	
91.1603	-6.13243	198.125	0	
90.577	-5.7955	197.396	0	
90.3638	-7.46723	202.096	0	
91.2292	-7.01457	199.285	0	
92.2705	-6.91611	196.852	0	
92.4041	-7.35321	197.521	0	
92.1477	-7.7546	197.846	0	
94.1464	-8.86132	196.916	0	
93.7095	-7.73198	196.076	0	
95.5318	-8.67838	193.444	0	
95.6856	-7.43263	192.285	0	
144.662	-3.8538	203.941	0	
144.901	-3.45743	204.798	0	
-114.694	-5.83721	215.176	0	
-114.659	-5.11538	197.751	0	
-44.7792	-9.99183	361.707	0	
-44.3174	-9.88945	353.291	0	
-43.8353	-10.1276	371.469	0	
-43.3076	-9.61566	353.627	0	
0.663061	-6.76794	187.875	0	
1.2548	-6.85958	188.179	0	
91.6415	-7.16599	198.022	0	
91.7789	-7.67477	198.695	0	
91.391	-8.10738	200.106	0	
91.3089	-8.61918	201.522	0	
96.4823	-8.66081	191.984	0	
95.874	-7.93098	192.41	0	
143.649	-2.63599	208.269	0	
143.538	-3.91323	204.395	0	
142.841	-2.75873	206.906	0	
143.369	-3.48174	204.665	0	
143.309	-4.31747	203.917	0	
143.637	-4.68831	203.763	0	
142.752	-3.9613	204.542	0	
142.509	-5.02108	205.357	0	
143.526	-5.90527	205.279	0	
144.596	-4.77824	203.301	0	
-44.8963	-11.1202	394.008	0	
-43.174	-10.9481	405.351	0	
91.0137	-7.59065	198.851	0	
91.5958	-9.31672	202.349	0	
92.1542	-9.59356	202.048	0	
92.157	-8.64091	199.792	0	
142.388	-2.43889	209.969	0	
142.307	-3.34741	204.657	0	
90.6496	-8.87417	203.119	0	
91.6896	-10.4626	204.834	0	
92.8012	-10.474	203.011	0	
93.9921	-10.1635	199.191	0	
142.124	-3.70935	205.13	0	
142.932	-4.33211	204.275	0	
141.751	-3.74779	204.18	0	
142.544	-4.61573	204.153	0	
142.361	-4.01419	204.133	0	
142.179	-4.3833	204.609	0	
141.432	-3.12018	204.471	0	
140.696	-4.4155	204.563	0	
140.951	-2.86159	206.245	0	
141.068	-3.61125	204.131	0	
140.831	-5.16491	206.086	0	
141.673	-4.48553	204.651	0	
140.189	-3.02104	204.742	0	
139.969	-3.49246	204.789	0	
90.5824	-9.36429	205.003	0	
90.0378	-9.66679	205.851	0	
8.75	-0.303134	185.268	0	
9.375	-0.239636	186.94	0	
8.78951	-0.584347	186.31	0	
8.47701	-0.896046	190.073	0	
9.07116	-0.974746	189.641	0	
9.69652	-0.922401	190.063	0	
9.6875	-0.119818	186.837	0	
10.009	-0.898523	191.768	0	
9.94245	-0.601114	189.602	0	
136.734	-1.70887	208.343	0	
136.1	-1.29235	212.057	0	
137.039	-1.74046	206.642	0	
137.093	-1.15002	209.242	0	
137.186	-2.04439	206.687	0	
137.541	-1.49026	207.815	0	
137.015	-2.32301	204.394	0	
137.658	-2.55306	205.225	0	
136.512	-2.04602	205.021	0	
136.741	-2.951	203.869	0	
135.954	-2.3216	204.036	0	
136.484	-2.69549	204.151	0	
135.678	-2.05541	205.582	0	
135.588	-2.82686	203.304	0	
135.391	-3.20394	204.263	0	
135.894	-3.56299	204.776	0	
136.069	-3.94169	205.264	0	
136.675	-4.38604	206.939	0	
136.519	-3.28084	204.291	0	
136.506	-3.99349	205.207	0	
135.986	-4.30341	206.816	0	
136.999	-4.58611	206.615	0	
135.587	-4.39598	206.395	0	
135.892	-5.04765	208.458	0	
137.258	-3.8976	204.7	0	
136.733	-3.67162	204.768	0	
135.898	-5.42662	210.41	0	
136.533	-5.53175	210.374	0	
136.567	-5.12715	208.642	0	
137.775	-5.02805	208.265	0	
135.568	-5.63377	211.025	0	
134.983	-6.20885	212.963	0	
136.896	-6.18952	212.578	0	
136.936	-4.9855	208.884	0	
138.219	-5.08898	208.04	0	
138.032	-4.45866	206.925	0	
135.238	-5.45206	210.746	0	
135.696	-6.40456	213.21	0	
136.157	-6.16795	212.602	0	
135.432	-6.11448	212.618	0	
137.604	-6.27657	212.281	0	
137.563	-5.40947	209.664	0	
138.286	-5.77448	210.281	0	
138.806	-4.65231	206.837	0	
135.215	-4.99576	208.642	0	
134.483	-5.15346	209.623	0	
134.628	-6.63034	214.417	0	
135.116	-8.12206	216.495	0	
137.904	-6.54044	211.782	0	
138.525	-6.12779	210.282	0	
139.04	-6.16274	210.266	0	
139.275	-5.35022	207.524	0	
137.841	-6.90956	213.077	0	
138.408	-7.16102	212.854	0	
137.517	-7.04422	213.439	0	
137.601	-7.61765	214.34	0	
138.645	-7.46066	213.042	0	
139.317	-7.29457	212.051	0	
137.225	-6.42806	212.045	0	
136.516	-6.92838	214.236	0	
136.469	-6.43183	212.736	0	
136.27	-7.26811	215.016	0	
137.042	-7.47218	214.483	0	
136.92	-7.0846	214.075	0	
137.05	-8.1443	215.437	0	
137.853	-8.2747	214.584	0	
137.007	-8.97583	216.19	0	
137.508	-9.42754	215.348	0	
139.132	-7.9531	213.195	0	
138.157	-7.93342	214.322	0	
138.529	-7.88143	213.763	0	
139.369	-7.61846	212.443	0	
138.943	-6.83406	211.781	0	
138.979	-7.22635	212.325	0	
136.206	-7.95015	216.161	0	
136.824	-8.44432	215.983	0	
138.649	-8.61306	214.324	0	
139.404	-8.78931	213.604	0	
139.912	-6.37495	210.002	0	
139.345	-5.86442	209.022	0	
139.746	-7.65636	212.14	0	
140.004	-7.4756	211.686	0	
135.814	-7.84279	215.776	0	
135.821	-8.45893	216.426	0	
135.826	-7.35652	215.19	0	
134.892	-7.17738	215.33	0	
135.654	-8.78103	217.169	0	
135.931	-9.05125	216.621	0	
134.944	-8.47448	217.584	0	
135.149	-9.22091	217.547	0	
136.201	-9.65931	216.25	0	
136.648	-9.20181	216.036	0	
140.656	-8.81353	211.966	0	
139.432	-8.27494	212.988	0	
140.417	-7.01262	210.414	0	
140.548	-5.66275	207.38	0	
139.773	-8.09806	212.806	0	
140.085	-8.2624	212.162	0	
140.63	-7.32379	210.8	0	
139.977	-7.13501	210.828	0	
140.157	-8.78877	212.636	0	
140.908	-8.41339	211.741	0	
141.12	-7.40282	209.883	0	
142.083	-6.96824	208.259	0	
134.326	-8.65658	217.234	0	
134.813	-9.4821	217.156	0	
134.902	-10.1797	216.841	0	
135.474	-9.52651	216.817	0	
136.047	-10.0623	216.335	0	
136.691	-10.462	215.32	0	
141.318	-8.35709	210.879	0	
141.107	-7.80919	210.949	0	
134.359	-10.6894	215.999	0	
135.879	-11.7238	213.428	0	
135.602	-9.97964	216.47	0	
135.465	-11.3747	214.764	0	
137.015	-10.9439	214.115	0	
138.003	-9.25719	215.159	0	
141.682	-8.58198	210.429	0	
142.054	-8.32798	210.31	0	
141.598	-9.19685	211.356	0	
143.294	-8.79964	209.379	0	
142.834	-8.15875	209.375	0	
142.696	-7.64195	208.473	0	
134.014	-7.73213	216.713	0	
133.772	-10.4376	217.314	0	
136.056	-10.9101	215.04	0	
135.59	-10.8837	215.099	0	
136.764	-11.44	213.664	0	
137.708	-12.1891	210.966	0	
137.84	-10.4877	214.213	0	
138.602	-10.1402	213.777	0	
142.094	-9.54612	210.045	0	
142.487	-10.3143	209.654	0	
143.252	-8.35561	208.52	0	
143.611	-8.02588	208.659	0	
142.92	-6.83342	207.288	0	
141.611	-6.92891	209.032	0	
135.935	-12.2749	212.206	0	
136.932	-11.9491	212.168	0	
143.001	-9.20605	209.299	0	
143.759	-8.94028	208.588	0	
144.841	-8.17826	207.548	0	
144.363	-7.25214	206.586	0	
143.354	-9.58194	209.046	0	
143.849	-9.34061	209.166	0	
144.371	-9.52025	208.087	0	
144.793	-9.21086	208.643	0	
145.525	-7.28335	206.376	0	
144.753	-6.79433	206.259	0	
143.915	-5.47873	204.456	0	
143.794	-6.28432	205.933	0	
143.872	-10.5716	208.113	0	
145.997	-10.9341	207.53	0	
145.73	-9.00407	208.074	0	
145.316	-7.96743	207.604	0	
-121.25	-0.303134	202.777	0	
-120.625	-0.239636	207.078	0	
-121.21	-0.584347	197.697	0	
-121.523	-0.896046	200.398	0	
-121.045	-1.27586	199.207	0	
-120.876	-1.66281	193.721	0	
-120.494	-1.09748	201.554	0	
-120.303	-0.922401	199.819	0	
-120.312	-0.119818	204.931	0	
-119.991	-0.898523	203.32	0	
-120.058	-0.601114	199.607	0	
-133.433	-1.88957	192.04	0	
-134.096	-1.90277	191.959	0	
-133.056	-1.68176	194.747	0	
-133.756	-1.43827	197.956	0	
-110.582	-1.44214	196.225	0	
-110.16	-1.90973	191.421	0	
-110.905	-1.26996	194.068	0	
-110.991	-2.00735	189.732	0	
-110.035	-2.18043	187.548	0	
-109.57	-1.38307	193.831	0	
-110.212	-2.46177	185.873	0	
-109.449	-2.63277	184.295	0	
-108.801	-0.747668	195.404	0	
-109.048	-0.173234	194.215	0	
-109.554	-0.887323	198.937	0	
-109.468	-1.12375	195.534	0	
-109.88	-1.48827	195.574	0	
-108.868	-1.43564	193.964	0	
-109.616	-1.85447	191.378	0	
-109.323	-1.71026	191.075	0	
-109.312	-1.46866	193.638	0	
-109.126	-1.7988	191.22	0	
-109.148	-2.07922	188.015	0	
-108.757	-1.9799	188.624	0	
-109.257	-2.47669	184.821	0	
-108.984	-2.84845	182.347	0	
-108.732	-2.92376	182.596	0	
-108.842	-2.46272	184.726	0	
-109.298	-2.24227	187.529	0	
-109.411	-2.89951	182.196	0	
-109.57	-2.10606	187.905	0	
-109.664	-2.53264	184.91	0	
-109.598	-3.08277	182.021	0	
-109.219	-3.56306	180.561	0	
-108.606	-3.16487	180.645	0	
-108.412	-2.67515	184.192	0	
-108.711	-3.47364	180.292	0	
-107.95	-3.53838	180.451	0	
-108.232	-3.44363	180.231	0	
-107.804	-3.13548	181.087	0	
-107.542	-3.03489	181.665	0	
-107.789	-2.72329	183.169	0	
-107.293	-3.09695	181.337	0	
-107.154	-2.86402	182.214	0	
-109.957	-2.94813	182.157	0	
-110.044	-3.49345	180.347	0	
-107.227	-3.33749	180.647	0	
-106.79	-3.35031	180.609	0	
-106.819	-2.59238	183.715	0	
-107.134	-2.33806	186.302	0	
-106.548	-2.62394	183.228	0	
-106.311	-2.12866	187.441	0	
-107.75	-3.37961	180.436	0	
-107.271	-3.77462	181.02	0	
-106.553	-3.48327	180.746	0	
-106.29	-3.04958	181.064	0	
-106.525	-2.90689	181.972	0	
-105.718	-3.10802	180.897	0	
-107.726	-3.87884	181.816	0	
-107.375	-3.97513	182.196	0	
-107.25	-4.32237	184.359	0	
-106.32	-3.87336	181.604	0	
-106.537	-3.766	181.219	0	
-106.055	-3.7246	181.003	0	
-106.743	-4.22505	183.778	0	
-106.478	-4.3463	184.874	0	
-106.365	-4.63088	188.505	0	
-106.02	-4.32437	185.573	0	
-105.984	-2.54806	183.733	0	
-109.332	-0.363351	195.798	0	
-106.004	-2.87792	181.995	0	
-105.081	-2.56093	183.241	0	
-105.36	-2.02903	187.886	0	
-12.3249	-0.34334	224.164	0	
-13.4159	-0.1895	226.99	0	
-13.3135	-0.881157	224.426	0	
-13.2156	-1.11931	220.582	0	
-13.3132	-1.38205	214.856	0	
-12.8679	-1.6303	211.553	0	
-13.5594	-1.49065	213.692	0	
-13.5868	-1.7578	209.318	0	
-13.9044	-1.31443	216.164	0	
-14.284	-1.43838	214.619	0	
-13.8489	-2.15345	202.488	0	
-13.6014	-2.2885	201.738	0	
-14.1215	-2.29137	201.941	0	
-14.1331	-2.57972	195.32	0	
-13.3648	-2.67493	195.788	0	
-13.1113	-2.58382	197.063	0	
-14.3865	-2.0216	204.657	0	
-14.7355	-2.46461	197.861	0	
-13.3858	-2.94027	193.298	0	
-12.9097	-2.76031	194.954	0	
-14.4228	-2.74471	194.477	0	
-13.8612	-3.39362	187.213	0	
-13.8413	-2.93928	191.494	0	
-13.1122	-3.46337	187.881	0	
-12.6404	-2.70237	195.908	0	
-12.836	-2.241	202.284	0	
-13.915	-3.74282	185.238	0	
-13.4442	-3.46631	186.415	0	
-13.6031	-3.05132	191.152	0	
-14.0083	-3.17112	190.225	0	
-14.2437	-3.88175	184.322	0	
-13.6902	-4.24055	183.216	0	
-13.8128	-4.55188	182.532	0	
-13.4112	-4.19836	183.145	0	
-13.5297	-4.87401	182.975	0	
-13.1594	-4.32787	182.344	0	
-12.8894	-4.13401	183.112	0	
-13.3195	-3.90181	183.658	0	
-12.6454	-4.1907	182.594	0	
-12.498	-3.9927	183.197	0	
-12.5034	-4.52444	181.202	0	
-11.8935	-4.33789	182.008	0	
-12.0641	-3.72866	185.244	0	
-12.59	-3.75607	185.278	0	
-12.2394	-4.54358	181.261	0	
-12.0827	-4.73416	180.617	0	
-12.0718	-4.99403	180.36	0	
-11.7146	-4.89402	179.621	0	
-12.2454	-5.21117	180.857	0	
-12.1091	-5.46949	181.073	0	
-12.6236	-5.19593	181.586	0	
-12.8659	-5.4911	182.215	0	
-12.2163	-6.30279	184.103	0	
-12.0382	-6.01189	183.523	0	
-12.503	-0.825319	221.006	0	
-12.6969	-0.325316	223.653	0	
-13.163	-0.336942	229.518	0	
-13.5835	-5.22578	183.028	0	
-13.0505	-6.39652	189.439	0	
-11.3912	-6.30358	183.441	0	
-10.3483	-5.58996	178.022	0	
-11.5975	-6.01068	181.663	0	
-11.6721	-6.60909	185.487	0	
-12.4363	-1.18194	219.101	0	
-11.9896	-0.888156	221.464	0	
-12.6003	-6.14511	186.468	0	
-13.2784	-7.33481	201.993	0	
-11.462	-6.98663	188.504	0	
-11.0323	-7.02257	184.346	0	
-14.0235	-5.3306	186.02	0	
-13.4744	-6.0592	187.454	0	
-12.2935	-7.02141	190.616	0	
-12.9034	-6.96851	192.925	0	
-11.8999	-7.30258	194.653	0	
-12.3074	-8.28888	208.587	0	
-14.4979	-3.45248	186.338	0	
-14.3575	-5.04605	184.649	0	
-14.2007	-4.6191	183.582	0	
-14.745	-5.85047	190.369	0	
-10.2737	-7.36325	183.244	0	
-10.5867	-6.38598	179.695	0	
-12.6666	-9.63497	228.736	0	
-9.50541	-9.38868	199.563	0	
-14.8753	-3.4469	185.758	0	
-15.1367	-2.99624	189.718	0	
-14.9002	-4.30401	184.037	0	
-15.3062	-4.70002	186.05	0	
-15.467	-5.97541	196.346	0	
-15.0601	-6.17532	199.314	0	
-9.87208	-7.89406	191.258	0	
-9.31136	-7.0404	183.148	0	
59.2335	-1.70887	200.667	0	
58.6	-1.29235	199.801	0	
59.7112	-2.04707	202.154	0	
59.5923	-1.15312	201.674	0	
60.3055	-1.6522	202.352	0	
59.7687	-1.44101	201.045	0	
59.5172	-2.31496	203.072	0	
60.0599	-2.48522	204.406	0	
59.1991	-2.27436	202.1	0	
59.2064	-2.87459	205.042	0	
59.0612	-1.97281	201.29	0	
58.5808	-2.27536	201.722	0	
59.1009	-3.17719	206.786	0	
59.3927	-3.36611	207.833	0	
58.2643	-2.28386	201.571	0	
58.2169	-2.93783	204.753	0	
58.79	-3.24618	207.171	0	
58.7707	-3.60104	208.89	0	
59.6958	-3.82918	210.61	0	
60.027	-3.67736	209.8	0	
58.5914	-2.94905	204.761	0	
58.0598	-3.21891	206.403	0	
58.4782	-4.21015	212.19	0	
59.6831	-4.56667	213.708	0	
59.5251	-4.1915	212.493	0	
60.0395	-4.56604	213.861	0	
60.7058	-3.68986	210.288	0	
60.4298	-3.11293	206.945	0	
57.6372	-3.24222	207.463	0	
57.5838	-3.63523	208.766	0	
57.9487	-3.78827	210.53	0	
57.6935	-4.61942	214.719	0	
58.7956	-4.46179	213.729	0	
58.7755	-4.98741	215.153	0	
57.3606	-2.99828	204.699	0	
56.7003	-2.69209	203.042	0	
57.217	-4.37239	213.513	0	
58.0696	-4.23709	212.69	0	
58.1027	-1.97926	200.139	0	
57.502	-2.33504	201.29	0	
58.1609	-1.58856	199.435	0	
57.845	-1.2915	198.888	0	
60.1973	-4.93071	214.158	0	
60.8409	-4.67922	214.179	0	
60.0761	-5.28771	214.479	0	
60.6643	-5.40227	214.178	0	
59.7291	-5.36787	213.976	0	
59.5461	-5.81794	213.017	0	
59.4939	-5.01151	214.709	0	
59.1504	-5.79082	213.126	0	
58.7884	-6.14172	210.642	0	
58.9566	-6.73754	205.945	0	
57.6087	-2.62756	203.106	0	
56.2406	-2.84603	204.194	0	
56.1262	-3.32154	207.692	0	
56.9253	-3.04669	206.341	0	
56.7188	-4.64171	215.476	0	
57.345	-5.52527	215.532	0	
55.654	-3.57032	209.63	0	
55.9184	-4.31185	214.071	0	
22.7133	-2.14516	198.561	0	
23.3898	-1.88069	199.188	0	
22.3595	-2.37759	200.751	0	
23.127	-2.61916	198.05	0	
57.0716	-1.73297	199.059	0	
56.6284	-1.54011	198.651	0	
66.2384	-1.97922	207.26	0	
67.1447	-1.70011	210.473	0	
65.589	-2.24074	205.966	0	
66.6299	-2.60239	208.795	0	
67.0984	-1.06473	213.491	0	
66.7094	-1.08146	209.018	0	
65.6871	-3.09484	208.245	0	
66.3184	-2.65028	207.491	0	
66.9073	-2.84644	208.607	0	
67.045	-2.28471	208.774	0	
66.9188	-3.31011	211.067	0	
67.4878	-2.7233	208.556	0	
121.25	-0.303134	182.2	0	
121.875	-0.239636	175.928	0	
121.875	-0.479272	189.739	0	
120.977	-0.896046	191.205	0	
121.56	-0.974746	190.913	0	
122.166	-0.732558	188.835	0	
122.5	-0.300263	189.066	0	
-131.497	-1.67585	194.449	0	
-132.118	-1.43	197.089	0	
-24.4022	-2.94458	192.857	0	
-24.7045	-2.02407	194.443	0	
-25.6176	-2.37269	191.593	0	
-25.3174	-3.05188	193.392	0	
-25.9136	-2.52015	191.059	0	
-25.4944	-2.84218	191.569	0	
-25.4401	-3.39639	194.944	0	
-24.8289	-3.58293	197.32	0	
-25.7532	-3.4665	195.364	0	
-25.5413	-4.26589	207.722	0	
-24.5348	-3.75056	197.938	0	
-24.3755	-3.48348	196.551	0	
-24.4209	-4.01302	205.699	0	
-23.8511	-4.07984	204.169	0	
-23.9392	-3.22069	194.628	0	
-24.0911	-2.9491	193.558	0	
-24.696	-4.31037	209.274	0	
-24.1803	-4.57936	214.917	0	
-23.5808	-3.30527	195.84	0	
-23.5653	-2.73593	193.916	0	
-24.1534	-2.38521	193.754	0	
-24.5858	-2.68398	192.583	0	
-25.9678	-3.09124	191.968	0	
-26.4301	-3.55287	195.853	0	
146.24	-0.396782	234.613	0	
145.334	-0.1895	233.782	0	
146.481	-1.01784	224.749	0	
146.823	-0.429587	229.258	0	
147.154	-0.199537	243.948	0	
145.8	-0.712504	230.936	0	
-3.05151	-0.646017	212.178	0	
-2.78906	-0.718835	207.371	0	
-3.30414	-0.887323	208.076	0	
-3.08186	-0.363351	210.738	0	
-3.21775	-1.12375	209.14	0	
-3.31989	-1.38499	207.128	0	
-3.03802	-1.52417	207.041	0	
-3.59017	-1.51288	206.051	0	
-3.61473	-1.77518	205.463	0	
-2.66477	-1.92275	205.754	0	
-2.48642	-1.58471	206.747	0	
-3.93505	-1.33561	206.56	0	
-4.70343	-2.05523	204.877	0	
-3.85919	-1.96493	204.503	0	
-3.67456	-2.54707	202.634	0	
-3.23042	-2.76737	201.679	0	
-3.06764	-2.45305	204.141	0	
-2.38455	-0.864536	206.468	0	
-2.13508	-0.127873	193.134	0	
-4.25448	-1.51271	205.479	0	
-4.61753	-1.31783	207.414	0	
-2.54006	-0.98243	206.47	0	
-2.40897	-0.670812	204.801	0	
-2.62253	-1.37899	207.014	0	
-2.09067	-1.12118	205.489	0	
-2.23092	-0.535749	201.109	0	
-2.56741	-0.332263	201.479	0	
-2.38555	-1.82705	206.792	0	
-2.24199	-1.2428	206.265	0	
-1.85581	-1.09554	203.409	0	
-1.97619	-0.78541	202.35	0	
-1.97398	-0.576372	201.129	0	
-1.85594	-0.327525	199.153	0	
-2.08719	-1.87124	206.319	0	
-2.21772	-1.4625	206.634	0	
-1.59651	-1.12124	203.672	0	
-1.5257	-0.889374	203.118	0	
-1.77935	-2.08875	205.761	0	
-1.60638	-1.60639	205.393	0	
-46.25	-0.303134	195.381	0	
-45.625	-0.239636	193.113	0	
-45.625	-0.479272	198.019	0	
-45.3337	-0.732558	197.065	0	
-45	-0.300263	199.473	0	
5	-0.303134	192.058	0	
5.625	-0.239636	185.837	0	
5.625	-0.479272	189.849	0	
4.72701	-0.896046	195.898	0	
5.33758	-1.16583	194.551	0	
5.91515	-0.735914	189.767	0	
6.25	-0.303134	188.212	0	
101.25	-0.303134	177.407	0	
101.875	-0.239636	181.925	0	
101.875	-0.479272	181.052	0	
102.165	-0.735914	187.965	0	
102.5	-0.303134	191.958	0	
83.0867	-1.70887	210.389	0	
82.35	-1.29235	216.68	0	
-133.059	-2.31354	187.697	0	
-132.682	-2.7191	182.776	0	
-133.373	-2.20155	187.019	0	
-133.519	-2.74184	182.199	0	
-132.236	-3.33411	180.919	0	
-132.115	-2.86797	182.642	0	
-133.77	-3.09734	180.94	0	
-133.788	-3.75348	182.312	0	
-131.648	-2.66471	183.721	0	
-132.179	-2.58263	183.557	0	
-131.918	-3.44316	180.78	0	
-131.825	-2.90528	181.764	0	
-131.325	-2.67246	183.011	0	
-131.574	-2.04162	188.657	0	
-132.59	-2.9977	181.784	0	
-132.737	-3.45101	181.146	0	
-132.406	-3.79737	181.37	0	
-130.929	-4.06753	183.539	0	
-130.993	-3.50809	180.987	0	
-130.622	-2.44748	185.86	0	
-132.693	-4.16156	183.655	0	
-132.449	-3.51951	181.149	0	
-133.135	-3.13436	181.105	0	
-133.675	-3.40846	181.076	0	
-133.405	-4.14374	184.52	0	
-132.292	-4.4069	187.226	0	
-133.239	-3.62342	181.416	0	
-133.346	-3.34688	180.867	0	
-132.247	-4.79305	191.412	0	
-132.129	-3.89489	182.772	0	
-134.065	-3.91786	184.22	0	
-133.656	-4.398	188.085	0	
-131.412	-5.33392	207.422	0	
-130.584	-3.89285	182.223	0	
-132.038	-4.23192	184.093	0	
-131.482	-4.50134	188.222	0	
-134.481	-3.34271	181.351	0	
-134.566	-4.34032	187.799	0	
-133.866	-4.97823	197.962	0	
-133.012	-4.28608	187.173	0	
-131.545	-3.88966	182.891	0	
-131.676	-4.23747	184.758	0	
-134.986	-3.16875	181.809	0	
-134.643	-3.9738	184.539	0	
-134.753	-4.60208	192.757	0	
-134.424	-5.02303	198.436	0	
-130.561	-3.50777	180.849	0	
-131.194	-3.81191	181.061	0	
-131.799	-4.88193	193.534	0	
-130.808	-4.76412	193.784	0	
-135.079	-4.58001	192.753	0	
-135.197	-5.78633	220.397	0	
-134.337	-5.3916	207.233	0	
-133.965	-5.34053	203.382	0	
-130.417	-3.14352	181.286	0	
-131.047	-2.9282	181.743	0	
-135.254	-4.23025	186.799	0	
-135.497	-4.98896	201.049	0	
-135.211	-4.93236	197.487	0	
-135.723	-4.68504	192.72	0	
-134.921	-5.57301	210.903	0	
-134.303	-6.01261	227.16	0	
-133.331	-5.49923	207.531	0	
-133.578	-4.76245	193.48	0	
-135.005	-3.88579	183.831	0	
-135.824	-3.45649	183.054	0	
-136.062	-4.80751	198.695	0	
-135.989	-5.51091	215.302	0	
-135.163	-6.32405	235.566	0	
-134.289	-6.39241	229.55	0	
-133.548	-6.70864	248.602	0	
-133.885	-5.94753	219.295	0	
-133.267	-5.89006	221.695	0	
-132.572	-5.08677	197.537	0	
-136.482	-4.56109	192.568	0	
-136.865	-4.73354	197.211	0	
-135.611	-6.46312	240.051	0	
-134.879	-7.29877	267.095	0	
-133.63	-7.73265	290.145	0	
-132.979	-6.52404	240.259	0	
-137.28	-4.61377	196.347	0	
-137.607	-5.27472	212.823	0	
-133.806	-6.50826	235.359	0	
-132.605	-6.81529	259.62	0	
-132.053	-6.71601	240.052	0	
-132.513	-5.6877	214.851	0	
-137.359	-4.17807	189.259	0	
-138.038	-4.22903	190.79	0	
-138.115	-5.72641	217.552	0	
-137.43	-6.24368	237.989	0	
-138.387	-3.96934	188.541	0	
-138.807	-4.65235	197.155	0	
-138.4	-3.58466	186.371	0	
-139.085	-3.60712	186.745	0	
-138.1	-3.37526	185.033	0	
-138.526	-2.83798	185.725	0	
-139.488	-2.90052	186.171	0	
-140.021	-3.74752	187.325	0	
-139.21	-4.7124	196.895	0	
-138.71	-4.17326	192.125	0	
-137.693	-3.99175	188.403	0	
-137.841	-2.83016	185.17	0	
-139.665	-4.90395	209.495	0	
-138.6	-5.54797	218.132	0	
-136.953	-3.81854	186.755	0	
-136.861	-3.35522	183.06	0	
-140.544	-3.6636	188.433	0	
-140.981	-4.66443	198.995	0	
-140.44	-5.49171	220.75	0	
-140.06	-4.52113	194.955	0	
7.79742	-1.14318	196.329	0	
7.09964	-1.39133	194.478	0	
6.53327	-1.21534	192.978	0	
7.01783	-1.86568	197.147	0	
6.25883	-1.40241	195.171	0	
6.77241	-1.68583	195.969	0	
7.07141	-2.14609	197.936	0	
7.48689	-1.85786	197.813	0	
5.97811	-1.36088	194.178	0	
6.40459	-2.50408	198.321	0	
6.86055	-2.33422	198.296	0	
7.3147	-2.64074	199.079	0	
6.54412	-1.86881	197.091	0	
6.5605	-2.79162	198.717	0	
7.50909	-2.85582	199.501	0	
7.79122	-2.71692	199.164	0	
5.98699	-1.93364	196.663	0	
5.90601	-2.28231	197.535	0	
6.47852	-3.05742	198.905	0	
6.74032	-3.23145	199.32	0	
7.33854	-3.12065	199.669	0	
7.83157	-3.45511	199.981	0	
8.42066	-2.72732	198.871	0	
8.12007	-2.20678	197.501	0	
6.20394	-3.12165	198.801	0	
6.18239	-3.42163	198.818	0	
6.98485	-3.66344	199.645	0	
7.50878	-3.43225	200.01	0	
6.00699	-2.918	198.402	0	
5.73995	-3.06108	198.508	0	
5.95536	-3.84476	198.675	0	
6.20464	-4.00486	198.817	0	
6.47149	-3.86022	199.165	0	
7.15686	-4.28583	199.607	0	
6.12567	-2.56623	198.111	0	
5.54464	-2.35301	197.702	0	
5.28334	-3.1138	198.201	0	
5.27692	-3.39513	198.025	0	
5.65357	-3.82582	198.2	0	
5.62373	-4.40366	197.837	0	
6.49109	-4.41277	198.843	0	
6.79702	-3.91352	199.381	0	
5.07578	-2.9345	197.871	0	
4.80364	-3.06594	198.066	0	
5.07159	-3.79833	197.707	0	
5.4842	-4.10226	198.156	0	
5.45755	-4.66972	197.746	0	
5.72968	-4.83867	197.58	0	
6.34457	-4.69807	198.539	0	
7.17511	-4.57705	199.482	0	
5.1312	-2.65013	197.957	0	
4.6748	-2.50607	198.134	0	
4.29478	-3.17658	197.916	0	
4.22416	-3.56976	197.238	0	
4.83204	-3.88967	197.644	0	
4.80148	-4.16909	197.214	0	
5.14037	-4.62398	196.605	0	
5.06504	-5.21159	195.962	0	
5.97665	-5.27504	197.222	0	
6.3583	-5.23877	198.074	0	
5.44738	-2.63665	197.826	0	
5.2048	-2.12419	197.22	0	
4.66161	-3.61704	197.528	0	
4.4251	-3.71753	197.545	0	
4.51165	-4.54574	196.465	0	
4.93872	-4.90145	196.789	0	
4.85612	-5.62863	195.754	0	
5.20911	-6.36096	194.786	0	
3.53537	-3.25439	197.624	0	
4.36358	-4.07753	196.923	0	
4.2008	-4.48975	196.279	0	
4.08356	-4.82618	195.595	0	
3.53746	-5.0341	194.701	0	
4.11462	-4.18586	196.766	0	
3.54171	-4.28644	195.94	0	
3.7094	-4.73734	195.795	0	
3.18869	-4.18292	196.177	0	
2.55346	-4.36843	195.911	0	
5.83588	-1.04681	192.262	0	
5.5064	-1.55277	195.649	0	
8.04722	-3.76152	200.223	0	
8.99918	-3.17199	200.083	0	
7.87736	-4.05716	200.13	0	
8.51524	-4.44529	200.456	0	
8.3621	-3.62179	199.998	0	
8.67885	-3.83081	200.526	0	
7.50737	-4.63356	199.583	0	
8.0394	-4.34211	200.154	0	
6.93869	-4.86443	198.984	0	
6.54392	-4.92935	198.368	0	
5.98148	-5.98602	196.318	0	
6.56974	-5.50289	197.584	0	
4.34907	-5.16339	195.694	0	
4.33253	-6.58324	192.626	0	
3.60111	-5.50289	193.726	0	
4.46298	-5.60937	194.353	0	
7.50113	-4.9469	199.366	0	
7.77191	-5.09145	199.679	0	
7.19303	-5.08651	199.155	0	
6.92881	-5.58607	198.283	0	
8.1093	-5.54851	199.491	0	
8.94397	-4.96861	200.281	0	
5.4665	-7.23075	193.268	0	
6.97926	-6.07698	197.206	0	
6.57657	-6.30714	197.012	0	
7.5685	-5.92895	198.042	0	
7.89801	-6.08656	198.694	0	
8.83342	-5.66851	199.776	0	
8.31217	-5.01479	200.008	0	
8.38073	-5.34869	199.646	0	
5.51002	-5.54927	196.356	0	
5.20647	-5.84073	195.288	0	
6.10355	-6.85103	194.721	0	
7.40849	-7.00367	196.272	0	
7.28219	-6.24516	197.973	0	
7.51555	-6.57229	197.227	0	
9.256	-4.80273	199.967	0	
8.76793	-4.23648	200	0	
9.38965	-5.55088	199.955	0	
9.51634	-4.28073	199.75	0	
3.06841	-2.98284	197.444	0	
2.18662	-3.74017	197.052	0	
2.24592	-5.17536	193.56	0	
3.09411	-4.89375	195.067	0	
2.92009	-5.23334	193.671	0	
3.362	-6.87213	190.563	0	
8.50764	-6.04063	199.302	0	
8.17341	-5.89347	198.726	0	
8.29065	-7.00595	196.834	0	
8.61276	-7.22511	197.886	0	
10.4857	-5.68812	199.711	0	
9.91831	-4.50002	200.147	0	
2.73485	-3.17843	197.624	0	
1.80308	-2.9112	198.4	0	
7.83833	-7.25931	196.847	0	
7.80445	-7.71671	195.24	0	
9.9578	-7.04246	198.298	0	
10.0071	-6.08335	199.936	0	
10.3748	-4.91792	199.687	0	
10.5872	-4.42421	199.95	0	
2.646	-6.03234	191.901	0	
3.19998	-5.58773	193.5	0	
4.07675	-6.99706	191.579	0	
4.00922	-6.28339	192.764	0	
8.99874	-7.81948	196.809	0	
9.4536	-7.20314	198.445	0	
9.04799	-8.25489	195.682	0	
9.78678	-8.33722	196.479	0	
6.39676	-7.89131	193.553	0	
8.69564	-8.49373	194.98	0	
4.38456	-7.2851	191.284	0	
4.79712	-6.67241	193.095	0	
8.2904	-8.29656	194.787	0	
8.81159	-9.89309	191.835	0	
10.1911	-8.57525	196.365	0	
10.4467	-8.18074	197.435	0	
6.27069	-8.87648	190.867	0	
7.94556	-8.55462	193.684	0	
4.30454	-7.70946	190.497	0	
5.03049	-7.7978	191.467	0	
7.51608	-8.4502	193.222	0	
9.02921	-9.3312	193.24	0	
9.42437	-9.14738	194.44	0	
8.70368	-8.94688	193.561	0	
10.3098	-9.1187	195.057	0	
10.8801	-9.24394	195.611	0	
11.6998	-7.68222	198.938	0	
10.1209	-6.61434	199.703	0	
3.59999	-7.56191	189.526	0	
4.07504	-8.75359	188.036	0	
5.53836	-8.0132	191.424	0	
5.68299	-6.84556	194.323	0	
7.21226	-8.78355	192.874	0	
7.83697	-9.04433	192.849	0	
8.18985	-9.23941	192.146	0	
8.21922	-9.80871	191.107	0	
9.87867	-9.50383	193.884	0	
9.68466	-10.6138	190.875	0	
11.8344	-9.82339	195.226	0	
12.3404	-8.54172	199.428	0	
12.0085	-7.18035	200.347	0	
10.688	-6.554	199.475	0	
10.3356	-7.36191	198.905	0	
10.8664	-7.31764	198.838	0	
3.25679	-8.21919	187.512	0	
3.7334	-8.34171	188.395	0	
3.88062	-9.43492	185.594	0	
4.38486	-9.97433	186.162	0	
5.95673	-7.80141	192.743	0	
6.46624	-7.48252	194.265	0	
6.16389	-7.21657	194.091	0	
6.89605	-7.0727	195.699	0	
5.82379	-7.43577	193.34	0	
6.66737	-8.16548	193.317	0	
7.02308	-7.95724	193.681	0	
6.81574	-7.48352	194.658	0	
6.74218	-8.5781	191.213	0	
6.36178	-9.58067	188.957	0	
7.48736	-10.1124	189.208	0	
7.64815	-10.8806	187.141	0	
11.604	-6.8563	199.702	0	
11.3756	-4.61489	199.691	0	
3.6898	-7.13473	190.435	0	
3.03402	-7.23754	189.309	0	
5.05165	-9.67183	186.578	0	
7.01794	-11.5291	185.294	0	
11.25	-0.303134	185.042	0	
11.875	-0.239636	185.58	0	
11.875	-0.479272	189.794	0	
10.977	-0.896046	189.304	0	
11.5605	-0.974746	190.542	0	
12.1663	-0.732589	191.522	0	
12.5	-0.300274	194.088	0	
107.5	-0.303134	186.085	0	
108.125	-0.239636	175.45	0	
108.125	-0.479272	175.921	0	
107.227	-0.896046	185.343	0	
107.81	-0.974746	183.357	0	
108.415	-0.735914	179.138	0	
108.75	-0.303134	175.295	0	
122.072	-1.38684	195.31	0	
122.348	-1.88599	198.529	0	
-89.9231	-2.56312	185.28	0	
-89.5164	-1.92565	188.698	0	
-89.8649	-2.98366	184.22	0	
-89.2531	-2.54672	185.155	0	
-89.353	-1.57725	191.916	0	
-89.7432	-1.30312	192.483	0	
-90.3373	-1.61344	189.046	0	
-90.1992	-1.9399	188.606	0	
87.0073	-2.00527	206.163	0	
88.3104	-2.00429	201.403	0	
87.3746	-3.10216	201.432	0	
87.9861	-2.21625	202.761	0	
86.7331	-2.2468	205.746	0	
87.3041	-2.52007	203.561	0	
86.4209	-2.25243	206.275	0	
86.2343	-3.04476	202.174	0	
86.2522	-1.96832	207.451	0	
85.5361	-2.77652	203.69	0	
85.8102	-2.26619	206.174	0	
85.5202	-2.27943	206.469	0	
85.3776	-3.06639	201.649	0	
85.8444	-3.31655	201.034	0	
84.9536	-2.79943	202.578	0	
85.2355	-3.82113	199.787	0	
86.0206	-3.55463	201.177	0	
86.3973	-3.28088	201.932	0	
85.9623	-3.80695	199.977	0	
86.4557	-3.81742	200.568	0	
86.6665	-3.24794	201.604	0	
86.3977	-2.78792	203.439	0	
85.7165	-3.89568	200.087	0	
85.9594	-4.28081	199.623	0	
86.8962	-3.51671	200.794	0	
86.9067	-2.87107	202.849	0	
85.4788	-3.67963	200.132	0	
85.2731	-4.16819	199.728	0	
86.0071	-4.51377	199.872	0	
86.3817	-4.50281	199.962	0	
85.8171	-4.69544	199.647	0	
85.8995	-4.9549	199.978	0	
85.5254	-4.29306	199.483	0	
84.9338	-5.38959	200.898	0	
85.5495	-5.61105	201.025	0	
85.859	-5.47149	200.834	0	
87.128	-3.45945	200.923	0	
87.3973	-3.54286	200.185	0	
85.0456	-4.7165	199.851	0	
85.5693	-4.5935	199.812	0	
85.3353	-4.81331	199.483	0	
85.0273	-4.37181	199.17	0	
86.3519	-5.8707	201.449	0	
86.3505	-5.24571	200.138	0	
88.0884	-3.37255	200.478	0	
87.4806	-2.79176	202.163	0	
88.5564	-3.28941	199.206	0	
88.0368	-2.61932	201.461	0	
84.6505	-4.21901	199.324	0	
83.8743	-4.48376	199.484	0	
86.0982	-6.13712	202.389	0	
87.1612	-5.28569	199.699	0	
85.3581	-2.05757	207.838	0	
84.6301	-2.43805	204.435	0	
85.4682	-1.74963	210.098	0	
84.953	-1.78323	210.398	0	
85.1065	-2.54654	204.841	0	
84.9229	-2.29097	205.436	0	
84.4715	-3.0585	200.646	0	
85.0823	-3.0837	202.354	0	
84.7602	-5.74385	201.603	0	
85.6384	-5.94285	202.594	0	
86.2324	-6.60989	202.823	0	
87.4522	-6.39409	202.067	0	
84.0442	-3.01479	202.042	0	
83.3831	-3.40023	199.696	0	
83.8139	-5.32622	201.308	0	
84.6893	-6.59134	204.702	0	
84.3839	-3.64091	199.323	0	
84.9841	-3.68488	199.929	0	
85.3577	-6.24186	202.575	0	
86.2657	-7.95179	207.32	0	
86.8756	-6.33682	201.979	0	
87.6684	-6.01671	200.604	0	
84.0261	-3.65056	199.878	0	
83.8007	-3.30351	199.48	0	
86.6292	-6.74335	203.171	0	
87.5292	-6.88719	202.44	0	
83.0626	-4.78704	200.08	0	
84.4657	-4.9814	200.143	0	
82.9674	-6.21351	205.019	0	
83.4086	-7.21649	208.939	0	
84.8355	-7.12143	207.326	0	
85.7818	-6.76896	204.91	0	
83.2302	-5.75931	202.851	0	
84.0347	-6.07332	202.777	0	
84.2188	-5.36294	200.614	0	
83.6476	-5.7859	202.179	0	
84.3984	-7.44822	208.301	0	
84.4695	-8.13581	212.488	0	
108.588	-2.88767	196.298	0	
108.746	-3.60404	196.633	0	
-70	-0.289266	210.369	0	
-69.0625	-0.120278	204.348	0	
-69.6875	-0.120278	206.927	0	
-69.0833	-0.733733	204.192	0	
-69.375	-0.240555	206.881	0	
26.25	-0.289266	206.819	0	
27.1875	-0.120278	207.219	0	
26.5625	-0.120278	210.918	0	
27.1667	-0.733733	205.383	0	
26.875	-0.240555	200.459	0	
23.8285	-0.395397	197.215	0	
24.6875	-0.116803	201.285	0	
24.2708	-0.479166	200.321	0	
24.638	-0.620842	202.69	0	
24.2708	-0.24556	202.605	0	
24.4792	-0.479166	203.181	0	
24.4792	-0.24556	199.715	0	
24.5753	-0.919845	203.958	0	
25.3832	-1.01221	206.848	0	
24.1825	-0.928007	200.717	0	
24.2267	-1.60102	199.995	0	
24.8544	-1.05118	205.141	0	
25.2644	-1.32057	205.612	0	
-139.806	-2.58979	187.368	0	
-139.114	-2.82992	185.972	0	
-140.232	-2.46659	189.106	0	
-139.947	-3.34847	186.691	0	
-138.783	-3.03452	185.391	0	
-138.738	-2.43744	187.545	0	
-137.177	-3.09647	184.181	0	
-136.479	-2.97448	184.054	0	
-131.07	-1.52888	196.155	0	
-130.944	-1.08865	201.224	0	
118.826	-0.391053	179.435	0	
119.688	-0.116803	182.352	0	
119.271	-0.479166	181.768	0	
119.694	-0.916884	190.349	0	
119.271	-0.24556	183.086	0	
119.479	-0.479166	183.911	0	
119.479	-0.24556	181.208	0	
120.007	-0.899036	193.038	0	
119.944	-0.596974	191.84	0	
-120.302	-1.4733	196.226	0	
-120.244	-2.10832	189.298	0	
-86.605	-0.480311	195.95	0	
-87.1258	-0.182122	197.912	0	
-79.8814	-1.2316	198.354	0	
-80.3284	-1.6481	194.727	0	
-79.105	-0.468681	201.068	0	
-79.6259	-0.178899	203.468	0	
-110.75	-2.68695	183.929	0	
-110.674	-2.06845	189.772	0	
-111.468	-2.25479	187.834	0	
-111.562	-2.9353	182.328	0	
-111.644	-1.84114	191.874	0	
-111.985	-2.36827	187.238	0	
-95.1304	-2.86932	184.499	0	
-95.5568	-2.51822	184.978	0	
-95.3463	-2.31274	185.568	0	
-95.4527	-2.83934	184.223	0	
-95.556	-2.0162	186.611	0	
-95.9311	-2.07204	187.167	0	
-22.5	-0.289266	211.328	0	
-21.5625	-0.120278	214.394	0	
-22.1875	-0.120278	213.169	0	
-21.5833	-0.733733	210.337	0	
-21.875	-0.240555	214.543	0	
-25	-0.300119	210.541	0	
-24.0625	-0.116803	210.467	0	
-24.4792	-0.479166	207.67	0	
-24.112	-0.620842	206.373	0	
-24.4792	-0.24556	211.311	0	
-24.2708	-0.479166	210.406	0	
-24.2708	-0.24556	208.346	0	
-24.2223	-0.961629	205.998	0	
-23.3668	-1.01221	205.014	0	
-23.7434	-1.15949	204.185	0	
-23.4856	-1.32057	201.555	0	
-4.50057	-2.68773	199.821	0	
-4.38631	-2.11632	203.009	0	
-10.4713	-5.06907	178.671	0	
-9.58099	-6.02599	178.55	0	
-29.9975	-0.305009	204.775	0	
-29.4792	-0.255532	204.593	0	
-29.6875	-0.120258	205.864	0	
-29.067	-0.724259	200.399	0	
-29.0625	-0.120258	203.537	0	
-29.2708	-0.496049	203.382	0	
-29.2708	-0.255532	203.446	0	
0.194349	-2.58979	202.139	0	
1.25002	-3.03952	199.267	0	
-0.232469	-2.46659	202.964	0	
-0.0238467	-3.2584	200.455	0	
0.051442	-3.78434	198.077	0	
0.514498	-4.0233	198.083	0	
0.826093	-4.89222	194.077	0	
1.30621	-3.94891	196.972	0	
18.4711	-0.927894	196.026	0	
19.0409	-1.27751	198.018	0	
144.095	-1.28897	220.169	0	
144.18	-1.90294	215.315	0	
135.345	-1.28911	208.721	0	
135.35	-2.06947	204.231	0	
113.75	-0.289266	174.621	0	
114.688	-0.120278	178.597	0	
114.062	-0.120278	178.776	0	
114.667	-0.733733	185.741	0	
114.375	-0.240555	172.236	0	
111.329	-0.395397	165.742	0	
112.188	-0.116803	173.44	0	
111.771	-0.479166	172.101	0	
112.138	-0.620842	181.646	0	
111.771	-0.24556	173.063	0	
111.979	-0.479166	174.573	0	
111.979	-0.24556	170.698	0	
112.075	-0.919845	181.84	0	
112.883	-1.01221	185.321	0	
111.682	-0.928007	180.719	0	
111.727	-1.60102	188.609	0	
112.354	-1.05118	187.179	0	
112.764	-1.32057	189.819	0	
108.975	-1.3018	183.481	0	
109.503	-1.98208	192.405	0	
108.559	-1.60333	190.328	0	
108.531	-2.08054	191.722	0	
66.2525	-0.305009	215.831	0	
66.7708	-0.255532	214.897	0	
66.5625	-0.120258	214.114	0	
67.183	-0.724259	206.867	0	
67.1875	-0.120258	211.815	0	
66.9792	-0.496049	214.994	0	
66.9792	-0.255532	210.284	0	
105.057	-0.263919	187.134	0	
105.938	-0.116803	172.381	0	
105.521	-0.479166	177.36	0	
104.744	-0.147115	184.798	0	
104.586	-0.611074	183.061	0	
105.944	-0.916884	178.487	0	
105.521	-0.24556	173.757	0	
105.729	-0.479166	174.207	0	
105.729	-0.24556	175.682	0	
106.257	-0.899036	177.74	0	
106.194	-0.596974	175.855	0	
87.6323	-1.61566	207.544	0	
87.4978	-0.793505	205.937	0	
46.2244	-9.5361	163.616	0	
46.7443	-9.68542	158.292	0	
46.3128	-10.5495	146.488	0	
47.7012	-11.1009	127.951	0	
47.1655	-10.067	155.056	0	
46.9441	-10.5231	141.658	0	
45.9474	-11.1411	137.909	0	
47.0662	-11.0588	137.034	0	
49.1671	-9.95072	149.742	0	
48.6123	-9.7868	153.288	0	
40.8247	-9.27856	188.346	0	
42.1876	-8.8759	188.456	0	
50.798	-11.8413	115.81	0	
51.6847	-11.247	122.918	0	
48.8208	-11.5476	121.531	0	
49.8934	-11.33	124.709	0	
54.6666	-7.79575	188.434	0	
55.8399	-6.78584	206.278	0	
55.4081	-7.06921	200.421	0	
57.933	-7.01401	200.205	0	
157.38	-1.18054	167.836	0	
157.705	-1.84999	164.289	0	
158.615	-2.05822	152.953	0	
160.104	-0.42142	135.091	0	
-84.9417	-6.41099	250.171	0	
159.688	-0.181072	136.437	0	
-85.5032	-7.15463	277.259	0	
-88.3604	-7.92875	299.346	0	
-87.7529	-8.08855	305.905	0	
-83.9432	-6.44744	250.483	0	
-82.6527	-6.10203	236.481	0	
-79.153	-5.45029	217.385	0	
-78.4671	-5.47118	221.836	0	
-75.7069	-6.62669	251.096	0	
-74.1996	-6.76018	264.713	0	
-73.9896	-5.15894	215.196	0	
-74.4062	-4.59366	207.703	0	
-102.872	-3.74922	181.732	0	
-102.422	-4.2523	186.565	0	
-99.7174	-5.38724	205.589	0	
-99.4205	-4.78373	196.795	0	
-99.9717	-5.77856	220.968	0	
-99.8035	-6.1333	223.192	0	
-98.6199	-6.1966	227.291	0	
-99.135	-5.09331	200.607	0	
-100.598	-5.75075	209.316	0	
-101.386	-6.23486	231.698	0	
-98.0277	-5.77187	219.749	0	
-98.2024	-5.42594	211.925	0	
-100.097	-6.59948	254.646	0	
-99.7156	-7.09168	264.11	0	
-98.0144	-5.07862	201.45	0	
-98.7613	-5.11211	203.891	0	
150.421	-7.08234	206.4	0	
150.773	-8.06558	205.39	0	
-159.151	-6.9433	296.433	0	
-159.55	-5.63635	256.042	0	
127.256	-7.32505	209.538	0	
127.931	-7.79756	211.632	0	
38.921	-9.24775	199.239	0	
39.5586	-10.0135	188.339	0	
33.6072	-8.65744	217.262	0	
33.964	-8.16435	218.463	0	
52.4959	-7.31895	198.457	0	
54.0636	-7.07856	201.968	0	
-100.318	-4.49914	190.756	0	
-100.52	-5.03137	195.272	0	
-130.305	-6.12905	228.866	0	
-129.462	-5.66369	208.526	0	
-125.889	-9.66569	418.733	0	
-124.661	-9.52392	398.765	0	
-68.878	-5.55616	229.437	0	
-69.0069	-4.51452	205.884	0	
-122.93	-3.53898	180.758	0	
-122.546	-4.09416	182.188	0	
-82.3018	-6.89264	268.501	0	
-80.9164	-9.06739	351.214	0	
-19.6761	-7.19953	252.37	0	
-18.7581	-6.75414	238.998	0	
99.2001	-8.50367	188.85	0	
99.5008	-8.83557	189.153	0	
99.8389	-9.58854	189.759	0	
100.548	-8.9833	188.542	0	
99.5303	-9.98902	191.253	0	
100.146	-10.8541	192.896	0	
154.672	-8.11516	194.585	0	
155.303	-7.92905	192.326	0	
129.607	-6.03079	209.292	0	
130.418	-6.55729	212.102	0	
129.095	-5.72247	207.743	0	
129.062	-6.84476	211.128	0	
130.697	-7.11435	214.228	0	
131.592	-6.81594	214.367	0	
-16.1019	-5.53315	196.621	0	
-15.7934	-6.23705	204.689	0	
-16.2756	-6.92151	222.131	0	
-15.7813	-6.73906	209.791	0	
-15.3308	-7.57217	217.231	0	
-15.3871	-6.99054	214.715	0	
-15.7594	-7.907	240.627	0	
-14.5884	-8.68291	236.736	0	
-15.9471	-8.67255	246.097	0	
-13.9436	-9.32894	243.765	0	
-96.1122	-4.06236	189.19	0	
-95.6012	-3.58903	185.979	0	
-72.3748	-6.51772	244.609	0	
-71.4269	-7.14823	272.513	0	
-107.751	-7.41568	265.397	0	
-105.704	-7.78093	298.912	0	
-102.514	-9.56999	385.106	0	
-101.303	-8.97706	365.726	0	
104.294	-7.14194	186.523	0	
104.132	-8.14403	186.266	0	
44.3681	-8.27435	187.823	0	
43.6208	-8.80944	181.954	0	
43.5898	-10.4178	161.932	0	
44.3849	-11.8833	134.052	0	
71.4892	-7.63748	220.325	0	
72.8733	-7.63345	222.194	0	
-147.325	-7.08431	277.805	0	
-148.152	-7.22588	286.87	0	
-148.685	-6.96563	282.464	0	
-149.001	-8.06253	319.739	0	
-148.02	-8.71307	355.957	0	
-147.264	-9.19835	373.162	0	
-148.443	-8.57363	341.836	0	
-148.494	-9.45242	389.054	0	
-146.949	-9.51952	394.66	0	
-146.773	-8.603	348.429	0	
-148.517	-8.07477	326.108	0	
-149.275	-8.53934	344.944	0	
-149.345	-9.37362	385.022	0	
-147.079	-10.7596	456.252	0	
-147.214	-9.98844	412.899	0	
-145.762	-9.57403	395.721	0	
-149.697	-8.63678	355.111	0	
-149.735	-9.10777	365.987	0	
-148.35	-11.6025	488.13	0	
-147.889	-11.8343	505.485	0	
-147.728	-9.98208	404.732	0	
-148.229	-10.2927	430.891	0	
-146.78	-11.6734	506.251	0	
-146.368	-10.1828	423.839	0	
-145.853	-9.0729	370.464	0	
-146.357	-9.02585	367.233	0	
-150.118	-7.71697	302.9	0	
-151.339	-9.06304	367.968	0	
-150.124	-9.79717	396.315	0	
-149.173	-9.91697	403.081	0	
-144.326	-12.4236	561.465	0	
-146.081	-10.5501	448.197	0	
-151.873	-7.26035	298.104	0	
-150.808	-8.2706	331.532	0	
-150.472	-8.99578	365.959	0	
-150.467	-8.48699	342.018	0	
-150.717	-9.8186	408.762	0	
-150.912	-10.4459	422.906	0	
-145.577	-11.3737	483.285	0	
-145.355	-10.9253	468.673	0	
-152.357	-9.01358	362.148	0	
-151.483	-10.5435	437.034	0	
-150.714	-7.37522	294.469	0	
-151.524	-7.68876	311.265	0	
-145.347	-11.9389	530.433	0	
-144.704	-11.9374	522.453	0	
-144.74	-10.3018	440.062	0	
-145.487	-9.91572	417.168	0	
-152.574	-7.4108	299.486	0	
-153.286	-8.49958	342.307	0	
-144.125	-10.2778	449.361	0	
-143.7	-9.07309	378.721	0	
-119.608	-7.57203	277.856	0	
-118.691	-7.37242	263.828	0	
-104.166	-8.74753	331.412	0	
-103.251	-8.64138	323.889	0	
-21.6296	-6.42451	257.744	0	
-22.6259	-6.95363	283.609	0	
-59.2494	-7.21909	261.578	0	
-58.2215	-7.78255	270.355	0	
-52.7477	-11.8336	368.077	0	
-49.2011	-11.2473	369.344	0	
-49.5395	-8.60477	306.753	0	
-49.3543	-9.69741	330.034	0	
-48.3877	-10.1156	349.807	0	
-46.72	-9.62003	342.093	0	
-62.0047	-8.31846	293.466	0	
-60.5811	-8.64062	293.399	0	
-59.7147	-7.89185	279.362	0	
-59.609	-6.75016	250.008	0	
-64.1707	-7.30461	265.192	0	
-63.8058	-7.78409	279.587	0	
-63.8109	-8.46209	300.849	0	
-62.9458	-7.86411	277.195	0	
98.006	-9.61793	192.273	0	
98.5841	-10.2129	192.63	0	
97.0445	-9.40495	192.119	0	
96.3893	-9.63819	194.901	0	
98.7095	-10.6758	193.23	0	
99.6352	-10.4864	191.483	0	
97.6817	-10.401	194.241	0	
99.5917	-12.2917	195.798	0	
97.4816	-11.77	197.666	0	
98.1968	-12.1628	197.468	0	
99.2762	-11.3756	194.395	0	
98.5022	-11.6183	196.069	0	
-118.818	-6.79356	246.588	0	
-119.055	-7.77775	291.453	0	
-32.4763	-10.6068	465.938	0	
-31.5356	-12.1889	534.661	0	
-52.0012	-10.2838	344.168	0	
-51.5585	-11.6524	372.417	0	
-56.8132	-10.2298	337.588	0	
-55.5053	-10.2263	337.183	0	
104.876	-8.93427	187	0	
105.267	-8.43625	184.445	0	
-113.359	-10.4892	471.099	0	
-113.033	-8.75632	352.887	0	
-15.4108	-9.0209	262.668	0	
-16.9446	-8.05208	251.202	0	
-17.6526	-8.72268	278.912	0	
-17.1017	-9.19817	282.955	0	
36.6427	-10.4049	197.823	0	
36.0278	-10.6782	197.795	0	
37.6998	-10.7042	189.19	0	
38.4495	-9.50882	195.838	0	
72.6645	-6.67193	220.266	0	
75.0467	-5.69318	215.071	0	
-56.1082	-11.2945	354.589	0	
-55.3711	-11.4173	358.83	0	
-40.9705	-9.70654	376.4	0	
-42.6138	-8.25971	309.529	0	
-41.9394	-8.44636	318.856	0	
-42.235	-9.4815	363.193	0	
-39.5759	-7.38283	289.125	0	
-39.828	-5.82815	234.017	0	
146.808	-8.5733	206.874	0	
147.957	-9.84109	205.947	0	
95.1161	-8.90164	195.542	0	
95.5408	-9.62936	196.298	0	
94.5475	-8.60881	194.686	0	
94.3312	-9.37769	196.83	0	
95.5707	-10.1331	196.095	0	
96.7713	-10.6008	196.059	0	
93.9675	-9.6267	198.585	0	
94.3499	-10.3776	199.308	0	
94.736	-10.0773	197.678	0	
95.8256	-11.1406	198.247	0	
95.9757	-10.5679	197.318	0	
97.4692	-11.2053	196.273	0	
93.5725	-9.44491	198.374	0	
93.2772	-10.1161	200.744	0	
94.4407	-10.9017	200.844	0	
95.1497	-10.3576	198.571	0	
97.1919	-10.1869	193.836	0	
96.37	-10.3164	195.137	0	
93.6351	-8.91321	197.605	0	
92.5878	-8.97882	199.723	0	
92.2307	-10.2228	202.647	0	
92.9121	-11.0631	203.104	0	
93.9476	-11.305	201.438	0	
94.2237	-11.9978	205.096	0	
91.1672	-10.1271	205.603	0	
92.7526	-12.1622	207.208	0	
92.0168	-11.4559	207.03	0	
93.8532	-12.7381	204.512	0	
141.877	-5.44375	205.127	0	
142.494	-6.55445	207.569	0	
-43.1904	-12.1421	446.013	0	
-42.8367	-10.4366	383.761	0	
89.4255	-9.4254	208.108	0	
89.4381	-10.6706	210.966	0	
133.994	-6.49662	214.055	0	
132.665	-6.63662	214.193	0	
138.665	-9.51988	214.304	0	
140.78	-10.6703	210.689	0	
143.511	-6.70516	206.641	0	
142.962	-5.79253	205.701	0	
135.376	-12.6232	211.237	0	
136.098	-13.512	208.947	0	
144.52	-6.26649	205.242	0	
144.853	-5.72793	204.516	0	
144.017	-11.5782	207.277	0	
145.276	-10.9495	206.976	0	
145.436	-9.9492	208.079	0	
144.956	-10.372	207.678	0	
146.27	-9.34377	207.192	0	
146.285	-8.09929	207.319	0	
-14.0758	-7.20989	208.136	0	
-14.5801	-7.69576	216.473	0	
-10.7194	-8.78125	202.587	0	
-7.5094	-7.99943	180.718	0	
-8.84416	-6.79477	177.924	0	
-9.05759	-5.85208	176.69	0	
58.3061	-5.89141	214.299	0	
57.5129	-6.50868	209.306	0	
58.8158	-7.79252	189.994	0	
59.9947	-8.0981	186.8	0	
57.7186	-6.02158	210.618	0	
58.3086	-5.32443	214.484	0	
-133.07	-8.57277	349.913	0	
-130.879	-8.24649	310.19	0	
-131.811	-7.82856	293.406	0	
-131.492	-5.93906	213.982	0	
-137.064	-5.87201	227.964	0	
-137.998	-6.2467	240.635	0	
-135.978	-6.83352	257.712	0	
-136.111	-5.97596	224.922	0	
-138.139	-6.89323	261.209	0	
-137.455	-7.14403	273.672	0	
-140.646	-6.13654	242.466	0	
-140.204	-6.86671	262.997	0	
10.8544	-6.08087	200.289	0	
11.4066	-5.95995	199.807	0	
12.5033	-6.9	200.225	0	
11.7885	-6.35153	200.431	0	
108.474	-3.25008	195.322	0	
108.849	-2.61376	194.359	0	
107.606	-3.22214	196.485	0	
107.597	-3.74916	194.733	0	
108.843	-2.15216	193.746	0	
108.153	-2.44548	195.366	0	
-10.9831	-4.81902	179.251	0	
-11.1488	-5.51645	178.961	0	
-9.65032	-5.13539	178.479	0	
-9.84516	-5.63389	177.273	0	
1.59421	-3.80082	197.204	0	
1.25607	-4.3315	195.672	0	
2.27002	-4.61831	194.936	0	
2.49691	-3.8672	196.609	0	
0.801066	-4.42092	195.545	0	
1.38963	-4.98448	193.517	0	
1.58554	-3.44966	197.986	0	
1.081	-3.61866	198.154	0	
2.15076	-3.33451	197.689	0	
1.50703	-2.84298	199.051	0	
1.85298	-3.24275	198.039	0	
2.39512	-3.03741	197.794	0	
1.4222	-2.5648	199.468	0	
0.913096	-2.86554	199.985	0	
1.7069	-2.30199	199.116	0	
1.22918	-2.00616	199.741	0	
45.3675	-10.988	147.421	0	
44.683	-11.1838	143.883	0	
41.8038	-9.36369	181.982	0	
41.3567	-9.06366	189.042	0	
47.6727	-11.8016	123.156	0	
48.9193	-12.7929	100.582	0	
53.9909	-8.67246	176.679	0	
54.8854	-8.97089	170.023	0	
55.5905	-7.68777	189.837	0	
56.7969	-7.60095	194.296	0	
56.4607	-6.95696	201.034	0	
56.3585	-8.04841	185.287	0	
158.232	-2.51256	157.451	0	
159.223	-2.56017	147.91	0	
158.294	-3.57874	162.011	0	
159.238	-4.35352	156.531	0	
159.705	-2.63276	144.638	0	
159.479	-1.80149	142.473	0	
159.763	-3.5765	150.126	0	
160.677	-2.48789	141.282	0	
159.612	-0.9648	137.729	0	
159.403	-0.468325	134.872	0	
160.625	-0.240348	133.135	0	
160.104	-0.917895	134.656	0	
160.317	-2.05472	138.561	0	
-84.3376	-7.28242	282.921	0	
-84.9016	-6.98447	263.426	0	
-83.0444	-6.42758	249.791	0	
-83.524	-6.18487	236.63	0	
-100.56	-6.64712	234.552	0	
-100.893	-6.15313	229.295	0	
-101.396	-7.78639	291.641	0	
-100.951	-6.98099	264.632	0	
-101.65	-8.35601	333.646	0	
-100.468	-9.00664	362.26	0	
150.388	-9.053	205.678	0	
151.657	-7.8221	204.446	0	
52.7575	-8.47903	177.008	0	
53.5516	-7.4787	195.21	0	
-130.832	-6.38048	232.598	0	
-129.882	-6.84962	253.897	0	
-131.528	-7.02121	261.581	0	
-130.034	-7.89044	293.821	0	
-129.52	-7.13556	264.27	0	
-128.983	-6.60637	236.578	0	
-129.601	-7.70533	290.015	0	
-129.09	-8.0039	299.506	0	
-130.415	-7.50441	283.414	0	
-130.215	-8.91867	372.303	0	
-128.162	-8.82321	346.371	0	
-128.033	-7.7144	290.305	0	
-125.776	-10.547	466.979	0	
-124.335	-10.2211	453.072	0	
-123.329	-10.4508	454.33	0	
-123.321	-9.03986	354.427	0	
-68.7983	-6.06809	236.551	0	
-67.8992	-5.90666	234.841	0	
-20.3579	-7.42376	284.003	0	
-21.6914	-7.93786	306.78	0	
128.923	-7.40629	212.304	0	
130.39	-8.10818	215.765	0	
128.326	-7.40624	210.331	0	
129.91	-8.33953	214.658	0	
129.845	-7.34174	213.418	0	
129.374	-7.68709	213.085	0	
132.181	-7.03611	215.188	0	
132.611	-6.02225	212.313	0	
-71.8659	-6.67931	254.928	0	
-70.7614	-6.92024	261.411	0	
-107.724	-9.34561	382.22	0	
-106.022	-8.20562	313.852	0	
-106.589	-8.37464	327.752	0	
-105.168	-8.61158	333.675	0	
43.0555	-8.61774	189.436	0	
42.8853	-9.66394	178.638	0	
71.222	-8.96883	212.943	0	
72.8931	-9.57484	216.604	0	
73.4362	-7.71817	223.036	0	
73.2328	-6.41082	220.502	0	
-148.833	-6.22875	243.13	0	
-149.526	-5.577	246.804	0	
-147.548	-10.9953	468.061	0	
-148.151	-10.7943	446.729	0	
-151.622	-11.4562	473.961	0	
-150.706	-12.8582	543.848	0	
-145.688	-12.6174	550.981	0	
-145.327	-13.3611	592.778	0	
-143.62	-12.3167	558.539	0	
-143.203	-11.1607	495.316	0	
-150.964	-7.73032	311.792	0	
-150.935	-6.78148	279.743	0	
-152.156	-8.35861	337.246	0	
-152.758	-8.02038	328.996	0	
-104.7	-8.95664	368.822	0	
-104.365	-9.984	437.43	0	
-22.756	-7.97012	318.367	0	
-22.2122	-8.33224	327.502	0	
-59.5001	-8.57921	290.427	0	
-58.8914	-8.65492	298.421	0	
-49.6349	-10.4409	354.687	0	
-47.8107	-9.95943	345.587	0	
-64.3905	-8.85019	314.026	0	
-62.9927	-8.35643	299.415	0	
96.9156	-12.6635	201.508	0	
98.875	-12.7459	198.275	0	
99.8809	-13.3805	198.605	0	
100.574	-11.9757	195.442	0	
-118.832	-8.64351	335.528	0	
-118.083	-8.89503	352.35	0	
104.964	-9.62153	184.967	0	
105.332	-7.2405	185.554	0	
105.913	-8.58661	186.235	0	
106.932	-8.03965	185.394	0	
-17.3438	-10.0354	317.482	0	
-15.9248	-10.7847	313.91	0	
37.3857	-11.7736	179.889	0	
38.4376	-10.1071	193.694	0	
39.5022	-9.43596	189.828	0	
38.506	-8.22886	207.505	0	
96.0767	-11.7149	200.13	0	
96.9118	-11.1499	197.032	0	
96.7668	-13.6441	204.042	0	
95.7038	-12.9666	203.732	0	
90.7085	-10.4898	206.494	0	
90.1234	-11.8425	211.73	0	
-42.7131	-11.5766	414.468	0	
-41.5046	-11.4595	432.863	0	
139.211	-10.3614	212.966	0	
138.997	-11.9051	211.178	0	
141.911	-5.94789	206.908	0	
141.424	-6.42572	208.198	0	
-13.4586	-8.26038	222.844	0	
-14.2204	-8.173	221.61	0	
-8.40337	-7.08915	180.836	0	
-7.69067	-6.39073	178.066	0	
-133.795	-9.45066	407.944	0	
-130.736	-9.53725	390.049	0	
-132.389	-7.8066	312.113	0	
-132.463	-8.52805	315.594	0	
11.5341	-5.45039	200.293	0	
12.2693	-5.39762	199.557	0	
159.122	-3.41628	153.759	0	
158.813	-3.87605	156.092	0	
160.498	-4.47217	151.42	0	
161.109	-4.15015	148.037	0	
161.881	-2.43748	139.256	0	
160.453	-1.39656	135.678	0	
-83.7064	-8.79835	345.107	0	
-84.2851	-7.95959	303.133	0	
-83.8214	-8.20558	317.471	0	
-82.2677	-8.04516	307.119	0	
151.039	-10.4375	204.275	0	
151.788	-9.58175	203.084	0	
-130.849	-7.71569	292.076	0	
-130.365	-8.4001	323.859	0	
-69.7455	-6.35516	246.865	0	
-68.5551	-7.05752	269.272	0	
-67.3071	-6.51967	247.802	0	
-67.725	-4.63806	209.236	0	
-66.6285	-6.06219	238.429	0	
-67.0099	-5.71254	231.714	0	
-68.5424	-4.76017	212.356	0	
-68.0369	-5.43752	224.997	0	
130.888	-8.45216	216.053	0	
131.234	-7.27166	214.941	0	
129.003	-8.57306	214.747	0	
129.313	-9.0924	214.599	0	
-106.571	-9.0338	363.798	0	
-104.847	-9.39627	390.606	0	
-105.717	-8.64383	345.964	0	
-105.944	-9.13603	357.703	0	
-107.837	-10.7094	487.737	0	
-106.951	-9.49713	406.075	0	
41.8659	-9.95468	178.257	0	
44.1842	-10.5281	153.725	0	
-147.856	-12.5024	553.065	0	
-146.453	-12.4387	548.249	0	
-149.148	-11.0203	471.956	0	
-149.393	-11.6243	479.499	0	
-150.134	-11.5965	484.494	0	
-148.415	-13.8096	605.207	0	
-150.252	-6.59317	271.233	0	
-151.045	-5.40753	246.872	0	
-104.957	-10.7311	489.791	0	
-101.747	-9.68465	407.719	0	
-23.2493	-8.10272	325.31	0	
-23.5565	-9.09984	375.767	0	
-21.9516	-10.2602	399.748	0	
-20.8028	-7.97893	292.677	0	
-51.2108	-10.8052	353.718	0	
-49.8961	-12.3621	400.527	0	
-48.5248	-11.0209	366.188	0	
-46.3408	-10.8408	376.231	0	
-63.4876	-9.82809	340.451	0	
-63.3035	-9.28567	317.32	0	
98.9248	-11.7887	195.828	0	
98.4029	-12.7602	199.103	0	
97.6834	-13.214	201.566	0	
98.1719	-13.1947	199.822	0	
97.7869	-14.2667	203.742	0	
99.0264	-13.7655	200.268	0	
100.216	-14.123	199.901	0	
100.595	-12.6125	195.707	0	
101.074	-11.665	192.203	0	
100.601	-10.6273	190.502	0	
37.9339	-11.3858	183.519	0	
40.1473	-10.246	178.298	0	
95.5617	-12.2732	201.476	0	
97.4328	-13.6475	201.993	0	
91.6561	-11.0598	206.419	0	
91.0032	-11.0308	208.017	0	
-14.2974	-10.1854	268.979	0	
-12.5401	-10.683	252.363	0	
-8.91675	-8.04712	187.237	0	
-8.00155	-8.12623	185.652	0	
162.406	-0.754071	130.982	0	
161.394	-1.64738	135.364	0	
151.805	-10.2713	202.797	0	
153.418	-8.23184	200.318	0	
-131.445	-7.46574	281.734	0	
-131.38	-8.36131	318.948	0	
-70.251	-7.19786	273.102	0	
-69.0447	-6.90729	258.264	0	
-68.2798	-7.69868	278.913	0	
-66.8888	-6.60778	250.851	0	
-69.2672	-7.80637	285.885	0	
-67.2959	-8.99948	325.801	0	
-67.735	-7.57491	279.738	0	
-66.729	-7.18747	270.985	0	
130.734	-9.30278	217.565	0	
133.177	-8.50894	217.263	0	
129.065	-9.8712	215.633	0	
130.162	-9.5473	215.855	0	
41.3231	-10.2804	174.052	0	
42.5379	-10.8926	159.589	0	
43.134	-11.0628	152.028	0	
43.4303	-11.8727	140.98	0	
-149.021	-12.6831	553.888	0	
-147.731	-14.0584	606.961	0	
-62.939	-10.4013	344.068	0	
-62.3679	-9.95343	333.653	0	
-62.4893	-8.71348	298.145	0	
-62.661	-9.24907	324.63	0	
97.4391	-12.7937	199.419	0	
96.4938	-13.0804	201.953	0	
97.6836	-17.2502	208.094	0	
99.3108	-15.5958	203.387	0	
98.3112	-14.2657	201.704	0	
98.7421	-14.6969	202.538	0	
99.7514	-14.6559	201.455	0	
101.263	-13.0646	197.393	0	
101.617	-11.9669	194.476	0	
102.924	-10.7988	188.89	0	
92.2443	-12.4089	208.815	0	
92.5853	-11.51	206.023	0	
91.271	-12.0778	210.653	0	
90.7857	-11.5425	209.885	0	
-8.90861	-8.89162	192.057	0	
-7.00865	-8.45211	184.031	0	
-6.51779	-8.15981	180.969	0	
-7.41074	-7.34249	180.537	0	
162.464	-1.93938	136.783	0	
161.879	-0.32252	135.012	0	
-63.744	-11.1636	369.168	0	
-62.8927	-12.5462	395.786	0	
97.7214	-12.177	198.69	0	
96.9241	-12.1109	198.904	0	
94.3562	-13.5665	208.383	0	
95.1591	-13.5732	204.498	0	
98.776	-15.2961	203.869	0	
99.8102	-15.2924	202.793	0	
91.2364	-13.1955	213.22	0	
93.147	-12.747	208.568	0	
98.141	-15.7836	205.73	0	
98.4564	-16.6006	205.359	0	
100.642	-15.735	201.532	0	
101.034	-13.975	198.806	0	
71.4513	-2.09555	213.403	0	
71.1434	-2.72223	210.236	0	
21.4817	-2.57952	199.145	0	
22.2997	-2.7612	198.472	0	
21.0399	-2.47278	199.03	0	
21.2476	-3.2924	201.189	0	
21.2986	-3.80708	201.511	0	
21.9356	-4.13919	202.781	0	
-77.026	-3.97084	197.701	0	
-76.5277	-4.42496	203.108	0	
-2.7673	-6.62712	183.036	0	
-2.10933	-7.4768	182.562	0	
-3.25843	-6.29799	183.507	0	
-3.6379	-7.28682	181.291	0	
-1.38031	-8.20641	182.584	0	
-1.08008	-7.30269	184.308	0	
-4.60204	-7.60837	180.089	0	
-3.86406	-8.22013	181.114	0	
-5.55549	-8.03284	180.386	0	
-3.81273	-9.2899	182.388	0	
-4.47664	-10.5901	187.159	0	
-0.686238	-9.23787	181.938	0	
-5.88597	-9.04292	184.541	0	
-4.80543	-8.84165	182.107	0	
-4.25384	-8.8658	181.487	0	
-3.09643	-8.66713	181.338	0	
-68.129	-4.44242	206.377	0	
-67.3286	-4.26167	204.006	0	
-56.378	-0.678895	203.164	0	
-56.8411	-0.314852	204.504	0	
-56.5625	-0.155128	204.443	0	
-57.1536	-0.159724	210.086	0	
-57.2095	-0.866367	204.352	0	
-122.2	-1.12519	201.216	0	
-123.021	-1.41397	198.906	0	
-123.675	-4.06813	182.553	0	
-124.322	-3.6695	181.193	0	
-124.523	-3.28329	181.799	0	
-125.212	-3.60419	181.602	0	
-93.8032	-2.85116	184.656	0	
-93.201	-2.54634	185.218	0	
-77.6347	-6.75727	253.094	0	
-78.0636	-5.98433	238.04	0	
74.0456	-1.28316	222.246	0	
74.6975	-1.66252	217.093	0	
19.0176	-1.98195	198.685	0	
18.4253	-2.40237	198.577	0	
111.757	-3.43543	196.806	0	
112.735	-3.24229	196.137	0	
116.52	-3.42595	196.059	0	
115.568	-3.6602	195.772	0	
116.762	-4.20141	196.022	0	
116.332	-4.12305	195.48	0	
116.496	-5.29048	193.326	0	
117.113	-4.97051	194.696	0	
116.095	-3.73261	197.312	0	
115.769	-4.47023	194.452	0	
116.042	-5.52263	193.63	0	
116.618	-6.30324	193.331	0	
115.621	-5.01085	193.438	0	
115.009	-6.07317	190.581	0	
116.706	-6.94803	190.62	0	
117.995	-5.60541	193.846	0	
123.675	-2.68495	196.437	0	
124.111	-3.30362	198.221	0	
123.299	-2.34367	197.669	0	
123.05	-3.03094	196.411	0	
122.606	-3.29918	199.924	0	
123.174	-3.7926	199.662	0	
-27.9266	-5.14601	232.073	0	
-27.1335	-5.08468	230.125	0	
-86.2256	-9.3857	394.981	0	
-86.4613	-10.8965	483.493	0	
-15.7725	-4.02598	184.039	0	
-16.4799	-4.21993	186.53	0	
88.491	-2.66628	200.413	0	
89.2643	-2.81064	199.624	0	
-37.2148	-8.30774	344.441	0	
-37.0361	-9.10353	368.172	0	
-75.9397	-7.14373	270.624	0	
-76.1595	-6.04848	240.478	0	
-75.8042	-7.70297	296.671	0	
-74.8049	-6.99516	262.456	0	
-76.2913	-8.10275	308.587	0	
-75.2138	-8.71204	332.936	0	
-41.207	-5.74711	225.717	0	
-40.5317	-6.24537	245.073	0	
-40.3423	-6.76201	265.828	0	
-39.8022	-6.88129	265.81	0	
-39.8596	-7.87671	306.466	0	
-37.3639	-6.83131	265.585	0	
-39.4769	-8.48968	334.424	0	
-38.5665	-6.96851	278.461	0	
-38.8601	-6.46237	253.056	0	
-38.9876	-7.43307	291.175	0	
-39.8769	-8.97305	348.95	0	
-37.5203	-9.64023	401.275	0	
-38.724	-8.57783	339.836	0	
-37.8739	-7.20524	292.49	0	
-39.5444	-4.30802	200.597	0	
-39.6276	-5.309	218.221	0	
149.025	-9.27241	205.932	0	
150.231	-9.7489	204.815	0	
-110.516	-8.63653	326.697	0	
-110.772	-7.4677	261.685	0	
-142.703	-9.53373	410.739	0	
-141.154	-8.78688	341.816	0	
-95.592	-8.8841	376.363	0	
-94.5586	-9.19615	392.743	0	
-95.6069	-9.65069	407.671	0	
-93.9877	-9.25958	386.815	0	
-96.5942	-8.80739	372.146	0	
-95.1287	-11.0125	503.819	0	
-93.8807	-8.10488	316.748	0	
-94.6782	-8.08859	325.818	0	
-79.6889	-7.96293	310.515	0	
-78.5063	-8.63602	330.317	0	
63.7227	-7.81456	199.093	0	
64.7263	-7.18357	206.99	0	
60.5687	-9.3661	159.107	0	
61.2673	-9.62441	159.862	0	
-121.858	-9.87256	424.378	0	
-120.134	-8.0683	303.544	0	
-26.1612	-8.40649	364.66	0	
-26.3037	-7.73849	332.539	0	
-29.301	-9.87991	444.65	0	
-28.888	-8.51955	392.317	0	
-110.231	-8.03533	305.634	0	
-110.068	-9.29094	392.486	0	
-24.4697	-7.494	314.186	0	
-23.3021	-7.1108	287.764	0	
-25.0661	-7.69058	325.678	0	
-24.166	-8.2785	339.051	0	
-24.6365	-8.43758	358.324	0	
-25.1453	-8.15583	346.791	0	
-23.6263	-8.51054	356.879	0	
-23.6124	-7.65585	317.328	0	
-26.4312	-9.74622	424.11	0	
-24.4831	-10.0587	421.784	0	
66.6968	-8.22343	199.485	0	
68.5731	-10.0511	189.211	0	
133.82	-9.693	217.426	0	
132.211	-12.2491	214.327	0	
9.88384	-11.3321	187.964	0	
10.9737	-11.6705	188.681	0	
11.8067	-10.5806	192.451	0	
13.171	-9.62272	197.684	0	
4.18552	-10.8933	183.45	0	
5.58868	-10.8913	184.349	0	
7.5044	-12.759	182.694	0	
10.2685	-12.6228	186.395	0	
86.3295	-8.60715	210.563	0	
87.0057	-8.66404	208.559	0	
85.965	-9.07492	211.857	0	
86.1731	-9.65861	214.856	0	
88.2276	-10.065	212.931	0	
88.5986	-8.70491	207.598	0	
82.418	-6.13739	205.715	0	
82.45	-7.23171	210.39	0	
83.2328	-9.13738	218.432	0	
85.7794	-10.1254	216.666	0	
50.3197	-12.3875	97.8785	0	
51.2142	-14.3775	73.4838	0	
52.5258	-11.1716	116.71	0	
52.1084	-10.1394	141.13	0	
-80.3508	-7.67564	290.727	0	
-80.9067	-7.96553	300.576	0	
154.459	-9.17855	195.925	0	
155.74	-8.38701	191.271	0	
-103.16	-11.2924	514.902	0	
-101.936	-12.6495	636.649	0	
-143.956	-10.9429	471.149	0	
-142.298	-10.7231	472.968	0	
-57.5222	-10.6087	343.1	0	
-56.8939	-12.7153	381.497	0	
73.7042	-6.63129	219.968	0	
75.3732	-6.96111	220.699	0	
-40.3402	-9.88331	378.075	0	
-40.6097	-8.75721	340.396	0	
133.386	-6.84343	214.979	0	
131.913	-8.30885	217.263	0	
135.017	-11.5265	213.768	0	
133.399	-13.7409	207.691	0	
136.256	-14.1548	206.15	0	
137.104	-13.3791	208.168	0	
143.365	-12.0402	207.511	0	
145.921	-14.2893	201.268	0	
146.445	-11.3629	205.404	0	
147.257	-9.80255	207.451	0	
58.1514	-8.14568	184.143	0	
58.5993	-9.63339	157.807	0	
46.9788	-12.4132	113.292	0	
47.1071	-13.0829	104.58	0	
49.5059	-13.4495	86.8768	0	
50.398	-13.1736	96.1267	0	
55.3921	-8.69353	169.532	0	
54.4737	-8.4271	175.762	0	
56.5758	-8.84424	168.895	0	
57.9714	-8.92809	164.593	0	
-131.554	-9.49018	404.023	0	
-130.489	-10.1512	445.386	0	
-126.534	-11.0314	518.774	0	
-125.359	-13.5315	668.139	0	
132.35	-7.72833	216.574	0	
133.431	-7.39248	216.453	0	
-108.378	-7.46149	273.805	0	
-108.865	-8.03049	296.355	0	
73.7232	-8.48633	222.791	0	
74.6311	-6.87268	220.788	0	
71.8314	-9.73634	214.65	0	
72.9591	-11.5459	201.766	0	
74.2263	-6.32597	219.781	0	
73.802	-7.29214	222.172	0	
75.0143	-9.25051	223.681	0	
75.7041	-7.58922	223.402	0	
-146.344	-14.1546	635.128	0	
-143.799	-14.3563	669.799	0	
-143.241	-12.9435	577.419	0	
-142.485	-12.8384	581.418	0	
-153.349	-9.81966	402.453	0	
-152.045	-10.0209	403.291	0	
-120.588	-9.39905	378.83	0	
-119.533	-10.0514	437.776	0	
105.578	-9.8672	188.305	0	
105.697	-10.6016	186.309	0	
105.919	-7.28634	185.925	0	
106.256	-7.98389	184.416	0	
37.1535	-12.529	174.777	0	
37.7513	-13.2195	159.784	0	
39.9032	-8.94739	198.301	0	
39.5995	-8.31336	201.329	0	
-42.2961	-10.5642	397.362	0	
-42.1144	-11.2766	410.203	0	
160.451	-5.11517	155.108	0	
161.047	-5.49318	155.874	0	
162.332	-4.14371	147.684	0	
161.851	-3.03489	141.19	0	
-83.9306	-9.34947	370.726	0	
-83.1476	-8.99856	362.722	0	
-83.3872	-9.94362	412.966	0	
-82.8067	-8.72758	336.72	0	
-81.9132	-8.52878	329.248	0	
-82.8782	-8.13794	321.83	0	
-83.205	-10.9382	438.917	0	
-82.2498	-11.2961	452.632	0	
-82.8945	-9.72913	383.353	0	
-82.3548	-9.96433	397.727	0	
-81.179	-8.53902	340.9	0	
-81.3349	-7.30105	283.089	0	
-81.8924	-10.5368	437.434	0	
-80.721	-10.448	432.921	0	
-81.4519	-9.56333	387.837	0	
-81.2726	-10.2418	396.793	0	
-105.351	-12.6593	660.217	0	
-105.726	-10.3643	447.601	0	
-24.2902	-9.42783	394.791	0	
-22.8935	-10.2493	403.132	0	
-19.5556	-11.1645	385.897	0	
-19.4233	-8.48223	303.058	0	
-48.1057	-11.5488	379.714	0	
-47.5248	-11.1814	377.94	0	
38.9952	-11.2099	179.482	0	
39.6479	-11.6051	165.128	0	
152.525	-10.6394	200.448	0	
153.103	-9.45862	200.018	0	
152.39	-9.24868	202.235	0	
153.741	-8.90285	199.264	0	
-70.1893	-7.88702	293.665	0	
-69.7195	-8.17843	302.001	0	
-71.5812	-7.77311	294.716	0	
-70.9502	-8.9277	331.288	0	
-69.6987	-8.86515	322.069	0	
-68.6555	-8.12619	301.995	0	
101.785	-12.7297	194.696	0	
102.551	-12.9951	194.613	0	
101.597	-10.71	189.862	0	
102.296	-11.1348	191.946	0	
89.5258	-13.2414	215.051	0	
90.8744	-13.8686	213.093	0	
-8.29911	-8.9502	189.671	0	
-7.90828	-10.1269	200.607	0	
-5.9721	-8.42949	181.856	0	
-5.74525	-7.39055	178.836	0	
163.892	-1.91553	142.197	0	
161.171	-0.562868	132.675	0	
91.4324	-14.5568	215.373	0	
92.647	-13.432	209.311	0	
97.1557	-14.8227	204.872	0	
96.3848	-14.3441	204.481	0	
100.337	-19.9852	197.128	0	
101.475	-20.7425	207.591	0	
100.084	-17.2997	202.67	0	
104.202	-16.922	203.581	0	
-1.93049	-7.99226	182.604	0	
-2.08039	-9.29324	182.134	0	
-0.505902	-6.99957	185.825	0	
-1.67882	-6.71944	185.152	0	
-6.99946	-9.1019	187.949	0	
-4.3946	-11.4193	192.622	0	
114.537	-6.45054	190.893	0	
115.394	-6.88776	190.194	0	
113.734	-6.2166	188.316	0	
113.499	-7.54731	186.685	0	
115.946	-7.27071	191.377	0	
117.236	-8.29298	192.041	0	
118.061	-6.61367	194.15	0	
118.749	-6.47789	194.068	0	
-38.1733	-11.6545	459.999	0	
-35.739	-10.0337	430.116	0	
-77.0322	-7.74533	291.998	0	
-76.8753	-9.1517	357.167	0	
-74.8859	-9.31938	364.658	0	
-73.0074	-9.45229	348.664	0	
-37.7954	-7.94092	308.597	0	
-38.2982	-9.35676	370.04	0	
148.305	-9.29305	207.366	0	
148.393	-10.643	206.86	0	
-93.7873	-9.80366	422.732	0	
-92.7808	-9.55378	401.11	0	
62.5958	-8.18033	191.2	0	
64.3308	-9.14103	177.845	0	
-28.6039	-9.29472	407.206	0	
-25.3581	-10.2453	433.202	0	
-29.3631	-10.7409	474.771	0	
-27.8525	-10.4766	452.677	0	
65.9933	-8.04399	206.138	0	
64.7396	-8.4919	192.592	0	
67.099	-8.92749	201.416	0	
66.7842	-10.4052	177.294	0	
133.58	-11.7416	213.582	0	
134.873	-12.224	213.57	0	
9.07435	-11.6482	187.482	0	
10.3567	-14.214	181.881	0	
11.5409	-12.1794	188.492	0	
12.4385	-11.2277	193.801	0	
85.3055	-8.99856	215.017	0	
84.7906	-9.75606	216.597	0	
85.7456	-10.7936	218.929	0	
86.8877	-10.5577	216.635	0	
89.3024	-8.82689	204.079	0	
87.9931	-9.24563	208.303	0	
82.3472	-5.41404	201.837	0	
81.3413	-6.13905	207.204	0	
80.7778	-6.16802	208.619	0	
79.3537	-7.5075	217.859	0	
82.2812	-7.79233	214.765	0	
83.3551	-7.96483	213.149	0	
51.9351	-12.5407	101.797	0	
51.7435	-13.157	85.5152	0	
52.7629	-12.0838	103.781	0	
54.2566	-10.0153	142.393	0	
52.7584	-10.5833	135.502	0	
53.3828	-10.367	137.441	0	
154.65	-9.96749	195.635	0	
156.993	-9.89011	187.287	0	
156.364	-8.34806	186.907	0	
156.015	-6.86865	188.169	0	
-41.7914	-8.98657	343.642	0	
-41.937	-10.0605	375.896	0	
-40.4353	-10.6325	423.777	0	
-38.9134	-9.80832	393.845	0	
132.804	-9.0797	218.235	0	
132.877	-7.8779	217.162	0	
135.033	-14.641	206.277	0	
136.909	-15.3795	204.087	0	
145.397	-12.4654	204.705	0	
147.769	-11.9724	205.751	0	
146.795	-9.18252	207.623	0	
146.406	-10.0524	207.758	0	
46.2546	-12.1982	117.401	0	
46.6176	-13.6088	96.8656	0	
55.9808	-10.9887	124.435	0	
57.179	-9.3198	157.917	0	
53.8783	-9.47956	155.413	0	
55.0834	-9.60592	150.436	0	
53.3217	-9.72067	150.774	0	
53.9938	-10.6218	135.119	0	
-132.082	-10.2828	438.894	0	
-130.889	-10.8534	485.822	0	
-128.712	-11.1051	502.615	0	
-128.033	-9.39815	389.399	0	
75.5804	-8.80513	226.227	0	
77.117	-7.68585	221.46	0	
-143.852	-13.5026	611.007	0	
-144.283	-15.9233	721.055	0	
-141.194	-13.201	624.149	0	
-140.956	-11.6078	524.831	0	
-154.158	-9.80775	384.167	0	
-155.476	-10.6575	422.818	0	
-116.629	-9.90599	415.182	0	
-115.664	-7.97562	304.085	0	
106.86	-9.55898	187.278	0	
108.374	-7.92195	185.235	0	
38.8906	-15.008	135.058	0	
39.4987	-13.2193	147.259	0	
-41.1828	-12.2692	445.065	0	
-39.959	-11.3697	431.568	0	
159.882	-5.37718	159.077	0	
160.971	-6.11883	159.474	0	
160.936	-7.26373	164.227	0	
162.649	-6.32347	160.039	0	
162.884	-4.82609	150.752	0	
163.725	-3.60675	148.125	0	
-80.4585	-11.336	462.895	0	
-79.7629	-11.1937	437.755	0	
-20.3271	-8.48627	315.653	0	
-19.9428	-9.74847	346.226	0	
-47.9228	-12.4465	409.894	0	
-47.0309	-11.7509	398.773	0	
40.1019	-12.5361	155.391	0	
40.935	-12.6248	150.462	0	
152.649	-11.6909	200.587	0	
155.512	-10.801	193.972	0	
-73.0722	-7.34866	278.038	0	
-71.5567	-9.45823	348.988	0	
-71.1169	-10.4872	384.062	0	
-70.2648	-9.26716	343.9	0	
102.94	-13.7446	198	0	
104.361	-12.7448	196.052	0	
87.267	-12.8596	219.177	0	
88.7256	-15.2438	221.485	0	
0.853078	-10.4278	183.612	0	
-2.95445	-10.419	184.368	0	
-1.33145	-9.01267	182.244	0	
-7.79778	-9.47319	191.25	0	
-6.50605	-10.2872	193.92	0	
-5.93348	-10.7213	192.801	0	
-5.92178	-11.6035	201.3	0	
119.54	-6.90455	196.283	0	
119.814	-5.53765	197.744	0	
-77.3868	-8.83527	334.379	0	
-77.5513	-8.09285	313.088	0	
-76.8941	-9.79684	378.816	0	
-76.3224	-10.0892	393.761	0	
-75.8	-9.71579	371.271	0	
-74.1639	-10.3026	394.917	0	
-73.8746	-8.88722	348.379	0	
-72.4653	-8.00906	298.367	0	
147.724	-11.2632	204.989	0	
148.507	-12.3348	203.58	0	
-94.8404	-10.3817	460.44	0	
-93.5097	-11.138	509.465	0	
-95.6572	-11.4836	557.064	0	
-94.0364	-10.9748	498.702	0	
-93.3127	-11.853	562.113	0	
-91.9444	-11.1211	499.083	0	
-91.6964	-10.4798	468.897	0	
-92.5101	-7.76096	302.999	0	
-27.02	-10.5178	460.575	0	
-24.9962	-11.6784	491.708	0	
9.28668	-12.4106	184.442	0	
8.63323	-13.0727	183.219	0	
11.5773	-12.8767	186.22	0	
12.2351	-13.1692	187.081	0	
89.9818	-8.57816	204.729	0	
88.7213	-7.02625	200.709	0	
80.4246	-5.46479	204.267	0	
79.6587	-6.13214	209.088	0	
80.3506	-8.60686	223.12	0	
81.228	-7.32953	213.171	0	
81.5794	-7.87958	215.912	0	
82.1109	-8.94178	219.259	0	
83.9318	-8.39719	212.72	0	
83.9143	-6.96126	207.488	0	
154.049	-10.3929	197.463	0	
154.069	-11.2542	197.967	0	
155.362	-10.1119	193.347	0	
156.137	-10.9249	192.012	0	
156.556	-9.41889	188.146	0	
157.63	-8.09056	180.941	0	
144.969	-13.639	204.79	0	
146.952	-13.492	204.413	0	
45.8994	-13.5174	101.954	0	
46.8762	-14.347	88.284	0	
53.6251	-12.3144	98.8207	0	
54.8999	-11.5686	114.732	0	
76.3008	-8.66658	226.751	0	
77.528	-9.99071	230.249	0	
159.241	-4.92005	160.685	0	
159.254	-6.24965	166.295	0	
-81.3674	-11.8891	511.994	0	
-78.8187	-13.371	547.492	0	
-77.9216	-11.1428	452.148	0	
-79.6442	-10.3116	425.484	0	
-48.2231	-13.6248	422.652	0	
-47.5844	-14.8918	447.16	0	
163.148	-2.2594	141.76	0	
163.277	-0.43155	140.189	0	
-79.1381	-9.84595	381.272	0	
-78.0071	-9.06726	353.845	0	
-77.4394	-10.1224	398.984	0	
-77.4059	-10.781	421.368	0	
-75.8514	-11.8068	457.262	0	
-74.353	-9.52479	351.247	0	
-95.3976	-12.3582	572.628	0	
-94.585	-11.4098	533.092	0	
-93.9336	-12.5071	588.733	0	
-91.7072	-12.4354	577.711	0	
-90.1006	-11.1967	502.122	0	
-92.081	-9.75704	410.204	0	
-91.79	-8.39067	342.123	0	
-91.2651	-7.72596	298.562	0	
10.8346	-13.1474	184.835	0	
10.9075	-13.8808	183.046	0	
13.1915	-14.2319	185.636	0	
13.8662	-13.8105	185.551	0	
88.0013	-7.11494	203.636	0	
87.8634	-7.87002	204.872	0	
82.1116	-9.51313	223.008	0	
82.3639	-10.6094	224.96	0	
155.043	-12.3284	195.786	0	
157.203	-10.9385	188.941	0	
157.511	-8.72438	183.374	0	
156.822	-8.84409	186.801	0	
159.112	-6.89108	169.771	0	
157.994	-6.67492	175.242	0	
55.6874	-13.6763	74.4303	0	
55.1837	-10.8586	123.079	0	
79.288	-9.74443	227.118	0	
77.672	-8.40916	227.004	0	
158.124	-4.84621	170.917	0	
156.999	-6.16664	181.809	0	
158.454	-7.12442	173.651	0	
160.575	-8.28168	169.685	0	
-46.5523	-13.3183	436.139	0	
-44.6947	-12.3778	424.371	0	
-78.0409	-9.70925	378.139	0	
-78.5135	-10.8754	429.812	0	
-77.8424	-12.0594	481.653	0	
-77.25	-12.3993	492.408	0	
-74.0949	-11.4071	429.948	0	
-74.4812	-10.8335	411.235	0	
-75.2493	-9.94338	379.717	0	
-75.0336	-10.6796	408.175	0	
-95.7505	-13.0608	659.755	0	
-95.0119	-14.4816	741.02	0	
-92.6453	-13.0398	628.625	0	
-92.3559	-12.4545	599.491	0	
-90.6354	-10.3986	472.173	0	
-90.296	-9.63054	397.128	0	
81.6083	-9.80013	223.928	0	
82.5187	-11.3008	227.62	0	
81.0968	-9.52253	224.67	0	
80.7594	-10.5408	228.035	0	
83.6257	-11.0871	225.481	0	
82.5964	-10.0142	222.925	0	
80.9749	-8.79809	221.101	0	
79.9949	-9.176	224.225	0	
80.2643	-11.1706	228.29	0	
82.0246	-12.4342	228.287	0	
79.6894	-10.9794	229.59	0	
77.4056	-11.2078	225.822	0	
80.692	-11.7079	228.586	0	
80.1985	-12.8672	226.118	0	
83.1211	-9.86838	221.66	0	
83.6536	-10.3772	221.195	0	
157.623	-13.1295	192.525	0	
158.398	-10.9665	186.159	0	
157.058	-11.8039	191.374	0	
157.533	-12.273	190.753	0	
159.354	-10.975	184.018	0	
159.055	-9.09403	178.501	0	
55.3853	-12.3112	96.1858	0	
56.9031	-13.0083	90.5624	0	
157.707	-4.34067	170.273	0	
157.143	-4.68134	176.445	0	
158.184	-6.01497	171.382	0	
157.818	-5.4673	172.727	0	
158.272	-7.83489	176.816	0	
159.115	-8.32852	175.422	0	
160.273	-7.04891	166.354	0	
159.639	-7.3267	169.122	0	
-78.7252	-12.3488	503.586	0	
-79.6818	-13.7041	569.023	0	
-74.0715	-12.1169	470.417	0	
-73.5803	-10.4982	401.779	0	
-73.2496	-13.4223	507.816	0	
-72.9021	-10.2854	382.272	0	
-73.5267	-11.1408	421.199	0	
-72.6464	-12.1172	456.95	0	
-92.1298	-13.8157	674.414	0	
-91.4218	-11.858	558.157	0	
84.0504	-12.1136	225.568	0	
85.0564	-10.2992	219.109	0	
79.4501	-9.13702	226.31	0	
78.7462	-9.64595	228.175	0	
79.1869	-8.63726	223.867	0	
78.562	-10.2477	227.925	0	
79.0863	-11.1313	227.693	0	
79.7069	-10.1942	227.402	0	
79.4667	-8.15061	222.053	0	
78.7619	-7.53039	220.03	0	
80.0857	-8.08124	219.429	0	
80.528	-7.42841	215.638	0	
82.5481	-12.7592	226.605	0	
83.0749	-11.545	225.38	0	
81.4802	-12.7265	227.165	0	
80.6841	-12.3614	228.48	0	
157.343	-14.0317	196.15	0	
158.505	-13.191	193.111	0	
161.069	-9.0426	174.192	0	
161.731	-7.94417	168.297	0	
-77.1516	-13.5217	544.774	0	
-75.1036	-12.3439	486.318	0	
-71.8555	-12.4049	446.273	0	
-71.421	-11.148	405.045	0	
-72.7845	-11.3977	421.365	0	
-71.7806	-13.1996	485.177	0	
-93.987	-13.9497	680.759	0	
-90.8193	-14.3856	677.154	0	
-91.4694	-13.8167	648.415	0	
-90.6389	-12.0148	541.807	0	
82.5467	-13.4092	226.987	0	
83.633	-13.1383	226.949	0	
80.3413	-14.4724	218.086	0	
80.7832	-15.3579	222.026	0	
158.01	-14.8732	196.925	0	
158.811	-14.1684	195.302	0	
160.418	-13.5607	194.518	0	
158.782	-12.4124	189.11	0	
159.862	-10.0539	179.65	0	
162.451	-10.002	177.937	0	
162.909	-7.94569	167.898	0	
161.414	-6.65283	163.059	0	
-90.5317	-15.2007	731.033	0	
-90.5688	-12.8068	616.487	0	
81.9536	-13.9112	225.555	0	
82.9858	-14.6921	223.181	0	
84.204	-13.2135	225.15	0	
84.6348	-12.3584	224.652	0	
163.443	-6.74909	162.394	0	
162.098	-6.82285	160.874	0	
84.4335	-13.7423	225.907	0	
85.0617	-13.6514	224.049	0	
83.3753	-14.1762	226.367	0	
84.0758	-14.2364	224.508	0	
86.0841	-13.6785	221.985	0	
86.2505	-12.9126	223.429	0	
84.1692	-15.4741	222.525	0	
85.4832	-15.3752	223.237	0	
84.462	-14.8102	224.672	0	
83.3934	-15.4162	223.348	0	
85.1264	-11.9784	223.058	0	
84.1317	-11.4744	223.523	0	
85.6556	-12.0458	222.769	0	
86.2434	-11.1192	217.707	0	
85.7541	-12.6665	222.173	0	
86.6454	-12.5778	220.264	0	
87.8723	-13.3651	220.509	0	
87.2215	-11.9636	217.846	0	
88.7668	-13.1083	217.903	0	
88.6254	-11.8343	215.289	0	
87.6028	-12.4228	218.864	0	
88.4655	-12.4423	217.449	0	
162.279	-9.21071	173.841	0	
164.477	-8.91037	177.38	0	
165.926	-5.41343	165.454	0	
163.563	-4.56652	152.132	0	
81.7728	-15.3453	218.883	0	
85.3511	-18.866	209.939	0	
76.0677	-2.87103	206.026	0	
76.1322	-3.49835	207.396	0	
25.156	-3.93895	203.27	0	
26.0628	-4.20027	204.66	0	
-91.2528	-5.80187	232.952	0	
-91.9131	-5.2584	208.49	0	
76.8112	-4.58473	206.32	0	
77.923	-4.47986	204.579	0	
76.088	-4.50213	209.149	0	
76.6698	-5.64083	213.742	0	
77.6931	-4.97084	207.586	0	
77.1564	-4.96999	208.52	0	
-26.4134	-4.3557	210.829	0	
-27.1512	-4.73691	218.158	0	
-36.4935	-7.5639	307.05	0	
-36.38	-6.81682	284.077	0	
-93.8121	-5.51195	213.678	0	
-94.1994	-6.45145	240.367	0	
-97.7513	-10.078	422.077	0	
-96.3206	-9.73407	408.556	0	
-109.531	-7.22494	266.477	0	
-109.1	-6.3184	230.194	0	
-163.964	-6.32625	283.043	0	
-165.005	-7.03055	305.745	0	
-112.873	-11.8566	589.314	0	
-110.487	-11.0601	524.994	0	
-54.4179	-13.102	385.802	0	
-51.0744	-12.4504	379.746	0	
-54.0624	-13.6855	398.488	0	
-54.2198	-11.9832	370.621	0	
-44.1035	-11.9861	416.683	0	
-44.1382	-11.2327	405.708	0	
-12.0413	-9.20485	221.027	0	
-11.7731	-11.19	241.634	0	
-123.585	-12.0907	596.545	0	
-120.706	-11.5961	530.754	0	
139.482	-12.73	207.962	0	
140.363	-14.1185	205.594	0	
-108.935	-9.92313	439.036	0	
-106.507	-10.4203	447.929	0	
42.8588	-12.644	132.157	0	
44.8457	-12.6691	120.85	0	
-149.777	-13.2312	554.54	0	
-149.806	-14.0596	603.758	0	
-147.606	-14.7707	650.086	0	
-146.415	-14.9393	662.196	0	
92.9171	-14.1883	212.199	0	
95.1546	-15.3626	207.65	0	
-86.2272	-12.5304	543.922	0	
-84.072	-11.277	493.809	0	
59.3307	-9.39899	155.96	0	
61.3282	-10.3239	146.141	0	
57.0695	-10.2166	140.473	0	
60.7128	-10.691	135.087	0	
62.1407	-10.7943	135.88	0	
63.5951	-9.04082	180.536	0	
57.6274	-10.7747	127.195	0	
59.4225	-11.3187	117.191	0	
58.5006	-13.5012	83.591	0	
59.9324	-12.0483	108.204	0	
57.9915	-14.4727	66.2924	0	
64.5169	-13.1061	105.585	0	
-110.874	-10.0988	426.268	0	
-108.182	-9.92146	421.698	0	
133.089	-9.60082	217.416	0	
132.683	-10.1741	217.855	0	
132.062	-10.2357	216.616	0	
132.376	-11.5732	214.469	0	
131.732	-9.6119	217.775	0	
130.994	-10.6479	216.113	0	
130.494	-11.2543	215.408	0	
130.683	-11.8737	213.733	0	
130.463	-12.4977	212.22	0	
131.416	-12.8807	212.398	0	
129.267	-12.5008	211.009	0	
130.056	-13.38	209.707	0	
131.902	-13.4086	209.831	0	
132.7	-12.6888	211.31	0	
128.61	-13.1571	210.358	0	
129.815	-13.9163	208.639	0	
130.266	-14.6638	206.005	0	
130.705	-13.5928	210.352	0	
129.964	-15.4093	205.954	0	
131.366	-15.2743	203.897	0	
131.16	-14.1404	207.495	0	
132.016	-16.5477	201.261	0	
133.542	-12.3384	214.339	0	
132.903	-11.4161	216.212	0	
127.586	-13.4398	207.588	0	
127.199	-14.8973	205.252	0	
129.067	-15.0413	205.285	0	
128.495	-16.9351	200.706	0	
132.311	-15.3591	205.903	0	
131.843	-14.063	209.207	0	
130.148	-16.7903	199.744	0	
132.316	-17.2383	198.019	0	
135.473	-16.3236	201.21	0	
134.892	-13.7461	208.063	0	
130.832	-17.0643	199.382	0	
131.08	-17.7517	195.707	0	
2.9168	-10.4552	183.14	0	
4.64635	-12.337	182.154	0	
-101.281	-10.5771	482.078	0	
-102.136	-11.5637	531.829	0	
-58.3399	-10.0358	330.143	0	
-59.0011	-11.9008	366.9	0	
-55.2588	-12.7868	381.49	0	
-55.0231	-12.0759	370.99	0	
108.259	-11.3429	188.835	0	
109.589	-8.66909	185.982	0	
104.262	-10.9904	187.252	0	
105.992	-12.2394	194.205	0	
90.5002	-15.9731	218.817	0	
93.9201	-14.3318	208.401	0	
95.5672	-14.3871	207.91	0	
94.3104	-15.314	211.204	0	
117.725	-8.84843	194.496	0	
118.494	-8.68738	194.545	0	
61.9371	-8.60671	177.286	0	
62.9408	-9.50569	159.414	0	
-30.3005	-10.961	495.155	0	
-29.4469	-12.7584	549.626	0	
64.701	-9.77561	170.692	0	
65.4655	-8.56076	189.364	0	
137.468	-16.0856	198.773	0	
138.19	-16.0354	202.034	0	
-131.663	-11.0321	495.557	0	
-129.55	-10.8793	490.095	0	
-134.239	-11.3825	543.059	0	
-130.269	-12.1154	601.38	0	
-128.455	-11.9593	587.405	0	
-126.594	-12.0266	575.652	0	
-128.264	-10.5483	463.374	0	
-127.381	-10.4861	451.142	0	
-143.239	-16.6956	778.297	0	
-140.166	-16.2088	765.499	0	
-140.66	-13.9304	652.627	0	
-139.724	-13.6106	635.072	0	
-155.749	-11.5843	462.052	0	
-154.085	-11.1841	434.071	0	
109.215	-6.91856	186.958	0	
107.913	-7.31349	185.762	0	
-41.8458	-13.115	480.324	0	
-36.8568	-14.107	534.206	0	
164.379	-3.39548	149.673	0	
164.609	-2.53832	146.604	0	
-20.1059	-10.5665	385.699	0	
-18.301	-10.2671	328.205	0	
102.401	-14.8248	198.988	0	
104.161	-14.9726	197.42	0	
105.207	-12.1594	189.776	0	
105.049	-11.3071	191.797	0	
-26.4906	-11.1829	487.623	0	
-27.3736	-12.7298	545.85	0	
6.78797	-15.485	179.421	0	
8.47004	-16.0549	178.74	0	
153.363	-12.0727	198.694	0	
154.503	-13.0229	197.347	0	
45.3958	-14.217	97.6464	0	
46.1445	-15.5948	76.9667	0	
48.8228	-16.1505	59.8701	0	
49.1426	-14.1731	80.922	0	
10.52	-15.0752	180.215	0	
11.2052	-15.4938	180.493	0	
12.571	-15.3365	181.923	0	
14.6369	-17.0068	180.639	0	
55.1813	-13.0541	86.6311	0	
58.1611	-12.0437	106.807	0	
56.2986	-12.2945	98.1229	0	
58.7637	-11.435	119.053	0	
-89.4339	-15.4142	727.707	0	
-90.2418	-13.5752	640.314	0	
162.27	-10.788	183.52	0	
163.648	-9.23906	175.125	0	
165.393	-9.41344	183.026	0	
166.206	-8.861	181.463	0	
-98.5421	-10.4288	484.026	0	
-96.707	-12.9195	633.079	0	
-53.9864	-15.0713	411.564	0	
-51.8751	-14.2321	409.585	0	
-45.8573	-13.0976	425.52	0	
-45.269	-13.5562	449.897	0	
-121.567	-10.6443	475.695	0	
-120.338	-10.1703	426.188	0	
138.382	-13.7393	205.901	0	
140.718	-13.4043	205.841	0	
140.737	-12.0273	208.441	0	
140.319	-12.7519	208.455	0	
-150.552	-14.6251	612.707	0	
-148.173	-15.2682	658.084	0	
-148.918	-15.0749	648.277	0	
-147.849	-16.0803	702.264	0	
-145.601	-16.1003	721.396	0	
-145.594	-14.0466	634.029	0	
61.4133	-12.1725	113.356	0	
64.2933	-11.2911	145.382	0	
-109.346	-10.8749	461.638	0	
-107.978	-12.4922	639.314	0	
135.735	-14.8165	205.405	0	
134.445	-16.1345	201.172	0	
134.131	-13.4499	211.106	0	
134.323	-15.148	203.986	0	
133.358	-17.2853	197.179	0	
132.671	-15.9875	200.603	0	
129.6	-18.4039	194.731	0	
133.221	-19.4777	192.229	0	
105.867	-14.8379	195.444	0	
107.666	-11.8628	192.81	0	
92.7867	-15.7913	212.884	0	
93.6947	-16.1758	211.129	0	
117.169	-9.66485	193.754	0	
118.967	-9.27012	196.619	0	
120.017	-9.22225	198.801	0	
119.551	-7.70174	196.035	0	
64.067	-10.5424	147.264	0	
65.3391	-11.3377	143.372	0	
135.934	-17.0733	196.097	0	
138.501	-18.1387	195.771	0	
139.594	-14.3105	203.821	0	
138.043	-14.6095	206.248	0	
-133.829	-14.875	740.482	0	
-130.181	-14.1366	704.818	0	
-141.378	-14.7323	687.757	0	
-142.348	-16.8298	767.897	0	
-137.937	-13.6561	660.034	0	
-138.72	-12.0901	557.377	0	
108.069	-8.76403	185.507	0	
108.349	-9.71764	185.786	0	
165.05	-3.92894	154.638	0	
165.338	-2.47886	151.476	0	
164.213	-5.25424	155.25	0	
168.186	-6.60022	182.581	0	
165.994	-0.961671	149.313	0	
164.021	-0.930381	139.99	0	
44.3555	-14.1749	105.663	0	
43.7094	-14.9524	99.8043	0	
46.0589	-14.7777	86.048	0	
47.9036	-15.7039	67.4307	0	
9.83476	-15.3611	180.049	0	
9.82689	-16.2014	178.486	0	
11.9581	-16.6361	179.48	0	
13.8258	-15.713	181.579	0	
14.8834	-14.0666	188.735	0	
15.6978	-13.3874	189.385	0	
-88.7947	-16.7104	793.417	0	
-87.5369	-17.0168	771.997	0	
163.117	-11.4406	185.156	0	
163.394	-9.99684	180.81	0	
-53.0604	-13.7727	399.089	0	
-53.0354	-12.5211	382.528	0	
-45.0587	-14.5892	460.003	0	
-44.0533	-14.5717	475.774	0	
-149.585	-15.7475	674.179	0	
-149.04	-16.9013	711.555	0	
-147.083	-17.7822	764.074	0	
-147.034	-16.091	696.089	0	
-143.47	-15.8753	729.496	0	
-145.225	-14.7751	672.375	0	
-108.599	-11.4063	535.185	0	
-106.691	-12.2919	573.406	0	
128.965	-20.5008	187.928	0	
131.179	-20.3907	188.064	0	
131.273	-19.3613	191.616	0	
132.519	-21.3209	187.116	0	
118.65	-10.0086	196.317	0	
117.621	-10.2423	196.518	0	
66.6782	-12.5202	135.701	0	
67.5582	-10.7223	166.26	0	
138.873	-16.8512	196.556	0	
139.246	-15.111	204.057	0	
9.01479	-14.733	180.163	0	
6.99955	-16.3223	179.111	0	
8.24273	-17.6371	178.539	0	
9.85569	-18.2808	177.745	0	
11.2856	-17.9641	178.068	0	
12.6752	-17.7551	178.491	0	
162.268	-13.7089	196.222	0	
167.035	-13.0811	207.005	0	
-52.6622	-14.531	409.56	0	
-51.8632	-13.2579	394.026	0	
-46.6469	-14.527	445.704	0	
-44.5891	-17.4761	497.834	0	
-41.904	-14.3485	491.614	0	
-42.9587	-12.9917	451.514	0	
-146.38	-16.5425	731.162	0	
-145.352	-17.5093	769.419	0	
-143.047	-14.8684	667.119	0	
-144.52	-15.0347	675.382	0	
119.476	-12.7688	198.859	0	
119.954	-10.8925	200.982	0	
8.23692	-15.1119	179.512	0	
7.38441	-14.7872	179.641	0	
6.86026	-19.2983	181.096	0	
10.0479	-19.4634	178.4	0	
11.0723	-19.945	178.026	0	
10.6478	-17.6297	177.503	0	
13.4735	-18.8381	178.364	0	
14.1415	-18.3452	178.528	0	
-53.1134	-15.2284	415.327	0	
-51.4664	-16.0534	428.909	0	
-145.137	-18.3434	798.597	0	
-144.213	-18.3097	808.025	0	
118.943	-14.181	198.447	0	
120.309	-16.0841	200.812	0	
11.8008	-18.7034	177.778	0	
12.7336	-18.461	177.816	0	
13.417	-19.5777	178.093	0	
14.1459	-19.8768	178.536	0	
15.3901	-18.1606	179.485	0	
15.3453	-17.3758	180.809	0	
-146.889	-18.6949	802.159	0	
-145.221	-20.8122	870.459	0	
-142.745	-18.775	838.382	0	
-142.13	-17.9466	826.835	0	
120.41	-13.2808	202.856	0	
120.987	-12.0627	203.693	0	
12.7074	-19.956	178.05	0	
12.8363	-20.698	178.808	0	
14.9322	-21.6562	179.003	0	
16.823	-18.9311	180.133	0	
15.9684	-18.8782	179.382	0	
17.164	-18.1683	181.136	0	
15.8074	-16.208	183.276	0	
14.4497	-16.0141	181.913	0	
120.462	-14.0581	200.261	0	
121.88	-13.756	202.539	0	
11.831	-19.4588	177.963	0	
11.5681	-21.0529	179.74	0	
12.9195	-22.048	180.13	0	
13.6222	-20.9515	178.91	0	
12.6468	-22.6862	181.312	0	
13.9913	-22.8668	180.76	0	
11.8689	-22.769	182.558	0	
12.3982	-24.0502	184.584	0	
14.7514	-23.2476	181.607	0	
15.0404	-20.8806	179.147	0	
15.7837	-20.4584	178.461	0	
16.6064	-20.8257	179.572	0	
18.4492	-17.2967	183.442	0	
17.2163	-16.1979	184.661	0	
16.4668	-15.8793	184.707	0	
15.3591	-14.801	185.305	0	
119.732	-14.5715	201.594	0	
119.429	-15.7063	199.349	0	
122.33	-15.1449	202.457	0	
124.273	-11.7926	206.377	0	
11.254	-21.8749	179.917	0	
10.8219	-23.5656	186.778	0	
12.4388	-24.9371	186.399	0	
13.3549	-25.1944	185.825	0	
13.8584	-24.387	184.01	0	
15.2421	-25.1342	183.977	0	
15.7895	-22.1773	180.18	0	
16.7204	-21.769	178.872	0	
17.3516	-16.8744	183.26	0	
17.6384	-14.9666	188.287	0	
118.74	-13.1556	202.122	0	
118.364	-16.0455	196.648	0	
121.769	-17.3666	197.754	0	
123.178	-15.6549	201.224	0	
121.03	-12.8284	201.553	0	
122.46	-12.2714	203.849	0	
11.5937	-25.4517	189.945	0	
13.7638	-29.2137	198.088	0	
14.6997	-26.1612	187.711	0	
14.716	-24.1734	182.73	0	
18.3707	-18.1749	182.329	0	
18.7205	-15.8981	187.087	0	
18.1543	-14.3993	190.974	0	
18.1795	-13.5505	193.639	0	
20.0797	-18.697	182.852	0	
22.0261	-16.8155	187.622	0	
19.1584	-16.8053	185.681	0	
20.6517	-17.5735	184.921	0	
19.2398	-15.35	189.273	0	
18.942	-13.135	195.337	0	
16.8245	-11.7333	198.077	0	
15.7978	-11.8228	194.752	0	
20.0987	-15.3413	191.115	0	
20.4096	-14.5922	192.513	0	
19.1488	-12.4597	198.772	0	
17.6502	-12.2838	196.619	0	
21.1495	-14.4011	195.449	0	
21.1542	-12.9454	200.852	0	
19.859	-12.2622	200.035	0	
19.9922	-11.6042	202.398	0	
20.2917	-12.9408	198.414	0	
21.3598	-11.9595	202.363	0	
20.6352	-10.5789	206.365	0	
19.445	-11.1707	202.928	0	
21.3789	-10.1951	208.407	0	
20.411	-9.36407	207.777	0	
21.6799	-14.9276	193.836	0	
22.4799	-14.5388	196.087	0	
21.4912	-15.6516	191.44	0	
22.1144	-16.1294	190.708	0	
23.9691	-14.6695	196.381	0	
23.9199	-12.5284	205.315	0	
20.65	-15.8743	189.059	0	
20.229	-16.7902	186.839	0	
22.6622	-17.3027	187.317	0	
23.7151	-16.3983	191.518	0	
22.4786	-18.0553	184.737	0	
24.0709	-17.9247	185.255	0	
21.3994	-17.4459	186.059	0	
22.4741	-19.5965	182.362	0	
24.9357	-18.1528	183.529	0	
25.3686	-15.9419	192.806	0	
19.0525	-18.895	180.887	0	
21.7077	-19.1441	181.773	0	
22.6607	-20.3463	178.921	0	
24.5521	-21.9989	173.659	0	
17.2795	-20.0425	179.017	0	
18.5511	-21.1501	178.586	0	
21.8687	-21.1116	179.693	0	
23.8963	-21.2655	176.309	0	
24.2007	-19.7318	180.045	0	
23.7601	-20.4993	179.322	0	
20.7888	-20.6677	179.291	0	
21.4741	-22.7452	177.092	0	
20.5904	-23.2705	178.86	0	
22.2552	-23.2561	176.523	0	
-91.4435	-6.79471	264.259	0	
-90.5458	-7.64596	295.806	0	
-90.3467	-8.26538	336.172	0	
-89.6221	-7.30327	286.248	0	
-90.7986	-8.99784	370.499	0	
-88.9116	-9.025	352.981	0	
-89.6249	-9.13529	363.896	0	
-88.7554	-8.23216	338.501	0	
0.494706	-8.65234	183.719	0	
0.449218	-7.3984	185.573	0	
0.799076	-9.22269	184.082	0	
1.41473	-8.28513	185.507	0	
-0.43788	-9.90451	183.038	0	
1.6553	-10.2419	182.492	0	
-1.56855	-10.749	184.38	0	
1.26317	-11.8592	183.709	0	
2.21673	-10.6926	183.534	0	
3.14199	-9.69425	185.472	0	
2.05077	-11.5902	182.009	0	
3.45609	-11.1148	183.6	0	
0.626903	-11.1474	181.865	0	
1.39702	-13.6532	184.926	0	
-34.2111	-11.3957	493.829	0	
-32.5754	-11.4541	516.484	0	
-162.032	-9.21099	354.327	0	
-160.282	-8.60525	347.766	0	
-115.536	-8.96886	338.351	0	
-116.687	-12.1734	584.308	0	
-100.077	-9.76032	417.351	0	
-98.7244	-9.05603	376.222	0	
-100.447	-10.6232	475.004	0	
-99.9977	-11.6987	557.714	0	
-15.324	-10.0164	268.662	0	
-14.8631	-12.2788	319.931	0	
-10.2263	-10.9437	221.752	0	
-11.1554	-9.62005	215.412	0	
-68.7604	-10.2355	368.83	0	
-67.9627	-10.6436	375.36	0	
-66.705	-9.29029	325.124	0	
-67.1121	-8.35629	303.437	0	
-66.4778	-9.86632	349.894	0	
-65.6696	-9.02086	318.462	0	
-66.8618	-10.3506	358.926	0	
-65.6507	-10.735	364.753	0	
-65.0387	-8.58587	306.711	0	
-65.9118	-7.85106	287.736	0	
-67.5739	-10.0993	356.281	0	
-67.4757	-11.5918	391.227	0	
-65.0479	-11.0103	373.393	0	
-64.1729	-10.0286	343.277	0	
-67.0183	-15.2074	476.146	0	
-65.9157	-12.7977	424.598	0	
-64.9884	-11.7211	394.802	0	
-62.9882	-11.0525	373.959	0	
-65.8163	-12.1426	397.41	0	
-65.1679	-13.1774	422.192	0	
-63.7849	-11.9704	391.731	0	
-63.8123	-13.502	419.305	0	
-64.5938	-14.4129	440.415	0	
-64.4416	-13.0318	418.082	0	
-60.3673	-13.5377	397.326	0	
-62.3746	-11.9013	382.564	0	
-66.713	-13.3598	439.414	0	
-65.2392	-13.9656	441.334	0	
-64.4895	-15.2324	450.145	0	
-63.2753	-14.5509	436.607	0	
-67.5202	-13.1407	441.34	0	
-68.9275	-14.5564	482.54	0	
-65.7268	-16.2165	480.673	0	
-63.793	-16.8696	466.688	0	
-62.5769	-14.4134	425.296	0	
-62.84	-13.2766	411.342	0	
-62.0506	-15.0127	433.515	0	
-61.3789	-13.9537	417.15	0	
-63.3178	-15.9962	452.334	0	
-60.6811	-16.5968	437.097	0	
-3.68874	-11.7604	190.444	0	
-2.97448	-11.3274	187.23	0	
-141.729	-11.4733	501.801	0	
-140.512	-10.5274	449.194	0	
-124.517	-11.8669	558.983	0	
-125.425	-12.5703	615.426	0	
71.4829	-10.6029	199.608	0	
74.585	-13.9406	192.595	0	
-119.585	-12.5776	649.039	0	
-118.349	-10.6155	489.295	0	
-37.2119	-13.1525	519.893	0	
-34.9281	-11.85	504.999	0	
69.5967	-10.6229	184.584	0	
70.3466	-9.21847	209.83	0	
-116.517	-7.59953	280.169	0	
-116.252	-9.10098	367.139	0	
-8.7223	-10.6875	206.821	0	
-8.44171	-11.5457	218.555	0	
-9.51916	-10.344	217.711	0	
-11.0137	-10.5573	232.437	0	
-7.04324	-14.3872	234.324	0	
-6.72777	-12.9011	217.561	0	
-6.84058	-12.0526	207.737	0	
-5.71235	-13.2807	209.863	0	
-4.85131	-14.3154	211.722	0	
-3.72115	-12.5821	195.225	0	
148.011	-13.4178	203.479	0	
150.137	-13.2218	203.032	0	
-97.1195	-12.0572	595.566	0	
-97.3293	-13.7964	670.488	0	
77.3794	-14.8058	207.224	0	
79.1162	-12.8585	224.445	0	
-74.1111	-13.9561	519.489	0	
-70.961	-15.4458	524.887	0	
-71.0384	-13.4735	472.607	0	
-71.1419	-11.9981	443.681	0	
-70.8895	-14.2186	500.962	0	
-69.6549	-13.3854	465.103	0	
-72.3065	-14.561	524.253	0	
-70.0848	-15.337	512.158	0	
-68.9852	-13.0411	447.888	0	
-69.4215	-11.9055	414.937	0	
-73.1117	-15.3385	545.467	0	
-71.9282	-16.7326	559.768	0	
-69.4282	-15.6876	507.621	0	
-68.8435	-15.303	497.764	0	
-68.2229	-13.5451	453.198	0	
-67.8209	-12.2094	427.803	0	
-69.3859	-16.4082	525.463	0	
-68.6981	-16.7059	517.554	0	
-67.709	-14.9785	484.227	0	
-68.2134	-14.2954	473.445	0	
-70.1198	-16.8882	539.146	0	
-70.0814	-17.6593	551.961	0	
-68.1763	-18.6474	535.441	0	
-67.8688	-17.7403	525.046	0	
-71.0382	-16.2764	548.489	0	
-72.9453	-16.3485	573.375	0	
-64.7503	-17.2641	483.267	0	
-65.5397	-16.9891	484.753	0	
-70.8857	-18.2577	574.697	0	
-69.7738	-19.3344	572.512	0	
-66.4444	-17.6552	502.341	0	
-65.2418	-15.545	464.983	0	
-68.6492	-20.6463	566.873	0	
-67.5117	-19.1418	533.506	0	
-66.4295	-18.5538	514.832	0	
-65.6207	-19.0235	509.022	0	
-66.2339	-14.8822	464.441	0	
-66.7772	-16.105	484.226	0	
79.1486	-13.9499	221.821	0	
77.5723	-17.2011	186.094	0	
80.9556	-17.4281	210.671	0	
82.613	-15.9133	218.592	0	
157.954	-16.0402	201.038	0	
159.089	-16.4587	201.111	0	
161.472	-14.1377	196.036	0	
161.357	-12.0748	188.514	0	
-165.064	-8.88275	350.73	0	
-164.035	-9.02417	346.789	0	
126.566	-18.0608	195.283	0	
128.784	-19.2258	191.773	0	
109.256	-10.9602	186.93	0	
109.157	-9.77129	187.266	0	
90.3423	-17.2628	212.993	0	
92.0943	-17.4613	212.578	0	
-29.4895	-14.0407	595.101	0	
-27.2258	-13.8949	574.596	0	
-156.701	-11.8644	456.967	0	
-156.266	-14.2485	551.87	0	
-40.6723	-14.6635	529.415	0	
-40.3476	-16.5587	540.534	0	
-19.8157	-12.0949	422.679	0	
-18.3784	-12.7769	407.229	0	
-20.6878	-12.3954	450.157	0	
-20.5877	-14.09	484.096	0	
-17.671	-13.5781	405.721	0	
-15.6915	-11.918	331.732	0	
105.139	-16.3643	196.905	0	
105.052	-15.3913	201.472	0	
-26.0846	-14.6941	592.792	0	
-25.3736	-12.6463	515.628	0	
153.573	-13.0309	198.809	0	
155.87	-13.7	196.544	0	
54.0561	-13.2185	83.3607	0	
53.2966	-15.2618	56.9647	0	
56.6328	-16.1878	49.1025	0	
56.4958	-13.6472	73.9049	0	
55.6202	-14.5791	64.5719	0	
56.4518	-15.0899	59.068	0	
57.7852	-17.701	39.5501	0	
59.6227	-13.1839	86.7273	0	
-122.991	-11.2922	511.119	0	
-119.976	-11.6646	535.772	0	
-123.449	-13.3288	638.163	0	
-121.562	-12.0532	566.97	0	
-119.274	-10.6844	476.991	0	
-120.808	-10.7348	488.037	0	
-119.305	-9.18096	361.013	0	
-120.054	-8.81147	359.207	0	
143.052	-12.8394	205.87	0	
142.269	-11.5515	208.511	0	
140.884	-14.7451	202.419	0	
141.555	-13.4285	205.793	0	
140.603	-15.5173	202.179	0	
142.187	-15.5777	201.761	0	
139.733	-15.6912	199.669	0	
140.415	-17.195	196.988	0	
142.956	-15.8508	198.741	0	
143.945	-14.2586	202.407	0	
-151.755	-14.1998	597.26	0	
-152.834	-15.1644	605.855	0	
164.783	-7.14106	168.632	0	
165.045	-4.82793	157.427	0	
169.888	-1.20197	182.001	0	
166.618	-3.74933	162.713	0	
167.814	-2.40787	168.782	0	
165.094	-0.498831	148.337	0	
42.2482	-14.1522	118.431	0	
42.4119	-16.6446	90.3242	0	
14.9082	-10.9361	196.368	0	
14.1599	-12.4407	191.209	0	
63.3095	-12.9625	111.443	0	
65.6025	-12.2568	131.836	0	
65.8822	-14.3109	101.271	0	
68.7233	-13.1244	150.438	0	
6.38782	-16.9167	179.608	0	
7.61895	-18.2217	178.924	0	
7.02134	-13.6658	181.354	0	
5.51499	-12.4696	182.507	0	
-54.5371	-14.2868	400.527	0	
-54.0263	-16.765	425.837	0	
-52.3975	-17.8302	438.163	0	
-50.0515	-14.8281	424.408	0	
-148.131	-19.6287	806.85	0	
-146.023	-20.2566	843.216	0	
-146.442	-23.3617	895.965	0	
-144.019	-22.9728	921.966	0	
-141.902	-20.3128	894.196	0	
-141.235	-18.1822	832.182	0	
9.40809	-20.0665	178.923	0	
7.73198	-23.3114	190.633	0	
17.7181	-25.3173	183.004	0	
18.4689	-23.6059	180.606	0	
17.5551	-23.1917	179.445	0	
18.3023	-19.9998	180.44	0	
24.4608	-15.7338	192.191	0	
25.932	-15.1076	194.069	0	
20.4737	-24.6671	177.818	0	
22.3577	-24.167	175.599	0	
23.3116	-24.5606	173.953	0	
24.0563	-23.9519	172.361	0	
-0.241319	-11.2719	184.149	0	
-1.85945	-15.3195	201.106	0	
-35.7489	-11.1342	468.43	0	
-32.2524	-14.4488	598.18	0	
-36.3939	-12.7424	516.538	0	
-35.2947	-13.4032	546.617	0	
-34.5394	-12.9172	528.47	0	
-34.1416	-15.0947	594.682	0	
-115.092	-11.0214	518.33	0	
-116.17	-10.9302	512.726	0	
-63.2224	-17.672	471.537	0	
-61.7582	-16.7325	450.431	0	
-59.4571	-17.4843	446.721	0	
-59.264	-15.3318	412.201	0	
-4.33039	-13.0699	200.855	0	
-2.42862	-11.7521	188.744	0	
-4.24774	-13.8411	205.494	0	
-2.70208	-14.2786	194.862	0	
-5.59616	-14.0865	215.198	0	
-4.69401	-15.2228	218.005	0	
-6.16919	-14.6102	225.259	0	
-5.51521	-15.8464	225.585	0	
-7.48562	-13.4838	223.069	0	
-7.6863	-15.0597	239.259	0	
-5.52166	-16.8337	236.306	0	
-3.76893	-17.9267	226.65	0	
-8.54535	-13.2438	240.244	0	
-8.64593	-14.9528	260.759	0	
-9.06259	-14.0403	247.027	0	
-8.98659	-17.1314	282.336	0	
-13.8263	-11.8038	295.153	0	
-9.98714	-12.0958	245.668	0	
-98.2549	-12.3206	595.401	0	
-98.4137	-13.5503	685.07	0	
-75.2588	-13.331	517.123	0	
-75.9977	-15.1615	579.74	0	
-73.4888	-18.3334	615.579	0	
-71.8141	-17.9428	580.63	0	
-71.426	-19.7911	602.993	0	
-69.5958	-20.2953	577.222	0	
-69.1381	-22.1514	589.476	0	
-66.7328	-21.6136	540.378	0	
-66.7301	-20.5564	535.512	0	
-62.1484	-17.6903	457.733	0	
159.979	-15.4778	199.993	0	
162.174	-16.5641	208.093	0	
161.516	-11.0568	182.173	0	
160.851	-10.099	179.671	0	
126.745	-19.2053	191.84	0	
127.859	-18.8247	193.998	0	
89.1413	-17.4456	219.603	0	
91.327	-20.2508	209.961	0	
-156.771	-12.7905	501.232	0	
-158.11	-13.0806	500.985	0	
106.914	-15.25	200.255	0	
105.656	-13.8924	198.265	0	
153.091	-13.982	199.256	0	
156.466	-14.3849	196.653	0	
57.471	-16.5834	47.6057	0	
64.2123	-17.9002	57.7023	0	
140.54	-18.1477	195.529	0	
142.177	-18.4144	196.144	0	
142.153	-17.3187	196.471	0	
144.807	-16.0519	198.765	0	
-153.934	-17.5056	679.781	0	
-151.334	-17.414	702.77	0	
62.2443	-13.6441	92.7343	0	
62.9401	-14.9598	73.7266	0	
5.81756	-15.2107	179.895	0	
5.18417	-18.0352	182.812	0	
2.34324	-13.6608	181.827	0	
4.94859	-17.2729	181.388	0	
-55.4834	-14.3854	405.713	0	
-54.4907	-15.854	417.499	0	
-55.8977	-16.999	423.403	0	
-52.8422	-18.9348	437.503	0	
-143.034	-20.773	889.785	0	
-140.499	-20.9989	916.372	0	
-140.275	-17.4941	828.965	0	
-141.343	-15.7802	764.115	0	
7.05428	-20.0299	182.929	0	
8.40461	-19.7032	180.562	0	
9.28666	-22.6416	185.435	0	
9.01085	-21.703	181.71	0	
19.6981	-22.8557	178.55	0	
19.6932	-21.4553	179.842	0	
21.6707	-26.2184	176.224	0	
24.3099	-26.0237	170.227	0	
25.6483	-23.695	168.835	0	
25.4765	-22.351	171.259	0	
0.911671	-12.7641	182.419	0	
-0.442613	-11.9075	183.349	0	
-38.1801	-12.775	500.752	0	
-35.4272	-14.3295	556.359	0	
-11.7619	-16.8593	328.061	0	
-10.7928	-12.8572	256.142	0	
-100.376	-13.8546	706.108	0	
-101.208	-17.1314	879.113	0	
-72.3836	-19.6569	612.335	0	
-71.8591	-21.5017	627.988	0	
163.489	-14.0428	198.668	0	
163.128	-12.3146	192.305	0	
90.7692	-19.0897	208.377	0	
93.8569	-17.2228	211.96	0	
-157.182	-14.3282	541.026	0	
-157.425	-13.319	510.502	0	
-159.141	-14.9633	541.07	0	
-158.304	-16.1044	582.229	0	
-158.786	-12.315	467.926	0	
-159.501	-12.6427	481.529	0	
-159.963	-13.8598	499.445	0	
-160.297	-15.8881	562.64	0	
-158.108	-16.93	611.078	0	
-156.681	-16.7966	627.258	0	
-161.159	-11.5929	430.955	0	
-160.501	-15.1294	530.652	0	
-160.977	-16.5748	571.835	0	
-158.667	-18.4286	633.742	0	
-158.765	-17.5269	617.721	0	
-157.836	-18.7585	655.673	0	
-155.724	-17.3061	649.439	0	
-155.025	-15.5868	601.36	0	
-163.429	-10.8648	397.465	0	
-161.696	-13.5976	484.541	0	
-160.76	-13.2601	488.349	0	
-161.502	-14.7069	515.162	0	
-162.207	-15.2482	524.912	0	
-163.093	-17.9632	574.298	0	
-160.495	-17.3736	593.664	0	
-159.805	-18.9066	633.99	0	
106.993	-16.3089	195.644	0	
107.164	-13.329	195.682	0	
152.007	-14.2039	200.617	0	
151.51	-15.4504	200.943	0	
153.996	-14.5973	198.903	0	
154.607	-17.412	202.495	0	
138.91	-19.2943	192.248	0	
140.344	-20.2318	191.93	0	
143.083	-19.0095	194.533	0	
142.972	-16.864	199.133	0	
5.50652	-20.0143	187.426	0	
6.02298	-18.29	181.302	0	
4.24088	-15.7196	182.026	0	
0.706266	-16.4217	190.324	0	
3.33456	-19.9545	190.681	0	
7.5196	-22.0724	184.345	0	
5.37787	-19.2977	183.609	0	
6.51379	-20.4823	184.621	0	
6.69191	-21.5327	186.825	0	
8.19059	-21.3101	184.188	0	
7.90339	-20.3181	180.914	0	
7.71747	-19.0295	180.232	0	
-56.2028	-13.1437	388.452	0	
-56.8663	-15.3559	411.056	0	
-140.309	-22.2198	952.252	0	
-139.74	-20.4984	912.451	0	
5.39272	-21.8679	191.584	0	
9.20799	-25.9188	194.448	0	
24.1853	-27.8464	171.392	0	
25.0282	-25.2914	168.259	0	
26.5351	-24.1317	164.31	0	
27.2069	-22.6026	165.493	0	
2.22985	-15.6011	184.036	0	
2.81073	-14.6904	183.211	0	
-0.544781	-13.4159	185.85	0	
-2.31304	-13.2477	194.49	0	
-38.8559	-13.7072	522.528	0	
-37.7505	-14.577	544.689	0	
-72.6132	-18.6232	604.522	0	
-74.7186	-20.7073	668.756	0	
-71.6993	-22.4201	633.276	0	
-70.7434	-22.6604	621.944	0	
-157.707	-19.8571	679.798	0	
-154.041	-18.3699	688.516	0	
5.22293	-15.8292	180.188	0	
3.7515	-14.7724	181.112	0	
2.53814	-16.4798	185.733	0	
0.839049	-18.5688	197.05	0	
-58.2075	-12.0827	372.072	0	
-57.1214	-14.4825	406.413	0	
-57.9523	-15.915	428.564	0	
-56.8429	-17.5451	434.668	0	
-135.885	-20.4607	949.383	0	
-140.189	-19.51	888.517	0	
24.9868	-27.0562	168.449	0	
26.1501	-26.9182	162.555	0	
25.9938	-25.7868	164.856	0	
28.2972	-23.9256	157.871	0	
-72.4386	-23.0396	654.387	0	
-72.1942	-23.9866	657.391	0	
-69.9319	-25.6338	628.736	0	
-68.4472	-21.5237	568.83	0	
-158.616	-20.6067	673.04	0	
-158.496	-21.8179	708.424	0	
-156.349	-18.6451	674.696	0	
-156.959	-20.1666	688.425	0	
1.23903	-15.4265	188.232	0	
3.6084	-16.5163	182.69	0	
-60.1199	-12.5856	392.141	0	
-59.0232	-14.2234	414.21	0	
-56.7589	-19.0493	440.83	0	
-54.8484	-17.4551	428.651	0	
-138.496	-20.672	925.695	0	
-138.01	-19.6127	903.462	0	
28.4911	-24.8564	154.535	0	
28.307	-21.0058	165.898	0	
-73.3284	-22.7399	667.776	0	
-74.0385	-23.4492	684.663	0	
-73.6659	-26.1319	702.842	0	
-71.5472	-25.9792	659.303	0	
-67.509	-24.2327	573.56	0	
-67.7767	-23.0869	579.433	0	
-68.8283	-23.1213	585.069	0	
-67.5073	-22.0078	563.172	0	
-154.891	-16.9239	640.25	0	
-155.568	-18.2278	671.602	0	
-156.664	-21.3713	738.946	0	
-154.991	-21.4043	744.956	0	
-73.4807	-21.8437	660.267	0	
-74.4376	-21.5894	674.31	0	
-75.7683	-24.032	717.554	0	
-75.5978	-25.0674	726.923	0	
-71.9782	-27.775	683.874	0	
-71.0096	-26.8801	657.841	0	
-69.911	-26.7479	645.172	0	
-70.9	-25.0903	644.68	0	
-153.008	-18.6778	729.155	0	
-153.044	-17.1918	687.604	0	
-72.7508	-21.225	638.268	0	
-74.0192	-20.0892	648.456	0	
-75.7994	-20.4213	682.863	0	
-76.4949	-21.1263	700.955	0	
-76.5741	-23.244	735.571	0	
-78.0133	-27.0255	793.713	0	
-75.7717	-27.0394	741.63	0	
-74.4901	-25.2185	708.337	0	
-75.3311	-18.6379	648.501	0	
-77.5021	-20.9368	723.916	0	
-77.916	-19.9949	714.819	0	
-78.2627	-21.8834	745.382	0	
22.1854	-6.39758	210.027	0	
22.3203	-7.33641	209.914	0	
50.9994	-13.391	81.9122	0	
49.6624	-15.668	61.783	0	
52.2356	-16.3342	50.3912	0	
53.099	-14.2881	66.7828	0	
39.1672	-16.0619	125.49	0	
42.0478	-15.9233	104.238	0	
41.4941	-13.1372	134.72	0	
42.0285	-11.6419	152.724	0	
40.8605	-14.6251	123.102	0	
43.0078	-13.3535	125.214	0	
40.982	-15.7601	111.013	0	
42.6344	-14.9441	104.609	0	
-93.74	-16.4561	807.402	0	
-92.8583	-14.4661	717.878	0	
-80.9829	-15.0627	619.049	0	
-78.9533	-15.8269	622.42	0	
-92.6414	-15.5915	775.294	0	
-94.9818	-15.8626	785.51	0	
84.76	-16.8506	213.676	0	
82.2836	-17.1963	209.923	0	
4.7344	-11.4417	183.988	0	
3.99212	-12.9386	181.605	0	
4.25342	-13.9182	181.309	0	
5.33742	-14.2468	180.628	0	
-102.618	-14.2527	740.994	0	
-99.1946	-14.2702	719.532	0	
-131.332	-12.768	588.526	0	
-130.855	-15.7488	802.539	0	
-129.308	-12.5486	593.324	0	
-128.407	-13.9723	693.315	0	
48.1198	-17.8212	51.4336	0	
51.3295	-16.0109	56.1125	0	
58.3648	-10.5832	132.462	0	
57.5038	-11.6198	111.696	0	
56.6103	-11.6821	109.02	0	
57.8721	-12.8197	84.9603	0	
165.042	-10.6009	188.129	0	
170.158	-10.3791	214.848	0	
93.0095	-17.9407	211.916	0	
95.7575	-16.5673	211.151	0	
135.234	-18.5716	194.175	0	
137.423	-18.2056	194.278	0	
-139.072	-18.9777	882.683	0	
-136.022	-14.7116	722.488	0	
-137.199	-14.7878	732.322	0	
-135.534	-13.4114	662.377	0	
45.6435	-17.0726	69.0102	0	
47.1911	-16.1982	68.7167	0	
44.718	-17.6486	68.526	0	
46.385	-18.5897	55.0299	0	
43.5924	-16.5423	83.2095	0	
41.9435	-17.4532	88.9878	0	
47.1683	-19.2426	48.3805	0	
48.1279	-18.8558	46.5482	0	
47.0537	-20.0133	46.2952	0	
47.5516	-20.662	41.5663	0	
49.9117	-18.9914	40.6949	0	
49.0035	-17.2306	52.7404	0	
124.767	-14.834	203.724	0	
125.359	-12.6054	207.109	0	
123.518	-13.3737	204.84	0	
124.707	-13.6185	206.606	0	
117.417	-12.6703	194.716	0	
117.004	-14.6922	194.988	0	
117.944	-17.4465	199.437	0	
118.72	-18.6892	193.382	0	
121.844	-18.5544	194.206	0	
124.261	-17.6601	195.72	0	
10.6573	-24.5919	187.094	0	
10.5762	-27.2465	197.212	0	
11.6967	-26.802	193.811	0	
10.3942	-28.476	202.958	0	
14.8806	-27.0974	189.449	0	
15.7879	-27.3637	189.39	0	
13.3558	-27.0346	191.634	0	
14.2251	-27.704	191.717	0	
16.9283	-28.5408	190.666	0	
17.6324	-27.8937	186.965	0	
12.3701	-29.7501	202.974	0	
12.9163	-28.8498	197.476	0	
17.2188	-29.8764	192.273	0	
18.1745	-30.2755	191.816	0	
19.4452	-27.3244	182.894	0	
18.5415	-24.6145	180.373	0	
13.9424	-30.4065	202.547	0	
14.4462	-28.6208	194.477	0	
15.3187	-28.9168	193.885	0	
16.5483	-30.5923	196.841	0	
21.1931	-27.4288	178.394	0	
21.46	-25.0527	177.848	0	
18.1011	-26.2717	183.121	0	
19.2276	-26.3548	182.717	0	
13.0476	-30.8768	202.51	0	
15.5715	-29.9071	197.078	0	
18.6595	-31.3877	192.175	0	
20.3911	-30.1601	185.749	0	
12.5056	-33.282	213.581	0	
17.5209	-32.9906	202.284	0	
14.8776	-30.8039	199.48	0	
15.3163	-32.0495	205.226	0	
25.0571	-19.2993	180.303	0	
26.8471	-17.9246	181.992	0	
28.9034	-19.4757	170.832	0	
26.7146	-18.9126	177.427	0	
-15.018	-13.4014	340.418	0	
-13.2579	-12.6895	302.76	0	
-126.518	-14.0078	723.277	0	
-125.562	-15.6685	817.613	0	
75.91	-12.6885	212.719	0	
73.7411	-10.503	216.918	0	
-119.976	-14.0665	734.853	0	
-119.106	-15.071	787.958	0	
78.4972	-14.8146	206.998	0	
76.5446	-13.901	201.929	0	
79.2372	-18.3068	193.417	0	
83.7903	-21.6819	185.163	0	
156.184	-15.6508	199.535	0	
156.181	-20.1673	209.144	0	
161.246	-17.7248	208.27	0	
161.248	-15.2748	201.656	0	
-30.0315	-17.2985	632.49	0	
-28.363	-17.0624	627.472	0	
-21.6842	-11.794	446.705	0	
-23.5183	-12.4428	500.334	0	
-22.0683	-15.3502	537.003	0	
-19.2263	-15.7913	481.639	0	
-17.7573	-14.4966	424.819	0	
-16.2209	-14.8229	398.162	0	
-18.808	-14.7336	463.495	0	
-18.4247	-16.6939	478.944	0	
-15.5401	-15.4245	391.913	0	
-14.0751	-14.5406	342.501	0	
-18.8251	-17.9388	494.035	0	
-15.5233	-19.2398	425.24	0	
-16.5817	-16.9766	438.115	0	
-14.5662	-17.0661	386.718	0	
-16.7279	-18.4271	450.35	0	
-14.2916	-18.4168	403.748	0	
-12.9202	-19.0921	369.239	0	
-9.46946	-15.9844	273.399	0	
-17.2923	-11.689	352.786	0	
-16.5592	-12.392	354.605	0	
-26.0437	-18.6568	618.129	0	
-22.635	-14.4401	528.966	0	
-48.9641	-18.7183	462.075	0	
167.788	-1.10282	162.38	0	
-49.6199	-16.2731	443.959	0	
26.7511	-15.4582	195.092	0	
26.3265	-13.7796	200.706	0	
26.9932	-16.224	187.641	0	
28.3096	-15.5209	189.539	0	
26.4244	-17.1883	186.846	0	
27.7426	-17.5618	182.798	0	
29.08	-15.4016	190.731	0	
28.2136	-13.5442	202.318	0	
28.2277	-18.1474	177.227	0	
29.4335	-18.8631	170.858	0	
29.4708	-16.1503	184.151	0	
30.3551	-14.7304	191.704	0	
27.5495	-19.4556	174.549	0	
29.3908	-17.5982	177.191	0	
30.5341	-16.8559	177.653	0	
29.0271	-16.8711	182.367	0	
31.3271	-16.6911	175.202	0	
30.5811	-15.414	184.39	0	
30.8585	-14.1638	193.735	0	
29.5338	-12.0115	209.289	0	
27.3959	-20.5759	170.65	0	
28.2591	-21.9487	162.963	0	
30.4056	-19.0468	164.601	0	
30.2328	-17.5869	172.736	0	
31.8026	-18.2474	162.752	0	
34.4019	-15.7596	160.836	0	
32.1873	-14.5884	183.944	0	
31.2724	-11.9348	207.852	0	
30.5586	-13.3874	198.055	0	
31.267	-12.9117	200.926	0	
30.3358	-20.7331	158.561	0	
32.8098	-17.087	165.358	0	
32.8613	-13.3701	189.705	0	
32.0496	-15.4916	180.06	0	
31.6637	-14.0897	191.227	0	
33.0789	-14.1785	185.697	0	
32.5278	-19.3097	151.07	0	
33.8995	-18.4027	146.129	0	
30.4612	-21.8094	153.007	0	
29.1969	-20.3081	163.833	0	
30.3361	-23.623	149.132	0	
32.9387	-21.3823	138.052	0	
26.1746	-13.0175	204.557	0	
25.0562	-13.6252	201.72	0	
26.6988	-12.5867	206.439	0	
25.7064	-11.8099	208.06	0	
27.3387	-12.7924	206.463	0	
27.0679	-11.581	210.799	0	
25.2646	-11.1301	211.682	0	
22.8213	-12.3988	203.817	0	
27.4895	-13.447	201.592	0	
28.6663	-12.9465	204.398	0	
25.5513	-10.2484	213.194	0	
23.4177	-9.82355	210.791	0	
24.4726	-12.1893	206.698	0	
24.5058	-10.9841	210.495	0	
27.0014	-14.0034	201.194	0	
27.226	-14.8007	194.704	0	
29.4027	-12.7907	204.18	0	
28.807	-11.6306	209.723	0	
23.3593	-12.0382	206.115	0	
23.0026	-13.2601	202.579	0	
24.2295	-9.99855	212.482	0	
22.9505	-10.6565	210.414	0	
-63.2209	-20.0923	487.108	0	
-61.9354	-20.3097	481.388	0	
-3.46256	-16.2401	215.696	0	
-4.26181	-17.068	220.91	0	
-10.3223	-13.9123	270.324	0	
-12.3546	-14.8833	319.734	0	
-11.7516	-18.1753	342.478	0	
-9.32482	-18.6008	295.882	0	
-7.86011	-20.4772	286.586	0	
-7.67872	-16.8687	262.673	0	
-77.9507	-15.2852	614.649	0	
-77.2701	-19.1002	684.884	0	
-65.6629	-22.1738	529.055	0	
-65.7265	-20.0948	521.94	0	
86.5967	-17.4976	214.214	0	
86.4766	-21.6171	196.184	0	
103.058	-16.5502	200.727	0	
104.996	-18.8815	205.256	0	
-52.0811	-19.9169	451.48	0	
-51.1838	-17.8734	442.431	0	
-164.792	-11.7348	427.28	0	
-162.662	-12.7859	463.753	0	
-163.708	-13.6377	472.566	0	
-163.034	-17.0196	549.932	0	
-164.09	-18.7066	583.548	0	
-163.505	-19.8152	598.085	0	
107.985	-16.8763	201.352	0	
108.73	-14.3261	194.845	0	
107.604	-14.4164	195.229	0	
109.616	-15.1699	198.89	0	
110.928	-14.7188	194.526	0	
110.277	-12.6247	189.979	0	
141.346	-19.9808	193.182	0	
139.905	-19.1129	193.618	0	
143.263	-19.9838	194.523	0	
145.539	-18.1018	197.2	0	
142.286	-20.5647	192.476	0	
144.298	-21.4806	194.389	0	
144.899	-17.029	199.204	0	
143.918	-18.4342	197.087	0	
5.90257	-28.961	218.206	0	
6.36923	-27.977	212.089	0	
-74.744	-16.8393	610.136	0	
-74.2703	-19.1038	636.657	0	
27.2276	-27.5529	156.632	0	
27.7569	-25.5918	156.653	0	
-0.186174	-16.4629	196.166	0	
3.09291	-17.9386	184.91	0	
-58.3079	-19.8027	453.545	0	
-54.3596	-23.1807	458.614	0	
-137.659	-21.8773	963.978	0	
-136.266	-21.9048	966.233	0	
29.546	-25.1619	148.459	0	
29.1629	-23.3273	154.101	0	
29.0091	-27.0416	147.085	0	
31.6136	-25.003	135.551	0	
-69.195	-27.6164	625.329	0	
-68.3039	-25.5173	603.58	0	
-69.5878	-28.6759	656.561	0	
-67.1522	-28.7137	606.368	0	
-76.3003	-28.0185	767.224	0	
-75.6584	-28.96	760.628	0	
-79.8791	-18.4198	708.079	0	
-79.6189	-21.1748	766.562	0	
51.6314	-18.1796	40.6775	0	
54.1271	-16.0734	50.801	0	
52.2759	-13.8975	73.3857	0	
52.5784	-15.4755	58.0189	0	
37.4554	-16.3206	138.72	0	
39.5148	-18.3074	99.3956	0	
-81.1845	-17.654	717.036	0	
-77.6799	-17.864	659.245	0	
-97.1754	-15.8868	789.528	0	
-96.0704	-18.3493	894.437	0	
85.9815	-19.713	205.795	0	
87.4776	-18.4466	215.793	0	
-131.283	-13.7963	710.888	0	
-131.723	-14.9098	747.439	0	
-128.405	-14.9655	772.88	0	
-126.542	-15.0267	770.763	0	
-129.172	-15.5179	788.818	0	
-130.56	-17.0732	854.142	0	
-130.086	-15.1198	764.047	0	
-129.301	-17.438	885.712	0	
-127.594	-16.5682	834.481	0	
-128.683	-16.5116	849.083	0	
-131.535	-17.9959	918.158	0	
-131.469	-19.8483	941.195	0	
49.8315	-14.8872	71.1043	0	
50.7069	-16.3789	53.6479	0	
167.946	-8.63085	186.951	0	
166.417	-7.51782	177.255	0	
168.924	-9.00448	199.842	0	
169.349	-7.00692	192.005	0	
166.003	-11.1799	195.027	0	
165.538	-12.5815	198.546	0	
93.3212	-19.17	211.227	0	
94.6295	-19.6238	206.588	0	
46.2714	-21.0801	45.2166	0	
47.9613	-22.3364	34.6724	0	
49.2875	-22.1935	30.4365	0	
48.9338	-20.4342	37.9666	0	
49.6961	-23.2246	27.5693	0	
51.2204	-21.0474	30.0632	0	
50.7172	-19.5651	36.3894	0	
50.7847	-17.4461	46.0435	0	
50.6923	-20.3879	32.8027	0	
52.3771	-19.6464	32.886	0	
49.8182	-20.8072	33.0399	0	
51.1839	-22.5051	25.953	0	
52.2123	-22.4207	25.1563	0	
52.0493	-20.7485	28.265	0	
50.7849	-25.2491	23.222	0	
54.0569	-20.347	27.7657	0	
53.4249	-19.1371	32.5491	0	
52.5445	-17.8968	39.9397	0	
53.5895	-21.0958	26.1122	0	
55.9054	-16.7818	47.0387	0	
22.683	-26.3942	175.678	0	
20.3803	-27.8265	183.075	0	
18.6369	-32.6111	196.192	0	
19.7454	-33.194	192.884	0	
13.3182	-32.3128	213.873	0	
15.1517	-34.354	214.259	0	
-126.801	-17.2548	888.589	0	
-123.786	-17.0586	876.222	0	
75.4301	-17.6354	162.025	0	
78.7712	-19.7869	164.946	0	
75.4877	-14.5786	193.572	0	
76.9635	-16.2015	185.821	0	
154.981	-16.1611	200.117	0	
156.576	-17.7917	203.941	0	
160.25	-19.5357	214.256	0	
163.838	-20.9257	231.901	0	
-24.9809	-13.4502	548.759	0	
-22.1348	-13.4555	497.74	0	
-25.1702	-14.5022	563.912	0	
-24.227	-15.1778	564.926	0	
-23.9136	-16.3064	580.199	0	
-22.1686	-17.3183	557.48	0	
-17.8158	-18.9277	478.264	0	
-18.9334	-22.262	511.731	0	
166.976	-2.69357	158.622	0	
166.95	-0.46284	161.422	0	
-61.8881	-23.4777	496.561	0	
-59.8694	-18.7765	447.438	0	
-0.725121	-17.4905	200.451	0	
-0.75765	-15.3066	192.105	0	
-3.72195	-19.5912	236.971	0	
-2.73131	-19.8198	225.059	0	
-76.1607	-19.3373	670.654	0	
-76.9878	-15.8084	599.662	0	
-65.0349	-23.5051	542.308	0	
-63.6356	-23.3056	506.848	0	
88.7905	-20.3512	204.262	0	
87.1341	-19.4743	206.577	0	
100.926	-16.8814	204.603	0	
104.053	-18.2293	197.427	0	
102.609	-20.0751	194.649	0	
107.881	-20.1961	192.469	0	
-52.2517	-21.1678	453.781	0	
-51.0304	-21.8223	459.853	0	
-165.933	-14.4941	480.714	0	
-164.016	-16.1882	527.522	0	
-165.406	-15.983	517.662	0	
-165.451	-18.5452	557.915	0	
-163.559	-22.213	634.656	0	
-160.876	-22.0111	668.732	0	
138.279	-20.6339	190.084	0	
140.319	-21.4737	190	0	
142.045	-24.081	191.315	0	
143.346	-21.9231	192.711	0	
145.13	-22.0237	195.565	0	
146.391	-21.5196	197.4	0	
25.4187	-29.5087	166.363	0	
30.4242	-28.267	137.717	0	
31.4083	-29.511	124.802	0	
33.0561	-28.1757	114.981	0	
32.6107	-24.5198	126.993	0	
31.165	-22.694	144.304	0	
-77.3958	-28.0508	783.804	0	
-77.8987	-29.0911	803.735	0	
-75.2078	-31.2909	767.063	0	
-73.7431	-29.84	729.517	0	
-82.5771	-18.2509	745.489	0	
-80.5525	-22.1942	790.148	0	
-79.601	-28.135	834.389	0	
-77.7066	-23.2492	752.753	0	
35.6271	-17.9295	139.02	0	
38.5751	-17.9148	115.856	0	
39.7251	-19.497	95.6391	0	
42.8682	-18.9476	74.486	0	
-78.844	-17.313	687.21	0	
-76.8263	-16.9011	643.58	0	
-125.997	-19.3727	979.376	0	
-122.968	-17.892	917.501	0	
168.203	-10.8109	202.89	0	
172.127	-9.69988	224.493	0	
169.906	-6.08824	191.055	0	
167.895	-5.26016	179.57	0	
46.1486	-20.3066	47.3722	0	
47.0754	-21.2838	41.5668	0	
45.4108	-19.9229	54.2788	0	
45.8033	-23.1087	41.0109	0	
47.2695	-21.9691	38.2555	0	
48.2152	-20.9078	36.8144	0	
46.8019	-22.4955	38.1251	0	
47.1543	-23.4057	35.4722	0	
45.7398	-21.6064	44.8029	0	
46.5826	-23.9056	36.8484	0	
47.074	-25.2197	32.8394	0	
49.2036	-24.7054	27.2465	0	
44.6656	-20.5907	52.7866	0	
44.8718	-21.5007	50.8655	0	
43.0503	-21.2639	57.278	0	
43.2687	-22.3514	57.6302	0	
45.5325	-18.9767	56.6108	0	
43.8288	-19.3465	63.7419	0	
42.1853	-19.4538	73.4076	0	
42.3394	-27.3402	50.7264	0	
41.2265	-22.7549	67.1091	0	
45.4094	-27.962	37.2115	0	
48.3985	-23.886	29.3327	0	
49.6652	-25.3713	24.8679	0	
54.5399	-26.1105	18.2312	0	
54.2538	-24.0403	20.4358	0	
54.8179	-21.3776	25.0897	0	
56.4932	-20.386	26.2331	0	
19.9025	-29.1806	184.78	0	
21.37	-30.0802	182.42	0	
21.9169	-31.1229	180.992	0	
22.9054	-30.7368	177.728	0	
20.3883	-32.3082	189.587	0	
24.685	-34.5013	172.067	0	
24.9144	-30.818	168.289	0	
24.3041	-28.9763	170.141	0	
17.6216	-34.4477	203.658	0	
22.0719	-36.5756	190.873	0	
-121.71	-17.193	897.423	0	
-122.118	-15.8427	827.534	0	
74.5685	-12.7996	202.766	0	
74.0354	-15.9812	167.251	0	
-22.687	-16.4434	556.955	0	
-20.4097	-16.0561	507.974	0	
-0.34968	-18.4433	203.901	0	
1.35605	-17.5747	193.334	0	
-4.55039	-20.4433	246.324	0	
-4.28493	-21.449	250.375	0	
-1.45619	-20.9974	222.054	0	
-0.729286	-20.212	213.532	0	
85.4784	-21.0204	195.716	0	
87.6556	-20.4525	205.855	0	
99.9378	-18.5635	207.318	0	
102.737	-18.5684	205.929	0	
-53.9782	-21.2337	451.212	0	
-56.5967	-23.372	459.998	0	
-49.6069	-25.0935	478.994	0	
-46.7792	-19.457	486.892	0	
-168.118	-19.5116	558.146	0	
-166.256	-19.4914	567.378	0	
136.03	-20.7167	188.866	0	
137.846	-22.8522	187.237	0	
138.983	-24.6103	187.201	0	
143.431	-25.0271	193.846	0	
144.606	-24.6719	194.923	0	
147.146	-22.3414	197.816	0	
33.5945	-25.2141	119.193	0	
35.7979	-21.8042	112.635	0	
-77.4585	-25.9634	768.55	0	
-79.1536	-27.0569	804.147	0	
-79.674	-30.4402	845.661	0	
-79.1011	-31.5757	830.994	0	
-77.757	-31.2342	815.569	0	
-70.6732	-35.7385	721.09	0	
-73.9648	-31.2945	741.75	0	
-72.8697	-32.7583	732.902	0	
35.21	-19.7375	128.766	0	
36.7811	-20.0348	112.224	0	
38.1591	-20.2144	103.99	0	
40.7265	-21.8004	75.7938	0	
-128.703	-21.8407	1018.42	0	
-123.083	-26.4858	1098.66	0	
168.442	-12.0886	209.734	0	
169.69	-12.7883	220.41	0	
172.658	-7.60613	220.914	0	
170.706	-8.36802	208.822	0	
171.562	-7.27251	204.988	0	
171.782	-5.02337	202.331	0	
45.4497	-24.93	38.7686	0	
47.7816	-26.6012	29.2889	0	
48.3791	-24.7519	28.7876	0	
49.223	-23.8396	28.6146	0	
47.8683	-25.2982	29.9189	0	
49.1671	-26.1953	25.7532	0	
46.5529	-24.6587	35.6868	0	
46.9827	-26.4793	31.3403	0	
49.635	-26.9717	24.067	0	
53.0805	-27.2226	18.6687	0	
44.6387	-24.3544	44.0175	0	
46.6015	-25.8753	34.3021	0	
46.6173	-27.1754	31.965	0	
49.7089	-28.7405	23.011	0	
43.4209	-24.6587	48.1359	0	
44.0749	-26.3957	43.74	0	
45.775	-27.2173	35.9517	0	
47.0893	-28.8494	30.4544	0	
46.0211	-28.7638	34.0681	0	
48.7192	-30.1734	25.2431	0	
45.1412	-26.3695	38.5458	0	
43.5942	-27.4029	45.0911	0	
43.9434	-29.0371	42.1507	0	
49.0258	-31.2586	26.1153	0	
41.5908	-28.25	55.6863	0	
43.3	-31.0325	45.226	0	
51.2988	-24.2468	23.3325	0	
55.2659	-24.5602	19.1463	0	
51.4092	-26.1601	21.6408	0	
53.1808	-24.6272	20.5221	0	
55.4515	-21.7855	23.4564	0	
54.3884	-23.1088	21.4587	0	
54.0841	-21.7809	24.4665	0	
54.8615	-20.5788	27.1391	0	
53.7838	-22.6723	22.8233	0	
55.3224	-22.6253	22.5218	0	
55.6139	-20.0202	28.889	0	
54.2029	-19.5167	31.3127	0	
56.1211	-23.1328	20.6141	0	
57.8922	-23.9031	20.2966	0	
56.3744	-21.3525	25.355	0	
57.4993	-20.1247	28.8075	0	
57.7371	-23.0429	21.7047	0	
57.8076	-19.3671	31.2783	0	
23.6935	-32.5051	176.313	0	
22.4388	-32.9781	180.983	0	
26.2209	-32.7427	163.29	0	
26.9321	-28.8391	156.261	0	
24.2013	-37.7832	181.127	0	
23.3135	-34.8028	181.221	0	
73.3033	-12.5047	197.251	0	
72.029	-13.3816	174.16	0	
73.517	-17.0155	144.457	0	
74.2706	-17.9515	147.616	0	
-22.7351	-18.4468	573.745	0	
-20.6705	-19.357	546.849	0	
-1.02242	-19.2395	210.128	0	
1.12308	-19.5856	200.867	0	
-5.56912	-18.7929	249.198	0	
-6.58865	-20.8501	275.165	0	
-1.07844	-22.3361	223.13	0	
-0.0579032	-22.6623	219.752	0	
82.7371	-20.4846	192.206	0	
84.9354	-24.3417	168.025	0	
-168.831	-18.1338	521.952	0	
-163.934	-27.9793	706.807	0	
134.763	-21.6528	186.98	0	
136.886	-22.3778	187.311	0	
137.939	-24.1383	185.577	0	
139.81	-23.7217	188.282	0	
142.037	-23.0581	191.022	0	
143.753	-26.4331	195.1	0	
148.456	-23.5136	201.339	0	
147.811	-19.7828	199.519	0	
32.4347	-26.9826	124.15	0	
34.5723	-27.0398	107.696	0	
34.7079	-24.4588	113.663	0	
38.2524	-24.896	83.3706	0	
-78.2216	-24.6005	780.823	0	
-79.7112	-24.2541	797.08	0	
-81.339	-29.9044	870.738	0	
-82.5135	-31.2667	893.196	0	
174.013	-7.1792	224.78	0	
173.212	-4.64301	215.701	0	
172.206	-2.40846	203.279	0	
170.956	-4.09242	194.883	0	
48.9969	-27.915	24.7214	0	
51.7342	-28.5356	19.6986	0	
42.4498	-23.0297	56.7117	0	
41.1261	-24.5571	61.6094	0	
43.2267	-32.1993	44.8995	0	
47.279	-31.7226	30.55	0	
47.701	-29.8268	29.0289	0	
45.8499	-30.8963	34.973	0	
50.7574	-27.0587	21.8695	0	
50.9275	-28.1193	21.8664	0	
59.5805	-18.3329	37.6045	0	
57.169	-18.532	34.431	0	
71.5207	-15.5039	151.078	0	
71.8255	-17.9986	114.63	0	
74.8739	-20.1134	134.918	0	
76.6241	-18.0907	162.69	0	
-5.21359	-22.4438	264.122	0	
-1.75555	-24.8194	240.421	0	
-2.83362	-22.5617	240.792	0	
-1.7307	-23.1234	237.46	0	
133.664	-21.0098	187.175	0	
131.126	-22.5718	183.84	0	
136.989	-25.3533	185.096	0	
137.831	-26.6904	184.577	0	
143.304	-30.7212	199.505	0	
146.428	-23.4811	198.319	0	
-80.0885	-25.6484	824.548	0	
-82.6294	-26.6934	872.913	0	
-75.4412	-36.6224	809.396	0	
-77.0962	-32.6813	804.495	0	
49.8786	-31.5793	23.4214	0	
49.6153	-29.6799	23.934	0	
51.1157	-32.7439	21.8495	0	
52.5915	-31.2969	19.107	0	
50.1939	-32.7605	24.2685	0	
51.4683	-31.5524	21.476	0	
46.455	-32.4713	32.9278	0	
51.6848	-34.7756	22.8945	0	
53.1652	-31.874	19.3509	0	
52.7344	-28.102	19.1696	0	
54.9207	-31.013	17.5857	0	
54.5802	-28.7395	17.4029	0	
51.6475	-29.6996	20.3696	0	
53.2019	-30.4088	18.7749	0	
45.492	-32.0493	35.5035	0	
46.9668	-33.5456	32.4407	0	
54.3811	-27.1213	17.9023	0	
53.23	-25.548	19.3664	0	
55.0759	-29.4401	17.275	0	
57.1556	-28.279	16.9104	0	
61.2451	-18.9701	40.0517	0	
61.7371	-16.2613	58.5376	0	
58.9772	-17.4567	43.5762	0	
59.2781	-16.0423	49.9287	0	
1.11824	-24.8324	225.168	0	
4.84662	-24.2042	201.728	0	
-4.82935	-23.4219	267.762	0	
-3.56729	-23.4431	252.088	0	
139.213	-26.016	186.835	0	
141	-24.4286	189.12	0	
145.362	-23.1339	195.431	0	
146.542	-25.9411	199.916	0	
54.374	-30.2504	17.6486	0	
53.3546	-28.9038	18.4246	0	
54.3223	-31.7486	18.1998	0	
56.0483	-29.6746	16.9452	0	
55.3875	-32.7729	18.1109	0	
55.8438	-30.7522	17.0999	0	
56.9785	-29.2157	16.7037	0	
55.2607	-27.8364	17.2122	0	
44.5677	-32.7299	41.853	0	
46.2048	-34.1928	36.3942	0	
-5.73324	-24.9566	280.584	0	
-0.579812	-25.7185	237.604	0	
145.484	-26.9135	201.039	0	
151.285	-27.2548	213.812	0	
56.2748	-34.2858	18.567	0	
58.3949	-33.6729	18.2009	0	
58.2002	-31.0994	17.1067	0	
58.7638	-27.7798	17.3575	0	
42.6048	-34.5767	50.5912	0	
40.8484	-33.266	57.7776	0	
44.1274	-36.1048	44.8855	0	
50.6835	-35.492	25.5168	0	
-4.39781	-26.0448	268.042	0	
-1.79032	-30.121	267.252	0	
145.986	-25.1055	199.573	0	
148.305	-25.9344	205.377	0	
55.3599	-34.0358	18.8238	0	
57.04	-33.0892	17.8581	0	
53.535	-33.2204	19.5294	0	
58.5365	-35.6439	19.5367	0	
59.2083	-31.8022	17.6189	0	
58.4565	-31.8889	17.483	0	
59.1239	-29.016	17.5258	0	
58.7683	-30.4263	17.2435	0	
60.7611	-28.3471	18.9221	0	
57.5566	-25.4868	18.5829	0	
48.1852	-33.2715	28.2183	0	
48.2517	-32.0014	28.0406	0	
149.481	-27.0076	209.599	0	
150.152	-23.0486	204.001	0	
64.3157	-28.6938	23.4952	0	
60.3857	-29.9201	18.2076	0	
59.3801	-30.9963	17.4833	0	
58.5312	-29.6245	17.1081	0	
57.9814	-32.8304	17.6992	0	
59.3853	-33.5059	18.1914	0	
57.6514	-29.703	16.9149	0	
57.5401	-30.7872	16.9595	0	
61.4867	-33.2983	19.4405	0	
60.747	-32.4967	18.6125	0	
149.839	-24.761	205.255	0	
149.506	-23.7187	203.561	0	
60.886	-31.5171	18.5282	0	
61.2714	-29.9645	18.9342	0	
61	-34.3233	19.626	0	
62.9243	-30.3595	20.7697	0	
61.9327	-29.2477	19.913	0	
61.6925	-28.4081	19.9491	0	
62.7562	-29.4235	20.6847	0	
62.5402	-27.6204	21.4787	0	
61.089	-26.6128	20.2709	0	
60.4333	-27.4695	19.0104	0	
62.2644	-26.7027	21.9101	0	
60.9579	-25.5377	21.0742	0	
56.7514	-35.2703	19.1703	0	
59.9221	-34.4509	19.0428	0	
151.119	-25.0859	209.947	0	
151.912	-24.3456	209.302	0	
149.881	-22.0186	202.137	0	
148.165	-22.3533	199.995	0	
61.7408	-35.3311	20.4516	0	
63.9488	-32.1467	22.2311	0	
62.4175	-31.1944	20.1438	0	
64.5349	-29.5156	23.9594	0	
62.588	-33.1346	20.3556	0	
63.8007	-30.4956	22.5453	0	
65.4294	-29.9302	25.4665	0	
65.5728	-27.4954	29.0878	0	
63.157	-33.9227	21.6049	0	
64.3249	-33.7612	22.9065	0	
63.3331	-25.8607	24.1837	0	
60.1379	-25.1973	20.5012	0	
59.4986	-23.5524	22.4051	0	
59.2633	-25.8313	19.1872	0	
56.3235	-36.4317	20.4309	0	
58.3156	-36.8482	20.523	0	
153.136	-24.3604	212.172	0	
153.056	-22.4757	209.253	0	
151.041	-21.7173	204.44	0	
149.195	-20.3273	198.894	0	
60.1422	-36.1917	20.4283	0	
63.0213	-37.6685	23.8382	0	
63.4133	-28.7378	22.5219	0	
64.7837	-27.8109	24.994	0	
66.2805	-28.0441	28.7012	0	
65.6814	-26.6975	29.1001	0	
67.2453	-26.475	33.9463	0	
65.0638	-26.0171	29.1188	0	
62.9196	-22.0223	31.4222	0	
64.3393	-26.3175	25.9783	0	
68.615	-32.1095	32.8465	0	
68.9238	-30.684	35.0054	0	
69.4899	-25.2748	49.4809	0	
67.8351	-24.2901	44.7064	0	
66.5162	-26.007	34.5561	0	
66.2301	-24.7621	32.6923	0	
68.0824	-28.3964	35.0542	0	
68.003	-29.6564	32.6197	0	
62.7964	-35.0941	21.4304	0	
64.703	-34.6439	23.5363	0	
65.8795	-35.0043	25.9316	0	
67.5763	-32.3101	29.7728	0	
63.117	-24.9118	26.0586	0	
60.2646	-24.0012	21.8205	0	
64.3427	-24.159	28.3116	0	
62.1743	-21.6196	31.3983	0	
59.5009	-22.4291	23.6636	0	
57.017	-21.8314	23.305	0	
57.126	-24.6354	19.4551	0	
58.5745	-25.2845	19.3373	0	
56.1992	-24.1362	19.7826	0	
55.5027	-25.7097	18.2997	0	
57.2811	-37.2819	20.9942	0	
61.2669	-36.3048	20.8813	0	
57.9615	-39.5906	23.7052	0	
59.7425	-38.1378	22.2945	0	
59.4018	-37.1606	20.6152	0	
61.0521	-38.2801	22.5955	0	
153.901	-25.2709	217.258	0	
156.845	-21.0758	211.227	0	
153.519	-21.4642	206.907	0	
151.596	-20.6654	202.003	0	
60.3931	-21.8301	27.1464	0	
59.0271	-19.4123	33.3963	0	
56.8927	-22.7718	22.0031	0	
58.5303	-22.2182	23.8499	0	
63.2775	-39.6951	25.5731	0	
61.8361	-37.416	22.2807	0	
151.907	-26.2521	213.575	0	
155.939	-26.3214	224.12	0	
155.198	-25.2301	219.366	0	
155.68	-24.2055	216.817	0	
154.523	-21.2097	209.069	0	
154.62	-19.4861	205.165	0	
61.2415	-22.3035	26.8894	0	
62.1757	-20.568	34.6579	0	
155.308	-22.1071	211.967	0	
156.514	-22.0132	215.07	0	
155.381	-18.2288	203.538	0	
153.415	-18.2621	201.762	0	
61.1154	-23.3514	25.0232	0	
62.8194	-23.0433	29.3459	0	
64.0143	-23.2807	32.1754	0	
65.8392	-22.2452	42.4306	0	
63.9179	-21.564	36.3831	0	
64.6972	-22.4049	35.6359	0	
63.9701	-19.8428	43.7263	0	
62.6531	-17.833	50.6626	0	
158.091	-20.8666	214.811	0	
156.93	-19.0089	208.142	0	
66.1625	-19.5705	57.2615	0	
64.5292	-18.8648	52.1788	0	
159.145	-21.62	217.252	0	
161.569	-18.8949	215.562	0	
68.4465	-18.2113	79.8948	0	
66.251	-16.6734	79.5847	0	
64.9514	-16.2634	74.9114	0	
62.9187	-19.8126	40.4521	0	
67.5667	-15.9882	97.9262	0	
63.9387	-14.9448	82.5331	0	
62.8642	-15.7916	68.4282	0	
61.5496	-17.1175	51.5648	0	
13.3097	-14.9691	182.113	0	
12.642	-16.1885	179.792	0	
-87.1359	-13.1428	598.251	0	
-88.2768	-12.4003	564.902	0	
-90.0468	-18.0245	848.133	0	
-91.4523	-21.199	940.17	0	
128.058	-21.3476	186.306	0	
128.849	-22.3494	183.213	0	
125.949	-20.1482	190.147	0	
127.34	-23.704	180.042	0	
130.279	-24.3517	181.223	0	
132.345	-22.3485	184.895	0	
130.35	-25.6284	178.427	0	
131.422	-26.1787	180.127	0	
131.194	-23.708	181.907	0	
133.062	-23.3899	182.75	0	
129.298	-26.3179	177.929	0	
129.133	-27.9425	176.24	0	
132.775	-28.0453	181.167	0	
133.905	-26.0534	182.118	0	
-48.7435	-17.1685	456.816	0	
-45.691	-16.8562	484.105	0	
-1.73636	-11.4767	184.26	0	
-2.24078	-10.1161	183.044	0	
-1.21912	-11.9739	186.665	0	
-0.85001	-10.6108	182.296	0	
-1.33626	-12.9373	187.797	0	
0.0741127	-12.6879	185.966	0	
68.7713	-12.0401	157.708	0	
69.6421	-13.6001	142.599	0	
71.7626	-11.4843	202.23	0	
70.3718	-10.3087	201.883	0	
70.2273	-15.305	124.878	0	
72.4271	-14.5349	167.232	0	
69.7836	-16.3997	116.593	0	
72.2931	-16.8023	134.816	0	
-144.374	-25.6943	952.436	0	
-141.535	-22.8285	936.678	0	
-116.994	-15.0518	782.711	0	
-115.852	-14.5145	755.673	0	
-6.72876	-17.4902	250.615	0	
-4.39153	-18.6606	231.045	0	
-7.99957	-19.2807	284.428	0	
-5.58584	-20.0137	254.927	0	
2.41341	-22.8765	206.993	0	
4.38753	-22.942	197.398	0	
-159.882	-19.986	653.774	0	
-161.266	-20.5384	647.886	0	
-158.832	-24.2567	735.298	0	
-157.292	-22.273	711.425	0	
-101.482	-15.0032	786.39	0	
-102.328	-18.4229	924.085	0	
-137.701	-17.1873	842.083	0	
-134.177	-18.2346	897.778	0	
-134.148	-13.4559	675.629	0	
-135.894	-11.4865	519.524	0	
41.1972	-17.9481	91.1852	0	
43.7357	-17.3765	78.8671	0	
41.3012	-18.9103	84.1158	0	
42.7304	-17.9092	78.7566	0	
40.7081	-19.7241	82.5869	0	
41.2179	-20.8323	74.4388	0	
119.764	-18.1794	197.072	0	
122.678	-21.1032	190.706	0	
9.12055	-30.275	214.028	0	
12.507	-37.1653	234.48	0	
-12.548	-13.0658	288.083	0	
-14.2143	-13.6722	329.369	0	
-119.015	-16.6944	872.308	0	
-117.123	-18.2856	961.689	0	
-20.1373	-18.1578	526.22	0	
-18.3877	-20.1279	504.344	0	
174.655	-2.62355	223.26	0	
168.808	-0.639983	175.751	0	
-47.9878	-19.8546	472.583	0	
-46.7319	-17.7279	476.517	0	
34.011	-21.2012	129.564	0	
33.4366	-19.3353	145.546	0	
-12.7688	-16.1918	332.789	0	
-10.5915	-15.9086	299.114	0	
107.418	-18.8271	202.891	0	
110.227	-17.2443	198.685	0	
112.005	-15.3372	198.926	0	
112.388	-13.1565	195.489	0	
3.95744	-17.2008	184.355	0	
2.19711	-17.4582	188.454	0	
-136.554	-17.9768	861.662	0	
-139	-17.9494	841.439	0	
-138.714	-22.9247	962.394	0	
-140.753	-25.4837	985.832	0	
-71.2725	-28.7024	678.129	0	
-69.7599	-30.9588	672.451	0	
-65.7123	-28.9014	584.51	0	
-65.9817	-26.1974	572.334	0	
-98.5217	-15.799	820.3	0	
-97.2914	-19.7929	956.275	0	
54.9876	-15.838	51.9226	0	
53.9818	-17.0752	43.4483	0	
53.5339	-18.3305	36.9411	0	
54.4581	-17.7947	40.7068	0	
165.098	-17.7495	224.035	0	
166.934	-14.3862	212.527	0	
108.541	-24.4545	183.253	0	
106.542	-21.0393	201.823	0	
-167.393	-12.1256	421.766	0	
-167.708	-16.6642	515.336	0	
-165.216	-23.2927	632.787	0	
-158.752	-27.1846	765.645	0	
-124.889	-17.4752	913.844	0	
-124.878	-19.0059	936.825	0	
98.3811	-18.3701	204.507	0	
95.5366	-18.7374	208.93	0	
-57.0003	-29.9056	512.04	0	
-51.7141	-27.1526	480.772	0	
-46.6087	-24.8123	499.698	0	
-46.5274	-22.9653	497.523	0	
-48.192	-22.661	484.189	0	
-45.0192	-21.6551	507.69	0	
37.4703	-20.8836	103.309	0	
37.47	-19.3655	111.384	0	
36.8921	-22.7155	99.8236	0	
39.5193	-21.6488	85.6091	0	
172.604	-10.9824	226.896	0	
175.931	-8.67229	245.378	0	
170.575	-11.8366	218.851	0	
177.085	-13.1691	267.441	0	
173.981	-9.11549	232.692	0	
173.632	-11.1699	235.341	0	
177.136	-7.87567	250.176	0	
174.361	-5.84346	226.936	0	
174.443	-12.4102	248.947	0	
175.831	-12.1808	250.504	0	
174.044	-13.6952	245.806	0	
174.856	-14.9547	260.369	0	
39.8027	-26.6671	67.7585	0	
38.6034	-32.4542	71.288	0	
25.5943	-37.6761	169.666	0	
27.7011	-33.4269	150.529	0	
22.2585	-34.0371	185.054	0	
21.3578	-34.9621	188.478	0	
-23.8458	-18.7038	593.903	0	
-22.603	-20.6146	581.251	0	
-9.32174	-21.929	323.895	0	
-6.48187	-22.2744	277.998	0	
-172.058	-16.5135	483.137	0	
-173.455	-24.4017	549.496	0	
-168.314	-21.5067	576.222	0	
-166.251	-28.385	644.237	0	
35.3548	-30.1489	101.153	0	
38.1772	-29.6139	76.0445	0	
43.1675	-25.6715	49.4194	0	
42.0804	-26.2278	53.791	0	
40.4603	-23.785	68.9959	0	
42.485	-24.0497	57.6318	0	
38.9197	-22.6286	83.552	0	
38.376	-26.3193	79.7634	0	
42.494	-29.2283	49.3494	0	
44.9988	-30.41	37.9504	0	
70.5112	-20.2413	87.9831	0	
72.6991	-19.2927	117.667	0	
74.2845	-21.3879	99.1145	0	
76.1709	-23.2939	102.344	0	
-86.9291	-28.2626	943.001	0	
-84.2507	-30.6751	918.158	0	
51.7558	-33.4844	21.7421	0	
54.5155	-32.4916	18.6466	0	
49.3715	-35.013	27.5519	0	
53.5958	-34.2445	20.2969	0	
54.8575	-37.854	22.5924	0	
53.0827	-36.2499	22.8977	0	
-9.07383	-23.1922	321.608	0	
-8.51423	-25.9614	330.733	0	
41.7019	-37.3109	55.7102	0	
43.1797	-37.4662	51.9384	0	
54.2831	-36.0962	21.2534	0	
56.9532	-38.3657	22.445	0	
51.8265	-37.6991	27.039	0	
55.7681	-38.5871	23.53	0	
52.782	-37.408	24.1372	0	
53.755	-38.3259	24.7872	0	
51.3919	-39.4754	29.4258	0	
57.4961	-40.7343	25.3038	0	
54.0432	-40.6516	28.0453	0	
57.1173	-43.305	30.0163	0	
47.6751	-39.2372	38.2731	0	
46.7082	-41.8113	47.3415	0	
72.9858	-27.3999	61.8054	0	
71.301	-24.6831	63.0767	0	
66.2014	-29.3062	27.7567	0	
65.9566	-31.8304	25.8437	0	
65.1367	-37.161	25.6012	0	
69.7144	-34.5356	35.6599	0	
64.7759	-32.9682	23.0789	0	
65.7951	-32.7514	26.011	0	
66.9108	-33.1816	27.3468	0	
66.8419	-31.4645	28.0374	0	
66.9598	-30.2363	29.5259	0	
65.3026	-31.2261	24.5267	0	
56.0402	-41.0084	26.5326	0	
58.6047	-41.9667	27.1868	0	
58.4789	-20.7691	28.111	0	
59.3877	-20.2856	29.6684	0	
59.1787	-39.4947	23.5479	0	
60.4597	-40.3332	24.5779	0	
65.4666	-41.1246	29.7731	0	
67.384	-38.4676	30.6977	0	
64.0067	-38.7509	25.372	0	
65.3835	-38.5322	26.4726	0	
152.258	-28.9102	222.258	0	
154.711	-27.0996	225.175	0	
157.708	-26.4394	230.58	0	
156.885	-23.4585	217.17	0	
158.27	-23.2744	225.143	0	
158.983	-24.8357	226.036	0	
160.368	-20.973	221.141	0	
162.527	-20.2467	224.193	0	
-86.7319	-18.7584	820.778	0	
-84.9688	-17.025	745.601	0	
124.353	-19.4143	193.745	0	
123.251	-22.2402	182.774	0	
126.987	-24.9498	179.814	0	
127.751	-28.3526	175.474	0	
67.686	-17.2211	85.8292	0	
70.1248	-18.9125	91.7401	0	
-112.623	-16.8311	872.907	0	
-113.487	-14.4423	761.712	0	
-161.49	-24.7374	695.591	0	
-157.117	-23.4193	758.605	0	
118.188	-20.3574	193.777	0	
121.005	-20.5083	187.447	0	
12.9608	-35.0224	222.579	0	
14.2733	-35.3192	217.84	0	
-120.395	-17.7709	945.889	0	
-119.603	-20.426	1024.27	0	
-117.583	-16.6059	884.602	0	
-114.161	-16.4734	892.361	0	
109.739	-18.4956	197.311	0	
-135.161	-23.2392	1012.09	0	
-133.375	-22.7418	1000.96	0	
-69.4379	-32.1447	675.049	0	
-67.3481	-32.4332	642.807	0	
-65.7361	-30.3381	607.064	0	
-63.1564	-27.7567	536.795	0	
166.402	-16.8314	219.694	0	
169.861	-14.3684	225.481	0	
-171.047	-12.9085	430.021	0	
-168.341	-14.9525	471.716	0	
93.0628	-22.0456	205.51	0	
99.9101	-23.9945	202.648	0	
177.944	-10.1775	258.587	0	
176.129	-3.48983	235.006	0	
37.0328	-27.1856	86.8184	0	
35.5784	-28.913	93.5042	0	
40.5445	-30.647	60.1895	0	
39.5519	-29.4433	67.9187	0	
-25.0192	-16.9209	598.343	0	
-25.6488	-19.8369	615.66	0	
-26.247	-15.9842	601.475	0	
-27.7737	-15.9344	616.639	0	
-26.6913	-21.0005	623.454	0	
-26.1549	-22.5088	608.839	0	
-22.1562	-21.7006	557.197	0	
-19.9303	-20.3382	525.269	0	
-11.1662	-20.5905	349.412	0	
-9.95729	-24.8472	340.737	0	
37.6897	-31.0387	80.265	0	
36.9876	-28.4681	87.956	0	
37.7392	-22.1026	98.3562	0	
36.9642	-24.3272	95.4163	0	
69.4773	-20.698	72.015	0	
71.6606	-22.5875	75.4488	0	
48.1111	-36.0794	32.299	0	
50.7642	-36.7853	26.7063	0	
54.5487	-34.7786	19.9453	0	
52.672	-35.1854	21.5221	0	
70.1927	-28.9273	43.7689	0	
70.7186	-26.5556	51.7371	0	
71.5516	-25.7872	59.3814	0	
69.4789	-23.5731	57.0971	0	
72.7085	-26.1472	66.1724	0	
72.5014	-21.432	97.5124	0	
72.1348	-28.6436	53.6486	0	
74.3198	-28.2877	67.4927	0	
73.6715	-24.1477	80.9637	0	
74.8189	-22.9316	107.229	0	
66.4189	-39.1054	29.3892	0	
67.3109	-37.1548	28.7841	0	
151.213	-30.1887	221.951	0	
154.545	-31.5154	236.443	0	
157.113	-29.0958	237.093	0	
161.639	-23.2412	233.273	0	
125.232	-25.0747	177.414	0	
126.831	-27.0821	176.822	0	
125.903	-29.5042	173.963	0	
128.857	-31.871	177.802	0	
-112.722	-19.5911	999.189	0	
-110.064	-16.5162	888.078	0	
-156.945	-27.2129	776.773	0	
-157.008	-25.7729	783.167	0	
-154.333	-28.2951	837.344	0	
-155.83	-23.9366	771.772	0	
-155.362	-27.4538	821.097	0	
-152.401	-23.7997	823.905	0	
12.0852	-35.973	229.223	0	
21.0758	-41.2329	201.701	0	
171.161	-2.92798	192.178	0	
171.09	-0.561988	191.401	0	
109.399	-22.2032	188.642	0	
110.763	-22.6245	192.535	0	
-70.5021	-33.1394	692.148	0	
-69.9215	-34.5317	690.059	0	
-66.1997	-33.2035	630.34	0	
-64.5991	-31.1541	586.146	0	
36.6243	-33.4504	85.603	0	
41.4584	-35.7421	58.2696	0	
-31.2275	-16.5521	629.378	0	
-29.4963	-20.4076	640.01	0	
-27.9338	-20.0725	635.731	0	
-32.6899	-21.2089	631.62	0	
-27.2996	-27.1282	590.969	0	
-22.7205	-22.8891	580.53	0	
-23.8592	-23.3251	577.684	0	
-20.8307	-23.5805	545.452	0	
-11.6143	-25.5577	377.774	0	
-7.14105	-24.8688	307.658	0	
34.0552	-30.494	105.987	0	
34.519	-32.7364	101.958	0	
46.6356	-35.634	35.153	0	
45.7597	-40.7846	44.7746	0	
72.8477	-30.1898	56.203	0	
76.852	-28.3594	88.1877	0	
79.447	-27.204	106.161	0	
75.1816	-26.0688	81.8205	0	
66.5254	-40.3607	30.9423	0	
71.2919	-36.5639	41.1358	0	
63.9548	-40.784	27.5822	0	
65.5116	-42.6044	31.1993	0	
68.0255	-40.3937	32.8833	0	
69.7781	-41.9816	37.3615	0	
124.36	-24.146	180.9	0	
123.393	-26.4323	175.341	0	
-106.863	-20.7752	1008.05	0	
-107.787	-17.013	887.218	0	
-110.389	-18.0952	931.695	0	
-109.315	-19.1503	977.138	0	
-156.623	-32.059	817.111	0	
-148.286	-27.2517	924.264	0	
10.3084	-35.6062	237.924	0	
9.69356	-37.4959	245.723	0	
19.1869	-36.8195	204.748	0	
14.292	-37.4684	225.209	0	
15.1827	-36.5729	222.924	0	
16.6998	-36.5044	213.283	0	
174.655	-1.27749	219.971	0	
-67.175	-35.7346	662.352	0	
106.914	-22.3775	188.838	0	
109.896	-25.0579	188.202	0	
113.586	-23.4705	184.461	0	
111.702	-21.51	190.124	0	
-71.7298	-32.346	709.052	0	
-73.2464	-34.3869	753.272	0	
-67.6737	-37.883	692.585	0	
-62.3889	-35.6634	608.792	0	
-65.8697	-34.945	637.405	0	
-61.7076	-34.4822	585.439	0	
-24.2455	-25.3192	585.431	0	
-21.9675	-23.9619	547.77	0	
-19.9352	-24.3715	514.409	0	
-18.1791	-23.356	488.008	0	
32.8519	-29.3034	121.965	0	
30.46	-33.7549	135.184	0	
34.1176	-34.0733	106.723	0	
36.2499	-34.7937	91.361	0	
71.0052	-32.9534	39.1253	0	
77.1333	-31.1576	72.4777	0	
62.7482	-42.079	28.807	0	
66.8295	-43.1074	34.7868	0	
124.569	-22.8243	182.402	0	
122.212	-23.1795	184.098	0	
122.587	-27.5649	176.194	0	
123.433	-28.7754	172.732	0	
10.5663	-30.8763	210.898	0	
6.35823	-33.545	238.089	0	
2.61015	-41.161	298.968	0	
9.32968	-49.2432	289.679	0	
-70.5168	-37.5158	728.879	0	
-63.7725	-33.4762	606.615	0	
-64.4879	-35.1094	622.525	0	
-25.8521	-25.7425	593.492	0	
-23.0053	-27.9738	541.687	0	
-21.3273	-25.9836	532.483	0	
-20.1817	-25.5396	524.316	0	
-16.6005	-23.1666	470.919	0	
-17.9634	-21.2446	487.283	0	
31.2272	-31.0249	130.711	0	
29.519	-31.4458	140.842	0	
31.8046	-33.4697	124.035	0	
32.2354	-35.9561	120.628	0	
63.9097	-43.2562	30.4552	0	
62.057	-47.6729	38.4713	0	
120.947	-23.1343	181.887	0	
120.445	-24.3381	182.371	0	
121.293	-26.8941	174.857	0	
121.088	-29.5949	171.67	0	
124.027	-30.9787	172.584	0	
127.29	-29.4973	175.308	0	
173.43	-3.19254	211.77	0	
173.359	-0.604458	212.716	0	
-60.4341	-34.4813	579.567	0	
-60.401	-32.2124	558.071	0	
-63.6793	-37.8036	633.593	0	
-62.2089	-37.9835	619.774	0	
-23.8737	-29.637	547.769	0	
-16.9389	-27.2064	470.194	0	
-13.9529	-31.62	420.585	0	
-15.8561	-25.3149	452.817	0	
-14.3942	-23.8192	421.432	0	
-12.2123	-23.1574	385.462	0	
30.8122	-36.2541	131.548	0	
33.1432	-36.9902	117.557	0	
33.8452	-39.4479	117.181	0	
34.6549	-36.5291	104.035	0	
120.313	-21.6002	190.016	0	
118.387	-23.3389	186.655	0	
118.885	-25.7958	179.71	0	
120.207	-27.8109	175.682	0	
123.389	-32.1636	173.444	0	
124.212	-33.253	173.385	0	
125.364	-30.7501	174.578	0	
127.447	-30.9112	175.451	0	
-59.7941	-35.6272	577.382	0	
-57.9142	-34.4695	555.776	0	
-59.754	-31.031	540.243	0	
-62.1441	-29.7557	546.287	0	
-23.4875	-32.0681	530.908	0	
-18.4193	-27.965	481.851	0	
-21.6494	-27.7047	536.704	0	
-18.4282	-29.28	482.065	0	
116.765	-23.2374	182.276	0	
117.486	-25.8872	177.995	0	
121.573	-32.4942	171.302	0	
120.912	-33.8481	171.812	0	
124.719	-35.6468	176.072	0	
126.728	-34.4566	177.424	0	
-60.4144	-36.7112	602.557	0	
-57.7265	-37.2206	579.367	0	
-56.5126	-34.412	547.927	0	
-58.3962	-30.9756	529.44	0	
-57.8084	-32.1724	534.402	0	
-59.612	-28.3807	515.26	0	
-19.3392	-26.2952	502.22	0	
-19.6046	-27.5625	506.399	0	
-20.7692	-28.528	511.942	0	
-20.1523	-29.9465	492.554	0	
111.008	-26.2154	181.296	0	
117.84	-28.149	175.173	0	
119.348	-34.5327	171.175	0	
121.453	-37.5155	174.26	0	
124.147	-36.9598	177.259	0	
125.921	-38.7931	183.421	0	
-61.7357	-36.7464	606.631	0	
-61.0695	-39.1875	623.099	0	
-55.3478	-35.6558	556.104	0	
-51.8695	-35.4008	540.069	0	
-56.2835	-32.0568	528.05	0	
-55.4752	-30.5789	514.228	0	
112.522	-25.7765	181.922	0	
116.88	-29.69	172.988	0	
-63.3733	-41.0795	657.832	0	
-55.1604	-42.9914	609.103	0	
112.361	-10.9865	191.951	0	
111.764	-8.99044	186.364	0	
36.7501	-16.7377	136.536	0	
37.1734	-14.9717	147.775	0	
35.1723	-14.0649	170.026	0	
34.4643	-16.7525	157.561	0	
33.6968	-14.4997	173.952	0	
33.6171	-15.5012	172.125	0	
33.6277	-17.498	154.459	0	
35.0896	-18.7065	138.923	0	
-45.431	-20.1663	501.476	0	
-37.3075	-17.7898	594.948	0	
62.2212	-11.7396	122.786	0	
61.4763	-13.1811	93.0101	0	
60.4708	-13.7384	86.3684	0	
61.026	-15.84	62.6444	0	
62.2177	-14.4983	79.5478	0	
61.4308	-14.9088	69.0036	0	
63.5292	-16.2698	66.7073	0	
64.3306	-15.8174	73.6898	0	
60.4519	-14.6118	70.2322	0	
60.0471	-15.543	61.6541	0	
63.5056	-17.4551	55.4028	0	
64.8567	-17.1609	65.6259	0	
66.1259	-17.9234	66.0198	0	
65.7436	-16.0078	79.4809	0	
67.1503	-17.8793	75.4193	0	
68.559	-17.3057	88.6887	0	
66.1054	-15.2443	97.8168	0	
64.6872	-14.1898	102.522	0	
67.6019	-18.5565	74.3468	0	
68.9311	-16.5149	106.85	0	
67.1382	-19.4555	62.221	0	
67.3447	-21.1751	54.0255	0	
68.4099	-15.8132	105.654	0	
67.2149	-16.6053	86.2482	0	
68.4327	-15.0014	114.048	0	
67.6463	-13.8118	122.257	0	
69.3977	-14.6084	136.923	0	
66.7874	-13.4907	125.181	0	
66.9645	-15.2927	97.8342	0	
67.6002	-14.6805	114.948	0	
68.6695	-19.9619	71.5559	0	
67.6961	-20.2748	62.9376	0	
8.90114	-28.7089	206.595	0	
8.25252	-31.1271	220.588	0	
-12.7377	-20.4806	371.693	0	
-10.4983	-19.0532	329.977	0	
-132.732	-15.5673	811.704	0	
-134.442	-19.8937	938.027	0	
-57.2877	-25.2257	476.681	0	
-58.7748	-21.4004	458.716	0	
91.7526	-24.6378	183.184	0	
89.396	-21.8491	202.316	0	
29.4391	-28.3989	144.362	0	
30.618	-26.8207	138.618	0	
56.4406	-27.6311	17.1998	0	
57.8966	-27.5137	17.513	0	
67.4543	-22.7618	46.7917	0	
66.6644	-23.9704	41.0528	0	
67.9271	-21.923	56.7036	0	
66.1798	-21.2812	47.0522	0	
60.6729	-18.0716	41.9022	0	
62.3864	-18.8082	42.7233	0	
132.062	-31.2534	181.705	0	
134.78	-29.9573	184.048	0	
-147.971	-22.2679	871.871	0	
-147.98	-25.567	906.03	0	
-143.356	-28.9793	986.682	0	
-139.211	-27.9712	1014.8	0	
-142.857	-22.0678	921.729	0	
-143.396	-24.5631	944.585	0	
1.06127	-23.6304	213.741	0	
2.92948	-25.3407	209.092	0	
-97.1848	-24.0061	1027.16	0	
-94.1992	-18.9474	905.588	0	
101.513	-22.8774	188.441	0	
104.191	-23.008	186.637	0	
-51.6037	-25.6385	480.773	0	
-49.8296	-28.0355	496.529	0	
168.511	-14.9738	220.19	0	
172.561	-13.7673	239.565	0	
178.678	-12.6213	270.179	0	
176.265	-10.7366	255.91	0	
174.036	-16.4635	254.022	0	
176.751	-17.2981	270.518	0	
29.1125	-41.3345	152.402	0	
27.7076	-36.1074	156.621	0	
29.2058	-32.8347	143.583	0	
27.9505	-30.7518	151.762	0	
39.7802	-38.0158	71.0086	0	
42.2558	-40.1022	59.0753	0	
69.5896	-33.0432	35.6831	0	
70.1577	-30.4104	38.2477	0	
68.58	-35.1213	30.8359	0	
71.8695	-34.1343	42.9017	0	
69.9021	-38.6283	36.5923	0	
71.0463	-35.1497	37.2619	0	
73.2194	-34.3444	45.5307	0	
72.6503	-31.6655	46.2444	0	
73.659	-35.8687	49.3419	0	
76.0505	-35.7609	60.0607	0	
-81.6309	-15.9183	685.767	0	
-85.6588	-15.8081	714.034	0	
-85.4227	-18.6377	798.261	0	
-84.3654	-20.2208	812.709	0	
-81.9471	-13.6669	599.986	0	
-83.9249	-13.7997	604.464	0	
68.0859	-26.0916	41.0211	0	
70.1947	-24.4684	56.2614	0	
68.4664	-25.1146	44.2083	0	
68.9147	-26.8752	40.8605	0	
161.985	-26.1936	244.128	0	
163.492	-25.4992	244.337	0	
42.2366	-33.0611	52.0465	0	
40.3642	-35.0897	61.6948	0	
-13.147	-27.6797	404.452	0	
-8.51729	-27.7834	329.58	0	
74.3189	-29.9538	59.0542	0	
75.3953	-31.3218	66.1393	0	
83.0407	-23.7954	169.807	0	
79.4996	-23.8915	137.644	0	
69.8686	-43.8371	40.7352	0	
72.7462	-43.5121	46.746	0	
-105.094	-17.4777	917.219	0	
-108.057	-14.9108	780.512	0	
-103.84	-14.9938	801.48	0	
-106.527	-15.1061	802.377	0	
-109.457	-20.8066	1019.66	0	
-105.254	-21.2212	1024.11	0	
-152.211	-27.219	858.061	0	
-152.726	-25.6731	830.209	0	
17.7365	-37.2814	212.389	0	
19.2774	-35.5021	201.029	0	
17.6051	-38.8966	218.246	0	
19.9951	-37.9877	205.161	0	
15.6777	-39.0152	231.201	0	
12.1014	-40.417	251.183	0	
105.635	-23.4918	196.863	0	
105.895	-25.3856	180.735	0	
108.859	-27.7602	180.059	0	
112.394	-24.3	186.42	0	
110.787	-31.0676	174.828	0	
114.359	-28.3581	175.434	0	
112.76	-28.6009	176.746	0	
114.083	-26.0025	180.955	0	
114.752	-24.5445	182.312	0	
115.71	-21.7904	192.724	0	
-75.6918	-32.8368	779.056	0	
-74.5036	-37.9127	769.294	0	
37.1504	-35.7295	84.569	0	
37.9616	-33.5897	81.2408	0	
36.9595	-37.053	89.9489	0	
39.2117	-35.8425	70.7662	0	
35.6368	-37.5612	99.2985	0	
38.9837	-37.2608	76.8511	0	
37.5831	-39.2329	86.474	0	
40.9674	-38.2098	64.0493	0	
38.398	-39.835	82.1669	0	
39.4713	-39.1272	74.4142	0	
38.5021	-41.5022	84.086	0	
41.324	-39.4317	66.5954	0	
39.8141	-41.4254	76.0092	0	
43.5498	-39.7943	54.6584	0	
37.2568	-42.448	98.4351	0	
38.1286	-45.2879	98.5816	0	
42.2068	-41.3002	64.2394	0	
43.085	-43.7302	65.0219	0	
40.7915	-42.1638	71.4825	0	
45.7087	-46.0424	57.9728	0	
50.1706	-39.6875	31.3471	0	
44.5037	-40.7856	53.1215	0	
43.5215	-41.7215	57.1846	0	
46.1274	-42.9217	49.0184	0	
46.9596	-44.1286	53.3475	0	
50.7284	-43.3044	39.0909	0	
49.1726	-41.2531	37.9001	0	
46.3443	-39.2895	41.0239	0	
60.351	-41.6615	26.741	0	
60.7713	-44.342	31.2681	0	
176.053	-5.25926	235.242	0	
180.326	-3.14261	265.016	0	
-72.9969	-37.0602	761.101	0	
-69.0787	-41.8955	723.695	0	
67.3613	-45.186	38.3731	0	
64.7326	-46.5109	38.2113	0	
30.0197	-35.0664	138.86	0	
30.1509	-37.486	137.993	0	
33.052	-40.8511	116.031	0	
36.3121	-39.8841	99.1104	0	
116.85	-32.8781	171.232	0	
117.157	-36.7249	170.293	0	
122.523	-36.3674	174.615	0	
121.96	-39.3243	176.066	0	
126.423	-40.4011	185.363	0	
128.944	-39.6348	188.763	0	
-48.8504	-33.0517	524.234	0	
-52.1503	-32.2762	516.881	0	
-53.52	-29.8382	500.166	0	
-55.8594	-27.158	489.096	0	
-43.3494	-22.0767	531.812	0	
-41.7929	-20.6088	548.01	0	
-42.3134	-19.0781	529.205	0	
-38.4128	-20.5614	601.281	0	
7.83896	-27.8249	204.932	0	
6.78416	-30.4205	224.895	0	
7.96374	-26.2643	200.545	0	
5.44154	-26.7749	208.996	0	
3.88357	-30.9675	233.731	0	
9.82543	-33.9679	222.138	0	
3.54394	-26.5552	221.735	0	
1.13221	-28.2278	243.417	0	
4.21282	-29.1106	230.025	0	
2.78188	-27.9069	222.456	0	
-13.8405	-21.4829	410.036	0	
-12.5505	-24.6205	381.27	0	
-135.383	-17.4045	857.226	0	
-132.839	-17.3289	845.416	0	
-134.197	-28.9545	1069.57	0	
-129.636	-19.975	993.114	0	
131.928	-34.649	187.273	0	
135.684	-31.431	186.756	0	
138.295	-31.5381	191.162	0	
137.391	-28.1203	187.46	0	
98.4323	-23.1374	189.81	0	
100.862	-27.5064	190.385	0	
-51.8445	-30.6787	509.589	0	
-47.0547	-30.1109	513.957	0	
168.415	-19.6547	244.048	0	
171.375	-14.8892	239.19	0	
179.446	-15.4891	280.275	0	
181.473	-9.28569	282.477	0	
172.038	-16.3259	248.798	0	
173.156	-19.9058	267.958	0	
177.807	-18.3602	287.252	0	
180.292	-19.9532	298.492	0	
73.9876	-39.3487	47.0993	0	
69.9597	-37.4165	34.269	0	
75.0526	-36.6165	50.5035	0	
72.5546	-37.0727	41.9775	0	
78.0017	-36.5881	65.4117	0	
79.6964	-32.4467	80.4428	0	
165.141	-25.9939	253.469	0	
165.883	-23.3737	248.873	0	
-110.86	-21.7276	1051.58	0	
-111.925	-24.2405	1089	0	
-106.779	-19.2802	976.788	0	
-108.171	-21.5694	1037.17	0	
112.72	-30.1473	170.232	0	
115.247	-29.8093	171.941	0	
-78.482	-33.9719	830.031	0	
-77.6932	-36.2808	826.869	0	
-74.1769	-40.2164	779.603	0	
-72.0655	-38.3231	744.106	0	
178.893	-5.42806	257.218	0	
177.372	-2.86262	243.375	0	
28.3354	-34.8122	150.209	0	
28.7305	-37.5936	149.703	0	
28.1359	-38.8329	152.709	0	
31.135	-38.7385	134.893	0	
26.8252	-39.122	168.124	0	
27.9141	-41.6005	161.837	0	
23.1175	-36.3095	183.014	0	
23.8166	-39.7877	181.924	0	
25.5731	-44.7072	186.772	0	
34.5895	-45.0432	125.454	0	
19.2664	-40.9522	218.119	0	
21.7657	-43.173	213.154	0	
30.4416	-42.0674	138.829	0	
30.6104	-39.8307	136.525	0	
31.206	-43.7912	146.672	0	
36.866	-44.1503	100.459	0	
29.9654	-45.4388	150.351	0	
31.0259	-47.7471	154.485	0	
34.0426	-41.8807	123.478	0	
33.1413	-43.7895	121.589	0	
114.036	-30.9007	174.035	0	
116.519	-35.4113	169.574	0	
116.076	-38.3511	167.559	0	
119.351	-40.4956	174.796	0	
120.763	-40.5402	177.848	0	
122.441	-42.5596	183.956	0	
125.238	-41.6669	188.832	0	
127.505	-43.5133	196.545	0	
130.483	-39.9398	194.368	0	
130.055	-35.2711	182.517	0	
-42.9466	-23.6151	536.544	0	
-40.3303	-21.5617	559.445	0	
8.37662	-33.102	230.363	0	
11.1471	-32.5943	221.459	0	
-13.5494	-22.8256	394.575	0	
-15.7075	-23.9579	442.337	0	
-17.0162	-26.0449	466.917	0	
-13.9269	-25.0198	415.494	0	
-15.0577	-28.4936	437.104	0	
-14.6715	-25.9171	431.578	0	
-16.5472	-29.5108	452.597	0	
-11.8959	-27.3178	376.341	0	
-15.4583	-27.5042	437.054	0	
-13.3624	-28.8254	407.056	0	
-12.6832	-30.2536	397.059	0	
-9.65747	-31.8033	364.51	0	
-50.5505	-33.5196	528.67	0	
-48.4731	-30.7997	516.781	0	
-42.1965	-31.7618	542.365	0	
-42.9144	-26.7197	530.115	0	
177.363	-19.8377	284.851	0	
181.798	-20.8704	306.382	0	
179.633	-18.4043	290.415	0	
188.978	-17.5388	326.808	0	
72.5436	-41.7558	43.7626	0	
75.7123	-41.7085	53.2669	0	
77.3514	-40.6712	59.6161	0	
83.1687	-33.9212	104.156	0	
77.3991	-33.8951	69.3009	0	
78.7549	-35.2676	70.8321	0	
165.862	-27.779	265.117	0	
167.928	-28.7438	272.984	0	
166.989	-22.2053	246.531	0	
165.419	-19.6208	229.225	0	
-109.296	-24.0494	1081.17	0	
-110.772	-23.3622	1067.55	0	
-101.653	-21.3259	1015.12	0	
-103.824	-17.0357	878.536	0	
-108.097	-23.1776	1062.79	0	
-106.422	-23.9101	1069.93	0	
109.191	-34.2024	169.665	0	
114.67	-32.4828	167.759	0	
-75.5345	-42.0856	820.024	0	
-76.8788	-46.7452	832.457	0	
-72.5915	-40.2552	770.292	0	
-71.5894	-41.4748	742.536	0	
180.326	-1.52677	267.561	0	
116.887	-39.5978	171.835	0	
113.151	-37.289	164.004	0	
118.512	-41.7362	175.827	0	
118.646	-39.2036	172.334	0	
114.249	-42.4667	170.759	0	
122.929	-44.2833	188.018	0	
125.783	-43.2158	189.707	0	
128.187	-45.3495	199.446	0	
130.129	-44.8359	205.333	0	
130.308	-42.8352	199.444	0	
132.97	-41.6444	202.676	0	
131.526	-37.6784	189.665	0	
134.702	-33.0264	188.665	0	
-45.31	-25.6737	513.226	0	
-41.4632	-26.3529	549.586	0	
-16.1215	-31.2089	448.948	0	
-10.7642	-33.7761	375.824	0	
-10.8139	-30.2194	369.289	0	
-6.6639	-29.4087	325.788	0	
175.912	-20.2401	281.272	0	
177.157	-22.8141	292.259	0	
182.758	-17.9826	301.726	0	
180.619	-17.0804	296.666	0	
80.8009	-31.0879	105.247	0	
77.7594	-29.7288	84.2524	0	
164.043	-29.5084	258.829	0	
168.444	-31.0612	283.106	0	
172.63	-24.8589	278.974	0	
168.234	-25.2592	264.172	0	
168.455	-22.3579	254.228	0	
169.184	-20.9952	249.597	0	
-110.373	-27.9968	1115.24	0	
-107.564	-28.0809	1109.68	0	
-113.267	-23.7646	1078.24	0	
-114.236	-28.7928	1123.2	0	
-98.8831	-19.7577	942.686	0	
-99.4295	-17.5117	897.323	0	
-107.76	-26.3591	1099.98	0	
-102.194	-24.3862	1061.02	0	
111.208	-33.0011	164.529	0	
110.439	-38.0634	166.014	0	
-71.0544	-43.4258	754.955	0	
-69.3941	-43.5681	729.032	0	
113.943	-44.5124	167.924	0	
115.334	-45.1247	176.272	0	
121.761	-46.2761	189.647	0	
119.478	-46.1501	181.529	0	
127.192	-46.9383	205.1	0	
125.38	-46.4343	195.017	0	
135.226	-51.9952	238.189	0	
133.379	-45.1471	214.688	0	
133.452	-39.9434	199.946	0	
132.856	-36.3677	188.759	0	
136.202	-38.0104	199.236	0	
-43.7823	-25.1489	525.332	0	
-45.705	-27.7508	513.746	0	
-40.3409	-27.505	554.594	0	
-37.3168	-28.9752	570.819	0	
174.641	-19.1784	268.888	0	
173.245	-21.5489	269.582	0	
177.354	-24.2643	296.939	0	
183.039	-23.8193	317.083	0	
82.5958	-31.4193	103.588	0	
83.7502	-29.9355	127.726	0	
169.278	-24.0114	262.626	0	
171.21	-23.8375	270.454	0	
171.615	-19.529	255.439	0	
170.879	-17.8175	246.562	0	
-112.96	-28.0117	1118.29	0	
-110.433	-31.273	1123.92	0	
-105.877	-30.4383	1111.6	0	
-106.189	-25.5721	1087.95	0	
-113.668	-22.3493	1062.41	0	
-115.138	-22.4011	1062.09	0	
-112.413	-21.1906	1030.29	0	
-114.709	-19.8175	991.942	0	
-117.461	-21.7738	1054.42	0	
-118.063	-23.0785	1068.73	0	
-118.105	-20.2929	1003.97	0	
-120.721	-19.4463	972.912	0	
-119.925	-24.5633	1084.22	0	
-118.948	-25.6565	1097.56	0	
-114.455	-25.8313	1104.23	0	
-116.07	-26.3642	1109.47	0	
-67.5717	-45.1551	720.191	0	
-64.4284	-39.2213	660.643	0	
178.841	-3.80543	258.755	0	
178.77	-0.718857	254.881	0	
116.816	-41.2186	171.765	0	
118.603	-44.16	181.992	0	
115.792	-46.9242	176.758	0	
123.147	-50.1845	197.929	0	
123.281	-47.7068	198.987	0	
126.484	-52.8912	214.199	0	
134.07	-43.3048	209.822	0	
138.627	-41.3788	218.154	0	
-40.7205	-29.028	550.748	0	
-37.3503	-27.296	575.605	0	
-38.8233	-24.9307	570.012	0	
-38.7608	-26.6684	569.372	0	
171.719	-22.1643	267.371	0	
172.587	-26.4951	284.302	0	
175.895	-24.9879	292.956	0	
179.945	-24.7108	307.291	0	
178.672	-25.1394	303.931	0	
178.552	-26.713	308.167	0	
-122.723	-20.2666	1013.47	0	
-120.28	-22.0787	1046.41	0	
-121.437	-24.6309	1084.03	0	
-121.855	-25.9776	1102.18	0	
-121.672	-23.0745	1060.68	0	
-125.04	-23.327	1059.97	0	
-123.173	-28.213	1110.82	0	
-120.74	-27.0128	1106.3	0	
-125.225	-29.0507	1103.68	0	
-120.959	-28.2838	1116.57	0	
-122.409	-30.7236	1119.98	0	
-119.431	-32.8712	1128.17	0	
-120.747	-30.9192	1122.66	0	
-116.605	-32.9996	1128.11	0	
-118.623	-28.3649	1118.29	0	
-115.861	-27.8462	1119.7	0	
-116.038	-31.053	1128.38	0	
-111.619	-28.8353	1120.34	0	
-67.7937	-47.6284	733.209	0	
-65.2242	-49.4008	707.622	0	
-67.3325	-41.5855	701.68	0	
-66.1564	-43.7088	699.274	0	
116.559	-43.9253	173.111	0	
115.865	-42.2658	171.798	0	
-43.7527	-29.5846	529.402	0	
-40.6098	-32.0612	550.878	0	
174.394	-26.983	292.415	0	
174.517	-24.1192	284.347	0	
179.955	-28.1897	314.866	0	
181.288	-25.837	315.51	0	
-126.475	-21.4781	1028.09	0	
-131.95	-23.9537	1043.47	0	
-114.899	-35.325	1125.52	0	
-111.643	-30.4293	1125.31	0	
110.67	-42.1746	166.345	0	
117.892	-47.7149	185.376	0	
-45.4464	-31.0035	527.534	0	
-45.5797	-34.0523	537.319	0	
-39.9135	-34.0605	551.76	0	
-37.7789	-34.3794	559.34	0	
174.773	-28.8392	297.297	0	
177.154	-27.0656	300.571	0	
179.474	-30.369	317.675	0	
181.081	-32.6116	326.233	0	
181.417	-27.7423	318.308	0	
184.315	-29.1757	330.887	0	
-111.951	-33.1932	1125.77	0	
-110.302	-32.8539	1124.65	0	
-43.1843	-32.9104	541.163	0	
-44.9394	-32.5356	534.938	0	
-42.7531	-34.726	546.301	0	
-40.6555	-37.8436	553.633	0	
-30.5372	-35.2413	549.967	0	
-34.2522	-32.3188	567.657	0	
172.976	-29.7391	292.434	0	
172.613	-31.6244	299.967	0	
186.713	-28.2712	334.703	0	
184.012	-26.3738	323.481	0	
-108.823	-33.4713	1119.16	0	
-108.945	-30.6062	1120.04	0	
-42.3613	-38.9205	557.061	0	
-41.069	-35.5768	552.26	0	
188.437	-29.7069	338.132	0	
185.498	-25.986	328.917	0	
-108.281	-35.3531	1115.91	0	
-105.904	-33.3769	1112.39	0	
190.212	-25.7787	339.739	0	
188.496	-25.9222	334.461	0	
-112.441	-35.0348	1122.45	0	
-108.337	-41.2044	1095.17	0	
-104.423	-32.9007	1108.62	0	
-104.404	-31.2463	1106.9	0	
191.02	-23.5735	338.721	0	
184.835	-21.3759	318.402	0	
187.656	-24.2477	332.957	0	
189.125	-22.6439	334.431	0	
-103.303	-33.9046	1100.09	0	
-106.087	-28.8786	1109.45	0	
-101.999	-30.7453	1094.64	0	
-102.417	-27.3324	1088.33	0	
195.193	-24.8139	346.286	0	
186.464	-20.4332	324.665	0	
-103.663	-35.383	1099.92	0	
-100.67	-34.9065	1086.07	0	
-103.597	-28.5338	1096.34	0	
-103.103	-25.8593	1078.05	0	
-105.468	-36.3129	1104.7	0	
-103.297	-38.1751	1091.13	0	
-99.1372	-34.9667	1076.79	0	
-97.8425	-32.2436	1071.5	0	
-103.338	-30.3023	1103.03	0	
-100.975	-29.3351	1088.47	0	
-99.3879	-31.5194	1083.05	0	
-97.9932	-27.1984	1060.16	0	
-102.594	-39.5909	1077.01	0	
-100.901	-39.4423	1076.17	0	
-96.0785	-31.2165	1061.07	0	
-97.8435	-28.7736	1067.35	0	
-94.6663	-26.7399	1029.23	0	
-99.1636	-23.3391	1032.53	0	
-103.891	-41.4652	1079.22	0	
-98.3435	-43.0905	1036.62	0	
-98.2584	-40.4047	1054.34	0	
-97.2783	-37.3458	1060.44	0	
-105.818	-40.3431	1085.82	0	
-110.861	-39.0749	1101.22	0	
-103.01	-43.4188	1054.01	0	
-104.2	-45.9298	1046	0	
-97.513	-41.7854	1038.23	0	
-94.4328	-41.1659	1023.23	0	
34.1682	-20.2696	136.368	0	
34.8947	-22.1308	120.717	0	
79.8871	-21.2043	161.635	0	
80.4064	-18.5864	184.509	0	
79.1576	-22.5516	141.174	0	
81.2292	-24.7122	140.586	0	
34.4829	-28.1304	109.736	0	
33.514	-26.3598	117.804	0	
-85.8723	-33.9886	954.521	0	
-81.6355	-33.3403	887.387	0	
-0.463014	-27.2873	243.232	0	
-1.80877	-28.3667	266.068	0	
-3.93239	-27.7709	283.294	0	
-3.30838	-31.1014	293.54	0	
-89.968	-24.1266	967.198	0	
-87.6558	-20.467	874.985	0	
-135.841	-25.4863	1034.63	0	
-138.836	-24.5972	1002.26	0	
51.9808	-40.4829	29.9217	0	
49.3711	-42.8522	39.9995	0	
59.2206	-46.3847	36.451	0	
53.1324	-42.4193	31.4004	0	
55.9157	-42.4605	29.2067	0	
58.3503	-43.0853	29.2773	0	
54.2851	-43.306	33.0332	0	
51.7551	-45.8995	42.9906	0	
53.756	-44.9446	36.6142	0	
51.5189	-48.0012	48.5804	0	
-163.04	-25.8513	667.005	0	
-161.697	-30.6159	734.546	0	
-175.846	-14.4441	438.751	0	
-172.59	-20.079	517.965	0	
183.271	-8.77642	290.337	0	
180.285	-6.5429	270.763	0	
148.391	-28.4869	210.082	0	
149.367	-33.4782	224.398	0	
156.316	-32.4316	245.244	0	
158.426	-27.7849	237.41	0	
-28.9947	-24.077	615.569	0	
-30.1695	-22.4031	636.961	0	
45.5163	-38.1844	44.5456	0	
45.5308	-36.561	41.2216	0	
-59.69	-42.0198	631.247	0	
-57.1967	-44.5064	629.967	0	
93.3659	-25.8085	186.934	0	
94.7557	-22.1793	196.566	0	
-145.851	-29.1184	949.205	0	
-146.941	-36.5482	942.751	0	
68.907	-45.5947	41.3539	0	
70.1396	-47.2659	44.7136	0	
37.3647	-47.952	110.822	0	
38.8877	-49.4514	100.923	0	
43.7648	-45.7349	69.2293	0	
46.4731	-47.6718	63.488	0	
41.7485	-46.5589	75.9553	0	
45.7132	-50.1212	71.2206	0	
43.4008	-50.6214	87.9478	0	
54.3775	-48.0462	43.1694	0	
49.8513	-37.9397	30.9459	0	
48.0185	-41.0297	38.9221	0	
57.6916	-46.8444	36.8965	0	
60.4849	-48.4028	38.9699	0	
-2.08123	-34.5746	300.916	0	
5.54262	-35.2104	255.694	0	
102.319	-33.2525	160.68	0	
107.408	-25.8306	188.447	0	
181.028	-10.6882	279.793	0	
179.977	-8.09044	269.654	0	
21.4277	-38.0634	193.984	0	
22.0887	-39.8018	200.133	0	
17.8566	-43.0244	225.478	0	
19.486	-44.5174	221.858	0	
74.298	-44.145	51.4376	0	
73.9827	-40.9542	48.7171	0	
74.7089	-45.7904	54.5785	0	
77.3368	-44.0102	60.5022	0	
71.7721	-46.3706	47.66	0	
76.4175	-48.7738	64.529	0	
79.6713	-43.3406	69.2993	0	
78.638	-38.0119	66.5126	0	
-17.6228	-32.7635	459.846	0	
-16.6679	-34.7853	447.025	0	
-6.86342	-36.0274	337.645	0	
1.37928	-33.4647	265.351	0	
-102.894	-22.8898	1044.39	0	
-100.093	-24.705	1052.74	0	
185.213	-6.26587	297.465	0	
182.02	-0.807917	275.285	0	
81.8273	-35.5762	85.7679	0	
85.2445	-34.2634	105.303	0	
86.1768	-28.2283	148.784	0	
83.1382	-28.0016	129.489	0	
87.7616	-28.1933	151.722	0	
85.6231	-25.7352	172.383	0	
88.9047	-30.0502	153.95	0	
90.6838	-30.0843	146.409	0	
86.2994	-31.7825	131.566	0	
89.5872	-34.3238	137.624	0	
92.302	-32.2213	155.872	0	
94.8962	-29.781	173.246	0	
138.387	-37.7529	208.992	0	
135.316	-39.7634	205.185	0	
-32.6376	-24.0937	616.358	0	
-36.966	-21.8475	592.113	0	
-35.6854	-29.4824	573.819	0	
-35.6775	-26.2709	592.245	0	
-35.5114	-31.6004	569.224	0	
-32.7891	-29.5456	581.727	0	
-33.6043	-34.181	559.889	0	
-31.9087	-33.9135	565.199	0	
-31.1954	-28.9125	590.53	0	
-32.5721	-25.8797	604.994	0	
-34.2971	-36.1294	559.599	0	
-33.0697	-37.9186	548.625	0	
-28.7651	-34.6895	553.734	0	
-28.4155	-32.9392	552.934	0	
184.727	-23.1456	321.44	0	
183.277	-20.2237	310.786	0	
-126.564	-27.1693	1101.33	0	
-129.774	-23.8737	1051.42	0	
-64.243	-43.5814	678.615	0	
-59.8513	-43.8457	644.73	0	
106.996	-45.2231	160.321	0	
108.189	-52.8719	166.08	0	
111.326	-48.3609	165.58	0	
120.68	-51.809	204.888	0	
-42.3829	-41.0093	562.775	0	
-39.0796	-43.976	561.364	0	
190.183	-19.2123	331.949	0	
190.544	-16.0572	333.636	0	
-98.9041	-36.8033	1069.33	0	
-95.9298	-36.1307	1053.21	0	
-94.3769	-36.6784	1037.47	0	
-93.4019	-34.4304	1035.75	0	
-94.7654	-39.489	1033.14	0	
-91.6489	-38.1588	1008.61	0	
-92.2006	-33.4142	1025.34	0	
-96.0564	-29.51	1055.35	0	
-92.005	-41.4631	1002.45	0	
-90.4243	-39.6897	1000.75	0	
-88.0635	-38.9813	957.153	0	
-87.7646	-34.1203	970.475	0	
-90.7386	-33.5415	1005.36	0	
-92.2483	-30.8577	1019.57	0	
-93.1608	-31.9764	1031.9	0	
-92.7747	-29.3449	1021.75	0	
-90.073	-35.3374	1002.12	0	
-88.1921	-32.5838	976.663	0	
-87.4008	-37.1155	976.014	0	
-85.4491	-35.6455	939.714	0	
-87.0574	-31.4281	959.02	0	
-87.6499	-29.8662	968.659	0	
-85.377	-32.134	944.023	0	
-85.2102	-28.3656	929.215	0	
-88.0192	-26.722	963.162	0	
-89.334	-29.7759	984.836	0	
-93.3645	-23.8119	982.613	0	
-96.4524	-22.1585	997.298	0	
-99.901	-43.8119	1039.17	0	
-97.0831	-44.4023	1023.03	0	
-99.47	-45.6768	1024.79	0	
-97.425	-45.825	1018.06	0	
-96.4958	-50.1378	986.286	0	
-93.2671	-45.026	988.125	0	
-3.68324	-33.2828	298.147	0	
-0.585527	-33.0336	275.11	0	
-5.73074	-33.8117	335.925	0	
-9.47163	-35.8269	374.275	0	
-1.96391	-37.1896	306.976	0	
-0.049851	-38.1026	298.45	0	
-141.065	-27.22	994.435	0	
-137.682	-26.1779	1014.36	0	
48.4148	-44.2186	44.5959	0	
50.6066	-45.0448	41.9274	0	
49.6796	-48.6859	55.5899	0	
55.0944	-46.1022	37.2397	0	
-165.166	-25.0785	651.312	0	
-166.898	-26.3556	646.262	0	
186.471	-10.579	312.242	0	
190.907	-2.05163	325.243	0	
147.954	-31.6909	218.061	0	
149.15	-30.0126	214.821	0	
146.952	-37.0358	224.927	0	
154.17	-37.0718	250.95	0	
156.4	-34.3325	247.73	0	
158.689	-34.8816	261.655	0	
157.707	-31.1021	243.698	0	
160.026	-29.1085	244.414	0	
92.9592	-27.7635	168.086	0	
97.1628	-27.0935	188.867	0	
33.7146	-47.3532	129.854	0	
29.0222	-54.2979	189.671	0	
60.8912	-51.5292	48.6994	0	
66.3325	-47.0966	40.0781	0	
10.7709	-43.0554	262.823	0	
12.4371	-47.3286	274.915	0	
24.9377	-47.0507	188.978	0	
23.869	-42.8854	184.108	0	
69.2521	-49.1065	49.0707	0	
71.7524	-50.6368	55.2978	0	
77.989	-50.4268	69.7811	0	
80.1986	-49.3086	74.5184	0	
79.728	-46.8773	70.0068	0	
85.3087	-42.617	91.9229	0	
185.201	-4.46484	299.856	0	
183.438	-3.33384	285.996	0	
-29.9286	-31.7608	572.681	0	
-27.3491	-29.025	579.773	0	
-33.8061	-40.1555	554.02	0	
-29.8709	-40.9787	541.186	0	
-26.8884	-36.3298	530.259	0	
-24.962	-35.7462	533.226	0	
-127.443	-31.6033	1100.54	0	
-123.415	-35.5668	1115	0	
-90.7974	-28.6431	1000.04	0	
-93.2375	-25.6985	1006.69	0	
-87.5642	-25.2495	933.185	0	
-91.2682	-25.993	986.214	0	
-85.9404	-24.8386	909.492	0	
-87.3283	-22.2192	895.019	0	
-84.6766	-26.4141	903.127	0	
-81.8798	-21.788	813.006	0	
-91.391	-22.966	958.414	0	
-93.7409	-20.5118	939.551	0	
-95.3911	-55.1991	942.005	0	
-93.3325	-47.3412	986.264	0	
-143.146	-27.2875	972.133	0	
-140.916	-31.0818	1011.69	0	
47.3709	-51.8366	74.452	0	
56.3913	-52.6308	56.6047	0	
187.042	-13.8203	319.831	0	
188.762	-7.14623	316.276	0	
138.49	-33.6345	197.01	0	
146.155	-31.9527	208.608	0	
75.0758	-51.8157	66.9033	0	
80.2918	-54.8482	85.0297	0	
88.0783	-51.2011	101.902	0	
81.2615	-44.9559	75.5676	0	
181.868	-5.87425	277.708	0	
183.358	-6.91253	291.524	0	
-25.8813	-30.1015	558.6	0	
-29.7003	-30.0426	574.855	0	
-29.5175	-38.7428	535.054	0	
-23.0359	-40.9492	496.319	0	
-130.529	-27.6311	1079.82	0	
-127.544	-34.7441	1094.51	0	
-126.412	-33.4833	1108.14	0	
-127.026	-37.0709	1097.45	0	
-82.857	-19.9199	801.931	0	
-84.3673	-22.2507	852.95	0	
53.0709	-51.3919	55.6195	0	
54.9418	-51.4218	51.4923	0	
189.538	-10.4371	319.927	0	
190.44	-8.60219	326.127	0	
141.835	-39.3983	220.031	0	
144.725	-33.5634	210.432	0	
-22.5244	-36.9003	497.039	0	
-20.5766	-35.5637	496.504	0	
-136.732	-31.6822	1049.42	0	
-129.713	-34.1122	1089.42	0	
51.455	-52.7487	64.9365	0	
53.0972	-56.5498	78.3348	0	
58.383	-49.9373	45.3401	0	
55.6403	-49.2553	47.5591	0	
191.177	-12.4165	333.597	0	
194.197	-12.3514	334.592	0	
-134.887	-30.9218	1062.17	0	
-133.093	-32.6892	1074.05	0	
57.2236	-48.8477	41.6368	0	
58.2492	-51.5539	49.0136	0	
192.948	-7.94191	331.141	0	
-30.3804	-45.7059	534.885	0	
-134.902	-36.1441	1054.5	0	
-130.991	-39.5956	1061.01	0	
-133.042	-34.9153	1070.29	0	
-136.799	-34.6785	1046.23	0	
59.639	-52.4122	50.8904	0	
60.1154	-49.9521	44.258	0	
55.6697	-55.2088	64.7787	0	
66.9907	-49.3459	45.9511	0	
59.7722	-59.961	77.1835	0	
62.046	-58.7477	74.3795	0	
61.8191	-56.087	61.0326	0	
70.7414	-54.571	61.8046	0	
95.593	-20.9321	207.877	0	
97.4596	-20.6928	200.5	0	
-32.6868	-17.369	625.227	0	
-30.6357	-18.9628	640.564	0	
-34.2102	-16.3656	618.852	0	
-34.6648	-19.3385	621.681	0	
-35.1427	-20.8656	620.429	0	
-31.7368	-22.4341	626.6	0	
-34.023	-21.8885	618.687	0	
-34.111	-23.5831	617.183	0	
-155.572	-34.8174	852.314	0	
-152.586	-31.8045	874.181	0	
90.6831	-21.9007	201.294	0	
91.8661	-23.1075	197.745	0	
59.5872	-44.6287	31.8636	0	
61.2808	-42.4934	28.2229	0	
28.0027	-43.981	167.678	0	
22.4259	-47.4936	217.467	0	
112.872	-41.3253	163.261	0	
113.833	-39.0486	168.29	0	
162.464	-33.0885	270.059	0	
164.119	-34.6227	276.168	0	
170.286	-32.312	293.522	0	
171.327	-28.0288	285.165	0	
127.899	-48.7832	207.766	0	
129.151	-52.7156	220.995	0	
134.745	-47.0519	222.475	0	
140.212	-46.5583	235.453	0	
133.469	-49.5964	227.761	0	
138.124	-51.6659	242.58	0	
137.03	-44.6499	222.787	0	
136.643	-46.7729	226.945	0	
142.181	-47.0264	242.74	0	
142.14	-43.2949	233.604	0	
142.734	-48.8757	250.674	0	
146.177	-46.9495	254.979	0	
143.077	-41.1597	226.617	0	
139.541	-39.6385	213.509	0	
79.3525	-29.0774	102.542	0	
81.8032	-27.7839	117.724	0	
-132.454	-25.8182	1057.63	0	
-128.692	-26.528	1081.18	0	
-115.986	-37.8429	1111.07	0	
-114.139	-40.0502	1107.06	0	
166.387	-34.0282	283.111	0	
173.004	-42.4492	320.337	0	
186.437	-32.1833	338.424	0	
191.149	-27.1074	342.95	0	
-53.1033	-43.1841	595.399	0	
-53.0206	-39.4162	572.471	0	
-52.166	-45.177	605.273	0	
-45.9531	-43.3579	576.381	0	
43.8733	-55.2838	100.588	0	
51.2336	-55.0174	73.2049	0	
76.9555	-39.1041	59.3455	0	
80.8026	-41.5099	71.948	0	
83.3576	-40.7957	84.5063	0	
83.7038	-38.9482	86.1874	0	
84.3439	-44.9465	84.0265	0	
87.832	-42.0603	101.577	0	
86.1251	-35.9242	112.986	0	
82.0726	-37.9082	85.7257	0	
-19.7725	-31.7319	498.46	0	
-18.0351	-36.3038	460.401	0	
140.053	-36.2681	207.112	0	
135.993	-34.582	190.463	0	
106.059	-47.8031	153.563	0	
114.32	-54.7655	190.176	0	
115.542	-51.3611	186.137	0	
126.672	-59.4213	235.597	0	
-44.7687	-41.4993	566.404	0	
-44.797	-45.0827	578.359	0	
192.478	-18.9617	340.367	0	
189.659	-14.2717	323.75	0	
194.724	-20.623	343.666	0	
201.693	-8.54729	350.527	0	
185.493	-12.1069	305.557	0	
186.907	-18.229	323.387	0	
-169.124	-25.8431	596.912	0	
-173.359	-26.7975	564.305	0	
153.978	-35.0275	244.638	0	
156.953	-38.2611	263.768	0	
163.694	-36.3115	283.972	0	
160.342	-33.2705	256.937	0	
7.96134	-42.72	282.201	0	
15.6816	-43.0111	244.289	0	
190.889	-4.27199	322.669	0	
183.497	-1.66099	288.377	0	
-36.7546	-40.3141	553.28	0	
-37.1635	-42.7342	559.577	0	
-32.0952	-41.7708	541.101	0	
-28.3579	-42.5756	523.982	0	
-125.262	-45.1631	1052.96	0	
-126.124	-42.5179	1059.78	0	
145.872	-43.363	242.586	0	
144.705	-35.7325	222.4	0	
-139.303	-35.7174	1018.2	0	
-139.342	-38.8111	1019.84	0	
-157.022	-38.4016	783.337	0	
-149.713	-41.9729	881.796	0	
22.3825	-49.9561	222.277	0	
27.1331	-49.0693	189.903	0	
106.782	-41.1465	159.247	0	
109.819	-44.4242	159.462	0	
165.743	-38.3792	293.141	0	
170.134	-34.4251	297.399	0	
168.143	-35.2185	293.123	0	
173.821	-33.9718	305.429	0	
125.953	-50.7568	209.912	0	
130.868	-50.0501	220.864	0	
141.335	-50.2463	249.365	0	
144.689	-51.9094	264.166	0	
139.075	-49.7542	244.626	0	
139.718	-53.5182	254.832	0	
146.273	-53.176	270.315	0	
148.148	-52.2393	275.469	0	
139.284	-55.8907	258.376	0	
141.338	-57.3317	269.526	0	
143.231	-55.6854	265.94	0	
151.573	-61.3738	301.7	0	
151.766	-52.1885	287.468	0	
151.32	-48.1277	275.297	0	
134.326	-54.6811	240.605	0	
136.096	-59.9958	257.099	0	
143.956	-61.1508	284.042	0	
145.482	-55.5917	277.21	0	
147.96	-46.3445	259.137	0	
147.882	-43.2717	249.27	0	
149.128	-48.3046	267.802	0	
152.241	-46.0118	270.363	0	
148.773	-41.205	246.288	0	
145.145	-41.2376	237.335	0	
154.566	-45.6646	274.783	0	
152.692	-42.2433	261.68	0	
151.494	-40.3325	254.11	0	
149.166	-35.9677	235.056	0	
-134.559	-26.8534	1047.24	0	
-131.265	-29.4737	1078.52	0	
193.393	-32.131	350.442	0	
194.584	-28.7085	348.731	0	
-53.7925	-47.2739	624.02	0	
-48.185	-53.0849	607.434	0	
-45.8186	-39.1115	557.825	0	
-49.8968	-41.5349	575.351	0	
84.8021	-47.8437	87.4519	0	
90.7757	-44.0004	114.556	0	
-18.6513	-40.2889	463.924	0	
-14.868	-39.1404	431.329	0	
-48.7864	-47.5773	599.432	0	
-38.2399	-47.1582	563.594	0	
182.868	-12.0397	297.156	0	
183.849	-16.1954	309.798	0	
-169.832	-23.1515	577.692	0	
-170.622	-29.8239	613.918	0	
-172.287	-38.3525	604.552	0	
-168.115	-30.1755	640.249	0	
157.032	-41.0689	274.186	0	
161.242	-41.5557	288.272	0	
193.004	-5.66123	333.875	0	
195.261	-2.27754	341.751	0	
-26.5547	-42.138	521.626	0	
-22.8162	-43.3188	499.176	0	
-25.7228	-40.1245	513.903	0	
19.75	-51.2659	238.003	0	
23.5573	-55.0014	224.673	0	
105.386	-39.5171	153.134	0	
103.332	-43.4459	149.755	0	
165.844	-42.3701	304.525	0	
171.747	-37.9136	309.516	0	
167.923	-37.8807	297.442	0	
172.029	-35.7624	304.608	0	
124.452	-56.2573	222.802	0	
130.405	-58.2875	239.044	0	
149.852	-55.9304	287.701	0	
147.358	-57.33	281.879	0	
152.651	-56.2543	294.27	0	
155.619	-52.2457	292.813	0	
156.843	-48.406	289.778	0	
158.726	-42.6345	282.716	0	
197.72	-25.3389	351.529	0	
193.41	-26.9066	346.522	0	
99.3033	-41.2839	143.573	0	
91.9941	-38.7287	122.664	0	
-50.0565	-49.8007	615.207	0	
-42.1446	-55.7855	582.62	0	
-44.3236	-49.4859	588.701	0	
-44.8267	-53.0011	600.502	0	
-171.082	-18.177	501.339	0	
-177.109	-21.5138	500.88	0	
-178.525	-26.5002	522.396	0	
-172.626	-32.4092	598.432	0	
187.126	-1.7905	308.065	0	
195.261	-4.60421	336.047	0	
189.156	-5.0967	317.146	0	
-30.8879	-48.1973	540.999	0	
-26.716	-50.4828	519.888	0	
-28.4644	-45.1017	527.031	0	
-26.3673	-45.8317	515.921	0	
-20.9972	-45.1978	476.887	0	
-16.7263	-42.2961	449.132	0	
106.043	-37.4768	162.141	0	
101.959	-37.5094	154.462	0	
98.9569	-44.2564	136.669	0	
102.974	-48.1828	152.491	0	
158.717	-57.0577	311.75	0	
157.719	-52.164	302.489	0	
158.733	-49.5291	295.146	0	
154.945	-49.65	291.222	0	
193.107	-36.987	350.101	0	
197.048	-28.0226	350.121	0	
200.679	-23.6581	354.885	0	
200.996	-20.656	353.388	0	
-174.578	-16.3692	469.874	0	
-175.002	-19.9448	500.995	0	
108.959	-36.4973	159.301	0	
106.226	-30.776	177.112	0	
99.8617	-36.894	149.483	0	
95.4957	-36.3984	139.987	0	
162.606	-48.6413	303.763	0	
158.743	-45.4533	288.926	0	
205.122	-34.8084	357.985	0	
198.651	-30.621	356.041	0	
102.756	-31.1122	174.884	0	
104.208	-34.4099	167.581	0	
99.9289	-33.2836	162.283	0	
97.1267	-39.8071	134.587	0	
97.5298	-37.9099	145.611	0	
93.714	-42.8986	119.438	0	
162.183	-51.7293	314.711	0	
168.438	-50.1956	325.139	0	
100.742	-29.8886	167.486	0	
96.4025	-34.402	153.176	0	
93.2667	-36.6159	137.49	0	
93.82	-40.4084	130.935	0	
160.641	-48.3843	302.992	0	
164.537	-46.4676	305.408	0	
167.401	-46.0165	314.036	0	
165.03	-40.1851	291.858	0	
98.88	-31.0485	172.74	0	
96.9152	-29.4571	162.991	0	
91.8689	-34.5997	132.404	0	
89.535	-38.2445	118.148	0	
162.268	-39.502	286.344	0	
162.303	-44.0335	293.714	0	
-150.5	-30.7744	903.068	0	
-147.269	-31.4579	952.497	0	
77.2497	-22.1785	140.596	0	
76.372	-25.1474	104.13	0	
-78.1851	-41.2322	843.153	0	
-79.6007	-45.9755	849.521	0	
-72.2374	-45.289	778.466	0	
-74.9279	-44.8023	796.766	0	
-70.7991	-47.9046	760.515	0	
-72.9404	-50.1893	784.731	0	
176.95	-39.4163	326.519	0	
186.071	-36.9483	341.496	0	
-112.906	-47.3021	1051.19	0	
-107.067	-46.3311	1052	0	
-103.827	-51.1396	998.959	0	
-98.853	-49.9489	989.457	0	
104.455	-29.7402	167.275	0	
108.581	-29.7397	170.37	0	
-13.3512	-37.3852	413.954	0	
-7.16457	-45.9667	374.913	0	
0.318594	-40.6443	307.779	0	
3.87342	-39.1512	282.281	0	
-1.68688	-42.75	330.93	0	
5.72463	-44.9429	293.394	0	
3.1057	-43.9215	309.597	0	
6.60567	-39.6888	268.752	0	
63.5614	-48.6307	40.8248	0	
64.289	-51.0654	47.2703	0	
66.1185	-51.1948	48.3454	0	
67.8611	-52.2865	54.0766	0	
72.1045	-52.66	63.0287	0	
74.6856	-49.7053	59.6578	0	
68.3046	-54.2489	61.5663	0	
74.7871	-55.1239	73.7139	0	
66.3517	-56.0195	63.2235	0	
73.3372	-56.3104	73.3858	0	
76.7002	-55.8484	78.2153	0	
77.3642	-52.269	70.099	0	
68.158	-59.8667	81.0604	0	
70.2247	-58.3859	77.8976	0	
68.2231	-63.183	89.122	0	
73.6837	-58.5372	80.2582	0	
70.9613	-62.9443	93.6471	0	
76.1379	-61.7421	96.7848	0	
75.4289	-59.3309	86.3963	0	
80.793	-57.0563	90.4245	0	
75.3757	-64.5245	104.473	0	
79.0983	-58.5165	92.8405	0	
83.4742	-57.6735	103.453	0	
82.1201	-53.0556	86.6928	0	
77.7608	-67.2085	118.806	0	
78.5987	-61.0642	97.7526	0	
86.8961	-61.9017	124.771	0	
89.4505	-56.8236	117.852	0	
-90.4405	-56.8682	901.699	0	
-91.5241	-49.0558	950.899	0	
52.1411	-59.9635	89.3488	0	
57.4339	-59.0199	76.1612	0	
195.116	-15.1538	346.089	0	
197.816	-19.6061	350.844	0	
60.2895	-64.6992	105.816	0	
64.0082	-60.2196	78.1106	0	
-119.079	-38.1346	1115.33	0	
-124.29	-40.4439	1087.54	0	
186.548	-41.8746	344.368	0	
188.273	-39.4246	345.319	0	
37.3305	-57.1726	137.973	0	
46.6573	-62.6591	120.187	0	
6.29125	-48.2761	313	0	
12.8442	-44.8164	260.425	0	
-39.8848	-49.1929	572.608	0	
-34.6178	-44.7767	551.735	0	
-38.638	-52.0222	562.73	0	
-35.3809	-51.6742	559.445	0	
-122.519	-45.7204	1048.17	0	
-121.135	-40.706	1090.43	0	
-141.299	-33.6619	1008.43	0	
-145.157	-33.899	971.167	0	
130.851	-54.9479	237.447	0	
133.187	-61.2921	254.358	0	
132.415	-65.5151	262.412	0	
138.645	-69.688	286.564	0	
144.181	-66.2711	290.792	0	
148.93	-61.8495	293.927	0	
-56.7662	-46.796	637.839	0	
-62.3803	-47.8614	682.679	0	
-11.7922	-42.1392	398.722	0	
-10.8448	-37.8253	385.258	0	
17.6938	-48.9355	244.447	0	
14.633	-55.4708	279.882	0	
25.1252	-57.7238	222.393	0	
28.3512	-57.4641	200.582	0	
170.041	-42.1413	313.801	0	
175.883	-44.5415	331.95	0	
181.718	-43.2093	340.47	0	
173.957	-39.7807	320.372	0	
117.974	-57.7526	205.907	0	
111.969	-62.8346	200.531	0	
-52.8675	-49.6944	621.018	0	
-52.5361	-54.6222	635.249	0	
-187.456	-28.1303	463.359	0	
-180.734	-36.1044	528.442	0	
197.651	-5.88479	346.577	0	
199.886	-2.3915	352.996	0	
93.2198	-48.805	119.668	0	
102.21	-50.9225	145.632	0	
104.99	-53.6701	162.889	0	
108.494	-49.7445	167.783	0	
203.403	-30.5957	356.401	0	
216.427	-17.4342	361.068	0	
-108.174	-49.0649	1024.86	0	
-108.726	-58.1294	944.786	0	
-6.34454	-40.4809	351.07	0	
-4.78865	-48.5845	368.679	0	
60.842	-62.4721	86.3149	0	
68.2255	-70.0267	122.289	0	
74.2334	-71.925	132.625	0	
77.7274	-70.5366	134.544	0	
48.9271	-60.0504	100.727	0	
57.2723	-66.4045	110.692	0	
54.2573	-65.2645	111.259	0	
65.7038	-67.2323	107.664	0	
66.3968	-58.8072	73.8883	0	
63.7361	-54.7712	61.2227	0	
140.393	-65.3177	282.12	0	
146.817	-69.8888	300.014	0	
-10.3524	-45.4462	409.859	0	
-5.06631	-42.7473	359.051	0	
19.7895	-60.0011	260.694	0	
25.3501	-64.2713	242.484	0	
34.5028	-59.8164	165.158	0	
33.8348	-52.6379	139.396	0	
-57.1584	-53.3513	660.424	0	
-51.8604	-61.0165	627.358	0	
197.513	-8.71164	342.493	0	
199.53	-10.0746	351.128	0	
204.074	-18.1952	357.601	0	
197.704	-16.0943	346.827	0	
62.6976	-67.5556	108.474	0	
66.0017	-64.5498	96.8091	0	
145.654	-73.2729	302.299	0	
149.492	-69.6499	306.149	0	
210.081	-15.2303	360.397	0	
212.976	-14.5966	360.879	0	
199.862	-13.5866	352.472	0	
204.745	-12.4327	356.342	0	
61.958	-70.7687	127.263	0	
70.0085	-77.413	148.191	0	
151.294	-76.5092	312.202	0	
149.839	-66.5465	303.889	0	
207.964	-10.2251	359.346	0	
202.424	-1.22816	351.296	0	
207.547	-12.7637	358.905	0	
205.917	-8.66748	356.528	0	
153.879	-73.5428	316.961	0	
155.794	-62.1763	310.189	0	
201.804	-6.08585	354.749	0	
209.316	-2.77547	362.447	0	
203.943	-5.02597	352.91	0	
208.301	-18.4569	359.363	0	
204.759	-26.3165	358.862	0	
214.827	-3.11387	363.773	0	
207.405	-1.3349	357.099	0	
206.031	-6.30049	359.135	0	
208.455	-5.27816	357.841	0	
214.722	-8.90218	361.945	0	
213.017	-1.44057	360.245	0	
219.008	-1.6733	361.112	0	
220.97	-14.9632	361.327	0	
96.1575	-23.8144	202.295	0	
219.586	-9.77828	361.205	0	
99.2474	-26.3027	176.871	0	
-62.5178	-53.673	696.971	0	
-59.2852	-48.803	662.309	0	
-178.119	-14.6211	448.233	0	
-176.014	-17.8985	475.929	0	
-181.081	-11.7648	414.087	0	
-181.569	-16.7275	441.543	0	
-184.206	-11.9617	416.951	0	
-182.13	-14.8654	431.409	0	
-185.752	-18.4416	429.936	0	
-182.018	-20.6958	458.63	0	
-188.508	-20.599	442.455	0	
-183.09	-22.9079	472.236	0	
-181.47	-26.3744	495.385	0	
-176.366	-23.6161	522.57	0	
88.526	-35.8558	114.96	0	
88.2412	-31.9112	129.469	0	
42.3944	-52.5949	92.3793	0	
41.3656	-48.5167	90.5816	0	
-141.254	-44.4154	963.627	0	
-139.014	-50.9723	938.167	0	
-162.104	-38.759	737.136	0	
-169.977	-48.0265	629.029	0	
-150.66	-36.7209	910.625	0	
-151.571	-39.5249	858.764	0	
-165.683	-41.8664	689.848	0	
-168.318	-33.648	664.549	0	
152.347	-66.1103	307.672	0	
156.338	-58.8277	305.819	0	
154.55	-68.3318	313.259	0	
161.185	-62.0535	319.519	0	
152.814	-70.9253	311.513	0	
163.401	-70.4084	328.626	0	
-34.1289	-48.8472	547.758	0	
-33.4275	-53.5555	544.675	0	
-34.4804	-56.4183	550.163	0	
-31.7761	-57.477	543.172	0	
-36.9141	-57.4398	563.847	0	
-36.1931	-62.0506	555.964	0	
-31.4874	-64.9088	535.127	0	
-24.4366	-59.1682	497.341	0	
-19.3256	-67.1416	475.87	0	
-20.0023	-59.4589	486.654	0	
-17.4772	-55.408	459.79	0	
-25.9915	-55.9083	517.287	0	
-24.5412	-53.4076	496.351	0	
-20.4612	-52.6166	490.726	0	
-22.4231	-47.7945	493.645	0	
-16.2926	-47.4086	449.43	0	
161.386	-58.8391	318.302	0	
165.151	-53.7347	318.603	0	
-79.2129	-38.1634	866.386	0	
-82.9094	-41.1526	905.075	0	
-81.8372	-49.9204	858.797	0	
-76.3294	-49.5166	807.354	0	
-82.9931	-54.1846	855.529	0	
-80.1106	-56.1399	836.523	0	
-85.2254	-55.5537	869.5	0	
-80.8869	-58.8246	820.445	0	
-87.5589	-53.6366	903.692	0	
-88.7173	-59.2207	861.888	0	
-81.7661	-65.0328	789.932	0	
-68.436	-59.6943	734.035	0	
-90.6765	-62.3651	843.825	0	
-88.3549	-65.4664	821.158	0	
-93.5915	-61.1993	880.686	0	
-98.4368	-66.2647	841.303	0	
-85.4608	-72.946	752.464	0	
-68.1768	-67.5094	699.692	0	
-74.657	-55.7867	788.135	0	
-72.7058	-59.3446	762.244	0	
-112.29	-44.6083	1071.29	0	
-109.153	-44.1257	1071.9	0	
-116.142	-47.2323	1046.49	0	
-111.845	-52.4064	1009.14	0	
90.7835	-68.0253	150.142	0	
89.4267	-60.4128	121.042	0	
94.9056	-55.9868	135.387	0	
90.8432	-46.6637	108.181	0	
-99.3827	-55.5211	947.306	0	
-96.4524	-62.0493	870.288	0	
-89.9842	-54.1169	903.527	0	
-85.8578	-44.9908	926.403	0	
-87.0961	-50.7263	899.474	0	
-84.0104	-51.4063	888.882	0	
192.066	-45.2468	350.301	0	
196.641	-36.203	353.394	0	
-129.45	-41.9567	1053.14	0	
-132.058	-44.6134	1020.95	0	
-123.245	-51.5928	997.185	0	
-117.453	-44.086	1073.22	0	
180.607	-35.5744	327.211	0	
178.963	-42.4755	332.439	0	
104.212	-56.6848	161.775	0	
110.69	-55.711	181.292	0	
-59.7204	-67.2111	660.714	0	
-51.8759	-65.249	626.199	0	
-47.5734	-66.5826	604.653	0	
-48.2499	-59.2749	623.559	0	
64.0502	-74.3864	138.107	0	
77.6645	-77.502	154.391	0	
-63.1987	-56.7243	701.898	0	
-57.368	-57.6287	663.043	0	
-144.447	-45.1104	917.819	0	
-135.662	-52.5255	928.597	0	
-135.535	-43.8803	1013.8	0	
-138.305	-46.3901	951.39	0	
-155.221	-40.844	846.623	0	
-150.977	-44.7171	865.792	0	
-39.1182	-54.925	578.877	0	
-42.6538	-58.7973	591.155	0	
-45.6635	-60.5111	597.834	0	
-44.9714	-63.5862	596.22	0	
-48.4357	-73.9619	595.316	0	
-37.2595	-65.1986	557.642	0	
-40.2353	-66.0543	568.466	0	
-33.9875	-67.2443	538.327	0	
-41.7631	-69.9389	574.572	0	
-33.47	-71.0778	538.175	0	
-29.4531	-73.2563	505.352	0	
-27.6898	-64.6753	515.196	0	
157.971	-63.6207	314.86	0	
177.52	-63.0232	340.257	0	
-117.354	-49.8386	1027.57	0	
-120.958	-49.0754	1023.27	0	
-108.873	-54.1903	969.458	0	
-106.352	-52.0492	1015.59	0	
81.0413	-62.1283	109.854	0	
84.3592	-67.4668	132.499	0	
92.1507	-54.5234	120.038	0	
98.6887	-51.238	142.253	0	
183.474	-40.7891	339.97	0	
182.98	-46.657	341.721	0	
190.551	-50.8886	349.288	0	
197.822	-49.8846	351.135	0	
194.135	-42.7285	351.852	0	
199.236	-41.7685	353.783	0	
-127.13	-47.2756	1010.79	0	
-130.599	-47.2871	1013.75	0	
-66.8303	-56.88	725.726	0	
-61.3493	-62.6444	682.225	0	
-149.175	-47.3374	848.436	0	
-146.7	-41.8596	924.795	0	
180.892	-49.4934	340.254	0	
185.294	-53.6824	345.037	0	
-129.245	-55.8908	918.898	0	
-122.824	-54.7619	963.555	0	
-79.2301	-61.8559	794.984	0	
-63.9395	-76.6193	632.7	0	
-151.068	-51.2274	804.065	0	
-143.174	-51.7313	873.408	0	
176.549	-48.1118	334.588	0	
171.751	-59.7509	337.033	0	
187.259	-58.1179	346.946	0	
193.562	-48.1679	351.008	0	
-133.888	-56.6654	896.415	0	
-128.211	-64.7413	835.145	0	
31.2407	-52.6526	167.784	0	
35.2272	-49.1246	128.232	0	
49.3476	-51.0317	61.957	0	
46.5374	-55.0258	83.198	0	
-14.2712	-41.3264	428.787	0	
-17.2882	-38.4429	453.706	0	
36.6176	-64.2791	177.204	0	
47.4908	-66.6743	136.067	0	
2.6688	-49.8697	328.894	0	
3.575	-53.2693	337.11	0	
125.763	-63.5817	238.923	0	
132.262	-74.1649	276.408	0	
13.3437	-52.5007	283.848	0	
14.9502	-49.4443	266.639	0	
9.23966	-57.6129	313.683	0	
17.2603	-62.7989	284.237	0	
212.72	-42.9404	355.455	0	
216.255	-21.5204	360.079	0	
-5.46715	-52.2669	390.871	0	
1.34552	-55.5924	356.193	0	
83.8758	-86.5439	203.478	0	
88.2433	-79.3723	186.592	0	
18.4169	-66.7308	283.869	0	
22.9003	-67.5498	255.446	0	
32.8991	-70.6449	218.129	0	
29.2412	-63.7997	208.324	0	
-175.478	-38.5587	571.247	0	
-177.803	-41.9536	554.419	0	
147.54	-76.6054	307.078	0	
152.944	-79.5911	316.794	0	
-81.4131	-70.4015	737.608	0	
-74.947	-62.5354	756.636	0	
91.6238	-72.0746	165.014	0	
100.853	-73.4622	190.994	0	
87.4912	-48.4378	99.1717	0	
91.6314	-51.3108	112.958	0	
100.925	-57.2149	153.61	0	
104.606	-62.675	175.867	0	
73.5829	-75.9574	149.973	0	
80.3886	-73.8195	146.303	0	
-46.0119	-70.2843	582.776	0	
-41.9503	-79.7218	540.161	0	
157.511	-67.2029	316.316	0	
159.635	-70.2829	322.732	0	
167.72	-60.2583	327.1	0	
164.969	-63.0519	327.812	0	
-125.061	-61.374	880.279	0	
-112.996	-59.2818	933.521	0	
-159.398	-47.3499	744.49	0	
-163.356	-62.4605	620.279	0	
174.626	-56.3821	335.56	0	
173.769	-62.7104	335.469	0	
180.218	-60.2375	342.131	0	
192.8	-68.1407	342.601	0	
193.618	-54.9149	349.124	0	
197.951	-54.432	350.366	0	
33.012	-66.8066	194.568	0	
40.0993	-75.5664	191.731	0	
42.6121	-61.3916	131.765	0	
40.3325	-65.1793	150.61	0	
3.31449	-59.6649	351.718	0	
12.6612	-58.1506	302.329	0	
-10.0525	-52.274	415.017	0	
-9.62737	-60.7381	423.653	0	
14.5927	-69.7333	315.439	0	
17.8767	-77.2292	306.135	0	
-177.576	-35.0494	553.727	0	
-181.139	-41.0971	531.903	0	
-185.127	-41.7937	484.101	0	
-178.588	-49.056	528.343	0	
-175.794	-52.3737	563.35	0	
-172.372	-44.6276	596.93	0	
138.026	-78.5067	294.811	0	
156.583	-80.7363	318.813	0	
159.694	-88.2427	322.514	0	
165.901	-75.115	329.411	0	
97.8494	-66.1972	165.043	0	
100.349	-62.8788	165.276	0	
98.1819	-54.5158	138.667	0	
95.0953	-59.9915	138.714	0	
106.249	-66.2564	188.114	0	
110.333	-66.5915	201.674	0	
67.3114	-73.9678	136.043	0	
70.157	-81.9719	179.907	0	
163.189	-79.1012	326.079	0	
172.637	-75.0004	335.094	0	
-132.975	-73.0844	713.002	0	
-114.79	-68.3765	827.473	0	
202.228	-57.3487	346.91	0	
206.469	-48.4431	351.871	0	
0.673315	-61.9633	372.974	0	
5.63527	-66.3801	348.074	0	
6.82551	-60.4027	338.547	0	
13.7926	-61.7484	296.279	0	
140.556	-93.7145	303.148	0	
151.049	-82.5384	314.22	0	
147.328	-83.5163	310.202	0	
156.402	-84.7668	320.407	0	
102.046	-68.4731	186.532	0	
104.903	-76.6569	212.507	0	
120.196	-73.1628	245.025	0	
116.75	-62.0637	210.699	0	
-2.79553	-59.6066	381.405	0	
-3.82404	-67.2671	389.017	0	
7.4736	-69.5623	347.224	0	
11.3812	-64.239	323.146	0	
146.266	-88.0751	309.647	0	
152.722	-85.6149	315.485	0	
-5.83644	-70.8043	409.501	0	
-2.75351	-73.9487	390.39	0	
1.27761	-72.1762	380.468	0	
14.0787	-73.8948	314.194	0	
141.967	-89.7086	305.218	0	
150.258	-101.789	312.082	0	
-12.1244	-69.4948	443.828	0	
-11.3903	-76.7683	435.249	0	
-6.11958	-86.6871	390.144	0	
5.13715	-73.0113	352.783	0	
-189.994	-31.0651	459.466	0	
-183.377	-33.5711	497.105	0	
-193.645	-30.9673	433.524	0	
-192.975	-37.5987	444.163	0	
-195.551	-27.0464	419.994	0	
-200.852	-31.5742	409.816	0	
-194.469	-41.0619	441.503	0	
-187.519	-44.99	481.904	0	
-207.339	-30.2034	387.23	0	
-203.852	-38.2321	402.099	0	
-211.206	-32.4318	378.205	0	
-205.692	-35.6028	393.288	0	
-205.37	-41.5798	399.087	0	
-205.932	-49.1862	392.173	0	
-216.912	-31.3072	369.056	0	
-216.115	-40.1283	369.648	0	
-209.16	-42.3373	383.497	0	
-201.281	-47.4764	410.228	0	
-198.312	-41.0577	420.39	0	
-201.576	-43.4086	408.686	0	
-211.967	-39.2603	380.245	0	
-217.249	-44.6089	370.049	0	
-210.353	-56.3159	378.981	0	
-193.837	-59.4502	420.945	0	
50.9867	-72.462	151.876	0	
58.3464	-70.8306	126.89	0	
47.7026	-74.7043	167.697	0	
53.1085	-80.4236	176.905	0	
-87.5893	-78.6391	691.951	0	
-70.4451	-80.5271	636.611	0	
-29.4948	-77.8336	500.958	0	
-25.0068	-78.7489	481.858	0	
120.7	-64.82	228.754	0	
118.072	-69.1905	231.945	0	
133.131	-78.5139	283.847	0	
141.27	-74.0255	291.775	0	
211.023	-21.9093	360.788	0	
215.146	-30.7113	359.414	0	
-76.8676	-72.2666	720.515	0	
-77.0636	-78.8181	670.507	0	
179.136	-68.0632	339.905	0	
184.747	-61.3535	343.147	0	
174.906	-70.4597	335.99	0	
180.901	-83.3747	333.352	0	
29.15	-76.8303	253.444	0	
36.1442	-74.5917	223.134	0	
-177.113	-56.3251	520.166	0	
-168.506	-55.4108	602.618	0	
61.4862	-77.9838	158.882	0	
67.2259	-84.6619	178.147	0	
68.0809	-90.0088	207.321	0	
72.2934	-91.7037	204.229	0	
200.496	-62.3077	346.549	0	
210.893	-63.5972	344.642	0	
104.123	-84.5738	234.88	0	
115.984	-81.7988	251.386	0	
-13.5892	-85.2264	420.464	0	
-7.93447	-79.133	406.791	0	
13.0016	-95.0989	333.337	0	
6.73268	-80.798	356.732	0	
-221.837	-45.9562	359.372	0	
-218.693	-53.6682	362.491	0	
43.3538	-72.4333	179.133	0	
41.9262	-80.2295	213.208	0	
54.9587	-84.1961	195.986	0	
62.5863	-82.5492	182.336	0	
-33.222	-80.0815	509.238	0	
-28.7111	-87.3713	467.28	0	
-16.373	-81.4954	448.658	0	
-21.9587	-74.8814	476.665	0	
129.741	-81.4719	279.906	0	
137.898	-86.2985	298.34	0	
211.746	-35.3393	355.807	0	
224.249	-33.0379	356.293	0	
25.3456	-79.8006	272.169	0	
30.0434	-92.2352	281.481	0	
-182.164	-57.2065	496.077	0	
-176.164	-63.658	509.56	0	
-162.125	-55.5658	681.02	0	
-164.912	-46.2896	680.836	0	
64.7746	-92.8306	207.295	0	
62.5888	-101.749	232.782	0	
-24.0067	-85.5126	464.098	0	
-7.2212	-91.7464	401.607	0	
-225.251	-42.3741	358.072	0	
-219.428	-58.9667	358.967	0	
-206.757	-68.6576	380.001	0	
39.2341	-84.2829	223.985	0	
52.6179	-92.4375	226.365	0	
51.6639	-87.8745	210.22	0	
57.246	-93.6935	215.704	0	
-9.99597	-72.0887	423.803	0	
-18.1333	-74.4983	462.034	0	
-12.3237	-64.3518	443.925	0	
-17.6108	-62.9893	460.881	0	
125.467	-79.8968	267.946	0	
124.036	-89.0825	281.637	0	
226.539	-38.2211	351.194	0	
227.971	-28.1174	357.304	0	
-186.286	-53.2391	467.159	0	
-193.324	-53.2527	442.495	0	
-173.699	-67.2124	512.228	0	
-169.34	-66.9177	545.159	0	
78.3268	-98.2666	230.364	0	
81.5971	-94.7796	221.109	0	
60.7471	-90.6157	214.898	0	
58.4504	-100.239	248.674	0	
34.6043	-83.5443	253.574	0	
29.72	-87.3911	268.106	0	
42.3931	-88.2016	232.846	0	
46.8986	-95.5675	244.48	0	
124.989	-74.2313	259.983	0	
114.517	-77.0951	242.291	0	
121.16	-94.9911	279.035	0	
132.516	-99.1312	295.332	0	
-188.251	-63.1892	446.886	0	
-189.248	-71.0381	421.076	0	
-179.797	-71.3658	467.731	0	
-175.486	-71.0162	485.699	0	
78.3965	-104.697	247.063	0	
88.6809	-106.195	253.601	0	
88.1843	-88.9569	208.226	0	
79.5198	-89.7601	205.136	0	
53.5585	-107.022	256.629	0	
63.3916	-123.147	275.086	0	
-182.108	-67.9019	459.423	0	
-186.942	-67.7179	449.692	0	
-162.392	-70.1969	572.826	0	
-160.654	-66.0625	608.038	0	
-188.562	-82.1823	403.074	0	
-161.75	-78.538	517.818	0	
93.2656	-85.6003	222.142	0	
95.4935	-75.4421	188.551	0	
65.4119	-97.4184	234.192	0	
67.1183	-110.331	257.579	0	
-182.369	-75.3313	436.338	0	
-173.835	-76.371	478.437	0	
-195.141	-71.1578	403.831	0	
-197.041	-74.8001	390.89	0	
-159.663	-74.1888	564.255	0	
-154.957	-73.8401	593.533	0	
-155.009	-60.9351	689.066	0	
-159.636	-58.9899	654.031	0	
72.6395	-112.006	257.831	0	
70.3537	-103.606	244.444	0	
-199.851	-60.8927	406.966	0	
-207.29	-74.4576	364.245	0	
-194.327	-85.6946	376.29	0	
-189.793	-78.3096	408.158	0	
-167.187	-80.1955	489.951	0	
-164.214	-88.7374	460.389	0	
74.3873	-116.53	267.9	0	
81.9904	-108.581	255.467	0	
-196.528	-81.1724	385.092	0	
-193.957	-77.8024	394.629	0	
-213.3	-77.2694	358.105	0	
-205.021	-100.653	344.427	0	
-199.749	-89.7012	363.471	0	
-187.82	-89.9135	394.074	0	
-146.119	-77.0175	635.032	0	
-144.203	-71.9746	666.588	0	
71.4981	-120.115	270.122	0	
80.5638	-124.829	273.599	0	
-187.165	-94.4676	386.154	0	
-176.885	-80.8774	444.338	0	
-181.802	-96.5092	395.434	0	
-178.589	-93.3929	404.796	0	
-184.492	-83.217	415.029	0	
-184.071	-87.5795	405.254	0	
-178.188	-106.694	371.07	0	
-173.654	-93.7501	420.447	0	
-180.202	-89.0172	414.072	0	
-170.127	-96.7361	415.517	0	
-164.564	-94.1615	445.641	0	
-172.832	-89.0828	432.647	0	
-161.231	-102.772	423.305	0	
-154.699	-83.465	522.942	0	
224.874	-23.4474	358.471	0	
229.918	-3.69747	361.151	0	
-53.5497	-73.6537	605.972	0	
-55.509	-82.1277	573.391	0	
-55.4284	-68.6426	639.137	0	
-64.4692	-71.0572	669.36	0	
-57.9304	-92.7117	526.727	0	
-46.5538	-91.4129	506.651	0	
196.894	-72.7681	338.949	0	
204.456	-65.4599	341.251	0	
157.313	-93.2485	318.966	0	
165.713	-99.8409	321.531	0	
164.271	-85.1725	325.34	0	
174.691	-81.2521	331.894	0	
159.062	-98.1203	318.559	0	
151.274	-93.334	315.749	0	
-98.2243	-85.4305	646.493	0	
-90.2556	-93.8171	585.142	0	
215.407	-67.5774	336.484	0	
222.517	-60.2222	339.512	0	
-37.9801	-77.3431	536.1	0	
-40.9168	-84.8221	522.916	0	
-46.3954	-86.3648	528.189	0	
-40.9909	-95.0428	490.78	0	
-31.6772	-95.8561	457.117	0	
-20.2324	-88.759	441.848	0	
-30.0413	-110.484	412.881	0	
-12.2691	-92.7673	402.174	0	
-22.9128	-93.58	438.588	0	
-20.6306	-104.489	409.406	0	
21.928	-76.1477	279.674	0	
10.8594	-84.9475	336.047	0	
-3.35488	-94.1435	375.644	0	
-0.635038	-86.066	388.228	0	
-224.42	-36.5155	358.941	0	
-231.629	-28.6917	354.28	0	
-232.882	-47.8968	352.969	0	
-237.636	-60.6263	347.406	0	
-224.839	-62.291	350.484	0	
-227.657	-75.5096	341.031	0	
233.805	-39.2764	353.142	0	
226.306	-17.6924	359.997	0	
23.6013	-95.1421	297.5	0	
29.7809	-105.563	292.302	0	
87.4055	-74.8592	164.449	0	
93.6009	-80.145	185.916	0	
-168.955	-86.6447	464.673	0	
-159.91	-83.7495	507.921	0	
-139.854	-81.0456	611.118	0	
-132.589	-79.016	657.821	0	
63.452	-113.616	263.396	0	
66.6774	-128.048	279.998	0	
84.4832	-128.598	282.098	0	
89.3367	-118.206	270.784	0	
236.547	-27.784	354.243	0	
235.003	-7.67965	360.47	0	
193.66	-78.8941	335.326	0	
218.808	-77.8362	329.164	0	
147.52	-105.599	310.524	0	
154.379	-111.693	312.701	0	
143.152	-105.318	306.793	0	
155.843	-118.707	308.048	0	
162.839	-122.369	310.113	0	
168.461	-118.06	311.357	0	
141.186	-101.337	305.739	0	
135.287	-107.432	301.851	0	
146.184	-113.369	307.889	0	
145.298	-119.123	305.461	0	
143.59	-97.3964	308.375	0	
134.107	-94.2797	298.34	0	
129.727	-110.676	297.029	0	
125.7	-121.017	295.825	0	
214.387	-73.4418	336.672	0	
224.807	-76.1843	332.168	0	
228.847	-57.9322	344.589	0	
224.516	-44.8542	350.614	0	
-41.1569	-99.8821	463.729	0	
-32.1738	-101.372	442.069	0	
9.13671	-91.6952	344.621	0	
19.4572	-87.8374	305.056	0	
-2.90521	-103.203	370.651	0	
4.49799	-94.1492	355.883	0	
-18.5776	-98.8214	409.977	0	
1.54957	-109.395	351.251	0	
-0.266831	-115.38	351.657	0	
6.65406	-108.814	347.15	0	
0.636713	-126.525	340.921	0	
7.33465	-103.284	340.366	0	
10.9619	-112.775	328.358	0	
24.0927	-102.457	310.417	0	
-238.724	-29.7747	349.863	0	
-233.515	-37.1186	354.45	0	
235.526	-46.1144	347.163	0	
31.2244	-113.049	294.626	0	
40.0281	-106.764	271.836	0	
-138.325	-70.071	734.365	0	
-138.674	-63.493	772.928	0	
55.674	-113.756	269.395	0	
52.9177	-119.351	276.571	0	
64.2043	-133.488	283.627	0	
69.3435	-137.872	283.514	0	
137.158	-116.702	302.152	0	
130.605	-116.017	300.136	0	
-45.1551	-102.272	465.619	0	
-42.7292	-109.644	436.112	0	
-49.5669	-100.039	484.178	0	
-54.5256	-106.334	464.402	0	
-43.4512	-114.525	425.3	0	
-35.9495	-116.224	408.121	0	
-51.1316	-94.0197	514.598	0	
-60.5192	-87.5467	580.709	0	
-59.6066	-109.463	462.542	0	
-48.9173	-121.599	413.965	0	
-48.2128	-116.785	420.803	0	
-44.9102	-124.175	399.923	0	
-31.7899	-119.499	397.546	0	
-27.9	-115.424	399.218	0	
-65.5263	-107.831	477.897	0	
-69.7131	-112.841	458.786	0	
-57.5642	-114.265	441.619	0	
-55.8338	-123.459	413.114	0	
-45.6066	-130.352	388.786	0	
-37.3468	-126.099	388.892	0	
-32.4325	-124.539	385.46	0	
-24.3745	-127.454	369.627	0	
-18.3755	-113.647	385.705	0	
-27.9463	-105.359	421.426	0	
-50.7908	-133.548	391.254	0	
-41.0597	-142.587	367.161	0	
-40.4871	-131.37	383.248	0	
-38.0502	-136.28	373.795	0	
12.1	-101.13	333.837	0	
17.6723	-106.148	311.949	0	
53.8385	-128.285	283.727	0	
53.066	-138.036	288.297	0	
75.4789	-148.418	286.81	0	
84.7579	-139.183	285.711	0	
137.52	-132.787	300.748	0	
149.163	-130.106	303.916	0	
-68.8278	-87.1111	592.767	0	
-84.5958	-88.8521	596.636	0	
-20.5333	-133.103	360.712	0	
-6.06226	-114.905	358.856	0	
-35.3582	-149.2	362.962	0	
-26.7487	-149.981	357.526	0	
-25.5857	-137.818	361.392	0	
-11.5801	-136.075	349.147	0	
-16.8827	-122.526	370.73	0	
-15.6114	-132.407	356.302	0	
-7.61538	-103.313	377.332	0	
-14.2367	-117.988	371.261	0	
-9.62794	-141.154	337.52	0	
-8.94968	-128.129	353.438	0	
-12.3951	-97.8143	408.582	0	
-15.7888	-109.199	388.352	0	
1.72618	-146.819	322.571	0	
-7.44871	-133.345	344.051	0	
3.68066	-121.299	340.421	0	
-6.00478	-125.116	349.409	0	
-1.65913	-136.358	334.953	0	
3.48139	-132.552	332.333	0	
10.6658	-136.717	320.808	0	
27.8822	-120.148	304.234	0	
-126.615	-81.8122	669.723	0	
-120.887	-72.3951	786.47	0	
177.173	-96.8368	325.338	0	
194.76	-85.5909	331.28	0	
-200.092	-67.2814	390.926	0	
-205.788	-55.1172	387.669	0	
-217.586	-72.2404	352.205	0	
-223.761	-70.7921	349.251	0	
-212.077	-84.6956	347.929	0	
-218.527	-88.1761	338.707	0	
-201.603	-108.157	338.944	0	
-191.524	-97.6734	359.432	0	
-193.849	-105.814	352.631	0	
-187.716	-117.624	349.048	0	
164.155	-110.915	316.072	0	
181.724	-91.0942	327.33	0	
81.2995	-134.704	281.763	0	
91.5661	-135.671	284.908	0	
207.03	-81.8804	331.646	0	
211.348	-88.0401	325.529	0	
229.275	-80.664	326.361	0	
234.018	-61.4815	341.791	0	
9.80491	-119.275	331.063	0	
16.7488	-132.756	318.705	0	
21.307	-119.277	315.116	0	
47.1236	-121.629	285.295	0	
41.4406	-119.7	289.202	0	
47.4615	-127.065	287.467	0	
-66.085	-101.049	509.048	0	
-76.3044	-91.6081	591.874	0	
-79.2493	-120.354	432.966	0	
-70.0181	-124.944	414.702	0	
-126.21	-87.803	602.111	0	
-116.72	-83.5849	673.423	0	
-177.569	-101.15	390.525	0	
-170.541	-119.918	363.668	0	
227.657	-86.9517	325.332	0	
232.666	-67.984	335.105	0	
15.7844	-123.714	320.203	0	
28.7262	-131.74	303.446	0	
30.8669	-125.098	302.01	0	
43.7084	-131.686	292.678	0	
-88.161	-121.014	443.883	0	
-79.7089	-132.243	395.821	0	
-131.321	-91.4231	564.132	0	
-124.63	-100.241	515.508	0	
-159.632	-119.206	379.597	0	
-166.537	-104.527	404.732	0	
217.085	-85.603	327.052	0	
226.386	-100.245	315.416	0	
23.629	-136.694	312.157	0	
39.0671	-130.403	296.957	0	
46.3978	-137.551	292.901	0	
56.7536	-133.391	286.865	0	
44.4109	-143.825	294.901	0	
62.3664	-146.063	287.767	0	
-85.9891	-135.186	408.721	0	
-65.5659	-137.323	387.003	0	
-138.991	-87.4618	566.86	0	
-139.994	-101.443	480.695	0	
-125.305	-107.722	468.355	0	
-112.109	-104.368	515.583	0	
-160.983	-113.369	396.315	0	
-157.822	-108.096	407.773	0	
-164.28	-123.718	365.661	0	
-139.265	-116.755	414.33	0	
-143.788	-105.51	452.441	0	
-159.96	-96.6902	440.863	0	
24.9684	-144.158	304.42	0	
34.4279	-135.07	299.757	0	
37.0824	-142.627	298.79	0	
40.8687	-158.354	295.266	0	
48.8254	-154.531	293.514	0	
56.4378	-158.513	290.522	0	
-90.2917	-149.317	387.638	0	
-73.5463	-138.024	391.028	0	
-162.275	-132.165	355.009	0	
-149.98	-124.123	379.81	0	
-149.512	-113.143	412.696	0	
-152.913	-119.216	392.515	0	
-144.039	-91.5974	521.095	0	
-151.314	-89.8186	500.92	0	
-84.242	-158.121	377.646	0	
-77.6057	-144.277	382.228	0	
-177.439	-130.064	344.486	0	
-149.844	-139.135	360.292	0	
-133.444	-116.569	418.59	0	
-134.415	-103.57	476.372	0	
-154.695	-132.56	364.664	0	
-152.145	-148.454	358.062	0	
-129.668	-122.644	415.753	0	
-121.301	-112.504	463.143	0	
-135.881	-127.141	391.245	0	
-119.278	-138.104	375.197	0	
-86.9671	-103.265	505.763	0	
-74.2439	-98.1204	528.21	0	
165.498	-131.816	305.299	0	
180	-142.94	302.915	0	
-57.011	-129.231	398.627	0	
-59.2761	-142.839	381.997	0	
71.2175	-155.595	287.772	0	
-40.6368	-154.997	365.04	0	
-2.42225	-153.529	329.247	0	
-10.0692	-152.644	337.318	0	
21.0632	-149.503	313.568	0	
-235.662	-72.9914	341.776	0	
-225.807	-97.5094	327.788	0	
-230.487	-108.673	318.66	0	
-213.095	-113.528	323.999	0	
-194.861	-122.78	330.541	0	
179.946	-103.208	320.696	0	
193.347	-103.433	318.562	0	
201.177	-86.7992	328.701	0	
220.762	-97.48	318.767	0	
199.441	-123.298	308.099	0	
215.897	-100.992	317.05	0	
210.864	-96.1878	320.87	0	
209.822	-112.917	310.403	0	
200.339	-115.341	311.057	0	
221.346	-109.576	311.014	0	
217.75	-118.323	307.574	0	
222.873	-116.021	309.085	0	
217.392	-126.051	303.706	0	
226.433	-132.988	299.251	0	
230.461	-117.622	308.017	0	
226.649	-106.712	313.734	0	
232.604	-110.951	311.645	0	
-113.667	-98.2364	547.121	0	
-115.65	-110.453	465.343	0	
13.6165	-150.552	313.395	0	
34.4855	-154.293	300.938	0	
-55.8689	-154.812	373.879	0	
-67.5169	-156.486	376.456	0	
-60.9966	-150.256	370.368	0	
-22.5453	-143.803	347.359	0	
-234.089	-85.2069	336.775	0	
-233.785	-92.8588	324.236	0	
-227.38	-116.659	316.666	0	
-216.061	-106.52	328.038	0	
-223.556	-105.016	323.114	0	
176.479	-108.687	318.324	0	
190.884	-111.713	316.05	0	
187.293	-100.259	322.123	0	
201.048	-96.9887	323.383	0	
-95.814	-92.2008	607.113	0	
-106.442	-87.5419	652.504	0	
-109.272	-116.682	457.983	0	
-101.855	-110.659	479.18	0	
10.5615	-158.501	318.276	0	
-49.4176	-151.617	366.028	0	
-239.208	-104.022	319.296	0	
-214.524	-127.139	314.349	0	
-202.505	-122.132	325.036	0	
168.724	-106.854	316.474	0	
177.914	-119.331	312.422	0	
-220.095	-135.731	309.991	0	
-204.781	-142.019	313.665	0	
235.796	-153.045	297.182	0	
-191.241	-129.313	331.233	0	
-177.884	-121.915	346.974	0	
-201.954	-136.083	318.61	0	
-182.63	-140.489	328.335	0	
-200.079	-150.865	309.705	0	
-189.212	-142.363	328.446	0	
-176.811	-146.1	334.917	0	
-168.092	-136.513	343.952	0	
-206.865	-157.807	311.972	0	
-179.283	-156.714	327.498	0	
181.646	-125.91	307.414	0	
195.827	-137.128	303.122	0	
-144.186	-154.785	348.604	0	
-130.229	-141.543	377.441	0	
174.853	-134.085	306.498	0	
192.09	-143.939	303.314	0	
197.307	-153.875	301.454	0	
213.381	-147.566	298.338	0	
174.65	-151.796	303.803	0	
161.371	-151.061	302.481	0	
142.568	-158.594	300.235	0	
