# File: UnstructuredGrid_Inversion_L1_Medium_Iter08.vtk
# (No specific header documentation)

# vtk DataFile Version 2.0
Finite element discrete.
ASCII
DATASET UNSTRUCTURED_GRID
POINTS 4764 double
-2208.06	0	0
-1864.63	0	0
-1578.44	0	0
-1339.95	0	0
-1141.21	0	0
-975.592	0	0
-837.577	0	0
-722.564	0	0
-626.72	0	0
-546.85	0	0
-480.292	0	0
-424.826	0	0
-378.605	0	0
-340.088	0	0
-307.99	0	0
-281.242	0	0
-258.951	0	0
-240.376	0	0
-224.897	0	0
-211.997	0	0
-201.248	0	0
-192.29	0	0
-184.825	0	0
-178.604	0	0
-173.42	0	0
-169.1	0	0
-165.5	0	0
-162.5	0	0
-160	0	0
-158.75	0	0
-157.5	0	0
-156.25	0	0
-155	0	0
-153.75	0	0
-152.5	0	0
-151.25	0	0
-150	0	0
-148.75	0	0
-147.5	0	0
-146.25	0	0
-145	0	0
-143.75	0	0
-142.5	0	0
-141.25	0	0
-140	0	0
-138.75	0	0
-137.5	0	0
-136.25	0	0
-135	0	0
-133.75	0	0
-132.5	0	0
-131.25	0	0
-130	0	0
-128.75	0	0
-127.5	0	0
-126.25	0	0
-125	0	0
-123.75	0	0
-122.5	0	0
-121.25	0	0
-120	0	0
-118.75	0	0
-117.5	0	0
-116.25	0	0
-115	0	0
-113.75	0	0
-112.5	0	0
-111.25	0	0
-110	0	0
-108.75	0	0
-107.5	0	0
-106.25	0	0
-105	0	0
-103.75	0	0
-102.5	0	0
-101.25	0	0
-100	0	0
-98.75	0	0
-97.5	0	0
-96.25	0	0
-95	0	0
-93.75	0	0
-92.5	0	0
-91.25	0	0
-90	0	0
-88.75	0	0
-87.5	0	0
-86.25	0	0
-85	0	0
-83.75	0	0
-82.5	0	0
-81.25	0	0
-80	0	0
-78.75	0	0
-77.5	0	0
-76.25	0	0
-75	0	0
-73.75	0	0
-72.5	0	0
-71.25	0	0
-70	0	0
-68.75	0	0
-67.5	0	0
-66.25	0	0
-65	0	0
-63.75	0	0
-62.5	0	0
-61.25	0	0
-60	0	0
-58.75	0	0
-57.5	0	0
-56.25	0	0
-55	0	0
-53.75	0	0
-52.5	0	0
-51.25	0	0
-50	0	0
-48.75	0	0
-47.5	0	0
-46.25	0	0
-45	0	0
-43.75	0	0
-42.5	0	0
-41.25	0	0
-40	0	0
-38.75	0	0
-37.5	0	0
-36.25	0	0
-35	0	0
-33.75	0	0
-32.5	0	0
-31.25	0	0
-30	0	0
-28.75	0	0
-27.5	0	0
-26.25	0	0
-25	0	0
-23.75	0	0
-22.5	0	0
-21.25	0	0
-20	0	0
-18.75	0	0
-17.5	0	0
-16.25	0	0
-15	0	0
-13.75	0	0
-12.5	0	0
-11.25	0	0
-10	0	0
-8.75	0	0
-7.5	0	0
-6.25	0	0
-5	0	0
-3.75	0	0
-2.5	0	0
-1.25	0	0
0	0	0
1.25	0	0
2.5	0	0
3.75	0	0
5	0	0
6.25	0	0
7.5	0	0
8.75	0	0
10	0	0
11.25	0	0
12.5	0	0
13.75	0	0
15	0	0
16.25	0	0
17.5	0	0
18.75	0	0
20	0	0
21.25	0	0
22.5	0	0
23.75	0	0
25	0	0
26.25	0	0
27.5	0	0
28.75	0	0
30	0	0
31.25	0	0
32.5	0	0
33.75	0	0
35	0	0
36.25	0	0
37.5	0	0
38.75	0	0
40	0	0
41.25	0	0
42.5	0	0
43.75	0	0
45	0	0
46.25	0	0
47.5	0	0
48.75	0	0
50	0	0
51.25	0	0
52.5	0	0
53.75	0	0
55	0	0
56.25	0	0
57.5	0	0
58.75	0	0
60	0	0
61.25	0	0
62.5	0	0
63.75	0	0
65	0	0
66.25	0	0
67.5	0	0
68.75	0	0
70	0	0
71.25	0	0
72.5	0	0
73.75	0	0
75	0	0
76.25	0	0
77.5	0	0
78.75	0	0
80	0	0
81.25	0	0
82.5	0	0
83.75	0	0
85	0	0
86.25	0	0
87.5	0	0
88.75	0	0
90	0	0
91.25	0	0
92.5	0	0
93.75	0	0
95	0	0
96.25	0	0
97.5	0	0
98.75	0	0
100	0	0
101.25	0	0
102.5	0	0
103.75	0	0
105	0	0
106.25	0	0
107.5	0	0
108.75	0	0
110	0	0
111.25	0	0
112.5	0	0
113.75	0	0
115	0	0
116.25	0	0
117.5	0	0
118.75	0	0
120	0	0
121.25	0	0
122.5	0	0
123.75	0	0
125	0	0
126.25	0	0
127.5	0	0
128.75	0	0
130	0	0
131.25	0	0
132.5	0	0
133.75	0	0
135	0	0
136.25	0	0
137.5	0	0
138.75	0	0
140	0	0
141.25	0	0
142.5	0	0
143.75	0	0
145	0	0
146.25	0	0
147.5	0	0
148.75	0	0
150	0	0
151.25	0	0
152.5	0	0
153.75	0	0
155	0	0
156.25	0	0
157.5	0	0
158.75	0	0
161.25	0	0
164.25	0	0
167.85	0	0
172.17	0	0
177.354	0	0
183.575	0	0
191.04	0	0
199.998	0	0
210.747	0	0
223.647	0	0
239.126	0	0
257.701	0	0
279.992	0	0
306.74	0	0
338.838	0	0
377.355	0	0
423.576	0	0
479.042	0	0
545.6	0	0
625.47	0	0
721.314	0	0
836.327	0	0
974.342	0	0
1139.96	0	0
1338.7	0	0
1577.19	0	0
1863.38	0	0
2206.81	0	0
-2208.06	-4856.36	0
2206.81	-4856.36	0
-0.625	-4414.87	0
-0.625	-4856.36	0
-159.375	-2.00447	0
-64.375	-2.00447	0
31.875	-2.00447	0
126.875	-2.00447	0
-113.125	-2.00447	0
-136.875	-2.00447	0
-148.125	-2.00447	0
-154.375	-2.00447	0
-156.875	-2.00447	0
-16.875	-2.00447	0
-40.625	-2.00447	0
-53.125	-2.00447	0
-59.375	-2.00447	0
-61.875	-2.00447	0
-65.625	-1.29455	0
-71.875	-2.00447	0
79.375	-2.00447	0
55.625	-2.00447	0
43.125	-2.00447	0
36.875	-2.00447	0
34.375	-2.00447	0
33.125	-1.29455	0
30.625	-1.29455	0
24.375	-2.00447	0
158.125	-2.00447	0
141.875	-2.00447	0
133.125	-2.00447	0
129.375	-2.00447	0
128.125	-1.29455	0
125.625	-1.29455	0
119.375	-2.00447	0
-114.375	-1.29455	0
-120.625	-2.00447	0
-93.125	-2.00447	0
-103.125	-2.00447	0
-109.375	-2.00447	0
-111.875	-1.29455	0
-138.125	-1.29455	0
-129.375	-2.00447	0
-133.125	-2.00447	0
-135.625	-1.29455	0
-149.375	-1.29455	0
-143.125	-2.00447	0
-145.625	-2.00447	0
-146.875	-1.29455	0
-155.625	-1.29455	0
-151.875	-2.00447	0
-153.125	-1.29455	0
-158.125	-1.29455	0
-18.125	-1.29455	0
-24.375	-2.00447	0
3.125	-2.00447	0
-6.875	-2.00447	0
-13.125	-2.00447	0
-15.625	-1.29455	0
-41.875	-1.29455	0
-33.125	-2.00447	0
-36.875	-2.00447	0
-39.375	-1.29455	0
-54.375	-1.29455	0
-48.125	-2.00447	0
-50.625	-2.00447	0
-51.875	-1.29455	0
-60.625	-1.29455	0
-56.875	-2.00447	0
-58.125	-1.29455	0
-63.125	-1.29455	0
-66.875	-1.09989	0
-69.375	-2.00447	0
-70.625	-1.29455	0
-73.125	-1.29455	0
-79.375	-2.00447	0
99.375	-2.00447	0
89.375	-2.00447	0
83.125	-2.00447	0
80.625	-1.29455	0
78.125	-1.29455	0
71.875	-2.00447	0
63.125	-2.00447	0
59.375	-2.00447	0
56.875	-1.29455	0
54.375	-1.29455	0
48.125	-2.00447	0
45.625	-2.00447	0
44.375	-1.29455	0
41.875	-1.29455	0
39.375	-2.00447	0
38.125	-1.29455	0
35.625	-1.29455	0
29.375	-1.09989	0
26.875	-2.00447	0
25.625	-1.29455	0
23.125	-1.29455	0
16.875	-2.00447	0
156.875	-1.29455	0
150.625	-2.00447	0
145.625	-2.00447	0
143.125	-1.29455	0
140.625	-1.29455	0
136.875	-2.00447	0
134.375	-1.29455	0
131.875	-1.29455	0
124.375	-1.09989	0
121.875	-2.00447	0
120.625	-1.29455	0
118.125	-1.29455	0
111.875	-2.00447	0
-115.625	-1.09989	0
-118.125	-2.00447	0
-119.375	-1.29455	0
-121.875	-1.29455	0
-86.875	-2.00447	0
-90.625	-2.00447	0
-91.875	-1.29455	0
-94.375	-1.29455	0
-99.375	-2.00447	0
-101.875	-1.29455	0
-104.375	-1.29455	0
-106.875	-2.00447	0
-108.125	-1.29455	0
-110.625	-1.09989	0
-139.375	-1.09989	0
-125.625	-2.00447	0
-128.125	-1.29455	0
-130.625	-1.29455	0
-134.375	-1.09989	0
-150.625	-1.09989	0
-141.875	-1.29455	0
-144.375	-1.29455	0
-19.375	-1.09989	0
-21.875	-2.00447	0
-23.125	-1.29455	0
-25.625	-1.29455	0
9.375	-2.00447	0
5.625	-2.00447	0
4.375	-1.29455	0
1.875	-1.29455	0
-3.125	-2.00447	0
-5.625	-1.29455	0
-8.125	-1.29455	0
-10.625	-2.00447	0
-11.875	-1.29455	0
-14.375	-1.09989	0
-43.125	-1.09989	0
-29.375	-2.00447	0
-31.875	-1.29455	0
-34.375	-1.29455	0
-38.125	-1.09989	0
-55.625	-1.09989	0
-45.625	-2.00447	0
-46.875	-1.29455	0
-49.375	-1.29455	0
-68.125	-1.08267	0
-66.5621	-3.20169	0
-74.375	-1.09989	0
-76.875	-2.00447	0
-78.125	-1.29455	0
-80.625	-1.29455	0
105.625	-2.00447	0
101.875	-2.00447	0
100.625	-1.29455	0
98.125	-1.29455	0
93.125	-2.00447	0
90.625	-1.29455	0
88.125	-1.29455	0
85.625	-2.00447	0
84.375	-1.29455	0
81.875	-1.09989	0
76.875	-1.09989	0
74.375	-2.00447	0
73.125	-1.29455	0
70.625	-1.29455	0
66.875	-2.00447	0
64.375	-1.29455	0
61.875	-1.29455	0
58.125	-1.09989	0
53.125	-1.09989	0
50.625	-2.00447	0
49.375	-1.29455	0
46.875	-1.29455	0
40.625	-1.09989	0
28.125	-1.08267	0
29.6879	-3.20169	0
21.875	-1.09989	0
19.375	-2.00447	0
18.125	-1.29455	0
15.625	-1.29455	0
155.625	-1.09989	0
153.125	-2.00447	0
151.875	-1.29455	0
149.375	-1.29455	0
146.875	-1.29455	0
144.375	-1.09989	0
139.375	-1.09989	0
135.625	-1.09989	0
130.625	-1.09989	0
123.125	-1.08267	0
124.688	-3.20169	0
116.875	-1.09989	0
114.375	-2.00447	0
113.125	-1.29455	0
110.625	-1.29455	0
-116.875	-1.08267	0
-115.312	-3.20169	0
-123.125	-1.09989	0
-84.375	-2.00447	0
-85.625	-1.29455	0
-88.125	-1.29455	0
-95.625	-1.09989	0
-98.125	-1.29455	0
-100.625	-1.09989	0
-105.625	-1.09989	0
-110.983	-2.91077	0
-140.625	-1.08267	0
-139.062	-3.20169	0
-126.875	-1.09989	0
-131.875	-1.09989	0
-134.733	-2.91077	0
-150.267	-2.91077	0
-20.625	-1.08267	0
-19.0621	-3.20169	0
-26.875	-1.09989	0
11.875	-2.00447	0
10.625	-1.29455	0
8.125	-1.29455	0
0.625	-1.09989	0
-1.875	-1.29455	0
-4.375	-1.09989	0
-9.375	-1.09989	0
-14.7332	-2.91077	0
-44.375	-1.08267	0
-42.8121	-3.20169	0
-30.625	-1.09989	0
-35.625	-1.09989	0
-38.4832	-2.91077	0
-55.2668	-2.91077	0
-67.5162	-2.26952	0
-75.625	-1.08267	0
-74.0621	-3.20169	0
-81.875	-1.09989	0
108.125	-2.00447	0
106.875	-1.29455	0
104.375	-1.29455	0
96.875	-1.09989	0
94.375	-1.29455	0
91.875	-1.09989	0
86.875	-1.09989	0
81.5168	-2.91077	0
75.625	-1.08267	0
77.1879	-3.20169	0
69.375	-1.09989	0
65.625	-1.09989	0
60.625	-1.09989	0
57.7668	-2.91077	0
51.875	-1.08267	0
53.4379	-3.20169	0
40.9832	-2.91077	0
28.7338	-2.26952	0
20.625	-1.08267	0
22.1879	-3.20169	0
14.375	-1.09989	0
154.375	-1.08267	0
155.938	-3.20169	0
148.125	-1.09989	0
144.017	-2.91077	0
138.125	-1.08267	0
139.688	-3.20169	0
135.267	-2.91077	0
130.983	-2.91077	0
123.734	-2.26952	0
115.625	-1.08267	0
117.188	-3.20169	0
109.375	-1.09989	0
-116.266	-2.26952	0
-124.375	-1.08267	0
-122.812	-3.20169	0
-89.375	-1.09989	0
-96.875	-1.08267	0
-95.3121	-3.20169	0
-100.983	-2.91077	0
-105.267	-2.91077	0
-140.016	-2.26952	0
-127.233	-2.91077	0
-131.517	-2.91077	0
-20.0162	-2.26952	0
-28.125	-1.08267	0
-26.5621	-3.20169	0
6.875	-1.09989	0
-0.625	-1.08267	0
0.937855	-3.20169	0
-4.73316	-2.91077	0
-9.01684	-2.91077	0
-43.7662	-2.26952	0
-30.9832	-2.91077	0
-35.2668	-2.91077	0
-68.534	-4.26556	0
-75.0162	-2.26952	0
-83.125	-1.08267	0
-81.5621	-3.20169	0
103.125	-1.09989	0
95.625	-1.08267	0
97.1879	-3.20169	0
91.5168	-2.91077	0
87.2332	-2.91077	0
76.2338	-2.26952	0
68.125	-1.08267	0
69.6879	-3.20169	0
65.2668	-2.91077	0
60.9832	-2.91077	0
52.4838	-2.26952	0
27.716	-4.26556	0
21.2338	-2.26952	0
13.125	-1.08267	0
14.6879	-3.20169	0
154.984	-2.26952	0
147.812	-3.20169	0
138.734	-2.26952	0
122.716	-4.26556	0
116.234	-2.26952	0
109.733	-2.91077	0
-117.284	-4.26556	0
-123.766	-2.26952	0
-89.0168	-2.91077	0
-96.2662	-2.26952	0
-141.034	-4.26556	0
-21.034	-4.26556	0
-27.5162	-2.26952	0
7.23316	-2.91077	0
-0.016236	-2.26952	0
-44.784	-4.26556	0
-76.034	-4.26556	0
-82.5162	-2.26952	0
103.483	-2.91077	0
96.2338	-2.26952	0
75.216	-4.26556	0
68.7338	-2.26952	0
51.466	-4.26556	0
20.216	-4.26556	0
13.7338	-2.26952	0
153.966	-4.26556	0
148.587	-2.24287	0
137.716	-4.26556	0
115.216	-4.26556	0
-124.784	-4.26556	0
-97.284	-4.26556	0
-28.534	-4.26556	0
-1.03398	-4.26556	0
-83.534	-4.26556	0
95.216	-4.26556	0
67.716	-4.26556	0
12.716	-4.26556	0
149.737	-3.96508	0
33.125	-2.74999	0
128.125	-2.74999	0
-146.875	-2.74999	0
-155.625	-2.74999	0
-153.125	-2.74999	0
-158.125	-2.74999	0
-51.875	-2.74999	0
-60.625	-2.74999	0
-58.125	-2.74999	0
-63.125	-2.74999	0
-70.625	-2.74999	0
44.375	-2.74999	0
38.125	-2.74999	0
35.625	-2.74999	0
25.625	-2.74999	0
120.625	-2.74999	0
-119.375	-2.74999	0
-91.875	-2.74999	0
-108.125	-2.74999	0
-144.375	-2.74999	0
-23.125	-2.74999	0
4.375	-2.74999	0
-11.875	-2.74999	0
-46.875	-2.74999	0
-49.375	-2.74999	0
-78.125	-2.74999	0
100.625	-2.74999	0
84.375	-2.74999	0
73.125	-2.74999	0
49.375	-2.74999	0
46.875	-2.74999	0
18.125	-2.74999	0
151.875	-2.74999	0
113.125	-2.74999	0
-85.625	-2.74999	0
10.625	-2.74999	0
106.875	-2.74999	0
-141.802	-2.87844	0
-98.052	-2.87844	0
-1.80205	-2.87844	0
94.448	-2.87844	0
31.5394	-3.98781	0
129.508	-3.64826	0
126.539	-3.98781	0
-148.512	-4.07398	0
-154.375	-3.42515	0
-151.742	-3.64826	0
-156.875	-3.42515	0
-159.945	-4.38169	0
-53.512	-4.07398	0
-59.375	-3.42515	0
-56.7419	-3.64826	0
-61.875	-3.42515	0
-64.7106	-3.98781	0
-72.2106	-3.98781	0
42.738	-4.07398	0
39.5081	-3.64826	0
34.375	-3.42515	0
36.875	-3.42515	0
24.0394	-3.98781	0
119.039	-3.98781	0
-120.961	-3.98781	0
-90.4919	-3.64826	0
-93.4606	-3.98781	0
-109.508	-3.64826	0
-106.742	-3.64826	0
-145.625	-3.42515	0
-24.7106	-3.98781	0
5.75807	-3.64826	0
2.78942	-3.98781	0
-13.2581	-3.64826	0
-10.4919	-3.64826	0
-50.625	-3.42515	0
-48.125	-3.42515	0
-79.7106	-3.98781	0
102.008	-3.64826	0
99.0394	-3.98781	0
82.9919	-3.64826	0
85.7581	-3.64826	0
71.5394	-3.98781	0
45.625	-3.42515	0
48.125	-3.42515	0
16.5394	-3.98781	0
111.488	-4.07398	0
-87.262	-4.07398	0
8.98803	-4.07398	0
108.258	-3.64826	0
105.238	-4.07398	0
-143.119	-3.4344	0
-99.5093	-3.64606	0
-3.25931	-3.64606	0
92.9907	-3.64606	0
131.428	-5.64493	0
128.082	-4.32968	0
-153.119	-4.25517	0
-150.249	-4.78972	0
-155.625	-4.2447	0
-158.238	-4.4548	0
-58.1193	-4.25517	0
-55.2493	-4.78972	0
-60.625	-4.2447	0
-63.1696	-4.32728	0
41.0007	-4.78972	0
33.0804	-4.32728	0
38.1307	-4.25517	0
35.625	-4.2447	0
-91.9177	-4.32968	0
-111.428	-5.64493	0
-104.822	-5.64493	0
-146.933	-4.35218	0
4.33226	-4.32968	0
-15.1782	-5.64493	0
-8.57177	-5.64493	0
-51.9331	-4.35218	0
-49.375	-4.2447	0
-46.6566	-4.64898	0
100.582	-4.32968	0
81.0718	-5.64493	0
87.6782	-5.64493	0
44.3169	-4.35218	0
46.875	-4.2447	0
49.5934	-4.64898	0
-88.9993	-4.78972	0
7.25066	-4.78972	0
109.751	-4.78972	0
106.817	-4.35266	0
103.501	-4.78972	0
-144.375	-4.24424	0
126.763	-6.63281	0
129.537	-5.5418	0
-151.831	-5.31181	0
-156.894	-4.8174	0
-155.341	-6.56622	0
-158.148	-6.79184	0
-56.8314	-5.31181	0
-64.4845	-6.62861	0
31.7655	-6.62861	0
39.4186	-5.31181	0
-93.2374	-6.63281	0
-101.425	-5.64183	0
-148.169	-6.74499	0
3.01264	-6.63281	0
-5.17531	-5.64183	0
-53.1686	-6.74499	0
-50.6329	-4.80031	0
-51.7591	-5.95743	0
-49.113	-6.5397	0
-48.0774	-4.86082	0
99.2626	-6.63281	0
91.0747	-5.64183	0
43.0814	-6.74499	0
45.6171	-4.80031	0
44.4909	-5.95743	0
47.137	-6.5397	0
48.1726	-4.86082	0
-90.576	-5.30478	0
5.67401	-5.30478	0
108.175	-5.30367	0
105.581	-6.74585	0
101.924	-5.30478	0
-145.633	-4.80027	0
-146.759	-5.95743	0
-144.112	-6.53909	0
-153.537	-6.07737	0
-59.1698	-6.84886	0
37.0802	-6.84886	0
-150.389	-7.02345	0
-55.3893	-7.02345	0
-51.2009	-8.61153	0
-47.0874	-6.63037	0
40.8607	-7.02345	0
45.0491	-8.61153	0
49.1626	-6.63037	0
-88.9617	-7.57552	0
7.28827	-7.57552	0
109.787	-7.57361	0
103.358	-7.02503	0
-142.849	-5.23197	0
-146.201	-8.61155	0
-133.125	-3.88438	0
-36.875	-3.88438	0
59.375	-3.88438	0
145.824	-4.23741	0
130.317	-8.62564	0
-153.655	-9.21523	0
-45.4133	-5.95678	0
50.8367	-5.95678	0
-87.4181	-6.16153	0
8.83192	-6.16153	0
111.332	-6.16131	0
-141.385	-7.91119	0
-130.76	-5.97638	0
-39.2403	-5.97638	0
-34.5097	-5.97638	0
57.0097	-5.97638	0
61.7403	-5.97638	0
-42.5414	-6.06272	0
53.7086	-6.06272	0
-135.49	-5.97638	0
-45.1702	-8.97808	0
51.0798	-8.97808	0
-161.25	-1.48943	0
-164	-2.52812	0
160	-1.48943	0
162.75	-2.52812	0
159.888	-4.75365	0
141.968	-4.76987	0
-70.4123	-4.65683	0
-68.8457	-7.47327	0
-72.3843	-7.20595	0
25.8377	-4.65683	0
27.4043	-7.47327	0
23.8657	-7.20595	0
120.838	-4.65683	0
122.404	-7.47327	0
118.866	-7.20595	0
-119.162	-4.65683	0
-121.134	-7.20595	0
-117.596	-7.47327	0
-22.9123	-4.65683	0
-24.8843	-7.20595	0
-21.3457	-7.47327	0
-77.9123	-4.65683	0
-79.8843	-7.20595	0
-76.3457	-7.47327	0
73.3377	-4.65683	0
71.3657	-7.20595	0
74.9043	-7.47327	0
18.3377	-4.65683	0
16.3657	-7.20595	0
19.9043	-7.47327	0
113.326	-4.67269	0
114.924	-7.49962	0
-85.4238	-4.67269	0
-83.826	-7.49962	0
10.8262	-4.67269	0
12.424	-7.49962	0
133.397	-4.34669	0
124.82	-5.46487	0
-66.4305	-5.46517	0
29.8195	-5.46517	0
-95.1804	-5.46487	0
-98.9845	-6.06748	0
1.06963	-5.46487	0
-2.73451	-6.06748	0
97.3196	-5.46487	0
93.5155	-6.06748	0
-53.9465	-9.53548	0
-48.2314	-9.51616	0
42.3035	-9.53548	0
48.0186	-9.51616	0
104.917	-10.4492	0
101.264	-7.31316	0
-148.947	-9.53547	0
147.898	-5.79326	0
-138.644	-6.33519	0
-129.096	-4.32906	0
-32.846	-4.32906	0
63.404	-4.32906	0
156.658	-6.89561	0
139.713	-5.6068	0
-73.9486	-5.50776	0
22.3014	-5.50776	0
117.301	-5.50776	0
-122.699	-5.50776	0
-115.019	-6.10471	0
-26.4486	-5.50776	0
-18.7688	-6.10471	0
-81.4486	-5.50776	0
69.8014	-5.50776	0
77.4812	-6.10471	0
14.8014	-5.50776	0
112.374	-8.85292	0
-86.3745	-8.85041	0
9.87551	-8.85041	0
134.494	-8.15219	0
135.574	-5.24676	0
124.73	-7.81387	0
-66.5165	-7.81824	0
29.7335	-7.81824	0
-96.0817	-9.16459	0
0.168256	-9.16459	0
96.4183	-9.16459	0
102.622	-9.42722	0
-127.286	-7.82059	0
-126.926	-5.24668	0
-31.0362	-7.82059	0
-30.676	-5.24668	0
65.2138	-7.82059	0
65.574	-5.24668	0
137.533	-6.6947	0
127.284	-9.8695	0
-63.5928	-10.4819	0
32.6572	-10.4819	0
99.3661	-9.61274	0
-124.123	-8.3892	0
-27.8727	-8.3892	0
68.3773	-8.3892	0
123.021	-11.3733	0
-68.2343	-11.3809	0
28.0157	-11.3809	0
-125.089	-6.42925	0
-28.8386	-6.42925	0
67.4114	-6.42925	0
151.783	-5.07678	0
153.791	-7.13718	0
-108.125	-6.89997	0
-113.291	-4.29751	0
-11.875	-6.89997	0
-17.0411	-4.29751	0
84.375	-6.89997	0
79.2089	-4.29751	0
-61.8215	-6.622	0
34.4285	-6.622	0
-156.542	-9.19192	0
-40.7947	-4.29093	0
55.4553	-4.29093	0
-137.045	-4.29093	0
144.416	-8.27481	0
-100.887	-9.76866	0
-4.63746	-9.76866	0
91.6125	-9.76866	0
102.131	-13.6189	0
-60.7287	-9.45988	0
35.5213	-9.45988	0
141.718	-7.55253	0
139.475	-7.8577	0
137.082	-9.65056	0
141.086	-11.3016	0
-40.7791	-10.2946	0
55.4709	-10.2946	0
-167.3	-2.77704	0
-162.911	-8.46956	0
166.05	-2.77704	0
-51.0921	-13.4763	0
45.1579	-13.4763	0
-146.092	-13.4763	0
-137.487	-11.5176	0
109.167	-12.0843	0
-82.9342	-12.2616	0
13.3158	-12.2616	0
-89.7125	-12.3618	0
6.53751	-12.3618	0
-120.731	-12.5898	0
-24.4811	-12.5898	0
71.7689	-12.5898	0
115.819	-12.2647	0
150.395	-8.4385	0
-114.113	-10.9213	0
-17.8627	-10.9213	0
78.3873	-10.9213	0
97.1791	-14.0791	0
-57.3412	-9.81484	0
38.9088	-9.81484	0
133.385	-13.0507	0
-171.26	-3.37193	0
-159.82	-9.64689	0
-165.408	-5.85657	0
170.01	-3.37193	0
164.06	-7.16457	0
-45.8379	-14.156	0
50.4121	-14.156	0
-155.136	-13.8337	0
-136.785	-8.64033	0
-126.616	-13.1778	0
-30.3663	-13.1778	0
65.8837	-13.1778	0
155.612	-11.6135	0
-60.5218	-14.5637	0
35.7282	-14.5637	0
129.984	-12.1329	0
-157.808	-12.1091	0
-132.522	-11.2057	0
-162.762	-14.1043	0
-133.772	-8.45789	0
-158.853	-16.6606	0
-130.939	-8.82767	0
-129.368	-11.5896	0
-131.561	-16.4553	0
-129.253	-14.5684	0
-127.381	-19.2126	0
-126.689	-16.2344	0
-122.259	-18.8329	0
-123.484	-14.7818	0
-73.9865	-12.9487	0
22.2635	-12.9487	0
-105.111	-9.85918	0
-8.86063	-9.85918	0
87.3894	-9.85918	0
-78.4316	-11.5301	0
17.8184	-11.5301	0
-92.6132	-10.1977	0
3.63676	-10.1977	0
-110.902	-9.23383	0
-14.6518	-9.23383	0
81.5982	-9.23383	0
-55.3259	-13.5387	0
40.9241	-13.5387	0
-168.862	-5.85729	0
160.292	-8.86933	0
-34.968	-11.0327	0
61.282	-11.0327	0
126.278	-13.8116	0
-120.252	-16.0156	0
-96.0041	-15.2431	0
0.245878	-15.2431	0
-109.801	-15.2265	0
-13.5512	-15.2265	0
82.6988	-15.2265	0
-174.046	-8.46004	0
-167.134	-10.0052	0
130.294	-17.7465	0
-116.906	-13.8018	0
-92.9293	-13.6474	0
3.3207	-13.6474	0
-116.738	-20.6426	0
-91.9079	-19.376	0
4.3421	-19.376	0
-90.0855	-16.0957	0
6.16449	-16.0957	0
-85.7366	-20.6582	0
-86.2897	-14.5893	0
10.5134	-20.6582	0
9.96033	-14.5893	0
147.231	-14.7188	0
137.643	-13.97	0
-176.012	-4.03819	0
174.762	-4.03819	0
-65.1541	-14.8527	0
31.0959	-14.8527	0
-152.462	-21.2081	0
-53.1089	-20.2966	0
43.1411	-20.2966	0
164.91	-14.0587	0
120.74	-17.8151	0
-102.857	-16.4408	0
-6.60701	-16.4408	0
89.6456	-16.5643	0
-164.907	-21.6498	0
-78.3842	-19.0551	0
17.8658	-19.0551	0
134.7	-17.2819	0
142.277	-16.3938	0
-70.0415	-16.0865	0
26.2085	-16.0865	0
-62.3745	-22.1364	0
33.8755	-22.1364	0
-82.3004	-16.7576	0
13.9496	-16.7576	0
133.242	-24.5799	0
-150.611	-13.7449	0
-148.07	-18.3361	0
-36.1069	-19.4844	0
60.1431	-19.4844	0
-124.211	-27.2358	0
-181.714	-4.8475	0
180.465	-4.8475	0
171.419	-10.6048	0
100.393	-21.7895	0
-66.5645	-19.5632	0
29.6855	-19.5632	0
147.44	-23.5009	0
-140.394	-18.6284	0
-72.595	-22.1173	0
23.655	-22.1173	0
-145.661	-26.8137	0
-133.893	-24.5365	0
-67.4916	-25.7706	0
28.7584	-25.7706	0
-19.8049	-17.1778	0
76.4451	-17.1778	0
112.271	-20.3663	0
-98.4037	-21.7178	0
-2.15366	-21.7178	0
-169.024	-16.402	0
-188.558	-5.81674	0
187.308	-5.81674	0
176.927	-9.27515	0
-80.0298	-29.1695	0
16.2202	-29.1695	0
-59.1054	-32.1591	0
37.1446	-32.1591	0
-26.7543	-19.5837	0
69.4957	-19.5837	0
82.701	-26.2304	0
-13.549	-26.2304	0
-175.381	-25.6273	0
183.138	-10.6102	0
-73.433	-28.679	0
-90.8783	-29.9133	0
22.817	-28.679	0
5.37168	-29.9133	0
192.91	-14.8989	0
176.305	-18.7737	0
-75.945	-39.5028	0
-67.1412	-34.0092	0
20.305	-39.5028	0
29.1088	-34.0092	0
-107.899	-24.8129	0
125.56	-23.8414	0
-196.769	-6.98	0
195.519	-6.98	0
75.1735	-24.7445	0
-21.0765	-24.7445	0
-183.582	-16.3054	0
118.217	-24.7738	0
64.7024	-30.5608	0
-31.5476	-30.5608	0
108.176	-32.1055	0
76.5545	-37.5583	0
-19.6955	-37.5583	0
128.217	-36.5288	0
122.745	-31.0527	0
115.458	-31.5359	0
112.73	-43.4967	0
120.095	-39.1721	0
-158.05	-34.917	0
-60.1566	-45.9702	0
36.0934	-45.9702	0
-206.623	-8.37583	0
206.913	-15.1238	0
-191.629	-13.6984	0
123.348	-53.1447	0
203.834	-7.38871	0
-200.623	-15.2535	0
126.498	-45.0465	0
212.389	-8.46408	0
-191.786	-27.9064	0
-214.651	-21.4359	0
137.909	-54.1475	0
220.33	-20.5748	0
137.584	-42.8512	0
-44.451	-23.1731	0
-51.1117	-28.7531	0
-51.166	-39.709	0
-41.6631	-33.2663	0
51.799	-23.1731	0
45.1383	-28.7531	0
45.084	-39.709	0
54.5869	-33.2663	0
157.872	-21.9195	0
-133.381	-41.4105	0
-4.79388	-31.6949	0
-115.533	-29.5405	0
-122.526	-38.3792	0
-104.135	-39.4181	0
-218.447	-10.051	0
-45.621	-57.2568	0
-32.7859	-46.1943	0
50.629	-57.2568	0
63.4641	-46.1943	0
167.641	-23.5851	0
155.192	-39.4382	0
3.14583	-47.1053	0
-100.712	-30.7483	0
-95.1479	-37.9557	0
-97.2966	-53.0987	0
-85.4823	-37.9325	0
161.281	-31.4054	0
147.757	-48.2112	0
-123.092	-57.3014	0
-90.2949	-46.3683	0
171.118	-45.1865	0
-83.003	-60.9613	0
178.493	-32.9191	0
94.1951	-34.56	0
-232.636	-12.0617	0
160.001	-51.0499	0
150.551	-63.984	0
174.962	-65.9447	0
102.568	-65.3465	0
-15.1262	-58.7238	0
204.88	-39.3647	0
-249.663	-14.4733	0
129.02	-76.996	0
81.3796	-59.1114	0
199.723	-26.7266	0
188.905	-47.5294	0
-179.929	-53.0739	0
248.413	-27.3574	0
25.2623	-74.9223	0
-63.6779	-65.5082	0
-102.758	-79.9509	0
-30.5549	-61.76	0
-44.9756	-82.5519	0
-17.9718	-84.9831	0
-237.283	-40.5716	0
-270.096	-17.3686	0
65.7825	-61.8614	0
50.8218	-83.8588	0
77.9908	-85.4975	0
209.985	-69.0648	0
-152.232	-64.8916	0
22.2381	-57.2889	0
3.9971	-69.4933	0
268.846	-19.0389	0
-78.5477	-85.3666	0
-257.306	-34.0847	0
-294.616	-20.8425	0
7.94029	-98.41	0
293.366	-20.611	0
-257.697	-69.4372	0
-279.685	-37.9567	0
271.969	-55.964	0
159.67	-103.393	0
229.556	-43.907	0
-210.266	-49.5738	0
-324.039	-25.0103	0
322.789	-25.0584	0
-99.3375	-121.482	0
-306.072	-45.907	0
105.66	-94.1815	0
-131.384	-85.1984	0
61.7786	-128.246	0
243.625	-75.0426	0
-230.975	-66.6837	0
-198.913	-84.4022	0
-239.92	-110.911	0
-359.347	-30.0125	0
303.808	-51.0823	0
358.096	-30.003	0
-26.5468	-133.249	0
-285.745	-65.609	0
131.609	-104.983	0
84.715	-112.496	0
-165.318	-99.1816	0
-337.797	-55.011	0
-33.5749	-107.105	0
-276.428	-102.012	0
148.189	-149.186	0
110.013	-120.294	0
89.0462	-143.38	0
132.911	-129.706	0
156.503	-126.935	0
113.454	-144.483	0
188.029	-151.392	0
99.4814	-183.07	0
187.785	-119.159	0
-314.816	-75.2651	0
-60.0419	-104.471	0
54.3776	-173.712	0
-358.785	-101.99	0
-401.716	-36.0148	0
295.717	-104.579	0
400.466	-36.0167	0
336.588	-55.0571	0
-136.18	-121.728	0
-198.756	-129.617	0
221.133	-103.972	0
-375.854	-66.0302	0
316.881	-80.4197	0
374.607	-65.937	0
-117.364	-180.684	0
-272.444	-165.004	0
215.163	-135.069	0
227.77	-186.743	0
258.238	-127.218	0
348.652	-84.7679	0
328.723	-112.144	0
301.273	-156.12	0
391.827	-116.974	0
360.303	-114.192	0
342.057	-151.022	0
373.583	-143.705	0
425.57	-159.594	0
369.553	-197.917	0
-65.8021	-145.057	0
-452.559	-43.2185	0
451.309	-43.2181	0
164.573	-214.174	0
420.01	-79.0418	0
326.431	-191.692	0
-27.2382	-202.102	0
-424.983	-111.38	0
276.545	-200.29	0
-414.639	-73.2993	0
338.01	-263.954	0
-453.398	-83.217	0
-517.119	-61.8727	0
-484.352	-142.864	0
18.3198	-143.174	0
-317.612	-120.199	0
-367.398	-177.119	0
512.321	-51.8623	0
61.9223	-250.718	0
230.433	-271.73	0
475.018	-95.5165	0
585.535	-62.2339	0
540.858	-114.013	0
459.014	-268.584	0
-586.785	-57.2691	0
-429.918	-173.794	0
-506.733	-245.619	0
-403.99	-275.711	0
673.392	-74.6811	0
492.406	-160.052	0
-556.265	-124.834	0
-674.642	-75.9754	0
619.763	-136.93	0
562.831	-185.653	0
669.427	-252.585	0
-199.849	-221.756	0
140.293	-308.416	0
778.821	-89.6173	0
-780.071	-89.3739	0
714.468	-164.296	0
-309.238	-254.791	0
-503.616	-425.421	0
-60.6181	-369.385	0
244.192	-434.619	0
905.335	-107.541	0
-906.584	-107.59	0
-705.871	-251.737	0
-323.067	-417.192	0
44.9711	-355.817	0
-92.4232	-276.067	0
828.112	-197.159	0
13.9339	-531.921	0
135.468	-418.259	0
-197.204	-363.858	0
393.188	-405.405	0
1057.15	-129.048	0
-1058.4	-129.039	0
-827.395	-209.137	0
167.567	-574.388	0
964.484	-236.589	0
-185.733	-566.105	0
575.495	-408.869	0
-965.933	-235.523	0
350.839	-583.974	0
2206.81	-2048	0
1183.27	-331.417	0
-834.945	-425.31	0
-2208.06	-2428.18	0
833.068	-435.557	0
-1182.92	-330.559	0
1239.33	-154.858	0
-1240.58	-154.86	0
-403.854	-629.48	0
22.6525	-799.517	0
2206.81	-1024	0
1457.95	-185.829	0
-1459.2	-185.828	0
248.405	-785.628	0
-669.35	-632.863	0
-231.255	-816.474	0
1720.29	-222.997	0
-2208.06	-1214.09	0
157.801	-1154.58	0
622.988	-849.062	0
-532.899	-921.744	0
-1721.54	-222.997	0
-88.4692	-1045.07	0
-1084.97	-794.629	0
1529.51	-625.094	0
2206.81	-512	0
-2208.06	-607.045	0
-140.95	-1494.74	0
-1530.76	-625.094	0
2206.81	-256	0
1953.75	-384	0
-2208.06	-303.522	0
1918.42	-768	0
-1933.02	-455.283	0
-1876.52	-882.794	0
1119.43	-757.635	0
1652.1	-1358.45	0
-1104.34	-4856.36	0
1103.09	-4856.36	0
-1511.03	-1580.09	0
-1452.68	-1090.65	0
1430.24	-1018.61	0
956.616	-1267.1	0
-552.484	-4856.36	0
551.234	-4856.36	0
-920.044	-1402.35	0
482.524	-1741.05	0
-828.413	-3971.41	0
827.163	-3971.41	0
1214.24	-1998.9	0
-224.194	-2617.68	0
-987.909	-2248.08	0
604.361	-2562.46	0
-934.816	-3112.21	0
240.209	-3342.13	0
2206.81	-3452.18	0
1471.33	-2888.9	0
-2208.06	-3642.27	0
2206.81	-4154.27	0
1551.4	-3803.22	0
1694.81	-4856.36	0
1398.95	-4360.31	0
-65.625	0	0
-65.9375	-0.647275	0
-65.3125	-0.549947	0
-64.375	-0.718908	0
-64.375	0	0
30.625	-0.496402	0
31.4516	-0.895475	0
126.875	-0.904795	0
126.875	0	0
-115.141	-2.10202	0
-114.095	-2.82799	0
-66.3909	-2.10202	0
-65.3455	-2.82799	0
125.625	0	0
125.312	-0.647275	0
125.938	-0.549947	0
-18.8909	-2.10202	0
-17.8455	-2.82799	0
-68.125	0	0
-68.4375	-0.541334	0
-67.8124	-0.541369	0
-69.375	-0.721665	0
-67.4999	-1.08274	0
-68.8125	-1.1187	0
-67.8125	-1.67194	0
-66.875	0	0
-69.4064	-1.36307	0
-68.4411	-1.62782	0
-67.1443	-1.71287	0
-66.5528	-0.56997	0
-69.9979	-1.01265	0
-68.1668	-2.21983	0
-66.3048	-1.08363	0
-66.5762	-1.57353	0
-66.0289	-1.67839	0
-65.7449	-2.28752	0
-65.5184	-1.81115	0
-65.1605	-2.27339	0
-64.8619	-1.40642	0
-64.546	-2.7865	0
-67.1727	-0.555988	0
-70.625	0	0
-70.0494	-1.73651	0
-68.7764	-2.1427	0
-67.9212	-3.28795	0
-66.211	-2.69319	0
-69.2974	-3.03355	0
-66.8951	-2.57836	0
-65.8636	-3.30856	0
-68.5585	-2.8679	0
-67.2466	-3.16674	0
-66.3768	-4.32647	0
-65.2015	-3.50284	0
-66.9379	-3.84129	0
-65.7135	-4.02254	0
-63.8416	-2.53083	0
-70.9375	-0.647275	0
-70.3125	-0.506967	0
-70.7263	-2.02227	0
-69.9481	-2.46423	0
-68.7889	-3.57098	0
-67.3219	-4.8525	0
-65.6994	-4.92905	0
-63.8928	-3.4879	0
-63.2943	-2.02227	0
-71.875	-0.70082	0
-71.2938	-1.57236	0
-71.3078	-2.47412	0
-70.0301	-3.21455	0
-69.5206	-4.23354	0
-62.5818	-2.2401	0
-63.8264	-1.51495	0
-72.1965	-2.97013	0
-71.3218	-3.49181	0
-62.4259	-2.95044	0
-62.4282	-1.52304	0
-63.6613	-0.814115	0
-62.9743	-3.54353	0
-61.7429	-2.71481	0
-61.5668	-1.09177	0
-62.5659	-0.766321	0
-62.3569	-4.11362	0
-61.1982	-3.18355	0
-61.1685	-2.24055	0
-63.125	0	0
-61.9061	-0.437086	0
-62.4418	-5.44308	0
-61.4929	-4.20544	0
-60.5102	-3.49734	0
-60.4534	-2.02227	0
-59.9101	-3.97199	0
-59.9699	-3.03187	0
-59.9224	-1.51295	0
-59.8303	-5.25469	0
-59.042	-4.28624	0
-59.3329	-2.71481	0
-59.0602	-1.10326	0
-60.0743	-0.762272	0
-58.7398	-3.1064	0
-58.717	-2.32186	0
-60.625	0	0
-60.9375	-0.647275	0
-59.4026	-0.442996	0
-58.0995	-3.50249	0
-58.0495	-2.02227	0
-57.4551	-3.89609	0
-57.4556	-2.45166	0
-57.4686	-1.59423	0
-57.4327	-4.73147	0
-57.4564	-3.17387	0
-56.6341	-1.02136	0
-57.5014	-0.797452	0
-58.5097	-5.55106	0
-56.6181	-4.4891	0
-56.7144	-2.81355	0
-58.125	0	0
-58.4375	-0.647275	0
-57.6521	-5.56055	0
-56.0169	-3.2544	0
-55.9489	-2.24107	0
-55.2901	-3.85055	0
-65.4504	-6.03511	0
-69.2877	-5.87518	0
-61.1142	-5.44735	0
-56.0306	-5.08043	0
-56.1424	-6.19467	0
-55.3511	-5.71139	0
-58.0923	-6.58011	0
-55.0299	-1.98733	0
-54.4415	-4.2842	0
-57.0197	-6.16897	0
-54.084	-2.72214	0
-54.332	-5.35742	0
-56.6162	-7.38173	0
-67.7141	-6.37788	0
-72.8263	-2.22407	0
-73.8829	-2.05085	0
-73.1257	-3.11559	0
-73.4863	-4.32916	0
-71.3633	-4.46172	0
-72.4696	-5.44525	0
-71.1464	-5.81966	0
-66.4592	-6.64222	0
-64.3241	-5.2848	0
-58.2313	-8.31697	0
-54.5438	-6.39153	0
-65.4674	-7.2799	0
-54.167	-7.77736	0
-65.1287	-9.23134	0
-64.2358	-8.07124	0
-156.875	-0.904795	0
79.375	-0.904795	0
79.375	0	0
79.8893	-1.45463	0
80.4359	-2.48135	0
80.1192	-0.740596	0
80.8329	-0.596796	0
79.4908	-3.16539	0
78.3316	-2.69475	0
80.631	-4.05037	0
-154.375	-0.904795	0
-154.375	0	0
55.625	-0.904795	0
55.625	0	0
-153.125	-0.496402	0
-152.298	-0.895475	0
-152.47	-1.59621	0
-153.063	-2.02227	0
-153.715	-1.71136	0
-152.463	-2.43997	0
-153.787	-2.43908	0
-152.479	-3.26855	0
-151.726	-2.81969	0
-154.445	-2.71481	0
-153.717	-3.14942	0
-151.02	-3.24774	0
-150.958	-2.25814	0
-155.048	-2.2965	0
-155.023	-3.13066	0
-153.788	-3.90229	0
-150.971	-4.18683	0
-154.96	-1.57855	0
-155.73	-2.02227	0
-155.677	-3.49734	0
-154.972	-3.87801	0
-153.952	-5.0233	0
-150.373	-3.68463	0
-155.063	-0.898572	0
-155.731	-0.547381	0
-156.296	-1.56888	0
-156.31	-2.47771	0
-156.303	-3.91599	0
-154.874	-4.81747	0
-149.349	-3.43071	0
-156.989	-2.71481	0
-156.975	-4.12003	0
-157.775	-3.65035	0
-157.54	-4.53881	0
-158.024	-5.61675	0
-157.453	-5.22542	0
-157.133	-6.30468	0
-156.749	-5.60352	0
-156.222	-4.61336	0
-155.587	-4.97413	0
-157.572	-2.25679	0
-156.224	-6.34672	0
-155.053	-5.70653	0
-157.437	-1.53944	0
-158.277	-2.02227	0
-157.579	-0.84785	0
-158.266	-0.564462	0
-158.818	-1.52919	0
-158.834	-2.51871	0
-159.056	-0.752431	0
-159.929	-3.12851	0
-158.768	-3.51751	0
-159.487	-1.30931	0
-159.753	-0.658369	0
-160.328	-1.80169	0
-161.25	0	0
-160.122	-1.18887	0
-160.471	-0.55224	0
-151.875	0	0
-151.562	-0.695596	0
-150.043	-1.98033	0
-156.743	-7.72902	0
-154.418	-6.39769	0
-161.172	-2.77837	0
-149.087	-2.24282	0
-155.975	-7.22909	0
-153.464	-7.65128	0
-148.384	-3.0204	0
-155.796	-8.3442	0
-154.678	-7.58564	0
-159.126	-5.21945	0
-147.623	-3.64757	0
-155.103	-9.70678	0
-160.879	-6.11421	0
-150.625	0	0
-150.938	-0.549947	0
-150.305	-0.554253	0
-149.986	-1.10798	0
-149.375	0	0
-148.707	-0.818802	0
-149.688	-0.532924	0
-146.875	-0.496402	0
-147.702	-0.895475	0
-146.048	-0.895475	0
36.875	-0.904795	0
36.875	0	0
37.3893	-1.45463	0
37.6162	-2.18235	0
37.6192	-0.740596	0
37.0965	-2.71481	0
38.3659	-2.02227	0
38.3329	-0.596796	0
36.3565	-2.55583	0
37.5927	-3.25924	0
38.8807	-2.59641	0
38.8606	-1.4548	0
36.1439	-1.8364	0
36.1535	-3.26617	0
37.3888	-4.01261	0
38.3345	-3.5018	0
39.7298	-2.80303	0
39.7203	-1.16573	0
35.4074	-2.02227	0
35.4114	-3.49734	0
36.3671	-4.01353	0
37.3708	-5.32345	0
38.8622	-4.04887	0
39.1044	-0.691754	0
34.9005	-1.4743	0
34.8815	-2.57592	0
34.8514	-4.06157	0
36.2999	-5.1045	0
38.7001	-4.87433	0
39.5807	-4.48634	0
35.1047	-0.747578	0
34.0371	-1.14402	0
34.1492	-2.71481	0
33.9704	-4.22453	0
34.9449	-5.39215	0
35.8183	-0.589744	0
34.3928	-0.466197	0
33.6172	-2.15464	0
33.6553	-3.26288	0
32.851	-2.02227	0
32.8815	-3.53238	0
32.3737	-1.42711	0
32.3518	-2.62566	0
32.3238	-4.09425	0
32.6383	-0.731384	0
31.313	-2.92945	0
32.1421	-3.35622	0
31.761	-5.29893	0
33.3523	-0.606162	0
31.875	0	0
32.4883	-4.90494	0
32.5899	-5.96092	0
33.4918	-5.34125	0
40.3092	-3.4067	0
41.1539	-3.84874	0
40.3574	-2.0461	0
38.3996	-6.17671	0
40.2053	-5.0376	0
40.1539	-6.15563	0
40.3901	-4.23062	0
40.8251	-5.6263	0
41.8766	-4.44941	0
42.0542	-3.20032	0
41.7342	-5.38039	0
41.4974	-6.30821	0
42.6481	-5.04377	0
42.0397	-7.43203	0
42.4208	-6.04981	0
43.4541	-4.62941	0
43.4327	-5.74974	0
43.6227	-3.67275	0
44.1092	-5.18675	0
44.9312	-5.25941	0
45.8032	-6.29735	0
45.6284	-5.559	0
46.5971	-5.71947	0
47.5849	-5.65713	0
48.1536	-6.50067	0
30.596	-3.63621	0
33.099	-7.43224	0
39.2937	-7.5779	0
47.7018	-7.99121	0
48.7709	-5.6878	0
29.703	-4.33637	0
48.5465	-7.43354	0
49.8053	-5.81061	0
30.7404	-4.79971	0
28.728	-3.78194	0
28.6842	-5.01194	0
48.6968	-8.57985	0
50.1944	-6.77743	0
30.8346	-5.89996	0
27.7433	-3.02197	0
49.6829	-10.0079	0
49.5551	-7.56934	0
51.8315	-7.39716	0
29.9141	-6.64673	0
50.7107	-7.84814	0
28.8945	-6.13375	0
30.8472	-7.3902	0
49.8884	-8.72218	0
27.295	-5.85299	0
-144.375	-0.496402	0
-145.173	-0.859188	0
-143.548	-0.895475	0
28.125	0	0
27.8125	-0.541334	0
28.4376	-0.541369	0
26.875	-0.721665	0
28.7501	-1.08274	0
27.4375	-1.1187	0
28.4375	-1.67194	0
29.375	0	0
26.8436	-1.36307	0
27.8089	-1.62782	0
29.1057	-1.71287	0
29.7104	-0.562942	0
26.2521	-1.01265	0
28.0832	-2.21983	0
29.5359	-2.40291	0
30.0114	-1.12415	0
29.0625	-0.541197	0
25.625	0	0
26.2006	-1.73651	0
27.4736	-2.1427	0
28.3651	-2.81239	0
30.1277	-1.89521	0
27.0148	-2.76439	0
28.2231	-3.41824	0
29.0448	-2.87737	0
27.635	-3.64169	0
26.6976	-4.08065	0
25.3125	-0.647275	0
25.9375	-0.506967	0
25.5237	-2.02227	0
26.3019	-2.46423	0
30.2826	-2.67466	0
30.9902	-2.10307	0
24.375	-0.70082	0
24.9562	-1.57236	0
24.9422	-2.47412	0
26.2682	-3.3291	0
24.0535	-2.97013	0
24.9282	-3.49181	0
26.7288	-5.05698	0
25.6416	-6.28587	0
23.4237	-2.22407	0
22.3671	-2.05085	0
23.1243	-3.11559	0
22.7637	-4.32916	0
24.8867	-4.46172	0
23.7804	-5.44525	0
25.1887	-5.40503	0
24.5244	-6.30344	0
25.1006	-7.41558	0
-139.375	0	0
-139.688	-0.549947	0
-139.055	-0.554253	0
-140.312	-0.541334	0
-140	-1.09128	0
-138.736	-1.10798	0
-140.625	0	0
-140.938	-0.541369	0
-140.321	-1.6761	0
-139.067	-2.0292	0
-138.125	0	0
-141.663	-0.598957	0
-141.158	-1.73087	0
-139.695	-1.6388	0
-138.578	-1.68487	0
-141.259	-1.08784	0
-140.704	-2.2474	0
-138.291	-2.61207	0
-141.364	-2.36989	0
-140.395	-3.33408	0
-137.921	-1.98949	0
-142.188	-2.1026	0
-140.925	-2.89752	0
-141.039	-3.57673	0
-142.063	-3.92908	0
-137.457	-0.818802	0
-138.438	-0.532924	0
-141.875	0	0
-142.405	-0.752395	0
-137.408	-2.71543	0
-137.486	-1.48456	0
-136.705	-1.18515	0
-136.875	0	0
-136.562	-0.559926	0
-136.139	-0.985157	0
-136.21	-1.68483	0
-135.524	-0.545089	0
-135.42	-2.23556	0
-142.6	-1.47331	0
-136.213	-2.53079	0
-138.046	-3.73197	0
-142.612	-2.79764	0
-143.362	-2.72036	0
-143.886	-2.14943	0
-143.853	-3.2855	0
-144.655	-2.02227	0
-144.605	-3.49707	0
-143.623	-4.03266	0
-145.151	-2.63118	0
-145.158	-4.07631	0
-143.764	-4.97305	0
-142.829	-4.18952	0
-145.914	-2.71481	0
-145.895	-4.11117	0
-144.897	-4.76541	0
-142.22	-4.7228	0
-146.418	-2.09623	0
-146.373	-3.31526	0
-146.313	-4.66457	0
-146.955	-5.16663	0
-146.117	-5.45537	0
-141.718	-5.98589	0
-147.219	-2.02227	0
-147.815	-4.7358	0
-147.777	-5.79019	0
-145.633	-6.73538	0
-145.226	-5.60807	0
-147.666	-2.67902	0
-134.524	-2.01127	0
-135.562	-3.0667	0
-143.518	-5.8495	0
-149.019	-5.30626	0
-133.821	-2.64863	0
-136.458	-3.49167	0
-134.897	-4.31747	0
-144.355	-5.61188	0
-142.711	-7.14579	0
-142.635	-6.13537	0
-134.045	-3.58859	0
-132.902	-2.94442	0
-135.973	-4.46277	0
-133.878	-4.64716	0
-132.193	-3.60935	0
-132.225	-2.28713	0
-132.218	-5.24186	0
-130.735	-4.34387	0
-131.315	-1.96796	0
-130.358	-2.66587	0
-139.599	-4.56502	0
-138.142	-5.08029	0
-136.693	-5.52617	0
-134.664	-5.3364	0
-129.301	-3.17468	0
-134.135	-6.87344	0
-128.2	-3.57402	0
-133.551	-5.81289	0
-127.988	-4.73441	0
-128.273	-2.43065	0
-129.082	-6.0069	0
-127.013	-4.07001	0
-127.903	-5.91433	0
-125.935	-4.58157	0
-128.401	-7.12818	0
-126.726	-6.58677	0
-125.974	-3.27253	0
-122.641	-2.10202	0
-121.595	-2.82799	0
129.375	-0.904795	0
129.375	0	0
-130.625	0	0
-129.798	-0.895475	0
-130.938	-0.647275	0
-130.312	-0.540781	0
-129.97	-1.59621	0
-130.549	-1.99138	0
-129.375	0	0
-129.062	-0.695596	0
-128.342	-0.601231	0
-127.6	-0.749628	0
-128.125	0	0
133.125	-0.904795	0
133.125	0	0
132.389	-0.744713	0
131.875	0	0
131.562	-0.647275	0
132.606	-1.46287	0
132.001	-2.41832	0
132.062	-3.84314	0
141.875	-0.904795	0
141.875	0	0
120.625	0	0
120.312	-0.647275	0
120.938	-0.549947	0
121.875	-0.718908	0
119.375	-0.70082	0
119.877	-1.25659	0
120.213	-2.02227	0
121.044	-2.03227	0
119.778	-2.74871	0
121.485	-2.77095	0
121.438	-1.36169	0
118.618	-2.89641	0
120.2	-3.76265	0
122.695	-2.90441	0
121.036	-3.51802	0
122.007	-3.59224	0
121.791	-4.52965	0
121.518	-6.12214	0
122.563	-5.48148	0
119.786	-4.73223	0
118.57	-5.20499	0
120.388	-5.75647	0
120.486	-7.38346	0
-121.875	0	0
-122.188	-0.647275	0
-121.562	-0.549947	0
-120.625	-0.718908	0
-123.125	0	0
-123.438	-0.549947	0
-122.809	-0.556705	0
-124.062	-0.541334	0
-123.75	-1.09128	0
-124.375	0	0
-124.688	-0.541369	0
-124.071	-1.6761	0
-125.625	-0.721551	0
-124.875	-1.71368	0
-123.403	-1.70826	0
-125.013	-1.09045	0
-124.447	-2.24389	0
-125.074	-2.31224	0
-124.147	-3.33281	0
-125.642	-2.68193	0
-124.693	-2.89739	0
-126.506	-2.32112	0
-125.278	-3.27568	0
-125.629	-3.91722	0
-126.334	-3.87986	0
-126.657	-3.2784	0
-125.625	0	0
-127.407	-1.95274	0
-123.49	-4.46514	0
123.125	0	0
122.812	-0.541334	0
123.438	-0.541369	0
122.436	-1.11931	0
123.75	-1.08274	0
122.827	-1.97399	0
123.437	-1.67194	0
124.375	0	0
124.106	-1.71287	0
124.697	-0.56997	0
124.536	-2.40291	0
124.945	-1.08363	0
124.674	-1.59707	0
124.077	-0.555988	0
125.77	-2.58195	0
-116.875	0	0
-117.188	-0.541334	0
-116.562	-0.541369	0
-118.125	-0.721665	0
-116.25	-1.08274	0
-117.563	-1.1187	0
-116.563	-1.67194	0
-115.625	0	0
-118.156	-1.36307	0
-117.191	-1.62782	0
-115.894	-1.71287	0
-115.29	-0.562942	0
-118.748	-1.01265	0
-116.917	-2.21983	0
-114.989	-1.12415	0
-115.938	-0.541197	0
-119.375	0	0
-118.799	-1.73651	0
-117.526	-2.1427	0
-116.671	-3.28795	0
-114.375	0	0
-118.047	-3.03355	0
-117.308	-2.8679	0
-119.688	-0.647275	0
-119.062	-0.506967	0
-119.476	-2.02227	0
-118.698	-2.46423	0
-113.734	-0.805864	0
-114.688	-0.516757	0
-114.062	-0.409289	0
-117.539	-3.57098	0
-120.113	-1.25168	0
-120.058	-2.47412	0
-118.78	-3.21455	0
-118.271	-4.23354	0
-120.795	-2.78741	0
-119.676	-3.74886	0
-120.182	-3.20585	0
-118.125	0	0
-118.038	-5.87518	0
-115.916	-4.44237	0
-120.176	-4.63138	0
-121.365	-5.27952	0
-119.71	-6.2703	0
100.625	0	0
100.312	-0.647275	0
100.938	-0.549947	0
101.875	-0.718908	0
99.375	-0.70082	0
99.877	-1.25659	0
100.213	-2.02227	0
101.044	-2.03227	0
99.7784	-2.74871	0
101.485	-2.77095	0
101.438	-1.36169	0
98.6178	-2.89641	0
100.201	-3.52893	0
102.459	-2.78445	0
101.103	-3.59028	0
102.778	-1.93668	0
101.504	-4.42533	0
103.655	-1.80961	0
100.955	-5.22786	0
102.473	-4.50225	0
104.595	-2.36312	0
99.5664	-5.27724	0
101.363	-6.23293	0
102.95	-3.68886	0
104.013	-3.84539	0
105.406	-3.03445	0
100.29	-6.08295	0
102.269	-6.86015	0
104.485	-4.71283	0
104.086	-5.94917	0
105.693	-5.37351	0
100.202	-7.15337	0
102.255	-8.16989	0
102.961	-5.97155	0
99.0458	-8.1321	0
100.522	-8.634	0
-93.125	-0.904795	0
-93.125	0	0
-92.6107	-1.45463	0
-92.3838	-2.18235	0
-92.3808	-0.740596	0
-92.9836	-3.04846	0
-91.6341	-2.02227	0
-91.6671	-0.596796	0
-91.1193	-2.59641	0
-91.1394	-1.4548	0
-91.875	0	0
-91.341	-3.44164	0
-90.2702	-2.80303	0
-90.2797	-1.16573	0
-90.8956	-0.691754	0
-90.2932	-0.546069	0
-89.375	0	0
-90.625	0	0
-89.0272	-0.570029	0
-88.7407	-1.13722	0
-89.6875	-0.519543	0
-89.109	-1.98814	0
-88.125	0	0
-88.5616	-1.71989	0
-88.5677	-2.4	0
-88.0293	-3.32626	0
-87.7982	-2.06683	0
-87.5049	-0.795775	0
-88.4375	-0.504338	0
-86.875	0	0
-86.5625	-0.894567	0
-92.1734	-3.53234	0
-92.6841	-4.13571	0
-93.3095	-5.30698	0
-92.4927	-4.9905	0
-91.0854	-4.23898	0
-91.4178	-5.0525	0
-90.2435	-4.49126	0
-89.6908	-3.4067	0
-88.8461	-3.84874	0
-87.2841	-2.81209	0
-87.0862	-1.34605	0
-85.8939	-0.626247	0
-85.162	-0.719946	0
-85.625	0	0
-84.8733	-1.42642	0
-84.375	-0.518809	0
-85.3652	-2.02227	0
-84.0977	-1.26164	0
-86.1186	-1.88094	0
-84.8593	-2.61306	0
-83.4742	-1.91754	0
-86.388	-2.60866	0
-85.0666	-3.66343	0
-83.8306	-2.93471	0
-86.1984	-3.71506	0
-92.5972	-5.93311	0
-89.7481	-5.16845	0
-89.9434	-6.56424	0
-88.8547	-6.00504	0
-88.1234	-4.44941	0
-83.6996	-0.692631	0
-83.125	0	0
-82.8125	-0.541334	0
-82.4999	-1.08267	0
-82.8124	-1.6719	0
-81.875	0	0
-82.1442	-1.71291	0
-81.5396	-0.562977	0
-81.7142	-2.40297	0
-81.2386	-1.12422	0
-82.1875	-0.541266	0
-81.1222	-1.89532	0
-80.625	0	0
-80.9675	-2.67466	0
-80.2582	-2.10422	0
-79.9841	-0.805814	0
-80.9375	-0.516695	0
-80.6514	-3.63024	0
-79.375	0	0
-79.0625	-0.869347	0
-91.3535	-6.36862	0
-88.2887	-5.32143	0
-79.7135	-2.96725	0
-79.5582	-1.34346	0
-78.914	-1.52081	0
-78.6593	-2.22514	0
-78.8994	-3.00393	0
-77.9351	-2.02227	0
-78.2333	-3.72735	0
-77.396	-2.5516	0
-77.4137	-1.49755	0
-77.5825	-3.3048	0
-76.297	-3.07645	0
-76.5572	-1.12702	0
-77.5868	-0.756263	0
-77.5796	-4.02176	0
-78.125	0	0
-78.4375	-0.603173	0
-76.8958	-0.452418	0
-76.907	-4.77887	0
-76.8563	-3.66031	0
-92.2389	-6.90359	0
-87.3502	-5.04763	0
-78.8648	-4.46558	0
-86.4801	-4.63563	0
-79.9735	-5.44084	0
-86.5292	-5.6567	0
-78.6442	-5.83421	0
-94.1772	-2.67857	0
-81.5496	-4.3569	0
-75.6474	-5.92214	0
-93.1724	-8.36924	0
-90.9384	-8.05594	0
-80.4811	-4.59869	0
-86.2166	-7.24216	0
-77.5302	-5.71053	0
-82.5178	-3.78977	0
-82.5747	-5.02671	0
-77.9227	-7.2536	0
-103.125	-0.904795	0
-103.125	0	0
-102.611	-1.45463	0
-102.064	-2.48135	0
-102.381	-0.740596	0
-101.667	-0.596796	0
-101.875	0	0
-103.359	-3.94411	0
-101.985	-3.8565	0
-111.875	0	0
-112.188	-0.647275	0
-111.562	-0.549947	0
-110.93	-0.545641	0
-111.243	-1.07866	0
-110.297	-0.558596	0
-110.625	0	0
-111.275	-2.01769	0
-109.777	-1.24362	0
-109.602	-0.570351	0
-108.946	-1.10022	0
-112.971	-0.62648	0
-112.595	-1.24326	0
-112.289	-2.02145	0
-112.731	-3.18556	0
-110.324	-2.20097	0
-108.125	0	0
-107.298	-0.895475	0
-108.438	-0.623078	0
-107.812	-0.540781	0
-107.47	-1.59621	0
-108.063	-2.02227	0
-108.656	-1.70632	0
-108.614	-2.34179	0
-108.86	-3.13287	0
-107.463	-2.43997	0
-109.645	-2.80987	0
-108.357	-4.43049	0
-107.479	-3.26855	0
-106.726	-2.81969	0
-107.482	-4.17934	0
-106.02	-3.24774	0
-105.958	-2.25814	0
-105.739	-4.60523	0
-105.317	-3.80981	0
-106.875	0	0
-106.562	-0.695596	0
-110.278	-3.34384	0
-111.325	-4.25845	0
-110.259	-4.42194	0
-107.548	-5.60002	0
-105.043	-1.98033	0
-106.651	-4.55665	0
-104.724	-4.63414	0
-104.306	-3.41508	0
-104.087	-2.24282	0
-106.26	-5.80063	0
-103.4	-2.95523	0
-103.551	-5.25801	0
-104.375	0	0
-104.688	-0.647275	0
-104.062	-0.549947	0
-95.1409	-2.10202	0
-105.625	0	0
-105.938	-0.549947	0
-105.309	-0.556705	0
43.125	-0.904795	0
43.125	0	0
-133.125	-0.904795	0
-133.125	0	0
-132.571	-1.45463	0
-132.453	-0.700775	0
-131.875	0	0
-131.562	-0.549947	0
-99.375	-0.904795	0
-99.375	0	0
-100.047	-0.700775	0
-100.625	0	0
-99.9416	-1.47148	0
-100.938	-0.549947	0
-101.265	-1.09989	0
-101.316	-1.99204	0
-100.238	-2.3538	0
-98.8607	-1.45463	0
-98.5773	-2.2352	0
-98.6308	-0.740596	0
-99.1862	-2.8462	0
-97.7177	-2.06942	0
-97.9171	-0.596796	0
-98.125	0	0
-98.6382	-3.53275	0
-97.0798	-2.80661	0
-98.9182	-4.78552	0
-97.8337	-3.66374	0
-98.3431	-4.25636	0
-97.8234	-5.39819	0
-96.2388	-3.19582	0
-95.7829	-4.36452	0
-134.375	0	0
-134.688	-0.549947	0
-134.055	-0.554253	0
-135.015	-1.09989	0
-133.733	-1.10965	0
-135.164	-1.68689	0
-134.062	-1.61899	0
-95.625	0	0
-95.9375	-0.549947	0
-95.3049	-0.554253	0
-96.5625	-0.541334	0
-96.25	-1.09128	0
-94.9861	-1.10798	0
-96.875	0	0
-97.1876	-0.541369	0
-96.5706	-1.6761	0
-94.375	0	0
-97.5127	-1.09002	0
-96.8874	-2.21335	0
-95.9027	-1.70826	0
-97.1877	-1.61786	0
-93.8321	-0.836513	0
-94.6875	-0.532924	0
-94.0625	-0.391627	0
-93.6046	-0.436547	0
-94.2994	-0.796488	0
-93.694	-1.55095	0
-94.2451	-1.98213	0
-20.625	0	0
-20.9375	-0.541334	0
-20.3124	-0.541369	0
-21.875	-0.721665	0
-19.9999	-1.08274	0
-21.3125	-1.1187	0
-20.3125	-1.67194	0
-19.375	0	0
-21.9064	-1.36307	0
-20.9411	-1.62782	0
-19.6443	-1.71287	0
-19.0396	-0.562942	0
-22.4979	-1.01265	0
-20.6668	-2.21983	0
-18.7386	-1.12415	0
-19.6875	-0.541197	0
-23.125	0	0
-22.5494	-1.73651	0
-21.2764	-2.1427	0
-20.4212	-3.28795	0
-18.125	0	0
-21.7974	-3.03355	0
-21.0585	-2.8679	0
-23.4375	-0.647275	0
-22.8125	-0.506967	0
-23.2263	-2.02227	0
-22.4481	-2.46423	0
-17.484	-0.805864	0
-18.4375	-0.516757	0
-21.2889	-3.57098	0
-24.375	-0.70082	0
-23.7938	-1.57236	0
-23.8078	-2.47412	0
-22.5301	-3.21455	0
-17.4349	-1.53495	0
-16.875	0	0
-16.5625	-0.869224	0
-22.0206	-4.23354	0
-24.6965	-2.97013	0
-23.8218	-3.49181	0
-18.0066	-2.06516	0
-21.7877	-5.87518	0
-19.6657	-4.44237	0
-25.3263	-2.22407	0
-26.3829	-2.05085	0
-25.6257	-3.11559	0
-25.9863	-4.32916	0
-23.8633	-4.46172	0
-24.9696	-5.44525	0
-23.6464	-5.81966	0
-73.125	0	0
-73.4375	-0.647275	0
-72.8125	-0.549947	0
-74.375	0	0
-74.6875	-0.549947	0
-74.0592	-0.556705	0
-75.3125	-0.541334	0
-75	-1.09128	0
-75.625	0	0
-75.9376	-0.541369	0
-75.3206	-1.6761	0
-76.0636	-1.68242	0
-74.6527	-1.70826	0
-75.6874	-2.23898	0
-76.307	-2.25241	0
-75.3901	-3.09603	0
-76.797	-2.60037	0
3.125	-0.904795	0
3.125	0	0
-14.375	0	0
-14.6875	-0.549947	0
-14.0549	-0.554253	0
-15.4133	-0.598611	0
-15.0152	-1.09989	0
-13.5202	-1.23463	0
-15.0532	-2.03322	0
-13.3728	-0.568499	0
-12.6905	-1.06882	0
-15.625	0	0
-14.0802	-2.00846	0
-15.9662	-2.14926	0
-13.5993	-2.79336	0
-16.5959	-3.17721	0
-12.7328	-2.94306	0
-14.1003	-3.48888	0
-12.0432	-4.00489	0
-15.3438	-4.21468	0
-13.9348	-4.91913	0
-46.875	0	0
-47.1875	-0.647275	0
-46.5625	-0.549947	0
-45.625	-0.718908	0
-48.125	-0.70082	0
-47.623	-1.25659	0
-47.2869	-2.02227	0
-46.4557	-2.03227	0
-47.7208	-2.71481	0
-46.0152	-2.77095	0
-46.0623	-1.36169	0
-48.5472	-2.71481	0
-47.3261	-3.40956	0
-48.9471	-1.99652	0
-48.9317	-3.42395	0
-47.7116	-4.13006	0
-46.4635	-3.51545	0
-48.5298	-1.35264	0
-49.779	-2.02227	0
-49.7772	-3.49734	0
-48.5294	-4.13595	0
-48.8394	-0.708798	0
-50.1874	-1.3195	0
-50.1939	-2.72862	0
-49.375	0	0
-49.6875	-0.647275	0
-51.0306	-1.26313	0
-50.9944	-2.71481	0
-50.4385	-0.610779	0
-51.461	-2.02095	0
-51.4088	-3.38153	0
-52.293	-2.014	0
-52.2808	-3.53743	0
-51.0562	-4.11026	0
-52.7008	-1.29591	0
-52.7174	-2.74172	0
-50.2894	-4.11469	0
-52.2889	-0.696229	0
-53.5379	-1.27604	0
-49.9109	-4.73325	0
-51.5721	-0.642661	0
-53.9418	-1.94969	0
-53.1026	-0.578646	0
-50.1644	-5.92465	0
-49.0202	-5.17202	0
-51.875	0	0
-48.125	0	0
-44.8051	-2.90441	0
-48.2535	-5.91102	0
-45.4934	-3.5924	0
-45.7061	-4.52689	0
-46.0836	-5.34911	0
-45.0358	-5.13457	0
-47.0939	-5.59144	0
-46.2746	-6.2333	0
-43.9813	-6.11652	0
-46.0442	-7.7352	0
-43.9151	-4.98828	0
-45.5867	-6.89641	0
-44.8647	-7.83447	0
-44.7561	-6.56384	0
-43.8241	-7.28346	0
-48.1186	-6.99728	0
-43.7227	-3.87331	0
-43.711	-8.75524	0
-49.278	-8.20735	0
-47.2439	-7.82304	0
-42.5441	-4.65076	0
-33.125	-0.904795	0
-33.125	0	0
-32.6107	-1.45463	0
-32.0641	-2.48135	0
-32.3808	-0.740596	0
-31.6671	-0.596796	0
-31.875	0	0
-33.0112	-3.16985	0
-31.8988	-3.64056	0
-34.0985	-2.68774	0
-31.7711	-4.81191	0
-30.8037	-4.07532	0
-33.9856	-3.90016	0
-32.9158	-5.92227	0
-29.7005	-4.54769	0
-31.644	-6.08825	0
-29.8316	-3.32941	0
-54.375	0	0
-54.6875	-0.647275	0
-54.0625	-0.549947	0
-55.625	0	0
-55.9375	-0.549947	0
-55.3092	-0.556705	0
-44.375	0	0
-44.6875	-0.541334	0
-44.0624	-0.541369	0
-45.0636	-1.11931	0
-43.7499	-1.08274	0
-44.6728	-1.97399	0
-44.0625	-1.67194	0
-43.125	0	0
-43.3943	-1.71287	0
-42.7896	-0.562942	0
-42.9641	-2.40291	0
-42.4886	-1.12415	0
-43.4375	-0.541197	0
-42.3723	-1.89521	0
-41.875	0	0
-42.2174	-2.67466	0
-41.5083	-2.1043	0
-41.234	-0.805864	0
-42.1875	-0.516757	0
-41.8016	-3.743	0
-40.9542	-3.04908	0
-39.7253	-2.86221	0
-6.875	-0.904795	0
-6.875	0	0
-38.125	0	0
-38.4375	-0.549947	0
-37.8049	-0.554253	0
-39.1633	-0.598611	0
-37.2702	-1.23463	0
-38.7652	-1.09989	0
-37.1228	-0.568499	0
-38.8032	-2.03322	0
-36.4559	-1.0654	0
-39.375	0	0
-39.9061	-0.752817	0
-36.0703	-1.80054	0
-40.583	-0.454978	0
-40.0997	-1.47387	0
-36.251	-2.77714	0
-35.1122	-1.91761	0
-39.9256	-2.17157	0
-40.7777	-1.32803	0
-40.4088	-2.64679	0
-40.2716	-3.40367	0
-39.1474	-3.99165	0
-37.8302	-2.00846	0
-37.2485	-2.94442	0
-35.8775	-3.71709	0
-37.8881	-3.74275	0
-36.108	-5.40033	0
-34.9307	-3.79974	0
-35.4801	-4.62892	0
-34.5434	-4.6529	0
-33.6485	-4.73304	0
-37.574	-5.19006	0
-34.375	0	0
-34.6875	-0.647275	0
-34.0625	-0.549947	0
-25.625	0	0
-25.9375	-0.647275	0
-25.3125	-0.549947	0
-11.875	-0.496402	0
-11.0484	-0.895475	0
83.125	-0.904795	0
83.125	0	0
89.375	-0.904795	0
89.375	0	0
89.8893	-1.45463	0
90.4359	-2.48135	0
90.1192	-0.740596	0
90.8329	-0.596796	0
89.1407	-3.94411	0
90.5154	-3.8565	0
81.875	0	0
81.5625	-0.549947	0
82.1951	-0.554253	0
81.2348	-1.09989	0
82.5167	-1.10965	0
81.1836	-1.99204	0
82.1824	-1.99106	0
82.6424	-2.79268	0
83.5128	-2.9363	0
82.147	-3.49425	0
84.189	-3.97746	0
81.365	-3.70683	0
80.7828	-3.18327	0
81.3828	-4.70076	0
82.7413	-5.67164	0
82.4002	-4.49989	0
83.3867	-4.55392	0
84.6154	-5.41749	0
-8.125	-0.496402	0
73.125	-0.496402	0
72.2984	-0.895475	0
73.9516	-0.895475	0
71.875	0	0
71.5625	-0.695596	0
70.8421	-0.601231	0
70.625	0	0
70.1005	-0.749628	0
72.4697	-1.59621	0
72.5318	-2.32393	0
71.7918	-3.01045	0
73.1981	-2.02227	0
72.4848	-3.01536	0
72.134	-3.62007	0
73.1489	-3.7126	0
72.3329	-4.60622	0
73.7931	-2.44954	0
73.7802	-1.5963	0
73.7364	-3.21641	0
73.9343	-4.04658	0
74.5945	-2.89439	0
74.4121	-5.1105	0
75.2881	-2.25125	0
75.5882	-3.27043	0
70.8108	-2.42286	0
71.154	-5.3007	0
72.7541	-6.24271	0
75.9075	-5.72841	0
76.4274	-4.15148	0
-5.625	0	0
-5.9375	-0.647275	0
-5.3125	-0.549947	0
-4.67992	-0.545641	0
-4.9926	-1.07866	0
-4.04728	-0.558596	0
-4.375	0	0
-5.02509	-2.01769	0
-3.52671	-1.24362	0
-3.35174	-0.570351	0
-2.69565	-1.10022	0
-6.28581	-1.21451	0
-6.04662	-2.00761	0
-6.46585	-3.33441	0
-4.07372	-2.20097	0
75.625	0	0
75.3125	-0.541334	0
75.9376	-0.541369	0
74.5992	-0.592232	0
76.2501	-1.08274	0
74.993	-1.08667	0
75.9375	-1.67194	0
76.875	0	0
75.3124	-1.6254	0
76.6057	-1.71287	0
77.2104	-0.562942	0
77.0359	-2.40291	0
77.5114	-1.12415	0
76.5625	-0.541197	0
77.6277	-1.89521	0
78.125	0	0
78.3394	-1.97825	0
78.6638	-0.823276	0
77.8125	-0.516757	0
78.9517	-1.45463	0
-9.375	0	0
-9.6875	-0.549947	0
-9.05492	-0.554253	0
-10.4012	-0.591741	0
-8.7361	-1.10798	0
-10.0134	-1.09891	0
-9.06663	-1.97976	0
-9.69515	-1.70607	0
-9.65753	-2.4782	0
-9.74494	-3.29841	0
-10.4205	-2.81165	0
-9.55743	-4.6712	0
-11.1642	-3.16954	0
-8.96236	-3.89072	0
-11.2329	-3.9774	0
-11.594	-5.29054	0
-10.511	-4.60399	0
-8.04649	-2.39204	0
-8.65426	-4.74271	0
-10.142	-6.16669	0
-8.15587	-3.35439	0
-7.16623	-5.06153	0
-7.31538	-2.96253	0
-7.33455	-4.01869	0
-6.3362	-4.39255	0
-6.19123	-5.42185	0
-5.44695	-3.74658	0
-7.25653	-6.80518	0
-4.34061	-3.96871	0
-5.93995	-6.71721	0
-3.45708	-4.9565	0
-26.875	0	0
-27.1875	-0.549947	0
-26.5592	-0.556705	0
-27.8125	-0.541334	0
-27.5	-1.09128	0
-28.125	0	0
-28.4376	-0.541369	0
-27.8206	-1.6761	0
-29.375	-0.721551	0
-28.6246	-1.71368	0
-27.1527	-1.70826	0
-28.7635	-1.09045	0
-28.1969	-2.24389	0
-28.8242	-2.31224	0
-27.8971	-3.33281	0
-29.4192	-2.73037	0
-28.4431	-2.89739	0
-28.5393	-3.5781	0
-29.2332	-3.92726	0
-30.2595	-2.3149	0
-31.1625	-1.95558	0
-27.2639	-4.44894	0
63.125	-0.904795	0
63.125	0	0
0.625	0	0
0.3125	-0.549947	0
0.945078	-0.554253	0
-0.3125	-0.541334	0
0	-1.09128	0
1.2639	-1.10798	0
-0.625	0	0
-0.937559	-0.541369	0
-0.320618	-1.6761	0
0.932743	-2.0292	0
1.875	0	0
-1.66258	-0.598957	0
-1.15808	-1.73087	0
0.305015	-1.6388	0
1.4218	-1.68487	0
-1.25895	-1.08784	0
-0.703773	-2.2474	0
1.70887	-2.61207	0
-1.36382	-2.36989	0
-0.394615	-3.33408	0
2.07884	-1.98949	0
-2.1882	-2.1026	0
-0.924518	-2.89752	0
-1.03931	-3.57673	0
-2.0629	-3.92908	0
2.41795	-0.836513	0
1.5625	-0.532924	0
-1.875	0	0
2.59163	-2.71543	0
2.5027	-1.4878	0
1.85855	-3.60672	0
-2.74128	-2.86189	0
3.48148	-2.82745	0
3.99251	-3.53006	0
4.87268	-3.62806	0
5.24996	-4.4776	0
5.33324	-2.85537	0
4.64501	-5.31001	0
6.22089	-4.50214	0
6.28398	-2.85622	0
6.68923	-3.69592	0
6.80622	-2.05436	0
7.74387	-3.84557	0
7.72782	-2.12956	0
8.21162	-2.98311	0
0.248468	-4.46066	0
-1.89483	-5.15653	0
1.93908	-4.73746	0
3.33264	-5.18864	0
5.16789	-6.95746	0
8.22998	-4.70041	0
7.82924	-5.72006	0
9.23267	-5.14188	0
2.1482	-5.87073	0
6.70067	-5.77683	0
7.9669	-6.76679	0
10.4078	-6.19231	0
0.958091	-7.39736	0
8.66592	-8.04245	0
1.96225	-6.95297	0
2.17278	-8.7854	0
2.79019	-7.78615	0
3.47548	-8.89994	0
3.99605	-7.42061	0
59.375	-0.904795	0
59.375	0	0
58.125	0	0
57.8125	-0.549947	0
58.4451	-0.554253	0
57.0867	-0.598611	0
58.7667	-1.10965	0
57.4848	-1.09989	0
58.4324	-1.99106	0
57.4468	-2.03322	0
56.875	0	0
56.3569	-0.756779	0
56.1171	-1.45463	0
56.5311	-2.32032	0
58.8902	-2.94442	0
55.7297	-3.16176	0
59.9378	-2.99912	0
58.3011	-3.84324	0
54.5751	-2.68284	0
56.8716	-4.03713	0
60.5496	-4.00966	0
60.3872	-2.08824	0
58.7721	-5.58587	0
62.0017	-3.94753	0
59.849	-5.0099	0
4.375	0	0
4.0625	-0.647275	0
4.6875	-0.549947	0
5.625	-0.718908	0
3.71419	-1.21451	0
3.95338	-2.00761	0
4.78922	-2.02065	0
5.19451	-1.36169	0
51.875	0	0
51.5625	-0.541334	0
52.1876	-0.541369	0
50.625	-0.721665	0
52.5001	-1.08274	0
51.1875	-1.1187	0
52.1875	-1.67194	0
53.125	0	0
50.5936	-1.36307	0
51.5589	-1.62782	0
52.8557	-1.71287	0
53.4604	-0.562942	0
50.0021	-1.01265	0
51.8332	-2.21983	0
53.2859	-2.40291	0
53.7614	-1.12415	0
52.8125	-0.541197	0
49.3981	-0.507561	0
49.9506	-1.73651	0
51.2236	-2.1427	0
52.0788	-3.28795	0
53.8777	-1.89521	0
54.2493	-0.557081	0
50.7026	-3.03355	0
51.4415	-2.8679	0
48.5856	-0.87753	0
49.2737	-2.02227	0
50.0519	-2.46423	0
54.9138	-0.823276	0
51.2111	-3.57098	0
48.7222	-1.57459	0
48.6922	-2.47412	0
49.9699	-3.21455	0
55.0634	-1.53792	0
50.4836	-4.23202	0
48.0966	-1.33529	0
47.8914	-0.626056	0
47.4731	-1.69691	0
48.0149	-2.71481	0
48.8023	-3.18447	0
47.1726	-0.640068	0
46.8198	-2.02227	0
47.4583	-3.16481	0
48.7544	-4.1229	0
46.875	0	0
46.5625	-0.534491	0
45.625	-0.724018	0
46.2284	-1.61146	0
46.2161	-2.434	0
46.7826	-3.49734	0
47.5506	-3.91216	0
45.5605	-2.71481	0
46.1732	-3.95204	0
47.4857	-4.63294	0
44.955	-2.3017	0
44.9794	-3.1257	0
45.4922	-4.11198	0
44.972	-4.56185	0
44.8313	-3.87342	0
46.2981	-4.64036	0
46.8935	-4.89009	0
45.0374	-1.58368	0
44.2757	-2.02227	0
44.9457	-0.890361	0
44.2731	-0.545608	0
43.7072	-1.57408	0
43.6933	-2.47236	0
42.8888	-2.87034	0
50.9479	-5.03547	0
42.1805	-2.212	0
52.2854	-5.66431	0
41.2805	-2.00213	0
52.8022	-4.42222	0
8.125	0	0
7.8125	-0.647275	0
8.4375	-0.549947	0
9.375	-0.718908	0
10.625	0	0
10.3125	-0.647275	0
10.9375	-0.549947	0
11.875	-0.718908	0
9.8872	-1.25168	0
10.2126	-2.02227	0
11.044	-2.0318	0
9.77815	-2.7492	0
11.4842	-2.76994	0
11.4379	-1.36169	0
8.97079	-2.70476	0
8.55282	-1.9967	0
9.33825	-3.38485	0
8.96994	-1.36169	0
9.98139	-4.14526	0
10.068	-3.41983	0
10.7415	-3.86812	0
11.7073	-4.17316	0
12.6948	-2.90546	0
12.0642	-5.82954	0
15.625	0	0
16.4516	-0.895475	0
15.3125	-0.647275	0
15.9375	-0.540781	0
14.375	0	0
14.0625	-0.549947	0
14.6908	-0.556705	0
13.4375	-0.541334	0
13.75	-1.09128	0
13.125	0	0
12.8124	-0.541369	0
13.4294	-1.6761	0
12.4364	-1.1194	0
13.0157	-2.26306	0
14.0973	-1.70826	0
12.8084	-1.61985	0
14.5432	-2.39544	0
14.8717	-1.69412	0
13.3696	-2.84117	0
13.0994	-3.57936	0
14.054	-2.8754	0
15.7746	-2.59054	0
12.3156	-3.59159	0
13.9771	-4.52001	0
14.0312	-3.69844	0
14.903	-4.16842	0
15.5771	-3.5111	0
15.753	-4.36576	0
16.7522	-5.43794	0
21.875	0	0
21.5625	-0.549947	0
22.1951	-0.554253	0
20.9375	-0.541334	0
21.25	-1.09128	0
22.5139	-1.10798	0
20.625	0	0
20.3124	-0.541369	0
20.9294	-1.6761	0
23.125	0	0
19.375	-0.721551	0
20.1254	-1.71368	0
21.5973	-1.70826	0
19.9865	-1.09045	0
20.5531	-2.24389	0
19.9258	-2.31224	0
20.8529	-3.33281	0
19.1569	-3.04163	0
20.3069	-2.89739	0
20.2107	-3.5781	0
19.3689	-3.92841	0
23.6731	-0.835782	0
22.8125	-0.532924	0
23.8058	-1.55117	0
19.375	0	0
18.4244	-3.68547	0
19.4042	-5.07255	0
17.4262	-3.48928	0
21.4861	-4.44894	0
18.2455	-6.46927	0
16.5953	-3.04926	0
17.3877	-4.45885	0
17.6965	-5.35507	0
17.2987	-6.2434	0
18.6053	-5.54607	0
16.3753	-6.28179	0
17.5242	-7.39543	0
19.4228	-6.39644	0
15.7781	-5.50891	0
15.1769	-6.73149	0
20.6797	-5.54388	0
18.7097	-7.5747	0
16.6411	-9.15841	0
18.125	0	0
17.8125	-0.647275	0
18.4375	-0.549947	0
17.0994	-0.592472	0
17.0387	-1.30665	0
17.5874	-1.80348	0
17.4082	-2.53119	0
18.3043	-2.02227	0
18.8312	-1.50652	0
151.875	-0.496402	0
151.048	-0.895475	0
152.702	-0.895475	0
40.625	0	0
40.3125	-0.549947	0
40.9451	-0.554253	0
39.6984	-0.535158	0
41.2639	-1.10798	0
39.375	0	0
41.769	-0.547565	0
42.4179	-0.836513	0
42.556	-1.55095	0
149.375	-0.496402	0
150.164	-0.895475	0
154.375	0	0
154.062	-0.541334	0
154.688	-0.541369	0
153.349	-0.592232	0
155	-1.08274	0
153.743	-1.08667	0
154.687	-1.67194	0
155.625	0	0
154.062	-1.62594	0
155.356	-1.71287	0
155.96	-0.562942	0
154.333	-2.21996	0
155.786	-2.40291	0
156.261	-1.12415	0
155.312	-0.541197	0
153.724	-2.13854	0
154.579	-3.2884	0
156.378	-1.89521	0
156.749	-0.557081	0
153.21	-3.03247	0
153.938	-2.85667	0
156.533	-2.67466	0
157.242	-2.1043	0
157.516	-0.805864	0
153.724	-3.56566	0
157.08	-3.89196	0
152.612	-4.12343	0
153.298	-4.10484	0
152.985	-5.21512	0
153.494	-4.75948	0
153.97	-5.80375	0
154.275	-5.03386	0
155.357	-5.90854	0
155.061	-4.27125	0
157.797	-3.05548	0
152.976	-6.3491	0
158.473	-4.35952	0
159.401	-2.98021	0
152.173	-7.99594	0
136.875	-0.904795	0
136.875	0	0
144.375	0	0
144.062	-0.549947	0
144.695	-0.554253	0
143.337	-0.598611	0
143.735	-1.09989	0
145.23	-1.23463	0
143.697	-2.03322	0
145.377	-0.568499	0
146.06	-1.06882	0
142.607	-0.756779	0
142.367	-1.45463	0
142.781	-2.32032	0
144.67	-2.00846	0
141.901	-3.38785	0
145.152	-3.04463	0
144.436	-4.23373	0
146.488	-3.02475	0
135.625	0	0
135.312	-0.549947	0
135.945	-0.554253	0
134.587	-0.598611	0
134.985	-1.09989	0
136.267	-1.10965	0
134.947	-2.03322	0
135.932	-1.99106	0
134.375	0	0
133.857	-0.756779	0
133.617	-1.45463	0
134.031	-2.32032	0
136.389	-3.02225	0
133.223	-3.17992	0
135.721	-4.03919	0
137.655	-3.00147	0
134.32	-3.61339	0
134.493	-4.77886	0
133.264	-6.28772	0
134.566	-6.09281	0
130.625	0	0
130.312	-0.549947	0
130.941	-0.556705	0
129.985	-1.09994	0
130.305	-1.97357	0
129.867	-2.79195	0
131.158	-1.79047	0
128.995	-2.78868	0
130.356	-3.50004	0
128.525	-3.55124	0
130.109	-4.58599	0
131.191	-3.76072	0
127.575	-3.52553	0
128.947	-4.3066	0
131.544	-4.67331	0
128.54	-5.25987	0
132.583	-5.29013	0
127.188	-5.34701	0
128.586	-7.00045	0
61.875	-0.496402	0
115.625	0	0
115.312	-0.541334	0
115.938	-0.541369	0
114.375	-0.721665	0
116.25	-1.08274	0
114.937	-1.1187	0
115.937	-1.67194	0
116.875	0	0
114.344	-1.36307	0
115.309	-1.62782	0
116.606	-1.71287	0
117.21	-0.562942	0
113.752	-1.01265	0
115.583	-2.21983	0
117.036	-2.40291	0
117.511	-1.12415	0
116.562	-0.541197	0
113.125	0	0
113.701	-1.73651	0
114.974	-2.1427	0
115.829	-3.28795	0
117.628	-1.89521	0
118.125	0	0
114.453	-3.03355	0
115.192	-2.8679	0
112.812	-0.647275	0
113.438	-0.506967	0
113.024	-2.02227	0
113.802	-2.46423	0
117.783	-2.67466	0
118.451	-2.07088	0
118.667	-0.822749	0
117.812	-0.516757	0
114.961	-3.57098	0
111.875	-0.70082	0
112.456	-1.57236	0
112.442	-2.47412	0
113.72	-3.21455	0
118.004	-3.52382	0
118.765	-1.48234	0
114.221	-4.23663	0
111.521	-3.00922	0
112.82	-3.75378	0
117.204	-4.35674	0
114.473	-5.88959	0
110.919	-2.23242	0
110.002	-2.00486	0
110.62	-3.08578	0
109.063	-2.21933	0
110.009	-3.84776	0
109.093	-4.1029	0
110.661	-4.53305	0
110.461	-5.56762	0
111.532	-5.12674	0
116.177	-5.02348	0
109.258	-5.95307	0
110.361	-6.65016	0
112.678	-5.88459	0
112.355	-4.6087	0
111.261	-7.84933	0
64.375	-0.496402	0
69.375	0	0
69.0625	-0.549947	0
68.4375	-0.541334	0
68.75	-1.09128	0
68.125	0	0
67.8124	-0.541369	0
68.4294	-1.6761	0
66.875	-0.721551	0
67.6254	-1.71368	0
69.0973	-1.70826	0
67.4865	-1.09045	0
68.0531	-2.24389	0
69.5432	-2.39544	0
67.4258	-2.31224	0
68.3529	-3.33281	0
69.8717	-1.69412	0
66.6569	-3.04163	0
67.8069	-2.89739	0
67.7107	-3.5781	0
66.8689	-3.92841	0
65.8944	-3.69263	0
66.8511	-5.20601	0
69.0098	-4.46514	0
64.6574	-4.04276	0
106.875	0	0
106.562	-0.647275	0
107.188	-0.549947	0
108.125	-0.718908	0
105.625	-0.70082	0
106.127	-1.25659	0
106.463	-2.02227	0
107.294	-2.03227	0
106.104	-2.70573	0
107.735	-2.77095	0
107.688	-1.36169	0
106.132	-3.67141	0
107.285	-3.56712	0
107.71	-4.352	0
107.264	-5.1594	0
107.488	-6.69208	0
84.375	-0.496402	0
85.2016	-0.895475	0
88.125	0	0
87.8125	-0.647275	0
88.4375	-0.549947	0
86.875	0	0
86.5625	-0.549947	0
87.1908	-0.556705	0
85.8488	-0.591741	0
86.2366	-1.09891	0
86.5544	-1.97288	0
86.117	-2.79192	0
87.4076	-1.7908	0
85.2456	-2.78898	0
86.606	-3.50028	0
88.3398	-2.3718	0
86.4193	-4.93397	0
87.7998	-4.14203	0
93.125	-0.904795	0
93.125	0	0
92.4529	-0.700775	0
91.875	0	0
92.5584	-1.47148	0
91.5625	-0.549947	0
91.2348	-1.09989	0
91.1836	-1.99204	0
92.2624	-2.3538	0
96.875	0	0
96.5625	-0.549947	0
97.1951	-0.554253	0
95.9375	-0.541334	0
96.25	-1.09128	0
97.5139	-1.10798	0
95.625	0	0
95.3124	-0.541369	0
95.9294	-1.6761	0
97.1827	-2.0292	0
98.125	0	0
94.5874	-0.598957	0
95.0919	-1.73087	0
96.555	-1.6388	0
97.6718	-1.68487	0
94.991	-1.08784	0
95.5462	-2.2474	0
97.8788	-2.49834	0
94.8862	-2.36989	0
95.8554	-3.33408	0
98.3015	-1.95772	0
94.0618	-2.1026	0
95.3255	-2.89752	0
98.8612	-1.4537	0
95.2107	-3.57673	0
94.1871	-3.92908	0
97.8125	-0.532924	0
98.4375	-0.541331	0
94.375	0	0
93.8571	-0.756164	0
93.6178	-1.45463	0
93.5087	-2.86189	0
96.4985	-4.46066	0
94.3552	-5.15653	0
109.375	0	0
109.062	-0.549947	0
109.695	-0.554253	0
108.683	-1.12938	0
110.014	-1.10798	0
110.625	0	0
111.173	-0.835782	0
110.312	-0.532924	0
111.306	-1.55117	0
-126.875	0	0
-126.562	-0.549947	0
-126.184	-1.12879	0
-126.553	-1.66887	0
-125.591	-1.35595	0
104.375	-0.496402	0
128.125	0	0
127.812	-0.647275	0
128.438	-0.549947	0
127.464	-1.21451	0
127.703	-2.00761	0
127.286	-2.73533	0
128.539	-2.02065	0
140.625	-0.496402	0
139.375	0	0
139.062	-0.549947	0
139.695	-0.554253	0
138.438	-0.541334	0
138.75	-1.09128	0
140.014	-1.10798	0
138.125	0	0
137.812	-0.541369	0
138.429	-1.6761	0
139.683	-2.0292	0
137.486	-1.09063	0
137.961	-2.29127	0
139.055	-1.6388	0
140.172	-1.68487	0
137.812	-1.61787	0
140.459	-2.61207	0
140.829	-1.98949	0
138.364	-2.88634	0
141.335	-2.71152	0
141.36	-1.45642	0
138.118	-3.61248	0
139.064	-2.88622	0
139.002	-3.78433	0
138.449	-4.26655	0
138.081	-5.44182	0
139.322	-4.70913	0
140.752	-3.79472	0
139.797	-4.02631	0
140.242	-4.84274	0
141.157	-6.04295	0
148.125	0	0
147.812	-0.549947	0
148.445	-0.554253	0
147.087	-0.598611	0
147.485	-1.09989	0
148.764	-1.10798	0
147.492	-2.17515	0
148.438	-1.63838	0
147.805	-1.6354	0
149.033	-1.81188	0
149.501	-2.74239	0
149.823	-1.96202	0
-35.625	0	0
-35.9375	-0.549947	0
-35.3092	-0.556705	0
-30.625	0	0
-30.9375	-0.549947	0
-30.3049	-0.554253	0
-31.2652	-1.09989	0
-29.9304	-1.14065	0
-30.3098	-1.66756	0
65.625	0	0
65.3125	-0.549947	0
65.9451	-0.554253	0
64.9848	-1.09989	0
66.3196	-1.14065	0
64.9468	-2.03322	0
65.9202	-2.0079	0
64.0338	-2.14926	0
63.4085	-3.14947	0
62.291	-2.81858	0
60.625	0	0
60.3125	-0.549947	0
60.9451	-0.554253	0
59.9848	-1.09994	0
61.2639	-1.10798	0
60.9369	-1.6977	0
6.875	0	0
6.5625	-0.549947	0
7.19076	-0.556705	0
6.18295	-1.12938	0
103.125	0	0
102.812	-0.549947	0
103.445	-0.554253	0
102.433	-1.12938	0
103.764	-1.10798	0
-113.955	-2.01015	0
-114.414	-3.95743	0
-114.173	-5.18419	0
-18.1643	-3.95743	0
-17.9226	-5.18419	0
-63.1531	-6.57002	0
-60.4862	-6.6257	0
-74.7594	-4.26861	0
-55.5701	-8.68433	0
78.1525	-3.83431	0
78.2309	-5.09191	0
-162.547	-2.21451	0
35.7775	-6.46508	0
40.9624	-8.63538	0
43.3808	-8.33213	0
44.8518	-7.26727	0
30.9767	-9.39003	0
31.9658	-7.80456	0
26.2567	-7.2748	0
25.9044	-9.19906	0
26.6628	-8.34353	0
27.4557	-9.81033	0
27.8827	-8.63184	0
-146.899	-7.36302	0
-136.592	-7.08758	0
-132.233	-7.22945	0
-125.911	-5.68824	0
-124.868	-5.35709	0
-123.831	-6.12965	0
-129.945	-7.2987	0
-128.885	-9.15038	0
-125.787	-7.75672	0
123.688	-5.00542	0
-122.228	-4.32876	0
-116.748	-5.49796	0
103.678	-8.43684	0
-84.0117	-5.85264	0
-82.5727	-6.58076	0
-100.708	-4.20483	0
-103.566	-7.48845	0
-97.3937	-7.48539	0
-94.5818	-4.42202	0
-96.5975	-5.28728	0
-20.4976	-5.49796	0
-50.2456	-7.26966	0
-46.5531	-9.02184	0
-29.6422	-5.65918	0
-30.5326	-6.38902	0
-28.5862	-5.3615	0
-27.5674	-6.16605	0
-32.4548	-7.34549	0
89.9	-5.02956	0
91.7916	-4.20483	0
70.315	-4.34135	0
-6.46567	-8.74531	0
-4.18212	-7.15756	0
-0.472663	-5.8882	0
5.63714	-9.29018	0
54.4069	-3.81988	0
54.4748	-5.07115	0
60.1205	-6.81237	0
61.0077	-5.07611	0
13.1505	-5.36448	0
12.9951	-6.50279	0
13.97	-7.72341	0
19.4696	-9.43965	0
17.9328	-8.70275	0
151.387	-3.89596	0
143.132	-3.91902	0
145.125	-6.25768	0
136.649	-4.76528	0
136.547	-5.97907	0
116.174	-6.57724	0
66.2443	-6.22387	0
64.8552	-6.45824	0
66.6058	-7.5881	0
68.0181	-5.41139	0
68.8484	-6.59609	0
64.2807	-5.28044	0
97.7114	-4.30663	0
93.1421	-4.88082	0
95.3961	-6.9585	0
95.6738	-5.56918	0
138.798	-6.50177	0
-113.12	-7.00135	0
-16.8696	-7.00135	0
-62.5479	-8.1476	0
-60.0573	-8.08986	0
79.3861	-6.73084	0
35.2642	-7.92953	0
46.2463	-7.74926	0
32.9769	-8.9714	0
24.2155	-8.88736	0
29.2388	-9.78977	0
28.565	-7.67205	0
28.9961	-8.70095	0
29.9841	-9.05212	0
30.2074	-10.023	0
31.3598	-10.6396	0
29.414	-11.1901	0
30.7599	-8.39997	0
31.6678	-8.71993	0
31.9612	-9.71395	0
-148.121	-8.26185	0
-122.616	-7.00119	0
123.688	-6.57339	0
124.617	-4.34126	0
125.682	-4.72898	0
123.69	-3.71134	0
125.904	-5.8618	0
125.001	-6.64798	0
-100.096	-5.36725	0
-97.1201	-6.34124	0
-95.5045	-7.3324	0
-95.9974	-6.2414	0
-45.7915	-11.2176	0
-26.3381	-6.97555	0
89.5055	-7.21938	0
-1.57882	-6.29029	0
-2.48856	-7.90034	0
-0.551002	-7.39526	0
4.98465	-8.20788	0
55.3732	-6.55718	0
15.3103	-8.12393	0
17.7028	-10.1094	0
150.599	-4.81715	0
143.429	-5.548	0
136.108	-7.62056	0
63.0753	-7.65508	0
66.2826	-9.93658	0
62.998	-5.5828	0
98.4283	-5.19451	0
98.1191	-6.33501	0
96.7835	-6.75982	0
92.3053	-5.79621	0
138.317	-7.58892	0
137.215	-7.7641	0
138.567	-9.13951	0
136.535	-8.66417	0
135.497	-8.48005	0
134.47	-9.92373	0
135.815	-9.708	0
139.956	-6.77055	0
140.596	-7.70404	0
140.253	-9.37143	0
141.304	-8.71843	0
-112.841	-5.62634	0
-16.5912	-5.62634	0
79.3806	-5.50813	0
32.2613	-12.6412	0
29.0208	-13.5277	0
125.889	-7.46867	0
-100.426	-7.12378	0
6.22116	-8.20025	0
14.0062	-10.0449	0
149.253	-5.31705	0
150.819	-6.646	0
97.7982	-7.63799	0
91.4553	-7.58962	0
135.488	-11.9726	0
141.389	-10.0264	0
142.878	-8.62032	0
125.759	-9.14996	0
127.401	-8.1744	0
7.5395	-9.60809	0
97.9251	-9.13969	0
92.6573	-7.06114	0
136.506	-10.9636	0
143.282	-11.1501	0
92.6172	-8.60099	0
94.0409	-7.38872	0
-52.688	-8.20872	0
-158.283	-8.68569	0
-151.655	-8.66596	0
-152.186	-6.80351	0
-156.376	-10.997	0
-153.591	-11.7826	0
-144.691	-8.04447	0
119.391	-9.89289	0
101.046	-10.4245	0
-77.4292	-9.48084	0
-108.994	-5.73611	0
-13.7047	-6.74128	0
-42.0288	-7.88567	0
-49.9444	-9.81311	0
-37.1782	-7.64602	0
81.8793	-7.35953	0
76.3948	-7.16943	0
-8.88506	-7.32567	0
9.91848	-7.47667	0
11.1647	-8.20319	0
21.5235	-7.00352	0
156.782	-5.38154	0
158.664	-6.41353	0
161.08	-2.78894	0
110.111	-9.9162	0
112.688	-7.38528	0
85.8393	-6.37667	0
-164	0	0
-162.787	-4.62377	0
40.6751	-10.5126	0
43.9686	-9.94234	0
26.0073	-11.2119	0
-135.309	-8.0352	0
-137.982	-7.70332	0
-126.434	-10.1921	0
-81.729	-9.04574	0
-105.363	-7.36297	0
-32.5074	-9.85786	0
-59.283	-9.31884	0
36.8077	-8.45702	0
46.4596	-9.30766	0
34.0989	-9.99798	0
-149.573	-8.22515	0
-147.381	-9.64552	0
-122.141	-9.02852	0
-44.1982	-10.4536	0
-25.9105	-8.97954	0
15.98	-10.9647	0
18.9459	-10.7233	0
19.6759	-12.9347	0
21.2285	-10.9059	0
13.0106	-8.8994	0
148.2	-4.48601	0
146.957	-4.88767	0
146.55	-6.25318	0
149.109	-7.07316	0
143.349	-7.11921	0
97.2114	-11.558	0
137.011	-12.4909	0
138.377	-11.0006	0
143.939	-9.74799	0
93.9873	-10.7958	0
95.1166	-8.42782	0
-52.3247	-9.81368	0
-144.537	-10.7491	0
-142.99	-9.16144	0
116.995	-8.99895	0
-110.049	-7.43022	0
76.1368	-9.71149	0
78.004	-7.72483	0
113.758	-8.38105	0
85.7702	-8.49366	0
-135.16	-10.5003	0
-139.691	-7.68647	0
-138.597	-9.72221	0
-59.7797	-11.7076	0
37.1533	-10.2268	0
46.9276	-11.7413	0
33.911	-11.8278	0
-150.406	-9.42868	0
-148.34	-12.1005	0
11.4205	-10.3202	0
145.842	-7.6423	0
147.642	-7.24871	0
98.2594	-10.5528	0
135.668	-13.9393	0
138.682	-12.6514	0
145.859	-11.503	0
95.1455	-9.8949	0
-53.521	-11.9214	0
-145.927	-10.1149	0
113.823	-10.8355	0
115.282	-9.18545	0
-164.75	-1.26406	0
35.3086	-11.0467	0
-151.99	-10.6176	0
-149.794	-11.0899	0
145.834	-9.54809	0
148.579	-8.86029	0
99.3473	-12.7358	0
99.6808	-11.1048	0
140.128	-14.8598	0
93.9134	-9.18535	0
95.5094	-11.5576	0
-147.074	-11.1805	0
-167.3	0	0
35.3833	-12.8213	0
101.039	-12.2322	0
-165.634	-2.87128	0
-166.558	-4.44217	0
-164.498	-4.21516	0
-166.387	-1.41073	0
-167.899	-1.38852	0
-169.318	-2.82378	0
-70.6292	-7.52732	0
-67.0679	-9.74782	0
52.0328	-11.733	0
53.4285	-9.12565	0
-119.433	-8.24336	0
-74.3808	-7.42515	0
-94.3629	-9.73303	0
-102.401	-4.96731	0
-102.656	-6.37917	0
-101.927	-7.90551	0
-23.1292	-7.52732	0
73.0713	-8.1822	0
151.993	-11.0683	0
154.077	-9.62956	0
131.814	-7.48618	0
130.202	-7.01427	0
106.594	-8.83851	0
-55.5639	-10.6466	0
58.27	-7.49235	0
123.83	-9.5715	0
125.568	-11.5309	0
128.748	-9.11875	0
128.73	-10.8865	0
-158.262	-10.4275	0
-159.804	-7.6254	0
121.359	-9.25805	0
-12.9321	-8.46101	0
-40.8763	-6.57798	0
-48.6428	-12.2323	0
-35.7612	-6.94345	0
-35.6068	-9.03507	0
-34.1758	-7.70182	0
83.3876	-8.54397	0
-10.4765	-7.79055	0
21.1618	-8.78248	0
162.257	-4.84668	0
38.9979	-12.1739	0
42.6013	-11.8774	0
-44.0942	-12.714	0
-42.5051	-10.0203	0
15.9925	-14.1955	0
-108.509	-9.26237	0
79.7252	-8.66016	0
87.3455	-7.48543	0
-140.333	-9.34326	0
48.4528	-11.1091	0
48.452	-13.263	0
50.1771	-11.7978	0
136.623	-16.0276	0
116.302	-10.594	0
-151.888	-12.4404	0
147.533	-10.5044	0
93.5267	-13.6175	0
33.7709	-13.6231	0
36.7807	-11.8736	0
103.143	-11.6989	0
-167.135	-6.08581	0
-168.276	-4.20967	0
-72.0221	-10.1811	0
-69.6737	-9.60445	0
-65.5964	-11.3741	0
54.1438	-7.64678	0
55.9203	-8.41288	0
-117.345	-10.6478	0
-75.3173	-9.32441	0
-96.1339	-12.205	0
-93.9785	-11.812	0
-103.186	-9.42466	0
-24.2602	-8.75076	0
-24.8389	-10.6433	0
-22.1755	-9.5434	0
70.9298	-9.94561	0
149.923	-10.5262	0
132.277	-9.64718	0
-57.3991	-12.2535	0
59.9243	-9.13637	0
127.211	-11.5106	0
128.466	-12.4059	0
129.663	-14.7032	0
130.452	-10.4079	0
-159.913	-11.776	0
-12.5527	-11.605	0
-40.1072	-8.41747	0
83.5992	-11.7583	0
22.7062	-8.32426	0
22.3067	-9.8093	0
22.8139	-11.3863	0
24.4957	-12.8569	0
-41.96	-12.1574	0
80.1966	-10.4655	0
-139.961	-11.8057	0
118.26	-12.0651	0
-153.314	-13.599	0
147.667	-12.632	0
36.824	-13.4415	0
38.0756	-15.7598	0
-168.273	-8.04576	0
-165.996	-8.04528	0
-169.93	-4.3684	0
-172.193	-6.00249	0
-103.451	-12.7284	0
-27.6768	-11.2943	0
-23.0038	-11.3121	0
57.7299	-9.83957	0
131.917	-11.7316	0
-38.0702	-10.2054	0
80.0229	-13.5947	0
81.9307	-11.0255	0
-153.849	-16.6385	0
-21.6937	-14.3198	0
-20.408	-11.4495	0
131.297	-13.6021	0
82.0211	-13.0855	0
131.644	-15.8797	0
-89.4303	-9.95404	0
1.53653	-10.9099	0
-98.4591	-9.6699	0
-6.71638	-11.3379	0
-115.036	-8.60153	0
-18.7863	-8.60153	0
63.9874	-9.76797	0
158.115	-8.54494	0
160.84	-6.73792	0
26.8483	-13.2361	0
-79.6211	-9.67843	0
-123.893	-11.0674	0
9.287	-11.0159	0
111.601	-11.8549	0
142.344	-13.5478	0
-171.26	0	0
107.12	-11.0642	0
120.933	-11.3035	0
164.293	-4.06797	0
43.0483	-14.0059	0
48.0001	-16.8527	0
137.673	-19.7393	0
33.5318	-16.6273	0
-70.4108	-11.673	0
-63.7154	-12.9024	0
-76.2299	-11.3372	0
-161.96	-10.62	0
-159.214	-14.1817	0
85.3858	-10.5922	0
23.4848	-15.462	0
-42.1346	-15.858	0
-142.278	-11.4024	0
150.739	-14.3627	0
-170.846	-10.8515	0
-164.708	-10.1037	0
-170.461	-7.46103	0
57.3302	-13.6895	0
-39.3503	-12.5062	0
83.8673	-13.6789	0
85.7647	-16.3266	0
85.3522	-12.4925	0
85.6589	-14.3987	0
86.879	-11.569	0
87.7784	-15.2492	0
86.8414	-13.2307	0
89.5248	-12.4603	0
88.5025	-11.1225	0
90.2366	-10.8569	0
91.6923	-12.4628	0
89.9102	-9.03025	0
132.543	-17.9515	0
-1.89239	-12.1891	0
156.047	-8.90409	0
158.768	-11.6325	0
162.279	-8.24431	0
-81.191	-11.0811	0
10.9673	-12.5494	0
-172.34	-1.68596	0
105.391	-13.0059	0
121.868	-14.5899	0
166.937	-5.82448	0
41.2888	-16.9435	0
44.8301	-16.6366	0
-69.0202	-13.7789	0
-77.0338	-14.8238	0
-143.935	-12.8996	0
150.538	-12.4003	0
152.591	-13.1822	0
87.6454	-17.4211	0
90.6063	-14.4822	0
131.089	-21.4558	0
134.523	-20.5225	0
157.358	-10.3178	0
162.288	-11.7427	0
-80.3563	-14.1909	0
12.4014	-14.5258	0
-176.012	0	0
-144.089	-16.6475	0
-141.52	-13.9065	0
153.558	-16.7436	0
84.9499	-19.8897	0
92.8789	-16.7935	0
164.553	-9.98772	0
-173.299	-3.4889	0
90.0195	-20.2002	0
28.8191	-16.1309	0
-84.0565	-10.0073	0
-32.8045	-12.3998	0
75.5643	-13.4746	0
-134.851	-14.3786	0
-148.295	-14.552	0
99.8523	-15.9724	0
-48.6506	-15.2503	0
-109.739	-12.1177	0
68.6044	-10.8881	0
-57.7198	-15.0856	0
117.343	-15.8702	0
-29.9638	-10.1448	0
-18.5502	-14.0047	0
-87.1666	-11.4397	0
-99.54	-12.9952	0
-9.55712	-13.1631	0
110.752	-15.8727	0
113.593	-13.2658	0
139.716	-17.7097	0
35.9597	-17.0109	0
-62.8153	-15.0722	0
-64.2409	-17.6925	0
-61.019	-17.7474	0
-157.079	-15.1366	0
-156.346	-17.7851	0
-161.022	-15.7106	0
-164.468	-17.697	0
-161.279	-19.2472	0
20.9578	-15.1366	0
24.1587	-18.7746	0
-166.05	-13.2301	0
-4.39135	-12.2564	0
-71.6053	-13.9739	0
-67.5073	-15.8283	0
11.2439	-16.9817	0
-174.341	-1.77861	0
-138.381	-14.6073	0
27.4766	-18.2953	0
31.0281	-17.3988	0
-36.0341	-15.1155	0
-150.297	-16.5697	0
-146.307	-15.8305	0
-145.855	-18.0222	0
-146.459	-21.7324	0
-143.259	-19.5354	0
115.497	-14.5253	0
113.292	-15.7901	0
115.3	-16.7351	0
113.379	-18.2114	0
117.609	-19.3444	0
34.3473	-19.3417	0
38.6517	-19.1489	0
-154.17	-19.2314	0
-158.561	-19.3656	0
18.381	-15.1626	0
21.9378	-17.5015	0
-6.37796	-13.8833	0
-3.05951	-15.2818	0
-74.0209	-16.3064	0
-68.5581	-18.08	0
8.65319	-16.8312	0
12.7897	-19.1996	0
-177.308	-2.01909	0
27.0159	-21.6562	0
-32.589	-15.9343	0
110.931	-18.3156	0
115.05	-20.4328	0
-151.637	-18.7686	0
-160.11	-23.6652	0
16.4019	-16.6174	0
21.8988	-20.1433	0
-71.7608	-18.9145	0
-69.3923	-21.2828	0
6.78185	-18.5851	0
13.9905	-23.579	0
-181.714	0	0
106.924	-17.3822	0
113.554	-24.8501	0
117.283	-22.1297	0
-149.578	-20.8236	0
-156.198	-22.7106	0
15.302	-18.8964	0
6.83029	-22.8928	0
19.6115	-23.9465	0
-178.455	-4.18112	0
108.313	-21.4892	0
121.607	-22.0891	0
14.2984	-21.1403	0
-177.056	-7.15	0
12.2503	-22.1206	0
9.67069	-23.4218	0
11.7968	-24.429	0
9.11849	-27.3347	0
13.9852	-26.821	0
16.8702	-22.7038	0
127.306	-16.7786	0
-27.2333	-14.7895	0
79.8077	-16.9576	0
144.574	-15.0239	0
145.622	-19.3925	0
146.142	-16.9577	0
149.787	-19.0088	0
148.638	-16.7872	0
151.099	-16.922	0
152.505	-19.2621	0
150.84	-22.4178	0
155.88	-19.194	0
53.9271	-14.7537	0
46.2272	-19.5011	0
136.94	-23.5169	0
157.168	-15.2128	0
96.5351	-17.8223	0
-51.7747	-16.9828	0
-45.6866	-18.7067	0
-112.5	-13.6178	0
-106.723	-13.7327	0
-15.6633	-13.0301	0
-140.372	-23.6755	0
36.5851	-21.1567	0
-1.37096	-18.3259	0
-75.0559	-19.7663	0
-70.3114	-24.3185	0
-66.5725	-22.7349	0
-179.705	-2.13231	0
104.241	-15.8656	0
-150.403	-25.6395	0
-177.652	-12.6309	0
17.1413	-26.0551	0
11.964	-30.9824	0
124.412	-16.12	0
127.844	-20.2121	0
142.347	-19.681	0
45.777	-24.1382	0
49.8768	-20.0265	0
-54.9664	-16.7209	0
-113.255	-17.953	0
-16.3385	-15.7931	0
36.8014	-25.9916	0
40.1265	-22.7344	0
-73.4955	-25.3367	0
-70.2488	-27.6608	0
-64.0873	-25.1443	0
-183.27	-2.42375	0
103.794	-19.7873	0
19.4827	-28.4409	0
125.313	-18.8499	0
144.242	-22.4594	0
-57.8019	-18.3594	0
-14.0363	-19.9794	0
-75.7607	-22.9675	0
-76.8691	-27.0716	0
-70.6782	-31.8058	0
-66.7118	-29.8642	0
-188.558	0	0
19.0197	-34.0368	0
140.581	-22.9208	0
-184.647	-5.01854	0
20.9485	-31.3793	0
144.171	-28.1082	0
-182.907	-9.63597	0
24.0688	-35.6728	0
24.6682	-31.9566	0
-23.55	-17.5997	0
170.426	-7.04458	0
129.328	-24.973	0
72.9631	-16.0496	0
-135.576	-19.1723	0
25.7123	-24.6345	0
22.5703	-25.1032	0
26.1813	-28.0288	0
30.0619	-22.7923	0
32.515	-25.6404	0
78.4099	-21.3982	0
154.252	-22.2012	0
56.6805	-17.5851	0
159.948	-18.3114	0
160.439	-14.5265	0
93.8139	-20.4816	0
-49.3125	-19.8996	0
-106.667	-17.7665	0
-4.69525	-19.3451	0
1.14696	-20.6932	0
48.6707	-22.9237	0
48.6316	-26.8849	0
51.6972	-17.2328	0
53.1643	-20.1787	0
57.0442	-23.7563	0
-58.4075	-26.387	0
104.474	-24.832	0
-76.582	-30.9341	0
-81.2878	-23.8441	0
-186.147	-2.55923	0
139.466	-27.5283	0
150.877	-28.411	0
-23.3354	-21.5259	0
168.046	-9.62685	0
173.716	-8.04543	0
126.281	-28.278	0
69.083	-15.4529	0
73.5702	-20.1133	0
30.0484	-29.8425	0
91.4654	-26.4255	0
-50.7806	-24.2108	0
-9.32182	-20.3092	0
1.07887	-26.3023	0
49.2628	-32.2654	0
-80.7392	-34.8059	0
-190.424	-2.90837	0
135.927	-26.9563	0
156.48	-27.4346	0
152.742	-25.4028	0
-27.9172	-25.611	0
-19.3656	-21.1418	0
168.763	-13.4599	0
64.8933	-17.9575	0
-6.23451	-23.5415	0
-196.769	0	0
131.71	-29.0149	0
-17.1028	-24.4239	0
167.565	-18.452	0
173.305	-15.0224	0
-192.077	-6.02202	0
136.779	-32.9183	0
-18.5757	-30.9563	0
-190.093	-9.75762	0
-156.768	-28.8679	0
122.134	-26.2361	0
-112.33	-22.7513	0
41.0815	-27.0352	0
-71.425	-36.9453	0
-63.301	-32.3122	0
34.3793	-29.2197	0
162.822	-22.3667	0
-103.293	-21.3262	0
126.753	-32.5198	0
71.0479	-23.5796	0
-47.1126	-26.7614	0
-193.876	-3.07097	0
141.325	-31.82	0
-194.275	-10.3975	0
-187.029	-13.2217	0
118.875	-28.9865	0
41.5846	-31.4961	0
-62.4999	-39.3187	0
-61.3226	-28.9628	0
33.1427	-33.1536	0
123.306	-35.7279	0
130.984	-33.2466	0
65.5537	-23.4144	0
71.3881	-30.2632	0
-46.9283	-32.1421	0
-41.8474	-27.8855	0
-199.008	-3.49	0
140.323	-37.6302	0
147.29	-33.4459	0
-198.79	-11.0731	0
-188.79	-18.6589	0
119.215	-33.0075	0
40.1321	-36.967	0
-61.0802	-35.6074	0
-56.8277	-39.3614	0
-57.2248	-35.5257	0
-53.8482	-37.1145	0
-54.5307	-31.8123	0
-49.7315	-35.5423	0
32.4978	-40.05	0
124.865	-40.4	0
133.769	-38.4027	0
-206.623	0	0
-196.078	-14.7543	0
-203.341	-11.5693	0
115.615	-36.6667	0
36.0215	-36.1891	0
-44.1798	-39.7838	0
-201.062	-7.40601	0
-197.55	-22.2919	0
-193.01	-17.7813	0
-210.103	-15.2342	0
37.2658	-40.8632	0
-45.6958	-36.0139	0
-191.848	-22.7774	0
-205.364	-15.9072	0
-31.4418	-20.5891	0
-165.74	-30.3503	0
-149.915	-33.8322	0
12.9658	-38.3445	0
53.7682	-28.0608	0
98.4052	-28.714	0
109.011	-26.167	0
-86.4317	-26.3278	0
87.2347	-24.1275	0
0.404148	-31.4616	0
50.9235	-38.0924	0
171.849	-20.9559	0
178.263	-14.1323	0
-116.159	-25.0947	0
-120.706	-23.4222	0
-119.733	-27.8652	0
-122.697	-32.7059	0
-111.704	-27.197	0
-109.861	-34.5096	0
-107.311	-29.9785	0
-69.5838	-45.4722	0
164.153	-27.2442	0
-101.192	-25.8153	0
66.5755	-20.5223	0
63.216	-20.8917	0
68.3228	-22.7663	0
67.9246	-27.3042	0
60.4176	-22.9435	0
59.9098	-28.243	0
-37.0066	-30.4133	0
-39.35	-23.4302	0
26.3175	-41.6469	0
121.33	-44.2526	0
129.725	-41.2217	0
-203.262	-3.75591	0
41.811	-44.5947	0
-184.215	-25.25	0
-208.527	-21.1588	0
-202.356	-20.2005	0
50.7675	-29.3616	0
87.0107	-29.5833	0
-1.82087	-39.9137	0
173.308	-27.9722	0
184.727	-19.5931	0
-104.785	-34.3826	0
-96.0102	-27.8012	0
63.5638	-26.8013	0
56.7766	-30.2548	0
60.5109	-35.2719	0
59.9672	-31.7782	0
-35.3072	-38.4137	0
-34.1442	-25.568	0
132.635	-46.9512	0
-209.31	-4.18792	0
-203.307	-28.9543	0
81.1226	-32.7054	0
4.90727	-37.166	0
168.288	-33.1691	0
175.983	-23.7563	0
-100.025	-36.3282	0
-96.0763	-32.9207	0
-91.7238	-24.6769	0
-218.447	0	0
178.15	-28.0879	0
180.288	-21.5332	0
-99.137	-41.788	0
-91.5807	-34.6949	0
-211.69	-8.67139	0
186.068	-29.9537	0
-105.437	-48.6181	0
-94.1504	-42.9863	0
-86.752	-32.9618	0
184.403	-24.9021	0
-89.2998	-41.3453	0
-97.8441	-47.3827	0
192.142	-25.1516	0
-82.2912	-45.3437	0
-138.342	-33.121	0
154.616	-33.3055	0
-25.0841	-31.4951	0
-11.9076	-35.4833	0
68.3773	-37.8725	0
144.049	-42.9145	0
-54.3181	-44.7683	0
-129.114	-35.739	0
-117.234	-35.3801	0
20.4919	-48.4806	0
41.1579	-54.451	0
50.1461	-46.6394	0
-211.257	-28.6329	0
78.3242	-28.5933	0
76.4459	-32.8797	0
72.3737	-35.3148	0
72.5536	-39.9969	0
68.3779	-33.4725	0
68.2036	-43.3813	0
78.4644	-45.1934	0
64.7417	-35.672	0
62.1325	-40.6939	0
70.3448	-52.3879	0
73.1612	-45.2656	0
75.884	-50.4603	0
87.1791	-37.0144	0
-214.281	-4.422	0
-29.1143	-36.5521	0
140.762	-48.4125	0
150.077	-42.6406	0
-55.3101	-54.7317	0
-47.733	-45.3595	0
-115.085	-45.3403	0
56.5221	-39.4183	0
75.0714	-57.0476	0
84.182	-51.2602	0
-221.672	-5.0255	0
144.418	-53.8089	0
154.331	-47.6805	0
-40.2824	-46.1874	0
58.3099	-44.5307	0
58.3464	-53.2337	0
74.9317	-68.1472	0
-232.637	0	0
141.604	-62.4412	0
151.555	-54.2716	0
160.275	-44.1349	0
-224.528	-10.4059	0
-221.078	-17.2532	0
-177.61	-19.3203	0
45.1274	-34.8385	0
101.552	-35.4192	0
194.247	-34.0553	0
-207.693	-38.958	0
94.2381	-45.9377	0
-36.542	-54.6754	0
-227.638	-5.30665	0
163.353	-37.9738	0
-224.572	-29.6494	0
107.479	-38.9901	0
-236.506	-6.03086	0
101.086	-42.8972	0
-249.663	0	0
101.967	-54.1126	0
-239.934	-12.4872	0
-235.603	-23.9765	0
-168.787	-44.2392	0
-152.243	-47.4201	0
-183.741	-38.7188	0
-8.11565	-49.5719	0
185.279	-39.0978	0
-108.552	-63.9114	0
-85.3749	-53.0282	0
28.961	-51.3789	0
11.2563	-54.8887	0
-65.3369	-54.5569	0
57.6647	-61.3397	0
130.009	-62.6367	0
143.705	-76.9744	0
158.54	-59.9016	0
-27.8892	-53.4352	0
-39.106	-62.9142	0
-243.666	-6.3679	0
92.1378	-58.5257	0
-13.9207	-43.5797	0
180.011	-46.3584	0
-91.2999	-59.1208	0
-76.0075	-52.3262	0
32.6748	-62.3823	0
47.5996	-70.5805	0
60.8869	-74.618	0
161.092	-74.7534	0
168.906	-57.0661	0
-23.8832	-45.4499	0
-50.8016	-69.8027	0
-33.0651	-75.4159	0
-254.307	-7.23666	0
-15.6491	-51.0622	0
183.057	-57.5875	0
-99.8828	-61.6707	0
-90.1028	-73.3458	0
-270.096	0	0
-102.179	-70.6757	0
-258.42	-14.9842	0
-113.169	-74.6455	0
-253.485	-24.2791	0
-143.611	-41.9043	0
-124.356	-47.794	0
-196.692	-37.8177	0
-220.135	-41.5622	0
112.908	-59.1602	0
-174.266	-35.5539	0
-113	-55.0415	0
0.0652007	-58.4326	0
14.6505	-65.6822	0
87.379	-70.2111	0
-262.898	-7.64134	0
-263.89	-25.8711	0
-245.859	-32.8984	0
-140.587	-56.1487	0
-275.669	-8.6843	0
-275.124	-27.5543	0
-131.634	-53.5995	0
-132.543	-67.4033	0
-294.616	0	0
-268.115	-36.0032	0
-280.605	-17.9817	0
-259.748	-51.7361	0
-285.977	-27.4133	0
-298.107	-34.3973	0
191.875	-74.2278	0
198.106	-59.6084	0
-115.373	-91.8382	0
-190.915	-48.3078	0
-223.029	-55.2128	0
114.64	-73.7907	0
-7.36326	-67.3025	0
13.1084	-78.1668	0
-285.979	-9.16997	0
-272.011	-48.1669	0
-249.045	-45.0885	0
-192.454	-66.9003	0
-20.2705	-71.1806	0
-4.16094	-81.2469	0
23.1831	-91.5202	0
-301.303	-10.4213	0
-286.382	-50.9792	0
-269.333	-61.8161	0
-247.633	-59.3018	0
-324.039	0	0
-307.226	-21.5779	0
-166.112	-59.0559	0
136.382	-90.4283	0
37.836	-79.98	0
64.187	-88.3143	0
-62.0888	-82.1945	0
-32.0852	-90.5591	0
98.9881	-80.3138	0
212.843	-53.2849	0
-212.449	-71.0286	0
119.042	-87.902	0
-7.4658	-96.4247	0
-298.909	-58.8537	0
-273.554	-80.9548	0
-243.81	-73.1615	0
-313.675	-11.0038	0
-311.05	-33.9511	0
-323.206	-46.0265	0
-177.95	-67.4525	0
145.485	-101.474	0
39.6993	-97.4185	0
73.9332	-100.845	0
-45.4507	-97.696	0
90.9164	-92.7365	0
117.565	-102.152	0
-2.94622	-122.122	0
-298.81	-74.8643	0
-255.527	-89.099	0
-227.005	-90.5048	0
-314.548	-59.0514	0
-185.665	-79.3488	0
-164.296	-74.1602	0
141.987	-116.832	0
154.425	-88.7773	0
53.6836	-97.5478	0
69.8557	-115.432	0
-47.471	-112.445	0
97.1052	-105.532	0
122.327	-114.777	0
-185.539	-99.5727	0
-148.637	-82.0558	0
174.616	-89.7799	0
46.5216	-115.853	0
78.671	-129.941	0
-64.0024	-124.611	0
-35.9208	-121.752	0
96.5475	-119.043	0
120.53	-127.267	0
109.338	-132.729	0
124.646	-139.021	0
101.331	-142.13	0
127.808	-159.699	0
137.342	-141.962	0
97.621	-130.86	0
97.1929	-162.455	0
148.682	-136.691	0
105.406	-153.543	0
167.404	-143.686	0
113.211	-168.977	0
116.879	-155.63	0
-19.3876	-117.841	0
-49.5843	-126.888	0
206.037	-89.5596	0
-129.793	-103.987	0
-95.5272	-100.262	0
228.198	-64.2141	0
-332.063	-12.5051	0
-359.346	0	0
-339.171	-25.8931	0
-306.23	-98.3531	0
-327.895	-66.9402	0
-351.975	-76.8544	0
-332.836	-89.1392	0
24.6574	-113.465	0
68.2557	-148.707	0
135.388	-187.744	0
-148.333	-107.333	0
-117.78	-118.331	0
223.249	-82.2481	0
246.034	-55.2074	0
-346.909	-13.2044	0
-169.031	-128.689	0
-121.533	-149.534	0
-111.13	-134.958	0
-92.9576	-158.927	0
-92.2898	-139.547	0
-208.8	-106.599	0
40.9422	-138.309	0
77.6202	-175.062	0
-80.8554	-113.848	0
166.755	-176.877	0
117.271	-186.666	0
102.609	-213.395	0
125.072	-208.331	0
239.135	-94.76	0
-368.976	-15.0063	0
-401.716	0	0
-377.505	-31.0717	0
-367.401	-48.1128	0
239	-116.69	0
268.901	-91.1679	0
-386.791	-15.8452	0
-386.656	-48.0135	0
238.422	-140.588	0
-405.107	-55.7214	0
-426.822	-41.8393	0
-394.667	-72.7566	0
-404.012	-96.6312	0
-378.19	-89.1696	0
-5.92455	-146.398	0
-43.2542	-148.861	0
-293.616	-118.813	0
-221.965	-126.044	0
34.0266	-161.184	0
80.7638	-200.324	0
121.961	-246.884	0
-413.271	-18.0074	0
-452.559	0	0
221.308	-160.945	0
266.694	-161.118	0
-438.566	-63.52	0
-390.846	-137.635	0
-60.6271	-183.116	0
-303.771	-151.416	0
-264.304	-131.609	0
-216.091	-165.047	0
9.15467	-167.02	0
78.8436	-228.326	0
-436.802	-20.3959	0
197.661	-180.577	0
-380.888	-114.35	0
-242.666	-132.387	0
-254.196	-151.762	0
-226.946	-146.738	0
-244.282	-184.618	0
-207.236	-147.424	0
-236.973	-165.056	0
-183.403	-170.436	0
-184.237	-147.453	0
-20.3839	-172.795	0
28.3994	-193.12	0
-351.699	-140.604	0
-153.195	-157.833	0
92.4121	-256.169	0
-466.425	-21.6092	0
-513.571	0	0
-479.879	-45.4957	0
205.075	-220.971	0
-1.14955	-192.748	0
46.25	-221.285	0
68.427	-302.336	0
116.742	-281.936	0
13.2533	-222.459	0
-307.556	-203.048	0
-153.948	-198.532	0
-492.141	-22.8574	0
-523.184	-30.4868	0
-551.467	-52.2314	0
156.835	-269.991	0
103.328	-317.58	0
30.6971	-248.456	0
44.1662	-279.175	0
-19.7132	-263.43	0
-274.649	-198.195	0
-586.785	0	0
-564.407	-87.836	0
30.6279	-317.642	0
11.2414	-275.299	0
-286.826	-229.621	0
-243	-228.233	0
-622.188	-106.663	0
-527.452	-99.0981	0
-22.2023	-316.22	0
-263.519	-272.938	0
-66.8445	-232.903	0
244.175	-222.258	0
192.751	-308.226	0
134.25	-363.178	0
-520.748	-135.601	0
-555.772	-187.171	0
-510.706	-180.099	0
-490.842	-89.2133	0
3.33139	-349.68	0
-214.943	-268.172	0
-115.996	-229.907	0
287.479	-251.236	0
14.3101	-419.521	0
-353.667	-227.448	0
-315.045	-336.086	0
270.115	-350.404	0
-234.259	-321.24	0
-159.702	-244.133	0
-400.667	-213.233	0
-353.892	-277.58	0
300.892	-304.689	0
-455.549	-223.37	0
-381.225	-337.878	0
-690.796	-163.76	0
86.949	-391.778	0
195.407	-389.379	0
-179.562	-311.1	0
-263.036	-383.68	0
338.279	-363.075	0
-461.16	-280.462	0
75.4276	-470.578	0
-128.541	-357.489	0
351.449	-313.478	0
391.6	-350.687	0
398.208	-274.204	0
-539.82	-336.12	0
480.139	-375.499	0
423.954	-221.007	0
480.741	-215.866	0
549.058	-274.859	0
-246.302	-484.18	0
322.638	-440.143	0
-113.656	-472.357	0
-214.042	-427.165	0
-179.434	-484.381	0
91.9891	-548.674	0
-590.656	-266.236	0
277.336	-523.706	0
396.14	-500.412	0
26.0969	-665.465	0
151.997	-496.225	0
-662.474	-371.912	0
105.389	-633.218	0
100.353	-734.443	0
208.421	-679.841	0
-413.293	-422.372	0
-454.939	-528.039	0
-363.398	-503.078	0
507.488	-614.837	0
497.767	-478.053	0
139.699	-860.349	0
266.306	-612.114	0
305.002	-703.787	0
-290.837	-580.457	0
620.819	-538.045	0
407.941	-835.465	0
-222.519	-688.739	0
-587.708	-528.164	0
-521.233	-625.009	0
-468.198	-775.691	0
20.5913	-946.503	0
643.407	-693.404	0
702.775	-436.75	0
283.593	-953.255	0
-107.455	-760.775	0
-723.644	-506.345	0
-340.901	-744.808	0
43.0496	-1080.97	0
769.186	-574.285	0
766.95	-330.028	0
886.995	-328.292	0
1032.04	-468.401	0
1005.98	-350.246	0
1085.69	-256.738	0
-117.35	-904.216	0
-909.24	-644.307	0
-368.943	-907.019	0
-80.2866	-1273.92	0
164.081	-1018.54	0
-242.06	-1003.17	0
38.6622	-1214.06	0
281.879	-1092.15	0
75.1755	-1434.73	0
469.52	-1025	0
319.962	-1322.33	0
159.674	-1307.39	0
-630.468	-791.163	0
865.237	-801.671	0
915.147	-557.425	0
1054.68	-619.38	0
-432.244	-1122.34	0
-203.349	-1163.75	0
227.758	-1444.28	0
-784.218	-745.003	0
1292.46	-592.307	0
-254.573	-1344.78	0
136.16	-1684.18	0
446.747	-1514.02	0
-929.949	-797.979	0
1164.44	-525.734	0
1290.42	-439.866	0
-1012.83	-1044.9	0
1424.04	-514.313	0
1336	-287.67	0
-769.425	-996.732	0
1628.15	-425.586	0
1487.5	-345.14	0
-438.227	-1601.96	0
-1131.7	-562.12	0
735.089	-1101.75	0
1337.87	-813.046	0
791.499	-1576.03	0
1754.89	-612.382	0
-1347.82	-488.48	0
571.084	-1294.01	0
1171.3	-1011.42	0
1552.46	-840.164	0
-1560.24	-394.829	0
-1313.64	-725.045	0
1709.38	-1078.72	0
-1729.05	-533.456	0
-1507.58	-860.533	0
-1258.75	-955.165	0
-1897.61	-668.093	0
-1682.86	-1023.95	0
-1216.73	-1221.85	0
-2208.06	-910.567	0
-1701.22	-757.186	0
-1930.52	-1160.3	0
-1642.79	-1316.19	0
1292	-1330.75	0
2206.81	-1536	0
-2208.06	-1821.13	0
1982.84	-1280.44	0
-1892.39	-1605.64	0
229.601	-2198.31	0
-180.692	-1850.26	0
809.25	-1981.02	0
1445.69	-1687.23	0
1882.33	-1594.45	0
-596.691	-2024.03	0
-1769.48	-2124.66	0
994.829	-2373.23	0
1705.65	-2122.06	0
-971.104	-1823.84	0
-1352.61	-2021.18	0
-1438.65	-2566.01	0
-613.497	-2448.26	0
-978.771	-2681.21	0
-569.542	-2879.26	0
988.305	-2857.26	0
2206.81	-2750.09	0
-438.89	-3486.98	0
-146.531	-3078.97	0
560.587	-3016.89	0
1197.03	-3373.59	0
200.938	-2752.92	0
714.085	-3488.51	0
349.501	-3828.57	0
469.358	-4297.84	0
916.783	-4428.96	0
-1626.56	-3244.83	0
-1557.25	-3970.36	0
CELLS 8996	35984
3 314	1441	315	
3 1451	4763	1445	
3 869	1679	27	
3 4642	1375	4626	
3 1380	1391	1400	
3 1671	1673	1676	
3 1462	104	1460	
3 1347	4597	1359	
3 1466	1465	338	
3 4486	4443	1306	
3 4493	4457	1293	
3 1468	257	1467	
3 1347	1359	1341	
3 1752	1757	1466	
3 1260	4334	4418	
3 1462	1463	104	
3 2085	2092	684	
3 1209	4267	4373	
3 1905	1906	687	
3 3961	3960	3932	
3 3931	3849	1043	
3 2074	1469	347	
3 4264	4259	1224	
3 1482	1488	383	
3 1868	437	1877	
3 1657	1659	799	
3 1700	1701	1704	
3 1908	1911	687	
3 670	1915	1919	
3 2040	1964	2039	
3 1639	1645	762	
3 1664	673	1654	
3 3673	921	3636	
3 1633	713	1634	
3 673	1675	1656	
3 256	1474	1473	
3 2410	2417	688	
3 765	1659	1657	
3 2480	466	2479	
3 1650	1654	715	
3 3788	1039	3731	
3 2399	1476	365	
3 362	1629	1632	
3 1827	1834	1823	
3 2577	2572	2574	
3 3707	3706	25	
3 327	2507	2511	
3 3434	3687	870	
3 3705	3702	3687	
3 1534	1538	1530	
3 3807	3857	3806	
3 1543	1542	675	
3 3848	3856	1041	
3 1548	1551	675	
3 1479	468	1480	
3 1496	1494	1495	
3 2158	2159	2168	
3 1673	1671	364	
3 30	1610	31	
3 2212	473	2210	
3 1668	1667	364	
3 100	1501	1517	
3 2717	1612	219	
3 32	1620	1621	
3 2900	1623	200	
3 34	33	1624	
3 442	1700	1699	
3 1714	403	1711	
3 363	1624	1620	
3 2890	493	2880	
3 1610	1648	31	
3 2666	2668	2665	
3 3666	1005	3911	
3 379	1549	1552	
3 1704	1702	36	
3 1641	361	1642	
3 1794	1799	1755	
3 1706	37	1703	
3 709	1754	1753	
3 39	38	1705	
3 360	1705	1706	
3 185	1708	1709	
3 1745	1747	668	
3 40	1810	41	
3 1814	497	1815	
3 1865	1868	1889	
3 437	1865	1864	
3 177	1830	1841	
3 42	41	1812	
3 1739	336	1732	
3 1812	41	1810	
3 337	1745	1739	
3 163	2948	164	
3 1888	1895	46	
3 1144	289	1124	
3 1897	1899	47	
3 1899	356	2360	
3 415	3127	3129	
3 1895	1888	1896	
3 656	3387	3386	
3 905	3138	3135	
3 1975	1973	52	
3 3147	343	3149	
3 2024	2030	520	
3 53	1978	1979	
3 259	1970	1971	
3 1975	52	1972	
3 1985	1984	262	
3 51	2332	1974	
3 269	1991	1992	
3 45	1889	1873	
3 2990	502	2986	
3 344	3345	1970	
3 59	2019	60	
3 252	1994	1993	
3 58	2017	2016	
3 59	2018	2019	
3 422	3207	3203	
3 520	2017	2022	
3 2046	512	2047	
3 2061	518	2062	
3 2072	2063	2084	
3 1935	355	2363	
3 63	2075	2067	
3 2080	64	2088	
3 54	1982	1981	
3 2071	2074	2088	
3 61	2076	2084	
3 2084	2063	61	
3 236	2105	2104	
3 2381	2141	81	
3 67	2269	2271	
3 73	2260	2261	
3 66	2280	2270	
3 433	350	2260	
3 1469	1470	3423	
3 2270	2269	66	
3 2277	436	2284	
3 352	2282	2276	
3 2288	70	2285	
3 1875	1878	443	
3 2319	2318	72	
3 2369	2321	430	
3 1891	443	1874	
3 2319	2324	527	
3 2271	2272	67	
3 2279	69	2278	
3 2278	2274	2277	
3 65	2087	2280	
3 2303	596	2300	
3 53	1979	1980	
3 344	3342	3343	
3 2264	2260	2262	
3 190	2325	2326	
3 1973	1978	52	
3 2264	2265	2266	
3 49	2327	2328	
3 76	2335	2334	
3 2265	432	2339	
3 2148	428	2146	
3 2359	2358	441	
3 2365	524	2366	
3 1636	1684	442	
3 1595	386	1596	
3 2140	2142	2144	
3 1653	534	1646	
3 2373	80	2379	
3 1682	34	1625	
3 2140	2378	2383	
3 1897	1898	356	
3 1688	322	357	
3 2161	2159	592	
3 1919	1925	670	
3 2209	2212	2207	
3 2169	2170	87	
3 39	1705	1707	
3 85	2168	2162	
3 1811	39	1707	
3 1637	1642	671	
3 2206	90	2211	
3 36	1698	1700	
3 92	2216	2219	
3 2435	2436	2437	
3 1630	1627	1628	
3 2213	91	2217	
3 671	1638	1637	
3 2170	2182	87	
3 1648	1610	1649	
3 2147	2150	2144	
3 1865	45	1863	
3 1671	316	1672	
3 331	1525	386	
3 2386	535	2387	
3 97	2436	2435	
3 99	1525	1516	
3 138	2401	2409	
3 470	2436	2440	
3 1664	1668	673	
3 2546	461	3395	
3 1490	1517	385	
3 158	2452	2453	
3 1480	1482	1500	
3 1834	338	1828	
3 369	2459	2464	
3 104	1463	1464	
3 607	2740	2737	
3 1460	1461	1462	
3 848	2602	2610	
3 1477	325	2425	
3 1536	1540	1544	
3 370	2465	2460	
3 1561	1557	1560	
3 1557	1556	1562	
3 2456	2455	458	
3 1539	1545	1540	
3 2461	2456	2459	
3 118	2474	2473	
3 1571	1575	1576	
3 129	2541	2542	
3 2560	113	2558	
3 375	2514	2511	
3 371	2575	2577	
3 2563	464	2559	
3 2580	2579	2584	
3 328	1556	1552	
3 2565	546	2566	
3 382	1524	1535	
3 150	2586	2587	
3 2219	2220	93	
3 34	1624	1625	
3 374	2604	2595	
3 2513	2518	2510	
3 1571	1570	110	
3 2497	2498	2494	
3 2474	118	2477	
3 1579	1588	464	
3 467	2486	2490	
3 2590	2589	463	
3 2574	2579	2577	
3 2573	2575	2582	
3 378	2502	2499	
3 2578	122	2582	
3 2600	123	2581	
3 378	2504	2502	
3 2576	2571	121	
3 2514	1588	1591	
3 2473	2475	119	
3 327	2511	2514	
3 329	1539	1535	
3 463	2589	2593	
3 1524	1530	1535	
3 372	2541	462	
3 2619	2620	2621	
3 2558	2559	2560	
3 2591	2593	2589	
3 1543	329	1538	
3 1567	381	1564	
3 448	2429	2428	
3 1515	1524	1531	
3 2545	2546	2547	
3 366	2415	448	
3 101	1481	1479	
3 2543	2545	2541	
3 1531	1536	1463	
3 2621	2541	129	
3 1559	328	1555	
3 374	2591	2598	
3 2499	377	2495	
3 1595	1532	331	
3 135	2623	2622	
3 1518	678	1519	
3 2409	2388	138	
3 2397	2409	447	
3 1503	1486	384	
3 2415	2408	137	
3 1484	1488	1482	
3 2235	2237	2238	
3 140	2400	2392	
3 2208	2210	2217	
3 2412	2420	142	
3 2420	2421	143	
3 3311	3321	708	
3 141	2413	2405	
3 2143	2146	429	
3 2396	2399	2413	
3 2441	553	2442	
3 2644	745	2645	
3 2458	2455	2457	
3 2113	475	2111	
3 2461	2462	146	
3 2626	2625	457	
3 222	2627	2628	
3 368	2586	455	
3 227	2629	2630	
3 2639	2638	483	
3 149	2655	150	
3 215	214	2656	
3 2685	2686	2687	
3 2688	2687	2689	
3 3236	488	3239	
3 541	2789	2780	
3 2701	564	2702	
3 544	2722	2721	
3 1613	1614	391	
3 2458	2457	370	
3 2105	236	2108	
3 537	2623	2753	
3 1480	102	1478	
3 327	2504	2507	
3 2594	2590	2592	
3 4578	1352	4577	
3 1883	1892	321	
3 151	2586	2686	
3 2690	2693	2694	
3 206	2773	2774	
3 2452	2800	2804	
3 2776	541	2777	
3 2847	395	2845	
3 203	2839	2840	
3 2785	157	2801	
3 2843	2842	491	
3 2864	2865	2866	
3 159	2865	2864	
3 2873	570	2874	
3 1855	1854	408	
3 2852	2848	396	
3 2945	2946	2947	
3 3402	3404	488	
3 572	1762	1770	
3 162	2946	2945	
3 1770	2941	572	
3 2949	2950	2951	
3 2950	2949	164	
3 2917	193	2918	
3 2986	2983	2985	
3 196	2884	2875	
3 2934	2933	400	
3 2972	169	2969	
3 1763	2943	496	
3 2998	3000	174	
3 3041	3042	3043	
3 1745	668	1740	
3 169	2970	3044	
3 1719	1725	1731	
3 2975	576	2971	
3 2926	2934	679	
3 3019	3021	1846	
3 2889	494	2884	
3 1710	1711	403	
3 2999	499	3000	
3 336	1726	1732	
3 1846	1840	176	
3 1824	1828	1465	
3 1720	1726	681	
3 3007	174	3020	
3 1715	1731	187	
3 1819	1823	1817	
3 1466	181	1465	
3 179	1813	1815	
3 2059	345	2057	
3 1757	1752	182	
3 1842	682	1843	
3 1820	179	1829	
3 339	1854	1850	
3 407	1825	1841	
3 178	1816	1814	
3 3001	574	3002	
3 404	1720	1708	
3 2870	451	2869	
3 3061	2325	3060	
3 1712	1708	1710	
3 576	2975	2974	
3 1743	184	1738	
3 170	3042	3041	
3 278	277	3050	
3 3055	3054	496	
3 3063	3062	506	
3 2886	2893	2882	
3 2936	2325	2937	
3 3382	3386	506	
3 3059	189	3055	
3 3117	412	3110	
3 186	1712	1715	
3 3065	577	3066	
3 1752	1756	182	
3 1832	1821	406	
3 2325	2936	191	
3 189	3053	3055	
3 3116	3111	413	
3 2907	398	2902	
3 3348	3350	3351	
3 2909	2908	2912	
3 2889	2897	494	
3 3104	265	3103	
3 2909	2912	495	
3 3107	3106	508	
3 3352	3346	3349	
3 2879	198	2888	
3 3124	3123	510	
3 2714	2709	2711	
3 2851	1622	2905	
3 511	1987	3144	
3 199	2883	2894	
3 3133	3128	416	
3 1622	2900	2905	
3 415	3129	3134	
3 253	1995	1996	
3 2846	2842	2844	
3 3412	3161	3410	
3 2773	490	394	
3 205	3161	206	
3 3177	3183	421	
3 2846	491	2842	
3 2051	2053	2049	
3 1998	1999	420	
3 3226	3232	566	
3 3163	586	3164	
3 207	3222	208	
3 393	2657	2660	
3 247	3179	3188	
3 3222	2773	489	
3 1996	254	253	
3 2663	3224	566	
3 255	2045	2047	
3 3287	2634	479	
3 3146	3148	511	
3 241	3248	3247	
3 2660	2661	487	
3 2066	2070	2064	
3 565	1618	2711	
3 2656	2657	486	
3 1968	1969	426	
3 2660	2657	2659	
3 62	2063	2061	
3 2085	684	2086	
3 2707	217	2713	
3 2021	2023	2024	
3 418	2057	2056	
3 1611	1613	1615	
3 2028	2026	56	
3 2715	218	2718	
3 2078	2068	424	
3 332	1613	2719	
3 63	2060	2062	
3 2167	2169	86	
3 2640	1616	391	
3 2154	2149	2153	
3 482	3263	2627	
3 223	3263	224	
3 2142	2143	429	
3 480	389	2629	
3 2343	2345	706	
3 2344	2347	2348	
3 226	3266	3265	
3 2295	732	2293	
3 2633	2629	2631	
3 2634	228	2633	
3 2366	80	2364	
3 3295	559	3304	
3 2344	2333	2342	
3 562	3266	3270	
3 2147	2154	83	
3 1615	1616	220	
3 2321	2249	2384	
3 307	306	1389	
3 2111	476	2110	
3 4740	4744	1398	
3 3112	3107	3110	
3 2336	2338	2335	
3 3283	3282	230	
3 2301	2310	527	
3 559	3292	3291	
3 3313	477	3310	
3 2304	70	2286	
3 2318	2319	2320	
3 3172	3176	3183	
3 2279	435	2287	
3 558	474	3251	
3 3420	3422	3338	
3 2273	2276	436	
3 237	2104	2106	
3 2292	2290	2291	
3 234	3316	3300	
3 320	3423	1470	
3 1866	529	1867	
3 3332	3196	3330	
3 2360	2362	441	
3 588	3326	3325	
3 3329	244	3331	
3 2016	2017	2018	
3 3247	3249	242	
3 1871	1876	1867	
3 1981	3333	54	
3 3188	3165	247	
3 1946	1949	532	
3 3201	1997	3193	
3 3169	249	3178	
3 2362	2360	356	
3 3174	3188	516	
3 2331	50	2330	
3 246	3196	3187	
3 1960	1957	598	
3 239	3338	240	
3 2275	2274	68	
3 1683	35	1682	
3 1997	1994	252	
3 1872	1877	437	
3 1993	1995	253	
3 319	1467	345	
3 1866	1867	1864	
3 1473	1474	1475	
3 1636	362	1632	
3 1906	1908	687	
3 1026	1095	287	
3 2391	2395	2389	
3 3341	1970	259	
3 1983	1985	1988	
3 2428	2423	366	
3 3339	3340	3341	
3 139	2388	2386	
3 2058	2047	2049	
3 1810	40	1811	
3 2410	688	2411	
3 1985	1986	1987	
3 2752	2754	2755	
3 1988	3132	1983	
3 3126	3125	416	
3 2759	2757	133	
3 3360	3352	509	
3 2403	2393	446	
3 2948	163	2947	
3 3366	414	3363	
3 2867	160	2866	
3 269	268	3346	
3 3076	3081	3073	
3 451	2868	2869	
3 3348	509	3349	
3 2796	2806	707	
3 3125	3126	3123	
3 2780	2789	452	
3 1987	417	1985	
3 140	2385	2387	
3 3184	250	3194	
3 2359	2361	2327	
3 2787	2790	542	
3 3109	3108	413	
3 738	2468	2466	
3 411	3051	3063	
3 3113	273	3112	
3 2777	157	2775	
3 3108	3109	3106	
3 154	2694	2695	
3 2687	2688	152	
3 276	3062	3063	
3 2726	455	2724	
3 505	3050	3051	
3 3087	282	3082	
3 325	2419	2425	
3 3079	3075	3072	
3 147	2626	2723	
3 3379	3378	579	
3 2697	606	2692	
3 690	457	369	
3 3074	3082	281	
3 2458	2460	458	
3 871	283	340	
3 284	283	871	
3 2454	2456	145	
3 282	3087	283	
3 147	2625	2626	
3 2570	2572	2568	
3 340	3098	3101	
3 2622	2623	2624	
3 872	1001	285	
3 1001	286	285	
3 2543	2544	461	
3 3095	655	3093	
3 373	2592	2609	
3 871	3617	284	
3 119	2475	2476	
3 3071	280	3078	
3 2722	2724	2655	
3 549	2620	3391	
3 287	1095	288	
3 2593	2595	463	
3 1124	288	1095	
3 3882	1026	1001	
3 2588	2590	126	
3 3876	3904	1027	
3 2599	2603	549	
3 1579	380	1574	
3 3093	3094	3095	
3 121	2564	2566	
3 4174	4222	1193	
3 1226	4247	4211	
3 2478	2479	466	
3 1191	291	1169	
3 2500	740	2496	
3 1095	1145	1124	
3 380	1570	1567	
3 377	2491	2495	
3 297	1268	1276	
3 1483	1479	1481	
3 1329	1326	1330	
3 1336	301	300	
3 1505	1471	1507	
3 1288	299	298	
3 2486	2491	692	
3 1826	1833	573	
3 304	1362	1371	
3 2445	2447	2442	
3 308	307	1404	
3 310	1428	1427	
3 2226	387	2227	
3 1393	1378	1384	
3 2234	2239	2235	
3 1354	1356	1351	
3 678	1518	1527	
3 4346	4359	1235	
3 2476	120	119	
3 1026	286	1001	
3 3394	3393	548	
3 3115	1991	3366	
3 2867	161	160	
3 2442	2439	2441	
3 2262	2263	432	
3 2225	2226	472	
3 3222	489	3401	
3 2231	472	2228	
3 555	2208	2211	
3 2183	2186	88	
3 3295	3304	477	
3 3248	241	3251	
3 561	3289	3285	
3 2107	237	2106	
3 2109	2110	476	
3 2107	238	237	
3 3302	3305	560	
3 3285	3320	3281	
3 3280	619	3277	
3 3292	234	3290	
3 2631	2632	479	
3 3284	3286	3283	
3 224	3264	3271	
3 3273	3275	562	
3 2643	390	2641	
3 3265	3266	3267	
3 695	482	390	
3 224	3263	3264	
3 2640	2642	483	
3 2639	2641	2627	
3 215	2658	2703	
3 2706	2709	2704	
3 2666	393	2680	
3 217	2700	2702	
3 2665	2667	2664	
3 215	2656	2658	
3 3224	3225	3226	
3 3230	3228	210	
3 2853	395	2847	
3 2661	2663	487	
3 489	3405	3403	
3 3400	3399	567	
3 3409	568	3410	
3 3413	3412	568	
3 2847	491	2848	
3 2843	2845	2839	
3 197	2875	2873	
3 2878	2882	2876	
3 748	2920	2923	
3 198	2872	2874	
3 2898	697	2899	
3 2891	2880	493	
3 2917	2918	2919	
3 2909	2913	698	
3 402	1725	1719	
3 402	1724	1763	
3 1818	1814	1816	
3 1823	405	1817	
3 682	1842	1848	
3 2000	420	1999	
3 172	3008	3005	
3 3006	3010	3002	
3 3028	409	2990	
3 3002	2999	3001	
3 501	3045	3046	
3 501	3048	3049	
3 2974	2976	2977	
3 2951	2952	165	
3 278	3052	3067	
3 3070	3073	3068	
3 412	3117	3119	
3 280	3064	3066	
3 700	505	411	
3 278	3050	3052	
3 3381	3380	507	
3 3386	3382	3384	
3 3385	656	3384	
3 3062	3379	3382	
3 3109	3111	508	
3 3105	3107	272	
3 3350	581	3351	
3 3355	3359	3351	
3 3126	3128	510	
3 3124	3127	3103	
3 3145	3143	1970	
3 511	3145	3146	
3 2048	2046	1996	
3 2053	418	2049	
3 683	1999	2001	
3 3081	410	3077	
3 248	3165	3163	
3 3168	3172	3166	
3 3189	3198	701	
3 249	3162	3164	
3 3189	701	3190	
3 3181	3170	515	
3 242	3249	3250	
3 635	3209	3208	
3 2065	2061	2063	
3 589	519	1469	
3 1877	353	1868	
3 1504	552	1491	
3 2023	590	2024	
3 2027	2030	2024	
3 2163	2164	2166	
3 2214	2212	2209	
3 2189	702	2187	
3 2184	2183	88	
3 2160	2156	84	
3 2163	2159	2161	
3 2367	593	2368	
3 2372	2376	2368	
3 2321	639	594	
3 2367	2368	2365	
3 2339	2340	526	
3 2337	2333	2335	
3 2305	71	2304	
3 2301	434	2298	
3 384	1486	1502	
3 2337	526	2341	
3 1870	529	1866	
3 1871	1875	1879	
3 1630	1634	672	
3 2032	2036	637	
3 439	1960	2043	
3 3334	3335	2028	
3 51	2331	2332	
3 1946	355	1942	
3 424	2068	2077	
3 2037	598	2041	
3 4226	4188	1195	
3 2096	884	2094	
3 2390	2386	2388	
3 600	536	1476	
3 2767	642	2763	
3 689	2809	2811	
3 2754	601	2755	
3 2758	2761	2755	
3 540	603	2818	
3 2972	2970	169	
3 2953	2954	539	
3 2952	166	165	
3 603	2946	3416	
3 2816	2818	603	
3 2778	604	2779	
3 2783	2788	2779	
3 2784	2789	541	
3 2778	2779	2776	
3 2689	2692	543	
3 2691	2690	153	
3 2725	544	2721	
3 2728	2726	2727	
3 406	1821	1831	
3 543	2699	2693	
3 2567	2565	2476	
3 2572	459	2568	
3 2496	740	2492	
3 2552	2555	2557	
3 461	2544	2771	
3 3394	3396	2759	
3 127	2594	2596	
3 549	2596	2599	
3 446	2393	2402	
3 2557	2770	609	
3 1543	1549	379	
3 2502	2500	377	
3 468	1487	1484	
3 1484	1491	552	
3 471	2234	2231	
3 612	554	1596	
3 472	2226	2228	
3 2302	2303	2300	
3 2202	89	2201	
3 2205	2207	2204	
3 558	2121	2124	
3 244	3324	3326	
3 3252	3253	557	
3 3250	243	242	
3 3419	615	3420	
3 2119	2121	615	
3 3293	616	3294	
3 3298	3303	3294	
3 3299	3304	559	
3 3293	3294	3291	
3 3287	3288	561	
3 3285	3281	3283	
3 3272	562	3269	
3 562	3272	3273	
3 484	2714	2712	
3 1617	1618	3432	
3 2701	2703	2705	
3 2709	484	2704	
3 651	3234	3240	
3 585	2006	3531	
3 3225	621	3226	
3 3229	3232	3226	
3 3401	3403	567	
3 3400	3402	3230	
3 3411	3409	2839	
3 2860	395	2855	
3 492	2893	2887	
3 2667	486	2664	
3 2877	2873	2875	
3 2882	492	2876	
3 1724	1761	572	
3 2857	3481	2854	
3 402	1714	1718	
3 679	2927	2926	
3 497	1822	1819	
3 1836	1795	1837	
3 3005	574	3001	
3 627	575	1855	
3 607	2728	2729	
3 501	3046	3048	
3 2976	628	2977	
3 2980	2983	2977	
3 3065	3067	3069	
3 3073	503	3068	
3 3491	3116	3118	
3 3491	3549	3120	
3 3380	3381	3378	
3 507	412	3121	
3 3360	414	3352	
3 3490	411	3387	
3 581	3350	3354	
3 3360	509	3356	
3 584	3153	1990	
3 580	3491	3120	
3 417	1989	1988	
3 3146	3147	584	
3 3343	3345	344	
3 3154	3344	711	
3 2050	2048	419	
3 419	2002	2006	
3 3167	3163	3165	
3 3172	514	3166	
3 619	3274	3277	
3 3180	515	3170	
3 3327	3325	3250	
3 3256	3210	556	
3 518	2069	2066	
3 2066	2073	589	
3 2026	590	2023	
3 637	591	1968	
3 2232	2229	2236	
3 1939	830	3600	
3 428	2153	2149	
3 428	2152	2161	
3 593	2367	2371	
3 2375	2350	639	
3 2079	589	2073	
3 2296	2297	2293	
3 2310	2314	433	
3 320	2283	2282	
3 2290	2294	2289	
3 636	3457	2100	
3 1871	529	1875	
3 1881	1884	705	
3 1977	1950	1976	
3 1918	845	1924	
3 923	1951	1924	
3 1945	1948	599	
3 535	2394	2391	
3 2391	2398	600	
3 2757	601	2754	
3 642	602	2429	
3 608	2520	2536	
3 2524	853	2525	
3 3417	3415	2867	
3 450	2814	2816	
3 2782	604	2778	
3 2783	2787	2791	
3 600	2398	2404	
3 2468	2470	690	
3 455	2726	2737	
3 2467	545	2465	
3 690	456	457	
3 641	3466	2427	
3 2569	2567	465	
3 465	2482	2520	
3 462	2603	2550	
3 2539	2538	916	
3 2523	2525	645	
3 925	2548	2553	
3 2450	612	2448	
3 1848	1851	682	
3 2448	612	2445	
3 471	2451	2449	
3 89	88	2186	
3 2207	555	2204	
3 428	2148	2152	
3 2189	2192	702	
3 3421	3419	2107	
3 3421	615	3419	
3 3297	616	3293	
3 3298	3302	3306	
3 565	620	2679	
3 2645	2647	695	
3 3275	3278	480	
3 2640	391	2642	
3 695	481	482	
3 650	2677	2683	
3 2708	2705	485	
3 2676	650	2679	
3 3228	621	3225	
3 3235	3232	651	
3 2892	625	2885	
3 1790	840	1793	
3 490	3413	3407	
3 3513	3634	1789	
3 2942	652	2940	
3 3406	2862	926	
3 570	2881	2878	
3 2878	2885	625	
3 3016	627	3012	
3 3260	754	3259	
3 3006	3009	3012	
3 3006	3012	627	
3 628	2976	2979	
3 2983	576	2977	
3 2811	736	2814	
3 703	2954	2956	
3 3070	3072	3075	
3 3070	3075	630	
3 505	700	504	
3 3369	582	3368	
3 3358	3137	3364	
3 3137	415	3134	
3 3182	634	3175	
3 3080	630	3075	
3 586	3171	3168	
3 3168	3175	634	
3 3253	3254	557	
3 635	3212	3211	
3 597	1879	1885	
3 1527	1533	678	
3 2027	2029	2032	
3 2032	637	2027	
3 685	2143	2145	
3 2187	521	2185	
3 2343	2346	525	
3 2342	2343	525	
3 1627	1629	1626	
3 1909	1912	795	
3 2417	2424	688	
3 778	2823	2812	
3 2758	2760	2763	
3 2758	2763	642	
3 2807	367	2803	
3 2954	2955	539	
3 2783	604	2787	
3 2793	2796	707	
3 2484	2487	741	
3 2488	783	2485	
3 2179	2200	2165	
3 2173	2174	2172	
3 2188	2191	613	
3 2191	2194	647	
3 694	2110	2112	
3 3256	556	3254	
3 3298	616	3302	
3 3308	3311	708	
3 2670	2668	2669	
3 2001	2005	683	
3 3229	3231	3234	
3 3229	3234	651	
3 749	2910	2914	
3 2940	789	1793	
3 3025	3029	3023	
3 2791	2797	644	
3 2982	2967	2987	
3 538	2957	2967	
3 667	3646	3578	
3 289	1144	290	
3 579	3381	3385	
3 631	667	3387	
3 3133	3135	3138	
3 3358	3364	632	
3 3288	3287	479	
3 475	2113	2117	
3 831	798	762	
3 1946	1945	599	
3 3456	591	2044	
3 2350	2355	639	
3 2522	2520	2482	
3 2611	2615	2614	
3 2430	602	2431	
3 654	2982	2987	
3 595	2268	3461	
3 2194	2257	647	
3 749	2915	2911	
3 3306	3312	649	
3 624	2855	2859	
3 937	2681	3476	
3 606	2746	2748	
3 643	2815	2817	
3 631	3383	3121	
3 3646	631	3647	
3 1733	681	1726	
3 725	1733	1740	
3 3344	2059	711	
3 3532	3159	3530	
3 1695	1930	1691	
3 756	1887	1904	
3 1677	1680	1676	
3 4163	1192	4177	
3 672	1627	1630	
3 1629	362	1626	
3 1643	764	1644	
3 1642	1650	671	
3 2508	1591	717	
3 782	2487	2492	
3 328	1551	1555	
3 1564	381	1559	
3 1566	1574	380	
3 1566	380	1567	
3 1494	1496	330	
3 721	1514	1522	
3 1532	722	1533	
3 1504	1509	1520	
3 2938	334	2939	
3 2922	2921	788	
3 1720	681	1716	
3 1746	1748	771	
3 1754	1751	1748	
3 726	1713	1716	
3 1850	727	1851	
3 1839	626	1838	
3 2001	2004	728	
3 419	2000	2002	
3 426	1969	348	
3 2079	2082	2090	
3 2145	2249	731	
3 2173	909	806	
3 2295	2292	351	
3 2294	434	2289	
3 734	1911	1915	
3 712	1695	1691	
3 2423	735	2424	
3 2404	2407	2414	
3 367	2795	2803	
3 737	2805	2822	
3 2466	2468	369	
3 2732	2730	456	
3 692	2484	2486	
3 465	2480	2482	
3 781	2503	2505	
3 2484	741	2481	
3 2224	2215	387	
3 2231	2230	471	
3 744	2112	2115	
3 3554	816	2125	
3 2644	2645	390	
3 3276	3274	481	
3 2680	747	2666	
3 2672	485	2673	
3 2907	2909	398	
3 2892	2896	2901	
3 1776	1778	723	
3 749	2911	2910	
3 2995	3028	2990	
3 500	3015	3013	
3 3090	3490	972	
3 3080	3084	3088	
3 751	3204	3203	
3 3182	3186	3195	
3 2180	2166	2165	
3 521	2187	2190	
3 2819	2818	643	
3 538	2955	2957	
3 2129	2124	2128	
3 2117	2127	648	
3 1904	1905	756	
3 1881	1885	1879	
3 2341	757	2345	
3 639	2372	2375	
3 2699	758	2806	
3 2793	2797	2791	
3 3289	759	3321	
3 3308	3312	3306	
3 572	1761	1762	
3 2913	2920	698	
3 3154	761	3151	
3 1989	1990	3135	
3 3159	796	3160	
3 710	3149	3151	
3 1631	714	1632	
3 762	798	714	
3 673	1668	1672	
3 3935	3934	1106	
3 1639	762	1634	
3 1646	1635	1640	
3 1697	3732	1694	
3 713	1633	1638	
3 3731	3598	982	
3 756	1905	1907	
3 1558	676	1559	
3 1565	1568	1573	
3 1530	1538	329	
3 676	1558	1563	
3 1537	720	1534	
3 1573	1580	1578	
3 721	1523	1499	
3 677	1515	1523	
3 1537	1541	720	
3 1542	1548	675	
3 722	1600	1599	
3 611	1529	1582	
3 402	1718	1724	
3 1723	1730	724	
3 1713	680	1711	
3 1723	680	1717	
3 1727	1734	773	
3 1717	680	1713	
3 1728	1727	773	
3 1741	1746	771	
3 727	1859	1858	
3 1806	1809	879	
3 728	2013	2012	
3 3202	3206	658	
3 729	2102	2101	
3 1964	3449	3450	
3 774	2151	2171	
3 638	2152	2178	
3 2151	2175	730	
3 2195	901	2193	
3 3604	974	2309	
3 2294	2298	434	
3 2306	732	2295	
3 2349	706	2345	
3 777	1916	1920	
3 1887	705	1904	
3 735	2433	2432	
3 2555	3469	3471	
3 778	2809	2808	
3 2814	736	2815	
3 2810	736	2809	
3 2963	2964	2961	
3 2472	738	2469	
3 456	2730	2728	
3 2469	738	2466	
3 662	2798	2799	
3 2500	2503	740	
3 2479	2481	691	
3 2506	740	2503	
3 2481	2485	691	
3 742	2246	2244	
3 902	3460	3459	
3 2118	2116	784	
3 899	3202	3204	
3 3213	3209	3211	
3 3256	704	3259	
3 2651	2650	785	
3 619	3273	3274	
3 745	2644	2646	
3 664	3314	3315	
3 747	2681	2671	
3 3244	665	3242	
3 2923	2927	748	
3 697	2898	2903	
3 819	2931	2928	
3 2904	2911	2915	
3 3036	2996	939	
3 2831	2968	903	
3 3210	754	635	
3 2113	694	2118	
3 730	2148	2151	
3 594	2356	3464	
3 689	2808	2809	
3 2803	2805	737	
3 3255	3253	474	
3 3255	3258	704	
3 3322	3502	617	
3 2118	2120	743	
3 795	1907	1909	
3 1916	828	1912	
3 2263	2268	595	
3 2297	733	2298	
3 2746	2698	2744	
3 2732	2470	2734	
3 2632	2636	618	
3 746	3276	2647	
3 2008	2006	2002	
3 3119	3120	850	
3 3530	513	3529	
3 797	3152	3155	
3 1686	1645	1666	
3 1646	763	1653	
3 1651	764	1643	
3 2199	2197	2198	
3 1656	765	1657	
3 1662	1655	799	
3 764	1662	1663	
3 763	1640	798	
3 2200	752	2165	
3 1580	1589	1591	
3 1550	718	1551	
3 856	2827	2826	
3 1514	1512	1508	
3 766	1563	1554	
3 1603	721	1522	
3 3429	1553	1583	
3 2817	2825	753	
3 3503	914	3323	
3 1753	1786	709	
3 1758	1751	1755	
3 726	1716	1721	
3 1741	1742	1734	
3 1742	3435	1735	
3 1722	772	1723	
3 2340	2339	432	
3 757	3534	2351	
3 1923	828	1921	
3 875	1582	1529	
3 1665	1685	1689	
3 2512	782	2509	
3 1934	1927	1926	
3 829	1922	1927	
3 2698	2746	2697	
3 2799	2750	2821	
3 1573	719	1565	
3 1836	1838	626	
3 2585	550	2595	
3 2931	1782	1783	
3 767	1592	1589	
3 2509	782	2492	
3 767	1580	1584	
3 2493	2488	741	
3 717	1592	813	
3 2526	815	2521	
3 3475	618	2636	
3 2134	755	2132	
3 1764	1729	833	
3 3150	710	3152	
3 2858	2852	2854	
3 857	3215	3214	
3 723	1770	1769	
3 2921	2924	788	
3 1765	1766	1768	
3 2922	749	2914	
3 724	1730	1737	
3 1790	822	1784	
3 2177	730	2175	
3 790	2177	2197	
3 2810	2813	736	
3 791	2829	2826	
3 2137	2131	844	
3 3262	825	3261	
3 648	2127	2128	
3 2128	2132	755	
3 2126	2122	2130	
3 743	2120	2123	
3 763	798	834	
3 845	1914	1913	
3 2679	2684	565	
3 3584	3583	3654	
3 3157	797	3155	
3 797	3157	3160	
3 1658	765	1694	
3 1907	1910	756	
3 1687	716	1674	
3 4189	4178	4185	
3 1154	4378	4191	
3 890	2229	2244	
3 3597	3596	834	
3 767	1584	1586	
3 1547	768	1548	
3 1568	1572	1577	
3 2100	519	2079	
3 2996	2997	750	
3 2427	536	2404	
3 3212	825	792	
3 1736	805	1737	
3 1779	820	1780	
3 1882	1951	530	
3 1938	830	1933	
3 3535	3537	3465	
3 660	2353	2354	
3 1934	834	808	
3 1932	1937	533	
3 609	2544	2549	
3 1736	1764	805	
3 3541	3479	2821	
3 3479	2820	662	
3 1601	3708	1582	
3 1592	717	1589	
3 813	781	717	
3 812	781	813	
3 811	3594	813	
3 814	2517	2516	
3 1607	811	1605	
3 2599	2602	610	
3 2517	782	2512	
3 815	2517	2521	
3 623	3246	3243	
3 3213	751	3209	
3 914	3504	3323	
3 3505	3322	664	
3 1853	3441	1809	
3 1771	1769	770	
3 1778	1776	787	
3 1780	2929	1779	
3 3437	3438	818	
3 1782	819	1780	
3 818	1775	1774	
3 2853	2855	395	
3 2932	1784	2925	
3 1785	1790	1784	
3 2174	774	2172	
3 855	2199	841	
3 2812	824	2810	
3 2812	2824	824	
3 825	3260	3261	
3 3217	3214	792	
3 1783	1782	1781	
3 2133	2132	794	
3 2122	827	2120	
3 2125	2130	2122	
3 1922	829	1923	
3 1916	1921	828	
3 3446	1928	829	
3 1938	1917	1929	
3 3526	808	3636	
3 1942	355	1935	
3 1686	831	1645	
3 1690	3597	831	
3 1594	946	1602	
3 814	3467	2538	
3 3517	1804	1806	
3 1069	3551	3783	
3 3702	870	3687	
3 2044	3450	3451	
3 1606	1581	1602	
3 3738	3608	3813	
3 1604	3510	3632	
3 3539	3640	888	
3 2615	2616	2614	
3 2523	645	2522	
3 1799	1804	1807	
3 826	844	3458	
3 833	3512	3633	
3 2009	633	2008	
3 2856	2861	849	
3 2906	789	2940	
3 3575	910	3534	
3 2094	2099	636	
3 2749	3478	810	
3 2426	641	2422	
3 3602	951	2139	
3 3556	3555	913	
3 650	2675	2677	
3 3557	3581	3589	
3 1940	1924	845	
3 1887	640	1886	
3 1686	1690	831	
3 3527	3638	885	
3 1898	1902	1900	
3 1957	1960	1955	
3 2610	2612	848	
3 609	2771	2544	
3 849	2853	2856	
3 623	3406	3246	
3 3140	3139	905	
3 3723	797	3160	
3 3528	906	3455	
3 3901	4011	4012	
3 1693	1690	1686	
3 3607	836	3657	
3 983	864	3735	
3 864	2540	2530	
3 3482	3545	984	
3 2944	2892	652	
3 841	941	2255	
3 2193	2190	702	
3 2833	856	2830	
3 2957	2965	2966	
3 2011	3528	3455	
3 3202	899	3206	
3 3537	909	3465	
3 1959	1962	1957	
3 3666	1031	1005	
3 884	2099	2094	
3 645	2525	2530	
3 2426	2422	887	
3 2528	2534	864	
3 983	3735	860	
3 1798	1803	854	
3 2672	2674	2676	
3 3545	865	3769	
3 984	3545	862	
3 2527	2529	2531	
3 2535	837	2521	
3 1798	854	1793	
3 1785	1789	1792	
3 3853	3752	3659	
3 1944	847	1941	
3 1607	3594	811	
3 3468	2529	2539	
3 818	1774	3437	
3 840	1785	1792	
3 3621	3434	27	
3 716	765	1675	
3 3837	24	3879	
3 3622	1687	3434	
3 3085	3098	3086	
3 284	872	285	
3 3617	871	3101	
3 3743	872	3617	
3 3548	972	3490	
3 340	3086	3098	
3 3134	3136	3493	
3 3374	3372	3375	
3 1598	1597	554	
3 1599	875	1533	
3 3832	1057	3603	
3 1606	803	1581	
3 693	2232	2230	
3 929	2251	3713	
3 1857	1856	575	
3 1853	1852	1860	
3 3489	3547	3488	
3 804	3440	1787	
3 3017	3018	653	
3 3614	930	3038	
3 2013	3200	3205	
3 2005	2012	881	
3 3206	3219	3619	
3 3532	3533	3574	
3 3218	3221	857	
3 3495	931	3216	
3 2101	884	2096	
3 886	2099	2103	
3 3526	3637	846	
3 3630	3462	776	
3 846	3684	3600	
3 846	3446	3526	
3 2432	887	2424	
3 2426	2434	3718	
3 809	2828	2834	
3 3611	2747	780	
3 3471	3472	2772	
3 2426	3718	889	
3 742	2223	2218	
3 2248	890	2244	
3 929	3713	877	
3 2241	2240	646	
3 2258	3460	936	
3 3629	891	3460	
3 893	2670	2671	
3 895	2677	2682	
3 2131	827	2126	
3 786	3279	3620	
3 3245	3499	937	
3 3593	3504	914	
3 2993	2994	629	
3 3032	896	3030	
3 898	3742	3614	
3 653	3018	3024	
3 3037	897	3033	
3 3486	3487	3037	
3 3213	3215	751	
3 3619	3219	857	
3 826	3724	3262	
3 3664	900	3619	
3 2195	752	2245	
3 2245	2247	901	
3 2247	855	2255	
3 1007	3877	3908	
3 2825	2827	753	
3 2827	2831	903	
3 3612	3613	2831	
3 3645	3675	3577	
3 760	3722	3140	
3 3136	3138	3139	
3 3529	3531	3455	
3 633	2009	2011	
3 1511	469	1513	
3 1521	1582	1594	
3 908	1799	1794	
3 908	1791	1796	
3 2356	594	2355	
3 2352	2349	2353	
3 3462	2317	776	
3 2296	2309	2299	
3 2820	605	2794	
3 2821	2750	912	
3 2745	2749	810	
3 2729	2733	607	
3 3322	617	3309	
3 3503	3315	759	
3 3474	3540	817	
3 2136	3458	844	
3 980	3428	3509	
3 1787	3514	3512	
3 1608	3768	960	
3 839	3437	3624	
3 3639	2537	867	
3 3618	3724	3838	
3 3436	917	1774	
3 796	3532	3574	
3 3521	961	3525	
3 3586	3729	3160	
3 2138	962	2139	
3 2136	844	2131	
3 1696	852	1693	
3 3510	3429	980	
3 3371	3370	657	
3 3091	655	3088	
3 3668	1031	3627	
3 866	1943	1953	
3 1950	354	1976	
3 1961	1959	924	
3 2549	2548	925	
3 2554	2551	925	
3 3406	3407	2862	
3 3501	3553	3497	
3 3781	3812	3563	
3 3099	973	3094	
3 3493	3494	3371	
3 3376	874	3375	
3 929	1598	3430	
3 2251	646	2240	
3 1857	575	3026	
3 3035	3038	3024	
3 2013	3205	931	
3 3205	3216	931	
3 2044	591	2034	
3 1962	598	1957	
3 1016	1061	3826	
3 3569	3425	3507	
3 2431	602	2772	
3 2549	2552	609	
3 1017	1062	3827	
3 3570	3427	3508	
3 2246	2254	936	
3 936	2250	2258	
3 3245	622	3237	
3 665	3241	3242	
3 2683	3610	938	
3 3433	938	3571	
3 666	2992	2988	
3 666	3485	2992	
3 3880	3763	990	
3 883	3660	3601	
3 2253	2252	1059	
3 2221	2242	2253	
3 2835	2836	2834	
3 2838	3544	2824	
3 3729	3730	3787	
3 3492	850	3120	
3 3139	3140	3141	
3 3371	3494	958	
3 2010	2015	882	
3 3728	3727	966	
3 876	1582	3708	
3 876	3767	3709	
3 879	1809	3441	
3 3443	3444	3445	
3 960	991	3509	
3 1059	3774	1081	
3 3431	1607	835	
3 1073	1082	3823	
3 786	3280	3279	
3 1013	3719	3779	
3 2126	2135	920	
3 2139	951	2136	
3 3638	3712	885	
3 3527	932	3451	
3 1959	1961	1963	
3 3454	969	1966	
3 3538	3736	1028	
3 3539	934	3472	
3 955	2552	2551	
3 954	964	970	
3 3671	918	3634	
3 3500	894	937	
3 956	3496	3497	
3 3498	971	3496	
3 3565	3566	3376	
3 3549	3650	3492	
3 3586	3585	959	
3 290	1169	291	
3 3575	3824	3463	
3 3512	833	3435	
3 3541	912	3542	
3 3763	951	3602	
3 895	2682	3719	
3 3697	950	3682	
3 1031	3626	3447	
3 866	3626	1956	
3 954	3473	3631	
3 2556	3473	954	
3 3828	1034	3552	
3 3678	962	3588	
3 3571	979	3433	
3 3721	3720	1035	
3 2259	891	3832	
3 3523	3524	3440	
3 942	3834	3675	
3 3618	940	3221	
3 1966	953	1963	
3 3451	932	2044	
3 3469	3470	970	
3 3472	934	2772	
3 971	3244	3496	
3 3499	3500	937	
3 3578	3579	3548	
3 3091	3090	3093	
3 3676	3648	3492	
3 3584	993	3568	
3 3826	1061	3507	
3 3771	3712	1011	
3 1470	3424	975	
3 2306	2308	732	
3 3827	1062	3508	
3 889	3718	3778	
3 1477	3426	977	
3 2472	2471	779	
3 3750	3511	3663	
3 1063	3609	3750	
3 3432	979	1617	
3 563	2649	2648	
3 3428	1546	1603	
3 803	1606	1609	
3 1758	771	1751	
3 981	1759	1787	
3 4228	4244	4183	
3 3595	982	1685	
3 2540	547	2536	
3 2608	2585	2607	
3 3481	984	2854	
3 2861	2858	862	
3 923	3627	3447	
3 1932	1936	1943	
3 3781	3563	943	
3 3567	3568	3566	
3 1947	3448	859	
3 3822	941	841	
3 3919	954	3631	
3 942	2833	3587	
3 3551	956	3497	
3 868	1801	3710	
3 3850	3862	3864	
3 1194	292	1191	
3 3632	991	3669	
3 1593	1585	1590	
3 1021	3633	3670	
3 1766	1788	838	
3 3506	928	3371	
3 3494	3550	958	
3 3506	3558	994	
3 3558	3560	994	
3 3561	3564	995	
3 3830	1027	3743	
3 3601	2015	883	
3 3903	1019	3760	
3 2538	3607	916	
3 3468	916	3538	
3 918	1789	3634	
3 868	1808	1801	
3 3943	1094	3905	
3 3732	3595	801	
3 1024	3848	3788	
3 4164	1172	4148	
3 3616	873	3100	
3 286	1026	287	
3 3822	3921	941	
3 962	3694	3602	
3 3039	3027	3034	
3 1010	1060	1082	
3 1696	3599	852	
3 3698	3658	3684	
3 1011	1051	1071	
3 3454	3628	963	
3 3973	1139	3956	
3 3685	3757	3686	
3 1059	1081	1009	
3 3708	877	3766	
3 1010	1082	1087	
3 3443	879	3441	
3 3425	3569	975	
3 1046	1049	1047	
3 3570	977	3427	
3 1012	3777	3809	
3 3853	3900	3798	
3 3638	3833	1011	
3 3852	3859	3796	
3 3477	3825	988	
3 3552	965	3498	
3 1069	3811	3858	
3 3799	3953	3918	
3 959	3784	3730	
3 3591	3681	3654	
3 3099	3102	973	
3 3638	963	3833	
3 2317	3716	3715	
3 3827	3818	1017	
3 2745	2747	2749	
3 3662	3910	1018	
3 817	3581	3557	
3 965	3916	3779	
3 3590	3564	3582	
3 960	3846	3669	
3 1064	3683	3725	
3 3635	992	3512	
3 3436	3623	917	
3 3821	3819	3786	
3 294	1198	1247	
3 23	4031	3970	
3 1697	3622	1000	
3 3598	1696	982	
3 4315	1214	4314	
3 999	3765	3703	
3 3703	1025	3704	
3 3743	3840	872	
3 3840	3882	1001	
3 3721	3874	973	
3 1022	3819	3821	
3 915	3683	3657	
3 3825	1055	3923	
3 3624	917	3745	
3 3521	3572	961	
3 4429	1278	4446	
3 3917	4042	1064	
3 1031	3447	3627	
3 1042	3626	3666	
3 3931	3932	3816	
3 1049	1032	1047	
3 3852	1028	4021	
3 3972	1033	3909	
3 3842	1029	3754	
3 4106	4122	1151	
3 1038	3819	3812	
3 3888	3889	3720	
3 3849	3931	1039	
3 1003	3745	3841	
3 3675	3834	3878	
3 3864	3866	3868	
3 959	3585	3728	
3 966	3733	3839	
3 1025	3703	3764	
3 4099	4115	1143	
3 3666	3911	1040	
3 952	1965	3453	
3 4325	4279	1196	
3 1032	1045	1047	
3 1044	1042	1040	
3 1948	1947	859	
3 3938	1041	3856	
3 4023	3749	3915	
3 1045	1044	1040	
3 952	1966	1965	
3 1047	1040	1046	
3 3628	3453	1045	
3 4074	1046	3911	
3 3775	3808	987	
3 1040	1047	1045	
3 1046	1048	1049	
3 3674	3912	1004	
3 3939	3873	988	
3 1050	1049	1048	
3 1032	1049	1051	
3 1036	3846	3928	
3 1007	3908	3921	
3 1049	1050	1051	
3 1071	1051	1050	
3 1084	1086	1081	
3 967	3767	3845	
3 1082	1085	1087	
3 3795	3831	3625	
3 974	3604	3661	
3 3826	3771	1016	
3 976	2735	3605	
3 3734	1062	3789	
3 978	2651	3609	
3 3740	3791	3850	
3 1007	1089	1115	
3 3766	3772	1052	
3 3878	3897	1008	
3 898	3039	3488	
3 3773	1072	1081	
3 1059	3822	2253	
3 949	3873	3823	
3 2824	3544	3576	
3 1016	4022	3915	
3 974	3661	3749	
3 1017	3920	4024	
3 976	3605	3734	
3 3815	3814	3820	
3 3751	1056	3871	
3 1064	3725	3782	
3 1064	3782	3917	
3 3744	1021	3670	
3 3744	3803	1065	
3 3943	3879	24	
3 3805	1025	3764	
3 3829	1067	3616	
3 1067	3829	3875	
3 2613	3608	3737	
3 3747	3796	997	
3 3484	3483	863	
3 4015	3710	1029	
3 3655	3760	3697	
3 3590	3652	3653	
3 4022	1080	4043	
3 1011	1071	1080	
3 1103	4023	4087	
3 1009	1081	1086	
3 960	3768	3846	
3 1007	3896	3877	
3 1083	1071	1050	
3 1103	3808	4023	
3 3922	3773	3824	
3 1048	1122	4204	
3 1008	3748	3641	
3 3844	1037	3761	
3 1094	3992	3996	
3 3855	4034	1142	
3 1078	3805	3804	
3 3804	3855	1078	
3 966	3881	1070	
3 4175	4223	1199	
3 1083	1080	1071	
3 3915	4022	1074	
3 3714	1059	2252	
3 1081	1072	1084	
3 3823	1060	2835	
3 1082	1073	1085	
3 3911	1046	1040	
3 3754	1003	3842	
3 1028	3736	3914	
3 3919	3909	1033	
3 4203	1211	4207	
3 1121	4122	1069	
3 1088	1086	1084	
3 1009	1086	1089	
3 1087	3981	3968	
3 1010	1087	1091	
3 3961	3988	3960	
3 1113	4049	4095	
3 1086	1088	1089	
3 1088	4098	1115	
3 1017	3818	3920	
3 4003	1079	3786	
3 3942	1091	3968	
3 3942	3969	1116	
3 1198	293	1194	
3 1155	1144	1124	
3 3679	1093	3652	
3 3695	996	3680	
3 4031	1123	3992	
3 3807	1094	1077	
3 3876	1027	3830	
3 288	1124	289	
3 1052	3847	3886	
3 3845	3885	967	
3 3644	3643	1053	
3 1097	3572	3573	
3 3849	3933	1043	
3 4204	4203	1083	
3 4042	3917	4055	
3 4089	1073	4027	
3 3883	3803	3959	
3 3838	3880	1006	
3 3926	3756	3843	
3 3591	4006	3681	
3 3913	990	3693	
3 3791	3815	3820	
3 1074	4022	4043	
3 1072	1103	1140	
3 3809	4004	1012	
3 4088	3965	1104	
3 1013	4106	4073	
3 1100	4040	4016	
3 1184	4133	4191	
3 3967	3980	1127	
3 4098	1146	4058	
3 1096	3885	3941	
3 4002	3989	3995	
3 1097	3573	3907	
3 3892	1079	4038	
3 4008	1092	4006	
3 3695	3926	1110	
3 3843	4039	3926	
3 1052	3966	3940	
3 3928	1096	3929	
3 3851	1112	3795	
3 1128	3958	3946	
3 1084	1072	1140	
3 4112	3990	4089	
3 3971	1128	3945	
3 3971	4078	1128	
3 1088	1115	1089	
3 1107	3886	3896	
3 1116	3897	3942	
3 3643	3962	3936	
3 1273	1198	1240	
3 3821	3872	1109	
3 3800	3816	3948	
3 3948	1119	3912	
3 1130	3899	3952	
3 3798	1005	3668	
3 4030	4049	1113	
3 4056	4111	1075	
3 4139	4045	4079	
3 3881	3918	1102	
3 1048	1134	1122	
3 1108	3991	3978	
3 4099	1143	4064	
3 1143	4115	4129	
3 1095	1026	4071	
3 4104	4071	1125	
3 1191	1169	1160	
3 1169	290	1144	
3 4080	3902	4005	
3 4040	4046	4136	
3 1111	3940	3966	
3 3941	3967	1127	
3 3971	3945	3937	
3 3945	1128	3907	
3 4134	1180	4105	
3 4154	4174	1179	
3 4033	3951	3987	
3 1134	1048	1046	
3 4251	4197	1088	
3 4057	4028	1107	
3 4029	1135	4030	
3 3980	4030	1127	
3 1142	1154	1106	
3 4138	4152	4060	
3 3952	4025	1130	
3 4025	4267	1134	
3 4048	4047	1156	
3 3971	4075	1136	
3 4190	4241	4119	
3 4073	4107	1138	
3 1012	4070	3817	
3 4044	1137	4120	
3 4073	1138	3910	
3 3863	3866	3862	
3 3893	1117	4017	
3 3918	3955	3957	
3 4087	4141	1103	
3 4251	1140	4235	
3 4110	1200	4086	
3 1090	3981	3990	
3 4034	3996	4067	
3 4050	1123	4031	
3 4224	1187	4182	
3 3996	1077	1094	
3 1145	1155	1124	
3 1144	1155	1160	
3 1125	4103	4121	
3 4084	3895	3875	
3 1157	4256	4261	
3 4075	1132	4076	
3 1141	4027	4088	
3 3906	3890	3902	
3 4197	1146	4098	
3 4131	1153	4126	
3 3997	3999	3982	
3 1181	3985	4196	
3 4120	4126	4056	
3 4070	4102	4120	
3 4080	4005	1138	
3 4213	4215	1151	
3 1149	4139	4153	
3 3986	1173	3994	
3 1175	4269	4119	
3 1141	4088	4123	
3 1296	4430	4443	
3 4274	1122	1134	
3 1125	4128	1145	
3 4202	1145	4128	
3 1156	4058	4097	
3 4029	4048	1135	
3 1133	4033	4192	
3 3988	4033	1098	
3 4065	4052	1147	
3 4077	1136	4075	
3 4112	4199	1159	
3 4036	1147	4001	
3 4202	4233	1155	
3 294	293	1198	
3 4130	4146	4100	
3 294	1247	295	
3 1166	4207	4209	
3 4045	4139	1149	
3 1163	4060	4059	
3 1163	4059	4137	
3 1178	4294	4360	
3 4072	1117	3892	
3 4065	1158	4052	
3 4166	4180	4186	
3 4135	1166	4087	
3 4207	1166	4135	
3 4196	3993	4096	
3 1105	3906	3903	
3 4293	1214	4257	
3 4034	4316	1142	
3 1144	1160	1169	
3 1160	1188	1191	
3 4082	3858	4015	
3 4143	1170	4107	
3 4220	3852	4021	
3 1171	4102	4119	
3 1168	4147	4129	
3 1168	4145	4160	
3 4143	4157	1170	
3 4125	4072	4105	
3 4150	1205	4136	
3 4245	4281	1177	
3 1148	4138	4167	
3 4112	1159	3990	
3 4230	1233	4109	
3 1188	1244	1198	
3 1175	4294	4269	
3 4154	1179	4142	
3 4171	1201	4095	
3 4240	1175	4219	
3 1176	4096	4195	
3 1235	4312	4346	
3 4149	4134	1173	
3 4179	1183	4165	
3 1173	3986	3985	
3 4326	4179	1176	
3 1174	4218	4239	
3 1263	296	295	
3 4154	4165	1183	
3 4222	1190	1193	
3 4226	1172	4164	
3 4235	4250	1157	
3 4234	4209	4208	
3 4287	4284	1174	
3 4357	4356	1257	
3 1164	4062	4193	
3 4303	18	4323	
3 4067	4132	4148	
3 4247	1232	4232	
3 4127	4083	4140	
3 4132	4147	1189	
3 1189	4184	4164	
3 4290	4283	4285	
3 1276	298	297	
3 1194	1191	1188	
3 292	291	1191	
3 19	4293	4243	
3 1234	4323	4327	
3 1190	1197	4242	
3 4242	1199	4223	
3 1194	1188	1198	
3 293	292	1194	
3 1241	4349	4363	
3 4279	4376	4320	
3 1255	4384	4370	
3 4332	4325	4315	
3 4321	4328	1233	
3 1313	1276	1287	
3 1240	1244	4319	
3 1244	1188	1160	
3 4201	4128	4127	
3 4063	4066	4054	
3 4095	1099	4055	
3 3852	4220	1120	
3 4169	4167	4168	
3 4110	4144	1200	
3 4168	4273	1202	
3 4144	4159	1200	
3 1203	4159	4158	
3 4181	4298	4306	
3 4046	4040	1100	
3 4082	4094	1121	
3 4166	1206	4317	
3 4090	4091	1204	
3 4225	1206	4166	
3 4218	1174	4236	
3 4194	4229	1207	
3 4307	4288	4300	
3 4101	4118	1129	
3 4272	4295	1227	
3 4378	1154	4226	
3 1185	4151	4210	
3 4270	1153	4131	
3 4193	4246	1221	
3 4206	4274	1212	
3 1211	4205	4206	
3 4299	4259	1213	
3 1222	4250	4235	
3 1228	4379	4374	
3 4263	4256	1223	
3 4314	1214	4303	
3 1214	4315	4185	
3 4354	4266	4339	
3 4377	1182	4330	
3 4158	4187	1203	
3 4306	4322	1216	
3 1215	4361	4348	
3 4276	4341	1261	
3 4200	1207	4113	
3 4321	4292	4302	
3 4117	1208	4081	
3 4211	4140	4117	
3 4272	4161	1199	
3 4248	4201	4232	
3 1239	4403	4380	
3 4221	1186	4173	
3 4234	4249	1222	
3 4212	1222	4235	
3 1223	4249	4255	
3 4114	4097	1146	
3 4191	4333	1184	
3 4259	4379	4366	
3 4250	4256	1157	
3 4260	1229	4263	
3 1208	4014	4081	
3 4324	4247	1226	
3 4304	1227	4295	
3 1220	4296	4305	
3 1274	4426	4408	
3 4342	4297	1185	
3 4353	4339	1224	
3 4263	4266	1225	
3 1220	4305	4313	
3 4337	1232	4352	
3 1216	4322	4347	
3 1236	4304	4311	
3 1244	4265	4319	
3 4233	1160	1155	
3 1177	4283	4286	
3 1176	4195	4318	
3 4327	4331	1234	
3 1241	4363	4370	
3 1227	4312	4305	
3 1271	1287	1268	
3 4344	4311	1197	
3 1336	300	1312	
3 4377	4402	4344	
3 4496	1273	4482	
3 1243	4301	4309	
3 4311	4345	1236	
3 1215	4298	4297	
3 1217	4278	4277	
3 1263	1268	296	
3 295	1247	1263	
3 4387	4393	1255	
3 4385	4332	4372	
3 1258	4309	4357	
3 4402	1242	4344	
3 4308	1218	4307	
3 4286	4290	4291	
3 4233	4262	4265	
3 1198	1244	1240	
3 4352	1245	4337	
3 1245	4352	4365	
3 1269	4444	4431	
3 1231	4353	4367	
3 1240	1245	4398	
3 1273	1247	1198	
3 1231	4339	4353	
3 4409	1251	4362	
3 4386	1209	4373	
3 1264	1249	1231	
3 4389	4390	1228	
3 4341	4381	1261	
3 4322	4348	1251	
3 4348	4362	1251	
3 4439	4453	1295	
3 1248	4381	4404	
3 1249	4422	4361	
3 4382	4350	1243	
3 1341	1343	1345	
3 4372	4384	1265	
3 4405	1266	4393	
3 4432	1275	4417	
3 4277	4355	4356	
3 4343	1256	4308	
3 4437	1257	4420	
3 4427	4424	1279	
3 1248	4404	4411	
3 1291	4419	4427	
3 4345	4358	1236	
3 1313	1288	1276	
3 4335	4400	1246	
3 1254	4385	4407	
3 4340	4276	1261	
3 1262	4381	4380	
3 4403	1262	4380	
3 4410	1267	4404	
3 4496	1247	1273	
3 296	1268	297	
3 1250	4369	4371	
3 4423	1253	4362	
3 4392	4388	1270	
3 4417	4433	4396	
3 4497	1286	4485	
3 4413	1290	4414	
3 4439	1295	4423	
3 4479	4458	1305	
3 1271	1263	1247	
3 1268	1263	1271	
3 1391	1380	4614	
3 4399	4481	1250	
3 14	4432	4412	
3 4384	4392	1265	
3 4474	1305	1301	
3 1288	1312	299	
3 1267	4410	4428	
3 1329	1325	1326	
3 4398	4425	1240	
3 4482	1273	4425	
3 4407	4415	1254	
3 1283	4426	4401	
3 4518	1310	4514	
3 1270	4395	4396	
3 1268	1287	1276	
3 298	1276	1288	
3 4406	4414	4394	
3 4419	4436	4450	
3 13	4497	4483	
3 4434	4485	1294	
3 4440	1292	4454	
3 4421	1258	4357	
3 4408	4447	4435	
3 1250	4371	4399	
3 1267	4428	4442	
3 4436	1291	4449	
3 1272	4436	4449	
3 4495	4482	1259	
3 1260	4448	4457	
3 4418	4435	4448	
3 4431	1283	4415	
3 4445	1284	4426	
3 4489	1349	4486	
3 4471	4491	4505	
3 4515	1286	4514	
3 4413	4429	1290	
3 4517	1271	1282	
3 1259	4397	4479	
3 1271	4517	1318	
3 299	1312	300	
3 4480	4494	4399	
3 4469	4468	1297	
3 4434	4487	4446	
3 4414	4430	1269	
3 1279	4424	4440	
3 4441	1291	4427	
3 4454	4463	1298	
3 4440	4454	1279	
3 1284	4503	4456	
3 4456	1293	4447	
3 4518	4512	12	
3 4519	4521	4523	
3 4422	1307	4439	
3 4428	1295	4477	
3 4563	4598	1345	
3 1309	4547	4558	
3 4464	1300	4455	
3 301	1351	302	
3 4452	4460	1292	
3 4472	1300	4469	
3 4452	4459	1281	
3 4478	4462	4453	
3 4441	4455	1291	
3 1302	4466	4465	
3 1301	4472	4474	
3 1305	1272	1301	
3 4473	4467	1299	
3 1300	4464	4466	
3 4492	1297	4468	
3 1328	1329	1331	
3 4460	4491	1299	
3 4546	1323	4535	
3 1322	1316	1305	
3 1259	4398	4397	
3 4519	4514	1310	
3 4487	1306	4446	
3 4506	1264	4481	
3 4462	4478	1289	
3 4493	4498	1314	
3 1308	4491	4530	
3 1347	1341	1345	
3 4478	4527	1289	
3 4545	1335	4522	
3 1343	4524	4523	
3 4511	4516	4517	
3 1338	1319	1328	
3 1319	1288	1313	
3 1319	1312	1288	
3 1318	1287	1271	
3 1313	1287	1318	
3 4498	4493	1293	
3 4500	1277	4494	
3 1296	4528	4541	
3 4550	4552	4529	
3 1322	1305	1303	
3 4495	4511	1282	
3 4533	11	4545	
3 4486	1306	4489	
3 1311	1326	1318	
3 1318	1325	1313	
3 1319	1313	1325	
3 1312	1319	1338	
3 4529	1315	4503	
3 1308	4531	4505	
3 1317	4519	4523	
3 4570	4604	1374	
3 4535	1323	4536	
3 1324	4517	4516	
3 4474	1297	4507	
3 1344	4625	1333	
3 4520	1324	4516	
3 1324	4536	1327	
3 1311	1324	1327	
3 1318	1326	1325	
3 1311	1327	1326	
3 1319	1325	1329	
3 1355	1356	1366	
3 301	1336	1351	
3 1331	1329	1330	
3 1328	1331	1332	
3 1330	1326	1327	
3 1319	1329	1328	
3 1333	1330	1339	
3 1332	1331	1333	
3 1330	1327	1339	
3 1351	1356	1355	
3 1331	1330	1333	
3 1373	1371	1362	
3 1327	1342	1339	
3 1367	1368	1366	
3 4500	4501	4502	
3 4539	1334	4501	
3 4561	4563	1335	
3 1335	4563	1345	
3 1336	1354	1351	
3 1354	1336	1338	
3 4557	1308	4530	
3 1344	1333	1339	
3 1332	1338	1328	
3 1336	1312	1338	
3 1324	4520	4536	
3 4546	4564	1323	
3 4609	4604	1350	
3 4532	1337	4510	
3 4614	4587	1365	
3 1365	7	1372	
3 4592	1323	4564	
3 1342	4602	1339	
3 1343	4521	4522	
3 4522	1335	4537	
3 4510	4508	4509	
3 1378	306	305	
3 4545	4561	1335	
3 4574	9	4581	
3 4588	4574	4582	
3 7	6	1372	
3 1379	1372	6	
3 4541	4540	1321	
3 1348	4442	4526	
3 4530	4491	4504	
3 4547	1309	4525	
3 1296	4486	4528	
3 1350	4538	1359	
3 4612	1361	4609	
3 302	1355	303	
3 302	1351	1355	
3 4555	1315	4552	
3 4602	1342	4592	
3 4583	4589	4599	
3 1353	4593	4606	
3 1338	1332	1354	
3 1355	1362	303	
3 1363	1354	1332	
3 4628	1333	4625	
3 1363	1356	1354	
3 304	303	1362	
3 1353	4575	4593	
3 1368	4663	4670	
3 7	1365	8	
3 1358	4587	4582	
3 4588	1346	4574	
3 4570	1321	4540	
3 1391	1396	1400	
3 1320	4601	4539	
3 1361	4612	4620	
3 4575	1337	4532	
3 1356	1363	1367	
3 1355	1366	1362	
3 4629	1332	4628	
3 4629	1363	1332	
3 1358	8	1365	
3 4598	4595	1347	
3 6	5	1379	
3 4582	4587	1364	
3 1356	1367	1366	
3 1366	1373	1362	
3 4629	4630	1367	
3 304	1371	305	
3 4623	1344	4611	
3 308	1404	1409	
3 4551	4580	4586	
3 4567	4583	1382	
3 4613	4605	4610	
3 4576	4568	4567	
3 1373	1384	1371	
3 305	1371	1378	
3 5	4	1390	
3 4637	4614	1380	
3 1366	1368	1373	
3 1368	1384	1373	
3 4605	4613	1381	
3 1387	4617	4607	
3 4597	1347	4595	
3 4654	4631	4648	
3 1386	4616	4594	
3 4623	4611	4619	
3 4631	4634	4618	
3 4627	4624	1388	
3 1384	1378	1371	
3 306	1378	1389	
3 4	3	1405	
3 4626	1375	4620	
3 1379	1391	1372	
3 5	1390	1379	
3 1376	4622	4633	
3 4622	1387	4634	
3 4621	1386	4615	
3 4615	4576	1382	
3 4539	4601	4591	
3 1369	4551	4586	
3 1367	4630	1368	
3 307	1389	1404	
3 4613	4646	1381	
3 4639	4638	1397	
3 1386	4594	4615	
3 4636	4641	4621	
3 4617	4622	1383	
3 4601	4608	1383	
3 4621	4641	1386	
3 1389	1378	1393	
3 4632	1388	4619	
3 1393	4673	4674	
3 1410	1405	3	
3 1405	1410	1403	
3 1390	1396	1379	
3 1379	1396	1391	
3 4665	1394	4657	
3 1395	4650	4655	
3 4663	1368	1395	
3 1402	4673	4671	
3 4647	4659	1406	
3 1406	4667	4654	
3 4650	4627	1388	
3 4643	4645	1392	
3 4	1405	1390	
3 4719	1421	4709	
3 4636	4643	1392	
3 1446	4759	4760	
3 4671	1384	4670	
3 308	1409	309	
3 1402	4663	4669	
3 1403	1396	1390	
3 4640	4643	4636	
3 4649	4639	1397	
3 1400	1396	1403	
3 4649	4653	4656	
3 4714	4718	1426	
3 4687	1418	4660	
3 4674	1404	1389	
3 1399	4704	1404	
3 1410	3	2	
3 1403	1390	1405	
3 4631	4654	1394	
3 4661	4679	4651	
3 1412	4687	4659	
3 1430	4713	4717	
3 4704	4707	1409	
3 310	309	1414	
3 309	1409	1414	
3 1	1419	2	
3 4723	4722	1438	
3 1407	4675	4661	
3 4656	1417	4662	
3 1400	4709	4676	
3 4665	4640	1394	
3 4660	1406	4659	
3 1416	4668	4681	
3 1399	4700	4701	
3 310	1427	311	
3 1440	4710	4715	
3 1419	1410	2	
3 4644	4651	1411	
3 4716	4731	1439	
3 1428	1430	1423	
3 1412	4666	4676	
3 4691	4680	4677	
3 1429	1	0	
3 4709	4714	4719	
3 4667	4677	1413	
3 4723	4726	4702	
3 4718	4714	1410	
3 4742	4735	4733	
3 4671	4673	1393	
3 4695	4700	1433	
3 4741	4745	1449	
3 1423	1427	1428	
3 1429	1424	1431	
3 4731	1434	1439	
3 1431	1419	1	
3 4728	4721	4724	
3 1414	1409	4707	
3 1428	310	1414	
3 1423	1430	1408	
3 4713	1428	4706	
3 1429	1431	1	
3 4711	1422	4695	
3 1424	4727	4724	
3 1419	4721	4718	
3 1415	4729	4727	
3 1438	4725	4730	
3 4664	4684	4656	
3 1408	1430	4720	
3 4716	1439	4711	
3 4720	1434	4734	
3 4737	4736	4697	
3 1435	1441	1445	
3 4761	4760	1442	
3 4702	4705	4699	
3 1438	4722	4725	
3 1437	1443	4726	
3 4710	4716	4688	
3 1439	4720	4717	
3 4681	4683	4686	
3 4698	4715	4685	
3 1448	4741	4748	
3 1445	1441	314	
3 314	315	1442	
3 4678	4692	4696	
3 4697	1444	4698	
3 4738	1447	4712	
3 1454	4756	1457	
3 4763	1451	4762	
3 1456	1458	313	
3 4739	1434	4731	
3 4697	4736	1444	
3 4738	4743	1447	
3 1425	4696	4708	
3 4759	4753	314	
3 4735	4742	1437	
3 4753	4750	1451	
3 1452	4757	4754	
3 4751	4756	1454	
3 1449	4746	4747	
3 312	1435	4763	
3 1448	4748	4750	
3 1446	4758	4759	
3 4743	4751	1454	
3 1457	1456	1453	
3 4744	4752	1398	
3 1454	1457	1453	
3 1401	4762	4747	
3 1459	1458	1456	
3 1446	4761	1459	
3 1446	1459	1457	
3 1459	1456	1457	
3 1436	1458	1459	
3 1461	1489	1492	
3 1489	103	1485	
3 1460	103	1461	
3 1461	330	1462	
3 330	1496	1498	
3 1498	1462	330	
3 317	1515	1531	
3 181	180	1465	
3 1463	105	1464	
3 1841	1816	177	
3 1845	1466	338	
3 318	1747	1749	
3 2054	256	2052	
3 3340	3342	344	
3 423	2064	2070	
3 1467	258	1468	
3 1469	519	1470	
3 3424	1470	519	
3 2283	1470	975	
3 1472	1495	1505	
3 1494	1492	1493	
3 1508	1472	1505	
3 317	1497	1499	
3 1475	257	1473	
3 1475	1467	257	
3 2056	1474	2054	
3 1474	345	1475	
3 1467	1475	345	
3 445	2389	2395	
3 1476	536	1477	
3 3426	1477	536	
3 2467	1477	977	
3 1481	101	100	
3 1478	1479	1480	
3 1478	101	1479	
3 468	1482	1480	
3 1482	383	1500	
3 1525	99	98	
3 1479	1483	468	
3 1484	1482	468	
3 1489	1500	383	
3 1486	1483	1481	
3 1491	1484	1487	
3 1487	468	1483	
3 1484	552	1488	
3 383	1492	1489	
3 1500	102	1480	
3 1481	1490	1486	
3 1486	1490	1502	
3 1486	1487	1483	
3 1503	1487	1486	
3 1507	1488	552	
3 1493	1488	1471	
3 1461	103	1489	
3 1517	1481	100	
3 1490	385	1502	
3 1503	1491	1487	
3 1506	1509	1503	
3 1493	1492	383	
3 330	1461	1492	
3 1488	1493	383	
3 1494	1493	1471	
3 1495	1494	1471	
3 1492	1494	330	
3 1505	1495	1471	
3 1497	1496	1495	
3 1497	1495	1472	
3 1496	1497	1498	
3 1499	1497	1472	
3 1498	1497	317	
3 1531	1498	317	
3 1462	1498	1463	
3 1512	1499	1472	
3 1523	1515	1499	
3 1489	1485	1500	
3 1500	1485	102	
3 99	1516	1501	
3 1490	1481	1517	
3 1518	1502	385	
3 1502	1518	1519	
3 1506	1503	384	
3 1509	1491	1503	
3 1511	1513	1521	
3 552	1510	1507	
3 1471	1488	1507	
3 1505	469	1508	
3 1502	1519	384	
3 1506	1519	1528	
3 1510	552	1504	
3 469	1505	1507	
3 1511	1508	469	
3 1499	1512	721	
3 1520	1509	1506	
3 1504	1491	1509	
3 1511	1521	907	
3 469	1507	1510	
3 1513	469	1510	
3 1522	1514	1511	
3 1472	1508	1512	
3 1514	1508	1511	
3 1510	1504	1513	
3 611	1513	1504	
3 1522	1511	907	
3 721	1512	1514	
3 1524	1515	677	
3 317	1499	1515	
3 1516	1525	1526	
3 1501	1516	1517	
3 385	1517	1516	
3 1526	1518	385	
3 1518	1526	1527	
3 1528	1519	678	
3 1506	384	1519	
3 1506	1528	1529	
3 1504	1520	611	
3 1513	611	1521	
3 1521	611	1582	
3 907	1581	1522	
3 1522	1581	1603	
3 721	769	1523	
3 1523	769	1537	
3 1530	1524	677	
3 1524	382	1531	
3 470	2440	2439	
3 331	1527	1526	
3 1516	1526	385	
3 1525	331	1526	
3 1532	1527	331	
3 1527	1532	1533	
3 1533	1528	678	
3 1528	875	1529	
3 611	1520	1529	
3 1529	1520	1506	
3 1534	1530	677	
3 1530	329	1535	
3 1536	1531	382	
3 1498	1531	1463	
3 1595	331	386	
3 1597	1532	1595	
3 1599	1533	722	
3 1528	1533	875	
3 1537	1534	677	
3 1534	720	1538	
3 1543	1539	329	
3 1544	105	1536	
3 1536	382	1540	
3 105	1463	1536	
3 1523	1537	677	
3 1537	769	1541	
3 1542	1538	720	
3 1538	1542	1543	
3 1561	379	1557	
3 1540	1545	106	
3 382	1535	1540	
3 1539	1540	1535	
3 1546	1541	769	
3 720	1541	1547	
3 1547	1542	720	
3 1542	1547	1548	
3 1549	1543	675	
3 1539	1543	379	
3 1561	1545	1539	
3 1540	106	1544	
3 107	106	1545	
3 1546	769	1603	
3 1553	768	1583	
3 1541	1546	1547	
3 1547	1546	1583	
3 1550	1548	768	
3 1548	1550	1551	
3 1551	1549	675	
3 1552	1549	328	
3 1553	1550	768	
3 718	1550	1554	
3 1555	1551	718	
3 1549	1551	328	
3 1559	1556	328	
3 1560	107	1561	
3 1547	1583	768	
3 1572	1568	766	
3 1550	1553	1554	
3 1572	1554	1553	
3 1558	1555	718	
3 1555	1558	1559	
3 1576	381	1571	
3 1557	1562	108	
3 379	1552	1557	
3 1556	1557	1552	
3 1554	1558	718	
3 1558	1554	1563	
3 1564	1559	676	
3 1556	1559	381	
3 1545	1561	107	
3 1557	108	1560	
3 1539	379	1561	
3 1576	1562	1556	
3 109	108	1562	
3 766	1565	1563	
3 1563	1565	1569	
3 1566	1564	676	
3 1564	1566	1567	
3 1568	1565	766	
3 1569	719	1574	
3 676	1563	1569	
3 1566	1569	1574	
3 1579	1570	380	
3 1575	109	1576	
3 1554	1572	766	
3 1568	802	1573	
3 719	1569	1565	
3 676	1569	1566	
3 464	2562	1570	
3 110	1570	111	
3 381	1567	1571	
3 1570	1571	1567	
3 1553	832	1572	
3 1568	1577	802	
3 1584	1573	802	
3 1584	1580	1573	
3 719	1578	1574	
3 1574	1578	1579	
3 1562	1576	109	
3 1571	110	1575	
3 1556	381	1576	
3 832	1587	1572	
3 1593	835	1585	
3 1578	719	1573	
3 1579	1578	551	
3 1588	1579	551	
3 1570	1579	464	
3 1589	1580	767	
3 551	1578	1580	
3 1602	1581	907	
3 1581	803	1603	
3 875	1599	1601	
3 876	1594	1582	
3 1546	980	1583	
3 3429	1583	980	
3 1585	1584	802	
3 1584	1585	1586	
3 1577	1590	802	
3 1587	1577	1572	
3 1585	835	1586	
3 1586	1605	1592	
3 1604	1587	832	
3 802	1590	1585	
3 1588	551	1591	
3 464	1588	375	
3 1592	767	1586	
3 1589	717	1591	
3 1577	1587	1590	
3 1590	1587	1593	
3 1591	551	1580	
3 2508	717	2505	
3 1605	1586	835	
3 1592	811	813	
3 1604	1593	1587	
3 1607	3431	915	
3 946	1594	876	
3 907	1521	1594	
3 1596	386	470	
3 1595	1596	1597	
3 470	2442	2447	
3 1597	1596	554	
3 554	3430	1598	
3 722	1532	1597	
3 1600	1598	929	
3 722	1597	1598	
3 722	1598	1600	
3 1599	1600	1601	
3 929	877	1600	
3 1600	877	1601	
3 1601	877	3708	
3 1582	875	1601	
3 1594	1602	907	
3 1602	946	1606	
3 1603	803	3428	
3 769	721	1603	
3 1604	832	3510	
3 1593	1604	1020	
3 1607	1605	835	
3 811	1592	1605	
3 1608	1606	946	
3 1606	1608	1609	
3 3431	835	1593	
3 3594	836	813	
3 946	3709	1608	
3 1608	3709	3768	
3 960	1609	1608	
3 1609	3509	3428	
3 1667	1669	364	
3 324	1650	1649	
3 2710	2712	2718	
3 1611	2719	1613	
3 1613	332	1614	
3 1615	1612	1611	
3 1615	1613	391	
3 332	1617	1614	
3 1617	1619	2649	
3 1616	1615	391	
3 1615	220	1612	
3 1616	2640	2638	
3 220	1616	221	
3 1618	1617	332	
3 1617	979	1619	
3 2714	2716	392	
3 1618	565	3432	
3 3571	1619	979	
3 2646	2648	2652	
3 1641	1647	361	
3 1620	323	1628	
3 200	2894	2900	
3 1620	33	1621	
3 1622	2851	2850	
3 1620	1624	33	
3 2850	1623	1622	
3 1625	1624	363	
3 363	1626	1625	
3 362	442	1683	
3 1627	1626	363	
3 362	1625	1626	
3 1628	1627	363	
3 1627	672	1629	
3 1620	1628	363	
3 1628	323	1630	
3 1631	1629	672	
3 1629	1631	1632	
3 1633	1630	323	
3 1630	1633	1634	
3 1634	1631	672	
3 762	714	1631	
3 714	1635	1632	
3 1632	1635	1636	
3 1637	1633	323	
3 1633	1637	1638	
3 1639	1634	713	
3 1631	1634	762	
3 1640	1635	714	
3 1636	1635	534	
3 1684	1636	534	
3 442	362	1636	
3 1641	1637	323	
3 1637	1641	1642	
3 1643	1638	671	
3 1638	1643	1644	
3 1638	1644	713	
3 1645	831	762	
3 798	1640	714	
3 1635	1646	534	
3 323	1620	1641	
3 1647	1641	1620	
3 1649	1642	361	
3 1642	1649	1650	
3 1650	1643	671	
3 1651	1643	715	
3 1645	1639	1652	
3 1639	713	1644	
3 1644	1652	1639	
3 1652	1644	764	
3 1640	763	1646	
3 1653	763	712	
3 1620	32	1647	
3 1648	32	31	
3 361	1647	1648	
3 32	1648	1647	
3 1648	1649	361	
3 1610	324	1649	
3 1654	1650	324	
3 1643	1650	715	
3 1655	1651	715	
3 1651	1655	1662	
3 764	1651	1662	
3 1666	1652	1663	
3 322	1688	1691	
3 1688	357	1684	
3 1664	1654	324	
3 1656	1654	673	
3 1656	1655	715	
3 1657	1655	1656	
3 1654	1656	715	
3 1675	673	1672	
3 1659	765	1658	
3 799	1655	1657	
3 1694	765	716	
3 1660	1659	1658	
3 1660	1658	801	
3 1659	1660	1661	
3 3731	3595	1024	
3 1659	1661	799	
3 1660	1665	1661	
3 1666	1663	1665	
3 799	1661	1662	
3 764	1663	1652	
3 1662	1661	1663	
3 1663	1661	1665	
3 1667	1664	324	
3 1664	1667	1668	
3 1685	1665	1660	
3 1665	800	1666	
3 1666	800	1686	
3 1645	1652	1666	
3 324	1610	1667	
3 1669	1667	1610	
3 1671	1668	364	
3 1668	1671	1672	
3 1610	30	1669	
3 1670	30	29	
3 364	1669	1670	
3 30	1670	1669	
3 1670	1673	364	
3 1673	1670	29	
3 1674	1672	316	
3 1675	765	1656	
3 28	1677	29	
3 1671	1676	316	
3 1676	1678	316	
3 1674	1678	1687	
3 1672	1674	1675	
3 716	1675	1674	
3 1677	1673	29	
3 1676	1673	1677	
3 1677	1681	1680	
3 1676	1680	1678	
3 1687	1678	869	
3 1674	316	1678	
3 1677	28	1681	
3 869	1680	1681	
3 869	1678	1680	
3 28	1679	1681	
3 869	1681	1679	
3 362	1683	1625	
3 1683	1682	1625	
3 442	1699	1683	
3 1688	534	1653	
3 1684	357	1701	
3 801	1685	1660	
3 1665	1689	800	
3 1689	1692	1693	
3 1693	1686	800	
3 869	3434	1687	
3 716	3622	1697	
3 534	1688	1684	
3 1691	1688	1653	
3 982	1692	1685	
3 1689	1685	1692	
3 3596	1690	852	
3 831	3597	798	
3 1653	712	1691	
3 1926	1695	712	
3 1696	1692	982	
3 1693	852	1690	
3 1689	1693	800	
3 1693	1692	1696	
3 1697	1694	716	
3 801	1658	1694	
3 1920	1695	777	
3 1930	1695	670	
3 3595	3731	982	
3 1696	3598	3599	
3 716	1687	3622	
3 3732	1000	1024	
3 35	1683	1699	
3 1698	1699	1700	
3 1698	35	1699	
3 442	1701	1700	
3 357	1703	1704	
3 1684	1701	442	
3 1704	1703	1702	
3 1703	37	1702	
3 36	1700	1704	
3 357	322	1703	
3 1925	1706	322	
3 357	1704	1701	
3 1706	1705	38	
3 1707	1705	360	
3 37	1706	38	
3 322	1706	1703	
3 1919	1707	360	
3 1908	1811	359	
3 1708	185	1743	
3 1710	1708	335	
3 1711	1710	335	
3 1712	1709	1708	
3 1712	1710	403	
3 1713	1711	335	
3 1711	680	1714	
3 1715	1712	403	
3 1712	186	1709	
3 1716	1713	335	
3 1713	726	1717	
3 1718	1714	680	
3 1719	1714	402	
3 1719	403	1714	
3 186	1715	187	
3 1720	1716	335	
3 1716	681	1721	
3 1722	1717	726	
3 1717	1722	1723	
3 1723	1718	680	
3 1724	1718	724	
3 1763	1725	402	
3 1715	403	1719	
3 1708	1720	335	
3 1720	404	1726	
3 1727	1721	681	
3 1721	1727	1728	
3 1721	1728	726	
3 1735	1728	773	
3 1730	1723	772	
3 1718	1723	724	
3 1761	1724	724	
3 1763	496	1725	
3 496	3054	1725	
3 3058	1731	3056	
3 1732	1726	404	
3 1733	1726	336	
3 1733	1727	681	
3 1734	1727	725	
3 1735	1729	1722	
3 1722	726	1728	
3 772	1722	1729	
3 1735	1722	1728	
3 1736	1730	772	
3 1730	1736	1737	
3 1719	1731	1715	
3 1725	3054	3056	
3 404	1738	1732	
3 1744	1738	184	
3 1740	1733	336	
3 1727	1733	725	
3 725	1740	1746	
3 1734	725	1741	
3 1735	773	1742	
3 833	1729	1735	
3 772	1729	1736	
3 1764	1736	1729	
3 805	1765	1737	
3 1765	1767	1737	
3 1743	1738	404	
3 1744	1739	1732	
3 1744	1732	1738	
3 1739	1744	1756	
3 1745	1740	336	
3 1746	1740	668	
3 1758	1759	1760	
3 1760	771	1758	
3 1742	981	3435	
3 773	1734	1742	
3 1708	1743	404	
3 184	1743	185	
3 184	183	1744	
3 1756	1744	183	
3 1739	1745	336	
3 1747	1745	337	
3 1746	668	1748	
3 1741	725	1746	
3 1749	1747	337	
3 1750	1747	318	
3 1750	668	1747	
3 1748	1750	1754	
3 1752	1749	337	
3 1466	318	1749	
3 1750	318	1753	
3 1748	668	1750	
3 1755	1751	709	
3 771	1748	1751	
3 1756	1752	337	
3 1759	1755	804	
3 1834	1845	338	
3 1753	1844	1786	
3 1753	1754	1750	
3 709	1751	1754	
3 1794	1791	908	
3 1759	1758	1755	
3 1739	1756	337	
3 182	1756	183	
3 181	1466	1757	
3 1752	1466	1749	
3 1741	771	1760	
3 1787	1759	804	
3 1760	981	1742	
3 981	1760	1759	
3 1742	1741	1760	
3 1767	724	1737	
3 1761	1767	1762	
3 1769	1762	770	
3 1762	1769	1770	
3 1724	572	1763	
3 572	2941	2943	
3 833	3633	1788	
3 1764	1788	1766	
3 1766	1765	805	
3 1767	1765	770	
3 1764	1766	805	
3 1765	1768	770	
3 1762	1767	770	
3 1767	1761	724	
3 838	1772	1766	
3 1768	1772	1771	
3 1771	770	1768	
3 1769	1771	1773	
3 2939	723	1778	
3 2939	334	2941	
3 1768	1766	1772	
3 1769	1773	723	
3 1774	1772	838	
3 1772	1774	1775	
3 1772	1775	1771	
3 1773	1775	1777	
3 3436	1774	838	
3 3437	1774	917	
3 1777	1775	818	
3 1773	1771	1775	
3 723	1773	1776	
3 1776	1773	1777	
3 818	820	1777	
3 1777	820	1779	
3 1778	787	2930	
3 2938	679	2934	
3 787	1776	1779	
3 1777	1779	1776	
3 820	1781	1782	
3 1780	819	2929	
3 820	3438	1781	
3 1781	3438	3513	
3 820	1782	1780	
3 1781	821	1783	
3 1784	1783	821	
3 2931	788	2924	
3 1785	1784	821	
3 2925	822	2922	
3 1789	1785	821	
3 1785	840	1790	
3 1791	1786	498	
3 1786	1791	1794	
3 804	1799	1807	
3 1787	3440	3514	
3 833	1788	1764	
3 1021	3623	3436	
3 1781	3513	821	
3 1797	1792	1789	
3 840	1798	1793	
3 789	822	1790	
3 498	1795	1791	
3 1791	1795	1796	
3 1797	1789	918	
3 1797	1802	1792	
3 1793	854	2940	
3 789	1790	1793	
3 1755	709	1794	
3 1786	1794	709	
3 1827	573	1837	
3 1796	1795	626	
3 1809	1796	626	
3 908	1806	1804	
3 1801	1797	918	
3 1798	840	1802	
3 840	1792	1802	
3 1798	1802	1805	
3 1804	1799	908	
3 804	1755	1799	
3 1826	1819	1822	
3 1800	1832	1835	
3 3753	918	3671	
3 3753	3755	1801	
3 1805	1802	1808	
3 1797	1808	1802	
3 3711	1803	868	
3 2942	1803	865	
3 908	1796	1806	
3 1804	947	1807	
3 868	1803	1805	
3 1803	1798	1805	
3 1809	1806	1796	
3 1806	879	3517	
3 3519	3523	947	
3 804	1807	3440	
3 1801	1808	1797	
3 868	1805	1808	
3 1852	626	1839	
3 878	1860	1852	
3 40	39	1811	
3 1812	1810	444	
3 359	1811	1707	
3 444	1810	1811	
3 1906	1812	444	
3 1884	1901	358	
3 1816	178	177	
3 1813	1814	1815	
3 1813	178	1814	
3 497	1817	1815	
3 405	1824	1829	
3 1846	176	175	
3 1814	1818	497	
3 1819	1817	497	
3 1829	1824	1820	
3 1821	1818	1816	
3 1819	1826	573	
3 1822	497	1818	
3 1819	573	1823	
3 1824	180	1820	
3 179	1815	1829	
3 1816	1825	1821	
3 1821	1825	1831	
3 1821	1822	1818	
3 1822	1832	1826	
3 573	1833	1837	
3 1823	573	1827	
3 1828	1824	405	
3 1465	180	1824	
3 1825	407	1831	
3 1822	1821	1832	
3 1833	1826	1800	
3 1827	1844	1834	
3 405	1834	1828	
3 405	1823	1834	
3 1465	1828	338	
3 1815	1817	1829	
3 405	1829	1817	
3 176	1840	1830	
3 1825	1816	1841	
3 1842	1831	407	
3 1831	1842	1843	
3 1835	1832	406	
3 1800	1826	1832	
3 1836	1833	1800	
3 1837	1795	498	
3 1844	1827	498	
3 1834	1844	1845	
3 1831	1843	406	
3 1849	878	1839	
3 1838	1836	1800	
3 626	1795	1836	
3 1837	1833	1836	
3 498	1827	1837	
3 1800	1835	1838	
3 1839	878	1852	
3 1838	1835	1839	
3 1835	1843	1849	
3 1840	1846	1847	
3 1830	1840	1841	
3 407	1841	1840	
3 1847	1842	407	
3 1842	1847	1848	
3 1849	1843	682	
3 1835	406	1843	
3 1786	1844	498	
3 1845	1844	1753	
3 1753	318	1845	
3 1466	1845	318	
3 3000	3003	3020	
3 339	1848	1847	
3 1840	1847	407	
3 3021	1847	1846	
3 1850	1848	339	
3 1848	1850	1851	
3 1849	682	1851	
3 1835	1849	1839	
3 339	3021	1854	
3 1856	1850	1854	
3 1858	1851	727	
3 1849	1851	878	
3 1851	1858	878	
3 626	1852	1809	
3 1861	1862	1853	
3 1809	1852	1853	
3 408	3003	1855	
3 1854	1855	1856	
3 499	3002	3010	
3 1856	1855	575	
3 3026	575	3014	
3 727	1850	1856	
3 1859	1857	930	
3 727	1856	1857	
3 1857	1859	727	
3 878	1858	1860	
3 930	880	1859	
3 1861	1853	1860	
3 1858	1859	1860	
3 1861	880	1862	
3 1860	1859	1861	
3 1859	880	1861	
3 1862	3515	3442	
3 3443	3441	1862	
3 1866	1864	44	
3 1863	1864	1865	
3 1863	44	1864	
3 437	1868	1865	
3 353	1888	1889	
3 43	1870	1869	
3 1866	1869	1870	
3 1871	1867	529	
3 437	1864	1867	
3 1876	437	1867	
3 1889	1888	1873	
3 1874	1870	43	
3 1866	44	1869	
3 1870	1874	1878	
3 1878	529	1870	
3 597	1872	1876	
3 597	530	1872	
3 1880	1877	1872	
3 1888	46	1873	
3 45	1865	1889	
3 42	1891	1890	
3 1874	1890	1891	
3 1875	1884	1881	
3 1871	1879	597	
3 597	1876	1871	
3 1872	437	1876	
3 1880	1872	530	
3 1877	1880	1883	
3 443	1878	1874	
3 1875	529	1878	
3 1875	1881	1879	
3 1886	1882	1885	
3 1903	1880	530	
3 1877	1883	353	
3 1884	1875	443	
3 1885	1882	597	
3 1951	1882	640	
3 530	597	1882	
3 1892	1883	1880	
3 353	1893	1888	
3 1901	1884	443	
3 358	1905	1904	
3 1881	705	1885	
3 1882	1886	640	
3 1885	705	1886	
3 1887	1886	705	
3 1914	756	1910	
3 1918	1887	1914	
3 1893	353	1883	
3 1893	1894	1888	
3 353	1889	1868	
3 42	1812	1891	
3 1874	43	1890	
3 1901	1812	358	
3 1903	1892	1880	
3 1932	1900	1902	
3 1883	321	1893	
3 1894	1893	321	
3 1898	1894	321	
3 1897	47	1896	
3 1897	1896	1894	
3 1896	1888	1894	
3 47	1895	1896	
3 1898	1897	1894	
3 1897	356	1899	
3 321	1892	1902	
3 1900	533	1931	
3 1899	2360	2358	
3 47	1899	48	
3 356	1898	1900	
3 1902	1898	321	
3 443	1891	1901	
3 1812	1901	1891	
3 1936	1892	1903	
3 1900	1932	533	
3 1903	530	1951	
3 1903	985	1936	
3 705	1884	1904	
3 358	1904	1884	
3 1906	1905	358	
3 1907	1905	687	
3 1812	1906	358	
3 1908	1906	444	
3 1909	1907	687	
3 1910	1907	795	
3 1811	1908	444	
3 1911	1908	359	
3 1911	1909	687	
3 1912	1909	734	
3 1913	1910	795	
3 756	1914	1887	
3 1915	1911	359	
3 1909	1911	734	
3 1916	1912	734	
3 1917	1912	828	
3 1917	795	1912	
3 1933	1913	1938	
3 1913	1914	1910	
3 1918	1914	845	
3 1919	1915	359	
3 1920	1915	670	
3 1920	734	1915	
3 1921	1916	777	
3 828	1923	1929	
3 1913	795	1917	
3 1940	845	1933	
3 640	1887	1918	
3 1707	1919	359	
3 1925	1919	360	
3 1920	670	1695	
3 1916	734	1920	
3 1922	1921	777	
3 1921	1922	1923	
3 1926	777	1695	
3 1922	777	1926	
3 1928	1923	829	
3 1929	1917	828	
3 1924	858	3667	
3 640	1918	1924	
3 1706	1925	360	
3 1930	322	1691	
3 712	763	1934	
3 829	1927	808	
3 1922	1926	1927	
3 1926	712	1934	
3 3446	829	808	
3 3600	1928	846	
3 1923	1928	1929	
3 830	1929	1928	
3 670	1925	1930	
3 322	1930	1925	
3 1935	1931	533	
3 441	2363	2361	
3 1902	1936	1932	
3 1943	1936	985	
3 1933	830	1939	
3 845	1913	1933	
3 834	1934	763	
3 808	1927	1934	
3 1941	1935	533	
3 1935	1941	1942	
3 1892	1936	1902	
3 1943	1937	1932	
3 1943	1954	1937	
3 1941	847	1942	
3 1917	1938	1913	
3 830	1938	1929	
3 830	1928	3600	
3 858	1924	1939	
3 1933	1939	1940	
3 1939	1924	1940	
3 533	1937	1941	
3 1944	1941	1937	
3 1945	1942	847	
3 1942	1945	1946	
3 1953	1943	985	
3 1954	1943	866	
3 1954	1944	1937	
3 1947	1958	3448	
3 1947	1945	847	
3 1945	1947	1948	
3 1949	1946	599	
3 2329	1946	532	
3 847	1944	1947	
3 1954	1956	1958	
3 859	924	1948	
3 1948	1955	1950	
3 1949	599	1950	
3 532	1949	440	
3 599	1948	1950	
3 1955	1948	924	
3 1924	1951	640	
3 1951	923	1952	
3 985	1903	1952	
3 1951	1952	1903	
3 985	1952	1953	
3 923	1953	1952	
3 3447	3626	866	
3 1954	866	1956	
3 1957	1955	924	
3 354	1950	1955	
3 1956	1042	3448	
3 1954	1958	1944	
3 1959	1957	924	
3 2043	1960	598	
3 1958	1956	3448	
3 1947	1944	1958	
3 924	859	1961	
3 1959	953	1962	
3 439	354	1960	
3 1955	1960	354	
3 1961	3452	1965	
3 1959	1963	953	
3 953	1964	1962	
3 1962	2040	2041	
3 1965	1963	1961	
3 1963	1965	1966	
3 3449	1964	953	
3 2036	2032	2033	
3 3452	1961	859	
3 1965	3452	3453	
3 3454	1966	952	
3 3449	1966	969	
3 2039	659	2038	
3 1967	2035	2037	
3 1968	591	1969	
3 426	520	1968	
3 3456	1969	591	
3 348	2095	2092	
3 258	1467	3340	
3 3143	3145	511	
3 51	1974	1972	
3 1970	260	1971	
3 440	1973	1975	
3 440	1976	1973	
3 354	439	1979	
3 532	440	1974	
3 1972	1974	1975	
3 440	1975	1974	
3 1976	440	1977	
3 354	1973	1976	
3 440	1949	1977	
3 1949	1950	1977	
3 354	1979	1973	
3 1979	1978	1973	
3 1980	1979	439	
3 1981	1980	439	
3 1982	53	1980	
3 2043	1981	439	
3 1981	531	3334	
3 1983	1984	1985	
3 1981	1982	1980	
3 1983	3132	3131	
3 1986	261	1987	
3 3131	1984	1983	
3 1988	1985	417	
3 511	3144	3143	
3 1985	262	1986	
3 3148	1987	511	
3 3148	417	1987	
3 1988	342	3132	
3 1989	584	1990	
3 342	1988	1989	
3 3150	584	3147	
3 1990	3156	3158	
3 1991	269	3346	
3 1991	3115	3114	
3 1993	1994	1995	
3 3114	1992	1991	
3 1997	252	251	
3 1994	1997	1998	
3 1994	420	1995	
3 2000	419	2003	
3 2003	1995	420	
3 2046	2048	512	
3 3173	3177	3194	
3 1994	1998	420	
3 3201	1998	1997	
3 1999	683	2000	
3 1998	346	1999	
3 2001	1999	346	
3 2002	2000	683	
3 2048	2003	419	
3 2004	2001	346	
3 2007	2002	683	
3 683	2005	2007	
3 2051	2050	585	
3 1995	2003	1996	
3 420	2000	2003	
3 3183	3192	421	
3 3200	2004	3191	
3 2001	728	2005	
3 2012	2005	728	
3 2008	2002	2007	
3 633	3455	3531	
3 2005	881	2007	
3 2009	2008	2007	
3 2009	2007	881	
3 633	2006	2008	
3 2010	2009	881	
3 2009	2010	2011	
3 2014	881	2012	
3 2010	2014	2015	
3 882	2011	2010	
3 2011	882	3528	
3 3200	2013	728	
3 881	2014	2010	
3 931	883	2013	
3 2014	2013	883	
3 2013	2014	2012	
3 2015	2014	883	
3 3660	883	3495	
3 2015	3601	3733	
3 2018	59	2016	
3 520	2022	2021	
3 520	426	2017	
3 2017	426	2018	
3 2019	426	348	
3 426	2019	2018	
3 2083	2091	425	
3 2023	2021	57	
3 2020	2021	2022	
3 2020	57	2021	
3 2017	58	2022	
3 2020	2022	58	
3 56	2026	2025	
3 2023	2025	2026	
3 2027	2024	590	
3 520	2021	2024	
3 2028	2042	55	
3 2023	57	2025	
3 2031	2029	590	
3 2029	2027	590	
3 2027	637	2030	
3 3334	2028	55	
3 2029	2031	3337	
3 590	2026	2031	
3 2033	2032	2029	
3 637	1968	2030	
3 1968	520	2030	
3 2026	2028	2031	
3 2028	3335	3337	
3 2033	2029	438	
3 2036	2034	637	
3 438	2035	2033	
3 2034	2036	2038	
3 2044	2034	659	
3 591	637	2034	
3 2035	438	2037	
3 2038	2036	2035	
3 2033	2035	2036	
3 2035	1967	2038	
3 438	3337	3336	
3 531	1981	2043	
3 2039	2038	1967	
3 2034	2038	659	
3 2040	2039	1967	
3 659	2039	1964	
3 2041	2040	1967	
3 1964	2040	1962	
3 2037	2041	1967	
3 1962	2041	598	
3 598	2037	2043	
3 2028	56	2042	
3 2043	2037	3336	
3 659	1964	3450	
3 2044	932	3456	
3 254	1996	2046	
3 2045	2046	2047	
3 2045	254	2046	
3 512	2049	2047	
3 2049	418	2058	
3 2003	2048	1996	
3 2050	419	2006	
3 2051	2049	512	
3 2054	2058	418	
3 585	2050	2006	
3 512	2048	2050	
3 2050	2051	512	
3 2051	585	2053	
3 418	2056	2054	
3 2058	255	2047	
3 513	2055	585	
3 2053	585	2055	
3 1474	256	2054	
3 2059	2055	513	
3 345	2056	2057	
3 418	2053	2057	
3 345	1474	2056	
3 2053	2055	2057	
3 2057	2055	2059	
3 2054	2052	2058	
3 2058	2052	255	
3 711	2059	513	
3 345	2059	319	
3 2063	2098	61	
3 2060	2061	2062	
3 2060	62	2061	
3 518	2064	2062	
3 423	2071	2075	
3 60	2019	2083	
3 2061	2065	518	
3 2066	2064	518	
3 2075	2071	2067	
3 2068	2065	2063	
3 2073	2066	2069	
3 2069	518	2065	
3 2066	589	2070	
3 2071	64	2067	
3 63	2062	2075	
3 2063	2072	2068	
3 2068	2072	2077	
3 2068	2069	2065	
3 2078	2069	2068	
3 589	1469	2070	
3 1469	423	2070	
3 423	2074	2071	
3 2087	2089	347	
3 2072	425	2077	
3 2078	2073	2069	
3 2081	2082	2078	
3 1469	2074	423	
3 2087	65	2089	
3 2062	2064	2075	
3 423	2075	2064	
3 60	2083	2076	
3 425	2072	2084	
3 2085	2077	425	
3 2077	2085	2086	
3 2081	2078	424	
3 2082	2073	2078	
3 2100	2079	636	
3 519	589	2079	
3 65	2080	2089	
3 64	2071	2088	
3 2077	2086	424	
3 2081	2086	2093	
3 2090	2082	2081	
3 2079	2073	2082	
3 2091	2083	2019	
3 2076	2083	2084	
3 425	2084	2083	
3 2091	2085	425	
3 2092	2085	348	
3 2093	2086	684	
3 2081	424	2086	
3 3423	2087	347	
3 2270	2280	2281	
3 347	2088	2074	
3 2080	2088	2089	
3 347	2089	2088	
3 2081	2093	2094	
3 2079	2090	636	
3 2019	348	2091	
3 2085	2091	348	
3 2095	348	1969	
3 2092	2095	2097	
3 2096	2093	684	
3 2096	2094	2093	
3 636	2090	2094	
3 2094	2090	2081	
3 1969	729	2095	
3 729	2096	2097	
3 684	2092	2097	
3 2101	2096	729	
3 729	2097	2095	
3 684	2097	2096	
3 2103	884	2101	
3 2063	62	2098	
3 886	933	3457	
3 3457	636	2099	
3 2100	3425	3424	
3 3456	729	1969	
3 2101	2102	2103	
3 3527	2102	932	
3 2103	2102	885	
3 2103	885	3712	
3 2099	884	2103	
3 2104	2105	2106	
3 2108	236	235	
3 2105	2108	2109	
3 2105	476	2106	
3 2111	475	2114	
3 2114	2106	476	
3 475	2119	3421	
3 3292	3295	3316	
3 2105	2109	476	
3 3313	2109	2108	
3 2110	694	2111	
3 2109	388	2110	
3 2112	2110	388	
3 2113	2111	694	
3 3421	2114	475	
3 2115	2112	388	
3 2116	744	784	
3 694	2116	2118	
3 2117	2113	743	
3 2106	2114	2107	
3 476	2111	2114	
3 3310	477	3304	
3 3502	2115	617	
3 694	2112	2116	
3 744	2116	2112	
3 2127	2117	743	
3 3422	2121	558	
3 2120	2118	784	
3 743	2113	2118	
3 475	2117	2119	
3 648	2119	2117	
3 2122	2120	784	
3 2123	2120	827	
3 2119	648	2121	
3 558	2124	474	
3 2125	2122	784	
3 2135	2126	2130	
3 2137	2123	827	
3 794	2128	2127	
3 2121	648	2124	
3 2124	648	2128	
3 784	744	2125	
3 744	3502	3554	
3 2131	2126	920	
3 827	2122	2126	
3 743	2123	2127	
3 794	2127	2123	
3 2132	2128	794	
3 2128	755	2129	
3 755	793	3258	
3 474	2124	2129	
3 2125	816	2130	
3 2130	816	2135	
3 2136	2131	920	
3 844	2133	2137	
3 2137	794	2123	
3 2132	2133	2134	
3 844	826	2133	
3 2134	2133	826	
3 3262	3261	2134	
3 793	755	2134	
3 2138	2135	816	
3 2135	2138	2139	
3 2139	920	2135	
3 2136	951	3458	
3 794	2137	2133	
3 827	2131	2137	
3 3555	816	3554	
3 3588	2138	3580	
3 2139	962	3602	
3 2136	920	2139	
3 2366	2369	2379	
3 2140	2383	2142	
3 2143	2142	349	
3 2144	2141	2140	
3 2144	2142	429	
3 2145	2143	349	
3 2143	685	2146	
3 2147	2144	429	
3 2144	82	2141	
3 2249	2145	349	
3 2172	2171	2145	
3 2148	2146	685	
3 2149	2146	428	
3 2149	429	2146	
3 2144	2150	82	
3 2151	2148	685	
3 2152	2148	730	
3 2161	2153	428	
3 2147	429	2149	
3 2171	2151	685	
3 2147	83	2150	
3 2175	2151	774	
3 2178	2152	730	
3 2152	638	2161	
3 2160	2153	592	
3 2157	2154	2155	
3 2149	2154	2147	
3 2155	2154	2153	
3 2160	2158	2156	
3 2154	2157	83	
3 2158	85	2156	
3 2160	84	2155	
3 592	2159	2158	
3 2155	84	2157	
3 523	2167	2168	
3 2168	2167	2162	
3 2153	2160	2155	
3 2158	2160	592	
3 592	2153	2161	
3 2159	2163	523	
3 2167	86	2162	
3 85	2158	2168	
3 638	2164	2161	
3 2163	2161	2164	
3 2165	2164	638	
3 2163	2166	523	
3 2179	638	2178	
3 2166	2180	427	
3 2165	2166	2164	
3 2166	427	2181	
3 2181	523	2166	
3 2170	2181	2189	
3 523	2168	2159	
3 2181	2170	2167	
3 2170	2169	2167	
3 2182	2170	522	
3 685	2145	2171	
3 2172	2145	731	
3 2173	2172	731	
3 774	2171	2172	
3 2173	731	3464	
3 2196	2221	2176	
3 2196	2173	806	
3 2175	2176	823	
3 2176	2175	774	
3 2177	2175	823	
3 774	2174	2176	
3 2196	2174	2173	
3 2197	2177	823	
3 2179	2178	2177	
3 730	2177	2178	
3 2179	2177	790	
3 2179	790	2200	
3 2165	638	2179	
3 2165	752	2180	
3 2195	2192	2180	
3 2181	2167	523	
3 2189	2181	427	
3 2183	2182	522	
3 2184	87	2182	
3 522	2185	2183	
3 2188	2201	2186	
3 2187	2185	522	
3 2183	2184	2182	
3 2185	2188	2186	
3 2183	2185	2186	
3 2185	521	2188	
3 2189	2187	522	
3 2187	702	2190	
3 2191	2188	521	
3 2201	2188	613	
3 2170	2189	522	
3 2189	427	2192	
3 2192	2195	702	
3 521	2194	2191	
3 521	2190	2194	
3 2205	2191	647	
3 427	2180	2192	
3 2195	2180	752	
3 901	663	2193	
3 2194	2193	663	
3 2193	2194	2190	
3 2194	663	2257	
3 752	2243	2245	
3 2193	702	2195	
3 2221	2253	2198	
3 2176	2174	2196	
3 2198	2197	823	
3 2199	790	2197	
3 2221	823	2176	
3 2198	823	2221	
3 841	2199	2198	
3 790	2222	2200	
3 2222	790	2199	
3 2200	2222	2243	
3 2202	2203	90	
3 2186	2201	89	
3 613	2204	2203	
3 2203	2201	613	
3 2201	2203	2202	
3 2205	2204	613	
3 2211	2208	2206	
3 2191	2205	613	
3 2205	647	2207	
3 2208	91	2206	
3 90	2203	2211	
3 614	2209	647	
3 2207	647	2209	
3 555	2210	2208	
3 473	2216	2217	
3 555	2212	2210	
3 555	2207	2212	
3 2217	2216	2213	
3 2203	2204	2211	
3 555	2211	2204	
3 2214	2209	614	
3 473	2212	2215	
3 2216	92	2213	
3 91	2208	2217	
3 2218	2214	614	
3 2223	2215	2214	
3 2212	2214	2215	
3 2214	2218	2223	
3 2224	473	2215	
3 2225	2220	2224	
3 473	2217	2210	
3 2250	2218	614	
3 2254	2246	742	
3 2224	2220	2216	
3 2220	2219	2216	
3 93	2238	2237	
3 806	2242	2196	
3 2221	2196	2242	
3 2199	855	2222	
3 2200	2243	752	
3 2226	2227	693	
3 387	2215	2223	
3 2224	2216	473	
3 2225	2224	387	
3 2226	2225	387	
3 472	2220	2225	
3 2227	387	2223	
3 2226	693	2228	
3 2223	742	2227	
3 2244	2229	2227	
3 2230	2228	693	
3 2228	2230	2231	
3 693	2227	2229	
3 2244	2227	742	
3 2232	693	2229	
3 2241	2451	2232	
3 553	2446	2445	
3 93	2220	2238	
3 2236	2229	890	
3 2236	2241	2232	
3 646	3430	2450	
3 2448	2445	2446	
3 2441	2444	553	
3 2235	2239	94	
3 472	2231	2235	
3 2234	2235	2231	
3 2240	2236	890	
3 2233	2451	2241	
3 2220	472	2238	
3 2235	94	2237	
3 2235	2238	472	
3 2444	2239	2234	
3 95	94	2239	
3 2256	890	2248	
3 2240	2256	2251	
3 2240	2241	2236	
3 646	2233	2241	
3 2252	2242	806	
3 2198	2253	841	
3 2222	855	2243	
3 2247	2245	2243	
3 2218	2254	742	
3 2244	2246	2248	
3 2247	2243	855	
3 901	2195	2245	
3 936	891	2246	
3 2246	891	2248	
3 855	841	2255	
3 2247	2255	3459	
3 892	2256	2259	
3 890	2256	2240	
3 349	2383	2384	
3 2249	594	3464	
3 614	2257	2250	
3 2250	2257	2258	
3 3713	2251	892	
3 3430	2251	929	
3 3536	2252	806	
3 2252	3536	3714	
3 2252	2253	2242	
3 3822	1059	1009	
3 2218	2250	2254	
3 936	2254	2250	
3 941	902	2255	
3 2255	902	3459	
3 2259	2256	2248	
3 2251	2256	892	
3 647	2257	614	
3 2258	2257	663	
3 3459	2258	663	
3 2258	3459	3460	
3 2248	891	2259	
3 3629	3832	891	
3 527	2324	2323	
3 2262	2260	350	
3 2262	350	2263	
3 2264	2261	2260	
3 2264	2262	432	
3 2313	596	2303	
3 2316	2268	2263	
3 2265	2264	432	
3 2264	74	2261	
3 2265	2339	2338	
3 2264	2266	74	
3 2267	2312	2317	
3 2265	75	2266	
3 350	2316	2263	
3 3715	2267	2317	
3 595	3461	757	
3 2269	2270	2271	
3 2272	2271	2273	
3 2281	352	2270	
3 2270	352	2271	
3 2272	2273	436	
3 2274	2272	436	
3 2275	67	2272	
3 2271	352	2273	
3 2276	2273	352	
3 436	2276	2284	
3 2274	436	2277	
3 352	2281	2282	
3 2274	2275	2272	
3 2276	528	2284	
3 2290	435	2291	
3 2274	2278	68	
3 2279	2278	2277	
3 69	68	2278	
3 351	2279	2277	
3 2288	2286	70	
3 65	2280	66	
3 2281	2087	320	
3 2087	2281	2280	
3 2282	2281	320	
3 320	1470	2283	
3 528	2276	2282	
3 975	3569	2307	
3 528	2282	2283	
3 2306	2295	2284	
3 2277	2284	351	
3 2279	2287	69	
3 69	2287	2285	
3 435	2289	2286	
3 434	527	2305	
3 2288	435	2286	
3 2285	2287	2288	
3 435	2288	2287	
3 2290	2289	435	
3 434	2286	2289	
3 435	2279	2291	
3 2290	686	2294	
3 2279	351	2291	
3 2290	2292	686	
3 2291	351	2292	
3 2295	2293	2292	
3 2293	732	2296	
3 686	2292	2293	
3 2297	2294	686	
3 2294	2297	2298	
3 351	2284	2295	
3 2306	2284	528	
3 2296	732	2308	
3 733	2297	2299	
3 2293	2297	686	
3 2299	2297	2296	
3 733	2300	2298	
3 2298	2300	2301	
3 2309	2296	3604	
3 2302	2311	2315	
3 2302	2300	733	
3 2301	2300	596	
3 2310	2301	596	
3 527	434	2301	
3 2311	733	2299	
3 2312	2303	2302	
3 2312	2302	776	
3 2303	2312	2313	
3 434	2305	2286	
3 2305	2304	2286	
3 527	2323	2305	
3 2307	2306	528	
3 2306	2307	2308	
3 528	2283	2307	
3 975	2307	2283	
3 2307	775	2308	
3 3661	1061	3749	
3 2302	2315	776	
3 733	2311	2302	
3 596	2313	2314	
3 527	2310	433	
3 2299	2309	2311	
3 2315	2311	2309	
3 2317	2312	776	
3 2313	2312	2267	
3 2314	2313	2316	
3 2314	350	433	
3 596	2314	2310	
3 2316	2313	2267	
3 2309	974	2315	
3 974	3749	3630	
3 2316	2267	2268	
3 350	2314	2316	
3 2315	3630	776	
3 3715	807	3461	
3 2320	73	2318	
3 2320	2260	73	
3 527	433	2319	
3 2319	433	2320	
3 2260	2320	433	
3 524	2368	2376	
3 2249	2321	594	
3 71	2305	2323	
3 2322	2323	2324	
3 2322	71	2323	
3 2319	72	2324	
3 2322	2324	72	
3 190	3059	3060	
3 334	2938	2937	
3 49	2357	2359	
3 2325	191	2326	
3 2329	2327	355	
3 1946	2329	355	
3 2330	2328	2327	
3 2330	2329	532	
3 2328	2330	50	
3 2329	2330	2327	
3 532	1974	2332	
3 2332	2330	532	
3 2330	2332	2331	
3 2333	2334	2335	
3 2333	2337	2342	
3 2335	2338	526	
3 2344	2334	2333	
3 2337	2335	526	
3 526	2340	2341	
3 2335	76	2336	
3 2337	431	2342	
3 75	2265	2338	
3 2336	75	2338	
3 432	2263	2340	
3 526	2338	2339	
3 2263	595	2340	
3 595	2341	2340	
3 757	2341	595	
3 431	2337	2341	
3 2343	2342	431	
3 2344	2342	525	
3 2345	2343	431	
3 2343	706	2346	
3 2347	2344	525	
3 2344	77	2334	
3 2341	2345	431	
3 2345	757	2349	
3 2346	706	2350	
3 2377	2346	2375	
3 2371	2374	593	
3 2344	2348	77	
3 2353	757	2351	
3 2347	78	2348	
3 757	2353	2349	
3 2352	2350	706	
3 639	2355	594	
3 757	3461	3534	
3 2351	910	2354	
3 2350	2352	660	
3 706	2349	2352	
3 2354	2353	2351	
3 660	2352	2353	
3 3535	910	3463	
3 660	3465	2356	
3 2350	660	2355	
3 2356	909	3464	
3 2355	660	2356	
3 3465	660	2354	
3 48	1899	2358	
3 2357	2358	2359	
3 2357	48	2358	
3 2361	2359	441	
3 2327	49	2359	
3 356	1900	2362	
3 441	2358	2360	
3 2363	441	1931	
3 355	2327	2361	
3 1900	1931	2362	
3 441	2362	1931	
3 1935	2363	1931	
3 355	2361	2363	
3 2367	2365	79	
3 2364	2365	2366	
3 2364	79	2365	
3 524	2369	2366	
3 2380	2382	2378	
3 78	2371	2370	
3 2367	2370	2371	
3 2372	2368	593	
3 524	2365	2368	
3 2321	2369	524	
3 2382	2380	2379	
3 78	2347	2371	
3 2367	79	2370	
3 2374	2371	2347	
3 593	2374	2377	
3 2372	639	2376	
3 2381	2380	2378	
3 2379	80	2366	
3 2347	525	2374	
3 2346	2374	525	
3 2377	2372	593	
3 2346	2350	2375	
3 639	2321	2376	
3 2321	524	2376	
3 2346	2377	2374	
3 2375	2372	2377	
3 2383	2378	430	
3 2380	2381	81	
3 2382	2369	430	
3 81	2373	2380	
3 2379	2380	2373	
3 2378	2140	2381	
3 2141	2381	2140	
3 2369	2382	2379	
3 430	2378	2382	
3 2384	2383	430	
3 2383	349	2142	
3 2321	2384	430	
3 349	2384	2249	
3 2388	139	138	
3 2385	2386	2387	
3 2385	139	2386	
3 535	2389	2387	
3 445	2396	2400	
3 2415	137	136	
3 2386	2390	535	
3 2391	2389	535	
3 2400	2396	2392	
3 2393	2390	2388	
3 2398	2391	2394	
3 2394	535	2390	
3 2391	600	2395	
3 2396	141	2392	
3 140	2387	2400	
3 2388	2397	2393	
3 2393	2397	2402	
3 2393	2394	2390	
3 2403	2394	2393	
3 600	1476	2395	
3 1476	445	2395	
3 445	2399	2396	
3 365	2412	2413	
3 2397	447	2402	
3 2403	2398	2394	
3 2406	2407	2403	
3 1476	2399	445	
3 2413	2412	2405	
3 2387	2389	2400	
3 445	2400	2389	
3 137	2408	2401	
3 2397	2388	2409	
3 2410	2402	447	
3 2402	2410	2411	
3 2406	2403	446	
3 2407	2398	2403	
3 2427	2404	641	
3 536	600	2404	
3 2412	142	2405	
3 141	2396	2413	
3 2402	2411	446	
3 2406	2411	2418	
3 2414	2407	2406	
3 2404	2398	2407	
3 2408	2415	2416	
3 2401	2408	2409	
3 447	2409	2408	
3 2416	2410	447	
3 2410	2416	2417	
3 2418	2411	688	
3 2406	446	2411	
3 365	2419	2412	
3 2465	2421	325	
3 365	2413	2399	
3 2406	2418	2422	
3 2404	2414	641	
3 537	2753	2752	
3 366	2417	2416	
3 2408	2416	447	
3 2415	366	2416	
3 2423	2417	366	
3 2417	2423	2424	
3 2424	2418	688	
3 2418	887	2422	
3 2419	365	2425	
3 2421	2419	325	
3 2421	2412	2419	
3 2421	2420	2412	
3 2457	2421	370	
3 641	2414	2422	
3 2422	2414	2406	
3 2428	366	448	
3 2430	2423	2428	
3 2432	2424	735	
3 2418	2424	887	
3 365	1476	2425	
3 1476	1477	2425	
3 887	2432	2434	
3 889	935	3466	
3 3466	641	2426	
3 2427	3427	3426	
3 2429	448	537	
3 2428	2429	2430	
3 537	2755	2761	
3 2430	2429	602	
3 2772	602	2765	
3 735	2423	2430	
3 2433	2431	934	
3 735	2430	2431	
3 735	2431	2433	
3 2432	2433	2434	
3 3539	2433	934	
3 2433	888	2434	
3 2434	888	3718	
3 2426	887	2434	
3 2437	98	2435	
3 2437	1525	98	
3 470	386	2436	
3 2436	386	2437	
3 1525	2437	386	
3 2441	2439	96	
3 2438	2439	2440	
3 2438	96	2439	
3 2436	97	2440	
3 2438	2440	97	
3 95	2444	2443	
3 2441	2443	2444	
3 2445	2442	553	
3 470	2439	2442	
3 2239	2444	95	
3 2441	96	2443	
3 2234	553	2444	
3 553	2234	2446	
3 2445	612	2447	
3 2234	471	2446	
3 2446	2449	2448	
3 612	1596	2447	
3 1596	470	2447	
3 2449	2446	471	
3 2450	2448	2233	
3 2451	471	2230	
3 2233	2448	2449	
3 646	2450	2233	
3 554	612	2450	
3 2451	2230	2232	
3 2233	2449	2451	
3 2777	2780	2801	
3 2865	2868	451	
3 2457	2455	144	
3 2452	159	2453	
3 2454	2455	2456	
3 2454	144	2455	
3 2459	458	2464	
3 2456	458	2459	
3 2463	143	2457	
3 2421	2457	143	
3 2460	2458	370	
3 458	2455	2458	
3 2462	369	457	
3 2456	2461	145	
3 370	2421	2465	
3 545	2469	2466	
3 2462	2461	2459	
3 146	145	2461	
3 369	2462	2459	
3 2462	457	2625	
3 458	2460	2464	
3 2457	144	2463	
3 545	2464	2460	
3 2467	2465	325	
3 545	2460	2465	
3 369	2464	2466	
3 545	2466	2464	
3 1477	2467	325	
3 3570	2471	977	
3 2470	2468	738	
3 369	2468	690	
3 2471	2469	545	
3 2469	2471	2472	
3 2472	2470	738	
3 2731	739	2736	
3 545	2467	2471	
3 977	2471	2467	
3 3605	2472	779	
3 3605	2735	2472	
3 2473	2474	2475	
3 2477	2519	117	
3 2474	2477	2478	
3 2474	466	2475	
3 2480	465	2483	
3 2483	2475	466	
3 2565	2567	546	
3 2477	2494	2490	
3 2474	2478	466	
3 2490	2478	2477	
3 2479	691	2480	
3 2478	376	2479	
3 2481	2479	376	
3 2482	2480	691	
3 2567	2483	465	
3 2484	2481	376	
3 2481	741	2485	
3 691	2485	2489	
3 2570	2569	608	
3 2475	2483	2476	
3 466	2480	2483	
3 2486	2484	376	
3 2487	2484	692	
3 2488	2485	741	
3 691	2489	2482	
3 2490	2486	376	
3 2486	467	2491	
3 2492	2487	692	
3 2493	815	2488	
3 2493	741	2487	
3 783	2488	815	
3 2485	783	2489	
3 2523	2522	2489	
3 2478	2490	376	
3 2477	117	2494	
3 2495	2491	467	
3 377	2500	2496	
3 2496	2492	692	
3 2509	740	2506	
3 2487	782	2493	
3 2493	782	2517	
3 2497	116	2498	
3 467	2490	2494	
3 2498	467	2494	
3 115	2513	2501	
3 692	2491	2496	
3 377	2496	2491	
3 2501	2498	116	
3 2494	117	2497	
3 2495	467	2498	
3 2501	2495	2498	
3 2499	2501	2513	
3 377	2499	2502	
3 2503	2500	674	
3 115	2501	116	
3 2499	2495	2501	
3 378	2507	2504	
3 674	2500	2502	
3 2505	2503	674	
3 2506	812	2509	
3 2508	2504	327	
3 674	2502	2504	
3 2508	674	2504	
3 717	781	2505	
3 2503	781	2506	
3 781	812	2506	
3 378	2510	2507	
3 2515	2511	2507	
3 1591	2508	327	
3 2505	674	2508	
3 2509	812	2512	
3 2492	740	2509	
3 2513	2510	378	
3 2510	114	2515	
3 2507	2510	2515	
3 113	2560	2515	
3 2516	2512	812	
3 2517	815	2493	
3 2499	2513	378	
3 2510	2518	114	
3 1588	2514	375	
3 327	2514	1591	
3 114	113	2515	
3 464	2563	2562	
3 812	813	2516	
3 3467	813	836	
3 2516	2517	2512	
3 2521	2517	814	
3 2522	2482	2489	
3 2513	115	2518	
3 2477	118	2519	
3 2520	645	2536	
3 2535	2521	814	
3 837	2527	2526	
3 2523	2489	783	
3 645	2520	2522	
3 2524	2523	783	
3 2523	2524	2525	
3 2526	2524	783	
3 2527	2524	2526	
3 2528	2525	853	
3 2525	2528	2530	
3 815	2526	783	
3 2521	837	2526	
3 2529	2527	837	
3 853	2524	2527	
3 2531	853	2527	
3 2533	2534	2528	
3 837	2535	2539	
3 2532	2531	2529	
3 2528	864	2530	
3 2540	2536	2530	
3 2532	2529	867	
3 853	2531	2533	
3 2537	2534	2532	
3 853	2533	2528	
3 2531	2532	2533	
3 2534	2533	2532	
3 2537	2532	867	
3 2534	2537	3606	
3 2538	2535	814	
3 837	2539	2529	
3 2536	547	608	
3 645	2530	2536	
3 867	3538	3639	
3 2534	3606	864	
3 3467	814	2516	
3 3607	2538	836	
3 2538	2539	2535	
3 2529	3468	867	
3 864	983	2540	
3 2583	2540	983	
3 549	3391	3390	
3 2543	2541	372	
3 2543	372	2544	
3 2545	2542	2541	
3 2545	2543	461	
3 2548	2544	372	
3 2544	2548	2549	
3 2546	2545	461	
3 2545	130	2542	
3 2546	3395	3393	
3 2545	2547	130	
3 372	2550	2548	
3 2546	131	2547	
3 2548	2550	2553	
3 2551	2549	925	
3 2549	2551	2552	
3 462	2550	372	
3 610	2614	2550	
3 2553	2617	925	
3 2551	2554	2556	
3 955	2555	2552	
3 2557	609	2552	
3 2611	610	2602	
3 2553	2616	2617	
3 2554	861	3739	
3 2551	2556	955	
3 3469	2555	955	
3 2767	2765	642	
3 3473	2556	2554	
3 955	3470	3469	
3 2769	661	2768	
3 2557	2766	2770	
3 112	2559	2558	
3 2511	2560	375	
3 464	375	2559	
3 375	2560	2559	
3 2515	2560	2511	
3 111	1570	2562	
3 2561	2562	2563	
3 2561	111	2562	
3 2559	112	2563	
3 2561	2563	112	
3 120	2476	2565	
3 2564	2565	2566	
3 2564	120	2565	
3 546	2568	2566	
3 459	2573	2576	
3 2483	2567	2476	
3 2569	465	2520	
3 2570	2568	546	
3 2576	2573	2571	
3 608	2569	2520	
3 546	2567	2569	
3 2569	2570	546	
3 2570	608	2572	
3 2573	122	2571	
3 121	2566	2576	
3 547	2574	608	
3 2572	608	2574	
3 459	2575	2573	
3 371	2581	2582	
3 459	2577	2575	
3 459	2572	2577	
3 2582	2581	2578	
3 2566	2568	2576	
3 459	2576	2568	
3 2579	2574	547	
3 371	2577	2580	
3 2581	123	2578	
3 122	2573	2582	
3 2583	2579	547	
3 326	2605	2580	
3 2577	2579	2580	
3 2579	2583	2584	
3 2605	371	2580	
3 2604	2601	326	
3 371	2582	2575	
3 2540	2583	547	
3 2584	326	2580	
3 2583	983	2584	
3 2585	2608	550	
3 2606	2604	326	
3 2585	2606	2607	
3 2586	150	2655	
3 2686	2696	454	
3 2591	2589	125	
3 2586	151	2587	
3 2588	2589	2590	
3 2588	125	2589	
3 2592	463	2609	
3 2590	463	2592	
3 124	2598	2597	
3 2591	2597	2598	
3 373	2599	2596	
3 2590	2594	126	
3 2591	374	2593	
3 2595	2593	374	
3 2596	2594	2592	
3 127	126	2594	
3 374	2601	2604	
3 550	2612	2610	
3 373	2596	2592	
3 3390	2596	549	
3 124	2600	2598	
3 2591	125	2597	
3 2605	2600	2581	
3 2602	2599	373	
3 549	2603	462	
3 123	2600	124	
3 2605	2601	2598	
3 374	2598	2601	
3 2605	2598	2600	
3 2610	2602	373	
3 2611	2602	848	
3 2599	610	2603	
3 2550	2603	610	
3 2606	326	2584	
3 2595	2604	2585	
3 2605	2581	371	
3 326	2601	2605	
3 2607	2606	2584	
3 2585	2604	2606	
3 2584	983	2607	
3 2608	983	860	
3 983	2608	2607	
3 2613	848	2618	
3 463	2595	2609	
3 550	2609	2595	
3 373	2609	2610	
3 550	2610	2609	
3 848	2613	2615	
3 2550	2614	2553	
3 550	2608	2612	
3 2618	2608	860	
3 2618	848	2612	
3 2613	2618	3608	
3 610	2611	2614	
3 2611	848	2615	
3 2613	861	2615	
3 2614	2616	2553	
3 2615	861	2616	
3 861	2554	2617	
3 861	2617	2616	
3 2554	925	2617	
3 2608	2618	2612	
3 3608	2618	860	
3 128	2620	2619	
3 2621	129	2619	
3 549	462	2620	
3 2620	462	2621	
3 2541	2621	462	
3 2624	136	2622	
3 2624	2415	136	
3 537	448	2623	
3 2623	448	2624	
3 2415	2624	448	
3 147	146	2625	
3 2462	2625	146	
3 457	456	2626	
3 2721	2723	2725	
3 222	2637	2639	
3 482	2627	390	
3 562	3270	3269	
3 2627	223	2628	
3 2631	2629	389	
3 2631	389	2632	
3 2633	2630	2629	
3 2633	2631	479	
3 389	3278	2635	
3 2632	2635	2636	
3 2634	2633	479	
3 2633	228	2630	
3 2634	3287	3286	
3 228	2634	229	
3 2636	3474	817	
3 2632	389	2635	
3 3474	2636	2635	
3 618	3475	759	
3 221	1616	2638	
3 2637	2638	2639	
3 2637	221	2638	
3 2641	2639	483	
3 2627	222	2639	
3 391	1614	2642	
3 483	2638	2640	
3 2643	2641	483	
3 390	2627	2641	
3 1614	563	2642	
3 563	2646	2644	
3 483	2642	2643	
3 563	2643	2642	
3 390	2643	2644	
3 563	2644	2643	
3 2647	2645	745	
3 390	2645	695	
3 563	2648	2646	
3 2648	1619	2650	
3 745	2652	2653	
3 2654	2647	2653	
3 2649	563	1614	
3 2650	1619	785	
3 1617	2649	1614	
3 1619	2648	2649	
3 3609	2651	785	
3 2648	2650	2652	
3 2654	2653	2651	
3 2646	2652	745	
3 2650	2651	2652	
3 745	2653	2647	
3 2652	2651	2653	
3 2654	2651	978	
3 3620	3279	2654	
3 746	2647	2654	
3 149	2720	2722	
3 2586	2655	455	
3 2657	2656	214	
3 2658	2656	486	
3 2660	2659	213	
3 393	2664	2657	
3 2667	2673	486	
3 564	2701	2705	
3 2661	2660	213	
3 2657	214	2659	
3 393	2660	487	
3 212	2663	2662	
3 2661	2662	2663	
3 3223	2663	212	
3 2661	213	2662	
3 3238	2663	566	
3 2665	2664	393	
3 486	2657	2664	
3 2666	2665	393	
3 2665	696	2667	
3 393	487	2680	
3 2665	2668	696	
3 2672	2667	696	
3 2667	2672	2673	
3 747	2669	2666	
3 2668	2666	2669	
3 2671	2669	747	
3 2669	2671	2670	
3 2670	2675	2674	
3 696	2668	2670	
3 747	3476	2681	
3 2671	2681	2682	
3 2670	2674	696	
3 2672	696	2674	
3 485	2658	2673	
3 2658	486	2673	
3 2675	2670	893	
3 2672	2676	485	
3 2677	2675	893	
3 2676	2675	650	
3 2675	2676	2674	
3 2676	2679	2678	
3 2682	893	2671	
3 2684	3433	3432	
3 2678	620	2706	
3 485	2676	2678	
3 2679	650	2684	
3 620	2678	2679	
3 3238	3232	3235	
3 2680	622	3476	
3 937	894	2681	
3 2682	2681	894	
3 2682	894	3719	
3 2677	893	2682	
3 2677	895	2683	
3 3610	2683	895	
3 650	2683	2684	
3 938	2684	2683	
3 151	2686	2685	
3 2687	152	2685	
3 2696	2686	2586	
3 2686	454	2687	
3 2688	2689	543	
3 2690	2688	543	
3 2691	152	2688	
3 2687	454	2689	
3 2692	2689	454	
3 543	2692	2699	
3 2690	543	2693	
3 2697	454	2696	
3 2690	2691	2688	
3 2692	606	2699	
3 453	2796	2695	
3 2690	2694	153	
3 2695	2694	2693	
3 154	153	2694	
3 453	2695	2693	
3 2695	542	2786	
3 2586	368	2696	
3 2697	2696	368	
3 2697	368	2698	
3 2692	454	2697	
3 368	2737	2742	
3 2743	2698	2742	
3 758	2699	606	
3 2693	2699	453	
3 216	2703	2701	
3 2700	2701	2702	
3 2700	216	2701	
3 564	2704	2702	
3 484	2710	2713	
3 215	2703	216	
3 2658	485	2705	
3 2706	2704	564	
3 2713	2710	2707	
3 2658	2705	2703	
3 2708	485	2678	
3 2706	564	2708	
3 2706	620	2709	
3 2710	218	2707	
3 217	2702	2713	
3 2706	2708	2678	
3 564	2705	2708	
3 565	2711	620	
3 620	2711	2709	
3 484	2712	2710	
3 2717	2718	392	
3 2712	2714	392	
3 484	2709	2714	
3 2715	2718	2717	
3 2702	2704	2713	
3 484	2713	2704	
3 2711	1618	2714	
3 2716	2714	1618	
3 2717	219	2715	
3 2718	218	2710	
3 1618	332	2716	
3 2719	1611	2717	
3 2719	392	2716	
3 2717	1611	1612	
3 392	2718	2712	
3 392	2719	2717	
3 2716	332	2719	
3 148	2723	2721	
3 2720	2721	2722	
3 2720	148	2721	
3 2724	2722	544	
3 2655	149	2722	
3 147	2723	148	
3 2725	2626	456	
3 2726	2724	544	
3 2655	2724	455	
3 2626	2725	2723	
3 544	2727	2726	
3 544	2725	2727	
3 2726	607	2737	
3 2725	456	2727	
3 2726	2728	607	
3 2727	456	2728	
3 2728	2730	2729	
3 2731	2729	739	
3 2729	2731	2733	
3 2732	456	690	
3 739	2729	2730	
3 2734	739	2732	
3 2736	2739	2731	
3 2470	2732	690	
3 739	2730	2732	
3 780	2738	2731	
3 2733	2731	2738	
3 2735	2470	2472	
3 739	2734	2736	
3 780	2731	2739	
3 2734	2470	2735	
3 2734	2735	2736	
3 2736	2735	2739	
3 607	2733	2740	
3 368	455	2737	
3 2741	2738	780	
3 2741	2743	2738	
3 2735	976	2739	
3 2739	3741	3611	
3 2738	2740	2733	
3 2742	2740	2743	
3 810	2744	2745	
3 2698	2743	2744	
3 368	2742	2698	
3 2737	2740	2742	
3 2738	2743	2740	
3 2743	2741	2744	
3 2745	2744	2741	
3 2746	606	2697	
3 780	2747	2741	
3 2745	2741	2747	
3 2744	810	2746	
3 606	2748	758	
3 3611	780	2739	
3 3477	988	3478	
3 2746	810	2748	
3 810	3478	2750	
3 3477	2749	2747	
3 3478	912	2750	
3 758	2748	2750	
3 810	2750	2748	
3 2754	2752	134	
3 2751	2752	2753	
3 2751	134	2752	
3 2623	135	2753	
3 2751	2753	135	
3 133	2757	2756	
3 2754	2756	2757	
3 2758	2755	601	
3 537	2752	2755	
3 2759	133	132	
3 2754	134	2756	
3 2762	2760	601	
3 2760	2758	601	
3 2758	642	2761	
3 132	3392	3394	
3 460	2760	2762	
3 601	2757	2762	
3 460	2764	2760	
3 642	2429	2761	
3 2429	537	2761	
3 2757	2759	2762	
3 2762	2759	3396	
3 2763	2760	2764	
3 2764	2767	2763	
3 460	2766	2764	
3 2765	2767	2768	
3 2765	661	2772	
3 602	642	2765	
3 2766	460	2770	
3 661	2765	2768	
3 2764	2766	2767	
3 2557	2769	2766	
3 2766	2768	2767	
3 661	2769	2555	
3 2766	2769	2768	
3 2557	2555	2769	
3 3397	460	3396	
3 548	3395	2771	
3 609	2770	2771	
3 2771	2770	3397	
3 661	2555	3471	
3 934	2431	2772	
3 2773	206	3161	
3 489	2773	394	
3 2778	2776	156	
3 2773	207	2774	
3 2775	2776	2777	
3 2775	156	2776	
3 541	2780	2777	
3 2800	2801	452	
3 155	2782	2781	
3 2778	2781	2782	
3 2783	2779	604	
3 541	2776	2779	
3 2788	541	2779	
3 2785	2801	2800	
3 2786	2782	155	
3 2778	156	2781	
3 2782	2786	2790	
3 2790	604	2782	
3 644	2784	2788	
3 644	605	2784	
3 2792	2789	2784	
3 2800	158	2785	
3 2801	157	2777	
3 2802	154	2786	
3 2695	2786	154	
3 2787	2796	2793	
3 2783	2791	644	
3 644	2788	2783	
3 2784	541	2788	
3 2792	2784	605	
3 2789	2792	2795	
3 542	2790	2786	
3 2787	604	2790	
3 2787	2793	2791	
3 2798	2794	2797	
3 2792	605	2805	
3 2789	2795	452	
3 2796	2787	542	
3 2797	2794	644	
3 2820	2794	662	
3 605	644	2794	
3 2803	2795	2792	
3 452	2804	2800	
3 2695	2796	542	
3 2806	2796	453	
3 2793	707	2797	
3 2794	2798	662	
3 2797	707	2798	
3 2799	2798	707	
3 2806	2799	707	
3 2750	2799	758	
3 452	2795	2804	
3 158	2800	2452	
3 452	2801	2780	
3 2805	2803	2792	
3 2786	155	2802	
3 2807	689	2869	
3 2795	367	2804	
3 2452	2804	367	
3 2820	2805	605	
3 2805	2820	2822	
3 2699	2806	453	
3 2799	2806	758	
3 2803	737	2807	
3 2808	737	778	
3 689	2807	2808	
3 737	2808	2807	
3 2810	2809	778	
3 2809	736	2811	
3 2812	2810	778	
3 2810	824	2813	
3 2813	2815	736	
3 2811	450	2870	
3 2823	778	737	
3 2824	842	2829	
3 2829	2813	824	
3 791	2817	2815	
3 2816	2814	643	
3 450	2811	2814	
3 791	2815	2813	
3 643	2814	2815	
3 2816	643	2818	
3 2816	603	3417	
3 2825	2817	791	
3 2960	2819	2959	
3 2819	643	2817	
3 2819	2960	2818	
3 2817	753	2819	
3 2961	2959	2819	
3 3479	662	2821	
3 911	2822	2820	
3 3479	3541	3543	
3 662	2799	2821	
3 911	2828	2822	
3 2822	2828	2823	
3 2822	2823	737	
3 809	2812	2823	
3 809	2838	2812	
3 809	2834	2836	
3 2826	2825	791	
3 2825	2826	2827	
3 791	2813	2829	
3 2830	2826	2829	
3 2831	2827	856	
3 2963	2827	903	
3 2834	911	2832	
3 2823	2828	809	
3 2824	2829	824	
3 2830	2829	842	
3 2833	2830	842	
3 856	2826	2830	
3 856	2833	3612	
3 2968	666	2966	
3 3479	911	2820	
3 2835	2837	2836	
3 3576	3587	842	
3 2833	942	3612	
3 911	2834	2828	
3 2834	2832	2835	
3 2832	949	2835	
3 3823	2835	949	
3 2837	2835	1060	
3 809	2836	2838	
3 2837	1060	3480	
3 2838	2824	2812	
3 2836	2837	2838	
3 3544	2837	3480	
3 203	2841	2843	
3 3409	3411	568	
3 2844	2842	202	
3 2839	204	2840	
3 2841	2842	2843	
3 2841	202	2842	
3 2845	2843	491	
3 2839	203	2843	
3 201	2850	2849	
3 201	1623	2850	
3 2847	2845	491	
3 395	2839	2845	
3 2844	396	2846	
3 2848	2846	396	
3 2848	491	2846	
3 2853	849	2855	
3 396	2851	2852	
3 2847	2848	569	
3 396	2844	2850	
3 2844	202	2849	
3 2850	2844	2849	
3 2851	333	2852	
3 396	2850	2851	
3 2854	2852	333	
3 569	2848	2852	
3 2847	569	2853	
3 2856	2853	569	
3 2857	2854	333	
3 2854	984	2858	
3 2859	2855	849	
3 2855	624	2860	
3 569	2852	2858	
3 2856	2858	2861	
3 2857	333	2905	
3 2857	571	3481	
3 862	2858	984	
3 2856	569	2858	
3 2863	849	2861	
3 863	3553	2862	
3 624	3407	3413	
3 3411	2860	568	
3 3726	3483	2861	
3 849	2863	2859	
3 624	2859	2862	
3 2862	2859	3484	
3 3483	2863	2861	
3 3484	2863	3483	
3 2866	160	2864	
3 159	2452	2865	
3 2868	2865	2452	
3 2865	451	2866	
3 2870	450	2871	
3 2871	2866	451	
3 3415	3417	603	
3 2452	367	2868	
3 2869	2868	367	
3 2807	2869	367	
3 3417	2871	450	
3 2869	689	2870	
3 2811	2870	689	
3 2866	2871	2867	
3 451	2870	2871	
3 2875	197	196	
3 2872	2873	2874	
3 2872	197	2873	
3 570	2876	2874	
3 492	2883	2888	
3 196	2889	2884	
3 2873	2877	570	
3 2878	2876	570	
3 2888	2883	2879	
3 2880	2877	2875	
3 2885	2878	2881	
3 2881	570	2877	
3 2878	625	2882	
3 2883	199	2879	
3 198	2874	2888	
3 2875	2884	2880	
3 2880	2884	2890	
3 2880	2881	2877	
3 2891	2881	2880	
3 571	2886	625	
3 625	2886	2882	
3 492	2887	2883	
3 2883	2887	2894	
3 2884	494	2890	
3 2891	2885	2881	
3 2895	2896	2891	
3 571	2857	2886	
3 2887	2893	397	
3 492	2882	2893	
3 2887	397	2894	
3 2874	2876	2888	
3 492	2888	2876	
3 196	195	2889	
3 2897	2889	195	
3 2898	2890	494	
3 2890	2898	2899	
3 2895	2891	493	
3 2896	2885	2891	
3 2944	652	2942	
3 571	625	2892	
3 2886	2857	2893	
3 2905	2893	2857	
3 2900	2894	397	
3 200	199	2894	
3 2890	2899	493	
3 2895	2899	2904	
3 2901	2896	2895	
3 2892	2885	2896	
3 2908	195	194	
3 494	2902	2898	
3 2902	494	2897	
3 2898	2902	2903	
3 2904	2899	697	
3 2895	493	2899	
3 2905	2900	397	
3 2900	1622	1623	
3 2895	2904	2906	
3 2892	2901	652	
3 2907	2902	2897	
3 2903	2902	398	
3 2910	2903	398	
3 2903	2910	2911	
3 2911	697	2903	
3 2904	789	2906	
3 2905	397	2893	
3 2905	333	2851	
3 652	2901	2906	
3 2906	2901	2895	
3 2908	2907	2897	
3 2907	2908	2909	
3 195	2908	2897	
3 2908	194	2912	
3 2913	2909	495	
3 2910	2909	698	
3 2909	2910	398	
3 2914	2910	698	
3 2922	2915	749	
3 2904	697	2911	
3 193	2917	2916	
3 2917	2912	2916	
3 2919	2913	495	
3 2913	2919	2920	
3 2921	2914	698	
3 2914	2921	2922	
3 822	789	2915	
3 2904	2915	789	
3 193	192	2918	
3 2912	194	2916	
3 495	2912	2917	
3 2933	2935	400	
3 399	2920	2919	
3 2917	2919	495	
3 2933	2919	2918	
3 2923	2920	399	
3 2921	2920	748	
3 2920	2921	698	
3 2924	2921	748	
3 2925	2922	788	
3 2915	2922	822	
3 2926	2923	399	
3 2923	2926	2927	
3 2928	2924	748	
3 2924	2928	2931	
3 788	2931	2932	
3 1784	822	2925	
3 2933	2926	399	
3 2926	2933	2934	
3 2930	679	1778	
3 2930	787	2929	
3 2930	748	2927	
3 2929	2928	2930	
3 2929	787	1779	
3 819	2928	2929	
3 748	2930	2928	
3 2930	2927	679	
3 1782	2931	819	
3 788	2932	2925	
3 2931	1783	2932	
3 1784	2932	1783	
3 2919	2933	399	
3 2935	2933	2918	
3 2937	2934	400	
3 2934	2937	2938	
3 2918	192	2935	
3 2936	192	191	
3 400	2935	2936	
3 192	2936	2935	
3 2936	2937	400	
3 2325	334	2937	
3 2941	334	3061	
3 1778	679	2938	
3 723	2939	1770	
3 1778	2938	2939	
3 2942	2940	854	
3 652	2906	2940	
3 2941	401	2943	
3 1770	2939	2941	
3 1803	2942	854	
3 2944	3482	3481	
3 2943	401	3057	
3 572	2943	1763	
3 865	2944	2942	
3 571	2892	2944	
3 2947	163	2945	
3 603	3416	3415	
3 603	540	2946	
3 2946	540	2947	
3 2960	2962	540	
3 2962	2947	540	
3 2950	2953	539	
3 2951	165	2949	
3 164	2948	2950	
3 2953	2950	2948	
3 2950	539	2951	
3 2955	538	2958	
3 2958	2951	539	
3 2979	2981	628	
3 2962	2953	2948	
3 2954	703	2955	
3 2953	449	2954	
3 2956	2954	449	
3 2957	2955	703	
3 2981	2958	538	
3 2959	2956	449	
3 2956	2961	2964	
3 703	2964	2965	
3 2980	2982	654	
3 2951	2958	2952	
3 539	2955	2958	
3 2959	449	2960	
3 2961	2819	753	
3 2962	2960	449	
3 2818	2960	540	
3 2963	2961	753	
3 2956	2959	2961	
3 2953	2962	449	
3 2962	2948	2947	
3 2827	2963	753	
3 2965	2964	2963	
3 2965	2963	903	
3 703	2956	2964	
3 2966	2965	903	
3 703	2965	2957	
3 2968	2966	903	
3 666	2988	2991	
3 2991	2957	2966	
3 2967	2988	2987	
3 2831	904	2968	
3 3486	3485	2968	
3 168	2971	2969	
3 502	2970	2972	
3 502	409	2970	
3 3042	3044	3045	
3 2986	2971	576	
3 2969	2971	2972	
3 502	2972	2971	
3 2976	2974	167	
3 2973	2974	2975	
3 2973	167	2974	
3 2971	168	2975	
3 2973	2975	168	
3 166	2979	2978	
3 2976	2978	2979	
3 2980	2977	628	
3 576	2974	2977	
3 166	2952	2979	
3 2976	167	2978	
3 2981	2979	2952	
3 2981	2984	628	
3 2980	654	2983	
3 2958	2981	2952	
3 538	2982	2984	
3 2984	2980	628	
3 538	2967	2982	
3 654	2987	2989	
3 2983	654	2985	
3 538	2984	2981	
3 2982	2980	2984	
3 2990	2985	629	
3 2983	2986	576	
3 2986	2985	2990	
3 2971	2986	502	
3 2967	2991	2988	
3 654	2989	2985	
3 2968	3485	666	
3 2992	2993	2988	
3 2993	2987	2988	
3 629	2985	2989	
3 629	2994	2995	
3 2990	409	502	
3 2957	2991	2967	
3 2966	666	2991	
3 2994	2992	939	
3 2989	2993	629	
3 2993	2989	2987	
3 2994	2993	2992	
3 750	2995	2996	
3 629	2995	2990	
3 2996	2995	2994	
3 3028	2995	750	
3 2994	939	2996	
3 3033	897	3031	
3 3027	3035	3032	
3 3029	896	3023	
3 3001	2999	173	
3 2998	2999	3000	
3 2998	173	2999	
3 499	3003	3000	
3 3019	3020	408	
3 172	3005	3004	
3 3001	3004	3005	
3 3006	3002	574	
3 499	2999	3002	
3 1855	3003	499	
3 3007	3020	3019	
3 3008	3022	171	
3 3001	173	3004	
3 3011	3009	574	
3 3009	3006	574	
3 3006	627	3010	
3 3019	175	3007	
3 3020	174	3000	
3 170	3044	3042	
3 500	3009	3011	
3 574	3005	3011	
3 500	3013	3009	
3 627	1855	3010	
3 1855	499	3010	
3 3005	3008	3011	
3 3011	3008	3049	
3 3013	3012	3009	
3 3013	3016	3012	
3 500	3048	3015	
3 3014	627	3016	
3 3014	653	3026	
3 575	627	3014	
3 3018	3023	896	
3 3017	3014	3016	
3 3013	3015	3016	
3 3014	3017	653	
3 3016	3015	3017	
3 3018	3017	3015	
3 3023	3018	3015	
3 3024	3018	896	
3 3021	3019	408	
3 175	3019	1846	
3 408	3020	3003	
3 1854	3021	408	
3 3021	339	1847	
3 3015	699	3023	
3 3008	172	3022	
3 3025	3023	699	
3 896	3029	3030	
3 3026	653	3038	
3 3048	3047	699	
3 3025	750	3029	
3 3038	653	3024	
3 930	1857	3026	
3 3031	3027	3030	
3 3027	3031	3034	
3 750	3025	3028	
3 3025	699	3047	
3 750	2997	3029	
3 3030	3029	2997	
3 3031	3030	2997	
3 896	3032	3024	
3 3033	3031	2997	
3 3034	3031	897	
3 3030	3027	3032	
3 3027	3039	3035	
3 2997	3036	3033	
3 3033	3036	3037	
3 3040	3034	897	
3 3035	3039	898	
3 898	3614	3038	
3 3024	3032	3035	
3 2996	3036	2997	
3 3037	3036	939	
3 3486	939	3485	
3 3040	3546	3577	
3 898	3038	3035	
3 930	3026	3038	
3 3489	3034	3040	
3 3034	3489	3039	
3 3546	3037	3487	
3 3040	3577	3641	
3 3043	171	3041	
3 3043	3008	171	
3 2970	3045	3044	
3 3042	501	3043	
3 3043	501	3049	
3 169	3044	170	
3 3045	2970	409	
3 3046	3045	409	
3 3042	3045	501	
3 3047	3046	409	
3 3046	3047	3048	
3 409	3028	3047	
3 3025	3047	3028	
3 3015	3048	699	
3 3049	3048	500	
3 3011	3049	500	
3 3043	3049	3008	
3 3051	3050	277	
3 3052	3050	505	
3 276	3051	277	
3 411	505	3051	
3 505	504	3052	
3 577	3065	3069	
3 3056	3054	188	
3 3053	3054	3055	
3 3053	188	3054	
3 496	3057	3055	
3 3055	3057	3059	
3 1731	3058	187	
3 1725	3056	1731	
3 2943	3057	496	
3 3057	401	3059	
3 3060	3059	401	
3 3056	188	3058	
3 190	189	3059	
3 3061	3060	401	
3 190	3060	2325	
3 2941	3061	401	
3 2325	3061	334	
3 276	275	3062	
3 275	3377	3379	
3 3063	506	3388	
3 276	3063	3051	
3 279	3067	3065	
3 3064	3065	3066	
3 3064	279	3065	
3 577	3068	3066	
3 503	3074	3078	
3 278	3067	279	
3 3052	504	3069	
3 3070	3068	577	
3 3078	3074	3071	
3 3052	3069	3067	
3 577	3072	3070	
3 577	3069	3072	
3 3070	630	3073	
3 3074	281	3071	
3 280	3066	3078	
3 3069	504	3072	
3 504	3079	3072	
3 578	3076	630	
3 3073	630	3076	
3 503	3077	3074	
3 3074	3077	3082	
3 3083	3084	3079	
3 3076	3085	3081	
3 503	3081	3077	
3 503	3073	3081	
3 3077	410	3082	
3 3066	3068	3078	
3 503	3078	3068	
3 3083	3079	504	
3 3084	3075	3079	
3 3097	655	3095	
3 578	630	3080	
3 3085	3076	578	
3 410	3081	3086	
3 3087	3082	410	
3 282	281	3082	
3 504	700	3083	
3 700	3490	3090	
3 3088	3084	3083	
3 3080	3075	3084	
3 3085	578	3089	
3 3086	340	3087	
3 3081	3085	3086	
3 3098	3085	3089	
3 3086	3087	410	
3 283	3087	340	
3 3091	3083	3090	
3 3080	3088	655	
3 655	3097	3080	
3 3101	871	340	
3 700	3090	3083	
3 3093	3090	3092	
3 3083	3091	3088	
3 3092	3090	972	
3 3099	3092	972	
3 3091	3093	655	
3 3094	3092	3099	
3 3093	3092	3094	
3 927	3096	973	
3 578	3097	3089	
3 3096	3094	973	
3 3097	578	3080	
3 3615	3096	927	
3 3095	3094	3096	
3 3095	3096	3097	
3 3097	3096	3615	
3 3100	3098	3089	
3 3100	3101	3098	
3 3099	3579	3102	
3 972	3579	3099	
3 3615	3100	3089	
3 3100	3615	3616	
3 3100	873	3101	
3 3617	872	284	
3 3720	3102	1015	
3 3829	3894	3875	
3 265	3122	3124	
3 3354	3357	581	
3 3108	3106	271	
3 3103	266	3104	
3 3105	3106	3107	
3 3105	271	3106	
3 3110	508	3117	
3 3107	508	3110	
3 271	270	3108	
3 270	1992	3114	
3 3111	3109	413	
3 508	3106	3109	
3 3113	412	507	
3 3107	3112	272	
3 413	3115	3116	
3 3119	3117	580	
3 3113	3112	3110	
3 273	272	3112	
3 412	3113	3110	
3 3113	507	3380	
3 413	3108	3114	
3 270	3114	3108	
3 3115	341	3116	
3 413	3114	3115	
3 3116	341	3118	
3 580	3111	3116	
3 508	3111	3117	
3 580	3117	3111	
3 414	3360	3363	
3 3118	3365	3373	
3 3120	3119	580	
3 850	3647	3121	
3 580	3116	3491	
3 3549	3492	3120	
3 412	3119	3121	
3 850	3121	3119	
3 3125	3123	264	
3 3122	3123	3124	
3 3122	264	3123	
3 3127	3124	510	
3 3103	265	3124	
3 263	3131	3130	
3 263	1984	3131	
3 3128	3126	416	
3 510	3123	3126	
3 3129	3127	510	
3 415	3103	3127	
3 416	3132	3133	
3 3134	3129	583	
3 510	3128	3129	
3 583	3129	3128	
3 416	3125	3131	
3 3125	264	3130	
3 3131	3125	3130	
3 3132	342	3133	
3 416	3131	3132	
3 3133	342	3135	
3 583	3128	3133	
3 3136	3134	583	
3 3137	3134	657	
3 1989	3135	342	
3 1990	905	3135	
3 3136	583	3138	
3 3136	944	3493	
3 3137	3367	3364	
3 3358	632	3355	
3 3138	905	3139	
3 3133	3138	583	
3 760	3158	3156	
3 3136	3139	944	
3 797	3723	760	
3 3139	3141	944	
3 3140	943	3141	
3 3550	3494	3141	
3 260	1970	3143	
3 3142	3143	3144	
3 3142	260	3143	
3 1987	261	3144	
3 3142	3144	261	
3 1970	343	3145	
3 3146	3145	343	
3 3147	3146	343	
3 584	1989	3148	
3 343	3345	3149	
3 3147	710	3150	
3 584	3148	3146	
3 1989	417	3148	
3 3151	3149	669	
3 710	3147	3149	
3 3155	710	3151	
3 584	3150	3153	
3 3154	3151	669	
3 3151	761	3155	
3 797	760	3152	
3 3152	3156	3153	
3 3150	3152	3153	
3 3156	3152	760	
3 3344	669	3343	
3 711	761	3154	
3 3155	761	3157	
3 3152	710	3155	
3 760	3140	3158	
3 1990	3153	3156	
3 3159	3157	761	
3 3157	3159	3160	
3 3140	905	3158	
3 1990	3158	905	
3 761	711	3159	
3 711	513	3530	
3 796	3574	3586	
3 3723	3160	851	
3 205	3408	3410	
3 2773	3161	490	
3 3165	248	247	
3 3162	3163	3164	
3 3162	248	3163	
3 586	3166	3164	
3 514	3173	3178	
3 3196	246	245	
3 3163	3167	586	
3 3168	3166	586	
3 3178	3173	3169	
3 3170	3167	3165	
3 3175	3168	3171	
3 3171	586	3167	
3 3168	634	3172	
3 3173	250	3169	
3 249	3164	3178	
3 3165	3174	3170	
3 3170	3174	3180	
3 3170	3171	3167	
3 3181	3171	3170	
3 587	3176	634	
3 3172	634	3176	
3 514	3177	3173	
3 3193	3194	421	
3 3174	516	3180	
3 3181	3175	3171	
3 3185	3186	3181	
3 3176	3191	3183	
3 514	3183	3177	
3 514	3172	3183	
3 3184	3194	3193	
3 3164	3166	3178	
3 514	3178	3166	
3 246	3187	3179	
3 3174	3165	3188	
3 3189	3180	516	
3 3180	3189	3190	
3 3185	3181	515	
3 3186	3175	3181	
3 3216	3205	3182	
3 587	634	3182	
3 3191	3176	587	
3 3183	3191	3192	
3 3193	251	3184	
3 3194	250	3173	
3 3180	3190	515	
3 3185	3190	3199	
3 3195	3186	3185	
3 3182	3175	3186	
3 3187	3196	3197	
3 3179	3187	3188	
3 516	3188	3187	
3 3197	3189	516	
3 3189	3197	3198	
3 3199	3190	701	
3 3185	515	3190	
3 3200	3191	587	
3 3192	3191	2004	
3 2004	346	3192	
3 421	3201	3193	
3 421	3192	3201	
3 251	3193	1997	
3 421	3194	3177	
3 3185	3199	3202	
3 3182	3195	658	
3 3326	3328	3331	
3 422	3198	3197	
3 3187	3197	516	
3 3332	3197	3196	
3 3203	3198	422	
3 3198	3203	3204	
3 3204	3199	701	
3 3204	3202	3199	
3 587	3205	3200	
3 728	2004	3200	
3 3192	346	3201	
3 3201	346	1998	
3 658	3195	3202	
3 3202	3195	3185	
3 422	3332	3207	
3 3209	3203	3207	
3 3204	701	3198	
3 3220	751	3215	
3 587	3182	3205	
3 3216	3182	658	
3 899	3220	3219	
3 3216	3206	3495	
3 3208	3207	517	
3 3207	3208	3209	
3 3328	3208	517	
3 588	3327	3210	
3 3211	3209	635	
3 751	3203	3209	
3 635	3208	3210	
3 588	3210	3208	
3 3212	635	754	
3 3211	792	3213	
3 3212	754	3260	
3 792	3211	3212	
3 3214	3213	792	
3 3213	3214	3215	
3 3217	792	825	
3 3221	3218	843	
3 3219	3215	857	
3 3204	3220	899	
3 658	3206	3216	
3 3495	3206	900	
3 3262	3217	825	
3 3218	3217	843	
3 857	3214	3218	
3 3217	3218	3214	
3 857	3221	3619	
3 3206	899	3219	
3 751	3220	3204	
3 3219	3220	3215	
3 3618	3221	843	
3 940	3619	3221	
3 2773	3222	207	
3 3222	3401	3399	
3 3225	3224	211	
3 3223	3224	2663	
3 3223	211	3224	
3 210	3228	3227	
3 3225	3227	3228	
3 3229	3226	621	
3 566	3224	3226	
3 3230	210	209	
3 3225	211	3227	
3 3233	3231	621	
3 3231	3229	621	
3 3229	651	3232	
3 209	3398	3400	
3 488	3231	3233	
3 621	3228	3233	
3 488	3236	3231	
3 3235	651	622	
3 3238	566	3232	
3 3228	3230	3233	
3 3233	3230	3402	
3 3236	3234	3231	
3 3236	3240	3234	
3 622	2680	3235	
3 3238	2680	487	
3 488	3404	3239	
3 3237	651	3240	
3 3245	3237	665	
3 622	651	3237	
3 2680	3238	3235	
3 2663	3238	487	
3 3239	3243	3242	
3 3241	3237	3240	
3 3236	3239	3240	
3 3237	3241	665	
3 3240	3239	3241	
3 3242	3241	3239	
3 3243	3239	623	
3 3242	3243	3244	
3 3406	623	3405	
3 3244	3243	957	
3 3496	3244	957	
3 3499	3244	971	
3 3499	665	3244	
3 3245	937	3476	
3 3501	3246	926	
3 957	3243	3246	
3 3247	3248	3249	
3 3251	241	240	
3 3248	3251	3252	
3 3248	557	3249	
3 3254	556	3257	
3 3257	3249	557	
3 3325	3327	588	
3 3251	240	3338	
3 3248	3252	557	
3 3251	474	3252	
3 3253	704	3254	
3 3252	474	3253	
3 3255	474	2129	
3 3256	3254	704	
3 3327	3257	556	
3 3258	3255	2129	
3 704	3253	3255	
3 704	3258	3259	
3 3210	3256	754	
3 3249	3257	3250	
3 557	3254	3257	
3 755	3258	2129	
3 3258	793	3259	
3 3260	3259	793	
3 754	3256	3259	
3 3261	3260	793	
3 3212	3260	825	
3 793	2134	3261	
3 3262	2134	826	
3 826	3458	3724	
3 3217	3262	843	
3 2627	3263	223	
3 3264	3263	482	
3 482	481	3264	
3 3269	3271	3272	
3 3267	227	3265	
3 3267	2629	227	
3 3275	3266	562	
3 3266	480	3267	
3 2629	3267	480	
3 225	3271	3269	
3 3268	3269	3270	
3 3268	225	3269	
3 3266	226	3270	
3 3268	3270	226	
3 224	3271	225	
3 3272	3264	481	
3 3264	3272	3271	
3 3273	3272	481	
3 3274	3273	481	
3 3275	480	3266	
3 3276	481	695	
3 3274	746	3277	
3 3273	619	3275	
3 480	3278	389	
3 2647	3276	695	
3 746	3274	3276	
3 3279	3277	746	
3 3280	2635	3278	
3 3275	619	3278	
3 3278	619	3280	
3 746	2654	3279	
3 3620	2654	978	
3 3279	3280	3277	
3 786	2635	3280	
3 3281	3282	3283	
3 3281	3320	3319	
3 3283	3286	561	
3 3319	3282	3281	
3 3285	3283	561	
3 561	3288	3289	
3 3283	230	3284	
3 3285	478	3320	
3 229	2634	3286	
3 3284	229	3286	
3 479	2632	3288	
3 561	3286	3287	
3 2632	618	3288	
3 618	3289	3288	
3 759	3289	618	
3 478	3285	3289	
3 3293	3291	233	
3 3290	3291	3292	
3 3290	233	3291	
3 559	3295	3292	
3 235	3300	3317	
3 232	3297	3296	
3 3293	3296	3297	
3 3298	3294	616	
3 559	3291	3294	
3 3303	559	3294	
3 3300	3316	3317	
3 3301	3297	232	
3 3293	233	3296	
3 3297	3301	3305	
3 3305	616	3297	
3 649	3299	3303	
3 649	617	3299	
3 3310	2115	388	
3 3313	2108	3317	
3 3316	234	3292	
3 231	3319	3318	
3 231	3282	3319	
3 3302	3311	3308	
3 3298	3306	649	
3 649	3303	3298	
3 3299	559	3303	
3 3307	3304	3299	
3 3304	3307	3310	
3 560	3305	3301	
3 3302	616	3305	
3 3302	3308	3306	
3 3314	3309	3312	
3 3299	617	3307	
3 617	2115	3307	
3 3311	3302	560	
3 3312	3309	649	
3 3322	3309	664	
3 617	649	3309	
3 2115	3310	3307	
3 3313	3310	388	
3 3320	3311	560	
3 3321	3311	478	
3 3308	708	3312	
3 3309	3314	664	
3 2109	3313	388	
3 235	3317	2108	
3 3312	708	3314	
3 3315	3314	708	
3 3321	3315	708	
3 3503	3323	3315	
3 477	3316	3295	
3 3316	477	3317	
3 3317	477	3313	
3 560	3301	3319	
3 3301	232	3318	
3 3319	3301	3318	
3 3311	3320	478	
3 560	3319	3320	
3 3289	3321	478	
3 3315	3321	759	
3 3505	664	3323	
3 3322	913	3502	
3 914	3557	3589	
3 664	3315	3323	
3 243	3250	3325	
3 3324	3325	3326	
3 3324	243	3325	
3 588	3328	3326	
3 3330	3331	517	
3 3257	3327	3250	
3 3210	3327	556	
3 3208	3328	588	
3 3329	3331	3330	
3 3330	245	3329	
3 3331	244	3326	
3 3332	3330	517	
3 245	3330	3196	
3 517	3331	3328	
3 3207	3332	517	
3 3332	422	3197	
3 3335	3334	531	
3 3334	55	3333	
3 1981	3334	3333	
3 3336	3335	531	
3 2028	3337	2031	
3 2043	3336	531	
3 438	3336	2037	
3 3336	3337	3335	
3 2029	3337	438	
3 239	3418	3420	
3 3251	3338	558	
3 258	3340	3339	
3 3341	259	3339	
3 3342	3340	1467	
3 3340	344	3341	
3 1970	3341	344	
3 1467	319	3342	
3 3343	3342	319	
3 3344	3343	319	
3 3345	343	1970	
3 3344	319	2059	
3 3154	669	3344	
3 3343	669	3345	
3 3149	3345	669	
3 268	3347	3349	
3 3346	414	3366	
3 3350	3348	267	
3 3347	3348	3349	
3 3347	267	3348	
3 3352	3349	509	
3 3346	268	3349	
3 266	3354	3353	
3 3350	3353	3354	
3 3355	3351	581	
3 509	3348	3351	
3 3359	509	3351	
3 3346	3352	414	
3 266	3103	3354	
3 3350	267	3353	
3 3357	3354	3103	
3 581	3357	3361	
3 632	3356	3359	
3 3368	3356	632	
3 3360	3356	3362	
3 3103	415	3357	
3 415	3358	3361	
3 3361	3355	581	
3 415	3137	3358	
3 632	3359	3355	
3 3356	509	3359	
3 3362	3356	582	
3 3360	3362	3363	
3 415	3361	3357	
3 3358	3355	3361	
3 3373	3362	582	
3 3365	341	3363	
3 3365	3363	3362	
3 3366	3363	341	
3 3367	3137	657	
3 3356	3368	582	
3 3373	3365	3362	
3 341	3365	3118	
3 3115	3366	341	
3 3346	3366	1991	
3 3367	3370	3369	
3 3369	3368	3364	
3 632	3364	3368	
3 3369	3364	3367	
3 3370	3367	657	
3 3369	3372	3374	
3 3493	657	3134	
3 3372	3370	3371	
3 3506	3371	958	
3 3372	3371	928	
3 3375	3373	3374	
3 3369	3370	3372	
3 3374	582	3369	
3 874	3118	3373	
3 3375	3372	928	
3 3373	582	3374	
3 3376	3375	928	
3 874	3373	3375	
3 3565	928	3506	
3 3376	993	3650	
3 3380	3378	274	
3 3377	3378	3379	
3 3377	274	3378	
3 3382	3379	579	
3 3062	275	3379	
3 274	273	3380	
3 3113	3380	273	
3 507	3383	3385	
3 579	3378	3381	
3 3384	3382	579	
3 3062	3382	506	
3 3121	3383	507	
3 656	3383	631	
3 3384	579	3385	
3 3384	656	3386	
3 507	3385	3381	
3 3385	3383	656	
3 656	631	3387	
3 506	3386	3388	
3 3490	3387	667	
3 3388	411	3063	
3 3386	3387	3388	
3 3387	411	3388	
3 127	2596	3390	
3 3389	3390	3391	
3 3389	127	3390	
3 2620	128	3391	
3 3389	3391	128	
3 131	2546	3393	
3 3392	3393	3394	
3 3392	131	3393	
3 3396	3394	548	
3 2759	132	3394	
3 2771	3395	461	
3 548	3393	3395	
3 3397	3396	548	
3 2762	3396	460	
3 2771	3397	548	
3 460	3397	2770	
3 208	3222	3399	
3 3398	3399	3400	
3 3398	208	3399	
3 3402	3400	567	
3 3230	209	3400	
3 3403	3401	489	
3 567	3399	3401	
3 3404	3402	567	
3 3233	3402	488	
3 3405	489	394	
3 3239	3404	623	
3 567	3403	3404	
3 623	3404	3403	
3 3405	394	3406	
3 623	3403	3405	
3 3406	394	3407	
3 3246	3406	926	
3 490	3407	394	
3 624	2862	3407	
3 204	2839	3409	
3 3408	3409	3410	
3 3408	204	3409	
3 3412	3410	568	
3 3161	205	3410	
3 2839	395	3411	
3 2860	3411	395	
3 3413	568	2860	
3 3161	3412	490	
3 624	3413	2860	
3 490	3412	3413	
3 161	2867	3415	
3 3414	3415	3416	
3 3414	161	3415	
3 2946	162	3416	
3 3414	3416	162	
3 2871	3417	2867	
3 2816	3417	450	
3 238	2107	3419	
3 3418	3419	3420	
3 3418	238	3419	
3 3422	3420	615	
3 3338	239	3420	
3 3421	2107	2114	
3 2119	615	3421	
3 2121	3422	615	
3 3338	3422	558	
3 2087	3423	320	
3 1469	3423	347	
3 519	2100	3424	
3 3425	2100	933	
3 3425	933	3507	
3 975	3424	3425	
3 536	2427	3426	
3 3427	2427	935	
3 3427	935	3508	
3 977	3426	3427	
3 1609	3428	803	
3 980	1546	3428	
3 980	3509	3510	
3 1553	3429	832	
3 2450	3430	554	
3 3430	646	2251	
3 1593	1020	3431	
3 3725	3431	1020	
3 565	2684	3432	
3 3433	2684	938	
3 938	3511	3571	
3 979	3432	3433	
3 27	3434	869	
3 3434	870	3622	
3 3512	3435	981	
3 1735	3435	833	
3 838	1788	3436	
3 1021	3436	1788	
3 3624	3437	917	
3 3437	839	3438	
3 3438	820	818	
3 3438	839	3513	
3 3445	3518	3517	
3 3519	3520	3439	
3 3523	3440	1807	
3 3525	3514	3524	
3 1853	1862	3441	
3 1862	3442	3443	
3 3515	1862	880	
3 968	3444	3625	
3 3444	3442	3625	
3 3443	3442	3444	
3 947	3518	3519	
3 3443	3445	879	
3 3445	3444	3516	
3 3445	3516	3518	
3 3526	3446	808	
3 846	1928	3446	
3 866	1953	3447	
3 923	3447	1953	
3 1042	1044	3448	
3 3452	3448	1044	
3 1966	3449	953	
3 3449	969	3450	
3 3450	969	3451	
3 2044	659	3450	
3 969	963	3451	
3 3527	885	2102	
3 3448	3452	859	
3 3453	3452	1044	
3 1044	1045	3453	
3 3628	1045	1032	
3 3628	3454	952	
3 963	969	3454	
3 3529	3455	906	
3 633	2011	3455	
3 932	2102	3456	
3 729	3456	2102	
3 886	3457	2099	
3 933	2100	3457	
3 951	919	3458	
3 3458	919	3724	
3 663	901	3459	
3 3459	901	2247	
3 3629	3460	902	
3 891	936	3460	
3 3715	3461	2268	
3 3534	910	2351	
3 3717	3462	3775	
3 3575	807	3717	
3 3463	910	3575	
3 3463	948	3536	
3 2173	3464	909	
3 3464	731	2249	
3 3535	3465	2354	
3 909	2356	3465	
3 889	3466	2426	
3 935	2427	3466	
3 813	3467	2516	
3 836	2538	3467	
3 2539	916	3468	
3 3607	3736	916	
3 955	2556	3470	
3 3469	970	3471	
3 2556	954	3470	
3 970	3470	954	
3 3471	970	3472	
3 2772	661	3471	
3 970	964	3472	
3 3539	888	2433	
3 3739	861	3737	
3 3473	2554	3739	
3 2635	786	3474	
3 3540	3474	786	
3 2636	817	3475	
3 3475	3557	3503	
3 2680	3476	747	
3 3245	3476	622	
3 3611	3477	2747	
3 3825	3477	1055	
3 3477	3478	2749	
3 988	3873	3542	
3 3541	2821	912	
3 2832	911	3479	
3 1060	1010	3480	
3 3587	2833	842	
3 571	2944	3481	
3 3482	2944	865	
3 3482	865	3545	
3 984	3481	3482	
3 3726	2861	862	
3 3483	3783	3551	
3 2862	3484	863	
3 2859	2863	3484	
3 3486	2968	904	
3 939	2992	3485	
3 3487	3486	904	
3 939	3486	3037	
3 3613	904	2831	
3 3037	3546	897	
3 3642	3488	3547	
3 3642	3644	3488	
3 3547	3489	3040	
3 3488	3039	3489	
3 411	3490	700	
3 3548	3490	667	
3 3118	874	3491	
3 3549	3491	874	
3 922	3647	3648	
3 3648	3647	850	
3 3493	944	3494	
3 3371	657	3493	
3 944	3141	3494	
3 3550	3141	943	
3 3495	900	3660	
3 883	931	3495	
3 3497	3496	957	
3 3498	3496	956	
3 3246	3501	957	
3 3551	3497	3553	
3 3551	3828	956	
3 965	971	3498	
3 3499	971	3500	
3 3245	665	3499	
3 971	965	3500	
3 894	3500	965	
3 3553	3501	926	
3 3497	957	3501	
3 3554	3502	913	
3 2115	3502	744	
3 759	3475	3503	
3 3557	3475	817	
3 3580	3555	3556	
3 3505	913	3322	
3 3323	3504	3505	
3 3505	3504	3556	
3 3558	3506	958	
3 3565	3506	994	
3 3507	933	3826	
3 3661	3507	1061	
3 3508	935	3827	
3 3605	3508	1062	
3 960	3509	1609	
3 3509	991	3510	
3 3510	991	3632	
3 832	3429	3510	
3 938	3610	3663	
3 3511	3750	3609	
3 1787	3512	981	
3 3512	992	3633	
3 3513	839	3634	
3 821	3513	1789	
3 3635	3514	961	
3 3514	3635	3512	
3 3742	3792	3614	
3 3793	3794	3515	
3 3444	968	3516	
3 3520	3521	3439	
3 3517	947	1804	
3 879	3445	3517	
3 3519	3518	3516	
3 947	3517	3518	
3 3520	3519	3516	
3 3519	3439	3523	
3 968	3522	3516	
3 3520	3522	3521	
3 3520	3516	3522	
3 3521	3522	3572	
3 3573	3522	968	
3 3522	3573	3572	
3 3523	3439	3524	
3 947	3523	1807	
3 3525	3524	3439	
3 3514	3440	3524	
3 3521	3525	3439	
3 3514	3525	961	
3 3636	808	834	
3 3526	921	3637	
3 3451	963	3527	
3 3638	3527	963	
3 882	945	3528	
3 3533	3528	945	
3 3529	906	3530	
3 3529	513	3531	
3 3532	3530	906	
3 3159	711	3530	
3 585	3531	513	
3 2006	633	3531	
3 3533	3532	906	
3 3159	3532	796	
3 3528	3533	906	
3 3533	945	3574	
3 3461	807	3534	
3 3575	3534	807	
3 910	3535	2354	
3 3463	3536	3537	
3 3536	948	3714	
3 806	909	3536	
3 3463	3537	3535	
3 3536	909	3537	
3 3746	3639	3538	
3 867	3468	3538	
3 3472	964	3539	
3 3640	3539	964	
3 3751	786	3620	
3 3868	3869	3871	
3 3542	912	3478	
3 3479	3543	2832	
3 988	3542	3478	
3 3543	3542	949	
3 3542	3543	3541	
3 949	2832	3543	
3 2837	3544	2838	
3 3576	3544	3480	
3 3769	1803	3711	
3 3545	3769	3770	
3 3577	3546	3487	
3 3040	897	3546	
3 3641	3547	3040	
3 3547	1058	3642	
3 667	631	3646	
3 3548	667	3578	
3 3376	3549	874	
3 993	3584	3650	
3 995	3559	3561	
3 958	3559	3558	
3 3483	3551	863	
3 956	3828	3552	
3 1013	3779	3916	
3 3498	956	3552	
3 2862	3553	926	
3 3551	3553	863	
3 3554	913	3555	
3 744	3554	2125	
3 913	3505	3556	
3 816	3555	3580	
3 3656	3556	3504	
3 3580	2138	816	
3 817	3540	3581	
3 914	3503	3557	
3 3559	958	3550	
3 3558	3559	3560	
3 3561	3559	3550	
3 3560	3559	995	
3 3653	995	3590	
3 994	3567	3566	
3 943	3562	3550	
3 3562	3561	3550	
3 3722	3781	943	
3 3561	3562	3564	
3 3582	3564	3563	
3 3562	943	3563	
3 3562	3563	3564	
3 3563	1022	3582	
3 3566	3565	994	
3 3376	928	3565	
3 994	3560	3567	
3 3376	3566	993	
3 3653	3567	3560	
3 3566	3568	993	
3 996	3583	3567	
3 3568	3567	3583	
3 3507	775	3569	
3 2307	3569	775	
3 3508	779	3570	
3 2471	3570	779	
3 3511	785	3571	
3 1619	3571	785	
3 1037	3700	3761	
3 3635	3688	992	
3 3831	968	3625	
3 3573	3831	3907	
3 3585	3574	945	
3 796	3586	3160	
3 807	3716	3717	
3 3575	987	3824	
3 3576	3480	3587	
3 2824	3576	842	
3 3645	3487	904	
3 1058	3547	3641	
3 3579	3578	3649	
3 922	3649	3578	
3 3102	3579	1015	
3 972	3548	3579	
3 3556	950	3580	
3 3588	3580	950	
3 3871	3581	3540	
3 3589	3581	3592	
3 3679	3582	1022	
3 3564	3590	995	
3 3591	3654	3583	
3 3584	986	3650	
3 3568	3583	3584	
3 3591	3583	996	
3 3727	3585	945	
3 3730	3784	3785	
3 3585	3586	3574	
3 3729	3586	959	
3 3480	1010	3587	
3 3878	3834	1091	
3 3678	950	3651	
3 962	2138	3588	
3 3592	3581	989	
3 914	3589	3593	
3 3582	3652	3590	
3 3560	995	3653	
3 996	3695	3836	
3 986	3584	3654	
3 3696	989	3655	
3 3656	3504	3593	
3 3589	3592	3593	
3 3682	3696	3655	
3 1607	915	3594	
3 3657	3594	915	
3 1685	801	3595	
3 801	1694	3732	
3 852	3599	3689	
3 3596	3673	3636	
3 3596	3597	1690	
3 834	798	3597	
3 1039	1030	3598	
3 3599	3598	1030	
3 3758	3599	3800	
3 3689	3673	3596	
3 846	3637	3684	
3 1939	3600	3659	
3 3601	3757	3799	
3 966	3727	3733	
3 3678	3694	962	
3 3602	3701	3763	
3 3603	3847	3772	
3 892	2259	3603	
3 2296	2308	3604	
3 775	3604	2308	
3 3508	3605	779	
3 3734	3605	1062	
3 3747	3606	2537	
3 3790	3735	3606	
3 836	3594	3657	
3 3736	3607	1002	
3 860	3735	3790	
3 2613	3737	861	
3 3511	3609	785	
3 3609	1063	3740	
3 3662	3610	895	
3 3663	3511	938	
3 3741	2739	976	
3 3477	3611	1055	
3 3612	942	3613	
3 856	3612	2831	
3 3613	3675	3645	
3 3487	3645	3577	
3 898	3488	3742	
3 880	930	3614	
3 3615	927	3616	
3 3097	3615	3089	
3 3829	3616	927	
3 3830	3616	1067	
3 3101	873	3617	
3 3743	3617	873	
3 3724	843	3262	
3 3685	940	3835	
3 3664	3619	940	
3 3206	3619	900	
3 3665	3620	978	
3 3620	3665	3751	
3 26	3687	3621	
3 3621	3687	3434	
3 3704	870	3702	
3 1000	3622	1025	
3 3744	3623	1021	
3 3745	3623	1065	
3 917	3623	3745	
3 3671	3634	3624	
3 3515	3625	3442	
3 3625	3794	3795	
3 3666	3626	1031	
3 1956	3626	1042	
3 923	3667	3627	
3 3667	3668	3627	
3 3453	3628	952	
3 1032	1051	3833	
3 3908	3629	902	
3 3629	3877	3832	
3 974	3630	2315	
3 1054	3462	3630	
3 3909	3631	1068	
3 1033	3809	3919	
3 991	960	3669	
3 1020	1604	3632	
3 3670	3633	992	
3 1788	3633	1021	
3 839	3624	3634	
3 3671	3624	1003	
3 3572	3672	961	
3 3635	961	3672	
3 3596	3636	834	
3 921	3526	3636	
3 3698	921	3674	
3 3684	3637	3698	
3 3833	963	3628	
3 3712	886	2103	
3 3746	3538	1028	
3 3606	3747	997	
3 3640	3809	3777	
3 3778	3718	3776	
3 3577	1008	3641	
3 1008	3897	3748	
3 3643	3642	1058	
3 3642	3643	3644	
3 3748	1058	3641	
3 1053	3936	3851	
3 3644	3794	3793	
3 3515	880	3792	
3 904	3613	3645	
3 3613	942	3675	
3 631	3121	3647	
3 922	3578	3646	
3 3648	850	3492	
3 922	3646	3647	
3 986	3676	3492	
3 3649	3677	3692	
3 3677	922	3648	
3 1015	3579	3649	
3 3492	3650	986	
3 3650	3549	3376	
3 950	3556	3656	
3 3678	3651	3693	
3 3679	3652	3582	
3 3652	3680	3653	
3 3680	3652	1093	
3 3567	3653	996	
3 3836	4006	3591	
3 3692	1015	3649	
3 3868	3866	3867	
3 950	3697	3651	
3 3696	3593	3592	
3 3682	3656	3696	
3 3431	3725	915	
3 1002	3607	3657	
3 3853	3887	3900	
3 1939	3659	858	
3 3600	3658	3659	
3 3798	3668	3752	
3 3686	900	3664	
3 3601	3660	3757	
3 3604	775	3661	
3 3507	3661	775	
3 3719	3662	895	
3 3910	1138	3814	
3 3610	3662	3663	
3 1018	3663	3662	
3 3685	3664	940	
3 3686	3660	900	
3 3609	3740	978	
3 3815	3740	1063	
3 1040	1042	3666	
3 1924	3667	923	
3 3668	1005	1031	
3 858	3752	3667	
3 3668	3667	3752	
3 1036	3917	3782	
3 1020	3632	3669	
3 3688	3635	3672	
3 1065	3623	3744	
3 3755	1029	3710	
3 918	3753	1801	
3 3672	3761	3700	
3 3762	3688	3700	
3 3596	852	3689	
3 3690	3674	921	
3 3690	921	3673	
3 3912	3674	1118	
3 942	3587	3834	
3 3577	3675	1008	
3 986	3654	3691	
3 922	3677	3649	
3 3648	3676	3677	
3 3691	3677	3676	
3 950	3678	3588	
3 1019	3693	3651	
3 1022	1109	3679	
3 3756	3679	1109	
3 3695	3680	1093	
3 996	3653	3680	
3 3691	3759	3692	
3 986	3691	3676	
3 3682	3655	3697	
3 950	3656	3682	
3 1064	1002	3683	
3 1002	3657	3683	
3 3637	921	3698	
3 3600	3684	3658	
3 3618	3835	940	
3 3835	3618	1006	
3 3664	3685	3686	
3 3757	3685	1014	
3 3765	999	3707	
3 3702	3705	999	
3 3700	3688	3672	
3 3670	992	3688	
3 3599	3758	3689	
3 3690	1118	3674	
3 3673	3689	3690	
3 3690	3689	3758	
3 3654	3681	3691	
3 3801	3854	3888	
3 3677	3691	3692	
3 3759	3691	3681	
3 3913	3693	1019	
3 3693	3701	3694	
3 3678	3693	3694	
3 3701	3693	990	
3 3756	1093	3679	
3 3836	3591	996	
3 3593	3696	3656	
3 3696	3592	989	
3 3869	3870	989	
3 1019	3651	3697	
3 3674	1004	3698	
3 3658	3698	1004	
3 3706	999	3705	
3 3699	3706	3705	
3 3761	3672	3572	
3 3744	3802	3803	
3 3701	990	3763	
3 3602	3694	3701	
3 3703	3702	999	
3 870	3704	3622	
3 3703	3765	3764	
3 3703	3704	3702	
3 1025	3622	3704	
3 3687	26	3705	
3 3699	3705	26	
3 3699	25	3706	
3 25	3837	3707	
3 3707	3806	3765	
3 999	3706	3707	
3 877	3713	3766	
3 876	3708	3767	
3 876	3709	946	
3 3709	967	3768	
3 3858	998	4015	
3 3711	3710	998	
3 3710	3711	868	
3 3770	3769	3711	
3 3638	1011	3712	
3 3771	1011	1080	
3 3772	892	3603	
3 892	3772	3713	
3 3714	948	3773	
3 1059	3714	3774	
3 2267	3715	2268	
3 3716	2317	3462	
3 3716	3462	3717	
3 807	3715	3716	
3 3775	3462	1054	
3 987	3575	3717	
3 3640	3776	888	
3 3718	888	3776	
3 3779	3719	894	
3 3662	3719	1013	
3 3780	1015	3692	
3 3780	3888	3720	
3 973	3102	3721	
3 3720	3721	3102	
3 3722	851	3781	
3 943	3140	3722	
3 851	3722	3723	
3 760	3723	3722	
3 3838	3724	919	
3 843	3724	3618	
3 3725	1020	3782	
3 3683	915	3725	
3 3770	862	3545	
3 3811	3783	3726	
3 945	882	3727	
3 3733	882	2015	
3 3727	3728	3585	
3 966	1070	3728	
3 3730	3729	959	
3 3160	3729	851	
3 3784	959	3728	
3 3730	1038	3787	
3 3788	3731	1024	
3 3598	3731	1039	
3 1000	3732	1697	
3 1024	3595	3732	
3 3733	3601	3839	
3 3727	882	3733	
3 1017	4024	1062	
3 3734	3789	3741	
3 864	3606	3735	
3 3790	3606	997	
3 3736	1002	3914	
3 3538	916	3736	
3 3608	3738	3737	
3 3473	3739	3631	
3 3608	3790	3813	
3 3631	3738	1068	
3 3737	3738	3739	
3 3631	3739	3738	
3 3750	3797	1063	
3 3665	978	3740	
3 3734	3741	976	
3 1055	3611	3741	
3 3488	3644	3742	
3 3742	3793	3792	
3 3830	873	3616	
3 872	3840	1001	
3 3688	3762	3670	
3 3762	3700	3802	
3 3841	3745	1065	
3 1003	3624	3745	
3 3746	3852	3796	
3 3796	3747	3639	
3 2537	3639	3747	
3 3796	3639	3746	
3 3748	3977	3962	
3 1058	3748	3962	
3 3915	3749	1061	
3 3630	3749	1054	
3 3663	1018	3750	
3 3797	3750	1018	
3 1056	3751	3665	
3 3540	786	3751	
3 858	3659	3752	
3 3659	3658	3853	
3 3754	3753	3671	
3 3755	3710	1801	
3 3671	1003	3754	
3 3841	3884	1003	
3 3753	3754	3755	
3 1029	3755	3754	
3 3756	1109	3843	
3 3695	1093	3756	
3 3757	1014	3799	
3 3660	3686	3757	
3 3800	3599	1030	
3 3690	3758	1118	
3 3801	3681	1092	
3 1015	3780	3720	
3 3760	3891	3903	
3 1019	3697	3760	
3 3572	1097	3761	
3 3844	3761	1097	
3 3802	3700	1037	
3 3744	3670	3762	
3 3838	919	3880	
3 951	3763	919	
3 3804	3764	1066	
3 3764	3804	3805	
3 3806	3707	1023	
3 3764	3765	1066	
3 3940	3885	3845	
3 3767	967	3709	
3 3708	3766	3767	
3 3845	3767	3766	
3 3885	3768	967	
3 3846	3768	1096	
3 1803	3769	865	
3 3770	3711	998	
3 3770	998	3811	
3 862	3770	3726	
3 1016	3771	1080	
3 886	3712	3771	
3 3603	1057	3847	
3 3766	3713	3772	
3 3463	3824	948	
3 987	3808	3922	
3 3714	3773	3774	
3 3773	1081	3774	
3 3808	3775	1054	
3 987	3717	3775	
3 3640	3777	3776	
3 3810	3776	3777	
3 3640	964	3809	
3 3778	3776	3810	
3 3810	3777	1012	
3 3778	3818	3827	
3 894	965	3779	
3 3916	965	3552	
3 3692	3759	3780	
3 3801	3759	3681	
3 3787	851	3729	
3 3787	3812	3781	
3 1020	3669	3782	
3 1036	3782	3669	
3 3483	3726	3783	
3 3726	3770	3811	
3 3728	1070	3784	
3 3730	3785	1038	
3 3784	1070	3785	
3 1070	4003	3786	
3 1038	3785	3786	
3 1070	3786	3785	
3 3812	3787	1038	
3 3781	851	3787	
3 3848	1024	1000	
3 1041	3933	3849	
3 3923	1075	1104	
3 3741	3789	1055	
3 3813	3790	997	
3 860	3790	3608	
3 3791	3820	3860	
3 3665	3850	1056	
3 3614	3792	880	
3 3793	3742	3644	
3 3794	3644	1053	
3 3515	3792	3793	
3 3795	3794	1053	
3 3515	3794	3625	
3 3851	3795	1053	
3 3831	3573	968	
3 3852	3746	1028	
3 3813	997	3859	
3 3797	1018	3814	
3 3740	3815	3791	
3 3752	3853	3798	
3 3798	3900	3944	
3 3799	1014	3953	
3 3799	3881	3839	
3 3816	3800	1030	
3 1118	3758	3800	
3 3801	1092	3854	
3 3780	3759	3801	
3 3802	1037	3803	
3 3744	3762	3802	
3 1037	3844	3927	
3 1065	3883	3841	
3 1066	3806	3857	
3 1066	3857	3804	
3 3856	3805	1078	
3 1000	1025	3805	
3 3807	3806	1023	
3 1066	3765	3806	
3 1023	3879	3905	
3 3855	3857	1077	
3 3749	4023	1054	
3 1072	3922	1103	
3 964	954	3919	
3 3809	1033	4004	
3 3817	3810	1012	
3 3778	3810	3818	
3 3858	3811	998	
3 1069	3783	3811	
3 3819	1038	3786	
3 3812	1022	3563	
3 3859	997	3796	
3 1068	3738	3813	
3 3910	3814	1018	
3 4005	3814	1138	
3 1063	3797	3815	
3 3814	3815	3797	
3 3816	1030	3931	
3 1119	3948	3975	
3 1012	4004	4070	
3 3817	1137	3920	
3 3810	3817	3818	
3 3920	3818	3817	
3 3786	1079	3821	
3 1022	3812	3819	
3 3814	1076	3820	
3 3860	3820	1076	
3 3872	3821	1079	
3 1022	3821	1109	
3 3822	1009	3921	
3 841	2253	3822	
3 3542	3873	949	
3 1082	1060	3823	
3 3922	3824	987	
3 3773	948	3824	
3 3923	1055	3789	
3 3965	3873	3939	
3 933	886	3826	
3 3771	3826	886	
3 935	889	3827	
3 3827	889	3778	
3 3551	1069	3828	
3 1034	3828	1069	
3 3874	3829	927	
3 3874	3894	3829	
3 3830	1067	3876	
3 3743	873	3830	
3 3795	1112	3831	
3 3907	3831	1112	
3 3832	3603	2259	
3 3629	3908	3877	
3 1032	3833	3628	
3 1011	3833	1051	
3 3587	1010	3834	
3 1091	3834	1010	
3 3924	3835	1006	
3 3685	3835	3925	
3 3695	1110	3836	
3 3836	1110	4006	
3 3880	919	3763	
3 3837	3879	3707	
3 3618	3838	1006	
3 3601	3799	3839	
3 3799	3918	3881	
3 3743	1027	3840	
3 3882	3840	1027	
3 3883	1065	3803	
3 3884	3842	1003	
3 4016	3842	3884	
3 4092	4015	1029	
3 3893	1109	3872	
3 3843	3893	4017	
3 3946	1097	3907	
3 1037	3927	3803	
3 1052	3845	3766	
3 1052	3940	3845	
3 3928	3846	1096	
3 3669	3846	1036	
3 3886	3847	1057	
3 1052	3772	3847	
3 3856	1000	3805	
3 1041	3788	3848	
3 1039	3788	3849	
3 1041	3849	3788	
3 3740	3850	3665	
3 3791	3860	3862	
3 3936	1053	3643	
3 3937	3851	3963	
3 1028	3914	4021	
3 1068	3947	3909	
3 1004	3887	3658	
3 3853	3658	3887	
3 4008	4010	1092	
3 3901	4018	3889	
3 4034	1077	3996	
3 3938	3855	1142	
3 3856	1078	3938	
3 3848	1000	3856	
3 1077	3857	3807	
3 3855	3804	3857	
3 4015	998	3710	
3 1069	3858	1121	
3 3947	3852	1120	
3 1068	3813	3859	
3 3863	1076	3861	
3 3862	3850	3791	
3 1076	3814	4005	
3 1105	3865	3890	
3 3863	3860	1076	
3 3860	3863	3862	
3 3865	3861	3890	
3 3864	1056	3850	
3 3861	3865	3863	
3 3868	1056	3864	
3 3760	3870	3891	
3 3862	3866	3864	
3 3863	3865	3866	
3 3891	3865	1105	
3 3865	3867	3866	
3 3655	989	3870	
3 3867	3869	3868	
3 1056	3868	3871	
3 3870	3869	3867	
3 3871	3869	989	
3 3891	3870	3867	
3 3655	3870	3760	
3 3581	3871	989	
3 3871	3540	3751	
3 3892	3872	1079	
3 3893	3843	1109	
3 3939	988	3825	
3 1073	3823	3873	
3 973	3874	927	
3 1035	3874	3721	
3 3889	4018	1035	
3 1101	3904	3895	
3 3895	3876	1067	
3 3876	3895	3904	
3 3896	1007	1115	
3 1057	3832	3877	
3 3897	3878	1091	
3 1008	3675	3878	
3 24	3898	3943	
3 3707	3879	1023	
3 4032	3984	3880	
3 3973	3924	3984	
3 4037	4003	1070	
3 966	3839	3881	
3 4103	1027	3904	
3 1027	4103	3882	
3 3803	3927	3959	
3 1100	4016	3884	
3 3841	3883	3884	
3 1100	3884	3883	
3 3941	3885	1111	
3 3768	3885	1096	
3 3896	1057	3877	
3 4047	1131	4057	
3 3899	3887	1004	
3 3899	3900	3887	
3 3801	3888	3780	
3 3889	3888	3854	
3 3901	3889	3854	
3 1035	3720	3889	
3 3861	3902	3890	
3 4085	4019	3903	
3 3865	3891	3867	
3 3891	1105	3903	
3 4038	1079	4003	
3 3892	4038	4072	
3 3872	3892	3893	
3 1117	3893	3892	
3 3874	1035	3894	
3 1035	3875	3894	
3 1067	3875	3895	
3 4084	3875	4018	
3 1107	3896	1115	
3 3886	1057	3896	
3 3942	3897	1091	
3 3748	3897	1116	
3 23	3970	3898	
3 1094	3807	3905	
3 3949	1004	3912	
3 3950	3899	3949	
3 3899	1130	3900	
3 3944	3911	1005	
3 4010	4008	4007	
3 4012	4014	3901	
3 1076	3902	3861	
3 4195	4109	1233	
3 1105	3890	3906	
3 1019	4019	3913	
3 4103	1101	4121	
3 4103	4071	3882	
3 3943	3905	3879	
3 3807	1023	3905	
3 3906	4198	4109	
3 4195	4085	4109	
3 3945	3907	1112	
3 3946	3907	1128	
3 902	941	3908	
3 3908	941	3921	
3 3947	1068	3859	
3 3909	3947	3972	
3 3662	1013	3910	
3 4073	3910	1013	
3 1005	3798	3944	
3 3911	3944	4074	
3 3948	3912	1118	
3 1004	3949	3899	
3 4019	1019	3903	
3 4032	3913	4051	
3 1002	4020	3914	
3 4086	4020	1099	
3 1016	3915	1061	
3 3915	1074	4023	
3 3552	1034	3916	
3 3916	1034	4106	
3 1036	3928	3930	
3 1064	4042	4020	
3 1014	3685	3925	
3 3957	1102	3918	
3 3919	3631	3909	
3 964	3919	3809	
3 1075	4024	4044	
3 3920	4044	4024	
3 1009	1089	3921	
3 3921	1089	1007	
3 1103	3922	3808	
3 1072	3773	3922	
3 1075	3923	3789	
3 3964	3923	1104	
3 3984	1006	3880	
3 3955	3953	3954	
3 3835	3924	3925	
3 3954	3953	3925	
3 3756	3926	3695	
3 4007	1110	4039	
3 3844	3958	3927	
3 1100	3883	3959	
3 1096	3941	3929	
3 3928	3929	3930	
3 1127	1113	3929	
3 3929	1113	3930	
3 1113	4095	4055	
3 3917	1036	3930	
3 3931	1043	3932	
3 1039	3931	1030	
3 1043	3933	3935	
3 3975	3960	1098	
3 3934	3933	1041	
3 3933	3934	3935	
3 3938	3934	1041	
3 1142	1106	3934	
3 3976	3961	3935	
3 1043	3935	3961	
3 3643	1058	3962	
3 3978	3937	3963	
3 1112	3851	3937	
3 3963	3851	3936	
3 3855	3938	1078	
3 3934	3938	1142	
3 3825	3964	3939	
3 3873	3965	1073	
3 3966	1052	3886	
3 1111	3885	3940	
3 3967	3941	1111	
3 3929	3941	1127	
3 3968	1091	1087	
3 3969	3942	1090	
3 3943	3898	3970	
3 3900	1130	3944	
3 4074	3944	1130	
3 1112	3937	3945	
3 3971	3937	1132	
3 3958	1128	1114	
3 3844	1097	3946	
3 3852	3947	3859	
3 3947	1120	3972	
3 3800	3948	1118	
3 3816	3960	3975	
3 3912	1119	3949	
3 3950	3949	1119	
3 3951	3950	1119	
3 3899	3950	3952	
3 3987	1119	3975	
3 4025	3952	3951	
3 3950	3951	3952	
3 4025	3951	1133	
3 1014	3925	3953	
3 3954	3925	3924	
3 3954	3973	3956	
3 3953	3955	3918	
3 3954	3956	3955	
3 3974	3956	1139	
3 3973	3954	3924	
3 3974	3957	3955	
3 3974	3955	3956	
3 3957	3986	3994	
3 3946	3958	3844	
3 4026	3959	3927	
3 3958	4026	3927	
3 4026	3958	1114	
3 3816	3932	3960	
3 3932	1043	3961	
3 3935	1106	3976	
3 3961	3976	3988	
3 3977	3748	1116	
3 3963	3962	1108	
3 3962	3963	3936	
3 3937	3978	1132	
3 3923	3964	3825	
3 3965	3964	1104	
3 3964	3965	3939	
3 4088	4027	3965	
3 1107	3966	3886	
3 3979	1131	3980	
3 3979	3967	1111	
3 3967	3979	3980	
3 3981	1087	1085	
3 1090	3942	3968	
3 3997	3982	3995	
3 1116	3989	3977	
3 23	3983	4031	
3 3943	3970	1094	
3 4075	3971	1132	
3 4078	3971	1136	
3 4190	3972	1120	
3 4004	3972	1150	
3 3924	1006	3984	
3 3973	3984	3993	
3 3985	3974	1139	
3 3986	3974	3985	
3 3975	1098	3987	
3 3816	3975	3948	
3 4191	3976	1106	
3 3960	3988	1098	
3 3989	1116	3969	
3 1108	3962	3977	
3 3963	1108	3978	
3 1108	3989	4002	
3 1111	3966	3979	
3 4028	3966	1107	
3 4029	3980	1131	
3 3980	4029	4030	
3 3990	3981	1085	
3 1090	3968	3981	
3 1132	3978	3991	
3 3995	3969	3997	
3 4050	3983	22	
3 3970	3992	1094	
3 3880	990	4032	
3 4032	4051	3984	
3 3973	3993	1139	
3 4149	3985	1181	
3 4134	3994	1173	
3 3957	3974	3986	
3 3987	1098	4033	
3 3951	1119	3987	
3 4133	3976	4191	
3 1133	3951	4033	
3 3995	3989	3969	
3 1108	3977	3989	
3 1085	1073	4089	
3 3998	3999	3997	
3 3982	4035	4002	
3 4035	4052	3991	
3 3970	4031	3992	
3 3992	1123	3996	
3 3993	4051	4096	
3 3985	1139	3993	
3 4003	4053	4038	
3 3957	3994	1102	
3 3997	3969	1090	
3 3995	3982	4002	
3 1123	4064	4067	
3 1123	4067	3996	
3 3990	3998	1090	
3 3997	1090	3998	
3 1159	4000	3990	
3 3998	4000	3999	
3 3998	3990	4000	
3 3982	3999	4001	
3 4036	4000	1159	
3 4001	1147	4035	
3 3999	4000	4001	
3 4036	4001	4000	
3 4035	3982	4001	
3 1108	4002	3991	
3 4037	1070	3881	
3 4038	4053	1167	
3 3972	4004	1033	
3 4004	1150	4070	
3 4107	4080	1138	
3 3902	1076	4005	
3 4008	1110	4007	
3 3681	4006	1092	
3 4039	1110	3926	
3 4010	4011	3854	
3 1110	4008	4006	
3 4009	4010	4007	
3 4007	1129	4009	
3 4009	4013	4012	
3 4011	4010	4009	
3 3854	1092	4010	
3 4012	4011	4009	
3 3854	4011	3901	
3 4013	4009	1129	
3 4013	4081	4012	
3 4066	4101	1129	
3 4081	4014	4012	
3 4014	4083	4018	
3 1035	4018	3875	
3 4092	3842	4041	
3 3858	4082	1121	
3 4046	1100	3959	
3 4016	4040	4090	
3 4066	4063	4100	
3 4054	4007	4039	
3 3901	4014	4018	
3 4014	1208	4083	
3 4085	3903	3906	
3 1126	3913	4019	
3 1064	4020	1002	
3 4086	4021	3914	
3 4086	3914	4020	
3 4220	4021	1200	
3 1016	1080	4022	
3 4043	1080	1083	
3 4023	1074	4087	
3 1054	4023	3808	
3 1075	3789	4024	
3 1062	4024	3789	
3 4267	4025	1133	
3 4074	4025	1134	
3 4078	4079	1114	
3 3959	4026	4046	
3 4027	1141	4089	
3 1073	3965	4027	
3 1131	3979	4028	
3 3966	4028	3979	
3 4047	4029	1131	
3 4029	4047	4048	
3 4049	4030	1135	
3 1113	1127	4030	
3 4031	3983	4050	
3 990	3913	4032	
3 4051	3913	1126	
3 3976	4133	3988	
3 4033	4133	4192	
3 4034	1172	4316	
3 3855	1077	4034	
3 4052	4035	1147	
3 4002	4035	3991	
3 4231	4246	4199	
3 4036	4193	4062	
3 3881	1102	4037	
3 4053	1102	3994	
3 4053	4003	4037	
3 4072	4038	1167	
3 4017	4063	3843	
3 4007	4054	1129	
3 4040	4091	4090	
3 4016	4090	4041	
3 4093	4092	4041	
3 3842	4016	4041	
3 4055	3917	3930	
3 1099	4020	4042	
3 4135	4043	1083	
3 4043	4135	4087	
3 3920	1137	4044	
3 4120	1137	4070	
3 1149	4150	4136	
3 4026	1114	4045	
3 4026	4045	4046	
3 4046	4045	4136	
3 4057	1131	4028	
3 1156	4047	4058	
3 4059	4048	1156	
3 4048	4059	4060	
3 4060	1135	4048	
3 4138	1148	4152	
3 22	4061	4099	
3 4099	4050	22	
3 4096	4051	1126	
3 3993	3984	4051	
3 4065	1147	4062	
3 4052	1158	4076	
3 1102	4053	4037	
3 1167	4053	3994	
3 4039	4063	4054	
3 4066	1129	4054	
3 1113	4055	3930	
3 1099	4042	4055	
3 4088	4111	4123	
3 1075	4044	4056	
3 1088	4197	4098	
3 4058	1146	4097	
3 4047	4057	4058	
3 4057	1107	4098	
3 4097	4059	1156	
3 4059	4097	4137	
3 4138	4060	1163	
3 4049	1135	4060	
3 4115	4061	21	
3 4050	4064	1123	
3 4036	4062	1147	
3 1158	4065	4069	
3 3843	4063	4039	
3 4116	4017	1117	
3 4050	4099	4064	
3 4129	4132	1143	
3 4068	4065	4062	
3 4065	4068	4069	
3 4100	4063	4017	
3 4162	4101	4066	
3 1143	4067	4064	
3 1172	4034	4067	
3 4062	1164	4068	
3 4173	1165	4221	
3 4068	1165	4069	
3 4108	4077	4069	
3 4102	4070	1150	
3 1137	3817	4070	
3 1125	1145	4104	
3 1026	3882	4071	
3 1167	3994	4134	
3 4072	1167	4105	
3 1013	3916	4106	
3 4107	4073	1151	
3 4025	4074	1130	
3 1134	1046	4074	
3 4076	1132	3991	
3 4075	4076	4077	
3 4052	4076	3991	
3 4077	4076	1158	
3 1158	4069	4077	
3 4108	4069	1165	
3 4079	4078	1136	
3 1114	1128	4078	
3 1136	4077	4108	
3 4045	1114	4079	
3 4280	4080	1170	
3 3902	4080	1152	
3 4013	1129	4118	
3 4013	4118	4081	
3 4082	4015	4092	
3 4082	4093	4094	
3 4140	4083	1208	
3 4084	1101	3895	
3 4018	4083	4084	
3 1101	4084	4083	
3 4085	3906	4109	
3 1126	4019	4085	
3 4110	4086	1099	
3 1200	4021	4086	
3 4043	4087	1074	
3 1103	4141	1140	
3 4111	1104	1075	
3 4088	1104	4111	
3 4089	1141	4112	
3 3990	1085	4089	
3 4091	4040	1205	
3 1204	4041	4090	
3 4229	1205	4113	
3 4091	4229	4194	
3 3842	4092	1029	
3 4041	1204	4093	
3 4093	1204	4094	
3 4082	4092	4093	
3 4194	1204	4091	
3 4236	4217	4218	
3 4171	4095	1148	
3 4095	1201	4110	
3 4195	4096	1126	
3 3993	4196	3985	
3 4261	1146	4197	
3 4097	1162	4137	
3 4057	4098	4058	
3 1115	4098	1107	
3 4099	4061	4115	
3 4116	4100	4017	
3 4125	4130	4116	
3 4162	4066	4146	
3 4268	1226	4117	
3 4119	4102	1150	
3 4102	1171	4120	
3 1101	4103	3904	
3 1125	4071	4103	
3 1145	1095	4104	
3 1095	4071	4104	
3 1180	4142	4105	
3 4116	1117	4125	
3 4122	4106	1034	
3 1151	4073	4106	
3 4143	4107	1151	
3 4080	4107	1170	
3 4153	4139	4108	
3 4079	1136	4108	
3 4198	3906	3902	
3 4109	4198	4230	
3 4095	4110	1099	
3 4110	1201	4144	
3 4056	1153	4111	
3 1153	1210	4123	
3 4123	4112	1141	
3 4199	4112	1210	
3 4317	1205	4150	
3 4113	4317	4200	
3 1225	1162	4114	
3 1162	4097	4114	
3 21	4124	4145	
3 4145	4115	21	
3 1117	4072	4125	
3 4130	4100	4116	
3 4268	4117	4101	
3 4117	1226	4211	
3 4101	4117	4118	
3 4117	4081	4118	
3 4190	1150	3972	
3 4131	1171	4269	
3 4126	4120	1171	
3 4044	4120	4056	
3 4127	4121	1101	
3 4128	4121	4127	
3 1069	4122	1034	
3 4217	4214	1121	
3 1153	4123	4111	
3 4112	4123	1210	
3 20	4160	4124	
3 4145	1168	4129	
3 4142	4125	4105	
3 4175	4130	4155	
3 4131	4126	1171	
3 4056	4126	1153	
3 4083	4127	1101	
3 4201	4127	1219	
3 4128	1161	4202	
3 1125	4121	4128	
3 4115	4145	4129	
3 4147	4132	4129	
3 4155	4125	4142	
3 4100	4146	4066	
3 4269	1171	4119	
3 1178	4270	4131	
3 4148	4132	1189	
3 4067	1143	4132	
3 4192	4133	1184	
3 4033	3988	4133	
3 3985	4149	1173	
3 4105	1167	4134	
3 4203	4135	1083	
3 4135	4203	4207	
3 1149	4136	4045	
3 4040	4136	1205	
3 4210	4137	1162	
3 4137	4210	4151	
3 4167	1163	4151	
3 1148	4095	4152	
3 4079	4108	4139	
3 4153	4108	1165	
3 4140	1208	4117	
3 4127	4140	1219	
3 4087	1166	4141	
3 1166	4209	4212	
3 4154	4142	1180	
3 4142	1179	4155	
3 4213	1151	4122	
3 4216	4143	4215	
3 4158	4144	1201	
3 4144	4158	4159	
3 4145	4124	4160	
3 4161	4130	4175	
3 4130	4161	4146	
3 4163	4147	1168	
3 4147	4163	4177	
3 4164	4148	1189	
3 4067	4148	1172	
3 4165	4149	1181	
3 1180	4134	4149	
3 4166	4150	1149	
3 4317	1206	4200	
3 4137	4151	1163	
3 4273	4168	1185	
3 4095	4049	4152	
3 4060	4152	4049	
3 4173	4153	1165	
3 4180	4166	1149	
3 4165	1180	4149	
3 4154	1183	4174	
3 4175	4155	1179	
3 4130	4125	4155	
3 4213	4122	4214	
3 4216	4157	4143	
3 4282	4284	4271	
3 4245	4280	4281	
3 4170	4172	4171	
3 4158	4172	4187	
3 1203	4219	4159	
3 4219	1175	4241	
3 4182	1187	4178	
3 4182	4163	1168	
3 4272	1199	4295	
3 4296	4162	4272	
3 4161	4162	4146	
3 4268	4162	1220	
3 20	4224	4160	
3 4163	4182	4178	
3 1189	4147	4177	
3 4164	4188	4226	
3 4165	1181	4179	
3 4154	1180	4165	
3 4180	1149	4153	
3 4166	4186	4225	
3 1163	4167	4138	
3 4168	4167	4151	
3 1185	4168	4151	
3 4167	4169	1148	
3 1202	4170	4168	
3 4168	4170	4169	
3 1202	4172	4170	
3 4172	1201	4171	
3 1148	4169	4171	
3 4170	4171	4169	
3 1202	4181	4187	
3 4172	4158	1201	
3 4068	4221	1165	
3 4221	4068	1164	
3 4222	4174	1183	
3 4223	4175	1179	
3 1179	4174	4223	
3 4175	1199	4161	
3 4243	1187	4224	
3 20	4176	4224	
3 4177	1192	4183	
3 1189	4177	4184	
3 4185	4178	1187	
3 1192	4163	4178	
3 1176	4179	1181	
3 1182	1183	4179	
3 4153	4173	4180	
3 4186	4180	4173	
3 1202	4273	4298	
3 4181	4306	4240	
3 4160	4182	1168	
3 4182	4160	4224	
3 4189	1192	4178	
3 4244	1195	4183	
3 4177	4183	4184	
3 4188	4183	1195	
3 1187	4243	4257	
3 4227	4189	4185	
3 4173	1186	4186	
3 4186	1186	4225	
3 1202	4187	4172	
3 1203	4187	4181	
3 4164	4184	4188	
3 4183	4188	4184	
3 4227	4185	1196	
3 1192	4189	4228	
3 4220	4241	1120	
3 4119	1150	4190	
3 1106	1154	4191	
3 4335	4378	4226	
3 4334	4192	1184	
3 4192	4373	4267	
3 4246	4036	1159	
3 4341	4276	4193	
3 4239	4218	4237	
3 4094	1204	4194	
3 4195	1126	4085	
3 4195	1233	4318	
3 4096	1176	4196	
3 1181	4196	1176	
3 4251	1088	1084	
3 1157	4261	4197	
3 3902	1152	4198	
3 4230	4198	1152	
3 4231	4199	1210	
3 4246	1159	4199	
3 1206	4225	4278	
3 4288	4238	4300	
3 4232	4201	1219	
3 4128	4201	1161	
3 1161	4254	4202	
3 1155	1145	4202	
3 4204	1083	1050	
3 4205	4203	4204	
3 1048	4204	1050	
3 4205	4204	1122	
3 4206	4205	1122	
3 1211	4203	4205	
3 1134	4267	4274	
3 4206	1212	4275	
3 4207	1211	4208	
3 4207	4208	4209	
3 4206	4275	1211	
3 4275	4299	4208	
3 4234	4208	1213	
3 4212	4209	1222	
3 4266	1162	1225	
3 4354	1249	4342	
3 4247	4232	4211	
3 1219	4140	4211	
3 1140	4141	4212	
3 1166	4212	4141	
3 4214	4122	1121	
3 4215	4213	4156	
3 4217	1121	4094	
3 4156	4213	4214	
3 4215	4156	4216	
3 1151	4215	4143	
3 4236	4216	4156	
3 4284	4216	1174	
3 4217	4094	4218	
3 4156	4214	4217	
3 4194	4237	4094	
3 1207	4237	4194	
3 4240	4219	1203	
3 4241	4220	4219	
3 1200	4159	4220	
3 4219	4220	4159	
3 4276	4221	1164	
3 4276	4340	4221	
3 1183	1182	4222	
3 1190	4222	1182	
3 4174	1193	4223	
3 4223	1193	4242	
3 4224	4176	4243	
3 4277	4225	1186	
3 1206	4278	4200	
3 4335	4226	1195	
3 4226	1154	4316	
3 4227	4279	4244	
3 1192	4228	4183	
3 4189	4227	4228	
3 4244	4228	4227	
3 1205	4229	4091	
3 1207	4229	4113	
3 1152	4245	4230	
3 4230	4245	4292	
3 4270	1210	1153	
3 4351	4270	1178	
3 4211	4232	1219	
3 4253	4248	4232	
3 4248	1161	4201	
3 4254	4262	4233	
3 4249	4234	1213	
3 1222	4209	4234	
3 4251	4235	1157	
3 1140	4212	4235	
3 4216	4236	1174	
3 4217	4236	4156	
3 1207	4238	4239	
3 4094	4237	4218	
3 4300	1207	4200	
3 4281	4282	1177	
3 1207	4239	4237	
3 1174	4239	4238	
3 4181	4240	1203	
3 4360	4294	1216	
3 4119	4241	1175	
3 1120	4241	4190	
3 1190	4242	1193	
3 4295	4242	1197	
3 4257	1214	4185	
3 4176	19	4243	
3 4279	4227	1196	
3 4244	4320	4375	
3 4245	1152	4280	
3 1177	4286	4292	
3 1221	4246	4231	
3 4036	4246	4193	
3 4324	1220	4313	
3 1232	4247	1230	
3 4253	4232	1232	
3 4202	4254	4233	
3 4255	4249	1213	
3 4249	1223	4250	
3 4249	4250	1222	
3 4250	1223	4256	
3 4197	4251	1157	
3 1140	4251	1084	
3 4303	1214	4293	
3 19	4252	4293	
3 4258	4253	1232	
3 4258	4262	4253	
3 1161	4248	4254	
3 4253	4254	4248	
3 4259	4255	1213	
3 4264	1229	4260	
3 4263	1223	4260	
3 4261	4256	1225	
3 4293	4257	4243	
3 4185	1187	4257	
3 4337	4258	1232	
3 4258	4265	4262	
3 1213	4208	4299	
3 4299	4379	4259	
3 1223	4255	4260	
3 4264	4260	4255	
3 1225	4114	4261	
3 4261	4114	1146	
3 4253	4262	4254	
3 4258	4319	4265	
3 4266	4263	1229	
3 4256	4263	1225	
3 4259	4264	4255	
3 1229	4264	1224	
3 1244	1160	4265	
3 4233	4265	1160	
3 4339	4266	1229	
3 4210	1162	4266	
3 4192	4267	1133	
3 1209	1212	4274	
3 4162	4268	4101	
3 4268	1220	4324	
3 4294	1175	4240	
3 1178	4131	4269	
3 4336	4231	4351	
3 4231	1210	4270	
3 4288	4285	4271	
3 1177	4282	4283	
3 4296	4272	1227	
3 4162	4161	4272	
3 4297	4273	1185	
3 1202	4298	4181	
3 1122	4274	4206	
3 4267	1209	4274	
3 4275	1212	4299	
3 4208	1211	4275	
3 1164	4193	4276	
3 4341	4193	1221	
3 4340	4277	1186	
3 4277	4340	4355	
3 4277	4278	4225	
3 4308	4307	4278	
3 1196	4315	4325	
3 4325	4376	4279	
3 4080	4280	1152	
3 4157	4280	1170	
3 4280	4157	4281	
3 4282	4271	4283	
3 4281	4157	4282	
3 4284	4282	4157	
3 4271	4287	4288	
3 4283	4271	4285	
3 4216	4284	4157	
3 4287	1174	4238	
3 1218	4308	4289	
3 1218	4289	4285	
3 4286	4302	4292	
3 4292	1233	4230	
3 4288	4287	4238	
3 4271	4284	4287	
3 4238	1207	4300	
3 4285	4288	1218	
3 4291	4301	1243	
3 4283	4290	4286	
3 4285	4289	4290	
3 4291	4290	4289	
3 4301	4291	4289	
3 4302	4291	1243	
3 1177	4292	4245	
3 4286	4291	4302	
3 4293	4252	4303	
3 1216	4294	4240	
3 1178	4269	4294	
3 4242	4295	1199	
3 4295	1197	4304	
3 4305	4296	1227	
3 4162	4296	1220	
3 4342	1185	4210	
3 4361	4297	1249	
3 4297	4298	4273	
3 4306	1216	4240	
3 4374	4299	1212	
3 4379	4338	4366	
3 4200	4278	4300	
3 4288	4307	1218	
3 4289	1256	4301	
3 4309	4301	1256	
3 4321	4350	4330	
3 4328	4321	4330	
3 18	4310	4323	
3 4252	18	4303	
3 4311	4304	1197	
3 4312	1235	4305	
3 4312	1227	4304	
3 4305	1235	4313	
3 4298	1215	4306	
3 4322	1251	4347	
3 4300	4278	4307	
3 4308	4278	1217	
3 4343	4308	1217	
3 4289	4308	1256	
3 4357	1256	4343	
3 4350	4382	1238	
3 17	4327	4310	
3 4323	1234	4314	
3 4344	1197	1190	
3 4345	4311	1242	
3 4304	1236	4312	
3 4312	1236	4346	
3 1235	1230	4313	
3 4324	1230	4247	
3 4303	4323	4314	
3 4315	1196	4185	
3 4314	1234	4315	
3 4331	4332	1234	
3 4226	4316	1172	
3 1142	4316	1154	
3 1205	4317	4113	
3 4166	4317	4150	
3 1233	4292	4321	
3 4179	4326	1182	
3 4337	4319	4258	
3 1245	1240	4319	
3 4335	4375	4400	
3 4244	4279	4320	
3 1243	4350	4302	
3 4318	4328	4326	
3 4306	1215	4322	
3 4348	4322	1215	
3 4323	4310	4327	
3 4324	1226	4268	
3 1230	4324	4313	
3 4332	4315	1234	
3 4376	1274	4320	
3 1176	4318	4326	
3 4318	1233	4328	
3 17	4329	4349	
3 4349	4327	17	
3 4302	4350	4321	
3 1182	4326	4328	
3 16	4363	4329	
3 4349	1241	4331	
3 4377	4330	1238	
3 1182	4328	4330	
3 4327	4349	4331	
3 4370	4372	1241	
3 1241	4332	4331	
3 1254	4325	4332	
3 4418	4333	1246	
3 4333	4418	4334	
3 4333	4334	1184	
3 4386	4373	4334	
3 4375	1195	4244	
3 4333	4335	1246	
3 1221	4231	4336	
3 4351	4231	4270	
3 4352	1232	1230	
3 4319	4337	1245	
3 1228	4390	4371	
3 4367	4353	4366	
3 1224	4339	1229	
3 1249	4354	1231	
3 4340	1261	4355	
3 4221	4340	1186	
3 4380	4341	1221	
3 4341	4380	4381	
3 4210	4266	4354	
3 1249	4297	4342	
3 4356	4343	1217	
3 4343	4356	4357	
3 4344	1190	4377	
3 1242	4311	4344	
3 4419	4345	1242	
3 4358	1237	4346	
3 4358	4346	1236	
3 4359	4346	1237	
3 1251	1239	4347	
3 4336	4351	4364	
3 1215	4297	4361	
3 4348	4361	4362	
3 4349	4329	4363	
3 4382	1243	4309	
3 1238	4330	4350	
3 4360	4351	1178	
3 4364	1239	4336	
3 4359	4352	1230	
3 4352	4359	4365	
3 4366	1224	4259	
3 4353	1224	4366	
3 1231	4354	4339	
3 4342	4210	4354	
3 1261	1248	4355	
3 4420	4356	4355	
3 4277	4356	1217	
3 4420	4355	1248	
3 4357	1257	4421	
3 4309	1256	4357	
3 4345	4419	4450	
3 4358	4450	4458	
3 4359	1237	4365	
3 1230	1235	4359	
3 1216	4347	4360	
3 4347	1239	4364	
3 4422	1249	1264	
3 4362	4361	1252	
3 4423	4362	1252	
3 4410	4409	1253	
3 16	4368	4383	
3 4383	4363	16	
3 4351	4360	4364	
3 4347	4364	4360	
3 4397	4365	1237	
3 4398	4365	4397	
3 4338	4369	4366	
3 4366	4369	4367	
3 1250	1264	4367	
3 1264	1231	4367	
3 4368	15	4387	
3 4383	1255	4370	
3 4371	4369	4338	
3 4367	4369	1250	
3 4363	4383	4370	
3 4384	4372	4370	
3 1228	4371	4338	
3 4399	4371	1280	
3 4385	4372	1265	
3 4332	1241	4372	
3 4192	4334	4373	
3 4386	4334	1260	
3 1212	1209	4374	
3 4389	1209	4386	
3 1274	4375	4320	
3 4335	1195	4375	
3 4325	1254	4376	
3 1254	4415	4401	
3 1238	4402	4377	
3 1182	4377	1190	
3 4335	4333	4378	
3 4333	4191	4378	
3 4374	4379	4299	
3 1228	4338	4379	
3 1221	4336	4380	
3 1239	4380	4336	
3 4404	4381	1262	
3 1248	1261	4381	
3 4309	1258	4382	
3 1258	4440	4424	
3 4383	4368	4387	
3 4388	4384	1255	
3 4384	4388	4392	
3 4407	1265	4394	
3 4332	4385	1254	
3 1260	4457	4390	
3 4389	1228	4374	
3 15	4391	4405	
3 4383	4387	1255	
3 15	4405	4387	
3 4395	4388	4393	
3 1209	4389	4374	
3 4390	4389	4386	
3 1260	4390	4386	
3 4371	4390	1280	
3 1266	4405	4412	
3 1266	4395	4393	
3 4392	4406	4394	
3 1270	4406	4392	
3 4405	4393	4387	
3 4388	1255	4393	
3 4415	4407	4394	
3 1265	4392	4394	
3 4396	4395	1266	
3 1270	4388	4395	
3 1266	4412	4417	
3 4396	1278	4413	
3 1237	4358	4458	
3 1282	4482	4495	
3 4398	1259	4425	
3 1245	4365	4398	
3 4480	4399	1280	
3 4399	4494	4481	
3 4375	1274	4400	
3 4401	4426	1274	
3 1274	4376	4401	
3 1254	4401	4376	
3 4424	4402	1238	
3 4402	4424	4427	
3 4409	4403	1239	
3 4403	4409	4410	
3 4410	1262	4403	
3 4411	4404	1267	
3 4405	4391	4412	
3 4413	4406	1270	
3 4394	4414	1269	
3 1265	4407	4385	
3 4394	1269	4415	
3 1246	4400	4408	
3 1274	4408	4400	
3 1251	4409	1239	
3 1253	4409	4362	
3 4410	1253	4428	
3 4404	1262	4410	
3 4437	4490	4459	
3 4356	4420	1257	
3 14	4416	4432	
3 4391	14	4412	
3 4396	4413	1270	
3 4429	4413	1278	
3 4413	4414	4406	
3 4430	4414	1290	
3 4431	4415	1269	
3 4415	1283	4401	
3 13	4483	4416	
3 4396	4433	1278	
3 4432	4417	4412	
3 4396	1266	4417	
3 4408	4435	1246	
3 4418	1246	4435	
3 4427	1242	4402	
3 4436	4419	1291	
3 1248	4411	4420	
3 4437	4420	4411	
3 1257	4437	4451	
3 1258	4421	4438	
3 1307	4422	1264	
3 1252	4361	4422	
3 4439	4423	1252	
3 4428	4423	1295	
3 1238	4382	4424	
3 1258	4424	4382	
3 4482	4425	1259	
3 1273	1240	4425	
3 4445	1283	4431	
3 4408	4426	1284	
3 4427	1279	4441	
3 4419	1242	4427	
3 4423	4428	1253	
3 4462	1289	4477	
3 4446	1278	4434	
3 4429	4446	4443	
3 4443	1290	4429	
3 4444	1296	1285	
3 4444	1269	4430	
3 4431	4444	4445	
3 4432	4416	4483	
3 4417	1275	4433	
3 1275	4485	4434	
3 1278	4433	4434	
3 1275	4434	4433	
3 4447	4408	1284	
3 4418	4448	1260	
3 4455	4449	1291	
3 4436	1272	4450	
3 1267	4490	4411	
3 4451	4459	4452	
3 4451	4421	1257	
3 4460	4452	1281	
3 4422	4439	1252	
3 4453	4439	1307	
3 1258	4438	4440	
3 1292	4440	4438	
3 4454	4441	1279	
3 4455	4441	1298	
3 4526	4442	1289	
3 4490	4442	1348	
3 4487	4489	1306	
3 4430	1290	4443	
3 1296	4444	4430	
3 4445	4444	1285	
3 4529	4503	1285	
3 4426	1283	4445	
3 4487	4434	1294	
3 4443	4446	1306	
3 4456	4447	1284	
3 4448	4447	1293	
3 4447	4448	4435	
3 4457	1280	4390	
3 4472	4449	1300	
3 1272	4449	1301	
3 4458	4450	1272	
3 4345	4450	4358	
3 4451	4437	4459	
3 4438	4421	4451	
3 1292	4438	4452	
3 4451	4452	4438	
3 4453	1307	4461	
3 4477	1289	4442	
3 4463	4454	1292	
3 4441	4454	1298	
3 4464	4455	1298	
3 4449	4455	1300	
3 4503	1284	4445	
3 4498	4456	1315	
3 4448	1293	4457	
3 4493	4480	1280	
3 1305	4458	1272	
3 1237	4458	4397	
3 4437	4411	4490	
3 4459	4490	4504	
3 4491	4460	1281	
3 4465	1298	4470	
3 1307	1264	4506	
3 4461	4506	4502	
3 1295	4453	4462	
3 4478	4453	4461	
3 1292	4460	4463	
3 4470	4460	1299	
3 4465	4464	1298	
3 4464	4465	4466	
3 4463	4470	1298	
3 4465	4470	4467	
3 4466	1302	4476	
3 4472	4469	1297	
3 4473	1299	4471	
3 1302	4465	4467	
3 4473	1302	4467	
3 1303	4474	4507	
3 1300	4466	4469	
3 4468	4469	4466	
3 4460	4470	4463	
3 1299	4467	4470	
3 4471	1299	4491	
3 4468	4476	4475	
3 4474	4472	1297	
3 4472	1301	4449	
3 4475	4473	4471	
3 4466	4476	4468	
3 4507	1297	4492	
3 1305	4474	1303	
3 4471	1304	4475	
3 4508	4492	4475	
3 1302	4473	4476	
3 4475	4476	4473	
3 4428	4477	4442	
3 1295	4462	4477	
3 4461	1334	4478	
3 4478	1334	4527	
3 4458	4479	4397	
3 1305	1316	4479	
3 4493	1280	4457	
3 4494	4480	1314	
3 4481	1277	4506	
3 1264	1250	4481	
3 4495	1259	4479	
3 4482	1282	4496	
3 13	4484	4497	
3 4432	4483	1275	
3 12	4512	4484	
3 4483	4485	1275	
3 4483	4497	4485	
3 1294	4485	1286	
3 4528	4486	1349	
3 1296	4443	4486	
3 4488	4487	1294	
3 4487	4488	4489	
3 4515	4488	1294	
3 4525	4488	1317	
3 4488	1309	4489	
3 1349	4489	1309	
3 4442	4490	1267	
3 4504	4490	1348	
3 4504	1281	4459	
3 4491	1308	4505	
3 4468	4475	4492	
3 4508	4475	1304	
3 1293	4456	4498	
3 1314	4480	4493	
3 4500	1314	4499	
3 4494	1277	4481	
3 4479	1316	4495	
3 4495	1316	4511	
3 1282	1271	4496	
3 1247	4496	1271	
3 4497	4484	4512	
3 4529	4552	1315	
3 4559	4498	4555	
3 4559	1314	4498	
3 1277	4500	4502	
3 1314	4500	4494	
3 4500	4499	4501	
3 4499	1320	4501	
3 1340	4556	4539	
3 4501	1334	4502	
3 4461	4502	1334	
3 1285	4503	4445	
3 1315	4456	4503	
3 4504	1348	4530	
3 4491	1281	4504	
3 4531	4509	1304	
3 1304	4471	4505	
3 4502	4506	1277	
3 1307	4506	4461	
3 4492	1337	4507	
3 1337	4564	4546	
3 1304	4505	4531	
3 4508	1304	4509	
3 4560	4532	4509	
3 4508	4510	4492	
3 4532	4510	4509	
3 1337	4492	4510	
3 4516	4511	1316	
3 4517	1324	1311	
3 12	4513	4518	
3 4497	4512	1286	
3 1310	4518	4533	
3 4512	4514	1286	
3 4512	4518	4514	
3 4514	4519	4515	
3 4488	4515	1317	
3 1294	1286	4515	
3 1316	1322	4516	
3 4520	4516	1322	
3 4517	1311	1318	
3 1282	4511	4517	
3 4518	4513	4533	
3 4521	4519	1310	
3 1317	4515	4519	
3 4535	4520	1322	
3 4536	1323	1342	
3 4522	4521	1310	
3 4521	1343	4523	
3 4533	4522	1310	
3 1335	1345	4537	
3 4524	1343	1341	
3 1317	4523	4525	
3 4538	4524	1341	
3 4525	1309	4488	
3 4523	4524	4525	
3 4547	4524	4538	
3 4527	4526	1289	
3 1348	4543	4530	
3 4539	4527	1334	
3 1340	4565	4556	
3 4540	4528	1349	
3 1296	4541	1285	
3 4548	1285	4541	
3 4559	1320	4499	
3 4543	1348	4526	
3 4530	4543	4557	
3 4566	4531	1308	
3 1308	4557	4566	
3 4509	4544	4560	
3 4568	4575	4532	
3 11	4534	4545	
3 4513	11	4533	
3 4561	4534	10	
3 4545	4522	4533	
3 1322	1303	4535	
3 4546	4535	1303	
3 4536	4520	4535	
3 1342	1327	4536	
3 1345	1343	4537	
3 1343	4522	4537	
3 1359	4538	1341	
3 4558	1349	1309	
3 4501	1320	4539	
3 4571	4601	1320	
3 4558	4540	1349	
3 4580	4551	1321	
3 4540	4541	4528	
3 4549	4548	4541	
3 4548	4529	1285	
3 4550	4553	4542	
3 4556	4543	4526	
3 1340	4569	4565	
3 4544	1352	4560	
3 4509	4531	4544	
3 4545	4534	4561	
3 1303	4507	4546	
3 1337	4546	4507	
3 4524	4547	4525	
3 4558	4547	4538	
3 4549	4541	1321	
3 4550	4542	4552	
3 4551	4549	1321	
3 4551	4542	4553	
3 4529	4548	4550	
3 4549	4550	4548	
3 1321	4570	4580	
3 1369	4542	4551	
3 4554	4552	4542	
3 4552	4554	4555	
3 4550	4549	4553	
3 4549	4551	4553	
3 4542	1369	4554	
3 1320	4559	4571	
3 4559	4555	4554	
3 4498	1315	4555	
3 4526	4527	4556	
3 4539	4556	4527	
3 4565	4543	4556	
3 4544	4566	1352	
3 4538	1350	4558	
3 4540	4558	1350	
3 4559	4554	4571	
3 4559	4499	1314	
3 4577	1352	4566	
3 4575	4568	1370	
3 10	4562	4572	
3 4572	4561	10	
3 4573	1346	4572	
3 4572	1346	4563	
3 4561	4572	4563	
3 4563	1346	4598	
3 4575	4564	1337	
3 1323	4592	1342	
3 4569	4566	4557	
3 4557	4543	4565	
3 4531	4566	4544	
3 4569	4557	4565	
3 4568	4576	1370	
3 4560	1352	4567	
3 4532	4560	4568	
3 4567	4568	4560	
3 1340	4591	4579	
3 4566	4569	4577	
3 4540	1350	4570	
3 4604	4570	1350	
3 4554	1369	4571	
3 4608	4601	4571	
3 4572	4562	4573	
3 4562	9	4573	
3 4574	4573	9	
3 4582	4574	1358	
3 1346	4573	4574	
3 4593	4575	1370	
3 4564	4575	1353	
3 4567	1382	4576	
3 4615	4594	4576	
3 4569	1340	4579	
3 4567	1352	4578	
3 4577	4569	4579	
3 4567	4578	4583	
3 4589	1383	1376	
3 4577	4579	4584	
3 1374	4585	4570	
3 4580	4570	4585	
3 4581	8	1358	
3 4574	4581	1358	
3 4587	1358	1365	
3 4582	1364	4588	
3 4577	4584	4578	
3 4583	4584	4589	
3 4589	4584	4579	
3 4583	4578	4584	
3 4585	4590	4586	
3 4580	4585	4586	
3 4590	4585	1374	
3 4586	4590	4600	
3 4587	4614	4596	
3 4595	4588	1364	
3 4598	1347	1345	
3 1383	4589	4579	
3 4583	4599	1382	
3 4605	4590	1374	
3 4586	4600	1369	
3 4579	4591	1383	
3 1340	4539	4591	
3 4564	1353	4592	
3 4602	1344	1339	
3 4593	1370	4594	
3 4593	4616	4606	
3 1386	1377	4616	
3 1370	4576	4594	
3 4596	4595	1364	
3 4595	4596	4597	
3 4587	4596	1364	
3 1360	4637	4626	
3 4596	1360	4597	
3 4597	1360	4612	
3 1346	4588	4598	
3 4598	4588	4595	
3 4589	1376	4599	
3 1376	4633	4603	
3 4607	4600	4590	
3 4600	4617	4608	
3 4608	4571	1369	
3 1383	4591	4601	
3 4592	1353	4602	
3 4611	1353	4606	
3 1382	4599	4603	
3 1376	4603	4599	
3 4609	1350	1359	
3 4610	4604	1361	
3 4610	1374	4604	
3 4605	4618	4607	
3 4632	4619	4606	
3 4602	4611	1344	
3 4590	4605	4607	
3 4618	4605	1381	
3 1369	4600	4608	
3 4607	4617	4600	
3 4612	4609	1359	
3 1361	4604	4609	
3 4613	4610	1361	
3 4605	1374	4610	
3 1353	4611	4602	
3 4619	4611	4606	
3 4597	4612	1359	
3 4612	1360	4620	
3 4620	4613	1361	
3 4613	4620	4646	
3 1365	1372	4614	
3 1391	4614	1372	
3 1382	4603	4615	
3 4621	4615	4603	
3 4606	4616	1377	
3 4593	4594	4616	
3 4622	4617	1387	
3 1383	4608	4617	
3 4631	4618	1381	
3 1387	4607	4618	
3 4632	4606	1377	
3 4624	4623	4619	
3 4626	4620	1360	
3 4620	1375	4646	
3 4603	1385	4621	
3 4636	4621	1385	
3 4618	4634	1387	
3 1383	4622	1376	
3 4624	4619	1388	
3 4625	4623	4624	
3 4632	4639	1388	
3 4625	4624	1357	
3 4625	1357	4628	
3 1344	4623	4625	
3 4637	1360	4596	
3 4626	4637	4642	
3 4630	4627	1395	
3 1357	4624	4627	
3 4628	1357	4629	
3 1332	1333	4628	
3 4630	4629	1357	
3 1367	1363	4629	
3 4627	4630	1357	
3 1395	1368	4630	
3 1381	4646	4648	
3 4633	4634	4635	
3 4638	4632	1377	
3 4632	4638	4639	
3 1394	1385	4633	
3 4603	4633	1385	
3 4635	4634	4631	
3 4622	4634	4633	
3 4631	1394	4635	
3 1394	4633	4635	
3 4640	4636	1385	
3 4636	1392	4641	
3 4614	4637	4596	
3 4642	4637	1380	
3 4641	4638	1377	
3 4652	1392	4645	
3 4653	1397	4652	
3 1388	4639	4650	
3 1394	4640	1385	
3 4644	4643	4640	
3 4638	4641	1392	
3 1377	1386	4641	
3 1380	1400	4642	
3 4676	4666	1400	
3 4644	4640	1407	
3 4643	4644	4645	
3 4651	4644	1407	
3 4645	4644	1411	
3 4645	4653	4652	
3 4638	4652	1397	
3 4647	4646	1375	
3 4646	4647	4648	
3 4658	4647	1375	
3 4647	4658	4659	
3 1406	4648	4647	
3 4631	1381	4648	
3 4649	4662	4655	
3 4627	4650	1395	
3 4639	4649	4650	
3 4655	4650	4649	
3 4661	4651	1407	
3 1411	4664	4656	
3 1392	4652	4638	
3 4653	4645	1411	
3 4653	1411	4656	
3 4649	1397	4653	
3 4648	1406	4654	
3 4660	4667	1406	
3 4649	4656	4662	
3 4663	4655	4669	
3 4664	1411	4651	
3 4664	4682	4684	
3 4657	1413	4665	
3 1394	4654	4657	
3 1375	4642	4658	
3 4666	4642	1400	
3 4658	1412	4659	
3 4687	4660	4659	
3 4660	4677	4667	
3 4657	4667	1413	
3 1407	4665	4675	
3 4668	4661	1420	
3 4662	4688	4669	
3 4655	4662	4669	
3 4663	1402	4670	
3 1395	4655	4663	
3 4679	4661	4668	
3 4679	4682	4664	
3 4665	1413	4675	
3 4640	4665	1407	
3 1412	4658	4666	
3 4642	4666	4658	
3 4667	4657	4654	
3 4677	4660	1418	
3 4681	1420	4678	
3 4679	4668	1416	
3 4688	4662	1417	
3 4689	4672	1402	
3 4671	4670	1402	
3 1384	1368	4670	
3 1402	4672	4673	
3 1384	4671	1393	
3 4689	1402	4669	
3 1433	4700	4690	
3 4672	1399	4673	
3 4674	4673	1399	
3 1404	4674	1399	
3 1389	1393	4674	
3 4680	1413	4677	
3 4661	4675	1420	
3 4709	1400	1403	
3 4705	4694	4699	
3 4678	1420	4692	
3 4680	4675	1413	
3 4680	1420	4675	
3 4683	4681	4678	
3 4682	4679	1416	
3 4651	4679	4664	
3 4691	4677	1418	
3 1420	4680	4692	
3 1420	4681	4668	
3 4683	4678	1425	
3 4681	4686	1416	
3 4656	4684	1417	
3 4697	4683	1425	
3 4685	4682	1416	
3 4684	4682	4685	
3 4710	1440	4716	
3 4693	4685	4686	
3 4693	4698	4685	
3 4693	4686	4683	
3 4685	1416	4686	
3 4676	4694	1412	
3 4687	1412	4694	
3 4688	1417	4710	
3 4688	4690	4689	
3 4669	4688	4689	
3 4690	4688	1433	
3 4711	4695	1433	
3 4672	4689	4690	
3 4705	1418	4687	
3 4691	4708	4696	
3 4680	4691	4692	
3 4678	4696	1425	
3 4697	4693	4683	
3 4693	4697	4698	
3 1421	4699	4676	
3 4694	4676	4699	
3 4695	4703	4701	
3 4690	4700	4672	
3 4692	4691	4696	
3 4708	4691	1443	
3 4737	1425	4708	
3 4736	1450	4738	
3 4712	4698	1444	
3 4715	4712	1440	
3 1421	4702	4699	
3 4687	4694	4705	
3 4701	4700	4695	
3 1399	4672	4700	
3 4703	4695	1422	
3 4701	4703	4707	
3 4723	1421	4719	
3 1443	4691	4705	
3 4703	1422	4706	
3 4706	4707	4703	
3 1404	4704	1409	
3 1399	4701	4704	
3 1443	4705	4702	
3 4691	1418	4705	
3 4713	4706	1422	
3 1428	1414	4706	
3 4707	4704	4701	
3 1414	4707	4706	
3 4708	4745	4741	
3 4741	1448	4737	
3 4714	4709	1403	
3 1421	4676	4709	
3 1417	4684	4710	
3 4684	4685	4715	
3 4716	4711	1433	
3 4711	1439	4717	
3 4738	4712	1444	
3 4712	1447	4739	
3 4717	1422	4711	
3 1428	4713	1430	
3 1410	4714	1403	
3 4714	1426	4719	
3 4712	4715	4698	
3 4684	4715	4710	
3 4688	4716	1433	
3 4731	4716	1440	
3 1439	1434	4720	
3 4713	1422	4717	
3 1410	1419	4718	
3 4721	1419	1431	
3 4722	4719	1426	
3 4719	4722	4723	
3 4740	4734	1434	
3 1430	4717	4720	
3 4724	4721	1431	
3 1426	4718	4721	
3 4728	1426	4721	
3 4722	4728	4725	
3 4726	4723	1438	
3 4702	1421	4723	
3 1424	4724	1431	
3 4724	1432	4728	
3 4729	1432	4727	
3 4725	1432	4729	
3 4726	1438	4730	
3 1443	4702	4726	
3 4725	4728	1432	
3 4724	4727	1432	
3 4722	1426	4728	
3 4735	4729	1415	
3 4730	1437	4726	
3 4725	4729	4730	
3 4735	1415	4733	
3 4712	4731	1440	
3 4731	4712	4739	
3 4732	1408	4734	
3 4732	4734	4740	
3 4730	4735	1437	
3 1408	4720	4734	
3 4729	4735	4730	
3 4742	4733	1401	
3 4697	1425	4737	
3 4757	4736	1448	
3 4741	4737	4708	
3 1448	4736	4737	
3 4736	4738	1444	
3 4743	4738	1450	
3 4744	4739	1447	
3 4740	1398	4732	
3 1434	4739	4740	
3 4740	4739	4744	
3 4745	4708	1443	
3 4741	1449	4748	
3 1451	4750	4749	
3 4742	4747	4746	
3 4751	4743	1450	
3 4744	4743	1454	
3 4743	4744	1447	
3 4752	4744	1454	
3 1443	1437	4745	
3 4746	1437	4742	
3 1449	4745	4746	
3 1437	4746	4745	
3 4742	1401	4747	
3 4762	1401	1455	
3 4749	4748	1449	
3 4748	4749	4750	
3 1449	4747	4749	
3 4747	1451	4749	
3 4753	1451	1445	
3 1452	4755	4757	
3 1450	4755	4751	
3 1452	4758	4755	
3 314	4753	1445	
3 1454	1453	4752	
3 4754	4753	1452	
3 1448	4750	4754	
3 4753	4754	4750	
3 4755	1450	4757	
3 1452	4759	4758	
3 4758	4751	4755	
3 1446	1457	4756	
3 4736	4757	1450	
3 4754	4757	1448	
3 1446	4756	4758	
3 4751	4758	4756	
3 4753	4759	1452	
3 4760	4759	314	
3 314	1442	4760	
3 4761	1442	1436	
3 1459	4761	1436	
3 1446	4760	4761	
3 4762	1455	4763	
3 1451	4747	4762	
3 312	4763	1455	
3 1435	1445	4763	
CELL_TYPES 8996
5
5
5
5
5
5
5
5
5
5
5
5
5
5
5
5
5
5
5
5
5
5
5
5
5
5
5
5
5
5
5
5
5
5
5
5
5
5
5
5
5
5
5
5
5
5
5
5
5
5
5
5
5
5
5
5
5
5
5
5
5
5
5
5
5
5
5
5
5
5
5
5
5
5
5
5
5
5
5
5
5
5
5
5
5
5
5
5
5
5
5
5
5
5
5
5
5
5
5
5
5
5
5
5
5
5
5
5
5
5
5
5
5
5
5
5
5
5
5
5
5
5
5
5
5
5
5
5
5
5
5
5
5
5
5
5
5
5
5
5
5
5
5
5
5
5
5
5
5
5
5
5
5
5
5
5
5
5
5
5
5
5
5
5
5
5
5
5
5
5
5
5
5
5
5
5
5
5
5
5
5
5
5
5
5
5
5
5
5
5
5
5
5
5
5
5
5
5
5
5
5
5
5
5
5
5
5
5
5
5
5
5
5
5
5
5
5
5
5
5
5
5
5
5
5
5
5
5
5
5
5
5
5
5
5
5
5
5
5
5
5
5
5
5
5
5
5
5
5
5
5
5
5
5
5
5
5
5
5
5
5
5
5
5
5
5
5
5
5
5
5
5
5
5
5
5
5
5
5
5
5
5
5
5
5
5
5
5
5
5
5
5
5
5
5
5
5
5
5
5
5
5
5
5
5
5
5
5
5
5
5
5
5
5
5
5
5
5
5
5
5
5
5
5
5
5
5
5
5
5
5
5
5
5
5
5
5
5
5
5
5
5
5
5
5
5
5
5
5
5
5
5
5
5
5
5
5
5
5
5
5
5
5
5
5
5
5
5
5
5
5
5
5
5
5
5
5
5
5
5
5
5
5
5
5
5
5
5
5
5
5
5
5
5
5
5
5
5
5
5
5
5
5
5
5
5
5
5
5
5
5
5
5
5
5
5
5
5
5
5
5
5
5
5
5
5
5
5
5
5
5
5
5
5
5
5
5
5
5
5
5
5
5
5
5
5
5
5
5
5
5
5
5
5
5
5
5
5
5
5
5
5
5
5
5
5
5
5
5
5
5
5
5
5
5
5
5
5
5
5
5
5
5
5
5
5
5
5
5
5
5
5
5
5
5
5
5
5
5
5
5
5
5
5
5
5
5
5
5
5
5
5
5
5
5
5
5
5
5
5
5
5
5
5
5
5
5
5
5
5
5
5
5
5
5
5
5
5
5
5
5
5
5
5
5
5
5
5
5
5
5
5
5
5
5
5
5
5
5
5
5
5
5
5
5
5
5
5
5
5
5
5
5
5
5
5
5
5
5
5
5
5
5
5
5
5
5
5
5
5
5
5
5
5
5
5
5
5
5
5
5
5
5
5
5
5
5
5
5
5
5
5
5
5
5
5
5
5
5
5
5
5
5
5
5
5
5
5
5
5
5
5
5
5
5
5
5
5
5
5
5
5
5
5
5
5
5
5
5
5
5
5
5
5
5
5
5
5
5
5
5
5
5
5
5
5
5
5
5
5
5
5
5
5
5
5
5
5
5
5
5
5
5
5
5
5
5
5
5
5
5
5
5
5
5
5
5
5
5
5
5
5
5
5
5
5
5
5
5
5
5
5
5
5
5
5
5
5
5
5
5
5
5
5
5
5
5
5
5
5
5
5
5
5
5
5
5
5
5
5
5
5
5
5
5
5
5
5
5
5
5
5
5
5
5
5
5
5
5
5
5
5
5
5
5
5
5
5
5
5
5
5
5
5
5
5
5
5
5
5
5
5
5
5
5
5
5
5
5
5
5
5
5
5
5
5
5
5
5
5
5
5
5
5
5
5
5
5
5
5
5
5
5
5
5
5
5
5
5
5
5
5
5
5
5
5
5
5
5
5
5
5
5
5
5
5
5
5
5
5
5
5
5
5
5
5
5
5
5
5
5
5
5
5
5
5
5
5
5
5
5
5
5
5
5
5
5
5
5
5
5
5
5
5
5
5
5
5
5
5
5
5
5
5
5
5
5
5
5
5
5
5
5
5
5
5
5
5
5
5
5
5
5
5
5
5
5
5
5
5
5
5
5
5
5
5
5
5
5
5
5
5
5
5
5
5
5
5
5
5
5
5
5
5
5
5
5
5
5
5
5
5
5
5
5
5
5
5
5
5
5
5
5
5
5
5
5
5
5
5
5
5
5
5
5
5
5
5
5
5
5
5
5
5
5
5
5
5
5
5
5
5
5
5
5
5
5
5
5
5
5
5
5
5
5
5
5
5
5
5
5
5
5
5
5
5
5
5
5
5
5
5
5
5
5
5
5
5
5
5
5
5
5
5
5
5
5
5
5
5
5
5
5
5
5
5
5
5
5
5
5
5
5
5
5
5
5
5
5
5
5
5
5
5
5
5
5
5
5
5
5
5
5
5
5
5
5
5
5
5
5
5
5
5
5
5
5
5
5
5
5
5
5
5
5
5
5
5
5
5
5
5
5
5
5
5
5
5
5
5
5
5
5
5
5
5
5
5
5
5
5
5
5
5
5
5
5
5
5
5
5
5
5
5
5
5
5
5
5
5
5
5
5
5
5
5
5
5
5
5
5
5
5
5
5
5
5
5
5
5
5
5
5
5
5
5
5
5
5
5
5
5
5
5
5
5
5
5
5
5
5
5
5
5
5
5
5
5
5
5
5
5
5
5
5
5
5
5
5
5
5
5
5
5
5
5
5
5
5
5
5
5
5
5
5
5
5
5
5
5
5
5
5
5
5
5
5
5
5
5
5
5
5
5
5
5
5
5
5
5
5
5
5
5
5
5
5
5
5
5
5
5
5
5
5
5
5
5
5
5
5
5
5
5
5
5
5
5
5
5
5
5
5
5
5
5
5
5
5
5
5
5
5
5
5
5
5
5
5
5
5
5
5
5
5
5
5
5
5
5
5
5
5
5
5
5
5
5
5
5
5
5
5
5
5
5
5
5
5
5
5
5
5
5
5
5
5
5
5
5
5
5
5
5
5
5
5
5
5
5
5
5
5
5
5
5
5
5
5
5
5
5
5
5
5
5
5
5
5
5
5
5
5
5
5
5
5
5
5
5
5
5
5
5
5
5
5
5
5
5
5
5
5
5
5
5
5
5
5
5
5
5
5
5
5
5
5
5
5
5
5
5
5
5
5
5
5
5
5
5
5
5
5
5
5
5
5
5
5
5
5
5
5
5
5
5
5
5
5
5
5
5
5
5
5
5
5
5
5
5
5
5
5
5
5
5
5
5
5
5
5
5
5
5
5
5
5
5
5
5
5
5
5
5
5
5
5
5
5
5
5
5
5
5
5
5
5
5
5
5
5
5
5
5
5
5
5
5
5
5
5
5
5
5
5
5
5
5
5
5
5
5
5
5
5
5
5
5
5
5
5
5
5
5
5
5
5
5
5
5
5
5
5
5
5
5
5
5
5
5
5
5
5
5
5
5
5
5
5
5
5
5
5
5
5
5
5
5
5
5
5
5
5
5
5
5
5
5
5
5
5
5
5
5
5
5
5
5
5
5
5
5
5
5
5
5
5
5
5
5
5
5
5
5
5
5
5
5
5
5
5
5
5
5
5
5
5
5
5
5
5
5
5
5
5
5
5
5
5
5
5
5
5
5
5
5
5
5
5
5
5
5
5
5
5
5
5
5
5
5
5
5
5
5
5
5
5
5
5
5
5
5
5
5
5
5
5
5
5
5
5
5
5
5
5
5
5
5
5
5
5
5
5
5
5
5
5
5
5
5
5
5
5
5
5
5
5
5
5
5
5
5
5
5
5
5
5
5
5
5
5
5
5
5
5
5
5
5
5
5
5
5
5
5
5
5
5
5
5
5
5
5
5
5
5
5
5
5
5
5
5
5
5
5
5
5
5
5
5
5
5
5
5
5
5
5
5
5
5
5
5
5
5
5
5
5
5
5
5
5
5
5
5
5
5
5
5
5
5
5
5
5
5
5
5
5
5
5
5
5
5
5
5
5
5
5
5
5
5
5
5
5
5
5
5
5
5
5
5
5
5
5
5
5
5
5
5
5
5
5
5
5
5
5
5
5
5
5
5
5
5
5
5
5
5
5
5
5
5
5
5
5
5
5
5
5
5
5
5
5
5
5
5
5
5
5
5
5
5
5
5
5
5
5
5
5
5
5
5
5
5
5
5
5
5
5
5
5
5
5
5
5
5
5
5
5
5
5
5
5
5
5
5
5
5
5
5
5
5
5
5
5
5
5
5
5
5
5
5
5
5
5
5
5
5
5
5
5
5
5
5
5
5
5
5
5
5
5
5
5
5
5
5
5
5
5
5
5
5
5
5
5
5
5
5
5
5
5
5
5
5
5
5
5
5
5
5
5
5
5
5
5
5
5
5
5
5
5
5
5
5
5
5
5
5
5
5
5
5
5
5
5
5
5
5
5
5
5
5
5
5
5
5
5
5
5
5
5
5
5
5
5
5
5
5
5
5
5
5
5
5
5
5
5
5
5
5
5
5
5
5
5
5
5
5
5
5
5
5
5
5
5
5
5
5
5
5
5
5
5
5
5
5
5
5
5
5
5
5
5
5
5
5
5
5
5
5
5
5
5
5
5
5
5
5
5
5
5
5
5
5
5
5
5
5
5
5
5
5
5
5
5
5
5
5
5
5
5
5
5
5
5
5
5
5
5
5
5
5
5
5
5
5
5
5
5
5
5
5
5
5
5
5
5
5
5
5
5
5
5
5
5
5
5
5
5
5
5
5
5
5
5
5
5
5
5
5
5
5
5
5
5
5
5
5
5
5
5
5
5
5
5
5
5
5
5
5
5
5
5
5
5
5
5
5
5
5
5
5
5
5
5
5
5
5
5
5
5
5
5
5
5
5
5
5
5
5
5
5
5
5
5
5
5
5
5
5
5
5
5
5
5
5
5
5
5
5
5
5
5
5
5
5
5
5
5
5
5
5
5
5
5
5
5
5
5
5
5
5
5
5
5
5
5
5
5
5
5
5
5
5
5
5
5
5
5
5
5
5
5
5
5
5
5
5
5
5
5
5
5
5
5
5
5
5
5
5
5
5
5
5
5
5
5
5
5
5
5
5
5
5
5
5
5
5
5
5
5
5
5
5
5
5
5
5
5
5
5
5
5
5
5
5
5
5
5
5
5
5
5
5
5
5
5
5
5
5
5
5
5
5
5
5
5
5
5
5
5
5
5
5
5
5
5
5
5
5
5
5
5
5
5
5
5
5
5
5
5
5
5
5
5
5
5
5
5
5
5
5
5
5
5
5
5
5
5
5
5
5
5
5
5
5
5
5
5
5
5
5
5
5
5
5
5
5
5
5
5
5
5
5
5
5
5
5
5
5
5
5
5
5
5
5
5
5
5
5
5
5
5
5
5
5
5
5
5
5
5
5
5
5
5
5
5
5
5
5
5
5
5
5
5
5
5
5
5
5
5
5
5
5
5
5
5
5
5
5
5
5
5
5
5
5
5
5
5
5
5
5
5
5
5
5
5
5
5
5
5
5
5
5
5
5
5
5
5
5
5
5
5
5
5
5
5
5
5
5
5
5
5
5
5
5
5
5
5
5
5
5
5
5
5
5
5
5
5
5
5
5
5
5
5
5
5
5
5
5
5
5
5
5
5
5
5
5
5
5
5
5
5
5
5
5
5
5
5
5
5
5
5
5
5
5
5
5
5
5
5
5
5
5
5
5
5
5
5
5
5
5
5
5
5
5
5
5
5
5
5
5
5
5
5
5
5
5
5
5
5
5
5
5
5
5
5
5
5
5
5
5
5
5
5
5
5
5
5
5
5
5
5
5
5
5
5
5
5
5
5
5
5
5
5
5
5
5
5
5
5
5
5
5
5
5
5
5
5
5
5
5
5
5
5
5
5
5
5
5
5
5
5
5
5
5
5
5
5
5
5
5
5
5
5
5
5
5
5
5
5
5
5
5
5
5
5
5
5
5
5
5
5
5
5
5
5
5
5
5
5
5
5
5
5
5
5
5
5
5
5
5
5
5
5
5
5
5
5
5
5
5
5
5
5
5
5
5
5
5
5
5
5
5
5
5
5
5
5
5
5
5
5
5
5
5
5
5
5
5
5
5
5
5
5
5
5
5
5
5
5
5
5
5
5
5
5
5
5
5
5
5
5
5
5
5
5
5
5
5
5
5
5
5
5
5
5
5
5
5
5
5
5
5
5
5
5
5
5
5
5
5
5
5
5
5
5
5
5
5
5
5
5
5
5
5
5
5
5
5
5
5
5
5
5
5
5
5
5
5
5
5
5
5
5
5
5
5
5
5
5
5
5
5
5
5
5
5
5
5
5
5
5
5
5
5
5
5
5
5
5
5
5
5
5
5
5
5
5
5
5
5
5
5
5
5
5
5
5
5
5
5
5
5
5
5
5
5
5
5
5
5
5
5
5
5
5
5
5
5
5
5
5
5
5
5
5
5
5
5
5
5
5
5
5
5
5
5
5
5
5
5
5
5
5
5
5
5
5
5
5
5
5
5
5
5
5
5
5
5
5
5
5
5
5
5
5
5
5
5
5
5
5
5
5
5
5
5
5
5
5
5
5
5
5
5
5
5
5
5
5
5
5
5
5
5
5
5
5
5
5
5
5
5
5
5
5
5
5
5
5
5
5
5
5
5
5
5
5
5
5
5
5
5
5
5
5
5
5
5
5
5
5
5
5
5
5
5
5
5
5
5
5
5
5
5
5
5
5
5
5
5
5
5
5
5
5
5
5
5
5
5
5
5
5
5
5
5
5
5
5
5
5
5
5
5
5
5
5
5
5
5
5
5
5
5
5
5
5
5
5
5
5
5
5
5
5
5
5
5
5
5
5
5
5
5
5
5
5
5
5
5
5
5
5
5
5
5
5
5
5
5
5
5
5
5
5
5
5
5
5
5
5
5
5
5
5
5
5
5
5
5
5
5
5
5
5
5
5
5
5
5
5
5
5
5
5
5
5
5
5
5
5
5
5
5
5
5
5
5
5
5
5
5
5
5
5
5
5
5
5
5
5
5
5
5
5
5
5
5
5
5
5
5
5
5
5
5
5
5
5
5
5
5
5
5
5
5
5
5
5
5
5
5
5
5
5
5
5
5
5
5
5
5
5
5
5
5
5
5
5
5
5
5
5
5
5
5
5
5
5
5
5
5
5
5
5
5
5
5
5
5
5
5
5
5
5
5
5
5
5
5
5
5
5
5
5
5
5
5
5
5
5
5
5
5
5
5
5
5
5
5
5
5
5
5
5
5
5
5
5
5
5
5
5
5
5
5
5
5
5
5
5
5
5
5
5
5
5
5
5
5
5
5
5
5
5
5
5
5
5
5
5
5
5
5
5
5
5
5
5
5
5
5
5
5
5
5
5
5
5
5
5
5
5
5
5
5
5
5
5
5
5
5
5
5
5
5
5
5
5
5
5
5
5
5
5
5
5
5
5
5
5
5
5
5
5
5
5
5
5
5
5
5
5
5
5
5
5
5
5
5
5
5
5
5
5
5
5
5
5
5
5
5
5
5
5
5
5
5
5
5
5
5
5
5
5
5
5
5
5
5
5
5
5
5
5
5
5
5
5
5
5
5
5
5
5
5
5
5
5
5
5
5
5
5
5
5
5
5
5
5
5
5
5
5
5
5
5
5
5
5
5
5
5
5
5
5
5
5
5
5
5
5
5
5
5
5
5
5
5
5
5
5
5
5
5
5
5
5
5
5
5
5
5
5
5
5
5
5
5
5
5
5
5
5
5
5
5
5
5
5
5
5
5
5
5
5
5
5
5
5
5
5
5
5
5
5
5
5
5
5
5
5
5
5
5
5
5
5
5
5
5
5
5
5
5
5
5
5
5
5
5
5
5
5
5
5
5
5
5
5
5
5
5
5
5
5
5
5
5
5
5
5
5
5
5
5
5
5
5
5
5
5
5
5
5
5
5
5
5
5
5
5
5
5
5
5
5
5
5
5
5
5
5
5
5
5
5
5
5
5
5
5
5
5
5
5
5
5
5
5
5
5
5
5
5
5
5
5
5
5
5
5
5
5
5
5
5
5
5
5
5
5
5
5
5
5
5
5
5
5
5
5
5
5
5
5
5
5
5
5
5
5
5
5
5
5
5
5
5
5
5
5
5
5
5
5
5
5
5
5
5
5
5
5
5
5
5
5
5
5
5
5
5
5
5
5
5
5
5
5
5
5
5
5
5
5
5
5
5
5
5
5
5
5
5
5
5
5
5
5
5
5
5
5
5
5
5
5
5
5
5
5
5
5
5
5
5
5
5
5
5
5
5
5
5
5
5
5
5
5
5
5
5
5
5
5
5
5
5
5
5
5
5
5
5
5
5
5
5
5
5
5
5
5
5
5
5
5
5
5
5
5
5
5
5
5
5
5
5
5
5
5
5
5
5
5
5
5
5
5
5
5
5
5
5
5
5
5
5
5
5
5
5
5
5
5
5
5
5
5
5
5
5
5
5
5
5
5
5
5
5
5
5
5
5
5
5
5
5
5
5
5
5
5
5
5
5
5
5
5
5
5
5
5
5
5
5
5
5
5
5
5
5
5
5
5
5
5
5
5
5
5
5
5
5
5
5
5
5
5
5
5
5
5
5
5
5
5
5
5
5
5
5
5
5
5
5
5
5
5
5
5
5
5
5
5
5
5
5
5
5
5
5
5
5
5
5
5
5
5
5
5
5
5
5
5
5
5
5
5
5
5
5
5
5
5
5
5
5
5
5
5
5
5
5
5
5
5
5
5
5
5
5
5
5
5
5
5
5
5
5
5
5
5
5
5
5
5
5
5
5
5
5
5
5
5
5
5
5
5
5
5
5
5
5
5
5
5
5
5
5
5
5
5
5
5
5
5
5
5
5
5
5
5
5
5
5
5
5
5
5
5
5
5
5
5
5
5
5
5
5
5
5
5
5
5
5
5
5
5
5
5
5
5
5
5
5
5
5
5
5
5
5
5
5
5
5
5
5
5
5
5
5
5
5
5
5
5
5
5
5
5
5
5
5
5
5
5
5
5
5
5
5
5
5
5
5
5
5
5
5
5
5
5
5
5
5
5
5
5
5
5
5
5
5
5
5
5
5
5
5
5
5
5
5
5
5
5
5
5
5
5
5
5
5
5
5
5
5
5
5
5
5
5
5
5
5
5
5
5
5
5
5
5
5
5
5
5
5
5
5
5
5
5
5
5
5
5
5
5
5
5
5
5
5
5
5
5
5
5
5
5
5
5
5
5
5
5
5
5
5
5
5
5
5
5
5
5
5
5
5
5
5
5
5
5
5
5
5
5
5
5
5
5
5
5
5
5
5
5
5
5
5
5
5
5
5
5
5
5
5
5
5
5
5
5
5
5
5
5
5
5
5
5
5
5
5
5
5
5
5
5
5
5
5
5
5
5
5
5
5
5
5
5
5
5
5
5
5
5
5
5
5
5
5
5
5
5
5
5
5
5
5
5
5
5
5
5
5
5
5
5
5
5
5
5
5
5
5
5
5
5
5
5
5
5
5
5
5
5
5
5
5
5
5
5
5
5
5
5
5
5
5
5
5
5
5
5
5
5
5
5
5
5
5
5
5
5
5
5
5
5
5
5
5
5
5
5
5
5
5
5
5
5
5
5
5
5
5
5
5
5
5
5
5
5
5
5
5
5
5
5
5
5
5
5
5
5
5
5
5
5
5
5
5
5
5
5
5
5
5
5
5
5
5
5
5
5
5
5
5
5
5
5
5
5
5
5
5
5
5
5
5
5
5
5
5
5
5
5
5
5
5
5
5
5
5
5
5
5
5
5
5
5
5
5
5
5
5
5
5
5
5
5
5
5
5
5
5
5
5
5
5
5
5
5
5
5
5
5
5
5
5
5
5
5
5
5
5
5
5
5
5
5
5
5
5
5
5
5
5
5
5
5
5
5
5
5
5
5
5
5
5
5
5
5
5
5
5
5
5
5
5
5
5
5
5
5
5
5
5
5
5
5
5
5
5
5
5
5
5
5
5
5
5
5
5
5
5
5
5
5
5
5
5
5
5
5
5
5
5
5
5
5
5
5
5
5
5
5
5
5
5
5
5
5
5
5
5
5
5
5
5
5
5
5
5
5
5
5
5
5
5
5
5
5
5
5
5
5
5
5
5
5
5
5
5
5
5
5
5
5
5
5
5
5
5
5
5
5
5
5
5
5
5
5
5
5
5
5
5
5
5
5
5
5
5
5
5
5
5
5
5
5
5
5
5
5
5
5
5
5
5
5
5
5
5
5
5
5
5
5
5
5
5
5
5
5
5
5
5
5
5
5
5
5
5
5
5
5
5
5
5
5
5
5
5
5
5
5
5
5
5
5
5
5
5
5
5
5
5
5
5
5
5
5
5
5
5
5
5
5
5
5
5
5
5
5
5
5
5
5
5
5
5
5
5
5
5
5
5
5
5
5
5
5
5
5
5
5
5
5
5
5
5
5
5
5
5
5
5
5
5
5
5
5
5
5
5
5
5
5
5
5
5
5
5
5
5
5
5
5
5
5
5
5
5
5
5
5
5
5
5
5
5
5
5
5
5
5
5
5
5
5
5
5
5
5
5
5
5
5
5
5
5
5
5
5
5
5
5
5
5
5
5
5
5
5
5
5
5
5
5
5
5
5
5
5
5
5
5
5
5
5
5
5
5
5
5
5
5
5
5
5
5
5
5
5
5
5
5
5
5
5
5
5
5
5
5
5
5
5
5
5
5
5
5
5
5
5
5
5
5
5
5
5
5
5
5
5
5
5
5
5
5
5
5
5
5
5
5
5
5
5
5
5
5
5
5
5
5
5
5
5
5
5
5
5
5
5
5
5
5
5
5
5
5
5
5
5
5
5
5
5
5
5
5
5
5
5
5
5
5
5
5
5
5
5
5
5
5
5
5
5
5
5
5
5
5
5
5
5
5
5
5
5
5
5
5
5
5
5
5
5
5
5
5
5
5
5
5
5
5
5
5
5
5
5
5
5
5
5
5
5
5
5
5
5
5
5
5
5
5
5
5
5
5
5
5
5
5
5
5
5
5
5
5
5
5
5
5
5
5
5
5
5
5
5
5
5
5
5
5
5
5
5
5
5
5
5
5
5
5
5
5
5
5
5
5
5
5
5
5
5
5
5
5
5
5
5
5
5
5
5
5
5
5
5
5
5
5
5
5
5
5
5
5
5
5
5
5
5
5
5
5
5
5
5
5
5
5
5
5
5
5
5
5
5
5
5
5
5
5
5
5
5
5
5
5
5
5
5
5
5
5
5
5
5
5
5
5
5
5
5
5
5
5
5
5
5
5
5
5
5
5
5
5
5
5
5
5
5
5
5
5
5
5
5
5
5
5
5
5
5
5
5
5
5
5
5
5
5
5
5
5
5
5
5
5
5
5
5
5
5
5
5
5
5
5
5
5
5
5
5
5
5
5
5
5
5
5
5
5
5
5
5
5
5
5
5
5
5
5
5
5
5
5
5
5
5
5
5
5
5
5
5
5
5
5
5
5
5
5
5
5
5
5
5
5
5
5
5
5
5
5
5
5
5
5
5
5
5
5
5
5
5
5
5
5
5
5
5
5
5
5
5
5
5
5
5
5
5
5
5
5
5
5
5
5
5
5
5
5
5
5
5
5
5
5
5
5
5
5
5
5
5
5
5
5
5
5
5
5
5
5
5
5
5
5
5
5
5
5
5
5
5
5
5
5
5
5
5
5
5
5
5
5
5
5
5
5
5
5
5
5
5
5
5
5
5
5
5
5
5
5
5
5
5
5
5
5
5
5
5
5
5
5
5
5
5
5
5
5
5
5
5
5
5
5
5
5
5
5
5
5
5
5
5
5
5
5
5
5
5
5
5
5
5
5
5
5
5
5
5
5
5
5
5
5
5
5
5
5
5
5
5
5
5
5
5
5
5
5
5
5
5
5
5
5
5
5
5
5
5
5
5
5
5
5
5
5
5
5
5
5
5
5
5
5
5
5
5
5
5
5
5
5
5
5
5
5
5
5
5
5
5
5
5
5
5
5
5
5
5
5
5
5
5
5
5
5
5
5
5
5
5
5
5
5
5
5
5
5
5
5
5
5
5
5
5
5
5
5
5
5
5
5
5
5
5
5
5
5
5
5
5
5
5
5
5
5
5
5
5
5
5
5
5
5
5
5
5
5
5
5
5
5
5
5
5
5
5
5
5
5
5
5
5
5
5
5
5
5
5
5
5
5
5
5
5
5
5
5
5
5
5
5
5
5
5
5
5
5
5
5
5
5
5
5
5
5
5
5
5
5
5
5
5
5
5
5
5
5
5
5
5
5
5
5
5
5
5
5
5
5
5
5
5
5
5
5
5
5
5
5
5
5
5
5
5
5
5
5
5
5
5
5
5
5
5
5
5
5
5
5
5
5
5
5
5
5
5
5
5
5
5
5
5
5
5
5
5
5
5
5
5
5
5
5
5
5
5
5
5
5
5
5
5
5
5
5
5
5
5
5
5
5
5
5
5
5
5
5
5
5
5
5
5
5
5
5
5
5
5
5
5
5
5
5
5
5
5
5
5
5
5
5
5
5
5
5
5
5
5
5
5
5
5
5
5
5
5
5
5
5
5
5
5
5
5
5
5
5
5
5
5
5
5
5
5
5
5
5
5
5
5
5
5
5
5
5
5
5
5
5
5
5
5
5
5
5
5
5
5
5
5
5
5
5
5
5
5
5
5
5
5
5
5
5
5
5
5
5
5
5
5
5
5
5
5
5
5
5
5
5
5
5
5
5
5
5
5
5
5
5
5
5
5
5
5
5
5
5
5
5
5
5
5
5
5
5
5
5
5
5
5
5
5
5
5
5
5
5
5
5
5
5
5
5
5
5
5
5
5
5
5
5
5
5
5
5
5
5
5
5
5
5
5
5
5
5
5
5
5
5
5
5
5
5
5
5
5
5
5
5
5
5
5
5
5
5
5
5
5
5
5
5
5
5
5
5
5
5
5
5
5
5
5
5
5
5
5
5
5
5
5
5
5
5
5
5
5
5
5
5
5
5
5
5
5
5
5
5
5
5
5
5
5
5
5
5
5
5
5
5
5
5
5
5
5
5
5
5
5
5
5
5
5
5
5
5
5
5
5
5
5
5
5
5
5
5
5
5
5
5
5
5
5
5
5
5
5
5
5
5
5
5
5
5
5
5
5
5
5
5
5
5
5
5
5
5
5
5
5
5
5
5
5
5
5
5
5
5
5
5
5
5
5
5
5
5
5
5
5
5
5
5
5
5
5
5
5
5
5
5
5
5
5
5
5
5
5
5
5
5
5
5
5
5
5
5
5
5
5
5
5
5
5
5
5
5
5
5
5
5
5
5
5
5
5
5
5
5
5
5
5
5
5
5
5
5
5
5
5
5
5
5
5
5
5
5
5
5
5
5
5
5
5
5
5
5
5
5
5
5
5
5
5
5
5
5
5
5
5
5
5
5
5
5
5
5
5
5
5
5
5
5
5
5
5
5
5
5
5
5
5
5
5
5
5
5
5
5
5
5
5
5
5
5
5
5
5
5
5
5
5
5
5
5
5
5
5
5
5
5
5
5
5
5
5
5
5
5
5
5
5
5
5
5
5
5
5
5
5
5
5
5
5
5
5
5
5
5
5
5
5
5
5
5
5
5
5
5
5
5
5
5
5
5
5
5
5
5
5
5
5
5
5
5
5
5
5
5
5
5
5
5
5
5
5
5
5
5
5
5
5
5
5
5
5
5
5
5
5
5
5
5
5
5
5
5
5
5
5
5
5
5
5
5
5
5
5
5
5
5
5
5
5
5
5
5
5
5
5
5
5
5
5
5
5
5
5
5
5
5
5
5
5
5
5
5
5
5
5
5
5
5
5
5
5
5
5
5
5
5
5
5
5
5
5
5
5
5
5
5
5
5
5
5
5
5
5
5
5
5
5
5
5
5
5
5
5
5
5
5
5
5
5
5
5
5
5
5
5
5
5
5
5
5
5
5
5
5
5
5
5
5
5
5
5
5
5
5
5
5
5
5
5
5
5
5
5
5
5
5
5
5
5
5
5
5
5
5
5
5
5
5
5
5
5
5
5
5
5
5
5
5
5
5
5
5
5
5
5
5
5
5
5
5
5
5
5
5
5
5
5
5
5
5
5
5
5
5
5
5
5
5
5
5
5
5
5
5
5
5
5
5
5
5
5
5
5
5
5
5
5
5
5
5
5
5
5
5
5
5
5
5
5
5
5
5
5
5
5
5
5
5
5
5
5
5
5
5
5
5
5
5
5
5
5
5
5
5
5
5
5
5
5
5
5
5
5
5
5
5
5
5
5
5
5
5
5
5
5
5
5
5
5
5
5
5
5
5
5
5
5
5
5
5
5
5
5
5
5
5
5
5
5
5
5
5
5
5
5
5
5
5
5
5
5
5
5
5
5
5
5
5
5
5
5
5
5
5
5
5
5
5
5
5
5
5
5
5
5
5
5
5
5
5
5
5
5
5
5
5
5
5
5
5
5
5
5
5
5
5
5
5
5
5
5
5
5
5
5
5
5
5
5
5
5
5
5
5
5
5
5
5
5
5
5
5
5
5
5
5
5
5
5
5
5
5
5
5
5
5
5
5
5
5
5
5
5
5
5
5
5
5
5
5
5
5
5
5
5
5
5
5
5
5
5
5
5
5
5
5
5
5
5
5
5
5
5
5
5
5
5
5
5
5
5
5
5
5
5
5
5
5
5
5
5
5
5
5
5
5
5
5
5
5
5
5
5
5
5
5
5
5
5
5
5
5
5
5
5
5
5
5
5
5
5
5
5
5
5
5
5
5
5
5
5
5
5
5
5
5
5
5
5
5
5
5
5
5
5
5
5
5
5
5
5
5
5
5
5
5
5
5
5
5
5
5
5
5
5
5
5
5
5
5
5
5
5
5
5
5
5
5
5
5
5
5
5
5
5
5
5
5
5
5
5
5
5
5
5
5
5
5
5
5
5
5
5
5
5
5
5
5
5
5
5
5
5
5
5
5
5
5
5
5
5
5
5
5
5
5
5
5
5
5
5
5
5
5
5
5
5
5
5
5
5
5
5
5
5
5
5
5
5
5
5
5
5
5
5
5
5
5
5
5
5
5
5
5
5
5
5
5
5
5
5
5
5
5
5
5
5
5
5
5
5
5
5
5
5
5
5
5
5
5
5
5
5
5
5
5
5
5
5
5
5
5
5
5
5
5
5
5
5
5
5
5
5
5
5
5
5
5
5
5
5
5
5
5
5
5
5
5
5
5
5
5
5
5
5
5
5
5
5
5
5
5
5
5
5
5
5
5
5
5
5
5
5
5
5
5
5
5
5
5
5
5
5
5
5
5
5
5
5
5
5
5
5
5
5
5
5
5
5
5
5
5
5
5
5
5
5
5
5
5
5
5
5
5
5
5
5
5
5
5
5
5
5
5
5
5
5
5
5
5
5
5
5
5
5
5
5
5
5
5
5
5
5
5
5
5
5
5
5
5
5
5
5
5
5
5
5
5
5
5
5
5
5
5
5
5
5
5
5
5
5
5
5
5
5
5
5
5
5
5
5
5
5
5
5
5
5
5
5
5
5
5
5
5
5
5
5
5
5
5
5
5
5
5
5
5
5
5
5
5
5
5
5
5
5
5
5
5
5
5
5
5
5
5
5
5
5
5
5
5
5
5
5
5
5
5
5
5
5
5
5
5
5
5
5
5
5
5
5
5
5
5
5
5
5
5
5
5
5
5
5
5
5
5
5
5
5
5
5
5
5
5
5
5
5
5
5
5
5
5
5
5
5
5
5
5
5
5
5
5
5
5
5
5
5
5
5
5
5
5
5
5
5
5
5
5
5
5
5
5
5
5
5
5
5
5
5
5
5
5
5
5
5
5
5
5
5
5
5
5
5
5
5
5
5
5
5
5
5
5
5
5
5
5
5
5
5
5
5
5
5
5
5
5
5
5
5
5
5
5
5
5
5
5
5
5
5
5
5
5
5
5
5
5
5
5
5
5
5
5
5
5
5
5
5
5
5
5
5
5
5
5
5
5
5
5
5
5
5
5
5
5
5
5
5
5
5
5
5
5
5
5
5
5
5
5
5
5
5
5
5
5
5
5
5
5
5
5
5
5
5
5
5
5
5
5
5
5
5
5
5
5
5
5
5
5
5
5
5
5
5
5
5
5
5
5
5
5
5
5
5
5
5
5
5
5
5
5
5
5
5
5
5
5
5
5
5
5
5
5
5
5
5
5
5
5
5
5
5
5
5
5
5
5
5
5
5
5
5
5
5
5
5
5
5
5
5
5
5
5
5
5
5
5
5
5
5
5
5
5
5
5
5
5
5
5
5
5
5
5
5
5
5
5
5
5
5
5
5
5
5
5
5
5
5
5
5
5
5
5
5
5
5
5
5
5
5
5
5
5
5
5
5
5
5
5
5
5
5
5
5
5
5
5
5
5
5
5
5
5
5
5
5
5
5
5
5
5
5
5
5
5
5
5
5
5
5
5
5
5
5
5
5
5
5
5
5
5
5
5
5
5
5
5
5
5
5
5
5
5
5
5
5
5
5
5
5
5
5
5
5
5
5
5
5
5
5
5
5
5
5
5
5
5
5
5
5
5
5
5
5
5
5
5
5
5
5
5
5
5
5
5
5
5
5
5
5
5
5
5
5
5
5
5
5
5
5
5
5
5
5
5
5
5
5
5
5
5
5
5
5
5
5
5
5
5
5
5
5
5
5
5
5
5
5
5
5
5
5
5
5
5
5
5
5
5
5
5
5
5
5
5
5
5
5
5
5
5
5
5
5
5
5
5
5
5
5
5
5
5
5
5
5
5
5
5
5
5
5
5
5
5
5
5
5
5
5
5
5
5
5
5
5
5
5
5
5
5
5
5
5
5
5
5
5
5
5
5
5
5
5
5
5
5
5
5
5
5
5
5
5
5
5
5
5
5
5
5
5
5
5
5
5
5
5
5
5
5
5
5
5
5
5
5
5
5
5
5
5
5
5
5
5
5
5
5
5
5
5
5
5
5
5
5
5
5
5
5
5
5
5
5
5
5
5
5
5
5
5
5
5
5
5
5
5
5
5
5
5
5
5
5
5
5
5
5
5
5
5
5
5
5
5
5
5
5
5
5
5
5
5
5
5
5
5
5
5
5
5
5
5
5
5
5
5
5
5
5
5
5
5
5
5
5
5
5
5
5
5
5
5
5
5
5
5
5
5
5
5
5
5
5
5
5
5
5
5
5
5
5
5
5
5
5
5
5
5
5
5
5
5
5
5
5
5
5
5
5
5
5
5
5
5
5
5
5
5
5
5
5
5
5
5
5
5
5
5
5
5
5
5
5
5
5
5
5
5
5
5
5
5
5
5
5
5
5
5
5
5
5
5
5
5
5
5
5
5
5
5
5
5
5
5
5
5
5
5
5
5
5
5
5
5
5
5
5
5
5
5
5
5
5
5
5
5
5
5
5
5
5
5
5
5
5
5
5
5
5
5
5
5
5
5
5
5
5
5
5
5
5
5
5
5
5
5
5
5
5
5
5
5
5
5
5
5
5
5
5
5
5
5
5
5
5
5
5
5
5
5
5
5
5
5
5
5
5
5
5
5
5
5
5
5
5
5
5
5
5
5
5
5
5
5
5
5
5
5
5
5
5
5
5
5
5
5
5
5
5
5
5
5
5
5
5
5
5
5
5
5
5
5
5
5
5
5
5
5
5
5
5
5
5
5
5
5
5
5
5
5
5
5
5
5
5
5
5
5
5
5
5
5
5
5
5
5
5
5
5
5
5
5
5
5
5
5
5
5
5
5
5
5
5
5
5
5
5
5
5
5
5
5
5
5
5
5
5
5
5
5
5
5
5
5
5
5
5
5
5
5
5
5
5
5
5
5
5
5
5
5
5
5
5
5
5
5
5
5
5
5
5
5
5
5
5
5
5
5
5
5
5
5
5
5
5
5
5
5
5
5
5
5
5
5
5
5
5
5
5
5
5
5
5
5
5
5
5
5
5
5
5
5
5
5
5
5
5
5
5
5
5
5
5
5
5
5
5
5
5
5
5
5
5
5
5
5
5
5
5
5
5
5
5
5
5
5
5
5
5
5
5
5
5
5
5
5
5
5
5
5
5
5
5
5
5
5
5
5
5
5
5
5
5
5
5
5
5
5
5
5
5
5
5
5
5
5
5
5
5
5
5
5
5
5
5
5
5
5
5
5
5
5
5
5
5
5
5
5
5
5
5
5
5
5
5
5
5
5
5
5
5
5
5
5
5
5
5
5
5
5
5
5
5
5
5
5
5
5
5
5
5
5
5
5
5
5
5
5
5
5
5
5
5
5
5
5
5
5
5
5
5
5
5
5
5
5
5
5
5
5
5
5
5
5
5
5
5
5
5
5
5
5
5
5
5
5
5
5
5
5
5
5
5
5
5
5
5
5
5
5
5
5
5
5
5
5
5
5
5
5
5
5
5
5
5
5
5
5
5
5
5
5
5
5
5
5
5
5
5
5
5
5
5
5
5
5
5
5
5
5
5
5
5
5
5
5
5
5
5
5
5
5
5
5
5
5
5
5
5
5
5
5
5
5
5
5
5
5
5
5
5
5
5
5
5
5
5
5
5
5
5
5
5
5
5
5
5
5
5
5
5
5
5
5
5
5
5
5
5
5
5
5
5
5
5
5
5
5
5
5
5
5
5
5
5
5
5
5
5
5
5
5
5
5
5
5
5
5
5
5
5
5
5
5
5
5
5
5
5
5
5
5
5
5
5
5
5
5
5
5
5
5
5
5
5
5
5
5
5
5
5
5
5
5
5
5
5
5
5
5
5
5
5
5
5
5
5
5
5
5
5
5
5
5
5
5
5
5
5
5
5
5
5
5
5
5
5
5
5
5
5
5
5
5
5
5
5
5
5
5
5
5
5
5
5
5
5
5
5
5
5
5
5
5
5
5
5
5
5
5
5
5
5
5
5
5
5
5
5
5
5
5
5
5
5
5
5
5
5
5
5
5
5
5
5
5
5
5
5
5
5
5
5
5
5
5
5
5
5
5
5
5
5
5
5
5
5
5
5
5
5
5
5
5
5
5
5
5
5
5
5
5
5
5
5
5
5
5
5
5
5
5
5
5
5
5
5
5
5
5
5
5
5
5
5
5
5
5
5
5
5
5
5
5
5
5
5
5
5
5
5
5
5
5
5
5
5
5
5
5
5
5
5
5
5
5
5
5
5
5
5
5
5
5
5
5
5
5
5
5
5
5
5
5
5
5
5
5
5
5
5
5
5
5
5
5
5
5
5
5
5
5
5
5
5
5
5
5
5
5
5
5
5
5
5
5
5
5
5
5
5
5
5
5
5
5
5
5
5
5
5
5
5
5
5
5
5
5
5
5
5
5
5
5
5
5
5
5
5
5
5
5
5
5
5
5
5
5
5
5
5
5
5
5
5
5
5
5
5
5
5
5
5
5
5
5
5
5
5
5
5
5
5
5
5
5
5
5
5
5
5
5
5
5
5
5
5
5
5
5
5
5
5
5
5
5
5
5
5
5
5
5
5
5
5
5
5
5
5
5
5
5
5
5
5
5
5
5
5
5
5
5
5
5
5
5
5
5
5
5
5
5
5
5
5
5
5
5
5
5
5
5
5
5
5
5
5
5
5
5
5
5
5
5
5
5
5
5
5
5
5
5
5
5
5
5
5
5
5
5
5
5
5
5
5
5
5
5
5
5
5
5
5
5
5
5
5
5
5
5
5
5
5
5
5
5
5
5
5
5
5
5
5
5
5
5
5
5
5
5
5
5
5
5
5
5
5
5
5
5
5
5
5
5
5
5
5
5
5
5
5
5
5
5
5
5
5
5
5
5
5
5
5
5
5
5
5
5
5
5
5
5
5
5
5
5
5
5
5
5
5
5
5
5
5
5
5
5
5
5
5
5
5
5
5
5
5
5
5
5
5
5
5
5
5
5
5
5
5
5
5
5
5
5
5
5
5
5
5
5
5
5
5
5
5
5
5
5
5
5
5
5
5
5
5
5
5
5
5
5
5
5
5
5
5
5
5
5
5
5
5
5
5
5
5
5
5
5
5
5
5
5
5
5
5
5
5
5
5
5
5
5
5
5
5
5
5
5
5
5
5
5
5
5
5
5
5
5
5
5
5
5
5
5
5
5
5
5
5
5
5
5
5
5
5
5
5
5
5
5
5
5
5
5
5
5
5
5
5
5
5
5
5
5
5
5
5
5
5
5
5
5
5
5
5
5
5
5
5
5
5
5
5
5
5
5
5
5
5
CELL_DATA 8996
SCALARS sample_scalars double 2
LOOKUP_TABLE default
272.764	0	
272.764	0	
189.706	0	
272.764	0	
272.764	0	
210.684	0	
202.524	0	
272.764	0	
219.05	0	
272.764	0	
445.139	0	
197.087	0	
272.764	0	
219.156	0	
672.27	0	
207.006	0	
182.416	0	
962.552	0	
193.59	0	
662.407	0	
542.134	0	
188.275	0	
964.817	0	
202.068	0	
193.834	0	
250.455	0	
220.355	0	
193.684	0	
196.166	0	
184.927	0	
238.01	0	
224.274	0	
367.124	0	
223.308	0	
225.952	0	
211.239	0	
197.134	0	
248.817	0	
196.447	0	
227.743	0	
420.632	0	
205.477	0	
214.3	0	
210.101	0	
191.73	0	
273.474	0	
199.094	0	
222.096	0	
245.243	0	
200.169	0	
350.595	0	
200.386	0	
411.973	0	
201.108	0	
202.376	0	
200.187	0	
184.849	0	
218.293	0	
248.496	0	
192.639	0	
222.024	0	
200.902	0	
238.095	0	
253.473	0	
211.676	0	
228.118	0	
224.983	0	
219.165	0	
228.81	0	
207.984	0	
233.513	0	
214.323	0	
532.5	0	
202.146	0	
221.389	0	
227.757	0	
217.365	0	
213.576	0	
211.48	0	
208.549	0	
210.526	0	
229.897	0	
215.649	0	
199.16	0	
216.013	0	
198.807	0	
196.803	0	
211.52	0	
213.331	0	
221.451	0	
204.892	0	
220.571	0	
187.173	0	
181.163	0	
297.195	0	
197.068	0	
194.25	0	
208.51	0	
194.225	0	
218.21	0	
206.163	0	
207.613	0	
198.184	0	
189.675	0	
186.961	0	
190.441	0	
199.263	0	
220.075	0	
190.918	0	
229.083	0	
203.928	0	
195.811	0	
202.573	0	
197.917	0	
195.299	0	
183.153	0	
186.7	0	
190.309	0	
190.662	0	
196.402	0	
187.866	0	
188.369	0	
185.417	0	
188.633	0	
185.989	0	
210.933	0	
190.033	0	
185.238	0	
189.887	0	
170.14	0	
181.478	0	
183.954	0	
183.533	0	
194.857	0	
184.558	0	
183.124	0	
183.71	0	
187.866	0	
186.013	0	
188.122	0	
196.818	0	
184.402	0	
184.115	0	
200.632	0	
186.707	0	
186.953	0	
183.466	0	
189.276	0	
188.949	0	
180.879	0	
198.721	0	
199.417	0	
185.511	0	
222.43	0	
183.879	0	
185.654	0	
201.68	0	
184.813	0	
184.806	0	
182.514	0	
192.795	0	
182.14	0	
211.016	0	
196.504	0	
183.177	0	
210.721	0	
183.283	0	
233.659	0	
182.908	0	
191.566	0	
209.406	0	
186.561	0	
202.984	0	
190.632	0	
190.735	0	
217.687	0	
182.484	0	
204.736	0	
225.888	0	
197.307	0	
224.748	0	
203.964	0	
200.439	0	
219.799	0	
191.416	0	
224.293	0	
185.313	0	
233.295	0	
183.929	0	
197.686	0	
210.825	0	
200.382	0	
204.27	0	
201.178	0	
200.91	0	
199.289	0	
201.574	0	
221.743	0	
191.639	0	
202.251	0	
193.645	0	
203.43	0	
215.419	0	
205.605	0	
208.854	0	
196.198	0	
203.424	0	
190.556	0	
196.553	0	
207.045	0	
202.691	0	
204.097	0	
205.084	0	
218.691	0	
205.115	0	
219.655	0	
199.072	0	
203.026	0	
192.955	0	
201.561	0	
199.112	0	
194.902	0	
202.47	0	
189.455	0	
202.597	0	
196.162	0	
201.819	0	
207.147	0	
199.242	0	
220.599	0	
189.355	0	
200.066	0	
205.874	0	
202.681	0	
205.883	0	
199.424	0	
193.409	0	
193.712	0	
190.655	0	
196.306	0	
196.927	0	
200.034	0	
190.476	0	
196.995	0	
193.465	0	
197.298	0	
196.497	0	
198.057	0	
202.326	0	
192.777	0	
200.716	0	
189.369	0	
194.507	0	
201.658	0	
195.245	0	
200.612	0	
201.362	0	
193.537	0	
199.797	0	
192.084	0	
196.432	0	
202.171	0	
191.746	0	
203.337	0	
195.328	0	
200.477	0	
197.596	0	
195.639	0	
196.1	0	
198.395	0	
197.801	0	
201.398	0	
199.491	0	
198.976	0	
199.273	0	
201.58	0	
196.812	0	
213.983	0	
193.648	0	
219.397	0	
219.648	0	
194.394	0	
209.791	0	
183.69	0	
210.739	0	
199.301	0	
203.018	0	
217.958	0	
185.842	0	
223.039	0	
216.975	0	
190.866	0	
213.157	0	
206.952	0	
219.632	0	
219.65	0	
232.49	0	
215.745	0	
211.986	0	
213.767	0	
202.029	0	
230.797	0	
214.145	0	
216.539	0	
212.421	0	
197.237	0	
198.237	0	
202.144	0	
197.641	0	
194.688	0	
273	0	
187.347	0	
218.038	0	
209.352	0	
230.013	0	
198.439	0	
201.189	0	
207.166	0	
208.349	0	
201.648	0	
209.303	0	
203.261	0	
196.821	0	
203.989	0	
201.319	0	
204.942	0	
197.684	0	
214.3	0	
213.102	0	
188.24	0	
214.715	0	
196.854	0	
191.132	0	
222.579	0	
195.334	0	
208.426	0	
219.121	0	
195.813	0	
220.347	0	
192.019	0	
200.532	0	
213.395	0	
191.123	0	
225.142	0	
195.122	0	
214.971	0	
204.351	0	
210.337	0	
222.585	0	
195.776	0	
218.611	0	
208.361	0	
216.791	0	
219.552	0	
209.794	0	
228.264	0	
210.438	0	
233.284	0	
217.519	0	
195.333	0	
218.861	0	
205.012	0	
214.121	0	
201.479	0	
209.574	0	
214.372	0	
202.054	0	
224.879	0	
201.355	0	
222.611	0	
225.837	0	
191.271	0	
227.856	0	
197.444	0	
234.104	0	
230.54	0	
228.478	0	
205.774	0	
226.802	0	
226.424	0	
230.039	0	
218.215	0	
223.453	0	
208.685	0	
223.615	0	
207.046	0	
226.491	0	
231.774	0	
218.429	0	
211.553	0	
222.486	0	
216.386	0	
211.493	0	
222.323	0	
216.876	0	
231.053	0	
222.101	0	
205.126	0	
220.914	0	
216.357	0	
206.084	0	
205.588	0	
202.766	0	
206.049	0	
208.279	0	
208.528	0	
197.685	0	
207.05	0	
216.501	0	
206.414	0	
214.584	0	
192.167	0	
206.429	0	
197.299	0	
190.968	0	
222.846	0	
183.844	0	
215.518	0	
230.445	0	
182.512	0	
214.178	0	
168.934	0	
223.034	0	
196.457	0	
190.947	0	
201.637	0	
174.833	0	
233.022	0	
188.183	0	
210.561	0	
230.8	0	
185.362	0	
224.475	0	
196.346	0	
182.546	0	
241.309	0	
192.023	0	
194.523	0	
228.739	0	
197.162	0	
217.275	0	
186.029	0	
219.478	0	
186.214	0	
195.759	0	
214.374	0	
185.118	0	
215.137	0	
227.384	0	
183.21	0	
198.978	0	
182.115	0	
188.628	0	
186.048	0	
182.416	0	
203.138	0	
181.374	0	
182.381	0	
189.766	0	
182.158	0	
201.858	0	
183.979	0	
202.972	0	
182.764	0	
272.764	0	
195.211	0	
272.764	0	
233.051	0	
184.412	0	
173.834	0	
185.56	0	
185.243	0	
183.882	0	
184.972	0	
188.313	0	
192.093	0	
185.998	0	
188.959	0	
176.901	0	
187.352	0	
171.208	0	
184.295	0	
172.198	0	
183.164	0	
198.542	0	
178.375	0	
190.51	0	
176.129	0	
177.454	0	
190.024	0	
176.983	0	
193.233	0	
175.885	0	
175.259	0	
186.912	0	
184.82	0	
174.649	0	
191.967	0	
184.41	0	
181.243	0	
193.835	0	
179.484	0	
181.063	0	
190.15	0	
232.596	0	
204.707	0	
192.087	0	
187.947	0	
197.578	0	
200.036	0	
200.709	0	
212.238	0	
196.968	0	
213.405	0	
202.105	0	
208.078	0	
208.588	0	
194.686	0	
202.354	0	
204.954	0	
193.308	0	
194.042	0	
196.469	0	
203.978	0	
196.169	0	
206.533	0	
208.302	0	
193.327	0	
216.917	0	
198.014	0	
195.31	0	
218.972	0	
202.851	0	
228.928	0	
191.21	0	
198.348	0	
221.858	0	
201.958	0	
211.867	0	
201.164	0	
200.34	0	
203.262	0	
193.015	0	
195.676	0	
205.047	0	
225.052	0	
191.515	0	
228.056	0	
243.299	0	
200.671	0	
230.413	0	
211.066	0	
212.554	0	
231.047	0	
211.225	0	
229.191	0	
187.188	0	
200.343	0	
209.366	0	
223.477	0	
227.625	0	
202.126	0	
204.238	0	
188.345	0	
210.664	0	
146.602	0	
131.168	0	
219.233	0	
150.672	0	
220.296	0	
194.489	0	
157.127	0	
198.221	0	
144.116	0	
166.744	0	
189.855	0	
200.247	0	
190.187	0	
138.686	0	
197.67	0	
196.179	0	
215.877	0	
193.802	0	
240.85	0	
191.425	0	
255.145	0	
181.802	0	
191.858	0	
182.391	0	
189.426	0	
198.617	0	
198.212	0	
195.577	0	
185.192	0	
269.721	0	
192.971	0	
355.552	0	
195.926	0	
268.44	0	
200.421	0	
197.482	0	
272.764	0	
203.261	0	
272.764	0	
272.764	0	
199.949	0	
272.764	0	
193.252	0	
207.279	0	
272.764	0	
197.708	0	
272.764	0	
272.764	0	
190.688	0	
272.764	0	
198.123	0	
272.764	0	
197.975	0	
326.983	0	
192.277	0	
172.17	0	
192.076	0	
220.498	0	
189.4	0	
199.888	0	
184.039	0	
192.851	0	
216.85	0	
193.607	0	
195.262	0	
195.492	0	
185.987	0	
168.562	0	
194.332	0	
183.935	0	
182.389	0	
179.538	0	
193.376	0	
191.782	0	
199.048	0	
189.141	0	
197.123	0	
190.805	0	
201.593	0	
200.6	0	
207.351	0	
195.413	0	
207.738	0	
217.467	0	
213.299	0	
203.927	0	
242.243	0	
219.213	0	
214.707	0	
235.561	0	
217.275	0	
237.774	0	
229.642	0	
218.538	0	
207.173	0	
230.974	0	
212.601	0	
220.478	0	
215.15	0	
211.654	0	
205.827	0	
208.487	0	
205.082	0	
205.564	0	
212.93	0	
203.366	0	
209.547	0	
207.511	0	
220.151	0	
213.243	0	
224.138	0	
219.368	0	
210.311	0	
211.914	0	
203.83	0	
203.188	0	
207.942	0	
200.635	0	
196.544	0	
196.02	0	
196.283	0	
195.055	0	
190.734	0	
194.351	0	
216.763	0	
202.559	0	
218.776	0	
208.595	0	
219.177	0	
226.408	0	
228.854	0	
224.657	0	
222.773	0	
229.509	0	
224.936	0	
229.796	0	
219.47	0	
215.047	0	
210.616	0	
217.607	0	
191.343	0	
201.271	0	
188.179	0	
193.995	0	
202.405	0	
180.339	0	
195.864	0	
193.388	0	
192.106	0	
179.642	0	
192.977	0	
192.508	0	
188.82	0	
194.736	0	
192.819	0	
181.062	0	
195.759	0	
198.446	0	
190.799	0	
188.777	0	
185.161	0	
190.434	0	
184.711	0	
185.436	0	
187.438	0	
186.833	0	
184.38	0	
183.568	0	
181.834	0	
181.064	0	
184.055	0	
185.095	0	
183.54	0	
182.968	0	
199.266	0	
183.57	0	
204.64	0	
192.925	0	
218.514	0	
183.333	0	
185.8	0	
188.429	0	
190.55	0	
182.52	0	
186.147	0	
182.907	0	
448.256	0	
187.702	0	
204.492	0	
196.641	0	
191.193	0	
197.081	0	
193.725	0	
192.385	0	
195.89	0	
194.446	0	
193.773	0	
186.678	0	
193.815	0	
201.5	0	
205.26	0	
204.181	0	
201.474	0	
202.611	0	
207.826	0	
207.588	0	
216.184	0	
204.386	0	
206.745	0	
206.854	0	
195.669	0	
193.778	0	
197.976	0	
210.869	0	
187.999	0	
194.209	0	
195.992	0	
190.887	0	
197.673	0	
194.733	0	
201.575	0	
195.226	0	
200.98	0	
199.209	0	
195.435	0	
192.612	0	
191.934	0	
184.109	0	
188.812	0	
192.014	0	
188.856	0	
174.703	0	
185.1	0	
173.791	0	
174.093	0	
190.768	0	
187.283	0	
190.615	0	
189.706	0	
181.375	0	
193.729	0	
189.547	0	
202.051	0	
206.254	0	
221.317	0	
208.782	0	
230.576	0	
226.717	0	
214.807	0	
195.245	0	
225.221	0	
219.445	0	
215.808	0	
218.854	0	
208.41	0	
208.045	0	
204.532	0	
220.061	0	
204.684	0	
204.517	0	
216.049	0	
209.696	0	
220.25	0	
213.706	0	
210.17	0	
206.244	0	
196.91	0	
199.042	0	
194.504	0	
198.873	0	
195.82	0	
196.465	0	
212.401	0	
197.172	0	
207.803	0	
208.379	0	
231.438	0	
221.298	0	
218.847	0	
214.049	0	
221.063	0	
215.381	0	
202.984	0	
206.651	0	
202.196	0	
199.621	0	
197.486	0	
197.646	0	
202.413	0	
202.054	0	
184.699	0	
186.283	0	
199.968	0	
189.869	0	
176.094	0	
191.563	0	
188.899	0	
184.785	0	
191.069	0	
182.174	0	
197.977	0	
295.682	0	
184.278	0	
183.788	0	
181.429	0	
182.712	0	
181.42	0	
178.636	0	
183.992	0	
181.443	0	
183.742	0	
192.202	0	
194.169	0	
190.737	0	
187.219	0	
221.237	0	
243.952	0	
185.836	0	
201.271	0	
198.099	0	
193.936	0	
191.764	0	
190.368	0	
228.81	0	
193.42	0	
197.138	0	
203.162	0	
203.894	0	
197.408	0	
191.349	0	
206.302	0	
190.163	0	
202.204	0	
217.212	0	
194.699	0	
192.589	0	
187.344	0	
292.034	0	
210.817	0	
198.471	0	
193.526	0	
203.559	0	
195.779	0	
194.289	0	
192.103	0	
192.98	0	
184.632	0	
186.869	0	
177.927	0	
187.433	0	
180.273	0	
190.818	0	
209.4	0	
202.607	0	
201.069	0	
215.405	0	
203.222	0	
218.941	0	
222.251	0	
214.792	0	
229.233	0	
215.323	0	
207.7	0	
204.093	0	
206.507	0	
185.112	0	
211.56	0	
212.441	0	
205.924	0	
207.173	0	
199.498	0	
188.747	0	
197.971	0	
200.159	0	
192.145	0	
193.355	0	
197.036	0	
200.679	0	
204.872	0	
203.69	0	
216.693	0	
207.561	0	
207.355	0	
204.884	0	
192.816	0	
199.957	0	
193.623	0	
195.013	0	
190.098	0	
192.594	0	
190.473	0	
195.845	0	
186.932	0	
185.723	0	
183.76	0	
188.993	0	
183.432	0	
181.936	0	
216.705	0	
205.117	0	
195.01	0	
195.31	0	
190.877	0	
190.724	0	
199.539	0	
199.918	0	
205.371	0	
203.386	0	
197.777	0	
202.47	0	
192.182	0	
205.844	0	
189.439	0	
188.062	0	
196.213	0	
189.758	0	
192.293	0	
192.776	0	
214.903	0	
194.357	0	
217.115	0	
215.569	0	
211.231	0	
209.594	0	
200.344	0	
202.528	0	
197.434	0	
198.238	0	
209.873	0	
321.391	0	
226.221	0	
212.495	0	
202.443	0	
208.979	0	
194.742	0	
196.465	0	
245.101	0	
180.627	0	
184.662	0	
183.191	0	
193.211	0	
199.224	0	
202.211	0	
196.041	0	
182.033	0	
187.262	0	
211.414	0	
192.257	0	
209.966	0	
218.826	0	
193.533	0	
200.682	0	
214.326	0	
207.703	0	
216.779	0	
216.415	0	
197.335	0	
203.041	0	
205.387	0	
194.345	0	
193.548	0	
402.392	0	
218.278	0	
215.863	0	
235.921	0	
224.558	0	
196.705	0	
198.989	0	
200.448	0	
200.753	0	
198.401	0	
200.009	0	
201.646	0	
211.019	0	
198.792	0	
200.385	0	
214.056	0	
210.936	0	
217.506	0	
214.85	0	
213.436	0	
217.52	0	
203.61	0	
206.069	0	
194.351	0	
193.64	0	
184.656	0	
181.677	0	
185.865	0	
237.68	0	
182.792	0	
183.772	0	
200.855	0	
206.654	0	
200.487	0	
199.643	0	
199.156	0	
194.57	0	
195.035	0	
194.248	0	
196.593	0	
191.397	0	
201.223	0	
193.772	0	
191.617	0	
194.078	0	
188.812	0	
188.141	0	
203.652	0	
200.073	0	
216.232	0	
218.466	0	
211.935	0	
210.181	0	
211.266	0	
210.875	0	
197.779	0	
199.594	0	
208.885	0	
204.414	0	
193.231	0	
193.242	0	
185.633	0	
186.522	0	
201.64	0	
195.454	0	
192.412	0	
187.742	0	
194.663	0	
189.988	0	
181.211	0	
182.905	0	
198.932	0	
203.033	0	
192.078	0	
192.505	0	
213.782	0	
213.754	0	
200.225	0	
203.411	0	
207.428	0	
199.46	0	
217.469	0	
232.126	0	
218.255	0	
570.715	0	
223.02	0	
216.22	0	
286.281	0	
224.2	0	
383.431	0	
195.233	0	
199.638	0	
208.386	0	
200.16	0	
201.034	0	
202.62	0	
204.337	0	
200.763	0	
198.738	0	
203.256	0	
201.593	0	
212.312	0	
217.157	0	
216.495	0	
216.017	0	
216.986	0	
215.989	0	
216.532	0	
217.248	0	
216.858	0	
214.05	0	
207.1	0	
219.177	0	
197.137	0	
189.955	0	
194.856	0	
208.361	0	
189.209	0	
185.538	0	
188.412	0	
189.889	0	
216.811	0	
180.721	0	
184.37	0	
183.485	0	
205.639	0	
192.4	0	
223.146	0	
243.891	0	
196.341	0	
200.345	0	
196.245	0	
199.006	0	
187.846	0	
197.737	0	
188.801	0	
197.658	0	
197.402	0	
195.258	0	
200.749	0	
193.082	0	
205.851	0	
260.297	0	
188.61	0	
190.516	0	
190.472	0	
190.09	0	
212.779	0	
199.1	0	
203.749	0	
194.078	0	
217.584	0	
219.027	0	
212.762	0	
210.117	0	
209.31	0	
211.16	0	
200.757	0	
199.75	0	
193.551	0	
187.518	0	
187.619	0	
191.058	0	
199.044	0	
198.541	0	
189.559	0	
190.542	0	
193.054	0	
186.876	0	
201.626	0	
212.538	0	
182.951	0	
180.609	0	
189.577	0	
187.858	0	
192.679	0	
201.237	0	
196.201	0	
206.089	0	
197.752	0	
205.843	0	
259.572	0	
217.386	0	
233.401	0	
238.453	0	
238.488	0	
247.87	0	
241.919	0	
239.707	0	
195.464	0	
200.93	0	
202.661	0	
197.312	0	
203.868	0	
206.614	0	
215.873	0	
231.408	0	
198.397	0	
192.215	0	
209.441	0	
214.528	0	
216.363	0	
217.48	0	
219.223	0	
215.992	0	
183.726	0	
197.855	0	
224.441	0	
210.42	0	
301.562	0	
206.171	0	
239.758	0	
245.318	0	
196.684	0	
192.278	0	
204.211	0	
206.619	0	
188.424	0	
205.963	0	
211.918	0	
203.225	0	
211.909	0	
201.957	0	
217.471	0	
222.817	0	
199.153	0	
188.329	0	
215.485	0	
202.821	0	
208.452	0	
186.493	0	
210.794	0	
210.828	0	
210.839	0	
211.374	0	
214.809	0	
207.404	0	
199.688	0	
207.4	0	
198.498	0	
197.531	0	
191.85	0	
187.213	0	
194.263	0	
188.802	0	
191.173	0	
194.612	0	
246.815	0	
216.768	0	
213.303	0	
207.724	0	
205.2	0	
207.862	0	
254.324	0	
200.048	0	
221.277	0	
388.955	0	
591.67	0	
206.005	0	
305.23	0	
216.739	0	
207.178	0	
221.998	0	
180.219	0	
200.238	0	
198.898	0	
190.19	0	
214.506	0	
207.288	0	
189.212	0	
248.35	0	
239.508	0	
198.681	0	
262.898	0	
186.713	0	
191.473	0	
215.124	0	
187.217	0	
191.898	0	
244.117	0	
209.758	0	
212.232	0	
211.77	0	
254.777	0	
235.024	0	
249.955	0	
187.93	0	
213.671	0	
224.257	0	
213.781	0	
192.372	0	
198.589	0	
189.909	0	
215.963	0	
211.686	0	
209.625	0	
208.285	0	
196.636	0	
207.125	0	
202.33	0	
208.097	0	
209.229	0	
204.875	0	
202.657	0	
252.879	0	
195.836	0	
193.766	0	
188.953	0	
189.369	0	
206.324	0	
185.5	0	
192.95	0	
187.369	0	
240.794	0	
218.445	0	
278.896	0	
234.75	0	
309.81	0	
184.475	0	
266.735	0	
291.308	0	
259.714	0	
262.498	0	
220.817	0	
176.396	0	
240.582	0	
202.559	0	
253.17	0	
384.169	0	
284.639	0	
324.707	0	
214.656	0	
199.698	0	
218.009	0	
183.053	0	
213.024	0	
199.705	0	
211.757	0	
211.602	0	
230.41	0	
191.905	0	
181.038	0	
221.335	0	
195.055	0	
192.737	0	
217.111	0	
203.514	0	
240.466	0	
193.963	0	
284.139	0	
277.383	0	
186.161	0	
184.121	0	
195.64	0	
190.952	0	
210.282	0	
213.596	0	
210.956	0	
212.471	0	
202.272	0	
203.189	0	
304.842	0	
322.058	0	
231.484	0	
214.421	0	
211.46	0	
212.224	0	
321.22	0	
184.963	0	
194.581	0	
199.381	0	
199.5	0	
190.36	0	
226.891	0	
185.558	0	
480.065	0	
197.888	0	
211.893	0	
220.403	0	
252.343	0	
237.838	0	
203.984	0	
214.125	0	
195.849	0	
208.859	0	
256.629	0	
245.962	0	
202.097	0	
191.619	0	
423.88	0	
191.007	0	
264.051	0	
295.047	0	
193.07	0	
195.744	0	
204.495	0	
234.154	0	
330.376	0	
216.901	0	
174.329	0	
144.219	0	
143.907	0	
146.186	0	
207.551	0	
163.221	0	
205.275	0	
206.949	0	
196.615	0	
208.967	0	
375.897	0	
248.227	0	
192.811	0	
236.816	0	
201.098	0	
211.942	0	
206.219	0	
221.34	0	
201.178	0	
208.349	0	
195.136	0	
199.21	0	
188.838	0	
204.519	0	
185.473	0	
193.399	0	
190.423	0	
232.629	0	
371.525	0	
266.682	0	
384.945	0	
322.693	0	
215.349	0	
264.577	0	
189.147	0	
178.975	0	
237.823	0	
289.328	0	
193.877	0	
210.661	0	
270.729	0	
207.505	0	
227.746	0	
285.585	0	
217.916	0	
225.724	0	
191.803	0	
202.949	0	
217.161	0	
194.852	0	
197.565	0	
203.415	0	
209.757	0	
203.453	0	
202.467	0	
200.634	0	
188.39	0	
185.999	0	
182.207	0	
189.846	0	
195.813	0	
212.183	0	
253.682	0	
438.562	0	
199.181	0	
198.442	0	
196.576	0	
195.419	0	
217.144	0	
207.794	0	
199.446	0	
196.253	0	
205.812	0	
234.333	0	
214.063	0	
211.286	0	
187.725	0	
187.717	0	
220.085	0	
192.122	0	
199.222	0	
186.661	0	
180.96	0	
190.16	0	
190.479	0	
191.07	0	
198.922	0	
192.681	0	
254.447	0	
217.794	0	
339.277	0	
180.579	0	
337.309	0	
193.985	0	
187.05	0	
208.231	0	
210.949	0	
212.131	0	
195.103	0	
185.372	0	
364.678	0	
259.139	0	
207.439	0	
204.233	0	
380.46	0	
214.222	0	
183.171	0	
198.059	0	
199.464	0	
226.055	0	
212.591	0	
211.555	0	
222.371	0	
200.503	0	
209.525	0	
207.635	0	
207.555	0	
213.306	0	
203.833	0	
206.942	0	
194.422	0	
192.336	0	
182.642	0	
184.831	0	
399.285	0	
203.582	0	
208.882	0	
200.986	0	
310.141	0	
208.753	0	
226.288	0	
217.859	0	
217.116	0	
215.815	0	
224.653	0	
216.844	0	
198.934	0	
198.8	0	
203.586	0	
197.213	0	
371.496	0	
282.316	0	
185.833	0	
189.079	0	
221.023	0	
209.05	0	
209.598	0	
212.13	0	
203.087	0	
215.745	0	
267.34	0	
316.005	0	
215.901	0	
220.238	0	
317.831	0	
533.711	0	
270.976	0	
178.213	0	
203.295	0	
220.565	0	
191.233	0	
195.278	0	
352.586	0	
232.603	0	
218.984	0	
264.32	0	
394.192	0	
273.831	0	
228.266	0	
340.221	0	
158.863	0	
221.293	0	
213.589	0	
216.721	0	
210.891	0	
207.747	0	
211.594	0	
346.924	0	
305.574	0	
216.713	0	
183.565	0	
199.337	0	
226.814	0	
206.293	0	
332.602	0	
275.545	0	
359.442	0	
313.993	0	
159.004	0	
199.474	0	
214.87	0	
196.792	0	
305.537	0	
218.571	0	
192.138	0	
195.363	0	
227.216	0	
210.746	0	
277.271	0	
248.909	0	
212.937	0	
224.008	0	
208.959	0	
204.417	0	
209.159	0	
209.615	0	
339.496	0	
474.43	0	
183.218	0	
180.054	0	
253.622	0	
321.769	0	
192.405	0	
192.88	0	
230.48	0	
232.112	0	
210.448	0	
206.759	0	
227.348	0	
269.27	0	
215.798	0	
221.014	0	
404.945	0	
338.698	0	
194.656	0	
191.481	0	
210.444	0	
209.552	0	
280.367	0	
189.129	0	
216.271	0	
212.008	0	
223.309	0	
362.734	0	
415.214	0	
192.619	0	
201.575	0	
139.25	0	
226.722	0	
366.869	0	
318.883	0	
240.102	0	
198.321	0	
206.05	0	
210.953	0	
212.871	0	
212.937	0	
214.238	0	
216.798	0	
162.877	0	
198.996	0	
208.684	0	
312.665	0	
340.101	0	
160.487	0	
155.979	0	
356.698	0	
315.058	0	
401.657	0	
429.75	0	
162.836	0	
198.748	0	
421.648	0	
199.571	0	
206.533	0	
177.983	0	
401.448	0	
461.319	0	
745.035	0	
362.969	0	
191.996	0	
198.176	0	
566.896	0	
307.711	0	
180.078	0	
218.487	0	
202.625	0	
720.536	0	
201.558	0	
477.284	0	
540.236	0	
496.777	0	
472.248	0	
188.784	0	
201.129	0	
85.5316	0	
199.638	0	
218.992	0	
204.637	0	
198.623	0	
400.205	0	
212.147	0	
343.111	0	
182.3	0	
219.066	0	
197.909	0	
205.893	0	
217.316	0	
372.816	0	
354.333	0	
209.284	0	
180.65	0	
206.687	0	
353.76	0	
381.903	0	
288.633	0	
396.897	0	
367.194	0	
293.78	0	
271.395	0	
153.991	0	
166.656	0	
191.628	0	
211.108	0	
337.112	0	
209.374	0	
162.172	0	
207.94	0	
272.764	0	
413.762	0	
299.023	0	
385.176	0	
607.054	0	
734.296	0	
493.899	0	
544.825	0	
81.804	0	
89.3713	0	
213.846	0	
199.719	0	
494.38	0	
128.623	0	
186.432	0	
227.442	0	
217.741	0	
209.655	0	
305.907	0	
397.443	0	
583.783	0	
319.511	0	
369.409	0	
619.592	0	
391.317	0	
214.65	0	
447.915	0	
548.938	0	
455.655	0	
276.707	0	
681.329	0	
449.057	0	
825.642	0	
459.331	0	
607.631	0	
916.09	0	
561.708	0	
191.321	0	
866.298	0	
731.778	0	
414.171	0	
500.347	0	
871.821	0	
840.977	0	
776.774	0	
377.6	0	
177.709	0	
206.18	0	
252.995	0	
440.772	0	
191.468	0	
245.003	0	
215.334	0	
228.371	0	
642.276	0	
384.572	0	
185.327	0	
208.101	0	
714.343	0	
399.184	0	
179.484	0	
189.671	0	
596.456	0	
292.455	0	
363.124	0	
204.336	0	
226.923	0	
215.696	0	
357.541	0	
388.343	0	
181.94	0	
140.082	0	
349.199	0	
317.646	0	
176.601	0	
182.144	0	
274.683	0	
386.596	0	
209.718	0	
76.5806	0	
210.923	0	
215.091	0	
791.863	0	
775.947	0	
801.64	0	
666.937	0	
371.837	0	
530.116	0	
940.439	0	
731.082	0	
591.27	0	
1039.13	0	
191.693	0	
167.347	0	
378.472	0	
429.047	0	
364.368	0	
382.733	0	
216.914	0	
202.815	0	
868.592	0	
700.851	0	
366.845	0	
803.42	0	
179.915	0	
186.113	0	
662.659	0	
92.3946	0	
425.722	0	
520.212	0	
1098.83	0	
49.0556	0	
831.688	0	
695.679	0	
177.606	0	
178.271	0	
663.786	0	
525.213	0	
757.236	0	
789.082	0	
396.828	0	
198.245	0	
179.803	0	
178.822	0	
364.905	0	
306.576	0	
208.511	0	
209.448	0	
387.121	0	
365.649	0	
168.938	0	
285.19	0	
487.101	0	
407.133	0	
204.727	0	
195.836	0	
534.953	0	
1047.1	0	
427.27	0	
201.392	0	
111.263	0	
203.967	0	
199.179	0	
208.315	0	
205.781	0	
227.15	0	
802.31	0	
883.6	0	
534.637	0	
234.805	0	
136.172	0	
59.8245	0	
715.828	0	
556.258	0	
821.583	0	
447.412	0	
181.678	0	
192.747	0	
184.954	0	
202.303	0	
199.638	0	
192.866	0	
500.796	0	
444.307	0	
196.751	0	
154.379	0	
915.737	0	
201.162	0	
173.165	0	
151.992	0	
742.548	0	
605.195	0	
183.763	0	
198.377	0	
356.806	0	
203.17	0	
601.34	0	
674.461	0	
798.641	0	
517.714	0	
550.218	0	
322.46	0	
110.083	0	
195.404	0	
1063.2	0	
180.416	0	
401.807	0	
403.23	0	
212.092	0	
229.512	0	
351.957	0	
341.327	0	
152.102	0	
62.9704	0	
524.059	0	
521.346	0	
174.388	0	
173.405	0	
171.381	0	
174.55	0	
825.458	0	
961.979	0	
911.271	0	
698.859	0	
609.408	0	
561.559	0	
573.291	0	
615.032	0	
856.625	0	
1021.29	0	
706.59	0	
157.875	0	
607.862	0	
134.462	0	
538.498	0	
464.236	0	
160.613	0	
224.11	0	
184.341	0	
191.429	0	
955.43	0	
1016.13	0	
501.076	0	
180.863	0	
411.387	0	
388.172	0	
389.385	0	
385.998	0	
278.649	0	
324.48	0	
223.685	0	
194.95	0	
984.66	0	
170.064	0	
228.893	0	
190.842	0	
880.215	0	
435.769	0	
185.489	0	
153.823	0	
448.398	0	
539.101	0	
165.506	0	
59.4336	0	
105.113	0	
176.123	0	
554.919	0	
233.301	0	
272.764	0	
1083.07	0	
254.051	0	
265.717	0	
764.461	0	
640.946	0	
897.822	0	
750.178	0	
183.755	0	
155.676	0	
231.605	0	
193.306	0	
310.069	0	
360.852	0	
192.317	0	
272.764	0	
1093.82	0	
91.1678	0	
694.146	0	
709.215	0	
493.727	0	
178.255	0	
176.809	0	
92.1417	0	
1017.81	0	
1072.59	0	
179.147	0	
201.384	0	
374.658	0	
481.38	0	
337.914	0	
358.944	0	
68.7799	0	
76.2506	0	
548.428	0	
555.745	0	
400.87	0	
395.238	0	
65.9831	0	
169.393	0	
55.59	0	
72.6916	0	
617.455	0	
208.622	0	
150.292	0	
359.573	0	
545.183	0	
168.543	0	
538.343	0	
565.973	0	
168.828	0	
295.953	0	
171.275	0	
157.005	0	
178.296	0	
150.335	0	
25.1023	0	
272.764	0	
166.141	0	
183.123	0	
449.971	0	
1032.24	0	
1098.95	0	
31.351	0	
180.183	0	
200.26	0	
363.681	0	
414.72	0	
302.148	0	
229.331	0	
409.218	0	
419.307	0	
53.9462	0	
272.764	0	
360.243	0	
359.128	0	
378.036	0	
359.963	0	
232.363	0	
203.35	0	
361.706	0	
362.048	0	
272.764	0	
376.058	0	
275.499	0	
359.711	0	
111.431	0	
272.764	0	
358.485	0	
360.283	0	
258.414	0	
192.035	0	
477.782	0	
578.629	0	
613.732	0	
522.843	0	
613.028	0	
539.59	0	
551.094	0	
570.923	0	
60.7292	0	
33.6079	0	
58.7724	0	
32.6847	0	
65.9997	0	
27.5903	0	
26.4561	0	
38.854	0	
209.964	0	
256.439	0	
519.355	0	
700.795	0	
399.744	0	
266.129	0	
1095.31	0	
1100.41	0	
1054.9	0	
1052.22	0	
961.084	0	
999.558	0	
366.671	0	
372.836	0	
858.913	0	
172.042	0	
559.661	0	
550.449	0	
562.653	0	
238.849	0	
32.4808	0	
90.6068	0	
223.049	0	
244.407	0	
225.582	0	
290.287	0	
394.734	0	
143.196	0	
1079.41	0	
1064.26	0	
1044.52	0	
861.055	0	
716.068	0	
944.91	0	
1016.53	0	
969.763	0	
215.243	0	
284.733	0	
251.942	0	
263.699	0	
376.655	0	
690.67	0	
888.54	0	
934.568	0	
287.097	0	
342.404	0	
522.398	0	
295.989	0	
350.826	0	
326.115	0	
63.971	0	
133.038	0	
359.464	0	
272.764	0	
272.45	0	
272.764	0	
265.368	0	
272.764	0	
226.765	0	
340.505	0	
112.22	0	
294.147	0	
594.367	0	
98.0425	0	
272.764	0	
272.764	0	
272.764	0	
287.351	0	
167.339	0	
261.706	0	
51.2161	0	
70.1839	0	
336.777	0	
360.679	0	
339.945	0	
352.13	0	
272.764	0	
773.604	0	
357.652	0	
356.401	0	
862.298	0	
477.33	0	
932.215	0	
690.592	0	
845.348	0	
277.746	0	
530.346	0	
519.598	0	
439.121	0	
285.534	0	
604.769	0	
134.906	0	
272.764	0	
274.587	0	
272.764	0	
272.764	0	
164.78	0	
96.2681	0	
241.839	0	
252.486	0	
289.756	0	
290.966	0	
324.255	0	
272.764	0	
485.706	0	
280.057	0	
214.245	0	
329.265	0	
354.388	0	
339.954	0	
272.764	0	
272.764	0	
730.135	0	
452.502	0	
272.764	0	
272.764	0	
272.764	0	
272.764	0	
418.878	0	
323.716	0	
272.764	0	
272.764	0	
272.764	0	
580.036	0	
272.764	0	
272.764	0	
305.583	0	
272.764	0	
349.265	0	
272.764	0	
347.016	0	
346.027	0	
275.499	0	
343.3	0	
272.764	0	
272.764	0	
272.764	0	
272.764	0	
272.764	0	
307.228	0	
272.764	0	
272.764	0	
260.8	0	
196.229	0	
443.295	0	
609.13	0	
344.409	0	
306.235	0	
311.001	0	
335.736	0	
564.737	0	
518.859	0	
273.675	0	
339.602	0	
272.764	0	
279.224	0	
272.764	0	
272.764	0	
272.764	0	
338.231	0	
272.764	0	
272.764	0	
481.243	0	
300.229	0	
272.764	0	
272.764	0	
250.074	0	
297.754	0	
282.688	0	
260.497	0	
340.664	0	
398.32	0	
272.764	0	
272.764	0	
512.54	0	
376.838	0	
272.764	0	
272.764	0	
300.567	0	
272.764	0	
280.938	0	
301.829	0	
283.322	0	
394.391	0	
294.31	0	
294.987	0	
305.687	0	
313.906	0	
293.389	0	
297.937	0	
274.43	0	
272.764	0	
286.482	0	
281.704	0	
304.509	0	
336.282	0	
272.764	0	
272.764	0	
511.297	0	
373.938	0	
371.516	0	
285.22	0	
272.764	0	
345.674	0	
272.764	0	
272.764	0	
277.996	0	
272.764	0	
272.764	0	
272.764	0	
272.764	0	
272.764	0	
390.736	0	
409.735	0	
272.764	0	
310.742	0	
304.018	0	
314.653	0	
272.764	0	
272.764	0	
272.764	0	
272.764	0	
272.764	0	
272.764	0	
318.697	0	
275.68	0	
272.764	0	
272.764	0	
283.629	0	
277.996	0	
300.027	0	
272.764	0	
290.655	0	
276.478	0	
272.764	0	
272.764	0	
272.764	0	
272.764	0	
272.764	0	
272.764	0	
272.764	0	
272.764	0	
272.764	0	
272.764	0	
272.764	0	
272.764	0	
272.764	0	
272.764	0	
272.764	0	
272.764	0	
272.764	0	
272.764	0	
387.72	0	
331.126	0	
272.764	0	
272.764	0	
272.764	0	
272.764	0	
272.764	0	
272.764	0	
272.764	0	
272.764	0	
276.478	0	
272.972	0	
272.764	0	
274.014	0	
272.764	0	
272.764	0	
272.764	0	
272.764	0	
272.764	0	
272.764	0	
274.43	0	
272.764	0	
272.764	0	
272.764	0	
272.764	0	
272.764	0	
272.764	0	
272.764	0	
323.776	0	
292.172	0	
272.764	0	
272.764	0	
272.764	0	
272.764	0	
272.764	0	
272.764	0	
319.351	0	
272.764	0	
272.929	0	
272.764	0	
272.764	0	
272.764	0	
272.764	0	
272.764	0	
272.764	0	
272.764	0	
272.764	0	
272.764	0	
272.764	0	
272.764	0	
272.764	0	
272.764	0	
272.764	0	
298.704	0	
272.764	0	
273.389	0	
272.764	0	
272.764	0	
272.764	0	
272.764	0	
272.764	0	
272.764	0	
272.764	0	
272.764	0	
272.764	0	
272.764	0	
272.764	0	
272.764	0	
272.764	0	
272.764	0	
280.098	0	
272.967	0	
273.549	0	
273.415	0	
272.764	0	
272.764	0	
272.764	0	
272.764	0	
272.764	0	
272.764	0	
273.288	0	
277.553	0	
272.764	0	
273.157	0	
272.829	0	
272.764	0	
273.886	0	
272.764	0	
272.764	0	
272.764	0	
272.764	0	
272.764	0	
272.764	0	
272.764	0	
273.568	0	
273.961	0	
272.805	0	
272.969	0	
298.704	0	
280.098	0	
272.764	0	
272.764	0	
272.764	0	
272.764	0	
272.915	0	
272.779	0	
275.982	0	
283.54	0	
272.779	0	
272.764	0	
272.764	0	
272.764	0	
272.764	0	
272.764	0	
272.764	0	
272.764	0	
272.839	0	
272.764	0	
272.764	0	
272.764	0	
272.764	0	
272.911	0	
272.764	0	
272.766	0	
272.764	0	
272.764	0	
272.771	0	
272.764	0	
272.764	0	
272.764	0	
272.764	0	
272.764	0	
272.771	0	
272.764	0	
272.764	0	
272.764	0	
272.764	0	
272.764	0	
272.764	0	
272.764	0	
272.764	0	
272.764	0	
273.157	0	
272.764	0	
272.764	0	
272.764	0	
272.764	0	
272.764	0	
272.764	0	
272.764	0	
272.764	0	
272.783	0	
272.764	0	
272.764	0	
272.839	0	
272.764	0	
272.764	0	
272.764	0	
272.764	0	
272.764	0	
272.764	0	
272.766	0	
272.764	0	
272.764	0	
272.764	0	
272.764	0	
272.764	0	
272.764	0	
272.788	0	
272.764	0	
272.764	0	
272.764	0	
272.764	0	
272.764	0	
272.764	0	
272.764	0	
272.764	0	
272.764	0	
272.764	0	
272.764	0	
272.764	0	
272.764	0	
272.764	0	
272.764	0	
272.764	0	
272.764	0	
272.764	0	
272.764	0	
272.764	0	
272.764	0	
272.764	0	
272.764	0	
272.764	0	
272.764	0	
272.764	0	
272.764	0	
272.764	0	
272.764	0	
272.764	0	
272.764	0	
272.764	0	
272.764	0	
272.764	0	
272.764	0	
272.764	0	
272.764	0	
272.764	0	
272.764	0	
272.764	0	
272.764	0	
272.764	0	
272.764	0	
272.764	0	
272.764	0	
272.764	0	
272.764	0	
272.764	0	
272.764	0	
272.764	0	
272.764	0	
272.764	0	
272.764	0	
272.764	0	
272.764	0	
272.764	0	
272.764	0	
272.764	0	
272.764	0	
272.764	0	
272.764	0	
272.764	0	
272.764	0	
272.764	0	
272.764	0	
272.764	0	
272.764	0	
202.599	0	
203.109	0	
202.022	0	
202.538	0	
201.592	0	
204.597	0	
200.381	0	
226.755	0	
203.734	0	
210.137	0	
218.192	0	
214.272	0	
185.816	0	
200.085	0	
188.295	0	
186.796	0	
180.265	0	
180.868	0	
177.923	0	
200.165	0	
202.139	0	
199.812	0	
199.73	0	
204.176	0	
204.444	0	
197.932	0	
204.882	0	
199.404	0	
204.6	0	
192.843	0	
195.758	0	
192.057	0	
207.04	0	
202.487	0	
202.365	0	
203.337	0	
204.312	0	
205.79	0	
202.132	0	
201.485	0	
203.571	0	
201.999	0	
199.589	0	
201.297	0	
199.787	0	
204.177	0	
206.361	0	
202.399	0	
201.18	0	
200.869	0	
199.609	0	
199.527	0	
200.687	0	
204.239	0	
204.777	0	
200.773	0	
199.076	0	
197.644	0	
201.986	0	
203.549	0	
202.148	0	
200.633	0	
200.407	0	
201.598	0	
199.347	0	
200.342	0	
199.483	0	
200.516	0	
199.632	0	
200.273	0	
201.034	0	
205.029	0	
200.725	0	
201.195	0	
205.633	0	
204.825	0	
201.724	0	
203.174	0	
199.242	0	
197.984	0	
198.217	0	
198.361	0	
208.584	0	
199.285	0	
199.352	0	
201.612	0	
198.424	0	
199.011	0	
198.881	0	
199.25	0	
201.9	0	
201.943	0	
199.897	0	
198.196	0	
221.988	0	
200.459	0	
200.758	0	
212.209	0	
201.403	0	
206.15	0	
202.996	0	
204.209	0	
217.432	0	
205.607	0	
200.268	0	
199.083	0	
202.371	0	
201.523	0	
201.712	0	
199.623	0	
197.436	0	
196.83	0	
197.126	0	
199.409	0	
202.817	0	
210.611	0	
216.224	0	
229.944	0	
224.492	0	
209.356	0	
201.991	0	
199.61	0	
201.328	0	
202.35	0	
198.227	0	
200.738	0	
199.427	0	
195.73	0	
197.352	0	
201.242	0	
207.192	0	
205.878	0	
202.393	0	
200.382	0	
201.18	0	
204.087	0	
204.465	0	
197.054	0	
196.224	0	
204.75	0	
198.588	0	
199.96	0	
200.406	0	
201.453	0	
203.162	0	
202.92	0	
206.68	0	
202.788	0	
208.313	0	
201.484	0	
199.871	0	
204.003	0	
208.476	0	
203.74	0	
204.837	0	
212.231	0	
206.749	0	
202.751	0	
203.153	0	
200.267	0	
202.438	0	
205.745	0	
202.602	0	
206.942	0	
222.562	0	
218.131	0	
211.906	0	
220.372	0	
206.377	0	
202.96	0	
200.447	0	
201.741	0	
211.653	0	
205.845	0	
201.115	0	
199.597	0	
201.405	0	
204.295	0	
213.326	0	
212.42	0	
210.075	0	
220.538	0	
201.106	0	
200.06	0	
203.256	0	
206.778	0	
203.644	0	
204.533	0	
202.81	0	
201.895	0	
199.829	0	
202.225	0	
203.91	0	
203.439	0	
203.22	0	
205.055	0	
206.244	0	
204.077	0	
201.952	0	
199.579	0	
199.721	0	
209.112	0	
199.475	0	
199.93	0	
199.133	0	
199.918	0	
203.285	0	
212.513	0	
213.548	0	
201.515	0	
199.27	0	
202.724	0	
208.476	0	
202.86	0	
204.236	0	
228.473	0	
220.046	0	
218.115	0	
205.984	0	
200.015	0	
197.157	0	
203.202	0	
202.54	0	
202.591	0	
244.785	0	
250.87	0	
201.547	0	
198.117	0	
197.195	0	
199.876	0	
206.588	0	
198.429	0	
240.498	0	
239.309	0	
215.227	0	
248.774	0	
227.993	0	
241.818	0	
221.984	0	
229.325	0	
226.852	0	
229.206	0	
236.726	0	
232.129	0	
254.746	0	
232.649	0	
197.222	0	
199.812	0	
219.603	0	
199.846	0	
235.352	0	
243.863	0	
198.076	0	
197.097	0	
240.233	0	
230.732	0	
267.797	0	
287.786	0	
275.092	0	
226.861	0	
198.499	0	
194.493	0	
198.341	0	
196.26	0	
204.506	0	
197.495	0	
224.082	0	
203.762	0	
207.844	0	
223.166	0	
235.783	0	
240.968	0	
264.029	0	
234.939	0	
244.49	0	
263.558	0	
245.517	0	
210.069	0	
274.007	0	
276.01	0	
253.092	0	
238.045	0	
290.143	0	
283.928	0	
266.159	0	
272.762	0	
310.311	0	
332.232	0	
314.158	0	
281.338	0	
222.256	0	
225.047	0	
226.88	0	
219.769	0	
210.68	0	
230.744	0	
213.026	0	
210.256	0	
207.423	0	
220.252	0	
240.664	0	
219.135	0	
211.664	0	
209.467	0	
208.547	0	
214.368	0	
210.947	0	
211.274	0	
205.841	0	
227.023	0	
226.641	0	
198.362	0	
237.928	0	
207.844	0	
229.772	0	
208.593	0	
226.839	0	
219.725	0	
218.478	0	
218.673	0	
217.743	0	
221.768	0	
216.591	0	
224.692	0	
221.69	0	
215.929	0	
214.032	0	
222.097	0	
221.143	0	
218.772	0	
220.326	0	
212.367	0	
213.181	0	
222.2	0	
224.517	0	
225.946	0	
219.724	0	
221.715	0	
209.45	0	
210.234	0	
215.266	0	
226.079	0	
223.952	0	
226.841	0	
227.448	0	
228.628	0	
246.739	0	
220.575	0	
213.481	0	
223.884	0	
233.564	0	
226.838	0	
226.6	0	
227.403	0	
232.118	0	
236.391	0	
228.048	0	
238.464	0	
234.727	0	
217.523	0	
214.381	0	
224.334	0	
223.727	0	
228.4	0	
235.918	0	
230.727	0	
228.564	0	
225.498	0	
226.649	0	
235.683	0	
236.9	0	
240.959	0	
252.311	0	
206.714	0	
208.423	0	
223.874	0	
225.717	0	
233.405	0	
240.882	0	
227.918	0	
220.141	0	
260.654	0	
243.71	0	
246.614	0	
271.143	0	
277.985	0	
264.671	0	
369.12	0	
259.274	0	
279.358	0	
267.309	0	
249.752	0	
246.927	0	
259.002	0	
259.783	0	
224.872	0	
221.262	0	
291.036	0	
270.871	0	
277.94	0	
255.119	0	
224.35	0	
229.49	0	
217.081	0	
216.72	0	
222.027	0	
212.323	0	
222.215	0	
227.921	0	
219.556	0	
221.717	0	
211.803	0	
233.27	0	
229.354	0	
209.592	0	
202.926	0	
203.92	0	
219.23	0	
223.618	0	
218.448	0	
214.612	0	
185.437	0	
194.815	0	
184.944	0	
202.826	0	
179.881	0	
184.604	0	
184.268	0	
168.841	0	
151.479	0	
223.116	0	
221.216	0	
224.09	0	
206.979	0	
212.881	0	
300.808	0	
295.786	0	
325.253	0	
290.389	0	
203.972	0	
257.753	0	
207.956	0	
205.292	0	
343.43	0	
319.206	0	
347.05	0	
265.413	0	
211.443	0	
219.626	0	
358.878	0	
329.401	0	
297.55	0	
340.525	0	
260.9	0	
275.594	0	
209.967	0	
203.582	0	
376.512	0	
432.043	0	
228.691	0	
349.07	0	
226.488	0	
222.967	0	
227.82	0	
215.675	0	
218.259	0	
214.419	0	
217.913	0	
221.8	0	
213.436	0	
210.99	0	
203.556	0	
214.703	0	
208.112	0	
207.454	0	
221.112	0	
214.505	0	
207.411	0	
194.864	0	
232.07	0	
221.952	0	
219.99	0	
222.315	0	
221.991	0	
218.818	0	
219.363	0	
229.535	0	
228.735	0	
217.659	0	
216.292	0	
216.929	0	
219.756	0	
224.049	0	
233.077	0	
220.304	0	
217.522	0	
216.554	0	
216.2	0	
217.138	0	
216.796	0	
219.769	0	
223.805	0	
222.422	0	
221.417	0	
216.154	0	
216.585	0	
216.833	0	
217.213	0	
215.34	0	
214.755	0	
214.256	0	
224.733	0	
225.188	0	
230.2	0	
222.277	0	
218.777	0	
217.016	0	
216.466	0	
216.868	0	
216.44	0	
216.813	0	
217.307	0	
215.837	0	
214.82	0	
230.505	0	
229.784	0	
223.758	0	
227.171	0	
215.324	0	
214.858	0	
213.853	0	
215.571	0	
217.833	0	
218.392	0	
215.834	0	
216.222	0	
213.152	0	
214.01	0	
228.722	0	
223.366	0	
225.952	0	
226.503	0	
217.446	0	
215.297	0	
218.25	0	
216.001	0	
218.959	0	
217.259	0	
227.949	0	
233.245	0	
225.047	0	
226.26	0	
217.158	0	
215.872	0	
212.406	0	
215.514	0	
217.661	0	
213.855	0	
212.334	0	
211.212	0	
218.66	0	
216.898	0	
210.391	0	
213.695	0	
214.696	0	
212.882	0	
224.593	0	
220.002	0	
212.342	0	
210.702	0	
212.001	0	
211.887	0	
214.493	0	
216.968	0	
221.621	0	
230.404	0	
219.671	0	
217.426	0	
216.96	0	
219.543	0	
220.056	0	
219.147	0	
217.585	0	
213.701	0	
213.455	0	
211.359	0	
212.728	0	
215.683	0	
216.554	0	
209.118	0	
213.279	0	
214.026	0	
212.171	0	
211.94	0	
212.144	0	
213.095	0	
214.572	0	
206.579	0	
209.709	0	
210.056	0	
209.214	0	
210.9	0	
215.969	0	
209.044	0	
211.433	0	
203.124	0	
205.039	0	
206.711	0	
206.849	0	
199.179	0	
189.936	0	
205.341	0	
209.433	0	
209.16	0	
209.338	0	
203.472	0	
205.816	0	
210.898	0	
215.21	0	
209.51	0	
207.705	0	
201.759	0	
208.737	0	
201.081	0	
193.376	0	
206.95	0	
199.063	0	
205.703	0	
210.617	0	
199.986	0	
210.189	0	
196.628	0	
201.549	0	
210.429	0	
209.947	0	
221.144	0	
219.138	0	
212.461	0	
184.544	0	
198.127	0	
178.586	0	
201.547	0	
209.503	0	
207.636	0	
211.175	0	
175.409	0	
186.067	0	
209.207	0	
209.081	0	
212.767	0	
212.845	0	
208.398	0	
208.899	0	
213.077	0	
215.586	0	
153.66	0	
194.405	0	
190.265	0	
189.391	0	
219.073	0	
217.309	0	
208.97	0	
205.575	0	
131.254	0	
125.475	0	
180.002	0	
172.863	0	
154.566	0	
208.066	0	
216.124	0	
221.574	0	
183.571	0	
187.637	0	
212.906	0	
216.881	0	
221.171	0	
219.443	0	
169.915	0	
173.916	0	
209.673	0	
210.155	0	
224.123	0	
201.428	0	
208.506	0	
203.386	0	
199.981	0	
195.902	0	
200.471	0	
217.601	0	
219.55	0	
214.033	0	
212.962	0	
199.456	0	
212.726	0	
212.21	0	
213.862	0	
211.149	0	
207.689	0	
211.105	0	
209.351	0	
210.431	0	
215.594	0	
208.868	0	
208.362	0	
208.917	0	
207.239	0	
206.42	0	
207.964	0	
215.602	0	
221.437	0	
207.964	0	
208.446	0	
206.325	0	
208.12	0	
213.005	0	
210.802	0	
219.462	0	
214.896	0	
213.49	0	
214.462	0	
208.008	0	
206.88	0	
205.301	0	
206.29	0	
206.328	0	
206.029	0	
208.634	0	
209.532	0	
211.919	0	
206.253	0	
206.684	0	
206.7	0	
208.854	0	
207.53	0	
206.595	0	
205.556	0	
207.288	0	
205.972	0	
205.311	0	
206.74	0	
212.2	0	
210.711	0	
205.949	0	
204.891	0	
204.144	0	
205.254	0	
207.542	0	
208.638	0	
213.327	0	
212.784	0	
201.121	0	
203.062	0	
208.203	0	
204.95	0	
202.906	0	
202.2	0	
204.708	0	
204.783	0	
202.708	0	
202.069	0	
204.564	0	
204.498	0	
206.292	0	
209.657	0	
214.128	0	
212.394	0	
202.276	0	
200.486	0	
198.229	0	
201.376	0	
200.725	0	
201.622	0	
208.221	0	
204.341	0	
204.302	0	
208.088	0	
209.738	0	
211.613	0	
207.411	0	
213.833	0	
211.049	0	
212.197	0	
217.108	0	
216.923	0	
199.719	0	
195.687	0	
193.697	0	
195.959	0	
203.06	0	
206.441	0	
203.835	0	
197.092	0	
196.599	0	
194.481	0	
194.874	0	
203.283	0	
209.143	0	
202.704	0	
200.004	0	
190.1	0	
186.767	0	
188.383	0	
213.603	0	
197.099	0	
201.243	0	
199.698	0	
192.312	0	
190.399	0	
192.039	0	
192.096	0	
187.333	0	
189.325	0	
199.264	0	
198.494	0	
190.757	0	
191.428	0	
188.581	0	
189.531	0	
193.835	0	
187.765	0	
202.855	0	
189.403	0	
186.507	0	
191.654	0	
195.968	0	
193.134	0	
190.683	0	
196.889	0	
191.364	0	
193.622	0	
202.069	0	
204.597	0	
192.817	0	
192.581	0	
195.176	0	
202.816	0	
203.284	0	
198.251	0	
187.186	0	
185.693	0	
188.267	0	
189.688	0	
188.988	0	
196.161	0	
192.976	0	
189.246	0	
189.366	0	
191.614	0	
196.357	0	
185.093	0	
184.978	0	
194.969	0	
204.39	0	
189.243	0	
187.508	0	
198.727	0	
203.329	0	
185.643	0	
183.743	0	
193.293	0	
193.837	0	
191.925	0	
192.76	0	
195.833	0	
196.578	0	
196.887	0	
195.989	0	
196.451	0	
203.487	0	
200.68	0	
199.664	0	
198.734	0	
203.537	0	
209.402	0	
199.241	0	
194.012	0	
196.299	0	
205.202	0	
218.418	0	
211.813	0	
239.407	0	
208.943	0	
213.955	0	
202.499	0	
202.937	0	
197.266	0	
216.054	0	
238.399	0	
219.277	0	
246.886	0	
208.848	0	
197.756	0	
200.756	0	
201.089	0	
207.525	0	
222.794	0	
229.633	0	
212.289	0	
226.726	0	
258.661	0	
224.453	0	
302.336	0	
211.809	0	
207.544	0	
202.548	0	
229.939	0	
260.846	0	
236.075	0	
222.512	0	
282.716	0	
311.78	0	
247.103	0	
265.877	0	
200.229	0	
205.04	0	
183.054	0	
191.97	0	
184.464	0	
192.826	0	
277.324	0	
226.281	0	
251.599	0	
253.711	0	
184.333	0	
182.721	0	
186.386	0	
187.673	0	
201.225	0	
184.822	0	
227.215	0	
247.841	0	
288.477	0	
306.666	0	
250.516	0	
267.45	0	
185.125	0	
191.06	0	
183.651	0	
183.698	0	
207.823	0	
218.173	0	
203.31	0	
232.272	0	
192.583	0	
185.409	0	
184.969	0	
189.587	0	
192.351	0	
235.933	0	
192.929	0	
178.681	0	
181.441	0	
190.885	0	
180.91	0	
190.724	0	
213.784	0	
218.019	0	
202.711	0	
206.501	0	
209.226	0	
231.889	0	
263.998	0	
234.499	0	
179.953	0	
183.511	0	
289.97	0	
211.956	0	
194.506	0	
183.687	0	
252.597	0	
216.364	0	
217.874	0	
198.189	0	
185.974	0	
180.691	0	
272.19	0	
208.885	0	
194.358	0	
183.911	0	
235.56	0	
245.332	0	
209.01	0	
183.904	0	
228.987	0	
296.558	0	
296.181	0	
239.629	0	
183.496	0	
182.966	0	
181.663	0	
187.167	0	
180.461	0	
182.12	0	
206.794	0	
206.782	0	
197.255	0	
179.71	0	
193.094	0	
192.849	0	
190.157	0	
191.369	0	
196.985	0	
198.537	0	
187.713	0	
189.97	0	
187.821	0	
185.828	0	
188.96	0	
191.859	0	
190.487	0	
198.502	0	
195.502	0	
187.416	0	
183.315	0	
208.759	0	
189.291	0	
208.981	0	
201.407	0	
211.834	0	
202.882	0	
206.167	0	
191.624	0	
203.125	0	
202.639	0	
205.116	0	
201.208	0	
203.044	0	
201.636	0	
206.318	0	
227.856	0	
225.507	0	
203.493	0	
222.291	0	
174.38	0	
187.176	0	
188.753	0	
203.337	0	
201.5	0	
204.123	0	
185.447	0	
203.09	0	
199.28	0	
193.01	0	
201.915	0	
192.597	0	
202.899	0	
190.87	0	
200.187	0	
194.599	0	
201.422	0	
195.418	0	
183.279	0	
190.264	0	
196.698	0	
194.353	0	
200.023	0	
195.137	0	
200.556	0	
196.441	0	
195.067	0	
195.658	0	
200.423	0	
196.868	0	
195.853	0	
201.434	0	
195.808	0	
197.693	0	
198.348	0	
203.595	0	
194.785	0	
200.313	0	
194.252	0	
195.942	0	
196.404	0	
198.989	0	
196.117	0	
204.466	0	
186.822	0	
195.561	0	
194.068	0	
187.336	0	
188.365	0	
189.651	0	
192.137	0	
190.37	0	
193.182	0	
193.594	0	
200.741	0	
196.419	0	
190.337	0	
189.684	0	
189.937	0	
191.213	0	
187.496	0	
190.307	0	
191.219	0	
189.422	0	
187.563	0	
193.077	0	
191.52	0	
193.243	0	
184.965	0	
184.819	0	
189.251	0	
196.131	0	
191.983	0	
186.343	0	
181.912	0	
184.094	0	
182.43	0	
183.789	0	
180.999	0	
183.907	0	
182.905	0	
183.089	0	
182.41	0	
187.568	0	
191.267	0	
184.943	0	
185.393	0	
185.812	0	
193.259	0	
183.912	0	
192.999	0	
181.402	0	
181.569	0	
181.613	0	
203.471	0	
185.737	0	
194.611	0	
196.387	0	
208.86	0	
205.996	0	
203.33	0	
200.329	0	
195.293	0	
203.132	0	
194.76	0	
195.554	0	
190.895	0	
200.536	0	
194.382	0	
200.835	0	
196.852	0	
194.882	0	
196.766	0	
195.437	0	
196.466	0	
194.145	0	
196.712	0	
197.635	0	
196.156	0	
195.942	0	
195.423	0	
196.272	0	
190.53	0	
189.947	0	
195.845	0	
197.793	0	
187.594	0	
188.436	0	
187.15	0	
189.748	0	
190.507	0	
200.234	0	
192.21	0	
187.939	0	
192.642	0	
191.772	0	
185.973	0	
189.35	0	
186.244	0	
192.598	0	
188.765	0	
189.782	0	
188.723	0	
189.446	0	
187.256	0	
184.416	0	
188.042	0	
191.735	0	
188.319	0	
187.279	0	
185.896	0	
181.632	0	
189.335	0	
188.474	0	
188.123	0	
190.674	0	
183.356	0	
190.046	0	
187.408	0	
183.97	0	
182.859	0	
182.371	0	
184.742	0	
180.325	0	
186.47	0	
196.272	0	
184.295	0	
180.842	0	
181.941	0	
181.609	0	
190.034	0	
189.925	0	
186.498	0	
187.12	0	
183.588	0	
181.355	0	
182.644	0	
186.932	0	
188.891	0	
190.601	0	
187.9	0	
187.554	0	
182.23	0	
182.12	0	
189.555	0	
187.665	0	
182.854	0	
181.394	0	
181.282	0	
181.512	0	
187.747	0	
180.268	0	
180.097	0	
183.11	0	
181.364	0	
186.251	0	
181.176	0	
180.393	0	
199.584	0	
198.306	0	
232.177	0	
204.326	0	
194.502	0	
182.972	0	
205.481	0	
221.665	0	
241.225	0	
254.131	0	
208.342	0	
186.464	0	
183.032	0	
179.052	0	
174.211	0	
194.728	0	
189.41	0	
193.868	0	
183.99	0	
193.586	0	
192.136	0	
185.73	0	
195.604	0	
186.37	0	
196.456	0	
182.97	0	
194.769	0	
191.568	0	
195.09	0	
187.219	0	
176.05	0	
181.38	0	
192.11	0	
189.713	0	
188.66	0	
192.856	0	
195.713	0	
184.949	0	
194.369	0	
195.936	0	
186.516	0	
195.271	0	
186.545	0	
185.48	0	
187.534	0	
189.011	0	
191.737	0	
187.864	0	
192.364	0	
186.662	0	
192.241	0	
189.952	0	
188.018	0	
188.429	0	
186.887	0	
185.54	0	
186.5	0	
193.441	0	
191.769	0	
191.149	0	
190.257	0	
191.051	0	
190.403	0	
190.47	0	
191.946	0	
183.568	0	
184.854	0	
189.941	0	
191.126	0	
184.023	0	
184.576	0	
188.133	0	
191.3	0	
194.072	0	
190.868	0	
189.019	0	
191.527	0	
184.586	0	
192.256	0	
195.975	0	
198.937	0	
190.647	0	
183.821	0	
184.201	0	
183.572	0	
185.064	0	
184.806	0	
182.762	0	
182.722	0	
186.19	0	
179.772	0	
183.44	0	
188.719	0	
184.095	0	
184.074	0	
183.536	0	
191.607	0	
183.591	0	
183.773	0	
185.112	0	
184.565	0	
187.248	0	
185.966	0	
195.876	0	
188.75	0	
184.023	0	
188.364	0	
185.867	0	
185.01	0	
186.189	0	
189.144	0	
184.364	0	
184.62	0	
190.535	0	
188.054	0	
185.262	0	
185.086	0	
189.516	0	
187.068	0	
186.667	0	
186.65	0	
185.633	0	
180.817	0	
187.502	0	
184.778	0	
185.316	0	
185.377	0	
186.84	0	
187.969	0	
184.696	0	
184.539	0	
186.788	0	
186.102	0	
188.601	0	
188.529	0	
189.65	0	
191.871	0	
189.333	0	
185.287	0	
190.85	0	
198.835	0	
193.277	0	
201.86	0	
233.173	0	
232.027	0	
215.008	0	
198.864	0	
199.829	0	
209.988	0	
224.421	0	
219.252	0	
193.932	0	
189.179	0	
196.997	0	
199.704	0	
188.526	0	
187.947	0	
186.967	0	
188.958	0	
186.378	0	
186.809	0	
187.029	0	
191.252	0	
190.133	0	
186.551	0	
190.276	0	
192.398	0	
189.571	0	
188.411	0	
188.503	0	
188.262	0	
189.149	0	
190.911	0	
186.326	0	
185.266	0	
184.874	0	
187.48	0	
186.289	0	
189.119	0	
185.52	0	
189.416	0	
204.958	0	
187.712	0	
191.541	0	
191.749	0	
206.978	0	
192.117	0	
259.307	0	
219.536	0	
223.087	0	
218.259	0	
222.593	0	
251.896	0	
251.907	0	
208.86	0	
220.114	0	
216.392	0	
189.202	0	
190.717	0	
193.487	0	
190.036	0	
190.355	0	
191.252	0	
197.557	0	
190.791	0	
190.752	0	
194.446	0	
198.255	0	
190.156	0	
190.048	0	
194.983	0	
192.84	0	
193.166	0	
192.361	0	
195.702	0	
193.695	0	
195.673	0	
188.985	0	
191.77	0	
188.688	0	
195.209	0	
193.007	0	
190.428	0	
189.755	0	
190.018	0	
192.474	0	
194.101	0	
194.559	0	
192.776	0	
207.952	0	
197.605	0	
196.54	0	
195.253	0	
264.395	0	
250.015	0	
239.731	0	
199.532	0	
190.73	0	
189.83	0	
194.19	0	
192.923	0	
191.488	0	
193	0	
190.31	0	
191.885	0	
192.444	0	
194.778	0	
192.284	0	
192.551	0	
194.376	0	
198.432	0	
193.206	0	
193.319	0	
196.931	0	
193.125	0	
200.035	0	
199.195	0	
202.325	0	
195.312	0	
196.858	0	
200.79	0	
196.211	0	
197.596	0	
209.224	0	
195.5	0	
196.163	0	
194.109	0	
194.554	0	
197.913	0	
199.507	0	
226.619	0	
232.517	0	
199.794	0	
196.776	0	
295.01	0	
305.95	0	
215.6	0	
209.106	0	
199.297	0	
223.106	0	
234.401	0	
203.915	0	
233.305	0	
237.17	0	
279.903	0	
241.639	0	
265.807	0	
213.795	0	
183.433	0	
185.327	0	
196.141	0	
199.756	0	
272.711	0	
227.46	0	
290.711	0	
344.822	0	
310.462	0	
483.931	0	
205.006	0	
203.923	0	
299.467	0	
275.15	0	
241.807	0	
244.089	0	
188.39	0	
201.395	0	
214.453	0	
230.354	0	
270.829	0	
340.411	0	
190.039	0	
185.366	0	
181.932	0	
192.077	0	
185.843	0	
184.864	0	
177.519	0	
186.379	0	
185.195	0	
185.65	0	
187.897	0	
187.179	0	
185.263	0	
182.774	0	
200.941	0	
184.423	0	
188.503	0	
186.335	0	
190.566	0	
185.997	0	
188.537	0	
188.678	0	
186.36	0	
188.284	0	
186.366	0	
186.787	0	
190.467	0	
186.513	0	
190.268	0	
183.011	0	
185.113	0	
192.526	0	
188.429	0	
185.402	0	
186.96	0	
193.365	0	
193.505	0	
188.23	0	
191.116	0	
186.91	0	
181.47	0	
182.076	0	
185.788	0	
180.897	0	
181.019	0	
186.584	0	
187.225	0	
185.673	0	
187.203	0	
187.447	0	
187.759	0	
187.383	0	
188.354	0	
185.503	0	
186.632	0	
186.416	0	
182.362	0	
186.219	0	
182.353	0	
184.35	0	
182.111	0	
181.266	0	
180.976	0	
180.148	0	
181.563	0	
183.857	0	
183.078	0	
193.099	0	
183.309	0	
181.993	0	
185.345	0	
182.561	0	
179.897	0	
205.75	0	
192.233	0	
182.273	0	
182.143	0	
181.19	0	
183.202	0	
187.117	0	
194.254	0	
192.417	0	
181.677	0	
185.726	0	
188.653	0	
185.059	0	
179.464	0	
189.338	0	
178.068	0	
185.441	0	
187.359	0	
335.784	0	
221.996	0	
190.355	0	
178.533	0	
184.844	0	
194.222	0	
209.705	0	
214.975	0	
192.418	0	
183.377	0	
184.311	0	
183.294	0	
179.284	0	
225.362	0	
280.987	0	
186.167	0	
180.231	0	
221.058	0	
196.932	0	
183.278	0	
185.298	0	
190.774	0	
185.482	0	
185.791	0	
182.52	0	
183.885	0	
189.26	0	
187.206	0	
186.024	0	
195.6	0	
188.876	0	
224.869	0	
218.26	0	
195.121	0	
229.971	0	
191.091	0	
188.83	0	
198.304	0	
192.461	0	
208.997	0	
196.661	0	
193.844	0	
188.991	0	
194.859	0	
183.786	0	
184.628	0	
187.481	0	
185.747	0	
184.49	0	
181.916	0	
190.16	0	
182.47	0	
183.455	0	
185.802	0	
182.633	0	
184.299	0	
180.032	0	
181.795	0	
180.469	0	
182.462	0	
182.955	0	
185.371	0	
181.454	0	
182.078	0	
181.083	0	
179.659	0	
181.155	0	
183.38	0	
181.805	0	
182.368	0	
187.136	0	
178.258	0	
196.262	0	
180.822	0	
189.017	0	
185.322	0	
183.649	0	
193.549	0	
208.584	0	
184.209	0	
185.108	0	
209.636	0	
196.095	0	
243.242	0	
201.67	0	
186.771	0	
202.986	0	
188.974	0	
212.204	0	
197.285	0	
193.414	0	
189.68	0	
194.169	0	
196.351	0	
188.942	0	
194.337	0	
188.68	0	
193.821	0	
187.026	0	
189.682	0	
186.88	0	
189.945	0	
182.56	0	
183.744	0	
180.513	0	
184.936	0	
183.311	0	
181.843	0	
185.162	0	
182.114	0	
183.805	0	
183.487	0	
183.082	0	
192.305	0	
180.351	0	
182.016	0	
182.379	0	
182.315	0	
181.487	0	
187.798	0	
187.274	0	
182.201	0	
184.248	0	
182.719	0	
183.066	0	
183.303	0	
184.707	0	
182.713	0	
183.842	0	
181.831	0	
183.903	0	
181.653	0	
183.098	0	
183.031	0	
180.496	0	
185.004	0	
183.606	0	
183.236	0	
182.689	0	
183.35	0	
182.772	0	
209.298	0	
204.077	0	
203.82	0	
204.902	0	
211.475	0	
205.813	0	
203.596	0	
203.373	0	
212.35	0	
202.919	0	
200.253	0	
202.404	0	
201.174	0	
213.09	0	
208.265	0	
200.521	0	
199.626	0	
200.852	0	
199.732	0	
198.558	0	
202.972	0	
208.458	0	
208.204	0	
198.708	0	
198.292	0	
196.345	0	
205.282	0	
209.891	0	
207.672	0	
207.603	0	
200.599	0	
202.445	0	
196.81	0	
196.235	0	
197.691	0	
197.855	0	
203.264	0	
195.381	0	
204.956	0	
211.717	0	
197.082	0	
198.86	0	
200.352	0	
196.738	0	
200.731	0	
198.56	0	
200.069	0	
197.531	0	
194.87	0	
196.303	0	
195.845	0	
205.601	0	
200.962	0	
207.585	0	
201.552	0	
203.937	0	
198.843	0	
196.274	0	
198.001	0	
196.453	0	
194.034	0	
198.354	0	
202.91	0	
211.204	0	
202.203	0	
204.276	0	
209.882	0	
208.738	0	
213.038	0	
208.605	0	
203.485	0	
194.422	0	
195.065	0	
211.872	0	
202.065	0	
199.423	0	
198.48	0	
227.461	0	
254.77	0	
227.381	0	
205.195	0	
195.044	0	
193.458	0	
194.208	0	
194.594	0	
202.444	0	
200.989	0	
239.333	0	
208.789	0	
217.589	0	
237.865	0	
261.467	0	
268.639	0	
286.315	0	
248.876	0	
200.244	0	
202.602	0	
199.049	0	
201.442	0	
200.735	0	
202.523	0	
202.915	0	
204.79	0	
201.537	0	
202.523	0	
196.229	0	
197.017	0	
197.214	0	
200.843	0	
196.893	0	
195.233	0	
197.371	0	
196.47	0	
195.687	0	
196.086	0	
194.907	0	
196.825	0	
196.665	0	
194.671	0	
194.727	0	
192.833	0	
194.005	0	
196.412	0	
196.513	0	
194.265	0	
193.53	0	
201.241	0	
201.236	0	
213.462	0	
194.821	0	
214.463	0	
217.799	0	
212.05	0	
212.789	0	
216.997	0	
219.628	0	
207.736	0	
212.014	0	
206.464	0	
216.385	0	
208.912	0	
193.141	0	
214.569	0	
219.437	0	
213.714	0	
217.91	0	
204.518	0	
223.728	0	
201.138	0	
196.905	0	
197.505	0	
200.526	0	
195.337	0	
191.975	0	
193.699	0	
188.023	0	
195.795	0	
188.039	0	
187.419	0	
184.794	0	
183.803	0	
189.576	0	
190.018	0	
195.424	0	
185.972	0	
201.373	0	
191.043	0	
193.844	0	
195.575	0	
195.436	0	
198.418	0	
198.996	0	
192.778	0	
200.79	0	
200.648	0	
191.67	0	
197.516	0	
192.021	0	
194.204	0	
193.163	0	
196.106	0	
196.899	0	
196.586	0	
192.265	0	
194.263	0	
193.009	0	
192.444	0	
194.18	0	
199.259	0	
192.901	0	
198.021	0	
198.09	0	
198.449	0	
206.248	0	
198.251	0	
208.182	0	
198.961	0	
199.679	0	
192.704	0	
201.875	0	
194.695	0	
196.158	0	
194.982	0	
202.709	0	
203.78	0	
206.785	0	
196.472	0	
200.478	0	
194.909	0	
196.604	0	
196.572	0	
194.146	0	
202.698	0	
193.671	0	
200.569	0	
196.559	0	
197.16	0	
196.809	0	
196.755	0	
195.809	0	
198.877	0	
198.335	0	
195.866	0	
197.574	0	
203.517	0	
196.999	0	
196.32	0	
195.978	0	
204.844	0	
200.522	0	
209.835	0	
199.565	0	
200.104	0	
196.237	0	
198.214	0	
211.082	0	
199.407	0	
199.893	0	
201.13	0	
200.841	0	
198.353	0	
220.095	0	
211.649	0	
197.916	0	
202.188	0	
198.939	0	
197.542	0	
198.335	0	
202.767	0	
222.106	0	
259.491	0	
219.551	0	
230.262	0	
194.877	0	
199.221	0	
190.976	0	
196.131	0	
250.67	0	
239.78	0	
201.387	0	
195.949	0	
214.737	0	
213.202	0	
217.823	0	
231.677	0	
226.814	0	
226.913	0	
219.129	0	
237.188	0	
258.053	0	
230.06	0	
249.104	0	
253.402	0	
261.526	0	
275.765	0	
232.023	0	
209.911	0	
295.319	0	
249.838	0	
293.819	0	
244.443	0	
262.895	0	
270.735	0	
307.508	0	
291.41	0	
259.973	0	
268.422	0	
193.035	0	
202.407	0	
354.986	0	
275.306	0	
245.663	0	
295.325	0	
278.488	0	
310.989	0	
220.873	0	
201.686	0	
191.959	0	
189.524	0	
187.918	0	
191.577	0	
190.162	0	
188.737	0	
192.908	0	
194.475	0	
191.707	0	
193.181	0	
197.423	0	
187.959	0	
194.276	0	
194.053	0	
213.391	0	
206.594	0	
187.329	0	
191.542	0	
212.143	0	
251.137	0	
217.833	0	
195.604	0	
192.206	0	
216.458	0	
267.485	0	
236.246	0	
241.536	0	
194.141	0	
275.381	0	
255.225	0	
202.23	0	
190.693	0	
203.488	0	
199.965	0	
202.037	0	
201.87	0	
200.265	0	
201.808	0	
202.974	0	
202.818	0	
204.524	0	
202.563	0	
202.199	0	
199.822	0	
198.407	0	
197.548	0	
194.129	0	
198.187	0	
191.458	0	
194.203	0	
196.087	0	
192.545	0	
194.167	0	
195.236	0	
193.025	0	
192.341	0	
196.727	0	
190.511	0	
191.957	0	
196.658	0	
197.29	0	
194.165	0	
193.722	0	
196.981	0	
194.649	0	
196.147	0	
191.382	0	
191.806	0	
197.885	0	
200.939	0	
192.072	0	
190.787	0	
191.158	0	
191.641	0	
193.349	0	
190.412	0	
196.478	0	
198.4	0	
190.004	0	
193.168	0	
188.742	0	
190.17	0	
191.696	0	
222.339	0	
213.161	0	
193.618	0	
214.708	0	
193.031	0	
194.096	0	
191.31	0	
193.376	0	
201.673	0	
195.617	0	
190.758	0	
195.792	0	
193.299	0	
192.224	0	
194.805	0	
197.845	0	
191.45	0	
190.965	0	
191.556	0	
192.753	0	
190.856	0	
197.351	0	
194.217	0	
188.443	0	
190.389	0	
193.057	0	
192.703	0	
193.205	0	
195.477	0	
188.597	0	
192.682	0	
188.271	0	
187.904	0	
189.488	0	
188.713	0	
193.633	0	
192.095	0	
191.83	0	
189.205	0	
191.628	0	
208.814	0	
203.68	0	
222.039	0	
189.782	0	
188.157	0	
188.153	0	
188.396	0	
212.039	0	
195.426	0	
194.903	0	
225.82	0	
203.054	0	
246.725	0	
195.9	0	
205.883	0	
234.343	0	
203.514	0	
224.183	0	
250.154	0	
226.567	0	
225.321	0	
204.671	0	
249.581	0	
200.72	0	
195.873	0	
191.264	0	
195.915	0	
192.406	0	
197.418	0	
198.693	0	
196.198	0	
198.175	0	
198.448	0	
219	0	
215.845	0	
211.459	0	
216.871	0	
222.394	0	
209.523	0	
212.647	0	
206.469	0	
198.092	0	
198.452	0	
208.73	0	
195.146	0	
198.646	0	
199.148	0	
191.18	0	
212.483	0	
191.788	0	
175.492	0	
201.987	0	
193.443	0	
195.773	0	
191.919	0	
219.113	0	
227.797	0	
223.284	0	
220.798	0	
236.272	0	
208.803	0	
218.736	0	
211.84	0	
213.156	0	
209.06	0	
204.957	0	
211.274	0	
207.535	0	
206.267	0	
205.128	0	
202.276	0	
203.138	0	
204.287	0	
207.938	0	
204.986	0	
205.648	0	
206.109	0	
209.654	0	
207.082	0	
205.83	0	
218.135	0	
206.873	0	
207.005	0	
204.115	0	
209.066	0	
203.676	0	
207.026	0	
215.573	0	
208.918	0	
202.4	0	
214.585	0	
213.439	0	
218.219	0	
231.361	0	
244.347	0	
219.666	0	
221.114	0	
224.877	0	
234.13	0	
242.589	0	
222.088	0	
237.243	0	
230.853	0	
220.981	0	
239.737	0	
224.424	0	
217.499	0	
221.178	0	
216.061	0	
215.865	0	
221.319	0	
214.798	0	
215.774	0	
218.47	0	
213.909	0	
215.162	0	
217.161	0	
215.254	0	
214.156	0	
214.028	0	
219.154	0	
222.968	0	
214.355	0	
214.478	0	
223.102	0	
225.751	0	
216.681	0	
215	0	
217.302	0	
212.54	0	
214.754	0	
212.309	0	
219.43	0	
214.445	0	
213.668	0	
216.049	0	
212.181	0	
214.933	0	
217.668	0	
216.069	0	
224.9	0	
223.214	0	
226.595	0	
222.41	0	
225.402	0	
226.939	0	
218.671	0	
218.459	0	
216.829	0	
218.693	0	
213.679	0	
215.659	0	
210.032	0	
208.384	0	
206.374	0	
211.397	0	
209.629	0	
206.692	0	
208.669	0	
210.718	0	
208.156	0	
201.203	0	
206.285	0	
209.709	0	
209.945	0	
214.485	0	
206.872	0	
205.883	0	
211.462	0	
208.177	0	
199.383	0	
207.08	0	
200.904	0	
192.047	0	
199.418	0	
206.687	0	
226.543	0	
227.227	0	
226.719	0	
225.895	0	
237.254	0	
244.512	0	
225.99	0	
226.924	0	
231.441	0	
230.808	0	
217.608	0	
219.665	0	
221.022	0	
243.894	0	
232.736	0	
220.64	0	
224.102	0	
214.01	0	
212.886	0	
220.699	0	
220.967	0	
217.905	0	
216.194	0	
215.338	0	
235.965	0	
226.506	0	
212.153	0	
213.37	0	
220.034	0	
215.238	0	
212.183	0	
227.174	0	
216.947	0	
229.415	0	
217.288	0	
218.127	0	
214.32	0	
218.759	0	
216.424	0	
211.922	0	
215.603	0	
219.599	0	
225.876	0	
214.34	0	
212.289	0	
217.338	0	
217.418	0	
210.567	0	
211.515	0	
201.03	0	
209.842	0	
199.9	0	
205.221	0	
195.724	0	
187.111	0	
186.637	0	
198.081	0	
189.95	0	
186.579	0	
183.689	0	
189.282	0	
192.924	0	
184.05	0	
184.069	0	
185.39	0	
185.567	0	
179.06	0	
184.248	0	
183.91	0	
182.715	0	
190.472	0	
207.284	0	
180.429	0	
185.272	0	
187.626	0	
184.781	0	
187.733	0	
191.723	0	
184.026	0	
189.298	0	
197.759	0	
195.871	0	
185.041	0	
184.788	0	
183.992	0	
196.238	0	
183.158	0	
179.627	0	
186.692	0	
194.403	0	
185.216	0	
183.749	0	
188.047	0	
183.512	0	
179.892	0	
183.341	0	
192.219	0	
185.875	0	
196.385	0	
199.14	0	
200.415	0	
198.959	0	
199.312	0	
193.871	0	
192.574	0	
192.841	0	
195.742	0	
199.875	0	
193.069	0	
192.263	0	
191.111	0	
191.65	0	
190.707	0	
190.673	0	
192.665	0	
190.485	0	
192.938	0	
192.794	0	
195.083	0	
192.293	0	
190.284	0	
191.606	0	
190.17	0	
194.902	0	
206.398	0	
194.469	0	
191.145	0	
211.356	0	
191.187	0	
200.072	0	
196.993	0	
222.246	0	
197.86	0	
201.465	0	
190.759	0	
191.061	0	
188.825	0	
190.765	0	
222.258	0	
228.785	0	
202.489	0	
215.84	0	
205.606	0	
220.395	0	
201.655	0	
200.451	0	
201.7	0	
201.277	0	
201.987	0	
205.777	0	
203.802	0	
203.696	0	
202.585	0	
202.149	0	
204.98	0	
203.787	0	
202.583	0	
205.277	0	
201.988	0	
202.045	0	
201.655	0	
202.101	0	
201.078	0	
203.215	0	
205.131	0	
204.261	0	
204.172	0	
203.378	0	
203.008	0	
199.749	0	
200.021	0	
205.089	0	
204.296	0	
204.129	0	
200.381	0	
199.623	0	
201.534	0	
205.644	0	
201.771	0	
195.638	0	
199.749	0	
200.254	0	
201.594	0	
205.469	0	
203.907	0	
202.607	0	
197.516	0	
200.124	0	
198.953	0	
199.82	0	
191.828	0	
200.195	0	
204.714	0	
201.754	0	
197.91	0	
199.37	0	
200.108	0	
200.032	0	
200.287	0	
195.945	0	
196.659	0	
202.828	0	
197.541	0	
197.373	0	
196.705	0	
197.3	0	
197.775	0	
197.783	0	
199.646	0	
194.759	0	
195.466	0	
196.704	0	
197.442	0	
194.097	0	
193.953	0	
196.465	0	
197.381	0	
201.315	0	
200.876	0	
198.987	0	
197.314	0	
197.086	0	
196.25	0	
199.401	0	
201.085	0	
197.853	0	
197.183	0	
200.467	0	
199.716	0	
191.914	0	
192.237	0	
185.244	0	
191.298	0	
192.677	0	
191.254	0	
195.302	0	
190.847	0	
191.299	0	
187.487	0	
197.364	0	
198.292	0	
196.336	0	
195.673	0	
198.604	0	
199.588	0	
187.365	0	
191.707	0	
193.608	0	
193.788	0	
194.046	0	
196.153	0	
196.301	0	
198.745	0	
190.798	0	
185.008	0	
190.934	0	
193.475	0	
189.133	0	
185.552	0	
182.213	0	
182.707	0	
184.727	0	
187.828	0	
183.237	0	
190.694	0	
186.637	0	
186.832	0	
210.023	0	
213.434	0	
205.147	0	
205.102	0	
209.423	0	
210.485	0	
208.683	0	
211.503	0	
206.802	0	
210.232	0	
207.121	0	
207.759	0	
205.313	0	
205.573	0	
206.064	0	
209.453	0	
205.925	0	
206.293	0	
206.663	0	
205.594	0	
205.043	0	
205.606	0	
205.667	0	
207.45	0	
206.808	0	
207.234	0	
209.029	0	
206.899	0	
210.401	0	
210.524	0	
209.232	0	
208.223	0	
212.578	0	
206.842	0	
209.654	0	
213.73	0	
209.572	0	
211.839	0	
214.124	0	
210.497	0	
209.887	0	
193.885	0	
212.115	0	
211.538	0	
212.67	0	
210.464	0	
210.691	0	
199.074	0	
201.338	0	
197.617	0	
197.678	0	
201.189	0	
202.332	0	
196.757	0	
198.836	0	
200.209	0	
198.208	0	
196.563	0	
197.877	0	
200.596	0	
196.081	0	
197.792	0	
203.217	0	
204.769	0	
204.113	0	
205.111	0	
204.513	0	
210.062	0	
205.387	0	
204.547	0	
204.469	0	
206.297	0	
205.697	0	
205.012	0	
205.285	0	
204.657	0	
204.89	0	
207.259	0	
208.076	0	
206.342	0	
206.186	0	
207.49	0	
206.77	0	
204.043	0	
204.115	0	
209.286	0	
207.131	0	
208.914	0	
208.167	0	
203.906	0	
205.083	0	
203.483	0	
204.213	0	
204.775	0	
213.595	0	
213.474	0	
209.216	0	
209.163	0	
208.267	0	
207.984	0	
213.069	0	
209.956	0	
206.959	0	
204.603	0	
205.475	0	
202.404	0	
208.397	0	
209.872	0	
210.388	0	
209.083	0	
211.693	0	
210.314	0	
211.098	0	
210.066	0	
209.814	0	
208.745	0	
203.206	0	
208.084	0	
211.366	0	
211.692	0	
211.731	0	
210.806	0	
210.666	0	
210.808	0	
210.247	0	
211.836	0	
205.985	0	
206.774	0	
211.813	0	
211.288	0	
212.754	0	
214.102	0	
211.201	0	
216.017	0	
215.835	0	
211.714	0	
211.8	0	
211.92	0	
210.936	0	
210.671	0	
220.977	0	
222.404	0	
216.255	0	
214.733	0	
211.599	0	
211.387	0	
210.619	0	
212.017	0	
217.677	0	
221.244	0	
219.131	0	
222.41	0	
215.954	0	
219.939	0	
221.375	0	
214.514	0	
211.871	0	
212.402	0	
211.736	0	
210.596	0	
211.333	0	
215.001	0	
213.317	0	
210.676	0	
210.69	0	
209.254	0	
208.81	0	
216.257	0	
217.407	0	
211.481	0	
209.805	0	
211.705	0	
210.262	0	
209.212	0	
209.562	0	
211.106	0	
212.016	0	
208.92	0	
209.633	0	
209.029	0	
205.785	0	
217.489	0	
221.348	0	
220.76	0	
216.209	0	
225.732	0	
233.081	0	
225.59	0	
225.041	0	
222.735	0	
220.407	0	
217.842	0	
212.264	0	
212.733	0	
213.238	0	
209.068	0	
211.787	0	
219.402	0	
213.495	0	
202.819	0	
211.588	0	
223.415	0	
218.862	0	
207.772	0	
211.01	0	
187.885	0	
196.884	0	
201.225	0	
191.228	0	
193.968	0	
198.392	0	
199.501	0	
189.289	0	
201.149	0	
190.972	0	
190.319	0	
199.196	0	
197.286	0	
198.468	0	
199.446	0	
195.791	0	
200.777	0	
196.544	0	
199.994	0	
193.637	0	
200.868	0	
200.273	0	
199.826	0	
197.139	0	
189.436	0	
193.005	0	
197.264	0	
198.923	0	
200.916	0	
201.225	0	
199.895	0	
198.61	0	
194.042	0	
189.555	0	
198.904	0	
199.215	0	
199.194	0	
197.981	0	
198.829	0	
197.798	0	
198.904	0	
197.769	0	
198.251	0	
196.792	0	
198.045	0	
199.259	0	
200.162	0	
194.617	0	
196.015	0	
195.487	0	
194.848	0	
194.997	0	
196.625	0	
192.764	0	
192.801	0	
189.093	0	
193.447	0	
190.314	0	
193.448	0	
196.511	0	
193.613	0	
194.494	0	
200.812	0	
190.395	0	
191.885	0	
194.485	0	
195.062	0	
198.01	0	
196.422	0	
197.338	0	
196.845	0	
197.239	0	
196.752	0	
198.099	0	
195.973	0	
196.474	0	
196.202	0	
196.553	0	
196.071	0	
198.283	0	
196.02	0	
199.516	0	
197.525	0	
198.059	0	
196.827	0	
197.805	0	
196.226	0	
197.461	0	
198.731	0	
199.014	0	
197.419	0	
196.718	0	
198.767	0	
199.228	0	
197.15	0	
198.551	0	
197.886	0	
199.516	0	
203.59	0	
206.056	0	
201.121	0	
200.346	0	
198.697	0	
194.171	0	
201.857	0	
205.87	0	
199.254	0	
205.049	0	
197.529	0	
200.273	0	
200.37	0	
207.414	0	
188.193	0	
196.975	0	
196.274	0	
201.481	0	
198.599	0	
207.613	0	
205.739	0	
198.396	0	
200.999	0	
203.961	0	
196.904	0	
200.275	0	
200.145	0	
191.719	0	
200.318	0	
200	0	
199.009	0	
196.815	0	
199.567	0	
202.976	0	
200.898	0	
201.839	0	
200.196	0	
198.748	0	
201.432	0	
200.137	0	
200.532	0	
200.542	0	
202.148	0	
203.569	0	
202.013	0	
203.806	0	
202.389	0	
203.666	0	
199.057	0	
184.895	0	
199.446	0	
202.241	0	
204.006	0	
198.275	0	
199.789	0	
203.951	0	
203.916	0	
204.536	0	
204.92	0	
199.038	0	
198.696	0	
200.951	0	
202.214	0	
203.228	0	
204.198	0	
203.391	0	
204.676	0	
204.459	0	
206.288	0	
202.002	0	
202.622	0	
204.61	0	
208.438	0	
210.598	0	
204.964	0	
201.061	0	
201.021	0	
200.058	0	
201.602	0	
207.14	0	
207.134	0	
205.443	0	
206.224	0	
201.171	0	
198.266	0	
192.476	0	
199.684	0	
195.011	0	
194.965	0	
199.928	0	
190.54	0	
195.131	0	
197.787	0	
198.907	0	
197.171	0	
197.475	0	
197.926	0	
197.926	0	
199.471	0	
199.641	0	
194.276	0	
191.856	0	
234.313	0	
224.553	0	
231.217	0	
224.75	0	
219.704	0	
212.633	0	
227.57	0	
228.607	0	
231.184	0	
226.743	0	
230.836	0	
232.126	0	
229.408	0	
224.886	0	
225.834	0	
227.986	0	
231.1	0	
234.194	0	
222.656	0	
227.047	0	
221.388	0	
221.674	0	
231.755	0	
228.053	0	
225.781	0	
226.675	0	
215.064	0	
212.782	0	
211.557	0	
207.898	0	
194.659	0	
211.57	0	
214.672	0	
204.109	0	
196.069	0	
215.892	0	
208.762	0	
209.28	0	
199.963	0	
190.736	0	
206.105	0	
214.191	0	
209.106	0	
194.061	0	
194.41	0	
190.561	0	
187.011	0	
208.262	0	
187.317	0	
189.978	0	
192.483	0	
183.097	0	
202.102	0	
200.279	0	
210.289	0	
206.093	0	
197.937	0	
195.49	0	
184.617	0	
177.975	0	
176.736	0	
184.619	0	
213.744	0	
210.172	0	
205.525	0	
204.831	0	
182.135	0	
162.774	0	
175.576	0	
170.764	0	
168.058	0	
140.044	0	
208.046	0	
201.307	0	
199.262	0	
141.117	0	
210.697	0	
204.482	0	
205.484	0	
204.849	0	
205.205	0	
203.184	0	
199.799	0	
202.633	0	
189.286	0	
184.489	0	
194.44	0	
193.195	0	
185.965	0	
195.5	0	
193.549	0	
186.164	0	
167.908	0	
156.207	0	
205.963	0	
202.933	0	
172.386	0	
171.856	0	
157.864	0	
139.511	0	
205.073	0	
184.581	0	
223.959	0	
215.533	0	
229.037	0	
213.938	0	
226.619	0	
231.261	0	
226.092	0	
223.41	0	
232.604	0	
228.625	0	
221.757	0	
225.046	0	
222.953	0	
225.119	0	
220.68	0	
210.559	0	
229.644	0	
237.958	0	
229.763	0	
239.935	0	
229.26	0	
224.924	0	
215.434	0	
221.285	0	
211.871	0	
212.689	0	
217.975	0	
218.209	0	
215.047	0	
208.016	0	
212.079	0	
206.667	0	
211.04	0	
204.832	0	
212.232	0	
212.494	0	
208.417	0	
217.791	0	
224.258	0	
214.513	0	
219.568	0	
206.435	0	
213.613	0	
205.982	0	
209.874	0	
213.185	0	
213.979	0	
205.455	0	
203.525	0	
205.695	0	
207.609	0	
207.654	0	
204.433	0	
207.468	0	
204.294	0	
207.344	0	
204.079	0	
203.238	0	
206.859	0	
206.154	0	
202.032	0	
203.298	0	
203.698	0	
208.434	0	
207.039	0	
210.339	0	
205.386	0	
205.54	0	
208.655	0	
207.03	0	
212.454	0	
211.41	0	
217.686	0	
215.679	0	
219.226	0	
211.028	0	
207.895	0	
210.397	0	
208.195	0	
202.855	0	
197.567	0	
201.05	0	
201.157	0	
201.005	0	
200.971	0	
200.754	0	
200.944	0	
200.367	0	
201.169	0	
202.14	0	
202.257	0	
198.485	0	
201.066	0	
208.203	0	
205.239	0	
203.351	0	
207.058	0	
196.906	0	
200.031	0	
203.961	0	
202.98	0	
210.376	0	
205.477	0	
203.755	0	
206.892	0	
208.118	0	
207.951	0	
201.61	0	
198.535	0	
208.5	0	
213.002	0	
217.835	0	
218.609	0	
171.709	0	
190.382	0	
187.215	0	
190.269	0	
178.07	0	
166.754	0	
192.407	0	
186.763	0	
186.437	0	
190.774	0	
190.62	0	
188.787	0	
189.888	0	
172.202	0	
185.158	0	
183.909	0	
188.044	0	
190.874	0	
191.61	0	
193.323	0	
195.462	0	
193.239	0	
188.633	0	
187.035	0	
193.957	0	
194.169	0	
195.67	0	
190.331	0	
194.607	0	
196.902	0	
179.407	0	
189.201	0	
186.025	0	
181.945	0	
191.084	0	
191.095	0	
192.853	0	
192.922	0	
194.658	0	
196.192	0	
194.642	0	
193.401	0	
187.494	0	
200.91	0	
192.3	0	
193.287	0	
193.166	0	
194.973	0	
183.345	0	
183.35	0	
184.731	0	
189.188	0	
192.123	0	
192.683	0	
192.923	0	
195.67	0	
197.627	0	
192.926	0	
195.946	0	
191.069	0	
190.486	0	
195.223	0	
192.16	0	
193.448	0	
179.556	0	
191.803	0	
190.749	0	
191.632	0	
193.294	0	
191.714	0	
192.491	0	
192.623	0	
195.014	0	
197.55	0	
199.031	0	
189.377	0	
192.179	0	
193.353	0	
193.196	0	
194.619	0	
193.342	0	
190.687	0	
192.757	0	
191.496	0	
189.526	0	
189.333	0	
193.497	0	
189.544	0	
186.829	0	
185.238	0	
190.579	0	
190.459	0	
189.558	0	
191.674	0	
190.058	0	
191.366	0	
191.167	0	
188.825	0	
187.094	0	
190.104	0	
186.578	0	
189.88	0	
189.458	0	
190.696	0	
192.753	0	
191.971	0	
187.782	0	
186.948	0	
188.77	0	
186.301	0	
190.348	0	
188.852	0	
189.535	0	
187.931	0	
186.693	0	
186.344	0	
220.501	0	
217.202	0	
231.813	0	
229.236	0	
230.038	0	
230.682	0	
229.462	0	
222.876	0	
225.478	0	
214.304	0	
233.592	0	
219.603	0	
217.678	0	
218.95	0	
221.569	0	
215.589	0	
220.704	0	
214.704	0	
216.121	0	
219.281	0	
220.469	0	
217.69	0	
214.766	0	
214.651	0	
214.145	0	
218.265	0	
213.967	0	
215.009	0	
214.752	0	
212.961	0	
216.577	0	
221.075	0	
215.189	0	
214.55	0	
214.129	0	
217.933	0	
214.901	0	
216.222	0	
214.99	0	
217.718	0	
211.079	0	
216.432	0	
219.893	0	
222.555	0	
216.004	0	
221.298	0	
215.581	0	
217.585	0	
179.474	0	
172.235	0	
179.273	0	
178.813	0	
191.019	0	
187.612	0	
183.747	0	
181.117	0	
181.162	0	
183.702	0	
189.024	0	
188.583	0	
191.601	0	
192.872	0	
186.771	0	
191.564	0	
192.069	0	
192.527	0	
190.647	0	
180.92	0	
185.893	0	
190.887	0	
189.431	0	
191.599	0	
192.765	0	
187.239	0	
187.339	0	
189.151	0	
189.236	0	
192.913	0	
185.685	0	
222.294	0	
213.797	0	
208.39	0	
205.794	0	
195.199	0	
193.088	0	
207.497	0	
195.485	0	
198.253	0	
200.23	0	
206.137	0	
210.64	0	
225.319	0	
213.806	0	
191.377	0	
204.67	0	
201.799	0	
201.854	0	
202.243	0	
199.208	0	
204.107	0	
198.96	0	
201.513	0	
196.424	0	
200.925	0	
201.191	0	
201.361	0	
196.064	0	
197.393	0	
198.581	0	
201.512	0	
209.315	0	
198.553	0	
198.4	0	
189.078	0	
189.293	0	
201.399	0	
185.936	0	
194.052	0	
196.794	0	
215.582	0	
192.651	0	
183.685	0	
198.755	0	
195.012	0	
191.731	0	
198.359	0	
193.489	0	
197.815	0	
193.715	0	
183.229	0	
189.629	0	
181.779	0	
190.518	0	
173.72	0	
175.352	0	
183.589	0	
186.604	0	
188.369	0	
187.53	0	
184.086	0	
198.147	0	
176.548	0	
190.067	0	
192.003	0	
191.198	0	
192.177	0	
187.457	0	
178.498	0	
195.133	0	
194.663	0	
182.548	0	
193.597	0	
192.43	0	
189.989	0	
190.889	0	
192.267	0	
189.069	0	
193.899	0	
189.687	0	
192.965	0	
193.048	0	
191.493	0	
192.201	0	
193.291	0	
192.152	0	
193.63	0	
192.75	0	
193.299	0	
193.708	0	
192.842	0	
192.834	0	
193.394	0	
190.988	0	
183.474	0	
184.552	0	
192.66	0	
192.752	0	
192.127	0	
196.845	0	
189.802	0	
177.92	0	
188.728	0	
193.053	0	
199.166	0	
195.164	0	
193.836	0	
192.343	0	
195.639	0	
195.857	0	
195.431	0	
189.275	0	
196.882	0	
190.413	0	
177.355	0	
181.892	0	
173.687	0	
187.596	0	
177.998	0	
186.22	0	
190.858	0	
187.024	0	
184.843	0	
173.684	0	
193.323	0	
188.557	0	
180.677	0	
188.297	0	
186.635	0	
186.323	0	
190.821	0	
182.976	0	
195.14	0	
187.811	0	
192.51	0	
185.765	0	
185.463	0	
188.616	0	
188.131	0	
172.337	0	
183.62	0	
203.554	0	
200.053	0	
194.971	0	
203.016	0	
197.429	0	
199.223	0	
196.518	0	
198.41	0	
196.299	0	
196.195	0	
199.193	0	
199.745	0	
197.463	0	
221.893	0	
220.978	0	
224.562	0	
223.434	0	
224.217	0	
220.935	0	
223.315	0	
221.062	0	
222.285	0	
216.986	0	
220.852	0	
217.097	0	
220.463	0	
213.297	0	
224.452	0	
214.95	0	
214.032	0	
212.377	0	
209.308	0	
211.745	0	
212.491	0	
209.04	0	
213.418	0	
208.032	0	
212.677	0	
214.612	0	
209.019	0	
213.523	0	
212.209	0	
211.457	0	
207.681	0	
213.288	0	
210.379	0	
214.561	0	
206.123	0	
208.741	0	
208.971	0	
210.334	0	
219.285	0	
226.249	0	
206.995	0	
207.367	0	
208.325	0	
206.615	0	
207.06	0	
207.373	0	
206.414	0	
208.221	0	
211.045	0	
208.198	0	
207.188	0	
207.065	0	
206.865	0	
206.788	0	
208.836	0	
207.232	0	
207.785	0	
206.794	0	
210.111	0	
209.137	0	
229.257	0	
229.325	0	
224.872	0	
228.948	0	
232.009	0	
248.776	0	
238.339	0	
220.79	0	
228.692	0	
225.848	0	
229.101	0	
217.477	0	
217.376	0	
224.695	0	
222.122	0	
227.871	0	
219.087	0	
215.092	0	
222.993	0	
212.303	0	
223.449	0	
222.756	0	
218.707	0	
193.723	0	
192.693	0	
191.986	0	
191.94	0	
190.846	0	
192.673	0	
192.214	0	
192.202	0	
192.875	0	
194.366	0	
191.073	0	
191.919	0	
191.116	0	
191.327	0	
190.125	0	
189.318	0	
218.653	0	
221.964	0	
221.819	0	
218.92	0	
221.542	0	
213.523	0	
217.255	0	
216.518	0	
215.414	0	
209.835	0	
212.468	0	
213.361	0	
213.791	0	
212.554	0	
212.073	0	
207.607	0	
214.067	0	
211.964	0	
209.174	0	
216.257	0	
218.341	0	
215.777	0	
214.331	0	
214.409	0	
209.434	0	
208.463	0	
211.241	0	
210.018	0	
207.599	0	
213.271	0	
195.073	0	
195.016	0	
194.882	0	
202.463	0	
196.469	0	
199.846	0	
200.606	0	
190.071	0	
177.877	0	
172.083	0	
180.842	0	
172.287	0	
190.24	0	
182.312	0	
181.553	0	
180.626	0	
187.539	0	
185.709	0	
179.176	0	
191.927	0	
241.993	0	
181.943	0	
194.727	0	
209.107	0	
227.55	0	
196.649	0	
253.81	0	
245.341	0	
274.508	0	
242.541	0	
194.901	0	
208.275	0	
292.586	0	
305.905	0	
210.04	0	
216.846	0	
224.078	0	
212.058	0	
156.49	0	
222.571	0	
219.323	0	
217.992	0	
200.317	0	
196.498	0	
174.03	0	
184.469	0	
197.663	0	
187.831	0	
218.673	0	
217.895	0	
221.758	0	
216.521	0	
215.449	0	
218.088	0	
216.474	0	
213.089	0	
218.757	0	
216.818	0	
219.094	0	
217.863	0	
217.055	0	
220.185	0	
310.048	0	
317.375	0	
251.631	0	
245.317	0	
343.487	0	
285.981	0	
217.404	0	
217.736	0	
231.305	0	
199.805	0	
255.035	0	
249.392	0	
275.279	0	
347.115	0	
427.601	0	
552.875	0	
324.879	0	
285.897	0	
198.756	0	
200.86	0	
205.105	0	
185.791	0	
223.762	0	
211.925	0	
197.017	0	
186.034	0	
201.179	0	
231.53	0	
312.926	0	
267.956	0	
195.844	0	
221.246	0	
333.316	0	
275.717	0	
301.69	0	
329.556	0	
213.663	0	
189.834	0	
223.029	0	
207.091	0	
247.503	0	
226.524	0	
249.035	0	
280.762	0	
308.955	0	
347.612	0	
269.048	0	
248.122	0	
278.012	0	
303.841	0	
274.815	0	
232.534	0	
303.408	0	
287.404	0	
294.48	0	
313.527	0	
199.799	0	
206.382	0	
192.706	0	
192.398	0	
212.745	0	
214.216	0	
190.825	0	
201.568	0	
181.222	0	
182.547	0	
186.962	0	
187.997	0	
184.004	0	
190.779	0	
212.056	0	
213.103	0	
206.575	0	
211.813	0	
208.264	0	
188.204	0	
212.974	0	
212.11	0	
199.387	0	
199.847	0	
199.526	0	
200.895	0	
198.512	0	
203.066	0	
205.025	0	
207.045	0	
203.919	0	
207.252	0	
214.994	0	
210.502	0	
207.861	0	
205.887	0	
204.51	0	
209.531	0	
210.157	0	
208.148	0	
210.472	0	
214.09	0	
191.946	0	
193.326	0	
211.754	0	
204.363	0	
215.253	0	
214.204	0	
186.191	0	
204.776	0	
215.45	0	
221.132	0	
222.107	0	
220.574	0	
216.097	0	
218.466	0	
192.518	0	
193.006	0	
198.139	0	
200.942	0	
193.499	0	
193.646	0	
191.696	0	
196.253	0	
213.241	0	
212.366	0	
267.859	0	
279.613	0	
253.827	0	
230.725	0	
291.351	0	
291.229	0	
305.508	0	
251.728	0	
229.336	0	
226.398	0	
219.632	0	
209.958	0	
173.47	0	
187.814	0	
210.594	0	
215.331	0	
213.271	0	
213.225	0	
218.261	0	
214.932	0	
218.15	0	
220.747	0	
219.802	0	
221.294	0	
216.116	0	
218.079	0	
212.303	0	
212.073	0	
216.864	0	
207.673	0	
208.094	0	
203.961	0	
219.678	0	
219.164	0	
216.645	0	
219.638	0	
216.327	0	
214.468	0	
299.875	0	
366.227	0	
265.59	0	
322.365	0	
205.885	0	
204.507	0	
200.278	0	
196.376	0	
201.133	0	
199.803	0	
198.5	0	
199.226	0	
204.473	0	
205.074	0	
202.973	0	
208.546	0	
206.937	0	
225.293	0	
246.899	0	
284.044	0	
368.976	0	
255.386	0	
253.603	0	
247.7	0	
391.985	0	
332.326	0	
309.248	0	
359.486	0	
214.22	0	
221.799	0	
183.438	0	
185.266	0	
181.183	0	
182.127	0	
184.259	0	
184.018	0	
186.687	0	
188.507	0	
190.041	0	
191.063	0	
200.558	0	
202.587	0	
202.892	0	
203.649	0	
209.784	0	
207.64	0	
207.435	0	
210.328	0	
216.433	0	
213.881	0	
204.05	0	
174.63	0	
175.829	0	
195.328	0	
215.015	0	
211.011	0	
189.701	0	
191.969	0	
190.195	0	
191.425	0	
195.645	0	
194.294	0	
208.218	0	
199.654	0	
214.975	0	
215.123	0	
216.303	0	
215.788	0	
214.871	0	
213.032	0	
217.41	0	
216.857	0	
222.466	0	
217.874	0	
216.262	0	
220.074	0	
217.263	0	
219.105	0	
211.544	0	
210.399	0	
213.534	0	
210.159	0	
214.108	0	
211.389	0	
212.764	0	
210.627	0	
212.868	0	
202.735	0	
202.612	0	
196.788	0	
217.604	0	
214.347	0	
173.472	0	
202.709	0	
211.476	0	
196.828	0	
208.016	0	
212.161	0	
244.724	0	
400.962	0	
187.545	0	
190.896	0	
198.731	0	
199.603	0	
204.651	0	
209.592	0	
200.912	0	
206.982	0	
195.596	0	
198.903	0	
206.925	0	
205.156	0	
210.101	0	
216.424	0	
211.176	0	
207.727	0	
211.904	0	
207.438	0	
212.701	0	
214.442	0	
214.309	0	
218.089	0	
183.274	0	
184.491	0	
204.696	0	
198.836	0	
209.015	0	
202.069	0	
212.614	0	
215.768	0	
205.665	0	
210.503	0	
217.813	0	
201.491	0	
202.075	0	
206.846	0	
283.527	0	
304.229	0	
320.487	0	
287.236	0	
417.983	0	
357.039	0	
309.845	0	
275.621	0	
467.217	0	
467.93	0	
498.387	0	
396.472	0	
389.316	0	
340.127	0	
199.011	0	
206.221	0	
203.361	0	
201.692	0	
379.187	0	
305.616	0	
189.059	0	
214.913	0	
214.22	0	
219.204	0	
334.744	0	
297.7	0	
286.86	0	
367.86	0	
262.845	0	
260.414	0	
223.558	0	
227	0	
231.982	0	
224.497	0	
190.376	0	
185.159	0	
196.101	0	
196.157	0	
196.352	0	
198.126	0	
210.713	0	
212.002	0	
175.595	0	
183.636	0	
179.668	0	
169.785	0	
147.435	0	
152.257	0	
188.794	0	
199.924	0	
193.317	0	
189.236	0	
222.2	0	
211.727	0	
225.99	0	
218.241	0	
246.292	0	
293.463	0	
175.659	0	
155.988	0	
159.095	0	
138.926	0	
215.884	0	
211.554	0	
361.936	0	
297.831	0	
309.356	0	
322.522	0	
377.787	0	
642.769	0	
336.11	0	
373.125	0	
270.956	0	
311.157	0	
479.205	0	
505.519	0	
333.26	0	
303.227	0	
202.146	0	
203.405	0	
172.222	0	
143.38	0	
200.271	0	
205.184	0	
319.996	0	
348.906	0	
454.275	0	
414.679	0	
426.501	0	
283.532	0	
421.772	0	
354.72	0	
432.147	0	
353.492	0	
195.539	0	
189.438	0	
202.827	0	
204.342	0	
196.252	0	
198.09	0	
210.987	0	
214.368	0	
196.586	0	
192.233	0	
211.264	0	
206.177	0	
203.747	0	
209.59	0	
206.931	0	
209.268	0	
209.681	0	
208.833	0	
208.814	0	
207.886	0	
200.585	0	
208.244	0	
213.902	0	
211.034	0	
210.446	0	
212.239	0	
202.408	0	
202.912	0	
224.292	0	
210.261	0	
207.718	0	
207.8	0	
312.752	0	
350.065	0	
574.566	0	
326.621	0	
393.998	0	
426.887	0	
192.339	0	
202.285	0	
216.329	0	
262.53	0	
226.989	0	
197.126	0	
230.948	0	
230.392	0	
190.703	0	
195.997	0	
224.873	0	
231.755	0	
427.369	0	
256.012	0	
401.846	0	
325.382	0	
398.709	0	
391.543	0	
329.225	0	
199.495	0	
152.128	0	
102.517	0	
146.543	0	
184.83	0	
186.004	0	
382.363	0	
448.624	0	
413.032	0	
558.976	0	
187.585	0	
191.388	0	
206.273	0	
204.453	0	
205.346	0	
208.629	0	
202.572	0	
209.007	0	
209.656	0	
203.894	0	
206.701	0	
211.114	0	
207.875	0	
208.492	0	
214.352	0	
203.127	0	
382.813	0	
353.799	0	
420.918	0	
389.037	0	
189.661	0	
202.955	0	
195.175	0	
197.842	0	
290.281	0	
266.78	0	
188.326	0	
201.208	0	
457.905	0	
512.1	0	
411.566	0	
474.913	0	
209.505	0	
203.717	0	
204.805	0	
205.519	0	
214.02	0	
203.655	0	
203.753	0	
208.254	0	
206.907	0	
209.421	0	
200.682	0	
206.761	0	
223.487	0	
208.681	0	
513.694	0	
505.563	0	
267.325	0	
273.72	0	
191.53	0	
153.422	0	
202.224	0	
203.265	0	
268.299	0	
241.873	0	
296.998	0	
271.844	0	
280.65	0	
248.53	0	
253.086	0	
284.297	0	
309.412	0	
309.42	0	
290.155	0	
292.466	0	
303.587	0	
299.392	0	
368.098	0	
78.5699	0	
115.92	0	
153.779	0	
159.952	0	
411.845	0	
558.194	0	
334.194	0	
299.422	0	
451.466	0	
502.208	0	
185.305	0	
242.405	0	
279.81	0	
228.053	0	
381.414	0	
310.844	0	
348.244	0	
325.07	0	
217.7	0	
218.028	0	
207.36	0	
203.603	0	
199.907	0	
196.484	0	
215.51	0	
214.18	0	
219.005	0	
212.112	0	
197.197	0	
188.277	0	
341.06	0	
336.16	0	
203.906	0	
155.992	0	
205.813	0	
201.347	0	
209.607	0	
208.235	0	
214.387	0	
219.334	0	
213.04	0	
215.412	0	
406.861	0	
432.871	0	
304.02	0	
342.45	0	
202.282	0	
208.513	0	
315.557	0	
219.657	0	
255.263	0	
331.588	0	
403.124	0	
369.176	0	
321.816	0	
341.776	0	
322.361	0	
412.097	0	
324.668	0	
379.083	0	
231.516	0	
219.581	0	
205.393	0	
201.649	0	
209.212	0	
212.303	0	
164.633	0	
157.715	0	
185.261	0	
174.027	0	
125.292	0	
132.371	0	
445.602	0	
385.547	0	
350.371	0	
415.178	0	
188.849	0	
195.978	0	
488.359	0	
383.393	0	
232.156	0	
230.763	0	
225.471	0	
205.557	0	
380.575	0	
437.19	0	
122.213	0	
125.81	0	
102.737	0	
102.762	0	
114.966	0	
97.3729	0	
193.975	0	
205.423	0	
202.279	0	
195.488	0	
503.166	0	
493.456	0	
205.681	0	
199.854	0	
223.609	0	
222.206	0	
183.077	0	
174.498	0	
166.994	0	
184.385	0	
193.099	0	
194.967	0	
329.992	0	
340.955	0	
329.269	0	
321.286	0	
453.205	0	
352.677	0	
319.472	0	
375.92	0	
404.521	0	
410.263	0	
185.435	0	
165.369	0	
131.475	0	
182.467	0	
545.715	0	
366.245	0	
429.618	0	
353.129	0	
387.605	0	
615.396	0	
511.054	0	
574.052	0	
496.964	0	
409.001	0	
409.409	0	
410.689	0	
412.801	0	
395.939	0	
450.967	0	
363.31	0	
215.971	0	
181.345	0	
202.951	0	
203.974	0	
215.237	0	
216.197	0	
343.929	0	
385.307	0	
191.688	0	
189.249	0	
216.956	0	
217.865	0	
214.232	0	
209.71	0	
213.184	0	
210.392	0	
220.666	0	
222.337	0	
367.237	0	
507.955	0	
267.409	0	
211.789	0	
388.207	0	
308.781	0	
226.776	0	
222.82	0	
212.518	0	
211.437	0	
205.926	0	
214.164	0	
206.835	0	
214.752	0	
201.795	0	
205.232	0	
452.941	0	
398.46	0	
229.237	0	
235.391	0	
479.671	0	
636.303	0	
205.192	0	
202.587	0	
574.209	0	
530.835	0	
199.174	0	
206.313	0	
155.682	0	
165.625	0	
154.605	0	
117.884	0	
335.426	0	
352.394	0	
376.108	0	
324.388	0	
337.653	0	
320.383	0	
343.086	0	
388.656	0	
493.087	0	
820.013	0	
383.332	0	
542.736	0	
477.237	0	
403.231	0	
130.144	0	
163.711	0	
215.563	0	
215.26	0	
441.736	0	
399.61	0	
205.01	0	
177.817	0	
232.938	0	
227.691	0	
556.869	0	
694.203	0	
551.828	0	
478.943	0	
450.78	0	
437.374	0	
207.32	0	
216.572	0	
215.233	0	
220.444	0	
195.766	0	
203.795	0	
491.328	0	
360.491	0	
181.137	0	
182.415	0	
447.376	0	
451.512	0	
237.073	0	
196.946	0	
289.001	0	
343.368	0	
269.418	0	
322.588	0	
176.96	0	
130.099	0	
182.774	0	
188.337	0	
174.479	0	
157.622	0	
201.733	0	
195.552	0	
341.766	0	
415.635	0	
543.756	0	
629.681	0	
185.976	0	
181.09	0	
194.173	0	
194.489	0	
202.141	0	
203.861	0	
201.313	0	
334.468	0	
192.002	0	
208.76	0	
212.776	0	
161.038	0	
171.126	0	
120.155	0	
80.3329	0	
71.7291	0	
66.88	0	
192.381	0	
186.41	0	
176.261	0	
144.341	0	
417.18	0	
456.927	0	
430.382	0	
378.128	0	
474.589	0	
424.858	0	
348.031	0	
444.377	0	
475.815	0	
461.337	0	
232.192	0	
225.838	0	
198.804	0	
187.669	0	
458.039	0	
520.391	0	
546.636	0	
519.786	0	
197.908	0	
197.778	0	
394.053	0	
442.076	0	
400.616	0	
398.44	0	
370.659	0	
365.921	0	
110.89	0	
89.5192	0	
569.82	0	
480.385	0	
210.328	0	
233.05	0	
191.384	0	
206.672	0	
221.845	0	
225	0	
207.717	0	
230.52	0	
213.961	0	
224.155	0	
214.668	0	
229.084	0	
220.92	0	
218.435	0	
225.649	0	
213.267	0	
224.798	0	
224.116	0	
219.22	0	
216.098	0	
224.876	0	
223.644	0	
214.22	0	
217.68	0	
194.376	0	
193.819	0	
195.794	0	
185.141	0	
191.77	0	
194.89	0	
198.229	0	
196.156	0	
182.048	0	
185.513	0	
596.616	0	
454.79	0	
184.78	0	
189.712	0	
355.131	0	
322.615	0	
208.624	0	
193.943	0	
203.213	0	
208.447	0	
189.397	0	
183.913	0	
123.023	0	
63.71	0	
94.2432	0	
88.8168	0	
490.63	0	
429.419	0	
478.859	0	
684.409	0	
622.709	0	
661.026	0	
200.777	0	
200.102	0	
200.161	0	
196.709	0	
201.044	0	
198.047	0	
220.351	0	
211.679	0	
200.046	0	
186.092	0	
189.445	0	
184.311	0	
186.823	0	
192.822	0	
186.13	0	
197.793	0	
674.566	0	
552.809	0	
179.478	0	
183.132	0	
370.192	0	
362.675	0	
635.624	0	
714	0	
726.368	0	
669.749	0	
200.142	0	
203.106	0	
198.737	0	
118.144	0	
204.01	0	
206.449	0	
217.707	0	
197.418	0	
347.433	0	
346.844	0	
174.061	0	
180.761	0	
185.3	0	
172.778	0	
370.484	0	
408.155	0	
507.124	0	
567.759	0	
211.175	0	
176.832	0	
559.303	0	
755.211	0	
608.867	0	
661.555	0	
219.884	0	
201.963	0	
426.435	0	
462.031	0	
485.09	0	
705.872	0	
160.721	0	
134.257	0	
428.145	0	
417.961	0	
203.688	0	
202.555	0	
464.161	0	
434.511	0	
355.916	0	
397.612	0	
582.631	0	
551.166	0	
641.458	0	
615.279	0	
267.726	0	
239	0	
194.755	0	
196.735	0	
206.97	0	
206.296	0	
198.284	0	
194.748	0	
143.949	0	
86.896	0	
481.61	0	
462.796	0	
512.599	0	
473.52	0	
485.093	0	
428.668	0	
590.826	0	
516.43	0	
552.974	0	
700.901	0	
521.699	0	
558.196	0	
483.132	0	
529.579	0	
618.291	0	
608.52	0	
196.698	0	
186.792	0	
192.729	0	
195.157	0	
414.237	0	
489.899	0	
206.9	0	
188.378	0	
547.413	0	
484.639	0	
510.255	0	
491.853	0	
178.764	0	
180.477	0	
365.339	0	
739.434	0	
814.393	0	
182.665	0	
177.108	0	
142.768	0	
168.812	0	
534.045	0	
587.075	0	
594.507	0	
675.049	0	
667.226	0	
724.818	0	
769.206	0	
776.555	0	
743.213	0	
856.755	0	
812.593	0	
918.22	0	
198.444	0	
197.153	0	
194.618	0	
205.511	0	
200.357	0	
191.211	0	
201.683	0	
198.623	0	
190.863	0	
189.359	0	
156.296	0	
117.784	0	
125.355	0	
124.5	0	
628.627	0	
597.448	0	
638.909	0	
696.148	0	
186.544	0	
189.728	0	
189.646	0	
175.963	0	
220.783	0	
213.753	0	
208.032	0	
209.268	0	
609.924	0	
615.203	0	
551.684	0	
565.756	0	
183.662	0	
177.159	0	
181.689	0	
182.367	0	
383.356	0	
363.737	0	
165.94	0	
151.823	0	
620.696	0	
619.285	0	
210.8	0	
194.264	0	
182.761	0	
182.883	0	
751.367	0	
656.495	0	
640.371	0	
728.027	0	
182.445	0	
185.412	0	
183.196	0	
180.357	0	
553.351	0	
627.087	0	
622.607	0	
601.947	0	
181.297	0	
179.452	0	
179.605	0	
182.016	0	
391.006	0	
378.034	0	
202.068	0	
199.773	0	
189.296	0	
167.984	0	
167.931	0	
182.781	0	
779.501	0	
778.348	0	
714.107	0	
867.971	0	
180.006	0	
184.634	0	
185.557	0	
186.226	0	
182.342	0	
178.964	0	
379.383	0	
391.954	0	
182.163	0	
181.468	0	
187.567	0	
184.605	0	
180.023	0	
181.961	0	
398.572	0	
398.979	0	
183.003	0	
184.436	0	
203.628	0	
188.831	0	
195.333	0	
186.175	0	
213.115	0	
187.084	0	
193.746	0	
194.588	0	
184.703	0	
180.88	0	
202.781	0	
189.822	0	
581.459	0	
594.817	0	
116.246	0	
191.516	0	
198.889	0	
200.009	0	
196.191	0	
199.029	0	
197.916	0	
196.52	0	
200.629	0	
205.288	0	
201.331	0	
202.733	0	
199.945	0	
199.455	0	
199.582	0	
204.972	0	
202.646	0	
209.425	0	
206.767	0	
193.961	0	
53.6627	0	
43.4096	0	
83.2938	0	
41.4372	0	
188.764	0	
196.134	0	
205.05	0	
215.98	0	
203.292	0	
203.295	0	
408.993	0	
471.68	0	
450.947	0	
539.408	0	
647.523	0	
915.59	0	
802.628	0	
559.728	0	
312.362	0	
299.037	0	
959.247	0	
952.756	0	
132.003	0	
95.6249	0	
212.599	0	
206.535	0	
628.596	0	
618.604	0	
667.487	0	
668.886	0	
586.658	0	
535.984	0	
391.401	0	
208.82	0	
199.232	0	
708.126	0	
814.199	0	
453.132	0	
423.495	0	
183.205	0	
181.304	0	
271.956	0	
208.801	0	
208.922	0	
194.925	0	
203.55	0	
174.031	0	
187.544	0	
194.173	0	
37.3986	0	
46.0905	0	
40.0238	0	
47.5643	0	
433.95	0	
439.281	0	
978.928	0	
1001.69	0	
447.213	0	
519.759	0	
69.2783	0	
105.768	0	
94.4806	0	
73.5544	0	
667.229	0	
727.174	0	
710.946	0	
668.915	0	
645.222	0	
596.755	0	
396.02	0	
399.449	0	
181.878	0	
193.841	0	
188.492	0	
172.78	0	
191.5	0	
176.688	0	
191.945	0	
198.621	0	
478.626	0	
450.411	0	
284.541	0	
399.17	0	
876.026	0	
800.728	0	
744.533	0	
751.913	0	
731.619	0	
768.087	0	
636.725	0	
612.064	0	
397.404	0	
397.362	0	
196.238	0	
170.489	0	
191.176	0	
181.349	0	
395.129	0	
404.198	0	
179.426	0	
174.648	0	
187.236	0	
213.985	0	
403.561	0	
429.232	0	
191.275	0	
133.555	0	
156.486	0	
151.269	0	
573.481	0	
501.641	0	
239.523	0	
195.649	0	
179.742	0	
177.338	0	
155.82	0	
99.3886	0	
898.737	0	
929.051	0	
172.703	0	
163.928	0	
177.494	0	
168.166	0	
164.536	0	
151.222	0	
139.562	0	
146.273	0	
147.364	0	
116.768	0	
94.7935	0	
150.566	0	
208.001	0	
211.998	0	
48.9379	0	
31.9102	0	
227.107	0	
199.941	0	
203.112	0	
211.138	0	
157.64	0	
200.062	0	
488.838	0	
511.934	0	
867.228	0	
960.107	0	
294.121	0	
250.627	0	
216.201	0	
198.624	0	
40.7322	0	
35.6266	0	
34.9569	0	
29.8176	0	
58.8023	0	
35.243	0	
29.3134	0	
40.3418	0	
25.92	0	
26.7613	0	
558.06	0	
511.519	0	
167.269	0	
173.438	0	
914.206	0	
792.203	0	
763.09	0	
748.553	0	
402.406	0	
183.363	0	
178.203	0	
200.116	0	
250.813	0	
587.267	0	
541.775	0	
199.287	0	
213.259	0	
242.758	0	
228.977	0	
163.482	0	
179.861	0	
91.8571	0	
109.968	0	
87.7604	0	
100.578	0	
116.797	0	
134.887	0	
164.336	0	
119.56	0	
485.428	0	
519.362	0	
359.525	0	
313.883	0	
249.364	0	
261.505	0	
51.7588	0	
37.0529	0	
886.244	0	
837.046	0	
396.044	0	
402.618	0	
177.223	0	
185.5	0	
236.548	0	
256.407	0	
222.11	0	
216.083	0	
616.941	0	
505.023	0	
463.112	0	
432.257	0	
226.118	0	
243.39	0	
107.468	0	
33.7219	0	
311.507	0	
267.344	0	
392.386	0	
401.15	0	
173.715	0	
183.993	0	
479.102	0	
411.332	0	
222.589	0	
264.314	0	
279.615	0	
236.338	0	
397.888	0	
405.545	0	
171.328	0	
196.449	0	
546.791	0	
427.862	0	
415.964	0	
408.606	0	
805.752	0	
802.479	0	
159.31	0	
164.849	0	
1062.31	0	
1075.6	0	
78.5842	0	
51.3635	0	
771.155	0	
710.572	0	
653.788	0	
572.047	0	
117.623	0	
124.983	0	
232.375	0	
247.069	0	
1030.83	0	
1088.31	0	
169.901	0	
176.55	0	
65.6309	0	
52.391	0	
537.713	0	
545.077	0	
399.054	0	
198.05	0	
197.933	0	
401.521	0	
403.252	0	
422.844	0	
425.242	0	
154.355	0	
159.389	0	
68.7821	0	
48.8011	0	
707.024	0	
632.777	0	
575.267	0	
586.429	0	
132.64	0	
86.9783	0	
167.364	0	
168.884	0	
181.922	0	
181.482	0	
44.3276	0	
48.8064	0	
40.4571	0	
63.2011	0	
569.424	0	
558.359	0	
567.204	0	
573.858	0	
388.938	0	
395.894	0	
226.715	0	
243.278	0	
211.642	0	
250.316	0	
393.438	0	
394.597	0	
408.571	0	
433.165	0	
161.151	0	
159.116	0	
100.672	0	
87.3608	0	
646.229	0	
632.858	0	
651.312	0	
595.928	0	
596.914	0	
590.689	0	
576.971	0	
549.679	0	
578.594	0	
580.457	0	
572.594	0	
552.74	0	
164.062	0	
178.821	0	
173.766	0	
186.54	0	
180.3	0	
202.672	0	
383.567	0	
386.242	0	
406.403	0	
414.343	0	
386.314	0	
396.435	0	
143.991	0	
162.512	0	
107.203	0	
106.556	0	
604.868	0	
558.014	0	
396.442	0	
390.161	0	
393.007	0	
415.799	0	
412.371	0	
422.425	0	
381.417	0	
387.671	0	
111.001	0	
97.3705	0	
569.372	0	
559.735	0	
428.383	0	
422.673	0	
379.817	0	
395.792	0	
594.283	0	
618.755	0	
572.076	0	
525.067	0	
802.732	0	
938.14	0	
227.584	0	
256.568	0	
24.1277	0	
25.0735	0	
158.555	0	
148.617	0	
151.227	0	
166.658	0	
925.888	0	
955.004	0	
133.436	0	
147.049	0	
277.984	0	
244.998	0	
71.2909	0	
30.8404	0	
276.624	0	
274.675	0	
297.452	0	
289.156	0	
1007.92	0	
1082.84	0	
1013.07	0	
1079.01	0	
1103.28	0	
1096.59	0	
1062.63	0	
1094.35	0	
1113.58	0	
1106.34	0	
1114.6	0	
1098.69	0	
1087.85	0	
1082.09	0	
869.946	0	
722.349	0	
289.296	0	
255.745	0	
1030.18	0	
1049.51	0	
58.2412	0	
49.3109	0	
29.9557	0	
46.6984	0	
44.5673	0	
58.8187	0	
33.2902	0	
34.961	0	
25.3728	0	
37.1768	0	
23.3685	0	
24.1003	0	
557.632	0	
591.96	0	
558.736	0	
566.817	0	
203.045	0	
178.35	0	
167.136	0	
184.299	0	
186.614	0	
200.034	0	
385.441	0	
106.187	0	
47.037	0	
466.339	0	
502.353	0	
389.401	0	
401.631	0	
393.003	0	
392.294	0	
33.2923	0	
30.029	0	
84.089	0	
112.526	0	
341.991	0	
412.319	0	
274.162	0	
303.877	0	
288.394	0	
321.359	0	
1078.53	0	
1091.9	0	
1000.08	0	
1033.13	0	
31.6426	0	
31.2733	0	
26.0893	0	
22.8446	0	
32.8505	0	
53.8419	0	
24.2423	0	
25.9676	0	
564.322	0	
508.122	0	
591.179	0	
616.204	0	
208.56	0	
227.991	0	
373.942	0	
379.793	0	
379.876	0	
403.224	0	
109.012	0	
72.0247	0	
281.593	0	
228.965	0	
288.465	0	
323.502	0	
315.55	0	
307.246	0	
1047.31	0	
1045.15	0	
1064.37	0	
1024.52	0	
970.974	0	
944.591	0	
369.099	0	
372.146	0	
329.381	0	
328.754	0	
297.08	0	
307.61	0	
1044.03	0	
977.64	0	
996.38	0	
971.703	0	
376.235	0	
381.283	0	
343.053	0	
337.082	0	
1081.32	0	
996.137	0	
1011.62	0	
999.954	0	
911.674	0	
904.051	0	
321.318	0	
350.225	0	
930.852	0	
967.567	0	
1013.42	0	
953.76	0	
351.242	0	
339.433	0	
895.618	0	
834.411	0	
948.65	0	
1044.13	0	
225.004	0	
266.314	0	
545.345	0	
480.522	0	
359.818	0	
334.664	0	
39.5178	0	
51.5474	0	
247.903	0	
220.283	0	
636.289	0	
582.155	0	
1088.85	0	
1047.12	0	
1085.98	0	
1107.94	0	
215.941	0	
264.663	0	
145.733	0	
161.23	0	
79.5695	0	
57.3284	0	
369.197	0	
370.016	0	
97.4358	0	
63.0475	0	
65.7817	0	
45.3863	0	
52.0765	0	
42.2069	0	
34.7094	0	
41.8729	0	
39.0145	0	
29.3822	0	
64.4632	0	
52.6311	0	
87.0381	0	
92.7215	0	
30.9104	0	
34.8631	0	
28.0158	0	
44.8536	0	
93.1831	0	
54.5061	0	
58.0188	0	
63.3624	0	
85.5238	0	
96.2679	0	
68.1031	0	
79.2724	0	
370.335	0	
532.205	0	
499.962	0	
230.36	0	
260.973	0	
275.822	0	
248.494	0	
696.109	0	
621.784	0	
620.285	0	
543.745	0	
1040.01	0	
895.679	0	
41.42	0	
44.6559	0	
91.9596	0	
110.205	0	
126.696	0	
136.95	0	
361.228	0	
366.322	0	
264.062	0	
302.524	0	
284.321	0	
288.976	0	
588.204	0	
513.732	0	
43.717	0	
76.9924	0	
96.8286	0	
74.9328	0	
120.56	0	
162.356	0	
359.637	0	
362.253	0	
231.803	0	
296.418	0	
280.488	0	
313.748	0	
317.742	0	
305.944	0	
363.513	0	
372.605	0	
361.097	0	
359.731	0	
457.549	0	
491.92	0	
39.4032	0	
59.41	0	
112.072	0	
142.652	0	
344.244	0	
349.938	0	
441.055	0	
391.088	0	
117.631	0	
131.615	0	
560.326	0	
558.723	0	
359.542	0	
268.826	0	
296.075	0	
362.33	0	
381.275	0	
142.833	0	
123.427	0	
272.764	0	
272.764	0	
114.671	0	
149.08	0	
272.764	0	
272.764	0	
169.734	0	
137.406	0	
272.764	0	
280.057	0	
301.938	0	
361.443	0	
576.987	0	
662.287	0	
720.963	0	
851.925	0	
423.483	0	
529.515	0	
335.4	0	
362.337	0	
326.22	0	
354.06	0	
800.139	0	
824.031	0	
925.547	0	
753.247	0	
196.976	0	
152.096	0	
307.092	0	
299.932	0	
802.587	0	
667.961	0	
121.049	0	
141.337	0	
224.308	0	
269.265	0	
289.825	0	
340.443	0	
310.463	0	
319.438	0	
470.937	0	
402.267	0	
614.542	0	
534.799	0	
272.764	0	
144.421	0	
159.109	0	
448.99	0	
409.935	0	
341.735	0	
332.192	0	
933.887	0	
873.737	0	
804.808	0	
755.003	0	
240.083	0	
194.762	0	
126.07	0	
225.968	0	
199.089	0	
138.761	0	
318.95	0	
334.219	0	
348.402	0	
314.569	0	
507.453	0	
458.402	0	
642.792	0	
527.007	0	
476.085	0	
416.12	0	
272.764	0	
272.764	0	
443.065	0	
460.12	0	
335.142	0	
353.035	0	
811.963	0	
778.354	0	
669.324	0	
724.148	0	
272.764	0	
272.764	0	
804.52	0	
733.096	0	
272.764	0	
275.499	0	
828.425	0	
643.274	0	
287.351	0	
287.351	0	
893.789	0	
756.724	0	
1051.41	0	
910.332	0	
395.228	0	
450.729	0	
353.546	0	
344.694	0	
218.28	0	
180.999	0	
552.481	0	
605.848	0	
998.975	0	
888.872	0	
343.011	0	
370.834	0	
313.393	0	
251.002	0	
171.47	0	
224.674	0	
272.764	0	
272.764	0	
272.764	0	
280.057	0	
287.351	0	
639.991	0	
940.13	0	
272.764	0	
272.764	0	
272.764	0	
272.764	0	
970.813	0	
853.384	0	
715.423	0	
667.481	0	
272.764	0	
272.764	0	
272.764	0	
272.764	0	
272.764	0	
272.764	0	
274.587	0	
272.764	0	
272.764	0	
272.764	0	
272.764	0	
272.764	0	
326.822	0	
330.849	0	
348.688	0	
343.413	0	
505.784	0	
476.768	0	
418.374	0	
372.656	0	
353.323	0	
362.937	0	
209.47	0	
255.179	0	
414.203	0	
398.672	0	
372.076	0	
314.46	0	
272.764	0	
272.764	0	
272.764	0	
280.057	0	
274.587	0	
442.083	0	
409.985	0	
465.986	0	
440.324	0	
388.646	0	
337.573	0	
279.966	0	
206.717	0	
272.764	0	
272.764	0	
272.764	0	
272.764	0	
272.764	0	
272.764	0	
273.675	0	
355.733	0	
272.764	0	
272.764	0	
272.764	0	
272.764	0	
470.11	0	
505.489	0	
255.33	0	
310.16	0	
261.026	0	
266.801	0	
240.399	0	
230.029	0	
508.786	0	
558.223	0	
488.309	0	
415.806	0	
194.634	0	
193.815	0	
339.523	0	
352.84	0	
336.524	0	
378.699	0	
275.84	0	
297.003	0	
407.3	0	
365.429	0	
272.764	0	
272.764	0	
272.764	0	
272.764	0	
272.764	0	
293.783	0	
272.764	0	
272.764	0	
272.764	0	
272.764	0	
272.764	0	
384.662	0	
594.695	0	
304.384	0	
320.267	0	
311.185	0	
260.033	0	
226.502	0	
278.342	0	
490.413	0	
433.001	0	
236.07	0	
259.66	0	
275.161	0	
290.723	0	
330.448	0	
315.803	0	
272.764	0	
272.764	0	
272.764	0	
293.783	0	
310.315	0	
351.092	0	
272.764	0	
272.764	0	
390.866	0	
442.964	0	
455.659	0	
621.747	0	
304.997	0	
310.723	0	
318.986	0	
313.731	0	
276.418	0	
231.837	0	
260.609	0	
266.284	0	
431.661	0	
358.245	0	
278.973	0	
285.352	0	
296.008	0	
301.318	0	
349.746	0	
338.626	0	
470.089	0	
486.051	0	
318.457	0	
345.864	0	
290.629	0	
299.432	0	
288.133	0	
292.532	0	
488.884	0	
403.432	0	
390.285	0	
400.377	0	
278.53	0	
288.615	0	
294.339	0	
297.596	0	
286.265	0	
291.44	0	
295.599	0	
303.044	0	
289.27	0	
294.55	0	
291.539	0	
301.759	0	
301.072	0	
298.835	0	
287.016	0	
290.355	0	
290.842	0	
279.43	0	
302.44	0	
305.846	0	
279.43	0	
298.608	0	
283.472	0	
302.297	0	
279.43	0	
275.263	0	
296.099	0	
279.43	0	
361.864	0	
384.703	0	
394.611	0	
375.02	0	
325.851	0	
315.302	0	
493.865	0	
435.59	0	
449.162	0	
568.28	0	
328.081	0	
298.701	0	
272.764	0	
272.764	0	
272.764	0	
272.764	0	
272.764	0	
272.764	0	
272.764	0	
272.764	0	
272.764	0	
272.764	0	
272.764	0	
272.764	0	
272.764	0	
272.764	0	
325.158	0	
301.458	0	
284.94	0	
279.224	0	
276.097	0	
275.263	0	
365.276	0	
425.412	0	
384.673	0	
453.041	0	
318.911	0	
322.267	0	
272.764	0	
272.764	0	
272.764	0	
309.775	0	
336.611	0	
340.363	0	
396.801	0	
395.954	0	
383.636	0	
389.489	0	
287.354	0	
384.407	0	
394.902	0	
321.349	0	
336.408	0	
307.769	0	
287.157	0	
275.472	0	
279.43	0	
412.226	0	
435.75	0	
273.597	0	
272.972	0	
275.472	0	
274.43	0	
274.508	0	
274.43	0	
274.014	0	
274.43	0	
309.421	0	
272.764	0	
272.764	0	
272.764	0	
272.764	0	
272.764	0	
272.764	0	
272.764	0	
272.764	0	
272.764	0	
306.514	0	
303.277	0	
272.764	0	
272.764	0	
272.764	0	
272.764	0	
272.764	0	
298.806	0	
278.335	0	
272.764	0	
272.764	0	
272.764	0	
272.764	0	
272.764	0	
272.764	0	
272.764	0	
272.764	0	
272.764	0	
272.764	0	
353.654	0	
295.571	0	
301.945	0	
272.764	0	
272.764	0	
272.764	0	
295.115	0	
331.344	0	
321.15	0	
272.764	0	
274.769	0	
274.769	0	
274.508	0	
273.597	0	
272.764	0	
272.764	0	
272.764	0	
272.764	0	
300.118	0	
281.704	0	
283.629	0	
276.478	0	
272.764	0	
272.764	0	
272.764	0	
272.764	0	
331.126	0	
295.463	0	
272.764	0	
278.351	0	
272.764	0	
295.115	0	
315.458	0	
295.115	0	
272.764	0	
273.128	0	
274.274	0	
275.68	0	
272.764	0	
273.18	0	
273.18	0	
272.764	0	
272.764	0	
295.115	0	
305.297	0	
295.115	0	
295.115	0	
303.712	0	
295.115	0	
278.351	0	
295.115	0	
303.516	0	
313.955	0	
301.715	0	
295.115	0	
305.196	0	
318.27	0	
325.56	0	
325.798	0	
326.873	0	
287.354	0	
272.764	0	
274.222	0	
272.764	0	
272.764	0	
318.27	0	
357.265	0	
273.062	0	
273.597	0	
272.764	0	
272.764	0	
272.764	0	
272.764	0	
272.764	0	
272.764	0	
272.764	0	
272.764	0	
273.311	0	
272.764	0	
274.586	0	
273.311	0	
273.415	0	
273.284	0	
273.805	0	
273.545	0	
287.449	0	
273.062	0	
272.764	0	
272.764	0	
305.196	0	
287.881	0	
272.764	0	
272.764	0	
272.764	0	
272.764	0	
272.764	0	
272.764	0	
272.764	0	
273.284	0	
272.969	0	
272.953	0	
273	0	
272.959	0	
272.967	0	
272.922	0	
272.922	0	
279.748	0	
279.748	0	
272.764	0	
272.764	0	
272.764	0	
272.764	0	
272.922	0	
272.929	0	
272.929	0	
272.929	0	
276.955	0	
279.05	0	
276.955	0	
276.955	0	
272.764	0	
272.764	0	
272.764	0	
272.922	0	
272.929	0	
274.859	0	
276.955	0	
287.449	0	
301.945	0	
272.764	0	
272.764	0	
272.894	0	
272.796	0	
272.829	0	
273.024	0	
272.764	0	
272.764	0	
272.764	0	
272.764	0	
272.764	0	
272.764	0	
272.764	0	
272.764	0	
272.929	0	
272.805	0	
275.907	0	
279.2	0	
287.881	0	
295.463	0	
272.764	0	
272.764	0	
272.846	0	
272.846	0	
272.764	0	
273.288	0	
273.288	0	
274.859	0	
272.764	0	
272.764	0	
274.859	0	
274.859	0	
283.54	0	
277.553	0	
272.764	0	
272.764	0	
273.549	0	
273.811	0	
272.764	0	
272.764	0	
272.764	0	
272.764	0	
272.764	0	
272.764	0	
272.764	0	
272.764	0	
272.805	0	
272.805	0	
272.796	0	
272.829	0	
275.982	0	
279.2	0	
273.811	0	
274.859	0	
272.764	0	
272.764	0	
272.764	0	
272.764	0	
272.805	0	
272.784	0	
273.886	0	
275.982	0	
272.764	0	
272.764	0	
272.764	0	
272.764	0	
272.764	0	
272.764	0	
272.764	0	
272.764	0	
272.764	0	
272.764	0	
272.764	0	
272.764	0	
272.764	0	
272.764	0	
272.764	0	
272.764	0	
272.895	0	
273.896	0	
272.764	0	
272.764	0	
272.764	0	
272.805	0	
273.896	0	
273.961	0	
273.83	0	
273.83	0	
272.774	0	
272.774	0	
272.764	0	
272.764	0	
272.764	0	
272.764	0	
272.764	0	
272.764	0	
272.769	0	
272.769	0	
272.764	0	
272.764	0	
272.764	0	
272.764	0	
272.769	0	
272.768	0	
272.766	0	
272.768	0	
272.764	0	
272.764	0	
272.764	0	
272.895	0	
272.764	0	
272.764	0	
273.026	0	
273.026	0	
272.764	0	
272.764	0	
272.764	0	
272.764	0	
272.764	0	
272.764	0	
272.764	0	
272.764	0	
272.764	0	
272.764	0	
273.157	0	
272.862	0	
272.764	0	
272.764	0	
272.764	0	
272.764	0	
272.815	0	
272.96	0	
272.764	0	
272.764	0	
272.764	0	
272.764	0	
272.801	0	
272.862	0	
272.783	0	
272.764	0	
272.764	0	
272.764	0	
272.764	0	
272.764	0	
272.764	0	
272.764	0	
272.776	0	
272.815	0	
272.764	0	
272.764	0	
272.911	0	
272.801	0	
272.764	0	
272.764	0	
272.764	0	
272.764	0	
272.764	0	
272.764	0	
272.764	0	
272.764	0	
272.764	0	
272.764	0	
272.764	0	
272.764	0	
272.764	0	
272.764	0	
272.768	0	
272.776	0	
272.764	0	
272.764	0	
272.764	0	
272.768	0	
272.767	0	
272.764	0	
272.764	0	
272.764	0	
272.764	0	
272.764	0	
272.764	0	
272.764	0	
272.764	0	
272.764	0	
272.764	0	
272.764	0	
272.764	0	
272.764	0	
272.764	0	
272.764	0	
272.764	0	
272.764	0	
272.764	0	
272.764	0	
272.764	0	
272.764	0	
272.764	0	
272.764	0	
272.764	0	
272.764	0	
272.764	0	
272.764	0	
272.764	0	
272.764	0	
272.764	0	
272.764	0	
272.764	0	
272.764	0	
272.764	0	
272.764	0	
272.764	0	
272.764	0	
272.764	0	
272.764	0	
272.764	0	
272.764	0	
272.764	0	
272.764	0	
272.764	0	
272.764	0	
272.764	0	
272.764	0	
272.764	0	
272.764	0	
272.764	0	
272.764	0	
272.764	0	
272.764	0	
272.764	0	
272.764	0	
272.764	0	
272.764	0	
272.764	0	
272.764	0	
272.764	0	
272.764	0	
272.764	0	
272.764	0	
272.764	0	
272.764	0	
272.764	0	
272.764	0	
272.764	0	
272.764	0	
272.764	0	
272.764	0	
272.764	0	
272.764	0	
272.764	0	
272.764	0	
272.764	0	
272.764	0	
272.764	0	
272.764	0	
272.764	0	
272.764	0	
272.764	0	
272.764	0	
272.764	0	
272.764	0	
272.764	0	
272.764	0	
272.764	0	
272.764	0	
272.764	0	
272.764	0	
272.764	0	
272.764	0	
272.764	0	
272.764	0	
272.764	0	
272.764	0	
272.764	0	
272.764	0	
272.764	0	
272.764	0	
272.764	0	
272.764	0	
272.764	0	
272.764	0	
272.764	0	
272.764	0	
272.764	0	
272.764	0	
272.764	0	
272.764	0	
272.764	0	
272.764	0	
272.764	0	
272.764	0	
272.764	0	
272.764	0	
272.764	0	
272.764	0	
272.764	0	
272.764	0	
272.764	0	
272.764	0	
272.764	0	
272.764	0	
272.764	0	
272.764	0	
272.764	0	
272.764	0	
272.764	0	
272.764	0	
272.764	0	
272.764	0	
272.764	0	
272.764	0	
272.764	0	
272.764	0	
272.764	0	
272.764	0	
272.764	0	
272.764	0	
272.764	0	
272.764	0	
272.764	0	
272.764	0	
272.764	0	
272.764	0	
272.764	0	
272.764	0	
272.764	0	
272.764	0	
272.764	0	
272.764	0	
272.764	0	
272.764	0	
272.764	0	
272.764	0	
272.764	0	
272.764	0	
272.764	0	
272.764	0	
272.764	0	
272.764	0	
272.764	0	
272.764	0	
272.764	0	
272.764	0	
