# File: UnstructuredGrid_InversionInit_Refine1.vtk
# (No specific header documentation)

# vtk DataFile Version 2.0
Finite element discrete.
ASCII
DATASET UNSTRUCTURED_GRID
POINTS 4819 double
-2208.06	0	0
-1864.63	0	0
-1578.44	0	0
-1339.95	0	0
-1141.21	0	0
-975.592	0	0
-837.577	0	0
-722.564	0	0
-626.72	0	0
-546.85	0	0
-480.292	0	0
-424.826	0	0
-378.605	0	0
-340.088	0	0
-307.99	0	0
-281.242	0	0
-258.951	0	0
-240.376	0	0
-224.897	0	0
-211.997	0	0
-201.248	0	0
-192.29	0	0
-184.825	0	0
-178.604	0	0
-173.42	0	0
-169.1	0	0
-165.5	0	0
-162.5	0	0
-160	0	0
-158.75	0	0
-157.5	0	0
-156.25	0	0
-155	0	0
-153.75	0	0
-152.5	0	0
-151.25	0	0
-150	0	0
-148.75	0	0
-147.5	0	0
-146.25	0	0
-145	0	0
-143.75	0	0
-142.5	0	0
-141.25	0	0
-140	0	0
-138.75	0	0
-137.5	0	0
-136.25	0	0
-135	0	0
-133.75	0	0
-132.5	0	0
-131.25	0	0
-130	0	0
-128.75	0	0
-127.5	0	0
-126.25	0	0
-125	0	0
-123.75	0	0
-122.5	0	0
-121.25	0	0
-120	0	0
-118.75	0	0
-117.5	0	0
-116.25	0	0
-115	0	0
-113.75	0	0
-112.5	0	0
-111.25	0	0
-110	0	0
-108.75	0	0
-107.5	0	0
-106.25	0	0
-105	0	0
-103.75	0	0
-102.5	0	0
-101.25	0	0
-100	0	0
-98.75	0	0
-97.5	0	0
-96.25	0	0
-95	0	0
-93.75	0	0
-92.5	0	0
-91.25	0	0
-90	0	0
-88.75	0	0
-87.5	0	0
-86.25	0	0
-85	0	0
-83.75	0	0
-82.5	0	0
-81.25	0	0
-80	0	0
-78.75	0	0
-77.5	0	0
-76.25	0	0
-75	0	0
-73.75	0	0
-72.5	0	0
-71.25	0	0
-70	0	0
-68.75	0	0
-67.5	0	0
-66.25	0	0
-65	0	0
-63.75	0	0
-62.5	0	0
-61.25	0	0
-60	0	0
-58.75	0	0
-57.5	0	0
-56.25	0	0
-55	0	0
-53.75	0	0
-52.5	0	0
-51.25	0	0
-50	0	0
-48.75	0	0
-47.5	0	0
-46.25	0	0
-45	0	0
-43.75	0	0
-42.5	0	0
-41.25	0	0
-40	0	0
-38.75	0	0
-37.5	0	0
-36.25	0	0
-35	0	0
-33.75	0	0
-32.5	0	0
-31.25	0	0
-30	0	0
-28.75	0	0
-27.5	0	0
-26.25	0	0
-25	0	0
-23.75	0	0
-22.5	0	0
-21.25	0	0
-20	0	0
-18.75	0	0
-17.5	0	0
-16.25	0	0
-15	0	0
-13.75	0	0
-12.5	0	0
-11.25	0	0
-10	0	0
-8.75	0	0
-7.5	0	0
-6.25	0	0
-5	0	0
-3.75	0	0
-2.5	0	0
-1.25	0	0
0	0	0
1.25	0	0
2.5	0	0
3.75	0	0
5	0	0
6.25	0	0
7.5	0	0
8.75	0	0
10	0	0
11.25	0	0
12.5	0	0
13.75	0	0
15	0	0
16.25	0	0
17.5	0	0
18.75	0	0
20	0	0
21.25	0	0
22.5	0	0
23.75	0	0
25	0	0
26.25	0	0
27.5	0	0
28.75	0	0
30	0	0
31.25	0	0
32.5	0	0
33.75	0	0
35	0	0
36.25	0	0
37.5	0	0
38.75	0	0
40	0	0
41.25	0	0
42.5	0	0
43.75	0	0
45	0	0
46.25	0	0
47.5	0	0
48.75	0	0
50	0	0
51.25	0	0
52.5	0	0
53.75	0	0
55	0	0
56.25	0	0
57.5	0	0
58.75	0	0
60	0	0
61.25	0	0
62.5	0	0
63.75	0	0
65	0	0
66.25	0	0
67.5	0	0
68.75	0	0
70	0	0
71.25	0	0
72.5	0	0
73.75	0	0
75	0	0
76.25	0	0
77.5	0	0
78.75	0	0
80	0	0
81.25	0	0
82.5	0	0
83.75	0	0
85	0	0
86.25	0	0
87.5	0	0
88.75	0	0
90	0	0
91.25	0	0
92.5	0	0
93.75	0	0
95	0	0
96.25	0	0
97.5	0	0
98.75	0	0
100	0	0
101.25	0	0
102.5	0	0
103.75	0	0
105	0	0
106.25	0	0
107.5	0	0
108.75	0	0
110	0	0
111.25	0	0
112.5	0	0
113.75	0	0
115	0	0
116.25	0	0
117.5	0	0
118.75	0	0
120	0	0
121.25	0	0
122.5	0	0
123.75	0	0
125	0	0
126.25	0	0
127.5	0	0
128.75	0	0
130	0	0
131.25	0	0
132.5	0	0
133.75	0	0
135	0	0
136.25	0	0
137.5	0	0
138.75	0	0
140	0	0
141.25	0	0
142.5	0	0
143.75	0	0
145	0	0
146.25	0	0
147.5	0	0
148.75	0	0
150	0	0
151.25	0	0
152.5	0	0
153.75	0	0
155	0	0
156.25	0	0
157.5	0	0
158.75	0	0
161.25	0	0
164.25	0	0
167.85	0	0
172.17	0	0
177.354	0	0
183.575	0	0
191.04	0	0
199.998	0	0
210.747	0	0
223.647	0	0
239.126	0	0
257.701	0	0
279.992	0	0
306.74	0	0
338.838	0	0
377.355	0	0
423.576	0	0
479.042	0	0
545.6	0	0
625.47	0	0
721.314	0	0
836.327	0	0
974.342	0	0
1139.96	0	0
1338.7	0	0
1577.19	0	0
1863.38	0	0
2206.81	0	0
-2208.06	-4856.36	0
2206.81	-4856.36	0
-0.625	-4414.87	0
-0.625	-4856.36	0
-159.375	-2.00447	0
-64.375	-2.00447	0
31.875	-2.00447	0
126.875	-2.00447	0
-113.125	-2.00447	0
-136.875	-2.00447	0
-148.125	-2.00447	0
-154.375	-2.00447	0
-156.875	-2.00447	0
-16.875	-2.00447	0
-40.625	-2.00447	0
-53.125	-2.00447	0
-59.375	-2.00447	0
-61.875	-2.00447	0
-65.625	-1.29455	0
-71.875	-2.00447	0
79.375	-2.00447	0
55.625	-2.00447	0
43.125	-2.00447	0
36.875	-2.00447	0
34.375	-2.00447	0
33.125	-1.29455	0
30.625	-1.29455	0
24.375	-2.00447	0
158.125	-2.00447	0
141.875	-2.00447	0
133.125	-2.00447	0
129.375	-2.00447	0
128.125	-1.29455	0
125.625	-1.29455	0
119.375	-2.00447	0
-114.375	-1.29455	0
-120.625	-2.00447	0
-93.125	-2.00447	0
-103.125	-2.00447	0
-109.375	-2.00447	0
-111.875	-1.29455	0
-138.125	-1.29455	0
-129.375	-2.00447	0
-133.125	-2.00447	0
-135.625	-1.29455	0
-149.375	-1.29455	0
-143.125	-2.00447	0
-145.625	-2.00447	0
-146.875	-1.29455	0
-155.625	-1.29455	0
-151.875	-2.00447	0
-153.125	-1.29455	0
-158.125	-1.29455	0
-18.125	-1.29455	0
-24.375	-2.00447	0
3.125	-2.00447	0
-6.875	-2.00447	0
-13.125	-2.00447	0
-15.625	-1.29455	0
-41.875	-1.29455	0
-33.125	-2.00447	0
-36.875	-2.00447	0
-39.375	-1.29455	0
-54.375	-1.29455	0
-48.125	-2.00447	0
-50.625	-2.00447	0
-51.875	-1.29455	0
-60.625	-1.29455	0
-56.875	-2.00447	0
-58.125	-1.29455	0
-63.125	-1.29455	0
-66.875	-1.09989	0
-69.375	-2.00447	0
-70.625	-1.29455	0
-73.125	-1.29455	0
-79.375	-2.00447	0
99.375	-2.00447	0
89.375	-2.00447	0
83.125	-2.00447	0
80.625	-1.29455	0
78.125	-1.29455	0
71.875	-2.00447	0
63.125	-2.00447	0
59.375	-2.00447	0
56.875	-1.29455	0
54.375	-1.29455	0
48.125	-2.00447	0
45.625	-2.00447	0
44.375	-1.29455	0
41.875	-1.29455	0
39.375	-2.00447	0
38.125	-1.29455	0
35.625	-1.29455	0
29.375	-1.09989	0
26.875	-2.00447	0
25.625	-1.29455	0
23.125	-1.29455	0
16.875	-2.00447	0
156.875	-1.29455	0
150.625	-2.00447	0
145.625	-2.00447	0
143.125	-1.29455	0
140.625	-1.29455	0
136.875	-2.00447	0
134.375	-1.29455	0
131.875	-1.29455	0
124.375	-1.09989	0
121.875	-2.00447	0
120.625	-1.29455	0
118.125	-1.29455	0
111.875	-2.00447	0
-115.625	-1.09989	0
-118.125	-2.00447	0
-119.375	-1.29455	0
-121.875	-1.29455	0
-86.875	-2.00447	0
-90.625	-2.00447	0
-91.875	-1.29455	0
-94.375	-1.29455	0
-99.375	-2.00447	0
-101.875	-1.29455	0
-104.375	-1.29455	0
-106.875	-2.00447	0
-108.125	-1.29455	0
-110.625	-1.09989	0
-139.375	-1.09989	0
-125.625	-2.00447	0
-128.125	-1.29455	0
-130.625	-1.29455	0
-134.375	-1.09989	0
-150.625	-1.09989	0
-141.875	-1.29455	0
-144.375	-1.29455	0
-19.375	-1.09989	0
-21.875	-2.00447	0
-23.125	-1.29455	0
-25.625	-1.29455	0
9.375	-2.00447	0
5.625	-2.00447	0
4.375	-1.29455	0
1.875	-1.29455	0
-3.125	-2.00447	0
-5.625	-1.29455	0
-8.125	-1.29455	0
-10.625	-2.00447	0
-11.875	-1.29455	0
-14.375	-1.09989	0
-43.125	-1.09989	0
-29.375	-2.00447	0
-31.875	-1.29455	0
-34.375	-1.29455	0
-38.125	-1.09989	0
-55.625	-1.09989	0
-45.625	-2.00447	0
-46.875	-1.29455	0
-49.375	-1.29455	0
-68.125	-1.08267	0
-66.5621	-3.20169	0
-74.375	-1.09989	0
-76.875	-2.00447	0
-78.125	-1.29455	0
-80.625	-1.29455	0
105.625	-2.00447	0
101.875	-2.00447	0
100.625	-1.29455	0
98.125	-1.29455	0
93.125	-2.00447	0
90.625	-1.29455	0
88.125	-1.29455	0
85.625	-2.00447	0
84.375	-1.29455	0
81.875	-1.09989	0
76.875	-1.09989	0
74.375	-2.00447	0
73.125	-1.29455	0
70.625	-1.29455	0
66.875	-2.00447	0
64.375	-1.29455	0
61.875	-1.29455	0
58.125	-1.09989	0
53.125	-1.09989	0
50.625	-2.00447	0
49.375	-1.29455	0
46.875	-1.29455	0
40.625	-1.09989	0
28.125	-1.08267	0
29.6879	-3.20169	0
21.875	-1.09989	0
19.375	-2.00447	0
18.125	-1.29455	0
15.625	-1.29455	0
155.625	-1.09989	0
153.125	-2.00447	0
151.875	-1.29455	0
149.375	-1.29455	0
146.875	-1.29455	0
144.375	-1.09989	0
139.375	-1.09989	0
135.625	-1.09989	0
130.625	-1.09989	0
123.125	-1.08267	0
124.688	-3.20169	0
116.875	-1.09989	0
114.375	-2.00447	0
113.125	-1.29455	0
110.625	-1.29455	0
-116.875	-1.08267	0
-115.312	-3.20169	0
-123.125	-1.09989	0
-84.375	-2.00447	0
-85.625	-1.29455	0
-88.125	-1.29455	0
-95.625	-1.09989	0
-98.125	-1.29455	0
-100.625	-1.09989	0
-105.625	-1.09989	0
-110.983	-2.91077	0
-140.625	-1.08267	0
-139.062	-3.20169	0
-126.875	-1.09989	0
-131.875	-1.09989	0
-134.733	-2.91077	0
-150.267	-2.91077	0
-20.625	-1.08267	0
-19.0621	-3.20169	0
-26.875	-1.09989	0
11.875	-2.00447	0
10.625	-1.29455	0
8.125	-1.29455	0
0.625	-1.09989	0
-1.875	-1.29455	0
-4.375	-1.09989	0
-9.375	-1.09989	0
-14.7332	-2.91077	0
-44.375	-1.08267	0
-42.8121	-3.20169	0
-30.625	-1.09989	0
-35.625	-1.09989	0
-38.4832	-2.91077	0
-55.2668	-2.91077	0
-67.5162	-2.26952	0
-75.625	-1.08267	0
-74.0621	-3.20169	0
-81.875	-1.09989	0
108.125	-2.00447	0
106.875	-1.29455	0
104.375	-1.29455	0
96.875	-1.09989	0
94.375	-1.29455	0
91.875	-1.09989	0
86.875	-1.09989	0
81.5168	-2.91077	0
75.625	-1.08267	0
77.1879	-3.20169	0
69.375	-1.09989	0
65.625	-1.09989	0
60.625	-1.09989	0
57.7668	-2.91077	0
51.875	-1.08267	0
53.4379	-3.20169	0
40.9832	-2.91077	0
28.7338	-2.26952	0
20.625	-1.08267	0
22.1879	-3.20169	0
14.375	-1.09989	0
154.375	-1.08267	0
155.938	-3.20169	0
148.125	-1.09989	0
144.017	-2.91077	0
138.125	-1.08267	0
139.688	-3.20169	0
135.267	-2.91077	0
130.983	-2.91077	0
123.734	-2.26952	0
115.625	-1.08267	0
117.188	-3.20169	0
109.375	-1.09989	0
-116.266	-2.26952	0
-124.375	-1.08267	0
-122.812	-3.20169	0
-89.375	-1.09989	0
-96.875	-1.08267	0
-95.3121	-3.20169	0
-100.983	-2.91077	0
-105.267	-2.91077	0
-140.016	-2.26952	0
-127.233	-2.91077	0
-131.517	-2.91077	0
-20.0162	-2.26952	0
-28.125	-1.08267	0
-26.5621	-3.20169	0
6.875	-1.09989	0
-0.625	-1.08267	0
0.937855	-3.20169	0
-4.73316	-2.91077	0
-9.01684	-2.91077	0
-43.7662	-2.26952	0
-30.9832	-2.91077	0
-35.2668	-2.91077	0
-68.534	-4.26556	0
-75.0162	-2.26952	0
-83.125	-1.08267	0
-81.5621	-3.20169	0
103.125	-1.09989	0
95.625	-1.08267	0
97.1879	-3.20169	0
91.5168	-2.91077	0
87.2332	-2.91077	0
76.2338	-2.26952	0
68.125	-1.08267	0
69.6879	-3.20169	0
65.2668	-2.91077	0
60.9832	-2.91077	0
52.4838	-2.26952	0
27.716	-4.26556	0
21.2338	-2.26952	0
13.125	-1.08267	0
14.6879	-3.20169	0
154.984	-2.26952	0
147.812	-3.20169	0
138.734	-2.26952	0
122.716	-4.26556	0
116.234	-2.26952	0
109.733	-2.91077	0
-117.284	-4.26556	0
-123.766	-2.26952	0
-89.0168	-2.91077	0
-96.2662	-2.26952	0
-141.034	-4.26556	0
-21.034	-4.26556	0
-27.5162	-2.26952	0
7.23316	-2.91077	0
-0.016236	-2.26952	0
-44.784	-4.26556	0
-76.034	-4.26556	0
-82.5162	-2.26952	0
103.483	-2.91077	0
96.2338	-2.26952	0
75.216	-4.26556	0
68.7338	-2.26952	0
51.466	-4.26556	0
20.216	-4.26556	0
13.7338	-2.26952	0
153.966	-4.26556	0
148.587	-2.24287	0
137.716	-4.26556	0
115.216	-4.26556	0
-124.784	-4.26556	0
-97.284	-4.26556	0
-28.534	-4.26556	0
-1.03398	-4.26556	0
-83.534	-4.26556	0
95.216	-4.26556	0
67.716	-4.26556	0
12.716	-4.26556	0
149.737	-3.96508	0
33.125	-2.74999	0
128.125	-2.74999	0
-146.875	-2.74999	0
-155.625	-2.74999	0
-153.125	-2.74999	0
-158.125	-2.74999	0
-51.875	-2.74999	0
-60.625	-2.74999	0
-58.125	-2.74999	0
-63.125	-2.74999	0
-70.625	-2.74999	0
44.375	-2.74999	0
38.125	-2.74999	0
35.625	-2.74999	0
25.625	-2.74999	0
120.625	-2.74999	0
-119.375	-2.74999	0
-91.875	-2.74999	0
-108.125	-2.74999	0
-144.375	-2.74999	0
-23.125	-2.74999	0
4.375	-2.74999	0
-11.875	-2.74999	0
-46.875	-2.74999	0
-49.375	-2.74999	0
-78.125	-2.74999	0
100.625	-2.74999	0
84.375	-2.74999	0
73.125	-2.74999	0
49.375	-2.74999	0
46.875	-2.74999	0
18.125	-2.74999	0
151.875	-2.74999	0
113.125	-2.74999	0
-85.625	-2.74999	0
10.625	-2.74999	0
106.875	-2.74999	0
-141.802	-2.87844	0
-98.052	-2.87844	0
-1.80205	-2.87844	0
94.448	-2.87844	0
31.5394	-3.98781	0
129.508	-3.64826	0
126.539	-3.98781	0
-148.512	-4.07398	0
-154.375	-3.42515	0
-151.742	-3.64826	0
-156.875	-3.42515	0
-159.945	-4.38169	0
-53.512	-4.07398	0
-59.375	-3.42515	0
-56.7419	-3.64826	0
-61.875	-3.42515	0
-64.7106	-3.98781	0
-72.2106	-3.98781	0
42.738	-4.07398	0
39.5081	-3.64826	0
34.375	-3.42515	0
36.875	-3.42515	0
24.0394	-3.98781	0
119.039	-3.98781	0
-120.961	-3.98781	0
-90.4919	-3.64826	0
-93.4606	-3.98781	0
-109.508	-3.64826	0
-106.742	-3.64826	0
-145.625	-3.42515	0
-24.7106	-3.98781	0
5.75807	-3.64826	0
2.78942	-3.98781	0
-13.2581	-3.64826	0
-10.4919	-3.64826	0
-50.625	-3.42515	0
-48.125	-3.42515	0
-79.7106	-3.98781	0
102.008	-3.64826	0
99.0394	-3.98781	0
82.9919	-3.64826	0
85.7581	-3.64826	0
71.5394	-3.98781	0
45.625	-3.42515	0
48.125	-3.42515	0
16.5394	-3.98781	0
111.488	-4.07398	0
-87.262	-4.07398	0
8.98803	-4.07398	0
108.258	-3.64826	0
105.238	-4.07398	0
-143.119	-3.4344	0
-99.5093	-3.64606	0
-3.25931	-3.64606	0
92.9907	-3.64606	0
131.428	-5.64493	0
128.082	-4.32968	0
-153.119	-4.25517	0
-150.249	-4.78972	0
-155.625	-4.2447	0
-158.238	-4.4548	0
-58.1193	-4.25517	0
-55.2493	-4.78972	0
-60.625	-4.2447	0
-63.1696	-4.32728	0
41.0007	-4.78972	0
33.0804	-4.32728	0
38.1307	-4.25517	0
35.625	-4.2447	0
-91.9177	-4.32968	0
-111.428	-5.64493	0
-104.822	-5.64493	0
-146.933	-4.35218	0
4.33226	-4.32968	0
-15.1782	-5.64493	0
-8.57177	-5.64493	0
-51.9331	-4.35218	0
-49.375	-4.2447	0
-46.6566	-4.64898	0
100.582	-4.32968	0
81.0718	-5.64493	0
87.6782	-5.64493	0
44.3169	-4.35218	0
46.875	-4.2447	0
49.5934	-4.64898	0
-88.9993	-4.78972	0
7.25066	-4.78972	0
109.751	-4.78972	0
106.817	-4.35266	0
103.501	-4.78972	0
-144.375	-4.24424	0
126.763	-6.63281	0
129.537	-5.5418	0
-151.831	-5.31181	0
-156.894	-4.8174	0
-155.341	-6.56622	0
-158.148	-6.79184	0
-56.8314	-5.31181	0
-64.4845	-6.62861	0
31.7655	-6.62861	0
39.4186	-5.31181	0
-93.2374	-6.63281	0
-101.425	-5.64183	0
-148.169	-6.74499	0
3.01264	-6.63281	0
-5.17531	-5.64183	0
-53.1686	-6.74499	0
-50.6329	-4.80031	0
-51.7591	-5.95743	0
-49.113	-6.5397	0
-48.0774	-4.86082	0
99.2626	-6.63281	0
91.0747	-5.64183	0
43.0814	-6.74499	0
45.6171	-4.80031	0
44.4909	-5.95743	0
47.137	-6.5397	0
48.1726	-4.86082	0
-90.576	-5.30478	0
5.67401	-5.30478	0
108.175	-5.30367	0
105.581	-6.74585	0
101.924	-5.30478	0
-145.633	-4.80027	0
-146.759	-5.95743	0
-144.112	-6.53909	0
-153.537	-6.07737	0
-59.1698	-6.84886	0
37.0802	-6.84886	0
-150.389	-7.02345	0
-55.3893	-7.02345	0
-51.2009	-8.61153	0
-47.0874	-6.63037	0
40.8607	-7.02345	0
45.0491	-8.61153	0
49.1626	-6.63037	0
-88.9617	-7.57552	0
7.28827	-7.57552	0
109.787	-7.57361	0
103.358	-7.02503	0
-142.849	-5.23197	0
-146.201	-8.61155	0
-133.125	-3.88438	0
-36.875	-3.88438	0
59.375	-3.88438	0
145.824	-4.23741	0
130.317	-8.62564	0
-153.655	-9.21523	0
-45.4133	-5.95678	0
50.8367	-5.95678	0
-87.4181	-6.16153	0
8.83192	-6.16153	0
111.332	-6.16131	0
-141.385	-7.91119	0
-130.76	-5.97638	0
-39.2403	-5.97638	0
-34.5097	-5.97638	0
57.0097	-5.97638	0
61.7403	-5.97638	0
-42.5414	-6.06272	0
53.7086	-6.06272	0
-135.49	-5.97638	0
-45.1702	-8.97808	0
51.0798	-8.97808	0
-161.25	-1.48943	0
-164	-2.52812	0
160	-1.48943	0
162.75	-2.52812	0
159.888	-4.75365	0
141.968	-4.76987	0
-70.4123	-4.65683	0
-68.8457	-7.47327	0
-72.3843	-7.20595	0
25.8377	-4.65683	0
27.4043	-7.47327	0
23.8657	-7.20595	0
120.838	-4.65683	0
122.404	-7.47327	0
118.866	-7.20595	0
-119.162	-4.65683	0
-121.134	-7.20595	0
-117.596	-7.47327	0
-22.9123	-4.65683	0
-24.8843	-7.20595	0
-21.3457	-7.47327	0
-77.9123	-4.65683	0
-79.8843	-7.20595	0
-76.3457	-7.47327	0
73.3377	-4.65683	0
71.3657	-7.20595	0
74.9043	-7.47327	0
18.3377	-4.65683	0
16.3657	-7.20595	0
19.9043	-7.47327	0
113.326	-4.67269	0
114.924	-7.49962	0
-85.4238	-4.67269	0
-83.826	-7.49962	0
10.8262	-4.67269	0
12.424	-7.49962	0
133.397	-4.34669	0
124.82	-5.46487	0
-66.4305	-5.46517	0
29.8195	-5.46517	0
-95.1804	-5.46487	0
-98.9845	-6.06748	0
1.06963	-5.46487	0
-2.73451	-6.06748	0
97.3196	-5.46487	0
93.5155	-6.06748	0
-53.9465	-9.53548	0
-48.2314	-9.51616	0
42.3035	-9.53548	0
48.0186	-9.51616	0
104.917	-10.4492	0
101.264	-7.31316	0
-148.947	-9.53547	0
147.898	-5.79326	0
-138.644	-6.33519	0
-129.096	-4.32906	0
-32.846	-4.32906	0
63.404	-4.32906	0
156.658	-6.89561	0
139.713	-5.6068	0
-73.9486	-5.50776	0
22.3014	-5.50776	0
117.301	-5.50776	0
-122.699	-5.50776	0
-115.019	-6.10471	0
-26.4486	-5.50776	0
-18.7688	-6.10471	0
-81.4486	-5.50776	0
69.8014	-5.50776	0
77.4812	-6.10471	0
14.8014	-5.50776	0
112.374	-8.85292	0
-86.3745	-8.85041	0
9.87551	-8.85041	0
134.494	-8.15219	0
135.574	-5.24676	0
124.73	-7.81387	0
-66.5165	-7.81824	0
29.7335	-7.81824	0
-96.0817	-9.16459	0
0.168256	-9.16459	0
96.4183	-9.16459	0
102.622	-9.42722	0
-127.286	-7.82059	0
-126.926	-5.24668	0
-31.0362	-7.82059	0
-30.676	-5.24668	0
65.2138	-7.82059	0
65.574	-5.24668	0
137.533	-6.6947	0
127.284	-9.8695	0
-63.5928	-10.4819	0
32.6572	-10.4819	0
99.3661	-9.61274	0
-124.123	-8.3892	0
-27.8727	-8.3892	0
68.3773	-8.3892	0
123.021	-11.3733	0
-68.2343	-11.3809	0
28.0157	-11.3809	0
-125.089	-6.42925	0
-28.8386	-6.42925	0
67.4114	-6.42925	0
151.783	-5.07678	0
153.791	-7.13718	0
-108.125	-6.89997	0
-113.291	-4.29751	0
-11.875	-6.89997	0
-17.0411	-4.29751	0
84.375	-6.89997	0
79.2089	-4.29751	0
-61.8215	-6.622	0
34.4285	-6.622	0
-156.542	-9.19192	0
-40.7947	-4.29093	0
55.4553	-4.29093	0
-137.045	-4.29093	0
144.416	-8.27481	0
-100.887	-9.76866	0
-4.63746	-9.76866	0
91.6125	-9.76866	0
102.131	-13.6189	0
-60.7287	-9.45988	0
35.5213	-9.45988	0
141.718	-7.55253	0
139.475	-7.8577	0
137.082	-9.65056	0
141.086	-11.3016	0
-40.7791	-10.2946	0
55.4709	-10.2946	0
-167.3	-2.77704	0
-162.911	-8.46956	0
166.05	-2.77704	0
-51.0921	-13.4763	0
45.1579	-13.4763	0
-146.092	-13.4763	0
-137.487	-11.5176	0
109.167	-12.0843	0
-82.9342	-12.2616	0
13.3158	-12.2616	0
-89.7125	-12.3618	0
6.53751	-12.3618	0
-120.731	-12.5898	0
-24.4811	-12.5898	0
71.7689	-12.5898	0
115.819	-12.2647	0
150.395	-8.4385	0
-114.113	-10.9213	0
-17.8627	-10.9213	0
78.3873	-10.9213	0
97.1791	-14.0791	0
-57.3412	-9.81484	0
38.9088	-9.81484	0
133.385	-13.0507	0
-171.26	-3.37193	0
-159.82	-9.64689	0
-165.408	-5.85657	0
170.01	-3.37193	0
164.06	-7.16457	0
-45.8379	-14.156	0
50.4121	-14.156	0
-155.136	-13.8337	0
-136.785	-8.64033	0
-126.616	-13.1778	0
-30.3663	-13.1778	0
65.8837	-13.1778	0
155.612	-11.6135	0
-60.5218	-14.5637	0
35.7282	-14.5637	0
129.984	-12.1329	0
-157.808	-12.1091	0
-132.522	-11.2057	0
-162.762	-14.1043	0
-133.772	-8.45789	0
-158.853	-16.6606	0
-130.939	-8.82767	0
-129.368	-11.5896	0
-131.561	-16.4553	0
-129.253	-14.5684	0
-127.381	-19.2126	0
-126.689	-16.2344	0
-122.259	-18.8329	0
-123.484	-14.7818	0
-73.9865	-12.9487	0
22.2635	-12.9487	0
-105.111	-9.85918	0
-8.86063	-9.85918	0
87.3894	-9.85918	0
-78.4316	-11.5301	0
17.8184	-11.5301	0
-92.6132	-10.1977	0
3.63676	-10.1977	0
-110.902	-9.23383	0
-14.6518	-9.23383	0
81.5982	-9.23383	0
-55.3259	-13.5387	0
40.9241	-13.5387	0
-168.862	-5.85729	0
160.292	-8.86933	0
-34.968	-11.0327	0
61.282	-11.0327	0
126.278	-13.8116	0
-120.252	-16.0156	0
-96.0041	-15.2431	0
0.245878	-15.2431	0
-109.801	-15.2265	0
-13.5512	-15.2265	0
82.6988	-15.2265	0
-174.046	-8.46004	0
-167.134	-10.0052	0
130.294	-17.7465	0
-116.906	-13.8018	0
-92.9293	-13.6474	0
3.3207	-13.6474	0
-116.738	-20.6426	0
-91.9079	-19.376	0
4.3421	-19.376	0
-90.0855	-16.0957	0
6.16449	-16.0957	0
-85.7366	-20.6582	0
-86.2897	-14.5893	0
10.5134	-20.6582	0
9.96033	-14.5893	0
147.231	-14.7188	0
137.643	-13.97	0
-176.012	-4.03819	0
174.762	-4.03819	0
-65.1541	-14.8527	0
31.0959	-14.8527	0
-152.462	-21.2081	0
-53.1089	-20.2966	0
43.1411	-20.2966	0
164.91	-14.0587	0
120.74	-17.8151	0
-102.857	-16.4408	0
-6.60701	-16.4408	0
89.6456	-16.5643	0
-164.907	-21.6498	0
-78.3842	-19.0551	0
17.8658	-19.0551	0
134.7	-17.2819	0
142.277	-16.3938	0
-70.0415	-16.0865	0
26.2085	-16.0865	0
-62.3745	-22.1364	0
33.8755	-22.1364	0
-82.3004	-16.7576	0
13.9496	-16.7576	0
133.242	-24.5799	0
-150.611	-13.7449	0
-148.07	-18.3361	0
-36.1069	-19.4844	0
60.1431	-19.4844	0
-124.211	-27.2358	0
-181.714	-4.8475	0
180.465	-4.8475	0
171.419	-10.6048	0
100.393	-21.7895	0
-66.5645	-19.5632	0
29.6855	-19.5632	0
147.44	-23.5009	0
-140.394	-18.6284	0
-72.595	-22.1173	0
23.655	-22.1173	0
-145.661	-26.8137	0
-133.893	-24.5365	0
-67.4916	-25.7706	0
28.7584	-25.7706	0
-19.8049	-17.1778	0
76.4451	-17.1778	0
112.271	-20.3663	0
-98.4037	-21.7178	0
-2.15366	-21.7178	0
-169.024	-16.402	0
-188.558	-5.81674	0
187.308	-5.81674	0
176.927	-9.27515	0
-80.0298	-29.1695	0
16.2202	-29.1695	0
-59.1054	-32.1591	0
37.1446	-32.1591	0
-26.7543	-19.5837	0
69.4957	-19.5837	0
82.701	-26.2304	0
-13.549	-26.2304	0
-175.381	-25.6273	0
183.138	-10.6102	0
-73.433	-28.679	0
-90.8783	-29.9133	0
22.817	-28.679	0
5.37168	-29.9133	0
192.91	-14.8989	0
176.305	-18.7737	0
-75.945	-39.5028	0
-67.1412	-34.0092	0
20.305	-39.5028	0
29.1088	-34.0092	0
-107.899	-24.8129	0
125.56	-23.8414	0
-196.769	-6.98	0
195.519	-6.98	0
75.1735	-24.7445	0
-21.0765	-24.7445	0
-183.582	-16.3054	0
118.217	-24.7738	0
64.7024	-30.5608	0
-31.5476	-30.5608	0
108.176	-32.1055	0
76.5545	-37.5583	0
-19.6955	-37.5583	0
128.217	-36.5288	0
122.745	-31.0527	0
115.458	-31.5359	0
112.73	-43.4967	0
120.095	-39.1721	0
-158.05	-34.917	0
-60.1566	-45.9702	0
36.0934	-45.9702	0
-206.623	-8.37583	0
206.913	-15.1238	0
-191.629	-13.6984	0
123.348	-53.1447	0
203.834	-7.38871	0
-200.623	-15.2535	0
126.498	-45.0465	0
212.389	-8.46408	0
-191.786	-27.9064	0
-214.651	-21.4359	0
137.909	-54.1475	0
220.33	-20.5748	0
137.584	-42.8512	0
-44.451	-23.1731	0
-51.1117	-28.7531	0
-51.166	-39.709	0
-41.6631	-33.2663	0
51.799	-23.1731	0
45.1383	-28.7531	0
45.084	-39.709	0
54.5869	-33.2663	0
157.872	-21.9195	0
-133.381	-41.4105	0
-4.79388	-31.6949	0
-115.533	-29.5405	0
-122.526	-38.3792	0
-104.135	-39.4181	0
-218.447	-10.051	0
-45.621	-57.2568	0
-32.7859	-46.1943	0
50.629	-57.2568	0
63.4641	-46.1943	0
167.641	-23.5851	0
155.192	-39.4382	0
3.14583	-47.1053	0
-100.712	-30.7483	0
-95.1479	-37.9557	0
-97.2966	-53.0987	0
-85.4823	-37.9325	0
161.281	-31.4054	0
147.757	-48.2112	0
-123.092	-57.3014	0
-90.2949	-46.3683	0
171.118	-45.1865	0
-83.003	-60.9613	0
178.493	-32.9191	0
94.1951	-34.56	0
-232.636	-12.0617	0
160.001	-51.0499	0
150.551	-63.984	0
174.962	-65.9447	0
102.568	-65.3465	0
-15.1262	-58.7238	0
204.88	-39.3647	0
-249.663	-14.4733	0
129.02	-76.996	0
81.3796	-59.1114	0
199.723	-26.7266	0
188.905	-47.5294	0
-179.929	-53.0739	0
248.413	-27.3574	0
25.2623	-74.9223	0
-63.6779	-65.5082	0
-102.758	-79.9509	0
-30.5549	-61.76	0
-44.9756	-82.5519	0
-17.9718	-84.9831	0
-237.283	-40.5716	0
-270.096	-17.3686	0
65.7825	-61.8614	0
50.8218	-83.8588	0
77.9908	-85.4975	0
209.985	-69.0648	0
-152.232	-64.8916	0
22.2381	-57.2889	0
3.9971	-69.4933	0
268.846	-19.0389	0
-78.5477	-85.3666	0
-257.306	-34.0847	0
-294.616	-20.8425	0
7.94029	-98.41	0
293.366	-20.611	0
-257.697	-69.4372	0
-279.685	-37.9567	0
271.969	-55.964	0
159.67	-103.393	0
229.556	-43.907	0
-210.266	-49.5738	0
-324.039	-25.0103	0
322.789	-25.0584	0
-99.3375	-121.482	0
-306.072	-45.907	0
105.66	-94.1815	0
-131.384	-85.1984	0
61.7786	-128.246	0
243.625	-75.0426	0
-230.975	-66.6837	0
-198.913	-84.4022	0
-239.92	-110.911	0
-359.347	-30.0125	0
303.808	-51.0823	0
358.096	-30.003	0
-26.5468	-133.249	0
-285.745	-65.609	0
131.609	-104.983	0
84.715	-112.496	0
-165.318	-99.1816	0
-337.797	-55.011	0
-33.5749	-107.105	0
-276.428	-102.012	0
148.189	-149.186	0
110.013	-120.294	0
89.0462	-143.38	0
132.911	-129.706	0
156.503	-126.935	0
113.454	-144.483	0
188.029	-151.392	0
99.4814	-183.07	0
187.785	-119.159	0
-314.816	-75.2651	0
-60.0419	-104.471	0
54.3776	-173.712	0
-358.785	-101.99	0
-401.716	-36.0148	0
295.717	-104.579	0
400.466	-36.0167	0
336.588	-55.0571	0
-136.18	-121.728	0
-198.756	-129.617	0
221.133	-103.972	0
-375.854	-66.0302	0
316.881	-80.4197	0
374.607	-65.937	0
-117.364	-180.684	0
-272.444	-165.004	0
215.163	-135.069	0
227.77	-186.743	0
258.238	-127.218	0
348.652	-84.7679	0
328.723	-112.144	0
301.273	-156.12	0
391.827	-116.974	0
360.303	-114.192	0
342.057	-151.022	0
373.583	-143.705	0
425.57	-159.594	0
369.553	-197.917	0
-65.8021	-145.057	0
-452.559	-43.2185	0
451.309	-43.2181	0
164.573	-214.174	0
420.01	-79.0418	0
326.431	-191.692	0
-27.2382	-202.102	0
-424.983	-111.38	0
276.545	-200.29	0
-414.639	-73.2993	0
338.01	-263.954	0
-453.398	-83.217	0
-517.119	-61.8727	0
-484.352	-142.864	0
18.3198	-143.174	0
-317.612	-120.199	0
-367.398	-177.119	0
512.321	-51.8623	0
61.9223	-250.718	0
230.433	-271.73	0
475.018	-95.5165	0
585.535	-62.2339	0
540.858	-114.013	0
459.014	-268.584	0
-586.785	-57.2691	0
-429.918	-173.794	0
-506.733	-245.619	0
-403.99	-275.711	0
673.392	-74.6811	0
492.406	-160.052	0
-556.265	-124.834	0
-674.642	-75.9754	0
619.763	-136.93	0
562.831	-185.653	0
669.427	-252.585	0
-199.849	-221.756	0
140.293	-308.416	0
778.821	-89.6173	0
-780.071	-89.3739	0
714.468	-164.296	0
-309.238	-254.791	0
-503.616	-425.421	0
-60.6181	-369.385	0
244.192	-434.619	0
905.335	-107.541	0
-906.584	-107.59	0
-705.871	-251.737	0
-323.067	-417.192	0
44.9711	-355.817	0
-92.4232	-276.067	0
828.112	-197.159	0
13.9339	-531.921	0
135.468	-418.259	0
-197.204	-363.858	0
393.188	-405.405	0
1057.15	-129.048	0
-1058.4	-129.039	0
-827.395	-209.137	0
167.567	-574.388	0
964.484	-236.589	0
-185.733	-566.105	0
575.495	-408.869	0
-965.933	-235.523	0
350.839	-583.974	0
2206.81	-2048	0
1183.27	-331.417	0
-834.945	-425.31	0
-2208.06	-2428.18	0
833.068	-435.557	0
-1182.92	-330.559	0
1239.33	-154.858	0
-1240.58	-154.86	0
-403.854	-629.48	0
22.6525	-799.517	0
2206.81	-1024	0
1457.95	-185.829	0
-1459.2	-185.828	0
248.405	-785.628	0
-669.35	-632.863	0
-231.255	-816.474	0
1720.29	-222.997	0
-2208.06	-1214.09	0
157.801	-1154.58	0
622.988	-849.062	0
-532.899	-921.744	0
-1721.54	-222.997	0
-88.4692	-1045.07	0
-1084.97	-794.629	0
1529.51	-625.094	0
2206.81	-512	0
-2208.06	-607.045	0
-140.95	-1494.74	0
-1530.76	-625.094	0
2206.81	-256	0
1953.75	-384	0
-2208.06	-303.522	0
1918.42	-768	0
-1933.02	-455.283	0
-1876.52	-882.794	0
1119.43	-757.635	0
1652.1	-1358.45	0
-1104.34	-4856.36	0
1103.09	-4856.36	0
-1511.03	-1580.09	0
-1452.68	-1090.65	0
1430.24	-1018.61	0
956.616	-1267.1	0
-552.484	-4856.36	0
551.234	-4856.36	0
-920.044	-1402.35	0
482.524	-1741.05	0
-828.413	-3971.41	0
827.163	-3971.41	0
1214.24	-1998.9	0
-224.194	-2617.68	0
-987.909	-2248.08	0
604.361	-2562.46	0
-934.816	-3112.21	0
240.209	-3342.13	0
2206.81	-3452.18	0
1471.33	-2888.9	0
-2208.06	-3642.27	0
2206.81	-4154.27	0
1551.4	-3803.22	0
1694.81	-4856.36	0
1398.95	-4360.31	0
-65.625	0	0
-65.9375	-0.647275	0
-65.3125	-0.549947	0
-64.375	-0.718908	0
-64.375	0	0
30.625	-0.496402	0
31.4516	-0.895475	0
126.875	-0.904795	0
126.875	0	0
127.389	-1.45463	0
127.616	-2.18235	0
127.619	-0.740596	0
127.016	-3.04846	0
128.366	-2.02227	0
128.333	-0.596796	0
128.881	-2.59641	0
128.861	-1.4548	0
128.659	-3.44164	0
129.73	-2.80303	0
129.72	-1.16573	0
129.104	-0.691754	0
127.827	-3.53234	0
127.316	-4.13571	0
126.691	-5.30698	0
127.507	-4.9905	0
128.915	-4.23898	0
128.597	-5.19087	0
129.855	-4.58991	0
130.309	-3.4067	0
131.441	-4.23948	0
130.357	-2.0461	0
127.403	-5.93311	0
128.205	-7.30956	0
125.823	-2.67857	0
130.497	-5.33294	0
130.352	-6.97628	0
128.716	-6.30848	0
129.292	-7.23371	0
128.844	-8.63733	0
-66.3909	-2.10202	0
-65.3455	-2.82799	0
125.625	-0.496402	0
-68.125	0	0
-68.4375	-0.541334	0
-67.8124	-0.541369	0
-69.375	-0.721665	0
-67.4999	-1.08274	0
-68.8125	-1.1187	0
-67.8125	-1.67194	0
-66.875	0	0
-69.4064	-1.36307	0
-68.4411	-1.62782	0
-67.1443	-1.71287	0
-66.5528	-0.56997	0
-69.9979	-1.01265	0
-68.1668	-2.21983	0
-66.3048	-1.08363	0
-66.5762	-1.57353	0
-66.0289	-1.67839	0
-65.7449	-2.28752	0
-65.5184	-1.81115	0
-65.1605	-2.27339	0
-64.8619	-1.40642	0
-64.546	-2.7865	0
-67.1727	-0.555988	0
-70.625	0	0
-70.0494	-1.73651	0
-68.7764	-2.1427	0
-67.9212	-3.28795	0
-66.211	-2.69319	0
-69.2974	-3.03355	0
-66.8951	-2.57836	0
-65.8636	-3.30856	0
-68.5585	-2.8679	0
-67.2466	-3.16674	0
-66.3768	-4.32647	0
-65.2015	-3.50284	0
-66.9379	-3.84129	0
-65.7135	-4.02254	0
-63.8416	-2.53083	0
-70.9375	-0.647275	0
-70.3125	-0.506967	0
-70.7263	-2.02227	0
-69.9481	-2.46423	0
-68.7889	-3.57098	0
-67.3219	-4.8525	0
-65.6994	-4.92905	0
-63.8928	-3.4879	0
-63.2943	-2.02227	0
-71.875	-0.70082	0
-71.2938	-1.57236	0
-71.3078	-2.47412	0
-70.0301	-3.21455	0
-69.5206	-4.23354	0
-62.5818	-2.2401	0
-63.8264	-1.51495	0
-72.1965	-2.97013	0
-71.3218	-3.49181	0
-62.4259	-2.95044	0
-62.4282	-1.52304	0
-63.6613	-0.814115	0
-62.9743	-3.54353	0
-61.7429	-2.71481	0
-61.5668	-1.09177	0
-62.5659	-0.766321	0
-62.3569	-4.11362	0
-61.1982	-3.18355	0
-61.1685	-2.24055	0
-63.125	0	0
-61.9061	-0.437086	0
-62.4418	-5.44308	0
-61.4929	-4.20544	0
-60.5102	-3.49734	0
-60.4534	-2.02227	0
-59.9101	-3.97199	0
-59.9699	-3.03187	0
-59.9224	-1.51295	0
-59.8303	-5.25469	0
-59.042	-4.28624	0
-59.3329	-2.71481	0
-59.0602	-1.10326	0
-60.0743	-0.762272	0
-58.7398	-3.1064	0
-58.717	-2.32186	0
-60.625	0	0
-60.9375	-0.647275	0
-59.4026	-0.442996	0
-58.0995	-3.50249	0
-58.0495	-2.02227	0
-57.4551	-3.89609	0
-57.4556	-2.45166	0
-57.4686	-1.59423	0
-57.4327	-4.73147	0
-57.4564	-3.17387	0
-56.6341	-1.02136	0
-57.5014	-0.797452	0
-58.5097	-5.55106	0
-56.6181	-4.4891	0
-56.7144	-2.81355	0
-58.125	0	0
-58.4375	-0.647275	0
-57.6521	-5.56055	0
-56.0169	-3.2544	0
-55.9489	-2.24107	0
-55.2901	-3.85055	0
-65.4504	-6.03511	0
-69.2877	-5.87518	0
-61.1142	-5.44735	0
-56.0306	-5.08043	0
-56.1424	-6.19467	0
-55.3511	-5.71139	0
-58.0923	-6.58011	0
-55.0299	-1.98733	0
-54.4415	-4.2842	0
-57.0197	-6.16897	0
-54.084	-2.72214	0
-54.332	-5.35742	0
-56.6162	-7.38173	0
-67.7141	-6.37788	0
-72.8263	-2.22407	0
-73.8829	-2.05085	0
-73.1257	-3.11559	0
-73.4863	-4.32916	0
-71.3633	-4.46172	0
-72.4696	-5.44525	0
-71.1464	-5.81966	0
-66.4592	-6.64222	0
-64.3241	-5.2848	0
-58.2313	-8.31697	0
-54.5438	-6.39153	0
-65.4674	-7.2799	0
-54.167	-7.77736	0
-65.1287	-9.23134	0
-64.2358	-8.07124	0
-158.125	-0.496402	0
-157.298	-0.895475	0
-158.952	-0.895475	0
-160.044	-1.11354	0
-161.25	0	0
-160.404	-2.08087	0
-161.776	-3.14141	0
-159.807	-3.1579	0
79.375	-0.904795	0
79.375	0	0
79.8893	-1.45463	0
80.4359	-2.48135	0
80.1192	-0.740596	0
80.8329	-0.596796	0
79.4908	-3.16539	0
78.3316	-2.69475	0
80.631	-4.05037	0
-154.375	-0.904795	0
-154.375	0	0
55.625	-0.904795	0
55.625	0	0
54.8893	-0.744713	0
54.375	0	0
54.0625	-0.647275	0
55.106	-1.46287	0
54.4759	-2.52794	0
-153.125	-0.496402	0
-152.298	-0.895475	0
-152.47	-1.59621	0
-153.063	-2.02227	0
-153.715	-1.71136	0
-152.463	-2.43997	0
-153.787	-2.43908	0
-152.479	-3.26855	0
-151.726	-2.81969	0
-154.445	-2.71481	0
-153.717	-3.14942	0
-151.02	-3.24774	0
-150.958	-2.25814	0
-155.048	-2.2965	0
-155.023	-3.13066	0
-153.788	-3.90229	0
-150.971	-4.18683	0
-154.96	-1.57855	0
-155.73	-2.02227	0
-155.677	-3.49734	0
-154.972	-3.87801	0
-153.952	-5.0233	0
-150.373	-3.68463	0
-155.063	-0.898572	0
-155.731	-0.547381	0
-156.296	-1.56888	0
-156.31	-2.47771	0
-156.303	-3.91599	0
-154.874	-4.81747	0
-149.349	-3.43071	0
-156.505	-0.762461	0
-156.989	-2.71481	0
-156.975	-4.12003	0
-157.775	-3.65035	0
-157.54	-4.53881	0
-158.024	-5.61675	0
-157.453	-5.22542	0
-157.133	-6.30468	0
-156.749	-5.60352	0
-156.222	-4.61336	0
-155.587	-4.97413	0
-157.572	-2.25679	0
-156.224	-6.34672	0
-155.053	-5.70653	0
-157.423	-1.5785	0
-158.277	-2.02227	0
-158.834	-2.51871	0
-158.768	-3.51751	0
-151.875	0	0
-151.562	-0.695596	0
-150.043	-1.98033	0
-156.743	-7.72902	0
-154.418	-6.39769	0
-149.087	-2.24282	0
-155.975	-7.22909	0
-153.464	-7.65128	0
-148.384	-3.0204	0
-155.796	-8.3442	0
-154.678	-7.58564	0
-159.126	-5.21945	0
-147.623	-3.64757	0
-155.103	-9.70678	0
-160.879	-6.11421	0
-150.625	0	0
-150.938	-0.549947	0
-150.305	-0.554253	0
-149.986	-1.10798	0
-149.375	0	0
-148.707	-0.818802	0
-149.688	-0.532924	0
-146.875	-0.496402	0
-147.702	-0.895475	0
-146.048	-0.895475	0
36.875	-0.904795	0
36.875	0	0
37.3893	-1.45463	0
37.6162	-2.18235	0
37.6192	-0.740596	0
37.0965	-2.71481	0
38.3659	-2.02227	0
38.3329	-0.596796	0
36.3565	-2.55583	0
37.5927	-3.25924	0
38.8807	-2.59641	0
38.8606	-1.4548	0
36.1439	-1.8364	0
36.1535	-3.26617	0
37.3888	-4.01261	0
38.3345	-3.5018	0
39.7298	-2.80303	0
39.7203	-1.16573	0
35.4074	-2.02227	0
35.4114	-3.49734	0
36.3671	-4.01353	0
37.3708	-5.32345	0
38.8622	-4.04887	0
39.1044	-0.691754	0
34.9005	-1.4743	0
34.8815	-2.57592	0
34.8514	-4.06157	0
36.2999	-5.1045	0
38.7001	-4.87433	0
39.5807	-4.48634	0
35.1047	-0.747578	0
34.0371	-1.14402	0
34.1492	-2.71481	0
33.9704	-4.22453	0
34.9449	-5.39215	0
35.8183	-0.589744	0
34.3928	-0.466197	0
33.6172	-2.15464	0
33.6553	-3.26288	0
32.851	-2.02227	0
32.8815	-3.53238	0
32.3737	-1.42711	0
32.3518	-2.62566	0
32.3238	-4.09425	0
32.6383	-0.731384	0
31.313	-2.92945	0
32.1421	-3.35622	0
31.761	-5.29893	0
33.3523	-0.606162	0
31.875	0	0
32.4883	-4.90494	0
32.5899	-5.96092	0
33.4918	-5.34125	0
40.3092	-3.4067	0
41.1539	-3.84874	0
40.3574	-2.0461	0
38.3996	-6.17671	0
40.2053	-5.0376	0
40.1539	-6.15563	0
40.3901	-4.23062	0
40.8251	-5.6263	0
41.8766	-4.44941	0
42.0542	-3.20032	0
41.7342	-5.38039	0
41.4974	-6.30821	0
42.6481	-5.04377	0
42.0397	-7.43203	0
42.4208	-6.04981	0
43.4541	-4.62941	0
43.4327	-5.74974	0
43.6227	-3.67275	0
44.1092	-5.18675	0
44.9312	-5.25941	0
45.8032	-6.29735	0
45.6284	-5.559	0
46.5971	-5.71947	0
47.5849	-5.65713	0
48.1536	-6.50067	0
30.596	-3.63621	0
33.099	-7.43224	0
39.2937	-7.5779	0
47.7018	-7.99121	0
48.7709	-5.6878	0
29.703	-4.33637	0
48.5465	-7.43354	0
49.8053	-5.81061	0
30.7404	-4.79971	0
28.728	-3.78194	0
28.6842	-5.01194	0
48.6968	-8.57985	0
50.1944	-6.77743	0
30.8346	-5.89996	0
27.7433	-3.02197	0
49.6829	-10.0079	0
49.5551	-7.56934	0
51.8315	-7.39716	0
29.9141	-6.64673	0
50.7107	-7.84814	0
28.8945	-6.13375	0
30.8472	-7.3902	0
49.8884	-8.72218	0
27.295	-5.85299	0
-144.375	-0.496402	0
-145.173	-0.859188	0
-143.548	-0.895475	0
28.125	0	0
27.8125	-0.541334	0
28.4376	-0.541369	0
26.875	-0.721665	0
28.7501	-1.08274	0
27.4375	-1.1187	0
28.4375	-1.67194	0
29.375	0	0
26.8436	-1.36307	0
27.8089	-1.62782	0
29.1057	-1.71287	0
29.7104	-0.562942	0
26.2521	-1.01265	0
28.0832	-2.21983	0
29.5359	-2.40291	0
30.0114	-1.12415	0
29.0625	-0.541197	0
25.625	0	0
26.2006	-1.73651	0
27.4736	-2.1427	0
28.3651	-2.81239	0
30.1277	-1.89521	0
27.0148	-2.76439	0
28.2231	-3.41824	0
29.0448	-2.87737	0
27.635	-3.64169	0
26.6976	-4.08065	0
25.3125	-0.647275	0
25.9375	-0.506967	0
25.5237	-2.02227	0
26.3019	-2.46423	0
30.2826	-2.67466	0
30.9902	-2.10307	0
24.375	-0.70082	0
24.9562	-1.57236	0
24.9422	-2.47412	0
26.2682	-3.3291	0
24.0535	-2.97013	0
24.9282	-3.49181	0
26.875	0	0
26.7288	-5.05698	0
25.6416	-6.28587	0
23.4237	-2.22407	0
22.3671	-2.05085	0
23.1243	-3.11559	0
22.7637	-4.32916	0
24.8867	-4.46172	0
23.7804	-5.44525	0
25.1887	-5.40503	0
24.5244	-6.30344	0
25.1006	-7.41558	0
-139.375	0	0
-139.688	-0.549947	0
-139.055	-0.554253	0
-140.312	-0.541334	0
-140	-1.09128	0
-138.736	-1.10798	0
-140.625	0	0
-140.938	-0.541369	0
-140.321	-1.6761	0
-139.067	-2.0292	0
-138.231	-0.547565	0
-141.663	-0.598957	0
-141.158	-1.73087	0
-139.695	-1.6388	0
-138.578	-1.68487	0
-141.259	-1.08784	0
-140.704	-2.2474	0
-138.291	-2.61207	0
-141.364	-2.36989	0
-140.395	-3.33408	0
-137.921	-1.98949	0
-142.188	-2.1026	0
-140.925	-2.89752	0
-141.039	-3.57673	0
-142.063	-3.92908	0
-137.457	-0.818802	0
-142.405	-0.752395	0
-137.408	-2.71543	0
-137.486	-1.48456	0
-136.705	-1.18515	0
-142.6	-1.47331	0
-138.046	-3.73197	0
-142.612	-2.79764	0
-143.362	-2.72036	0
-143.886	-2.14943	0
-143.853	-3.2855	0
-144.655	-2.02227	0
-144.605	-3.49707	0
-143.623	-4.03266	0
-145.151	-2.63118	0
-145.158	-4.07631	0
-143.764	-4.97305	0
-142.829	-4.18952	0
-145.914	-2.71481	0
-145.895	-4.11117	0
-144.897	-4.76541	0
-142.22	-4.7228	0
-146.418	-2.09623	0
-146.373	-3.31526	0
-146.313	-4.66457	0
-146.955	-5.16663	0
-146.117	-5.45537	0
-141.718	-5.98589	0
-147.219	-2.02227	0
-147.815	-4.7358	0
-147.777	-5.79019	0
-145.633	-6.73538	0
-145.226	-5.60807	0
-147.666	-2.67902	0
-136.095	-3.14517	0
-143.518	-5.8495	0
-149.019	-5.30626	0
-144.355	-5.61188	0
-142.711	-7.14579	0
-142.635	-6.13537	0
-139.599	-4.56502	0
-138.142	-5.08029	0
-135.625	-0.496402	0
-135.047	-0.895475	0
-134.923	-1.69362	0
-134.375	0	0
-133.917	-0.632737	0
-133.624	-1.37815	0
-133.125	-0.503119	0
-134.575	-0.549947	0
-135.708	-2.25842	0
-134.055	-2.23372	0
-132.825	-1.25379	0
-132.229	-1.927	0
-133.794	-3.17368	0
-132.593	-2.93984	0
-131.346	-1.81525	0
-134.685	-4.54899	0
-130.404	-2.36067	0
-132.029	-3.87979	0
-129.536	-3.20286	0
-132.57	-5.63964	0
-130.663	-3.98191	0
-130.625	-0.496402	0
-129.798	-0.895475	0
-129.97	-1.59621	0
-129.375	0	0
-129.062	-0.695596	0
-128.342	-0.601231	0
-127.6	-0.749628	0
-128.125	0	0
133.125	-0.904795	0
133.125	0	0
132.389	-0.744713	0
131.875	0	0
131.562	-0.647275	0
132.606	-1.46287	0
132.001	-2.41832	0
141.875	-0.904795	0
141.875	0	0
142.389	-1.45463	0
142.936	-2.48135	0
142.619	-0.740596	0
143.333	-0.596796	0
141.891	-3.38819	0
143.077	-3.70033	0
120.625	-0.496402	0
119.798	-0.895475	0
121.452	-0.895475	0
119.375	0	0
119.062	-0.695596	0
118.342	-0.601231	0
118.125	0	0
117.6	-0.749628	0
119.97	-1.59621	0
120.032	-2.32393	0
119.292	-3.01045	0
120.698	-2.02227	0
119.985	-3.01536	0
119.634	-3.62007	0
120.649	-3.7126	0
119.833	-4.60622	0
121.293	-2.44954	0
121.28	-1.5963	0
121.236	-3.21641	0
121.434	-4.04658	0
122.095	-2.89439	0
121.912	-5.1105	0
122.788	-2.25125	0
123.088	-3.27043	0
118.311	-2.42286	0
118.654	-5.3007	0
120.254	-6.24271	0
123.322	-5.6471	0
123.927	-4.15148	0
-121.875	-0.496402	0
-121.048	-0.895475	0
-123.125	0	0
-123.438	-0.549947	0
-122.805	-0.554253	0
-124.062	-0.541334	0
-123.75	-1.09128	0
-122.486	-1.10798	0
-124.375	0	0
-124.688	-0.541369	0
-124.071	-1.6761	0
-122.817	-2.0292	0
-125.625	-0.721551	0
-124.875	-1.71368	0
-123.445	-1.6388	0
-122.328	-1.68487	0
-125.013	-1.09045	0
-124.447	-2.24389	0
-122.041	-2.61207	0
-125.074	-2.31224	0
-124.147	-3.33281	0
-121.671	-1.98949	0
-125.843	-3.04163	0
-124.693	-2.89739	0
-124.789	-3.5781	0
-125.631	-3.92841	0
-121.158	-2.71543	0
-121.891	-3.60672	0
-126.606	-3.69263	0
-125.649	-5.20601	0
-120.269	-2.82745	0
-119.738	-3.75575	0
-123.49	-4.46514	0
-121.82	-4.75902	0
-127.843	-4.04276	0
-118.535	-3.62156	0
-120.195	-4.68236	0
-121.524	-5.99577	0
-119.638	-6.3262	0
123.125	0	0
122.812	-0.541334	0
123.438	-0.541369	0
122.099	-0.592232	0
123.75	-1.08274	0
122.493	-1.08667	0
123.437	-1.67194	0
124.375	0	0
122.812	-1.6254	0
124.106	-1.71287	0
124.71	-0.562942	0
124.536	-2.40291	0
125.011	-1.12415	0
124.062	-0.541197	0
125.128	-1.89521	0
-116.875	0	0
-117.188	-0.541334	0
-116.562	-0.541369	0
-118.125	-0.721665	0
-116.25	-1.08274	0
-117.563	-1.1187	0
-116.563	-1.67194	0
-115.625	0	0
-118.156	-1.36307	0
-117.191	-1.62782	0
-115.894	-1.71287	0
-115.29	-0.562942	0
-118.748	-1.01265	0
-116.917	-2.21983	0
-115.464	-2.40291	0
-114.989	-1.12415	0
-115.938	-0.541197	0
-119.352	-0.507561	0
-118.799	-1.73651	0
-117.526	-2.1427	0
-116.671	-3.28795	0
-114.872	-1.89521	0
-114.375	0	0
-118.015	-2.89283	0
-117.303	-2.82246	0
-120.161	-0.873061	0
-119.476	-2.02227	0
-118.698	-2.46423	0
-114.717	-2.67466	0
-114.008	-2.1043	0
-113.734	-0.805864	0
-114.688	-0.516757	0
-117.591	-3.54787	0
-120.031	-1.57415	0
-114.299	-3.74551	0
-118.018	-4.15488	0
-117.829	-5.38754	0
-113.454	-3.04899	0
-115.916	-4.44237	0
-114.343	-5.02159	0
-112.225	-2.86221	0
100.625	0	0
100.312	-0.647275	0
100.938	-0.549947	0
101.875	-0.718908	0
99.375	-0.70082	0
99.877	-1.25659	0
100.213	-2.02227	0
101.044	-2.03227	0
99.7784	-2.74871	0
101.485	-2.77095	0
101.438	-1.36169	0
98.6178	-2.89641	0
100.201	-3.52893	0
102.459	-2.78445	0
101.103	-3.59028	0
102.778	-1.93668	0
101.504	-4.42533	0
103.655	-1.80961	0
100.955	-5.22786	0
102.473	-4.50225	0
104.595	-2.36312	0
99.5664	-5.27724	0
101.363	-6.23293	0
102.95	-3.68886	0
104.013	-3.84539	0
105.406	-3.03445	0
100.29	-6.08295	0
102.269	-6.86015	0
104.485	-4.71283	0
104.086	-5.94917	0
105.693	-5.37351	0
100.202	-7.15337	0
102.255	-8.16989	0
102.961	-5.97155	0
99.0458	-8.1321	0
100.522	-8.634	0
-93.125	-0.904795	0
-93.125	0	0
-92.6107	-1.45463	0
-92.3838	-2.18235	0
-92.3808	-0.740596	0
-92.9836	-3.04846	0
-91.6341	-2.02227	0
-91.6671	-0.596796	0
-91.1193	-2.59641	0
-91.1394	-1.4548	0
-91.875	0	0
-91.341	-3.44164	0
-90.2702	-2.80303	0
-90.2797	-1.16573	0
-90.8956	-0.691754	0
-92.1734	-3.53234	0
-92.6841	-4.13571	0
-93.3095	-5.30698	0
-92.4927	-4.9905	0
-91.0854	-4.23898	0
-91.4178	-5.0525	0
-90.2435	-4.49126	0
-89.6908	-3.4067	0
-88.8461	-3.84874	0
-89.6426	-2.0461	0
-92.5972	-5.93311	0
-89.7481	-5.16845	0
-89.9434	-6.56424	0
-88.8547	-6.00504	0
-88.1234	-4.44941	0
-87.9458	-3.20032	0
-91.3535	-6.36862	0
-88.2887	-5.32143	0
-92.2389	-6.90359	0
-87.3502	-5.04763	0
-86.4298	-4.64018	0
-94.1772	-2.67857	0
-86.8841	-3.0737	0
-93.1724	-8.36924	0
-90.9384	-8.05594	0
-85.8975	-3.75038	0
-86.5302	-5.65664	0
-84.6466	-3.69068	0
-86.2162	-7.24201	0
-103.125	-0.904795	0
-103.125	0	0
-102.611	-1.45463	0
-102.064	-2.48135	0
-102.381	-0.740596	0
-101.667	-0.596796	0
-103.359	-3.94411	0
-101.985	-3.8565	0
-111.875	-0.496402	0
-112.702	-0.895475	0
-108.125	0	0
-107.298	-0.895475	0
-108.438	-0.647275	0
-107.812	-0.540781	0
-109.375	-0.70082	0
-108.873	-1.25659	0
-108.537	-2.02227	0
-107.706	-2.03227	0
-108.972	-2.74871	0
-107.265	-2.77095	0
-106.875	0	0
-106.562	-0.695596	0
-109.93	-2.78682	0
-108.55	-3.61015	0
-106.291	-2.78445	0
-110.285	-1.94662	0
-108.968	-5.16622	0
-107.713	-3.4883	0
-105.972	-1.93668	0
-111.155	-1.80409	0
-107.979	-4.59782	0
-105.095	-1.80961	0
-111.912	-2.10929	0
-104.155	-2.36312	0
-107.972	-5.75396	0
-106.367	-6.55128	0
-106.681	-5.16871	0
-104.375	0	0
-104.688	-0.647275	0
-104.062	-0.549947	0
-105.312	-0.549947	0
-105.625	0	0
-105.945	-0.554253	0
-110.625	0	0
-110.938	-0.549947	0
-110.305	-0.554253	0
-111.265	-1.09989	0
-109.922	-1.14579	0
43.125	-0.904795	0
43.125	0	0
42.3893	-0.744713	0
41.875	0	0
41.5625	-0.647275	0
42.606	-1.46287	0
42.0422	-2.24014	0
41.2282	-1.89645	0
-99.375	-0.904795	0
-99.375	0	0
-100.047	-0.700775	0
-100.625	0	0
-99.9416	-1.47148	0
-100.938	-0.549947	0
-101.265	-1.09989	0
-101.316	-1.99204	0
-100.238	-2.3538	0
-98.8607	-1.45463	0
-98.5773	-2.2352	0
-98.6308	-0.740596	0
-99.1862	-2.8462	0
-97.7177	-2.06942	0
-97.9171	-0.596796	0
-98.125	0	0
-98.6382	-3.53275	0
-97.0798	-2.80661	0
-98.9182	-4.78552	0
-97.8337	-3.66374	0
-98.3431	-4.25636	0
-97.8234	-5.39819	0
-96.2388	-3.19582	0
-95.7829	-4.36452	0
-95.625	0	0
-95.9375	-0.549947	0
-95.3049	-0.554253	0
-96.5625	-0.541334	0
-96.25	-1.09128	0
-94.9861	-1.10798	0
-96.875	0	0
-97.1876	-0.541369	0
-96.5706	-1.6761	0
-95.3173	-2.0292	0
-94.375	0	0
-97.5127	-1.09002	0
-96.8874	-2.21335	0
-95.945	-1.6388	0
-94.8282	-1.68487	0
-97.1877	-1.61786	0
-94.7364	-2.33478	0
-94.7355	-2.95999	0
-94.1236	-1.96477	0
-94.6363	-4.00546	0
-94.1477	-3.43162	0
-93.8321	-0.836513	0
-94.6875	-0.532924	0
-93.5349	-1.45463	0
-81.3909	-2.10202	0
-80.3455	-2.82799	0
-88.125	0	0
-88.4375	-0.647275	0
-87.8125	-0.549947	0
-86.875	-0.718908	0
-81.875	0	0
-82.1875	-0.549947	0
-81.5549	-0.554253	0
-82.8125	-0.541334	0
-82.5	-1.09128	0
-81.2361	-1.10798	0
-83.125	0	0
-83.4376	-0.541369	0
-82.8206	-1.6761	0
-80.625	0	0
-84.375	-0.721551	0
-83.6246	-1.71368	0
-82.1527	-1.70826	0
-83.7635	-1.09045	0
-83.1969	-2.24389	0
-83.8242	-2.31224	0
-82.8971	-3.33281	0
-84.4868	-2.85143	0
-83.4431	-2.89739	0
-83.5393	-3.5781	0
-79.9572	-0.818802	0
-80.9375	-0.532924	0
-79.9418	-1.547	0
-79.375	0	0
-79.0625	-0.838604	0
-80.5226	-2.06808	0
-82.2402	-4.46514	0
-85.625	0	0
-85.9375	-0.647275	0
-85.3125	-0.549947	0
-86.3628	-1.25168	0
-86.0374	-2.02227	0
-85.206	-2.0318	0
-84.8121	-1.36301	0
-20.625	0	0
-20.9375	-0.541334	0
-20.3124	-0.541369	0
-21.875	-0.721665	0
-19.9999	-1.08274	0
-21.3125	-1.1187	0
-20.3125	-1.67194	0
-19.375	0	0
-21.9064	-1.36307	0
-20.9411	-1.62782	0
-19.6443	-1.71287	0
-19.0396	-0.562942	0
-22.4979	-1.01265	0
-20.6668	-2.21983	0
-19.2141	-2.40291	0
-18.7386	-1.12415	0
-19.6875	-0.541197	0
-23.1019	-0.507561	0
-22.5494	-1.73651	0
-21.2764	-2.1427	0
-20.4212	-3.28795	0
-18.6223	-1.89521	0
-18.2507	-0.557081	0
-21.7974	-3.03355	0
-21.0585	-2.8679	0
-23.9144	-0.87753	0
-23.2263	-2.02227	0
-22.4481	-2.46423	0
-18.4674	-2.67466	0
-17.7583	-2.1043	0
-17.484	-0.805864	0
-21.2889	-3.57098	0
-23.7778	-1.57459	0
-23.8078	-2.47412	0
-22.5301	-3.21455	0
-18.0494	-3.74551	0
-16.875	0	0
-16.5625	-0.869224	0
-22.0206	-4.23354	0
-24.4034	-1.33529	0
-24.6086	-0.626056	0
-25.0269	-1.69691	0
-24.6965	-2.97013	0
-23.8218	-3.49181	0
-25.3274	-0.640068	0
-25.8971	-2.34467	0
-24.9381	-2.35333	0
-25.4226	-2.89876	0
-25.625	0	0
-25.9375	-0.534491	0
-26.57	-0.545689	0
-26.2441	-1.08609	0
-26.875	0	0
-27.2026	-0.558546	0
-26.5431	-1.84565	0
-28.125	0	0
-27.5002	-1.10848	0
-27.8369	-1.68447	0
-27.1797	-1.68225	0
-27.7919	-0.595128	0
-28.3941	-0.541334	0
-28.6366	-1.69737	0
-29.375	-0.798646	0
-28.7703	-1.06586	0
-28.2273	-2.27887	0
-29.28	-1.40156	0
-29.9404	-1.19664	0
-30.2066	-0.6101	0
-30.4147	-2.08235	0
-30.625	0	0
-30.9375	-0.549947	0
-31.6633	-0.598611	0
-31.2652	-1.09989	0
-31.3135	-2.00107	0
-27.8576	-3.35297	0
-31.875	0	0
-32.4061	-0.752817	0
-33.125	-0.460214	0
-32.5997	-1.47387	0
-33.828	-0.760474	0
-32.2185	-2.37651	0
-34.375	0	0
-34.6875	-0.647275	0
-33.6559	-1.48386	0
-34.2816	-2.40024	0
-17.2042	-3.04899	0
-21.7877	-5.87518	0
-33.077	-3.17774	0
-19.6657	-4.44237	0
-18.0927	-5.02159	0
-23.8633	-4.46172	0
-24.9696	-5.44525	0
-23.6464	-5.81966	0
-29.8155	-3.10277	0
-27.2618	-4.50149	0
-15.9753	-2.86221	0
-31.9651	-3.55348	0
-34.2483	-3.67051	0
-30.57	-4.04459	0
-31.7283	-4.71048	0
-32.8042	-6.03503	0
-31.6557	-5.86868	0
-32.0675	-7.07362	0
-30.516	-6.58123	0
-73.125	-0.496402	0
-74.375	0	0
-74.6875	-0.549947	0
-74.0549	-0.554253	0
-75.3125	-0.541334	0
-75	-1.09128	0
-73.7361	-1.10798	0
-75.625	0	0
-75.9376	-0.541369	0
-75.3206	-1.6761	0
-76.875	-0.721551	0
-76.1246	-1.71368	0
-74.6527	-1.70826	0
-76.2635	-1.09045	0
-75.6969	-2.24389	0
-76.3242	-2.31224	0
-75.3971	-3.33281	0
-77.0931	-3.04163	0
-75.9431	-2.89739	0
-76.0393	-3.5781	0
-76.8811	-3.92841	0
-77.8256	-3.68547	0
-76.8458	-5.07255	0
-78.8238	-3.48928	0
-74.7639	-4.44894	0
-78.0457	-6.57494	0
-78.8623	-4.45885	0
-79.9667	-5.44856	0
-78.5988	-5.57279	0
-75.5703	-5.54388	0
-79.0982	-6.50217	0
-78.6581	-7.78458	0
3.125	-0.904795	0
3.125	0	0
2.38932	-0.744713	0
1.875	0	0
1.5625	-0.647275	0
2.606	-1.46287	0
1.97588	-2.52794	0
-14.375	0	0
-14.6875	-0.549947	0
-14.0549	-0.554253	0
-15.4133	-0.598611	0
-15.0152	-1.09989	0
-13.5202	-1.23463	0
-15.0532	-2.03322	0
-13.3728	-0.568499	0
-12.6905	-1.06882	0
-15.625	0	0
-14.0802	-2.00846	0
-13.5993	-2.79336	0
-12.7328	-2.94306	0
-14.1003	-3.48888	0
-12.0432	-4.00489	0
-15.3438	-4.21468	0
-13.9348	-4.91913	0
-46.875	0	0
-47.1875	-0.647275	0
-46.5625	-0.549947	0
-45.625	-0.718908	0
-48.125	-0.70082	0
-47.623	-1.25659	0
-47.2869	-2.02227	0
-46.4557	-2.03227	0
-47.7208	-2.71481	0
-46.0152	-2.77095	0
-46.0623	-1.36169	0
-48.5472	-2.71481	0
-47.3261	-3.40956	0
-48.9471	-1.99652	0
-48.9317	-3.42395	0
-47.7116	-4.13006	0
-46.4635	-3.51545	0
-48.5298	-1.35264	0
-49.779	-2.02227	0
-49.7772	-3.49734	0
-48.5294	-4.13595	0
-48.8394	-0.708798	0
-50.1874	-1.3195	0
-50.1939	-2.72862	0
-49.375	0	0
-49.6875	-0.647275	0
-51.0306	-1.26313	0
-50.9944	-2.71481	0
-50.4385	-0.610779	0
-51.461	-2.02095	0
-51.4088	-3.38153	0
-52.293	-2.014	0
-52.2808	-3.53743	0
-51.0562	-4.11026	0
-52.7008	-1.29591	0
-52.7174	-2.74172	0
-50.2894	-4.11469	0
-52.2889	-0.696229	0
-53.5379	-1.27604	0
-49.9109	-4.73325	0
-51.5721	-0.642661	0
-53.9418	-1.94969	0
-53.1026	-0.578646	0
-50.1644	-5.92465	0
-49.0202	-5.17202	0
-51.875	0	0
-48.125	0	0
-44.8051	-2.90441	0
-48.2535	-5.91102	0
-45.4934	-3.5924	0
-45.7061	-4.52689	0
-46.0836	-5.34911	0
-45.0358	-5.13457	0
-47.0939	-5.59144	0
-46.2746	-6.2333	0
-43.9813	-6.11652	0
-46.0442	-7.7352	0
-43.9151	-4.98828	0
-45.5867	-6.89641	0
-44.8647	-7.83447	0
-44.7561	-6.56384	0
-43.8241	-7.28346	0
-48.1186	-6.99728	0
-43.7227	-3.87331	0
-43.711	-8.75524	0
-49.278	-8.20735	0
-47.2439	-7.82304	0
-42.5441	-4.65076	0
-54.375	0	0
-54.6875	-0.647275	0
-54.0625	-0.549947	0
-55.3125	-0.549947	0
-55.625	0	0
-55.9451	-0.554253	0
-55	-1.19722	0
-44.375	0	0
-44.6875	-0.541334	0
-44.0624	-0.541369	0
-45.0636	-1.11931	0
-43.7499	-1.08274	0
-44.6728	-1.97399	0
-44.0625	-1.67194	0
-43.125	0	0
-43.3943	-1.71287	0
-42.7896	-0.562942	0
-42.9641	-2.40291	0
-42.4886	-1.12415	0
-43.4375	-0.541197	0
-42.3723	-1.89521	0
-41.875	0	0
-42.2174	-2.67466	0
-41.5083	-2.1043	0
-41.234	-0.805864	0
-42.1875	-0.516757	0
-41.8016	-3.743	0
-41.7507	-0.79292	0
-40.9542	-3.04908	0
-39.7253	-2.86221	0
-6.875	-0.904795	0
-6.875	0	0
-38.125	0	0
-38.4375	-0.549947	0
-37.8049	-0.554253	0
-39.1633	-0.598611	0
-37.2702	-1.23463	0
-38.7652	-1.09989	0
-37.1228	-0.568499	0
-38.8032	-2.03322	0
-36.4559	-1.0654	0
-39.375	0	0
-39.9061	-0.752817	0
-36.0703	-1.80054	0
-40.583	-0.454978	0
-40.0997	-1.47387	0
-36.251	-2.77714	0
-35.1142	-1.91631	0
-39.9256	-2.17157	0
-40.7777	-1.32803	0
-40.4088	-2.64679	0
-40.2716	-3.40367	0
-39.1474	-3.99165	0
-37.8302	-2.00846	0
-37.2485	-2.94442	0
-35.8775	-3.71709	0
-37.8881	-3.74275	0
-36.108	-5.40033	0
-37.574	-5.19006	0
-78.125	0	0
-78.4375	-0.593978	0
-77.8125	-0.543605	0
-11.875	-0.496402	0
-11.0484	-0.895475	0
83.125	-0.904795	0
83.125	0	0
82.4529	-0.700775	0
81.875	0	0
82.5584	-1.47148	0
81.5625	-0.549947	0
81.2348	-1.09989	0
81.1836	-1.99204	0
82.2624	-2.3538	0
89.375	-0.904795	0
89.375	0	0
89.8893	-1.45463	0
90.4359	-2.48135	0
90.1192	-0.740596	0
90.8329	-0.596796	0
89.1407	-3.94411	0
90.5154	-3.8565	0
-8.125	-0.496402	0
73.125	-0.496402	0
72.2984	-0.895475	0
73.9516	-0.895475	0
71.875	0	0
71.5625	-0.695596	0
70.8421	-0.601231	0
70.625	0	0
70.1005	-0.749628	0
72.4697	-1.59621	0
72.5318	-2.32393	0
71.7918	-3.01045	0
73.1981	-2.02227	0
72.4848	-3.01536	0
72.134	-3.62007	0
73.1489	-3.7126	0
72.3329	-4.60622	0
73.7931	-2.44954	0
73.7802	-1.5963	0
73.7364	-3.21641	0
73.9343	-4.04658	0
74.5945	-2.89439	0
74.4121	-5.1105	0
75.2881	-2.25125	0
75.5882	-3.27043	0
70.8108	-2.42286	0
71.154	-5.3007	0
72.7541	-6.24271	0
75.9075	-5.72841	0
76.4274	-4.15148	0
-5.625	0	0
-5.04699	-0.895475	0
-4.9227	-1.69362	0
-4.375	0	0
-3.9168	-0.632737	0
-3.62406	-1.37815	0
-3.125	-0.503119	0
-4.57479	-0.549947	0
-5.9375	-0.647275	0
-5.8062	-2.43093	0
-4.05526	-2.23372	0
-2.82545	-1.25379	0
-6.28581	-1.21451	0
-6.02313	-1.8137	0
-2.37571	-1.86836	0
-2.61654	-2.67308	0
-1.56121	-2.07372	0
-3.431	-2.76481	0
-2.39628	-3.51739	0
-0.858529	-2.72242	0
-4.026	-3.33807	0
-5.06478	-4.25841	0
-4.0089	-4.40378	0
-2.64895	-4.78135	0
-1.59284	-3.6688	0
-2.11476	-4.2309	0
-0.823086	-3.50799	0
-1.60676	-5.25833	0
0.204792	-4.20228	0
-0.121864	-3.08277	0
-7.02447	-3.9316	0
-0.359297	-5.31644	0
75.625	0	0
75.3125	-0.541334	0
75.9376	-0.541369	0
74.5992	-0.592232	0
76.2501	-1.08274	0
74.993	-1.08667	0
75.9375	-1.67194	0
76.875	0	0
75.3124	-1.6254	0
76.6057	-1.71287	0
77.2104	-0.562942	0
77.0359	-2.40291	0
77.5114	-1.12415	0
76.5625	-0.541197	0
77.6277	-1.89521	0
78.125	0	0
78.3394	-1.97825	0
78.6638	-0.823276	0
77.8125	-0.516757	0
78.9517	-1.45463	0
-9.375	0	0
-9.6875	-0.549947	0
-9.05492	-0.554253	0
-10.4012	-0.591741	0
-8.7361	-1.10798	0
-10.0134	-1.09891	0
-9.06663	-1.97976	0
-9.69515	-1.70607	0
-9.65753	-2.4782	0
-9.74494	-3.29841	0
-10.4205	-2.81165	0
-9.55743	-4.6712	0
-11.1642	-3.16954	0
-8.96236	-3.89072	0
-11.2329	-3.9774	0
-11.594	-5.29054	0
-10.511	-4.60399	0
-8.04649	-2.39204	0
-8.65426	-4.74271	0
-10.142	-6.16669	0
-8.15587	-3.35439	0
-7.46526	-5.08887	0
-7.24698	-2.9703	0
-6.31667	-3.26137	0
-6.06767	-4.23318	0
63.125	-0.904795	0
63.125	0	0
62.3893	-0.744713	0
61.875	0	0
61.5625	-0.647275	0
62.606	-1.46287	0
62.0011	-2.41832	0
62.0625	-3.84362	0
0.625	0	0
0.3125	-0.549947	0
0.940763	-0.556705	0
-0.3125	-0.541334	0
0	-1.09128	0
-0.625	0	0
-0.937559	-0.541369	0
-0.320618	-1.6761	0
-1.66258	-0.598957	0
-1.01122	-1.65555	0
0.347342	-1.70826	0
-1.24622	-1.08049	0
0.793154	-2.39544	0
1.12167	-1.69412	0
-1.875	0	0
-2.32885	-0.775721	0
59.375	-0.904795	0
59.375	0	0
59.9294	-1.45463	0
60.2498	-2.33212	0
59.5217	-2.94442	0
61.1464	-1.94986	0
58.6506	-2.59896	0
60.2666	-3.54211	0
57.9441	-2.00498	0
58.4854	-3.53892	0
60.3696	-5.14296	0
61.144	-3.81561	0
56.9857	-2.28764	0
57.1188	-4.37703	0
61.5718	-4.8602	0
58.4343	-4.98874	0
56.7775	-3.34984	0
60.0471	-0.700775	0
60.625	0	0
60.9375	-0.549947	0
62.6818	-5.26342	0
63.3543	-7.12962	0
64.1301	-5.6366	0
58.125	0	0
57.8125	-0.549947	0
58.4451	-0.554253	0
57.0867	-0.598611	0
58.7667	-1.10965	0
57.4848	-1.09989	0
58.4378	-1.63303	0
57.352	-1.73637	0
56.875	0	0
56.3569	-0.756779	0
56.1171	-1.45463	0
56.3102	-2.12261	0
55.803	-3.0183	0
56.5156	-2.747	0
4.375	0	0
4.0625	-0.647275	0
4.6875	-0.549947	0
5.625	-0.718908	0
3.71419	-1.21451	0
3.95338	-2.00761	0
3.53642	-2.73533	0
4.78922	-2.02065	0
2.74729	-2.69832	0
3.94197	-3.5287	0
5.19451	-1.36169	0
5.22135	-2.74837	0
2.19624	-3.36176	0
3.11301	-3.33181	0
4.85047	-3.58159	0
6.1796	-2.78686	0
1.68432	-4.44084	0
5.24593	-4.40906	0
6.53555	-1.94678	0
4.71584	-5.21255	0
6.2041	-4.50129	0
7.40551	-1.804	0
3.33482	-5.28779	0
5.04703	-6.79516	0
6.70418	-3.69668	0
8.34329	-2.36563	0
7.77328	-3.8453	0
9.15652	-3.03455	0
10.0497	-3.71271	0
9.79711	-4.71102	0
11.0788	-3.67438	0
8.82645	-5.11151	0
10.3654	-6.13556	0
11.7509	-4.37559	0
11.6811	-5.74595	0
12.1225	-3.34674	0
12.3214	-5.09163	0
12.8754	-6.27421	0
13.5805	-5.18584	0
7.8975	-5.64137	0
13.2406	-3.27555	0
6.72739	-5.85862	0
7.91472	-6.70982	0
8.71296	-7.94697	0
51.875	0	0
51.5625	-0.541334	0
52.1876	-0.541369	0
50.625	-0.721665	0
52.5001	-1.08274	0
51.1875	-1.1187	0
52.1875	-1.67194	0
53.125	0	0
50.5936	-1.36307	0
51.5589	-1.62782	0
52.8557	-1.71287	0
53.4472	-0.56997	0
50.0021	-1.01265	0
51.8332	-2.21983	0
53.2859	-2.40291	0
53.6952	-1.08363	0
53.4245	-1.59707	0
52.8273	-0.555988	0
49.3981	-0.507561	0
49.9506	-1.73651	0
51.2236	-2.1427	0
52.0788	-3.28795	0
50.7026	-3.03355	0
51.4415	-2.8679	0
48.5856	-0.87753	0
49.2737	-2.02227	0
50.0519	-2.46423	0
51.2111	-3.57098	0
48.7222	-1.57459	0
48.6922	-2.47412	0
49.9699	-3.21455	0
50.4836	-4.23202	0
48.0966	-1.33529	0
47.8914	-0.626056	0
47.4731	-1.69691	0
48.0149	-2.71481	0
48.8023	-3.18447	0
47.1726	-0.640068	0
46.8198	-2.02227	0
47.4583	-3.16481	0
48.7544	-4.1229	0
46.875	0	0
46.5625	-0.534491	0
45.625	-0.724018	0
46.2284	-1.61146	0
46.2161	-2.434	0
46.7826	-3.49734	0
47.5506	-3.91216	0
45.5605	-2.71481	0
46.1732	-3.95204	0
47.4857	-4.63294	0
44.955	-2.3017	0
44.9794	-3.1257	0
45.4922	-4.11198	0
44.972	-4.56185	0
44.8313	-3.87342	0
46.2981	-4.64036	0
46.8935	-4.89009	0
45.0374	-1.58368	0
44.2757	-2.02227	0
44.9457	-0.890361	0
44.2731	-0.545608	0
43.7072	-1.57408	0
43.6933	-2.47236	0
42.8888	-2.87034	0
50.9479	-5.03547	0
52.2854	-5.66431	0
52.8022	-4.42222	0
8.125	0	0
7.8125	-0.647275	0
8.4375	-0.549947	0
9.375	-0.718908	0
10.625	0	0
10.3125	-0.647275	0
10.9375	-0.549947	0
11.875	-0.718908	0
9.8872	-1.25168	0
10.2126	-2.02227	0
11.044	-2.0318	0
9.85464	-2.70585	0
11.4842	-2.76994	0
11.4379	-1.36169	0
15.625	0	0
16.4516	-0.895475	0
15.3125	-0.647275	0
15.9375	-0.540781	0
14.375	0	0
14.0625	-0.549947	0
14.6908	-0.556705	0
13.4375	-0.541334	0
13.75	-1.09128	0
13.125	0	0
12.8124	-0.541369	0
13.4294	-1.6761	0
12.4364	-1.1194	0
12.7683	-2.38995	0
14.0973	-1.70826	0
12.8084	-1.61985	0
14.5432	-2.39544	0
14.8717	-1.69412	0
15.7746	-2.59054	0
21.875	0	0
21.5625	-0.549947	0
22.1951	-0.554253	0
20.9375	-0.541334	0
21.25	-1.09128	0
22.5139	-1.10798	0
20.625	0	0
20.3124	-0.541369	0
20.9294	-1.6761	0
23.125	0	0
19.375	-0.721551	0
20.1254	-1.71368	0
21.5973	-1.70826	0
19.9865	-1.09045	0
20.5531	-2.24389	0
19.9258	-2.31224	0
20.8529	-3.33281	0
19.1569	-3.04163	0
20.3069	-2.89739	0
20.2107	-3.5781	0
19.3689	-3.92841	0
23.6731	-0.835782	0
22.8125	-0.532924	0
23.8058	-1.55117	0
19.375	0	0
18.4244	-3.68547	0
19.4042	-5.07255	0
17.4262	-3.48928	0
21.4861	-4.44894	0
18.2043	-6.57494	0
16.5953	-3.04926	0
15.8193	-3.47401	0
15.5511	-4.61138	0
17.3877	-4.45885	0
16.5112	-5.03806	0
17.6512	-5.57279	0
20.6797	-5.54388	0
14.431	-4.43628	0
17.1518	-6.50217	0
17.5919	-7.78458	0
16.0819	-6.09807	0
14.893	-6.99299	0
18.125	0	0
17.8125	-0.647275	0
18.4375	-0.549947	0
17.0994	-0.592472	0
17.0387	-1.30665	0
17.5874	-1.80348	0
17.4082	-2.53119	0
18.3043	-2.02227	0
18.8312	-1.50652	0
151.875	-0.496402	0
151.048	-0.895475	0
152.702	-0.895475	0
152.53	-1.59621	0
151.937	-2.02227	0
151.285	-1.71136	0
152.537	-2.43997	0
151.213	-2.43908	0
152.703	-3.65722	0
150.312	-3.04385	0
153.368	-2.94667	0
151.182	-3.36636	0
153.125	0	0
153.438	-0.695596	0
154.035	-2.27206	0
154.382	-3.28203	0
149.644	-2.27569	0
155.21	-4.21202	0
149.088	-3.1535	0
148.492	-4.29544	0
40.625	0	0
40.3125	-0.549947	0
40.9408	-0.556705	0
39.6984	-0.535158	0
39.375	0	0
149.375	-0.496402	0
150.164	-0.895475	0
136.875	-0.904795	0
136.875	0	0
137.434	-1.45463	0
137.773	-2.35842	0
136.888	-3.28649	0
138.347	-3.32994	0
137.542	-0.69739	0
138.125	0	0
138.438	-0.541334	0
138.75	-1.08267	0
138.438	-1.6719	0
139.375	0	0
139.106	-1.71291	0
139.71	-0.562977	0
139.536	-2.40297	0
140.011	-1.12422	0
139.062	-0.541266	0
140.128	-1.89532	0
140.625	0	0
140.282	-2.67466	0
140.992	-2.10422	0
141.164	-0.823222	0
140.312	-0.516695	0
140.747	-3.79735	0
141.271	-1.48971	0
141.11	-2.97784	0
139.028	-4.46974	0
144.375	0	0
144.062	-0.549947	0
144.695	-0.554253	0
143.735	-1.09989	0
145.23	-1.23463	0
143.684	-1.99204	0
145.377	-0.568499	0
146.06	-1.06882	0
144.67	-2.00846	0
145.152	-3.04463	0
144.436	-4.23373	0
146.488	-3.02475	0
135.625	0	0
135.312	-0.549947	0
135.945	-0.554253	0
134.587	-0.598611	0
134.985	-1.09989	0
136.267	-1.10965	0
134.947	-2.03322	0
135.932	-1.99106	0
134.375	0	0
133.857	-0.756779	0
133.617	-1.45463	0
134.031	-2.32032	0
133.223	-3.17992	0
134.32	-3.61339	0
134.493	-4.77886	0
133.264	-6.28772	0
135.439	-4.07639	0
134.566	-6.09281	0
136.547	-4.54118	0
130.625	0	0
130.312	-0.549947	0
130.941	-0.556705	0
129.698	-0.535158	0
129.375	0	0
115.625	0	0
115.312	-0.541334	0
115.938	-0.541369	0
114.375	-0.721665	0
116.25	-1.08274	0
114.937	-1.1187	0
115.937	-1.67194	0
116.875	0	0
114.344	-1.36307	0
115.309	-1.62782	0
116.606	-1.71287	0
113.752	-1.01265	0
115.583	-2.21983	0
117.036	-2.40291	0
116.562	-0.541197	0
113.125	0	0
113.701	-1.73651	0
114.974	-2.1427	0
115.829	-3.28795	0
117.401	-1.69643	0
114.453	-3.03355	0
115.192	-2.8679	0
112.812	-0.647275	0
113.438	-0.506967	0
113.024	-2.02227	0
113.802	-2.46423	0
114.961	-3.57098	0
111.875	-0.70082	0
112.456	-1.57236	0
112.442	-2.47412	0
113.72	-3.21455	0
114.221	-4.23663	0
111.521	-3.00922	0
112.82	-3.75378	0
114.473	-5.88959	0
116.54	-4.41455	0
110.919	-2.23242	0
110.002	-2.00486	0
110.62	-3.08578	0
109.063	-2.21933	0
110.009	-3.84776	0
109.093	-4.1029	0
110.661	-4.53305	0
110.461	-5.56762	0
111.532	-5.12674	0
109.258	-5.95307	0
110.361	-6.65016	0
112.678	-5.88459	0
112.355	-4.6087	0
111.261	-7.84933	0
64.375	-0.496402	0
64.953	-0.895475	0
65.0773	-1.69362	0
65.625	0	0
66.0832	-0.632737	0
66.3759	-1.37815	0
66.875	-0.503119	0
65.4252	-0.549947	0
64.1938	-2.43093	0
65.9447	-2.23372	0
67.1745	-1.25379	0
67.7876	-1.93351	0
66.5374	-3.50504	0
67.4046	-2.91187	0
63.2815	-3.16472	0
64.3513	-3.64077	0
65.4466	-4.07529	0
69.375	0	0
69.0625	-0.549947	0
68.4375	-0.541334	0
68.75	-1.09128	0
68.125	0	0
67.8124	-0.541369	0
68.4294	-1.6761	0
69.0973	-1.70826	0
69.5432	-2.39544	0
69.8717	-1.69412	0
106.875	0	0
106.562	-0.647275	0
107.188	-0.549947	0
108.125	-0.718908	0
105.625	-0.70082	0
106.127	-1.25659	0
106.463	-2.02227	0
107.294	-2.03227	0
106.104	-2.70573	0
107.735	-2.77095	0
107.688	-1.36169	0
106.132	-3.67141	0
107.285	-3.56712	0
107.71	-4.352	0
107.264	-5.1594	0
107.488	-6.69208	0
84.375	-0.496402	0
85.2016	-0.895475	0
85.0303	-1.59621	0
84.4371	-2.02227	0
83.7851	-1.71136	0
85.0374	-2.43997	0
83.7131	-2.43908	0
85.0214	-3.26855	0
85.774	-2.81969	0
82.9771	-2.81978	0
83.7279	-3.26756	0
84.7809	-4.63964	0
86.4797	-3.24774	0
86.5415	-2.25814	0
82.2708	-3.24678	0
83.7976	-4.30411	0
86.7612	-4.60523	0
81.5499	-3.85052	0
87.1832	-3.80981	0
82.3096	-4.02544	0
81.7183	-4.85629	0
82.9975	-4.46419	0
83.6543	-5.66715	0
85.625	0	0
85.9375	-0.695596	0
87.4574	-1.98033	0
87.7763	-4.63414	0
88.1936	-3.41508	0
88.413	-2.24282	0
89.1001	-2.95523	0
82.3597	-6.04146	0
88.9485	-5.25801	0
88.125	-0.496402	0
86.875	0	0
86.5625	-0.549947	0
87.1951	-0.554253	0
87.5139	-1.10798	0
93.125	-0.904795	0
93.125	0	0
92.4529	-0.700775	0
91.875	0	0
92.5584	-1.47148	0
91.5625	-0.549947	0
91.2348	-1.09989	0
91.1836	-1.99204	0
92.2624	-2.3538	0
96.875	0	0
96.5625	-0.549947	0
97.1951	-0.554253	0
95.9375	-0.541334	0
96.25	-1.09128	0
97.5139	-1.10798	0
95.625	0	0
95.3124	-0.541369	0
95.9294	-1.6761	0
97.1827	-2.0292	0
98.125	0	0
94.5874	-0.598957	0
95.0919	-1.73087	0
96.555	-1.6388	0
97.6718	-1.68487	0
94.991	-1.08784	0
95.5462	-2.2474	0
97.8788	-2.49834	0
94.8862	-2.36989	0
95.8554	-3.33408	0
98.3015	-1.95772	0
94.0618	-2.1026	0
95.3255	-2.89752	0
98.8612	-1.4537	0
95.2107	-3.57673	0
94.1871	-3.92908	0
97.8125	-0.532924	0
98.4375	-0.541331	0
94.375	0	0
93.8571	-0.756164	0
93.6178	-1.45463	0
93.5087	-2.86189	0
96.4985	-4.46066	0
94.3552	-5.15653	0
109.375	0	0
109.062	-0.549947	0
109.695	-0.554253	0
108.683	-1.12938	0
110.014	-1.10798	0
110.625	0	0
111.173	-0.835782	0
110.312	-0.532924	0
111.306	-1.55117	0
-126.875	0	0
-126.562	-0.549947	0
-127.111	-0.497723	0
-126.184	-1.12879	0
-126.566	-1.98894	0
-125.591	-1.35595	0
-127.409	-1.78354	0
-128.338	-2.37536	0
-131.875	0	0
-132.188	-0.549947	0
-131.555	-0.554253	0
-131.236	-1.10798	0
104.375	-0.496402	0
148.125	0	0
147.812	-0.549947	0
148.445	-0.554253	0
147.087	-0.598611	0
147.485	-1.09989	0
148.764	-1.10798	0
147.492	-2.17515	0
148.438	-1.63838	0
147.805	-1.6354	0
149.033	-1.81188	0
155.625	0	0
155.312	-0.549947	0
155.945	-0.554253	0
154.688	-0.541334	0
155	-1.09128	0
156.264	-1.10798	0
154.375	0	0
154.062	-0.541369	0
154.679	-1.6761	0
155.933	-2.0292	0
156.769	-0.547565	0
154.039	-1.62987	0
155.305	-1.6388	0
156.422	-1.68487	0
156.709	-2.61207	0
157.079	-1.98949	0
157.543	-0.818802	0
157.592	-2.71543	0
157.514	-1.48456	0
158.295	-1.18515	0
159.07	-1.77331	0
157.016	-3.8123	0
160	0	0
158.905	-3.14495	0
159.818	-2.55909	0
159.168	-0.840173	0
159.877	-3.65561	0
161.281	-2.25772	0
158.963	-4.21432	0
161.643	-4.18607	0
158.048	-3.72804	0
158.561	-5.9677	0
158.003	-4.9169	0
-35.625	0	0
-35.9375	-0.549947	0
-35.3092	-0.556705	0
-89.375	0	0
-89.6875	-0.549947	0
-89.0592	-0.556705	0
-90.3016	-0.535158	0
-90.625	0	0
6.875	0	0
6.5625	-0.549947	0
7.19076	-0.556705	0
6.18295	-1.12938	0
103.125	0	0
102.812	-0.549947	0
103.445	-0.554253	0
102.433	-1.12938	0
103.764	-1.10798	0
-63.1531	-6.57002	0
-60.4862	-6.6257	0
-55.5701	-8.68433	0
78.1525	-3.83431	0
78.2309	-5.09191	0
54.484	-3.67699	0
54.3563	-4.95437	0
35.7775	-6.46508	0
40.9624	-8.63538	0
43.3808	-8.33213	0
44.8518	-7.26727	0
30.9767	-9.39003	0
31.9658	-7.80456	0
26.2567	-7.2748	0
25.9044	-9.19906	0
26.6628	-8.34353	0
27.4557	-9.81033	0
27.8827	-8.63184	0
-146.899	-7.36302	0
-137.058	-6.24252	0
117.815	-4.34135	0
125.102	-4.31297	0
-126.256	-6.22387	0
-127.645	-6.45824	0
-125.894	-7.5881	0
-124.482	-5.41139	0
-123.652	-6.59609	0
-128.219	-5.28044	0
-113.14	-6.5247	0
-111.656	-4.20459	0
103.678	-8.43684	0
-102.6	-5.02956	0
-100.708	-4.20483	0
-97.3937	-7.48539	0
-96.5975	-5.28728	0
-83.1288	-5.93237	0
-80.9782	-4.32876	0
-20.4976	-5.49796	0
-16.8903	-6.5247	0
-28.0922	-5.43106	0
-26.0216	-4.3309	0
-29.6149	-4.73455	0
-29.7488	-5.8124	0
-33.7068	-7.45588	0
-29.5684	-7.70785	0
-80.1991	-9.4615	0
-50.2456	-7.26966	0
-46.5531	-9.02184	0
91.7916	-4.20483	0
70.315	-4.34135	0
-1.07187	-7.1943	0
-7.12683	-7.14127	0
2.20812	-5.45176	0
1.65311	-6.69436	0
16.0509	-9.4615	0
13.6612	-7.25956	0
154.653	-5.74853	0
147.156	-4.36812	0
149.494	-5.55935	0
138.192	-5.5229	0
145.125	-6.25768	0
135.977	-6.75054	0
115.748	-5.49125	0
85.9996	-6.20128	0
81.2191	-7.45639	0
88.9338	-7.48845	0
97.7114	-4.30663	0
93.1421	-4.88082	0
95.3961	-6.9585	0
95.6738	-5.56918	0
157.365	-5.9294	0
-62.5479	-8.1476	0
-60.0573	-8.08986	0
79.577	-5.75003	0
55.3661	-6.288	0
35.2642	-7.92953	0
46.2463	-7.74926	0
32.9769	-8.9714	0
24.2155	-8.88736	0
29.2388	-9.78977	0
28.565	-7.67205	0
28.9961	-8.70095	0
29.9841	-9.05212	0
30.2074	-10.023	0
31.3598	-10.6396	0
29.414	-11.1901	0
30.7599	-8.39997	0
31.6678	-8.71993	0
31.9612	-9.71395	0
-148.121	-8.26185	0
-129.306	-7.62376	0
-126.217	-9.93658	0
-122.404	-6.94738	0
-129.502	-5.5828	0
-102.994	-7.21938	0
-100.096	-5.36725	0
-97.1201	-6.34124	0
-95.5045	-7.3324	0
-95.9974	-6.2414	0
-27.3315	-6.77813	0
-32.5298	-8.79726	0
-45.7915	-11.2176	0
69.0152	-4.31421	0
0.230444	-6.61632	0
2.41935	-8.57375	0
13.4275	-9.36359	0
138.865	-6.67278	0
146.367	-5.55649	0
136.685	-5.75489	0
98.4283	-5.19451	0
98.1191	-6.33501	0
96.7835	-6.75982	0
92.3053	-5.79621	0
157.926	-7.08179	0
156.887	-4.92077	0
156.237	-5.84598	0
155.383	-6.79797	0
32.2613	-12.6412	0
29.0208	-13.5277	0
-122.158	-8.98595	0
-100.426	-7.12378	0
68.322	-5.45418	0
14.558	-8.42415	0
138.217	-7.75556	0
140.102	-6.78594	0
97.7982	-7.63799	0
91.4424	-7.69237	0
156.994	-9.02285	0
159.615	-7.30587	0
68.9048	-6.91124	0
136.798	-7.91926	0
138.721	-9.34487	0
141.072	-5.812	0
97.9251	-9.13969	0
92.6492	-7.09711	0
155.924	-8.10147	0
142.612	-6.23034	0
92.659	-8.63781	0
94.0409	-7.38876	0
155.373	-9.82231	0
126.872	-8.27561	0
129.594	-10.3263	0
-52.688	-8.20872	0
-158.283	-8.68569	0
-151.655	-8.66596	0
-152.186	-6.80351	0
-156.376	-10.997	0
-153.591	-11.7826	0
-144.691	-8.04447	0
101.046	-10.4245	0
-85.0649	-6.1902	0
-105.483	-4.35916	0
-74.7265	-7.00352	0
-13.7047	-6.74128	0
-42.0288	-7.88567	0
-49.9444	-9.81311	0
-37.1782	-7.64602	0
76.3948	-7.16943	0
59.7186	-7.75766	0
7.40497	-10.0459	0
10.0131	-7.47362	0
11.2099	-8.28852	0
21.5235	-7.00352	0
132.093	-7.83792	0
110.111	-9.9162	0
112.688	-7.38528	0
162.75	0	0
40.6751	-10.5126	0
43.9686	-9.94234	0
26.0073	-11.2119	0
-137.778	-7.5389	0
-136.064	-7.34395	0
-110.371	-4.73982	0
-110.045	-6.19017	0
-30.1215	-10.118	0
-8.86805	-7.37686	0
153.135	-5.76813	0
148.936	-7.3143	0
116.509	-6.97699	0
-59.283	-9.31884	0
54.2456	-8.322	0
56.5915	-8.26065	0
36.8077	-8.45702	0
46.4596	-9.30766	0
34.0989	-9.99798	0
-149.573	-8.22515	0
-147.381	-9.64552	0
-44.1982	-10.4536	0
0.873125	-7.9069	0
14.7257	-9.7758	0
13.6782	-10.8244	0
15.8218	-11.4467	0
70.0061	-8.13745	0
138.31	-11.6872	0
140.669	-9.39776	0
97.2114	-11.558	0
143.33	-5.05454	0
93.9492	-10.8813	0
95.1167	-8.42782	0
125.491	-9.48333	0
-52.3247	-9.81368	0
-144.537	-10.7491	0
-142.99	-9.16144	0
76.1368	-9.71149	0
78.6454	-8.37923	0
8.57825	-9.32003	0
9.15552	-11.5644	0
9.64561	-10.2419	0
11.2877	-11.6025	0
11.0432	-9.75808	0
113.758	-8.38105	0
163.716	-1.39211	0
-139.562	-7.90961	0
-135.273	-8.63197	0
-134.563	-7.16987	0
-111.347	-7.46613	0
151.656	-6.99198	0
146.829	-7.63749	0
116.517	-9.66689	0
-59.7797	-11.7076	0
37.1533	-10.2268	0
46.9276	-11.7413	0
33.911	-11.8278	0
-150.406	-9.42868	0
-148.34	-12.1005	0
69.5954	-10.8752	0
72.1796	-9.85201	0
98.2594	-10.5528	0
95.1227	-9.93522	0
-53.521	-11.9214	0
-145.927	-10.1149	0
12.3575	-10.2991	0
113.823	-10.8355	0
164.379	-2.93428	0
-140.472	-9.99282	0
-138.387	-9.08674	0
-136.019	-10.3516	0
-133.024	-7.11149	0
-134.075	-5.83387	0
115.146	-9.00559	0
35.3086	-11.0467	0
-151.99	-10.6176	0
-149.794	-11.0899	0
99.3473	-12.7358	0
99.6808	-11.1048	0
93.9437	-9.18625	0
95.5004	-11.6047	0
-147.074	-11.1805	0
163.235	-4.05038	0
165.429	-5.14071	0
166.05	0	0
-134.347	-10.0555	0
-132.321	-8.38274	0
115.274	-10.4918	0
35.3833	-12.8213	0
101.039	-12.2322	0
162.59	-5.88733	0
165.15	-1.1439	0
-132.983	-9.64454	0
-131.235	-7.37778	0
116.553	-11.0691	0
118.103	-12.8429	0
118.783	-10.3112	0
166.638	-1.38852	0
168.069	-2.81323	0
-70.6292	-7.52732	0
-67.0679	-9.74782	0
52.0328	-11.733	0
120.571	-8.1822	0
-119.443	-8.3704	0
-94.3629	-9.73303	0
-106.868	-8.63402	0
-23.1292	-7.52732	0
63.4616	-9.6883	0
106.594	-8.83851	0
-55.5639	-10.6466	0
-114.571	-8.51404	0
-81.8546	-7.43796	0
-18.3213	-8.51404	0
85.9459	-8.31463	0
82.945	-8.01738	0
87.2831	-7.26339	0
-104.795	-7.46158	0
-26.2885	-8.02502	0
-26.4966	-10.7476	0
-24.4676	-9.53347	0
-34.3764	-9.23054	0
158.585	-8.59304	0
158.479	-11.3602	0
152.62	-11.1009	0
132.192	-10.711	0
128.145	-11.5843	0
-158.262	-10.4275	0
-159.804	-7.6254	0
-74.7828	-9.8349	0
-15.3507	-7.41507	0
-12.9321	-8.46101	0
-40.8763	-6.57798	0
-48.6428	-12.2323	0
-35.4484	-7.44337	0
61.6094	-7.86573	0
58.5187	-6.63186	0
58.1842	-8.19063	0
57.4689	-10.0697	0
59.4522	-9.749	0
21.4672	-9.8349	0
22.5871	-8.34905	0
38.9979	-12.1739	0
42.6013	-11.8774	0
-10.4754	-7.79326	0
-7.814	-8.61488	0
-6.73248	-10.5869	0
-5.99797	-8.5647	0
52.6883	-8.77372	0
52.0503	-10.1846	0
53.8663	-9.9245	0
50.8033	-10.9448	0
54.2083	-12.1049	0
48.9942	-11.9698	0
50.639	-12.5542	0
52.1885	-13.5907	0
-44.0942	-12.714	0
-42.5051	-10.0203	0
16.6864	-14.6901	0
142.866	-9.91458	0
123.467	-9.39731	0
-109.599	-7.96538	0
148.23	-9.7389	0
73.0412	-8.13878	0
-134.884	-13.2884	0
-151.888	-12.4404	0
93.5648	-13.7306	0
33.7709	-13.6231	0
36.7807	-11.8736	0
103.143	-11.6989	0
161.495	-7.42025	0
-69.6737	-9.60445	0
-65.5964	-11.3741	0
-96.1339	-12.205	0
-93.9785	-11.812	0
-57.3991	-12.2535	0
-112.712	-8.75017	0
-82.7685	-9.76607	0
84.1896	-10.7491	0
-103.695	-8.82592	0
-22.1734	-9.61452	0
-33.0672	-10.6585	0
-36.412	-9.56056	0
152.464	-8.96999	0
125.973	-11.6014	0
128.494	-13.7727	0
-159.913	-11.776	0
-16.491	-8.89696	0
-12.5527	-11.605	0
-40.1072	-8.41747	0
-4.04804	-7.73192	0
52.2068	-16.722	0
-41.96	-12.1574	0
-108.697	-10.195	0
74.1579	-9.77363	0
-134.933	-11.6194	0
-136.247	-12.4932	0
-133.556	-12.4142	0
-138.432	-13.9946	0
-133.026	-14.6655	0
-136.491	-14.4778	0
-131.507	-13.1199	0
-153.314	-13.599	0
36.824	-13.4415	0
38.0756	-15.7598	0
163.04	-9.92763	0
-71.8712	-9.35699	0
-112.235	-10.5951	0
-102.967	-11.3097	0
-102.052	-8.58614	0
-33.4422	-13.7679	0
-15.8861	-10.7837	0
-38.5795	-10.0231	0
73.232	-11.4096	0
-138.115	-16.861	0
-153.849	-16.6385	0
-112.651	-13.7687	0
-110.39	-11.0689	0
-16.6537	-14.022	0
74.393	-14.3459	0
75.2008	-11.4438	0
-111.685	-12.2812	0
-108.371	-12.9035	0
-110.895	-13.8513	0
-111.864	-15.7448	0
-163.413	-4.73878	0
-89.4303	-9.95404	0
-77.2395	-9.57838	0
19.0105	-9.57838	0
-98.4591	-9.6699	0
-129.102	-9.6104	0
1.69223	-10.3871	0
-1.03022	-12.2197	0
2.81743	-11.862	0
4.65101	-12.3088	0
0.904218	-12.155	0
5.27217	-14.2564	0
5.64006	-10.7052	0
5.96231	-8.87608	0
-123.834	-10.9715	0
26.8483	-13.2361	0
135.708	-11.867	0
139.964	-13.4091	0
11.7595	-13.6005	0
111.601	-11.8549	0
-142.32	-11.3613	0
116.034	-16.2163	0
168.284	-5.7176	0
170.01	0	0
-117.227	-10.5836	0
107.12	-11.0642	0
58.8809	-12.5092	0
43.0483	-14.0059	0
-8.93852	-13.5625	0
47.6916	-14.2908	0
144.029	-13.2434	0
121.513	-9.99489	0
33.5318	-16.6273	0
-63.7154	-12.9024	0
124.384	-12.9468	0
127.436	-16.6464	0
131.125	-14.6668	0
-161.96	-10.62	0
-159.214	-14.1817	0
-2.24846	-9.35637	0
-42.1346	-15.858	0
-71.0804	-12.2157	0
-39.3928	-12.4792	0
-37.0941	-11.6739	0
-134.78	-17.5954	0
-114.763	-15.7544	0
-110.001	-18.7935	0
-76.2037	-11.5509	0
20.0463	-11.5509	0
-4.44181	-13.3607	0
3.59257	-16.2074	0
7.44558	-14.3381	0
24.5618	-12.9993	0
11.8418	-15.8816	0
13.8673	-14.4766	0
-143.937	-12.8981	0
-140.155	-12.3524	0
171.09	-1.68596	0
105.391	-13.0059	0
56.6913	-12.1482	0
41.2888	-16.9435	0
44.9525	-17.1239	0
145.507	-10.8593	0
120.661	-12.4404	0
123.944	-16.416	0
-164.568	-10.488	0
-35.4978	-13.1215	0
-77.3511	-15.113	0
18.9121	-13.7047	0
8.504	-16.4553	0
23.8985	-10.9846	0
23.3542	-15.6262	0
11.9911	-18.4961	0
-144.088	-16.6426	0
-141.937	-13.3839	0
172.386	-3.70506	0
57.2072	-15.84	0
122.447	-13.2474	0
120.521	-15.1304	0
123.652	-14.6164	0
125.289	-15.2735	0
122.234	-15.7707	0
125.655	-17.0666	0
122.536	-17.5598	0
127.219	-19.7126	0
124.238	-18.2169	0
122.047	-20.568	0
125.84	-18.7424	0
124.366	-20.5325	0
-37.6196	-13.8573	0
-35.3815	-16.3432	0
6.96377	-18.6861	0
-143.339	-14.7974	0
-145.189	-15.1219	0
-141.659	-16.5531	0
-147.935	-15.5589	0
-146.262	-17.0581	0
174.762	0	0
123.241	-22.8084	0
-39.8561	-14.9051	0
-145.117	-20.5965	0
-144.849	-18.5553	0
173.129	-1.80294	0
-142.643	-19.883	0
28.8191	-16.1309	0
66.8911	-10.6588	0
68.9329	-13.9501	0
99.8523	-15.9724	0
63.5248	-12.2298	0
-27.3425	-13.6968	0
-48.6506	-15.2503	0
150.318	-10.7637	0
148.252	-12.3335	0
151.041	-13.8584	0
-57.7198	-15.0856	0
-84.9689	-10.8732	0
-19.959	-10.0734	0
-21.6039	-12.4388	0
-99.7719	-13.4476	0
-106.318	-15.7693	0
-105.487	-12.7243	0
139.416	-16.2229	0
110.752	-15.8727	0
113.593	-13.2658	0
166.474	-7.32307	0
49.1857	-16.9244	0
35.9597	-17.0109	0
-62.8153	-15.0722	0
-64.2409	-17.6925	0
-61.019	-17.7474	0
-157.079	-15.1366	0
-156.346	-17.7851	0
-161.022	-15.7106	0
-164.468	-17.697	0
-161.279	-19.2472	0
-3.12256	-11.4191	0
-165.478	-8.26108	0
-166.495	-13.6713	0
18.8012	-16.4605	0
14.6324	-21.8873	0
170.878	-5.81875	0
55.4135	-14.2087	0
118.513	-16.6448	0
6.75918	-23.2351	0
-150.738	-16.8136	0
120.379	-22.8955	0
122.799	-26.9189	0
-39.6617	-18.5704	0
-37.8372	-16.3036	0
176.058	-2.01909	0
-142.816	-23.9299	0
27.4766	-18.2953	0
31.0281	-17.3988	0
61.2846	-13.7275	0
-87.3222	-11.0088	0
165.143	-9.13367	0
164.869	-11.5887	0
168.245	-10.0201	0
34.3473	-19.3417	0
38.6517	-19.1489	0
-154.17	-19.2314	0
-158.561	-19.3656	0
-167.701	-7.80768	0
-170.851	-8.36103	0
21.6082	-18.9383	0
14.456	-19.3005	0
173.284	-5.94016	0
54.7818	-16.7051	0
116.586	-20.4055	0
177.613	-4.44284	0
-139.974	-22.0244	0
27.0159	-21.6562	0
63.7719	-15.0237	0
162.035	-12.8708	0
169.499	-7.87994	0
167.475	-12.781	0
-160.11	-23.6652	0
24.5315	-18.5176	0
53.5161	-20.0432	0
56.9779	-19.0295	0
118.649	-19.0885	0
180.464	0	0
175.877	-6.42985	0
61.305	-16.7232	0
66.7231	-16.269	0
171.972	-8.04294	0
-156.198	-22.7106	0
118.66	-21.3799	0
116.703	-22.8504	0
178.587	-7.04585	0
174.152	-9.85457	0
114.416	-21.7347	0
114.376	-26.2396	0
178.501	-2.16203	0
180.049	-9.86673	0
114.438	-19.3344	0
111.487	-23.9611	0
112.389	-17.8227	0
109.075	-18.9432	0
113.091	-15.5707	0
157.452	-16.0838	0
81.5171	-12.3461	0
86.7624	-13.8023	0
-16.249	-17.5774	0
77.1838	-13.5592	0
-117.475	-16.5782	0
-113.304	-18.7176	0
1.13051	-18.4627	0
-31.424	-18.9114	0
71.546	-15.7615	0
95.4797	-19.3125	0
-24.6515	-16.4007	0
-51.7747	-16.9828	0
-45.6866	-18.7067	0
140.572	-20.8971	0
36.5851	-21.1567	0
-172.309	-12.9204	0
-137.509	-19.9953	0
168.241	-17.5343	0
50.8537	-19.1741	0
47.2153	-20.1286	0
57.831	-24.3326	0
64.159	-18.2258	0
182.02	-2.42375	0
173.989	-14.6135	0
180.402	-15.1922	0
182.248	-7.52182	0
104.572	-17.6259	0
161.826	-17.4484	0
79.8438	-14.7151	0
-119.365	-18.7714	0
-111.745	-22.7791	0
-2.77665	-17.8049	0
1.75349	-22.3756	0
-29.3508	-16.3295	0
-54.9664	-16.7209	0
36.8014	-25.9916	0
40.1265	-22.7344	0
-136.913	-23.231	0
187.308	0	0
176.112	-12.3043	0
185.329	-8.30575	0
183.248	-4.92296	0
80.5114	-19.2131	0
-120.714	-23.4439	0
-57.8019	-18.3594	0
-139.623	-25.6202	0
-134.18	-21.0543	0
177.151	-15.3907	0
187.929	-12.9708	0
-136.502	-26.4281	0
189.092	-9.26576	0
-139.358	-31.028	0
-132.164	-29.6674	0
-10.2902	-17.0409	0
130.627	-21.6552	0
-148.682	-22.1943	0
150.21	-19.0415	0
-105.455	-20.576	0
-39.139	-23.9074	0
19.8409	-22.3246	0
25.7123	-24.6345	0
22.3481	-25.2848	0
26.1813	-28.0288	0
30.0619	-22.7923	0
32.515	-25.6404	0
110.427	-28.2754	0
85.8326	-17.6589	0
-18.4669	-21.2928	0
-22.7354	-19.9526	0
-49.3125	-19.8996	0
107.47	-16.0739	0
-5.82185	-20.2958	0
-1.09072	-27.337	0
44.0789	-24.5392	0
184.899	-2.56014	0
-130.146	-22.4747	0
134.306	-20.9978	0
129.278	-25.4926	0
-152.091	-27.5252	0
18.505	-25.998	0
25.2417	-32.1955	0
30.0484	-29.8425	0
89.4944	-23.2261	0
-50.7806	-24.2108	0
-5.64772	-25.2889	0
191.302	-5.93647	0
137.486	-23.8916	0
137.415	-19.4486	0
14.7226	-25.6818	0
189.174	-2.90837	0
10.7887	-29.4364	0
195.519	0	0
192.383	-2.91477	0
-74.1522	-18.0577	0
119.061	-28.937	0
-33.0898	-24.7191	0
63.8322	-24.2192	0
105.516	-22.7528	0
-111.659	-27.2692	0
34.3793	-29.2197	0
-13.7979	-21.5603	0
-25.0828	-23.4484	0
40.9017	-27.5781	0
48.2698	-25.7257	0
-125.905	-23.267	0
126.662	-29.0369	0
-157.073	-27.6157	0
19.8456	-33.3221	0
25.1378	-37.4465	0
-56.9451	-25.2282	0
-47.1126	-26.7614	0
136.468	-31.0422	0
142.555	-26.0274	0
10.6232	-24.8414	0
197.758	-3.49	0
119.211	-32.9421	0
105.335	-27.859	0
-115.535	-25.0976	0
-109.954	-34.6174	0
33.1427	-33.1536	0
-9.84481	-23.6913	0
-29.2641	-22.963	0
-24.9964	-30.0212	0
37.9872	-29.0189	0
41.0373	-31.5204	0
39.9616	-37.1462	0
50.0234	-30.673	0
-128.749	-26.7461	0
-46.9283	-32.1421	0
-42.3447	-27.5167	0
132.203	-29.1346	0
199.677	-7.18436	0
115.693	-36.6194	0
122.901	-35.5958	0
-119.098	-27.3205	0
-107.133	-30.0909	0
32.4978	-40.05	0
-9.27201	-28.4984	0
-29.7451	-26.9605	0
35.9983	-36.0958	0
52.012	-27.1836	0
-127.042	-32.1979	0
132.545	-34.0907	0
205.373	0	0
197.357	-11.9751	0
124.864	-40.0244	0
-120.188	-33.0432	0
36.9591	-40.4729	0
200.793	-17.622	0
201.57	-11.0578	0
41.1274	-41.2168	0
205.752	-11.1055	0
45.5236	-46.8076	0
201.901	-3.68449	0
209.977	-12.062	0
208.164	-7.50752	0
205.885	-3.9613	0
213.355	-18.5062	0
211.106	-4.32161	0
215.598	-13.2229	0
217.197	0	0
216.18	-5.02027	0
-165.74	-30.3503	0
-178.5	-12.7639	0
-175.206	-18.9448	0
184.097	-23.5519	0
3.69382	-26.0814	0
152.813	-23.7482	0
-102.564	-25.0673	0
95.3595	-25.6623	0
8.84491	-38.3615	0
-154.508	-31.675	0
149.038	-32.5774	0
101.245	-33.6696	0
45.8219	-34.1886	0
-52.0813	-34.2264	0
-45.4175	-37.9583	0
-36.9562	-29.0744	0
-105.012	-34.5546	0
26.0188	-46.2244	0
-14.4404	-33.0782	0
132.872	-39.732	0
121.724	-43.8232	0
-161.706	-28.0344	0
-165.569	-25.9765	0
-161.82	-32.5072	0
-170.376	-23.0268	0
-167.239	-37.7148	0
-170.113	-27.9892	0
-162.307	-37.4232	0
188.409	-19.1291	0
157.054	-27.5689	0
-97.8444	-26.6712	0
13.8948	-34.8585	0
-151.08	-38.9766	0
-148.284	-32.5205	0
50.616	-37.6389	0
-56.9669	-37.8597	0
-35.7287	-35.1913	0
-100.051	-36.1707	0
138.176	-36.838	0
132.37	-45.6091	0
117.259	-42.7761	0
116.15	-50.3991	0
118.654	-46.8711	0
120.191	-50.614	0
117.836	-56.7854	0
124.22	-48.8221	0
130.299	-52.298	0
128.313	-48.7169	0
-170.15	-33.2876	0
-164.305	-45.4771	0
-95.7205	-31.2126	0
-94.0083	-23.7298	0
-157.129	-41.3497	0
-99.1934	-41.4413	0
-174.45	-30.608	0
-175.794	-40.1695	0
-92.292	-34.3173	0
-90.313	-38.8108	0
-87.4612	-33.4391	0
-89.489	-23.2265	0
-84.731	-26.1528	0
-104.909	-48.3543	0
-94.2756	-43.0586	0
-182.902	-29.6098	0
-174.499	-35.4763	0
-87.1322	-42.5819	0
-82.2871	-33.8428	0
-80.0185	-23.9802	0
-98.3934	-47.2941	0
-179.017	-32.9967	0
-82.6418	-49.5467	0
-81.2619	-42.0476	0
-76.5092	-33.7518	0
-186.391	-37.5331	0
0.589055	-32.5167	0
-3.42027	-40.7377	0
5.03514	-34.9897	0
0.652512	-37.6358	0
1.1843	-42.5588	0
-3.31163	-47.1949	0
6.40721	-43.0018	0
11.3567	-50.2834	0
13.2811	-43.6524	0
69.4008	-26.6856	0
-27.675	-37.5377	0
-131.922	-35.627	0
-115.739	-38.1723	0
206.522	-22.9104	0
-183.947	-10.3647	0
-180.817	-22.1416	0
90.3156	-29.5273	0
-45.6199	-47.6064	0
191.619	-26.572	0
162.456	-25.8645	0
155.597	-33.421	0
49.469	-43.0004	0
52.3568	-49.9408	0
57.0983	-41.8292	0
145.282	-40.5737	0
142.667	-32.3647	0
137.243	-48.5138	0
107.428	-56.1177	0
126.43	-63.8027	0
-150.299	-49.8638	0
-75.6442	-46.9579	0
-12.5292	-44.1205	0
0.0607682	-57.5051	0
71.0069	-33.4186	0
-138.015	-37.1666	0
-128.011	-39.6887	0
-127.935	-49.1606	0
-123.989	-44.3927	0
-187.925	-21.9356	0
85.5685	-37.1984	0
194.376	-20.969	0
167.271	-29.7803	0
142.568	-50.7401	0
-141.724	-45.8692	0
-121.237	-50.6871	0
166.339	-38.1963	0
174.076	-27.0784	0
144.669	-58.502	0
143.209	-45.4656	0
147.199	-53.6523	0
150.301	-58.3554	0
153.436	-51.5438	0
159.452	-60.7685	0
156.303	-45.7796	0
163.397	-44.735	0
106.203	-39.5004	0
18.857	-48.8653	0
-23.7064	-45.7179	0
206.727	-31.2399	0
59.4461	-55.4771	0
57.7751	-47.6664	0
64.1415	-38.3822	0
132.586	-59.4696	0
-76.4784	-55.4547	0
-68.1264	-42.9209	0
77.1179	-31.0163	0
-144.562	-37.966	0
-195.636	-21.1829	0
-112.027	-56.838	0
-116.997	-45.0845	0
166.922	-50.7011	0
98.584	-40.9554	0
105.546	-47.9026	0
214.563	-27.2268	0
70.6741	-42.8841	0
134.711	-69.0279	0
-205.107	-24.0866	0
-110.359	-42.7222	0
177.863	-54.6724	0
70.9927	-53.0853	0
-111.697	-49.47	0
80.3757	-47.6867	0
59.0917	-29.8463	0
59.66	-35.2718	0
39.9549	-56.0002	0
226.985	-11.0929	0
-89.1941	-54.5206	0
195.496	-35.8229	0
-137.806	-60.5432	0
160.158	-76.6494	0
-27.854	-53.4301	0
56.6892	-64.5499	0
-73.8108	-65.2341	0
-68.1004	-51.9879	0
94.086	-54.8509	0
214.8	-37.3469	0
226.401	-31.6642	0
142.65	-66.5651	0
-95.5255	-66.8026	0
-36.9548	-54.3346	0
43.8269	-69.0733	0
65.3332	-77.0644	0
142.63	-80.5269	0
-39.0034	-62.5709	0
149.306	-73.5557	0
-50.4402	-70.0355	0
-33.5388	-75.0873	0
-200.552	-39.1443	0
-53.5234	-52.4307	0
-53.653	-61.5258	0
-60.9536	-56.8732	0
112.117	-64.4811	0
-116.925	-72.2175	0
64.8062	-52.2862	0
73.5949	-60.5648	0
71.0849	-69.6262	0
78.803	-66.8857	0
73.9774	-77.8057	0
90.7115	-66.5184	0
68.9802	-85.3061	0
85.4232	-76.7265	0
59.9165	-84.3891	0
73.1785	-99.8508	0
55.8589	-75.7232	0
63.4432	-94.7826	0
54.9169	-91.8806	0
40.0059	-94.4365	0
54.5266	-107.004	0
-83.3003	-73.6249	0
-69.0582	-76.9759	0
212.876	-53.2792	0
152.418	-83.2184	0
-213.21	-34.7555	0
108.644	-79.2781	0
64.3942	-104.84	0
143.715	-95.7272	0
164.927	-90.1125	0
61.7573	-116.394	0
73.6863	-110.973	0
77.2105	-126.143	0
191.922	-64.2999	0
30.9095	-54.0737	0
30.039	-65.0271	0
238.496	-35.0757	0
231.763	-21.5224	0
91.8636	-89.7186	0
-90.8435	-83.5108	0
-65.1754	-90.9285	0
-227.211	-29.533	0
97.6148	-75.7978	0
44.3086	-122.351	0
248.188	-53.828	0
238.901	-11.9437	0
-102.509	-100.837	0
250.768	-40.6137	0
248.413	-6.14931	0
248.351	-16.7533	0
258.141	-21.9981	0
257.62	-32.5593	0
260.846	-10.9405	0
263.878	-44.8236	0
-86.8606	-98.7829	0
268.846	0	0
281.315	-16.5618	0
274.419	-8.7791	0
278.347	-34.2408	0
293.366	0	0
300.053	-10.3055	0
308.077	-22.8347	0
322.789	0	0
312.584	-11.1142	0
-141.423	-74.6491	0
-32.0258	-89.8991	0
-20.732	-70.9569	0
-195.372	-53.7069	0
-223.59	-44.5196	0
120.085	-89.319	0
146.043	-111.318	0
178.316	-103.093	0
173.493	-79.502	0
71.6036	-142.675	0
94.2161	-126.607	0
95.1077	-103.247	0
-52.1714	-93.7433	0
-46.8215	-105.919	0
-55.688	-125.791	0
-41.4273	-120.24	0
-241.516	-26.5942	0
-73.4935	-101.826	0
298.587	-35.8466	0
-158.124	-82.2851	0
-20.7501	-99.5872	0
-8.0408	-75.7441	0
-207.325	-67.8797	0
-186.96	-70.2294	0
-233.594	-53.4985	0
-251.967	-51.7511	0
-220.872	-57.8239	0
-243.707	-62.3602	0
-242.987	-81.149	0
116.91	-103.726	0
-43.0645	-137.128	0
-83.6026	-115.352	0
313.497	-36.7548	0
-145.256	-88.3476	0
-19.0337	-117.213	0
-6.58062	-94.7165	0
4.00213	-84.2198	0
123.256	-116.087	0
-69.2099	-115.568	0
329.672	-40.0652	0
-134.554	-103.362	0
-3.08095	-111.349	0
18.2748	-87.9003	0
119.959	-128.656	0
107.871	-132.938	0
125.542	-140.201	0
101.281	-143.247	0
126.363	-161.726	0
138.224	-141.271	0
95.3768	-162.932	0
131.037	-150.77	0
149.689	-137.068	0
106.191	-155.448	0
140.663	-161.351	0
168.372	-145.531	0
144.457	-126.192	0
108.746	-170.695	0
135.572	-117.723	0
-76.6447	-131.369	0
25.0196	-104.869	0
134.115	-184.47	0
161.643	-165.921	0
116.696	-186.302	0
-116.144	-87.6304	0
228.193	-64.2415	0
45.0925	-148.865	0
330.813	-12.5292	0
339.089	-26.6639	0
358.096	0	0
345.76	-13.2679	0
199.771	-101.271	0
287.424	-48.1841	0
-220.034	-84.7524	0
-180.399	-87.8899	0
-169.411	-68.7671	0
-270.1	-55.6478	0
-261.29	-89.0438	0
-28.5845	-161.676	0
319.022	-50.9312	0
311.556	-65.2112	0
-151.277	-111.137	0
-117.809	-114.099	0
-3.75403	-134.149	0
79.7528	-157.19	0
-93.174	-155.6	0
102.907	-212.29	0
223.666	-83.9294	0
346.081	-41.5867	0
196.757	-82.5923	0
-193.583	-106.991	0
292.652	-66.3888	0
327.351	-68.217	0
-160.712	-140.642	0
61.9718	-157.628	0
81.6245	-176.223	0
127.876	-208.886	0
356.103	-58.7302	0
332.661	-83.3655	0
343.342	-69.6195	0
-171.677	-120.874	0
322.031	-96.5692	0
339.352	-98.9398	0
306.459	-92.6393	0
311.801	-110.189	0
344.463	-113.935	0
334.446	-131.906	0
352.124	-129.983	0
355.192	-99.1969	0
377.441	-99.9822	0
366.824	-85.2283	0
301.961	-78.2486	0
278.981	-86.7037	0
292.867	-88.9889	0
284.148	-98.6377	0
262.428	-100.957	0
280.406	-120.159	0
318.572	-125.793	0
386.78	-82.0644	0
298.456	-122.584	0
319.699	-146.533	0
286.869	-140.444	0
367.726	-15.0015	0
379.281	-33.0098	0
400.466	0	0
385.881	-16.0637	0
-279.291	-83.351	0
-297.167	-79.8089	0
-302.468	-63.8512	0
-311.27	-98.0394	0
-319.401	-57.9184	0
-322.104	-41.5183	0
-330.77	-70.2032	0
-340.587	-35.3178	0
-353.63	-71.5548	0
-327.945	-88.9722	0
-258.466	-107.66	0
-276.503	-133.639	0
-252.954	-130.738	0
-117.633	-140.456	0
241.14	-96.3185	0
82.8113	-199.835	0
396.434	-98.4882	0
398.568	-60.5102	0
319.98	-169.572	0
271.882	-168.672	0
-345.701	-17.5831	0
-359.346	0	0
-354.099	-47.2764	0
-375.563	-44.3717	0
238.047	-118.21	0
423.773	-115.119	0
-368.976	-15.0063	0
-401.716	0	0
-393.36	-54.9645	0
238.929	-143.368	0
-390.16	-18.0074	0
-413.86	-52.6871	0
-394.138	-75.5766	0
-409.969	-18.0074	0
-436.682	-62.1456	0
-406.771	-95.8818	0
-375.96	-88.1111	0
-421.647	-34.2552	0
-385.071	-116.953	0
26.6245	-169.925	0
-1.7988	-160.875	0
-216.351	-113.69	0
120.851	-250.628	0
412.021	-18.0083	0
425.887	-39.6174	0
451.309	0	0
433.811	-19.279	0
-295.504	-114.538	0
79.2095	-228.086	0
296.518	-182.465	0
343.204	-174.799	0
219.288	-161.438	0
-230.385	-131.376	0
-242.471	-159.376	0
435.79	-61.2438	0
-301.014	-139.021	0
304.082	-211.042	0
361.22	-162.014	0
393.766	-170.661	0
243.042	-167.549	0
194.893	-183.689	0
447.454	-87.4793	0
-336.687	-153.748	0
252.85	-191.025	0
459.845	-66.2599	0
233.443	-229.1	0
482.192	-44.8798	0
256.42	-216.828	0
260.677	-252.444	0
281.871	-227.286	0
-65.572	-186.459	0
34.6748	-214.515	0
3.70972	-192.737	0
465.175	-21.609	0
512.321	0	0
489.292	-21.831	0
91.3936	-255.311	0
-248.607	-209.319	0
-213.185	-155.408	0
337.439	-226.987	0
453.828	-116.905	0
-358.773	-132.581	0
491.766	-72.0628	0
69.2935	-300.274	0
111.37	-285.983	0
-223.815	-187.017	0
-185.235	-154.114	0
309.736	-242.079	0
485.667	-127.258	0
-387.043	-150.211	0
523.88	-84.182	0
-198.131	-178.062	0
-155.742	-178.745	0
423.557	-221.51	0
208.954	-210.821	0
200.142	-248.171	0
276.482	-310.584	0
-1.13863	-232.533	0
528.961	-25.9311	0
548.877	-57.0154	0
585.535	0	0
560.329	-27.7553	0
102.105	-327.791	0
460.848	-149.448	0
517.388	-137.829	0
-398.871	-179.471	0
-423.499	-226.418	0
-380.072	-219.266	0
381.804	-244.79	0
418.446	-190.353	0
396.447	-209.96	0
465.054	-198.704	0
302.36	-280.823	0
563.154	-88.0869	0
527.198	-174.009	0
580.329	-125.407	0
551.522	-147.994	0
526.343	-236.971	0
597.264	-95.0015	0
583.375	-158.956	0
629.981	-64.8078	0
615.914	-205.248	0
-322.57	-204.163	0
-63.4031	-235.936	0
-139.467	-237.416	0
187.595	-295.556	0
605.503	-31.1169	0
673.392	0	0
640.367	-31.5241	0
144.291	-363.619	0
337.146	-337.201	0
643.991	-103.578	0
333.501	-300.529	0
394.129	-313.02	0
368.049	-286.222	0
405.659	-275.709	0
668.252	-146.679	0
436.828	-305.778	0
423.98	-359.521	0
507.565	-322.758	0
-241.253	-282.284	0
18.6084	-282.487	0
-472.123	-205.645	0
-457.637	-268.436	0
229.19	-319.918	0
697.353	-37.3406	0
726.106	-82.1492	0
778.821	0	0
674.557	-199.569	0
-30.1585	-272.885	0
-534.618	-186.506	0
187.545	-343.332	0
264.362	-373.65	0
746.644	-126.957	0
742.537	-39.9763	0
739.282	-232.588	0
-16.1475	-330.365	0
187.062	-398.557	0
771.29	-180.727	0
795.935	-136.898	0
842.842	-93.1811	0
-156.463	-306.058	0
92.9323	-381.341	0
482.162	-431.841	0
-518.774	-335.756	0
807.574	-44.8087	0
905.334	0	0
857.671	-45.3259	0
-4.49627	-388.494	0
183.702	-467.166	0
61.2951	-460.756	0
-440.731	-345.21	0
-63.1997	-468.935	0
47.3411	-409.188	0
1.26888	-449.326	0
593.557	-284.437	0
-302.977	-337.113	0
-632.742	-186.311	0
319.829	-425.82	0
736.421	-354.604	0
862.899	-149.055	0
897.98	-211.055	0
-128.994	-368.677	0
939.838	-53.7704	0
981.243	-118.295	0
1057.15	0	0
258.235	-533.206	0
121.652	-480.123	0
75.1479	-521.317	0
61.5454	-624.78	0
-583.798	-245.839	0
841.866	-310.59	0
-169.988	-463.763	0
1004.9	-57.5658	0
908.644	-282.652	0
909.358	-378.135	0
994.419	-329.755	0
378.974	-496.34	0
658.475	-332.784	0
1010.82	-182.819	0
1047.53	-261.299	0
1082.03	-197.334	0
1131.45	-265.28	0
1149.35	-134.133	0
1098.56	-64.5242	0
672.809	-431.709	0
1085.58	-345.65	0
1223.06	-246.873	0
1239.33	0	0
1170.66	-65.2461	0
-654.98	-404.895	0
-82.1572	-570.873	0
-721.463	-160.727	0
255.612	-647.832	0
-265.096	-501.513	0
963.293	-529.184	0
505.434	-585.274	0
1338.74	-352.958	0
1341.55	-220.376	0
1289.01	-77.4289	0
-140.171	-703.712	0
-378.708	-517.533	0
-290.242	-613.459	0
1157.25	-495.179	0
1022.8	-436.329	0
600.532	-520.928	0
1457.95	0	0
153.267	-681.028	0
375.158	-723.171	0
-498.622	-549.396	0
-330.985	-735.374	0
640.877	-683.002	0
749.714	-567.896	0
1398.32	-92.9144	0
-535.858	-689.573	0
1590.82	-192.388	0
1517.57	-92.9144	0
1720.29	0	0
1620.82	-93.5857	0
411.935	-957.658	0
-374.516	-890.775	0
-664.671	-807.319	0
1516.27	-353.505	0
1791.83	-111.498	0
1631.59	-309.059	0
1632.76	-483.941	0
1785.2	-378.636	0
1877.32	-245.058	0
2035.1	0	0
2042.5	-237.354	0
1926.68	-119.325	0
869.04	-791.576	0
-404.046	-1160.24	0
-237.669	-979.371	0
-872.547	-725.604	0
-782.274	-1075.84	0
1427.07	-493.973	0
1734.84	-666.949	0
2109.73	-378.225	0
-226.603	-1156.51	0
1321.46	-682.062	0
1864.39	-541.021	0
2037.35	-532.861	0
-311.13	-1357.87	0
-33.9076	-1254.03	0
2206.81	-768	0
1590.64	-849.797	0
653.177	-1167.12	0
1025.94	-1008.51	0
-1046.61	-551.307	0
-924.908	-925.85	0
-1171.55	-1063.48	0
-978.5	-1119.63	0
-1135.51	-1299.5	0
1280.75	-881.074	0
1226.17	-1090.4	0
-615.57	-1380.34	0
217.695	-1504.55	0
1681.61	-1096.85	0
-1280.94	-639.047	0
-1168.85	-1646.46	0
1406.32	-1276.57	0
-439.536	-1691.77	0
-1417.77	-845.47	0
-1394.74	-433.075	0
-1650.28	-825.533	0
-1617.09	-419.748	0
-1765.89	-620.74	0
-1707.64	-1074.48	0
-1988.99	-678.953	0
-1962.24	-1128.55	0
-1595.34	-1321.84	0
-2208.06	-910.567	0
2206.81	-1536	0
1413.39	-1665.15	0
-2208.06	-1821.13	0
1972.18	-1262.09	0
-1906.04	-1566.16	0
712.629	-1497.13	0
25.0413	-1986.81	0
-1424.93	-2051.5	0
-748.329	-1660.85	0
1890.25	-1569.72	0
852.158	-1859.26	0
-631.456	-2051.02	0
1025.46	-1584.54	0
1708.35	-2067.45	0
-1825.72	-1967.66	0
555.472	-2149.97	0
-627.988	-2478.21	0
-1716.83	-2447.04	0
187.413	-2402.73	0
939.697	-2313.57	0
-1012.65	-2683.3	0
-550.153	-2907.12	0
1020.24	-2772.44	0
1390.79	-2430.03	0
2206.81	-2750.09	0
-2208.06	-3035.22	0
171.996	-2874.78	0
-1508.91	-2994.87	0
-484.954	-3492.69	0
1103.51	-3381.78	0
1834.72	-2498.48	0
623.142	-3047.59	0
-174.968	-3164.08	0
665.568	-3498.94	0
277.82	-3895.43	0
-1333.09	-3597.72	0
-1437.88	-4266.87	0
CELLS 9107	36428
3 314	1441	315	
3 4817	4818	1445	
3 869	1638	27	
3 4653	4699	1375	
3 1380	1391	1400	
3 1637	1636	28	
3 1462	104	1460	
3 1360	4632	4631	
3 1466	1465	338	
3 4490	4492	4536	
3 1293	4444	4397	
3 1468	257	1467	
3 1347	1359	1341	
3 1777	1782	1466	
3 4387	1246	4367	
3 1462	1463	104	
3 2055	2059	348	
3 1209	4204	4227	
3 1922	1923	687	
3 3917	3916	3887	
3 3886	3794	1043	
3 2104	2093	2097	
3 4187	1224	1229	
3 1506	1512	383	
3 1894	437	1903	
3 1694	1696	799	
3 1725	1726	1729	
3 1925	1928	687	
3 670	1932	1936	
3 2051	2048	438	
3 1675	1681	762	
3 1701	673	1691	
3 3589	921	3551	
3 1669	713	1670	
3 1707	1693	673	
3 257	256	1501	
3 2374	2381	688	
3 765	1696	1694	
3 2515	466	2514	
3 1686	1691	715	
3 3717	1039	3658	
3 2369	2358	2362	
3 362	1665	1668	
3 1852	1859	1848	
3 2596	2591	2593	
3 25	1023	999	
3 327	2542	2546	
3 999	870	26	
3 26	25	999	
3 1558	1562	1554	
3 3919	1023	1077	
3 1567	1566	675	
3 3793	1000	3821	
3 1572	1575	675	
3 1503	468	1504	
3 1520	1518	1519	
3 86	2313	87	
3 1635	1634	364	
3 1690	30	1635	
3 2339	2309	387	
3 30	1634	1635	
3 100	1525	1541	
3 2736	1643	219	
3 32	1651	1652	
3 1655	1654	200	
3 34	33	1660	
3 442	1725	1724	
3 1739	403	1736	
3 363	1660	1651	
3 2888	493	2877	
3 31	30	1690	
3 2668	2670	2667	
3 870	869	27	
3 379	1573	1576	
3 1729	1727	36	
3 1677	361	1678	
3 1819	1824	1780	
3 1731	37	1728	
3 709	1779	1778	
3 39	38	1730	
3 360	1730	1731	
3 185	1733	1734	
3 1770	1772	668	
3 40	1835	41	
3 1839	497	1840	
3 1899	1914	46	
3 437	1891	1890	
3 177	1855	1866	
3 42	41	1837	
3 1764	336	1757	
3 1837	41	1835	
3 337	1770	1764	
3 163	2940	164	
3 1914	47	46	
3 1124	3998	3979	
3 48	47	1956	
3 48	1956	1957	
3 415	3092	3094	
3 1918	47	1914	
3 3030	3037	3039	
3 1489	584	1488	
3 3304	1977	3303	
3 1475	343	1473	
3 2044	2036	520	
3 53	1980	1981	
3 1480	1476	1479	
3 1978	1977	440	
3 1987	1986	262	
3 52	1977	1978	
3 3069	1993	269	
3 1891	1899	45	
3 2969	502	2968	
3 1474	1480	259	
3 2030	59	2029	
3 253	252	2000	
3 59	58	2029	
3 60	59	2030	
3 422	3147	3143	
3 2032	520	2033	
3 2069	512	2070	
3 2084	518	2085	
3 2100	60	2108	
3 1968	355	1965	
3 63	2099	2090	
3 2105	64	2114	
3 54	1984	1983	
3 2094	2098	2114	
3 2100	425	2095	
3 61	2095	2086	
3 236	2125	2124	
3 81	2160	2161	
3 2213	352	2212	
3 73	2204	2205	
3 2212	352	2250	
3 433	350	2204	
3 347	2098	2104	
3 66	2212	67	
3 2229	2226	351	
3 320	2123	2236	
3 2217	70	2214	
3 1901	1904	443	
3 2242	2241	72	
3 2289	2298	430	
3 1915	443	1900	
3 2246	2244	2245	
3 2249	2248	436	
3 435	2215	2217	
3 2216	69	2218	
3 65	2113	2213	
3 3517	2210	596	
3 53	1981	1982	
3 1469	1470	344	
3 2208	2204	2206	
3 2254	2253	190	
3 1978	1980	52	
3 74	2208	2209	
3 1962	49	1960	
3 76	2262	2261	
3 2209	432	2266	
3 2168	428	2166	
3 1963	1957	441	
3 2285	524	2286	
3 1672	1710	442	
3 1619	386	1620	
3 2160	2162	2164	
3 1689	534	1682	
3 2294	80	2306	
3 1708	34	1661	
3 349	2162	2307	
3 321	1948	1964	
3 1713	322	357	
3 2310	2311	2312	
3 1936	1942	670	
3 2318	2326	555	
3 2341	2342	2343	
3 39	1730	1732	
3 85	2311	2310	
3 1836	39	1732	
3 1673	1678	671	
3 2315	555	2316	
3 36	1723	1725	
3 92	2334	2337	
3 2455	2458	2452	
3 1666	1663	1664	
3 2323	91	2335	
3 671	1674	1673	
3 2342	2341	87	
3 31	1690	1684	
3 2167	2170	2164	
3 1891	45	1889	
3 1636	364	1634	
3 331	1549	386	
3 2349	535	2350	
3 98	97	2452	
3 99	1549	1540	
3 2365	447	2360	
3 2454	470	2455	
3 1701	1705	673	
3 2420	2418	2419	
3 1514	1541	385	
3 2486	2485	158	
3 1504	1506	1524	
3 1859	338	1853	
3 369	2496	2501	
3 104	1463	1464	
3 607	2748	2752	
3 1460	1461	1462	
3 848	2622	2630	
3 365	2363	2369	
3 1560	1564	1568	
3 370	325	2443	
3 1585	1581	1584	
3 1581	1580	1586	
3 2493	2492	458	
3 1563	1569	1564	
3 2498	2493	2496	
3 118	2509	2508	
3 1595	1599	1600	
3 130	2425	2424	
3 2578	113	2576	
3 375	2549	2546	
3 371	2594	2596	
3 2579	2580	2581	
3 2599	2598	2604	
3 328	1580	1576	
3 2584	546	2585	
3 382	1548	1559	
3 150	2606	2607	
3 2337	2338	93	
3 34	1660	1661	
3 374	2624	2615	
3 2548	2553	2545	
3 1595	1594	110	
3 2532	2533	2529	
3 2509	118	2512	
3 1603	1612	464	
3 467	2521	2525	
3 2610	2609	463	
3 2593	2598	2596	
3 2592	2594	2601	
3 378	2537	2534	
3 2597	122	2601	
3 2620	123	2600	
3 378	2539	2537	
3 2595	2590	121	
3 2549	1612	1615	
3 2508	2510	119	
3 327	2546	2549	
3 329	1563	1559	
3 463	2609	2613	
3 1548	1554	1559	
3 2431	2425	2427	
3 2430	462	2427	
3 2576	2577	2578	
3 2611	2613	2609	
3 1567	329	1562	
3 1591	381	1588	
3 2393	448	2402	
3 1539	1548	1555	
3 2419	461	2420	
3 2380	2387	366	
3 101	1505	1503	
3 2419	2424	461	
3 1555	1560	1463	
3 2430	2427	2429	
3 1583	328	1579	
3 374	2611	2618	
3 2534	377	2530	
3 1619	1556	331	
3 448	2389	2392	
3 1542	678	1543	
3 138	2360	2351	
3 2373	447	2365	
3 1527	1510	384	
3 2389	2388	2392	
3 1508	1512	1506	
3 2338	2636	93	
3 140	2364	2355	
3 2316	2319	2335	
3 2378	2384	142	
3 2384	2385	143	
3 3271	3281	708	
3 2359	2370	141	
3 2163	2166	429	
3 2378	142	2370	
3 2456	553	2457	
3 745	3214	3213	
3 2495	2492	2494	
3 2133	475	2131	
3 2498	2499	146	
3 2639	2638	457	
3 2642	2641	222	
3 368	2606	455	
3 227	2649	2650	
3 2643	2645	2642	
3 149	2657	150	
3 215	214	2658	
3 2687	2695	2688	
3 2688	152	2687	
3 488	3170	3173	
3 2776	2782	541	
3 2720	564	2721	
3 544	2741	2740	
3 1644	1645	391	
3 2495	2494	370	
3 2125	236	2128	
3 2398	537	2399	
3 1504	102	1502	
3 327	2539	2542	
3 2614	2610	2612	
3 4630	4572	1352	
3 1909	1916	321	
3 151	2606	2695	
3 153	2691	2693	
3 2766	2765	206	
3 2484	2486	2489	
3 541	2488	2774	
3 2817	2794	395	
3 203	2788	2789	
3 2488	2486	2487	
3 2813	2812	491	
3 2825	2826	2827	
3 159	2826	2825	
3 2870	570	2871	
3 1881	1880	408	
3 2796	2800	569	
3 2937	2938	2939	
3 623	3170	3163	
3 572	1787	1795	
3 162	2938	2937	
3 1795	2258	572	
3 2941	2942	2943	
3 2942	2941	164	
3 2911	193	2912	
3 2968	2965	2967	
3 1655	1657	397	
3 2928	2927	400	
3 2954	169	2951	
3 1788	2259	496	
3 2970	2972	174	
3 3012	3013	3014	
3 1770	668	1765	
3 169	2952	3015	
3 1744	1750	1756	
3 2957	576	2953	
3 2920	2928	679	
3 2991	2993	1871	
3 2887	494	2881	
3 1735	1736	403	
3 2971	499	2972	
3 336	1751	1757	
3 1871	1865	176	
3 1849	1853	1465	
3 1745	1751	681	
3 2979	174	2992	
3 1740	1756	187	
3 1844	1848	1842	
3 1466	181	1465	
3 179	1838	1840	
3 2080	418	2082	
3 1782	1777	182	
3 1867	682	1868	
3 1845	179	1854	
3 339	1880	1875	
3 407	1850	1866	
3 178	1841	1839	
3 2973	574	2974	
3 404	1745	1733	
3 2832	451	2830	
3 2257	2252	2254	
3 1737	1733	1735	
3 576	2957	2956	
3 1768	184	1763	
3 170	3013	3012	
3 278	277	3021	
3 3043	496	2256	
3 3047	3046	506	
3 2879	492	2873	
3 2930	2252	2931	
3 3037	3030	411	
3 2255	2256	2254	
3 3080	3083	508	
3 186	1737	1740	
3 3319	577	3320	
3 1777	1781	182	
3 1857	1846	406	
3 2252	2930	191	
3 2254	2256	401	
3 1994	1995	413	
3 2901	398	2897	
3 509	3061	3064	
3 2903	2902	2906	
3 2887	2893	494	
3 3049	265	3048	
3 2903	2906	495	
3 3077	3076	508	
3 3067	3065	3062	
3 2886	2871	2873	
3 3089	3088	510	
3 2733	2728	2730	
3 2821	1653	1658	
3 511	1989	3108	
3 1657	1655	1656	
3 3098	3093	416	
3 1653	1655	1658	
3 3052	657	3053	
3 253	2002	2071	
3 2816	2812	2814	
3 2768	490	2766	
3 2769	2764	2766	
3 2767	2768	2766	
3 346	2024	2010	
3 2816	491	2812	
3 2074	2077	2072	
3 2009	2011	2008	
3 3181	3185	566	
3 3112	586	3113	
3 207	3161	208	
3 393	2659	2662	
3 247	3126	3134	
3 3161	2764	489	
3 253	2000	2002	
3 2665	3179	566	
3 255	2068	2070	
3 3247	2654	479	
3 511	1490	417	
3 241	3189	3188	
3 2662	2663	487	
3 2089	2093	2087	
3 565	1649	2730	
3 2658	2659	486	
3 2036	2044	426	
3 2662	2659	2661	
3 62	2086	2084	
3 2109	684	2110	
3 2726	217	2732	
3 2032	2034	2035	
3 2077	2079	2082	
3 1642	1644	1646	
3 2041	2038	56	
3 2734	218	2737	
3 2102	2091	424	
3 332	1644	2738	
3 63	2083	2085	
3 2313	86	2312	
3 2646	1647	391	
3 2174	2169	2173	
3 482	3204	2640	
3 223	3204	224	
3 2162	2163	429	
3 480	389	2649	
3 2270	2272	706	
3 2271	2274	2275	
3 227	226	3236	
3 2222	2226	732	
3 2653	2649	2651	
3 2654	228	2653	
3 2286	80	2284	
3 3255	559	3264	
3 2271	2260	2269	
3 3238	562	3239	
3 2167	2174	83	
3 1646	1647	220	
3 2298	2289	524	
3 4682	306	4672	
3 2131	476	2130	
3 4791	4795	1398	
3 3081	3077	3079	
3 2263	2265	2262	
3 3243	3242	230	
3 2232	2235	527	
3 559	3252	3251	
3 3273	477	3270	
3 2224	70	2215	
3 2241	2242	2243	
3 3115	3121	514	
3 2218	69	68	
3 558	474	3192	
3 3363	3365	3305	
3 436	2233	2229	
3 237	2124	2126	
3 2219	2220	435	
3 234	3276	3260	
3 2120	2112	2111	
3 1892	529	1893	
3 3292	3138	3290	
3 1958	533	1965	
3 588	3286	3285	
3 3289	244	3291	
3 2036	2029	2033	
3 3188	3190	242	
3 1897	1902	1893	
3 3295	54	1983	
3 2005	2007	421	
3 1967	1970	532	
3 2004	346	2001	
3 3118	249	3125	
3 441	1957	1958	
3 3122	3134	516	
3 3302	532	3303	
3 246	3138	3133	
3 439	3300	3299	
3 239	3305	240	
3 2251	2218	2249	
3 1709	35	1708	
3 2001	2003	2004	
3 1898	1903	437	
3 420	2000	2001	
3 319	1467	345	
3 1892	1893	1890	
3 2080	1501	2078	
3 1672	362	1668	
3 1923	1925	687	
3 1095	3905	3858	
3 2354	2358	2352	
3 258	1471	1474	
3 1985	1987	1990	
3 2387	2389	366	
3 1469	1471	1467	
3 139	2351	2349	
3 2075	255	2081	
3 1835	40	1836	
3 2374	688	2375	
3 1987	1988	1989	
3 2398	2401	537	
3 1990	3097	1985	
3 3091	3090	416	
3 2410	2408	133	
3 3062	3065	3060	
3 2367	2356	446	
3 2940	163	2939	
3 3072	3069	414	
3 2828	160	2827	
3 268	3070	3066	
3 3329	3321	503	
3 451	2829	2830	
3 3059	267	3064	
3 2701	2702	707	
3 3090	3091	3088	
3 452	2490	2489	
3 1989	417	1987	
3 140	2348	2350	
3 2004	2005	421	
3 1965	441	1958	
3 2781	2783	542	
3 1997	270	1996	
3 738	2503	2502	
3 411	3022	3047	
3 3082	273	3081	
3 452	2486	2488	
3 3078	1997	413	
3 2693	2698	2787	
3 2694	2688	543	
3 276	3046	3047	
3 2745	455	2743	
3 505	3021	3022	
3 3332	282	3326	
3 2377	2376	2433	
3 3316	3318	281	
3 147	2639	2742	
3 3308	3307	579	
3 2700	2689	454	
3 690	457	369	
3 3318	3326	281	
3 2495	2497	458	
3 3335	3341	283	
3 3341	3338	283	
3 2491	2493	145	
3 282	3332	283	
3 147	2638	2639	
3 2589	2591	2587	
3 871	284	3338	
3 2398	2399	2397	
3 858	3568	3600	
3 3616	285	3623	
3 2428	2421	461	
3 3036	3038	578	
3 373	2612	2629	
3 871	3343	284	
3 119	2510	2511	
3 3317	503	3318	
3 2741	2743	2657	
3 549	2430	3351	
3 287	3813	3858	
3 2613	2615	463	
3 288	3853	3905	
3 1026	3630	3778	
3 2608	2610	126	
3 3880	1027	3911	
3 2432	462	2623	
3 1603	380	1598	
3 655	3422	3038	
3 121	2583	2585	
3 4102	4139	1193	
3 4234	1219	4212	
3 2513	2514	466	
3 291	4048	4071	
3 2535	740	2531	
3 3925	3949	3905	
3 380	1594	1591	
3 377	2526	2530	
3 4430	4363	1276	
3 1507	1503	1505	
3 4468	1329	4471	
3 4532	4535	300	
3 1529	1499	1531	
3 4430	4433	298	
3 2521	2526	692	
3 1851	1858	573	
3 4616	4634	304	
3 2461	2464	2457	
3 4698	307	4693	
3 4737	4739	4738	
3 2309	2475	387	
3 4669	4670	1378	
3 95	2462	2460	
3 4571	1354	4579	
3 678	1542	1551	
3 4263	1230	4247	
3 2511	120	119	
3 3726	3617	3602	
3 2417	2418	2415	
3 1992	1994	1996	
3 2828	161	160	
3 2457	2454	2456	
3 2206	2207	432	
3 693	472	387	
3 208	3161	3162	
3 2462	472	471	
3 2315	2317	2318	
3 2324	2321	89	
3 3255	3264	477	
3 3189	241	3192	
3 561	3249	3245	
3 2127	237	2126	
3 2129	2130	476	
3 2127	238	237	
3 3262	3265	560	
3 3245	3280	3241	
3 3222	619	3216	
3 3252	234	3250	
3 2651	2652	479	
3 3244	3246	3243	
3 3227	224	3205	
3 3217	3229	562	
3 2648	2644	483	
3 3239	3240	3236	
3 3210	3207	3208	
3 224	3204	3205	
3 2646	2647	483	
3 2644	2640	2642	
3 215	2660	2722	
3 2725	2728	2723	
3 2668	393	2682	
3 217	2719	2721	
3 2667	2669	2666	
3 215	2658	2660	
3 3179	3180	3181	
3 3165	3167	209	
3 2792	2794	2797	
3 2663	2665	487	
3 489	3169	3163	
3 3168	3162	567	
3 2806	204	2805	
3 2791	2793	568	
3 2794	2796	569	
3 2813	2815	2788	
3 197	2872	2870	
3 2875	2879	2873	
3 748	2914	2917	
3 198	2869	2871	
3 2894	697	2895	
3 2889	2877	493	
3 2911	2912	2913	
3 2903	2907	698	
3 402	1750	1744	
3 402	1749	1788	
3 1843	1839	1841	
3 1848	405	1842	
3 682	1867	1873	
3 2011	420	2008	
3 172	2980	2977	
3 2978	2982	2974	
3 3000	409	2969	
3 2974	2971	2973	
3 501	3016	3017	
3 501	3019	3020	
3 2956	2958	2959	
3 2943	2944	165	
3 3033	278	3023	
3 3324	3328	3320	
3 412	3083	3084	
3 3320	3317	3319	
3 3028	3025	3026	
3 278	3021	3023	
3 3310	3309	507	
3 3315	3311	3313	
3 3314	656	3313	
3 3046	3308	3311	
3 3078	3080	508	
3 3075	3077	272	
3 3055	266	3054	
3 3058	3060	3057	
3 3091	3093	510	
3 3089	3092	3048	
3 343	1479	1476	
3 343	1478	1490	
3 2069	2071	2073	
3 2077	418	2072	
3 2010	2012	2009	
3 3329	410	3321	
3 248	3114	3112	
3 3117	3121	3115	
3 3135	3140	701	
3 249	3111	3113	
3 3135	701	3136	
3 3128	3119	515	
3 242	3190	3191	
3 635	3149	3148	
3 2088	2084	2086	
3 2093	423	2087	
3 1903	353	1894	
3 1528	552	1515	
3 2034	590	2035	
3 2039	2043	2035	
3 2190	523	638	
3 2314	2316	91	
3 2344	2345	522	
3 2346	521	2347	
3 592	2311	3354	
3 592	2184	523	
3 2287	593	2288	
3 2292	2297	2288	
3 2293	2298	524	
3 2287	2288	2285	
3 2266	2267	526	
3 2264	2260	2262	
3 2225	71	2224	
3 2225	2232	527	
3 384	1510	1526	
3 2264	526	2268	
3 1896	529	1892	
3 1897	1901	1905	
3 1666	1670	672	
3 2046	2052	637	
3 531	3299	3297	
3 3294	3296	2041	
3 50	49	1962	
3 532	1966	1967	
3 424	2091	2101	
3 3297	438	3296	
3 1192	4269	4260	
3 2059	2060	684	
3 2353	2349	2351	
3 2358	445	2352	
3 2412	2422	642	
3 450	2832	2836	
3 2404	2401	2407	
3 537	2401	2404	
3 540	2846	2850	
3 2954	2952	169	
3 2945	2946	539	
3 2944	166	165	
3 603	2938	3359	
3 2843	2846	603	
3 2775	604	2776	
3 2779	2782	2776	
3 644	2784	2782	
3 2775	2776	2773	
3 543	2688	2689	
3 2697	543	2689	
3 2744	544	2740	
3 2747	2745	2746	
3 406	1846	1856	
3 2689	606	2697	
3 2586	2584	2511	
3 2591	459	2587	
3 2531	740	2527	
3 460	2416	2441	
3 2421	2416	548	
3 460	2413	2414	
3 127	2614	2616	
3 549	2616	2619	
3 446	2356	2366	
3 2416	2414	548	
3 1567	1573	379	
3 2537	2535	377	
3 468	1511	1508	
3 1508	1515	552	
3 2460	553	2456	
3 612	554	1620	
3 471	472	693	
3 3517	733	2240	
3 2317	613	2318	
3 2322	2326	2318	
3 558	2141	2144	
3 244	3284	3286	
3 3193	3194	557	
3 3191	243	242	
3 3362	615	3363	
3 2139	2141	615	
3 3253	616	3254	
3 3258	3263	3254	
3 3259	3264	559	
3 3253	3254	3251	
3 3247	3248	561	
3 3245	3241	3243	
3 3228	225	3227	
3 3217	481	3212	
3 484	2733	2731	
3 1648	1649	3369	
3 2720	2722	2724	
3 2728	484	2723	
3 651	3174	3468	
3 513	585	2023	
3 3180	621	3181	
3 3184	3185	3181	
3 567	3162	3163	
3 3170	567	3163	
3 205	2806	2807	
3 2790	2791	568	
3 1659	1658	397	
3 2669	486	2666	
3 2874	2870	2872	
3 2883	2879	625	
3 1749	1786	572	
3 1659	3371	2823	
3 402	1739	1743	
3 679	2921	2920	
3 497	1847	1844	
3 1861	1820	1862	
3 2977	574	2973	
3 627	575	1881	
3 607	2747	2748	
3 501	3017	3019	
3 2958	628	2959	
3 2962	2965	2959	
3 3034	279	3033	
3 3329	503	3325	
3 3078	413	3080	
3 1999	3562	3085	
3 3309	3310	3307	
3 507	412	3086	
3 3065	414	3063	
3 700	3025	3028	
3 267	3055	3056	
3 3060	509	3057	
3 1488	584	1478	
3 580	1995	1999	
3 417	1991	1990	
3 1478	343	1475	
3 344	1470	1473	
3 669	1470	1472	
3 2076	2073	419	
3 2020	633	2023	
3 3116	3112	3114	
3 3124	3121	634	
3 3220	3222	3216	
3 3127	515	3119	
3 3287	3285	3191	
3 3197	3150	556	
3 518	2092	2089	
3 2089	2096	589	
3 2038	590	2034	
3 2044	520	2040	
3 2473	2475	2478	
3 1952	830	3514	
3 428	2173	2169	
3 428	2172	2184	
3 593	2287	2291	
3 2296	2277	639	
3 2103	589	2096	
3 686	2222	2227	
3 2235	2237	433	
3 2233	2236	528	
3 435	2220	2221	
3 2121	2119	933	
3 1897	529	1901	
3 1907	1910	705	
3 440	1970	1972	
3 1935	845	1941	
3 923	1954	1941	
3 1972	1976	1974	
3 535	2357	2354	
3 2354	2361	600	
3 2411	2409	601	
3 602	2393	2402	
3 608	2555	2571	
3 2559	853	2560	
3 3360	3358	2828	
3 450	2840	2843	
3 2778	604	2775	
3 2781	2706	2779	
3 600	2361	2368	
3 2503	2505	690	
3 455	2745	2756	
3 545	2497	2443	
3 690	456	457	
3 641	3403	2436	
3 2588	2586	465	
3 465	2517	2555	
3 2431	462	2432	
3 2574	2573	916	
3 2558	2560	645	
3 2445	925	2435	
3 2470	612	2466	
3 1873	1876	682	
3 2461	2463	2466	
3 2461	2466	612	
3 2321	613	2317	
3 647	614	2308	
3 428	2168	2172	
3 2197	427	2190	
3 3364	3362	2127	
3 3364	615	3362	
3 3257	616	3253	
3 3258	3262	3266	
3 565	620	2681	
3 3211	746	3212	
3 3229	3232	480	
3 2646	391	2647	
3 3207	3209	3206	
3 650	2679	2685	
3 2727	2724	485	
3 2678	650	2681	
3 210	209	3167	
3 3186	3185	651	
3 2890	625	2882	
3 1815	840	1818	
3 2769	490	2770	
3 3442	3549	1814	
3 2935	652	2934	
3 3175	2771	926	
3 570	2878	2875	
3 2875	2882	625	
3 2988	627	2984	
3 3201	754	3200	
3 2978	2981	2984	
3 2978	2984	627	
3 628	2958	2961	
3 2965	576	2959	
3 450	2836	2840	
3 449	2948	2946	
3 3035	3324	3327	
3 3031	655	3036	
3 3024	3025	3027	
3 3074	582	3053	
3 3058	3050	3051	
3 3051	632	3058	
3 3129	634	3123	
3 578	630	3036	
3 586	3120	3117	
3 3117	3123	634	
3 3194	3195	557	
3 635	3152	3151	
3 597	1905	1911	
3 1551	1557	678	
3 2039	2042	2046	
3 2039	2046	637	
3 685	2163	2165	
3 2345	2346	522	
3 2270	2273	525	
3 2269	2270	525	
3 1663	1665	1662	
3 1926	1929	795	
3 2381	2391	688	
3 2847	809	2848	
3 2402	2406	642	
3 2405	2412	642	
3 2831	689	2830	
3 2946	2947	539	
3 2701	2703	542	
3 542	2698	2701	
3 2519	2522	741	
3 2523	783	2520	
3 2183	638	2182	
3 2177	2178	2176	
3 2322	2325	2328	
3 2322	2328	647	
3 694	2130	2132	
3 3197	556	3195	
3 3258	616	3262	
3 3268	3271	708	
3 2672	2670	2671	
3 2012	2013	2014	
3 3171	3172	621	
3 3172	3174	651	
3 749	2904	2908	
3 2934	789	1818	
3 2997	3003	2995	
3 2713	2716	2706	
3 628	2966	2962	
3 2860	2865	2964	
3 667	3039	3040	
3 3995	289	4031	
3 579	3310	3314	
3 667	3030	3039	
3 3098	3099	3100	
3 632	3051	3053	
3 3248	3247	479	
3 475	2133	2137	
3 831	798	762	
3 599	1969	1973	
3 729	2055	2056	
3 2277	2282	639	
3 2557	2555	2517	
3 2633	2445	2631	
3 3406	602	2442	
3 2962	2964	654	
3 595	2211	3398	
3 2328	2332	647	
3 749	2909	2905	
3 3266	3272	649	
3 2771	624	2799	
3 937	2683	3415	
3 758	2704	2707	
3 643	2849	2851	
3 631	3312	3086	
3 3040	631	3423	
3 1758	681	1751	
3 725	1758	1765	
3 1472	1493	711	
3 1483	906	796	
3 1720	1947	1716	
3 756	1913	1921	
3 1637	316	1636	
3 1187	1192	1168	
3 672	1663	1666	
3 1665	362	1662	
3 1679	764	1680	
3 1678	1686	671	
3 2543	1615	717	
3 782	2522	2527	
3 328	1575	1579	
3 1588	381	1583	
3 1590	1598	380	
3 1590	380	1591	
3 1518	1520	330	
3 721	1538	1546	
3 1556	722	1557	
3 1528	1533	1544	
3 2932	334	2933	
3 2916	2915	788	
3 1745	681	1741	
3 1771	1773	771	
3 1779	1776	1773	
3 726	1738	1741	
3 1875	727	1876	
3 1864	626	1863	
3 2024	728	2010	
3 2016	419	2017	
3 2050	2055	348	
3 2064	2106	2110	
3 2196	2304	2165	
3 2177	909	806	
3 2220	2222	686	
3 2221	2223	434	
3 734	1928	1932	
3 712	1720	1716	
3 735	2391	2390	
3 2368	2372	2379	
3 367	2833	2831	
3 3418	2841	911	
3 2502	2503	369	
3 2751	2749	456	
3 692	2519	2521	
3 465	2515	2517	
3 781	2538	2540	
3 2519	741	2516	
3 387	2336	2339	
3 471	2469	2467	
3 744	2132	2135	
3 3475	816	2145	
3 3210	695	3207	
3 3209	481	3206	
3 2682	747	2668	
3 2674	485	2675	
3 2901	2903	398	
3 2890	2892	2896	
3 1801	1803	723	
3 749	2905	2904	
3 3001	3000	2969	
3 500	2987	2985	
3 3028	3032	700	
3 3024	3027	504	
3 751	3144	3143	
3 3129	3132	3137	
3 2190	638	2183	
3 702	2202	2331	
3 2850	2851	2852	
3 2855	2860	2949	
3 2149	2144	2148	
3 2137	2147	648	
3 1921	1922	756	
3 1907	1911	1905	
3 2268	757	2272	
3 639	2292	2296	
3 2704	2702	453	
3 2706	644	2779	
3 3249	759	3281	
3 3268	3272	3266	
3 572	1786	1787	
3 2907	2914	698	
3 761	1477	1481	
3 1489	905	3099	
3 1483	1484	1482	
3 1477	710	1475	
3 1667	714	1668	
3 762	798	714	
3 1705	1706	673	
3 3890	3889	1106	
3 1675	762	1670	
3 1682	1671	1676	
3 1722	3659	1719	
3 713	1669	1674	
3 3658	3512	982	
3 756	1922	1924	
3 1582	676	1583	
3 1589	1592	1597	
3 1554	1562	329	
3 676	1582	1587	
3 1561	720	1558	
3 1597	1604	1602	
3 721	1547	1523	
3 677	1539	1547	
3 1561	1565	720	
3 1566	1572	675	
3 722	1624	1623	
3 611	1553	1606	
3 402	1743	1749	
3 1748	1755	724	
3 1738	680	1736	
3 1748	680	1742	
3 1752	1759	773	
3 1742	680	1738	
3 1753	1752	773	
3 1766	1771	771	
3 727	1885	1884	
3 1831	1834	879	
3 728	2025	2015	
3 3142	3145	658	
3 729	2056	2062	
3 2058	659	2054	
3 774	2171	2175	
3 638	2172	2182	
3 2171	2179	730	
3 2200	2197	752	
3 2231	2234	733	
3 2223	2228	434	
3 3538	528	3395	
3 2276	706	2272	
3 777	1933	1937	
3 1913	705	1921	
3 735	2439	2438	
3 3407	3408	3405	
3 2839	778	2842	
3 643	2840	2849	
3 2839	2842	736	
3 2948	2853	703	
3 2507	738	2504	
3 456	2749	2747	
3 2504	738	2502	
3 2705	707	2702	
3 2535	2538	740	
3 2514	2516	691	
3 2541	740	2538	
3 2516	2520	691	
3 742	2479	2478	
3 3401	663	3516	
3 2138	2136	784	
3 899	3142	3144	
3 3153	3149	3151	
3 3197	704	3200	
3 3226	3219	3225	
3 3209	3212	481	
3 563	3221	3218	
3 664	3274	3275	
3 747	2683	2673	
3 957	971	665	
3 2917	2921	748	
3 697	2894	2898	
3 819	2925	2922	
3 2899	2905	2909	
3 3005	2999	2996	
3 2861	2858	2859	
3 3150	754	635	
3 2133	694	2138	
3 730	2168	2171	
3 2304	2196	2301	
3 2834	778	2839	
3 2847	737	3418	
3 3196	3194	474	
3 3196	3199	704	
3 3282	3432	617	
3 2138	2140	743	
3 795	1924	1926	
3 1933	828	1929	
3 2207	2211	595	
3 2234	2231	2227	
3 2762	2763	2708	
3 2751	2505	2753	
3 2652	2656	618	
3 3215	3429	3220	
3 2020	2016	2018	
3 1999	3085	580	
3 2028	3387	513	
3 1477	1485	710	
3 1712	1681	1703	
3 1682	763	1689	
3 1687	764	1679	
3 2188	2186	2187	
3 1693	765	1694	
3 1699	1692	799	
3 764	1699	1700	
3 763	1676	798	
3 2189	752	2190	
3 1604	1613	1615	
3 1574	718	1575	
3 2864	856	2856	
3 1538	1536	1532	
3 766	1587	1578	
3 1627	721	1546	
3 3367	1577	1607	
3 856	2857	2856	
3 3433	914	3283	
3 1778	1811	709	
3 1783	1776	1780	
3 726	1741	1746	
3 1766	1767	1759	
3 1767	3373	1760	
3 1747	772	1748	
3 2267	2266	432	
3 757	3461	2278	
3 1940	828	1938	
3 875	1606	1553	
3 1702	1711	1714	
3 2547	782	2544	
3 1950	1944	1943	
3 829	1939	1944	
3 2709	810	912	
3 2709	758	2707	
3 1597	719	1589	
3 1861	1863	626	
3 2605	550	2615	
3 2925	1807	1808	
3 767	1616	1613	
3 2544	782	2527	
3 767	1604	1608	
3 2528	2523	741	
3 717	1616	813	
3 2561	815	2556	
3 3414	618	2656	
3 2154	755	2152	
3 1789	1754	833	
3 1487	710	1485	
3 2801	569	2804	
3 857	3155	3154	
3 723	1795	1794	
3 2915	2918	788	
3 1790	1791	1793	
3 2916	749	2908	
3 724	1755	1762	
3 1815	822	1809	
3 2181	730	2179	
3 790	2181	2186	
3 2842	2845	736	
3 791	2866	2864	
3 2157	2151	844	
3 3203	825	3202	
3 648	2147	2148	
3 2148	2152	755	
3 2146	2142	2150	
3 743	2140	2143	
3 763	798	834	
3 845	1931	1930	
3 2681	2686	565	
3 986	993	3690	
3 1484	761	1482	
3 1496	797	1486	
3 1695	765	1719	
3 1924	1927	756	
3 869	1640	1639	
3 1192	1187	1196	
3 4168	4174	1246	
3 2474	2480	2477	
3 3511	3510	834	
3 767	1608	1610	
3 1571	768	1572	
3 1592	1596	1601	
3 2121	519	2103	
3 3004	3003	750	
3 2436	536	2368	
3 3152	825	792	
3 1761	805	1762	
3 1804	820	1805	
3 1908	1954	530	
3 1951	830	1949	
3 3462	3464	3400	
3 660	2280	2281	
3 1950	834	808	
3 847	1968	1971	
3 2447	2446	2444	
3 1761	1789	805	
3 2718	3416	3469	
3 662	2712	2714	
3 1625	3631	1606	
3 1616	717	1613	
3 813	781	717	
3 812	781	813	
3 811	3508	813	
3 814	2552	2551	
3 1631	811	1629	
3 2619	2622	610	
3 2552	782	2547	
3 815	2552	2556	
3 3169	3176	623	
3 3153	751	3149	
3 914	3434	3283	
3 3435	3282	664	
3 1879	3379	1834	
3 1796	1794	770	
3 1803	1801	787	
3 1805	2923	1804	
3 3375	3376	818	
3 1807	819	1805	
3 818	1800	1799	
3 2795	2791	2792	
3 2926	1809	2919	
3 1810	1815	1809	
3 2178	774	2176	
3 855	2188	841	
3 2844	824	2842	
3 824	2844	2848	
3 825	3201	3202	
3 3156	3154	792	
3 1808	1807	1806	
3 2153	2152	794	
3 2142	827	2140	
3 2145	2150	2142	
3 1939	829	1940	
3 1933	1938	828	
3 3384	1945	829	
3 1951	1934	1946	
3 3455	808	3551	
3 599	1967	1969	
3 1712	831	1681	
3 1715	3511	831	
3 1618	946	1626	
3 814	3412	2573	
3 3446	1829	1831	
3 3668	3524	3667	
3 870	999	1025	
3 932	2061	3391	
3 1630	1605	1626	
3 1068	3652	3713	
3 1628	3438	3545	
3 3465	3649	888	
3 861	2445	2633	
3 2558	645	2557	
3 1824	1829	1832	
3 826	844	3396	
3 833	3441	3548	
3 2021	633	2019	
3 863	2808	2802	
3 2900	789	2934	
3 3486	910	3461	
3 2119	886	933	
3 3678	3721	810	
3 2434	641	2386	
3 3515	951	2159	
3 3477	3476	913	
3 650	2677	2679	
3 3478	3492	3500	
3 1953	1941	845	
3 1913	640	1912	
3 1712	1715	831	
3 3458	3485	885	
3 1916	1948	321	
3 2063	3300	1974	
3 2630	2632	848	
3 2444	2428	2435	
3 2792	2797	849	
3 3176	3169	3175	
3 3102	3101	905	
3 760	1494	1495	
3 945	906	2027	
3 1092	4013	3869	
3 1718	1715	1712	
3 3521	836	3566	
3 983	864	3663	
3 864	2575	2565	
3 3372	3440	984	
3 2936	2890	652	
3 841	941	2203	
3 901	2202	2200	
3 2868	856	2867	
3 2853	2855	703	
3 2021	2026	882	
3 3142	899	3145	
3 3464	909	3400	
3 598	2063	2057	
3 3580	3579	1042	
3 2064	684	2060	
3 645	2560	2565	
3 2434	2386	887	
3 2563	2569	864	
3 983	3663	860	
3 1823	1828	854	
3 2674	2676	2678	
3 998	3547	3546	
3 984	3440	862	
3 2562	2564	2566	
3 2570	837	2556	
3 1823	854	1818	
3 1810	1814	1817	
3 3601	3578	3600	
3 1973	1975	859	
3 1631	3508	811	
3 3413	2564	2574	
3 818	1799	3375	
3 840	1810	1817	
3 870	27	26	
3 316	1637	1639	
3 25	24	1023	
3 3756	1000	1722	
3 3333	340	3331	
3 3343	872	3532	
3 3342	3343	3340	
3 872	3343	3345	
3 3424	667	3040	
3 3344	873	3342	
3 3052	3103	3105	
3 3071	928	3498	
3 1622	1621	554	
3 1623	875	1557	
3 3411	1057	3758	
3 1630	803	1605	
3 2471	2472	646	
3 3518	929	2481	
3 1883	1882	575	
3 1879	1878	1886	
3 3420	1058	3759	
3 804	3378	1812	
3 2989	2990	653	
3 3528	930	3006	
3 3146	3386	587	
3 2015	881	2014	
3 3145	3158	3531	
3 906	945	796	
3 3157	3160	857	
3 3544	931	3428	
3 884	2060	2065	
3 2065	2067	884	
3 3455	3552	846	
3 776	3517	2240	
3 846	3596	3514	
3 846	3384	3455	
3 2438	887	2391	
3 2434	2440	3638	
3 3419	809	3418	
3 3541	3417	780	
3 2442	3405	934	
3 889	2434	3638	
3 614	2340	3402	
3 2477	892	2474	
3 3660	877	3518	
3 646	2472	2474	
3 3643	936	3401	
3 3643	3708	3411	
3 893	2672	2673	
3 895	2679	2684	
3 2151	827	2146	
3 3431	786	3647	
3 3468	665	3487	
3 3504	3434	914	
3 629	3002	3001	
3 2999	898	2996	
3 3444	880	3672	
3 653	2990	2996	
3 939	2862	3421	
3 3421	3011	939	
3 3153	3155	751	
3 3531	3158	857	
3 826	3640	3203	
3 3576	900	3531	
3 901	2200	2195	
3 2195	2201	901	
3 2201	855	2203	
3 3708	902	3871	
3 2854	903	2853	
3 2854	2857	903	
3 3526	3527	2857	
3 942	3571	3573	
3 3529	1495	851	
3 3103	3100	3101	
3 2023	2028	513	
3 633	2021	2027	
3 1535	469	1537	
3 1545	1606	1618	
3 908	1824	1819	
3 908	1816	1821	
3 2283	594	2282	
3 2279	2276	2280	
3 3397	3460	807	
3 2238	2239	2240	
3 2715	605	2716	
3 2711	2705	2712	
3 2760	3417	810	
3 2757	2752	2750	
3 3282	617	3269	
3 3433	3275	759	
3 3431	3235	786	
3 2156	3396	844	
3 980	3366	3437	
3 1812	3443	3441	
3 1632	3703	960	
3 839	3375	3534	
3 3553	2572	867	
3 3530	3640	3781	
3 3374	917	1799	
3 1498	3506	959	
3 3450	961	3454	
3 1497	1498	851	
3 2158	962	2159	
3 2156	844	2151	
3 1721	852	1718	
3 3438	3367	980	
3 928	3074	3425	
3 3027	3031	504	
3 3601	3536	3578	
3 3385	985	1955	
3 1974	924	2063	
3 1044	1045	3761	
3 2435	925	2444	
3 2448	2447	925	
3 2770	2771	3175	
3 2808	926	2771	
3 3507	1038	3656	
3 3582	973	3542	
3 3474	3425	657	
3 3498	928	3490	
3 1622	554	2476	
3 2481	2476	646	
3 1883	575	2998	
3 3006	2998	653	
3 3146	587	3129	
3 658	3428	3146	
3 2061	591	2049	
3 659	2053	2054	
3 1016	3738	3707	
3 3394	975	2122	
3 2442	602	2422	
3 2441	2446	3407	
3 1062	3661	3718	
3 3404	977	2437	
3 2340	614	2330	
3 2340	3401	936	
3 3468	3415	622	
3 957	665	3173	
3 2685	3523	938	
3 3439	979	3370	
3 2865	666	3007	
3 666	2858	2861	
3 3814	3700	990	
3 3544	900	3605	
3 2199	2198	1059	
3 2191	2193	2199	
3 809	3419	3470	
3 1060	3768	3769	
3 3656	1038	1022	
3 3426	850	3085	
3 3101	3102	3104	
3 3427	944	3104	
3 3634	882	2026	
3 966	3565	3691	
3 876	1606	3631	
3 876	3702	3632	
3 879	1834	3379	
3 3381	3382	3383	
3 960	991	3437	
3 1059	3705	1081	
3 3368	1631	835	
3 3766	3764	3762	
3 3429	3215	978	
3 3558	894	3495	
3 2146	2155	920	
3 2159	951	2156	
3 3485	3635	885	
3 932	3458	2066	
3 952	3388	3389	
3 3390	969	3388	
3 3467	3664	1028	
3 3465	888	934	
3 2447	2448	2449	
3 3410	970	2451	
3 3587	918	3549	
3 3495	894	937	
3 2810	926	2808	
3 956	965	971	
3 3490	928	3472	
3 3426	3502	986	
3 959	3506	3565	
3 290	4046	4049	
3 3486	3760	3399	
3 3441	833	3373	
3 3416	3721	3795	
3 3700	951	3515	
3 3592	894	3558	
3 3594	3561	950	
3 985	3385	866	
3 3385	3537	866	
3 3712	3466	3652	
3 2450	954	2451	
3 956	2809	3639	
3 3593	962	3499	
3 1063	3646	3430	
3 1035	3505	3655	
3 2483	892	2477	
3 3452	3453	3378	
3 3525	3573	3571	
3 3530	940	3160	
3 969	2058	3388	
3 3391	3392	932	
3 2451	955	2449	
3 3405	3465	934	
3 956	971	957	
3 971	3495	3487	
3 667	3424	972	
3 3582	3542	972	
3 3543	1015	3582	
3 3690	993	3560	
3 1061	3581	3707	
3 3780	1016	3642	
3 2117	2121	2122	
3 3538	3395	775	
3 3404	3718	3661	
3 3711	889	3638	
3 2383	2436	2437	
3 2507	2506	779	
3 3570	1063	3430	
3 1018	3570	3569	
3 3369	979	1648	
3 1650	563	1645	
3 3366	1570	1627	
3 803	1630	1633	
3 1783	771	1776	
3 981	1784	1812	
3 1196	4325	4269	
3 3509	982	1711	
3 2575	547	2571	
3 2628	2605	2627	
3 865	3372	2936	
3 2803	2801	862	
3 923	3385	1955	
3 1971	1948	985	
3 943	3529	3656	
3 3560	994	3497	
3 1975	3603	3625	
3 3757	941	841	
3 964	3410	3540	
3 942	2868	3571	
3 957	2810	956	
3 3680	868	3682	
3 3709	3958	1056	
3 4111	4108	1188	
3 3545	991	3585	
3 1617	1609	1614	
3 1021	3548	3586	
3 1791	1813	838	
3 3472	3425	958	
3 3489	958	3496	
3 3472	3489	994	
3 3489	3497	994	
3 3772	943	3656	
3 3615	3622	1027	
3 3628	3626	3627	
3 1019	3697	3966	
3 2573	3521	916	
3 3413	916	3467	
3 918	1814	3549	
3 868	1833	1826	
3 24	23	1094	
3 3659	3509	801	
3 1024	3793	3717	
3 4182	4231	1195	
3 3347	873	3344	
3 3630	3779	286	
3 1089	3871	3910	
3 962	3610	3515	
3 3009	898	2999	
3 3764	3765	1060	
3 1721	3513	852	
3 3613	3567	3596	
3 1011	1051	1071	
3 3390	3457	963	
3 3954	1139	3953	
3 3605	3619	3584	
3 1059	1081	1009	
3 3702	967	3632	
3 3767	1010	3765	
3 3381	879	3379	
3 975	3394	775	
3 1046	1049	1047	
3 3404	779	977	
3 3638	888	3651	
3 3729	3850	3745	
3 1011	3770	1051	
3 3855	3723	3796	
3 3677	988	3678	
3 1034	3862	3861	
3 1069	3670	3782	
3 3777	1014	3879	
3 3657	1038	3507	
3 3583	3693	3543	
3 973	3714	3505	
3 3770	3485	963	
3 3460	3740	3486	
3 3749	1017	3873	
3 810	3417	3678	
3 3751	3569	3725	
3 817	3235	3431	
3 1013	3592	3591	
3 3772	1093	3559	
3 960	3789	3585	
3 1064	3595	3641	
3 3550	992	3441	
3 3374	3533	917	
3 3716	1038	3657	
3 4345	4278	4337	
3 1094	23	1123	
3 870	3756	1640	
3 3512	1721	982	
3 1214	1234	1196	
3 1023	1066	999	
3 1025	999	1066	
3 3629	3616	3623	
3 1001	3599	3615	
3 927	3501	3493	
3 3792	1109	1022	
3 915	3595	3566	
3 3805	3784	1104	
3 3534	917	3674	
3 3450	3483	961	
3 4493	1306	4491	
3 3870	3991	1064	
3 3537	3536	1031	
3 3579	3602	3617	
3 3886	3887	3746	
3 1049	1032	1047	
3 3796	1028	3969	
3 3964	3741	3846	
3 3881	3722	1029	
3 3940	3862	1034	
3 1038	3716	3792	
3 3655	3869	1035	
3 3794	3886	1039	
3 1003	3674	3783	
3 3597	3471	3527	
3 3958	989	1056	
3 959	3715	3657	
3 3628	883	3584	
3 1025	3918	3892	
3 1168	1143	21	
3 3726	1040	3617	
3 3456	1044	3761	
3 4341	1254	4368	
3 1032	1045	1047	
3 3624	1044	3618	
3 847	1971	3604	
3 3893	3821	1078	
3 3724	1054	3637	
3 1045	1044	1040	
3 3456	952	3389	
3 3730	3732	3728	
3 1045	1032	3457	
3 1046	3730	3800	
3 3740	3739	987	
3 3732	1045	1040	
3 1046	1048	1049	
3 1119	3852	3851	
3 3763	3805	1073	
3 1050	1049	1048	
3 1032	1049	1051	
3 1036	3789	3883	
3 3871	1007	3708	
3 1049	1050	1051	
3 1071	1051	1050	
3 1084	1086	1081	
3 967	3702	3797	
3 1087	3767	3806	
3 968	3771	3484	
3 3539	974	2230	
3 886	3635	3780	
3 976	2754	3519	
3 3662	1062	3719	
3 3234	3430	3646	
3 3709	1056	3645	
3 1007	1089	1115	
3 3758	3803	3660	
3 3574	3774	1008	
3 3759	3804	3671	
3 3704	1072	1081	
3 1059	3757	2199	
3 1082	3764	3766	
3 1010	3768	3765	
3 1061	3707	3738	
3 3637	1054	3648	
3 3749	3719	3742	
3 976	3519	3662	
3 3709	3957	1076	
3 3709	3645	3646	
3 1064	3641	3706	
3 1064	3706	3870	
3 3673	1021	3586	
3 3673	3735	1065	
3 24	1094	1023	
3 1066	3918	1025	
3 3493	3479	927	
3 1067	3653	3654	
3 3665	3409	861	
3 3688	3723	997	
3 863	2798	3524	
3 3681	3683	998	
3 3563	3697	3612	
3 3559	3497	995	
3 1074	3754	3755	
3 1011	1071	1080	
3 3802	4014	3875	
3 1009	1081	1086	
3 960	3703	3789	
3 3823	1007	1115	
3 1071	3986	3961	
3 1054	3876	3739	
3 3704	3874	1072	
3 4000	1050	4061	
3 3810	3557	1008	
3 3788	1037	3698	
3 1123	1077	1094	
3 3893	3972	1142	
3 3919	3918	1066	
3 1078	3972	3893	
3 3715	3790	1070	
3 4138	1199	4157	
3 1080	3961	3801	
3 3752	3754	3748	
3 3636	1059	2198	
3 1081	1072	1084	
3 3762	1060	3470	
3 3806	1085	1087	
3 3695	3731	3730	
3 3785	1029	3684	
3 1028	3664	3866	
3 1033	3712	3741	
3 4091	4074	4000	
3 3861	3864	1034	
3 1088	1086	1084	
3 1009	1086	1089	
3 1087	3847	3825	
3 3767	3807	1010	
3 3917	3942	3916	
3 4066	1201	4040	
3 1086	1088	1089	
3 1115	1088	1107	
3 3719	3749	1075	
3 1079	3792	3791	
3 3825	1091	3807	
3 3828	1090	3921	
3 1194	4111	4116	
3 1124	3945	3982	
3 1093	1022	1109	
3 3559	3773	996	
3 1123	23	22	
3 1077	1023	1094	
3 3736	1027	3701	
3 288	3905	3949	
3 3803	3823	1052	
3 967	1111	1096	
3 1058	3824	3804	
3 1097	3483	3484	
3 3794	3888	1043	
3 3986	4000	1083	
3 3991	3870	4001	
3 3963	1085	3806	
3 3816	3735	3915	
3 3781	3814	1006	
3 3773	3877	1110	
3 3868	3818	1092	
3 3863	990	3609	
3 1018	3985	3957	
3 4014	1103	3875	
3 1072	1103	1140	
3 3650	3865	1012	
3 3988	1141	3963	
3 1013	3591	3862	
3 4060	3976	4030	
3 4140	4142	4063	
3 1127	1131	1135	
3 4186	1088	4179	
3 1127	1096	1111	
3 1116	3828	3921	
3 1097	3484	3860	
3 3843	3791	3838	
3 1110	1129	4013	
3 3970	1129	1110	
3 3970	1110	3877	
3 4050	1052	3823	
3 3883	1096	3884	
3 3827	1112	3808	
3 1128	3914	3908	
3 1084	1072	1140	
3 4123	1159	3899	
3 3927	1128	3907	
3 3927	4020	1128	
3 1088	1115	1089	
3 1115	1107	3823	
3 3810	3809	1116	
3 3557	3689	1058	
3 4114	4266	1198	
3 4011	4033	1079	
3 3733	3746	3900	
3 3900	1119	3851	
3 3859	3850	3829	
3 3568	3776	3600	
3 1113	1135	1148	
3 3784	4010	1104	
3 4056	3992	4021	
3 3627	1014	3777	
3 4032	1048	1046	
3 4016	1108	3895	
3 21	1143	22	
3 21	20	1168	
3 3896	3831	1026	
3 1095	3831	3922	
3 4100	4110	4113	
3 1117	4034	4087	
3 1076	3985	3999	
3 3993	3992	4059	
3 4050	3823	1107	
3 1127	1111	1131	
3 3933	3907	1112	
3 3860	3907	1128	
3 3854	3902	1167	
3 1179	4090	4102	
3 1119	4012	3856	
3 1046	4003	4032	
3 1084	4170	4178	
3 1131	1107	4186	
3 1135	1131	1156	
3 1127	1135	1113	
3 4143	1142	4121	
3 1163	1148	1135	
3 3926	3859	3906	
3 3994	4006	1134	
3 1156	1131	4186	
3 3927	4017	1136	
3 3964	4052	4078	
3 1138	1151	1170	
3 3967	1012	3865	
3 3959	1075	3749	
3 1138	3750	3965	
3 3958	4023	1105	
3 4033	4011	1117	
3 3936	3777	3924	
3 1103	4014	1140	
3 4170	1140	4149	
3 4040	1200	4026	
3 1090	3847	3899	
3 4120	4207	1172	
3 1123	22	1143	
3 19	1187	20	
3 4207	4120	1123	
3 3945	3950	3982	
3 3995	4031	4046	
3 1125	3913	3931	
3 1101	3912	3929	
3 4177	1157	4175	
3 4019	4018	1158	
3 4028	1104	4010	
3 4039	3966	1105	
3 4179	1146	4186	
3 4079	4137	1171	
3 4045	1147	4036	
3 3948	1181	4051	
3 3959	1137	4024	
3 4024	4025	1171	
3 1170	1152	3999	
3 4053	1151	3978	
3 1149	4056	4076	
3 3840	3843	3844	
3 4079	1171	4058	
3 4041	4029	1141	
3 4490	4489	1290	
3 4009	1134	4006	
3 3996	3946	3980	
3 3950	1145	3996	
3 4191	1146	4185	
3 1135	1156	1163	
3 1133	4152	4008	
3 4012	1098	4035	
3 1158	4064	4037	
3 4017	4019	1136	
3 4197	4199	4196	
3 1147	4150	4064	
3 1155	3950	3981	
3 4118	4278	293	
3 4043	1117	4068	
3 4348	294	4345	
3 1166	4055	4092	
3 4056	1149	4080	
3 4191	1163	1156	
3 1163	1162	4257	
3 4224	1178	4250	
3 4034	1117	4011	
3 1165	4038	4037	
3 1165	4037	4065	
3 4055	3987	4074	
3 4055	1166	3987	
3 3952	4073	4022	
3 3966	4039	4126	
3 19	18	1214	
3 3972	4121	1142	
3 4007	1144	3997	
3 4088	4101	4106	
3 1029	3722	3686	
3 4202	1151	4053	
3 3846	3904	1120	
3 1171	4025	4058	
3 1168	1189	1143	
3 20	1187	1168	
3 4258	4202	4226	
3 4068	1117	4087	
3 4081	1205	4059	
3 1170	4202	4258	
3 4154	1163	4257	
3 1141	4029	3989	
3 4209	1152	4232	
3 4116	4114	1198	
3 1175	4155	4203	
3 1180	4072	4090	
3 1202	4133	4132	
3 4134	4155	1175	
3 4073	4126	4130	
3 4244	4245	1235	
3 4051	1180	3902	
3 4089	1183	4072	
3 1173	3944	3948	
3 4248	4089	1176	
3 4254	4276	4216	
3 4357	4352	1263	
3 4072	1180	4051	
3 4164	4161	4162	
3 4208	4231	4182	
3 1157	4149	4169	
3 4135	4092	4075	
3 4254	4267	4226	
3 4293	1257	4316	
3 4047	1159	4195	
3 1214	18	1234	
3 1189	1172	4207	
3 4238	1232	4234	
3 1219	3974	3984	
3 1189	1168	1192	
3 4260	4231	1189	
3 4226	4267	1177	
3 4360	4363	297	
3 1191	4106	4108	
3 4110	4071	4088	
3 19	1214	1187	
3 17	1241	1234	
3 1193	4166	4158	
3 4158	1199	4138	
3 4111	1194	4112	
3 4118	4115	1194	
3 16	1255	1241	
3 4300	4325	1274	
3 1255	1265	1241	
3 4341	1234	4380	
3 4274	4287	4232	
3 1287	4442	4396	
3 4251	4280	1240	
3 4106	4105	1188	
3 3931	1101	3974	
3 3970	4069	1129	
3 4040	1099	4066	
3 1120	3903	4015	
3 4132	4154	1202	
3 4040	4067	1200	
3 4210	1202	4301	
3 4015	4086	4134	
3 1203	4086	4085	
3 1216	4133	4210	
3 1100	3915	3993	
3 1121	3935	3977	
3 4082	1206	4131	
3 4097	4060	4083	
3 4214	4109	4215	
3 4275	3977	4097	
3 4083	4131	4153	
3 4153	4214	4216	
3 4148	4213	1226	
3 4219	4235	4241	
3 4144	4146	4142	
3 4223	1162	4190	
3 4137	4094	1153	
3 4199	4195	4196	
3 1122	4084	4098	
3 4103	1212	4205	
3 4237	4262	4230	
3 4125	1140	4014	
3 4230	4228	4229	
3 4177	4176	1225	
3 1234	18	17	
3 1196	1187	1214	
3 4184	1229	4189	
3 4161	4164	4139	
3 4133	1203	4085	
3 4292	1251	4283	
3 4298	1252	4299	
3 4200	1262	1261	
3 4083	4153	1207	
3 1238	4220	4287	
3 1220	1226	4213	
3 4212	1208	4148	
3 4129	4217	1220	
3 1219	4234	4239	
3 1221	4197	4198	
3 4136	1186	4093	
3 4135	1213	4156	
3 1140	4125	4149	
3 1223	4156	4172	
3 4185	1146	4179	
3 4146	1184	4142	
3 4261	1224	4180	
3 4169	4175	1157	
3 1229	4184	4181	
3 4124	1208	4013	
3 4247	1220	4246	
3 4235	4240	4242	
3 4246	1227	4244	
3 1284	4387	4386	
3 4223	4286	4257	
3 4279	4189	1229	
3 1225	4176	4184	
3 4247	4238	1220	
3 1232	1230	1245	
3 4283	1239	4250	
3 4255	4221	4268	
3 4280	1244	4211	
3 1161	4122	3981	
3 4209	4232	1233	
3 1176	4073	4130	
3 16	1241	17	
3 16	15	1255	
3 4242	1227	4235	
3 4358	4435	4382	
3 4165	1190	4255	
3 1336	4562	4535	
3 1190	4162	4163	
3 4336	1273	4344	
3 4272	4307	1243	
3 4290	4297	1236	
3 4301	1215	4210	
3 4277	1217	4109	
3 4352	4357	4355	
3 4352	4349	4350	
3 1255	15	1266	
3 4380	1265	1254	
3 4294	1256	4284	
3 4326	1242	4304	
3 4252	4215	1217	
3 1218	4272	4267	
3 4211	4233	4147	
3 4266	4206	4251	
3 4263	4271	1230	
3 1245	4271	4333	
3 4440	4499	4392	
3 1264	4322	4321	
3 1245	4333	4323	
3 4289	1198	4266	
3 4291	1231	4279	
3 4366	1251	4299	
3 4281	4236	4222	
3 4286	4285	1249	
3 4364	4305	4281	
3 1261	1262	1248	
3 4292	4296	1251	
3 4296	4299	1251	
3 4377	1295	4365	
3 1248	1262	4400	
3 4322	1252	4298	
3 1243	4309	4311	
3 1341	1343	1345	
3 1265	1255	1270	
3 14	1266	15	
3 13	1275	14	
3 4293	4284	1217	
3 4284	1256	4252	
3 4319	4318	1257	
3 1238	4342	4326	
3 4400	4406	1248	
3 4326	4369	1242	
3 4245	4282	1237	
3 1276	4431	4430	
3 4300	4367	4192	
3 4388	1254	4389	
3 4127	4199	4201	
3 4198	4225	1221	
3 4385	1239	4366	
3 4385	4399	4400	
3 4336	4344	4347	
3 4356	4359	296	
3 1250	4291	4305	
3 4365	1253	4299	
3 1255	1266	1270	
3 1275	1278	1266	
3 4509	4510	4515	
3 1290	1270	1278	
3 4340	4376	1252	
3 4372	4371	4452	
3 4351	4350	1247	
3 4356	1263	4358	
3 1391	1380	4701	
3 4339	1264	4321	
3 14	1275	1266	
3 1290	1269	4439	
3 4418	1305	1301	
3 1312	4532	4488	
3 4384	1253	4365	
3 1325	4461	4465	
3 4323	4288	1240	
3 4428	1273	4323	
3 4389	4391	4388	
3 4390	4368	4388	
3 4516	4522	4519	
3 1266	1278	1270	
3 4361	4382	4396	
3 4433	1288	4485	
3 1269	4389	4439	
3 4282	4297	4324	
3 4509	4496	1275	
3 4494	4496	1294	
3 4375	4315	1292	
3 1258	4310	4312	
3 1246	4192	4367	
3 4340	4381	1307	
3 4399	4405	1267	
3 1300	4412	4419	
3 4370	1272	4328	
3 4428	4450	1282	
3 4383	4397	4364	
3 4383	4438	4437	
3 4392	1283	4391	
3 4392	4436	1283	
3 4498	1349	4492	
3 4447	4413	1299	
3 4511	1317	4497	
3 4491	1306	4490	
3 1311	4466	4476	
3 4434	4371	1305	
3 4474	4443	4454	
3 299	4485	4488	
3 4445	4346	4427	
3 4414	1297	4412	
3 4494	4493	1278	
3 4489	4440	1269	
3 4375	4338	4315	
3 4393	1291	4369	
3 1292	4332	4374	
3 1298	4393	4375	
3 1285	4530	4436	
3 1293	4437	4453	
3 4519	4515	12	
3 4517	1317	4512	
3 4322	4340	1252	
3 1295	4398	4384	
3 1347	1345	1346	
3 4570	1309	4527	
3 4407	1300	4401	
3 301	4562	4564	
3 1292	4331	4332	
3 4419	4412	4415	
3 1281	4330	4343	
3 4378	4377	1307	
3 4393	4401	1291	
3 4408	1302	4407	
3 4415	4418	1301	
3 4371	1301	1305	
3 4413	4416	4410	
3 1300	4407	4409	
3 4417	1297	4414	
3 1328	1329	1331	
3 4332	4373	1299	
3 4425	4549	1303	
3 1316	4434	1322	
3 4329	1272	4371	
3 4511	4512	1317	
3 4495	1306	4493	
3 4354	1264	4339	
3 4402	4422	4378	
3 4444	4456	1314	
3 4528	1308	4429	
3 1347	1341	1345	
3 1334	4441	4394	
3 10	1335	11	
3 1343	4524	4521	
3 4476	4477	1311	
3 4473	4481	1319	
3 4451	4460	1288	
3 4506	4486	1319	
3 4454	4435	1271	
3 4455	4442	4443	
3 4404	4444	1314	
3 4502	4448	1277	
3 4392	4499	1285	
3 4541	4542	4567	
3 1322	1305	1303	
3 4478	4503	4513	
3 4520	1310	4526	
3 1294	4497	4495	
3 4465	4464	1326	
3 1313	4442	4455	
3 1325	4473	4460	
3 4481	4506	1319	
3 1285	4541	4530	
3 1304	4504	4449	
3 4521	1317	4517	
3 4594	4596	1350	
3 4540	1323	4548	
3 1324	4478	4513	
3 4418	1297	4425	
3 4598	4599	4582	
3 4518	4540	4548	
3 4508	1342	4538	
3 4477	4479	1311	
3 1325	4462	4461	
3 4467	1326	4464	
3 1325	4465	4471	
3 4607	4602	4604	
3 1336	4553	4555	
3 4468	4470	1329	
3 1331	4547	1328	
3 1331	4470	1330	
3 1329	4472	4471	
3 1330	4507	4539	
3 4546	4547	1331	
3 4507	1330	4483	
3 4587	1351	4588	
3 4539	4546	1330	
3 4643	4634	4635	
3 1339	4507	4538	
3 1366	4608	4610	
3 4559	1340	4441	
3 4559	1334	4448	
3 9	1346	10	
3 1345	1335	1346	
3 4553	1354	4571	
3 1336	4533	4543	
3 4560	1308	4528	
3 4568	1339	4545	
3 4514	1328	1332	
3 4543	4506	1338	
3 4484	4508	1327	
3 4554	4583	4584	
3 4578	4594	1350	
3 4531	1337	4459	
3 1346	9	1358	
3 1365	7	1372	
3 1323	4556	4552	
3 4538	4545	1339	
3 4520	1343	4517	
3 1343	4520	4523	
3 1304	4449	4426	
3 4654	4656	305	
3 1346	1335	10	
3 9	8	1358	
3 1346	1358	1364	
3 7	6	1372	
3 1379	1372	6	
3 1321	4500	4544	
3 4441	4529	4446	
3 4343	4429	1281	
3 4525	4527	1309	
3 4501	1285	4499	
3 4570	4578	1350	
3 1361	4596	4595	
3 302	4587	4590	
3 4615	4590	1355	
3 4456	4575	4581	
3 1342	4558	4545	
3 4560	4586	1352	
3 4601	1344	4576	
3 4514	1338	4505	
3 4607	4609	1355	
3 4550	4569	1354	
3 4547	4598	1332	
3 4577	1354	4569	
3 4617	303	4615	
3 4633	4585	1353	
3 1371	4642	4648	
3 7	1365	8	
3 1365	1364	1358	
3 1346	1364	1347	
3 1350	4611	4551	
3 1391	1396	1400	
3 4559	1320	4612	
3 1361	4595	4632	
3 4554	4584	1353	
3 4593	1356	4579	
3 4607	1366	4620	
3 4600	4592	1332	
3 4608	4605	1367	
3 1358	8	1365	
3 4639	4631	1347	
3 6	5	1379	
3 1380	4699	4679	
3 4608	4604	4605	
3 1362	4620	4625	
3 1367	4603	4606	
3 304	4634	4643	
3 4623	1344	4621	
3 4715	4722	4725	
3 4567	4542	4574	
3 4645	4630	4638	
3 1361	4660	4665	
3 4573	1370	4531	
3 4642	1371	4635	
3 1371	4648	4649	
3 5	4	1390	
3 4701	4666	1365	
3 4610	1368	4637	
3 1373	4637	4644	
3 4632	4660	1361	
3 4629	4665	1387	
3 4631	4639	1360	
3 4681	4703	1394	
3 4633	4614	4640	
3 4621	1344	4601	
3 4703	4681	1387	
3 4626	4627	4628	
3 1384	4669	4648	
3 4682	1389	4693	
3 4	3	1405	
3 4660	4653	1375	
3 1379	1391	1372	
3 5	1390	1379	
3 1385	4659	4663	
3 4681	4661	4671	
3 1382	4645	4657	
3 4591	1370	4573	
3 4613	1320	4581	
3 4566	4629	1369	
3 1368	4610	4664	
3 1389	4690	4692	
3 1406	4711	4710	
3 4675	1377	4658	
3 4677	4676	4659	
3 4676	4658	1386	
3 4650	4671	1383	
3 4650	1387	4671	
3 4646	4658	1377	
3 4670	4688	4673	
3 1388	4619	4667	
3 4688	1393	4689	
3 1410	1405	3	
3 1405	1410	1403	
3 1390	1396	1379	
3 1379	1396	1391	
3 4709	4678	4700	
3 1402	4668	4694	
3 4680	4670	1384	
3 4683	4684	4685	
3 1412	4718	4699	
3 4719	4709	4711	
3 4628	4652	1395	
3 4702	1397	4675	
3 4	1405	1390	
3 1421	4772	4760	
3 4716	4702	1392	
3 1442	1446	314	
3 4670	4680	4683	
3 308	4708	4722	
3 4721	4740	4704	
3 1403	1396	1390	
3 1392	4677	4678	
3 1395	4652	4714	
3 1396	1403	4758	
3 4717	4705	1397	
3 1410	4775	4773	
3 4723	4730	1418	
3 4690	1389	4688	
3 4696	1404	4692	
3 1410	3	2	
3 1403	1390	1405	
3 1406	4710	4718	
3 1420	1416	1407	
3 4723	1406	4718	
3 4755	4746	1422	
3 4731	4724	1409	
3 4727	309	4725	
3 1409	4724	4725	
3 1	1419	2	
3 4772	4774	1438	
3 1407	1413	1420	
3 1417	4717	4728	
3 4743	4758	1421	
3 4700	1394	4709	
3 4709	4719	1413	
3 4753	1420	4748	
3 4707	1409	4722	
3 4732	4736	4739	
3 4787	4794	1440	
3 1419	1410	2	
3 1411	1407	1416	
3 4764	4770	1439	
3 4751	1428	4750	
3 4743	1400	4758	
3 4742	1420	1413	
3 1429	1	0	
3 4772	4768	1426	
3 4719	4729	1413	
3 1421	4760	4759	
3 4773	1426	4768	
3 4789	1437	4796	
3 4695	1399	4691	
3 4745	1422	4734	
3 1443	4762	4769	
3 1427	4738	4747	
3 1429	1424	1431	
3 4770	1440	4794	
3 1431	1419	1	
3 1432	4774	4776	
3 4733	1414	4724	
3 1414	4736	4732	
3 4751	4754	1423	
3 4734	4750	4735	
3 1429	1431	1	
3 4755	4749	4763	
3 1431	4778	4776	
3 1431	4776	4775	
3 1432	4778	4781	
3 4762	4780	1437	
3 4756	1417	4728	
3 1430	4767	4785	
3 4763	4757	4764	
3 1430	4785	1408	
3 4788	1444	4766	
3 1435	1441	1445	
3 1442	1436	1446	
3 4730	4744	1418	
3 1438	4774	4777	
3 1443	4761	4762	
3 4740	4756	4757	
3 1439	4767	4755	
3 1416	4753	4766	
3 4756	1440	4757	
3 1448	4793	4798	
3 1445	1441	314	
3 314	315	1442	
3 4748	1420	4742	
3 1425	4771	4788	
3 4792	4797	4801	
3 1454	4811	1457	
3 4817	1451	4809	
3 1456	1458	313	
3 4791	1398	4782	
3 4800	4797	4788	
3 4801	1447	4792	
3 4765	4771	4752	
3 4816	4810	314	
3 4789	1449	4769	
3 4810	4803	1451	
3 4800	4808	1450	
3 4804	4811	1454	
3 4799	1449	4789	
3 1435	1445	4818	
3 1448	4798	4803	
3 1446	4815	4816	
3 4804	1454	4805	
3 1457	1456	1453	
3 4812	1398	4795	
3 1454	1457	1453	
3 1451	4802	4809	
3 1459	1458	1456	
3 1459	1446	1436	
3 1446	1459	1457	
3 1459	1456	1457	
3 1436	1458	1459	
3 1461	1513	1516	
3 1513	103	1509	
3 1460	103	1461	
3 1461	330	1462	
3 330	1520	1522	
3 1522	1462	330	
3 317	1539	1555	
3 181	180	1465	
3 1463	105	1464	
3 1866	1841	177	
3 1870	1466	338	
3 318	1772	1774	
3 1467	257	1501	
3 1469	1467	319	
3 1470	1469	319	
3 1471	1468	1467	
3 1471	1469	344	
3 1472	1470	319	
3 1470	669	1473	
3 1474	1471	344	
3 1471	258	1468	
3 1493	1472	319	
3 1482	1481	1472	
3 1475	1473	669	
3 1476	1473	343	
3 1476	344	1473	
3 258	1474	259	
3 1477	1475	669	
3 1478	1475	710	
3 1490	1479	343	
3 1474	344	1476	
3 1481	1477	669	
3 1485	1477	761	
3 1488	1478	710	
3 1490	511	1479	
3 511	3107	1479	
3 3110	1480	3109	
3 1476	1480	1474	
3 1479	3107	3109	
3 669	1472	1481	
3 1482	1472	711	
3 1483	1482	711	
3 761	1481	1482	
3 1483	711	3387	
3 1492	1496	1491	
3 1491	1483	796	
3 1486	797	1487	
3 1486	1485	761	
3 1485	1486	1487	
3 761	1484	1486	
3 1491	1484	1483	
3 797	1494	1487	
3 1489	1488	1487	
3 710	1487	1488	
3 1487	1494	1489	
3 760	905	1489	
3 3100	3099	905	
3 1478	584	1490	
3 1490	584	1991	
3 1491	796	1492	
3 1486	1484	1491	
3 1492	796	3506	
3 1495	797	1497	
3 345	1493	319	
3 1493	513	3387	
3 1495	1494	797	
3 1489	1494	760	
3 797	1496	1497	
3 3102	760	3529	
3 1491	1496	1486	
3 1496	1492	1497	
3 1498	1497	1492	
3 851	1495	1497	
3 3506	1498	1492	
3 959	3657	3507	
3 1500	1519	1529	
3 1518	1516	1517	
3 1532	1500	1529	
3 317	1521	1523	
3 513	1493	2079	
3 1467	1501	345	
3 1505	101	100	
3 1502	1503	1504	
3 1502	101	1503	
3 468	1506	1504	
3 1506	383	1524	
3 1549	99	98	
3 1503	1507	468	
3 1508	1506	468	
3 1513	1524	383	
3 1510	1507	1505	
3 1515	1508	1511	
3 1511	468	1507	
3 1508	552	1512	
3 383	1516	1513	
3 1524	102	1504	
3 1505	1514	1510	
3 1510	1514	1526	
3 1510	1511	1507	
3 1527	1511	1510	
3 1531	1512	552	
3 1517	1512	1499	
3 1461	103	1513	
3 1541	1505	100	
3 1514	385	1526	
3 1527	1515	1511	
3 1530	1533	1527	
3 1517	1516	383	
3 330	1461	1516	
3 1512	1517	383	
3 1518	1517	1499	
3 1519	1518	1499	
3 1516	1518	330	
3 1529	1519	1499	
3 1521	1520	1519	
3 1521	1519	1500	
3 1520	1521	1522	
3 1523	1521	1500	
3 1522	1521	317	
3 1555	1522	317	
3 1462	1522	1463	
3 1536	1523	1500	
3 1547	1539	1523	
3 1513	1509	1524	
3 1524	1509	102	
3 99	1540	1525	
3 1514	1505	1541	
3 1542	1526	385	
3 1526	1542	1543	
3 1530	1527	384	
3 1533	1515	1527	
3 1535	1537	1545	
3 552	1534	1531	
3 1499	1512	1531	
3 1529	469	1532	
3 1526	1543	384	
3 1530	1543	1552	
3 1534	552	1528	
3 469	1529	1531	
3 1535	1532	469	
3 1523	1536	721	
3 1544	1533	1530	
3 1528	1515	1533	
3 1535	1545	907	
3 469	1531	1534	
3 1537	469	1534	
3 1546	1538	1535	
3 1500	1532	1536	
3 1538	1532	1535	
3 1534	1528	1537	
3 611	1537	1528	
3 1546	1535	907	
3 721	1536	1538	
3 1548	1539	677	
3 317	1523	1539	
3 1540	1549	1550	
3 1525	1540	1541	
3 385	1541	1540	
3 1550	1542	385	
3 1542	1550	1551	
3 1552	1543	678	
3 1530	384	1543	
3 1530	1552	1553	
3 1528	1544	611	
3 1537	611	1545	
3 1545	611	1606	
3 907	1605	1546	
3 1546	1605	1627	
3 721	769	1547	
3 1547	769	1561	
3 1554	1548	677	
3 1548	382	1555	
3 1549	98	2452	
3 331	1551	1550	
3 1540	1550	385	
3 1549	331	1550	
3 1556	1551	331	
3 1551	1556	1557	
3 1557	1552	678	
3 1552	875	1553	
3 611	1544	1553	
3 1553	1544	1530	
3 1558	1554	677	
3 1554	329	1559	
3 1560	1555	382	
3 1522	1555	1463	
3 1619	331	386	
3 1621	1556	1619	
3 1623	1557	722	
3 1552	1557	875	
3 1561	1558	677	
3 1558	720	1562	
3 1567	1563	329	
3 1568	105	1560	
3 1560	382	1564	
3 105	1463	1560	
3 1547	1561	677	
3 1561	769	1565	
3 1566	1562	720	
3 1562	1566	1567	
3 1585	379	1581	
3 1564	1569	106	
3 382	1559	1564	
3 1563	1564	1559	
3 1570	1565	769	
3 720	1565	1571	
3 1571	1566	720	
3 1566	1571	1572	
3 1573	1567	675	
3 1563	1567	379	
3 1585	1569	1563	
3 1564	106	1568	
3 107	106	1569	
3 1570	769	1627	
3 1577	768	1607	
3 1565	1570	1571	
3 1571	1570	1607	
3 1574	1572	768	
3 1572	1574	1575	
3 1575	1573	675	
3 1576	1573	328	
3 1577	1574	768	
3 718	1574	1578	
3 1579	1575	718	
3 1573	1575	328	
3 1583	1580	328	
3 1584	107	1585	
3 1571	1607	768	
3 1596	1592	766	
3 1574	1577	1578	
3 1596	1578	1577	
3 1582	1579	718	
3 1579	1582	1583	
3 1600	381	1595	
3 1581	1586	108	
3 379	1576	1581	
3 1580	1581	1576	
3 1578	1582	718	
3 1582	1578	1587	
3 1588	1583	676	
3 1580	1583	381	
3 1569	1585	107	
3 1581	108	1584	
3 1563	379	1585	
3 1600	1586	1580	
3 109	108	1586	
3 766	1589	1587	
3 1587	1589	1593	
3 1590	1588	676	
3 1588	1590	1591	
3 1592	1589	766	
3 1593	719	1598	
3 676	1587	1593	
3 1590	1593	1598	
3 1603	1594	380	
3 1599	109	1600	
3 1578	1596	766	
3 1592	802	1597	
3 719	1593	1589	
3 676	1593	1590	
3 2579	2581	464	
3 110	1594	111	
3 381	1591	1595	
3 1594	1595	1591	
3 1577	832	1596	
3 1592	1601	802	
3 1608	1597	802	
3 1608	1604	1597	
3 719	1602	1598	
3 1598	1602	1603	
3 1586	1600	109	
3 1595	110	1599	
3 1580	381	1600	
3 832	1611	1596	
3 1617	835	1609	
3 1602	719	1597	
3 1603	1602	551	
3 1612	1603	551	
3 1594	1603	464	
3 1613	1604	767	
3 551	1602	1604	
3 1626	1605	907	
3 1605	803	1627	
3 875	1623	1625	
3 876	1618	1606	
3 1570	980	1607	
3 3367	1607	980	
3 1609	1608	802	
3 1608	1609	1610	
3 1601	1614	802	
3 1611	1601	1596	
3 1609	835	1610	
3 1610	1629	1616	
3 1628	1611	832	
3 802	1614	1609	
3 1612	551	1615	
3 2582	375	2577	
3 1616	767	1610	
3 1613	717	1615	
3 1601	1611	1614	
3 1614	1611	1617	
3 1615	551	1604	
3 2543	717	2540	
3 1629	1610	835	
3 1616	811	813	
3 1628	1617	1611	
3 1631	3368	915	
3 946	1618	876	
3 907	1545	1618	
3 386	2458	1620	
3 1619	1620	1621	
3 470	2457	2464	
3 1621	1620	554	
3 2476	554	2468	
3 722	1556	1621	
3 1624	1622	929	
3 722	1621	1622	
3 722	1622	1624	
3 1623	1624	1625	
3 929	877	1624	
3 1624	877	1625	
3 1625	877	3631	
3 1606	875	1625	
3 1618	1626	907	
3 1626	946	1630	
3 1627	803	3366	
3 769	721	1627	
3 1628	832	3438	
3 1617	1628	1020	
3 1631	1629	835	
3 811	1616	1629	
3 1632	1630	946	
3 1630	1632	1633	
3 3368	835	1617	
3 3508	836	813	
3 946	3632	1632	
3 1632	3632	3703	
3 960	1633	1632	
3 1633	3437	3366	
3 30	29	1634	
3 1636	1634	29	
3 364	1705	1704	
3 1686	1685	324	
3 28	1636	29	
3 1705	1636	316	
3 1638	1637	28	
3 1639	1637	869	
3 1640	869	870	
3 1637	1638	869	
3 1641	1639	1640	
3 3756	870	1025	
3 1641	1640	716	
3 716	765	1707	
3 316	1639	1641	
3 2729	2731	2737	
3 1642	2738	1644	
3 1644	332	1645	
3 1646	1643	1642	
3 1646	1644	391	
3 332	1648	1645	
3 1645	1648	1650	
3 1647	1646	391	
3 1646	220	1643	
3 1647	2646	2645	
3 220	1647	221	
3 1649	1648	332	
3 1648	979	1650	
3 2733	2735	392	
3 1649	565	3369	
3 3439	1650	979	
3 3223	3218	3221	
3 1677	1683	361	
3 1651	323	1664	
3 1653	1654	1655	
3 1651	33	1652	
3 1653	2821	2820	
3 1656	199	1657	
3 2820	1654	1653	
3 1658	1655	397	
3 2880	199	2876	
3 1655	200	1656	
3 2884	1657	2880	
3 2884	492	2885	
3 1658	333	2821	
3 3371	1659	571	
3 333	1658	1659	
3 1651	1660	33	
3 1661	1660	363	
3 363	1662	1661	
3 362	442	1709	
3 1663	1662	363	
3 362	1661	1662	
3 1664	1663	363	
3 1663	672	1665	
3 1651	1664	363	
3 1664	323	1666	
3 1667	1665	672	
3 1665	1667	1668	
3 1669	1666	323	
3 1666	1669	1670	
3 1670	1667	672	
3 762	714	1667	
3 714	1671	1668	
3 1668	1671	1672	
3 1673	1669	323	
3 1669	1673	1674	
3 1675	1670	713	
3 1667	1670	762	
3 1676	1671	714	
3 1672	1671	534	
3 1710	1672	534	
3 442	362	1672	
3 1677	1673	323	
3 1673	1677	1678	
3 1679	1674	671	
3 1674	1679	1680	
3 1674	1680	713	
3 1681	831	762	
3 798	1676	714	
3 1671	1682	534	
3 323	1651	1677	
3 1683	1677	1651	
3 1685	1678	361	
3 1678	1685	1686	
3 1686	1679	671	
3 1687	1679	715	
3 1681	1675	1688	
3 1675	713	1680	
3 1680	1688	1675	
3 1688	1680	764	
3 1676	763	1682	
3 1689	763	712	
3 1651	32	1683	
3 1684	32	31	
3 361	1683	1684	
3 32	1684	1683	
3 1690	361	1684	
3 1704	1685	1635	
3 1691	1686	324	
3 1679	1686	715	
3 1692	1687	715	
3 1687	1692	1699	
3 764	1687	1699	
3 1703	1688	1700	
3 322	1713	1716	
3 1713	357	1710	
3 1635	1685	1690	
3 361	1690	1685	
3 1701	1691	324	
3 1693	1691	673	
3 1693	1692	715	
3 1694	1692	1693	
3 1691	1693	715	
3 673	1706	1707	
3 1696	765	1695	
3 799	1692	1694	
3 1719	765	716	
3 1697	1696	1695	
3 1697	1695	801	
3 1696	1697	1698	
3 3658	3509	1024	
3 1696	1698	799	
3 1697	1702	1698	
3 1703	1700	1702	
3 799	1698	1699	
3 764	1700	1688	
3 1699	1698	1700	
3 1700	1698	1702	
3 1704	1701	324	
3 1701	1704	1705	
3 1711	1702	1697	
3 1702	800	1703	
3 1703	800	1712	
3 1681	1688	1703	
3 1685	1704	324	
3 364	1704	1635	
3 1636	1705	364	
3 1706	1705	316	
3 316	1641	1706	
3 1707	765	1693	
3 1706	1641	1707	
3 716	1707	1641	
3 362	1709	1661	
3 1709	1708	1661	
3 442	1724	1709	
3 1713	534	1689	
3 1710	357	1726	
3 801	1711	1697	
3 1702	1714	800	
3 1714	1717	1718	
3 1718	1712	800	
3 534	1713	1710	
3 1716	1713	1689	
3 982	1717	1711	
3 1714	1711	1717	
3 3510	1715	852	
3 831	3511	798	
3 1689	712	1716	
3 1943	1720	712	
3 1721	1717	982	
3 1718	852	1715	
3 1714	1718	800	
3 1718	1717	1721	
3 1722	1719	716	
3 801	1695	1719	
3 1937	1720	777	
3 1947	1720	670	
3 3509	3658	982	
3 1721	3512	3513	
3 1640	1722	716	
3 3659	1000	1024	
3 35	1709	1724	
3 1723	1724	1725	
3 1723	35	1724	
3 442	1726	1725	
3 357	1728	1729	
3 1710	1726	442	
3 1729	1728	1727	
3 1728	37	1727	
3 36	1725	1729	
3 357	322	1728	
3 1942	1731	322	
3 357	1729	1726	
3 1731	1730	38	
3 1732	1730	360	
3 37	1731	38	
3 322	1731	1728	
3 1936	1732	360	
3 1925	1836	359	
3 1733	185	1768	
3 1735	1733	335	
3 1736	1735	335	
3 1737	1734	1733	
3 1737	1735	403	
3 1738	1736	335	
3 1736	680	1739	
3 1740	1737	403	
3 1737	186	1734	
3 1741	1738	335	
3 1738	726	1742	
3 1743	1739	680	
3 1744	1739	402	
3 1744	403	1739	
3 186	1740	187	
3 1745	1741	335	
3 1741	681	1746	
3 1747	1742	726	
3 1742	1747	1748	
3 1748	1743	680	
3 1749	1743	724	
3 1788	1750	402	
3 1740	403	1744	
3 1733	1745	335	
3 1745	404	1751	
3 1752	1746	681	
3 1746	1752	1753	
3 1746	1753	726	
3 1760	1753	773	
3 1755	1748	772	
3 1743	1748	724	
3 1786	1749	724	
3 1788	496	1750	
3 496	3042	1750	
3 3045	1756	3044	
3 1757	1751	404	
3 1758	1751	336	
3 1758	1752	681	
3 1759	1752	725	
3 1760	1754	1747	
3 1747	726	1753	
3 772	1747	1754	
3 1760	1747	1753	
3 1761	1755	772	
3 1755	1761	1762	
3 1744	1756	1740	
3 1750	3042	3044	
3 404	1763	1757	
3 1769	1763	184	
3 1765	1758	336	
3 1752	1758	725	
3 725	1765	1771	
3 1759	725	1766	
3 1760	773	1767	
3 833	1754	1760	
3 772	1754	1761	
3 1789	1761	1754	
3 805	1790	1762	
3 1790	1792	1762	
3 1768	1763	404	
3 1769	1764	1757	
3 1769	1757	1763	
3 1764	1769	1781	
3 1770	1765	336	
3 1771	1765	668	
3 1783	1784	1785	
3 1785	771	1783	
3 1767	981	3373	
3 773	1759	1767	
3 1733	1768	404	
3 184	1768	185	
3 184	183	1769	
3 1781	1769	183	
3 1764	1770	336	
3 1772	1770	337	
3 1771	668	1773	
3 1766	725	1771	
3 1774	1772	337	
3 1775	1772	318	
3 1775	668	1772	
3 1773	1775	1779	
3 1777	1774	337	
3 1466	318	1774	
3 1775	318	1778	
3 1773	668	1775	
3 1780	1776	709	
3 771	1773	1776	
3 1781	1777	337	
3 1784	1780	804	
3 1859	1870	338	
3 1778	1869	1811	
3 1778	1779	1775	
3 709	1776	1779	
3 1819	1816	908	
3 1784	1783	1780	
3 1764	1781	337	
3 182	1781	183	
3 181	1466	1782	
3 1777	1466	1774	
3 1766	771	1785	
3 1812	1784	804	
3 1785	981	1767	
3 981	1785	1784	
3 1767	1766	1785	
3 1792	724	1762	
3 1786	1792	1787	
3 1794	1787	770	
3 1787	1794	1795	
3 1749	572	1788	
3 572	2258	2259	
3 833	3548	1813	
3 1789	1813	1791	
3 1791	1790	805	
3 1792	1790	770	
3 1789	1791	805	
3 1790	1793	770	
3 1787	1792	770	
3 1792	1786	724	
3 838	1797	1791	
3 1793	1797	1796	
3 1796	770	1793	
3 1794	1796	1798	
3 2933	723	1803	
3 334	2257	2258	
3 1793	1791	1797	
3 1794	1798	723	
3 1799	1797	838	
3 1797	1799	1800	
3 1797	1800	1796	
3 1798	1800	1802	
3 3374	1799	838	
3 3375	1799	917	
3 1802	1800	818	
3 1798	1796	1800	
3 723	1798	1801	
3 1801	1798	1802	
3 818	820	1802	
3 1802	820	1804	
3 1803	787	2924	
3 2932	679	2928	
3 787	1801	1804	
3 1802	1804	1801	
3 820	1806	1807	
3 1805	819	2923	
3 820	3376	1806	
3 1806	3376	3442	
3 820	1807	1805	
3 1806	821	1808	
3 1809	1808	821	
3 2925	788	2918	
3 1810	1809	821	
3 2919	822	2916	
3 1814	1810	821	
3 1810	840	1815	
3 1816	1811	498	
3 1811	1816	1819	
3 804	1824	1832	
3 1812	3378	3443	
3 833	1813	1789	
3 1021	3533	3374	
3 1806	3442	821	
3 1822	1817	1814	
3 840	1823	1818	
3 789	822	1815	
3 498	1820	1816	
3 1816	1820	1821	
3 1822	1814	918	
3 1822	1827	1817	
3 1818	854	2934	
3 789	1815	1818	
3 1780	709	1819	
3 1811	1819	709	
3 1852	573	1862	
3 1821	1820	626	
3 1834	1821	626	
3 908	1831	1829	
3 1826	1822	918	
3 1823	840	1827	
3 840	1817	1827	
3 1823	1827	1830	
3 1829	1824	908	
3 804	1780	1824	
3 1851	1844	1847	
3 1825	1857	1860	
3 3684	918	3587	
3 3680	3682	3633	
3 1830	1827	1833	
3 1822	1833	1827	
3 3679	3546	1828	
3 2935	1828	865	
3 908	1821	1831	
3 1829	947	1832	
3 868	1828	1830	
3 1828	1823	1830	
3 1834	1831	1821	
3 1831	879	3446	
3 3448	3452	947	
3 804	1832	3378	
3 1826	1833	1822	
3 868	1830	1833	
3 1878	626	1864	
3 878	1886	1878	
3 40	39	1836	
3 1837	1835	444	
3 359	1836	1732	
3 444	1835	1836	
3 1923	1837	444	
3 1910	1919	358	
3 1841	1877	177	
3 1838	1839	1840	
3 1838	178	1839	
3 497	1842	1840	
3 405	1849	1854	
3 1871	176	175	
3 1839	1843	497	
3 1844	1842	497	
3 1854	1849	1845	
3 1846	1843	1841	
3 1844	1851	573	
3 1847	497	1843	
3 1844	573	1848	
3 1849	180	1845	
3 179	1840	1854	
3 1841	1850	1846	
3 1846	1850	1856	
3 1846	1847	1843	
3 1847	1857	1851	
3 573	1858	1862	
3 1848	573	1852	
3 1853	1849	405	
3 1465	180	1849	
3 1850	407	1856	
3 1847	1846	1857	
3 1858	1851	1825	
3 1852	1869	1859	
3 405	1859	1853	
3 405	1848	1859	
3 1465	1853	338	
3 1840	1842	1854	
3 405	1854	1842	
3 176	1865	1855	
3 1850	1841	1866	
3 1867	1856	407	
3 1856	1867	1868	
3 1860	1857	406	
3 1825	1851	1857	
3 1861	1858	1825	
3 1862	1820	498	
3 1869	1852	498	
3 1859	1869	1870	
3 1856	1868	406	
3 1874	878	1864	
3 1863	1861	1825	
3 626	1820	1861	
3 1862	1858	1861	
3 498	1852	1862	
3 1825	1860	1863	
3 1864	878	1878	
3 1863	1860	1864	
3 1860	1868	1874	
3 1865	1871	1872	
3 1855	1865	1866	
3 407	1866	1865	
3 1872	1867	407	
3 1867	1872	1873	
3 1874	1868	682	
3 1860	406	1868	
3 1811	1869	498	
3 1870	1869	1778	
3 1778	318	1870	
3 1466	1870	318	
3 2972	2975	2992	
3 339	1873	1872	
3 1865	1872	407	
3 2993	1872	1871	
3 1875	1873	339	
3 1873	1875	1876	
3 1874	682	1876	
3 1860	1874	1864	
3 339	2993	1880	
3 1882	1875	1880	
3 1884	1876	727	
3 1874	1876	878	
3 1876	1884	878	
3 1841	178	1877	
3 626	1878	1834	
3 1887	1888	1879	
3 1834	1878	1879	
3 408	2975	1881	
3 1880	1881	1882	
3 499	2974	2982	
3 1882	1881	575	
3 2998	575	2986	
3 727	1875	1882	
3 1885	1883	930	
3 727	1882	1883	
3 1883	1885	727	
3 878	1884	1886	
3 930	880	1885	
3 1887	1879	1886	
3 1884	1885	1886	
3 1887	880	1888	
3 1886	1885	1887	
3 1885	880	1887	
3 1888	3444	3380	
3 3381	3379	1888	
3 1892	1890	44	
3 1889	1890	1891	
3 1889	44	1890	
3 437	1894	1891	
3 1891	1894	1899	
3 43	1896	1895	
3 1892	1895	1896	
3 1897	1893	529	
3 437	1890	1893	
3 1902	437	1893	
3 1894	353	1899	
3 1900	1896	43	
3 1892	44	1895	
3 1896	1900	1904	
3 1904	529	1896	
3 597	1898	1902	
3 597	530	1898	
3 1906	1903	1898	
3 1914	1899	353	
3 46	45	1899	
3 43	42	1900	
3 1915	1900	42	
3 1901	1910	1907	
3 1897	1905	597	
3 597	1902	1897	
3 1898	437	1902	
3 1906	1898	530	
3 1903	1906	1909	
3 443	1904	1900	
3 1901	529	1904	
3 1901	1907	1905	
3 1912	1908	1911	
3 1920	1906	530	
3 1903	1909	353	
3 1910	1901	443	
3 1911	1908	597	
3 1954	1908	640	
3 530	597	1908	
3 1916	1909	1906	
3 353	1917	1914	
3 1919	1910	443	
3 358	1922	1921	
3 1907	705	1911	
3 1908	1912	640	
3 1911	705	1912	
3 1913	1912	705	
3 1931	756	1927	
3 1935	1913	1931	
3 1917	353	1909	
3 1917	1918	1914	
3 42	1837	1915	
3 1919	1837	358	
3 1920	1916	1906	
3 1958	1964	533	
3 1909	321	1917	
3 1918	1917	321	
3 321	356	1918	
3 1918	356	1956	
3 443	1915	1919	
3 1837	1919	1915	
3 1920	530	1954	
3 1916	1920	985	
3 705	1910	1921	
3 358	1921	1910	
3 1923	1922	358	
3 1924	1922	687	
3 1837	1923	358	
3 1925	1923	444	
3 1926	1924	687	
3 1927	1924	795	
3 1836	1925	444	
3 1928	1925	359	
3 1928	1926	687	
3 1929	1926	734	
3 1930	1927	795	
3 756	1931	1913	
3 1932	1928	359	
3 1926	1928	734	
3 1933	1929	734	
3 1934	1929	828	
3 1934	795	1929	
3 1949	1930	1951	
3 1930	1931	1927	
3 1935	1931	845	
3 1936	1932	359	
3 1937	1932	670	
3 1937	734	1932	
3 1938	1933	777	
3 828	1940	1946	
3 1930	795	1934	
3 1953	845	1949	
3 640	1913	1935	
3 1732	1936	359	
3 1942	1936	360	
3 1937	670	1720	
3 1933	734	1937	
3 1939	1938	777	
3 1938	1939	1940	
3 1943	777	1720	
3 1939	777	1943	
3 1945	1940	829	
3 1946	1934	828	
3 1941	858	3578	
3 640	1935	1941	
3 1731	1942	360	
3 1947	322	1716	
3 712	763	1950	
3 829	1944	808	
3 1939	1943	1944	
3 1943	712	1950	
3 3384	829	808	
3 3514	1945	846	
3 1940	1945	1946	
3 830	1946	1945	
3 670	1942	1947	
3 322	1947	1942	
3 1916	985	1948	
3 1971	985	866	
3 1949	830	1952	
3 845	1930	1949	
3 834	1950	763	
3 808	1944	1950	
3 1934	1951	1930	
3 830	1951	1946	
3 830	1945	3514	
3 858	1941	1952	
3 1949	1952	1953	
3 1952	1941	1953	
3 1941	1954	640	
3 1954	923	1955	
3 985	1920	1955	
3 1954	1955	1920	
3 1918	1956	47	
3 1957	1956	356	
3 1958	1957	356	
3 1963	1960	1959	
3 1964	1958	356	
3 533	1968	1965	
3 1960	49	1959	
3 1963	48	1957	
3 441	1961	1960	
3 1966	3302	1962	
3 1961	1966	1962	
3 1960	1961	1962	
3 1961	355	1966	
3 1960	1963	441	
3 48	1963	1959	
3 321	1964	356	
3 533	1964	1948	
3 355	1961	1965	
3 1965	1961	441	
3 1967	1966	355	
3 3302	1966	532	
3 1969	1967	355	
3 1970	440	3304	
3 1971	1968	533	
3 1968	847	1969	
3 1968	1969	355	
3 1973	1969	847	
3 1967	599	1970	
3 1972	354	1979	
3 1948	1971	533	
3 3537	3580	866	
3 1970	599	1972	
3 1973	1976	599	
3 1975	1973	847	
3 859	3459	1976	
3 354	1972	1974	
3 1976	1972	599	
3 3604	866	3580	
3 3604	3603	1975	
3 859	1976	1973	
3 924	1974	1976	
3 52	51	1977	
3 51	3301	3303	
3 440	1979	1978	
3 354	439	1981	
3 1972	1979	440	
3 354	1978	1979	
3 354	1981	1978	
3 1981	1980	1978	
3 1982	1981	439	
3 1983	1982	439	
3 1984	53	1982	
3 3299	1983	439	
3 531	3294	3295	
3 1985	1986	1987	
3 1983	1984	1982	
3 1985	3097	3096	
3 1988	261	1989	
3 3096	1986	1985	
3 1990	1987	417	
3 511	3108	3107	
3 1987	262	1988	
3 511	417	1989	
3 417	1490	1991	
3 1990	342	3097	
3 1489	1991	584	
3 342	1990	1991	
3 3061	3063	3070	
3 1994	1992	341	
3 1994	341	1995	
3 1996	1993	1992	
3 1996	1994	413	
3 1998	1995	341	
3 1995	1998	1999	
3 1997	1996	413	
3 1996	270	1993	
3 1997	3078	3076	
3 270	1997	271	
3 3072	1992	3069	
3 1998	3073	3071	
3 1998	874	1999	
3 3085	850	3084	
3 2001	2000	252	
3 2002	2000	420	
3 2004	2003	251	
3 346	2008	2001	
3 2011	2017	420	
3 512	2069	2073	
3 2005	2004	251	
3 2001	252	2003	
3 346	2004	421	
3 250	2007	2006	
3 2005	2006	2007	
3 3134	3114	247	
3 2005	251	2006	
3 3130	2007	514	
3 2009	2008	346	
3 420	2001	2008	
3 2010	2009	346	
3 2009	683	2011	
3 346	421	2024	
3 2009	2012	683	
3 2016	2011	683	
3 2011	2016	2017	
3 728	2013	2010	
3 2012	2010	2013	
3 2015	2013	728	
3 2013	2015	2014	
3 2014	2019	2018	
3 683	2012	2014	
3 728	3386	2025	
3 2015	2025	2026	
3 2014	2018	683	
3 2016	683	2018	
3 419	2002	2017	
3 2002	420	2017	
3 2019	2014	881	
3 2016	2020	419	
3 2021	2019	881	
3 2020	2019	633	
3 2019	2020	2018	
3 2020	2023	2022	
3 2026	881	2015	
3 2027	906	2028	
3 2022	585	2074	
3 419	2020	2022	
3 2023	633	2028	
3 585	2022	2023	
3 3130	3121	3124	
3 2024	587	3386	
3 931	883	2025	
3 2026	2025	883	
3 2026	883	3634	
3 2021	881	2026	
3 2021	882	2027	
3 945	2027	882	
3 2027	2028	633	
3 3387	2028	906	
3 58	2031	2033	
3 2030	2029	426	
3 2050	2030	426	
3 425	2116	2109	
3 2034	2032	57	
3 2031	2032	2033	
3 2031	57	2032	
3 2036	2033	520	
3 2029	58	2033	
3 56	2038	2037	
3 2034	2037	2038	
3 2039	2035	590	
3 520	2032	2035	
3 2043	520	2035	
3 2029	2036	426	
3 2041	56	55	
3 2034	57	2037	
3 2045	2042	590	
3 2042	2039	590	
3 637	2040	2043	
3 637	591	2040	
3 2047	2044	2040	
3 3294	2041	55	
3 2042	2045	3298	
3 590	2038	2045	
3 438	2048	2042	
3 637	2043	2039	
3 2040	520	2043	
3 2047	2040	591	
3 2044	2047	2050	
3 2038	2041	2045	
3 2041	3296	3298	
3 2048	2046	2042	
3 2048	2052	2046	
3 2047	591	2056	
3 2044	2050	426	
3 438	3297	2051	
3 2049	637	2052	
3 2061	2049	659	
3 591	637	2049	
3 2055	2050	2047	
3 2030	2050	348	
3 2051	2057	2054	
3 2053	2049	2052	
3 2048	2051	2052	
3 2049	2053	659	
3 2052	2051	2053	
3 2054	2053	2051	
3 2057	2051	598	
3 2054	2057	2058	
3 2056	2055	2047	
3 2059	684	2109	
3 2061	2056	591	
3 2056	2061	2062	
3 3300	2063	598	
3 2058	2057	953	
3 3388	2058	953	
3 3391	2058	969	
3 2055	729	2059	
3 2060	884	2064	
3 2059	729	2060	
3 2065	2060	729	
3 3391	659	2058	
3 932	2062	2061	
3 932	2066	2062	
3 2067	2065	2066	
3 3393	2063	924	
3 953	2057	2063	
3 636	2115	2118	
3 424	2106	2102	
3 729	2062	2065	
3 2065	2062	2066	
3 3458	932	3392	
3 2066	885	2067	
3 3635	2067	885	
3 2119	2067	886	
3 254	2071	2069	
3 2068	2069	2070	
3 2068	254	2069	
3 512	2072	2070	
3 418	2078	2081	
3 253	2071	254	
3 2002	419	2073	
3 2074	2072	512	
3 2081	2078	2075	
3 2002	2073	2071	
3 2076	419	2022	
3 2074	512	2076	
3 2074	585	2077	
3 2078	256	2075	
3 255	2070	2081	
3 2074	2076	2022	
3 512	2073	2076	
3 513	2079	585	
3 585	2079	2077	
3 2080	2078	418	
3 1501	256	2078	
3 2080	2082	345	
3 418	2077	2082	
3 1501	2080	345	
3 2070	2072	2081	
3 418	2081	2072	
3 2079	1493	2082	
3 1493	345	2082	
3 2086	62	61	
3 2083	2084	2085	
3 2083	62	2084	
3 518	2087	2085	
3 423	2094	2099	
3 61	2100	2095	
3 2084	2088	518	
3 2089	2087	518	
3 2099	2094	2090	
3 2091	2088	2086	
3 2096	2089	2092	
3 2092	518	2088	
3 2089	589	2093	
3 2094	64	2090	
3 63	2085	2099	
3 2086	2095	2091	
3 2091	2095	2101	
3 2091	2092	2088	
3 2102	2092	2091	
3 519	2097	589	
3 2093	589	2097	
3 423	2098	2094	
3 347	2113	2114	
3 2095	425	2101	
3 2096	2092	2102	
3 2106	2107	2102	
3 2097	2111	2104	
3 423	2104	2098	
3 423	2093	2104	
3 2114	2113	2105	
3 2085	2087	2099	
3 423	2099	2087	
3 61	60	2100	
3 2108	60	2030	
3 2109	2101	425	
3 2101	2109	2110	
3 424	2101	2110	
3 2103	2107	2115	
3 2121	2103	636	
3 519	589	2103	
3 2111	2097	519	
3 347	2104	2112	
3 2113	65	2105	
3 64	2094	2114	
3 2064	2118	2115	
3 2102	2107	2096	
3 2115	2107	2106	
3 2103	2096	2107	
3 2116	2030	348	
3 425	2100	2108	
3 2116	425	2108	
3 2059	2109	348	
3 2064	2110	684	
3 2106	424	2110	
3 2117	2111	519	
3 2112	320	2113	
3 2104	2111	2112	
3 2111	2117	2120	
3 2112	2113	347	
3 320	352	2213	
3 347	2114	2098	
3 2064	2115	2106	
3 2103	2115	636	
3 2030	2116	2108	
3 348	2109	2116	
3 2117	519	2121	
3 2120	320	2112	
3 2064	884	2118	
3 884	2067	2119	
3 636	2118	2119	
3 884	2119	2118	
3 2117	975	2120	
3 775	3395	975	
3 2119	2121	636	
3 2121	933	2122	
3 2122	933	3394	
3 975	2117	2122	
3 320	2120	2123	
3 975	2123	2120	
3 2124	2125	2126	
3 2128	236	235	
3 2125	2128	2129	
3 2125	476	2126	
3 2131	475	2134	
3 2134	2126	476	
3 475	2139	3364	
3 3252	3255	3276	
3 2125	2129	476	
3 3273	2129	2128	
3 2130	694	2131	
3 2129	388	2130	
3 2132	2130	388	
3 2133	2131	694	
3 3364	2134	475	
3 2135	2132	388	
3 2136	744	784	
3 694	2136	2138	
3 2137	2133	743	
3 2126	2134	2127	
3 476	2131	2134	
3 3270	477	3264	
3 3432	2135	617	
3 694	2132	2136	
3 744	2136	2132	
3 2147	2137	743	
3 3365	2141	558	
3 2140	2138	784	
3 743	2133	2138	
3 475	2137	2139	
3 648	2139	2137	
3 2142	2140	784	
3 2143	2140	827	
3 2139	648	2141	
3 558	2144	474	
3 2145	2142	784	
3 2155	2146	2150	
3 2157	2143	827	
3 794	2148	2147	
3 2141	648	2144	
3 2144	648	2148	
3 784	744	2145	
3 744	3432	3475	
3 2151	2146	920	
3 827	2142	2146	
3 743	2143	2147	
3 794	2147	2143	
3 2152	2148	794	
3 2148	755	2149	
3 755	793	3199	
3 474	2144	2149	
3 2145	816	2150	
3 2150	816	2155	
3 2156	2151	920	
3 844	2153	2157	
3 2157	794	2143	
3 2152	2153	2154	
3 844	826	2153	
3 2154	2153	826	
3 3203	3202	2154	
3 793	755	2154	
3 2158	2155	816	
3 2155	2158	2159	
3 2159	920	2155	
3 2156	951	3396	
3 794	2157	2153	
3 827	2151	2157	
3 3476	816	3475	
3 3499	2158	3491	
3 2159	962	3515	
3 2156	920	2159	
3 2286	2289	2306	
3 2160	2307	2162	
3 2163	2162	349	
3 2164	2161	2160	
3 2164	2162	429	
3 2165	2163	349	
3 2163	685	2166	
3 2167	2164	429	
3 2164	82	2161	
3 2196	2165	349	
3 2176	2175	2165	
3 2168	2166	685	
3 2169	2166	428	
3 2169	429	2166	
3 2164	2170	82	
3 2171	2168	685	
3 2172	2168	730	
3 2184	2173	428	
3 2167	429	2169	
3 2175	2171	685	
3 2167	83	2170	
3 2179	2171	774	
3 2182	2172	730	
3 2184	592	2173	
3 592	3353	2173	
3 3356	2174	3355	
3 2169	2174	2167	
3 2173	3353	3355	
3 685	2165	2175	
3 2176	2165	731	
3 2177	2176	731	
3 774	2175	2176	
3 2177	731	2303	
3 2185	2191	2180	
3 2185	2177	806	
3 2179	2180	823	
3 2180	2179	774	
3 2181	2179	823	
3 774	2178	2180	
3 2185	2178	2177	
3 2186	2181	823	
3 2183	2182	2181	
3 730	2181	2182	
3 2183	2181	790	
3 2189	2183	790	
3 2183	2189	2190	
3 2172	638	2184	
3 523	2184	638	
3 2191	2199	2187	
3 2180	2178	2185	
3 2187	2186	823	
3 2188	790	2186	
3 2191	823	2180	
3 2187	823	2191	
3 841	2188	2187	
3 790	2192	2189	
3 2192	790	2188	
3 2189	2192	2194	
3 2197	2190	752	
3 523	2190	427	
3 806	2193	2185	
3 2191	2185	2193	
3 2188	855	2192	
3 2189	2194	752	
3 2198	2193	806	
3 2187	2199	841	
3 2192	855	2194	
3 2201	2195	2194	
3 752	2194	2195	
3 2201	2194	855	
3 2302	430	2298	
3 2196	2300	2301	
3 2200	752	2195	
3 2345	2197	702	
3 3463	2198	806	
3 2198	3463	3636	
3 2198	2199	2193	
3 3757	1059	1009	
3 2202	901	663	
3 2197	2200	702	
3 855	841	2203	
3 2201	2203	3516	
3 647	2332	2330	
3 702	2200	2202	
3 941	902	2203	
3 2201	3516	901	
3 2244	527	2242	
3 2206	2204	350	
3 2206	350	2207	
3 2208	2205	2204	
3 2208	2206	432	
3 350	2237	2210	
3 2207	2210	2211	
3 2209	2208	432	
3 2208	74	2205	
3 2209	2266	2265	
3 74	2209	75	
3 2211	3397	807	
3 2207	350	2210	
3 3397	2211	2210	
3 595	3398	757	
3 2213	2212	66	
3 2212	2250	2248	
3 65	2213	66	
3 320	2213	2113	
3 69	2216	2214	
3 2217	2215	70	
3 2221	2215	435	
3 2232	2225	434	
3 2216	2218	2219	
3 2214	2216	2217	
3 435	2217	2216	
3 68	2247	2249	
3 2216	2219	435	
3 2251	2219	2218	
3 2220	686	2221	
3 2219	351	2220	
3 2222	2220	351	
3 2223	2221	686	
3 2221	434	2215	
3 2226	2222	351	
3 2227	2222	732	
3 2231	686	2227	
3 2228	2223	733	
3 434	2225	2215	
3 2225	2224	2215	
3 2244	2246	527	
3 2251	351	2219	
3 528	732	2226	
3 2227	732	2230	
3 686	2231	2223	
3 733	596	2228	
3 2242	2235	433	
3 436	2250	2233	
3 528	2226	2229	
3 3538	732	528	
3 2230	3538	3539	
3 2234	2227	2230	
3 733	2223	2231	
3 434	2228	2232	
3 596	2232	2228	
3 2236	2233	352	
3 528	2229	2233	
3 974	2238	2230	
3 2234	2230	2238	
3 2232	596	2235	
3 433	2237	350	
3 320	2236	352	
3 528	2236	2123	
3 2235	596	2237	
3 2210	2237	596	
3 2239	2238	974	
3 2240	2234	2238	
3 3637	2239	974	
3 776	3648	3460	
3 776	2240	2239	
3 733	2234	2240	
3 2243	73	2241	
3 2243	2204	73	
3 2235	2242	527	
3 2242	433	2243	
3 2204	2243	433	
3 71	2246	2245	
3 2242	72	2244	
3 71	2225	2246	
3 2244	72	2245	
3 2225	527	2246	
3 67	2212	2248	
3 2247	2248	2249	
3 2247	67	2248	
3 2251	2249	436	
3 2218	68	2249	
3 2233	2250	352	
3 436	2248	2250	
3 436	2229	2251	
3 351	2251	2229	
3 2252	2253	2254	
3 334	2932	2931	
3 2255	189	2256	
3 2252	191	2253	
3 2257	2254	401	
3 496	3043	3042	
3 2254	190	2255	
3 496	401	2256	
3 2258	2257	401	
3 2252	2257	334	
3 2258	401	2259	
3 2258	1795	2933	
3 496	2259	401	
3 572	2259	1788	
3 2260	2261	2262	
3 2260	2264	2269	
3 2262	2265	526	
3 2271	2261	2260	
3 2264	2262	526	
3 526	2267	2268	
3 2262	76	2263	
3 2264	431	2269	
3 75	2209	2265	
3 2263	75	2265	
3 432	2207	2267	
3 526	2265	2266	
3 2207	595	2267	
3 595	2268	2267	
3 757	2268	595	
3 431	2264	2268	
3 2270	2269	431	
3 2271	2269	525	
3 2272	2270	431	
3 2270	706	2273	
3 2274	2271	525	
3 2271	77	2261	
3 2268	2272	431	
3 2272	757	2276	
3 2273	706	2277	
3 2299	2273	2296	
3 2291	2295	593	
3 2271	2275	77	
3 2280	757	2278	
3 2274	78	2275	
3 757	2280	2276	
3 2279	2277	706	
3 639	2282	594	
3 757	3398	3461	
3 2278	910	2281	
3 2277	2279	660	
3 706	2276	2279	
3 2281	2280	2278	
3 660	2279	2280	
3 3462	910	3399	
3 660	3400	2283	
3 2277	660	2282	
3 2177	2303	909	
3 2282	660	2283	
3 3400	660	2281	
3 2287	2285	79	
3 2284	2285	2286	
3 2284	79	2285	
3 524	2289	2286	
3 2305	2306	430	
3 78	2291	2290	
3 2287	2290	2291	
3 2292	2288	593	
3 524	2285	2288	
3 2297	524	2288	
3 2294	2306	2305	
3 78	2274	2291	
3 2287	79	2290	
3 2295	2291	2274	
3 593	2295	2299	
3 639	2293	2297	
3 639	594	2293	
3 594	2301	2300	
3 2305	81	2294	
3 2306	80	2286	
3 2274	525	2295	
3 2273	2295	525	
3 2299	2292	593	
3 2273	2277	2296	
3 639	2297	2292	
3 2293	524	2297	
3 2293	2300	2298	
3 2298	2300	2302	
3 2273	2299	2295	
3 2296	2292	2299	
3 594	2300	2293	
3 2300	2196	2302	
3 2303	2301	594	
3 2301	2303	2304	
3 2196	349	2302	
3 2307	2160	2305	
3 594	2283	2303	
3 909	2303	2283	
3 2303	731	2304	
3 2165	2304	731	
3 2307	430	2302	
3 81	2305	2160	
3 430	2306	2289	
3 430	2307	2305	
3 2302	349	2307	
3 2308	614	2309	
3 2319	2308	473	
3 3402	2309	614	
3 2475	2309	742	
3 2312	86	2310	
3 592	3354	3353	
3 592	523	2311	
3 2311	523	2312	
3 2313	523	427	
3 523	2313	2312	
3 2342	2344	522	
3 2317	2315	90	
3 2314	2315	2316	
3 2314	90	2315	
3 555	2319	2316	
3 473	2334	2335	
3 89	2321	2320	
3 2317	2320	2321	
3 2322	2318	613	
3 555	2315	2318	
3 2308	2319	555	
3 2335	2334	2323	
3 2324	89	88	
3 2317	90	2320	
3 2327	2325	613	
3 2325	2322	613	
3 2322	647	2326	
3 2334	92	2323	
3 91	2316	2335	
3 87	2313	2342	
3 521	2325	2327	
3 613	2321	2327	
3 521	2329	2325	
3 647	2308	2326	
3 2308	555	2326	
3 2321	2324	2327	
3 2327	2324	2347	
3 2328	2325	2329	
3 2329	2332	2328	
3 521	2331	2329	
3 2330	2332	2333	
3 2340	2330	663	
3 614	647	2330	
3 2331	521	2346	
3 663	2330	2333	
3 2329	2331	2332	
3 2331	2202	2333	
3 2331	2333	2332	
3 2202	663	2333	
3 473	2336	2334	
3 387	472	2338	
3 473	2335	2319	
3 2336	473	2339	
3 2338	2336	387	
3 2338	2334	2336	
3 2338	2337	2334	
3 2635	2636	2637	
3 473	2308	2339	
3 2308	2309	2339	
3 3401	2340	663	
3 2340	936	3402	
3 2343	88	2341	
3 2343	2324	88	
3 2344	2342	2313	
3 2342	522	2343	
3 2343	522	2347	
3 2313	427	2344	
3 2345	702	2346	
3 2344	427	2345	
3 2197	2345	427	
3 2331	2346	702	
3 2327	2347	521	
3 2343	2347	2324	
3 522	2346	2347	
3 2351	139	138	
3 2348	2349	2350	
3 2348	139	2349	
3 535	2352	2350	
3 445	2359	2364	
3 138	2365	2360	
3 2349	2353	535	
3 2354	2352	535	
3 2364	2359	2355	
3 2356	2353	2351	
3 2361	2354	2357	
3 2357	535	2353	
3 2354	600	2358	
3 2359	141	2355	
3 140	2350	2364	
3 2351	2360	2356	
3 2356	2360	2366	
3 2356	2357	2353	
3 2367	2357	2356	
3 536	2362	600	
3 2358	600	2362	
3 445	2363	2359	
3 2359	2363	2370	
3 2360	447	2366	
3 2367	2361	2357	
3 2371	2372	2367	
3 2362	2376	2369	
3 445	2369	2363	
3 445	2358	2369	
3 2363	365	2370	
3 2350	2352	2364	
3 445	2364	2352	
3 138	137	2365	
3 2373	2365	137	
3 2374	2366	447	
3 2366	2374	2375	
3 2371	2367	446	
3 2372	2361	2367	
3 2436	2368	641	
3 536	600	2368	
3 2376	2362	536	
3 365	2369	2377	
3 2378	2370	365	
3 142	141	2370	
3 2366	2375	446	
3 2371	2375	2382	
3 2379	2372	2371	
3 2368	2361	2372	
3 2388	137	136	
3 447	2380	2374	
3 2380	447	2373	
3 2374	2380	2381	
3 2382	2375	688	
3 2371	446	2375	
3 2383	2376	536	
3 2377	325	2378	
3 2369	2376	2377	
3 2376	2383	2433	
3 2377	2378	365	
3 325	370	2385	
3 2371	2382	2386	
3 2368	2379	641	
3 2387	2380	2373	
3 2381	2380	366	
3 2390	2381	366	
3 2381	2390	2391	
3 2391	2382	688	
3 2382	887	2386	
3 2383	536	2436	
3 2433	325	2377	
3 325	2385	2378	
3 2385	2384	2378	
3 2494	2385	370	
3 641	2379	2386	
3 2386	2379	2371	
3 2388	2387	2373	
3 2387	2388	2389	
3 137	2388	2373	
3 2388	136	2392	
3 448	2393	2389	
3 2395	735	2390	
3 2389	2394	366	
3 366	2394	2390	
3 2438	2391	735	
3 2382	2391	887	
3 135	2397	2396	
3 2397	2392	2396	
3 448	2399	2402	
3 2394	2395	2390	
3 2389	2393	2394	
3 2395	2394	2393	
3 2393	602	2395	
3 2395	602	3406	
3 2397	135	2398	
3 2392	136	2396	
3 448	2392	2397	
3 134	2401	2400	
3 2398	2400	2401	
3 2399	537	2402	
3 448	2397	2399	
3 601	2409	2405	
3 2398	135	2400	
3 134	2403	2407	
3 2406	537	2404	
3 602	2402	642	
3 2408	601	2407	
3 2407	601	2404	
3 2405	2404	601	
3 2406	2402	537	
3 2405	2409	2412	
3 2404	2405	2406	
3 642	2406	2405	
3 134	2407	2401	
3 2408	2407	2403	
3 2403	133	2408	
3 133	132	2410	
3 2411	601	2408	
3 2409	460	2412	
3 2410	2415	2414	
3 2413	2409	2411	
3 2408	2410	2411	
3 2413	2411	2410	
3 2412	2441	2422	
3 460	2441	2412	
3 2414	2413	2410	
3 2409	2413	460	
3 2415	2410	132	
3 548	2420	2421	
3 2415	2418	548	
3 548	2414	2415	
3 2441	2416	609	
3 460	2414	2416	
3 2419	2418	131	
3 2415	132	2417	
3 2417	131	2418	
3 130	2424	2423	
3 2419	2423	2424	
3 2420	461	2421	
3 548	2418	2420	
3 461	2426	2428	
3 609	2416	2421	
3 2442	2422	661	
3 602	642	2422	
3 2425	130	129	
3 2419	131	2423	
3 2426	372	2428	
3 129	2427	2425	
3 2426	2425	2431	
3 461	2424	2426	
3 2425	2426	2424	
3 2429	128	2430	
3 2431	2427	462	
3 2428	372	2435	
3 609	2421	2428	
3 549	3351	3350	
3 2427	129	2429	
3 549	462	2430	
3 549	2623	462	
3 2426	2431	372	
3 2445	2435	2432	
3 372	2431	2432	
3 2383	977	2433	
3 779	2506	977	
3 887	2438	2440	
3 889	935	3403	
3 372	2432	2435	
3 2445	2432	610	
3 3403	641	2434	
3 2436	935	2437	
3 2437	935	3404	
3 977	2383	2437	
3 735	3406	2439	
3 2438	2439	2440	
3 934	888	2439	
3 2439	888	2440	
3 2440	888	3638	
3 2434	887	2440	
3 2446	2441	609	
3 2422	2441	661	
3 3405	2442	661	
3 2442	934	3406	
3 325	2433	2443	
3 977	2443	2433	
3 2447	2444	925	
3 2428	2444	609	
3 2631	610	2622	
3 861	925	2445	
3 2444	2446	609	
3 3407	2446	955	
3 925	861	2448	
3 2446	2447	955	
3 2448	3409	2450	
3 2447	2449	955	
3 2450	2449	2448	
3 2449	2450	2451	
3 3409	2448	861	
3 2450	3409	3466	
3 3410	2451	954	
3 955	3408	3407	
3 97	2453	2455	
3 1549	2452	386	
3 2456	2454	96	
3 2453	2454	2455	
3 2453	96	2454	
3 2458	2455	470	
3 2452	97	2455	
3 95	2460	2459	
3 2456	2459	2460	
3 2461	2457	553	
3 470	2454	2457	
3 1620	2458	470	
3 2452	2458	386	
3 2462	95	94	
3 2456	96	2459	
3 2465	2463	553	
3 2463	2461	553	
3 2461	612	2464	
3 2338	472	2636	
3 471	2463	2465	
3 553	2460	2465	
3 471	2467	2463	
3 612	1620	2464	
3 1620	470	2464	
3 2460	2462	2465	
3 471	2465	2462	
3 2467	2466	2463	
3 2467	2470	2466	
3 2469	471	693	
3 2468	612	2470	
3 2468	646	2476	
3 554	612	2468	
3 2472	2473	890	
3 2471	2468	2470	
3 2467	2469	2470	
3 2468	2471	646	
3 2470	2469	2471	
3 2472	2471	2469	
3 2473	2472	2469	
3 2474	2472	890	
3 2469	693	2473	
3 2475	2473	693	
3 2474	890	2480	
3 2476	2481	929	
3 387	2475	693	
3 2475	742	2478	
3 2481	646	2474	
3 929	1622	2476	
3 890	2473	2478	
3 2477	2482	2483	
3 3402	2479	742	
3 890	2478	2480	
3 936	891	2479	
3 891	2483	2482	
3 2478	2479	2480	
3 2482	2479	891	
3 2474	892	2481	
3 3518	2481	892	
3 2477	2480	2482	
3 2479	2482	2480	
3 3411	2483	891	
3 2483	3411	3758	
3 2484	2485	2486	
3 2826	2829	451	
3 2487	157	2488	
3 2484	159	2485	
3 2489	2486	452	
3 541	2774	2773	
3 2486	158	2487	
3 2785	2488	541	
3 2784	2785	2782	
3 2484	2489	367	
3 2837	737	2838	
3 2489	2490	2833	
3 2494	2492	144	
3 2491	2492	2493	
3 2491	144	2492	
3 2496	458	2501	
3 2493	458	2496	
3 2500	143	2494	
3 2385	2494	143	
3 2497	2495	370	
3 458	2492	2495	
3 2499	369	457	
3 2493	2498	145	
3 2443	2497	370	
3 545	2504	2502	
3 2499	2498	2496	
3 146	145	2498	
3 369	2499	2496	
3 2499	457	2638	
3 458	2497	2501	
3 2494	144	2500	
3 545	2501	2497	
3 369	2501	2502	
3 545	2502	2501	
3 2505	2503	738	
3 369	2503	690	
3 2506	2504	545	
3 2504	2506	2507	
3 2507	2505	738	
3 2750	739	2755	
3 545	2443	2506	
3 977	2506	2443	
3 3519	2507	779	
3 3519	2754	2507	
3 2508	2509	2510	
3 2512	2554	117	
3 2509	2512	2513	
3 2509	466	2510	
3 2515	465	2518	
3 2518	2510	466	
3 2584	2586	546	
3 2512	2529	2525	
3 2509	2513	466	
3 2525	2513	2512	
3 2514	691	2515	
3 2513	376	2514	
3 2516	2514	376	
3 2517	2515	691	
3 2586	2518	465	
3 2519	2516	376	
3 2516	741	2520	
3 691	2520	2524	
3 2589	2588	608	
3 2510	2518	2511	
3 466	2515	2518	
3 2521	2519	376	
3 2522	2519	692	
3 2523	2520	741	
3 691	2524	2517	
3 2525	2521	376	
3 2521	467	2526	
3 2527	2522	692	
3 2528	815	2523	
3 2528	741	2522	
3 783	2523	815	
3 2520	783	2524	
3 2558	2557	2524	
3 2513	2525	376	
3 2512	117	2529	
3 2530	2526	467	
3 377	2535	2531	
3 2531	2527	692	
3 2544	740	2541	
3 2522	782	2528	
3 2528	782	2552	
3 2532	116	2533	
3 467	2525	2529	
3 2533	467	2529	
3 115	2548	2536	
3 692	2526	2531	
3 377	2531	2526	
3 2536	2533	116	
3 2529	117	2532	
3 2530	467	2533	
3 2536	2530	2533	
3 2534	2536	2548	
3 377	2534	2537	
3 2538	2535	674	
3 115	2536	116	
3 2534	2530	2536	
3 378	2542	2539	
3 674	2535	2537	
3 2540	2538	674	
3 2541	812	2544	
3 2543	2539	327	
3 674	2537	2539	
3 2543	674	2539	
3 717	781	2540	
3 2538	781	2541	
3 781	812	2541	
3 378	2545	2542	
3 2550	2546	2542	
3 1615	2543	327	
3 2540	674	2543	
3 2544	812	2547	
3 2527	740	2544	
3 2548	2545	378	
3 2545	114	2550	
3 2542	2545	2550	
3 113	2578	2550	
3 2551	2547	812	
3 2552	815	2528	
3 2534	2548	378	
3 2545	2553	114	
3 1612	2549	375	
3 327	2549	1615	
3 114	113	2550	
3 464	2582	2579	
3 812	813	2551	
3 3412	813	836	
3 2551	2552	2547	
3 2556	2552	814	
3 2557	2517	2524	
3 2548	115	2553	
3 2512	118	2554	
3 2555	645	2571	
3 2570	2556	814	
3 837	2562	2561	
3 2558	2524	783	
3 645	2555	2557	
3 2559	2558	783	
3 2558	2559	2560	
3 2561	2559	783	
3 2562	2559	2561	
3 2563	2560	853	
3 2560	2563	2565	
3 815	2561	783	
3 2556	837	2561	
3 2564	2562	837	
3 853	2559	2562	
3 2566	853	2562	
3 2568	2569	2563	
3 837	2570	2574	
3 2567	2566	2564	
3 2563	864	2565	
3 2575	2571	2565	
3 2567	2564	867	
3 853	2566	2568	
3 2572	2569	2567	
3 853	2568	2563	
3 2566	2567	2568	
3 2569	2568	2567	
3 2572	2567	867	
3 2569	2572	3520	
3 2573	2570	814	
3 837	2574	2564	
3 2571	547	608	
3 645	2565	2571	
3 867	3467	3553	
3 2569	3520	864	
3 3412	814	2551	
3 3521	2573	836	
3 2573	2574	2570	
3 2564	3413	867	
3 864	983	2575	
3 2602	2575	983	
3 112	2577	2576	
3 2546	2578	375	
3 2577	2579	2582	
3 375	2578	2577	
3 2550	2578	2546	
3 111	2581	2580	
3 2577	112	2579	
3 111	1594	2581	
3 2579	112	2580	
3 1594	464	2581	
3 464	1612	2582	
3 1612	375	2582	
3 120	2511	2584	
3 2583	2584	2585	
3 2583	120	2584	
3 546	2587	2585	
3 459	2592	2595	
3 2518	2586	2511	
3 2588	465	2555	
3 2589	2587	546	
3 2595	2592	2590	
3 608	2588	2555	
3 546	2586	2588	
3 2588	2589	546	
3 2589	608	2591	
3 2592	122	2590	
3 121	2585	2595	
3 547	2593	608	
3 2591	608	2593	
3 459	2594	2592	
3 371	2600	2603	
3 459	2596	2594	
3 459	2591	2596	
3 2603	2597	2601	
3 2585	2587	2595	
3 459	2595	2587	
3 2598	2593	547	
3 371	2596	2599	
3 123	2597	2603	
3 122	2592	2601	
3 2602	2598	547	
3 326	2625	2599	
3 2596	2598	2599	
3 2598	2602	2604	
3 2625	371	2599	
3 2624	2621	326	
3 2603	2594	371	
3 2575	2602	547	
3 2604	326	2599	
3 2603	2600	123	
3 2594	2603	2601	
3 2602	983	2604	
3 2605	2628	550	
3 2626	2624	326	
3 2605	2626	2627	
3 2606	150	2657	
3 2695	2699	454	
3 2611	2609	125	
3 2606	151	2607	
3 2608	2609	2610	
3 2608	125	2609	
3 2612	463	2629	
3 2610	463	2612	
3 124	2618	2617	
3 2611	2617	2618	
3 373	2619	2616	
3 2610	2614	126	
3 2611	374	2613	
3 2615	2613	374	
3 2616	2614	2612	
3 127	126	2614	
3 374	2621	2624	
3 550	2632	2630	
3 373	2616	2612	
3 3350	2616	549	
3 124	2620	2618	
3 2611	125	2617	
3 2625	2620	2600	
3 2622	2619	373	
3 2623	610	2432	
3 123	2620	124	
3 2625	2621	2618	
3 374	2618	2621	
3 2625	2618	2620	
3 2630	2622	373	
3 2631	2622	848	
3 549	2619	2623	
3 610	2623	2619	
3 2626	326	2604	
3 2615	2624	2605	
3 2625	2600	371	
3 326	2621	2625	
3 2627	2626	2604	
3 2605	2624	2626	
3 2604	983	2627	
3 2628	983	860	
3 983	2628	2627	
3 2633	848	2634	
3 463	2615	2629	
3 550	2629	2615	
3 373	2629	2630	
3 550	2630	2629	
3 2631	848	2633	
3 2445	610	2631	
3 550	2628	2632	
3 2634	2628	860	
3 2634	848	2632	
3 2633	2634	3522	
3 2628	2634	2632	
3 3522	2634	860	
3 93	2636	2635	
3 2637	2462	94	
3 2635	2637	94	
3 2636	472	2637	
3 2462	2637	472	
3 147	146	2638	
3 2499	2638	146	
3 457	456	2639	
3 2740	2742	2744	
3 2640	2641	2642	
3 2640	390	3208	
3 2642	2645	483	
3 2640	223	2641	
3 2644	2642	483	
3 483	2647	2648	
3 2642	222	2643	
3 2640	2644	390	
3 221	1647	2645	
3 2643	221	2645	
3 391	1645	2647	
3 483	2645	2646	
3 1645	563	2647	
3 563	2648	2647	
3 2648	3218	3213	
3 390	2644	2648	
3 2649	227	3236	
3 2651	2649	389	
3 2651	389	2652	
3 2653	2650	2649	
3 2653	2651	479	
3 3231	619	3222	
3 3233	2656	2652	
3 2654	2653	479	
3 2653	228	2650	
3 2654	3247	3246	
3 228	2654	229	
3 2655	3230	3235	
3 389	3233	2652	
3 3235	2656	2655	
3 618	3414	759	
3 149	2739	2741	
3 2606	2657	455	
3 2659	2658	214	
3 2660	2658	486	
3 2662	2661	213	
3 393	2666	2659	
3 2669	2675	486	
3 564	2720	2724	
3 2663	2662	213	
3 2659	214	2661	
3 393	2662	487	
3 212	2665	2664	
3 2663	2664	2665	
3 3178	2665	212	
3 2663	213	2664	
3 3187	2665	566	
3 2667	2666	393	
3 486	2659	2666	
3 2668	2667	393	
3 2667	696	2669	
3 393	487	2682	
3 2667	2670	696	
3 2674	2669	696	
3 2669	2674	2675	
3 747	2671	2668	
3 2670	2668	2671	
3 2673	2671	747	
3 2671	2673	2672	
3 2672	2677	2676	
3 696	2670	2672	
3 747	3415	2683	
3 2673	2683	2684	
3 2672	2676	696	
3 2674	696	2676	
3 485	2660	2675	
3 2660	486	2675	
3 2677	2672	893	
3 2674	2678	485	
3 2679	2677	893	
3 2678	2677	650	
3 2677	2678	2676	
3 2678	2681	2680	
3 2684	893	2673	
3 2686	3370	3369	
3 2680	620	2725	
3 485	2678	2680	
3 2681	650	2686	
3 620	2680	2681	
3 3187	3185	3186	
3 2682	622	3415	
3 937	894	2683	
3 2684	2683	894	
3 894	3592	3694	
3 2679	893	2684	
3 2679	895	2685	
3 3523	2685	895	
3 650	2685	2686	
3 938	2686	2685	
3 2695	2687	151	
3 2695	454	2688	
3 2689	2688	454	
3 2694	2691	2690	
3 2700	2696	2689	
3 2697	2707	2704	
3 2691	153	2690	
3 2694	152	2688	
3 543	2692	2691	
3 2693	154	153	
3 2698	2693	2692	
3 2691	2692	2693	
3 2692	453	2698	
3 2691	2694	543	
3 152	2694	2690	
3 2699	2695	2606	
3 2696	368	2762	
3 606	2689	2696	
3 453	2692	2697	
3 2697	2692	543	
3 2701	2698	453	
3 542	2780	2787	
3 2606	368	2699	
3 2700	368	2696	
3 454	2699	2700	
3 368	2700	2699	
3 2702	2701	453	
3 2703	2701	707	
3 2704	453	2697	
3 2705	2702	758	
3 2703	707	2706	
3 542	2703	2781	
3 2707	2697	606	
3 758	2702	2704	
3 2712	758	2710	
3 758	2712	2705	
3 2713	707	2711	
3 707	2713	2706	
3 2708	2707	606	
3 2707	2708	2709	
3 2696	2762	606	
3 2761	2762	368	
3 810	2709	2708	
3 2710	2709	912	
3 2709	2710	758	
3 2710	912	2714	
3 2711	662	2713	
3 707	2705	2711	
3 2714	2712	2710	
3 662	2711	2712	
3 2715	2713	662	
3 2706	2716	644	
3 2714	3416	2718	
3 662	2718	2715	
3 2718	662	2714	
3 2841	2715	911	
3 2715	2716	2713	
3 2784	2716	605	
3 2761	2756	2759	
3 2717	2757	2760	
3 2714	912	3416	
3 911	2715	2718	
3 216	2722	2720	
3 2719	2720	2721	
3 2719	216	2720	
3 564	2723	2721	
3 484	2729	2732	
3 215	2722	216	
3 2660	485	2724	
3 2725	2723	564	
3 2732	2729	2726	
3 2660	2724	2722	
3 2727	485	2680	
3 2725	564	2727	
3 2725	620	2728	
3 2729	218	2726	
3 217	2721	2732	
3 2725	2727	2680	
3 564	2724	2727	
3 565	2730	620	
3 620	2730	2728	
3 484	2731	2729	
3 2736	2737	392	
3 2731	2733	392	
3 484	2728	2733	
3 2734	2737	2736	
3 2721	2723	2732	
3 484	2732	2723	
3 2730	1649	2733	
3 2735	2733	1649	
3 2736	219	2734	
3 2737	218	2729	
3 1649	332	2735	
3 2738	1642	2736	
3 2738	392	2735	
3 2736	1642	1643	
3 392	2737	2731	
3 392	2738	2736	
3 2735	332	2738	
3 148	2742	2740	
3 2739	2740	2741	
3 2739	148	2740	
3 2743	2741	544	
3 2657	149	2741	
3 147	2742	148	
3 2744	2639	456	
3 2745	2743	544	
3 2657	2743	455	
3 2639	2744	2742	
3 544	2746	2745	
3 544	2744	2746	
3 2745	607	2756	
3 2744	456	2746	
3 2745	2747	607	
3 2746	456	2747	
3 2747	2749	2748	
3 2750	2748	739	
3 2748	2750	2752	
3 2751	456	690	
3 739	2748	2749	
3 2753	739	2751	
3 2755	2758	2750	
3 2505	2751	690	
3 739	2749	2751	
3 2757	2750	780	
3 607	2759	2756	
3 2754	2505	2507	
3 739	2753	2755	
3 780	2750	2758	
3 2753	2505	2754	
3 2753	2754	2755	
3 2755	2754	2758	
3 607	2752	2759	
3 368	455	2756	
3 2760	2757	780	
3 2759	2757	2717	
3 2754	976	2758	
3 2758	3675	3541	
3 2757	2759	2752	
3 2761	2759	2717	
3 3417	2760	780	
3 2763	2760	810	
3 2761	2717	2762	
3 368	2756	2761	
3 2763	2762	2717	
3 606	2762	2708	
3 2760	2763	2717	
3 810	2708	2763	
3 2764	2765	2766	
3 489	2764	394	
3 2767	205	2768	
3 2764	207	2765	
3 2769	2766	490	
3 205	2807	2768	
3 2766	206	2767	
3 568	490	2768	
3 2791	624	2793	
3 2764	2769	394	
3 2770	624	2771	
3 394	2769	2770	
3 624	2791	2795	
3 2771	2802	2808	
3 2775	2773	156	
3 2772	2773	2774	
3 2772	156	2773	
3 2488	157	2774	
3 2772	2774	157	
3 155	2778	2777	
3 2775	2777	2778	
3 2779	2776	604	
3 541	2773	2776	
3 2780	2778	155	
3 2775	156	2777	
3 2783	2781	604	
3 2781	2779	604	
3 2779	644	2782	
3 154	2787	2786	
3 542	2787	2698	
3 2778	2783	604	
3 2706	2781	2703	
3 644	2716	2784	
3 2785	541	2782	
3 2778	2780	2783	
3 542	2783	2780	
3 605	2490	2784	
3 2785	2490	452	
3 2490	2785	2784	
3 2488	2785	452	
3 2786	2787	2780	
3 2780	155	2786	
3 2693	2787	154	
3 203	2811	2813	
3 2790	2788	395	
3 2791	2790	395	
3 2805	2789	2788	
3 2805	2790	568	
3 2792	2791	395	
3 2770	2793	624	
3 2794	2792	395	
3 2792	849	2795	
3 2770	490	2793	
3 568	2793	490	
3 2815	491	2817	
3 2794	569	2797	
3 2795	849	2798	
3 624	2795	2799	
3 2818	491	2816	
3 491	2818	2796	
3 2801	2797	569	
3 2797	2801	2803	
3 2803	849	2797	
3 3639	3666	1069	
3 2795	2798	2799	
3 2802	2798	863	
3 2822	396	2821	
3 2824	2804	2800	
3 2804	569	2800	
3 984	862	2801	
3 2771	2799	2802	
3 2798	2802	2799	
3 3667	2803	862	
3 2798	849	2803	
3 2800	2822	2824	
3 984	2801	2804	
3 2789	2805	204	
3 2790	2805	2788	
3 568	2768	2807	
3 2807	2805	568	
3 2805	2807	2806	
3 2809	2808	863	
3 3177	2810	957	
3 3666	863	3524	
3 863	3666	2809	
3 2808	2809	2810	
3 956	2810	2809	
3 2814	2812	202	
3 2811	2812	2813	
3 2811	202	2812	
3 2815	2813	491	
3 2788	203	2813	
3 201	2820	2819	
3 201	1654	2820	
3 2817	491	2796	
3 395	2788	2815	
3 2814	396	2816	
3 2816	396	2818	
3 2794	2817	2796	
3 395	2815	2817	
3 396	2800	2818	
3 2800	2796	2818	
3 396	2814	2820	
3 2814	202	2819	
3 2820	2814	2819	
3 2822	2821	333	
3 396	2820	2821	
3 2822	333	2823	
3 396	2822	2800	
3 1659	2823	333	
3 984	2804	2823	
3 2822	2823	2824	
3 2823	2804	2824	
3 2827	160	2825	
3 159	2484	2826	
3 2829	2826	2484	
3 2826	451	2827	
3 2832	450	2835	
3 2835	2827	451	
3 450	2843	3360	
3 2484	367	2829	
3 2830	2829	367	
3 2831	2830	367	
3 3360	2835	450	
3 367	2489	2833	
3 2834	737	778	
3 2830	689	2832	
3 2836	2832	689	
3 2837	2833	2490	
3 2838	2833	2837	
3 689	2831	2834	
3 2834	2831	2838	
3 2827	2835	2828	
3 451	2832	2835	
3 2839	689	2834	
3 2840	2836	736	
3 2490	605	2837	
3 605	2715	2841	
3 2834	2838	737	
3 2831	2833	2838	
3 736	2836	2839	
3 689	2839	2836	
3 2849	2840	736	
3 603	3358	3360	
3 737	2837	2841	
3 605	2841	2837	
3 2844	2842	778	
3 2845	2842	824	
3 2840	643	2843	
3 2846	540	2938	
3 2847	2844	778	
3 2844	2847	2848	
3 2866	2845	824	
3 791	2851	2849	
3 2843	643	2846	
3 540	2850	449	
3 778	737	2847	
3 3418	737	2841	
3 2848	809	3470	
3 2866	2848	842	
3 736	2845	2849	
3 791	2849	2845	
3 2846	643	2850	
3 2850	643	2851	
3 2856	2851	791	
3 2851	753	2852	
3 2852	753	2853	
3 449	2850	2852	
3 2854	2853	753	
3 2855	2853	903	
3 2856	2854	753	
3 2854	2856	2857	
3 903	2858	2855	
3 2855	2858	2860	
3 2851	2856	753	
3 2864	2856	791	
3 856	2868	3526	
3 903	2859	2858	
3 903	2857	2859	
3 2860	2858	666	
3 2857	904	2859	
3 2862	2861	2859	
3 2860	666	2865	
3 2949	538	2947	
3 2862	2859	904	
3 939	3002	3007	
3 3011	897	3010	
3 2863	2862	939	
3 666	2861	2863	
3 2862	2863	2861	
3 791	2845	2866	
3 2867	2864	2866	
3 3007	666	2863	
3 629	654	2865	
3 2848	2866	824	
3 2867	2866	842	
3 2868	2867	842	
3 856	2864	2867	
3 3571	842	3525	
3 2868	942	3526	
3 2872	197	196	
3 2869	2870	2871	
3 2869	197	2870	
3 570	2873	2871	
3 2873	492	2886	
3 196	2887	2881	
3 2870	2874	570	
3 2875	2873	570	
3 2880	2886	492	
3 2877	2874	2872	
3 2882	2875	2878	
3 2878	570	2874	
3 2875	625	2879	
3 492	2884	2880	
3 2886	198	2871	
3 2872	2881	2877	
3 2877	2881	2888	
3 2877	2878	2874	
3 2889	2878	2877	
3 2883	625	571	
3 2884	2885	397	
3 1657	199	2880	
3 196	2881	2872	
3 2881	494	2888	
3 2889	2882	2878	
3 2891	2892	2889	
3 571	1659	2883	
3 2885	1659	397	
3 492	2879	2885	
3 397	1657	2884	
3 2879	2883	2885	
3 2885	2883	1659	
3 2880	2876	2886	
3 2886	2876	198	
3 196	195	2887	
3 2893	2887	195	
3 2894	2888	494	
3 2888	2894	2895	
3 2891	2889	493	
3 2892	2882	2889	
3 2936	652	2935	
3 571	625	2890	
3 2888	2895	493	
3 2891	2895	2899	
3 2896	2892	2891	
3 2890	2882	2892	
3 2902	195	194	
3 494	2897	2894	
3 2897	494	2893	
3 2894	2897	2898	
3 2899	2895	697	
3 2891	493	2895	
3 2891	2899	2900	
3 2890	2896	652	
3 2901	2897	2893	
3 2898	2897	398	
3 2904	2898	398	
3 2898	2904	2905	
3 2905	697	2898	
3 2899	789	2900	
3 652	2896	2900	
3 2900	2896	2891	
3 2902	2901	2893	
3 2901	2902	2903	
3 195	2902	2893	
3 2902	194	2906	
3 2907	2903	495	
3 2904	2903	698	
3 2903	2904	398	
3 2908	2904	698	
3 2916	2909	749	
3 2899	697	2905	
3 193	2911	2910	
3 2911	2906	2910	
3 2913	2907	495	
3 2907	2913	2914	
3 2915	2908	698	
3 2908	2915	2916	
3 822	789	2909	
3 2899	2909	789	
3 193	192	2912	
3 2906	194	2910	
3 495	2906	2911	
3 2927	2929	400	
3 399	2914	2913	
3 2911	2913	495	
3 2927	2913	2912	
3 2917	2914	399	
3 2915	2914	748	
3 2914	2915	698	
3 2918	2915	748	
3 2919	2916	788	
3 2909	2916	822	
3 2920	2917	399	
3 2917	2920	2921	
3 2922	2918	748	
3 2918	2922	2925	
3 788	2925	2926	
3 1809	822	2919	
3 2927	2920	399	
3 2920	2927	2928	
3 2924	679	1803	
3 2924	787	2923	
3 2924	748	2921	
3 2923	2922	2924	
3 2923	787	1804	
3 819	2922	2923	
3 748	2924	2922	
3 2924	2921	679	
3 1807	2925	819	
3 788	2926	2919	
3 2925	1808	2926	
3 1809	2926	1808	
3 2913	2927	399	
3 2929	2927	2912	
3 2931	2928	400	
3 2928	2931	2932	
3 2912	192	2929	
3 2930	192	191	
3 400	2929	2930	
3 192	2930	2929	
3 2930	2931	400	
3 2252	334	2931	
3 334	2258	2933	
3 1803	679	2932	
3 723	2933	1795	
3 1803	2932	2933	
3 2935	2934	854	
3 652	2900	2934	
3 1828	2935	854	
3 3440	3372	865	
3 865	2936	2935	
3 571	2890	2936	
3 2939	163	2937	
3 603	3359	3358	
3 2846	2938	603	
3 2938	540	2939	
3 2940	540	449	
3 540	2940	2939	
3 2942	2945	539	
3 2943	165	2941	
3 164	2940	2942	
3 2945	2942	2940	
3 2942	539	2943	
3 2947	538	2950	
3 2950	2943	539	
3 2961	2963	628	
3 2940	449	2945	
3 2946	703	2947	
3 2945	449	2946	
3 2948	449	2852	
3 2949	2947	703	
3 2963	2950	538	
3 2853	2948	2852	
3 703	2946	2948	
3 2855	2949	703	
3 2964	2949	2860	
3 2943	2950	2944	
3 539	2947	2950	
3 168	2953	2951	
3 502	2952	2954	
3 502	409	2952	
3 3013	3015	3016	
3 2968	2953	576	
3 2951	2953	2954	
3 502	2954	2953	
3 2958	2956	167	
3 2955	2956	2957	
3 2955	167	2956	
3 2953	168	2957	
3 2955	2957	168	
3 166	2961	2960	
3 2958	2960	2961	
3 2962	2959	628	
3 576	2956	2959	
3 166	2944	2961	
3 2958	167	2960	
3 2963	2961	2944	
3 628	2963	2966	
3 2962	654	2965	
3 2950	2963	2944	
3 538	2964	2966	
3 2964	538	2949	
3 2865	654	2964	
3 629	2967	654	
3 2965	654	2967	
3 538	2966	2963	
3 2964	2962	2966	
3 2969	2967	629	
3 2965	2968	576	
3 2968	2967	2969	
3 2953	2968	502	
3 3000	3001	750	
3 2969	409	502	
3 2973	2971	173	
3 2970	2971	2972	
3 2970	173	2971	
3 499	2975	2972	
3 2991	2992	408	
3 172	2977	2976	
3 2973	2976	2977	
3 2978	2974	574	
3 499	2971	2974	
3 1881	2975	499	
3 2979	2992	2991	
3 2980	2994	171	
3 2973	173	2976	
3 2983	2981	574	
3 2981	2978	574	
3 2978	627	2982	
3 2991	175	2979	
3 2992	174	2972	
3 170	3015	3013	
3 500	2981	2983	
3 574	2977	2983	
3 500	2985	2981	
3 627	1881	2982	
3 1881	499	2982	
3 2977	2980	2983	
3 2983	2980	3020	
3 2985	2984	2981	
3 2985	2988	2984	
3 500	3019	2987	
3 2986	627	2988	
3 2986	653	2998	
3 575	627	2986	
3 2990	2995	896	
3 2989	2986	2988	
3 2985	2987	2988	
3 2986	2989	653	
3 2988	2987	2989	
3 2990	2989	2987	
3 2995	2990	2987	
3 2996	2990	896	
3 2993	2991	408	
3 175	2991	1871	
3 408	2992	2975	
3 1880	2993	408	
3 2993	339	1872	
3 2987	699	2995	
3 2980	172	2994	
3 2997	2995	699	
3 2996	896	3005	
3 2998	3006	930	
3 3019	3018	699	
3 2997	750	3003	
3 3006	653	2996	
3 930	1883	2998	
3 896	2995	3003	
3 2999	3008	3009	
3 750	2997	3000	
3 2997	699	3018	
3 2969	629	3001	
3 2863	939	3007	
3 3010	897	3008	
3 750	3001	3002	
3 3004	750	3002	
3 896	3003	3005	
3 3010	3002	939	
3 897	3009	3008	
3 3003	3004	3005	
3 3004	3010	3008	
3 2996	898	3006	
3 3528	3006	898	
3 3002	629	3007	
3 2865	3007	629	
3 2999	3005	3008	
3 3004	3008	3005	
3 3420	3009	897	
3 3009	3420	3759	
3 3002	3010	3004	
3 3011	3010	939	
3 904	3421	2862	
3 3011	3421	3488	
3 3014	171	3012	
3 3014	2980	171	
3 2952	3016	3015	
3 3013	501	3014	
3 3014	501	3020	
3 169	3015	170	
3 3016	2952	409	
3 3017	3016	409	
3 3013	3016	501	
3 3018	3017	409	
3 3017	3018	3019	
3 409	3000	3018	
3 2997	3018	3000	
3 2987	3019	699	
3 3020	3019	500	
3 2983	3020	500	
3 3014	3020	2980	
3 3022	3021	277	
3 3023	3021	505	
3 276	3022	277	
3 3026	3022	411	
3 505	3024	3023	
3 3327	3034	504	
3 3025	3024	505	
3 504	3023	3024	
3 3026	3025	505	
3 3025	700	3027	
3 3022	3026	505	
3 3026	411	3028	
3 3029	3027	700	
3 3027	3029	3031	
3 411	3030	3028	
3 3028	3030	3032	
3 3032	3029	700	
3 3542	3029	972	
3 411	506	3037	
3 667	972	3032	
3 3029	655	3031	
3 3031	3036	3035	
3 667	3032	3030	
3 3029	3032	972	
3 504	3034	3023	
3 3034	3033	3023	
3 3319	3323	577	
3 3035	630	3324	
3 504	3031	3035	
3 3036	655	3038	
3 630	3035	3036	
3 3315	506	3311	
3 3037	656	3039	
3 3542	655	3029	
3 3481	927	3436	
3 656	631	3039	
3 3040	3039	631	
3 631	3086	3423	
3 3424	3040	922	
3 3044	3042	188	
3 3041	3042	3043	
3 3041	188	3042	
3 2256	189	3043	
3 3041	3043	189	
3 1756	3045	187	
3 1750	3044	1756	
3 276	275	3046	
3 3044	188	3045	
3 275	3306	3308	
3 411	3047	506	
3 276	3047	3022	
3 265	3087	3089	
3 3050	3048	415	
3 3050	415	3051	
3 3054	3049	3048	
3 3054	3050	581	
3 3052	3051	415	
3 3051	3052	3053	
3 3094	3052	415	
3 583	3100	3103	
3 3074	3053	657	
3 582	632	3053	
3 3049	3054	266	
3 3050	3054	3048	
3 581	3057	3056	
3 3056	3054	581	
3 3054	3056	3055	
3 3058	3057	581	
3 3064	3061	3059	
3 3058	581	3050	
3 3058	632	3060	
3 3061	268	3059	
3 267	3056	3064	
3 582	3062	632	
3 3060	632	3062	
3 509	3063	3061	
3 3069	3070	414	
3 509	3065	3063	
3 509	3060	3065	
3 3066	3070	3069	
3 3056	3057	3064	
3 509	3064	3057	
3 3067	3062	582	
3 414	3065	3068	
3 3069	269	3066	
3 3070	268	3061	
3 3071	3067	582	
3 3073	341	3068	
3 3065	3067	3068	
3 3073	3068	3067	
3 3072	414	3068	
3 3069	1992	1993	
3 414	3070	3063	
3 3071	582	3074	
3 874	1998	3071	
3 3068	341	3072	
3 1992	3072	341	
3 3071	3073	3067	
3 341	3073	1998	
3 3425	3074	657	
3 3074	928	3071	
3 271	1997	3076	
3 3075	3076	3077	
3 3075	271	3076	
3 3079	508	3083	
3 3077	508	3079	
3 413	1995	3080	
3 508	3076	3078	
3 3082	412	507	
3 3077	3081	272	
3 1995	580	3080	
3 412	3079	3083	
3 3082	3081	3079	
3 273	272	3081	
3 412	3082	3079	
3 3082	507	3309	
3 3080	580	3083	
3 3084	3083	580	
3 3085	3084	580	
3 850	3423	3086	
3 3502	3562	874	
3 3498	3502	874	
3 412	3084	3086	
3 850	3086	3084	
3 3090	3088	264	
3 3087	3088	3089	
3 3087	264	3088	
3 3092	3089	510	
3 3048	265	3089	
3 263	3096	3095	
3 263	1986	3096	
3 3093	3091	416	
3 510	3088	3091	
3 3094	3092	510	
3 415	3048	3092	
3 416	3097	3098	
3 3052	3094	583	
3 510	3093	3094	
3 583	3094	3093	
3 416	3090	3096	
3 3090	264	3095	
3 3096	3090	3095	
3 3097	342	3098	
3 416	3096	3097	
3 3098	342	3099	
3 583	3093	3098	
3 342	1991	3099	
3 1489	3099	1991	
3 3101	3100	905	
3 3098	3100	583	
3 905	760	3102	
3 3101	944	3103	
3 3529	760	1495	
3 3101	3104	944	
3 3105	3103	944	
3 3052	583	3103	
3 3102	943	3104	
3 3474	3105	944	
3 944	3427	3474	
3 3052	3105	657	
3 3109	3107	260	
3 3106	3107	3108	
3 3106	260	3107	
3 1989	261	3108	
3 3106	3108	261	
3 1480	3110	259	
3 1479	3109	1480	
3 3114	248	247	
3 3109	260	3110	
3 3111	3112	3113	
3 3111	248	3112	
3 586	3115	3113	
3 514	2007	3125	
3 3138	246	245	
3 3112	3116	586	
3 3117	3115	586	
3 3118	3125	2007	
3 3119	3116	3114	
3 3123	3117	3120	
3 3120	586	3116	
3 3117	634	3121	
3 3118	2007	250	
3 3125	249	3113	
3 3114	3122	3119	
3 3119	3122	3127	
3 3119	3120	3116	
3 3128	3120	3119	
3 3124	634	587	
3 3130	514	3121	
3 3122	516	3127	
3 3128	3123	3120	
3 3131	3132	3128	
3 587	2024	3124	
3 3130	2024	421	
3 3113	3115	3125	
3 514	3125	3115	
3 246	3133	3126	
3 3122	3114	3134	
3 3135	3127	516	
3 3127	3135	3136	
3 3131	3128	515	
3 3132	3123	3128	
3 3146	3129	658	
3 587	634	3129	
3 2024	3130	3124	
3 2007	3130	421	
3 3127	3136	515	
3 3131	3136	3141	
3 3137	3132	3131	
3 3129	3123	3132	
3 3133	3138	3139	
3 3126	3133	3134	
3 516	3134	3133	
3 3139	3135	516	
3 3135	3139	3140	
3 3141	3136	701	
3 3131	515	3136	
3 3131	3141	3142	
3 3129	3137	658	
3 3286	3288	3291	
3 422	3140	3139	
3 3133	3139	516	
3 3292	3139	3138	
3 3143	3140	422	
3 3140	3143	3144	
3 3144	3141	701	
3 3144	3142	3141	
3 658	3137	3142	
3 3142	3137	3131	
3 422	3292	3147	
3 3149	3143	3147	
3 3144	701	3140	
3 3159	751	3155	
3 899	3159	3158	
3 3544	3428	900	
3 3428	658	3145	
3 931	2025	3386	
3 3148	3147	517	
3 3147	3148	3149	
3 3288	3148	517	
3 588	3287	3150	
3 3151	3149	635	
3 751	3143	3149	
3 635	3148	3150	
3 588	3150	3148	
3 3152	635	754	
3 3151	792	3153	
3 3152	754	3201	
3 792	3151	3152	
3 3154	3153	792	
3 3153	3154	3155	
3 3156	792	825	
3 3160	3157	843	
3 3158	3155	857	
3 3144	3159	899	
3 3203	3156	825	
3 3157	3156	843	
3 857	3154	3157	
3 3156	3157	3154	
3 857	3160	3531	
3 3145	899	3158	
3 751	3159	3144	
3 3158	3159	3155	
3 3530	3160	843	
3 940	3531	3160	
3 2764	3161	207	
3 3162	3161	489	
3 3163	3162	489	
3 3168	3165	3164	
3 3169	489	394	
3 623	3173	3170	
3 3165	209	3164	
3 3168	208	3162	
3 567	3166	3165	
3 3171	3183	3167	
3 3166	3171	3167	
3 3165	3166	3167	
3 3166	488	3171	
3 3165	3168	567	
3 208	3168	3164	
3 3175	3169	394	
3 623	3163	3169	
3 488	3166	3170	
3 3170	3166	567	
3 3172	3171	488	
3 3183	621	3180	
3 488	3173	3174	
3 3184	3172	651	
3 3177	623	3176	
3 3174	3172	488	
3 3173	665	3174	
3 3174	665	3468	
3 3175	394	2770	
3 3175	926	3176	
3 2810	3176	926	
3 3176	2810	3177	
3 957	3173	3177	
3 3173	623	3177	
3 3180	3179	211	
3 3178	3179	2665	
3 3178	211	3179	
3 210	3183	3182	
3 3180	3182	3183	
3 3184	3181	621	
3 566	3179	3181	
3 3167	3183	210	
3 3180	211	3182	
3 3171	621	3183	
3 3172	3184	621	
3 3184	651	3185	
3 3186	651	622	
3 3187	566	3185	
3 622	2682	3186	
3 3187	2682	487	
3 2682	3187	3186	
3 2665	3187	487	
3 3188	3189	3190	
3 3192	241	240	
3 3189	3192	3193	
3 3189	557	3190	
3 3195	556	3198	
3 3198	3190	557	
3 3285	3287	588	
3 3192	240	3305	
3 3189	3193	557	
3 3192	474	3193	
3 3194	704	3195	
3 3193	474	3194	
3 3196	474	2149	
3 3197	3195	704	
3 3287	3198	556	
3 3199	3196	2149	
3 704	3194	3196	
3 704	3199	3200	
3 3150	3197	754	
3 3190	3198	3191	
3 557	3195	3198	
3 755	3199	2149	
3 3199	793	3200	
3 3201	3200	793	
3 754	3197	3200	
3 3202	3201	793	
3 3152	3201	825	
3 793	2154	3202	
3 3203	2154	826	
3 826	3396	3640	
3 3156	3203	843	
3 2640	3204	223	
3 3205	3204	482	
3 482	3206	3205	
3 481	562	3228	
3 3207	3206	482	
3 481	3205	3206	
3 3208	3207	482	
3 3207	695	3209	
3 2640	3208	482	
3 3208	390	3210	
3 3211	3209	695	
3 3209	3211	3212	
3 3213	3210	390	
3 3210	3213	3214	
3 3210	3214	695	
3 3219	3214	745	
3 746	3216	3212	
3 3212	3216	3217	
3 390	2648	3213	
3 3218	2648	563	
3 3219	3215	3211	
3 3211	695	3214	
3 746	3211	3215	
3 3219	3211	3214	
3 3220	3216	746	
3 3217	3216	619	
3 3229	3217	619	
3 562	481	3217	
3 3221	563	1650	
3 745	3213	3218	
3 745	3223	3225	
3 3215	3219	3226	
3 3215	3220	746	
3 3230	3222	3220	
3 785	3224	1650	
3 3218	3223	745	
3 3230	3220	786	
3 3222	3230	3231	
3 3224	3221	1650	
3 3223	3221	3224	
3 3234	3226	3225	
3 745	3225	3219	
3 3223	3224	3225	
3 3226	978	3215	
3 3224	3234	3225	
3 3234	3224	785	
3 481	3228	3205	
3 3228	3227	3205	
3 562	3238	3228	
3 619	3231	3232	
3 3229	480	3240	
3 3235	3230	786	
3 3231	3230	2655	
3 3232	3231	3233	
3 3232	389	480	
3 619	3232	3229	
3 3233	3231	2655	
3 3233	2655	2656	
3 389	3232	3233	
3 3234	785	3430	
3 978	3226	3234	
3 3429	3647	786	
3 2656	3235	817	
3 226	3237	3239	
3 2649	3236	480	
3 225	3228	3238	
3 3237	3238	3239	
3 3237	225	3238	
3 3240	3239	562	
3 3236	226	3239	
3 3229	3240	562	
3 3236	3240	480	
3 3241	3242	3243	
3 3241	3280	3279	
3 3243	3246	561	
3 3279	3242	3241	
3 3245	3243	561	
3 561	3248	3249	
3 3243	230	3244	
3 3245	478	3280	
3 229	2654	3246	
3 3244	229	3246	
3 479	2652	3248	
3 561	3246	3247	
3 2652	618	3248	
3 618	3249	3248	
3 759	3249	618	
3 478	3245	3249	
3 3253	3251	233	
3 3250	3251	3252	
3 3250	233	3251	
3 559	3255	3252	
3 235	3260	3277	
3 232	3257	3256	
3 3253	3256	3257	
3 3258	3254	616	
3 559	3251	3254	
3 3263	559	3254	
3 3260	3276	3277	
3 3261	3257	232	
3 3253	233	3256	
3 3257	3261	3265	
3 3265	616	3257	
3 649	3259	3263	
3 649	617	3259	
3 3270	2135	388	
3 3273	2128	3277	
3 3276	234	3252	
3 231	3279	3278	
3 231	3242	3279	
3 3262	3271	3268	
3 3258	3266	649	
3 649	3263	3258	
3 3259	559	3263	
3 3267	3264	3259	
3 3264	3267	3270	
3 560	3265	3261	
3 3262	616	3265	
3 3262	3268	3266	
3 3274	3269	3272	
3 3259	617	3267	
3 617	2135	3267	
3 3271	3262	560	
3 3272	3269	649	
3 3282	3269	664	
3 617	649	3269	
3 2135	3270	3267	
3 3273	3270	388	
3 3280	3271	560	
3 3281	3271	478	
3 3268	708	3272	
3 3269	3274	664	
3 2129	3273	388	
3 235	3277	2128	
3 3272	708	3274	
3 3275	3274	708	
3 3281	3275	708	
3 3433	3283	3275	
3 477	3276	3255	
3 3276	477	3277	
3 3277	477	3273	
3 560	3261	3279	
3 3261	232	3278	
3 3279	3261	3278	
3 3271	3280	478	
3 560	3279	3280	
3 3249	3281	478	
3 3275	3281	759	
3 3435	664	3283	
3 3282	913	3432	
3 914	3478	3500	
3 664	3275	3283	
3 243	3191	3285	
3 3284	3285	3286	
3 3284	243	3285	
3 588	3288	3286	
3 3290	3291	517	
3 3198	3287	3191	
3 3150	3287	556	
3 3148	3288	588	
3 3289	3291	3290	
3 3290	245	3289	
3 3291	244	3286	
3 3292	3290	517	
3 245	3290	3138	
3 517	3291	3288	
3 3147	3292	517	
3 3292	422	3139	
3 3296	3294	531	
3 3294	55	3293	
3 3295	3294	3293	
3 54	3295	3293	
3 531	3295	1983	
3 3297	3296	531	
3 2041	3298	2045	
3 531	1983	3299	
3 2051	3297	598	
3 3296	438	3298	
3 2042	3298	438	
3 3300	439	354	
3 598	3297	3299	
3 1974	3300	354	
3 598	3299	3300	
3 1962	3302	50	
3 3301	3302	3303	
3 3301	50	3302	
3 3304	3303	532	
3 1977	51	3303	
3 1970	3304	532	
3 1977	3304	440	
3 239	3361	3363	
3 3192	3305	558	
3 3309	3307	274	
3 3306	3307	3308	
3 3306	274	3307	
3 3311	3308	579	
3 3046	275	3308	
3 274	273	3309	
3 3082	3309	273	
3 507	3312	3314	
3 579	3307	3310	
3 3313	3311	579	
3 3046	3311	506	
3 3086	3312	507	
3 656	3312	631	
3 3313	579	3314	
3 3313	656	3315	
3 507	3314	3310	
3 3314	3312	656	
3 656	3037	3315	
3 3037	506	3315	
3 3319	3317	280	
3 3316	3317	3318	
3 3316	280	3317	
3 503	3321	3318	
3 3318	3321	3326	
3 279	3323	3322	
3 3319	3322	3323	
3 3324	3320	577	
3 503	3317	3320	
3 3328	503	3320	
3 3321	410	3326	
3 279	3034	3323	
3 3319	280	3322	
3 3034	577	3323	
3 3324	577	3327	
3 630	3325	3328	
3 630	578	3325	
3 3330	3329	3325	
3 3332	3326	410	
3 282	281	3326	
3 3034	3327	577	
3 504	3035	3327	
3 630	3328	3324	
3 3325	503	3328	
3 3330	3325	578	
3 3329	3330	3331	
3 3337	3333	3330	
3 3329	3331	410	
3 3333	3331	3330	
3 410	3334	3332	
3 3334	410	3331	
3 3332	3334	3335	
3 3337	3330	578	
3 340	3339	3336	
3 3331	340	3334	
3 3335	3334	340	
3 3335	340	3336	
3 283	3332	3335	
3 3339	340	3333	
3 3336	3339	3340	
3 3038	3337	578	
3 3344	3346	3348	
3 3342	3339	3344	
3 3341	3335	3336	
3 3346	3333	3337	
3 3336	3340	871	
3 3336	871	3341	
3 3340	3339	3342	
3 3338	3341	871	
3 3345	3342	873	
3 3342	3345	3343	
3 3577	3532	872	
3 871	3340	3343	
3 3339	3346	3344	
3 3347	3344	3348	
3 3494	3701	873	
3 872	3614	3599	
3 3333	3346	3339	
3 927	3479	3436	
3 3479	3347	3436	
3 3494	3347	3479	
3 3346	3337	3348	
3 3480	3436	3348	
3 127	2616	3350	
3 3349	3350	3351	
3 3349	127	3350	
3 2430	128	3351	
3 3349	3351	128	
3 3355	3353	84	
3 3352	3353	3354	
3 3352	84	3353	
3 2311	85	3354	
3 3352	3354	85	
3 2174	3356	83	
3 2173	3355	2174	
3 161	2828	3358	
3 3355	84	3356	
3 3357	3358	3359	
3 3357	161	3358	
3 2938	162	3359	
3 3357	3359	162	
3 3360	2828	2835	
3 2843	603	3360	
3 238	2127	3362	
3 3361	3362	3363	
3 3361	238	3362	
3 3365	3363	615	
3 3305	239	3363	
3 3364	2127	2134	
3 2139	615	3364	
3 2141	3365	615	
3 3305	3365	558	
3 1633	3366	803	
3 980	1570	3366	
3 980	3437	3438	
3 1577	3367	832	
3 1617	1020	3368	
3 3641	3368	1020	
3 565	2686	3369	
3 3370	2686	938	
3 3570	3439	938	
3 979	3369	3370	
3 2936	3371	571	
3 2823	3371	984	
3 984	3371	3372	
3 2936	3372	3371	
3 3441	3373	981	
3 1760	3373	833	
3 838	1813	3374	
3 1021	3374	1813	
3 3534	3375	917	
3 3375	839	3376	
3 3376	820	818	
3 3376	839	3442	
3 3383	3447	3446	
3 3448	3449	3377	
3 3452	3378	1832	
3 3454	3443	3453	
3 1879	1888	3379	
3 1888	3380	3381	
3 3444	1888	880	
3 968	3382	3535	
3 3382	3380	3535	
3 3381	3380	3382	
3 947	3447	3448	
3 3381	3383	879	
3 3383	3382	3445	
3 3383	3445	3447	
3 3455	3384	808	
3 846	1945	3384	
3 3536	3385	923	
3 3385	3536	3537	
3 3386	728	2024	
3 3146	931	3386	
3 1483	3387	906	
3 1493	3387	711	
3 3389	3388	953	
3 3390	3388	952	
3 2063	3393	953	
3 3456	3389	3459	
3 952	3761	3457	
3 963	969	3390	
3 3391	969	3392	
3 2061	659	3391	
3 969	963	3392	
3 2066	3458	885	
3 3459	3393	924	
3 3389	953	3393	
3 3394	933	3642	
3 3581	1061	3692	
3 528	2123	3395	
3 975	3395	2123	
3 951	919	3396	
3 3396	919	3640	
3 2210	776	3397	
3 3460	3397	776	
3 2211	807	3398	
3 3461	910	2278	
3 3399	910	3486	
3 3399	948	3463	
3 3462	3400	2281	
3 909	2283	3400	
3 3516	663	901	
3 3401	902	3643	
3 2479	3402	936	
3 2309	3402	742	
3 889	3403	2434	
3 935	2436	3403	
3 3404	935	3644	
3 779	3661	3519	
3 3407	3405	661	
3 3405	970	3465	
3 2439	3406	934	
3 2395	3406	735	
3 955	2451	3408	
3 2441	3407	661	
3 2451	970	3408	
3 3405	3408	970	
3 3665	2633	3522	
3 2450	3466	954	
3 3540	3410	954	
3 964	970	3410	
3 3643	891	936	
3 1007	1057	3411	
3 813	3412	2551	
3 836	2573	3412	
3 2574	916	3413	
3 3521	3664	916	
3 2656	817	3414	
3 3414	3478	3433	
3 2682	3415	747	
3 622	651	3468	
3 3416	912	3721	
3 3554	3469	3416	
3 3541	780	2758	
3 3417	3541	3676	
3 3419	3418	911	
3 809	2847	3418	
3 3469	3419	911	
3 1060	3769	3470	
3 3488	897	3011	
3 3420	3555	3557	
3 2857	3527	904	
3 3421	3471	3488	
3 927	3481	3482	
3 3481	3436	3480	
3 3473	850	3426	
3 922	3040	3423	
3 3543	3424	922	
3 3424	3543	3582	
3 3474	657	3105	
3 3489	3472	958	
3 3583	3543	922	
3 850	3473	3423	
3 3104	943	3427	
3 3496	943	995	
3 900	3428	3145	
3 931	3146	3428	
3 3645	3429	978	
3 786	3220	3429	
3 785	1650	3439	
3 3570	938	3523	
3 1056	989	3431	
3 3431	989	3492	
3 3475	3432	913	
3 2135	3432	744	
3 759	3414	3433	
3 3478	3414	817	
3 3491	3476	3477	
3 3435	913	3282	
3 3283	3434	3435	
3 3435	3434	3477	
3 3347	3348	3436	
3 3480	3348	3337	
3 960	3437	1633	
3 3437	991	3438	
3 3438	991	3545	
3 832	3367	3438	
3 938	3439	3370	
3 3430	785	3439	
3 3546	3440	865	
3 3440	3546	3547	
3 1812	3441	981	
3 3441	992	3548	
3 3442	839	3549	
3 821	3442	1814	
3 3550	3443	961	
3 3443	3550	3441	
3 880	3528	3672	
3 3826	3808	3535	
3 3382	968	3445	
3 3449	3450	3377	
3 3446	947	1829	
3 879	3383	3446	
3 3448	3447	3445	
3 947	3446	3447	
3 3449	3448	3445	
3 3448	3377	3452	
3 968	3451	3445	
3 3449	3451	3450	
3 3449	3445	3451	
3 3450	3451	3483	
3 3484	3451	968	
3 3451	3484	3483	
3 3452	3377	3453	
3 947	3452	1832	
3 3454	3453	3377	
3 3443	3378	3453	
3 3450	3454	3377	
3 3443	3454	961	
3 3551	808	834	
3 3455	921	3552	
3 3459	3389	3393	
3 3625	3456	859	
3 1032	1051	3770	
3 3390	952	3457	
3 3392	963	3458	
3 3485	3458	963	
3 1976	3459	924	
3 3456	3459	859	
3 3648	776	2239	
3 3460	3648	3710	
3 3398	807	3461	
3 3486	3461	807	
3 910	3462	2281	
3 3399	3463	3464	
3 3463	948	3636	
3 806	909	3463	
3 3399	3464	3462	
3 3463	909	3464	
3 970	964	3465	
3 3465	964	3649	
3 3652	3466	3409	
3 3712	1033	3540	
3 3687	3553	3467	
3 867	3413	3467	
3 3487	665	971	
3 937	3415	3468	
3 2718	3469	911	
3 3554	3416	949	
3 3554	3470	3419	
3 3762	3470	949	
3 3488	3555	3420	
3 3421	904	3471	
3 3490	3472	994	
3 928	3425	3472	
3 3473	3426	3583	
3 922	3423	3473	
3 3427	958	3474	
3 3425	3474	958	
3 3475	913	3476	
3 744	3475	2145	
3 913	3435	3477	
3 816	3476	3491	
3 3564	3477	3434	
3 3491	2158	816	
3 3492	3478	817	
3 914	3433	3478	
3 3482	3501	927	
3 3493	3653	3479	
3 3337	3038	3480	
3 3481	3038	3422	
3 3038	3481	3480	
3 3482	3481	3422	
3 3422	973	3482	
3 3505	3493	3501	
3 1037	3620	3698	
3 3550	3606	992	
3 3771	968	3535	
3 3484	3771	3860	
3 3770	963	3457	
3 3635	886	2067	
3 3460	3486	807	
3 3486	987	3760	
3 3495	971	965	
3 937	3468	3487	
3 3555	3488	3471	
3 897	3488	3420	
3 3496	958	3427	
3 3497	3489	995	
3 994	993	3490	
3 3498	874	3071	
3 3477	950	3491	
3 3499	3491	950	
3 3431	3492	817	
3 3500	3492	3503	
3 3493	3654	3653	
3 3479	3653	3494	
3 3622	873	3701	
3 873	3347	3494	
3 3495	965	3558	
3 937	3487	3495	
3 943	3496	3427	
3 995	3489	3496	
3 995	3772	3559	
3 3560	3497	996	
3 3490	993	3498	
3 3502	3498	993	
3 3593	950	3561	
3 962	2158	3499	
3 3503	3492	989	
3 914	3500	3504	
3 3482	973	3501	
3 3493	3505	1035	
3 986	3502	993	
3 3562	3426	3085	
3 3611	989	3563	
3 3564	3434	3504	
3 3500	3503	3504	
3 3594	3611	3563	
3 3501	973	3505	
3 3582	1015	3714	
3 796	945	3506	
3 3565	3506	945	
3 851	1498	3507	
3 959	3507	1498	
3 1631	915	3508	
3 3566	3508	915	
3 1711	801	3509	
3 801	1719	3659	
3 852	3513	3607	
3 3510	3589	3551	
3 3510	3511	1715	
3 834	798	3511	
3 1039	1030	3512	
3 3513	3512	1030	
3 3696	3513	3733	
3 3607	3589	3510	
3 846	3552	3596	
3 1952	3514	3568	
3 3593	3610	962	
3 3515	3621	3700	
3 2203	902	3516	
3 3401	3516	902	
3 2210	3517	776	
3 596	733	3517	
3 3660	3518	892	
3 877	929	3518	
3 3661	779	3404	
3 3519	3661	3662	
3 3688	3520	2572	
3 3720	3663	3520	
3 836	3508	3566	
3 3664	3521	1002	
3 860	3663	3720	
3 1068	3712	3652	
3 3569	3523	895	
3 3523	3569	3570	
3 3667	2798	2803	
3 3547	862	3440	
3 3769	3768	3525	
3 3807	3572	1010	
3 3526	942	3527	
3 856	3526	2857	
3 942	3573	3575	
3 3471	904	3527	
3 3528	898	3671	
3 880	930	3528	
3 851	3507	3656	
3 943	3102	3529	
3 3640	843	3203	
3 3598	940	3775	
3 3576	3531	940	
3 3145	3531	900	
3 3577	285	3532	
3 284	3343	3532	
3 3673	3533	1021	
3 3674	3533	1065	
3 917	3533	3674	
3 3587	3549	3534	
3 3826	3380	3444	
3 3808	1112	3771	
3 3578	923	1941	
3 3536	923	3578	
3 3579	3537	1031	
3 3537	3579	3580	
3 3539	3538	775	
3 2230	732	3538	
3 3581	3539	775	
3 3539	3581	3692	
3 3466	3540	954	
3 3650	3540	3865	
3 3675	2758	976	
3 3676	3541	1055	
3 973	3422	3542	
3 655	3542	3422	
3 922	3473	3583	
3 3693	1015	3543	
3 900	3576	3605	
3 883	931	3544	
3 991	960	3585	
3 1020	1628	3545	
3 865	1828	3546	
3 3679	1828	868	
3 3547	3669	3668	
3 3668	3667	862	
3 3586	3548	992	
3 1813	3548	1021	
3 839	3534	3549	
3 3587	3534	1003	
3 3483	3588	961	
3 3550	961	3588	
3 3510	3551	834	
3 921	3455	3551	
3 3613	921	3590	
3 3596	3552	3613	
3 3687	3467	1028	
3 3520	3688	997	
3 3470	3554	949	
3 3419	3469	3554	
3 3471	3556	3555	
3 3556	3557	3555	
3 942	3575	3527	
3 3557	1058	3420	
3 3556	1008	3557	
3 1008	3774	3810	
3 3591	3558	965	
3 3558	3591	3592	
3 3773	3559	1093	
3 996	3497	3559	
3 3560	996	3690	
3 993	994	3560	
3 950	3477	3564	
3 3593	3561	3609	
3 874	3562	1999	
3 3426	3562	3502	
3 989	3958	3697	
3 3561	3594	3612	
3 3611	3504	3503	
3 3594	3564	3611	
3 3691	3565	945	
3 966	3790	3715	
3 3368	3641	915	
3 1002	3521	3566	
3 3776	3830	3812	
3 1952	3568	858	
3 3514	3567	3568	
3 3811	3776	3567	
3 895	3694	3725	
3 3569	3751	1018	
3 1063	3570	1018	
3 3439	3570	3430	
3 842	3571	2868	
3 3572	3525	1010	
3 3774	3574	1091	
3 3525	3572	3573	
3 3574	3573	3572	
3 3575	3597	3527	
3 1091	3574	3572	
3 3597	1008	3556	
3 3573	3574	3575	
3 3597	3556	3471	
3 3598	3576	940	
3 3619	3605	3598	
3 3599	3577	872	
3 1001	3623	3599	
3 3536	3601	1031	
3 3602	1031	3601	
3 3579	1031	3602	
3 3603	3580	1042	
3 866	3604	1971	
3 775	3394	3581	
3 3394	3642	3707	
3 3424	3582	972	
3 3867	3714	1015	
3 3426	986	3583	
3 3786	3818	3690	
3 3584	3619	3626	
3 883	3544	3584	
3 1036	3870	3706	
3 1020	3545	3585	
3 3606	3550	3588	
3 1065	3533	3673	
3 3587	3785	3684	
3 3684	3682	1826	
3 3588	3698	3620	
3 3699	3606	3620	
3 3510	852	3607	
3 3608	3590	921	
3 3608	921	3589	
3 3851	3590	1118	
3 3861	3591	965	
3 3591	3861	3862	
3 3592	3744	3725	
3 894	3694	2684	
3 950	3593	3499	
3 1019	3609	3561	
3 3594	3563	3612	
3 950	3564	3594	
3 1064	1002	3595	
3 1002	3566	3595	
3 3552	921	3613	
3 3514	3596	3567	
3 3575	3574	3597	
3 1008	3597	3574	
3 3530	3775	940	
3 3775	3530	1006	
3 3614	872	3345	
3 3599	3614	3615	
3 1005	3601	3600	
3 3577	3623	285	
3 3578	858	3600	
3 3602	3601	1005	
3 3727	3726	3602	
3 3579	3617	1042	
3 1042	3618	3603	
3 3618	3625	3603	
3 3603	3604	3580	
3 847	3604	1975	
3 3598	3605	3576	
3 3544	3605	3584	
3 3620	3606	3588	
3 3586	992	3606	
3 3513	3696	3607	
3 3608	1118	3590	
3 3589	3607	3608	
3 3608	3607	3696	
3 3863	3609	1019	
3 3609	3621	3610	
3 3593	3609	3610	
3 3621	3609	990	
3 3504	3611	3564	
3 3611	3503	989	
3 3563	989	3697	
3 1019	3561	3612	
3 3590	1004	3613	
3 3567	3613	1004	
3 3622	3614	3345	
3 3614	3622	3615	
3 3615	3880	3778	
3 3615	3778	3630	
3 3629	3630	286	
3 3776	3568	3567	
3 1042	3624	3618	
3 1042	3617	3624	
3 3625	3618	1044	
3 3598	1014	3619	
3 3626	3619	1014	
3 3698	3588	3483	
3 3673	3734	3735	
3 3621	990	3700	
3 3515	3610	3621	
3 873	3622	3345	
3 3701	3494	1067	
3 3599	3623	3577	
3 3629	3623	1001	
3 3617	1040	3624	
3 1044	3624	1040	
3 3456	3625	1044	
3 3625	859	1975	
3 3627	3626	1014	
3 3584	3626	3628	
3 3879	1014	3598	
3 3837	3835	3833	
3 3628	3819	3787	
3 882	3787	3691	
3 3630	3629	1001	
3 286	3616	3629	
3 3615	3630	1001	
3 1026	3813	3630	
3 3737	3702	3631	
3 876	3631	3702	
3 876	3632	946	
3 3632	967	3703	
3 3633	3686	3683	
3 3681	3546	3679	
3 883	3628	3634	
3 3691	3787	966	
3 3485	1011	3635	
3 3780	1011	1080	
3 3636	948	3704	
3 1059	3636	3705	
3 3692	3637	974	
3 3637	3692	3724	
3 3651	3649	3650	
3 3638	3651	3711	
3 3864	3639	1069	
3 3639	3864	3861	
3 3781	3640	919	
3 843	3640	3530	
3 3641	1020	3706	
3 3595	915	3641	
3 933	886	3642	
3 3780	3642	886	
3 3708	3643	902	
3 3411	891	3643	
3 935	889	3644	
3 3872	889	3711	
3 3645	978	3646	
3 3647	1056	3431	
3 3646	1063	3709	
3 3234	3646	978	
3 3429	3645	3647	
3 1056	3647	3645	
3 3637	3648	2239	
3 3710	3648	1054	
3 3650	3649	964	
3 888	3649	3651	
3 964	3540	3650	
3 3865	3540	1033	
3 3650	1012	3651	
3 3711	3873	3872	
3 3665	3652	3409	
3 3652	3665	3713	
3 3654	3493	1035	
3 1067	3494	3653	
3 3956	3654	1035	
3 3929	3736	1067	
3 3867	1015	3693	
3 3867	3869	3655	
3 1022	3772	3656	
3 851	3656	3529	
3 3715	959	3565	
3 3716	3657	1070	
3 3717	3658	1024	
3 3512	3658	1039	
3 1000	3659	1722	
3 1024	3509	3659	
3 3758	892	2483	
3 1052	3797	3737	
3 3718	3404	3644	
3 3662	3661	1062	
3 3718	3742	1062	
3 3662	3719	3675	
3 864	3520	3663	
3 3720	3520	997	
3 3664	1002	3866	
3 3467	916	3664	
3 2633	3665	861	
3 3665	3522	3713	
3 3666	3524	3670	
3 3639	2809	3666	
3 3668	862	3547	
3 2798	3667	3524	
3 3669	3547	998	
3 3668	3669	3670	
3 3815	3782	3669	
3 3668	3670	3524	
3 3782	3670	3669	
3 3666	3670	1069	
3 3759	898	3009	
3 3826	3671	1053	
3 3528	3671	3672	
3 3826	3672	3671	
3 3606	3699	3586	
3 3699	3620	3734	
3 3783	3674	1065	
3 1003	3534	3674	
3 3662	3675	976	
3 1055	3541	3675	
3 3677	3676	1055	
3 3678	3676	3677	
3 3784	3677	1055	
3 3891	3763	3795	
3 3678	988	3721	
3 3417	3676	3678	
3 868	3680	3679	
3 3681	998	3546	
3 3682	868	1826	
3 3633	3683	3681	
3 3679	3680	3681	
3 3633	3681	3680	
3 1826	918	3684	
3 3686	3685	1029	
3 3633	3685	3686	
3 3939	3832	1121	
3 3785	3587	1003	
3 3685	3684	1029	
3 3633	3682	3685	
3 3684	3685	3682	
3 3881	1029	3785	
3 3897	3686	3923	
3 3687	3796	3723	
3 3723	3688	3553	
3 2572	3553	3688	
3 3723	3553	3687	
3 1116	1108	3689	
3 3894	3824	3689	
3 3786	3690	996	
3 3818	986	3690	
3 945	882	3691	
3 3787	882	3634	
3 3692	1061	3724	
3 3539	3692	974	
3 3818	3583	986	
3 3867	3655	3714	
3 3725	3694	3592	
3 895	2684	3694	
3 3695	3726	3727	
3 1040	3726	3728	
3 3733	3513	1030	
3 3608	3696	1118	
3 3966	1126	3863	
3 1019	3612	3697	
3 3483	1097	3698	
3 3788	3698	1097	
3 3734	3620	1037	
3 3673	3586	3699	
3 3781	919	3814	
3 951	3700	919	
3 3736	3701	1067	
3 1027	3622	3701	
3 3631	877	3737	
3 3702	3737	3797	
3 967	1096	3703	
3 3789	3703	1096	
3 3399	3760	948	
3 987	3739	3874	
3 3636	3704	3705	
3 3704	1081	3705	
3 1020	3585	3706	
3 1036	3706	3585	
3 3394	3707	3581	
3 1016	3707	3642	
3 3871	902	941	
3 3411	3708	1007	
3 3957	3709	1063	
3 1105	3697	3958	
3 3739	3710	1054	
3 3740	3710	3739	
3 1012	3711	3651	
3 3644	3872	1017	
3 3712	1068	3741	
3 3540	3466	3712	
3 3743	3522	3720	
3 3713	3522	3743	
3 3505	3714	3655	
3 973	3582	3714	
3 966	3715	3565	
3 1070	3657	3715	
3 3791	3716	1070	
3 1038	3792	1022	
3 3793	1024	1000	
3 1041	3888	3794	
3 3644	1017	3718	
3 3742	3718	1017	
3 1075	4010	3784	
3 3675	3719	1055	
3 3720	997	3743	
3 860	3720	3522	
3 3721	988	3795	
3 810	3721	912	
3 3923	3935	3832	
3 3782	3815	3832	
3 3796	3687	1028	
3 997	3798	3743	
3 3748	1061	3738	
3 3724	3748	3753	
3 3744	3592	1013	
3 895	3725	3569	
3 3727	3602	1005	
3 3726	3695	3728	
3 1005	3729	3727	
3 3727	3729	3731	
3 3695	3730	3728	
3 3732	1040	3728	
3 3812	1005	3600	
3 3731	3745	3800	
3 3695	3727	3731	
3 3732	1046	1047	
3 3729	3830	3850	
3 3731	3729	3745	
3 1046	3732	3730	
3 1045	3732	1047	
3 3746	3733	1030	
3 1118	3696	3733	
3 3734	1037	3735	
3 3673	3699	3734	
3 1037	3788	3882	
3 1065	3816	3783	
3 3929	1067	3654	
3 3913	3880	3911	
3 877	3660	3737	
3 1052	3737	3660	
3 3752	1016	3747	
3 3748	3724	1061	
3 3724	3876	1054	
3 3874	3704	3760	
3 3486	3740	987	
3 3460	3710	3740	
3 3713	3799	1068	
3 3741	3964	3990	
3 3742	1017	3749	
3 3719	1062	3742	
3 3798	997	3723	
3 3713	3743	3799	
3 3750	3744	1013	
3 3725	3744	3751	
3 3745	1130	3973	
3 3800	3730	3731	
3 3746	1030	3886	
3 1098	1119	3900	
3 1016	1080	3747	
3 3747	3801	3755	
3 3738	3752	3748	
3 3753	3748	3754	
3 3873	1017	3872	
3 3959	3749	1137	
3 1013	3862	3965	
3 3751	3960	1018	
3 3744	3750	3751	
3 3751	3750	3960	
3 1016	3752	3738	
3 3754	3752	3747	
3 3753	1074	3875	
3 3724	3753	3876	
3 3755	3754	3747	
3 3753	3754	1074	
3 3801	3747	1080	
3 3987	3802	3962	
3 1000	3756	1025	
3 1722	1640	3756	
3 3910	3871	941	
3 841	2199	3757	
3 3803	3758	1057	
3 3660	892	3758	
3 3804	3759	1058	
3 3671	898	3759	
3 3874	3760	987	
3 3704	948	3760	
3 3457	3761	1045	
3 952	3456	3761	
3 949	3763	3766	
3 3765	3764	1082	
3 3795	3763	949	
3 988	3677	3805	
3 1060	3762	3764	
3 3762	949	3766	
3 3767	3765	1082	
3 1010	3525	3768	
3 3763	1073	3766	
3 1082	3766	1073	
3 3806	3767	1082	
3 3767	1087	3807	
3 3525	842	3769	
3 1060	3765	3768	
3 842	2848	3769	
3 3769	2848	3470	
3 3770	3457	1032	
3 1011	3485	3770	
3 3808	3771	3535	
3 3860	3771	1112	
3 3772	995	943	
3 1093	3772	1022	
3 3877	3773	1093	
3 3786	3773	1110	
3 3809	3774	1091	
3 3774	3809	3810	
3 3878	3775	1006	
3 3598	3775	3879	
3 3811	3567	1004	
3 1005	3812	3729	
3 3901	3943	1173	
3 3627	3898	3834	
3 3880	3615	1027	
3 3922	3831	3896	
3 1011	3780	3635	
3 3813	3779	3630	
3 1080	1016	3780	
3 3814	919	3700	
3 3530	3781	1006	
3 3669	998	3815	
3 3928	3864	3909	
3 3816	1065	3735	
3 3783	3816	3817	
3 1055	3719	3784	
3 1075	3784	3719	
3 3783	3817	1003	
3 3817	3881	3785	
3 3773	3786	996	
3 1110	1092	3786	
3 3634	3628	3787	
3 3819	3628	3627	
3 3908	1097	3860	
3 1037	3882	3735	
3 3883	3789	1096	
3 3585	3789	1036	
3 3819	966	3787	
3 966	3833	3790	
3 3836	3790	3835	
3 3836	3838	3791	
3 3791	3792	3716	
3 1109	3792	1079	
3 1025	3892	1000	
3 1041	3717	3793	
3 1039	3717	3794	
3 1041	3794	3717	
3 3795	988	3891	
3 3416	3795	949	
3 1028	3866	3969	
3 3741	1068	3822	
3 1052	1111	3797	
3 1111	967	3797	
3 3798	3855	3845	
3 3822	1068	3799	
3 3743	3798	3799	
3 3845	3822	3799	
3 3973	1130	3926	
3 4003	3800	3973	
3 3961	1080	1071	
3 3755	3962	3802	
3 1074	3755	3802	
3 3755	3801	3962	
3 1057	1007	3823	
3 1052	3660	3803	
3 3824	1058	3689	
3 1053	3671	3804	
3 3784	3805	3677	
3 3805	1104	3988	
3 1082	1073	3806	
3 3963	3806	1073	
3 3825	3807	1087	
3 3572	3807	1091	
3 3535	3380	3826	
3 3808	1053	3827	
3 3825	3809	1091	
3 3828	3809	3825	
3 1116	3689	3810	
3 3557	3810	3689	
3 3849	3848	3811	
3 3729	3812	3830	
3 3600	3776	3812	
3 3830	3776	3811	
3 3831	3813	1026	
3 287	3779	3813	
3 3863	3983	990	
3 990	3983	3814	
3 998	3683	3815	
3 3897	3832	3815	
3 3735	3882	3915	
3 3817	3816	1100	
3 3881	3976	3975	
3 3785	1003	3817	
3 1092	3818	3786	
3 3583	3818	3693	
3 3839	3837	1102	
3 966	3819	3833	
3 3839	3841	3820	
3 3790	3836	1070	
3 3919	3972	1078	
3 1041	3793	3821	
3 3845	3799	3798	
3 3964	3846	1120	
3 1131	4050	1107	
3 3803	1057	3823	
3 3894	3689	1108	
3 1053	3804	3824	
3 3847	1087	1085	
3 3825	1090	3828	
3 3826	3444	3672	
3 1053	3808	3826	
3 3824	3827	1053	
3 3827	3894	3920	
3 1090	3895	3921	
3 1116	3809	3828	
3 3849	3829	3848	
3 3829	3852	3857	
3 3811	3848	3830	
3 3829	3850	3848	
3 3896	1026	3778	
3 3858	3813	3831	
3 3897	3815	3683	
3 3832	3897	3923	
3 3833	3819	3834	
3 3835	3820	3836	
3 3819	3627	3834	
3 3898	3627	3777	
3 3790	3833	3835	
3 3837	3833	3834	
3 3838	3836	3820	
3 3791	1070	3836	
3 1102	3837	3834	
3 3820	3835	3837	
3 3820	3837	3839	
3 3820	3841	3838	
3 3839	3842	3841	
3 3841	3844	3843	
3 1167	4034	4011	
3 1079	3791	3840	
3 3839	1102	3842	
3 3791	3843	3840	
3 1102	3898	3936	
3 1167	3844	3854	
3 3838	3841	3843	
3 3844	3841	3842	
3 3854	3844	3842	
3 3840	3844	1167	
3 3798	3723	3855	
3 3855	3904	3845	
3 3741	3822	3846	
3 3845	3846	3822	
3 3899	3847	1085	
3 1090	3825	3847	
3 3849	3811	1004	
3 3857	3859	3829	
3 3851	3849	1004	
3 3852	3849	3851	
3 3745	3850	1130	
3 3830	3848	3850	
3 3590	3851	1004	
3 3900	3851	1118	
3 1119	3856	3857	
3 3829	3849	3852	
3 3853	3858	3905	
3 1119	3857	3852	
3 3842	3901	3854	
3 1180	4062	3902	
3 3903	3855	3796	
3 3904	3846	3845	
3 4012	1119	1098	
3 3850	3859	1130	
3 3857	3856	3859	
3 1095	3858	3831	
3 3853	287	3858	
3 3906	3856	4012	
3 3859	3856	3906	
3 3907	3860	1112	
3 3908	3860	1128	
3 965	956	3861	
3 3639	3861	956	
3 3940	1034	3928	
3 1013	3965	3750	
3 3966	3863	1019	
3 4027	3954	3878	
3 3782	3909	1069	
3 3864	1069	3909	
3 1033	3741	3990	
3 3865	3990	3967	
3 1002	3968	3866	
3 4026	3968	1099	
3 3693	3868	3867	
3 3867	3868	3869	
3 3818	3868	3693	
3 3868	1092	3869	
3 1092	1110	4013	
3 3869	4013	3956	
3 1036	3883	3885	
3 1064	3991	3968	
3 941	3757	3910	
3 1089	1007	3871	
3 889	3872	3644	
3 3873	3711	1012	
3 3967	3873	1012	
3 3749	3873	1137	
3 3739	1103	3874	
3 1072	3874	1103	
3 3802	3875	1074	
3 3876	1103	3739	
3 3753	3875	3876	
3 1103	3876	3875	
3 1093	1109	3877	
3 1079	4033	1109	
3 4027	1006	3814	
3 3954	3953	3878	
3 3775	3878	3879	
3 3878	3953	3955	
3 3911	1027	3736	
3 3880	3913	3930	
3 3817	1100	3976	
3 3722	3975	3934	
3 3788	3914	3882	
3 1100	3816	3915	
3 3884	1096	1127	
3 3883	3884	3885	
3 1127	1113	3884	
3 3884	1113	3885	
3 1113	4066	4001	
3 3870	1036	3885	
3 3886	1043	3887	
3 1039	3886	1030	
3 1043	3888	3890	
3 3900	3916	1098	
3 3889	3888	1041	
3 3888	3889	3890	
3 3893	3889	1041	
3 1142	1106	3889	
3 3932	3917	3890	
3 1043	3890	3917	
3 988	3805	3891	
3 3805	3763	3891	
3 1078	3821	3892	
3 1000	3892	3821	
3 3889	3893	1142	
3 1041	3821	3893	
3 3920	3894	1108	
3 3827	3824	3894	
3 1090	3899	4070	
3 4016	1132	3920	
3 3930	3896	3778	
3 3946	3938	3922	
3 3683	3686	3897	
3 3923	3686	3722	
3 1139	3947	3951	
3 1102	3834	3898	
3 3989	1085	3963	
3 4045	3895	4070	
3 3733	3900	1118	
3 3900	3746	3916	
3 3842	1102	3936	
3 3902	3901	1173	
3 3901	3902	3854	
3 4051	3902	1173	
3 3969	3903	3796	
3 4015	3903	1200	
3 3855	3903	3904	
3 1120	3904	3903	
3 3925	3905	1095	
3 1124	3979	3949	
3 3926	4002	3994	
3 3859	3926	1130	
3 3933	3827	3920	
3 3907	3933	3927	
3 3914	1128	1114	
3 3788	1097	3908	
3 3832	3909	3782	
3 3864	3928	1034	
3 3757	1009	3910	
3 1089	3910	1009	
3 3736	3912	3911	
3 3922	3896	3941	
3 3929	3912	3736	
3 3931	3913	3912	
3 3911	3912	3913	
3 3931	3912	1101	
3 3908	3914	3788	
3 3971	3915	3882	
3 3914	3971	3882	
3 3971	3914	1114	
3 3746	3887	3916	
3 3887	1043	3917	
3 3890	1106	3932	
3 3917	3932	3942	
3 1066	1023	3919	
3 1078	3892	3918	
3 3919	1077	3972	
3 1078	3918	3919	
3 4016	3920	1108	
3 1132	3927	3933	
3 3895	1108	3921	
3 1108	1116	3921	
3 3896	3930	3941	
3 1095	3938	3925	
3 3722	3881	3975	
3 3923	3722	3934	
3 3943	3944	1173	
3 3842	3936	3943	
3 3938	1095	3922	
3 3945	3925	3938	
3 3906	1133	4002	
3 3745	3973	3800	
3 4017	3927	1132	
3 4020	3927	1136	
3 3909	3939	3928	
3 3978	3939	1121	
3 3956	3929	3654	
3 3929	3956	3984	
3 3880	3930	3778	
3 1125	3930	3913	
3 3984	3974	1101	
3 3931	3974	3980	
3 4141	4140	3932	
3 3916	3942	1098	
3 3827	3933	1112	
3 1132	3933	3920	
3 3934	3977	3935	
3 3832	3935	1121	
3 3923	3934	3935	
3 3977	3934	1204	
3 3777	3936	3898	
3 3936	3924	3943	
3 3979	3937	3949	
3 3950	3945	1145	
3 3946	3922	3941	
3 3945	3938	1145	
3 3832	3939	3909	
3 3978	3940	3928	
3 3978	3928	3939	
3 3965	3940	1151	
3 3930	1125	3941	
3 3946	3941	1125	
3 4035	3942	4063	
3 4012	4035	1133	
3 3943	3924	3944	
3 3842	3943	3901	
3 3947	3924	3951	
3 3944	3924	3947	
3 1124	3925	3945	
3 3980	3946	1125	
3 3938	3946	1145	
3 3947	3952	3948	
3 3944	3947	3948	
3 3952	3947	1139	
3 1181	3948	4022	
3 1124	3949	3925	
3 3937	288	3949	
3 3946	3996	1145	
3 3950	1155	3982	
3 3924	3777	3951	
3 3879	3878	3955	
3 3952	1139	3954	
3 1181	4022	1176	
3 1139	3951	3953	
3 3777	3953	3951	
3 3954	4027	3983	
3 3954	3983	4054	
3 3953	3777	3955	
3 3777	3879	3955	
3 3869	3956	1035	
3 3984	1101	3929	
3 1063	1018	3957	
3 1018	3960	3985	
3 3709	1076	3958	
3 4023	3958	1076	
3 3967	4025	1137	
3 3959	4024	4057	
3 3750	1138	3960	
3 3985	1076	3957	
3 3986	1071	1050	
3 3962	3961	1083	
3 3961	3962	3801	
3 3802	3987	1166	
3 3988	3963	1073	
3 3989	3963	1141	
3 4052	3964	1120	
3 3990	3865	1033	
3 3940	3965	3862	
3 1138	3965	1151	
3 3697	1105	3966	
3 1105	4023	4039	
3 4025	3967	1150	
3 3873	3967	1137	
3 1064	3968	1002	
3 4026	3969	3866	
3 4026	3866	3968	
3 3903	3969	1200	
3 4044	3877	1109	
3 3970	4044	4043	
3 4020	4021	1114	
3 3915	3971	3993	
3 1077	4120	3972	
3 4145	4119	4141	
3 3926	3994	3973	
3 3973	3994	4003	
3 1219	1161	3974	
3 3974	1161	3980	
3 3881	3817	3976	
3 1204	3934	3975	
3 3976	1100	4030	
3 1204	3975	3976	
3 1204	4060	4097	
3 1121	4053	3978	
3 1121	3977	4053	
3 1151	3940	3978	
3 1124	3982	3998	
3 289	3937	3979	
3 3980	1125	3931	
3 3981	3996	4004	
3 1161	4239	4122	
3 1169	4007	1160	
3 3997	3982	1155	
3 3998	3997	1144	
3 3863	1126	3983	
3 4054	3983	1126	
3 3956	1208	3984	
3 1208	4212	3984	
3 3960	1138	3985	
3 3999	3985	1138	
3 4000	3986	1050	
3 1083	3961	3986	
3 3962	1083	3987	
3 4055	4074	1211	
3 3805	3988	1073	
3 4028	3988	1104	
3 4041	1141	4028	
3 3899	1085	3989	
3 3964	1150	3990	
3 3967	3990	1150	
3 4001	3870	3885	
3 1099	3968	3991	
3 4030	4059	1205	
3 3971	1114	3992	
3 3971	3992	3993	
3 4059	4030	3993	
3 4002	3926	3906	
3 4003	3994	1134	
3 1144	4031	3998	
3 3998	4031	3979	
3 4004	3996	3980	
3 3950	3996	3981	
3 4005	3997	1155	
3 3997	4005	4007	
3 3997	3998	3982	
3 4031	1144	4046	
3 1170	3999	1138	
3 1152	4039	4023	
3 4061	1050	1048	
3 4074	4091	1211	
3 1113	4001	3885	
3 1099	3991	4001	
3 4204	4008	4227	
3 3994	4002	4006	
3 4003	1134	4032	
3 1046	3800	4003	
3 3980	1161	4004	
3 1161	3981	4004	
3 1155	3981	4005	
3 4147	3981	4122	
3 4008	4006	4002	
3 4061	4032	4084	
3 1160	4007	4005	
3 290	3995	4046	
3 4002	1133	4008	
3 4035	4128	4152	
3 4008	4009	4006	
3 4228	4098	4204	
3 3959	4010	1075	
3 4028	1141	3988	
3 1079	3840	4011	
3 1167	4011	3840	
3 4035	1098	3942	
3 3906	4012	1133	
3 4124	4013	1129	
3 3956	4013	1208	
3 3802	1166	4014	
3 4014	1166	4125	
3 1200	4067	4086	
3 4015	4134	4052	
3 4036	3895	4045	
3 4036	1158	4018	
3 4018	4017	1132	
3 4017	4018	4019	
3 1132	4016	4018	
3 4036	4018	4016	
3 4037	4019	1158	
3 4019	4037	4038	
3 4021	4020	1136	
3 1114	1128	4020	
3 1136	4019	4038	
3 3992	1114	4021	
3 3948	3952	4022	
3 3952	4054	4073	
3 1076	3999	4023	
3 1152	4023	3999	
3 1171	1153	4024	
3 4057	4024	1153	
3 4025	1150	4058	
3 4024	1137	4025	
3 4040	4026	1099	
3 1200	3969	4026	
3 1006	4027	3878	
3 3814	3983	4027	
3 4077	4010	4057	
3 4029	4041	1210	
3 4193	4029	1210	
3 4123	4029	1159	
3 4030	1205	4060	
3 1100	3993	4030	
3 1144	4007	4042	
3 4031	289	3979	
3 4084	1134	4009	
3 1134	4084	4032	
3 4043	4033	1117	
3 4044	4033	4043	
3 4062	1167	3902	
3 1167	4062	4034	
3 4063	3942	3932	
3 4035	4063	4128	
3 3895	4036	4016	
3 1158	4036	1147	
3 4064	1158	1147	
3 4037	4064	4065	
3 4076	4056	4038	
3 4021	1136	4038	
3 1233	4126	4209	
3 3966	4126	1126	
3 1099	4001	4066	
3 4040	1201	4067	
3 4028	4010	4077	
3 4094	4041	4077	
3 4007	1169	4042	
3 4049	4046	4042	
3 3970	4043	4069	
3 3877	4044	3970	
3 1109	4033	4044	
3 4070	3895	1090	
3 4070	1159	4047	
3 1144	4042	4046	
3 4049	1169	4071	
3 4193	1159	4029	
3 1147	4045	4047	
3 4048	4049	4071	
3 1169	4049	4042	
3 4048	290	4049	
3 1131	1111	4050	
3 1052	4050	1111	
3 3948	4051	1173	
3 4072	4051	1181	
3 4015	4052	1120	
3 4078	4095	4058	
3 4275	4053	3977	
3 4053	1174	4202	
3 4073	1176	4022	
3 3952	3954	4054	
3 4055	1211	4075	
3 4055	4075	4092	
3 4021	4038	4056	
3 4076	4038	1165	
3 4057	1153	4077	
3 4010	3959	4057	
3 1150	4078	4058	
3 4052	4095	4078	
3 3992	4080	4059	
3 4059	4080	4081	
3 4083	4060	1205	
3 3976	4060	1204	
3 4000	4061	1122	
3 1048	4032	4061	
3 1180	1179	4062	
3 4087	4062	4099	
3 4140	4063	3932	
3 4128	4063	1184	
3 4047	4195	4150	
3 4065	4064	1164	
3 4065	4136	4093	
3 4104	4082	4096	
3 1113	1148	4066	
3 1201	4066	1148	
3 4085	4067	1201	
3 1200	4086	4015	
3 4099	4068	4087	
3 4157	1199	4217	
3 4043	4068	4069	
3 4157	4068	4099	
3 1159	4070	3899	
3 4047	4045	4070	
3 4088	4071	1169	
3 291	4071	4110	
3 4089	4072	1181	
3 4090	4072	1183	
3 4054	1126	4073	
3 4073	1126	4126	
3 3987	1083	4074	
3 4000	4074	1083	
3 4205	1211	4103	
3 1211	4205	4075	
3 4093	4076	1165	
3 4096	4082	1149	
3 4094	4077	1153	
3 4028	4077	4041	
3 3964	4078	1150	
3 4095	4052	1175	
3 4203	4079	1175	
3 4079	1178	4137	
3 4056	4080	3992	
3 4081	4080	1149	
3 4082	4081	1149	
3 1205	4131	4083	
3 4096	1149	4076	
3 4082	4104	4107	
3 1205	4081	4131	
3 4275	4097	1207	
3 4098	4084	4009	
3 1122	4061	4084	
3 4132	4085	1201	
3 4085	4132	4133	
3 4085	4086	4067	
3 4134	1175	4052	
3 4034	4062	4087	
3 4099	4062	1179	
3 1160	4101	1169	
3 4088	1169	4101	
3 1176	4089	1181	
3 4159	4089	1182	
3 4102	4090	1183	
3 1179	1180	4090	
3 4000	1122	4091	
3 1122	4098	4103	
3 4135	4075	1213	
3 4125	4092	1222	
3 1165	4065	4093	
3 4136	4065	1164	
3 1171	4137	1153	
3 1210	4041	4094	
3 1175	4079	4095	
3 4058	4095	4079	
3 4076	4093	4096	
3 4104	4096	4093	
3 1207	4097	4083	
3 3977	1204	4097	
3 4204	4098	4009	
3 4098	1212	4103	
3 4138	4099	1179	
3 4099	4138	4157	
3 1160	4105	4101	
3 4206	4105	1244	
3 4147	4233	1160	
3 4088	4106	1191	
3 4139	4102	1183	
3 4138	4102	1193	
3 1211	4091	4103	
3 4103	4091	1122	
3 4093	1186	4104	
3 4082	4107	1206	
3 1191	4108	4112	
3 4110	4100	291	
3 4105	4106	4101	
3 4108	4106	1188	
3 4104	1186	4107	
3 1186	4277	4109	
3 1206	4107	4109	
3 4108	4111	4112	
3 1186	4109	4107	
3 4088	1191	4110	
3 4110	1191	4113	
3 4114	4111	1188	
3 4111	4114	4116	
3 1194	4115	4112	
3 4113	292	4100	
3 1191	4112	4113	
3 4113	4112	4115	
3 4206	1188	4105	
3 4114	1188	4206	
3 4115	4118	4117	
3 4113	4115	292	
3 1194	4116	4118	
3 4115	4117	292	
3 4117	4118	293	
3 4116	1198	4278	
3 4141	4119	4140	
3 4118	4116	4278	
3 4144	4167	4183	
3 1123	4120	1077	
3 1172	4208	4121	
3 3972	4120	4121	
3 1172	4121	4120	
3 4105	4233	1244	
3 4005	4147	1160	
3 3899	3989	4123	
3 4029	4123	3989	
3 4124	1129	4129	
3 4212	4148	1226	
3 4092	4125	1166	
3 4149	4125	1222	
3 4209	4126	4039	
3 4126	1233	4130	
3 4195	4199	4127	
3 4150	1164	4064	
3 4128	1184	4151	
3 4152	1133	4035	
3 1129	4069	4129	
3 4218	4068	4157	
3 4130	4264	4248	
3 1176	4130	4248	
3 4082	4131	4081	
3 4131	1206	4153	
3 1201	1148	4132	
3 4154	4132	1148	
3 4210	4133	1202	
3 4155	4133	1216	
3 4086	1203	4134	
3 4155	4134	1203	
3 1213	4172	4156	
3 1222	4092	4135	
3 1164	4201	4249	
3 4136	1261	4334	
3 4198	4194	4224	
3 1210	4094	4137	
3 4102	4138	1179	
3 4158	4138	1193	
3 1183	4159	4139	
3 4159	4161	4139	
3 4141	3932	1106	
3 4142	4140	4119	
3 4143	4141	1106	
3 4141	4143	4145	
3 4145	4167	4119	
3 4063	4142	1184	
3 1142	4143	1106	
3 4121	1154	4143	
3 4168	4146	4144	
3 4142	4119	4144	
3 4143	1154	4145	
3 4119	4167	4144	
3 4144	4174	4168	
3 4171	4151	1184	
3 3981	4147	4005	
3 4147	4122	4211	
3 1208	4124	4148	
3 4129	4148	4124	
3 4169	4149	1222	
3 1140	4170	1084	
3 4047	4150	1147	
3 4150	4127	4201	
3 4171	1184	4146	
3 4222	4151	4171	
3 4128	4151	4152	
3 4152	4151	4259	
3 4109	4214	1206	
3 4153	1206	4214	
3 1163	4154	1148	
3 1185	1202	4154	
3 4133	4155	1203	
3 4203	1178	4079	
3 4169	4156	1223	
3 1222	4135	4156	
3 4235	1227	4241	
3 4068	4218	4069	
3 1193	4164	4166	
3 4219	4158	4165	
3 4089	4159	1183	
3 1182	4160	4161	
3 4304	4220	1238	
3 4160	4220	4163	
3 1182	4161	4159	
3 4162	4161	4160	
3 4163	4162	4160	
3 4164	4162	1190	
3 4221	4304	1242	
3 4220	4304	4163	
3 1190	4165	4166	
3 4139	4164	1193	
3 4221	1190	4163	
3 4219	4165	1197	
3 1190	4166	4164	
3 4158	4166	4165	
3 1154	4173	4145	
3 4145	4173	4167	
3 4438	4168	1246	
3 4222	4171	4168	
3 4156	4169	1222	
3 4175	4169	1223	
3 4149	1157	4170	
3 1084	4178	1088	
3 4146	4168	4171	
3 4222	4168	1260	
3 4180	4172	1213	
3 4187	1229	4181	
3 1154	4121	4208	
3 4188	4192	4174	
3 4167	4173	4183	
3 4188	1154	4182	
3 4176	4175	1223	
3 4175	4176	4177	
3 4181	4176	1223	
3 4176	4181	4184	
3 4185	4177	1225	
3 4177	4185	4179	
3 4170	1157	4178	
3 1157	4177	4179	
3 1088	4178	4179	
3 1157	4179	4178	
3 4075	4205	4270	
3 4273	4180	4270	
3 1223	4172	4181	
3 4181	4172	4187	
3 4182	4192	4188	
3 4173	4188	4183	
3 4173	1154	4188	
3 4144	4183	4174	
3 1224	4279	1229	
3 1225	4184	4190	
3 4190	4185	1225	
3 4191	4185	1162	
3 4186	1146	1156	
3 1088	4186	1107	
3 4172	4180	4187	
3 4180	1224	4187	
3 4192	4182	1195	
3 4174	4183	4188	
3 4256	4223	4189	
3 4190	1162	4185	
3 4184	4189	4190	
3 4223	4190	4189	
3 1163	4191	1162	
3 1156	1146	4191	
3 4300	4192	1195	
3 1246	4174	4192	
3 1210	4194	4196	
3 4195	4127	4150	
3 1210	4137	4194	
3 4224	4137	1178	
3 1159	4193	4195	
3 4196	4195	4193	
3 1210	4196	4193	
3 4197	4196	4194	
3 4198	4197	4194	
3 4197	1221	4199	
3 4194	4137	4224	
3 4225	1262	4200	
3 4200	4199	1221	
3 4199	4200	4201	
3 4200	1221	4225	
3 4136	1164	4249	
3 4201	4200	4249	
3 4150	4201	1164	
3 4226	4202	1174	
3 1151	4202	1170	
3 4155	1216	4203	
3 4250	4203	1216	
3 4008	4204	4009	
3 4228	4204	1209	
3 1212	4228	4230	
3 4262	4270	4205	
3 4251	1244	4280	
3 4206	1244	4251	
3 1123	1143	4207	
3 1189	4207	1143	
3 4208	1172	4231	
3 4182	1154	4208	
3 4039	1152	4209	
3 1152	4258	4232	
3 4301	1202	1185	
3 4210	1215	4292	
3 4122	1232	4211	
3 4280	1232	1245	
3 4234	4212	1226	
3 4212	1219	3984	
3 4148	4129	4213	
3 4129	1220	4213	
3 4215	4109	1217	
3 4215	4253	4214	
3 1217	4284	4252	
3 4214	4253	4216	
3 4216	1218	4254	
3 1207	4153	4216	
3 1220	4217	1227	
3 4218	4217	4129	
3 4217	4218	4157	
3 4129	4069	4218	
3 4235	4219	1197	
3 1199	4158	4219	
3 1182	4265	4160	
3 4089	4248	1182	
3 4255	4268	4290	
3 1190	4221	4255	
3 4236	4281	4229	
3 4227	4259	4236	
3 4189	1231	4256	
3 4223	4256	4286	
3 1178	4203	4250	
3 1239	4198	4224	
3 4198	1239	4225	
3 4385	4225	1239	
3 4276	1174	4275	
3 4226	1177	4258	
3 4259	4008	4152	
3 4236	4151	4222	
3 4229	4228	1209	
3 4098	4228	1212	
3 4236	1209	4227	
3 4230	4229	4237	
3 4237	4229	1228	
3 1212	4230	4262	
3 1172	1189	4231	
3 4260	1189	1192	
3 4274	1177	4267	
3 4287	1243	4311	
3 1244	4233	4211	
3 4105	1160	4233	
3 4238	4234	1226	
3 4239	4234	1232	
3 4240	4235	1197	
3 1227	4217	4241	
3 4281	4222	1260	
3 4229	1209	4236	
3 4261	4237	1228	
3 4262	4205	1212	
3 1220	4238	1226	
3 1232	4238	1230	
3 4122	4239	1232	
3 1161	1219	4239	
3 4255	1197	4165	
3 4243	4242	4240	
3 4217	1199	4241	
3 4219	4241	1199	
3 4243	4240	1236	
3 4246	4244	1235	
3 4245	4243	1236	
3 4243	4245	4244	
3 1227	4242	4244	
3 4243	4244	4242	
3 4282	4245	1236	
3 4263	4245	1237	
3 4246	1235	4247	
3 1227	4246	1220	
3 4263	4247	1235	
3 1230	4238	4247	
3 4264	4130	1233	
3 1182	4248	4265	
3 4200	1261	4249	
3 1261	4136	4249	
3 4283	4250	1216	
3 1239	4224	4250	
3 4251	4288	4266	
3 4266	4114	4206	
3 4306	1256	4272	
3 4252	4306	4253	
3 4252	4253	4215	
3 1218	4216	4253	
3 4254	1218	4267	
3 4226	1174	4254	
3 4268	4221	1242	
3 4240	1197	4255	
3 4285	4256	1231	
3 4257	4286	1185	
3 4257	1185	4154	
3 1162	4223	4257	
3 4232	4258	1177	
3 1152	1170	4258	
3 4236	4259	4151	
3 4008	4259	4227	
3 4269	1192	1196	
3 1195	4231	4260	
3 4305	4261	1228	
3 4261	4305	4291	
3 4273	4237	4261	
3 4270	1213	4075	
3 4245	4263	1235	
3 4271	4263	1237	
3 4232	4264	1233	
3 4265	4220	4160	
3 4248	4264	4265	
3 4232	4287	4264	
3 4288	4251	1240	
3 4266	4288	4289	
3 4253	4306	1218	
3 4267	4272	4274	
3 4295	4290	4268	
3 4290	4240	4255	
3 4325	4300	4269	
3 1195	4260	4269	
3 4273	4270	4262	
3 4180	1213	4270	
3 4333	4271	1237	
3 1245	1230	4271	
3 4307	4272	1256	
3 4272	1243	4274	
3 4237	4273	4262	
3 4261	4180	4273	
3 4274	1243	4287	
3 4232	1177	4274	
3 4276	4275	1207	
3 4053	4275	1174	
3 4216	4276	1207	
3 1174	4276	4254	
3 4334	1186	4136	
3 1261	4335	4334	
3 1198	4289	4337	
3 294	293	4278	
3 4291	4279	1224	
3 1231	4189	4279	
3 1232	4280	4211	
3 1245	1240	4280	
3 4364	4281	1260	
3 1228	4229	4281	
3 1236	4240	4290	
3 4329	4282	4324	
3 4292	4283	1216	
3 1239	4283	1251	
3 4293	1217	4277	
3 4307	4308	4309	
3 4321	4285	1231	
3 4285	4321	4322	
3 4285	4286	4256	
3 4303	4302	4301	
3 4220	4265	4287	
3 4264	4287	4265	
3 1240	1245	4323	
3 4289	4288	1273	
3 1273	4336	4289	
3 4337	4278	1198	
3 4295	4268	1242	
3 4290	4295	4297	
3 4261	4291	1224	
3 4339	4321	4291	
3 4210	4292	1216	
3 4292	1215	4296	
3 4335	4277	4334	
3 4319	4293	1248	
3 1257	4314	4316	
3 4312	4294	4314	
3 4328	1242	4369	
3 4295	4328	4324	
3 4298	4296	1215	
3 4296	4298	4299	
3 4324	4297	4295	
3 4282	1236	4297	
3 4302	1215	4301	
3 4322	1249	4285	
3 4365	4299	1252	
3 1251	4366	1239	
3 4269	4300	1195	
3 4300	1274	4367	
3 4303	1185	4286	
3 1215	4302	4298	
3 4301	1185	4303	
3 1249	4298	4302	
3 4286	1249	4303	
3 1249	4302	4303	
3 4304	1238	4326	
3 4221	4163	4304	
3 4281	4305	1228	
3 4427	4305	1280	
3 1256	4306	4252	
3 4272	1218	4306	
3 4294	4308	1256	
3 4307	1256	4308	
3 4294	4310	4308	
3 4307	4309	1243	
3 4310	4309	4308	
3 4311	1238	4287	
3 4312	4310	4294	
3 1258	4313	4310	
3 4313	4309	4310	
3 4309	4313	4311	
3 4314	1257	4318	
3 1258	4312	4315	
3 1258	4338	4313	
3 4326	4342	4338	
3 4316	4314	4294	
3 4317	4315	4312	
3 4317	4312	4314	
3 4315	4327	4331	
3 4294	4284	4316	
3 4293	4316	4284	
3 4318	4317	4314	
3 4317	4320	4327	
3 4293	4319	1257	
3 4317	4318	4320	
3 4423	1348	4343	
3 4327	4315	4317	
3 4318	4319	4320	
3 4406	4423	4319	
3 1231	4291	4321	
3 4339	4291	1250	
3 4322	1264	4340	
3 4298	1249	4322	
3 4428	4323	1259	
3 1273	4288	4323	
3 4295	1242	4328	
3 4329	4324	1272	
3 4341	4325	1196	
3 4368	4325	4341	
3 1238	4311	4342	
3 4326	1279	4369	
3 4320	4330	4327	
3 4331	1292	4315	
3 4370	4328	1291	
3 1272	4324	4328	
3 1272	1301	4371	
3 4282	4329	4372	
3 4343	4330	4320	
3 4332	4331	4330	
3 4327	4330	4331	
3 4332	4330	1281	
3 4373	4332	1281	
3 4374	1298	4375	
3 1237	4282	4372	
3 4323	4333	1259	
3 4335	1261	1248	
3 1186	4334	4277	
3 1248	4293	4335	
3 4277	4335	4293	
3 4428	4344	1273	
3 294	4278	4345	
3 4289	4336	4337	
3 1247	4337	4336	
3 4338	1258	4315	
3 4326	4338	1279	
3 4346	4339	1250	
3 4339	4346	4354	
3 4381	1264	4354	
3 4340	1307	4376	
3 1196	1234	4341	
3 4380	1234	1241	
3 4311	4313	4342	
3 4338	4342	4313	
3 4319	4343	4320	
3 4458	4457	1308	
3 1282	1271	4344	
3 4336	4347	1247	
3 1247	4349	4337	
3 294	4348	295	
3 4305	4427	1250	
3 4404	4445	4427	
3 1271	4353	4344	
3 4350	4351	1263	
3 4345	4349	4348	
3 4349	4352	4348	
3 4337	4349	4345	
3 4350	4349	1247	
3 4351	1247	4347	
3 4352	4350	1263	
3 4347	4353	4351	
3 4351	4353	4358	
3 296	4357	4356	
3 4348	4352	295	
3 4344	4353	4347	
3 4358	1268	4356	
3 4395	4346	1277	
3 4381	4340	1264	
3 4357	296	4355	
3 295	4352	4355	
3 1263	4351	4358	
3 1268	4360	4356	
3 1263	4356	4357	
3 4353	1271	4358	
3 4382	4435	1287	
3 1268	4361	4360	
3 4360	297	4359	
3 4356	4360	4359	
3 4382	4361	1268	
3 4363	4360	4361	
3 4430	4362	4363	
3 1276	4363	4361	
3 4362	297	4363	
3 4383	4364	1260	
3 4305	4364	1280	
3 4376	4365	1252	
3 4384	4365	1295	
3 4299	1253	4366	
3 4385	4366	1253	
3 4386	4367	1274	
3 4367	4386	4387	
3 4388	4368	1254	
3 1274	4325	4368	
3 4393	4369	1279	
3 4328	4369	1291	
3 1291	4401	4421	
3 1301	1272	4370	
3 1322	4434	1305	
3 4372	4333	1237	
3 4329	4371	4372	
3 4371	4434	4452	
3 4429	4373	1281	
3 4458	4413	4447	
3 4332	1299	4374	
3 4374	4410	4408	
3 4375	1292	4374	
3 1279	4338	4375	
3 4377	4376	1307	
3 4376	4377	4365	
3 4402	4381	4395	
3 4377	4378	4379	
3 1289	4379	4394	
3 4377	4379	1295	
3 4394	4379	4378	
3 4398	4379	1289	
3 1265	4380	1241	
3 1254	4341	4380	
3 4395	4354	4346	
3 4381	4354	4395	
3 4358	4382	1268	
3 4361	4396	1276	
3 4438	1246	4387	
3 4364	4397	1280	
3 1295	4379	4398	
3 4384	4398	4405	
3 4385	1253	4399	
3 4385	1262	4225	
3 4390	4386	1274	
3 4436	4386	1283	
3 4437	4387	1284	
3 1260	4438	4383	
3 1254	1265	4389	
3 4390	4388	1283	
3 4439	1265	1270	
3 4388	4391	1283	
3 4386	4390	1283	
3 4368	4390	1274	
3 4389	1269	4391	
3 4392	4391	1269	
3 4440	4392	1269	
3 4436	1284	4386	
3 4375	4393	1279	
3 4401	4393	1298	
3 4378	1334	4394	
3 1334	4559	4441	
3 4422	1334	4378	
3 4381	4402	1307	
3 4382	1287	4396	
3 4396	4442	4403	
3 4383	1293	4397	
3 4444	4404	4397	
3 4398	4446	4405	
3 4405	4399	4384	
3 4399	1267	4400	
3 1253	4384	4399	
3 4400	1267	4406	
3 1262	4385	4400	
3 4407	4401	1298	
3 4421	1300	4419	
3 4402	4395	4422	
3 4378	1307	4402	
3 4403	4451	4431	
3 1276	4396	4403	
3 4404	1314	4445	
3 1280	4397	4404	
3 4446	4398	1289	
3 4423	4405	1348	
3 4423	4406	1267	
3 4319	1248	4406	
3 4408	4407	1298	
3 4409	4407	1302	
3 1298	4374	4408	
3 4410	4374	1299	
3 4414	1302	4411	
3 4412	4409	4414	
3 4413	4410	1299	
3 1302	4408	4410	
3 4416	1302	4410	
3 1337	4425	4424	
3 4415	4412	1297	
3 1300	4409	4412	
3 4447	1299	4373	
3 4420	4416	4413	
3 1302	4414	4409	
3 4414	4411	4417	
3 4418	4415	1297	
3 4415	1301	4419	
3 4420	4413	1304	
3 4411	1302	4416	
3 4424	4417	4411	
3 4418	4425	1303	
3 4425	1297	4417	
3 4418	1303	1305	
3 1301	4370	4419	
3 4421	4419	4370	
3 4426	4424	4411	
3 4411	4416	4420	
3 1291	4421	4370	
3 4401	1300	4421	
3 4395	1277	4422	
3 4502	1277	4445	
3 4423	1267	4405	
3 4343	4319	4423	
3 4420	4426	4411	
3 4426	4420	1304	
3 4424	4425	4417	
3 4549	1323	4540	
3 4504	1304	4458	
3 4426	4449	4459	
3 4404	4427	1280	
3 4346	1250	4427	
3 4450	4428	1259	
3 4428	1282	4344	
3 4343	1348	4429	
3 4528	4429	1348	
3 1276	4403	4431	
3 298	4362	4430	
3 4451	4403	1313	
3 4433	4430	4431	
3 4485	4432	4433	
3 1288	4433	4431	
3 4432	298	4433	
3 4450	4434	1316	
3 4333	4452	1259	
3 4358	1271	4435	
3 4443	1287	4454	
3 4392	1285	4436	
3 4501	4541	1285	
3 4453	4437	1284	
3 4383	4437	1293	
3 4438	1260	4168	
3 4437	4438	4387	
3 1265	4439	4389	
3 1270	1290	4439	
3 4489	1269	1290	
3 4440	1296	4499	
3 4529	4441	4561	
3 1289	4394	4441	
3 4443	4442	1287	
3 1313	4403	4442	
3 4454	1287	4435	
3 4443	1318	4455	
3 4444	4463	4456	
3 4463	4444	1293	
3 4502	4445	1314	
3 4346	4445	1277	
3 4441	4446	1289	
3 1348	4405	4446	
3 4457	4447	4373	
3 4413	4458	1304	
3 1334	4422	4448	
3 1277	4448	4422	
3 4565	4531	4449	
3 4426	4459	4424	
3 4450	1259	4452	
3 4450	1316	4503	
3 4460	4451	1313	
3 1288	4431	4451	
3 4372	4452	4333	
3 4450	4452	4434	
3 4530	1284	4436	
3 4463	1315	4575	
3 4475	1271	1282	
3 4466	4474	4476	
3 4461	4455	1318	
3 4455	4461	4462	
3 1315	4567	4575	
3 4456	4581	4502	
3 4373	4429	4457	
3 4429	1308	4457	
3 4457	4458	4447	
3 4458	1308	4504	
3 4531	4459	4449	
3 1337	4424	4459	
3 4462	1313	4455	
3 4460	1319	4486	
3 4464	4461	1318	
3 4461	4464	4465	
3 1325	4460	4462	
3 4460	1313	4462	
3 1293	4453	4463	
3 1315	4463	4453	
3 1318	4466	4464	
3 4464	4466	4467	
3 4468	4465	1326	
3 4465	4468	4471	
3 4474	4466	1318	
3 4467	4466	1311	
3 4482	1311	4479	
3 1326	4480	4469	
3 4469	4468	1326	
3 4468	4469	4470	
3 4480	1326	4467	
3 4483	4469	4480	
3 1330	4470	4469	
3 1331	1329	4470	
3 4472	1329	1328	
3 4471	4472	4473	
3 4472	4505	4481	
3 4471	4473	1325	
3 4481	4473	4472	
3 4460	4473	1319	
3 4443	4474	1318	
3 4454	4475	4476	
3 1271	4475	4454	
3 4478	1324	4479	
3 4454	4476	4474	
3 4476	4475	4477	
3 4478	4477	4475	
3 4477	4478	4479	
3 4475	1282	4478	
3 4503	1282	4450	
3 4483	4484	1327	
3 4482	4484	4483	
3 4482	4467	1311	
3 4480	4482	4483	
3 4505	4472	1328	
3 4506	1312	4486	
3 4482	4479	4484	
3 4480	4467	4482	
3 4507	4483	1327	
3 1330	4469	4483	
3 4479	1324	4484	
3 4518	1324	4513	
3 4488	4485	4486	
3 299	4432	4485	
3 4460	4486	1288	
3 4485	1288	4486	
3 4532	300	4487	
3 1312	4488	4486	
3 4487	299	4488	
3 1290	4491	4490	
3 1296	4440	4489	
3 4492	4490	1306	
3 1296	4489	4490	
3 1290	1278	4491	
3 4493	4491	1278	
3 1306	4495	4498	
3 4492	1349	4536	
3 4494	1278	1275	
3 4495	4493	1294	
3 4496	4494	1275	
3 1294	4493	4494	
3 4496	4511	1294	
3 1306	4498	4492	
3 4509	1275	13	
3 4496	1286	4511	
3 4525	4497	1317	
3 4498	4497	1309	
3 4497	4498	4495	
3 1349	4498	1309	
3 4500	4499	1296	
3 4499	4500	4501	
3 4536	1296	4490	
3 4500	4536	4544	
3 4500	1321	4501	
3 4530	4541	1315	
3 4456	4502	1314	
3 1320	4448	4502	
3 4503	1316	4513	
3 4478	1282	4503	
3 4504	4560	4537	
3 4504	1308	4560	
3 4514	4505	1328	
3 1338	4481	4505	
3 4481	1338	4506	
3 4543	4533	4506	
3 4538	4507	1327	
3 4507	1339	4539	
3 1324	4508	4484	
3 4508	4548	4552	
3 4515	4510	12	
3 1286	4496	4509	
3 4511	1286	4512	
3 4509	13	4510	
3 4497	1294	4511	
3 4512	1286	4515	
3 4517	4512	1310	
3 1316	1322	4513	
3 4518	4513	1322	
3 4592	1363	4577	
3 4553	1336	4543	
3 4516	4519	12	
3 4509	4515	1286	
3 1310	4519	4522	
3 4519	4512	4515	
3 4520	4517	1310	
3 4521	4517	1343	
3 4518	1322	4540	
3 4508	1324	4518	
3 4512	4519	1310	
3 4526	1310	4522	
3 4520	4526	4523	
3 4524	1343	1341	
3 4497	4525	1309	
3 4516	11	4522	
3 4526	11	1335	
3 1335	1345	4523	
3 1345	1343	4523	
3 1359	4578	1341	
3 4524	4527	4525	
3 1317	4521	4525	
3 4524	4525	4521	
3 11	4526	4522	
3 4523	4526	1335	
3 1341	4527	4524	
3 4570	1350	4551	
3 4529	1348	4446	
3 4560	1352	4537	
3 4561	4441	1340	
3 4528	1348	4529	
3 1315	4453	4530	
3 4530	4453	1284	
3 4449	4537	4565	
3 1370	4614	4531	
3 1312	4533	4532	
3 4488	4532	4487	
3 4506	4533	1312	
3 4535	4532	4533	
3 4562	4534	4535	
3 1336	4535	4533	
3 4534	300	4535	
3 4544	4536	1349	
3 4500	1296	4536	
3 4537	1352	4565	
3 4449	4504	4537	
3 4508	4538	1327	
3 4538	1342	4545	
3 1339	1333	4539	
3 1330	4546	1331	
3 1322	1303	4540	
3 4549	4540	1303	
3 1321	4542	4501	
3 4541	4501	4542	
3 4566	4542	1321	
3 4541	4567	1315	
3 4550	4543	1338	
3 4543	4550	4553	
3 1349	4551	4544	
3 4544	4551	4611	
3 1342	4552	4556	
3 4558	4576	4545	
3 4539	1333	4546	
3 4547	1332	1328	
3 4546	1333	4547	
3 4599	4598	4547	
3 4552	4548	1323	
3 4508	4518	4548	
3 4425	1337	4549	
3 1323	4583	4554	
3 1338	4514	4550	
3 4569	4550	4514	
3 4570	1349	1309	
3 4596	4611	1350	
3 4556	1323	4554	
3 4508	4552	1342	
3 4550	1354	4553	
3 4553	4571	4555	
3 1323	4549	4583	
3 4556	4554	4557	
3 4555	4564	4562	
3 4587	4564	1351	
3 4557	4554	1353	
3 1342	4556	4558	
3 4585	4557	1353	
3 4568	4545	4576	
3 4556	4557	4558	
3 4585	4601	4557	
3 4448	1320	4559	
3 1320	4613	4612	
3 4529	4561	4528	
3 4560	4561	4586	
3 4586	4561	1340	
3 4560	4528	4561	
3 4555	4562	1336	
3 301	4534	4562	
3 4587	302	4563	
3 1351	4564	4555	
3 4563	301	4564	
3 4586	4630	1352	
3 4531	4565	4573	
3 4611	4566	1321	
3 4629	4566	1374	
3 4574	4542	4566	
3 4575	4456	4463	
3 4568	1344	4597	
3 1333	1339	4568	
3 1332	4569	4514	
3 4569	4592	4577	
3 4570	4527	4578	
3 1349	4570	4551	
3 1354	4577	4579	
3 1351	4555	4571	
3 4572	1382	4591	
3 4565	1352	4572	
3 4565	4572	4573	
3 4591	4573	4572	
3 4566	1369	4574	
3 4567	4580	4575	
3 4580	4567	4574	
3 1320	4502	4581	
3 4557	4576	4558	
3 1344	4568	4576	
3 4593	4577	1363	
3 4593	4579	4577	
3 1341	4578	4527	
3 4594	4578	1359	
3 4579	4602	4588	
3 1351	4571	4579	
3 4574	1369	4580	
3 4612	4613	1383	
3 4575	4580	4581	
3 1369	4581	4580	
3 1333	4568	4597	
3 1363	4592	4600	
3 4549	1337	4583	
3 4583	1337	4584	
3 4531	4584	1337	
3 4584	4531	4614	
3 4614	1353	4584	
3 4667	4619	4641	
3 4612	4586	1340	
3 1383	4645	4638	
3 4588	1351	4579	
3 4564	4587	4563	
3 4602	4579	1356	
3 4590	4587	4588	
3 4615	303	4589	
3 1355	4590	4588	
3 4589	302	4590	
3 4618	4591	4651	
3 1382	4651	4591	
3 4569	1332	4592	
3 1332	4598	4600	
3 4603	4593	1363	
3 4593	4603	4605	
3 4595	4594	1359	
3 4594	4595	4596	
3 4631	4595	1359	
3 4595	4631	4632	
3 1361	1374	4596	
3 4611	4596	1374	
3 4623	4621	4619	
3 4582	4597	4624	
3 4599	4547	1333	
3 4582	4600	4598	
3 1333	4597	4599	
3 4597	4582	4599	
3 4582	1357	4600	
3 4606	4603	4600	
3 4557	4601	4576	
3 4585	4633	4641	
3 4604	4602	1356	
3 1355	4588	4602	
3 1363	4600	4603	
3 4606	4600	1357	
3 1356	4593	4605	
3 4602	4607	1355	
3 1367	4605	4603	
3 4604	1356	4605	
3 4628	1357	4626	
3 4606	4664	4610	
3 4604	1366	4607	
3 4607	4620	4609	
3 4610	4608	1367	
3 1366	4604	4608	
3 4609	4617	4615	
3 1362	4634	4617	
3 4606	4610	1367	
3 4644	4637	1368	
3 4566	4611	1374	
3 4544	4611	1321	
3 4638	4630	4586	
3 1340	4559	4612	
3 4581	1369	4613	
3 1369	4629	4650	
3 1370	4591	4618	
3 1353	4614	4633	
3 1355	4609	4615	
3 4590	4615	4589	
3 4616	4617	4634	
3 1362	4617	4609	
3 4616	303	4617	
3 4618	4646	4640	
3 1370	4618	4640	
3 4597	4623	4624	
3 4585	4619	4621	
3 4625	4620	1366	
3 1362	4609	4620	
3 4585	4621	4601	
3 4619	4622	4623	
3 1388	4627	4619	
3 1357	4624	4626	
3 4624	4623	4622	
3 4597	1344	4623	
3 4626	4624	4622	
3 4582	4624	1357	
3 4610	4625	1366	
3 1373	4642	4625	
3 4627	4622	4619	
3 4626	4622	4627	
3 4652	4627	1388	
3 4627	4652	4628	
3 4668	1368	4687	
3 4606	1357	4628	
3 4665	4629	1374	
3 4629	1387	4650	
3 4612	4638	4586	
3 1382	4572	4630	
3 1359	1347	4631	
3 4639	1347	1364	
3 4653	4632	1360	
3 4632	4653	4660	
3 4614	1370	4640	
3 4633	4640	4641	
3 4635	4634	1362	
3 1371	4654	4643	
3 4625	4635	1362	
3 4635	4625	4642	
3 4654	305	4636	
3 1371	4643	4635	
3 1373	4625	4637	
3 4610	4637	4625	
3 4612	1383	4638	
3 4645	1383	1376	
3 4666	4639	1364	
3 4639	4666	4679	
3 4646	4618	1386	
3 4640	4646	4641	
3 4641	1377	4667	
3 4619	4585	4641	
3 4647	4642	1373	
3 4642	4647	4648	
3 4636	304	4643	
3 4668	4644	1368	
3 4644	4668	4680	
3 4657	4645	1376	
3 1382	4630	4645	
3 4658	4646	1386	
3 4641	4646	1377	
3 1373	4644	4647	
3 4644	1384	4647	
3 4647	1384	4648	
3 4648	4669	4649	
3 4649	4656	4654	
3 1378	4672	4656	
3 1383	4613	4650	
3 4650	4613	1369	
3 4662	4659	4651	
3 1386	4618	4651	
3 4667	4686	1388	
3 4652	4686	4705	
3 4679	1360	4639	
3 4653	4679	4699	
3 1371	4649	4654	
3 4643	4654	4636	
3 4672	4655	4656	
3 1378	4656	4649	
3 4655	305	4656	
3 4661	4657	1376	
3 4659	4662	4663	
3 1386	4659	4676	
3 4675	4658	1392	
3 1386	4651	4659	
3 4651	1382	4662	
3 1375	1381	4660	
3 4665	4660	1381	
3 1376	1383	4671	
3 4661	4681	4700	
3 1382	4657	4662	
3 4663	4662	4657	
3 4657	4661	4663	
3 1385	4663	4661	
3 4606	4628	4664	
3 1395	4664	4628	
3 1361	4665	1374	
3 1387	4665	1381	
3 1364	1365	4666	
3 4701	1365	1372	
3 4675	4667	1377	
3 4667	4675	4686	
3 4687	1368	4664	
3 4668	4687	4694	
3 4670	4669	1384	
3 1378	4649	4669	
3 4644	4680	1384	
3 1393	4688	4670	
3 4681	4671	1387	
3 4661	1376	4671	
3 4673	4672	1378	
3 306	4655	4672	
3 4673	1378	4670	
3 4682	4672	4673	
3 4693	4674	4682	
3 1389	4682	4673	
3 4702	4675	1392	
3 4675	1397	4686	
3 4677	4659	1385	
3 1392	4658	4676	
3 4678	4677	1385	
3 1392	4676	4677	
3 4700	1385	4661	
3 4716	1407	1411	
3 1380	4679	4666	
3 4653	1360	4679	
3 4668	1402	4680	
3 4670	4683	1393	
3 4703	1387	1381	
3 4681	1394	4700	
3 4674	306	4682	
3 1402	4684	4680	
3 4683	4680	4684	
3 4720	4721	4714	
3 4683	4685	1393	
3 4713	4695	4685	
3 4690	4688	4689	
3 4705	4686	1397	
3 4652	1388	4686	
3 4664	1395	4687	
3 4694	4687	1395	
3 4689	1393	4685	
3 1389	4673	4688	
3 4689	4695	4691	
3 4691	4696	4692	
3 4691	4690	4689	
3 4690	4691	4692	
3 4695	4689	4685	
3 4691	1399	4696	
3 4692	4698	4693	
3 4708	4698	1404	
3 4692	4693	1389	
3 307	4674	4693	
3 4714	4652	4705	
3 4694	4714	4721	
3 4713	4684	4704	
3 4713	4712	4695	
3 4706	4696	1399	
3 1404	4696	4707	
3 4708	4697	4698	
3 1404	4698	4692	
3 4697	307	4698	
3 1380	1400	4699	
3 1412	4699	1400	
3 4711	1394	4703	
3 4678	1385	4700	
3 1391	4701	1372	
3 1380	4666	4701	
3 4716	1392	4678	
3 4717	4702	1411	
3 4710	4703	1381	
3 4703	4710	4711	
3 4712	1399	4695	
3 4684	1402	4704	
3 1397	4702	4717	
3 1395	4714	4694	
3 4706	1399	4712	
3 4733	4724	4731	
3 4696	4706	4707	
3 4706	1409	4707	
3 4707	4708	1404	
3 308	4697	4708	
3 1413	1407	4709	
3 4678	4709	1407	
3 1381	1375	4710	
3 4718	4710	1375	
3 4711	1406	4719	
3 4709	1394	4711	
3 4704	1433	4712	
3 4749	4745	4712	
3 4684	4713	4685	
3 4712	4713	4704	
3 4720	4705	4717	
3 4705	4720	4714	
3 4722	1409	4725	
3 4707	4722	4708	
3 1407	4716	4678	
3 1411	4702	4716	
3 4728	4717	1411	
3 4720	4717	1417	
3 4699	4718	1375	
3 4723	4718	1412	
3 4723	4719	1406	
3 4719	4723	4729	
3 4740	4720	1417	
3 4721	1402	4694	
3 4721	4720	4740	
3 4704	1402	4721	
3 4715	4725	309	
3 4722	4715	308	
3 4730	4723	1412	
3 4723	1418	4729	
3 4731	1409	4706	
3 4727	4725	4724	
3 4727	1414	4732	
3 4732	4726	4727	
3 1414	4727	4724	
3 4726	309	4727	
3 1411	1416	4728	
3 4766	4756	1416	
3 4729	1418	4741	
3 1413	4729	4742	
3 1412	4743	4730	
3 1443	4765	4744	
3 4745	4731	4706	
3 4734	4733	4731	
3 1414	4735	4736	
3 310	4726	4732	
3 4731	4745	4734	
3 1414	4733	4735	
3 4746	4734	1422	
3 4735	1428	4736	
3 4733	4734	4735	
3 4734	4746	4750	
3 4738	1428	4747	
3 4738	4739	4736	
3 4738	311	4737	
3 4732	4739	310	
3 1428	4738	4736	
3 311	4738	1427	
3 4737	310	4739	
3 4740	1417	4756	
3 4740	1433	4704	
3 4744	4741	1418	
3 4753	4752	1425	
3 4729	4741	4742	
3 4748	4742	4741	
3 1400	4743	1412	
3 4759	4743	1421	
3 4759	4730	4743	
3 4759	4760	4761	
3 4706	4712	4745	
3 4749	4712	1433	
3 1422	4749	4755	
3 4750	1428	4735	
3 4751	4747	1428	
3 1423	1427	4747	
3 4752	4748	4741	
3 1420	4753	1416	
3 4763	4749	1433	
3 1422	4745	4749	
3 4746	1430	4750	
3 4751	1423	4747	
3 4750	1430	4751	
3 4754	4751	1430	
3 4765	4741	4744	
3 4752	4741	4765	
3 4752	4753	4748	
3 1444	4787	4766	
3 1439	4770	4767	
3 1430	1408	4754	
3 1430	4746	4755	
3 1416	4756	4728	
3 4787	4756	4766	
3 4763	4764	1439	
3 1433	4740	4757	
3 1396	4758	1400	
3 1403	4773	4768	
3 4772	1421	4768	
3 4730	4759	4744	
3 1438	4780	4762	
3 4759	4761	4744	
3 4762	4761	4760	
3 1443	4744	4761	
3 1438	4762	4760	
3 4769	4762	1437	
3 4757	4763	1433	
3 4755	4763	1439	
3 4757	1440	4764	
3 4770	1434	4767	
3 4765	4790	4771	
3 4752	4771	1425	
3 4753	1425	4766	
3 4788	4766	1425	
3 4767	1434	4785	
3 1430	4755	4767	
3 1421	4758	4768	
3 1403	4768	4758	
3 4789	4769	1437	
3 4793	4790	1449	
3 4764	1440	4770	
3 4792	4794	4787	
3 4765	1443	4790	
3 4771	4790	4793	
3 4774	4772	1426	
3 4760	4772	1438	
3 1403	1410	4773	
3 4775	1410	1419	
3 4776	4774	1426	
3 4774	1432	4777	
3 1431	4775	1419	
3 1426	4773	4775	
3 4775	4776	1426	
3 1431	1424	4778	
3 1432	4779	4777	
3 4786	1415	4784	
3 4781	1415	4779	
3 1432	4776	4778	
3 4781	4779	1432	
3 4784	4796	4786	
3 1438	4777	4780	
3 4779	4780	4777	
3 4783	1447	4795	
3 4778	1424	4781	
3 4782	4785	4791	
3 1434	4770	4783	
3 4791	4785	1434	
3 4786	1437	4780	
3 4782	1408	4785	
3 4780	4779	4786	
3 1415	4786	4779	
3 4792	4787	1444	
3 1440	4756	4787	
3 4793	4788	4771	
3 4797	4800	1450	
3 1437	4786	4796	
3 4789	4796	4799	
3 1443	4769	4790	
3 1449	4790	4769	
3 1434	4783	4791	
3 4791	4783	4795	
3 4797	4792	1444	
3 4794	1447	4783	
3 4798	4793	1449	
3 4788	4793	1448	
3 1447	4794	4792	
3 4770	4794	4783	
3 4801	4805	1447	
3 4795	4805	4812	
3 4784	1401	4796	
3 4799	4796	1401	
3 4788	4797	1444	
3 4797	1450	4801	
3 4802	4798	1449	
3 4798	4802	4803	
3 4810	4817	1445	
3 1451	4803	4802	
3 4788	1448	4800	
3 4808	4800	1448	
3 4804	4801	1450	
3 4801	4804	4805	
3 1449	4799	4802	
3 4809	4802	4799	
3 1451	4817	4810	
3 4810	1452	4814	
3 4813	1450	4808	
3 4813	4815	4811	
3 4812	1454	4806	
3 4795	1447	4805	
3 4814	1448	4803	
3 1454	1453	4806	
3 4799	1401	4807	
3 4808	1452	4813	
3 4799	4807	4809	
3 1455	4809	4807	
3 314	4810	1445	
3 4814	1452	4808	
3 4811	4804	4813	
3 1446	1457	4811	
3 1454	4812	4805	
3 1398	4812	4806	
3 4813	1452	4815	
3 1450	4813	4804	
3 1448	4814	4808	
3 4803	4810	4814	
3 4816	4815	1452	
3 1446	4811	4815	
3 4810	4816	1452	
3 314	1446	4816	
3 4809	1455	4817	
3 1455	312	4818	
3 1455	4818	4817	
3 312	1435	4818	
CELL_TYPES 9107
5
5
5
5
5
5
5
5
5
5
5
5
5
5
5
5
5
5
5
5
5
5
5
5
5
5
5
5
5
5
5
5
5
5
5
5
5
5
5
5
5
5
5
5
5
5
5
5
5
5
5
5
5
5
5
5
5
5
5
5
5
5
5
5
5
5
5
5
5
5
5
5
5
5
5
5
5
5
5
5
5
5
5
5
5
5
5
5
5
5
5
5
5
5
5
5
5
5
5
5
5
5
5
5
5
5
5
5
5
5
5
5
5
5
5
5
5
5
5
5
5
5
5
5
5
5
5
5
5
5
5
5
5
5
5
5
5
5
5
5
5
5
5
5
5
5
5
5
5
5
5
5
5
5
5
5
5
5
5
5
5
5
5
5
5
5
5
5
5
5
5
5
5
5
5
5
5
5
5
5
5
5
5
5
5
5
5
5
5
5
5
5
5
5
5
5
5
5
5
5
5
5
5
5
5
5
5
5
5
5
5
5
5
5
5
5
5
5
5
5
5
5
5
5
5
5
5
5
5
5
5
5
5
5
5
5
5
5
5
5
5
5
5
5
5
5
5
5
5
5
5
5
5
5
5
5
5
5
5
5
5
5
5
5
5
5
5
5
5
5
5
5
5
5
5
5
5
5
5
5
5
5
5
5
5
5
5
5
5
5
5
5
5
5
5
5
5
5
5
5
5
5
5
5
5
5
5
5
5
5
5
5
5
5
5
5
5
5
5
5
5
5
5
5
5
5
5
5
5
5
5
5
5
5
5
5
5
5
5
5
5
5
5
5
5
5
5
5
5
5
5
5
5
5
5
5
5
5
5
5
5
5
5
5
5
5
5
5
5
5
5
5
5
5
5
5
5
5
5
5
5
5
5
5
5
5
5
5
5
5
5
5
5
5
5
5
5
5
5
5
5
5
5
5
5
5
5
5
5
5
5
5
5
5
5
5
5
5
5
5
5
5
5
5
5
5
5
5
5
5
5
5
5
5
5
5
5
5
5
5
5
5
5
5
5
5
5
5
5
5
5
5
5
5
5
5
5
5
5
5
5
5
5
5
5
5
5
5
5
5
5
5
5
5
5
5
5
5
5
5
5
5
5
5
5
5
5
5
5
5
5
5
5
5
5
5
5
5
5
5
5
5
5
5
5
5
5
5
5
5
5
5
5
5
5
5
5
5
5
5
5
5
5
5
5
5
5
5
5
5
5
5
5
5
5
5
5
5
5
5
5
5
5
5
5
5
5
5
5
5
5
5
5
5
5
5
5
5
5
5
5
5
5
5
5
5
5
5
5
5
5
5
5
5
5
5
5
5
5
5
5
5
5
5
5
5
5
5
5
5
5
5
5
5
5
5
5
5
5
5
5
5
5
5
5
5
5
5
5
5
5
5
5
5
5
5
5
5
5
5
5
5
5
5
5
5
5
5
5
5
5
5
5
5
5
5
5
5
5
5
5
5
5
5
5
5
5
5
5
5
5
5
5
5
5
5
5
5
5
5
5
5
5
5
5
5
5
5
5
5
5
5
5
5
5
5
5
5
5
5
5
5
5
5
5
5
5
5
5
5
5
5
5
5
5
5
5
5
5
5
5
5
5
5
5
5
5
5
5
5
5
5
5
5
5
5
5
5
5
5
5
5
5
5
5
5
5
5
5
5
5
5
5
5
5
5
5
5
5
5
5
5
5
5
5
5
5
5
5
5
5
5
5
5
5
5
5
5
5
5
5
5
5
5
5
5
5
5
5
5
5
5
5
5
5
5
5
5
5
5
5
5
5
5
5
5
5
5
5
5
5
5
5
5
5
5
5
5
5
5
5
5
5
5
5
5
5
5
5
5
5
5
5
5
5
5
5
5
5
5
5
5
5
5
5
5
5
5
5
5
5
5
5
5
5
5
5
5
5
5
5
5
5
5
5
5
5
5
5
5
5
5
5
5
5
5
5
5
5
5
5
5
5
5
5
5
5
5
5
5
5
5
5
5
5
5
5
5
5
5
5
5
5
5
5
5
5
5
5
5
5
5
5
5
5
5
5
5
5
5
5
5
5
5
5
5
5
5
5
5
5
5
5
5
5
5
5
5
5
5
5
5
5
5
5
5
5
5
5
5
5
5
5
5
5
5
5
5
5
5
5
5
5
5
5
5
5
5
5
5
5
5
5
5
5
5
5
5
5
5
5
5
5
5
5
5
5
5
5
5
5
5
5
5
5
5
5
5
5
5
5
5
5
5
5
5
5
5
5
5
5
5
5
5
5
5
5
5
5
5
5
5
5
5
5
5
5
5
5
5
5
5
5
5
5
5
5
5
5
5
5
5
5
5
5
5
5
5
5
5
5
5
5
5
5
5
5
5
5
5
5
5
5
5
5
5
5
5
5
5
5
5
5
5
5
5
5
5
5
5
5
5
5
5
5
5
5
5
5
5
5
5
5
5
5
5
5
5
5
5
5
5
5
5
5
5
5
5
5
5
5
5
5
5
5
5
5
5
5
5
5
5
5
5
5
5
5
5
5
5
5
5
5
5
5
5
5
5
5
5
5
5
5
5
5
5
5
5
5
5
5
5
5
5
5
5
5
5
5
5
5
5
5
5
5
5
5
5
5
5
5
5
5
5
5
5
5
5
5
5
5
5
5
5
5
5
5
5
5
5
5
5
5
5
5
5
5
5
5
5
5
5
5
5
5
5
5
5
5
5
5
5
5
5
5
5
5
5
5
5
5
5
5
5
5
5
5
5
5
5
5
5
5
5
5
5
5
5
5
5
5
5
5
5
5
5
5
5
5
5
5
5
5
5
5
5
5
5
5
5
5
5
5
5
5
5
5
5
5
5
5
5
5
5
5
5
5
5
5
5
5
5
5
5
5
5
5
5
5
5
5
5
5
5
5
5
5
5
5
5
5
5
5
5
5
5
5
5
5
5
5
5
5
5
5
5
5
5
5
5
5
5
5
5
5
5
5
5
5
5
5
5
5
5
5
5
5
5
5
5
5
5
5
5
5
5
5
5
5
5
5
5
5
5
5
5
5
5
5
5
5
5
5
5
5
5
5
5
5
5
5
5
5
5
5
5
5
5
5
5
5
5
5
5
5
5
5
5
5
5
5
5
5
5
5
5
5
5
5
5
5
5
5
5
5
5
5
5
5
5
5
5
5
5
5
5
5
5
5
5
5
5
5
5
5
5
5
5
5
5
5
5
5
5
5
5
5
5
5
5
5
5
5
5
5
5
5
5
5
5
5
5
5
5
5
5
5
5
5
5
5
5
5
5
5
5
5
5
5
5
5
5
5
5
5
5
5
5
5
5
5
5
5
5
5
5
5
5
5
5
5
5
5
5
5
5
5
5
5
5
5
5
5
5
5
5
5
5
5
5
5
5
5
5
5
5
5
5
5
5
5
5
5
5
5
5
5
5
5
5
5
5
5
5
5
5
5
5
5
5
5
5
5
5
5
5
5
5
5
5
5
5
5
5
5
5
5
5
5
5
5
5
5
5
5
5
5
5
5
5
5
5
5
5
5
5
5
5
5
5
5
5
5
5
5
5
5
5
5
5
5
5
5
5
5
5
5
5
5
5
5
5
5
5
5
5
5
5
5
5
5
5
5
5
5
5
5
5
5
5
5
5
5
5
5
5
5
5
5
5
5
5
5
5
5
5
5
5
5
5
5
5
5
5
5
5
5
5
5
5
5
5
5
5
5
5
5
5
5
5
5
5
5
5
5
5
5
5
5
5
5
5
5
5
5
5
5
5
5
5
5
5
5
5
5
5
5
5
5
5
5
5
5
5
5
5
5
5
5
5
5
5
5
5
5
5
5
5
5
5
5
5
5
5
5
5
5
5
5
5
5
5
5
5
5
5
5
5
5
5
5
5
5
5
5
5
5
5
5
5
5
5
5
5
5
5
5
5
5
5
5
5
5
5
5
5
5
5
5
5
5
5
5
5
5
5
5
5
5
5
5
5
5
5
5
5
5
5
5
5
5
5
5
5
5
5
5
5
5
5
5
5
5
5
5
5
5
5
5
5
5
5
5
5
5
5
5
5
5
5
5
5
5
5
5
5
5
5
5
5
5
5
5
5
5
5
5
5
5
5
5
5
5
5
5
5
5
5
5
5
5
5
5
5
5
5
5
5
5
5
5
5
5
5
5
5
5
5
5
5
5
5
5
5
5
5
5
5
5
5
5
5
5
5
5
5
5
5
5
5
5
5
5
5
5
5
5
5
5
5
5
5
5
5
5
5
5
5
5
5
5
5
5
5
5
5
5
5
5
5
5
5
5
5
5
5
5
5
5
5
5
5
5
5
5
5
5
5
5
5
5
5
5
5
5
5
5
5
5
5
5
5
5
5
5
5
5
5
5
5
5
5
5
5
5
5
5
5
5
5
5
5
5
5
5
5
5
5
5
5
5
5
5
5
5
5
5
5
5
5
5
5
5
5
5
5
5
5
5
5
5
5
5
5
5
5
5
5
5
5
5
5
5
5
5
5
5
5
5
5
5
5
5
5
5
5
5
5
5
5
5
5
5
5
5
5
5
5
5
5
5
5
5
5
5
5
5
5
5
5
5
5
5
5
5
5
5
5
5
5
5
5
5
5
5
5
5
5
5
5
5
5
5
5
5
5
5
5
5
5
5
5
5
5
5
5
5
5
5
5
5
5
5
5
5
5
5
5
5
5
5
5
5
5
5
5
5
5
5
5
5
5
5
5
5
5
5
5
5
5
5
5
5
5
5
5
5
5
5
5
5
5
5
5
5
5
5
5
5
5
5
5
5
5
5
5
5
5
5
5
5
5
5
5
5
5
5
5
5
5
5
5
5
5
5
5
5
5
5
5
5
5
5
5
5
5
5
5
5
5
5
5
5
5
5
5
5
5
5
5
5
5
5
5
5
5
5
5
5
5
5
5
5
5
5
5
5
5
5
5
5
5
5
5
5
5
5
5
5
5
5
5
5
5
5
5
5
5
5
5
5
5
5
5
5
5
5
5
5
5
5
5
5
5
5
5
5
5
5
5
5
5
5
5
5
5
5
5
5
5
5
5
5
5
5
5
5
5
5
5
5
5
5
5
5
5
5
5
5
5
5
5
5
5
5
5
5
5
5
5
5
5
5
5
5
5
5
5
5
5
5
5
5
5
5
5
5
5
5
5
5
5
5
5
5
5
5
5
5
5
5
5
5
5
5
5
5
5
5
5
5
5
5
5
5
5
5
5
5
5
5
5
5
5
5
5
5
5
5
5
5
5
5
5
5
5
5
5
5
5
5
5
5
5
5
5
5
5
5
5
5
5
5
5
5
5
5
5
5
5
5
5
5
5
5
5
5
5
5
5
5
5
5
5
5
5
5
5
5
5
5
5
5
5
5
5
5
5
5
5
5
5
5
5
5
5
5
5
5
5
5
5
5
5
5
5
5
5
5
5
5
5
5
5
5
5
5
5
5
5
5
5
5
5
5
5
5
5
5
5
5
5
5
5
5
5
5
5
5
5
5
5
5
5
5
5
5
5
5
5
5
5
5
5
5
5
5
5
5
5
5
5
5
5
5
5
5
5
5
5
5
5
5
5
5
5
5
5
5
5
5
5
5
5
5
5
5
5
5
5
5
5
5
5
5
5
5
5
5
5
5
5
5
5
5
5
5
5
5
5
5
5
5
5
5
5
5
5
5
5
5
5
5
5
5
5
5
5
5
5
5
5
5
5
5
5
5
5
5
5
5
5
5
5
5
5
5
5
5
5
5
5
5
5
5
5
5
5
5
5
5
5
5
5
5
5
5
5
5
5
5
5
5
5
5
5
5
5
5
5
5
5
5
5
5
5
5
5
5
5
5
5
5
5
5
5
5
5
5
5
5
5
5
5
5
5
5
5
5
5
5
5
5
5
5
5
5
5
5
5
5
5
5
5
5
5
5
5
5
5
5
5
5
5
5
5
5
5
5
5
5
5
5
5
5
5
5
5
5
5
5
5
5
5
5
5
5
5
5
5
5
5
5
5
5
5
5
5
5
5
5
5
5
5
5
5
5
5
5
5
5
5
5
5
5
5
5
5
5
5
5
5
5
5
5
5
5
5
5
5
5
5
5
5
5
5
5
5
5
5
5
5
5
5
5
5
5
5
5
5
5
5
5
5
5
5
5
5
5
5
5
5
5
5
5
5
5
5
5
5
5
5
5
5
5
5
5
5
5
5
5
5
5
5
5
5
5
5
5
5
5
5
5
5
5
5
5
5
5
5
5
5
5
5
5
5
5
5
5
5
5
5
5
5
5
5
5
5
5
5
5
5
5
5
5
5
5
5
5
5
5
5
5
5
5
5
5
5
5
5
5
5
5
5
5
5
5
5
5
5
5
5
5
5
5
5
5
5
5
5
5
5
5
5
5
5
5
5
5
5
5
5
5
5
5
5
5
5
5
5
5
5
5
5
5
5
5
5
5
5
5
5
5
5
5
5
5
5
5
5
5
5
5
5
5
5
5
5
5
5
5
5
5
5
5
5
5
5
5
5
5
5
5
5
5
5
5
5
5
5
5
5
5
5
5
5
5
5
5
5
5
5
5
5
5
5
5
5
5
5
5
5
5
5
5
5
5
5
5
5
5
5
5
5
5
5
5
5
5
5
5
5
5
5
5
5
5
5
5
5
5
5
5
5
5
5
5
5
5
5
5
5
5
5
5
5
5
5
5
5
5
5
5
5
5
5
5
5
5
5
5
5
5
5
5
5
5
5
5
5
5
5
5
5
5
5
5
5
5
5
5
5
5
5
5
5
5
5
5
5
5
5
5
5
5
5
5
5
5
5
5
5
5
5
5
5
5
5
5
5
5
5
5
5
5
5
5
5
5
5
5
5
5
5
5
5
5
5
5
5
5
5
5
5
5
5
5
5
5
5
5
5
5
5
5
5
5
5
5
5
5
5
5
5
5
5
5
5
5
5
5
5
5
5
5
5
5
5
5
5
5
5
5
5
5
5
5
5
5
5
5
5
5
5
5
5
5
5
5
5
5
5
5
5
5
5
5
5
5
5
5
5
5
5
5
5
5
5
5
5
5
5
5
5
5
5
5
5
5
5
5
5
5
5
5
5
5
5
5
5
5
5
5
5
5
5
5
5
5
5
5
5
5
5
5
5
5
5
5
5
5
5
5
5
5
5
5
5
5
5
5
5
5
5
5
5
5
5
5
5
5
5
5
5
5
5
5
5
5
5
5
5
5
5
5
5
5
5
5
5
5
5
5
5
5
5
5
5
5
5
5
5
5
5
5
5
5
5
5
5
5
5
5
5
5
5
5
5
5
5
5
5
5
5
5
5
5
5
5
5
5
5
5
5
5
5
5
5
5
5
5
5
5
5
5
5
5
5
5
5
5
5
5
5
5
5
5
5
5
5
5
5
5
5
5
5
5
5
5
5
5
5
5
5
5
5
5
5
5
5
5
5
5
5
5
5
5
5
5
5
5
5
5
5
5
5
5
5
5
5
5
5
5
5
5
5
5
5
5
5
5
5
5
5
5
5
5
5
5
5
5
5
5
5
5
5
5
5
5
5
5
5
5
5
5
5
5
5
5
5
5
5
5
5
5
5
5
5
5
5
5
5
5
5
5
5
5
5
5
5
5
5
5
5
5
5
5
5
5
5
5
5
5
5
5
5
5
5
5
5
5
5
5
5
5
5
5
5
5
5
5
5
5
5
5
5
5
5
5
5
5
5
5
5
5
5
5
5
5
5
5
5
5
5
5
5
5
5
5
5
5
5
5
5
5
5
5
5
5
5
5
5
5
5
5
5
5
5
5
5
5
5
5
5
5
5
5
5
5
5
5
5
5
5
5
5
5
5
5
5
5
5
5
5
5
5
5
5
5
5
5
5
5
5
5
5
5
5
5
5
5
5
5
5
5
5
5
5
5
5
5
5
5
5
5
5
5
5
5
5
5
5
5
5
5
5
5
5
5
5
5
5
5
5
5
5
5
5
5
5
5
5
5
5
5
5
5
5
5
5
5
5
5
5
5
5
5
5
5
5
5
5
5
5
5
5
5
5
5
5
5
5
5
5
5
5
5
5
5
5
5
5
5
5
5
5
5
5
5
5
5
5
5
5
5
5
5
5
5
5
5
5
5
5
5
5
5
5
5
5
5
5
5
5
5
5
5
5
5
5
5
5
5
5
5
5
5
5
5
5
5
5
5
5
5
5
5
5
5
5
5
5
5
5
5
5
5
5
5
5
5
5
5
5
5
5
5
5
5
5
5
5
5
5
5
5
5
5
5
5
5
5
5
5
5
5
5
5
5
5
5
5
5
5
5
5
5
5
5
5
5
5
5
5
5
5
5
5
5
5
5
5
5
5
5
5
5
5
5
5
5
5
5
5
5
5
5
5
5
5
5
5
5
5
5
5
5
5
5
5
5
5
5
5
5
5
5
5
5
5
5
5
5
5
5
5
5
5
5
5
5
5
5
5
5
5
5
5
5
5
5
5
5
5
5
5
5
5
5
5
5
5
5
5
5
5
5
5
5
5
5
5
5
5
5
5
5
5
5
5
5
5
5
5
5
5
5
5
5
5
5
5
5
5
5
5
5
5
5
5
5
5
5
5
5
5
5
5
5
5
5
5
5
5
5
5
5
5
5
5
5
5
5
5
5
5
5
5
5
5
5
5
5
5
5
5
5
5
5
5
5
5
5
5
5
5
5
5
5
5
5
5
5
5
5
5
5
5
5
5
5
5
5
5
5
5
5
5
5
5
5
5
5
5
5
5
5
5
5
5
5
5
5
5
5
5
5
5
5
5
5
5
5
5
5
5
5
5
5
5
5
5
5
5
5
5
5
5
5
5
5
5
5
5
5
5
5
5
5
5
5
5
5
5
5
5
5
5
5
5
5
5
5
5
5
5
5
5
5
5
5
5
5
5
5
5
5
5
5
5
5
5
5
5
5
5
5
5
5
5
5
5
5
5
5
5
5
5
5
5
5
5
5
5
5
5
5
5
5
5
5
5
5
5
5
5
5
5
5
5
5
5
5
5
5
5
5
5
5
5
5
5
5
5
5
5
5
5
5
5
5
5
5
5
5
5
5
5
5
5
5
5
5
5
5
5
5
5
5
5
5
5
5
5
5
5
5
5
5
5
5
5
5
5
5
5
5
5
5
5
5
5
5
5
5
5
5
5
5
5
5
5
5
5
5
5
5
5
5
5
5
5
5
5
5
5
5
5
5
5
5
5
5
5
5
5
5
5
5
5
5
5
5
5
5
5
5
5
5
5
5
5
5
5
5
5
5
5
5
5
5
5
5
5
5
5
5
5
5
5
5
5
5
5
5
5
5
5
5
5
5
5
5
5
5
5
5
5
5
5
5
5
5
5
5
5
5
5
5
5
5
5
5
5
5
5
5
5
5
5
5
5
5
5
5
5
5
5
5
5
5
5
5
5
5
5
5
5
5
5
5
5
5
5
5
5
5
5
5
5
5
5
5
5
5
5
5
5
5
5
5
5
5
5
5
5
5
5
5
5
5
5
5
5
5
5
5
5
5
5
5
5
5
5
5
5
5
5
5
5
5
5
5
5
5
5
5
5
5
5
5
5
5
5
5
5
5
5
5
5
5
5
5
5
5
5
5
5
5
5
5
5
5
5
5
5
5
5
5
5
5
5
5
5
5
5
5
5
5
5
5
5
5
5
5
5
5
5
5
5
5
5
5
5
5
5
5
5
5
5
5
5
5
5
5
5
5
5
5
5
5
5
5
5
5
5
5
5
5
5
5
5
5
5
5
5
5
5
5
5
5
5
5
5
5
5
5
5
5
5
5
5
5
5
5
5
5
5
5
5
5
5
5
5
5
5
5
5
5
5
5
5
5
5
5
5
5
5
5
5
5
5
5
5
5
5
5
5
5
5
5
5
5
5
5
5
5
5
5
5
5
5
5
5
5
5
5
5
5
5
5
5
5
5
5
5
5
5
5
5
5
5
5
5
5
5
5
5
5
5
5
5
5
5
5
5
5
5
5
5
5
5
5
5
5
5
5
5
5
5
5
5
5
5
5
5
5
5
5
5
5
5
5
5
5
5
5
5
5
5
5
5
5
5
5
5
5
5
5
5
5
5
5
5
5
5
5
5
5
5
5
5
5
5
5
5
5
5
5
5
5
5
5
5
5
5
5
5
5
5
5
5
5
5
5
5
5
5
5
5
5
5
5
5
5
5
5
5
5
5
5
5
5
5
5
5
5
5
5
5
5
5
5
5
5
5
5
5
5
5
5
5
5
5
5
5
5
5
5
5
5
5
5
5
5
5
5
5
5
5
5
5
5
5
5
5
5
5
5
5
5
5
5
5
5
5
5
5
5
5
5
5
5
5
5
5
5
5
5
5
5
5
5
5
5
5
5
5
5
5
5
5
5
5
5
5
5
5
5
5
5
5
5
5
5
5
5
5
5
5
5
5
5
5
5
5
5
5
5
5
5
5
5
5
5
5
5
5
5
5
5
5
5
5
5
5
5
5
5
5
5
5
5
5
5
5
5
5
5
5
5
5
5
5
5
5
5
5
5
5
5
5
5
5
5
5
5
5
5
5
5
5
5
5
5
5
5
5
5
5
5
5
5
5
5
5
5
5
5
5
5
5
5
5
5
5
5
5
5
5
5
5
5
5
5
5
5
5
5
5
5
5
5
5
5
5
5
5
5
5
5
5
5
5
5
5
5
5
5
5
5
5
5
5
5
5
5
5
5
5
5
5
5
5
5
5
5
5
5
5
5
5
5
5
5
5
5
5
5
5
5
5
5
5
5
5
5
5
5
5
5
5
5
5
5
5
5
5
5
5
5
5
5
5
5
5
5
5
5
5
5
5
5
5
5
5
5
5
5
5
5
5
5
5
5
5
5
5
5
5
5
5
5
5
5
5
5
5
5
5
5
5
5
5
5
5
5
5
5
5
5
5
5
5
5
5
5
5
5
5
5
5
5
5
5
5
5
5
5
5
5
5
5
5
5
5
5
5
5
5
5
5
5
5
5
5
5
5
5
5
5
5
5
5
5
5
5
5
5
5
5
5
5
5
5
5
5
5
5
5
5
5
5
5
5
5
5
5
5
5
5
5
5
5
5
5
5
5
5
5
5
5
5
5
5
5
5
5
5
5
5
5
5
5
5
5
5
5
5
5
5
5
5
5
5
5
5
5
5
5
5
5
5
5
5
5
5
5
5
5
5
5
5
5
5
5
5
5
5
5
5
5
5
5
5
5
5
5
5
5
5
5
5
5
5
5
5
5
5
5
5
5
5
5
5
5
5
5
5
5
5
5
5
5
5
5
5
5
5
5
5
5
5
5
5
5
5
5
5
5
5
5
5
5
5
5
5
5
5
5
5
5
5
5
5
5
5
5
5
5
5
5
5
5
5
5
5
5
5
5
5
5
5
5
5
5
5
5
5
5
5
5
5
5
5
5
5
5
5
5
5
5
5
5
5
5
5
5
5
5
5
5
5
5
5
5
5
5
5
5
5
5
5
5
5
5
5
5
5
5
5
5
5
5
5
5
5
5
5
5
5
5
5
5
5
5
5
5
5
5
5
5
5
5
5
5
5
5
5
5
5
5
5
5
5
5
5
5
5
5
5
5
5
5
5
5
5
5
5
5
5
5
5
5
5
5
5
5
5
5
5
5
5
5
5
5
5
5
5
5
5
5
5
5
5
5
5
5
5
5
5
5
5
5
5
5
5
5
5
5
5
5
5
5
5
5
5
5
5
5
5
5
5
5
5
5
5
5
5
5
5
5
5
5
5
5
5
5
5
5
5
5
5
5
5
5
5
5
5
5
5
5
5
5
5
5
5
5
5
5
5
5
5
5
5
5
5
5
5
5
5
5
5
5
5
5
5
5
5
5
5
5
5
5
5
5
5
5
5
5
5
5
5
5
5
5
5
5
5
5
5
5
5
5
5
5
5
5
5
5
5
5
5
5
5
5
5
5
5
5
5
5
5
5
5
5
5
5
5
5
5
5
5
5
5
5
5
5
5
5
5
5
5
5
5
5
5
5
5
5
5
5
5
5
5
5
5
5
5
5
5
5
5
5
5
5
5
5
5
5
5
5
5
5
5
5
5
5
5
5
5
5
5
5
5
5
5
5
5
5
5
5
5
5
5
5
5
5
5
5
5
5
5
5
5
5
5
5
5
5
5
5
5
5
5
5
5
5
5
5
5
5
5
5
5
5
5
5
5
5
5
5
5
5
5
5
5
5
5
5
5
5
5
5
5
5
5
5
5
5
5
5
5
5
5
5
5
5
5
5
5
5
5
5
5
5
5
5
5
5
5
5
5
5
5
5
5
5
5
5
5
5
5
5
5
5
5
5
5
5
5
5
5
5
5
5
5
5
5
5
5
5
5
5
5
5
5
5
5
5
5
5
5
5
5
5
5
5
5
5
5
5
5
5
5
5
5
5
5
5
5
5
5
5
5
5
5
5
5
5
5
5
5
5
5
5
5
5
5
5
5
5
5
5
5
5
5
5
5
5
5
5
5
5
5
5
5
5
5
5
5
5
5
5
5
5
5
5
5
5
5
5
5
5
5
5
5
5
5
5
5
5
5
5
5
5
5
5
5
5
5
5
5
5
5
5
5
5
5
5
5
5
5
5
5
5
5
5
5
5
5
5
5
5
5
5
5
5
5
5
5
5
5
5
5
5
5
5
5
5
5
5
5
5
5
5
5
5
5
5
5
5
5
5
5
5
5
5
5
5
5
5
5
5
5
5
5
5
5
5
5
5
5
5
5
5
5
5
5
5
5
5
5
5
5
5
5
5
5
5
5
5
5
5
5
5
5
5
5
5
5
5
5
5
5
5
5
5
5
5
5
5
5
5
5
5
5
5
5
5
5
5
5
5
5
5
5
5
5
5
5
5
5
5
5
5
5
5
5
5
5
5
5
5
5
5
5
5
5
5
5
5
5
5
5
5
5
5
5
5
5
5
5
5
5
5
5
5
5
5
5
5
5
5
5
5
5
5
5
5
5
5
5
5
5
5
5
5
5
5
5
5
5
5
5
5
5
5
5
5
5
5
5
5
5
5
5
5
5
5
5
5
5
5
5
5
5
5
5
5
5
5
5
5
5
5
5
5
5
5
5
5
5
5
5
5
5
5
5
5
5
5
5
5
5
5
5
5
5
5
5
5
5
5
5
5
5
5
5
5
5
5
5
5
5
5
5
5
5
5
5
5
5
5
5
5
5
5
5
5
5
5
5
5
5
5
5
5
5
5
5
5
5
5
5
5
5
5
5
5
5
5
5
5
5
5
5
5
5
5
5
5
5
5
5
5
5
5
5
5
5
5
5
5
5
5
5
5
5
5
5
5
5
5
5
5
5
5
5
5
5
5
5
5
5
5
5
5
5
5
5
5
5
5
5
5
5
5
5
5
5
5
5
5
5
5
5
5
5
5
5
5
5
5
5
5
5
5
5
5
5
5
5
5
5
5
5
5
5
5
5
5
5
5
5
5
5
5
5
5
5
5
5
5
5
5
5
5
5
5
5
5
5
5
5
5
5
5
5
5
5
5
5
5
5
5
5
5
5
5
5
5
5
5
5
5
5
5
5
5
5
5
5
5
5
5
5
5
5
5
5
5
5
5
5
5
5
5
5
5
5
5
5
5
5
5
5
5
5
5
5
5
5
5
5
5
5
5
5
5
5
5
5
5
5
5
5
5
5
5
5
5
5
5
5
5
5
5
5
5
5
5
5
5
5
5
5
5
5
5
5
5
5
5
5
5
5
5
5
5
5
5
5
5
5
5
5
5
5
5
5
5
5
5
5
5
5
5
5
5
5
5
5
5
5
5
5
5
5
5
5
5
5
5
5
5
5
5
5
5
5
5
5
5
5
5
5
5
5
5
5
5
5
5
5
5
5
5
5
5
5
5
5
5
5
5
5
5
5
5
5
5
5
5
5
5
5
5
5
5
5
5
5
5
5
5
5
5
5
5
5
5
5
5
5
5
5
5
5
5
5
5
5
5
5
5
5
5
5
5
5
5
5
5
5
5
5
5
5
5
5
5
5
5
5
5
5
5
5
5
5
5
5
5
5
5
5
5
5
5
5
5
5
5
5
5
5
5
5
5
5
5
5
5
5
5
5
5
5
5
5
5
5
5
5
5
5
5
5
5
5
5
5
5
5
5
5
5
5
5
5
5
5
5
5
5
5
5
5
5
5
5
5
5
5
5
5
5
5
5
5
5
5
5
5
5
5
5
5
5
5
5
5
5
5
5
5
5
5
5
5
5
5
5
5
5
5
5
5
5
5
5
5
5
5
5
5
5
5
5
5
5
5
5
5
5
5
5
5
5
5
5
5
5
5
5
5
5
5
5
5
5
5
5
5
5
5
5
5
5
5
5
5
5
5
5
5
5
5
5
5
5
5
5
5
5
5
5
5
5
5
5
5
5
5
5
5
5
5
5
5
5
5
5
5
5
5
5
5
5
5
5
5
5
5
5
5
5
5
5
5
5
5
5
5
5
5
5
5
5
5
5
5
5
5
5
5
5
5
5
5
5
5
5
5
5
5
5
5
5
5
5
5
5
5
5
5
5
5
5
5
5
5
5
5
5
5
5
5
5
5
5
5
5
5
5
5
5
5
5
5
5
5
5
5
5
5
5
5
5
5
5
5
5
5
5
5
5
5
5
5
5
5
5
5
5
5
5
5
5
5
5
5
5
5
5
5
5
5
5
5
5
5
5
5
5
5
5
5
5
5
5
5
5
5
5
5
5
5
5
5
5
5
5
5
5
5
5
5
5
5
5
5
5
5
5
5
5
5
5
5
5
5
5
5
5
5
5
5
5
5
5
5
5
5
5
5
5
5
5
5
5
5
5
5
5
5
5
5
5
5
5
5
5
5
5
5
5
5
5
5
5
5
5
5
5
5
5
5
5
5
5
5
5
5
5
5
5
5
5
5
5
5
5
5
5
5
5
5
5
5
5
5
5
5
5
5
5
5
5
5
5
5
5
5
5
5
5
5
5
5
5
5
5
5
5
5
5
5
5
5
5
5
5
5
5
5
5
5
5
5
5
5
5
5
5
5
5
5
5
5
5
5
5
5
5
5
5
5
5
5
5
5
5
5
5
5
5
5
5
5
5
5
5
5
5
5
5
5
5
5
5
5
5
5
5
5
5
5
5
5
5
5
5
5
5
5
5
5
5
5
5
5
5
5
5
5
5
5
5
5
5
5
5
5
5
5
5
5
5
5
5
5
5
5
5
5
5
5
5
5
5
5
5
5
5
5
5
5
5
5
5
5
5
5
5
5
5
5
5
5
5
5
5
5
5
5
5
5
5
5
5
5
5
5
5
5
5
5
5
5
5
5
5
5
5
5
5
5
5
5
5
5
5
5
5
5
5
5
5
5
5
5
5
5
5
5
5
5
5
5
5
5
5
5
5
5
5
5
5
5
5
5
5
5
5
5
5
5
5
5
5
5
5
5
5
5
5
5
5
5
5
5
5
5
5
5
5
5
5
5
5
5
5
5
5
5
5
5
5
5
5
5
5
5
5
5
5
5
5
5
5
5
5
5
5
5
5
5
5
5
5
5
5
5
5
5
5
5
5
5
5
5
5
5
5
5
5
5
5
5
5
5
5
5
5
5
5
5
5
5
5
5
5
5
5
5
5
5
5
5
5
5
5
5
5
5
5
5
5
5
5
5
5
5
5
5
5
5
5
5
5
5
5
5
5
5
5
5
5
5
5
5
5
5
5
5
5
5
5
5
5
5
5
5
5
5
5
5
5
5
5
5
5
5
5
5
5
5
5
5
5
5
5
5
5
5
5
5
5
5
5
5
5
5
5
5
5
5
5
5
5
5
5
5
5
5
5
5
5
5
5
5
5
5
5
5
5
5
5
5
5
5
5
5
5
5
5
5
5
5
5
5
5
5
5
5
5
5
5
5
5
5
5
5
5
5
5
5
5
5
5
5
5
5
5
5
5
5
5
5
5
5
5
5
5
5
5
5
5
5
5
5
5
5
5
5
5
5
5
5
5
5
5
5
5
5
5
5
5
5
5
5
5
5
5
5
5
5
5
5
5
5
5
5
5
5
5
5
5
5
5
5
5
5
5
5
5
5
5
5
5
5
5
5
5
5
5
5
5
5
5
5
5
5
5
5
5
5
5
5
5
5
5
5
5
5
5
5
5
5
5
5
5
5
5
5
5
5
5
5
5
5
5
5
5
5
5
5
5
5
5
5
5
5
5
5
5
5
5
5
5
5
5
5
5
5
5
5
5
5
5
5
5
5
5
5
5
5
5
5
5
5
5
5
5
5
5
5
5
5
5
5
5
5
5
5
5
5
5
5
5
5
5
5
5
5
5
5
5
5
5
5
5
5
5
5
5
5
5
5
5
5
5
5
5
5
5
5
5
5
5
5
5
5
5
5
5
5
5
5
5
5
5
5
5
5
5
5
5
5
5
5
5
5
5
5
5
5
5
5
5
5
5
5
5
5
5
5
5
5
5
5
5
5
5
5
5
5
5
5
5
5
5
5
5
5
5
5
5
5
5
5
5
5
5
5
5
5
5
5
5
5
5
5
5
5
5
5
5
5
5
5
5
5
5
5
5
5
5
5
5
5
5
5
5
5
5
5
5
5
5
5
5
5
5
5
5
5
5
5
5
5
5
5
5
5
5
5
5
5
5
5
5
5
5
5
5
5
5
5
5
5
5
5
5
5
5
5
5
5
5
5
5
5
5
5
5
5
5
5
5
5
5
5
5
5
5
5
5
5
5
5
5
5
5
5
5
5
5
5
5
5
5
5
5
5
5
5
5
5
5
5
5
5
5
5
5
5
5
5
5
5
5
5
5
5
5
5
5
5
5
5
5
5
5
5
5
5
5
5
5
5
5
5
5
5
5
5
5
5
5
5
5
5
5
5
5
5
5
5
5
5
5
5
5
5
5
5
5
5
5
5
5
5
5
5
5
5
5
5
5
5
5
5
5
5
5
5
5
5
5
5
5
5
5
5
5
5
5
5
5
5
5
5
5
5
5
5
5
5
5
5
5
5
5
5
5
5
5
5
5
5
5
5
5
5
5
5
5
5
5
5
5
5
5
5
5
5
5
5
5
5
5
5
5
5
5
5
5
5
5
5
5
5
5
5
5
5
5
5
5
5
5
5
5
5
5
5
5
5
5
5
5
5
5
5
5
5
5
5
5
5
5
5
5
5
5
5
5
5
5
5
5
5
5
5
5
5
5
5
5
5
5
5
5
5
5
5
5
5
5
5
5
5
5
5
5
5
5
5
5
5
5
5
5
5
5
5
5
5
5
5
5
5
5
5
5
5
5
5
5
5
5
5
5
5
5
5
5
5
5
5
5
5
5
5
5
5
5
5
5
5
5
5
5
5
5
5
5
5
5
5
5
5
5
5
5
5
5
5
5
5
5
5
5
5
5
5
5
5
5
5
5
5
5
5
5
5
5
5
5
5
5
5
5
5
5
5
5
5
5
5
5
5
5
5
5
5
5
5
5
5
5
5
5
5
5
5
5
5
5
5
5
5
5
5
5
5
5
5
5
5
5
5
5
5
5
5
5
5
5
5
5
5
5
5
5
5
5
5
5
5
5
5
5
5
5
5
5
5
5
5
5
5
5
5
5
5
5
5
5
5
5
5
5
5
5
5
5
5
5
5
5
5
5
5
5
5
5
5
5
5
5
5
5
5
5
5
5
5
5
5
5
5
5
5
5
5
5
5
5
5
5
5
5
5
5
5
5
5
5
5
5
5
5
5
5
5
5
5
5
5
5
5
5
5
5
5
5
5
5
5
5
5
5
5
5
5
5
5
5
5
5
5
5
5
5
5
5
5
5
5
5
5
5
5
5
5
5
5
5
5
5
5
5
5
5
5
5
5
5
5
5
5
5
5
5
5
5
5
5
5
5
5
5
5
5
5
5
5
5
5
5
5
5
5
5
5
5
5
5
5
5
5
5
5
5
5
5
5
5
5
5
5
5
5
5
5
5
5
5
5
5
5
5
5
5
5
5
5
5
5
5
5
5
5
5
5
5
5
5
5
5
5
5
5
5
5
5
5
5
5
5
5
5
5
5
5
5
5
5
5
5
5
5
5
5
5
5
5
5
5
5
5
5
5
5
5
5
5
5
5
5
5
5
5
5
5
5
5
5
5
5
5
5
5
5
5
5
5
5
5
5
5
5
5
5
5
5
5
5
5
5
5
5
5
5
5
5
5
5
5
5
5
5
5
5
5
5
5
5
5
5
5
5
5
5
5
5
5
5
5
5
5
5
5
5
5
5
5
5
5
5
5
5
5
5
5
5
5
5
5
5
5
5
5
5
5
5
5
5
5
5
5
5
5
5
5
5
5
5
5
5
5
5
5
5
5
5
5
5
5
5
5
5
5
5
5
5
5
5
5
5
5
5
5
5
5
5
5
5
5
5
5
5
5
5
5
5
5
5
5
5
5
5
5
5
5
5
5
5
5
5
5
5
5
5
5
5
5
5
5
5
5
5
5
5
5
5
5
5
5
5
5
5
5
5
5
5
5
5
5
5
5
5
5
5
5
5
5
5
5
5
5
5
5
5
5
5
5
5
5
5
5
5
5
5
5
5
5
5
5
5
5
5
5
5
5
5
5
5
5
5
5
5
5
5
5
5
5
5
5
5
5
5
5
5
5
5
5
5
5
5
5
5
5
5
5
5
5
5
5
5
5
5
5
5
5
5
5
5
5
5
5
5
5
5
5
5
5
5
5
5
5
5
5
5
5
5
5
5
5
5
5
5
5
5
5
5
5
5
5
5
5
5
5
5
5
5
5
5
5
5
5
5
5
5
5
5
5
5
5
5
5
5
5
5
5
5
5
5
5
5
5
5
5
5
5
5
5
5
5
5
5
5
5
5
5
5
5
5
5
5
5
5
5
5
5
5
5
5
5
5
5
5
5
5
5
5
5
5
5
5
5
5
5
5
5
5
5
5
5
5
5
5
5
5
5
5
5
5
5
5
5
5
5
5
5
5
5
5
5
5
5
5
5
5
5
5
5
5
5
5
5
5
5
5
5
5
5
5
5
5
5
5
5
5
5
5
5
5
5
5
5
5
5
5
5
5
5
5
5
5
5
5
5
5
5
5
5
5
5
5
5
5
5
5
5
5
5
5
5
5
5
5
5
5
5
5
5
5
5
5
5
5
5
5
5
5
5
5
5
5
5
5
5
5
5
5
5
5
5
5
5
5
5
5
5
5
5
5
5
5
5
5
5
5
5
5
5
5
5
5
5
5
5
5
5
5
5
5
5
5
5
5
5
5
5
5
5
5
5
5
5
5
5
5
5
5
5
5
5
5
5
5
5
5
5
5
5
5
5
5
5
5
5
5
5
5
5
5
5
5
5
5
5
5
5
5
5
5
5
5
5
5
5
5
5
5
5
5
5
5
5
5
5
5
5
5
5
5
5
5
5
5
5
5
5
5
5
5
5
5
5
5
5
5
5
5
5
5
5
5
5
5
5
5
5
5
5
5
5
5
5
5
5
5
5
5
5
5
5
5
5
5
5
5
5
5
5
5
5
5
5
5
5
5
5
5
5
5
5
5
5
5
5
5
5
5
5
5
5
5
5
5
5
5
5
5
5
5
5
5
5
5
5
5
5
5
5
5
5
5
5
5
5
5
5
5
5
5
5
5
5
5
5
5
5
5
5
5
5
5
5
5
5
5
5
5
5
5
5
5
5
5
5
5
5
5
5
5
5
5
5
5
5
5
5
5
5
5
5
5
5
5
5
5
5
5
5
5
5
5
5
5
5
5
5
5
5
5
5
5
5
5
5
5
5
5
5
5
5
5
5
5
5
5
5
5
5
5
5
5
5
5
5
5
5
5
5
5
5
5
5
5
5
5
5
5
5
5
5
5
5
5
5
5
5
5
5
5
5
5
5
5
5
5
5
5
5
5
5
5
5
5
5
5
5
5
5
5
5
5
5
5
5
5
5
5
5
5
5
5
5
5
5
5
5
5
5
5
5
5
5
5
5
5
5
5
5
5
5
5
5
5
5
5
5
5
5
5
5
5
5
5
5
5
5
5
5
5
5
5
5
5
5
5
5
5
5
5
5
5
5
5
5
5
5
5
5
5
5
5
5
5
5
5
5
5
5
5
5
5
5
5
5
5
5
5
5
5
5
5
5
5
5
5
5
5
5
5
5
5
5
5
5
5
5
5
5
5
5
5
5
5
5
5
5
5
5
5
5
5
5
5
5
5
5
5
5
5
5
5
5
5
5
5
5
5
5
5
5
5
5
5
5
5
5
5
5
5
5
5
5
5
5
5
5
5
5
5
5
5
5
5
5
5
5
5
5
5
5
5
5
5
5
5
5
5
5
5
5
5
5
5
5
5
5
5
5
5
5
5
5
5
5
5
5
5
5
5
5
5
5
5
5
5
5
5
5
5
5
5
5
5
5
5
5
5
5
5
5
5
5
5
5
5
5
5
5
5
5
5
5
5
5
5
5
5
5
5
5
5
5
5
5
5
5
5
5
5
5
5
5
5
5
CELL_DATA 9107
SCALARS sample_scalars double 2
LOOKUP_TABLE default
235.987	0	
235.987	0	
104.124	0	
235.987	0	
235.987	0	
128.549	0	
181.819	0	
235.987	0	
212.977	0	
235.987	0	
343.886	0	
198.415	0	
235.987	0	
205.017	0	
255.449	0	
184.401	0	
190.775	0	
612.015	0	
192.731	0	
300.197	0	
232.41	0	
185.033	0	
786.063	0	
185.922	0	
203.084	0	
182.162	0	
185.751	0	
193.252	0	
191.381	0	
194.12	0	
206.176	0	
167.486	0	
285.653	0	
196.374	0	
146.279	0	
200.884	0	
197.636	0	
180.426	0	
187.246	0	
176.161	0	
196.141	0	
200.462	0	
195.184	0	
202.682	0	
187.58	0	
81.3176	0	
180.167	0	
94.8544	0	
76.4846	0	
191.787	0	
93.4423	0	
191.536	0	
149.204	0	
193.884	0	
186.15	0	
186.702	0	
171.497	0	
159.242	0	
174.449	0	
177.507	0	
159.242	0	
183.48	0	
225.281	0	
187.808	0	
197.613	0	
184.222	0	
178.908	0	
214.222	0	
187.232	0	
202.64	0	
174.449	0	
207.274	0	
112.695	0	
184.218	0	
185.751	0	
187.25	0	
204.783	0	
185.029	0	
200.877	0	
200.006	0	
194.719	0	
224.311	0	
208.45	0	
200.055	0	
203.832	0	
202.32	0	
212.791	0	
203.228	0	
191.186	0	
211.552	0	
194.095	0	
210.937	0	
170.221	0	
212.409	0	
250.847	0	
221.652	0	
209.415	0	
201.139	0	
206.498	0	
203.711	0	
203.211	0	
215.859	0	
197.422	0	
195.34	0	
208.152	0	
196.941	0	
213.035	0	
204.029	0	
213.035	0	
203.009	0	
208.476	0	
185.284	0	
196.941	0	
187.016	0	
191.446	0	
192.176	0	
196.452	0	
191.545	0	
202.049	0	
194.586	0	
186.418	0	
188.014	0	
200.785	0	
190.739	0	
184.67	0	
214.647	0	
184.67	0	
188.338	0	
185.773	0	
182.635	0	
171.421	0	
176.966	0	
184.69	0	
179.598	0	
179.543	0	
184.962	0	
175.011	0	
185.317	0	
185.162	0	
184.244	0	
203.753	0	
177.5	0	
177.371	0	
208.711	0	
181.881	0	
182.441	0	
183.928	0	
179.15	0	
182.082	0	
189.698	0	
214.304	0	
196.488	0	
179.438	0	
221.927	0	
209.25	0	
176.108	0	
209.442	0	
174.6	0	
175.693	0	
178.76	0	
217.618	0	
174.301	0	
183.739	0	
184.598	0	
171.146	0	
196.769	0	
174.11	0	
184.801	0	
172.365	0	
203.11	0	
187.875	0	
170.526	0	
189.927	0	
177.743	0	
171.802	0	
191.489	0	
171.151	0	
190.665	0	
185.674	0	
178.997	0	
177.961	0	
177.459	0	
183.56	0	
190.106	0	
179.599	0	
191.603	0	
172	0	
181.123	0	
170.374	0	
216.001	0	
156.71	0	
182.185	0	
202.912	0	
182.214	0	
183.383	0	
199.119	0	
183.167	0	
156.361	0	
197.58	0	
183.253	0	
174.393	0	
185.081	0	
202.633	0	
206.56	0	
184.401	0	
188.83	0	
181.819	0	
197.081	0	
200.139	0	
183.682	0	
196.332	0	
183.087	0	
183.405	0	
208.69	0	
185.043	0	
216.033	0	
188.532	0	
180.382	0	
189.362	0	
182.195	0	
183.497	0	
187.821	0	
181.373	0	
190.908	0	
183.228	0	
187.253	0	
187.308	0	
192.433	0	
177.307	0	
182.674	0	
190.213	0	
180.729	0	
179.362	0	
183.546	0	
183.116	0	
182.943	0	
186.592	0	
185.936	0	
188.675	0	
189.585	0	
185.846	0	
189.585	0	
187.9	0	
187.633	0	
184.715	0	
185.162	0	
186.665	0	
183.497	0	
183.277	0	
190.321	0	
187.308	0	
187.448	0	
193.128	0	
182.195	0	
190.321	0	
189.124	0	
182.578	0	
197.125	0	
189.093	0	
197.58	0	
194.965	0	
182.481	0	
191.681	0	
180.898	0	
193.128	0	
189.009	0	
192.161	0	
182.955	0	
187.79	0	
196.786	0	
187.113	0	
194.246	0	
200.156	0	
185.509	0	
196.786	0	
185.922	0	
179.28	0	
205.203	0	
179.599	0	
205.394	0	
204.564	0	
195.25	0	
205.115	0	
174.244	0	
203.351	0	
183.651	0	
203.114	0	
203.993	0	
189.373	0	
210.813	0	
208.837	0	
211.545	0	
210.921	0	
221.011	0	
217.019	0	
211.412	0	
225.005	0	
206.471	0	
207.967	0	
207.858	0	
186.536	0	
224.03	0	
205.319	0	
210.993	0	
203.993	0	
186.338	0	
200.091	0	
184.881	0	
184.014	0	
191.089	0	
235.909	0	
202.71	0	
205.573	0	
198.43	0	
210.616	0	
179.013	0	
176.974	0	
205.17	0	
199.16	0	
178.541	0	
202.657	0	
172.835	0	
172.953	0	
202.433	0	
192.953	0	
203.132	0	
169.653	0	
205.146	0	
213.645	0	
172.161	0	
216.647	0	
169.164	0	
170.717	0	
212.751	0	
183.721	0	
196.319	0	
212.911	0	
180.51	0	
217.066	0	
174.692	0	
178.16	0	
208.619	0	
178.592	0	
221.985	0	
165.723	0	
214.593	0	
197.266	0	
205.572	0	
215.673	0	
180.49	0	
209.54	0	
198.451	0	
209.81	0	
213.187	0	
196.057	0	
221.985	0	
201.178	0	
212.977	0	
205.941	0	
194.691	0	
205.017	0	
198.257	0	
197.291	0	
194.895	0	
205.141	0	
203.638	0	
178.765	0	
216.399	0	
182.956	0	
218.45	0	
212.201	0	
165.723	0	
216.225	0	
179.461	0	
207.037	0	
227.81	0	
196.863	0	
202.377	0	
216.489	0	
203.669	0	
223.535	0	
200.972	0	
220.415	0	
213.88	0	
213.453	0	
203.919	0	
217.501	0	
223.535	0	
200.651	0	
207.233	0	
200.884	0	
210.025	0	
206.711	0	
206.697	0	
210.025	0	
196.926	0	
200.895	0	
198.293	0	
205.166	0	
210.327	0	
196.471	0	
200.278	0	
196.319	0	
200.604	0	
195.093	0	
199.872	0	
194.517	0	
197.339	0	
205.381	0	
204.578	0	
205.381	0	
195.358	0	
197.339	0	
194.389	0	
195.68	0	
210.852	0	
188.23	0	
209.466	0	
207.721	0	
186.97	0	
207.494	0	
193.92	0	
206.148	0	
195.145	0	
199.348	0	
199.494	0	
183.081	0	
216.642	0	
186.762	0	
208.914	0	
210.231	0	
194.972	0	
209.469	0	
188.122	0	
189.501	0	
226.511	0	
206.082	0	
194.731	0	
217.742	0	
201.042	0	
215.361	0	
185.767	0	
215.928	0	
184.246	0	
171.497	0	
217.371	0	
170.764	0	
212.995	0	
216.719	0	
174.32	0	
203.569	0	
175.395	0	
173.879	0	
200.835	0	
185.303	0	
201.498	0	
196.805	0	
171.673	0	
193.559	0	
170.955	0	
208.2	0	
170.764	0	
218.047	0	
177.346	0	
235.987	0	
186.953	0	
235.987	0	
202.138	0	
177.274	0	
190.669	0	
182.641	0	
191.753	0	
189.358	0	
181.631	0	
176.309	0	
190.718	0	
179.15	0	
186.409	0	
180.705	0	
183.452	0	
181.357	0	
184.147	0	
189.647	0	
186.05	0	
210.036	0	
186.579	0	
203.667	0	
185.688	0	
187.532	0	
198.643	0	
181.204	0	
207.113	0	
201.157	0	
193.58	0	
206.395	0	
192.497	0	
186.503	0	
207.162	0	
188.324	0	
215.879	0	
187.764	0	
200.185	0	
180.104	0	
183.941	0	
184.246	0	
193.51	0	
203.084	0	
194.664	0	
195.047	0	
210.036	0	
195.4	0	
191.598	0	
192.331	0	
250.774	0	
201.133	0	
195.115	0	
201.146	0	
196.521	0	
194.606	0	
203.06	0	
192.371	0	
194.546	0	
196.749	0	
200.317	0	
198.545	0	
201.94	0	
198.319	0	
198.185	0	
201.622	0	
198.903	0	
170.221	0	
201.943	0	
174.404	0	
203.058	0	
219.791	0	
179.957	0	
201.299	0	
196.737	0	
198.319	0	
183.569	0	
200.317	0	
203.555	0	
193.793	0	
203.337	0	
191.931	0	
200.527	0	
198.293	0	
196.793	0	
199.42	0	
178.541	0	
201.003	0	
190.145	0	
192.575	0	
196.863	0	
207.621	0	
204.908	0	
221.393	0	
195.996	0	
217.891	0	
211.4	0	
197.596	0	
200.517	0	
208.117	0	
221.584	0	
201.928	0	
230.823	0	
232.55	0	
209.829	0	
226.012	0	
208.837	0	
187.183	0	
234.278	0	
200.091	0	
310.861	0	
247.142	0	
190.82	0	
217.486	0	
188.554	0	
235.689	0	
180.433	0	
218.957	0	
206.883	0	
189.186	0	
249.934	0	
189.924	0	
251.343	0	
247.534	0	
187.734	0	
243.722	0	
188.559	0	
189.3	0	
220.336	0	
186.71	0	
188.241	0	
226.571	0	
184.197	0	
247.108	0	
191.591	0	
251.662	0	
180.083	0	
186.039	0	
235.987	0	
181.102	0	
235.987	0	
235.987	0	
187.496	0	
235.987	0	
186.804	0	
201.063	0	
235.987	0	
183.54	0	
235.987	0	
235.987	0	
186.273	0	
235.987	0	
179.646	0	
235.987	0	
188.139	0	
222.469	0	
180.433	0	
367.376	0	
195.471	0	
200.705	0	
174.404	0	
183.651	0	
181.565	0	
179.828	0	
204.062	0	
177.805	0	
178.207	0	
173.563	0	
193.028	0	
182.335	0	
197.251	0	
183.813	0	
187.3	0	
183.813	0	
194.709	0	
193.587	0	
198.586	0	
189.063	0	
201.116	0	
197.199	0	
208.269	0	
203.472	0	
212.025	0	
205.587	0	
206.67	0	
215.049	0	
214.303	0	
213.35	0	
219.281	0	
219.482	0	
209.363	0	
222.719	0	
207.352	0	
221.339	0	
212.518	0	
205.435	0	
215.985	0	
213.312	0	
205.149	0	
207.273	0	
205.371	0	
205.428	0	
204.876	0	
201.603	0	
196.357	0	
202.377	0	
216.256	0	
202.202	0	
211.297	0	
205.412	0	
213.432	0	
212.247	0	
217.951	0	
215.308	0	
212.222	0	
201.178	0	
196.636	0	
195.68	0	
185.005	0	
184.997	0	
193.498	0	
178.765	0	
183.405	0	
187.954	0	
168.226	0	
169.412	0	
201.577	0	
215.614	0	
200.947	0	
213.88	0	
203.399	0	
202.501	0	
193.947	0	
198.529	0	
196.335	0	
199.304	0	
199.82	0	
198.599	0	
199.686	0	
200.763	0	
198.711	0	
203.683	0	
199.415	0	
199.492	0	
197.086	0	
194.389	0	
196.589	0	
220.923	0	
188.111	0	
190.718	0	
190.56	0	
186.972	0	
190.779	0	
191.112	0	
183.46	0	
190.54	0	
180.496	0	
186.762	0	
204.029	0	
190.583	0	
206.082	0	
200.196	0	
179.479	0	
177.483	0	
173.518	0	
174.573	0	
170.22	0	
175.501	0	
171.397	0	
173.715	0	
177.346	0	
171.397	0	
178.793	0	
178.113	0	
182.054	0	
183.42	0	
183.45	0	
176.105	0	
206.098	0	
203.29	0	
197.464	0	
193.692	0	
198.062	0	
199.388	0	
209.442	0	
205.049	0	
186.07	0	
197.07	0	
109.248	0	
193.614	0	
202.855	0	
201.133	0	
198.697	0	
188.411	0	
196.609	0	
194.699	0	
184.523	0	
180.51	0	
179.765	0	
169.412	0	
173.885	0	
183.86	0	
185.636	0	
186.536	0	
190.213	0	
185.636	0	
202.669	0	
198.114	0	
207.638	0	
207.397	0	
201.721	0	
198.134	0	
184.181	0	
187.183	0	
195.315	0	
197.358	0	
194.06	0	
194.704	0	
190.119	0	
188.39	0	
195.586	0	
194.479	0	
185.953	0	
188.737	0	
184.7	0	
185.612	0	
178.933	0	
185.515	0	
182.406	0	
204.512	0	
178.207	0	
177.743	0	
187.194	0	
182.628	0	
186.783	0	
183.46	0	
179.303	0	
186.718	0	
186.906	0	
190.267	0	
193.559	0	
186.906	0	
198.663	0	
195.751	0	
208.23	0	
202.875	0	
210.564	0	
201.875	0	
216.348	0	
219.482	0	
211.98	0	
196.324	0	
212.518	0	
210.852	0	
203.625	0	
205.063	0	
205.371	0	
204.757	0	
202.611	0	
207.352	0	
196.768	0	
205.588	0	
215.22	0	
213.203	0	
214.984	0	
216.429	0	
203.354	0	
199.362	0	
194.155	0	
192.556	0	
194.569	0	
186.294	0	
168.226	0	
175.563	0	
203.023	0	
219.791	0	
200.097	0	
200.994	0	
193.947	0	
201.671	0	
201.606	0	
203.399	0	
199.686	0	
200.763	0	
201.424	0	
199.55	0	
201.482	0	
199.966	0	
195.972	0	
196.26	0	
195.99	0	
196.436	0	
189.682	0	
193.43	0	
198.586	0	
187.679	0	
183.717	0	
191.443	0	
185.743	0	
185.453	0	
189.966	0	
195.34	0	
204.245	0	
267.041	0	
170.958	0	
179.522	0	
171.608	0	
176.377	0	
186.413	0	
191.3	0	
182.636	0	
184.592	0	
184.11	0	
209.46	0	
206.042	0	
198.127	0	
204.703	0	
219.846	0	
216.785	0	
202.132	0	
200.925	0	
199.822	0	
196.324	0	
194.915	0	
205.496	0	
239.302	0	
177.935	0	
187.845	0	
190.504	0	
190.594	0	
196.427	0	
192.963	0	
201.656	0	
199.13	0	
203.455	0	
210.885	0	
186.783	0	
191.722	0	
188.076	0	
294.349	0	
235.05	0	
199.336	0	
186.596	0	
198.285	0	
183.753	0	
183.753	0	
172.496	0	
178.835	0	
183.363	0	
183.14	0	
182.794	0	
182.794	0	
187.001	0	
192.377	0	
208.537	0	
201.935	0	
201.738	0	
213.199	0	
207.601	0	
210.549	0	
214.714	0	
210.249	0	
205.435	0	
209.219	0	
218.735	0	
234.172	0	
207.607	0	
209.461	0	
234.984	0	
210.825	0	
202.596	0	
205.178	0	
195.48	0	
194.881	0	
186.944	0	
186.944	0	
172.806	0	
175.563	0	
192.294	0	
185.566	0	
212.029	0	
211.002	0	
204.066	0	
200.541	0	
200.642	0	
200.598	0	
194.873	0	
213.408	0	
190.174	0	
191.215	0	
186.61	0	
194.526	0	
200.513	0	
195.745	0	
199.115	0	
199.115	0	
176.879	0	
176.434	0	
174.498	0	
179.064	0	
188.389	0	
203.34	0	
202.831	0	
200.645	0	
195.381	0	
195.822	0	
188.444	0	
181.776	0	
193.187	0	
197.335	0	
198.299	0	
212.095	0	
202.254	0	
205.891	0	
179.083	0	
179.083	0	
189.032	0	
189.724	0	
192.228	0	
193.634	0	
209.807	0	
196.828	0	
207.342	0	
209.53	0	
218.631	0	
231.017	0	
200.346	0	
197.755	0	
178.233	0	
193.249	0	
202.865	0	
250.878	0	
196.046	0	
203.711	0	
200.607	0	
199.94	0	
199.48	0	
190.8	0	
219.913	0	
201.707	0	
194.274	0	
186.86	0	
196.917	0	
219.589	0	
213.166	0	
184.904	0	
186.37	0	
185.04	0	
225.236	0	
193.633	0	
223.144	0	
217.08	0	
193.695	0	
199.829	0	
198.54	0	
202.573	0	
210.969	0	
207.587	0	
196.108	0	
200.06	0	
191.11	0	
200.722	0	
128.549	0	
103.966	0	
190.106	0	
188.389	0	
194.092	0	
181.296	0	
196.257	0	
203.019	0	
193.2	0	
185.816	0	
194.265	0	
185.853	0	
186.702	0	
217.248	0	
192.601	0	
189.725	0	
216.051	0	
222.241	0	
212.695	0	
205.423	0	
202.105	0	
212.762	0	
197.901	0	
199.316	0	
195.457	0	
195.955	0	
192.831	0	
190.844	0	
182.473	0	
212.895	0	
181.349	0	
181.908	0	
193.503	0	
194.197	0	
200.357	0	
196.318	0	
190.376	0	
197.592	0	
198.293	0	
199.181	0	
189.512	0	
190.545	0	
205.203	0	
191.671	0	
177.507	0	
185.043	0	
192.457	0	
195.335	0	
206.67	0	
207.601	0	
208.991	0	
212.299	0	
208.133	0	
216.076	0	
221.843	0	
217.626	0	
191.619	0	
193.544	0	
206.574	0	
204.066	0	
194.478	0	
194.012	0	
189.47	0	
189.399	0	
191.829	0	
196.356	0	
191.336	0	
192.253	0	
192.765	0	
202.124	0	
179.546	0	
176.377	0	
196.457	0	
191.813	0	
196.306	0	
193.233	0	
215.117	0	
214.663	0	
198.647	0	
201.695	0	
200.698	0	
199.347	0	
196.903	0	
210.781	0	
141.005	0	
252.737	0	
201.577	0	
198.703	0	
165.039	0	
192.64	0	
216.661	0	
197.452	0	
192.252	0	
215.254	0	
191.787	0	
199.304	0	
193.409	0	
205.663	0	
196.554	0	
200.418	0	
203.872	0	
195.641	0	
221.437	0	
217.523	0	
214.012	0	
214.366	0	
212.673	0	
212.573	0	
208.734	0	
213.747	0	
211.176	0	
210.193	0	
200.108	0	
208.358	0	
199.55	0	
196.496	0	
205.795	0	
204.513	0	
189.715	0	
193.632	0	
200.314	0	
199.757	0	
201.605	0	
184.378	0	
200.334	0	
194.47	0	
203.66	0	
200.722	0	
230.67	0	
231.949	0	
198.177	0	
195.615	0	
198.177	0	
190.52	0	
190.714	0	
198.7	0	
190.937	0	
197.592	0	
198.926	0	
192.063	0	
209.552	0	
196.608	0	
224.115	0	
229.64	0	
192.232	0	
194.8	0	
194.869	0	
193.413	0	
200.23	0	
201.633	0	
202.399	0	
194.75	0	
219.162	0	
221.813	0	
218.105	0	
212.244	0	
224.697	0	
225.126	0	
205.231	0	
204.637	0	
190.047	0	
192.346	0	
187.242	0	
184.236	0	
194.687	0	
197.944	0	
188.795	0	
191.076	0	
194.365	0	
193.633	0	
198.821	0	
210.294	0	
191.237	0	
199.984	0	
194.668	0	
187.855	0	
196.162	0	
197.272	0	
196.603	0	
200.176	0	
198.443	0	
200.516	0	
215.007	0	
201.77	0	
185.393	0	
240.346	0	
172.392	0	
185.929	0	
198.262	0	
210.431	0	
197.765	0	
202.965	0	
198.991	0	
202.907	0	
199.424	0	
203.307	0	
231	0	
229.911	0	
204.387	0	
196.317	0	
201.963	0	
209.76	0	
211.617	0	
214.476	0	
214.933	0	
213.339	0	
179.717	0	
207.406	0	
231.976	0	
217.523	0	
191.826	0	
221.115	0	
222.98	0	
226.85	0	
196.063	0	
193.875	0	
215.254	0	
199.482	0	
190.347	0	
226.669	0	
227.382	0	
210.197	0	
218.609	0	
211.226	0	
241.905	0	
247.434	0	
196.361	0	
196.019	0	
215.586	0	
202.942	0	
222.887	0	
197.584	0	
216.683	0	
223.237	0	
219.609	0	
223.874	0	
214.762	0	
230.738	0	
212.587	0	
223.967	0	
201.288	0	
202.081	0	
196.023	0	
197.457	0	
194.343	0	
195.303	0	
195.141	0	
194.789	0	
221.868	0	
212.236	0	
208.518	0	
207.345	0	
200.698	0	
203.013	0	
167.267	0	
204	0	
111.42	0	
110.012	0	
254.393	0	
236.2	0	
255.768	0	
240.49	0	
201.308	0	
221.334	0	
195.88	0	
204.6	0	
198.991	0	
195.825	0	
216.916	0	
223.936	0	
203.486	0	
233.378	0	
244.023	0	
215.855	0	
237.461	0	
202.922	0	
204.416	0	
217.659	0	
193.396	0	
198.795	0	
261.22	0	
231.502	0	
222.359	0	
229.962	0	
287.541	0	
236.507	0	
262.992	0	
193.775	0	
231.758	0	
247.239	0	
211.289	0	
194.869	0	
198.06	0	
196.147	0	
202.115	0	
222.08	0	
221.843	0	
224.047	0	
214.386	0	
225.708	0	
223.539	0	
212.841	0	
229.687	0	
230.738	0	
205.891	0	
239.604	0	
200.979	0	
201.292	0	
196.41	0	
197.959	0	
226.861	0	
196.389	0	
195.418	0	
195.141	0	
223.801	0	
211.004	0	
255.756	0	
233.134	0	
269.593	0	
201.681	0	
215.007	0	
245.268	0	
248.711	0	
290.84	0	
211.378	0	
203.395	0	
82.6659	0	
210.245	0	
262.844	0	
305.945	0	
285.252	0	
325.585	0	
219.589	0	
213.804	0	
217.518	0	
195.521	0	
218.504	0	
198.691	0	
222.657	0	
231.017	0	
231.229	0	
214.915	0	
179.147	0	
210.276	0	
193.214	0	
197.607	0	
212.236	0	
197.46	0	
227.085	0	
202.401	0	
240.113	0	
284.695	0	
200.205	0	
197.822	0	
196.285	0	
191.441	0	
215.985	0	
211.289	0	
203.336	0	
205.051	0	
202.748	0	
219.376	0	
222.774	0	
357.639	0	
269.514	0	
226.048	0	
233.257	0	
231.346	0	
281.13	0	
203.796	0	
201.904	0	
200.878	0	
202.23	0	
196.496	0	
244.023	0	
198.504	0	
259.081	0	
195.005	0	
254.471	0	
210.276	0	
293.403	0	
269.514	0	
232.677	0	
210.174	0	
226.233	0	
233.257	0	
270.766	0	
271.56	0	
236.731	0	
219.861	0	
311.98	0	
211.531	0	
305.528	0	
295.089	0	
212.358	0	
219.861	0	
80.13	0	
118.964	0	
74.4002	0	
121.423	0	
223.827	0	
241.025	0	
235.366	0	
236.271	0	
203.961	0	
230.367	0	
200.354	0	
201.629	0	
198.032	0	
213.398	0	
373.028	0	
262.844	0	
188.877	0	
255.309	0	
197.592	0	
201.447	0	
196.874	0	
228.915	0	
196.383	0	
205.443	0	
198.013	0	
197.664	0	
199.315	0	
206.05	0	
199.986	0	
201.056	0	
202.921	0	
225.043	0	
303.847	0	
204.512	0	
314.62	0	
280.6	0	
218.308	0	
263.935	0	
194.214	0	
178.942	0	
231.092	0	
263.935	0	
203.506	0	
238.669	0	
325.436	0	
212.293	0	
274.135	0	
386.965	0	
211.423	0	
215.818	0	
195.958	0	
199.144	0	
218.21	0	
196.841	0	
195.92	0	
205.086	0	
205.415	0	
199.467	0	
203.534	0	
203.534	0	
197.518	0	
199.41	0	
198.289	0	
200.28	0	
206.835	0	
230.017	0	
271.832	0	
410.978	0	
201.109	0	
205.632	0	
200.616	0	
190.788	0	
206.506	0	
200.663	0	
197.226	0	
201.216	0	
201.2	0	
215.218	0	
204.783	0	
204.121	0	
190.658	0	
207.458	0	
216.695	0	
219.987	0	
198.257	0	
200.353	0	
186.757	0	
191.194	0	
196.466	0	
196.136	0	
198.489	0	
195.426	0	
291.539	0	
229.77	0	
373.01	0	
193.884	0	
343.472	0	
198.839	0	
220.37	0	
208.04	0	
226.88	0	
206.271	0	
195.745	0	
194.566	0	
227.742	0	
279.752	0	
200.9	0	
208.985	0	
299.675	0	
222.465	0	
197.402	0	
292.302	0	
191.441	0	
244.945	0	
211.866	0	
223.117	0	
212.021	0	
216.342	0	
201.511	0	
203.079	0	
200.462	0	
218.204	0	
197.988	0	
201.267	0	
197.048	0	
197.681	0	
196.731	0	
193.82	0	
344.1	0	
217.61	0	
206.9	0	
204.246	0	
241.802	0	
203.91	0	
199.919	0	
211.507	0	
216.899	0	
215.008	0	
217.847	0	
205.276	0	
199.463	0	
204.637	0	
199.262	0	
202.827	0	
289.337	0	
276.782	0	
189.96	0	
189.013	0	
212.021	0	
201.722	0	
203.081	0	
203.327	0	
204.386	0	
211.618	0	
261.22	0	
345.543	0	
202.115	0	
213.166	0	
314.136	0	
464.819	0	
290.718	0	
179.851	0	
197.272	0	
223.404	0	
194.218	0	
197.041	0	
330.557	0	
232.462	0	
218.044	0	
245.392	0	
360.722	0	
282.916	0	
233.037	0	
292.02	0	
149.195	0	
219.864	0	
225.411	0	
195.659	0	
202.971	0	
202.106	0	
211.093	0	
249.148	0	
326.317	0	
226.686	0	
186.735	0	
195.466	0	
226.29	0	
203.359	0	
222.465	0	
260.355	0	
326.738	0	
252.902	0	
189.133	0	
196.876	0	
204.017	0	
218.578	0	
303.988	0	
228.069	0	
190.503	0	
199.465	0	
218.007	0	
217.317	0	
242.774	0	
243.716	0	
234.244	0	
225.287	0	
208.336	0	
216.342	0	
209.919	0	
207.345	0	
281.88	0	
336.69	0	
192.367	0	
210.498	0	
236.923	0	
354.289	0	
197.097	0	
188.784	0	
212.2	0	
216.594	0	
201.875	0	
199.947	0	
232.82	0	
310.659	0	
209.76	0	
223.681	0	
140.02	0	
189.114	0	
219.91	0	
195.82	0	
230.383	0	
225.02	0	
232.46	0	
201.263	0	
210.128	0	
206.346	0	
240.698	0	
380.357	0	
363.686	0	
192.294	0	
225.588	0	
162.401	0	
219.216	0	
242.355	0	
329.091	0	
257.357	0	
221.359	0	
220.661	0	
202.378	0	
205.401	0	
203.907	0	
206.332	0	
211.025	0	
241.352	0	
210.257	0	
219.747	0	
339.84	0	
322.812	0	
209.461	0	
211.157	0	
76.6864	0	
173.064	0	
180.436	0	
156.498	0	
228.312	0	
249.219	0	
457.644	0	
198.57	0	
199.745	0	
179.413	0	
281.698	0	
326.524	0	
494.253	0	
324.132	0	
205.791	0	
202.409	0	
469.81	0	
345.543	0	
182.293	0	
204.899	0	
217.61	0	
506.513	0	
203.91	0	
366.551	0	
449.01	0	
381.443	0	
442.009	0	
184.39	0	
168.279	0	
175.733	0	
206.879	0	
214.072	0	
209.533	0	
218.53	0	
361.52	0	
278.33	0	
385.879	0	
182.08	0	
213.979	0	
200.15	0	
207.052	0	
210.021	0	
395.442	0	
372.6	0	
224.911	0	
203.315	0	
217.342	0	
238.873	0	
66.1846	0	
117.015	0	
248.172	0	
115.935	0	
79.7776	0	
94.9769	0	
247.462	0	
246.258	0	
224.255	0	
216.042	0	
378.912	0	
207.356	0	
166.084	0	
214.783	0	
235.987	0	
431.929	0	
260.634	0	
335.313	0	
284.982	0	
506.524	0	
446.852	0	
504.593	0	
57.3264	0	
121.149	0	
217.538	0	
218.701	0	
232.41	0	
141.418	0	
193.784	0	
219.533	0	
215.824	0	
210.114	0	
112.016	0	
88.1496	0	
367.376	0	
292.302	0	
139.234	0	
437.807	0	
298.322	0	
215.143	0	
150.993	0	
386.041	0	
337.761	0	
239.393	0	
459.496	0	
343.587	0	
524.823	0	
329.896	0	
451.969	0	
620.638	0	
463.021	0	
188.786	0	
630.364	0	
516.061	0	
450.202	0	
439.435	0	
569.313	0	
591.922	0	
621.147	0	
388.644	0	
186.544	0	
214.693	0	
238.747	0	
374.4	0	
189.428	0	
231.661	0	
204.017	0	
212.005	0	
559.771	0	
368.975	0	
185.922	0	
205.134	0	
476.003	0	
331.041	0	
179.749	0	
184.544	0	
344.1	0	
268.179	0	
298.775	0	
211.259	0	
225.347	0	
208.768	0	
369.585	0	
400.716	0	
197.203	0	
182.669	0	
76.1885	0	
112.016	0	
230.071	0	
230.085	0	
284.662	0	
378.465	0	
227.46	0	
131.367	0	
205.968	0	
209.21	0	
495.575	0	
526.957	0	
626.209	0	
569.181	0	
424.057	0	
523.395	0	
609.33	0	
465.343	0	
497.169	0	
714.789	0	
189.152	0	
188.822	0	
85.9784	0	
117.061	0	
107.535	0	
120.811	0	
218.572	0	
202.634	0	
572.238	0	
415.573	0	
397.681	0	
627.085	0	
185.162	0	
190.796	0	
488.86	0	
102.148	0	
402.171	0	
447.9	0	
749.768	0	
164.947	0	
702.208	0	
585.332	0	
190.955	0	
182.716	0	
298.029	0	
476.595	0	
627.572	0	
646.568	0	
298.775	0	
217.286	0	
180.288	0	
188.381	0	
241.08	0	
250.195	0	
214.804	0	
210.238	0	
80.9147	0	
73.4813	0	
236.694	0	
251.662	0	
452.009	0	
463.841	0	
195.738	0	
220.737	0	
217.194	0	
671.918	0	
443.486	0	
205.673	0	
122.193	0	
199.806	0	
211.184	0	
211.688	0	
195.65	0	
210.083	0	
626.209	0	
665.674	0	
476.841	0	
222.54	0	
149.602	0	
52.8965	0	
301.46	0	
558.026	0	
749.862	0	
503.439	0	
188.586	0	
202.733	0	
215.218	0	
217.001	0	
209.435	0	
209.435	0	
522.893	0	
485.435	0	
210.497	0	
155.205	0	
719.259	0	
222.771	0	
168.36	0	
148.051	0	
630.233	0	
508.291	0	
184.835	0	
188.767	0	
239.091	0	
212.053	0	
342.171	0	
389.228	0	
477.251	0	
363.778	0	
513.605	0	
292.6	0	
79.0999	0	
215.411	0	
630.464	0	
194.535	0	
85.125	0	
94.4009	0	
249.198	0	
249.136	0	
244.564	0	
200.777	0	
216.794	0	
76.4624	0	
546.573	0	
564.057	0	
190.508	0	
183.731	0	
205.321	0	
191.627	0	
495.61	0	
630.464	0	
781.228	0	
707.28	0	
627.587	0	
557.32	0	
149.411	0	
585.107	0	
582.648	0	
607.508	0	
681.822	0	
157.312	0	
516.355	0	
109.979	0	
521.115	0	
405.307	0	
161.685	0	
213.055	0	
211.674	0	
211.268	0	
717.351	0	
803.507	0	
454.295	0	
197.725	0	
91.2043	0	
76.6839	0	
106.213	0	
91.2043	0	
250.195	0	
250.389	0	
242.901	0	
237.366	0	
779.592	0	
158.919	0	
321.557	0	
200.424	0	
749.862	0	
445.617	0	
194.101	0	
204.048	0	
440.67	0	
480.688	0	
155.762	0	
61.9645	0	
86.4684	0	
214.787	0	
493.962	0	
308.066	0	
235.987	0	
693.182	0	
248.304	0	
248.526	0	
716.894	0	
600.146	0	
503.234	0	
433.027	0	
159.945	0	
145.065	0	
293.45	0	
207.464	0	
247.367	0	
240.775	0	
201.57	0	
237.43	0	
828.642	0	
73.5887	0	
655.448	0	
670.85	0	
438.884	0	
209.83	0	
117.238	0	
124.246	0	
737.151	0	
765.177	0	
200.406	0	
202.573	0	
117.422	0	
110.252	0	
248.641	0	
244.828	0	
60.5632	0	
60.6852	0	
444.16	0	
497.448	0	
90.2151	0	
95.9847	0	
62.6679	0	
200.777	0	
55.4604	0	
62.6679	0	
608.773	0	
266.898	0	
138.798	0	
240.878	0	
475.044	0	
191.842	0	
475.916	0	
465.427	0	
194.253	0	
209.793	0	
204.783	0	
189.143	0	
203.85	0	
180.851	0	
27.1823	0	
236.421	0	
195.601	0	
182.354	0	
156.498	0	
824.589	0	
832.349	0	
57.1627	0	
132.958	0	
274.984	0	
129.765	0	
88.3119	0	
230.089	0	
234.233	0	
96.8545	0	
99.3446	0	
57.1627	0	
235.987	0	
243.94	0	
245.6	0	
112.03	0	
235.987	0	
188.437	0	
191.459	0	
242.858	0	
241.562	0	
235.987	0	
139.117	0	
235.987	0	
190.492	0	
137.085	0	
235.987	0	
239.435	0	
244.528	0	
240.589	0	
206.431	0	
463.462	0	
462.242	0	
510.192	0	
450.093	0	
533.484	0	
470.118	0	
462.057	0	
500.245	0	
102.725	0	
49.0562	0	
37.3989	0	
28.7094	0	
38.8494	0	
19.2867	0	
29.9828	0	
36.36	0	
214.912	0	
198.454	0	
279.598	0	
716.512	0	
357.341	0	
299.205	0	
723.069	0	
794.216	0	
768.861	0	
771.461	0	
744.225	0	
786.033	0	
118.361	0	
117.498	0	
729.396	0	
182.354	0	
476.499	0	
489.958	0	
527.263	0	
294.267	0	
29.9828	0	
148.572	0	
214.912	0	
223.826	0	
204.844	0	
233.746	0	
361.47	0	
140.891	0	
825.299	0	
821.828	0	
822.404	0	
766.397	0	
279.598	0	
717.964	0	
814.791	0	
775.9	0	
219.018	0	
218.234	0	
201.954	0	
209.008	0	
226.774	0	
690.321	0	
735.748	0	
763.979	0	
218.234	0	
229.348	0	
475.435	0	
199.052	0	
238.913	0	
245.195	0	
132.862	0	
189.307	0	
235.987	0	
235.987	0	
201.954	0	
236.095	0	
190.48	0	
235.987	0	
183.195	0	
236.759	0	
102.41	0	
211.731	0	
557.554	0	
77.2114	0	
236.421	0	
236.945	0	
235.987	0	
213.24	0	
127.949	0	
190.129	0	
55.0372	0	
73.8072	0	
243.759	0	
239.524	0	
226.354	0	
231.629	0	
235.987	0	
579.267	0	
233.757	0	
238.65	0	
681.343	0	
486.195	0	
584.307	0	
653.872	0	
519.702	0	
241.641	0	
509.499	0	
516.783	0	
433.904	0	
372.283	0	
561.142	0	
139.518	0	
235.987	0	
235.987	0	
235.987	0	
235.987	0	
135.079	0	
87.8381	0	
220.679	0	
172.66	0	
304.228	0	
204.148	0	
220.135	0	
235.987	0	
189.792	0	
216.524	0	
253.47	0	
406.593	0	
464.473	0	
417.379	0	
237.145	0	
236.173	0	
625.452	0	
465.856	0	
235.987	0	
235.987	0	
235.987	0	
235.987	0	
479.665	0	
228.652	0	
236.755	0	
236.261	0	
235.987	0	
513.23	0	
235.987	0	
231.121	0	
230.111	0	
235.987	0	
417.554	0	
235.987	0	
237.265	0	
235.345	0	
206.793	0	
158.137	0	
235.987	0	
235.987	0	
235.987	0	
235.987	0	
231.121	0	
215.122	0	
235.987	0	
235.987	0	
190.864	0	
148.71	0	
189.792	0	
446.635	0	
377.313	0	
227.952	0	
222.954	0	
232.709	0	
422.783	0	
317.882	0	
221.39	0	
229.528	0	
235.987	0	
234.985	0	
235.987	0	
235.987	0	
236	0	
229.746	0	
236.007	0	
235.987	0	
397.362	0	
230.087	0	
235.987	0	
235.987	0	
190.864	0	
216.279	0	
229.053	0	
208.4	0	
236.742	0	
275.439	0	
235.987	0	
235.987	0	
501.897	0	
395.8	0	
235.987	0	
235.987	0	
227.194	0	
235.987	0	
219.067	0	
227.952	0	
220.155	0	
384.003	0	
220.858	0	
228.234	0	
228.703	0	
226.837	0	
232.01	0	
227.592	0	
233.037	0	
235.987	0	
233.826	0	
235.987	0	
230.649	0	
226.295	0	
235.987	0	
235.987	0	
426.652	0	
394.203	0	
259.625	0	
239.665	0	
235.987	0	
309.995	0	
235.987	0	
235.987	0	
235.997	0	
235.987	0	
235.987	0	
235.987	0	
236.027	0	
235.987	0	
312.081	0	
325.37	0	
235.987	0	
235.734	0	
230.582	0	
234.92	0	
235.987	0	
235.987	0	
235.987	0	
235.987	0	
235.987	0	
235.987	0	
235.954	0	
235.726	0	
235.987	0	
235.987	0	
233.525	0	
234.92	0	
233.255	0	
235.987	0	
233.525	0	
235.987	0	
235.99	0	
235.987	0	
235.987	0	
235.987	0	
235.987	0	
235.987	0	
235.987	0	
235.987	0	
235.987	0	
235.987	0	
235.987	0	
235.987	0	
235.987	0	
235.987	0	
235.987	0	
235.987	0	
235.987	0	
235.987	0	
300.814	0	
291.634	0	
235.987	0	
235.987	0	
235.987	0	
235.987	0	
235.987	0	
235.987	0	
235.987	0	
235.987	0	
235.987	0	
235.84	0	
235.987	0	
235.324	0	
235.987	0	
235.987	0	
235.53	0	
235.987	0	
235.987	0	
235.987	0	
235.324	0	
235.987	0	
235.987	0	
235.987	0	
235.987	0	
235.987	0	
235.987	0	
235.987	0	
283.683	0	
243.343	0	
235.987	0	
235.987	0	
235.987	0	
235.987	0	
235.987	0	
235.987	0	
246.772	0	
235.791	0	
235.987	0	
235.905	0	
235.987	0	
235.987	0	
235.987	0	
235.987	0	
235.987	0	
235.987	0	
235.987	0	
235.987	0	
235.987	0	
235.987	0	
235.987	0	
235.987	0	
235.987	0	
263.81	0	
235.987	0	
235.84	0	
235.987	0	
235.987	0	
235.987	0	
235.987	0	
235.987	0	
235.987	0	
235.987	0	
235.987	0	
235.987	0	
235.987	0	
235.987	0	
235.987	0	
235.961	0	
235.987	0	
235.797	0	
237.669	0	
235.987	0	
235.614	0	
235.987	0	
235.987	0	
235.987	0	
235.987	0	
235.987	0	
235.987	0	
235.987	0	
235.987	0	
235.987	0	
235.987	0	
235.987	0	
235.946	0	
235.987	0	
235.983	0	
235.987	0	
235.987	0	
235.987	0	
235.987	0	
235.987	0	
235.987	0	
235.987	0	
235.987	0	
235.952	0	
235.8	0	
240.28	0	
235.987	0	
235.987	0	
235.987	0	
235.987	0	
235.987	0	
235.987	0	
235.987	0	
236.792	0	
236.523	0	
235.987	0	
235.987	0	
235.971	0	
235.987	0	
235.987	0	
235.987	0	
235.987	0	
235.987	0	
235.987	0	
235.987	0	
235.987	0	
235.987	0	
235.987	0	
235.987	0	
235.984	0	
235.987	0	
235.987	0	
235.987	0	
235.987	0	
235.987	0	
235.987	0	
235.987	0	
235.987	0	
235.987	0	
235.987	0	
235.987	0	
235.987	0	
235.987	0	
235.987	0	
235.987	0	
235.987	0	
235.987	0	
235.987	0	
235.987	0	
235.987	0	
235.987	0	
235.987	0	
235.987	0	
235.987	0	
235.987	0	
235.987	0	
235.987	0	
235.987	0	
235.987	0	
235.987	0	
235.987	0	
235.987	0	
235.987	0	
235.987	0	
235.987	0	
235.987	0	
235.987	0	
235.987	0	
235.987	0	
235.987	0	
235.987	0	
235.987	0	
235.987	0	
235.987	0	
235.987	0	
235.987	0	
235.987	0	
235.987	0	
235.987	0	
235.987	0	
235.987	0	
235.987	0	
235.987	0	
235.987	0	
235.987	0	
235.987	0	
235.987	0	
235.987	0	
235.987	0	
235.987	0	
235.987	0	
235.987	0	
235.987	0	
235.987	0	
235.987	0	
235.987	0	
235.987	0	
235.987	0	
235.987	0	
235.987	0	
235.987	0	
235.987	0	
235.987	0	
235.987	0	
235.987	0	
235.987	0	
235.987	0	
235.987	0	
235.987	0	
235.987	0	
235.987	0	
235.987	0	
235.987	0	
235.987	0	
235.987	0	
235.987	0	
235.987	0	
235.987	0	
235.987	0	
235.987	0	
235.987	0	
235.987	0	
235.987	0	
235.987	0	
235.987	0	
235.987	0	
235.987	0	
235.987	0	
235.987	0	
235.987	0	
235.987	0	
235.987	0	
235.987	0	
235.987	0	
235.987	0	
235.987	0	
235.987	0	
235.987	0	
235.987	0	
235.987	0	
235.987	0	
235.987	0	
235.987	0	
183.46	0	
181.899	0	
181.819	0	
181.819	0	
185.411	0	
183.595	0	
189.093	0	
224.597	0	
184.401	0	
202.324	0	
200.668	0	
205.754	0	
197.966	0	
194.606	0	
196.488	0	
196.51	0	
194.606	0	
196.26	0	
195.972	0	
195.115	0	
196.51	0	
196.108	0	
197.986	0	
197.422	0	
196.536	0	
196.536	0	
195.115	0	
199.347	0	
199.966	0	
199.454	0	
197.614	0	
198.647	0	
200.516	0	
201.424	0	
199.454	0	
199.799	0	
197.965	0	
196.941	0	
198.576	0	
197.986	0	
197.986	0	
199.615	0	
197.986	0	
199.409	0	
203.013	0	
201.781	0	
202.347	0	
201.753	0	
202.347	0	
201.781	0	
201.781	0	
204.16	0	
202.756	0	
202.301	0	
203.458	0	
204.122	0	
200.607	0	
199.492	0	
200.488	0	
204.244	0	
201.781	0	
208.184	0	
204.034	0	
195.369	0	
197.433	0	
205.051	0	
203.458	0	
204.034	0	
205.977	0	
203.013	0	
204.239	0	
206.271	0	
204.647	0	
208.04	0	
214.072	0	
188.701	0	
184.074	0	
192.911	0	
192.174	0	
194.723	0	
197.966	0	
182.481	0	
184.881	0	
183.612	0	
188.688	0	
184.869	0	
183.383	0	
181.102	0	
185.799	0	
184.869	0	
181.801	0	
185.612	0	
184.7	0	
186.045	0	
183.46	0	
185.4	0	
182.5	0	
183.45	0	
183.14	0	
185.509	0	
186.893	0	
185.182	0	
182.94	0	
182.99	0	
184.399	0	
187.878	0	
189.749	0	
184.074	0	
183.981	0	
185.182	0	
184.074	0	
186.176	0	
184.074	0	
188.701	0	
187.227	0	
187.227	0	
186.319	0	
192.174	0	
186.319	0	
182.246	0	
183.595	0	
197.121	0	
196.554	0	
184.445	0	
185.4	0	
182.799	0	
182.99	0	
185.976	0	
187.113	0	
189.605	0	
189.749	0	
201.9	0	
189.826	0	
186.893	0	
192.911	0	
188.25	0	
193.543	0	
189.826	0	
187.496	0	
201.726	0	
197.121	0	
189.725	0	
189.749	0	
201.9	0	
189.826	0	
201.2	0	
208.911	0	
197.121	0	
199.424	0	
202.25	0	
202.25	0	
208.911	0	
199.424	0	
191.825	0	
192.69	0	
182.435	0	
183.253	0	
183.253	0	
184.045	0	
186.092	0	
193.543	0	
190.201	0	
194.648	0	
189.725	0	
201.9	0	
215.986	0	
233.92	0	
231	0	
200.418	0	
196.913	0	
187.49	0	
186.362	0	
182.2	0	
186.092	0	
182.435	0	
182.435	0	
189.458	0	
192.601	0	
198.876	0	
194.2	0	
193.305	0	
194.648	0	
191.837	0	
187.127	0	
180.898	0	
182.246	0	
187.79	0	
188.041	0	
213.398	0	
198.876	0	
193.409	0	
191.736	0	
184.944	0	
183.682	0	
183.962	0	
180.898	0	
196.913	0	
203.872	0	
193.948	0	
191.536	0	
183.087	0	
185.043	0	
186.763	0	
185.617	0	
221.042	0	
217.688	0	
206.974	0	
201.308	0	
185.953	0	
184.944	0	
183.819	0	
183.402	0	
184.47	0	
229.293	0	
224.737	0	
221.042	0	
225.476	0	
204.099	0	
198.991	0	
189.02	0	
184.218	0	
221.393	0	
217.284	0	
193.2	0	
189.02	0	
183.795	0	
183.114	0	
224.737	0	
221.354	0	
221.393	0	
221.373	0	
195.496	0	
192.252	0	
180.382	0	
183.405	0	
183.141	0	
183.317	0	
207.31	0	
203.307	0	
185.816	0	
183.795	0	
183.819	0	
183.06	0	
183.169	0	
182.548	0	
183.493	0	
201.272	0	
198.701	0	
189.129	0	
185.853	0	
212.031	0	
194.327	0	
198.701	0	
194.265	0	
182.116	0	
180.789	0	
221.373	0	
218.478	0	
197.416	0	
198.701	0	
180.943	0	
180.839	0	
177.886	0	
179.362	0	
221.354	0	
221.334	0	
231.555	0	
218.609	0	
194.452	0	
191.876	0	
182.548	0	
179.975	0	
181.602	0	
234.371	0	
257.357	0	
212.084	0	
191.876	0	
182.943	0	
182.116	0	
206.779	0	
199.242	0	
248.437	0	
228.08	0	
226.126	0	
215.218	0	
226.955	0	
229.911	0	
242.795	0	
240.49	0	
247.407	0	
234.371	0	
240.49	0	
241.621	0	
258.02	0	
247.407	0	
188.392	0	
182.623	0	
227.382	0	
199.15	0	
247.407	0	
259.347	0	
202.965	0	
196.257	0	
241.621	0	
241.905	0	
260.674	0	
291.989	0	
248.985	0	
214.45	0	
184.079	0	
186.32	0	
183.54	0	
186.32	0	
200.462	0	
188.293	0	
209.734	0	
198.032	0	
209.734	0	
226.126	0	
221.437	0	
228.568	0	
288.987	0	
233.454	0	
248.711	0	
277.25	0	
232.82	0	
222.24	0	
276.542	0	
260.674	0	
262.992	0	
241.621	0	
333.493	0	
310.659	0	
290.718	0	
287.541	0	
360.924	0	
373.01	0	
301.539	0	
291.539	0	
155.69	0	
156.71	0	
159.386	0	
181.129	0	
147.55	0	
154.212	0	
104.124	0	
118.964	0	
111.42	0	
104.124	0	
119.899	0	
117.015	0	
119.899	0	
148.947	0	
128.379	0	
215.361	0	
215.928	0	
206.993	0	
224.068	0	
217.742	0	
198.993	0	
199.947	0	
218.047	0	
224.068	0	
217.371	0	
218.047	0	
200.622	0	
200.901	0	
207.018	0	
203.129	0	
204.042	0	
201.227	0	
189.516	0	
188.929	0	
197.613	0	
187.808	0	
197.849	0	
197.65	0	
199.162	0	
195.093	0	
194.232	0	
194.988	0	
198.792	0	
202.832	0	
196.471	0	
211.668	0	
202.611	0	
187.232	0	
182.674	0	
181.126	0	
183.135	0	
187.424	0	
181.126	0	
187.617	0	
189.354	0	
188.929	0	
192.594	0	
198.623	0	
196.903	0	
195.284	0	
196.374	0	
201.66	0	
205.962	0	
199.083	0	
195.341	0	
190.566	0	
191.603	0	
201.577	0	
201.66	0	
198.703	0	
195.341	0	
183.739	0	
184.113	0	
188.825	0	
187.25	0	
189.144	0	
194.092	0	
199.04	0	
206.176	0	
210.431	0	
198.703	0	
189.516	0	
189.516	0	
180.962	0	
181.129	0	
182.692	0	
185.393	0	
207.03	0	
205.797	0	
207.03	0	
208.009	0	
198.703	0	
201.77	0	
189.516	0	
185.145	0	
185.145	0	
185.145	0	
180.318	0	
170.56	0	
176.161	0	
182.692	0	
180.337	0	
185.929	0	
191.522	0	
203.063	0	
187.321	0	
187.875	0	
180.318	0	
180.318	0	
167.486	0	
167.416	0	
168.89	0	
172.392	0	
167.416	0	
146.279	0	
180.426	0	
175.893	0	
167.267	0	
185.634	0	
185.634	0	
185.634	0	
197.755	0	
185.634	0	
185.634	0	
196.979	0	
198.262	0	
198.262	0	
198.262	0	
190.896	0	
162.411	0	
159.386	0	
191.826	0	
196.979	0	
220.046	0	
209.969	0	
170.56	0	
162.411	0	
154.212	0	
141.005	0	
131.317	0	
149.271	0	
149.271	0	
148.947	0	
183.135	0	
184.246	0	
180.352	0	
187.186	0	
182.271	0	
194.922	0	
191.826	0	
221.367	0	
222.774	0	
187.186	0	
187.321	0	
199.721	0	
199.721	0	
266.269	0	
245.268	0	
186.767	0	
207.12	0	
235.524	0	
219.961	0	
221.367	0	
227.742	0	
156.677	0	
167.267	0	
198.929	0	
191.11	0	
216.661	0	
264.935	0	
133.174	0	
164.983	0	
180.352	0	
177.961	0	
177.014	0	
180.803	0	
188.638	0	
182.271	0	
188.638	0	
193.998	0	
185.751	0	
182.4	0	
186.786	0	
186.576	0	
194.719	0	
191.489	0	
185.029	0	
189.431	0	
189.342	0	
189.169	0	
218.164	0	
212.201	0	
215.673	0	
218.256	0	
212.201	0	
212.673	0	
214.222	0	
220.415	0	
218.256	0	
212.762	0	
213.747	0	
214.984	0	
216.881	0	
216.881	0	
220.415	0	
212.695	0	
211.617	0	
214.105	0	
213.339	0	
213.761	0	
214.012	0	
216.629	0	
220.99	0	
216.399	0	
213.187	0	
210.422	0	
211.176	0	
211.931	0	
216.395	0	
214.366	0	
213.761	0	
215.22	0	
216.629	0	
223.548	0	
221.871	0	
209.54	0	
210.969	0	
209.315	0	
208.734	0	
216.696	0	
213.389	0	
218.199	0	
216.696	0	
219.069	0	
216.916	0	
221.985	0	
222.43	0	
205.401	0	
209	0	
207.587	0	
209.315	0	
208.554	0	
210.786	0	
214.781	0	
216.395	0	
219.732	0	
217.659	0	
211.118	0	
213.242	0	
216.225	0	
209.426	0	
209.426	0	
210.751	0	
208.619	0	
208.554	0	
212.511	0	
212.511	0	
214.933	0	
214.476	0	
218.164	0	
216.225	0	
209	0	
210.751	0	
210.937	0	
208.45	0	
205.423	0	
210.193	0	
205.754	0	
205.068	0	
205.068	0	
202.105	0	
204.93	0	
204.93	0	
199.649	0	
203.558	0	
209.237	0	
200.652	0	
213.453	0	
210.283	0	
200.076	0	
201.069	0	
200.877	0	
202.105	0	
204.953	0	
210.283	0	
212.502	0	
213.453	0	
205.105	0	
204.93	0	
213.166	0	
223.681	0	
212.249	0	
212.249	0	
213.166	0	
214.304	0	
214.18	0	
219.72	0	
216.683	0	
215.308	0	
216.926	0	
218.06	0	
220.661	0	
219.609	0	
213.242	0	
215.524	0	
219.609	0	
214.18	0	
214.304	0	
219.16	0	
218.711	0	
222.08	0	
225.45	0	
216.154	0	
217.248	0	
219.16	0	
225.45	0	
224.998	0	
223.539	0	
222.08	0	
223.361	0	
220.37	0	
212.358	0	
223.361	0	
225.45	0	
224.102	0	
222.688	0	
221.273	0	
223.395	0	
219.873	0	
216.985	0	
224.102	0	
223.395	0	
225.46	0	
224.158	0	
224.223	0	
222.543	0	
225.46	0	
226.861	0	
230.693	0	
225.269	0	
227.678	0	
229.916	0	
230.157	0	
233.798	0	
202.398	0	
205.122	0	
217.518	0	
230.033	0	
225.799	0	
203.315	0	
222.543	0	
209.565	0	
236.731	0	
239.919	0	
196.609	0	
200.365	0	
209.565	0	
220.712	0	
230.386	0	
234.172	0	
204.953	0	
205.122	0	
199.028	0	
200.365	0	
205.651	0	
211.065	0	
195.824	0	
218.854	0	
218.854	0	
228.552	0	
213.837	0	
204.613	0	
202.477	0	
199.785	0	
151.604	0	
160.319	0	
226.49	0	
226.49	0	
194.108	0	
230.524	0	
211.065	0	
221.199	0	
232.677	0	
232.677	0	
208.358	0	
211.974	0	
223.707	0	
228.915	0	
211.157	0	
226.49	0	
199.493	0	
201.447	0	
190.665	0	
194.095	0	
191.792	0	
194.546	0	
193.126	0	
196.889	0	
203.638	0	
205.941	0	
208.05	0	
199.615	0	
195.935	0	
198.451	0	
212.222	0	
202.406	0	
195.935	0	
206.821	0	
202.477	0	
203.354	0	
199.951	0	
193.417	0	
197.291	0	
201.42	0	
201.721	0	
205.183	0	
202.655	0	
199.028	0	
198.933	0	
209.81	0	
209.81	0	
202.022	0	
203.919	0	
201.063	0	
200.175	0	
202.706	0	
202.706	0	
209.81	0	
197.291	0	
196.904	0	
208.967	0	
202.324	0	
196.745	0	
198.257	0	
199.785	0	
202.655	0	
199.649	0	
199.076	0	
200.175	0	
200.125	0	
199.77	0	
198.416	0	
199.482	0	
199.649	0	
199.362	0	
199.028	0	
199.316	0	
199.493	0	
199.316	0	
197.916	0	
207.553	0	
205.141	0	
205.141	0	
199.209	0	
197.923	0	
197.916	0	
196.916	0	
201.069	0	
200.125	0	
199.978	0	
200.668	0	
196.057	0	
197.923	0	
207.553	0	
202.409	0	
197.516	0	
197.901	0	
196.29	0	
197.916	0	
196.08	0	
193.76	0	
198.095	0	
196.29	0	
198.095	0	
203.638	0	
199.493	0	
201.511	0	
201.347	0	
192.52	0	
193.357	0	
184.997	0	
193.357	0	
197.988	0	
192.626	0	
198.85	0	
197.592	0	
198.85	0	
201.546	0	
200.108	0	
201.067	0	
201.067	0	
201.511	0	
201.067	0	
201.067	0	
214.209	0	
206.451	0	
211.798	0	
216.001	0	
219.21	0	
206.371	0	
208.476	0	
210.709	0	
210.709	0	
208.77	0	
208.275	0	
207.113	0	
210.581	0	
206.054	0	
215.32	0	
202.609	0	
202.609	0	
205.455	0	
202.139	0	
204.254	0	
202.32	0	
214.79	0	
215.232	0	
208.711	0	
201.396	0	
203.29	0	
205.455	0	
205.455	0	
204.254	0	
204.254	0	
203.753	0	
203.753	0	
203.29	0	
201.541	0	
201.166	0	
204.254	0	
201.396	0	
200.513	0	
203.486	0	
194.789	0	
202.71	0	
197.052	0	
196.889	0	
192.765	0	
202.124	0	
201.541	0	
201.541	0	
202.401	0	
207.318	0	
210.756	0	
197.052	0	
201.775	0	
202.189	0	
202.189	0	
201.166	0	
203.709	0	
197.052	0	
201.775	0	
206.498	0	
214.075	0	
202.189	0	
202.189	0	
207.213	0	
201.166	0	
198.184	0	
198.184	0	
192.731	0	
197.452	0	
193.126	0	
192.331	0	
198.821	0	
204	0	
189.169	0	
193.252	0	
195.021	0	
203.34	0	
217.155	0	
207.318	0	
193.503	0	
195.021	0	
210.294	0	
219.343	0	
219.343	0	
233.378	0	
212.236	0	
210.756	0	
191.381	0	
195.354	0	
195.354	0	
211.004	0	
238.851	0	
222.089	0	
227.085	0	
214.194	0	
189.342	0	
189.927	0	
198.929	0	
203.66	0	
215.626	0	
223.801	0	
207.12	0	
220.042	0	
253.368	0	
238.851	0	
252.956	0	
219.846	0	
186.786	0	
188.022	0	
223.332	0	
226.85	0	
226.85	0	
222.98	0	
255.756	0	
263.922	0	
243.69	0	
243.69	0	
188.022	0	
188.022	0	
200.205	0	
201.263	0	
225.728	0	
233.867	0	
237.461	0	
224.035	0	
233.134	0	
233.378	0	
263.922	0	
223.016	0	
225.728	0	
225.728	0	
216.785	0	
204.728	0	
202.243	0	
204.728	0	
214.075	0	
209.415	0	
207.162	0	
218.438	0	
203.709	0	
200.785	0	
222.54	0	
217.618	0	
201.686	0	
208.121	0	
203.283	0	
203.603	0	
203.283	0	
218.438	0	
217.618	0	
203.11	0	
203.709	0	
203.667	0	
203.337	0	
205.049	0	
209.681	0	
201.681	0	
211.127	0	
202.922	0	
198.666	0	
198.666	0	
201.707	0	
206.395	0	
205.043	0	
201.816	0	
241.175	0	
204.703	0	
202.414	0	
211.531	0	
210.191	0	
201.849	0	
202.132	0	
214.092	0	
220.743	0	
202.697	0	
202.414	0	
220.688	0	
215.879	0	
205.383	0	
205.956	0	
205.043	0	
205.383	0	
205.956	0	
208.152	0	
214.304	0	
207.741	0	
214.647	0	
195.995	0	
201.713	0	
204.029	0	
214.647	0	
202.734	0	
200.336	0	
204.765	0	
201.146	0	
200.278	0	
200.299	0	
200.372	0	
200.488	0	
201.94	0	
201.624	0	
201.482	0	
203.058	0	
200.705	0	
200.222	0	
202.016	0	
200.705	0	
199.734	0	
199.55	0	
200.527	0	
202.016	0	
201.003	0	
200.527	0	
201.793	0	
200.499	0	
199.55	0	
200.549	0	
194.664	0	
193.92	0	
193.51	0	
197.881	0	
195.903	0	
197.086	0	
193.793	0	
194.017	0	
192.497	0	
194.082	0	
194.082	0	
186.538	0	
194.583	0	
192.926	0	
195.769	0	
197.881	0	
196.589	0	
195.59	0	
195.358	0	
196.589	0	
196.007	0	
195.955	0	
196.708	0	
196.708	0	
198.501	0	
197.664	0	
197.368	0	
196.828	0	
198.782	0	
200.376	0	
196.603	0	
196.603	0	
196.394	0	
196.394	0	
197.368	0	
196.603	0	
198.691	0	
196.985	0	
196.985	0	
196.436	0	
201.203	0	
199.672	0	
194.757	0	
196.436	0	
197.226	0	
196.436	0	
193.275	0	
196.735	0	
199.55	0	
200.376	0	
204.386	0	
202.23	0	
201.216	0	
202.748	0	
199.672	0	
198.443	0	
202.049	0	
187.016	0	
188.334	0	
189.903	0	
203.55	0	
202.049	0	
202.049	0	
198.643	0	
202.049	0	
194.226	0	
194.226	0	
201.692	0	
208.614	0	
200.196	0	
198.643	0	
201.042	0	
198.486	0	
193.974	0	
202.168	0	
198.7	0	
195.708	0	
194.812	0	
200.534	0	
196.066	0	
193.974	0	
193.008	0	
198.7	0	
198.7	0	
194.812	0	
194.812	0	
193.974	0	
196.791	0	
193.008	0	
192.751	0	
197.699	0	
194.812	0	
195.009	0	
193.692	0	
196.731	0	
199.314	0	
192.831	0	
188.334	0	
194.434	0	
193.207	0	
193.207	0	
193.207	0	
193.207	0	
193.82	0	
194.434	0	
199.474	0	
194.274	0	
192.006	0	
200.64	0	
203.218	0	
197.822	0	
199.474	0	
218.007	0	
212.419	0	
190.775	0	
195.005	0	
193.614	0	
202.921	0	
212.419	0	
203.218	0	
207.041	0	
217.339	0	
206.585	0	
198.504	0	
192.345	0	
188.702	0	
212.228	0	
209.634	0	
232.462	0	
217.339	0	
284.208	0	
221.857	0	
197.086	0	
195.145	0	
195.704	0	
193.468	0	
191.732	0	
194.517	0	
197.086	0	
194.621	0	
191.732	0	
197.086	0	
195.99	0	
195.374	0	
194.157	0	
190.544	0	
192.371	0	
195.374	0	
195.99	0	
194.209	0	
194.209	0	
195.4	0	
195.4	0	
194.812	0	
194.691	0	
195.4	0	
192.371	0	
192.189	0	
194.723	0	
194.723	0	
188.122	0	
184.246	0	
182.073	0	
190.763	0	
190.725	0	
188.338	0	
180.496	0	
186.564	0	
190.725	0	
183.134	0	
185.453	0	
185.743	0	
186.96	0	
190.699	0	
190.739	0	
185.773	0	
186.07	0	
184.357	0	
185.767	0	
185.88	0	
185.88	0	
187.199	0	
183.195	0	
186.367	0	
187.178	0	
188.048	0	
184.122	0	
185.068	0	
185.068	0	
183.195	0	
190.739	0	
190.735	0	
190.903	0	
188.014	0	
190.099	0	
189.501	0	
188.902	0	
188.212	0	
195.88	0	
187.754	0	
184.122	0	
184.122	0	
180.455	0	
184.67	0	
192.345	0	
188.048	0	
188.212	0	
188.048	0	
188.236	0	
188.014	0	
189.903	0	
192.006	0	
190.844	0	
190.844	0	
186.926	0	
179.122	0	
184.122	0	
186.05	0	
179.122	0	
178.921	0	
184.248	0	
188.294	0	
188.212	0	
188.236	0	
189.903	0	
196.246	0	
185.875	0	
196.396	0	
221.857	0	
205.856	0	
205.856	0	
185.875	0	
191.259	0	
209.46	0	
192.367	0	
232.693	0	
188.487	0	
185.213	0	
185.213	0	
181.357	0	
186.338	0	
185.765	0	
181.357	0	
185.007	0	
184.034	0	
185.935	0	
189.647	0	
185.765	0	
185.847	0	
186.953	0	
187.3	0	
189.032	0	
189.373	0	
185.471	0	
192.457	0	
192.918	0	
192.346	0	
190.8	0	
184.034	0	
185.007	0	
192.848	0	
193.207	0	
192.918	0	
192.918	0	
192.253	0	
183.711	0	
193.633	0	
192.003	0	
189.061	0	
189.061	0	
195.418	0	
194.789	0	
186.718	0	
187.194	0	
194.296	0	
194.218	0	
195.186	0	
194.343	0	
187.194	0	
192.22	0	
193.019	0	
194.311	0	
195.958	0	
195.986	0	
194.697	0	
194.697	0	
195.303	0	
191.336	0	
192.217	0	
190.451	0	
195.141	0	
192.874	0	
194.566	0	
196.023	0	
195.186	0	
196.204	0	
196.389	0	
196.204	0	
196.964	0	
195.42	0	
197.877	0	
195.745	0	
193.613	0	
195.426	0	
196.055	0	
196.023	0	
196.368	0	
201.609	0	
193.214	0	
197.041	0	
174.11	0	
172.365	0	
174.32	0	
171.284	0	
171.146	0	
176.879	0	
174.244	0	
170.374	0	
171.284	0	
180.71	0	
188.296	0	
178.76	0	
172.232	0	
172.232	0	
170.374	0	
187.242	0	
183.363	0	
175.24	0	
170.297	0	
189.715	0	
170.374	0	
200.314	0	
193.632	0	
175.24	0	
169.499	0	
170.472	0	
170.764	0	
170.148	0	
188.296	0	
188.296	0	
196.845	0	
188.296	0	
203.855	0	
227.236	0	
214.937	0	
212.216	0	
212.216	0	
212.587	0	
214.937	0	
214.937	0	
223.967	0	
203.073	0	
203.891	0	
203.073	0	
206.061	0	
197.765	0	
179.522	0	
175.501	0	
276.782	0	
214.937	0	
235.896	0	
240.346	0	
227.236	0	
239.536	0	
239.604	0	
225.925	0	
225.925	0	
218.715	0	
183.14	0	
179.479	0	
253.395	0	
253.395	0	
225.925	0	
218.715	0	
304.49	0	
275.916	0	
218.715	0	
225.999	0	
221.98	0	
225.999	0	
177.721	0	
179.036	0	
199.757	0	
180.738	0	
310.876	0	
354.279	0	
289.337	0	
331.041	0	
203.796	0	
202.116	0	
281.13	0	
254.944	0	
185.04	0	
203.796	0	
271.832	0	
254.944	0	
179.882	0	
179.438	0	
183.991	0	
182.064	0	
179.438	0	
187.387	0	
191.237	0	
176.108	0	
182.064	0	
175.693	0	
176.108	0	
192.435	0	
193.632	0	
192.435	0	
186.37	0	
176.966	0	
179.598	0	
182.082	0	
178.921	0	
183.295	0	
184.244	0	
187.207	0	
183.42	0	
181.547	0	
183.928	0	
183.928	0	
182.129	0	
181.547	0	
183.182	0	
184.11	0	
184.147	0	
181.349	0	
181.908	0	
187.207	0	
185.303	0	
191.3	0	
191.878	0	
184.378	0	
182.899	0	
182.054	0	
182.079	0	
183.182	0	
192.056	0	
213.507	0	
191.878	0	
189.048	0	
181.261	0	
181.525	0	
185.317	0	
200.334	0	
234.786	0	
199.984	0	
191.878	0	
183.941	0	
183.941	0	
184.592	0	
183.452	0	
210.637	0	
210.637	0	
182.641	0	
182.636	0	
185.162	0	
184.592	0	
182.636	0	
187.387	0	
230.668	0	
219.987	0	
294.025	0	
242.333	0	
221.767	0	
219.987	0	
176.309	0	
176.82	0	
181.261	0	
176.309	0	
176.82	0	
181.881	0	
179.882	0	
182.476	0	
181.682	0	
182.476	0	
180.337	0	
182.129	0	
181.817	0	
183.941	0	
183.066	0	
181.525	0	
179.598	0	
184.816	0	
184.816	0	
221.927	0	
216.893	0	
223.624	0	
225.404	0	
218.45	0	
227.81	0	
223.445	0	
223.802	0	
217.248	0	
218.45	0	
216.926	0	
216.649	0	
217.066	0	
216.926	0	
174.6	0	
174.534	0	
177.274	0	
171.021	0	
178.113	0	
176.105	0	
177.274	0	
174.534	0	
176.22	0	
177.274	0	
179.717	0	
175.693	0	
179.717	0	
175.567	0	
183.697	0	
174.492	0	
179.064	0	
170.955	0	
175.395	0	
174.498	0	
173.879	0	
171.021	0	
179.546	0	
194.47	0	
176.996	0	
175.959	0	
180.718	0	
173.879	0	
204.414	0	
173.879	0	
204.414	0	
194.266	0	
186.86	0	
207.406	0	
224.252	0	
194.266	0	
213.544	0	
215.855	0	
207.458	0	
245.124	0	
218.896	0	
186.86	0	
203.855	0	
190.658	0	
218.896	0	
168.43	0	
171.673	0	
169.045	0	
179.556	0	
172.943	0	
167.053	0	
167.053	0	
172.513	0	
174.363	0	
173.715	0	
172.943	0	
180.718	0	
162.498	0	
180.718	0	
175.75	0	
174.916	0	
177.32	0	
179.036	0	
167.109	0	
174.11	0	
180.718	0	
175.325	0	
175.75	0	
176.377	0	
174.916	0	
174.916	0	
177.371	0	
177.721	0	
175.959	0	
175.959	0	
177.363	0	
178.071	0	
187.762	0	
184.236	0	
178.771	0	
173.584	0	
194.814	0	
194.814	0	
184.236	0	
182.473	0	
172.856	0	
169.211	0	
173.332	0	
172.856	0	
173.584	0	
180.778	0	
178.386	0	
194.529	0	
186.273	0	
170.526	0	
170.22	0	
172.4	0	
170.526	0	
171.312	0	
171.312	0	
172.793	0	
176.478	0	
177.483	0	
175.968	0	
182.027	0	
178.184	0	
172.758	0	
172.758	0	
177.38	0	
179.936	0	
178.386	0	
178.184	0	
173.563	0	
173.02	0	
174.116	0	
178.162	0	
178.107	0	
175.554	0	
179.599	0	
172.396	0	
174.79	0	
174.116	0	
183.443	0	
178.835	0	
178.835	0	
174.116	0	
174.681	0	
183.443	0	
186.005	0	
186.882	0	
186.421	0	
199.919	0	
186.304	0	
182.916	0	
186.421	0	
186.531	0	
186.399	0	
186.399	0	
186.399	0	
173.044	0	
177.079	0	
179.195	0	
178.4	0	
176.051	0	
176.051	0	
177.307	0	
179.634	0	
180.186	0	
180.186	0	
211.507	0	
203.506	0	
171.802	0	
171.98	0	
172.793	0	
171.802	0	
173.276	0	
173.189	0	
176.434	0	
173.518	0	
180.738	0	
182.916	0	
174.681	0	
173.276	0	
174.573	0	
203.06	0	
203.555	0	
204.197	0	
201.627	0	
207.289	0	
199.119	0	
202.855	0	
202.432	0	
207.289	0	
198.551	0	
199.822	0	
200.925	0	
199.834	0	
211.163	0	
205.203	0	
194.246	0	
195.586	0	
199.587	0	
198.903	0	
198.61	0	
198.61	0	
203.19	0	
205.115	0	
196.925	0	
198.22	0	
196.52	0	
198.692	0	
200.624	0	
200.624	0	
207.04	0	
205.203	0	
205.799	0	
203.991	0	
200.156	0	
197.095	0	
196.749	0	
195.311	0	
196.52	0	
198.991	0	
195.437	0	
198.692	0	
198.692	0	
203.351	0	
210.89	0	
196.404	0	
197.49	0	
196.318	0	
196.52	0	
197.722	0	
195.453	0	
195.453	0	
196.545	0	
197.49	0	
193.204	0	
194.77	0	
197.251	0	
198.692	0	
195.996	0	
197.251	0	
203.319	0	
200.07	0	
196.318	0	
194.965	0	
196.545	0	
197.883	0	
200.357	0	
203.375	0	
199.729	0	
198.913	0	
196.241	0	
203.319	0	
204.564	0	
211.503	0	
199.047	0	
200.07	0	
194.477	0	
195.499	0	
197.722	0	
198.072	0	
198.566	0	
195.95	0	
195.95	0	
195.95	0	
218.308	0	
203.375	0	
201.668	0	
201.668	0	
197.125	0	
196.822	0	
196.822	0	
196.822	0	
196.822	0	
207.692	0	
200.785	0	
201.668	0	
201.668	0	
200.359	0	
200.359	0	
196.388	0	
199.397	0	
197.651	0	
202.173	0	
197.397	0	
195.039	0	
194.915	0	
198.184	0	
196.609	0	
196.065	0	
195.039	0	
195.822	0	
195.381	0	
195.381	0	
197.397	0	
198.184	0	
198.971	0	
198.185	0	
196.324	0	
193.993	0	
193.584	0	
196.945	0	
196.945	0	
196.945	0	
195.947	0	
195.947	0	
194.704	0	
196.945	0	
193.584	0	
194.06	0	
195.471	0	
193.584	0	
197.358	0	
194.479	0	
198.152	0	
195.471	0	
195.471	0	
195.489	0	
195.489	0	
193.47	0	
197.008	0	
190.82	0	
192.291	0	
206.9	0	
207.059	0	
189.362	0	
199.296	0	
192.171	0	
188.228	0	
187.448	0	
184.066	0	
186.147	0	
191.409	0	
188.228	0	
191.604	0	
194.872	0	
189.186	0	
194.847	0	
187.971	0	
188.559	0	
187.708	0	
195.633	0	
188.076	0	
196.241	0	
193.659	0	
233.248	0	
215.055	0	
191.931	0	
195.633	0	
210.885	0	
197.097	0	
216.118	0	
195.281	0	
225.052	0	
233.248	0	
230.67	0	
235.34	0	
288.346	0	
239.524	0	
204.246	0	
197.377	0	
231.092	0	
213.166	0	
191.209	0	
191.209	0	
204.472	0	
191.441	0	
204.012	0	
206.74	0	
204.359	0	
204.246	0	
244.945	0	
204.416	0	
293.022	0	
233.037	0	
263.03	0	
252.902	0	
293.022	0	
293.022	0	
292.02	0	
237.304	0	
183.167	0	
182.2	0	
182.332	0	
183.167	0	
183.167	0	
183.56	0	
183.167	0	
179.314	0	
179.314	0	
182.882	0	
184.969	0	
184.079	0	
183.56	0	
179.646	0	
179.696	0	
179.983	0	
183.208	0	
184.198	0	
179.28	0	
180.521	0	
179.983	0	
184.842	0	
185.515	0	
185.515	0	
179.983	0	
180.521	0	
184.842	0	
185.983	0	
185.043	0	
186.596	0	
202.749	0	
189.03	0	
192.083	0	
185.67	0	
185.67	0	
185.67	0	
185.67	0	
188.877	0	
192.083	0	
212.293	0	
192.083	0	
193.349	0	
236.2	0	
220.38	0	
190.581	0	
215.142	0	
218.204	0	
207.322	0	
204.245	0	
267.256	0	
215.605	0	
233.73	0	
224.115	0	
267.256	0	
230.525	0	
230.525	0	
224.733	0	
255.309	0	
230.525	0	
230.525	0	
379.998	0	
373.028	0	
174.393	0	
173.427	0	
179.978	0	
169.772	0	
179.013	0	
176.974	0	
177.104	0	
185.328	0	
187.806	0	
179.013	0	
190.31	0	
186.972	0	
209.086	0	
209.829	0	
210.968	0	
206.56	0	
211.222	0	
219.272	0	
211.503	0	
201.928	0	
198.901	0	
208.203	0	
216.033	0	
199.13	0	
190.937	0	
210.813	0	
216.033	0	
208.203	0	
211.602	0	
201.897	0	
219.272	0	
201.897	0	
201.824	0	
201.824	0	
192.963	0	
198.293	0	
186.855	0	
188.784	0	
189.515	0	
182.302	0	
193.659	0	
193.659	0	
192.946	0	
189.428	0	
186.665	0	
183.116	0	
187.69	0	
186.665	0	
184.193	0	
182.666	0	
184.181	0	
185.131	0	
187.69	0	
187.141	0	
187.246	0	
184.197	0	
192.063	0	
190.545	0	
183.856	0	
191.671	0	
196.608	0	
201.793	0	
187.746	0	
182.666	0	
184.193	0	
189.512	0	
198.299	0	
212.095	0	
201.793	0	
186.592	0	
186.804	0	
203.019	0	
211.052	0	
211.226	0	
212.095	0	
201.793	0	
206.659	0	
187.141	0	
185.131	0	
186.039	0	
191.591	0	
195.315	0	
209.874	0	
211.052	0	
221.405	0	
184.18	0	
185.131	0	
183.546	0	
182.2	0	
189.911	0	
189.911	0	
184.002	0	
182.912	0	
185.447	0	
184.002	0	
182.2	0	
185.846	0	
198.926	0	
182.557	0	
182.557	0	
184.014	0	
188.737	0	
205.203	0	
209.874	0	
193.366	0	
187.633	0	
193.366	0	
205.824	0	
209.552	0	
209.552	0	
180.394	0	
180.143	0	
197.205	0	
199.099	0	
221.115	0	
210.197	0	
180.729	0	
180.093	0	
180.143	0	
181.292	0	
241.257	0	
221.405	0	
181.842	0	
180.729	0	
185.162	0	
183.497	0	
179.992	0	
182.463	0	
250.481	0	
277.954	0	
236.507	0	
247.239	0	
196.917	0	
180.729	0	
183.116	0	
214.392	0	
271.56	0	
256.121	0	
206.659	0	
196.917	0	
243.554	0	
239.302	0	
253.225	0	
256.121	0	
266.933	0	
254.471	0	
247.434	0	
247.434	0	
263.735	0	
259.017	0	
270.766	0	
285.6	0	
290.193	0	
277.796	0	
254.471	0	
226.048	0	
277.796	0	
277.796	0	
301.978	0	
277.796	0	
277.796	0	
285.6	0	
301.978	0	
301.978	0	
298.505	0	
290.193	0	
205.496	0	
232.186	0	
343.472	0	
301.978	0	
290.84	0	
339.84	0	
294.349	0	
295.089	0	
207.634	0	
199.779	0	
182.419	0	
181.913	0	
182.463	0	
181.913	0	
181.292	0	
181.373	0	
182.303	0	
180.083	0	
181.804	0	
180.083	0	
182.943	0	
182.943	0	
184.843	0	
186.71	0	
186.166	0	
188.341	0	
182.6	0	
183.856	0	
186.783	0	
187.077	0	
182.6	0	
188.414	0	
186.783	0	
187.746	0	
187.288	0	
178.671	0	
184.715	0	
187.604	0	
187.604	0	
186.226	0	
191.544	0	
187.459	0	
187.459	0	
191.544	0	
184.715	0	
184.111	0	
188.675	0	
188.675	0	
193.364	0	
189.585	0	
191.924	0	
188.937	0	
188.675	0	
190.908	0	
188.657	0	
190.133	0	
190.844	0	
199.779	0	
190.705	0	
193.364	0	
190.844	0	
190.705	0	
195.82	0	
191.689	0	
192.466	0	
211.167	0	
204.376	0	
191.823	0	
192.433	0	
187.734	0	
189.533	0	
188.554	0	
186.714	0	
193.493	0	
193.493	0	
188.39	0	
191.089	0	
190.321	0	
189.924	0	
190.119	0	
191.089	0	
190.213	0	
196.285	0	
189.634	0	
190.26	0	
189.497	0	
194.825	0	
189.497	0	
193.775	0	
188.088	0	
187.9	0	
189.497	0	
189.497	0	
189.497	0	
197.081	0	
204.012	0	
188.088	0	
188.088	0	
191.689	0	
190.187	0	
188.657	0	
189.497	0	
192.466	0	
191.689	0	
193.244	0	
195.391	0	
195.391	0	
227.153	0	
190.394	0	
190.394	0	
193.759	0	
193.759	0	
231.558	0	
207.62	0	
198.81	0	
212.982	0	
227.153	0	
253.399	0	
212.982	0	
253.399	0	
179.28	0	
179.265	0	
179.634	0	
179.634	0	
179.265	0	
212.392	0	
211.602	0	
205.281	0	
207.638	0	
211.545	0	
208.722	0	
217.019	0	
209.74	0	
213.35	0	
212.025	0	
217.019	0	
213.35	0	
217.254	0	
217.019	0	
213.199	0	
217.371	0	
213.199	0	
211.569	0	
208.26	0	
210.658	0	
202.202	0	
201.498	0	
199.481	0	
211.255	0	
201.498	0	
197.153	0	
196.66	0	
196.805	0	
211.255	0	
199.348	0	
196.805	0	
196.991	0	
197.158	0	
196.137	0	
196.361	0	
204.928	0	
211.167	0	
210.231	0	
221.339	0	
209.469	0	
195.456	0	
214.173	0	
216.348	0	
216.642	0	
210.344	0	
207.721	0	
219.001	0	
219.001	0	
206.148	0	
224.689	0	
205.65	0	
206.245	0	
195.456	0	
207.274	0	
208.46	0	
209.363	0	
207.274	0	
210.424	0	
212.299	0	
208.54	0	
208.54	0	
213.039	0	
211.423	0	
209.671	0	
209.807	0	
217.08	0	
217.603	0	
210.174	0	
210.174	0	
217.673	0	
217.673	0	
209.671	0	
210.174	0	
212.236	0	
209.923	0	
209.923	0	
210.249	0	
216.045	0	
205.635	0	
217.446	0	
210.249	0	
208.518	0	
210.249	0	
209.366	0	
211.995	0	
219.162	0	
217.603	0	
220.727	0	
215.818	0	
210.549	0	
217.847	0	
208.499	0	
208.499	0	
206.171	0	
206.471	0	
202.669	0	
191.723	0	
200.517	0	
196.243	0	
187.46	0	
192.575	0	
198.017	0	
198.43	0	
192.988	0	
198.292	0	
192.988	0	
191.723	0	
192.575	0	
204.376	0	
194.738	0	
199.629	0	
198.134	0	
198.114	0	
197.335	0	
186.418	0	
203.179	0	
201.404	0	
201.404	0	
201.404	0	
196.737	0	
193.187	0	
196.457	0	
197.592	0	
194.25	0	
187.033	0	
196.243	0	
196.457	0	
198.833	0	
198.833	0	
198.858	0	
198.858	0	
194.775	0	
193.875	0	
197.523	0	
194.738	0	
196.063	0	
196.688	0	
196.688	0	
197.238	0	
198.49	0	
203.391	0	
198.795	0	
200.353	0	
198.76	0	
197.755	0	
193.407	0	
198.463	0	
198.463	0	
197.038	0	
198.257	0	
193.984	0	
194.653	0	
193.217	0	
193.407	0	
198.463	0	
216.348	0	
222.719	0	
221.408	0	
226.651	0	
226.43	0	
219.281	0	
216.348	0	
221.811	0	
226.43	0	
216.348	0	
214.714	0	
216.08	0	
217.153	0	
226.278	0	
226.511	0	
216.08	0	
214.714	0	
210.705	0	
210.705	0	
210.771	0	
216.345	0	
209.853	0	
210.564	0	
216.345	0	
226.511	0	
226.488	0	
208.914	0	
207.018	0	
221.262	0	
215.361	0	
205.121	0	
214.115	0	
215.124	0	
225.281	0	
216.017	0	
215.124	0	
214.115	0	
207.638	0	
204.928	0	
204.537	0	
206.883	0	
206.101	0	
211.4	0	
207.638	0	
207.621	0	
206.883	0	
207.638	0	
207.477	0	
207.477	0	
201.656	0	
207.477	0	
207.397	0	
207.397	0	
198.7	0	
186.628	0	
188.83	0	
199.181	0	
198.7	0	
187.855	0	
183.755	0	
193.407	0	
199.181	0	
191.194	0	
193.5	0	
185.909	0	
182.302	0	
183.755	0	
182.302	0	
182.302	0	
184.046	0	
193.5	0	
195.691	0	
193.217	0	
192.347	0	
184.627	0	
179.276	0	
192.347	0	
194.653	0	
186.757	0	
195.239	0	
194.525	0	
195.806	0	
194.668	0	
197.523	0	
195.239	0	
195.239	0	
210.616	0	
205.522	0	
206.005	0	
216.655	0	
204.578	0	
206.312	0	
204.757	0	
207.253	0	
206.155	0	
204.578	0	
216.748	0	
207.607	0	
212.841	0	
223.117	0	
184.036	0	
176.974	0	
176.974	0	
176.974	0	
176.974	0	
185.67	0	
185.67	0	
185.31	0	
187.235	0	
189.567	0	
180.837	0	
192.91	0	
189.375	0	
187.761	0	
182.691	0	
186.418	0	
192.91	0	
190.594	0	
193.984	0	
187.806	0	
192.91	0	
191.931	0	
190.213	0	
188.207	0	
188.207	0	
185.328	0	
182.691	0	
178.964	0	
190.145	0	
202.921	0	
202.926	0	
204.757	0	
201.043	0	
202.926	0	
209.268	0	
206.155	0	
211.734	0	
216.414	0	
206.155	0	
205.428	0	
203.805	0	
220.235	0	
221.894	0	
223.144	0	
200.37	0	
200.37	0	
230.89	0	
227.417	0	
227.417	0	
208.969	0	
222.727	0	
222.727	0	
201.277	0	
211.61	0	
222.887	0	
233.043	0	
222.727	0	
222.727	0	
223.844	0	
220.227	0	
211.61	0	
222.887	0	
201.043	0	
202.926	0	
206.312	0	
205.371	0	
205.371	0	
225.943	0	
219.569	0	
218.887	0	
218.887	0	
225.588	0	
225.588	0	
197.85	0	
202.921	0	
203.184	0	
201.603	0	
202.13	0	
198.532	0	
199.162	0	
203.805	0	
201.076	0	
197.339	0	
201.29	0	
205.17	0	
203.805	0	
203.132	0	
203.132	0	
198.191	0	
198.874	0	
198.532	0	
201.277	0	
197.849	0	
213.676	0	
201.277	0	
214.739	0	
217.809	0	
213.676	0	
213.676	0	
172.835	0	
173.19	0	
173.427	0	
172.835	0	
180.471	0	
179.228	0	
182.248	0	
173.663	0	
179.957	0	
188.444	0	
181.359	0	
186.972	0	
194.971	0	
182.956	0	
188.411	0	
190.244	0	
190.31	0	
194.971	0	
192.673	0	
179.228	0	
180.471	0	
194.414	0	
192.294	0	
190.113	0	
197.038	0	
192.673	0	
190.376	0	
194.414	0	
194.414	0	
195.615	0	
177.935	0	
194.311	0	
194.311	0	
200.979	0	
201.288	0	
187.845	0	
180.519	0	
199.999	0	
200.645	0	
201.495	0	
199.829	0	
183.86	0	
184.523	0	
199.708	0	
197.944	0	
191.836	0	
202.187	0	
200.508	0	
200.508	0	
184.523	0	
194.269	0	
201.396	0	
191.829	0	
195.474	0	
189.39	0	
201.109	0	
200.878	0	
203.141	0	
204.387	0	
202.175	0	
199.266	0	
201.396	0	
202.907	0	
202.181	0	
205.399	0	
205.399	0	
199.266	0	
205.399	0	
205.487	0	
193.585	0	
189.066	0	
205.487	0	
200.087	0	
203.868	0	
205.487	0	
205.487	0	
205.487	0	
201.495	0	
202.125	0	
199.463	0	
194.257	0	
202.187	0	
202.125	0	
201.904	0	
202.169	0	
192.294	0	
202.181	0	
196.357	0	
202.202	0	
201.97	0	
202.895	0	
198.022	0	
205.572	0	
196.768	0	
201.306	0	
198.022	0	
199.143	0	
205.178	0	
202.596	0	
203.447	0	
198.792	0	
198.699	0	
201.518	0	
202.64	0	
200.999	0	
205.412	0	
205.588	0	
202.412	0	
197.272	0	
201.518	0	
203.761	0	
209.826	0	
215.865	0	
205.588	0	
203.362	0	
202.832	0	
200.311	0	
202.832	0	
203.362	0	
197.481	0	
198.699	0	
209.625	0	
206.711	0	
208.536	0	
211.297	0	
217.131	0	
215.865	0	
231.346	0	
225.32	0	
214.057	0	
222.371	0	
216.076	0	
215.865	0	
205.208	0	
207.433	0	
207.433	0	
209.838	0	
222.371	0	
222.111	0	
220.583	0	
216.076	0	
207.233	0	
209.838	0	
216.035	0	
217.626	0	
219.217	0	
220.173	0	
219.354	0	
220.583	0	
207.033	0	
207.583	0	
205.208	0	
212.466	0	
212.247	0	
213.943	0	
213.943	0	
218.631	0	
227.188	0	
225.016	0	
217.899	0	
217.899	0	
214.346	0	
214.505	0	
220.607	0	
222.241	0	
225.236	0	
225.126	0	
212.751	0	
217.899	0	
217.899	0	
211.398	0	
214.505	0	
213.432	0	
212.415	0	
216.256	0	
218.335	0	
218.335	0	
223.237	0	
229.916	0	
227.188	0	
214.753	0	
216.429	0	
224.125	0	
224.697	0	
228.681	0	
230.693	0	
211.229	0	
212.911	0	
219.274	0	
222.726	0	
221.072	0	
222.726	0	
224.047	0	
224.38	0	
221.072	0	
219.274	0	
226.669	0	
228.681	0	
228.681	0	
229.687	0	
212.415	0	
211.398	0	
216.801	0	
216.893	0	
211.398	0	
219.524	0	
219.524	0	
219.524	0	
216.489	0	
215.477	0	
216.649	0	
215.844	0	
216.154	0	
216.051	0	
234.984	0	
229.124	0	
230.524	0	
237.663	0	
234.358	0	
231.346	0	
169.653	0	
173.885	0	
180.519	0	
169.653	0	
172.943	0	
172.943	0	
176.929	0	
169.164	0	
173.823	0	
176.929	0	
169.164	0	
176.645	0	
174.079	0	
175.461	0	
180.034	0	
181.776	0	
179.765	0	
185.566	0	
189.066	0	
176.053	0	
190.52	0	
185.566	0	
196.356	0	
194.803	0	
174.079	0	
176.645	0	
181.226	0	
180.749	0	
182.737	0	
184.015	0	
183.362	0	
180.749	0	
180.749	0	
168.868	0	
162.843	0	
159.963	0	
165.723	0	
162.843	0	
171.479	0	
171.479	0	
171.733	0	
167.585	0	
175.461	0	
170.151	0	
175.461	0	
178.233	0	
179.393	0	
176.053	0	
180.457	0	
194.803	0	
193.249	0	
185.387	0	
185.387	0	
180.457	0	
180.457	0	
186.222	0	
183.721	0	
185.596	0	
183.362	0	
191.619	0	
185.284	0	
180.983	0	
174.692	0	
168.894	0	
192.087	0	
196.908	0	
189.788	0	
189.788	0	
182.478	0	
176.546	0	
192.52	0	
196.908	0	
185.005	0	
185.421	0	
191.53	0	
184.28	0	
187.517	0	
201.161	0	
196.057	0	
182.063	0	
190.322	0	
191.53	0	
192.272	0	
192.556	0	
192.556	0	
191.53	0	
188.219	0	
192.272	0	
194.98	0	
191.668	0	
195.48	0	
198.18	0	
197.024	0	
198.265	0	
194.501	0	
194.501	0	
194.501	0	
194.501	0	
196.383	0	
198.265	0	
199.467	0	
197.266	0	
198.564	0	
196.624	0	
196.08	0	
202.409	0	
198.265	0	
185.005	0	
198.281	0	
205.231	0	
201.808	0	
187.69	0	
202.411	0	
201.267	0	
198.565	0	
200.346	0	
201.978	0	
193.498	0	
195.377	0	
189.739	0	
200.087	0	
203.24	0	
195.92	0	
204.6	0	
205.376	0	
202.269	0	
201.978	0	
204.211	0	
203.24	0	
202.888	0	
205.443	0	
200.087	0	
199.671	0	
204.211	0	
204.211	0	
196.188	0	
196.874	0	
202.269	0	
203.868	0	
201.602	0	
197.737	0	
178.16	0	
179.824	0	
183.689	0	
178.16	0	
182.97	0	
178.592	0	
183.689	0	
183.405	0	
184.015	0	
189.086	0	
187.69	0	
195.377	0	
195.377	0	
191.668	0	
187.954	0	
188.219	0	
182.97	0	
204.908	0	
202.501	0	
204.795	0	
202.433	0	
197.964	0	
208.544	0	
202.653	0	
197.964	0	
202.086	0	
205.48	0	
202.433	0	
204.713	0	
209.663	0	
208.985	0	
207.339	0	
206.574	0	
208.414	0	
214.16	0	
203.669	0	
205.81	0	
208.985	0	
211.002	0	
205.81	0	
208.414	0	
205.915	0	
203.023	0	
207.931	0	
212.886	0	
211.002	0	
217.486	0	
211.002	0	
198.529	0	
204.522	0	
214.16	0	
223.658	0	
206.145	0	
202.865	0	
200.75	0	
203.961	0	
222.43	0	
228.478	0	
229.146	0	
227.81	0	
228.478	0	
221.871	0	
222.43	0	
197.002	0	
221.871	0	
197.169	0	
196.793	0	
196.863	0	
205.537	0	
200.115	0	
200.313	0	
203.406	0	
200.115	0	
199.805	0	
199.872	0	
199.689	0	
200.663	0	
200.541	0	
200.311	0	
203.406	0	
200.115	0	
202.012	0	
199.686	0	
199.686	0	
200.51	0	
200.884	0	
200.642	0	
201.016	0	
200.112	0	
201.299	0	
201.374	0	
201.374	0	
202.881	0	
203.096	0	
201.63	0	
201.63	0	
203.096	0	
201.299	0	
201.181	0	
200.895	0	
200.895	0	
203.286	0	
203.058	0	
200.367	0	
200.631	0	
200.631	0	
200.631	0	
201.943	0	
203.009	0	
203.083	0	
200.361	0	
200.103	0	
201.793	0	
201.793	0	
200.499	0	
200.631	0	
200.9	0	
200.361	0	
200.759	0	
198.599	0	
200.272	0	
199.416	0	
197.859	0	
200.097	0	
201.003	0	
198.061	0	
202.138	0	
200.097	0	
199.416	0	
199.42	0	
202.138	0	
198.061	0	
204.83	0	
200.972	0	
200.947	0	
200.549	0	
200.75	0	
200.994	0	
202.593	0	
198.926	0	
198.926	0	
199.675	0	
205.537	0	
205.908	0	
203.683	0	
204.424	0	
202.503	0	
204.765	0	
198.711	0	
196.963	0	
201.139	0	
202.941	0	
200.604	0	
199.689	0	
199.337	0	
199.337	0	
202.618	0	
202.387	0	
202.503	0	
200.178	0	
202.734	0	
200.97	0	
199.327	0	
201.695	0	
201.695	0	
200.766	0	
200.607	0	
203.336	0	
200.56	0	
205.977	0	
203.081	0	
200.354	0	
200.354	0	
203.081	0	
202.42	0	
202.42	0	
200.354	0	
198.576	0	
200.278	0	
200.278	0	
200.278	0	
200.278	0	
197.965	0	
198.576	0	
188.111	0	
197.965	0	
186.972	0	
185.714	0	
190.747	0	
184.762	0	
187.764	0	
189.682	0	
189.814	0	
184.762	0	
187.894	0	
191.215	0	
190.174	0	
191.622	0	
183.93	0	
186.503	0	
186.105	0	
187.679	0	
189.07	0	
191.112	0	
193.43	0	
193.275	0	
189.253	0	
193.154	0	
194.174	0	
193.43	0	
193.301	0	
186.503	0	
185.594	0	
191.031	0	
186.538	0	
189.216	0	
190.779	0	
193.203	0	
194.174	0	
197.048	0	
195.623	0	
193.301	0	
192.926	0	
192.342	0	
193.716	0	
194.012	0	
194.174	0	
192.186	0	
188.324	0	
188.324	0	
189.108	0	
189.834	0	
193.716	0	
192.283	0	
194.793	0	
194.012	0	
187.532	0	
189.834	0	
192.186	0	
189.383	0	
193.601	0	
194.411	0	
194.879	0	
194.8	0	
194.58	0	
194.793	0	
189.062	0	
191.828	0	
194.411	0	
196.687	0	
197.549	0	
201.056	0	
197.681	0	
198.782	0	
189.253	0	
190.54	0	
189.385	0	
186.476	0	
194.402	0	
192.111	0	
187.852	0	
187.852	0	
194.526	0	
195.337	0	
196.087	0	
194.526	0	
197.65	0	
197.584	0	
197.959	0	
199.986	0	
198.412	0	
196.687	0	
198.2	0	
198.494	0	
199.029	0	
198.494	0	
199.41	0	
198.06	0	
196.687	0	
197.549	0	
199.465	0	
199.378	0	
207.494	0	
204.062	0	
203.625	0	
207.594	0	
205.149	0	
207.858	0	
209.2	0	
207.273	0	
204.65	0	
205.726	0	
205.628	0	
205.824	0	
205.628	0	
207.594	0	
207.273	0	
208.743	0	
205.149	0	
205.146	0	
205.063	0	
207.342	0	
208.763	0	
208.972	0	
210.226	0	
216.968	0	
208.972	0	
208.972	0	
211.98	0	
211.866	0	
213.836	0	
222.17	0	
219.569	0	
215.008	0	
215.008	0	
212.279	0	
206.148	0	
206.148	0	
210.282	0	
210.282	0	
211.396	0	
212.757	0	
205.726	0	
211.8	0	
205.726	0	
210.226	0	
210.308	0	
209.219	0	
209.366	0	
209.219	0	
209.342	0	
209.342	0	
205.65	0	
181.204	0	
182.335	0	
184.585	0	
181.204	0	
186.078	0	
185.812	0	
183.717	0	
183.256	0	
184.585	0	
184.585	0	
186.61	0	
186.783	0	
188.795	0	
189.724	0	
185.589	0	
191.076	0	
188.795	0	
192.245	0	
191.443	0	
185.812	0	
186.078	0	
192.217	0	
192.245	0	
194.881	0	
193.413	0	
196.41	0	
196.087	0	
196.471	0	
196.964	0	
196.905	0	
198.2	0	
212.995	0	
215.049	0	
213.38	0	
208.153	0	
208.601	0	
213.38	0	
208.172	0	
206.602	0	
208.722	0	
205.167	0	
202.238	0	
201.935	0	
205.211	0	
203.114	0	
201.017	0	
198.438	0	
198.663	0	
200.769	0	
208.26	0	
208.26	0	
198.295	0	
199.873	0	
197.577	0	
198.295	0	
199.302	0	
200.769	0	
203.472	0	
207.086	0	
202.399	0	
208.26	0	
200.429	0	
199.334	0	
197.949	0	
197.87	0	
201.028	0	
201.227	0	
197.87	0	
197.512	0	
201.028	0	
200.828	0	
200.18	0	
200.429	0	
200.429	0	
199.334	0	
200.18	0	
200.13	0	
208.153	0	
208.23	0	
210.809	0	
199.971	0	
204.529	0	
196.991	0	
197.512	0	
198.204	0	
201.738	0	
199.971	0	
198.204	0	
196.66	0	
198.204	0	
208.236	0	
200.13	0	
199.144	0	
196.137	0	
208.2	0	
202.202	0	
210.809	0	
208.2	0	
208.2	0	
205.587	0	
208.2	0	
204.529	0	
205.587	0	
190.669	0	
191.423	0	
197.199	0	
189.197	0	
195.751	0	
197.251	0	
197.199	0	
193.587	0	
198.632	0	
197.199	0	
199.48	0	
199.348	0	
199.48	0	
196.968	0	
197.079	0	
196.404	0	
183.361	0	
189.063	0	
186.374	0	
197.131	0	
184.034	0	
181.636	0	
181.636	0	
188.993	0	
190.45	0	
190.267	0	
184.034	0	
196.651	0	
176.272	0	
195.949	0	
195.949	0	
191.541	0	
194.09	0	
192.788	0	
184.348	0	
189.647	0	
194.19	0	
189.197	0	
192.968	0	
192.377	0	
191.541	0	
191.541	0	
192.908	0	
192.848	0	
194.709	0	
194.709	0	
192.377	0	
193.661	0	
192.908	0	
192.908	0	
192.968	0	
193.633	0	
196.466	0	
193.925	0	
192.788	0	
189.358	0	
193.195	0	
195.25	0	
193.233	0	
193.661	0	
185.847	0	
184.244	0	
193.661	0	
194.75	0	
195.686	0	
196.136	0	
188.043	0	
184.034	0	
184.348	0	
192.807	0	
195.573	0	
194.19	0	
193.195	0	
191.423	0	
196.306	0	
195.686	0	
196.147	0	
194.365	0	
197.46	0	
195.954	0	
182.334	0	
182.628	0	
179.567	0	
191.809	0	
186.615	0	
185.589	0	
186.476	0	
189.385	0	
186.615	0	
182.032	0	
187.532	0	
186.579	0	
185.063	0	
186.921	0	
189.062	0	
189.383	0	
199.388	0	
202.825	0	
201.713	0	
201.157	0	
201.713	0	
197.07	0	
196.791	0	
195.995	0	
195.009	0	
196.791	0	
196.066	0	
200.185	0	
198.062	0	
198.242	0	
200.185	0	
208.121	0	
215.879	0	
215.879	0	
215.859	0	
215.879	0	
211.127	0	
215.859	0	
179.303	0	
183.256	0	
199.378	0	
197.169	0	
196.742	0	
199.304	0	
198.45	0	
210.24	0	
204.83	0	
195.728	0	
188.515	0	
196.815	0	
199.304	0	
198.54	0	
195.409	0	
196.239	0	
200.242	0	
195.728	0	
196.335	0	
203.669	0	
203.669	0	
213.052	0	
217.891	0	
216.825	0	
221.088	0	
221.584	0	
209.662	0	
209.662	0	
214.599	0	
214.709	0	
215.614	0	
222.081	0	
204.469	0	
211.394	0	
204.469	0	
212.029	0	
216.629	0	
218.658	0	
222.691	0	
221.393	0	
223.074	0	
208.544	0	
211.173	0	
216.629	0	
216.629	0	
222.691	0	
222.691	0	
225.533	0	
222.691	0	
223.827	0	
221.201	0	
221.201	0	
223.606	0	
225.533	0	
228.993	0	
221.201	0	
223.606	0	
231.556	0	
226.012	0	
228.993	0	
231.007	0	
223.834	0	
227.609	0	
230.367	0	
230.823	0	
227.548	0	
231.007	0	
230.823	0	
233.186	0	
232.55	0	
237.177	0	
236.271	0	
241.025	0	
235.366	0	
227.548	0	
227.609	0	
235.205	0	
241.728	0	
227.548	0	
228.634	0	
228.634	0	
229.799	0	
227.468	0	
226.559	0	
190.26	0	
189.186	0	
189.186	0	
189.186	0	
189.186	0	
170.148	0	
170.22	0	
170.22	0	
170.22	0	
170.22	0	
170.472	0	
170.148	0	
173.621	0	
170.472	0	
173.885	0	
173.885	0	
173.885	0	
173.885	0	
181.359	0	
182.248	0	
179.653	0	
179.303	0	
179.303	0	
180.705	0	
179.303	0	
185.471	0	
185.935	0	
183.711	0	
180.705	0	
268.943	0	
236.346	0	
279.752	0	
229.911	0	
294.531	0	
333.565	0	
205.635	0	
205.635	0	
210.638	0	
205.635	0	
224.145	0	
213.203	0	
230.383	0	
230.383	0	
226.686	0	
214.933	0	
209.455	0	
209.455	0	
193.884	0	
217.665	0	
214.386	0	
220.862	0	
216.014	0	
222.136	0	
226.488	0	
229.651	0	
201.956	0	
206.451	0	
214.209	0	
211.621	0	
211.621	0	
209.033	0	
217.437	0	
213.166	0	
220	0	
216.014	0	
280.6	0	
255.756	0	
260.914	0	
260.634	0	
196.735	0	
198.013	0	
199.409	0	
197.433	0	
218.044	0	
245.392	0	
206.585	0	
225.826	0	
317.944	0	
269.362	0	
217.317	0	
210.245	0	
224.39	0	
237.547	0	
217.686	0	
214.667	0	
295.425	0	
250.715	0	
191.259	0	
191.259	0	
196.287	0	
196.905	0	
193.632	0	
216.695	0	
186.37	0	
211.614	0	
273.831	0	
266.947	0	
236.382	0	
218.896	0	
229.64	0	
274.135	0	
215.605	0	
194.529	0	
215.055	0	
210.885	0	
265.338	0	
212.525	0	
226.595	0	
243.716	0	
225.052	0	
207.692	0	
237.304	0	
204.246	0	
237.304	0	
231.949	0	
284.662	0	
293.022	0	
363.686	0	
331.53	0	
336.763	0	
396.856	0	
277.954	0	
290.84	0	
295.089	0	
361.895	0	
196.361	0	
196.68	0	
211.995	0	
214.43	0	
184.206	0	
192.543	0	
178.942	0	
180.511	0	
194.214	0	
197.592	0	
192.543	0	
190.424	0	
198.513	0	
199.482	0	
200.616	0	
197.737	0	
221.997	0	
223.658	0	
202.353	0	
202.573	0	
208.404	0	
209.919	0	
201.511	0	
203.907	0	
204.762	0	
202.353	0	
203.327	0	
205.384	0	
197.997	0	
197.681	0	
199.537	0	
197.272	0	
204.042	0	
218.673	0	
200.15	0	
199.012	0	
194.311	0	
193.207	0	
196.68	0	
196.68	0	
197.648	0	
196.785	0	
196.785	0	
197.196	0	
227.468	0	
226.559	0	
314.136	0	
272.875	0	
285.252	0	
259.121	0	
209.075	0	
209.075	0	
230.939	0	
226.233	0	
228.742	0	
218.504	0	
199.74	0	
220.862	0	
220.052	0	
224.911	0	
205.415	0	
211.774	0	
222.278	0	
224.109	0	
211.378	0	
213.166	0	
217.437	0	
216.014	0	
222.136	0	
223.707	0	
224.109	0	
221.384	0	
224.109	0	
218.084	0	
223.391	0	
220.737	0	
228.069	0	
223.707	0	
229.651	0	
229.651	0	
226.88	0	
229.651	0	
269.593	0	
303.847	0	
225.826	0	
240.045	0	
373.743	0	
324.132	0	
247.715	0	
284.695	0	
210.191	0	
223.112	0	
242.333	0	
264.912	0	
211.614	0	
231.229	0	
245.124	0	
251.664	0	
354.279	0	
280.026	0	
251.664	0	
251.664	0	
256.34	0	
325.585	0	
288.006	0	
365.469	0	
347.604	0	
322.812	0	
218.21	0	
216.899	0	
193.396	0	
192.543	0	
191.251	0	
185.162	0	
197.737	0	
197.737	0	
202.971	0	
202.378	0	
205.243	0	
202.353	0	
202.42	0	
201.814	0	
196.368	0	
194.311	0	
197.196	0	
197.525	0	
197.814	0	
197.525	0	
197.873	0	
196.68	0	
224.255	0	
229.935	0	
225.651	0	
223.99	0	
223.99	0	
221.997	0	
220.336	0	
223.092	0	
210.548	0	
217.966	0	
214.693	0	
208.713	0	
361.52	0	
284.208	0	
269.168	0	
326.317	0	
225.287	0	
218.21	0	
197.737	0	
198.513	0	
205.401	0	
206.332	0	
203.563	0	
201.629	0	
197.648	0	
201.609	0	
199.012	0	
196.841	0	
230.044	0	
229.935	0	
235.205	0	
229.799	0	
223.404	0	
225.287	0	
205.384	0	
205.401	0	
210.021	0	
206.346	0	
203.079	0	
202.593	0	
196.876	0	
205.57	0	
196.841	0	
196.841	0	
223.092	0	
223.092	0	
202.106	0	
201.402	0	
200.669	0	
197.979	0	
196.634	0	
199.324	0	
223.092	0	
217.801	0	
208.473	0	
211.093	0	
210.565	0	
210.565	0	
305.528	0	
331.583	0	
189.114	0	
165.039	0	
297.044	0	
285.653	0	
255.768	0	
245.268	0	
248.172	0	
264.935	0	
298.211	0	
296.46	0	
318.778	0	
288.752	0	
198.57	0	
195.466	0	
254.944	0	
238.075	0	
189.698	0	
187.257	0	
325.436	0	
285.885	0	
212.525	0	
211.892	0	
324.791	0	
306.022	0	
331.583	0	
361.895	0	
313.648	0	
326.738	0	
214.515	0	
216.594	0	
223.844	0	
221.527	0	
189.906	0	
186.159	0	
198.913	0	
202.181	0	
193.858	0	
195.505	0	
204.898	0	
207.999	0	
211.075	0	
206.506	0	
198.943	0	
203.935	0	
200.28	0	
199.315	0	
244.227	0	
242.092	0	
197.189	0	
181.63	0	
181.63	0	
164.747	0	
212.991	0	
209.34	0	
252.956	0	
284.526	0	
276.986	0	
259.081	0	
234.786	0	
230.826	0	
254.763	0	
250.715	0	
364.875	0	
443.91	0	
179.276	0	
180.511	0	
217.301	0	
217.301	0	
204.762	0	
209.533	0	
202.3	0	
204.116	0	
352.038	0	
293.962	0	
215.403	0	
194.108	0	
196.579	0	
206.803	0	
221.359	0	
218.06	0	
180.299	0	
164.747	0	
209.307	0	
209.307	0	
276.015	0	
269.593	0	
332.334	0	
325.233	0	
347.604	0	
324.791	0	
191.251	0	
192.543	0	
197.737	0	
198.9	0	
193.858	0	
199.482	0	
198.9	0	
186.135	0	
187.814	0	
207.052	0	
210.238	0	
209.21	0	
208.369	0	
205.463	0	
197.814	0	
199.483	0	
200.994	0	
201.402	0	
212.393	0	
205.377	0	
199.324	0	
199.324	0	
211.618	0	
218.572	0	
333.565	0	
357.639	0	
417.808	0	
288.752	0	
310.462	0	
408.16	0	
217.744	0	
211.706	0	
212.2	0	
210.638	0	
192.294	0	
189.179	0	
185.922	0	
190.503	0	
191.358	0	
193.784	0	
188.726	0	
192.461	0	
194.005	0	
193.564	0	
202.59	0	
202.409	0	
244.845	0	
246.408	0	
299.675	0	
305.094	0	
310.513	0	
227.395	0	
214.092	0	
262.86	0	
284.138	0	
211.435	0	
215.587	0	
206.207	0	
209.901	0	
206.709	0	
203.354	0	
400.716	0	
329.091	0	
217.966	0	
197.189	0	
118.877	0	
153.121	0	
211.731	0	
210.083	0	
297.044	0	
316.766	0	
316.766	0	
381.874	0	
186.957	0	
168.279	0	
216.252	0	
220.727	0	
196.876	0	
199.483	0	
205.377	0	
199.324	0	
378.912	0	
378.912	0	
332.334	0	
314.62	0	
193.564	0	
192.461	0	
203.935	0	
203.935	0	
241.728	0	
243.993	0	
308.624	0	
247.142	0	
311.98	0	
305.094	0	
413.565	0	
335.313	0	
240.698	0	
240.698	0	
220.743	0	
215.143	0	
202.373	0	
202.827	0	
216.523	0	
217.966	0	
296.46	0	
309.997	0	
309.997	0	
303.228	0	
195.65	0	
199.222	0	
199.222	0	
199.222	0	
199.324	0	
200.669	0	
205.254	0	
207.394	0	
326.524	0	
326.524	0	
238.712	0	
241.352	0	
247.3	0	
247.534	0	
247.488	0	
363.778	0	
310.652	0	
310.652	0	
240.698	0	
202.445	0	
206.709	0	
211.731	0	
182.669	0	
196.626	0	
199.222	0	
234.714	0	
235.696	0	
246.408	0	
247.462	0	
310.652	0	
298.322	0	
240.045	0	
240.698	0	
208.684	0	
210.257	0	
205.407	0	
216.608	0	
209.713	0	
207.661	0	
247.488	0	
247.783	0	
247.767	0	
249.219	0	
352.91	0	
356.957	0	
334.128	0	
385.096	0	
89.9206	0	
172.813	0	
206.542	0	
207.288	0	
330.557	0	
363.221	0	
470.931	0	
464.819	0	
296.929	0	
341.485	0	
364.244	0	
354.289	0	
143.223	0	
164.947	0	
198.839	0	
198.943	0	
369.585	0	
372.6	0	
298.98	0	
336.69	0	
386.965	0	
386.965	0	
292.892	0	
323.652	0	
205.531	0	
199.275	0	
208.768	0	
204.017	0	
199.275	0	
199.275	0	
268.179	0	
264.912	0	
389.616	0	
364.244	0	
410.978	0	
443.91	0	
371.164	0	
365.996	0	
283.826	0	
294.885	0	
230.044	0	
229.935	0	
229.522	0	
232.828	0	
213.374	0	
214.706	0	
210.69	0	
211.075	0	
215.824	0	
217.342	0	
196.141	0	
210.359	0	
164.983	0	
173.064	0	
366.058	0	
414.762	0	
236.923	0	
211.892	0	
262.618	0	
220.15	0	
298.395	0	
306.022	0	
402.171	0	
360.722	0	
284.662	0	
294.885	0	
202.774	0	
208.969	0	
206.803	0	
223.844	0	
196.579	0	
196.579	0	
130.524	0	
196.579	0	
175.733	0	
202.774	0	
197.56	0	
207.819	0	
204.898	0	
206.359	0	
210.083	0	
203.643	0	
141.418	0	
166.084	0	
208.639	0	
179.276	0	
186.699	0	
184.39	0	
225.081	0	
186.425	0	
179.147	0	
182.08	0	
172.813	0	
172.813	0	
162.401	0	
131.367	0	
172.813	0	
172.813	0	
151.604	0	
123.037	0	
123.037	0	
131.957	0	
118.877	0	
154.637	0	
156.154	0	
154.637	0	
57.3264	0	
93.3108	0	
409.326	0	
363.034	0	
347.604	0	
363.034	0	
187.998	0	
196.194	0	
210.509	0	
209.901	0	
209.525	0	
207.661	0	
341.485	0	
250.715	0	
209.44	0	
215.587	0	
217.744	0	
220.727	0	
443.722	0	
415.472	0	
298.211	0	
303.228	0	
205.782	0	
205.968	0	
208.181	0	
188.822	0	
203.643	0	
203.643	0	
199.01	0	
196.626	0	
236.694	0	
235.696	0	
352.91	0	
388.644	0	
409.269	0	
424.057	0	
378.802	0	
483.816	0	
476.003	0	
476.003	0	
366.57	0	
366.57	0	
284.138	0	
281.88	0	
410.978	0	
386.965	0	
225.347	0	
212.393	0	
372.301	0	
329.896	0	
354.412	0	
323.652	0	
447.9	0	
365.469	0	
323.18	0	
323.18	0	
218.53	0	
217.801	0	
214.947	0	
215.824	0	
217.033	0	
217.538	0	
180.436	0	
217.194	0	
251.561	0	
262.618	0	
292.6	0	
220.15	0	
325.087	0	
313.648	0	
186.735	0	
179.147	0	
86.701	0	
112.839	0	
409.326	0	
412.988	0	
409.285	0	
404.215	0	
216.252	0	
217.744	0	
413.565	0	
415.472	0	
504.036	0	
496.448	0	
463.567	0	
459.496	0	
421.418	0	
509.371	0	
496.448	0	
460.175	0	
449.01	0	
493.919	0	
460.175	0	
451.969	0	
317.858	0	
298.211	0	
161.696	0	
203.643	0	
135.796	0	
118.25	0	
232.828	0	
243.007	0	
352.91	0	
355.657	0	
435.493	0	
409.285	0	
425.692	0	
472.302	0	
278.33	0	
287.491	0	
383.533	0	
512.68	0	
323.875	0	
273.674	0	
412.988	0	
383.533	0	
212.946	0	
213.979	0	
564.14	0	
509.371	0	
267.458	0	
366.484	0	
490.873	0	
568.762	0	
422.389	0	
415.573	0	
385.879	0	
405.307	0	
157.963	0	
211.913	0	
211.706	0	
211.913	0	
435.493	0	
422.389	0	
481.204	0	
425.692	0	
495.575	0	
417.845	0	
568.762	0	
633.952	0	
121.423	0	
121.423	0	
431.882	0	
331.041	0	
368.975	0	
368.975	0	
205.134	0	
205.134	0	
472.302	0	
460.787	0	
317.944	0	
292.302	0	
179.724	0	
179.413	0	
183.219	0	
189.63	0	
180.363	0	
179.724	0	
182.293	0	
184.544	0	
179.749	0	
179.749	0	
186.544	0	
182.716	0	
189.906	0	
184.544	0	
189.906	0	
190.424	0	
373.743	0	
361.52	0	
209.34	0	
208.713	0	
211.025	0	
210.021	0	
211.184	0	
210.933	0	
183.536	0	
184.835	0	
201.759	0	
205.407	0	
408.16	0	
421.418	0	
211.537	0	
214.854	0	
247.3	0	
249.136	0	
363.221	0	
249.219	0	
374.4	0	
199.01	0	
198.839	0	
130.524	0	
138.329	0	
118.25	0	
105.485	0	
258.844	0	
258.844	0	
92.7205	0	
58.0839	0	
210.933	0	
210.6	0	
206.542	0	
209.713	0	
170.871	0	
135.796	0	
450.202	0	
395.442	0	
211.241	0	
215.617	0	
217.935	0	
216.327	0	
217.286	0	
216.042	0	
138.586	0	
180.436	0	
207.042	0	
207.042	0	
186.425	0	
186.735	0	
446.852	0	
439.704	0	
466.997	0	
466.997	0	
442.777	0	
439.704	0	
438.167	0	
441.24	0	
564.14	0	
562.457	0	
572.238	0	
612.222	0	
655.682	0	
612.222	0	
523.395	0	
368.975	0	
195.738	0	
205.134	0	
207.356	0	
211.62	0	
200.721	0	
205.673	0	
180.288	0	
186.159	0	
212.991	0	
210.497	0	
180.696	0	
182.325	0	
189.152	0	
189.152	0	
447.339	0	
422.963	0	
405.509	0	
417.808	0	
249.663	0	
249.219	0	
200.578	0	
200.281	0	
130.524	0	
105.65	0	
122.193	0	
105.485	0	
58.7204	0	
68.6893	0	
210.002	0	
209.44	0	
216.068	0	
215.617	0	
215.535	0	
217.935	0	
120.811	0	
149.204	0	
441.24	0	
487.315	0	
546.573	0	
452.009	0	
196.194	0	
195.738	0	
190.955	0	
182.325	0	
206.359	0	
211.774	0	
201.347	0	
196.861	0	
188.381	0	
183.954	0	
458.238	0	
498.233	0	
427.455	0	
424.086	0	
249.198	0	
249.934	0	
105.65	0	
91.1076	0	
215.617	0	
217.61	0	
214.296	0	
214.854	0	
216.938	0	
216.608	0	
216.327	0	
216.961	0	
216.443	0	
216.608	0	
216.068	0	
215.535	0	
214.67	0	
214.886	0	
209.83	0	
214.425	0	
214.67	0	
215.218	0	
211.644	0	
213.432	0	
215.376	0	
214.886	0	
213.432	0	
214.787	0	
442.009	0	
443.084	0	
441.24	0	
441.24	0	
197.725	0	
190.955	0	
447.339	0	
477.251	0	
446.004	0	
463.021	0	
440.702	0	
424.086	0	
381.874	0	
389.228	0	
507.33	0	
480.037	0	
250.774	0	
507.33	0	
212.077	0	
203.37	0	
446.31	0	
443.084	0	
495.61	0	
493.343	0	
525.526	0	
250.205	0	
250.205	0	
531.672	0	
567.734	0	
183.731	0	
170.871	0	
225.229	0	
186.672	0	
121.149	0	
157.963	0	
205.782	0	
201.915	0	
138.329	0	
138.329	0	
512.68	0	
520.942	0	
443.621	0	
444.519	0	
213.374	0	
214.706	0	
211.688	0	
216.038	0	
217.001	0	
222.116	0	
468.883	0	
431.929	0	
431.882	0	
496.35	0	
323.652	0	
365.996	0	
446.244	0	
388.24	0	
483.816	0	
497.169	0	
577.874	0	
481.204	0	
481.204	0	
481.204	0	
211.102	0	
212.053	0	
201.621	0	
205.791	0	
206.879	0	
207.455	0	
243.722	0	
246.141	0	
59.7567	0	
70.1199	0	
135.796	0	
121.392	0	
485.435	0	
468.883	0	
485.435	0	
464.27	0	
456.364	0	
455.043	0	
284.982	0	
232.41	0	
230.161	0	
334.495	0	
187.824	0	
230.161	0	
149.648	0	
148.302	0	
296.034	0	
299.043	0	
189.63	0	
189.63	0	
138.586	0	
138.586	0	
149.648	0	
150.993	0	
196.861	0	
201.347	0	
204.176	0	
193.455	0	
247.129	0	
249.204	0	
95.5141	0	
93.3108	0	
209.273	0	
214.854	0	
216.698	0	
202.494	0	
342.171	0	
334.495	0	
211.752	0	
208.699	0	
208.699	0	
204.783	0	
448.348	0	
462.242	0	
444.16	0	
444.16	0	
251.502	0	
251.546	0	
577.6	0	
582.648	0	
190.508	0	
179.59	0	
155.205	0	
161.675	0	
125.584	0	
138.329	0	
431.882	0	
457.644	0	
243.007	0	
248.148	0	
237.366	0	
242.954	0	
243.007	0	
242.954	0	
148.735	0	
126.194	0	
126.194	0	
126.194	0	
302.506	0	
299.043	0	
296.034	0	
298.029	0	
93.4423	0	
112.016	0	
109.56	0	
107.535	0	
193.455	0	
179.59	0	
188.586	0	
188.586	0	
248.148	0	
250.115	0	
70.1199	0	
86.701	0	
211.403	0	
211.806	0	
250.115	0	
250.59	0	
579.283	0	
565.822	0	
157.312	0	
148.051	0	
138.329	0	
116.578	0	
229.522	0	
229.522	0	
246.141	0	
247.129	0	
232.663	0	
243.29	0	
263.754	0	
297.595	0	
190.508	0	
190.819	0	
67.8786	0	
86.701	0	
86.701	0	
67.8786	0	
211.268	0	
211.806	0	
251.546	0	
250.43	0	
249.204	0	
250.59	0	
131.957	0	
117.34	0	
117.34	0	
139.556	0	
248.148	0	
248.657	0	
346.103	0	
420.511	0	
211.403	0	
211.806	0	
209.273	0	
207.653	0	
251.064	0	
248.083	0	
249.022	0	
203.285	0	
203.662	0	
203.285	0	
203.285	0	
251.604	0	
251.604	0	
248.304	0	
249.961	0	
210.892	0	
207.455	0	
200.488	0	
203.285	0	
208.032	0	
208.032	0	
201.915	0	
200.83	0	
207.455	0	
207.455	0	
224.855	0	
229.522	0	
233.73	0	
210.083	0	
219.216	0	
213.055	0	
490.107	0	
411.059	0	
212.119	0	
209.676	0	
609.33	0	
592.23	0	
592.23	0	
633.952	0	
222.54	0	
216.698	0	
518.501	0	
520.768	0	
139.556	0	
161.685	0	
219.747	0	
203.659	0	
490.107	0	
446.244	0	
428.997	0	
444.908	0	
444.908	0	
448.348	0	
210.915	0	
210.545	0	
110.503	0	
102.725	0	
120.993	0	
200.552	0	
569.187	0	
565.822	0	
240.589	0	
244.887	0	
58.7204	0	
70.1199	0	
61.6835	0	
61.8293	0	
28.7094	0	
45.1135	0	
45.1135	0	
116.578	0	
250.847	0	
251.488	0	
243.29	0	
248.333	0	
241.685	0	
248.322	0	
249.887	0	
250.657	0	
201.172	0	
200.83	0	
229.522	0	
229.029	0	
209.676	0	
216.794	0	
671.918	0	
609.33	0	
633.952	0	
737.151	0	
211.62	0	
278.005	0	
308.066	0	
222.771	0	
520.768	0	
520.942	0	
443.486	0	
431.929	0	
73.6675	0	
68.0776	0	
79.2573	0	
76.4624	0	
577.6	0	
565.822	0	
250.878	0	
251.269	0	
248.333	0	
248.526	0	
247.638	0	
248.641	0	
250.81	0	
250.389	0	
155.762	0	
203.659	0	
714.789	0	
749.768	0	
449.265	0	
443.486	0	
612.015	0	
607.508	0	
660.28	0	
555.727	0	
248.14	0	
248.14	0	
244.993	0	
245.094	0	
635.734	0	
713.23	0	
248.322	0	
249.9	0	
635.734	0	
492.177	0	
664.458	0	
732.908	0	
381.447	0	
278.005	0	
212.526	0	
212.526	0	
433.027	0	
531.672	0	
219.018	0	
222.116	0	
674.544	0	
771.461	0	
462.042	0	
483.344	0	
194.101	0	
180.248	0	
172.773	0	
158.919	0	
180.248	0	
180.248	0	
130.076	0	
117.238	0	
110.503	0	
146.776	0	
104.4	0	
74.2309	0	
203.285	0	
200.406	0	
206.893	0	
206.893	0	
440.67	0	
411.059	0	
497.448	0	
480.688	0	
454.295	0	
444.519	0	
201.621	0	
201.915	0	
346.818	0	
316.3	0	
277.878	0	
244.834	0	
52.8965	0	
79.2573	0	
249.163	0	
251.269	0	
709.889	0	
709.889	0	
210.175	0	
210.545	0	
204.799	0	
204.799	0	
346.103	0	
413.612	0	
187.391	0	
180.248	0	
159.945	0	
142.095	0	
85.2186	0	
83.9688	0	
202.573	0	
202.573	0	
456.364	0	
450.093	0	
346.818	0	
337.451	0	
249.163	0	
249.148	0	
206.431	0	
210.915	0	
210.915	0	
202.494	0	
207.54	0	
249.163	0	
248.015	0	
277.878	0	
207.54	0	
248.015	0	
248.922	0	
248.922	0	
546.573	0	
522.893	0	
204.048	0	
195.601	0	
496.571	0	
504.085	0	
29.8444	0	
60.6852	0	
200.389	0	
200.488	0	
827.028	0	
828.642	0	
83.9688	0	
85.2186	0	
342.135	0	
381.447	0	
514.209	0	
509.147	0	
68.0776	0	
61.769	0	
33.4207	0	
52.8965	0	
716.497	0	
719.913	0	
200.513	0	
201.074	0	
301.46	0	
413.612	0	
241.224	0	
142.095	0	
127.031	0	
83.0387	0	
476.595	0	
476.595	0	
462.071	0	
462.042	0	
201.24	0	
204.817	0	
203.428	0	
201.57	0	
207.54	0	
207.54	0	
246.192	0	
245.6	0	
189.143	0	
191.842	0	
200.389	0	
199.199	0	
709.125	0	
736.22	0	
796.103	0	
796.103	0	
101.07	0	
74.0232	0	
337.451	0	
342.135	0	
516.355	0	
509.147	0	
474.38	0	
416.192	0	
73.5887	0	
61.769	0	
41.9453	0	
32.8525	0	
74.0232	0	
62.043	0	
32.8525	0	
19.2867	0	
723.069	0	
713.23	0	
475.333	0	
475.916	0	
462.057	0	
483.344	0	
200.777	0	
201.074	0	
245.734	0	
245.734	0	
185.411	0	
190.641	0	
191.627	0	
196.726	0	
763.315	0	
766.717	0	
832.349	0	
827.106	0	
113.172	0	
127.031	0	
445.617	0	
332.767	0	
504.085	0	
504.085	0	
83.0387	0	
83.0387	0	
23.998	0	
23.998	0	
732.908	0	
773.479	0	
199.442	0	
201.57	0	
244.227	0	
242.141	0	
243.759	0	
244.828	0	
188.241	0	
191.92	0	
787.003	0	
766.717	0	
83.0387	0	
62.043	0	
243.362	0	
245.046	0	
244.528	0	
243.94	0	
62.043	0	
77.2114	0	
62.0953	0	
242.858	0	
62.0953	0	
245.6	0	
244.564	0	
240.905	0	
241.08	0	
243.673	0	
244.083	0	
244.083	0	
243.878	0	
242.141	0	
240.055	0	
241.562	0	
243.878	0	
241.199	0	
242.057	0	
241.199	0	
240.35	0	
248.369	0	
240.775	0	
212.541	0	
97.7766	0	
146.302	0	
113.832	0	
113.832	0	
243.915	0	
245.094	0	
222.771	0	
244.834	0	
210.547	0	
223.826	0	
827.106	0	
821.828	0	
202.573	0	
194.253	0	
299.205	0	
216.405	0	
526.754	0	
492.177	0	
204.317	0	
204.539	0	
169.795	0	
176.291	0	
37.3989	0	
32.1085	0	
472.417	0	
510.192	0	
500.245	0	
467.742	0	
470.118	0	
465.427	0	
822.404	0	
832.349	0	
215.901	0	
116.609	0	
419.444	0	
357.341	0	
191.92	0	
191.459	0	
189.953	0	
182.23	0	
263.754	0	
301.46	0	
183.505	0	
200.552	0	
230.271	0	
301.46	0	
149.411	0	
149.411	0	
285.382	0	
273.813	0	
200.552	0	
230.271	0	
254.393	0	
376.951	0	
245.094	0	
243.305	0	
218.659	0	
216.161	0	
824.589	0	
803.507	0	
207.464	0	
234.937	0	
376.951	0	
437.997	0	
503.234	0	
514.291	0	
36.36	0	
36.36	0	
546.695	0	
547.967	0	
467.742	0	
474.38	0	
828.196	0	
825.299	0	
200.575	0	
204.539	0	
188.437	0	
188.856	0	
190.641	0	
180.21	0	
186.363	0	
177.133	0	
180.21	0	
182.23	0	
183.195	0	
182.32	0	
195.592	0	
186.363	0	
189.048	0	
182.343	0	
192.974	0	
188.856	0	
189.048	0	
188.437	0	
215.974	0	
215.974	0	
311.079	0	
392.212	0	
828.196	0	
814.791	0	
803.507	0	
781.228	0	
346.428	0	
392.212	0	
776.702	0	
786.063	0	
146.302	0	
201.678	0	
201.678	0	
201.678	0	
792.475	0	
786.033	0	
787.822	0	
775.9	0	
762.73	0	
766.397	0	
781.228	0	
770.065	0	
779.436	0	
779.436	0	
785.048	0	
767.894	0	
789.183	0	
782.943	0	
201.678	0	
201.678	0	
201.678	0	
212.541	0	
735.748	0	
735.447	0	
750.105	0	
716.894	0	
681.822	0	
749.862	0	
776.702	0	
776.702	0	
201.678	0	
201.678	0	
678.078	0	
750.105	0	
729.396	0	
716.512	0	
655.448	0	
669.024	0	
182.419	0	
201.678	0	
318.137	0	
241.224	0	
382.552	0	
400.998	0	
288.857	0	
300.569	0	
318.137	0	
303.497	0	
361.47	0	
282.67	0	
400.998	0	
350.43	0	
245.828	0	
253.47	0	
350.43	0	
215.901	0	
208.387	0	
234.937	0	
45.1276	0	
60.6852	0	
475.044	0	
456.964	0	
698.683	0	
732.908	0	
744.225	0	
779.652	0	
239.435	0	
239.957	0	
84.6319	0	
88.3119	0	
134.223	0	
178.773	0	
202.573	0	
127.043	0	
533.484	0	
495.102	0	
242.709	0	
240.313	0	
226.571	0	
229.029	0	
214.912	0	
214.912	0	
38.8494	0	
37.6047	0	
87.8381	0	
37.6047	0	
40.0692	0	
36.36	0	
204.844	0	
204.678	0	
204.678	0	
204.539	0	
196.334	0	
185.605	0	
169.951	0	
180.851	0	
201.709	0	
190.48	0	
577.278	0	
532.373	0	
678.078	0	
690.321	0	
456.964	0	
419.444	0	
406.593	0	
435.533	0	
22.9799	0	
80.2081	0	
514.291	0	
550.455	0	
731.908	0	
732.908	0	
573.453	0	
762.702	0	
762.702	0	
762.702	0	
89.6726	0	
99.3446	0	
79.051	0	
144.045	0	
243.915	0	
243.915	0	
230.089	0	
233.746	0	
197.59	0	
200.575	0	
584.307	0	
619.45	0	
743.413	0	
762.702	0	
225.39	0	
230.089	0	
241.685	0	
238.175	0	
193.221	0	
206.318	0	
200.575	0	
198.454	0	
206.318	0	
209.008	0	
213.268	0	
209.793	0	
206.318	0	
206.318	0	
220.135	0	
220.694	0	
220.079	0	
209.008	0	
222.469	0	
223.769	0	
169.795	0	
169.795	0	
193.359	0	
193.359	0	
475.435	0	
438.884	0	
238.225	0	
239.524	0	
64.4222	0	
55.3716	0	
46.321	0	
37.6047	0	
56.8869	0	
57.4385	0	
199.052	0	
198.704	0	
625.407	0	
687.659	0	
608.773	0	
703.628	0	
127.043	0	
115.289	0	
532.373	0	
514.291	0	
109.248	0	
99.3446	0	
586.419	0	
625.452	0	
756.137	0	
785.048	0	
220.694	0	
226.354	0	
150.584	0	
169.951	0	
169.795	0	
137.085	0	
238.225	0	
238.438	0	
55.3716	0	
79.051	0	
211.731	0	
201.709	0	
140.02	0	
109.248	0	
767.894	0	
779.652	0	
231.629	0	
231.539	0	
102.41	0	
93.0307	0	
756.137	0	
756.137	0	
143.186	0	
120.99	0	
22.9799	0	
29.8444	0	
27.1823	0	
22.9799	0	
116.609	0	
131.877	0	
238.954	0	
240.226	0	
681.343	0	
735.748	0	
240.313	0	
238.913	0	
536.001	0	
563.221	0	
204.296	0	
219.282	0	
489.958	0	
475.435	0	
135.079	0	
131.012	0	
591.594	0	
579.267	0	
653.872	0	
610.043	0	
155.387	0	
155.387	0	
235.795	0	
238.438	0	
239.076	0	
238.954	0	
211.731	0	
211.731	0	
664.485	0	
561.841	0	
495.102	0	
509.499	0	
135.832	0	
189.958	0	
147.179	0	
166.409	0	
218.341	0	
218.514	0	
537.743	0	
527.263	0	
215.122	0	
211.731	0	
576.07	0	
566.939	0	
465.856	0	
486.195	0	
154.755	0	
197.165	0	
627.029	0	
576.07	0	
627.029	0	
576.07	0	
610.043	0	
610.043	0	
190.129	0	
195.592	0	
503.404	0	
461.568	0	
64.4222	0	
64.4222	0	
131.012	0	
131.012	0	
131.012	0	
131.012	0	
131.012	0	
144.045	0	
148.71	0	
151.051	0	
143.158	0	
143.158	0	
200.735	0	
213.1	0	
166.836	0	
172.66	0	
147.179	0	
204.168	0	
204.168	0	
211.575	0	
127.949	0	
132.958	0	
200.735	0	
205.721	0	
189.958	0	
210.707	0	
241.545	0	
205.721	0	
220.679	0	
238.859	0	
610.451	0	
561.841	0	
501.897	0	
561.142	0	
235.345	0	
237.265	0	
218.514	0	
219.282	0	
141.155	0	
139.234	0	
172.66	0	
204.148	0	
205.721	0	
211.575	0	
222.954	0	
218.514	0	
226.837	0	
224.251	0	
220.155	0	
214.345	0	
209.624	0	
214.345	0	
233.826	0	
215.73	0	
224.251	0	
233.757	0	
131.877	0	
116.609	0	
135.832	0	
135.832	0	
236.052	0	
238.873	0	
238.994	0	
238.994	0	
198.276	0	
172.66	0	
434.17	0	
426.652	0	
455.845	0	
479.665	0	
144.998	0	
190.492	0	
172.66	0	
172.66	0	
234.59	0	
237.194	0	
236.759	0	
237.145	0	
238.151	0	
237.43	0	
461.568	0	
397.362	0	
236.855	0	
236.692	0	
237.43	0	
236.945	0	
238.151	0	
237.069	0	
236.755	0	
236.979	0	
236.566	0	
236.413	0	
236.235	0	
236.956	0	
236.855	0	
236.266	0	
421.735	0	
455.845	0	
236.359	0	
236.483	0	
236.413	0	
236.204	0	
236.359	0	
236.276	0	
236.095	0	
235.987	0	
236.235	0	
236.204	0	
235.987	0	
235.987	0	
235.987	0	
235.987	0	
235.987	0	
422.783	0	
519.702	0	
442.309	0	
417.554	0	
486.195	0	
464.473	0	
198.099	0	
226.774	0	
158.137	0	
137.312	0	
216.279	0	
218.341	0	
226.741	0	
227.395	0	
230.649	0	
228.451	0	
228.451	0	
228.652	0	
241.243	0	
235.845	0	
229.053	0	
229.404	0	
215.73	0	
183.453	0	
425.499	0	
433.904	0	
402.301	0	
388.784	0	
386.394	0	
388.784	0	
386.394	0	
392.292	0	
213.24	0	
190.492	0	
421.735	0	
415.257	0	
236.059	0	
235.987	0	
336.776	0	
422.783	0	
392.292	0	
389.587	0	
414.227	0	
435.533	0	
171.212	0	
206.908	0	
298.987	0	
336.776	0	
216.524	0	
158.137	0	
228.688	0	
206.793	0	
171.212	0	
158.137	0	
206.793	0	
221.39	0	
235.987	0	
206.908	0	
208.4	0	
220.858	0	
384.003	0	
300.814	0	
394.203	0	
402.301	0	
235.987	0	
235.987	0	
422.783	0	
343.886	0	
352.765	0	
389.587	0	
417.379	0	
407.923	0	
304.228	0	
420.532	0	
227.194	0	
226.449	0	
392.583	0	
402.301	0	
235.987	0	
235.987	0	
379.459	0	
375.691	0	
352.765	0	
297.155	0	
238.859	0	
236.172	0	
228.234	0	
227.592	0	
229.404	0	
229.404	0	
231.07	0	
230.087	0	
230.685	0	
229.404	0	
232.01	0	
235.655	0	
228.551	0	
228.121	0	
234.985	0	
233.336	0	
231.07	0	
233.037	0	
228.703	0	
227.354	0	
233.336	0	
233.336	0	
235.324	0	
234.166	0	
233.255	0	
230.111	0	
226.157	0	
226.449	0	
234.661	0	
233.336	0	
226.741	0	
226.741	0	
389.344	0	
352.414	0	
297.155	0	
241.545	0	
234.661	0	
234.661	0	
235.655	0	
234.196	0	
235.726	0	
234.993	0	
415.266	0	
452.33	0	
232.709	0	
236.052	0	
243.343	0	
239.665	0	
235.987	0	
235.987	0	
235.987	0	
235.987	0	
235.987	0	
235.987	0	
235.987	0	
231.227	0	
228.772	0	
236.131	0	
236.025	0	
229.528	0	
235.954	0	
275.439	0	
298.987	0	
311.079	0	
317.882	0	
228.688	0	
231.121	0	
235.987	0	
235.987	0	
249.863	0	
309.995	0	
235.987	0	
235.987	0	
236.025	0	
235.987	0	
261.373	0	
261.373	0	
352.414	0	
379.459	0	
312.878	0	
352.765	0	
238.544	0	
235.845	0	
347.28	0	
347.28	0	
235.552	0	
234.993	0	
230	0	
234.349	0	
235.987	0	
235.987	0	
228.692	0	
230	0	
243.191	0	
252.82	0	
236	0	
236	0	
235.987	0	
235.987	0	
244.558	0	
272.423	0	
241.243	0	
241.243	0	
237.194	0	
235.703	0	
235.324	0	
234.993	0	
235.987	0	
235.987	0	
235.987	0	
235.987	0	
235.987	0	
235.987	0	
261.373	0	
261.082	0	
235.987	0	
235.987	0	
235.987	0	
235.987	0	
236	0	
235.987	0	
235.987	0	
235.987	0	
235.987	0	
235.987	0	
235.987	0	
235.987	0	
235.987	0	
235.987	0	
235.987	0	
235.987	0	
235.987	0	
235.987	0	
235.987	0	
235.987	0	
236.007	0	
236	0	
236	0	
235.992	0	
236	0	
235.997	0	
235.993	0	
235.992	0	
235.993	0	
234.349	0	
235.987	0	
235.987	0	
235.987	0	
235.987	0	
235.987	0	
235.987	0	
235.987	0	
235.987	0	
235.987	0	
235.987	0	
235.987	0	
232.804	0	
235.987	0	
235.987	0	
235.987	0	
235.987	0	
235.987	0	
235.987	0	
235.987	0	
235.987	0	
235.987	0	
235.987	0	
235.987	0	
235.987	0	
235.987	0	
235.987	0	
235.987	0	
235.987	0	
235.987	0	
235.987	0	
235.987	0	
235.987	0	
235.987	0	
235.987	0	
235.987	0	
235.987	0	
235.987	0	
235.987	0	
235.987	0	
235.987	0	
235.987	0	
235.987	0	
235.987	0	
235.987	0	
235.797	0	
298.074	0	
325.37	0	
233.85	0	
235.99	0	
235.738	0	
235.738	0	
235.987	0	
235.987	0	
235.987	0	
235.987	0	
235.987	0	
235.987	0	
235.987	0	
234.943	0	
235.987	0	
235.987	0	
235.987	0	
235.987	0	
235.987	0	
235.987	0	
235.987	0	
231.71	0	
232.804	0	
235.987	0	
235.987	0	
235.987	0	
235.987	0	
235.987	0	
235.987	0	
235.987	0	
235.987	0	
233.152	0	
233.899	0	
235.987	0	
235.987	0	
235.987	0	
235.987	0	
235.987	0	
235.987	0	
235.987	0	
235.987	0	
235.987	0	
235.987	0	
235.987	0	
235.987	0	
235.987	0	
235.987	0	
235.987	0	
235.987	0	
235.987	0	
283.683	0	
235.821	0	
249.863	0	
254.489	0	
236.742	0	
243.191	0	
235.552	0	
235.821	0	
235.987	0	
235.987	0	
235.987	0	
235.987	0	
235.987	0	
235.987	0	
235.987	0	
235.987	0	
235.987	0	
235.531	0	
235.655	0	
235.987	0	
235.987	0	
235.987	0	
235.987	0	
232.405	0	
234.196	0	
235.608	0	
235.608	0	
235.86	0	
235.734	0	
235.987	0	
235.987	0	
235.987	0	
235.987	0	
235.595	0	
235.921	0	
235.987	0	
235.987	0	
235.987	0	
235.987	0	
234.943	0	
233.899	0	
235.987	0	
235.856	0	
235.987	0	
235.987	0	
235.987	0	
235.987	0	
235.53	0	
234.943	0	
235.987	0	
235.987	0	
235.856	0	
235.791	0	
235.987	0	
235.987	0	
235.791	0	
235.791	0	
235.921	0	
235.921	0	
235.856	0	
235.905	0	
291.634	0	
252.045	0	
245.238	0	
235.987	0	
235.987	0	
235.987	0	
235.987	0	
235.987	0	
235.987	0	
235.987	0	
235.987	0	
235.909	0	
235.614	0	
235.987	0	
235.987	0	
235.797	0	
252.82	0	
235.987	0	
235.987	0	
235.987	0	
235.987	0	
235.987	0	
235.987	0	
235.987	0	
235.987	0	
235.862	0	
235.738	0	
235.738	0	
235.8	0	
235.797	0	
240.178	0	
240.178	0	
272.423	0	
235.889	0	
235.921	0	
235.987	0	
235.987	0	
235.987	0	
235.987	0	
235.987	0	
235.987	0	
240.178	0	
252.045	0	
244.574	0	
244.574	0	
235.987	0	
235.987	0	
235.856	0	
235.889	0	
235.655	0	
235.821	0	
235.987	0	
235.971	0	
249.898	0	
238.545	0	
235.987	0	
235.987	0	
235.987	0	
235.987	0	
235.987	0	
235.987	0	
235.987	0	
235.987	0	
235.987	0	
235.987	0	
235.987	0	
235.987	0	
235.987	0	
235.987	0	
235.987	0	
235.987	0	
235.987	0	
235.987	0	
235.987	0	
235.964	0	
235.982	0	
235.987	0	
235.987	0	
235.987	0	
235.987	0	
235.987	0	
235.987	0	
235.905	0	
235.977	0	
235.987	0	
235.987	0	
235.987	0	
235.987	0	
235.987	0	
235.987	0	
235.987	0	
235.987	0	
235.984	0	
235.987	0	
235.987	0	
235.987	0	
235.987	0	
235.987	0	
235.987	0	
235.987	0	
235.987	0	
235.987	0	
235.987	0	
235.987	0	
242.913	0	
263.81	0	
240.28	0	
237.328	0	
235.987	0	
235.987	0	
235.987	0	
235.987	0	
235.987	0	
235.987	0	
235.987	0	
235.987	0	
235.987	0	
235.969	0	
235.946	0	
235.987	0	
235.987	0	
235.946	0	
235.964	0	
235.978	0	
235.977	0	
235.969	0	
235.961	0	
235.977	0	
235.982	0	
235.987	0	
235.987	0	
235.978	0	
235.979	0	
235.984	0	
235.984	0	
235.987	0	
235.987	0	
235.987	0	
237.597	0	
242.913	0	
235.894	0	
235.987	0	
235.987	0	
235.987	0	
235.987	0	
235.987	0	
235.982	0	
235.987	0	
235.987	0	
235.987	0	
235.987	0	
235.987	0	
235.987	0	
235.987	0	
235.987	0	
242.913	0	
238.545	0	
235.987	0	
235.987	0	
235.987	0	
235.984	0	
235.977	0	
235.966	0	
235.987	0	
235.987	0	
235.987	0	
235.987	0	
235.987	0	
235.952	0	
235.917	0	
235.987	0	
235.984	0	
235.987	0	
235.987	0	
235.987	0	
235.987	0	
235.987	0	
235.987	0	
238.134	0	
237.328	0	
235.987	0	
235.987	0	
235.987	0	
235.987	0	
235.987	0	
235.987	0	
235.987	0	
235.987	0	
235.987	0	
235.987	0	
235.987	0	
235.987	0	
235.987	0	
235.987	0	
235.987	0	
235.987	0	
235.987	0	
235.987	0	
235.987	0	
236.792	0	
235.987	0	
235.987	0	
235.987	0	
235.987	0	
235.987	0	
235.987	0	
235.987	0	
235.987	0	
235.987	0	
235.987	0	
235.987	0	
235.987	0	
235.987	0	
235.987	0	
235.987	0	
235.987	0	
235.987	0	
235.987	0	
235.987	0	
235.987	0	
235.987	0	
235.987	0	
235.987	0	
235.987	0	
235.987	0	
235.987	0	
235.987	0	
235.987	0	
235.987	0	
235.987	0	
235.987	0	
235.987	0	
235.987	0	
235.987	0	
235.987	0	
235.987	0	
235.987	0	
235.987	0	
235.987	0	
235.987	0	
235.987	0	
235.987	0	
235.987	0	
235.987	0	
235.987	0	
235.987	0	
235.987	0	
235.987	0	
235.987	0	
235.987	0	
235.987	0	
235.987	0	
235.987	0	
235.987	0	
235.987	0	
235.987	0	
235.987	0	
235.987	0	
235.987	0	
235.987	0	
235.987	0	
235.987	0	
235.987	0	
235.987	0	
235.987	0	
235.987	0	
235.987	0	
235.987	0	
235.987	0	
235.987	0	
235.987	0	
235.987	0	
235.987	0	
235.987	0	
235.987	0	
235.987	0	
235.987	0	
235.987	0	
235.987	0	
235.987	0	
235.987	0	
235.987	0	
235.987	0	
235.987	0	
235.987	0	
235.987	0	
235.987	0	
235.987	0	
235.987	0	
235.987	0	
235.987	0	
235.987	0	
235.987	0	
235.987	0	
235.987	0	
235.987	0	
235.987	0	
235.987	0	
235.987	0	
235.987	0	
235.987	0	
235.987	0	
235.987	0	
235.987	0	
235.987	0	
235.987	0	
235.987	0	
235.987	0	
235.987	0	
235.987	0	
235.987	0	
235.987	0	
235.987	0	
235.987	0	
235.987	0	
235.987	0	
235.987	0	
235.987	0	
235.987	0	
235.987	0	
235.987	0	
235.987	0	
235.987	0	
235.987	0	
235.987	0	
235.987	0	
235.987	0	
235.987	0	
235.987	0	
235.987	0	
235.987	0	
235.987	0	
235.987	0	
235.987	0	
235.987	0	
235.987	0	
235.987	0	
235.987	0	
235.987	0	
235.987	0	
235.987	0	
235.987	0	
235.987	0	
235.987	0	
235.987	0	
235.987	0	
235.987	0	
235.987	0	
235.987	0	
235.987	0	
235.987	0	
235.987	0	
235.987	0	
235.987	0	
235.987	0	
235.987	0	
235.987	0	
235.987	0	
235.987	0	
235.987	0	
235.987	0	
235.987	0	
235.987	0	
235.987	0	
235.987	0	
235.987	0	
235.987	0	
235.987	0	
235.987	0	
235.987	0	
235.987	0	
235.987	0	
235.987	0	
235.987	0	
235.987	0	
235.987	0	
235.987	0	
235.987	0	
235.987	0	
235.987	0	
235.987	0	
235.987	0	
235.987	0	
235.987	0	
235.987	0	
235.987	0	
235.987	0	
235.987	0	
235.987	0	
235.987	0	
235.987	0	
235.987	0	
235.987	0	
235.987	0	
235.987	0	
235.987	0	
235.987	0	
235.987	0	
235.987	0	
235.987	0	
235.987	0	
235.987	0	
235.987	0	
235.987	0	
235.987	0	
235.987	0	
235.987	0	
235.987	0	
235.987	0	
235.987	0	
235.987	0	
235.987	0	
235.987	0	
235.987	0	
235.987	0	
235.987	0	
235.987	0	
235.987	0	
235.987	0	
235.987	0	
235.987	0	
235.987	0	
235.987	0	
235.987	0	
235.987	0	
235.987	0	
235.987	0	
235.987	0	
235.987	0	
235.987	0	
235.987	0	
235.987	0	
235.987	0	
235.987	0	
235.987	0	
235.987	0	
235.987	0	
235.987	0	
235.987	0	
235.987	0	
235.987	0	
235.987	0	
235.987	0	
235.987	0	
235.987	0	
235.987	0	
235.987	0	
235.987	0	
235.987	0	
235.987	0	
235.987	0	
235.987	0	
235.987	0	
235.987	0	
235.987	0	
235.987	0	
235.987	0	
235.987	0	
235.987	0	
235.987	0	
235.987	0	
235.987	0	
235.987	0	
235.987	0	
235.987	0	
235.987	0	
235.987	0	
235.987	0	
235.987	0	
235.987	0	
235.987	0	
235.987	0	
235.987	0	
235.987	0	
235.987	0	
235.987	0	
235.987	0	
235.987	0	
235.987	0	
235.987	0	
235.987	0	
235.987	0	
235.987	0	
235.987	0	
235.987	0	
235.987	0	
235.987	0	
235.987	0	
235.987	0	
235.987	0	
235.987	0	
235.987	0	
235.987	0	
235.987	0	
235.987	0	
235.987	0	
235.987	0	
235.987	0	
235.987	0	
235.987	0	
235.987	0	
235.987	0	
235.987	0	
235.987	0	
