# File: UnstructuredGrid_Inversion_L1_Medium_Iter06.dat
# (No specific header documentation)

-161.667	-0.496475	94.6425	0	
-159.665	-0.669672	136.146	0	
-65.3125	-0.183316	185.154	0	
30.9005	-0.895475	217.578	0	
-153.95	-99.5553	313.727	0	
126.667	-0.301598	200.413	0	
31.9883	-0.542287	214.993	0	
-187.42	-59.0034	219.483	0	
-64.8958	-0.422952	188.169	0	
-120.684	-2.51578	195.319	0	
-134.439	-38.068	683.921	0	
-143.874	-2.53992	194.153	0	
-156.359	-18.794	329.263	0	
-158.382	-15.3263	254.096	0	
-115.41	-2.00366	189.645	0	
-95.3283	-48.9204	768.662	0	
-67.173	-1.2985	187.712	0	
-138.896	-1.29758	212.401	0	
-157.296	-4.86054	177.966	0	
-149.993	-0.731718	184.22	0	
-144.727	-2.46781	192.893	0	
-146.402	-2.52034	191.845	0	
-125.514	-2.45278	198.334	0	
-153.62	-4.39359	209.288	0	
-157.562	-2.57386	167.877	0	
-149.642	-9.0631	293.879	0	
-154.179	-3.09646	196.778	0	
-158.223	-3.30595	161.526	0	
125.625	-0.165467	204.608	0	
-23.3864	-2.41546	200.726	0	
-157.744	-4.73968	172.214	0	
-46.8725	-1.78303	189.88	0	
-156.725	-2.87256	179.405	0	
-158.661	-11.4376	210.922	0	
-19.1602	-2.00366	207.75	0	
-152.021	-2.42138	192.895	0	
29.5898	-2.00366	206.753	0	
-42.9102	-2.00366	189.102	0	
-169.22	-2.04966	64.7824	0	
-53.1212	-1.52547	184.675	0	
-165.6	-1.76839	78.6232	0	
-167.3	-0.925681	71.3425	0	
-62.2502	-2.63512	191.832	0	
-172.052	-6.731	79.6545	0	
-60.9972	-2.7247	192.84	0	
-163.147	-9.85918	151.594	0	
-60.3684	-3.09307	195.853	0	
-68.125	-0.721791	187.517	0	
-65.7641	-1.92569	188.086	0	
-86.875	-0.239636	178.966	0	
-157.849	-0.895475	161.262	0	
-157.101	-0.552645	169.139	0	
-80.081	-2.30018	184.307	0	
-157.641	-0.463959	171.501	0	
-70.3125	-0.168989	189.144	0	
78.9296	-0.274425	246.563	0	
-154.583	-0.301598	195.696	0	
55.1714	-0.248238	206.077	0	
-153.125	-0.165467	182.484	0	
-150.622	-0.734698	178.25	0	
38.0357	-1.83306	217.952	0	
-153.542	-0.898582	185.439	0	
50.3897	-1.70135	206.007	0	
-156.752	-0.254154	177.946	0	
72.2695	-2.78325	212.972	0	
-162.583	-1.33918	92.274	0	
-60.3336	-1.60992	188.108	0	
-149.688	-0.177641	193.576	0	
-155.438	-1.63179	189.014	0	
31.112	-5.33287	206.537	0	
-148.386	-0.571426	188.84	0	
31.6649	-3.42449	202.908	0	
-146.875	-0.165467	208.696	0	
-147.151	-0.895475	197.292	0	
36.6667	-0.301598	229.34	0	
33.1977	-2.30897	211.389	0	
-144.375	-0.165467	207.926	0	
28.125	-0.721791	211.02	0	
-137.729	-0.455456	211.687	0	
-139.372	-0.734698	220.413	0	
25.9375	-0.168989	205.116	0	
-143.266	-0.298492	194.392	0	
34.4375	-1.54093	220.34	0	
-143.891	-0.463959	217.152	0	
33.5931	-1.53107	219.442	0	
9.375	-0.239636	164.513	0	
-137.069	-0.272934	234.476	0	
181.911	-4.06474	256.389	0	
-135.625	-0.165467	227.108	0	
-135.224	-0.463959	224.312	0	
136.358	-1.70172	204.319	0	
-136.804	-0.667983	228.528	0	
149.681	-2.82434	208.196	0	
130.911	-3.51899	202.022	0	
-131.139	-0.719544	225.544	0	
128.874	-2.20771	200.188	0	
-122.646	-1.29758	203.773	0	
-129.062	-0.231865	222.133	0	
129.228	-1.10409	202.172	0	
-130.349	-0.895475	222.185	0	
132.671	-0.248238	210.444	0	
-130.141	-0.463959	224.103	0	
141.43	-0.274407	206.058	0	
-138.679	-0.367273	219.214	0	
15.4237	-1.85974	184.522	0	
128.729	-0.429517	201.856	0	
-121.391	-0.463959	188.194	0	
120.625	-0.165467	194.188	0	
-121.875	-0.165467	195.907	0	
-120.766	-0.298492	221.385	0	
111.438	-2.41537	192.186	0	
-123.122	-0.734698	212.862	0	
123.125	-0.721791	201.693	0	
-116.875	-0.721791	190.265	0	
-119.838	-0.460207	203.326	0	
-133.658	-2.47062	208.731	0	
-115.938	-0.180399	194.39	0	
-114.688	-0.172252	184.618	0	
-127.742	-0.249876	229.52	0	
-114.989	-0.734618	191.543	0	
-119.158	-0.938252	197.791	0	
-118.541	-0.578104	199.707	0	
100.312	-0.215758	177.808	0	
-93.3333	-0.301598	172.005	0	
-112.151	-0.895475	189.055	0	
-103.333	-0.301598	181.231	0	
-111.672	-0.963615	181.602	0	
-103.542	-1.40127	181.152	0	
-114.745	-1.43797	189.336	0	
-111.875	-0.165467	180.562	0	
-109.863	-2.24597	186.739	0	
-112.421	-2.32532	186.456	0	
-107.812	-0.18026	184.646	0	
-141.431	-1.37109	213.811	0	
-104.688	-0.215758	175.534	0	
-94.7298	-1.36247	176.933	0	
-141.981	-0.881967	223.568	0	
-105.628	-0.368067	181.861	0	
-110.622	-0.734698	187.824	0	
-107.745	-0.910268	182.722	0	
-108.854	-0.449365	181.998	0	
-113.395	-0.567113	187.468	0	
-104.703	-3.73801	194.055	0	
-128.718	-0.432276	224.164	0	
127.71	-1.64384	200.471	0	
-102.705	-1.03334	181.596	0	
42.6714	-0.248238	218.953	0	
-129.724	-0.298492	218.623	0	
-102.183	-0.445797	178.248	0	
-133.597	-0.378619	223.261	0	
-99.8074	-0.233592	171.967	0	
-101.602	-0.997079	178.621	0	
-91.1261	-2.20771	179.427	0	
-134.666	-0.848439	221.313	0	
-95.6225	-0.734698	174.675	0	
-150.542	-1.77945	187.759	0	
-73.2781	-1.85649	188.733	0	
-92.7055	-1.03334	174.351	0	
-149.996	-3.34204	198.602	0	
-94.6875	-0.177641	172.571	0	
-152.224	-0.298492	191.475	0	
-93.0902	-1.63791	176.428	0	
-136.226	-2.46935	206.866	0	
-148.862	-1.84728	188.687	0	
-88.125	-0.399074	178.19	0	
-146.837	-2.28949	194.692	0	
-82.1759	-1.29981	184.401	0	
-85.625	-0.399074	180.162	0	
-146.391	-0.463959	204.312	0	
-88.4375	-0.215758	176.587	0	
-145.824	-0.584888	198.405	0	
-155.468	-2.35625	189.346	0	
-81.8725	-0.734698	184.76	0	
-150.31	-0.184751	174.999	0	
-79.7774	-0.272934	189.365	0	
-73.6387	-0.719544	188.392	0	
-153.522	-2.05757	191.95	0	
-80.9375	-0.177641	182.179	0	
-155.232	-2.72571	190.875	0	
-85.9375	-0.215758	178.725	0	
-156.162	-0.436614	186.294	0	
-91.9743	-0.445797	176.014	0	
-139.06	-0.184751	222.315	0	
-158.401	-0.895475	156.616	0	
-72.2917	-1.33328	188.467	0	
-20.625	-0.721791	219.136	0	
-73.125	-0.165467	189.046	0	
-71.3542	-0.449365	187.475	0	
-22.9083	-0.938252	213.378	0	
-74.3725	-0.734698	188.597	0	
-157.991	-2.34302	161.702	0	
-31.2887	-0.749484	205.541	0	
-70.3118	-0.938054	189.941	0	
2.67144	-0.248238	171.919	0	
-67.495	-0.726698	187.504	0	
30.2547	-1.43797	214.647	0	
-13.5751	-1.74918	209.899	0	
-64.5833	-0.239636	186.933	0	
-9.24138	-3.36663	196.103	0	
-65.625	-0.399074	185.927	0	
-36.7915	-3.20198	191.207	0	
-18.4953	-1.43797	215.708	0	
-63.1174	-0.526812	187.996	0	
-16.1584	-2.05374	209.587	0	
-60.5456	-0.469849	185.895	0	
-59.5124	-0.769509	186.207	0	
-14.3725	-0.734698	220.599	0	
-62.0129	-0.76506	186.769	0	
-13.6493	-0.785793	224.043	0	
-47.1875	-0.215758	187.453	0	
-58.0213	-0.481575	183.598	0	
-32.677	-0.404344	192.589	0	
-54.0625	-0.183316	182.236	0	
-53.9515	-1.50676	184.602	0	
-42.2453	-1.43797	191.713	0	
-55.6275	-0.368067	183.543	0	
-41.56	-2.60934	190.509	0	
-59.4526	-1.54022	187.858	0	
-44.375	-0.721791	188.245	0	
-62.9491	-1.61328	187.232	0	
-7.08333	-0.301598	181.987	0	
-79.0625	-0.279535	188.014	0	
-152.641	-0.463959	178.826	0	
-39.3679	-1.83311	190.227	0	
-51.912	-0.446297	185.722	0	
-57.2119	-0.606269	187.368	0	
-49.3006	-0.452024	189.031	0	
-47.6042	-0.449365	190.221	0	
-55.5346	-1.7761	185.771	0	
-48.9506	-1.5479	183.912	0	
-38.1225	-0.734698	194.262	0	
-42.5179	-2.32426	189.993	0	
-42.4886	-0.734618	189.874	0	
-51.4555	-1.52621	184.86	0	
-42.1875	-0.172252	196.353	0	
-41.0223	-0.420281	190.955	0	
-51.8763	-1.7765	188.119	0	
-43.4375	-0.180399	185.3	0	
-54.3519	-2.21972	186.783	0	
-46.5625	-0.183316	185.876	0	
-53.5349	-1.7434	187.403	0	
-61.9566	-1.53976	188.319	0	
-38.4426	-0.916578	193.855	0	
-62.7681	-1.92847	189.356	0	
-33.5363	-0.901516	204.559	0	
-34.2968	-0.900766	204.771	0	
-54.375	-0.399074	183.757	0	
-38.7887	-0.749484	196.625	0	
-61.5955	-2.31994	190.224	0	
-57.881	-1.63702	187.018	0	
-26.0217	-1.82829	199.514	0	
-63.6541	-2.02268	187.51	0	
-31.6012	-0.997684	199.754	0	
-24.1854	-1.63811	204.602	0	
-68.8542	-0.421	186.716	0	
-31.9815	-0.881992	206.307	0	
-63.9542	-1.01599	186.55	0	
-34.2968	-0.46925	199.012	0	
-59.1416	-2.34704	190.847	0	
-39.4815	-0.881992	198.827	0	
-50.6143	-1.52903	184.435	0	
-72.2993	-2.39955	188.62	0	
-25.3264	-1.21051	205.231	0	
-70.4331	-2.41216	190.655	0	
-22.291	-0.578104	214.221	0	
-23.3804	-0.893213	215.265	0	
-69.1859	-1.83675	189.133	0	
-24.9877	-0.987677	211.883	0	
-67.4855	-1.48918	188.558	0	
-78.75	-0.477527	185.96	0	
-19.6875	-0.180399	221.673	0	
-81.2428	-0.731718	183.64	0	
-17.2863	-0.268621	225.091	0	
-16.5625	-0.289741	228.054	0	
94.0062	-2.61431	200.295	0	
-18.6801	-0.373341	223.966	0	
-91.9643	-1.83306	179.034	0	
-17.7449	-0.454315	222.972	0	
-75.3125	-0.905095	188.371	0	
83.2323	-3.2452	200.33	0	
-15.0387	-0.749484	224.655	0	
101.468	-2.26923	190.75	0	
-12.8544	-0.545772	232.388	0	
-11.5995	-0.895475	214.093	0	
82.6926	-0.233592	213.889	0	
-7.29167	-1.40127	210.853	0	
89.1667	-0.301598	221.135	0	
81.9635	-0.416907	229.034	0	
-8.125	-0.165467	210.006	0	
73.125	-0.165467	239.916	0	
-5.5365	-0.51425	203.627	0	
-5.224	-0.298492	209.909	0	
66.4524	-2.58108	214.757	0	
0.324114	-1.29981	186.713	0	
75.625	-0.721791	241.583	0	
-9.37247	-0.734698	204.69	0	
80.3167	-1.74351	223.93	0	
-15.3512	-0.997684	217.137	0	
99.8958	-0.449365	195.268	0	
-26.563	-0.910558	207.322	0	
-67.8125	-0.180456	187.217	0	
-52.7063	-1.77146	188.188	0	
-37.3993	-0.785793	196.276	0	
-137.402	-2.23646	205.616	0	
-6.35417	-0.517356	202.664	0	
-3.59727	-0.378619	202.102	0	
62.6714	-0.248238	219.109	0	
2.70677	-1.03746	178.253	0	
1.04275	-0.767958	184.708	0	
58.8211	-2.07882	206.194	0	
59.1667	-0.301598	200.654	0	
1.94227	-0.463996	180.565	0	
58.1275	-0.734698	203.377	0	
4.375	-0.399074	181.929	0	
4.0625	-0.215758	175.564	0	
51.875	-0.721791	197.076	0	
22.9719	-1.85649	196.828	0	
57.5656	-2.40113	207.102	0	
8.125	-0.399074	170.57	0	
65.4296	-2.27937	214.64	0	
41.3971	-3.31994	210.203	0	
7.8125	-0.215758	168.959	0	
41.6932	-2.78375	211.377	0	
10.625	-0.399074	176.203	0	
10.3125	-0.215758	171.246	0	
46.1458	-0.419503	217.48	0	
14.5041	-1.93261	184.881	0	
54.4423	-0.895512	193.933	0	
44.5627	-1.6335	217.399	0	
15.9375	-0.18026	176.969	0	
40.7369	-1.68082	216.296	0	
22.19	-0.184751	175.199	0	
18.125	-0.399074	186.396	0	
33.6305	-2.53981	207.109	0	
16.6003	-0.495982	170.401	0	
39.2284	-1.10409	224.412	0	
14.7928	-0.767958	177.601	0	
44.5352	-2.35799	214.402	0	
23.9513	-1.02926	193.905	0	
49.5917	-0.938252	205.704	0	
37.7102	-1.64384	221.822	0	
21.8775	-0.734698	181.307	0	
34.8943	-1.83368	215.519	0	
24.8958	-0.449365	203.53	0	
30.1156	-0.727833	214.727	0	
35.7254	-2.20288	216.657	0	
22.8125	-0.177641	200.526	0	
38.7291	-0.429517	229.727	0	
28.7645	-1.48918	208.113	0	
31.1089	-0.463959	240.003	0	
28.4375	-0.180456	213.043	0	
124.838	-1.37309	199.78	0	
32.3378	-0.243795	213.324	0	
25.8169	-2.41216	200.151	0	
29.0625	-0.180399	208.311	0	
23.9507	-2.39955	196.744	0	
25.9382	-0.938054	204.427	0	
27.3958	-0.421	214.105	0	
20.9375	-0.905095	191.356	0	
36.2146	-1.34525	225.688	0	
4.37253	-1.77427	188.698	0	
42.7068	-1.03746	220.333	0	
37.2945	-1.03334	225.545	0	
14.3761	-0.735515	169.062	0	
35.3077	-0.445774	229.256	0	
17.8125	-0.215758	182.997	0	
151.875	-0.165467	212.304	0	
41.0428	-0.767958	229.193	0	
149.638	-0.895475	207.901	0	
52.827	-1.2985	199.81	0	
43.7017	-1.00816	222.484	0	
150.194	-2.44133	207.809	0	
41.9423	-0.463996	222.314	0	
144.243	-1.70013	205.255	0	
37.8174	-0.445797	230.091	0	
154.688	-0.905095	216.795	0	
32.8302	-0.445849	226.141	0	
27.0641	-1.83675	201.596	0	
43.716	-0.483468	227.166	0	
41.9423	-0.895512	227.385	0	
142.817	-1.74351	204.786	0	
48.3146	-1.63811	208.65	0	
139.383	-0.734712	208.753	0	
47.5123	-0.987677	210.748	0	
49.1196	-0.893213	206.685	0	
136.667	-0.301598	212.293	0	
47.1736	-1.21051	211.567	0	
144.378	-0.734698	206.909	0	
139.982	-2.32432	202.934	0	
52.505	-0.726698	197.822	0	
135.628	-0.734698	210.967	0	
77.0898	-2.00366	221.686	0	
55.616	-1.2741	199.133	0	
131.043	-0.767958	207.785	0	
54.4423	-0.463996	198.023	0	
134.451	-1.8827	204.46	0	
55.2068	-1.03746	199.19	0	
137.651	-3.62733	200.274	0	
121.6	-0.495902	190.917	0	
57.4613	-0.749484	200.155	0	
61.9423	-0.895512	205.022	0	
62.7068	-1.03746	211.098	0	
61.9423	-0.463996	208.098	0	
118.993	-2.47926	195.975	0	
57.8074	-0.916578	200.837	0	
123.764	-1.48918	199.336	0	
120.233	-1.9808	196.287	0	
69.0741	-1.29981	223.307	0	
115.625	-0.721791	190.032	0	
64.375	-0.165467	210.504	0	
71.912	-1.19851	230.923	0	
113.438	-0.168989	186.494	0	
63.9583	-0.898582	211.399	0	
121.109	-0.463959	193.426	0	
69.5127	-0.799823	220.874	0	
123.438	-0.180456	201.927	0	
90.8976	-0.997079	202.28	0	
130.952	-1.48018	205.005	0	
106.562	-0.215758	180.345	0	
71.0099	-0.863792	233.892	0	
-116.236	-1.48918	191.315	0	
77.5184	-2.76645	211.868	0	
72.8495	-0.895475	235.333	0	
-122.23	-1.36247	200.988	0	
71.912	-0.530357	226.766	0	
-117.604	-0.421	196.113	0	
-119.183	-2.41216	191.91	0	
76.5625	-0.180399	248.851	0	
-123.75	-0.727521	210.413	0	
124.59	-2.00366	198.977	0	
79.7945	-1.03334	237.958	0	
-125.104	-0.420973	211.435	0	
77.8125	-0.172252	236.999	0	
-117.936	-1.83675	192.78	0	
79.4053	-1.63791	226.695	0	
-116.562	-0.180456	190.006	0	
-87.3958	-0.422952	180.522	0	
80.8976	-0.997079	226.199	0	
-90.7716	-1.10409	176.858	0	
83.9583	-0.898582	226.793	0	
84.375	-0.165467	233.24	0	
-92.2898	-1.64384	176.618	0	
88.9583	-1.40127	209.987	0	
-98.6052	-2.65328	183.102	0	
-98.2243	-0.445797	179.824	0	
88.125	-0.165467	206.605	0	
-109.47	-3.06126	187.35	0	
89.7945	-1.03334	214.248	0	
90.3174	-0.445797	193.082	0	
-95.31	-0.184751	175.185	0	
97.3536	-1.29758	194.722	0	
-98.9555	-1.03334	176.879	0	
86.8775	-0.734698	228.719	0	
-91.2709	-0.429517	175.263	0	
80.3174	-0.445797	219.593	0	
-95.1464	-1.29758	177.838	0	
100.627	-1.78303	195.345	0	
145.101	-0.785793	209.012	0	
-100.537	-0.416907	176.788	0	
92.6926	-0.233592	185.263	0	
-105.564	-1.61539	181.738	0	
96.8775	-0.734698	193.767	0	
98.4292	-1.56866	189.615	0	
-107.224	-0.298492	175.835	0	
-104.375	-0.399074	179.942	0	
116.577	-1.2985	190.663	0	
-109.375	-0.233607	175.733	0	
105.208	-1.33328	188.863	0	
103.861	-0.719544	181.193	0	
-110.689	-1.61687	186.998	0	
100.938	-0.183316	179.208	0	
-108.512	-1.52447	184.074	0	
97.8125	-0.177641	180.214	0	
-114.06	-2.60932	188.677	0	
-140.312	-0.905095	215.042	0	
111.451	-1.02926	182.511	0	
-134.57	-2.27937	209.66	0	
109.378	-0.734698	180.486	0	
110.312	-0.177641	180.583	0	
-122.389	-0.719544	206.734	0	
107.188	-0.183316	182.343	0	
-140.005	-1.46872	209.373	0	
-127.404	-0.415784	198.176	0	
118.023	-0.881803	194.979	0	
-131.817	-1.61405	206.354	0	
119.412	-1.19851	191.927	0	
116.562	-0.180399	184.719	0	
-134.782	-1.22966	222.45	0	
113.438	-0.938054	187.932	0	
-131.872	-0.734698	225.714	0	
112.396	-0.449365	190.713	0	
-127.957	-1.81782	205.358	0	
104.375	-0.165467	184.175	0	
-109.867	-0.800287	184.816	0	
-151.562	-0.231865	186.791	0	
119.412	-0.530357	192.982	0	
-139.007	-1.60465	210.298	0	
120.349	-0.895475	193.524	0	
126.458	-1.40127	200.922	0	
-140	-0.727521	219.572	0	
125.116	-0.727833	200.559	0	
-151.52	-2.36076	190.635	0	
-144.305	-2.30723	198.276	0	
174.65	-2.62007	256.402	0	
-19.9855	-1.48918	210.679	0	
127.817	-0.445797	205.65	0	
132.707	-1.03746	207.933	0	
-24.6018	-1.67889	206.054	0	
127.295	-1.03334	200.548	0	
-21.3542	-0.421	218.432	0	
124.062	-0.180399	199.331	0	
-144.849	-0.451863	209.94	0	
-22.9331	-2.41216	200.443	0	
131.942	-0.463996	205.446	0	
-26.8825	-0.73471	210.677	0	
133.116	-1.2741	206.277	0	
134.649	-0.997684	206.021	0	
-28.8397	-0.44666	208.458	0	
139.59	-2.00373	204.132	0	
-21.6859	-1.83675	205.273	0	
8.85417	-0.422952	169.6	0	
141.02	-1.20249	205.891	0	
5.10417	-0.422952	183.306	0	
140.312	-0.172232	205.961	0	
156.104	-1.29758	221.665	0	
4.01419	-1.50556	182.747	0	
139.062	-0.180422	208.986	0	
-2.26477	-2.47329	203.412	0	
134.961	-0.749484	208.305	0	
2.15229	-1.76179	187.952	0	
131.942	-0.895512	207.095	0	
-20.3125	-0.180456	221.567	0	
118.51	-0.863792	191.692	0	
-134.451	-1.67575	207.388	0	
-1.37748	-1.34353	192.109	0	
142.817	-0.445797	206.528	0	
-13.1967	-3.12823	194.974	0	
150.613	-1.26514	210.603	0	
145.896	-0.545772	212.835	0	
1.94227	-0.895512	182.515	0	
143.398	-0.997079	206.062	0	
-2.75977	-0.844211	189.749	0	
-4.66559	-0.848439	200.011	0	
149.846	-0.463959	209.516	0	
-8.64258	-1.46076	206.51	0	
151.599	-0.895475	211.823	0	
157.271	-0.455456	225.396	0	
-17.81	-2.60932	196.801	0	
155.94	-0.184751	220.587	0	
-10.8999	-0.495739	221.719	0	
148.128	-0.734698	204.992	0	
-5.52361	-1.60063	202.379	0	
-12.2917	-2.01633	210.527	0	
156.321	-0.367273	222.6	0	
-14.8145	-1.411	213.959	0	
158.738	-0.675107	233.095	0	
159.306	-0.280058	238.16	0	
-14.06	-0.184751	220.271	0	
157.931	-0.272934	231.689	0	
-11.3911	-0.463959	215.896	0	
-43.7355	-1.48918	189.527	0	
160.417	-0.496475	240.999	0	
-26.2505	-0.72209	211.762	0	
-141.616	-9.02182	305.839	0	
165.15	-0.3813	250.477	0	
-31.8023	-1.89071	192.817	0	
155.177	-3.56525	220.556	0	
-37.3251	-1.74918	192.688	0	
160.844	-1.24905	241.778	0	
-46.1458	-0.422952	188.729	0	
155.628	-0.734698	219.324	0	
-8.63867	-0.719544	205.435	0	
-35.2072	-0.767958	199.958	0	
172.13	-1.16297	256.58	0	
-38.5645	-1.411	192.577	0	
176.058	-0.673031	256.736	0	
168.788	-3.96759	253.462	0	
-37.81	-0.184751	190.922	0	
165.225	-7.87377	246.436	0	
-34.5903	-1.87037	190.522	0	
-56.5127	-2.35303	189.238	0	
154.61	-4.74204	219.75	0	
-44.0625	-0.180456	188.067	0	
124.362	-42.9647	179.733	0	
165.789	-26.41	230.104	0	
-47.2616	-1.52447	184.255	0	
197.758	-1.16333	251.059	0	
-50.6044	-2.95619	194.863	0	
177.391	-2.87465	256.578	0	
-56.9926	-1.54002	186.484	0	
-50.1972	-1.78208	189.298	0	
-68.875	-0.7939	188.007	0	
-66.499	-2.45786	190.479	0	
-49.367	-2.25626	187.879	0	
28.394	-2.43391	201.723	0	
-74.9911	-1.49188	187.937	0	
-79.5148	-2.77391	185.632	0	
-76.3542	-0.420973	185.477	0	
-70.8864	-2.41546	190.998	0	
167.145	-46.8742	219.422	0	
-45.625	-0.239636	179.121	0	
-135.1	-10.6755	355.485	0	
-30.5897	-0.386682	200.812	0	
142.295	-1.03334	206.457	0	
5.625	-0.239636	165.442	0	
-75	-0.727521	188.582	0	
-102.183	-1.74351	180.446	0	
-78.5417	-2.01633	183.659	0	
64.776	-0.463959	214.702	0	
-77.2917	-1.34019	185.834	0	
-82.5	-0.727521	183.888	0	
-83.8542	-0.420973	181.372	0	
97.7702	-1.36247	191.318	0	
106.146	-0.449365	176.645	0	
92.2319	-1.64172	203.203	0	
101.354	-0.422952	186.982	0	
100.238	-1.52447	187.54	0	
101.875	-0.239636	185.874	0	
94.8193	-1.37109	199.822	0	
93.1004	-1.27697	200.064	0	
86.9654	-3.32278	201.53	0	
97.19	-0.184751	197.159	0	
90.3167	-1.74351	206.741	0	
91.9635	-0.416907	202.738	0	
85.2755	-0.298492	210.358	0	
86.958	-1.77945	211.063	0	
82.2319	-1.64172	221.426	0	
87.6113	-0.719544	219.36	0	
83.9784	-2.05757	212.524	0	
84.8589	-0.463959	238.527	0	
81.4312	-1.39728	224.824	0	
82.7121	-1.02568	223.235	0	
74.1003	-0.495902	245.845	0	
76.2645	-1.48918	226.727	0	
71.4925	-2.47926	213.738	0	
75.9375	-0.180456	246.05	0	
72.7332	-1.9808	219.464	0	
73.6089	-0.463959	244.078	0	
68.75	-0.727521	229.504	0	
66.4027	-0.378619	214.721	0	
58.8859	-3.02744	212.881	0	
70.5225	-0.881803	236.749	0	
64.5487	-1.80637	212.891	0	
65.3344	-0.848439	216.92	0	
60.224	-0.233592	217.81	0	
60.6737	-1.79396	206.092	0	
58.1205	-2.5049	208.816	0	
58.8623	-0.856232	202.29	0	
51.1458	-0.421	199.362	0	
52.5145	-1.48918	203.817	0	
45.8005	-2.85799	214.816	0	
52.1875	-0.180456	194.908	0	
49.5669	-2.41216	211.1	0	
50.8141	-1.83675	206.623	0	
46.1386	-0.956657	215.645	0	
47.056	-2.15639	212.534	0	
39.3186	-1.54166	221.573	0	
39.8207	-2.28453	215.453	0	
27.375	-0.7939	200.214	0	
29.077	-1.2985	208.198	0	
25.3636	-2.41546	198.63	0	
120.431	-1.63768	195.712	0	
19.8958	-0.420973	198.219	0	
21.2589	-1.49188	192.408	0	
16.415	-2.54809	191.617	0	
21.25	-0.727521	181.676	0	
17.5837	-1.46822	184.401	0	
18.4202	-1.60778	182.481	0	
13.75	-0.727521	168.611	0	
11.3542	-0.422952	174.574	0	
152.776	-0.298492	209.837	0	
154.995	-1.46872	218.284	0	
145.149	-2.35252	204.993	0	
155	-0.727521	217.335	0	
151.478	-2.05757	210.426	0	
152.359	-0.463959	212.224	0	
147.149	-0.997684	207.938	0	
148.745	-1.51942	206.933	0	
148.277	-1.83888	206.159	0	
148.861	-0.719544	204.908	0	
143.931	-1.39728	205.985	0	
144.69	-0.184751	205.903	0	
137.722	-0.232463	204.325	0	
138.764	-1.48916	205.768	0	
135.186	-1.411	206.454	0	
136.362	-0.856232	209.587	0	
129.319	-1.54166	200.376	0	
129.821	-2.28453	201.352	0	
122.468	-0.740078	198.692	0	
124.077	-1.2985	199.603	0	
119.769	-2.78325	196.729	0	
156.52	-1.36247	224.189	0	
114.896	-0.421	194.399	0	
116.264	-1.48918	193.079	0	
112.864	-2.41546	194.217	0	
115.938	-0.180456	188.202	0	
113.317	-2.41216	194.516	0	
114.564	-1.83675	193.781	0	
107.604	-0.422952	188.378	0	
110.118	-2.66714	195.259	0	
-117.625	-0.7939	195.835	0	
-115.923	-1.2985	191.685	0	
-138.48	-1.36247	215.179	0	
-67.8681	-2.59243	190.959	0	
-124.062	-0.905095	207.24	0	
-123.755	-1.46872	203.421	0	
-88.3626	-2.46855	180.996	0	
-81.56	-0.184751	184.071	0	
-86.0084	-1.52283	180.302	0	
-84.7977	-1.79976	182.995	0	
-88.9572	-0.767958	177.452	0	
-89.0475	-1.48018	178.752	0	
-96.5625	-0.905095	176.287	0	
-96.2552	-1.46872	178.225	0	
-95.2568	-1.60465	178.065	0	
-96.25	-0.727521	173.509	0	
-101.069	-1.39728	179.263	0	
-99.7879	-1.02568	177.395	0	
-106.562	-0.231865	176.698	0	
-106.053	-1.24406	182.291	0	
-69.6103	-1.70135	189.301	0	
-100.268	-1.64172	179.539	0	
-140.625	-0.721791	221.336	0	
-140.727	-1.88479	207.127	0	
-153.543	-2.7795	195.096	0	
-124.302	-2.47027	197.671	0	
-126.95	-1.62413	204.919	0	
-126.124	-0.800095	215.445	0	
-133.125	-0.167706	237.69	0	
-132.31	-1.4269	220.096	0	
-118.36	-1.70135	194.376	0	
-126.125	-1.7074	203.011	0	
-200.455	-20.1743	105.389	0	
-119.794	-3.11106	191.545	0	
-21.375	-0.7939	216.262	0	
-19.673	-1.2985	215.615	0	
-27.867	-2.63379	195.017	0	
5.21186	-2.25783	189.343	0	
-27.4983	-0.754052	208.214	0	
-27.1926	-0.922307	205.151	0	
7.95793	-1.82139	185.471	0	
16.213	-0.478752	175.553	0	
10.2416	-1.52283	180.179	0	
11.875	-0.239636	161.57	0	
7.29275	-0.767958	177.77	0	
6.93869	-1.61689	185.913	0	
-0.3125	-0.905095	191.258	0	
0.00890801	-1.49188	193.191	0	
0.374753	-2.12441	196.378	0	
-1.85037e-17	-0.727521	183.582	0	
-4.78156	-1.22966	194.385	0	
-4.45099	-1.67575	203.483	0	
-9.69198	-0.916251	213.035	0	
-9.4731	-2.05468	205.458	0	
26.6397	-1.70135	200.936	0	
-4.57037	-2.27937	199.861	0	
-45.1254	-0.793184	185.344	0	
-43.423	-1.2985	187.658	0	
-50.1987	-3.21704	199.368	0	
-29.8684	-2.39653	193.482	0	
-30.7844	-1.72777	194.656	0	
-29.5318	-1.53422	199.999	0	
-36.6096	-0.544631	202.77	0	
-36.0504	-1.32194	193.993	0	
-22.1103	-1.70135	206.841	0	
-30.3267	-1.45963	199.306	0	
-60.7489	-1.85245	187.996	0	
-51.0268	-2.24674	188.785	0	
-68.1262	-1.46081	188.575	0	
-67.8319	-2.05376	189.42	0	
-75.625	-0.721791	187.595	0	
-74.3204	-2.50735	186.584	0	
-77.7083	-2.01633	184.078	0	
-106.302	-4.39204	199.548	0	
-82.8125	-0.905095	184.332	0	
-82.4911	-1.49188	184.268	0	
104.208	-1.82243	190.415	0	
109.69	-0.184751	180.031	0	
106.488	-1.52447	187.103	0	
108.125	-0.239636	177.161	0	
103.128	-0.734698	179.067	0	
103.186	-1.61539	191.002	0	
95.9375	-0.905095	193.684	0	
96.2448	-1.46872	195.991	0	
97.2432	-1.60465	194.549	0	
96.25	-0.727521	191.478	0	
91.4312	-1.39728	203.835	0	
92.7121	-1.02568	199.105	0	
85.9375	-0.231865	215.749	0	
85.9802	-2.36076	208.005	0	
77.338	-1.37309	230.193	0	
78.6583	-3.23148	206.889	0	
74.9682	-0.740078	239.972	0	
76.577	-1.2985	234.781	0	
68.3845	-3.1652	211.31	0	
123.837	-2.91388	198.133	0	
68.4375	-0.905095	228.797	0	
68.7589	-1.49188	221.295	0	
65.2184	-1.22966	215.972	0	
65.549	-1.67575	213.013	0	
60.9375	-0.183316	210.892	0	
60.2681	-1.62888	205.573	0	
54.6523	-1.76179	200.507	0	
72.9309	-1.63768	223.527	0	
51.125	-0.7939	198.982	0	
52.8751	-2.12843	208.343	0	
40.3407	-3.04017	211.858	0	
54.921	-3.07441	215.469	0	
38.8739	-2.20771	216.969	0	
44.7698	-2.72579	214.41	0	
28.1238	-1.46081	207.055	0	
28.6653	-3.35919	198.095	0	
20.625	-0.721791	182.718	0	
21.9296	-2.50735	195.684	0	
-9.4731	-2.8958	198.196	0	
18.0056	-1.70676	190.228	0	
13.4375	-0.905095	177.683	0	
13.7589	-1.49188	183.004	0	
153.438	-0.231865	211.653	0	
155.993	-1.60465	222.61	0	
143.514	-1.46216	205.314	0	
143.614	-4.32953	200.659	0	
147.461	-0.749484	207.784	0	
146.329	-2.10792	206.458	0	
140.255	-1.43803	205.589	0	
151.675	-2.40378	210.458	0	
138.438	-0.180445	207.332	0	
139.077	-1.29849	206.633	0	
130.341	-3.04017	201.749	0	
143.343	-3.03082	201.614	0	
132.161	-1.72524	204.826	0	
129.328	-2.46797	201.335	0	
128.036	-1.83306	201.837	0	
127.586	-2.66027	200.283	0	
122.393	-1.57218	197.622	0	
122.633	-3.4768	197.86	0	
114.875	-0.7939	189.128	0	
116.625	-2.12843	194.402	0	
86.808	-3.88759	198.894	0	
114.14	-1.70135	192.016	0	
108.623	-0.799412	180.02	0	
108.308	-2.33158	193.18	0	
-116.876	-1.46081	191.983	0	
-116.582	-2.05376	190.709	0	
-124.375	-0.721791	208.144	0	
-122.757	-1.60465	199.81	0	
-78.5039	-3.87787	197.414	0	
-143.838	-7.24312	261.326	0	
-90.6814	-1.54166	177.459	0	
-90.1793	-2.28453	180.455	0	
-96.875	-0.721791	173.554	0	
-96.7445	-2.42983	181.534	0	
-116.618	-2.59243	189.519	0	
-108.549	-3.03628	187.044	0	
-104.542	-1.82243	181.557	0	
-111.35	-2.27472	187.138	0	
-108.123	-1.78303	184.507	0	
-116.254	-5.31154	224.17	0	
-140.701	-1.49655	209.724	0	
-141.785	-2.45031	200.989	0	
-130.792	-1.82349	209.699	0	
-142.263	-5.31355	210.784	0	
-139.987	-5.6287	220.92	0	
-130.201	-3.18181	192.88	0	
-20.6262	-1.46081	210.712	0	
-20.3319	-2.05376	203.947	0	
-28.5106	-1.28197	203.978	0	
-26.3341	-2.464	197.442	0	
-44.098	-3.01575	192.422	0	
-45.5109	-5.48015	241.51	0	
6.12348	-0.799412	172.005	0	
6.11338	-2.24603	188.925	0	
-0.62502	-0.721791	185.088	0	
-0.730123	-2.01802	195.999	0	
-20.3681	-2.59243	201.37	0	
-12.217	-3.23265	196.512	0	
-8.41271	-1.88879	208.069	0	
-15.2539	-2.60207	198.385	0	
-11.4583	-2.01633	205.302	0	
-20.3991	-4.7353	204.298	0	
-45.1205	-1.69926	190.29	0	
-45.4817	-2.55994	192.529	0	
-34.1042	-1.72622	197.363	0	
-48.2511	-8.51552	316.37	0	
-45.1753	-4.64234	219.945	0	
-33.3904	-3.72577	203.617	0	
-75.5521	-2.47027	188.752	0	
25.1651	-2.90531	198.942	0	
-75.714	-1.87789	187.157	0	
-75.3446	-2.06317	187.104	0	
-83.125	-0.721791	181.891	0	
-81.8231	-2.52441	182.582	0	
-90.6715	-2.46797	182.376	0	
-87.235	-2.7595	183.029	0	
102.373	-0.799412	182.408	0	
102.79	-0.926407	187.624	0	
95.625	-0.721791	190.408	0	
95.5225	-1.88479	197.074	0	
76.3366	-2.91388	207.866	0	
85.5179	-3.2455	201.378	0	
87.9985	-1.83923	209.461	0	
81.0145	-1.46216	224.805	0	
84.8349	-2.01948	213.898	0	
75.1785	-5.03482	204.559	0	
74.8935	-1.57218	228.699	0	
75.1329	-3.4768	210.212	0	
66.875	-0.167706	210.87	0	
69.1248	-2.12441	216.179	0	
52.1319	-2.59243	210.417	0	
49.2463	-6.04292	226.216	0	
62.1607	-1.72524	206.5	0	
46.8025	-8.34938	205.584	0	
51.5664	-4.98845	232.42	0	
62.916	-3.77913	216.969	0	
51.8738	-1.46081	203.581	0	
52.1681	-2.05376	208.259	0	
20.6979	-2.47027	194.76	0	
107.751	-3.85579	195.203	0	
20.536	-1.87789	190.178	0	
20.9054	-2.06317	194.237	0	
13.125	-0.721791	170.561	0	
14.0741	-1.29981	175.367	0	
5.67532	-2.51323	196.291	0	
9.81407	-2.2442	189.737	0	
154.251	-1.85934	215.994	0	
153.905	-3.49809	216.464	0	
152.335	-2.01948	211.437	0	
139.021	-3.66712	200.307	0	
137.882	-1.82832	204.26	0	
138.315	-2.09995	203.245	0	
115.882	-2.59243	195.062	0	
155.101	-2.91775	220.267	0	
115.624	-1.46081	193.815	0	
115.918	-2.05376	194.981	0	
106.877	-1.78303	190.801	0	
109.612	-3.62048	196.868	0	
-140.548	-2.47148	201.472	0	
-71.0849	-2.90531	190.038	0	
-124.464	-1.87789	201.615	0	
-124.095	-2.06317	199.634	0	
-92.4141	-2.66027	182.912	0	
-85.6228	-1.78287	182.454	0	
-98.14	-1.86639	179.883	0	
-98.521	-1.66146	179.058	0	
-152.665	-2.01948	190.03	0	
-144.713	-3.93921	199.339	0	
-23.5849	-2.90531	196.95	0	
3.79816	-6.23859	200.704	0	
-27.0797	-1.93247	198.467	0	
-27.8602	-2.07762	195.702	0	
3.95493	-2.49764	194.536	0	
10.6272	-1.78287	187.11	0	
-1.93731	-1.74554	199.762	0	
-2.35872	-1.47223	193.229	0	
-48.5346	-3.18797	199.363	0	
-47.2315	-4.06287	209.376	0	
-89.1846	-3.38874	190.86	0	
-92.8287	-4.81106	214.022	0	
-83.214	-1.87789	183.162	0	
-82.8446	-2.06317	183.397	0	
100.206	-2.50699	197.801	0	
107.718	-2.26923	191.721	0	
95.5488	-1.49655	197.364	0	
94.4653	-2.45031	199.161	0	
72.5892	-3.44935	210.012	0	
120.089	-3.44935	197.502	0	
67.6957	-1.42332	220.355	0	
67.9753	-2.37163	214.142	0	
47.8661	-3.10159	215.445	0	
50.1155	-5.16502	230.639	0	
17.7461	-3.87787	201.688	0	
-0.60116	-3.1044	201.625	0	
13.1209	-1.45954	183.74	0	
12.7105	-3.00408	199.602	0	
149.106	-3.80467	207.174	0	
185.26	-0.85338	255.477	0	
147.805	-1.27839	206.46	0	
149.712	-3.38748	207.009	0	
133.858	-3.03788	201.61	0	
138.285	-2.65263	201.909	0	
91.0145	-1.46216	205.023	0	
101.94	-2.51996	197.163	0	
-152.829	-5.21478	220.896	0	
-132.046	-3.24347	202.4	0	
-121.337	-3.43666	194.687	0	
-96.5283	-2.75732	185.892	0	
-45.4379	-3.08926	195.339	0	
-35.4112	-4.26265	208.164	0	
-26.6152	-4.01136	203.708	0	
13.3105	-2.11186	190.708	0	
-101.225	-3.65737	192.882	0	
-83.0521	-2.47027	185.517	0	
48.5606	-3.57751	217.642	0	
95.7018	-2.47148	198.025	0	
61.3965	-3.52334	215.557	0	
70.4235	-5.04993	212.094	0	
-3.5721	-3.24965	202.518	0	
7.23687	-3.48425	202.777	0	
147.264	-2.80053	205.417	0	
147.82	-3.95508	205.276	0	
35.3046	-2.44939	211.591	0	
34.4686	-2.90529	210.309	0	
126.46	-3.23828	198.538	0	
126.091	-5.80155	201.357	0	
-147.891	-3.11566	194.585	0	
-142.598	-3.38704	194.992	0	
-159.457	-1.33783	132.991	0	
-201.338	-10.2031	95.8059	0	
-153.325	-2.40378	193.475	0	
-152.269	-2.01355	190.373	0	
-155.424	-3.87335	196.345	0	
-155.888	-2.41665	187.405	0	
-53.4378	-3.17928	195.67	0	
-49.3613	-3.722	202.913	0	
-59.5593	-2.58372	191.723	0	
-58.2972	-1.87956	187.552	0	
-57.015	-2.42322	189.571	0	
-57.2664	-2.01678	187.858	0	
-65.7241	-1.5947	187.687	0	
-65.3745	-4.31313	210.597	0	
-71.9097	-3.48325	195.418	0	
-68.4228	-3.24228	195.684	0	
43.2357	-2.44905	212.447	0	
47.0694	-3.88473	218.169	0	
36.0418	-2.38074	212.778	0	
33.2057	-3.70751	205.91	0	
32.4491	-3.66095	204.429	0	
36.776	-2.8986	212.365	0	
24.3403	-3.48325	199.466	0	
27.3495	-3.99597	197.462	0	
118.881	-3.14037	195.823	0	
121.483	-2.01677	197.235	0	
-121.152	-2.23646	194.199	0	
-118.416	-2.99287	191.31	0	
-93.7695	-3.05288	187.136	0	
-93.9091	-5.80155	240.09	0	
-108.544	-2.50699	187.041	0	
-107.282	-2.26923	183.538	0	
-145.563	-2.92371	196.028	0	
-148.173	-3.58065	198.196	0	
-24.4097	-3.48325	197.55	0	
-20.9228	-3.24228	198.519	0	
3.13624	-2.47937	193.62	0	
1.65403	-5.11915	202.675	0	
-13.1524	-2.5803	200.056	0	
-10.7366	-2.66189	198.722	0	
-48.9564	-2.48711	193.296	0	
-46.032	-2.26923	188.56	0	
-51.8742	-3.75705	204.852	0	
-48.131	-2.95159	193.531	0	
-79.9465	-1.87318	183.963	0	
-76.7641	-2.45278	186.722	0	
99.1452	-3.21098	195.1	0	
99.0858	-5.70152	191.84	0	
84.1751	-2.40378	210.109	0	
85.2309	-2.01355	211.375	0	
71.3807	-3.14037	212.23	0	
73.9828	-2.01677	221.41	0	
47.8982	-1.67889	208.809	0	
51.5772	-3.24228	217.457	0	
43.2716	-4.12538	213.826	0	
48.3141	-3.10814	215.933	0	
16.0631	-3.03793	196.754	0	
19.4859	-2.45278	195.452	0	
151.423	-2.85181	210.826	0	
152.731	-2.01355	212.139	0	
111.943	-3.61233	196.829	0	
115.327	-3.24228	196.675	0	
-88.6029	-3.31994	187.191	0	
-84.9195	-3.09737	184.005	0	
8.42437	-3.08182	199.169	0	
11.5618	-3.26369	201.141	0	
104.671	-3.08099	195.622	0	
102.964	-3.12803	193.271	0	
-143.031	-2.98413	198.033	0	
-140.997	-2.50494	200.684	0	
-99.6444	-2.94869	183.245	0	
-96.5747	-2.05299	180.477	0	
-3.05751	-2.48078	203.736	0	
-0.398461	-2.22268	197.838	0	
92.9206	-2.95392	199.138	0	
95.2526	-2.50494	198.533	0	
40.8154	-3.38874	210.18	0	
46.637	-2.40209	213.027	0	
128.189	-3.76789	200.017	0	
132.687	-3.92203	201.318	0	
127.171	-4.81106	200.377	0	
129.016	-3.22877	200.728	0	
-151.982	-3.2455	199.734	0	
-152.231	-4.40508	213.707	0	
-158.412	-2.43032	152.789	0	
-163.551	-19.5313	214.416	0	
-153.541	-3.76896	201.39	0	
-150.788	-3.7064	202.783	0	
-159.937	-6.31969	149.011	0	
-154.615	-3.09021	195.431	0	
-157.06	-10.2055	220.87	0	
-143.445	-3.14675	194.763	0	
-58.5273	-2.72608	192.537	0	
-57.1686	-4.37222	212.592	0	
-62.0666	-2.31979	190.313	0	
-58.3214	-3.11963	197.225	0	
-62.4251	-3.30637	198.265	0	
-55.975	-3.86468	207.794	0	
-64.3831	-3.42074	195.88	0	
-63.6198	-2.92291	190.868	0	
-62.402	-3.6941	200.352	0	
-60.7778	-3.14363	196.464	0	
-72.0145	-4.6316	212.721	0	
-69.1141	-4.79143	218.946	0	
39.3285	-2.46797	212.173	0	
38.9016	-3.73298	211.109	0	
37.6126	-2.54905	212.922	0	
38.0174	-3.17034	210.574	0	
35.2959	-3.93454	207.341	0	
37.6047	-2.90801	212.21	0	
35.8012	-3.91852	208.61	0	
33.5687	-3.93823	203.486	0	
24.2355	-4.6316	200.424	0	
27.8646	-6.48667	207.178	0	
119.175	-4.63158	199.006	0	
114.637	-4.79726	196.955	0	
-121.557	-4.11785	196.312	0	
-125.355	-4.46666	196.735	0	
-91.8107	-3.76789	192.848	0	
-89.6593	-3.04017	185.849	0	
-90.9728	-3.77629	191.789	0	
-86.6812	-3.63269	192.617	0	
-107.478	-3.91146	195.939	0	
-106.81	-2.51996	185.02	0	
-111.003	-3.95173	195.646	0	
-98.6255	-3.0858	186.78	0	
-146.4	-3.9262	198.95	0	
-142.159	-3.20172	197.25	0	
-24.5145	-4.6316	209.486	0	
-29.152	-5.326	234.407	0	
4.80956	-4.10678	204.975	0	
6.70565	-3.13144	197.159	0	
5.28483	-3.87964	201.136	0	
10.1765	-3.05618	196.431	0	
-13.7644	-4.01876	188.653	0	
-10.2344	-2.43144	201.897	0	
-13.6526	-3.31017	191.789	0	
-2.27162	-3.02297	201.628	0	
-51.0094	-3.17383	198.13	0	
-47.2942	-2.49569	192.845	0	
-51.03	-3.63898	204.543	0	
-47.3073	-2.95812	193.118	0	
-79.5132	-4.63174	210.511	0	
-83.9092	-5.46271	232.113	0	
100.628	-3.8163	194.892	0	
113.456	-4.22103	197.05	0	
110.43	-3.8222	196.181	0	
107.298	-3.02935	194.269	0	
83.4832	-4.81182	196.121	0	
85.4788	-2.42138	207.691	0	
81.7792	-3.33602	201.696	0	
94.8713	-3.92379	198.316	0	
71.6754	-4.63158	209.216	0	
66.9005	-5.31383	222.365	0	
45.3883	-3.08855	214.517	0	
49.1136	-2.41546	211.043	0	
45.8024	-4.51755	218.537	0	
49.1755	-3.50731	220.064	0	
18.4199	-5.74009	204.905	0	
11.9178	-5.07106	208.428	0	
109.018	-2.92612	195.941	0	
101.071	-3.03707	193.564	0	
-90.9841	-3.22877	188.918	0	
-94.3535	-3.02339	187.697	0	
4.3749	-3.81332	200.261	0	
2.77745	-4.90912	204.004	0	
106.064	-2.24416	191.961	0	
106.371	-3.04238	194.382	0	
97.1326	-3.98966	197.385	0	
101.538	-3.88796	193.875	0	
-144.278	-3.6756	198.23	0	
-145.562	-4.32925	204.288	0	
-101.677	-3.08288	184.341	0	
-108.08	-3.89876	193.85	0	
-5.81638	-3.91765	195.907	0	
-11.4801	-3.71727	192.134	0	
90.8227	-3.08288	199.532	0	
85.8472	-5.14872	194.494	0	
121.541	-2.85345	197.833	0	
143.843	-3.61494	201.299	0	
124.573	-3.88872	198.386	0	
129.027	-3.77629	200.833	0	
-154.474	-5.70917	214.885	0	
-149.99	-3.96835	204.236	0	
-155.868	-3.88601	189.145	0	
-89.5154	-5.91258	242.533	0	
-157.851	-4.21465	170.629	0	
-156.697	-4.51693	184.431	0	
-155.812	-4.61073	192.959	0	
-151.017	-4.76279	222.001	0	
-87.7771	-3.9079	197.35	0	
-54.6052	-3.61896	203.257	0	
-59.7517	-3.47634	200.198	0	
8.51862	-5.63814	207.449	0	
-65.5928	-3.61131	200.209	0	
-58.4203	-4.01463	208.408	0	
-64.9114	-4.73389	217.658	0	
-60.4769	-5.77591	241.948	0	
9.34127	-5.80287	207.564	0	
93.6709	-5.36828	191.561	0	
31.1495	-3.51782	199.588	0	
32.191	-4.76604	203.24	0	
36.4617	-3.08239	209.701	0	
34.5889	-4.55942	207.592	0	
35.6741	-5.65391	213.735	0	
37.9513	-3.92319	210.38	0	
-101.486	-1.46216	179.349	0	
-99.5079	-4.59961	203.369	0	
-146.021	-4.9734	212.917	0	
-69.7402	-4.92185	209.2	0	
-156.314	-7.10161	208.217	0	
-49.8584	-4.36421	213.761	0	
-148.204	-5.27742	224.148	0	
-147.164	-5.63808	227.726	0	
-3.97291	-5.37103	191.425	0	
-3.76474	-3.79597	199.966	0	
-56.9384	-4.01115	205.904	0	
27.858	-3.77517	197.765	0	
-39.0039	-2.60207	190.675	0	
46.1745	-5.30628	220.275	0	
-54.6743	-4.81045	220.535	0	
-49.8139	-3.95224	209.185	0	
-55.5233	-4.57357	219.972	0	
-48.122	-3.89706	207.816	0	
-53.201	-5.12961	231.569	0	
-47.8083	-5.45443	236.21	0	
91.2746	-3.65737	201.681	0	
105.139	-4.72011	195.235	0	
37.6169	-6.11634	215.568	0	
129.426	-4.15905	200.941	0	
57.221	-3.54588	218.373	0	
111.108	-5.61856	195.739	0	
42.2229	-3.9079	210.77	0	
46.6103	-3.89803	218.384	0	
40.3948	-5.60651	213.892	0	
47.7113	-3.50071	216.677	0	
39.317	-4.06116	210.599	0	
48.1761	-5.40191	224.572	0	
-90.6069	-4.12617	203.56	0	
-89.6636	-4.81648	211.716	0	
5.73603	-4.1862	205.843	0	
7.29185	-5.4299	207.77	0	
102.863	-6.61891	193.038	0	
107.642	-5.71838	194.816	0	
103.482	-3.48167	197.246	0	
104.579	-4.21073	195.24	0	
100.869	-5.84791	193.583	0	
101.995	-4.19195	198.215	0	
-150.823	-5.70833	228.647	0	
-143.148	-4.79818	207.274	0	
76.4012	-3.5412	209.059	0	
143	-8.58064	204.967	0	
127.635	-4.48529	200.499	0	
128.95	-5.68038	203.538	0	
-158.463	-5.097	163.597	0	
-143.532	-3.58419	198.409	0	
-161.143	-2.23723	106.651	0	
-207.299	-15.0218	101.459	0	
-173.343	-46.2401	238.074	0	
-77.8301	-5.74009	244.375	0	
-151.41	-7.49764	257.686	0	
-55.5437	-5.19385	226.626	0	
-60.876	-3.98249	206.897	0	
-57.8648	-5.28102	231.906	0	
-115.966	-3.644	190.84	0	
16.8128	-4.49491	204.028	0	
-19.7163	-3.644	196.345	0	
109.006	-4.7321	197.269	0	
39.2331	-4.89083	212.801	0	
44.5104	-5.46786	217.913	0	
-139.685	-3.70026	194.57	0	
-143.995	-6.00016	228.947	0	
-96.5717	-5.95664	242.114	0	
-97.8168	-4.64004	206.026	0	
-149.192	-6.35823	241.622	0	
-133.868	-3.86902	190.284	0	
-31.4211	-4.10285	203.898	0	
38.8394	-5.45428	213.412	0	
-0.400241	-6.37569	195.42	0	
-1.58517	-4.58493	200.573	0	
-70.3544	-6.40738	246.673	0	
-54.0952	-4.57187	217.47	0	
-52.4014	-4.79453	222.26	0	
-51.4417	-5.03664	222.776	0	
-52.5386	-6.97038	278.138	0	
-49.4325	-5.87879	252.002	0	
-53.9598	-6.97129	271.554	0	
-35.8627	-2.49615	191.864	0	
-49.4354	-4.71666	224.434	0	
-48.4504	-5.31462	237.954	0	
64.604	-2.99416	215.667	0	
110.923	-3.8976	197.111	0	
94.4223	-6.06084	194.76	0	
95.7961	-4.76514	193.577	0	
26.3977	-6.47122	204.226	0	
41.5372	-4.87317	213.465	0	
43.7979	-4.21811	214.571	0	
44.6708	-5.00267	218.013	0	
43.7713	-7.44813	213.924	0	
45.3922	-5.20624	218.77	0	
42.514	-6.74228	215.175	0	
60.0127	-2.93955	211.792	0	
47.3214	-5.06005	222.8	0	
48.1698	-5.94853	224.533	0	
-92.3648	-4.48529	207.501	0	
-88.4115	-6.5807	255.986	0	
5.21193	-4.97546	205.734	0	
5.14563	-5.77083	205.375	0	
107.716	-4.93836	196.179	0	
109.823	-5.4368	197.165	0	
46.0096	-5.85861	221.072	0	
104.024	-5.15058	193.384	0	
101.461	-4.98599	196.62	0	
100.27	-5.52935	191.828	0	
-146.611	-5.52648	224.967	0	
-145.947	-4.52534	208.441	0	
-146.43	-6.68528	250.983	0	
-144.826	-5.32845	219.768	0	
-148.621	-7.74399	269.123	0	
-132.113	-2.59254	193.549	0	
-153.969	-5.83279	221.645	0	
-153.062	-6.84405	243.344	0	
-66.8966	-6.94611	267.019	0	
-49.5455	-7.3389	285.172	0	
29.1245	-6.81751	210.466	0	
58.8072	-7.52672	216.743	0	
-165.569	-3.72058	76.8814	0	
-123.557	-5.1281	212.008	0	
-65.7924	-6.65241	262.846	0	
-35.2521	-9.94128	397.934	0	
-59.1905	-8.57523	310.686	0	
-26.1681	-7.33636	291.667	0	
-34.9553	-5.01574	220.245	0	
-45.3278	-4.12829	206.375	0	
30.5319	-6.64563	208.075	0	
104.206	-7.40257	187.925	0	
36.384	-7.74514	220.542	0	
122.021	-4.47421	198.254	0	
61.998	-5.36667	228.371	0	
50.3416	-4.63882	226.93	0	
-99.8356	-6.18617	227.021	0	
-116.814	-6.32184	225.828	0	
-5.07377	-7.31282	179.019	0	
-21.6141	-4.79143	209.161	0	
101.397	-9.49523	186.576	0	
97.4074	-6.18657	191.805	0	
74.5208	-4.47421	208.224	0	
92.1323	-6.8619	194.011	0	
-142.401	-5.78441	222.768	0	
-141.379	-3.92379	196.504	0	
-153.806	-6.70878	228.377	0	
-121.899	-7.71309	260.276	0	
-136.793	-2.62169	197.721	0	
-128.572	-3.20699	193.596	0	
-37.3372	-3.52385	199.402	0	
-32.4202	-3.03591	194.364	0	
59.1274	-3.45591	217.61	0	
63.9422	-3.07881	212.415	0	
133.718	-5.13776	203.183	0	
130.759	-5.98472	205.085	0	
124.291	-6.30861	201.612	0	
149.494	-15.8729	214.194	0	
-154.187	-7.21154	237.489	0	
-51.1567	-9.41277	352.158	0	
-41.4041	-5.64388	240.215	0	
-43.0002	-5.23392	222.886	0	
55.0593	-5.17777	234.84	0	
52.1157	-3.99191	226.863	0	
-87.1841	-7.88932	315.891	0	
-85.3227	-4.03791	192.519	0	
8.48654	-6.93944	201.43	0	
10.5845	-3.37903	202.616	0	
121.524	-6.27549	200.252	0	
114.007	-4.93297	197.477	0	
-95.9251	-5.66452	234.158	0	
-127.227	-3.54872	195.018	0	
-134.536	-8.08658	270.914	0	
-119.216	-3.37576	192.987	0	
-44.5783	-4.79614	221.738	0	
-22.2402	-4.92185	206.316	0	
-43.449	-6.48757	265.113	0	
-40.3038	-5.6151	244.473	0	
50.9542	-6.71046	225.564	0	
74.0413	-2.85345	212.593	0	
55.436	-8.9591	193.916	0	
55.9437	-5.51844	234.613	0	
-45.9685	-6.95497	273.714	0	
-47.8198	-6.51289	263.769	0	
50.2788	-6.18161	227.359	0	
48.134	-7.30847	213.899	0	
-139.474	-8.99639	317.741	0	
-131.786	-5.16527	195.297	0	
-53.3412	-7.57702	288.553	0	
-46.6138	-8.19336	316.711	0	
42.834	-7.50305	209.321	0	
48.6209	-6.85486	218.318	0	
-164	-0.842706	77.5907	0	
-159.941	-1.73296	127.494	0	
-171.26	-1.12398	66.6988	0	
-162.401	-6.44085	114.146	0	
157.598	-2.23646	230.252	0	
162.26	-1.59528	247.85	0	
160.325	-2.82414	240.407	0	
161.891	-2.99064	243.81	0	
149.241	-4.60662	207.52	0	
159.576	-4.20786	236.577	0	
136.291	-3.96802	199.992	0	
140.51	-5.07205	198.43	0	
-73.558	-3.54881	192.405	0	
-71.0325	-4.20346	207.914	0	
-78.6234	-10.19	417.249	0	
-65.1341	-6.64788	258.1	0	
-76.3182	-3.92403	198.546	0	
-74.7485	-6.01838	241.896	0	
22.692	-3.54881	197.506	0	
25.853	-5.58263	200.782	0	
17.6266	-10.19	192.493	0	
32.2768	-7.28847	217.955	0	
19.9318	-3.92403	200.839	0	
21.5015	-6.01838	201.886	0	
117.181	-3.98586	198.245	0	
120.44	-4.32522	198.406	0	
113.28	-6.38649	197.503	0	
125.437	-6.63718	203.978	0	
110.984	-6.88693	195.195	0	
116.52	-5.992	198.024	0	
-119.699	-4.36498	200.584	0	
-119.665	-5.2218	209.559	0	
-147.235	-8.83964	304.731	0	
-105.662	-5.0576	206.418	0	
-145.606	-8.92364	313.585	0	
-147.074	-8.07881	277.69	0	
-23.5325	-4.20346	207.262	0	
-22.8544	-6.40738	237.816	0	
2.29129	-6.25964	197.609	0	
-8.18888	-6.72102	176.616	0	
-27.2675	-5.14677	230.799	0	
-22.0875	-6.95859	265.484	0	
-81.5935	-3.99853	201.29	0	
-77.0791	-6.37358	249.382	0	
-73.9645	-8.01479	294.041	0	
-76.587	-4.42217	202.093	0	
-82.144	-6.2927	240.731	0	
-81.6074	-8.88851	364.38	0	
72.9398	-4.32522	209.062	0	
74.0235	-6.27549	209.882	0	
101.852	-6.13262	193.861	0	
87.9651	-6.79892	195.595	0	
68.3511	-4.67798	218.477	0	
94.3175	-6.80491	189.007	0	
15.3528	-3.76236	199.944	0	
19.1709	-6.37358	204.994	0	
23.5561	-8.14745	205.691	0	
19.663	-4.42217	202.262	0	
13.7793	-6.34718	205.911	0	
14.4519	-6.58677	205.83	0	
111.227	-4.57792	196.051	0	
112.233	-6.47706	195.986	0	
106.554	-7.42548	189.523	0	
113.79	-7.75532	198.217	0	
-85.9171	-4.35442	204.38	0	
-86.1279	-4.98984	215.545	0	
-86.7215	-6.35339	257.104	0	
-83.8545	-9.37964	372.372	0	
10.2243	-4.36547	207.944	0	
10.3296	-5.17309	207.119	0	
10.5295	-7.29923	202.615	0	
9.36646	-9.47078	188.31	0	
130.921	-7.81328	208.965	0	
134.75	-4.15621	201.979	0	
123.901	-3.5412	197.733	0	
122.65	-5.00772	199.343	0	
-66.6256	-3.78982	202.71	0	
-68.1079	-5.70185	240.508	0	
30.4648	-5.38828	201.495	0	
29.4022	-4.93783	198.653	0	
-95.7779	-3.58734	192.737	0	
-98.2717	-3.81762	193.271	0	
-102.34	-5.96359	233.158	0	
-107.007	-5.82465	219.918	0	
0.340261	-3.49558	200.923	0	
-2.03463	-3.8057	202.121	0	
-6.58913	-5.95733	179.546	0	
-9.05802	-4.43487	188.767	0	
96.5139	-3.66548	196.669	0	
93.44	-4.15199	195.036	0	
88.5202	-6.13046	195.938	0	
103.097	-7.87725	191.012	0	
-62.5075	-7.11321	269.133	0	
33.7801	-8.11106	223.337	0	
-64.7726	-10.3625	362.528	0	
44.1328	-8.962	199.433	0	
-44.3598	-9.39565	355.84	0	
107.942	-9.93962	193.808	0	
41.7685	-8.53429	203.956	0	
127.666	-8.92748	211.789	0	
31.9927	-10.2785	222.326	0	
129.485	-8.16556	208.938	0	
99.6448	-8.79295	186.181	0	
102.627	-7.35169	187.829	0	
-154.479	-8.83589	253.376	0	
-60.7883	-7.11252	276.639	0	
138.977	-5.19981	198.688	0	
153.01	-2.4637	213.122	0	
-138.576	-8.17842	280.104	0	
-137.415	-5.20458	213.798	0	
-128.825	-3.85823	194.594	0	
-129.803	-10.0092	329.423	0	
-32.6294	-3.68676	196.463	0	
-32.4595	-5.02485	223.44	0	
62.4484	-3.14222	213.767	0	
62.7161	-4.4787	223.866	0	
130.59	-11.0567	215.343	0	
152.861	-6.63243	216.787	0	
137.531	-5.18111	199.15	0	
140.295	-6.06825	200.408	0	
-74.1041	-3.99326	205.374	0	
-75.4561	-4.75279	207.34	0	
22.1459	-3.99326	201.533	0	
20.7939	-4.75279	201.416	0	
116.519	-3.63473	195.775	0	
115.835	-4.72379	196.799	0	
-123.483	-3.66655	193.06	0	
-125.068	-3.92403	196.926	0	
-113.02	-10.0888	354.334	0	
-113.591	-5.28127	208.334	0	
-27.2272	-3.68538	198.697	0	
-30.0001	-3.96064	202.894	0	
-15.4978	-8.51529	229.848	0	
-17.3413	-5.28127	194.795	0	
-82.2332	-3.66655	188.144	0	
-82.2725	-5.30176	232.143	0	
69.6727	-3.95241	210.124	0	
66.6091	-4.33909	222.254	0	
76.5945	-6.33418	208.138	0	
79.0056	-5.04648	198.92	0	
13.4626	-3.99247	205.442	0	
12.2628	-4.57759	204.995	0	
103.555	-12.7746	196.334	0	
115.526	-7.8274	200.393	0	
-92.2413	-8.87428	354.049	0	
-91.5103	-7.10938	281.62	0	
2.3617	-7.30031	196.064	0	
5.07971	-9.92633	182.633	0	
131.854	-11.9649	213.119	0	
145.128	-4.90961	201.669	0	
134.108	-5.7198	201.993	0	
135.372	-6.03003	202.137	0	
121.077	-7.29939	204.392	0	
123.993	-10.0847	213.296	0	
-69.5875	-6.95859	282.843	0	
-68.5291	-8.94185	338.287	0	
26.9853	-6.86702	204.666	0	
27.3337	-8.92857	213.968	0	
-62.2898	-9.36314	347.174	0	
-93.1737	-11.8857	472.393	0	
-55.0421	-7.82838	297.125	0	
1.80462	-11.468	175.49	0	
85.0518	-5.91363	192.873	0	
70.0922	-7.41821	220.819	0	
100.943	-6.89982	190.67	0	
101.8	-8.7437	188.787	0	
-120.912	-8.18743	294.465	0	
-122.209	-6.15031	222.122	0	
-127.062	-6.83423	230.086	0	
-125.746	-6.74707	234.744	0	
-46.7574	-12.5353	411.274	0	
-26.2214	-6.49728	260.941	0	
-32.0627	-5.53806	237.755	0	
-29.641	-6.90611	288.516	0	
47.1352	-10.1884	168.794	0	
70.024	-6.54165	215.182	0	
63.4053	-5.07636	223.163	0	
67.0008	-7.54635	210.011	0	
139.56	-6.35517	199.904	0	
144.051	-6.92094	202.971	0	
126.549	-9.20948	210.086	0	
190.866	-1.94105	253.857	0	
-98.7597	-8.09302	296.286	0	
36.0407	-7.08116	218.505	0	
-2.45612	-8.0942	179.925	0	
102.27	-10.5169	188.683	0	
71.1838	-8.39847	215.894	0	
96.2508	-10.2193	191.086	0	
-136.531	-5.50328	206.414	0	
-136.204	-6.52095	234.189	0	
-33.3245	-9.56209	384.393	0	
-31.2066	-7.15848	297.866	0	
64.0099	-8.21283	216.325	0	
98.5169	-9.7684	186.526	0	
81.9208	-8.23587	205.998	0	
154.535	-10.8456	219.566	0	
-77.6832	-7.27759	280.048	0	
31.4645	-8.30815	218.781	0	
8.54294	-9.86926	189.821	0	
111.249	-8.87281	200.096	0	
-125.664	-5.95304	225.595	0	
-123.611	-5.83841	214.847	0	
-30.9492	-5.89886	250.086	0	
-27.2907	-5.90565	245.79	0	
66.0664	-6.49884	231.396	0	
68.2127	-6.26489	216.387	0	
150.338	-4.86707	210.129	0	
152.192	-5.94563	214.631	0	
150.329	-7.58159	212.113	0	
141.751	-8.95495	204.036	0	
-111.654	-8.48338	292.14	0	
-115.303	-10.0063	362.454	0	
-114.853	-4.40316	203.16	0	
-111.152	-4.86311	202.472	0	
-16.244	-7.61224	220.841	0	
-22.2161	-8.20504	291.419	0	
-18.6026	-4.40316	196.578	0	
-14.8189	-4.92625	185.305	0	
80.4876	-8.35648	211.001	0	
77.7232	-9.67067	220.575	0	
78.9507	-3.76574	202.014	0	
80.8612	-3.1475	203.968	0	
-63.3064	-5.76597	233.828	0	
-64.7292	-7.32659	284.409	0	
32.6308	-4.44216	205.228	0	
33.3725	-6.67172	216.342	0	
-210.989	-26.7593	128.341	0	
-157.19	-8.53554	204.784	0	
-43.0263	-3.90859	199.199	0	
-39.7148	-3.41918	194.703	0	
53.6224	-5.14644	233.284	0	
57.5209	-5.11405	231.647	0	
-137.948	-5.886	214.454	0	
-135.942	-3.99503	194.16	0	
132.927	-8.90037	210.862	0	
139.622	-8.86678	203.605	0	
-132.276	-6.70964	224.703	0	
-88.2555	-8.79333	352.729	0	
-29.1875	-8.73836	347.543	0	
9.05558	-8.7058	194.851	0	
64.9726	-6.23462	228.362	0	
51.3112	-10.0358	159.521	0	
86.1138	-11.4702	227.115	0	
207.547	-12.7638	245.95	0	
-59.9305	-10.1621	350.314	0	
-56.5928	-6.58179	257.24	0	
37.6233	-9.49956	216.372	0	
40.1027	-6.91899	215.593	0	
138.197	-6.29679	200.016	0	
137.516	-7.45651	202.509	0	
138.852	-7.42868	201.535	0	
138.804	-8.31938	204.615	0	
134.132	-10.2434	209.02	0	
164.026	-6.0642	245.934	0	
117.813	-11.4077	209.748	0	
95.4079	-15.7074	202.514	0	
-49.1513	-9.17887	338.765	0	
-46.8586	-9.91853	362.816	0	
47.3933	-8.93834	178.765	0	
50.2171	-9.23606	176.764	0	
-176.012	-1.34606	67.5732	0	
-158.745	-7.70098	178.378	0	
-160.564	-10.681	172.286	0	
-187.538	-26.4839	128.247	0	
159.137	-4.97856	233.67	0	
168.643	-0.937744	253.992	0	
-86.1936	-12.1571	480.804	0	
100.031	-10.3807	186.647	0	
18.5668	-7.27759	205.266	0	
3.70173	-11.4561	177.704	0	
-154.116	-10.2349	263.583	0	
-145.846	-10.6815	348.88	0	
-121.489	-14.4624	531.925	0	
-125.411	-8.63796	290.699	0	
111.245	-19.044	208.596	0	
115.646	-9.72142	203.772	0	
-91.7517	-12.069	505.537	0	
-68.3253	-10.2444	358.173	0	
5.4869	-12.9757	170.128	0	
26.7746	-7.6972	208.086	0	
-112.62	-5.48905	214.381	0	
-129.168	-15.7527	535.798	0	
-16.3699	-5.48905	188.86	0	
-24.1604	-8.08891	304.18	0	
-139.402	-15.8029	490.38	0	
-122.683	-12.781	447.934	0	
-41.3169	-14.3068	483.941	0	
-5.7893	-9.6401	182.034	0	
67.2359	-12.5956	128.962	0	
59.8717	-11.097	146.053	0	
115.149	-13.9156	211.239	0	
129.241	-11.3478	213.901	0	
147.998	-8.23023	209.343	0	
153.876	-8.64316	219.702	0	
-123.372	-9.44887	321.463	0	
-101.824	-7.6431	288.628	0	
-18.7068	-12.4607	404.67	0	
-6.10004	-7.11594	182.049	0	
75.1651	-10.3097	218.959	0	
89.6523	-6.12943	191.243	0	
71.1813	-11.1057	201.398	0	
137.22	-12.5081	211.603	0	
-62.3626	-11.6973	404.675	0	
-54.8036	-12.0355	389.234	0	
34.9615	-9.12913	223.133	0	
41.3136	-9.56114	198.234	0	
128.874	-12.4966	218.023	0	
232.549	-14.853	242.333	0	
-178.777	-2.9619	58.5884	0	
-163.063	-3.46943	97.6426	0	
-156.007	-9.96522	239.766	0	
-221.912	-14.5162	114.803	0	
-169.141	-4.00209	74.3162	0	
-167.19	-4.8303	77.7778	0	
165.946	-0.84414	251.522	0	
165.286	-3.61734	250.032	0	
156.525	-8.00664	227.251	0	
133.07	-14.9998	212.086	0	
-53.2641	-10.4235	369.105	0	
-6.66244	-14.4547	229.562	0	
42.9578	-10.4517	175.227	0	
32.0928	-11.2543	222.376	0	
-56.004	-15.1151	435.438	0	
-136.876	-7.84106	271.625	0	
-135.213	-9.6797	321.122	0	
-155.758	-16.5201	316.918	0	
-127.52	-14.6602	513.109	0	
-44.553	-16.2402	475.583	0	
-33.4159	-16.3409	562.123	0	
50.6015	-15.9341	49.8963	0	
67.1799	-14.4656	135.718	0	
129.867	-13.5241	215.645	0	
153.091	-12.1909	221.204	0	
-158.034	-13.8091	246.312	0	
43.6025	-13.1199	128.409	0	
12.3316	-9.31707	193.011	0	
88.5881	-11.1434	202.602	0	
127.134	-11.0184	214.613	0	
118.055	-9.06134	204.868	0	
-166.196	-7.30844	97.6784	0	
-192.539	-4.26558	75.778	0	
-133.934	-10.9602	373.746	0	
-129.782	-8.68727	295.47	0	
-229.361	-38.208	135.622	0	
-128.413	-13.1119	448.378	0	
-132.081	-8.95165	302.053	0	
-133.962	-4.75575	208.763	0	
-166.066	-11.3882	120.164	0	
-106.892	-9.56274	366.604	0	
-130.943	-10.541	366.216	0	
-128.079	-7.30086	252.531	0	
-132.696	-13.3999	446.711	0	
-127.401	-11.568	406.916	0	
-133.122	-16.2387	528.892	0	
-101.969	-9.88818	366.035	0	
-131.132	-11.9717	388.898	0	
-128.544	-17.3008	623.194	0	
-147.422	-16.9844	456.745	0	
-1.74205	-13.6078	199.465	0	
-125.443	-18.0933	624.677	0	
-125.597	-14.7313	520.432	0	
-62.3508	-14.1794	441.477	0	
-83.5572	-10.967	430.643	0	
-124.144	-16.6164	598.223	0	
-121.999	-16.5434	576.318	0	
-91.6409	-16.373	651.08	0	
-69.6628	-11.067	420.434	0	
5.00975	-15.5198	184.457	0	
27.9616	-12.7149	217.272	0	
-109.046	-6.08545	238.217	0	
-118.088	-8.80908	320.794	0	
-12.3912	-6.3106	186.152	0	
-13.3789	-9.7666	216.177	0	
82.1746	-7.17174	200.347	0	
85.8416	-9.64096	203.259	0	
-83.8414	-14.5362	600.972	0	
-76.0754	-10.3214	404.046	0	
12.121	-12.4882	178.215	0	
20.1746	-10.3214	197.664	0	
-95.0224	-13.6985	593.793	0	
-90.994	-9.40255	381.584	0	
2.34745	-12.5548	177.979	0	
5.60953	-11.7919	179.521	0	
-111.95	-9.52635	347.477	0	
-105.591	-8.65159	303.556	0	
-15.0308	-12.1369	296.195	0	
-12.8373	-7.36742	193.153	0	
82.8018	-12.7739	235.812	0	
84.3602	-9.02703	207.957	0	
-56.0963	-12.1463	391.811	0	
-56.8149	-13.6259	419.99	0	
38.3533	-10.7385	200.621	0	
39.3325	-13.8241	150.697	0	
-173.564	-2.47004	70.5685	0	
-167.324	-6.50718	82.6161	0	
157.193	-7.66675	228.518	0	
159.119	-9.60751	233.639	0	
-34.5549	-6.95854	289.885	0	
-41.7481	-10.8241	395.096	0	
60.6095	-6.29234	232.65	0	
54.5152	-10.7747	141.356	0	
94.3381	-12.0722	194.192	0	
138.037	-10.2275	208.442	0	
-110.854	-14.9408	558.936	0	
-119.297	-14.1357	512.262	0	
-107.258	-18.3796	690.958	0	
-90.9091	-14.035	572.724	0	
-64.3015	-11.5861	409.808	0	
-80.8619	-14.7107	585.757	0	
-119.031	-17.1217	623.247	0	
-104.521	-11.2978	444.522	0	
-97.3033	-13.6319	513.372	0	
-122.959	-21.8479	723.762	0	
14.335	-12.7283	180.841	0	
34.3436	-14.9381	185.899	0	
-177.258	-5.78191	74.7429	0	
-169.276	-14.3312	121.419	0	
-169.138	-7.342	84.1093	0	
-168.646	-12.199	110.172	0	
125.545	-12.7866	217.565	0	
136.211	-39.807	187.51	0	
-116.381	-15.3781	590.224	0	
-110.99	-12.4004	470.042	0	
-93.3829	-9.43331	348.687	0	
-93.6138	-16.0889	654.82	0	
2.58278	-9.71952	180.491	0	
4.69972	-17.2264	179.768	0	
-134.8	-14.1439	481.008	0	
49.0327	-13.4722	79.7841	0	
-47.7104	-13.8795	437.352	0	
-32.2919	-12.5347	500.741	0	
-118.449	-25.2873	779.283	0	
65.4332	-12.0221	136.85	0	
-89.2433	-18.71	691.726	0	
-88.6959	-14.349	602.031	0	
7.21075	-17.079	177.312	0	
6.41842	-13.6521	178.896	0	
-156.31	-20.4359	326.667	0	
-52.9458	-26.064	436.724	0	
-87.3706	-17.1144	664.901	0	
-82.1404	-18.8236	668.884	0	
-14.2525	-13.6178	321.519	0	
129.618	-16.3533	214.379	0	
8.63664	-15.1276	170.947	0	
12.3202	-19.4849	183.518	0	
212.655	-11.2497	245.297	0	
180.433	-6.47173	255.674	0	
135.243	-14.7675	214.684	0	
139.786	-12.1326	209.012	0	
-181.714	-1.61583	71.9106	0	
-173.773	-5.29005	64.9813	0	
162.865	-8.17082	242.267	0	
177.304	-1.39371	257.38	0	
-75.8471	-13.2042	507.284	0	
-67.81	-14.1067	480.835	0	
18.9256	-12.2619	190.339	0	
30.7926	-13.6739	210.956	0	
-159.697	-15.5177	233.208	0	
-118.939	-20.9527	714.031	0	
-56.8294	-16.722	442.39	0	
3.02173	-18.0154	200.032	0	
39.3387	-17.2841	110.247	0	
107.226	-12.0515	197.341	0	
140.552	-15.3419	208.485	0	
146.997	-12.6372	211.829	0	
100.444	-14.109	190.865	0	
79.9161	-12.6608	230.058	0	
-104.877	-17.5954	675.71	0	
-99.0883	-17.8006	698.467	0	
-26.1067	-12.3447	486.57	0	
-1.2666	-19.3285	217.619	0	
70.099	-12.4717	155.952	0	
46.5214	-23.4645	20.2421	0	
-160.2	-29.3858	321.548	0	
-68.8837	-22.4837	555.798	0	
-83.4954	-23.5971	722.698	0	
-67.2534	-16.8341	514.043	0	
13.4656	-18.1847	182.708	0	
29.6453	-14.8371	211.134	0	
126.31	-17.4852	217.415	0	
146.642	-19.6454	210.704	0	
143.43	-20.2639	205.098	0	
140.755	-17.8379	209.873	0	
-75.1632	-15.3731	553.175	0	
-64.0701	-15.8725	473.83	0	
24.7082	-14.904	206.152	0	
31.687	-18.7679	160.269	0	
-95.4386	-18.779	720.634	0	
5.2749	-26.4099	246.96	0	
28.0593	-19.8382	182.549	0	
28.9211	-21.3373	147.769	0	
-84.7755	-17.335	644.988	0	
-79.3452	-16.9752	610.377	0	
13.2196	-15.7052	178.948	0	
16.7755	-12.5556	183.764	0	
216.083	-22.1026	242.132	0	
131.742	-20.1332	212.506	0	
-152.633	-15.6837	347.994	0	
-148.914	-16.9028	430.096	0	
-142.796	-17.6929	528.81	0	
-141.927	-10.1719	349.36	0	
-62.9905	-26.6887	505.574	0	
-8.61192	-15.6814	251.064	0	
34.5652	-26.9506	85.1157	0	
116.652	-13.7746	213.898	0	
-129.696	-19.3809	658.376	0	
17.4464	-21.089	193.576	0	
-188.557	-1.93891	77.3498	0	
-196.769	-2.32667	86.5515	0	
171.091	-4.29858	254.544	0	
173.477	-4.56113	255.432	0	
204.386	-2.5486	248.288	0	
131.574	-26.4024	198.157	0	
81.018	-16.3849	226.754	0	
39.2765	-25.4347	45.5007	0	
-76.6291	-17.4086	604.513	0	
-69.7337	-19.2556	564.438	0	
26.0722	-17.6331	195.213	0	
28.6604	-17.9965	182.911	0	
123.867	-24.5229	204.371	0	
125.327	-37.383	181.701	0	
-147.29	-20.3756	504.828	0	
-131.962	-19.9948	649.235	0	
-91.8017	-22.1107	766.875	0	
-76.9992	-21.7175	671.958	0	
-71.1732	-25.5223	620.962	0	
-65.4769	-22.4901	531.847	0	
-171.535	-19.4579	142.226	0	
-64.5794	-30.6463	533.904	0	
-141.811	-21.9458	599.821	0	
-135.769	-24.7319	687.408	0	
-75.3488	-24.9255	643.241	0	
27.1622	-24.0205	153.343	0	
-31.2593	-22.1978	552.335	0	
73.7048	-20.502	107.125	0	
-25.4917	-14.2291	522.93	0	
-15.4846	-15.6086	371.792	0	
74.128	-15.7617	160.223	0	
87.4135	-16.0085	212.774	0	
132.725	-22.411	204.864	0	
117.09	-18.5701	215.636	0	
-102.239	-19.5782	732.968	0	
-96.7521	-24.0396	791.677	0	
-48.1814	-22.4278	443.189	0	
8.0788	-20.8598	191.184	0	
-182.01	-13.1447	83.7201	0	
-185.032	-3.55475	68.1086	0	
-206.623	-2.79194	98.2406	0	
-181.387	-9.32536	78.3646	0	
180.295	-8.1448	254.96	0	
187.127	-1.82284	255.128	0	
169.046	-11.1353	248.933	0	
163.938	-12.8394	239.657	0	
-90.2105	-32.5566	790.524	0	
23.7821	-27.3309	164.857	0	
-7.57303	-17.9258	286.911	0	
91.5399	-19.701	204.044	0	
-81.5931	-26.4342	712.486	0	
-20.1711	-29.2813	469.602	0	
16.4826	-26.9498	201.304	0	
116.298	-28.9042	196.643	0	
-18.1736	-18.6827	467.363	0	
-20.7596	-21.9966	508.505	0	
79.462	-23.396	130.194	0	
65.829	-20.6762	46.0822	0	
34.8889	-31.5108	70.0553	0	
125.808	-19.6625	214.831	0	
-23.7186	-26.0713	511.437	0	
-2.96403	-24.7812	300.387	0	
-134.186	-26.8773	701.747	0	
174.751	-12.2575	251.232	0	
177.696	-10.4821	253.23	0	
-79.6087	-32.2547	708.133	0	
-69.3552	-29.4863	571.516	0	
-144.434	-30.1207	591.587	0	
-151.078	-23.6425	457.991	0	
22.6348	-31.3989	166.497	0	
26.884	-26.1446	147.474	0	
2.74801	-41.0655	339.982	0	
16.6535	-32.45	208.562	0	
181.196	-11.8897	252.887	0	
222.271	-5.37105	243.374	0	
135.732	-26.5045	198.428	0	
-108.897	-27.391	826.596	0	
36.5037	-30.1326	55.3577	0	
-72.3611	-32.1467	640.357	0	
-70.4042	-38.811	611.931	0	
-18.6437	-42.4656	458.838	0	
131.049	-23.9092	205.678	0	
28.133	-32.0157	120.651	0	
26.4961	-34.5504	127.466	0	
-112.98	-25.0486	789.05	0	
-110.434	-24.9537	789.331	0	
109.083	-26.6985	199.39	0	
93.4446	-22.7336	226.333	0	
-218.447	-3.35033	110.298	0	
-172.179	-16.0891	121.028	0	
187.243	-7.79608	253.713	0	
199.535	-10.0724	249.009	0	
51.6025	-14.8229	64.042	0	
67.5762	-23.4961	31.8595	0	
-36.4419	-17.3771	542.945	0	
-22.9649	-22.7152	530.434	0	
-192.319	-8.83173	84.2947	0	
-201.547	-5.11861	85.7066	0	
72.5085	-30.3735	62.1289	0	
133.971	-28.2522	197.559	0	
42.3591	-29.2839	32.292	0	
73.8974	-27.4821	60.4652	0	
-64.0781	-38.2633	564.798	0	
-0.496963	-23.8101	256.19	0	
86.195	-30.9853	147.522	0	
216.428	-17.4346	243.196	0	
-31.6505	-34.4299	460.118	0	
121.619	-33.1969	185.82	0	
-49.5549	-37.2979	467.251	0	
-34.7442	-31.6088	473.54	0	
100.646	-29.0636	185.725	0	
157.63	-54.4541	208.412	0	
121.535	-28.9696	194.595	0	
118.333	-36.2445	182.069	0	
116.432	-24.6213	205.288	0	
110.024	-36.0751	179.935	0	
60.2999	-38.4944	18.0301	0	
120.339	-30.9773	192.195	0	
121.022	-48.7691	172.946	0	
-183.881	-24.5623	120.516	0	
-94.8144	-29.2657	807.346	0	
-107.366	-33.0876	839.827	0	
68.6075	-38.2283	27.1906	0	
50.1692	-76.2185	154.776	0	
7.06519	-31.4465	265.765	0	
-225.327	-7.3709	120.335	0	
-186.386	-13.4562	88.5627	0	
170.701	-33.6319	227.705	0	
165.903	-19.5226	235.976	0	
-196.34	-11.9773	87.0508	0	
-191.73	-18.939	102.663	0	
72.7452	-37.9537	56.1254	0	
203.719	-9.85066	247.577	0	
199.779	-4.78628	250.115	0	
-212.356	-6.14227	105.117	0	
129.06	-46.4575	180.507	0	
134.275	-42.7307	185.611	0	
210.177	-9.34455	245.822	0	
213.225	-5.93532	245.604	0	
-208.009	-41.1578	154.184	0	
-233.788	-22.7296	121.105	0	
86.6767	-46.5787	113.52	0	
202.368	-35.4758	239.093	0	
203.092	-14.6012	246.534	0	
166.875	-14.7914	240.981	0	
143.522	-23.4751	206.973	0	
-53.6115	-23.2452	439.154	0	
-38.3025	-20.6541	521.261	0	
-53.4047	-37.265	460.289	0	
-47.4481	-24.7151	435.71	0	
-50.1031	-46.582	524.148	0	
-39.48	-26.8328	460.496	0	
-43.6454	-30.975	433.971	0	
-41.2744	-43.9197	478.513	0	
40.6398	-20.7267	71.552	0	
58.3174	-20.9488	23.8306	0	
43.6225	-37.0146	22.9363	0	
50.1017	-27.8608	18.3709	0	
49.1165	-46.5829	32.7766	0	
56.3116	-27.1209	8.19642	0	
48.8205	-34.1668	12.4874	0	
52.3944	-40.8228	19.8349	0	
157.978	-30.7984	213.349	0	
141.007	-48.2398	190.731	0	
-163.789	-35.8818	299.493	0	
-77.617	-42.8361	684.01	0	
-12.4205	-29.269	405.408	0	
4.03162	-38.5424	330.555	0	
-126.668	-28.7266	778.277	0	
-119.484	-36.5315	800.302	0	
-120.741	-46.7214	756.47	0	
-102.141	-22.4537	766.848	0	
-126.645	-44.414	737.374	0	
-87.7522	-36.7274	771.813	0	
-232.636	-4.02057	116.56	0	
-213.24	-13.2876	108.872	0	
-86.6896	-46.1656	749.454	0	
121.533	-46.5055	176.596	0	
-44.6697	-34.4555	440.19	0	
-31.7879	-56.5082	500.666	0	
-42.9849	-75.8915	529.521	0	
12.5306	-59.0219	318.982	0	
51.7421	-33.8594	15.7418	0	
101.361	-58.7717	154.984	0	
157.357	-34.7549	216.073	0	
159.127	-25.1176	221.712	0	
149.837	-37.5298	201.305	0	
169.663	-26.8146	234.66	0	
0.339502	-45.6196	376.682	0	
31.5367	-44.0815	98.4808	0	
-103.066	-36.7144	826.639	0	
-99.6041	-24.4854	806.689	0	
-98.1308	-38.5226	810.727	0	
-82.3493	-29.7217	728.322	0	
-160.726	-34.9491	333.52	0	
-104.744	-52.7637	731.591	0	
-92.9636	-31.8144	809.269	0	
-90.5676	-44.0029	763.912	0	
153.632	-21.5698	217.862	0	
158.297	-43.3176	211.172	0	
144.812	-54.2981	196.428	0	
152.499	-48.5115	204.695	0	
-197.733	-74.1705	218.609	0	
-70.6236	-47.2889	631.421	0	
-87.3769	-50.1452	730.899	0	
-87.6425	-39.7751	761.117	0	
161.643	-40.7898	217.196	0	
179.505	-41.8783	229.441	0	
-22.2288	-52.6239	482.237	0	
131.242	-64.1001	189.078	0	
195.613	-29.7072	242.298	0	
180.268	-19.1726	246.204	0	
90.0264	-33.7619	167.31	0	
104.919	-31.2113	189.909	0	
145.841	-50.8679	197.039	0	
128.744	-54.9708	181.228	0	
120.458	-53.5147	176.317	0	
75.3224	-57.5872	88.4367	0	
147.502	-68.0349	204.617	0	
-48.2548	-52.4313	521.486	0	
45.3692	-53.3549	64.3878	0	
62.6016	-67.8252	105.882	0	
116.594	-73.5851	183.22	0	
54.144	-54.2249	50.0957	0	
68.377	-47.3879	44.8434	0	
191.468	-22.2234	246.969	0	
209.271	-27.1257	241.494	0	
171.967	-50.1867	222.624	0	
186.23	-55.5006	227.773	0	
-76.9688	-78.6558	563.061	0	
197.901	-55.0362	233.454	0	
220.431	-26.4886	240.7	0	
-89.2409	-60.7615	686.073	0	
-28.2753	-69.268	508.859	0	
-143.277	-52.0921	516.44	0	
-68.5297	-60.9101	629.271	0	
-132.051	-69.1366	488.939	0	
17.1658	-67.2349	291.204	0	
-35.5044	-59.5551	525.248	0	
-34.3657	-66.4727	522.956	0	
-37.474	-100.975	436.572	0	
11.0872	-76.2118	339.368	0	
-54.8247	-76.5211	547.693	0	
83.6313	-64.1719	128.119	0	
50.3817	-63.6267	89.1226	0	
60.6393	-60.6295	75.8656	0	
48.5815	-90.0587	186.286	0	
102.942	-73.4741	170.032	0	
15.8464	-82.3475	302.118	0	
119.25	-81.8644	195.675	0	
164.857	-67.7875	216.426	0	
-194.105	-43.4614	170.694	0	
9.51106	-41.6719	290.834	0	
-0.0350087	-50.6018	384.259	0	
-14.633	-68.475	479.178	0	
-3.53976	-84.8935	404.721	0	
-105.07	-72.9903	602.552	0	
-27.8455	-83.3232	481.763	0	
-54.1075	-89.0746	501.601	0	
182.855	-88.3959	225.454	0	
-84.2305	-80.8341	569.473	0	
170.887	-130.542	227.574	0	
-23.5826	-91.4898	438.462	0	
210.852	-43.3303	237.342	0	
223.542	-53.8092	234.73	0	
-226.019	-51.9473	170.03	0	
153.961	-77.8078	211.331	0	
84.3337	-105.198	207.895	0	
73.6495	-82.8698	163.629	0	
-187.23	-48.1046	183.716	0	
-66.2369	-99.0751	468.136	0	
-0.573761	-101.492	355.898	0	
138.531	-132.39	226.596	0	
149.809	-103.479	219.961	0	
231.828	-74.4045	232.358	0	
-148.268	-81.7606	368.644	0	
-169.311	-79.6473	280.253	0	
-239.223	-70.0643	206.394	0	
-231.332	-77.5284	189.273	0	
88.0586	-154.501	233.382	0	
188.624	-107.841	227.299	0	
-112.154	-100.855	400.958	0	
139.15	-147.076	227.5	0	
86.7166	-97.6055	202.061	0	
122.868	-99.3426	210.926	0	
85.3805	-121.749	223.589	0	
107.343	-109.089	218.436	0	
-225.435	-103.118	217.563	0	
-179.767	-98.021	252.251	0	
-59.7364	-83.4854	533.495	0	
-24.4529	-107.968	391.635	0	
125.375	-124.816	223.761	0	
78.5373	-116.537	225.419	0	
144.123	-134.843	226.284	0	
55.9481	-122.33	241.865	0	
-54.1838	-112.06	404.544	0	
123.925	-108.265	215.864	0	
113.761	-135.359	228.198	0	
158.188	-136.511	228.414	0	
174.201	-116.396	226.991	0	
100.95	-153.876	231.302	0	
126.137	-132.855	226.639	0	
139.963	-153.769	228.706	0	
79.2868	-137.399	233.606	0	
212.023	-113.437	229.534	0	
167.638	-98.8662	222.456	0	
-85.4173	-89.2201	494.929	0	
-67.1809	-124.243	378.235	0	
-149.389	-124.502	284.861	0	
-45.817	-147.954	341.571	0	
-140.67	-112.075	317.274	0	
-103.381	-139.179	339.048	0	
-228.681	-148.72	233.865	0	
196.992	-135.207	229.051	0	
-228.886	-118.659	223.577	0	
159.402	-153.546	229.036	0	
233.753	-157.451	231.035	0	
-11.3791	-152.233	312.875	0	
50.3932	-133.154	262.435	0	
-167.23	-157.833	255.928	0	
-66.2651	-0.766958	185.877	0	
-66.5593	-0.18999	185.525	0	
-65.9375	-0.215758	184.849	0	
-65.625	-0.83059	185.849	0	
-65.3351	-1.50404	187.103	0	
-65.2665	-1.08364	187.293	0	
-64.0143	-2.01675	189.044	0	
30.625	-0.165467	229.38	0	
-64.1667	-0.239636	185.627	0	
26.3542	-0.409544	204.76	0	
31.0223	-1.43103	217.98	0	
32.3666	-1.81795	210.353	0	
126.25	-0.467065	203.366	0	
127.046	-1.45463	201.255	0	
127.294	-1.88048	200.863	0	
127.123	-0.548463	202.681	0	
127.711	-1.16326	202.816	0	
127.169	-2.41176	199.506	0	
128.036	-2.3182	199.887	0	
128.026	-0.877314	200.37	0	
127.331	-0.246865	199.553	0	
126.571	-2.57717	199.35	0	
127.386	-3.57217	199.622	0	
128.457	-2.45622	201.147	0	
128.867	-1.82718	201.953	0	
128.45	-1.59054	200.162	0	
128.194	-0.198932	200.848	0	
128.555	-2.92935	200.058	0	
129.373	-3.0159	200.739	0	
129.818	-1.73877	202.257	0	
128.44	-1.11538	202.815	0	
128.204	-3.24132	200.208	0	
128.552	-4.00343	200.638	0	
129.849	-3.286	201.186	0	
130.234	-1.43724	203.43	0	
130.219	-0.938523	203.534	0	
129.393	-0.408971	200.757	0	
128.766	-0.914448	198.97	0	
129.91	-0.750278	204.02	0	
127.656	-3.11026	199.433	0	
126.957	-3.72399	199.057	0	
126.849	-4.47683	199.633	0	
127.742	-3.99924	199.855	0	
126.111	-4.53592	198.838	0	
128.108	-6.51705	204.338	0	
126.952	-5.95763	202.941	0	
129.33	-5.10753	202.02	0	
128.531	-4.58651	200.844	0	
129.122	-4.67325	201.812	0	
128.062	-4.83701	201.135	0	
127.2	-5.4102	201.557	0	
129.963	-5.15488	203.161	0	
130.535	-4.0787	201.597	0	
129.891	-3.88163	201.698	0	
130.598	-4.72078	202.85	0	
132.089	-4.7437	203.564	0	
133.647	-3.71333	202.67	0	
130.357	-2.58664	201.521	0	
131.114	-2.4584	203.171	0	
127.457	-6.62516	204.542	0	
127.836	-5.37149	201.909	0	
127.28	-7.40599	207.32	0	
129.727	-6.58393	205.781	0	
126.108	-1.99253	200.096	0	
125.204	-3.39775	197.787	0	
130.129	-5.95034	203.614	0	
131.122	-5.07245	202.453	0	
129.182	-6.36133	204.216	0	
132.262	-6.59019	205.771	0	
128.239	-5.81082	203.215	0	
128.738	-6.95058	205.627	0	
128.78	-7.72687	208	0	
129.987	-7.61188	206.971	0	
127.973	-8.07417	207.869	0	
128.341	-10.5934	215.273	0	
-65.7671	-2.6029	191.324	0	
-66.3033	-1.44518	187.672	0	
-65.8067	-2.94325	192.981	0	
-64.6938	-2.35478	189.357	0	
125.015	-2.76106	198.46	0	
126.042	-0.898582	201.892	0	
-69.375	-0.240555	187.455	0	
-68.125	-0.360901	187.686	0	
-68.4375	-0.180445	187.256	0	
-67.8124	-0.902258	188.628	0	
-67.1825	-0.912873	188.369	0	
-71.875	-0.233607	188.386	0	
-68.4583	-0.914235	187.891	0	
-67.8125	-1.27911	188.01	0	
-66.8669	-0.741951	186.681	0	
-69.198	-1.06781	188.125	0	
-68.1402	-1.83986	188.77	0	
-68.4596	-1.2764	188.102	0	
-67.491	-1.88478	188.663	0	
-66.5776	-0.917831	187.205	0	
-67.4951	-0.365785	190.002	0	
-69.5931	-1.03246	190.018	0	
-69.8179	-1.37074	189.291	0	
-68.8867	-1.36986	188.721	0	
-68.8746	-1.7112	188.616	0	
-67.1852	-2.18692	189.553	0	
-66.7038	-1.79614	188.512	0	
-66.2468	-0.405748	185.802	0	
-69.8958	-0.409544	191.963	0	
-70.2241	-1.3479	189.347	0	
-68.4614	-1.99678	189.087	0	
-68.8774	-2.68138	190.745	0	
-66.5853	-1.25235	187.26	0	
-65.9558	-1.00848	186.782	0	
-66.8651	-1.4621	187.989	0	
-66.332	-1.78465	187.886	0	
-66.0549	-2.02264	188.819	0	
-65.9863	-1.35219	186.761	0	
-66.1156	-2.36091	189.708	0	
-65.4746	-2.12402	188.595	0	
-65.417	-2.46296	190.542	0	
-65.1803	-1.83032	187.886	0	
-65.0173	-2.62929	190.463	0	
-64.7991	-1.89476	187.957	0	
-64.3545	-1.64194	187.144	0	
-64.8498	-0.891758	186.611	0	
-65.031	-3.03911	194.823	0	
-64.0935	-2.93508	195.231	0	
-66.8669	-0.375319	187.451	0	
-67.1826	-0.185329	186.827	0	
-70.9375	-0.215758	188.422	0	
-69.8951	-0.747092	188.926	0	
-70.4669	-1.68444	189.24	0	
-70.2413	-2.07434	189.338	0	
-69.1496	-2.39357	190.595	0	
-68.5006	-2.41015	190.866	0	
-66.8789	-4.34009	207.095	0	
-67.2193	-2.67154	191.977	0	
-66.8101	-2.13108	189.103	0	
-66.2123	-3.06781	195.423	0	
-69.7908	-2.0684	189.822	0	
-69.7585	-2.90411	193.481	0	
-67.5614	-2.90807	192.195	0	
-66.5561	-2.82441	191.962	0	
-66.2675	-3.61224	197.67	0	
-64.8194	-3.42572	197.021	0	
-68.8816	-3.15748	195.078	0	
-68.2155	-2.79189	191.308	0	
-66.7097	-4.88138	224.654	0	
-66.9013	-2.98226	193.982	0	
-66.9156	-3.40324	195.72	0	
-65.9299	-4.42602	211.971	0	
-65.4702	-3.21313	195.353	0	
-65.9846	-3.88586	203.289	0	
-67.3686	-3.43199	198.732	0	
-67.7977	-3.79827	201.559	0	
-66.1689	-4.9069	218.379	0	
-65.2085	-3.83773	202.626	0	
-63.4203	-2.43436	191.854	0	
-64.2542	-2.4406	188.832	0	
-71.3688	-0.973484	188.61	0	
-70.625	-0.384747	189.574	0	
-70.625	-0.816264	188.947	0	
-70.8817	-1.62973	189.11	0	
-71.1093	-2.02292	188.784	0	
-70.2011	-2.80959	190.598	0	
-69.5402	-2.50075	189.495	0	
-69.616	-3.49388	195.597	0	
-68.4147	-3.70816	199.58	0	
-67.5979	-4.31978	209.992	0	
-68.3812	-4.99775	216.074	0	
-65.8601	-5.47644	235.044	0	
-65.158	-5.41632	228.156	0	
-63.9243	-3.93433	208.863	0	
-63.3456	-3.78624	198.183	0	
-63.0003	-2.33745	188.776	0	
-63.4152	-1.61059	188.139	0	
-72.5	-0.399074	187.375	0	
-71.4922	-2.01698	189.079	0	
-70.9521	-1.17139	188.71	0	
-71.6813	-1.42588	188.401	0	
-71.7931	-2.48291	189.393	0	
-71.6087	-2.97869	191.978	0	
-70.659	-3.15212	197.209	0	
-69.9877	-4.03497	205.881	0	
-68.9478	-4.02336	203.606	0	
-69.2023	-3.61269	199.141	0	
-62.7109	-2.64684	192.926	0	
-62.295	-1.92253	188.312	0	
-63.5376	-1.20787	187.179	0	
-64.3545	-1.21343	187.246	0	
-72.6088	-1.84103	188.142	0	
-72.7162	-2.76993	191	0	
-71.6319	-3.98045	202.319	0	
-70.5881	-3.78773	195.386	0	
-62.8417	-3.08132	193.545	0	
-62.0146	-3.03013	194.196	0	
-61.5367	-1.77893	187.891	0	
-63.5121	-0.271372	186.029	0	
-63.1174	-0.958328	186.85	0	
-63.9288	-0.511008	187.133	0	
-63.3307	-3.26047	198.744	0	
-62.8336	-3.99481	207.855	0	
-61.6054	-3.10784	196.075	0	
-61.3699	-2.71297	192.386	0	
-60.5456	-0.901365	186.108	0	
-62.324	-0.401136	185.431	0	
-62.7064	-1.19464	187.952	0	
-62.187	-1.12704	186.711	0	
-62.6561	-4.628	213.846	0	
-61.9083	-3.91474	205.734	0	
-61.522	-3.60471	199.597	0	
-61.0671	-3.62878	200.524	0	
-60.7489	-2.3376	191.099	0	
-61.1201	-1.54229	187.584	0	
-61.4701	-0.725378	185.388	0	
-62.7303	-0.25544	186.781	0	
-61.8854	-0.145695	185.571	0	
-63.3119	-5.01839	227.429	0	
-60.5232	-4.98224	223.679	0	
-62.0972	-4.58738	214.012	0	
-61.683	-5.03196	226.019	0	
-60.3485	-3.90468	206.327	0	
-60.1301	-3.5004	200.057	0	
-60.3494	-2.60138	191.698	0	
-59.9169	-1.84656	189.142	0	
-60.1218	-4.49046	214.51	0	
-59.4424	-3.89446	205.574	0	
-59.5593	-3.05728	196.088	0	
-59.9328	-2.35287	190.035	0	
-59.0507	-1.80986	187.858	0	
-60.9375	-0.215758	184.654	0	
-61.0774	-4.6325	216.645	0	
-58.0206	-4.8459	218.127	0	
-59.5941	-4.50431	213.401	0	
-59.1273	-5.03066	228.434	0	
-59.1492	-3.08212	196.119	0	
-58.9299	-2.71436	192.789	0	
-58.0213	-0.913092	184.241	0	
-59.8256	-0.401756	187.455	0	
-60.2073	-1.18992	187.37	0	
-59.6857	-1.12616	187.787	0	
-59.0523	-3.60593	201.087	0	
-58.6271	-3.63171	199.998	0	
-58.2972	-2.36471	190.341	0	
-58.6341	-1.57322	186.725	0	
-61.3645	-0.361454	183.742	0	
-60.2331	-0.254091	184.744	0	
-61.0431	-1.0112	186.042	0	
-58.9668	-0.731176	185.036	0	
-59.3842	-0.147665	185.81	0	
-57.8913	-3.88458	204.565	0	
-57.6703	-3.52415	200.683	0	
-57.8767	-2.40797	189.854	0	
-57.6579	-2.02272	188.206	0	
-57.6691	-4.29424	213.134	0	
-56.9709	-3.2119	196.607	0	
-57.8936	-3.14212	195.33	0	
-57.2088	-2.81303	193.046	0	
-56.486	-1.75563	186.032	0	
-58.4375	-0.215758	183.044	0	
-58.557	-4.69749	217.854	0	
-56.9607	-4.84413	220.613	0	
-57.2178	-3.57274	200.503	0	
-57.679	-2.79184	193.159	0	
-55.6275	-0.734698	182.759	0	
-56.7947	-0.340452	187.291	0	
-57.6983	-1.22874	186.013	0	
-57.2014	-1.13768	185.931	0	
-59.1699	-5.88487	239.82	0	
-57.3054	-5.20128	229.731	0	
-56.4933	-4.96045	228.078	0	
-55.9796	-4.47336	210.372	0	
-56.4911	-3.23874	197.655	0	
-56.2267	-2.76968	191.425	0	
-58.8634	-0.363424	183.383	0	
-57.7088	-0.265817	182.454	0	
-58.5409	-1.01503	185.104	0	
-58.5906	-6.32668	261.259	0	
-56.0493	-6.86661	272.016	0	
-56.459	-3.79726	202.05	0	
-55.7442	-2.80208	193.274	0	
-55.4152	-2.37973	189.189	0	
-56.0693	-1.45411	184.536	0	
-54.9936	-4.30816	211.926	0	
-55.5246	-3.33857	196.408	0	
-66.1134	-6.0475	246.719	0	
-64.753	-5.98284	247.545	0	
-70.974	-4.9794	215.261	0	
-68.6158	-6.57544	252.186	0	
-61.7925	-5.83748	236.094	0	
-61.1407	-6.23168	255.034	0	
-56.3348	-5.52897	233.418	0	
-55.8414	-5.66216	244.102	0	
-57.1677	-5.68044	239.256	0	
-58.0847	-5.89724	241.855	0	
-55.6276	-6.30984	253.595	0	
-54.7423	-5.82011	248.053	0	
-58.4978	-7.24865	274.766	0	
-56.6645	-5.89181	247.742	0	
-54.7936	-2.54008	191.027	0	
-54.6875	-1.04635	184.839	0	
-54.9775	-5.28618	231.174	0	
-54.0125	-3.69344	201.785	0	
-57.588	-6.10321	250.218	0	
-57.2427	-6.71027	261.951	0	
-54.8803	-3.16115	195.411	0	
-52.8367	-3.45104	197.287	0	
-55.0947	-6.37546	258.955	0	
-53.0866	-6.01994	246.72	0	
-57.6466	-7.42627	291.599	0	
-54.5612	-8.66572	316.76	0	
-67.6921	-7.22313	289.679	0	
-67.1555	-5.56518	229.161	0	
-73.5813	-1.48446	187.505	0	
-73.2783	-2.4635	187.291	0	
-74.6759	-1.29981	188.379	0	
-73.6902	-2.78938	191.977	0	
-74.7411	-3.66115	191.935	0	
-72.5109	-3.35784	192.977	0	
-73.3015	-5.09406	228.312	0	
-72.9408	-3.81086	202.891	0	
-72.7222	-4.58741	205.293	0	
-71.6598	-5.24221	223.422	0	
-72.9342	-6.05299	232.506	0	
-72.0001	-6.15695	244.468	0	
-71.3866	-6.85097	271.328	0	
-70.2821	-5.45056	240.531	0	
-66.8679	-6.16176	252.71	0	
-66.1477	-7.24679	275.898	0	
-63.9872	-6.16115	256.135	0	
-64.0681	-4.5333	210.483	0	
-59.1528	-7.7519	297.91	0	
-57.3962	-8.50451	302.264	0	
-54.7001	-7.06411	275.255	0	
-54.0148	-6.16465	257.111	0	
-65.7042	-8.10983	307.766	0	
-64.944	-8.19416	301.492	0	
-55.8585	-7.6965	290.867	0	
-51.8827	-7.59256	298.684	0	
-66.2377	-8.93247	330.432	0	
-65.931	-10.1178	363.831	0	
-64.3191	-9.26151	341.704	0	
-63.3123	-7.59629	301.916	0	
-158.125	-0.165467	157.843	0	
-158.609	-0.463959	157.397	0	
-157.942	-1.63177	161.399	0	
-156.494	-2.01702	179.466	0	
-159.234	-0.298492	137.298	0	
-158.868	-1.64074	144.701	0	
-160.431	-0.37118	107.996	0	
-160.566	-1.56128	112.988	0	
-162.342	-2.38632	92.4135	0	
-160.848	-0.867656	106.222	0	
-160.662	-2.79339	119.289	0	
-164.274	-4.37449	90.9752	0	
-160.509	-3.56034	125.136	0	
-158.984	-4.118	153.604	0	
-159.862	-2.41441	123.045	0	
77.5114	-0.734618	239.14	0	
79.4053	-1.27135	229.022	0	
79.9001	-1.98015	217.386	0	
79.6231	-0.548463	239.697	0	
80.2112	-1.16326	223.808	0	
79.7672	-2.5504	210.785	0	
80.1859	-3.23237	204.809	0	
80.5257	-0.877314	235.217	0	
79.8314	-0.246865	247.48	0	
81.2101	-0.748879	236.674	0	
80.6943	-0.198932	231.9	0	
79.0658	-2.62153	210.531	0	
79.7769	-3.83776	200.038	0	
78.0307	-1.72267	221.58	0	
77.8906	-3.24358	205.801	0	
79.8057	-4.6993	199.103	0	
82.0434	-3.70758	199.899	0	
-155.216	-1.25722	190.311	0	
-154.155	-1.54021	190.625	0	
55.3798	-0.549836	197.619	0	
-154.167	-0.301598	184.884	0	
56.033	-1.03873	199.336	0	
54.0625	-0.215758	193.795	0	
55.869	-0.553858	199.607	0	
54.7901	-1.16738	199.203	0	
53.4407	-0.18999	197.961	0	
54.7548	-0.248238	186.999	0	
53.7349	-0.766958	197.219	0	
53.4149	-1.2602	199.324	0	
55.616	-1.64065	201.513	0	
54.1326	-3.13554	217.676	0	
55.069	-1.99842	203.932	0	
-153.75	-0.467065	183.436	0	
-152.849	-0.895475	187.003	0	
-152.631	-1.26208	185.539	0	
-151.354	-1.26665	184.72	0	
-152.886	-1.63768	189.371	0	
-152.214	-1.49872	187.535	0	
-153.301	-1.67606	189.261	0	
-152.884	-2.40408	193.874	0	
-153.738	-1.30357	188.313	0	
-153.959	-2.05163	191.436	0	
-152.689	-2.8195	195.055	0	
-152.222	-2.84274	195.437	0	
-154.202	-2.38612	193.684	0	
-153.983	-2.76777	195.029	0	
-153.107	-3.05599	198.737	0	
-152.447	-3.724	203.98	0	
-151.496	-3.23856	196.729	0	
-151.235	-2.77519	194.073	0	
-154.623	-2.33859	192.438	0	
-154.839	-2.71399	193.6	0	
-153.96	-3.49229	199.813	0	
-153.105	-3.55771	201.046	0	
-151.244	-3.69428	206.173	0	
-150.749	-2.80555	193.78	0	
-150.423	-2.38308	188.681	0	
-151.153	-1.7875	186.085	0	
-154.794	-1.95984	191.53	0	
-155.246	-1.96577	190.227	0	
-155.442	-3.126	192.209	0	
-155.224	-3.502	193.175	0	
-154.79	-3.47794	197.784	0	
-153.536	-5.11861	217.33	0	
-151.515	-4.3823	206.992	0	
-150.553	-3.28105	197.805	0	
-154.57	-1.49594	190.704	0	
-154.799	-1.1273	191.803	0	
-155.884	-1.62857	186.197	0	
-156.112	-2.02295	184.229	0	
-155.87	-2.90835	186.365	0	
-156.285	-3.61283	185.31	0	
-154.205	-4.58102	206.086	0	
-154.378	-3.73515	199.575	0	
-154.545	-4.19926	204.734	0	
-155.157	-4.31339	198.076	0	
-150.531	-4.2204	205.122	0	
-149.37	-4.09814	205.216	0	
-154.813	-0.601122	190.304	0	
-155.66	-0.18246	184.21	0	
-155.473	-0.913501	188.451	0	
-155.264	-0.481984	192.714	0	
-155.954	-0.86813	184.897	0	
-157.006	-1.34762	173.29	0	
-156.725	-2.39899	177.02	0	
-156.287	-3.1334	184.119	0	
-156.718	-3.82039	180.826	0	
-156.5	-4.21646	184.701	0	
-156.05	-4.25802	190.219	0	
-155.171	-5.16604	204.636	0	
-148.532	-2.42256	190.475	0	
-149.502	-1.83923	187.459	0	
-156.7	-1.0756	178.152	0	
-156.142	-1.20863	183.724	0	
-157.145	-2.32535	172.403	0	
-157.63	-3.03838	165.282	0	
-157.208	-3.73185	175.79	0	
-157.43	-4.10307	172.276	0	
-157.213	-3.26344	172.489	0	
-158.576	-2.92874	148.685	0	
-157.905	-5.09899	169.445	0	
-157.136	-4.49208	178.619	0	
-159.103	-4.68531	144.713	0	
-157.537	-5.71562	178.059	0	
-157.768	-6.23776	178.637	0	
-157.112	-5.71121	183.388	0	
-158.788	-9.58671	193.525	0	
-157.032	-5.21545	183.331	0	
-156.702	-6.08497	194.809	0	
-155.621	-5.67579	203.222	0	
-156.622	-5.01143	187.166	0	
-155.362	-4.67877	200.643	0	
-156.186	-5.06367	194.919	0	
-156.187	-5.64146	196.386	0	
-157.29	-1.94658	170.74	0	
-157.758	-1.95252	165.163	0	
-156.7	-6.79347	194.151	0	
-155.539	-6.20649	208.047	0	
-154.937	-6.22348	215.652	0	
-154.626	-5.18243	211.216	0	
-156.865	-1.71728	175.67	0	
-157.616	-1.25617	167.359	0	
-158.451	-1.4041	151.02	0	
-158.829	-2.18182	144.464	0	
-159.339	-2.56036	139.849	0	
-158.261	-3.87422	152.803	0	
-159.136	-3.06471	143.223	0	
-159.507	-3.6857	134.574	0	
-151.912	-1.19851	185.961	0	
-151.912	-0.530357	185.197	0	
-151.042	-0.781812	183.857	0	
-149.567	-2.86144	190.927	0	
-149.801	-1.46095	188.095	0	
-157.341	-6.94184	192.845	0	
-155.847	-6.71401	212.209	0	
-155.483	-7.71965	223.818	0	
-154.813	-6.84985	221.377	0	
-149.799	-2.37797	191.308	0	
-148.94	-2.89798	193.402	0	
-156.361	-8.42171	216.771	0	
-156.171	-7.76744	218.046	0	
-152.925	-8.51082	268.178	0	
-152.518	-6.06423	231.24	0	
-148.748	-3.50836	198.585	0	
-147.983	-4.15245	207.541	0	
-155.814	-9.08097	232.76	0	
-153.932	-8.15072	243.217	0	
-155.331	-7.12698	218.26	0	
-155.192	-8.54554	233.024	0	
-159.984	-5.23845	140.579	0	
-158.433	-5.87601	166.884	0	
-146.976	-3.77167	200.983	0	
-147.388	-3.02553	194.872	0	
-157.696	-9.43505	208.95	0	
-155.023	-10.8288	266.697	0	
-160.867	-4.54577	118.896	0	
-160.845	-8.58062	157.753	0	
-151.25	-0.415181	176.824	0	
-150.622	-0.368067	181.983	0	
-150.938	-0.183316	180.036	0	
-150.305	-0.920708	186.511	0	
-149.257	-0.882092	189.8	0	
-150.218	-1.39607	185.277	0	
-149.257	-0.450576	192.924	0	
-148.944	-0.272934	190.903	0	
-149.997	-0.362392	188.736	0	
-148.736	-1.37261	188.789	0	
-147.682	-1.64074	191.629	0	
-149.683	-0.978483	188.621	0	
-147.359	-0.463959	217.021	0	
-146.599	-0.895475	202.848	0	
-147.984	-0.298492	179.61	0	
-148.178	-1.23958	188.077	0	
-146.447	-1.42875	198.148	0	
-145.151	-1.62864	194.901	0	
36.3144	-0.49818	235.155	0	
37.0464	-1.45463	222.286	0	
37.2935	-1.88048	218.38	0	
37.1231	-0.548463	225.335	0	
37.7112	-1.16326	223.92	0	
37.1959	-2.30054	215.622	0	
38.0357	-2.3182	216.234	0	
38.0257	-0.877314	230.409	0	
37.3314	-0.246865	227.563	0	
36.776	-2.42504	213.259	0	
37.1881	-3.13307	210.236	0	
38.4572	-2.45622	213.2	0	
38.8672	-1.82718	217.671	0	
38.4505	-1.59054	222.814	0	
38.1943	-0.198932	235.661	0	
36.4585	-2.13223	218.209	0	
36.045	-2.85733	212.023	0	
37.2855	-3.56566	210.352	0	
37.772	-3.59122	210.056	0	
38.4468	-2.9494	212.419	0	
39.3729	-3.0159	212.072	0	
39.8176	-1.73877	216.173	0	
38.4395	-1.11538	225.023	0	
36.6313	-1.58189	221.082	0	
35.7254	-1.71774	219.449	0	
35.73	-3.17117	209.009	0	
35.9774	-3.59235	208.85	0	
36.4652	-3.56828	209.822	0	
36.0973	-4.45424	208.969	0	
38.4425	-3.93528	209.877	0	
38.9078	-3.24882	209.194	0	
39.849	-3.286	209.545	0	
40.2343	-1.43724	221.865	0	
40.2193	-0.938523	222.162	0	
39.3926	-0.408971	228.643	0	
35.311	-1.59704	221.422	0	
34.888	-2.20088	215.682	0	
35.306	-2.94108	211.025	0	
34.8793	-3.66136	208.402	0	
37.0198	-4.81352	210.69	0	
36.877	-3.81709	208.96	0	
37.6301	-4.53041	210.851	0	
36.6853	-4.37688	209.866	0	
38.5643	-4.39279	211.093	0	
39.0477	-4.46985	210.763	0	
38.766	-0.914448	230.041	0	
39.9104	-0.750278	228.752	0	
35.2101	-1.17214	223.282	0	
34.8325	-0.404592	226.843	0	
34.4686	-2.43173	209.733	0	
34.8893	-3.16614	206.725	0	
34.0598	-3.13428	205.688	0	
34.3989	-3.90375	205.868	0	
35.6233	-4.91378	209.332	0	
36.917	-5.75893	214.243	0	
38.0672	-4.81765	211.449	0	
38.1568	-5.45816	214.125	0	
39.7349	-4.94525	212.241	0	
40.0587	-4.58486	211.961	0	
35.516	-0.877291	230.366	0	
34.4435	-1.02817	221.987	0	
34.7994	-0.896025	226.371	0	
33.9274	-0.738792	226.795	0	
34.0471	-2.2913	213.701	0	
33.6432	-2.90922	209.159	0	
32.8567	-5.40237	208.49	0	
33.0202	-4.85783	204.74	0	
35.0503	-6.15975	214.136	0	
35.1404	-4.56614	208.15	0	
36.1061	-0.929696	228.318	0	
35.6894	-0.196581	236.495	0	
34.3809	-0.155399	223.204	0	
33.8317	-0.357453	223.382	0	
34.0098	-1.76771	213.857	0	
33.1977	-1.82382	212.345	0	
33.2206	-3.18175	203.887	0	
34.0002	-3.63752	206.936	0	
32.7832	-1.58131	215.277	0	
32.3593	-2.21746	209.239	0	
32.7759	-2.46597	206.244	0	
32.4585	-3.17142	202.765	0	
32.7123	-1.15102	216.968	0	
31.9001	-1.44235	214.545	0	
31.8466	-2.51986	204.222	0	
32.7861	-2.96934	206.84	0	
31.8747	-4.46033	203.824	0	
32.7619	-3.98464	202.323	0	
33.0385	-0.877365	224.944	0	
32.0388	-5.96282	211.272	0	
30.581	-1.76428	209.547	0	
30.7306	-3.0801	204.147	0	
31.9357	-2.97044	204.664	0	
32.0018	-3.81276	201.801	0	
30.0876	-4.86709	203.397	0	
32.2797	-5.38826	205.608	0	
33.5048	-1.01491	219.593	0	
33.2008	-0.202054	234.195	0	
31.5255	-0.298492	214.842	0	
32.1545	-1.01799	213.436	0	
33.5142	-4.63102	206.769	0	
32.4848	-6.67392	211.27	0	
34.2884	-5.78514	211.94	0	
33.5034	-5.97472	210.54	0	
34.1357	-4.98598	207.378	0	
39.8263	-4.12174	210.167	0	
40.6177	-3.82869	210.244	0	
41.3437	-4.36262	211.141	0	
41.6949	-3.83282	211.237	0	
40.3568	-2.58664	210.901	0	
41.4178	-2.34912	212.834	0	
37.7272	-7.62793	219.834	0	
39.2824	-6.63675	217.657	0	
39.9259	-5.50168	214.103	0	
40.532	-4.68598	211.48	0	
39.324	-5.88138	215.203	0	
40.677	-5.15121	213.671	0	
40.8482	-4.28969	211.651	0	
40.0691	-3.76186	210.755	0	
40.8373	-6.49576	215.805	0	
41.3522	-5.77164	215.066	0	
41.1867	-5.26547	213.394	0	
42.0863	-4.95786	213.456	0	
43.0832	-3.53902	211.231	0	
42.5911	-1.90249	214.273	0	
40.8254	-6.03005	214.497	0	
42.4209	-4.52238	213.37	0	
41.4659	-6.92123	214.298	0	
41.986	-6.59668	215.545	0	
41.8841	-5.9128	214.884	0	
42.8339	-5.61444	215.785	0	
41.2876	-7.69695	213.57	0	
42.5747	-8.43321	207.518	0	
42.9783	-6.18151	215.774	0	
42.2677	-5.49132	215.291	0	
42.9468	-4.58238	213.815	0	
43.1783	-5.14097	215.593	0	
43.6683	-6.15072	216.99	0	
44.0109	-5.63131	216.435	0	
44.257	-3.96612	214.891	0	
44.1147	-2.41487	214.428	0	
43.9601	-4.72278	216.047	0	
43.6653	-5.18863	216.337	0	
45.3075	-5.93792	217.183	0	
45.1734	-4.87385	218.723	0	
45.0487	-6.50735	217.647	0	
45.6338	-7.10463	212.243	0	
45.0169	-5.59194	219.215	0	
46.5124	-6.18551	217.4	0	
47.1063	-5.9721	223.029	0	
46.4488	-4.27903	218.635	0	
47.6252	-6.2325	219.995	0	
47.7363	-4.46864	221.872	0	
47.6641	-7.01053	217.944	0	
48.6957	-6.27295	222.473	0	
29.9956	-3.72476	201.695	0	
30.3465	-4.25743	198.155	0	
31.1491	-6.63959	212.733	0	
32.6806	-8.0694	219.526	0	
38.2578	-6.86782	217.77	0	
40.1821	-9.65426	201.966	0	
46.3955	-6.8621	217.743	0	
48.315	-8.00153	199.599	0	
49.7208	-6.40614	223.401	0	
48.8456	-5.06586	226.955	0	
29.373	-3.77334	197.336	0	
29.0384	-4.37675	200.971	0	
48.1391	-8.69574	197.175	0	
48.9328	-7.86091	208.832	0	
50.53	-5.60095	229.832	0	
49.3899	-5.38246	227.417	0	
31.3469	-4.69548	200.513	0	
30.9586	-4.14124	202.683	0	
29.1048	-2.5166	203.38	0	
28.3761	-4.35315	197.379	0	
27.8984	-5.0435	201.504	0	
29.5427	-6.08188	203.74	0	
48.7995	-9.36798	168.497	0	
49.6374	-6.99238	218.824	0	
49.0881	-7.21108	212.607	0	
50.1534	-7.3983	212.083	0	
30.1894	-6.00395	208.356	0	
31.4537	-5.9425	206.052	0	
28.1098	-1.83986	204.094	0	
27.4106	-2.64302	199.696	0	
47.9801	-11.0758	135.955	0	
51.6288	-10.9541	141.165	0	
50.0514	-8.04655	202.538	0	
49.3801	-8.29046	194.078	0	
52.9218	-8.1643	200.703	0	
52.6085	-6.37473	227.165	0	
29.1327	-5.53695	204.446	0	
30.1649	-7.28506	213.835	0	
51.2073	-8.07446	200.516	0	
50.9122	-7.34091	215.505	0	
28.2912	-5.66623	200.366	0	
28.2879	-7.09302	206.215	0	
30.1592	-8.42344	218.72	0	
31.5262	-7.27446	213.394	0	
49.4227	-9.10332	187.953	0	
50.5596	-8.51613	197.755	0	
27.0475	-4.46773	199.545	0	
25.9184	-5.03961	200.221	0	
-145.474	-0.286396	195.234	0	
-144.099	-0.895475	203.082	0	
-145.615	-1.25304	197.99	0	
-144.641	-0.88338	203.983	0	
-143.936	-1.44648	205.838	0	
-142.638	-1.86013	201.45	0	
26.6667	-0.240555	198.841	0	
28.125	-0.360901	217.07	0	
27.8125	-0.180445	214.327	0	
28.4376	-0.902258	212.124	0	
29.3826	-0.734678	207.597	0	
24.375	-0.233607	181.958	0	
27.7917	-0.914235	209.651	0	
28.4375	-1.27911	207.89	0	
29.3826	-0.368047	211.809	0	
27.052	-1.06781	205.865	0	
28.4181	-2.05376	203.836	0	
27.7904	-1.2764	205.338	0	
28.759	-1.88478	205.059	0	
29.6951	-0.187647	203.171	0	
28.75	-0.360855	213.821	0	
26.6569	-1.03246	201.567	0	
26.4321	-1.37074	203.019	0	
27.3633	-1.36986	202.93	0	
27.7886	-1.99678	202.397	0	
28.7146	-2.65309	200.899	0	
29.1251	-2.12843	204.424	0	
29.6989	-0.928997	215.575	0	
30.1118	-0.353115	225.434	0	
26.0259	-1.3479	202.22	0	
27.3754	-1.7112	203.155	0	
28.0639	-2.68473	200.634	0	
29.9821	-2.32426	203.481	0	
29.838	-1.37309	210.709	0	
29.5362	-1.56932	209.159	0	
30.4205	-0.971702	220.725	0	
28.7501	-0.721768	209.97	0	
29.0625	-0.907943	211.752	0	
25.3125	-0.215758	210.515	0	
26.3549	-0.747092	202.352	0	
25.7831	-1.68444	202.244	0	
26.0087	-2.07434	199.912	0	
27.1211	-2.30385	200.786	0	
27.7667	-2.4615	200.509	0	
28.1105	-3.0842	199.078	0	
29.1536	-3.287	201.231	0	
29.8355	-2.75975	204.233	0	
30.4669	-2.22431	208.678	0	
26.4592	-2.0684	201.13	0	
26.2678	-4.02219	198.732	0	
27.8671	-3.36064	199.109	0	
28.2224	-3.82192	199.935	0	
28.5443	-3.036	200.775	0	
29.4228	-2.82732	199.988	0	
27.4644	-3.14269	198.235	0	
26.4213	-4.59815	197.502	0	
27.1158	-3.49558	198.332	0	
26.5283	-2.85257	199.428	0	
24.8812	-0.973484	198.227	0	
25.625	-0.384747	207.659	0	
25.625	-0.816264	205.156	0	
25.3683	-1.62973	200.338	0	
25.1407	-2.02292	200.482	0	
26.065	-2.84777	198.416	0	
26.7306	-2.41103	199.605	0	
30.1888	-3.17085	199.064	0	
30.862	-2.56906	202.316	0	
31.3928	-2.34566	209.401	0	
31.4389	-1.66767	208.92	0	
22.5072	-0.731718	189.102	0	
24.7578	-2.01698	198.139	0	
25.2979	-1.17139	203.424	0	
24.379	-1.27478	198.977	0	
24.4569	-2.48291	198.782	0	
24.6413	-2.97869	197.261	0	
25.6071	-3.1903	198.611	0	
26.6602	-3.39138	197.359	0	
23.8682	-1.92657	198.225	0	
23.5338	-2.76993	198.833	0	
24.6181	-3.98045	197.693	0	
25.678	-3.82592	197.161	0	
25.2175	-4.20346	199.022	0	
27.0833	-0.240555	188.003	0	
27.2466	-5.05851	198.107	0	
25.0889	-6.6683	203.693	0	
26.5551	-5.73195	201.23	0	
22.6687	-1.48446	194.5	0	
22.9717	-2.4635	196.181	0	
21.5741	-1.29981	188.2	0	
22.5598	-2.78938	198.685	0	
21.5089	-3.66115	198.45	0	
23.7391	-3.35784	197.067	0	
22.9485	-5.09406	202.566	0	
23.3092	-3.81086	200.559	0	
23.5278	-4.58741	198.158	0	
25.3043	-4.84119	199.334	0	
23.3158	-6.05299	200.744	0	
25.1182	-5.99811	201.618	0	
24.6186	-5.104	199.074	0	
24.4969	-6.97499	203.598	0	
24.4978	-5.71791	201.38	0	
24.0568	-6.31821	203.264	0	
25.0735	-8.50067	207.946	0	
26.0067	-7.67797	207.331	0	
-140	-0.36376	215.886	0	
-139.372	-0.368067	219.922	0	
-139.688	-0.183316	223.202	0	
-139.055	-0.920708	217.198	0	
-138.674	-0.736598	219.959	0	
-140.938	-0.180456	223.663	0	
-140.625	-0.360901	218.688	0	
-140.315	-1.28335	213.898	0	
-139.688	-0.913707	215.598	0	
-139.69	-1.27666	212.84	0	
-138.364	-0.983364	215.093	0	
-141.283	-0.380108	222.413	0	
-140.312	-0.180445	220.446	0	
-141.286	-0.742721	224.16	0	
-140.941	-0.903958	217.177	0	
-139.593	-1.97917	204.707	0	
-139.382	-2.50014	198.633	0	
-138.646	-2.10871	202.83	0	
-137.938	-0.886972	221.039	0	
-138.16	-0.182522	219.914	0	
-141.804	-0.199652	239.587	0	
-142.189	-0.450451	212.252	0	
-141.57	-2.06779	204.508	0	
-140.347	-2.06434	203.858	0	
-140.011	-1.86147	207.755	0	
-139.379	-1.5893	208.773	0	
-138.807	-2.61432	200.455	0	
-138.263	-2.09548	206.577	0	
-141.599	-0.993781	215.134	0	
-141.014	-1.30046	215.333	0	
-141.075	-2.11605	202.771	0	
-140.786	-3.26944	198.006	0	
-138.466	-3.18191	196.516	0	
-138.208	-1.6563	206.997	0	
-141.74	-1.70934	207.167	0	
-140.445	-2.83371	196.912	0	
-140.343	-4.05489	200.262	0	
-139.824	-2.9351	197.583	0	
-137.874	-2.439	201.492	0	
-137.689	-1.1993	212.792	0	
-142.221	-1.62349	209.131	0	
-143.033	-2.50749	195.958	0	
-141.363	-2.71528	199.527	0	
-140.823	-3.72546	198.652	0	
-141.255	-3.11756	197.09	0	
-141.635	-3.46142	196.767	0	
-143.19	-3.88553	198.423	0	
-142.371	-4.28047	200.358	0	
-137.844	-1.58953	213.425	0	
-137.216	-1.16284	221.973	0	
-142.818	-0.54929	219.287	0	
-143.091	-1.45775	207.847	0	
-137.915	-3.01983	199.418	0	
-135.121	-2.28761	202.549	0	
-137.427	-1.82617	209.231	0	
-137.022	-1.55806	213.744	0	
-136.402	-1.49472	219.905	0	
-135.985	-0.992033	223.089	0	
-142.293	-1.17342	210.791	0	
-142.851	-1.04039	204.112	0	
-138.902	-3.83289	198.568	0	
-137.5	-3.57944	195.032	0	
-142.201	-2.59289	196.995	0	
-142.642	-2.30157	201.355	0	
-143.458	-2.29142	200.672	0	
-143.863	-2.91861	197.429	0	
-143.52	-1.68312	199.008	0	
-144.305	-1.82208	197.336	0	
-144.278	-3.17752	194.5	0	
-143.95	-3.85413	198.878	0	
-144.734	-1.392	201.467	0	
-145.144	-2.2193	197.07	0	
-144.711	-2.95941	196.354	0	
-145.13	-3.66618	198.4	0	
-143.921	-4.41665	202.73	0	
-142.67	-3.851	199.09	0	
-145.563	-2.45015	191.953	0	
-145.127	-3.18447	193.248	0	
-145.559	-3.87088	199.082	0	
-145.229	-4.54733	208.434	0	
-144.81	-4.36199	204.152	0	
-143.879	-5.47814	222.219	0	
-143.405	-4.39841	203.093	0	
-142.633	-4.71476	206.414	0	
-145.985	-2.27183	195.599	0	
-146.387	-2.92669	195.638	0	
-145.971	-3.15174	193.164	0	
-146.38	-4.37597	206.255	0	
-145.659	-5.2879	222.526	0	
-144.345	-4.6609	209.049	0	
-143.001	-5.73895	226.935	0	
-141.772	-4.30581	203.91	0	
-146.03	-1.66539	194.525	0	
-146.837	-1.80435	194.176	0	
-146.957	-3.23761	194.691	0	
-145.964	-3.6172	200.089	0	
-146.734	-4.72779	212.047	0	
-146.462	-5.09552	216.336	0	
-147.457	-4.24518	204.19	0	
-147.234	-4.75153	213.944	0	
-146.17	-6.04939	236.564	0	
-145.252	-5.05792	212.744	0	
-140.888	-7.2689	260.967	0	
-141.658	-4.99142	204.219	0	
-147.265	-1.4041	197.842	0	
-148.058	-2.56796	192.342	0	
-149.26	-4.72332	216.12	0	
-147.568	-6.1642	239.125	0	
-147.516	-5.23087	222.021	0	
-148.448	-4.70535	212.188	0	
-147.275	-6.68848	252.959	0	
-145.508	-7.79713	271.429	0	
-145.659	-5.93294	228.644	0	
-144.99	-6.29418	241.547	0	
-147.254	-2.48376	192.393	0	
-147.67	-2.23525	193.211	0	
-136.849	-3.38384	198.402	0	
-135.74	-4.93877	207.015	0	
-143.447	-6.51146	246.323	0	
-143.377	-5.35151	214.125	0	
-149.886	-5.70648	232.149	0	
-148.322	-5.94714	233.898	0	
-144.339	-5.11678	214.553	0	
-144.565	-5.91968	228.225	0	
-144.812	-7.10632	254.536	0	
-141.938	-7.01429	261.753	0	
-142.955	-6.37689	229.567	0	
-142.355	-6.42235	240.31	0	
-140.784	-4.93882	207.745	0	
-138.795	-5.32683	214.575	0	
-137.744	-4.36773	202.242	0	
-138.596	-4.45909	200.63	0	
-136.193	-0.560516	232.316	0	
-135.432	-0.895475	227.093	0	
-135.198	-1.29455	215.196	0	
-134.289	-0.394228	224.213	0	
-135.419	-1.74886	212.17	0	
-134.194	-2.77273	195.197	0	
-134.014	-0.210912	233.621	0	
-134.874	-0.481807	229.841	0	
-133.972	-1.03693	216.233	0	
-132.713	-0.768953	229.233	0	
-133.192	-1.04502	214.143	0	
-133.555	-0.838001	233.79	0	
-133.192	-1.54547	221.878	0	
-134.289	-0.760859	231.395	0	
-134.65	-0.183316	228.445	0	
-136.069	-1.85248	208.009	0	
-135.512	-2.77145	200.445	0	
-133.601	-1.87211	202.311	0	
-134.018	-1.57059	220.486	0	
-132.726	-1.72842	203.153	0	
-132.296	-0.967878	213.884	0	
-132.649	-2.29043	208.806	0	
-131.069	-1.40593	213.843	0	
-134.404	-3.54448	200.973	0	
-133.17	-3.33263	203.01	0	
-133.17	-2.70599	192.462	0	
-132.582	-3.568	189.229	0	
-131.697	-2.21768	208.565	0	
-129.916	-1.98712	205.206	0	
-135.171	-3.53498	195.445	0	
-135.372	-6.83007	238.127	0	
-131.089	-2.36223	198.26	0	
-131.403	-3.59082	190.121	0	
-132.575	-4.46794	205.968	0	
-130.308	-5.18036	197.949	0	
-129.772	-2.52267	198.073	0	
-130.861	-3.08445	198.762	0	
-134.709	-6.32671	233.16	0	
-133.223	-6.195	229.469	0	
-131.151	-4.61269	205.188	0	
-129.765	-3.83794	193.508	0	
-130.625	-0.165467	229.281	0	
-131.56	-0.184751	226.152	0	
-130.131	-1.26208	213.276	0	
-128.854	-1.33154	211.982	0	
-130.333	-1.75048	209.587	0	
-129.714	-1.49872	211.144	0	
-129.412	-1.19851	215.367	0	
-129.412	-0.530357	214.763	0	
-128.51	-0.863792	218.615	0	
-128.023	-0.881803	220.303	0	
-128.406	-0.20041	225.044	0	
-127.711	-1.27591	210.3	0	
-126.849	-0.715855	208.077	0	
132.88	-0.549836	208.23	0	
-128.023	-0.450286	220.286	0	
133.533	-1.03873	208.097	0	
131.562	-0.215758	208.066	0	
133.369	-0.553858	208.635	0	
132.29	-1.16738	204.921	0	
130.626	-0.735515	208.446	0	
132.255	-0.248238	205.357	0	
131.354	-1.01391	204.968	0	
131.411	-1.91966	202.607	0	
133.116	-1.64065	205.626	0	
131.475	-3.18952	201.629	0	
132.577	-1.96188	204.014	0	
140.011	-0.73463	207.601	0	
142.046	-1.45463	205.05	0	
142.4	-1.98015	203.974	0	
142.123	-0.548463	206.653	0	
142.711	-1.16326	205.617	0	
142.234	-2.62467	201.632	0	
142.635	-3.18996	201.131	0	
143.026	-0.877314	206.208	0	
142.331	-0.246865	207.419	0	
143.71	-0.748879	206.13	0	
143.194	-0.198932	205.662	0	
141.437	-1.07258	205.557	0	
141.249	-3.3878	200.757	0	
142.312	-3.9528	200.094	0	
145.137	-3.83859	202.227	0	
120.141	-0.463959	197.721	0	
120.901	-0.895475	193.922	0	
119.062	-0.231865	190.12	0	
119.714	-1.49872	195.1	0	
120.868	-1.6377	196.25	0	
122.81	-0.903557	199.486	0	
118.718	-0.432276	193.779	0	
119.724	-0.298492	189.318	0	
118.854	-1.33154	193.858	0	
117.742	-0.249876	200.821	0	
118.023	-0.450286	189.619	0	
113.854	-0.409544	183.573	0	
118.406	-0.20041	193.582	0	
117.292	-1.18198	192.075	0	
119.792	-1.97487	195.768	0	
120.131	-1.26208	195.509	0	
119.566	-2.44628	195.848	0	
120.452	-2.36539	196.631	0	
118.604	-1.90729	193.145	0	
120.214	-2.69643	197.015	0	
120.872	-2.40726	197.256	0	
121.09	-2.0227	196.672	0	
119.322	-3.53944	197.563	0	
119.637	-3.21529	196.882	0	
119.502	-4.07137	197.325	0	
120.039	-3.97963	197.843	0	
121.107	-3.65853	197.845	0	
120.42	-3.15932	197.191	0	
118.503	-4.54328	196.498	0	
119.58	-5.38321	198.424	0	
120.837	-3.22633	197.711	0	
121.051	-2.80531	197.377	0	
121.536	-1.49875	196.285	0	
121.119	-1.26211	195.556	0	
120.974	-4.13867	198.353	0	
121.754	-2.44947	197.569	0	
121.395	-4.60464	198.624	0	
122.082	-3.73551	198.145	0	
121.588	-3.38579	197.772	0	
122.657	-2.80536	198.076	0	
120.308	-5.16859	198.865	0	
124.023	-5.08782	200.285	0	
123.32	-2.06424	198.593	0	
122.253	-2.38337	198.025	0	
123.244	-3.89583	198.511	0	
123.203	-2.59707	198.219	0	
117.014	-1.9374	193.755	0	
117.771	-3.32196	195.418	0	
118.274	-6.0048	198.069	0	
119.258	-6.24979	201.009	0	
119.897	-7.21029	202.788	0	
121.001	-5.33668	200.225	0	
122.546	-6.07696	201.303	0	
123.486	-6.97808	203.686	0	
123.322	-4.68805	198.209	0	
124.616	-4.64311	198.406	0	
-122.81	-0.184751	217.872	0	
-121.599	-0.895475	203.492	0	
-121.532	-1.39317	196.153	0	
-119.627	-1.63032	196.185	0	
-123.75	-0.36376	209.852	0	
-123.122	-0.368067	211.393	0	
-123.438	-0.183316	213.886	0	
-122.805	-0.920708	204.373	0	
-122.393	-0.350218	201.195	0	
-124.688	-0.180456	205.124	0	
-124.375	-0.360901	206.896	0	
-124.065	-1.28335	205.927	0	
-123.438	-0.913707	208.056	0	
-123.44	-1.27666	205.549	0	
-122.079	-0.966309	199.712	0	
-125.625	-0.240517	227.035	0	
-124.062	-0.180445	209.291	0	
-124.754	-1.2956	206.932	0	
-124.44	-1.49081	204.004	0	
-123.343	-1.97917	198.526	0	
-123.132	-2.50014	196.078	0	
-122.396	-2.10871	198.238	0	
-126.146	-0.423833	214.388	0	
-125.16	-1.38669	207.207	0	
-124.692	-0.904829	208.54	0	
-125.191	-2.01013	200.74	0	
-123.761	-1.86147	202.226	0	
-123.129	-1.5893	202.713	0	
-122.557	-2.61432	193.635	0	
-122.013	-2.09548	195.146	0	
-125.109	-0.784456	212.46	0	
-125.8	-1.06876	210.146	0	
-124.799	-2.08993	199.679	0	
-124.738	-2.48451	197.583	0	
-122.248	-3.14016	194.756	0	
-121.958	-1.6563	199.612	0	
-126.011	-2.34501	199.931	0	
-124.202	-2.83324	194.624	0	
-124.14	-4.02117	197.759	0	
-123.575	-2.93467	193.903	0	
-121.624	-2.439	196.028	0	
-121.115	-1.62981	200.027	0	
-126.027	-3.55423	194.968	0	
-124.543	-3.26943	195.553	0	
-125.203	-2.75042	196.407	0	
-124.573	-3.72549	194.974	0	
-125.109	-3.17237	195.475	0	
-125.421	-3.51605	194.563	0	
-126.561	-3.21501	195.467	0	
-125.962	-4.27569	197.349	0	
-121.697	-2.97808	192.24	0	
-119.707	-2.53324	194.564	0	
-122.731	-3.75785	194.436	0	
-122.4	-4.27696	198.121	0	
-127.805	-3.10963	194.53	0	
-126.394	-4.71511	199.982	0	
-126.277	-5.55885	207.59	0	
-125.073	-5.68222	210.193	0	
-120.796	-3.1769	191.642	0	
-119.145	-4.01138	193.645	0	
-120.322	-3.52367	194.312	0	
-120.298	-4.14197	194.934	0	
-124.972	-4.96099	206.67	0	
-122.67	-4.91064	202.749	0	
-122.014	-5.42085	212.452	0	
-120.453	-5.66811	213.697	0	
-128.386	-4.55075	201.271	0	
-127.125	-4.32736	196.589	0	
-117.631	-3.98944	196.648	0	
-117.889	-2.34667	191.438	0	
-120.992	-4.4764	201.793	0	
-121.18	-5.14572	210.896	0	
-122.918	-6.35041	231.624	0	
-120.766	-6.50931	238.215	0	
-120.072	-7.30085	252.44	0	
-118.354	-6.39567	234.401	0	
122.471	-0.377855	198.58	0	
123.125	-0.360901	201.673	0	
122.812	-0.180445	204.747	0	
123.438	-0.902258	200.277	0	
124.383	-0.734678	199.004	0	
121.95	-0.197411	188.564	0	
121.94	-1.32887	196.877	0	
123.438	-1.27911	200.151	0	
124.383	-0.368047	199.037	0	
122.015	-0.858125	194.923	0	
122.492	-1.96037	198.273	0	
123.125	-1.46	199.169	0	
123.759	-1.88478	199.151	0	
124.695	-0.187647	197.128	0	
123.75	-0.360855	200.226	0	
123.013	-1.84953	198.793	0	
122.81	-1.26491	199.36	0	
124.319	-2.62471	198.238	0	
124.125	-2.12843	198.715	0	
124.699	-0.928997	200.366	0	
125.112	-0.353115	202.271	0	
125.255	-1.43797	200.038	0	
124.536	-1.56932	199.334	0	
125.42	-0.971702	201.508	0	
123.75	-0.721768	200.522	0	
124.063	-0.907943	199.697	0	
125.162	-2.32556	198.706	0	
125.525	-1.95611	199.45	0	
-118.125	-0.240555	208.842	0	
-116.875	-0.360901	189.582	0	
-117.188	-0.180445	187.261	0	
-116.562	-0.902258	191.619	0	
-115.617	-0.734678	194.762	0	
-118.95	-0.506736	196.804	0	
-117.208	-0.914235	193.62	0	
-116.562	-1.27911	191.098	0	
-115.617	-0.368047	194.509	0	
-117.948	-1.06781	194.672	0	
-116.89	-1.83986	190.699	0	
-117.21	-1.2764	192.368	0	
-116.241	-1.88478	190.326	0	
-115.305	-0.187647	198.916	0	
-116.25	-0.360855	191.921	0	
-118.343	-1.03246	198.229	0	
-118.568	-1.37074	195.607	0	
-117.637	-1.36986	193.966	0	
-117.625	-1.7112	192.195	0	
-115.681	-2.62471	189.389	0	
-115.875	-2.12843	189.876	0	
-115.301	-0.928997	191.293	0	
-114.266	-0.87239	187.828	0	
-118.974	-1.3479	196.244	0	
-117.211	-1.99678	191.774	0	
-117.615	-2.61933	190.986	0	
-115.018	-2.32426	189.202	0	
-115.162	-1.37309	190.595	0	
-115.464	-1.56932	190.427	0	
-114.266	-0.440874	183.848	0	
-116.25	-0.721768	192.169	0	
-115.937	-0.907943	192.514	0	
-119.367	-0.169187	187.507	0	
-120.403	-0.589512	201.743	0	
-119.217	-1.68444	195.143	0	
-118.991	-2.07434	194.098	0	
-118.541	-2.0684	192.663	0	
-117.188	-3.21943	191.775	0	
-116.624	-3.99863	196.966	0	
-116.083	-2.91972	190.324	0	
-115.165	-2.75975	189.339	0	
-114.419	-1.76469	188.103	0	
-113.953	-0.268621	188.54	0	
-114.992	-0.3599	190.677	0	
-118.048	-3.77477	194.785	0	
-117.249	-2.395	190.508	0	
-117.636	-3.08772	191.731	0	
-116.964	-2.77675	190.696	0	
-120.568	-1.49136	196.439	0	
-119.629	-0.891724	197.821	0	
-119.856	-1.24725	199.065	0	
-120.123	-2.28473	192.307	0	
-118.869	-2.94526	191.651	0	
-118.279	-2.45384	191.886	0	
-114.776	-3.20729	191.625	0	
-113.622	-1.63821	186.73	0	
-114.533	-2.22472	188.463	0	
-114.157	-3.15639	189.755	0	
-114.039	-1.40157	189.554	0	
-112.567	-1.39816	184.142	0	
-114.684	-0.978487	188.524	0	
-118.047	-3.35409	192.103	0	
-117.182	-3.70046	194.74	0	
-120.413	-1.11423	205.014	0	
-120.044	-1.86696	198.14	0	
-115.176	-3.79652	193.137	0	
-113.529	-2.38592	188.441	0	
-118.572	-4.14442	197.581	0	
-118.876	-5.45686	213.594	0	
-117.71	-4.60266	198.159	0	
-118.336	-4.73308	203.838	0	
-113.682	-3.69734	191.802	0	
-112.125	-4.71568	204.656	0	
-117.009	-4.69849	202.403	0	
-115.092	-5.18955	204.858	0	
-114.167	-5.88366	228.145	0	
-113.978	-4.35487	202.389	0	
-112.935	-2.63855	188.448	0	
-112.99	-3.4029	190.637	0	
100.625	-0.399074	188.123	0	
99.375	-0.233607	189.449	0	
99.8548	-0.86823	184.911	0	
100.625	-0.83059	181.126	0	
101.452	-1.79948	194.486	0	
101	-1.06873	190.375	0	
102.362	-1.69018	193.202	0	
97.5072	-0.731718	190.51	0	
100.272	-1.06614	193.349	0	
99.3711	-1.13704	193.671	0	
100.627	-2.26818	190.987	0	
99.8217	-1.76111	196.285	0	
99.7889	-2.25848	191.727	0	
101.051	-2.51774	197.521	0	
101.915	-1.49851	186.802	0	
99.2571	-2.54986	197.857	0	
99.9407	-3.94881	196.516	0	
100.643	-3.28973	198.232	0	
101.984	-3.06789	193.184	0	
101.417	-0.876848	182.562	0	
101.036	-1.56284	186.574	0	
98.0328	-1.64571	195.662	0	
97.839	-3.46824	196.126	0	
100.201	-3.00921	194.478	0	
99.6728	-3.42182	197.393	0	
102.473	-3.37386	198.165	0	
103.931	-1.40404	186.771	0	
101.063	-4.1151	198.126	0	
101.532	-3.3365	198.507	0	
102.371	-2.24187	190.53	0	
102.907	-2.54397	196.023	0	
101.014	-4.66096	193.136	0	
101.967	-4.74412	192.841	0	
103.305	-2.21902	190.673	0	
104.865	-1.88738	189.447	0	
100.368	-4.94492	195.948	0	
100.618	-6.48975	190.169	0	
102.453	-5.25953	196.053	0	
103.488	-4.10799	194.029	0	
103.911	-2.36117	193.593	0	
104.03	-3.03976	194.195	0	
99.7294	-4.53158	194.154	0	
98.393	-4.49632	194.325	0	
101.632	-6.80208	189.172	0	
101.414	-5.58852	191.163	0	
102.477	-3.94646	193.724	0	
102.975	-4.32694	197.456	0	
104	-4.44932	196.649	0	
104.886	-3.65127	195.791	0	
106.063	-4.03268	196.048	0	
105.209	-2.46735	193.476	0	
99.7064	-5.99766	192.298	0	
99.9183	-6.62304	190.8	0	
101.929	-7.44773	190.1	0	
103.468	-6.31525	190.07	0	
102.978	-5.08784	192.569	0	
104.755	-5.34517	195.18	0	
104.342	-6.57335	193.385	0	
105.12	-6.02284	192.159	0	
106.815	-5.74166	193.754	0	
105.916	-4.60005	195.793	0	
99.5035	-7.30609	188.09	0	
99.9234	-7.97316	188.769	0	
100.663	-7.70018	188.23	0	
102.851	-8.67798	186.933	0	
103.516	-5.57015	195.435	0	
102.384	-6.04549	190.409	0	
98.6033	-6.05411	192.347	0	
98.2564	-8.30326	186.932	0	
100.311	-9.55707	188.262	0	
101.347	-8.03902	187.998	0	
-94.9928	-0.731718	175.413	0	
-93.0902	-1.27135	178.313	0	
-92.7065	-1.88048	179.659	0	
-92.8769	-0.548463	178.758	0	
-92.2888	-1.16326	177.725	0	
-92.8308	-2.41176	180.99	0	
-91.9643	-2.3182	180.367	0	
-91.9743	-0.877314	174.868	0	
-92.6686	-0.246865	172.758	0	
-93.4286	-2.57717	182.229	0	
-92.6137	-3.57217	191.429	0	
-91.5428	-2.45622	182.108	0	
-91.1328	-1.82718	178.903	0	
-91.5495	-1.59054	176.837	0	
-92.2519	-0.246865	175.671	0	
-91.4451	-2.92935	184.425	0	
-90.6271	-3.0159	184.569	0	
-90.1824	-1.73877	178.901	0	
-91.5605	-1.11538	176.669	0	
-91.7964	-3.24132	189.146	0	
-91.5974	-0.198932	174.475	0	
-91.448	-4.00343	200.084	0	
-90.151	-3.286	189.839	0	
-89.7657	-1.43724	177.941	0	
-89.7807	-0.938523	178.319	0	
-90.6074	-0.408971	176.232	0	
-91.234	-0.914448	175.18	0	
-90.0896	-0.750278	176.607	0	
-92.344	-3.11026	187.631	0	
-93.0427	-3.72399	197.858	0	
-93.1514	-4.47683	202.099	0	
-92.2584	-3.99924	198.328	0	
-93.8021	-4.43342	210.814	0	
-91.7895	-5.78474	237.857	0	
-93.048	-5.95763	238.144	0	
-91.0264	-4.86542	220.034	0	
-91.4736	-4.54038	203.976	0	
-90.6349	-4.67834	205.026	0	
-91.9428	-4.79089	215.679	0	
-92.7998	-5.4102	228.508	0	
-90.1892	-4.98816	224.198	0	
-89.5935	-3.91557	196.735	0	
-90.1421	-3.84874	192.691	0	
-89.363	-4.37657	202.026	0	
-88.6563	-4.36262	202.556	0	
-88.3051	-3.83282	196.048	0	
-89.6432	-2.58664	181.763	0	
-88.9281	-2.08381	179.921	0	
-90.7451	-6.99627	262.754	0	
-92.1692	-5.32537	225.634	0	
-90.0892	-5.67916	228.831	0	
-89.2007	-5.32107	224.08	0	
-91.1158	-5.5753	228.432	0	
-90.6243	-6.07921	255.119	0	
-89.2533	-6.71494	256.282	0	
-88.4705	-4.85352	214.471	0	
-88.7143	-5.37206	224.741	0	
-87.9208	-4.93949	221.005	0	
-87.364	-3.44933	190.952	0	
-87.6486	-2.16645	180.194	0	
-92.6912	-6.48984	265.169	0	
-92.0632	-6.40177	253.71	0	
-88.1872	-5.82933	244.974	0	
-87.5785	-4.52367	203.984	0	
-92.8829	-7.30188	291.994	0	
-89.9478	-7.39857	303.305	0	
-87.6856	-5.5102	220.837	0	
-86.7701	-5.11482	214.438	0	
-87.014	-4.58726	209.795	0	
-87.0995	-5.62193	238.668	0	
-94.4423	-1.64806	179.17	0	
-94.5497	-2.65778	183.544	0	
-86.5298	-4.15485	198.89	0	
-86.1822	-2.61532	184.689	0	
-93.9714	-7.44482	286.294	0	
-94.3466	-8.47822	330.233	0	
-92.1166	-7.77626	306.001	0	
-90.5854	-10.8378	440.977	0	
-84.5348	-4.20964	210.768	0	
-86.1355	-3.19136	186.691	0	
-87.532	-6.99302	285.127	0	
-85.9371	-6.36295	251.162	0	
-82.9521	-2.83324	183.805	0	
-85.3897	-3.39702	192.27	0	
-85.4722	-7.86402	318.162	0	
-85.673	-5.50651	232.188	0	
-105.208	-0.765705	181.111	0	
-102.954	-1.45463	181.449	0	
-102.6	-1.98015	182.405	0	
-102.877	-0.548463	186.952	0	
-102.289	-1.16326	181.093	0	
-103.547	-2.77057	183.694	0	
-102.469	-3.42732	188.161	0	
-101.974	-0.877314	177.86	0	
-102.669	-0.246865	182.882	0	
-101.29	-0.748879	178.041	0	
-101.806	-0.198932	173.398	0	
-102.003	-4.84263	209.496	0	
-102.849	-2.80998	181.456	0	
-102.648	-4.27672	197.072	0	
-100.4	-3.58722	189.149	0	
-112.359	-0.463959	175.647	0	
-111.359	-0.715414	185.268	0	
-112.984	-0.298492	201.86	0	
-113.187	-1.23527	193.006	0	
-108.438	-0.215758	183.215	0	
-107.537	-0.478752	191.393	0	
-107.71	-1.40743	183.709	0	
-106.47	-1.54558	181.946	0	
-108.895	-0.86823	181.811	0	
-108.125	-0.396018	183.958	0	
-108.125	-0.827535	185.349	0	
-110.31	-0.184751	190.66	0	
-108.478	-1.06614	183.592	0	
-109.39	-1.0344	186.479	0	
-108.123	-2.26818	184.513	0	
-108.928	-1.76111	186.137	0	
-108.961	-2.25848	185.138	0	
-107.699	-2.51774	185.823	0	
-107.293	-1.64407	183.204	0	
-109.426	-2.51333	188.102	0	
-109.01	-3.33571	191.488	0	
-108.129	-3.28282	190.226	0	
-106.766	-3.06789	184.504	0	
-106.912	-1.19851	181.351	0	
-106.912	-0.530357	182.319	0	
-105.628	-0.734698	183.415	0	
-109.39	-1.46895	184.88	0	
-110.14	-3.11529	191.263	0	
-109.008	-4.14155	196.373	0	
-107.701	-3.00308	187.155	0	
-106.1	-3.1145	188.449	0	
-104.719	-1.25048	181.301	0	
-111.015	-1.33463	185.908	0	
-110.4	-2.54807	186.858	0	
-110.287	-3.76629	192.417	0	
-109.795	-5.3654	213.266	0	
-108.499	-4.45806	198.544	0	
-107.24	-3.30251	189.297	0	
-106.379	-2.24187	183.128	0	
-105.843	-2.54397	183.152	0	
-111.647	-1.73597	185.927	0	
-110.808	-2.22049	186.744	0	
-108.355	-5.94005	223.172	0	
-108.306	-5.17267	214.646	0	
-105.445	-2.21902	181.848	0	
-103.885	-1.88738	181.19	0	
-112.304	-1.80277	189.378	0	
-111.707	-2.62742	188.441	0	
-104.839	-2.36117	183.305	0	
-104.26	-3.07267	182.11	0	
-107.488	-6.40174	250.062	0	
-107.544	-5.1735	215.771	0	
-107.12	-7.36176	256.643	0	
-104.204	-6.7753	256.7	0	
-105.957	-5.78831	230.163	0	
-107.134	-4.4716	199.265	0	
-104.062	-0.183316	178.168	0	
-103.646	-0.484914	178.941	0	
-105.136	-1.18559	182.822	0	
-104.375	-0.83059	179.156	0	
-103.854	-0.91643	180.637	0	
-105.94	-0.184751	180.989	0	
-105	-0.399074	188.841	0	
-106.253	-0.416616	183.621	0	
-105.312	-0.183316	183.827	0	
-106.044	-0.783248	180.507	0	
-111.354	-0.348783	177.858	0	
-110.622	-0.368067	187.397	0	
-110.938	-0.183316	187.47	0	
-110.284	-0.933312	187.897	0	
-109.893	-0.418358	189.534	0	
-111.432	-1.39951	186.312	0	
-110.943	-0.916578	184.492	0	
-110.277	-1.39743	186.572	0	
-109.861	-1.69896	187.19	0	
42.8798	-0.549836	218.51	0	
43.5085	-2.01697	215.526	0	
41.5625	-0.215758	233.048	0	
43.3333	-0.301598	223.116	0	
42.2901	-1.16738	217.86	0	
40.6261	-0.735515	230.439	0	
42.2548	-0.248238	233.447	0	
41.3542	-1.01391	222.94	0	
42.1744	-1.66585	217.538	0	
42.952	-1.45738	217.06	0	
41.7151	-1.81038	216.046	0	
42.3284	-2.77027	210.813	0	
41.2427	-1.4303	221.599	0	
40.8563	-2.28444	214.945	0	
-99.599	-0.53519	176.851	0	
-99.3924	-1.27697	178.157	0	
-100.537	-0.783538	181.005	0	
-99.1269	-0.548463	176.161	0	
-100.205	-1.09072	178.451	0	
-100.726	-1.81524	180.025	0	
-100.224	-0.233592	185.425	0	
-99.3924	-1.64353	179.173	0	
-101.285	-0.382247	175.07	0	
-100.938	-0.183316	180.046	0	
-101.752	-1.92265	180.521	0	
-100.943	-0.916578	177.812	0	
-101.455	-2.46139	183.646	0	
-100.846	-2.41887	181.159	0	
-100.243	-2.97021	186.316	0	
-99.8514	-1.94325	179.31	0	
-98.9376	-1.8981	180.082	0	
-98.5388	-1.16326	178.68	0	
-99.0462	-2.36196	181.257	0	
-98.1157	-2.39435	182.352	0	
-98.2243	-0.877314	177.132	0	
-98.9186	-0.246865	174.266	0	
-99.5996	-2.40149	182.44	0	
-99.1112	-3.34167	187.551	0	
-97.6165	-2.58482	182.192	0	
-97.2643	-1.96687	179.707	0	
-97.1918	-0.904685	178.101	0	
-98.5019	-0.246865	176.613	0	
-98.9235	-4.22931	203.449	0	
-97.8474	-0.198932	178.315	0	
-98.8302	-3.81172	193.612	0	
-97.6552	-3.11626	188.73	0	
-95.9391	-2.88901	184.781	0	
-100.105	-4.40605	201.983	0	
-98.5754	-5.41706	214.213	0	
-97.3992	-3.57864	188.905	0	
-98.1746	-3.35831	188.913	0	
-98.3616	-4.81336	215.003	0	
-97.8203	-4.06189	201.123	0	
-97.8328	-6.63137	244.552	0	
-96.5548	-4.63912	208.778	0	
-96.8675	-3.42266	191.277	0	
-94.3754	-4.92577	213.862	0	
-96.4352	-3.94197	194.319	0	
-97.235	-4.98368	217.474	0	
-96.25	-0.36376	174.333	0	
-95.6225	-0.368067	176.37	0	
-95.9375	-0.183316	173.105	0	
-95.3053	-0.920708	177.661	0	
-94.2982	-0.887995	174.132	0	
-97.1875	-0.180456	172.128	0	
-96.875	-0.360901	174.95	0	
-96.5652	-1.28335	176.055	0	
-95.9375	-0.913707	176.464	0	
-95.94	-1.27666	176.557	0	
-94.2982	-0.456479	176.914	0	
-97.5349	-0.379388	180.61	0	
-96.5625	-0.180445	171.909	0	
-97.5391	-0.742727	176.307	0	
-97.1918	-1.26351	177.12	0	
-95.8428	-1.97917	179.962	0	
-95.6319	-2.50014	182.36	0	
-94.928	-2.83215	184.891	0	
-93.9857	-0.278838	171.84	0	
-94.9975	-0.362392	179.99	0	
-97.8516	-0.993787	179.318	0	
-97.7852	-1.48466	178.5	0	
-96.8778	-1.45887	178.502	0	
-97.2283	-2.36312	181.94	0	
-96.2606	-1.86147	178.182	0	
-95.6291	-1.5893	178.407	0	
-94.9606	-2.01628	180.447	0	
-94.5627	-1.99481	179.466	0	
-97.4727	-1.59243	179.15	0	
-96.8819	-1.83577	179.104	0	
-95.1219	-2.52189	181.52	0	
-94.3457	-2.32604	181.2	0	
-94.8946	-3.38905	190.826	0	
-94.5065	-3.46569	188.799	0	
-93.8086	-2.21594	181.174	0	
-93.4973	-1.06531	174.037	0	
-95.2438	-3.85722	195.746	0	
-95.1998	-4.61162	209.666	0	
-94.0815	-3.8083	196.19	0	
-93.5306	-3.4893	191.17	0	
-94.0112	-1.57132	177.104	0	
-93.569	-0.580436	177.196	0	
-94.6829	-0.978483	177.933	0	
-93.914	-1.19523	177.898	0	
-93.5945	-1.80795	179.419	0	
-81.0995	-2.71056	188.791	0	
-81.084	-1.50151	183.237	0	
-80.9619	-3.45281	186.887	0	
-79.6266	-3.43503	188.867	0	
-87.8125	-0.183316	177.989	0	
-89.3739	-0.735515	176.326	0	
-88.6458	-1.01391	177.732	0	
-88.125	-0.83059	178.243	0	
-87.2917	-1.33931	180.998	0	
-87.6042	-0.854468	179.411	0	
-85.9751	-1.0645	180.239	0	
-82.5	-0.36376	186.782	0	
-81.8725	-0.368067	185.866	0	
-82.1875	-0.183316	185.858	0	
-81.5553	-0.920708	184.538	0	
-80.5066	-0.882092	182.75	0	
-83.4375	-0.180456	180.924	0	
-83.125	-0.360901	182.362	0	
-82.8152	-1.28335	183.236	0	
-82.1875	-0.913707	185.313	0	
-81.5007	-1.43663	184.773	0	
-80.5066	-0.450576	184.968	0	
-84.375	-0.240517	182.471	0	
-82.8125	-0.180445	181.027	0	
-83.5043	-1.2956	182.459	0	
-83.1901	-1.49081	183.369	0	
-82.4965	-1.88463	183.321	0	
-80.1941	-0.272934	180.153	0	
-81.2475	-0.362392	184.519	0	
-86.3542	-0.455394	177.358	0	
-83.921	-1.60286	183.078	0	
-83.442	-0.904829	182.6	0	
-83.9412	-2.01013	182.731	0	
-82.0199	-2.0266	186.304	0	
-81.8062	-1.63672	183.288	0	
-83.8587	-0.784456	181.694	0	
-84.3168	-1.05834	182.949	0	
-83.5486	-2.08993	183.672	0	
-83.4881	-2.48451	183.192	0	
-84.2287	-2.38938	183.021	0	
-83.2932	-3.26943	188.43	0	
-82.8904	-4.02117	203.916	0	
-82.3252	-2.93467	189.821	0	
-84.6893	-2.2959	181.907	0	
-83.3235	-3.72549	191.54	0	
-83.918	-2.68702	185.354	0	
-84.2243	-3.3734	191.171	0	
-83.8231	-3.10897	185.009	0	
-83.9066	-3.84478	187.749	0	
-80.1747	-1.22012	184.188	0	
-78.8542	-1.37921	184.659	0	
-80.9329	-0.978483	184.457	0	
-80.3631	-1.63654	183.372	0	
-79.4598	-1.46336	183.82	0	
-79.6538	-1.06814	185.573	0	
-79.4649	-0.552469	184.16	0	
-78.125	-0.379194	186.109	0	
-80.8462	-1.82155	184.456	0	
-80.753	-2.33269	182.78	0	
-82.9677	-4.88769	207.434	0	
-81.5556	-4.76722	203.634	0	
-85.3125	-0.183316	179.445	0	
-84.8958	-0.423833	184.009	0	
-86.3918	-0.872622	179.813	0	
-85.625	-0.83059	179.877	0	
-85.2499	-1.06917	182.65	0	
-86.7043	-1.32502	179.731	0	
-85.6228	-2.26802	181.674	0	
-86.4251	-1.75947	181.744	0	
-86.5988	-2.36681	182.029	0	
-85.106	-2.54441	185.233	0	
-84.3168	-1.48597	181.923	0	
-84.8332	-0.878169	181.696	0	
-85.2144	-1.56312	181.033	0	
-21.875	-0.240555	215.851	0	
-20.625	-0.360901	219.101	0	
-20.9375	-0.180445	219.054	0	
-20.3124	-0.902258	216.243	0	
-19.3674	-0.734678	221.791	0	
-22.6999	-0.506736	217.287	0	
-20.9583	-0.914235	215.819	0	
-20.3125	-1.27911	214.979	0	
-19.3674	-0.368047	220.784	0	
-21.698	-1.06781	214.468	0	
-20.6402	-1.83986	208.922	0	
-20.9596	-1.2764	214.019	0	
-19.991	-1.88478	209.633	0	
-19.0549	-0.187647	223.177	0	
-20	-0.360855	218.59	0	
-22.0931	-1.03246	213.731	0	
-22.3179	-1.37074	209.111	0	
-21.3867	-1.36986	210.648	0	
-21.3746	-1.7112	209.009	0	
-19.4308	-2.62471	201.604	0	
-19.6249	-2.12843	203.884	0	
-19.0511	-0.928997	218.771	0	
-18.6763	-0.748059	222.743	0	
-22.7241	-1.3479	210.022	0	
-20.9614	-1.99678	205.324	0	
-21.3774	-2.68138	199.418	0	
-18.7679	-2.32426	202.535	0	
-18.912	-1.37309	215.831	0	
-19.2138	-1.56932	210.777	0	
-18.3714	-0.991928	219.542	0	
-19.9999	-0.721768	220.347	0	
-19.6875	-0.907943	217.093	0	
-23.1173	-0.169187	218.173	0	
-23.5888	-0.461697	216.419	0	
-22.9669	-1.68444	205.31	0	
-22.7413	-2.07434	203.22	0	
-21.6496	-2.39357	201.936	0	
-21.0006	-2.41015	201.748	0	
-20.3736	-3.99863	197.195	0	
-19.8332	-2.91972	195.964	0	
-18.9145	-2.75975	199.581	0	
-18.1685	-1.76469	208.66	0	
-17.9532	-0.885832	219.961	0	
-18.1669	-0.185694	225.88	0	
-22.2908	-2.0684	202.919	0	
-22.2585	-2.90411	199.496	0	
-21.3816	-3.15748	198.728	0	
-20.7155	-2.79189	198.945	0	
-24.4529	-0.208685	215.03	0	
-23.3764	-1.63047	206.926	0	
-23.6057	-1.24889	209.851	0	
-23.604	-2.02366	202.238	0	
-22.7011	-2.80959	198.644	0	
-22.0402	-2.50075	200.677	0	
-18.5263	-3.20729	195.112	0	
-17.3724	-1.63821	205.194	0	
-18.2826	-2.22472	205.033	0	
-17.907	-3.15639	197.039	0	
-17.7891	-1.40157	216.869	0	
-16.3542	-1.38941	209.239	0	
-22.116	-3.49388	197.667	0	
-20.9147	-3.70816	198.77	0	
-24.0319	-1.26247	209.24	0	
-23.9869	-2.01773	202.54	0	
-24.2931	-2.48291	197.63	0	
-24.1087	-2.97869	198.964	0	
-23.159	-3.15212	200.884	0	
-22.4877	-4.03497	203.665	0	
-18.9257	-3.79652	193.262	0	
-17.2792	-2.38592	204.87	0	
-16.9738	-1.22652	219.657	0	
-16.9738	-0.558363	209.619	0	
-15.8669	-0.920795	225.239	0	
-21.4478	-4.02336	200.588	0	
-21.7023	-3.61269	199.537	0	
-24.3088	-0.946291	212.017	0	
-24.6796	-1.21942	206.403	0	
-24.091	-0.501195	216.45	0	
-24.9787	-0.422041	207.128	0	
-25.5163	-1.77871	202.319	0	
-24.9432	-3.28557	199.898	0	
-24.78	-2.01824	199.581	0	
-24.6699	-2.44264	199.874	0	
-24.1319	-3.98045	205.401	0	
-23.0881	-3.78773	197.034	0	
-25.9375	-0.178164	214.117	0	
-25.63	-0.39152	210.115	0	
-26.1374	-1.40876	205.334	0	
-25.0191	-2.74074	197.061	0	
-25.2874	-2.13164	198.573	0	
-25.4192	-2.53226	198.357	0	
-25.9606	-2.81504	196.404	0	
-26.0021	-3.47712	198.651	0	
-26.2525	-0.36006	211.107	0	
-25.3175	-0.213356	214.485	0	
-25.63	-0.823036	212.217	0	
-27.1925	-0.186182	211.956	0	
-26.8825	-0.368079	209.178	0	
-26.5541	-1.34388	205.608	0	
-25.9355	-0.97171	207.613	0	
-28.1995	-1.48817	199.26	0	
-26.565	-0.181896	213.295	0	
-27.8056	-0.198376	207.62	0	
-27.185	-1.29687	203.84	0	
-26.8738	-2.43895	194.148	0	
-28.1037	-0.73971	207.486	0	
-27.8057	-0.928759	203.777	0	
-27.8207	-1.29187	203.53	0	
-26.8659	-1.5426	201.674	0	
-28.2336	-1.88691	199.789	0	
-27.5056	-1.49173	200.212	0	
-27.511	-1.87875	199.689	0	
-27.4982	-0.384558	205.412	0	
-28.1037	-0.378821	205.953	0	
-28.423	-0.180445	207.655	0	
-29.375	-0.266215	213.176	0	
-28.4298	-0.896622	204.661	0	
-28.7463	-1.99357	194.776	0	
-29.8407	-0.868463	206.664	0	
-28.8956	-1.38826	200.617	0	
-28.8464	-0.801948	207.3	0	
-29.1418	-1.08869	203.939	0	
-28.6334	-2.91154	192.291	0	
-29.1393	-2.46204	193.657	0	
-29.5318	-1.13228	200.073	0	
-29.0972	-1.70113	198.844	0	
-29.8605	-0.469582	200.844	0	
-31.0679	-1.40029	199.06	0	
-30.5897	-0.753314	205.091	0	
-30.2573	-0.968879	199.129	0	
-30.4044	-2.69863	192.228	0	
-29.91	-1.76115	194.219	0	
-31.2836	-0.382852	202.868	0	
-30.2772	-0.203367	204.296	0	
-30.9375	-0.183316	205.95	0	
-32.2604	-0.250939	209.826	0	
-31.9815	-0.450476	201.129	0	
-31.4846	-1.46517	198.555	0	
-30.9426	-0.916578	200.113	0	
-32.2311	-1.71498	197.934	0	
-30.9038	-2.3314	193.646	0	
-27.8845	-4.04	203.287	0	
-27.312	-2.94139	195.083	0	
-33.125	-0.153405	204.399	0	
-31.5961	-0.199537	207.773	0	
-32.6478	-1.95162	191.877	0	
-33.5677	-0.406896	194.47	0	
-33.1269	-1.13932	193.443	0	
-32.2936	-1.17375	195.469	0	
-32.7103	-0.895635	204.246	0	
-34.6875	-0.215758	210.172	0	
-33.953	-1.17963	194.461	0	
-32.8068	-2.51958	191.343	0	
-31.5051	-2.42945	193.862	0	
-35.6239	-0.735515	195.726	0	
-33.9843	-0.253491	208.964	0	
-34.8958	-1.01391	194.302	0	
-35.0381	-1.43692	195.954	0	
-33.1269	-1.65407	197.946	0	
-33.869	-3.08283	190.867	0	
-33.6875	-1.96286	190.685	0	
-17.4316	-3.69734	190.702	0	
-15.8543	-4.71904	191.273	0	
-23.474	-4.9794	211.854	0	
-20.2041	-6.35864	225.597	0	
-33.4945	-2.52748	192.356	0	
-34.5989	-2.99384	189.889	0	
-21.1064	-5.2129	210.419	0	
-18.8424	-5.18955	197.87	0	
-17.9173	-5.88366	208.458	0	
-17.7277	-4.35487	195.135	0	
-25.2339	-4.58799	210.775	0	
-24.1598	-5.24221	226.651	0	
-25.4342	-6.05299	248.786	0	
-24.5001	-6.15695	237.545	0	
-23.8866	-6.85097	275.442	0	
-22.7821	-5.45056	233.453	0	
-30.4562	-3.35271	196.438	0	
-28.7357	-3.57377	198.393	0	
-27.9627	-4.7327	213.409	0	
-26.5773	-4.78005	212.96	0	
-16.6848	-2.63855	194.635	0	
-16.7402	-3.4029	195.417	0	
-32.1798	-4.19767	210.278	0	
-31.7223	-2.94692	192.359	0	
-35.7984	-3.135	193.024	0	
-33.868	-4.65865	215.099	0	
-31.1728	-3.50295	197.957	0	
-30.2869	-4.67527	213.596	0	
-33.3866	-5.44682	233.471	0	
-30.9914	-4.66725	216.1	0	
-32.8595	-6.85484	287.299	0	
-31.3533	-5.27528	232.019	0	
-32.1758	-6.32578	264.064	0	
-31.4131	-6.50785	267.171	0	
-33.6736	-6.48909	264.672	0	
-32.768	-7.77559	314.824	0	
-30.3735	-7.36989	310.967	0	
-30.0132	-5.26454	233.557	0	
-74.06	-0.184751	188.193	0	
-72.7083	-0.83059	189.347	0	
-75	-0.36376	190.264	0	
-74.3725	-0.368067	187.996	0	
-74.6875	-0.183316	188.468	0	
-74.0553	-0.920708	187.66	0	
-73.6433	-0.350218	186.382	0	
-75.9375	-0.180456	186.669	0	
-75.625	-0.360901	187.615	0	
-75.3152	-1.28335	187.732	0	
-74.6875	-0.913707	188.595	0	
-73.998	-1.41957	188.602	0	
-73.3287	-0.966309	187.849	0	
-76.875	-0.240517	184.484	0	
-75.3125	-0.180445	188.032	0	
-76.0043	-1.2956	186.83	0	
-75.6901	-1.49081	187.094	0	
-74.9965	-1.88463	187.279	0	
-78.5417	-0.909044	185.566	0	
-76.421	-1.60286	186.362	0	
-75.942	-0.904829	186.726	0	
-76.4412	-2.01013	186.447	0	
-74.5173	-2.00954	189.683	0	
-74.3035	-1.61967	187.166	0	
-76.3587	-0.784456	186.305	0	
-76.6712	-1.27216	185.874	0	
-76.0486	-2.08993	186.963	0	
-75.9881	-2.48451	187.339	0	
-77.3644	-2.59869	185.433	0	
-75.4521	-2.83324	187.984	0	
-75.3983	-4.01577	205.248	0	
-74.8252	-2.93467	192.706	0	
-77.5397	-4.09024	200.456	0	
-75.7932	-3.26943	191.729	0	
-76.4535	-2.75042	187.417	0	
-75.8235	-3.72549	194.93	0	
-76.3585	-3.17237	191.247	0	
-76.6712	-3.51605	192.092	0	
-77.2666	-3.55184	193.153	0	
-77.2131	-4.5526	206.365	0	
-77.6812	-3.15903	189.65	0	
-78.2581	-3.30825	190.053	0	
-77.7857	-5.10072	214.544	0	
-74.7609	-5.16686	229.504	0	
-78.7746	-2.74791	185.241	0	
-79.1322	-3.97865	197.518	0	
-76.15	-4.96066	221.342	0	
-74.0663	-4.76195	206.032	0	
-78.2001	-4.26705	201.541	0	
-78.6007	-6.95389	269.957	0	
-80.2185	-4.58838	200.564	0	
-78.4578	-4.89616	216.972	0	
-80.4332	-6.05409	238.487	0	
-79.2135	-7.16423	275.582	0	
-79.1426	-5.16007	213.089	0	
-79.6498	-6.38556	251.871	0	
-76.2539	-6.0299	241.421	0	
-75.5475	-6.67355	264.464	0	
-78.5809	-6.21663	244.822	0	
-79.2213	-5.84117	240.764	0	
-79.5805	-8.15068	329.232	0	
-78.6989	-8.94149	343.955	0	
2.87977	-0.549836	180.875	0	
4.05056	-1.05211	181.696	0	
1.5625	-0.215758	182.527	0	
3.33333	-0.301598	173.572	0	
2.29011	-1.16738	184.77	0	
0.626088	-0.735515	180.165	0	
2.25477	-0.248238	186.406	0	
1.10306	-1.1471	182.398	0	
0.754055	-1.93261	191.103	0	
2.952	-1.45738	184.849	0	
2.69956	-3.56046	199.12	0	
2.44306	-2.22971	192.003	0	
-15.0336	-0.382852	214.738	0	
-14.3725	-0.368067	214.021	0	
-14.6875	-0.183316	216.297	0	
-13.9918	-1.44766	215.606	0	
-13.9834	-0.962924	215.589	0	
-15.7628	-0.199537	228.484	0	
-16.0753	-0.489278	224.282	0	
-15.2311	-1.47589	212.951	0	
-14.6926	-0.916578	214.817	0	
-12.5635	-1.45594	208.723	0	
-13.7259	-0.374251	220.123	0	
-15.5512	-2.06333	202.785	0	
-14.1442	-3.06434	195.769	0	
-13.1945	-0.957315	218.463	0	
-13.2076	-0.1895	229.107	0	
-13.1119	-1.43597	219.271	0	
-12.1468	-0.953256	219.627	0	
-14.5028	-1.71386	208.862	0	
-15.3461	-0.199537	240.78	0	
-14.6222	-2.31748	203.281	0	
-13.6015	-2.26876	204.404	0	
-14.1376	-2.57086	199.838	0	
-12.678	-3.53207	190.655	0	
-12.5776	-2.56584	199.276	0	
-14.7257	-3.53811	189.852	0	
-14.4596	-4.20756	188.285	0	
-13.0787	-4.19076	186.105	0	
-10.1868	-4.30782	187.054	0	
-15.3507	-3.32922	192.993	0	
-16.12	-3.79147	184.963	0	
-14.2726	-5.76845	188.774	0	
-13.0778	-5.65032	181.456	0	
-46.875	-0.399074	190.792	0	
-48.3333	-0.233607	178.122	0	
-47.6452	-0.86823	180.57	0	
-46.875	-0.83059	184.683	0	
-46.0477	-1.79948	190.222	0	
-46.4999	-1.06873	189.269	0	
-44.7087	-0.914438	191.471	0	
-48.498	-0.920754	180.274	0	
-47.2285	-1.06614	189.222	0	
-48.0926	-1.10335	188.121	0	
-46.8725	-2.26818	187.867	0	
-47.6783	-1.76111	189.579	0	
-47.7109	-2.24718	187.299	0	
-46.4486	-2.51774	192.843	0	
-45.5836	-1.49515	185.541	0	
-48.131	-2.47803	193.032	0	
-47.724	-3.18317	198.552	0	
-46.8882	-3.225	199.47	0	
-44.1672	-1.97182	188.652	0	
-46.0833	-0.876848	183.465	0	
-46.4644	-1.56284	185.219	0	
-48.5397	-2.2386	187.446	0	
-48.9513	-2.96292	193.519	0	
-47.7209	-3.65493	204.2	0	
-46.4512	-3.01213	193.887	0	
-48.534	-1.78454	189.71	0	
-49.367	-1.77111	189.898	0	
-49.3613	-3.22376	200.312	0	
-48.1061	-4.37561	214.395	0	
-48.5287	-3.66169	202.131	0	
-47.4819	-4.54662	217.34	0	
-46.8154	-3.858	204.71	0	
-45.8876	-3.87825	205.674	0	
-48.0926	-1.5379	183.104	0	
-48.5715	-0.469873	187.275	0	
-49.7805	-1.54544	184.746	0	
-50.6044	-2.48263	192.606	0	
-49.782	-2.99198	194.269	0	
-50.6569	-3.88337	208.162	0	
-48.9454	-3.93487	210.22	0	
-48.9749	-4.51756	215.048	0	
-49.6875	-0.215758	185.119	0	
-48.9147	-1.11866	188.373	0	
-49.3006	-0.883541	182.759	0	
-51.0869	-0.417813	181.719	0	
-49.7826	-2.50029	193.392	0	
-50.1993	-2.25178	188.313	0	
-50.042	-0.419351	187.767	0	
-48.9881	-0.236266	181.505	0	
-49.75	-1.08711	188.292	0	
-50.1045	-0.859186	182.669	0	
-51.0137	-0.838855	180.535	0	
-51.0388	-1.76285	188.462	0	
-51.4261	-2.94878	195.178	0	
-50.5628	-0.203593	176.567	0	
-50.5522	-1.06447	186.203	0	
-52.2896	-1.53482	185.593	0	
-51.4435	-2.49525	192.054	0	
-51.8549	-3.22298	198.424	0	
-50.6595	-4.34175	209.93	0	
-52.7118	-2.2534	188.623	0	
-51.8763	-2.26165	189.415	0	
-52.2951	-2.50191	191.603	0	
-52.5753	-3.98786	211.548	0	
-51.466	-3.94799	205.241	0	
-51.2074	-4.42091	218.802	0	
-52.2882	-1.09556	186.647	0	
-53.1138	-1.0502	185.839	0	
-53.3088	-2.48944	192.074	0	
-52.2911	-3.00971	197.777	0	
-50.2777	-4.54942	220.811	0	
-50.2305	-3.67906	202.957	0	
-51.912	-0.877813	183.624	0	
-52.6305	-0.424959	186.22	0	
-52.6974	-0.85693	183.45	0	
-53.6384	-0.376198	182.313	0	
-50.2361	-5.15274	232.942	0	
-48.5423	-4.72293	221.932	0	
-51.4925	-1.06678	185.103	0	
-52.2213	-0.232076	184.651	0	
-54.4489	-1.74386	186.695	0	
-53.7169	-2.22543	187.544	0	
-53.1175	-0.192882	179.573	0	
-55.3125	-0.949021	184.573	0	
-50.8521	-5.56079	236.126	0	
-51.0685	-7.27954	283.279	0	
-49.6985	-5.27664	232.526	0	
-48.7956	-5.87425	245.972	0	
-45.9907	-3.29294	198.308	0	
-51.5657	-0.21422	182.095	0	
-47.9167	-0.233607	175.261	0	
-44.4372	-3.68109	201.68	0	
-48.4951	-6.48267	269.873	0	
-46.8186	-6.1517	255.699	0	
-46.2754	-4.23044	208.808	0	
-45.0275	-3.58746	200.766	0	
-46.1488	-4.84166	225.112	0	
-45.6085	-5.00352	223.82	0	
-46.6114	-5.19651	229.709	0	
-46.484	-5.72462	245.994	0	
-44.8101	-5.73596	239.424	0	
-44.3107	-5.41312	238.268	0	
-47.276	-5.03374	231.487	0	
-47.4783	-6.04428	253.519	0	
-46.4687	-6.86629	276.441	0	
-45.9238	-5.8464	243.777	0	
-45.7582	-6.36216	265.191	0	
-44.1872	-6.65461	268.02	0	
-47.4833	-7.15023	281.63	0	
-45.4985	-7.48869	293.471	0	
-43.4793	-5.72251	244.199	0	
-43.3939	-4.50412	218.517	0	
-45.3597	-8.18258	314.673	0	
-45.252	-6.47234	265.246	0	
-44.1333	-7.95772	310.548	0	
-44.7169	-6.21238	258.419	0	
-45.0692	-7.09824	279.422	0	
-44.4817	-7.22726	286.615	0	
-44.582	-8.52259	324.591	0	
-43.188	-7.97479	305.581	0	
-48.8365	-7.24811	281.16	0	
-46.7919	-7.3962	287.718	0	
-43.4337	-3.11484	196.706	0	
-44.1406	-4.37572	209.294	0	
-45.0533	-10.2164	372.463	0	
-42.7981	-7.07728	288.72	0	
-49.841	-6.578	265.184	0	
-50.1411	-8.87733	322.448	0	
-48.2135	-7.67589	300.797	0	
-45.9225	-8.57837	331.423	0	
-41.9601	-5.00147	229.534	0	
-41.7134	-4.22823	207.261	0	
-54.6875	-0.215758	183.353	0	
-53.9918	-1.04018	184.436	0	
-55	-0.798148	183.488	0	
-54.375	-0.83059	183.02	0	
-53.5677	-0.801543	181.821	0	
-55.94	-0.184751	183.517	0	
-55	-0.399074	185.294	0	
-56.2764	-0.525203	181.058	0	
-55.3125	-0.183316	182.422	0	
-56.0681	-0.891834	184.916	0	
-55.2183	-1.42815	185.146	0	
-54.8016	-1.49303	184.398	0	
-45.1042	-0.420081	192.682	0	
-44.375	-0.360901	192.918	0	
-44.6875	-0.180445	190.603	0	
-44.0624	-0.902258	190.835	0	
-43.1174	-0.734678	185.908	0	
-45.5836	-1.06664	190.207	0	
-45.0343	-2.29429	188.62	0	
-44.0625	-1.27911	188.057	0	
-43.1174	-0.368047	188.426	0	
-44.4147	-2.38264	192.738	0	
-44.7038	-1.39199	187.257	0	
-44.3701	-1.5762	190.309	0	
-43.741	-1.88478	188.969	0	
-42.8049	-0.187647	183.242	0	
-43.75	-0.360855	189.811	0	
-43.1808	-2.62471	190.966	0	
-43.3749	-2.12843	189.974	0	
-42.8011	-0.928997	190.983	0	
-41.6199	-0.964444	193.007	0	
-42.662	-1.37309	188.566	0	
-42.9638	-1.56932	189.835	0	
-41.9377	-0.436559	193.504	0	
-43.7499	-0.721768	186.904	0	
-43.4375	-0.907943	189.547	0	
-42.6645	-2.75975	192.368	0	
-41.9185	-1.76469	189.481	0	
-41.6252	-0.264307	194.888	0	
-42.4924	-0.3599	194.426	0	
-42.277	-3.20645	195.1	0	
-40.9703	-1.81226	189.597	0	
-42.0326	-2.22472	190.851	0	
-41.6577	-3.15558	194.591	0	
-41.387	-1.57563	191.299	0	
-40.2168	-1.8833	189.861	0	
-42.0381	-1.07054	190.559	0	
-42.3859	-3.86515	203.758	0	
-41.0292	-2.38595	190.571	0	
-41.4116	-0.532928	191.356	0	
-42.1423	-0.811277	194.023	0	
-41.1835	-3.69433	196.716	0	
-39.1186	-3.25488	191.349	0	
-40.3198	-2.27428	191.359	0	
-40.1352	-2.97089	194.038	0	
-7.5	-0.467065	222.611	0	
-5.94944	-1.05211	202.997	0	
-38.7836	-0.382852	195.152	0	
-6.66667	-0.301598	201.019	0	
-38.1225	-0.368067	193.474	0	
-38.4375	-0.183316	195.117	0	
-37.7418	-1.44766	192.49	0	
-37.7334	-0.962924	194.732	0	
-39.7604	-0.250939	204.314	0	
-39.4815	-0.450476	196.175	0	
-36.4671	-1.62347	194.227	0	
-37.4759	-0.374251	197.329	0	
-39.1012	-0.997684	194.176	0	
-38.9811	-1.47589	193.403	0	
-36.9497	-0.956174	198.303	0	
-36.9576	-0.1895	203.986	0	
-39.8001	-1.64666	191.834	0	
-37.8732	-3.19932	193.102	0	
-36.867	-1.43483	193.794	0	
-36.0061	-0.905079	198.008	0	
-40.163	-0.402598	186.229	0	
-39.0961	-0.199537	199.555	0	
-40.8649	-0.862957	190.51	0	
-36.3988	-2.19405	190.403	0	
-34.8876	-2.40911	192.473	0	
-40.611	-0.151659	188.618	0	
-40.2612	-1.18491	190.583	0	
-39.7936	-1.17375	192.704	0	
-40.4223	-0.845275	193.631	0	
-36.7915	-2.57534	192.545	0	
-36.3345	-3.45954	199.44	0	
-35.6032	-1.60558	192.985	0	
-35.4838	-2.20921	190.698	0	
-40.6627	-2.56678	190.285	0	
-39.4847	-2.35567	190.323	0	
-41.2956	-1.14281	190.694	0	
-40.5008	-1.60212	191.598	0	
-40.5449	-3.03318	194.223	0	
-40.0199	-2.56019	190.584	0	
-40.6735	-3.58122	195.163	0	
-39.7275	-4.75299	214.814	0	
-40.0712	-3.89542	207.366	0	
-36.8523	-4.82493	223.438	0	
-38.2528	-1.71386	191.485	0	
-38.3722	-2.31748	190.003	0	
-37.3179	-2.31912	189.907	0	
-37.854	-2.62122	191.23	0	
-36.2868	-4.33394	202.855	0	
-35.1309	-3.43279	196.77	0	
-38.5062	-3.54839	197.503	0	
-38.6539	-5.0527	229.163	0	
-37.4457	-4.2724	203.962	0	
-36.9534	-6.07881	250.296	0	
-38.2032	-4.30815	208.641	0	
-37.9975	-6.27082	254.411	0	
-78.4375	-0.197993	186.786	0	
-77.3958	-0.421719	187.204	0	
-77.8125	-0.181202	186.756	0	
-78.125	-0.810711	186.723	0	
-77.6042	-0.853235	185.703	0	
-11.875	-0.165467	211.277	0	
-12.3552	-0.52174	213.5	0	
-11.1828	-1.39816	213.71	0	
-10.034	-0.746867	210.708	0	
82.901	-0.53519	226.799	0	
83.345	-1.54021	218.499	0	
81.9635	-0.783538	240.88	0	
83.3333	-0.301598	221.033	0	
82.2954	-1.09072	224.477	0	
81.7737	-1.81524	217.192	0	
82.276	-0.233592	254.505	0	
82.9361	-1.46025	220.997	0	
81.2151	-0.382247	230.09	0	
81.5625	-0.183316	242.809	0	
80.7482	-1.92265	217.361	0	
81.5574	-0.916578	228.083	0	
81.0454	-2.46139	210.431	0	
81.6543	-2.41887	212.863	0	
82.5034	-2.80679	204.956	0	
82.6486	-1.94325	215.195	0	
88.75	-0.467065	205.615	0	
89.5464	-1.45463	208.291	0	
89.9001	-1.98015	207.057	0	
89.6231	-0.548463	216.332	0	
90.2112	-1.16326	204.913	0	
87.5367	-3.37856	199.795	0	
90.0171	-3.09769	203.834	0	
90.5257	-0.877314	205.312	0	
89.8314	-0.246865	223.268	0	
91.2101	-0.748879	205.187	0	
90.6943	-0.198932	194.397	0	
88.6218	-4.61209	198.035	0	
89.637	-2.48035	202.173	0	
89.5349	-4.35287	195.552	0	
92.0997	-3.58722	197.579	0	
-9.05997	-0.184751	202.869	0	
-7.70833	-0.898582	199.304	0	
72.6411	-0.463959	228.681	0	
73.4005	-0.895475	237.395	0	
71.5625	-0.231865	243.68	0	
72.2144	-1.49872	223.038	0	
73.3678	-1.6377	225.273	0	
75.3102	-0.903557	234.624	0	
71.2182	-0.432276	239.1	0	
72.2245	-0.298492	240.475	0	
71.3542	-1.33154	224.634	0	
70.2418	-0.249876	249.112	0	
70.5225	-0.450286	230.708	0	
69.8252	-0.249876	214.351	0	
70.9057	-0.20041	243.409	0	
69.7824	-1.18121	227.104	0	
72.2922	-1.97487	218.836	0	
72.631	-1.26208	225.867	0	
72.0662	-2.44628	214.677	0	
72.9516	-2.36539	216.807	0	
71.1036	-1.90729	221.149	0	
72.7139	-2.69643	213.009	0	
73.3721	-2.40726	216.509	0	
73.5905	-2.0227	221.487	0	
71.8217	-3.53944	209.246	0	
72.1368	-3.21529	211.052	0	
72.0021	-4.07137	210.397	0	
72.5386	-3.97963	208.824	0	
73.6065	-3.65853	208.936	0	
72.9196	-3.15932	211.144	0	
71.0028	-4.54328	212.671	0	
72.0803	-5.38321	213.309	0	
73.3368	-3.22633	210.895	0	
73.5515	-2.80531	213.064	0	
74.0356	-1.49875	228.37	0	
73.6189	-1.26211	230.784	0	
73.4736	-4.13867	208.695	0	
74.2542	-2.44947	216.296	0	
73.8947	-4.60464	206.943	0	
74.5816	-3.73551	205.446	0	
74.0884	-3.38579	210.3	0	
75.157	-2.80536	211.594	0	
72.8082	-5.16859	209.182	0	
77.6036	-4.35924	201.293	0	
75.8198	-2.06424	217.093	0	
74.7525	-2.38337	218.208	0	
75.7439	-3.89583	204.184	0	
75.7034	-2.59707	216.103	0	
69.5041	-1.93261	217.371	0	
70.2712	-3.32196	211.628	0	
70.7737	-6.0048	218.315	0	
71.7579	-6.24979	213.975	0	
72.1955	-8.39891	217.499	0	
73.5013	-5.33668	210.402	0	
75.0746	-6.10406	210.76	0	
75.7355	-6.79037	207.449	0	
75.8503	-4.71515	206.758	0	
76.6054	-5.3282	200.958	0	
-5.9375	-0.215758	205.392	0	
-5.5365	-0.945766	203.857	0	
-5.19823	-1.29455	202.761	0	
-4.28887	-0.394228	195.708	0	
-5.58401	-1.97942	202.061	0	
-3.83742	-2.77887	201.876	0	
-4.01393	-0.210912	187.398	0	
-4.87393	-0.481807	178.375	0	
-3.97195	-1.03693	201.251	0	
-3.125	-0.167706	196.248	0	
-3.1915	-1.04502	203.699	0	
-3.55529	-0.838001	190.891	0	
-3.1915	-1.54547	195.474	0	
-4.28887	-0.760859	187.659	0	
-4.64993	-0.183316	190.901	0	
-6.3661	-0.922193	203.631	0	
-6.33262	-2.56559	202.928	0	
-5.15402	-2.34511	203.785	0	
-3.60144	-1.87211	203.72	0	
-4.01811	-1.57059	195.27	0	
-2.77539	-1.70887	203.158	0	
-1.95548	-0.889742	184.693	0	
-6.6786	-1.37459	200.382	0	
-6.23478	-2.08304	201.237	0	
-5.97798	-1.44092	202.616	0	
-6.39465	-1.67756	205.105	0	
-2.70575	-2.18197	198.894	0	
-1.91299	-2.27351	198.731	0	
-3.53709	-2.33433	200.119	0	
-2.75738	-3.27884	203.622	0	
-1.40726	-2.55819	201.166	0	
-1.48248	-1.67461	195.909	0	
-4.27147	-2.82752	202.656	0	
-3.10228	-3.02798	201.595	0	
-2.67434	-4.21944	199.544	0	
-2.59012	-3.79812	201.495	0	
-1.40599	-3.35175	202.419	0	
-1.16122	-3.03628	202.024	0	
-4.60798	-3.50242	199.476	0	
-4.36656	-4.00009	198.748	0	
-5.61868	-2.86769	200.085	0	
-6.81288	-2.74538	199.706	0	
-4.74967	-4.76801	194.665	0	
-3.13079	-5.0842	195.803	0	
-3.30572	-4.27706	198.931	0	
-2.33008	-5.36905	194.939	0	
-1.14997	-3.81412	202.681	0	
-1.93039	-3.35488	203.241	0	
-2.12349	-4.75686	199.083	0	
-1.58053	-4.05509	201.753	0	
-0.550759	-3.99195	202.274	0	
-0.33221	-2.69157	199.383	0	
-1.01264	-5.92302	195.678	0	
-0.396162	-4.59476	201.295	0	
-1.00001	-4.94678	199.883	0	
0.986248	-4.70266	200.885	0	
-0.246719	-3.59768	202.907	0	
0.536382	-2.8933	200.621	0	
-7.81645	-2.90558	198.159	0	
-7.71466	-4.58773	192.249	0	
-1.80438	-6.17337	192.881	0	
0.305043	-4.99453	202.31	0	
74.9706	-0.377855	236.015	0	
75.625	-0.360901	239.177	0	
75.3125	-0.180445	240.313	0	
75.9376	-0.902258	235.664	0	
76.8826	-0.734678	245.385	0	
74.4497	-0.197411	246.62	0	
74.4398	-1.32887	232.357	0	
75.9375	-1.27911	235.603	0	
76.8826	-0.368047	239.695	0	
74.5146	-0.858125	236.836	0	
74.9918	-1.96037	222.011	0	
75.625	-1.46	227.075	0	
76.259	-1.88478	227.254	0	
77.1951	-0.187647	249.309	0	
76.25	-0.360855	242.048	0	
75.5127	-1.84953	226.725	0	
75.3101	-1.26491	232.041	0	
76.8192	-2.62471	215.109	0	
76.6251	-2.12843	217.207	0	
77.1989	-0.928997	231.304	0	
78.2004	-0.878194	236.82	0	
77.7547	-1.43797	229.635	0	
77.0362	-1.56932	224.095	0	
78.2004	-0.446678	230.233	0	
76.2501	-0.721768	245.045	0	
76.5625	-0.907943	235.489	0	
77.6651	-2.33095	214.033	0	
78.0996	-2.1894	220.012	0	
78.5129	-0.274425	240.025	0	
77.5076	-0.3599	228.53	0	
78.682	-2.22582	216.368	0	
78.9968	-1.0609	237.471	0	
78.4721	-1.57581	226.316	0	
79.1379	-0.576024	239.614	0	
77.8163	-0.978487	229.374	0	
78.5802	-1.19082	229.056	0	
78.8887	-1.81245	221.602	0	
-10.0296	-0.380562	217.233	0	
-9.37247	-0.368067	209.345	0	
-9.6875	-0.183316	200.158	0	
-9.05534	-0.920708	210.719	0	
-8.64331	-0.350218	214.824	0	
-10.5504	-0.197247	227.44	0	
-10.5623	-1.33295	213.428	0	
-9.05924	-1.39588	208.685	0	
-8.3287	-0.966309	213.765	0	
-10.4877	-0.862043	217.257	0	
-9.37893	-1.59524	209.523	0	
-9.69453	-1.30162	208.735	0	
-8.70999	-2.42753	201.65	0	
-10.1112	-1.60315	210.874	0	
-9.247	-2.45625	204.183	0	
-9.99256	-2.06291	207.075	0	
-9.941	-2.86276	200.68	0	
-9.93143	-3.87262	192.698	0	
-9.42157	-3.95344	191.251	0	
-11.2214	-2.64133	203.799	0	
-10.2191	-3.25278	194.488	0	
-10.963	-3.5984	190.581	0	
-10.0701	-5.14729	185.124	0	
-11.6942	-3.30814	193.394	0	
-10.6922	-3.20982	198.397	0	
-8.92782	-5.01961	186.812	0	
-8.4064	-2.88574	201.966	0	
-12.524	-4.73818	184.437	0	
-10.7453	-4.07655	189.633	0	
-9.42372	-5.49427	179.205	0	
-11.6234	-4.42428	186.948	0	
-11.1126	-4.62398	185.675	0	
-10.749	-5.35374	183.482	0	
-8.71169	-3.38529	194.546	0	
-7.68216	-1.89702	201.643	0	
-8.23043	-5.15884	182.608	0	
-7.94487	-4.00957	189.809	0	
-11.2036	-6.11907	181.527	0	
-9.82847	-7.11227	178.4	0	
-8.59083	-3.99594	193.509	0	
-7.47577	-3.41876	197.748	0	
-7.72128	-5.95836	185.151	0	
-6.23608	-4.98796	190.097	0	
-6.86271	-3.38776	197.811	0	
-7.38949	-2.4556	204.466	0	
-6.46961	-3.80872	195.566	0	
-5.37154	-3.47685	201.095	0	
-6.85247	-4.41788	189.494	0	
-5.43592	-4.71114	192.212	0	
62.8798	-0.549836	203.994	0	
63.5417	-1.40127	211.089	0	
61.5625	-0.215758	205.119	0	
63.3333	-0.301598	217.035	0	
62.2901	-1.16738	206.209	0	
61.25	-0.399074	211.496	0	
62.2548	-0.248238	198.017	0	
61.3542	-1.01391	208.08	0	
60.7931	-2.39758	208.218	0	
62.952	-1.45738	207.094	0	
61.6823	-3.05757	211.696	0	
62.5774	-1.96188	208.619	0	
60.4998	-2.92834	212.046	0	
62.1054	-4.65575	222.907	0	
-1.85037e-17	-0.36376	191.145	0	
0.626088	-0.368884	183.559	0	
0.3125	-0.183316	179.176	0	
1.25109	-0.401327	175.906	0	
0.938588	-0.185568	180.348	0	
-0.93752	-0.180456	182.955	0	
-0.62502	-0.360901	190.036	0	
-0.315206	-1.28335	188.703	0	
0.3125	-0.913707	189.246	0	
-1.28338	-0.380108	187.626	0	
-0.3125	-0.180445	185.451	0	
-0.960814	-1.2729	190.087	0	
-0.65228	-1.47144	194.774	0	
0.00349602	-1.88463	193.633	0	
-2.23462	-0.258574	178.139	0	
-2.3431	-1.10802	200.733	0	
-0.93626	-0.901508	190.591	0	
-1.14365	-2.15056	198.364	0	
0.218351	-2.58258	197.368	0	
0.698003	-1.50076	190.517	0	
-1.28212	-0.74027	184.733	0	
-1.5946	-0.991331	191.918	0	
1.23563	-2.70836	195.404	0	
1.65752	-1.83887	188.238	0	
1.2969	-2.20583	195.311	0	
1.51972	-1.21198	186.433	0	
-1.95548	-0.458226	192.307	0	
-1.59586	-0.199652	180.471	0	
-2.65128	-0.42628	210.145	0	
58.44	-0.184751	203.572	0	
59.5598	-1.45463	204.12	0	
59.8514	-1.93041	205.208	0	
59.599	-0.53519	203.598	0	
60.2005	-1.0851	205.123	0	
59.7155	-2.427	209.244	0	
61.3769	-2.42632	209.351	0	
59.1824	-2.51595	209.035	0	
59.7211	-3.45697	217.478	0	
61.6742	-1.88758	206.607	0	
61.2155	-1.4481	206.264	0	
58.4432	-1.28086	203.37	0	
58.3009	-3.01622	213.782	0	
60.0037	-4.18982	222.48	0	
60.7979	-3.42283	216.584	0	
57.654	-1.31205	202.043	0	
57.807	-1.61375	202.01	0	
57.7903	-3.60891	220.704	0	
58.0128	-4.30156	225.713	0	
58.7649	-4.13735	223.978	0	
62.1177	-9.52892	190.464	0	
60.5934	-4.16689	221.314	0	
61.2273	-5.32652	225.378	0	
56.4341	-1.62393	201.61	0	
56.7596	-2.79483	209.901	0	
57.1767	-2.84942	213.305	0	
56.5279	-4.88144	232.851	0	
61.5928	-4.17314	222.636	0	
61.0285	-4.60626	224.197	0	
57.9876	-5.86566	230.85	0	
59.393	-4.67203	226.821	0	
56.6038	-2.38575	208.144	0	
56.4505	-4.00593	223.993	0	
59.8074	-0.233592	196.346	0	
59.7838	-1.02007	203.064	0	
61.0417	-0.765705	207.652	0	
60.5365	-0.783538	211.244	0	
60.5365	-0.416907	206.979	0	
62.5922	-6.12314	222.825	0	
65.0502	-4.98619	224.132	0	
61.0227	-7.19993	220.363	0	
62.2347	-6.99058	227.608	0	
63.3888	-6.00988	230.656	0	
64.2327	-6.86227	219.506	0	
57.4664	-0.382852	197.71	0	
58.1275	-0.368067	204.816	0	
57.8125	-0.183316	204.246	0	
58.4456	-0.921265	204.363	0	
58.8567	-0.486349	206.787	0	
56.494	-0.25226	197.718	0	
56.0773	-0.25226	200.554	0	
58.169	-1.5793	203.956	0	
59.1722	-1.33964	203.501	0	
57.1488	-0.997684	198.571	0	
57.2373	-1.37694	200.808	0	
58.3442	-2.07899	205.684	0	
58.8599	-1.58238	204.071	0	
57.0709	-1.77285	202.752	0	
57.4273	-2.00966	204.851	0	
56.7729	-0.883313	198.338	0	
57.1539	-0.199537	196.76	0	
56.7729	-0.451797	196.066	0	
56.0174	-1.86057	202.301	0	
56.4497	-1.16865	198.51	0	
55.9127	-2.38179	205.925	0	
56.7236	-1.9016	201.579	0	
55.3013	-2.5169	207.617	0	
56.0119	-3.55302	220.566	0	
56.2096	-2.6293	208.727	0	
56.3653	-3.03838	214.264	0	
4.6875	-0.183316	178.306	0	
3.64583	-0.517356	176.154	0	
3.6339	-0.922193	178.5	0	
4.375	-0.83059	177.553	0	
5.20291	-1.7956	189.449	0	
4.75234	-1.06873	184.176	0	
6.1145	-1.69354	187.966	0	
3.3214	-1.37459	181.66	0	
3.59752	-1.7422	186.378	0	
3.53827	-2.24914	189.53	0	
5.66749	-1.49851	181.042	0	
2.8261	-2.05522	188.728	0	
3.68788	-3.94873	204.047	0	
4.37253	-2.25942	189.197	0	
4.79519	-2.50633	195.607	0	
2.30647	-2.86267	195.011	0	
2.68551	-3.13063	198.86	0	
3.95113	-3.00467	195.304	0	
3.53047	-3.19861	199.548	0	
5.169	-0.876848	175.435	0	
4.78624	-1.55896	182.464	0	
4.38915	-3.28676	201.049	0	
5.71967	-3.06116	196.468	0	
1.70333	-3.03046	200.977	0	
0.942322	-3.94827	204.103	0	
3.28147	-3.6161	199.513	0	
3.13224	-2.92182	196.013	0	
5.27663	-3.32607	201.803	0	
4.81561	-3.02665	195.979	0	
6.21395	-3.37727	202.321	0	
6.54015	-0.926407	178.94	0	
2.22333	-3.93014	203.027	0	
1.60614	-3.66809	200.033	0	
4.76468	-4.65043	203.535	0	
5.70801	-4.73838	204.389	0	
6.64944	-2.54814	195.806	0	
7.781	-1.24861	180.748	0	
4.12764	-4.94334	205.03	0	
4.3659	-5.76517	203.345	0	
6.20183	-5.22156	206.996	0	
7.24271	-4.11057	203.806	0	
7.05807	-2.22052	189.401	0	
8.61443	-1.88821	184.083	0	
3.4855	-4.53509	202.795	0	
2.22729	-4.6268	201.638	0	
3.49301	-7.33391	192.478	0	
6.35423	-6.7431	202.921	0	
6.22212	-3.94875	202.034	0	
6.71965	-4.32923	206.95	0	
7.66065	-2.36013	193.618	0	
7.78324	-3.04057	197.341	0	
7.95013	-4.58218	208.531	0	
8.63928	-3.65127	202.845	0	
9.3981	-3.60708	203.532	0	
8.95827	-2.46821	192.513	0	
9.61163	-4.1659	204.795	0	
10.6516	-4.01993	202.7	0	
9.20386	-4.63217	207.29	0	
9.663	-5.31936	208.06	0	
11.2186	-4.24089	206.953	0	
11.6507	-3.7989	201.591	0	
8.52925	-4.34359	205.145	0	
7.99154	-5.18087	205.966	0	
9.18601	-7.19404	203.675	0	
11.4194	-4.93141	206.516	0	
10.9576	-5.51807	209.582	0	
12.1965	-3.99597	205.549	0	
11.4902	-6.46038	205.325	0	
12.2926	-5.70393	206.864	0	
12.693	-3.62929	199.874	0	
11.4677	-2.26874	187.015	0	
12.3268	-6.5066	206.372	0	
14.9279	-4.85181	204.143	0	
15.7802	-6.76567	205.451	0	
13.7524	-5.65594	206.599	0	
12.8726	-4.84768	207.486	0	
12.9258	-5.51723	207.049	0	
6.72738	-5.04988	205.462	0	
7.5132	-6.06994	205.355	0	
13.5759	-4.62923	204.297	0	
13.8874	-2.91559	198.906	0	
5.81614	-5.98619	203.643	0	
7.31013	-6.71465	201.889	0	
7.97198	-7.41077	202.422	0	
8.21471	-6.17091	205.379	0	
7.75716	-8.98047	191.109	0	
9.53387	-8.09034	197.066	0	
50.625	-0.240555	197.201	0	
51.875	-0.360901	198.999	0	
51.5625	-0.180445	197.106	0	
52.1876	-0.902258	200.976	0	
52.8175	-0.912873	201.361	0	
49.8001	-0.506736	204.805	0	
51.5417	-0.914235	200.69	0	
52.1875	-1.27911	199.768	0	
53.1331	-0.741951	198.543	0	
50.802	-1.06781	201.551	0	
51.8598	-1.83986	203.622	0	
51.5404	-1.2764	200.349	0	
52.509	-1.88478	202.92	0	
53.4224	-0.917831	200.617	0	
52.5049	-0.365785	200.415	0	
50.4069	-1.03246	202.612	0	
50.1821	-1.37074	205.006	0	
51.1133	-1.36986	203.301	0	
51.1254	-1.7112	203.624	0	
53.0692	-2.62471	209.896	0	
53.8316	-1.32508	200.608	0	
53.7532	-0.405748	199.791	0	
50.209	-0.578104	203.179	0	
49.7759	-1.3479	205.957	0	
51.5386	-1.99678	206.82	0	
51.1226	-2.68138	212.094	0	
53.7332	-2.71085	211.636	0	
54.0918	-1.80652	201.914	0	
53.1351	-1.46994	203.478	0	
54.0442	-1.00848	198.685	0	
53.1887	-1.90428	204.474	0	
53.7287	-2.17597	205.949	0	
53.1331	-0.375319	201.506	0	
52.8174	-0.185329	200.386	0	
49.3827	-0.169187	208.623	0	
48.9112	-0.461697	208.048	0	
49.5331	-1.68444	207.437	0	
49.7587	-2.07434	208.519	0	
50.8504	-2.39357	210.056	0	
51.4994	-2.41015	210.394	0	
52.1845	-4.78403	231.051	0	
52.6668	-2.91972	217.269	0	
50.2092	-2.0684	208.598	0	
50.2415	-2.90411	214.619	0	
51.1184	-3.15748	217.678	0	
51.7845	-2.79189	213.432	0	
48.0471	-0.208685	205.19	0	
49.1236	-1.63047	207.786	0	
48.8943	-1.24889	207.217	0	
48.896	-2.02366	209.043	0	
49.7989	-2.80959	212.556	0	
50.4598	-2.50075	210.018	0	
50.3854	-3.49337	220.237	0	
51.5853	-3.70816	222.755	0	
48.4681	-1.26247	207.552	0	
48.5131	-2.01773	209.561	0	
48.2774	-2.3978	210.614	0	
48.5031	-2.79113	212.956	0	
48.9565	-2.80286	213.457	0	
50.0156	-4.03185	224.156	0	
51.0536	-4.02285	223.808	0	
50.7991	-3.61218	221.132	0	
48.1912	-0.946291	207.535	0	
47.8204	-1.21942	208.984	0	
48.409	-0.501195	205.736	0	
47.5213	-0.422041	209.289	0	
47.056	-1.67124	212.347	0	
47.4543	-2.38723	211.034	0	
47.871	-2.13873	211.082	0	
47.4494	-2.87654	213.866	0	
48.1433	-3.82007	219.885	0	
49.3824	-3.04967	214.889	0	
46.5625	-0.178164	216.148	0	
46.87	-0.39152	216.204	0	
46.6411	-1.64276	213.084	0	
46.4214	-2.02258	213.025	0	
47.0386	-3.13738	214.682	0	
47.2639	-3.52477	216.985	0	
48.8401	-4.54423	223.777	0	
49.4392	-3.99547	221.689	0	
45.625	-0.241339	212.1	0	
47.1825	-0.213356	216.1	0	
46.87	-0.823036	214.119	0	
44.786	-1.2562	220.008	0	
46.0232	-2.01664	214.274	0	
46.5553	-1.14683	214.899	0	
45.6303	-1.30639	217.218	0	
45.8005	-2.38443	213.982	0	
46.2079	-3.11883	214.612	0	
46.6246	-2.89378	214.741	0	
46.1936	-3.62485	216.44	0	
47.3038	-4.26327	220.741	0	
48.1592	-4.29863	222.19	0	
45.3801	-2.34033	214.68	0	
45.1649	-2.71407	214.143	0	
45.7635	-3.82973	216.97	0	
45.9878	-4.2348	218.296	0	
46.6889	-4.59172	220.68	0	
47.7477	-5.05029	223.672	0	
45.2058	-1.96328	214.847	0	
44.756	-1.96922	216.245	0	
44.2763	-3.43205	213.494	0	
44.7067	-4.26248	216.429	0	
45.1452	-3.47476	214.932	0	
45.0985	-4.18242	216.912	0	
44.466	-4.70026	216.788	0	
45.3604	-4.49138	218.317	0	
45.3162	-3.80352	216.426	0	
44.7286	-3.2497	214.06	0	
45.8478	-4.99989	220.449	0	
47.0847	-4.58924	221.261	0	
46.5962	-5.08331	221.893	0	
47.0252	-5.42223	221.497	0	
45.6303	-1.7332	215.277	0	
45.2027	-1.06602	218	0	
44.1193	-1.6303	218.435	0	
43.8921	-2.0229	214.894	0	
45.1902	-0.538126	221.808	0	
44.341	-0.181869	230.501	0	
44.5313	-0.910173	222.498	0	
44.7396	-0.478656	222.59	0	
44.1184	-1.13808	221.333	0	
43.3191	-1.49445	218.16	0	
42.6853	-2.37165	213.095	0	
43.897	-2.96503	212.695	0	
42.5603	-3.38154	211.786	0	
43.4016	-3.00515	212.614	0	
51.3567	-5.55219	230.574	0	
50.9658	-4.51102	228.722	0	
51.6512	-6.33942	233.732	0	
54.477	-5.76836	234.18	0	
52.932	-5.38308	236.766	0	
52.7729	-3.63728	221.123	0	
8.4375	-0.183316	168.776	0	
6.87609	-0.735515	175.244	0	
7.36434	-1.18372	179.307	0	
8.125	-0.83059	172.235	0	
8.95833	-1.33931	178.753	0	
8.64583	-0.854468	172.666	0	
10.2749	-1.0645	179.998	0	
10.9375	-0.183316	168.066	0	
9.89583	-0.455394	179.713	0	
9.85823	-0.872622	173.537	0	
10.625	-0.83059	171.122	0	
11.4523	-1.79932	188.071	0	
11.0001	-1.06873	179.327	0	
12.7913	-0.91448	180.189	0	
9.54573	-1.32502	179.055	0	
10.6272	-2.26802	187.217	0	
9.82492	-1.75947	184.41	0	
9.46205	-2.58162	194.423	0	
11.0511	-2.51725	195.497	0	
11.9164	-1.49519	176.883	0	
9.68697	-3.15104	198.709	0	
10.2307	-2.4927	194.456	0	
11.0627	-3.06477	196.141	0	
12.125	-2.83555	193.252	0	
11.4168	-0.876848	168.196	0	
11.0356	-1.56268	177.897	0	
15.3125	-0.215758	182.063	0	
16.0047	-0.910268	177.921	0	
16.3172	-1.39816	183.129	0	
17.3169	-0.848799	179.523	0	
14.8531	-1.1471	176.088	0	
15.625	-0.396018	176.996	0	
15.625	-0.827535	178.234	0	
13.75	-0.36376	172.546	0	
14.3761	-0.368884	172.668	0	
14.0625	-0.183316	166.297	0	
15.0011	-0.401327	169.512	0	
14.6886	-0.185568	168.586	0	
12.8125	-0.180456	172.144	0	
13.125	-0.360901	176.568	0	
13.4348	-1.28335	174.915	0	
14.0625	-0.913707	176.504	0	
12.3958	-0.420092	181.133	0	
13.4375	-0.180445	167.977	0	
12.3746	-0.793227	169.831	0	
12.7899	-1.27398	176.631	0	
13.7535	-1.88463	181.937	0	
11.9164	-1.06667	181.237	0	
12.4839	-2.00476	184.228	0	
12.0425	-2.38812	194.319	0	
13.2476	-2.64501	191.297	0	
14.3216	-2.62222	191.62	0	
14.1248	-2.12441	189.61	0	
12.3732	-1.58124	185.149	0	
13.002	-1.8953	183.467	0	
15.0019	-2.72922	191.315	0	
14.448	-1.50076	182.94	0	
15.0631	-2.2267	190.691	0	
15.2697	-1.21198	181.889	0	
16.318	-3.50369	199.697	0	
16.0915	-1.96319	187.383	0	
21.25	-0.36376	187.907	0	
21.8775	-0.368067	186.361	0	
21.5625	-0.183316	178.35	0	
22.1947	-0.920708	192.723	0	
23.2035	-0.887752	195.447	0	
20.3125	-0.180456	185.309	0	
20.625	-0.360901	194.291	0	
20.9348	-1.28335	186.522	0	
21.5625	-0.913707	189.305	0	
22.252	-1.41957	191.928	0	
23.2035	-0.456235	200.047	0	
19.1667	-0.240517	168.425	0	
20.9375	-0.180445	182.366	0	
20.2457	-1.2956	184.604	0	
20.5599	-1.49081	193.266	0	
21.2535	-1.88463	190.716	0	
23.516	-0.278594	196.693	0	
22.5025	-0.362392	198.12	0	
17.4706	-0.413249	182.042	0	
19.829	-1.60286	192.651	0	
20.308	-0.904829	193.679	0	
19.8088	-2.01013	189.218	0	
21.7327	-2.00954	194.625	0	
21.9465	-1.61967	192.407	0	
19.8913	-0.784456	174.44	0	
19.3976	-1.10617	189.318	0	
20.2014	-2.08993	194.154	0	
20.2619	-2.48451	194.535	0	
18.9454	-2.35612	190.919	0	
20.7979	-2.83324	196.815	0	
20.8517	-4.01577	201.861	0	
21.4248	-2.93467	198.485	0	
18.7103	-4.09024	202.48	0	
20.4568	-3.26943	197.833	0	
19.7965	-2.75042	194.765	0	
20.4265	-3.72549	199.654	0	
19.8915	-3.17237	198.647	0	
19.5788	-3.51605	199.226	0	
18.9834	-3.55184	201.174	0	
19.0369	-4.5526	203.512	0	
23.5346	-1.22717	196.554	0	
23.9327	-0.5122	191.389	0	
22.8171	-0.978483	196.165	0	
23.4515	-1.68993	195.674	0	
24.379	-1.70933	196.774	0	
18.5688	-3.15903	197.624	0	
19.5833	-0.240517	163.028	0	
17.9919	-3.30825	199.605	0	
18.4643	-5.10072	204.963	0	
21.4891	-5.16686	204.083	0	
17.9458	-2.43448	194.788	0	
17.1178	-3.97865	202.255	0	
20.1	-4.96066	203.807	0	
22.1837	-4.76195	199.414	0	
18.0499	-4.26705	203.535	0	
17.6493	-6.95389	203.491	0	
16.8536	-3.50878	200.433	0	
17.6531	-2.92349	196.976	0	
15.4273	-3.08875	199.27	0	
14.271	-5.04329	207.367	0	
16.5331	-6.60206	204.44	0	
15.97	-4.0244	202.717	0	
16.2006	-4.54575	204.487	0	
17.7922	-4.89616	204.345	0	
15.4781	-5.40574	206.993	0	
17.0365	-7.16423	204.38	0	
17.1834	-5.02323	205.484	0	
16.5816	-5.87943	206.515	0	
19.9961	-6.0299	203.725	0	
20.7025	-6.67355	205.954	0	
14.89	-4.08312	205.343	0	
14.1198	-3.63784	199.649	0	
17.6691	-6.21663	205.71	0	
17.1047	-5.70434	205.063	0	
16.6695	-8.15068	199.775	0	
17.5511	-8.94149	201.918	0	
16.0481	-5.24917	205.087	0	
15.2588	-6.19961	205.3	0	
12.9868	-7.01113	204.33	0	
14.3707	-7.5589	201.942	0	
18.4375	-0.183316	175.156	0	
18.8542	-0.423833	186.713	0	
16.8632	-0.931533	177.89	0	
18.125	-0.83059	179.398	0	
18.4646	-1.117	188.221	0	
16.9498	-0.197491	169.005	0	
16.7884	-1.4022	181.659	0	
17.167	-1.70486	187.503	0	
17.6587	-1.08282	185.368	0	
17.2902	-2.11305	190.697	0	
17.7666	-2.11898	189.653	0	
16.9595	-2.52831	194.626	0	
17.1432	-3.02324	196.861	0	
18.5287	-2.60463	196.681	0	
18.8368	-1.84442	193.253	0	
19.3976	-1.53381	181.83	0	
18.8812	-0.926005	174.587	0	
151.391	-0.463959	211.853	0	
152.151	-0.895475	210.86	0	
150.766	-0.298492	214.214	0	
150.986	-1.5371	209.817	0	
152.369	-1.26208	211.588	0	
153.534	-1.44331	213.405	0	
152.114	-1.63768	211.134	0	
152.786	-1.49872	211.851	0	
151.699	-1.67606	210.583	0	
152.116	-2.40408	211.427	0	
151.403	-1.30046	210.602	0	
151.041	-2.05163	209.705	0	
152.372	-2.94906	212.028	0	
152.87	-3.01462	213.645	0	
150.717	-2.4958	209.667	0	
150.902	-2.94976	208.88	0	
151.92	-3.25786	211.264	0	
152.541	-4.83405	214.54	0	
149.881	-1.85823	208.771	0	
150.901	-4.13608	209.88	0	
153.346	-3.62315	215.574	0	
153.928	-2.83359	216.164	0	
150.41	-3.45843	209.743	0	
151.889	-4.03346	212.146	0	
153.088	-1.19851	212.165	0	
153.088	-0.530357	211.73	0	
154.375	-0.721791	215.29	0	
154.566	-2.07256	217.383	0	
153.509	-2.40773	214.723	0	
154.519	-3.91987	219.314	0	
154.467	-2.60787	217.715	0	
149.057	-1.4048	206.706	0	
149.107	-2.55735	206.363	0	
153.268	-4.56364	215.992	0	
156.753	-6.22366	227.966	0	
148.496	-2.86602	206.44	0	
148.464	-3.55021	205.484	0	
147.152	-3.53152	204.129	0	
148.628	-5.21601	206.946	0	
40.0036	-0.361702	224.33	0	
40.6261	-0.368884	229.655	0	
40.3125	-0.183316	233.081	0	
41.2511	-0.401327	229.706	0	
40.9386	-0.185568	232.417	0	
39.0765	-0.230585	230.954	0	
39.5077	-0.797547	227.156	0	
149.375	-0.165467	204.245	0	
39.6911	-0.178386	228.265	0	
148.44	-0.184751	204.13	0	
150.055	-1.39816	208.489	0	
150.404	-0.596984	209.012	0	
135.94	-0.184751	212.244	0	
137.061	-1.45463	205.156	0	
137.361	-1.93917	204.188	0	
137.097	-0.534062	205.328	0	
137.701	-1.07823	205.974	0	
137.179	-2.54979	201.906	0	
137.669	-2.99162	200.894	0	
136.565	-2.42734	203.88	0	
135.008	-3.53352	200.729	0	
138.364	-4.02175	199.056	0	
138.923	-2.93372	200.398	0	
137.306	-0.232463	212.691	0	
137.284	-1.01894	208.59	0	
138.438	-0.902224	207.21	0	
138.035	-0.773798	206.458	0	
138.035	-0.412908	207.966	0	
138.438	-1.27908	206.195	0	
139.383	-0.368081	209.231	0	
137.999	-1.40307	205.435	0	
138.759	-1.88478	204.556	0	
139.695	-0.187659	209.885	0	
138.75	-0.360867	208.789	0	
139.319	-2.62473	202.398	0	
139.125	-2.12847	203.362	0	
139.699	-0.92903	207.425	0	
140.7	-0.878155	206.097	0	
139.838	-1.37314	206.379	0	
139.536	-1.56937	205.324	0	
140.7	-0.446639	206.833	0	
138.75	-0.721756	207.95	0	
139.063	-0.907943	207.845	0	
139.835	-2.75977	201.597	0	
140.582	-1.7647	204.474	0	
141.013	-0.274407	205.639	0	
140.008	-0.35989	208.494	0	
140.239	-3.22457	200.859	0	
141.326	-2.36218	202.051	0	
140.467	-2.22473	202.991	0	
140.795	-2.58558	202.123	0	
140.963	-1.6295	204.591	0	
141.638	-0.576006	207.041	0	
140.316	-0.978488	206.825	0	
139.821	-3.82293	198.907	0	
141.535	-3.98514	199.335	0	
141.379	-1.86613	204.245	0	
141.674	-1.46632	205.423	0	
140.713	-3.14995	201.011	0	
141.625	-2.79017	201.854	0	
138.312	-4.75273	199.911	0	
139.829	-4.62463	199.515	0	
143.715	-0.382247	205.67	0	
144.378	-0.368067	206.255	0	
144.062	-0.183316	206.161	0	
144.758	-1.44766	206.997	0	
144.767	-0.962924	207.111	0	
143.248	-1.92265	204.548	0	
144.057	-0.916578	205.978	0	
146.187	-1.45594	207.186	0	
145.024	-0.374251	208.363	0	
143.545	-2.46139	203.181	0	
145.175	-1.74918	205.948	0	
145.555	-0.957315	209.474	0	
145.542	-0.1895	212.341	0	
145.638	-1.43597	208.693	0	
146.674	-0.987326	212.069	0	
144.123	-2.30376	204.332	0	
144.613	-2.65462	203.24	0	
144.535	-3.39638	202.222	0	
146.489	-3.87676	203.676	0	
142.637	-5.35158	200.366	0	
141.884	-5.60407	199.453	0	
145.755	-2.69128	204.17	0	
145.821	-3.4356	203.193	0	
134.966	-0.382852	205.385	0	
135.628	-0.368067	208.507	0	
135.312	-0.183316	212.008	0	
135.946	-0.921265	207.658	0	
136.357	-0.486349	210.2	0	
133.994	-0.25226	207.879	0	
133.577	-0.25226	210.102	0	
134.769	-1.47589	205.16	0	
135.307	-0.916578	206.063	0	
135.941	-1.4002	207.466	0	
136.672	-1.33964	207.537	0	
134.008	-1.68983	205.651	0	
136.029	-2.72944	200.912	0	
135.501	-1.70806	203.806	0	
135.382	-2.31168	203.896	0	
134.273	-0.883313	207.734	0	
134.654	-0.199537	206.783	0	
134.273	-0.451797	206.429	0	
133.591	-1.92647	204.216	0	
133.95	-1.16865	206.112	0	
133.46	-2.50157	203.817	0	
134.748	-2.42144	202.513	0	
132.783	-2.53423	202.671	0	
132.222	-3.27924	202.666	0	
134.07	-4.24631	200.984	0	
134.539	-2.94816	202.728	0	
132.696	-5.42645	202.362	0	
135.168	-4.70067	200.539	0	
131.291	-6.81971	204.946	0	
134.878	-5.37281	202.323	0	
135.853	-4.62144	200.993	0	
135.865	-3.42455	201.73	0	
134.108	-6.84424	204.531	0	
136.268	-5.18094	200.202	0	
136.079	-5.91739	201.797	0	
137.05	-4.03108	199.711	0	
130.004	-0.361702	201.07	0	
130.626	-0.368884	208.347	0	
130.312	-0.183316	212.261	0	
131.251	-0.401327	208.139	0	
130.939	-0.185568	209.876	0	
129.076	-0.230585	197.417	0	
129.508	-0.797547	198.847	0	
114.375	-0.240555	180.901	0	
129.691	-0.178386	197.122	0	
115.625	-0.360901	192.897	0	
115.312	-0.180445	191.742	0	
115.938	-0.902258	192.173	0	
117.013	-0.796906	186.38	0	
111.875	-0.233607	175.918	0	
115.292	-0.914235	193.119	0	
115.938	-1.27911	191.315	0	
117.013	-0.430275	190.597	0	
114.552	-1.06781	192.004	0	
115.61	-1.83986	193.421	0	
115.29	-1.2764	191.948	0	
116.259	-1.88478	192.939	0	
117.325	-0.249876	180.404	0	
116.25	-0.360855	190.026	0	
114.157	-1.03246	188.17	0	
113.932	-1.37074	190.356	0	
114.863	-1.36986	192.51	0	
114.875	-1.7112	193.459	0	
116.819	-2.62471	194.538	0	
116.96	-1.50306	191.337	0	
113.526	-1.3479	189.541	0	
115.289	-1.99678	194.536	0	
114.873	-2.68138	195.792	0	
117.512	-2.67582	196.336	0	
117.945	-1.80461	194.228	0	
116.25	-0.721768	187.823	0	
116.563	-0.907943	190.699	0	
112.812	-0.215758	187.476	0	
113.855	-0.747092	186.443	0	
113.283	-1.68444	192.054	0	
113.509	-2.07434	192.938	0	
114.6	-2.39357	194.995	0	
115.249	-2.41015	195.263	0	
115.862	-3.98935	198.151	0	
116.417	-2.91972	197.091	0	
117.582	-2.17407	193.263	0	
117.709	-1.24687	190.96	0	
113.959	-2.0684	193.907	0	
113.991	-2.90411	196.014	0	
114.868	-3.15748	196.349	0	
115.534	-2.79189	196.123	0	
112.381	-0.973484	185.577	0	
113.125	-0.384747	187.156	0	
113.125	-0.816264	187.273	0	
112.868	-1.62973	190.691	0	
112.641	-2.02292	192.703	0	
113.549	-2.80959	195.244	0	
114.21	-2.50075	194.692	0	
114.131	-3.49491	196.485	0	
115.335	-3.70816	196.518	0	
110.007	-0.731718	182.29	0	
112.258	-2.01698	192.678	0	
112.798	-1.17139	190.346	0	
111.879	-1.27478	190.077	0	
111.946	-2.49594	194.262	0	
112.261	-3.07904	195.42	0	
113.222	-3.23944	196.15	0	
113.587	-3.73498	196.798	0	
114.799	-4.02439	197.412	0	
114.545	-3.61372	196.771	0	
111.367	-1.92935	192.775	0	
111.02	-2.77581	195.347	0	
112.796	-2.99263	195.377	0	
111.792	-4.60314	197.383	0	
112.786	-5.05533	197.281	0	
115.727	-6.65595	200.291	0	
115.146	-5.21547	198.812	0	
117.923	-5.04993	199.809	0	
110.515	-1.84394	192.379	0	
110.514	-2.44102	191.653	0	
110.214	-1.46913	187.196	0	
109.04	-1.48287	186.772	0	
110.121	-3.28144	194.944	0	
111.21	-3.38966	195.378	0	
109.599	-2.37832	191.925	0	
109.48	-1.77469	190.75	0	
109.028	-3.55398	194.977	0	
110.14	-4.39018	197.252	0	
108.354	-4.03439	196.941	0	
109.618	-4.24679	195.607	0	
110.291	-4.96346	195.619	0	
110.885	-5.0758	197.439	0	
109.061	-5.34882	195.104	0	
110.469	-7.3577	196.941	0	
111.847	-5.72421	197.609	0	
112.834	-4.34506	197.245	0	
108.307	-5.98294	195.69	0	
109.802	-6.72561	195.594	0	
110.718	-6.12636	196.904	0	
110.027	-6.05695	195.243	0	
111.76	-7.13197	198.203	0	
113.492	-5.48229	197.474	0	
112.221	-4.14548	196.242	0	
112.188	-5.20668	196.444	0	
110.386	-8.44638	194.131	0	
112.108	-8.02917	195.629	0	
63.75	-0.467065	212.379	0	
64.5677	-0.895475	214.092	0	
64.8018	-1.29455	212.549	0	
65.7111	-0.394228	219.494	0	
63.8979	-1.90998	208.62	0	
65.9163	-2.88318	212.884	0	
65.9861	-0.210912	220.951	0	
65.1261	-0.481807	217.997	0	
66.028	-1.03693	215.625	0	
67.2873	-0.766093	221.39	0	
66.8085	-1.04502	216.035	0	
66.4447	-0.838001	217.552	0	
66.8085	-1.54547	216.701	0	
65.7111	-0.760859	219.45	0	
65.3501	-0.183316	221.662	0	
63.5334	-2.53337	212.025	0	
64.846	-2.34511	211.214	0	
66.3986	-1.87211	213.465	0	
65.9819	-1.57059	216.307	0	
67.279	-1.73059	215.51	0	
68.125	-0.721791	230.598	0	
66.939	-2.80712	213.544	0	
68.3169	-1.95971	217.674	0	
65.0216	-3.54228	217.206	0	
67.3557	-2.28328	215.319	0	
67.2193	-3.56082	215.162	0	
68.0453	-3.83055	214.434	0	
62.8025	-2.52917	209.578	0	
63.679	-3.71151	219.517	0	
63.9618	-4.53548	222.818	0	
64.6427	-4.45089	222.532	0	
65.8527	-4.27567	219.563	0	
65.7503	-3.49703	218.736	0	
68.75	-0.36376	234.493	0	
69.5127	-0.433192	232.491	0	
69.0625	-0.183316	227.444	0	
67.8125	-0.180456	237.629	0	
68.125	-0.360901	233.78	0	
68.4348	-1.28335	223.641	0	
69.0625	-0.913707	227.593	0	
67.3958	-0.348163	217.184	0	
68.4375	-0.180445	234.808	0	
67.704	-0.959277	220.459	0	
68.114	-1.56409	219.305	0	
68.7535	-1.88463	219.373	0	
69.3216	-2.62222	212.998	0	
69.448	-1.50076	219.667	0	
70.0139	-2.67333	212.405	0	
70.4358	-1.80384	219.726	0	
70.0752	-2.17081	215.269	0	
70.1991	-1.2461	220.934	0	
106.875	-0.399074	183.888	0	
105.625	-0.233607	175.383	0	
106.105	-0.86823	182.217	0	
106.875	-0.83059	182.738	0	
107.702	-1.79948	191.412	0	
107.25	-1.06873	188.166	0	
109.04	-0.926407	185.331	0	
105	-0.399074	184.975	0	
106.522	-1.06614	184.312	0	
105.792	-1.32063	185.495	0	
106.877	-2.26818	191.319	0	
106.072	-1.76111	189.37	0	
105.712	-2.58155	193.778	0	
107.301	-2.51774	194.316	0	
108.165	-1.49851	188.09	0	
105.881	-3.1372	195.199	0	
106.481	-2.49266	193.942	0	
106.764	-3.32951	196.317	0	
108.352	-2.87951	194.159	0	
107.667	-0.876848	183.297	0	
107.286	-1.56284	187.689	0	
105.592	-3.59328	195.902	0	
106.745	-3.86373	195.375	0	
107.271	-4.09059	196.796	0	
107.759	-3.32878	196.051	0	
107.264	-4.62135	195.129	0	
108.326	-4.58619	195.367	0	
106.592	-4.96186	195.726	0	
106.254	-6.27048	194.063	0	
105.284	-8.00707	192.086	0	
108.844	-6.73958	193.435	0	
83.75	-0.467065	235.009	0	
84.6505	-0.895475	223.805	0	
84.869	-1.26208	222.113	0	
86.1458	-1.26665	218.33	0	
84.6141	-1.63768	215.822	0	
85.2856	-1.49872	217.404	0	
84.1991	-1.67606	218.65	0	
84.6165	-2.40408	208.021	0	
83.7617	-1.30357	223.312	0	
83.5411	-2.05163	215.865	0	
84.8113	-2.8195	205.891	0	
85.2776	-2.84274	204.401	0	
83.2717	-2.42111	208.107	0	
83.4727	-2.84214	207.566	0	
83.9387	-2.81888	204.572	0	
83.5058	-3.73998	200.741	0	
86.0039	-3.23856	200.99	0	
86.2651	-2.77519	205.4	0	
82.7882	-2.39268	211.275	0	
82.0167	-2.83712	206.384	0	
84.5333	-4.07077	198.34	0	
84.3748	-3.09537	203.713	0	
85.1868	-3.85215	196.805	0	
84.1823	-3.61341	197.358	0	
86.333	-3.83374	198.112	0	
86.7515	-2.80555	203.438	0	
87.0773	-2.38308	208.953	0	
86.3472	-1.7875	213.51	0	
81.2326	-3.60389	201.755	0	
82.7466	-3.23827	203.983	0	
82.7664	-4.04596	199.061	0	
84.0776	-4.8703	193.967	0	
85.7667	-4.29771	195.465	0	
87.2402	-4.34973	196.49	0	
81.1404	-4.85053	197.695	0	
82.5241	-3.64016	198.773	0	
87.4052	-4.96143	196.546	0	
87.7177	-3.95301	199.456	0	
81.2997	-4.25239	197.499	0	
81.8593	-4.24408	198.565	0	
83.0038	-5.39094	193.868	0	
83.2624	-4.13886	195.56	0	
82.3418	-4.44864	195.907	0	
84.27	-5.73559	194.933	0	
82.3585	-5.12065	195.917	0	
81.7166	-5.51423	196.858	0	
85.588	-1.19851	216.308	0	
85.588	-0.530357	219.781	0	
86.4583	-0.781812	219.041	0	
87.9466	-2.85623	204.785	0	
87.6988	-1.46095	212.015	0	
88.1343	-5.17903	193.901	0	
88.3702	-3.99778	196.352	0	
88.5689	-2.87104	201.863	0	
88.6377	-1.84728	207.95	0	
87.7012	-2.37797	205.306	0	
88.8115	-3.43814	200.96	0	
89.5854	-3.58528	198.839	0	
88.9627	-2.40084	206.498	0	
81.5502	-6.38093	197.864	0	
83.463	-6.20286	196.685	0	
86.987	-6.36987	196.263	0	
90.1795	-4.91878	197.011	0	
87.19	-0.184751	232.382	0	
88.5417	-0.898582	212.623	0	
86.25	-0.415181	230.961	0	
86.8775	-0.368067	222.823	0	
86.5625	-0.183316	225.065	0	
87.1947	-0.920708	215.128	0	
87.6067	-0.350218	212.549	0	
87.2821	-1.39607	215.588	0	
87.9213	-0.966309	212.002	0	
92.901	-0.53519	199.768	0	
93.5333	-1.03853	199.785	0	
91.9635	-0.783538	210.871	0	
93.369	-0.553653	195.427	0	
92.2954	-1.09072	203.174	0	
91.7737	-1.81524	204.598	0	
92.276	-0.233592	222.133	0	
93.1004	-1.64353	200.963	0	
91.2151	-0.382247	198.998	0	
91.5625	-0.183316	210.294	0	
90.7482	-1.92265	203.929	0	
91.5574	-0.916578	203.293	0	
91.0454	-2.46139	204.627	0	
91.6543	-2.41887	201.706	0	
92.2566	-2.97021	202.604	0	
92.6486	-1.94325	201.552	0	
96.25	-0.36376	191.734	0	
96.8775	-0.368067	195.663	0	
96.5625	-0.183316	192.497	0	
97.1947	-0.920708	194.508	0	
98.4375	-0.180444	181.955	0	
95.3125	-0.180456	186.778	0	
95.625	-0.360901	190.618	0	
95.9348	-1.28335	194.161	0	
96.5625	-0.913707	194.497	0	
96.56	-1.27666	194.58	0	
98.125	-0.358085	188.701	0	
94.9666	-0.380108	199.001	0	
95.9375	-0.180445	188.445	0	
94.9636	-0.742721	198.131	0	
95.3095	-0.903958	196.755	0	
96.6572	-1.97917	196.453	0	
96.8681	-2.50014	197.812	0	
98.7648	-2.2862	192.879	0	
98.8912	-0.898618	185.533	0	
97.5025	-0.362392	195.843	0	
93.994	-0.252055	205.835	0	
93.5774	-0.252055	196.757	0	
94.68	-2.06779	199.998	0	
95.9031	-2.06434	197.793	0	
96.2394	-1.86147	196.096	0	
96.8709	-1.5893	196.048	0	
97.5778	-2.0708	196.848	0	
97.9507	-2.04697	194.135	0	
94.6512	-0.993781	199.061	0	
95.236	-1.30046	196.347	0	
95.1748	-2.11605	198.687	0	
95.4639	-3.26944	198.437	0	
97.4165	-2.57641	196.541	0	
97.8948	-2.86548	197.075	0	
94.5096	-1.70934	199.286	0	
95.8049	-2.83371	198.094	0	
95.8566	-4.0201	197.402	0	
96.4257	-2.9351	197.894	0	
98.266	-2.45082	197.19	0	
98.8459	-1.80529	196.345	0	
94.0182	-1.61726	200.847	0	
93.5652	-2.32299	200.334	0	
94.8865	-2.71528	199.3	0	
95.4274	-3.72546	196.427	0	
99.3711	-1.57159	188.806	0	
98.8542	-0.41405	189.542	0	
94.9947	-3.11756	198.337	0	
94.6152	-3.46142	198.294	0	
94.0479	-3.22314	198.407	0	
93.8948	-4.65548	198.327	0	
97.8171	-0.978483	193.299	0	
98.125	-0.789602	184.957	0	
98.4746	-1.09653	192.281	0	
94.2732	-0.883223	202.554	0	
94.6541	-0.199652	207.038	0	
94.2732	-0.451707	200.713	0	
93.6015	-1.8539	200.635	0	
93.95	-1.16845	199.439	0	
92.9654	-2.40672	201.851	0	
93.5622	-3.47901	200.312	0	
95.0817	-4.99709	196.331	0	
97.1765	-4.74405	193.823	0	
92.8233	-6.32027	190.596	0	
94.5861	-4.45039	193.97	0	
108.646	-0.422952	181.558	0	
109.378	-0.368067	183.908	0	
109.062	-0.183316	179.157	0	
109.695	-0.920708	187.012	0	
110.704	-0.887752	181.429	0	
108.165	-1.06999	187.121	0	
108.624	-1.78439	190.598	0	
109.797	-1.40424	187.627	0	
110.704	-0.456235	184.936	0	
111.016	-0.278594	179.109	0	
110.003	-0.362392	189.159	0	
111.035	-1.22717	188.225	0	
111.433	-0.5122	183.511	0	
110.317	-0.978483	187.43	0	
110.95	-1.69271	187.962	0	
111.879	-1.70933	188.229	0	
-126.54	-0.926209	210.722	0	
-126.562	-0.183316	211.232	0	
-126.849	-0.349223	210.228	0	
-127.162	-0.165908	208.857	0	
-127.195	-0.782415	212.047	0	
-126.542	-1.40587	207.781	0	
-125.41	-1.05598	209.375	0	
-127.295	-1.21102	208.555	0	
-126.547	-2.64712	196.245	0	
-125.8	-1.4964	207.053	0	
-125.363	-1.69137	204.941	0	
-128.613	-1.89146	206.234	0	
-127.069	-2.22775	200.199	0	
-129.083	-2.52756	198.408	0	
-127.66	-2.35656	198.678	0	
-132.604	-0.351022	217.456	0	
-131.872	-0.368067	219.064	0	
-132.188	-0.183316	224.613	0	
-131.555	-0.920708	218.566	0	
-131.143	-0.350218	226.077	0	
-131.486	-1.34104	219.518	0	
-130.829	-0.966309	220.323	0	
103.44	-0.184751	177.941	0	
104.792	-0.83059	184.128	0	
147.466	-0.382852	207.755	0	
148.128	-0.368067	205.39	0	
147.812	-0.183316	203.354	0	
148.445	-0.920708	206.139	0	
148.857	-0.350218	205.089	0	
146.946	-0.199537	215.414	0	
146.465	-0.55581	211.506	0	
147.391	-1.7017	206.086	0	
147.807	-0.916578	207.112	0	
148.442	-1.28208	206.001	0	
149.171	-0.966309	207.287	0	
146.952	-2.16482	205.435	0	
147.964	-2.5399	205.328	0	
148.123	-1.45789	206.734	0	
148.686	-1.89771	206.717	0	
147.388	-1.34328	207.66	0	
147.961	-2.01781	206.357	0	
149.088	-2.11015	207.349	0	
149.351	-1.79404	207.509	0	
155	-0.36376	217.512	0	
155.628	-0.368067	219.881	0	
155.312	-0.183316	218.133	0	
155.945	-0.920708	221.829	0	
156.326	-0.736598	222.356	0	
154.062	-0.180456	214.327	0	
154.375	-0.360901	215.303	0	
154.685	-1.28335	216.736	0	
155.312	-0.913707	218.847	0	
155.31	-1.27666	218.959	0	
156.636	-0.983364	224.003	0	
153.75	-0.412322	214.742	0	
154.688	-0.180445	216.422	0	
153.958	-0.773211	214.354	0	
154.364	-1.46288	215.786	0	
155.407	-1.97917	220.64	0	
155.618	-2.50014	220.726	0	
156.354	-2.10871	223.202	0	
157.062	-0.886972	226.182	0	
156.84	-0.182522	224.333	0	
153.95	-1.13604	214.102	0	
153.733	-1.9688	214.35	0	
154.989	-1.86147	218.187	0	
155.621	-1.5893	220.059	0	
156.193	-2.61432	224.085	0	
156.737	-2.09548	226.166	0	
157.105	-3.0466	227.747	0	
156.792	-1.6563	225.102	0	
157.126	-2.439	227.58	0	
157.311	-1.1993	227.501	0	
157.156	-1.58953	227.932	0	
157.784	-1.16284	230.566	0	
156.554	-3.20869	225.431	0	
158.7	-2.30757	234.648	0	
157.573	-1.82617	229.243	0	
157.978	-1.55806	231.823	0	
158.497	-1.65431	233.526	0	
158.196	-0.667983	235.78	0	
158.207	-2.62162	232.488	0	
159.264	-2.49245	236.431	0	
156.055	-3.742	223.829	0	
158.338	-4.28642	231.63	0	
159.248	-3.67163	235.343	0	
158.844	-1.26621	236.322	0	
157.552	-3.41859	230.048	0	
159.629	-1.94061	238.573	0	
159.412	-1.36764	236.968	0	
159.533	-3.11988	237.572	0	
159.723	-0.776533	238.427	0	
160.47	-4.19844	240.699	0	
160.934	-3.36647	241.338	0	
163.072	-1.30674	245.207	0	
160.366	-2.10208	239.674	0	
158.639	-3.69577	233.603	0	
158.509	-5.03297	233.847	0	
160.333	-6.49326	237.412	0	
163.455	-3.17093	246.737	0	
158.182	-3.19614	231.746	0	
157.316	-6.6356	228.666	0	
157.951	-6.3263	231.682	0	
158.701	-6.78512	233.106	0	
157.689	-4.15241	231.25	0	
157.418	-5.25569	230.143	0	
-36.2145	-0.538447	197.956	0	
-35.6239	-0.368884	198.174	0	
-35.9375	-0.183316	197.252	0	
-34.9989	-0.401327	193.153	0	
-35.3114	-0.185568	195.483	0	
-89.9964	-0.361702	178.418	0	
-89.3739	-0.368884	177.123	0	
-89.6875	-0.183316	175.769	0	
-88.7489	-0.401327	176.316	0	
-89.0614	-0.185568	176.093	0	
-90.9235	-0.230585	174.729	0	
-90.4923	-0.797547	176.435	0	
6.14583	-0.422952	174.945	0	
-90.3089	-0.178386	176.242	0	
6.87609	-0.368884	176.307	0	
6.5625	-0.183316	173.111	0	
7.50109	-0.401327	179.942	0	
7.18859	-0.185568	175.844	0	
5.66749	-1.06999	182.655	0	
6.53117	-1.39202	180.152	0	
102.396	-0.422952	188.408	0	
103.128	-0.368067	181.423	0	
102.812	-0.183316	177.179	0	
103.445	-0.920708	184.09	0	
103.857	-0.350218	180.155	0	
101.915	-1.06999	190.132	0	
102.779	-1.38865	185.476	0	
103.515	-1.33916	184.774	0	
104.171	-0.966309	184.115	0	
-63.9578	-7.08996	266.429	0	
-62.4721	-6.2117	257.705	0	
-61.4755	-7.61982	296.267	0	
-59.8288	-6.24308	257.157	0	
-56.5091	-8.62697	322.651	0	
-56.1584	-9.71525	337.44	0	
77.2559	-3.72916	204.621	0	
77.3798	-5.11603	203.074	0	
78.5679	-6.74465	205.563	0	
78.5308	-4.40791	201.428	0	
53.5747	-3.76697	223.238	0	
55.2475	-3.66207	219.5	0	
54.7652	-4.30743	228.886	0	
53.8808	-4.35119	231.093	0	
35.1567	-7.00554	218.232	0	
36.3859	-6.13948	215.087	0	
40.3722	-7.74558	213.878	0	
39.7216	-8.67604	213.998	0	
43.2176	-9.26998	191.104	0	
44.4272	-8.07031	202.102	0	
44.1414	-6.65656	213.54	0	
45.3824	-7.87602	206.59	0	
28.4812	-8.33495	213.679	0	
30.3894	-9.48839	221.869	0	
31.191	-7.86491	218.113	0	
32.202	-9.1351	222.409	0	
25.6663	-6.99209	204.517	0	
25.8893	-8.31939	209.651	0	
24.3939	-7.8363	206.822	0	
27.1596	-10.801	216.287	0	
26.4558	-10.0738	214.758	0	
26.6743	-9.11764	212.256	0	
29.5712	-8.52377	215.802	0	
27.3166	-8.14955	211.345	0	
28.1924	-9.41065	217.069	0	
28.7059	-9.04085	216.312	0	
-147.729	-7.45662	269.894	0	
-146.244	-7.56998	273.769	0	
-137.827	-6.70554	246.214	0	
-136.967	-7.04179	241.653	0	
118.388	-3.58401	198.096	0	
117.219	-4.75455	196.366	0	
125.538	-5.02827	200.243	0	
125.822	-3.65979	198.498	0	
-126.942	-5.97626	226.225	0	
-126.479	-7.21085	255.769	0	
-127.663	-4.85663	203.911	0	
-128.817	-6.55493	224.111	0	
-127.535	-9.12252	305.779	0	
-125.035	-7.46885	260.645	0	
-124.407	-6.14558	230.749	0	
-124.252	-4.71403	199.56	0	
-124.288	-7.13818	238.168	0	
-121.688	-6.71637	245.365	0	
-128.939	-5.0641	198.74	0	
-127.597	-5.66179	206.745	0	
-114.243	-7.04782	248.52	0	
-110.616	-8.22178	295.37	0	
-111.621	-3.32586	191.734	0	
-112.391	-3.7881	192.718	0	
103.739	-9.43774	190.189	0	
105.063	-9.2415	187.126	0	
-103.594	-4.87287	217.325	0	
-103.472	-5.96462	220.115	0	
-101.373	-4.56772	199.289	0	
-99.3329	-5.40675	226.843	0	
-98.9348	-6.89222	293.228	0	
-96.3267	-7.99413	315.909	0	
-97.1804	-5.67557	228.449	0	
-95.8536	-5.03889	211.852	0	
-84.6742	-5.04282	209.405	0	
-82.9365	-6.95665	278.683	0	
-80.7978	-5.09503	224.674	0	
-80.3447	-3.71485	197.836	0	
-21.2103	-6.28213	226.57	0	
-19.644	-5.34834	212.189	0	
-17.9934	-7.04782	227.241	0	
-14.7446	-6.60043	196.441	0	
-28.747	-4.81039	214.518	0	
-28.0874	-6.21281	268.487	0	
-25.8133	-5.09464	224.763	0	
-25.3849	-3.73916	200.193	0	
-30.3136	-5.8801	243.925	0	
-29.3214	-4.03429	203.636	0	
-29.7012	-6.27429	263.839	0	
-28.8932	-5.8909	242.309	0	
-36.2448	-6.82991	283.31	0	
-31.8778	-7.89716	330.864	0	
-30.242	-8.54882	342.402	0	
-28.7599	-7.50877	318.215	0	
-81.0625	-6.71722	272.248	0	
-80.5216	-11.0844	464.342	0	
-50.723	-6.38391	269.438	0	
-50.2415	-8.02952	306.02	0	
-47.3428	-8.78702	331.995	0	
-48.9395	-10.5205	373.606	0	
91.1272	-4.56772	194.611	0	
92.413	-4.96062	193.134	0	
70.8884	-3.58401	207.505	0	
69.1456	-3.26181	212.867	0	
-2.61814	-6.9979	185.163	0	
0.0105666	-7.23917	190.86	0	
-9.19393	-6.39616	184.307	0	
-7.93629	-7.71101	185.032	0	
1.64362	-5.87033	198.302	0	
2.85186	-5.79079	200.116	0	
0.984397	-6.25852	197.023	0	
4.00614	-9.21584	183.617	0	
15.2722	-7.54103	201.904	0	
15.5328	-10.228	190.126	0	
11.3331	-7.3079	204.041	0	
13.8822	-8.3491	200.186	0	
156.093	-6.51319	225.009	0	
156.829	-5.56538	226.794	0	
145.772	-5.35053	203.26	0	
147.849	-4.81894	205.462	0	
148.776	-6.2223	208.291	0	
150.029	-6.62188	210.746	0	
136.982	-4.85388	200.363	0	
138.205	-7.04101	202.279	0	
147.888	-6.91502	207.599	0	
146.449	-4.72067	203.51	0	
135.012	-6.99851	203.061	0	
136.125	-8.574	205.472	0	
115.048	-6.29349	197.793	0	
116.53	-5.13785	199.423	0	
85.4402	-7.13863	198.077	0	
86.813	-5.48381	193.016	0	
80.4266	-5.14844	195.842	0	
77.5071	-7.21779	209.702	0	
89.3119	-9.03876	207.133	0	
90.6629	-8.31649	192.389	0	
97.8198	-4.98867	195.357	0	
98.4562	-3.73028	197.699	0	
92.6415	-4.2439	199.83	0	
91.7239	-5.21429	197.297	0	
97.5669	-6.91094	189.932	0	
96.4973	-5.1649	194.893	0	
95.1417	-5.89474	190.231	0	
95.9511	-6.42917	192.768	0	
157.976	-5.60466	230.037	0	
157.302	-4.54999	227.661	0	
-63.4588	-8.90026	312.643	0	
-61.1113	-8.56578	315.935	0	
-60.023	-8.95619	335.087	0	
-59.9044	-7.18814	269.389	0	
78.4297	-5.64888	202.773	0	
80.6226	-6.28378	201.887	0	
54.4401	-6.89091	226.897	0	
55.4011	-7.62355	214.467	0	
34.2639	-7.32792	217.408	0	
35.8644	-8.61548	221.897	0	
45.9183	-8.55615	192.724	0	
47.0284	-7.42672	208.763	0	
33.2443	-9.81711	223.865	0	
34.1133	-8.96631	222.66	0	
22.6588	-7.5195	202.498	0	
24.8225	-11.7319	211.184	0	
28.2368	-10.327	218.462	0	
30.848	-10.0175	221.712	0	
29.4042	-7.37901	209.365	0	
27.9506	-7.92572	211.689	0	
29.4063	-9.18095	218.552	0	
29.0982	-8.06375	215.314	0	
29.8101	-9.62164	220.318	0	
30.5736	-8.94737	219.036	0	
28.8895	-10.7869	219.956	0	
30.3271	-10.6176	222.768	0	
29.6201	-10.3343	221.069	0	
31.0117	-11.4903	220.502	0	
28.8168	-12.0329	217.501	0	
30.232	-12.453	221.498	0	
31.1348	-8.83664	221.377	0	
30.4469	-7.86947	214.548	0	
31.5353	-9.27464	221.798	0	
32.2035	-8.49863	221.469	0	
31.4326	-9.91452	223.555	0	
32.5318	-9.72243	223.109	0	
-149.377	-7.33119	261.44	0	
-148.15	-9.14761	301.848	0	
-128.455	-5.77383	221.678	0	
-130.433	-6.99264	233.509	0	
-124.645	-12.977	459.139	0	
-126.466	-8.44842	278.463	0	
-123.393	-7.31089	250.814	0	
-122.895	-8.10751	279.079	0	
-129.754	-4.63125	201.78	0	
-129.856	-6.39431	225.715	0	
-105.328	-6.5526	243.599	0	
-103.828	-7.83563	283.069	0	
-100.743	-5.07131	209.619	0	
-100.649	-6.04429	234.227	0	
-97.976	-5.93564	248.343	0	
-96.2985	-7.01973	279.803	0	
-95.3164	-8.74334	346.483	0	
-94.6407	-6.47669	259.166	0	
-96.8371	-6.68935	254.638	0	
-95.5607	-6.34622	249.26	0	
-28.0143	-7.19886	283.292	0	
-27.1642	-7.73078	324.131	0	
-33.5377	-8.49456	352.928	0	
-31.185	-11.3181	488.084	0	
-44.6946	-11.4617	406.638	0	
-45.8382	-9.73917	353.908	0	
67.8165	-5.383	223.395	0	
69.7105	-4.7211	216.532	0	
0.313594	-5.79921	196.775	0	
-0.0101626	-8.08859	183.16	0	
1.64853	-7.725	188.98	0	
1.42661	-9.37516	177.677	0	
15.1115	-9.22048	196.407	0	
13.1709	-8.04092	199.238	0	
139.481	-7.10547	201.804	0	
138.923	-5.93416	200.612	0	
146.107	-6.48389	204.425	0	
147.14	-5.23929	204.77	0	
136.732	-6.40004	201.174	0	
137.47	-5.99083	201.12	0	
97.9557	-5.6648	191.502	0	
99.0114	-4.81985	195.641	0	
96.5923	-5.93129	190.862	0	
98.3933	-6.8686	189.053	0	
95.7654	-7.38205	187.472	0	
98.7022	-7.46763	189.287	0	
91.6075	-6.3768	191.379	0	
92.9876	-5.5815	196.737	0	
155.989	-7.26502	225.048	0	
157.835	-8.23256	230.865	0	
156.371	-4.31503	225.941	0	
155.367	-5.26884	223.191	0	
156.111	-4.99292	224.743	0	
155.424	-6.13083	223.271	0	
154.609	-6.56123	222.199	0	
156.097	-8.98221	223.985	0	
34.9608	-13.6694	189.751	0	
34.9763	-10.1682	218.149	0	
26.9571	-11.9429	215.618	0	
28.2294	-14.2982	207.573	0	
-124.725	-9.76575	336.69	0	
-118.892	-7.38996	255.463	0	
-101.615	-6.66166	247.709	0	
-99.9242	-8.85411	368.008	0	
68.2311	-7.24323	228.422	0	
69.0462	-5.09205	216.029	0	
14.2371	-9.18785	195.295	0	
15.6582	-8.36387	201.018	0	
136.769	-7.1215	203.355	0	
138.006	-8.917	204.128	0	
140.431	-7.39872	201.575	0	
141.262	-4.79307	199.492	0	
97	-7.85413	186.815	0	
97.3805	-8.64742	188.305	0	
90.4836	-6.94088	196.408	0	
92.2502	-7.8091	191.803	0	
158.019	-9.65868	230.191	0	
158.709	-7.66024	232.469	0	
161.325	-6.02041	240.936	0	
159.355	-6.00907	235.91	0	
69.096	-7.81263	210.201	0	
69.0094	-5.95772	222.407	0	
135.756	-7.60733	204.004	0	
137.366	-8.44179	205.375	0	
137.033	-11.0683	207.647	0	
140.158	-10.0147	206.69	0	
140.964	-6.71682	200.537	0	
141.8	-6.53162	201.25	0	
97.2964	-10.4251	187.671	0	
98.779	-8.96151	188.287	0	
91.9046	-8.69961	195.13	0	
93.4018	-6.85111	193.359	0	
155.033	-7.34554	222.757	0	
155.993	-10.1529	227.126	0	
142.915	-7.35256	202.038	0	
144.297	-5.18198	201.285	0	
93.1684	-9.9454	196.342	0	
94.8512	-7.59169	191.816	0	
93.1163	-7.70789	190.522	0	
94.3385	-10.0009	191.226	0	
155.03	-8.35365	223.335	0	
151.505	-8.13349	214.944	0	
126.121	-7.5741	205.076	0	
125.697	-8.52427	209.681	0	
129.585	-9.19643	211.819	0	
128.574	-9.61105	211.27	0	
-53.6005	-8.50719	311.811	0	
-52.9864	-9.18596	334.83	0	
-157.725	-7.73552	187.805	0	
-159.026	-6.54556	160.437	0	
-153.078	-10.5385	291.883	0	
-150.545	-8.77326	285.057	0	
-152.435	-7.70691	249.91	0	
-151.469	-6.37959	241.884	0	
-156.44	-12.3132	260.201	0	
-155.034	-12.2044	274.264	0	
-152.931	-12.6073	320.82	0	
-151.35	-9.57075	300.314	0	
-146.503	-9.45733	313.87	0	
-143.464	-8.11723	283.89	0	
99.1021	-10.4234	189.039	0	
101.742	-11.4518	190.168	0	
-85.0357	-6.97728	275.724	0	
-84.0066	-6.54073	243.801	0	
-104.555	-4.6494	193.949	0	
-105.831	-3.6394	189.481	0	
-75.285	-8.1039	316.403	0	
-73.6865	-6.57241	276.287	0	
-15.8064	-6.52823	200.945	0	
-13.9959	-7.53912	200.291	0	
-42.7483	-8.88706	349.804	0	
-41.0041	-7.62704	305.102	0	
-52.0712	-8.87798	314.715	0	
-49.8931	-11.8406	396.309	0	
-40.0746	-6.99061	275.001	0	
-34.1372	-10.3072	426.451	0	
75.8119	-8.11806	216.584	0	
77.059	-8.42005	212.773	0	
59.1076	-5.58786	232.37	0	
56.3224	-6.84168	228.665	0	
6.33578	-9.87572	183.76	0	
7.71287	-12.7548	170.754	0	
10.3662	-8.20418	199.193	0	
9.73683	-6.59024	203.297	0	
10.1881	-9.6168	190.937	0	
12.3538	-8.38391	198.391	0	
20.965	-8.1039	199.29	0	
22.5635	-6.57241	204.61	0	
130.701	-9.88766	211.986	0	
133.284	-7.42594	205.591	0	
107.956	-7.7014	193.721	0	
112.599	-10.5144	203.532	0	
112.94	-8.20641	200.613	0	
114.028	-6.92483	198.904	0	
163.572	-0.464035	249.057	0	
161.76	-0.752573	243.444	0	
39.5273	-10.8338	195.217	0	
41.4002	-11.9762	169.966	0	
41.86	-10.6418	174.282	0	
45.7853	-10.3304	153.969	0	
24.6728	-9.69033	210.113	0	
25.8729	-14.1073	207.473	0	
-139.975	-6.74356	235.914	0	
-138.662	-7.26124	249.995	0	
-136.041	-8.20542	278.401	0	
-135.3	-7.71526	263.173	0	
-110.615	-5.52498	220.259	0	
-109.616	-4.5181	201.316	0	
-110.94	-6.43375	238.907	0	
-110.33	-7.20723	256.623	0	
-31.2292	-8.91196	365.1	0	
-27.9869	-11.5208	470.738	0	
-10.8308	-6.95331	185.826	0	
-8.51423	-8.61698	179.513	0	
153.86	-6.21795	218.487	0	
153.918	-5.26074	218.713	0	
147.031	-6.32908	205.444	0	
149.187	-8.49723	210.999	0	
114.609	-8.29542	201.05	0	
117.559	-6.56357	201.415	0	
-61.3671	-10.5498	367.024	0	
-58.2852	-9.15022	333.655	0	
53.2619	-7.26063	230.076	0	
51.8666	-8.38299	194.864	0	
57.4149	-8.84032	192.586	0	
57.9042	-6.93296	224.822	0	
36.4941	-9.38124	217.927	0	
38.3367	-8.61659	218.003	0	
45.1591	-9.28718	186.711	0	
45.3514	-11.72	147.313	0	
32.9432	-11.6503	219.461	0	
33.5557	-10.7692	220.335	0	
-150.539	-7.97152	269.363	0	
-148.88	-8.67415	289.088	0	
-148.12	-10.9388	348.873	0	
-146.794	-10.3136	331.567	0	
-45.2412	-12.6959	434.072	0	
-41.771	-9.4002	363.91	0	
1.15358	-8.54841	186.7	0	
0.918894	-7.07253	191.654	0	
13.9438	-9.98794	190.407	0	
14.7419	-10.6823	191.122	0	
10.7095	-8.96567	190.94	0	
16.5637	-10.8128	195.788	0	
14.2719	-11.5109	185.847	0	
12.9809	-13.4462	180.264	0	
69.3262	-9.13396	216.511	0	
70.5937	-9.62156	204.886	0	
138.639	-13.0221	208.183	0	
139.372	-10.7779	206.416	0	
141.54	-10.2046	206.365	0	
140.62	-8.26933	204.281	0	
96.1061	-8.11741	189.981	0	
98.2727	-11.6155	191.727	0	
142.792	-4.50824	199.936	0	
143.689	-5.84752	201.148	0	
90.6466	-12.4338	218.891	0	
95.9449	-11.0326	190.749	0	
93.5478	-8.40427	192.906	0	
94.7277	-9.1831	192.481	0	
124.563	-8.89817	209.766	0	
124.459	-11.9739	216.639	0	
-55.0268	-9.62213	345.209	0	
-51.1204	-11.0344	379.684	0	
-141.471	-12.3659	417.04	0	
-142.362	-8.07281	281.696	0	
-144.073	-9.31833	322.401	0	
-143.598	-11.6695	397.359	0	
74.0345	-8.46189	218.3	0	
76.575	-10.6922	210.382	0	
79.5436	-9.51145	218.171	0	
79.8138	-7.19521	203.295	0	
8.19316	-8.28084	193.496	0	
7.69934	-11.324	181.106	0	
11.0025	-13.2641	179.68	0	
8.73537	-10.6174	178.733	0	
10.0296	-11.1363	184.375	0	
11.5369	-9.44857	192.003	0	
10.1345	-12.5854	172.286	0	
13.1172	-11.1284	185.711	0	
10.6589	-10.5342	184.698	0	
13.1544	-10.1624	189.96	0	
113.318	-9.35648	200.088	0	
114.748	-10.1109	204.756	0	
163.615	-2.28484	248.365	0	
165.193	-2.28507	250.374	0	
-137.65	-8.42199	282.303	0	
-137.064	-9.35956	313.081	0	
-136.026	-9.20797	305.571	0	
-133.786	-7.57975	261.026	0	
-134.75	-5.45308	203.946	0	
-111.972	-6.54525	236.617	0	
-113.475	-7.92964	281.966	0	
150.978	-5.87604	211.307	0	
151.059	-9.39072	214.296	0	
145.457	-7.38999	204.465	0	
144.134	-11.3391	208.848	0	
116.115	-10.4092	206.589	0	
117.297	-7.94994	202.935	0	
-58.5469	-13.9676	425.029	0	
-58.8013	-10.2804	362.896	0	
34.4395	-10.9575	219.372	0	
40.199	-12.0751	165.755	0	
47.8712	-12.6673	119.605	0	
49.8268	-10.9742	144.34	0	
34.3551	-12.7574	206.352	0	
35.8242	-11.9139	207.069	0	
-152.433	-9.4996	276.56	0	
-149.027	-10.9086	330.717	0	
-149.716	-10.018	316.808	0	
-148.962	-13.8014	384.888	0	
68.2879	-9.97442	183.896	0	
68.4731	-11.8281	185.363	0	
73.1899	-10.3451	212.069	0	
72.387	-7.19581	215.788	0	
97.5342	-9.61902	188.991	0	
97.9126	-12.791	190.756	0	
94.8574	-10.8071	194.957	0	
95.5525	-9.17588	187.996	0	
-53.313	-12.9788	409.253	0	
-52.3126	-11.7371	386.522	0	
-147.801	-10.1205	325.01	0	
-145.052	-9.63615	314.755	0	
11.5628	-10.5532	187.108	0	
12.3204	-11.3877	183.92	0	
111.362	-10.208	197.602	0	
110.293	-11.2851	202.443	0	
162.543	-3.58819	244.974	0	
164.348	-4.04179	247.486	0	
-138.782	-10.199	339.141	0	
164.372	-0.845335	249.836	0	
-140.473	-8.60454	283.573	0	
-137.298	-10.3186	351.027	0	
-135.733	-11.488	396.053	0	
-134.464	-9.04846	299.509	0	
-133.039	-7.98404	265.067	0	
-132.193	-7.62401	261.252	0	
-133.887	-6.70508	229.974	0	
-133.257	-5.1193	196.186	0	
114.242	-9.40737	201.603	0	
116.058	-8.54982	202.861	0	
34.8677	-11.8986	206.697	0	
35.9944	-10.2445	219.857	0	
-152.489	-11.6135	308.182	0	
-149.582	-12.3118	369.245	0	
-150.73	-10.3787	305.436	0	
-151.224	-11.3826	332.446	0	
98.7929	-14.2625	199.901	0	
100.022	-12.0243	188.496	0	
99.0958	-11.4645	187.898	0	
100.839	-12.8623	195.862	0	
94.3671	-8.33427	188.217	0	
92.7384	-9.19757	190.226	0	
93.0422	-11.4602	198.127	0	
96.6303	-12.4139	193.816	0	
-147.169	-12.2524	373.281	0	
-145.901	-11.8019	389.448	0	
162.49	-4.70793	244.675	0	
163.752	-5.02614	245.889	0	
166.729	-6.06046	250.615	0	
167.261	-4.55718	251.64	0	
167.519	-1.40058	252.464	0	
-143.282	-10.4239	337.432	0	
-133.025	-8.82839	294.459	0	
-133.701	-9.38599	313.851	0	
-131.498	-8.19606	264.521	0	
114.972	-11.1973	205.44	0	
115.882	-11.2752	207.828	0	
33.3144	-12.6974	208.908	0	
37.9658	-13.7917	167.34	0	
102.104	-12.5166	188.754	0	
100.588	-11.2538	189.365	0	
161.374	-4.94235	240.924	0	
160.468	-7.86515	238.059	0	
164.415	-1.82343	248.815	0	
165.946	-1.76982	251.186	0	
-133.284	-10.3019	336.4	0	
-132.148	-9.89263	331.783	0	
-130.493	-7.94307	263.562	0	
-131.521	-6.33127	229.8	0	
116.825	-12.0589	211.014	0	
117.284	-10.349	208.432	0	
114.412	-12.122	209.426	0	
122.778	-14.5448	219.446	0	
120.319	-10.9155	211.53	0	
122.461	-8.95516	209.905	0	
166.919	-2.32627	251.797	0	
166.846	-0.46284	252.293	0	
166.516	-3.57699	251.628	0	
169.723	-2.62371	254.318	0	
-70.7247	-8.82959	345.296	0	
-69.7162	-8.20168	304.972	0	
-67.4767	-8.34644	309.671	0	
-66.9662	-10.8343	392.74	0	
52.8099	-12.4762	109.251	0	
53.6001	-9.00674	184.12	0	
119.407	-8.56644	205.943	0	
122.667	-10.2552	210.978	0	
-120.777	-9.98204	341.09	0	
-118.288	-12.325	440.681	0	
-95.5262	-10.3675	404.287	0	
-93.6516	-10.5809	445.38	0	
-108.197	-7.83312	292.925	0	
-108.388	-8.93148	304.048	0	
-25.7509	-9.43537	371.367	0	
-23.2567	-8.89177	346.952	0	
62.7562	-10.9836	144.393	0	
64.6258	-10.859	175.642	0	
106.21	-10.1173	192.885	0	
108.831	-8.7761	193.127	0	
-56.7681	-10.905	376.557	0	
-54.3438	-10.7011	369.264	0	
-115.729	-7.36401	272.836	0	
-116.465	-8.85696	291.51	0	
-82.8164	-8.23455	325.586	0	
-80.646	-8.03514	289.282	0	
-19.4786	-7.36401	249.846	0	
-21.1594	-9.05372	318.701	0	
84.422	-7.74399	200.996	0	
87.8688	-8.20367	195.306	0	
82.9109	-9.33343	210.586	0	
83.2266	-6.98627	197.844	0	
86.4095	-7.25977	195.118	0	
86.8728	-8.47907	204.391	0	
-106.01	-7.54896	285.699	0	
-104.534	-8.71556	323.953	0	
-26.8859	-9.05395	367.19	0	
-25.2134	-8.25481	337.01	0	
-28.1636	-9.75162	421.409	0	
-29.2768	-12.3309	507.597	0	
-25.1484	-10.957	428.556	0	
-21.2454	-10.7089	353.391	0	
-34.5105	-8.04326	328.983	0	
-35.4123	-8.74483	360.441	0	
157.028	-10.6655	227.298	0	
159.497	-8.25608	233.547	0	
157.181	-13.0191	227.68	0	
161.789	-10.5559	238.147	0	
149.648	-9.64702	213.125	0	
151.326	-11.9076	215.434	0	
133.762	-11.8762	213.87	0	
131.534	-9.05819	209.422	0	
126.249	-10.3181	214.811	0	
127.639	-13.0562	217.54	0	
-159.331	-10.6168	193.531	0	
-157.482	-11.1779	229.136	0	
-161.198	-7.40306	139.169	0	
-159.302	-8.65266	170.063	0	
-77.4144	-8.27874	334.716	0	
-72.3127	-11.5071	435.498	0	
-17.2342	-7.97857	241.19	0	
-14.3115	-8.36997	221.824	0	
-15.6763	-9.63816	250.143	0	
-11.9867	-9.28641	210.218	0	
-41.8155	-6.84212	266.826	0	
-40.9717	-8.86593	344.652	0	
-49.4618	-13.653	419.36	0	
-47.5552	-10.9887	392.777	0	
-35.3553	-6.27336	255.559	0	
-36.3462	-8.21665	332.151	0	
60.26	-8.45747	202.102	0	
62.8084	-8.22788	200.681	0	
57.2618	-7.47589	216.307	0	
59.5356	-6.51083	230.022	0	
56.5104	-9.54166	166.684	0	
58.3684	-9.33644	171.86	0	
57.6804	-11.5757	119.523	0	
59.1183	-8.56577	195.758	0	
58.6007	-10.776	143.273	0	
60.7812	-9.54916	171.313	0	
18.8356	-8.27874	198.849	0	
22.5431	-11.2561	206.299	0	
21.8592	-8.39582	206.875	0	
22.6509	-9.72284	202.681	0	
36.4142	-11.0491	204.123	0	
36.3293	-12.7122	192.019	0	
42.1913	-13.1407	131.228	0	
43.9093	-11.7653	142.574	0	
-11.7608	-7.71808	192.275	0	
-9.40136	-8.3431	196.088	0	
-7.80237	-9.687	192.997	0	
-6.84815	-9.25551	180.815	0	
-8.17721	-11.3362	200.672	0	
-2.13375	-10.9984	180.106	0	
-4.89449	-8.68843	179.678	0	
-6.9796	-8.10695	180.243	0	
51.9395	-9.31215	174.544	0	
54.5276	-9.51372	164.879	0	
50.522	-9.97694	159.388	0	
53.3692	-11.2541	124.302	0	
52.8683	-9.62762	167.98	0	
52.6498	-10.614	143.585	0	
48.8986	-10.498	155.967	0	
51.0799	-13.4336	83.1245	0	
51.6201	-12.626	103.111	0	
59.5518	-17.3492	50.6942	0	
46.5924	-13.1695	101.752	0	
50.0151	-12.8934	104.724	0	
51.1584	-11.744	116.505	0	
50.1455	-11.823	113.76	0	
49.0965	-15.1237	72.0517	0	
54.1279	-14.8348	67.4238	0	
-42.7296	-13.5765	454.309	0	
-42.8878	-10.8771	397.854	0	
-43.4714	-9.74305	363.769	0	
-43.4175	-11.775	422.725	0	
16.1673	-16.8343	180.588	0	
18.1332	-14.9517	186.09	0	
142.66	-11.4865	207.506	0	
144.263	-9.68291	205.988	0	
123.534	-8.22815	207.504	0	
121.496	-8.55012	206.293	0	
-109.733	-9.13141	320.338	0	
-109.256	-7.01851	249.086	0	
145.584	-8.92388	207.295	0	
151.801	-10.2782	217.381	0	
73.1263	-9.25481	212.038	0	
73.5665	-7.28492	214.627	0	
-135.354	-12.467	418.383	0	
-133.67	-11.7464	389.786	0	
-154.014	-13.0717	296.626	0	
-150.764	-12.4251	335.188	0	
98.575	-19.0248	216.309	0	
95.4148	-13.1381	201.663	0	
32.376	-13.7057	203.413	0	
32.7995	-15.0344	189.479	0	
35.9785	-13.6089	185.205	0	
37.644	-11.4248	205.349	0	
105.809	-11.5064	191.102	0	
103.561	-10.5251	188.607	0	
161.609	-8.73907	238.817	0	
162.715	-6.82405	242.205	0	
-71.6282	-8.03009	299.625	0	
-70.8751	-10.3924	386.937	0	
-66.3283	-12.5359	446.732	0	
-64.822	-13.0431	426.327	0	
-97.3115	-8.77329	356.91	0	
-101.209	-11.5087	485.321	0	
-94.8251	-11.25	453.589	0	
-94.3472	-12.5548	491.136	0	
-58.1733	-11.2586	379.494	0	
-59.2336	-12.8416	418.214	0	
-112.4	-7.58033	269.172	0	
-113.799	-9.39517	318.471	0	
-85.0565	-9.07442	359.013	0	
-81.9672	-10.4964	390.743	0	
82.435	-10.7763	218.64	0	
89.9909	-14.699	212.189	0	
-103.924	-9.99828	360.514	0	
-102.905	-9.57394	350.619	0	
-23.7073	-10.5793	389.661	0	
-18.7143	-9.83623	315.297	0	
-33.8258	-11.8197	481.363	0	
-31.9062	-9.85792	415.25	0	
-38.6216	-8.69553	334.296	0	
-37.3899	-9.07656	373.574	0	
153.486	-9.9644	220.793	0	
152.637	-7.69972	218.028	0	
124.828	-10.8194	214.301	0	
126.799	-12.3325	217.964	0	
127.402	-14.7436	217.735	0	
131.498	-13.2835	216.952	0	
-161.564	-9.5788	152.608	0	
-161	-14.6656	206.478	0	
-17.5583	-9.4441	259.471	0	
-16.7466	-10.2006	295.633	0	
-10.9267	-15.2766	298.295	0	
-10.6296	-9.75247	199.774	0	
-39.8219	-9.5784	379.439	0	
-38.8419	-7.34662	305.628	0	
-3.64466	-8.95232	178.487	0	
-3.98596	-6.48041	185.793	0	
56.3223	-17.1915	40.0039	0	
57.5931	-13.4991	80.4914	0	
-44.0222	-14.2427	455.859	0	
-39.5838	-10.9323	415.051	0	
-111.176	-10.2993	364.875	0	
-109.153	-11.3891	437.303	0	
72.3935	-11.2838	192.668	0	
75.0663	-8.98613	212.037	0	
-136.585	-11.4541	376.976	0	
-134.457	-12.4407	432.393	0	
-137.389	-12.6684	436.967	0	
-137.057	-13.6552	440.422	0	
-133.822	-13.456	456.297	0	
-132.528	-12.2466	430.85	0	
-139.371	-11.2876	392.685	0	
-136.462	-16.3114	522.206	0	
-135.874	-13.4198	459.91	0	
-130.774	-14.7146	485.062	0	
-140.676	-14.6439	501.475	0	
-137.679	-15.1111	533.092	0	
-132.031	-14.7469	508.363	0	
-130.043	-13.0926	473.896	0	
-154.1	-14.6904	333.709	0	
-151.937	-13.2614	340.513	0	
36.8759	-14.5884	168.019	0	
37.5342	-12.4964	182.598	0	
35.0732	-16.0673	163.515	0	
41.7537	-14.8294	118.696	0	
160.269	-11.0334	233.655	0	
166.621	-8.82561	246.607	0	
-73.0128	-8.79928	354.184	0	
-73.5468	-10.7135	387.644	0	
-112.816	-12.3237	461.612	0	
-109.996	-10.1659	366.083	0	
-106.432	-10.9262	405.849	0	
-98.1216	-11.7742	506.557	0	
-101.122	-8.49286	320.563	0	
-102.914	-8.21048	318.123	0	
-36.158	-10.7557	433.079	0	
-31.4056	-16.3363	571.964	0	
-16.8008	-11.909	319.395	0	
-14.3635	-10.5408	273.784	0	
-40.7106	-11.6438	438.599	0	
-37.3619	-10.4192	407.776	0	
73.1313	-12.7817	187.956	0	
74.1969	-10.8757	201.745	0	
-138.673	-18.4949	563.227	0	
-134.766	-15.5796	544.173	0	
-155.355	-15.2029	296.445	0	
-150.423	-18.7859	444.102	0	
-114.556	-12.8306	476.442	0	
-113.093	-15.0893	569.513	0	
-111.437	-11.315	410.634	0	
-109.885	-12.6079	464.967	0	
-19.8085	-11.1445	344.797	0	
-17.5692	-16.2591	442.222	0	
70.7493	-14.1005	169.646	0	
76.924	-11.9748	218.807	0	
74.2753	-12.3998	200.437	0	
75.5925	-13.1163	199.246	0	
-112.678	-11.2658	408.322	0	
-111.744	-13.3004	477.138	0	
-108.163	-14.6331	562.975	0	
-107.518	-11.9409	453.237	0	
-111.803	-14.4549	549.706	0	
-109.689	-13.9937	533.44	0	
-114.773	-14.4416	520.455	0	
-111.683	-20.0967	724.121	0	
-163.911	-6.35497	105.576	0	
-162.023	-4.6648	110.532	0	
-86.2219	-10.2441	422.126	0	
-89.7768	-8.5285	348.958	0	
-77.2916	-10.8865	432.192	0	
-76.1227	-8.96218	336.495	0	
18.9584	-10.8865	199.223	0	
20.1273	-8.96218	204.567	0	
-99.7061	-10.9621	398.771	0	
-96.8916	-10.3465	405.139	0	
-128.229	-10.3789	351.807	0	
-128.564	-8.35158	287.693	0	
0.0140858	-11.1797	178.123	0	
3.59638	-12.6061	172.051	0	
-1.03681	-10.2469	173.807	0	
-5.27058	-11.2388	191.155	0	
2.71547	-10.8156	175.82	0	
0.921567	-10.5689	175.674	0	
4.41463	-13.4042	179.678	0	
6.52751	-11.0376	175.63	0	
0.0399597	-13.2059	178.069	0	
1.49026	-13.6819	174.466	0	
4.06181	-14.7038	172.479	0	
6.29408	-14.8968	170.671	0	
6.88518	-8.83249	191.517	0	
4.64261	-11.0706	175.67	0	
6.0992	-7.74892	193.621	0	
4.47623	-8.08166	192.555	0	
-125.556	-11.3619	401.327	0	
-122.241	-10.8491	376.536	0	
25.8058	-12.4824	212.063	0	
27.292	-15.1512	210.349	0	
135.761	-9.88991	210.378	0	
135.579	-12.9626	210.462	0	
139.007	-14.534	211.094	0	
142.09	-14.3488	209.751	0	
11.1872	-14.6905	175.557	0	
12.4895	-14.6529	177.769	0	
110.506	-13.2706	200.889	0	
113.005	-11.9854	203.481	0	
-144.855	-12.3745	384.883	0	
-138.691	-12.6215	402.912	0	
119.085	-23.0164	208.922	0	
119.046	-14.8727	217.756	0	
165.321	-6.54278	247.095	0	
172.183	-5.15465	255.018	0	
-119.133	-10.5146	365.17	0	
169.723	-1.49973	256.37	0	
-116.082	-11.7689	418.201	0	
104.484	-11.718	190.604	0	
108.799	-11.0216	194.206	0	
56.5437	-10.8375	139.477	0	
62.8604	-13.6603	86.5967	0	
40.0962	-15.414	120.31	0	
43.0965	-16.0244	86.1501	0	
-10.1173	-11.6755	228.631	0	
-11.6808	-13.4646	275.73	0	
44.3862	-14.8687	99.5083	0	
47.2766	-16.113	55.2136	0	
141.693	-12.6514	208.382	0	
144.512	-14.7853	210.688	0	
120.289	-9.49609	209.294	0	
119.183	-11.8648	214.992	0	
30.3144	-16.1275	188.526	0	
36.5878	-15.7781	155.328	0	
-63.8949	-14.2758	452.507	0	
-61.339	-13.0579	415.09	0	
121.732	-11.2696	214.725	0	
123.284	-12.5225	217.85	0	
124.442	-14.2789	219.087	0	
126.127	-16.3289	218.165	0	
129.018	-15.0286	219.133	0	
132.039	-16.5651	216.328	0	
-164.599	-7.52907	108.284	0	
-161.545	-12.1668	180.376	0	
-158.978	-12.689	216.694	0	
-160.63	-13.354	197.471	0	
-3.33616	-10.1814	178.237	0	
-1.05069	-8.57175	182.018	0	
-46.725	-16.0377	448.615	0	
-34.636	-12.6407	489.602	0	
-71.7028	-13.7503	482.07	0	
-69.7854	-13.2277	463.692	0	
-38.9562	-13.7472	489.872	0	
-35.8533	-11.9427	469.396	0	
-38.3555	-11.3921	446.329	0	
-36.7372	-12.8842	494.375	0	
-139.292	-20.216	602.793	0	
-135.49	-19.5483	602.639	0	
-118.211	-15.4652	547.919	0	
-111.723	-17.752	645.193	0	
-110.556	-16.5882	617.945	0	
-113.31	-16.7389	617.539	0	
-79.5723	-12.9682	519.494	0	
-74.991	-11.4448	445.045	0	
17.8056	-13.3083	193.09	0	
21.259	-11.4448	198.182	0	
-6.70427	-12.5034	202.167	0	
-4.60849	-15.8688	232.253	0	
2.38638	-15.0327	185.824	0	
1.65632	-16.6377	184.655	0	
7.37136	-15.6297	181.386	0	
8.85381	-13.4973	177.807	0	
25.2701	-10.4652	211.331	0	
23.3932	-13.858	204.205	0	
10.1021	-15.6421	177.066	0	
10.779	-16.9443	179.629	0	
14.8344	-15.3081	181.212	0	
15.4585	-13.5378	185.017	0	
-144.155	-14.2725	434.152	0	
-140.175	-13.2436	435.413	0	
-140.982	-11.2355	370.528	0	
-142.731	-12.5478	391.566	0	
171.162	-2.92098	255.65	0	
171.09	-0.561988	255.111	0	
102.185	-15.7391	205.296	0	
104.031	-14.7502	192.745	0	
55.4568	-11.5159	116.464	0	
56.4373	-14.0656	80.4737	0	
37.5623	-17.3065	118.276	0	
43.1274	-18.1213	76.2183	0	
49.0849	-18.7424	33.393	0	
45.934	-14.9636	88.0654	0	
145.589	-12.9405	209.101	0	
146.855	-9.41191	208.347	0	
121.836	-17.0485	217.51	0	
122.043	-12.3537	215.324	0	
123.573	-17.3976	217.612	0	
125.317	-14.0107	218.705	0	
-170.098	-10.4289	98.7247	0	
-163.097	-11.7374	146.292	0	
-38.0355	-12.6701	467.501	0	
-34.3041	-18.2464	555.621	0	
-75.0438	-19.7434	616.974	0	
-77.3288	-12.7313	482.243	0	
17.7845	-16.7352	186.883	0	
20.4073	-12.7348	199.915	0	
5.82345	-18.0526	191.445	0	
10.3362	-18.5365	178.245	0	
23.567	-9.407	207.457	0	
23.5746	-12.3108	203.612	0	
21.5099	-14.0932	193.342	0	
21.2545	-17.0083	188.791	0	
13.2006	-20.6153	193.348	0	
12.5942	-17.0451	178.578	0	
-144.205	-15.5206	472.21	0	
-145.066	-17.4187	501.169	0	
-143.071	-13.6931	453.76	0	
-143.029	-15.9977	492.89	0	
169.724	-4.96942	253.566	0	
172.202	-2.39799	255.619	0	
55.4377	-12.8206	89.3499	0	
55.8008	-15.5846	48.0491	0	
121.21	-13.6061	218.464	0	
124.295	-15.4353	219.176	0	
119.762	-13.4712	215.633	0	
117.55	-15.2347	216.91	0	
123.494	-13.6035	217.947	0	
121.734	-14.7161	217.827	0	
124.963	-16.2521	218.396	0	
126.334	-15.2438	219.216	0	
121.165	-16.2387	219.141	0	
123.277	-15.601	218.595	0	
122.905	-16.5822	218.905	0	
124.612	-17.2332	218.117	0	
122.94	-18.7816	216.16	0	
124.815	-19.1639	214.806	0	
128.488	-23.6631	203.515	0	
128.316	-18.0352	216.942	0	
121.774	-18.6476	217.134	0	
126.832	-18.3671	214.513	0	
119.301	-17.8494	217.349	0	
124.389	-22.3941	210.819	0	
125.244	-18.0087	216.592	0	
123.55	-19.7725	215.448	0	
123.218	-21.303	210.567	0	
125.715	-21.3622	209.226	0	
-40.403	-13.1806	463.682	0	
-38.4376	-15.022	506.451	0	
-34.7739	-14.4109	534.381	0	
-36.1663	-14.4407	514.278	0	
6.02168	-20.4324	200.726	0	
8.6604	-18.5999	190.49	0	
-145.073	-13.8321	434.376	0	
-143.86	-18.3603	517.723	0	
-146.405	-14.719	424.804	0	
-146.462	-15.913	467.377	0	
-140.056	-17.3475	559.525	0	
-142.312	-14.9115	457.416	0	
-147.456	-13.7119	408.657	0	
-149.761	-15.3724	400.67	0	
-146.012	-19.1626	513.265	0	
-145.18	-16.2742	466.001	0	
174.65	-1.27401	257.192	0	
-146.394	-17.9832	490.355	0	
121.889	-22.0906	208.955	0	
124.069	-29.0029	195.173	0	
-40.5508	-16.4445	491.667	0	
-36.9461	-15.5014	526.007	0	
-149.738	-20.5795	452.478	0	
-141.565	-18.3548	547.7	0	
-144.203	-19.6783	536.872	0	
173.426	-3.18206	256.474	0	
173.354	-0.60098	256.32	0	
-145.538	-22.2402	549.037	0	
-143.525	-21.4698	553.952	0	
27.5014	-16.8376	195.274	0	
29.8443	-17.6976	184.73	0	
66.8274	-8.95621	222.18	0	
65.1888	-9.38924	182.75	0	
65.4596	-14.8235	83.9861	0	
72.5693	-14.2324	159.771	0	
97.5037	-16.4547	199.906	0	
109.099	-16.9632	203.11	0	
60.4825	-12.4232	97.2691	0	
62.0305	-12.33	129.61	0	
-31.0531	-14.4251	550.613	0	
-27.1149	-15.4757	558.321	0	
-50.5058	-15.2365	437.905	0	
-51.3987	-19.0597	444.769	0	
148.934	-10.9454	212.068	0	
149.87	-12.3185	214.125	0	
147.33	-10.9772	210.666	0	
148.841	-13.6369	212.222	0	
146.573	-16.718	208.194	0	
152.901	-16.3279	219.445	0	
-61.452	-15.7945	457.137	0	
-54.0223	-15.7475	433.511	0	
-87.709	-9.93774	393.677	0	
-84.7309	-12.5747	512.757	0	
-19.8753	-8.68689	278.572	0	
-22.7528	-11.5477	427.86	0	
-23.5788	-13.8098	487.999	0	
-19.3542	-14.5462	446.311	0	
-101.865	-13.7327	518.616	0	
-99.5443	-15.0438	639.96	0	
-108.707	-16.5964	619.784	0	
-103.77	-13.4916	522.339	0	
-106.725	-13.799	524.853	0	
-104.887	-14.9781	580.075	0	
137.253	-15.8249	209.838	0	
133.1	-18.6754	209.757	0	
107.342	-13.7214	197.268	0	
110.739	-17.5462	210.04	0	
111.982	-13.6645	206.811	0	
112.077	-16.422	209.579	0	
164.081	-8.74196	243.481	0	
168.073	-8.4077	250.109	0	
45.103	-19.183	42.0916	0	
52.1922	-18.6464	26.5333	0	
34.6129	-17.66	150.899	0	
41.0272	-18.7964	71.7806	0	
-65.3198	-17.3695	498.41	0	
-62.6917	-16.8374	475.728	0	
-64.3933	-19.7974	505.828	0	
-62.5448	-19.1921	484.392	0	
-59.0405	-21.908	460.469	0	
-59.7536	-15.7989	448.623	0	
-157.426	-16.5274	288.458	0	
-156.674	-13.6931	269.848	0	
-160.385	-17.2061	229.283	0	
-152.457	-19.0844	390.947	0	
-162.751	-15.8373	198.659	0	
-162.256	-17.5516	211.491	0	
-164.575	-15.1575	158.985	0	
-166.133	-18.5829	173.281	0	
-159.983	-20.7593	267.849	0	
-159.564	-18.4245	262.608	0	
-4.06728	-11.5161	180.956	0	
-2.86486	-12.3331	178.841	0	
-165.727	-9.58478	119.186	0	
-164.319	-9.07289	110.887	0	
-166.662	-15.9234	155.028	0	
-164.608	-12.7545	155.22	0	
19.4251	-18.1513	193.165	0	
20.3558	-15.2638	196.83	0	
9.29862	-22.9115	213.698	0	
21.7013	-21.1267	190.069	0	
169.554	-6.47209	252.831	0	
174.438	-7.40819	254.362	0	
53.9368	-13.3014	74.765	0	
53.059	-15.6726	45.4153	0	
113.708	-20.4784	208.832	0	
119.925	-16.5301	217.181	0	
2.4087	-20.0714	207.519	0	
13.3261	-24.1368	205.747	0	
-151.554	-14.7191	368.979	0	
-152.919	-17.5612	383.351	0	
120.479	-19.1572	215.113	0	
120.465	-24.8627	203.058	0	
122.14	-24.2076	207.059	0	
120.026	-26.8766	200.815	0	
-42.4943	-17.7117	478.293	0	
-41.0839	-21.8836	477.031	0	
-39.1183	-16.593	522.724	0	
-37.8686	-18.1195	520.361	0	
176.144	-3.50004	256.852	0	
180.329	-3.14443	256.491	0	
-138.836	-23.6252	647.227	0	
-141.004	-20.1786	575.285	0	
23.1646	-17.694	197.133	0	
26.3413	-19.4897	179.718	0	
32.6361	-20.3471	137.954	0	
31.8853	-16.293	183.758	0	
59.1242	-14.0256	87.4086	0	
64.3935	-13.4771	121.206	0	
-88.8217	-11.1082	454.951	0	
-87.7748	-12.6533	514.991	0	
164.351	-10.2167	242.942	0	
172.045	-6.60062	253.818	0	
163.315	-11.4624	240.087	0	
166.863	-11.4633	245.035	0	
166.086	-10.2475	245.728	0	
165.751	-12.8095	242.434	0	
32.9691	-17.7893	161.371	0	
37.0655	-19.1055	114.766	0	
35.6307	-19.1698	116.737	0	
34.936	-20.8783	115.884	0	
-154.788	-17.885	331.383	0	
-157.92	-17.9371	280.016	0	
-162.098	-21.5208	244.297	0	
-158.289	-21.9138	312.516	0	
-170.324	-5.86342	71.8972	0	
-166.771	-8.69133	95.6814	0	
-172.402	-9.91382	81.8337	0	
-168.562	-8.72465	93.1061	0	
19.7716	-20.106	184.613	0	
25.0674	-20.7637	187.302	0	
15.6514	-20.081	182.603	0	
15.4238	-18.3711	186.212	0	
170.783	-7.24721	252.4	0	
176.084	-4.97029	255.939	0	
50.7487	-17.6068	40.5289	0	
53.5016	-17.8234	41.1665	0	
117.86	-23.0014	206.959	0	
119.786	-20.3455	214.281	0	
174.641	-5.4694	255.683	0	
177.359	-5.97285	256.09	0	
-142.7	-25.4546	610.341	0	
-136.801	-18.1506	604.318	0	
25.4611	-22.8027	166.015	0	
28.6121	-23.4064	145.929	0	
62.1205	-15.1581	71.775	0	
61.869	-18.1445	36.6182	0	
159.322	-13.4383	232.069	0	
160.438	-15.4677	230.717	0	
168.086	-6.97353	249.93	0	
169.721	-9.5016	248.936	0	
164.992	-16.3472	238.464	0	
169.902	-14.9763	246.949	0	
-162.461	-25.892	273.349	0	
-154.276	-21.05	381.95	0	
24.6981	-16.7434	196.677	0	
23.2649	-19.8577	183.161	0	
56.1083	-21.1351	20.6262	0	
58.1094	-18.118	25.9142	0	
55.0919	-18.5926	23.37	0	
54.382	-22.5163	13.5146	0	
117.732	-17.3165	215.52	0	
117.965	-20.2913	212.53	0	
180.329	-1.52859	257.145	0	
178.521	-8.72924	254.721	0	
173.136	-7.94589	254.067	0	
177.13	-7.58362	254.735	0	
59.9323	-15.4302	49.5968	0	
64.8847	-16.5062	81.3675	0	
63.0786	-16.6575	56.6587	0	
69.2549	-17.2047	123.534	0	
170.963	-8.84255	252.625	0	
172.514	-9.50076	251.153	0	
-155.121	-25.9505	384.883	0	
-148.811	-25.5111	510.287	0	
117.317	-21.5452	210.779	0	
120.362	-21.6145	210.554	0	
115.147	-20.4915	212.082	0	
115.902	-21.6635	208.193	0	
178.888	-5.4454	255.926	0	
173.187	-11.6909	251.011	0	
175.652	-8.51986	254.543	0	
113.427	-23.9785	204.703	0	
115.165	-23.6082	206.223	0	
112.725	-22.0207	207.919	0	
113.42	-28.6836	193.151	0	
178.86	-3.81746	256.815	0	
178.773	-0.720676	256.788	0	
175.731	-10.478	253.051	0	
181.812	-9.33292	254.135	0	
115.686	-18.6521	212.927	0	
112.479	-14.903	208.539	0	
110.944	-21.0902	205.83	0	
111.354	-30.6389	192.17	0	
113.033	-19.1744	210.547	0	
114.287	-17.7911	212.314	0	
107.039	-17.5476	206.701	0	
106.388	-19.7739	201.065	0	
113.838	-16.5365	210.603	0	
114.239	-15.0176	211.989	0	
154.701	-13.8519	219.825	0	
162.924	-14.7927	236.719	0	
80.5009	-10.8337	221.341	0	
78.4716	-13.0652	207.573	0	
84.5502	-13.2593	214.72	0	
85.0979	-15.5626	239.432	0	
-22.3973	-17.8437	520.637	0	
-16.1713	-20.1435	425.305	0	
76.0073	-15.0276	192.886	0	
81.3532	-14.0959	210.013	0	
-120.626	-17.8733	643.499	0	
-115.839	-18.6461	682.886	0	
-115.181	-17.0167	622.484	0	
-109.882	-22.1285	759.718	0	
-0.466753	-17.1703	215.646	0	
0.243446	-20.852	239.517	0	
-33.5402	-21.0383	549.953	0	
-29.0198	-14.4013	542.197	0	
69.0673	-15.3269	97.3025	0	
72.4956	-17.5077	121.864	0	
92.8967	-16.5358	227.96	0	
88.3242	-19.1497	228.533	0	
-24.7138	-18.6457	556.352	0	
-22.0201	-15.3391	507.282	0	
-52.7309	-14.6659	429.181	0	
-47.8832	-17.9522	456.797	0	
-49.9126	-17.3776	440.999	0	
-43.2664	-20.1501	484.628	0	
137.177	-17.6511	210.139	0	
138.491	-21.4124	207.361	0	
32.1508	-23.523	117.428	0	
38.4544	-21.0134	74.6187	0	
-174.952	-11.3814	90.7628	0	
-167.141	-28.1053	218.663	0	
-138.132	-21.7502	618.978	0	
-136.201	-21.4269	652.697	0	
170.729	-19.9644	241.129	0	
172.845	-16.9739	243.586	0	
47.1178	-18.059	55.0212	0	
52.0563	-20.7968	24.5258	0	
44.8118	-21.6548	42.0696	0	
49.956	-20.8253	21.7036	0	
50.6936	-25.3608	13.2683	0	
62.7115	-20.6431	31.1735	0	
60.6021	-22.6787	13.6897	0	
66.7926	-18.0262	50.6508	0	
181.987	-5.76409	255.571	0	
182.02	-0.807917	256.356	0	
170.961	-12.6664	246.394	0	
177.888	-14.2958	250.994	0	
178.159	-23.1347	242.198	0	
192.507	-10.3816	252.258	0	
183.572	-8.81259	254.159	0	
185.295	-6.34848	254.908	0	
101.606	-18.4626	196.132	0	
103.494	-20.7227	212.237	0	
159.05	-18.4839	225.498	0	
160.718	-21.7441	226.991	0	
77.8242	-15.1507	211.194	0	
78.9334	-17.0354	176.212	0	
-120.779	-20.3494	698.849	0	
-117.859	-18.6641	663.795	0	
-113.929	-20.7131	719.143	0	
-114.242	-27.3024	805.484	0	
-2.32419	-15.4696	194.359	0	
-5.0685	-18.1805	240.379	0	
-4.54108	-22.4342	280.407	0	
4.28493	-21.6622	214.432	0	
-29.1764	-18.2748	573.876	0	
-26.9189	-17.438	571.047	0	
-58.8469	-17.0641	454.945	0	
-53.2833	-18.0001	439.666	0	
43.373	-26.9568	25.8866	0	
35.754	-23.0949	83.7787	0	
37.8377	-23.2942	74.7378	0	
41.7024	-24.9506	45.6767	0	
-140.804	-23.8582	603.57	0	
-134.995	-22.9406	658.948	0	
185.151	-4.43328	255.328	0	
183.389	-3.30228	255.806	0	
175.75	-14.1029	249.358	0	
178.854	-12.4544	252.997	0	
185.466	-10.6289	252.737	0	
187.45	-10.1808	253.313	0	
183.608	-6.91684	254.972	0	
187.127	-3.76175	254.868	0	
77.3767	-20.3785	152.873	0	
86.0093	-22.3718	183.904	0	
-125.182	-20.4375	699.351	0	
-116.722	-27.3195	804.315	0	
-60.3985	-19.4144	466.722	0	
-55.2924	-18.459	444.157	0	
-136.432	-34.6072	691.2	0	
-137.679	-25.0931	654.566	0	
-132.739	-22.6885	692.379	0	
-133.507	-18.3684	639.956	0	
175.815	-16.2593	249.559	0	
177.953	-16.4522	247.893	0	
183.823	-12.9244	252.479	0	
184.302	-19.291	248.499	0	
-138.494	-27.6921	668.07	0	
-128.267	-24.1626	736.55	0	
189.977	-12.3785	250.72	0	
189.174	-0.969457	254.349	0	
-141.547	-27.8206	612.744	0	
-151.628	-30.5736	465.647	0	
-136.008	-29.0412	704.048	0	
-128.992	-35.8379	757.949	0	
-13.3635	-16.6149	349.856	0	
-3.58405	-19.9395	264.216	0	
129.38	-19.7048	210.152	0	
127.802	-21.7364	212.085	0	
-153.584	-23.8146	410.876	0	
-145.719	-24.3126	541.819	0	
150.154	-22.0969	209	0	
155.178	-19.0149	218.705	0	
-107.785	-21.3941	746.949	0	
-105.306	-23.4854	790.914	0	
-44.6361	-25.8171	437.464	0	
-36.395	-25.9003	498.088	0	
15.9533	-24.5224	200.511	0	
21.2234	-26.6539	181.426	0	
23.9051	-24.0122	172.416	0	
24.7472	-25.9827	160.972	0	
21.948	-23.2422	179.728	0	
20.2313	-24.5358	188.434	0	
24.7467	-29.6344	151.691	0	
27.1571	-30.0222	133.506	0	
30.4451	-24.7344	125.921	0	
31.2076	-21.4973	142.909	0	
28.3294	-27.8806	129.491	0	
34.3973	-24.5895	93.5809	0	
112.097	-26.1587	198.773	0	
107.446	-24.8576	201.841	0	
83.0143	-17.3662	194.012	0	
83.015	-21.0341	208.495	0	
-17.6975	-24.0892	459.199	0	
-15.2713	-23.0278	452.983	0	
-24.8575	-20.9949	549.213	0	
-20.3358	-19.4744	509.658	0	
-51.0673	-21.469	438.741	0	
-46.4834	-20.5931	450.01	0	
109.129	-14.677	205.168	0	
105.811	-15.5686	202.374	0	
-11.311	-20.7642	370.68	0	
-3.84411	-28.1069	311.978	0	
-1.76518	-30.5162	320.23	0	
2.65826	-27.7772	266.434	0	
45.829	-26.3393	26.4431	0	
42.4489	-22.5234	38.4355	0	
189.234	-7.00633	253.684	0	
183.498	-1.6613	256.457	0	
-131.602	-26.9833	738.64	0	
-130.929	-24.5857	714.02	0	
135.011	-23.1564	204.526	0	
136.402	-21.446	205.427	0	
125.007	-26.5991	199.854	0	
127.167	-26.1237	201.828	0	
-157.793	-24.6638	349.199	0	
-154.557	-28.9386	419.894	0	
17.6594	-23.4033	188.398	0	
19.1807	-27.9488	189.667	0	
19.6276	-30.3902	192.385	0	
23.4084	-34.3214	161.027	0	
32.5235	-30.7386	84.0803	0	
30.4406	-27.0845	115.306	0	
93.2901	-29.9165	180.385	0	
97.0774	-22.2548	195.404	0	
-55.952	-21.2947	449.83	0	
-49.6683	-26.5751	436.019	0	
-8.6523	-20.3426	319.122	0	
-8.25485	-25.8262	346.521	0	
191.971	-7.39408	251.928	0	
190.953	-3.91987	253.299	0	
140.204	-23.6053	201.519	0	
139.134	-18.8562	207.216	0	
135.473	-19.2428	209.806	0	
11.923	-22.4623	194.461	0	
8.92789	-28.0637	243.059	0	
189.261	-4.8872	253.871	0	
195.22	-4.46159	251.787	0	
1.62334	-29.9223	302.096	0	
13.9105	-28.0959	218.23	0	
195.22	-2.13492	252.356	0	
193.068	-5.27708	252.927	0	
192.981	-0.971591	252.649	0	
-72.2629	-18.7538	565.418	0	
-72.7267	-15.6976	564.067	0	
117.218	-26.6502	198.148	0	
117.91	-31.1383	189.585	0	
-36.1119	-22.7036	515.87	0	
-28.0307	-24.4573	529.209	0	
60.2517	-26.1327	19.1473	0	
65.9785	-27.1552	35.6377	0	
107.979	-29.4133	189.948	0	
108.693	-21.8857	207.191	0	
-112.382	-30.4757	837.952	0	
-109.582	-30.6592	824.235	0	
32.3142	-28.2342	91.9163	0	
30.7666	-32.3351	97.4052	0	
-12.3972	-23.8273	385.316	0	
-13.4457	-18.7262	396.29	0	
-27.0337	-21.9984	556.128	0	
-30.6997	-24.8809	529.206	0	
38.5634	-27.5295	53.2709	0	
39.9754	-29.3725	36.6003	0	
47.8105	-28.3839	13.961	0	
49.0947	-23.0091	23.8203	0	
-123.61	-24.6489	755.303	0	
-127.811	-21.6514	685.5	0	
125.875	-32.2062	187.534	0	
130.47	-30.7541	191.029	0	
-159.63	-26.4384	301.699	0	
-156.544	-31.4026	386.984	0	
9.90621	-33.0948	260.551	0	
21.7628	-36.7571	176.184	0	
27.8848	-41.2403	122.221	0	
37.6397	-37.905	53.4259	0	
-59.475	-26.5079	475.066	0	
-55.7207	-28.7135	449.689	0	
-48.3842	-29.2189	426.695	0	
-41.9783	-24.8657	470.964	0	
133.739	-31.4225	193.352	0	
140.347	-40.0876	191.976	0	
138.836	-26.987	200.81	0	
135.73	-33.9903	189.903	0	
7.5847	-25.9966	227.373	0	
12.0449	-26.6532	214.103	0	
197.651	-5.88479	250.655	0	
199.886	-2.3915	249.956	0	
116.787	-33.6991	186.408	0	
120.736	-35.9033	182.763	0	
103.748	-24.1338	196.572	0	
100.362	-25.1036	210.902	0	
-114.673	-22.8398	761.284	0	
-117.662	-23.0614	761.406	0	
-117.153	-33.5853	832.177	0	
-113.742	-34.11	822.985	0	
31.5831	-35.7376	89.9859	0	
37.7015	-35.1337	52.0522	0	
-10.8886	-26.14	400.206	0	
-7.10479	-23.092	333.026	0	
-29.1475	-20.486	564.536	0	
-31.4608	-27.4135	507.364	0	
-28.073	-32.7066	476.573	0	
-19.7108	-33.5526	469.996	0	
36.3893	-28.0768	60.5827	0	
38.723	-30.8995	48.1871	0	
39.3812	-33.6086	33.9063	0	
46.9946	-31.2049	20.6664	0	
35.4285	-33.8028	58.2801	0	
39.3494	-39.612	47.0831	0	
43.9992	-31.4874	20.6541	0	
55.2302	-30.0987	13.5791	0	
-129.319	-29.5371	751.862	0	
-126.288	-25.7496	752.955	0	
-50.0404	-31.7072	445.528	0	
-48.1424	-34.7756	432.823	0	
-45.4619	-28.8067	437.948	0	
-33.8645	-28.1181	475.736	0	
129.381	-27.8881	198.42	0	
129.141	-33.2188	189.541	0	
195.262	-11.2847	249.942	0	
197.518	-8.71316	250.281	0	
113.109	-33.4203	181.9	0	
115.227	-40.9641	174.5	0	
122.62	-38.2641	182.555	0	
124.621	-34.3925	187.376	0	
-121.341	-26.0001	785.055	0	
-123.814	-30.8256	793.922	0	
-106.367	-36.1967	835.918	0	
-103.47	-28.6355	837.669	0	
28.9148	-37.1686	112	0	
23.8205	-41.0579	152.672	0	
-16.3553	-28.0177	468.977	0	
-6.5712	-28.494	365.523	0	
-28.763	-29.1808	493.677	0	
-26.6081	-26.81	522.358	0	
33.8796	-36.4331	71.232	0	
35.1517	-38.8729	58.3084	0	
52.2074	-30.3743	9.04306	0	
53.8807	-24.8965	15.7846	0	
-130.376	-32.4974	743.082	0	
-123.252	-34.5401	802.777	0	
131.211	-36.7839	185.963	0	
134.531	-36.8869	188.936	0	
197.02	-14.832	248.68	0	
202.346	-22.4197	243.958	0	
191.898	-18.3323	247.194	0	
201.694	-8.54362	249.023	0	
122.228	-41.0066	176.423	0	
128.078	-41.601	179.816	0	
-118.273	-29.968	806.73	0	
-121.166	-29.1998	803.098	0	
35.1834	-42.1643	77.0006	0	
42.0577	-39.3573	35.4101	0	
205.917	-8.66724	247.357	0	
202.424	-1.22816	249.278	0	
199.907	-13.5516	248.348	0	
204.745	-12.429	247.316	0	
38.06	-42.5533	46.6518	0	
40.524	-49.5927	60.455	0	
43.9117	-42.5778	34.4899	0	
207.964	-10.225	246.703	0	
40.9148	-44.6649	51.15	0	
201.804	-6.08585	248.966	0	
203.873	-5.0115	248.652	0	
210.081	-15.2307	245.095	0	
212.977	-14.5971	244.35	0	
210.553	-6.7644	246.187	0	
207.335	-1.32043	247.443	0	
205.961	-6.28584	247.557	0	
208.385	-5.26348	247.011	0	
204.743	-18.5521	245.609	0	
208.93	-18.8468	244.023	0	
214.828	-3.11396	245.6	0	
209.246	-2.76097	246.736	0	
214.722	-8.90242	244.614	0	
213.017	-1.44054	245.731	0	
219.008	-1.67342	243.827	0	
220.971	-14.9635	243.086	0	
-164.338	-28.1204	262.676	0	
219.588	-9.77869	243.394	0	
-170.629	-35.4929	216.847	0	
-178.087	-8.69048	69.2627	0	
-179.868	-19.1306	107.304	0	
-175.338	-14.8764	96.2034	0	
-179.096	-16.0047	100.366	0	
198.297	-21.7725	246.054	0	
189.749	-15.6663	250.369	0	
4.06883	-23.8974	239.59	0	
1.4522	-25.2647	257.462	0	
149.764	-26.6089	209.913	0	
160.264	-28.2796	222.274	0	
-105.866	-26.6571	810.694	0	
-100.374	-27.4956	814.316	0	
91.7232	-26.1386	182.065	0	
96.9332	-31.2973	182.65	0	
6.76242	-38.7843	298.667	0	
18.0151	-35.8944	211.327	0	
-154.546	-35.1895	427.782	0	
-148.679	-28.9531	527.964	0	
146.344	-27.3686	202.091	0	
139.103	-33.415	195.004	0	
102.011	-38.0418	170.912	0	
105.208	-35.0918	177.064	0	
42.2736	-34.2851	32.0459	0	
47.174	-37.1788	22.38	0	
-54.0995	-31.7129	441.256	0	
-56.0512	-34.7484	480.624	0	
-47.4011	-41.7579	467.668	0	
-37.9774	-39.7813	449.087	0	
-40.3213	-29.9524	453.571	0	
-38.116	-32.5106	442.571	0	
-101.127	-39.01	823.204	0	
-104.286	-31.798	829.555	0	
17.481	-44.0068	219.485	0	
26.3888	-52.529	147.654	0	
-6.42038	-44.0177	436.472	0	
-9.5021	-31.0905	383.477	0	
128.651	-38.7618	183.668	0	
130.58	-43.4625	182.224	0	
119.693	-41.9238	177.383	0	
119.213	-44.4901	172.307	0	
-163.528	-23.7639	236.429	0	
-163.089	-30.2973	283.692	0	
-166.951	-23.5511	197.636	0	
-168.686	-25.6642	203.798	0	
-168.667	-30.5423	229.296	0	
-158.981	-31.68	344.743	0	
-168.102	-20.3595	168.413	0	
-173.654	-22.533	151.156	0	
-164.617	-40.205	300.43	0	
-164.933	-33.5241	273.584	0	
-171.956	-25.5478	169.104	0	
-167.71	-33.7842	246.906	0	
-169.113	-41.1205	243.837	0	
-155.42	-38.4144	411.374	0	
185.58	-15.764	249.355	0	
188.041	-23.0843	244.427	0	
155.913	-24.4122	216.444	0	
152.969	-27.9649	210.06	0	
-98.0924	-29.544	827.966	0	
-94.7733	-21.6079	755.771	0	
13.6346	-31.1548	232.674	0	
12.0069	-38.9574	265.707	0	
-159.162	-37.8966	363.396	0	
-152.836	-43.3967	438.33	0	
-151.29	-34.3907	463.479	0	
-147.975	-36.4877	555.351	0	
46.6922	-43.1723	28.1039	0	
48.3897	-40.1161	20.1339	0	
-61.0711	-34.676	514.59	0	
-56.0965	-41.1796	529.155	0	
-40.9365	-35.4719	453.127	0	
-24.1223	-35.0391	464.131	0	
-96.9731	-35.113	827.562	0	
-101.925	-33.8245	838.85	0	
144.512	-48.139	193.516	0	
140.563	-29.8114	196.193	0	
126.344	-47.5285	179.164	0	
133.304	-48.807	185.276	0	
117.682	-39.5225	176.343	0	
115.845	-46.9223	166.025	0	
107.371	-61.9817	165.325	0	
113.805	-54.4341	170.71	0	
116.215	-44.3813	174.562	0	
118.332	-49.2947	174.556	0	
118.059	-52.5995	168.827	0	
122.586	-50.8603	174.588	0	
122.523	-68.4266	184.885	0	
112.46	-59.1281	167.799	0	
127.32	-51.3865	180.445	0	
124.147	-45.8973	175.302	0	
122.538	-57.9109	177.527	0	
135.15	-51.6531	185.768	0	
125.294	-50.2279	177.241	0	
130.327	-48.8746	181.051	0	
-173.314	-28.0748	190.875	0	
-171.571	-30.6282	198.736	0	
-171.215	-55.7727	286.292	0	
-157.245	-45.5635	398.627	0	
-98.828	-32.7105	821.09	0	
-94.3868	-34.4952	806.653	0	
-94.2437	-26.7714	806.907	0	
-89.0445	-21.0869	742.53	0	
-161.247	-41.4167	365.803	0	
-155.612	-53.4108	398.158	0	
-102.746	-43.0712	803.103	0	
-94.3213	-45.5737	778.333	0	
-177.134	-22.2379	127.61	0	
-180.401	-36.8997	189.199	0	
-173.033	-33.1239	205.99	0	
-179.1	-29.4113	155.145	0	
-92.5843	-37.0279	801.395	0	
-90.0221	-35.5224	789.133	0	
-93.2455	-39.9417	788.062	0	
-90.5736	-41.4838	783.803	0	
-85.0769	-35.0714	758.377	0	
-84.8264	-31.1449	763.658	0	
-91.4586	-25.6232	783.906	0	
-87.6902	-29.835	772.864	0	
-86.6522	-23.3458	756.387	0	
-88.3661	-26.4308	780.227	0	
-112.017	-38.504	831.913	0	
-108.988	-46.8489	775.375	0	
-96.2057	-40.8185	805.576	0	
-97.2875	-43.9314	788.407	0	
-182.77	-33.3798	158.216	0	
-175.989	-33.027	193.252	0	
-176.283	-29.744	168.342	0	
-172.51	-37.7869	237.403	0	
-92.2619	-51.3292	739.997	0	
-84.6254	-40.854	748.68	0	
-83.0104	-37.941	728.713	0	
-78.2471	-35.6991	683.07	0	
-77.8271	-27.2762	691.658	0	
-81.3797	-21.2312	686.715	0	
-100.832	-45.6966	794.794	0	
-100.2	-49.5824	769.647	0	
-187.026	-31.6831	137.104	0	
-176.437	-36.2141	188.079	0	
-78.2548	-50.6531	677.043	0	
-79.8313	-38.4644	716.567	0	
-83.6786	-44.7254	722.688	0	
-79.8493	-46.1841	708.216	0	
-73.1984	-35.7546	643.937	0	
-76.6573	-30.5334	666.779	0	
-192.909	-34.8612	140.789	0	
-180.704	-43.5921	205.461	0	
-2.52055	-36.6895	370.765	0	
9.25827	-36.0699	277.035	0	
-7.55153	-35.1703	412.587	0	
-15.5551	-38.2523	453.135	0	
3.66529	-32.4732	296.852	0	
2.09223	-35.0474	325.942	0	
-1.1841	-33.9491	341.153	0	
-0.52782	-40.3108	361.501	0	
-1.8492	-43.4971	377.751	0	
3.57911	-44.222	353.212	0	
-10.13	-39.3121	409.892	0	
5.1382	-59.0939	349.156	0	
6.96992	-46.7968	334.071	0	
10.3483	-45.6459	295.176	0	
4.85444	-51.6313	370.423	0	
21.727	-44.8641	202.208	0	
14.4983	-47.6004	246.21	0	
15.827	-39.3379	237.326	0	
68.37	-30.2217	24.3771	0	
71.3567	-23.6712	74.937	0	
-32.0632	-39.6411	463.377	0	
-28.0558	-43.15	466.401	0	
-134.482	-32.1075	718.273	0	
-131.105	-38.9087	719.241	0	
-124.842	-40.8202	765.768	0	
-114.365	-41.993	793.949	0	
200.649	-31.2631	240.96	0	
204.324	-26.959	242.737	0	
-184.74	-7.00965	76.8666	0	
-188.045	-9.95996	77.6704	0	
-184.108	-20.1275	109.734	0	
-179.7	-25.7929	135.928	0	
87.5037	-26.3279	188.054	0	
81.7958	-31.4817	117.512	0	
-54.9487	-46.0366	513.533	0	
-42.7319	-53.0659	519.675	0	
184.736	-27.681	242.85	0	
187.631	-38.7571	237.271	0	
163.669	-29.0167	223.677	0	
163.974	-22.2993	230.332	0	
153.897	-31.1891	213.374	0	
153.276	-35.1455	206.317	0	
49.5031	-51.3351	46.252	0	
53.2003	-46.8692	31.1411	0	
55.5881	-59.0946	69.5494	0	
54.7808	-44.1653	24.1248	0	
61.5679	-42.1352	23.6387	0	
54.1004	-37.5781	13.0791	0	
149.411	-42.741	200.928	0	
145.662	-35.172	198.511	0	
142.042	-36.5921	193.33	0	
144.753	-30.3232	200.395	0	
139.24	-51.1338	190.311	0	
135.732	-45.658	185.312	0	
111.475	-47.2661	169.339	0	
111.542	-39.8722	173.074	0	
136.649	-65.0209	194.143	0	
127.455	-58.8057	181.532	0	
-135.822	-51.8577	627.55	0	
-141.434	-40.3339	616.999	0	
-80.7077	-55.3209	681.043	0	
-73.4077	-51.4668	664.991	0	
-23.6923	-40.2713	467.22	0	
-10.3223	-50.0131	436.427	0	
-6.12567	-54.4746	455.402	0	
-7.70206	-63.991	435.485	0	
61.1514	-31.893	18.6925	0	
74.8931	-33.9977	58.8568	0	
-144.068	-33.8382	585.746	0	
-147.701	-44.9032	526.574	0	
-129.775	-43.4199	710.303	0	
-125.859	-36.7553	772.126	0	
-137.706	-41.4821	665.364	0	
-124.387	-48.0801	727.729	0	
-124.088	-52.383	677.555	0	
-121.17	-42.6188	768.683	0	
-187.712	-17.3131	94.4349	0	
-195.962	-16.7116	99.9724	0	
75.8681	-42.7097	64.0619	0	
88.7257	-60.1603	129.299	0	
195.239	-24.7559	243.604	0	
196.026	-17.83	246.945	0	
164.964	-33.1273	224.351	0	
173.28	-29.926	234.095	0	
141.715	-54.4632	191.87	0	
145.416	-44.7502	196.616	0	
-146.779	-58.4329	448.273	0	
-134.346	-45.4801	634.57	0	
-118.785	-54.9422	679.194	0	
-118.42	-40.5453	805.21	0	
160.937	-36.3466	215.943	0	
171.983	-38.7673	228.645	0	
178.889	-27.8498	241.41	0	
172.674	-23.1458	240.183	0	
133.598	-55.305	185.441	0	
147.389	-56.8366	199.606	0	
142.025	-42.9635	190.692	0	
139.345	-45.6102	190.5	0	
148.507	-60.2805	202.45	0	
156.58	-49.4578	208.287	0	
153.435	-61.036	205.996	0	
154.396	-56.8892	205.424	0	
149.464	-51.1358	200.092	0	
150.312	-54.5172	202.499	0	
156.72	-67.134	211.666	0	
167.112	-59.1381	217.209	0	
159.9	-47.1882	211.783	0	
153.084	-44.4763	203.759	0	
163.44	-48.8287	213.712	0	
166.951	-42.706	219.986	0	
98.008	-36.395	171.316	0	
108.16	-43.6332	165.242	0	
17.484	-52.1459	253.821	0	
22.3713	-50.7929	185.764	0	
-28.1154	-48.4475	487.226	0	
-17.1206	-49.5207	479.492	0	
212.03	-31.9379	240.586	0	
211.48	-22.8812	243.142	0	
67.1938	-55.7443	62.8255	0	
60.6758	-51.8099	46.8159	0	
56.526	-51.0281	41.1032	0	
59.4458	-45.23	28.4306	0	
66.0932	-42.4869	35.3584	0	
66.6169	-34.1205	32.6942	0	
130.054	-69.9422	188.907	0	
138.388	-57.373	191.914	0	
-77.7641	-60.5501	662.472	0	
-65.4611	-46.9597	601.776	0	
-61.7499	-42.2503	544.714	0	
-73.2385	-43.1272	653.336	0	
79.747	-35.2577	86.6228	0	
78.3308	-27.3304	113.795	0	
-145.789	-40.9373	527.073	0	
-140.645	-35.3869	627.464	0	
-206.794	-20.2587	110.579	0	
-191.782	-23.675	108.496	0	
-117.348	-62.119	652.224	0	
-108.159	-65.286	651.869	0	
-114.987	-52.3317	744.762	0	
-108.149	-38.9192	818.306	0	
162.125	-54.1732	214.227	0	
173.249	-57.1061	221.643	0	
92.7825	-37.5712	150.058	0	
109.708	-51.4731	159.925	0	
103.444	-42.7861	160.706	0	
92.7462	-44.3349	136.912	0	
208.802	-35.9839	238.406	0	
218.588	-32.0793	239.411	0	
62.0151	-48.7156	39.4578	0	
74.0142	-47.8854	66.2358	0	
139.997	-72.04	198.057	0	
139.968	-61.5122	193.549	0	
-206.289	-32.6621	129.448	0	
-197.509	-24.392	117.004	0	
-113.018	-45.7589	789.62	0	
-106.468	-43.4982	819.585	0	
181.582	-61.639	225.932	0	
179.295	-49.1294	228.87	0	
70.1234	-58.5038	86.1538	0	
77.5827	-53.2945	89.9536	0	
-116.644	-48.4139	747.479	0	
-109.544	-51.5541	766.415	0	
85.2804	-53.883	110.634	0	
80.8329	-40.8145	89.4199	0	
57.7795	-32.7948	10.2688	0	
62.5421	-28.2088	10.6917	0	
57.115	-36.7891	15.1069	0	
62.8346	-34.7383	14.6484	0	
31.0072	-48.7561	113.221	0	
27.7289	-58.7966	156.124	0	
226.165	-24.5871	241.424	0	
229.919	-3.69763	242.739	0	
-94.0054	-58.1406	717.923	0	
-84.9463	-55.0095	707.742	0	
188.536	-31.7714	238.734	0	
196.427	-40.9057	237.198	0	
-143.82	-66.6947	461.386	0	
-129.611	-55.6684	609.997	0	
145.957	-63.017	198.38	0	
159.168	-83.3268	217.387	0	
-32.5316	-51.3197	501.587	0	
-24.5117	-57.9713	505.954	0	
44.8036	-60.7768	85.9234	0	
74.4943	-65.6923	108.779	0	
-80.0381	-66.6068	632.798	0	
-75.3898	-71.945	614.72	0	
-72.7965	-57.5589	640.566	0	
-56.0433	-56.9432	569.68	0	
102.353	-52.9571	160.698	0	
99.4053	-47.903	144.778	0	
202.22	-46.7244	234.285	0	
223.586	-37.6394	237.825	0	
231.484	-36.8823	237.633	0	
226.359	-17.73	241.758	0	
135.454	-75.5169	202.232	0	
144.862	-73.5492	205.069	0	
-101.616	-58.9131	709.621	0	
-89.8898	-74.6461	592.127	0	
-38.4535	-49.3785	486.853	0	
-40.5264	-58.0541	522.776	0	
33.6345	-58.367	131.526	0	
36.365	-79.4774	207.65	0	
55.5324	-81.3237	154.786	0	
64.7433	-82.2532	159.519	0	
130.94	-87.3474	206.985	0	
146.254	-86.4909	212.319	0	
-45.0215	-63.2877	542.556	0	
-40.9941	-69.2312	536.893	0	
148.118	-79.1004	208.057	0	
153.338	-71.3964	208.055	0	
-50.9325	-57.0711	558.182	0	
-68.849	-69.2394	602.837	0	
-36.8467	-82.5127	495.853	0	
-22.1377	-63.8136	493.27	0	
-199.148	-30.3791	129.653	0	
-202.063	-47.475	161.984	0	
-63.0702	-51.6104	581.021	0	
-49.9047	-62.9394	558.178	0	
-58.2112	-51.758	574.352	0	
-55.9237	-65.6898	575.097	0	
-64.2439	-58.1231	604.699	0	
-59.4282	-61.3024	583.644	0	
107.776	-69.7019	175.598	0	
118.795	-61.6897	178.294	0	
-125.941	-63.354	603.479	0	
-121.485	-81.6821	454.082	0	
63.3449	-56.5416	61.5746	0	
66.421	-50.522	51.9563	0	
67.4002	-69.5173	113.884	0	
70.1541	-64.0175	103.471	0	
70.1318	-74.8321	131.611	0	
77.9258	-62.1873	110.019	0	
74.6218	-71.4392	131.69	0	
95.7884	-62.2386	148.876	0	
69.4303	-80.0587	155.936	0	
79.1305	-80.0099	159.796	0	
79.4012	-73.806	141.412	0	
84.9792	-70.0435	142.223	0	
55.2184	-86.7095	184.511	0	
73.3832	-90.2181	184.043	0	
85.0925	-83.9809	175.487	0	
99.3742	-81.5982	177.663	0	
60.3695	-79.0589	149.957	0	
68.534	-93.3132	186.181	0	
64.1133	-88.1592	181.777	0	
70.4197	-105.221	218.057	0	
59.2938	-72.4458	122.728	0	
52.125	-69.7821	111.619	0	
59.4255	-90.3508	185.514	0	
60.788	-102.209	212.201	0	
44.8849	-82.4562	184.826	0	
57.6289	-97.8891	207.312	0	
29.216	-123.465	289.77	0	
67.0053	-99.8244	207.514	0	
49.8165	-97.7738	222.676	0	
27.7667	-95.7352	279.372	0	
-87.2763	-67.1296	649.554	0	
-96.3757	-76.7548	571.152	0	
-70.9271	-84.4237	535.434	0	
-61.0588	-70.8399	577.455	0	
217.018	-62.1952	232.96	0	
219.077	-44.8444	236.273	0	
138.455	-84.4167	205.279	0	
159.005	-92.2412	218.845	0	
-218.357	-28.5748	127.112	0	
-221.337	-36.2694	147.811	0	
96.9647	-69.2209	159.943	0	
111.463	-87.5929	194.227	0	
60.226	-109.413	229.451	0	
77.1933	-107.773	218.682	0	
140.455	-104.009	218.026	0	
151.934	-94.1128	217.436	0	
164.83	-111.14	224.506	0	
166.193	-82.088	219.103	0	
53.5308	-115.25	237.687	0	
70.8847	-117.837	229.439	0	
66.6126	-110.736	222.793	0	
66.9155	-123.594	235.586	0	
70.1976	-132.355	245.815	0	
99.7789	-116.716	218.575	0	
169.538	-74.032	219.216	0	
204.928	-62.2147	231.415	0	
25.8465	-65.7461	219.305	0	
35.6526	-52.0147	95.7631	0	
33.0428	-69.6742	176.025	0	
37.9403	-63.3669	131.538	0	
235.312	-53.9922	234.345	0	
235.004	-7.67886	242.334	0	
232.22	-29.4208	240.637	0	
81.011	-91.689	183.784	0	
102.056	-87.7261	194.455	0	
-98.7036	-88.0995	503.822	0	
-93.4045	-94.3768	479.616	0	
-79.6339	-95.3251	482.59	0	
-59.1296	-96.381	469.343	0	
-224.833	-21.0102	127.22	0	
91.2498	-73.0142	159.682	0	
91.6338	-80.7476	170.26	0	
46.2803	-107.931	246.502	0	
-111.943	-79.9329	527.462	0	
-122.836	-101.697	388.02	0	
-95.1498	-112.557	385.237	0	
-72.4055	-92.707	488.033	0	
-150.593	-73.9419	364.752	0	
-129.911	-77.355	484.837	0	
-43.0576	-88.7314	486.618	0	
-28.7836	-98.8639	424.976	0	
-24.0809	-77.0091	481.139	0	
-15.5815	-77.228	466.121	0	
-204.321	-57.0535	187.9	0	
-196.552	-63.9387	197.776	0	
-231.489	-46.1966	158.27	0	
-215.688	-42.9496	146.973	0	
114.218	-95.7421	205.609	0	
131.803	-96.6764	209.84	0	
130.145	-112.931	220.23	0	
154.072	-113.882	223.236	0	
200.906	-118.5	229.989	0	
180.126	-69.9155	224.459	0	
172.245	-90.9026	222.772	0	
191.615	-95.6523	227.449	0	
59.4915	-139.928	245.428	0	
86.8243	-132.043	236.478	0	
101.123	-134.264	230.565	0	
91.3462	-114.117	222.824	0	
97.5439	-95.7157	197.229	0	
-53.0116	-101.378	452.406	0	
-43.6729	-96.5206	456.949	0	
-75.4353	-110.915	413.952	0	
-47.9789	-117.317	397.019	0	
-37.0129	-130.206	353.144	0	
-40.6079	-111.088	399.425	0	
-46.7266	-127.72	354.852	0	
-29.0026	-123.567	352.521	0	
-235.337	-32.2329	151.65	0	
-90.9908	-104.991	428.064	0	
-81.3189	-105.32	435.132	0	
-178.766	-64.0235	242.32	0	
-139.354	-82.7317	401.964	0	
-31.3453	-114.853	387.413	0	
-14.2883	-109.383	378.752	0	
-10.8644	-85.1479	412.844	0	
-1.32764	-67.5809	432.544	0	
-212.821	-58.4258	173.27	0	
-219.445	-73.1053	198.631	0	
-188.758	-80.8405	231.289	0	
-159.922	-71.9813	333.925	0	
-228.481	-59.3353	174.479	0	
-236.092	-60.8475	174.601	0	
-219.724	-64.1291	184.875	0	
-218.243	-50.6391	169.042	0	
-208.758	-79.0115	205.413	0	
105.893	-100.385	206.831	0	
116.726	-113.369	217.049	0	
-54.8515	-135.992	359.884	0	
-66.0449	-134.072	356.666	0	
-67.5818	-107.288	420.215	0	
-156.233	-89.9381	308.801	0	
-143.696	-100.949	322.563	0	
-8.6229	-120.903	329.096	0	
-10.1372	-101.884	379.861	0	
1.78727	-92.4488	358.028	0	
-15.1009	-93.0956	418.276	0	
10.0724	-90.1767	332.84	0	
-0.0138562	-76.4858	369.84	0	
117.742	-121.679	223.106	0	
137.647	-124.54	223.626	0	
-76.4857	-120.763	381.418	0	
-61.6466	-115.277	405.825	0	
-129.514	-113.063	334.667	0	
-137.065	-92.3026	380.756	0	
-16.4448	-128.203	341.462	0	
13.4195	-119.797	291.517	0	
17.0782	-97.0597	297.711	0	
27.8476	-85.7531	242.74	0	
112.614	-127.296	225.59	0	
119.652	-137.78	227.376	0	
104.033	-126.613	225.563	0	
94.8477	-137.745	230.297	0	
123.618	-152.326	228.902	0	
131.601	-144.081	228.227	0	
95.2346	-149.853	234.187	0	
107.535	-140.222	228.715	0	
106.975	-147.726	230.625	0	
145.367	-142.508	228.185	0	
132.226	-137.059	226.789	0	
80.1342	-147.748	243.381	0	
123.344	-145.151	228.589	0	
132.688	-157.949	228.592	0	
155.417	-143.928	227.239	0	
150.216	-130.065	226.436	0	
115.336	-153.886	229.511	0	
172.681	-154.281	228.358	0	
181.395	-138.694	229.623	0	
149.001	-121.481	223.59	0	
142.024	-118.411	223.323	0	
137.741	-111.341	219.316	0	
130.579	-121.172	222.962	0	
-86.5282	-122.734	371.524	0	
-111.593	-125.346	332.554	0	
9.95965	-104.876	325.249	0	
36.4447	-107.219	260.27	0	
-127.361	-92.0635	404.393	0	
-107.137	-89.4727	482.628	0	
220.615	-72.4119	231.561	0	
35.9069	-138.13	263.413	0	
30.0122	-153.988	273.402	0	
214.857	-96.3908	230.31	0	
199.555	-71.9857	229.829	0	
-234.314	-92.2707	213.361	0	
-190.965	-93.0945	239.452	0	
-167.947	-89.7855	282.32	0	
-161.983	-59.7119	321.102	0	
-178.923	-75.6288	258.824	0	
-32.7319	-144.017	329.546	0	
-161.222	-124.217	272.979	0	
-162.757	-110.397	274.528	0	
-123.874	-125.428	319.643	0	
-106.552	-112.139	379.658	0	
-19.6284	-143.024	331.035	0	
3.82827	-129.557	313.855	0	
71.1094	-152.498	234.692	0	
-78.5403	-144.009	356.904	0	
-89.7187	-136.15	336.73	0	
210.136	-78.5288	230.806	0	
228.646	-94.7399	230.323	0	
187.391	-75.4647	226.387	0	
206.731	-89.2642	229.414	0	
-211.766	-94.2816	220.746	0	
-185.223	-134.868	250.563	0	
-199.059	-146.38	239.073	0	
-144.695	-153.281	271.597	0	
59.5559	-149.723	255.275	0	
-176.86	-109.016	258.882	0	
-188.006	-119.161	243.409	0	
236.144	-85.0968	230.235	0	
-215.164	-124.894	234.028	0	
-138.175	-134.275	292.842	0	
233.44	-106.167	230.282	0	
224.781	-119.084	230.482	0	
230.713	-132.216	230.736	0	
224.46	-146.625	231.237	0	
4.25565	-146.066	296.709	0	
14.3818	-157.991	296.313	0	
-202.897	-116.766	233.362	0	
-202.949	-101.695	224.874	0	
207.493	-149.3	230.803	0	
-214.109	-138.801	227.555	0	
-172.541	-138.543	252.93	0	
