# File: UnstructuredGrid_Inversion_L2_Fine_Iter12.dat
# (No specific header documentation)

-161.334	-0.918918	88.6717	0	
-159.688	-0.190047	129.212	0	
-65.3125	-0.183316	191.163	0	
30.9005	-0.895475	226.547	0	
-146.95	-107.582	335.651	0	
126.463	-0.219612	201.854	0	
32.1696	-0.71865	211.621	0	
-183.695	-51.3943	216.924	0	
-64.9542	-0.674785	190.886	0	
-120.684	-2.51578	191.251	0	
-134.439	-38.068	775.729	0	
-143.874	-2.53992	188.932	0	
-157.099	-18.2095	331.567	0	
-157.795	-14.828	279.29	0	
-115.41	-2.00366	193.393	0	
-96.4141	-47.505	777.347	0	
-67.173	-1.2985	190.39	0	
-138.896	-1.29758	215.931	0	
-157.296	-4.86054	177.678	0	
-149.993	-0.731718	186.55	0	
-144.727	-2.46781	188.014	0	
-146.402	-2.52034	188.261	0	
-125.566	-2.26129	199.06	0	
-153.62	-4.39359	202.571	0	
-157.562	-2.57386	169.137	0	
-149.825	-8.68319	282.738	0	
-154.179	-3.09646	190.951	0	
-158.223	-3.30595	161.446	0	
125.752	-0.277004	202.514	0	
-23.4398	-2.06372	204.635	0	
-157.744	-4.73968	172.124	0	
-46.5272	-1.80286	185.643	0	
-156.725	-2.87256	178.889	0	
-158.661	-11.4376	221.609	0	
-19.1602	-2.00366	216.025	0	
-152.021	-2.42138	183.576	0	
29.5898	-2.00366	205.152	0	
-42.9102	-2.00366	189.346	0	
-169.102	-1.937	59.0439	0	
-52.9142	-1.76987	184.92	0	
-166.415	-3.09404	67.7266	0	
-166.489	-0.46284	63.2289	0	
-62.2122	-2.79648	188.735	0	
-170.989	-7.01203	68.1425	0	
-60.9925	-3.05836	189.768	0	
-163.147	-9.85918	134.971	0	
-60.341	-3.29897	190.703	0	
-68.125	-0.721791	192.29	0	
-65.7641	-1.92569	189.03	0	
-87.1875	-0.119818	192.678	0	
-157.537	-0.75038	172.48	0	
-156.702	-0.517662	174.78	0	
-80.2668	-2.40906	184.501	0	
-157.282	-0.613105	172.547	0	
-70.3125	-0.168989	198.588	0	
78.9296	-0.274425	252.986	0	
-154.324	-0.5737	186.14	0	
54.8691	-0.299072	189.491	0	
-153.488	-0.146177	180.028	0	
-150.622	-0.734698	179.502	0	
37.9808	-1.69587	214.674	0	
-153.312	-0.895475	179.905	0	
50.1673	-1.83635	196.626	0	
-157.349	-0.314613	172.669	0	
72.2695	-2.78325	204.439	0	
-161.781	-1.30423	91.5422	0	
-60.5603	-1.5417	189.821	0	
-149.688	-0.177641	199.994	0	
-155.438	-1.63179	187.207	0	
30.7512	-5.16357	195.261	0	
-148.182	-0.559886	191.713	0	
31.6649	-3.42449	196.269	0	
-146.875	-0.165467	237.29	0	
-147.166	-0.64244	215.233	0	
36.482	-0.362284	230.747	0	
33.1977	-2.30897	205.015	0	
-144.727	-0.202701	227.54	0	
28.125	-0.721791	213.705	0	
-137.729	-0.455456	227.567	0	
-139.372	-0.734698	224.869	0	
25.9375	-0.168989	209.23	0	
-143.041	-0.523024	207.912	0	
34.4062	-1.58925	215.7	0	
-143.631	-0.579997	210.856	0	
33.7632	-1.73152	212.669	0	
9.0625	-0.119818	164.224	0	
-137.188	-0.131397	241.019	0	
181.911	-4.06474	257.495	0	
-135.97	-0.123463	235.664	0	
-135.224	-0.463959	227.221	0	
136.405	-1.88767	202.575	0	
-136.981	-0.555076	236.155	0	
149.78	-2.56392	207.083	0	
130.669	-3.73494	202.294	0	
-131.139	-0.719544	230.097	0	
128.874	-2.20771	200.439	0	
-122.646	-1.29758	207.662	0	
-129.062	-0.231865	227.449	0	
129.228	-1.10409	204.111	0	
-130.349	-0.895475	226.191	0	
132.671	-0.248238	212.193	0	
-130.141	-0.463959	233.822	0	
141.43	-0.274407	208.399	0	
-138.679	-0.367273	225.967	0	
14.9227	-2.06714	190.883	0	
128.729	-0.429517	203.16	0	
-121.131	-0.579997	213.253	0	
120.625	-0.165467	196.639	0	
-122.083	-0.165467	204.408	0	
-120.938	-0.133359	216.415	0	
111.438	-2.41537	197.214	0	
-123.122	-0.734698	220.861	0	
123.125	-0.721791	202.675	0	
-116.875	-0.721791	197.135	0	
-120.026	-0.319494	224.114	0	
-133.775	-2.66216	193.588	0	
-115.938	-0.180399	204.288	0	
-114.688	-0.172252	187.702	0	
-127.742	-0.249876	236.46	0	
-114.989	-0.734618	199.036	0	
-119.158	-0.938252	204.106	0	
-118.437	-0.698381	211.529	0	
100.312	-0.215758	183.816	0	
-93.3333	-0.301598	184.309	0	
-112.16	-1.08359	199.04	0	
-103.333	-0.301598	192.367	0	
-111.672	-0.963615	195.437	0	
-103.644	-0.858875	192.375	0	
-114.745	-1.43797	195.037	0	
-111.875	-0.165467	179.909	0	
-109.863	-2.24597	189.94	0	
-112.054	-1.69467	196.636	0	
-107.812	-0.18026	197.794	0	
-141.431	-1.37109	216.114	0	
-104.688	-0.215758	186.033	0	
-94.7298	-1.36247	189.11	0	
-142.049	-1.1212	218.738	0	
-105.628	-0.368067	200.471	0	
-110.622	-0.734698	200.978	0	
-107.745	-0.910268	194.406	0	
-108.75	-0.332561	189.827	0	
-112.963	-0.336778	209.744	0	
-103.586	-3.414	184.934	0	
-128.718	-0.432276	229.374	0	
127.71	-1.64384	200.152	0	
-102.705	-1.03334	194.501	0	
42.6714	-0.248238	212.619	0	
-129.724	-0.298492	223.071	0	
-102.183	-0.445797	194.933	0	
-133.597	-0.378619	238.877	0	
-99.8074	-0.233592	185.585	0	
-101.602	-0.997079	191.127	0	
-91.1261	-2.20771	183.74	0	
-134.666	-0.848439	226.072	0	
-95.6225	-0.734698	188.355	0	
-150.852	-1.32461	181.48	0	
-73.0515	-1.8693	189.877	0	
-92.7055	-1.03334	186.869	0	
-149.945	-3.09848	186.998	0	
-94.6875	-0.177641	185.39	0	
-152.224	-0.298492	188.629	0	
-93.0902	-1.63791	185.7	0	
-135.93	-2.86607	193.944	0	
-148.776	-2.22975	186.95	0	
-88.125	-0.399074	196.563	0	
-146.837	-2.28949	189.609	0	
-82.1759	-1.29981	193.521	0	
-85.625	-0.399074	194.969	0	
-146.5	-0.562713	218.334	0	
-88.4375	-0.215758	188.924	0	
-146.421	-0.313962	214.104	0	
-155.468	-2.35625	186.944	0	
-81.8725	-0.734698	196.146	0	
-150.31	-0.184751	173.604	0	
-79.7774	-0.272934	200.25	0	
-73.7316	-0.830406	194.557	0	
-153.522	-2.05757	186.555	0	
-80.9375	-0.177641	193.575	0	
-155.232	-2.72571	187.495	0	
-85.9375	-0.215758	191.524	0	
-156.325	-0.270802	177.645	0	
-91.9743	-0.445797	187.19	0	
-139.06	-0.184751	227.1	0	
-158.401	-0.895475	161.274	0	
-72.5245	-1.13068	195.241	0	
-20.625	-0.721791	244.79	0	
-73.4803	-0.136647	195.103	0	
-71.2211	-0.358364	192.83	0	
-23.1289	-0.968654	229.797	0	
-74.3725	-0.734698	194.256	0	
-157.991	-2.34302	163.944	0	
-31.2887	-0.749484	220.822	0	
-70.3118	-0.938054	195.076	0	
2.67144	-0.248238	172.074	0	
-67.495	-0.726698	191.343	0	
30.2547	-1.43797	215.666	0	
-13.0607	-1.70447	222.754	0	
-64.731	-0.164025	188.429	0	
-8.91411	-3.51653	200.756	0	
-65.625	-0.399074	192.182	0	
-36.5243	-2.68148	185.182	0	
-18.4953	-1.43797	228.665	0	
-63.3991	-0.908647	188.382	0	
-16.1122	-1.86538	209.688	0	
-60.6086	-0.653618	187.84	0	
-59.6638	-0.821536	192.298	0	
-14.3725	-0.734698	226.933	0	
-62.1653	-0.819434	192.446	0	
-13.6493	-0.785793	234.31	0	
-47.1875	-0.215758	194.765	0	
-58.0658	-0.691143	183.642	0	
-32.677	-0.404344	203.042	0	
-54.0625	-0.183316	181.024	0	
-53.731	-1.73873	184.469	0	
-42.2453	-1.43797	197.796	0	
-55.6275	-0.368067	180.835	0	
-41.7134	-2.81891	187.325	0	
-59.3477	-1.61335	189.079	0	
-44.375	-0.721791	195.293	0	
-62.7419	-1.82389	189.384	0	
-7.23315	-0.182331	195.581	0	
-79.0625	-0.279535	197.686	0	
-152.641	-0.463959	174.528	0	
-39.4705	-2.26756	188.899	0	
-51.912	-0.446297	184.587	0	
-56.7608	-0.655304	185.624	0	
-49.379	-0.632418	186.385	0	
-47.6042	-0.449365	197.195	0	
-55.6588	-2.09762	183.809	0	
-48.7791	-1.81525	187.036	0	
-38.1225	-0.734698	198.036	0	
-42.5179	-2.32426	188.464	0	
-42.4886	-0.734618	197.624	0	
-51.2889	-1.89635	185.142	0	
-42.1875	-0.172252	210.921	0	
-41.0223	-0.420281	194.908	0	
-51.5337	-1.77161	184.793	0	
-43.4375	-0.180399	187.171	0	
-54.1469	-2.44434	185.589	0	
-46.5625	-0.183316	190.616	0	
-53.1915	-1.76443	184.596	0	
-62.3684	-1.70798	190.006	0	
-38.4426	-0.916578	200.266	0	
-63.0461	-2.14204	188.535	0	
-33.5384	-1.11692	209.274	0	
-34.2968	-0.900766	218.69	0	
-54.375	-0.399074	183.206	0	
-38.7887	-0.749484	203.593	0	
-61.5883	-2.32142	188.651	0	
-58.0702	-1.73025	186.216	0	
-26.1354	-1.98559	202.756	0	
-63.6138	-2.3755	188.024	0	
-31.6012	-0.997684	215.467	0	
-24.0381	-1.54025	215.871	0	
-68.75	-0.300722	190.512	0	
-31.9815	-0.881992	221.885	0	
-63.7001	-1.3865	189.091	0	
-34.2968	-0.46925	222.922	0	
-59.0962	-2.60961	188.323	0	
-39.4815	-0.881992	210.054	0	
-50.4037	-1.78209	185.932	0	
-72.2568	-2.38277	186.84	0	
-25.1845	-0.818952	227.69	0	
-70.4331	-2.41216	186.828	0	
-22.3031	-1.01448	226.665	0	
-23.3451	-0.557475	240.86	0	
-69.1859	-1.83675	189.412	0	
-24.8729	-0.586161	232.625	0	
-67.4855	-1.48918	192.635	0	
-78.75	-0.477527	194.085	0	
-19.6875	-0.180399	240.475	0	
-81.2428	-0.731718	194.805	0	
-17.2863	-0.268621	241.187	0	
-16.5625	-0.289741	247.834	0	
94.0062	-2.61431	203.539	0	
-18.6801	-0.373341	245.842	0	
-91.9643	-1.83306	185.79	0	
-17.7449	-0.454315	237.187	0	
-75.3125	-0.905095	199.347	0	
83.2323	-3.2452	196.255	0	
-15.0387	-0.749484	234.019	0	
101.428	-2.25955	198.147	0	
-13.1537	-0.325775	251.022	0	
-11.5995	-0.895475	218.842	0	
82.6397	-0.384391	222.574	0	
-7.43414	-1.84148	213.281	0	
88.9629	-0.219612	222.68	0	
81.9635	-0.416907	245.884	0	
-8.4865	-0.204411	221.258	0	
73.125	-0.165467	234.176	0	
-5.5365	-0.51425	206.312	0	
-5.224	-0.298492	217.677	0	
66.1436	-2.57758	205.009	0	
0.324114	-1.29981	189.492	0	
75.625	-0.721791	242.487	0	
-9.37247	-0.734698	212.334	0	
80.2925	-1.53682	228.339	0	
-15.3512	-0.997684	227.222	0	
100	-0.332561	205.481	0	
-26.563	-0.910558	223.573	0	
-67.8125	-0.180456	194.349	0	
-52.3624	-1.77391	185.149	0	
-37.3993	-0.785793	205.971	0	
-137.445	-2.20809	205.263	0	
-6.35417	-0.517356	203.882	0	
-3.59727	-0.378619	204.587	0	
62.6185	-0.399037	214.911	0	
2.70677	-1.03746	180.002	0	
0.925397	-0.923951	185.468	0	
58.8701	-2.327	196.157	0	
59.1667	-0.301598	187.797	0	
1.94227	-0.463996	179.205	0	
58.1275	-0.734698	193.544	0	
4.375	-0.399074	180.915	0	
4.0625	-0.215758	181.055	0	
51.6578	-0.726912	188.826	0	
22.8595	-1.42312	195.152	0	
57.9404	-2.71553	198.863	0	
8.125	-0.399074	176.626	0	
65.6678	-2.04051	203.621	0	
40.9608	-3.29478	202.098	0	
7.8125	-0.215758	162.903	0	
41.2329	-3.09468	202.666	0	
10.625	-0.399074	171.98	0	
10.3125	-0.215758	171.139	0	
46.3217	-0.585691	209.061	0	
14.5041	-1.93261	187.32	0	
54.107	-0.829642	185.991	0	
44.5827	-1.71324	206.48	0	
15.9375	-0.18026	176.94	0	
40.4777	-1.34982	215.777	0	
22.19	-0.184751	169.986	0	
18.125	-0.399074	184.113	0	
33.9666	-2.52864	204.279	0	
16.6003	-0.495982	173.321	0	
38.9614	-1.19409	220.875	0	
14.6754	-0.923951	182.608	0	
44.5633	-2.56557	203.335	0	
23.9928	-1.21146	196.248	0	
49.5972	-1.21198	198.074	0	
37.3524	-1.63808	215.057	0	
21.8775	-0.734698	178.617	0	
35.2469	-1.81888	213.346	0	
25	-0.332561	191.228	0	
30.1156	-0.727833	218.74	0	
35.3599	-2.21308	208.607	0	
22.8125	-0.177641	204.523	0	
38.7291	-0.429517	230.805	0	
28.7645	-1.48918	209.622	0	
31.1089	-0.463959	227.686	0	
28.4375	-0.180456	215.788	0	
124.838	-1.37309	197.073	0	
32.0531	-0.168311	203.585	0	
25.8169	-2.41216	200.381	0	
29.0625	-0.180399	209.231	0	
24.0491	-1.98681	198.068	0	
25.9382	-0.938054	205.386	0	
27.3958	-0.421	221.774	0	
20.9375	-0.905095	193.07	0	
35.8719	-1.40019	217.811	0	
4.37253	-1.77427	187.567	0	
42.7068	-1.03746	211.6	0	
37.0924	-1.07714	220.942	0	
14.3761	-0.735515	171.804	0	
35.5804	-0.641899	229.838	0	
17.8125	-0.215758	186.53	0	
151.875	-0.165467	214.524	0	
41.0109	-0.916339	222.351	0	
149.627	-0.621501	212.185	0	
52.9052	-1.07637	189.565	0	
43.7907	-1.34241	208.312	0	
150.275	-2.19353	209.103	0	
41.9423	-0.463996	219.379	0	
144.179	-1.88834	204.316	0	
37.8006	-0.806942	224.541	0	
154.688	-0.905095	212.901	0	
32.8302	-0.445849	218.296	0	
27.0641	-1.83675	202.497	0	
43.539	-0.874961	216.526	0	
41.9423	-0.895512	217.349	0	
142.792	-1.53682	206.8	0	
48.3146	-1.63811	197.982	0	
139.383	-0.734712	211.387	0	
47.5335	-0.711507	202.294	0	
48.9231	-1.00645	198.312	0	
136.667	-0.301598	213.526	0	
47.0432	-1.44704	203.252	0	
144.378	-0.734698	209.138	0	
139.982	-2.32432	202.469	0	
52.2801	-0.721813	189.299	0	
135.628	-0.734698	209.67	0	
77.0898	-2.00366	216.971	0	
55.4347	-0.969056	190.534	0	
130.911	-0.999524	203.598	0	
54.2928	-0.690427	186.264	0	
134.343	-2.24537	201.862	0	
54.8711	-0.963421	188.088	0	
136.995	-3.64543	198.32	0	
121.6	-0.495902	193.572	0	
57.4613	-0.749484	190.026	0	
61.9423	-0.895512	193.149	0	
62.7068	-1.03746	200.752	0	
61.9423	-0.463996	194.534	0	
119.204	-2.49677	198.865	0	
57.8074	-0.916578	191.788	0	
123.764	-1.48918	198.39	0	
120.233	-1.9808	201.893	0	
69.0741	-1.29981	213.629	0	
115.625	-0.721791	192.744	0	
64.0121	-0.146177	202.626	0	
72.0429	-1.64504	214.022	0	
113.438	-0.168989	188.673	0	
64.1416	-1.0285	200.165	0	
121.109	-0.463959	190.271	0	
69.5127	-0.799823	209.104	0	
123.438	-0.180456	201.758	0	
90.8976	-0.997079	205.828	0	
130.585	-1.47432	202.479	0	
106.562	-0.215758	183.823	0	
70.8921	-1.02391	217.469	0	
-116.236	-1.48918	198.903	0	
77.5184	-2.76645	205.481	0	
72.8495	-0.895475	228.449	0	
-122.23	-1.36247	205.874	0	
71.912	-0.530357	221.201	0	
-117.5	-0.300722	216.338	0	
-119.183	-2.41216	192.509	0	
76.5625	-0.180399	250.327	0	
-123.75	-0.727521	218.308	0	
124.59	-2.00366	197.248	0	
79.7945	-1.03334	239.987	0	
-125	-0.300715	226.199	0	
77.8125	-0.172252	238.928	0	
-117.936	-1.83675	197.56	0	
79.4053	-1.63791	227.993	0	
-116.562	-0.180456	196.995	0	
-86.875	-0.479272	192.509	0	
80.8976	-0.997079	233.733	0	
-90.7716	-1.10409	188.185	0	
84.1879	-0.895475	233.936	0	
84.0121	-0.146177	238.14	0	
-92.2898	-1.64384	185.658	0	
89.0344	-0.868561	217.533	0	
-98.6052	-2.65328	184.686	0	
-98.2243	-0.445797	195.654	0	
88.252	-0.277004	210.476	0	
-109.447	-2.87186	187.674	0	
89.7945	-1.03334	223.492	0	
90.3174	-0.445797	186.722	0	
-95.31	-0.184751	190.13	0	
97.3536	-1.29758	200.874	0	
-98.9555	-1.03334	188.914	0	
86.8775	-0.734698	227.608	0	
-91.2709	-0.429517	186.83	0	
80.3174	-0.445797	227.312	0	
-95.1464	-1.29758	190.273	0	
100.404	-2.13755	198.853	0	
145.101	-0.785793	213.384	0	
-100.537	-0.416907	189.382	0	
92.6926	-0.233592	187.186	0	
-105.564	-1.61539	193.624	0	
96.8775	-0.734698	200.825	0	
98.4292	-1.56866	197.984	0	
-107.224	-0.298492	185.931	0	
-104.375	-0.399074	195.181	0	
116.577	-1.2985	193.111	0	
-109.688	-0.116803	192.765	0	
104.982	-1.13365	192.69	0	
103.768	-0.830406	186.864	0	
-110.689	-1.61687	195.868	0	
100.938	-0.183316	185.621	0	
-108.512	-1.52447	192.216	0	
97.8125	-0.177641	183.863	0	
-113.68	-2.72387	190.248	0	
-140.312	-0.905095	218.22	0	
111.493	-1.21146	190.515	0	
-134.624	-1.85612	206.593	0	
109.378	-0.734698	184.422	0	
110.312	-0.177641	182.034	0	
-122.389	-0.719544	211.097	0	
107.188	-0.183316	189.117	0	
-140.005	-1.46872	209.724	0	
-127.404	-0.415784	201.957	0	
118.023	-0.881803	195.4	0	
-131.817	-1.61405	213.995	0	
119.382	-0.975168	194.31	0	
116.562	-0.180399	185.441	0	
-134.782	-1.22966	216.695	0	
113.438	-0.938054	189.169	0	
-131.872	-0.734698	224.984	0	
112.5	-0.332561	186.086	0	
-127.845	-1.65287	207.914	0	
104.02	-0.136647	185.017	0	
-109.661	-0.732339	195.435	0	
-151.562	-0.231865	182.516	0	
119.412	-0.530357	190.249	0	
-139.007	-1.60465	210.812	0	
120.349	-0.895475	194.655	0	
126.534	-0.868561	201.207	0	
-140	-0.727521	225.767	0	
125.196	-0.842137	199.33	0	
-151.52	-2.36076	184.004	0	
-144.305	-2.30723	191.042	0	
174.65	-2.62007	256.046	0	
-19.9855	-1.48918	219.01	0	
127.817	-0.445797	206.629	0	
132.707	-1.03746	206.587	0	
-24.4436	-1.58328	213.991	0	
127.295	-1.03334	200.965	0	
-21.5781	-0.654448	238.439	0	
124.062	-0.180399	195.958	0	
-145.003	-0.338148	200.121	0	
-22.8514	-2.34464	200.234	0	
131.942	-0.463996	201.042	0	
-26.8825	-0.73471	233.353	0	
133.116	-1.2741	204.972	0	
134.649	-0.997684	203.514	0	
-28.7355	-0.313552	231.615	0	
139.59	-2.00373	204.523	0	
-21.6841	-1.40406	220.182	0	
9.375	-0.479272	167.386	0	
141.02	-1.20249	207.83	0	
5.03951	-0.584347	180.192	0	
140.312	-0.172232	209.086	0	
156.104	-1.29758	217.722	0	
4.01419	-1.50556	184.974	0	
139.062	-0.180422	211.42	0	
-2.26477	-2.47329	209.54	0	
134.961	-0.749484	205.1	0	
2.20086	-1.55087	186.299	0	
131.942	-0.895512	203.201	0	
-20.3125	-0.180456	250.434	0	
118.392	-1.02391	191.331	0	
-134.892	-2.10517	200.283	0	
-1.37748	-1.34353	195.462	0	
142.817	-0.445797	213.465	0	
-13.097	-2.99018	201.692	0	
150.989	-1.68367	211.348	0	
146.177	-0.753055	217.81	0	
1.94227	-0.895512	184.807	0	
143.398	-0.997079	209.376	0	
-2.75977	-0.844211	192.166	0	
-4.66559	-0.848439	200.412	0	
150.059	-0.246924	214.008	0	
-8.69529	-1.64838	217.096	0	
151.733	-0.81968	214.055	0	
157.271	-0.455456	220.94	0	
-18.0112	-2.51576	200.115	0	
155.94	-0.184751	215.997	0	
-10.8999	-0.495739	228.177	0	
148.128	-0.734698	206.082	0	
-5.62765	-1.77529	207.081	0	
-11.6818	-2.40401	208.464	0	
156.321	-0.367273	217.818	0	
-14.5547	-1.70317	218.61	0	
158.738	-0.675107	229.072	0	
159.306	-0.280058	234.162	0	
-14.06	-0.184751	229.671	0	
157.931	-0.272934	227.697	0	
-11.3911	-0.463959	228.155	0	
-43.7355	-1.48918	191.506	0	
160.417	-0.496475	237.091	0	
-26.2505	-0.72209	234.153	0	
-141.207	-8.60359	283.926	0	
165.15	-0.3813	247.395	0	
-31.9172	-2.25067	193.024	0	
154.771	-3.23953	216.792	0	
-36.8038	-1.72074	196.661	0	
160.844	-1.24905	237.482	0	
-46.2106	-0.584621	187.953	0	
155.628	-0.734698	214.964	0	
-8.50805	-0.872229	220.922	0	
-35.3464	-0.99974	205.81	0	
172.13	-1.16297	255.643	0	
-38.2	-1.36023	195.75	0	
176.058	-0.673031	256.692	0	
168.788	-3.96759	251.493	0	
-37.81	-0.184751	190.348	0	
165.225	-7.87377	244.063	0	
-34.8386	-2.08084	194.709	0	
-56.4964	-2.41123	184.538	0	
154.781	-4.3798	219.185	0	
-44.0625	-0.180456	193.806	0	
124.362	-42.9647	172.836	0	
163.138	-27.3954	219.648	0	
-47.0891	-1.78112	186.414	0	
197.758	-1.16333	253.719	0	
-50.4284	-3.20861	191.252	0	
177.391	-2.87465	256.808	0	
-56.9204	-0.941002	185.705	0	
-49.8546	-1.78408	186.16	0	
-68.7708	-0.673623	191.392	0	
-66.499	-2.45786	188.527	0	
-49.1934	-2.48579	188.061	0	
28.394	-2.43391	200.029	0	
-74.9911	-1.49188	194.767	0	
-79.607	-2.65338	183.245	0	
-76.25	-0.300715	195.29	0	
-70.8864	-2.41546	187.232	0	
163.632	-46.7796	206.501	0	
-45.9375	-0.119818	186.072	0	
-135.012	-10.2833	333.847	0	
-30.5897	-0.386682	217.148	0	
142.295	-1.03334	208.685	0	
5.3125	-0.119818	169.205	0	
-75	-0.727521	196.209	0	
-102.208	-1.53682	190.917	0	
-78.4949	-1.40439	191.276	0	
64.776	-0.463959	201.342	0	
-77.2107	-1.36404	191.468	0	
-82.5	-0.727521	196.186	0	
-83.8542	-0.420973	193.625	0	
97.7702	-1.36247	197.925	0	
106.25	-0.332561	177.137	0	
92.0836	-1.48774	210.592	0	
101.59	-0.652503	190.21	0	
100.408	-1.87808	198.139	0	
101.55	-0.130823	189.811	0	
94.8193	-1.37109	205.247	0	
93.1004	-1.27697	204.627	0	
86.9654	-3.32278	201.009	0	
97.19	-0.184751	206.285	0	
90.2925	-1.53682	213.021	0	
91.9635	-0.416907	210.011	0	
85.2755	-0.298492	212.116	0	
86.6481	-1.32461	221.198	0	
82.0836	-1.48774	223.144	0	
87.6948	-0.835136	213.719	0	
83.9784	-2.05757	209.81	0	
84.8589	-0.463959	246.78	0	
81.0448	-1.31472	232.807	0	
82.7121	-1.02568	223.478	0	
74.1003	-0.495902	236.984	0	
76.2645	-1.48918	223.496	0	
71.7042	-2.49677	205.206	0	
75.9375	-0.180456	248.266	0	
72.7332	-1.9808	211.3	0	
73.6089	-0.463959	243.799	0	
68.75	-0.727521	221.64	0	
66.4027	-0.378619	206.557	0	
59.2218	-2.75614	199.307	0	
70.5225	-0.881803	229.301	0	
64.05	-1.53804	198.553	0	
65.3344	-0.848439	206.805	0	
60.224	-0.233592	211.088	0	
60.4293	-2.12073	195.844	0	
58.1113	-2.51974	196.953	0	
58.8623	-0.856232	190.928	0	
51.1066	-0.525004	188.091	0	
52.6125	-1.24362	190.745	0	
45.5419	-2.9328	204.137	0	
51.9792	-0.127051	187.246	0	
49.5949	-2.73951	202.087	0	
51.4276	-2.16225	196.879	0	
45.6254	-1.02269	206.081	0	
47.4305	-2.72281	202.223	0	
39.0527	-1.6187	215.693	0	
39.3738	-2.21769	208.782	0	
27.375	-0.7939	200.815	0	
29.077	-1.2985	208.625	0	
25.3636	-2.41546	198.781	0	
120.431	-1.63768	197.947	0	
19.8958	-0.420973	203.598	0	
21.2589	-1.49188	195.607	0	
16.0816	-2.31285	194.396	0	
21.25	-0.727521	180.446	0	
17.5837	-1.46822	189.489	0	
18.4202	-1.60778	192.458	0	
13.75	-0.727521	171.081	0	
11.2895	-0.584347	171.343	0	
152.776	-0.298492	207.484	0	
154.995	-1.46872	214.562	0	
145.149	-2.35252	202.378	0	
155	-0.727521	213.438	0	
151.478	-2.05757	210.244	0	
152.359	-0.463959	214.784	0	
147.149	-0.997684	208.747	0	
148.745	-1.51942	207.74	0	
148.277	-1.83888	206.103	0	
148.861	-0.719544	207.336	0	
143.867	-1.58549	206.97	0	
144.69	-0.184751	207.593	0	
137.722	-0.232463	204.553	0	
138.764	-1.48916	206.329	0	
135.119	-1.60022	203.077	0	
136.362	-0.856232	209.33	0	
129.319	-1.54166	199.863	0	
129.703	-1.99844	202.139	0	
122.468	-0.740078	198.647	0	
124.077	-1.2985	197.907	0	
119.769	-2.78325	199.933	0	
156.52	-1.36247	219.929	0	
115	-0.300722	193.056	0	
116.264	-1.48918	195.804	0	
112.864	-2.41546	196.856	0	
115.938	-0.180456	189.581	0	
113.317	-2.41216	197.727	0	
114.564	-1.83675	196.655	0	
107.849	-0.664511	186.888	0	
109.925	-2.70444	199.382	0	
-117.521	-0.673623	203.211	0	
-115.923	-1.2985	198.793	0	
-138.48	-1.36247	218.473	0	
-67.8681	-2.59243	186.755	0	
-124.062	-0.905095	214.808	0	
-123.755	-1.46872	207.411	0	
-88.7799	-3.266	182.727	0	
-81.56	-0.184751	195.111	0	
-86.2636	-1.51593	190.068	0	
-84.6618	-2.03522	186.537	0	
-89.109	-1.05531	192.361	0	
-89.2002	-1.72084	187.969	0	
-96.5625	-0.905095	190.387	0	
-96.2552	-1.46872	189.419	0	
-95.2568	-1.60465	189.09	0	
-96.25	-0.727521	186.084	0	
-101.455	-1.31472	189.866	0	
-99.7879	-1.02568	190.112	0	
-106.562	-0.231865	187.693	0	
-105.915	-0.914043	196.112	0	
-69.6103	-1.70135	190.668	0	
-100.416	-1.48774	190.366	0	
-140.625	-0.721791	231.096	0	
-140.727	-1.88479	207.585	0	
-153.543	-2.7795	187.905	0	
-124.289	-2.67483	192.583	0	
-126.95	-1.62413	209.928	0	
-125.915	-0.737037	223.808	0	
-133.125	-0.167706	245.742	0	
-132.31	-1.4269	216.12	0	
-118.36	-1.70135	199.251	0	
-126.383	-1.30466	213.757	0	
-205.043	-18.0991	90.989	0	
-119.794	-3.11106	188.591	0	
-21.7794	-0.866997	231.391	0	
-19.673	-1.2985	230.577	0	
-28.0491	-2.49622	189.1	0	
5.21186	-2.25783	191.452	0	
-27.4983	-0.754052	227.568	0	
-27.1926	-0.922307	219.667	0	
7.87246	-1.45266	180.866	0	
16.213	-0.478752	174.16	0	
10.2416	-1.52283	183.804	0	
11.5625	-0.119818	168.963	0	
7.18666	-0.947283	186.215	0	
6.93869	-1.61689	188.302	0	
-0.3125	-0.905095	194.925	0	
0.00890801	-1.49188	196.162	0	
0.374753	-2.12441	199.152	0	
-1.85037e-17	-0.727521	186.271	0	
-4.78156	-1.22966	197.972	0	
-4.62388	-1.85813	203.359	0	
-9.69198	-0.916251	217.468	0	
-9.4731	-2.05468	213.068	0	
26.6397	-1.70135	202.164	0	
-4.33474	-2.03816	204.586	0	
-45.0212	-0.673366	193.307	0	
-43.423	-1.2985	190.745	0	
-49.8662	-3.25238	192.07	0	
-29.7186	-2.07009	195.608	0	
-31.012	-2.00724	196.525	0	
-29.7117	-1.45951	210.007	0	
-37.1659	-0.1895	220.974	0	
-36.3187	-1.31066	203.04	0	
-22.105	-1.38658	218.559	0	
-30.4563	-1.51253	204.882	0	
-60.9571	-2.28199	188.477	0	
-50.8625	-1.92759	185.409	0	
-68.1262	-1.46081	192.383	0	
-67.8319	-2.05376	189.324	0	
-75.625	-0.721791	196.261	0	
-74.1138	-2.73476	185.13	0	
-77.8818	-1.6829	188.685	0	
-105.723	-4.01946	188.354	0	
-82.8125	-0.905095	198.392	0	
-82.4911	-1.49188	194.293	0	
104.439	-1.90634	196.471	0	
109.69	-0.184751	182.954	0	
106.123	-1.51161	194.413	0	
107.796	-0.134193	183.219	0	
103.128	-0.734698	182.44	0	
103.186	-1.61539	192.871	0	
95.9375	-0.905095	199.137	0	
96.2448	-1.46872	201.47	0	
97.2432	-1.60465	200.793	0	
96.25	-0.727521	196.79	0	
91.0448	-1.31472	209.527	0	
92.7121	-1.02568	203.097	0	
85.9375	-0.231865	221.29	0	
86.0365	-2.61614	206.846	0	
77.338	-1.37309	226.528	0	
79.0904	-2.99854	201.121	0	
74.9682	-0.740078	237.692	0	
76.577	-1.2985	232.082	0	
69.0746	-3.77976	206.244	0	
123.57	-2.93481	197.44	0	
68.4375	-0.905095	222.21	0	
68.7589	-1.49188	211.867	0	
65.2184	-1.22966	202.811	0	
65.3786	-1.86048	202.794	0	
60.9375	-0.183316	200.261	0	
60.5878	-1.88442	195.019	0	
54.9617	-1.32787	189.854	0	
72.9309	-1.63768	216.859	0	
50.8176	-0.831816	190.401	0	
52.7222	-1.89827	193.105	0	
39.9303	-2.99719	202.852	0	
55.5423	-2.93135	202.911	0	
39.2242	-1.80193	211.993	0	
44.9632	-2.8108	203.864	0	
28.1238	-1.46081	209.125	0	
28.6653	-3.35919	194.603	0	
20.625	-0.721791	184.043	0	
22.3626	-2.93569	199.258	0	
-9.4731	-2.8958	207.418	0	
18.0056	-1.70676	191.545	0	
13.4375	-0.905095	177.55	0	
13.7589	-1.49188	184.168	0	
153.438	-0.231865	208.915	0	
155.993	-1.60465	218.412	0	
143.514	-1.46216	207.256	0	
144.079	-4.01424	197.479	0	
147.461	-0.749484	211.75	0	
146.415	-1.37226	209.773	0	
140.255	-1.43803	207.441	0	
151.675	-2.40378	209.892	0	
138.438	-0.180445	208.916	0	
139.077	-1.29849	208.144	0	
130.541	-2.99332	202.465	0	
143.343	-3.03082	199.781	0	
132.206	-1.53056	203.296	0	
129.328	-2.46797	202.509	0	
128.036	-1.83306	203.623	0	
127.586	-2.66027	200.518	0	
122.403	-1.35659	198.854	0	
122.446	-3.28621	200.58	0	
114.979	-0.673623	192.983	0	
116.625	-2.12843	197.14	0	
86.808	-3.88759	196.535	0	
114.14	-1.70135	194.802	0	
108.623	-0.799412	182.558	0	
107.951	-2.13229	197.76	0	
-116.876	-1.46081	200.276	0	
-116.582	-2.05376	194.517	0	
-124.375	-0.721791	215.594	0	
-122.757	-1.60465	202.701	0	
-78.91	-3.84628	186.036	0	
-143.838	-7.24312	243.326	0	
-90.6814	-1.54166	187.888	0	
-90.297	-1.99844	185.762	0	
-96.875	-0.721791	185.968	0	
-96.7445	-2.42983	185.645	0	
-116.618	-2.59243	189.174	0	
-108.549	-3.03628	185.465	0	
-104.627	-1.4537	190.336	0	
-111.474	-2.10505	194.47	0	
-108.123	-1.78303	191.082	0	
-116.662	-4.94424	201.372	0	
-140.701	-1.49655	209.404	0	
-141.785	-2.45031	195.423	0	
-130.908	-1.6623	210.535	0	
-142.263	-5.31355	195.297	0	
-138.64	-5.62368	201.377	0	
-130.347	-3.02059	193.597	0	
-20.6262	-1.46081	219.341	0	
-20.3319	-2.05376	205.909	0	
-28.5106	-1.28197	214.859	0	
-25.9354	-2.56868	189.504	0	
-44.0338	-3.09798	188.295	0	
-45.3257	-5.1406	218.829	0	
6.22765	-0.679594	171.305	0	
6.11338	-2.24603	190.41	0	
-0.62502	-0.721791	187.626	0	
-0.730123	-2.01802	200.231	0	
-20.3681	-2.59243	199.672	0	
-12.1294	-3.43886	196.208	0	
-8.65579	-2.05804	213.423	0	
-14.9665	-2.63887	203.452	0	
-11.4869	-2.06088	217.619	0	
-20.0619	-4.33039	186.653	0	
-45.1919	-1.68953	187.589	0	
-45.4165	-2.67286	186.542	0	
-33.9738	-1.81575	196.912	0	
-47.5622	-7.70271	301.446	0	
-45.6014	-4.7776	211.663	0	
-32.7423	-4.02105	188.189	0	
-75.5521	-2.47027	186.381	0	
24.8006	-2.71161	197.458	0	
-75.714	-1.87789	189.788	0	
-75.3446	-2.06317	189.752	0	
-83.125	-0.721791	193.999	0	
-82.1134	-2.58988	184.367	0	
-90.6715	-2.46797	182.659	0	
-86.697	-2.75837	182.582	0	
102.373	-0.799412	189.379	0	
102.79	-0.926407	188.887	0	
95.625	-0.721791	194.523	0	
95.5225	-1.88479	201.287	0	
76.8683	-2.89258	204.748	0	
85.5179	-3.2455	200.837	0	
88.2441	-1.90619	209.096	0	
80.915	-1.51156	223.455	0	
84.8349	-2.01948	214.411	0	
75.0476	-5.21816	202.719	0	
74.9034	-1.35659	226.488	0	
74.9456	-3.28621	203.113	0	
66.875	-0.167706	197.703	0	
69.1248	-2.12441	204.722	0	
52.0407	-2.2521	197.073	0	
48.7764	-5.98554	225.051	0	
62.2055	-1.53056	195.666	0	
46.9512	-8.73792	198.678	0	
51.2768	-5.14909	229.803	0	
63.4272	-3.8945	210.668	0	
51.6734	-1.45539	192.439	0	
52.0808	-1.87446	193.815	0	
20.6979	-2.47027	197.81	0	
108.044	-3.48669	201.677	0	
20.536	-1.87789	193.234	0	
20.9054	-2.06317	197.297	0	
13.125	-0.721791	174.543	0	
14.0741	-1.29981	179.336	0	
5.67532	-2.51323	195.931	0	
9.81407	-2.2442	190.864	0	
154.251	-1.85934	213.183	0	
154.166	-3.06875	215.025	0	
152.335	-2.01948	210.724	0	
138.62	-3.69542	197.396	0	
138.13	-2.14311	200.93	0	
138.352	-1.91427	204.761	0	
115.882	-2.59243	198.539	0	
154.705	-2.6397	215.554	0	
115.624	-1.46081	196.603	0	
115.918	-2.05376	197.981	0	
106.652	-1.54111	195.188	0	
109.897	-3.53596	200.424	0	
-140.535	-2.67592	191.677	0	
-71.1834	-2.73911	185.923	0	
-124.464	-1.87789	204.58	0	
-124.095	-2.06317	199.618	0	
-92.5197	-2.58542	183.903	0	
-85.7481	-1.56085	190.135	0	
-98.14	-1.86639	188.358	0	
-98.521	-1.66146	187.745	0	
-152.665	-2.01948	182.493	0	
-144.713	-3.93921	184.996	0	
-23.252	-2.58835	195.152	0	
3.27483	-5.73128	209.218	0	
-27.0823	-2.15849	194.933	0	
-27.8602	-2.07762	196.324	0	
3.95493	-2.49764	193.996	0	
10.6272	-1.78287	187.386	0	
-1.93731	-1.74554	204.946	0	
-2.35872	-1.47223	196.398	0	
-48.2437	-3.1471	190.017	0	
-47.1678	-3.97514	197.879	0	
-89.1846	-3.38874	182.383	0	
-92.8287	-4.81106	201.525	0	
-83.214	-1.87789	188.51	0	
-82.8446	-2.06317	188.465	0	
100.593	-2.50944	199.788	0	
107.343	-2.27434	198.994	0	
95.5488	-1.49655	202.348	0	
94.4653	-2.45031	202.745	0	
72.5892	-3.44935	202.567	0	
120.089	-3.44935	200.941	0	
67.6957	-1.42332	210.99	0	
67.7606	-2.35416	205.066	0	
47.6739	-3.26865	205.105	0	
49.8826	-4.78972	221.613	0	
17.7461	-3.87787	203.959	0	
-0.60116	-3.1044	208.219	0	
13.1209	-1.45954	183.623	0	
12.8767	-3.29821	200.289	0	
149.449	-3.7459	205.481	0	
185.26	-0.85338	257.143	0	
147.805	-1.27839	207.27	0	
149.83	-3.10975	206.218	0	
133.747	-2.40841	202.374	0	
138.285	-2.65263	200.793	0	
90.915	-1.51156	209.14	0	
102.181	-2.71382	199.146	0	
-152.829	-5.21478	213.101	0	
-132.001	-3.22061	188.146	0	
-121.637	-3.39427	187.749	0	
-96.5283	-2.75732	183.92	0	
-45.245	-3.38204	190.18	0	
-34.7414	-3.76359	186.246	0	
-26.0008	-3.99203	187.588	0	
13.1628	-2.23775	190.423	0	
-101.282	-3.02933	183.839	0	
-83.0521	-2.47027	184.569	0	
48.6904	-3.54776	208.19	0	
95.7018	-2.47148	201.616	0	
61.3399	-3.03459	200.177	0	
70.0183	-4.57442	209.66	0	
-3.5721	-3.24965	209.598	0	
7.1522	-3.63006	205.619	0	
147.169	-2.55241	203.212	0	
148.053	-3.61764	202.062	0	
35.3138	-2.40413	207.198	0	
34.5619	-3.20359	200.878	0	
126.582	-2.78065	196.833	0	
126.4	-5.74138	197.92	0	
-147.891	-3.11566	184.708	0	
-142.598	-3.38704	183.343	0	
-159.457	-1.33783	130.01	0	
-198.746	-8.47521	71.2205	0	
-153.325	-2.40378	186.147	0	
-152.269	-2.01355	184.471	0	
-155.424	-3.87335	192.828	0	
-155.888	-2.41665	185.75	0	
-53.88	-3.16132	189.161	0	
-49.1756	-3.38641	192.136	0	
-59.3006	-2.49501	188.17	0	
-58.5044	-2.31761	187.309	0	
-57.1942	-2.2982	185.288	0	
-57.4997	-2.22773	185.61	0	
-65.7241	-1.5947	190.574	0	
-65.4447	-4.5694	202.215	0	
-71.8785	-3.20129	185.375	0	
-68.4228	-3.24228	187.426	0	
43.4539	-2.36178	203.076	0	
47.2486	-3.75225	208.187	0	
35.997	-2.26439	208.708	0	
33.2063	-3.88481	197.117	0	
32.4491	-3.66095	197.313	0	
36.9071	-2.61031	205.574	0	
23.9258	-3.2437	197.553	0	
27.3495	-3.99597	194.078	0	
118.613	-2.63502	198.762	0	
121.483	-2.01677	203.302	0	
-120.801	-1.79603	199.866	0	
-118.416	-2.99287	188.577	0	
-93.9861	-3.04819	184.462	0	
-95.3257	-5.75182	220.514	0	
-108.544	-2.50699	188.002	0	
-107.282	-2.26923	186.99	0	
-145.563	-2.92371	185.254	0	
-148.173	-3.58065	188.306	0	
-23.9958	-3.26883	187.956	0	
-20.9228	-3.24228	189.573	0	
3.13624	-2.47937	193.904	0	
1.98041	-5.11808	208.927	0	
-13.3551	-2.15138	214.576	0	
-10.7527	-2.41864	213.131	0	
-48.6302	-2.47535	187.045	0	
-45.9152	-2.46381	186.412	0	
-51.6437	-3.33577	191.537	0	
-47.9691	-2.67115	188.313	0	
-80.1323	-1.98207	187.733	0	
-76.7641	-2.45278	185.643	0	
99.6959	-2.90329	200.93	0	
99.2441	-5.42432	196.315	0	
84.1751	-2.40378	208.812	0	
85.2309	-2.01355	209.809	0	
70.831	-2.95918	201.686	0	
73.9828	-2.01677	212.815	0	
47.8824	-1.44482	199.824	0	
51.5772	-3.24228	208.138	0	
42.8945	-4.30679	206.617	0	
48.037	-2.96464	203.489	0	
16.0631	-3.03793	199.959	0	
19.4859	-2.45278	198.18	0	
151.423	-2.85181	209.096	0	
152.731	-2.01355	210.202	0	
111.421	-3.32662	199.986	0	
115.327	-3.24228	199.21	0	
-88.5596	-3.48914	182.749	0	
-84.9387	-2.82571	182.076	0	
9.32319	-2.73157	197.278	0	
11.3592	-3.08405	200.464	0	
105.145	-3.22553	201.713	0	
103.102	-2.91366	200.039	0	
-143.031	-2.98413	186.928	0	
-140.997	-2.50494	195.586	0	
-99.4494	-2.53706	184.843	0	
-96.5747	-2.05299	187.078	0	
-3.05751	-2.48078	209.455	0	
-0.398461	-2.22268	202.325	0	
93.1497	-2.54879	204.782	0	
95.2526	-2.50494	202.298	0	
40.48	-3.74918	202.024	0	
46.8444	-2.50022	202.677	0	
128.189	-3.76789	199.356	0	
133.111	-3.52347	201.57	0	
127.171	-4.81106	198.701	0	
129.016	-3.22877	201.488	0	
-151.982	-3.2455	188.941	0	
-152.231	-4.40508	202.038	0	
-158.412	-2.43032	153.475	0	
-162.041	-18.4855	243.425	0	
-153.541	-3.76896	194.368	0	
-150.788	-3.7064	191.644	0	
-159.937	-6.31969	146.616	0	
-154.615	-3.09021	190.213	0	
-157.06	-10.2055	233.668	0	
-143.445	-3.14675	185.008	0	
-58.4803	-3.03203	188.561	0	
-56.9822	-4.24535	199.749	0	
-62.0684	-2.30763	188.594	0	
-58.0571	-3.28118	189.772	0	
-62.0514	-3.2216	190.232	0	
-55.3557	-3.69952	192.907	0	
-64.626	-3.03784	187.947	0	
-63.6363	-3.10641	188.362	0	
-62.4939	-3.42808	189.883	0	
-60.5851	-2.97906	189.5	0	
-71.7582	-4.44577	195.275	0	
-69.7144	-4.44498	196.195	0	
39.353	-2.43968	206.209	0	
39.1014	-3.49022	201.402	0	
37.4937	-2.4541	206.787	0	
38.0425	-3.20685	202.158	0	
35.0847	-4.22644	199.2	0	
37.3204	-2.63158	205.316	0	
36.2434	-3.82939	200.236	0	
33.9384	-3.95055	198.103	0	
23.9065	-4.50748	197.916	0	
27.1275	-6.32372	198.1	0	
119.175	-4.63158	199.344	0	
114.6	-5.056	198.332	0	
-121.262	-3.83814	187.599	0	
-125.355	-4.46666	190.373	0	
-91.8107	-3.76789	185.479	0	
-89.3724	-2.95125	182.457	0	
-90.9728	-3.77629	184.804	0	
-86.6529	-3.34722	182.071	0	
-107.539	-4.1325	188.968	0	
-106.699	-2.24205	187.464	0	
-110.58	-4.36122	193.512	0	
-98.6255	-3.0858	183.352	0	
-146.4	-3.9262	185.931	0	
-142.159	-3.20172	187.096	0	
-24.1378	-4.21985	190.057	0	
-28.5717	-6.20567	242.405	0	
4.80956	-4.10678	207.9	0	
6.70565	-3.13144	201.356	0	
5.28483	-3.87964	205.123	0	
10.1524	-3.26903	203.349	0	
-13.7371	-3.90825	189.368	0	
-10.055	-2.47332	210.984	0	
-13.6036	-3.05093	199.902	0	
-2.27162	-3.02297	208.294	0	
-50.6918	-3.18729	190.779	0	
-46.9811	-2.45176	185.851	0	
-50.8585	-3.36271	191.902	0	
-47.125	-2.69666	187.881	0	
-79.2111	-4.42075	192.597	0	
-84.436	-4.50105	191.367	0	
100.809	-4.23801	200.279	0	
113.456	-4.22103	199.112	0	
110.435	-3.34789	199.956	0	
107.541	-2.65745	200.331	0	
83.4832	-4.81182	190.745	0	
85.4788	-2.42138	208.335	0	
81.7792	-3.33602	198.462	0	
94.8713	-3.92379	200.027	0	
71.238	-4.15602	205.578	0	
67.009	-4.67507	219.236	0	
45.5634	-3.16958	205.3	0	
48.8223	-2.62574	200.853	0	
45.9153	-4.45171	212.286	0	
49.028	-4.18947	214.405	0	
18.2257	-5.99508	205.802	0	
11.6223	-4.69329	209.285	0	
108.833	-2.41146	198.054	0	
101.011	-3.18497	200.883	0	
-90.9841	-3.22877	182.455	0	
-94.3535	-3.02339	184.931	0	
4.3749	-3.81332	204.801	0	
2.37822	-4.71862	208.127	0	
106.279	-1.90012	197.372	0	
106.652	-2.66149	201.027	0	
97.4859	-3.9564	200.514	0	
101.734	-4.33643	200.154	0	
-144.278	-3.6756	183.71	0	
-145.562	-4.32925	187.675	0	
-101.613	-3.11444	184.996	0	
-107.769	-4.35437	192.377	0	
-5.57992	-3.35182	205.454	0	
-11.3925	-3.51611	199.202	0	
90.887	-3.11444	206.03	0	
85.8112	-5.26782	190.771	0	
121.541	-2.85345	202.68	0	
144.471	-3.83278	198.251	0	
124.894	-3.93024	195.807	0	
129.027	-3.77629	200.61	0	
-154.474	-5.70917	211.828	0	
-150.027	-3.76948	191.744	0	
-155.868	-3.88601	186.897	0	
-89.1164	-5.74343	221.794	0	
-157.851	-4.21465	169.915	0	
-156.697	-4.51693	183.726	0	
-155.812	-4.61073	190.763	0	
-151.199	-4.99951	208.031	0	
-87.5014	-3.77243	185.062	0	
-54.6625	-4.0136	197.298	0	
-59.573	-3.28063	190.532	0	
8.81055	-5.80443	211.918	0	
-65.5928	-3.61131	189.745	0	
-58.0932	-3.99451	196.34	0	
-64.3228	-4.95508	208.676	0	
-60.1822	-5.13236	214.396	0	
9.60449	-5.75588	212.135	0	
93.8143	-5.78125	193.902	0	
31.1495	-3.51782	194.662	0	
32.0755	-4.57134	194.486	0	
36.2382	-2.80344	203.956	0	
34.8888	-4.38667	199.311	0	
35.2799	-5.38439	203.668	0	
37.5605	-3.8422	200.862	0	
-101.585	-1.51156	189.503	0	
-99.9508	-4.25909	189.49	0	
-146.021	-4.9734	195.587	0	
-70.0117	-4.58608	198.164	0	
-156.314	-7.10161	210.181	0	
-49.6064	-4.14998	202.092	0	
-148.239	-4.6297	198.041	0	
-147.164	-5.63808	208.53	0	
-4.26633	-5.07179	200.798	0	
-3.76474	-3.79597	206.109	0	
-56.7645	-4.15018	198.482	0	
27.858	-3.77517	194.298	0	
-39.2662	-2.97874	184.792	0	
46.2501	-5.25299	216.9	0	
-54.9216	-4.50123	205.387	0	
-49.4504	-3.90993	199.313	0	
-55.5154	-4.18346	199.469	0	
-47.8234	-3.8423	195.608	0	
-52.1627	-4.07054	200.528	0	
-47.7438	-5.43932	226.176	0	
91.2177	-3.02933	205.556	0	
104.703	-5.04902	198.573	0	
37.13	-5.62085	206.273	0	
129.426	-4.15905	200.812	0	
57.7788	-3.23889	204.946	0	
111.108	-5.61856	197.067	0	
41.8623	-4.14547	204.56	0	
46.8161	-3.985	210.077	0	
40.0475	-5.22243	207.392	0	
47.9372	-3.5878	207.547	0	
39.0203	-4.24987	201.999	0	
48.0096	-5.08806	219.136	0	
-90.6069	-4.12617	189.859	0	
-89.4319	-4.70687	194.27	0	
5.73603	-4.1862	209.574	0	
6.98424	-5.01005	212.207	0	
102.881	-6.52158	193.054	0	
107.642	-5.71838	196.713	0	
103.252	-3.80033	201.142	0	
104.792	-4.20225	201.088	0	
101.385	-5.94733	194.98	0	
102.463	-4.24331	200.426	0	
-150.208	-6.63642	238.421	0	
-143.148	-4.79818	189.85	0	
76.3984	-3.43411	201.076	0	
143.147	-8.16269	203.339	0	
127.635	-4.48529	198.992	0	
128.95	-5.68038	202.189	0	
-158.463	-5.097	163.277	0	
-143.532	-3.58419	184.257	0	
-161.143	-2.23723	103.848	0	
-202.841	-16.6058	86.6724	0	
-173.403	-42.5175	258.905	0	
-77.5865	-6.05385	222.304	0	
-150.578	-7.45755	252.857	0	
-55.3559	-5.17156	219.229	0	
-60.4865	-4.07923	198.172	0	
-57.5338	-5.25845	216.946	0	
-115.964	-3.71798	189.813	0	
16.8128	-4.49491	205.729	0	
-19.7147	-3.71466	185.79	0	
109.006	-4.7321	201.013	0	
39.2316	-4.62851	203.213	0	
44.5686	-5.43324	214.767	0	
-139.233	-4.32194	189.3	0	
-143.995	-6.00016	208.705	0	
-96.8604	-5.44595	210.042	0	
-98.1162	-4.66634	196.511	0	
-148.909	-5.71624	217.646	0	
-133.904	-4.32855	187.702	0	
-32.0497	-3.88315	186.756	0	
39.1659	-5.1877	206.283	0	
0.120451	-6.19104	203.386	0	
-1.58517	-4.58493	207.981	0	
-70.6413	-5.9083	230.711	0	
-54.4787	-4.82389	212.187	0	
-53.546	-4.6439	208.529	0	
-50.8981	-4.79298	214.618	0	
-52.7477	-6.33808	253.789	0	
-49.4818	-5.46363	230.157	0	
-54.1051	-7.15582	278.082	0	
-35.8207	-2.39308	187.824	0	
-48.9159	-4.98941	218.452	0	
-48.3512	-4.84571	215.581	0	
64.9023	-2.67058	202.766	0	
111.081	-3.17329	199.183	0	
94.4971	-5.56643	194.442	0	
96.1449	-4.31675	198.586	0	
26.7879	-6.23174	197.49	0	
41.635	-4.41006	204.963	0	
43.4661	-3.87461	205.537	0	
44.6678	-4.87519	212.304	0	
44.4256	-7.09985	214.963	0	
45.4101	-5.44123	216.167	0	
42.0564	-6.53229	214.344	0	
60.3265	-2.6168	197.844	0	
47.0608	-5.11764	217.643	0	
48.3032	-5.69337	222.897	0	
-92.3648	-4.48529	195.978	0	
-88.5084	-6.27348	235.856	0	
5.21193	-4.97546	211.536	0	
4.83577	-5.79576	210.897	0	
107.716	-4.93836	200.537	0	
109.823	-5.4368	199.467	0	
45.9955	-5.72937	218.336	0	
103.456	-5.11927	198.856	0	
101.942	-5.06043	198.26	0	
100.645	-5.12834	197.874	0	
-146.611	-5.52648	207.895	0	
-145.947	-4.52534	191.986	0	
-146.43	-6.68528	233.858	0	
-144.826	-5.32845	200.732	0	
-149.347	-7.78821	263.088	0	
-132.586	-2.12256	205.521	0	
-153.969	-5.83279	217.032	0	
-153.062	-6.84405	235.103	0	
-66.8768	-6.55056	249.265	0	
-49.4476	-7.33347	286.432	0	
29.5714	-6.36941	199.81	0	
58.3085	-7.71607	227.606	0	
-164.514	-4.83275	83.0311	0	
-123.755	-4.84301	195.033	0	
-65.7924	-6.65241	249.48	0	
-34.5577	-10.6934	468.909	0	
-58.681	-8.06587	303.773	0	
-25.6817	-6.79757	263.341	0	
-34.0279	-4.14612	189.917	0	
-45.439	-4.55127	204.916	0	
30.4925	-6.14602	199.614	0	
103.816	-7.09954	191.142	0	
36.6085	-8.05315	220.687	0	
122.021	-4.47421	198.397	0	
61.998	-5.36667	230.257	0	
50.2147	-4.2693	217.043	0	
-99.2602	-5.79064	220.717	0	
-116.314	-5.82257	214.212	0	
-5.81047	-5.84541	184.134	0	
-21.9784	-4.61926	192.494	0	
102.389	-8.9986	185.322	0	
97.4074	-6.18657	191.482	0	
74.5208	-4.47421	201.289	0	
92.549	-6.62031	193.035	0	
-142.401	-5.78441	202.35	0	
-141.379	-3.92379	186.09	0	
-153.806	-6.70878	229.283	0	
-122.311	-7.70092	250.042	0	
-136.622	-2.29837	202.413	0	
-127.827	-3.5803	189.447	0	
-37.5934	-3.17393	184.055	0	
-32.6586	-2.59701	186.212	0	
59.4531	-3.59383	207.821	0	
63.837	-2.65755	200.482	0	
134.106	-4.48756	201.091	0	
130.759	-5.98472	204.153	0	
124.401	-5.40578	197.152	0	
149.589	-14.6463	216.444	0	
-154.187	-7.21154	235.094	0	
-51.4213	-9.20828	350.208	0	
-41.2619	-4.41083	195.743	0	
-42.9687	-4.76528	206.365	0	
54.684	-5.32173	236.433	0	
52.0172	-4.20359	220.684	0	
-86.751	-7.34847	270.788	0	
-84.9997	-3.55208	182.133	0	
8.52593	-6.3378	210.823	0	
10.3926	-3.69596	204.282	0	
121.894	-5.76652	197.653	0	
114.007	-4.93297	197.502	0	
-96.5212	-5.61951	218.471	0	
-127.624	-3.20297	190.935	0	
-134.894	-7.47424	241.718	0	
-119.523	-4.04133	189.226	0	
-44.9846	-4.43049	202.3	0	
-22.328	-4.35314	190.323	0	
-43.1049	-6.07619	239.214	0	
-40.3575	-4.5203	200.897	0	
50.5818	-6.05969	231.038	0	
74.0413	-2.85345	205.405	0	
54.2208	-8.89804	202.646	0	
56.9669	-4.95668	230.407	0	
-45.8194	-6.64836	262.145	0	
-47.7119	-6.49921	256.732	0	
49.8075	-6.11468	228.541	0	
47.9589	-6.75222	221.899	0	
-139.862	-8.67598	276.91	0	
-131.717	-4.06801	188.495	0	
-53.4623	-7.1131	276.347	0	
-46.9263	-8.32123	323.102	0	
42.5266	-7.47798	214.983	0	
48.9496	-6.46557	225.208	0	
-163.935	-0.852052	71.6865	0	
-159.941	-1.73296	125.667	0	
-171.25	-1.13039	53.7482	0	
-161.436	-5.33245	120.999	0	
157.598	-2.23646	226.881	0	
162.26	-1.59528	244.356	0	
160.325	-2.82414	236.926	0	
161.891	-2.99064	240.284	0	
149.341	-4.16064	204.945	0	
159.576	-4.20786	233.38	0	
136.221	-3.79032	198.74	0	
140.199	-4.86766	196.374	0	
-73.3519	-3.26727	185.484	0	
-70.5249	-4.19606	192.823	0	
-78.4481	-9.28357	363.862	0	
-65.1341	-6.64788	251.419	0	
-76.3182	-3.92403	188.122	0	
-75.1558	-5.50821	212.022	0	
22.8176	-3.25137	199.266	0	
25.8099	-5.5241	196.554	0	
17.1275	-8.4903	201.276	0	
32.7926	-7.11844	210.644	0	
19.9318	-3.92403	202.3	0	
22.0393	-6.54481	202.246	0	
116.925	-3.61758	198.941	0	
120.44	-4.32522	199.59	0	
113.066	-6.73577	197.079	0	
126.005	-6.14647	199.696	0	
110.984	-6.88693	194.249	0	
116.728	-5.58779	197.764	0	
-119.331	-4.34169	191.02	0	
-119.5	-4.63877	194.309	0	
-147.92	-8.71163	283.626	0	
-105.899	-4.43906	190.587	0	
-145.455	-9.31096	307.647	0	
-147.478	-8.13291	270.232	0	
-22.9435	-3.80327	187.304	0	
-23.2008	-5.94915	220.345	0	
2.67199	-6.21394	207.699	0	
-8.06046	-6.64301	176.007	0	
-26.8933	-5.20993	209.551	0	
-22.6838	-7.16943	263.439	0	
-81.7907	-4.32915	190.37	0	
-75.967	-5.58046	216.174	0	
-74.4653	-8.15169	308.934	0	
-76.587	-4.42217	191.132	0	
-81.8998	-5.57304	209.358	0	
-80.5598	-8.81989	346.467	0	
72.9398	-4.32522	202.604	0	
73.8638	-5.65683	206.827	0	
102.059	-6.18324	194.419	0	
87.4953	-6.16256	191.634	0	
68.3511	-4.67798	215.519	0	
94.9733	-6.17243	192.483	0	
15.3528	-3.76236	202.348	0	
19.2238	-6.29625	204.937	0	
23.9361	-7.68014	202.983	0	
19.663	-4.42217	204.708	0	
13.2667	-6.15606	209.428	0	
13.6042	-5.57482	209.201	0	
111.227	-4.57792	198.972	0	
112.233	-6.47706	194.627	0	
105.873	-7.29949	191.948	0	
114.171	-7.60604	196.756	0	
-85.9131	-4.3092	188.704	0	
-85.9963	-4.93492	200.696	0	
-86.8333	-5.72257	217.986	0	
-83.5563	-8.1869	313.158	0	
9.8671	-4.06524	208.509	0	
9.77004	-5.0824	212.001	0	
10.7067	-6.4082	210.338	0	
9.41873	-8.96565	197.539	0	
130.921	-7.81328	207.886	0	
135.09	-3.91756	199.736	0	
124.097	-3.74223	196.702	0	
122.65	-5.00772	197.341	0	
-66.6256	-3.78982	190.919	0	
-68.1141	-4.86027	205.517	0	
30.4115	-5.012	194.981	0	
29.3711	-4.5403	193.583	0	
-95.6065	-4.02815	189.345	0	
-98.2717	-3.81762	185.886	0	
-102.82	-5.71468	211.915	0	
-107.089	-5.44453	205.638	0	
0.340261	-3.49558	207.282	0	
-2.03463	-3.8057	209.585	0	
-6.62517	-6.02184	185.706	0	
-8.77166	-4.4637	192.606	0	
96.5595	-3.77236	199.953	0	
93.1546	-4.07631	200.655	0	
87.9971	-6.05033	192.107	0	
102.996	-7.55644	189.455	0	
-62.1596	-6.43714	244.527	0	
33.7989	-9.24331	227.25	0	
-64.7726	-10.3625	412.635	0	
44.3033	-9.42557	190.356	0	
-44.1732	-8.8966	348.815	0	
107.285	-8.90192	189.318	0	
41.6806	-7.57093	214.43	0	
127.666	-8.92748	208.25	0	
31.9927	-10.2785	227.165	0	
129.485	-8.16556	207.689	0	
100.298	-8.33244	185.819	0	
102.579	-7.05059	191.093	0	
-154.479	-8.83589	254.284	0	
-60.7892	-6.43678	247.437	0	
138.734	-4.82152	197.225	0	
153.424	-2.69477	212.237	0	
-138.259	-7.52412	241.667	0	
-137.46	-4.55249	191.889	0	
-128.68	-4.22613	188.316	0	
-131.305	-9.11361	293.904	0	
-32.1707	-3.3022	183.48	0	
-31.9449	-4.46444	195.402	0	
62.4238	-3.83505	210.209	0	
63.0624	-4.1467	213.309	0	
130.368	-11.5206	214.846	0	
153.107	-6.42784	216.735	0	
137.457	-4.50744	197.944	0	
140.295	-6.06825	198.037	0	
-74.5447	-4.14336	191.382	0	
-75.1297	-4.80638	198.609	0	
22.3374	-3.63908	200.432	0	
20.7939	-4.75279	203.379	0	
116.706	-3.28449	199.118	0	
115.621	-4.3196	198.349	0	
-123.567	-3.75836	187.737	0	
-125.068	-3.92403	190.257	0	
-112.318	-9.89616	349.988	0	
-113.387	-5.3104	205.455	0	
-26.964	-3.20722	184.986	0	
-30.074	-3.41975	183.333	0	
-14.8824	-8.61274	214.192	0	
-17.4643	-4.48605	182.229	0	
-81.9955	-3.98097	184.678	0	
-81.6948	-5.08814	204.336	0	
69.7421	-3.9942	207.152	0	
66.2157	-4.22121	216.297	0	
76.6584	-6.29298	202.195	0	
79.0056	-5.04648	192.466	0	
13.0727	-3.60728	201.969	0	
12.2628	-4.57759	207.93	0	
103.806	-12.2419	184.791	0	
115.48	-8.27586	197.539	0	
-93.1998	-8.90596	353.441	0	
-91.5103	-7.10938	265.504	0	
2.50643	-6.55838	203.301	0	
4.30839	-9.52397	186.954	0	
132.25	-11.5238	213.34	0	
145.495	-4.05036	198.422	0	
134.143	-4.96078	201.724	0	
135.259	-5.49457	201.104	0	
121.465	-7.45208	198.83	0	
123.993	-10.0847	207.835	0	
-69.1189	-6.36401	247.912	0	
-67.211	-8.74948	325.089	0	
27.0657	-5.9497	196.737	0	
27.4539	-8.62668	209.747	0	
-61.1885	-8.99006	337.004	0	
-92.421	-12.71	541.958	0	
-54.2357	-7.54361	291.749	0	
1.29749	-10.8376	175.174	0	
85.8866	-5.74918	190.585	0	
70.5181	-7.31464	221.607	0	
101.361	-6.99646	190.855	0	
102.267	-8.57949	186.136	0	
-119.761	-7.93691	270.41	0	
-121.936	-5.85383	209.103	0	
-127.062	-6.83423	227.3	0	
-125.746	-6.74707	226.126	0	
-46.9986	-11.8302	436.93	0	
-26.8519	-6.71415	254.415	0	
-32.4551	-5.00053	207.205	0	
-30.2142	-7.0302	273.196	0	
47.5612	-9.3229	182.387	0	
70.9004	-5.67562	214.472	0	
63.5706	-4.89892	224.701	0	
67.4142	-7.02745	225.517	0	
139.307	-5.93293	198.488	0	
143.854	-6.20527	199.352	0	
126.549	-9.20948	207.622	0	
190.866	-1.94105	256.161	0	
-97.71	-7.21997	275.202	0	
35.5456	-6.72748	213.276	0	
-1.34388	-7.77576	188.887	0	
102.762	-10.2392	183.724	0	
72.2037	-9.15526	214.799	0	
96.0757	-11.7716	187.547	0	
-137.331	-5.39163	197.716	0	
-136.171	-6.46356	215.321	0	
-32.9296	-8.57663	358.746	0	
-31.4256	-6.90302	273.962	0	
63.2557	-8.09296	219.807	0	
99.0076	-9.34717	183.509	0	
81.9208	-8.23587	202.992	0	
154.918	-10.4483	223.29	0	
-77.4703	-7.23806	272.116	0	
31.6281	-7.85289	214.283	0	
9.29465	-9.8778	191.796	0	
110.804	-8.60054	193.404	0	
-125.664	-5.95304	210.583	0	
-123.537	-5.83632	208.664	0	
-30.6312	-6.05368	236.769	0	
-27.1304	-5.55483	217.667	0	
65.951	-6.18884	230.734	0	
68.7569	-6.36087	221.518	0	
150.784	-4.81205	208.969	0	
151.894	-5.82502	212.698	0	
150.504	-7.23629	212.419	0	
141.276	-8.75125	204.14	0	
-110.974	-8.56909	298.006	0	
-114.386	-9.93133	352.368	0	
-114.645	-3.90524	189.279	0	
-110.882	-4.5887	196.264	0	
-16.0855	-7.30186	202.984	0	
-22.0745	-7.78639	273.202	0	
-18.3939	-3.90688	185.042	0	
-14.2162	-4.63083	182.823	0	
80.5027	-7.36602	196.004	0	
77.2803	-8.63842	211.433	0	
79.1595	-3.57305	198.579	0	
80.8434	-3.04739	202.685	0	
-62.8249	-6.39731	245.259	0	
-64.7292	-7.32659	280.442	0	
32.6308	-4.44216	196.866	0	
33.6473	-6.18382	206.176	0	
-207.508	-22.5632	101.21	0	
-157.19	-8.53554	209.93	0	
-42.9972	-4.00528	193.994	0	
-39.2463	-3.62107	186.188	0	
52.9289	-5.20247	233.705	0	
57.8694	-4.90559	226.879	0	
-137.216	-5.82283	205.767	0	
-135.856	-3.61931	188.051	0	
134.182	-8.78505	207.941	0	
139.219	-8.20354	203.143	0	
-132.898	-6.14898	207.914	0	
-87.5702	-8.16362	317.308	0	
-28.4274	-8.06446	330.277	0	
9.07562	-8.20296	202.698	0	
65.0181	-6.04219	230.707	0	
51.0512	-9.46093	182.56	0	
86.2798	-10.5649	206.71	0	
207.547	-12.7638	248.412	0	
-59.9305	-10.1621	384.546	0	
-56.586	-6.49248	251.506	0	
37.8768	-9.33751	219.982	0	
40.6621	-6.61402	213.845	0	
138.591	-6.29099	199.174	0	
138.021	-7.36948	201.722	0	
138.616	-7.0023	200.485	0	
139.027	-7.74568	202.132	0	
135.341	-10.3135	210.383	0	
164.026	-6.0642	243.195	0	
118.039	-10.7208	203.305	0	
95.7898	-14.18	192.295	0	
-48.5498	-9.09939	350.229	0	
-45.1306	-10.515	409.062	0	
47.8917	-9.09695	192.95	0	
50.8286	-8.77029	201.521	0	
-174.55	-3.1019	53.3781	0	
-158.745	-7.70098	178.115	0	
-160.564	-10.681	183.892	0	
-186.758	-23.9671	108.425	0	
159.137	-4.97856	231.956	0	
168.643	-0.937744	252.05	0	
-85.5538	-10.5357	441.084	0	
100.782	-9.87064	183.113	0	
18.7134	-7.2068	203.828	0	
3.28741	-10.6726	177.775	0	
-153.529	-11.0758	302.988	0	
-144.917	-11.3189	369.636	0	
-121.381	-14.3246	530.003	0	
-124.757	-8.08493	265.768	0	
109.784	-18.1959	205.441	0	
115.646	-9.72142	199.493	0	
-90.0384	-13.6262	611.862	0	
-69.3195	-10.2413	399.748	0	
4.54707	-12.8563	171.159	0	
26.4431	-7.63784	203.449	0	
-112.866	-4.58505	196.232	0	
-130.052	-14.7061	512.341	0	
-16.962	-4.7819	181.879	0	
-23.7261	-7.48524	270.421	0	
-138.609	-15.171	520.555	0	
-122.989	-12.7407	453.506	0	
-41.4809	-13.3741	507.02	0	
-4.94223	-9.27048	174.36	0	
66.9126	-11.4252	156.995	0	
59.2785	-10.4559	154.811	0	
114.946	-12.5019	203.771	0	
129.241	-11.3478	213.887	0	
148.319	-7.36025	208.306	0	
153.222	-7.77141	218.618	0	
-123.871	-9.3973	305.411	0	
-101.975	-7.60024	266.383	0	
-18.4892	-11.5373	371.164	0	
-6.58106	-7.26564	176.034	0	
74.2601	-10.3217	211.912	0	
89.1921	-6.49873	192.575	0	
71.9554	-10.4855	204.011	0	
137.064	-12.516	211.63	0	
-60.8899	-10.7117	405.412	0	
-53.775	-11.0977	405.747	0	
35.1388	-8.96154	225.432	0	
41.0153	-11.0055	189.507	0	
128.874	-12.4966	216.339	0	
232.549	-14.853	244.757	0	
-178.539	-1.3838	51.4534	0	
-163.423	-2.76651	83.0253	0	
-156.007	-9.96522	249.25	0	
-221.351	-12.57	97.5479	0	
-168.075	-3.33578	64.0273	0	
-167.13	-4.74347	71.7963	0	
165.946	-0.84414	248.667	0	
165.286	-3.61734	247.236	0	
156.525	-8.00664	226.394	0	
132.764	-15.6096	215.793	0	
-52.7603	-9.56337	368.536	0	
-6.49945	-13.2821	203.669	0	
43.4403	-9.79957	188.266	0	
32.0928	-11.2543	229.526	0	
-55.9037	-15.3103	475.961	0	
-137.326	-7.44474	239.139	0	
-134.401	-9.58876	310.131	0	
-156.945	-15.9088	310.955	0	
-127.452	-14.5803	518.064	0	
-42.9104	-15.1814	514.368	0	
-33.683	-16.5419	635.684	0	
51.9269	-15.8426	47.1475	0	
67.788	-13.8378	120.154	0	
129.867	-13.5241	216.408	0	
152.212	-12.1385	219.431	0	
-158.507	-14.5097	262.696	0	
44.0401	-13.368	122.08	0	
12.2216	-9.23926	198.123	0	
90.5411	-9.63157	190.852	0	
127.134	-11.0184	212.814	0	
118.028	-8.54168	199.724	0	
-166.007	-6.66797	85.7732	0	
-188.376	-3.76145	58.7937	0	
-134.692	-10.5996	348.063	0	
-129.856	-8.78977	286.091	0	
-224.132	-38.6472	134.296	0	
-128.7	-12.905	456.236	0	
-132.641	-8.65729	275.607	0	
-133.968	-4.9769	191.64	0	
-165.579	-11.5513	125.44	0	
-107.408	-8.68139	311.192	0	
-129.934	-10.9641	358.932	0	
-128.063	-7.65355	251.319	0	
-132.311	-12.9596	447.912	0	
-127.665	-11.4399	391.051	0	
-133.707	-15.0858	527.088	0	
-102.779	-9.3231	346.1	0	
-130.474	-11.4134	391.861	0	
-128.454	-15.5921	546.594	0	
-146.922	-17.2537	509.728	0	
-0.585086	-14.2095	173.98	0	
-125.616	-16.7004	606.084	0	
-127.026	-13.8792	489.108	0	
-61.6792	-14.1884	491.274	0	
-83.4881	-9.79717	405.668	0	
-124.327	-14.4814	528.867	0	
-121.755	-16.044	589.161	0	
-91.3533	-15.5775	691.174	0	
-70.1601	-10.0281	393.997	0	
4.31247	-15.8518	171.534	0	
27.6384	-11.9482	218.864	0	
-109.337	-5.44923	207.906	0	
-116.893	-10.1272	349.299	0	
-12.1116	-5.4145	178.578	0	
-13.4689	-9.53272	217.855	0	
82.6136	-6.63393	190.527	0	
86.1272	-9.039	196.776	0	
-83.688	-12.5438	552.17	0	
-76.8518	-10.2136	413.729	0	
12.3447	-13.3213	177.507	0	
19.3781	-10.2242	199.312	0	
-93.9295	-12.8102	555.436	0	
-90.0371	-9.37269	384.26	0	
2.07246	-11.8343	172.468	0	
5.39036	-12.1477	174.305	0	
-111.418	-8.99958	318.16	0	
-106.281	-8.30178	303.482	0	
-13.5654	-11.358	263.018	0	
-12.3421	-6.63181	177.494	0	
83.3148	-10.9236	214.021	0	
84.7205	-9.03207	199.671	0	
-56.72	-11.8301	429.913	0	
-56.3234	-13.9668	465.369	0	
37.8524	-10.2444	216.693	0	
38.4759	-12.797	184.837	0	
-173.367	-1.15486	52.3776	0	
-166.276	-5.23769	76.8288	0	
157.193	-7.66675	228.086	0	
159.119	-9.60751	232.302	0	
-34.9558	-6.2538	246.083	0	
-41.8448	-10.4694	416.711	0	
60.2346	-5.7063	230.893	0	
54.9765	-10.0108	167.712	0	
94.9354	-11.269	187.335	0	
138.388	-10.2072	207.286	0	
-110.854	-14.9408	588.097	0	
-119.32	-14.0784	521.693	0	
-108.724	-18.5367	714.12	0	
-91.8783	-13.4218	609.727	0	
-64.3015	-11.5861	428.249	0	
-79.9722	-13.2175	550.722	0	
-119.031	-17.1217	659.486	0	
-103.057	-10.7564	405.664	0	
-95.6967	-13.9814	585.231	0	
-125.067	-22.0906	736.267	0	
15.1792	-11.2619	189.171	0	
35.203	-14.001	196.536	0	
-180.138	-5.42019	56.7142	0	
-169.005	-11.1661	103.574	0	
-169.489	-6.86278	72.9928	0	
-166.221	-12.6124	131.073	0	
125.545	-12.7866	215.269	0	
136.417	-37.621	179.816	0	
-116.381	-15.3781	592.096	0	
-111.036	-11.4014	420.924	0	
-93.6439	-8.58861	337.875	0	
-91.6091	-17.2947	722.642	0	
3.55175	-9.5012	185.727	0	
5.51113	-15.8768	169.838	0	
-135.359	-13.504	458.277	0	
50.8744	-13.0134	92.9522	0	
-46.6176	-13.2796	470.535	0	
-31.7547	-11.8876	547.394	0	
-118.076	-27.3201	831.124	0	
66.2453	-11.1011	168.181	0	
-88.9676	-17.0043	718.728	0	
-86.8251	-13.7432	612.549	0	
7.6253	-16.1834	169.175	0	
6.0875	-12.7801	172.201	0	
-156.37	-19.4554	364.036	0	
-52.2059	-23.8351	401.312	0	
-87.2464	-14.8294	652.506	0	
-83.0473	-18.4089	716.085	0	
-15.4322	-12.7522	335.838	0	
129.618	-16.3533	215.683	0	
7.62337	-14.9963	168.852	0	
13.6337	-19.005	177.643	0	
212.655	-11.2497	247.871	0	
180.433	-6.47173	256.401	0	
135.836	-13.7583	213.277	0	
140.421	-11.1276	208.272	0	
-179.958	-3.72031	53.3925	0	
-173.147	-5.11953	57.9575	0	
162.865	-8.17082	239.927	0	
177.304	-1.39371	257.709	0	
-74.3464	-12.2435	506.142	0	
-68.4331	-12.1837	471.938	0	
18.3191	-12.2729	191.881	0	
29.2711	-14.1701	221.216	0	
-159.01	-15.781	267.557	0	
-118.303	-21.5201	752.796	0	
-55.4617	-15.9943	476.339	0	
3.09433	-18.1164	181.662	0	
40.2382	-16.4565	113.042	0	
106.584	-11.6401	187.573	0	
139.738	-14.4138	211.265	0	
145.485	-11.6759	211.208	0	
101.2	-13.0426	186.016	0	
78.9323	-13.1905	220.756	0	
-105.552	-17.5547	687.372	0	
-99.0401	-15.4571	671.149	0	
-26.9841	-11.509	516.745	0	
0.418215	-19.4801	206.75	0	
71.0655	-11.8879	174.57	0	
47.2276	-24.4734	17.689	0	
-158.274	-26.9902	400.211	0	
-67.8501	-23.3727	538.738	0	
-82.2588	-23.5318	737.003	0	
-68.8129	-15.9596	570.877	0	
13.3492	-17.2658	172.835	0	
29.5638	-14.79	214.103	0	
126.31	-17.4852	217.296	0	
148.73	-17.6038	212.473	0	
143.849	-17.2444	211.229	0	
140.546	-17.0628	210.725	0	
-74.8369	-13.2911	541.602	0	
-64.0701	-15.8725	527.93	0	
25.7637	-15.096	208.257	0	
32.9471	-17.0975	178.839	0	
-96.4452	-16.6492	697.414	0	
4.93407	-27.4254	251.838	0	
28.6448	-19.4363	182.13	0	
27.8106	-21.0094	175.156	0	
-84.1927	-19.7091	748.15	0	
-78.6561	-16.088	669.083	0	
12.4268	-15.4203	174.345	0	
16.0476	-12.0559	188.607	0	
216.083	-22.1026	243.936	0	
133.604	-20.0735	209.977	0	
-151.198	-14.2528	397.5	0	
-148.234	-17.2532	487.62	0	
-142.563	-16.595	537.271	0	
-141.51	-9.76202	317.777	0	
-62.2654	-24.3078	470.906	0	
-6.8192	-15.2139	228.582	0	
35.2335	-25.9225	78.4031	0	
115.762	-13.1463	206.996	0	
-132.091	-17.9836	615.677	0	
19.6711	-21.4014	185.456	0	
-186.451	-4.46484	56.3662	0	
-194.289	-7.73484	66.7153	0	
171.091	-4.29858	253.161	0	
173.477	-4.56113	254.71	0	
204.386	-2.5486	251.219	0	
131.574	-26.4024	196.09	0	
80.76	-14.8495	223.901	0	
38.7364	-24.0416	59.9653	0	
-76.8866	-19.0915	669.89	0	
-67.7193	-18.5764	576.061	0	
27.2017	-17.552	198.771	0	
28.0302	-17.5605	201.044	0	
123.867	-24.5229	203.905	0	
125.327	-37.383	175.576	0	
-146.602	-19.8568	552.981	0	
-132.657	-19.1636	651.037	0	
-91.8017	-22.1107	804.796	0	
-74.1803	-20.2484	650.439	0	
-69.3889	-24.0254	567.513	0	
-64.229	-21.6543	518.448	0	
-169.178	-21.0646	178.851	0	
-60.051	-30.22	391.147	0	
-143.024	-20.6397	608.976	0	
-135.769	-24.7319	738.395	0	
-74.8185	-22.6979	646.236	0	
27.3962	-23.6903	160.636	0	
-32.6173	-22.5909	590.015	0	
74.1532	-17.2793	146.006	0	
-25.5791	-12.8787	541.008	0	
-14.6878	-14.9284	373.817	0	
74.5435	-15.3597	173.727	0	
86.5412	-15.1695	225.898	0	
132.725	-22.411	202.661	0	
117.198	-16.8669	213.431	0	
-101.983	-19.5593	765.425	0	
-95.4497	-23.0072	804.828	0	
-50.1162	-20.7667	434.759	0	
7.02979	-19.4591	180.035	0	
-180.328	-11.9901	71.9721	0	
-181.563	-3.13452	54.5373	0	
-203.589	-6.42911	75.9245	0	
-178.725	-10.8346	70.8049	0	
180.295	-8.1448	255.363	0	
187.127	-1.82284	257.04	0	
169.046	-11.1353	246.755	0	
163.938	-12.8394	237.291	0	
-91.7632	-31.434	794.993	0	
25.3518	-27.0522	162.628	0	
-7.64671	-16.1594	243.223	0	
92.1768	-18.7255	224.856	0	
-81.5931	-26.4342	723.626	0	
-22.2752	-25.3416	560.643	0	
17.0514	-26.1781	197.526	0	
116.298	-28.9042	197.371	0	
-17.2575	-17.1893	484.368	0	
-19.6864	-20.7528	551.748	0	
79.0275	-19.9979	180.344	0	
63.9877	-18.9796	37.3096	0	
34.4123	-33.0321	66.5931	0	
125.808	-19.6625	215.027	0	
-22.4595	-23.7635	570.628	0	
-3.10452	-24.4009	286.399	0	
-134.568	-27.3966	764.601	0	
174.751	-12.2575	250.351	0	
177.696	-10.4821	252.754	0	
-80.3444	-33.8904	663.193	0	
-69.3728	-26.2463	533.72	0	
-141.989	-28.9973	692.926	0	
-149.229	-23.1892	546.873	0	
24.8074	-31.0238	157.11	0	
27.5555	-25.5805	147.505	0	
2.74801	-41.0655	369.339	0	
15.8948	-35.0481	236.411	0	
181.196	-11.8897	252.767	0	
222.271	-5.37105	246.162	0	
136.299	-23.5172	202.691	0	
-109.48	-25.4776	826.132	0	
36.7821	-29.0422	55.9296	0	
-68.0903	-32.0704	487.607	0	
-69.7577	-34.6808	503.955	0	
-16.8587	-41.6545	457.219	0	
131.049	-23.9092	203.551	0	
29.6059	-32.7864	107.631	0	
28.3539	-32.9625	116.108	0	
-112.777	-25.3605	818.232	0	
-109.531	-24.3774	812.826	0	
109.969	-23.7465	206.586	0	
97.0332	-21.8511	218.805	0	
-214.806	-7.71479	89.0456	0	
-173.515	-14.464	102.8	0	
187.243	-7.79608	255.338	0	
199.535	-10.0724	251.417	0	
51.6446	-13.6001	79.9611	0	
66.278	-19.5419	44.5009	0	
-37.3348	-17.5999	582.321	0	
-21.7045	-22.8346	582.071	0	
-191.965	-8.69911	65.2547	0	
-196.551	-4.51366	66.0542	0	
72.5672	-33.2703	51.8064	0	
134.41	-25.408	197.046	0	
44.0896	-28.4324	21.2223	0	
71.2358	-26.1325	50.0929	0	
-65.1017	-35.6861	452.519	0	
-0.403214	-23.3935	246.024	0	
87.8489	-29.0943	193.234	0	
216.428	-17.4346	245.462	0	
-31.2792	-35.0166	434.869	0	
121.619	-33.1969	185.639	0	
-48.302	-37.7586	349.665	0	
-33.3661	-29.6498	459.139	0	
103.654	-24.2145	207.114	0	
156.13	-52.1453	196.545	0	
121.535	-28.9696	194.285	0	
118.333	-36.2445	183.165	0	
116.432	-24.6213	206.706	0	
107.637	-34.5376	194.647	0	
62.9193	-37.4306	17.0832	0	
120.339	-30.9773	189.411	0	
121.022	-48.7691	168.078	0	
-183.349	-21.9301	105.103	0	
-93.495	-27.3821	816.835	0	
-107.452	-32.7229	855.631	0	
69.4539	-36.5244	33.9614	0	
49.1765	-74.1148	151.256	0	
7.51044	-35.882	315.558	0	
-224.736	-3.44405	99.0849	0	
-183.595	-14.3072	79.1144	0	
166.177	-31.4948	219.084	0	
164.688	-19.1038	232.81	0	
-195.795	-12.7298	75.1728	0	
-192.817	-21.6826	95.1481	0	
70.1935	-34.4876	35.5364	0	
203.719	-9.85066	250.18	0	
199.779	-4.78628	252.788	0	
-211.863	-2.86997	84.7046	0	
-232.26	-7.79974	99.7785	0	
129.06	-46.4575	170.882	0	
134.135	-44.6027	175.536	0	
210.177	-9.34455	248.496	0	
213.225	-5.93532	248.327	0	
-204.497	-38.6145	134.288	0	
-233.328	-21.424	114.309	0	
83.6987	-38.9644	130.42	0	
202.368	-35.4758	239.661	0	
203.092	-14.6012	248.719	0	
166.875	-14.7914	240.109	0	
144.07	-22.4555	203.829	0	
-50.9177	-22.8993	409.377	0	
-37.6197	-19.8012	556.905	0	
-53.4047	-37.265	349.205	0	
-49.5557	-23.507	409.721	0	
-49.071	-45.6752	390.125	0	
-38.4243	-25.5527	469.594	0	
-41.7563	-31.3338	370.038	0	
-39.4054	-42.6613	389.474	0	
42.4056	-19.5621	59.0657	0	
56.7313	-20.0864	18.2139	0	
45.183	-34.8086	18.1569	0	
49.9154	-26.976	11.0863	0	
47.8054	-43.9742	26.9681	0	
54.0609	-24.4447	9.94035	0	
48.1236	-30.8488	12.39	0	
49.6953	-38.8401	15.71	0	
157.382	-33.565	206.268	0	
140.852	-46.6065	178.968	0	
-164.825	-34.4428	319.078	0	
-77.617	-42.8361	628.593	0	
-12.2325	-27.3891	445.272	0	
4.03162	-38.5424	356.434	0	
-125.864	-26.8468	802.365	0	
-118.958	-35.5164	852.372	0	
-120.645	-47.1217	808.591	0	
-103.842	-20.2705	762.448	0	
-126.645	-44.414	790.842	0	
-85.9927	-36.4009	734.122	0	
-221.549	-8.49414	96.1708	0	
-216.384	-14.2767	95.6136	0	
-88.2812	-47.7353	725.373	0	
121.533	-46.5055	171.201	0	
-44.0684	-36.4724	358.15	0	
-31.7879	-56.5082	486.046	0	
-39.3762	-75.9759	537.439	0	
8.82559	-57.3983	373.152	0	
53.4001	-32.5313	8.92088	0	
101.987	-58.6035	164.212	0	
157.58	-36.5708	204.124	0	
158.672	-27.8673	212.541	0	
146.337	-38.322	187.402	0	
166.875	-25.9886	225.885	0	
0.339502	-45.6196	414.979	0	
32.7666	-44.4709	87.2784	0	
-102.689	-36.724	840.912	0	
-98.0632	-24.9743	824.581	0	
-100.272	-37.7105	829.478	0	
-83.1265	-28.5626	723.19	0	
-159.302	-34.1071	403.78	0	
-106.218	-50.0905	801.634	0	
-92.6096	-30.5381	806.291	0	
-89.7092	-43.4796	747.396	0	
154.604	-21.3488	214.236	0	
156.837	-43.627	198.317	0	
145.686	-52.6332	184.638	0	
149.332	-49.2528	188.739	0	
-191.987	-67.7879	212.739	0	
-67.299	-48.4582	515.852	0	
-90.3577	-48.3211	742.701	0	
-87.6425	-39.7751	731.51	0	
160.629	-34.0004	209.837	0	
173.748	-46.1166	217.856	0	
-21.1746	-53.4569	485.758	0	
128.849	-62.6447	176.468	0	
195.613	-29.7072	242.889	0	
179.701	-19.9383	245.818	0	
92.5481	-33.1552	196.928	0	
104.49	-29.4141	205.902	0	
-236.359	-10.1933	103.615	0	
144.142	-51.6624	183.032	0	
131.973	-57.0552	174.645	0	
120.458	-53.5147	169.176	0	
72.0383	-55.2762	83.3635	0	
148.021	-65.4119	190.272	0	
-48.2548	-52.4313	454.58	0	
50.4049	-49.4444	35.3846	0	
65.8141	-65.0684	99.9095	0	
111.813	-75.4714	178.923	0	
53.896	-51.4228	40.0322	0	
67.7629	-42.6718	35.712	0	
191.468	-22.2234	246.869	0	
209.271	-27.1257	242.546	0	
171.345	-49.6807	214.139	0	
185.781	-52.1602	225.337	0	
-73.0615	-72.6964	629.827	0	
189.57	-53.7725	226.924	0	
220.431	-26.4886	242.276	0	
-88.2499	-56.8937	713.236	0	
-28.2868	-69.2316	521.63	0	
-140.812	-51.1885	623.036	0	
-70.5363	-54.5942	572.059	0	
-119.354	-66.1008	670.842	0	
27.8554	-63.8242	202.825	0	
-35.5044	-59.5551	509.788	0	
-30.9318	-72.1553	530.958	0	
-32.2476	-102.764	452.259	0	
21.2126	-83.4455	311.477	0	
-54.8247	-76.5211	572.019	0	
88.7211	-63.4256	147.518	0	
49.604	-59.8837	77.4747	0	
58.296	-57.5114	65.2523	0	
55.0461	-89.6657	203.177	0	
108.132	-74.1695	180.15	0	
20.7971	-74.5436	298.058	0	
110.134	-83.4083	186.643	0	
171.504	-62.4646	210.381	0	
-187.179	-43.0571	182.098	0	
-234.334	-48.9064	157.69	0	
9.51106	-41.6719	321.405	0	
1.56343	-51.209	421.991	0	
-17.5886	-68.1524	513.621	0	
-2.62822	-74.7249	457.433	0	
-94.8572	-79.5957	615.895	0	
-29.4666	-76.6766	521.448	0	
-54.1075	-89.0746	540.083	0	
190.686	-80.7449	222.9	0	
-81.2333	-83.0911	597.636	0	
174.397	-119.927	222.624	0	
-23.2334	-92.1685	475.247	0	
210.852	-43.3303	236.763	0	
223.542	-53.8092	234.057	0	
-237.665	-52.0882	146.179	0	
-222.1	-53.2559	158.4	0	
155.809	-78.1843	204.376	0	
82.9816	-102.234	209.018	0	
71.6621	-80.2912	163.304	0	
-180.265	-49.8872	233.663	0	
-66.2369	-99.0751	494.891	0	
4.58617	-95.7274	378.725	0	
138.531	-132.39	222.573	0	
144.033	-100.635	210.264	0	
231.828	-74.4045	231.113	0	
-146.162	-79.2424	425.088	0	
-161.273	-76.2778	353.232	0	
-234.888	-64.9535	165.061	0	
-229.124	-77.9124	190.34	0	
88.0586	-154.501	234.032	0	
188.624	-107.841	223.494	0	
-107.796	-95.9765	493.213	0	
139.15	-147.076	224.472	0	
85.4909	-97.279	202.322	0	
117.213	-92.5871	200.298	0	
81.6145	-115.88	224.516	0	
108.14	-102.653	207.992	0	
-225.368	-88.7456	205.161	0	
-182.115	-94.5021	254.485	0	
-59.7364	-83.4854	569.515	0	
-22.9166	-107.541	419.043	0	
125.375	-124.816	219.272	0	
81.1223	-111.772	221.047	0	
144.123	-134.843	222.263	0	
57.5467	-117.712	245.915	0	
-59.5467	-111.7	441.424	0	
126.12	-105.174	208.111	0	
113.761	-135.359	225.107	0	
151.935	-143.887	223.916	0	
163.749	-107.309	218.046	0	
100.95	-153.876	230.52	0	
126.137	-132.855	222.994	0	
139.963	-153.769	225.263	0	
80.7303	-130.123	234.156	0	
175.912	-156.329	226.433	0	
209.777	-128.768	227.962	0	
166.679	-102.996	217	0	
-85.2058	-88.1793	567.172	0	
-67.1809	-124.243	400.355	0	
-141.089	-118.141	324.256	0	
56.6245	-156.871	248.38	0	
-53.2984	-150.119	346.217	0	
-135.521	-115.616	351.533	0	
-105.078	-124.642	369.175	0	
-224.467	-137.956	229.7	0	
185.418	-126.129	225.615	0	
-227.966	-117.574	221.829	0	
160.691	-152.747	224.832	0	
233.753	-157.451	229.493	0	
-73.8307	-152.497	348.491	0	
-1.83525	-150.857	314.018	0	
56.1172	-127.995	250.509	0	
-66.2651	-0.766958	188.279	0	
-66.5593	-0.18999	185.561	0	
-65.9375	-0.215758	187.038	0	
-65.646	-0.967745	191.169	0	
-65.2944	-1.62979	190.432	0	
-65.1399	-0.831231	192.622	0	
-63.7751	-1.94013	188.452	0	
30.625	-0.165467	239.738	0	
-64.2063	-0.381255	186.819	0	
26.3542	-0.409544	206.601	0	
31.4708	-1.23892	216.18	0	
32.3666	-1.81795	208.48	0	
126.671	-0.52121	201.298	0	
126.712	-1.09913	200.326	0	
127.294	-1.88048	201.139	0	
127.123	-0.548463	202.079	0	
127.711	-1.16326	204.105	0	
127.169	-2.41176	198.36	0	
128.036	-2.3182	199.619	0	
128.026	-0.877314	199.508	0	
127.331	-0.246865	200.986	0	
126.745	-2.46128	198.881	0	
127.386	-3.57217	198.787	0	
128.457	-2.45622	202.601	0	
128.867	-1.82718	204.23	0	
128.45	-1.59054	200.031	0	
128.194	-0.198932	197.92	0	
128.555	-2.92935	200.002	0	
129.373	-3.0159	200.973	0	
129.653	-2.35893	201.662	0	
128.44	-1.11538	205.199	0	
128.204	-3.24132	200.297	0	
128.552	-4.00343	200.253	0	
129.849	-3.286	202.172	0	
129.985	-1.47394	202.402	0	
130.219	-0.938523	202.447	0	
129.393	-0.408971	200.756	0	
128.766	-0.914448	197.153	0	
129.91	-0.750278	204.682	0	
127.656	-3.11026	198.528	0	
126.957	-3.72399	196.824	0	
126.696	-4.27295	197.792	0	
127.742	-3.99924	198.762	0	
125.157	-4.65099	196.577	0	
128.108	-6.51705	202.065	0	
126.952	-5.95763	200.187	0	
129.33	-5.10753	201.204	0	
128.531	-4.58651	200.057	0	
129.122	-4.67325	201.322	0	
128.062	-4.83701	199.523	0	
127.2	-5.4102	198.768	0	
129.963	-5.15488	202.743	0	
131.041	-4.43008	202.492	0	
129.992	-4.13887	202.109	0	
130.727	-4.79457	202.738	0	
133.043	-4.8745	202.347	0	
133.701	-3.7052	201.322	0	
130.181	-2.32595	201.894	0	
131.165	-2.26348	201.662	0	
127.457	-6.62516	201.563	0	
127.836	-5.37149	200.139	0	
127.28	-7.40599	203.777	0	
129.727	-6.58393	204.59	0	
126.177	-1.92111	198.231	0	
125.382	-3.44415	196.121	0	
130.129	-5.95034	202.962	0	
131.432	-5.1543	203.126	0	
129.182	-6.36133	202.778	0	
132.486	-6.23055	204.351	0	
128.239	-5.81082	201.105	0	
128.738	-6.95058	203.759	0	
128.78	-7.72687	205.62	0	
129.987	-7.61188	205.815	0	
127.973	-8.07417	205.529	0	
128.341	-10.5934	212.33	0	
-65.7671	-2.6029	188.456	0	
-66.3033	-1.44518	190.921	0	
-65.8067	-2.94325	187.023	0	
-64.6766	-2.39099	188.274	0	
125.087	-2.92219	196.058	0	
126.228	-1.1329	200.2	0	
-69.375	-0.48111	192.312	0	
-68.125	-0.360901	194.682	0	
-68.4375	-0.180445	191.351	0	
-67.8124	-0.902258	195.415	0	
-67.1825	-0.912873	194.381	0	
-71.7419	-0.376213	193.358	0	
-68.4583	-0.914235	192.897	0	
-67.8125	-1.27911	191.18	0	
-66.8669	-0.741951	188.246	0	
-69.198	-1.06781	192.403	0	
-68.1402	-1.83986	189.205	0	
-68.4596	-1.2764	191.213	0	
-67.491	-1.88478	188.936	0	
-66.5776	-0.917831	191.402	0	
-67.4951	-0.365785	200.25	0	
-69.5931	-1.03246	193.555	0	
-69.8179	-1.37074	192.39	0	
-68.8867	-1.36986	191.206	0	
-68.8746	-1.7112	189.968	0	
-67.1852	-2.18692	188.872	0	
-66.7038	-1.79614	189.589	0	
-66.2468	-0.405748	188.666	0	
-69.9993	-0.626815	196.494	0	
-70.2241	-1.3479	193.462	0	
-68.4614	-1.99678	189.589	0	
-68.8774	-2.68138	186.662	0	
-66.5853	-1.25235	189.638	0	
-65.9558	-1.00848	191.097	0	
-66.8651	-1.4621	191.752	0	
-66.332	-1.78465	189.463	0	
-66.0549	-2.02264	189.416	0	
-65.9863	-1.35219	190.308	0	
-66.1156	-2.36091	187.676	0	
-65.4746	-2.12402	189.072	0	
-65.417	-2.46296	187.633	0	
-65.0102	-2.06222	189.17	0	
-64.6087	-2.58931	187.639	0	
-64.8627	-1.89989	189.013	0	
-64.2515	-1.73916	189.076	0	
-64.6435	-1.2591	190.461	0	
-64.7894	-2.79387	188.005	0	
-63.7594	-3.34514	189.123	0	
-66.8669	-0.375319	191.401	0	
-67.1826	-0.185329	186.421	0	
-70.9375	-0.215758	194.771	0	
-69.6868	-0.698381	193.796	0	
-70.4669	-1.68444	190.436	0	
-70.2413	-2.07434	189.078	0	
-69.1496	-2.39357	186.961	0	
-68.5006	-2.41015	186.858	0	
-66.9091	-4.13577	192.401	0	
-67.2193	-2.67154	186.969	0	
-66.8101	-2.13108	188.106	0	
-66.2123	-3.06781	188.795	0	
-69.7908	-2.0684	188.229	0	
-69.7585	-2.90411	185.979	0	
-67.5614	-2.90807	186.75	0	
-66.5561	-2.82441	187.003	0	
-66.2675	-3.61224	188.374	0	
-64.0802	-3.26528	189.591	0	
-68.8816	-3.15748	186.46	0	
-68.2155	-2.79189	186.712	0	
-66.7097	-4.88138	205.514	0	
-66.9013	-2.98226	187.755	0	
-66.9156	-3.40324	188.669	0	
-65.9299	-4.42602	199.923	0	
-65.4702	-3.21313	189.089	0	
-65.9846	-3.88586	192.385	0	
-67.717	-3.46155	189.238	0	
-68.2311	-3.5963	188.227	0	
-66.1689	-4.9069	207.402	0	
-65.2085	-3.83773	192.978	0	
-63.1368	-2.52161	188.036	0	
-64.0926	-2.38112	187.964	0	
-74.054	-2.35115	187.191	0	
-70.625	-0.384747	196.037	0	
-70.625	-0.816264	196.113	0	
-70.8817	-1.62973	191.308	0	
-71.1093	-2.02292	188.493	0	
-70.2011	-2.80959	186.409	0	
-69.5402	-2.50075	187.236	0	
-69.6239	-3.2855	187.073	0	
-68.4353	-3.92217	192.04	0	
-67.5475	-3.77875	189.113	0	
-68.7205	-4.55727	199.211	0	
-65.8601	-5.47644	216.477	0	
-64.8986	-5.35885	218.744	0	
-63.1478	-4.08438	193.85	0	
-63.4142	-4.12104	198.142	0	
-62.8955	-2.5894	188.156	0	
-63.3935	-1.66608	189.103	0	
-72.7245	-0.463959	198.97	0	
-71.4922	-2.01698	188.835	0	
-70.9852	-0.948747	194.294	0	
-72.0642	-1.3276	193.162	0	
-72.0607	-2.19879	187.891	0	
-71.9204	-2.82669	185.777	0	
-70.868	-3.22737	186.029	0	
-69.7594	-3.92656	188.389	0	
-68.9478	-4.02336	191.48	0	
-69.2101	-3.40431	187.391	0	
-62.8489	-2.77414	188.226	0	
-62.3066	-1.89337	189.357	0	
-63.5774	-1.25721	188.944	0	
-64.6388	-1.52713	189.952	0	
-72.7472	-1.01916	195.349	0	
-72.6789	-2.77543	185.691	0	
-71.6258	-3.75416	187.904	0	
-70.9759	-3.64191	187.029	0	
-62.8723	-3.13922	189.074	0	
-61.8684	-3.15673	188.947	0	
-61.7304	-2.16082	188.867	0	
-63.6692	-0.281136	184.965	0	
-63.2203	-1.06879	189.687	0	
-64.0905	-0.660129	186.821	0	
-62.9288	-3.33628	189.611	0	
-62.6294	-3.92808	195.128	0	
-61.4246	-3.04342	189.419	0	
-61.6062	-2.88717	188.638	0	
-60.4421	-1.13834	189.264	0	
-62.324	-0.401136	188.65	0	
-62.6264	-1.43201	190.042	0	
-62.1914	-1.50265	189.872	0	
-62.6714	-4.1497	195.961	0	
-61.5225	-3.96508	193.611	0	
-61.2518	-4.01736	196.563	0	
-60.6867	-3.65962	192.398	0	
-61.1684	-2.4043	188.75	0	
-60.8844	-1.88979	188.574	0	
-61.4701	-0.725378	187.985	0	
-63.1166	-0.264969	186.709	0	
-61.8854	-0.145695	187.685	0	
-62.5795	-5.02052	210.858	0	
-59.7168	-4.83026	207.113	0	
-61.729	-4.10615	198.47	0	
-61.4009	-4.52109	203.9	0	
-59.9667	-3.69861	192.863	0	
-60.0478	-3.4963	192.07	0	
-59.9703	-2.78551	188.821	0	
-60.0531	-1.73172	189.752	0	
-60.1295	-3.94574	195.551	0	
-59.5862	-3.51221	191.713	0	
-59.5507	-2.80945	188.66	0	
-59.7631	-2.91514	189.158	0	
-58.576	-1.94751	187.476	0	
-60.9375	-0.215758	185.139	0	
-60.8811	-4.25653	198.736	0	
-57.6748	-4.54247	204.039	0	
-59.2379	-4.09595	198.803	0	
-59.1052	-5.04703	211.181	0	
-59.3594	-2.94363	189.131	0	
-58.6899	-2.89209	188.289	0	
-57.9377	-1.24934	185.897	0	
-59.8256	-0.401756	189.09	0	
-60.3892	-1.38337	189.538	0	
-59.604	-1.59225	189.948	0	
-58.9001	-3.58546	193.239	0	
-58.3114	-3.6286	192.813	0	
-58.6564	-2.51065	187.527	0	
-59.151	-2.14469	187.998	0	
-61.3645	-0.361454	173.732	0	
-60.3438	-0.14071	185.202	0	
-61.1889	-1.04585	185.045	0	
-58.9668	-0.731176	187.074	0	
-59.3842	-0.147665	189.989	0	
-57.8972	-4.11528	197.847	0	
-57.867	-3.63068	192.451	0	
-58.1646	-2.18142	186.655	0	
-57.9395	-2.20455	186.216	0	
-57.4734	-4.42581	203.012	0	
-56.9537	-2.86876	186.57	0	
-57.8573	-3.41621	190.518	0	
-57.4187	-2.89263	186.857	0	
-56.1704	-2.05473	183.804	0	
-58.4375	-0.215758	181.462	0	
-58.1205	-4.52232	204.769	0	
-56.7969	-5.00052	213.839	0	
-57.2204	-3.78115	193.778	0	
-57.6618	-3.06575	187.988	0	
-55.6275	-0.734698	182.036	0	
-57.3624	-0.425541	187.426	0	
-57.7401	-1.21708	185.907	0	
-57.3583	-1.1059	186.188	0	
-58.8082	-5.2976	220.594	0	
-57.0131	-5.05985	214.969	0	
-56.291	-4.87617	212.209	0	
-55.1386	-4.66978	207.765	0	
-56.536	-3.55444	191.374	0	
-56.0109	-2.87507	186.473	0	
-58.8634	-0.363424	176.093	0	
-57.8371	-0.151955	178.784	0	
-58.7022	-1.00962	184.193	0	
-58.3292	-6.26308	244.263	0	
-56.0806	-7.00614	269.916	0	
-56.3912	-3.87112	194.584	0	
-55.4874	-2.65782	184.86	0	
-55.2111	-2.58047	185.301	0	
-56.3815	-1.81351	183.916	0	
-54.8374	-4.33464	202.303	0	
-55.1819	-3.72966	193.413	0	
-66.1134	-6.0475	237.407	0	
-64.753	-5.98284	230.802	0	
-71.1959	-5.07412	202.82	0	
-68.1951	-6.17804	240.874	0	
-61.7863	-5.87682	229.796	0	
-61.0979	-6.25092	241.194	0	
-56.0261	-5.85621	235.762	0	
-55.4337	-5.51338	226.113	0	
-57.0859	-5.33182	219.811	0	
-57.9447	-5.64546	225.461	0	
-55.3911	-6.55837	255.063	0	
-54.9054	-5.48882	225.485	0	
-58.1752	-7.2036	273.764	0	
-56.5294	-5.83793	235.262	0	
-54.6813	-2.61431	185.515	0	
-54.4299	-1.07092	184.455	0	
-55.127	-4.95774	214.283	0	
-54.419	-3.33391	189.694	0	
-57.2181	-5.90023	235.872	0	
-57.3101	-6.23727	244.12	0	
-54.3974	-2.68716	185.554	0	
-52.9701	-3.39254	189.859	0	
-54.7613	-6.38828	250.777	0	
-53.8999	-4.96867	215.232	0	
-57.784	-6.87892	264.831	0	
-54.4098	-7.71063	295.359	0	
-67.6184	-6.82631	259.899	0	
-67.6058	-5.27029	215.029	0	
-73.6835	-1.63475	192.532	0	
-73.2133	-2.09145	188.614	0	
-74.6759	-1.29981	193.128	0	
-73.1323	-2.84877	185.543	0	
-74.9801	-3.32396	185.032	0	
-72.4383	-2.86908	185.49	0	
-73.7626	-4.51788	194.55	0	
-72.4569	-3.73352	187.437	0	
-72.4616	-4.86042	203.424	0	
-71.7557	-4.85063	204.353	0	
-72.805	-5.11869	206.804	0	
-71.6185	-5.80449	224.52	0	
-70.6994	-6.92714	264.045	0	
-69.8512	-5.49382	221.077	0	
-67.4579	-6.09711	232.986	0	
-66.1477	-7.24679	273.944	0	
-63.9916	-6.57786	250.51	0	
-63.2991	-4.72198	206.193	0	
-59.2462	-7.71246	292.793	0	
-57.4279	-8.42346	326.03	0	
-54.5241	-7.23205	281.405	0	
-54.5111	-5.53897	228.784	0	
-65.7042	-8.10983	306.236	0	
-64.944	-8.19416	302.446	0	
-55.1268	-8.38317	318.077	0	
-51.993	-6.11699	249.916	0	
-66.2377	-8.93247	352.656	0	
-65.931	-10.1178	376.985	0	
-64.1762	-9.65375	366.948	0	
-62.0918	-7.68697	290.106	0	
-158.125	-0.165467	170.563	0	
-158.609	-0.463959	175.542	0	
-157.942	-1.63177	165.222	0	
-156.494	-2.01702	180.43	0	
-160.002	-0.3717	118.914	0	
-158.868	-1.64074	145.077	0	
-160.017	-0.74288	115.586	0	
-160.388	-1.42671	110.691	0	
-162.432	-1.23846	80.7753	0	
-160.79	-1.55201	103.466	0	
-160.662	-2.79339	112.506	0	
-163.785	-4.04868	85.7642	0	
-160.891	-3.46705	113.019	0	
-158.984	-4.118	150.265	0	
-159.862	-2.41441	119.147	0	
77.5114	-0.734618	238.434	0	
79.4053	-1.27135	229.13	0	
80.0415	-1.75663	219.237	0	
79.6231	-0.548463	243.74	0	
80.2112	-1.16326	229.046	0	
79.6432	-2.17283	216.326	0	
81.076	-3.70481	195.6	0	
80.5257	-0.877314	238.373	0	
79.8314	-0.246865	251.036	0	
81.2101	-0.748879	238.322	0	
80.6943	-0.198932	237.93	0	
79.3917	-2.76647	207.452	0	
80.3516	-3.69829	196.039	0	
78.0307	-1.72267	217.138	0	
77.8906	-3.24358	200.494	0	
80.1873	-4.14997	194.655	0	
82.0434	-3.70758	195.101	0	
-155.216	-1.25722	187.554	0	
-154.155	-1.54021	187.774	0	
55.0694	-0.869414	189.529	0	
-153.8	-0.267479	182.44	0	
55.8512	-1.07468	189.598	0	
53.8836	-0.233856	181.38	0	
55.9173	-0.52085	189.203	0	
54.6871	-0.7677	188.314	0	
53.3416	-0.332844	185.234	0	
54.6246	-0.166838	179.908	0	
53.5103	-0.749269	186.581	0	
53.5033	-1.06803	188.249	0	
55.7089	-1.55713	190.705	0	
53.8857	-2.97162	203.565	0	
54.9027	-1.62889	192.192	0	
-153.779	-0.565971	182.373	0	
-152.849	-0.895475	182.943	0	
-152.631	-1.26208	179.739	0	
-151.441	-1.41428	181.677	0	
-152.886	-1.63768	184.361	0	
-152.043	-1.64504	181.645	0	
-153.301	-1.67606	182.894	0	
-152.884	-2.40408	186.924	0	
-153.509	-1.30046	184.797	0	
-153.959	-2.05163	186.263	0	
-152.689	-2.8195	185.903	0	
-152.222	-2.84274	187.638	0	
-154.202	-2.38612	188.66	0	
-153.983	-2.76777	188.745	0	
-153.107	-3.05599	191.138	0	
-152.447	-3.724	196.107	0	
-151.496	-3.23856	187.888	0	
-151.235	-2.77519	184.719	0	
-154.623	-2.33859	187.916	0	
-154.839	-2.71399	189.426	0	
-153.96	-3.49229	193.025	0	
-153.105	-3.55771	191.152	0	
-151.244	-3.69428	193.511	0	
-150.749	-2.80555	185.307	0	
-150.423	-2.38308	182.87	0	
-151.656	-1.69302	182.876	0	
-154.794	-1.95984	188.532	0	
-155.246	-1.96577	187.434	0	
-155.442	-3.126	188.973	0	
-155.224	-3.502	189.306	0	
-154.79	-3.47794	192.759	0	
-153.536	-5.11861	209.721	0	
-151.515	-4.3823	200.19	0	
-150.553	-3.28105	187.619	0	
-154.57	-1.49594	187.414	0	
-154.799	-1.1273	189.322	0	
-155.884	-1.62857	185.164	0	
-156.112	-2.02295	183.587	0	
-155.87	-2.90835	184.366	0	
-156.285	-3.61283	183.76	0	
-154.205	-4.58102	200.27	0	
-154.378	-3.73515	193.976	0	
-154.545	-4.19926	199.399	0	
-155.157	-4.31339	193.999	0	
-150.531	-4.2204	196.653	0	
-149.686	-3.68483	190.379	0	
-154.657	-0.751921	188.921	0	
-155.66	-0.18246	178.667	0	
-155.473	-0.913501	186.194	0	
-155.264	-0.481984	188.27	0	
-155.98	-0.67857	179.783	0	
-157.006	-1.34762	177.606	0	
-156.725	-2.39899	177.848	0	
-156.287	-3.1334	183.06	0	
-156.718	-3.82039	180.115	0	
-156.5	-4.21646	183.348	0	
-156.05	-4.25802	188.377	0	
-155.171	-5.16604	201.978	0	
-148.455	-2.1503	188.6	0	
-149.158	-1.87776	187.451	0	
-156.7	-1.0756	177.761	0	
-155.989	-1.28623	184.004	0	
-157.145	-2.32535	173.814	0	
-157.63	-3.03838	166.265	0	
-157.208	-3.73185	175.406	0	
-157.43	-4.10307	172.337	0	
-157.213	-3.26344	172.87	0	
-158.576	-2.92874	150.131	0	
-157.905	-5.09899	169.481	0	
-157.136	-4.49208	178.066	0	
-159.103	-4.68531	145.24	0	
-157.537	-5.71562	178.186	0	
-157.768	-6.23776	180.598	0	
-157.112	-5.71121	184.029	0	
-158.788	-9.58671	197.283	0	
-157.032	-5.21545	183.13	0	
-156.702	-6.08497	195.372	0	
-155.621	-5.67579	202.317	0	
-156.622	-5.01143	186.351	0	
-155.362	-4.67877	197.607	0	
-156.186	-5.06367	194.046	0	
-156.187	-5.64146	195.741	0	
-157.29	-1.94658	173.157	0	
-157.758	-1.95252	167.523	0	
-156.7	-6.79347	196.995	0	
-155.539	-6.20649	207.535	0	
-154.937	-6.22348	214.321	0	
-154.626	-5.18243	207.145	0	
-156.865	-1.71728	177.035	0	
-157.508	-1.119	173.31	0	
-158.451	-1.4041	156.304	0	
-158.829	-2.18182	145.682	0	
-159.339	-2.56036	140.2	0	
-158.261	-3.87422	154.052	0	
-159.136	-3.06471	142.78	0	
-159.507	-3.6857	138.65	0	
-152.184	-1.27537	183.485	0	
-151.912	-0.530357	183.604	0	
-151.244	-0.804601	180.369	0	
-150.176	-3.34564	188.646	0	
-149.818	-1.63879	186.823	0	
-157.341	-6.94184	194.462	0	
-155.847	-6.71401	214.042	0	
-155.483	-7.71965	227.446	0	
-154.813	-6.84985	222.634	0	
-149.858	-2.73088	184.812	0	
-148.69	-2.79511	185.203	0	
-156.361	-8.42171	224.244	0	
-156.171	-7.76744	222.257	0	
-151.975	-8.28545	264.475	0	
-152.518	-6.06423	223.424	0	
-148.748	-3.50836	185.906	0	
-147.983	-4.15245	189.858	0	
-155.814	-9.08097	239.116	0	
-153.932	-8.15072	250.336	0	
-155.331	-7.12698	219.67	0	
-155.192	-8.54554	242.262	0	
-159.984	-5.23845	140.833	0	
-158.433	-5.87601	166.296	0	
-146.976	-3.77167	186.21	0	
-147.388	-3.02553	186.107	0	
-157.696	-9.43505	218.349	0	
-154.305	-12.0145	307.618	0	
-160.281	-3.88048	125.413	0	
-160.998	-7.90918	144.387	0	
-151.25	-0.415181	178.928	0	
-150.622	-0.368067	179.583	0	
-150.938	-0.183316	177.037	0	
-150.305	-0.920708	185.682	0	
-149.257	-0.882092	195.086	0	
-150.437	-1.30452	183.101	0	
-149.257	-0.450576	199.212	0	
-148.944	-0.272934	198.077	0	
-149.997	-0.362392	194.548	0	
-147.878	-1.59517	195.115	0	
-147.201	-1.59882	198.582	0	
-149.683	-0.978483	193.221	0	
-147.605	-0.311761	210.611	0	
-146.59	-1.08103	204.596	0	
-148.438	-0.131397	193.096	0	
-148.228	-1.19551	195.672	0	
-146.351	-1.46438	200.409	0	
-144.645	-1.30228	202.144	0	
36.0366	-0.739455	229.495	0	
36.896	-1.51116	216.611	0	
37.0208	-2.12903	209.433	0	
37.1529	-0.877774	223.438	0	
37.6533	-1.18947	220.132	0	
37.1625	-2.25873	208.397	0	
38.1005	-2.12208	209.881	0	
37.9809	-0.868484	224.259	0	
37.0312	-0.0835162	226.452	0	
36.7315	-2.451	206.311	0	
37.0362	-2.99255	203.066	0	
38.2385	-2.27543	208.03	0	
38.8074	-1.67571	213.696	0	
38.4298	-1.57578	215.344	0	
37.594	-0.201026	229.912	0	
36.3001	-2.09605	210.037	0	
36.0988	-2.66085	205.156	0	
37.2451	-3.52476	200.87	0	
37.7443	-3.65542	200.916	0	
38.5959	-2.61178	205.328	0	
39.2495	-2.99029	202.829	0	
39.6314	-1.47285	214.674	0	
38.486	-1.09451	223.573	0	
36.3357	-1.53842	214.968	0	
35.5486	-1.5263	218.052	0	
35.932	-3.11312	201.92	0	
35.8821	-3.32718	201.153	0	
36.5131	-3.56209	200.682	0	
36.149	-4.04442	200.083	0	
38.7049	-3.84557	201.324	0	
39.4852	-2.84977	203.503	0	
39.6652	-3.04803	202.65	0	
40.3751	-0.996631	221.737	0	
40.0735	-1.01858	218.654	0	
39.3926	-0.408971	225.131	0	
35.3758	-1.34218	219.016	0	
34.952	-2.07733	209.803	0	
35.3146	-2.81255	204.005	0	
35.0467	-3.91266	199.242	0	
37.0782	-4.64316	202.174	0	
36.6973	-3.49644	200.887	0	
37.7235	-5.14808	204.59	0	
37.1172	-4.04968	200.864	0	
38.626	-4.07749	201.566	0	
38.7798	-4.27845	202.248	0	
38.7194	-1.27104	219.53	0	
39.9104	-0.750278	224.106	0	
35.4422	-1.1112	223.884	0	
34.8325	-0.404592	225.819	0	
34.5201	-2.1793	208.408	0	
35.3728	-3.25098	201.403	0	
34.0598	-3.13428	200.069	0	
34.4286	-3.8828	198.844	0	
36.1815	-4.78471	202.075	0	
36.9641	-5.21035	204.352	0	
38.5107	-4.61426	203.137	0	
38.3913	-4.99085	203.957	0	
39.6256	-4.94577	205.123	0	
40.0537	-4.58385	203.87	0	
35.7455	-0.819371	228.052	0	
34.6863	-1.53682	215.725	0	
34.9498	-1.22678	219.189	0	
33.9274	-0.738792	224.941	0	
34.2106	-2.47014	205.678	0	
33.84	-2.85723	202.398	0	
32.8567	-5.40237	199.345	0	
33.0202	-4.85783	197.564	0	
35.2257	-5.84525	206.17	0	
35.3426	-4.28748	199.9	0	
35.8978	-0.196581	233.781	0	
35.1735	-0.40311	227.499	0	
34.3809	-0.155399	217.391	0	
33.8317	-0.357453	224.794	0	
34.3725	-1.79865	212.097	0	
33.3364	-1.4894	215.253	0	
33.2206	-3.18175	199.074	0	
33.8333	-3.63	197.95	0	
32.7832	-1.58131	214.655	0	
32.3593	-2.21746	206.219	0	
32.7759	-2.46597	202.88	0	
32.4585	-3.17142	197.412	0	
32.7123	-1.15102	214.998	0	
32.3661	-1.02604	218.405	0	
31.721	-2.39532	202.983	0	
32.7861	-2.96934	200.627	0	
31.7592	-4.26563	195.941	0	
32.7619	-3.98464	195.413	0	
33.0385	-0.877365	227.45	0	
32.0065	-5.74131	199.556	0	
30.581	-1.76428	207.398	0	
30.7306	-3.0801	197.933	0	
32.0203	-2.47114	202.565	0	
32.0018	-3.81276	194.88	0	
30.375	-4.6593	193.74	0	
32.2797	-5.38826	198.224	0	
33.3632	-1.10302	217.083	0	
33.2008	-0.202054	245.402	0	
31.4953	-0.466803	223.315	0	
32.0765	-1.25204	213.334	0	
33.568	-4.84994	198.541	0	
32.4905	-7.49094	213.064	0	
34.1803	-5.31621	202.442	0	
33.5932	-5.7149	203.455	0	
35.0009	-5.12904	202.304	0	
39.8774	-4.04075	202.348	0	
40.6417	-3.97504	202.557	0	
41.0333	-4.08813	203.347	0	
41.2895	-4.09065	203.41	0	
39.8092	-2.55829	204.925	0	
41.6964	-2.71144	203.134	0	
38.8019	-7.12981	216.023	0	
39.8522	-6.04469	210.938	0	
39.9096	-5.45288	207.851	0	
40.5283	-4.68156	205.2	0	
39.5337	-5.95423	210.753	0	
40.4393	-5.08062	206.962	0	
40.4582	-4.45658	203.946	0	
40.042	-3.46134	201.916	0	
41.0201	-6.49747	214.364	0	
41.3598	-5.76783	211.053	0	
41.1607	-5.25959	208.694	0	
41.7404	-4.68817	206.461	0	
43.0101	-4.045	205.384	0	
42.3009	-1.95194	206.294	0	
40.6572	-5.82132	210.917	0	
42.0217	-4.68702	206.582	0	
41.5991	-6.80221	214.947	0	
42.1442	-5.97979	212.935	0	
41.5485	-5.57449	210.567	0	
42.5098	-5.30137	210.15	0	
41.7799	-7.17682	214.865	0	
42.0222	-7.89809	213.786	0	
43.0204	-5.78499	213.251	0	
42.3918	-5.00457	209.234	0	
42.6133	-4.44252	206.304	0	
43.2336	-4.60897	208.377	0	
43.416	-6.06734	215.116	0	
44.2618	-5.70657	215.229	0	
43.777	-3.91646	205.777	0	
44.3691	-2.48611	203.623	0	
44.0966	-4.2667	208.194	0	
43.3745	-4.89952	210.295	0	
45.251	-5.94113	217.597	0	
45.1875	-5.09336	214.538	0	
45.4241	-5.70265	217.282	0	
45.778	-7.12265	216.499	0	
44.7502	-5.34327	214.949	0	
46.3184	-5.78286	218.926	0	
46.8765	-5.65566	219.654	0	
46.4025	-4.02269	209.931	0	
47.383	-5.89603	221.126	0	
48.0868	-4.47635	215.238	0	
47.7657	-6.44585	221.922	0	
48.4423	-5.93132	223.719	0	
29.6779	-3.59473	194.05	0	
30.3067	-3.90682	193.83	0	
31.537	-6.3381	202.262	0	
32.8222	-8.33878	219.155	0	
38.5039	-6.66275	214.93	0	
40.4264	-8.82151	212.451	0	
46.752	-6.53514	220.003	0	
48.1765	-8.10742	205.44	0	
49.534	-5.92623	226.772	0	
48.2852	-5.16087	220.488	0	
29.0451	-3.9806	193.896	0	
29.0315	-4.76549	193.068	0	
48.5081	-8.30364	207.462	0	
49.3404	-7.40465	218.22	0	
50.0697	-5.96091	228.635	0	
49.0195	-4.77715	219.007	0	
31.037	-4.5759	194.473	0	
30.6303	-4.05206	193.564	0	
29.1048	-2.5166	200.896	0	
28.7181	-4.16293	192.864	0	
27.3809	-5.12705	194.409	0	
29.437	-5.64516	196.109	0	
48.6107	-9.00147	194.661	0	
49.1662	-6.92597	223.069	0	
48.9076	-6.7807	223.551	0	
49.8459	-7.01942	224.588	0	
29.7884	-5.81547	197.148	0	
31.2267	-6.09521	201.168	0	
28.1098	-1.83986	204.392	0	
27.4106	-2.64302	198.423	0	
47.6642	-9.96693	174.987	0	
51.6233	-10.257	160.445	0	
50.4466	-7.63495	220.468	0	
49.3068	-7.79483	216.097	0	
52.8674	-7.60975	225.792	0	
52.7016	-5.99548	237.725	0	
28.7169	-5.41499	194.771	0	
29.859	-7.03948	204.315	0	
50.6661	-8.19236	211.067	0	
51.0626	-6.79559	228.5	0	
27.5262	-5.98028	196.64	0	
28.3762	-6.67247	200.782	0	
30.3694	-8.2358	212.414	0	
32.0039	-7.0191	209.143	0	
49.1723	-8.93007	194.364	0	
50.392	-7.98364	212.578	0	
26.8089	-4.47463	194.123	0	
25.6268	-4.91046	195.658	0	
-145.937	-0.638825	207.82	0	
-144.125	-0.612105	214.046	0	
-145.73	-1.31612	200.356	0	
-144.411	-0.817654	210.234	0	
-143.821	-1.05911	207.717	0	
-142.638	-1.86013	198.566	0	
26.6667	-0.240555	200.521	0	
28.125	-0.360901	222.101	0	
27.8125	-0.180445	218.645	0	
28.4376	-0.902258	215.299	0	
29.3826	-0.734678	208.583	0	
24.0625	-0.116803	190.38	0	
27.7917	-0.914235	213.697	0	
28.4375	-1.27911	209.159	0	
29.3826	-0.368047	212.8	0	
27.052	-1.06781	209.456	0	
28.4181	-2.05376	203.999	0	
27.7904	-1.2764	207.098	0	
28.759	-1.88478	204.485	0	
29.6951	-0.187647	202.96	0	
28.75	-0.360855	216.525	0	
26.6569	-1.03246	202.933	0	
26.4321	-1.37074	204.998	0	
27.3633	-1.36986	204.416	0	
27.7886	-1.99678	202.738	0	
28.7146	-2.65309	199.224	0	
29.1251	-2.12843	203.959	0	
29.6989	-0.928997	216.773	0	
30.1118	-0.353115	227.283	0	
26.0259	-1.3479	204.624	0	
27.3754	-1.7112	204.628	0	
28.0639	-2.68473	198.92	0	
29.9821	-2.32426	201.64	0	
29.838	-1.37309	210.455	0	
29.5362	-1.56932	209.851	0	
30.4205	-0.971702	218.55	0	
28.7501	-0.721768	211.641	0	
29.0625	-0.907943	213.64	0	
25.3125	-0.215758	219.324	0	
26.3549	-0.747092	205.412	0	
25.7831	-1.68444	202.883	0	
26.0087	-2.07434	200.783	0	
27.1211	-2.30385	200.94	0	
27.7667	-2.4615	199.58	0	
28.1105	-3.0842	196.658	0	
29.0443	-3.48813	194.322	0	
29.8355	-2.75975	199.343	0	
30.4669	-2.22431	205.788	0	
26.4592	-2.0684	201.841	0	
25.9128	-3.69615	195.549	0	
27.8671	-3.36064	195.566	0	
28.106	-4.01195	192.924	0	
28.5443	-3.036	197.14	0	
29.4228	-2.82732	197.559	0	
27.4644	-3.14269	195.97	0	
26.4604	-4.91557	194.821	0	
27.1158	-3.49558	195.337	0	
26.5283	-2.85257	198.402	0	
24.9505	-0.602994	201.829	0	
25.625	-0.384747	207.924	0	
25.625	-0.816264	210.509	0	
25.3683	-1.62973	201.142	0	
25.1407	-2.02292	200.604	0	
26.065	-2.84777	197.545	0	
26.7306	-2.41103	199.655	0	
30.1888	-3.17085	195.818	0	
30.862	-2.56906	199.348	0	
31.2847	-2.1172	205.72	0	
31.4569	-1.55721	212.051	0	
22.5072	-0.731718	188.165	0	
24.7578	-2.01698	198.078	0	
25.1254	-0.851127	199.67	0	
24.8892	-1.30486	198.797	0	
24.2714	-2.36209	197.149	0	
24.2228	-3.21213	198.244	0	
25.3632	-3.14618	196.826	0	
26.6602	-3.39138	195.315	0	
23.732	-2.06001	197.111	0	
23.8557	-2.71121	197.343	0	
24.6513	-3.48753	197.759	0	
25.2836	-3.99167	196.079	0	
24.7975	-3.75161	196.977	0	
27.0833	-0.240555	184.874	0	
26.7979	-5.31238	194.974	0	
25.2597	-6.31604	198.691	0	
26.2889	-5.40188	195.71	0	
22.6069	-1.67522	199.13	0	
23.0655	-2.2029	198.376	0	
21.5741	-1.29981	187.826	0	
22.5777	-2.70773	198.369	0	
22.5293	-4.0149	199.384	0	
23.7423	-3.00339	198.54	0	
23.0873	-4.79167	199.675	0	
23.0507	-3.56561	198.587	0	
23.614	-4.20839	198.511	0	
25.5193	-4.59843	196.024	0	
23.247	-5.76015	199.195	0	
25.4313	-6.01026	197.374	0	
24.4918	-5.09957	197.346	0	
24.7022	-6.64726	199.87	0	
25.0882	-5.08485	196.497	0	
23.7435	-6.08362	199.672	0	
25.3193	-8.01367	204.049	0	
25.883	-7.26177	201.473	0	
-140	-0.36376	218.195	0	
-139.372	-0.368067	224.254	0	
-139.688	-0.183316	227.022	0	
-139.055	-0.920708	222.033	0	
-138.674	-0.736598	224.486	0	
-140.938	-0.180456	237.831	0	
-140.625	-0.360901	225.704	0	
-140.315	-1.28335	217.177	0	
-139.688	-0.913707	218.688	0	
-139.69	-1.27666	214.927	0	
-138.364	-0.983364	222.278	0	
-141.283	-0.380108	234.699	0	
-140.312	-0.180445	232.309	0	
-141.286	-0.742721	235.207	0	
-140.941	-0.903958	222.844	0	
-139.593	-1.97917	204.411	0	
-139.502	-2.30524	198.803	0	
-138.646	-2.10871	204.071	0	
-137.938	-0.886972	226.321	0	
-138.16	-0.182522	224.281	0	
-142.428	-0.283259	225.903	0	
-141.911	-0.640445	232.114	0	
-141.404	-1.99133	204.497	0	
-140.347	-2.06434	200.076	0	
-140.011	-1.86147	205.745	0	
-139.379	-1.5893	209.675	0	
-138.927	-2.41943	197.927	0	
-138.263	-2.09548	206.144	0	
-141.636	-0.855604	227.195	0	
-141.014	-1.30046	219.71	0	
-141.075	-2.11605	198.027	0	
-140.786	-3.26944	187.428	0	
-137.958	-3.41081	190.494	0	
-138.208	-1.6563	210.332	0	
-141.914	-1.59714	207.923	0	
-140.432	-3.03815	190.52	0	
-139.667	-4.14654	187.66	0	
-139.737	-2.98487	191.079	0	
-137.936	-2.5711	198.183	0	
-137.689	-1.1993	220.049	0	
-142.113	-1.36908	212.538	0	
-143.033	-2.50749	190.54	0	
-141.363	-2.71528	191.148	0	
-140.713	-3.94527	185.911	0	
-141.255	-3.11756	187.968	0	
-141.635	-3.46142	184.374	0	
-143.19	-3.88553	184.145	0	
-142.371	-4.28047	186.032	0	
-137.844	-1.58953	215.664	0	
-137.195	-0.953917	226.664	0	
-143.698	-0.281505	212.733	0	
-143.528	-1.22822	208.32	0	
-137.642	-2.60555	197.468	0	
-135.143	-2.00878	206.023	0	
-137.345	-1.69466	211.521	0	
-136.98	-1.35226	220.288	0	
-136.82	-1.48438	219.376	0	
-135.87	-0.565063	232.925	0	
-142.46	-1.00121	215.724	0	
-143.088	-0.269164	211.326	0	
-138.311	-3.52016	188.764	0	
-137.618	-2.92712	194.784	0	
-142.201	-2.59289	189.89	0	
-142.642	-2.30157	195.242	0	
-143.458	-2.29142	190.272	0	
-143.863	-2.91861	185.764	0	
-143.531	-1.52735	200.824	0	
-144.305	-1.82208	196.039	0	
-144.278	-3.17752	184.46	0	
-143.95	-3.85413	184.525	0	
-144.608	-1.62267	198.895	0	
-144.982	-2.18721	191.248	0	
-144.711	-2.95941	185.116	0	
-145.13	-3.66618	184.253	0	
-143.921	-4.41665	186.254	0	
-142.67	-3.851	185.242	0	
-145.563	-2.45015	187.622	0	
-145.127	-3.18447	183.238	0	
-145.559	-3.87088	185.571	0	
-145.229	-4.54733	191.526	0	
-144.81	-4.36199	187.417	0	
-143.879	-5.47814	203.03	0	
-143.405	-4.39841	186.769	0	
-142.633	-4.71476	189.74	0	
-145.985	-2.27183	189.861	0	
-146.387	-2.92669	185.805	0	
-145.971	-3.15174	184.562	0	
-146.38	-4.37597	189.602	0	
-145.659	-5.2879	203.445	0	
-144.345	-4.6609	191.501	0	
-143.001	-5.73895	206.566	0	
-141.772	-4.30581	186.201	0	
-145.727	-1.64968	196.729	0	
-146.733	-1.92216	194.536	0	
-146.957	-3.23761	185.052	0	
-145.964	-3.6172	185.501	0	
-146.734	-4.72779	196.206	0	
-146.462	-5.09552	197.811	0	
-147.457	-4.24518	191.644	0	
-147.234	-4.75153	195.673	0	
-146.17	-6.04939	216.325	0	
-145.252	-5.05792	194.772	0	
-140.153	-5.70394	198.483	0	
-141.714	-5.30121	193.925	0	
-147.199	-1.23809	201.134	0	
-148.128	-2.3949	186.884	0	
-149.198	-4.50652	197.55	0	
-147.568	-6.1642	225.528	0	
-147.516	-5.23087	206.292	0	
-148.598	-4.59708	197.716	0	
-147.275	-6.68848	234.095	0	
-145.508	-7.79713	257.514	0	
-145.659	-5.93294	210.553	0	
-144.99	-6.29418	222.244	0	
-147.254	-2.48376	187.602	0	
-147.67	-2.23525	189.614	0	
-137.281	-3.59082	189.588	0	
-136.016	-4.53856	188.217	0	
-143.447	-6.51146	226.34	0	
-143.377	-5.35151	195.031	0	
-149.507	-5.32021	209.813	0	
-148.219	-5.55157	213.585	0	
-144.339	-5.11678	196.008	0	
-144.565	-5.91968	209.94	0	
-144.812	-7.10632	239.592	0	
-141.766	-7.31499	243.21	0	
-142.955	-6.37689	206.926	0	
-142.355	-6.42235	216.641	0	
-140.015	-4.42849	189.159	0	
-138.679	-5.01853	194.561	0	
-137.485	-4.20016	188.381	0	
-138.915	-4.01375	187.282	0	
-136.629	-0.151346	241.533	0	
-135.432	-0.895475	224.414	0	
-135.198	-1.29455	219.398	0	
-134.289	-0.394228	234.259	0	
-135.62	-1.64764	212.117	0	
-134.194	-2.77273	190.441	0	
-134.014	-0.210912	235.963	0	
-134.874	-0.481807	227.016	0	
-133.972	-1.03693	227.998	0	
-132.713	-0.768953	229.46	0	
-133.192	-1.04502	224.184	0	
-133.555	-0.838001	234.709	0	
-133.192	-1.54547	216.042	0	
-134.289	-0.760859	228.909	0	
-134.65	-0.183316	232.225	0	
-135.949	-2.03577	207.446	0	
-135.469	-2.51684	198.191	0	
-133.601	-1.87211	204.851	0	
-134.107	-1.39177	215.139	0	
-132.726	-1.72842	209.199	0	
-132.296	-0.967878	223.69	0	
-132.821	-2.31877	197.938	0	
-131.069	-1.40593	222.261	0	
-134.759	-3.54373	185.096	0	
-132.903	-2.85789	192.09	0	
-133.198	-2.73764	193.801	0	
-132.53	-3.58389	188.205	0	
-131.767	-2.69397	192.918	0	
-129.988	-2.18079	201.743	0	
-135.223	-3.19322	189.595	0	
-135.841	-6.21565	211.979	0	
-131.382	-2.18369	200.072	0	
-131.757	-3.06668	193.078	0	
-133.114	-4.28318	186.896	0	
-130.282	-4.26152	189.217	0	
-129.367	-2.76942	195.215	0	
-131.407	-3.24195	188.439	0	
-135.407	-6.39986	214.689	0	
-133.936	-6.24769	207.72	0	
-131.008	-3.79962	186.71	0	
-129.886	-3.53732	188.929	0	
-130.625	-0.165467	235.559	0	
-131.56	-0.184751	228.141	0	
-130.131	-1.26208	221.164	0	
-128.895	-1.41761	215.216	0	
-130.449	-1.58928	213.753	0	
-129.543	-1.64504	210.735	0	
-129.684	-1.27537	216.735	0	
-129.412	-0.530357	223.779	0	
-128.702	-0.820156	224.743	0	
-128.023	-0.881803	223.154	0	
-128.406	-0.20041	232.036	0	
-127.711	-1.27591	216.189	0	
-126.849	-0.715855	213.936	0	
132.88	-0.549836	206.557	0	
-128.023	-0.450286	225.243	0	
133.533	-1.03873	206.259	0	
131.562	-0.215758	205.136	0	
133.369	-0.553858	208.17	0	
132.29	-1.16738	202.195	0	
130.626	-0.735515	208.753	0	
132.255	-0.248238	199.003	0	
131.224	-0.848651	206.382	0	
131.794	-2.0613	202.417	0	
133.116	-1.64065	204.299	0	
131.863	-4.03089	201.936	0	
132.439	-1.84667	202.214	0	
140.011	-0.73463	210.467	0	
142.046	-1.45463	207.417	0	
142.541	-1.75663	205.463	0	
142.123	-0.548463	210.137	0	
142.711	-1.16326	209.427	0	
142.148	-2.21708	202.612	0	
142.736	-2.95816	199.432	0	
143.026	-0.877314	209.635	0	
142.331	-0.246865	209.443	0	
143.71	-0.748879	209.015	0	
143.194	-0.198932	210.374	0	
141.437	-1.07258	207.788	0	
141.249	-3.3878	198.454	0	
142.805	-4.02709	196.984	0	
145.166	-3.85954	198.753	0	
120.141	-0.463959	203.782	0	
120.901	-0.895475	197.506	0	
119.062	-0.231865	191.277	0	
119.684	-1.27537	195.242	0	
120.868	-1.6377	201.919	0	
122.81	-0.903557	202.632	0	
118.718	-0.432276	187.647	0	
119.724	-0.298492	191.48	0	
118.842	-1.43906	195.116	0	
117.742	-0.249876	201.652	0	
118.023	-0.450286	187.651	0	
113.751	-0.626815	188.626	0	
118.406	-0.20041	194.195	0	
117.292	-1.18198	193.75	0	
119.792	-1.97487	198.575	0	
120.131	-1.26208	200.802	0	
119.566	-2.44628	200.935	0	
120.452	-2.36539	199.725	0	
118.456	-1.42576	194.552	0	
120.214	-2.69643	201.955	0	
120.872	-2.40726	203.053	0	
121.09	-2.0227	198.927	0	
119.322	-3.53944	200.222	0	
119.637	-3.21529	200.71	0	
119.502	-4.07137	199.815	0	
120.039	-3.97963	200.2	0	
121.107	-3.65853	199.814	0	
120.42	-3.15932	200.482	0	
118.503	-4.54328	198.489	0	
119.173	-5.37661	197.9	0	
120.837	-3.22633	202.099	0	
121.051	-2.80531	200.16	0	
121.687	-1.65282	197.509	0	
121.119	-1.26211	195.344	0	
120.974	-4.13867	199.87	0	
121.754	-2.44947	199.765	0	
121.395	-4.60464	198.81	0	
121.828	-3.2682	199.563	0	
121.608	-3.65227	200.886	0	
122.657	-2.80536	199.035	0	
120.308	-5.16859	198.015	0	
124.592	-4.80703	196.676	0	
123.32	-2.06424	198.614	0	
122.253	-2.38337	202.589	0	
123.244	-3.89583	197.615	0	
123.203	-2.59707	200.294	0	
117.014	-1.9374	196.309	0	
117.562	-3.10647	198.865	0	
117.557	-5.98186	197.757	0	
118.584	-5.83487	197.906	0	
119.897	-7.21029	197.524	0	
120.739	-5.54588	198.518	0	
122.904	-6.88094	198.834	0	
123.658	-6.00321	197.282	0	
123.296	-4.96758	197.087	0	
124.688	-4.18774	196.353	0	
-122.81	-0.184751	226.543	0	
-121.625	-0.612105	209.448	0	
-121.601	-1.59485	203.004	0	
-119.627	-1.63032	201.061	0	
-123.75	-0.36376	219.632	0	
-123.122	-0.368067	222.143	0	
-123.438	-0.183316	223.453	0	
-122.805	-0.920708	211.822	0	
-122.393	-0.350218	209.39	0	
-124.688	-0.180456	211.352	0	
-124.375	-0.360901	216.217	0	
-124.065	-1.28335	210.816	0	
-123.438	-0.913707	215.955	0	
-123.44	-1.27666	210.175	0	
-122.079	-0.966309	208.273	0	
-125.729	-0.496049	225.381	0	
-124.062	-0.180445	217.752	0	
-124.754	-1.2956	212.014	0	
-124.44	-1.49081	208.025	0	
-123.343	-1.97917	200.644	0	
-123.252	-2.30524	196.571	0	
-122.396	-2.10871	198.549	0	
-126.228	-0.679836	221.474	0	
-125.16	-1.38669	213.252	0	
-124.692	-0.904829	217.011	0	
-125.191	-2.01013	204.643	0	
-123.761	-1.86147	202.823	0	
-123.129	-1.5893	205.112	0	
-122.866	-2.43909	193.788	0	
-122.013	-2.09548	196.164	0	
-125.005	-0.664198	220.129	0	
-125.8	-1.06876	219.46	0	
-124.799	-2.08993	199.397	0	
-124.738	-2.48451	196.426	0	
-122.308	-2.79573	191.221	0	
-121.958	-1.6563	201.483	0	
-126.361	-2.40555	197.596	0	
-124.189	-3.03781	191.936	0	
-123.538	-4.09828	190.742	0	
-123.492	-2.98187	191.335	0	
-121.624	-2.439	194.062	0	
-121.012	-1.62805	203.582	0	
-126.027	-3.55423	189.482	0	
-124.543	-3.26943	189.325	0	
-125.203	-2.75042	192.615	0	
-124.518	-3.94549	188.396	0	
-125.109	-3.17237	191.686	0	
-125.421	-3.51605	188.055	0	
-126.322	-3.16493	190.033	0	
-126.236	-4.05047	189.389	0	
-122.01	-2.92908	189.156	0	
-119.635	-2.3394	194.175	0	
-122.208	-3.45016	187.611	0	
-122.162	-3.81565	188.17	0	
-127.679	-2.85962	192.997	0	
-126.75	-4.09161	189.362	0	
-126.277	-5.55885	203.454	0	
-125.073	-5.68222	204.732	0	
-121.035	-3.20437	187.341	0	
-119.358	-3.72433	188.577	0	
-120.215	-3.3253	187.648	0	
-120.238	-3.69632	188.394	0	
-124.972	-4.96099	194.924	0	
-122.167	-4.5871	191.314	0	
-121.72	-5.15986	198.521	0	
-120.483	-5.42058	202.73	0	
-128.262	-4.1307	189.588	0	
-127.101	-3.74239	189.745	0	
-117.631	-3.98944	188.396	0	
-117.889	-2.34667	192.6	0	
-121.228	-4.19667	189.983	0	
-121.451	-4.87846	194.38	0	
-122.567	-6.42449	215.71	0	
-120.629	-6.71731	228.033	0	
-120.02	-7.49766	245.563	0	
-118.415	-6.18292	215.997	0	
122.471	-0.377855	207.971	0	
123.125	-0.360901	203.854	0	
122.812	-0.180445	208.31	0	
123.438	-0.902258	200.484	0	
124.383	-0.734678	195.348	0	
121.95	-0.197411	179.747	0	
122.166	-1.0122	203.575	0	
123.438	-1.27911	200.718	0	
124.383	-0.368047	194.853	0	
121.819	-0.948471	190.466	0	
122.492	-1.96037	199.346	0	
123.125	-1.46	200.055	0	
123.759	-1.88478	199.506	0	
124.695	-0.187647	190.945	0	
123.75	-0.360855	198.497	0	
123.013	-1.84953	201.792	0	
122.81	-1.26491	202.349	0	
124.053	-2.64563	197.853	0	
124.125	-2.12843	196.953	0	
124.699	-0.928997	197.195	0	
124.963	-0.731293	196.803	0	
125.255	-1.43797	197.824	0	
124.536	-1.56932	196.906	0	
125.633	-1.0285	199.953	0	
123.75	-0.721768	199.029	0	
124.063	-0.907943	197.338	0	
124.826	-2.69603	196.598	0	
125.404	-2.11665	196.978	0	
-118.125	-0.48111	210.821	0	
-116.875	-0.360901	201.671	0	
-117.188	-0.180445	190.056	0	
-116.562	-0.902258	202.17	0	
-115.617	-0.734678	204.557	0	
-118.694	-0.267015	210.089	0	
-117.208	-0.914235	205.9	0	
-116.562	-1.27911	197.429	0	
-115.617	-0.368047	206.982	0	
-117.948	-1.06781	206.123	0	
-116.89	-1.83986	194.533	0	
-117.21	-1.2764	198.875	0	
-116.241	-1.88478	194.221	0	
-115.305	-0.187647	211.027	0	
-116.25	-0.360855	203.434	0	
-118.343	-1.03246	207.851	0	
-118.568	-1.37074	203.237	0	
-117.637	-1.36986	202.606	0	
-117.625	-1.7112	197.456	0	
-115.905	-2.67679	188.683	0	
-115.875	-2.12843	193.032	0	
-115.301	-0.928997	200.859	0	
-113.927	-0.638504	196.016	0	
-118.974	-1.3479	203.478	0	
-117.211	-1.99678	196.508	0	
-117.615	-2.61933	190.464	0	
-115.018	-2.32426	191.25	0	
-115.162	-1.37309	197.976	0	
-115.464	-1.56932	196.639	0	
-114.141	-0.369883	193.267	0	
-116.25	-0.721768	200.311	0	
-115.937	-0.907943	202.976	0	
-119.731	-0.18503	195.324	0	
-120.608	-0.267823	223.766	0	
-119.217	-1.68444	199.381	0	
-118.991	-2.07434	196.607	0	
-118.541	-2.0684	195.555	0	
-117.188	-3.21943	187.725	0	
-115.942	-4.07947	189.576	0	
-116.307	-2.9718	188.981	0	
-115.165	-2.75975	188.422	0	
-114.419	-1.76469	193.612	0	
-113.665	-0.491535	201.182	0	
-114.992	-0.3599	202.148	0	
-118.048	-3.77477	188.679	0	
-117.249	-2.395	190.682	0	
-117.636	-3.08772	188.838	0	
-116.964	-2.77675	190.178	0	
-120.429	-1.64998	203.099	0	
-119.631	-0.687884	203.653	0	
-119.71	-1.2899	204.486	0	
-120.316	-2.35929	194.723	0	
-119.081	-2.86892	189.55	0	
-118.279	-2.45384	192.457	0	
-114.879	-3.33023	187.81	0	
-113.095	-1.65008	197.782	0	
-114.533	-2.22472	190.562	0	
-114.142	-3.09909	189.177	0	
-113.903	-1.64486	194.539	0	
-112.68	-1.99156	195.676	0	
-114.684	-0.978487	198.4	0	
-118.047	-3.35409	187.54	0	
-117.182	-3.70046	188.892	0	
-120.467	-0.992749	211.355	0	
-120.237	-1.94152	198.093	0	
-114.541	-3.5115	189.091	0	
-113.237	-2.32076	192.73	0	
-118.774	-3.99467	189.805	0	
-119.279	-5.05924	197.264	0	
-117.701	-4.83842	194.924	0	
-118.403	-4.51227	193.032	0	
-113.604	-3.65262	189.242	0	
-112.452	-4.77946	196.827	0	
-116.314	-4.3335	193.213	0	
-114.798	-4.85262	200.555	0	
-113.2	-5.87625	214.625	0	
-113.726	-4.1782	191.78	0	
-112.606	-2.58454	191.856	0	
-112.692	-2.89922	189.629	0	
100.625	-0.399074	188.248	0	
99.0625	-0.116803	190.827	0	
99.6313	-0.614822	197.992	0	
100.576	-0.95602	193.829	0	
101.234	-2.15023	198.088	0	
100.85	-1.39112	194.329	0	
102.069	-1.02626	190.808	0	
97.5072	-0.731718	197.056	0	
100.272	-1.06614	193.87	0	
99.244	-1.23252	197.086	0	
100.822	-2.65513	199.967	0	
100.182	-1.77963	198.017	0	
99.9851	-2.62968	200.623	0	
101.013	-2.552	199.481	0	
101.528	-1.66707	194.854	0	
99.7478	-2.50371	200.553	0	
100.584	-4.06935	200.43	0	
100.406	-3.65952	200.857	0	
102.106	-3.28028	200.738	0	
101.282	-1.1511	192.464	0	
100.631	-1.52148	195.756	0	
98.0328	-1.64571	200.379	0	
97.3114	-3.58809	200.199	0	
100.422	-3.39117	201.011	0	
99.89	-3.67667	200.853	0	
102.548	-3.38856	200.753	0	
103.847	-1.5401	192.664	0	
101.491	-4.15666	200.343	0	
101.304	-3.73642	200.857	0	
102.214	-1.98106	196.317	0	
102.761	-2.87156	199.751	0	
101.264	-4.30222	200.338	0	
102.208	-4.39556	200.207	0	
103.644	-2.51125	198.592	0	
104.823	-1.75842	196.313	0	
100.896	-4.82803	198.472	0	
101.072	-6.09633	193.637	0	
102.607	-5.24451	198.183	0	
102.998	-3.97417	201.069	0	
104.242	-2.11627	197.626	0	
104.272	-2.54413	199.086	0	
100.244	-4.45784	199.539	0	
98.337	-4.71255	197.879	0	
101.619	-7.27015	189.718	0	
101.656	-5.19786	197.553	0	
102.752	-3.5278	201.146	0	
102.724	-3.84322	200.904	0	
104	-4.44932	201.046	0	
105.383	-3.8291	201.773	0	
105.853	-3.64445	201.969	0	
104.868	-2.29187	199.385	0	
99.5508	-6.05745	193.638	0	
99.9638	-6.67971	191.062	0	
101.954	-7.11915	190.511	0	
102.923	-6.24789	194.646	0	
102.775	-4.92261	199.243	0	
104.281	-5.15717	199.154	0	
103.869	-6.18164	195.423	0	
105.238	-5.52647	196.816	0	
106.721	-5.21347	198.293	0	
105.558	-4.19084	201.924	0	
100.091	-6.91719	190.351	0	
100.025	-8.03266	186.051	0	
100.512	-7.339	189.211	0	
102.984	-8.66293	186.396	0	
103.463	-5.49707	197.323	0	
102.25	-5.9043	195.503	0	
98.8243	-6.28346	192.34	0	
98.3041	-9.06481	183.877	0	
100.099	-8.80014	184.231	0	
101.517	-7.72542	187.918	0	
-94.9928	-0.731718	189.411	0	
-93.0902	-1.27135	190.941	0	
-92.7065	-1.88048	187.43	0	
-92.8769	-0.548463	195.012	0	
-92.2888	-1.16326	188.956	0	
-93.0619	-2.3749	185.302	0	
-91.9643	-2.3182	183.617	0	
-91.9743	-0.877314	188.505	0	
-92.6686	-0.246865	185.439	0	
-93.7029	-2.75747	184.546	0	
-92.5697	-3.37134	184.234	0	
-91.5428	-2.45622	183.171	0	
-91.1328	-1.82718	185.178	0	
-91.5495	-1.59054	186.119	0	
-92.2519	-0.246865	191.081	0	
-91.4451	-2.92935	182.242	0	
-90.6271	-3.0159	182.012	0	
-90.3467	-2.35893	183.675	0	
-91.5605	-1.11538	187.129	0	
-91.7964	-3.24132	183.207	0	
-91.5974	-0.198932	189.479	0	
-91.448	-4.00343	187.754	0	
-90.151	-3.286	182.282	0	
-90.0151	-1.47394	188.447	0	
-89.7807	-0.938523	193.008	0	
-90.6074	-0.408971	191.585	0	
-91.234	-0.914448	189.521	0	
-90.0896	-0.750278	191.377	0	
-92.7197	-2.87412	183.566	0	
-93.2466	-3.21712	184.064	0	
-93.3077	-4.27199	193.145	0	
-92.2584	-3.99924	187.806	0	
-93.7464	-4.21074	190.069	0	
-91.7895	-5.78474	216.404	0	
-93.2562	-5.66399	222.102	0	
-91.0264	-4.86542	199.786	0	
-91.4736	-4.54038	193.329	0	
-90.6349	-4.67834	194.301	0	
-91.9428	-4.79089	198.555	0	
-92.7998	-5.4102	206.864	0	
-90.1892	-4.98816	196.655	0	
-89.3617	-3.80596	184.362	0	
-90.0946	-4.10066	187.557	0	
-89.2051	-4.41594	195.323	0	
-88.8425	-4.20969	192.788	0	
-88.2045	-3.82486	185.855	0	
-89.022	-2.65592	183.309	0	
-88.711	-2.82332	182.899	0	
-90.7451	-6.99627	267.816	0	
-92.1692	-5.32537	212.844	0	
-90.0139	-5.89718	221.786	0	
-88.7052	-5.57641	211.547	0	
-91.1158	-5.5753	216.882	0	
-90.6243	-6.07921	233.636	0	
-89.1359	-6.9859	265.15	0	
-88.4331	-4.62676	192.544	0	
-88.6077	-5.22345	210.479	0	
-87.6084	-4.79758	200.136	0	
-87.2403	-3.09689	182.39	0	
-87.5942	-3.1391	182.468	0	
-92.6912	-6.48984	242.846	0	
-92.0632	-6.40177	243.099	0	
-88.0651	-5.59351	212.372	0	
-87.3644	-4.6876	193.182	0	
-93.0254	-7.01741	264.502	0	
-90.2155	-7.73263	293.969	0	
-87.6494	-5.13873	200.644	0	
-86.7908	-4.74334	194.289	0	
-86.7693	-4.47817	192.444	0	
-86.7991	-5.39071	210.548	0	
-94.4423	-1.64806	189.966	0	
-94.5497	-2.65778	184.79	0	
-86.5849	-4.0199	186.771	0	
-85.8669	-2.56658	183.768	0	
-94.1444	-7.02665	260.799	0	
-94.0616	-7.68732	296.035	0	
-92.4831	-7.86971	300.171	0	
-89.6158	-11.5595	493.814	0	
-84.9123	-3.957	185.159	0	
-86.0815	-2.8978	181.864	0	
-86.453	-6.82746	258.645	0	
-85.8235	-6.32568	238.07	0	
-82.9521	-2.83324	182.448	0	
-85.3192	-3.41942	182.606	0	
-85.6563	-7.40143	274.595	0	
-85.7064	-4.7702	196.303	0	
-105.314	-0.94626	199.517	0	
-103.005	-1.27135	194.825	0	
-102.459	-1.75663	189.984	0	
-102.877	-0.548463	203.904	0	
-102.289	-1.16326	194.069	0	
-103.148	-3.54455	184.698	0	
-102.907	-3.90413	187.468	0	
-101.974	-0.877314	190.227	0	
-102.669	-0.246865	195.334	0	
-101.29	-0.748879	190.31	0	
-101.806	-0.198932	184.949	0	
-101.497	-5.05074	198.373	0	
-102.498	-2.38039	186.645	0	
-102.449	-3.87493	186.055	0	
-101.003	-3.31698	184.869	0	
-112.248	-0.564347	197.97	0	
-111.359	-0.715414	194.145	0	
-112.523	-0.697372	200.809	0	
-113.108	-1.33262	199.786	0	
-108.438	-0.215758	194.88	0	
-107.537	-0.478752	205.015	0	
-107.712	-1.62025	191.185	0	
-106.837	-0.985733	190.087	0	
-109.119	-0.614822	192.94	0	
-108.125	-0.396018	196.314	0	
-108.125	-0.827535	197.278	0	
-110.31	-0.184751	206.654	0	
-108.478	-1.06614	193.975	0	
-109.573	-1.09246	195.698	0	
-108.123	-2.26818	187.822	0	
-108.928	-1.76111	191.647	0	
-108.961	-2.25848	188.84	0	
-107.699	-2.51774	187.175	0	
-107.296	-1.85689	190.436	0	
-109.426	-2.51333	189.765	0	
-108.987	-3.14631	187.49	0	
-108.129	-3.28282	186.147	0	
-106.633	-2.79489	186.079	0	
-107.085	-1.26517	193.169	0	
-106.912	-0.530357	194.595	0	
-105.628	-0.734698	193.96	0	
-109.876	-1.50773	194.497	0	
-110.544	-2.99446	189.556	0	
-108.663	-3.94066	189.578	0	
-107.701	-3.00308	185.01	0	
-105.509	-2.71231	185.918	0	
-104.689	-1.04359	197.346	0	
-111.015	-1.33463	196.977	0	
-110.498	-2.3646	190.945	0	
-110.193	-2.95314	189.137	0	
-109.262	-5.02231	201.659	0	
-108.084	-4.27964	189.971	0	
-107.082	-3.40665	184.734	0	
-106.215	-2.47296	186.789	0	
-105.736	-2.55191	186.516	0	
-111.647	-1.73597	195.943	0	
-111.085	-2.18465	192.435	0	
-108.659	-5.50475	207.274	0	
-108.306	-4.90667	197.502	0	
-105.144	-2.17291	189.232	0	
-104.009	-1.39071	191.091	0	
-112.275	-2.0265	194.974	0	
-111.628	-2.72785	191.002	0	
-104.821	-2.03228	188.041	0	
-104.268	-2.82634	186.053	0	
-107.425	-6.21385	223.811	0	
-107.652	-4.7312	194.762	0	
-106.89	-6.47963	230.795	0	
-103.886	-6.51491	238.85	0	
-106.231	-5.24695	203.099	0	
-106.541	-4.80692	196.358	0	
-104.062	-0.183316	188.312	0	
-103.646	-0.484914	193.297	0	
-105.241	-1.36615	191.706	0	
-104.375	-0.83059	189.907	0	
-104.06	-0.988793	194.56	0	
-105.94	-0.184751	192.166	0	
-105	-0.399074	206.749	0	
-106.253	-0.416616	195.75	0	
-105.312	-0.183316	197.637	0	
-106.228	-0.779277	191.221	0	
-111.354	-0.348783	186.143	0	
-110.622	-0.368067	197.124	0	
-110.938	-0.183316	199.511	0	
-110.284	-0.933312	197.07	0	
-109.971	-0.683484	200.19	0	
-111.432	-1.39951	196.252	0	
-110.943	-0.916578	194.622	0	
-110.277	-1.39743	197.649	0	
-109.694	-1.79395	193.527	0	
42.8798	-0.549836	214.8	0	
43.2645	-2.20581	203.575	0	
41.5625	-0.215758	223.818	0	
43.3687	-0.525583	213.859	0	
42.2901	-1.16738	212.303	0	
40.6261	-0.735515	223.837	0	
42.2548	-0.248238	218.962	0	
41.6159	-1.311	214.349	0	
41.8435	-1.52471	210.389	0	
43.1855	-1.78912	205.493	0	
41.4968	-2.08531	207.316	0	
42.1342	-2.61216	202.872	0	
41.4721	-1.79966	209.134	0	
40.679	-2.33223	206.258	0	
-99.599	-0.53519	190.066	0	
-99.3924	-1.27697	190.285	0	
-100.537	-0.783538	194.723	0	
-99.1269	-0.548463	190.483	0	
-100.205	-1.09072	190.614	0	
-101.075	-1.8112	188.286	0	
-100.224	-0.233592	201.052	0	
-99.3924	-1.64353	187.312	0	
-101.285	-0.382247	186.412	0	
-100.938	-0.183316	193.398	0	
-101.85	-1.89431	188.516	0	
-100.943	-0.916578	189.683	0	
-101.528	-2.26027	186.09	0	
-100.634	-2.38548	185.916	0	
-100.67	-3.13495	184.163	0	
-99.8514	-1.94325	187.43	0	
-98.9376	-1.8981	187.816	0	
-98.5388	-1.16326	191.422	0	
-99.0462	-2.36196	184.498	0	
-98.1157	-2.39435	184.716	0	
-98.2243	-0.877314	190.828	0	
-98.9186	-0.246865	185.863	0	
-99.7999	-2.37293	185.046	0	
-99.1112	-3.34167	183.992	0	
-97.6165	-2.58482	184.793	0	
-97.2643	-1.96687	187.065	0	
-97.1918	-0.904685	193.56	0	
-98.5019	-0.246865	190.903	0	
-99.0537	-3.7433	185.886	0	
-97.8474	-0.198932	193.918	0	
-99.3815	-3.98307	188.331	0	
-97.6552	-3.11626	183.76	0	
-95.7745	-3.03865	184.767	0	
-100.313	-4.24336	190.446	0	
-98.8499	-5.26569	207.517	0	
-97.4065	-3.82553	187.252	0	
-98.1746	-3.35831	184.713	0	
-98.5698	-5.12005	202.95	0	
-97.8203	-4.06189	189.108	0	
-97.4557	-6.03013	229.981	0	
-97.2688	-4.57578	195.649	0	
-97.3385	-3.33921	184.977	0	
-94.9674	-5.71987	219.154	0	
-96.6613	-3.5963	185.58	0	
-97.249	-4.88287	200.295	0	
-96.25	-0.36376	188.759	0	
-95.6225	-0.368067	192.736	0	
-95.9375	-0.183316	186.266	0	
-95.3053	-0.920708	193.681	0	
-94.2982	-0.887995	187.26	0	
-97.1875	-0.180456	184.434	0	
-96.875	-0.360901	189.849	0	
-96.5652	-1.28335	187.257	0	
-95.9375	-0.913707	191.134	0	
-95.94	-1.27666	187.81	0	
-94.2982	-0.456479	193.245	0	
-97.5349	-0.379388	199.564	0	
-96.5625	-0.180445	184.082	0	
-97.5391	-0.742727	190.209	0	
-97.1918	-1.26351	188.243	0	
-95.8428	-1.97917	187.443	0	
-96.0925	-2.72793	185.234	0	
-94.928	-2.83215	185.009	0	
-93.9857	-0.278838	184.171	0	
-94.9975	-0.362392	199.839	0	
-97.8516	-0.993787	193.971	0	
-97.7852	-1.48466	188.838	0	
-96.8778	-1.45887	189.955	0	
-97.2283	-2.36312	185.374	0	
-96.2606	-1.86147	187.129	0	
-95.6291	-1.5893	189.067	0	
-94.9606	-2.01628	187.893	0	
-94.5627	-1.99481	186.758	0	
-97.4727	-1.59243	190.12	0	
-96.8819	-1.83577	187.202	0	
-95.2754	-2.36081	185.675	0	
-94.3457	-2.32604	186.035	0	
-94.8946	-3.38905	185.093	0	
-94.5065	-3.46569	184.996	0	
-93.8663	-2.40094	185.532	0	
-93.4973	-1.06531	186.106	0	
-95.4496	-3.64053	186.845	0	
-95.5553	-4.76061	199.025	0	
-93.7069	-3.82378	188.28	0	
-93.4721	-3.37815	185.494	0	
-94.0112	-1.57132	186.936	0	
-93.569	-0.580436	193.547	0	
-94.6829	-0.978483	193.45	0	
-93.914	-1.19523	191.43	0	
-93.5945	-1.80795	188.556	0	
-81.147	-3.09912	182.809	0	
-81.084	-1.50151	192.492	0	
-80.4277	-3.21968	183.136	0	
-79.6673	-3.36533	183.507	0	
-87.8125	-0.183316	192.754	0	
-89.3739	-0.735515	189.423	0	
-88.7965	-0.904442	189.5	0	
-88.125	-0.83059	191.304	0	
-86.7422	-1.71951	189.314	0	
-87.6769	-1.38762	190.604	0	
-85.9751	-1.0645	193.605	0	
-82.5	-0.36376	204.667	0	
-81.8725	-0.368067	199.334	0	
-82.1875	-0.183316	197.6	0	
-81.5553	-0.920708	196.011	0	
-80.5066	-0.882092	194.315	0	
-83.4375	-0.180456	192.46	0	
-83.125	-0.360901	197.045	0	
-82.8152	-1.28335	192.875	0	
-82.1875	-0.913707	199.166	0	
-81.5007	-1.43663	192.574	0	
-80.5066	-0.450576	195.954	0	
-84.7119	-0.141404	195.021	0	
-82.8125	-0.180445	194.164	0	
-83.5043	-1.2956	192.187	0	
-83.1901	-1.49081	192.672	0	
-82.4965	-1.88463	188.685	0	
-80.1941	-0.272934	193.022	0	
-81.2475	-0.362392	196.006	0	
-86.25	-0.335576	189.392	0	
-84.3067	-1.49126	191.781	0	
-83.442	-0.904829	194.923	0	
-83.8325	-1.9194	188.521	0	
-82.1059	-2.20094	187.601	0	
-81.8062	-1.63672	192.443	0	
-83.8587	-0.784456	193.355	0	
-84.5287	-0.929923	194.116	0	
-83.5486	-2.08993	186.919	0	
-83.4881	-2.48451	184.76	0	
-84.2287	-2.38938	184.496	0	
-83.2932	-3.26943	182.445	0	
-82.391	-4.00963	187.41	0	
-82.4242	-3.25912	182.756	0	
-85.077	-2.27359	185.178	0	
-83.2687	-3.94597	184.788	0	
-83.918	-2.68702	183.465	0	
-84.4182	-3.29932	181.91	0	
-84.0171	-3.03489	182.148	0	
-83.9495	-3.7003	183.115	0	
-80.1747	-1.22012	193.614	0	
-78.9017	-1.43542	191.59	0	
-80.9329	-0.978483	194.611	0	
-80.3631	-1.63654	190.124	0	
-79.455	-1.01502	195.94	0	
-79.7481	-1.25115	191.116	0	
-79.4649	-0.552469	192.678	0	
-78.125	-0.379194	194.736	0	
-80.8462	-1.82155	188.893	0	
-80.9841	-2.29356	186.137	0	
-82.7629	-5.67779	217.503	0	
-81.355	-5.03765	199.166	0	
-85.3125	-0.183316	193.947	0	
-84.6409	-0.685437	196.098	0	
-86.62	-0.624992	191.617	0	
-85.625	-0.83059	193.164	0	
-85.3519	-1.31982	192.574	0	
-86.7204	-1.13046	192.788	0	
-85.4941	-2.04812	186.658	0	
-86.3087	-1.99125	186.692	0	
-86.5559	-2.4732	184.328	0	
-85.3688	-2.27013	185.937	0	
-84.0789	-1.3268	192.302	0	
-85.0995	-0.853047	195.753	0	
-85.3524	-1.80775	188.966	0	
-22.8907	-0.572071	238.505	0	
-20.625	-0.360901	240.98	0	
-20.9375	-0.180445	248.444	0	
-20.3124	-0.902258	231.597	0	
-19.3674	-0.734678	242.289	0	
-22.6897	-0.629366	232.067	0	
-21.032	-0.796926	238.893	0	
-20.3125	-1.27911	230.943	0	
-19.3674	-0.368047	237.564	0	
-21.6987	-1.02105	229.801	0	
-20.6402	-1.83986	216.945	0	
-20.8457	-1.25684	230.063	0	
-19.991	-1.88478	217.572	0	
-19.0549	-0.187647	244.664	0	
-20	-0.360855	233.672	0	
-22.1128	-1.0238	226.676	0	
-22.6011	-1.1877	223.773	0	
-21.4861	-1.3226	224.316	0	
-21.2555	-1.4706	220.424	0	
-19.6551	-2.67513	199.578	0	
-19.6249	-2.12843	205.355	0	
-19.0511	-0.928997	234.546	0	
-18.6763	-0.748059	244.668	0	
-22.7146	-1.35583	219.09	0	
-20.9614	-1.99678	207.927	0	
-21.7611	-2.75695	195.628	0	
-18.7679	-2.32426	202.377	0	
-18.912	-1.37309	230.514	0	
-19.2138	-1.56932	218.867	0	
-18.3714	-0.991928	234.778	0	
-19.9999	-0.721768	242.249	0	
-19.6875	-0.907943	231.159	0	
-23.4545	-0.111206	243.785	0	
-23.6132	-0.523433	240.371	0	
-23.251	-1.45943	218.286	0	
-22.7574	-1.71362	211.348	0	
-21.7869	-2.41393	199.825	0	
-21.0006	-2.41015	200.901	0	
-19.6916	-4.0778	186.491	0	
-20.0574	-2.97014	192.302	0	
-18.9145	-2.75975	198.435	0	
-18.1685	-1.76469	214.968	0	
-17.9532	-0.885832	241.486	0	
-18.1669	-0.185694	252.174	0	
-22.4475	-2.00703	206.815	0	
-22.1825	-2.862	193.112	0	
-21.3816	-3.15748	190.318	0	
-20.7155	-2.79189	194.897	0	
-24.6875	-0.0800019	238.934	0	
-23.4055	-1.66287	212.893	0	
-23.9487	-1.04882	228.533	0	
-23.329	-1.86201	208.702	0	
-22.6651	-2.76987	192.827	0	
-22.2159	-2.41081	199.382	0	
-18.6311	-3.3323	190.238	0	
-17.3373	-1.87169	213.334	0	
-18.2826	-2.22472	208.897	0	
-17.8951	-3.09944	191.608	0	
-17.754	-1.63506	221.08	0	
-15.889	-1.60059	225.438	0	
-21.9818	-2.92344	191.816	0	
-20.9147	-3.70816	187.026	0	
-23.998	-1.2167	223.123	0	
-24.0065	-1.72681	211.3	0	
-24.4113	-2.21539	200.69	0	
-24.1164	-2.56913	194.852	0	
-22.9757	-3.01784	191.161	0	
-22.6253	-4.49423	192.4	0	
-18.2935	-3.51358	186.725	0	
-17.0135	-2.6941	197.101	0	
-17.2323	-1.22482	223.052	0	
-16.9738	-0.558363	226.664	0	
-15.6882	-0.821468	245.64	0	
-21.4478	-4.02336	187.197	0	
-22.088	-3.43979	187.84	0	
-24.3732	-0.940752	228.746	0	
-24.4231	-1.14259	224.633	0	
-24.2589	-0.123312	240.838	0	
-24.7801	-0.415728	235.973	0	
-25.6892	-1.68741	207.68	0	
-24.9411	-2.97253	188.378	0	
-24.7196	-1.99701	203.56	0	
-24.551	-1.99471	202.986	0	
-24.1169	-3.56651	187.417	0	
-22.7774	-3.17269	189.64	0	
-25.9375	-0.178164	238.112	0	
-25.5532	-0.485577	232.75	0	
-26.2511	-1.56607	210.434	0	
-24.7993	-2.77324	190.769	0	
-25.0295	-1.94834	203.184	0	
-25.2023	-2.30217	196.737	0	
-25.5529	-2.67082	189.816	0	
-25.693	-2.97202	187.815	0	
-26.2525	-0.36006	234.111	0	
-25.1464	-0.221098	234.792	0	
-25.63	-0.823036	230.724	0	
-27.1925	-0.186182	238.017	0	
-26.8825	-0.368079	229.844	0	
-26.5541	-1.34388	218.049	0	
-25.9355	-0.97171	225.713	0	
-28.1995	-1.48817	208.335	0	
-26.565	-0.181896	239.242	0	
-27.8056	-0.198376	225.854	0	
-27.185	-1.29687	217.589	0	
-27.0737	-2.54873	190.808	0	
-28.1037	-0.73971	225.796	0	
-27.8057	-0.928759	217.948	0	
-27.8207	-1.29187	213.987	0	
-26.8659	-1.5426	208.055	0	
-28.2336	-1.88691	198.998	0	
-27.5056	-1.49173	207.814	0	
-27.511	-1.87875	201.643	0	
-27.4982	-0.384558	221.019	0	
-28.1037	-0.378821	224.278	0	
-28.423	-0.180445	230.286	0	
-29.6875	-0.133108	231.477	0	
-28.4298	-0.896622	221.628	0	
-29.0677	-2.13911	195.429	0	
-29.6676	-0.798203	225.131	0	
-28.8956	-1.38826	213.682	0	
-28.7423	-0.66884	228.657	0	
-29.1418	-1.08869	219.371	0	
-28.2359	-3.30554	184.098	0	
-29.4776	-2.38181	191.052	0	
-29.5318	-1.13228	215.838	0	
-29.0972	-1.70113	201.699	0	
-29.375	-0.53243	227.347	0	
-31.136	-1.58611	203.182	0	
-30.5897	-0.753314	214.224	0	
-30.2573	-0.968879	215.6	0	
-30.2318	-2.39987	190.059	0	
-29.5232	-1.72878	201.591	0	
-31.2836	-0.382852	222.705	0	
-30.2772	-0.203367	210.207	0	
-30.9375	-0.183316	219.214	0	
-32.2604	-0.250939	236.387	0	
-31.9815	-0.450476	223.252	0	
-31.4846	-1.46517	208.112	0	
-30.9426	-0.916578	215.582	0	
-32.2368	-1.91167	198.763	0	
-31.2825	-2.28507	190.667	0	
-28.0565	-4.3104	189.792	0	
-26.7557	-2.85945	185.851	0	
-33.125	-0.153405	210.627	0	
-31.5961	-0.199537	228.446	0	
-32.6478	-1.95162	193.978	0	
-33.5677	-0.406896	209.333	0	
-33.3041	-1.53158	201.391	0	
-32.2936	-1.17375	212.384	0	
-32.8875	-0.773152	216.567	0	
-34.6875	-0.215758	233.561	0	
-33.953	-1.17963	209.183	0	
-32.8315	-2.32471	192.328	0	
-31.9572	-2.60509	187.771	0	
-35.6239	-0.735515	206.992	0	
-33.9843	-0.253491	228.003	0	
-35.0339	-0.848867	214.085	0	
-35.4502	-1.34566	203.039	0	
-32.952	-1.52825	203.027	0	
-33.3081	-2.86215	184.44	0	
-33.5065	-1.86251	198.13	0	
-17.3407	-3.63711	185.371	0	
-15.8734	-4.17776	180.726	0	
-23.2479	-4.68254	194.41	0	
-19.1802	-5.78545	197.458	0	
-33.5286	-2.50264	188.802	0	
-34.6464	-2.9561	184.147	0	
-20.7782	-4.61987	190.558	0	
-18.5451	-4.85077	185.452	0	
-15.6094	-5.57701	180.61	0	
-17.4736	-4.17637	182.971	0	
-25.0481	-4.06707	187.107	0	
-24.077	-5.13805	202.749	0	
-25.1253	-5.94169	224.793	0	
-24.2155	-5.88745	220.968	0	
-24.5105	-6.81416	249.171	0	
-21.9941	-5.45883	204.232	0	
-30.6258	-2.99072	184.282	0	
-28.6476	-3.3783	183.833	0	
-27.8297	-5.09281	205.549	0	
-26.4881	-4.52944	194.963	0	
-16.7431	-2.95118	192.933	0	
-17.13	-3.95592	184.007	0	
-32.2926	-3.6437	185.044	0	
-32.2791	-2.71526	185.714	0	
-35.6424	-2.93202	185.204	0	
-33.1187	-4.09912	188.377	0	
-31.6905	-3.78406	185.88	0	
-29.9465	-4.39857	189.627	0	
-32.2131	-5.72085	229.543	0	
-30.7152	-4.7531	199.55	0	
-33.2133	-6.50167	255.831	0	
-31.3324	-5.63219	219.924	0	
-32.1758	-6.32578	243.548	0	
-30.93	-6.29581	243.656	0	
-33.4269	-6.09536	240.385	0	
-32.6305	-7.28066	290.506	0	
-30.5938	-7.09044	284.41	0	
-29.9856	-4.88733	200.617	0	
-74.06	-0.184751	193.103	0	
-72.3078	-0.532098	199.827	0	
-75	-0.36376	204.306	0	
-74.3725	-0.368067	196.653	0	
-74.6875	-0.183316	193.546	0	
-74.0553	-0.920708	195.421	0	
-73.6749	-0.597728	195.01	0	
-75.9375	-0.180456	195.331	0	
-75.625	-0.360901	199.725	0	
-75.3152	-1.28335	193.827	0	
-74.6875	-0.913707	198.495	0	
-73.998	-1.41957	192.383	0	
-73.1679	-1.00634	195.403	0	
-76.9792	-0.496049	195.229	0	
-75.3125	-0.180445	198.385	0	
-76.0043	-1.2956	193.412	0	
-75.6901	-1.49081	194.228	0	
-74.9965	-1.88463	189.855	0	
-78.7181	-0.874495	195.693	0	
-76.411	-1.38905	193.653	0	
-75.942	-0.904829	196.928	0	
-76.4412	-2.01013	188.491	0	
-74.6933	-2.11262	189.49	0	
-74.3035	-1.61967	193.015	0	
-76.2545	-0.664198	194.456	0	
-76.6148	-1.69372	190.373	0	
-76.0486	-2.08993	188.3	0	
-75.9881	-2.48451	186.28	0	
-77.1567	-2.47341	185.69	0	
-75.4521	-2.83324	184.622	0	
-75.163	-3.69072	186.843	0	
-74.745	-2.52455	185.615	0	
-77.5535	-4.19525	189.231	0	
-75.7932	-3.26943	184.861	0	
-76.4535	-2.75042	184.812	0	
-75.8099	-3.96267	188.371	0	
-76.3585	-3.17237	184.763	0	
-76.6712	-3.51605	183.75	0	
-77.6657	-3.20877	183.919	0	
-77.7288	-3.94703	187.409	0	
-77.3524	-3.14389	183.751	0	
-78.2955	-3.31418	183.478	0	
-78.1106	-4.99546	198.617	0	
-74.733	-5.30579	205.734	0	
-79.3125	-3.22238	182.848	0	
-79.1275	-3.71252	184.397	0	
-75.9513	-4.78559	200.08	0	
-74.0345	-4.72037	200.241	0	
-78.1926	-4.05366	188.42	0	
-78.6007	-6.95389	262.443	0	
-80.1109	-4.53315	194.4	0	
-78.2535	-4.66035	198.18	0	
-79.6396	-6.67211	260.664	0	
-79.2135	-7.16423	268.767	0	
-78.8234	-4.8664	199.755	0	
-79.4162	-6.21716	227.868	0	
-76.3922	-5.42335	213.451	0	
-75.9173	-6.35521	240.996	0	
-78.5809	-6.21663	234.241	0	
-78.9731	-5.53086	214.765	0	
-79.5706	-7.76881	295.596	0	
-79.3122	-8.33904	323.474	0	
2.87977	-0.549836	177.799	0	
4.05056	-1.05211	181.007	0	
1.5625	-0.215758	183.795	0	
3.33333	-0.301598	175.569	0	
2.29011	-1.16738	182.757	0	
0.626088	-0.735515	182.859	0	
2.25477	-0.248238	190.327	0	
0.985698	-1.30309	187.482	0	
0.754055	-1.93261	193.264	0	
2.952	-1.45738	183.696	0	
2.69956	-3.56046	203.645	0	
2.72062	-1.9223	188.125	0	
-15.0336	-0.382852	224.694	0	
-14.3725	-0.368067	223.751	0	
-14.6875	-0.183316	217.817	0	
-13.8335	-1.88443	217.354	0	
-13.9834	-0.962924	230.529	0	
-15.9671	-0.190415	257.025	0	
-16.2796	-0.480156	235.556	0	
-15.1581	-1.62439	219.066	0	
-14.6926	-0.916578	225.323	0	
-12.8432	-2.08532	216.519	0	
-13.7259	-0.374251	239.488	0	
-15.3984	-2.1968	210.42	0	
-13.8747	-2.70487	205.648	0	
-12.7416	-0.820963	232.385	0	
-13.1279	-0.60589	237.595	0	
-12.939	-1.06404	234.545	0	
-12.4032	-1.20595	227.584	0	
-14.0662	-1.73169	220.141	0	
-15.3461	-0.199537	259.973	0	
-14.1141	-2.57219	205.062	0	
-13.3559	-1.8897	219.821	0	
-13.6004	-2.54093	207.584	0	
-12.5499	-3.20358	199.803	0	
-12.076	-2.40428	212.771	0	
-14.922	-3.40949	192.71	0	
-14.458	-4.31038	182.022	0	
-12.8864	-3.71226	192.82	0	
-9.8637	-4.36437	190.222	0	
-15.1674	-2.94982	193.372	0	
-15.6492	-3.78672	187.365	0	
-13.5976	-6.24067	178.967	0	
-11.7841	-6.3765	176.944	0	
-46.875	-0.399074	189.866	0	
-48.3333	-0.233607	172.247	0	
-47.6452	-0.86823	181.483	0	
-46.9232	-0.956331	186.258	0	
-46.1505	-1.98794	185.276	0	
-46.7062	-1.42413	186.288	0	
-44.7087	-0.914438	191.174	0	
-48.498	-0.920754	181.644	0	
-47.2285	-1.06614	189.88	0	
-48.238	-1.17373	184.499	0	
-46.7034	-1.972	186.182	0	
-47.3779	-1.77937	185.493	0	
-47.548	-1.97084	187.05	0	
-46.14	-2.47387	185.594	0	
-45.4188	-1.83051	186.519	0	
-47.8275	-2.43806	186.284	0	
-47.4275	-3.14462	189.094	0	
-46.581	-3.22523	189.401	0	
-44.3451	-1.98125	187.835	0	
-46.4671	-0.773859	185.899	0	
-46.2535	-1.81386	186.169	0	
-48.355	-2.47693	187.933	0	
-48.7937	-2.66543	188.65	0	
-47.567	-3.36508	192.295	0	
-46.2781	-2.73119	187.156	0	
-48.6491	-2.04331	186.197	0	
-49.0247	-1.76925	186.333	0	
-49.0464	-3.1428	190.791	0	
-47.9556	-4.0819	200.975	0	
-48.3752	-3.38495	192.75	0	
-47.489	-4.67323	208.202	0	
-46.7397	-3.48222	192.329	0	
-45.857	-3.52917	191.28	0	
-47.944	-1.73212	187.16	0	
-48.5715	-0.469873	186.214	0	
-49.5805	-1.77665	187.379	0	
-50.3009	-2.49087	187.016	0	
-49.602	-3.38207	192.745	0	
-50.7923	-3.59868	195.15	0	
-48.6416	-3.85727	197.412	0	
-48.864	-4.52951	209.434	0	
-49.9371	-0.259918	187.261	0	
-48.7741	-1.36774	186.055	0	
-49.1958	-1.09726	187.467	0	
-50.8434	-1.07897	183.15	0	
-49.48	-2.50137	187.529	0	
-50.0246	-2.49594	187.803	0	
-50.2018	-0.667734	183.157	0	
-49.0996	-0.134928	187.259	0	
-49.8879	-1.36469	185.967	0	
-50.0276	-1.13079	186.639	0	
-50.6706	-0.582921	180.049	0	
-50.6796	-1.7654	184.92	0	
-51.2155	-3.1641	190.249	0	
-50.4839	-0.402071	178.568	0	
-50.8512	-1.37769	183.684	0	
-52.0865	-1.77515	185.271	0	
-51.1169	-2.41158	186.396	0	
-51.4698	-3.15411	190.285	0	
-50.5636	-4.06397	199.698	0	
-52.5122	-2.61047	186.895	0	
-51.7049	-1.96036	185.233	0	
-52.537	-2.88592	187.369	0	
-52.2786	-3.79896	196.536	0	
-51.1442	-3.81546	197.794	0	
-51.3006	-4.05016	199.412	0	
-52.3932	-1.35362	185.064	0	
-53.2228	-1.34408	184.042	0	
-53.1493	-2.86453	186.815	0	
-52.0837	-3.39188	191.988	0	
-50.4467	-4.28427	205.202	0	
-50.0433	-3.44871	193.272	0	
-51.912	-0.877813	185.467	0	
-52.8566	-0.634336	182.183	0	
-53.0061	-0.87505	182.727	0	
-53.3536	-0.619603	179.656	0	
-50.184	-4.69595	210.903	0	
-48.2158	-4.57336	207.19	0	
-51.5658	-1.33637	184.093	0	
-52.2213	-0.232076	189.116	0	
-54.4532	-1.85464	184.447	0	
-53.5889	-2.36188	185.274	0	
-53.4712	-0.138311	178.18	0	
-55.3125	-0.949021	184.444	0	
-49.9443	-5.56946	231.408	0	
-51.7972	-6.6724	267.368	0	
-49.2552	-4.99768	220.833	0	
-48.3443	-5.6361	234.237	0	
-46.1825	-2.98314	187.703	0	
-51.5657	-0.21422	182.005	0	
-47.9167	-0.233607	168.679	0	
-43.8844	-3.4642	189.527	0	
-48.4575	-6.41496	256.286	0	
-47.2343	-5.84125	234.661	0	
-45.904	-4.00308	197.026	0	
-44.877	-3.73939	193.574	0	
-46.4884	-4.90102	214.305	0	
-45.8903	-4.80003	210.568	0	
-46.4042	-5.41744	227.895	0	
-46.8605	-5.80684	237.016	0	
-44.7277	-5.33398	222.558	0	
-44.7101	-4.52065	204.962	0	
-47.1084	-4.70836	211.305	0	
-47.4125	-5.50348	231.789	0	
-46.8349	-6.84242	265.019	0	
-45.6554	-5.76019	232.117	0	
-45.715	-6.03571	244.174	0	
-44.4309	-6.81687	264.911	0	
-47.3654	-7.13788	280.806	0	
-44.9041	-7.4924	294.326	0	
-43.5231	-5.30685	218.437	0	
-42.7934	-4.32575	199.112	0	
-45.2411	-7.83041	304.326	0	
-45.4865	-6.24351	248.426	0	
-44.182	-7.3987	291.351	0	
-44.4701	-6.15977	246.735	0	
-45.0406	-6.64971	260.893	0	
-44.7758	-6.88406	270.847	0	
-43.8889	-8.41916	331.014	0	
-43.8568	-7.67646	300.754	0	
-48.5719	-7.01854	275.707	0	
-46.2822	-7.41228	288.634	0	
-43.1811	-3.30664	188.472	0	
-44.5946	-4.09684	197.145	0	
-44.9755	-9.42772	369.247	0	
-43.39	-7.04487	274.611	0	
-49.0189	-6.10885	246.368	0	
-49.7268	-8.10487	310.024	0	
-48.8791	-7.7827	303.577	0	
-45.8322	-8.56223	333.814	0	
-40.312	-5.7674	224.88	0	
-41.1274	-4.03753	192.554	0	
-54.6875	-0.215758	184.831	0	
-54.1791	-1.36612	184.463	0	
-55	-0.798148	183.91	0	
-54.2045	-1.11455	183.955	0	
-53.358	-1.1026	183.119	0	
-55.94	-0.184751	180.484	0	
-55	-0.399074	188.671	0	
-56.2525	-0.339879	182.959	0	
-55.3125	-0.183316	180.405	0	
-56.2465	-0.932695	183.416	0	
-55.4073	-1.34061	183.547	0	
-54.9035	-1.6154	184.24	0	
-45.3125	-0.119818	183.836	0	
-44.375	-0.360901	195.816	0	
-44.6875	-0.180445	202.513	0	
-44.0624	-0.902258	193.333	0	
-43.1174	-0.734678	189.07	0	
-45.7235	-1.18481	185.133	0	
-45.0555	-2.30928	186.67	0	
-44.0625	-1.27911	191.865	0	
-43.1174	-0.368047	192.447	0	
-44.4152	-2.5022	187.098	0	
-44.835	-1.42092	189.328	0	
-44.7047	-1.70582	188.951	0	
-43.741	-1.88478	188.746	0	
-42.8049	-0.187647	183.279	0	
-43.75	-0.360855	192.299	0	
-43.4354	-2.5671	187.157	0	
-43.3749	-2.12843	189.073	0	
-42.8011	-0.928997	198.428	0	
-41.6327	-1.12912	198.713	0	
-42.662	-1.37309	192.836	0	
-42.9638	-1.56932	193.307	0	
-41.9377	-0.436559	205.437	0	
-43.7499	-0.721768	191.204	0	
-43.4375	-0.907943	193.305	0	
-42.6645	-2.75975	187.374	0	
-41.9185	-1.76469	193.001	0	
-41.6252	-0.264307	205.753	0	
-42.4924	-0.3599	208.653	0	
-41.526	-3.50339	188.237	0	
-40.9093	-2.00076	191.79	0	
-42.0326	-2.22472	190.446	0	
-41.8645	-3.39054	188.311	0	
-41.2797	-1.71702	193.894	0	
-40.2168	-1.8833	191.562	0	
-42.0381	-1.07054	197.538	0	
-42.2036	-3.64694	189.351	0	
-40.8204	-1.69312	192.716	0	
-41.4116	-0.532928	195.358	0	
-42.1423	-0.811277	205.357	0	
-41.2435	-3.27208	186.98	0	
-39.4389	-3.24459	185.439	0	
-40.3198	-2.27428	190.388	0	
-40.1352	-2.97089	186.224	0	
-7.61665	-0.569762	214.776	0	
-5.94944	-1.05211	205.892	0	
-38.7836	-0.382852	202.905	0	
-6.66667	-0.301598	201.965	0	
-38.1225	-0.368067	197.234	0	
-38.4375	-0.183316	199.054	0	
-37.5781	-1.89538	191.387	0	
-37.7334	-0.962924	203.502	0	
-39.7604	-0.250939	225.379	0	
-39.4815	-0.450476	210.215	0	
-36.5864	-1.28622	204.252	0	
-37.4759	-0.374251	212.421	0	
-39.1012	-0.997684	204.192	0	
-38.6745	-1.85404	192.974	0	
-36.6011	-0.796175	213.617	0	
-36.8491	-0.354414	225.319	0	
-39.8045	-1.85176	193.882	0	
-37.9156	-2.79648	185.084	0	
-36.6983	-1.04988	207.094	0	
-36.1438	-0.98151	209.09	0	
-40.163	-0.402598	187.022	0	
-39.0961	-0.199537	211.063	0	
-40.8649	-0.862957	193.974	0	
-36.5063	-2.06809	192.077	0	
-34.561	-2.24215	188.996	0	
-40.611	-0.151659	188.691	0	
-40.2612	-1.18491	194.945	0	
-39.7936	-1.17375	202.349	0	
-40.4223	-0.845275	202.695	0	
-36.7956	-2.58019	186.427	0	
-36.6973	-3.26745	183.711	0	
-35.7612	-1.34119	203.032	0	
-35.4549	-1.89298	195.434	0	
-40.6927	-2.30073	187.992	0	
-39.5829	-2.58502	187.363	0	
-41.0362	-1.45827	194.478	0	
-40.5008	-1.60212	196.017	0	
-40.5449	-3.03318	185.211	0	
-40.0199	-2.56019	186.288	0	
-40.8835	-3.51237	187.245	0	
-39.0462	-4.55286	195.42	0	
-39.9827	-3.6828	187.157	0	
-36.3659	-4.58439	195.297	0	
-37.804	-1.73334	194.429	0	
-38.0817	-2.20838	188.612	0	
-37.1005	-1.89405	193.403	0	
-37.3188	-2.6529	185.452	0	
-36.5342	-3.89185	187.149	0	
-35.5424	-3.1721	183.426	0	
-38.6622	-3.35974	183.765	0	
-38.1862	-3.97042	188.694	0	
-37.826	-4.12675	190.142	0	
-37.1551	-6.25968	244.319	0	
-38.4122	-4.34297	191.052	0	
-38.8104	-6.49706	255.33	0	
-78.4375	-0.197993	198.429	0	
-77.4755	-0.657742	197.723	0	
-77.8125	-0.181202	202.18	0	
-78.125	-0.810711	198	0	
-77.0488	-1.05113	195.34	0	
-11.875	-0.165467	202.011	0	
-12.8627	-0.136275	253.567	0	
-11.4046	-1.30353	225.501	0	
-10.034	-0.746867	219.919	0	
83.1763	-0.5737	232.107	0	
83.345	-1.54021	217.355	0	
81.9635	-0.783538	237.025	0	
83.6996	-0.267479	234.852	0	
82.2954	-1.09072	232.819	0	
81.4252	-1.8112	218.853	0	
82.276	-0.233592	245.209	0	
82.9361	-1.46025	223.616	0	
81.2151	-0.382247	243.962	0	
81.5625	-0.183316	243.345	0	
80.6498	-1.89431	219.768	0	
81.5574	-0.916578	239.221	0	
80.972	-2.26027	212.882	0	
81.8655	-2.38548	209.716	0	
82.5034	-2.80679	202.28	0	
82.6486	-1.94325	212.911	0	
89.1712	-0.52121	229.09	0	
89.2119	-1.09913	216.82	0	
90.0415	-1.75663	208.632	0	
89.6231	-0.548463	219.383	0	
90.2112	-1.16326	205.837	0	
87.0721	-4.26054	196.98	0	
89.5162	-2.99091	204.74	0	
90.5257	-0.877314	209.13	0	
89.8314	-0.246865	240.185	0	
91.2101	-0.748879	209.441	0	
90.6943	-0.198932	192.448	0	
88.9708	-4.67136	196.895	0	
89.6449	-2.18948	208.894	0	
89.4077	-5.07331	196.528	0	
91.4971	-3.31698	204.514	0	
-9.05997	-0.184751	211.918	0	
-7.77353	-1.36909	217.211	0	
72.6411	-0.463959	221.423	0	
73.4005	-0.895475	230.804	0	
71.5625	-0.231865	234.912	0	
72.1841	-1.27537	216.997	0	
73.3678	-1.6377	217.691	0	
75.3102	-0.903557	230.235	0	
71.2182	-0.432276	227.369	0	
72.2245	-0.298492	229.451	0	
71.3422	-1.43906	216.189	0	
70.2418	-0.249876	249.49	0	
70.5225	-0.450286	214.896	0	
69.8252	-0.249876	199.497	0	
70.9057	-0.20041	240.148	0	
69.7824	-1.18121	216.749	0	
72.2922	-1.97487	209.338	0	
72.631	-1.26208	218.827	0	
72.0662	-2.44628	205.86	0	
72.9516	-2.36539	209.435	0	
70.9558	-1.42576	219.121	0	
72.7139	-2.69643	204.933	0	
73.3721	-2.40726	208.496	0	
73.5905	-2.0227	215.863	0	
71.8217	-3.53944	202.225	0	
72.1368	-3.21529	203.336	0	
72.0021	-4.07137	203.653	0	
72.5386	-3.97963	202.717	0	
73.6065	-3.65853	202.398	0	
72.9196	-3.15932	203.862	0	
70.9613	-4.44113	205.899	0	
71.8576	-4.8104	207.807	0	
73.3368	-3.22633	203.402	0	
73.5515	-2.80531	206.622	0	
74.1867	-1.65282	223.166	0	
73.6189	-1.26211	228.885	0	
73.4736	-4.13867	202.796	0	
74.2542	-2.44947	210.653	0	
73.8947	-4.60464	202.184	0	
74.3283	-3.2682	203.469	0	
74.1083	-3.65227	202.231	0	
75.157	-2.80536	207.199	0	
72.5816	-5.2668	207.241	0	
77.5613	-3.77367	197.948	0	
75.8198	-2.06424	213.172	0	
74.7525	-2.38337	210.356	0	
75.8345	-3.68774	200.294	0	
75.7034	-2.59707	209.436	0	
69.5041	-1.93261	208.273	0	
70.4986	-2.68155	204.544	0	
70.7844	-5.20954	210.76	0	
71.548	-5.4331	211.147	0	
72.372	-8.01445	216.176	0	
72.9274	-4.91234	205.179	0	
75.546	-5.42413	201.412	0	
76.0069	-6.67836	206.362	0	
75.8639	-4.59473	198.809	0	
76.3621	-4.86154	198.559	0	
-5.9375	-0.215758	209.65	0	
-5.5365	-0.945766	208.81	0	
-5.19823	-1.29455	204.869	0	
-4.28887	-0.394228	193.071	0	
-5.68805	-2.15409	206.913	0	
-3.83742	-2.77887	208.111	0	
-4.01393	-0.210912	187.818	0	
-4.87393	-0.481807	174.232	0	
-3.97195	-1.03693	201.264	0	
-3.125	-0.167706	202.503	0	
-3.1915	-1.04502	207.842	0	
-3.55529	-0.838001	193.821	0	
-3.1915	-1.54547	199.758	0	
-4.28887	-0.760859	189.298	0	
-4.64993	-0.183316	190.079	0	
-6.3661	-0.922193	205.597	0	
-6.18498	-2.96091	206.321	0	
-4.86461	-2.4373	206.381	0	
-3.60144	-1.87211	206.456	0	
-4.10739	-1.39177	198.562	0	
-2.77539	-1.70887	208.094	0	
-1.95548	-0.889742	185.072	0	
-6.77732	-1.21876	206.721	0	
-6.42643	-2.15593	208.941	0	
-5.97798	-1.44092	207.391	0	
-6.39465	-1.67756	207.778	0	
-2.70575	-2.18197	203.967	0	
-1.91299	-2.27351	203.712	0	
-3.53709	-2.33433	206.005	0	
-2.75738	-3.27884	210.825	0	
-1.40726	-2.55819	207.062	0	
-1.48248	-1.67461	200.352	0	
-4.27147	-2.82752	208.159	0	
-3.10228	-3.02798	208.05	0	
-2.67434	-4.21944	207.485	0	
-2.59012	-3.79812	209.567	0	
-1.40599	-3.35175	209.796	0	
-1.16122	-3.03628	207.943	0	
-4.6275	-3.23207	207.583	0	
-4.36656	-4.00009	207.399	0	
-5.10128	-2.64909	207.477	0	
-6.70689	-2.38736	208.406	0	
-5.16168	-4.70579	199.605	0	
-3.53667	-5.00802	202.294	0	
-3.30572	-4.27706	207.336	0	
-2.33008	-5.36905	201.259	0	
-1.14997	-3.81412	209.626	0	
-1.93039	-3.35488	210.725	0	
-2.12349	-4.75686	208.319	0	
-1.58053	-4.05509	210.476	0	
-0.550759	-3.99195	210.423	0	
-0.33221	-2.69157	203.777	0	
-0.555312	-5.71226	204.165	0	
-0.396162	-4.59476	209.08	0	
-1.00001	-4.94678	209.69	0	
1.18644	-5.0531	207.961	0	
-0.246719	-3.59768	208.666	0	
0.536382	-2.8933	204.794	0	
-7.85143	-3.22847	204.315	0	
-7.53012	-3.85346	200.356	0	
-1.47884	-5.71617	201.126	0	
0.636869	-5.49917	206.619	0	
74.9706	-0.377855	227.394	0	
75.625	-0.360901	238.288	0	
75.3125	-0.180445	242.137	0	
75.9376	-0.902258	233.849	0	
76.8826	-0.734678	245.345	0	
74.4497	-0.197411	247.206	0	
74.6657	-1.0122	227.172	0	
75.9375	-1.27911	233.573	0	
76.8826	-0.368047	237.781	0	
74.3186	-0.948471	239.005	0	
74.9918	-1.96037	217.267	0	
75.625	-1.46	223.232	0	
76.259	-1.88478	221.084	0	
77.1951	-0.187647	249.296	0	
76.25	-0.360855	242.475	0	
75.5127	-1.84953	220.777	0	
75.3101	-1.26491	230.302	0	
76.5502	-2.58185	208.599	0	
76.6251	-2.12843	213.191	0	
77.1989	-0.928997	227.512	0	
78.2004	-0.878194	238.273	0	
77.7547	-1.43797	227.253	0	
77.0362	-1.56932	219.991	0	
78.2004	-0.446678	227.546	0	
76.2501	-0.721768	245.988	0	
76.5625	-0.907943	233.473	0	
77.6651	-2.33095	208.154	0	
78.0996	-2.1894	215.069	0	
78.5129	-0.274425	243.659	0	
77.5076	-0.3599	221.769	0	
78.5576	-2.41566	209.735	0	
78.9968	-1.0609	240.643	0	
78.4721	-1.57581	226.201	0	
79.1379	-0.576024	241.561	0	
77.8163	-0.978487	225.45	0	
78.5802	-1.19082	226.942	0	
78.8887	-1.81245	218.185	0	
-10.0296	-0.380562	219.497	0	
-9.37247	-0.368067	213.255	0	
-9.6875	-0.183316	202.198	0	
-9.05534	-0.920708	217.061	0	
-8.79647	-0.389162	219.409	0	
-10.5504	-0.197247	252.665	0	
-11.0366	-1.34697	217.781	0	
-9.05924	-1.39588	215.5	0	
-8.04628	-0.993862	220.8	0	
-10.7402	-0.970693	230.215	0	
-9.37893	-1.59524	216.552	0	
-9.69453	-1.30162	216.008	0	
-8.66172	-2.69753	209.715	0	
-10.3436	-1.3749	221.799	0	
-9.247	-2.45625	210.172	0	
-10.0094	-1.81236	215.47	0	
-9.941	-2.86276	205.118	0	
-10.1752	-4.0234	192.088	0	
-9.20604	-3.70579	198.659	0	
-11.4173	-2.78644	208.855	0	
-10.2191	-3.25278	201.589	0	
-10.963	-3.5984	194.981	0	
-10.2579	-5.17118	180.85	0	
-11.6855	-3.79456	191.748	0	
-10.6922	-3.20982	203.076	0	
-8.95331	-4.68962	188.13	0	
-8.10503	-3.03469	206.344	0	
-12.2713	-4.00889	190.136	0	
-10.7453	-4.07655	192.982	0	
-9.02935	-5.17462	184.94	0	
-11.7281	-4.19373	190.057	0	
-11.4503	-4.42507	185.592	0	
-10.1349	-5.69208	180.1	0	
-8.3845	-3.1498	205.415	0	
-8.00775	-1.98961	213.62	0	
-8.50327	-5.04871	186.827	0	
-7.90725	-3.66106	201.586	0	
-11.3439	-6.75044	176.436	0	
-9.05958	-6.98218	174.783	0	
-8.34803	-4.0535	197.112	0	
-7.28545	-3.27351	204.978	0	
-7.72954	-5.48564	188.096	0	
-6.34383	-4.49065	197.848	0	
-6.78455	-3.36778	204.651	0	
-7.18305	-2.58213	208.485	0	
-6.55029	-3.31356	205.623	0	
-5.43877	-3.07932	207.415	0	
-6.41324	-4.0378	201.032	0	
-6.01043	-4.72004	198.768	0	
63.1763	-0.5737	206.491	0	
63.4718	-1.08497	201.277	0	
61.5625	-0.215758	192.542	0	
63.6996	-0.267479	200.609	0	
62.2901	-1.16738	194.848	0	
61.25	-0.399074	198.287	0	
62.2548	-0.248238	186.272	0	
61.2477	-0.812943	196.332	0	
60.8095	-2.4026	197.489	0	
63.0693	-1.64065	197.77	0	
61.706	-2.49215	198.701	0	
62.8107	-2.22493	197.117	0	
60.4246	-2.86581	199.97	0	
62.298	-4.82225	221.34	0	
-1.85037e-17	-0.36376	195.158	0	
0.626088	-0.368884	184.184	0	
0.3125	-0.183316	180.312	0	
1.25109	-0.401327	179.889	0	
0.938588	-0.185568	180.805	0	
-0.93752	-0.180456	184.029	0	
-0.62502	-0.360901	194.357	0	
-0.315206	-1.28335	191.95	0	
0.3125	-0.913707	190.87	0	
-1.28338	-0.380108	191.101	0	
-0.3125	-0.180445	188.575	0	
-0.960814	-1.2729	193.458	0	
-0.65228	-1.47144	198.878	0	
0.00349602	-1.88463	197.181	0	
-2.23462	-0.258574	175.16	0	
-2.3431	-1.10802	206.659	0	
-0.93626	-0.901508	194.384	0	
-1.14365	-2.15056	203.138	0	
0.218351	-2.58258	201.973	0	
0.698003	-1.50076	192.408	0	
-1.28212	-0.74027	185.96	0	
-1.5946	-0.991331	196.018	0	
1.10775	-2.45033	196.867	0	
1.90966	-2.05619	191.158	0	
1.35989	-1.88574	191.988	0	
1.54931	-1.01903	183.265	0	
-1.95548	-0.458226	196.783	0	
-1.59586	-0.199652	179.322	0	
-2.65128	-0.42628	220.789	0	
58.44	-0.184751	192.474	0	
59.4852	-1.28727	193.703	0	
59.6143	-2.16007	194.427	0	
59.599	-0.53519	195.325	0	
60.2005	-1.0851	196.734	0	
59.9059	-2.26928	196.226	0	
61.8946	-2.1618	195.418	0	
59.4112	-2.60501	197.197	0	
59.5021	-3.28051	203.876	0	
61.769	-1.9385	196.089	0	
61.3379	-1.64663	195.574	0	
58.4432	-1.28086	192.337	0	
58.304	-3.03353	201.586	0	
60.3316	-3.8842	211.347	0	
61.1752	-3.52429	205.388	0	
57.654	-1.31205	191.701	0	
57.807	-1.61375	190.989	0	
58.3931	-3.28595	205.745	0	
58.1905	-3.52965	207.897	0	
59.1783	-3.66786	209.069	0	
61.2491	-9.60279	185.083	0	
60.9092	-3.66724	208.462	0	
60.8715	-5.39702	230.502	0	
56.3535	-1.48281	189.593	0	
57.0199	-3.09006	202.341	0	
57.6554	-2.66022	197.851	0	
56.7259	-4.05607	218.08	0	
61.5928	-4.17314	213.033	0	
60.8965	-4.049	213.975	0	
58.4461	-6.01874	235.606	0	
59.6531	-4.20155	214.852	0	
56.6038	-2.38575	195.282	0	
56.3726	-3.8076	215.491	0	
59.8074	-0.233592	182.669	0	
59.7838	-1.02007	190.617	0	
60.9352	-0.963816	197.441	0	
60.5365	-0.783538	200.116	0	
60.5365	-0.416907	198.067	0	
63.7106	-5.78106	230.663	0	
65.1183	-4.26407	215.148	0	
60.807	-6.72662	231.052	0	
62.2868	-6.47416	233.073	0	
63.8126	-5.33477	225.839	0	
64.4636	-7.20132	230.943	0	
57.4664	-0.382852	191.196	0	
58.1275	-0.368067	196.701	0	
57.8125	-0.183316	195.527	0	
58.4456	-0.921265	194.325	0	
58.8567	-0.486349	196.439	0	
56.4752	-0.398585	186.604	0	
55.803	-0.28191	190.74	0	
58.169	-1.5793	192.959	0	
58.7853	-1.41502	193.039	0	
56.9457	-0.841812	188.912	0	
57.2373	-1.37694	189.031	0	
58.5223	-1.97277	194.411	0	
58.813	-1.69909	192.746	0	
56.8982	-1.58205	191.033	0	
57.7685	-2.20033	194.483	0	
56.5071	-0.996999	187.228	0	
57.1539	-0.199537	182.623	0	
56.581	-0.759132	187.627	0	
55.9945	-1.9052	192.692	0	
56.3225	-1.03529	188.658	0	
55.5764	-2.20747	195.439	0	
56.9351	-1.91308	190.553	0	
55.4184	-2.07139	194.275	0	
56.0196	-3.21048	206.157	0	
56.082	-2.28866	196.198	0	
56.2283	-2.79479	200.694	0	
4.6875	-0.183316	189.197	0	
3.64583	-0.517356	177.064	0	
3.6339	-0.922193	180.8	0	
4.375	-0.83059	183.709	0	
5.20291	-1.7956	187.203	0	
4.89602	-1.16663	183.297	0	
6.1145	-1.69354	187.262	0	
3.3214	-1.37459	182.575	0	
3.59752	-1.7422	185.882	0	
3.53827	-2.24914	191.183	0	
5.66749	-1.49851	182.889	0	
2.38614	-1.88588	189.048	0	
3.31909	-4.02854	206.297	0	
4.37253	-2.25942	191.301	0	
4.79519	-2.50633	194.729	0	
2.30647	-2.86267	199.765	0	
2.68551	-3.13063	199.834	0	
3.95113	-3.00467	197.91	0	
3.53047	-3.19861	199.953	0	
5.35201	-0.640668	173.587	0	
4.78624	-1.55896	185.297	0	
4.38915	-3.28676	201.462	0	
5.71967	-3.06116	199.286	0	
1.58327	-2.84062	200.71	0	
1.8547	-3.47808	204.413	0	
3.28147	-3.6161	203.648	0	
3.13224	-2.92182	198.377	0	
5.27663	-3.32607	202.84	0	
4.81561	-3.02665	198.733	0	
6.21395	-3.37727	204.348	0	
6.54015	-0.926407	180.417	0	
2.07751	-3.79904	205.827	0	
1.52172	-3.6541	204.953	0	
4.76468	-4.65043	208.702	0	
5.70801	-4.73838	209.567	0	
6.81684	-2.6609	197.634	0	
7.81057	-1.04236	185.04	0	
3.80724	-4.5796	207.992	0	
3.72022	-5.20681	209.568	0	
6.35377	-5.35122	212.464	0	
7.50857	-3.6796	206.131	0	
7.35813	-2.16501	194.221	0	
9.11716	-1.70811	185.163	0	
2.75135	-4.25861	206.444	0	
2.40814	-3.85616	205.039	0	
2.78592	-7.06286	203.542	0	
6.57125	-6.43093	211.414	0	
6.22212	-3.94875	206.31	0	
7.18923	-4.46957	210.644	0	
7.67826	-2.02938	188.868	0	
7.61774	-2.80467	199.153	0	
7.76212	-4.15756	209.768	0	
8.70981	-3.25832	203.544	0	
9.30776	-3.97654	208.353	0	
8.89336	-2.80452	200.388	0	
9.2059	-4.31373	209.646	0	
10.2217	-3.98026	208.026	0	
8.88629	-4.43005	210.774	0	
9.43852	-4.8207	211.561	0	
11.4784	-4.15997	206.801	0	
11.7451	-3.53197	202.475	0	
7.84869	-4.49813	210.942	0	
7.58971	-4.6532	212	0	
9.20227	-6.36551	210.892	0	
10.8863	-5.00732	210.986	0	
10.5707	-4.83183	210.515	0	
11.943	-3.72373	204.482	0	
11.3423	-5.70349	211.061	0	
12.1578	-5.88308	209.875	0	
12.3238	-3.63397	203.389	0	
11.4677	-2.26874	191.097	0	
12.5559	-6.05917	210.296	0	
14.9279	-4.85181	206.302	0	
15.6638	-6.40445	206.934	0	
13.2625	-5.35174	208.544	0	
12.987	-4.65917	207.316	0	
12.9388	-5.51572	209.854	0	
6.91404	-4.66538	211.232	0	
7.91464	-6.35047	210.715	0	
13.5663	-4.67396	206.618	0	
13.6086	-2.61445	193.51	0	
5.60673	-5.98525	211.282	0	
7.55342	-6.56546	211.614	0	
8.84437	-6.87439	209.15	0	
8.51701	-5.9798	213.326	0	
7.50876	-8.61878	197.188	0	
9.62781	-7.56695	206.468	0	
50.1689	-0.24262	197.151	0	
51.765	-0.551465	187.653	0	
51.6146	-0.397718	187.472	0	
52.0717	-0.721801	188.308	0	
52.6973	-0.726917	187.938	0	
49.4081	-0.794172	199.106	0	
51.6679	-1.08775	190.669	0	
51.992	-1.28562	191.315	0	
52.9011	-0.737381	188.728	0	
50.6084	-0.935164	193.927	0	
51.7765	-1.65249	193.027	0	
51.3434	-1.2807	191.918	0	
52.2839	-1.88377	194.394	0	
53.3142	-0.746064	186.94	0	
52.3933	-0.546575	187.474	0	
50.2089	-1.12909	194.953	0	
50.1711	-1.59246	196.791	0	
50.9696	-1.17605	191.72	0	
50.9959	-1.80565	195.11	0	
52.9841	-2.34697	197.557	0	
53.5934	-1.23277	188.584	0	
53.636	-0.589052	185.357	0	
50.2156	-0.908964	196.05	0	
49.9879	-1.48021	196.28	0	
51.3437	-1.97963	195.79	0	
50.7376	-2.75719	201.579	0	
54.2177	-2.36522	196.866	0	
53.9418	-1.43027	189.949	0	
53.0072	-1.26187	189.507	0	
53.8955	-0.779463	186.129	0	
52.9569	-1.91362	194.211	0	
54.0142	-2.15387	196.65	0	
53.0205	-0.582629	186.916	0	
52.7165	-0.307466	187.129	0	
49.0122	-0.172187	198.983	0	
48.9045	-0.76338	198.75	0	
49.7641	-1.59361	197.601	0	
49.8412	-2.38118	199.565	0	
50.7873	-2.51232	200.426	0	
51.6308	-2.18796	196.887	0	
52.4626	-4.25581	221.716	0	
53.4116	-2.95106	203.867	0	
49.9764	-1.98019	197.874	0	
49.948	-2.62076	200.871	0	
51.1184	-3.15748	206.954	0	
51.7174	-2.40464	198.657	0	
48.3001	-0.635554	198.158	0	
49.3127	-1.77564	197.908	0	
48.9397	-1.48106	198.198	0	
49.029	-1.88956	198.254	0	
49.4917	-2.92268	203.073	0	
50.2211	-2.63771	200.477	0	
50.1047	-3.43116	208.359	0	
51.5853	-3.70816	214.033	0	
48.4681	-1.26247	198.377	0	
48.384	-2.11549	198.942	0	
48.2494	-2.577	201.11	0	
48.4752	-2.49677	200.409	0	
48.9477	-2.78128	202.014	0	
49.8444	-3.38468	207.893	0	
51.1728	-4.27444	220.405	0	
50.7784	-3.35775	207.046	0	
48.1912	-0.946291	198.059	0	
47.4671	-1.46608	201.298	0	
48.4328	-0.134359	197.25	0	
47.5213	-0.422041	203.693	0	
46.827	-1.55468	203.257	0	
47.2316	-2.57548	202.031	0	
47.7854	-2.60933	201.484	0	
47.6477	-3.03667	203.76	0	
48.2142	-3.9873	210.974	0	
48.9902	-3.42712	207.304	0	
46.5625	-0.178164	210.602	0	
46.87	-0.39152	210.318	0	
46.4238	-1.78642	203.915	0	
46.2399	-1.89847	203.38	0	
47.2273	-3.04983	203.975	0	
47.2115	-3.26688	205.251	0	
48.4769	-4.90645	219.468	0	
49.3076	-4.36482	216.467	0	
45.2429	-0.15105	204.332	0	
47.1825	-0.213356	210.657	0	
46.7942	-0.706134	208.84	0	
44.6286	-1.37137	209.469	0	
45.8293	-2.14305	204.122	0	
46.4582	-1.03065	207.182	0	
45.0332	-1.11394	206.023	0	
45.612	-2.24529	203.312	0	
46.7282	-3.23769	205.399	0	
46.6417	-2.73575	202.906	0	
46.5722	-3.6175	207.521	0	
47.263	-3.968	210.05	0	
48.3691	-4.61686	216.741	0	
45.17	-2.4352	204.075	0	
45.1589	-2.93753	203.941	0	
45.7709	-3.8433	208.663	0	
46.2768	-4.40724	212.24	0	
46.6683	-4.3571	212.257	0	
47.5222	-4.89744	217.272	0	
45.189	-2.20571	203.426	0	
44.7721	-2.17463	203.488	0	
44.1753	-2.63641	203.124	0	
44.9257	-4.32822	210.336	0	
45.457	-3.56921	206.962	0	
45.1406	-4.40134	210.702	0	
44.1595	-4.55767	210.056	0	
45.5235	-4.32056	210.679	0	
45.6362	-3.98339	209.046	0	
44.3412	-3.17994	204.019	0	
45.6135	-5.05331	215.018	0	
47.2912	-4.42329	213.792	0	
46.4047	-5.50262	218.403	0	
46.7825	-5.16219	217.449	0	
45.2306	-1.73102	206.043	0	
45.2586	-1.47231	204.973	0	
44.4575	-1.86562	204.355	0	
43.9196	-2.3352	203.202	0	
44.923	-0.353899	205.459	0	
44.1327	-0.181869	223.867	0	
44.6098	-1.18287	207.32	0	
44.5111	-0.717919	219.725	0	
44.0098	-1.54439	207.313	0	
43.3439	-1.97169	204.469	0	
42.6468	-2.6945	202.46	0	
43.8775	-2.98356	203.281	0	
42.8282	-3.77619	203.903	0	
42.9232	-3.19917	202.516	0	
51.0066	-5.35413	228.699	0	
50.6852	-4.49601	220.888	0	
50.9519	-6.32482	231.881	0	
54.152	-5.35542	237.111	0	
52.8403	-4.80657	228.213	0	
53.4146	-3.66437	214.47	0	
8.4375	-0.183316	161.523	0	
6.87609	-0.735515	174.356	0	
7.25824	-1.36305	182.309	0	
8.125	-0.83059	168.992	0	
9.50737	-1.10425	181.51	0	
9.10201	-0.640668	173.34	0	
10.2749	-1.0645	179.022	0	
10.9375	-0.183316	168.132	0	
10	-0.335576	179.872	0	
9.62995	-0.624992	176.245	0	
10.625	-0.83059	174.053	0	
11.4523	-1.79932	186.122	0	
11.1438	-1.16663	178.107	0	
12.7913	-0.91448	178.239	0	
9.16782	-0.968233	174.704	0	
10.6272	-2.26802	191.772	0	
9.82492	-1.75947	188.608	0	
9.39601	-2.38821	194.931	0	
11.0511	-2.51725	194.084	0	
11.9164	-1.49519	181.384	0	
9.47834	-3.11815	202.999	0	
10.2307	-2.4927	195.126	0	
10.7391	-3.0862	200.801	0	
12.3169	-2.98891	198.077	0	
11.602	-0.640668	170.629	0	
11.0356	-1.56268	183.041	0	
15.3125	-0.215758	181.878	0	
15.9097	-1.06531	181.764	0	
16.1852	-0.932283	177.841	0	
17.3169	-0.848799	184.076	0	
14.7357	-1.30309	181.805	0	
15.625	-0.396018	179.559	0	
15.625	-0.827535	179.42	0	
13.75	-0.36376	172.008	0	
14.3761	-0.368884	175.357	0	
14.0625	-0.183316	166.919	0	
15.0011	-0.401327	186.265	0	
14.6886	-0.185568	168.579	0	
12.8125	-0.180456	175.18	0	
13.125	-0.360901	174.675	0	
13.4348	-1.28335	179.357	0	
14.0625	-0.913707	178.491	0	
12.1875	-0.119818	170.853	0	
13.4375	-0.180445	169.281	0	
12.4788	-0.673409	176.494	0	
12.7899	-1.27398	181.745	0	
13.7535	-1.88463	187.121	0	
11.9164	-1.06667	179.471	0	
12.4839	-2.00476	187.297	0	
12.5322	-2.66998	194.537	0	
13.4442	-2.94979	197.795	0	
14.0261	-2.53052	193.473	0	
14.1248	-2.12441	190.886	0	
12.3732	-1.58124	185.692	0	
13.002	-1.8953	188.047	0	
15.2107	-3.12761	200.291	0	
14.448	-1.50076	186.625	0	
15.0072	-2.40481	192.94	0	
15.2993	-1.01903	182.735	0	
16.318	-3.50369	201.321	0	
15.6855	-1.76843	190.03	0	
21.25	-0.36376	188.994	0	
21.8775	-0.368067	188.786	0	
21.5625	-0.183316	174.978	0	
22.1947	-0.920708	197.196	0	
23.2035	-0.887752	197.286	0	
20.3125	-0.180456	187.862	0	
20.625	-0.360901	195.54	0	
20.9348	-1.28335	188.089	0	
21.5625	-0.913707	191.931	0	
22.252	-1.41957	191.567	0	
23.2035	-0.456235	203.66	0	
19.1667	-0.240517	166.447	0	
20.9375	-0.180445	181.76	0	
20.2457	-1.2956	188.139	0	
20.5599	-1.49081	194.907	0	
21.2535	-1.88463	192.415	0	
23.516	-0.278594	198.884	0	
22.5025	-0.362392	205.812	0	
17.4706	-0.413249	185.286	0	
19.8509	-1.39699	187.071	0	
20.308	-0.904829	193.818	0	
19.8088	-2.01013	193.282	0	
22.1489	-2.30644	198.074	0	
21.9465	-1.61967	197.58	0	
19.8913	-0.784456	175.803	0	
19.2221	-1.01586	176.232	0	
20.2014	-2.08993	197.121	0	
20.2619	-2.48451	197.507	0	
19.1262	-2.49365	195.434	0	
20.7979	-2.83324	199.225	0	
20.8517	-4.01577	202.766	0	
22.0005	-2.90728	198.871	0	
18.7103	-4.09024	204.582	0	
20.4568	-3.26943	200.563	0	
19.7965	-2.75042	198.284	0	
20.4265	-3.72549	202.087	0	
19.8915	-3.17237	200.747	0	
19.5788	-3.51605	202.256	0	
18.9834	-3.55184	202.261	0	
19.0369	-4.5526	204.445	0	
23.5346	-1.22717	196.089	0	
24.0369	-0.629004	194.388	0	
22.8171	-0.978483	200.487	0	
23.2902	-1.57085	198.026	0	
24.6102	-1.60808	199.166	0	
18.5688	-3.15903	201.484	0	
19.5833	-0.240517	159.51	0	
17.9919	-3.30825	201.576	0	
18.2701	-5.35571	206.098	0	
22.0117	-5.18178	200.936	0	
17.9458	-2.43448	196.407	0	
17.1178	-3.97865	203.844	0	
20.1	-4.96066	203.719	0	
22.3647	-4.39134	200.752	0	
18.0499	-4.26705	204.671	0	
17.6493	-6.95389	204.599	0	
16.8536	-3.50878	202.275	0	
17.6531	-2.92349	200.081	0	
15.5729	-2.92389	196.899	0	
14.271	-5.04329	208.158	0	
16.5331	-6.60206	206.093	0	
15.97	-4.0244	204.442	0	
16.2006	-4.54575	205.898	0	
17.7922	-4.89616	205.917	0	
15.4781	-5.40574	208.367	0	
17.0365	-7.16423	204.964	0	
17.1834	-5.02323	206.587	0	
16.5816	-5.87943	207.628	0	
20.4099	-6.04333	203.007	0	
21.3369	-6.52318	201.481	0	
14.89	-4.08312	205.486	0	
14.3442	-2.84125	196.244	0	
17.6691	-6.21663	206.448	0	
17.1047	-5.70434	206.578	0	
16.0772	-7.81421	202.772	0	
16.6138	-9.04928	199.952	0	
16.0481	-5.24917	206.918	0	
14.8555	-6.54091	207.272	0	
12.7916	-6.77289	208.8	0	
14.3707	-7.5589	204.816	0	
18.4375	-0.183316	180.907	0	
18.6794	-0.496377	172.786	0	
16.8632	-0.931533	177.613	0	
18.125	-0.83059	182.345	0	
18.6023	-1.24675	184.312	0	
16.9498	-0.197491	168.915	0	
16.5523	-1.18757	184.124	0	
17.167	-1.70486	191.851	0	
17.6587	-1.08282	187.518	0	
17.2902	-2.11305	192.909	0	
17.7666	-2.11898	194.672	0	
16.8918	-2.32826	195.38	0	
17.1432	-3.02324	199.795	0	
18.7095	-2.74216	198.749	0	
18.6607	-1.98788	192.244	0	
19.647	-1.70166	193.927	0	
18.9919	-0.553578	183.288	0	
151.252	-0.364992	214.707	0	
152.151	-0.895475	211.031	0	
150.361	-0.573439	215.306	0	
151.263	-1.39169	212.435	0	
152.369	-1.26208	211.852	0	
153.49	-1.43307	210.886	0	
152.114	-1.63768	210.388	0	
152.957	-1.64504	210.708	0	
151.699	-1.67606	211.024	0	
152.116	-2.40408	209.966	0	
151.59	-1.03039	212.915	0	
151.041	-2.05163	210.442	0	
152.464	-3.10954	210.828	0	
153.117	-2.78784	212.146	0	
150.463	-2.38597	208.827	0	
151.02	-2.80138	208.816	0	
151.643	-3.33134	209.489	0	
152.67	-5.10323	213.27	0	
150.404	-1.62623	211.912	0	
150.833	-3.14359	208.044	0	
153.531	-3.24083	213.152	0	
153.778	-2.37068	212.366	0	
150.004	-3.34356	206.74	0	
151.357	-3.73284	209.165	0	
152.816	-1.27537	209.895	0	
153.088	-0.530357	208.454	0	
154.375	-0.721791	211.925	0	
154.566	-2.07256	214.03	0	
153.879	-2.03324	212.465	0	
154.324	-3.67362	216.28	0	
154.009	-2.55807	213.9	0	
149.057	-1.4048	208.91	0	
149.264	-2.84749	205.373	0	
153.475	-4.11397	214.99	0	
156.753	-6.22366	226.556	0	
148.934	-2.83548	205.342	0	
148.683	-3.86649	203.37	0	
146.996	-3.25682	201.146	0	
149.097	-5.13753	205.963	0	
40.0036	-0.361702	219.703	0	
40.6261	-0.368884	227.945	0	
40.3125	-0.183316	229.453	0	
41.2511	-0.401327	227.805	0	
40.9386	-0.185568	227.384	0	
39.0765	-0.230585	228.044	0	
39.3427	-0.779989	224.505	0	
149.375	-0.165467	206.729	0	
39.6911	-0.178386	224.843	0	
148.44	-0.184751	205.581	0	
150.25	-1.25657	213.395	0	
150.459	-0.938054	214.525	0	
135.94	-0.184751	213.214	0	
136.729	-1.71524	204.257	0	
137.103	-2.21399	201.663	0	
137.097	-0.534062	202.963	0	
137.701	-1.07823	205.037	0	
137.457	-2.6818	199.919	0	
137.403	-2.33197	200.453	0	
136.257	-2.23657	200.831	0	
135.025	-3.14108	200.359	0	
138.136	-4.36395	197.438	0	
138.812	-3.33551	198.893	0	
137.306	-0.232463	214.056	0	
137.284	-1.01894	209.212	0	
138.438	-0.902224	208.132	0	
138.035	-0.773798	207.63	0	
138.035	-0.412908	208.527	0	
138.438	-1.27908	207.216	0	
139.383	-0.368081	212.278	0	
137.815	-1.44623	206.602	0	
138.759	-1.88478	204.382	0	
139.695	-0.187659	212.751	0	
138.75	-0.360867	210.937	0	
139.086	-2.54933	201.083	0	
139.125	-2.12847	203.689	0	
139.699	-0.92903	210.089	0	
140.7	-0.878155	208.887	0	
139.838	-1.37314	208.217	0	
139.536	-1.56937	206.59	0	
140.7	-0.446639	210.071	0	
138.75	-0.721756	210.005	0	
139.063	-0.907943	209.87	0	
139.835	-2.75977	200.327	0	
140.582	-1.7647	205.166	0	
141.013	-0.274407	208.473	0	
140.008	-0.35989	212.581	0	
140.239	-3.22457	198.601	0	
141.326	-2.36218	201.766	0	
140.467	-2.22473	202.953	0	
140.795	-2.58558	201.067	0	
140.963	-1.6295	205.836	0	
141.638	-0.576006	209.669	0	
140.316	-0.978488	209.506	0	
139.562	-3.68866	197.743	0	
141.993	-4.27456	196.759	0	
141.379	-1.86613	204.743	0	
141.674	-1.46632	206.758	0	
140.713	-3.14995	199	0	
141.732	-3.01961	199.149	0	
137.842	-4.63724	197.444	0	
140.111	-3.72074	197.513	0	
143.715	-0.382247	209.215	0	
144.378	-0.368067	208.013	0	
144.062	-0.183316	208.477	0	
144.758	-1.44766	208.267	0	
144.767	-0.962924	208.497	0	
143.224	-1.71596	205.918	0	
144.057	-0.916578	208.713	0	
145.998	-1.6089	206.742	0	
145.024	-0.374251	210.353	0	
143.545	-2.46139	201.178	0	
145.175	-1.74918	205.185	0	
145.555	-0.957315	211.172	0	
145.655	-0.356232	216.931	0	
145.638	-1.43597	209.716	0	
146.823	-0.861103	217.224	0	
144.123	-2.30376	202.165	0	
144.613	-2.65462	200.665	0	
144.331	-3.39179	198.213	0	
146.177	-3.22913	200.32	0	
142.971	-4.84025	196.86	0	
142.523	-5.83412	197.783	0	
145.87	-2.4734	201.955	0	
145.858	-3.42649	199.263	0	
134.966	-0.382852	202.409	0	
135.628	-0.368067	208.73	0	
135.312	-0.183316	212.582	0	
135.946	-0.921265	207.518	0	
136.357	-0.486349	210.588	0	
133.994	-0.25226	203.114	0	
133.577	-0.25226	209.343	0	
134.769	-1.47589	202.811	0	
135.307	-0.916578	204.667	0	
135.989	-1.58615	203.781	0	
136.526	-1.41697	204.747	0	
134.244	-1.69364	202.812	0	
135.685	-3.0164	199.799	0	
135.661	-1.58616	203.544	0	
135.382	-2.31168	200.839	0	
134.273	-0.883313	204.104	0	
134.654	-0.199537	201.254	0	
134.273	-0.451797	204.165	0	
133.712	-1.81405	203.211	0	
133.95	-1.16865	204.768	0	
133.422	-2.5023	202.102	0	
134.271	-2.55626	201.808	0	
132.769	-1.9034	203.287	0	
132.924	-2.9253	201.798	0	
134.01	-3.65925	201.204	0	
133.954	-2.65225	201.586	0	
133.951	-5.94824	203.022	0	
135.116	-4.29888	200.192	0	
131.429	-7.177	206.006	0	
135.212	-5.07502	200.319	0	
135.469	-4.4602	199.537	0	
135.388	-3.28988	199.598	0	
134.569	-6.64303	203.797	0	
136.204	-4.77294	199.197	0	
136.309	-5.56747	200.004	0	
136.484	-3.54366	198.844	0	
130.004	-0.361702	200.219	0	
130.626	-0.368884	207.09	0	
130.312	-0.183316	215.898	0	
131.251	-0.401327	204.385	0	
130.939	-0.185568	210.562	0	
129.076	-0.230585	194.257	0	
129.508	-0.797547	196.721	0	
114.375	-0.48111	189.046	0	
129.691	-0.178386	193.741	0	
115.625	-0.360901	194.559	0	
115.312	-0.180445	194.411	0	
115.938	-0.902258	194.278	0	
117.013	-0.796906	187.811	0	
111.562	-0.116803	179.592	0	
115.292	-0.914235	194.807	0	
115.938	-1.27911	194.283	0	
117.013	-0.430275	191.763	0	
114.552	-1.06781	191.839	0	
115.61	-1.83986	196.72	0	
115.29	-1.2764	195.044	0	
116.259	-1.88478	196.384	0	
117.325	-0.249876	181.254	0	
116.25	-0.360855	191.393	0	
114.157	-1.03246	191.128	0	
113.932	-1.37074	192.041	0	
114.863	-1.36986	195.55	0	
114.875	-1.7112	196.024	0	
116.587	-2.54457	198.32	0	
116.96	-1.50306	193.692	0	
113.526	-1.3479	192.457	0	
115.289	-1.99678	197.582	0	
114.873	-2.68138	198.77	0	
117.345	-2.45565	197.698	0	
118.205	-1.64932	195.111	0	
116.25	-0.721768	189.634	0	
116.563	-0.907943	192.535	0	
112.812	-0.215758	193.362	0	
114.063	-0.698381	187.377	0	
113.283	-1.68444	194.472	0	
113.509	-2.07434	195.747	0	
114.6	-2.39357	197.83	0	
115.249	-2.41015	198.335	0	
116.267	-4.02295	198.574	0	
116.905	-2.85529	198.684	0	
117.638	-1.92255	196.504	0	
117.709	-1.24687	191.914	0	
113.959	-2.0684	196.593	0	
113.991	-2.90411	198.88	0	
114.868	-3.15748	198.899	0	
115.534	-2.79189	199	0	
112.451	-0.602994	188.355	0	
113.125	-0.384747	187.791	0	
113.125	-0.816264	190.416	0	
112.868	-1.62973	194.138	0	
112.641	-2.02292	196.593	0	
113.549	-2.80959	198.01	0	
114.21	-2.50075	197.565	0	
114.131	-3.49491	199.016	0	
115.333	-3.93345	199.013	0	
110.007	-0.731718	185.686	0	
112.258	-2.01698	195.458	0	
112.625	-0.851127	189.664	0	
112.389	-1.30486	191.337	0	
111.946	-2.49594	198.802	0	
111.791	-3.23135	199.833	0	
113.222	-3.23944	199.461	0	
113.587	-3.73498	199.178	0	
114.799	-4.02439	199.029	0	
114.545	-3.61372	199.363	0	
111.367	-1.92935	196.737	0	
111.02	-2.77581	199.882	0	
112.593	-2.78773	199.234	0	
111.792	-4.60314	199.389	0	
112.786	-5.05533	197.996	0	
116.128	-6.53161	196.155	0	
115.56	-5.0875	197.561	0	
117.923	-5.04993	198.746	0	
110.252	-2.20115	196.493	0	
110.015	-2.40247	198.572	0	
110.182	-1.65075	195.748	0	
108.736	-1.4379	192.961	0	
110.321	-3.04501	200.342	0	
110.763	-3.39282	200.548	0	
109.576	-2.36917	198.624	0	
109.218	-1.95343	196.602	0	
109.555	-3.8069	201.379	0	
110.14	-4.39018	201.03	0	
108.354	-4.03439	201.581	0	
109.618	-4.24679	199.814	0	
110.291	-4.96346	198.256	0	
110.885	-5.0758	199.561	0	
109.061	-5.34882	198.015	0	
110.469	-7.3577	195.125	0	
111.847	-5.72421	198.075	0	
112.834	-4.34506	199.035	0	
108.307	-5.98294	198.029	0	
109.802	-6.72561	194.629	0	
110.718	-6.12636	196.994	0	
110.027	-6.05695	196.293	0	
111.76	-7.13197	196.216	0	
113.492	-5.48229	198.419	0	
111.758	-3.86527	199.892	0	
112.188	-5.20668	197.972	0	
109.556	-8.20337	192.85	0	
112.108	-8.02917	193.673	0	
63.7208	-0.565971	204.411	0	
64.5214	-0.762451	200.503	0	
64.8018	-1.29455	201.059	0	
65.7111	-0.394228	211.233	0	
63.8389	-1.77705	197.262	0	
65.583	-3.10402	206.834	0	
65.9861	-0.210912	210.874	0	
65.1261	-0.481807	204.288	0	
66.028	-1.03693	208.378	0	
67.2873	-0.766093	212.769	0	
66.8085	-1.04502	209.366	0	
66.4447	-0.838001	206.481	0	
66.8085	-1.54547	205.974	0	
65.7111	-0.760859	207.894	0	
65.3501	-0.183316	211.496	0	
63.7875	-2.3323	198.679	0	
64.7221	-1.93567	200.031	0	
66.3986	-1.87211	205.218	0	
65.8974	-1.39041	205.041	0	
67.279	-1.73059	207.977	0	
68.125	-0.721791	224.282	0	
66.4466	-2.26812	204.218	0	
68.3169	-1.95971	207.755	0	
64.9416	-3.05479	205.231	0	
66.9181	-2.30022	205.612	0	
66.7828	-3.84023	210.984	0	
68.5627	-3.6748	206.738	0	
63.0853	-2.38418	198.041	0	
63.992	-3.40487	207.181	0	
64.0273	-3.79169	209.706	0	
65.065	-3.82809	212.691	0	
66.1726	-3.4236	208.986	0	
65.2306	-3.26009	207.58	0	
68.75	-0.36376	228.314	0	
69.5127	-0.433192	223.422	0	
69.0625	-0.183316	217.646	0	
67.8125	-0.180456	234.566	0	
68.125	-0.360901	230.092	0	
68.4348	-1.28335	214.927	0	
69.0625	-0.913707	218.547	0	
67.3958	-0.348163	210.606	0	
68.4375	-0.180445	229.151	0	
67.704	-0.959277	213.883	0	
68.114	-1.56409	211.385	0	
68.7535	-1.88463	209.436	0	
69.01	-2.62305	205.378	0	
69.448	-1.50076	208.562	0	
70.4764	-2.2392	205.022	0	
70.7	-1.65352	208.617	0	
70.1633	-1.99628	207.159	0	
70.1991	-1.2461	210.451	0	
106.875	-0.399074	186.67	0	
105.312	-0.116803	176.543	0	
105.881	-0.614822	183.184	0	
107.058	-1.13454	191.85	0	
107.529	-2.11725	198.264	0	
107.115	-1.36746	193.546	0	
109.04	-0.926407	187.194	0	
105.041	-0.56241	187.357	0	
106.522	-1.06614	191.02	0	
105.447	-1.33421	192.209	0	
107.117	-1.91705	197.842	0	
105.902	-1.36258	191.544	0	
105.979	-2.38871	199.673	0	
107.108	-2.19044	198.286	0	
107.782	-1.65759	194.713	0	
106.008	-3.09323	201.724	0	
106.874	-2.53618	199.858	0	
106.706	-2.9588	201.345	0	
108.694	-2.05585	197.137	0	
107.546	-1.14375	192.39	0	
106.935	-1.53649	195.17	0	
106.017	-3.41513	202.116	0	
106.954	-3.74661	201.83	0	
107.271	-4.09059	202.304	0	
107.541	-2.94108	201.057	0	
107.264	-4.62135	200.094	0	
108.326	-4.58619	200.148	0	
106.431	-4.45627	200.656	0	
106.223	-6.59608	195.689	0	
104.959	-7.73086	190.09	0	
108.455	-6.60817	194.578	0	
83.7208	-0.565971	236.121	0	
84.6505	-0.895475	224.709	0	
84.869	-1.26208	227.058	0	
86.0587	-1.41428	218.233	0	
84.6141	-1.63768	214.982	0	
85.4571	-1.64504	216.565	0	
84.1991	-1.67606	219.849	0	
84.6165	-2.40408	205.586	0	
83.9913	-1.30046	222.243	0	
83.5411	-2.05163	215.518	0	
84.8113	-2.8195	204.697	0	
85.2776	-2.84274	202.33	0	
83.2717	-2.42111	205.002	0	
83.4727	-2.84214	205.42	0	
83.9387	-2.81888	201.466	0	
83.5058	-3.73998	196.846	0	
86.0039	-3.23856	198.766	0	
86.534	-2.87674	205.517	0	
82.7882	-2.39268	210.709	0	
82.0167	-2.83712	204.094	0	
84.5333	-4.07077	193.829	0	
84.3748	-3.09537	200.5	0	
85.1868	-3.85215	192.745	0	
84.1823	-3.61341	193.35	0	
86.333	-3.83374	197.582	0	
87.1666	-2.6771	206.268	0	
87.0981	-2.44417	207.524	0	
85.8441	-1.69302	214.232	0	
81.1852	-2.92729	203.323	0	
82.7466	-3.23827	200.918	0	
82.7664	-4.04596	194.32	0	
84.0776	-4.8703	189.04	0	
85.4374	-4.34836	193.66	0	
87.3957	-4.0723	196.398	0	
81.3538	-4.52352	190.542	0	
82.5241	-3.64016	194.19	0	
87.4354	-4.66768	194.723	0	
87.5139	-3.76831	200.201	0	
80.9913	-4.25488	193.409	0	
81.8593	-4.24408	192.747	0	
83.0038	-5.39094	186.83	0	
83.2624	-4.13886	190.383	0	
82.3418	-4.44864	189.706	0	
84.4002	-6.05279	189.379	0	
82.3585	-5.12065	190.271	0	
81.7166	-5.51423	188.135	0	
85.3159	-1.27537	217.449	0	
85.588	-0.530357	221.52	0	
86.2562	-0.804601	224.601	0	
88.0471	-2.481	206.228	0	
87.6262	-1.61292	212.394	0	
88.1343	-5.17903	194.052	0	
88.4504	-3.69018	200.142	0	
88.4994	-3.28995	202.673	0	
88.7094	-1.72317	209.382	0	
88.0704	-2.08889	207.956	0	
88.8015	-3.13666	203.092	0	
90.267	-3.4767	204.264	0	
89.0316	-2.16206	207.94	0	
81.5083	-6.73623	190.955	0	
83.087	-6.15386	190.864	0	
87.0436	-5.79995	191.356	0	
90.9395	-5.15938	196.976	0	
87.19	-0.184751	237.294	0	
88.7284	-1.1329	213.373	0	
86.25	-0.415181	230.873	0	
86.8775	-0.368067	231.875	0	
86.5625	-0.183316	230.504	0	
87.1947	-0.920708	221.34	0	
87.4559	-0.721704	221.717	0	
87.0632	-1.30452	219.245	0	
88.1335	-1.02819	210.952	0	
92.901	-0.53519	204.866	0	
93.5333	-1.03853	204.922	0	
91.9635	-0.783538	217.42	0	
93.369	-0.553653	199.177	0	
92.2954	-1.09072	210.052	0	
91.4252	-1.8112	209.729	0	
92.276	-0.233592	231.644	0	
93.1004	-1.64353	204.966	0	
91.2151	-0.382247	202.735	0	
91.5625	-0.183316	216.572	0	
90.6498	-1.89431	209.84	0	
91.5574	-0.916578	208.959	0	
90.972	-2.26027	208.34	0	
91.8655	-2.38548	208.02	0	
91.8305	-3.13495	204.693	0	
92.6486	-1.94325	206.738	0	
96.25	-0.36376	197.671	0	
96.8775	-0.368067	204.166	0	
96.5625	-0.183316	198.964	0	
97.1947	-0.920708	202.27	0	
98.4375	-0.180444	185.937	0	
95.3125	-0.180456	189.092	0	
95.625	-0.360901	194.917	0	
95.9348	-1.28335	198.925	0	
96.5625	-0.913707	201.297	0	
96.56	-1.27666	200.24	0	
98.125	-0.358085	193.092	0	
94.9666	-0.380108	205.428	0	
95.9375	-0.180445	192.462	0	
94.9636	-0.742721	204.396	0	
95.3095	-0.903958	202.211	0	
96.6572	-1.97917	201.578	0	
96.6925	-2.36174	201.428	0	
99.0709	-2.98123	200.885	0	
99.1023	-0.629436	193.956	0	
97.5025	-0.362392	205.359	0	
93.994	-0.252055	216.121	0	
93.5774	-0.252055	201.621	0	
94.68	-2.06779	204.214	0	
95.9031	-2.06434	202.282	0	
96.2394	-1.86147	200.963	0	
96.8709	-1.5893	201.654	0	
97.5778	-2.0708	201.907	0	
97.9507	-2.04697	199.872	0	
94.6512	-0.993781	204.26	0	
95.236	-1.30046	201.088	0	
95.1748	-2.11605	202.519	0	
95.4639	-3.26944	201.301	0	
97.4165	-2.57641	200.969	0	
97.5939	-3.10947	202.079	0	
94.5096	-1.70934	203.16	0	
95.8049	-2.83371	201.886	0	
96.5459	-4.11056	199.507	0	
96.3519	-3.18888	201.354	0	
98.266	-2.45082	201.899	0	
98.697	-1.9347	200.002	0	
94.0182	-1.61726	205.742	0	
93.5652	-2.32299	204.3	0	
94.8865	-2.71528	202.792	0	
95.5115	-3.92637	199.639	0	
99.6077	-1.74252	198.834	0	
98.7898	-0.576273	190.82	0	
94.9947	-3.11756	201.478	0	
94.6152	-3.46142	201.622	0	
94.0479	-3.22314	202.119	0	
94.0449	-4.47039	199.103	0	
97.8171	-0.978483	199.75	0	
98.125	-0.789602	190.016	0	
98.6186	-1.19511	195.043	0	
94.2732	-0.883223	210.145	0	
94.6541	-0.199652	217.558	0	
94.2732	-0.451707	206.122	0	
93.6015	-1.8539	204.237	0	
93.95	-1.16845	203.84	0	
92.7343	-2.37942	206.038	0	
93.5622	-3.47901	202.714	0	
95.7253	-5.23038	195.049	0	
97.1765	-4.74405	197.515	0	
93.1311	-5.95537	193.592	0	
94.5861	-4.45039	198.229	0	
108.646	-0.422952	181.206	0	
109.378	-0.368067	186.27	0	
109.062	-0.183316	179.865	0	
109.695	-0.920708	191.201	0	
110.704	-0.887752	186.046	0	
107.93	-1.40655	193.088	0	
108.319	-1.01811	187.984	0	
109.665	-1.27233	190.957	0	
110.704	-0.456235	187.867	0	
111.016	-0.278594	179.781	0	
110.003	-0.362392	196.339	0	
111.035	-1.22717	189.836	0	
111.537	-0.629004	183.789	0	
110.317	-0.978483	191.624	0	
110.82	-1.56172	193.404	0	
112.11	-1.60808	194.882	0	
-126.54	-0.926209	219.918	0	
-126.562	-0.183316	219.525	0	
-126.849	-0.349223	219.336	0	
-127.162	-0.165908	215.738	0	
-127.195	-0.782415	219.413	0	
-126.51	-1.59138	207.341	0	
-125.41	-1.05598	218.061	0	
-127.295	-1.21102	209.614	0	
-126.726	-2.35381	198.909	0	
-125.955	-1.39001	213.231	0	
-125.363	-1.69137	206.606	0	
-129.12	-1.69789	207.631	0	
-127.399	-2.18273	199.394	0	
-129.111	-2.95926	192.053	0	
-127.701	-2.03891	202.855	0	
-132.604	-0.351022	231.264	0	
-131.872	-0.368067	228.729	0	
-132.188	-0.183316	222.431	0	
-131.555	-0.920708	227.263	0	
-131.143	-0.350218	235.748	0	
-131.486	-1.34104	218.092	0	
-130.829	-0.966309	227.044	0	
103.44	-0.184751	179.426	0	
105.296	-0.648902	189.38	0	
147.466	-0.382852	207.425	0	
148.128	-0.368067	203.58	0	
147.812	-0.183316	203.63	0	
148.445	-0.920708	206.298	0	
148.857	-0.350218	204.549	0	
146.544	-0.23005	222.196	0	
145.946	-0.166732	220.18	0	
147.391	-1.7017	204.871	0	
147.807	-0.916578	207.314	0	
148.442	-1.28208	206.985	0	
149.171	-0.966309	208.973	0	
146.68	-1.82976	205.247	0	
148.404	-2.54047	204.82	0	
148.123	-1.45789	206.73	0	
148.686	-1.89771	206.289	0	
147.388	-1.34328	208.747	0	
147.772	-2.12126	204.825	0	
148.909	-2.19412	206.873	0	
149.407	-1.95443	208.638	0	
155	-0.36376	213.403	0	
155.628	-0.368067	215.15	0	
155.312	-0.183316	213.629	0	
155.945	-0.920708	217.283	0	
156.326	-0.736598	217.867	0	
154.062	-0.180456	210.773	0	
154.375	-0.360901	211.87	0	
154.685	-1.28335	213.339	0	
155.312	-0.913707	214.637	0	
155.31	-1.27666	215.092	0	
156.636	-0.983364	219.654	0	
153.75	-0.412322	209.997	0	
154.688	-0.180445	212.852	0	
153.737	-0.827292	210.441	0	
154.364	-1.46288	212.673	0	
155.407	-1.97917	216.603	0	
155.124	-2.61387	217.091	0	
156.354	-2.10871	219.804	0	
157.062	-0.886972	221.82	0	
156.84	-0.182522	219.719	0	
154.05	-0.956316	211.045	0	
153.714	-1.84918	211.655	0	
154.989	-1.86147	215.2	0	
155.621	-1.5893	216.55	0	
156.051	-2.44125	220.032	0	
156.737	-2.09548	222.618	0	
156.92	-3.04744	224.435	0	
156.792	-1.6563	221.362	0	
157.126	-2.439	224.323	0	
157.311	-1.1993	223.404	0	
157.156	-1.58953	224.01	0	
157.784	-1.16284	226.586	0	
156.329	-3.40372	222.488	0	
158.7	-2.30757	231.221	0	
157.573	-1.82617	225.489	0	
157.978	-1.55806	227.99	0	
158.497	-1.65431	229.696	0	
158.196	-0.667983	231.784	0	
158.207	-2.62162	228.713	0	
159.264	-2.49245	232.843	0	
155.548	-3.50327	219.519	0	
158.338	-4.28642	230.013	0	
159.248	-3.67163	232.805	0	
158.844	-1.26621	232.379	0	
157.212	-2.86938	225.531	0	
159.629	-1.94061	234.805	0	
159.412	-1.36764	233.052	0	
159.533	-3.11988	234.047	0	
159.723	-0.776533	234.269	0	
160.47	-4.19844	237.573	0	
160.934	-3.36647	237.983	0	
163.072	-1.30674	241.554	0	
160.366	-2.10208	235.933	0	
158.639	-3.69577	230.306	0	
158.509	-5.03297	230.871	0	
160.333	-6.49326	235.504	0	
163.455	-3.17093	243.581	0	
158.182	-3.19614	229.339	0	
157.316	-6.6356	227.806	0	
157.951	-6.3263	229.868	0	
158.701	-6.78512	231.717	0	
157.446	-3.98144	227.046	0	
157.418	-5.25569	227.848	0	
131.752	-1.68671	201.512	0	
-35.6239	-0.368884	203.138	0	
-35.9375	-0.183316	207.712	0	
-34.9989	-0.401327	208.589	0	
-35.3114	-0.185568	202.51	0	
-89.9964	-0.361702	196.596	0	
-89.3739	-0.368884	192.15	0	
-89.6875	-0.183316	186.448	0	
-88.7489	-0.401327	192.258	0	
-89.0614	-0.185568	187.128	0	
-90.9235	-0.230585	190.817	0	
-90.4923	-0.797547	192.509	0	
5.9375	-0.119818	169.297	0	
-90.3089	-0.178386	194.083	0	
6.87609	-0.368884	181.913	0	
6.5625	-0.183316	171.529	0	
7.50109	-0.401327	192.495	0	
7.18859	-0.185568	176.869	0	
5.66749	-1.06999	178.486	0	
6.53117	-1.39202	182.276	0	
102.396	-0.422952	188.576	0	
103.128	-0.368067	181.265	0	
102.812	-0.183316	178.825	0	
103.445	-0.920708	186.815	0	
103.825	-0.597728	185.654	0	
101.932	-1.49761	193.655	0	
102.779	-1.38865	191.034	0	
103.515	-1.33916	190.419	0	
104.332	-1.00634	191.073	0	
-63.2815	-7.0539	261.516	0	
-61.8008	-6.24733	241.447	0	
-61.5207	-6.99285	265.45	0	
-59.5796	-5.61305	223.776	0	
-55.8915	-8.19545	311.019	0	
-56.2345	-9.15566	341.076	0	
77.0827	-3.6968	198.739	0	
77.2166	-4.66972	196.813	0	
79.1927	-7.79165	202.152	0	
78.5308	-4.40791	194.188	0	
53.1039	-3.39388	212.217	0	
55.5887	-3.68004	214.676	0	
54.7652	-4.30743	223.877	0	
54.0745	-3.65246	216.402	0	
35.2709	-6.97488	214.022	0	
36.8596	-5.96269	208.46	0	
40.4716	-7.04447	215.101	0	
40.6402	-8.27269	214.417	0	
43.8168	-9.34617	197.231	0	
44.6005	-7.75277	212.965	0	
44.083	-6.00445	216.144	0	
46.0481	-7.40943	214.05	0	
28.3278	-7.9989	206.389	0	
30.3894	-9.48839	222.494	0	
31.7145	-8.22895	216.81	0	
32.202	-9.1351	223.337	0	
26.4686	-7.02103	201.097	0	
26.0875	-8.57114	206.876	0	
24.6693	-7.36898	201.746	0	
26.9892	-10.0692	214.127	0	
27.0667	-9.51479	212.691	0	
26.5496	-9.31104	210.241	0	
29.6538	-8.72112	214.242	0	
27.1937	-7.81088	204.098	0	
28.1968	-9.44305	214.448	0	
28.624	-8.6936	214.055	0	
-147.729	-7.45662	251.492	0	
-146.244	-7.56998	252.133	0	
-137.515	-6.15402	210.512	0	
-137.377	-6.58201	219.818	0	
118.971	-3.33502	199.925	0	
117.219	-4.75455	197.96	0	
125.372	-4.97478	196.395	0	
126.217	-3.51147	196.073	0	
-126.942	-5.97626	208.689	0	
-126.479	-7.21085	235.754	0	
-126.971	-4.84086	193.223	0	
-128.214	-5.84178	203.85	0	
-129	-8.1077	260.998	0	
-124.798	-6.80431	229.597	0	
-124.288	-5.98431	212.075	0	
-123.886	-4.38581	190.603	0	
-124.011	-6.37921	216.53	0	
-121.688	-6.71637	227.296	0	
-128.51	-4.95355	192.162	0	
-127.597	-5.66179	204.538	0	
-113.694	-6.36164	224.054	0	
-110.206	-7.69404	271.189	0	
-111.918	-2.88133	190.922	0	
-111.275	-3.95802	191.526	0	
103.329	-8.56243	186.692	0	
103.829	-8.95379	186.458	0	
-102.852	-4.66674	194.877	0	
-103.119	-5.23568	204.211	0	
-101.153	-3.97619	188.202	0	
-98.872	-5.69301	215.739	0	
-98.3616	-6.88943	255.049	0	
-96.0091	-7.41771	281.811	0	
-97.1118	-5.61028	218.116	0	
-95.91	-4.78312	198.503	0	
-84.0062	-4.47316	190.921	0	
-82.2864	-6.81874	261.028	0	
-80.7066	-5.16403	200.17	0	
-79.7218	-3.67069	183.98	0	
-21.337	-5.98312	209.223	0	
-19.5485	-5.46191	192.232	0	
-17.4449	-6.3631	194.589	0	
-14.0966	-6.25015	182.246	0	
-28.2078	-5.01812	203.256	0	
-27.8848	-5.97701	232.433	0	
-25.2417	-5.16566	206.326	0	
-25.3323	-3.13661	186.867	0	
-30.0526	-5.61522	221.677	0	
-29.3666	-3.12984	183.173	0	
-30.0245	-6.44729	254.53	0	
-28.4944	-5.35051	215.837	0	
-35.8173	-6.6804	250.561	0	
-32.2692	-7.67827	312.602	0	
-30.5586	-8.01883	330.896	0	
-28.4879	-6.7938	259.337	0	
-80.6956	-6.73797	247.025	0	
-81.3675	-10.6228	454.303	0	
-50.5529	-5.82218	238.526	0	
-50.0494	-7.79231	301.092	0	
-47.4753	-8.14607	317.752	0	
-48.7833	-9.59843	366.465	0	
91.3474	-3.97619	201.582	0	
92.7494	-3.9326	201.581	0	
71.174	-3.69555	202.319	0	
69.2988	-3.40892	205.315	0	
-1.32179	-6.84967	195.487	0	
0.702964	-7.40429	195.731	0	
-9.05205	-5.73807	179.208	0	
-8.07666	-7.8011	173.053	0	
1.80645	-5.39772	207.435	0	
2.96871	-5.40743	208.512	0	
1.47475	-6.18555	205.668	0	
3.75637	-7.83017	199.937	0	
15.3198	-7.24896	204.999	0	
14.9922	-10.2935	192.875	0	
12.0878	-6.65239	209.309	0	
13.7967	-7.99445	204.661	0	
156.093	-6.51319	224.517	0	
156.829	-5.56538	226.036	0	
145.112	-5.02284	198.584	0	
147.995	-4.49836	202.499	0	
148.928	-5.59814	205.986	0	
149.888	-5.85322	208.3	0	
136.577	-4.93484	198.764	0	
138.397	-6.63462	199.884	0	
148.583	-6.72045	207.748	0	
146.454	-4.67872	199.984	0	
135.456	-6.49462	201.967	0	
137.418	-8.99661	206.255	0	
114.582	-6.45543	197.42	0	
116.271	-4.77368	197.825	0	
85.9295	-6.7447	190.674	0	
87.1416	-5.36742	192.562	0	
79.9615	-5.28429	191.32	0	
77.4603	-6.59146	201.614	0	
89.7342	-9.24345	194.037	0	
91.1914	-8.28159	190.244	0	
97.8198	-4.98867	196.941	0	
98.7662	-3.82361	200.746	0	
92.5552	-4.27067	200.576	0	
91.4486	-4.44655	200.158	0	
97.5669	-6.91094	189.92	0	
96.1923	-4.71677	197.026	0	
95.2814	-5.40819	195.712	0	
96.041	-6.04195	192.637	0	
157.976	-5.60466	228.918	0	
156.974	-4.18188	225.606	0	
-63.4125	-8.72323	320.935	0	
-60.5872	-7.97153	301.89	0	
-60.023	-8.95619	350.029	0	
-60.3867	-7.11169	265.214	0	
77.9572	-6.4191	199.074	0	
80.5719	-5.92845	191.703	0	
54.742	-6.24299	240.774	0	
54.4325	-7.25947	237.298	0	
34.4764	-7.10714	213.781	0	
35.9808	-8.60886	222.785	0	
45.8418	-7.91361	210.719	0	
48.1067	-7.50301	214.979	0	
33.2443	-9.81711	228.046	0	
34.647	-9.40613	226.67	0	
23.4609	-7.57318	201.003	0	
25.2163	-11.1506	213.039	0	
28.6687	-9.61404	218.588	0	
30.848	-10.0175	224.437	0	
29.5824	-6.78234	202.319	0	
27.5671	-7.88456	206.024	0	
29.4063	-9.18095	218.45	0	
28.676	-8.04164	209.513	0	
29.8101	-9.62164	220.249	0	
30.5736	-8.94737	218.728	0	
29.0009	-10.3375	220.267	0	
30.3271	-10.6176	225.806	0	
29.6201	-10.3343	223.65	0	
31.4604	-12.741	226.236	0	
28.343	-12.1188	224.179	0	
30.7344	-12.8498	224.032	0	
31.1348	-8.83664	220.871	0	
30.4612	-7.52583	209.135	0	
31.5353	-9.27464	223.28	0	
32.2035	-8.49863	221.569	0	
31.4326	-9.91452	225.808	0	
32.5318	-9.72243	227.13	0	
-149.482	-6.9314	244.389	0	
-148.447	-8.70467	287.905	0	
-128.639	-5.37149	200.911	0	
-130.808	-7.29877	234.446	0	
-124.534	-11.6442	397.896	0	
-125.848	-8.24732	273.356	0	
-123.556	-7.33477	241.033	0	
-123.013	-7.18141	240.925	0	
-129.931	-4.5458	189.021	0	
-130.05	-6.53651	216.737	0	
-105.378	-5.97517	215.453	0	
-103.773	-7.7757	278.916	0	
-101.051	-4.44655	190.253	0	
-100.167	-6.7119	243.426	0	
-98.1584	-6.02389	224.147	0	
-96.2145	-6.5274	239.088	0	
-94.9843	-7.70585	290.515	0	
-95.598	-6.01067	228.972	0	
-96.2513	-6.11552	234.782	0	
-95.4419	-6.25488	236.821	0	
-27.9856	-6.91009	272.113	0	
-26.659	-7.62079	298.291	0	
-33.4363	-8.42425	349.873	0	
-31.009	-10.0207	436.997	0	
-44.3609	-11.3403	435.442	0	
-45.5058	-8.74241	343.521	0	
67.5751	-5.08513	217.431	0	
70.0285	-4.16769	206.079	0	
0.597792	-6.22945	202.722	0	
0.401488	-7.84873	192.056	0	
2.08878	-8.20244	193.523	0	
1.42972	-8.74565	188.197	0	
15.1115	-9.22048	198.304	0	
13.281	-7.59204	204.689	0	
139.032	-7.04113	200.491	0	
139.132	-5.59227	197.513	0	
145.637	-6.731	202.536	0	
147.192	-5.14957	201.693	0	
136.519	-6.55018	201.264	0	
138	-5.05635	197.896	0	
97.9557	-5.6648	194.858	0	
99.4822	-4.42052	199.469	0	
96.6665	-5.52622	193.912	0	
98.3168	-7.11264	188.446	0	
96.4892	-8.11681	185.58	0	
99.2608	-7.74389	186.481	0	
91.2721	-6.52178	193.123	0	
93.4198	-5.67934	195.536	0	
155.989	-7.26502	225.505	0	
157.835	-8.23256	229.826	0	
156.336	-4.22402	223.797	0	
154.869	-5.2904	220.531	0	
156.661	-3.96716	224.297	0	
155.673	-5.95762	223.578	0	
154.609	-6.56123	220.541	0	
156.097	-8.98221	224.806	0	
34.5506	-13.6874	206.001	0	
34.9763	-10.1682	227.321	0	
27.2971	-11.3052	220.007	0	
28.2779	-13.3159	223.08	0	
-124.643	-8.86706	295.32	0	
-118.779	-7.32073	250.838	0	
-100.822	-6.69801	242.695	0	
-99.6143	-8.37033	312.06	0	
68.4026	-6.80675	223.124	0	
69.693	-5.16295	214.091	0	
14.2371	-9.18785	198.424	0	
15.8107	-7.31995	205.628	0	
137.112	-7.48003	202.727	0	
138.426	-8.11069	203.207	0	
139.858	-7.11243	200.228	0	
141.53	-4.56607	196.601	0	
97.393	-7.94641	186.165	0	
97.9724	-8.6935	184.196	0	
91.752	-6.44424	192.828	0	
92.7805	-8.0316	189.589	0	
158.019	-9.65868	229.392	0	
158.709	-7.66024	231.142	0	
161.325	-6.02041	238.224	0	
159.355	-6.00907	233.527	0	
69.096	-7.81263	220.123	0	
69.3497	-5.4755	216.606	0	
136.638	-7.50577	203.48	0	
137.8	-7.76038	203.013	0	
136.96	-11.032	210.391	0	
140.22	-9.17393	204.693	0	
140.686	-6.60646	198.546	0	
141.19	-6.54478	199.151	0	
97.8329	-10.3424	182.936	0	
99.4889	-9.25145	183.046	0	
92.2883	-8.33319	189.737	0	
93.2321	-6.36548	193.313	0	
154.622	-7.30698	222.138	0	
155.993	-10.1529	226.459	0	
142.968	-6.63878	199.347	0	
145.999	-5.31357	199.73	0	
93.7799	-10.2855	188.412	0	
94.8512	-7.59169	188.296	0	
93.5504	-7.25794	189.706	0	
94.7144	-10.1732	186.642	0	
155.333	-7.6284	223.622	0	
151.583	-7.99347	215.798	0	
126.38	-7.14355	200.605	0	
125.697	-8.52427	203.819	0	
129.585	-9.19643	209.346	0	
128.574	-9.61105	209.685	0	
-52.8251	-7.67808	295.163	0	
-51.7959	-9.60899	368.073	0	
-157.725	-7.73552	194.347	0	
-159.026	-6.54556	163.403	0	
-153.068	-11.5164	312.39	0	
-150.103	-9.08437	293.806	0	
-152.152	-7.66464	253.8	0	
-150.836	-6.18943	227.762	0	
-155.154	-13.0548	310.759	0	
-154.295	-13.3955	326.43	0	
-152.557	-12.3054	335.277	0	
-151.271	-9.45519	296.57	0	
-146.503	-9.45733	317.167	0	
-143.464	-8.11723	262.379	0	
98.9575	-9.77809	182.677	0	
102.121	-11.6162	184.457	0	
-85.4435	-6.25438	230.983	0	
-84.2545	-6.46168	241.232	0	
-103.578	-4.34715	190.799	0	
-105.829	-3.29676	185.315	0	
-75.3335	-7.93393	294.81	0	
-73.5842	-5.88962	220.823	0	
-16.3157	-6.40753	191.948	0	
-14.1935	-7.608	192.96	0	
-42.6133	-7.96563	308.358	0	
-40.9424	-7.47645	294.031	0	
-52.3413	-9.26072	353.772	0	
-50.3441	-10.3821	386.438	0	
-39.828	-5.82815	231.568	0	
-33.1916	-10.1286	445.26	0	
75.3905	-8.24045	213.082	0	
78.5142	-7.46172	203.93	0	
58.7901	-5.21816	228.933	0	
56.3004	-6.69072	239.774	0	
6.33578	-9.87572	187.149	0	
6.63524	-13.0215	171.543	0	
9.88049	-7.88213	205.068	0	
10.0261	-5.9227	212.719	0	
9.7588	-9.27369	196.593	0	
11.7966	-9.07661	197.348	0	
21.0223	-6.90557	203.153	0	
23.772	-6.67051	199.214	0	
131.209	-10.1074	211.771	0	
133.852	-7.50408	205.655	0	
107.269	-7.37366	192.918	0	
112.303	-10.4501	195.877	0	
112.94	-8.20641	196.006	0	
114.733	-6.99211	195.218	0	
163.572	-0.464035	245.7	0	
161.76	-0.752573	239.614	0	
38.9655	-10.4236	205.334	0	
41.2894	-11.648	174.067	0	
42.4386	-10.112	188.889	0	
46.0143	-9.94405	177.584	0	
24.1836	-10.4665	208.206	0	
26.1289	-13.1213	216.714	0	
-139.683	-5.72229	203.835	0	
-137.999	-7.03641	230.47	0	
-136.214	-8.13566	261.138	0	
-134.955	-7.00543	227.727	0	
-110.788	-5.00512	200.247	0	
-109.7	-3.97024	190.638	0	
-110.538	-5.92202	218.703	0	
-109.797	-7.33294	253.588	0	
-31.3995	-8.40707	345.44	0	
-28.1635	-10.5286	474.325	0	
-10.306	-6.76947	174.345	0	
-9.05941	-7.87023	174.459	0	
153.86	-6.21795	219.546	0	
154.301	-5.24654	218.442	0	
147.258	-5.98041	203.695	0	
148.664	-7.96552	210.234	0	
114.609	-8.29542	195.822	0	
117.012	-6.01438	196.798	0	
-61.5898	-9.85527	382.688	0	
-58.2852	-9.15022	355.188	0	
53.3474	-7.45052	229.229	0	
51.2849	-8.62192	199.745	0	
57.6031	-8.42915	214.408	0	
58.0383	-6.33426	236.516	0	
36.3919	-8.5398	222.699	0	
38.3943	-7.68084	218.414	0	
45.962	-8.94327	196.888	0	
46.3135	-11.5444	144.128	0	
32.9432	-11.6503	229.1	0	
33.5557	-10.7692	228.953	0	
-149.843	-7.82281	262.087	0	
-149.407	-8.71796	284.063	0	
-147.813	-10.1364	326.64	0	
-146.794	-10.3136	328.661	0	
-44.3262	-12.0937	452.566	0	
-42.2741	-9.2031	370.729	0	
2.54667	-8.00639	195.211	0	
1.23666	-6.6024	201.653	0	
13.5264	-9.86835	193.856	0	
14.4671	-10.2158	192.447	0	
10.6687	-8.41825	201.536	0	
16.0896	-10.7615	191.689	0	
13.6244	-11.7555	184.6	0	
12.8634	-12.875	178.721	0	
68.359	-9.1141	207.845	0	
71.3889	-10.1142	207.835	0	
138.243	-12.6086	210.811	0	
139.664	-10.8832	209.148	0	
140.931	-10.0179	206.222	0	
140.649	-7.57201	201.087	0	
96.369	-8.57486	185.292	0	
98.4346	-10.9987	182.747	0	
143.318	-4.5621	197.04	0	
144.213	-5.28296	197.882	0	
92.4327	-11.8657	193.599	0	
96.948	-11.0503	184.603	0	
93.2646	-8.16875	188.348	0	
94.314	-9.47165	186.999	0	
124.563	-8.89817	205.259	0	
124.459	-11.9739	212.396	0	
-54.1973	-9.18126	349.847	0	
-50.76	-9.46007	365.892	0	
-140.623	-11.844	399.706	0	
-142.362	-8.07281	262.84	0	
-143.576	-9.52679	313.994	0	
-143.117	-10.9993	362.187	0	
74.1091	-7.53202	214.145	0	
75.5781	-10.2955	215.251	0	
79.4633	-8.71227	209.848	0	
80.8753	-6.58834	194.712	0	
8.28591	-7.81878	206.125	0	
8.72109	-11.1569	183.97	0	
11.776	-12.9799	176.646	0	
9.3838	-11.1476	183.567	0	
10.0051	-10.5491	188.601	0	
11.0677	-8.70689	200.302	0	
10.4707	-11.7048	182.169	0	
13.2434	-10.6356	190.029	0	
10.5216	-9.8886	192.442	0	
12.7228	-10.0012	193.124	0	
113.073	-9.02922	194.812	0	
114.889	-9.74881	197.937	0	
163.615	-2.28484	245.067	0	
165.193	-2.28507	247.443	0	
-137.116	-8.27374	270.162	0	
-136.867	-9.19394	292.46	0	
-135.281	-9.1077	291.382	0	
-134.482	-7.62625	244.154	0	
-135.09	-6.12927	210.7	0	
-111.179	-7.03797	248.76	0	
-113.024	-7.1384	248.553	0	
151.188	-5.04617	210.029	0	
151.596	-9.03671	216.308	0	
144.814	-6.73909	201.712	0	
144.793	-10.4404	208.888	0	
116.115	-10.4092	201.058	0	
118.659	-6.75883	197.423	0	
-57.9666	-13.9332	473.428	0	
-59.1527	-10.6667	400.438	0	
34.4395	-10.9575	227.488	0	
40.207	-11.0513	193.568	0	
48.2458	-13.5132	95.6152	0	
49.5325	-11.7552	127.164	0	
34.3551	-12.7574	218.434	0	
35.8242	-11.9139	216.018	0	
-152.399	-9.27868	281.242	0	
-149.146	-10.1075	321.145	0	
-149.451	-9.614	310.075	0	
-149.339	-12.5975	378.355	0	
67.5669	-10.9847	175.194	0	
67.1329	-12.2043	148.296	0	
73.6755	-9.54224	214.137	0	
72.2888	-6.71718	216.026	0	
98.3719	-10.2101	182.63	0	
97.7141	-11.9508	183.884	0	
95.2557	-10.9791	186.558	0	
95.1291	-9.47338	185.696	0	
-53.8162	-12.5629	443.622	0	
-52.6849	-10.2872	381.374	0	
-147.932	-9.57183	310.221	0	
-144.9	-10.0235	325.419	0	
10.9419	-10.2423	190.639	0	
12.94	-11.35	186.064	0	
111.611	-9.5381	193.947	0	
111.022	-11.2115	195.263	0	
162.543	-3.58819	241.87	0	
164.348	-4.04179	244.47	0	
-137.539	-10.7395	357.639	0	
164.372	-0.845335	246.612	0	
-140.183	-8.075	261.181	0	
-136.918	-9.72732	313.833	0	
-135.475	-11.2878	375.466	0	
-134.118	-8.28963	264.827	0	
-133.395	-7.34479	238.107	0	
-132.967	-7.54889	241.779	0	
-134.381	-6.07147	209.544	0	
-133.984	-5.35235	198.132	0	
113.697	-9.32793	197.062	0	
116.836	-9.01721	199.46	0	
34.8677	-11.8986	220.806	0	
36.8634	-9.85491	221.268	0	
-152.534	-11.1281	316.982	0	
-149.525	-11.8752	364.664	0	
-150.212	-9.90382	312.752	0	
-150.461	-10.8462	332.899	0	
98.8385	-12.8869	185.693	0	
99.6419	-11.6901	183.217	0	
99.1679	-10.759	182.571	0	
100.517	-12.5421	184.1	0	
94.3399	-8.03235	187.416	0	
92.4564	-9.481	188.339	0	
93.9027	-13.006	193.213	0	
97.1326	-12.3651	187.134	0	
-146.785	-12.1228	386.788	0	
-145.234	-12.4077	405.511	0	
162.49	-4.70793	241.616	0	
163.752	-5.02614	243.189	0	
166.729	-6.06046	248.29	0	
167.261	-4.55718	249.481	0	
167.519	-1.40058	249.509	0	
-142.717	-10.579	349.399	0	
-132.647	-8.20171	260.831	0	
-134.075	-8.80404	278.499	0	
-131.584	-8.29851	267.196	0	
114.412	-11.1396	200.285	0	
115.882	-11.2752	202.337	0	
33.3144	-12.6974	220.68	0	
37.8246	-14.3822	168.57	0	
102.104	-12.5166	183.501	0	
100.143	-11.5164	182.534	0	
161.374	-4.94235	238.345	0	
160.468	-7.86515	235.905	0	
164.415	-1.82343	245.573	0	
165.946	-1.76982	248.302	0	
-134.076	-10.5169	344.336	0	
-132.46	-9.57981	311.284	0	
-130.648	-7.99957	252.151	0	
-131.708	-4.72142	190.811	0	
117.229	-12.2274	207.3	0	
117.991	-9.88336	202.257	0	
113.603	-11.7105	200.756	0	
122.594	-14.1661	216.378	0	
120.12	-11.7643	208.784	0	
123.197	-8.64591	202.108	0	
166.919	-2.32627	249.27	0	
166.846	-0.46284	249.75	0	
166.516	-3.57699	249.098	0	
169.723	-2.62371	252.7	0	
-71.0564	-7.92228	300.878	0	
-69.3438	-7.25442	274.796	0	
-67.5149	-7.91216	310.301	0	
-66.9662	-10.8343	432.307	0	
52.9078	-12.4446	104.939	0	
53.7189	-8.52189	206.582	0	
118.442	-7.92287	198.021	0	
122.667	-10.2552	206.043	0	
-118.931	-9.40176	313.483	0	
-116.991	-12.8645	462.76	0	
-95.8872	-10.0418	404.841	0	
-92.9473	-9.81005	400.291	0	
-106.983	-8.05466	288.979	0	
-108.032	-8.77502	310.265	0	
-26.3691	-8.64547	359.605	0	
-23.3216	-8.63188	323.853	0	
61.9395	-10.6972	157.883	0	
64.8614	-11.2644	158.174	0	
106.11	-9.30623	187.11	0	
109.1	-7.68341	192.822	0	
-56.2208	-10.5071	397.203	0	
-54.4298	-9.64562	367.117	0	
-115.966	-6.80228	237.315	0	
-116.699	-8.13607	278.785	0	
-82.4926	-7.51117	277.991	0	
-80.2269	-6.97188	263.865	0	
-19.2586	-6.54632	208.92	0	
-21.7219	-8.23722	287.936	0	
85.3634	-7.7936	193.656	0	
87.6606	-7.59395	192.142	0	
83.1765	-9.13062	204.564	0	
83.3501	-7.49422	193.068	0	
86.8833	-6.86124	191.121	0	
86.7792	-7.37327	192.162	0	
-106.665	-7.02945	245.185	0	
-104.527	-8.13067	294.486	0	
-26.8309	-8.11018	328.284	0	
-24.7375	-7.82804	305.908	0	
-26.693	-9.98997	424.133	0	
-27.3797	-10.702	448.124	0	
-24.8818	-11.4675	474.848	0	
-20.723	-10.8605	383.884	0	
-34.0386	-7.19129	287.828	0	
-34.5206	-8.68046	363.405	0	
157.028	-10.6655	227.252	0	
159.497	-8.25608	232.292	0	
157.181	-13.0191	227.433	0	
161.789	-10.5559	236.225	0	
150.284	-9.26624	214.329	0	
151.745	-11.3113	218.081	0	
134.299	-12.727	213.773	0	
132.536	-10.0687	211.839	0	
126.249	-10.3181	210.438	0	
127.639	-13.0562	216.722	0	
-159.331	-10.6168	198.875	0	
-157.482	-11.1779	239.019	0	
-160.865	-7.00564	142.506	0	
-159.302	-8.65266	182.642	0	
-76.9037	-7.5375	282.887	0	
-68.8397	-10.8334	418.84	0	
-16.2694	-8.36814	228.38	0	
-14.8126	-7.51976	196.577	0	
-15.2692	-9.06991	231.215	0	
-12.2611	-8.55795	193.697	0	
-41.9082	-6.79405	263.558	0	
-40.9093	-8.44912	339.056	0	
-48.4204	-13.9986	469.569	0	
-46.8157	-10.3013	394.905	0	
-35.0794	-5.71254	219.393	0	
-35.8906	-9.25246	385.251	0	
59.6541	-8.33672	208.823	0	
62.7454	-7.68557	224.768	0	
57.3488	-7.65614	227.133	0	
59.9694	-5.26186	228.774	0	
56.9416	-9.4839	178.657	0	
58.5428	-8.64699	208.998	0	
57.882	-10.6164	150.943	0	
59.2077	-7.9042	224.169	0	
58.7898	-9.84795	179.564	0	
61.1691	-8.25964	217.731	0	
19.2801	-7.50624	203.546	0	
23.4559	-10.5117	205.406	0	
21.1999	-8.35588	202.413	0	
23.243	-9.86566	205.253	0	
36.9432	-11.3334	214.2	0	
36.3293	-12.7122	206.567	0	
42.0531	-12.5834	154.148	0	
45.7008	-12.8133	121.197	0	
-11.5431	-7.38241	178.606	0	
-9.40216	-7.44021	174.738	0	
-6.45697	-8.80551	174.043	0	
-6.88615	-9.15315	172.957	0	
-7.31657	-10.271	178.109	0	
-1.21071	-10.789	172.443	0	
-5.39573	-8.86916	173.151	0	
-7.05085	-8.07096	174.146	0	
51.6218	-8.93439	195.534	0	
54.4416	-9.88746	168.862	0	
50.4326	-9.64217	180.339	0	
53.3376	-10.9563	143.455	0	
52.2194	-9.73457	173.965	0	
51.9153	-10.6001	152.026	0	
48.1848	-10.2685	163.4	0	
51.9116	-13.1212	92.571	0	
51.596	-11.7687	119.479	0	
59.4833	-16.5357	41.1608	0	
47.3413	-13.4001	98.1017	0	
50.1373	-12.5452	108.024	0	
51.8791	-11.3584	129.316	0	
50.8896	-12.1633	110.392	0	
49.5639	-14.1566	77.3873	0	
53.9268	-13.6062	77.3348	0	
-43.1862	-12.7243	479.378	0	
-43.0572	-10.1104	396.148	0	
-42.8777	-9.44183	364.329	0	
-42.8554	-11.3378	443.301	0	
15.7036	-15.7275	176.872	0	
18.2396	-13.6082	189.306	0	
142.38	-10.5152	208.058	0	
145.489	-10.0794	209.753	0	
123.973	-7.48377	200.648	0	
121.561	-8.93289	201.593	0	
-110.061	-8.28127	289.691	0	
-109.555	-6.35467	224.191	0	
145.89	-7.85459	205.426	0	
151.609	-9.73573	217.889	0	
73.2025	-9.30439	214.783	0	
74.1234	-7.01008	210.754	0	
-134.958	-12.6836	423.995	0	
-133.58	-11.3102	374.484	0	
-153.634	-12.9993	334.571	0	
-151.147	-12.0574	347.246	0	
98.6949	-16.2958	197.093	0	
95.0138	-12.0735	189.246	0	
31.9951	-13.498	218.234	0	
32.8365	-13.5326	217.93	0	
35.9785	-13.6089	196.45	0	
37.0674	-10.7844	215.702	0	
106.395	-10.8402	188.836	0	
103.139	-9.63514	184.869	0	
161.609	-8.73907	237.086	0	
162.715	-6.82405	239.965	0	
-71.1238	-7.30366	276.457	0	
-70.1276	-9.51055	366.454	0	
-67.2237	-11.9937	455.022	0	
-65.1378	-12.5542	485.043	0	
-97.2342	-8.66353	333.503	0	
-101.108	-10.2804	408.732	0	
-93.1186	-10.3797	430.212	0	
-94.6431	-12.0992	531.112	0	
-57.5416	-11.4215	424.077	0	
-57.8597	-12.9892	451.234	0	
-111.85	-7.15232	248.198	0	
-113.08	-9.22277	318.199	0	
-84.8469	-9.85472	409.902	0	
-80.9811	-9.39447	391.424	0	
83.5913	-10.0412	207.545	0	
92.6728	-12.728	199.303	0	
-104.155	-9.13715	337.892	0	
-102.456	-8.41021	304.038	0	
-23.8163	-9.99089	390.925	0	
-18.1978	-9.18039	280.221	0	
-33.6111	-10.5227	463.403	0	
-32.9044	-9.20331	386.21	0	
-38.1997	-9.36606	376.039	0	
-36.459	-9.01646	372.944	0	
154.611	-9.23911	223.237	0	
151.643	-7.48313	214.776	0	
124.828	-10.8194	210.601	0	
126.799	-12.3325	215.338	0	
127.402	-14.7436	217.183	0	
131.778	-13.7427	215.932	0	
-161.019	-9.69723	164.882	0	
-159.884	-14.631	241.116	0	
-16.8861	-9.39745	260.314	0	
-16.0571	-10.0889	268.192	0	
-9.49814	-16.3992	279.53	0	
-9.01884	-8.98935	178.218	0	
-39.8219	-9.5784	391.062	0	
-39.489	-6.46289	244.459	0	
-2.55848	-8.8644	179.558	0	
-3.79062	-6.6516	190.144	0	
56.3294	-16.8609	36.4106	0	
56.8339	-13.6628	74.3409	0	
-43.6007	-14.5693	503.688	0	
-40.586	-10.9611	452.581	0	
-111.371	-9.57655	337.857	0	
-109.339	-10.4377	378.948	0	
73.2129	-10.9268	206.145	0	
74.6218	-8.07538	214.475	0	
-135.954	-12.0756	403.916	0	
-134.065	-12.1878	410.928	0	
-136.747	-12.843	427.521	0	
-136.223	-14.0176	481.729	0	
-134.059	-12.6581	426.388	0	
-132.724	-11.7636	394.608	0	
-139.033	-10.1219	337.06	0	
-136.016	-15.9491	537.353	0	
-135.328	-12.9013	440.382	0	
-129.979	-13.7703	492.061	0	
-142.128	-13.9207	457.759	0	
-137.587	-14.8457	501.715	0	
-131.252	-13.8504	481.332	0	
-130.283	-12.063	399.716	0	
-153.449	-15.796	378.511	0	
-152.481	-12.7825	350.066	0	
36.3909	-14.573	180.146	0	
38.4264	-11.7186	195.513	0	
35.0381	-15.0175	187.801	0	
41.5401	-13.9964	131.87	0	
160.269	-11.0334	232.576	0	
166.621	-8.82561	244.758	0	
-74.0731	-7.09834	262.787	0	
-72.3844	-9.42563	362.776	0	
-112.7	-10.8911	387.511	0	
-110.319	-9.3513	328.358	0	
-106.995	-9.34217	342.276	0	
-99.3968	-11.6245	480.514	0	
-99.9472	-7.73517	280.473	0	
-103.39	-7.49482	267.259	0	
-35.121	-10.4942	453.604	0	
-30.1398	-15.3101	633.978	0	
-16.8412	-11.3294	328.179	0	
-14.3489	-10.9231	251.812	0	
-41.3931	-10.9177	434.771	0	
-36.6224	-11.239	472.402	0	
74.2477	-13.3983	193.151	0	
73.7168	-10.132	212.491	0	
-138.85	-16.9614	567.437	0	
-134.511	-15.4905	530.707	0	
-156.114	-15.0896	320.867	0	
-152.939	-18.6731	424.936	0	
-116.091	-13.4167	495.784	0	
-113.093	-15.0893	589.126	0	
-112.223	-11.1337	410.525	0	
-110.521	-12.2192	463.52	0	
-18.5546	-10.5024	333.084	0	
-16.5683	-15.2835	428.43	0	
70.9097	-12.8739	172.642	0	
75.9157	-11.3545	212.768	0	
74.7398	-11.1829	208.775	0	
74.7658	-11.9511	207.201	0	
-113.326	-10.9999	410.573	0	
-111.744	-13.3004	518.791	0	
-108.775	-13.6323	534.864	0	
-108.569	-10.9279	404.812	0	
-111.803	-14.4549	550.808	0	
-109.269	-12.8261	492.899	0	
-114.556	-12.5401	466.248	0	
-110.779	-20.186	746.38	0	
-163.205	-5.59885	97.5908	0	
-162.417	-3.64418	94.7394	0	
-86.8635	-9.26631	376.211	0	
-89.0771	-8.32606	319.314	0	
-77.5496	-10.1281	418.992	0	
-76.2848	-9.47917	375.099	0	
18.6445	-11.6243	191.703	0	
21.7955	-9.23599	202.644	0	
-99.1773	-9.70327	375.854	0	
-96.5883	-8.8743	343.808	0	
-129.044	-10.2899	334.803	0	
-128.557	-8.54464	268.809	0	
1.11849	-10.2971	176.42	0	
4.31101	-11.7346	174.65	0	
-2.62666	-9.98727	174.752	0	
-5.22365	-9.91974	171.387	0	
3.02365	-10.1484	182.017	0	
0.435867	-10.4086	176.596	0	
4.13032	-12.4696	171.525	0	
6.66193	-10.7215	184.179	0	
0.725716	-12.7568	171.036	0	
2.82789	-13.3024	170.405	0	
4.84644	-13.8337	169.864	0	
6.64343	-14.1212	168.851	0	
7.38196	-8.09032	204.487	0	
5.06553	-10.3916	183.266	0	
6.83775	-7.26476	208.269	0	
4.33985	-7.86102	199.142	0	
-124.561	-10.5755	362.665	0	
-119.486	-11.739	413.29	0	
26.2888	-11.8278	217.38	0	
28.0916	-14.7214	218.465	0	
136.747	-9.26146	206.677	0	
137.276	-13.2649	212.155	0	
139.17	-13.8917	212.043	0	
142.676	-14.2099	212.546	0	
11.1123	-13.8861	172.418	0	
13.0356	-14.2853	176.823	0	
110.737	-11.8838	195.922	0	
113.067	-11.3295	198.012	0	
-144.021	-12.0818	392.81	0	
-138.16	-12.9448	438.132	0	
119.085	-23.0164	209.276	0	
119.431	-14.3524	213.984	0	
165.321	-6.54278	244.877	0	
172.183	-5.15465	254.063	0	
-117.666	-10.0698	342.225	0	
169.723	-1.49973	254.858	0	
-114.756	-10.6258	381.761	0	
105.1	-11.1956	187.134	0	
107.716	-10.5536	190.643	0	
57.2124	-10.7341	152.195	0	
62.7688	-12.7528	110.918	0	
39.8401	-14.2677	151.199	0	
43.5562	-15.2691	100.483	0	
-10.2324	-10.669	195.226	0	
-9.19203	-12.8849	224.406	0	
45.2848	-14.4092	97.7	0	
47.2251	-14.9342	74.6006	0	
141.804	-11.9037	210.764	0	
144.821	-14.1279	212.697	0	
119.831	-8.84162	200.607	0	
118.375	-12.0907	206.778	0	
30.34	-16.0598	205.966	0	
35.7458	-15.3828	177.363	0	
-63.8949	-14.2758	513.683	0	
-61.2138	-11.8682	440.08	0	
121.211	-10.8462	207.733	0	
123.284	-12.5225	214.682	0	
124.442	-14.2789	217.3	0	
126.127	-16.3289	217.623	0	
129.018	-15.0286	218.835	0	
131.995	-15.2427	215.283	0	
-164.084	-7.66904	110.493	0	
-160.492	-12.4129	204.096	0	
-158.579	-13.7622	251.948	0	
-159.277	-13.4436	234.356	0	
-2.97685	-9.37837	171.958	0	
-0.350312	-8.61025	184.268	0	
-47.3161	-16.3881	487.436	0	
-34.4362	-11.4209	490.86	0	
-71.894	-12.4431	498.92	0	
-70.3732	-12.3224	481.85	0	
-38.8873	-13.7917	533.669	0	
-35.556	-10.9302	469.437	0	
-37.2357	-11.0486	466.285	0	
-35.9513	-12.3354	517.686	0	
-140.621	-19.4341	604.47	0	
-135.567	-18.4767	616.993	0	
-119.672	-15.1736	557.303	0	
-111.723	-17.752	671.823	0	
-110.556	-16.5882	652.889	0	
-113.31	-16.7389	647.793	0	
-79.9674	-11.5682	493.272	0	
-74.5633	-10.4052	423.444	0	
18.6836	-12.9977	189.451	0	
21.7936	-10.5498	202.452	0	
-5.01819	-11.1084	173.555	0	
-2.6777	-16.7848	203.704	0	
4.69171	-14.4391	168.581	0	
1.12156	-15.5902	178.756	0	
6.96399	-14.7768	168.927	0	
9.76229	-13.8335	170.932	0	
26.2057	-10.7086	214.757	0	
23.7054	-14.5778	206.637	0	
11.1777	-15.3527	172.398	0	
11.1385	-16.2641	169.307	0	
15.5195	-14.7291	180.138	0	
15.0312	-12.2633	185.525	0	
-144.385	-14.1641	459.415	0	
-141.435	-13.7826	460.818	0	
-139.763	-11.9302	404.525	0	
-143.504	-13.263	443.148	0	
171.162	-2.92098	254.418	0	
171.09	-0.561988	253.73	0	
102.064	-15.6936	191.132	0	
104.636	-13.6035	189.03	0	
55.1733	-11.2797	133.58	0	
56.0922	-12.5361	98.6763	0	
36.4906	-17.876	139.74	0	
43.3115	-17.9768	65.1468	0	
50.4424	-18.2007	32.2073	0	
46.797	-13.9556	93.1596	0	
146.831	-12.0958	212.645	0	
147.281	-8.18607	208.597	0	
121.836	-17.0485	217.01	0	
122.382	-12.0556	210.927	0	
123.573	-17.3976	217.257	0	
125.317	-14.0107	216.513	0	
-167.562	-10.7699	107.499	0	
-162.295	-11.6008	168.163	0	
-36.9568	-12.2897	515.797	0	
-35.2647	-17.4731	604.821	0	
-75.4759	-18.759	658.39	0	
-76.5203	-14.2876	580.41	0	
18.4823	-15.7402	185.115	0	
21.5392	-12.1986	199.156	0	
5.03041	-17.1832	173.308	0	
10.9703	-18.1946	174.082	0	
23.6679	-8.6831	204.403	0	
24.1357	-12.2009	207.494	0	
21.3897	-13.3635	198.949	0	
22.4874	-15.2372	201.467	0	
14.9436	-20.9802	184.069	0	
13.2558	-16.4445	175.194	0	
-143.986	-15.0087	486.738	0	
-144.587	-17.9244	547.631	0	
-143.086	-13.6453	443.995	0	
-142.3	-15.9136	513.943	0	
169.724	-4.96942	252.052	0	
172.202	-2.39799	254.624	0	
56.227	-11.7321	122.142	0	
56.0408	-14.904	54.4169	0	
120.296	-13.1737	212.596	0	
124.295	-15.4353	217.236	0	
119.801	-12.5275	209.642	0	
118.625	-13.5899	211.257	0	
123.494	-13.6035	214.816	0	
120.982	-14.5194	214.819	0	
124.963	-16.2521	217.885	0	
126.334	-15.2438	218.359	0	
121.165	-16.2387	216.882	0	
123.277	-15.601	217.659	0	
122.905	-16.5822	217.291	0	
124.612	-17.2332	217.405	0	
122.94	-18.7816	215.986	0	
124.815	-19.1639	214.817	0	
128.488	-23.6631	202.15	0	
128.316	-18.0352	217.282	0	
121.774	-18.6476	216.573	0	
126.832	-18.3671	215.009	0	
119.301	-17.8494	216.158	0	
124.389	-22.3941	210.987	0	
125.244	-18.0087	216.6	0	
123.55	-19.7725	215.554	0	
123.218	-21.303	210.498	0	
125.715	-21.3622	209.005	0	
-39.9786	-12.1078	493.509	0	
-38.2458	-13.8416	546.742	0	
-34.8237	-13.7867	583.966	0	
-36.126	-13.0473	544.797	0	
6.30484	-19.1096	179.645	0	
10.2067	-17.6835	170.318	0	
-144.726	-13.2977	433.333	0	
-143.38	-18.5427	570.197	0	
-145.489	-14.573	462.018	0	
-145.847	-15.1623	474.99	0	
-140.832	-16.3424	534.883	0	
-142.694	-14.6982	478.53	0	
-146.458	-12.8881	409.88	0	
-149.765	-13.9442	401.745	0	
-145.527	-18.7033	551.463	0	
-144.899	-15.6584	496.913	0	
174.65	-1.27401	256.872	0	
-145.239	-18.0118	537.903	0	
121.889	-22.0906	209.358	0	
124.069	-29.0029	193.75	0	
-39.7887	-15.7216	548.727	0	
-36.9452	-14.1987	561.054	0	
-148.134	-21.0894	547.462	0	
-140.803	-17.9289	577.303	0	
-144.21	-20.033	587.07	0	
173.426	-3.18206	255.876	0	
173.354	-0.60098	255.692	0	
-143.195	-22.6595	631.11	0	
-143.386	-19.7951	595.659	0	
29.2392	-16.7491	203.539	0	
29.6061	-17.4662	194.433	0	
67.5472	-10.2165	185.707	0	
64.7303	-8.56548	218.798	0	
64.5025	-14.5018	88.0919	0	
72.66	-15.4432	140.2	0	
99.7693	-15.3005	192.769	0	
108.272	-17.0118	200.498	0	
61.1948	-11.9855	124.707	0	
62.7146	-11.9011	128.981	0	
-30.4783	-14.2596	608.302	0	
-25.6281	-15.2397	605.552	0	
-49.2748	-14.5967	474.349	0	
-49.1778	-18.585	465.254	0	
149.616	-10.4953	214.392	0	
150.643	-12.6852	217.504	0	
147.485	-9.91651	211.5	0	
147.949	-13.09	213.685	0	
147.737	-16.1629	212.819	0	
152.383	-14.4825	219.42	0	
-61.9434	-15.9699	511.595	0	
-52.5538	-16.0983	471.182	0	
-86.9715	-8.60138	341.988	0	
-85.5277	-11.318	492.846	0	
-19.1897	-8.1761	257.653	0	
-22.3516	-11.5031	436.042	0	
-24.6634	-13.6042	561.918	0	
-19.2197	-13.6521	466.459	0	
-100.337	-12.7866	540.142	0	
-100.722	-13.825	558.933	0	
-107.636	-15.6231	607.89	0	
-103.747	-11.7151	463.978	0	
-107.868	-13.7043	536.204	0	
-104.654	-13.3347	542.368	0	
137.943	-14.7932	212.581	0	
134.796	-20.0881	209.508	0	
107.495	-13.7485	194.236	0	
110.343	-17.1724	204.699	0	
112.087	-12.521	198.525	0	
112.077	-16.422	205.797	0	
164.081	-8.74196	241.379	0	
168.073	-8.4077	248.075	0	
47.0058	-19.0418	37.4232	0	
52.5195	-18.5361	25.5811	0	
33.7369	-17.3827	167.267	0	
41.5214	-19.0186	68.1321	0	
-65.6468	-16.5375	549.009	0	
-61.3447	-16.8616	508.433	0	
-63.7241	-18.6944	523.032	0	
-61.9893	-17.6002	512.517	0	
-58.7253	-18.5923	481.99	0	
-59.7778	-16.5185	497.542	0	
-157.713	-15.5743	290.475	0	
-155.859	-13.4124	288.664	0	
-159.572	-16.2153	266.205	0	
-150.905	-19.3604	466.513	0	
-161.89	-16.3528	215.785	0	
-160.887	-18.2609	265.751	0	
-163.446	-14.9883	184.558	0	
-164.138	-20.7855	234.196	0	
-159.359	-22.6639	339.62	0	
-159.51	-17.1212	271.089	0	
-3.59926	-10.8182	174.708	0	
-2.6613	-11.9493	170.502	0	
-165.727	-9.58478	108.236	0	
-164.319	-9.07289	116.45	0	
-166.016	-14.8459	150.925	0	
-163.755	-12.7391	159.254	0	
18.3335	-17.1654	184.239	0	
22.6285	-13.6272	203.382	0	
9.70675	-20.8181	183.532	0	
23.6413	-21.0748	185.803	0	
169.554	-6.47209	251.108	0	
174.438	-7.40819	253.868	0	
53.5878	-12.2639	105.44	0	
52.0414	-14.2762	65.8353	0	
113.708	-20.4784	210.326	0	
119.925	-16.5301	216.123	0	
3.71585	-18.7545	187.897	0	
13.8794	-21.6674	184.898	0	
-151.336	-13.696	378.183	0	
-151.646	-16.764	431.795	0	
120.479	-19.1572	215.062	0	
120.465	-24.8627	204.123	0	
122.14	-24.2076	206.926	0	
120.026	-26.8766	200.731	0	
-43.071	-16.4448	516.228	0	
-40.8297	-21.4052	501.271	0	
-38.4844	-15.5567	561.001	0	
-38.2021	-17.4313	571.243	0	
176.144	-3.50004	256.853	0	
180.329	-3.14443	257.295	0	
-138.019	-22.382	682.744	0	
-141.154	-18.6484	596.49	0	
24.219	-17.6261	196.856	0	
26.6511	-18.2258	197.252	0	
32.6021	-19.8891	149.279	0	
30.7115	-15.4561	207.543	0	
58.318	-13.4994	83.3673	0	
64.292	-12.642	121.167	0	
-88.8166	-10.4121	435.025	0	
-87.3908	-12.1293	527.095	0	
164.351	-10.2167	240.867	0	
172.045	-6.60062	252.75	0	
163.315	-11.4624	238.058	0	
166.863	-11.4633	243.434	0	
166.086	-10.2475	243.346	0	
165.751	-12.8095	239.545	0	
32.5695	-17.8428	173.985	0	
36.9118	-18.7876	113.018	0	
35.5271	-17.835	146.072	0	
34.267	-20.3263	129.681	0	
-154.854	-18.715	389.144	0	
-157.275	-17.2848	324.736	0	
-162.333	-19.6911	248.873	0	
-155.677	-19.8588	385.748	0	
-170.621	-5.66275	65.7727	0	
-166.771	-8.69133	96.0869	0	
-171.266	-11.4249	87.7803	0	
-167.958	-9.84809	93.2203	0	
20.7276	-18.8316	191.246	0	
26.4505	-20.7198	182.726	0	
16.8839	-19.2659	181.539	0	
17.2964	-18.1736	181.698	0	
170.783	-7.24721	251.237	0	
176.084	-4.97029	255.82	0	
51.3108	-16.5182	45.3564	0	
53.9252	-16.9807	37.8163	0	
117.86	-23.0014	208.361	0	
119.786	-20.3455	214.375	0	
174.641	-5.4694	255.274	0	
177.359	-5.97285	256.303	0	
-140.64	-25.0615	683.465	0	
-134.671	-16.892	592.188	0	
25.5111	-22.9143	173.899	0	
29.0431	-22.4229	157.474	0	
62.9217	-14.5976	79.381	0	
62.9062	-18.2636	37.8243	0	
159.322	-13.4383	230.32	0	
160.438	-15.4677	229.589	0	
168.086	-6.97353	248.193	0	
169.721	-9.5016	247.712	0	
164.992	-16.3472	233.951	0	
169.902	-14.9763	243.53	0	
-162.185	-25.3725	312.138	0	
-154.942	-19.5262	396.672	0	
25.2933	-17.6448	201.891	0	
23.4393	-19.972	191.986	0	
54.5074	-19.9603	20.0321	0	
57.8307	-16.8768	35.9943	0	
54.0558	-19.0957	20.6251	0	
52.7554	-21.441	15.525	0	
116.1	-17.2406	213.588	0	
117.965	-20.2913	212.793	0	
180.329	-1.52859	258.081	0	
178.521	-8.72924	254.982	0	
173.136	-7.94589	253.207	0	
177.13	-7.58362	254.621	0	
61.1286	-14.8311	69.7497	0	
64.6015	-15.4334	70.6294	0	
62.9865	-15.5851	60.8563	0	
69.9514	-16.7615	95.1164	0	
170.963	-8.84255	251.195	0	
172.514	-9.50076	250.309	0	
-155.126	-23.6365	435.833	0	
-146.422	-25.2994	602.773	0	
117.317	-21.5452	211.204	0	
120.362	-21.6145	210.957	0	
115.147	-20.4915	211.497	0	
115.902	-21.6635	209.865	0	
178.888	-5.4454	256.341	0	
173.187	-11.6909	249.685	0	
175.652	-8.51986	254.167	0	
113.427	-23.9785	207.501	0	
115.165	-23.6082	207.717	0	
112.725	-22.0207	208.444	0	
113.42	-28.6836	198.934	0	
178.86	-3.81746	257.437	0	
178.773	-0.720676	257.38	0	
175.731	-10.478	252.74	0	
181.812	-9.33292	254.807	0	
117.428	-19.0779	214.273	0	
112.751	-12.9913	202.338	0	
108.415	-19.5726	205.472	0	
111.354	-30.6389	196.836	0	
113.033	-19.1744	210.697	0	
114.036	-17.2519	210.828	0	
106.185	-16.4525	195.264	0	
105.624	-18.2651	200.186	0	
114.967	-15.6748	209.776	0	
114.279	-13.6855	205.569	0	
153.716	-11.9387	222.117	0	
162.924	-14.7927	234.662	0	
81.9297	-11.6404	219.899	0	
77.782	-11.776	218.604	0	
85.2261	-12.489	221.517	0	
85.843	-14.2097	226.1	0	
-21.5272	-16.6793	569.536	0	
-17.0595	-18.3944	489.407	0	
76.5764	-13.1662	207.971	0	
80.3724	-14.0388	224.666	0	
-120.626	-17.8733	643.875	0	
-115.617	-19.9586	720.218	0	
-115.954	-16.9786	644.824	0	
-108.998	-22.3159	789.488	0	
0.329316	-17.3335	195.449	0	
2.06071	-21.2952	212.875	0	
-33.0174	-19.5762	627.663	0	
-28.5278	-13.7894	594.287	0	
70.6812	-15.0024	124.464	0	
72.5202	-16.8072	148.966	0	
94.5261	-16.5934	207.751	0	
88.433	-17.1326	229.132	0	
-25.2044	-17.6812	638.565	0	
-20.2309	-15.7853	543.895	0	
-52.6351	-13.1474	453.959	0	
-46.3281	-17.5402	483.368	0	
-49.5806	-15.5748	474.235	0	
-41.1111	-18.7185	531.881	0	
137.176	-16.494	211.801	0	
136.813	-20.2368	206.99	0	
34.707	-23.2295	104.662	0	
38.3649	-21.9846	71.0409	0	
-172.669	-11.3879	82.3191	0	
-165.541	-28.9196	280.409	0	
-138.721	-20.478	640.56	0	
-134.927	-20.6092	674.026	0	
169.78	-23.0588	233.492	0	
170.922	-17.655	242.139	0	
48.3888	-19.7206	30.5555	0	
51.9331	-20.4799	20.0346	0	
46.1306	-19.8211	35.6268	0	
49.9182	-19.1677	25.4301	0	
52.0282	-24.3302	11.3494	0	
63.5318	-18.2293	41.1527	0	
59.0523	-22.6438	14.2515	0	
65.6206	-16.7628	62.932	0	
181.987	-5.76409	256.448	0	
182.02	-0.807917	257.474	0	
170.961	-12.6664	246.016	0	
177.888	-14.2958	249.452	0	
177.49	-24.6013	240.662	0	
192.507	-10.3816	254.218	0	
183.572	-8.81259	254.956	0	
185.295	-6.34848	256.323	0	
103.253	-16.6323	199.034	0	
104.704	-20.6484	204.795	0	
157.22	-20.4116	219.656	0	
158.601	-23.4425	217.996	0	
77.9674	-14.7724	209.24	0	
77.7324	-17.0286	195.215	0	
-121.832	-20.6489	711.282	0	
-117.243	-19.3391	713.039	0	
-112.824	-21.3494	763.825	0	
-112.215	-26.3098	831.558	0	
-2.40855	-15.6061	190.656	0	
-6.16538	-17.7765	246.715	0	
-3.46691	-21.4773	253.443	0	
4.41653	-21.8809	202.584	0	
-27.1186	-18.4533	647.69	0	
-25.9053	-18.7421	636.141	0	
-57.5457	-17.1277	483.476	0	
-52.9624	-16.8523	472.718	0	
43.2693	-25.2025	28.667	0	
35.7402	-21.6444	104.325	0	
36.7012	-22.3104	83.8137	0	
43.4522	-24.0805	29.4731	0	
-140.633	-22.6588	659.365	0	
-135.088	-21.5693	695.961	0	
185.151	-4.43328	256.942	0	
183.389	-3.30228	257.117	0	
175.75	-14.1029	249.502	0	
178.854	-12.4544	253.504	0	
185.466	-10.6289	253.982	0	
187.45	-10.1808	254.567	0	
183.608	-6.91684	256.232	0	
187.127	-3.76175	256.694	0	
79.648	-18.2184	201.288	0	
86.7158	-18.8408	234.785	0	
-124.82	-20.3878	700.794	0	
-114.957	-28.5859	844.147	0	
-60.2793	-18.6602	500.272	0	
-54.2292	-18.647	461.401	0	
-135.137	-34.8892	771.325	0	
-137.855	-23.5247	700.533	0	
-130.973	-21.659	712.505	0	
-134.483	-18.2471	618.931	0	
175.815	-16.2593	246.868	0	
177.953	-16.4522	248.401	0	
183.823	-12.9244	252.563	0	
179.953	-17.6465	247.198	0	
-139.379	-27.5785	716.331	0	
-127.441	-22.678	738.946	0	
189.977	-12.3785	252.61	0	
189.174	-0.969457	256.408	0	
-140.637	-26.5539	703.504	0	
-153.626	-28.9026	487.956	0	
-138.014	-26.9284	729.403	0	
-128.758	-33.3417	818.285	0	
-12.8358	-16.387	350.797	0	
-3.76726	-18.7723	234.632	0	
129.38	-19.7048	211.077	0	
127.802	-21.7364	212.162	0	
-153.375	-21.5009	447.052	0	
-144.144	-23.5909	631.368	0	
149.271	-20.4735	209.193	0	
153.856	-19.1485	217.277	0	
-106.593	-19.6889	736.055	0	
-105.996	-22.4506	791.437	0	
-44.6361	-25.8171	397.76	0	
-35.3664	-24.4565	519.318	0	
17.676	-24.3819	192.634	0	
21.1985	-25.1681	183.943	0	
25.6192	-23.777	169.88	0	
24.7826	-24.3992	169.65	0	
22.6327	-21.7117	186.64	0	
21.9962	-24.3384	181.124	0	
26.0166	-31.8076	140.454	0	
29.8072	-28.9473	118.087	0	
32.0181	-24.6212	113.109	0	
31.288	-20.1274	159.443	0	
27.725	-26.4824	142.038	0	
33.2546	-24.6991	106.079	0	
112.097	-26.1587	203.367	0	
110.095	-25.7666	204.939	0	
82.0316	-16.2231	228.375	0	
83.9667	-18.8943	236.252	0	
-17.6042	-22.5285	520.688	0	
-15.6049	-21.1227	470.258	0	
-24.2086	-20.066	617.982	0	
-18.3386	-20.1506	535.401	0	
-50.3581	-19.5464	451.165	0	
-47.3841	-20.0659	456.648	0	
110.532	-14.5808	201.225	0	
105.446	-15.0156	192.09	0	
-12.4872	-22.6255	427.39	0	
-4.88322	-29.621	346.179	0	
0.972628	-31.0829	313.835	0	
1.83412	-26.6788	264.26	0	
46.0875	-28.0769	16.1538	0	
41.6798	-22.7324	42.0095	0	
189.234	-7.00633	255.63	0	
183.498	-1.6613	257.912	0	
-130.897	-25.8639	771.468	0	
-131.358	-22.7822	731.584	0	
135.238	-22.5527	202.149	0	
136.35	-21.188	205.833	0	
125.007	-26.5991	198.117	0	
127.167	-26.1237	199.575	0	
-156.581	-24.5335	407.864	0	
-156.88	-29.0119	424.916	0	
18.5374	-22.2722	188.328	0	
19.4544	-27.0398	187.081	0	
20.8918	-27.9335	186.525	0	
23.8261	-32.1641	161.503	0	
32.2017	-32.1866	86.2306	0	
31.3614	-25.6086	119.221	0	
92.2757	-29.0877	209.848	0	
96.3431	-20.5213	213.596	0	
-57.895	-19.4545	473.725	0	
-49.6683	-26.5751	370.66	0	
-7.33569	-19.6034	287.506	0	
-9.73626	-25.4086	382.644	0	
191.971	-7.39408	254.053	0	
190.953	-3.91987	255.489	0	
139.778	-22.6502	202.798	0	
138.432	-18.4218	210.132	0	
137.12	-18.3726	209.611	0	
10.4547	-21.6564	185.922	0	
10.8962	-26.3559	214.884	0	
189.261	-4.8872	255.9	0	
195.22	-4.46159	254.323	0	
2.76726	-29.0805	279.607	0	
14.9426	-26.7889	205.923	0	
195.22	-2.13492	254.949	0	
193.068	-5.27708	255.29	0	
192.981	-0.971591	255.09	0	
-72.8446	-18.0706	623.91	0	
-70.2166	-15.3526	561.518	0	
117.218	-26.6502	200.764	0	
117.91	-31.1383	192.561	0	
-35.3422	-21.2467	572.95	0	
-27.9761	-23.5329	591.439	0	
61.4738	-24.2321	15.0951	0	
68.8162	-24.6208	37.4183	0	
106.17	-29.3496	199.506	0	
107.998	-20.5256	206.069	0	
-112.172	-30.3493	854.164	0	
-107.892	-28.9295	848.54	0	
33.0674	-26.7554	95.5161	0	
29.9191	-31.3975	106.943	0	
-13.4959	-23.2613	440.83	0	
-11.7488	-16.9918	337.753	0	
-28.8629	-25.039	560.715	0	
-30.6997	-24.8809	557.981	0	
37.9819	-25.9782	56.9007	0	
41.2661	-29.7153	30.8034	0	
50.8998	-27.0615	10.5887	0	
50.0035	-21.1085	19.2336	0	
-123.32	-24.2519	787.272	0	
-128.319	-19.9166	686.471	0	
127.36	-30.9698	186.938	0	
131.501	-30.6575	188.289	0	
-159.469	-26.4319	357.395	0	
-159.252	-29.3643	384.8	0	
7.42366	-32.4693	277.468	0	
24.3932	-36.1293	159.215	0	
31.2098	-39.2023	95.1554	0	
36.8266	-36.7536	50.891	0	
-58.6062	-24.1891	437.931	0	
-53.2747	-27.4297	373.249	0	
-48.3842	-29.2189	342.584	0	
-41.1726	-25.7498	430.319	0	
134.602	-30.7224	188.672	0	
138.035	-38.8022	180.096	0	
138.415	-28.8234	192.074	0	
134.778	-31.9236	185.301	0	
9.8242	-24.0218	201.079	0	
11.7856	-25.4153	206.604	0	
197.651	-5.88479	253.276	0	
199.886	-2.3915	252.79	0	
116.787	-33.6991	181.934	0	
120.736	-35.9033	177.471	0	
103.579	-21.8088	207.375	0	
99.3758	-23.3058	216.077	0	
-113.945	-22.045	773.387	0	
-116.445	-23.5381	794.925	0	
-116.137	-33.2844	856.698	0	
-110.814	-33.1386	859.483	0	
31.841	-33.6412	85.8271	0	
37.9372	-34.9621	43.946	0	
-11.0006	-24.8519	415.295	0	
-5.85665	-23.4778	324.261	0	
-28.0321	-19.4236	639.487	0	
-32.302	-26.4738	510.107	0	
-27.6485	-31.0226	483.344	0	
-17.4213	-29.7399	485.02	0	
35.7378	-27.0054	69.1334	0	
40.1767	-30.5435	35.4946	0	
39.8055	-31.9508	36.4193	0	
49.4296	-29.9873	10.6808	0	
35.7463	-32.7006	58.0324	0	
39.3434	-39.3711	40.9167	0	
44.4141	-30.7625	18.6802	0	
56.3558	-28.6195	8.38437	0	
-126.887	-30.7555	824.26	0	
-126.951	-24.0696	772.404	0	
-50.0404	-31.7072	346.097	0	
-46.1476	-36.0829	345.001	0	
-45.814	-29.8202	359.395	0	
-34.6089	-26.1227	490.705	0	
129.381	-27.8881	195.838	0	
130.052	-33.9604	182.215	0	
195.262	-11.2847	252.075	0	
197.518	-8.71316	252.662	0	
111.054	-33.3562	187.121	0	
115.227	-40.9641	179.012	0	
122.62	-38.2641	178.85	0	
127.878	-33.4671	182.361	0	
-122.016	-23.7107	780.527	0	
-125.151	-28.4574	819.192	0	
-106.764	-35.485	853.619	0	
-104.361	-27.195	840.823	0	
30.0046	-35.1592	100.963	0	
23.7076	-40.7966	167.722	0	
-19.4301	-25.5802	545.05	0	
-6.80791	-26.4413	355.898	0	
-28.7029	-28.1217	515.131	0	
-24.4515	-24.6138	573.586	0	
33.9892	-34.3661	68.9976	0	
34.7636	-36.7896	65.3974	0	
52.4443	-31.3824	8.92334	0	
54.0826	-25.6735	9.69706	0	
-128.891	-31.5309	817.625	0	
-121.868	-32.7018	842.679	0	
129.727	-37.6834	175.927	0	
137.017	-35.6856	182.05	0	
197.02	-14.832	250.723	0	
202.346	-22.4197	245.155	0	
191.898	-18.3323	248.522	0	
201.694	-8.54362	251.578	0	
122.228	-41.0066	171.054	0	
129.451	-41.4088	173.678	0	
-116.376	-28.5632	841.215	0	
-120.948	-27.1784	819.814	0	
36.3188	-44.1278	64.2254	0	
43.0656	-38.0719	26.448	0	
205.917	-8.66724	249.98	0	
202.424	-1.22816	252.065	0	
199.907	-13.5516	250.473	0	
204.745	-12.429	249.69	0	
38.0407	-41.4653	50.1237	0	
43.0216	-45.4054	40.941	0	
44.8096	-41.9155	27.4939	0	
207.964	-10.225	249.323	0	
41.8485	-43.4231	40.2435	0	
201.804	-6.08585	251.729	0	
203.873	-5.0115	251.396	0	
210.081	-15.2307	247.422	0	
212.977	-14.5971	246.742	0	
210.553	-6.7644	249.013	0	
207.335	-1.32043	250.256	0	
205.961	-6.28584	250.383	0	
208.385	-5.26348	249.789	0	
204.743	-18.5521	247.619	0	
208.93	-18.8468	245.924	0	
214.828	-3.11396	248.594	0	
209.246	-2.76097	249.694	0	
214.722	-8.90242	247.364	0	
213.017	-1.44054	248.501	0	
219.008	-1.67342	246.462	0	
220.971	-14.9635	245.687	0	
-164.426	-29.7265	299.357	0	
219.588	-9.77869	245.946	0	
-167.693	-36.2209	284.646	0	
-177.023	-12.1884	76.4962	0	
-178.126	-21.457	121.204	0	
-173.938	-12.6789	83.0014	0	
-176.333	-16.5597	101.536	0	
198.297	-21.7725	247.372	0	
189.749	-15.6663	250.554	0	
3.03269	-22.3116	213.055	0	
0.656783	-22.6886	236.885	0	
148.247	-27.0095	200.617	0	
157.373	-29.1174	209.906	0	
-104.829	-25.5547	831.876	0	
-99.0354	-27.6788	833.84	0	
91.5383	-24.7217	226.82	0	
101.334	-31.3555	205.13	0	
6.76242	-38.7843	328.32	0	
17.8784	-34.536	217.508	0	
-155.078	-33.4705	479.08	0	
-147.719	-26.2128	587.544	0	
144.479	-29.463	193.988	0	
140.207	-32.0151	187.281	0	
104.094	-37.4144	190.582	0	
106.265	-32.6889	191.15	0	
43.5759	-33.8626	21.6455	0	
49.2158	-33.5235	11.6175	0	
-52.7322	-30.528	338.933	0	
-58.3114	-34.0289	382.866	0	
-44.9236	-40.762	368.662	0	
-39.524	-37.406	368.431	0	
-40.6725	-28.1794	405.577	0	
-35.3124	-33.6764	412.896	0	
-101.363	-36.4847	837.732	0	
-104.163	-31.3136	850.844	0	
20.2471	-41.7556	212.273	0	
27.4825	-47.5541	148.26	0	
-6.99927	-42.453	437.214	0	
-10.2698	-30.4149	431.429	0	
131.137	-40.598	174.329	0	
132.559	-43.5867	173.214	0	
119.693	-41.9238	175.88	0	
119.213	-44.4901	168.663	0	
-161.961	-22.9069	297.844	0	
-161.799	-29.6286	339.798	0	
-166.355	-21.9043	218.295	0	
-166.818	-26.6949	244.896	0	
-166.946	-29.5433	259.912	0	
-158.144	-28.4677	400.989	0	
-166.278	-19.4884	190.199	0	
-173.833	-25.6551	166.346	0	
-163.952	-38.5129	348.26	0	
-163.283	-32.0718	329.52	0	
-169.7	-26.5022	209.829	0	
-166.221	-36.5736	317.029	0	
-166.851	-40.8898	315.438	0	
-154.831	-37.4123	477.501	0	
183.827	-15.7122	250.413	0	
188.041	-23.0843	244.739	0	
154.298	-24.108	210.915	0	
151.888	-25.3466	205.914	0	
-96.7943	-29.6642	827.932	0	
-97.1864	-20.8292	780.123	0	
15.8876	-31.2309	222.985	0	
15.9155	-42.571	257.859	0	
-159.379	-35.6961	401.418	0	
-152.597	-40.4715	539.06	0	
-151.921	-28.9656	526.521	0	
-147.991	-36.1087	607.038	0	
46.935	-41.8775	24.088	0	
48.7453	-39.9802	17.7733	0	
-61.3879	-32.1817	416.093	0	
-59.0415	-39.199	389.845	0	
-37.3283	-34.2014	387.959	0	
-20.4499	-34.7211	478.432	0	
-94.9795	-36.3067	804.393	0	
-99.8049	-31.9703	836.121	0	
144.386	-49.8223	183.076	0	
137.646	-29.8863	189.617	0	
126.344	-47.5285	171.347	0	
135.662	-47.4701	176.346	0	
117.682	-39.5225	172.507	0	
116.416	-45.7145	172.225	0	
107.808	-62.0715	168.573	0	
112.716	-52.4045	167.203	0	
114.441	-44.5897	169.887	0	
118.332	-49.2947	169.979	0	
118.059	-52.5995	167.81	0	
122.586	-50.8603	169.64	0	
124.963	-66.7877	178.013	0	
112.851	-58.7183	169.389	0	
127.32	-51.3865	171.45	0	
124.147	-45.8973	169.028	0	
126.735	-60.522	173.595	0	
137.153	-50.3223	177.44	0	
125.294	-50.2279	169.162	0	
130.889	-49.7782	171.315	0	
-171.292	-26.983	196.504	0	
-169.978	-31.3574	242.361	0	
-171.335	-50.5724	294.658	0	
-156.468	-43.4562	485.865	0	
-97.5411	-30.7303	830.402	0	
-93.9921	-33.6882	806.945	0	
-95.3294	-24.5717	818.203	0	
-88.0407	-20.9291	773.199	0	
-159.144	-39.8656	430.441	0	
-157.24	-49.4609	459.685	0	
-100.039	-40.3778	817.893	0	
-95.6258	-43.5712	787.918	0	
-174.623	-23.8327	154.067	0	
-179.736	-35.6833	184.495	0	
-173.036	-34.5584	228.038	0	
-178.731	-31.3991	172.876	0	
-92.4884	-37.1638	782.778	0	
-88.6461	-33.0587	763.002	0	
-91.4254	-37.9982	778.695	0	
-91.5985	-39.6574	766.86	0	
-86.6524	-34.9031	738.637	0	
-86.9313	-31.6797	755.301	0	
-93.6461	-25.4218	814.065	0	
-90.2027	-31.1486	786.15	0	
-86.6522	-23.3458	778.535	0	
-89.7348	-25.7798	797.175	0	
-109.834	-36.8998	858.054	0	
-111.219	-44.6517	831.462	0	
-96.7789	-40.4271	799.886	0	
-97.0393	-43.9014	795.38	0	
-183.264	-35.6544	168.176	0	
-174.205	-33.7887	213.329	0	
-177.176	-32.3376	181.463	0	
-171.372	-36.3526	254.235	0	
-91.889	-46.8171	757.195	0	
-84.6254	-40.854	711.02	0	
-83.1782	-35.3419	703.206	0	
-81.3339	-35.4843	675.322	0	
-77.5482	-28.2783	664.407	0	
-80.9039	-18.7583	713.878	0	
-100.739	-42.3703	820.119	0	
-100.274	-47.6721	791.623	0	
-185.159	-34.1766	153.114	0	
-175.683	-34.519	203.004	0	
-80.1697	-51.4494	650.803	0	
-78.4185	-33.8601	645.881	0	
-84.8243	-43.7685	705.609	0	
-79.8493	-46.1841	646.44	0	
-72.8804	-34.595	562.834	0	
-77.4775	-32.107	638.388	0	
-190.423	-32.0666	129.24	0	
-178.329	-39.4992	209.462	0	
-0.902573	-33.2161	349.095	0	
10.697	-34.2193	269.975	0	
-5.52403	-38.7294	420.363	0	
-13.7689	-40.3062	460.976	0	
3.73783	-32.1867	303.067	0	
3.08964	-34.3847	325.683	0	
-2.4555	-34.4474	359.226	0	
-0.52782	-40.3108	395.386	0	
-1.8492	-43.4971	418.577	0	
3.57911	-44.222	393.867	0	
-7.51211	-36.2805	406.17	0	
19.5537	-59.7486	269.929	0	
6.96992	-46.7968	359.917	0	
10.3483	-45.6459	347.205	0	
4.90752	-58.0639	419.849	0	
24.7654	-43.2828	171.396	0	
13.8938	-49.9028	300.275	0	
14.3509	-41.1221	265.089	0	
68.495	-30.3791	31.0088	0	
75.8255	-23.1417	122.207	0	
-29.5281	-36.3568	425.362	0	
-29.777	-39.2698	427.007	0	
-134.211	-30.1595	776.991	0	
-131.105	-38.9087	786.482	0	
-124.842	-40.8202	822.181	0	
-111.953	-40.7175	849.672	0	
200.649	-31.2631	241.082	0	
204.324	-26.959	244.01	0	
-186.444	-6.19456	60.1967	0	
-186.624	-9.32863	63.9617	0	
-182.281	-20.2502	100.905	0	
-180.781	-28.5952	145.72	0	
87.9515	-24.4477	225.152	0	
81.1392	-32.8019	122.436	0	
-57.513	-44.9672	439.087	0	
-42.7319	-53.0659	470.989	0	
181.979	-27.4285	240.414	0	
187.576	-34.9535	236.207	0	
161.383	-27.047	217.644	0	
162.275	-23.9477	221.772	0	
153.571	-29.4294	204.957	0	
153.283	-32.7961	200.934	0	
44.1644	-49.7644	49.5506	0	
53.8831	-45.5523	25.0055	0	
57.522	-55.1271	52.4241	0	
56.7647	-40.343	15.785	0	
61.2118	-38.9058	17.1826	0	
56.8603	-37.6402	12.5603	0	
148.024	-46.3098	187.135	0	
143.023	-34.5	186.729	0	
140.544	-33.7459	186.905	0	
143.641	-31.0209	191.801	0	
140.551	-50.1695	180.064	0	
137.311	-46.6229	175.696	0	
109.424	-44.4912	174.091	0	
112.651	-38.8478	175.629	0	
140.771	-64.5907	185.317	0	
133.207	-61.739	177.928	0	
-145.401	-50.3621	611.892	0	
-141.434	-40.3339	708.542	0	
-78.1152	-53.4187	650.587	0	
-72.4891	-49.0193	565.65	0	
-23.6923	-40.2713	448.203	0	
-10.4384	-49.5701	469.297	0	
0.535071	-54.6756	436.359	0	
-3.73435	-56.8197	465.618	0	
58.6708	-31.0544	9.15319	0	
71.5351	-34.6339	48.6918	0	
-143.484	-32.5355	676.493	0	
-146.279	-39.5726	624.011	0	
-129.775	-43.4199	785.736	0	
-124.957	-35.8904	835.029	0	
-137.706	-41.4821	711.041	0	
-120.93	-48.8867	785.764	0	
-122.773	-55.0127	736.118	0	
-120.784	-39.548	842.419	0	
-186.84	-19.5402	91.7302	0	
-194.045	-19.2557	86.8767	0	
74.4315	-41.6123	67.3089	0	
95.459	-61.9064	158.419	0	
195.239	-24.7559	244.049	0	
196.026	-17.83	247.987	0	
165.522	-29.3818	220.611	0	
172.049	-26.9572	231.775	0	
140.751	-51.7802	179.527	0	
144.847	-46.1786	183.107	0	
-139.506	-56.0798	617.255	0	
-137.212	-46.5409	725.759	0	
-117.694	-55.7545	757.826	0	
-115.577	-40.2595	846.916	0	
156.573	-37.9998	200.641	0	
168.05	-40.8932	213.197	0	
175.461	-29.0915	232.831	0	
168.932	-25.0247	229.955	0	
135.689	-53.5498	176.094	0	
147.389	-56.8366	187.092	0	
141.96	-41.2402	182.254	0	
141.03	-44.7883	180.733	0	
147.008	-60.1528	188.3	0	
156.563	-49.1966	197.152	0	
155.336	-60.3984	196.182	0	
158.318	-51.9807	199.006	0	
147.454	-50.0142	186.574	0	
151.031	-52.2496	190.577	0	
154.098	-66.5306	197.321	0	
163.595	-53.3383	204.5	0	
156.434	-47.4717	197.712	0	
148.328	-44.2659	188.189	0	
160.699	-44.1309	203.92	0	
165.394	-45.4233	209.031	0	
98.4653	-36.2254	188.572	0	
104.954	-41.5069	179.835	0	
21.9537	-54.1428	232.898	0	
21.5901	-48.9306	212.703	0	
-28.1154	-48.4475	452.114	0	
-16.4597	-47.8192	471.494	0	
212.03	-31.9379	241.751	0	
211.48	-22.8812	245.038	0	
63.9076	-53.865	57.8442	0	
58.8378	-48.1944	33.8842	0	
58.5301	-51.5208	41.4325	0	
60.2663	-45.3173	26.3797	0	
63.874	-39.9636	21.8074	0	
65.8722	-33.6634	19.6023	0	
131.74	-67.2171	181.708	0	
143.043	-56.57	182.743	0	
-78.2265	-58.6925	648.332	0	
-62.3978	-44.6497	476.132	0	
-61.5601	-35.8317	405.88	0	
-72.2954	-46.2842	584.438	0	
77.3246	-33.6243	85.2846	0	
80.9295	-25.2458	164.473	0	
-144.265	-42.2783	639.948	0	
-141.429	-32.2984	707.084	0	
-202.947	-13.9918	81.5986	0	
-190.306	-26.0406	110.451	0	
-114.859	-56.5497	755.174	0	
-109.859	-59.8802	740.039	0	
-113.942	-50.1918	799.164	0	
-105.318	-38.0751	843.542	0	
161.69	-52.0868	203.519	0	
167.085	-57.1465	207.913	0	
93.4077	-38.4037	180.672	0	
108.109	-48.5097	170.599	0	
103.225	-39.4891	180.76	0	
95.3099	-37.5236	181.999	0	
208.802	-35.9839	238.286	0	
218.588	-32.0793	240.488	0	
61.1842	-49.0034	38.5525	0	
75.343	-49.8389	81.6312	0	
144.843	-75.7887	194.588	0	
143.504	-64.0788	186.258	0	
-201.585	-31.9499	120.696	0	
-192.74	-25.7899	106.77	0	
-112.471	-42.9731	836.934	0	
-102.446	-48.0255	806.786	0	
181.372	-63.8772	219.48	0	
175.475	-47.9777	219.128	0	
68.6513	-58.6718	80.9011	0	
76.9222	-54.2534	92.7221	0	
-113.345	-47.4989	814.887	0	
-107.711	-47.9833	809.797	0	
93.1099	-52.7866	152.348	0	
83.3018	-36.8622	134.771	0	
58.0135	-29.7763	8.86493	0	
62.5193	-24.4219	15.7669	0	
58.115	-35.0474	10.5262	0	
63.5358	-31.6488	14.1261	0	
30.9096	-45.7035	109.745	0	
29.6597	-59.5095	178.812	0	
226.165	-24.5871	243.46	0	
229.919	-3.69763	245.347	0	
-91.7444	-54.7203	737.829	0	
-85.4473	-50.8827	702.202	0	
190.386	-30.758	239.256	0	
194.294	-43.3025	232.551	0	
-143.82	-66.6947	530.548	0	
-127.655	-53.4362	726.419	0	
144.177	-61.391	186.741	0	
159.168	-83.3268	209.242	0	
-32.5316	-51.3197	465.771	0	
-18.4797	-56.0462	497.356	0	
45.5731	-57.1312	78.2554	0	
71.3617	-66.8501	118.954	0	
-81.9504	-62.9176	670.106	0	
-76.3488	-70.0435	624.487	0	
-73.329	-55.7498	630.835	0	
-56.0433	-56.9432	519.635	0	
100.761	-50.8024	166.414	0	
96.5918	-42.0932	172.79	0	
199.619	-40.581	235.797	0	
223.586	-37.6394	238.156	0	
231.484	-36.8823	238.316	0	
226.359	-17.73	243.92	0	
127.973	-82.3487	193.27	0	
146.452	-71.83	194.887	0	
-100.083	-53.5245	767.161	0	
-84.9196	-71.7195	652.278	0	
-36.0733	-48.8309	433.005	0	
-40.5264	-58.0541	491.895	0	
37.2261	-56.706	111.204	0	
35.9328	-68.7488	171.743	0	
58.0152	-81.4295	166.835	0	
62.8379	-79.2945	156.695	0	
132.69	-80.8571	191.17	0	
146.254	-86.4909	200.857	0	
-45.0215	-63.2877	535.741	0	
-35.0855	-71.2623	533.466	0	
148.118	-79.1004	200.459	0	
150.465	-67.2847	195.813	0	
-50.9325	-57.0711	515.196	0	
-68.849	-69.2394	606.597	0	
-36.8467	-82.5127	529.885	0	
-26.1712	-62.0774	508.883	0	
-188.625	-35.2755	147.649	0	
-203.43	-43.0809	147.385	0	
-62.4484	-47.6852	479.314	0	
-49.9047	-62.9394	529.015	0	
-56.8229	-50.1164	472.16	0	
-55.9237	-65.6898	566.002	0	
-66.6089	-56.0044	586.965	0	
-59.4282	-61.3024	561.734	0	
110.027	-63.2401	169.965	0	
115.271	-57.6975	168.136	0	
-125.707	-60.4826	690.381	0	
-127.179	-82.5699	511.414	0	
63.2647	-55.7774	60.2191	0	
70.7797	-50.7592	67.4789	0	
65.6353	-68.5005	117.661	0	
70.8643	-63.8529	105.778	0	
67.786	-78.0784	153.002	0	
78.4522	-60.3608	116.052	0	
71.2649	-73.224	137.695	0	
92.4772	-63.9863	157.504	0	
65.7702	-79.7543	160.737	0	
88.1572	-85.622	183.593	0	
83.4546	-73.4915	155.19	0	
90.4855	-72.4102	162.977	0	
56.6195	-83.4064	178.865	0	
74.7198	-85.0166	175.984	0	
80.5046	-83.1047	174.065	0	
98.1299	-79.4582	178.614	0	
61.9011	-76.9219	149.216	0	
70.4494	-88.0339	185.548	0	
65.6591	-84.3527	176.599	0	
70.0072	-99.5521	209.742	0	
60.37	-70.925	123.855	0	
53.3583	-65.7207	98.8017	0	
60.0971	-90.7669	196.922	0	
58.0079	-96.893	214.621	0	
39.2285	-68.4725	149.589	0	
60.8142	-95.3372	209.164	0	
37.4934	-120.933	275.718	0	
62.591	-97.5334	212.594	0	
51.5265	-91.7442	211.106	0	
35.4714	-92.0719	255.674	0	
-92.2833	-65.6818	697.34	0	
-88.5619	-75.2901	639.429	0	
-70.9271	-84.4237	577.312	0	
-61.0588	-70.8399	592.588	0	
217.018	-62.1952	232.316	0	
219.077	-44.8444	236.313	0	
137.227	-82.0341	196.354	0	
157.238	-89.0633	208.436	0	
-212.183	-30.6754	116.533	0	
-216.501	-32.2629	118.732	0	
100.683	-69.6058	169.035	0	
105.951	-82.4762	187.005	0	
61.1469	-105.986	227.072	0	
71.9754	-102.562	214.582	0	
135.778	-106.274	211.618	0	
148.877	-97.5203	209.669	0	
158.334	-107.829	216.874	0	
166.193	-82.088	209.74	0	
58.8823	-113.478	239.186	0	
70.2627	-111.189	226.53	0	
72.1876	-108.125	222.398	0	
65.5902	-117.763	237.883	0	
71.3258	-126.169	237.291	0	
111.624	-114.771	215.184	0	
170.351	-67.1987	211.811	0	
196.122	-60.5444	227.532	0	
23.6071	-62.5686	237.309	0	
41.0152	-52.3293	73.1404	0	
32.8966	-66.2119	190.331	0	
47.9855	-57.3253	69.2794	0	
235.312	-53.9922	234.187	0	
235.004	-7.67886	245.183	0	
232.22	-29.4208	242.47	0	
86.1006	-89.1831	191.583	0	
105.156	-77.7621	180.238	0	
-89.729	-95.2972	529.574	0	
-93.8351	-92.5325	531.081	0	
-81.4371	-93.8394	533.899	0	
-59.1296	-96.381	507.921	0	
-215.119	-18.0717	97.2627	0	
-232.629	-17.062	107.004	0	
87.4363	-74.3675	165.356	0	
91.8208	-80.1114	177.765	0	
50.8946	-103.983	238.292	0	
-111.619	-85.7844	542.981	0	
-119.258	-98.8678	441.393	0	
-92.2513	-114.427	417.237	0	
-78.6662	-89.3674	546.738	0	
-154.746	-69.7342	415.194	0	
-123.122	-80.8589	544.96	0	
-36.3034	-92.986	491.519	0	
-22.0199	-95.8649	459.387	0	
-25.6586	-77.5805	518.519	0	
-16.3889	-71.9177	505.598	0	
-205.541	-51.6565	160.338	0	
-185.908	-65.2878	237.804	0	
-230.425	-50.1142	148.219	0	
-219.424	-46.2592	145.863	0	
115.822	-88.4655	192.281	0	
135.84	-93.6987	202.05	0	
127.58	-108.459	212.165	0	
154.033	-105.164	213.823	0	
200.651	-123.464	226.437	0	
187.026	-63.3289	222.321	0	
169.968	-92.4714	216.262	0	
193.698	-89.7022	223.491	0	
68.5016	-136.67	243.047	0	
90.1663	-124.512	225.951	0	
107.135	-126.309	222.552	0	
94.3939	-114.132	218.631	0	
94.3279	-99.1044	203.295	0	
-53.0116	-101.378	488.573	0	
-41.2352	-98.3261	482.783	0	
-75.4353	-110.915	455.772	0	
-43.8166	-115.561	415.599	0	
-34.2748	-132.078	361.28	0	
-35.9834	-111.469	428.594	0	
-46.7266	-127.72	372.019	0	
-26.2561	-114.948	404.55	0	
-230.619	-33.3124	120.479	0	
-91.5602	-100.443	482.32	0	
-81.3189	-105.32	468.864	0	
-177.218	-57.2796	246.622	0	
-139.354	-82.7317	463.016	0	
-28.6626	-119.664	388.693	0	
-16.4703	-101.922	434.527	0	
-11.8683	-77.5939	483.124	0	
-3.0257	-60.7043	460.382	0	
-214.435	-51.9208	157.999	0	
-217.976	-67.5863	183.659	0	
-188.758	-80.8405	237.183	0	
-157.087	-64.9698	409.89	0	
-225.176	-55.9548	159.671	0	
-231.519	-61.9975	171.266	0	
-208.988	-63.1394	187.078	0	
-214.983	-47.9439	149.403	0	
-200.71	-77.6205	209.696	0	
115.58	-99.7803	205.95	0	
118.238	-107.687	209.872	0	
-54.8515	-135.992	374.69	0	
-66.0449	-134.072	366.94	0	
-67.5818	-107.288	461.843	0	
-157.526	-93.6597	337.073	0	
-140.673	-99.2014	379.461	0	
-8.6229	-120.903	354.082	0	
-10.4877	-93.992	430.455	0	
8.95384	-94.5155	364.567	0	
-14.3809	-93.2514	452.775	0	
15.286	-84.4201	331.044	0	
0.919852	-81.2737	428.82	0	
117.742	-121.679	219.526	0	
137.647	-124.54	218.868	0	
-76.4857	-120.763	400.531	0	
-58.0954	-118.807	416.047	0	
-123.715	-110.562	386.572	0	
-132.874	-91.6389	433.647	0	
-16.4448	-128.203	356.872	0	
22.0345	-117.169	304.88	0	
14.2812	-89.4214	350.73	0	
40.8619	-89.8208	234.18	0	
112.614	-127.296	222.086	0	
119.652	-137.78	223.977	0	
103.627	-130.585	225.695	0	
102.881	-136.435	227.319	0	
123.618	-152.326	225.518	0	
131.601	-144.081	224.598	0	
95.2346	-149.853	233.569	0	
107.535	-140.222	226.507	0	
106.975	-147.726	227.584	0	
145.367	-142.508	224.345	0	
132.226	-137.059	223.046	0	
80.1342	-147.748	240.715	0	
123.344	-145.151	225.385	0	
132.688	-157.949	225.24	0	
156.758	-139.522	224.353	0	
150.216	-130.065	222.471	0	
115.336	-153.886	226.818	0	
164.637	-149.174	225.767	0	
151.825	-156.976	224.696	0	
183.594	-133.137	225.757	0	
151.077	-123.862	220.078	0	
142.024	-118.411	218.091	0	
132.12	-109.078	212.124	0	
130.579	-121.172	219.041	0	
-91.4798	-123.771	388.372	0	
-103.964	-117.546	394.933	0	
25.0079	-98.0891	305.905	0	
43.967	-115.788	262.6	0	
-128.014	-88.8323	478.154	0	
-103.102	-93.3743	516.028	0	
220.615	-72.4119	230.016	0	
42.4088	-132.508	269.34	0	
41.0121	-155.952	264.311	0	
218.342	-90.2791	227.637	0	
198.292	-66.5754	226.157	0	
-236.663	-88.1077	206.773	0	
-196.045	-92.4505	235.054	0	
-163.846	-82.4491	318.321	0	
-149.302	-59.1978	523.066	0	
-175.01	-84.4248	277.426	0	
-32.7319	-144.017	333.278	0	
-152.364	-117.53	305.686	0	
-158.625	-114.305	298.279	0	
-124.166	-116.82	371.286	0	
-98.7976	-113.148	429.288	0	
-21.3493	-147.629	338.471	0	
25.5883	-121.714	296.046	0	
68.2949	-147.688	246.961	0	
-83.1661	-137.252	357.496	0	
-99.1401	-129.587	373.917	0	
207.003	-75.104	227.184	0	
228.646	-94.7399	230.018	0	
196.096	-76.7675	224.598	0	
210.377	-96.0596	227.998	0	
-204.729	-83.3385	212.597	0	
-182.198	-124.219	256.968	0	
-203.506	-134.358	238.742	0	
-134.851	-157.6	293.961	0	
66.0495	-142.455	245.984	0	
51.0239	-158.66	262.01	0	
73.8446	-158.096	242.538	0	
-187.48	-112.321	252.691	0	
-196.663	-114.784	237.858	0	
236.144	-85.0968	228.138	0	
-209.147	-137.493	231.643	0	
-142.019	-126.761	314.299	0	
233.44	-106.167	228.254	0	
223.57	-113.477	228.588	0	
230.713	-132.216	229.129	0	
224.46	-146.625	228.927	0	
10.7633	-139.335	309.821	0	
11.9522	-147.851	298.558	0	
-201.906	-110.301	233.697	0	
-194.268	-99.9802	239.315	0	
200.449	-157.58	227.509	0	
-222.666	-131.358	226.858	0	
-171.751	-131.351	263.561	0	
-195.126	-153.09	245.88	0	
-127.027	-141.236	311.047	0	
-79.9416	-2.74361	183.289	0	
-79.7497	-1.96087	186.713	0	
-79.9966	-3.11523	182.417	0	
-78.559	-3.39852	183.526	0	
-153.467	-0.610136	181.92	0	
-153.925	-1.17054	184.201	0	
-153.28	-0.311644	178.232	0	
-154.062	-0.121303	184.182	0	
-154.324	-0.272102	187.207	0	
-152.917	-0.165467	179.744	0	
-154.041	-0.721393	185.806	0	
-154.636	-0.150799	190.723	0	
-154.865	-0.450323	189.281	0	
-156.562	-0.106443	175.332	0	
-156.41	-0.524956	176.592	0	
-156.825	-0.263509	176.255	0	
-156.238	-0.750263	179.665	0	
-156.048	-0.346819	176.803	0	
-157.137	-0.157065	168.494	0	
-156.947	-0.709711	176.823	0	
-156.282	-1.10886	180.584	0	
-155.8	-0.945727	183.86	0	
-157.712	-0.323015	174.846	0	
-157.812	-0.617355	171.655	0	
-158.017	-0.891324	168.198	0	
-157.783	-1.25202	167.438	0	
-148.632	-0.404331	188.512	0	
-148.156	-0.27955	196.949	0	
-148.449	-0.684667	196.54	0	
-148.464	-1.03464	193.001	0	
-147.937	-0.72698	200.684	0	
-149.014	-1.22525	192.624	0	
-148.899	-1.91682	189.108	0	
-147.672	-0.610253	199.517	0	
-147.844	-0.148153	185.036	0	
-147.442	-0.775464	204.454	0	
-147.261	-0.329075	206.012	0	
-147.475	-1.10507	203.017	0	
-146.858	-0.993632	210.86	0	
-147.968	-1.01263	196.262	0	
-147.618	-1.83546	192.305	0	
-148.202	-1.58333	192.955	0	
-147.737	-1.22551	197.427	0	
-148.419	-1.79794	190.582	0	
-148.698	-1.65058	190.438	0	
-148.924	-2.53592	187.078	0	
-148.214	-2.73354	187.174	0	
-148.717	-1.2751	193.735	0	
-149.254	-1.56167	190.529	0	
-149.596	-1.4102	188.575	0	
-149.699	-2.04904	185.387	0	
-149.38	-2.13654	187.052	0	
-148.943	-3.10495	187.914	0	
-149.979	-2.40994	184.929	0	
-149.27	-2.48175	185.095	0	
-149.374	-3.0792	185.263	0	
-149.467	-2.7152	186.334	0	
-150.147	-4.21888	196.735	0	
-149.639	-3.2718	188.31	0	
-149.871	-4.60169	200.601	0	
-148.854	-4.25349	196.077	0	
-137.382	-0.404331	233.462	0	
-136.709	-0.634492	238.756	0	
-137.212	-0.676663	236.08	0	
-137.36	-1.17644	223.581	0	
-136.69	-0.878194	229.16	0	
-137.24	-1.45206	220.118	0	
-136.944	-1.07603	228.605	0	
-136.418	-1.05551	230.347	0	
-136.12	-0.610409	235.069	0	
-137.62	-1.80927	212.168	0	
-136.876	-1.75749	212.683	0	
-136.462	-0.36216	239.8	0	
-136.942	-0.282743	243.116	0	
-137.677	-2.09697	204.801	0	
-137.141	-1.86796	212.51	0	
-136.605	-1.90521	210.01	0	
-136.372	-1.6867	214.72	0	
-137.957	-2.31641	202.71	0	
-137.431	-2.46198	199.726	0	
-136.937	-2.37637	203.447	0	
-135.648	-1.96893	206.786	0	
-135.917	-1.15729	226.143	0	
-136.513	-1.38547	219.423	0	
-138.131	-2.85123	193.606	0	
-137.896	-3.08467	192.376	0	
-137.115	-2.61336	197.846	0	
-137.184	-2.09369	204.107	0	
-138.532	-3.00061	191.518	0	
-138.649	-3.3434	190.176	0	
-137.703	-3.64542	188.645	0	
-137.025	-3.22744	190.918	0	
-137.235	-2.9432	193.688	0	
-136.309	-2.85076	194.762	0	
-135.886	-1.46784	214.583	0	
-136.105	-1.73261	211.827	0	
-139.014	-3.57441	188.097	0	
-139.165	-4.84677	191.125	0	
-135.405	-2.19704	201.557	0	
-135.309	-1.6255	210.216	0	
-135.801	-2.57048	198.157	0	
-134.471	-2.44066	196.363	0	
-135.762	-0.28893	238.389	0	
-136.219	-0.334276	239.47	0	
-136.167	-0.936591	227.367	0	
-135.734	-0.873116	227.636	0	
-135.417	-0.165467	228.721	0	
-136.038	-2.31753	200	0	
-136.372	-2.49866	200.064	0	
-135.677	-3.27135	189.776	0	
-135.144	-2.73429	192.41	0	
-137.819	-4.01384	189.222	0	
-137.101	-3.917	188.831	0	
-138.485	-3.96405	188.639	0	
-137.826	-4.81561	191.023	0	
-135.713	-4.09926	188.729	0	
-136.528	-3.17171	190.716	0	
-139.432	-3.09115	190.039	0	
-140.061	-3.22389	188.548	0	
-136.328	-3.53497	189.318	0	
-134.743	-4.08981	187.637	0	
-138.279	-4.67255	191.57	0	
-138.247	-4.22311	187.799	0	
-137.732	-5.2457	198.977	0	
-136.503	-5.5504	202.376	0	
-112.905	-2.29862	192.423	0	
-112.191	-2.58188	191.301	0	
-112.197	-1.3936	198.735	0	
-112.516	-1.4321	199.666	0	
-113.328	-1.96556	193.274	0	
-113.102	-2.96148	190.141	0	
-112.004	-0.847031	199.642	0	
-112.625	-1.17054	200.251	0	
-112.327	-0.3143	199.097	0	
-112.435	-0.950568	201.719	0	
-113.008	-0.837128	203.3	0	
-112.777	-1.69823	196.647	0	
-113.443	-0.544627	203.586	0	
-112.822	-0.635269	209.204	0	
-113.24	-0.276005	208.133	0	
-112.744	-0.148832	216.576	0	
-112.899	-1.1192	203.263	0	
-113.438	-0.08806	203.806	0	
-113.671	-0.222913	201.561	0	
-113.983	-0.134853	195.889	0	
-114.429	-0.407282	194.43	0	
-114.429	-0.838798	194.285	0	
-114.111	-0.935167	196.677	0	
-113.352	-0.807257	202.553	0	
-113.812	-1.21205	196.134	0	
-113.408	-1.13122	200.03	0	
-113.622	-1.99884	193.627	0	
-113.865	-2.40897	190.135	0	
-113.347	-2.66894	189.56	0	
-114.26	-2.51503	190.459	0	
-114.407	-2.87607	188.345	0	
-113.512	-3.36809	189.392	0	
-113.02	-4.05025	192.008	0	
-114.827	-3.02126	188.914	0	
-114.224	-3.42555	188.253	0	
-115.235	-3.55708	189.344	0	
-114.062	-3.9942	190.524	0	
-113.983	-3.66394	189.754	0	
-113.81	-3.05295	188.45	0	
-115.605	-3.47587	187.747	0	
-115.322	-4.65955	193.351	0	
-115.052	-3.94606	189.011	0	
-115.399	-4.22633	193.636	0	
-114.405	-4.14954	191.737	0	
-113.394	-3.97055	191.061	0	
-114.42	-4.5749	194.228	0	
-114.067	-4.72775	197.574	0	
-112.515	-3.66472	189.545	0	
-113.138	-3.33155	188.89	0	
-112.388	-3.23822	190.03	0	
-112.855	-3.69578	189.952	0	
-115.587	-2.98751	188.946	0	
-116.348	-3.52464	188.394	0	
-113.716	-4.48639	195.537	0	
-112.135	-3.98821	191.278	0	
-116.782	-3.82718	188.517	0	
-116.77	-4.27457	192.004	0	
-112.754	-5.98069	218.855	0	
-111.581	-5.13566	204.188	0	
-117.058	-4.62283	192.497	0	
-115.767	-4.9466	200.281	0	
-53.9868	-1.72289	184.436	0	
-54.8139	-2.24718	184.649	0	
-55.1321	-2.27266	184.345	0	
-54.9449	-2.83436	185.636	0	
-55.3525	-2.01304	183.995	0	
-55.7147	-2.43459	184.595	0	
-54.9855	-3.12853	188.044	0	
-55.0874	-3.87666	196.021	0	
-55.209	-1.63642	184.049	0	
-56.4588	-1.25375	183.904	0	
-55.9882	-2.53729	184.556	0	
-55.7727	-3.10101	186.601	0	
-56.2094	-2.35424	184.453	0	
-56.4735	-2.92013	186.519	0	
-55.8933	-1.90081	183.694	0	
-56.7044	-2.201	184.562	0	
-55.7941	-1.34903	183.395	0	
-56.2922	-1.49218	183.809	0	
-55.287	-3.2033	187.812	0	
-54.8932	-4.18001	199.966	0	
-55.5226	-2.98647	187.131	0	
-55.7204	-3.63935	192.262	0	
-55.9064	-3.61103	191.625	0	
-55.8495	-4.91652	211.164	0	
-54.2265	-3.81104	194.85	0	
-54.9628	-3.56056	191.549	0	
-55.8214	-4.37767	202.48	0	
-55.6658	-4.75459	209.613	0	
-55.4793	-4.38027	202.917	0	
-55.0506	-4.82446	211.425	0	
-53.8183	-3.77151	194.888	0	
-54.5652	-3.83222	196.2	0	
-55.209	-5.59239	228.06	0	
-54.5594	-4.99585	214.972	0	
-55.1646	-5.77567	234.661	0	
-54.7713	-5.34158	223.718	0	
-53.9584	-5.75772	234.843	0	
-54.0142	-4.33168	202.56	0	
-54.9147	-6.00739	241.368	0	
-54.399	-5.90506	238.163	0	
-55.2673	-6.13489	244.807	0	
-54.6634	-6.57788	260.178	0	
-54.2477	-6.4465	253.447	0	
-53.6627	-6.43987	254.95	0	
-54.1442	-6.93477	270.598	0	
-53.6198	-6.66028	262.311	0	
-52.8717	-5.92547	240.485	0	
-52.4056	-5.02576	217.562	0	
-53.2835	-3.54346	193.204	0	
-52.7286	-2.49842	185.57	0	
-25.7799	-2.03745	203.529	0	
-25.9451	-1.38237	216.526	0	
-25.3818	-2.18479	199.644	0	
-25.3762	-1.66422	210.552	0	
79.7121	-1.80436	219.833	0	
80.5132	-2.15796	214.15	0	
79.3531	-2.37949	209.788	0	
80.2237	-2.09887	216.578	0	
79.8882	-2.99884	202.956	0	
79.9968	-2.33179	210.711	0	
80.7228	-2.42337	211.084	0	
80.9233	-1.93789	217.589	0	
80.6396	-2.80333	205.595	0	
81.2307	-2.52011	210.487	0	
81.1012	-1.74405	223.205	0	
80.6112	-1.61541	222.342	0	
81.5059	-2.26489	213.244	0	
81.4615	-1.24984	228.887	0	
82.2127	-1.90571	219.006	0	
81.6556	-1.51382	227.655	0	
80.2033	-2.77083	207.297	0	
79.9715	-3.4033	199.607	0	
80.7232	-3.51167	197.804	0	
81.3713	-3.32495	199.048	0	
78.9054	-2.18557	216.803	0	
78.704	-2.84166	206.179	0	
78.4209	-3.26177	199.652	0	
78.7134	-3.79603	196.563	0	
36.433	-1.88778	213.494	0	
36.4384	-1.01318	224.093	0	
37.0707	-1.89264	212.087	0	
36.7585	-1.3596	218.283	0	
36.9684	-0.677182	224.648	0	
36.1495	-0.408067	231.296	0	
35.938	-1.15917	224.132	0	
36.1898	-0.93914	225.76	0	
35.2687	-0.928879	223.687	0	
35.6811	-1.05431	223.911	0	
34.7507	-0.751651	223.15	0	
35.3425	-0.69451	229.491	0	
35.0179	-0.984537	223.213	0	
35.1343	-1.4021	218.729	0	
35.078	-1.63623	214.91	0	
34.3948	-0.883797	223.576	0	
35.4761	-1.76887	213.894	0	
34.8152	-1.91402	211.519	0	
34.904	-2.31356	207.713	0	
35.6123	-2.15026	209.824	0	
36.0448	-1.5808	218.209	0	
35.081	-2.47372	205.848	0	
35.1751	-2.04644	210.666	0	
34.8694	-1.70048	214.509	0	
34.2859	-2.23336	208.275	0	
35.0668	-2.75452	204.054	0	
35.4913	-2.57085	205.214	0	
34.7103	-1.29725	218.59	0	
34.5985	-1.95977	211.033	0	
34.3815	-2.65045	204.045	0	
34.6889	-2.36979	206.864	0	
34.6256	-2.60416	204.87	0	
34.8015	-3.58926	199.453	0	
35.7198	-2.54467	206.42	0	
36.0601	-2.03755	210.627	0	
34.4225	-1.18715	220.006	0	
34.1911	-1.38395	216.64	0	
34.1568	-1.97105	209.996	0	
33.7893	-2.34192	205.883	0	
34.3574	-2.986	201.457	0	
34.8265	-2.82873	203.385	0	
35.855	-2.72557	204.33	0	
36.166	-2.4292	207.012	0	
35.7558	-2.94106	203.142	0	
36.1705	-3.04022	202.72	0	
36.371	-2.33586	207.719	0	
35.9021	-1.87167	213.522	0	
35.444	-3.00187	202.263	0	
35.6347	-3.40424	200.685	0	
36.3513	-3.16552	201.955	0	
36.7388	-3.26184	201.608	0	
36.5437	-2.50956	206.127	0	
36.6767	-1.94381	211.326	0	
35.6566	-1.93362	211.956	0	
35.7947	-2.31514	207.866	0	
35.7798	-4.13119	199.876	0	
36.0662	-3.67554	200.344	0	
36.3345	-3.39133	201.046	0	
36.6305	-2.91843	203.324	0	
36.4781	-2.74549	204.356	0	
36.5714	-3.10168	202.243	0	
37.1055	-2.49618	206.247	0	
36.7882	-2.20717	209.442	0	
36.1038	-3.48009	200.73	0	
36.4597	-3.8047	200.347	0	
36.9624	-3.22934	201.706	0	
36.8718	-2.8418	203.474	0	
37.2865	-2.89647	203.179	0	
37.3946	-2.1928	208.458	0	
35.8505	-3.76207	200.003	0	
35.9184	-4.00047	200.019	0	
36.645	-4.056	200.455	0	
36.8841	-3.97163	200.351	0	
37.0526	-3.45793	201.04	0	
37.4519	-3.07794	202.447	0	
37.6885	-3.03391	202.338	0	
37.8875	-2.63695	205.197	0	
37.494	-1.99116	211.218	0	
37.3118	-1.8207	212.415	0	
35.6408	-3.64367	200.173	0	
35.2334	-3.72459	199.809	0	
35.8222	-4.43736	200.495	0	
36.5625	-4.27967	200.505	0	
36.2828	-4.24339	200.548	0	
36.6851	-4.56048	201.717	0	
37.3087	-3.79955	200.728	0	
36.883	-3.65468	200.721	0	
37.7258	-1.98016	211.249	0	
37.778	-1.73502	213.501	0	
37.164	-1.46602	216.55	0	
36.8433	-1.75516	213.469	0	
35.5241	-4.04568	199.682	0	
35.4529	-3.79657	199.567	0	
35.5194	-4.55064	199.795	0	
35.5657	-5.18707	202.699	0	
36.0945	-4.50561	200.731	0	
36.4923	-4.8033	201.964	0	
37.6168	-4.19948	201.103	0	
37.4146	-3.35769	201.419	0	
37.8506	-2.17544	208.601	0	
38.1785	-1.88765	211.904	0	
37.9052	-1.2696	219.938	0	
37.5869	-1.5634	215.56	0	
37.2639	-1.26042	218.828	0	
36.855	-1.13118	221.712	0	
38.15	-4.01119	201.372	0	
38.1846	-3.35541	201.578	0	
37.718	-2.44774	206.566	0	
38.1582	-2.518	206.137	0	
38.3853	-1.80191	213.753	0	
38.0349	-1.47089	216.923	0	
38.0343	-1.09569	221.565	0	
37.6021	-0.954027	222.761	0	
37.5105	-1.31858	218.301	0	
37.401	-0.823041	223.649	0	
36.6374	-0.918508	223.804	0	
36.5067	-1.33171	220.789	0	
38.344	-2.66297	204.812	0	
38.6614	-2.41417	206.843	0	
38.4897	-2.22279	208.891	0	
38.6477	-1.50365	217.736	0	
38.2771	-1.43655	218.613	0	
38.1527	-0.711646	226.951	0	
37.4344	-0.599912	225.489	0	
37.2384	-0.436563	225.125	0	
38.3115	-2.89051	203.707	0	
38.8158	-3.32933	202.068	0	
38.905	-2.36545	207.581	0	
38.5586	-1.9837	210.74	0	
38.7628	-1.92963	212.188	0	
38.9375	-2.12	209.353	0	
39.135	-1.3697	217.296	0	
38.2616	-1.18789	220.969	0	
38.1409	-0.403238	230.138	0	
37.8125	-0.0727638	229.657	0	
37.6845	-0.579433	226.043	0	
36.9073	-0.234315	225.257	0	
36.6469	-0.150799	229.834	0	
36.6903	-0.663883	227.323	0	
38.1041	-2.97275	202.977	0	
38.5864	-3.42173	201.522	0	
38.6876	-2.85713	203.732	0	
38.487	-3.02904	202.978	0	
39.1002	-2.51674	205.683	0	
39.1536	-2.04931	210.465	0	
38.7452	-0.767659	227.209	0	
38.4305	-0.845482	225.29	0	
37.0205	-0.4591	226.407	0	
38.4026	-0.198932	230.565	0	
37.3857	-0.128262	225.165	0	
37.2294	-0.211778	226.204	0	
37.866	-2.86416	203.691	0	
37.8137	-3.25588	201.975	0	
38.4217	-3.25985	202.095	0	
38.8517	-2.99553	202.753	0	
39.072	-2.83048	203.769	0	
39.5604	-2.6129	204.903	0	
37.749	-0.405332	228.656	0	
37.9674	-0.27707	230.015	0	
37.6619	-3.44572	201.293	0	
38.0382	-3.61415	201.299	0	
38.529	-3.66322	201.422	0	
39.0478	-3.76498	201.498	0	
35.6197	-0.350498	234.241	0	
35.3469	-0.153917	235.227	0	
33.9031	-1.39464	216.858	0	
33.9042	-2.02111	209.914	0	
33.4859	-2.49954	204.452	0	
33.4986	-2.86896	201.152	0	
34.6696	-4.2115	198.818	0	
35.0628	-4.86734	200.865	0	
35.1594	-3.41844	199.95	0	
34.5875	-3.50907	199.871	0	
36.6071	-5.13737	203.84	0	
37.2424	-4.95896	203.691	0	
39.5163	-1.75243	213.122	0	
39.0427	-0.939745	223.429	0	
39.3148	-3.31624	202.092	0	
40.1234	-3.19841	202.349	0	
39.5913	-3.32978	201.99	0	
39.7749	-3.54186	201.885	0	
39.9991	-2.74432	203.982	0	
39.9504	-2.04097	209.821	0	
38.218	-3.76007	200.967	0	
38.3821	-4.14626	201.472	0	
38.3209	-4.40788	201.991	0	
38.7258	-4.55361	202.541	0	
38.016	-4.54252	202.517	0	
39.4696	-5.64167	208.252	0	
38.938	-4.75784	203.82	0	
39.2598	-4.39569	202.933	0	
33.6672	-1.05284	221.908	0	
33.0827	-1.69405	211.729	0	
34.3959	-3.664	198.716	0	
34.8311	-3.8206	199.275	0	
34.9431	-3.37518	200.441	0	
34.7868	-3.09261	201.326	0	
34.0726	-3.5068	199.455	0	
34.6498	-3.9592	198.757	0	
34.2104	-4.04615	198.219	0	
34.3759	-4.26582	198.671	0	
34.5404	-4.7724	199.715	0	
34.8734	-4.68098	200.228	0	
39.623	-2.02709	209.603	0	
40.3885	-1.66522	214.237	0	
39.4216	-1.27334	219.222	0	
39.548	-0.93798	220.884	0	
40.5003	-3.08026	202.53	0	
40.2858	-2.66026	204.537	0	
39.7187	-3.8052	201.845	0	
40.2212	-3.78314	202.038	0	
37.8641	-4.28034	201.127	0	
37.2963	-4.36204	201.05	0	
38.0318	-4.9319	203.614	0	
37.5938	-5.6114	207.555	0	
38.9264	-5.04187	204.808	0	
39.4673	-5.12922	206.119	0	
39.5074	-4.24979	202.274	0	
39.2094	-3.9683	201.657	0	
33.398	-3.53	197.866	0	
33.5693	-4.11552	197.305	0	
34.2622	-4.5324	198.549	0	
34.4561	-5.04422	201.089	0	
40.5939	-2.79498	203.48	0	
40.0184	-2.30598	206.807	0	
39.4832	-3.97043	201.946	0	
39.7496	-4.29883	202.597	0	
38.5947	-5.21423	205.936	0	
38.4945	-5.64835	208.44	0	
34.8737	-5.92998	206.027	0	
35.3953	-4.81922	201.778	0	
33.7275	-4.4777	197.835	0	
34.7272	-5.2145	201.773	0	
40.8876	-2.62046	204.477	0	
40.3354	-2.36786	205.119	0	
39.8195	-4.53424	203.849	0	
40.1129	-4.09922	202.193	0	
36.4428	-5.41911	205.311	0	
35.9148	-5.20509	203.336	0	
33.8671	-5.32768	200.193	0	
34.3317	-5.67736	203.591	0	
39.5491	-4.71801	204.212	0	
40.1274	-4.81141	205.398	0	
39.6735	-5.40347	207.717	0	
39.9697	-4.98956	205.546	0	
40.3631	-4.85944	205.384	0	
40.2193	-4.4069	203.716	0	
39.1743	-5.5137	208.166	0	
40.5938	-5.53397	208.983	0	
40.6723	-5.13682	207.118	0	
40.7674	-4.73308	205.257	0	
40.1299	-5.85384	211.05	0	
40.7472	-5.37707	208.681	0	
41.0022	-5.4422	208.996	0	
40.8352	-4.96717	206.824	0	
40.9512	-4.54168	205.059	0	
40.8824	-4.30654	203.658	0	
40.2814	-5.26545	207.336	0	
40.3611	-5.47855	208.661	0	
41.206	-4.60334	205.127	0	
41.3934	-4.37071	204.799	0	
40.8963	-3.84775	202.644	0	
40.6285	-4.27295	203.707	0	
40.1209	-5.62198	209.061	0	
40.4334	-5.99777	210.948	0	
40.4265	-6.32474	212.962	0	
41.1226	-6.14312	212.558	0	
41.0901	-5.6936	210.804	0	
41.638	-5.12834	208.589	0	
41.0685	-5.0248	207.002	0	
41.5484	-4.89785	207.165	0	
42.1112	-4.34335	205.299	0	
41.775	-3.84208	202.863	0	
41.0178	-3.60744	202.34	0	
40.6777	-3.30923	202.176	0	
40.8985	-5.91582	210.958	0	
41.4332	-6.03921	212.057	0	
41.4373	-5.31764	208.939	0	
41.2556	-4.85237	206.729	0	
41.9437	-5.197	209.01	0	
42.1355	-4.96537	208.535	0	
42.4976	-3.81367	204.051	0	
41.9388	-3.54491	202.653	0	
41.4434	-3.30417	202.218	0	
41.4438	-3.82661	203.028	0	
41.3091	-3.58378	202.363	0	
41.7419	-3.24983	202.283	0	
41.6986	-6.11819	212.832	0	
41.9998	-5.45235	210.585	0	
41.8053	-5.64053	211.056	0	
42.3095	-5.51751	211.439	0	
42.5833	-4.76578	208.439	0	
42.3983	-4.21821	205.174	0	
41.8545	-2.97722	202.543	0	
41.2992	-2.23306	205.787	0	
41.7759	-6.44285	214.239	0	
42.2413	-6.27457	213.955	0	
41.8819	-5.91285	212.381	0	
42.3772	-5.77264	212.522	0	
42.6831	-5.88501	213.496	0	
43.0632	-5.41494	212.234	0	
42.8447	-4.84368	208.519	0	
43.013	-4.58852	207.783	0	
41.2639	-6.86903	214.613	0	
42.4867	-6.91785	214.702	0	
42.8017	-5.17961	210.996	0	
43.8621	-4.95879	211.53	0	
43.4145	-4.35869	207.65	0	
43.3096	-4.07646	205.899	0	
42.0816	-6.94385	215.114	0	
42.7952	-6.45029	215.291	0	
43.3674	-5.27297	212.038	0	
43.6389	-5.51091	213.741	0	
43.6639	-4.44579	208.347	0	
43.8698	-4.20542	207.703	0	
43.3452	-3.57026	203.685	0	
42.2697	-3.52245	202.571	0	
43.6437	-4.77301	210.176	0	
44.0902	-4.83587	211.408	0	
44.4928	-4.18972	208.281	0	
44.2401	-3.56604	204.81	0	
43.7596	-3.2903	203.363	0	
43.2377	-3.00851	202.769	0	
43.0067	-3.5033	203.489	0	
42.6347	-3.07237	202.489	0	
44.2998	-5.02687	212.173	0	
44.5369	-4.4045	210.063	0	
44.3418	-5.27623	214.199	0	
45.0176	-5.00129	213.741	0	
44.1345	-5.44968	214.152	0	
44.5556	-5.71483	215.747	0	
43.8643	-5.32324	212.878	0	
43.7303	-5.93523	214.981	0	
44.7964	-5.96321	216.815	0	
45.6173	-5.30621	216.075	0	
43.4542	-7.48553	213.873	0	
44.9375	-6.93633	216.55	0	
44.7082	-6.29489	217.158	0	
45.0233	-6.60539	217.069	0	
44.9754	-5.49961	215.854	0	
45.0347	-5.83796	216.796	0	
45.4011	-4.70417	212.77	0	
45.1777	-5.34137	215.47	0	
45.4502	-6.1797	217.716	0	
45.6233	-5.94121	218.093	0	
45.8597	-5.43641	217.103	0	
45.9676	-4.93404	215.084	0	
45.8887	-5.97061	218.716	0	
46.6837	-5.43865	218.534	0	
46.1435	-6.39871	219.257	0	
47.2337	-6.19022	221.41	0	
46.687	-4.89172	215.895	0	
46.1246	-4.75529	214.429	0	
45.4495	-6.48691	218.144	0	
46.7968	-7.72224	213.176	0	
46.5192	-5.99911	219.821	0	
46.4511	-6.37373	219.824	0	
36.0612	-5.50543	205.099	0	
36.5294	-5.83393	207.704	0	
33.2467	-1.98075	209.391	0	
33.5005	-1.7761	211.855	0	
39.921	-1.40578	217.127	0	
40.1333	-1.69924	211.738	0	
40.7353	-1.85069	210.502	0	
41.2631	-1.6391	213.618	0	
41.2099	-2.77347	203.07	0	
40.8918	-2.1141	208.075	0	
34.7015	-6.33993	207.925	0	
34.6541	-5.55458	204.231	0	
38.8346	-5.802	208.527	0	
39.2649	-6.22464	211.291	0	
40.0627	-6.35432	212.777	0	
39.8616	-6.61481	214.102	0	
42.1382	-2.93222	202.548	0	
41.8581	-2.45485	203.794	0	
42.3565	-3.18236	202.353	0	
42.901	-2.56356	202.812	0	
41.7681	-2.19987	206.292	0	
41.4088	-2.60421	204.149	0	
42.9527	-1.82326	205.234	0	
42.3645	-2.48443	203.26	0	
41.9581	-1.97672	206.675	0	
41.7793	-1.74535	209.472	0	
42.4654	-2.15351	204.187	0	
42.2103	-1.49698	210.622	0	
41.6349	-1.01141	217.827	0	
40.968	-1.66026	212.863	0	
41.3234	-0.765466	222.466	0	
41.0492	-1.22238	218.416	0	
41.3427	-1.37109	215.107	0	
40.767	-1.39474	216.087	0	
42.575	-6.21857	214.034	0	
43.2989	-6.39909	215.344	0	
43.9333	-3.62643	204.896	0	
44.3565	-3.78722	206.541	0	
46.7983	-5.93588	220.201	0	
47.3195	-4.73656	215.825	0	
46.9783	-6.20929	220.435	0	
47.2057	-5.63488	220.195	0	
47.2913	-5.37332	219.34	0	
47.9191	-4.69313	216.816	0	
47.5552	-5.23884	219.272	0	
47.8137	-5.3535	220.526	0	
47.9079	-5.68315	221.989	0	
48.4846	-5.43653	222.361	0	
38.8612	-6.20038	211.714	0	
39.3823	-6.5756	213.716	0	
39.8455	-7.79306	216.87	0	
41.1257	-8.15807	213.861	0	
47.4269	-6.45886	220.799	0	
47.8936	-6.21102	222.686	0	
47.7041	-5.92984	222.142	0	
48.2365	-6.20228	223.419	0	
48.8654	-5.36786	222.197	0	
48.563	-4.37088	214.838	0	
37.8042	-6.2857	212.034	0	
39.2766	-7.0184	215.355	0	
47.3304	-6.85368	220.67	0	
48.4225	-7.05142	221.05	0	
48.4412	-6.42536	223.908	0	
48.7357	-6.30176	224.566	0	
49.0198	-5.83912	225.357	0	
49.6737	-5.40339	225.887	0	
48.8348	-5.02586	220.977	0	
49.3243	-4.77287	219.821	0	
46.911	-6.91088	218.528	0	
46.6141	-7.31407	215.323	0	
47.642	-7.03521	218.168	0	
47.6589	-7.47504	217.872	0	
48.2915	-6.74047	221.753	0	
48.7022	-7.04842	221.011	0	
49.2483	-6.34289	225.608	0	
49.0895	-5.53552	225.098	0	
48.6744	-3.86057	210.299	0	
48.0216	-4.13374	212.184	0	
49.4783	-4.17996	214.818	0	
48.8556	-4.41176	216.438	0	
48.833	-7.36038	219.675	0	
49.1257	-7.23996	220.71	0	
49.3775	-6.65701	225.661	0	
49.9371	-6.43695	227.314	0	
49.2779	-6.03266	226.696	0	
49.4343	-5.57645	226.245	0	
49.918	-4.40829	219.055	0	
49.2742	-2.9296	203.465	0	
48.7472	-7.66946	213.859	0	
49.0064	-7.93921	211.537	0	
49.6328	-7.28339	220.724	0	
49.7215	-6.70603	227.029	0	
50.2811	-6.48588	228.921	0	
50.3269	-6.16243	229.329	0	
49.3836	-3.77667	211.257	0	
49.1215	-3.69728	209.751	0	
49.7771	-3.15461	205.035	0	
49.2523	-3.1593	204.622	0	
48.4457	-3.4702	206.437	0	
48.9365	-3.92521	211.253	0	
48.1706	-3.68638	208.565	0	
48.4732	-4.08394	212.755	0	
47.8961	-3.35543	205.824	0	
47.7867	-3.99516	210.617	0	
47.4562	-3.38804	206.024	0	
47.7458	-3.75014	208.562	0	
47.5422	-4.09792	211.489	0	
47.6901	-4.61718	215.495	0	
48.0737	-3.20142	204.397	0	
47.8332	-2.88667	202.442	0	
48.3899	-3.21762	205.484	0	
48.4523	-2.85796	202.662	0	
48.0227	-2.44569	200.215	0	
47.0329	-2.91156	203.444	0	
48.2159	-2.8186	201.705	0	
48.5896	-3.0202	203.067	0	
47.9039	-1.99425	199.315	0	
47.4873	-2.30632	201.197	0	
47.4458	-2.93901	203.299	0	
47.5845	-2.54313	201.514	0	
48.5731	-2.27204	199.596	0	
48.0594	-2.20891	200.048	0	
48.865	-2.98603	203.167	0	
48.6022	-2.66826	201.242	0	
46.759	-2.98857	203.884	0	
46.9863	-3.37773	205.672	0	
47.5075	-2.03322	200.232	0	
47.262	-2.32749	201.345	0	
48.8962	-2.42948	200.02	0	
48.5104	-1.86754	198.595	0	
49.06	-3.1881	205.309	0	
49.1647	-2.75365	201.415	0	
45.786	-2.90574	204.421	0	
46.0853	-3.49914	206.531	0	
46.9926	-3.61398	207.766	0	
47.4869	-3.63715	207.727	0	
47.2709	-1.82194	201.358	0	
47.0645	-2.16284	201.888	0	
49.4429	-3.28882	206.05	0	
49.5802	-3.11578	204.955	0	
49.5316	-3.55479	209.18	0	
49.7362	-3.61183	209.46	0	
49.9314	-2.99467	204.632	0	
49.8377	-2.77268	201.811	0	
49.8813	-3.84746	212.861	0	
50.4091	-3.11726	205.169	0	
49.4758	-2.56201	200.41	0	
48.774	-2.24726	199.417	0	
46.7853	-3.73588	208.19	0	
47.0377	-4.07884	210.477	0	
50.1649	-3.17759	205.537	0	
50.438	-2.82748	203.148	0	
50.0102	-2.22276	198.646	0	
49.2631	-2.56923	200.989	0	
49.7714	-4.19372	215.212	0	
50.3269	-3.91232	215.131	0	
50.14	-3.70504	211.367	0	
50.645	-3.91075	214.014	0	
49.1201	-2.4006	199.552	0	
48.9678	-2.09664	198.772	0	
46.5214	-3.35556	205.841	0	
46.2351	-4.1778	210.842	0	
47.0877	-4.29387	212.46	0	
47.5206	-4.33818	213.568	0	
51.0488	-2.84669	203.779	0	
50.4429	-2.22573	197.893	0	
49.7563	-1.84969	197.384	0	
49.4735	-2.18016	198.625	0	
49.6119	-2.35559	199.683	0	
49.1945	-2.21794	199.231	0	
45.8419	-3.47572	206.762	0	
46.369	-3.76907	208.212	0	
46.476	-4.48899	213.371	0	
46.6365	-4.12025	210.699	0	
46.8978	-4.43688	213.172	0	
47.122	-4.82228	216.1	0	
45.8885	-4.25686	210.766	0	
45.7622	-4.61012	212.839	0	
46.4885	-4.80848	215.048	0	
46.904	-4.65201	215.096	0	
45.7955	-4.87728	214.407	0	
46.1056	-4.54012	212.739	0	
46.0372	-4.11583	210.377	0	
45.314	-4.25138	210.496	0	
45.977	-3.90471	208.613	0	
45.6937	-4.18583	210.249	0	
45.186	-4.62469	212.167	0	
45.5651	-4.55	212.281	0	
46.1415	-3.71306	208.086	0	
45.6919	-3.62823	206.938	0	
46.0281	-5.24027	216.578	0	
46.3083	-4.9419	215.624	0	
45.3818	-4.01579	208.732	0	
44.8788	-4.09874	208.433	0	
45.0312	-4.76877	212.524	0	
45.4161	-4.94032	214.14	0	
46.262	-3.29321	206.105	0	
45.934	-3.10424	204.929	0	
45.3868	-3.32171	205.071	0	
45.2815	-3.81669	207.806	0	
44.9046	-3.37732	204.872	0	
45.0404	-3.8519	207.535	0	
44.6642	-4.03014	208.057	0	
44.3881	-4.57984	210.45	0	
44.8152	-4.6916	212.141	0	
44.7826	-5.09296	213.727	0	
45.7836	-3.26459	205.25	0	
46.1691	-3.10944	204.874	0	
44.6097	-3.77559	206.826	0	
44.2812	-4.07408	207.951	0	
44.4591	-4.83333	212.022	0	
44.7552	-4.47439	210.342	0	
45.3526	-2.80057	204.229	0	
45.1716	-3.22189	205.235	0	
46.2396	-2.81734	203.372	0	
46.0338	-2.58906	203.749	0	
44.8552	-3.62656	206.784	0	
44.6325	-3.12242	204.028	0	
45.3718	-2.57291	203.421	0	
44.9551	-2.53613	203.435	0	
45.5905	-2.48207	204.011	0	
45.4124	-2.10663	204.528	0	
44.7567	-2.41614	203.966	0	
44.7039	-2.84026	203.823	0	
45.8153	-2.68266	203.422	0	
46.0264	-2.28623	203.109	0	
45.4265	-1.87128	203.792	0	
45.017	-1.82578	204.267	0	
44.9895	-2.06512	204.778	0	
44.336	-2.24354	203.742	0	
46.4257	-2.28856	202.678	0	
46.0401	-1.77285	204.614	0	
45.6357	-1.77074	205.237	0	
45.5652	-1.32677	207.262	0	
44.8306	-1.68978	206.427	0	
44.5456	-2.08149	204.742	0	
44.1138	-2.18517	203.898	0	
43.9481	-2.54387	203.21	0	
45.8389	-1.90385	203.781	0	
46.0078	-1.47667	205.237	0	
45.7464	-1.48493	204.925	0	
45.2883	-0.937129	209.856	0	
44.8494	-1.46774	205.908	0	
44.4399	-1.50457	206.227	0	
44.1535	-1.93429	205.274	0	
43.5993	-2.01238	204.237	0	
43.7402	-2.70826	202.834	0	
44.1523	-2.93359	203.277	0	
46.4422	-1.54768	204.318	0	
46.2281	-1.09839	206.604	0	
45.0637	-1.34505	208.577	0	
44.8	-1.04814	212.341	0	
44.2324	-1.45121	209.904	0	
43.9639	-1.78489	205.382	0	
43.694	-2.24326	203.589	0	
43.6691	-1.82678	205.69	0	
43.4716	-2.61811	202.784	0	
43.4823	-3.27598	203.485	0	
44.7353	-0.832837	208.408	0	
44.3566	-0.82729	210.564	0	
44.3906	-1.07694	214.039	0	
43.17	-1.29371	209.109	0	
42.9797	-2.27493	203.142	0	
43.2034	-2.75077	202.378	0	
43.2647	-1.58535	207.207	0	
42.7797	-1.64273	207.317	0	
44.9049	-0.650686	215.564	0	
44.6802	-0.20285	226.632	0	
43.8981	-0.885583	211.454	0	
44.202	-1.21208	208.64	0	
43.9557	-1.12994	212.909	0	
44.1104	-0.718074	220.163	0	
43.4929	-1.58232	206.608	0	
42.9178	-1.31694	209.053	0	
45.2248	-0.689176	206.203	0	
45.4512	-0.392389	207.26	0	
43.9597	-0.405854	217.399	0	
44.4379	-0.384719	211.636	0	
43.577	-0.223985	221.945	0	
43.5685	-1.33846	209.867	0	
43.3745	-1.11537	208.934	0	
46.826	-2.25765	201.923	0	
47.0525	-2.65341	202.414	0	
46.627	-2.15131	202.922	0	
46.4221	-2.63042	203.294	0	
46.6209	-1.92336	202.737	0	
46.2358	-2.17265	203.59	0	
46.8086	-1.79725	202.91	0	
46.6577	-1.44205	204.575	0	
47.0532	-1.93039	201.492	0	
47.2426	-1.58116	201.588	0	
46.6716	-1.19017	205.351	0	
46.226	-1.36355	205.891	0	
47.6746	-1.56536	199.955	0	
46.9845	-0.867029	206.248	0	
46.8853	-1.08519	205.722	0	
46.4816	-0.764772	208.038	0	
47.8415	-0.943246	200.019	0	
47.2809	-0.841881	203.869	0	
47.0876	-1.22943	203.761	0	
47.4882	-1.18991	201.218	0	
46.3268	-0.313696	209.387	0	
45.9389	-0.895686	207.934	0	
47.3081	-1.08738	203.411	0	
47.769	-1.17615	200.399	0	
49.603	-5.01618	223.702	0	
50.84	-4.76383	224.533	0	
51.3171	-2.61718	199.981	0	
51.0122	-2.12851	197.438	0	
50.2518	-2.37898	199.242	0	
50.3921	-1.92567	197.284	0	
50.5837	-1.7932	195.706	0	
50.3854	-1.46797	195.003	0	
50.4061	-1.24589	195.582	0	
50.0051	-1.23892	197.035	0	
50.5979	-1.14896	193.087	0	
50.4232	-0.811971	192.847	0	
49.8062	-1.11802	196.905	0	
49.5722	-1.44629	197.333	0	
50.7716	-1.25751	194.117	0	
51.0051	-0.964162	192.037	0	
50.4374	-0.587916	193.73	0	
50.0255	-0.561529	196.998	0	
49.3465	-1.53307	198.05	0	
49.5306	-1.94494	198.256	0	
50.7676	-1.46586	193.944	0	
51.4672	-1.4504	192.572	0	
50.5733	-1.5794	195.71	0	
51.147	-1.96126	196.056	0	
51.1313	-1.3092	193.014	0	
50.9884	-1.61055	194.521	0	
51.6649	-1.83042	194.409	0	
51.7619	-0.907356	189.359	0	
51.3608	-1.62509	193.518	0	
51.1542	-1.53535	193.458	0	
51.7563	-2.02776	195.417	0	
51.4554	-1.808	194.504	0	
50.7856	-1.87476	196.211	0	
50.8127	-2.08243	197.098	0	
50.6616	-2.30093	198.238	0	
51.0258	-2.36008	198.104	0	
51.3487	-0.941702	190.281	0	
51.2064	-0.684193	189.478	0	
50.0108	-0.776736	196.068	0	
50.6971	-0.467949	188.817	0	
49.8503	-0.419851	198.332	0	
49.1573	-1.38771	197.947	0	
48.8451	-1.74033	198.135	0	
52.0962	-1.48204	191.523	0	
51.7788	-1.27367	191.031	0	
51.3787	-0.623653	188.623	0	
51.4387	-1.09976	190.893	0	
51.2445	-2.37545	199.411	0	
51.5869	-2.62066	200.922	0	
51.7772	-2.93497	204.08	0	
52.0349	-2.65694	200.967	0	
51.9627	-2.05709	195.766	0	
51.986	-1.6672	193.325	0	
50.8921	-0.588656	191.069	0	
50.3618	-0.120278	187.631	0	
49.1862	-1.14545	198.425	0	
48.7585	-1.23263	198.111	0	
52.4033	-1.65867	192.051	0	
52.295	-1.0946	190.407	0	
51.9675	-0.902235	189.729	0	
51.9734	-0.551477	188.181	0	
52.0866	-1.09458	189.821	0	
52.3842	-0.902269	188.842	0	
52.0834	-0.307507	186.748	0	
51.7708	-0.127051	186.854	0	
52.5882	-0.9025	189.675	0	
52.399	-0.122136	185.895	0	
52.6969	-1.07065	188.994	0	
52.2949	-0.302593	188.101	0	
51.6146	-0.217273	186.638	0	
53.0004	-0.918683	188.111	0	
52.6065	-0.551448	189.17	0	
53.0259	-0.142854	186.735	0	
51.2207	-0.197339	186.595	0	
51.4062	-0.0902224	187.374	0	
52.4146	-1.2678	190.092	0	
52.9175	-1.46619	191.329	0	
53.2068	-0.922705	188.163	0	
53.2272	-0.587289	186.784	0	
50.9603	-0.107116	187.411	0	
50.6971	-0.227394	190.977	0	
51.4124	-0.44757	187.538	0	
51.2268	-0.374242	188.034	0	
51.1794	-0.88019	189.97	0	
51.4737	-0.749247	189.103	0	
52.3104	-1.4642	192.114	0	
52.731	-1.45367	190.741	0	
53.0472	-1.70019	191.661	0	
53.3087	-1.42064	190.16	0	
53.3133	-1.07345	188.283	0	
53.593	-0.920489	187.082	0	
53.5542	-0.331401	185.032	0	
53.4959	-1.80978	192.886	0	
53.2089	-1.25492	189.819	0	
53.5031	-1.40392	190.476	0	
53.7731	-0.924914	186.936	0	
53.8411	-0.61482	184.479	0	
53.6552	-0.141411	184.328	0	
53.2342	-0.142854	185.198	0	
52.6074	-0.122136	190.469	0	
52.9267	-0.328183	188.813	0	
53.6537	-1.63003	190.977	0	
53.8774	-1.08893	187.6	0	
53.7874	-1.24925	188.921	0	
54.0847	-1.03555	187.538	0	
53.8983	-1.6399	191.304	0	
54.2292	-1.16101	188.411	0	
54.455	-1.09197	188.595	0	
54.4963	-0.827293	186.26	0	
53.9878	-0.449614	184.13	0	
54.592	-1.26183	188.818	0	
54.1764	-1.39541	189.529	0	
51.921	-2.43945	198.463	0	
52.3827	-2.08297	194.741	0	
49.4004	-1.0565	198.135	0	
49.1753	-0.640057	198.965	0	
54.8174	-1.19287	189.925	0	
54.8322	-0.54731	185.779	0	
54.3323	-0.259283	183.806	0	
54.2281	-0.475041	183.074	0	
54.0826	-0.0924448	182.995	0	
54.1095	-1.8674	192.589	0	
54.6357	-1.83514	192.581	0	
52.0217	-2.93644	203.448	0	
52.2576	-2.26866	197.922	0	
52.5982	-2.08383	196.006	0	
52.6261	-1.67232	192.747	0	
54.4204	-1.45143	190.498	0	
54.3971	-1.71379	192.518	0	
55.1895	-1.25902	190.72	0	
55.2434	-1.03002	189.37	0	
53.6745	-2.26097	196.245	0	
54.5517	-2.2001	196.652	0	
52.337	-3.12876	206.065	0	
52.2591	-2.53043	198.889	0	
52.7168	-2.30251	197.138	0	
53.2368	-1.66159	191.883	0	
55.3315	-1.43873	190.494	0	
56.0152	-1.25796	189.566	0	
55.4931	-0.711013	189.755	0	
55.44	-0.283033	190.801	0	
55.1361	-2.27768	196.673	0	
55.2779	-1.67432	192.524	0	
52.5028	-2.56341	201.014	0	
52.5939	-2.88224	202.551	0	
53.1002	-2.14364	195.3	0	
53.4497	-2.0784	194.979	0	
55.077	-1.79563	192.055	0	
55.8147	-1.96262	192.999	0	
55.6101	-1.12668	189.693	0	
55.5608	-1.36735	190.897	0	
55.9092	-0.897384	189.19	0	
55.2445	-0.132234	194.013	0	
55.0885	-0.639088	188.716	0	
55.3209	-0.541649	191.712	0	
54.8349	-2.36152	197.585	0	
55.4509	-1.85485	192.748	0	
56.2425	-1.26791	188.947	0	
56.1532	-0.848045	188.099	0	
54.9498	-2.89199	203.923	0	
55.5588	-2.42538	197.241	0	
56.1461	-2.01412	193.208	0	
56.6798	-1.17626	189.01	0	
56.1742	-0.622311	188.485	0	
55.7265	-0.691338	190.03	0	
55.1681	-2.06682	194.764	0	
55.3687	-2.50017	198.61	0	
56.5878	-2.04183	193.54	0	
56.6061	-1.42945	188.838	0	
56.8751	-1.07379	187.664	0	
56.8242	-0.706409	185.273	0	
56.4173	-0.571693	185.561	0	
56.0242	-0.131111	188.9	0	
55.3262	-2.78054	201.369	0	
55.7565	-2.55185	198.671	0	
57.1405	-1.12187	189.963	0	
57.2111	-0.889894	188.757	0	
56.8864	-0.38786	185.882	0	
56.3261	-0.210262	183.959	0	
55.7825	-2.77744	202.288	0	
55.8869	-2.36163	195.874	0	
55.9907	-2.88522	203.929	0	
56.266	-2.50848	196.758	0	
56.3141	-1.89002	191.996	0	
55.7711	-2.1445	195.263	0	
56.2497	-1.66736	190.945	0	
55.9222	-1.49974	190.709	0	
56.0457	-1.69424	191.044	0	
55.6525	-1.80904	192.427	0	
56.701	-0.267474	183.85	0	
56.5519	-0.079151	186.641	0	
55.7045	-3.25583	210.01	0	
56.4967	-3.02612	203.684	0	
55.9319	-4.1213	219.542	0	
56.3444	-3.321	208.318	0	
42.4888	-1.69285	206.661	0	
42.8263	-2.07495	204.4	0	
47.6866	-1.89173	200.002	0	
45.806	-0.376872	207.579	0	
48.0328	-1.6714	199.125	0	
46.0143	-0.135533	208.021	0	
46.0092	-0.648867	207.794	0	
49.8052	-0.875954	198.031	0	
49.6039	-0.707592	198.519	0	
49.2283	-0.341374	199.802	0	
49.4914	-0.254592	199.773	0	
48.695	-0.306546	197.711	0	
53.3609	-2.6848	202.505	0	
53.6991	-3.08688	209.287	0	
52.4356	-3.44991	213.037	0	
53.1275	-3.08772	206.213	0	
53.1077	-2.59558	200.759	0	
52.9314	-2.86995	203.349	0	
54.6911	-2.69545	201.517	0	
55.0637	-3.69516	216.497	0	
49.692	-0.085405	202.624	0	
49.6343	-0.466695	199.434	0	
50.2444	-0.469704	192.752	0	
49.9158	-0.207747	195.973	0	
47.8388	-0.208685	196.4	0	
48.6402	-0.599056	197.757	0	
53.7257	-3.49403	211.319	0	
53.5891	-2.56836	198.97	0	
54.3055	-2.79213	201.472	0	
53.8264	-2.71936	202.274	0	
54.1636	-3.03045	206.324	0	
54.1153	-2.62332	201.405	0	
54.3257	-3.30414	209.178	0	
54.7262	-3.26236	209.431	0	
48.3007	-7.80908	216.271	0	
48.8915	-8.27505	206.478	0	
49.8637	-7.51675	220.507	0	
50.1825	-7.42176	220.84	0	
50.2081	-7.09012	225.237	0	
50.7525	-7.02287	228.578	0	
50.6247	-5.74581	229.833	0	
50.4082	-5.12793	226.588	0	
50.0356	-5.5994	228.03	0	
50.3356	-5.48705	228.16	0	
50.3727	-4.50048	221.153	0	
50.2014	-4.81664	223.168	0	
48.1466	-0.343044	196.591	0	
47.7762	-8.38602	204.27	0	
48.3846	-9.31357	184.449	0	
49.3031	-8.51494	200.599	0	
49.7767	-8.24578	211.314	0	
49.6656	-7.86149	212.037	0	
50.1179	-8.27499	207.527	0	
50.7971	-7.50053	221.357	0	
50.4276	-6.82566	226.351	0	
52.0083	-6.90397	232.407	0	
51.6979	-5.94006	235.249	0	
50.9695	-5.66123	231.956	0	
50.7343	-5.07959	226.957	0	
51.1621	-4.80672	225.681	0	
51.2357	-3.95601	214.282	0	
47.282	-7.80289	211.215	0	
47.0415	-9.2534	189.697	0	
48.3581	-8.61494	198.082	0	
47.9435	-8.70109	197.683	0	
51.215	-6.03755	232.956	0	
51.3348	-4.55008	223.542	0	
51.7226	-5.3587	232.323	0	
52.0539	-4.80195	228.232	0	
50.8875	-3.6904	213.709	0	
50.8453	-4.26326	218.08	0	
41.0469	-7.37747	215.229	0	
41.2828	-7.70476	214.638	0	
44.2885	-6.34439	216.302	0	
44.0917	-6.81841	216.519	0	
45.2643	-7.26397	214.723	0	
45.8775	-6.67653	217.619	0	
35.8871	-5.95896	208.278	0	
36.9575	-6.42842	211.408	0	
37.3645	-6.50975	212.864	0	
37.9367	-5.89582	207.995	0	
33.1306	-5.7817	202.047	0	
34.3307	-6.11575	207.044	0	
34.8241	-6.7541	213.4	0	
35.5033	-6.2029	208.585	0	
37.38	-7.25711	217.497	0	
37.6076	-7.70526	218.548	0	
39.6583	-7.32238	215.451	0	
40.0348	-7.01569	215.006	0	
52.0052	-3.79642	214.868	0	
53.2027	-4.07121	219.748	0	
53.2263	-4.47309	227.674	0	
54.1765	-4.22296	224.297	0	
50.234	-8.6623	202.622	0	
50.5845	-8.5544	201.832	0	
50.9768	-8.0602	212.342	0	
51.4808	-7.12291	229.127	0	
49.1295	-10.005	169.123	0	
49.528	-9.63017	176.381	0	
51.6989	-4.54449	223.962	0	
52.1108	-5.1869	231.726	0	
40.6126	-7.43636	215.644	0	
40.363	-7.87827	215.705	0	
43.6107	-6.84914	215.781	0	
43.812	-8.18121	210.575	0	
45.1353	-7.83817	212.053	0	
45.4427	-8.20103	207.166	0	
32.924	-6.23031	205.673	0	
33.2787	-6.49268	206.879	0	
34.0201	-6.37684	207.9	0	
35.329	-7.47372	217.247	0	
52.7816	-3.60523	213.471	0	
52.7966	-4.00396	219.862	0	
50.1079	-9.01696	188.985	0	
50.0815	-9.82038	170.038	0	
51.4561	-9.41512	184.33	0	
51.0532	-7.71705	219.679	0	
52.6281	-5.43739	234.487	0	
52.4826	-4.65655	226.781	0	
41.4438	-8.49199	210.797	0	
42.9736	-7.77802	213.007	0	
49.5965	-9.20158	189.736	0	
50.0042	-10.4131	160.41	0	
52.3384	-8.40134	210.049	0	
51.4268	-7.56673	221.22	0	
51.3516	-8.27388	212.797	0	
51.6488	-7.9401	216.687	0	
52.1596	-6.32635	236.591	0	
53.3196	-5.32003	234.756	0	
51.1373	-10.2151	161.175	0	
50.7606	-9.12856	187.71	0	
53.4933	-5.68775	237.767	0	
53.7444	-4.65047	227.89	0	
50.3905	-9.26733	186.177	0	
50.8887	-9.82116	174.014	0	
53.9361	-5.72487	237.367	0	
53.7491	-5.10152	233.253	0	
50.9592	-10.5529	151.69	0	
51.7796	-9.81731	174.559	0	
54.1894	-6.16789	240.595	0	
55.0206	-5.76628	239.829	0	
142.212	-1.80436	205.392	0	
143.161	-2.11156	203.867	0	
141.727	-2.55837	201.348	0	
142.724	-2.09887	203.842	0	
142.388	-3.26044	198.976	0	
142.501	-2.37604	202.052	0	
71.8817	-0.975168	225.043	0	
71.5186	-1.06866	219.139	0	
71.2046	-0.824259	230.269	0	
70.3128	-1.61596	213.701	0	
71.0966	-2.23502	204.628	0	
71.5641	-1.71523	210.963	0	
69.8637	-2.17503	204.099	0	
70.7619	-2.02962	209.172	0	
69.8025	-2.67755	204.723	0	
70.1243	-2.94116	201.597	0	
70.1015	-3.36693	204.719	0	
70.4752	-3.5765	202.644	0	
63.9871	-0.74316	198.929	0	
63.0693	-1.2741	195.991	0	
64.5214	-1.0285	199.61	0	
64.1742	-0.610136	201.576	0	
64.2204	-0.311644	199.581	0	
63.4375	-0.121303	206.751	0	
63.1763	-0.272102	201.045	0	
64.5833	-0.165467	198.921	0	
63.4587	-0.721393	198.78	0	
62.8638	-0.150799	205.005	0	
62.8269	-0.700635	197.25	0	
63.4478	-1.82356	196.636	0	
63.8885	-1.21489	197.019	0	
63.4312	-2.19015	197.809	0	
64.0779	-2.10248	198.526	0	
62.4483	-1.79126	195.476	0	
63.5329	-2.90214	201.772	0	
64.4276	-2.18144	199.795	0	
64.5835	-1.6177	198.961	0	
64.5446	-2.51064	201.263	0	
65.5333	-2.67941	203.881	0	
62.4634	-2.96193	200.833	0	
63.1375	-2.77094	200.523	0	
63.6354	-3.24619	204.776	0	
64.2968	-3.1602	204.521	0	
64.2443	-2.75692	202.496	0	
64.6365	-3.29812	206.936	0	
65.0785	-2.04556	201.453	0	
65.1417	-2.45128	202.693	0	
66.004	-1.76836	204.504	0	
65.4645	-1.49557	204.26	0	
63.3863	-3.50639	207.898	0	
63.7116	-4.02112	213.501	0	
64.6999	-3.68325	210.202	0	
65.2905	-3.64826	209.593	0	
62.9977	-3.41701	206.259	0	
62.7839	-3.80981	210.305	0	
63.7682	-4.46109	217.796	0	
65.5507	-4.85413	221.389	0	
64.3956	-3.93215	214.239	0	
64.3232	-4.58774	220.942	0	
65.659	-3.79221	211.881	0	
65.7593	-2.45372	203.926	0	
62.8513	-3.02559	202.65	0	
62.2742	-2.66191	199.615	0	
62.0916	-4.34899	217.632	0	
62.9087	-4.6452	221.884	0	
63.163	-5.01791	223.143	0	
64.6069	-5.01295	222.421	0	
64.6348	-4.28823	216.413	0	
64.294	-5.32215	227.426	0	
65.5082	-4.46367	218.331	0	
65.8233	-4.17164	214.139	0	
65.8321	-3.4114	208.159	0	
66.8207	-2.99436	206.526	0	
66.0901	-5.12968	223.662	0	
66.3918	-3.85398	210.661	0	
66.3411	-3.00135	205.746	0	
67.0947	-2.60269	204.967	0	
66.44	-4.78879	217.055	0	
67.1756	-4.09374	212.814	0	
84.0333	-0.610136	232.722	0	
83.5746	-1.17054	227.802	0	
84.2204	-0.311644	242.832	0	
83.4375	-0.121303	235.817	0	
83.1763	-0.272102	233.684	0	
84.5833	-0.165467	233.091	0	
83.4587	-0.721393	229.926	0	
82.8638	-0.150799	232.332	0	
82.8481	-0.685989	233.864	0	
119.019	-1.06866	192.27	0	
119.543	-1.64504	198.455	0	
118.705	-0.824259	193.527	0	
117.828	-1.61253	195.516	0	
118.597	-2.23502	197.967	0	
119.064	-1.71523	196.316	0	
117.331	-2.10798	196.688	0	
118.267	-2.02542	196.934	0	
117.222	-2.78135	198.637	0	
117.942	-2.16469	196.89	0	
117.464	-3.5135	199.217	0	
117.77	-2.46231	198.211	0	
118.304	-3.90247	199.678	0	
117.936	-2.84686	198.552	0	
1.87603	-1.64506	188.273	0	
2.1761	-2.2409	191.443	0	
1.57232	-1.38508	187.024	0	
1.08043	-2.10241	194.969	0	
0.978204	-2.77834	201.81	0	
1.64463	-2.16368	193.391	0	
1.23726	-3.0652	200.877	0	
1.50199	-2.49449	196.576	0	
1.23515	-3.44918	206.219	0	
1.91415	-3.04858	199.664	0	
2.38467	-2.50861	195	0	
2.76771	-2.33411	192.344	0	
0.779978	-3.76459	207.289	0	
1.39134	-4.71176	209.06	0	
1.55972	-4.04903	207.607	0	
1.90687	-4.15874	206.544	0	
2.02877	-4.49787	208.819	0	
2.73243	-4.63037	208.831	0	
1.80581	-4.78111	208.169	0	
2.36801	-5.12956	208.404	0	
1.26715	-4.31882	208.047	0	
1.42695	-5.40209	208.443	0	
2.59315	-5.46208	208.916	0	
3.09778	-4.98666	208.959	0	
0.77397	-4.2393	208.931	0	
0.0844403	-4.88961	209.521	0	
1.28026	-5.77572	205.676	0	
1.81971	-6.18157	204.517	0	
2.00472	-5.76737	207.773	0	
3.16744	-6.17962	206.297	0	
3.47476	-4.89897	209.28	0	
3.83337	-4.14249	206.932	0	
0.877522	-5.84564	206.265	0	
0.762435	-6.57639	202.147	0	
2.05326	-6.57889	204.47	0	
2.40382	-5.82026	206.592	0	
-134.001	-1.76971	210.36	0	
-134.54	-1.49692	215.036	0	
-134.829	-2.51088	198.974	0	
-134.335	-2.03616	204.234	0	
-102.788	-1.80436	190.151	0	
-101.987	-2.15796	187.244	0	
-102.852	-2.22143	187.876	0	
-102.276	-2.09887	188.059	0	
-103.935	-2.70813	185.448	0	
-102.219	-3.50808	185.717	0	
-101.777	-2.42337	186.617	0	
-101.577	-1.93789	188.231	0	
-101.849	-2.76832	184.367	0	
-101.269	-2.52011	185.95	0	
-101.399	-1.74405	188.476	0	
-101.889	-1.61541	190.072	0	
-100.994	-2.26489	185.486	0	
-101.039	-1.24984	190.467	0	
-100.287	-1.90571	186.65	0	
-100.844	-1.51382	188.85	0	
-102.281	-2.78443	185.689	0	
-101.772	-3.5141	184.51	0	
-102.492	-3.12453	183.917	0	
-102.962	-3.13179	185.076	0	
-101.578	-3.86008	187.413	0	
-100.911	-3.74833	185.499	0	
89.7121	-1.80436	209.918	0	
90.5132	-2.15796	208.178	0	
89.3078	-2.37103	207.15	0	
90.2237	-2.09887	209.414	0	
89.9911	-3.0612	204.785	0	
89.9985	-2.34844	207.545	0	
90.7228	-2.42337	208.41	0	
90.9233	-1.93789	208.926	0	
90.6507	-2.76832	206.094	0	
91.2307	-2.52011	208.264	0	
91.1012	-1.74405	209.453	0	
90.6112	-1.61541	208.501	0	
91.5059	-2.26489	208.493	0	
91.4615	-1.24984	210.765	0	
92.2127	-1.90571	208.541	0	
91.6556	-1.51382	210.088	0	
90.216	-2.75248	207.029	0	
90.7282	-3.5141	203.353	0	
89.2108	-3.28538	204.143	0	
89.4931	-3.98188	201.812	0	
90.922	-3.86008	202.46	0	
91.5887	-3.74833	203.171	0	
-4.00081	-1.76971	203.204	0	
-4.54027	-1.49692	203.177	0	
-4.92779	-2.03158	206.296	0	
-4.47142	-2.44267	206.915	0	
-5.26084	-1.73527	204.836	0	
-5.45896	-2.48914	207.564	0	
-5.66639	-2.74052	207.067	0	
-5.9777	-3.28983	206.472	0	
-6.01483	-2.6841	207.733	0	
-6.22182	-3.52661	204.108	0	
-6.07017	-2.29808	207.866	0	
-6.66347	-2.71828	207.675	0	
-5.63059	-4.04265	202.527	0	
-5.06412	-3.059	206.715	0	
-7.00371	-3.13052	205.605	0	
-6.48085	-2.9694	206.786	0	
-7.05905	-2.26018	210.163	0	
-6.95207	-2.82518	207.975	0	
-7.54847	-3.10044	206.655	0	
-6.8778	-3.67924	203.284	0	
-8.03392	-1.62378	215.45	0	
-7.76422	-2.52165	210.157	0	
-8.4313	-3.44313	201.7	0	
-7.21128	-3.59394	202.176	0	
-6.73218	-3.93728	200.536	0	
-6.13882	-3.85055	203.412	0	
-7.49771	-2.7144	208.684	0	
-8.06857	-2.71391	208.982	0	
-8.24472	-4.71407	190.918	0	
-7.5152	-4.6184	193.457	0	
-6.90381	-4.23115	197.58	0	
-6.68941	-4.60084	197.35	0	
-8.33827	-2.52462	210.168	0	
-8.6715	-3.00193	205.968	0	
-7.36828	-4.23264	197.222	0	
-5.5716	-4.4593	199.711	0	
-8.31574	-2.19547	212.775	0	
-8.90036	-2.40916	210.971	0	
-8.93228	-3.18988	203.466	0	
-8.70013	-3.6219	200.131	0	
-6.98364	-4.89775	192.249	0	
-7.15532	-5.43355	184.028	0	
-7.72592	-2.1265	211.979	0	
-8.38141	-1.41998	217.079	0	
-9.29828	-3.20597	202.949	0	
-9.4669	-3.50836	200.878	0	
-8.67683	-3.94954	196.771	0	
-8.20764	-3.76061	200.152	0	
-8.87436	-4.1797	193.408	0	
-8.40242	-4.39279	191.353	0	
-7.16127	-1.9365	209.986	0	
-7.45558	-1.4499	212.272	0	
-9.91986	-3.5882	197.331	0	
-9.38794	-4.30148	190.267	0	
-9.18958	-4.04132	194.893	0	
-9.25437	-4.66579	189.35	0	
-9.49543	-5.18318	183.106	0	
-8.47577	-5.34945	184.794	0	
-9.92761	-4.91567	185.517	0	
-9.43293	-5.68036	181.262	0	
-8.84262	-4.95335	186.923	0	
-9.29796	-4.99619	185.521	0	
-8.09837	-5.67099	181.089	0	
-7.84838	-4.82946	188.772	0	
-9.7421	-5.93375	176.643	0	
-8.84595	-5.41931	183.257	0	
-9.75447	-6.45357	176.442	0	
-9.22687	-6.57748	175.335	0	
-5.31581	-3.78071	205.648	0	
-4.73804	-3.68128	205.015	0	
-7.23381	-0.848379	208.002	0	
-7.81243	-1.05982	215.888	0	
-8.83362	-6.11536	178.307	0	
-6.87369	-6.72205	178.147	0	
-6.77732	-1.58532	209.86	0	
-7.18271	-1.17837	212.381	0	
-7.02481	-0.483929	204.135	0	
-7.51321	-0.305908	231.914	0	
-7.78006	-0.123577	230.449	0	
-7.8835	-0.552898	226.115	0	
-7.98839	-0.289044	224.621	0	
-8.04628	-0.727813	220.963	0	
-7.54558	-0.810636	218.01	0	
-8.30434	-0.66837	221.663	0	
-8.35488	-1.09933	219.08	0	
-8.27816	-0.369879	225.883	0	
-8.79184	-0.758488	216.326	0	
-36.5581	-0.164914	214.429	0	
-36.2456	-0.34823	216.258	0	
132.237	-2.16515	202.244	0	
130.856	-1.41013	205.067	0	
130.953	-2.02574	203.262	0	
132.356	-2.55172	202.074	0	
132.708	-2.61295	202.348	0	
131.656	-2.66671	202.106	0	
133.168	-3.9124	201.951	0	
133.303	-2.84418	202.21	0	
132.919	-2.28311	202.508	0	
133.551	-3.08347	201.477	0	
133.878	-2.98543	201.647	0	
133.472	-3.417	201.755	0	
134.108	-3.27302	200.945	0	
134.86	-2.78377	200.862	0	
134.648	-2.14967	201.848	0	
134.505	-2.77544	200.925	0	
134.931	-2.46888	201.039	0	
134.58	-1.7603	202.749	0	
133.977	-1.52747	203.94	0	
134.419	-3.15902	200.939	0	
135.445	-3.67841	199.747	0	
133.441	-1.87113	203.366	0	
134.129	-2.03557	202.714	0	
133.254	-2.25359	202.927	0	
133.85	-2.10262	202.599	0	
134.709	-3.37529	200.33	0	
134.717	-3.76322	200.521	0	
132.81	-3.27106	202.161	0	
133.566	-4.04747	201.49	0	
135.785	-4.24283	199.297	0	
135.721	-2.53867	200.632	0	
134.329	-3.93319	200.628	0	
134.8	-4.53304	200.373	0	
132.37	-3.39861	201.685	0	
132.288	-3.83083	202.298	0	
133.74	-4.3435	201.634	0	
134.386	-4.32169	200.942	0	
134.851	-4.91905	200.976	0	
135.514	-4.85032	200.092	0	
132.015	-2.83078	201.705	0	
131.513	-3.42076	201.633	0	
133.502	-4.76466	202.03	0	
134.499	-5.6189	202.116	0	
134.474	-5.18092	201.364	0	
134.923	-5.77659	201.574	0	
135.879	-5.00813	199.543	0	
135.787	-3.84238	199.022	0	
132.786	-4.0922	201.89	0	
132.695	-5.32131	203.011	0	
133.71	-5.13716	202.154	0	
133.494	-5.68663	202.854	0	
134.986	-6.27538	202.424	0	
136.219	-6.10032	200.834	0	
135.939	-5.3981	200.208	0	
136.623	-5.3394	199.202	0	
136.154	-4.39776	198.79	0	
136.462	-4.16263	198.732	0	
135.621	-5.65985	200.668	0	
135.755	-6.1611	201.556	0	
137.023	-5.51612	198.878	0	
137.198	-4.78936	198.041	0	
136.804	-4.28103	198.161	0	
137.075	-4.01049	198.199	0	
137.221	-6.04391	199.916	0	
137.7	-6.21026	199.502	0	
136.87	-4.67806	198.486	0	
137.4	-4.1256	197.775	0	
137.807	-3.77503	197.758	0	
137.894	-2.91049	199.273	0	
137.304	-5.22285	198.553	0	
137.722	-5.36004	197.976	0	
137.269	-3.35306	198.567	0	
137.755	-3.36754	198.433	0	
138.456	-5.17257	197.398	0	
138.159	-3.88357	197.574	0	
-111.692	-2.36814	192.213	0	
-111.028	-2.55355	191.633	0	
-112.087	-2.3309	193.123	0	
-112.028	-3.22299	189.307	0	
-111.652	-3.78248	189.965	0	
-111.352	-2.83366	190.23	0	
-110.73	-2.68599	190.557	0	
-110.729	-2.03294	194.13	0	
-110.571	-3.2914	188.805	0	
-110.226	-2.51084	190.44	0	
-110.904	-3.78646	189.965	0	
-109.905	-3.56624	188.949	0	
-110.25	-3.58013	189.346	0	
-109.711	-3.33394	187.857	0	
-110.308	-3.88859	190.91	0	
-109.984	-4.15379	190.904	0	
-110.637	-4.01126	191.678	0	
-110.101	-4.47474	195.208	0	
-110.896	-3.37507	189.576	0	
-111.31	-4.41029	194.513	0	
-109.902	-4.82987	197.343	0	
-109.213	-4.37846	193.301	0	
-111.288	-3.20791	189.62	0	
-111.674	-3.44376	190.334	0	
-111.657	-4.65555	196.605	0	
-111.141	-5.30683	205.381	0	
-26.3304	-2.238	197.569	0	
-26.758	-2.01719	200.808	0	
-27.5092	-2.82516	185.408	0	
-27.3958	-3.25764	183.979	0	
-27.5724	-3.63717	184.4	0	
-26.7079	-3.8882	186.797	0	
61.8783	-1.62574	194.889	0	
62.4361	-2.36288	196.426	0	
61.5808	-1.42819	194.716	0	
61.4392	-1.97703	194.966	0	
61.5602	-1.06114	195.43	0	
60.8645	-1.32157	196.65	0	
61.2654	-2.20648	197.246	0	
61.4066	-2.4983	196.68	0	
60.9845	-2.18077	195.548	0	
61.2186	-2.72429	200.159	0	
61.1216	-3.22268	204.027	0	
61.8823	-3.39501	203.566	0	
60.8587	-1.90958	196.014	0	
60.5252	-2.36772	196.51	0	
61.0383	-1.60489	195.03	0	
60.4266	-1.39258	195.5	0	
59.9867	-2.56183	196.716	0	
60.9024	-2.6543	197.878	0	
60.3295	-1.65074	195.602	0	
59.7235	-1.82812	194.453	0	
59.7916	-3.12087	201.63	0	
60.7162	-2.86843	200.394	0	
60.1498	-2.07726	195.005	0	
60.043	-1.78476	194.435	0	
60.3064	-3.17473	202.883	0	
60.6167	-3.57607	207.947	0	
59.3623	-2.29169	196.247	0	
59.744	-2.76593	199.229	0	
60.8141	-3.1265	202.339	0	
60.5753	-3.33695	203.854	0	
61.5577	-3.67564	210.365	0	
62.2496	-3.37858	206.32	0	
60.0237	-3.79045	209.187	0	
61.1976	-4.40356	215.791	0	
59.2994	-4.18762	217.099	0	
60.4354	-4.66393	219.993	0	
60.5351	-4.21512	215.813	0	
60.9395	-4.84601	223.175	0	
61.8962	-2.73912	198.224	0	
61.7181	-3.05558	203.994	0	
59.1116	-2.12883	194.087	0	
58.9314	-2.64098	197.677	0	
59.1253	-1.82291	194.015	0	
58.2204	-1.98714	192.891	0	
58.7571	-2.85835	199.755	0	
58.9156	-3.39715	205.248	0	
58.4852	-2.81764	199.594	0	
58.6641	-3.44952	207.151	0	
59.265	-3.07669	201.557	0	
58.9534	-3.11931	202.879	0	
58.3827	-2.56802	197.5	0	
58.0307	-2.9797	201.831	0	
58.5932	-2.29475	194.614	0	
58.0199	-2.26084	195.641	0	
57.4836	-2.87456	201.225	0	
57.8495	-3.53642	208.903	0	
57.6071	-1.96108	193.469	0	
57.5748	-2.40392	196.186	0	
57.1196	-3.76203	213.669	0	
58.2528	-4.55296	222.324	0	
57.2876	-2.0553	193.724	0	
57.2913	-2.34843	194.992	0	
56.8208	-2.61927	198.549	0	
57.5168	-3.18906	203.728	0	
57.5201	-3.91322	213.85	0	
58.6269	-3.8043	210.307	0	
59.4852	-1.65382	192.356	0	
59.0977	-1.17227	192.464	0	
59.7265	-3.90454	211.984	0	
60.0399	-3.3201	205.27	0	
58.3132	-3.82631	212.176	0	
58.798	-4.04872	215.983	0	
58.101	-4.15784	217.65	0	
59.0979	-3.96464	212.133	0	
58.636	-4.46584	219.497	0	
59.2105	-4.53924	220.15	0	
57.2151	-2.84536	200.567	0	
57.187	-3.33541	207.492	0	
57.1033	-2.57552	198.059	0	
56.7514	-2.97334	201.122	0	
58.8471	-4.73338	223.874	0	
59.8206	-4.52494	221.012	0	
59.199	-5.4846	231.172	0	
60.1022	-4.7705	223.072	0	
59.5035	-4.73337	223.641	0	
59.549	-5.19395	227.531	0	
58.9433	-6.99018	233.74	0	
61.3284	-5.67482	229.552	0	
57.6489	-4.23798	219.501	0	
57.431	-4.70169	225.824	0	
57.9173	-5.29371	231.775	0	
58.9434	-6.38787	234.925	0	
-93.8137	-3.33252	185.506	0	
-93.305	-2.88077	184.301	0	
-93.936	-3.63838	186.579	0	
-93.4145	-3.69597	187.212	0	
-94.2614	-3.79634	188.378	0	
-93.2573	-4.71171	198.02	0	
-93.0892	-3.89735	187.691	0	
-92.6601	-3.74553	186.145	0	
-94.1383	-4.21662	189.84	0	
-94.5225	-4.47752	198.552	0	
-93.0147	-2.7229	183.805	0	
-93.5155	-2.17624	184.917	0	
-92.8398	-3.21004	184.24	0	
-92.7571	-2.24919	184.022	0	
-92.1537	-3.09849	183.404	0	
-92.2239	-2.64849	182.926	0	
-39.871	-3.26157	185.019	0	
-40.2791	-3.79779	187.413	0	
-38.8836	-3.72003	186.902	0	
-38.8522	-2.99493	184.792	0	
-40.7524	-4.88136	201.513	0	
-39.608	-3.87879	188.227	0	
-38.7471	-4.22259	191.709	0	
-38.1409	-3.58579	184.457	0	
-38.6948	-2.68435	185.4	0	
-39.0964	-2.22145	189.49	0	
-39.901	-4.69217	199.919	0	
-38.5989	-5.76775	216.828	0	
-38.0942	-4.80108	200.812	0	
-37.2824	-3.84919	186.303	0	
-37.7213	-4.60919	195.997	0	
-37.0596	-5.2302	212.31	0	
-37.0068	-4.30531	191.355	0	
-37.2398	-4.74054	197.94	0	
125.633	-0.762451	200.674	0	
126.044	-0.629641	201.73	0	
125.264	-0.168927	204.884	0	
126.173	-0.331149	202.988	0	
125.948	-1.21706	199.228	0	
125.4	-0.632886	201.076	0	
125.349	-1.10473	198.383	0	
125.528	-1.72034	197.527	0	
127.02	-1.60321	199.577	0	
125.472	-0.334394	202.686	0	
124.959	-0.356574	198.453	0	
125.96	-0.111537	202.623	0	
125.832	-0.575496	202.326	0	
126.197	-0.865454	200.731	0	
126.539	-1.28459	200.193	0	
126.676	-1.60539	200.011	0	
127.02	-1.23666	201.425	0	
-69.9293	-3.58689	188.628	0	
-69.2845	-3.80431	190.365	0	
-70.3003	-3.53086	186.688	0	
-70.2069	-4.32658	193.923	0	
-151.381	-2.00092	182.49	0	
-151.882	-0.975168	183.085	0	
-150.989	-1.90132	181.974	0	
-151.526	-1.0661	182.477	0	
-150.567	-1.98138	183.86	0	
-150.243	-1.59799	183.817	0	
-151.08	-1.53803	182.323	0	
-150.931	-0.939367	181.448	0	
31.0893	-1.20064	216.307	0	
32.0061	-1.61365	211.278	0	
32.3075	-0.412106	223.838	0	
31.7692	-1.07483	214.365	0	
30.9355	-1.60318	214.105	0	
31.1972	-1.78844	210.491	0	
31.6364	-0.168311	222.374	0	
31.774	-0.773347	219.484	0	
-143.438	-0.133359	209.649	0	
-142.525	-1.24151	212.949	0	
-143.324	-0.685711	211.299	0	
-144.011	-0.148146	214.349	0	
-144.649	-0.721864	216.095	0	
-144.097	-1.19213	205.658	0	
-144.219	-0.313613	219.073	0	
-143.85	-0.745129	211.968	0	
-144.027	-1.61012	200.119	0	
-143.755	-1.77623	200.05	0	
-143.249	-1.01995	207.024	0	
-142.697	-0.640463	218.509	0	
-142.979	-1.62686	203.993	0	
-142.834	-1.31277	206.751	0	
-142.693	-0.858723	213.524	0	
-142.963	-1.07553	212.037	0	
-142.355	-1.42867	209.347	0	
-141.707	-1.08747	222.442	0	
-142.322	-1.73319	204.871	0	
-142.018	-1.86649	206.563	0	
-141.596	-0.199652	241.456	0	
-142.226	-0.940482	221.003	0	
-141.747	-2.11523	198.599	0	
-141.574	-1.63288	210.339	0	
-141.873	-0.347106	235.497	0	
-142.158	-0.691591	225.324	0	
-142.396	-0.534057	224.619	0	
-142.152	-0.147454	241.406	0	
-142.775	-0.135805	204.859	0	
-146.179	-1.21355	203.44	0	
-146.041	-1.88119	193.187	0	
-145.136	-1.62037	197.92	0	
-145.483	-0.327286	205.443	0	
-146.315	-0.948004	208.082	0	
-146.616	-1.3816	202.035	0	
-146.225	-0.695737	209.055	0	
-146.858	-0.727583	206.658	0	
-146.886	-1.65493	197.556	0	
-146.354	-1.76236	196.589	0	
-145.477	-0.812828	205.726	0	
-145.768	-0.824924	203.249	0	
-145.333	-0.613682	201.867	0	
-146.005	-0.148495	208.068	0	
-145.921	-1.14738	203.212	0	
-145.796	-0.340333	203.43	0	
-145.427	-1.08822	201.451	0	
-145.06	-0.624544	211.263	0	
-145.276	-0.135447	199.792	0	
-144.915	-0.842793	203.256	0	
-144.519	-0.368168	213.542	0	
-145.138	-1.10732	204.329	0	
-144.411	-1.0837	210.627	0	
-145.011	-1.338	199.395	0	
-145.413	-1.77145	194.528	0	
-145.305	-2.18128	191.481	0	
-144.862	-1.82722	195.098	0	
-129.017	-2.09304	203.82	0	
-129.382	-0.975168	221.299	0	
-128.346	-2.00354	204.804	0	
-128.509	-1.40432	215.9	0	
125.999	-2.32692	197.023	0	
125.938	-1.57566	198.299	0	
-120.274	-1.27285	208.715	0	
-120.979	-1.25578	207.454	0	
-121.3	-1.09716	209.043	0	
-121.359	-1.8341	199.836	0	
-121.326	-2.23907	195.133	0	
-120.977	-2.24406	196.949	0	
-86.2722	-2.30095	185.503	0	
-86.5012	-3.00571	182.39	0	
-86.1552	-1.77279	188.75	0	
-86.7413	-2.25389	185.565	0	
-86.5715	-1.46858	190.177	0	
-86.5879	-1.98531	187.02	0	
-87.1674	-2.2646	184.783	0	
-87.0754	-2.80787	182.985	0	
-85.8856	-1.80342	188.339	0	
-85.9959	-1.36969	190.442	0	
-87.1852	-0.730447	195.437	0	
-87.3422	-2.00338	187.767	0	
-85.7713	-2.04494	186.666	0	
-85.0889	-1.80051	188.573	0	
-86.0044	-2.32401	184.458	0	
-85.5085	-2.50953	183.644	0	
-85.081	-1.34264	192.548	0	
-85.492	-1.562	189.874	0	
-85.3181	-2.7919	183.033	0	
-84.5503	-1.79724	189.675	0	
-84.9327	-1.12407	193.981	0	
-85.3789	-0.981048	194.633	0	
-85.4386	-3.05906	181.757	0	
-84.7397	-3.22553	182.023	0	
-84.8372	-2.54679	184.236	0	
-84.5477	-2.38454	185.287	0	
-84.6744	-1.14374	193.984	0	
-84.1667	-0.240517	192.914	0	
-84.561	-1.36816	191.911	0	
-84.1875	-0.98989	193.74	0	
-84.9576	-1.57757	191.006	0	
-84.9534	-0.628235	195.658	0	
-84.696	-1.58342	190.675	0	
-84.2903	-1.77352	189.149	0	
-84.0827	-2.01633	186.816	0	
-84.9388	-2.04433	187.431	0	
-83.8123	-1.51214	191.599	0	
-84.5036	-0.381921	195.83	0	
-85.0244	-0.32472	200.43	0	
-87.0705	-1.72687	188.593	0	
-88.102	-2.30778	185.872	0	
-87.3603	-2.53342	184.371	0	
-87.7561	-2.57858	183.224	0	
-87.2765	-1.42971	191.654	0	
-87.7589	-1.76674	189.044	0	
-87.0972	-1.08423	192.66	0	
-87.8102	-0.985824	195.834	0	
-87.0135	-3.3889	183.048	0	
-85.9346	-3.44137	182.344	0	
-85.8437	-3.10791	182.21	0	
-85.5898	-3.62472	182.498	0	
-85.9043	-4.03765	186.052	0	
-85.2252	-4.12914	185.412	0	
-87.7294	-3.48121	183.116	0	
-87.1395	-3.72233	183.624	0	
-86.9288	-3.99275	186.869	0	
-86.324	-3.57278	183.366	0	
-85.4096	-5.03628	199.723	0	
-83.7537	-4.00354	185.533	0	
-88.0537	-3.53925	183.273	0	
-87.8662	-4.24161	190.843	0	
-87.0467	-4.28943	188.411	0	
-86.4703	-4.33765	188.643	0	
-87.335	-4.36305	192.059	0	
-87.0976	-4.87915	200.04	0	
-86.1946	-4.45355	192.508	0	
-86.3005	-3.86425	184.285	0	
-87.5791	-4.11646	186.289	0	
-87.8662	-4.59818	191.827	0	
-87.0724	-5.1877	203.256	0	
-86.5463	-5.27877	205.045	0	
-86.5128	-4.93995	200.578	0	
-85.6443	-4.48161	191.252	0	
-88.1816	-4.7675	199.989	0	
-87.9622	-5.23	209.794	0	
-87.3802	-5.3373	212.68	0	
-87.1292	-5.89087	225.35	0	
-86.1849	-5.52142	215.278	0	
-86.2157	-4.79068	194.713	0	
-85.2775	-4.40968	192.135	0	
-85.5832	-3.92953	185.907	0	
-88.4372	-5.77465	223.841	0	
-87.4029	-5.7086	215.301	0	
-87.0912	-6.33541	236.716	0	
-86.1554	-5.93385	222.694	0	
-86.5509	-6.02306	229.321	0	
-85.2764	-5.76475	220.417	0	
-85.932	-5.32684	204.707	0	
-85.512	-5.39232	207.998	0	
-89.1002	-6.4624	247.577	0	
-87.7749	-5.87354	226.205	0	
-87.769	-6.34804	236.068	0	
-86.5105	-8.2957	315.124	0	
-86.6869	-6.41627	237.678	0	
-85.9852	-6.82609	252.515	0	
-84.5579	-5.38464	206.409	0	
-85.0935	-4.79506	194.793	0	
-84.5527	-4.06895	185.932	0	
-84.7178	-4.89982	198.054	0	
-88.2595	-3.273	183.373	0	
-88.6193	-4.1302	186.916	0	
-88.1661	-2.9711	182.446	0	
-88.4022	-2.39791	184.486	0	
-87.8251	-2.89524	183.156	0	
-88.1185	-1.8478	188.168	0	
-89.3042	-1.38126	189.319	0	
-89.0374	-2.39187	184.567	0	
-88.3973	-2.74456	183.719	0	
-88.7313	-2.21262	185.195	0	
-88.8158	-1.8755	187.738	0	
-89.3717	-2.23367	185.22	0	
-88.5031	-1.6008	188.389	0	
-88.4851	-1.15039	193.425	0	
-89.7324	-2.28389	184.757	0	
-89.7902	-2.91534	182.242	0	
-88.1313	-7.08006	264.729	0	
-88.1305	-6.56684	246.402	0	
-84.814	-5.78572	222.512	0	
-84.1102	-5.40747	208.812	0	
-106.944	-1.63484	189.866	0	
-107.577	-1.24131	194.397	0	
-106.644	-1.85847	190.17	0	
-105.924	-1.37485	191.982	0	
-106.463	-1.0499	193.668	0	
-106.266	-1.4636	192.457	0	
-104.262	-1.64262	192.844	0	
-103.644	-1.44407	192.906	0	
-103.901	-2.25669	188.524	0	
-103.438	-1.73827	190.835	0	
-103.005	-1.63791	192.102	0	
-103.382	-1.16044	193.198	0	
-96.9173	-4.33662	193.327	0	
-96.8069	-3.18323	184.853	0	
-79.554	-1.64637	190.346	0	
-79.1419	-1.70661	187.861	0	
-78.4588	-2.74825	183.423	0	
-78.5323	-2.07998	186.322	0	
-24.9106	-0.207043	235.697	0	
-24.4673	-0.203313	239.335	0	
-24.5451	-0.411999	237.8	0	
-25.3399	-0.0940571	233.757	0	
-25.1125	-0.590832	231.778	0	
-24.4005	-0.575252	235.84	0	
-23.9062	-0.135145	242.183	0	
-25.6524	-0.272221	237.037	0	
-25.2555	-0.434454	234.309	0	
-25.4042	-1.00003	226.15	0	
-25.024	-1.3861	217.849	0	
-24.5101	-0.794486	232.246	0	
-24.0247	-0.670909	236.262	0	
-24.1664	-0.501711	239.015	0	
-24.1027	-0.258456	241.99	0	
-23.7552	-0.704737	236.931	0	
-25.3041	-1.35231	214.656	0	
-24.8217	-1.61412	213.922	0	
-24.7475	-0.801666	229.515	0	
-24.9648	-0.948141	227.074	0	
-24.2212	-1.26043	222.118	0	
-24.1219	-0.890716	231.583	0	
-24.2466	-1.46048	217.028	0	
-23.858	-1.38661	219.604	0	
-24.6138	-1.49358	215.166	0	
-24.2055	-1.8701	207.346	0	
-23.6558	-1.40118	220.151	0	
-22.9146	-1.08305	226.125	0	
-24.6188	-1.25294	220.05	0	
-24.9045	-1.16301	219.966	0	
-24.1922	-2.11897	201.544	0	
-23.6869	-2.03658	203.909	0	
-23.6073	-1.63478	213.066	0	
-23.3419	-1.18355	224.73	0	
-23.6978	-0.970951	230.794	0	
-23.5448	-1.15339	224.713	0	
-24.8536	-1.81927	205.251	0	
-24.4341	-1.80634	208.011	0	
-23.7779	-1.80677	210.663	0	
-23.76	-2.22633	200.636	0	
-23.0944	-1.85615	207.753	0	
-22.9651	-1.68774	213.38	0	
-25.2281	-1.94496	203.391	0	
-24.8145	-2.19826	199.621	0	
-25.6205	-2.25409	196.886	0	
-24.9999	-2.16715	200.068	0	
-24.8798	-2.56765	193.41	0	
-24.741	-2.39454	196.205	0	
-25.711	-2.48612	194.348	0	
-25.3173	-2.6882	191.405	0	
-24.4005	-2.61115	193.903	0	
-24.0031	-2.27553	198.924	0	
-24.5063	-2.41396	195.723	0	
-24.5547	-2.79732	190.725	0	
-23.5956	-2.45656	197.167	0	
-23.3786	-2.42636	197.622	0	
-23.296	-2.22326	202.06	0	
-22.8744	-2.12759	202.569	0	
-22.6304	-1.54319	216.068	0	
-23.0452	-1.49015	215.455	0	
-26.2031	-2.51081	194.07	0	
-25.9392	-2.89379	187.993	0	
-25.1558	-2.50639	193.276	0	
-25.1831	-2.94875	189.141	0	
-24.4444	-3.04676	188.911	0	
-23.7061	-2.69062	193.283	0	
-23.9838	-2.75399	191.607	0	
-23.5774	-2.88299	191.12	0	
-23.0325	-2.55732	195.948	0	
-23.0892	-2.0977	204.407	0	
-22.4137	-2.2496	200.363	0	
-22.672	-1.91192	207.217	0	
-22.4176	-1.57015	213.883	0	
-22.304	-1.39089	219.893	0	
-22.7056	-0.989079	225.257	0	
-22.9218	-1.32867	221.033	0	
-22.3999	-0.841379	229.694	0	
-23.1212	-0.706324	233.322	0	
-26.4248	-2.79648	187.764	0	
-26.2106	-3.06192	185.958	0	
-26.2539	-3.43687	185.482	0	
-25.6957	-3.49643	185.966	0	
-25.6066	-3.17726	186.397	0	
-24.857	-3.42066	185.688	0	
-24.7038	-3.17222	187.992	0	
-24.4131	-3.73184	186.492	0	
-24.1576	-3.04544	189.77	0	
-23.3404	-2.81092	192.047	0	
-22.907	-2.7368	193.254	0	
-22.6152	-2.37155	198.763	0	
-22.5543	-2.6173	195.983	0	
-22.0953	-1.925	208.429	0	
-22.3201	-1.83568	209.529	0	
-21.9938	-1.65515	214.782	0	
-22.014	-1.20081	224.36	0	
-22.4033	-1.19581	221.99	0	
-21.8221	-1.19583	224.98	0	
-22.0016	-0.864768	229.827	0	
-21.7647	-1.6776	214.587	0	
-21.4939	-1.04709	227.588	0	
-21.691	-0.374871	239.466	0	
-22.6046	-0.824086	230.799	0	
-21.5547	-1.93748	209.884	0	
-21.2435	-1.81193	214.022	0	
-21.3454	-0.915616	236.202	0	
-21.1493	-0.5779	241.054	0	
-21.4826	-0.134316	241.701	0	
-22.4733	-0.275423	231.983	0	
-22.0815	-0.650497	234.007	0	
-22.473	-0.501906	235.07	0	
-22.2895	-0.636425	232.101	0	
-22.7928	-0.142829	241.628	0	
-23.6933	-3.16974	188.958	0	
-23.4217	-3.30821	188.502	0	
-23.1895	-3.06093	189.721	0	
-22.5699	-2.99523	191.207	0	
-21.451	-2.84772	192.671	0	
-22.0249	-2.25756	200.905	0	
-21.157	-0.989381	232.238	0	
-21.1701	-0.314761	243.456	0	
-21.0749	-1.26885	226.538	0	
-20.8445	-0.894677	233.71	0	
-21.9722	-0.373149	238.286	0	
-21.3489	-0.677032	237.721	0	
-22.9934	-0.312016	241.083	0	
-23.9112	-3.77779	187.429	0	
-22.2867	-4.03512	187.804	0	
-22.363	-3.06831	190.15	0	
-22.2787	-2.63634	194.81	0	
-22.3099	-3.35406	188.718	0	
-22.1805	-0.132594	233.631	0	
-21.9403	-3.21549	189.813	0	
-22.5973	-3.4342	187.962	0	
-21.7245	-3.75875	186.92	0	
-22.0416	-3.80391	187.69	0	
-21.6501	-3.35875	188.813	0	
-23.2385	-0.280393	240.939	0	
-23.7149	-0.246351	243.402	0	
-25.9631	-3.65507	184.859	0	
-25.2435	-3.40883	186.361	0	
-25.6629	-4.22838	188.846	0	
-24.732	-3.68392	186.759	0	
-25.4449	-3.62825	185.678	0	
-25.3744	-4.02323	187.591	0	
-21.2773	-2.55078	198.962	0	
-21.5495	-2.26296	201.344	0	
-24.4203	-4.06188	188.346	0	
-23.925	-4.10109	188.055	0	
-22.6203	-3.75114	186.906	0	
-23.351	-3.57875	187.084	0	
-26.6765	-3.5192	184.145	0	
-27.0315	-4.12573	187.46	0	
-26.1894	-4.80049	195.725	0	
-24.5426	-4.54818	191.903	0	
-24.9323	-4.31149	190.053	0	
-24.6233	-4.25837	190.801	0	
-23.6409	-4.26832	190.605	0	
-23.5812	-3.779	187.705	0	
-22.6403	-4.95163	195.441	0	
-21.535	-4.48761	188.087	0	
-25.0272	-4.62551	196.099	0	
-24.7574	-4.74527	196.546	0	
-25.3444	-4.84989	196.696	0	
-24.2274	-4.55252	193.163	0	
-24.811	-5.07746	201.058	0	
-24.572	-5.2765	209.364	0	
-23.5649	-4.61751	192.052	0	
-22.9529	-4.39436	190.619	0	
-23.0136	-5.07477	198.788	0	
-22.8426	-6.21233	229.45	0	
-22.1863	-5.05393	197.076	0	
-21.5073	-5.46155	203.863	0	
-25.6865	-4.65023	194.664	0	
-25.9644	-5.56459	214.087	0	
-23.9387	-4.78295	198.008	0	
-23.2583	-5.46237	208.204	0	
-23.423	-4.06869	187.902	0	
-23.052	-4.1297	188.453	0	
-26.9015	-4.58631	193.326	0	
-26.3231	-4.14284	187.518	0	
-27.1644	-4.87451	200.148	0	
-26.3317	-5.19278	206.342	0	
-27.553	-4.78296	197.529	0	
-27.6782	-5.52927	217.806	0	
-27.3739	-4.02001	187.32	0	
-28.355	-4.62962	194.259	0	
-28.3229	-5.87294	227.16	0	
-27.1922	-6.33443	242.87	0	
-34.186	-1.54753	205.091	0	
-33.9056	-2.43834	187.889	0	
-34.4377	-3.35892	183.884	0	
-33.8573	-3.13791	183.489	0	
-72.8828	-0.762451	197.74	0	
-72.7003	-1.50228	192.745	0	
-73.1679	-0.740289	195.9	0	
-72.9393	-1.15218	195.376	0	
-73.3649	-0.578444	195.567	0	
-73.4216	-1.07717	194.641	0	
-73.272	-0.302114	195.493	0	
-73.7903	-0.321398	194.693	0	
-72.5808	-1.77184	190.658	0	
-72.9167	-0.165467	199.092	0	
-72.2772	-1.47333	192.364	0	
-72.9133	-1.39982	193.06	0	
-72.5036	-1.36616	193.096	0	
-73.1511	-1.55946	192.242	0	
-72.6943	-1.97922	189.373	0	
-72.2947	-1.75505	190.99	0	
-72.2435	-0.942112	195.425	0	
-73.4308	-1.38265	192.889	0	
-73.5655	-2.03371	188.964	0	
-71.7358	-1.72162	190.022	0	
-72.0096	-1.03186	194.892	0	
-71.7264	-1.4417	192.781	0	
-71.104	-1.25711	193.439	0	
-71.705	-0.923313	193.956	0	
-71.5113	-1.21383	193.392	0	
-73.711	-2.33274	186.775	0	
-73.2178	-2.57852	186.086	0	
-72.0833	-0.233607	193.284	0	
-71.2688	-0.659836	194.321	0	
-73.6054	-2.84295	185.219	0	
-71.5336	-0.142606	192.784	0	
-71.5813	-0.677685	193.591	0	
-74.3155	-2.03973	188.766	0	
-75.0737	-2.8488	185.089	0	
-75.5976	-3.65175	186.277	0	
-74.427	-2.83527	185.207	0	
-74.2092	-3.91268	187.462	0	
-74.5351	-3.28026	184.606	0	
-76.6611	-1.05834	193.379	0	
-77.163	-0.717057	193.728	0	
-77.788	-0.968999	193.465	0	
-77.0268	-1.67592	191.346	0	
-77.6373	-1.34122	193.263	0	
-78.3302	-1.70538	189.114	0	
-77.7462	-2.67632	184.538	0	
-77.2458	-2.01296	186.881	0	
1.3212	-1.51827	188.336	0	
1.2379	-0.773078	183.57	0	
-42.4121	-3.054	187.441	0	
-42.5404	-3.46651	188.746	0	
-41.2924	-2.94372	187.106	0	
-42.0031	-3.03442	187.225	0	
-42.8566	-3.60108	190.06	0	
-42.3841	-4.29874	196.288	0	
-41.463	-3.85488	191.096	0	
-40.8303	-3.92632	188.5	0	
-40.8025	-2.64894	187.439	0	
-41.6878	-2.47269	188.037	0	
-41.2968	-2.33145	188.669	0	
-41.1121	-2.64637	186.994	0	
-41.0947	-1.1446	198.127	0	
-41.2037	-2.03404	191.269	0	
-41.419	-0.966227	198.364	0	
-41.5519	-1.56625	195.767	0	
-41.7347	-4.09124	193.921	0	
-41.652	-5.62663	226.28	0	
-42.1366	-3.99615	194.169	0	
-42.084	-5.91118	232.663	0	
-41.6657	-4.42494	197.688	0	
-42.5665	-5.10475	213.072	0	
-42.0483	-4.57604	202.721	0	
-41.2115	-4.74803	206.797	0	
-41.6224	-5.12862	210.839	0	
-42.0553	-4.94252	209.209	0	
88.1335	-0.762142	211.464	0	
88.5444	-0.629641	214.348	0	
87.7612	-0.167628	205.691	0	
88.6733	-0.331149	210.886	0	
88.4485	-1.21706	211.277	0	
87.8985	-0.631278	211.138	0	
87.8503	-1.09902	212.19	0	
88.4646	-1.49367	210.475	0	
89.5201	-1.60321	213.195	0	
87.9695	-0.333095	209.513	0	
87.4512	-0.352379	216.086	0	
88.4604	-0.111537	214.54	0	
88.3315	-0.575496	210.993	0	
88.6972	-0.865454	214.456	0	
89.0392	-1.28459	213.322	0	
89.176	-1.60539	211.429	0	
89.5201	-1.23666	211.754	0	
-10.9325	-2.80699	204.068	0	
-11.0427	-2.05494	211.808	0	
-11.6065	-3.10698	199.962	0	
-11.9647	-3.09562	203.254	0	
-12.1697	-2.77535	205.316	0	
-12.9371	-3.2283	198.835	0	
-13.0383	-3.8922	190.548	0	
-12.4285	-3.48246	197.113	0	
-13.4996	-3.72481	190.983	0	
-12.1177	-4.28196	186.82	0	
15.1524	-1.36797	185.575	0	
14.9879	-0.773078	178.767	0	
15.4176	-2.46984	195.84	0	
14.7853	-2.76809	195.956	0	
15.7353	-2.20043	190.703	0	
15.2833	-1.70017	187.404	0	
16.254	-2.6963	196.073	0	
16.6934	-1.55724	186.298	0	
19.6007	-1.06628	190.829	0	
19.2156	-1.63261	187.341	0	
153.294	-1.68626	210.599	0	
153.118	-0.975168	209.563	0	
153.41	-1.97404	211.557	0	
153.764	-1.53155	211.253	0	
153.286	-2.23257	211.244	0	
153.489	-2.44514	212.397	0	
152.944	-2.3133	211.261	0	
152.84	-2.61894	210.908	0	
153.654	-2.9177	213.447	0	
153.951	-2.85546	213.706	0	
152.409	-2.70379	210.886	0	
152.961	-3.39674	212.003	0	
153.183	-3.15989	212.594	0	
154.186	-4.00146	216.693	0	
154.505	-2.97721	215.753	0	
154.426	-2.43385	214.448	0	
154.042	-1.31915	211.83	0	
153.455	-1.09165	209.827	0	
153.054	-3.91119	213.482	0	
153.782	-3.86078	215.095	0	
154.084	-3.38382	215.144	0	
153.746	-3.49367	214.954	0	
154.673	-3.62087	217.337	0	
155.148	-3.03967	217.491	0	
154.366	-4.39765	217.6	0	
154.949	-3.93087	218.156	0	
152.556	-3.99989	211.585	0	
153.308	-5.11008	216.25	0	
156.053	-2.83208	219.915	0	
155.476	-2.32707	217.717	0	
153.585	-4.60922	216.036	0	
155.551	-4.67461	221.665	0	
155.306	-3.84005	220.27	0	
155.503	-3.1437	219.556	0	
155.634	-4.18537	221.175	0	
156.688	-3.60725	223.846	0	
155.055	-4.77823	220.112	0	
156.388	-5.11655	224.876	0	
155.974	-3.57424	221.685	0	
156.008	-4.03464	221.856	0	
157.022	-3.44752	225.262	0	
156.454	-3.02113	222.407	0	
156.521	-4.611	224.418	0	
156.931	-4.55136	225.817	0	
157.467	-3.60699	226.353	0	
157.659	-3.24137	227.253	0	
157.388	-4.74722	227.139	0	
157.775	-4.34964	228.232	0	
85.9512	-2.01412	212.304	0	
85.6183	-0.975168	219.123	0	
86.5113	-1.90132	214.459	0	
85.974	-1.0661	220.987	0	
86.79	-2.0586	210.149	0	
87.2574	-1.59799	214.395	0	
86.4203	-1.53803	216.653	0	
86.5687	-0.939367	224.767	0	
104.778	-0.744099	190.83	0	
104.754	-1.0214	192.085	0	
104.332	-0.740289	190.252	0	
104.562	-1.15442	192.572	0	
104.135	-0.578444	187.497	0	
104.078	-1.07717	190.211	0	
104.228	-0.302114	190.134	0	
103.71	-0.321398	184.975	0	
104.803	-1.51285	194.896	0	
104.536	-0.312582	189.43	0	
105.231	-1.47923	195.138	0	
104.587	-1.40698	193.87	0	
105.005	-1.37254	193.393	0	
104.366	-1.55014	194.362	0	
104.681	-2.00875	197.144	0	
105.37	-1.73664	195.566	0	
105.261	-0.942842	188.832	0	
104.087	-1.36842	192.305	0	
103.929	-1.93177	195.654	0	
104.537	-2.81766	201.051	0	
105.165	-1.87552	197.99	0	
105.666	-1.75061	194.943	0	
105.681	-1.47482	194.341	0	
103.701	-2.1442	197.047	0	
103.901	-2.72668	200.082	0	
105.767	-2.71556	201.011	0	
105.212	-2.17232	198.093	0	
105.86	-1.90414	197.112	0	
106.095	-1.77738	194.995	0	
105.959	-1.07564	189.385	0	
105.501	-1.03671	191.127	0	
105.819	-2.15495	198.307	0	
106.247	-2.39591	199.858	0	
106.515	-1.78369	195.686	0	
106.444	-1.39178	191.184	0	
106.697	-1.94515	197.542	0	
106.935	-1.80783	196.286	0	
105.526	-2.30449	200.02	0	
105.453	-2.64782	200.481	0	
106.645	-2.18632	198.177	0	
106.875	-2.32238	199.631	0	
107.393	-1.86725	196.465	0	
107.386	-1.38984	193.622	0	
106.367	-2.16809	198.419	0	
106.395	-2.64673	200.208	0	
107.11	-2.67385	200.711	0	
107.346	-2.54395	199.796	0	
107.832	-1.14659	190.774	0	
107.319	-0.993703	190.989	0	
106.257	-2.89962	201.62	0	
107.116	-3.24276	202.097	0	
105.75	-3.04246	201.717	0	
106.569	-3.78137	202.438	0	
106.475	-3.10439	201.764	0	
106.357	-3.39274	202.011	0	
106.979	-2.97038	201.274	0	
107.391	-3.20648	201.486	0	
107.779	-2.52149	199.615	0	
107.77	-2.2509	198.66	0	
108.333	-0.239636	179.466	0	
107.284	-0.777846	189.914	0	
106.919	-0.702922	188.929	0	
106.814	-0.951123	189.019	0	
105.457	-3.32009	201.925	0	
105.55	-3.60018	202.176	0	
107.546	-3.48217	201.807	0	
107.819	-3.341	201.433	0	
107.809	-3.04192	201.194	0	
108.229	-2.25753	198.061	0	
107.928	-1.87185	196.229	0	
107.524	-1.64372	195.888	0	
108.185	-1.75657	195.124	0	
107.978	-0.932332	188.474	0	
108.382	-1.98423	196.744	0	
109.035	-1.26676	188.434	0	
108.193	-1.49043	193.062	0	
108.437	-1.31625	189.631	0	
105.936	-4.93271	199.031	0	
107.536	-0.60819	187.695	0	
104.854	-2.65639	200.276	0	
104.383	-4.12606	201.447	0	
104.941	-4.60418	201.413	0	
105.849	-4.23796	201.214	0	
107.587	-3.86243	201.52	0	
107.911	-3.88948	201.522	0	
108.435	-3.32036	201.258	0	
108.091	-2.90384	200.598	0	
108.062	-2.66705	200.137	0	
108.755	-2.88211	199.977	0	
108.004	-0.373829	182.615	0	
105.976	-3.92049	202.041	0	
107.483	-0.317509	189.937	0	
106.075	-4.54665	201.556	0	
106.353	-4.0798	201.974	0	
103.291	-2.02877	195.345	0	
102.777	-2.31202	197.736	0	
103.734	-3.1636	200.593	0	
104.292	-3.55055	201.786	0	
108.863	-1.80122	194.507	0	
109.787	-2.17274	197.264	0	
105.038	-3.81084	201.985	0	
104.894	-3.48737	201.949	0	
108.764	-3.64013	201.831	0	
109.067	-2.81451	199.517	0	
106.197	-5.28484	199.822	0	
106.815	-4.77095	201.266	0	
103.306	-2.63735	198.614	0	
103.071	-2.31265	197.554	0	
105.125	-2.88017	201.385	0	
104.556	-3.30327	201.544	0	
109.874	-1.57398	193.655	0	
109.343	-1.42667	192.919	0	
108.623	-2.60401	199.627	0	
109.347	-2.89139	200.437	0	
108.332	-2.5217	199.29	0	
108.493	-3.0366	201.073	0	
109.64	-2.64944	199.031	0	
109.108	-2.49788	199.375	0	
110.025	-2.98668	199.858	0	
109.716	-1.89465	195.613	0	
110.588	-2.69246	198.459	0	
110.557	-2.27701	198.267	0	
109.399	-1.75003	193.927	0	
109.324	-2.29448	197.018	0	
102.542	-3.07485	200.315	0	
103.096	-3.48384	200.909	0	
109.805	-3.22363	200.825	0	
110.231	-3.60188	201.011	0	
102.256	-2.99234	200.267	0	
102.274	-3.54833	200.999	0	
109.412	-3.18334	200.651	0	
109.199	-3.58072	200.982	0	
110.412	-4.0162	199.749	0	
110.905	-4.09161	200.555	0	
101.903	-2.57242	198.844	0	
101.594	-2.96278	200.232	0	
102.219	-3.82878	200.829	0	
102.465	-3.98443	200.956	0	
101.966	-3.92425	200.85	0	
101.957	-4.23215	200.457	0	
102.741	-4.40119	200.506	0	
103.015	-4.27325	200.564	0	
101.761	-3.74887	200.834	0	
101.509	-3.877	200.893	0	
101.699	-4.63665	199.762	0	
101.96	-4.81616	199.066	0	
102.246	-4.67935	199.836	0	
103.604	-4.25118	200.825	0	
101.845	-3.38533	200.981	0	
101.618	-3.23457	200.827	0	
101.054	-3.85287	200.868	0	
101.032	-4.139	200.388	0	
101.385	-4.59556	199.23	0	
101.333	-5.17222	197.727	0	
102.236	-5.27348	197.625	0	
102.588	-4.68407	199.587	0	
103.267	-4.49809	200.617	0	
103.606	-3.85251	201.213	0	
101.288	-2.93964	200.349	0	
101.329	-3.45752	200.959	0	
100.855	-3.67764	200.86	0	
100.609	-3.79511	200.87	0	
100.772	-4.52863	199.448	0	
101.202	-4.86307	198.953	0	
101.143	-5.4602	196.903	0	
101.408	-5.66174	195.923	0	
101.701	-5.50446	197.009	0	
103.18	-4.86457	199.301	0	
101.246	-2.68785	199.723	0	
100.696	-2.91322	200.604	0	
101.028	-3.43106	200.952	0	
100.706	-3.16554	200.966	0	
100.088	-3.81194	200.79	0	
99.8626	-5.4919	195.72	0	
100.428	-4.62073	199	0	
100.327	-4.96071	198.177	0	
100.76	-5.45136	196.169	0	
100.715	-6.04634	194.368	0	
101.679	-6.15134	193.692	0	
102.057	-5.56302	196.558	0	
101.437	-2.52393	199.282	0	
101.01	-2.27875	198.495	0	
100.408	-2.65008	200.308	0	
100.202	-3.02495	200.953	0	
100.192	-3.27283	200.981	0	
99.6899	-4.59606	198.783	0	
100.365	-4.19708	200.191	0	
99.959	-4.47926	199.702	0	
101.694	-2.6842	199.493	0	
101.653	-2.11417	197.607	0	
100.82	-2.12369	198.073	0	
100.595	-2.25125	199.105	0	
100.854	-1.88034	197.542	0	
100.632	-1.74843	196.856	0	
100.175	-2.2641	199.462	0	
100.422	-2.89097	200.602	0	
101.13	-1.88114	196.248	0	
101.121	-1.4135	193.607	0	
100.294	-1.3959	196.237	0	
100.07	-1.5244	197.018	0	
99.7751	-1.49323	197.745	0	
99.7575	-2.0132	199.546	0	
99.5474	-2.6551	200.73	0	
99.978	-3.4059	201.096	0	
99.9496	-5.11728	197.473	0	
100.539	-5.73639	195.125	0	
100.072	-4.07526	200.371	0	
99.8591	-4.22566	199.9	0	
102.377	-2.51939	198.764	0	
101.871	-2.26677	198.039	0	
101.674	-1.88133	195.793	0	
101.261	-1.65761	195.524	0	
101.923	-1.7556	195.294	0	
101.675	-1.41797	193.65	0	
102.182	-2.25939	197.194	0	
102.473	-1.55556	193.417	0	
102.18	-1.32016	192.38	0	
101.715	-0.931846	190.726	0	
100.037	-2.01913	199.009	0	
99.6133	-2.25563	199.873	0	
100.182	-2.51843	200.2	0	
99.9919	-2.8953	200.796	0	
101.57	-1.14611	191.834	0	
101.067	-1.00595	191.077	0	
102.083	-0.239636	193.808	0	
101.033	-0.774105	190.244	0	
100.68	-0.707819	188.24	0	
100.818	-1.15542	192.109	0	
99.5826	-1.16681	197.997	0	
99.244	-1.66706	198.827	0	
99.1119	-3.74459	200.653	0	
99.6099	-3.73103	200.835	0	
99.6615	-3.30894	201.062	0	
99.2593	-3.9594	200.293	0	
99.48	-3.95153	200.494	0	
99.6019	-4.1855	199.899	0	
102.671	-2.59461	198.876	0	
102.515	-1.95847	195.766	0	
99.2744	-2.26817	200.282	0	
99.5201	-3.06639	201.203	0	
99.4598	-3.48898	201.04	0	
99.1825	-3.49467	200.945	0	
99.0963	-4.27423	200.023	0	
99.1973	-4.50139	199.13	0	
98.7446	-4.18446	199.651	0	
99.3279	-5.01989	197.385	0	
99.0961	-4.80632	197.702	0	
99.6366	-4.8905	197.843	0	
99.0549	-1.95028	199.47	0	
98.6159	-2.4156	200.01	0	
99.2641	-2.53643	200.537	0	
98.9633	-2.69944	201.278	0	
98.935	-3.22946	201.264	0	
98.3019	-4.29074	199.564	0	
98.7914	-4.98139	197.527	0	
99.3915	-6.31877	191.928	0	
98.6257	-3.4598	200.816	0	
98.0706	-3.00771	200.826	0	
111.052	-3.72222	199.802	0	
111.41	-3.68154	200.041	0	
103.911	-3.47514	201.595	0	
103.273	-3.22448	200.923	0	
102.831	-5.58042	196.652	0	
103.263	-6.11274	195.099	0	
100.493	-6.33053	192.593	0	
100.426	-6.93725	190.067	0	
101.394	-6.63638	191.862	0	
102.232	-6.5258	192.897	0	
98.8647	-5.39674	195.451	0	
101.278	-0.596182	188.142	0	
111.997	-4.21958	199.212	0	
98.5462	-5.80403	194.151	0	
112.059	-2.87414	198.178	0	
100.164	-6.38435	192.384	0	
100.878	-6.68826	191.375	0	
101.1	-6.42284	192.777	0	
100.629	-6.64594	191.899	0	
101.962	-6.72295	192.035	0	
101.66	-6.51388	192.878	0	
102.536	-6.66046	192.333	0	
102.654	-5.95066	195.596	0	
101.758	-0.370459	188.278	0	
101.237	-0.314138	188.758	0	
112.441	-4.11285	199.281	0	
112.393	-3.62298	199.83	0	
111.999	-3.55363	199.516	0	
112.719	-3.21428	198.783	0	
99.9504	-6.12424	193.472	0	
99.5912	-6.68092	191.233	0	
99.8653	-7.28568	188.694	0	
101.03	-7.03283	190.508	0	
101.096	-7.81116	187.957	0	
102.263	-7.74871	188.325	0	
102.268	-7.31213	190.13	0	
103.166	-6.75372	192.744	0	
100.104	-5.76047	194.915	0	
99.466	-5.66955	194.964	0	
99.3287	-6.98892	189.745	0	
99.4757	-7.3562	188.767	0	
101.848	-8.01099	187.684	0	
100.866	-7.39227	188.544	0	
102.628	-7.93806	188.611	0	
102.942	-7.10554	190.957	0	
103.553	-6.71371	192.849	0	
103.608	-6.34642	194.44	0	
98.8049	-6.77758	190.046	0	
98.6257	-7.71167	187.702	0	
103.482	-7.59043	189.838	0	
104.565	-6.6237	193.887	0	
103.814	-5.74084	196.715	0	
103.173	-5.70419	196.693	0	
99.4947	-8.13187	186.396	0	
100.181	-7.57416	187.981	0	
104.148	-5.56929	197.501	0	
103.939	-4.95092	199.424	0	
100.848	-8.25144	185.752	0	
101.487	-8.70635	185.148	0	
104.512	-5.84594	196.635	0	
104.849	-5.53813	198.65	0	
104.335	-6.26731	195.1	0	
105.399	-6.09984	197.2	0	
105.514	-5.00769	200.601	0	
105.363	-4.57451	200.322	0	
-80.7414	-2.97455	182.911	0	
-80.4369	-3.62763	183.289	0	
-81.3162	-3.49836	183.445	0	
-80.7304	-3.92189	186.618	0	
-80.5804	-4.39828	189.108	0	
-80.0604	-3.82854	186.008	0	
-80.7996	-4.7114	198.165	0	
-79.9755	-4.99873	198.436	0	
-79.4231	-3.8787	186.401	0	
-79.0715	-3.36156	183.505	0	
-79.4938	-4.26374	188.671	0	
-78.9229	-4.16947	188.093	0	
-79.8844	-4.25768	187.882	0	
-78.7356	-5.23771	204.479	0	
-78.638	-4.26698	190.517	0	
-78.4616	-3.99066	186.561	0	
-78.5701	-4.59436	193.407	0	
-78.0524	-4.39598	189.76	0	
-78.064	-3.5172	184.632	0	
-78.6206	-3.69957	185.404	0	
-79.1794	-4.79031	196.849	0	
-78.3394	-5.30078	210.85	0	
-77.7034	-4.4185	194.058	0	
-78.019	-3.82797	185.739	0	
-77.3526	-4.71984	196.235	0	
-77.0088	-4.47703	192.941	0	
-77.2144	-4.11521	190.532	0	
-77.1089	-3.48508	185.255	0	
-77.5469	-3.71925	186.207	0	
-77.232	-3.80023	185.295	0	
-77.7371	-3.46897	184.252	0	
-78.2261	-3.02088	183.371	0	
-77.4022	-2.77354	184.131	0	
-77.9233	-2.9637	183.557	0	
-78.3388	-2.42073	184.732	0	
-78.7924	-3.19427	183.131	0	
-78.9373	-2.05018	187.102	0	
-79.0355	-2.66425	183.602	0	
-78.7616	-2.83729	182.955	0	
-79.1494	-2.3267	184.605	0	
-79.5498	-2.29762	185.42	0	
-79.3073	-2.88205	183.254	0	
-79.5476	-5.12021	206.026	0	
-78.9703	-5.97202	228.197	0	
-78.1875	-5.83854	225.114	0	
-77.5587	-5.03242	205.022	0	
-77.9289	-2.406	184.823	0	
-77.6741	-2.04276	188.057	0	
-79.429	-5.48945	212.041	0	
-79.7057	-5.86596	224.094	0	
-80.352	-5.31649	211.317	0	
-80.642	-6.16636	238.423	0	
-149.917	-5.14803	209.881	0	
-149.152	-4.92576	204.2	0	
-150.4	-5.88194	224.805	0	
-149.655	-6.14657	227.448	0	
-148.767	-5.00785	203.421	0	
-149.006	-3.85108	190.783	0	
-148.633	-5.39026	209.298	0	
-147.994	-5.20177	202.361	0	
-149.442	-3.88718	192.919	0	
-149.507	-4.35463	196.642	0	
-149.399	-5.72827	217.563	0	
-148.145	-6.10679	220.34	0	
-140.5	-3.63477	187.159	0	
-140.494	-4.32867	187.815	0	
-136.644	-3.91689	187.912	0	
-136.475	-4.44053	189.216	0	
-139.948	-4.85413	191.282	0	
-140.548	-5.90056	207.532	0	
-138.145	-5.70779	201.506	0	
-138.044	-6.18491	210.159	0	
-135.729	-4.98758	192.162	0	
-136.907	-4.79298	189.795	0	
-116.215	-4.76741	194.39	0	
-114.884	-5.43132	204.436	0	
-113.935	-5.21229	203.08	0	
-113.231	-4.81354	197.546	0	
-114.374	-5.63814	211.816	0	
-114.32	-6.22164	219.32	0	
-117.519	-4.46443	193.728	0	
-116.747	-5.42744	202.224	0	
-54.3561	-6.85782	266.97	0	
-53.8762	-7.2271	280.724	0	
-52.7005	-6.06766	243.679	0	
-53.5605	-6.04476	244.365	0	
-52.9931	-7.19384	280.716	0	
-52.4057	-5.69827	234.586	0	
-52.732	-4.25886	201.701	0	
-52.3385	-3.28142	190.392	0	
-52.9864	-4.44701	204.315	0	
-52.4535	-5.9776	242.748	0	
-53.3678	-1.94084	184.804	0	
-53.6122	-3.15822	188.792	0	
79.544	-3.74544	196.502	0	
79.7133	-4.23235	193.924	0	
46.3205	-8.05764	206.381	0	
47.3653	-8.29911	203.702	0	
36.193	-6.17174	208.839	0	
35.9858	-6.92477	214.053	0	
37.6625	-6.90438	214.442	0	
38.1022	-6.68033	212.995	0	
39.0493	-8.50211	217.839	0	
40.7289	-9.90428	203.347	0	
45.4918	-8.71123	200.556	0	
46.3916	-8.57711	200.958	0	
32.4091	-6.42553	205.461	0	
33.6001	-7.22414	213.265	0	
32.8629	-7.82573	218.417	0	
34.755	-7.54299	217.825	0	
35.706	-7.75505	218.47	0	
36.6836	-6.7409	213.399	0	
41.9426	-8.36585	210.437	0	
42.6964	-9.01886	201.827	0	
52.0528	-7.94248	220.397	0	
53.176	-6.12829	238.118	0	
51.2254	-10.9937	142.443	0	
51.6955	-10.999	140.056	0	
52.5712	-10.0855	166.09	0	
52.158	-8.86627	196.714	0	
53.4639	-6.74612	238.707	0	
55.8415	-7.69935	226.856	0	
55.9785	-5.559	236.588	0	
55.0369	-4.84496	230.378	0	
69.7505	-3.57847	203.989	0	
70.4106	-3.96153	206.135	0	
69.328	-2.93377	202.002	0	
69.3778	-4.19466	206.816	0	
70.611	-4.33829	206.869	0	
71.5016	-3.42223	203.469	0	
67.8198	-3.07227	205.075	0	
67.5039	-3.40317	208.14	0	
69.2926	-4.60372	212.535	0	
69.6467	-4.80999	210.872	0	
68.8458	-4.93882	213.846	0	
68.8566	-5.45764	217.065	0	
70.123	-5.30853	213.64	0	
70.4255	-5.08698	211.74	0	
70.158	-5.86435	216.714	0	
70.5766	-6.10889	215.97	0	
71.0763	-4.93123	209.254	0	
70.3672	-4.70583	208.479	0	
69.6772	-5.99298	218.044	0	
69.6978	-7.2164	221.934	0	
71.4646	-5.04189	208.235	0	
71.746	-4.41463	204.452	0	
70.8685	-6.68261	217.879	0	
71.4677	-6.2076	214.135	0	
71.2758	-5.78851	212.64	0	
72.1691	-5.16719	208.221	0	
62.9587	-5.66765	230.73	0	
63.2643	-5.99495	229.572	0	
64.6	-5.90458	229.282	0	
65.1634	-5.12635	225.07	0	
65.2685	-5.57317	227.316	0	
67.4735	-5.80636	225.109	0	
67.6077	-3.8544	208.606	0	
67.043	-3.40285	207.092	0	
4.04308	-6.44164	207.031	0	
4.39108	-5.61898	209.896	0	
3.64936	-5.61834	208.838	0	
4.3039	-4.79408	209.972	0	
4.03614	-5.90634	209.363	0	
4.18056	-5.18173	209.442	0	
3.5489	-6.60198	206.993	0	
4.94616	-6.3233	209.057	0	
0.799097	-5.08026	208.919	0	
-0.0761295	-5.75775	204.135	0	
0.488737	-6.9741	197.982	0	
1.09724	-7.42592	196.081	0	
1.35724	-7.02174	199.982	0	
2.017	-7.35555	198.995	0	
-103.105	-4.30492	189.665	0	
-101.797	-4.21339	188.393	0	
-103.188	-2.45385	187.257	0	
-104.922	-2.77542	186.091	0	
-102.221	-4.23425	189.729	0	
-101.486	-4.57147	194.795	0	
-102.426	-4.62527	193.875	0	
-102.013	-5.08367	201.176	0	
-100.858	-5.31328	205.748	0	
-100.419	-4.97627	199.08	0	
-100.501	-3.87325	186.519	0	
-100.525	-2.74606	184.332	0	
-100.623	-4.5888	194.736	0	
-99.996	-3.5047	184.041	0	
-100.383	-3.46284	184.814	0	
-99.4942	-3.08426	183.728	0	
-99.3577	-4.63462	194.559	0	
-99.7513	-3.93084	187.604	0	
-100.127	-2.69597	184.458	0	
-99.8839	-3.12673	184.043	0	
-99.7541	-4.58305	195.103	0	
-98.7583	-4.36433	190.277	0	
-99.9124	-4.95479	199.078	0	
-99.6308	-5.55723	213.715	0	
-99.1844	-4.36289	191.429	0	
-98.665	-3.94674	188.375	0	
-99.2	-5.02271	202.159	0	
-99.5926	-5.21663	204.364	0	
-98.5215	-6.05676	230.79	0	
-98.2048	-5.32427	205.621	0	
-100.092	-5.81673	219.721	0	
-99.9073	-6.30002	232.157	0	
-99.3918	-6.25757	227.406	0	
-97.2741	-7.11082	262.279	0	
-97.943	-5.04695	202.867	0	
-98.523	-4.67375	197.651	0	
-100.684	-5.73463	216.024	0	
-101.155	-6.20403	227.17	0	
-98.4703	-7.91747	294.208	0	
-99.1036	-6.57282	246.162	0	
-97.5819	-5.1161	204.513	0	
-97.7749	-4.4284	192.821	0	
-97.4666	-5.4551	212.475	0	
-96.8823	-5.05753	205.132	0	
-97.6902	-5.71578	216.694	0	
-97.077	-5.99509	221.623	0	
-96.5465	-4.92932	200.608	0	
-97.0097	-3.95288	187.805	0	
-98.0673	-5.6541	218.231	0	
-97.8412	-6.44136	241.591	0	
-96.8095	-6.20087	236.515	0	
-96.5051	-5.98963	221.844	0	
-96.1782	-5.39248	209.83	0	
-96.2143	-4.40417	194.31	0	
-96.5616	-4.51549	195.642	0	
-96.0682	-4.03329	188.78	0	
-97.1829	-6.72943	250.356	0	
-96.8555	-6.57943	239.424	0	
-96.4733	-7.30671	259.575	0	
-95.5925	-6.93428	258.312	0	
-96.5144	-6.78007	258.743	0	
-96.9056	-7.48745	278.972	0	
-95.9497	-5.91452	221.091	0	
-95.8606	-5.5616	217.681	0	
-95.7568	-6.57061	246.55	0	
-95.5183	-5.48072	214.028	0	
-94.6698	-6.69713	256.515	0	
-94.07	-5.38104	212.058	0	
-95.3544	-5.12739	207.498	0	
-96.1816	-5.0907	205.733	0	
-95.0672	-7.0412	264.863	0	
-94.678	-5.99831	231.947	0	
-93.2322	-6.10593	234.934	0	
-94.8802	-6.27447	236.052	0	
-94.2479	-5.91694	221.234	0	
-94.5002	-5.04196	200.558	0	
-97.5156	-6.38592	233.452	0	
-97.9444	-6.89402	249.641	0	
-97.2798	-7.99842	304.902	0	
-95.8118	-8.55445	340.514	0	
-94.9676	-5.29943	210.004	0	
-95.0157	-4.25682	190.709	0	
-93.8039	-6.22829	239.092	0	
-93.65	-5.25044	207.599	0	
-99.7187	-7.27805	266.756	0	
-98.7249	-7.35133	271.324	0	
90.6391	-4.32203	199.491	0	
90.95	-4.68012	199.747	0	
89.9513	-3.95268	200.055	0	
89.8568	-4.95582	196.293	0	
91.3906	-5.53926	195.945	0	
92.5826	-5.34106	196.357	0	
91.9994	-3.87325	202.179	0	
91.9746	-2.74606	206.8	0	
92.1921	-4.25317	200.872	0	
92.504	-3.5047	203.162	0	
92.1171	-3.46284	203.9	0	
93.1049	-3.09598	203.48	0	
91.8826	-4.59861	199.094	0	
92.0538	-5.12907	197.458	0	
92.4075	-2.70247	205.395	0	
92.6502	-3.13322	204.561	0	
92.8103	-4.59946	199.271	0	
93.205	-4.4879	199.21	0	
93.4813	-4.87007	197.913	0	
93.59	-3.9669	200.525	0	
-10.7564	-4.91354	183.64	0	
-11.6905	-5.84002	177.118	0	
-10.7662	-6.50602	176.081	0	
-9.93793	-7.579	174.712	0	
-36.8234	-0.630543	212.095	0	
-36.3143	-0.703362	209.718	0	
-37.0637	-0.877171	211.42	0	
-36.9697	-1.10629	205.849	0	
-37.0618	-1.37029	201.905	0	
-36.1902	-1.55571	199.89	0	
-37.2987	-1.49179	197.006	0	
-37.3261	-1.76602	194.942	0	
-36.7925	-1.47121	199.976	0	
-36.4691	-1.7808	195.11	0	
-37.649	-1.3183	199.476	0	
-37.9023	-1.43049	197.095	0	
-35.9097	-1.57473	198.435	0	
-35.8669	-0.993009	204.972	0	
-37.6086	-2.20226	189.153	0	
-37.3534	-2.3572	187.491	0	
-38.4451	-1.20312	198.135	0	
-38.2644	-1.64932	194.986	0	
-35.7736	-1.85439	195.187	0	
-35.28	-1.6178	197.996	0	
-38.3061	-2.3459	187.366	0	
-37.6329	-2.89477	183.873	0	
-37.0206	-2.76191	185.031	0	
-37.0974	-2.17835	189.649	0	
-38.7041	-1.35707	197.294	0	
-38.5551	-1.64616	194.202	0	
-38.5416	-2.14046	188.882	0	
-38.0594	-1.84894	191.815	0	
-36.2458	-2.17204	190.303	0	
-35.257	-2.51366	187.569	0	
-34.9154	-1.7077	197.498	0	
-34.7225	-1.09481	209.676	0	
-39.0141	-1.31873	200.096	0	
-39.621	-1.55942	197.488	0	
-38.8015	-2.39184	188.113	0	
-38.3611	-2.66043	186.134	0	
-39.0312	-1.83493	192.474	0	
-39.2218	-1.58871	197.152	0	
-38.1956	-2.91973	183.825	0	
-37.8567	-2.39967	186.741	0	
-38.3393	-3.30846	184.559	0	
-37.8065	-3.44004	185.249	0	
-36.9753	-3.05803	183.969	0	
-36.1957	-3.18011	183.956	0	
-36.306	-2.49757	187.675	0	
-36.8377	-2.29234	189.017	0	
-36.0278	-2.59607	186.75	0	
-35.9312	-2.095	191.277	0	
-35.9705	-2.88747	184.539	0	
-35.5451	-2.59124	186.411	0	
-37.6201	-3.80198	186.039	0	
-37.1096	-3.5415	184.786	0	
-37.2341	-3.22818	183.754	0	
-36.7395	-3.60624	184.621	0	
-36.4713	-3.07262	183.625	0	
-35.746	-3.44088	184.93	0	
-36.6287	-4.28323	190.044	0	
-36.0712	-3.49343	184.018	0	
-35.4966	-3.80063	184.154	0	
-35.1382	-3.67843	184.486	0	
-36.2975	-4.97835	203.769	0	
-36.2017	-3.83609	186.859	0	
-35.9792	-4.08616	187.887	0	
-35.4047	-4.57164	194.481	0	
-34.0412	-3.4229	184.427	0	
-35.1692	-3.22544	184.132	0	
-35.8293	-5.10349	206.498	0	
-35.7089	-4.74435	198.627	0	
-34.0802	-2.75719	186.487	0	
-34.4729	-2.63935	186.854	0	
-35.6121	-5.52053	221.247	0	
-34.1613	-5.40774	211.632	0	
-35.5994	-4.10325	190.445	0	
-36.0489	-4.44308	194.604	0	
136.225	-3.14164	199.034	0	
136.63	-2.88151	199.577	0	
131.828	-4.49192	202.668	0	
132.726	-4.53538	202.465	0	
133.958	-6.47357	203.783	0	
135.27	-7.46706	204.463	0	
136.625	-2.45417	200.345	0	
137.162	-2.99116	199.168	0	
138.625	-5.5643	197.931	0	
139.212	-5.1001	197.074	0	
138.573	-4.43201	197.112	0	
138.847	-4.07535	197.401	0	
-110.287	-5.13278	204.702	0	
-109.696	-5.79055	217.065	0	
-112.104	-4.40902	194.238	0	
-112.391	-5.43271	207.938	0	
-110.999	-5.74027	214.837	0	
-110.179	-5.61623	209.079	0	
-27.9959	-3.65597	184.489	0	
-27.6325	-4.38904	190.73	0	
62.7781	-1.84799	195.835	0	
62.2467	-2.10974	196.572	0	
56.619	-4.70562	227.045	0	
58.418	-5.47104	232.237	0	
-40.577	-3.43886	186.877	0	
-40.4534	-4.09355	193.168	0	
-70.4375	-3.13495	186.124	0	
-71.3348	-3.87185	189	0	
-70.9081	-4.37072	194.614	0	
-70.6065	-3.79055	189.218	0	
-69.936	-4.85446	206.934	0	
-69.9097	-4.18548	195.097	0	
-70.2261	-5.08771	204.029	0	
-69.4643	-5.02239	210.289	0	
-69.351	-5.40871	211.134	0	
-69.2301	-4.82155	201.405	0	
-68.7196	-6.01047	229.58	0	
-69.4045	-4.51252	201.334	0	
-68.8749	-4.85563	204.911	0	
-69.04	-4.3623	195.373	0	
-68.6039	-5.21313	210.798	0	
-68.2199	-5.22265	209.83	0	
-68.8458	-5.56537	221.827	0	
-67.9159	-5.53956	216.281	0	
-67.5564	-4.55507	198.175	0	
-68.3436	-4.55239	199.428	0	
-67.8721	-5.93579	232.186	0	
-67.7007	-4.87161	205.211	0	
-67.0371	-4.47284	202.107	0	
-67.1991	-3.74919	191.011	0	
-68.1506	-4.25623	194.554	0	
-67.7769	-4.24756	195.454	0	
-67.295	-6.46244	245.874	0	
-67.1341	-5.36229	211.978	0	
-66.6331	-6.08388	232.34	0	
-67.03	-5.79287	227.918	0	
31.2524	-2.4769	202.99	0	
31.6849	-1.75473	209.984	0	
31.5337	-2.70364	201.861	0	
31.5796	-2.08433	206.631	0	
31.7631	-3.02299	197.608	0	
32.1094	-2.92173	200.386	0	
-143.523	-1.98226	196.141	0	
-143.299	-1.73338	200.737	0	
-128.39	-1.01981	220.715	0	
-129.016	-1.06456	219.782	0	
126.185	-2.65736	197.002	0	
126.525	-1.93218	197.985	0	
125.978	-3.07506	196.527	0	
126.648	-3.33295	197.251	0	
125.622	-3.11466	196.019	0	
125.427	-4.42613	196.014	0	
-87.359	-6.62764	252.009	0	
-88.5456	-7.97921	313.604	0	
-85.8309	-7.81389	292.721	0	
-84.0819	-7.02699	259.435	0	
-88.5449	-7.31019	279.092	0	
-87.2526	-7.2295	272.516	0	
-84.676	-6.33434	232.497	0	
-83.9449	-5.93589	222.935	0	
-78.4056	-1.02648	193.08	0	
-79.0206	-1.13905	191.884	0	
-24.6566	-5.76264	218.273	0	
-23.803	-5.45886	210.047	0	
-25.4714	-5.54375	212.995	0	
-24.3112	-7.37812	274.806	0	
-26.8979	-5.91097	227.925	0	
-25.0968	-6.52859	243.449	0	
-28.8349	-4.45024	192.25	0	
-29.7054	-5.09635	205.273	0	
-29.2172	-4.99504	204.645	0	
-29.133	-5.97096	238.447	0	
-29.0693	-6.9377	268.075	0	
-27.6312	-6.42603	249.231	0	
-27.0066	-7.20516	283.834	0	
-26.2936	-5.93788	230.099	0	
-32.9448	-2.86409	185.971	0	
-33.3381	-2.23227	189.98	0	
-32.7393	-3.13479	183.752	0	
-32.3844	-3.05817	184.53	0	
-32.8714	-3.44823	184.506	0	
-32.6385	-3.71311	185.355	0	
-31.5852	-3.459	183.626	0	
-31.6155	-2.12552	195.723	0	
-33.2309	-3.49396	183.975	0	
-33.3743	-3.83691	185.542	0	
-32.5082	-4.28689	192.844	0	
-32.1615	-4.21841	189.299	0	
-33.4621	-3.17857	184.129	0	
-33.7895	-3.80651	185.336	0	
-32.6773	-4.6906	195.509	0	
-32.0694	-4.84285	199.187	0	
-31.5686	-4.3908	192.388	0	
-31.426	-4.04568	187.44	0	
-34.5834	-4.16716	187.845	0	
-33.9954	-6.07581	232.932	0	
-33.0795	-4.57306	198.05	0	
-33.8271	-4.81781	200.669	0	
-31.4097	-4.759	200.326	0	
-30.7835	-3.69643	184.569	0	
-32.6229	-5.49246	214.137	0	
-31.7214	-5.4519	216.217	0	
-31.0141	-4.01934	186.806	0	
-31.2579	-3.24477	184.023	0	
-31.7143	-2.86239	184.728	0	
-31.1723	-2.58831	187.902	0	
-72.5497	-2.28522	187.695	0	
-72.0911	-1.88923	189.786	0	
-72.736	-2.48988	186.36	0	
-72.2024	-2.68108	185.919	0	
-73.0423	-2.40603	187.129	0	
-72.8997	-2.96182	185.41	0	
-72.1117	-3.36269	185.926	0	
-71.7101	-2.33177	187.475	0	
-73.5344	-2.56297	186.345	0	
-73.8418	-2.99633	185.528	0	
-72.8747	-3.31055	185.306	0	
-72.6051	-3.43115	185.874	0	
-73.805	-3.36779	185.265	0	
-73.3579	-3.00064	185.562	0	
-73.5625	-3.48104	186.789	0	
-72.3753	-4.37461	193.615	0	
-72.1164	-3.70192	187.247	0	
-72.3895	-3.17608	185.523	0	
-74.185	-3.55121	186.809	0	
-73.2214	-3.86865	189.475	0	
-73.5262	-3.87583	187.487	0	
-73.1012	-3.46412	186.138	0	
-71.1881	-3.07834	185.125	0	
-71.6242	-2.66135	185.803	0	
-71.9221	-3.91949	190.009	0	
-71.5869	-3.37518	186.036	0	
-72.0406	-4.2878	193.96	0	
-71.3487	-4.19515	191.481	0	
-72.5972	-4.0379	190.172	0	
-72.1245	-5.17847	207.974	0	
-74.4002	-4.55723	193.975	0	
-73.7929	-4.12406	191.754	0	
-73.0225	-4.15168	189.752	0	
-73.297	-4.55269	198.524	0	
-74.6856	-4.83729	202.285	0	
-73.9725	-5.12758	205.678	0	
-75.2516	-4.44572	194.462	0	
-75.2912	-5.93247	227.37	0	
-73.6075	-5.32212	213.287	0	
-73.204	-4.94972	202.811	0	
-74.1506	-6.00102	227.212	0	
-72.4067	-5.95665	229.153	0	
-75.675	-4.3846	192.899	0	
-74.9519	-4.06277	189.813	0	
-43.1173	-2.87782	186.973	0	
-43.3706	-3.99232	192.943	0	
-43.8376	-2.69101	187.179	0	
-43.4846	-3.53051	190.493	0	
-43.6307	-4.2514	198.882	0	
-43.4257	-4.87779	209.734	0	
-40.7183	-5.38243	221.471	0	
-39.0772	-5.21443	214.796	0	
-42.2289	-6.44158	251.706	0	
-41.084	-6.20342	240.501	0	
88.1481	-1.5901	210.2	0	
88.5614	-1.98373	208.616	0	
87.8487	-1.38433	210.696	0	
87.7518	-2.00139	209.614	0	
88.711	-2.24151	207.697	0	
89.0304	-1.81623	209.842	0	
87.5969	-2.24091	207.595	0	
87.5044	-2.76887	204.906	0	
88.2612	-2.71032	205.086	0	
89.2161	-2.68795	205.827	0	
87.3092	-2.22045	209.326	0	
87.3477	-3.39173	200.454	0	
87.0953	-1.966	212.357	0	
86.7977	-2.37387	209.671	0	
88.1881	-3.10108	203.342	0	
87.7236	-2.5564	206.714	0	
86.5546	-2.54688	206.108	0	
86.8457	-2.93667	203.309	0	
86.2923	-2.42896	208.538	0	
86.184	-2.93281	203.835	0	
88.8313	-2.80506	205.175	0	
88.6023	-2.5676	205.526	0	
86.2567	-2.09868	210.439	0	
85.8121	-2.37397	207.866	0	
87.8508	-3.63673	199.633	0	
89.2243	-3.61501	200.589	0	
88.3704	-4.68473	196.013	0	
88.7661	-3.86652	201.084	0	
87.8859	-3.2655	201.799	0	
87.5658	-3.09739	202.673	0	
87.9649	-4.2789	196.664	0	
88.104	-3.87255	199.834	0	
87.097	-4.65804	194.441	0	
87.5934	-4.34708	197.117	0	
86.8359	-5.02085	192.685	0	
87.5708	-5.0938	194.01	0	
86.3411	-4.93914	192.707	0	
86.4841	-5.9854	190.679	0	
-10.8954	-1.71663	220.459	0	
-11.7077	-1.67913	216.54	0	
16.7985	-2.67652	197.331	0	
16.4484	-2.11749	192.155	0	
15.9565	-1.51801	184.983	0	
16.3732	-1.75465	189.468	0	
97.9165	-3.95469	199.928	0	
98.2186	-3.48462	201.74	0	
96.9195	-3.52732	201.098	0	
97.0804	-4.23383	198.527	0	
102.632	-8.35117	186.477	0	
103.589	-8.06104	188.521	0	
104.265	-8.71334	187.117	0	
105.093	-6.64811	193.579	0	
99.28	-8.52167	184.25	0	
99.6117	-8.89016	184.496	0	
-80.6356	-2.53555	184.302	0	
-81.3594	-2.47922	184.867	0	
-81.1982	-4.64465	195.421	0	
-81.0595	-5.39521	213.451	0	
-81.3701	-4.28369	188.655	0	
-81.9587	-4.7406	194.934	0	
-81.6466	-6.02689	232.633	0	
-80.2008	-5.81448	215.195	0	
-81.1215	-3.87405	184.971	0	
-81.7695	-3.55982	184.071	0	
-82.4166	-4.88004	200.292	0	
-82.4034	-5.41456	207.633	0	
-81.9792	-3.21541	182.466	0	
-82.61	-3.63218	182.787	0	
-82.6441	-4.49724	188.971	0	
-83.8403	-4.89476	197.51	0	
-82.7112	-6.31688	232.725	0	
-81.1461	-5.89955	219.504	0	
-150.064	-6.2357	227.669	0	
-148.912	-6.22951	226.783	0	
-140.873	-4.72914	190.144	0	
-139.531	-5.097	194.812	0	
-136.764	-5.91821	205.048	0	
-136.873	-5.20203	197.506	0	
-138.288	-6.63517	223.036	0	
-137.617	-7.01413	229.08	0	
-135.67	-5.45137	199.942	0	
-135.239	-4.3184	186.958	0	
-117.325	-5.48003	206.876	0	
-115.78	-5.51854	205.123	0	
-55.3275	-7.47411	286.646	0	
-54.799	-8.11737	310.587	0	
-53.4863	-7.75877	298.796	0	
-52.9232	-6.78213	264.334	0	
-52.2171	-7.72847	295.457	0	
-51.639	-6.99096	270.461	0	
-51.345	-4.56075	208.466	0	
-52.9465	-5.01342	218.069	0	
79.5948	-4.89122	193.294	0	
80.0737	-5.96348	193.961	0	
45.1626	-9.0934	190.172	0	
47.1784	-10.173	169.657	0	
32.3481	-6.85056	208.023	0	
31.6359	-6.94203	207.633	0	
33.2084	-6.95578	211.108	0	
34.0433	-6.95406	211.836	0	
35.641	-8.21501	222.524	0	
36.4762	-7.57578	218.154	0	
36.2494	-6.61298	212.504	0	
36.0882	-7.4535	217.788	0	
37.168	-8.10049	220.513	0	
36.8082	-7.17497	216.446	0	
50.9533	-11.3567	131.347	0	
51.1402	-11.7723	123.768	0	
52.4743	-11.4291	130.7	0	
53.3585	-9.55848	181.433	0	
71.4704	-2.91809	202.5	0	
70.8304	-3.42836	204.23	0	
68.5627	-5.87518	222.041	0	
69.3783	-6.4608	221.443	0	
71.3843	-6.66843	217.306	0	
71.8821	-6.03389	213.394	0	
71.826	-7.03826	215.232	0	
72.2614	-6.17363	212.109	0	
72.7221	-5.8123	210.267	0	
71.9302	-5.57294	210.352	0	
73.3111	-6.03423	208.027	0	
73.6205	-5.08043	204.524	0	
62.4044	-5.83936	229.53	0	
61.8104	-6.6826	230.947	0	
64.1838	-6.17856	231.61	0	
65.3295	-6.56154	229.044	0	
68.217	-4.02859	209.794	0	
68.2693	-3.1697	206.569	0	
0.510816	-4.6594	208.422	0	
0.160559	-5.44969	207.252	0	
-0.990153	-5.44028	204.931	0	
-0.814984	-6.09529	201.526	0	
0.0207413	-6.92589	197.865	0	
0.371147	-8.72739	185.486	0	
1.33137	-7.87788	193.978	0	
1.82887	-7.00221	199.775	0	
3.14594	-8.95989	189.047	0	
4.50841	-6.68182	207.753	0	
-103.951	-3.97997	186.923	0	
-102.535	-6.82242	240.919	0	
-104.85	-3.39507	185.612	0	
-104.904	-4.75671	196.57	0	
-98.6215	-6.46964	235.607	0	
-99.171	-7.18141	256.807	0	
-97.9118	-9.22764	366.822	0	
-97.8726	-7.78151	285.682	0	
-10.6075	-5.94844	176.394	0	
-11.0915	-5.65639	178.328	0	
131.437	-4.68581	202.533	0	
131.86	-5.4259	203.379	0	
138.367	-5.9077	198.505	0	
139.025	-6.28826	198.852	0	
139.342	-4.11134	197.014	0	
139.259	-3.29276	198.55	0	
-110.446	-6.48288	227.948	0	
-108.327	-5.70067	213.352	0	
-111.335	-6.13252	223.502	0	
-111.01	-6.60981	231.996	0	
57.4424	-5.62292	235.016	0	
57.5353	-6.11577	237.194	0	
-70.7578	-4.84484	204.152	0	
-70.8718	-6.35792	237.686	0	
-68.1042	-6.70322	247.229	0	
-66.7124	-7.10855	262.834	0	
-86.2324	-9.52939	383.142	0	
-84.5544	-7.54629	288.018	0	
-85.0728	-6.67715	251.366	0	
-85.1239	-7.32379	268.968	0	
-89.5567	-7.57249	295.203	0	
-87.6634	-7.46313	285.503	0	
-83.2594	-5.46548	211.054	0	
-83.3945	-4.90987	196.084	0	
-28.9926	-7.83735	324.147	0	
-27.8817	-7.84652	314.519	0	
-25.8831	-7.45119	278.742	0	
-26.3029	-6.47616	248.346	0	
-31.3712	-2.85003	184.943	0	
-31.8225	-3.2166	184.189	0	
-72.0596	-5.67969	220.701	0	
-71.1236	-5.52677	217.551	0	
-76.3551	-4.86181	198.056	0	
-75.3985	-5.17135	206.171	0	
-76.5957	-5.74714	220.269	0	
-75.7968	-5.2117	206.461	0	
-77.1866	-5.55305	218.97	0	
-76.4969	-7.05548	268.435	0	
-76.647	-6.63729	251.675	0	
-76.3836	-6.29509	235.924	0	
-75.7163	-6.78082	252.611	0	
-75.7042	-5.96437	226.159	0	
-76.0325	-7.13889	271.996	0	
-74.4099	-6.49961	243.891	0	
-74.5106	-7.53005	283.917	0	
-72.3783	-6.54355	243.268	0	
-44.5825	-2.23532	187.592	0	
-44.4436	-3.05649	187.756	0	
-44.6969	-3.28727	188.764	0	
-44.4516	-3.83846	194.607	0	
-43.8541	-5.41066	223.171	0	
-42.5657	-5.5754	223.523	0	
-10.5474	-1.67675	215.854	0	
-10.3952	-1.03851	218.304	0	
-10.3194	-1.91183	216.027	0	
-9.98496	-1.46864	217.112	0	
-10.3774	-2.3154	210.775	0	
-9.81316	-2.10479	213.229	0	
-12.5599	-1.34839	226.908	0	
-12.4557	-2.8397	205.89	0	
96.7961	-3.14475	200.939	0	
96.1675	-3.57232	200.591	0	
97.0106	-2.67246	202.084	0	
96.2501	-2.7967	201.524	0	
95.7246	-3.61588	200.387	0	
95.7174	-4.25172	199.004	0	
95.4322	-4.60113	197.278	0	
95.7768	-4.89158	197.505	0	
94.9411	-4.80239	198.132	0	
94.8418	-5.27064	195.681	0	
96.1179	-5.56099	194.857	0	
96.6894	-5.02081	197.101	0	
101.848	-8.42866	186.192	0	
102.86	-9.09025	185.225	0	
101.027	-8.64094	185.462	0	
101.604	-9.19815	184.335	0	
102.18	-10.0353	183.595	0	
103.765	-9.59919	184.79	0	
98.8319	-8.52206	185.32	0	
98.6823	-8.98626	183.462	0	
99.8442	-9.67825	183.134	0	
100.447	-9.475	182.736	0	
-81.7954	-2.9006	183.45	0	
-82.5296	-2.8258	182.915	0	
-81.4165	-2.84578	183.257	0	
-81.7307	-2.14511	187.011	0	
-83.0565	-3.63506	183.629	0	
-83.0754	-4.43071	190.739	0	
-81.7819	-6.67029	242.235	0	
-81.3351	-7.11456	272.18	0	
-150.115	-7.42224	255.693	0	
-149.936	-6.99052	243.109	0	
-141.485	-4.72776	189.546	0	
-140.768	-6.39639	214.525	0	
-140.708	-5.10746	192.525	0	
-140.261	-5.13262	197.011	0	
-136.61	-6.31889	214.551	0	
-136.019	-5.70317	201.663	0	
-139.336	-6.5876	220.088	0	
-138.768	-7.34006	234.154	0	
-137.448	-7.9066	252.754	0	
-136.893	-7.1718	230.597	0	
-117.488	-5.90717	211.201	0	
-115.421	-5.81019	215.749	0	
-55.74	-7.01576	275.102	0	
-56.059	-7.77465	299.764	0	
-54.9907	-8.77205	336.487	0	
-53.3634	-8.28596	318.409	0	
-53.6729	-7.95195	305.981	0	
-52.9343	-8.12313	312.76	0	
-53.1535	-7.36846	284.872	0	
-53.0863	-7.61189	296.3	0	
44.6634	-8.98197	200.675	0	
45.1414	-10.1856	173.479	0	
45.4227	-9.73339	184.758	0	
44.5212	-9.98926	182.576	0	
35.0531	-8.45142	222.078	0	
35.793	-9.07839	224.04	0	
36.7605	-8.95634	222.38	0	
37.8049	-8.8032	220.246	0	
50.4021	-11.2871	137.934	0	
50.0897	-11.6798	122.11	0	
51.1271	-12.6239	104.422	0	
51.6368	-12.6549	98.6976	0	
51.8551	-12.1906	114.117	0	
53.5676	-10.4	154.573	0	
52.4234	-10.5114	151.351	0	
52.7987	-10.981	141.275	0	
68.0173	-6.06137	222.244	0	
67.9047	-6.64609	224.378	0	
71.8135	-7.70351	219.607	0	
72.9406	-7.55353	216.896	0	
63.2481	-6.55107	232.87	0	
63.9252	-6.67623	230.009	0	
65.2727	-7.15193	228.624	0	
65.8818	-5.61059	226.89	0	
68.5406	-2.75755	203.805	0	
68.2188	-2.33399	206.072	0	
-2.05555	-5.82331	202.637	0	
-0.639154	-6.43949	199.954	0	
-0.653361	-7.15975	193.935	0	
-0.182901	-6.48976	199.724	0	
-0.193175	-7.22254	194.834	0	
-0.90834	-7.70337	190.064	0	
0.606103	-8.30816	188.913	0	
1.14171	-8.31568	189.506	0	
-104.251	-4.93818	197.164	0	
-103.938	-5.94222	215.614	0	
-105.198	-4.56558	191.07	0	
-103.814	-4.862	197.042	0	
-100.636	-7.71712	288.884	0	
-98.8779	-8.48494	318.87	0	
131.475	-3.80724	202.397	0	
130.998	-5.2834	202.989	0	
131.874	-6.01629	204.344	0	
132.937	-5.76095	203.56	0	
132.194	-4.73503	202.498	0	
132.23	-5.20052	203.106	0	
137.919	-5.81966	198.918	0	
137.952	-6.64193	200.106	0	
139.246	-6.67071	199.432	0	
139.746	-6.21283	198.401	0	
139.546	-4.74657	196.565	0	
140.59	-5.41727	196.878	0	
139.404	-2.86005	200.097	0	
138.69	-2.85832	199.49	0	
-109.193	-7.55437	269.032	0	
-108.69	-6.6183	234.234	0	
-111.967	-5.54238	209.751	0	
-112.208	-6.69742	234.828	0	
-110.789	-7.52762	261.803	0	
-109.946	-6.74121	241.526	0	
-69.8217	-6.92643	262.133	0	
-70.0217	-5.92681	226.178	0	
-68.2913	-7.79717	288.146	0	
-67.2192	-7.30644	272.268	0	
-87.4142	-10.3378	431.363	0	
-88.0388	-8.44957	329.498	0	
-72.8149	-5.7137	219.869	0	
-71.7088	-7.19654	273.062	0	
-77.259	-6.59013	252.75	0	
-78.0446	-7.50733	282.801	0	
-75.8123	-7.77969	290.647	0	
-75.2219	-6.87652	255.977	0	
-75.0099	-6.41901	240.537	0	
-74.3856	-5.43295	215.331	0	
-45.0155	-3.15271	188.895	0	
-45.4053	-3.85516	195.409	0	
-45.1198	-2.82388	186.921	0	
-45.803	-3.03169	188.08	0	
-44.9411	-2.60634	186.881	0	
-45.5212	-2.31211	186.251	0	
-44.5835	-2.70439	187.266	0	
-44.8652	-2.14044	187.085	0	
-44.079	-2.44733	187.405	0	
-44.0429	-2.07976	188.503	0	
-44.9218	-1.85624	187.571	0	
-45.3389	-2.16606	186.228	0	
-44.4107	-1.73595	189.345	0	
-45.1637	-1.39156	187.258	0	
-44.3115	-1.43884	190.746	0	
-44.6452	-1.25464	191.801	0	
-45.3906	-1.10402	188.564	0	
-45.8353	-1.53266	186.653	0	
-45.7851	-2.20831	185.571	0	
-45.6737	-2.76968	186.672	0	
-45.8735	-1.97867	186.157	0	
-46.2868	-2.22764	186.122	0	
-45.6895	-1.74692	185.691	0	
-46.1224	-1.59033	185.511	0	
-46.2896	-1.41899	186.532	0	
-46.5294	-1.54157	186.278	0	
-46.2187	-1.15152	185.42	0	
-46.4336	-1.00668	187.687	0	
-46.9518	-1.53854	186.79	0	
-46.9804	-1.96867	185.641	0	
-45.9397	-0.975019	186.868	0	
-45.8981	-0.640941	182.065	0	
-46.819	-0.708131	190.567	0	
-46.6814	-1.15671	187.431	0	
-46.566	-2.22271	185.505	0	
-46.5647	-2.72421	186.411	0	
-47.2323	-1.38093	185.375	0	
-47.49	-1.52414	187.66	0	
-47.1184	-2.20919	186.688	0	
-46.7058	-2.46195	186.585	0	
-46.7182	-2.97008	188.596	0	
-46.332	-3.2313	189.722	0	
-47.7767	-1.48283	184.609	0	
-47.8274	-1.96491	185.338	0	
-47.3972	-2.21311	185.741	0	
-47.4069	-2.68494	186.622	0	
-47.0032	-2.95273	187.834	0	
-47.0272	-3.44692	190.934	0	
-46.1803	-3.50352	192.467	0	
-45.629	-3.30551	189.644	0	
-47.9357	-1.14171	187.923	0	
-48.3745	-1.55702	186.379	0	
-47.9622	-2.20128	187.333	0	
-47.5418	-2.44396	187.366	0	
-47.5591	-2.91304	189.134	0	
-47.1535	-3.17258	190.457	0	
-47.4826	-3.59799	193.346	0	
-46.8649	-4.06185	199.016	0	
-46.6263	-3.77388	195.483	0	
-46.1838	-4.01202	198.149	0	
-48.2143	-2.24015	186.162	0	
-48.2445	-2.67115	187.381	0	
-47.8356	-2.90516	188.453	0	
-47.8334	-3.37027	191.092	0	
-48.375	-2.04596	187.106	0	
-48.7635	-2.23592	187.537	0	
-48.3844	-2.91032	189.488	0	
-47.9704	-3.14194	190.604	0	
-47.9612	-3.60733	194.936	0	
-47.6112	-3.83816	197.658	0	
-48.2396	-1.7743	185.469	0	
-48.64	-1.60063	185.798	0	
-49.0508	-2.23463	186.809	0	
-49.0697	-2.67715	187.934	0	
-48.6584	-2.90617	189.183	0	
-48.6441	-3.38455	192.165	0	
-48.2298	-3.61684	194.661	0	
-48.2282	-4.08386	199.38	0	
-47.4299	-4.11448	197.955	0	
-47.2168	-3.65187	194.837	0	
-48.7687	-1.07116	185.972	0	
-49.1673	-1.53526	187.28	0	
-49.0173	-0.902007	184.9	0	
-49.0559	-1.34837	186.211	0	
-49.4458	-1.53408	186.456	0	
-49.4592	-2.0046	186.515	0	
-49.1818	-1.99601	187.4	0	
-49.6146	-2.25879	187.468	0	
-49.1941	-2.91815	189.723	0	
-48.7866	-3.14255	190.72	0	
-48.7757	-3.61994	194.954	0	
-48.3646	-3.85377	197.713	0	
-48.3665	-4.33174	205.031	0	
-47.9984	-4.55787	209.505	0	
-47.8765	-4.31429	202.782	0	
-46.7753	-4.37417	203.955	0	
-49.0963	-0.652926	187.152	0	
-49.5827	-0.890676	188.669	0	
-49.6171	-1.35637	187.725	0	
-49.9907	-1.54983	186.931	0	
-49.8863	-2.26049	186.707	0	
-49.8721	-2.75633	188.388	0	
-49.4371	-2.98887	189.892	0	
-49.4267	-3.26679	191.759	0	
-49.5992	-2.76345	188.586	0	
-50.005	-2.99614	189.57	0	
-49.5845	-3.66081	195.247	0	
-49.0605	-4.13003	201.863	0	
-49.0474	-3.62155	196.323	0	
-49.1952	-3.89513	197.565	0	
-48.7786	-4.09378	201.552	0	
-48.726	-4.79543	211.908	0	
-47.7884	-4.83372	211.573	0	
-47.563	-4.35102	206.274	0	
-48.9211	-0.371194	178.502	0	
-49.4345	-0.228474	188.536	0	
-49.4786	-1.10643	186.561	0	
-50.3835	-0.896376	183.697	0	
-50.2578	-1.55377	185.334	0	
-50.2869	-2.00778	185.822	0	
-50.0049	-2.01372	186.783	0	
-50.4446	-2.24948	186.508	0	
-50.2847	-2.97643	189.508	0	
-50.0461	-3.89004	198.436	0	
-49.8754	-3.68426	195.995	0	
-49.6415	-4.58238	210.357	0	
-49.1721	-4.41438	203.86	0	
-48.6398	-4.33816	204.384	0	
-48.7459	-5.28552	224.365	0	
-48.435	-5.36117	227.569	0	
-48.2303	-5.11534	219.358	0	
-47.0599	-5.29078	224.297	0	
-49.8609	-0.906713	186.19	0	
-49.9515	-0.6799	187.031	0	
-50.4273	-1.37046	185.243	0	
-50.6719	-1.49226	184.852	0	
-50.2998	-1.13262	184.153	0	
-50.6461	-0.861521	181.314	0	
-51.1054	-1.50758	184.272	0	
-51.109	-1.78433	184.519	0	
-50.7443	-2.18597	185.936	0	
-50.695	-2.72695	187.592	0	
-50.4281	-2.73155	188.198	0	
-50.815	-2.95051	188.955	0	
-50.3259	-3.42464	193.032	0	
-50.5231	-3.63929	194.995	0	
-49.9112	-4.10664	200.689	0	
-50.1594	-4.30604	204.643	0	
-49.4628	-4.41953	206.743	0	
-49.5521	-4.85142	213.948	0	
-49.833	-0.475676	186.328	0	
-50.5461	-0.198478	176.195	0	
-49.5387	-0.444232	189.642	0	
-49.7099	-0.0935462	192.013	0	
-50.1315	-0.248437	181.034	0	
-50.2777	-0.45203	181.996	0	
-50.321	-0.0820649	177.273	0	
-51.0938	-0.130094	178.786	0	
-50.889	-0.509422	177.877	0	
-50.9022	-0.246507	177.201	0	
-50.746	-0.116414	177.814	0	
-51.3093	-0.85709	181.663	0	
-51.3053	-0.344314	177.335	0	
-51.1879	-0.607229	180.448	0	
-51.2843	-1.3259	183.42	0	
-51.6717	-1.52948	184.656	0	
-51.2724	-2.18029	185.443	0	
-50.8674	-2.42275	186.624	0	
-51.0774	-2.94186	189.013	0	
-51.1198	-3.34817	192.217	0	
-50.0461	-4.91347	217.01	0	
-49.7374	-5.29825	226.899	0	
-51.1288	-1.06391	182.647	0	
-51.635	-1.02569	183.726	0	
-51.9472	-1.53533	184.835	0	
-51.9823	-1.95804	185.062	0	
-51.5513	-2.19614	185.638	0	
-51.5004	-2.71885	187.003	0	
-51.2069	-2.70713	187.492	0	
-51.6252	-2.9436	188.527	0	
-51.9005	-2.988	189.334	0	
-51.8865	-3.24633	190.227	0	
-52.1027	-2.86188	187.476	0	
-52.3435	-3.00976	189.039	0	
-52.0534	-3.66043	194.427	0	
-51.6306	-3.98636	198.615	0	
-51.2617	-3.57255	193.565	0	
-50.9361	-3.82705	196.444	0	
-51.5314	-3.57014	194.228	0	
-51.7439	-3.74925	196.064	0	
-50.8192	-4.0625	201.425	0	
-50.4112	-3.86914	198.034	0	
-52.118	-1.35317	185.364	0	
-52.4983	-1.53455	185.213	0	
-52.2315	-2.17406	185.697	0	
-51.6893	-2.43916	186.361	0	
-52.0163	-2.53778	186.51	0	
-52.2325	-2.4102	185.847	0	
-52.9007	-3.06024	189.094	0	
-52.6013	-3.48989	192.309	0	
-52.5718	-3.73887	193.591	0	
-51.8242	-4.16913	201.111	0	
-52.1243	-5.32472	224.362	0	
-50.7651	-4.52753	209.444	0	
-50.9062	-4.29752	203.689	0	
-50.5613	-4.51281	207.184	0	
-51.1794	-4.29676	205.826	0	
-51.6598	-4.49691	207.88	0	
-50.4246	-4.7183	213.911	0	
-50.0333	-4.51223	208.015	0	
-50.4776	-5.02506	217.925	0	
-49.8061	-4.99878	217.993	0	
-51.2048	-4.82696	214.277	0	
-50.9818	-5.67057	233.141	0	
-50.2545	-5.14231	221.839	0	
-50.2214	-5.49883	231.206	0	
-52.1507	-1.05449	184.74	0	
-52.4588	-0.916296	185.064	0	
-52.7728	-1.53369	184.832	0	
-52.8912	-2.03541	185.065	0	
-52.4733	-2.03224	185.231	0	
-52.6906	-2.15634	185.355	0	
-52.7745	-3.95776	199.075	0	
-52.4133	-4.31155	205.46	0	
-52.1826	-5.61807	232.524	0	
-51.02	-5.30818	226.892	0	
-49.837	-5.93126	241.479	0	
-48.9696	-5.47284	228.198	0	
-52.9438	-1.35071	184.444	0	
-53.3291	-1.52162	184.308	0	
-53.1378	-2.33241	185.263	0	
-53.0019	-2.57816	186.92	0	
-53.1089	-4.00224	199.144	0	
-53.2243	-4.25769	201.361	0	
-51.359	-5.13567	219.593	0	
-50.7472	-5.08501	218.693	0	
-52.8722	-1.11414	184.169	0	
-53.2129	-0.87014	182.566	0	
-53.5963	-1.51418	184.195	0	
-53.64	-1.92258	184.658	0	
-53.5064	-4.3532	204.481	0	
-53.8158	-4.73879	211.061	0	
-51.8112	-5.35199	226.758	0	
-51.3895	-5.84978	239.075	0	
-52.5961	-1.11619	184.907	0	
-52.5854	-0.673531	184.406	0	
-52.9651	-0.341016	178.857	0	
-53.8139	-0.855779	181.48	0	
-53.771	-1.33185	183.777	0	
-53.9927	-1.45705	184.321	0	
-53.639	-1.09781	182.996	0	
-54.1003	-0.866353	183.197	0	
-54.4195	-1.53595	184.547	0	
-54.207	-1.95065	184.671	0	
-54.5637	-1.32582	184.75	0	
-54.7289	-1.96653	184.344	0	
-53.7884	-2.14295	184.945	0	
-53.3371	-2.24328	185.187	0	
-53.9112	-4.16539	200.415	0	
-53.3528	-4.81417	213.61	0	
-53.1405	-5.27891	222.09	0	
-53.0753	-4.71278	211.461	0	
-52.4856	-0.380211	184.719	0	
-52.7643	-0.148134	179.307	0	
-53.2554	-0.331193	179.742	0	
-53.6736	-0.610037	181.087	0	
-54.343	-0.698058	183.634	0	
-54.534	-0.855166	183.978	0	
-54.7744	-0.955255	185.524	0	
-54.772	-1.29338	184.558	0	
-54.0995	-2.18686	184.763	0	
-53.8754	-2.66268	186.265	0	
-54.1384	-4.99064	215.585	0	
-53.3889	-5.1253	218.029	0	
-46.312	-4.56769	206.663	0	
-53.7837	-0.321627	178.177	0	
-46.316	-3.78911	194.258	0	
-49.2536	-5.31042	224.331	0	
-48.8785	-5.79505	240.206	0	
-47.9984	-5.71075	236.716	0	
-47.8849	-5.11883	222.798	0	
-50.006	-6.25295	252.069	0	
-49.8318	-6.59898	261.733	0	
-51.7144	-6.36226	251.01	0	
-50.0331	-6.94305	272.539	0	
-53.3674	-5.67511	233.558	0	
-52.6914	-5.14561	220.668	0	
-52.6332	-5.52477	228.093	0	
-52.8522	-5.66191	232.943	0	
-52.2513	-6.20652	248.86	0	
-51.9721	-5.80788	236.289	0	
-53.1045	-5.54825	230.884	0	
-53.1121	-6.03334	242.5	0	
-52.5759	-6.55992	259.154	0	
-52.151	-6.73902	264.033	0	
-51.7214	-5.65535	233.854	0	
-51.6776	-5.1398	218.681	0	
-53.2552	-6.27952	251.196	0	
-52.9593	-6.51107	258.353	0	
-53.0731	-6.96668	272.033	0	
-52.6766	-6.82149	266.578	0	
-51.8382	-4.76725	212.711	0	
-52.2532	-4.68048	209.199	0	
-52.6643	-7.22809	279.843	0	
-52.4977	-7.04031	277.094	0	
-53.3058	-6.93144	271.527	0	
-53.3901	-7.32296	284.075	0	
-53.3932	-6.72932	263.062	0	
-53.9855	-6.75535	263.933	0	
-53.5523	-7.5102	290.089	0	
-53.2568	-7.81496	300.334	0	
-53.1966	-6.49351	255.877	0	
-53.4947	-6.29493	249.004	0	
-53.6994	-7.06681	274.391	0	
-53.7695	-6.81611	266.816	0	
-53.8013	-7.46062	288.172	0	
-53.9153	-7.86584	300.644	0	
-53.1849	-8.06545	309.185	0	
-52.745	-7.93883	306.085	0	
-53.3555	-5.89665	238.843	0	
-53.7848	-6.08551	244.482	0	
-53.6662	-5.18491	220.994	0	
-53.9652	-5.9784	239.337	0	
-54.2475	-6.06939	241.912	0	
-53.8429	-6.33564	249.689	0	
-54.2883	-7.30986	281.656	0	
-53.9776	-7.62309	294.074	0	
-54.0159	-6.49529	258.125	0	
-54.4292	-6.62962	259.049	0	
-54.5527	-7.00106	270.533	0	
-54.6485	-7.64153	296.06	0	
-54.6402	-6.21927	247.166	0	
-54.7101	-7.3967	282.743	0	
-54.8457	-7.8322	300.184	0	
-54.1106	-8.02187	309.612	0	
-55.1	-6.54689	257.52	0	
-54.9552	-6.81167	267.356	0	
-54.7393	-6.83152	263.723	0	
-55.0146	-7.24865	285.187	0	
-54.9738	-5.82228	234.34	0	
-54.982	-6.37715	251.425	0	
-55.4833	-6.34715	248.047	0	
-55.1235	-6.96365	267.468	0	
-55.3157	-5.91932	236.844	0	
-55.057	-6.17636	244.052	0	
-54.847	-5.6763	232.031	0	
-55.0766	-5.45151	226.232	0	
-55.5918	-5.6374	229.348	0	
-55.7956	-6.29267	246.553	0	
-54.66	-5.70356	231.285	0	
-54.5639	-5.36446	223.684	0	
-55.135	-5.26872	219.574	0	
-55.5223	-5.27534	220.077	0	
-54.5907	-5.88131	237.682	0	
-54.2243	-5.73932	234.094	0	
-54.4362	-5.19272	219.413	0	
-54.7519	-4.98567	215.179	0	
-55.0286	-5.12409	217.855	0	
-55.3581	-4.96303	213.869	0	
-55.881	-5.59581	230.658	0	
-55.5182	-5.86005	235.388	0	
-54.7185	-6.03917	240.946	0	
-54.3609	-6.22575	249.512	0	
-54.2219	-5.17989	219.595	0	
-54.272	-4.83151	212.439	0	
-54.8361	-5.15964	217.944	0	
-54.868	-4.81683	211.558	0	
-55.3056	-4.6339	207.331	0	
-55.7848	-5.16372	219.391	0	
-54.1056	-5.36365	224.891	0	
-53.7883	-5.39064	224.202	0	
-54.2046	-4.64529	207.846	0	
-54.5379	-4.48999	205.291	0	
-54.8213	-4.65399	207.812	0	
-55.0563	-4.50938	204.948	0	
-54.6246	-4.65087	207.569	0	
-54.6504	-4.32652	202.964	0	
-55.1713	-4.34536	203.057	0	
-55.3303	-4.44072	203.726	0	
-54.561	-4.16415	199.925	0	
-54.8077	-4.02134	197.941	0	
-55.0924	-4.18257	199.284	0	
-55.4005	-4.02165	196.999	0	
-55.6718	-4.53416	204.639	0	
-55.4486	-4.79387	209.279	0	
-54.3734	-4.11702	198.558	0	
-54.371	-3.9084	196.696	0	
-54.906	-3.87065	195.149	0	
-55.1883	-4.02991	197.36	0	
-54.3246	-4.4768	204.811	0	
-53.6942	-4.16968	199.957	0	
-54.2356	-3.54223	191.844	0	
-54.8332	-3.33998	189.719	0	
-54.8589	-3.70936	193.893	0	
-55.1044	-3.57485	192.398	0	
-54.6634	-3.67867	192.297	0	
-54.6254	-3.43073	191.201	0	
-55.2762	-3.42904	190.415	0	
-55.6556	-3.81333	194.56	0	
-55.4378	-3.52034	191.518	0	
-55.6203	-3.4851	191.268	0	
-53.9869	-4.57454	207.624	0	
-54.2495	-4.2662	202.97	0	
-55.4734	-3.83826	194.798	0	
-55.7842	-3.96838	195.909	0	
-55.717	-4.15512	199.64	0	
-56.032	-4.46867	203.854	0	
-55.7785	-3.34989	189.454	0	
-55.9665	-3.43725	190.676	0	
-56.0219	-3.74558	193.519	0	
-56.1678	-4.32478	201.031	0	
-56.1908	-3.38038	189.319	0	
-55.9645	-3.92895	195.507	0	
-56.2411	-3.06708	186.692	0	
-56.7343	-3.07549	187.325	0	
-56.2132	-3.72145	192.841	0	
-56.5956	-3.7919	193.831	0	
-56.3221	-3.53004	191.69	0	
-56.3571	-4.05006	197.432	0	
-56.3978	-4.44609	203.092	0	
-56.1218	-4.08376	197.526	0	
-56.8058	-3.8699	195.223	0	
-56.5202	-4.25112	198.724	0	
-56.3723	-6.30274	249.619	0	
-55.4523	-6.78014	264.715	0	
-55.9854	-5.36017	220.119	0	
-55.782	-6.02114	239.901	0	
-54.2671	-5.55098	228.462	0	
-53.6839	-5.59637	230.444	0	
-53.6283	-3.89161	196.766	0	
-54.0268	-3.90974	196.944	0	
-53.3251	-3.81967	195.558	0	
-53.5709	-3.40514	191.746	0	
-53.8025	-3.56124	192.038	0	
-54.3022	-3.02184	187.466	0	
-56.4868	-4.67906	207.321	0	
-56.0662	-4.78709	209.135	0	
-56.9826	-3.69854	191.977	0	
-57.2612	-4.04768	196.968	0	
-56.2749	-5.20206	217.504	0	
-56.941	-5.54954	227.651	0	
-56.7258	-4.72628	208.39	0	
-56.5418	-5.27918	219.288	0	
-56.7435	-3.35373	189.106	0	
-57.4169	-3.40637	190.41	0	
-57.4809	-4.14735	198.277	0	
-57.2345	-4.59722	205.089	0	
-52.2216	-6.99934	270.572	0	
-52.3264	-6.51841	257.946	0	
-54.3471	-7.94614	305.708	0	
-54.3388	-8.46726	325.727	0	
-53.804	-8.48412	324.606	0	
-53.1454	-9.33963	350.836	0	
-52.3702	-8.04901	309.845	0	
-52.5636	-7.46891	293.143	0	
-55.2202	-7.81282	299.581	0	
-55.4493	-8.18424	308.039	0	
-53.464	-2.91916	187.507	0	
-54.0201	-3.43067	191.342	0	
-53.6285	-2.62413	186.004	0	
-53.9787	-2.96081	187.197	0	
-56.963	-4.51643	203.356	0	
-57.2135	-4.86641	210.195	0	
-57.2181	-3.2617	188.806	0	
-56.98	-3.41983	190.087	0	
-57.6758	-3.99558	196.395	0	
-57.9037	-4.3837	202.099	0	
-57.6522	-3.76187	193.453	0	
-58.0866	-3.74362	193.518	0	
-58.5566	-4.5956	205.884	0	
-58.2305	-5.64229	228.424	0	
-57.4165	-3.64711	192.201	0	
-57.6429	-3.30667	189.619	0	
-58.2915	-3.38063	190.038	0	
-58.4722	-3.87189	195.114	0	
-57.2011	-2.98887	187.37	0	
-58.0656	-3.03034	188.057	0	
-58.9639	-3.20434	189.885	0	
-58.7684	-3.85425	193.846	0	
-58.7869	-4.47359	201.859	0	
-58.3299	-4.12055	197.238	0	
-57.7281	-2.55164	186.288	0	
-57.8847	-2.92446	187.608	0	
-58.2753	-2.91322	188.038	0	
-58.505	-3.2486	189.689	0	
-58.3307	-2.70306	187.499	0	
-58.5749	-2.68986	187.704	0	
-58.1875	-2.54682	187.027	0	
-58.2797	-2.34057	186.841	0	
-58.8909	-2.47862	187.639	0	
-59.1217	-2.83526	188.457	0	
-57.9513	-2.65109	186.868	0	
-57.7415	-2.34768	186.213	0	
-57.867	-1.78118	186.289	0	
-58.2659	-1.94628	186.756	0	
-58.9316	-2.25048	187.916	0	
-59.3146	-2.25822	188.468	0	
-57.1264	-2.5184	185.589	0	
-57.5935	-2.02322	185.851	0	
-58.3602	-1.4194	185.853	0	
-58.8267	-1.76251	187.567	0	
-58.6994	-2.15968	187.322	0	
-58.703	-1.5133	187.5	0	
-59.5864	-2.14224	188.82	0	
-59.5174	-2.58648	188.638	0	
-57.2203	-1.87653	185.293	0	
-57.5076	-1.82108	185.677	0	
-57.6734	-1.6385	185.968	0	
-57.8376	-2.02034	186.015	0	
-59.2428	-1.31295	189.353	0	
-59.1694	-1.86889	188.568	0	
-59.737	-1.8577	189.726	0	
-60.5983	-2.17688	188.624	0	
-59.7586	-2.26839	188.889	0	
-60.3922	-2.81037	188.817	0	
-57.6051	-1.42506	186.024	0	
-58.0954	-1.48768	186.431	0	
-59.7714	-3.14954	189.675	0	
-59.3735	-3.18041	189.623	0	
-60.0938	-2.43129	188.789	0	
-60.3925	-2.22521	189.053	0	
-57.3473	-1.3715	185.931	0	
-57.6357	-0.988507	186.165	0	
-59.9656	-3.2594	190.302	0	
-59.7646	-3.69449	193.541	0	
-59.1756	-3.31059	190.903	0	
-58.924	-2.96579	188.817	0	
-57.1283	-1.64039	185.17	0	
-56.6285	-1.90278	184.236	0	
-57.7538	-0.741202	184.14	0	
-58.1454	-0.970704	184.166	0	
-60.1609	-3.14382	189.913	0	
-60.2934	-3.53499	191.514	0	
-59.6717	-3.96088	195.935	0	
-59.1763	-3.55744	191.017	0	
-59.3874	-3.65885	193.612	0	
-58.7544	-3.3472	189.949	0	
-57.6292	-0.417772	186.458	0	
-58.1496	-0.367713	178.478	0	
-60.1738	-2.90433	189.212	0	
-60.8014	-2.91384	188.794	0	
-60.433	-3.7034	193.685	0	
-60.3503	-3.91185	194.819	0	
-60.1431	-4.44169	201.855	0	
-59.6049	-4.47218	203.788	0	
-59.4272	-3.91061	194.713	0	
-58.9336	-4.11326	197.858	0	
-60.9823	-3.31582	190.056	0	
-60.5468	-3.22818	189.955	0	
-60.753	-3.42042	191.212	0	
-60.832	-3.83003	194.566	0	
-60.3783	-4.37767	200.918	0	
-60.0305	-4.17714	198.45	0	
-61.4601	-3.23228	189.604	0	
-60.7145	-4.04119	196.385	0	
-60.6483	-4.50889	203.418	0	
-60.5961	-4.88624	209.423	0	
-61.0801	-3.81928	193.661	0	
-61.1704	-4.24344	197.332	0	
-59.9992	-4.81902	208.86	0	
-59.7747	-4.19639	198.54	0	
-61.2236	-3.40513	190.989	0	
-61.5233	-3.70347	193.441	0	
-61.6888	-4.43607	198.689	0	
-60.8849	-5.11348	212.877	0	
-61.942	-3.66417	193.299	0	
-61.9623	-3.94287	193.279	0	
-51.8865	-7.62469	294.112	0	
-51.3615	-6.24759	251.771	0	
-54.5389	-8.16222	310.847	0	
-54.4627	-8.8113	331.48	0	
-53.6715	-8.8269	334.648	0	
-54.0503	-8.36345	315.919	0	
-52.8535	-8.46851	321.093	0	
-53.1403	-8.57765	323.602	0	
-52.4492	-8.44154	324.424	0	
-50.6277	-7.25902	286.191	0	
-57.4606	-4.98209	213.381	0	
-57.3595	-5.41473	223.116	0	
-56.8794	-2.63903	185.745	0	
-57.4185	-2.65189	186.381	0	
-56.5918	-2.62026	185.568	0	
-57.0007	-2.14914	184.999	0	
-57.683	-4.82955	210.168	0	
-58.1071	-4.90081	210.831	0	
-59.3125	-4.42201	201.173	0	
-58.4418	-5.28129	219.116	0	
-58.3905	-1.07338	186.207	0	
-58.9409	-1.31927	187.392	0	
-59.3258	-0.935198	186.428	0	
-59.9361	-1.08354	189.87	0	
-59.4697	-5.16454	216.608	0	
-59.0598	-4.66259	206.443	0	
-60.8405	-2.69164	188.952	0	
-61.2819	-2.72638	188.798	0	
-60.68	-2.5417	188.489	0	
-60.7432	-2.33149	188.959	0	
-61.1984	-2.95881	188.777	0	
-61.115	-2.60374	188.355	0	
-60.4481	-2.59521	188.911	0	
-60.1881	-2.1141	189.018	0	
-60.5031	-1.78427	189.066	0	
-60.6668	-1.94854	189.412	0	
-61.8243	-2.91994	189.108	0	
-61.6857	-3.31281	190.715	0	
-61.3794	-2.28259	188.64	0	
-61.5267	-2.68504	188.684	0	
-60.3055	-2.43333	188.661	0	
-59.9442	-2.5692	188.795	0	
-59.7037	-2.47585	188.576	0	
-60.0008	-2.23432	188.835	0	
-60.967	-1.64951	189.572	0	
-61.2652	-2.06917	188.663	0	
-61.9845	-2.71794	188.229	0	
-62.2351	-3.06337	188.57	0	
-61.7095	-3.56583	190.986	0	
-61.263	-3.6233	192.084	0	
-61.0297	-2.06863	189.062	0	
-61.3934	-1.86294	189.181	0	
-60.8067	-1.46569	188.062	0	
-61.6497	-1.91576	188.982	0	
-61.9018	-2.5195	188.663	0	
-62.4554	-2.44894	188.475	0	
-62.4362	-3.17809	189.825	0	
-62.74	-3.51348	191.121	0	
-61.9709	-2.1469	188.863	0	
-61.6622	-2.51937	188.429	0	
-60.875	-1.11345	189.305	0	
-61.394	-1.37072	189.02	0	
-61.2404	-1.62213	188.411	0	
-61.8997	-1.5356	189.589	0	
-62.6257	-3.06644	188.586	0	
-62.3427	-3.56777	192.031	0	
-62.1618	-4.03017	196.65	0	
-62.1013	-3.47602	190.191	0	
-62.6159	-2.84096	188.56	0	
-63.0318	-2.95704	188.323	0	
-62.8352	-3.73804	192.255	0	
-62.3829	-3.84321	192.848	0	
-62.4035	-2.68572	188.119	0	
-62.7144	-2.41944	188.29	0	
-63.3299	-2.64614	187.968	0	
-63.3747	-3.16103	188.573	0	
-63.1917	-3.4183	190.006	0	
-62.9424	-4.22091	199.223	0	
-62.8086	-2.21465	188.562	0	
-63.1933	-2.27904	188.261	0	
-62.6788	-2.0389	188.984	0	
-62.5848	-1.66299	190.041	0	
-63.4313	-2.20598	188.156	0	
-63.5687	-2.57308	187.737	0	
-62.4598	-2.06339	189.046	0	
-62.9273	-1.76072	189.49	0	
-63.2272	-1.49194	189.557	0	
-63.1016	-1.90312	188.948	0	
-63.343	-1.8402	188.872	0	
-63.9151	-2.06854	188.337	0	
-63.7718	-2.76915	187.969	0	
-63.2713	-2.89682	188.223	0	
-62.3307	-2.26865	188.616	0	
-62.08	-1.9379	189.232	0	
-62.3772	-1.31862	191.363	0	
-63.0024	-1.52366	189.678	0	
-62.7744	-0.909665	191.419	0	
-62.8586	-1.35585	190.55	0	
-63.343	-1.30718	189.261	0	
-63.632	-1.61061	188.928	0	
-64.2704	-2.20567	188.242	0	
-63.848	-2.30399	187.91	0	
-64.0615	-2.64869	187.338	0	
-64.2979	-3.03148	187.701	0	
-61.8501	-1.78545	189.4	0	
-61.7145	-1.32284	189.475	0	
-62.9608	-1.08574	189.877	0	
-63.6493	-1.02862	188.724	0	
-63.8311	-1.7188	188.878	0	
-63.5256	-2.00607	188.555	0	
-64.0687	-1.57599	188.975	0	
-64.1539	-2.01038	188.477	0	
-64.5058	-2.20211	188.18	0	
-64.2963	-2.73392	187.889	0	
-61.8322	-0.927918	186.27	0	
-62.4231	-1.06638	189.591	0	
-62.8265	-0.642473	188.947	0	
-63.6396	-0.552508	186.391	0	
-63.839	-0.9318	187.683	0	
-64.454	-1.14035	189.519	0	
-63.9971	-1.34939	189.021	0	
-64.0497	-1.01048	188.563	0	
-64.6142	-1.99414	189.044	0	
-64.9326	-2.34534	188.079	0	
-63.8526	-0.691865	187.214	0	
-64.232	-0.868565	188.534	0	
-64.4765	-1.72648	189.323	0	
-64.9001	-1.63819	190.115	0	
-65.1312	-2.55749	188.176	0	
-65.0559	-2.8077	187.99	0	
-63.3758	-0.672471	187.467	0	
-63.998	-0.141619	184.923	0	
-64.4668	-0.917135	189.401	0	
-64.1528	-1.19446	188.998	0	
-64.6417	-0.731106	190.117	0	
-65.5418	-0.719544	190.879	0	
-65.0756	-1.49488	190.421	0	
-65.2665	-1.93542	188.975	0	
-65.1605	-3.11828	187.83	0	
-64.7698	-3.59789	189.686	0	
-64.9461	-1.24841	191.16	0	
-65.4626	-1.48739	190.362	0	
-65.4149	-1.20415	191.496	0	
-65.1172	-1.10008	191.441	0	
-62.4581	-4.36084	199.812	0	
-61.2747	-4.93506	210.529	0	
-51.9261	-7.18558	282.611	0	
-50.6478	-6.54155	260.776	0	
-53.6219	-8.22865	313.35	0	
-53.8041	-9.16001	350.376	0	
-57.429	-5.69742	228.905	0	
-57.0038	-5.83526	232.438	0	
-57.8188	-5.34961	221.989	0	
-57.8985	-5.04928	212.053	0	
-58.3508	-4.37993	202.218	0	
-58.3889	-4.98169	211.406	0	
-60.23	-1.9015	189.671	0	
-60.155	-1.45617	190.088	0	
-59.8855	-1.33377	190.747	0	
-60.2586	-0.960912	190.117	0	
-60.3209	-0.69195	187.051	0	
-60.6815	-0.944424	186.952	0	
-63.6865	-3.70357	192.416	0	
-63.2503	-3.6806	192.182	0	
-62.9664	-4.56913	200.722	0	
-61.9552	-4.56881	205.346	0	
-64.8445	-3.27662	189.312	0	
-64.3336	-3.59291	190.296	0	
-63.1008	-0.52655	188.42	0	
-63.4212	-0.139517	185.605	0	
-64.5227	-0.403661	187.333	0	
-65.0435	-0.347341	195.867	0	
-62.1949	-4.32618	198.118	0	
-61.9526	-5.26501	216.798	0	
-51.3179	-8.13944	311.948	0	
-51.0598	-7.30974	282.818	0	
-57.7291	-5.83698	235.824	0	
-57.6711	-6.17601	239.646	0	
-56.7965	-6.03205	238.583	0	
-56.6131	-5.55624	226.23	0	
-58.4684	-5.92006	234.586	0	
-57.891	-6.38099	249.944	0	
-60.1602	-0.394801	190.604	0	
-60.6563	-0.356468	182.663	0	
-64.1117	-3.85197	192.692	0	
-64.4516	-4.52275	198.684	0	
-63.5415	-4.41043	197.478	0	
-63.1786	-5.63006	222.3	0	
-62.674	-4.66125	204.449	0	
-62.1239	-4.96274	209.33	0	
-58.6379	-6.99355	266.343	0	
-57.4922	-7.08983	272.455	0	
-56.7945	-6.36325	249.768	0	
-56.3138	-5.97939	237.864	0	
-63.0827	-3.82313	193.344	0	
-63.5027	-3.85949	192.094	0	
-57.0938	-6.5035	253.064	0	
-56.5295	-6.77171	263.144	0	
-56.6035	-7.04673	271.106	0	
-56.0982	-6.45108	250.912	0	
-56.3666	-7.26608	280.04	0	
-56.1877	-6.71772	264.433	0	
-56.361	-7.62562	289.018	0	
-55.7241	-7.42473	284.684	0	
-49.5146	-5.83911	239.129	0	
-49.3173	-6.14178	249.639	0	
-48.8098	-6.44885	259.321	0	
-48.5639	-5.88266	240.232	0	
-48.3521	-6.16257	248.026	0	
-47.3567	-6.07397	248.608	0	
-56.7525	-1.28708	184.981	0	
-56.8328	-1.61478	184.668	0	
-55.9638	-1.56128	183.492	0	
-55.9101	-0.958875	183.044	0	
-62.634	-0.380892	191.654	0	
-62.8204	-0.125451	188.848	0	
-53.5373	-9.54787	356.653	0	
-53.2664	-8.86312	340.984	0	
-57.0068	-7.53418	283.759	0	
-56.8155	-8.3422	314.21	0	
-48.9033	-6.86602	270.365	0	
-48.2482	-6.70116	266.19	0	
-49.4656	-6.57996	261.137	0	
-48.0323	-7.37363	285.464	0	
-47.9311	-6.73511	267.17	0	
-47.9879	-6.0571	244.088	0	
-47.7945	-7.04678	278.665	0	
-47.389	-6.56333	261.295	0	
-48.4927	-7.37935	291.059	0	
-47.2406	-7.48888	288.407	0	
-47.1677	-6.34333	252.71	0	
-47.7237	-6.18329	249.935	0	
-46.8761	-6.45558	259.865	0	
-46.5874	-6.02079	243.186	0	
-46.2548	-5.9305	240.854	0	
-46.2974	-5.1344	218.621	0	
-46.9141	-4.97663	214.749	0	
-46.741	-5.49821	227.283	0	
-46.0162	-5.0741	218.134	0	
-45.9951	-4.52699	206.481	0	
-45.8107	-5.279	220.107	0	
-45.5646	-5.09684	217.529	0	
-45.8788	-5.55763	230.906	0	
-45.3483	-5.52532	228.793	0	
-45.0952	-4.87961	210.919	0	
-45.1718	-4.60951	207.105	0	
-44.8049	-4.96821	214.49	0	
-44.6069	-4.78828	208.838	0	
-45.0405	-4.16519	199.543	0	
-45.7128	-3.80582	194.467	0	
-45.0407	-5.6301	228.908	0	
-43.8761	-5.78674	232.748	0	
-44.8281	-4.00558	196.159	0	
-45.1654	-3.65504	192.703	0	
-45.5406	-4.30617	201.929	0	
-45.3293	-4.09912	197.595	0	
-44.2771	-4.88382	210.163	0	
-44.2498	-4.41362	201.617	0	
-44.5325	-4.34661	201.363	0	
-44.6379	-3.60095	192.037	0	
-46.4045	-4.3091	203.05	0	
-45.8078	-4.25947	201.836	0	
-44.0975	-4.68321	205.712	0	
-44.1497	-3.84774	193.422	0	
-43.6949	-4.62306	203.99	0	
-44.01	-4.17314	197.623	0	
-46.1911	-5.63576	230.49	0	
-46.0021	-6.12788	244.565	0	
-45.1193	-6.07277	242.605	0	
-44.2585	-5.81924	234.71	0	
-44.1703	-5.19966	220.281	0	
-44.4229	-5.46988	224.232	0	
-46.0487	-6.42732	255.238	0	
-44.9002	-6.27512	248.339	0	
-43.5849	-6.09412	239.896	0	
-43.0652	-5.66499	227.28	0	
-46.3192	-6.53237	260.118	0	
-45.6342	-7.79732	303.845	0	
-45.5442	-6.55672	259.218	0	
-45.3175	-6.76057	267.557	0	
-46.6052	-6.32323	251.223	0	
-47.1791	-6.89033	270.286	0	
-45.8848	-6.95499	274.547	0	
-46.5048	-6.87813	268.617	0	
-45.3506	-7.09873	276.225	0	
-44.1203	-7.05674	271.41	0	
-45.6427	-7.20152	280.835	0	
-45.7953	-7.48112	290.642	0	
-44.9807	-7.18848	280.03	0	
-44.5288	-7.58237	296.92	0	
-46.7066	-7.60961	304.422	0	
-46.2998	-7.07971	280.506	0	
-50.4447	-6.2145	249.494	0	
-51.033	-6.5637	260.802	0	
-60.77	-5.60726	224.152	0	
-60.3087	-5.83977	229.772	0	
-60.0097	-5.59211	224.135	0	
-59.2337	-5.93613	234.721	0	
-58.8268	-5.73819	228.564	0	
-58.6849	-6.55097	256.56	0	
-64.0551	-4.29727	198.358	0	
-63.9153	-5.3332	217.628	0	
-56.7325	-7.82097	303.571	0	
-56.8722	-7.11948	276.5	0	
-53.9386	-9.89877	372.459	0	
-53.0837	-10.9898	418.074	0	
-47.631	-9.29426	361.773	0	
-47.9249	-7.67856	301.348	0	
-43.7628	-6.43401	253.282	0	
-43.4747	-7.55637	291.615	0	
-45.8938	-8.11747	316.241	0	
-45.0374	-8.5537	337.418	0	
-43.7104	-6.82299	266.474	0	
-44.2657	-6.46716	253.686	0	
-44.5213	-8.02828	310.334	0	
-44.0669	-8.08309	311.434	0	
-49.8537	-7.29331	288.265	0	
-49.2607	-6.9642	273.106	0	
-51.2277	-6.99694	276.592	0	
-50.4104	-6.92406	270.066	0	
-61.0846	-5.83771	230.858	0	
-60.3147	-6.25608	243.362	0	
-60.0478	-6.67578	256.509	0	
-59.2309	-6.4059	249.913	0	
-57.1595	-6.85146	266.114	0	
-57.3953	-7.5666	290.463	0	
-48.145	-8.09915	316.513	0	
-46.696	-8.72083	335.524	0	
-48.6388	-8.19758	320.172	0	
-48.8987	-8.66312	331.536	0	
-47.8294	-8.41665	326.522	0	
-47.9744	-8.95135	346.753	0	
-44.9356	-8.1725	318.319	0	
-44.6596	-8.97088	350.368	0	
-43.3084	-8.45953	327.26	0	
-42.5297	-7.4321	292.18	0	
-50.4461	-7.77701	302.175	0	
-49.3263	-7.74835	303.457	0	
-51.4316	-7.74287	302.584	0	
-50.7645	-8.2243	321.12	0	
-61.4349	-5.6753	226.048	0	
-61.4626	-6.45903	248.181	0	
-57.7334	-7.93465	298.58	0	
-57.4792	-9.02575	341.099	0	
-50.4581	-8.96146	345.571	0	
-49.7617	-9.14002	348.54	0	
-61.51	-5.26644	216.714	0	
-62.1295	-5.66847	225.892	0	
-62.1504	-6.83443	262.014	0	
-61.1626	-7.26972	271.148	0	
-62.481	-5.82644	228.382	0	
-62.4967	-6.2246	242.09	0	
-61.4745	-8.39329	312.128	0	
-60.7958	-6.92177	264.267	0	
-62.7597	-5.48076	221.846	0	
-63.4755	-5.24321	215.655	0	
-62.8472	-6.86175	260.635	0	
-61.8497	-7.17844	267.551	0	
-61.097	-7.83144	298.881	0	
-60.2437	-7.59974	287.99	0	
-64.1691	-5.9348	230.302	0	
-63.2281	-6.14845	239.505	0	
-63.5478	-6.55833	250.96	0	
-63.3605	-7.55291	285.454	0	
-62.5098	-7.08633	267.342	0	
-62.5295	-7.58968	284.076	0	
-12.2973	-2.10507	214.702	0	
-12.6	-2.23069	215.067	0	
-12.0349	-1.60426	222.923	0	
-13.0454	-1.46397	226.531	0	
94.0942	-5.4776	195.648	0	
94.5865	-6.05242	193.624	0	
95.6904	-6.12714	192.969	0	
96.8443	-6.0672	192.997	0	
100.579	-8.95818	184.373	0	
102.087	-9.33957	183.915	0	
103.719	-11.2855	185.723	0	
104.3	-10.0472	186.21	0	
106.943	-10.3228	187.245	0	
104.496	-7.66771	190.218	0	
98.4114	-8.10004	185.218	0	
97.9301	-8.19294	185.522	0	
98.1562	-9.51503	183.104	0	
98.4844	-9.86741	183.001	0	
99.4671	-9.99801	182.611	0	
100.157	-10.8721	182.623	0	
-150.334	-5.3703	209.943	0	
-151.297	-5.85181	222.486	0	
-150.671	-4.82548	206.114	0	
-151.762	-6.28636	230.522	0	
-151.427	-8.28406	270.16	0	
-150.701	-6.69728	235.374	0	
-149.134	-8.24355	274.385	0	
-149.344	-6.48816	230.638	0	
-141.322	-5.68037	200.442	0	
-140.93	-5.48524	200.8	0	
-141.877	-6.67322	221.689	0	
-141.322	-6.24472	216.034	0	
-141.02	-7.44839	241.187	0	
-138.777	-6.79353	227.661	0	
-140.578	-6.95829	231.06	0	
-139.278	-6.07722	206.603	0	
-136.924	-6.65149	221.77	0	
-136.094	-6.91353	229.002	0	
-139.231	-8.41109	265.681	0	
-138.202	-8.47965	273.836	0	
-136.593	-8.35732	267.06	0	
-136.503	-7.28916	235.029	0	
34.5441	-8.06073	221.146	0	
33.5567	-7.72159	217.576	0	
36.017	-9.53599	223.896	0	
36.5734	-9.483	223.209	0	
50.3777	-10.7254	147.284	0	
48.5748	-9.84109	172.333	0	
49.3648	-12.774	102.212	0	
50.3902	-12.1404	116.265	0	
50.3841	-12.9575	95.8973	0	
51.1172	-13.5232	86.5445	0	
67.7362	-7.68077	220.757	0	
66.6267	-6.31545	227.871	0	
-2.10502	-6.36693	194.881	0	
-0.895697	-6.81284	196.641	0	
-1.32269	-6.11857	201.046	0	
-1.57296	-6.49961	198.041	0	
-1.515	-7.26897	190.45	0	
-0.0266555	-7.71518	191.262	0	
130.144	-3.74447	201.079	0	
130.322	-4.70043	201.707	0	
137.793	-7.01586	201.183	0	
138.4	-7.36323	201.506	0	
-73.1907	-6.11222	234.144	0	
-72.9164	-6.67412	246.418	0	
-78.6145	-8.55714	337.713	0	
-76.7395	-8.79323	350.217	0	
-76.4416	-8.09152	311.594	0	
-75.0593	-7.38883	281.582	0	
-55.4992	-9.2426	356.413	0	
-55.2038	-9.7462	360.195	0	
-51.6728	-8.6248	336.562	0	
-52.1961	-8.72454	337.189	0	
-42.0233	-7.34323	282.2	0	
-42.7502	-6.51699	253.799	0	
-46.4792	-7.9986	312.133	0	
-46.1873	-8.84296	349.751	0	
-45.4772	-9.30715	358.559	0	
-43.6216	-10.2548	397.257	0	
-43.2797	-9.02015	359.769	0	
-41.5499	-8.27185	318.384	0	
-56.8249	-9.5325	358.371	0	
-56.2764	-8.56766	331.44	0	
93.8255	-6.49301	191.169	0	
95.1326	-6.60182	191.885	0	
95.5978	-6.59024	191.256	0	
95.3233	-5.824	193.518	0	
101.319	-9.72957	182.887	0	
101.655	-10.3677	182.845	0	
97.1202	-7.39608	187.768	0	
97.0248	-8.23455	185.607	0	
97.6805	-9.35296	183.672	0	
97.5451	-11.2066	183.72	0	
98.6941	-10.575	182.662	0	
99.572	-10.4954	182.137	0	
-150.893	-7.0867	250.53	0	
-150.745	-8.64163	279.748	0	
-148.375	-7.58645	259.363	0	
-148.677	-7.11453	246.522	0	
-149.164	-7.32852	250.628	0	
-148.562	-6.45875	230.09	0	
-139.945	-6.99119	231.804	0	
-139.162	-7.6237	251.305	0	
-135.704	-7.10674	230.487	0	
-135.346	-6.84098	225.854	0	
35.6921	-10.1812	225.664	0	
36.2059	-11.2905	217.123	0	
37.4407	-9.77466	219.135	0	
37.2537	-8.65041	221.708	0	
52.5786	-13.1103	89.8887	0	
52.4591	-11.9912	110.729	0	
-3.19034	-6.42133	191.409	0	
-1.86513	-8.75541	177.412	0	
-1.92613	-9.96613	172.958	0	
-0.5435	-8.05747	188.686	0	
137.357	-7.07185	201.642	0	
137.328	-7.81495	203.397	0	
137.038	-6.53157	200.658	0	
136.364	-7.11619	201.977	0	
137.093	-8.28475	204.64	0	
138.012	-9.18319	205.891	0	
138.608	-7.71164	202.124	0	
139.658	-6.70843	199.382	0	
137.997	-8.15319	203.296	0	
138.804	-8.43569	203.408	0	
139.235	-7.4361	201.11	0	
139.649	-7.46968	201.329	0	
137.571	-8.49638	204.807	0	
138.769	-8.87653	205.255	0	
139.253	-9.26027	205.045	0	
139.934	-7.91137	202.166	0	
-54.9554	-10.7492	398.176	0	
-54.1626	-10.5223	406.459	0	
-43.1043	-8.00337	310.872	0	
-42.9359	-6.95834	269.19	0	
-46.2317	-9.41645	364.747	0	
-45.8481	-9.70045	379.733	0	
-47.0716	-9.12948	356.652	0	
-47.363	-10.4815	397.198	0	
-45.8254	-10.4165	399.931	0	
-44.6515	-9.91957	384.417	0	
93.8856	-4.96197	197.292	0	
93.2954	-5.28379	196.557	0	
92.8616	-5.03593	197.451	0	
92.7277	-5.86494	195.43	0	
92.4344	-6.18668	192.894	0	
92.9433	-6.70869	191.375	0	
92.0363	-6.12444	194.582	0	
91.8611	-6.82479	192.424	0	
93.0865	-7.16072	191.337	0	
94.0007	-6.93344	191.481	0	
94.119	-6.1848	193.51	0	
94.6868	-6.98725	188.898	0	
96.6072	-7.27435	188.18	0	
96.4109	-6.43883	191.995	0	
96.3541	-6.87079	189.453	0	
97.1551	-8.65057	184.779	0	
96.8354	-9.348	183.937	0	
97.5656	-8.863	184.136	0	
97.3448	-9.58669	183.295	0	
95.9682	-10.5546	184.944	0	
97.8945	-10.8716	182.991	0	
99.5307	-12.2338	184.029	0	
-151.699	-7.15399	245.64	0	
-151.216	-7.89304	261.635	0	
-150.048	-8.24338	273.327	0	
-150.776	-7.87357	263.096	0	
-135.674	-7.53968	243.428	0	
-135.256	-7.74273	246.173	0	
-134.612	-6.7441	223.956	0	
-134.687	-6.30907	210.845	0	
-2.11915	-7.3234	189.849	0	
-1.68828	-8.2111	185.019	0	
135.765	-6.99985	203.515	0	
135.517	-8.04157	205.37	0	
136.285	-7.96393	204.765	0	
136.524	-8.408	205.085	0	
139.711	-8.33564	203.223	0	
140.456	-7.97108	202.213	0	
139.781	-8.95153	204.807	0	
141.215	-7.6036	201.674	0	
141.405	-7.12495	199.829	0	
140.336	-7.15504	200.176	0	
91.8008	-5.59072	195.727	0	
91.1463	-6.15052	194.058	0	
90.0675	-5.42373	195.929	0	
90.1027	-7.07621	191.903	0	
91.2033	-7.07085	192.114	0	
92.2601	-6.93862	191.377	0	
92.7772	-7.51803	189.738	0	
93.4883	-8.70151	187.844	0	
95.8916	-6.93702	189.769	0	
95.5026	-7.81463	187.194	0	
96.3444	-7.70694	187.629	0	
96.7605	-8.90184	184.549	0	
96.0009	-9.44584	184.688	0	
97.3858	-10.1051	183.312	0	
96.6461	-11.756	183.956	0	
98.1615	-12.2445	185.009	0	
99.2516	-11.3094	182.697	0	
98.7351	-11.4305	183.11	0	
-151.214	-8.64739	278.97	0	
-150.518	-8.25884	271.486	0	
-149.937	-9.57841	301.876	0	
-149.198	-9.15473	297.299	0	
-136.225	-7.70758	246.288	0	
-135.244	-8.18681	262.88	0	
-134.864	-8.41344	267.691	0	
-134.464	-8.12137	259.352	0	
-134.166	-7.33628	239.232	0	
-134.236	-6.92295	223.967	0	
-134.44	-5.64235	199.173	0	
-134.797	-5.00534	191.487	0	
-2.45801	-6.77142	193.968	0	
-2.77044	-8.19814	179.857	0	
-2.23578	-7.86045	183.976	0	
-3.41809	-7.94201	180.049	0	
135.637	-9.11513	207.468	0	
136.332	-8.88448	206.785	0	
91.6237	-7.21161	191.629	0	
91.8827	-8.01804	190.488	0	
92.3451	-7.38432	191.118	0	
91.9429	-7.58274	190.706	0	
94.1703	-8.9189	186.815	0	
93.7253	-7.7524	189.057	0	
95.8835	-7.42962	187.859	0	
95.557	-8.56011	185.981	0	
-151.311	-7.38379	251.106	0	
-152.759	-7.57683	246.741	0	
-151.472	-9.10795	281.653	0	
-150.553	-9.02735	287.957	0	
-150.646	-9.76279	302.115	0	
-149.429	-10.6256	335.91	0	
-148.722	-9.12921	294.598	0	
-148.65	-8.25579	271.309	0	
-136.402	-8.92016	284.124	0	
-135.65	-8.41184	265.06	0	
-134.899	-8.89966	285.058	0	
-134.456	-9.122	291.877	0	
-133.714	-8.01777	257.688	0	
-133.447	-6.86271	225.125	0	
-133.05	-6.63959	222.106	0	
-133.147	-5.67594	199.185	0	
-133.649	-5.74068	201.148	0	
-135.2	-4.79088	191.058	0	
-135.175	-5.69326	200.315	0	
-134.831	-5.44393	199.059	0	
90.6945	-7.3941	191.176	0	
92.0225	-8.96641	189.566	0	
-153.248	-8.38073	257.732	0	
-153.032	-9.1327	278.06	0	
-152.012	-8.86495	281.677	0	
-150.821	-9.38035	296.087	0	
-148.454	-9.53514	311.195	0	
-147.674	-9.17285	297.57	0	
-137.269	-8.82244	282.271	0	
-135.814	-9.57903	306.932	0	
-135.652	-8.84651	286.279	0	
-135.322	-9.5523	307.551	0	
-133.912	-9.97835	321.727	0	
-133.322	-9.1568	294.283	0	
-133.37	-8.2748	263.353	0	
-132.973	-8.02068	256.196	0	
-133.745	-7.55954	241.779	0	
-133.866	-6.66413	223.151	0	
-132.639	-7.27965	238.067	0	
-131.175	-6.78268	224.432	0	
-132.285	-3.73378	186.468	0	
-134.391	-4.82831	191.316	0	
-151.731	-10.1697	308.439	0	
-151.419	-9.86642	301.864	0	
-151.516	-10.7176	317.646	0	
-150.008	-10.4576	322.726	0	
-150.993	-10.0327	311.26	0	
-151.012	-10.5624	319.919	0	
-151.91	-11.2483	325.425	0	
-151.26	-12.7214	362.775	0	
-136.025	-9.13317	292.946	0	
-135.936	-9.93644	326.262	0	
-133.585	-8.76125	279.519	0	
-132.861	-9.07789	292.149	0	
-132.248	-7.96312	257.12	0	
-132.67	-6.85243	221.214	0	
-132.323	-6.0663	208.148	0	
-132.238	-6.5304	219.184	0	
-133.65	-4.69372	188.874	0	
-133.602	-4.05417	187.112	0	
-133.212	-4.65331	189.241	0	
-133.7	-3.65244	185.752	0	
-134.236	-3.3279	188.553	0	
-134.298	-4.38526	187.211	0	
-132.901	-5.07356	193.909	0	
-132.386	-4.66397	189.83	0	
-135.569	-10.382	339.858	0	
-134.886	-9.81102	319.704	0	
-132.448	-10.2943	336.137	0	
-132.209	-8.80362	284.747	0	
-131.97	-8.38656	265.618	0	
-131.759	-6.8517	224.441	0	
-132.245	-7.51285	240.892	0	
-131.797	-7.40694	235.537	0	
-135.837	-10.8652	351.079	0	
-134.887	-11.1209	365.198	0	
-129.133	-10.9496	371.04	0	
-131.283	-8.63737	272.206	0	
-132.048	-9.35358	298.46	0	
-131.605	-9.51526	308.826	0	
-130.752	-8.37758	276.071	0	
-131.414	-7.76915	250.648	0	
-131.275	-10.1141	329.57	0	
-129.506	-9.26441	295.924	0	
-130.419	-8.85833	279.913	0	
-131.009	-7.73001	248.298	0	
-131.705	-10.6669	351.846	0	
-132.079	-11.8447	401.004	0	
-130.779	-9.31194	303.192	0	
-130.718	-9.95686	317.63	0	
-129.81	-7.78273	249.728	0	
-130.25	-7.80603	246.727	0	
-129.598	-7.25855	233.608	0	
-131.016	-6.31554	211.042	0	
-130.387	-7.35215	237.732	0	
-130.016	-6.99225	231.538	0	
-129.093	-7.10013	233.187	0	
-129.934	-5.74256	205.448	0	
-87.5	-0.303134	198.602	0	
-86.875	-0.239636	191.432	0	
-87.4977	-0.674126	194.045	0	
-86.5535	-0.922401	191.969	0	
-86.5625	-0.119818	191.52	0	
-86.241	-0.898523	191.462	0	
-86.3075	-0.601114	192.119	0	
8.75	-0.303134	169.445	0	
9.375	-0.239636	171.34	0	
8.78951	-0.584347	165.466	0	
8.47701	-0.896046	178.459	0	
8.67275	-2.19922	193.754	0	
8.57003	-1.30531	177.285	0	
9.50737	-1.53277	183.098	0	
9.69652	-0.922401	174.223	0	
9.6875	-0.119818	169.718	0	
10.009	-0.898523	177.998	0	
9.94245	-0.601114	172.705	0	
8.94834	-1.32117	182.452	0	
8.2799	-1.65015	187.724	0	
137.059	-1.82395	201.939	0	
136.1	-1.29235	205.596	0	
137.071	-1.27773	203.668	0	
136.682	-1.16273	207.168	0	
-121.198	-0.281505	215.038	0	
-120.602	-0.512441	217.147	0	
-120.865	-0.676469	215.921	0	
-121.511	-0.148146	209.007	0	
-121.781	-0.895475	209.16	0	
-121.575	-1.23018	206.342	0	
-121.719	-0.313613	209.402	0	
-121.35	-0.745129	210.952	0	
-120.763	-1.00022	213.313	0	
-120.343	-0.670102	217.641	0	
-120.08	-0.610514	209.962	0	
-120.295	-0.134464	221.942	0	
-119.901	-0.809717	211.873	0	
-119.515	-0.354217	207.61	0	
-119.972	-1.1494	207.395	0	
-119.483	-0.93437	207.411	0	
-133.484	-2.95699	191.191	0	
-133.552	-2.27242	201.292	0	
-133.367	-3.3921	188.023	0	
-132.536	-3.24751	188.403	0	
-132.644	-2.63056	196.07	0	
-133.179	-2.36638	196.343	0	
-132.351	-2.74342	192.481	0	
-132.062	-2.53579	199.302	0	
-132.299	-3.05554	192.155	0	
-131.439	-2.54887	199.66	0	
-132.846	-3.16273	190.033	0	
-131.992	-3.56247	189.035	0	
-131.768	-2.01972	208.148	0	
-132.12	-2.22671	199.354	0	
-133.024	-3.47758	187.891	0	
-132.822	-3.7545	186.84	0	
-131.694	-3.78392	186.397	0	
-131.353	-3.61733	189.143	0	
-132.806	-4.13988	187.432	0	
-132.513	-4.29672	187.012	0	
-132.284	-4.06122	187.856	0	
-131.059	-4.28166	188.345	0	
-130.645	-3.57226	189.454	0	
-131.091	-2.73754	193.299	0	
-132.494	-5.09223	193.451	0	
-132.015	-4.174	187.36	0	
-132.164	-5.61193	197.859	0	
-131.215	-5.64931	198.735	0	
-132.07	-4.56432	188.695	0	
-131.694	-5.34078	194.965	0	
-130.57	-5.01623	192.693	0	
-131.427	-4.38347	187.371	0	
-131.069	-3.05792	193.484	0	
-130.743	-2.21889	202.447	0	
-130.261	-3.79701	187.524	0	
-129.74	-2.87078	194.005	0	
-130.716	-4.51881	188.523	0	
-129.496	-3.86207	187.3	0	
-130.715	-5.42557	199.823	0	
-129.344	-5.15498	197.272	0	
-12.203	-0.70106	222.723	0	
-13.4159	-0.1895	240.341	0	
-13.3135	-0.881157	239.211	0	
-13.2156	-1.11931	230.993	0	
-13.3132	-1.38205	228.876	0	
-12.7936	-1.77907	221.81	0	
-13.5594	-1.49065	223.808	0	
-13.5868	-1.7578	221.426	0	
-12.5093	-1.60957	222.914	0	
-12.8289	-1.27738	228.683	0	
-12.2562	-1.7902	219.499	0	
-12.1314	-1.28119	222.876	0	
-13.9044	-1.31443	227.561	0	
-14.1645	-1.42884	222.903	0	
-11.999	-0.948001	230.95	0	
-12.2873	-0.350043	236.179	0	
-13.8489	-2.15345	213.996	0	
-13.6014	-2.2885	212.447	0	
-14.7287	-1.2484	224.719	0	
-14.4905	-1.40772	221.178	0	
-14.5517	-2.26953	208.994	0	
-14.0872	-2.27319	210.737	0	
-13.3648	-2.67493	206.538	0	
-12.9186	-2.72001	207.14	0	
-14.797	-2.14884	210.239	0	
-14.3161	-1.85752	216.794	0	
-14.3314	-3.1017	196.509	0	
-13.8617	-3.39322	194.621	0	
-13.3858	-2.94027	203.492	0	
-12.6646	-2.59426	208.565	0	
-13.1095	-2.2724	214.035	0	
-13.1203	-2.54352	208.042	0	
-15.1454	-1.31328	224.122	0	
-14.8056	-1.85495	215.634	0	
-15.0732	-2.34635	204.642	0	
-14.4037	-2.73717	203.123	0	
-13.6285	-3.30015	196.65	0	
-13.1122	-3.46337	195.975	0	
-15.4746	-1.76873	213.725	0	
-15.5815	-2.93363	197.623	0	
-14.3217	-2.13	212.945	0	
-14.6069	-2.57772	204.497	0	
-13.915	-3.74282	189.278	0	
-13.4442	-3.46631	194.065	0	
-13.857	-2.94953	200.43	0	
-14.0239	-3.18137	197.302	0	
-14.2437	-3.88175	188.71	0	
-13.6902	-4.24055	185.886	0	
-13.8128	-4.55188	181.812	0	
-13.4112	-4.19836	187.162	0	
-13.548	-4.92444	181.247	0	
-13.1594	-4.32787	184.506	0	
-12.8894	-4.13401	188.547	0	
-13.3195	-3.90181	188.646	0	
-12.6454	-4.1907	187.326	0	
-12.498	-3.9927	190.199	0	
-12.5362	-4.5267	184.207	0	
-12.2352	-4.60177	184.55	0	
-12.0641	-3.72866	194.454	0	
-12.59	-3.75607	192.189	0	
-13.1735	-4.74262	182.326	0	
-12.7943	-4.88476	180.883	0	
-11.9659	-4.95126	180.901	0	
-11.5707	-4.86279	183.832	0	
-12.4748	-0.891865	232.917	0	
-12.8325	-0.600966	244.103	0	
-12.65	-0.320851	233.024	0	
-13.6824	-5.3601	178.098	0	
-12.7677	-6.37709	178.777	0	
-15.9826	-1.13153	225.734	0	
-15.7057	-2.47313	200.486	0	
-15.8597	-3.3359	186.328	0	
-15.1255	-3.84413	184.077	0	
-16.5644	-1.25343	223.258	0	
-16.5781	-2.22435	205.512	0	
-14.4979	-3.45248	189.729	0	
-14.9157	-4.31574	184.501	0	
-11.1174	-5.14239	180.259	0	
-10.9846	-4.42677	186.181	0	
-16.5207	-3.5604	186.443	0	
-16.4935	-4.6834	180.508	0	
-15.6918	-4.63171	182.13	0	
-14.8096	-5.28538	178.946	0	
22.7133	-2.14516	196.729	0	
23.3898	-1.88069	196.969	0	
22.4867	-2.39741	198.517	0	
23.1682	-2.79738	198.663	0	
21.928	-2.00134	194.479	0	
21.8777	-2.58836	198.629	0	
21.5502	-2.07424	198.016	0	
21.5356	-2.47035	197.379	0	
21.2134	-2.83297	199.614	0	
21.3029	-3.8189	201.477	0	
22.5055	-3.28007	198.977	0	
22.8657	-2.87174	198.521	0	
21.9644	-3.64516	199.983	0	
22.9304	-3.97013	199.64	0	
21.7704	-3.25774	200.411	0	
21.3254	-3.30144	200.063	0	
23.1887	-4.32217	198.685	0	
23.9211	-3.58293	198.191	0	
21.7305	-4.06091	201.273	0	
22.5104	-5.20894	200.662	0	
22.6645	-4.81607	199.63	0	
23.8201	-4.99329	198.206	0	
21.9388	-4.43127	200.38	0	
21.74	-4.82884	201.888	0	
22.754	-5.78099	200.532	0	
23.4262	-5.1637	199.112	0	
24.1609	-5.2472	198.002	0	
24.7606	-4.23588	196.735	0	
21.2349	-5.08147	202.55	0	
21.0556	-6.03663	203.412	0	
22.2986	-6.04622	200.712	0	
22.6912	-7.15331	201.926	0	
24.2636	-5.74107	198.14	0	
24.6863	-5.92477	198.081	0	
21.8363	-5.62936	201.917	0	
21.2957	-5.6414	201.661	0	
23.6457	-2.46252	198.156	0	
24.3478	-2.94458	197.248	0	
23.2679	-2.5002	197.5	0	
23.4326	-3.05188	197.923	0	
23.3632	-3.44048	198.825	0	
23.6682	-3.73122	198.135	0	
24.2152	-3.75056	197.787	0	
24.3745	-3.48348	197.332	0	
24.3291	-4.01302	197.129	0	
24.6346	-4.01003	197.282	0	
24.8108	-3.22069	197.054	0	
24.6589	-2.9491	198.643	0	
24.2318	-4.3589	197.663	0	
24.5142	-4.51687	197.146	0	
25.2023	-4.53339	196.004	0	
25.0866	-4.24395	196.658	0	
25.6291	-4.01689	196.27	0	
25.1206	-3.72517	196.9	0	
25.749	-4.33421	195.325	0	
25.7904	-3.26132	197.844	0	
25.131	-3.39345	197.808	0	
25.1847	-2.73593	199.06	0	
24.5966	-2.38521	199.299	0	
24.1642	-2.68398	198.667	0	
24.9876	-4.77042	196.713	0	
25.4105	-5.15986	196.345	0	
26.0844	-4.4298	195.305	0	
26.3193	-3.82142	195.841	0	
24.6253	-4.76197	196.819	0	
24.8158	-5.29398	197.063	0	
25.5106	-5.46033	196.441	0	
26.0184	-5.3118	195.629	0	
25.2803	-5.71664	197.191	0	
26.0558	-5.9472	197.372	0	
24.9078	-5.6253	197.277	0	
24.8873	-6.3219	198.255	0	
26.0631	-6.95194	199.743	0	
26.8403	-5.56532	195.862	0	
25.7772	-5.87693	196.856	0	
26.359	-5.68446	196.233	0	
26.6155	-5.75761	196.007	0	
26.503	-5.22209	195.179	0	
26.109	-6.29425	197.611	0	
27.0882	-5.68377	195.753	0	
26.8193	-4.80007	194.429	0	
25.9354	-4.99863	195.592	0	
26.6666	-7.38964	201.482	0	
27.3	-6.47614	198.501	0	
27.6145	-5.64631	195.571	0	
27.2398	-4.37045	193.857	0	
26.7805	-5.98517	197.07	0	
27.115	-6.7813	200.302	0	
27.8582	-7.48368	203.113	0	
27.2665	-6.08955	197.099	0	
27.726	-6.3801	198.576	0	
27.8132	-6.11841	197.055	0	
27.9767	-6.63945	199.583	0	
28.139	-5.94179	196.074	0	
28.4954	-6.03554	197.693	0	
27.5816	-4.75473	193.402	0	
26.3711	-4.23774	194.753	0	
26.1634	-4.78219	195.022	0	
27.0494	-5.06822	194.552	0	
27.3773	-5.48966	195.387	0	
28.787	-5.78893	196.035	0	
28.281	-5.31696	194.089	0	
24.2945	-6.82727	200.479	0	
25.4977	-7.3087	201.062	0	
27.7262	-7.04141	201.995	0	
29.021	-7.64873	205.346	0	
27.9948	-5.59714	195.541	0	
28.2621	-4.86581	193.232	0	
29.1287	-5.86802	196.853	0	
29.7429	-5.08875	194.65	0	
24.2577	-7.2991	200.413	0	
24.8943	-7.01797	200.028	0	
25.4724	-6.63178	198.932	0	
25.2921	-7.00835	200.368	0	
29.2316	-6.19841	198.529	0	
29.8199	-6.20932	199.296	0	
29.0261	-5.1564	194.437	0	
29.4045	-5.30748	194.553	0	
23.26	-7.03539	201.286	0	
24.5972	-8.35363	204.629	0	
26.5211	-6.38412	198.542	0	
25.8581	-6.6223	199.379	0	
24.8922	-7.86304	202.019	0	
26.5785	-7.99408	203.82	0	
28.9987	-6.46303	200.126	0	
29.7988	-7.42999	207.546	0	
28.6042	-6.37925	198.202	0	
28.5125	-7.14069	202.473	0	
29.1984	-6.81231	201.302	0	
28.9402	-7.19675	204.901	0	
30.1857	-6.39495	200.689	0	
30.4559	-5.76779	197.505	0	
29.3701	-4.16541	192.927	0	
28.4433	-3.85074	194.085	0	
24.7819	-8.96116	204.559	0	
26.1969	-8.13659	205.13	0	
26.065	-7.57906	202.364	0	
25.8779	-7.87774	203.211	0	
30.09	-7.66851	209.194	0	
30.5249	-7.05999	205.684	0	
30.2139	-6.81217	204.108	0	
31.0125	-6.642	204.039	0	
29.6829	-3.97296	193.983	0	
29.3642	-3.29471	195.743	0	
27.9394	-4.61702	193.463	0	
28.7035	-4.57293	193.435	0	
26.9465	-8.10097	206.309	0	
27.0491	-7.4558	203.228	0	
25.5005	-7.71779	202.247	0	
25.5873	-8.60816	204.853	0	
30.0272	-8.04189	211.902	0	
30.658	-7.89577	211.803	0	
30.8565	-6.27372	200.881	0	
30.9025	-6.96487	206.102	0	
30.009	-4.14021	193.488	0	
30.0899	-3.53845	195.53	0	
27.0473	-8.53058	207.609	0	
27.7265	-8.27075	207.254	0	
27.2904	-7.08722	200.722	0	
26.6757	-6.78126	199.111	0	
29.5732	-8.10703	209.935	0	
30.2418	-8.62079	217.806	0	
32.008	-6.18454	203.245	0	
31.4983	-5.52969	198.641	0	
31.1861	-7.32891	209.069	0	
31.415	-6.685	204.522	0	
30.0292	-4.50485	193.799	0	
30.6784	-4.43989	194.146	0	
26.5698	-8.85824	208.267	0	
27.4736	-9.37309	213.761	0	
28.1003	-8.31883	210.13	0	
28.2451	-7.54994	205.257	0	
31.0052	-7.79397	212.011	0	
32.0707	-7.41109	210.566	0	
31.5169	-7.26308	209.352	0	
31.7379	-7.52967	210.723	0	
29.7041	-4.71248	193.335	0	
30.1046	-5.23382	194.95	0	
31.0733	-4.94686	195.548	0	
31.0306	-3.94572	195.081	0	
28.2528	-8.67057	209.855	0	
28.8197	-8.3846	209.521	0	
31.2261	-8.05136	214.615	0	
31.3125	-8.42742	217.258	0	
30.1175	-5.62286	196.918	0	
30.7826	-5.53031	197.605	0	
31.8878	-4.9729	197.286	0	
31.3034	-4.30526	193.88	0	
28.041	-8.97607	213.365	0	
28.8841	-9.1701	215.006	0	
29.3274	-8.40127	214.141	0	
29.4106	-7.69746	209.238	0	
31.1895	-5.73003	198.096	0	
31.4135	-5.11327	196.107	0	
27.6159	-8.98026	210.848	0	
27.8762	-9.70664	214.935	0	
27.5718	-10.1794	217.264	0	
28.5932	-10.8679	222.597	0	
23.1251	-8.50367	201.857	0	
24.0527	-8.24061	202.172	0	
26.0689	-9.70651	211.811	0	
26.404	-10.2052	211.856	0	
144.409	-1.59096	206.738	0	
144.097	-1.28811	206.854	0	
-109.851	-3.04679	188.379	0	
-109.165	-3.44616	186.767	0	
-109.997	-0.301554	196.554	0	
-109.062	-0.116803	191.696	0	
-109.479	-0.479166	194.485	0	
-109.056	-0.916884	193.52	0	
-109.479	-0.24556	190.509	0	
-109.271	-0.479166	191.583	0	
-109.271	-0.24556	193.559	0	
-108.743	-0.899036	193.706	0	
-108.806	-0.596974	193.523	0	
-128.275	-1.64328	208.122	0	
-128.01	-2.23618	199.609	0	
-128.048	-2.68115	194.845	0	
-127.34	-2.55847	196.48	0	
-128.971	-3.39147	189.4	0	
-129.062	-3.78281	187.987	0	
-126.949	-2.66109	194.32	0	
-127.023	-2.02815	201.316	0	
-126.786	-3.12131	192.013	0	
-126.12	-2.75645	195.127	0	
-125.639	-2.60702	196.407	0	
-125.905	-2.05231	202.593	0	
150.754	-0.938054	214.908	0	
149.928	-1.10106	213.108	0	
149.633	-1.5275	210.338	0	
149.875	-1.76978	209.916	0	
149.317	-1.62738	209.419	0	
149.763	-2.02426	209.02	0	
149.948	-2.28394	208.706	0	
150.236	-1.84603	210.411	0	
149.45	-2.55488	207.074	0	
150.359	-2.73243	207.822	0	
149.422	-3.1463	205.889	0	
150.003	-2.81997	207.352	0	
150.543	-3.03609	208.04	0	
150.835	-2.34742	209.16	0	
149.262	-2.20506	206.834	0	
148.767	-2.53193	204.929	0	
149.233	-3.47538	204.642	0	
149.812	-3.65064	206.104	0	
148.137	-2.14384	204.282	0	
148.882	-3.48584	204.426	0	
148.741	-3.14475	203.738	0	
148.926	-4.27076	204.392	0	
150.143	-3.96743	206.45	0	
150.36	-3.35744	207.041	0	
147.557	-2.58972	202.427	0	
148.146	-2.86008	202.822	0	
148.316	-3.16082	203.384	0	
147.657	-3.70081	201.965	0	
149.856	-4.33593	206.74	0	
150.949	-3.59552	208.47	0	
150.447	-3.80097	207.351	0	
150.746	-3.93155	207.924	0	
150.941	-4.31928	209.056	0	
152.15	-3.42829	210.81	0	
148.236	-4.82809	203.461	0	
149.766	-5.22015	207.353	0	
150.125	-4.82518	207.05	0	
152.249	-4.47307	213.025	0	
151.374	-4.15369	209.549	0	
151.63	-4.52778	210.489	0	
149.29	-6.05898	207.907	0	
150.912	-6.00656	211.274	0	
146.24	-0.396782	218.647	0	
145.334	-0.1895	219.714	0	
146.481	-1.01784	212.086	0	
146.823	-0.429587	213.432	0	
147.154	-0.199537	221.589	0	
145.8	-0.712504	217.257	0	
-18.1599	-2.8773	195.542	0	
-17.4279	-2.75698	196.903	0	
-18.5779	-3.02175	191.917	0	
-17.9755	-3.42517	188.17	0	
-18.9877	-3.55792	186.238	0	
-17.8097	-3.99237	183.883	0	
-17.7336	-3.66203	185.391	0	
-17.5618	-3.0528	191.049	0	
-19.357	-3.47347	190.381	0	
-19.0695	-4.6577	184.791	0	
-18.8021	-3.94696	185.421	0	
-19.1483	-4.22565	184.947	0	
-18.152	-4.14881	183.517	0	
-16.7142	-3.91795	183.067	0	
-18.1664	-4.57417	183.657	0	
-17.8149	-4.72741	182.853	0	
-16.2223	-3.29089	192.019	0	
-17.2493	-3.35361	188.261	0	
-19.337	-2.98585	191.955	0	
-20.0971	-3.52205	189.673	0	
-16.3335	-2.88892	193.094	0	
-16.845	-3.31488	189.152	0	
-20.5302	-3.82626	185.962	0	
-20.518	-4.27146	186.871	0	
-16.0051	-2.30985	206.34	0	
-16.9037	-2.34592	201.347	0	
-21.1668	-4.73327	191.151	0	
-20.252	-5.08519	193.128	0	
-19.9747	-4.73333	188.331	0	
-18.633	-5.4294	189.243	0	
-17.685	-5.21316	185.662	0	
-15.2579	-4.71229	178.511	0	
-18.1244	-5.63855	188.897	0	
-18.071	-6.2231	199.465	0	
-17.1189	-5.27918	182.368	0	
-16.9321	-5.84457	187.986	0	
-16.4887	-1.87406	212.085	0	
-16.2782	-2.51026	201.415	0	
-20.0353	-5.57393	196.988	0	
-19.5256	-4.91278	189.002	0	
-20.4239	-6.03871	210.745	0	
-18.4559	-7.89404	244.282	0	
-31.6936	-1.72674	200.916	0	
-32.1223	-1.55101	203.673	0	
-34.1824	-2.12121	194.306	0	
-34.669	-1.50045	206.032	0	
-46.25	-0.303134	182.182	0	
-45.625	-0.239636	176.944	0	
-45.625	-0.479272	186.39	0	
-45.3337	-0.732558	185.115	0	
-45	-0.300263	186.799	0	
5	-0.303134	172.188	0	
5.625	-0.239636	165.426	0	
5.625	-0.479272	171.539	0	
4.72701	-0.896046	179.28	0	
5.31268	-0.974746	178.198	0	
5.91515	-0.735914	173.648	0	
6.25	-0.303134	171.76	0	
-126.219	-2.04714	203.714	0	
-125.769	-1.6819	208.05	0	
6.99294	-2.01195	189.718	0	
8.35267	-2.00718	189.011	0	
7.58115	-3.12521	201.982	0	
7.99085	-2.21658	195.145	0	
6.58431	-2.33957	193.849	0	
7.30068	-2.53393	195.536	0	
8.06954	-3.99517	208.381	0	
7.98779	-2.62296	196.307	0	
7.15289	-3.32501	202.866	0	
7.76119	-3.43672	204.804	0	
6.92227	-3.94625	208.31	0	
7.18271	-4.14831	208.99	0	
6.57994	-4.17137	209.419	0	
6.56519	-4.56923	210.466	0	
7.72704	-5.09937	212.485	0	
7.49663	-3.99136	208.279	0	
8.14316	-5.37502	213.754	0	
8.20437	-4.59404	210.723	0	
8.47066	-4.85636	212.924	0	
8.3293	-4.2436	210.8	0	
8.83243	-4.7759	211.381	0	
8.64945	-4.16008	209.44	0	
8.93988	-3.83458	207.812	0	
8.05666	-3.5861	206.527	0	
9.11496	-4.9542	212.483	0	
9.47559	-4.52607	211.01	0	
9.10911	-5.2907	212.158	0	
9.53791	-5.39043	212.838	0	
9.78289	-4.39801	209.563	0	
9.66166	-3.85612	206.748	0	
8.80872	-5.45442	213.523	0	
9.17752	-6.00615	212.993	0	
10.4176	-5.40455	211.675	0	
10.3329	-5.07783	211.437	0	
10.0495	-4.54393	210.345	0	
10.7356	-3.68319	205.266	0	
9.77608	-3.34421	203.481	0	
8.99604	-3.4881	204.284	0	
8.45281	-5.19839	212.255	0	
8.20553	-5.80642	212.004	0	
8.84421	-6.52179	211.82	0	
9.53209	-6.59261	211.383	0	
10.0737	-4.9337	211.359	0	
10.5709	-4.44624	209.608	0	
10.3088	-4.30248	208.914	0	
10.8422	-4.29221	208.413	0	
10.3478	-5.73527	211.546	0	
10.7993	-5.33627	211.307	0	
10.8904	-3.39433	201.965	0	
10.3442	-2.94812	198.754	0	
10.6728	-5.9846	211.585	0	
10.9703	-5.67469	211.614	0	
11.9261	-5.28587	209.82	0	
11.4054	-4.42571	208.288	0	
10.2846	-6.63624	210.895	0	
11.1156	-6.66438	210.107	0	
6.17935	-4.89878	211.992	0	
6.80981	-5.36635	212.444	0	
7.9089	-5.99432	213.297	0	
8.22019	-6.52056	211.937	0	
11.2241	-3.38553	201.83	0	
11.0496	-2.88001	197.209	0	
11.3972	-3.64118	203.598	0	
11.7202	-3.1596	200.508	0	
11.2543	-3.92624	205.915	0	
11.8192	-4.06668	205.388	0	
10.9265	-3.95944	206.056	0	
11.0972	-4.52474	209.055	0	
12.2049	-4.19285	206.754	0	
13.0732	-2.97469	196.994	0	
11.1414	-4.85426	209.916	0	
11.458	-4.97004	209.81	0	
12.5216	-3.94024	204.308	0	
12.8978	-3.93729	204.092	0	
11.5717	-5.32394	210.639	0	
11.9494	-4.82908	209.215	0	
7.1262	-5.79639	213.157	0	
7.39676	-5.26042	213.275	0	
7.51624	-5.72397	212.408	0	
7.44649	-7.0305	207.463	0	
8.22729	-6.9252	208.44	0	
9.4674	-6.93148	209.262	0	
12.261	-2.33769	192.86	0	
12.504	-3.32194	199.809	0	
13.0951	-4.26138	205.878	0	
14.3665	-3.73345	202.587	0	
7.15765	-6.28172	211.234	0	
5.39774	-6.48204	209.456	0	
7.8148	-7.22016	209.427	0	
7.81102	-7.69497	204.48	0	
8.53319	-7.09504	209.475	0	
9.13774	-7.05699	209.116	0	
11.833	-2.46436	193.982	0	
11.9155	-2.91179	196.61	0	
12.6632	-4.82637	208.835	0	
13.9458	-4.62271	206.778	0	
13.4993	-3.58882	201.857	0	
13.6943	-3.91231	203.786	0	
8.59559	-7.51382	206.188	0	
9.19442	-7.72474	205.593	0	
10.1672	-7.08226	208.694	0	
9.92891	-6.40007	210.735	0	
12.6277	-5.29711	209.009	0	
13.2751	-4.96593	208.308	0	
14.0792	-4.08156	204.4	0	
13.465	-4.25486	205.603	0	
8.98374	-7.46825	207.321	0	
9.74679	-7.18496	208.437	0	
10.3062	-7.7826	205.298	0	
11.2389	-7.1488	207.943	0	
12.204	-5.50512	210.682	0	
12.9132	-5.89981	208.959	0	
8.55526	-8.25144	201.909	0	
9.83462	-8.34106	201.532	0	
11.6506	-6.04338	210.667	0	
11.6209	-6.42943	209.75	0	
13.1855	-6.64588	208.038	0	
13.6341	-5.99505	208.511	0	
12.6412	-7.18136	207.055	0	
12.5156	-6.44243	208.743	0	
14.3261	-6.88433	207.1	0	
14.401	-5.8998	208.356	0	
10.9554	-7.41085	207.1	0	
12.1681	-7.07709	207.914	0	
12.8686	-7.67206	205.514	0	
13.4474	-6.97433	207.949	0	
14.0238	-6.21272	208.552	0	
14.1198	-5.49493	208.01	0	
12.0236	-7.86717	204.625	0	
13.7188	-8.69579	199.065	0	
8.29913	-2.79588	200.322	0	
8.32062	-3.27923	202.707	0	
9.01666	-2.07884	191.258	0	
8.62228	-2.58155	195.902	0	
4.59456	-7.22575	204.533	0	
6.33503	-8.28329	201.815	0	
6.77702	-7.84977	201.743	0	
8.51036	-8.70913	198.401	0	
13.6743	-3.25484	199.63	0	
14.1567	-3.23022	199.03	0	
13.4846	-2.19761	191.162	0	
12.9158	-2.67949	195.294	0	
8.98631	-9.12218	197.529	0	
9.46314	-8.50411	201.731	0	
10.2239	-8.60555	201.17	0	
10.7051	-8.05423	204.409	0	
13.9185	-6.70218	207.489	0	
15.2675	-6.70276	206.995	0	
6.77385	-9.16104	192.269	0	
7.7427	-9.71765	191.555	0	
8.93887	-9.57051	192.708	0	
9.68217	-9.73752	192.613	0	
10.1925	-9.07664	196.764	0	
11.0122	-9.19674	196.547	0	
11.1364	-7.86357	204.453	0	
10.4738	-7.36473	207.177	0	
15.3776	-5.94504	207.334	0	
14.825	-6.04583	208.149	0	
8.54662	-9.76143	191.912	0	
7.82965	-10.3715	187.15	0	
10.0557	-10.0499	191.28	0	
10.5817	-9.3792	196.254	0	
11.4146	-9.49933	196.13	0	
12.6653	-8.77579	198.706	0	
11.619	-8.13013	204.009	0	
11.8245	-7.33856	206.897	0	
8.1338	-9.47571	194.337	0	
8.38741	-10.6175	185.187	0	
9.21033	-10.3479	188.979	0	
8.71328	-10.2493	188.18	0	
9.54717	-10.7068	187.246	0	
10.5667	-10.6879	188.273	0	
11.4045	-10.0355	191.822	0	
12.2777	-9.84232	193.091	0	
12.5947	-8.09639	203.753	0	
11.5867	-8.60944	200.325	0	
8.0501	-8.87173	198.105	0	
7.34263	-9.25598	195.689	0	
9.75996	-11.6921	179.526	0	
10.8453	-11.1186	183.654	0	
6.17056	-11.2459	179.018	0	
7.06503	-12.0003	174.914	0	
12.4298	-10.7654	188.593	0	
11.8426	-10.2158	191.849	0	
12.8032	-10.4605	189.889	0	
13.0781	-9.06702	199.362	0	
13.6099	-10.3553	191.569	0	
13.0795	-9.68931	194.32	0	
11.9143	-10.6796	187.82	0	
12.5082	-11.2084	186.126	0	
14.1179	-10.5654	191.166	0	
14.0432	-9.73811	195.267	0	
11.5577	-11.1141	186.794	0	
13.0862	-11.7986	183.975	0	
14.1948	-11.04	188.818	0	
13.3018	-11.082	187.151	0	
13.7452	-11.2764	187.008	0	
15.4428	-9.84848	194.821	0	
11.9784	-11.4373	183.882	0	
11.6188	-12.3139	179.631	0	
13.6059	-12.9152	180.248	0	
14.6411	-11.2793	187.283	0	
11.25	-0.303134	165.769	0	
11.875	-0.239636	165.917	0	
11.875	-0.479272	172.119	0	
10.977	-0.896046	173.385	0	
11.5605	-0.974746	174.892	0	
12.1663	-0.732589	174.375	0	
12.5	-0.300274	176.469	0	
-30.3862	-1.84002	198.469	0	
-30.9065	-1.28572	208.099	0	
-105.513	-2.01527	189.111	0	
-104.189	-1.99882	187.923	0	
-105.137	-3.16451	184.843	0	
-104.507	-2.21678	188.846	0	
-105.797	-2.22193	188.225	0	
-105.201	-2.53997	186.203	0	
-104.352	-3.23945	184.832	0	
-104.552	-2.59287	185.596	0	
-106.108	-2.19037	187.969	0	
-106.009	-2.71355	186.123	0	
-106.343	-1.83588	189.505	0	
-106.986	-2.43075	187.576	0	
-106.424	-3.08488	185.114	0	
-106.09	-3.03263	185.37	0	
-106.958	-2.79039	185.417	0	
-106.504	-2.50204	186.48	0	
-106.37	-3.71915	186.327	0	
-105.521	-3.13808	185.249	0	
-107.257	-3.11421	185.934	0	
-106.575	-3.37282	185.809	0	
-105.959	-3.69535	186.16	0	
-105.257	-4.0602	188.932	0	
-103.927	-3.5522	185.631	0	
-103.679	-2.98305	185.41	0	
-106.61	-4.06234	188.749	0	
-106.374	-4.45814	191.896	0	
-103.275	-2.84833	185.088	0	
-103.557	-2.13714	187.929	0	
-106.979	-3.99895	187.097	0	
-107.295	-4.67072	194.107	0	
-106.583	-5.63228	209.827	0	
-104.917	-5.2235	200.25	0	
-107.247	-3.68959	187.236	0	
-107.616	-3.82109	187.743	0	
-108.036	-3.71374	186.604	0	
-108.275	-3.95042	189.117	0	
-107.96	-5.04027	200.277	0	
-107.226	-4.25705	190.726	0	
-109.024	-3.7573	189.185	0	
-108.832	-4.28275	191.054	0	
-107.519	-5.63962	212.993	0	
-107.028	-4.91944	199.489	0	
-109.364	-4.04908	189.385	0	
-109.464	-4.79541	196.788	0	
-108.636	-5.09613	201.766	0	
-108.314	-4.52286	194.223	0	
-108.853	-4.85835	197.245	0	
-108.673	-4.53573	194.298	0	
-108.951	-5.69389	213.437	0	
-107.958	-5.42566	204.198	0	
-109.075	-6.2907	226.079	0	
-108.234	-6.2174	225.909	0	
-105.893	-6.27728	229.215	0	
-105.377	-5.49148	210.847	0	
-105.615	-4.76261	196.616	0	
-105.781	-5.22172	199.329	0	
-107.77	-6.51663	231.676	0	
-106.479	-6.09314	221.501	0	
-104.496	-5.35538	204.331	0	
-104.489	-4.52348	192.587	0	
-104.389	-5.83271	216.134	0	
-103.608	-5.38871	202.664	0	
-104.425	-4.08012	187.896	0	
-104.899	-3.80797	185.84	0	
-104.811	-6.18452	223.752	0	
-104.329	-7.01095	243.393	0	
-131.057	-2.03708	207.948	0	
-130.376	-1.94466	206.319	0	
138.149	-1.51865	204.308	0	
137.245	-1.64067	205.157	0	
137.685	-2.05114	203.149	0	
137.572	-1.74988	202.557	0	
-95.7765	-3.36235	186.126	0	
-96.2202	-3.64372	186.792	0	
-95.3979	-4.37651	193.392	0	
-95.0688	-3.74583	187.638	0	
130.197	-1.7674	203.076	0	
129.658	-1.63058	204.476	0	
129.972	-2.57826	202.592	0	
130.031	-2.01231	202.929	0	
130.496	-1.78973	203.698	0	
130.234	-1.26672	205.331	0	
130.123	-2.9574	201.303	0	
130.717	-2.64354	201.502	0	
130.657	-2.06401	201.871	0	
131.063	-1.68727	201.815	0	
130.509	-2.35532	202.868	0	
131.078	-2.58997	202.417	0	
131.429	-1.52261	203.707	0	
131.535	-1.0946	201.885	0	
131.317	-2.83086	201.552	0	
131.553	-2.28379	201.851	0	
131.207	-3.20349	202.338	0	
131.982	-3.2122	202.189	0	
130.792	-3.31238	201.388	0	
131.046	-4.01253	201.802	0	
-70	-0.289266	196.051	0	
-69.0625	-0.120278	190.826	0	
-69.6875	-0.120278	192.041	0	
-69.0833	-0.733733	191.591	0	
-69.375	-0.240555	189.156	0	
-159.561	-0.859719	131.923	0	
-159.026	-0.298492	147.776	0	
-159.338	-0.488539	120.707	0	
-160.649	-0.717766	101.612	0	
-160.96	-1.03259	101.669	0	
-160.359	-0.914741	109.54	0	
-160.314	-0.181653	105.225	0	
-160.619	-0.355858	104.381	0	
-160.93	-0.174205	94.5557	0	
-161.334	-0.422443	96.7472	0	
-161.863	-0.248238	82.3927	0	
-162.513	-0.678937	84.2431	0	
23.8285	-0.395397	181.062	0	
24.6875	-0.116803	188.791	0	
24.2708	-0.479166	187.455	0	
24.638	-0.620842	193.663	0	
24.2708	-0.24556	190.484	0	
24.4792	-0.479166	191.747	0	
24.4792	-0.24556	186.181	0	
24.5753	-0.919845	195.691	0	
25.3832	-1.01221	203.125	0	
24.1825	-0.928007	191.125	0	
24.2267	-1.60102	195.23	0	
24.8544	-1.05118	199.448	0	
25.2644	-1.32057	201.679	0	
-139.806	-2.58979	195.258	0	
-138.926	-2.81026	193.749	0	
-140.232	-2.46659	196.015	0	
-140.09	-3.59411	187.314	0	
-139.738	-3.77645	187.728	0	
-139.403	-3.51251	188.485	0	
-126.25	-0.303574	226.169	0	
-125.729	-0.255532	228.242	0	
-125.938	-0.120258	225.309	0	
-125.317	-0.724259	223.252	0	
-125.312	-0.120258	231.726	0	
-125.521	-0.496049	226.065	0	
-125.521	-0.255532	227.301	0	
-123.556	-2.58992	193.432	0	
-122.864	-2.82992	191.531	0	
-123.98	-2.46554	195.782	0	
-123.817	-3.22047	189.137	0	
-122.565	-2.99227	189.403	0	
-122.488	-2.43744	193.216	0	
-122.514	-3.31514	188.686	0	
-121.96	-3.26064	188.625	0	
-122.804	-3.55941	187.344	0	
-121.514	-4.45374	190.706	0	
-121.572	-3.71111	188.25	0	
-121.637	-2.79954	190.368	0	
-123.187	-3.08803	188.212	0	
-122.417	-5.24474	199.932	0	
-122.58	-3.89237	188.141	0	
-123.059	-4.36792	188.549	0	
-120.969	-3.6285	188.317	0	
-121.392	-3.09717	188.826	0	
-121.85	-3.94298	188.008	0	
-121.826	-4.32708	190.365	0	
-120.645	-3.77367	187.669	0	
-120.689	-2.97853	190.235	0	
-122.124	-4.99516	196.189	0	
-120.787	-4.4169	189.85	0	
-123.901	-3.59034	189.246	0	
-123.178	-3.49465	189.276	0	
-124.306	-3.63457	189.613	0	
-124.318	-4.31928	191.129	0	
-122.609	-4.27972	190.052	0	
-123.054	-4.74152	194.458	0	
-120.497	-4.20355	189.944	0	
-120.066	-4.32213	189.449	0	
-121.13	-5.72831	209.667	0	
-120.37	-5.01692	197.076	0	
-124.485	-4.79214	194.201	0	
-124.085	-5.15843	195.146	0	
-122.328	-5.69116	206.412	0	
-121.622	-5.5721	203.317	0	
-122.665	-5.94462	211.979	0	
-122.067	-6.36138	220.709	0	
-121.064	-6.36502	222.192	0	
-119.605	-5.75726	209.482	0	
-124.023	-5.57842	206.246	0	
-122.79	-5.08906	197.164	0	
-123.102	-5.68576	205.55	0	
-123.026	-6.57619	228.404	0	
-119.006	-0.146737	207.358	0	
-117.812	-0.120278	214.79	0	
-118.438	-0.120278	211.095	0	
-118.998	-0.653473	207.331	0	
-118.693	-0.604564	207.821	0	
-117.833	-0.733733	212.424	0	
-119.207	-0.315925	202.843	0	
-118.125	-0.240555	220.173	0	
-119.899	-2.60779	190.869	0	
-119.854	-1.94745	197.119	0	
98.75	-0.297247	191.945	0	
99.6875	-0.116803	198.134	0	
99.2708	-0.479166	193.834	0	
98.4773	-0.890986	194.813	0	
99.0352	-0.9972	195.465	0	
99.6945	-0.916884	195.111	0	
99.2708	-0.24556	195.083	0	
99.4792	-0.479166	194.851	0	
99.4792	-0.24556	194.42	0	
100.007	-0.899036	197.401	0	
99.9438	-0.596974	192.932	0	
-89.8027	-1.7674	187.053	0	
-90.3419	-1.63058	186.788	0	
-89.9416	-2.5362	183.243	0	
-89.9695	-2.01231	185.525	0	
-89.4501	-1.89976	186.776	0	
-89.7665	-1.26672	190.04	0	
-89.9103	-3.73914	185.163	0	
-89.8466	-4.60739	196.095	0	
-88.8936	-4.52335	190.194	0	
-89.154	-4.10227	186.734	0	
-88.7251	-4.74019	200.485	0	
-88.3784	-4.33043	192.01	0	
-88.8445	-5.04621	200.017	0	
-88.2367	-5.05818	198.71	0	
-88.127	-4.11461	186.843	0	
-88.5334	-3.8287	186.579	0	
-89.2398	-5.1203	205.707	0	
-89.4141	-5.46457	210.452	0	
-89.9488	-5.43192	217.03	0	
-89.4401	-6.1306	228.266	0	
-109.223	-1.56395	192.992	0	
-109.223	-1.1294	194.531	0	
-104.867	-1.62539	193.769	0	
-105.001	-0.795387	192.339	0	
-95.2737	-2.75164	184.663	0	
-95.7853	-2.33906	185.341	0	
-84.3186	-3.73782	183.313	0	
-83.7012	-3.27711	182.339	0	
-16.6686	-1.63184	218.911	0	
-17.6625	-1.20224	226.849	0	
-16.9603	-1.01245	234.239	0	
-17.0293	-1.62435	218.964	0	
-17.3016	-2.18747	206.173	0	
-17.6126	-2.44208	200.095	0	
-30.16	-1.35895	206.7	0	
-30.0652	-2.09605	192.876	0	
-30.5741	-2.37914	190.81	0	
-29.6245	-2.74791	185.915	0	
-30.9212	-3.31849	182.776	0	
-30.032	-2.74001	186.034	0	
-29.6115	-3.48697	183.32	0	
-28.6852	-2.23058	191.682	0	
-30.3255	-3.73369	184.445	0	
-30.2366	-3.05472	183.859	0	
-30.2649	-4.16859	189.764	0	
-29.006	-3.99093	187.575	0	
-29.4702	-3.83136	184.713	0	
-28.691	-3.82007	185.374	0	
-30.7636	-2.65528	186.425	0	
-30.7124	-2.03433	194.481	0	
-77.5	-0.30146	193.983	0	
-76.9792	-0.255532	192.57	0	
-77.1875	-0.120258	193.685	0	
-76.567	-0.724259	195.578	0	
-76.5625	-0.120258	193.252	0	
-76.7708	-0.496049	193.149	0	
-76.7708	-0.255532	194.804	0	
-16.2951	-0.989755	241.773	0	
-15.6882	-0.389952	237.422	0	
-35.2062	-2.18217	190.962	0	
-34.9812	-2.90777	184.547	0	
7.63263	-1.62248	189.966	0	
7.49916	-0.79641	173.314	0	
18.4711	-0.927894	184.86	0	
19.0409	-1.27751	190.441	0	
150.904	-0.626353	215.096	0	
150.763	-0.327861	216.441	0	
150.515	-0.274948	216.252	0	
151.184	-0.663484	215.391	0	
150.977	-0.142296	215.929	0	
151.314	-0.897365	213.653	0	
151.524	-0.388164	215.38	0	
151.184	-1.11973	213.372	0	
151.535	-1.37815	211.877	0	
150.904	-1.19755	213.218	0	
150.763	-1.56721	212.212	0	
150.312	-0.0893819	217.159	0	
149.747	-0.323009	215.366	0	
149.463	-0.895475	211.516	0	
150.114	-0.545416	215.578	0	
149.665	-1.23408	212.292	0	
149.89	-0.754526	214.036	0	
146.033	-2.05986	204.95	0	
146.444	-2.20548	203.84	0	
145.532	-2.68104	201.1	0	
146.503	-2.62926	202.301	0	
145.501	-3.21849	200.094	0	
146.158	-2.81349	201.24	0	
146.834	-2.83561	201.286	0	
147.074	-1.97034	204.617	0	
145.173	-3.44213	198.53	0	
145.86	-3.84096	199.181	0	
146.685	-3.46611	199.77	0	
147.663	-2.93189	202.784	0	
144.668	-3.20678	199.854	0	
144.801	-4.06517	197.695	0	
146.18	-4.06281	199.232	0	
146.686	-3.88533	200.06	0	
147.438	-4.08962	201.099	0	
147.438	-3.3158	201.227	0	
143.745	-3.40359	198.311	0	
143.626	-3.83644	197.76	0	
144.752	-4.60223	197.877	0	
145.587	-4.89369	198.743	0	
146.144	-4.46948	199.23	0	
146.997	-4.11849	200.293	0	
147.549	-4.52259	201.505	0	
148.28	-3.98222	202.764	0	
143.234	-4.11069	196.969	0	
143.674	-4.70175	197.156	0	
144.042	-4.42815	197.483	0	
143.405	-5.47521	197.702	0	
145.69	-4.4743	198.978	0	
146.801	-4.50521	200.451	0	
147.195	-4.7457	201.146	0	
148.038	-5.32737	203.628	0	
146.412	-5.10342	200.293	0	
146.756	-5.33378	201.596	0	
142.448	-3.68233	197.653	0	
142.517	-4.74537	196.816	0	
143.759	-5.20911	197.515	0	
144.386	-4.78374	197.615	0	
145.11	-5.67645	198.828	0	
145.669	-5.76991	200.881	0	
146.747	-5.90149	201.8	0	
147.573	-5.45895	202.918	0	
148.396	-5.67611	205.252	0	
148.763	-4.71623	204.048	0	
141.967	-3.814	197.244	0	
142.435	-4.3836	196.708	0	
142.193	-5.14865	196.812	0	
142.526	-5.4386	197.311	0	
143.423	-5.88767	198.4	0	
144.578	-5.75506	199.069	0	
146.073	-6.12748	201.748	0	
147.616	-7.46798	206.981	0	
141.424	-3.76029	197.165	0	
141.35	-5.42577	197.083	0	
141.648	-5.07839	196.606	0	
141.559	-6.01506	197.579	0	
142.988	-6.05399	198.628	0	
142.973	-5.24602	197.259	0	
142.378	-6.74177	198.922	0	
144.435	-6.19386	199.369	0	
141.123	-4.2419	196.721	0	
140.544	-4.26451	196.594	0	
142.247	-7.92193	202.347	0	
143.862	-7.42048	201.911	0	
143.517	-6.75951	200.547	0	
144.578	-7.41147	202.319	0	
135.345	-1.28911	203.744	0	
135.435	-1.89727	202.072	0	
113.75	-0.289266	184.89	0	
114.688	-0.120278	188.357	0	
114.062	-0.120278	187.385	0	
114.667	-0.733733	191.425	0	
114.375	-0.240555	184.289	0	
111.329	-0.395397	175.536	0	
112.188	-0.116803	182.057	0	
111.771	-0.479166	180.182	0	
112.138	-0.620842	186.44	0	
111.771	-0.24556	181.746	0	
111.979	-0.479166	182.777	0	
111.979	-0.24556	179.339	0	
112.075	-0.919845	187.396	0	
112.883	-1.01221	189.816	0	
111.682	-0.928007	185.298	0	
111.727	-1.60102	191.58	0	
112.354	-1.05118	190.651	0	
112.764	-1.32057	192.656	0	
110.918	-1.87434	194.544	0	
110.39	-1.41398	191.206	0	
67.633	-2.68028	205.748	0	
67.3406	-2.08933	206.034	0	
105.057	-0.263919	189.649	0	
105.938	-0.116803	181.629	0	
105.521	-0.479166	181.865	0	
104.744	-0.147115	196.615	0	
104.586	-0.611074	191.319	0	
105.792	-0.890383	186.746	0	
105.521	-0.24556	181.675	0	
105.729	-0.479166	182.552	0	
105.729	-0.24556	180.181	0	
106.257	-0.899036	186.744	0	
106.194	-0.596974	184.585	0	
55.6787	-4.67395	228.656	0	
56.9305	-5.48979	234.34	0	
46.2244	-9.5361	183.62	0	
46.7443	-9.68542	178.531	0	
46.3128	-10.5495	162.424	0	
46.957	-10.6291	160.88	0	
47.8946	-11.4938	135.542	0	
49.1685	-11.2204	145.472	0	
45.9474	-11.1411	151.44	0	
47.0791	-11.1648	144.796	0	
40.8247	-9.27856	208.339	0	
42.1876	-8.8759	207.998	0	
52.8464	-8.29691	213.777	0	
52.3582	-7.35017	226.55	0	
-5.71298	-5.1896	193.833	0	
-5.19852	-5.16693	196.014	0	
-4.65513	-5.48447	196.989	0	
-4.6372	-4.54495	201.196	0	
-5.18333	-7.09197	179.023	0	
-3.11188	-5.56258	201.231	0	
-8.47667	-7.04492	174.593	0	
-8.25012	-6.11815	179.325	0	
59.9394	-6.2604	234.612	0	
60.181	-6.69384	231.462	0	
-22.2385	-6.92907	242.82	0	
-22.3346	-6.00731	218.241	0	
-22.0509	-6.4302	227.365	0	
-20.5994	-5.03067	191.483	0	
-20.8989	-7.09604	243.498	0	
-20.907	-5.85738	206.331	0	
-21.2167	-5.16	195.868	0	
-20.8658	-5.33807	199.618	0	
153.828	-5.538	217.8	0	
154.072	-4.75222	217.457	0	
155.146	-5.92514	221.795	0	
155.893	-5.21926	223.072	0	
105.936	-5.93319	195.521	0	
107.096	-5.8439	198.314	0	
104.288	-7.0973	191.797	0	
104.13	-8.14055	188.388	0	
-115.469	-6.45478	224.244	0	
-112.882	-7.88022	276.87	0	
38.921	-9.24775	217.213	0	
39.5586	-10.0135	210.32	0	
33.6072	-8.65744	222.73	0	
33.964	-8.16435	220.04	0	
3.33294	-7.14079	200.83	0	
3.23514	-8.32191	193.995	0	
5.66181	-6.94525	207.002	0	
5.22872	-5.51343	210.36	0	
6.35829	-6.94892	208.898	0	
6.08376	-5.93047	211.911	0	
-101.775	-6.18609	224.017	0	
-102.904	-7.71083	276.639	0	
-95.6194	-7.94372	297.079	0	
-93.0038	-7.59621	296.625	0	
-10.0559	-8.61271	178.749	0	
-8.01373	-8.26623	174.334	0	
-36.0371	-5.99939	239.089	0	
-35.2687	-6.7428	265.097	0	
133.442	-6.88259	204.94	0	
134.545	-7.32949	204.668	0	
-69.6725	-6.3618	242.26	0	
-68.4814	-7.06835	274.967	0	
125.466	-2.74782	196.4	0	
125.037	-3.3167	195.963	0	
125.636	-2.37777	196.601	0	
124.972	-2.26054	196.272	0	
124.756	-3.55982	196.226	0	
125.304	-4.0595	196.256	0	
124.351	-3.42563	196.477	0	
124.296	-4.13391	196.177	0	
124.371	-2.95635	196.397	0	
123.635	-3.56213	197.291	0	
124.088	-4.52703	196.745	0	
124.243	-4.84604	196.42	0	
123.497	-4.46904	196.803	0	
124.078	-5.24752	196.758	0	
125.154	-5.20743	197.296	0	
124.828	-4.54185	195.969	0	
123.721	-5.42705	197.203	0	
124.703	-5.14882	196.464	0	
123.21	-6.27222	197.987	0	
124.969	-6.1194	198.259	0	
125.358	-5.75716	197.132	0	
125.817	-4.91553	196.424	0	
123.198	-7.37023	199.929	0	
124.94	-6.9024	199.655	0	
126.223	-5.09556	198.282	0	
125.511	-3.81652	195.804	0	
126.746	-4.71267	197.126	0	
125.99	-3.92345	196.635	0	
125.804	-4.55358	196.757	0	
126.16	-4.29388	196.255	0	
-23.0042	-6.87558	239.269	0	
-24.0978	-6.35206	236.71	0	
-34.9317	-4.65108	198.705	0	
-34.7104	-5.21996	209.794	0	
-33.1118	-5.63472	220.307	0	
-33.3462	-5.02524	202.756	0	
86.0975	-4.33689	192.796	0	
85.2419	-4.99603	190.358	0	
86.4554	-6.50721	190.831	0	
87.3636	-6.70205	191.331	0	
-83.2445	-6.48472	240.669	0	
-83.1498	-7.53172	288.129	0	
81.1944	-5.12166	191.521	0	
80.4743	-4.51341	191.963	0	
80.7246	-5.32847	191.07	0	
80.3669	-4.98886	192.412	0	
79.6304	-6.47716	195.066	0	
79.756	-7.21981	200.035	0	
72.8449	-6.92151	212.789	0	
75.8445	-6.19803	203.014	0	
-12.385	-7.22499	181.449	0	
-10.4171	-7.31166	176.089	0	
-83.4769	-7.00713	260.064	0	
-83.5399	-5.97878	225.617	0	
-27.7012	-7.3095	289.737	0	
-27.359	-8.23158	336.618	0	
44.3681	-8.27435	207.758	0	
43.6208	-8.80944	202.455	0	
43.5898	-10.4178	180.922	0	
44.3849	-11.8833	149.117	0	
53.1765	-9.99879	170.177	0	
52.432	-9.26426	190.051	0	
53.7383	-11.5284	125.091	0	
54.3418	-10.8785	142.998	0	
66.6799	-6.95182	229.57	0	
68.4222	-7.50292	223.055	0	
2.52088	-7.43672	198.254	0	
1.7795	-7.82704	194.821	0	
0.683727	-9.22127	182.878	0	
1.2067	-9.23201	182.952	0	
131.207	-6.44601	204.566	0	
132.318	-7.29153	206.233	0	
-113.596	-6.92248	241.182	0	
-112.212	-8.20117	283.733	0	
-111.123	-7.97986	276.284	0	
-110.495	-8.70409	308.471	0	
-69.2533	-7.86744	293.466	0	
-68.6194	-9.15771	352.382	0	
-71.4394	-6.27786	239.134	0	
-71.852	-6.73996	250.757	0	
-59.2494	-7.21909	274.571	0	
-58.2215	-7.78255	288.634	0	
-52.7477	-11.8336	427.338	0	
-49.2011	-11.2473	421.054	0	
-49.5395	-8.60477	338.403	0	
-49.3543	-9.69741	369.153	0	
-48.3877	-10.1156	390.753	0	
-46.7039	-9.61445	371.444	0	
-62.0047	-8.31846	313.769	0	
-60.5811	-8.64062	318.037	0	
-59.7147	-7.89185	298.927	0	
-59.609	-6.75016	257.789	0	
-64.1707	-7.30461	272.378	0	
-63.8058	-7.78409	289.757	0	
-63.8109	-8.46209	322.787	0	
-62.9458	-7.86411	287.95	0	
104.88	-8.89326	187.79	0	
105.28	-7.18487	192.201	0	
-137.999	-7.9637	257.606	0	
-137.803	-8.97124	288.923	0	
48.68	-12.7396	104.31	0	
48.6571	-14.2015	77.0377	0	
50.9283	-14.6304	62.9502	0	
51.6471	-14.9632	60.3792	0	
-74.9742	-9.11405	370.952	0	
-75.0164	-8.48108	317.373	0	
-52.0012	-10.2838	392.218	0	
-51.5585	-11.6524	426.391	0	
-41.5415	-7.65704	299.081	0	
-41.3797	-6.64542	260.338	0	
-43.8269	-9.28906	359.415	0	
-43.9893	-9.8552	383.75	0	
-56.8132	-10.2298	389.034	0	
-55.5053	-10.2263	388.351	0	
101.297	-10.8896	183.086	0	
102.936	-10.9964	183.357	0	
36.6427	-10.4049	220.489	0	
36.0278	-10.6782	221.195	0	
37.6998	-10.7042	213.559	0	
38.4495	-9.50882	216.265	0	
52.8524	-14.3978	67.2029	0	
53.1226	-13.7109	75.6349	0	
139.073	-9.87289	207.541	0	
141.07	-10.6525	208.414	0	
-56.1082	-11.2945	413.562	0	
-55.3711	-11.4173	418.942	0	
96.8503	-10.4779	183.55	0	
96.4538	-9.66115	184.033	0	
140.672	-8.61775	203.712	0	
141.484	-9.47702	205.765	0	
143.133	-9.00285	205.455	0	
141.625	-8.13618	202.368	0	
142.08	-7.1825	200.824	0	
142.072	-6.1545	198.685	0	
95.5624	-10.2	185.149	0	
96.4277	-10.2726	184.028	0	
97.8645	-13.4638	189.525	0	
99.0205	-12.341	184.437	0	
99.9535	-12.71	184.446	0	
100.595	-11.8922	183.53	0	
-4.01501	-8.37419	177.745	0	
-3.77318	-9.5158	174.845	0	
135.061	-8.71629	207.171	0	
135.772	-9.83007	208.569	0	
-148.958	-11.2822	351.29	0	
-147.761	-11.358	357.513	0	
88.5885	-8.10758	193.214	0	
91.2481	-8.97368	191.786	0	
-153.495	-9.87704	281.141	0	
-152.187	-10.0593	294.552	0	
-148.626	-10.0541	319.963	0	
-148.266	-10.4733	336.162	0	
-146.999	-9.01031	292.412	0	
-146.838	-8.24948	270.869	0	
-138	-9.66562	309.938	0	
-136.451	-10.028	325.199	0	
-136.386	-10.6692	352.483	0	
-136.644	-11.8087	391.1	0	
-134.477	-11.413	375.748	0	
-133.457	-9.84135	318.85	0	
-12.639	-5.42307	179.394	0	
-12.8911	-5.81357	177.837	0	
-14.3952	-5.04344	179.684	0	
-14.7783	-5.74854	181.549	0	
19.9384	-5.58843	205.004	0	
20.4826	-7.06215	202.462	0	
22.2029	-7.0218	200.954	0	
23.0347	-7.95421	202.742	0	
22.7159	-8.89791	203.374	0	
22.7116	-9.66127	203.137	0	
25.5241	-9.65305	207.774	0	
25.4883	-10.6446	210.14	0	
26.6276	-11.2489	214.979	0	
27.7585	-10.703	218.681	0	
-127.514	-3.8591	189.093	0	
-127.122	-3.36204	189.535	0	
-127.51	-4.28005	189.847	0	
-127.053	-4.44258	191.197	0	
-127.916	-4.44038	190.575	0	
-127.554	-5.09089	197.75	0	
-126.349	-4.99435	195.356	0	
-125.917	-4.55492	190.867	0	
-128.169	-3.69157	188.121	0	
-128.496	-3.39565	190.292	0	
-128.802	-4.63642	192.357	0	
-128.042	-4.85294	193.317	0	
-128.424	-2.91526	191.757	0	
-128.712	-2.68343	195.263	0	
-129.209	-4.73707	190.442	0	
-129.067	-5.47228	197.587	0	
-129.521	-4.40603	189.862	0	
-130.054	-5.01909	194.448	0	
-129.265	-5.99447	211.555	0	
-128.917	-6.48776	214.205	0	
-18.6579	-6.77481	210.515	0	
-17.3731	-8.2557	237.154	0	
-16.4391	-4.20537	181.451	0	
-16.042	-4.9667	179.457	0	
-16.0148	-5.43525	184.219	0	
-15.2027	-5.18904	181.431	0	
-16.416	-5.89435	184.031	0	
-15.7841	-6.40828	188.108	0	
-14.8471	-6.56907	186.601	0	
-15.4791	-6.03686	185.249	0	
-20.3618	-6.63486	219.1	0	
-20.5265	-8.19349	278.61	0	
14.9523	-7.76167	204.914	0	
16.0359	-6.73001	206.272	0	
15.3383	-8.58451	200.309	0	
15.9722	-8.56607	201.42	0	
8.203	-14.3068	169.214	0	
11.1674	-13.2718	176.423	0	
12.7416	-12.1878	181.341	0	
12.0655	-11.9681	181.38	0	
14.0222	-12.1849	182.779	0	
14.5892	-11.9452	185.026	0	
16.3651	-14.025	180.523	0	
15.4574	-11.8141	185.757	0	
15.1847	-13.0483	180.76	0	
17.167	-11.4426	191.724	0	
-106.039	-6.91216	240.978	0	
-104.802	-6.79007	241.728	0	
-107.667	-7.22826	250.68	0	
-107.097	-7.47531	261.04	0	
-163.935	-1.69476	72.9352	0	
-162.835	-1.7459	84.1147	0	
-124.65	-6.14092	212.757	0	
-123.559	-6.24688	214.648	0	
-125.303	-7.13964	236.429	0	
-124.445	-7.13038	237.517	0	
-125.348	-7.8179	254.172	0	
-124.02	-6.86188	236.185	0	
-124.36	-7.73275	252.728	0	
-123.713	-7.93247	263.765	0	
-123.402	-4.92908	193.93	0	
-123.138	-5.27662	199.734	0	
-29.6443	-4.21913	191.218	0	
-29.1952	-4.60657	193.39	0	
-28.2214	-3.96017	185.656	0	
-27.9258	-2.85425	184.463	0	
-28.6075	-2.64487	188.107	0	
-28.8959	-3.07567	183.531	0	
148.237	-6.21343	205.546	0	
149.104	-6.64396	208.031	0	
145.085	-8.06702	204.986	0	
146.205	-7.19094	204.19	0	
56.0125	-5.0098	232.321	0	
55.615	-5.88884	240.567	0	
48.51	-11.0864	143.771	0	
49.3981	-10.5665	154.956	0	
45.3675	-10.988	165.24	0	
44.683	-11.1838	158.568	0	
41.8038	-9.36369	202.641	0	
41.3567	-9.06366	209.011	0	
53.1999	-8.67246	203.856	0	
53.8455	-7.9871	220.824	0	
-8.53138	-7.63923	174.023	0	
-7.58301	-6.84397	176.203	0	
-21.3928	-6.93597	235.365	0	
-21.5401	-6.40327	228.646	0	
-22.669	-7.80441	274.523	0	
-21.8298	-7.21709	254.998	0	
-23.2602	-8.01632	305.003	0	
-21.9978	-8.95097	317.789	0	
-95.1241	-9.13961	359.451	0	
-94.2289	-8.63927	333.382	0	
-11.0765	-7.68017	178.201	0	
-10.9364	-10.1283	202.806	0	
-9.26092	-8.34045	176.303	0	
-8.46597	-8.9318	175.771	0	
-36.5276	-5.9043	225.018	0	
-36.6919	-7.20415	281.784	0	
-34.9831	-7.24733	280.791	0	
-34.4438	-6.95469	272.768	0	
-70.2147	-7.19523	271.849	0	
-68.9716	-6.89671	255.635	0	
124.464	-5.82664	197.292	0	
125.703	-7.53724	202.512	0	
-34.4209	-6.42929	256.444	0	
-33.5141	-6.97529	280.858	0	
84.5355	-5.29935	189.234	0	
84.9774	-6.5012	189.561	0	
85.5189	-6.2683	189.977	0	
86.3334	-7.72368	192.462	0	
88.1736	-6.86083	191.682	0	
88.3653	-5.62205	193.595	0	
-13.2715	-8.90292	204.719	0	
-11.1177	-8.2869	183.456	0	
-27.5403	-8.96055	372.001	0	
-24.5986	-8.60388	328.897	0	
43.0555	-8.61774	208.554	0	
42.8853	-9.66394	199.062	0	
54.0968	-10.4149	158.685	0	
54.2132	-11.4357	128.154	0	
65.9474	-7.4156	223.997	0	
65.726	-8.25039	219.736	0	
0.257672	-9.87485	176.864	0	
1.92866	-8.68324	187.951	0	
1.46326	-9.77407	181.447	0	
2.37547	-10.2116	179.447	0	
-111.757	-7.77316	272.081	0	
-112.022	-8.83836	303.362	0	
-110.751	-9.79327	352.763	0	
-109.598	-9.245	325.86	0	
-72.1247	-7.72668	299.475	0	
-71.659	-8.19824	312.054	0	
-59.5001	-8.57921	315.325	0	
-58.8914	-8.65492	328.408	0	
-49.6349	-10.4409	394.918	0	
-47.8107	-9.95943	382.837	0	
-64.3905	-8.85019	328.538	0	
-62.9927	-8.35643	321.653	0	
104.979	-9.58171	185.633	0	
106.859	-6.57815	194.27	0	
105.209	-8.38362	188.728	0	
105.867	-8.53519	189.399	0	
49.5891	-12.3504	108.943	0	
49.8374	-13.5027	86.3465	0	
50.3084	-13.4914	89.1532	0	
50.7952	-13.8666	78.3738	0	
49.7716	-14.9882	63.2643	0	
50.514	-16.2404	45.6055	0	
52.7554	-16.0229	46.3607	0	
54.0177	-15.3378	52.3529	0	
-74.4518	-9.64031	389.193	0	
-71.7651	-8.77762	335.873	0	
-72.8465	-8.60862	333.215	0	
-73.2923	-7.16581	273.144	0	
-42.1153	-8.49156	330.302	0	
-40.3781	-6.76194	262.536	0	
-43.7887	-10.8857	429.644	0	
-43.411	-11.4977	444.561	0	
37.3857	-11.7736	205.375	0	
38.4376	-10.1071	215.487	0	
39.5022	-9.43596	210.642	0	
38.506	-8.22886	219.677	0	
95.1298	-10.4226	185.641	0	
95.7933	-11.0969	185.04	0	
98.6152	-11.9184	183.606	0	
98.3226	-12.9171	185.066	0	
99.4637	-13.1661	186.149	0	
99.9616	-14.402	188.646	0	
101.295	-11.4922	182.35	0	
100.612	-10.6453	182.237	0	
133.571	-8.06598	207.426	0	
135.626	-11.1102	211.142	0	
136.319	-11.4182	210.987	0	
136.515	-9.8879	208.603	0	
-148.316	-11.1832	351.43	0	
-147.441	-10.5397	342.249	0	
-137.517	-10.0502	321.961	0	
-136.875	-11.0578	361.297	0	
-134.524	-11.9228	398.475	0	
-133.617	-11.9214	396.343	0	
-133.981	-11.0667	367.448	0	
-132.983	-10.4769	333.767	0	
-15.041	-6.11205	182.484	0	
-14.1261	-5.40015	179.962	0	
-15.081	-6.986	190.83	0	
-14.3642	-5.8152	179.429	0	
-15.1154	-8.00649	208.226	0	
-14.3167	-6.64051	183.085	0	
19.319	-5.6863	204.683	0	
20.1514	-6.68646	204.197	0	
20.42	-7.81316	202.366	0	
22.1688	-8.7407	201.402	0	
21.1995	-7.36065	201.871	0	
22.1141	-9.92409	201.666	0	
24.5401	-9.98545	206.327	0	
23.79	-9.28174	203.906	0	
-128.671	-2.21667	199.061	0	
-129.313	-2.36995	199.379	0	
-129.645	-2.06206	203.23	0	
-130.03	-2.59005	198.103	0	
-16.5987	-7.00507	200.247	0	
-15.5799	-6.90041	194.585	0	
-17.5322	-7.00784	209.593	0	
-17.1588	-7.32653	211.287	0	
-20.9834	-7.82799	261.503	0	
-19.7728	-6.94022	226.988	0	
-108.143	-7.50997	260.58	0	
-109.452	-8.57293	308.251	0	
-106.284	-9.04514	322.357	0	
-105.515	-7.21559	258.996	0	
-163.417	-2.02908	76.8457	0	
-161.76	-2.10313	91.4588	0	
-126.535	-8.03284	259.75	0	
-123.774	-10.258	348.248	0	
-123.338	-8.81489	298.808	0	
-122.229	-8.38044	282.347	0	
147.562	-6.38615	204.879	0	
147.206	-7.0009	205.669	0	
149.496	-7.1397	210.428	0	
150.08	-6.89054	210.656	0	
55.8589	-6.53967	238.157	0	
56.5487	-5.78793	238.047	0	
54.9106	-6.86767	237.768	0	
56.6267	-6.26882	237.672	0	
56.4583	-7.67031	226.884	0	
56.4914	-7.16381	233.748	0	
56.9079	-7.93497	223.128	0	
57.4237	-7.2018	232.558	0	
57.1015	-6.46353	237.77	0	
57.0158	-6.97414	235.038	0	
57.0722	-8.45249	208.335	0	
57.826	-7.88362	219.895	0	
56.6491	-8.88088	208.545	0	
58.1287	-9.95485	172.142	0	
58.6963	-8.04852	215.413	0	
58.0123	-6.90969	234.687	0	
59.3432	-7.36545	225.847	0	
58.42	-7.19648	229.976	0	
52.9659	-9.17488	189.473	0	
54.0944	-9.43221	183.726	0	
54.3599	-7.79357	219.91	0	
54.0346	-6.7486	236.766	0	
-7.40834	-8.34196	173.114	0	
-7.54451	-7.40774	174.928	0	
-7.33553	-8.92368	175.185	0	
-7.12409	-7.60188	174.823	0	
-6.54887	-8.30504	173.512	0	
-5.27095	-8.29423	174.998	0	
-5.95977	-8.01016	174.504	0	
-5.19517	-6.41796	188.134	0	
-9.84495	-8.16442	177.349	0	
-9.51761	-9.30135	181.338	0	
-35.054	-7.82222	323.783	0	
-34.5879	-8.12114	328.781	0	
-70.6108	-8.13864	306.846	0	
-68.691	-8.23854	320.844	0	
124.078	-6.24454	198.285	0	
124.325	-6.96784	198.772	0	
-33.1769	-7.40807	292.607	0	
-32.6256	-6.67106	263.182	0	
84.8398	-7.32205	191.846	0	
85.9116	-7.44915	192.347	0	
86.4864	-8.352	195.449	0	
87.0511	-8.32378	193.937	0	
88.3105	-6.41907	192.336	0	
89.073	-6.99276	191.914	0	
-28.3666	-8.64893	362.601	0	
-28.3273	-9.77268	417.435	0	
-26.8582	-9.27102	381.79	0	
-25.5969	-9.86723	396.84	0	
41.8659	-9.95468	199.594	0	
44.1842	-10.5281	172.934	0	
55.482	-9.6401	184.653	0	
55.2925	-8.74032	209.63	0	
54.7525	-11.8831	120.061	0	
54.8886	-10.6812	146.411	0	
-0.777392	-9.1843	177.774	0	
-0.160544	-11.6988	171.065	0	
2.29736	-9.12517	186.991	0	
2.05498	-9.72964	181.369	0	
-112.477	-9.2812	331.465	0	
-111.815	-10.0303	362.411	0	
-109.903	-10.729	396.461	0	
-109.158	-9.69717	353.154	0	
-108.376	-9.54375	349.443	0	
-108.347	-8.18162	291.558	0	
-73.2111	-7.74897	293.107	0	
-73.1417	-9.03118	350.526	0	
-70.7825	-9.04903	353.778	0	
-69.9012	-8.63731	326.297	0	
-51.2108	-10.8052	406.902	0	
-50.0104	-12.8648	460.619	0	
-48.5248	-11.0209	413.618	0	
-46.3208	-10.8193	413.08	0	
-63.4876	-9.82809	365.781	0	
-63.3035	-9.28567	349.109	0	
-73.4766	-10.0976	404.507	0	
-72.0509	-10.9687	439.64	0	
-44.9858	-11.2217	427.101	0	
-43.692	-12.1924	456.725	0	
-41.7868	-11.5386	457.721	0	
-42.6687	-10.5812	420.188	0	
37.9339	-11.3858	207.886	0	
40.1473	-10.246	201.023	0	
94.707	-9.7213	185.747	0	
94.4183	-11.0279	188.65	0	
93.7781	-9.7205	187.158	0	
94.3232	-10.4885	186.915	0	
93.9027	-11.5554	189.258	0	
94.2406	-12.2814	192.305	0	
95.5691	-9.70272	184.848	0	
94.5613	-8.66609	186.763	0	
93.2334	-9.28686	188.121	0	
93.3247	-11.4177	191.637	0	
95.9909	-8.8057	184.939	0	
95.1271	-8.97092	185.646	0	
98.0811	-14.2281	188.615	0	
99.1644	-13.9607	188.947	0	
-138.696	-9.63207	303.59	0	
-139.511	-11.3315	368.084	0	
-134.975	-12.1272	406.875	0	
-134.502	-12.9495	443.29	0	
-133.069	-12.1664	412.798	0	
-133.066	-11.1437	373.82	0	
-133.536	-12.9497	442.219	0	
-131.741	-12.4827	421.527	0	
-14.3199	-8.71766	213.843	0	
-12.9666	-7.96965	189.92	0	
19.7842	-8.10222	201.091	0	
19.9423	-9.49614	198.697	0	
20.9972	-10.41	198.825	0	
22.2916	-11.2271	201.555	0	
-130.394	-2.68921	194.67	0	
-129.965	-3.12723	191.455	0	
-130.72	-2.55418	198.803	0	
-130.652	-3.20594	189.502	0	
57.9321	-8.86006	199.291	0	
59.5653	-9.0005	202.343	0	
59.8629	-7.21709	231.257	0	
59.3242	-6.1066	233.922	0	
54.6709	-8.40723	209.915	0	
55.4331	-7.0418	239.733	0	
-7.98671	-9.36056	175.007	0	
-8.02595	-10.0284	182.825	0	
-35.9117	-7.88379	323.434	0	
-34.794	-9.5828	408.359	0	
-33.9555	-8.87983	368.408	0	
-34.1117	-7.78285	314.768	0	
-70.1935	-7.78811	296.025	0	
-69.1611	-9.46507	366.599	0	
-33.5252	-7.8866	321.995	0	
-32.4233	-8.25281	348.803	0	
85.4261	-8.75513	197.537	0	
89.8179	-8.32977	191.848	0	
87.7286	-7.03157	191.662	0	
89.5089	-7.3175	192.092	0	
87.1915	-7.77644	192.779	0	
88.5369	-7.17603	192.159	0	
89.7225	-6.2476	193.288	0	
88.903	-5.74252	193.245	0	
87.2971	-8.99818	195.437	0	
88.2108	-7.66897	191.731	0	
41.3231	-10.2804	195.644	0	
42.5379	-10.8926	178.386	0	
43.134	-11.0628	171.441	0	
43.4303	-11.8727	154.54	0	
54.7526	-12.5369	96.3893	0	
55.3956	-12.9124	93.7011	0	
0.417143	-11.2142	172.466	0	
1.03482	-11.4269	173.277	0	
-70.5041	-8.65753	330.572	0	
-69.71	-8.13234	310.063	0	
-62.939	-10.4013	395.441	0	
-62.3679	-9.95343	361.988	0	
-62.4893	-8.71348	318.697	0	
-62.661	-9.24907	359.17	0	
93.297	-10.6871	188.751	0	
91.91	-11.0458	190.761	0	
94.585	-14.0638	199.613	0	
97.1218	-13.2055	185.735	0	
-135.516	-11.7843	391.155	0	
-135.783	-12.6362	423.218	0	
-134.386	-13.5839	458.26	0	
-132.994	-12.7243	424.81	0	
22.5783	-7.76894	201.23	0	
21.2389	-9.03333	200.082	0	
57.6937	-9.48642	189.331	0	
58.9655	-9.16645	192.668	0	
60.689	-9.22478	196.35	0	
60.2468	-7.61704	223.102	0	
60.1735	-8.19792	218.842	0	
60.7946	-7.33236	229.401	0	
-6.82793	-9.83262	177.52	0	
-5.83311	-9.76462	175.787	0	
-33.8603	-9.4276	403.199	0	
-33.3159	-9.59871	413.742	0	
-31.8974	-8.73263	363.064	0	
-31.675	-7.66386	321.157	0	
88.7929	-6.24024	192.676	0	
90.1972	-6.50033	192.859	0	
90.6665	-6.13471	194.451	0	
90.5267	-5.51504	195.304	0	
89.3122	-5.54409	194.796	0	
89.7326	-5.79067	194.307	0	
90.1296	-4.45203	200.994	0	
89.0349	-4.2334	198.489	0	
-71.3032	-9.14003	353.083	0	
-69.7205	-9.08281	355.411	0	
-71.2841	-9.88991	390.111	0	
-70.5868	-9.45655	369.704	0	
-71.4664	-10.3139	397.085	0	
-71.8702	-10.417	417.994	0	
-70.8382	-9.82554	386.789	0	
-69.9114	-10.3766	405.775	0	
-71.5535	-9.61192	372.188	0	
-70.7729	-10.9869	443.434	0	
-70.6232	-10.2237	397.511	0	
-70.1248	-11.045	431.569	0	
-72.3524	-8.93084	345.947	0	
-72.0473	-9.7443	388.666	0	
-72.6443	-10.264	417.099	0	
-72.1817	-10.1254	395.333	0	
-72.9936	-9.97156	389.251	0	
-71.6529	-11.5406	473.683	0	
-71.0226	-10.514	416.007	0	
-70.9975	-11.5132	459.665	0	
-72.7248	-7.98383	302.327	0	
-72.8682	-9.51427	373.257	0	
-73.965	-9.56964	373.184	0	
-73.0763	-11.1544	460.802	0	
-72.56	-10.8813	430.67	0	
-72.8627	-12.6874	515.856	0	
-71.0424	-12.9265	523.348	0	
-69.7308	-11.4808	456.358	0	
-73.9466	-8.30313	316.632	0	
-73.7556	-8.96055	352.302	0	
-63.1565	-11.4507	440.798	0	
-62.5257	-12.2665	451.553	0	
-136.201	-13.0129	447.315	0	
-135.954	-13.5574	454.083	0	
-137.02	-12.1994	407.38	0	
-137.142	-13.3821	460.123	0	
-136.116	-14.6913	504.281	0	
-133.421	-14.1105	490.909	0	
-134.873	-13.9207	479.129	0	
-135.057	-14.7845	515.601	0	
-133.761	-13.594	463.506	0	
-132.594	-14.1281	493.906	0	
20.902	-7.92292	201.782	0	
22.1217	-8.16119	202.816	0	
21.6776	-7.45526	202.469	0	
21.7094	-7.97901	201.399	0	
60.688	-8.58139	205.344	0	
61.2025	-7.59148	223.365	0	
61.7668	-7.31239	227.282	0	
61.2584	-6.35596	232.864	0	
-5.99265	-9.08556	172.634	0	
-6.23921	-10.164	172.725	0	
-34.2813	-9.77849	420.402	0	
-34.1564	-10.3437	445.09	0	
-31.8828	-9.89598	423.708	0	
-32.4916	-10.3477	448.454	0	
-32.1713	-9.28146	401.542	0	
-30.0693	-7.98125	326.497	0	
-75.258	-10.4061	416.483	0	
-74.2435	-10.9	444.922	0	
-68.8057	-13.6977	526.028	0	
-69.0377	-11.4045	452.225	0	
-69.7546	-12.2319	476.566	0	
-68.9301	-12.7707	494.564	0	
60.0857	-9.50509	182.635	0	
62.6203	-9.47085	187.018	0	
61.8081	-8.51102	209.464	0	
62.8248	-6.85857	229.197	0	
-4.21148	-9.0531	172.025	0	
-4.62097	-8.01664	176.317	0	
-6.03377	-11.5849	180.21	0	
-4.54219	-11.6385	178.726	0	
-34.938	-9.03255	374.601	0	
-35.2324	-9.94871	421.713	0	
-35.1049	-11.5888	500.868	0	
-33.8579	-11.6914	513.867	0	
-32.655	-11.0478	501.867	0	
-30.5488	-11.8389	528.906	0	
-75.4528	-11.7255	482.078	0	
-73.6435	-10.663	431.309	0	
-35.4651	-8.88918	372.256	0	
-35.802	-9.76174	416.975	0	
-34.4262	-13.0645	543.885	0	
-33.4341	-11.1429	476.821	0	
-74.6593	-11.6483	482.166	0	
-73.3632	-11.9865	490.886	0	
-35.5138	-8.23818	329.808	0	
-36.4315	-8.29879	327.494	0	
-36.2896	-10.1674	427.178	0	
-36.155	-10.7904	458.663	0	
-33.6714	-12.6387	554.364	0	
-32.3473	-12.9299	565.41	0	
-37.8894	-7.50326	295.478	0	
-37.6758	-8.92116	375.138	0	
118.951	-2.09555	198.185	0	
118.316	-2.93597	199.359	0	
118.559	-3.45762	199.463	0	
118.94	-2.83088	199.677	0	
71.4513	-2.09555	208.854	0	
71.1434	-2.72223	204.701	0	
-118.801	-3.15945	187.947	0	
-119.427	-3.29943	187.794	0	
-118.983	-4.33976	190.777	0	
-118.957	-3.6796	188.182	0	
-119.913	-4.01326	189.478	0	
-119.844	-4.64728	193.588	0	
-120.015	-4.97965	196.996	0	
-119.617	-5.28718	202.178	0	
-120.713	-4.76354	193.827	0	
-120.116	-5.8534	209.987	0	
-119.046	-6.2069	221.136	0	
-118.784	-4.67959	193.987	0	
-118.911	-5.10199	196.301	0	
-118.391	-4.03806	189.146	0	
-121.092	-4.96803	196.843	0	
-120.868	-5.40563	200.142	0	
-118.467	-5.34555	200.518	0	
-118.139	-4.8622	196.126	0	
-119.156	-6.78133	229.305	0	
-117.283	-6.95825	233.686	0	
-56.3806	-0.680331	183.366	0	
-56.8411	-0.314852	184.128	0	
-56.5625	-0.155128	184.163	0	
-57.1536	-0.159724	191.87	0	
-57.2095	-0.866367	186.783	0	
121.546	-1.28316	201.346	0	
122.197	-1.66252	203.519	0	
-29.9647	-0.336474	228.511	0	
-29.0625	-0.133108	231.968	0	
-29.9448	-0.735355	217.71	0	
-29.0693	-0.754611	227.658	0	
-29.375	-0.266215	239.393	0	
-32.7124	-1.11104	206.371	0	
-33.3615	-0.775704	213.248	0	
-30.6799	-4.3524	190.485	0	
-30.3393	-5.05804	203.979	0	
-30.3617	-5.42665	215.961	0	
-29.75	-5.45563	213.281	0	
-30.6845	-5.60883	223.743	0	
-30.21	-6.05792	236.272	0	
-29.3393	-5.595	218.549	0	
-28.9495	-5.30727	211.204	0	
-31.0058	-5.42486	214.281	0	
-31.3099	-6.05829	242.337	0	
-31.059	-4.93774	201.116	0	
-31.7456	-5.06583	205.78	0	
-31.6617	-6.48293	250.278	0	
-31.3504	-7.34105	291.621	0	
-30.7672	-7.50356	298.947	0	
-30.9085	-6.73889	266.499	0	
-30.8663	-8.59953	362.345	0	
-29.8983	-7.40574	303.216	0	
-30.5614	-9.36535	411.077	0	
-28.0022	-9.15997	380.179	0	
-29.3125	-7.3639	290.214	0	
-29.4654	-6.39663	250.253	0	
74.0456	-1.28316	224.288	0	
74.6975	-1.66252	219.494	0	
19.0176	-1.98195	195.643	0	
18.4253	-2.40237	196.747	0	
116.184	-2.83958	199.006	0	
116.253	-3.31324	198.838	0	
116.03	-3.64742	199.23	0	
116.709	-4.02187	199.049	0	
115.537	-3.60758	198.916	0	
115.382	-4.67893	198.623	0	
116.008	-5.13258	198.253	0	
116.062	-4.36926	198.899	0	
117.168	-4.23881	198.793	0	
117.673	-3.89339	198.99	0	
114.848	-4.51466	198.16	0	
115.109	-5.47421	197.939	0	
116.21	-5.58229	197.092	0	
116.763	-5.03312	198.179	0	
115.875	-6.03636	197.681	0	
116.748	-6.50412	197.517	0	
115.221	-5.97336	196.142	0	
115.625	-7.00529	197.386	0	
117.144	-7.07914	196.704	0	
118.007	-5.59649	197.543	0	
116.832	-7.701	197.817	0	
118.416	-9.37752	200.268	0	
117.815	-6.42848	197.269	0	
118.392	-6.35052	197.671	0	
117.666	-7.03602	197.449	0	
118.187	-7.28574	198.13	0	
119.384	-6.55719	198.099	0	
119.707	-5.69062	198.265	0	
-41.207	-5.74711	226.392	0	
-40.5317	-6.24537	243.139	0	
-40.8957	-7.014	266.599	0	
-39.8194	-6.91872	267.093	0	
-40.4517	-7.90889	296.293	0	
-37.5618	-8.24389	321.827	0	
-39.8464	-7.60322	296.224	0	
-38.0434	-5.50564	219.022	0	
-39.5444	-4.30802	195.017	0	
-39.6276	-5.309	209.759	0	
-29.5797	-8.25039	334.29	0	
-28.8871	-8.93582	379.489	0	
-29.535	-8.76439	375.631	0	
-28.8867	-9.55541	404.087	0	
-29.9591	-9.34755	393.812	0	
-29.4678	-9.86507	434.502	0	
-29.5284	-10.6812	478.465	0	
-28.7634	-12.0678	547.796	0	
-81.3419	-7.84056	290.129	0	
-80.7801	-8.13321	317.528	0	
-81.9949	-8.08873	322.617	0	
-81.8376	-9.49599	388.641	0	
-79.8258	-8.89801	354.455	0	
-80.3046	-7.64112	288.503	0	
-117.049	-6.49373	232.482	0	
-116.453	-6.46171	222.261	0	
-117.133	-9.07912	311.275	0	
-114.878	-6.65941	238.509	0	
-116.007	-8.63019	294.697	0	
-114.728	-7.46252	254.268	0	
71.0214	-7.9657	216.737	0	
70.5275	-10.4552	192.975	0	
-88.0306	-9.28475	373.503	0	
-87.4539	-9.66373	398.431	0	
-140.79	-8.07553	262.011	0	
-139.781	-7.48077	242.036	0	
-142.033	-8.73426	277.082	0	
-140.165	-9.37038	300.014	0	
-128.777	-9.05565	302.144	0	
-129.569	-8.14407	264.427	0	
-128.477	-9.75465	317.273	0	
-126.874	-9.187	299.686	0	
-127.902	-8.27751	260.472	0	
-127.797	-7.11384	227.086	0	
-128.294	-6.43586	220.218	0	
-128.736	-7.58794	244.596	0	
-129.648	-9.90384	329.059	0	
-130.2	-10.2879	341.003	0	
-130.353	-5.87375	203.75	0	
-129.779	-5.29723	194.783	0	
-130.465	-6.32399	212.171	0	
-129.697	-6.12249	206.409	0	
15.3576	-10.8505	191.101	0	
16.5015	-11.4148	188.695	0	
17.884	-10.978	192.901	0	
16.166	-10.0998	194.682	0	
4.39777	-10.2224	183.642	0	
5.60148	-8.02409	199.852	0	
-102.139	-5.60413	211.863	0	
-102.951	-6.44461	234.747	0	
-101.398	-8.7313	325.793	0	
-101.063	-7.24611	254.282	0	
132.709	-6.77479	204.984	0	
132.77	-7.96122	206.838	0	
122.627	-5.73619	197.41	0	
121.73	-6.29662	198.041	0	
-25.459	-7.83386	311.85	0	
-23.9684	-8.97167	355.658	0	
-23.6278	-6.41025	231.905	0	
-23.4553	-6.97947	261.024	0	
-84.356	-8.18161	318.146	0	
-82.2995	-8.86477	350.447	0	
78.76	-5.66879	195.125	0	
77.0626	-6.19148	200.595	0	
73.4881	-7.75386	214.322	0	
73.4066	-6.5999	213.177	0	
-114.073	-7.58559	261.866	0	
-113.915	-8.38027	286.197	0	
-57.5222	-10.6087	395.674	0	
-56.8939	-12.7153	449.558	0	
137.811	-9.90125	207.874	0	
138.948	-11.2984	208.973	0	
140.27	-9.84832	206.896	0	
139.652	-10.2385	207.109	0	
-154.258	-9.81024	271.815	0	
-155.456	-10.7369	267.914	0	
-152.595	-10.487	305.213	0	
-153.271	-10.4507	297.104	0	
-13.4214	-5.76567	179.316	0	
-13.2209	-6.62798	180.459	0	
-13.3347	-7.14263	183.463	0	
-12.3787	-8.12199	187.615	0	
-13.9315	-7.14568	187.722	0	
-13.9338	-8.19964	199.263	0	
25.3448	-9.06507	207.949	0	
24.3594	-9.44678	207.084	0	
24.5134	-11.0749	208.102	0	
25.1418	-10.0878	210.479	0	
23.9146	-11.5294	208.954	0	
25.3667	-13.0423	212.182	0	
25.5949	-11.7935	212.151	0	
27.2493	-12.5666	221.125	0	
16.759	-9.76954	195.563	0	
16.8058	-7.78644	203.39	0	
11.7093	-14.2663	174.603	0	
13.7897	-13.6535	177.076	0	
10.9156	-12.2284	179.008	0	
10.6498	-12.8773	175.638	0	
14.6293	-13.7228	180.065	0	
13.8066	-15.2553	176.623	0	
15.9808	-13.2794	184.879	0	
17.5795	-13.5357	185.149	0	
145.016	-8.8161	207.079	0	
146.778	-9.92511	210.273	0	
-24.8773	-10.4488	454.271	0	
-22.6713	-9.16755	350.076	0	
-21.1418	-9.47073	338.229	0	
-19.8531	-7.76689	251.532	0	
105.551	-9.84312	187.763	0	
105.661	-10.6352	185.707	0	
106.21	-7.99704	190.281	0	
106.971	-8.08914	190.544	0	
-41.6295	-9.75983	383.453	0	
-40.8302	-9.22556	373.841	0	
37.1535	-12.529	199.794	0	
37.7513	-13.2195	182.764	0	
39.9032	-8.94739	215.642	0	
39.5995	-8.31336	216.876	0	
18.8545	-5.18897	205.692	0	
18.7148	-6.43827	204.824	0	
-108.701	-7.19924	252.27	0	
-108.992	-8.20713	278.718	0	
-104.16	-8.58545	307.869	0	
-105.59	-7.91097	276.548	0	
-163.98	-3.3118	78.8736	0	
-162.36	-2.36234	87.5127	0	
-162.963	-4.17663	93.3126	0	
-162.681	-2.97094	86.9315	0	
-127.23	-8.48166	283.378	0	
-125.955	-9.03014	291.788	0	
-125.341	-9.38285	311.511	0	
-125.356	-10.2306	333.704	0	
146.556	-8.38263	206.803	0	
149.806	-8.1962	212.508	0	
149.32	-7.82146	210.868	0	
150.407	-7.86019	212.966	0	
55.8681	-8.39241	214.108	0	
56.041	-10.145	158.033	0	
84.3305	-7.55536	193.707	0	
84.1487	-8.30385	197.135	0	
1.96275	-10.7965	175.581	0	
3.0143	-11.2273	174.964	0	
-113.295	-8.45898	292.284	0	
-113.467	-9.65508	344.247	0	
-111.77	-10.711	389.599	0	
-110.58	-10.405	383.257	0	
-48.0951	-11.5538	426.069	0	
-47.5102	-11.1705	421.774	0	
-45.7163	-11.9631	441.791	0	
-43.7331	-13.6293	491.064	0	
-43.131	-13.3451	492.142	0	
-42.4251	-11.8469	461.383	0	
-41.2748	-12.0477	470.523	0	
-40.5644	-11.7364	463.755	0	
38.9952	-11.2099	203.308	0	
39.6479	-11.6051	188.557	0	
-130.996	-12.5731	432.551	0	
-131.525	-11.2854	374.492	0	
-15.8893	-7.87418	208.656	0	
-15.8823	-8.95762	233.707	0	
-13.9978	-9.45838	219.834	0	
-13.4143	-8.31056	197.658	0	
-15.0686	-9.67794	240.223	0	
-12.9655	-10.0728	217.889	0	
-12.7947	-10.7889	233.646	0	
-12.7062	-8.99796	201.705	0	
-9.49256	-10.1935	195.308	0	
-6.72743	-11.6027	188.027	0	
85.2132	-10.8615	209.28	0	
86.6084	-9.55385	200.282	0	
89.3506	-7.93937	191.636	0	
90.5681	-8.02579	191.352	0	
1.43473	-11.9319	172.228	0	
2.33782	-11.2882	174.318	0	
1.76552	-12.9287	170.861	0	
2.35517	-12.8469	169.831	0	
56.707	-10.07	170.268	0	
60.5845	-10.7069	153.264	0	
-137.845	-12.1191	408.371	0	
-137.729	-13.5641	452.547	0	
-137.983	-14.5041	498.625	0	
-136.864	-14.0122	472.28	0	
-137.055	-14.5359	502.098	0	
-134.889	-16.3201	552.515	0	
-70.1112	-14.3711	551.113	0	
-66.9826	-13.8306	509.848	0	
59.9746	-10.279	168.115	0	
61.2558	-10.311	167.952	0	
63.2915	-8.94585	206.068	0	
62.1638	-7.93094	222.961	0	
-4.5744	-7.3847	181.805	0	
-5.91872	-7.43984	176.355	0	
-36.899	-9.95059	421.01	0	
-37.3777	-10.3833	432.587	0	
-37.9825	-10.1865	425.802	0	
-36.9799	-9.30892	378.723	0	
-118.192	-5.74891	212.801	0	
-117.946	-6.8057	235.799	0	
-39.2691	-7.95435	312.112	0	
-39.0621	-8.94594	366.491	0	
-38.5635	-7.30403	288.463	0	
-37.2456	-6.89046	278.02	0	
-28.7835	-11.1274	486.97	0	
-27.2661	-12.4921	544.719	0	
-79.4677	-9.56188	387.952	0	
-77.5819	-8.9037	348.992	0	
-114.224	-10.4212	363.738	0	
-115.959	-7.41845	253.733	0	
-88.6936	-9.60723	393.776	0	
-89.5218	-10.7569	461.169	0	
-86.7472	-10.6429	451.292	0	
-86.1557	-10.2319	431.951	0	
-128.546	-11.521	395.541	0	
-127.516	-9.86338	332.764	0	
4.99961	-8.45354	199.929	0	
5.29639	-7.33045	204.392	0	
-100.79	-8.59875	313.805	0	
-98.6354	-9.07715	350.048	0	
132.377	-8.61624	209.203	0	
132.871	-9.40697	209.537	0	
120.748	-7.0419	198.523	0	
122.156	-6.87501	198.797	0	
-25.7731	-8.53875	332.913	0	
-25.1661	-9.04157	368.344	0	
78.8252	-9.25356	209.948	0	
80.5652	-8.12404	204.903	0	
73.5867	-8.32747	216.02	0	
74.2184	-8.54821	215.087	0	
141.787	-10.9775	208.248	0	
142.217	-9.64929	206.046	0	
138.921	-12.2405	211.269	0	
140.257	-12.1167	211.067	0	
-153.125	-12.0861	328.755	0	
-151.876	-11.8559	339.655	0	
-153.726	-12.3939	318.91	0	
-152.957	-13.1687	344.284	0	
-154.165	-11.2661	295.203	0	
-155.071	-12.2793	295.102	0	
-152.527	-14.181	376.594	0	
-150.834	-13.1563	374.157	0	
-152.939	-15.213	385.605	0	
-151.169	-15.9317	419.836	0	
-151.914	-12.997	359.312	0	
-151.934	-13.535	368.009	0	
-150.095	-13.1456	393.176	0	
-150.449	-11.6073	349.687	0	
-152.555	-13.6384	361.059	0	
-151.767	-14.6344	384.705	0	
-151.696	-15.2904	409.264	0	
-149.771	-16.101	448.119	0	
25.113	-12.3893	213.122	0	
26.5691	-12.5025	215.66	0	
27.5537	-13.2187	217.405	0	
29.3945	-12.9489	225.193	0	
17.7215	-10.2405	196.605	0	
18.3862	-9.01299	199.787	0	
9.84442	-13.1094	175.228	0	
10.5126	-14.2157	173.005	0	
-23.2509	-12.0313	499.746	0	
-23.0515	-10.0179	379.227	0	
-20.409	-9.12247	303.582	0	
-19.5578	-9.45268	300.923	0	
106.767	-9.58087	189.314	0	
108.426	-7.84779	193.068	0	
38.8906	-15.008	149.556	0	
39.4987	-13.2193	167.493	0	
146.316	-9.0917	208.939	0	
147.748	-8.88654	210.11	0	
148.429	-8.77372	211.112	0	
150.259	-10.0413	215.629	0	
150.923	-8.18874	214.713	0	
151.08	-7.05451	213.612	0	
150.906	-8.85955	215.597	0	
152.105	-8.44855	216.657	0	
151.282	-6.52628	213.022	0	
150.286	-6.18903	210.619	0	
3.35841	-11.7127	174.39	0	
5.04431	-11.5747	174.745	0	
3.20739	-12.238	171.244	0	
3.60458	-12.6178	171.566	0	
3.90489	-10.7238	178.813	0	
3.93629	-11.3575	174.825	0	
2.59793	-12.2988	171.67	0	
3.46783	-13.134	169.595	0	
3.87186	-13.5447	170.117	0	
4.42537	-13.4152	169.318	0	
1.37054	-12.4783	170.766	0	
2.97388	-14.4402	169.947	0	
3.673	-14.1884	169.162	0	
4.07179	-14.6644	170.045	0	
5.46305	-13.6596	169.059	0	
5.56873	-13.0791	171.315	0	
-114.06	-9.55161	335.173	0	
-113.296	-10.1516	362.508	0	
-113.338	-11.5158	414.137	0	
-112.749	-10.3343	374.807	0	
-114.293	-9.04059	315.027	0	
-113.727	-10.5381	372.194	0	
-114.249	-11.5468	441.257	0	
-112.522	-12.7478	480.885	0	
-114.897	-8.97377	312.196	0	
-114.888	-9.84832	347.484	0	
-112.529	-11.9691	452.55	0	
-112.04	-11.6958	428.097	0	
-115.312	-7.87406	264.938	0	
-116.642	-10.6281	379.888	0	
-115.166	-9.40177	327.272	0	
-115.179	-10.2514	359.049	0	
-111.468	-11.8055	435.344	0	
-111.155	-10.869	394.28	0	
-116.138	-9.33889	318.604	0	
-114.996	-11.0359	399.151	0	
-115.749	-11.1181	389.197	0	
-115.589	-12.658	467.38	0	
-111.115	-12.9781	492.392	0	
-111.135	-12.2816	462.377	0	
-115.726	-10.1972	355.479	0	
-116.057	-10.6539	378.143	0	
-110.418	-13.378	511.531	0	
-110.396	-11.6415	437.467	0	
-115.742	-9.62884	334.842	0	
-116.673	-9.57539	330.714	0	
-117.112	-11.3319	409.742	0	
-116.813	-11.9866	435.564	0	
-110.067	-12.7922	487.105	0	
-108.46	-11.8307	460.103	0	
-47.2442	-12.4711	450.304	0	
-45.8074	-13.3309	468.511	0	
-46.3565	-11.6592	436.333	0	
-47.9952	-12.3226	442.811	0	
-44.7521	-12.6223	465.748	0	
-45.5173	-12.6102	463.929	0	
-44.498	-13.2982	481.388	0	
-41.334	-15.5551	531.497	0	
-42.4748	-12.5388	475.512	0	
-40.5292	-13.5535	518.62	0	
-38.6486	-11.3621	463.335	0	
-39.7291	-10.5138	412.185	0	
40.1019	-12.5361	174.164	0	
40.935	-12.6248	169.474	0	
-16.2587	-9.45996	252.216	0	
-15.48	-10.1946	257.774	0	
-11.6322	-10.5129	208.65	0	
-10.6143	-8.66042	182.67	0	
-12.4978	-9.64802	209.447	0	
-11.593	-9.28276	196.075	0	
88.0737	-8.89782	193.383	0	
88.7521	-9.6433	196.256	0	
57.2927	-12.2458	109.053	0	
58.3527	-11.4296	131.727	0	
59.088	-11.376	135.083	0	
59.6957	-12.0688	120.831	0	
-138.133	-11.4101	371.263	0	
-139.103	-12.8664	430.054	0	
-139.731	-13.3259	447.624	0	
-137.522	-15.5258	529.831	0	
-3.82258	-7.28261	182.394	0	
-4.55428	-6.07968	186.926	0	
-36.4834	-11.8528	507.014	0	
-35.2815	-12.285	533.727	0	
-38.7521	-10.7018	452.324	0	
-39.1635	-11.9023	491.461	0	
-86.708	-11.5743	509.176	0	
-86.0904	-11.9456	515.468	0	
-84.2216	-10.1662	428.059	0	
-85.7135	-8.91879	366.641	0	
-100.181	-8.99547	339.621	0	
-99.9867	-9.73619	364.174	0	
73.1581	-8.69687	215.364	0	
74.2627	-9.15547	215.519	0	
72.4909	-8.58418	216.485	0	
72.6978	-9.62447	212.814	0	
74.633	-9.7017	215.163	0	
75.8013	-8.98652	214.903	0	
72.6477	-10.1744	208.074	0	
73.1938	-10.4441	208.204	0	
9.39954	-12.4478	176.133	0	
8.26728	-11.6375	177.641	0	
10.5505	-14.9219	169.67	0	
12.333	-13.9933	173.6	0	
149.701	-8.93144	213.485	0	
150.893	-10.3336	216.538	0	
152.78	-8.38235	219.563	0	
152.853	-7.12269	217.869	0	
151.851	-6.46341	214.231	0	
151.277	-5.50989	212.058	0	
152.142	-7.07429	215.818	0	
152.437	-5.74104	215.534	0	
5.53595	-9.75154	187.792	0	
5.08357	-9.08344	188.844	0	
-0.0526445	-12.497	170.868	0	
0.774627	-13.4555	170.94	0	
-1.01045	-13.2017	174.043	0	
0.421631	-14.2036	174.391	0	
3.06451	-15.2935	172.249	0	
1.48166	-13.5854	170.864	0	
2.5328	-13.965	169.247	0	
1.77622	-14.1662	171.514	0	
5.91896	-14.094	169.541	0	
6.93793	-13.6802	170.678	0	
6.0192	-12.1653	173.63	0	
5.07381	-12.6943	171.156	0	
6.46971	-11.7981	176.943	0	
5.37399	-11.0402	178.216	0	
7.16225	-12.6089	173.493	0	
7.42508	-10.8606	181.583	0	
-116.68	-7.5424	260.556	0	
-115.342	-8.49213	289.357	0	
-110.097	-14.1862	555.27	0	
-109.252	-14.4066	554.466	0	
-117.29	-8.3485	282.583	0	
-117.827	-9.42332	325.504	0	
-118.201	-7.36907	246.794	0	
-118.285	-8.4959	286.562	0	
-120.337	-8.82461	299.438	0	
-118.948	-10.514	363.708	0	
-118.178	-10.6109	379.129	0	
-118.531	-12.0876	427.132	0	
-115.568	-14.4857	551.968	0	
-116.035	-11.747	437.979	0	
-109.839	-11.4331	431.912	0	
-109.166	-12.0446	456.244	0	
-48.4178	-12.9926	462.35	0	
-47.3712	-14.1371	483.782	0	
-45.0793	-13.7789	485.207	0	
-46.7117	-15.3093	487.879	0	
-42.2094	-13.8846	502.835	0	
-41.6912	-12.649	488.499	0	
-16.9455	-8.64683	236.081	0	
-16.7943	-10.5627	287.187	0	
-15.1361	-11.0675	282.861	0	
-14.3597	-9.9615	244.903	0	
-11.6664	-8.7145	188.448	0	
-11.9793	-9.77627	205.536	0	
-11.9799	-11.1007	233.38	0	
-10.959	-9.34319	191.691	0	
-11.6557	-12.1871	243.568	0	
-8.72993	-10.6471	187.27	0	
87.3973	-11.5166	206.44	0	
89.9523	-14.6736	215.114	0	
-137.812	-16.1396	550.236	0	
-136.695	-14.9889	510.108	0	
-137.312	-16.9558	571.223	0	
-135.764	-15.1586	518.755	0	
-136.943	-15.5465	524.221	0	
-136.616	-16.0394	550.757	0	
-37.5971	-12.1394	501.742	0	
-36.7695	-12.9202	531.297	0	
-38.057	-12.6101	521.045	0	
-37.737	-11.5122	481.551	0	
-88.1297	-11.6238	505.992	0	
-85.8784	-12.786	564.84	0	
-101.592	-9.90861	384.806	0	
-96.558	-9.73654	390.301	0	
71.5871	-9.33382	210.683	0	
72.4919	-12.4268	181.3	0	
70.341	-11.3164	192.014	0	
71.7021	-11.7202	193.629	0	
72.6868	-11.2652	198.19	0	
71.9754	-11.0936	196.318	0	
73.7545	-11.2151	204.109	0	
74.2788	-10.922	210.997	0	
73.6377	-11.9994	200.175	0	
74.1879	-12.4745	197.982	0	
75.2661	-10.873	213.469	0	
75.2926	-9.68099	215.943	0	
72.9796	-12.0334	196.869	0	
71.7027	-13.6573	155.944	0	
75.6124	-12.0846	208.939	0	
77.8455	-10.3745	216.475	0	
75.0225	-13.715	193.644	0	
75.8094	-12.9248	207.677	0	
77.3808	-12.6553	215.711	0	
77.4169	-11.1656	217.93	0	
76.3463	-10.3188	215.644	0	
76.552	-11.0733	216.926	0	
9.23459	-15.1681	169.132	0	
11.8736	-17.5418	171.427	0	
11.7367	-15.0266	170.519	0	
12.5532	-16.1525	170.858	0	
153.245	-9.06787	220.015	0	
155.33	-8.63652	224.321	0	
3.84067	-15.4049	170.232	0	
4.96199	-15.5367	169.438	0	
5.72074	-14.6936	168.459	0	
6.53696	-15.3627	168.43	0	
7.83812	-13.6464	170.426	0	
7.52903	-11.5872	180.074	0	
-107.657	-12.6842	495.979	0	
-105.097	-10.6812	410.73	0	
-42.1211	-14.7809	522.509	0	
-40.2431	-14.315	531.557	0	
-19.0119	-8.9329	274.326	0	
-17.3433	-10.0722	288.508	0	
-15.7601	-11.7285	306.843	0	
-14.2441	-13.1151	312.775	0	
-137.942	-17.543	588.869	0	
-136.048	-18.2527	616.677	0	
-136.694	-16.8349	564.945	0	
-135.772	-17.008	578.404	0	
-37.6491	-14.5374	561.979	0	
-36.2491	-14.4032	578.264	0	
-38.7118	-12.5231	502.16	0	
-37.1934	-13.3877	548.508	0	
-86.1518	-13.6083	594.185	0	
-82.9806	-11.34	485.78	0	
6.01818	-15.3067	169.175	0	
5.11011	-14.8646	169.444	0	
6.84546	-16.0635	169.653	0	
7.97617	-15.702	168.801	0	
7.92853	-12.9422	173.153	0	
8.56957	-12.3839	176.661	0	
-19.2534	-10.2198	323.04	0	
-18.045	-9.98281	289.43	0	
-135.688	-16.4046	568.346	0	
-136.179	-17.348	585.092	0	
-134.058	-17.486	592.193	0	
-132.818	-15.7884	549.56	0	
-136.655	-19.0212	629.557	0	
-135.278	-17.3737	583.938	0	
-136.445	-20.0651	647.57	0	
-135.203	-17.9377	613.102	0	
-135.491	-19.9952	656.933	0	
-135.22	-19.1752	640.032	0	
-36.6341	-15.9401	584.555	0	
-35.8538	-13.7193	566.908	0	
-39.1369	-13.0909	521.196	0	
-37.8406	-13.2278	532.867	0	
4.18356	-16.7444	173.515	0	
7.06732	-18.0123	174.504	0	
6.52401	-16.7615	170.212	0	
7.17087	-17.3385	171.531	0	
8.74915	-15.7901	168.893	0	
9.04125	-14.3906	169.949	0	
-132.985	-17.106	603.156	0	
-134.439	-18.9772	639.199	0	
-35.8655	-15.3291	584.864	0	
-34.785	-14.8607	603.25	0	
-39.8837	-12.9358	508.627	0	
-39.3481	-14.398	540.486	0	
-134.028	-20.2784	674.042	0	
-133.811	-19.4664	652.552	0	
76.0677	-2.87103	206.163	0	
76.0223	-3.32302	202.927	0	
75.5407	-3.9011	199.76	0	
76.4138	-3.79356	199.733	0	
75.5574	-4.46454	200.352	0	
76.1143	-3.98143	199.541	0	
76.8292	-4.0134	198.484	0	
76.7618	-3.29284	201.991	0	
75.0888	-4.77893	200.012	0	
76.1269	-4.32498	198.944	0	
76.4588	-4.50641	198.095	0	
77.909	-4.40375	195.563	0	
75.8944	-5.30202	200.852	0	
75.9704	-4.94459	199.101	0	
76.2566	-5.57785	199.707	0	
76.8615	-4.3827	197.738	0	
76.5586	-5.23892	198.427	0	
77.689	-4.79649	195.803	0	
76.3004	-5.97529	202.892	0	
77.2329	-5.63517	197.462	0	
77.0104	-5.1708	197.476	0	
77.7349	-5.40306	197.113	0	
74.5239	-5.69325	204.506	0	
74.7764	-6.77192	209.441	0	
75.4523	-5.92271	204.113	0	
76.5483	-6.75337	204.03	0	
74.839	-6.14191	205.812	0	
75.5521	-7.03306	208.111	0	
76.949	-7.23908	205.994	0	
77.4568	-7.17867	204.249	0	
76.7321	-7.82761	209.807	0	
77.0953	-9.97118	216.715	0	
78.0114	-7.74459	205.307	0	
78.4564	-6.72345	199.237	0	
79.0093	-6.31073	196.646	0	
78.0613	-5.78701	196.236	0	
-65.1151	-4.25566	196.749	0	
-65.357	-5.24026	211.774	0	
122.101	-4.00198	199.153	0	
122.653	-3.74327	198.272	0	
74.6015	-4.00198	201.234	0	
75.1528	-3.74327	201.439	0	
-97.7719	-10.1221	399.123	0	
-97.064	-10.4203	429.64	0	
-86.4577	-7.75956	304.172	0	
-85.8836	-8.35002	330.581	0	
-112.677	-6.682	234.17	0	
-111.862	-6.10579	219.803	0	
-90.5398	-8.73998	343.492	0	
-89.2333	-9.1189	368.289	0	
-104.284	-7.57678	274.491	0	
-103.458	-6.79985	240.758	0	
-104.999	-8.32006	299.189	0	
-103.701	-8.31544	300.297	0	
-105.104	-9.11926	329.266	0	
-104.627	-9.48157	352.573	0	
-103.273	-8.55801	309.207	0	
-102.859	-8.23428	301.151	0	
-104.554	-10.2427	386.027	0	
-102.382	-8.98606	336.589	0	
-103.689	-9.38011	344.292	0	
-103.267	-9.07097	338.557	0	
-103.647	-9.94761	382.293	0	
-102.174	-10.1294	394.141	0	
-103.149	-10.1856	389.824	0	
-101.724	-9.31237	340.718	0	
-101.92	-8.09333	302.373	0	
-101.66	-7.24047	261.558	0	
-102.04	-6.67444	242.801	0	
-102.556	-7.39367	266.316	0	
-105.764	-10.2543	386.297	0	
-104.587	-12.1866	486.072	0	
-104.04	-10.4657	392.57	0	
-103.653	-10.9966	434.168	0	
-102.331	-11.0483	451.431	0	
-102.703	-9.87024	374.36	0	
-102.681	-12.3093	510.993	0	
-100.729	-11.3598	462.07	0	
-101.894	-10.7366	419.364	0	
-101.276	-10.8254	428.771	0	
-100.877	-12.1054	488.234	0	
-100.437	-10.2923	413.28	0	
-98.5911	-11.3705	457.6	0	
-100.147	-11.0287	447.4	0	
-54.4179	-13.102	450.129	0	
-51.0744	-12.4504	443.214	0	
55.3841	-13.5723	75.6368	0	
54.0629	-12.825	95.6122	0	
-54.0624	-13.6855	463.335	0	
-54.2198	-11.9832	432.669	0	
95.6166	-12.4583	186.487	0	
96.1762	-13.2831	193.649	0	
-4.10423	-10.268	170.797	0	
-2.91802	-10.6748	170.802	0	
-36.5709	-5.30029	214.579	0	
-37.4904	-5.80342	220.076	0	
-36.8384	-7.91399	322.061	0	
-36.1153	-7.1366	284.66	0	
134.452	-10.1621	210.278	0	
132.933	-10.893	212.494	0	
136.404	-12.2237	212.022	0	
138.251	-10.988	209.659	0	
18.2045	-7.50087	203.887	0	
19.5847	-6.8415	203.376	0	
17.9134	-8.41506	201.801	0	
19.4863	-8.80392	200.845	0	
-108.038	-10.3895	378.817	0	
-105.698	-9.45352	352.555	0	
20.8001	-11.7327	197.076	0	
22.188	-11.9969	202.576	0	
22.8744	-12.8079	202.892	0	
23.1447	-11.1635	205.491	0	
42.8588	-12.644	146.189	0	
44.8457	-12.6691	127.096	0	
55.3602	-15.2008	55.2256	0	
56.1183	-13.9738	72.5843	0	
92.5181	-10.3162	191.314	0	
90.8536	-10.8201	197.06	0	
89.9581	-11.8146	197.454	0	
90.4948	-13.2273	208.508	0	
-67.9777	-10.4531	405.662	0	
-67.9158	-9.55365	370.288	0	
-74.2825	-14.0151	567.936	0	
-71.2679	-13.9368	545.956	0	
-7.32179	-10.9963	187.071	0	
-6.95428	-12.515	193.673	0	
-4.82395	-10.4546	175.842	0	
-5.824	-10.973	180.962	0	
-76.1159	-12.4337	525.74	0	
-75.813	-13.4041	556.511	0	
-119.729	-6.90236	237.095	0	
-119.094	-7.88101	262.692	0	
-120.13	-6.42406	224.973	0	
-120.621	-7.4569	248.634	0	
-121.063	-7.82422	256.393	0	
-121.016	-8.42775	282.349	0	
-118.863	-8.40469	284.942	0	
-117.937	-8.02056	273.499	0	
-121.694	-7.43598	249.262	0	
-120.286	-9.39453	311.773	0	
-120.855	-10.3897	355.011	0	
-119.23	-9.86627	344.179	0	
-119.196	-8.87162	296.388	0	
-118.331	-9.16804	309.154	0	
-119.82	-8.60923	285.185	0	
-119.801	-9.81995	343.025	0	
-120.165	-10.4377	351.653	0	
-117.874	-11.3721	401.666	0	
-120.985	-9.66245	329.43	0	
-121.477	-11.0318	378.726	0	
-119.598	-10.9265	388.128	0	
-120.177	-12.1728	433.103	0	
-121.565	-8.71903	292.46	0	
-121.585	-9.38381	310.477	0	
-122.223	-9.72987	329.63	0	
-121.186	-11.8454	424.205	0	
115.934	-7.59966	196.054	0	
116.011	-8.99828	197.823	0	
119.235	-9.55127	202.468	0	
119.427	-8.04906	199.349	0	
-30.4672	-10.819	494.079	0	
-29.5899	-12.6415	555.383	0	
-82.1791	-10.2846	421.832	0	
-79.8759	-10.1832	422.08	0	
-142.349	-9.48489	308.888	0	
-140.903	-9.29747	300.643	0	
-139.794	-9.96595	322.933	0	
-138.839	-8.80347	286.919	0	
-140.094	-10.5783	349.022	0	
-138.77	-11.0897	366.362	0	
-84.9299	-8.94035	358.159	0	
-83.2038	-8.94238	359.828	0	
-58.3399	-10.0358	377.281	0	
-59.0011	-11.9008	432.104	0	
-55.2588	-12.7868	448.086	0	
-55.0231	-12.0759	433.881	0	
136.985	-10.3411	208.322	0	
137.648	-11.373	209.725	0	
-12.0263	-7.60165	181.402	0	
-12.9245	-7.48493	184.067	0	
17.5227	-12.206	188.68	0	
17.2272	-12.8584	188.42	0	
144.044	-9.26789	206.297	0	
143.913	-10.1255	208.158	0	
108.273	-11.3148	189.793	0	
108.367	-10.0083	189.753	0	
104.31	-10.8689	184.134	0	
106.008	-12.2873	189.395	0	
-164.793	-2.98862	73.5762	0	
-165.555	-3.46933	72.4985	0	
-162.669	-4.93561	103.366	0	
-160.639	-4.86592	122.309	0	
83.8268	-7.12175	192.605	0	
83.5442	-8.29171	198.012	0	
83.7588	-6.44003	189.023	0	
81.8885	-6.26459	192.767	0	
82.4327	-9.16009	204.483	0	
84.531	-9.93049	205.716	0	
82.1327	-7.52705	195.548	0	
82.8087	-7.29257	194.137	0	
-130.73	-13.2875	460.549	0	
-129.145	-13.6763	467.591	0	
61.967	-11.5021	136.937	0	
61.8871	-9.21078	197.688	0	
64.1462	-9.18805	198.367	0	
64.1426	-7.78007	222.149	0	
-80.6553	-10.0939	405.697	0	
-77.8249	-9.50416	381.255	0	
-88.9264	-12.0748	536.382	0	
-88.1139	-10.7637	462.989	0	
-129.156	-12.1851	417.043	0	
-126.203	-11.8438	412.105	0	
121.292	-5.16848	198.159	0	
120.933	-6.2272	197.766	0	
79.3418	-10.8549	218.428	0	
80.5285	-9.83329	212.931	0	
140.924	-12.5678	209.946	0	
143.794	-11.4359	209.754	0	
-154.669	-10.5742	278.961	0	
-155.718	-11.6936	277.886	0	
-150.365	-14.5117	409.032	0	
-146.444	-14.0108	439.967	0	
-152.323	-15.6081	397.683	0	
-152.371	-16.4636	402.781	0	
24.8567	-13.7314	212.021	0	
27.1489	-13.9114	219.427	0	
26.4043	-13.8781	213.447	0	
27.4246	-14.6842	213.096	0	
25.5759	-14.2991	213.797	0	
28.405	-15.4998	210.201	0	
29.1462	-15.4442	214.047	0	
28.54	-14.0458	217.188	0	
109.222	-6.90202	195.086	0	
107.958	-7.31273	193.318	0	
145.58	-9.31273	207.809	0	
146.261	-10.5612	210.297	0	
55.8202	-11.1143	138.478	0	
56.9532	-11.4269	124.274	0	
148.98	-9.36491	212.53	0	
148.919	-10.1538	213.742	0	
150.978	-11.1989	217.447	0	
152.2	-10.2303	218.101	0	
-1.96385	-12.2162	175.252	0	
-3.53155	-14.4759	186.56	0	
1.1618	-14.7451	172.728	0	
1.86544	-16.3297	177.729	0	
-108.797	-15.4422	622.054	0	
-106.696	-12.6245	497.314	0	
-114.15	-14.4747	539.522	0	
-113.639	-13.2877	506.54	0	
-49.194	-12.4502	445.099	0	
-50.0887	-14.0054	462.073	0	
-44.5801	-14.5706	495.79	0	
-44.2416	-16.6661	504.38	0	
-10.8635	-12.5633	236.683	0	
-7.89811	-11.5869	192.121	0	
70.8625	-8.7623	218.109	0	
70.0348	-9.08542	207.999	0	
78.7392	-10.1009	217.717	0	
78.0519	-8.61581	211.2	0	
9.90698	-16.1084	168.704	0	
7.96116	-16.9823	170.314	0	
13.834	-16.0156	173.174	0	
13.102	-14.952	172.384	0	
152.951	-9.99338	220.654	0	
154	-10.8745	221.251	0	
153.995	-7.81578	220.898	0	
153.987	-8.7398	221.66	0	
-85.3058	-14.4519	650.526	0	
-84.5332	-12.4975	538.039	0	
-84.875	-11.6359	513.515	0	
-84.9738	-13.02	586.836	0	
-19.816	-10.8157	372.618	0	
-19.3439	-11.7311	382.921	0	
3.40014	-17.1407	178.312	0	
5.28434	-18.0224	177.942	0	
5.70847	-16.6307	171.965	0	
4.68733	-18.6398	180.119	0	
7.41094	-20.2969	184.271	0	
10.4247	-16.6245	171.55	0	
9.20696	-16.3708	170.076	0	
9.9936	-15.3172	170.505	0	
8.76984	-17.0816	169.922	0	
10.7025	-19.7826	178.579	0	
-137.368	-20.7055	669.175	0	
-135.999	-22.2949	695.646	0	
-39.1573	-15.0906	551.071	0	
-37.7216	-15.3528	573.68	0	
-133.211	-20.9669	689.418	0	
-128.301	-18.4726	640.987	0	
75.8766	-7.69658	210.632	0	
76.8357	-9.25347	214.428	0	
-98.568	-10.4321	426.699	0	
-99.439	-12.6369	520.546	0	
-92.2113	-9.0623	364.879	0	
-92.5093	-11.2912	484.958	0	
53.2865	-15.2652	52.0566	0	
54.605	-13.9781	74.9013	0	
-53.9864	-15.0713	471.223	0	
-51.8751	-14.2321	463.663	0	
-2.4706	-11.2163	173.909	0	
-1.84927	-10.7362	172.184	0	
133.876	-9.47103	209.842	0	
133.648	-11.3394	212.805	0	
134.991	-11.5721	212.027	0	
134.28	-11.0198	211.98	0	
135.074	-12.3324	212.915	0	
135.794	-12.6759	212.712	0	
138.02	-13.3695	212.145	0	
137.667	-12.0515	211.445	0	
-107.281	-10.2815	375.69	0	
-106.324	-11.7363	458.107	0	
19.7723	-12.4435	193.461	0	
20.3851	-12.4446	196.827	0	
57.6257	-14.1569	72.26	0	
56.7963	-12.885	95.6069	0	
-8.59687	-11.4803	199.186	0	
-7.72521	-12.4887	201.544	0	
-5.27021	-12.5094	188.33	0	
-4.58445	-12.4277	179.298	0	
-3.08481	-13.464	185.949	0	
-3.84298	-11.5349	172.736	0	
-76.9255	-11.4898	482.576	0	
-77.5947	-12.8422	546.387	0	
-120.013	-13.1898	486.316	0	
-117.947	-12.9254	480.418	0	
-122.683	-9.01381	292.157	0	
-122.989	-10.9247	381.023	0	
-122.246	-10.6506	358.836	0	
-123.52	-11.8912	414.556	0	
-82.9254	-10.5082	444.998	0	
-81.2687	-11.4075	478.603	0	
-142.941	-9.84568	328.545	0	
-141.688	-10.9034	353.876	0	
-141.072	-10.4473	339.324	0	
-141.344	-11.5136	373.533	0	
19.3943	-13.1614	192.171	0	
19.3871	-11.6312	195.498	0	
16.4175	-12.7361	183.491	0	
17.1542	-14.159	186.055	0	
143.164	-10.7263	208.605	0	
143.797	-12.2345	211.302	0	
109.289	-11.3706	192.598	0	
109.725	-9.36129	192.181	0	
103.006	-12.8534	186.821	0	
105.258	-12.0478	186.226	0	
106.281	-13.295	189.939	0	
107.689	-11.8839	192.009	0	
-164.228	-5.62394	92.4219	0	
-162.704	-6.44503	116.107	0	
-161.708	-3.84334	105.433	0	
-161.895	-4.7233	107.642	0	
-132.088	-13.6129	470.545	0	
-130.884	-14.65	516.205	0	
63.4329	-11.4227	146.625	0	
62.6661	-10.2491	174.451	0	
63.4119	-10.5756	165.072	0	
66.4997	-9.85824	200.946	0	
-82.1356	-11.9012	512.068	0	
-79.2867	-10.8727	460.983	0	
-90.2025	-10.2058	418.637	0	
-91.4312	-10.0147	411.236	0	
-89.0559	-13.0924	574.69	0	
-87.4596	-13.0878	576.854	0	
-156.691	-11.8943	263.743	0	
-156.255	-14.2657	310.63	0	
-150.408	-15.5345	430.173	0	
-147.735	-14.36	435.19	0	
-153.072	-14.4419	362.744	0	
-153.076	-16.669	396.749	0	
-154.012	-14.0899	348.436	0	
-154.949	-14.9898	346.521	0	
-153.69	-17.3122	388.74	0	
-153.338	-19.694	434.7	0	
24.1079	-13.7022	206.141	0	
24.2115	-15.705	202.298	0	
26.8678	-15.4478	213.268	0	
26.779	-16.8157	206.791	0	
29.5666	-16.0608	205.775	0	
30.3557	-14.803	216.12	0	
108.112	-9.09856	190.6	0	
109.319	-8.82164	192.005	0	
110.421	-9.2895	192.992	0	
110.346	-8.05406	192.913	0	
108.577	-8.59747	190.846	0	
109.239	-10.0469	191.804	0	
110.856	-9.89252	193.718	0	
111.599	-8.63843	194.592	0	
145.596	-12.5631	212.199	0	
148.113	-11.4574	214.109	0	
148.105	-10.5925	212.668	0	
150.402	-11.6536	216.024	0	
149.675	-11.2423	215.859	0	
151.685	-13.0577	217.363	0	
11.8238	-16.6703	173.115	0	
12.6964	-17.8453	174.939	0	
14.7913	-16.4167	177.812	0	
14.5798	-14.6579	176.079	0	
-86.3417	-16.2036	703.916	0	
-82.0752	-12.8662	559.928	0	
-84.2758	-11.1651	475.672	0	
-83.5976	-11.6279	505.362	0	
-84.5237	-14.0748	600.501	0	
-82.858	-15.3293	647.363	0	
-21.3052	-10.2311	371.266	0	
-17.3238	-13.0416	400.873	0	
-20.7203	-12.3418	443.589	0	
-19.6999	-12.4687	427.936	0	
9.25193	-17.8782	173.161	0	
7.61109	-18.7839	176.906	0	
-40.5745	-15.2374	541.048	0	
-39.4908	-16.5084	554.796	0	
-133.834	-21.8571	704.449	0	
-132.607	-23.4695	731.302	0	
-132.011	-20.8325	687.727	0	
-130.594	-16.4663	583.456	0	
-96.6897	-11.3284	470.579	0	
-94.8415	-10.8969	453.776	0	
-53.0604	-13.7727	460.049	0	
-53.0354	-12.5211	444.449	0	
-3.35244	-12.1246	177.677	0	
-1.13459	-11.536	171.053	0	
-3.79219	-12.7718	176.142	0	
-1.94761	-13.0836	171.324	0	
-0.481988	-9.95501	177.249	0	
-1.58297	-9.24823	178.846	0	
131.104	-11.0467	213.135	0	
133.585	-12.2862	213.745	0	
135.088	-14.2326	214.152	0	
136.659	-14.055	213.178	0	
138.397	-14.0786	211.634	0	
139.473	-12.8144	210.467	0	
-106.636	-10.7853	409.408	0	
-105.222	-11.6362	448.969	0	
18.58	-14.364	187.074	0	
20.0149	-15.2338	190.896	0	
57.508	-15.0116	52.7024	0	
58.0226	-12.3661	105.769	0	
-8.0885	-14.0007	228.531	0	
-5.50903	-13.2944	191.055	0	
-77.4057	-17.2724	657.676	0	
-73.2914	-13.6684	546.776	0	
-143.973	-8.80411	279.341	0	
-143.855	-10.7952	352.784	0	
-145.043	-8.62081	286.074	0	
-144.091	-10.056	332.022	0	
-144.22	-11.3654	377.465	0	
-143.281	-12.6919	412.908	0	
-142.333	-12.9547	425.288	0	
-141.281	-13.0028	432.545	0	
19.3299	-14.0345	191.036	0	
20.6666	-13.4844	195.334	0	
17.3978	-14.8875	182.445	0	
18.1634	-15.02	186.727	0	
103.104	-14.1438	188.019	0	
104.555	-12.6776	188.01	0	
-132.112	-15.1736	528.862	0	
-131.237	-15.458	537.374	0	
-130.855	-17.5858	619.135	0	
-129.479	-16.6235	580.221	0	
60.4961	-11.5766	131.15	0	
62.0221	-13.252	99.0133	0	
64.187	-11.7535	136.7	0	
64.2209	-10.0395	183.106	0	
-83.0106	-13.221	570.066	0	
-77.6041	-13.8545	573.843	0	
-90.5129	-11.9442	537.769	0	
-90.8969	-10.5016	454.438	0	
28.064	-16.2064	209.79	0	
27.1938	-16.1915	206.243	0	
28.4778	-16.839	201.468	0	
30.7164	-16.7301	197.143	0	
30.8049	-14.1802	216.192	0	
29.7254	-13.5546	220.628	0	
110.525	-10.5653	193.545	0	
111.808	-11.1172	196.383	0	
12.8121	-18.7368	174.818	0	
14.2601	-18.4489	176.132	0	
14.0913	-17.6013	176.7	0	
17.9838	-16.425	184.63	0	
-42.4498	-17.0845	522.646	0	
-39.7208	-17.4369	555.242	0	
-38.8102	-18.1868	556.08	0	
-38.5905	-16.4514	562.334	0	
-52.6622	-14.531	467.257	0	
-51.8632	-13.2579	454.532	0	
130.878	-12.9675	216.148	0	
132.647	-12.3038	214.179	0	
134.272	-13.5447	214.391	0	
136.476	-15.7838	212.75	0	
136.949	-14.8742	212.456	0	
139.555	-15.3518	211.788	0	
-145.361	-10.7161	350.088	0	
-145.415	-11.8501	381.89	0	
-146.207	-10.8599	355.338	0	
-145.733	-12.9254	415.608	0	
-145.444	-13.4904	428.654	0	
-144.536	-12.5929	410.552	0	
-146.242	-11.6025	377.116	0	
-147.555	-12.0421	389.145	0	
-145.79	-14.0245	445.695	0	
-144.893	-14.5861	470.683	0	
-148.573	-12.9605	402.271	0	
-148.51	-14.638	440.474	0	
-146.823	-13.4395	423.365	0	
-144.532	-16.1653	505.449	0	
-144.602	-15.1169	478.879	0	
-143.777	-14.4172	465.866	0	
-147.507	-13.4555	425.753	0	
-147.058	-14.705	454.384	0	
-146.762	-15.3079	468.721	0	
-147.227	-16.0432	482.202	0	
-145.548	-15.7169	486.911	0	
-143.853	-16.0694	514.999	0	
-143.229	-14.2327	472.29	0	
-144.255	-13.5972	440.664	0	
-143.604	-15.4543	493.112	0	
-142.511	-13.488	450.436	0	
-141.419	-14.9498	488.481	0	
-142.168	-14.5434	483.785	0	
-141.796	-12.6076	423.245	0	
-142.488	-11.983	405.961	0	
-141.384	-15.6897	525.333	0	
-140.687	-12.6589	425.893	0	
-141.225	-17.2372	560.402	0	
-139.392	-15.1232	507.657	0	
-140.935	-14.4093	479.07	0	
-139.824	-14.2964	482.987	0	
-147.912	-12.8233	395.399	0	
-148.943	-13.8706	414.993	0	
-145.906	-16.3623	506.51	0	
-145.71	-17.5127	528.556	0	
-143.373	-16.6249	526.974	0	
-142.86	-15.3283	504.002	0	
-141.924	-11.9333	394.154	0	
-142.948	-11.6426	383.971	0	
-143.487	-12.1549	403.693	0	
-142.685	-12.5409	414.919	0	
-144.334	-17.2869	532.819	0	
-141.875	-18.6682	582.354	0	
16.7927	-15.7518	181.835	0	
17.0598	-16.5691	180.732	0	
19.3183	-15.8306	189.361	0	
19.9895	-14.3563	192.807	0	
63.5922	-13.163	106.542	0	
65.711	-12.3821	136.105	0	
25.8523	-16.8344	202.362	0	
25.6694	-18.2999	195.125	0	
28.3633	-18.1586	191.839	0	
29.1778	-18.1543	192.017	0	
31.4672	-16.7969	191.491	0	
31.8948	-14.8809	208.769	0	
31.6066	-14.2352	217.871	0	
31.4981	-11.7811	228.266	0	
109.604	-10.6479	192.245	0	
109.925	-11.9603	194.714	0	
112.326	-11.6693	198.393	0	
113.146	-10.5459	197.928	0	
-53.1134	-15.2284	471.168	0	
-50.7681	-15.6313	472.992	0	
-144.771	-16.7502	523.567	0	
-145.496	-16.8887	512.236	0	
-144.145	-18.4985	563.284	0	
-143.614	-17.2575	543.636	0	
-146.373	-17.6971	519.629	0	
-145.279	-19.537	566.623	0	
-144.548	-19.4196	572.91	0	
-142.959	-19.226	585.008	0	
-146.669	-16.543	493.131	0	
-146.289	-18.9236	545.853	0	
-146.664	-18.4164	531.685	0	
-147.4	-18.4967	521.601	0	
-148.189	-16.3275	478.202	0	
-147.525	-17.6797	508.009	0	
-148.041	-19.2438	529.729	0	
-145.93	-20.3169	567.072	0	
-142.04	-17.266	551.106	0	
-143.103	-17.9392	559.942	0	
16.6843	-17.4529	181.272	0	
18.0217	-18.0303	184.385	0	
19.131	-17.2007	187.303	0	
21.6848	-16.7928	193.492	0	
25.163	-15.8584	209.679	0	
23.8266	-16.6623	203.652	0	
25.1201	-19.3194	194.734	0	
26.127	-19.8194	188.074	0	
31.8871	-17.7087	181.309	0	
33.0325	-15.7858	193.614	0	
31.4488	-15.479	206.412	0	
32.681	-15.0212	203.07	0	
30.549	-11.2974	227.648	0	
28.678	-12.8345	220.82	0	
109.546	-13.0053	195.617	0	
111.885	-14.9823	204.199	0	
111.284	-12.6412	197.548	0	
113.527	-12.5206	200.83	0	
113.719	-10.1461	197.317	0	
112.252	-9.75165	195.9	0	
-144.376	-21.1332	605.501	0	
-143.535	-21.4813	617.07	0	
-148.837	-15.6827	449.957	0	
-149.883	-17.2388	460.362	0	
-148.994	-17.7463	495.686	0	
-149.449	-20.9595	515.708	0	
-147.618	-20.0967	540.275	0	
-144.967	-25.6839	636.08	0	
-139.974	-17.9169	585.595	0	
-138.504	-16.1265	542.302	0	
-142.218	-19.3131	597.894	0	
-142.339	-17.9776	569.187	0	
30.6577	-18.2759	182.307	0	
30.5321	-19.9232	167.952	0	
31.8282	-16.1494	196.316	0	
32.6256	-16.3159	191.141	0	
33.9584	-15.9239	183.139	0	
33.2343	-14.4101	208.837	0	
30.4673	-13.5518	223.603	0	
29.7889	-11.868	227.183	0	
108.327	-12.9846	191.46	0	
108.677	-15.8794	201.326	0	
110.428	-13.4783	198.385	0	
112.832	-14.1133	203.647	0	
114.204	-12.8356	204.293	0	
115.078	-11.616	202.446	0	
114.448	-10.3588	199.166	0	
114.384	-9.04523	197.134	0	
-145.882	-21.1848	585.755	0	
-145.007	-21.6891	598.825	0	
-142.269	-20.7522	619.006	0	
-141.889	-19.9948	609.506	0	
33.2739	-18.6687	157.369	0	
35.1507	-16.8672	160.308	0	
34.3413	-16.7393	171.897	0	
35.823	-16.1985	161.645	0	
30.012	-12.4605	224.801	0	
28.8364	-11.6408	222.39	0	
113.683	-14.4925	205.559	0	
116.837	-13.0441	207.899	0	
-140.953	-21.6026	648.577	0	
-140.519	-21.0208	637.576	0	
-139.542	-21.1544	655.759	0	
-138.882	-19.4042	624.369	0	
34.0087	-18.2875	156.463	0	
34.9896	-18.6119	143.88	0	
113.986	-15.4596	208.489	0	
115.663	-14.9606	209.777	0	
115.278	-13.9384	207.863	0	
117.611	-15.8334	213.801	0	
-141.826	-21.4747	635.34	0	
-141.013	-20.1355	626.46	0	
-142.242	-22.5405	647.005	0	
-139.087	-23.7481	689.607	0	
-141.58	-23.294	658.664	0	
-141.705	-24.4981	673.816	0	
113.661	-6.23721	195.305	0	
113.426	-7.56792	194.306	0	
-93.7165	-6.81627	257.96	0	
-94.5041	-8.02246	300.095	0	
-94.3286	-9.12288	372.69	0	
-93.6122	-8.05575	304.837	0	
-93.8517	-9.61521	380.633	0	
-93.308	-9.44896	383.749	0	
-94.0232	-10.1703	425.037	0	
-93.6508	-10.5737	434.03	0	
-92.403	-9.68276	396.742	0	
-91.606	-9.17965	368.908	0	
-94.6058	-10.3031	418.036	0	
-94.4195	-11.3687	473.923	0	
-91.9969	-10.2185	416.898	0	
-91.2975	-8.65952	335.289	0	
-91.7384	-7.76528	303.356	0	
-92.6474	-8.6466	335.491	0	
-93.8114	-11.1783	471.282	0	
-93.3309	-11.6147	498.185	0	
-92.4575	-10.6608	450.637	0	
-91.1133	-11.4374	487.732	0	
-95.2298	-9.76474	398.46	0	
-95.8464	-11.4279	482.994	0	
-93.2254	-12.5161	536.794	0	
-91.9491	-11.7747	509.594	0	
-95.55	-10.8251	442.702	0	
-95.3615	-12.2302	501.868	0	
-95.7399	-12.9687	567.526	0	
-94.6047	-13.9539	626.441	0	
122.843	-8.00457	201.096	0	
123.908	-8.37668	202.96	0	
121.858	-8.09235	201.507	0	
122.526	-9.33792	204.773	0	
47.9248	-12.1888	119.757	0	
47.0866	-12.5503	117.511	0	
48.1807	-15.067	71.6826	0	
48.8889	-15.5996	61.216	0	
49.8864	-17.4508	35.8645	0	
-163.234	-0.430699	74.2962	0	
51.1315	-18.1545	30.1228	0	
53.0669	-16.9863	35.4636	0	
54.3449	-16.0899	42.8557	0	
51.5826	-17.3371	33.7341	0	
55.2261	-17.4418	31.0148	0	
-18.3263	-7.31444	216.141	0	
-17.8761	-8.51661	242.895	0	
96.4291	-15.0735	197.487	0	
97.503	-14.9794	195.916	0	
92.5024	-15.1595	208.613	0	
96.7856	-16.9568	204.546	0	
-126.07	-10.7634	375.184	0	
-123.408	-13.752	501.678	0	
83.8699	-11.5847	217.69	0	
87.1883	-12.831	215.08	0	
-26.5329	-13.2477	567.059	0	
-25.8489	-11.8867	519.619	0	
-78.0548	-8.30577	323.278	0	
-78.7877	-9.72933	404.252	0	
-78.5618	-10.6005	426.885	0	
-76.5066	-10.8712	445.191	0	
-77.9469	-10.7787	446.016	0	
-77.6682	-11.4828	483.772	0	
-75.7317	-10.9781	458.918	0	
-75.4659	-9.56468	393.326	0	
-78.1003	-12.2563	513.099	0	
-76.8137	-12.3049	510.797	0	
-79.3717	-12.3622	532.769	0	
-81.1748	-13.4777	589.86	0	
131.417	-8.58282	208.342	0	
130.584	-9.41228	210.529	0	
59.0633	-13.718	79.3018	0	
61.1957	-12.8838	103.924	0	
-12.3659	-12.8825	274.801	0	
-14.1493	-16.3944	385.757	0	
68.91	-11.2662	181.585	0	
69.9644	-13.3274	142.584	0	
73.523	-13.9631	172.724	0	
72.6483	-13.3778	180.123	0	
75.2323	-14.6682	187.817	0	
76.053	-14.8941	189.61	0	
78.009	-13.2804	214.837	0	
79.4786	-13.9517	220.253	0	
-105.661	-13.6725	550.553	0	
-102.082	-13.5704	561.351	0	
-101.861	-11.8827	482.992	0	
-103.215	-14.1243	581.059	0	
117.203	-8.39612	197.849	0	
117.236	-9.6686	200.478	0	
116.88	-10.3375	202.016	0	
117.295	-10.9734	203.611	0	
116.712	-11.6361	204.341	0	
118.949	-12.6617	210.445	0	
119.767	-10.2975	204.551	0	
118.602	-11.2468	206.556	0	
119.494	-11.0545	205.916	0	
120.721	-9.25356	203.252	0	
-29.5357	-13.6164	597.889	0	
-28.0056	-12.734	566.149	0	
-164.754	-2.109	70.4366	0	
-165.59	-0.884193	64.4777	0	
81.8752	-10.0818	210.669	0	
82.3424	-10.9347	216.03	0	
-128.382	-14.5329	517.327	0	
-127.511	-13.0605	455.692	0	
140.707	-13.7877	211.858	0	
142.785	-12.5509	210.442	0	
-109.344	-16.8692	654.429	0	
-107.518	-18.3594	706.293	0	
-107.184	-14.6596	592.795	0	
-105.938	-14.6875	585.136	0	
-51.1645	-14.5652	472.302	0	
-51.2969	-16.3591	471.762	0	
-43.1534	-19.595	492.329	0	
-41.5021	-16.5953	534.495	0	
2.75289	-16.1367	174.899	0	
2.0944	-18.3529	190.97	0	
5.53609	-20.104	187.393	0	
6.22883	-18.3334	177.256	0	
3.42197	-19.8532	192.403	0	
8.34034	-20.4172	182.017	0	
5.43095	-19.3396	184.604	0	
6.79112	-20.7119	189.023	0	
6.9238	-21.8394	193.55	0	
8.64535	-21.8736	192.896	0	
8.90467	-20.9986	184.807	0	
8.60659	-18.8368	173.935	0	
9.87103	-19.9055	179.609	0	
8.9547	-19.6323	179.096	0	
-97.595	-13.5335	565.188	0	
-97.4207	-11.9686	502.298	0	
55.1496	-16.0329	43.58	0	
54.6586	-14.6765	56.4469	0	
55.6024	-16.789	36.512	0	
56.6387	-15.4478	53.3933	0	
54.3537	-17.5765	30.3821	0	
57.0033	-18.0544	25.9599	0	
-121.027	-13.4531	482.144	0	
-118.793	-15.9498	594.718	0	
144.875	-12.9359	211.475	0	
144.761	-11.2501	210.352	0	
143.633	-15.0855	211.041	0	
147.518	-12.1653	213.799	0	
146.389	-12.9163	212.767	0	
146.289	-11.348	211.844	0	
103.985	-14.4583	189.946	0	
107.725	-14.9387	194.899	0	
-164.916	-6.79805	93.3483	0	
-162.895	-7.34112	111.744	0	
-162.033	-8.19057	139.221	0	
-161.71	-6.39094	120.039	0	
-90.806	-12.9933	562.614	0	
-88.2372	-14.7304	636.615	0	
-88.328	-13.5999	612.192	0	
-89.0895	-15.4676	679.883	0	
-156.749	-12.8376	275.214	0	
-158.11	-13.0713	250.482	0	
-157.168	-14.3386	284.152	0	
-157.411	-13.3294	275.645	0	
-159.13	-14.9548	256.181	0	
-158.304	-16.0823	286.497	0	
-158.789	-12.3126	230.636	0	
-159.51	-12.6417	225.468	0	
-159.959	-13.8673	226.657	0	
-160.295	-15.8986	247.908	0	
-158.11	-16.9099	297.819	0	
-156.7	-16.7917	326.147	0	
-161.156	-11.5873	181.057	0	
-160.487	-15.1406	232.673	0	
-160.988	-16.5795	248.02	0	
-158.656	-18.4162	299.171	0	
-158.754	-17.5146	300.388	0	
-157.838	-18.7363	333.716	0	
-155.743	-17.3086	354.124	0	
-154.52	-15.9247	357.867	0	
-163.285	-10.9748	144.616	0	
-161.684	-13.598	200.577	0	
-160.753	-13.262	206.743	0	
-161.493	-14.7129	209.366	0	
-162.203	-15.2442	210.627	0	
-163.104	-17.9688	221.793	0	
-160.5	-17.3777	262.147	0	
-159.8	-18.906	294.044	0	
23.6405	-12.8248	208.688	0	
21.7925	-13.9811	198.654	0	
21.6663	-14.9185	197.591	0	
22.992	-14.5197	200.978	0	
20.9819	-15.4582	194.375	0	
20.3946	-16.6778	191.624	0	
148.986	-11.7656	214.215	0	
148.834	-12.7171	215.784	0	
151.166	-15.5309	215.32	0	
155.327	-13.5996	222.782	0	
-22.5415	-10.5617	404.346	0	
-21.2713	-11.649	415.037	0	
-21.2118	-13.5493	497.67	0	
-20.3392	-14.4207	498.18	0	
57.5959	-16.3256	42.2525	0	
60.4847	-13.4011	88.7032	0	
-8.87915	-14.638	242.335	0	
-8.70604	-15.7576	265.223	0	
-7.08788	-14.1749	214.352	0	
-5.21929	-16.865	235.088	0	
101.189	-13.9018	187.631	0	
104.367	-15.4137	194.251	0	
-130.103	-18.5268	632.551	0	
-127.6	-16.1475	570.238	0	
62.0926	-14.1655	78.2107	0	
63.6746	-14.0942	87.8411	0	
-83.4056	-14.2295	634.746	0	
-80.3059	-16.6362	683.084	0	
12.2141	-19.3006	177.699	0	
11.3337	-20.6059	180.731	0	
15.7473	-19.3477	179.886	0	
14.9551	-17.1811	175.762	0	
-38.8046	-19.4965	551.379	0	
-36.758	-18.6602	580.052	0	
135.586	-16.365	213.24	0	
138.534	-15.5442	211.555	0	
140.709	-15.8593	211.053	0	
141.478	-14.7825	211.213	0	
-140.049	-16.195	541.83	0	
-139.612	-17.0778	554.462	0	
66.5776	-12.6853	129.959	0	
65.8521	-10.3023	173.919	0	
66.7716	-13.5803	117.847	0	
69.3792	-12.8307	162.251	0	
64.9164	-10.3975	169.258	0	
65.5991	-11.5769	149.689	0	
67.9922	-12.3646	152.799	0	
68.2281	-11.5527	162.886	0	
68.4533	-13.103	135.629	0	
69.6	-11.8058	164.91	0	
69.0214	-10.3196	187.93	0	
68.3198	-9.83786	200.288	0	
69.8979	-9.99801	207.206	0	
69.1975	-8.68323	216.858	0	
67.5716	-8.42134	216.633	0	
66.485	-8.78688	211.124	0	
27.9085	-19.0137	190.662	0	
29.434	-18.8579	184.812	0	
27.0248	-19.0893	191.318	0	
28.0278	-22.0442	166.637	0	
30.2102	-18.9974	177.529	0	
30.3099	-17.4483	192.965	0	
29.8115	-20.6591	165.837	0	
31.4841	-18.4696	177.152	0	
33.2215	-21.4962	126.721	0	
31.7925	-19.3953	162.712	0	
31.7247	-20.9866	147.18	0	
32.5808	-20.8427	144.817	0	
31.0942	-21.8588	143.906	0	
31.2004	-23.6718	131.55	0	
-54.5371	-14.2868	464.944	0	
-54.0263	-16.765	472.71	0	
15.8171	-17.7032	178.27	0	
15.2927	-18.5058	178.713	0	
19.1206	-18.9914	187.34	0	
19.6173	-16.5506	187.968	0	
22.8158	-16.2527	197.719	0	
22.7647	-17.9851	193.252	0	
23.5963	-18.2325	197.976	0	
26.3237	-22.3123	174.381	0	
-150.996	-17.5046	447.105	0	
-148.925	-18.9198	501.086	0	
-139.844	-18.9486	613.17	0	
-137.74	-18.5877	618.029	0	
33.9077	-14.5048	199.964	0	
34.2803	-15.2541	192.894	0	
35.1217	-19.7084	126.315	0	
37.37	-20.5861	91.4159	0	
113.328	-16.5202	208.317	0	
114.015	-18.3077	210.312	0	
-96.9558	-12.8066	555.5	0	
-98.7839	-13.4394	583.729	0	
46.2907	-12.235	121.72	0	
45.9524	-13.6841	99.0807	0	
44.2277	-14.2374	102.466	0	
48.922	-16.2677	50.5243	0	
46.7208	-15.541	71.812	0	
46.9527	-18.0522	43.4859	0	
-164.701	-0.421353	68.4778	0	
-165.643	-1.72913	66.3626	0	
48.92	-17.8215	40.3329	0	
48.7926	-18.497	33.6866	0	
51.6364	-18.9127	26.1434	0	
52.5102	-17.6248	32.9764	0	
99.6316	-20.0949	210.19	0	
100.551	-16.9861	196.375	0	
95.9338	-16.1588	202.979	0	
97.7043	-16.2182	198.83	0	
-127.098	-10.6673	351.625	0	
-127.087	-12.2595	414.195	0	
-125.461	-12.3796	427.361	0	
-125.86	-13.6141	484.868	0	
-26.5251	-14.3384	602.101	0	
-22.4425	-14.021	544.625	0	
69.8102	-14.3986	139.994	0	
71.6284	-14.7145	156.813	0	
73.609	-14.9713	176.691	0	
76.6102	-14.1824	206.128	0	
77.5591	-14.1444	210.444	0	
79.3353	-12.5283	221.53	0	
80.879	-11.6642	221.143	0	
78.8132	-11.7389	220.326	0	
-104.599	-15.6021	638.25	0	
-102.883	-15.3766	635.891	0	
-101.301	-16.6587	700.952	0	
-96.7536	-14.4528	618.001	0	
117.66	-13.8356	210.562	0	
120.249	-14.0704	213.137	0	
120.927	-11.6614	209.278	0	
120.677	-10.1921	204.319	0	
-31.808	-13.9745	600.927	0	
-28.4499	-15.5157	632.324	0	
-167.185	-3.70707	65.9971	0	
-165.471	-4.57658	78.1723	0	
-167.389	-0.879301	59.8375	0	
-166.542	-2.23346	64.0127	0	
81.1311	-9.65137	209.105	0	
80.3034	-10.8086	218.459	0	
82.437	-12.5478	223.993	0	
84.8287	-11.6333	214.087	0	
-129.291	-15.6713	561.026	0	
-127.015	-15.4087	545.394	0	
-50.7492	-17.3736	472.357	0	
-47.55	-18.6662	467.639	0	
0.0344395	-16.2603	179.278	0	
1.51276	-17.5703	182.795	0	
1.66188	-19.3527	198.328	0	
2.36793	-20.2148	201.56	0	
7.74593	-22.4244	196.323	0	
9.24036	-22.4926	193.314	0	
7.95161	-24.2569	211.353	0	
10.2476	-22.4557	192.697	0	
12.3105	-23.1766	193.098	0	
12.9498	-21.4765	183.92	0	
53.2167	-20.7957	17.7595	0	
56.0822	-18.6231	24.9493	0	
57.8307	-18.4962	26.4152	0	
59.539	-18.7316	25.9207	0	
146.736	-13.7809	213.035	0	
147.608	-13.8851	214.237	0	
145.889	-14.6197	212.274	0	
149.763	-13.2254	214.982	0	
-162.049	-9.30479	144.015	0	
-160.3	-8.69905	162.477	0	
-90.2966	-18.1248	746.409	0	
-87.2106	-17.6413	724.947	0	
-157.704	-19.839	334.261	0	
-153.797	-18.1765	412.344	0	
-23.3023	-13.1759	526.39	0	
-24.0681	-17.7235	616.105	0	
-18.4428	-17.0561	511.469	0	
-18.0609	-13.9648	426.012	0	
59.6835	-12.995	92.7135	0	
59.4233	-14.7635	69.5904	0	
-4.85404	-14.4146	202.439	0	
-5.57577	-15.4413	214.883	0	
104.3	-16.4349	193.402	0	
105.612	-13.9814	191.867	0	
60.3472	-14.4349	69.6677	0	
62.1641	-16.1516	56.3359	0	
66.0332	-14.2055	101.055	0	
65.0783	-12.958	116.256	0	
11.1951	-19.0619	175.232	0	
11.2501	-21.567	186.388	0	
12.0981	-22.1744	187.09	0	
12.165	-20.2402	179.673	0	
13.8038	-19.832	179.391	0	
12.9331	-20.5034	181.427	0	
135.644	-17.4683	211.579	0	
138.241	-16.3354	211.871	0	
65.2064	-13.8865	101.536	0	
69.0177	-14.9191	106.171	0	
34.1097	-21.2579	124.774	0	
33.4001	-19.6111	146.762	0	
32.9499	-22.511	124.473	0	
31.6787	-22.7296	131.371	0	
-55.4834	-14.3854	472.209	0	
-54.4907	-15.854	474.28	0	
-55.8977	-16.999	477.401	0	
-52.3724	-18.8139	463.33	0	
14.8848	-20.1179	180.468	0	
15.4921	-23.0639	188.893	0	
18.6656	-19.8582	184.487	0	
19.6422	-20.4738	188.557	0	
20.1477	-17.8799	190.065	0	
21.0627	-16.1822	193.211	0	
20.6114	-17.3681	190.283	0	
21.3302	-17.5441	194.008	0	
19.4446	-17.8396	186.743	0	
21.4886	-18.2428	189.968	0	
18.7731	-18.4421	185.338	0	
20.1056	-18.6446	187.095	0	
22.2314	-18.5075	194.921	0	
22.3766	-16.9691	198.839	0	
22.381	-19.4563	189.136	0	
24.1213	-19.2707	191.125	0	
115.414	-19.1686	212.486	0	
115.251	-16.7165	210.378	0	
-99.6646	-14.3087	601.927	0	
-99.6481	-16.8094	686.266	0	
42.609	-15.1984	100.05	0	
45.2026	-16.155	72.7608	0	
48.0019	-16.6915	50.2416	0	
48.0209	-17.4591	43.0771	0	
48.191	-20.5028	24.2064	0	
52.7194	-20.0898	19.0459	0	
51.4153	-19.9478	21.3555	0	
53.0847	-19.181	23.4816	0	
50.3862	-20.1567	22.6998	0	
49.0211	-21.1365	21.9566	0	
51.6961	-22.122	15.4705	0	
51.8989	-21.3211	16.4598	0	
52.8594	-23.8031	11.4071	0	
53.2464	-22.221	14.3828	0	
54.625	-22.26	13.3095	0	
52.6037	-22.7543	13.0032	0	
55.1969	-23.9806	10.9885	0	
54.0336	-20.7516	16.2096	0	
-27.7804	-14.6381	620.199	0	
-27.049	-17.1236	641.45	0	
76.2708	-15.9653	193.14	0	
78.9636	-14.6695	217.784	0	
81.8771	-13.3209	225.791	0	
80.4394	-12.4998	223.416	0	
116.97	-14.96	211.641	0	
119.107	-15.4715	214.727	0	
121.479	-15.1785	216.366	0	
121.283	-13.1603	212.895	0	
122.523	-15.0072	216.077	0	
121.624	-13.8917	214.542	0	
121.596	-12.4113	211.708	0	
122.071	-10.9714	208.737	0	
-169.15	-0.984861	56.0371	0	
-167.989	-5.37248	69.1015	0	
80.9302	-13.2492	225.31	0	
86.2313	-16.4551	233.541	0	
83.4048	-12.5032	222.602	0	
86.0067	-13.019	219.68	0	
-129.113	-17.8768	634.592	0	
-127.429	-17.458	630.553	0	
-126.049	-15.5512	550.168	0	
-125.32	-14.4577	519.087	0	
6.19717	-24.8948	225.971	0	
8.39682	-28.5689	238.977	0	
9.07359	-23.3543	200.193	0	
10.6362	-23.5419	196.43	0	
150.889	-17.2586	215.26	0	
148.319	-14.9331	213.666	0	
-158.589	-20.6047	330.383	0	
-158.472	-21.8042	344.648	0	
-156.361	-18.6407	360.596	0	
-156.974	-20.1269	362.1	0	
-24.7203	-14.8745	596.068	0	
-23.4584	-15.3416	575.865	0	
58.1125	-15.5898	51.0133	0	
61.1354	-15.8297	52.5064	0	
105.219	-16.9699	200.206	0	
106.344	-15.5195	197.077	0	
62.5653	-17.7689	40.6278	0	
65.5852	-15.8485	73.3144	0	
11.4991	-23.9636	198.785	0	
13.3294	-23.5305	192.514	0	
134.989	-18.2732	212.464	0	
135.364	-19.2303	209.251	0	
136.723	-17.4559	211.971	0	
138.738	-19.4999	207.741	0	
63.8382	-16.0134	66.0596	0	
66.313	-15.2359	86.2171	0	
34.837	-21.971	103.829	0	
35.8676	-20.3134	112.032	0	
-56.2028	-13.1437	457.086	0	
-56.8663	-15.3559	478.405	0	
20.7192	-19.7941	186.952	0	
21.6795	-21.3066	185.67	0	
59.0246	-19.7743	21.1468	0	
55.3886	-19.9967	17.5097	0	
54.9509	-21.4359	14.8091	0	
56.0953	-19.4605	21.1993	0	
77.2363	-15.8815	196.715	0	
78.947	-16.9617	204.099	0	
80.3498	-15.8046	221.357	0	
82.2709	-14.281	228.198	0	
83.7848	-13.3866	226.818	0	
84.0745	-15.06	230.034	0	
-126.411	-17.8685	626.023	0	
-124.459	-16.9263	603.949	0	
8.02924	-23.4139	202.238	0	
9.23962	-24.7923	208.444	0	
-154.911	-16.9264	373.433	0	
-155.579	-18.2329	368.906	0	
-156.461	-21.7426	389.26	0	
-154.467	-21.5753	422.641	0	
-155.712	-20.6454	387.264	0	
-152.768	-20.3529	446.086	0	
-156.52	-20.9155	375.221	0	
-155.313	-22.3059	410.78	0	
-154.285	-20.0086	410.995	0	
-154.808	-20.742	414.483	0	
-157.59	-23.7138	386.722	0	
-150.754	-25.808	528.133	0	
-151.796	-20.3483	479.41	0	
-151.477	-18.3441	461.188	0	
104.39	-18.9395	203.873	0	
108.807	-17.9682	203.739	0	
63.4384	-17.1761	48.8636	0	
64.7392	-17.0773	57.0849	0	
33.7081	-23.5311	104.094	0	
39.0822	-21.2076	74.6304	0	
-58.2075	-12.0827	435.789	0	
-57.1214	-14.4825	475.47	0	
-57.5184	-16.0364	486.148	0	
-56.8429	-17.5451	479.429	0	
55.7619	-20.9623	16.3807	0	
56.4948	-21.1086	16.2382	0	
57.7784	-21.5112	15.9544	0	
60.7559	-20.4595	20.3545	0	
81.1617	-16.8067	219.381	0	
79.4472	-15.7118	213.607	0	
83.2109	-14.3914	228.348	0	
83.4544	-16.1528	235.077	0	
-60.1028	-12.5526	451.559	0	
-59.5314	-14.3575	481.408	0	
-58.4042	-15.7612	485.884	0	
-58.9582	-16.7001	492.893	0	
-58.0967	-20.748	463.751	0	
-54.8484	-17.4551	469.948	0	
80.96	-17.9706	216.811	0	
81.7117	-15.0199	226.935	0	
82.1929	-19.4123	215.031	0	
84.4991	-16.9636	231.509	0	
-17.7268	-12.008	347.03	0	
-16.1103	-13.3867	357.384	0	
100.869	-15.8276	195.119	0	
102.191	-14.6663	191.457	0	
99.2292	-17.3511	200.932	0	
101.432	-18.0615	203.15	0	
-70.2157	-18.192	597.974	0	
-67.8993	-14.2769	537.042	0	
39.1672	-16.0619	127.044	0	
42.2482	-14.1522	124.471	0	
41.4941	-13.1372	147.858	0	
42.0285	-11.6419	172.549	0	
40.8605	-14.6251	133.778	0	
43.0078	-13.3535	132.206	0	
40.982	-15.7601	109.015	0	
42.0225	-16.1775	102.441	0	
81.1133	-8.54266	202.885	0	
80.089	-8.89845	205.685	0	
-135.312	-23.4778	719.073	0	
-133.738	-23.0178	721.026	0	
-122.506	-14.5021	530.356	0	
-121.732	-12.6194	458.292	0	
-74.4861	-15.1055	595.487	0	
-73.8578	-17.0136	623.925	0	
133.442	-14.0042	214.951	0	
134.508	-15.1284	214.338	0	
-147.56	-21.8084	559.289	0	
-146.574	-21.7647	585.921	0	
-146.934	-23.8068	596.021	0	
-148.014	-23.06	570.792	0	
-145.114	-22.9686	615.855	0	
-146.121	-22.9446	591.089	0	
-150.089	-21.8077	533.535	0	
-149.445	-24.8495	559.682	0	
-139.039	-21.9797	668.501	0	
-137.169	-21.7841	679.608	0	
-139.695	-22.9023	681.559	0	
-139.46	-24.6944	701.148	0	
-138.091	-25.5367	715.897	0	
-137.188	-24.7403	716.373	0	
-142.769	-25.132	660.834	0	
-139.291	-29.3811	725.839	0	
-42.351	-18.5091	513.054	0	
-40.6778	-17.4994	532.128	0	
-44.4362	-19.1199	486.531	0	
-42.5947	-21.244	482.969	0	
-117.678	-15.2119	562.582	0	
-118.252	-13.9292	527.546	0	
141.508	-18.0499	209.247	0	
146.18	-15.9537	212.478	0	
-92.3012	-14.7614	642.77	0	
-90.1627	-14.8709	640.222	0	
-164.357	-11.5336	146.464	0	
-162.562	-12.7623	171.321	0	
-164.229	-13.7812	161.744	0	
-163.039	-17.0149	209.535	0	
-164.1	-18.712	217.56	0	
-163.51	-19.8286	231.581	0	
-10.0192	-14.1561	262.316	0	
-12.1849	-14.8595	322.926	0	
-9.2909	-17.9813	309.415	0	
-5.90366	-19.0615	271.289	0	
-130.356	-19.6022	677.003	0	
-129.386	-20.3961	688.007	0	
-81.5626	-14.9323	653.371	0	
-78.7102	-14.1239	610.009	0	
-40.1486	-19.9656	519.522	0	
-38.1427	-22.615	509.304	0	
-35.5065	-18.5202	601.944	0	
-36.5265	-16.8061	592.32	0	
29.937	-21.7354	157.888	0	
28.7005	-20.3117	174.398	0	
39.5148	-18.3074	95.3501	0	
37.3967	-16.4388	143.778	0	
93.8166	-15.3919	203.071	0	
96.3187	-18.1478	207.825	0	
68.0217	-14.6438	108.889	0	
70.8951	-18.5536	89.2724	0	
71.5785	-17.2796	105.5	0	
75.2275	-16.3036	166.178	0	
-33.4797	-15.0297	615.932	0	
-30.7967	-16.7396	658.626	0	
-168.2	-0.416461	59.4489	0	
-170.17	-0.5684	56.2691	0	
-167.389	-1.80498	62.1455	0	
-172.34	-0.561988	54.5437	0	
-170.122	-2.64451	56.1793	0	
-51.9277	-17.7093	462.739	0	
-51.6235	-19.6788	447.339	0	
-48.7349	-16.439	480.087	0	
-49.3746	-17.51	470.335	0	
-0.932039	-15.4211	183.986	0	
-1.6351	-18.0243	212.701	0	
-0.332713	-18.2435	197.119	0	
-0.0176807	-20.6294	220.455	0	
1.47897	-23.4699	236.879	0	
4.49859	-20.5029	196.892	0	
54.4759	-18.408	26.6909	0	
55.3483	-18.2733	26.6597	0	
56.6918	-16.2609	40.0627	0	
56.9983	-17.3516	33.5279	0	
57.9695	-19.6226	21.1401	0	
60.811	-18.2298	31.0928	0	
60.3791	-16.7047	44.7448	0	
58.7951	-18.068	28.2208	0	
29.1961	-23.3949	150.019	0	
30.1092	-25.652	123.565	0	
17.4977	-20.1505	185.382	0	
16.0923	-21.9402	187.128	0	
116.284	-18.637	212.989	0	
118.07	-17.8243	214.468	0	
42.3282	-17.3162	77.0127	0	
44.1909	-16.3084	74.0625	0	
44.1115	-17.5402	62.4565	0	
45.1384	-19.42	42.6626	0	
47.9466	-19.1243	32.6134	0	
49.2348	-19.0934	31.0132	0	
47.3209	-21.0465	25.7769	0	
50.4729	-23.1127	15.0956	0	
-170.937	-4.53766	58.986	0	
-168.86	-4.84813	67.1597	0	
-167.9	-6.51707	78.3895	0	
-166.771	-7.31834	83.9272	0	
58.8002	-17.1516	36.2179	0	
59.0305	-15.5251	48.4378	0	
61.9192	-17.8197	38.4059	0	
62.5349	-19.0592	30.5028	0	
9.52485	-25.7842	216.485	0	
13.8844	-24.5977	199.906	0	
16.1666	-24.2131	192.499	0	
14.0466	-22.7192	189.726	0	
133.711	-17.6661	212.277	0	
132.394	-20.9207	208.375	0	
135.386	-21.151	206.56	0	
136.417	-19.3419	209.967	0	
140.94	-19.551	207.776	0	
139.099	-17.3465	210.231	0	
20.7774	-22.9436	184.452	0	
23.7132	-23.0666	179.353	0	
-127.23	-20.4965	696.534	0	
-123.547	-17.9678	647.199	0	
-121.91	-17.2535	639.491	0	
-123.899	-15.8008	571.523	0	
-151.348	-21.479	478.787	0	
-149.817	-19.6428	510.461	0	
107.155	-20.373	205.067	0	
107.183	-18.087	201.284	0	
107.161	-17.0042	201.578	0	
106.612	-18.8306	203.832	0	
33.8046	-25.8055	88.9492	0	
36.0089	-25.004	75.8063	0	
36.7114	-23.3368	82.6521	0	
37.67	-24.0553	65.9175	0	
57.0918	-21.9189	14.0131	0	
57.4542	-20.3266	18.0796	0	
56.8421	-22.8042	12.2351	0	
58.3129	-23.4869	12.4654	0	
84.9688	-14.4232	226.616	0	
84.6473	-13.3238	224.466	0	
-58.5974	-14.5314	486.242	0	
-60.1579	-15.4056	495.74	0	
-61.3482	-15.2671	497.746	0	
-60.3694	-17.2717	501.136	0	
-63.1212	-16.4789	522.506	0	
-63.0632	-17.5819	521.458	0	
-65.0319	-19.0884	543.614	0	
-61.8177	-20.2829	498.642	0	
-61.3658	-18.8199	502.723	0	
-58.4774	-17.6573	486.814	0	
-60.416	-23.1585	445.369	0	
-59.6038	-19.2494	483.769	0	
-59.2788	-20.6954	473.022	0	
-56.9443	-18.9369	467.073	0	
-60.4062	-21.5691	477.191	0	
-57.069	-21.8663	445.649	0	
-57.0871	-23.4461	419.533	0	
-55.3799	-19.5827	457.516	0	
-66.1169	-18.1077	549.452	0	
-66.0872	-14.3728	522.7	0	
-67.801	-15.5573	546.937	0	
-66.5685	-15.5999	539.325	0	
38.3245	-16.9032	126.502	0	
38.5165	-18.0329	107.571	0	
-122.832	-15.6327	565.021	0	
-120.719	-15.1564	543.044	0	
-75.7478	-15.265	608.838	0	
-72.7156	-15.5481	590.523	0	
-72.5482	-14.4343	566.173	0	
-73.6625	-15.8725	604.322	0	
132.532	-13.204	215.437	0	
131.198	-16.3387	217.426	0	
131.573	-18.1528	212.179	0	
133.457	-14.9098	214.822	0	
133.437	-16.5507	214.247	0	
134.656	-16.0546	213.965	0	
-93.9224	-15.101	660.108	0	
-96.962	-18.0241	742.044	0	
-166.232	-10.7876	112.652	0	
-165.473	-13.6369	149.446	0	
-167.397	-14.3199	135.991	0	
-164.015	-16.1859	189.016	0	
-165.34	-16.1878	173.156	0	
-165.455	-18.5362	192.059	0	
-163.56	-22.2352	251.18	0	
-160.855	-22.0248	293.683	0	
-10.5815	-15.9859	307.545	0	
-10.9295	-14.8625	278.453	0	
-11.6833	-18.3339	360.797	0	
-8.78039	-22.0864	346.256	0	
-7.34938	-17.2984	272.665	0	
-8.20147	-18.4786	287.348	0	
-131.675	-19.8412	672.644	0	
-129.667	-21.4616	717.927	0	
-128.855	-22.4139	737.349	0	
-126.737	-21.848	734.613	0	
-34.5783	-19.7672	589.276	0	
-32.3638	-17.398	633.138	0	
27.2624	-22.6709	165.48	0	
29.6603	-24.8639	136.026	0	
89.5446	-18.0494	228.93	0	
94.6102	-17.897	213.635	0	
67.2851	-15.4168	94.7983	0	
66.4863	-17.3254	59.3808	0	
69.0691	-16.0809	101.667	0	
68.0211	-16.3729	83.0586	0	
-52.1431	-20.9787	431.776	0	
-51.0549	-21.5879	430.639	0	
-2.49681	-19.1592	222.887	0	
-1.1289	-21.0483	235.177	0	
-1.25245	-22.7063	251.857	0	
0.918768	-21.5824	220.22	0	
4.84964	-24.2755	215.062	0	
5.5867	-22.6096	207.598	0	
29.1177	-26.6085	130.72	0	
32.8774	-29.7595	84.169	0	
17.3405	-21.6369	184.968	0	
15.2761	-24.9355	195.952	0	
40.3938	-17.5722	92.6616	0	
43.3107	-19.2185	54.2254	0	
42.024	-20.6225	54.591	0	
47.6647	-21.9477	21.5371	0	
46.316	-20.8243	30.3914	0	
48.7208	-22.0531	20.0543	0	
45.4809	-21.6501	28.8508	0	
45.8846	-22.7205	24.0939	0	
49.2889	-22.9991	15.8382	0	
50.8873	-22.1387	15.9814	0	
48.8737	-23.7484	16.7571	0	
49.4823	-25.3343	12.5858	0	
-172.121	-4.26289	58.6063	0	
-172.233	-7.58297	67.9864	0	
63.8091	-17.7141	46.3493	0	
62.8203	-17.1966	43.0535	0	
61.6146	-18.4243	31.9101	0	
62.8856	-19.9891	29.7666	0	
64.5603	-17.6844	46.627	0	
63.9406	-16.743	53.1551	0	
62.1922	-16.8697	47.2617	0	
61.5934	-17.2845	38.6856	0	
58.776	-21.7533	15.5274	0	
62.9554	-21.9967	22.3329	0	
63.8687	-21.8901	24.3151	0	
67.701	-17.2658	76.1916	0	
64.7197	-18.5983	44.9432	0	
65.4489	-20.7823	34.4635	0	
60.809	-17.4415	38.2627	0	
60.4417	-18.7725	28.1196	0	
61.1765	-19.5543	25.2611	0	
61.8895	-19.169	31.5618	0	
13.0551	-27.8742	216.882	0	
13.152	-25.6954	203.457	0	
132.894	-18.6085	213.845	0	
131.057	-19.837	214.34	0	
134.31	-23.3119	204.084	0	
138.226	-21.3187	205.267	0	
18.7376	-23.3785	186.618	0	
20.075	-24.8387	185.117	0	
-152.434	-22.2359	480.117	0	
-152.31	-24.3416	502.62	0	
110.09	-19.185	206.544	0	
109.771	-15.8123	201.03	0	
106.482	-21.5164	206.44	0	
108.143	-18.6764	203.805	0	
106.407	-25.225	205.38	0	
110.922	-20.9156	207.487	0	
108.835	-21.4899	207.146	0	
111.803	-18.8785	207.916	0	
108.748	-23.0269	206.539	0	
111.269	-22.1808	208.184	0	
109.384	-19.8536	206.716	0	
109.709	-20.9442	207.099	0	
59.8702	-24.4198	12.8462	0	
61.3967	-21.3426	20.1916	0	
-65.6257	-20.7966	533.883	0	
-63.102	-20.1757	516.653	0	
-64.9903	-13.7137	493.432	0	
-66.5127	-12.6621	484.936	0	
39.7251	-19.497	82.9263	0	
41.4433	-18.0144	81.482	0	
-75.0771	-17.3089	642.281	0	
-76.1434	-16.3273	643.954	0	
-72.7683	-19.8553	635.425	0	
-71.5408	-16.032	596.609	0	
-168.827	-9.69187	91.3715	0	
-167.461	-12.9686	129.007	0	
-168.778	-18.089	151.485	0	
-165.551	-20.6211	212.268	0	
-15.4612	-18.5234	451.146	0	
-12.2576	-21.1006	401.161	0	
25.729	-21.396	180.275	0	
26.5657	-24.1944	162.085	0	
24.6087	-21.5497	182.057	0	
24.5403	-22.5419	178.902	0	
26.5402	-25.2018	158.445	0	
28.4994	-24.9185	145.516	0	
-55.3031	-21.2185	440.838	0	
-53.9156	-23.3882	410.812	0	
-48.6452	-25.0528	383.462	0	
-48.3467	-22.6339	415.444	0	
-2.72311	-22.9221	271.158	0	
-0.305854	-24.6739	259.421	0	
44.1918	-19.951	44.9979	0	
45.0574	-18.2509	52.0278	0	
43.9264	-20.9376	40.6252	0	
47.7045	-23.6506	17.7586	0	
65.7643	-18.554	47.8168	0	
68.6252	-18.3707	66.2634	0	
137.379	-22.8539	201.866	0	
137.284	-21.9264	205.142	0	
139.79	-19.9827	207.015	0	
137.823	-20.3455	207.036	0	
16.647	-28.1232	201.21	0	
22.238	-27.2199	178.955	0	
111.155	-19.6594	208.271	0	
111.296	-17.3806	206.958	0	
58.9152	-24.6474	11.0324	0	
59.9673	-22.9993	13.6507	0	
58.4069	-25.6296	10.1205	0	
60.9874	-26.584	12.4602	0	
60.9368	-22.529	16.925	0	
59.5068	-20.7203	19.3141	0	
38.9961	-20.227	80.4761	0	
40.9135	-22.6673	51.6914	0	
-70.2141	-20.0066	600.821	0	
-71.4744	-17.4136	609.727	0	
-170.411	-10.2969	89.0784	0	
-170.076	-14.2291	114.25	0	
-168.082	-19.4729	171.226	0	
-165.289	-24.4983	249.32	0	
22.773	-22.7112	182.768	0	
23.8474	-24.0611	177.192	0	
21.7993	-23.3755	184.537	0	
23.1041	-24.6686	177.339	0	
23.263	-25.7523	176.026	0	
24.6439	-26.0762	164.151	0	
25.4202	-25.3306	166.841	0	
26.866	-27.2352	145.909	0	
-0.800772	-25.8597	280.563	0	
2.71293	-23.3801	227.454	0	
138.749	-23.6484	201.655	0	
139.35	-21.2481	205.354	0	
61.6879	-23.1693	16.3786	0	
62.6113	-22.8654	18.4371	0	
-170.355	-12.4778	102.168	0	
-168.24	-15.2301	131.367	0	
22.0817	-26.0885	178.473	0	
24.1273	-27.8597	163.601	0	
27.2852	-28.3886	141.489	0	
28.9172	-29.4361	120.445	0	
0.239274	-27.0973	280.172	0	
2.0327	-25.3626	253.367	0	
0.932773	-24.5953	247.864	0	
3.3597	-24.6154	233.907	0	
136.599	-24.8618	198.305	0	
141.771	-24.5885	199.981	0	
26.5252	-29.2809	142.399	0	
27.9005	-31.5317	125.001	0	
0.0733217	-28.5033	298.461	0	
1.34082	-29.6451	297.204	0	
20.5236	-10.982	199.273	0	
20.7611	-9.58165	201.399	0	
19.7234	-10.8817	195.584	0	
18.4267	-9.92341	196.346	0	
-12.6987	-14.0896	297.115	0	
-13.4609	-12.3652	276.212	0	
-15.7219	-14.5269	384.086	0	
-13.8881	-14.1511	329.169	0	
-17.6939	-15.0665	457.085	0	
-15.0485	-17.1781	435.151	0	
-18.7443	-16.1184	493.992	0	
-16.4334	-16.4686	443.459	0	
-19.196	-18.1543	532.906	0	
-18.2102	-19.0083	524.954	0	
-20.7937	-18.1107	585.895	0	
-21.1093	-20.306	595.981	0	
-17.1612	-21.0335	520.03	0	
-14.6442	-19.851	461.898	0	
88.6636	-11.0259	202.895	0	
87.7216	-14.2501	223.595	0	
-9.345	-12.1854	212.429	0	
-8.271	-13.0816	212.742	0	
-83.7446	-16.6838	701.925	0	
-85.0744	-15.961	667.404	0	
-132.611	-25.1274	756.922	0	
-129.543	-24.7583	773.896	0	
49.9074	-16.6647	48.2186	0	
50.4113	-15.232	60.8354	0	
-10.2179	-11.8278	219.23	0	
-10.1496	-13.3222	235.681	0	
-105.265	-19.1569	740.578	0	
-106.976	-16.8728	690.116	0	
151.014	-20.5843	212.61	0	
154.52	-15.2243	221.269	0	
45.625	-15.2876	74.8916	0	
45.9965	-17.6625	50.8907	0	
46.9996	-16.4204	58.4535	0	
46.0623	-16.7983	58.6056	0	
-104.377	-16.9478	689.422	0	
-97.3181	-15.5072	661.505	0	
-90.0978	-20.5017	779.637	0	
-86.4825	-19.1892	754.655	0	
51.0331	-24.0002	12.7526	0	
52.9522	-26.3687	8.98974	0	
-25.827	-16.5346	633.316	0	
-28.0712	-16.6973	652.52	0	
-159.866	-19.9917	296.014	0	
-161.245	-20.5522	290.839	0	
-158.894	-24.032	351.811	0	
-157.284	-22.2536	364.748	0	
-155.948	-27.5198	446.397	0	
-153.757	-25.2413	476.592	0	
77.4254	-20.3643	164.878	0	
76.8312	-18.6517	160.24	0	
87.162	-17.4975	231.637	0	
88.6827	-15.1707	222.435	0	
80.0082	-21.6211	183.921	0	
88.0447	-22.596	226.206	0	
98.7616	-18.7636	204.271	0	
102.938	-17.8417	196.568	0	
-144.019	-24.7226	647.555	0	
-140.902	-30.1356	703.619	0	
-142.704	-26.3597	672.312	0	
-141.636	-27.2182	686.079	0	
70.1748	-21.2821	68.3405	0	
76.0027	-21.6644	123.616	0	
-169.988	-3.51385	60.6893	0	
-44.9048	-17.7236	495.647	0	
-45.0605	-15.404	500.983	0	
31.8607	-26.6364	102.838	0	
34.9304	-28.0815	73.0919	0	
35.6203	-23.9293	83.1351	0	
37.3094	-25.0502	65.8269	0	
37.1857	-27.015	59.1584	0	
40.2216	-24.9644	43.2161	0	
-55.5211	-24.3432	409.751	0	
-53.7156	-21.8433	424.269	0	
-167.638	-16.8591	156.005	0	
-166.119	-17.2907	172.851	0	
-165.068	-23.0561	238.355	0	
-161.728	-26.7143	317.03	0	
-4.78232	-19.6026	250.876	0	
-3.9425	-17.3197	220.93	0	
-130.009	-23.3345	745.769	0	
-127.899	-25.2293	772.229	0	
-125.779	-24.5895	776.286	0	
-126.193	-19.463	693.709	0	
-37.132	-21.1406	548.291	0	
-31.1799	-23.0744	573.179	0	
47.0635	-22.7959	21.8572	0	
48.8814	-24.7129	14.1707	0	
44.7476	-24.0138	23.5945	0	
46.1367	-25.6176	18.9563	0	
49.1973	-26.2648	12.7035	0	
52.0992	-25.667	10.6178	0	
133.35	-27.0003	197.312	0	
135.638	-25.9934	198.279	0	
107.237	-23.2062	207.76	0	
107.156	-27.4104	204.733	0	
-68.5497	-20.064	569.425	0	
-65.8229	-24.7585	517.867	0	
-77.4817	-20.4843	692.417	0	
-76.7093	-22.6013	677.395	0	
-46.5354	-24.7069	404.448	0	
-48.77	-21.205	436.981	0	
44.1454	-23.4913	29.9126	0	
43.1718	-22.7145	36.1224	0	
20.0843	-31.6438	191.382	0	
22.527	-29.9505	173.58	0	
38.0589	-19.9168	95.0569	0	
37.5899	-21.6732	88.5169	0	
37.7897	-18.9124	107.781	0	
36.6088	-19.8922	110.546	0	
40.6823	-19.766	70.2191	0	
40.9886	-20.7489	60.1854	0	
40.523	-21.6751	57.3605	0	
42.4252	-22.1433	43.2834	0	
-170.682	-17.4693	131.213	0	
-171.979	-22.7204	161.194	0	
-168.178	-22.3633	188.891	0	
-169.787	-24.8481	197.128	0	
60.6256	-25.0124	12.138	0	
63.2002	-23.5605	19.1276	0	
60.3088	-27.4596	10.1618	0	
62.2269	-26.77	12.9263	0	
64.4409	-23.283	22.4737	0	
62.4918	-21.1142	21.9984	0	
65.415	-24.3594	21.4655	0	
68.6151	-21.0281	47.3166	0	
64.7653	-22.4813	25.916	0	
63.7128	-19.9438	29.2399	0	
65.938	-21.7613	32.5221	0	
64.2323	-20.9622	29.3967	0	
67.4579	-22.1308	43.0025	0	
67.9243	-19.4182	55.1808	0	
59.769	-31.0208	10.1123	0	
64.597	-27.9664	17.0777	0	
24.8814	-28.9351	159.319	0	
23.9992	-29.8516	161.048	0	
28.8626	-30.4358	117.426	0	
26.8522	-30.9814	137.269	0	
-23.698	-21.1255	613.903	0	
-20.048	-23.5052	549.171	0	
-19.1782	-22.3547	556.215	0	
-13.413	-24.818	453.506	0	
-134.2	-25.9298	749.558	0	
-131.107	-28.765	793.9	0	
-98.6113	-19.8427	776.748	0	
-98.4429	-18.2343	735.952	0	
50.5211	-24.9897	11.9852	0	
51.2204	-26.0057	10.5583	0	
54.4334	-28.1549	8.36087	0	
58.1912	-27.6536	9.17146	0	
-25.5482	-19.943	633.433	0	
-23.4293	-18.9074	621.624	0	
-29.6974	-17.8029	645.349	0	
-28.4578	-21.9749	614.173	0	
-159.711	-25.0244	347.504	0	
-156.872	-26.1685	409.583	0	
77.401	-24.4108	122.765	0	
83.4026	-24.3583	206.348	0	
85.2526	-19.729	227.655	0	
91.038	-17.5179	223.999	0	
97.2374	-19.106	213.04	0	
94.5473	-20.5137	222.482	0	
100.98	-19.7578	203.64	0	
101.872	-21.4877	209.819	0	
-144.027	-26.7433	667.547	0	
-146.196	-29.3752	630.274	0	
-174.591	-0.592869	53.1639	0	
-171.25	-2.25436	56.2821	0	
31.5083	-28.3796	98.2527	0	
33.6888	-27.9485	82.941	0	
35.5795	-29.1091	62.9585	0	
37.581	-28.0241	52.7909	0	
38.7693	-28.2766	44.7279	0	
40.7861	-26.5282	38.2172	0	
-55.2191	-26.2547	380.028	0	
-51.867	-25.9651	371.476	0	
-4.68964	-21.0033	279.128	0	
-2.28915	-20.4634	243.511	0	
-127.376	-26.6835	800.004	0	
-125.214	-25.9124	800.482	0	
-121.316	-22.1859	764.841	0	
-123.562	-19.6594	707.944	0	
47.7753	-28.0657	13.256	0	
48.0326	-29.0741	12.4912	0	
135.189	-28.5026	192.304	0	
138.183	-24.971	198.854	0	
-46.549	-22.9835	414.354	0	
-45.2817	-21.8251	448.997	0	
40.7025	-24.304	42.5876	0	
41.8032	-25.2703	34.7466	0	
43.9333	-22.6066	33.3851	0	
42.901	-23.5441	34.866	0	
44.4493	-21.7074	34.329	0	
42.6638	-21.2655	44.0371	0	
42.0873	-23.652	39.6139	0	
40.8476	-25.6904	37.3864	0	
42.3507	-26.9501	28.7062	0	
44.9771	-26.7146	20.8733	0	
38.8693	-23.0975	60.4366	0	
39.6905	-21.8337	61.3564	0	
21.1305	-29.3616	182.71	0	
22.4887	-31.5635	173.991	0	
30.4964	-33.9264	98.7485	0	
33.5456	-31.9444	74.9068	0	
25.852	-33.3819	147.77	0	
26.5464	-34.4382	135.013	0	
56.2637	-26.389	9.15436	0	
56.5139	-24.3879	10.7118	0	
53.1854	-28.0236	8.47512	0	
55.0348	-26.4908	8.48103	0	
51.3853	-28.2876	9.2781	0	
56.9021	-29.7478	8.32518	0	
-27.6212	-20.8484	631.918	0	
-24.4805	-22.2908	604.342	0	
-21.7706	-19.0357	586.358	0	
-23.1427	-16.4203	608.407	0	
-29.5886	-19.1995	646.949	0	
-32.062	-20.655	600.58	0	
74.8132	-18.7039	142.633	0	
71.1495	-19.8484	77.3948	0	
-143.676	-28.4758	665.394	0	
-144.597	-33.8733	651.545	0	
-177.308	-0.673031	52.8974	0	
-172.3	-2.84893	54.8032	0	
33.9578	-30.6331	73.5276	0	
38.2006	-29.8398	44.571	0	
-5.91469	-21.8134	297.193	0	
-4.51159	-24.6671	311.769	0	
-128.092	-28.1399	805.889	0	
-126.731	-29.3131	815.806	0	
-123.636	-26.0015	798.211	0	
-124.598	-23.4405	776.774	0	
49.7024	-28.4721	10.6065	0	
50.6871	-28.9672	9.90745	0	
49.0103	-29.2078	11.4553	0	
50.5534	-29.905	10.1003	0	
47.3424	-30.3622	13.5828	0	
47.2287	-29.6337	13.5937	0	
51.2492	-30.9971	9.39732	0	
52.4435	-29.0313	8.67143	0	
48.3018	-26.5647	13.2363	0	
45.5037	-29.6563	16.4551	0	
47.4667	-33.0169	13.2543	0	
52.1521	-33.8909	9.79733	0	
49.621	-31.6019	10.6256	0	
50.1998	-34.0537	11.3384	0	
46.8442	-26.3326	15.6608	0	
44.6554	-25.1455	23.71	0	
42.763	-29.9725	23.2781	0	
47.9663	-32.2425	12.5533	0	
47.5541	-26.0225	15.4939	0	
49.4163	-27.707	11.7411	0	
46.9002	-27.5063	14.9999	0	
48.467	-27.4343	12.6563	0	
136.019	-27.4317	193.83	0	
137.41	-27.6208	194.469	0	
40.3826	-23.5272	47.2937	0	
41.6409	-24.3636	37.9768	0	
39.6172	-23.0066	59.6102	0	
39.3633	-24.9172	50.1851	0	
38.9693	-25.8589	49.202	0	
39.7661	-26.7439	40.6523	0	
41.6183	-27.2446	31.967	0	
42.474	-25.8137	29.1875	0	
42.1449	-28.5696	27.7249	0	
42.9876	-31.0516	23.6937	0	
19.9174	-30.2071	193.181	0	
21.259	-32.4114	183.029	0	
19.1602	-37.7384	211.198	0	
27.8654	-34.1679	123.694	0	
28.6255	-35.2246	115.112	0	
34.9411	-35.3469	63.2861	0	
32.8286	-28.7028	90.049	0	
31.1703	-31.0829	96.3659	0	
24.3653	-33.5113	153.733	0	
23.5813	-34.8199	165.905	0	
-25.7935	-22.3672	608.495	0	
-26.3507	-21.0789	624.786	0	
-23.7949	-23.3315	588.012	0	
-22.2574	-21.2374	589.091	0	
-173.326	-2.31782	54.6812	0	
-174.55	-4.48965	57.117	0	
36.1102	-31.3696	57.4625	0	
35.1884	-30.3898	63.8098	0	
-122.652	-27.1502	823.708	0	
-120.262	-26.0945	818.859	0	
47.8486	-25.1012	15.777	0	
46.2255	-24.6797	19.3547	0	
45.5235	-23.7815	24.1899	0	
43.8703	-25.745	25.1067	0	
43.9633	-26.7274	22.5365	0	
45.3425	-25.8511	20.2147	0	
43.2389	-27.3214	25.0867	0	
45.2121	-27.6319	18.3204	0	
41.5212	-28.0764	30.3434	0	
43.1302	-28.109	23.5331	0	
40.6638	-28.4124	35.0859	0	
40.5273	-29.216	33.3041	0	
39.7408	-27.7963	39.5025	0	
39.7269	-29.6336	36.1493	0	
42.1293	-31.3679	25.441	0	
42.0262	-29.4048	27.1183	0	
38.8919	-29.3102	42.4621	0	
41.1446	-30.5994	29.2775	0	
40.6852	-33.4816	31.2587	0	
45.1238	-31.9537	17.3268	0	
37.2791	-29.8243	50.7849	0	
38.3898	-30.6932	43.3257	0	
45.1993	-31.0069	17.2672	0	
43.841	-29.4607	21.355	0	
36.9983	-30.871	51.3875	0	
37.7711	-31.3726	45.3135	0	
38.1597	-32.623	43.1619	0	
39.5309	-31.0736	35.6399	0	
36.4149	-33.5753	52.1799	0	
42.5893	-33.4048	25.1031	0	
18.2477	-29.7989	206.996	0	
13.317	-30.8485	229.125	0	
25.8716	-35.877	141.68	0	
28.0987	-36.4775	119.693	0	
-26.6167	-26.3924	544.18	0	
-26.5823	-23.6947	588.176	0	
-25.9259	-24.9005	577.163	0	
-23.6215	-25.7801	556.514	0	
32.7617	-34.7331	80.0673	0	
36.0328	-34.8875	54.528	0	
45.7802	-30.5069	16.5082	0	
44.5899	-29.8424	19.2562	0	
43.8898	-31.4599	19.8509	0	
44.2833	-32.2836	18.2959	0	
40.7545	-32.455	30.5304	0	
45.8442	-33.2079	16.2443	0	
46.5489	-30.775	14.3404	0	
46.1587	-29.1959	15.5416	0	
46.737	-31.5681	14.4806	0	
47.6469	-31.6241	13.0718	0	
45.8928	-32.2467	15.8997	0	
46.6462	-33.4591	15.4285	0	
49.041	-32.3316	11.776	0	
49.023	-30.7375	11.4315	0	
39.6268	-38.2661	38.4456	0	
44.992	-33.8989	18.0169	0	
46.7201	-34.7283	15.0167	0	
47.8534	-35.015	14.1973	0	
48.2347	-33.9023	13.1511	0	
50.7233	-31.9438	9.95156	0	
44.2001	-33.2676	20.3631	0	
43.8345	-35.4171	22.1164	0	
44.6497	-35.7318	20.2793	0	
47.0864	-37.3836	17.1071	0	
41.9525	-35.6167	27.1727	0	
46.136	-36.4686	18.0656	0	
48.1085	-37.1906	15.3004	0	
51.1273	-33.2036	10.3621	0	
45.1635	-36.7213	19.0742	0	
46.109	-35.3869	17.3251	0	
45.0697	-38.0337	22.5223	0	
49.2673	-37.6702	14.8426	0	
50.3578	-35.7134	11.4014	0	
52.1857	-37.8946	12.7984	0	
45.9386	-38.9082	20.2897	0	
49.1626	-41.4748	19.8549	0	
18.5529	-32.5727	209.704	0	
17.3444	-31.1885	207.248	0	
26.6638	-36.8596	136.441	0	
28.8495	-37.9752	117.981	0	
-28.1599	-26.6926	544.245	0	
-24.2349	-27.6761	535.247	0	
32.2322	-36.2483	80.5839	0	
33.2822	-37.3241	75.2481	0	
37.0101	-35.6172	50.6576	0	
37.6265	-33.5963	45.9077	0	
35.6719	-37.4665	58.0465	0	
39.6226	-36.0009	36.0445	0	
26.1613	-38.885	137.592	0	
30.1914	-37.9524	99.015	0	
32.8881	-38.7149	77.1869	0	
30.8197	-36.3892	97.334	0	
-21.0411	-28.3343	520.569	0	
-14.7598	-25.3941	471.602	0	
34.6897	-39.6394	69.1634	0	
37.1728	-38.9716	49.9667	0	
38.075	-39.8226	47.7934	0	
38.7309	-37.312	39.9754	0	
36.6074	-42.2954	63.2792	0	
40.3344	-40.2656	38.1584	0	
41.0641	-45.0055	46.1757	0	
39.2247	-42.5084	47.8323	0	
41.5861	-40.0569	34.7408	0	
41.913	-38.792	30.4221	0	
43.2217	-41.1728	30.428	0	
44.0576	-38.8341	24.3137	0	
43.0834	-36.4027	25.4441	0	
40.9447	-37.8957	33.471	0	
43.6576	-42.3167	31.3007	0	
48.0704	-42.5098	22.4375	0	
36.6914	-16.8558	146.897	0	
37.1734	-14.9717	165.493	0	
-62.7437	-13.6347	487.171	0	
-60.3501	-13.5047	480.382	0	
91.196	-16.104	216.778	0	
92.0409	-13.5534	203.326	0	
20.7979	-21.8742	187.934	0	
21.6298	-20.154	190.889	0	
141.111	-22.8784	203.417	0	
148.163	-18.9726	210.646	0	
145.328	-17.6208	210.571	0	
146.318	-19.1988	209.924	0	
30.0948	-23.8711	135.244	0	
28.3146	-24.0356	149.026	0	
15.7906	-26.0727	199.111	0	
18.0462	-25.2097	190.938	0	
13.6957	-26.7494	208.012	0	
17.7642	-28.7266	197.917	0	
11.9474	-28.5252	228.053	0	
15.4418	-27.9514	210.123	0	
18.5258	-27.6695	197.193	0	
17.4086	-27.066	197.053	0	
11.9775	-30.2131	236.193	0	
14.3777	-28.5696	215.247	0	
9.58905	-29.0748	238.767	0	
15.1124	-33.1272	231.595	0	
-170.152	-7.69736	72.382	0	
-169.641	-5.63924	65.3293	0	
-169.962	-8.62714	81.6336	0	
-168.619	-7.21627	74.4197	0	
-170.74	-9.3679	77.4431	0	
-169.387	-10.3733	86.9207	0	
-172.175	-9.00906	72.3276	0	
-173.248	-9.90115	75.5801	0	
-169.117	-12.1427	101.198	0	
-167.673	-8.97228	90.5687	0	
-168.161	-12.3832	113.242	0	
-168.049	-11.4065	102.2	0	
-168.393	-8.29848	84.1036	0	
-169.073	-8.87478	82.4812	0	
8.38778	-26.8099	229.257	0	
10.9514	-27.8876	227.101	0	
19.332	-25.468	191.666	0	
19.8508	-23.577	188.49	0	
-68.8783	-17.4175	582.691	0	
-71.3964	-21.0128	616.36	0	
143.363	-24.5579	201.001	0	
143.201	-20.6522	206.408	0	
-84.1649	-22.4244	762.059	0	
-80.1043	-22.09	719.663	0	
-109.347	-20.0495	746.236	0	
-108.457	-21.2902	771.255	0	
-104.256	-22.1461	801.023	0	
-102.23	-17.8388	711.608	0	
-168.891	-3.84784	61.2571	0	
-168.152	-2.29428	59.4995	0	
-37.3828	-24.1859	488.544	0	
-34.3365	-22.9916	541.481	0	
62.9105	-25.3882	15.8998	0	
65.4473	-27.0654	20.9589	0	
66.6984	-24.3712	30.3424	0	
73.7786	-23.8416	84.0455	0	
63.0317	-27.886	15.0987	0	
64.5656	-25.6031	19.2482	0	
-20.9023	-26.4877	529.856	0	
-16.3023	-24.7256	501.011	0	
-14.8318	-22.5231	483.116	0	
-16.2913	-23.4112	493.162	0	
-96.9148	-22.3366	808.015	0	
-94.3139	-19.5299	775.429	0	
56.9555	-25.3074	9.35097	0	
56.9807	-27.5297	8.59375	0	
55.0374	-29.1429	8.1014	0	
58.6777	-28.7719	9.23719	0	
54.2263	-31.1776	8.49835	0	
54.9424	-30.4882	8.25897	0	
60.0868	-28.72	10.0885	0	
58.9257	-26.8351	9.85929	0	
-161.281	-24.5384	309.423	0	
-160.582	-27.2878	353.549	0	
-163.822	-25.3843	273.019	0	
-165.484	-27.4617	267.885	0	
-163.082	-28.9545	318.478	0	
-160.496	-28.7427	356.282	0	
-162.923	-27.4952	304.666	0	
-164.211	-26.8092	287.071	0	
-160.484	-31.81	374.167	0	
-157.985	-31.7683	418.835	0	
-159.203	-30.9407	396.721	0	
-156.771	-30.7362	437.095	0	
85.3822	-21.6794	228.674	0	
86.9257	-21.5959	229.448	0	
89.1355	-19.5453	232.053	0	
89.9854	-20.4202	231.034	0	
98.5491	-26.1187	215.901	0	
98.7975	-21.7671	212.091	0	
57.363	-23.5497	11.4161	0	
55.4852	-22.9799	11.7633	0	
-29.8248	-21.6744	610.608	0	
-30.5448	-20.3239	627.027	0	
-175.887	-1.2659	51.6031	0	
-7.4394	-20.9545	318.53	0	
-8.5155	-24.0768	367.526	0	
-129.969	-27.7912	791.327	0	
-130.599	-30.6874	797.996	0	
-123.36	-31.7759	841.129	0	
-118.781	-28.5318	836.234	0	
54.5556	-32.2362	8.72949	0	
52.9758	-30.5797	8.72649	0	
55.8042	-32.8545	8.94532	0	
56.2077	-30.7788	8.45277	0	
56.6273	-35.1041	10.4545	0	
58.8469	-33.7701	10.5604	0	
56.7402	-32.0865	8.72267	0	
58.0918	-32.3336	9.29549	0	
61.61	-31.3515	11.7862	0	
63.6894	-29.8811	15.1883	0	
133.747	-28.6566	191.69	0	
136.481	-32.6438	185.608	0	
133.181	-30.0866	187.654	0	
135.81	-29.7546	189.511	0	
141.14	-29.2789	192.987	0	
140.015	-26.8161	195.764	0	
129.42	-29.8111	190.168	0	
133.47	-32.9398	184.691	0	
139.951	-28.5689	193.903	0	
138.613	-26.2917	196.045	0	
31.1618	-27.5064	110.215	0	
31.4338	-29.9671	95.9834	0	
29.6711	-27.435	120.356	0	
30.7251	-29.1157	102.883	0	
29.0997	-28.1398	122.983	0	
28.2097	-28.6287	128.747	0	
20.8563	-34.4825	193.221	0	
21.9187	-37.1647	182.413	0	
-123.517	-28.6716	823.105	0	
-120.497	-31.1645	845.964	0	
39.053	-32.8209	37.6977	0	
39.8112	-33.8278	35.6351	0	
39.2286	-34.9957	38.0673	0	
40.9664	-36.3895	31.8385	0	
41.717	-34.1732	26.9045	0	
41.9617	-32.3024	26.5977	0	
49.6024	-36.5142	13.6921	0	
48.4436	-36.0346	14.2299	0	
51.0172	-42.0265	18.4925	0	
53.7584	-37.9139	12.1268	0	
-30.167	-29.0006	484.359	0	
-25.7558	-28.0016	534.628	0	
23.6243	-37.4445	164.662	0	
32.6982	-42.2637	87.8646	0	
27.6412	-39.6888	130.223	0	
26.533	-43.8067	144.938	0	
35.9922	-38.9256	59.8991	0	
37.5453	-37.5661	49.3858	0	
141.833	-21.0445	205.341	0	
143.085	-18.4326	208.602	0	
-175.083	-9.73988	71.8519	0	
-175.546	-11.6128	76.659	0	
6.34812	-26.456	227.981	0	
6.91644	-29.4923	257.899	0	
-71.0901	-22.8077	593.721	0	
-67.5411	-21.3035	560.692	0	
-111.848	-19.3833	718.288	0	
-110.468	-22.4037	790.349	0	
-113.344	-19.9955	734.468	0	
-111.36	-21.5146	758.344	0	
-110.813	-23.6995	801.191	0	
-108.265	-23.5449	804.45	0	
-114.472	-19.317	708.934	0	
-115.609	-21.3328	759.901	0	
-112.073	-24.0712	808.885	0	
-110.733	-26.2963	832.851	0	
-106.811	-23.8629	814.911	0	
-106.91	-21.1069	779.777	0	
-114.564	-17.6917	661.454	0	
-117.488	-17.9842	659.842	0	
-116.846	-22.0531	763.822	0	
-114.827	-24.0815	801.116	0	
-113.564	-23.3086	792.641	0	
-114.245	-25.3886	816.975	0	
-110.296	-27.7455	839.145	0	
-108.651	-27.768	841.64	0	
-108.01	-26.2521	832.33	0	
-103.293	-23.6432	812.338	0	
-118.692	-20.1803	713.839	0	
-118.46	-24.6208	803.778	0	
-115.141	-26.3547	827.072	0	
-114.398	-27.6215	835.865	0	
-112.941	-27.6048	837.674	0	
-110.769	-31.3864	855.67	0	
-105.884	-28.8695	846.835	0	
-106.607	-25.4699	825.995	0	
-116.377	-26.0756	820.301	0	
-117.054	-27.3197	830.235	0	
-114.077	-30.4092	850.704	0	
-111.595	-28.5093	846.592	0	
-117.1	-24.5661	803.936	0	
-119.51	-23.8322	791.899	0	
-120.151	-28.4263	832.705	0	
-118.237	-30.0294	846.223	0	
-116.855	-30.0612	848.133	0	
-113.629	-36.3749	860.31	0	
-120.8	-24.8023	793.952	0	
-118.76	-26.1307	813.556	0	
-120.992	-29.6546	836.885	0	
-119.112	-31.4339	848.727	0	
-118.403	-33.3691	855.712	0	
-115.464	-31.381	854.267	0	
-122.654	-29.9281	836.851	0	
-125.166	-32.1735	831.822	0	
-101.428	-23.6771	818.602	0	
-100.131	-20.5875	780.7	0	
62.7157	-29.1491	13.7199	0	
65.0058	-29.279	17.9502	0	
60.5208	-29.6909	10.4297	0	
60.9009	-33.2964	12.1734	0	
66.4498	-31.2502	23.2676	0	
67.4222	-27.0862	24.5905	0	
62.1846	-33.8359	12.7926	0	
63.9308	-35.1401	16.1778	0	
-23.0274	-29.0842	511.975	0	
-10.8068	-28.1451	411.423	0	
-12.2353	-25.6982	424.108	0	
-11.1695	-23.3358	397.782	0	
-17.8054	-26.0024	501.665	0	
-19.5339	-30.0002	497.747	0	
-93.839	-21.5026	792.98	0	
-93.3915	-17.8666	738.739	0	
-96.1962	-19.5271	770.074	0	
-94.757	-16.489	703.215	0	
-164.589	-31.3528	307.971	0	
-161.837	-31.1195	347.821	0	
-167.013	-25.1564	228.5	0	
-168.403	-28.7562	240.391	0	
-160.559	-33.3038	379.534	0	
-158.009	-33.4409	428.16	0	
-154.431	-30.2859	492.363	0	
-154.288	-27.4896	468.158	0	
83.7648	-22.7157	201.494	0	
90.3007	-27.7401	215.257	0	
89.5466	-21.8469	231.204	0	
87.5778	-19.9718	231.816	0	
-180.008	-0.71077	53.3365	0	
-175.887	-2.61196	53.6355	0	
51.6127	-36.2663	11.8247	0	
51.2745	-39.1137	14.7738	0	
125.144	-30.9001	187.704	0	
131.614	-32.3095	183.835	0	
134.124	-34.5751	182.298	0	
135.946	-34.4571	182.876	0	
141.651	-30.7642	190.383	0	
141.275	-26.2073	197.37	0	
144.676	-33.026	190.916	0	
142.887	-28.528	194.009	0	
21.87	-40.1506	191.36	0	
24.6003	-39.2177	163.774	0	
47.6039	-39.7192	19.1169	0	
46.8859	-40.5815	21.7091	0	
49.942	-44.7925	24.4009	0	
57.1302	-43.6025	20.524	0	
-29.8322	-31.2025	478.376	0	
-27.12	-29.1419	504.017	0	
-175.154	-7.06085	62.116	0	
-182.143	-11.1904	69.0627	0	
-177.431	-14.4994	84.3207	0	
-174.481	-16.4721	104.693	0	
4.51253	-31.0479	280.921	0	
10.4324	-30.7426	249.234	0	
-73.1001	-24.0997	621.522	0	
-71.3533	-27.2158	578.289	0	
-120.532	-19.577	712.52	0	
-119.629	-22.4539	761.778	0	
-108.847	-33.536	856.895	0	
-108.684	-30.487	853.575	0	
-107.333	-31.4261	853.497	0	
-99.9914	-29.0378	838.521	0	
-126.462	-33.83	831.792	0	
-122.169	-35.1597	847.01	0	
60.6092	-31.999	11.3329	0	
61.6662	-29.8795	11.5026	0	
60.2501	-34.1267	11.3742	0	
62.5059	-32.3888	13.888	0	
60.8513	-35.8918	13.4973	0	
62.0603	-36.2211	15.399	0	
58.1562	-37.5261	12.6054	0	
65.1248	-43.1361	30.4263	0	
65.3405	-37.3697	22.2191	0	
62.7428	-34.9955	15.8716	0	
66.3326	-36.5592	24.6647	0	
64.5848	-34.1011	18.9742	0	
64.1856	-36.6097	19.8683	0	
66.4952	-34.5993	25.7141	0	
67.7376	-34.326	26.0555	0	
69.6023	-30.1781	33.7329	0	
65.7302	-32.1213	19.3153	0	
64.4428	-32.559	17.2228	0	
-13.6191	-28.363	451.954	0	
-9.54532	-27.011	405.255	0	
-10.17	-21.9021	378.731	0	
-10.7127	-20.5743	378.029	0	
-14.9688	-27.2482	476.339	0	
-16.7983	-27.7619	491.925	0	
-98.2496	-23.3232	810.466	0	
-96.6081	-25.5522	821.307	0	
-167.152	-30.995	271.407	0	
-164.851	-35.6922	323.727	0	
-168.615	-24.1732	208.772	0	
-168.333	-27.3658	232.094	0	
-169.965	-29.5913	226.042	0	
-165.911	-31.9976	290.534	0	
-163.228	-33.5802	337.688	0	
-160.798	-36.5315	389.676	0	
-156.259	-34.5512	459.772	0	
-155.615	-31.328	463.336	0	
-153.039	-31.1982	507.568	0	
-151.696	-30.543	536.806	0	
90.9647	-22.7805	226.899	0	
93.7331	-18.8477	217.735	0	
90.027	-25.6397	221.221	0	
96.0032	-23.6686	217.703	0	
91.5333	-20.132	226.461	0	
92.154	-21.7676	230.603	0	
-183.27	-0.807917	54.6856	0	
-177.258	-3.4128	53.0133	0	
55.7129	-34.1306	9.36662	0	
56.1766	-38.9656	13.3616	0	
52.179	-40.8055	16.4616	0	
55.2356	-41.5689	16.5848	0	
132.931	-35.8536	179.693	0	
134.649	-38.5857	178.16	0	
139.047	-35.2369	183.159	0	
138.141	-31.5742	187.989	0	
146.864	-28.8847	197.764	0	
145.844	-25.2619	202.035	0	
17.9828	-39.0293	231.467	0	
20.7953	-43.9948	209.92	0	
46.9829	-38.5108	19.007	0	
45.9919	-40.1314	21.7643	0	
45.1128	-40.7295	26.0412	0	
45.7378	-42.6134	27.4994	0	
44.0474	-40.3068	26.8272	0	
42.2003	-41.1197	34.7633	0	
45.1226	-44.0049	30.3263	0	
48.4097	-44.8989	27.7332	0	
40.25	-41.7601	42.5836	0	
41.4151	-42.3754	37.8797	0	
38.1329	-45.4953	65.3914	0	
43.0696	-43.3114	35.5646	0	
39.6054	-44.706	50.161	0	
45.5706	-45.8461	32.7247	0	
39.7808	-49.4689	67.6767	0	
41.5915	-47.974	52.4561	0	
43.6063	-44.3017	35.5501	0	
41.7005	-45.9974	45.3521	0	
37.7784	-48.029	67.1442	0	
44.0537	-46.2212	42.0324	0	
49.2313	-55.0614	58.3027	0	
43.3481	-47.8918	46.9417	0	
-32.9852	-31.5748	446.048	0	
-26.6662	-35.2545	460.785	0	
-108.411	-35.5059	856.242	0	
-106.09	-33.5714	853.915	0	
-8.016	-27.5112	372.601	0	
-7.11647	-24.6094	339.47	0	
-13.9162	-30.6456	456.846	0	
-11.9926	-31.9415	430.729	0	
-100.041	-22.5606	806.054	0	
-100.94	-25.5382	828.035	0	
-96.3788	-27.1223	826.474	0	
-94.949	-28.1021	819.172	0	
-171.403	-24.1579	179.684	0	
-172.286	-25.6241	180.867	0	
-171.487	-28.6816	210.933	0	
-171.586	-33.8288	237.357	0	
-168.622	-31.9741	254.649	0	
-167.7	-34.4759	280.431	0	
-160.87	-38.5568	386.228	0	
-156.186	-36.0986	455.024	0	
-158.012	-36.5773	443.115	0	
-151.839	-34.5886	538.874	0	
-153.303	-33.2935	515.14	0	
-151.727	-36.8283	547.801	0	
93.6116	-22.0272	222.19	0	
94.3774	-23.8522	227.655	0	
-178.49	-2.77751	53.8743	0	
-181.663	-6.53504	57.2274	0	
53.2692	-33.4955	9.56042	0	
55.9537	-36.4418	10.9748	0	
54.5059	-36.6153	11.4478	0	
54.3334	-34.4765	9.71514	0	
59.1155	-39.9746	16.9079	0	
60.0704	-36.7588	13.3269	0	
47.3963	-47.9153	37.7177	0	
51.4555	-43.616	21.9137	0	
-111.701	-35.1899	858.68	0	
-107.889	-41.4803	844.934	0	
-104.568	-33.1049	850.216	0	
-105.566	-30.4833	851.165	0	
-7.72152	-29.1035	386.929	0	
-1.97678	-30.3797	330.138	0	
-97.5022	-28.1504	829.27	0	
-95.1092	-29.8078	822.085	0	
-89.2058	-29.6068	780.149	0	
-91.7291	-24.4655	804.13	0	
-171.022	-21.2874	156.998	0	
-173.652	-22.3643	147.285	0	
-174.849	-27.1334	165.566	0	
-172.933	-29.5545	197.127	0	
-166.201	-33.5791	296.809	0	
-168.879	-33.8735	264.228	0	
-150.06	-31.4958	570.666	0	
-149.071	-28.819	586.059	0	
-176.086	-8.32099	62.1885	0	
-177.182	-4.99998	56.7427	0	
-100.923	-34.8558	837.46	0	
-102.477	-30.837	845.375	0	
-99.3671	-26.0728	829.271	0	
-99.2051	-30.5755	836.883	0	
-94.2237	-30.9712	812.484	0	
-92.0411	-28.6547	803.616	0	
-165.596	-38.6101	323.844	0	
-163.417	-36.4684	343.106	0	
-170.407	-34.8277	247.015	0	
-173.129	-36.227	231.991	0	
-150.634	-28.1365	560.238	0	
-148.722	-30.6009	593.493	0	
-102.337	-27.1446	838.453	0	
-101.72	-29.0382	843.2	0	
-101.349	-32.2314	844.667	0	
-98.4576	-36.5125	826.894	0	
-95.1349	-32.6533	813.15	0	
-92.2345	-32.902	795.122	0	
-169.229	-37.8478	285.504	0	
-161.565	-43.9264	392.454	0	
-162.02	-35.7604	365.541	0	
-161.858	-34.1217	360.362	0	
-171.414	-32.258	226.944	0	
-171.165	-37.897	255.612	0	
-177.792	-42.0429	222.128	0	
-169.012	-40.4801	291.232	0	
-147.07	-31.2775	617.113	0	
-147.466	-27.8538	606.994	0	
-101.88	-33.6595	842.82	0	
-98.9165	-34.7304	830.492	0	
-96.7672	-32.5559	826.784	0	
-98.3303	-33.273	833.441	0	
-91.0236	-33.706	784.341	0	
-89.831	-32.6784	780.09	0	
-172.848	-31.3648	211.732	0	
-174.189	-32.1659	204.388	0	
-174.585	-36.9559	222.832	0	
-173.353	-39.3358	250.562	0	
-103.415	-34.0564	847.907	0	
-103.783	-35.4919	846.29	0	
-91.0789	-35.1103	775.637	0	
-87.7957	-37.6408	744.746	0	
-85.6613	-32.9652	741.099	0	
-87.1192	-29.7575	767.193	0	
-175.653	-31.5414	189.213	0	
-177.189	-33.6925	194.94	0	
-105.61	-36.4539	850.087	0	
-103.299	-38.1857	841.432	0	
-92.3251	-35.7119	793.033	0	
-89.6954	-37.1669	758.757	0	
-88.2721	-34.7069	758.955	0	
-89.5121	-35.7308	765.464	0	
-82.3118	-31.1259	710.844	0	
-85.7916	-28.0636	758.593	0	
-87.4151	-25.684	782.756	0	
-90.1979	-28.0087	797.463	0	
-175.919	-29.9793	179.014	0	
-181.639	-30.7755	150.623	0	
-180.344	-31.9045	165.603	0	
-175.017	-38.5203	225.345	0	
-102.585	-39.5502	832.534	0	
-100.885	-39.3143	831.837	0	
-94.0275	-35.0939	798.186	0	
-93.8105	-37.6455	796.316	0	
-94.1849	-39.0404	790.925	0	
-93.0358	-40.218	785.462	0	
-84.2433	-36.7051	700.591	0	
-83.9366	-33.0998	710.884	0	
-174.539	-28.7936	187.304	0	
-176.735	-24.5145	140.921	0	
-177.773	-29.8493	164.549	0	
-176.984	-26.6441	155.421	0	
-190.137	-39.231	158.733	0	
-176.932	-38.2736	208.764	0	
-175.971	-36.0176	209.001	0	
-177.402	-36.5662	203.519	0	
-103.849	-41.3999	833.206	0	
-98.1293	-42.5232	804.823	0	
-98.3016	-40.7434	811.898	0	
-96.8233	-37.1075	811.061	0	
-96.2688	-39.0527	807.202	0	
-93.5338	-41.6798	779.309	0	
-93.0133	-43.399	774.611	0	
-89.7153	-40.9604	750.415	0	
-181.556	-23.966	121.609	0	
-178.529	-28.1743	155.586	0	
-178.337	-35.0553	189.704	0	
-180.197	-38.4198	190.092	0	
-105.815	-40.3789	839.609	0	
-108.621	-44.275	828.155	0	
-102.848	-43.1564	823.356	0	
-103.854	-45.6139	810.963	0	
-99.6145	-43.3928	807.964	0	
-95.193	-41.8766	792.113	0	
-182.73	-38.5568	186.615	0	
-175.391	-44.11	247.111	0	
-99.3478	-45.3437	800.86	0	
-97.611	-45.6399	792.359	0	
-64.1172	-23.5471	485.068	0	
-62.2144	-26.9479	430.561	0	
-5.11767	-26.5084	326.837	0	
-1.93837	-25.9938	296.218	0	
-2.61233	-27.5257	313.206	0	
-4.38456	-27.7741	340.736	0	
-1.64069	-28.7975	315.037	0	
-3.44709	-30.9548	354.294	0	
-3.65421	-33.3297	370.715	0	
-0.630972	-31.5233	328.212	0	
-6.22881	-30.169	380.718	0	
-2.27916	-38.1947	393.549	0	
-1.53832	-36.2981	378.724	0	
1.60761	-33.5603	327.177	0	
5.49335	-28.7027	257.786	0	
3.0946	-27.5203	266.058	0	
2.11614	-32.2029	312.26	0	
3.99327	-29.6505	273.941	0	
0.192497	-34.1331	344.735	0	
4.51228	-33.5959	302.257	0	
0.21365	-35.8394	348.534	0	
2.29128	-35.82	342.066	0	
6.38018	-33.9176	285.988	0	
6.33046	-31.0087	272.813	0	
9.531	-36.2909	284.831	0	
9.71996	-32.3622	263.748	0	
-137.582	-30.5463	745.12	0	
-133.122	-28.4764	775.864	0	
-137.615	-33.3562	752.242	0	
-132.691	-33.3643	787.67	0	
-136.472	-28.034	749.801	0	
-136.129	-29.8493	758.142	0	
70.7711	-16.2034	119.567	0	
69.8276	-18.1584	88.7713	0	
-79.5595	-20.4483	706.452	0	
-78.1176	-23.738	699.238	0	
-78.705	-26.1853	690.508	0	
-73.3795	-26.2869	595.693	0	
-56.9249	-27.4256	395.656	0	
-56.7784	-31.698	358.58	0	
14.7774	-37.066	251.844	0	
21.0571	-38.2919	194.479	0	
34.7562	-41.1581	69.9349	0	
30.9534	-41.2324	94.7528	0	
146.56	-21.1914	206.953	0	
148.347	-21.9599	208.057	0	
144.215	-26.1041	199.078	0	
145.675	-22.6049	204.561	0	
142.957	-27.2092	196.646	0	
148.149	-30.5135	195.898	0	
-40.104	-24.5467	450.476	0	
-35.8977	-27.5745	468.531	0	
67.8239	-25.6358	31.1947	0	
67.6907	-23.3563	33.3512	0	
71.0385	-22.8926	58.4967	0	
72.6761	-20.7755	85.751	0	
70.2843	-24.6744	55.7684	0	
72.2544	-29.6032	50.3021	0	
95.5107	-28.5418	211.393	0	
103.591	-27.9256	204.083	0	
-132.772	-31.3778	793.523	0	
-130.385	-34.4847	806.145	0	
-120.615	-36.5592	849.836	0	
-115.56	-35.4041	858.429	0	
85.687	-25.4491	199.446	0	
85.3107	-27.9954	200.99	0	
-178.151	-7.91163	61.9209	0	
-181.272	-8.25842	62.3157	0	
-179.599	-14.2027	80.535	0	
-183.203	-18.3048	91.2993	0	
-173.491	-18.8532	124.638	0	
-171.378	-15.2383	113.507	0	
-71.5256	-29.747	546.233	0	
-69.0393	-30.1316	521.085	0	
60.1907	-38.1088	14.7798	0	
59.8758	-43.5795	22.2642	0	
66.8182	-40.26	29.2534	0	
69.7361	-33.1802	34.3752	0	
72.2954	-38.449	50.4667	0	
72.3646	-35.8458	48.1267	0	
68.8972	-35.3316	34.4133	0	
71.5798	-36.8924	47.3222	0	
70.6327	-39.5901	43.8274	0	
73.9082	-35.7333	60.537	0	
75.133	-36.6507	66.7119	0	
74.0145	-33.9104	61.4988	0	
77.1368	-35.805	91.79	0	
75.427	-32.6472	83.3688	0	
75.2909	-30.2855	78.192	0	
73.6581	-29.0456	72.8057	0	
79.0632	-37.0411	95.8966	0	
83.001	-31.6791	156.087	0	
-10.3088	-18.9101	342.374	0	
-12.8526	-19.8404	409.793	0	
91.2549	-31.4776	197.332	0	
93.4933	-25.5338	219.113	0	
-181.563	-1.51869	52.2598	0	
54.5225	-39.0658	13.9869	0	
53.8544	-40.7383	15.428	0	
134.476	-40.6324	175.957	0	
137.838	-40.8066	177.841	0	
139.616	-37.3333	182.614	0	
142.041	-37.0537	184.396	0	
-14.406	-36.6255	450.996	0	
-6.0827	-33.7655	404.521	0	
-162.627	-39.8302	368.55	0	
-163.293	-42.5149	361.634	0	
-157.706	-38.7215	429.407	0	
-153.017	-37.9276	514.23	0	
-146.139	-36.9106	612.946	0	
-149.939	-33.446	573.363	0	
52.4795	-35.2939	10.6194	0	
53.8001	-35.6236	10.3896	0	
58.7372	-36.2711	12.2602	0	
59.0531	-38.5711	14.3409	0	
58.1413	-40.8104	16.608	0	
62.5854	-38.5927	19.3355	0	
61.3256	-40.3904	19.6642	0	
63.0506	-41.204	22.3315	0	
62.4122	-43.4954	25.9165	0	
69.2393	-42.3592	44.4155	0	
46.0549	-44.7334	31.1132	0	
47.0946	-46.168	32.025	0	
43.4001	-54.1193	70.111	0	
52.1886	-52.288	45.2799	0	
50.4462	-46.3583	29.5457	0	
52.5714	-48.2661	32.1837	0	
-8.71389	-30.8732	395.931	0	
-7.22118	-31.9387	385.95	0	
-171.83	-19.076	135.734	0	
-174.356	-20.7084	132.367	0	
-176.256	-20.3914	116.7	0	
-178.547	-23.3526	126.081	0	
-146.631	-33.0912	631.366	0	
-144.643	-29.8512	665.021	0	
-83.0292	-39.024	694.225	0	
-78.2447	-38.0151	643.6	0	
-183.996	-31.5355	148.996	0	
-180.806	-34.1423	173.734	0	
-96.8719	-50.0126	772.877	0	
-91.6864	-44.5022	753.935	0	
-67.818	-27.9321	516.639	0	
-64.0502	-28.5258	456.979	0	
27.7192	-41.6845	125.472	0	
29.2628	-44.7313	120.583	0	
149.18	-23.5384	205.074	0	
151.882	-22.1532	209.472	0	
151.461	-28.722	201.515	0	
150.971	-23.6208	209.018	0	
-41.9835	-29.4173	384.537	0	
-37.6967	-27.275	436.209	0	
-35.169	-29.1543	440.774	0	
-31.7879	-28.4211	491.441	0	
97.698	-24.5967	216.354	0	
101.001	-26.3698	209.831	0	
-129.495	-36.8503	812.475	0	
-126.363	-37.7677	826.073	0	
72.3514	-42.1179	54.5126	0	
74.3049	-38.3199	64.012	0	
78.8739	-28.9121	115.701	0	
73.16	-25.4854	76.686	0	
68.2033	-28.0481	31.1383	0	
71.8502	-31.6439	49.1815	0	
98.2652	-31.2646	204.797	0	
93.957	-27.7994	220.405	0	
-186.51	-0.853077	56.8679	0	
-184.747	-1.66099	53.4874	0	
139.394	-41.9993	179.689	0	
143.484	-38.8662	183.883	0	
147.41	-40.3488	188.701	0	
146.8	-33.0969	192.803	0	
-155.88	-39.2128	483.686	0	
-154.614	-41.2625	468.459	0	
58.3646	-42.6696	20.6044	0	
60.3669	-40.9968	18.5303	0	
55.3778	-42.9692	19.6818	0	
58.9807	-46.3531	26.6738	0	
49.2157	-48.2121	34.6057	0	
54.1302	-49.1048	34.3171	0	
57.3558	-45.5483	25.5887	0	
52.3085	-46.6636	27.3516	0	
-177.243	-18.6237	106.6	0	
-181.052	-17.2399	90.2509	0	
-148.163	-34.3648	596.737	0	
-144.277	-35.9489	674.969	0	
-80.3775	-37.2114	650.576	0	
-77.275	-36.2576	602.129	0	
-185.972	-29.4248	125.907	0	
-193.896	-31.9621	126.291	0	
-89.9399	-52.2926	729.801	0	
-93.4326	-47.9093	760.559	0	
-94.4209	-44.7615	775.696	0	
-94.6376	-46.9569	776.18	0	
147.56	-25.4269	202.42	0	
150.783	-26.8468	204.241	0	
153.681	-22.5074	212.932	0	
152.065	-18.7382	213.462	0	
-39.3064	-33.5598	374.6	0	
-38.8763	-28.6987	421.285	0	
-36.2387	-30.6807	430.553	0	
-34.8961	-32.1616	418.229	0	
101.847	-27.9286	210.683	0	
104.523	-25.6758	209.321	0	
101.102	-23.3635	209.225	0	
101.876	-24.9055	212.105	0	
71.627	-44.0331	55.8649	0	
75.4446	-39.7575	71.8113	0	
-190.424	-0.969457	59.6642	0	
-183.211	-4.0966	54.3344	0	
-159.173	-42.5506	409.502	0	
-146.177	-46.2443	579.553	0	
53.5343	-44.0705	21.6955	0	
55.9521	-46.3967	26.2839	0	
55.9363	-48.3467	30.911	0	
61.892	-45.844	29.7887	0	
-180.068	-20.3906	103.788	0	
-179.247	-18.5618	102.807	0	
-149.655	-37.4296	573.834	0	
-150.104	-41.8521	544.657	0	
-141.586	-36.6665	686.19	0	
-139.852	-34.3538	723.689	0	
-74.7376	-32.1267	575.561	0	
-80.564	-31.7741	679.03	0	
-81.0078	-39.3878	663.498	0	
-78.875	-40.1915	628.068	0	
-93.1299	-50.0912	753.757	0	
-90.978	-50.2635	743.097	0	
150.21	-30.5134	199.52	0	
156.42	-25.9381	211.327	0	
-38.147	-30.5245	398.794	0	
-39.716	-31.9218	386.944	0	
-33.6086	-35.5583	404.965	0	
-31.0722	-32.548	432.891	0	
100.953	-29.4217	203.869	0	
107.117	-30.7651	201.918	0	
69.9674	-44.2308	45.2932	0	
75.3676	-43.1587	69.0735	0	
-184.688	-3.33384	56.6701	0	
-184.601	-6.7642	58.6354	0	
60.6562	-53.4943	50.2763	0	
62.1953	-47.3408	35.297	0	
63.0099	-44.859	28.838	0	
60.9038	-42.7425	22.7548	0	
65.7365	-45.2595	36.6487	0	
63.6002	-42.5633	25.952	0	
63.9063	-47.9139	39.8724	0	
73.2933	-44.7338	63.8578	0	
64.5476	-44.6133	32.468	0	
67.4272	-44.4333	39.4088	0	
68.9095	-45.1902	46.2948	0	
70.6821	-41.2362	45.3976	0	
68.9666	-47.1785	51.0387	0	
70.6794	-48.4283	60.1411	0	
68.1318	-37.4787	31.9811	0	
66.6493	-42.0207	33.1975	0	
-148.452	-39.9095	587.115	0	
-149.844	-45.4811	574.742	0	
-75.3493	-28.1148	614.651	0	
-78.651	-30.5796	649.736	0	
-94.7927	-51.6463	759.105	0	
-94.4452	-54.2463	742.028	0	
-42.8169	-34.9084	352.233	0	
-40.9079	-35.0451	371.89	0	
-37.4054	-36.8774	384.455	0	
-33.0558	-40.2068	411.592	0	
99.0819	-29.3588	210.197	0	
96.2752	-31.1828	209.509	0	
103.126	-31.3509	196.484	0	
103.954	-33.2103	200.039	0	
77.2821	-45.8141	81.8082	0	
77.281	-43.5153	86.0544	0	
-182.507	-9.30267	62.6572	0	
-183.13	-5.79724	58.1676	0	
62.5929	-50.8393	42.7419	0	
66.4091	-50.1549	49.0472	0	
65.5593	-46.8182	40.3446	0	
67.0869	-51.9451	57.7246	0	
-87.6314	-52.5407	713.683	0	
-87.8353	-45.2087	726.385	0	
-40.6073	-39.599	375.239	0	
-35.1363	-37.8356	400.15	0	
-43.2426	-38.8022	360.061	0	
-33.2616	-42.9493	414.466	0	
97.5238	-27.6146	213.402	0	
95.304	-32.9317	196.541	0	
96.2393	-35.1912	194.726	0	
99.6439	-32.7167	200.053	0	
108.789	-29.8966	196.646	0	
108.853	-27.5492	202.767	0	
99.9237	-34.9726	196.572	0	
106.979	-37.0026	181.591	0	
-188.161	-7.81265	61.153	0	
-184.368	-8.54625	62.6594	0	
-179.306	-8.99063	62.568	0	
-178.592	-6.06457	56.5806	0	
64.3536	-49.9445	44.9069	0	
67.3072	-47.9803	45.858	0	
-190.353	-4.91571	59.6167	0	
-188.897	-12.3329	70.2233	0	
-175.809	-5.58689	56.8183	0	
-173.396	-6.77658	61.7205	0	
76.3053	-26.3903	103.79	0	
76.9535	-28.4809	102.356	0	
-23.3574	-31.655	494.529	0	
-15.889	-31.5089	471.4	0	
123.89	-33.0864	183.178	0	
125.714	-34.9118	181.783	0	
15.3512	-44.9512	274.875	0	
19.5944	-46.2222	228.569	0	
34.5361	-45.1978	82.8373	0	
37.0274	-53.0473	93.8549	0	
-113.747	-39.2009	851.747	0	
-109.969	-39.6014	846.549	0	
-57.645	-29.7359	386.961	0	
-58.7459	-26.2571	401.981	0	
12.7581	-36.7697	268.532	0	
11.803	-40.416	308.366	0	
21.871	-35.4155	179.946	0	
19.007	-35.6782	207.062	0	
-122.403	-41.5938	819.166	0	
-117.475	-37.2261	854.334	0	
80.735	-27.3168	157.033	0	
85.8955	-33.2485	163.025	0	
-183.717	-12.327	69.1101	0	
-181.292	-15.3832	81.3969	0	
-73.7122	-30.4358	600.858	0	
-74.4769	-36.9729	574.159	0	
-63.6775	-31.4063	424.187	0	
-65.8069	-27.0971	473.889	0	
-161.908	-47.9987	387.8	0	
-154.192	-46.2942	464.527	0	
70.7833	-27.9696	53.263	0	
74.1112	-26.765	77.566	0	
67.539	-29.3295	26.5853	0	
69.6207	-28.4883	34.8479	0	
66.1958	-29.8989	21.3873	0	
67.9975	-31.6482	26.0686	0	
68.4802	-32.9274	32.6584	0	
70.3606	-31.7001	41.3188	0	
139.155	-43.9168	178.06	0	
143.123	-43.0535	181.671	0	
137.425	-44.7353	177.627	0	
138.863	-47.6226	178.665	0	
135.873	-43.6833	175.268	0	
134.038	-46.5018	173.215	0	
138.776	-49.4274	177.064	0	
142.572	-49.0935	180.76	0	
136.047	-41.6721	177.48	0	
132.727	-41.6277	175.491	0	
131.58	-47.5486	173.043	0	
137.375	-52.2002	176.417	0	
135.592	-49.3646	174.312	0	
139.198	-52.9159	179.541	0	
131.279	-38.7511	177.207	0	
129.943	-44.3948	172.714	0	
133.277	-50.626	174.083	0	
134.222	-57.6375	176.59	0	
139.747	-55.0926	179.528	0	
145.313	-55.2132	185.413	0	
135.996	-55.8635	176.767	0	
138.406	-66.91	184.389	0	
142.528	-52.5443	181.288	0	
141.801	-54.8719	182.091	0	
147.268	-51.8279	186.342	0	
146.115	-48.9793	184.764	0	
148.952	-52.9525	188.778	0	
151.224	-50.3637	190.689	0	
146.363	-47.0938	185.555	0	
142.786	-47.3354	181.72	0	
149.445	-55.3811	189.524	0	
152.286	-59.594	194.149	0	
154.64	-46.6158	195.227	0	
151.417	-46.5814	191.146	0	
149.654	-47.4339	189.065	0	
145.007	-43.7149	184.651	0	
153.012	-47.5152	193.455	0	
146.827	-42.5863	186.384	0	
154.713	-44.7368	196.479	0	
153.252	-43.0558	193.774	0	
151.585	-44.001	192.239	0	
150.125	-42.8096	190.273	0	
153.141	-49.4785	192.593	0	
154.9	-50.3039	196.213	0	
158.004	-46.4449	199.695	0	
153.967	-40.9839	197.413	0	
155.901	-53.9749	196.119	0	
158.374	-50.0752	199.352	0	
164.485	-42.9234	208.623	0	
156.466	-41.5132	198.981	0	
153.346	-36.0643	197.432	0	
147.589	-35.6565	192.036	0	
153.426	-54.0407	193.047	0	
152.381	-56.3112	192.311	0	
160.152	-49.1138	201.73	0	
158.335	-44.4791	200.719	0	
158.293	-58.1552	199.438	0	
157.897	-55.8785	198.947	0	
161.836	-50.1189	203.422	0	
163.66	-48.9469	206.067	0	
159.913	-47.2083	202.178	0	
161.569	-46.0461	203.777	0	
50.2563	-51.1483	44.1541	0	
59.7231	-49.3663	35.4669	0	
53.4737	-56.0109	59.7456	0	
58.9594	-53.3005	49.0231	0	
57.1971	-49.3395	34.6291	0	
56.9391	-51.1981	40.2136	0	
55.4441	-52.5233	44.1944	0	
55.5978	-54.6726	50.024	0	
52.7108	-58.9041	73.6045	0	
57.377	-60.5356	79.343	0	
-44.2861	-28.2784	371.204	0	
-45.0107	-32.4604	347.776	0	
-188.376	-1.82253	56.2646	0	
-185.545	-15.5226	79.1939	0	
-185.718	-21.8614	99.9642	0	
151.096	-32.5149	197.781	0	
156.587	-31.9716	206.099	0	
65.3629	-39.5615	25.3997	0	
68.5949	-38.9877	34.4281	0	
-102.819	-53.3664	779.82	0	
-88.0746	-59.8051	700.875	0	
81.6833	-45.3409	118.82	0	
83.0246	-42.9944	117.858	0	
78.199	-39.3244	91.1363	0	
79.0994	-41.5358	91.4588	0	
-43.2557	-32.8351	361.355	0	
-46.6513	-34.1442	348.373	0	
-49.1107	-33.9924	337.084	0	
-50.5233	-36.5146	349.361	0	
-47.9036	-40.1079	362.07	0	
-36.2588	-44.169	414.202	0	
91.5812	-36.2947	179.747	0	
98.7756	-38.682	184.603	0	
79.1089	-31.6937	116.988	0	
82.8318	-28.9756	161.111	0	
-25.7733	-32.749	471.246	0	
-23.6512	-36.5853	454.532	0	
-21.049	-32.2963	480.585	0	
-17.4024	-34.1939	467.445	0	
-119.026	-40.5345	837.946	0	
-114.684	-43.7605	835.888	0	
-118.657	-46.2527	811.963	0	
-115.996	-42.5635	836.692	0	
-186.337	-11.2216	68.414	0	
-185.393	-17.6634	87.0881	0	
-188.228	-14.6536	75.7519	0	
-192.71	-16.7609	81.7561	0	
-60.5048	-27.8667	423.157	0	
-65.3173	-32.7237	463.634	0	
127.553	-38.6955	177.058	0	
128.424	-43.2465	172.425	0	
133.04	-37.734	177.821	0	
130.716	-35.8692	180.137	0	
127.419	-40.574	173.171	0	
126.392	-42.4117	171.622	0	
133.152	-52.9333	173.655	0	
131.211	-54.6646	173.522	0	
149.623	-40.4031	190.028	0	
153.216	-39.2293	195.237	0	
161.316	-58.9962	202.459	0	
165.291	-49.824	207.341	0	
159.95	-52.9872	200.896	0	
164.126	-55.9146	205.576	0	
167.105	-48.7014	210.204	0	
167.235	-46.468	210.992	0	
59.5544	-64.3125	91.3395	0	
61.4717	-55.7747	61.9639	0	
-194.312	-1.02366	63.5641	0	
-192.197	-1.99311	60.0313	0	
-189.019	-24.0503	104.208	0	
-182.251	-26.4554	124.455	0	
149.825	-35.0746	194.137	0	
150.912	-38.8809	194.305	0	
88.025	-47.8993	141.32	0	
96.7729	-39.6554	181.929	0	
85.9499	-39.7915	145.624	0	
92.739	-42.3043	166.113	0	
100.685	-39.9741	181.337	0	
102.441	-35.4708	189.213	0	
-115.112	-46.037	821.344	0	
-111.665	-46.901	819.339	0	
-117.374	-39.2555	846.999	0	
-118.314	-42.811	837.954	0	
-67.8149	-36.7978	484.781	0	
-57.5986	-35.9291	371.975	0	
165.938	-62.3219	207.285	0	
173.598	-54.9446	213.846	0	
159.758	-55.0554	201.121	0	
162.028	-56.7313	202.512	0	
169.549	-54.9886	211.636	0	
165.372	-52.2474	208.082	0	
169.435	-50.354	211.686	0	
169.118	-45.6855	213.353	0	
169.643	-43.2233	216.769	0	
165.465	-40.7438	212.561	0	
-199.008	-1.16333	68.0056	0	
-194.241	-5.35766	64.5283	0	
-188.933	-28.8571	127.576	0	
-185.084	-26.5252	126.194	0	
154.358	-37.7925	199.183	0	
150.99	-36.7198	194.894	0	
157.93	-39.9657	202.264	0	
154.367	-34.7003	201.444	0	
160.447	-40.1644	204.811	0	
156.386	-34.9996	202.384	0	
159.929	-36.2435	206.894	0	
159.277	-32.8931	209.181	0	
161.439	-37.8712	208.251	0	
164.55	-33.3829	216.086	0	
159.618	-30.9801	210.393	0	
157.8	-30.6353	208.923	0	
160.828	-29.8244	214.213	0	
160.309	-28.2296	214.922	0	
155.225	-28.3811	206.82	0	
154.507	-31.502	203.386	0	
162.518	-30.2534	215.646	0	
163.754	-29.007	218.702	0	
160.851	-25.3784	219.187	0	
159.219	-25.0096	216.385	0	
162.659	-32.5164	214.005	0	
165.228	-35.8819	214.949	0	
163.814	-25.2864	222.468	0	
159.161	-17.525	225.917	0	
156.956	-23.2554	215.617	0	
158.113	-26.316	214.462	0	
166.751	-28.0537	224.869	0	
165.542	-24.5266	227.614	0	
168.923	-38.4206	218.404	0	
173.164	-29.1463	230.193	0	
166.626	-21.1494	230.473	0	
162.183	-20.0798	227.361	0	
159.658	-22.0105	221.269	0	
161.699	-22.1469	222.662	0	
156.296	-21.7601	216.399	0	
153.417	-25.4795	209.37	0	
158.935	-20.4749	221.971	0	
155.409	-17.6146	218.911	0	
154.83	-26.7531	209.482	0	
155.88	-24.4446	212.861	0	
160.253	-18.9845	223.8	0	
157.08	-18.4664	220.786	0	
168.724	-28.5047	226.376	0	
170.021	-26.836	228.867	0	
168.269	-32.2024	221.96	0	
176.933	-31.0384	231.099	0	
173.421	-24.9115	235.244	0	
168.806	-20.6455	235.371	0	
89.31	-42.1797	152.555	0	
94.4602	-43.862	166.739	0	
-116.872	-47.1543	811.975	0	
-112.301	-54.3648	772.613	0	
-109.974	-48.3552	810.42	0	
-106.805	-46.1524	823.807	0	
168.367	-52.6658	210.083	0	
170.896	-47.2455	215.423	0	
173.03	-43.3837	218.173	0	
173.532	-33.9773	226.037	0	
-192.126	-4.00045	62.2352	0	
-190.144	-7.23719	63.2765	0	
169.157	-34.47	220.949	0	
167.742	-36.2614	217.283	0	
175.633	-26.2716	234.858	0	
173.61	-18.0681	241.737	0	
172.241	-22.8244	235.793	0	
173.956	-20.8242	241.554	0	
86.7253	-46.3957	134.685	0	
94.8024	-46.9838	164.24	0	
-119.357	-44.162	818.889	0	
-119.294	-50.167	787.936	0	
-117.223	-49.3036	794.184	0	
-119.94	-52.224	774.372	0	
-112.19	-51.9088	791.564	0	
-109.902	-50.6702	798.429	0	
175.541	-52.6448	217.944	0	
173.804	-50.6476	217.002	0	
92.4661	-48.2881	152.652	0	
100.493	-42.2671	177.867	0	
-121.688	-43.9314	825.57	0	
-122.443	-45.8254	797.705	0	
-122.154	-52.8079	763.782	0	
-116.06	-50.8793	795.466	0	
-120.356	-57.1855	733.405	0	
-117.895	-52.9978	767.511	0	
-107.414	-54.4621	779.412	0	
-107.838	-51.7216	790.071	0	
179.026	-51.9412	220.483	0	
176.169	-34.0097	228.958	0	
-124.961	-47.0816	797.08	0	
-125.197	-50.0455	759.339	0	
-122.964	-50.5543	775.982	0	
-132.616	-47.638	726.362	0	
-121.41	-61.1288	693.412	0	
-114.984	-65.7695	688.728	0	
-109.589	-55.8666	761.176	0	
-104.71	-55.5262	763.718	0	
178.897	-48.5445	222.085	0	
181.195	-44.674	225.248	0	
-45.6936	-20.3363	460.589	0	
-43.4656	-22.2578	449.742	0	
-42.8336	-24.5264	419.568	0	
-39.93	-22.6637	490.902	0	
14.6094	-29.8561	223.079	0	
13.6817	-32.7826	239.985	0	
-169	-54.494	328.994	0	
-165.873	-43.4772	332.71	0	
-170.997	-43.711	281.363	0	
-169.992	-46.7086	295.2	0	
11.0749	-37.9373	284.357	0	
12.4449	-34.4072	261.395	0	
74.0233	-20.4329	125.834	0	
72.6086	-22.7068	84.3143	0	
-10.969	-35.2363	446.536	0	
-10.0356	-43.5806	452.382	0	
60.5488	-57.9652	65.7685	0	
62.4429	-52.4306	51.4083	0	
62.661	-60.0933	81.7129	0	
64.6277	-57.3502	71.3285	0	
64.9468	-59.4755	76.4927	0	
69.1491	-52.2115	63.2245	0	
67.1852	-60.3459	86.3903	0	
69.6401	-54.5976	72.5765	0	
65.7927	-53.88	61.533	0	
66.2508	-55.9652	67.6989	0	
68.128	-62.6157	98.1824	0	
72.9057	-57.7693	91.5603	0	
68.036	-56.4165	75.2772	0	
71.1228	-59.3462	92.8697	0	
75.2968	-58.5316	100.454	0	
77.216	-56.7149	106.173	0	
-28.6599	-44.739	440.875	0	
-26.9562	-41.8535	437.319	0	
74.1356	-53.5769	86.3275	0	
73.0012	-46.8634	65.6588	0	
-86.7238	-54.9545	705.499	0	
-82.9101	-58.763	676.439	0	
-85.7302	-48.7948	708.788	0	
-83.3275	-46.09	685.703	0	
109.487	-39.8081	182.048	0	
113.56	-34.8608	188.001	0	
-196.422	-9.46726	71.2683	0	
-191.816	-11.2579	70.6933	0	
18.2568	-41.1878	230.845	0	
15.6421	-38.9397	253.333	0	
-73.0254	-40.5348	558.84	0	
-68.1433	-39.7683	485.361	0	
-167.028	-46.0652	329.851	0	
-154.185	-60.8924	434.543	0	
142.288	-59.4316	183.431	0	
139.532	-59.3314	180.93	0	
48.3137	-52.874	51.6488	0	
51.6127	-54.7266	53.2366	0	
46.4248	-52.6694	55.2962	0	
44.93	-54.6628	65.827	0	
134.964	-63.6281	181.264	0	
138.232	-56.6906	179.324	0	
127.766	-53.9657	170.921	0	
127.809	-58.0726	172.963	0	
98.4018	-43.4128	172.375	0	
102.985	-43.1873	175.218	0	
-65.0543	-43.6333	467.121	0	
-60.8284	-40.5956	432.241	0	
-60.5149	-34.0285	390.185	0	
-63.4683	-36.8727	445.942	0	
-55.0915	-35.4722	363.799	0	
-54.437	-32.3871	359.588	0	
-63.2986	-39.4461	431.937	0	
-59.6035	-37.0085	404.211	0	
-65.2603	-41.2301	486.522	0	
-60.1336	-43.3961	430.848	0	
-196.551	-2.18699	65.3833	0	
-190.246	-21.9335	96.2785	0	
-194.024	-23.5487	99.1693	0	
-189.108	-19.529	88.1744	0	
-190.343	-16.7833	80.9817	0	
-196.966	-23.4457	99.5841	0	
-202.454	-25.6073	102.36	0	
161.853	-42.3645	206.966	0	
163.825	-37.8917	211.211	0	
168.208	-60.1383	210.207	0	
174.431	-59.4289	216.43	0	
171.978	-38.278	220.04	0	
169.587	-30.5405	224.558	0	
174.492	-40.9111	222.947	0	
178.723	-40.4698	224.754	0	
172.007	-35.7245	223.154	0	
172	-31.0609	227.166	0	
180.111	-30.5509	234.622	0	
180.514	-24.8247	239.845	0	
182.298	-21.531	244.107	0	
176.992	-21.241	240.816	0	
96.9409	-53.1185	160.365	0	
100.577	-47.4641	168.118	0	
182.1	-54.5412	221.455	0	
185.004	-45.6897	227.929	0	
-128.58	-63.3088	642.619	0	
-126.041	-56.1498	714.05	0	
-113.351	-60.643	727.657	0	
-95.1146	-60.1219	725.121	0	
-98.9949	-50.4758	785.198	0	
-103.902	-50.6711	787.766	0	
-180.369	-44.411	214.206	0	
-179.35	-47.1136	233.337	0	
-174.381	-50.6875	269.103	0	
-164.792	-49.1752	355.509	0	
62.5855	-63.4163	92.3731	0	
73.536	-68.3703	125.984	0	
-90.9619	-56.9076	719.337	0	
-82.1464	-56.3434	678.379	0	
-82.8614	-52.063	688.741	0	
-83.8965	-54.6818	687.643	0	
-201.136	-2.39171	70.9834	0	
-197.996	-14.4135	79.0359	0	
145.388	-66.2723	190.87	0	
148.969	-61.9802	190.414	0	
137.917	-60.7576	180.959	0	
134.843	-59.8908	178.575	0	
46.0896	-49.8993	45.5848	0	
42.9697	-51.991	61.0959	0	
39.3647	-51.521	73.028	0	
41.762	-55.3875	79.9192	0	
34.3422	-51.9799	103.308	0	
40.3	-54.2327	79.9752	0	
41.3129	-58.1745	93.442	0	
43.594	-59.3747	89.7487	0	
32.6691	-56.205	137.934	0	
38.0163	-54.6932	91.8621	0	
34.5775	-57.93	127.374	0	
37.3126	-61.6012	125.909	0	
43.6797	-65.2231	119.036	0	
54.7309	-61.3351	79.9462	0	
130.289	-58.7698	174.969	0	
126.049	-55.659	171.472	0	
97.5044	-46.4104	168.043	0	
103.967	-45.3867	173.031	0	
107.029	-45.9598	172.013	0	
108.331	-42.2377	175.024	0	
-67.3076	-45.4359	526.982	0	
-65.0964	-49.6911	535.066	0	
-59.0339	-47.9629	473.537	0	
-55.3498	-39.9125	391.255	0	
-203.569	-8.9845	75.987	0	
-198.923	-5.89878	69.7488	0	
-193.513	-13.5562	74.8143	0	
-197.049	-17.7347	84.3512	0	
-199.677	-18.5432	88.1364	0	
-198.319	-28.8649	111.073	0	
-194.84	-28.5017	116.024	0	
-199.162	-26.0501	107.188	0	
179.062	-36.6154	229.616	0	
186.586	-26.6677	242.035	0	
185.219	-20.5515	247.058	0	
186.496	-17.0244	249.875	0	
-103.83	-59.3677	746.229	0	
-99.0632	-56.6922	749.974	0	
55.4235	-68.2517	111.493	0	
62.9253	-71.5155	127.061	0	
75.8572	-60.8452	109.326	0	
72.3929	-62.2575	103.342	0	
-92.3057	-59.5284	719.189	0	
-89.9975	-64.4992	689.821	0	
-75.4564	-53.0655	618.27	0	
-78.4804	-49.2012	649.788	0	
-80.4014	-60.528	670.993	0	
-79.0568	-55.6939	658.889	0	
-207.126	-13.0908	84.4452	0	
-200.73	-12.608	78.0528	0	
144.234	-69.4998	189.112	0	
150.05	-70.4753	194.025	0	
130.901	-61.2003	175.779	0	
138.403	-63.0695	181.836	0	
128.979	-65.4753	177.941	0	
134.686	-65.9702	180.734	0	
28.8821	-55.0141	157.084	0	
34.4517	-60.8758	143.171	0	
48.2677	-62.3805	97.6275	0	
55.1467	-71.9761	130.359	0	
122.11	-55.7694	170.395	0	
121.341	-58.5994	170.609	0	
107.425	-51.7953	166.484	0	
116.046	-48.2555	168.158	0	
-69.7895	-44.9385	526.927	0	
-75.1784	-50.2332	620.748	0	
-63.8445	-53.339	530.378	0	
-58.9855	-53.4866	514.469	0	
-51.203	-48.9333	456.12	0	
-54.5161	-42.8801	376.748	0	
-206.361	-5.4163	76.9972	0	
-203.674	-1.22838	73.9089	0	
-96.4717	-57.027	744.233	0	
-89.267	-70.2552	666.026	0	
-75.1575	-59.1017	638.68	0	
-69.9745	-50.6959	586.676	0	
-85.4327	-63.1031	681.447	0	
-74.2683	-62.3615	629.468	0	
-209.207	-7.07838	83.0705	0	
-210.689	-21.6797	99.5976	0	
109.808	-54.3107	168.324	0	
112.928	-49.7536	169.719	0	
111.849	-45.7513	171.671	0	
110.705	-48.3743	169.134	0	
-70.4192	-41.6742	541.031	0	
-74.5813	-43.6327	579.722	0	
-201.051	-4.8005	71.2901	0	
-200.853	-9.93231	76.2345	0	
-69.4205	-63.2981	615.781	0	
-65.1348	-60.5111	569.603	0	
-204.947	-11.6993	81.9545	0	
-207.328	-16.8766	90.2133	0	
-210.503	-18.8984	97.6868	0	
-202.637	-22.3398	98.1439	0	
-205.036	-21.0044	95.2986	0	
-199.481	-21.3719	92.822	0	
81.8616	-21.2834	205.509	0	
79.4384	-23.9408	164.323	0	
20.8267	-51.335	236.841	0	
23.476	-44.876	185.003	0	
29.6942	-52.5329	145.085	0	
23.9774	-48.0502	195.497	0	
27.674	-45.5429	134.226	0	
29.3749	-42.4674	119.604	0	
25.7235	-49.2397	168.358	0	
33.5471	-49.2475	101.519	0	
26.1248	-51.6705	174.805	0	
30.9647	-47.7764	110.385	0	
29.1263	-48.8153	139.116	0	
35.2615	-47.9016	83.5814	0	
24.4749	-54.1706	204.807	0	
30.4776	-57.0659	152.993	0	
28.4536	-51.1046	152.17	0	
32.316	-52.9835	124.627	0	
24.9283	-56.7291	207.393	0	
30.168	-62.0347	185.598	0	
27.0203	-56.7833	188.996	0	
27.4312	-59.4125	187.88	0	
22.6626	-59.9846	240.91	0	
26.2837	-61.9423	216.896	0	
19.2982	-56.4653	261.958	0	
24.4483	-71.6431	258.895	0	
22.0036	-66.132	264.07	0	
24.3847	-68.3493	247.706	0	
-50.9197	-43.0427	395.446	0	
-44.991	-43.978	383.045	0	
-42.1082	-45.0805	405.217	0	
-40.3512	-49.3016	429.379	0	
81.5944	-41.2958	118.54	0	
85.9	-42.1066	137.748	0	
87.3953	-43.5381	145.603	0	
88.2044	-39.5985	155.669	0	
83.8887	-47.3107	122.832	0	
90.7459	-43.7573	159.213	0	
81.3963	-52.6126	108.029	0	
90.1307	-46.6193	149.323	0	
88.1804	-50.7723	142.389	0	
91.5204	-50.7211	149.853	0	
83.5694	-50.9416	126.278	0	
85.3241	-58.0589	132.035	0	
74.7363	-62.9943	112.573	0	
79.3621	-57.7841	106.8	0	
76.4723	-65.1013	120.099	0	
78.9351	-62.9474	122.43	0	
81.7309	-56.4209	123.254	0	
73.3681	-51.4461	76.4371	0	
85.6105	-60.9566	137.995	0	
86.5615	-52.8997	130.627	0	
78.7337	-51.5143	108.351	0	
78.8496	-46.7144	95.1134	0	
162.728	-61.3181	204.8	0	
166.584	-66.6239	207.932	0	
102.561	-62.2001	165.767	0	
104.606	-52.8589	167.002	0	
-103.306	-75.4704	648.533	0	
-95.662	-63.2412	708.769	0	
-183.439	-42.0043	188.969	0	
-187.593	-48.4911	195.083	0	
-176.626	-52.5763	255.581	0	
-175.907	-47.1581	246.386	0	
-182.227	-56.7776	239.732	0	
-162.296	-57.563	385.361	0	
-196.818	-35.708	136.765	0	
-198	-43.8591	155.034	0	
-207.718	-25.6547	104.919	0	
-205.038	-30.8911	115.841	0	
-106.804	-62.3172	725.868	0	
-103.341	-70.2031	674.874	0	
139.985	-69.6255	189.326	0	
133.343	-74.3205	190.551	0	
152.514	-72.4867	200.007	0	
163.231	-69.2173	205.251	0	
122.303	-64.3736	173.723	0	
130.916	-71.6337	181.231	0	
32.2531	-62.8019	168.335	0	
39.0606	-59.0325	109.873	0	
31.974	-71.9886	210.82	0	
39.7099	-64.876	140.15	0	
44.6702	-62.0656	104.02	0	
42.6842	-72.427	160.371	0	
50.002	-65.7866	105.296	0	
47.4828	-67.8799	122.53	0	
-206.361	-2.62435	77.8744	0	
-100.919	-60.3756	736.413	0	
-98.8744	-63.8298	710.949	0	
-82.5341	-67.8278	662.638	0	
-90.5673	-61.4651	707.214	0	
-79.512	-72.8404	642.025	0	
-76.9841	-65.6499	651.204	0	
110.234	-57.1381	167.364	0	
115.561	-54.2111	169.034	0	
-213.439	-24.5229	106.919	0	
-205.063	-27.3634	109.409	0	
17.0826	-62.9024	307.303	0	
8.1701	-76.513	392.684	0	
29.0814	-73.662	236.797	0	
27.56	-66.6678	226.553	0	
91.19	-56.147	148.264	0	
87.9816	-56.2087	140.351	0	
75.0764	-47.5871	75.3843	0	
77.922	-49.2306	85.3	0	
-213.255	-11.4161	89.9816	0	
-209.31	-1.39597	79.9425	0	
-87.1314	-65.4025	685.391	0	
-85.8061	-60.5398	691.304	0	
-85.5937	-67.442	663.056	0	
-80.5895	-65.6029	655.538	0	
-86.5192	-69.7977	660.03	0	
-82.0918	-70.6718	641.508	0	
-91.9743	-68.4693	674.918	0	
-90.224	-72.7438	657.658	0	
-95.7337	-70.2651	674.878	0	
-89.7086	-79.0736	615.502	0	
-87.5956	-81.9687	602.721	0	
-86.0053	-74.7233	634.745	0	
107.822	-58.9802	167.475	0	
112.658	-61.729	169.794	0	
-218.904	-20.9409	104.289	0	
-219.092	-28.7223	115.583	0	
-211.175	-27.0468	109.115	0	
-201.028	-35.3326	127.716	0	
25.2856	-88.6896	288.548	0	
51.9698	-80.4696	175.068	0	
-218.133	-6.4995	90.1683	0	
-214.908	-1.474	86.9506	0	
-99.2551	-68.0663	684.906	0	
-107.075	-67.5502	688.136	0	
-94.2152	-73.1061	653.004	0	
-97.7018	-76.1745	631.889	0	
104.577	-57.2164	165.494	0	
105.138	-63.9044	168.076	0	
115.613	-64.3408	173.015	0	
124.205	-60.9385	172.945	0	
-208.7	-32.8109	120.202	0	
-206.668	-46.5574	152.672	0	
30.5161	-68.2882	200.402	0	
35.8334	-72.8894	186.178	0	
-211.76	-5.76043	84.2872	0	
-209.314	-10.8577	85.0097	0	
98.1959	-56.562	159.126	0	
94.625	-58.3862	157.535	0	
104.954	-67.7848	171.433	0	
107.713	-69.5406	172.629	0	
110.116	-66.8288	173.05	0	
125.826	-71.1855	182.062	0	
118.052	-59.7595	171.333	0	
118.587	-63.3921	171.198	0	
97.909	-67.2042	167.582	0	
101.479	-76.6019	178.213	0	
113.019	-79.9962	187.139	0	
114.134	-67.5927	172.888	0	
88.2644	-31.6441	197.007	0	
88.7056	-37.1742	168.23	0	
81.2813	-35.9685	122.416	0	
86.0542	-35.265	160.951	0	
-133.285	-61.3957	630.138	0	
-133.18	-72.2102	569.011	0	
189.197	-40.8369	232.664	0	
181.908	-33.9856	233.285	0	
179.448	-59.729	217.67	0	
190.576	-59.3627	226.184	0	
18.0149	-51.3678	260.846	0	
17.0617	-54.6371	280.161	0	
16.3939	-49.4301	276.597	0	
14.4469	-55.3287	318.122	0	
12.9001	-52.532	324.82	0	
13.3559	-62.8911	331.691	0	
17.2099	-46.6889	261.877	0	
13.1446	-47.1854	300.897	0	
9.52936	-53.0762	364.755	0	
2.52007	-61.8311	440.433	0	
6.63965	-50.2752	391.602	0	
-1.34591	-49.1283	436.474	0	
18.588	-66.7018	300.01	0	
12.3526	-59.1437	345.288	0	
160.49	-63.7924	200.973	0	
160.348	-67.3895	204.032	0	
156.121	-63.7136	198.735	0	
155.753	-71.8214	200.081	0	
166.887	-76.0077	210.922	0	
171.822	-72.4394	211.295	0	
-194.857	-39.7681	147.73	0	
-191.542	-50.6354	187.624	0	
152.192	-77.153	198.583	0	
158.011	-74.2981	202.116	0	
-84.1548	-80.7638	605.226	0	
-74.6405	-79.4072	591.572	0	
81.8341	-63.2421	134.127	0	
81.2478	-70.2113	148.02	0	
-87.9317	-86.1767	568.085	0	
-78.4615	-80.3805	609.578	0	
-218.133	-3.14916	91.5498	0	
-208.716	-37.1516	130.009	0	
-216.567	-37.4234	131.826	0	
38.5047	-76.7225	198.291	0	
42.0599	-76.5364	180.991	0	
93.9568	-67.5948	158.287	0	
99.6043	-63.6789	162.778	0	
162.064	-73.3603	206.337	0	
156.923	-69.0559	200.155	0	
87.1355	-66.8252	148.639	0	
83.166	-66.9476	140.179	0	
-92.781	-88.3359	573.531	0	
-81.9482	-86.2987	567.709	0	
-80.0457	-76.4666	618.194	0	
-83.7113	-77.3018	624.807	0	
-228.391	-1.76888	98.0609	0	
-221.672	-1.67517	92.6694	0	
37.98	-81.6465	221.819	0	
49.2389	-86.6151	202.471	0	
90.2192	-69.2003	159.601	0	
99.0316	-73.0896	173.325	0	
76.1087	-67.4568	131.654	0	
75.5679	-79.9531	163.612	0	
-85.949	-93.1033	535.907	0	
-78.3797	-97.9419	509.421	0	
-236.506	-2.01029	99.9184	0	
-228.268	-9.2581	103.268	0	
47.7419	-80.7387	185.805	0	
46.9688	-71.4874	145.028	0	
88.6746	-78.6252	171.605	0	
94.5653	-74.2669	170.615	0	
81.6646	-76.639	162.073	0	
77.8494	-76.9987	158.312	0	
-71.1513	-95.3237	516.814	0	
-72.8361	-89.8373	554.465	0	
-224.613	-6.91269	95.8376	0	
-225.837	-24.8252	113.85	0	
82.9821	-80.181	168.62	0	
94.6622	-77.7103	175.235	0	
-228.828	-14.4255	103.887	0	
-217.037	-24.6109	107.391	0	
79.6893	-86.993	184.037	0	
86.0104	-81.2913	175.679	0	
91.9385	-84.6349	182.802	0	
98.3302	-83.2446	184.827	0	
76.3328	-88.0005	184.772	0	
79.5002	-93.9921	195.636	0	
94.9803	-86.0202	186.549	0	
102.475	-85.1024	187.838	0	
-134.891	-56.9166	656.422	0	
-131.601	-53.1224	712.765	0	
-191.549	-56.5841	203.666	0	
-186.132	-59.8231	217.946	0	
-180.931	-70.3143	259.197	0	
-170.385	-58.9073	297.834	0	
140.507	-76.9161	192.898	0	
137.867	-73.0831	187.654	0	
58.106	-73.5018	133.751	0	
58.9735	-67.6429	110.863	0	
58.743	-76.4749	147.611	0	
63.8194	-74.5394	140.025	0	
56.6626	-78.5409	160.37	0	
61.0323	-81.7361	168.634	0	
66.772	-75.2361	142.786	0	
68.4466	-69.045	120.614	0	
53.6489	-77.7577	156.072	0	
53.588	-83.2296	178.349	0	
62.6378	-84.0471	173.945	0	
66.9859	-82.5015	167.626	0	
57.8511	-86.1237	184.851	0	
65.316	-89.4195	190.696	0	
69.9964	-82.7913	168.91	0	
70.6674	-78.3255	156.885	0	
71.7163	-84.9528	177.342	0	
76.9057	-82.517	172.749	0	
72.229	-75.9505	148.052	0	
68.6892	-72.7567	134.112	0	
67.4026	-87.7237	183.21	0	
81.3326	-89.7219	189.585	0	
75.5052	-74.9619	151.049	0	
77.9667	-70.1059	139.052	0	
73.1966	-71.0325	137.893	0	
76.0233	-72.3305	141.627	0	
52.77	-74.166	145.46	0	
45.8274	-77.9757	171.263	0	
52.6716	-85.8217	192.958	0	
55.1752	-87.4508	190.469	0	
45.9274	-84.2921	196.118	0	
48.2229	-90.3226	216.497	0	
57.4959	-91.2626	203.646	0	
60.8522	-86.4578	183.362	0	
41.5112	-85.4758	219.358	0	
44.262	-92.3447	228.764	0	
43.6376	-98.3046	245.972	0	
48.6437	-99.9759	236.096	0	
56.3931	-94.8306	211.285	0	
61.8006	-92.7791	200.123	0	
52.5717	-95.4375	223.222	0	
57.853	-100.336	220.038	0	
65.0279	-92.2676	196.321	0	
61.7869	-88.4593	189.896	0	
56.1081	-103.315	233.091	0	
61.0344	-100.436	218.372	0	
65.3374	-96.9645	207.285	0	
69.9047	-94.2745	199.139	0	
71.7205	-91.2104	191.678	0	
76.1245	-94.3758	198.118	0	
57.8577	-106.707	232.296	0	
62.5788	-102.693	221.686	0	
65.9351	-102.345	217.835	0	
66.7879	-94.2568	202.261	0	
56.4721	-110.348	239.716	0	
65.7916	-110.74	230.143	0	
67.4027	-105.098	221.969	0	
70.573	-105.282	217.869	0	
67.1372	-99.5184	212.334	0	
71.3242	-97.0158	205.994	0	
64.5461	-107.492	226.203	0	
63.3869	-113.535	234.708	0	
74.6641	-97.2144	203.323	0	
74.6004	-91.1131	191.447	0	
75.8153	-114.699	225.698	0	
83.777	-108.486	216.376	0	
61.6353	-120.345	240.423	0	
69.9269	-118.537	232.472	0	
75.2274	-102.567	211.97	0	
75.7504	-108.258	219.154	0	
87.9078	-109.108	216.521	0	
81.7381	-105.141	214.201	0	
48.6296	-107.762	246.44	0	
61.6424	-124.295	246.564	0	
66.1818	-126.87	241.541	0	
72.9535	-122.39	234.519	0	
78.2986	-117.954	227.509	0	
72.1948	-114.757	230.144	0	
86.8361	-100.901	206.289	0	
81.4437	-96.778	203.056	0	
77.446	-111.264	223.195	0	
77.7047	-121.865	231.466	0	
80.0029	-99.7031	205.867	0	
90.742	-102.086	207.821	0	
81.3372	-125.011	230.361	0	
85.8063	-122.555	227.66	0	
76.5991	-99.7558	208.114	0	
77.3878	-105.42	215.572	0	
98.7544	-100.376	205.262	0	
88.3154	-93.9543	195.975	0	
75.4701	-130.757	236.713	0	
85.4261	-133.039	231.995	0	
15.8938	-70.0081	329.179	0	
12.3433	-81.6132	367.744	0	
-225.339	-33.6517	125.276	0	
-220.027	-40.6781	134.237	0	
-111.763	-70.2397	664.09	0	
-120.848	-76.1613	581.636	0	
-136.98	-66.9909	553.472	0	
-133.071	-78.6829	502.81	0	
8.52853	-68.6485	405.262	0	
6.35367	-73.1843	402.317	0	
-209.609	-54.192	166.031	0	
-196.274	-48.7133	171.017	0	
-211.283	-45.116	145.389	0	
-212.265	-40.1766	133.772	0	
-97.5935	-84.6502	580.455	0	
-107.157	-83.2245	579.93	0	
-232.26	-3.77917	104.679	0	
-223.793	-20.7319	106.816	0	
-223.003	-29.1456	115.286	0	
95.9311	-90.8272	194.283	0	
103.724	-89.3657	194.454	0	
108.625	-90.9431	193.856	0	
111.559	-87.6121	194.305	0	
-197.181	-57.748	188.638	0	
-197.843	-63.4871	204.282	0	
124.723	-98.3461	204.371	0	
139.699	-88.2973	201.504	0	
29.474	-78.2832	256.722	0	
29.2923	-101.993	283.172	0	
34.2877	-98.5159	272.385	0	
52.4576	-110.735	246.162	0	
51.7305	-119.698	251.233	0	
50.2939	-126.03	259.169	0	
65.2266	-131.86	245.719	0	
73.6011	-136.268	239.987	0	
100.53	-92.3149	195.492	0	
93.2465	-94.5949	199.093	0	
-232.866	-29.1444	122.51	0	
-232.179	-41.2123	142.602	0	
-223.005	-48.8212	148.801	0	
-217.97	-54.6709	160.859	0	
-98.5647	-95.8086	506.244	0	
-96.7764	-101.128	491.034	0	
-224.975	-16.156	103.936	0	
-236.168	-14.2881	109.596	0	
109.924	-95.0443	201.461	0	
114.249	-95.8348	199.281	0	
118.897	-84.9733	192.509	0	
115.412	-71.6064	180.421	0	
33.5778	-82.4457	239.696	0	
17.6818	-92.1901	326.883	0	
43.5751	-110.17	260.138	0	
49.0516	-115.85	254.433	0	
-227.091	-47.1212	149.674	0	
-229.416	-54.513	160.664	0	
-216.671	-59.237	170.567	0	
-200.576	-53.0342	176.646	0	
-99.8549	-106.266	444.14	0	
-88.0924	-106.861	467.647	0	
102.272	-97.3537	201.858	0	
106.765	-98.5056	201.825	0	
120.009	-100.678	204.617	0	
123.258	-94.2011	199.089	0	
124.994	-86.4564	193.115	0	
121.471	-73.7337	180.348	0	
117.52	-80.7076	186.166	0	
122.373	-78.3102	186.858	0	
38.8394	-108.822	269.01	0	
27.5074	-133.719	285.119	0	
-227.614	-42.5283	136.993	0	
-235.564	-44.5974	140.555	0	
-232.392	-57.6025	160.904	0	
-227.695	-63.2949	170.461	0	
-224.327	-60.3416	168.947	0	
-221.144	-71.2419	184.598	0	
-211.223	-59.0714	169.393	0	
-203.071	-65.3769	191.682	0	
104.579	-107.414	209.74	0	
112.629	-103.137	205.897	0	
121.22	-104.755	208.97	0	
129.047	-101.156	208.272	0	
-236.731	-56.3855	165.293	0	
-239.132	-63.5123	173.487	0	
-226.487	-68.8178	181.489	0	
-219.951	-62.209	172.277	0	
-237.394	-23.3525	111.274	0	
99.6869	-106.288	210.581	0	
120.353	-111.808	213.805	0	
114.076	-106.967	210.175	0	
124.796	-112.161	211.848	0	
134.166	-101.639	207.586	0	
127.963	-91.5627	200.369	0	
-229.784	-72.4212	185.596	0	
-234.361	-69.8543	179.655	0	
-212.459	-68.6825	185.967	0	
-237.635	-28.1648	117.695	0	
-230.42	-25.1633	113.989	0	
91.3721	-106.025	212.744	0	
99.4158	-121.883	221.993	0	
111.548	-110.215	212.731	0	
116.268	-115.644	216	0	
129.23	-115.14	215.685	0	
133.441	-113.324	214.106	0	
-224.548	-81.0293	196.896	0	
-233.977	-36.9919	130.884	0	
106.54	-111.146	213.808	0	
106.617	-115.702	215.664	0	
139.167	-113.226	215.001	0	
138.202	-98.5536	207.571	0	
140.59	-108.386	213.005	0	
144.809	-105.832	212.385	0	
-20.5844	-42.1869	455.971	0	
-20.0053	-46.7538	465.269	0	
-21.6251	-49.3109	476.742	0	
-14.2782	-54.1325	492.296	0	
-24.9237	-50.0346	470.362	0	
-24.4732	-54.1806	485.877	0	
-26.9212	-57.782	503.265	0	
-22.3854	-62.9104	515.766	0	
-10.7561	-57.0025	491.786	0	
-7.37258	-50.9604	471.781	0	
-19.4817	-74.7703	509.527	0	
-18.8928	-60.3796	506.129	0	
-29.4208	-65.4957	525.416	0	
-21.8445	-67.1774	513.954	0	
-5.71564	-68.5177	473.028	0	
-15.72	-64.0747	508.149	0	
-33.8873	-64.2473	514.827	0	
-36.907	-67.0902	536.727	0	
-31.0909	-82.3204	522.326	0	
-24.4963	-70.0803	523.7	0	
-43.0193	-67.6317	534.744	0	
-45.01	-74.292	558.245	0	
-20.2076	-88.6585	479.597	0	
-23.3332	-73.9078	515.414	0	
-22.5982	-81.5856	503.852	0	
-15.1786	-80.6735	485.529	0	
-18.5617	-79.4457	502.752	0	
-12.1585	-73.5134	492.13	0	
-13.8405	-85.1684	474.61	0	
-6.38175	-90.8786	430.48	0	
-15.9387	-88.8391	463.326	0	
2.7805	-88.1983	401.438	0	
-7.9899	-79.9903	465.223	0	
-9.17101	-84.4221	459.29	0	
-23.3569	-85.152	496.477	0	
-17.4362	-96.7672	443.715	0	
-28.0415	-86.7906	500.415	0	
-27.822	-91.3034	482.072	0	
-21.1688	-103.499	435.05	0	
-11.6701	-103.177	407.114	0	
-31.6165	-94.5489	479.087	0	
-30.0725	-98.8999	464.387	0	
-12.4924	-112.173	376.324	0	
-8.26431	-107.553	401.408	0	
-0.928529	-102.017	391.055	0	
-8.74273	-98.7628	421.485	0	
-39.3705	-87.7585	516.667	0	
-38.7236	-103.753	465.825	0	
-28.9874	-107.257	432.121	0	
-25.0644	-99.3508	451.91	0	
-31.1032	-111.579	418.261	0	
-20.13	-112.294	412.841	0	
-122.341	-71.567	628.569	0	
-127.27	-69.4213	596.35	0	
177.363	-70.8545	217.699	0	
182.931	-79.7148	220.035	0	
194.484	-70.6701	225.391	0	
205.412	-46.3998	234.251	0	
-148.658	-54.1885	515.345	0	
-144.74	-60.2627	531.524	0	
89.1284	-113.85	219.704	0	
95.8905	-108.956	213.244	0	
85.4897	-117.336	224.263	0	
95.1152	-119.576	223.727	0	
79.9885	-140.71	236.276	0	
86.5533	-138.115	234.595	0	
93.875	-140.506	231.259	0	
90.3929	-129.884	230.231	0	
-107.212	-78.0296	607.43	0	
-111.934	-75.4518	623.96	0	
-203.514	-72.113	204.539	0	
-194.411	-75.1852	232.43	0	
23.5418	-79.1195	276.896	0	
31.7185	-88.5261	264.893	0	
35.2427	-130.112	277.071	0	
65.0843	-152.672	245.534	0	
58.7009	-132.979	250.039	0	
51.1476	-147.759	257.929	0	
39.0537	-102.225	261.695	0	
32.4377	-118.773	282.009	0	
34.1756	-112.281	280.409	0	
10.2368	-112.083	340.761	0	
-219.864	-77.9622	195.511	0	
-210.073	-79.8563	204.17	0	
-235.249	-79.9026	191.838	0	
149.491	-107.805	214.56	0	
150.168	-90.9348	207.472	0	
-11.7848	-62.6113	496.695	0	
3.83218	-65.8272	420.855	0	
-7.32471	-64.6163	486.65	0	
-7.81391	-72.1862	475.378	0	
-3.09446	-78.4485	447.806	0	
-0.104511	-68.6018	450.372	0	
5.38978	-80.1854	397.661	0	
1.38442	-72.6413	432.81	0	
8.13868	-83.4741	380.363	0	
12.8018	-77.1064	359.119	0	
6.76317	-87.4795	384.902	0	
9.96291	-90.6198	363.77	0	
16.4908	-73.9704	316.745	0	
12.1378	-67.7342	344.257	0	
-0.31391	-85.2812	422.123	0	
1.61258	-92.5506	397.637	0	
12.5727	-98.1642	348.151	0	
22.7596	-92.4329	307.732	0	
-5.50933	-86.8878	440.018	0	
-2.35425	-93.6242	413.83	0	
-4.14386	-98.4484	404.402	0	
-2.12163	-106.707	380.405	0	
3.83467	-100.369	375.36	0	
19.7811	-106.632	321.313	0	
16.9823	-97.0373	329.13	0	
20.7884	-100.78	313.416	0	
3.16078	-111.67	346.597	0	
9.0607	-102.091	353.147	0	
-5.22633	-49.2204	447.373	0	
-7.00473	-55.1229	476.216	0	
-5.07578	-45.1047	440.083	0	
-11.3647	-46.8054	467.42	0	
-14.6501	-45.4397	467.637	0	
-13.5927	-50.8626	480.601	0	
-46.0857	-89.0399	510.484	0	
-46.7009	-96.829	496.374	0	
-40.3435	-108.135	437.947	0	
-36.1271	-120.673	386.545	0	
188.763	-68.6054	222.019	0	
182.62	-73.6727	219.419	0	
208.34	-61.4864	230.222	0	
204.505	-53.9832	232.028	0	
193.89	-49.7676	229.848	0	
198.308	-54.6295	230.124	0	
-154.553	-53.4307	462.054	0	
-157.397	-56.9552	438.81	0	
-165.421	-53.7402	338.563	0	
-161.741	-63.0633	375.822	0	
-174.695	-60.3246	297.814	0	
-165.268	-65.8399	346.279	0	
-165.035	-71.7718	332.944	0	
-156.71	-75.5321	391.324	0	
-173.629	-64.7999	289.713	0	
-169.32	-63.3826	321.714	0	
95.0016	-131.54	227.772	0	
97.3566	-137.086	229.243	0	
-112.341	-91.5744	513.134	0	
-103.185	-86.4124	558.015	0	
-115.484	-82.8736	560.639	0	
-115.745	-77.736	587.465	0	
56.1783	-137.675	252.086	0	
56.9594	-147.273	252.719	0	
29.3944	-109.161	293.147	0	
12.463	-106.816	333.649	0	
-225.204	-103.899	216.455	0	
-215.596	-89.1975	209.739	0	
150.733	-112.967	217.278	0	
158.373	-112.8	218.147	0	
154.195	-100.075	212.204	0	
159.656	-95.788	212.239	0	
0.887652	-121.246	348.069	0	
12.3577	-124.13	319.392	0	
-45.6147	-110.788	440.165	0	
-38.6009	-115.847	417.996	0	
-39.235	-127.742	380.523	0	
-26.2645	-125.44	370.028	0	
-170.539	-74.3416	305.851	0	
-163.787	-89.8538	324.046	0	
-151.729	-81.7878	406.416	0	
-148.487	-71.4238	455.754	0	
104.681	-119.778	222.249	0	
99.0756	-128.475	225.645	0	
-124.594	-91.6817	465.295	0	
-111.437	-107.97	419.706	0	
-138.323	-89.4253	430.045	0	
-119.702	-84.6686	535.358	0	
-118.153	-105.652	423.873	0	
-120.338	-89.229	496.42	0	
-124.475	-97.7656	447.068	0	
-116.843	-93.224	487.469	0	
-128.952	-100.971	407.145	0	
-129.297	-106.983	394.401	0	
147.59	-118.656	218.081	0	
162.763	-115.216	219.306	0	
15.4867	-117.959	315.075	0	
24.1027	-111.109	300.53	0	
-52.0839	-108.484	449.497	0	
-48.8346	-120.364	405.235	0	
-175.081	-69.8269	282.996	0	
-181.357	-78.4697	260.341	0	
-170.042	-80.7841	306.896	0	
-175.181	-91.7842	286.695	0	
164.143	-120.043	221.435	0	
175.405	-108.609	220.739	0	
155.314	-115.296	218.274	0	
166.21	-111.635	219.169	0	
156.187	-121.233	220.029	0	
160.625	-123.565	221.217	0	
171.651	-113.035	221.207	0	
172.894	-102.896	218.386	0	
161.582	-129.493	222.97	0	
181.307	-120.856	223.114	0	
170.335	-123.354	222.368	0	
181.29	-112.474	223.181	0	
179.208	-92.536	219.987	0	
164.945	-97.1786	215.425	0	
156.283	-133.365	222.364	0	
169.799	-136.621	224.889	0	
-106.337	-103.549	453.284	0	
-110.121	-115.085	405.051	0	
-209.376	-73.1236	199.246	0	
-214.798	-82.2621	203.613	0	
202.594	-79.6131	226.306	0	
204.314	-68.1637	228.454	0	
171.053	-86.2953	215.075	0	
187.552	-96.5359	222.879	0	
67.9176	-158.242	248.769	0	
74.0365	-150.948	238.806	0	
48.134	-154.645	254.309	0	
59.5464	-152.371	251.674	0	
-144.24	-94.1967	399.592	0	
-133.931	-97.6934	416.174	0	
-150.839	-90.0484	359.686	0	
-155.244	-103.277	327.476	0	
-134.979	-109.494	362.533	0	
-130.29	-119.363	348.013	0	
4.83477	-127.83	326.706	0	
24.0111	-139.37	294.473	0	
168.87	-129.928	223.274	0	
175.974	-145.804	226.026	0	
174.431	-96.7984	217.988	0	
177.6	-84.6722	218.073	0	
154.217	-150.281	224.94	0	
162.986	-142.343	224.252	0	
-117.288	-119.025	370.99	0	
-113.546	-125.26	362.257	0	
-221.482	-92.614	208.282	0	
-214.823	-101.638	218.881	0	
202.252	-88.9331	225.638	0	
214.626	-78.6434	229.883	0	
60.2519	-142.341	251.766	0	
49.8702	-141.536	262.8	0	
36.8257	-148.875	278.972	0	
-141.375	-104.99	366.441	0	
-146.121	-114.611	330.29	0	
-137.122	-130.962	312.353	0	
-116.32	-132.198	338.174	0	
3.40532	-136.327	312.228	0	
16.061	-135.816	297.803	0	
22.9088	-127.481	297.343	0	
16.226	-129.108	307.23	0	
146.534	-158.676	225.043	0	
-109.686	-140.126	341.854	0	
-83.9156	-127.066	390.072	0	
-221.252	-99.1488	214.889	0	
-208.542	-99.0861	222.925	0	
-202.944	-89.727	221.912	0	
-209.086	-93.1804	217.752	0	
-160.677	-107.081	302.494	0	
-152.839	-124.087	296.495	0	
21.1403	-151.939	294.484	0	
42.6701	-141.346	266.232	0	
182.526	-147.757	226.273	0	
-231.424	-102.452	209.082	0	
-214.493	-107.947	222.992	0	
-163.851	-127.456	272.954	0	
-147.526	-129.788	298.38	0	
-141.386	-147.913	290.409	0	
-130.961	-126.089	328.401	0	
171.073	-151.271	225.347	0	
-233.963	-113.319	225.099	0	
-221.63	-109.02	219.387	0	
-209.495	-112.534	228.301	0	
-200.624	-103.163	230.07	0	
188.584	-137.598	226.507	0	
176.351	-137.985	225.094	0	
182.718	-154.598	226.624	0	
-228.364	-125.028	226.274	0	
187.858	-157.373	227.07	0	
194.522	-153.464	227.865	0	
212.444	-148.496	229.176	0	
209.326	-158.052	228.614	0	
195.36	-135.198	226.767	0	
-235.706	-106.647	216.267	0	
-231.358	-93.8338	208.516	0	
-2.48699	-141.948	323.577	0	
5.24605	-153.752	311.593	0	
-110.018	-155.234	322.591	0	
-88.6759	-145.329	341.207	0	
-100.975	-138.133	337.825	0	
-96.5049	-145.733	343.454	0	
-169.186	-106.945	283.363	0	
-189.344	-89.5135	246.963	0	
-170.154	-95.5481	284.403	0	
-165.425	-117.551	283.901	0	
-157.526	-130.768	288.269	0	
-152.213	-136.469	287.508	0	
-135.558	-140.403	306.584	0	
-124.779	-132.332	328.368	0	
-222.492	-115.459	224.914	0	
-198.387	-122.326	240.081	0	
187.893	-144.4	227.017	0	
199.619	-141.196	227.854	0	
-234.912	-126.408	223.434	0	
-238.091	-119.586	223.331	0	
-232.38	-138.413	228.212	0	
-216.29	-121.875	226.757	0	
-237.128	-133.194	227.488	0	
-13.0725	-138.453	332.629	0	
-13.0999	-156.838	324.706	0	
-186.509	-100.869	254.741	0	
-173.115	-103.092	274.835	0	
-151.127	-144.777	290.094	0	
-191.224	-127.133	244.259	0	
-171.305	-114.176	275.789	0	
194.749	-147.332	227.108	0	
206.894	-139.012	227.899	0	
221.579	-123.843	227.969	0	
193.509	-127.71	226.545	0	
-210.013	-146.543	234.387	0	
-204.565	-125.331	234.236	0	
-232.463	-154.014	228.307	0	
-182.537	-105.696	255.1	0	
-180.178	-116.949	255.001	0	
-194.264	-135.783	242.231	0	
-176.27	-142.431	253.401	0	
210.811	-107.831	227.004	0	
199.695	-112.893	226.332	0	
-210.43	-120.022	230.828	0	
-216.066	-130.319	231.385	0	
-236.408	-147.746	229.302	0	
-218.733	-145.967	229.553	0	
27.9014	-146.978	273.731	0	
-102.258	-155.832	333.813	0	
-112.976	-147.127	317.015	0	
-82.9547	-156.011	341.178	0	
-74.6003	-140.779	363.442	0	
-121.859	-148.104	317.58	0	
-123.855	-156.958	310.353	0	
-222.701	-152.692	231.685	0	
-171.41	-152.848	255.188	0	
-204.443	-153.521	230.266	0	
-189.757	-143.949	249.986	0	
-159.48	-153.388	280.789	0	
-40.8926	-155.658	340.326	0	
