# ============================================================
# Electrode Geometry and Array Coefficients
# Paper: A Comparative Study of Pseudo-diode Arrays and Standard Arrays
# Based on High-density DC Resistivity Method
# ============================================================
# Column 1: X_Coord (m)       - Horizontal electrode position
# Column 2: Z_Coord (m)       - Depth coordinate (negative downward)
# Column 3: App_Resistivity   - Apparent resistivity (Ohm-m)
# Column 4: ElectrodeSpacing  - Electrode spacing 'a' for this measurement
# Column 5: GeometricFactor    - Array geometric factor K = 2*pi*a

-158.75	-1.25	231.635	999.954	0.768354
-157.5	-2.5	272.957	999.906	0.727017
-156.25	-3.75	308.306	999.854	0.691649
-155	-5	339.424	999.799	0.660508
-153.75	-6.25	366.316	999.74	0.633589
-152.5	-7.5	389.533	999.677	0.610341
-151.25	-8.75	409.508	999.611	0.590333
-150	-10	426.367	999.539	0.573436
-148.75	-11.25	440.361	999.463	0.559402
-147.5	-12.5	451.857	999.382	0.547863
-146.25	-13.75	461.148	999.295	0.538527
-145	-15	468.513	999.202	0.531113
-143.75	-16.25	474.266	999.102	0.525307
-142.5	-17.5	478.545	998.995	0.520974
-141.25	-18.75	481.556	998.88	0.517904
-140	-20	483.486	998.757	0.515913
-138.75	-21.25	484.448	998.625	0.514885
-137.5	-22.5	484.598	998.483	0.514666
-136.25	-23.75	483.963	998.329	0.515227
-135	-25	482.587	998.164	0.516525
-133.75	-26.25	480.587	997.986	0.518444
-132.5	-27.5	478.025	997.794	0.520918
-131.25	-28.75	474.94	997.586	0.523911
-130	-30	471.344	997.361	0.527409
-128.75	-31.25	467.265	997.116	0.531383
-127.5	-32.5	462.769	996.851	0.53577
-126.25	-33.75	457.868	996.564	0.540553
-125	-35	452.561	996.25	0.545735
-123.75	-36.25	446.894	995.909	0.55127
-122.5	-37.5	440.929	995.536	0.557094
-121.25	-38.75	434.724	995.129	0.563148
-120	-40	428.335	994.683	0.569376
-118.75	-41.25	421.808	994.194	0.575729
-117.5	-42.5	415.21	993.657	0.582139
-116.25	-43.75	408.652	993.066	0.588495
-115	-45	402.195	992.415	0.594731
-113.75	-46.25	395.896	991.697	0.60079
-112.5	-47.5	389.794	990.902	0.606627
-111.25	-48.75	383.905	990.023	0.612227
-110	-50	378.232	989.047	0.617579
-108.75	-51.25	372.754	987.963	0.622705
-107.5	-52.5	367.412	986.757	0.627657
-106.25	-53.75	362.157	985.414	0.632483
-105	-55	356.941	983.918	0.637225
-103.75	-56.25	351.694	982.249	0.64195
-102.5	-57.5	346.324	980.388	0.646748
-101.25	-58.75	340.774	978.314	0.651672
-100	-60	334.981	976.009	0.656785
-98.75	-61.25	328.886	973.455	0.662145
-97.5	-62.5	322.443	970.639	0.667803
-96.25	-63.75	315.627	967.561	0.673791
-95	-65	308.445	964.235	0.680114
-93.75	-66.25	300.952	960.708	0.68674
-92.5	-67.5	293.256	957.063	0.693588
-91.25	-68.75	285.527	953.449	0.700532
-90	-70	277.996	950.093	0.707401
-88.75	-71.25	270.893	947.325	0.714044
-87.5	-72.5	264.327	945.582	0.720462
-86.25	-73.75	258.32	945.392	0.726759
-85	-75	252.869	947.312	0.733067
-83.75	-76.25	247.905	951.808	0.739543
-82.5	-77.5	243.338	959.096	0.746284
-81.25	-78.75	239.105	968.99	0.753243
-80	-80	235.123	980.84	0.760284
-78.75	-81.25	231.354	993.622	0.76716
-77.5	-82.5	227.783	1006.17	0.773614
-76.25	-83.75	224.371	1017.46	0.779481
-75	-85	221.073	1026.81	0.784698
-73.75	-86.25	217.89	1033.91	0.789257
-72.5	-87.5	214.802	1038.82	0.793226
-71.25	-88.75	211.804	1041.81	0.796696
-70	-90	208.888	1043.23	0.799768
-68.75	-91.25	206.059	1043.46	0.802525
-67.5	-92.5	203.318	1042.85	0.805036
-66.25	-93.75	200.695	1041.66	0.807331
-65	-95	198.217	1040.1	0.809425
-63.75	-96.25	195.926	1038.34	0.811309
-62.5	-97.5	193.878	1036.48	0.812945
-61.25	-98.75	192.148	1034.6	0.814279
-60	-100	190.789	1032.76	0.815263
-58.75	-101.25	189.833	1030.98	0.815871
-57.5	-102.5	189.28	1029.28	0.816105
-56.25	-103.75	189.103	1027.68	0.815991
-55	-105	189.271	1026.18	0.815557
-53.75	-106.25	189.72	1024.77	0.814866
-52.5	-107.5	190.371	1023.46	0.813993
-51.25	-108.75	191.15	1022.24	0.813008
-50	-110	192.013	1021.1	0.811955
-48.75	-111.25	192.901	1020.05	0.81089
-47.5	-112.5	193.766	1019.06	0.809859
-46.25	-113.75	194.572	1018.15	0.808897
-45	-115	195.267	1017.3	0.808054
-43.75	-116.25	195.836	1016.51	0.807345
-42.5	-117.5	196.276	1015.77	0.806772
-41.25	-118.75	196.595	1015.09	0.806327
-40	-120	196.809	1014.44	0.805993
-38.75	-121.25	196.941	1013.84	0.805748
-37.5	-122.5	197.006	1013.28	0.805576
-36.25	-123.75	197.02	1012.76	0.805461
-35	-125	196.995	1012.26	0.805391
-33.75	-126.25	196.939	1011.8	0.805357
-32.5	-127.5	196.86	1011.36	0.805352
-31.25	-128.75	196.763	1010.95	0.805368
-30	-130	196.653	1010.57	0.805403
-28.75	-131.25	196.534	1010.2	0.805451
-27.5	-132.5	196.408	1009.86	0.805509
-26.25	-133.75	196.278	1009.53	0.805575
-25	-135	196.146	1009.22	0.805647
-23.75	-136.25	196.014	1008.93	0.805722
-22.5	-137.5	195.881	1008.66	0.8058
-21.25	-138.75	195.749	1008.39	0.80588
-20	-140	195.621	1008.14	0.805959
-18.75	-141.25	195.496	1007.91	0.806038
-17.5	-142.5	195.375	1007.68	0.806114
-16.25	-143.75	195.261	1007.47	0.806186
-15	-145	195.152	1007.26	0.806255
-13.75	-146.25	195.045	1007.07	0.806324
-12.5	-147.5	194.94	1006.88	0.806392
-11.25	-148.75	194.842	1006.7	0.806455
-10	-150	194.749	1006.53	0.806514
-8.75	-151.25	194.662	1006.37	0.80657
-7.5	-152.5	194.579	1006.21	0.806622
-6.25	-153.75	194.5	1006.06	0.806672
-5	-155	194.426	1005.92	0.806719
-3.75	-156.25	194.354	1005.78	0.806763
-2.5	-157.5	194.285	1005.65	0.806806
-1.25	-158.75	194.221	1005.52	0.806846
-156.25	-1.25	245.157	999.951	0.754831
-155	-2.5	276.207	999.9	0.723766
-153.75	-3.75	310.643	999.844	0.689309
-152.5	-5	341.532	999.785	0.658395
-151.25	-6.25	368.327	999.723	0.631571
-150	-7.5	391.765	999.656	0.6081
-148.75	-8.75	411.806	999.584	0.588023
-147.5	-10	428.728	999.508	0.571061
-146.25	-11.25	442.847	999.426	0.556899
-145	-12.5	454.438	999.339	0.545261
-143.75	-13.75	463.799	999.245	0.535851
-142.5	-15	471.27	999.145	0.528326
-141.25	-16.25	477.012	999.037	0.522528
-140	-17.5	481.267	998.922	0.518213
-138.75	-18.75	484.255	998.798	0.515163
-137.5	-20	486.116	998.665	0.513234
-136.25	-21.25	487.034	998.522	0.512245
-135	-22.5	487.054	998.367	0.512149
-133.75	-23.75	486.233	998.201	0.51289
-132.5	-25	484.707	998.021	0.514332
-131.25	-26.25	482.552	997.827	0.516398
-130	-27.5	479.814	997.617	0.51904
-128.75	-28.75	476.512	997.39	0.522241
-127.5	-30	472.681	997.144	0.525965
-126.25	-31.25	468.391	996.876	0.530141
-125	-32.5	463.66	996.585	0.534751
-123.75	-33.75	458.487	996.269	0.539795
-122.5	-35	452.921	995.923	0.545225
-121.25	-36.25	447.03	995.547	0.55097
-120	-37.5	440.874	995.135	0.556971
-118.75	-38.75	434.51	994.684	0.563168
-117.5	-40	427.987	994.189	0.569511
-116.25	-41.25	421.376	993.645	0.575929
-115	-42.5	414.791	993.047	0.582305
-113.75	-43.75	408.296	992.388	0.588572
-112.5	-45	401.951	991.66	0.594669
-111.25	-46.25	395.798	990.855	0.600549
-110	-47.5	389.853	989.963	0.606194
-108.75	-48.75	384.124	988.974	0.611593
-107.5	-50	378.588	987.874	0.616765
-106.25	-51.25	373.187	986.651	0.621764
-105	-52.5	367.869	985.288	0.626638
-103.75	-53.75	362.588	983.768	0.63143
-102.5	-55	357.272	982.073	0.636206
-101.25	-56.25	351.827	980.182	0.64106
-100	-57.5	346.194	978.074	0.646046
-98.75	-58.75	340.308	975.729	0.651228
-97.5	-60	334.11	973.13	0.656664
-96.25	-61.25	327.552	970.264	0.662409
-95	-62.5	320.608	967.128	0.668495
-93.75	-63.75	313.284	963.738	0.674928
-92.5	-65	305.636	960.139	0.681675
-91.25	-66.25	297.776	956.416	0.688655
-90	-67.5	289.877	952.72	0.695738
-88.75	-68.75	282.175	949.281	0.702748
-87.5	-70	274.909	946.432	0.709531
-86.25	-71.25	268.189	944.62	0.716088
-85	-72.5	262.04	944.382	0.722527
-83.75	-73.75	256.458	946.287	0.728984
-82.5	-75	251.374	950.811	0.735621
-81.25	-76.25	246.695	958.179	0.742538
-80	-77.5	242.357	968.205	0.749685
-78.75	-78.75	238.274	980.232	0.756921
-77.5	-80	234.409	993.22	0.763991
-76.25	-81.25	230.744	1005.99	0.770629
-75	-82.5	227.241	1017.48	0.776664
-73.75	-83.75	223.855	1027.01	0.782032
-72.5	-85	220.584	1034.26	0.786724
-71.25	-86.25	217.41	1039.29	0.790809
-70	-87.5	214.326	1042.35	0.794383
-68.75	-88.75	211.326	1043.83	0.797548
-67.5	-90	208.413	1044.09	0.800389
-66.25	-91.25	205.589	1043.49	0.80298
-65	-92.5	202.886	1042.3	0.805348
-63.75	-93.75	200.33	1040.73	0.807511
-62.5	-95	197.965	1038.96	0.809458
-61.25	-96.25	195.849	1037.08	0.811153
-60	-97.5	194.058	1035.18	0.812537
-58.75	-98.75	192.649	1033.32	0.813563
-57.5	-100	191.653	1031.51	0.814203
-56.25	-101.25	191.069	1029.79	0.814459
-55	-102.5	190.873	1028.17	0.814357
-53.75	-103.75	191.031	1026.64	0.813927
-52.5	-105	191.478	1025.22	0.813232
-51.25	-106.25	192.133	1023.89	0.81235
-50	-107.5	192.92	1022.65	0.811353
-48.75	-108.75	193.793	1021.49	0.810284
-47.5	-110	194.693	1020.42	0.809203
-46.25	-111.25	195.571	1019.42	0.808156
-45	-112.5	196.387	1018.5	0.807179
-43.75	-113.75	197.092	1017.63	0.806324
-42.5	-115	197.666	1016.83	0.805605
-41.25	-116.25	198.109	1016.08	0.805026
-40	-117.5	198.429	1015.38	0.804577
-38.75	-118.75	198.641	1014.73	0.804242
-37.5	-120	198.769	1014.12	0.803998
-36.25	-121.25	198.829	1013.55	0.803829
-35	-122.5	198.836	1013.01	0.803718
-33.75	-123.75	198.802	1012.51	0.803654
-32.5	-125	198.737	1012.04	0.803627
-31.25	-126.25	198.648	1011.59	0.803629
-30	-127.5	198.541	1011.18	0.803653
-28.75	-128.75	198.421	1010.78	0.803696
-27.5	-130	198.29	1010.41	0.803753
-26.25	-131.25	198.153	1010.06	0.803821
-25	-132.5	198.011	1009.73	0.803897
-23.75	-133.75	197.868	1009.42	0.803978
-22.5	-135	197.724	1009.12	0.804063
-21.25	-136.25	197.58	1008.84	0.804152
-20	-137.5	197.436	1008.57	0.804242
-18.75	-138.75	197.297	1008.32	0.804331
-17.5	-140	197.16	1008.08	0.80442
-16.25	-141.25	197.028	1007.85	0.804506
-15	-142.5	196.902	1007.63	0.804588
-13.75	-143.75	196.782	1007.42	0.804668
-12.5	-145	196.663	1007.22	0.804747
-11.25	-146.25	196.547	1007.03	0.804825
-10	-147.5	196.438	1006.85	0.804898
-8.75	-148.75	196.335	1006.68	0.804967
-7.5	-150	196.237	1006.51	0.805032
-6.25	-151.25	196.143	1006.35	0.805095
-5	-152.5	196.054	1006.2	0.805154
-3.75	-153.75	195.969	1006.05	0.80521
-2.5	-155	195.887	1005.91	0.805264
-1.25	-156.25	195.808	1005.78	0.805316
0	-157.5	195.734	1005.65	0.805365
-153.75	-1.25	245.257	999.948	0.75473
-152.5	-2.5	277.745	999.893	0.722226
-151.25	-3.75	312.106	999.834	0.687842
-150	-5	342.749	999.771	0.657173
-148.75	-6.25	370	999.704	0.62989
-147.5	-7.5	393.47	999.632	0.606385
-146.25	-8.75	413.619	999.555	0.586197
-145	-10	430.693	999.473	0.56908
-143.75	-11.25	444.92	999.386	0.554807
-142.5	-12.5	456.6	999.292	0.543076
-141.25	-13.75	466.089	999.191	0.533534
-140	-15	473.56	999.083	0.526005
-138.75	-16.25	479.288	998.967	0.520216
-137.5	-17.5	483.53	998.842	0.515909
-136.25	-18.75	486.458	998.708	0.512913
-135	-20	488.287	998.564	0.51101
-133.75	-21.25	489.083	998.408	0.510138
-132.5	-22.5	488.919	998.24	0.51022
-131.25	-23.75	487.954	998.059	0.511097
-130	-25	486.28	997.864	0.512679
-128.75	-26.25	483.955	997.652	0.514906
-127.5	-27.5	481.004	997.423	0.517753
-126.25	-28.75	477.469	997.174	0.521178
-125	-30	473.431	996.904	0.525099
-123.75	-31.25	468.909	996.61	0.529496
-122.5	-32.5	463.906	996.29	0.534366
-121.25	-33.75	458.474	995.941	0.539657
-120	-35	452.686	995.56	0.545295
-118.75	-36.25	446.605	995.144	0.551216
-117.5	-37.5	440.291	994.687	0.557357
-116.25	-38.75	433.796	994.187	0.563667
-115	-40	427.192	993.637	0.570072
-113.75	-41.25	420.599	993.031	0.576449
-112.5	-42.5	414.084	992.363	0.58273
-111.25	-43.75	407.709	991.626	0.588848
-110	-45	401.52	990.81	0.594755
-108.75	-46.25	395.535	989.906	0.600432
-107.5	-47.5	389.762	988.902	0.605864
-106.25	-48.75	384.18	987.787	0.61107
-105	-50	378.731	986.545	0.616104
-103.75	-51.25	373.362	985.161	0.621015
-102.5	-52.5	368.026	983.618	0.625844
-101.25	-53.75	362.652	981.895	0.630662
-100	-55	357.141	979.973	0.635561
-98.75	-56.25	351.434	977.83	0.640598
-97.5	-57.5	345.465	975.445	0.645839
-96.25	-58.75	339.174	972.799	0.651342
-95	-60	332.51	969.88	0.657164
-93.75	-61.25	325.445	966.684	0.663338
-92.5	-62.5	317.988	963.228	0.669873
-91.25	-63.75	310.194	959.554	0.676732
-90	-65	302.176	955.751	0.683834
-88.75	-66.25	294.114	951.969	0.691047
-87.5	-67.5	286.248	948.442	0.698191
-86.25	-68.75	278.824	945.51	0.705107
-85	-70	271.956	943.626	0.711797
-83.75	-71.25	265.67	943.337	0.718372
-82.5	-72.5	259.962	945.224	0.724973
-81.25	-73.75	254.761	949.776	0.731767
-80	-75	249.974	957.225	0.738856
-78.75	-76.25	245.534	967.386	0.746188
-77.5	-77.5	241.353	979.594	0.753619
-76.25	-78.75	237.395	992.795	0.760883
-75	-80	233.639	1005.78	0.767704
-73.75	-81.25	230.049	1017.5	0.773907
-72.5	-82.5	226.576	1027.21	0.779426
-71.25	-83.75	223.219	1034.62	0.78425
-70	-85	219.961	1039.76	0.788451
-68.75	-86.25	216.794	1042.91	0.792127
-67.5	-87.5	213.71	1044.44	0.795384
-66.25	-88.75	210.715	1044.74	0.798309
-65	-90	207.811	1044.15	0.800977
-63.75	-91.25	205.028	1042.96	0.803417
-62.5	-92.5	202.396	1041.39	0.805648
-61.25	-93.75	199.958	1039.6	0.807658
-60	-95	197.775	1037.7	0.80941
-58.75	-96.25	195.924	1035.78	0.810843
-57.5	-97.5	194.464	1033.89	0.81191
-56.25	-98.75	193.429	1032.06	0.812581
-55	-100	192.816	1030.32	0.812859
-53.75	-101.25	192.601	1028.68	0.812768
-52.5	-102.5	192.75	1027.13	0.81234
-51.25	-103.75	193.196	1025.68	0.811641
-50	-105	193.855	1024.33	0.810749
-48.75	-106.25	194.65	1023.07	0.809739
-47.5	-107.5	195.535	1021.9	0.808655
-46.25	-108.75	196.448	1020.81	0.807557
-45	-110	197.338	1019.8	0.806493
-43.75	-111.25	198.167	1018.85	0.8055
-42.5	-112.5	198.88	1017.98	0.804632
-41.25	-113.75	199.462	1017.16	0.803903
-40	-115	199.909	1016.4	0.803316
-38.75	-116.25	200.229	1015.69	0.802863
-37.5	-117.5	200.44	1015.02	0.802526
-36.25	-118.75	200.565	1014.4	0.802283
-35	-120	200.619	1013.82	0.802116
-33.75	-121.25	200.62	1013.28	0.802009
-32.5	-122.5	200.579	1012.77	0.801949
-31.25	-123.75	200.506	1012.29	0.801928
-30	-125	200.408	1011.84	0.801936
-28.75	-126.25	200.291	1011.41	0.801969
-27.5	-127.5	200.16	1011.01	0.80202
-26.25	-128.75	200.02	1010.63	0.802085
-25	-130	199.872	1010.28	0.802161
-23.75	-131.25	199.719	1009.94	0.802246
-22.5	-132.5	199.565	1009.62	0.802337
-21.25	-133.75	199.41	1009.32	0.802431
-20	-135	199.254	1009.03	0.802529
-18.75	-136.25	199.1	1008.76	0.802629
-17.5	-137.5	198.949	1008.5	0.802728
-16.25	-138.75	198.801	1008.25	0.802826
-15	-140	198.658	1008.02	0.802923
-13.75	-141.25	198.521	1007.8	0.803014
-12.5	-142.5	198.39	1007.58	0.803103
-11.25	-143.75	198.261	1007.38	0.803192
-10	-145	198.134	1007.19	0.80328
-8.75	-146.25	198.014	1007	0.803362
-7.5	-147.5	197.901	1006.83	0.803441
-6.25	-148.75	197.792	1006.66	0.803516
-5	-150	197.688	1006.49	0.803587
-3.75	-151.25	197.589	1006.34	0.803656
-2.5	-152.5	197.494	1006.19	0.803721
-1.25	-153.75	197.402	1006.05	0.803784
0	-155	197.314	1005.91	0.803845
1.25	-156.25	197.23	1005.78	0.803903
-151.25	-1.25	249.057	999.945	0.750929
-150	-2.5	279.824	999.886	0.720144
-148.75	-3.75	312.938	999.823	0.687006
-147.5	-5	344.434	999.755	0.655481
-146.25	-6.25	371.476	999.683	0.628406
-145	-7.5	395.039	999.607	0.604805
-143.75	-8.75	415.317	999.524	0.584486
-142.5	-10	432.467	999.436	0.567289
-141.25	-11.25	446.779	999.342	0.552926
-140	-12.5	458.593	999.24	0.541058
-138.75	-13.75	468.077	999.132	0.531516
-137.5	-15	475.531	999.015	0.524
-136.25	-16.25	481.248	998.89	0.518217
-135	-17.5	485.43	998.755	0.513964
-133.75	-18.75	488.331	998.609	0.510989
-132.5	-20	490.036	998.453	0.509204
-131.25	-21.25	490.643	998.284	0.508513
-130	-22.5	490.336	998.101	0.508731
-128.75	-23.75	489.226	997.904	0.509747
-127.5	-25	487.382	997.69	0.51149
-126.25	-26.25	484.842	997.459	0.513922
-125	-27.5	481.656	997.208	0.516995
-123.75	-28.75	477.915	996.935	0.520616
-122.5	-30	473.643	996.638	0.52476
-121.25	-31.25	468.846	996.315	0.52942
-120	-32.5	463.579	995.963	0.534541
-118.75	-33.75	457.924	995.578	0.540042
-117.5	-35	451.944	995.156	0.545857
-116.25	-36.25	445.704	994.695	0.551919
-115	-37.5	439.258	994.188	0.558174
-113.75	-38.75	432.681	993.631	0.564546
-112.5	-40	426.098	993.018	0.570906
-111.25	-41.25	419.579	992.341	0.577183
-110	-42.5	413.19	991.594	0.583308
-108.75	-43.75	406.979	990.767	0.589228
-107.5	-45	400.966	989.85	0.594923
-106.25	-46.25	395.162	988.832	0.600375
-105	-47.5	389.546	987.7	0.605603
-103.75	-48.75	384.059	986.44	0.610662
-102.5	-50	378.649	985.034	0.615599
-101.25	-51.25	373.269	983.467	0.620456
-100	-52.5	367.845	981.716	0.625304
-98.75	-53.75	362.278	979.762	0.630239
-97.5	-55	356.506	977.582	0.635319
-96.25	-56.25	350.463	975.155	0.640608
-95	-57.5	344.087	972.462	0.64617
-93.75	-58.75	337.324	969.488	0.652059
-92.5	-60	330.149	966.231	0.658313
-91.25	-61.25	322.565	962.705	0.664939
-90	-62.5	314.632	958.954	0.671901
-88.75	-63.75	306.464	955.067	0.679118
-87.5	-65	298.245	951.196	0.686453
-86.25	-66.25	290.222	947.577	0.693723
-85	-67.5	282.645	944.558	0.700764
-83.75	-68.75	275.633	942.597	0.707581
-82.5	-70	269.214	942.254	0.714287
-81.25	-71.25	263.384	944.121	0.721027
-80	-72.5	258.072	948.7	0.727974
-78.75	-73.75	253.179	956.231	0.735233
-77.5	-75	248.64	966.531	0.74275
-76.25	-76.25	244.366	978.926	0.750374
-75	-77.5	240.316	992.346	0.757831
-73.75	-78.75	236.473	1005.57	0.764836
-72.5	-80	232.796	1017.5	0.771207
-71.25	-81.25	229.239	1027.41	0.776876
-70	-82.5	225.799	1034.98	0.781832
-68.75	-83.75	222.458	1040.25	0.786148
-67.5	-85	219.21	1043.48	0.789925
-66.25	-86.25	216.045	1045.07	0.793273
-65	-87.5	212.97	1045.41	0.796281
-63.75	-88.75	209.985	1044.83	0.799025
-62.5	-90	207.124	1043.64	0.801537
-61.25	-91.25	204.417	1042.06	0.803834
-60	-92.5	201.907	1040.25	0.805906
-58.75	-93.75	199.658	1038.34	0.807714
-57.5	-95	197.748	1036.4	0.809197
-56.25	-96.25	196.238	1034.48	0.810303
-55	-97.5	195.163	1032.63	0.811004
-53.75	-98.75	194.522	1030.87	0.811302
-52.5	-100	194.289	1029.2	0.811223
-51.25	-101.25	194.43	1027.63	0.810797
-50	-102.5	194.874	1026.16	0.810093
-48.75	-103.75	195.539	1024.79	0.809191
-47.5	-105	196.343	1023.51	0.808166
-46.25	-106.25	197.24	1022.32	0.807066
-45	-107.5	198.166	1021.21	0.80595
-43.75	-108.75	199.069	1020.18	0.804869
-42.5	-110	199.911	1019.22	0.80386
-41.25	-111.25	200.634	1018.33	0.802978
-40	-112.5	201.224	1017.5	0.802238
-38.75	-113.75	201.675	1016.73	0.801643
-37.5	-115	201.998	1016	0.801184
-36.25	-116.25	202.208	1015.33	0.800845
-35	-117.5	202.33	1014.7	0.800601
-33.75	-118.75	202.38	1014.11	0.800435
-32.5	-120	202.375	1013.55	0.800332
-31.25	-121.25	202.327	1013.03	0.800276
-30	-122.5	202.246	1012.54	0.80026
-28.75	-123.75	202.14	1012.09	0.800274
-27.5	-125	202.014	1011.65	0.800313
-26.25	-126.25	201.874	1011.25	0.800371
-25	-127.5	201.723	1010.86	0.800444
-23.75	-128.75	201.565	1010.5	0.800529
-22.5	-130	201.402	1010.15	0.800622
-21.25	-131.25	201.237	1009.83	0.800721
-20	-132.5	201.072	1009.52	0.800825
-18.75	-133.75	200.906	1009.23	0.800932
-17.5	-135	200.74	1008.95	0.801041
-16.25	-136.25	200.579	1008.69	0.801149
-15	-137.5	200.42	1008.44	0.801257
-13.75	-138.75	200.266	1008.2	0.801362
-12.5	-140	200.12	1007.97	0.801463
-11.25	-141.25	199.978	1007.75	0.801561
-10	-142.5	199.838	1007.55	0.801659
-8.75	-143.75	199.701	1007.35	0.801756
-7.5	-145	199.571	1007.16	0.801848
-6.25	-146.25	199.447	1006.98	0.801935
-5	-147.5	199.329	1006.81	0.802019
-3.75	-148.75	199.215	1006.64	0.802099
-2.5	-150	199.106	1006.48	0.802177
-1.25	-151.25	199.001	1006.33	0.802251
0	-152.5	198.9	1006.19	0.802323
1.25	-153.75	198.802	1006.05	0.802393
2.5	-155	198.709	1005.91	0.802459
-148.75	-1.25	245.726	999.941	0.754259
-147.5	-2.5	277.148	999.878	0.722819
-146.25	-3.75	314.086	999.81	0.685855
-145	-5	345.305	999.738	0.654604
-143.75	-6.25	372.629	999.661	0.627245
-142.5	-7.5	396.376	999.579	0.603457
-141.25	-8.75	416.716	999.49	0.583072
-140	-10	433.973	999.395	0.565764
-138.75	-11.25	448.439	999.294	0.551244
-137.5	-12.5	460.252	999.185	0.539373
-136.25	-13.75	469.719	999.067	0.529842
-135	-15	477.167	998.941	0.522327
-133.75	-16.25	482.828	998.805	0.516595
-132.5	-17.5	486.99	998.659	0.512356
-131.25	-18.75	489.769	998.501	0.509496
-130	-20	491.283	998.331	0.507896
-128.75	-21.25	491.749	998.147	0.507338
-127.5	-22.5	491.299	997.948	0.50769
-126.25	-23.75	490.021	997.733	0.508865
-125	-25	487.963	997.499	0.510813
-123.75	-26.25	485.187	997.246	0.513473
-122.5	-27.5	481.796	996.97	0.51674
-121.25	-28.75	477.819	996.671	0.520585
-120	-30	473.268	996.344	0.524995
-118.75	-31.25	468.204	995.988	0.52991
-117.5	-32.5	462.712	995.598	0.535242
-116.25	-33.75	456.863	995.172	0.540921
-115	-35	450.724	994.705	0.546877
-113.75	-36.25	444.35	994.192	0.553054
-112.5	-37.5	437.821	993.628	0.559371
-111.25	-38.75	431.268	993.007	0.565695
-110	-40	424.763	992.322	0.57195
-108.75	-41.25	418.376	991.565	0.578065
-107.5	-42.5	412.158	990.726	0.583984
-106.25	-43.75	406.13	989.796	0.589683
-105	-45	400.308	988.764	0.595143
-103.75	-46.25	394.67	987.615	0.600381
-102.5	-47.5	389.157	986.335	0.605452
-101.25	-48.75	383.717	984.908	0.610403
-100	-50	378.303	983.315	0.615278
-98.75	-51.25	372.84	981.536	0.620146
-97.5	-52.5	367.226	979.549	0.625107
-96.25	-53.75	361.4	977.331	0.630218
-95	-55	355.291	974.861	0.635547
-93.75	-56.25	348.839	972.118	0.641156
-92.5	-57.5	341.988	969.087	0.647103
-91.25	-58.75	334.709	965.766	0.653427
-90	-60	327.008	962.168	0.660135
-88.75	-61.25	318.943	958.338	0.667191
-87.5	-62.5	310.633	954.363	0.674513
-86.25	-63.75	302.263	950.399	0.681961
-85	-65	294.089	946.685	0.689349
-83.75	-66.25	286.366	943.573	0.696509
-82.5	-67.5	279.216	941.532	0.703445
-81.25	-68.75	272.669	941.132	0.710276
-80	-70	266.721	942.977	0.71715
-78.75	-71.25	261.3	947.582	0.724246
-77.5	-72.5	256.306	955.196	0.731671
-76.25	-73.75	251.673	965.637	0.739371
-75	-75	247.307	978.225	0.747188
-73.75	-76.25	243.169	991.871	0.754838
-72.5	-77.5	239.241	1005.33	0.762027
-71.25	-78.75	235.481	1017.49	0.768567
-70	-80	231.842	1027.6	0.774386
-68.75	-81.25	228.321	1035.34	0.779473
-67.5	-82.5	224.899	1040.74	0.783904
-66.25	-83.75	221.571	1044.07	0.787782
-65	-85	218.327	1045.72	0.791219
-63.75	-86.25	215.172	1046.09	0.794308
-62.5	-87.5	212.11	1045.53	0.797128
-61.25	-88.75	209.172	1044.34	0.79971
-60	-90	206.39	1042.76	0.802073
-58.75	-91.25	203.809	1040.93	0.804205
-57.5	-92.5	201.494	1039	0.806068
-56.25	-93.75	199.527	1037.03	0.807599
-55	-95	197.968	1035.1	0.808744
-53.75	-96.25	196.855	1033.22	0.809475
-52.5	-97.5	196.186	1031.43	0.809793
-51.25	-98.75	195.935	1029.74	0.809723
-50	-100	196.068	1028.14	0.8093
-48.75	-101.25	196.512	1026.65	0.80859
-47.5	-102.5	197.182	1025.26	0.807676
-46.25	-103.75	197.996	1023.96	0.806637
-45	-105	198.906	1022.75	0.805519
-43.75	-106.25	199.845	1021.63	0.804386
-42.5	-107.5	200.763	1020.58	0.803286
-41.25	-108.75	201.617	1019.61	0.80226
-40	-110	202.352	1018.7	0.801363
-38.75	-111.25	202.95	1017.86	0.800611
-37.5	-112.5	203.407	1017.07	0.800007
-36.25	-113.75	203.732	1016.33	0.799543
-35	-115	203.942	1015.65	0.7992
-33.75	-116.25	204.062	1015	0.798955
-32.5	-117.5	204.108	1014.4	0.79879
-31.25	-118.75	204.098	1013.84	0.798688
-30	-120	204.044	1013.31	0.798636
-28.75	-121.25	203.956	1012.81	0.798624
-27.5	-122.5	203.842	1012.34	0.798644
-26.25	-123.75	203.708	1011.9	0.798689
-25	-125	203.559	1011.49	0.798753
-23.75	-126.25	203.399	1011.1	0.798833
-22.5	-127.5	203.232	1010.73	0.798925
-21.25	-128.75	203.059	1010.38	0.799026
-20	-130	202.885	1010.05	0.799133
-18.75	-131.25	202.709	1009.73	0.799245
-17.5	-132.5	202.532	1009.43	0.799361
-16.25	-133.75	202.357	1009.15	0.799478
-15	-135	202.185	1008.88	0.799595
-13.75	-136.25	202.017	1008.63	0.799712
-12.5	-137.5	201.853	1008.38	0.799826
-11.25	-138.75	201.696	1008.15	0.799935
-10	-140	201.544	1007.93	0.800042
-8.75	-141.25	201.394	1007.72	0.800149
-7.5	-142.5	201.247	1007.52	0.800255
-6.25	-143.75	201.108	1007.33	0.800355
-5	-145	200.974	1007.14	0.800451
-3.75	-146.25	200.846	1006.97	0.800543
-2.5	-147.5	200.723	1006.8	0.800632
-1.25	-148.75	200.604	1006.64	0.800718
0	-150	200.491	1006.48	0.8008
1.25	-151.25	200.38	1006.33	0.800881
2.5	-152.5	200.273	1006.19	0.800959
3.75	-153.75	200.171	1006.05	0.801034
-146.25	-1.25	237.454	999.937	0.762531
-145	-2.5	279.528	999.869	0.720435
-143.75	-3.75	314.897	999.797	0.685039
-142.5	-5	346.443	999.72	0.65346
-141.25	-6.25	373.881	999.637	0.625983
-140	-7.5	397.556	999.548	0.602264
-138.75	-8.75	417.989	999.453	0.581782
-137.5	-10	435.4	999.351	0.564318
-136.25	-11.25	449.853	999.241	0.549806
-135	-12.5	461.638	999.123	0.537957
-133.75	-13.75	471.099	998.997	0.528428
-132.5	-15	478.488	998.86	0.520966
-131.25	-16.25	484.132	998.713	0.515244
-130	-17.5	488.171	998.554	0.511122
-128.75	-18.75	490.752	998.382	0.508453
-127.5	-20	492.126	998.197	0.506986
-126.25	-21.25	492.45	997.997	0.506561
-125	-22.5	491.834	997.779	0.507072
-123.75	-23.75	490.339	997.544	0.508454
-122.5	-25	488.041	997.288	0.510632
-121.25	-26.25	485.059	997.01	0.513486
-120	-27.5	481.43	996.707	0.51698
-118.75	-28.75	477.17	996.377	0.521095
-117.5	-30	472.346	996.017	0.525765
-116.25	-31.25	467.052	995.623	0.530895
-115	-32.5	461.364	995.192	0.536407
-113.75	-33.75	455.353	994.72	0.54223
-112.5	-35	449.076	994.201	0.548304
-111.25	-36.25	442.618	993.63	0.554544
-110	-37.5	436.114	993	0.560812
-108.75	-38.75	429.641	992.306	0.567028
-107.5	-40	423.271	991.538	0.573116
-106.25	-41.25	417.061	990.688	0.579019
-105	-42.5	411.034	989.745	0.584708
-103.75	-43.75	405.205	988.697	0.590162
-102.5	-45	399.557	987.531	0.595398
-101.25	-46.25	394.029	986.232	0.60047
-100	-47.5	388.57	984.782	0.605425
-98.75	-48.75	383.133	983.163	0.610306
-97.5	-50	377.641	981.354	0.615184
-96.25	-51.25	371.99	979.333	0.62016
-95	-52.5	366.117	977.076	0.625293
-93.75	-53.75	359.953	974.561	0.630651
-92.5	-55	353.433	971.767	0.636298
-91.25	-56.25	346.502	968.678	0.642294
-90	-57.5	339.128	965.291	0.648678
-88.75	-58.75	331.318	961.618	0.655458
-87.5	-60	323.13	957.704	0.6626
-86.25	-61.25	314.684	953.639	0.670018
-85	-62.5	306.171	949.577	0.677571
-83.75	-63.75	297.851	945.764	0.685068
-82.5	-65	289.988	942.556	0.692339
-81.25	-66.25	282.705	940.43	0.699387
-80	-67.5	276.034	939.968	0.706336
-78.75	-68.75	269.974	941.789	0.71334
-77.5	-70	264.448	946.418	0.72058
-76.25	-71.25	259.357	954.116	0.728171
-75	-72.5	254.632	964.703	0.736052
-73.75	-73.75	250.178	977.488	0.744061
-72.5	-75	245.955	991.368	0.751904
-71.25	-76.25	241.944	1005.07	0.759277
-70	-77.5	238.104	1017.47	0.765985
-68.75	-78.75	234.385	1027.8	0.771954
-67.5	-80	230.785	1035.71	0.777171
-66.25	-81.25	227.285	1041.24	0.781716
-65	-82.5	223.878	1044.67	0.785694
-63.75	-83.75	220.556	1046.38	0.78922
-62.5	-85	217.325	1046.79	0.79239
-61.25	-86.25	214.185	1046.25	0.795284
-60	-87.5	211.172	1045.07	0.797935
-58.75	-88.75	208.316	1043.47	0.800362
-57.5	-90	205.666	1041.63	0.802555
-56.25	-91.25	203.286	1039.68	0.804472
-55	-92.5	201.261	1037.69	0.806049
-53.75	-93.75	199.655	1035.73	0.807233
-52.5	-95	198.503	1033.83	0.807992
-51.25	-96.25	197.807	1032.02	0.808329
-50	-97.5	197.539	1030.3	0.808269
-48.75	-98.75	197.664	1028.68	0.807847
-47.5	-100	198.109	1027.17	0.80713
-46.25	-101.25	198.786	1025.75	0.806205
-45	-102.5	199.61	1024.43	0.80515
-43.75	-103.75	200.533	1023.2	0.804015
-42.5	-105	201.487	1022.06	0.802862
-41.25	-106.25	202.419	1021	0.801743
-40	-107.5	203.288	1020.01	0.8007
-38.75	-108.75	204.034	1019.09	0.799787
-37.5	-110	204.641	1018.23	0.799022
-36.25	-111.25	205.104	1017.42	0.798409
-35	-112.5	205.432	1016.68	0.797938
-33.75	-113.75	205.643	1015.98	0.797591
-32.5	-115	205.762	1015.32	0.797344
-31.25	-116.25	205.805	1014.71	0.797178
-30	-117.5	205.791	1014.14	0.797078
-28.75	-118.75	205.732	1013.6	0.797028
-27.5	-120	205.637	1013.09	0.79702
-26.25	-121.25	205.516	1012.61	0.797044
-25	-122.5	205.374	1012.17	0.797095
-23.75	-123.75	205.217	1011.74	0.797165
-22.5	-125	205.048	1011.34	0.797252
-21.25	-126.25	204.872	1010.97	0.79735
-20	-127.5	204.69	1010.61	0.797459
-18.75	-128.75	204.506	1010.27	0.797573
-17.5	-130	204.321	1009.95	0.797692
-16.25	-131.25	204.135	1009.65	0.797816
-15	-132.5	203.95	1009.36	0.797941
-13.75	-133.75	203.769	1009.09	0.798066
-12.5	-135	203.59	1008.83	0.798191
-11.25	-136.25	203.417	1008.58	0.798314
-10	-137.5	203.25	1008.34	0.798431
-8.75	-138.75	203.089	1008.12	0.798546
-7.5	-140	202.93	1007.9	0.798661
-6.25	-141.25	202.773	1007.7	0.798775
-5	-142.5	202.624	1007.5	0.798884
-3.75	-143.75	202.481	1007.31	0.798988
-2.5	-145	202.344	1007.13	0.799089
-1.25	-146.25	202.212	1006.96	0.799186
0	-147.5	202.084	1006.79	0.79928
1.25	-148.75	201.961	1006.64	0.79937
2.5	-150	201.842	1006.48	0.799458
3.75	-151.25	201.726	1006.34	0.799544
5	-152.5	201.615	1006.2	0.799627
-143.75	-1.25	250.272	999.932	0.749711
-142.5	-2.5	279.649	999.86	0.720312
-141.25	-3.75	315.834	999.783	0.684097
-140	-5	347.516	999.7	0.65238
-138.75	-6.25	374.713	999.611	0.625141
-137.5	-7.5	398.527	999.515	0.601279
-136.25	-8.75	419.144	999.413	0.580609
-135	-10	436.548	999.303	0.563148
-133.75	-11.25	450.967	999.184	0.548665
-132.5	-12.5	462.751	999.056	0.536812
-131.25	-13.75	472.155	998.919	0.527334
-130	-15	479.536	998.771	0.519873
-128.75	-16.25	485.058	998.611	0.514268
-127.5	-17.5	488.894	998.438	0.510342
-126.25	-18.75	491.335	998.252	0.507805
-125	-20	492.569	998.049	0.506468
-123.75	-21.25	492.728	997.83	0.506201
-122.5	-22.5	491.892	997.593	0.506921
-121.25	-23.75	490.155	997.335	0.508535
-120	-25	487.652	997.054	0.510908
-118.75	-26.25	484.429	996.748	0.513991
-117.5	-27.5	480.511	996.415	0.51776
-116.25	-28.75	475.972	996.051	0.522141
-115	-30	470.916	995.653	0.527028
-113.75	-31.25	465.423	995.217	0.53234
-112.5	-32.5	459.569	994.738	0.538
-111.25	-33.75	453.417	994.213	0.543944
-110	-35	447.052	993.635	0.550084
-108.75	-36.25	440.619	992.998	0.556274
-107.5	-37.5	434.197	992.294	0.562432
-106.25	-38.75	427.863	991.516	0.568476
-105	-40	421.676	990.654	0.574346
-103.75	-41.25	415.662	989.697	0.580011
-102.5	-42.5	409.841	988.633	0.585447
-101.25	-43.75	404.196	987.45	0.590667
-100	-45	398.665	986.13	0.595728
-98.75	-46.25	393.198	984.657	0.600676
-97.5	-47.5	387.747	983.011	0.605552
-96.25	-48.75	382.236	981.172	0.610429
-95	-50	376.558	979.115	0.61541
-93.75	-51.25	370.65	976.818	0.620554
-92.5	-52.5	364.439	974.257	0.625931
-91.25	-53.75	357.862	971.41	0.631606
-90	-55	350.859	968.26	0.637639
-88.75	-56.25	343.4	964.804	0.644073
-87.5	-57.5	335.488	961.053	0.650916
-86.25	-58.75	327.185	957.053	0.658133
-85	-60	318.611	952.893	0.665638
-83.75	-61.25	309.963	948.73	0.673287
-82.5	-62.5	301.504	944.812	0.680885
-81.25	-63.75	293.506	941.503	0.688258
-80	-65	286.096	939.288	0.695412
-78.75	-66.25	279.307	938.761	0.702473
-77.5	-67.5	273.137	940.554	0.709599
-76.25	-68.75	267.512	945.207	0.716981
-75	-70	262.327	952.99	0.724732
-73.75	-71.25	257.514	963.725	0.732793
-72.5	-72.5	252.975	976.715	0.740994
-71.25	-73.75	248.67	990.836	0.74903
-70	-75	244.58	1004.8	0.756587
-68.75	-76.25	240.662	1017.44	0.763463
-67.5	-77.5	236.866	1027.98	0.769582
-66.25	-78.75	233.189	1036.08	0.77493
-65	-80	229.613	1041.75	0.779589
-63.75	-81.25	226.13	1045.28	0.783666
-62.5	-82.5	222.732	1047.06	0.78728
-61.25	-83.75	219.424	1047.51	0.790528
-60	-85	216.209	1046.99	0.793495
-58.75	-86.25	213.122	1045.81	0.796215
-57.5	-87.5	210.194	1044.21	0.798705
-56.25	-88.75	207.474	1042.36	0.800956
-55	-90	205.031	1040.38	0.802927
-53.75	-91.25	202.949	1038.37	0.80455
-52.5	-92.5	201.295	1036.38	0.805772
-51.25	-93.75	200.107	1034.46	0.806559
-50	-95	199.384	1032.62	0.806914
-48.75	-96.25	199.1	1030.88	0.806863
-47.5	-97.5	199.218	1029.24	0.806441
-46.25	-98.75	199.664	1027.7	0.805717
-45	-100	200.347	1026.26	0.804779
-43.75	-101.25	201.183	1024.92	0.803709
-42.5	-102.5	202.119	1023.67	0.802555
-41.25	-103.75	203.089	1022.51	0.801382
-40	-105	204.037	1021.43	0.800244
-38.75	-106.25	204.92	1020.42	0.799181
-37.5	-107.5	205.678	1019.48	0.798252
-36.25	-108.75	206.295	1018.61	0.797474
-35	-110	206.765	1017.79	0.79685
-33.75	-111.25	207.097	1017.03	0.796371
-32.5	-112.5	207.31	1016.32	0.796019
-31.25	-113.75	207.428	1015.65	0.795769
-30	-115	207.469	1015.03	0.795603
-28.75	-116.25	207.451	1014.45	0.795503
-27.5	-117.5	207.387	1013.9	0.795455
-26.25	-118.75	207.287	1013.38	0.79545
-25	-120	207.16	1012.9	0.795478
-23.75	-121.25	207.011	1012.44	0.795533
-22.5	-122.5	206.846	1012.01	0.795608
-21.25	-123.75	206.669	1011.6	0.795701
-20	-125	206.485	1011.22	0.795805
-18.75	-126.25	206.294	1010.85	0.79592
-17.5	-127.5	206.102	1010.51	0.796042
-16.25	-128.75	205.907	1010.18	0.796168
-15	-130	205.712	1009.87	0.796299
-13.75	-131.25	205.518	1009.58	0.796432
-12.5	-132.5	205.328	1009.3	0.796564
-11.25	-133.75	205.14	1009.03	0.796697
-10	-135	204.957	1008.78	0.796827
-8.75	-136.25	204.782	1008.54	0.796952
-7.5	-137.5	204.611	1008.31	0.797075
-6.25	-138.75	204.443	1008.09	0.797198
-5	-140	204.277	1007.88	0.79732
-3.75	-141.25	204.12	1007.68	0.797436
-2.5	-142.5	203.968	1007.49	0.797548
-1.25	-143.75	203.822	1007.3	0.797656
0	-145	203.681	1007.13	0.797761
1.25	-146.25	203.544	1006.96	0.797863
2.5	-147.5	203.413	1006.8	0.79796
3.75	-148.75	203.285	1006.64	0.798056
5	-150	203.161	1006.49	0.79815
6.25	-151.25	203.041	1006.35	0.79824
-141.25	-1.25	237.085	999.928	0.762898
-140	-2.5	279.304	999.85	0.720654
-138.75	-3.75	316.394	999.767	0.683532
-137.5	-5	347.73	999.678	0.652158
-136.25	-6.25	375.273	999.582	0.62457
-135	-7.5	399.359	999.479	0.600432
-133.75	-8.75	420.006	999.368	0.579729
-132.5	-10	437.374	999.249	0.562297
-131.25	-11.25	451.807	999.121	0.547795
-130	-12.5	463.541	998.983	0.535988
-128.75	-13.75	472.948	998.834	0.526499
-127.5	-15	480.209	998.673	0.519153
-126.25	-16.25	485.522	998.499	0.513748
-125	-17.5	489.221	998.311	0.509952
-123.75	-18.75	491.527	998.107	0.507541
-122.5	-20	492.597	997.887	0.506359
-121.25	-21.25	492.536	997.647	0.506302
-120	-22.5	491.455	997.386	0.507257
-118.75	-23.75	489.513	997.103	0.509065
-117.5	-25	486.766	996.794	0.511668
-116.25	-26.25	483.25	996.457	0.515032
-115	-27.5	479.047	996.089	0.519073
-113.75	-28.75	474.272	995.687	0.523674
-112.5	-30	469.013	995.246	0.528747
-111.25	-31.25	463.351	994.762	0.53421
-110	-32.5	457.352	994.23	0.539994
-108.75	-33.75	451.107	993.645	0.546007
-107.5	-35	444.768	992.999	0.552097
-106.25	-36.25	438.417	992.286	0.558174
-105	-37.5	432.137	991.497	0.564157
-103.75	-38.75	425.99	990.623	0.569977
-102.5	-40	420.006	989.652	0.575602
-101.25	-41.25	414.207	988.573	0.581005
-100	-42.5	408.576	987.37	0.586198
-98.75	-43.75	403.055	986.03	0.591235
-97.5	-45	397.591	984.533	0.596163
-96.25	-46.25	392.139	982.86	0.601023
-95	-47.5	386.62	980.989	0.605887
-93.75	-48.75	380.925	978.896	0.610862
-92.5	-50	374.991	976.557	0.616007
-91.25	-51.25	368.744	973.948	0.621392
-90	-52.5	362.118	971.046	0.627084
-88.75	-53.75	355.054	967.834	0.633145
-87.5	-55	347.518	964.306	0.639618
-86.25	-56.25	339.514	960.474	0.646514
-85	-57.5	331.104	956.384	0.653796
-83.75	-58.75	322.411	952.125	0.661377
-82.5	-60	313.634	947.856	0.669112
-81.25	-61.25	305.044	943.829	0.676802
-80	-62.5	296.917	940.414	0.68427
-78.75	-63.75	289.385	938.104	0.691521
-77.5	-65	282.483	937.507	0.698687
-76.25	-66.25	276.21	939.269	0.705931
-75	-67.5	270.488	943.945	0.713449
-73.75	-68.75	265.214	951.814	0.721359
-72.5	-70	260.317	962.702	0.729598
-71.25	-71.25	255.697	975.901	0.737989
-70	-72.5	251.313	990.271	0.746218
-68.75	-73.75	247.147	1004.5	0.75396
-67.5	-75	243.154	1017.4	0.761004
-66.25	-76.25	239.282	1028.17	0.767273
-65	-77.5	235.531	1036.45	0.772751
-63.75	-78.75	231.881	1042.27	0.777522
-62.5	-80	228.324	1045.9	0.781697
-61.25	-81.25	224.851	1047.76	0.785398
-60	-82.5	221.469	1048.25	0.788725
-58.75	-83.75	218.18	1047.76	0.791764
-57.5	-85	215.02	1046.58	0.79455
-56.25	-86.25	212.021	1044.97	0.797103
-55	-87.5	209.234	1043.1	0.799412
-53.75	-88.75	206.728	1041.11	0.801435
-52.5	-90	204.591	1039.07	0.803103
-51.25	-91.25	202.89	1037.06	0.804361
-50	-92.5	201.665	1035.11	0.805176
-48.75	-93.75	200.916	1033.25	0.805548
-47.5	-95	200.616	1031.48	0.805506
-46.25	-96.25	200.728	1029.81	0.805082
-45	-97.5	201.176	1028.25	0.804351
-43.75	-98.75	201.867	1026.79	0.8034
-42.5	-100	202.714	1025.43	0.802313
-41.25	-101.25	203.665	1024.16	0.801139
-40	-102.5	204.65	1022.98	0.799946
-38.75	-103.75	205.614	1021.88	0.798787
-37.5	-105	206.512	1020.85	0.797706
-36.25	-106.25	207.284	1019.9	0.79676
-35	-107.5	207.911	1019.01	0.795967
-33.75	-108.75	208.389	1018.18	0.795332
-32.5	-110	208.726	1017.4	0.794844
-31.25	-111.25	208.941	1016.68	0.794486
-30	-112.5	209.06	1016	0.794232
-28.75	-113.75	209.1	1015.36	0.794064
-27.5	-115	209.079	1014.77	0.793964
-26.25	-116.25	209.011	1014.21	0.793917
-25	-117.5	208.905	1013.68	0.793914
-23.75	-118.75	208.772	1013.19	0.793945
-22.5	-120	208.617	1012.72	0.794004
-21.25	-121.25	208.445	1012.28	0.794084
-20	-122.5	208.261	1011.87	0.794181
-18.75	-123.75	208.069	1011.48	0.794291
-17.5	-125	207.871	1011.1	0.794412
-16.25	-126.25	207.67	1010.75	0.79454
-15	-127.5	207.467	1010.42	0.794672
-13.75	-128.75	207.264	1010.1	0.79481
-12.5	-130	207.061	1009.81	0.79495
-11.25	-131.25	206.862	1009.52	0.795089
-10	-132.5	206.665	1009.25	0.795229
-8.75	-133.75	206.474	1008.99	0.795366
-7.5	-135	206.29	1008.74	0.795499
-6.25	-136.25	206.11	1008.51	0.795629
-5	-137.5	205.934	1008.29	0.795759
-3.75	-138.75	205.759	1008.07	0.795888
-2.5	-140	205.593	1007.87	0.796012
-1.25	-141.25	205.433	1007.67	0.796131
0	-142.5	205.278	1007.48	0.796246
1.25	-143.75	205.129	1007.3	0.796358
2.5	-145	204.984	1007.13	0.796467
3.75	-146.25	204.845	1006.97	0.796572
5	-147.5	204.709	1006.81	0.796675
6.25	-148.75	204.576	1006.66	0.796776
7.5	-150	204.449	1006.51	0.796873
-138.75	-1.25	250.999	999.922	0.748982
-137.5	-2.5	283.364	999.839	0.716591
-136.25	-3.75	317.074	999.75	0.682846
-135	-5	348.508	999.654	0.651372
-133.75	-6.25	376.153	999.551	0.623678
-132.5	-7.5	400.194	999.44	0.599582
-131.25	-8.75	420.722	999.32	0.578992
-130	-10	438.081	999.191	0.561564
-128.75	-11.25	452.448	999.052	0.547122
-127.5	-12.5	464.185	998.902	0.535305
-126.25	-13.75	473.465	998.74	0.525938
-125	-15	480.504	998.565	0.518806
-123.75	-16.25	485.676	998.376	0.513534
-122.5	-17.5	489.239	998.171	0.509864
-121.25	-18.75	491.379	997.948	0.507611
-120	-20	492.224	997.706	0.506644
-118.75	-21.25	491.912	997.443	0.506828
-117.5	-22.5	490.624	997.157	0.507978
-116.25	-23.75	488.433	996.846	0.510022
-115	-25	485.384	996.505	0.512914
-113.75	-26.25	481.573	996.133	0.516558
-112.5	-27.5	477.127	995.726	0.520825
-111.25	-28.75	472.143	995.28	0.525618
-110	-30	466.709	994.791	0.530847
-108.75	-31.25	460.894	994.252	0.536442
-107.5	-32.5	454.797	993.659	0.542301
-106.25	-33.75	448.574	993.005	0.548266
-105	-35	442.316	992.282	0.554244
-103.75	-36.25	436.109	991.483	0.560145
-102.5	-37.5	430.017	990.596	0.5659
-101.25	-38.75	424.077	989.611	0.571471
-100	-40	418.313	988.515	0.576827
-98.75	-41.25	412.71	987.294	0.581979
-97.5	-42.5	407.209	985.932	0.58698
-96.25	-43.75	401.76	984.41	0.591878
-95	-45	396.316	982.709	0.59671
-93.75	-46.25	390.8	980.805	0.601552
-92.5	-47.5	385.099	978.675	0.60651
-91.25	-48.75	379.148	976.293	0.611646
-90	-50	372.874	973.634	0.617029
-88.75	-51.25	366.21	970.675	0.622727
-87.5	-52.5	359.093	967.398	0.628805
-86.25	-53.75	351.489	963.795	0.635307
-85	-55	343.402	959.88	0.642245
-83.75	-56.25	334.893	955.696	0.649582
-82.5	-57.5	326.088	951.334	0.657231
-81.25	-58.75	317.189	946.954	0.665043
-80	-60	308.474	942.813	0.672815
-78.75	-61.25	300.225	939.286	0.680369
-77.5	-62.5	292.577	936.877	0.68771
-76.25	-63.75	285.567	936.206	0.694974
-75	-65	279.194	937.933	0.70233
-73.75	-66.25	273.381	942.63	0.70998
-72.5	-67.5	268.022	950.586	0.718046
-71.25	-68.75	263.044	961.629	0.72646
-70	-70	258.346	975.044	0.735042
-68.75	-71.25	253.886	989.672	0.743464
-67.5	-72.5	249.646	1004.17	0.751391
-66.25	-73.75	245.581	1017.34	0.758604
-65	-75	241.637	1028.34	0.765023
-63.75	-76.25	237.814	1036.82	0.770631
-62.5	-77.5	234.091	1042.79	0.775515
-61.25	-78.75	230.462	1046.54	0.779788
-60	-80	226.917	1048.48	0.783575
-58.75	-81.25	223.463	1049.02	0.786979
-57.5	-82.5	220.101	1048.54	0.790089
-56.25	-83.75	216.869	1047.37	0.79294
-55	-85	213.8	1045.76	0.795554
-53.75	-86.25	210.946	1043.87	0.79792
-52.5	-87.5	208.378	1041.86	0.799994
-51.25	-88.75	206.186	1039.8	0.801707
-50	-90	204.439	1037.76	0.803
-48.75	-91.25	203.179	1035.79	0.803841
-47.5	-92.5	202.405	1033.89	0.804231
-46.25	-93.75	202.089	1032.1	0.804196
-45	-95	202.195	1030.41	0.803771
-43.75	-96.25	202.645	1028.82	0.803031
-42.5	-97.5	203.344	1027.34	0.802066
-41.25	-98.75	204.204	1025.95	0.800962
-40	-100	205.17	1024.66	0.799768
-38.75	-101.25	206.172	1023.46	0.798554
-37.5	-102.5	207.153	1022.34	0.797374
-36.25	-103.75	208.067	1021.3	0.796272
-35	-105	208.853	1020.33	0.795308
-33.75	-106.25	209.491	1019.42	0.7945
-32.5	-107.5	209.977	1018.58	0.793852
-31.25	-108.75	210.32	1017.79	0.793355
-30	-110	210.538	1017.05	0.792991
-28.75	-111.25	210.658	1016.36	0.792732
-27.5	-112.5	210.697	1015.71	0.792562
-26.25	-113.75	210.674	1015.1	0.79246
-25	-115	210.603	1014.53	0.792414
-23.75	-116.25	210.493	1014	0.792412
-22.5	-117.5	210.355	1013.49	0.792445
-21.25	-118.75	210.194	1013.02	0.792507
-20	-120	210.016	1012.57	0.792591
-18.75	-121.25	209.826	1012.15	0.792692
-17.5	-122.5	209.626	1011.75	0.792807
-16.25	-123.75	209.42	1011.37	0.792933
-15	-125	209.212	1011.01	0.793066
-13.75	-126.25	209.001	1010.67	0.793205
-12.5	-127.5	208.79	1010.35	0.793348
-11.25	-128.75	208.579	1010.04	0.793495
-10	-130	208.371	1009.75	0.793641
-8.75	-131.25	208.167	1009.47	0.793787
-7.5	-132.5	207.967	1009.21	0.793931
-6.25	-133.75	207.775	1008.96	0.79407
-5	-135	207.588	1008.72	0.794207
-3.75	-136.25	207.402	1008.49	0.794344
-2.5	-137.5	207.22	1008.27	0.79448
-1.25	-138.75	207.046	1008.06	0.79461
0	-140	206.877	1007.86	0.794737
1.25	-141.25	206.715	1007.67	0.794859
2.5	-142.5	206.558	1007.49	0.794977
3.75	-143.75	206.405	1007.31	0.795093
5	-145	206.258	1007.14	0.795205
6.25	-146.25	206.114	1006.98	0.795315
7.5	-147.5	205.974	1006.83	0.795423
8.75	-148.75	205.839	1006.68	0.795526
-136.25	-1.25	246.922	999.917	0.753057
-135	-2.5	279.366	999.827	0.720585
-133.75	-3.75	316.158	999.731	0.683757
-132.5	-5	348.321	999.628	0.651549
-131.25	-6.25	376.303	999.516	0.623514
-130	-7.5	400.348	999.396	0.59941
-128.75	-8.75	420.985	999.267	0.578706
-127.5	-10	438.345	999.127	0.561272
-126.25	-11.25	452.767	998.977	0.546769
-125	-12.5	464.399	998.814	0.535049
-123.75	-13.75	473.464	998.637	0.52589
-122.5	-15	480.374	998.447	0.518879
-121.25	-16.25	485.424	998.24	0.51372
-120	-17.5	488.829	998.015	0.510199
-118.75	-18.75	490.747	997.772	0.508157
-117.5	-20	491.342	997.506	0.50743
-116.25	-21.25	490.826	997.218	0.507804
-115	-22.5	489.29	996.903	0.50919
-113.75	-23.75	486.793	996.559	0.511526
-112.5	-25	483.445	996.183	0.514703
-111.25	-26.25	479.389	995.772	0.518576
-110	-27.5	474.732	995.321	0.523036
-108.75	-28.75	469.569	994.825	0.527989
-107.5	-30	463.977	994.28	0.533354
-106.25	-31.25	458.06	993.679	0.539027
-105	-32.5	451.983	993.017	0.544838
-103.75	-33.75	445.843	992.284	0.55069
-102.5	-35	439.73	991.473	0.556489
-101.25	-36.25	433.714	990.573	0.562159
-100	-37.5	427.835	989.574	0.567657
-98.75	-38.75	422.122	988.461	0.57295
-97.5	-40	416.562	987.221	0.578046
-96.25	-41.25	411.096	985.837	0.582998
-95	-42.5	405.674	984.29	0.587851
-93.75	-43.75	400.251	982.559	0.592644
-92.5	-45	394.749	980.622	0.597451
-91.25	-46.25	389.052	978.453	0.60238
-90	-47.5	383.096	976.027	0.607494
-88.75	-48.75	376.806	973.316	0.612863
-87.5	-50	370.114	970.298	0.618557
-86.25	-51.25	362.955	966.953	0.624641
-85	-52.5	355.293	963.273	0.631161
-83.75	-53.75	347.132	959.271	0.638129
-82.5	-55	338.534	954.989	0.64551
-81.25	-56.25	329.626	950.518	0.653215
-80	-57.5	320.614	946.023	0.661093
-78.75	-58.75	311.781	941.763	0.668939
-77.5	-60	303.416	938.118	0.676569
-76.25	-61.25	295.659	935.604	0.683991
-75	-62.5	288.546	934.853	0.691346
-73.75	-63.75	282.079	936.542	0.698807
-72.5	-65	276.18	941.258	0.706584
-71.25	-66.25	270.74	949.302	0.714801
-70	-67.5	265.685	960.504	0.72339
-68.75	-68.75	260.913	974.142	0.732161
-67.5	-70	256.381	989.036	0.740777
-66.25	-71.25	252.071	1003.82	0.748888
-65	-72.5	247.936	1017.26	0.756271
-63.75	-73.75	243.923	1028.51	0.762839
-62.5	-75	240.03	1037.2	0.768577
-61.25	-76.25	236.238	1043.33	0.773573
-60	-77.5	232.539	1047.2	0.777942
-58.75	-78.75	228.923	1049.21	0.781814
-57.5	-80	225.398	1049.8	0.785294
-56.25	-81.25	221.965	1049.35	0.788474
-55	-82.5	218.663	1048.19	0.79139
-53.75	-83.75	215.526	1046.57	0.794064
-52.5	-85	212.607	1044.67	0.796485
-51.25	-86.25	209.977	1042.64	0.798609
-50	-87.5	207.731	1040.56	0.800365
-48.75	-88.75	205.939	1038.49	0.801694
-47.5	-90	204.644	1036.49	0.80256
-46.25	-91.25	203.845	1034.57	0.802966
-45	-92.5	203.515	1032.74	0.802937
-43.75	-93.75	203.616	1031.03	0.802511
-42.5	-95	204.069	1029.41	0.801762
-41.25	-96.25	204.777	1027.91	0.800782
-40	-97.5	205.649	1026.5	0.799659
-38.75	-98.75	206.631	1025.19	0.798445
-37.5	-100	207.651	1023.96	0.797209
-36.25	-101.25	208.65	1022.82	0.796006
-35	-102.5	209.58	1021.76	0.794883
-33.75	-103.75	210.381	1020.77	0.7939
-32.5	-105	211.031	1019.85	0.793076
-31.25	-106.25	211.527	1018.99	0.792416
-30	-107.5	211.876	1018.19	0.791909
-28.75	-108.75	212.098	1017.43	0.791536
-27.5	-110	212.22	1016.73	0.791272
-26.25	-111.25	212.259	1016.07	0.791098
-25	-112.5	212.235	1015.45	0.790995
-23.75	-113.75	212.161	1014.87	0.790948
-22.5	-115	212.048	1014.32	0.790946
-21.25	-116.25	211.905	1013.81	0.790981
-20	-117.5	211.739	1013.32	0.791045
-18.75	-118.75	211.556	1012.87	0.791132
-17.5	-120	211.359	1012.44	0.791237
-16.25	-121.25	211.153	1012.03	0.791356
-15	-122.5	210.941	1011.64	0.791487
-13.75	-123.75	210.725	1011.28	0.791625
-12.5	-125	210.508	1010.93	0.791768
-11.25	-126.25	210.289	1010.6	0.791917
-10	-127.5	210.07	1010.29	0.792069
-8.75	-128.75	209.855	1009.99	0.792221
-7.5	-130	209.643	1009.71	0.792373
-6.25	-131.25	209.435	1009.44	0.792523
-5	-132.5	209.235	1009.18	0.792669
-3.75	-133.75	209.04	1008.94	0.792811
-2.5	-135	208.848	1008.7	0.792955
-1.25	-136.25	208.657	1008.48	0.793097
0	-137.5	208.475	1008.27	0.793234
1.25	-138.75	208.299	1008.06	0.793367
2.5	-140	208.129	1007.87	0.793495
3.75	-141.25	207.965	1007.68	0.79362
5	-142.5	207.805	1007.5	0.793742
6.25	-143.75	207.65	1007.33	0.793861
7.5	-145	207.499	1007.16	0.793977
8.75	-146.25	207.351	1007	0.794091
10	-147.5	207.208	1006.85	0.794201
-133.75	-1.25	239.041	999.91	0.760937
-132.5	-2.5	280.145	999.814	0.719803
-131.25	-3.75	316.656	999.71	0.683252
-130	-5	348.894	999.599	0.650965
-128.75	-6.25	376.557	999.478	0.623246
-127.5	-7.5	400.621	999.348	0.599118
-126.25	-8.75	421.207	999.208	0.57846
-125	-10	438.611	999.057	0.560975
-123.75	-11.25	452.907	998.893	0.546591
-122.5	-12.5	464.299	998.716	0.535104
-121.25	-13.75	473.226	998.524	0.526074
-120	-15	480.011	998.315	0.519179
-118.75	-16.25	484.899	998.089	0.514173
-117.5	-17.5	488.074	997.843	0.510871
-116.25	-18.75	489.733	997.576	0.509077
-115	-20	490.121	997.285	0.508544
-113.75	-21.25	489.349	996.967	0.509162
-112.5	-22.5	487.496	996.619	0.51085
-111.25	-23.75	484.688	996.24	0.513483
-110	-25	481.086	995.824	0.516896
-108.75	-26.25	476.81	995.367	0.52097
-107.5	-27.5	471.965	994.866	0.525599
-106.25	-28.75	466.635	994.314	0.530697
-105	-30	460.93	993.706	0.53615
-103.75	-31.25	455.029	993.034	0.541779
-102.5	-32.5	449.03	992.292	0.547482
-101.25	-33.75	443.032	991.469	0.553156
-100	-35	437.11	990.556	0.558722
-98.75	-36.25	431.309	989.541	0.564132
-97.5	-37.5	425.661	988.412	0.569348
-96.25	-38.75	420.157	987.152	0.574375
-95	-40	414.738	985.745	0.579265
-93.75	-41.25	409.354	984.172	0.584062
-92.5	-42.5	403.964	982.411	0.588804
-91.25	-43.75	398.486	980.439	0.593564
-90	-45	392.804	978.23	0.598455
-88.75	-46.25	386.853	975.757	0.603536
-87.5	-47.5	380.557	972.994	0.608881
-86.25	-48.75	373.845	969.914	0.614559
-85	-50	366.654	966.499	0.620637
-83.75	-51.25	358.944	962.739	0.627164
-82.5	-52.5	350.717	958.646	0.634153
-81.25	-53.75	342.038	954.261	0.641567
-80	-55	333.035	949.679	0.649318
-78.75	-56.25	323.918	945.062	0.657253
-77.5	-57.5	314.974	940.676	0.665162
-76.25	-58.75	306.5	936.907	0.672859
-75	-60	298.639	934.282	0.680354
-73.75	-61.25	291.429	933.445	0.687792
-72.5	-62.5	284.873	935.093	0.695353
-71.25	-63.75	278.891	939.826	0.703252
-70	-65	273.374	947.958	0.711618
-68.75	-66.25	268.247	959.324	0.72038
-67.5	-67.5	263.404	973.191	0.72934
-66.25	-68.75	258.804	988.36	0.738148
-65	-70	254.426	1003.44	0.746445
-63.75	-71.25	250.225	1017.16	0.753998
-62.5	-72.5	246.145	1028.67	0.760716
-61.25	-73.75	242.185	1037.57	0.766585
-60	-75	238.326	1043.87	0.771691
-58.75	-76.25	234.558	1047.87	0.776156
-57.5	-77.5	230.874	1049.96	0.780113
-56.25	-78.75	227.28	1050.61	0.783668
-55	-80	223.778	1050.19	0.786916
-53.75	-81.25	220.407	1049.03	0.789896
-52.5	-82.5	217.202	1047.41	0.792629
-51.25	-83.75	214.218	1045.5	0.795104
-50	-85	211.529	1043.44	0.797278
-48.75	-86.25	209.229	1041.34	0.799076
-47.5	-87.5	207.393	1039.25	0.800439
-46.25	-88.75	206.063	1037.21	0.80133
-45	-90	205.24	1035.26	0.801751
-43.75	-91.25	204.897	1033.41	0.801728
-42.5	-92.5	204.993	1031.67	0.801299
-41.25	-93.75	205.45	1030.03	0.80054
-40	-95	206.167	1028.5	0.799545
-38.75	-96.25	207.053	1027.07	0.798403
-37.5	-97.5	208.051	1025.73	0.797168
-36.25	-98.75	209.089	1024.49	0.795908
-35	-100	210.106	1023.33	0.794683
-33.75	-101.25	211.055	1022.25	0.793539
-32.5	-102.5	211.871	1021.24	0.792536
-31.25	-103.75	212.534	1020.3	0.791695
-30	-105	213.039	1019.42	0.79102
-28.75	-106.25	213.396	1018.6	0.790502
-27.5	-107.5	213.623	1017.84	0.790121
-26.25	-108.75	213.747	1017.12	0.789851
-25	-110	213.787	1016.45	0.789672
-23.75	-111.25	213.762	1015.82	0.789566
-22.5	-112.5	213.687	1015.22	0.789517
-21.25	-113.75	213.571	1014.66	0.789516
-20	-115	213.425	1014.14	0.789551
-18.75	-116.25	213.254	1013.65	0.789616
-17.5	-117.5	213.066	1013.18	0.789706
-16.25	-118.75	212.864	1012.74	0.789814
-15	-120	212.652	1012.32	0.789936
-13.75	-121.25	212.433	1011.93	0.790071
-12.5	-122.5	212.211	1011.55	0.790213
-11.25	-123.75	211.987	1011.2	0.790361
-10	-125	211.761	1010.86	0.790515
-8.75	-126.25	211.536	1010.55	0.790672
-7.5	-127.5	211.314	1010.24	0.790829
-6.25	-128.75	211.094	1009.95	0.790986
-5	-130	210.879	1009.68	0.791142
-3.75	-131.25	210.672	1009.42	0.791293
-2.5	-132.5	210.47	1009.17	0.791441
-1.25	-133.75	210.27	1008.93	0.79159
0	-135	210.073	1008.7	0.791739
1.25	-136.25	209.883	1008.48	0.791882
2.5	-137.5	209.7	1008.27	0.79202
3.75	-138.75	209.523	1008.07	0.792155
5	-140	209.351	1007.88	0.792285
6.25	-141.25	209.184	1007.7	0.792414
7.5	-142.5	209.022	1007.52	0.792538
8.75	-143.75	208.864	1007.35	0.79266
10	-145	208.709	1007.19	0.79278
11.25	-146.25	208.56	1007.03	0.792896
-131.25	-1.25	248.413	999.904	0.751563
-130	-2.5	281.46	999.8	0.718484
-128.75	-3.75	317.54	999.688	0.682361
-127.5	-5	349.035	999.567	0.650813
-126.25	-6.25	376.709	999.437	0.623078
-125	-7.5	400.729	999.296	0.598989
-123.75	-8.75	421.39	999.144	0.578249
-122.5	-10	438.662	998.979	0.560889
-121.25	-11.25	452.7	998.801	0.546756
-120	-12.5	463.951	998.608	0.535402
-118.75	-13.75	472.756	998.398	0.526485
-117.5	-15	479.378	998.17	0.519743
-116.25	-16.25	484.03	997.922	0.514962
-115	-17.5	486.938	997.652	0.511916
-113.75	-18.75	488.388	997.358	0.510318
-112.5	-20	488.513	997.038	0.510036
-111.25	-21.25	487.413	996.687	0.510967
-110	-22.5	485.236	996.303	0.512963
-108.75	-23.75	482.165	995.882	0.515841
-107.5	-25	478.335	995.421	0.519465
-106.25	-26.25	473.861	994.913	0.523716
-105	-27.5	468.837	994.355	0.528501
-103.75	-28.75	463.384	993.739	0.533696
-102.5	-30	457.689	993.058	0.539112
-101.25	-31.25	451.859	992.305	0.544637
-100	-32.5	446	991.471	0.550164
-98.75	-33.75	440.192	990.545	0.555606
-97.5	-35	434.486	989.515	0.56091
-96.25	-36.25	428.919	988.367	0.566033
-95	-37.5	423.484	987.087	0.570976
-93.75	-38.75	418.124	985.657	0.575791
-92.5	-40	412.791	984.057	0.580521
-91.25	-41.25	407.445	982.265	0.585199
-90	-42.5	402.002	980.257	0.589901
-88.75	-43.75	396.346	978.007	0.594741
-87.5	-45	390.409	975.486	0.59978
-86.25	-46.25	384.117	972.667	0.605089
-85	-47.5	377.397	969.524	0.61074
-83.75	-48.75	370.183	966.036	0.616802
-82.5	-50	362.434	962.192	0.623325
-81.25	-51.25	354.152	958.004	0.630323
-80	-52.5	345.401	953.513	0.63776
-78.75	-53.75	336.311	948.813	0.645546
-77.5	-55	327.096	944.069	0.653526
-76.25	-56.25	318.049	939.551	0.661489
-75	-57.5	309.472	935.652	0.669244
-73.75	-58.75	301.513	932.908	0.676803
-72.5	-60	294.211	931.981	0.684317
-71.25	-61.25	287.571	933.582	0.69197
-70	-62.5	281.512	938.329	0.699986
-68.75	-63.75	275.922	946.551	0.708497
-67.5	-65	270.726	958.084	0.71743
-66.25	-66.25	265.817	972.187	0.726579
-65	-67.5	261.151	987.641	0.735581
-63.75	-68.75	256.709	1003.02	0.744065
-62.5	-70	252.444	1017.05	0.751787
-61.25	-71.25	248.3	1028.82	0.758657
-60	-72.5	244.276	1037.95	0.764655
-58.75	-73.75	240.351	1044.43	0.769873
-57.5	-75	236.518	1048.55	0.774433
-56.25	-76.25	232.767	1050.74	0.778473
-55	-77.5	229.105	1051.43	0.782102
-53.75	-78.75	225.535	1051.04	0.785418
-52.5	-80	222.097	1049.9	0.78846
-51.25	-81.25	218.826	1048.27	0.791251
-50	-82.5	215.778	1046.35	0.79378
-48.75	-83.75	213.03	1044.27	0.796002
-47.5	-85	210.678	1042.14	0.797841
-46.25	-86.25	208.798	1040.03	0.799237
-45	-87.5	207.435	1037.97	0.800153
-43.75	-88.75	206.588	1035.99	0.800588
-42.5	-90	206.231	1034.11	0.800571
-41.25	-91.25	206.324	1032.34	0.800138
-40	-92.5	206.785	1030.67	0.799369
-38.75	-93.75	207.513	1029.11	0.798357
-37.5	-95	208.413	1027.66	0.797196
-36.25	-96.25	209.428	1026.3	0.795938
-35	-97.5	210.485	1025.03	0.794655
-33.75	-98.75	211.521	1023.85	0.793406
-32.5	-100	212.488	1022.75	0.792239
-31.25	-101.25	213.32	1021.72	0.791215
-30	-102.5	213.997	1020.77	0.790357
-28.75	-103.75	214.513	1019.87	0.789667
-27.5	-105	214.878	1019.04	0.789136
-26.25	-106.25	215.111	1018.26	0.788746
-25	-107.5	215.238	1017.52	0.788468
-23.75	-108.75	215.281	1016.84	0.788284
-22.5	-110	215.256	1016.19	0.788175
-21.25	-111.25	215.179	1015.59	0.788124
-20	-112.5	215.061	1015.02	0.788121
-18.75	-113.75	214.912	1014.49	0.788156
-17.5	-115	214.738	1013.98	0.788223
-16.25	-116.25	214.545	1013.5	0.788313
-15	-117.5	214.339	1013.05	0.788423
-13.75	-118.75	214.122	1012.63	0.788548
-12.5	-120	213.898	1012.23	0.788686
-11.25	-121.25	213.67	1011.85	0.788832
-10	-122.5	213.439	1011.48	0.788984
-8.75	-123.75	213.207	1011.14	0.789142
-7.5	-125	212.975	1010.81	0.789303
-6.25	-126.25	212.747	1010.5	0.789465
-5	-127.5	212.52	1010.21	0.789628
-3.75	-128.75	212.299	1009.93	0.789788
-2.5	-130	212.085	1009.66	0.789944
-1.25	-131.25	211.876	1009.4	0.790098
0	-132.5	211.669	1009.16	0.790252
1.25	-133.75	211.465	1008.93	0.790406
2.5	-135	211.269	1008.7	0.790554
3.75	-136.25	211.079	1008.49	0.790698
5	-137.5	210.895	1008.29	0.790838
6.25	-138.75	210.717	1008.09	0.790974
7.5	-140	210.543	1007.9	0.791108
8.75	-141.25	210.374	1007.72	0.791238
10	-142.5	210.209	1007.55	0.791365
11.25	-143.75	210.048	1007.38	0.791491
12.5	-145	209.892	1007.22	0.791613
-128.75	-1.25	246.776	999.896	0.753199
-127.5	-2.5	283.076	999.784	0.716863
-126.25	-3.75	317.47	999.663	0.682423
-125	-5	349.002	999.532	0.650835
-123.75	-6.25	376.669	999.391	0.623101
-122.5	-7.5	400.825	999.238	0.598869
-121.25	-8.75	421.353	999.073	0.578256
-120	-10	438.348	998.893	0.561167
-118.75	-11.25	452.241	998.699	0.54717
-117.5	-12.5	463.378	998.488	0.53592
-116.25	-13.75	472.022	998.258	0.527155
-115	-15	478.403	998.009	0.520643
-113.75	-16.25	482.781	997.737	0.516124
-112.5	-17.5	485.479	997.44	0.513275
-111.25	-18.75	486.659	997.116	0.511933
-110	-20	486.445	996.762	0.511975
-108.75	-21.25	485.009	996.374	0.513226
-107.5	-22.5	482.561	995.949	0.515476
-106.25	-23.75	479.252	995.482	0.518573
-105	-25	475.214	994.968	0.522383
-103.75	-26.25	470.55	994.403	0.526801
-102.5	-27.5	465.392	993.779	0.531695
-101.25	-28.75	459.941	993.089	0.536859
-100	-30	454.311	992.326	0.542176
-98.75	-31.25	448.616	991.48	0.547529
-97.5	-32.5	442.945	990.54	0.552825
-96.25	-33.75	437.353	989.494	0.558003
-95	-35	431.884	988.328	0.563016
-93.75	-36.25	426.534	987.027	0.56786
-92.5	-37.5	421.248	985.573	0.572586
-91.25	-38.75	415.978	983.945	0.577234
-90	-40	410.686	982.121	0.581837
-88.75	-41.25	405.291	980.076	0.58647
-87.5	-42.5	399.671	977.783	0.591248
-86.25	-43.75	393.76	975.213	0.596232
-85	-45	387.482	972.337	0.601494
-83.75	-46.25	380.764	969.128	0.607107
-82.5	-47.5	373.536	965.564	0.613142
-81.25	-48.75	365.759	961.633	0.619648
-80	-50	357.431	957.346	0.626644
-78.75	-51.25	348.617	952.744	0.634092
-77.5	-52.5	339.449	947.92	0.641901
-76.25	-53.75	330.144	943.044	0.649917
-75	-55	321.001	938.386	0.657923
-73.75	-56.25	312.328	934.35	0.665726
-72.5	-57.5	304.277	931.481	0.67334
-71.25	-58.75	296.89	930.457	0.680921
-70	-60	290.17	932.005	0.68866
-68.75	-61.25	284.039	936.765	0.696787
-67.5	-62.5	278.381	945.076	0.705441
-66.25	-63.75	273.12	956.78	0.714542
-65	-65	268.148	971.127	0.72388
-63.75	-66.25	263.42	986.876	0.733076
-62.5	-67.5	258.918	1002.57	0.741747
-61.25	-68.75	254.592	1016.91	0.749641
-60	-70	250.387	1028.97	0.756661
-58.75	-71.25	246.301	1038.32	0.762789
-57.5	-72.5	242.314	1044.99	0.768118
-56.25	-73.75	238.417	1049.25	0.772774
-55	-75	234.601	1051.53	0.776895
-53.75	-76.25	230.874	1052.29	0.780598
-52.5	-77.5	227.237	1051.93	0.783981
-51.25	-78.75	223.733	1050.8	0.787084
-50	-80	220.398	1049.17	0.789931
-48.75	-81.25	217.287	1047.23	0.792513
-47.5	-82.5	214.481	1045.14	0.794782
-46.25	-83.75	212.078	1042.98	0.796662
-45	-85	210.155	1040.84	0.798091
-43.75	-86.25	208.758	1038.75	0.799029
-42.5	-87.5	207.889	1036.74	0.799478
-41.25	-88.75	207.519	1034.83	0.799466
-40	-90	207.609	1033.03	0.799029
-38.75	-91.25	208.074	1031.34	0.798248
-37.5	-92.5	208.813	1029.75	0.79722
-36.25	-93.75	209.728	1028.27	0.796038
-35	-95	210.762	1026.89	0.794757
-33.75	-96.25	211.838	1025.6	0.793449
-32.5	-97.5	212.894	1024.4	0.792176
-31.25	-98.75	213.88	1023.28	0.790985
-30	-100	214.729	1022.23	0.78994
-28.75	-101.25	215.421	1021.25	0.789062
-27.5	-102.5	215.949	1020.34	0.788357
-26.25	-103.75	216.323	1019.49	0.787813
-25	-105	216.562	1018.69	0.787412
-23.75	-106.25	216.694	1017.95	0.787127
-22.5	-107.5	216.738	1017.25	0.786936
-21.25	-108.75	216.714	1016.59	0.786822
-20	-110	216.638	1015.97	0.786768
-18.75	-111.25	216.519	1015.39	0.786764
-17.5	-112.5	216.367	1014.85	0.786798
-16.25	-113.75	216.19	1014.33	0.786864
-15	-115	215.994	1013.84	0.786955
-13.75	-116.25	215.783	1013.38	0.787067
-12.5	-117.5	215.562	1012.95	0.787194
-11.25	-118.75	215.333	1012.54	0.787334
-10	-120	215.1	1012.15	0.787482
-8.75	-121.25	214.864	1011.78	0.787638
-7.5	-122.5	214.626	1011.43	0.787799
-6.25	-123.75	214.388	1011.1	0.787965
-5	-125	214.153	1010.78	0.78813
-3.75	-126.25	213.921	1010.48	0.788297
-2.5	-127.5	213.693	1010.19	0.788462
-1.25	-128.75	213.473	1009.92	0.788623
0	-130	213.258	1009.65	0.788781
1.25	-131.25	213.045	1009.4	0.78894
2.5	-132.5	212.834	1009.17	0.789099
3.75	-133.75	212.632	1008.94	0.789252
5	-135	212.435	1008.72	0.789401
6.25	-136.25	212.245	1008.51	0.789546
7.5	-137.5	212.061	1008.31	0.789687
8.75	-138.75	211.88	1008.12	0.789826
10	-140	211.706	1007.93	0.78996
11.25	-141.25	211.534	1007.75	0.790093
12.5	-142.5	211.367	1007.58	0.790224
13.75	-143.75	211.204	1007.42	0.790351
-126.25	-1.25	251.381	999.888	0.748591
-125	-2.5	282.363	999.767	0.717571
-123.75	-3.75	317.217	999.636	0.682667
-122.5	-5	348.9	999.494	0.650923
-121.25	-6.25	376.826	999.341	0.622926
-120	-7.5	400.837	999.174	0.598832
-118.75	-8.75	421.053	998.994	0.578523
-117.5	-10	437.885	998.799	0.561588
-116.25	-11.25	451.668	998.586	0.547693
-115	-12.5	462.639	998.355	0.536599
-113.75	-13.75	471.029	998.104	0.528076
-112.5	-15	477.124	997.829	0.521838
-111.25	-16.25	481.287	997.53	0.517522
-110	-17.5	483.704	997.203	0.514939
-108.75	-18.75	484.53	996.846	0.513937
-107.5	-20	483.962	996.454	0.514315
-106.25	-21.25	482.242	996.024	0.515833
-105	-22.5	479.544	995.552	0.518314
-103.75	-23.75	476.013	995.032	0.521611
-102.5	-25	471.769	994.46	0.525603
-101.25	-26.25	466.955	993.827	0.530145
-100	-27.5	461.788	993.129	0.535017
-98.75	-28.75	456.391	992.355	0.540093
-97.5	-30	450.89	991.496	0.545243
-96.25	-31.25	445.378	990.542	0.550369
-95	-32.5	439.92	989.48	0.555402
-93.75	-33.75	434.566	988.296	0.560288
-92.5	-35	429.315	986.973	0.565018
-91.25	-36.25	424.116	985.494	0.569642
-90	-37.5	418.921	983.838	0.574197
-88.75	-38.75	413.696	981.981	0.578712
-87.5	-40	408.359	979.898	0.583264
-86.25	-41.25	402.785	977.56	0.587969
-85	-42.5	396.91	974.939	0.592887
-83.75	-43.75	390.657	972.004	0.598091
-82.5	-45	383.95	968.726	0.603655
-81.25	-46.25	376.719	965.082	0.609651
-80	-47.5	368.922	961.061	0.61613
-78.75	-48.75	360.557	956.671	0.623112
-77.5	-50	351.69	951.952	0.63056
-76.25	-51.25	342.452	947	0.638382
-75	-52.5	333.065	941.983	0.646422
-73.75	-53.75	323.833	937.18	0.65446
-72.5	-55	315.071	932.998	0.662302
-71.25	-56.25	306.934	929.997	0.669962
-70	-57.5	299.466	928.868	0.677601
-68.75	-58.75	292.673	930.359	0.685419
-67.5	-60	286.473	935.128	0.693653
-66.25	-61.25	280.752	943.529	0.702445
-65	-62.5	275.431	955.408	0.711714
-63.75	-63.75	270.399	970.006	0.721239
-62.5	-65	265.614	986.06	0.730632
-61.25	-66.25	261.053	1002.09	0.73949
-60	-67.5	256.671	1016.74	0.747556
-58.75	-68.75	252.407	1029.09	0.754729
-57.5	-70	248.262	1038.7	0.760987
-56.25	-71.25	244.214	1045.55	0.766426
-55	-72.5	240.255	1049.96	0.771177
-53.75	-73.75	236.377	1052.34	0.77538
-52.5	-75	232.586	1053.16	0.779155
-51.25	-76.25	228.885	1052.84	0.782603
-50	-77.5	225.316	1051.73	0.785767
-48.75	-78.75	221.917	1050.1	0.78867
-47.5	-80	218.745	1048.15	0.791303
-46.25	-81.25	215.881	1046.03	0.793618
-45	-82.5	213.427	1043.85	0.795538
-43.75	-83.75	211.462	1041.68	0.796998
-42.5	-85	210.033	1039.56	0.79796
-41.25	-86.25	209.142	1037.52	0.798422
-40	-87.5	208.76	1035.58	0.798413
-38.75	-88.75	208.847	1033.75	0.797972
-37.5	-90	209.318	1032.03	0.797178
-36.25	-91.25	210.068	1030.42	0.796133
-35	-92.5	210.999	1028.91	0.794929
-33.75	-93.75	212.052	1027.5	0.793624
-32.5	-95	213.148	1026.19	0.792292
-31.25	-96.25	214.225	1024.96	0.790993
-30	-97.5	215.231	1023.82	0.789777
-28.75	-98.75	216.098	1022.76	0.78871
-27.5	-100	216.805	1021.76	0.787813
-26.25	-101.25	217.345	1020.83	0.78709
-25	-102.5	217.729	1019.96	0.786533
-23.75	-103.75	217.975	1019.15	0.78612
-22.5	-105	218.113	1018.39	0.785826
-21.25	-106.25	218.161	1017.67	0.785628
-20	-107.5	218.139	1017	0.785509
-18.75	-108.75	218.063	1016.37	0.78545
-17.5	-110	217.943	1015.78	0.785443
-16.25	-111.25	217.79	1015.22	0.785476
-15	-112.5	217.611	1014.7	0.785541
-13.75	-113.75	217.412	1014.2	0.785632
-12.5	-115	217.198	1013.73	0.785744
-11.25	-116.25	216.973	1013.29	0.785872
-10	-117.5	216.739	1012.87	0.786014
-8.75	-118.75	216.501	1012.47	0.786165
-7.5	-120	216.261	1012.09	0.786323
-6.25	-121.25	216.018	1011.73	0.786487
-5	-122.5	215.774	1011.39	0.786656
-3.75	-123.75	215.534	1011.07	0.786825
-2.5	-125	215.296	1010.76	0.786995
-1.25	-126.25	215.063	1010.46	0.787164
0	-127.5	214.837	1010.18	0.787329
1.25	-128.75	214.616	1009.92	0.787491
2.5	-130	214.397	1009.66	0.787654
3.75	-131.25	214.181	1009.42	0.787817
5	-132.5	213.972	1009.18	0.787975
6.25	-133.75	213.77	1008.96	0.788128
7.5	-135	213.574	1008.74	0.788278
8.75	-136.25	213.383	1008.54	0.788423
10	-137.5	213.197	1008.34	0.788567
11.25	-138.75	213.016	1008.15	0.788706
12.5	-140	212.839	1007.97	0.788844
13.75	-141.25	212.665	1007.8	0.78898
15	-142.5	212.497	1007.63	0.789112
-123.75	-1.25	248.106	999.879	0.751864
-122.5	-2.5	281.212	999.748	0.718717
-121.25	-3.75	316.583	999.606	0.683292
-120	-5	348.808	999.452	0.651001
-118.75	-6.25	376.637	999.285	0.623094
-117.5	-7.5	400.357	999.104	0.599283
-116.25	-8.75	420.421	998.907	0.579119
-115	-10	437.18	998.693	0.562248
-113.75	-11.25	450.816	998.461	0.548489
-112.5	-12.5	461.537	998.208	0.537635
-111.25	-13.75	469.641	997.931	0.529386
-110	-15	475.526	997.629	0.523344
-108.75	-16.25	479.405	997.3	0.519297
-107.5	-17.5	481.459	996.939	0.517063
-106.25	-18.75	481.919	996.543	0.516409
-105	-20	481.06	996.108	0.51706
-103.75	-21.25	479.082	995.631	0.518816
-102.5	-22.5	476.15	995.105	0.521507
-101.25	-23.75	472.402	994.525	0.524998
-100	-25	467.995	993.885	0.529126
-98.75	-26.25	463.163	993.177	0.533655
-97.5	-27.5	458.043	992.392	0.538446
-96.25	-28.75	452.769	991.521	0.543359
-95	-30	447.446	990.553	0.548286
-93.75	-31.25	442.147	989.474	0.553149
-92.5	-32.5	436.928	988.271	0.557886
-91.25	-33.75	431.796	986.927	0.562484
-90	-35	426.699	985.422	0.566989
-88.75	-36.25	421.594	983.736	0.571436
-87.5	-37.5	416.449	981.845	0.57585
-86.25	-38.75	411.182	979.722	0.580308
-85	-40	405.667	977.339	0.584927
-83.75	-41.25	399.839	974.664	0.589767
-82.5	-42.5	393.621	971.667	0.594902
-81.25	-43.75	386.936	968.318	0.600404
-80	-45	379.714	964.592	0.606348
-78.75	-46.25	371.908	960.477	0.612788
-77.5	-47.5	363.516	955.978	0.619744
-76.25	-48.75	354.605	951.138	0.627178
-75	-50	345.307	946.05	0.635002
-73.75	-51.25	335.846	940.887	0.643054
-72.5	-52.5	326.533	935.93	0.651113
-71.25	-53.75	317.69	931.594	0.658983
-70	-55	309.474	928.453	0.666678
-68.75	-56.25	301.931	927.212	0.674367
-67.5	-57.5	295.07	928.639	0.682256
-66.25	-58.75	288.808	933.414	0.69059
-65	-60	283.027	941.904	0.699516
-63.75	-61.25	277.65	953.963	0.708951
-62.5	-62.5	272.564	968.82	0.718664
-61.25	-63.75	267.724	985.191	0.728252
-60	-65	263.11	1001.56	0.7373
-58.75	-66.25	258.673	1016.55	0.745539
-57.5	-67.5	254.354	1029.21	0.752864
-56.25	-68.75	250.153	1039.07	0.759253
-55	-70	246.047	1046.13	0.764803
-53.75	-71.25	242.029	1050.69	0.769647
-52.5	-72.5	238.09	1053.18	0.773931
-51.25	-73.75	234.237	1054.07	0.777778
-50	-75	230.473	1053.79	0.78129
-48.75	-76.25	226.841	1052.69	0.784512
-47.5	-77.5	223.38	1051.05	0.78747
-46.25	-78.75	220.148	1049.09	0.790154
-45	-80	217.229	1046.96	0.792514
-43.75	-81.25	214.725	1044.75	0.794473
-42.5	-82.5	212.718	1042.55	0.795964
-41.25	-83.75	211.257	1040.4	0.796946
-40	-85	210.345	1038.33	0.797421
-38.75	-86.25	209.952	1036.36	0.797415
-37.5	-87.5	210.037	1034.5	0.796968
-36.25	-88.75	210.514	1032.75	0.796162
-35	-90	211.277	1031.11	0.795098
-33.75	-91.25	212.224	1029.58	0.793873
-32.5	-92.5	213.295	1028.14	0.792543
-31.25	-93.75	214.413	1026.8	0.791184
-30	-95	215.511	1025.56	0.789859
-28.75	-96.25	216.538	1024.39	0.788618
-27.5	-97.5	217.424	1023.31	0.787528
-26.25	-98.75	218.147	1022.29	0.78661
-25	-100	218.701	1021.34	0.785869
-23.75	-101.25	219.096	1020.46	0.785297
-22.5	-102.5	219.35	1019.63	0.784872
-21.25	-103.75	219.494	1018.85	0.784567
-20	-105	219.546	1018.12	0.784362
-18.75	-106.25	219.527	1017.44	0.784236
-17.5	-107.5	219.452	1016.79	0.784172
-16.25	-108.75	219.332	1016.19	0.784161
-15	-110	219.179	1015.62	0.784191
-13.75	-111.25	218.998	1015.08	0.784255
-12.5	-112.5	218.797	1014.57	0.784345
-11.25	-113.75	218.58	1014.09	0.784457
-10	-115	218.352	1013.64	0.784586
-8.75	-116.25	218.115	1013.21	0.784728
-7.5	-117.5	217.873	1012.8	0.78488
-6.25	-118.75	217.628	1012.41	0.78504
-5	-120	217.381	1012.05	0.785207
-3.75	-121.25	217.133	1011.7	0.785378
-2.5	-122.5	216.888	1011.37	0.78555
-1.25	-123.75	216.645	1011.05	0.785724
0	-125	216.406	1010.75	0.785896
1.25	-126.25	216.175	1010.46	0.786063
2.5	-127.5	215.949	1010.19	0.786229
3.75	-128.75	215.725	1009.93	0.786396
5	-130	215.503	1009.68	0.786563
6.25	-131.25	215.289	1009.44	0.786724
7.5	-132.5	215.081	1009.21	0.786882
8.75	-133.75	214.88	1008.99	0.787035
10	-135	214.683	1008.78	0.787185
11.25	-136.25	214.492	1008.58	0.787333
12.5	-137.5	214.306	1008.38	0.787476
13.75	-138.75	214.123	1008.2	0.787618
15	-140	213.944	1008.02	0.787758
16.25	-141.25	213.77	1007.85	0.787895
-121.25	-1.25	248.136	999.869	0.751832
-120	-2.5	281.058	999.726	0.718865
-118.75	-3.75	316.901	999.572	0.682963
-117.5	-5	348.807	999.405	0.650986
-116.25	-6.25	376.259	999.223	0.623448
-115	-7.5	399.736	999.026	0.599875
-113.75	-8.75	419.723	998.811	0.579777
-112.5	-10	436.33	998.577	0.563048
-111.25	-11.25	449.698	998.322	0.549546
-110	-12.5	460.12	998.043	0.538978
-108.75	-13.75	468.013	997.739	0.530927
-107.5	-15	473.606	997.406	0.525163
-106.25	-16.25	477.105	997.042	0.521479
-105	-17.5	478.777	996.642	0.51961
-103.75	-18.75	478.934	996.203	0.519241
-102.5	-20	477.804	995.72	0.520142
-101.25	-21.25	475.579	995.188	0.522121
-100	-22.5	472.414	994.601	0.525022
-98.75	-23.75	468.485	993.953	0.528665
-97.5	-25	464.048	993.235	0.532791
-96.25	-26.25	459.252	992.44	0.537249
-95	-27.5	454.245	991.556	0.541886
-93.75	-28.75	449.143	990.573	0.546582
-92.5	-30	444.03	989.477	0.551248
-91.25	-31.25	438.969	988.254	0.555814
-90	-32.5	433.973	986.887	0.560261
-88.75	-33.75	428.995	985.356	0.564629
-87.5	-35	423.995	983.64	0.568953
-86.25	-36.25	418.944	981.714	0.573253
-85	-37.5	413.759	979.55	0.577603
-83.75	-38.75	408.315	977.119	0.582124
-82.5	-40	402.546	974.39	0.586874
-81.25	-41.25	396.374	971.329	0.591926
-80	-42.5	389.723	967.905	0.597355
-78.75	-43.75	382.519	964.094	0.603235
-77.5	-45	374.715	959.879	0.609623
-76.25	-46.25	366.306	955.268	0.616541
-75	-47.5	357.36	950.3	0.62395
-73.75	-48.75	348.011	945.071	0.631762
-72.5	-50	338.486	939.754	0.639814
-71.25	-51.25	329.101	934.634	0.647883
-70	-52.5	320.182	930.136	0.655768
-68.75	-53.75	311.894	926.845	0.663489
-67.5	-55	304.283	925.483	0.671217
-66.25	-56.25	297.359	926.841	0.679169
-65	-57.5	291.039	931.617	0.687598
-63.75	-58.75	285.205	940.197	0.696654
-62.5	-60	279.777	952.439	0.706252
-61.25	-61.25	274.64	967.564	0.716153
-60	-62.5	269.75	984.262	0.725937
-58.75	-63.75	265.086	1000.99	0.735176
-57.5	-65	260.598	1016.33	0.743589
-56.25	-66.25	256.227	1029.3	0.751067
-55	-67.5	251.972	1039.43	0.757587
-53.75	-68.75	247.811	1046.71	0.763247
-52.5	-70	243.737	1051.43	0.768185
-51.25	-71.25	239.74	1054.03	0.77255
-50	-72.5	235.827	1055	0.776466
-48.75	-73.75	232.002	1054.76	0.780042
-47.5	-75	228.309	1053.68	0.783322
-46.25	-76.25	224.787	1052.05	0.786334
-45	-77.5	221.496	1050.07	0.789066
-43.75	-78.75	218.521	1047.92	0.791471
-42.5	-80	215.969	1045.69	0.793467
-41.25	-81.25	213.922	1043.46	0.794988
-40	-82.5	212.43	1041.28	0.795991
-38.75	-83.75	211.497	1039.18	0.796477
-37.5	-85	211.093	1037.18	0.796474
-36.25	-86.25	211.177	1035.29	0.796021
-35	-87.5	211.661	1033.5	0.795201
-33.75	-88.75	212.436	1031.83	0.794118
-32.5	-90	213.4	1030.27	0.79287
-31.25	-91.25	214.493	1028.81	0.791514
-30	-92.5	215.632	1027.45	0.790128
-28.75	-93.75	216.753	1026.18	0.788776
-27.5	-95	217.801	1024.99	0.787509
-26.25	-96.25	218.707	1023.88	0.786394
-25	-97.5	219.447	1022.85	0.785454
-23.75	-98.75	220.016	1021.88	0.784695
-22.5	-100	220.422	1020.97	0.784106
-21.25	-101.25	220.686	1020.13	0.783668
-20	-102.5	220.836	1019.33	0.783353
-18.75	-103.75	220.893	1018.59	0.783138
-17.5	-105	220.877	1017.89	0.783004
-16.25	-106.25	220.805	1017.23	0.782935
-15	-107.5	220.686	1016.61	0.78292
-13.75	-108.75	220.533	1016.03	0.782946
-12.5	-110	220.352	1015.48	0.783007
-11.25	-111.25	220.149	1014.96	0.783096
-10	-112.5	219.931	1014.47	0.783206
-8.75	-113.75	219.7	1014.01	0.783335
-7.5	-115	219.46	1013.57	0.783478
-6.25	-116.25	219.215	1013.15	0.78363
-5	-117.5	218.966	1012.75	0.783791
-3.75	-118.75	218.715	1012.38	0.783959
-2.5	-120	218.463	1012.02	0.784133
-1.25	-121.25	218.213	1011.68	0.784307
0	-122.5	217.966	1011.36	0.784483
1.25	-123.75	217.723	1011.05	0.784657
2.5	-125	217.487	1010.76	0.784828
3.75	-126.25	217.256	1010.48	0.784996
5	-127.5	217.027	1010.21	0.785166
6.25	-128.75	216.8	1009.95	0.785337
7.5	-130	216.581	1009.71	0.785502
8.75	-131.25	216.368	1009.47	0.785662
10	-132.5	216.162	1009.25	0.785819
11.25	-133.75	215.961	1009.03	0.785973
12.5	-135	215.764	1008.83	0.786124
13.75	-136.25	215.573	1008.63	0.786271
15	-137.5	215.385	1008.44	0.786417
16.25	-138.75	215.2	1008.25	0.786561
17.5	-140	215.021	1008.08	0.786701
-118.75	-1.25	247.891	999.858	0.752074
-117.5	-2.5	281.562	999.703	0.718354
-116.25	-3.75	316.864	999.535	0.682989
-115	-5	348.544	999.353	0.651231
-113.75	-6.25	375.647	999.155	0.624035
-112.5	-7.5	399.07	998.939	0.600506
-111.25	-8.75	418.915	998.703	0.580541
-110	-10	435.236	998.447	0.564087
-108.75	-11.25	448.295	998.166	0.550882
-107.5	-12.5	458.506	997.86	0.540511
-106.25	-13.75	466.098	997.524	0.532746
-105	-15	471.292	997.156	0.527364
-103.75	-16.25	474.391	996.753	0.524063
-102.5	-17.5	475.746	996.309	0.522492
-101.25	-18.75	475.618	995.821	0.522386
-100	-20	474.227	995.283	0.523526
-98.75	-21.25	471.749	994.689	0.525732
-97.5	-22.5	468.383	994.032	0.528805
-96.25	-23.75	464.41	993.305	0.532459
-95	-25	459.995	992.498	0.536528
-93.75	-26.25	455.301	991.601	0.540842
-92.5	-27.5	450.457	990.603	0.54527
-91.25	-28.75	445.559	989.49	0.549709
-90	-30	440.68	988.247	0.554079
-88.75	-31.25	435.843	986.857	0.558353
-87.5	-32.5	431.002	985.299	0.562567
-86.25	-33.75	426.122	983.552	0.566752
-85	-35	421.178	981.589	0.570923
-83.75	-36.25	416.089	979.383	0.575152
-82.5	-37.5	410.727	976.903	0.579562
-81.25	-38.75	405.028	974.116	0.58421
-80	-40	398.914	970.988	0.589167
-78.75	-41.25	392.307	967.488	0.59451
-77.5	-42.5	385.132	963.587	0.600314
-76.25	-43.75	377.34	959.269	0.606638
-75	-45	368.926	954.54	0.613504
-73.75	-46.25	359.955	949.439	0.620876
-72.5	-47.5	350.564	944.06	0.628663
-71.25	-48.75	340.983	938.581	0.636703
-70	-50	331.533	933.29	0.64477
-68.75	-51.25	322.547	928.62	0.65266
-67.5	-52.5	314.193	925.169	0.660394
-66.25	-53.75	306.52	923.679	0.668153
-65	-55	299.539	924.96	0.676159
-63.75	-56.25	293.168	929.733	0.684675
-62.5	-57.5	287.284	938.402	0.693858
-61.25	-58.75	281.809	950.831	0.703618
-60	-60	276.627	966.232	0.713706
-58.75	-61.25	271.69	983.27	0.723688
-57.5	-62.5	266.979	1000.37	0.733118
-56.25	-63.75	262.445	1016.07	0.741707
-55	-65	258.025	1029.38	0.749339
-53.75	-66.25	253.72	1039.79	0.75599
-52.5	-67.5	249.507	1047.3	0.761761
-51.25	-68.75	245.378	1052.18	0.766792
-50	-70	241.325	1054.91	0.771236
-48.75	-71.25	237.355	1055.95	0.775222
-47.5	-72.5	233.471	1055.76	0.77886
-46.25	-73.75	229.717	1054.7	0.782197
-45	-75	226.136	1053.07	0.785261
-43.75	-76.25	222.788	1051.09	0.788041
-42.5	-77.5	219.759	1048.91	0.790489
-41.25	-78.75	217.159	1046.66	0.792522
-40	-80	215.072	1044.4	0.794072
-38.75	-81.25	213.55	1042.19	0.795095
-37.5	-82.5	212.597	1040.06	0.795592
-36.25	-83.75	212.183	1038.02	0.79559
-35	-85	212.266	1036.1	0.795129
-33.75	-86.25	212.758	1034.29	0.794295
-32.5	-87.5	213.547	1032.59	0.793192
-31.25	-88.75	214.529	1031	0.79192
-30	-90	215.642	1029.51	0.790538
-28.75	-91.25	216.805	1028.12	0.789125
-27.5	-92.5	217.948	1026.82	0.787745
-26.25	-93.75	219.019	1025.61	0.78645
-25	-95	219.946	1024.48	0.78531
-23.75	-96.25	220.704	1023.43	0.784347
-22.5	-97.5	221.288	1022.44	0.783568
-21.25	-98.75	221.707	1021.51	0.782963
-20	-100	221.981	1020.65	0.78251
-18.75	-101.25	222.139	1019.84	0.782182
-17.5	-102.5	222.202	1019.08	0.781958
-16.25	-103.75	222.191	1018.36	0.781816
-15	-105	222.121	1017.69	0.78174
-13.75	-106.25	222.005	1017.06	0.781719
-12.5	-107.5	221.852	1016.46	0.78174
-11.25	-108.75	221.671	1015.9	0.781798
-10	-110	221.468	1015.37	0.781884
-8.75	-111.25	221.248	1014.87	0.781993
-7.5	-112.5	221.016	1014.39	0.78212
-6.25	-113.75	220.773	1013.94	0.782262
-5	-115	220.526	1013.52	0.782415
-3.75	-116.25	220.274	1013.11	0.782576
-2.5	-117.5	220.02	1012.73	0.782745
-1.25	-118.75	219.764	1012.36	0.78292
0	-120	219.511	1012.01	0.783095
1.25	-121.25	219.259	1011.68	0.783273
2.5	-122.5	219.012	1011.37	0.78345
3.75	-123.75	218.772	1011.07	0.783622
5	-125	218.537	1010.78	0.783793
6.25	-126.25	218.304	1010.5	0.783966
7.5	-127.5	218.072	1010.24	0.784139
8.75	-128.75	217.848	1009.99	0.784307
10	-130	217.631	1009.75	0.78447
11.25	-131.25	217.42	1009.52	0.78463
12.5	-132.5	217.214	1009.3	0.784787
13.75	-133.75	217.013	1009.09	0.784941
15	-135	216.817	1008.88	0.785092
16.25	-136.25	216.625	1008.69	0.785241
17.5	-137.5	216.435	1008.5	0.785389
18.75	-138.75	216.252	1008.32	0.785532
-116.25	-1.25	248.353	999.845	0.751609
-115	-2.5	280.304	999.677	0.719605
-113.75	-3.75	316.66	999.494	0.68318
-112.5	-5	347.855	999.295	0.6519
-111.25	-6.25	374.966	999.078	0.624688
-110	-7.5	398.287	998.842	0.601251
-108.75	-8.75	417.831	998.584	0.581576
-107.5	-10	433.839	998.301	0.565422
-106.25	-11.25	446.696	997.992	0.552406
-105	-12.5	456.602	997.654	0.542325
-103.75	-13.75	463.777	997.283	0.53496
-102.5	-15	468.552	996.876	0.529979
-101.25	-16.25	471.321	996.428	0.526989
-100	-17.5	472.379	995.934	0.525693
-98.75	-18.75	471.973	995.39	0.525841
-97.5	-20	470.309	994.788	0.527227
-96.25	-21.25	467.611	994.123	0.529625
-95	-22.5	464.186	993.386	0.532723
-93.75	-23.75	460.22	992.568	0.536334
-92.5	-25	455.894	991.658	0.540271
-91.25	-26.25	451.352	990.645	0.544385
-90	-27.5	446.705	989.514	0.548561
-88.75	-28.75	442.04	988.251	0.552705
-87.5	-30	437.384	986.837	0.556782
-86.25	-31.25	432.701	985.251	0.560822
-85	-32.5	427.958	983.471	0.564849
-83.75	-33.75	423.137	981.471	0.568875
-82.5	-35	418.158	979.221	0.572969
-81.25	-36.25	412.892	976.69	0.577254
-80	-37.5	407.275	973.844	0.581786
-78.75	-38.75	401.23	970.647	0.586637
-77.5	-40	394.679	967.066	0.59188
-76.25	-41.25	387.545	963.072	0.597595
-75	-42.5	379.776	958.647	0.603842
-73.75	-43.75	371.366	953.794	0.610644
-72.5	-45	362.381	948.553	0.617964
-71.25	-46.25	352.958	943.018	0.625714
-70	-47.5	343.33	937.367	0.633729
-68.75	-48.75	333.823	931.895	0.64178
-67.5	-50	324.778	927.044	0.649663
-66.25	-51.25	316.365	923.423	0.6574
-65	-52.5	308.636	921.793	0.665179
-63.75	-53.75	301.605	922.989	0.67323
-62.5	-55	295.187	927.754	0.681827
-61.25	-56.25	289.26	936.512	0.691131
-60	-57.5	283.743	949.132	0.70105
-58.75	-58.75	278.519	964.817	0.711325
-57.5	-60	273.539	982.208	0.721506
-56.25	-61.25	268.787	999.689	0.731129
-55	-62.5	264.209	1015.78	0.739895
-53.75	-63.75	259.744	1029.43	0.747683
-52.5	-65	255.391	1040.14	0.754465
-51.25	-66.25	251.129	1047.89	0.760347
-50	-67.5	246.949	1052.95	0.76547
-48.75	-68.75	242.843	1055.81	0.769993
-47.5	-70	238.817	1056.94	0.774048
-46.25	-71.25	234.876	1056.79	0.777747
-45	-72.5	231.065	1055.76	0.781139
-43.75	-73.75	227.426	1054.14	0.784254
-42.5	-75	224.021	1052.14	0.787081
-41.25	-76.25	220.939	1049.95	0.789571
-40	-77.5	218.292	1047.67	0.79164
-38.75	-78.75	216.166	1045.38	0.793218
-37.5	-80	214.615	1043.14	0.79426
-36.25	-81.25	213.643	1040.97	0.794766
-35	-82.5	213.22	1038.91	0.794765
-33.75	-83.75	213.304	1036.95	0.794297
-32.5	-85	213.804	1035.11	0.793447
-31.25	-86.25	214.607	1033.37	0.792324
-30	-87.5	215.608	1031.75	0.791028
-28.75	-88.75	216.743	1030.24	0.789618
-27.5	-90	217.929	1028.82	0.788176
-26.25	-91.25	219.097	1027.5	0.786767
-25	-92.5	220.191	1026.26	0.785444
-23.75	-93.75	221.139	1025.11	0.784277
-22.5	-95	221.917	1024.03	0.783291
-21.25	-96.25	222.517	1023.02	0.782491
-20	-97.5	222.949	1022.08	0.781867
-18.75	-98.75	223.234	1021.2	0.7814
-17.5	-100	223.401	1020.37	0.781059
-16.25	-101.25	223.471	1019.59	0.780823
-15	-102.5	223.465	1018.86	0.780671
-13.75	-103.75	223.399	1018.17	0.780588
-12.5	-105	223.286	1017.52	0.78056
-11.25	-106.25	223.135	1016.91	0.780576
-10	-107.5	222.955	1016.34	0.780629
-8.75	-108.75	222.752	1015.8	0.780712
-7.5	-110	222.532	1015.28	0.780818
-6.25	-111.25	222.298	1014.8	0.780943
-5	-112.5	222.054	1014.34	0.781084
-3.75	-113.75	221.805	1013.9	0.781236
-2.5	-115	221.551	1013.49	0.781397
-1.25	-116.25	221.294	1013.09	0.781566
0	-117.5	221.035	1012.72	0.781741
1.25	-118.75	220.779	1012.36	0.781917
2.5	-120	220.524	1012.02	0.782096
3.75	-121.25	220.273	1011.7	0.782274
5	-122.5	220.03	1011.39	0.782448
6.25	-123.75	219.791	1011.1	0.782621
7.5	-125	219.554	1010.81	0.782795
8.75	-126.25	219.318	1010.55	0.782971
10	-127.5	219.091	1010.29	0.783141
11.25	-128.75	218.869	1010.04	0.783307
12.5	-130	218.654	1009.81	0.783469
13.75	-131.25	218.444	1009.58	0.783628
15	-132.5	218.239	1009.36	0.783785
16.25	-133.75	218.039	1009.15	0.783939
17.5	-135	217.842	1008.95	0.784091
18.75	-136.25	217.648	1008.76	0.784241
20	-137.5	217.46	1008.57	0.784388
-113.75	-1.25	239.173	999.832	0.760787
-112.5	-2.5	280.523	999.649	0.719379
-111.25	-3.75	316.152	999.449	0.683674
-110	-5	347.397	999.231	0.652335
-108.75	-6.25	374.428	998.994	0.625195
-107.5	-7.5	397.386	998.734	0.60211
-106.25	-8.75	416.594	998.45	0.582759
-105	-10	432.396	998.139	0.566798
-103.75	-11.25	444.931	997.798	0.554087
-102.5	-12.5	454.386	997.424	0.54444
-101.25	-13.75	461.113	997.012	0.537506
-100	-15	465.538	996.56	0.532855
-98.75	-16.25	467.99	996.061	0.530159
-97.5	-17.5	468.748	995.511	0.529138
-96.25	-18.75	468.044	994.902	0.529558
-95	-20	466.133	994.229	0.531161
-93.75	-21.25	463.355	993.482	0.533605
-92.5	-22.5	459.916	992.652	0.53668
-91.25	-23.75	456.021	991.729	0.540175
-90	-25	451.832	990.7	0.543926
-88.75	-26.25	447.476	989.551	0.547799
-87.5	-27.5	443.055	988.267	0.551685
-86.25	-28.75	438.608	986.828	0.555538
-85	-30	434.103	985.214	0.559382
-83.75	-31.25	429.516	983.401	0.563234
-82.5	-32.5	424.833	981.362	0.567099
-81.25	-33.75	419.977	979.067	0.571043
-80	-35	414.819	976.483	0.575191
-78.75	-36.25	409.295	973.575	0.579595
-77.5	-37.5	403.331	970.306	0.584326
-76.25	-38.75	396.847	966.642	0.589458
-75	-40	389.764	962.55	0.595071
-73.75	-41.25	382.028	958.012	0.601228
-72.5	-42.5	373.633	953.03	0.607953
-71.25	-43.75	364.643	947.642	0.61521
-70	-45	355.198	941.942	0.622909
-68.75	-46.25	345.531	936.111	0.630887
-67.5	-47.5	335.975	930.448	0.63891
-66.25	-48.75	326.877	925.403	0.646773
-65	-50	318.412	921.6	0.654501
-63.75	-51.25	310.634	919.821	0.662289
-62.5	-52.5	303.557	920.923	0.670377
-61.25	-53.75	297.098	925.675	0.679047
-60	-55	291.133	934.521	0.688468
-58.75	-56.25	285.579	947.336	0.698545
-57.5	-57.5	280.317	963.314	0.709007
-56.25	-58.75	275.3	981.071	0.719388
-55	-60	270.509	998.953	0.729207
-53.75	-61.25	265.892	1015.44	0.738152
-52.5	-62.5	261.385	1029.46	0.746096
-51.25	-63.75	256.988	1040.49	0.753011
-50	-65	252.68	1048.48	0.759004
-48.75	-66.25	248.451	1053.74	0.764219
-47.5	-67.5	244.293	1056.73	0.768821
-46.25	-68.75	240.214	1057.95	0.772943
-45	-70	236.218	1057.86	0.776702
-43.75	-71.25	232.351	1056.85	0.780149
-42.5	-72.5	228.655	1055.24	0.783314
-41.25	-73.75	225.196	1053.24	0.786187
-40	-75	222.063	1051.02	0.788718
-38.75	-76.25	219.37	1048.72	0.790821
-37.5	-77.5	217.206	1046.4	0.792426
-36.25	-78.75	215.626	1044.13	0.793486
-35	-80	214.635	1041.93	0.794002
-33.75	-81.25	214.204	1039.83	0.794001
-32.5	-82.5	214.289	1037.84	0.793524
-31.25	-83.75	214.798	1035.96	0.792658
-30	-85	215.617	1034.2	0.791513
-28.75	-86.25	216.637	1032.54	0.790191
-27.5	-87.5	217.794	1031	0.788754
-26.25	-88.75	219.005	1029.55	0.787282
-25	-90	220.197	1028.2	0.785843
-23.75	-91.25	221.316	1026.94	0.78449
-22.5	-92.5	222.287	1025.77	0.783297
-21.25	-93.75	223.084	1024.67	0.782286
-20	-95	223.702	1023.64	0.781464
-18.75	-96.25	224.148	1022.67	0.780821
-17.5	-97.5	224.445	1021.77	0.780337
-16.25	-98.75	224.622	1020.92	0.779981
-15	-100	224.7	1020.13	0.779733
-13.75	-101.25	224.7	1019.38	0.779572
-12.5	-102.5	224.639	1018.68	0.779479
-11.25	-103.75	224.529	1018.01	0.779444
-10	-105	224.382	1017.39	0.779454
-8.75	-106.25	224.203	1016.8	0.779501
-7.5	-107.5	224.001	1016.24	0.77958
-6.25	-108.75	223.781	1015.72	0.779682
-5	-110	223.547	1015.22	0.779805
-3.75	-111.25	223.302	1014.75	0.779943
-2.5	-112.5	223.052	1014.3	0.780094
-1.25	-113.75	222.796	1013.88	0.780253
0	-115	222.537	1013.48	0.780422
1.25	-116.25	222.276	1013.09	0.780596
2.5	-117.5	222.017	1012.73	0.780773
3.75	-118.75	221.759	1012.38	0.780952
5	-120	221.506	1012.05	0.781131
6.25	-121.25	221.26	1011.73	0.781306
7.5	-122.5	221.018	1011.43	0.781479
8.75	-123.75	220.777	1011.14	0.781655
10	-125	220.538	1010.86	0.781832
11.25	-126.25	220.307	1010.6	0.782004
12.5	-127.5	220.082	1010.35	0.782172
13.75	-128.75	219.863	1010.1	0.782336
15	-130	219.65	1009.87	0.782497
16.25	-131.25	219.44	1009.65	0.782657
17.5	-132.5	219.237	1009.43	0.782812
18.75	-133.75	219.036	1009.23	0.782967
20	-135	218.838	1009.03	0.78312
21.25	-136.25	218.646	1008.84	0.783269
-111.25	-1.25	250.879	999.817	0.749075
-110	-2.5	281.376	999.617	0.718516
-108.75	-3.75	315.781	999.398	0.684029
-107.5	-5	346.856	999.16	0.652853
-106.25	-6.25	373.465	998.899	0.626123
-105	-7.5	396.121	998.613	0.603329
-103.75	-8.75	415.161	998.3	0.584133
-102.5	-10	430.657	997.957	0.568462
-101.25	-11.25	442.718	997.579	0.556208
-100	-12.5	451.707	997.165	0.547009
-98.75	-13.75	458.073	996.708	0.540414
-97.5	-15	462.173	996.204	0.536066
-96.25	-16.25	464.31	995.647	0.53366
-95	-17.5	464.749	995.031	0.532931
-93.75	-18.75	463.776	994.349	0.533588
-92.5	-20	461.768	993.592	0.535254
-91.25	-21.25	458.958	992.751	0.537691
-90	-22.5	455.576	991.814	0.540664
-88.75	-23.75	451.804	990.77	0.543987
-87.5	-25	447.792	989.603	0.547503
-86.25	-26.25	443.657	988.297	0.551089
-85	-27.5	439.453	986.833	0.554684
-83.75	-28.75	435.155	985.189	0.558303
-82.5	-30	430.746	983.342	0.561957
-81.25	-31.25	426.221	981.263	0.56564
-80	-32.5	421.506	978.921	0.569417
-78.75	-33.75	416.471	976.282	0.573411
-77.5	-35	411.056	973.31	0.577673
-76.25	-36.25	405.185	969.967	0.582269
-75	-37.5	398.78	966.215	0.587276
-73.75	-38.75	391.761	962.021	0.592773
-72.5	-40	384.071	957.366	0.598825
-71.25	-41.25	375.702	952.248	0.605458
-70	-42.5	366.719	946.705	0.612637
-68.75	-43.75	357.261	940.832	0.620272
-67.5	-45	347.566	934.811	0.628197
-66.25	-46.25	337.97	928.945	0.636179
-65	-47.5	328.828	923.695	0.644008
-63.75	-48.75	320.318	919.698	0.651714
-62.5	-50	312.498	917.758	0.659499
-61.25	-51.25	305.383	918.756	0.667613
-60	-52.5	298.888	923.489	0.676349
-58.75	-53.75	292.89	932.42	0.685881
-57.5	-55	287.305	945.434	0.696113
-56.25	-56.25	282.011	961.715	0.706762
-55	-57.5	276.961	979.852	0.717344
-53.75	-58.75	272.137	998.153	0.72736
-52.5	-60	267.484	1015.06	0.736485
-51.25	-61.25	262.938	1029.46	0.744587
-50	-62.5	258.501	1040.81	0.751636
-48.75	-63.75	254.15	1049.07	0.757739
-47.5	-65	249.875	1054.53	0.763046
-46.25	-66.25	245.67	1057.67	0.767725
-45	-67.5	241.54	1058.99	0.771914
-43.75	-68.75	237.49	1058.96	0.775732
-42.5	-70	233.569	1057.99	0.779232
-41.25	-71.25	229.82	1056.38	0.782445
-40	-72.5	226.307	1054.37	0.785363
-38.75	-73.75	223.123	1052.14	0.787934
-37.5	-75	220.386	1049.81	0.790071
-36.25	-76.25	218.185	1047.46	0.791701
-35	-77.5	216.578	1045.15	0.792779
-33.75	-78.75	215.569	1042.92	0.793302
-32.5	-80	215.13	1040.79	0.793301
-31.25	-81.25	215.217	1038.76	0.792814
-30	-82.5	215.736	1036.85	0.791931
-28.75	-83.75	216.571	1035.05	0.790764
-27.5	-85	217.611	1033.37	0.789416
-26.25	-86.25	218.792	1031.79	0.78795
-25	-87.5	220.028	1030.32	0.786447
-23.75	-88.75	221.247	1028.94	0.784977
-22.5	-90	222.391	1027.66	0.783594
-21.25	-91.25	223.385	1026.45	0.782372
-20	-92.5	224.203	1025.33	0.781335
-18.75	-93.75	224.839	1024.28	0.78049
-17.5	-95	225.301	1023.29	0.779827
-16.25	-96.25	225.611	1022.37	0.779325
-15	-97.5	225.798	1021.5	0.778955
-13.75	-98.75	225.885	1020.69	0.778693
-12.5	-100	225.893	1019.92	0.77852
-11.25	-101.25	225.838	1019.21	0.778418
-10	-102.5	225.732	1018.53	0.778374
-8.75	-103.75	225.588	1017.89	0.778376
-7.5	-105	225.412	1017.29	0.778418
-6.25	-106.25	225.212	1016.72	0.778491
-5	-107.5	224.993	1016.18	0.778589
-3.75	-108.75	224.76	1015.67	0.778708
-2.5	-110	224.515	1015.19	0.778843
-1.25	-111.25	224.264	1014.73	0.778991
0	-112.5	224.007	1014.29	0.779149
1.25	-113.75	223.747	1013.88	0.779316
2.5	-115	223.484	1013.49	0.779489
3.75	-116.25	223.224	1013.11	0.779665
5	-117.5	222.964	1012.75	0.779844
6.25	-118.75	222.708	1012.41	0.780023
7.5	-120	222.46	1012.09	0.780198
8.75	-121.25	222.215	1011.78	0.780372
10	-122.5	221.972	1011.48	0.780549
11.25	-123.75	221.729	1011.2	0.780727
12.5	-125	221.495	1010.93	0.780899
13.75	-126.25	221.267	1010.67	0.781069
15	-127.5	221.046	1010.42	0.781234
16.25	-128.75	220.829	1010.18	0.781397
17.5	-130	220.616	1009.95	0.781558
18.75	-131.25	220.409	1009.73	0.781715
20	-132.5	220.205	1009.52	0.781872
21.25	-133.75	220.004	1009.32	0.782027
22.5	-135	219.808	1009.12	0.782178
-108.75	-1.25	247.486	999.8	0.752465
-107.5	-2.5	279.988	999.581	0.719894
-106.25	-3.75	314.819	999.342	0.684974
-105	-5	345.523	999.08	0.654158
-103.75	-6.25	371.994	998.793	0.627556
-102.5	-7.5	394.578	998.478	0.60482
-101.25	-8.75	413.374	998.132	0.585852
-100	-10	428.381	997.752	0.570654
-98.75	-11.25	439.973	997.333	0.55885
-97.5	-12.5	448.603	996.872	0.549989
-96.25	-13.75	454.643	996.363	0.543697
-95	-15	458.418	995.8	0.539649
-93.75	-16.25	460.22	995.178	0.53755
-92.5	-17.5	460.371	994.487	0.537077
-91.25	-18.75	459.286	993.72	0.537811
-90	-20	457.23	992.867	0.539485
-88.75	-21.25	454.462	991.917	0.541834
-87.5	-22.5	451.191	990.856	0.544645
-86.25	-23.75	447.589	989.67	0.547739
-85	-25	443.793	988.342	0.550972
-83.75	-26.25	439.874	986.852	0.554266
-82.5	-27.5	435.818	985.179	0.557626
-81.25	-28.75	431.615	983.296	0.561052
-80	-30	427.274	981.175	0.564529
-78.75	-31.25	422.72	978.785	0.568117
-77.5	-32.5	417.827	976.09	0.571938
-76.25	-33.75	412.535	973.051	0.576039
-75	-35	406.774	969.63	0.580486
-73.75	-36.25	400.463	965.786	0.585351
-72.5	-37.5	393.521	961.487	0.590716
-71.25	-38.75	385.89	956.708	0.596648
-70	-40	377.559	951.448	0.603174
-68.75	-41.25	368.596	945.743	0.610258
-67.5	-42.5	359.136	939.687	0.617813
-66.25	-43.75	349.423	933.465	0.625671
-65	-45	339.798	927.384	0.633596
-63.75	-46.25	330.621	921.915	0.641376
-62.5	-47.5	322.074	917.712	0.649046
-61.25	-48.75	314.219	915.597	0.656815
-60	-50	307.072	916.48	0.664944
-58.75	-51.25	300.55	921.187	0.673736
-57.5	-52.5	294.525	930.201	0.683375
-56.25	-53.75	288.914	943.418	0.693758
-55	-55	283.594	960.012	0.704594
-53.75	-56.25	278.516	978.543	0.715377
-52.5	-57.5	273.662	997.28	0.725592
-51.25	-58.75	268.978	1014.62	0.734899
-50	-60	264.399	1029.43	0.74316
-48.75	-61.25	259.926	1041.13	0.750342
-47.5	-62.5	255.534	1049.67	0.756556
-46.25	-63.75	251.218	1055.34	0.761956
-45	-65	246.967	1058.63	0.766711
-43.75	-66.25	242.789	1060.06	0.770965
-42.5	-67.5	238.69	1060.1	0.774841
-41.25	-68.75	234.717	1059.16	0.778393
-40	-70	230.915	1057.56	0.781653
-38.75	-71.25	227.351	1055.55	0.784613
-37.5	-72.5	224.119	1053.3	0.787223
-36.25	-73.75	221.338	1050.95	0.789392
-35	-75	219.101	1048.57	0.791047
-33.75	-76.25	217.467	1046.23	0.792141
-32.5	-77.5	216.443	1043.96	0.792671
-31.25	-78.75	215.996	1041.79	0.792668
-30	-80	216.086	1039.73	0.792171
-28.75	-81.25	216.616	1037.78	0.79127
-27.5	-82.5	217.468	1035.95	0.790079
-26.25	-83.75	218.529	1034.24	0.788705
-25	-85	219.735	1032.63	0.787208
-23.75	-86.25	220.997	1031.12	0.785674
-22.5	-87.5	222.242	1029.72	0.784172
-21.25	-88.75	223.413	1028.4	0.782758
-20	-90	224.431	1027.18	0.781506
-18.75	-91.25	225.272	1026.03	0.780443
-17.5	-92.5	225.927	1024.95	0.779573
-16.25	-93.75	226.406	1023.94	0.778889
-15	-95	226.729	1023	0.778368
-13.75	-96.25	226.929	1022.11	0.777981
-12.5	-97.5	227.025	1021.28	0.777705
-11.25	-98.75	227.041	1020.5	0.777519
-10	-100	226.993	1019.76	0.777406
-8.75	-101.25	226.893	1019.07	0.777352
-7.5	-102.5	226.753	1018.41	0.777346
-6.25	-103.75	226.581	1017.8	0.777381
-5	-105	226.384	1017.21	0.777447
-3.75	-106.25	226.166	1016.66	0.77754
-2.5	-107.5	225.934	1016.14	0.777654
-1.25	-108.75	225.69	1015.64	0.777786
0	-110	225.44	1015.17	0.77793
1.25	-111.25	225.183	1014.73	0.778085
2.5	-112.5	224.922	1014.3	0.77825
3.75	-113.75	224.658	1013.9	0.778422
5	-115	224.396	1013.52	0.778596
6.25	-116.25	224.135	1013.15	0.778774
7.5	-117.5	223.878	1012.8	0.778952
8.75	-118.75	223.628	1012.47	0.779126
10	-120	223.381	1012.15	0.7793
11.25	-121.25	223.135	1011.85	0.779477
12.5	-122.5	222.891	1011.55	0.779655
13.75	-123.75	222.654	1011.28	0.779828
15	-125	222.424	1011.01	0.779998
16.25	-126.25	222.2	1010.75	0.780164
17.5	-127.5	221.98	1010.51	0.780328
18.75	-128.75	221.765	1010.27	0.78049
20	-130	221.555	1010.05	0.780649
21.25	-131.25	221.348	1009.83	0.780807
22.5	-132.5	221.143	1009.62	0.780964
23.75	-133.75	220.945	1009.42	0.781117
-106.25	-1.25	247.334	999.781	0.752612
-105	-2.5	279.871	999.541	0.720001
-103.75	-3.75	313.693	999.278	0.68608
-102.5	-5	344.383	998.99	0.655269
-101.25	-6.25	370.74	998.673	0.628767
-100	-7.5	393.081	998.326	0.60626
-98.75	-8.75	411.289	997.943	0.587863
-97.5	-10	425.783	997.521	0.573159
-96.25	-11.25	436.988	997.056	0.561722
-95	-12.5	445.272	996.542	0.553183
-93.75	-13.75	450.962	995.973	0.547214
-92.5	-15	454.371	995.343	0.543503
-91.25	-16.25	455.852	994.644	0.541693
-90	-17.5	455.865	993.867	0.541321
-88.75	-18.75	454.706	993.002	0.54209
-87.5	-20	452.669	992.038	0.543698
-86.25	-21.25	449.99	990.961	0.545906
-85	-22.5	446.871	989.756	0.548504
-83.75	-23.75	443.473	988.405	0.551324
-82.5	-25	439.886	986.889	0.55427
-81.25	-26.25	436.108	985.185	0.557334
-80	-27.5	432.142	983.265	0.560503
-78.75	-28.75	428.008	981.102	0.563748
-77.5	-30	423.637	978.662	0.567127
-76.25	-31.25	418.902	975.907	0.570756
-75	-32.5	413.75	972.8	0.574681
-73.75	-33.75	408.111	969.297	0.578962
-72.5	-35	401.908	965.359	0.58367
-71.25	-36.25	395.056	960.948	0.588889
-70	-37.5	387.496	956.04	0.594686
-68.75	-38.75	379.216	950.631	0.60109
-67.5	-40	370.282	944.755	0.608066
-66.25	-41.25	360.832	938.506	0.615525
-65	-42.5	351.11	932.071	0.623301
-63.75	-43.75	341.464	925.762	0.631154
-62.5	-45	332.26	920.061	0.638872
-61.25	-46.25	323.684	915.635	0.646492
-60	-47.5	315.801	913.332	0.654232
-58.75	-48.75	308.629	914.089	0.662364
-57.5	-50	302.085	918.761	0.671204
-56.25	-51.25	296.039	927.855	0.680943
-55	-52.5	290.408	941.279	0.691475
-53.75	-53.75	285.066	958.196	0.702497
-52.5	-55	279.965	977.136	0.713484
-51.25	-56.25	275.087	996.329	0.723899
-50	-57.5	270.377	1014.13	0.733391
-48.75	-58.75	265.768	1029.36	0.741813
-47.5	-60	261.262	1041.42	0.74913
-46.25	-61.25	256.835	1050.26	0.755455
-45	-62.5	252.479	1056.16	0.760946
-43.75	-63.75	248.186	1059.62	0.765778
-42.5	-65	243.963	1061.15	0.770096
-41.25	-66.25	239.816	1061.27	0.774028
-40	-67.5	235.793	1060.37	0.77763
-38.75	-68.75	231.941	1058.78	0.780936
-37.5	-70	228.327	1056.77	0.783939
-36.25	-71.25	225.048	1054.51	0.786585
-35	-72.5	222.225	1052.13	0.788785
-33.75	-73.75	219.954	1049.72	0.790464
-32.5	-75	218.295	1047.34	0.791573
-31.25	-76.25	217.254	1045.04	0.792109
-30	-77.5	216.802	1042.84	0.792103
-28.75	-78.75	216.895	1040.74	0.791595
-27.5	-80	217.437	1038.76	0.790676
-26.25	-81.25	218.306	1036.89	0.789461
-25	-82.5	219.39	1035.14	0.788058
-23.75	-83.75	220.621	1033.5	0.78653
-22.5	-85	221.91	1031.97	0.784964
-21.25	-86.25	223.183	1030.53	0.783429
-20	-87.5	224.381	1029.19	0.781982
-18.75	-88.75	225.425	1027.93	0.7807
-17.5	-90	226.289	1026.76	0.779608
-16.25	-91.25	226.964	1025.66	0.778713
-15	-92.5	227.461	1024.63	0.778006
-13.75	-93.75	227.8	1023.66	0.777466
-12.5	-95	228.012	1022.75	0.777061
-11.25	-96.25	228.12	1021.9	0.77677
-10	-97.5	228.144	1021.1	0.77657
-8.75	-98.75	228.104	1020.35	0.776444
-7.5	-100	228.011	1019.64	0.77638
-6.25	-101.25	227.877	1018.97	0.776365
-5	-102.5	227.709	1018.33	0.776391
-3.75	-103.75	227.515	1017.73	0.77645
-2.5	-105	227.3	1017.17	0.776536
-1.25	-106.25	227.071	1016.63	0.776644
0	-107.5	226.828	1016.12	0.776771
1.25	-108.75	226.578	1015.64	0.776911
2.5	-110	226.322	1015.19	0.777063
3.75	-111.25	226.061	1014.75	0.777224
5	-112.5	225.798	1014.34	0.777394
6.25	-113.75	225.535	1013.94	0.777566
7.5	-115	225.273	1013.57	0.777742
8.75	-116.25	225.015	1013.21	0.777919
10	-117.5	224.763	1012.87	0.778092
11.25	-118.75	224.516	1012.54	0.778265
12.5	-120	224.268	1012.23	0.778441
13.75	-121.25	224.022	1011.93	0.778619
15	-122.5	223.784	1011.64	0.778792
16.25	-123.75	223.551	1011.37	0.778961
17.5	-125	223.325	1011.1	0.779128
18.75	-126.25	223.103	1010.85	0.779292
20	-127.5	222.885	1010.61	0.779455
21.25	-128.75	222.673	1010.38	0.779614
22.5	-130	222.463	1010.15	0.779773
23.75	-131.25	222.257	1009.94	0.77993
25	-132.5	222.055	1009.73	0.780085
-103.75	-1.25	248.013	999.76	0.751927
-102.5	-2.5	277.785	999.496	0.722075
-101.25	-3.75	312.964	999.207	0.686788
-100	-5	343.475	998.889	0.656143
-98.75	-6.25	369.645	998.539	0.629814
-97.5	-7.5	391.245	998.154	0.608031
-96.25	-8.75	408.894	997.729	0.590176
-95	-10	422.966	997.26	0.575872
-93.75	-11.25	433.808	996.741	0.564774
-92.5	-12.5	441.716	996.167	0.556584
-91.25	-13.75	447.006	995.53	0.550987
-90	-15	450.058	994.822	0.547599
-88.75	-16.25	451.373	994.035	0.545918
-87.5	-17.5	451.281	993.159	0.545611
-86.25	-18.75	450.113	992.18	0.54634
-85	-20	448.138	991.087	0.547832
-83.75	-21.25	445.592	989.862	0.549845
-82.5	-22.5	442.663	988.489	0.552182
-81.25	-23.75	439.463	986.945	0.554725
-80	-25	436.007	985.209	0.557447
-78.75	-26.25	432.314	983.252	0.560323
-77.5	-27.5	428.414	981.045	0.563309
-76.25	-28.75	424.248	978.553	0.566453
-75	-30	419.692	975.737	0.569872
-73.75	-31.25	414.696	972.558	0.573602
-72.5	-32.5	409.195	968.971	0.577701
-71.25	-33.75	403.112	964.933	0.582238
-70	-35	396.364	960.406	0.587295
-68.75	-36.25	388.887	955.362	0.592943
-67.5	-37.5	380.668	949.796	0.599211
-66.25	-38.75	371.775	943.74	0.606062
-65	-40	362.345	937.288	0.613411
-63.75	-41.25	352.625	930.627	0.621089
-62.5	-42.5	342.966	924.077	0.628856
-61.25	-43.75	333.742	918.127	0.636496
-60	-45	325.146	913.463	0.644052
-58.75	-46.25	317.241	910.956	0.65175
-57.5	-47.5	310.051	911.574	0.659873
-56.25	-48.75	303.49	916.201	0.668752
-55	-50	297.429	925.373	0.678584
-53.75	-51.25	291.784	939.006	0.689263
-52.5	-52.5	286.426	956.256	0.700472
-51.25	-53.75	281.307	975.623	0.711664
-50	-55	276.409	995.291	0.722284
-48.75	-56.25	271.676	1013.57	0.731962
-47.5	-57.5	267.041	1029.25	0.740546
-46.25	-58.75	262.507	1041.69	0.748
-45	-60	258.048	1050.84	0.754437
-43.75	-61.25	253.657	1056.99	0.76002
-42.5	-62.5	249.324	1060.62	0.764927
-41.25	-63.75	245.059	1062.28	0.769309
-40	-65	240.867	1062.47	0.773296
-38.75	-66.25	236.797	1061.62	0.776947
-37.5	-67.5	232.896	1060.05	0.780298
-36.25	-68.75	229.234	1058.04	0.78334
-35	-70	225.909	1055.76	0.786022
-33.75	-71.25	223.046	1053.36	0.788253
-32.5	-72.5	220.742	1050.92	0.789954
-31.25	-73.75	219.058	1048.51	0.791077
-30	-75	218.003	1046.17	0.791619
-28.75	-76.25	217.545	1043.93	0.791609
-27.5	-77.5	217.643	1041.79	0.791088
-26.25	-78.75	218.197	1039.78	0.79015
-25	-80	219.085	1037.87	0.78891
-23.75	-81.25	220.192	1036.09	0.787478
-22.5	-82.5	221.449	1034.42	0.785919
-21.25	-83.75	222.766	1032.85	0.784319
-20	-85	224.068	1031.38	0.78275
-18.75	-86.25	225.294	1030.01	0.78127
-17.5	-87.5	226.365	1028.73	0.779956
-16.25	-88.75	227.253	1027.53	0.778835
-15	-90	227.95	1026.4	0.777913
-13.75	-91.25	228.465	1025.35	0.777182
-12.5	-92.5	228.82	1024.36	0.776621
-11.25	-93.75	229.046	1023.43	0.776197
-10	-95	229.166	1022.56	0.775889
-8.75	-96.25	229.201	1021.73	0.775674
-7.5	-97.5	229.17	1020.96	0.775535
-6.25	-98.75	229.084	1020.23	0.775459
-5	-100	228.956	1019.55	0.775433
-3.75	-101.25	228.794	1018.9	0.77545
-2.5	-102.5	228.604	1018.28	0.775501
-1.25	-103.75	228.393	1017.7	0.77558
0	-105	228.167	1017.15	0.775681
1.25	-106.25	227.927	1016.63	0.775802
2.5	-107.5	227.679	1016.14	0.775937
3.75	-108.75	227.424	1015.67	0.776084
5	-110	227.164	1015.22	0.776242
6.25	-111.25	226.901	1014.8	0.776408
7.5	-112.5	226.639	1014.39	0.776577
8.75	-113.75	226.376	1014.01	0.77675
10	-115	226.118	1013.64	0.776925
11.25	-116.25	225.866	1013.29	0.777096
12.5	-117.5	225.617	1012.95	0.777267
13.75	-118.75	225.369	1012.63	0.777442
15	-120	225.121	1012.32	0.777619
16.25	-121.25	224.882	1012.03	0.777791
17.5	-122.5	224.648	1011.75	0.77796
18.75	-123.75	224.42	1011.48	0.778126
20	-125	224.197	1011.22	0.77829
21.25	-126.25	223.977	1010.97	0.778453
22.5	-127.5	223.763	1010.73	0.778612
23.75	-128.75	223.551	1010.5	0.778771
25	-130	223.342	1010.28	0.778929
26.25	-131.25	223.139	1010.06	0.779084
-101.25	-1.25	238.2	999.736	0.761738
-100	-2.5	277.761	999.446	0.722085
-98.75	-3.75	312.539	999.127	0.687188
-97.5	-5	343.016	998.776	0.656563
-96.25	-6.25	368.161	998.388	0.631244
-95	-7.5	389.142	997.96	0.610063
-93.75	-8.75	406.313	997.487	0.592664
-92.5	-10	420	996.964	0.578721
-91.25	-11.25	430.435	996.384	0.568003
-90	-12.5	437.901	995.74	0.560226
-88.75	-13.75	442.794	995.024	0.554992
-87.5	-15	445.647	994.227	0.551765
-86.25	-16.25	446.822	993.339	0.550182
-85	-17.5	446.689	992.347	0.549866
-83.75	-18.75	445.553	991.236	0.550508
-82.5	-20	443.687	989.992	0.551827
-81.25	-21.25	441.313	988.595	0.553596
-80	-22.5	438.568	987.024	0.555667
-78.75	-23.75	435.488	985.255	0.557995
-77.5	-25	432.107	983.26	0.560536
-76.25	-26.25	428.476	981.007	0.563228
-75	-27.5	424.543	978.461	0.566112
-73.75	-28.75	420.187	975.582	0.569297
-72.5	-30	415.366	972.328	0.572813
-71.25	-31.25	410.018	968.653	0.576713
-70	-32.5	404.071	964.511	0.581062
-68.75	-33.75	397.439	959.863	0.585942
-67.5	-35	390.058	954.677	0.591424
-66.25	-36.25	381.912	948.945	0.59754
-65	-37.5	373.071	942.699	0.604252
-63.75	-38.75	363.671	936.032	0.611476
-62.5	-40	353.961	929.132	0.619041
-61.25	-41.25	344.298	922.324	0.626706
-60	-42.5	335.064	916.109	0.634254
-58.75	-43.75	326.452	911.189	0.641729
-57.5	-45	318.533	908.462	0.649371
-56.25	-46.25	311.331	908.925	0.657474
-55	-47.5	304.76	913.498	0.666381
-53.75	-48.75	298.691	922.743	0.676301
-52.5	-50	293.036	936.589	0.687124
-51.25	-51.25	287.667	954.182	0.69852
-50	-52.5	282.535	973.992	0.70992
-48.75	-53.75	277.622	994.157	0.720746
-47.5	-55	272.872	1012.94	0.730614
-46.25	-56.25	268.216	1029.08	0.739364
-45	-57.5	263.657	1041.94	0.746955
-43.75	-58.75	259.169	1051.42	0.753505
-42.5	-60	254.746	1057.82	0.759179
-41.25	-61.25	250.378	1061.65	0.764161
-40	-62.5	246.074	1063.44	0.768607
-38.75	-63.75	241.838	1063.72	0.772648
-37.5	-65	237.723	1062.91	0.776347
-36.25	-66.25	233.777	1061.37	0.779741
-35	-67.5	230.069	1059.36	0.782822
-33.75	-68.75	226.7	1057.07	0.785539
-32.5	-70	223.797	1054.64	0.787798
-31.25	-71.25	221.461	1052.17	0.78952
-30	-72.5	219.754	1049.73	0.790657
-28.75	-73.75	218.685	1047.35	0.791203
-27.5	-75	218.223	1045.07	0.791188
-26.25	-76.25	218.326	1042.9	0.790655
-25	-77.5	218.894	1040.84	0.789696
-23.75	-78.75	219.802	1038.91	0.78843
-22.5	-80	220.932	1037.08	0.786968
-21.25	-81.25	222.216	1035.38	0.785376
-20	-82.5	223.562	1033.78	0.783742
-18.75	-83.75	224.894	1032.28	0.782138
-17.5	-85	226.15	1030.88	0.780623
-16.25	-86.25	227.248	1029.56	0.779277
-15	-87.5	228.161	1028.33	0.778125
-13.75	-88.75	228.881	1027.18	0.777176
-12.5	-90	229.416	1026.1	0.77642
-11.25	-91.25	229.789	1025.09	0.775836
-10	-92.5	230.03	1024.14	0.775392
-8.75	-93.75	230.163	1023.24	0.775066
-7.5	-95	230.209	1022.4	0.774835
-6.25	-96.25	230.188	1021.61	0.774682
-5	-97.5	230.11	1020.86	0.774592
-3.75	-98.75	229.99	1020.16	0.774555
-2.5	-100	229.834	1019.49	0.774561
-1.25	-101.25	229.65	1018.86	0.774602
0	-102.5	229.444	1018.27	0.774673
1.25	-103.75	229.221	1017.7	0.774767
2.5	-105	228.984	1017.17	0.774881
3.75	-106.25	228.739	1016.66	0.77501
5	-107.5	228.486	1016.18	0.775151
6.25	-108.75	228.228	1015.72	0.775304
7.5	-110	227.966	1015.28	0.775466
8.75	-111.25	227.705	1014.87	0.775631
10	-112.5	227.443	1014.47	0.775801
11.25	-113.75	227.185	1014.09	0.775972
12.5	-115	226.933	1013.73	0.776141
13.75	-116.25	226.684	1013.38	0.77631
15	-117.5	226.436	1013.05	0.776482
16.25	-118.75	226.187	1012.74	0.776658
17.5	-120	225.947	1012.44	0.776828
18.75	-121.25	225.712	1012.15	0.776996
20	-122.5	225.483	1011.87	0.777161
21.25	-123.75	225.259	1011.6	0.777324
22.5	-125	225.038	1011.34	0.777486
23.75	-126.25	224.822	1011.1	0.777645
25	-127.5	224.609	1010.86	0.777804
26.25	-128.75	224.399	1010.63	0.777962
27.5	-130	224.194	1010.41	0.778117
-98.75	-1.25	246.93	999.71	0.752998
-97.5	-2.5	278.112	999.39	0.721719
-96.25	-3.75	312.608	999.037	0.687091
-95	-5	341.576	998.647	0.657962
-93.75	-6.25	366.161	998.217	0.633185
-92.5	-7.5	386.654	997.741	0.612471
-91.25	-8.75	403.465	997.213	0.595407
-90	-10	416.743	996.627	0.581847
-88.75	-11.25	426.708	995.977	0.571569
-87.5	-12.5	433.747	995.253	0.564184
-86.25	-13.75	438.416	994.446	0.559135
-85	-15	441.099	993.546	0.556035
-83.75	-16.25	442.205	992.54	0.554471
-82.5	-17.5	442.076	991.412	0.554095
-81.25	-18.75	441.026	990.148	0.554586
-80	-20	439.315	988.727	0.555677
-78.75	-21.25	437.111	987.128	0.557189
-77.5	-22.5	434.475	985.326	0.559054
-76.25	-23.75	431.462	983.291	0.561206
-75	-25	428.142	980.991	0.563562
-73.75	-26.25	424.476	978.39	0.566148
-72.5	-27.5	420.348	975.445	0.569071
-71.25	-28.75	415.724	972.113	0.57235
-70	-30	410.551	968.346	0.576029
-68.75	-31.25	404.756	964.096	0.58017
-67.5	-32.5	398.257	959.32	0.584855
-66.25	-33.75	390.986	953.984	0.590155
-65	-35	382.927	948.079	0.596102
-63.75	-36.25	374.15	941.633	0.602658
-62.5	-37.5	364.792	934.737	0.609739
-61.25	-38.75	355.103	927.584	0.617174
-60	-40	345.446	920.502	0.62472
-58.75	-41.25	336.209	914.003	0.632158
-57.5	-42.5	327.591	908.809	0.639538
-56.25	-43.75	319.665	905.841	0.647107
-55	-45	312.457	906.134	0.655175
-53.75	-46.25	305.884	910.64	0.664101
-52.5	-47.5	299.811	919.953	0.674101
-51.25	-48.75	294.154	934.014	0.685065
-50	-50	288.78	951.962	0.696647
-48.75	-51.25	283.641	972.232	0.708258
-47.5	-52.5	278.718	992.917	0.719294
-46.25	-53.75	273.956	1012.23	0.729354
-45	-55	269.283	1028.86	0.738271
-43.75	-56.25	264.703	1042.15	0.746003
-42.5	-57.5	260.191	1051.98	0.752666
-41.25	-58.75	255.74	1058.66	0.758432
-40	-60	251.339	1062.69	0.763488
-38.75	-61.25	246.999	1064.63	0.767995
-37.5	-62.5	242.724	1065	0.77209
-36.25	-63.75	238.567	1064.25	0.775835
-35	-65	234.577	1062.73	0.779271
-33.75	-66.25	230.825	1060.73	0.78239
-32.5	-67.5	227.414	1058.43	0.785139
-31.25	-68.75	224.474	1055.98	0.787425
-30	-70	222.107	1053.48	0.789168
-28.75	-71.25	220.378	1051	0.790317
-27.5	-72.5	219.296	1048.59	0.790866
-26.25	-73.75	218.832	1046.27	0.790846
-25	-75	218.941	1044.06	0.790298
-23.75	-76.25	219.523	1041.96	0.789318
-22.5	-77.5	220.451	1039.99	0.788025
-21.25	-78.75	221.606	1038.13	0.786533
-20	-80	222.918	1036.38	0.784908
-18.75	-81.25	224.295	1034.75	0.783238
-17.5	-82.5	225.658	1033.22	0.781597
-16.25	-83.75	226.944	1031.78	0.780047
-15	-85	228.071	1030.44	0.778667
-13.75	-86.25	229.01	1029.18	0.777484
-12.5	-87.5	229.754	1028	0.776505
-11.25	-88.75	230.31	1026.9	0.775723
-10	-90	230.701	1025.86	0.775115
-8.75	-91.25	230.958	1024.89	0.77465
-7.5	-92.5	231.106	1023.97	0.774304
-6.25	-93.75	231.165	1023.11	0.774056
-5	-95	231.154	1022.29	0.773887
-3.75	-96.25	231.086	1021.53	0.773784
-2.5	-97.5	230.974	1020.81	0.773733
-1.25	-98.75	230.825	1020.12	0.773728
0	-100	230.648	1019.48	0.773759
1.25	-101.25	230.447	1018.86	0.773819
2.5	-102.5	230.229	1018.28	0.773905
3.75	-103.75	229.996	1017.73	0.774011
5	-105	229.755	1017.21	0.774133
6.25	-106.25	229.506	1016.72	0.774268
7.5	-107.5	229.25	1016.24	0.774415
8.75	-108.75	228.99	1015.8	0.774571
10	-110	228.73	1015.37	0.774732
11.25	-111.25	228.47	1014.96	0.774898
12.5	-112.5	228.212	1014.57	0.775065
13.75	-113.75	227.962	1014.2	0.77523
15	-115	227.714	1013.84	0.775396
16.25	-116.25	227.465	1013.5	0.775566
17.5	-117.5	227.217	1013.18	0.775738
18.75	-118.75	226.977	1012.87	0.775907
20	-120	226.742	1012.57	0.776073
21.25	-121.25	226.512	1012.28	0.776236
22.5	-122.5	226.287	1012.01	0.776398
23.75	-123.75	226.066	1011.74	0.776558
25	-125	225.849	1011.49	0.776716
26.25	-126.25	225.636	1011.25	0.776874
27.5	-127.5	225.424	1011.01	0.777031
28.75	-128.75	225.218	1010.78	0.777185
-96.25	-1.25	244.465	999.68	0.755456
-95	-2.5	279.163	999.326	0.720649
-93.75	-3.75	311.057	998.935	0.688611
-92.5	-5	339.734	998.502	0.659756
-91.25	-6.25	363.792	998.023	0.635487
-90	-7.5	383.958	997.491	0.615076
-88.75	-8.75	400.362	996.9	0.598393
-87.5	-10	413.137	996.243	0.585305
-86.25	-11.25	422.643	995.512	0.575451
-85	-12.5	429.434	994.695	0.568276
-83.75	-13.75	433.9	993.783	0.563386
-82.5	-15	436.481	992.763	0.560337
-81.25	-16.25	437.558	991.619	0.558744
-80	-17.5	437.488	990.334	0.558242
-78.75	-18.75	436.573	988.889	0.558522
-77.5	-20	435.017	987.261	0.55937
-76.25	-21.25	432.91	985.425	0.560687
-75	-22.5	430.33	983.349	0.562383
-73.75	-23.75	427.375	981.001	0.564348
-72.5	-25	424.017	978.342	0.566596
-71.25	-26.25	420.151	975.329	0.569221
-70	-27.5	415.752	971.916	0.572234
-68.75	-28.75	410.776	968.053	0.575668
-67.5	-30	405.154	963.69	0.579581
-66.25	-31.25	398.804	958.78	0.58405
-65	-32.5	391.659	953.288	0.589149
-63.75	-33.75	383.702	947.199	0.594909
-62.5	-35	375.003	940.541	0.60129
-61.25	-36.25	365.698	933.404	0.60821
-60	-37.5	356.042	925.981	0.615498
-58.75	-38.75	346.4	918.607	0.622907
-57.5	-40	337.169	911.804	0.630217
-56.25	-41.25	328.554	906.313	0.637483
-55	-42.5	320.627	903.086	0.644965
-53.75	-43.75	313.422	903.189	0.652983
-52.5	-45	306.852	907.616	0.661914
-51.25	-46.25	300.784	916.99	0.671988
-50	-47.5	295.13	931.269	0.683088
-48.75	-48.75	289.757	949.581	0.694858
-47.5	-50	284.616	970.33	0.706681
-46.25	-51.25	279.689	991.559	0.71793
-45	-52.5	274.92	1011.43	0.728186
-43.75	-53.75	270.235	1028.58	0.737274
-42.5	-55	265.64	1042.32	0.745146
-41.25	-56.25	261.108	1052.53	0.751924
-40	-57.5	256.632	1059.51	0.757781
-38.75	-58.75	252.203	1063.76	0.762912
-37.5	-60	247.831	1065.85	0.76748
-36.25	-61.25	243.519	1066.32	0.771627
-35	-62.5	239.323	1065.63	0.775417
-33.75	-63.75	235.292	1064.15	0.778892
-32.5	-65	231.498	1062.15	0.782047
-31.25	-66.25	228.047	1059.84	0.784828
-30	-67.5	225.071	1057.37	0.78714
-28.75	-68.75	222.675	1054.84	0.788902
-27.5	-70	220.926	1052.33	0.790061
-26.25	-71.25	219.832	1049.88	0.790612
-25	-72.5	219.366	1047.52	0.790586
-23.75	-73.75	219.483	1045.27	0.790023
-22.5	-75	220.08	1043.14	0.789021
-21.25	-76.25	221.029	1041.12	0.787701
-20	-77.5	222.21	1039.22	0.786177
-18.75	-78.75	223.552	1037.44	0.784517
-17.5	-80	224.959	1035.77	0.78281
-16.25	-81.25	226.354	1034.21	0.781133
-15	-82.5	227.672	1032.74	0.779546
-13.75	-83.75	228.829	1031.37	0.778131
-12.5	-85	229.796	1030.08	0.776914
-11.25	-86.25	230.564	1028.87	0.775906
-10	-87.5	231.143	1027.74	0.775095
-8.75	-88.75	231.554	1026.67	0.774462
-7.5	-90	231.829	1025.67	0.773974
-6.25	-91.25	231.991	1024.73	0.773609
-5	-92.5	232.064	1023.85	0.773342
-3.75	-93.75	232.066	1023.02	0.773155
-2.5	-95	232.009	1022.23	0.773037
-1.25	-96.25	231.906	1021.49	0.772972
0	-97.5	231.766	1020.79	0.772954
1.25	-98.75	231.595	1020.12	0.772973
2.5	-100	231.402	1019.49	0.773023
3.75	-101.25	231.189	1018.9	0.773099
5	-102.5	230.962	1018.33	0.773196
6.25	-103.75	230.724	1017.8	0.77331
7.5	-105	230.479	1017.29	0.773437
8.75	-106.25	230.227	1016.8	0.773578
10	-107.5	229.969	1016.34	0.773728
11.25	-108.75	229.712	1015.9	0.773883
12.5	-110	229.454	1015.48	0.774043
13.75	-111.25	229.199	1015.08	0.774206
15	-112.5	228.949	1014.7	0.774366
16.25	-113.75	228.703	1014.33	0.774528
17.5	-115	228.456	1013.98	0.774694
18.75	-116.25	228.208	1013.65	0.774864
20	-117.5	227.968	1013.32	0.775029
21.25	-118.75	227.734	1013.02	0.775193
22.5	-120	227.504	1012.72	0.775353
23.75	-121.25	227.279	1012.44	0.775513
25	-122.5	227.058	1012.17	0.775671
26.25	-123.75	226.841	1011.9	0.775827
27.5	-125	226.627	1011.65	0.775984
28.75	-126.25	226.415	1011.41	0.77614
30	-127.5	226.208	1011.18	0.776293
-93.75	-1.25	248.857	999.646	0.751055
-92.5	-2.5	276.171	999.254	0.723623
-91.25	-3.75	309.538	998.819	0.690096
-90	-5	337.679	998.337	0.661758
-88.75	-6.25	361.464	997.802	0.63774
-87.5	-7.5	381.224	997.206	0.617708
-86.25	-8.75	397.068	996.543	0.601554
-85	-10	409.336	995.804	0.58894
-83.75	-11.25	418.553	994.978	0.579335
-82.5	-12.5	425.093	994.055	0.572364
-81.25	-13.75	429.411	993.02	0.56757
-80	-15	431.919	991.859	0.564536
-78.75	-16.25	433.016	990.554	0.562854
-77.5	-17.5	433.05	989.085	0.562171
-76.25	-18.75	432.265	987.428	0.562231
-75	-20	430.783	985.556	0.562903
-73.75	-21.25	428.714	983.438	0.564067
-72.5	-22.5	426.182	981.041	0.565582
-71.25	-23.75	423.18	978.322	0.567443
-70	-25	419.612	975.239	0.569734
-68.75	-26.25	415.467	971.742	0.572451
-67.5	-27.5	410.71	967.779	0.575616
-66.25	-28.75	405.281	963.297	0.579278
-65	-30	399.098	958.247	0.583512
-63.75	-31.25	392.094	952.589	0.588391
-62.5	-32.5	384.252	946.307	0.593946
-61.25	-33.75	375.642	939.425	0.600136
-60	-35	366.402	932.032	0.606879
-58.75	-36.25	356.787	924.323	0.614002
-57.5	-37.5	347.169	916.636	0.621257
-56.25	-38.75	337.952	909.507	0.628423
-55	-40	329.345	903.697	0.635558
-53.75	-41.25	321.425	900.186	0.642934
-52.5	-42.5	314.228	900.08	0.650888
-51.25	-43.75	307.668	904.412	0.659814
-50	-45	301.61	913.839	0.669953
-48.75	-46.25	295.965	928.337	0.681188
-47.5	-47.5	290.599	947.025	0.693146
-46.25	-48.75	285.461	968.273	0.705185
-45	-50	280.535	990.071	0.716651
-43.75	-51.25	275.763	1010.52	0.727108
-42.5	-52.5	271.072	1028.22	0.736369
-41.25	-53.75	266.465	1042.45	0.744385
-40	-55	261.918	1053.06	0.751279
-38.75	-56.25	257.422	1060.35	0.757229
-37.5	-57.5	252.969	1064.83	0.762434
-36.25	-58.75	248.567	1067.09	0.767062
-35	-60	244.222	1067.68	0.771259
-33.75	-61.25	239.989	1067.06	0.775093
-32.5	-62.5	235.919	1065.61	0.778607
-31.25	-63.75	232.087	1063.63	0.781797
-30	-65	228.598	1061.31	0.784608
-28.75	-66.25	225.588	1058.82	0.786945
-27.5	-67.5	223.164	1056.27	0.788724
-26.25	-68.75	221.395	1053.72	0.789893
-25	-70	220.292	1051.24	0.790445
-23.75	-71.25	219.824	1048.84	0.790411
-22.5	-72.5	219.949	1046.54	0.789833
-21.25	-73.75	220.562	1044.37	0.788808
-20	-75	221.534	1042.31	0.787458
-18.75	-76.25	222.742	1040.38	0.785902
-17.5	-77.5	224.114	1038.56	0.784206
-16.25	-78.75	225.553	1036.85	0.782463
-15	-80	226.981	1035.25	0.780747
-13.75	-81.25	228.331	1033.75	0.779122
-12.5	-82.5	229.52	1032.34	0.777671
-11.25	-83.75	230.516	1031.02	0.77642
-10	-85	231.31	1029.78	0.77538
-8.75	-86.25	231.913	1028.62	0.774541
-7.5	-87.5	232.344	1027.53	0.773881
-6.25	-88.75	232.638	1026.51	0.773369
-5	-90	232.817	1025.54	0.772981
-3.75	-91.25	232.905	1024.63	0.772695
-2.5	-92.5	232.92	1023.78	0.77249
-1.25	-93.75	232.875	1022.97	0.772354
0	-95	232.783	1022.21	0.772275
1.25	-96.25	232.652	1021.49	0.772242
2.5	-97.5	232.49	1020.81	0.772248
3.75	-98.75	232.304	1020.16	0.772287
5	-100	232.098	1019.55	0.772351
6.25	-101.25	231.877	1018.97	0.772439
7.5	-102.5	231.645	1018.41	0.772543
8.75	-103.75	231.405	1017.89	0.772662
10	-105	231.156	1017.39	0.772795
11.25	-106.25	230.903	1016.91	0.772938
12.5	-107.5	230.649	1016.46	0.773086
13.75	-108.75	230.394	1016.03	0.773241
15	-110	230.141	1015.62	0.773398
16.25	-111.25	229.894	1015.22	0.773553
17.5	-112.5	229.65	1014.85	0.77371
18.75	-113.75	229.404	1014.49	0.773872
20	-115	229.158	1014.14	0.774037
21.25	-116.25	228.919	1013.81	0.774199
22.5	-117.5	228.686	1013.49	0.774359
23.75	-118.75	228.457	1013.19	0.774516
25	-120	228.233	1012.9	0.774673
26.25	-121.25	228.012	1012.61	0.774829
27.5	-122.5	227.796	1012.34	0.774982
28.75	-123.75	227.582	1012.09	0.775136
30	-125	227.369	1011.84	0.77529
31.25	-126.25	227.162	1011.59	0.775441
-91.25	-1.25	236.089	999.607	0.763818
-90	-2.5	274.833	999.171	0.724939
-88.75	-3.75	307.582	998.687	0.692014
-87.5	-5	335.564	998.149	0.663814
-86.25	-6.25	359.006	997.549	0.640112
-85	-7.5	378.169	996.88	0.620647
-83.75	-8.75	393.483	996.134	0.60499
-82.5	-10	405.44	995.299	0.592645
-81.25	-11.25	414.371	994.364	0.583281
-80	-12.5	420.722	993.316	0.576447
-78.75	-13.75	424.924	992.138	0.571709
-77.5	-15	427.414	990.813	0.568623
-76.25	-16.25	428.585	989.318	0.566788
-75	-17.5	428.723	987.632	0.565908
-73.75	-18.75	427.989	985.724	0.565813
-72.5	-20	426.526	983.564	0.566346
-71.25	-21.25	424.494	981.115	0.567335
-70	-22.5	421.908	978.335	0.568749
-68.75	-23.75	418.685	975.178	0.570658
-67.5	-25	414.831	971.594	0.573041
-66.25	-26.25	410.323	967.527	0.575905
-65	-27.5	405.11	962.921	0.57929
-63.75	-28.75	399.115	957.724	0.583267
-62.5	-30	392.27	951.892	0.587905
-61.25	-31.25	384.557	945.406	0.593236
-60	-32.5	376.051	938.287	0.599216
-58.75	-33.75	366.886	930.622	0.605762
-57.5	-35	357.323	922.607	0.612702
-56.25	-36.25	347.739	914.586	0.619785
-55	-37.5	338.544	907.106	0.626787
-53.75	-38.75	329.952	900.951	0.633774
-52.5	-40	322.046	897.131	0.641027
-51.25	-41.25	314.864	896.793	0.6489
-50	-42.5	308.319	901.012	0.657808
-48.75	-43.75	302.277	910.484	0.668004
-47.5	-45	296.647	925.201	0.67937
-46.25	-46.25	291.293	944.276	0.691517
-45	-47.5	286.165	966.043	0.703776
-43.75	-48.75	281.246	988.436	0.715464
-42.5	-50	276.477	1009.5	0.726125
-41.25	-51.25	271.784	1027.78	0.735563
-40	-52.5	267.171	1042.52	0.743726
-38.75	-53.75	262.612	1053.56	0.750737
-37.5	-55	258.101	1061.18	0.75678
-36.25	-56.25	253.626	1065.92	0.762059
-35	-57.5	249.199	1068.37	0.766748
-33.75	-58.75	244.825	1069.08	0.770995
-32.5	-60	240.559	1068.54	0.774871
-31.25	-61.25	236.453	1067.13	0.778422
-30	-62.5	232.584	1065.16	0.781645
-28.75	-63.75	229.059	1062.84	0.784485
-27.5	-65	226.017	1060.34	0.786844
-26.25	-66.25	223.567	1057.76	0.78864
-25	-67.5	221.78	1055.18	0.789817
-23.75	-68.75	220.668	1052.65	0.79037
-22.5	-70	220.2	1050.21	0.790328
-21.25	-71.25	220.335	1047.88	0.789733
-20	-72.5	220.965	1045.66	0.788683
-18.75	-73.75	221.961	1043.56	0.787305
-17.5	-75	223.196	1041.59	0.785715
-16.25	-76.25	224.599	1039.73	0.783983
-15	-77.5	226.072	1037.98	0.782201
-13.75	-78.75	227.534	1036.34	0.780446
-12.5	-80	228.918	1034.81	0.778782
-11.25	-81.25	230.138	1033.37	0.777293
-10	-82.5	231.164	1032.02	0.776007
-8.75	-83.75	231.986	1030.75	0.774934
-7.5	-85	232.614	1029.56	0.774064
-6.25	-86.25	233.068	1028.44	0.773377
-5	-87.5	233.381	1027.39	0.77284
-3.75	-88.75	233.579	1026.4	0.772428
-2.5	-90	233.683	1025.46	0.77212
-1.25	-91.25	233.712	1024.58	0.771896
0	-92.5	233.68	1023.75	0.771742
1.25	-93.75	233.6	1022.97	0.771646
2.5	-95	233.48	1022.23	0.771598
3.75	-96.25	233.327	1021.53	0.77159
5	-97.5	233.15	1020.86	0.771615
6.25	-98.75	232.952	1020.23	0.771668
7.5	-100	232.738	1019.64	0.771744
8.75	-101.25	232.512	1019.07	0.771838
10	-102.5	232.278	1018.53	0.771948
11.25	-103.75	232.035	1018.01	0.772071
12.5	-105	231.786	1017.52	0.772206
13.75	-106.25	231.536	1017.06	0.772347
15	-107.5	231.285	1016.61	0.772494
16.25	-108.75	231.035	1016.19	0.772645
17.5	-110	230.791	1015.78	0.772794
18.75	-111.25	230.55	1015.39	0.772945
20	-112.5	230.307	1015.02	0.773102
21.25	-113.75	230.063	1014.66	0.773262
22.5	-115	229.826	1014.32	0.77342
23.75	-116.25	229.594	1014	0.773575
25	-117.5	229.367	1013.68	0.773729
26.25	-118.75	229.144	1013.38	0.773881
27.5	-120	228.924	1013.09	0.774034
28.75	-121.25	228.709	1012.81	0.774184
30	-122.5	228.496	1012.54	0.774335
31.25	-123.75	228.284	1012.29	0.774487
32.5	-125	228.078	1012.04	0.774635
-88.75	-1.25	247.724	999.563	0.752168
-87.5	-2.5	275.084	999.078	0.724662
-86.25	-3.75	306.115	998.537	0.693436
-85	-5	333.514	997.933	0.665795
-83.75	-6.25	356.214	997.259	0.642808
-82.5	-7.5	374.81	996.506	0.623876
-81.25	-8.75	389.785	995.663	0.608517
-80	-10	401.416	994.717	0.596452
-78.75	-11.25	410.114	993.655	0.587267
-77.5	-12.5	416.304	992.461	0.580534
-76.25	-13.75	420.446	991.115	0.575784
-75	-15	422.977	989.596	0.572576
-73.75	-16.25	424.226	987.879	0.570569
-72.5	-17.5	424.391	985.935	0.569555
-71.25	-18.75	423.656	983.731	0.569337
-70	-20	422.221	981.229	0.569702
-68.75	-21.25	420.126	978.386	0.570593
-67.5	-22.5	417.309	975.154	0.572059
-66.25	-23.75	413.792	971.478	0.574059
-65	-25	409.572	967.302	0.576583
-63.75	-26.25	404.607	962.567	0.579658
-62.5	-27.5	398.825	957.215	0.583349
-61.25	-28.75	392.159	951.2	0.587722
-60	-30	384.595	944.499	0.592805
-58.75	-31.25	376.207	937.128	0.598553
-57.5	-32.5	367.133	929.174	0.604883
-56.25	-33.75	357.634	920.832	0.611619
-55	-35	348.093	912.454	0.618509
-53.75	-36.25	338.928	904.598	0.625327
-52.5	-37.5	330.36	898.069	0.632144
-51.25	-38.75	322.475	893.912	0.639254
-50	-40	315.314	893.316	0.647029
-48.75	-41.25	308.793	897.402	0.655904
-47.5	-42.5	302.773	906.907	0.666148
-46.25	-43.75	297.165	921.843	0.67764
-45	-45	291.83	941.316	0.689977
-43.75	-46.25	286.717	963.622	0.702459
-42.5	-47.5	281.81	986.64	0.714374
-41.25	-48.75	277.05	1008.35	0.725244
-40	-50	272.36	1027.25	0.734864
-38.75	-51.25	267.746	1042.53	0.743176
-37.5	-52.5	263.181	1054.02	0.750307
-36.25	-53.75	258.658	1062.01	0.756444
-35	-55	254.168	1067.02	0.761797
-33.75	-56.25	249.719	1069.67	0.766545
-32.5	-57.5	245.319	1070.51	0.77084
-31.25	-58.75	241.023	1070.06	0.774758
-30	-60	236.885	1068.71	0.778344
-28.75	-61.25	232.982	1066.76	0.781598
-27.5	-62.5	229.424	1064.44	0.784465
-26.25	-63.75	226.352	1061.92	0.786846
-25	-65	223.878	1059.31	0.788657
-23.75	-66.25	222.074	1056.7	0.789842
-22.5	-67.5	220.954	1054.14	0.790393
-21.25	-68.75	220.489	1051.65	0.790341
-20	-70	220.633	1049.28	0.789729
-18.75	-71.25	221.282	1047.02	0.788655
-17.5	-72.5	222.302	1044.88	0.787246
-16.25	-73.75	223.566	1042.86	0.785622
-15	-75	225.001	1040.96	0.783852
-13.75	-76.25	226.508	1039.17	0.78203
-12.5	-77.5	228.006	1037.5	0.780235
-11.25	-78.75	229.425	1035.93	0.778532
-10	-80	230.678	1034.45	0.777004
-8.75	-81.25	231.736	1033.07	0.775681
-7.5	-82.5	232.587	1031.77	0.774574
-6.25	-83.75	233.24	1030.54	0.773673
-5	-85	233.718	1029.4	0.772956
-3.75	-86.25	234.053	1028.32	0.772392
-2.5	-87.5	234.27	1027.3	0.771956
-1.25	-88.75	234.391	1026.34	0.771625
0	-90	234.436	1025.44	0.771379
1.25	-91.25	234.419	1024.58	0.771206
2.5	-92.5	234.352	1023.78	0.771091
3.75	-93.75	234.243	1023.02	0.771027
5	-95	234.102	1022.29	0.771003
6.25	-96.25	233.934	1021.61	0.771014
7.5	-97.5	233.746	1020.96	0.771054
8.75	-98.75	233.539	1020.35	0.771118
10	-100	233.321	1019.76	0.7712
11.25	-101.25	233.093	1019.21	0.771299
12.5	-102.5	232.856	1018.68	0.771413
13.75	-103.75	232.613	1018.17	0.771538
15	-105	232.369	1017.69	0.77167
16.25	-106.25	232.122	1017.23	0.77181
17.5	-107.5	231.877	1016.79	0.771953
18.75	-108.75	231.637	1016.37	0.772095
20	-110	231.399	1015.97	0.772239
21.25	-111.25	231.159	1015.59	0.772389
22.5	-112.5	230.918	1015.22	0.772544
23.75	-113.75	230.684	1014.87	0.772696
25	-115	230.455	1014.53	0.772846
26.25	-116.25	230.23	1014.21	0.772995
27.5	-117.5	230.009	1013.9	0.773143
28.75	-118.75	229.791	1013.6	0.773292
30	-120	229.578	1013.31	0.773438
31.25	-121.25	229.365	1013.03	0.773585
32.5	-122.5	229.155	1012.77	0.773734
33.75	-123.75	228.95	1012.51	0.773879
-86.25	-1.25	244.13	999.513	0.755751
-85	-2.5	273.087	998.97	0.726631
-83.75	-3.75	304.112	998.364	0.69539
-82.5	-5	330.77	997.686	0.668463
-81.25	-6.25	353	996.927	0.645912
-80	-7.5	371.277	996.075	0.62726
-78.75	-8.75	385.917	995.119	0.61219
-77.5	-10	397.29	994.044	0.60033
-76.25	-11.25	405.789	992.833	0.591282
-75	-12.5	411.88	991.467	0.584575
-73.75	-13.75	416.032	989.923	0.579733
-72.5	-15	418.613	988.176	0.576378
-71.25	-16.25	419.861	986.195	0.574262
-70	-17.5	420.003	983.947	0.573144
-68.75	-18.75	419.285	981.391	0.572765
-67.5	-20	417.776	978.483	0.573037
-66.25	-21.25	415.438	975.172	0.573985
-65	-22.5	412.317	971.402	0.575544
-63.75	-23.75	408.43	967.112	0.57768
-62.5	-25	403.75	962.241	0.580407
-61.25	-26.25	398.211	956.726	0.583778
-60	-27.5	391.75	950.519	0.587857
-58.75	-28.75	384.354	943.59	0.592668
-57.5	-30	376.103	935.952	0.59816
-56.25	-31.25	367.133	927.69	0.60425
-55	-32.5	357.71	919	0.610761
-53.75	-33.75	348.223	910.237	0.617437
-52.5	-35	339.098	901.975	0.62405
-51.25	-36.25	330.562	895.041	0.630674
-50	-37.5	322.705	890.515	0.63762
-48.75	-38.75	315.572	889.632	0.645278
-47.5	-40	309.08	893.563	0.654104
-46.25	-41.25	303.089	903.087	0.664385
-45	-42.5	297.509	918.241	0.676001
-43.75	-43.75	292.199	938.123	0.688528
-42.5	-45	287.107	960.99	0.701238
-41.25	-46.25	282.219	984.663	0.713385
-40	-47.5	277.473	1007.05	0.724471
-38.75	-48.75	272.792	1026.6	0.734276
-37.5	-50	268.182	1042.46	0.742741
-36.25	-51.25	263.616	1054.44	0.749993
-35	-52.5	259.087	1062.81	0.756225
-33.75	-53.75	254.585	1068.13	0.761652
-32.5	-55	250.12	1070.99	0.766459
-31.25	-56.25	245.697	1071.99	0.770802
-30	-57.5	241.375	1071.63	0.774759
-28.75	-58.75	237.208	1070.34	0.77838
-27.5	-60	233.274	1068.41	0.781663
-26.25	-61.25	229.685	1066.1	0.784556
-25	-62.5	226.586	1063.57	0.786957
-23.75	-63.75	224.09	1060.94	0.788781
-22.5	-65	222.271	1058.29	0.789971
-21.25	-66.25	221.145	1055.69	0.79052
-20	-67.5	220.682	1053.17	0.790459
-18.75	-68.75	220.839	1050.75	0.789827
-17.5	-70	221.508	1048.45	0.788728
-16.25	-71.25	222.553	1046.26	0.787288
-15	-72.5	223.846	1044.2	0.785629
-13.75	-73.75	225.315	1042.26	0.783821
-12.5	-75	226.857	1040.43	0.781959
-11.25	-76.25	228.391	1038.72	0.780122
-10	-77.5	229.846	1037.11	0.778378
-8.75	-78.75	231.135	1035.59	0.77681
-7.5	-80	232.225	1034.17	0.775449
-6.25	-81.25	233.106	1032.84	0.774306
-5	-82.5	233.787	1031.59	0.773372
-3.75	-83.75	234.29	1030.41	0.772625
-2.5	-85	234.648	1029.3	0.772032
-1.25	-86.25	234.885	1028.25	0.771569
0	-87.5	235.025	1027.27	0.771214
1.25	-88.75	235.088	1026.34	0.770946
2.5	-90	235.086	1025.46	0.770752
3.75	-91.25	235.033	1024.63	0.770618
5	-92.5	234.938	1023.85	0.770535
6.25	-93.75	234.808	1023.11	0.770495
7.5	-95	234.652	1022.4	0.77049
8.75	-96.25	234.473	1021.73	0.770515
10	-97.5	234.276	1021.1	0.770565
11.25	-98.75	234.067	1020.5	0.770635
12.5	-100	233.847	1019.92	0.770722
13.75	-101.25	233.617	1019.38	0.770824
15	-102.5	233.38	1018.86	0.770939
16.25	-103.75	233.142	1018.36	0.771062
17.5	-105	232.901	1017.89	0.771192
18.75	-106.25	232.661	1017.44	0.771326
20	-107.5	232.426	1017	0.77146
21.25	-108.75	232.192	1016.59	0.771597
22.5	-110	231.957	1016.19	0.77174
23.75	-111.25	231.719	1015.82	0.771888
25	-112.5	231.489	1015.45	0.772034
26.25	-113.75	231.263	1015.1	0.772178
27.5	-115	231.041	1014.77	0.772321
28.75	-116.25	230.823	1014.45	0.772464
30	-117.5	230.607	1014.14	0.772607
31.25	-118.75	230.396	1013.84	0.772749
32.5	-120	230.186	1013.55	0.772892
33.75	-121.25	229.978	1013.28	0.773036
35	-122.5	229.774	1013.01	0.773178
-83.75	-1.25	243.696	999.456	0.756171
-82.5	-2.5	272.317	998.847	0.727368
-81.25	-3.75	301.968	998.166	0.697477
-80	-5	328.238	997.401	0.670907
-78.75	-6.25	350.026	996.542	0.64876
-77.5	-7.5	367.88	995.577	0.630486
-76.25	-8.75	382.181	994.489	0.615701
-75	-10	393.279	993.262	0.604053
-73.75	-11.25	401.608	991.876	0.595103
-72.5	-12.5	407.655	990.308	0.588356
-71.25	-13.75	411.81	988.53	0.583412
-70	-15	414.346	986.512	0.579989
-68.75	-16.25	415.534	984.218	0.577802
-67.5	-17.5	415.669	981.607	0.576542
-66.25	-18.75	414.855	978.631	0.576086
-65	-20	413.081	975.239	0.576431
-63.75	-21.25	410.422	971.371	0.577482
-62.5	-22.5	406.919	966.963	0.579178
-61.25	-23.75	402.563	961.949	0.581514
-60	-25	397.298	956.265	0.584531
-58.75	-26.25	391.067	949.854	0.588287
-57.5	-27.5	383.859	942.683	0.592801
-56.25	-28.75	375.761	934.762	0.598015
-55	-30	366.909	926.172	0.603844
-53.75	-31.25	357.572	917.109	0.610109
-52.5	-32.5	348.146	907.934	0.616551
-51.25	-33.75	339.067	899.233	0.622937
-50	-35	330.568	891.859	0.629349
-48.75	-36.25	322.744	886.929	0.636111
-47.5	-37.5	315.645	885.726	0.643632
-46.25	-38.75	309.187	889.476	0.652394
-45	-40	303.23	899.004	0.662704
-43.75	-41.25	297.684	914.372	0.674439
-42.5	-42.5	292.403	934.673	0.68716
-41.25	-43.75	287.338	958.125	0.700104
-40	-45	282.473	982.484	0.712491
-38.75	-46.25	277.747	1005.59	0.723798
-37.5	-47.5	273.08	1025.83	0.733796
-36.25	-48.75	268.479	1042.3	0.742417
-35	-50	263.917	1054.8	0.749794
-33.75	-51.25	259.386	1063.59	0.756124
-32.5	-52.5	254.876	1069.23	0.761626
-31.25	-53.75	250.398	1072.33	0.766491
-30	-55	245.957	1073.49	0.770882
-28.75	-56.25	241.612	1073.25	0.774878
-27.5	-57.5	237.419	1072.02	0.778531
-26.25	-58.75	233.457	1070.13	0.781843
-25	-60	229.84	1067.83	0.784759
-23.75	-61.25	226.715	1065.28	0.787179
-22.5	-62.5	224.199	1062.63	0.789016
-21.25	-63.75	222.367	1059.96	0.790211
-20	-65	221.237	1057.32	0.790757
-18.75	-66.25	220.778	1054.76	0.790684
-17.5	-67.5	220.947	1052.29	0.790033
-16.25	-68.75	221.636	1049.95	0.788907
-15	-70	222.708	1047.72	0.787435
-13.75	-71.25	224.032	1045.61	0.785741
-12.5	-72.5	225.535	1043.63	0.783894
-11.25	-73.75	227.114	1041.76	0.78199
-10	-75	228.685	1040	0.780112
-8.75	-76.25	230.177	1038.35	0.778325
-7.5	-77.5	231.501	1036.8	0.776716
-6.25	-78.75	232.625	1035.35	0.775317
-5	-80	233.538	1033.98	0.774136
-3.75	-81.25	234.248	1032.69	0.773168
-2.5	-82.5	234.777	1031.48	0.772388
-1.25	-83.75	235.159	1030.34	0.771765
0	-85	235.419	1029.27	0.771275
1.25	-86.25	235.579	1028.25	0.770894
2.5	-87.5	235.66	1027.3	0.770602
3.75	-88.75	235.676	1026.4	0.770385
5	-90	235.638	1025.54	0.770231
6.25	-91.25	235.558	1024.73	0.770128
7.5	-92.5	235.442	1023.97	0.77007
8.75	-93.75	235.297	1023.24	0.770048
10	-95	235.13	1022.56	0.770057
11.25	-96.25	234.943	1021.9	0.770092
12.5	-97.5	234.744	1021.28	0.770148
13.75	-98.75	234.532	1020.69	0.770222
15	-100	234.311	1020.13	0.770312
16.25	-101.25	234.082	1019.59	0.770415
17.5	-102.5	233.851	1019.08	0.770527
18.75	-103.75	233.616	1018.59	0.770647
20	-105	233.382	1018.12	0.770772
21.25	-106.25	233.153	1017.67	0.770896
22.5	-107.5	232.925	1017.25	0.771024
23.75	-108.75	232.694	1016.84	0.771159
25	-110	232.462	1016.45	0.7713
26.25	-111.25	232.235	1016.07	0.771438
27.5	-112.5	232.013	1015.71	0.771575
28.75	-113.75	231.796	1015.36	0.771712
30	-115	231.581	1015.03	0.771848
31.25	-116.25	231.369	1014.71	0.771986
32.5	-117.5	231.16	1014.4	0.772122
33.75	-118.75	230.953	1014.11	0.77226
35	-120	230.747	1013.82	0.772399
36.25	-121.25	230.546	1013.55	0.772536
-81.25	-1.25	244.049	999.39	0.755802
-80	-2.5	269.575	998.706	0.730075
-78.75	-3.75	300.192	997.937	0.699187
-77.5	-5	325.87	997.072	0.673173
-76.25	-6.25	347.159	996.097	0.651481
-75	-7.5	364.601	994.998	0.633566
-73.75	-8.75	378.559	993.756	0.619063
-72.5	-10	389.406	992.35	0.607592
-71.25	-11.25	397.634	990.757	0.598657
-70	-12.5	403.633	988.949	0.591857
-68.75	-13.75	407.694	986.894	0.586892
-67.5	-15	410.128	984.554	0.583437
-66.25	-16.25	411.281	981.886	0.581131
-65	-17.5	411.296	978.842	0.579814
-63.75	-18.75	410.189	975.366	0.579451
-62.5	-20	408.072	971.396	0.579911
-61.25	-21.25	405.017	966.865	0.581103
-60	-22.5	401.032	961.702	0.582997
-58.75	-23.75	396.08	955.838	0.58562
-57.5	-25	390.107	949.212	0.58902
-56.25	-26.25	383.111	941.786	0.593208
-55	-27.5	375.182	933.564	0.598118
-53.75	-28.75	366.461	924.624	0.603665
-52.5	-30	357.221	915.16	0.609663
-51.25	-31.25	347.864	905.541	0.61585
-50	-32.5	338.837	896.366	0.621989
-48.75	-33.75	330.379	888.514	0.628166
-47.5	-35	322.592	883.141	0.634722
-46.25	-36.25	315.53	881.581	0.642086
-45	-37.5	309.111	885.12	0.65077
-43.75	-38.75	303.193	894.632	0.661098
-42.5	-40	297.683	910.209	0.672951
-41.25	-41.25	292.438	930.939	0.685868
-40	-42.5	287.403	954.998	0.699053
-38.75	-43.75	282.567	980.077	0.711689
-37.5	-45	277.865	1003.94	0.723227
-36.25	-46.25	273.216	1024.91	0.733424
-35	-47.5	268.629	1042.04	0.742209
-33.75	-48.75	264.075	1055.09	0.749715
-32.5	-50	259.546	1064.34	0.756143
-31.25	-51.25	255.033	1070.32	0.761723
-30	-52.5	250.546	1073.68	0.766647
-28.75	-53.75	246.091	1075.03	0.771085
-27.5	-55	241.727	1074.91	0.77512
-26.25	-56.25	237.511	1073.76	0.778805
-25	-57.5	233.523	1071.91	0.782144
-23.75	-58.75	229.881	1069.62	0.785083
-22.5	-60	226.732	1067.08	0.78752
-21.25	-61.25	224.198	1064.41	0.789368
-20	-62.5	222.355	1061.7	0.790567
-18.75	-63.75	221.221	1059.03	0.791109
-17.5	-65	220.767	1056.42	0.791024
-16.25	-66.25	220.95	1053.92	0.790353
-15	-67.5	221.661	1051.53	0.789201
-13.75	-68.75	222.76	1049.25	0.787696
-12.5	-70	224.116	1047.1	0.785965
-11.25	-71.25	225.654	1045.07	0.784078
-10	-72.5	227.27	1043.16	0.782133
-8.75	-73.75	228.879	1041.36	0.780211
-7.5	-75	230.41	1039.67	0.778382
-6.25	-76.25	231.772	1038.08	0.776731
-5	-77.5	232.931	1036.59	0.775291
-3.75	-78.75	233.876	1035.18	0.774072
-2.5	-80	234.617	1033.86	0.773067
-1.25	-81.25	235.174	1032.62	0.772254
0	-82.5	235.582	1031.45	0.7716
1.25	-83.75	235.865	1030.34	0.771081
2.5	-85	236.047	1029.3	0.770672
3.75	-86.25	236.148	1028.32	0.770355
5	-87.5	236.182	1027.39	0.770114
6.25	-88.75	236.162	1026.51	0.769937
7.5	-90	236.096	1025.67	0.769814
8.75	-91.25	235.995	1024.89	0.769735
10	-92.5	235.864	1024.14	0.769695
11.25	-93.75	235.709	1023.43	0.769687
12.5	-95	235.534	1022.75	0.769706
13.75	-96.25	235.345	1022.11	0.769746
15	-97.5	235.144	1021.5	0.769805
16.25	-98.75	234.932	1020.92	0.769882
17.5	-100	234.712	1020.37	0.769973
18.75	-101.25	234.489	1019.84	0.770072
20	-102.5	234.262	1019.33	0.770181
21.25	-103.75	234.035	1018.85	0.770295
22.5	-105	233.813	1018.39	0.770409
23.75	-106.25	233.591	1017.95	0.770527
25	-107.5	233.366	1017.52	0.770653
26.25	-108.75	233.139	1017.12	0.770785
27.5	-110	232.918	1016.73	0.770915
28.75	-111.25	232.701	1016.36	0.771044
30	-112.5	232.488	1016	0.771173
31.25	-113.75	232.277	1015.65	0.771303
32.5	-115	232.069	1015.32	0.771433
33.75	-116.25	231.865	1015	0.771563
35	-117.5	231.661	1014.7	0.771695
36.25	-118.75	231.458	1014.4	0.771828
37.5	-120	231.26	1014.12	0.77196
-78.75	-1.25	233.945	999.314	0.765895
-77.5	-2.5	268.888	998.542	0.730719
-76.25	-3.75	298.61	997.672	0.700693
-75	-5	323.68	996.689	0.675245
-73.75	-6.25	344.466	995.579	0.654004
-72.5	-7.5	361.49	994.323	0.636446
-71.25	-8.75	375.086	992.899	0.622231
-70	-10	385.767	991.282	0.610841
-68.75	-11.25	393.888	989.444	0.60191
-67.5	-12.5	399.733	987.351	0.595146
-66.25	-13.75	403.643	984.964	0.590195
-65	-15	406.009	982.239	0.586649
-63.75	-16.25	407.011	979.124	0.584311
-62.5	-17.5	406.7	975.561	0.583111
-61.25	-18.75	405.225	971.486	0.582881
-60	-20	402.694	966.826	0.583489
-58.75	-21.25	399.142	961.508	0.584879
-57.5	-22.5	394.547	955.456	0.587059
-56.25	-23.75	388.868	948.603	0.590062
-55	-25	382.109	940.906	0.593893
-53.75	-26.25	374.37	932.364	0.598472
-52.5	-27.5	365.794	923.049	0.603711
-51.25	-28.75	356.661	913.157	0.60942
-50	-30	347.38	903.059	0.61533
-48.75	-31.25	338.409	893.37	0.621199
-47.5	-32.5	329.997	884.996	0.62712
-46.25	-33.75	322.249	879.135	0.633447
-45	-35	315.228	877.177	0.640634
-43.75	-36.25	308.85	880.47	0.649222
-42.5	-37.5	302.973	889.944	0.659559
-41.25	-38.75	297.506	905.724	0.671527
-40	-40	292.298	926.891	0.684646
-38.75	-41.25	287.299	951.581	0.698082
-37.5	-42.5	282.495	977.416	0.710978
-36.25	-43.75	277.821	1002.08	0.722757
-35	-45	273.196	1023.83	0.733162
-33.75	-46.25	268.627	1041.66	0.742116
-32.5	-47.5	264.085	1055.31	0.749756
-31.25	-48.75	259.563	1065.04	0.756288
-30	-50	255.051	1071.4	0.761946
-28.75	-51.25	250.559	1075.04	0.766931
-27.5	-52.5	246.092	1076.6	0.771417
-26.25	-53.75	241.713	1076.62	0.775489
-25	-55	237.477	1075.56	0.779206
-23.75	-56.25	233.467	1073.76	0.782571
-22.5	-57.5	229.801	1071.49	0.785532
-21.25	-58.75	226.632	1068.95	0.787986
-20	-60	224.081	1066.26	0.789844
-18.75	-61.25	222.228	1063.53	0.791046
-17.5	-62.5	221.092	1060.82	0.791584
-16.25	-63.75	220.644	1058.17	0.791486
-15	-65	220.842	1055.63	0.790795
-13.75	-66.25	221.575	1053.19	0.789615
-12.5	-67.5	222.703	1050.87	0.788077
-11.25	-68.75	224.091	1048.67	0.78631
-10	-70	225.665	1046.6	0.784382
-8.75	-71.25	227.319	1044.64	0.782395
-7.5	-72.5	228.968	1042.8	0.780429
-6.25	-73.75	230.538	1041.06	0.778555
-5	-75	231.938	1039.43	0.776861
-3.75	-76.25	233.134	1037.9	0.77538
-2.5	-77.5	234.114	1036.46	0.774122
-1.25	-78.75	234.886	1035.1	0.773079
0	-80	235.472	1033.82	0.772231
1.25	-81.25	235.907	1032.62	0.771544
2.5	-82.5	236.215	1031.48	0.770994
3.75	-83.75	236.421	1030.41	0.770556
5	-85	236.543	1029.4	0.770212
6.25	-86.25	236.597	1028.44	0.769946
7.5	-87.5	236.595	1027.53	0.769745
8.75	-88.75	236.547	1026.67	0.769599
10	-90	236.461	1025.86	0.7695
11.25	-91.25	236.345	1025.09	0.769439
12.5	-92.5	236.204	1024.36	0.769412
13.75	-93.75	236.042	1023.66	0.769414
15	-95	235.865	1023	0.769437
16.25	-96.25	235.675	1022.37	0.769481
17.5	-97.5	235.474	1021.77	0.769543
18.75	-98.75	235.263	1021.2	0.76962
20	-100	235.05	1020.65	0.769706
21.25	-101.25	234.831	1020.13	0.769802
22.5	-102.5	234.613	1019.63	0.769904
23.75	-103.75	234.398	1019.15	0.770006
25	-105	234.184	1018.69	0.770114
26.25	-106.25	233.965	1018.26	0.770229
27.5	-107.5	233.745	1017.84	0.770352
28.75	-108.75	233.53	1017.43	0.770472
30	-110	233.318	1017.05	0.770593
31.25	-111.25	233.111	1016.68	0.770713
32.5	-112.5	232.905	1016.32	0.770835
33.75	-113.75	232.702	1015.98	0.770958
35	-115	232.502	1015.65	0.77108
36.25	-116.25	232.303	1015.33	0.771204
37.5	-117.5	232.104	1015.02	0.771331
38.75	-118.75	231.91	1014.73	0.771456
-76.25	-1.25	242.414	999.226	0.757398
-75	-2.5	268.672	998.352	0.730885
-73.75	-3.75	296.803	997.363	0.702413
-72.5	-5	321.32	996.244	0.677469
-71.25	-6.25	341.728	994.974	0.656545
-70	-7.5	358.307	993.532	0.63936
-68.75	-8.75	371.711	991.893	0.625251
-67.5	-10	382.25	990.025	0.613899
-66.25	-11.25	390.17	987.895	0.605049
-65	-12.5	395.824	985.461	0.598337
-63.75	-13.75	399.64	982.678	0.593316
-62.5	-15	401.828	979.491	0.589758
-61.25	-16.25	402.475	975.839	0.58756
-60	-17.5	401.771	971.655	0.586508
-58.75	-18.75	399.865	966.862	0.58643
-57.5	-20	396.825	961.38	0.587234
-56.25	-21.25	392.65	955.13	0.588904
-55	-22.5	387.312	948.038	0.59146
-53.75	-23.75	380.826	940.054	0.594889
-52.5	-25	373.304	931.17	0.599102
-51.25	-26.25	364.893	921.455	0.604003
-50	-27.5	355.88	911.102	0.609396
-48.75	-28.75	346.685	900.487	0.615003
-47.5	-30	337.777	890.241	0.620578
-46.25	-31.25	329.415	881.296	0.626216
-45	-32.5	321.71	874.896	0.632288
-43.75	-33.75	314.731	872.494	0.639274
-42.5	-35	308.397	875.501	0.647748
-41.25	-36.25	302.566	884.911	0.658082
-40	-37.5	297.144	900.882	0.670164
-38.75	-38.75	291.978	922.494	0.68349
-37.5	-40	287.018	947.84	0.697187
-36.25	-41.25	282.25	974.468	0.710355
-35	-42.5	277.61	999.982	0.722386
-33.75	-43.75	273.012	1022.55	0.733009
-32.5	-45	268.465	1041.13	0.742141
-31.25	-46.25	263.94	1055.42	0.74992
-30	-47.5	259.429	1065.68	0.75656
-28.75	-48.75	254.921	1072.45	0.7623
-27.5	-50	250.428	1076.4	0.767348
-26.25	-51.25	245.954	1078.19	0.771882
-25	-52.5	241.563	1078.37	0.775992
-23.75	-53.75	237.31	1077.41	0.77974
-22.5	-55	233.281	1075.67	0.78313
-21.25	-56.25	229.594	1073.43	0.786112
-20	-57.5	226.406	1070.89	0.788582
-18.75	-58.75	223.84	1068.19	0.79045
-17.5	-60	221.979	1065.44	0.791654
-16.25	-61.25	220.842	1062.69	0.792187
-15	-62.5	220.402	1060.01	0.792076
-13.75	-63.75	220.616	1057.42	0.791364
-12.5	-65	221.372	1054.94	0.790156
-11.25	-66.25	222.529	1052.57	0.788585
-10	-67.5	223.95	1050.33	0.78678
-8.75	-68.75	225.561	1048.21	0.784812
-7.5	-70	227.255	1046.2	0.782781
-6.25	-71.25	228.944	1044.32	0.780771
-5	-72.5	230.555	1042.54	0.778853
-3.75	-73.75	231.994	1040.87	0.777115
-2.5	-75	233.227	1039.29	0.77559
-1.25	-76.25	234.243	1037.81	0.774292
0	-77.5	235.048	1036.42	0.773211
1.25	-78.75	235.665	1035.1	0.772326
2.5	-80	236.129	1033.86	0.771605
3.75	-81.25	236.464	1032.69	0.771022
5	-82.5	236.694	1031.59	0.770554
6.25	-83.75	236.839	1030.54	0.770181
7.5	-85	236.914	1029.56	0.769888
8.75	-86.25	236.932	1028.62	0.769661
10	-87.5	236.902	1027.74	0.769491
11.25	-88.75	236.834	1026.9	0.76937
12.5	-90	236.734	1026.1	0.769288
13.75	-91.25	236.608	1025.35	0.769241
15	-92.5	236.46	1024.63	0.769223
16.25	-93.75	236.297	1023.94	0.769229
17.5	-95	236.119	1023.29	0.769255
18.75	-96.25	235.93	1022.67	0.769301
20	-97.5	235.73	1022.08	0.769362
21.25	-98.75	235.527	1021.51	0.769434
22.5	-100	235.318	1020.97	0.769516
23.75	-101.25	235.109	1020.46	0.769605
25	-102.5	234.903	1019.96	0.769695
26.25	-103.75	234.697	1019.49	0.76979
27.5	-105	234.486	1019.04	0.769894
28.75	-106.25	234.273	1018.6	0.770006
30	-107.5	234.065	1018.19	0.770116
31.25	-108.75	233.86	1017.79	0.770227
32.5	-110	233.659	1017.4	0.770338
33.75	-111.25	233.46	1017.03	0.77045
35	-112.5	233.262	1016.68	0.770564
36.25	-113.75	233.068	1016.33	0.770678
37.5	-115	232.874	1016	0.770795
38.75	-116.25	232.68	1015.69	0.770914
40	-117.5	232.49	1015.38	0.771032
-73.75	-1.25	241.187	999.124	0.758602
-72.5	-2.5	266.854	998.13	0.732646
-71.25	-3.75	294.658	997.003	0.704457
-70	-5	318.996	995.722	0.679633
-68.75	-6.25	338.833	994.264	0.659212
-67.5	-7.5	355.209	992.602	0.642144
-66.25	-8.75	368.449	990.706	0.628095
-65	-10	378.741	988.539	0.616868
-63.75	-11.25	386.429	986.059	0.608107
-62.5	-12.5	391.966	983.217	0.601344
-61.25	-13.75	395.577	979.957	0.596332
-60	-15	397.378	976.214	0.592939
-58.75	-16.25	397.606	971.917	0.590906
-57.5	-17.5	396.454	966.985	0.59001
-56.25	-18.75	394.027	961.333	0.590124
-55	-20	390.35	954.875	0.591202
-53.75	-21.25	385.414	947.53	0.593244
-52.5	-22.5	379.247	939.242	0.596221
-51.25	-23.75	371.976	929.994	0.600023
-50	-25	363.755	919.849	0.604549
-48.75	-26.25	354.88	909	0.609593
-47.5	-27.5	345.782	897.827	0.614868
-46.25	-28.75	336.944	886.973	0.620119
-45	-30	328.635	877.404	0.625446
-43.75	-31.25	320.976	870.41	0.631236
-42.5	-32.5	314.043	867.508	0.637994
-41.25	-33.75	307.757	870.184	0.646332
-40	-35	301.973	879.497	0.656652
-38.75	-36.25	296.598	895.646	0.668844
-37.5	-37.5	291.478	917.71	0.682385
-36.25	-38.75	286.56	943.736	0.696356
-35	-40	281.832	971.196	0.709809
-33.75	-41.25	277.229	997.606	0.722106
-32.5	-42.5	272.662	1021.05	0.732959
-31.25	-43.75	268.141	1040.43	0.742279
-30	-45	263.637	1055.42	0.750206
-28.75	-46.25	259.141	1066.24	0.756958
-27.5	-47.5	254.642	1073.46	0.762784
-26.25	-48.75	250.151	1077.76	0.767897
-25	-50	245.674	1079.79	0.77248
-23.75	-51.25	241.273	1080.15	0.77663
-22.5	-52.5	237.007	1079.31	0.780408
-21.25	-53.75	232.961	1077.65	0.783824
-20	-55	229.256	1075.45	0.786827
-18.75	-56.25	226.051	1072.92	0.789312
-17.5	-57.5	223.472	1070.21	0.791189
-16.25	-58.75	221.604	1067.43	0.792395
-15	-60	220.468	1064.66	0.792922
-13.75	-61.25	220.036	1061.94	0.792798
-12.5	-62.5	220.266	1059.31	0.792066
-11.25	-63.75	221.047	1056.78	0.79083
-10	-65	222.233	1054.36	0.789226
-8.75	-66.25	223.689	1052.07	0.787383
-7.5	-67.5	225.337	1049.9	0.785374
-6.25	-68.75	227.071	1047.86	0.783299
-5	-70	228.802	1045.92	0.781244
-3.75	-71.25	230.454	1044.1	0.77928
-2.5	-72.5	231.934	1042.38	0.777497
-1.25	-73.75	233.206	1040.77	0.775929
0	-75	234.258	1039.25	0.774588
1.25	-76.25	235.098	1037.81	0.773467
2.5	-77.5	235.748	1036.46	0.772545
3.75	-78.75	236.241	1035.18	0.771788
5	-80	236.604	1033.98	0.771171
6.25	-81.25	236.86	1032.84	0.770671
7.5	-82.5	237.03	1031.77	0.770267
8.75	-83.75	237.128	1030.75	0.769946
10	-85	237.167	1029.78	0.769692
11.25	-86.25	237.158	1028.87	0.769497
12.5	-87.5	237.108	1028	0.769351
13.75	-88.75	237.026	1027.18	0.769247
15	-90	236.916	1026.4	0.769178
16.25	-91.25	236.784	1025.66	0.76914
17.5	-92.5	236.635	1024.95	0.769126
18.75	-93.75	236.471	1024.28	0.769134
20	-95	236.294	1023.64	0.769162
21.25	-96.25	236.107	1023.02	0.769207
22.5	-97.5	235.915	1022.44	0.769263
23.75	-98.75	235.717	1021.88	0.76933
25	-100	235.518	1021.34	0.769404
26.25	-101.25	235.322	1020.83	0.76948
27.5	-102.5	235.125	1020.34	0.769563
28.75	-103.75	234.924	1019.87	0.769654
30	-105	234.718	1019.42	0.769754
31.25	-106.25	234.518	1018.99	0.769852
32.5	-107.5	234.321	1018.58	0.769952
33.75	-108.75	234.127	1018.18	0.770053
35	-110	233.935	1017.79	0.770155
36.25	-111.25	233.744	1017.42	0.770259
37.5	-112.5	233.556	1017.07	0.770364
38.75	-113.75	233.368	1016.73	0.770472
40	-115	233.18	1016.4	0.770582
41.25	-116.25	232.995	1016.08	0.770692
-71.25	-1.25	240.665	999.004	0.759095
-70	-2.5	265.65	997.871	0.733783
-68.75	-3.75	293.566	996.58	0.705427
-67.5	-5	316.84	995.108	0.681603
-66.25	-6.25	336.348	993.426	0.661426
-65	-7.5	352.48	991.503	0.644499
-63.75	-8.75	365.376	989.301	0.630673
-62.5	-10	375.368	986.774	0.619601
-61.25	-11.25	382.899	983.874	0.610825
-60	-12.5	388.188	980.539	0.604107
-58.75	-13.75	391.363	976.704	0.599302
-57.5	-15	392.705	972.29	0.596103
-56.25	-16.25	392.457	967.214	0.59424
-55	-17.5	390.762	961.385	0.593542
-53.75	-18.75	387.676	954.708	0.593932
-52.5	-20	383.211	947.097	0.595383
-51.25	-21.25	377.415	938.485	0.597846
-50	-22.5	370.433	928.848	0.601191
-48.75	-23.75	362.428	918.244	0.605303
-47.5	-25	353.708	906.86	0.609964
-46.25	-26.25	344.715	895.08	0.614878
-45	-27.5	335.952	883.566	0.619777
-43.75	-28.75	327.698	873.311	0.624763
-42.5	-30	320.084	865.66	0.630242
-41.25	-31.25	313.195	862.197	0.636747
-40	-32.5	306.955	864.489	0.644929
-38.75	-33.75	301.22	873.667	0.655224
-37.5	-35	295.892	889.976	0.667528
-36.25	-36.25	290.818	912.494	0.681293
-35	-37.5	285.943	939.225	0.695554
-33.75	-38.75	281.257	967.558	0.709313
-32.5	-40	276.692	994.914	0.721894
-31.25	-41.25	272.159	1019.3	0.732993
-30	-42.5	267.666	1039.53	0.742513
-28.75	-43.75	263.185	1055.26	0.750598
-27.5	-45	258.706	1066.7	0.757471
-26.25	-46.25	254.219	1074.41	0.763388
-25	-47.5	249.733	1079.09	0.76857
-23.75	-48.75	245.254	1081.4	0.773207
-22.5	-50	240.847	1081.96	0.777397
-21.25	-51.25	236.57	1081.25	0.781208
-20	-52.5	232.509	1079.68	0.78465
-18.75	-53.75	228.787	1077.53	0.787674
-17.5	-55	225.567	1075.02	0.790175
-16.25	-56.25	222.976	1072.31	0.792061
-15	-57.5	221.102	1069.52	0.79327
-13.75	-58.75	219.967	1066.72	0.793792
-12.5	-60	219.544	1063.96	0.793655
-11.25	-61.25	219.791	1061.29	0.792902
-10	-62.5	220.596	1058.72	0.791638
-8.75	-63.75	221.813	1056.26	0.790001
-7.5	-65	223.303	1053.92	0.788121
-6.25	-66.25	224.99	1051.7	0.78607
-5	-67.5	226.764	1049.6	0.783952
-3.75	-68.75	228.537	1047.62	0.781852
-2.5	-70	230.232	1045.75	0.779841
-1.25	-71.25	231.753	1043.99	0.778013
0	-72.5	233.066	1042.33	0.7764
1.25	-73.75	234.156	1040.77	0.775016
2.5	-75	235.032	1039.29	0.773854
3.75	-76.25	235.715	1037.9	0.772892
5	-77.5	236.24	1036.59	0.772098
6.25	-78.75	236.633	1035.35	0.771446
7.5	-80	236.916	1034.17	0.770912
8.75	-81.25	237.112	1033.07	0.770477
10	-82.5	237.234	1032.02	0.770126
11.25	-83.75	237.296	1031.02	0.769844
12.5	-85	237.308	1030.08	0.769621
13.75	-86.25	237.279	1029.18	0.76945
15	-87.5	237.215	1028.33	0.769321
16.25	-88.75	237.123	1027.53	0.769229
17.5	-90	237.007	1026.76	0.769169
18.75	-91.25	236.874	1026.03	0.769134
20	-92.5	236.725	1025.33	0.769123
21.25	-93.75	236.562	1024.67	0.769132
22.5	-95	236.388	1024.03	0.769159
23.75	-96.25	236.209	1023.43	0.769198
25	-97.5	236.023	1022.85	0.769248
26.25	-98.75	235.836	1022.29	0.769307
27.5	-100	235.651	1021.76	0.769368
28.75	-101.25	235.464	1021.25	0.769436
30	-102.5	235.272	1020.77	0.769514
31.25	-103.75	235.076	1020.3	0.769601
32.5	-105	234.885	1019.85	0.769687
33.75	-106.25	234.697	1019.42	0.769774
35	-107.5	234.511	1019.01	0.769863
36.25	-108.75	234.327	1018.61	0.769954
37.5	-110	234.143	1018.23	0.770048
38.75	-111.25	233.962	1017.86	0.770143
40	-112.5	233.78	1017.5	0.770241
41.25	-113.75	233.599	1017.16	0.770342
42.5	-115	233.42	1016.83	0.770443
-68.75	-1.25	238.795	998.864	0.760933
-67.5	-2.5	266.455	997.566	0.732895
-66.25	-3.75	292.095	996.082	0.706756
-65	-5	314.916	994.382	0.683304
-63.75	-6.25	334.136	992.434	0.663316
-62.5	-7.5	349.826	990.197	0.646711
-61.25	-8.75	362.37	987.626	0.63309
-60	-10	372.175	984.667	0.62203
-58.75	-11.25	379.423	981.258	0.61333
-57.5	-12.5	384.226	977.328	0.606861
-56.25	-13.75	386.904	972.796	0.602276
-55	-15	387.745	967.571	0.59926
-53.75	-16.25	386.934	961.556	0.597596
-52.5	-17.5	384.56	954.651	0.597172
-51.25	-18.75	380.66	946.758	0.597933
-50	-20	375.305	937.802	0.599804
-48.75	-21.25	368.663	927.751	0.602627
-47.5	-22.5	360.911	916.653	0.606273
-46.25	-23.75	352.368	904.691	0.61051
-45	-25	343.496	892.255	0.615024
-43.75	-26.25	334.814	880.017	0.619537
-42.5	-27.5	326.618	869.009	0.624149
-41.25	-28.75	319.049	860.628	0.629283
-40	-30	312.204	856.534	0.635503
-38.75	-31.25	306.009	858.381	0.643505
-37.5	-32.5	300.319	867.379	0.653762
-36.25	-33.75	295.039	883.824	0.666179
-35	-35	290.01	906.798	0.680182
-33.75	-36.25	285.178	934.257	0.694754
-32.5	-37.5	280.534	963.505	0.70884
-31.25	-38.75	276.009	991.864	0.721727
-30	-40	271.51	1017.24	0.733091
-28.75	-41.25	267.048	1038.4	0.742827
-27.5	-42.5	262.591	1054.93	0.751082
-26.25	-43.75	258.132	1067.04	0.758086
-25	-45	253.658	1075.29	0.764102
-23.75	-46.25	249.179	1080.38	0.769359
-22.5	-47.5	244.701	1083	0.774053
-21.25	-48.75	240.29	1083.79	0.778287
-20	-50	236.003	1083.24	0.782133
-18.75	-51.25	231.928	1081.77	0.785603
-17.5	-52.5	228.191	1079.68	0.78865
-16.25	-53.75	224.955	1077.2	0.791167
-15	-55	222.354	1074.5	0.793064
-13.75	-56.25	220.474	1071.7	0.794276
-12.5	-57.5	219.34	1068.88	0.794794
-11.25	-58.75	218.926	1066.09	0.794645
-10	-60	219.191	1063.37	0.793871
-8.75	-61.25	220.021	1060.75	0.79258
-7.5	-62.5	221.269	1058.25	0.79091
-6.25	-63.75	222.794	1055.86	0.788993
-5	-65	224.519	1053.59	0.786902
-3.75	-66.25	226.335	1051.45	0.78474
-2.5	-67.5	228.151	1049.42	0.782594
-1.25	-68.75	229.889	1047.51	0.780537
0	-70	231.453	1045.7	0.778662
1.25	-71.25	232.806	1043.99	0.777004
2.5	-72.5	233.936	1042.38	0.775576
3.75	-73.75	234.849	1040.87	0.774371
5	-75	235.568	1039.43	0.773369
6.25	-76.25	236.126	1038.08	0.772536
7.5	-77.5	236.549	1036.8	0.771848
8.75	-78.75	236.862	1035.59	0.771279
10	-80	237.085	1034.45	0.770811
11.25	-81.25	237.232	1033.37	0.770428
12.5	-82.5	237.319	1032.34	0.770116
13.75	-83.75	237.353	1031.37	0.769865
15	-85	237.345	1030.44	0.769667
16.25	-86.25	237.302	1029.56	0.769512
17.5	-87.5	237.229	1028.73	0.769396
18.75	-88.75	237.131	1027.93	0.769313
20	-90	237.015	1027.18	0.769256
21.25	-91.25	236.882	1026.45	0.769223
22.5	-92.5	236.734	1025.77	0.769212
23.75	-93.75	236.575	1025.11	0.76922
25	-95	236.409	1024.48	0.76924
26.25	-96.25	236.236	1023.88	0.769273
27.5	-97.5	236.061	1023.31	0.769315
28.75	-98.75	235.888	1022.76	0.769361
30	-100	235.713	1022.23	0.769413
31.25	-101.25	235.532	1021.72	0.769476
32.5	-102.5	235.346	1021.24	0.769548
33.75	-103.75	235.165	1020.77	0.769621
35	-105	234.986	1020.33	0.769696
36.25	-106.25	234.809	1019.9	0.769772
37.5	-107.5	234.633	1019.48	0.769851
38.75	-108.75	234.458	1019.09	0.769933
40	-110	234.285	1018.7	0.770016
41.25	-111.25	234.111	1018.33	0.770104
42.5	-112.5	233.937	1017.98	0.770194
43.75	-113.75	233.765	1017.63	0.770285
-66.25	-1.25	242.619	998.698	0.757065
-65	-2.5	264.531	997.205	0.734728
-63.75	-3.75	290.257	995.491	0.708428
-62.5	-5	313.045	993.52	0.684913
-61.25	-6.25	331.819	991.252	0.665253
-60	-7.5	347.174	988.638	0.648836
-58.75	-8.75	359.534	985.622	0.635221
-57.5	-10	369.039	982.139	0.62425
-56.25	-11.25	375.751	978.114	0.615841
-55	-12.5	380.021	973.46	0.609619
-53.75	-13.75	382.174	968.082	0.605225
-52.5	-15	382.436	961.874	0.602406
-51.25	-16.25	380.926	954.729	0.601011
-50	-17.5	377.712	946.539	0.600955
-48.75	-18.75	372.89	937.219	0.602131
-47.5	-20	366.659	926.725	0.60435
-46.25	-21.25	359.208	915.096	0.607464
-45	-22.5	350.876	902.51	0.611222
-43.75	-23.75	342.145	889.358	0.61529
-42.5	-25	333.555	876.33	0.619373
-41.25	-26.25	325.422	864.492	0.623569
-40	-27.5	317.898	855.297	0.628318
-38.75	-28.75	311.095	850.492	0.634217
-37.5	-30	304.943	851.822	0.64201
-36.25	-31.25	299.298	860.586	0.652216
-35	-32.5	294.064	877.137	0.664746
-33.75	-33.75	289.079	900.564	0.679002
-32.5	-35	284.289	928.773	0.693909
-31.25	-36.25	279.686	958.98	0.708351
-30	-37.5	275.2	988.4	0.72157
-28.75	-38.75	270.736	1014.84	0.733223
-27.5	-40	266.304	1036.99	0.743194
-26.25	-41.25	261.873	1054.39	0.751634
-25	-42.5	257.434	1067.22	0.758781
-23.75	-43.75	252.974	1076.06	0.764906
-22.5	-45	248.504	1081.61	0.770245
-21.25	-46.25	244.027	1084.58	0.775003
-20	-47.5	239.612	1085.62	0.779286
-18.75	-48.75	235.316	1085.26	0.783171
-17.5	-50	231.228	1083.91	0.786672
-16.25	-51.25	227.476	1081.9	0.789744
-15	-52.5	224.226	1079.46	0.79228
-13.75	-53.75	221.613	1076.78	0.794189
-12.5	-55	219.727	1073.97	0.795406
-11.25	-56.25	218.595	1071.13	0.795921
-10	-57.5	218.19	1068.31	0.795761
-8.75	-58.75	218.473	1065.56	0.794968
-7.5	-60	219.327	1062.9	0.793651
-6.25	-61.25	220.606	1060.35	0.791949
-5	-62.5	222.166	1057.91	0.789996
-3.75	-63.75	223.93	1055.6	0.787863
-2.5	-65	225.788	1053.4	0.785658
-1.25	-66.25	227.647	1051.32	0.783466
0	-67.5	229.429	1049.36	0.781363
1.25	-68.75	231.037	1047.51	0.779441
2.5	-70	232.433	1045.75	0.777737
3.75	-71.25	233.603	1044.1	0.776264
5	-72.5	234.555	1042.54	0.775016
6.25	-73.75	235.31	1041.06	0.773972
7.5	-75	235.902	1039.67	0.773099
8.75	-76.25	236.357	1038.35	0.772373
10	-77.5	236.701	1037.11	0.771768
11.25	-78.75	236.952	1035.93	0.771265
12.5	-80	237.127	1034.81	0.770849
13.75	-81.25	237.238	1033.75	0.770506
15	-82.5	237.297	1032.74	0.770226
16.25	-83.75	237.312	1031.78	0.769999
17.5	-85	237.289	1030.88	0.769818
18.75	-86.25	237.237	1030.01	0.769675
20	-87.5	237.158	1029.19	0.769568
21.25	-88.75	237.06	1028.4	0.769487
22.5	-90	236.945	1027.66	0.769432
23.75	-91.25	236.813	1026.94	0.7694
25	-92.5	236.669	1026.26	0.769387
26.25	-93.75	236.518	1025.61	0.769388
27.5	-95	236.36	1024.99	0.769403
28.75	-96.25	236.198	1024.39	0.769427
30	-97.5	236.037	1023.82	0.769455
31.25	-98.75	235.875	1023.28	0.769491
32.5	-100	235.705	1022.75	0.769538
33.75	-101.25	235.531	1022.25	0.769595
35	-102.5	235.36	1021.76	0.769653
36.25	-103.75	235.191	1021.3	0.769714
37.5	-105	235.024	1020.85	0.769776
38.75	-106.25	234.858	1020.42	0.769842
40	-107.5	234.692	1020.01	0.769912
41.25	-108.75	234.527	1019.61	0.769983
42.5	-110	234.362	1019.22	0.770059
43.75	-111.25	234.195	1018.85	0.770138
45	-112.5	234.032	1018.5	0.770218
-63.75	-1.25	238.803	998.502	0.760839
-62.5	-2.5	262.403	996.777	0.736749
-61.25	-3.75	288.515	994.787	0.709973
-60	-5	310.846	992.491	0.686802
-58.75	-6.25	329.4	989.837	0.667218
-57.5	-7.5	344.621	986.766	0.650757
-56.25	-8.75	356.703	983.21	0.637206
-55	-10	365.63	979.089	0.626561
-53.75	-11.25	371.784	974.312	0.618414
-52.5	-12.5	375.518	968.777	0.61238
-51.25	-13.75	377.085	962.37	0.60817
-50	-15	376.635	954.974	0.605607
-48.75	-16.25	374.264	946.471	0.604569
-47.5	-17.5	370.1	936.764	0.604916
-46.25	-18.75	364.373	925.797	0.606422
-45	-20	357.293	913.597	0.608916
-43.75	-21.25	349.222	900.336	0.612121
-42.5	-22.5	340.662	886.405	0.615681
-41.25	-23.75	332.184	872.51	0.619277
-40	-25	324.123	859.753	0.623004
-38.75	-26.25	316.651	849.653	0.627318
-37.5	-27.5	309.891	844.042	0.632849
-36.25	-28.75	303.782	844.772	0.640398
-35	-30	298.18	853.238	0.650531
-33.75	-31.25	292.989	869.857	0.663175
-32.5	-32.5	288.046	893.728	0.677702
-31.25	-33.75	283.297	922.708	0.692973
-30	-35	278.734	953.92	0.707801
-28.75	-36.25	274.286	984.462	0.721385
-27.5	-37.5	269.856	1012.03	0.733353
-26.25	-38.75	265.455	1035.24	0.743582
-25	-40	261.049	1053.58	0.752227
-23.75	-41.25	256.63	1067.21	0.759532
-22.5	-42.5	252.185	1076.69	0.765779
-21.25	-43.75	247.722	1082.75	0.77121
-20	-45	243.248	1086.11	0.776039
-18.75	-46.25	238.828	1087.44	0.780377
-17.5	-47.5	234.522	1087.29	0.784305
-16.25	-48.75	230.421	1086.09	0.787843
-15	-50	226.654	1084.17	0.790943
-13.75	-51.25	223.389	1081.79	0.793501
-12.5	-52.5	220.764	1079.13	0.795425
-11.25	-53.75	218.872	1076.33	0.79665
-10	-55	217.74	1073.47	0.797163
-8.75	-56.25	217.344	1070.63	0.796995
-7.5	-57.5	217.643	1067.85	0.796185
-6.25	-58.75	218.523	1065.15	0.794843
-5	-60	219.832	1062.55	0.79311
-3.75	-61.25	221.427	1060.07	0.79112
-2.5	-62.5	223.231	1057.71	0.788948
-1.25	-63.75	225.131	1055.46	0.786699
0	-65	227.034	1053.34	0.784461
1.25	-66.25	228.861	1051.32	0.782311
2.5	-67.5	230.513	1049.42	0.780342
3.75	-68.75	231.952	1047.62	0.778592
5	-70	233.164	1045.92	0.777073
6.25	-71.25	234.156	1044.32	0.775781
7.5	-72.5	234.948	1042.8	0.774694
8.75	-73.75	235.576	1041.36	0.773781
10	-75	236.065	1040	0.773015
11.25	-76.25	236.44	1038.72	0.772373
12.5	-77.5	236.722	1037.5	0.771834
13.75	-78.75	236.924	1036.34	0.771384
15	-80	237.063	1035.25	0.771009
16.25	-81.25	237.146	1034.21	0.770697
17.5	-82.5	237.185	1033.22	0.770441
18.75	-83.75	237.185	1032.28	0.770231
20	-85	237.154	1031.38	0.770062
21.25	-86.25	237.096	1030.53	0.769928
22.5	-87.5	237.017	1029.72	0.769824
23.75	-88.75	236.92	1028.94	0.769745
25	-90	236.806	1028.2	0.76969
26.25	-91.25	236.678	1027.5	0.769656
27.5	-92.5	236.543	1026.82	0.769636
28.75	-93.75	236.399	1026.18	0.769631
30	-95	236.251	1025.56	0.769636
31.25	-96.25	236.105	1024.96	0.769646
32.5	-97.5	235.955	1024.4	0.769664
33.75	-98.75	235.798	1023.85	0.769695
35	-100	235.635	1023.33	0.769736
36.25	-101.25	235.476	1022.82	0.769778
37.5	-102.5	235.318	1022.34	0.769824
38.75	-103.75	235.162	1021.88	0.769872
40	-105	235.006	1021.43	0.769924
41.25	-106.25	234.849	1021	0.76998
42.5	-107.5	234.695	1020.58	0.770039
43.75	-108.75	234.538	1020.18	0.770102
45	-110	234.38	1019.8	0.770169
46.25	-111.25	234.225	1019.42	0.770238
-61.25	-1.25	238.392	998.268	0.761194
-60	-2.5	261.877	996.265	0.737141
-58.75	-3.75	286.843	993.945	0.71141
-57.5	-5	309.051	991.254	0.688222
-56.25	-6.25	327.402	988.132	0.668666
-55	-7.5	342.323	984.506	0.652289
-53.75	-8.75	353.717	980.291	0.639171
-52.5	-10	362.035	975.39	0.628831
-51.25	-11.25	367.625	969.694	0.620886
-50	-12.5	370.757	963.082	0.615031
-48.75	-13.75	371.595	955.424	0.611068
-47.5	-15	370.257	946.593	0.608853
-46.25	-16.25	366.903	936.476	0.608209
-45	-17.5	361.799	925.003	0.608867
-43.75	-18.75	355.179	912.189	0.61063
-42.5	-20	347.43	898.195	0.613191
-41.25	-21.25	339.085	883.414	0.616166
-40	-22.5	330.745	868.566	0.619206
-38.75	-23.75	322.771	854.791	0.622398
-37.5	-25	315.355	843.678	0.626214
-36.25	-26.25	308.64	837.155	0.631322
-35	-27.5	302.574	837.187	0.638583
-33.75	-28.75	297.013	845.278	0.648621
-32.5	-30	291.863	861.917	0.661379
-31.25	-31.25	286.959	886.217	0.676197
-30	-32.5	282.246	915.987	0.691866
-28.75	-33.75	277.721	948.247	0.707122
-27.5	-35	273.309	979.977	0.721107
-26.25	-36.25	268.91	1008.76	0.733425
-25	-37.5	264.537	1033.11	0.743942
-23.75	-38.75	260.154	1052.47	0.752815
-22.5	-40	255.753	1066.96	0.760298
-21.25	-41.25	251.321	1077.15	0.766681
-20	-42.5	246.865	1083.77	0.772218
-18.75	-43.75	242.39	1087.58	0.777128
-17.5	-45	237.964	1089.23	0.781531
-16.25	-46.25	233.648	1089.32	0.78551
-15	-47.5	229.532	1088.29	0.789089
-13.75	-48.75	225.747	1086.49	0.792224
-12.5	-50	222.465	1084.18	0.794809
-11.25	-51.25	219.826	1081.56	0.796752
-10	-52.5	217.926	1078.78	0.797987
-8.75	-53.75	216.794	1075.92	0.798503
-7.5	-55	216.405	1073.06	0.798328
-6.25	-56.25	216.721	1070.24	0.797503
-5	-57.5	217.624	1067.51	0.796138
-3.75	-58.75	218.963	1064.87	0.794375
-2.5	-60	220.594	1062.34	0.792351
-1.25	-61.25	222.437	1059.93	0.79014
0	-62.5	224.38	1057.64	0.787848
1.25	-63.75	226.328	1055.46	0.785565
2.5	-65	228.2	1053.4	0.783368
3.75	-66.25	229.897	1051.45	0.781352
5	-67.5	231.381	1049.6	0.779554
6.25	-68.75	232.636	1047.86	0.777989
7.5	-70	233.668	1046.2	0.776652
8.75	-71.25	234.499	1044.64	0.775522
10	-72.5	235.164	1043.16	0.774566
11.25	-73.75	235.687	1041.76	0.77376
12.5	-75	236.095	1040.43	0.77308
13.75	-76.25	236.408	1039.17	0.772504
15	-77.5	236.64	1037.98	0.772019
16.25	-78.75	236.806	1036.85	0.77161
17.5	-80	236.916	1035.77	0.771266
18.75	-81.25	236.979	1034.75	0.770979
20	-82.5	237.003	1033.78	0.77074
21.25	-83.75	236.995	1032.85	0.770543
22.5	-85	236.957	1031.97	0.770383
23.75	-86.25	236.898	1031.12	0.770252
25	-87.5	236.82	1030.32	0.770149
26.25	-88.75	236.724	1029.55	0.770071
27.5	-90	236.614	1028.82	0.770014
28.75	-91.25	236.495	1028.12	0.769973
30	-92.5	236.367	1027.45	0.769947
31.25	-93.75	236.234	1026.8	0.769933
32.5	-95	236.102	1026.19	0.769923
33.75	-96.25	235.966	1025.6	0.769923
35	-97.5	235.823	1025.03	0.769936
36.25	-98.75	235.673	1024.49	0.76996
37.5	-100	235.526	1023.96	0.769986
38.75	-101.25	235.379	1023.46	0.770016
40	-102.5	235.234	1022.98	0.770049
41.25	-103.75	235.089	1022.51	0.770086
42.5	-105	234.943	1022.06	0.770128
43.75	-106.25	234.798	1021.63	0.770173
45	-107.5	234.651	1021.21	0.770223
46.25	-108.75	234.503	1020.81	0.770278
47.5	-110	234.356	1020.42	0.770334
-58.75	-1.25	238.786	997.989	0.760733
-57.5	-2.5	259.358	995.65	0.739509
-56.25	-3.75	285.608	992.93	0.712358
-55	-5	307.566	989.761	0.689253
-53.75	-6.25	325.678	986.068	0.66972
-52.5	-7.5	339.769	981.762	0.653919
-51.25	-8.75	350.513	976.738	0.641139
-50	-10	358.244	970.88	0.631011
-48.75	-11.25	363.228	964.057	0.623229
-47.5	-12.5	365.619	956.128	0.617605
-46.25	-13.75	365.543	946.952	0.613979
-45	-15	363.19	936.4	0.612142
-43.75	-16.25	358.864	924.387	0.611782
-42.5	-17.5	352.822	910.912	0.612672
-41.25	-18.75	345.482	896.124	0.614471
-40	-20	337.41	880.413	0.616759
-38.75	-21.25	329.248	864.515	0.619153
-37.5	-22.5	321.385	849.611	0.621728
-36.25	-23.75	314.038	837.362	0.624967
-35	-25	307.376	829.801	0.629579
-33.75	-26.25	301.354	829.021	0.636494
-32.5	-27.5	295.833	836.645	0.646405
-31.25	-28.75	290.723	853.243	0.659273
-30	-30	285.854	877.949	0.674407
-28.75	-31.25	281.174	908.521	0.690514
-27.5	-32.5	276.682	941.875	0.706243
-26.25	-33.75	272.302	974.86	0.720676
-25	-35	267.932	1004.94	0.733384
-23.75	-36.25	263.582	1030.52	0.744224
-22.5	-37.5	259.22	1050.98	0.753354
-21.25	-38.75	254.834	1066.42	0.761038
-20	-40	250.411	1077.39	0.767577
-18.75	-41.25	245.959	1084.64	0.773234
-17.5	-42.5	241.481	1088.93	0.77824
-16.25	-43.75	237.047	1090.96	0.782718
-15	-45	232.717	1091.33	0.786758
-13.75	-46.25	228.582	1090.5	0.790387
-12.5	-47.5	224.776	1088.84	0.793563
-11.25	-48.75	221.474	1086.62	0.796181
-10	-50	218.819	1084.06	0.798149
-8.75	-51.25	216.909	1081.3	0.7994
-7.5	-52.5	215.773	1078.45	0.799923
-6.25	-53.75	215.39	1075.58	0.799745
-5	-55	215.72	1072.74	0.798907
-3.75	-56.25	216.647	1069.97	0.797522
-2.5	-57.5	218.016	1067.3	0.795731
-1.25	-58.75	219.682	1064.73	0.793673
0	-60	221.565	1062.27	0.791424
1.25	-61.25	223.55	1059.93	0.78909
2.5	-62.5	225.543	1057.71	0.786762
3.75	-63.75	227.462	1055.6	0.784518
5	-65	229.205	1053.59	0.782454
6.25	-66.25	230.733	1051.7	0.780609
7.5	-67.5	232.032	1049.9	0.778997
8.75	-68.75	233.106	1048.21	0.777614
10	-70	233.977	1046.6	0.77644
11.25	-71.25	234.68	1045.07	0.775441
12.5	-72.5	235.239	1043.63	0.774595
13.75	-73.75	235.681	1042.26	0.773875
15	-75	236.026	1040.96	0.773261
16.25	-76.25	236.288	1039.73	0.77274
17.5	-77.5	236.483	1038.56	0.772296
18.75	-78.75	236.62	1037.44	0.77192
20	-80	236.709	1036.38	0.771601
21.25	-81.25	236.758	1035.38	0.771332
22.5	-82.5	236.772	1034.42	0.771106
23.75	-83.75	236.757	1033.5	0.770918
25	-85	236.719	1032.63	0.770761
26.25	-86.25	236.66	1031.79	0.770632
27.5	-87.5	236.583	1031	0.77053
28.75	-88.75	236.491	1030.24	0.77045
30	-90	236.389	1029.51	0.770386
31.25	-91.25	236.277	1028.81	0.770339
32.5	-92.5	236.16	1028.14	0.770304
33.75	-93.75	236.043	1027.5	0.770275
35	-95	235.922	1026.89	0.770255
36.25	-96.25	235.792	1026.3	0.77025
37.5	-97.5	235.655	1025.73	0.770256
38.75	-98.75	235.521	1025.19	0.770265
40	-100	235.387	1024.66	0.770279
41.25	-101.25	235.253	1024.16	0.770296
42.5	-102.5	235.119	1023.67	0.770318
43.75	-103.75	234.984	1023.2	0.770345
45	-105	234.85	1022.75	0.770375
46.25	-106.25	234.713	1022.32	0.770411
47.5	-107.5	234.574	1021.9	0.770453
48.75	-108.75	234.437	1021.49	0.770496
-56.25	-1.25	228.787	997.652	0.770674
-55	-2.5	259.057	994.908	0.739617
-53.75	-3.75	284.813	991.7	0.712803
-52.5	-5	306.671	987.947	0.689588
-51.25	-6.25	323.668	983.553	0.67092
-50	-7.5	337.051	978.41	0.655511
-48.75	-8.75	347.164	972.39	0.642979
-47.5	-10	354.281	965.352	0.633003
-46.25	-11.25	358.509	957.143	0.625439
-45	-12.5	359.958	947.606	0.62014
-43.75	-13.75	358.834	936.596	0.616874
-42.5	-15	355.474	924.008	0.615291
-41.25	-16.25	350.16	909.82	0.615133
-40	-17.5	343.344	894.17	0.61602
-38.75	-18.75	335.628	877.441	0.617493
-37.5	-20	327.698	860.384	0.619126
-36.25	-21.25	319.982	844.222	0.620975
-35	-22.5	312.727	830.695	0.623535
-33.75	-23.75	306.129	821.952	0.627559
-32.5	-25	300.157	820.224	0.634054
-31.25	-26.25	294.68	827.27	0.643792
-30	-27.5	289.608	843.752	0.656762
-28.75	-28.75	284.772	868.83	0.672235
-27.5	-30	280.121	900.211	0.688827
-26.25	-31.25	275.658	934.701	0.705084
-25	-32.5	271.306	969.012	0.720018
-23.75	-33.75	266.959	1000.47	0.733166
-22.5	-35	262.629	1027.37	0.744369
-21.25	-36.25	258.282	1049.03	0.75379
-20	-37.5	253.907	1065.51	0.761704
-18.75	-38.75	249.49	1077.35	0.768422
-17.5	-40	245.037	1085.29	0.77422
-16.25	-41.25	240.552	1090.13	0.779338
-15	-42.5	236.104	1092.59	0.783905
-13.75	-43.75	231.756	1093.28	0.788018
-12.5	-45	227.599	1092.69	0.791707
-11.25	-46.25	223.768	1091.2	0.794934
-10	-47.5	220.441	1089.1	0.797593
-8.75	-48.75	217.765	1086.61	0.799593
-7.5	-50	215.841	1083.9	0.800866
-6.25	-51.25	214.699	1081.06	0.8014
-5	-52.5	214.319	1078.19	0.801223
-3.75	-53.75	214.662	1075.34	0.800377
-2.5	-55	215.61	1072.55	0.798973
-1.25	-56.25	217.009	1069.84	0.797157
0	-57.5	218.709	1067.23	0.795068
1.25	-58.75	220.632	1064.73	0.792781
2.5	-60	222.66	1062.34	0.790406
3.75	-61.25	224.699	1060.07	0.788034
5	-62.5	226.665	1057.91	0.785743
6.25	-63.75	228.455	1055.86	0.783632
7.5	-65	230.029	1053.92	0.781739
8.75	-66.25	231.373	1052.07	0.780079
10	-67.5	232.49	1050.33	0.77865
11.25	-68.75	233.402	1048.67	0.777431
12.5	-70	234.143	1047.1	0.776389
13.75	-71.25	234.739	1045.61	0.775501
15	-72.5	235.216	1044.2	0.77474
16.25	-73.75	235.594	1042.86	0.774089
17.5	-75	235.887	1041.59	0.773531
18.75	-76.25	236.112	1040.38	0.773051
20	-77.5	236.277	1039.22	0.772641
21.25	-78.75	236.392	1038.13	0.77229
22.5	-80	236.466	1037.08	0.77199
23.75	-81.25	236.504	1036.09	0.771734
25	-82.5	236.511	1035.14	0.771518
26.25	-83.75	236.495	1034.24	0.771333
27.5	-85	236.457	1033.37	0.771179
28.75	-86.25	236.399	1032.54	0.771051
30	-87.5	236.325	1031.75	0.770948
31.25	-88.75	236.241	1031	0.770861
32.5	-90	236.147	1030.27	0.770792
33.75	-91.25	236.046	1029.58	0.770735
35	-92.5	235.944	1028.91	0.770685
36.25	-93.75	235.838	1028.27	0.770646
37.5	-95	235.722	1027.66	0.770622
38.75	-96.25	235.599	1027.07	0.77061
40	-97.5	235.477	1026.5	0.770601
41.25	-98.75	235.356	1025.95	0.770598
42.5	-100	235.235	1025.43	0.770598
43.75	-101.25	235.112	1024.92	0.770604
45	-102.5	234.988	1024.43	0.770616
46.25	-103.75	234.864	1023.96	0.770632
47.5	-105	234.738	1023.51	0.770653
48.75	-106.25	234.609	1023.07	0.770681
50	-107.5	234.482	1022.65	0.770711
-53.75	-1.25	237.42	997.243	0.761924
-52.5	-2.5	259.217	994.005	0.73922
-51.25	-3.75	284.62	990.2	0.712563
-50	-5	304.877	985.728	0.690708
-48.75	-6.25	321.228	980.47	0.672373
-47.5	-7.5	333.979	974.29	0.657208
-46.25	-8.75	343.519	967.037	0.644772
-45	-10	349.897	958.542	0.63497
-43.75	-11.25	353.174	948.631	0.627701
-42.5	-12.5	353.556	937.138	0.622727
-41.25	-13.75	351.403	923.936	0.619667
-40	-15	347.016	908.982	0.618237
-38.75	-16.25	340.878	892.395	0.618019
-37.5	-17.5	333.634	874.551	0.618508
-36.25	-18.75	326.022	856.212	0.619227
-35	-20	318.512	838.645	0.620206
-33.75	-21.25	311.389	823.675	0.621952
-32.5	-22.5	304.881	813.581	0.62526
-31.25	-23.75	298.977	810.746	0.631232
-30	-25	293.552	817.08	0.64073
-28.75	-26.25	288.524	833.352	0.653779
-27.5	-27.5	283.723	858.753	0.669611
-26.25	-28.75	279.101	890.941	0.686735
-25	-30	274.665	926.608	0.70358
-23.75	-31.25	270.339	962.316	0.719075
-22.5	-32.5	266.011	995.242	0.732717
-21.25	-33.75	261.698	1023.58	0.74433
-20	-35	257.363	1046.54	0.754082
-18.75	-36.25	252.994	1064.15	0.762257
-17.5	-37.5	248.578	1076.94	0.769182
-16.25	-38.75	244.12	1085.67	0.775143
-15	-40	239.622	1091.13	0.780391
-13.75	-41.25	235.157	1094.07	0.785063
-12.5	-42.5	230.785	1095.13	0.789262
-11.25	-43.75	226.6	1094.82	0.793025
-10	-45	222.739	1093.53	0.796312
-8.75	-46.25	219.384	1091.58	0.799022
-7.5	-47.5	216.682	1089.2	0.801062
-6.25	-48.75	214.74	1086.54	0.802364
-5	-50	213.588	1083.74	0.802915
-3.75	-51.25	213.209	1080.88	0.802745
-2.5	-52.5	213.563	1078.02	0.801894
-1.25	-53.75	214.532	1075.21	0.800476
0	-55	215.958	1072.48	0.798636
1.25	-56.25	217.693	1069.84	0.796518
2.5	-57.5	219.655	1067.3	0.794195
3.75	-58.75	221.727	1064.87	0.79178
5	-60	223.812	1062.55	0.789363
6.25	-61.25	225.825	1060.35	0.787027
7.5	-62.5	227.663	1058.25	0.784868
8.75	-63.75	229.285	1056.26	0.782927
10	-65	230.674	1054.36	0.78122
11.25	-66.25	231.835	1052.57	0.779744
12.5	-67.5	232.789	1050.87	0.778479
13.75	-68.75	233.57	1049.25	0.777393
15	-70	234.205	1047.72	0.776462
16.25	-71.25	234.717	1046.26	0.775661
17.5	-72.5	235.129	1044.88	0.77497
18.75	-73.75	235.454	1043.56	0.774375
20	-75	235.709	1042.31	0.773859
21.25	-76.25	235.903	1041.12	0.773414
22.5	-77.5	236.046	1039.99	0.77303
23.75	-78.75	236.145	1038.91	0.772698
25	-80	236.208	1037.87	0.772412
26.25	-81.25	236.238	1036.89	0.772167
27.5	-82.5	236.244	1035.95	0.771955
28.75	-83.75	236.227	1035.05	0.771773
30	-85	236.189	1034.2	0.771621
31.25	-86.25	236.134	1033.37	0.771492
32.5	-87.5	236.068	1032.59	0.771382
33.75	-88.75	235.99	1031.83	0.77129
35	-90	235.906	1031.11	0.771212
36.25	-91.25	235.82	1030.42	0.771141
37.5	-92.5	235.729	1029.75	0.771082
38.75	-93.75	235.628	1029.11	0.771038
40	-95	235.518	1028.5	0.771007
41.25	-96.25	235.41	1027.91	0.770981
42.5	-97.5	235.302	1027.34	0.770959
43.75	-98.75	235.193	1026.79	0.770943
45	-100	235.083	1026.26	0.770933
46.25	-101.25	234.97	1025.75	0.770929
47.5	-102.5	234.857	1025.26	0.770929
48.75	-103.75	234.741	1024.79	0.770936
50	-105	234.623	1024.33	0.77095
51.25	-106.25	234.505	1023.89	0.770966
-51.25	-1.25	234.886	996.745	0.764347
-50	-2.5	260.146	992.901	0.737994
-48.75	-3.75	282.869	988.36	0.7138
-47.5	-5	302.753	982.997	0.69201
-46.25	-6.25	318.443	976.665	0.673948
-45	-7.5	330.672	969.198	0.658819
-43.75	-8.75	339.498	960.413	0.646508
-42.5	-10	344.914	950.115	0.636976
-41.25	-11.25	347.107	938.116	0.629996
-40	-12.5	346.44	924.263	0.625172
-38.75	-13.75	343.218	908.487	0.622209
-37.5	-15	337.955	890.882	0.620652
-36.25	-16.25	331.336	871.813	0.619946
-35	-17.5	324.156	852.053	0.619559
-33.75	-18.75	316.935	832.914	0.619487
-32.5	-20	310.001	816.313	0.620243
-31.25	-21.25	303.623	804.668	0.622673
-30	-22.5	297.814	800.537	0.627983
-28.75	-23.75	292.46	805.998	0.637146
-27.5	-25	287.486	821.941	0.650235
-26.25	-26.25	282.727	847.599	0.666438
-25	-27.5	278.136	880.582	0.684145
-23.75	-28.75	273.728	917.458	0.701645
-22.5	-30	269.426	954.634	0.717771
-21.25	-31.25	265.116	989.129	0.73197
-20	-32.5	260.815	1019	0.744048
-18.75	-33.75	256.488	1043.38	0.754176
-17.5	-35	252.122	1062.24	0.762651
-16.25	-36.25	247.702	1076.09	0.769812
-15	-37.5	243.233	1085.68	0.775963
-13.75	-38.75	238.718	1091.84	0.781363
-12.5	-40	234.229	1095.34	0.786159
-11.25	-41.25	229.829	1096.83	0.790462
-10	-42.5	225.61	1096.85	0.794311
-8.75	-43.75	221.712	1095.81	0.797672
-7.5	-45	218.322	1094.04	0.800444
-6.25	-46.25	215.59	1091.78	0.802533
-5	-47.5	213.624	1089.21	0.803872
-3.75	-48.75	212.459	1086.46	0.804448
-2.5	-50	212.077	1083.63	0.80429
-1.25	-51.25	212.44	1080.78	0.803439
0	-52.5	213.427	1077.97	0.802009
1.25	-53.75	214.882	1075.21	0.80015
2.5	-55	216.65	1072.55	0.798004
3.75	-56.25	218.651	1069.97	0.795648
5	-57.5	220.767	1067.51	0.793193
6.25	-58.75	222.9	1065.15	0.790733
7.5	-60	224.962	1062.9	0.78835
8.75	-61.25	226.849	1060.75	0.786144
10	-62.5	228.519	1058.72	0.784155
11.25	-63.75	229.955	1056.78	0.7824
12.5	-65	231.161	1054.94	0.780877
13.75	-66.25	232.158	1053.19	0.779567
15	-67.5	232.98	1051.53	0.778436
16.25	-68.75	233.653	1049.95	0.777462
17.5	-70	234.202	1048.45	0.77662
18.75	-71.25	234.648	1047.02	0.775889
20	-72.5	235.007	1045.66	0.775255
21.25	-73.75	235.293	1044.37	0.774703
22.5	-75	235.516	1043.14	0.774223
23.75	-76.25	235.686	1041.96	0.773805
25	-77.5	235.812	1040.84	0.773441
26.25	-78.75	235.9	1039.78	0.773124
27.5	-80	235.954	1038.76	0.77285
28.75	-81.25	235.982	1037.78	0.772609
30	-82.5	235.986	1036.85	0.772401
31.25	-83.75	235.969	1035.96	0.772222
32.5	-85	235.933	1035.11	0.772069
33.75	-86.25	235.885	1034.29	0.771934
35	-87.5	235.825	1033.5	0.771819
36.25	-88.75	235.758	1032.75	0.771719
37.5	-90	235.688	1032.03	0.771627
38.75	-91.25	235.612	1031.34	0.771547
40	-92.5	235.526	1030.67	0.771483
41.25	-93.75	235.43	1030.03	0.771433
42.5	-95	235.336	1029.41	0.771388
43.75	-96.25	235.24	1028.82	0.771349
45	-97.5	235.144	1028.25	0.771316
46.25	-98.75	235.046	1027.7	0.771289
47.5	-100	234.945	1027.17	0.771269
48.75	-101.25	234.843	1026.65	0.771253
50	-102.5	234.738	1026.16	0.771245
51.25	-103.75	234.63	1025.68	0.771244
52.5	-105	234.522	1025.22	0.771246
-48.75	-1.25	239.24	996.133	0.759832
-47.5	-2.5	257.06	991.54	0.740747
-46.25	-3.75	281.189	986.086	0.714843
-45	-5	300.423	979.612	0.693325
-43.75	-6.25	315.668	971.94	0.675218
-42.5	-7.5	327.211	962.865	0.66017
-41.25	-8.75	335.043	952.173	0.648129
-40	-10	339.342	939.648	0.638862
-38.75	-11.25	340.454	925.106	0.631984
-37.5	-12.5	338.664	908.448	0.627206
-36.25	-13.75	334.5	889.738	0.624046
-35	-15	328.687	869.325	0.621905
-33.75	-16.25	322.077	847.987	0.620186
-32.5	-17.5	315.247	827.084	0.618845
-31.25	-18.75	308.576	808.631	0.618397
-30	-20	302.381	795.203	0.619744
-28.75	-21.25	296.702	789.55	0.624214
-27.5	-22.5	291.443	793.941	0.632917
-26.25	-23.75	286.54	809.408	0.645988
-25	-25	281.83	835.234	0.662574
-23.75	-26.25	277.274	868.982	0.680921
-22.5	-27.5	272.895	907.094	0.699154
-21.25	-28.75	268.616	945.807	0.715993
-20	-30	264.32	981.97	0.730827
-18.75	-31.25	260.028	1013.5	0.743435
-17.5	-32.5	255.702	1039.42	0.753995
-16.25	-33.75	251.333	1059.64	0.762814
-15	-35	246.902	1074.66	0.770251
-13.75	-36.25	242.416	1085.23	0.776622
-12.5	-37.5	237.877	1092.19	0.782202
-11.25	-38.75	233.356	1096.32	0.787146
-10	-40	228.919	1098.31	0.791571
-8.75	-41.25	224.659	1098.71	0.795525
-7.5	-42.5	220.717	1097.97	0.798976
-6.25	-43.75	217.284	1096.42	0.801824
-5	-45	214.515	1094.32	0.803974
-3.75	-46.25	212.52	1091.86	0.805361
-2.5	-47.5	211.337	1089.2	0.80597
-1.25	-48.75	210.947	1086.41	0.805832
0	-50	211.315	1083.59	0.804986
1.25	-51.25	212.32	1080.78	0.80355
2.5	-52.5	213.801	1078.02	0.801674
3.75	-53.75	215.602	1075.34	0.799503
5	-55	217.643	1072.74	0.797115
6.25	-56.25	219.803	1070.24	0.794623
7.5	-57.5	221.984	1067.85	0.79212
8.75	-58.75	224.095	1065.56	0.789692
10	-60	226.032	1063.37	0.787438
11.25	-61.25	227.752	1061.29	0.785401
12.5	-62.5	229.236	1059.31	0.783599
13.75	-63.75	230.488	1057.42	0.782028
15	-65	231.529	1055.63	0.780671
16.25	-66.25	232.393	1053.92	0.779496
17.5	-67.5	233.106	1052.29	0.778479
18.75	-68.75	233.693	1050.75	0.777594
20	-70	234.174	1049.28	0.776823
21.25	-71.25	234.566	1047.88	0.776151
22.5	-72.5	234.884	1046.54	0.775562
23.75	-73.75	235.137	1045.27	0.775047
25	-75	235.336	1044.06	0.774595
26.25	-76.25	235.488	1042.9	0.774199
27.5	-77.5	235.601	1041.79	0.773851
28.75	-78.75	235.679	1040.74	0.773546
30	-80	235.73	1039.73	0.773277
31.25	-81.25	235.756	1038.76	0.773041
32.5	-82.5	235.759	1037.84	0.772836
33.75	-83.75	235.743	1036.95	0.772657
35	-85	235.714	1036.1	0.772499
36.25	-86.25	235.671	1035.29	0.772361
37.5	-87.5	235.621	1034.5	0.772238
38.75	-88.75	235.567	1033.75	0.772124
40	-90	235.507	1033.03	0.772023
41.25	-91.25	235.435	1032.34	0.771939
42.5	-92.5	235.354	1031.67	0.771871
43.75	-93.75	235.273	1031.03	0.771807
45	-95	235.19	1030.41	0.77175
46.25	-96.25	235.107	1029.81	0.771699
47.5	-97.5	235.02	1029.24	0.771655
48.75	-98.75	234.931	1028.68	0.771619
50	-100	234.841	1028.14	0.771588
51.25	-101.25	234.746	1027.63	0.771565
52.5	-102.5	234.648	1027.13	0.771549
53.75	-103.75	234.55	1026.64	0.771537
-46.25	-1.25	226.437	995.377	0.772511
-45	-2.5	255.639	989.852	0.74174
-43.75	-3.75	279.061	983.255	0.716187
-42.5	-5	297.992	975.391	0.69449
-41.25	-6.25	312.645	966.035	0.676363
-40	-7.5	323.186	954.946	0.661566
-38.75	-8.75	329.902	941.879	0.649741
-37.5	-10	333.111	926.614	0.640507
-36.25	-11.25	333.059	909.014	0.633604
-35	-12.5	330.266	889.107	0.628542
-33.75	-13.75	325.486	867.217	0.624678
-32.5	-15	319.627	844.125	0.621351
-31.25	-16.25	313.327	821.237	0.618469
-30	-17.5	307.023	800.676	0.616546
-28.75	-18.75	301.086	785.189	0.616543
-27.5	-20	295.594	777.744	0.619934
-26.25	-21.25	290.469	780.828	0.627999
-25	-22.5	285.664	795.634	0.640961
-23.75	-23.75	281.022	821.509	0.65792
-22.5	-25	276.512	855.971	0.676961
-21.25	-26.25	272.169	895.33	0.696013
-20	-27.5	267.915	935.644	0.713657
-18.75	-28.75	263.633	973.576	0.729212
-17.5	-30	259.347	1006.88	0.742426
-16.25	-31.25	255.021	1034.48	0.753479
-15	-32.5	250.643	1056.21	0.762695
-13.75	-33.75	246.197	1072.52	0.77045
-12.5	-35	241.687	1084.18	0.777079
-11.25	-36.25	237.116	1092.04	0.782869
-10	-37.5	232.557	1096.9	0.787987
-8.75	-38.75	228.075	1099.47	0.792559
-7.5	-40	223.764	1100.32	0.796638
-6.25	-41.25	219.77	1099.93	0.800196
-5	-42.5	216.287	1098.65	0.803135
-3.75	-43.75	213.473	1096.76	0.805361
-2.5	-45	211.442	1094.46	0.806806
-1.25	-46.25	210.235	1091.9	0.807459
0	-47.5	209.834	1089.19	0.807348
1.25	-48.75	210.205	1086.41	0.806515
2.5	-50	211.225	1083.63	0.805077
3.75	-51.25	212.73	1080.88	0.803188
5	-52.5	214.564	1078.19	0.800996
6.25	-53.75	216.645	1075.58	0.798578
7.5	-55	218.85	1073.06	0.79605
8.75	-56.25	221.079	1070.63	0.793506
10	-57.5	223.241	1068.31	0.791033
11.25	-58.75	225.23	1066.09	0.788732
12.5	-60	227	1063.96	0.786647
13.75	-61.25	228.533	1061.94	0.784797
15	-62.5	229.833	1060.01	0.783179
16.25	-63.75	230.919	1058.17	0.781776
17.5	-65	231.826	1056.42	0.780556
18.75	-66.25	232.58	1054.76	0.779495
20	-67.5	233.205	1053.17	0.778568
21.25	-68.75	233.723	1051.65	0.777757
22.5	-70	234.149	1050.21	0.777046
23.75	-71.25	234.499	1048.84	0.77642
25	-72.5	234.782	1047.52	0.775869
26.25	-73.75	235.01	1046.27	0.775383
27.5	-75	235.19	1045.07	0.774954
28.75	-76.25	235.328	1043.93	0.774574
30	-77.5	235.431	1042.84	0.77424
31.25	-78.75	235.505	1041.79	0.773942
32.5	-80	235.552	1040.79	0.773679
33.75	-81.25	235.576	1039.83	0.773447
35	-82.5	235.579	1038.91	0.773243
36.25	-83.75	235.569	1038.02	0.77306
37.5	-85	235.544	1037.18	0.772899
38.75	-86.25	235.51	1036.36	0.772753
40	-87.5	235.473	1035.58	0.772618
41.25	-88.75	235.428	1034.83	0.772496
42.5	-90	235.372	1034.11	0.772392
43.75	-91.25	235.304	1033.41	0.772304
45	-92.5	235.237	1032.74	0.772222
46.25	-93.75	235.167	1032.1	0.772147
47.5	-95	235.096	1031.48	0.772078
48.75	-96.25	235.022	1030.88	0.772018
50	-97.5	234.944	1030.3	0.771965
51.25	-98.75	234.864	1029.74	0.771918
52.5	-100	234.781	1029.2	0.77188
53.75	-101.25	234.693	1028.68	0.77185
55	-102.5	234.605	1028.17	0.771823
-43.75	-1.25	238.027	994.434	0.76064
-42.5	-2.5	255.773	987.742	0.741053
-41.25	-3.75	277.353	979.708	0.716903
-40	-5	295.476	970.088	0.695413
-38.75	-6.25	309.009	958.61	0.677649
-37.5	-7.5	318.421	944.993	0.663044
-36.25	-8.75	324.031	928.977	0.651195
-35	-10	326.034	910.376	0.641869
-33.75	-11.25	324.917	889.175	0.634586
-32.5	-12.5	321.439	865.665	0.628679
-31.25	-13.75	316.557	840.622	0.623426
-30	-15	310.967	815.495	0.618677
-28.75	-16.25	305.169	792.527	0.614942
-27.5	-17.5	299.599	774.654	0.613247
-26.25	-18.75	294.375	765.093	0.615243
-25	-20	289.445	766.58	0.62242
-23.75	-21.25	284.783	780.494	0.635124
-22.5	-22.5	280.242	806.261	0.652418
-21.25	-23.75	275.801	841.358	0.672195
-20	-25	271.509	881.958	0.692152
-18.75	-26.25	267.291	923.926	0.710701
-17.5	-27.5	263.03	963.727	0.72707
-16.25	-28.75	258.754	998.943	0.740972
-15	-30	254.427	1028.36	0.752589
-13.75	-31.25	250.04	1051.74	0.76226
-12.5	-32.5	245.575	1069.49	0.770382
-11.25	-33.75	241.038	1082.38	0.777308
-10	-35	236.429	1091.25	0.783342
-8.75	-36.25	231.826	1096.95	0.788663
-7.5	-37.5	227.293	1100.19	0.793405
-6.25	-38.75	222.925	1101.58	0.797631
-5	-40	218.872	1101.61	0.801317
-3.75	-41.25	215.33	1100.66	0.804363
-2.5	-42.5	212.464	1099.02	0.806679
-1.25	-43.75	210.392	1096.91	0.808196
0	-45	209.156	1094.5	0.808902
1.25	-46.25	208.74	1091.9	0.808828
2.5	-47.5	209.111	1089.2	0.808014
3.75	-48.75	210.143	1086.46	0.80658
5	-50	211.673	1083.74	0.804683
6.25	-51.25	213.539	1081.06	0.802472
7.5	-52.5	215.66	1078.45	0.800028
8.75	-53.75	217.911	1075.92	0.797465
10	-55	220.19	1073.47	0.794881
11.25	-56.25	222.405	1071.13	0.792364
12.5	-57.5	224.446	1068.88	0.790017
13.75	-58.75	226.268	1066.72	0.787884
15	-60	227.852	1064.66	0.785986
16.25	-61.25	229.201	1062.69	0.784321
17.5	-62.5	230.334	1060.82	0.782871
18.75	-63.75	231.285	1059.03	0.781606
20	-65	232.08	1057.32	0.780501
21.25	-66.25	232.745	1055.69	0.779533
22.5	-67.5	233.3	1054.14	0.778681
23.75	-68.75	233.761	1052.65	0.777931
25	-70	234.144	1051.24	0.777268
26.25	-71.25	234.459	1049.88	0.776681
27.5	-72.5	234.716	1048.59	0.776161
28.75	-73.75	234.923	1047.35	0.775699
30	-75	235.088	1046.17	0.775288
31.25	-76.25	235.215	1045.04	0.774923
32.5	-77.5	235.312	1043.96	0.774596
33.75	-78.75	235.382	1042.92	0.774305
35	-80	235.427	1041.93	0.774047
36.25	-81.25	235.45	1040.97	0.773818
37.5	-82.5	235.458	1040.06	0.773611
38.75	-83.75	235.451	1039.18	0.773425
40	-85	235.435	1038.33	0.773257
41.25	-86.25	235.414	1037.52	0.7731
42.5	-87.5	235.384	1036.74	0.772957
43.75	-88.75	235.342	1035.99	0.772833
45	-90	235.289	1035.26	0.772726
46.25	-91.25	235.235	1034.57	0.772625
47.5	-92.5	235.178	1033.89	0.772532
48.75	-93.75	235.12	1033.25	0.772446
50	-95	235.057	1032.62	0.772368
51.25	-96.25	234.991	1032.02	0.772299
52.5	-97.5	234.922	1031.43	0.772237
53.75	-98.75	234.849	1030.87	0.772183
55	-100	234.771	1030.32	0.772138
56.25	-101.25	234.693	1029.79	0.772097
-41.25	-1.25	234.373	993.252	0.764034
-40	-2.5	253.608	985.086	0.742552
-38.75	-3.75	274.981	975.231	0.718035
-37.5	-5	292.016	963.384	0.696885
-36.25	-6.25	304.541	949.221	0.679168
-35	-7.5	312.882	932.434	0.664446
-33.75	-8.75	317.273	912.781	0.652411
-32.5	-10	318.164	890.19	0.642589
-31.25	-11.25	316.294	864.906	0.634302
-30	-12.5	312.653	837.69	0.626768
-28.75	-13.75	307.993	810.037	0.619778
-27.5	-15	302.877	784.309	0.613829
-26.25	-16.25	297.812	763.663	0.610021
-25	-17.5	292.963	751.595	0.610212
-23.75	-18.75	288.311	751.128	0.616163
-22.5	-20	283.855	763.86	0.628395
-21.25	-21.25	279.46	789.314	0.645946
-20	-22.5	275.122	824.928	0.66649
-18.75	-23.75	270.905	866.736	0.687442
-17.5	-25	266.741	910.398	0.707006
-16.25	-26.25	262.512	952.161	0.724299
-15	-27.5	258.253	989.417	0.738985
-13.75	-28.75	253.929	1020.8	0.751246
-12.5	-30	249.533	1045.99	0.761439
-11.25	-31.25	245.049	1065.35	0.769982
-10	-32.5	240.482	1079.61	0.777251
-8.75	-33.75	235.832	1089.64	0.783569
-7.5	-35	231.178	1096.29	0.789126
-6.25	-36.25	226.587	1100.31	0.794069
-5	-37.5	222.156	1102.33	0.798467
-3.75	-38.75	218.035	1102.87	0.802302
-2.5	-40	214.428	1102.32	0.805476
-1.25	-41.25	211.504	1101	0.807899
0	-42.5	209.384	1099.14	0.809502
1.25	-43.75	208.113	1096.91	0.810274
2.5	-45	207.678	1094.46	0.810246
3.75	-46.25	208.045	1091.86	0.809459
5	-47.5	209.089	1089.21	0.808036
6.25	-48.75	210.642	1086.54	0.806135
7.5	-50	212.54	1083.9	0.803911
8.75	-51.25	214.702	1081.3	0.801442
10	-52.5	217	1078.78	0.798846
11.25	-53.75	219.33	1076.33	0.796224
12.5	-55	221.598	1073.97	0.793664
13.75	-56.25	223.694	1071.7	0.791272
15	-57.5	225.57	1069.52	0.789092
16.25	-58.75	227.207	1067.43	0.787146
17.5	-60	228.606	1065.44	0.785434
18.75	-61.25	229.787	1063.53	0.783938
20	-62.5	230.784	1061.7	0.782628
21.25	-63.75	231.622	1059.96	0.78148
22.5	-65	232.328	1058.29	0.780469
23.75	-66.25	232.921	1056.7	0.779577
25	-67.5	233.418	1055.18	0.778788
26.25	-68.75	233.835	1053.72	0.778087
27.5	-70	234.181	1052.33	0.777465
28.75	-71.25	234.468	1051	0.77691
30	-72.5	234.704	1049.73	0.776415
31.25	-73.75	234.895	1048.51	0.775973
32.5	-75	235.047	1047.34	0.775578
33.75	-76.25	235.168	1046.23	0.775223
35	-77.5	235.26	1045.15	0.774904
36.25	-78.75	235.326	1044.13	0.774619
37.5	-80	235.369	1043.14	0.774365
38.75	-81.25	235.396	1042.19	0.774133
40	-82.5	235.407	1041.28	0.773925
41.25	-83.75	235.408	1040.4	0.773734
42.5	-85	235.403	1039.56	0.773555
43.75	-86.25	235.389	1038.75	0.773391
45	-87.5	235.362	1037.97	0.773247
46.25	-88.75	235.322	1037.21	0.77312
47.5	-90	235.282	1036.49	0.773001
48.75	-91.25	235.238	1035.79	0.77289
50	-92.5	235.192	1035.11	0.772786
51.25	-93.75	235.141	1034.46	0.772692
52.5	-95	235.086	1033.83	0.772607
53.75	-96.25	235.029	1033.22	0.772528
55	-97.5	234.966	1032.63	0.77246
56.25	-98.75	234.898	1032.06	0.7724
57.5	-100	234.829	1031.51	0.772345
-38.75	-1.25	233.838	991.756	0.764218
-37.5	-2.5	252.551	981.716	0.742745
-36.25	-3.75	272.222	969.538	0.719225
-35	-5	288.349	954.854	0.698017
-33.75	-6.25	299.691	937.293	0.680258
-32.5	-7.5	306.716	916.547	0.665357
-31.25	-8.75	309.884	892.474	0.652781
-30	-10	309.906	865.256	0.641833
-28.75	-11.25	307.77	835.627	0.63169
-27.5	-12.5	304.272	805.115	0.622076
-26.25	-13.75	300.032	776.218	0.613469
-25	-15	295.631	752.335	0.607049
-23.75	-16.25	291.284	737.286	0.604925
-22.5	-17.5	287.01	734.428	0.609207
-21.25	-18.75	282.836	745.614	0.620668
-20	-20	278.646	770.485	0.63835
-18.75	-21.25	274.454	806.45	0.659676
-17.5	-22.5	270.345	849.395	0.68172
-16.25	-23.75	266.259	894.764	0.702426
-15	-25	262.078	938.571	0.72077
-13.75	-26.25	257.846	977.995	0.736353
-12.5	-27.5	253.531	1011.51	0.749354
-11.25	-28.75	249.13	1038.68	0.760148
-10	-30	244.628	1059.81	0.769179
-8.75	-31.25	240.027	1075.62	0.776847
-7.5	-32.5	235.332	1086.96	0.783494
-6.25	-33.75	230.623	1094.7	0.789328
-5	-35	225.968	1099.63	0.794505
-3.75	-36.25	221.466	1102.4	0.799105
-2.5	-37.5	217.27	1103.54	0.803116
-1.25	-38.75	213.59	1103.48	0.80644
0	-40	210.599	1102.55	0.80899
1.25	-41.25	208.424	1101	0.810696
2.5	-42.5	207.113	1099.02	0.811549
3.75	-43.75	206.653	1096.76	0.811579
5	-45	207.014	1094.32	0.810828
6.25	-46.25	208.068	1091.78	0.809423
7.5	-47.5	209.643	1089.2	0.807525
8.75	-48.75	211.574	1086.61	0.805291
10	-50	213.776	1084.06	0.802801
11.25	-51.25	216.122	1081.56	0.800177
12.5	-52.5	218.505	1079.13	0.797518
13.75	-53.75	220.829	1076.78	0.794917
15	-55	222.981	1074.5	0.79248
16.25	-56.25	224.914	1072.31	0.790254
17.5	-57.5	226.605	1070.21	0.788261
18.75	-58.75	228.057	1068.19	0.786502
20	-60	229.287	1066.26	0.784961
21.25	-61.25	230.331	1064.41	0.783606
22.5	-62.5	231.214	1062.63	0.782414
23.75	-63.75	231.961	1060.94	0.781362
25	-65	232.594	1059.31	0.780429
26.25	-66.25	233.128	1057.76	0.779602
27.5	-67.5	233.579	1056.27	0.778864
28.75	-68.75	233.958	1054.84	0.778206
30	-70	234.276	1053.48	0.777617
31.25	-71.25	234.54	1052.17	0.77709
32.5	-72.5	234.759	1050.92	0.776616
33.75	-73.75	234.936	1049.72	0.776192
35	-75	235.081	1048.57	0.775808
36.25	-76.25	235.196	1047.46	0.775461
37.5	-77.5	235.283	1046.4	0.77515
38.75	-78.75	235.346	1045.38	0.774871
40	-80	235.392	1044.4	0.774615
41.25	-81.25	235.421	1043.46	0.774383
42.5	-82.5	235.439	1042.55	0.774171
43.75	-83.75	235.451	1041.68	0.77397
45	-85	235.452	1040.84	0.773785
46.25	-86.25	235.44	1040.03	0.773622
47.5	-87.5	235.414	1039.25	0.773476
48.75	-88.75	235.387	1038.49	0.773338
50	-90	235.356	1037.76	0.773209
51.25	-91.25	235.322	1037.06	0.773088
52.5	-92.5	235.283	1036.38	0.772977
53.75	-93.75	235.239	1035.73	0.772876
55	-95	235.192	1035.1	0.772782
56.25	-96.25	235.139	1034.48	0.772699
57.5	-97.5	235.081	1033.89	0.772624
58.75	-98.75	235.022	1033.32	0.772556
-36.25	-1.25	234.013	989.849	0.763588
-35	-2.5	249.317	977.408	0.74492
-33.75	-3.75	269.449	962.252	0.719981
-32.5	-5	284.248	943.941	0.698871
-31.25	-6.25	294.181	922.086	0.680962
-30	-7.5	299.866	896.452	0.665497
-28.75	-8.75	302.039	867.141	0.651684
-27.5	-10	301.666	834.835	0.638653
-26.25	-11.25	299.574	801.091	0.626043
-25	-12.5	296.426	768.545	0.614302
-23.75	-13.75	292.874	740.871	0.60469
-22.5	-15	289.182	722.264	0.599617
-21.25	-16.25	285.411	716.474	0.601645
-20	-17.5	281.619	725.656	0.611912
-18.75	-18.75	277.711	749.594	0.629518
-17.5	-20	273.725	785.677	0.651606
-16.25	-21.25	269.77	829.637	0.674834
-15	-22.5	265.795	876.692	0.69682
-13.75	-23.75	261.687	922.601	0.71636
-12.5	-25	257.5	964.315	0.732971
-11.25	-26.25	253.208	1000.12	0.746823
-10	-27.5	248.81	1029.46	0.75831
-8.75	-28.75	244.292	1052.55	0.767905
-7.5	-30	239.66	1070.08	0.776035
-6.25	-31.25	234.919	1082.91	0.783066
-5	-32.5	230.152	1091.91	0.789221
-3.75	-33.75	225.428	1097.89	0.794672
-2.5	-35	220.848	1101.53	0.799509
-1.25	-36.25	216.57	1103.4	0.803724
0	-37.5	212.809	1103.93	0.807226
1.25	-38.75	209.745	1103.48	0.809924
2.5	-40	207.509	1102.32	0.811753
3.75	-41.25	206.152	1100.66	0.812702
5	-42.5	205.665	1098.65	0.812803
6.25	-43.75	206.016	1096.42	0.812101
7.5	-45	207.077	1094.04	0.810722
8.75	-46.25	208.674	1091.58	0.808833
10	-47.5	210.637	1089.1	0.806595
11.25	-48.75	212.881	1086.62	0.804089
12.5	-50	215.277	1084.18	0.801439
13.75	-51.25	217.715	1081.79	0.798746
15	-52.5	220.096	1079.46	0.796105
16.25	-53.75	222.307	1077.2	0.793625
17.5	-55	224.298	1075.02	0.791355
18.75	-56.25	226.046	1072.92	0.789316
20	-57.5	227.552	1070.89	0.787512
21.25	-58.75	228.835	1068.95	0.785925
22.5	-60	229.927	1067.08	0.784526
23.75	-61.25	230.856	1065.28	0.783292
25	-62.5	231.646	1063.57	0.782198
26.25	-63.75	232.32	1061.92	0.781226
27.5	-65	232.892	1060.34	0.780361
28.75	-66.25	233.379	1058.82	0.779586
30	-67.5	233.792	1057.37	0.778893
31.25	-68.75	234.141	1055.98	0.778271
32.5	-70	234.435	1054.64	0.777711
33.75	-71.25	234.681	1053.36	0.777207
35	-72.5	234.885	1052.13	0.776753
36.25	-73.75	235.054	1050.95	0.77634
37.5	-75	235.192	1049.81	0.775967
38.75	-76.25	235.301	1048.72	0.77563
40	-77.5	235.384	1047.67	0.775326
41.25	-78.75	235.45	1046.66	0.775046
42.5	-80	235.497	1045.69	0.774792
43.75	-81.25	235.532	1044.75	0.774557
45	-82.5	235.56	1043.85	0.774335
46.25	-83.75	235.578	1042.98	0.774131
47.5	-85	235.579	1042.14	0.773947
48.75	-86.25	235.568	1041.34	0.773783
50	-87.5	235.554	1040.56	0.773627
51.25	-88.75	235.536	1039.8	0.77348
52.5	-90	235.513	1039.07	0.773343
53.75	-91.25	235.486	1038.37	0.773216
55	-92.5	235.453	1037.69	0.773099
56.25	-93.75	235.417	1037.03	0.77299
57.5	-95	235.374	1036.4	0.772891
58.75	-96.25	235.326	1035.78	0.772803
60	-97.5	235.276	1035.18	0.77272
-33.75	-1.25	223.601	987.401	0.773546
-32.5	-2.5	247.824	971.863	0.745001
-31.25	-3.75	266.322	952.867	0.720505
-30	-5	279.573	929.922	0.699359
-28.75	-6.25	288.015	902.679	0.680933
-27.5	-7.5	292.546	871.127	0.664175
-26.25	-8.75	294.143	835.873	0.648101
-25	-10	293.674	798.478	0.632207
-23.75	-11.25	291.833	761.723	0.616878
-22.5	-12.5	289.326	729.592	0.603441
-21.25	-13.75	286.464	706.722	0.594658
-20	-15	283.342	697.328	0.593675
-18.75	-16.25	280.053	703.926	0.602156
-17.5	-17.5	276.526	726.477	0.61936
-16.25	-18.75	272.824	762.358	0.642132
-15	-20	269.082	807.144	0.666624
-13.75	-21.25	265.267	855.81	0.690039
-12.5	-22.5	261.269	903.848	0.710937
-11.25	-23.75	257.155	947.951	0.728725
-10	-25	252.905	986.203	0.743556
-8.75	-26.25	248.524	1017.89	0.755843
-7.5	-27.5	244.001	1043.14	0.76609
-6.25	-28.75	239.345	1062.6	0.774755
-5	-30	234.56	1077.11	0.782231
-3.75	-31.25	229.735	1087.56	0.78876
-2.5	-32.5	224.941	1094.76	0.79453
-1.25	-33.75	220.28	1099.43	0.799642
0	-35	215.915	1102.15	0.804097
1.25	-36.25	212.069	1103.4	0.807804
2.5	-37.5	208.925	1103.54	0.810677
3.75	-38.75	206.623	1102.87	0.81265
5	-40	205.216	1101.61	0.813712
6.25	-41.25	204.697	1099.93	0.8139
7.5	-42.5	205.037	1097.97	0.813258
8.75	-43.75	206.105	1095.81	0.811915
10	-45	207.723	1093.53	0.810045
11.25	-46.25	209.718	1091.2	0.807809
12.5	-47.5	212.006	1088.84	0.805292
13.75	-48.75	214.452	1086.49	0.802619
15	-50	216.947	1084.17	0.799895
16.25	-51.25	219.389	1081.9	0.797218
17.5	-52.5	221.661	1079.68	0.794698
18.75	-53.75	223.713	1077.53	0.792384
20	-55	225.52	1075.45	0.790301
21.25	-56.25	227.083	1073.43	0.788452
22.5	-57.5	228.419	1071.49	0.786821
23.75	-58.75	229.563	1069.62	0.78538
25	-60	230.54	1067.83	0.784104
26.25	-61.25	231.375	1066.1	0.78297
27.5	-62.5	232.091	1064.44	0.781959
28.75	-63.75	232.703	1062.84	0.781056
30	-65	233.227	1061.31	0.780246
31.25	-66.25	233.675	1059.84	0.779519
32.5	-67.5	234.057	1058.43	0.778864
33.75	-68.75	234.381	1057.07	0.778272
35	-70	234.656	1055.76	0.777738
36.25	-71.25	234.886	1054.51	0.777255
37.5	-72.5	235.081	1053.3	0.776815
38.75	-73.75	235.243	1052.14	0.776415
40	-75	235.374	1051.02	0.776053
41.25	-76.25	235.478	1049.95	0.775725
42.5	-77.5	235.563	1048.91	0.775422
43.75	-78.75	235.629	1047.92	0.775145
45	-80	235.682	1046.96	0.774889
46.25	-81.25	235.727	1046.03	0.774646
47.5	-82.5	235.76	1045.14	0.774422
48.75	-83.75	235.777	1044.27	0.774219
50	-85	235.779	1043.44	0.774037
51.25	-86.25	235.779	1042.64	0.773863
52.5	-87.5	235.773	1041.86	0.773699
53.75	-88.75	235.764	1041.11	0.773545
55	-90	235.748	1040.38	0.773402
56.25	-91.25	235.726	1039.68	0.77327
57.5	-92.5	235.7	1039	0.773146
58.75	-93.75	235.668	1038.34	0.773033
60	-95	235.629	1037.7	0.772931
61.25	-96.25	235.588	1037.08	0.772835
-31.25	-1.25	231.572	984.231	0.764718
-30	-2.5	246.36	964.676	0.744619
-28.75	-3.75	262.286	940.72	0.721186
-27.5	-5	273.916	911.872	0.699612
-26.25	-6.25	281.128	877.969	0.679797
-25	-7.5	284.902	839.498	0.660629
-23.75	-8.75	286.257	797.996	0.641279
-22.5	-10	285.933	756.384	0.621973
-21.25	-11.25	284.68	718.998	0.60406
-20	-12.5	282.842	690.999	0.590677
-18.75	-13.75	280.543	677.162	0.585708
-17.5	-15	277.905	680.442	0.591581
-16.25	-16.25	274.883	701.017	0.60788
-15	-17.5	271.564	736.261	0.631158
-13.75	-18.75	268.12	781.589	0.656955
-12.5	-20	264.531	831.72	0.681947
-11.25	-21.25	260.695	881.858	0.70438
-10	-22.5	256.696	928.419	0.723513
-8.75	-23.75	252.521	969.252	0.739468
-7.5	-25	248.182	1003.47	0.752676
-6.25	-26.25	243.674	1031.09	0.763675
-5	-27.5	239.007	1052.7	0.772958
-3.75	-28.75	234.189	1069.1	0.780948
-2.5	-30	229.312	1081.2	0.787909
-1.25	-31.25	224.451	1089.82	0.794047
0	-32.5	219.711	1095.69	0.799477
1.25	-33.75	215.259	1099.43	0.804209
2.5	-35	211.325	1101.53	0.808154
3.75	-36.25	208.1	1102.4	0.811229
5	-37.5	205.73	1102.33	0.813369
6.25	-38.75	204.27	1101.58	0.814566
7.5	-40	203.718	1100.32	0.814857
8.75	-41.25	204.044	1098.71	0.814287
10	-42.5	205.119	1096.85	0.812992
11.25	-43.75	206.759	1094.82	0.811148
12.5	-45	208.788	1092.69	0.808922
13.75	-46.25	211.12	1090.5	0.8064
15	-47.5	213.62	1088.29	0.80371
16.25	-48.75	216.175	1086.09	0.80096
17.5	-50	218.679	1083.91	0.798249
18.75	-51.25	221.016	1081.77	0.795691
20	-52.5	223.131	1079.68	0.793336
21.25	-53.75	225	1077.65	0.791211
22.5	-55	226.623	1075.67	0.78932
23.75	-56.25	228.016	1073.76	0.787647
25	-57.5	229.213	1071.91	0.786165
26.25	-58.75	230.24	1070.13	0.784849
27.5	-60	231.123	1068.41	0.783676
28.75	-61.25	231.884	1066.76	0.782627
30	-62.5	232.537	1065.16	0.781688
31.25	-63.75	233.101	1063.63	0.780843
32.5	-65	233.585	1062.15	0.780083
33.75	-66.25	234.001	1060.73	0.779396
35	-67.5	234.357	1059.36	0.778774
36.25	-68.75	234.662	1058.04	0.77821
37.5	-70	234.921	1056.77	0.777699
38.75	-71.25	235.142	1055.55	0.777232
40	-72.5	235.329	1054.37	0.776807
41.25	-73.75	235.483	1053.24	0.77642
42.5	-75	235.609	1052.14	0.776068
43.75	-76.25	235.715	1051.09	0.775742
45	-77.5	235.8	1050.07	0.775444
46.25	-78.75	235.871	1049.09	0.775167
47.5	-80	235.933	1048.15	0.774904
48.75	-81.25	235.983	1047.23	0.77466
50	-82.5	236.015	1046.35	0.774439
51.25	-83.75	236.032	1045.5	0.774239
52.5	-85	236.046	1044.67	0.774048
53.75	-86.25	236.053	1043.87	0.773868
55	-87.5	236.056	1043.1	0.773698
56.25	-88.75	236.053	1042.36	0.773539
57.5	-90	236.042	1041.63	0.773392
58.75	-91.25	236.027	1040.93	0.773254
60	-92.5	236.005	1040.25	0.773127
61.25	-93.75	235.976	1039.6	0.773012
62.5	-95	235.944	1038.96	0.772903
-28.75	-1.25	229.585	980.101	0.765754
-27.5	-2.5	242.754	955.309	0.745889
-26.25	-3.75	257.182	924.949	0.72195
-25	-5	267.626	888.656	0.698842
-23.75	-6.25	273.819	846.739	0.67662
-22.5	-7.5	277.154	800.654	0.653841
-21.25	-8.75	278.512	753.449	0.63035
-20	-10	278.693	709.852	0.607393
-18.75	-11.25	278.065	675.654	0.58845
-17.5	-12.5	276.769	656.32	0.578301
-16.25	-13.75	274.947	655.347	0.580456
-15	-15	272.571	673.181	0.5951
-13.75	-16.25	269.757	707.206	0.618559
-12.5	-17.5	266.712	752.667	0.645645
-11.25	-18.75	263.433	804.018	0.672355
-10	-20	259.827	856.151	0.696517
-8.75	-21.25	255.998	905.181	0.717186
-7.5	-22.5	251.943	948.698	0.734433
-6.25	-23.75	247.682	985.613	0.748703
-5	-25	243.216	1015.81	0.76057
-3.75	-26.25	238.561	1039.79	0.770568
-2.5	-27.5	233.727	1058.32	0.779153
-1.25	-28.75	228.812	1072.29	0.786613
0	-30	223.895	1082.54	0.793176
1.25	-31.25	219.082	1089.82	0.798973
2.5	-32.5	214.547	1094.76	0.804023
3.75	-33.75	210.529	1097.89	0.808243
5	-35	207.224	1099.63	0.811551
6.25	-36.25	204.784	1100.31	0.813885
7.5	-37.5	203.273	1100.19	0.815238
8.75	-38.75	202.686	1099.47	0.81565
10	-40	203.001	1098.31	0.81517
11.25	-41.25	204.082	1096.83	0.813935
12.5	-42.5	205.745	1095.13	0.812127
13.75	-43.75	207.81	1093.28	0.80992
15	-45	210.189	1091.33	0.807401
16.25	-46.25	212.745	1089.32	0.8047
17.5	-47.5	215.362	1087.29	0.801928
18.75	-48.75	217.932	1085.26	0.799188
20	-50	220.336	1083.24	0.796596
21.25	-51.25	222.518	1081.25	0.794204
22.5	-52.5	224.453	1079.31	0.79204
23.75	-53.75	226.138	1077.41	0.790109
25	-55	227.591	1075.56	0.788397
26.25	-56.25	228.845	1073.76	0.786875
27.5	-57.5	229.926	1072.02	0.785521
28.75	-58.75	230.859	1070.34	0.784311
30	-60	231.667	1068.71	0.783227
31.25	-61.25	232.364	1067.13	0.782254
32.5	-62.5	232.969	1065.61	0.781376
33.75	-63.75	233.492	1064.15	0.780583
35	-65	233.945	1062.73	0.779865
36.25	-66.25	234.335	1061.37	0.779214
37.5	-67.5	234.672	1060.05	0.778622
38.75	-68.75	234.96	1058.78	0.778085
40	-70	235.21	1057.56	0.777592
41.25	-71.25	235.423	1056.38	0.777142
42.5	-72.5	235.601	1055.24	0.776731
43.75	-73.75	235.75	1054.14	0.776357
45	-75	235.878	1053.07	0.776009
46.25	-76.25	235.984	1052.05	0.77569
47.5	-77.5	236.074	1051.05	0.775393
48.75	-78.75	236.155	1050.1	0.775111
50	-80	236.222	1049.17	0.774848
51.25	-81.25	236.271	1048.27	0.77461
52.5	-82.5	236.303	1047.41	0.774392
53.75	-83.75	236.331	1046.57	0.774185
55	-85	236.353	1045.76	0.773989
56.25	-86.25	236.369	1044.97	0.773803
57.5	-87.5	236.378	1044.21	0.77363
58.75	-88.75	236.379	1043.47	0.773468
60	-90	236.376	1042.76	0.773316
61.25	-91.25	236.364	1042.06	0.773176
62.5	-92.5	236.345	1041.39	0.773048
63.75	-93.75	236.323	1040.73	0.772926
-26.25	-1.25	227.992	974.687	0.766087
-25	-2.5	239.19	943.055	0.746366
-23.75	-3.75	252.52	904.469	0.720808
-22.5	-5	261.275	858.971	0.695828
-21.25	-6.25	266.61	807.853	0.669977
-20	-7.5	269.679	754.241	0.64245
-18.75	-8.75	271.357	703.298	0.614165
-17.5	-10	272.05	661.577	0.588785
-16.25	-11.25	271.894	635.412	0.572098
-15	-12.5	271.031	628.987	0.5691
-13.75	-13.75	269.439	643.088	0.581023
-12.5	-15	267.253	675.119	0.60414
-11.25	-16.25	264.714	720.142	0.632414
-10	-17.5	261.839	772.328	0.660975
-8.75	-18.75	258.542	826.241	0.687087
-7.5	-20	254.948	877.67	0.709518
-6.25	-21.25	251.065	923.917	0.72826
-5	-22.5	246.926	963.661	0.743762
-3.75	-23.75	242.54	996.625	0.756639
-2.5	-25	237.925	1023.19	0.767467
-1.25	-26.25	233.099	1044.09	0.776744
0	-27.5	228.165	1060.17	0.784786
1.25	-28.75	223.205	1072.29	0.791842
2.5	-30	218.332	1081.2	0.798065
3.75	-31.25	213.722	1087.56	0.803484
5	-32.5	209.624	1091.91	0.808021
6.25	-33.75	206.243	1094.7	0.811599
7.5	-35	203.737	1096.29	0.814157
8.75	-36.25	202.175	1096.95	0.815693
10	-37.5	201.556	1096.9	0.816249
11.25	-38.75	201.86	1096.32	0.815875
12.5	-40	202.95	1095.34	0.814715
13.75	-41.25	204.638	1094.07	0.812958
15	-42.5	206.74	1092.59	0.81078
16.25	-43.75	209.169	1090.96	0.808272
17.5	-45	211.782	1089.23	0.805568
18.75	-46.25	214.465	1087.44	0.802781
20	-47.5	217.104	1085.62	0.800018
21.25	-48.75	219.579	1083.79	0.797397
22.5	-50	221.831	1081.96	0.794972
23.75	-51.25	223.835	1080.15	0.792774
25	-52.5	225.587	1078.37	0.790807
26.25	-53.75	227.103	1076.62	0.789059
27.5	-55	228.417	1074.91	0.787502
28.75	-56.25	229.555	1073.25	0.786113
30	-57.5	230.542	1071.63	0.784869
31.25	-58.75	231.399	1070.06	0.783752
32.5	-60	232.144	1068.54	0.782746
33.75	-61.25	232.793	1067.06	0.781837
35	-62.5	233.358	1065.63	0.781015
36.25	-63.75	233.849	1064.25	0.780269
37.5	-65	234.276	1062.91	0.77959
38.75	-66.25	234.647	1061.62	0.778972
40	-67.5	234.968	1060.37	0.778409
41.25	-68.75	235.247	1059.16	0.777892
42.5	-70	235.488	1057.99	0.777418
43.75	-71.25	235.693	1056.85	0.776986
45	-72.5	235.868	1055.76	0.77659
46.25	-73.75	236.019	1054.7	0.776222
47.5	-75	236.147	1053.68	0.775884
48.75	-76.25	236.258	1052.69	0.775568
50	-77.5	236.358	1051.73	0.775267
51.25	-78.75	236.444	1050.8	0.774987
52.5	-80	236.511	1049.9	0.774731
53.75	-81.25	236.56	1049.03	0.774498
55	-82.5	236.603	1048.19	0.774274
56.25	-83.75	236.64	1047.37	0.774063
57.5	-85	236.67	1046.58	0.773863
58.75	-86.25	236.693	1045.81	0.773676
60	-87.5	236.707	1045.07	0.773501
61.25	-88.75	236.716	1044.34	0.773335
62.5	-90	236.717	1043.64	0.773182
63.75	-91.25	236.709	1042.96	0.773042
65	-92.5	236.697	1042.3	0.772909
-23.75	-1.25	224.739	967.564	0.767727
-22.5	-2.5	237.165	927.012	0.744162
-21.25	-3.75	247.405	877.996	0.718216
-20	-5	254.732	821.508	0.689921
-18.75	-6.25	259.517	760.65	0.658822
-17.5	-7.5	262.655	701.039	0.625334
-16.25	-8.75	264.687	650.156	0.592887
-15	-10	265.746	615.461	0.568216
-13.75	-11.25	265.95	602.034	0.558248
-12.5	-12.5	265.265	611.108	0.565929
-11.25	-13.75	263.826	640.118	0.587848
-10	-15	261.909	683.919	0.617046
-8.75	-16.25	259.542	736.374	0.64754
-7.5	-17.5	256.644	791.701	0.675832
-6.25	-18.75	253.364	845.338	0.700282
-5	-20	249.72	894.268	0.720754
-3.75	-21.25	245.759	936.908	0.737691
-2.5	-22.5	241.499	972.783	0.751745
-1.25	-23.75	236.965	1002.14	0.763542
0	-25	232.179	1025.64	0.773626
1.25	-26.25	227.253	1044.09	0.782343
2.5	-27.5	222.275	1058.32	0.789974
3.75	-28.75	217.359	1069.1	0.796691
5	-30	212.689	1077.11	0.802537
6.25	-31.25	208.524	1082.91	0.80744
7.5	-32.5	205.076	1086.96	0.81133
8.75	-33.75	202.511	1089.64	0.814149
10	-35	200.903	1091.25	0.815897
11.25	-36.25	200.256	1092.04	0.816622
12.5	-37.5	200.552	1092.19	0.816376
13.75	-38.75	201.654	1091.84	0.815309
15	-40	203.37	1091.13	0.813615
16.25	-41.25	205.512	1090.13	0.81148
17.5	-42.5	207.992	1088.93	0.808994
18.75	-43.75	210.667	1087.58	0.806297
20	-45	213.417	1086.11	0.803504
21.25	-46.25	216.13	1084.58	0.800725
22.5	-47.5	218.678	1083	0.798082
23.75	-48.75	221.004	1081.4	0.795631
25	-50	223.081	1079.79	0.793404
26.25	-51.25	224.903	1078.19	0.791406
27.5	-52.5	226.487	1076.6	0.789627
28.75	-53.75	227.865	1075.03	0.788039
30	-55	229.063	1073.49	0.786619
31.25	-56.25	230.107	1071.99	0.785345
32.5	-57.5	231.019	1070.51	0.784198
33.75	-58.75	231.815	1069.08	0.783164
35	-60	232.512	1067.68	0.782228
36.25	-61.25	233.121	1066.32	0.781378
37.5	-62.5	233.654	1065	0.780606
38.75	-63.75	234.121	1063.72	0.779903
40	-65	234.529	1062.47	0.779261
41.25	-66.25	234.885	1061.27	0.778675
42.5	-67.5	235.197	1060.1	0.778136
43.75	-68.75	235.469	1058.96	0.777641
45	-70	235.703	1057.86	0.777189
46.25	-71.25	235.905	1056.79	0.776773
47.5	-72.5	236.082	1055.76	0.776387
48.75	-73.75	236.234	1054.76	0.77603
50	-75	236.368	1053.79	0.775696
51.25	-76.25	236.491	1052.84	0.775379
52.5	-77.5	236.597	1051.93	0.775083
53.75	-78.75	236.683	1051.04	0.774811
55	-80	236.751	1050.19	0.774563
56.25	-81.25	236.812	1049.35	0.774325
57.5	-82.5	236.866	1048.54	0.7741
58.75	-83.75	236.912	1047.76	0.773887
60	-85	236.95	1046.99	0.773686
61.25	-86.25	236.978	1046.25	0.773498
62.5	-87.5	237.001	1045.53	0.77332
63.75	-88.75	237.014	1044.83	0.773156
65	-90	237.019	1044.15	0.773004
66.25	-91.25	237.019	1043.49	0.77286
-21.25	-1.25	226.896	958.183	0.763201
-20	-2.5	232.608	906.082	0.743282
-18.75	-3.75	241.196	844.169	0.71428
-17.5	-5	248.082	775.327	0.68003
-16.25	-6.25	252.704	705.575	0.641846
-15	-7.5	256.024	643.522	0.602152
-13.75	-8.75	258.287	598.113	0.568163
-12.5	-10	259.601	575.66	0.549037
-11.25	-11.25	259.901	578.007	0.550349
-10	-12.5	259.306	602.639	0.569715
-8.75	-13.75	258.117	644.159	0.599296
-7.5	-15	256.362	696.079	0.631706
-6.25	-16.25	253.959	752.25	0.662401
-5	-17.5	251.076	807.737	0.689161
-3.75	-18.75	247.747	859.169	0.711644
-2.5	-20	244.028	904.67	0.730257
-1.25	-21.25	239.95	943.533	0.74569
0	-22.5	235.544	975.843	0.758625
1.25	-23.75	230.84	1002.14	0.769653
2.5	-25	225.958	1023.19	0.779163
3.75	-26.25	220.991	1039.79	0.787465
5	-27.5	216.059	1052.7	0.794757
6.25	-28.75	211.351	1062.6	0.8011
7.5	-30	207.136	1070.08	0.806429
8.75	-31.25	203.634	1075.62	0.810681
10	-32.5	201.021	1079.61	0.813802
11.25	-33.75	199.377	1082.38	0.815798
12.5	-35	198.708	1084.18	0.816721
13.75	-36.25	199.001	1085.23	0.816628
15	-37.5	200.119	1085.68	0.815674
16.25	-38.75	201.865	1085.67	0.814063
17.5	-40	204.05	1085.29	0.811986
18.75	-41.25	206.585	1084.64	0.809536
20	-42.5	209.324	1083.77	0.806857
21.25	-43.75	212.145	1082.75	0.804068
22.5	-45	214.933	1081.61	0.801284
23.75	-46.25	217.558	1080.38	0.798627
25	-47.5	219.963	1079.09	0.796158
26.25	-48.75	222.116	1077.76	0.793909
27.5	-50	224.013	1076.4	0.791888
28.75	-51.25	225.668	1075.04	0.790085
30	-52.5	227.114	1073.68	0.788471
31.25	-53.75	228.377	1072.33	0.787026
32.5	-55	229.483	1070.99	0.785727
33.75	-56.25	230.453	1069.67	0.784556
35	-57.5	231.304	1068.37	0.783498
36.25	-58.75	232.052	1067.09	0.782538
37.5	-60	232.711	1065.85	0.781666
38.75	-61.25	233.29	1064.63	0.780872
40	-62.5	233.8	1063.44	0.780148
41.25	-63.75	234.25	1062.28	0.779485
42.5	-65	234.643	1061.15	0.778879
43.75	-66.25	234.992	1060.06	0.778321
45	-67.5	235.298	1058.99	0.777808
46.25	-68.75	235.565	1057.95	0.777338
47.5	-70	235.797	1056.94	0.776905
48.75	-71.25	236.003	1055.95	0.776502
50	-72.5	236.182	1055	0.77613
51.25	-73.75	236.342	1054.07	0.775781
52.5	-75	236.489	1053.16	0.775449
53.75	-76.25	236.619	1052.29	0.775138
55	-77.5	236.727	1051.43	0.774853
56.25	-78.75	236.815	1050.61	0.774591
57.5	-80	236.897	1049.8	0.774341
58.75	-81.25	236.969	1049.02	0.774103
60	-82.5	237.034	1048.25	0.773878
61.25	-83.75	237.089	1047.51	0.773665
62.5	-85	237.134	1046.79	0.773466
63.75	-86.25	237.172	1046.09	0.773277
65	-87.5	237.2	1045.41	0.773102
66.25	-88.75	237.219	1044.74	0.77294
67.5	-90	237.233	1044.09	0.772786
-18.75	-1.25	222.137	945.874	0.765151
-17.5	-2.5	225.748	879.068	0.743197
-16.25	-3.75	235.265	801.88	0.706608
-15	-5	241.666	720.52	0.664595
-13.75	-6.25	246.25	644.895	0.618155
-12.5	-7.5	249.627	585.964	0.573988
-11.25	-8.75	252	551.807	0.54332
-10	-10	253.29	545.165	0.535389
-8.75	-11.25	253.581	563.621	0.550087
-7.5	-12.5	253.194	601.448	0.579026
-6.25	-13.75	252.14	651.729	0.613121
-5	-15	250.321	707.909	0.646394
-3.75	-16.25	247.922	764.656	0.675774
-2.5	-17.5	244.984	818.223	0.70059
-1.25	-18.75	241.579	866.398	0.721169
0	-20	237.745	908.206	0.738226
1.25	-21.25	233.523	943.533	0.752501
2.5	-22.5	228.95	972.783	0.764644
3.75	-23.75	224.154	996.625	0.775086
5	-25	219.237	1015.81	0.784176
6.25	-26.25	214.32	1031.09	0.792143
7.5	-27.5	209.602	1043.14	0.799066
8.75	-28.75	205.361	1052.55	0.804892
10	-30	201.824	1059.81	0.809566
11.25	-31.25	199.178	1065.35	0.81304
12.5	-32.5	197.508	1069.49	0.815326
13.75	-33.75	196.826	1072.52	0.816483
15	-35	197.123	1074.66	0.816571
16.25	-36.25	198.261	1076.09	0.815757
17.5	-37.5	200.042	1076.94	0.81425
18.75	-38.75	202.273	1077.35	0.812249
20	-40	204.865	1077.39	0.809851
21.25	-41.25	207.67	1077.15	0.807205
22.5	-42.5	210.565	1076.69	0.804433
23.75	-43.75	213.431	1076.06	0.801655
25	-45	216.137	1075.29	0.798996
26.25	-46.25	218.622	1074.41	0.796519
27.5	-47.5	220.856	1073.46	0.794258
28.75	-48.75	222.831	1072.45	0.792223
30	-50	224.562	1071.4	0.790403
31.25	-51.25	226.082	1070.32	0.788772
32.5	-52.5	227.414	1069.23	0.78731
33.75	-53.75	228.587	1068.13	0.785993
35	-55	229.619	1067.02	0.784803
36.25	-56.25	230.53	1065.92	0.783728
37.5	-57.5	231.335	1064.83	0.78275
38.75	-58.75	232.047	1063.76	0.781861
40	-60	232.677	1062.69	0.78105
41.25	-61.25	233.235	1061.65	0.780309
42.5	-62.5	233.729	1060.62	0.77963
43.75	-63.75	234.166	1059.62	0.779009
45	-65	234.555	1058.63	0.778436
46.25	-66.25	234.9	1057.67	0.777908
47.5	-67.5	235.202	1056.73	0.777424
48.75	-68.75	235.469	1055.81	0.776978
50	-70	235.707	1054.91	0.776562
51.25	-71.25	235.917	1054.03	0.776176
52.5	-72.5	236.106	1053.18	0.775815
53.75	-73.75	236.281	1052.34	0.775471
55	-75	236.438	1051.53	0.775148
56.25	-76.25	236.571	1050.74	0.774852
57.5	-77.5	236.683	1049.96	0.77458
58.75	-78.75	236.787	1049.21	0.774319
60	-80	236.882	1048.48	0.774071
61.25	-81.25	236.967	1047.76	0.773835
62.5	-82.5	237.042	1047.06	0.773613
63.75	-83.75	237.106	1046.38	0.773404
65	-85	237.163	1045.72	0.773206
66.25	-86.25	237.209	1045.07	0.773022
67.5	-87.5	237.244	1044.44	0.772851
68.75	-88.75	237.274	1043.83	0.772689
-16.25	-1.25	210.727	929.905	0.773389
-15	-2.5	222.625	844.932	0.736517
-13.75	-3.75	230.632	750.923	0.692869
-12.5	-5	236.396	659.066	0.641317
-11.25	-6.25	240.62	583.035	0.587298
-10	-7.5	243.778	533.596	0.543142
-8.75	-8.75	245.868	514.906	0.5225
-7.5	-10	246.935	524.762	0.529435
-6.25	-11.25	247.321	557.021	0.555993
-5	-12.5	246.99	604.185	0.591201
-3.75	-13.75	245.797	659.205	0.627132
-2.5	-15	243.935	716.33	0.659465
-1.25	-16.25	241.447	771.409	0.687005
0	-17.5	238.409	821.86	0.709916
1.25	-18.75	234.871	866.398	0.728911
2.5	-20	230.881	904.67	0.74479
3.75	-21.25	226.481	936.908	0.758268
5	-22.5	221.81	963.661	0.769825
6.25	-23.75	216.976	985.613	0.779857
7.5	-25	212.105	1003.47	0.788628
8.75	-26.25	207.403	1017.89	0.796242
10	-27.5	203.155	1029.46	0.802658
11.25	-28.75	199.602	1038.68	0.807832
12.5	-30	196.935	1045.99	0.811724
13.75	-31.25	195.25	1051.74	0.814355
15	-32.5	194.562	1056.21	0.815792
16.25	-33.75	194.868	1059.64	0.8161
17.5	-35	196.03	1062.24	0.815456
18.75	-36.25	197.847	1064.15	0.81408
20	-37.5	200.126	1065.51	0.812178
21.25	-38.75	202.776	1066.42	0.809854
22.5	-40	205.648	1066.96	0.807258
23.75	-41.25	208.618	1067.21	0.804521
25	-42.5	211.563	1067.22	0.801763
26.25	-43.75	214.351	1067.04	0.799116
27.5	-45	216.92	1066.7	0.796644
28.75	-46.25	219.237	1066.24	0.794383
30	-47.5	221.295	1065.68	0.792344
31.25	-48.75	223.106	1065.04	0.790518
32.5	-50	224.703	1064.34	0.788881
33.75	-51.25	226.11	1063.59	0.78741
35	-52.5	227.353	1062.81	0.786084
36.25	-53.75	228.454	1062.01	0.784885
37.5	-55	229.429	1061.18	0.783799
38.75	-56.25	230.295	1060.35	0.782812
40	-57.5	231.065	1059.51	0.781912
41.25	-58.75	231.751	1058.66	0.781091
42.5	-60	232.361	1057.82	0.78034
43.75	-61.25	232.905	1056.99	0.779652
45	-62.5	233.389	1056.16	0.779021
46.25	-63.75	233.824	1055.34	0.778438
47.5	-65	234.211	1054.53	0.777901
48.75	-66.25	234.554	1053.74	0.777408
50	-67.5	234.859	1052.95	0.776953
51.25	-68.75	235.134	1052.18	0.776528
52.5	-70	235.379	1051.43	0.776134
53.75	-71.25	235.601	1050.69	0.775765
55	-72.5	235.808	1049.96	0.775412
56.25	-73.75	235.995	1049.25	0.775082
57.5	-75	236.157	1048.55	0.774778
58.75	-76.25	236.296	1047.87	0.774498
60	-77.5	236.427	1047.2	0.774229
61.25	-78.75	236.546	1046.54	0.773974
62.5	-80	236.656	1045.9	0.773731
63.75	-81.25	236.754	1045.28	0.773502
65	-82.5	236.84	1044.67	0.773287
66.25	-83.75	236.918	1044.07	0.773082
67.5	-85	236.984	1043.48	0.772892
68.75	-86.25	237.039	1042.91	0.772715
70	-87.5	237.088	1042.35	0.772546
-13.75	-1.25	218.119	909.647	0.760215
-12.5	-2.5	220.452	803.352	0.725585
-11.25	-3.75	226.526	692.93	0.673089
-10	-5	231.62	595.449	0.611016
-8.75	-6.25	235.389	525.916	0.552421
-7.5	-7.5	238.047	490.982	0.515162
-6.25	-8.75	239.69	488.911	0.509747
-5	-10	240.745	513.065	0.530771
-3.75	-11.25	241.102	555.161	0.565708
-2.5	-12.5	240.536	607.462	0.60403
-1.25	-13.75	239.239	663.72	0.639549
0	-15	237.236	719.364	0.670215
1.25	-16.25	234.605	771.409	0.695875
2.5	-17.5	231.404	818.223	0.717187
3.75	-18.75	227.684	859.169	0.734995
5	-20	223.491	894.268	0.750085
6.25	-21.25	218.976	923.917	0.762991
7.5	-22.5	214.253	948.698	0.774161
8.75	-23.75	209.451	969.252	0.783904
10	-25	204.783	986.203	0.792352
11.25	-26.25	200.546	1000.12	0.799478
12.5	-27.5	196.987	1011.51	0.805255
13.75	-28.75	194.31	1020.8	0.80965
15	-30	192.614	1028.36	0.812697
16.25	-31.25	191.924	1034.48	0.814473
17.5	-32.5	192.24	1039.42	0.81505
18.75	-33.75	193.426	1043.38	0.814616
20	-35	195.28	1046.54	0.813404
21.25	-36.25	197.605	1049.03	0.811631
22.5	-37.5	200.312	1050.98	0.809404
23.75	-38.75	203.251	1052.47	0.806881
25	-40	206.296	1053.58	0.804196
26.25	-41.25	209.32	1054.39	0.801477
27.5	-42.5	212.192	1054.93	0.798857
28.75	-43.75	214.846	1055.26	0.796405
30	-45	217.249	1055.42	0.794158
31.25	-46.25	219.392	1055.42	0.792129
32.5	-47.5	221.287	1055.31	0.790311
33.75	-48.75	222.965	1055.09	0.788678
35	-50	224.45	1054.8	0.787211
36.25	-51.25	225.769	1054.44	0.785887
37.5	-52.5	226.942	1054.02	0.784689
38.75	-53.75	227.986	1053.56	0.783604
40	-55	228.918	1053.06	0.782616
41.25	-56.25	229.751	1052.53	0.781716
42.5	-57.5	230.496	1051.98	0.780893
43.75	-58.75	231.164	1051.42	0.780141
45	-60	231.763	1050.84	0.77945
46.25	-61.25	232.298	1050.26	0.778818
47.5	-62.5	232.782	1049.67	0.778233
48.75	-63.75	233.216	1049.07	0.777693
50	-65	233.604	1048.48	0.777197
51.25	-66.25	233.951	1047.89	0.77674
52.5	-67.5	234.267	1047.3	0.776313
53.75	-68.75	234.55	1046.71	0.775916
55	-70	234.81	1046.13	0.775544
56.25	-71.25	235.052	1045.55	0.775189
57.5	-72.5	235.273	1044.99	0.774856
58.75	-73.75	235.467	1044.43	0.774549
60	-75	235.638	1043.87	0.774266
61.25	-76.25	235.798	1043.33	0.773995
62.5	-77.5	235.946	1042.79	0.773737
63.75	-78.75	236.082	1042.27	0.773491
65	-80	236.207	1041.75	0.773259
66.25	-81.25	236.318	1041.24	0.773041
67.5	-82.5	236.421	1040.74	0.772834
68.75	-83.75	236.51	1040.25	0.77264
70	-85	236.587	1039.76	0.77246
71.25	-86.25	236.657	1039.29	0.772289
-11.25	-1.25	215.947	884.951	0.755979
-10	-2.5	217.161	755.632	0.712611
-8.75	-3.75	222.649	632.259	0.647852
-7.5	-5	227.201	536.29	0.576346
-6.25	-6.25	230.319	479.264	0.519432
-5	-7.5	232.288	460.638	0.495726
-3.75	-8.75	233.829	473.162	0.505817
-2.5	-10	234.775	507.563	0.537446
-1.25	-11.25	234.786	555.108	0.577044
0	-12.5	234.042	608.846	0.615597
1.25	-13.75	232.535	663.72	0.64965
2.5	-15	230.333	716.33	0.678455
3.75	-16.25	227.493	764.656	0.702489
5	-17.5	224.068	807.737	0.722597
6.25	-18.75	220.104	845.338	0.739626
7.5	-20	215.767	877.67	0.75416
8.75	-21.25	211.171	905.181	0.766708
10	-22.5	206.453	928.419	0.77763
11.25	-23.75	201.83	947.951	0.787088
12.5	-25	197.61	964.315	0.795078
13.75	-26.25	194.049	977.995	0.801585
15	-27.5	191.361	989.417	0.806592
16.25	-28.75	189.654	998.943	0.810145
17.5	-30	188.959	1006.88	0.812333
18.75	-31.25	189.282	1013.5	0.813239
20	-32.5	190.488	1019	0.813064
21.25	-33.75	192.375	1023.58	0.812056
22.5	-35	194.743	1027.37	0.810446
23.75	-36.25	197.504	1030.52	0.808345
25	-37.5	200.508	1033.11	0.805919
26.25	-38.75	203.625	1035.24	0.803307
27.5	-40	206.728	1036.99	0.800645
28.75	-41.25	209.683	1038.4	0.798071
30	-42.5	212.424	1039.53	0.795655
31.25	-43.75	214.914	1040.43	0.793438
32.5	-45	217.144	1041.13	0.791434
33.75	-46.25	219.125	1041.66	0.789638
35	-47.5	220.887	1042.04	0.788024
36.25	-48.75	222.455	1042.3	0.786574
37.5	-50	223.853	1042.46	0.785265
38.75	-51.25	225.102	1042.53	0.784081
40	-52.5	226.218	1042.52	0.783008
41.25	-53.75	227.221	1042.45	0.782031
42.5	-55	228.121	1042.32	0.781141
43.75	-56.25	228.93	1042.15	0.780329
45	-57.5	229.659	1041.94	0.779585
46.25	-58.75	230.316	1041.69	0.778902
47.5	-60	230.907	1041.42	0.778277
48.75	-61.25	231.444	1041.13	0.777699
50	-62.5	231.929	1040.81	0.777166
51.25	-63.75	232.365	1040.49	0.776676
52.5	-65	232.759	1040.14	0.776225
53.75	-66.25	233.119	1039.79	0.775803
55	-67.5	233.445	1039.43	0.775411
56.25	-68.75	233.744	1039.07	0.775044
57.5	-70	234.026	1038.7	0.774693
58.75	-71.25	234.284	1038.32	0.774363
60	-72.5	234.514	1037.95	0.77406
61.25	-73.75	234.718	1037.57	0.773781
62.5	-75	234.911	1037.2	0.773513
63.75	-76.25	235.091	1036.82	0.773258
65	-77.5	235.258	1036.45	0.773015
66.25	-78.75	235.411	1036.08	0.772786
67.5	-80	235.551	1035.71	0.77257
68.75	-81.25	235.68	1035.34	0.772365
70	-82.5	235.795	1034.98	0.772173
71.25	-83.75	235.897	1034.62	0.771996
72.5	-85	235.992	1034.26	0.771826
-8.75	-1.25	214.635	856.789	0.749489
-7.5	-2.5	214.906	705.7	0.695471
-6.25	-3.75	219.781	576.001	0.618436
-5	-5	223.508	488.671	0.54262
-3.75	-6.25	225.511	446.951	0.495447
-2.5	-7.5	227.233	442.923	0.48697
-1.25	-8.75	228.547	465.949	0.509502
0	-10	228.982	506.021	0.547485
1.25	-11.25	228.704	555.108	0.588001
2.5	-12.5	227.649	607.462	0.625246
3.75	-13.75	225.857	659.205	0.65738
5	-15	223.375	707.909	0.684458
6.25	-16.25	220.247	752.25	0.707216
7.5	-17.5	216.514	791.701	0.72652
8.75	-18.75	212.356	826.241	0.742986
10	-20	207.89	856.151	0.757181
11.25	-21.25	203.253	881.858	0.769517
12.5	-22.5	198.671	903.848	0.780195
13.75	-23.75	194.461	922.601	0.789226
15	-25	190.889	938.571	0.796617
16.25	-26.25	188.18	952.161	0.802365
17.5	-27.5	186.451	963.727	0.806531
18.75	-28.75	185.74	973.576	0.809219
20	-30	186.059	981.97	0.810525
21.25	-31.25	187.276	989.129	0.810665
22.5	-32.5	189.187	995.242	0.809909
23.75	-33.75	191.59	1000.47	0.808499
25	-35	194.4	1004.94	0.806555
26.25	-36.25	197.462	1008.76	0.804253
27.5	-37.5	200.648	1012.03	0.801738
28.75	-38.75	203.827	1014.84	0.799153
30	-40	206.864	1017.24	0.796642
31.25	-41.25	209.69	1019.3	0.794279
32.5	-42.5	212.268	1021.05	0.792108
33.75	-43.75	214.587	1022.55	0.790145
35	-45	216.656	1023.83	0.788386
36.25	-46.25	218.505	1024.91	0.786806
37.5	-47.5	220.157	1025.83	0.785386
38.75	-48.75	221.637	1026.6	0.784106
40	-50	222.965	1027.25	0.782949
41.25	-51.25	224.159	1027.78	0.781901
42.5	-52.5	225.235	1028.22	0.780948
43.75	-53.75	226.205	1028.58	0.780081
45	-55	227.081	1028.86	0.779289
46.25	-56.25	227.875	1029.08	0.778565
47.5	-57.5	228.593	1029.25	0.777902
48.75	-58.75	229.244	1029.36	0.777295
50	-60	229.837	1029.43	0.776734
51.25	-61.25	230.376	1029.46	0.776217
52.5	-62.5	230.864	1029.46	0.775743
53.75	-63.75	231.307	1029.43	0.775306
55	-65	231.714	1029.38	0.774899
56.25	-66.25	232.086	1029.3	0.774521
57.5	-67.5	232.429	1029.21	0.774167
58.75	-68.75	232.752	1029.09	0.773828
60	-70	233.05	1028.97	0.77351
61.25	-71.25	233.319	1028.82	0.773218
62.5	-72.5	233.56	1028.67	0.77295
63.75	-73.75	233.789	1028.51	0.772692
65	-75	234.002	1028.34	0.772447
66.25	-76.25	234.202	1028.17	0.772214
67.5	-77.5	234.387	1027.98	0.771993
68.75	-78.75	234.558	1027.8	0.771786
70	-80	234.716	1027.6	0.771589
71.25	-81.25	234.86	1027.41	0.771406
72.5	-82.5	234.989	1027.21	0.771236
73.75	-83.75	235.11	1027.01	0.771073
-6.25	-1.25	212.515	827.99	0.743336
-5	-2.5	212.524	660.434	0.678205
-3.75	-3.75	217.519	532.478	0.591497
-2.5	-5	219.658	458.112	0.520516
-1.25	-6.25	221.379	430.626	0.485915
0	-7.5	222.821	437.156	0.490295
1.25	-8.75	223.455	465.949	0.52043
2.5	-10	223.496	507.563	0.559669
3.75	-11.25	222.804	555.161	0.598667
5	-12.5	221.372	604.185	0.633602
6.25	-13.75	219.224	651.729	0.663628
7.5	-15	216.38	696.079	0.689145
8.75	-16.25	212.87	736.374	0.710921
10	-17.5	208.884	772.328	0.72954
11.25	-18.75	204.539	804.018	0.745603
12.5	-20	199.975	831.72	0.759565
13.75	-21.25	195.419	855.81	0.771656
15	-22.5	191.204	876.692	0.781903
16.25	-23.75	187.604	894.764	0.790331
17.5	-25	184.856	910.398	0.79695
18.75	-26.25	183.087	923.926	0.801838
20	-27.5	182.342	935.644	0.805116
21.25	-28.75	182.641	945.807	0.806894
22.5	-30	183.855	954.634	0.807408
23.75	-31.25	185.778	962.316	0.806947
25	-32.5	188.206	969.012	0.805776
26.25	-33.75	191.054	974.86	0.804019
27.5	-35	194.169	979.977	0.801864
28.75	-36.25	197.418	984.462	0.799466
30	-37.5	200.669	988.4	0.796975
31.25	-38.75	203.785	991.864	0.794543
32.5	-40	206.695	994.914	0.792248
33.75	-41.25	209.361	997.606	0.790137
35	-42.5	211.769	999.982	0.788228
36.25	-43.75	213.927	1002.08	0.786518
37.5	-45	215.864	1003.94	0.784984
38.75	-46.25	217.603	1005.59	0.783608
40	-47.5	219.167	1007.05	0.782368
41.25	-48.75	220.577	1008.35	0.781249
42.5	-50	221.849	1009.5	0.780238
43.75	-51.25	223.001	1010.52	0.77932
45	-52.5	224.044	1011.43	0.778487
46.25	-53.75	224.991	1012.23	0.777727
47.5	-55	225.852	1012.94	0.777034
48.75	-56.25	226.635	1013.57	0.7764
50	-57.5	227.347	1014.13	0.77582
51.25	-58.75	228	1014.62	0.775286
52.5	-60	228.596	1015.06	0.774796
53.75	-61.25	229.138	1015.44	0.774347
55	-62.5	229.633	1015.78	0.773934
56.25	-63.75	230.091	1016.07	0.773549
57.5	-65	230.51	1016.33	0.773194
58.75	-66.25	230.899	1016.55	0.77286
60	-67.5	231.267	1016.74	0.772542
61.25	-68.75	231.608	1016.91	0.772243
62.5	-70	231.917	1017.05	0.77197
63.75	-71.25	232.197	1017.16	0.771721
65	-72.5	232.464	1017.26	0.77148
66.25	-73.75	232.714	1017.34	0.771252
67.5	-75	232.949	1017.4	0.771034
68.75	-76.25	233.168	1017.44	0.770829
70	-77.5	233.37	1017.47	0.770637
71.25	-78.75	233.561	1017.49	0.770455
72.5	-80	233.734	1017.5	0.770285
73.75	-81.25	233.893	1017.5	0.770129
75	-82.5	234.042	1017.48	0.76998
-3.75	-1.25	203.657	803.485	0.746534
-2.5	-2.5	210.99	628.366	0.664224
-1.25	-3.75	213.845	508.768	0.579681
0	-5	216.066	447.633	0.517315
1.25	-6.25	217.685	430.626	0.494491
2.5	-7.5	218.357	442.923	0.50701
3.75	-8.75	218.555	473.162	0.538097
5	-10	218.116	513.065	0.574876
6.25	-11.25	216.978	557.021	0.610467
7.5	-12.5	215.128	601.448	0.642316
8.75	-13.75	212.552	644.159	0.670032
10	-15	209.254	683.919	0.694037
11.25	-16.25	205.433	720.142	0.714733
12.5	-17.5	201.203	752.667	0.73268
13.75	-18.75	196.7	781.589	0.748334
15	-20	192.157	807.144	0.76193
16.25	-21.25	187.918	829.637	0.773494
17.5	-22.5	184.269	849.395	0.783058
18.75	-23.75	181.46	866.736	0.79064
20	-25	179.628	881.958	0.796331
21.25	-26.25	178.827	895.33	0.800267
22.5	-27.5	179.088	907.094	0.80257
23.75	-28.75	180.282	917.458	0.803499
25	-30	182.201	926.608	0.803368
26.25	-31.25	184.641	934.701	0.80246
27.5	-32.5	187.518	941.875	0.80091
28.75	-33.75	190.676	948.247	0.798917
30	-35	193.983	953.92	0.796646
31.25	-36.25	197.302	958.98	0.794259
32.5	-37.5	200.493	963.505	0.791913
33.75	-38.75	203.485	967.558	0.789692
35	-40	206.237	971.196	0.787646
36.25	-41.25	208.734	974.468	0.785797
37.5	-42.5	210.983	977.416	0.784142
38.75	-43.75	213.009	980.077	0.782661
40	-45	214.836	982.484	0.781334
41.25	-46.25	216.486	984.663	0.780142
42.5	-47.5	217.98	986.64	0.779069
43.75	-48.75	219.333	988.436	0.778101
45	-50	220.563	990.071	0.777225
46.25	-51.25	221.682	991.559	0.776431
47.5	-52.5	222.701	992.917	0.77571
48.75	-53.75	223.631	994.157	0.775054
50	-55	224.482	995.291	0.774456
51.25	-56.25	225.258	996.329	0.773912
52.5	-57.5	225.972	997.28	0.773412
53.75	-58.75	226.627	998.153	0.772953
55	-60	227.226	998.953	0.772536
56.25	-61.25	227.776	999.689	0.772153
57.5	-62.5	228.285	1000.37	0.771798
58.75	-63.75	228.755	1000.99	0.771471
60	-65	229.192	1001.56	0.771165
61.25	-66.25	229.606	1002.09	0.770872
62.5	-67.5	229.991	1002.57	0.770599
63.75	-68.75	230.343	1003.02	0.770351
65	-70	230.665	1003.44	0.770125
66.25	-71.25	230.971	1003.82	0.769908
67.5	-72.5	231.259	1004.17	0.769701
68.75	-73.75	231.531	1004.5	0.769505
70	-75	231.785	1004.8	0.769321
71.25	-76.25	232.022	1005.07	0.769149
72.5	-77.5	232.246	1005.33	0.768986
73.75	-78.75	232.452	1005.57	0.768835
75	-80	232.641	1005.78	0.768697
76.25	-81.25	232.82	1005.99	0.768565
-1.25	-1.25	214.633	789.153	0.728022
0	-2.5	208.495	616.729	0.661934
1.25	-3.75	211.271	508.768	0.58474
2.5	-5	213.469	458.112	0.534024
3.75	-6.25	214.099	446.951	0.520978
5	-7.5	214.242	460.638	0.534901
6.25	-8.75	213.867	488.911	0.562564
7.5	-10	212.89	524.762	0.594311
8.75	-11.25	211.26	563.621	0.625173
10	-12.5	208.905	602.639	0.65335
11.25	-13.75	205.787	640.118	0.678516
12.5	-15	202.112	675.119	0.700627
13.75	-16.25	197.982	707.206	0.720051
15	-17.5	193.522	736.261	0.737156
16.25	-18.75	188.971	762.358	0.752123
17.5	-20	184.684	785.677	0.764937
18.75	-21.25	180.96	806.45	0.77561
20	-22.5	178.061	824.928	0.784149
21.25	-23.75	176.138	841.358	0.79065
22.5	-25	175.256	855.971	0.795255
23.75	-26.25	175.454	868.982	0.798093
25	-27.5	176.606	880.582	0.799443
26.25	-28.75	178.505	890.941	0.799645
27.5	-30	180.941	900.211	0.799001
28.75	-31.25	183.834	908.521	0.797656
30	-32.5	187.025	915.987	0.795821
31.25	-33.75	190.381	922.708	0.793671
32.5	-35	193.761	928.773	0.791379
33.75	-36.25	197.024	934.257	0.789111
35	-37.5	200.095	939.225	0.786957
36.25	-38.75	202.932	943.736	0.784969
37.5	-40	205.518	947.84	0.783173
38.75	-41.25	207.856	951.581	0.781568
40	-42.5	209.973	954.998	0.780133
41.25	-43.75	211.888	958.125	0.778851
42.5	-45	213.626	960.99	0.777702
43.75	-46.25	215.205	963.622	0.776671
45	-47.5	216.641	966.043	0.775744
46.25	-48.75	217.951	968.273	0.774907
47.5	-50	219.147	970.33	0.774152
48.75	-51.25	220.241	972.232	0.773469
50	-52.5	221.243	973.992	0.77285
51.25	-53.75	222.162	975.623	0.772287
52.5	-55	223.004	977.136	0.771778
53.75	-56.25	223.782	978.543	0.771311
55	-57.5	224.498	979.852	0.770886
56.25	-58.75	225.156	981.071	0.7705
57.5	-60	225.761	982.208	0.770149
58.75	-61.25	226.325	983.27	0.769824
60	-62.5	226.846	984.262	0.769526
61.25	-63.75	227.334	985.191	0.769249
62.5	-65	227.795	986.06	0.768984
63.75	-66.25	228.227	986.876	0.768738
65	-67.5	228.623	987.641	0.768516
66.25	-68.75	228.988	988.36	0.768316
67.5	-70	229.335	989.036	0.768123
68.75	-71.25	229.663	989.672	0.767941
70	-72.5	229.973	990.271	0.767768
71.25	-73.75	230.265	990.836	0.767606
72.5	-75	230.537	991.368	0.767456
73.75	-76.25	230.795	991.871	0.767314
75	-77.5	231.034	992.346	0.767184
76.25	-78.75	231.256	992.795	0.767066
77.5	-80	231.466	993.22	0.766954
1.25	-1.25	199.648	789.153	0.74701
2.5	-2.5	203.698	628.366	0.675829
3.75	-3.75	208.48	532.478	0.608471
5	-5	210.015	488.671	0.570231
6.25	-6.25	210.307	479.264	0.561188
7.5	-7.5	209.952	490.982	0.572384
8.75	-8.75	209.051	514.906	0.594001
10	-10	207.58	545.165	0.619235
11.25	-11.25	205.409	578.007	0.644626
12.5	-12.5	202.45	611.108	0.668716
13.75	-13.75	198.913	643.088	0.690691
15	-15	194.878	673.181	0.710512
16.25	-16.25	190.455	701.017	0.728316
17.5	-17.5	185.883	726.477	0.74413
18.75	-18.75	181.531	749.594	0.757827
20	-20	177.709	770.485	0.769354
21.25	-21.25	174.696	789.314	0.778673
22.5	-22.5	172.656	806.261	0.785856
23.75	-23.75	171.666	821.509	0.791036
25	-25	171.776	835.234	0.794338
26.25	-26.25	172.866	847.599	0.796052
27.5	-27.5	174.725	858.753	0.796537
28.75	-28.75	177.141	868.83	0.796115
30	-30	180.036	877.949	0.794936
31.25	-31.25	183.25	886.217	0.793222
32.5	-32.5	186.647	893.728	0.791159
33.75	-33.75	190.082	900.564	0.78893
35	-35	193.411	906.798	0.786709
36.25	-36.25	196.559	912.494	0.784592
37.5	-37.5	199.478	917.71	0.782634
38.75	-38.75	202.151	922.494	0.780864
40	-40	204.58	926.891	0.779284
41.25	-41.25	206.787	930.939	0.777873
42.5	-42.5	208.792	934.673	0.776615
43.75	-43.75	210.619	938.123	0.775489
45	-45	212.284	941.316	0.774481
46.25	-46.25	213.804	944.276	0.773578
47.5	-47.5	215.196	947.025	0.772766
48.75	-48.75	216.471	949.581	0.772035
50	-50	217.641	951.962	0.771376
51.25	-51.25	218.716	954.182	0.770782
52.5	-52.5	219.706	956.256	0.770244
53.75	-53.75	220.616	958.196	0.769759
55	-55	221.459	960.012	0.769316
56.25	-56.25	222.238	961.715	0.768915
57.5	-57.5	222.956	963.314	0.768554
58.75	-58.75	223.619	964.817	0.768227
60	-60	224.238	966.232	0.767925
61.25	-61.25	224.813	967.564	0.76765
62.5	-62.5	225.352	968.82	0.767396
63.75	-63.75	225.863	970.006	0.767153
65	-65	226.342	971.127	0.766928
66.25	-66.25	226.784	972.187	0.766728
67.5	-67.5	227.193	973.191	0.766549
68.75	-68.75	227.582	974.142	0.766377
70	-70	227.951	975.044	0.766214
71.25	-71.25	228.301	975.901	0.766061
72.5	-72.5	228.631	976.715	0.765918
73.75	-73.75	228.941	977.488	0.765787
75	-75	229.234	978.225	0.765663
76.25	-76.25	229.508	978.926	0.765551
77.5	-77.5	229.763	979.594	0.765451
78.75	-78.75	230.005	980.232	0.765356
3.75	-1.25	199.195	803.485	0.752086
5	-2.5	202.935	660.434	0.692725
6.25	-3.75	206.257	576.001	0.641915
7.5	-5	207.108	536.29	0.613814
8.75	-6.25	206.754	525.916	0.606868
10	-7.5	205.785	533.596	0.614344
11.25	-8.75	204.339	551.807	0.629691
12.5	-10	202.254	575.66	0.648657
13.75	-11.25	199.387	602.034	0.668811
15	-12.5	195.95	628.987	0.688467
16.25	-13.75	191.989	655.347	0.707042
17.5	-15	187.587	680.442	0.724316
18.75	-16.25	182.975	703.926	0.740065
20	-17.5	178.534	725.656	0.753969
21.25	-18.75	174.587	745.614	0.765848
22.5	-20	171.429	763.86	0.775576
23.75	-21.25	169.239	780.494	0.783164
25	-22.5	168.108	795.634	0.788712
26.25	-23.75	168.102	809.408	0.792315
27.5	-25	169.104	821.941	0.794263
28.75	-26.25	170.899	833.352	0.794925
30	-27.5	173.276	843.752	0.794637
31.25	-28.75	176.156	853.243	0.793545
32.5	-30	179.379	861.917	0.791883
33.75	-31.25	182.807	869.857	0.789842
35	-32.5	186.289	877.137	0.787617
36.25	-33.75	189.679	883.824	0.785388
37.5	-35	192.898	889.976	0.783254
38.75	-36.25	195.898	895.646	0.781277
40	-37.5	198.657	900.882	0.779486
41.25	-38.75	201.175	905.724	0.777885
42.5	-40	203.472	910.209	0.776456
43.75	-41.25	205.568	914.372	0.775181
45	-42.5	207.484	918.241	0.774042
46.25	-43.75	209.237	921.843	0.773023
47.5	-45	210.843	925.201	0.772112
48.75	-46.25	212.317	928.337	0.771293
50	-47.5	213.672	931.269	0.770558
51.25	-48.75	214.92	934.014	0.769897
52.5	-50	216.069	936.589	0.769302
53.75	-51.25	217.131	939.006	0.768765
55	-52.5	218.111	941.279	0.768282
56.25	-53.75	219.02	943.418	0.767844
57.5	-55	219.863	945.434	0.767447
58.75	-56.25	220.643	947.336	0.767091
60	-57.5	221.366	949.132	0.766771
61.25	-58.75	222.042	950.831	0.766476
62.5	-60	222.671	952.439	0.766209
63.75	-61.25	223.262	953.963	0.765963
65	-62.5	223.824	955.408	0.765729
66.25	-63.75	224.353	956.78	0.765513
67.5	-65	224.842	958.084	0.765321
68.75	-66.25	225.296	959.324	0.765152
70	-67.5	225.729	960.504	0.764989
71.25	-68.75	226.14	961.629	0.764836
72.5	-70	226.531	962.702	0.764693
73.75	-71.25	226.9	963.725	0.76456
75	-72.5	227.248	964.703	0.764438
76.25	-73.75	227.578	965.637	0.764324
77.5	-75	227.887	966.531	0.764222
78.75	-76.25	228.176	967.386	0.764131
80	-77.5	228.452	968.205	0.764046
6.25	-1.25	200.097	827.99	0.758334
7.5	-2.5	203.774	705.7	0.711245
8.75	-3.75	205.042	632.259	0.675699
10	-5	204.754	595.449	0.656135
11.25	-6.25	203.561	583.035	0.650859
12.5	-7.5	201.935	585.964	0.65538
13.75	-8.75	199.745	598.113	0.666042
15	-10	196.821	615.461	0.680205
16.25	-11.25	193.394	635.412	0.69564
17.5	-12.5	189.452	656.32	0.711342
18.75	-13.75	185.032	677.162	0.726754
20	-15	180.347	697.328	0.741374
21.25	-16.25	175.783	716.474	0.754655
22.5	-17.5	171.675	734.428	0.766247
23.75	-18.75	168.332	751.128	0.775894
25	-20	165.953	766.58	0.783515
26.25	-21.25	164.643	780.828	0.789143
27.5	-22.5	164.484	793.941	0.792826
28.75	-23.75	165.365	805.998	0.794832
30	-25	167.07	817.08	0.795528
31.25	-26.25	169.382	827.27	0.795252
32.5	-27.5	172.227	836.645	0.794146
33.75	-28.75	175.443	845.278	0.792444
35	-30	178.888	853.238	0.790342
36.25	-31.25	182.406	860.586	0.788044
37.5	-32.5	185.85	867.379	0.785734
38.75	-33.75	189.135	873.667	0.783516
40	-35	192.212	879.497	0.781453
41.25	-36.25	195.054	884.911	0.779578
42.5	-37.5	197.659	889.944	0.777897
43.75	-38.75	200.046	894.632	0.776393
45	-40	202.232	899.004	0.775048
46.25	-41.25	204.238	903.087	0.773844
47.5	-42.5	206.079	906.907	0.772767
48.75	-43.75	207.771	910.484	0.771802
50	-45	209.329	913.839	0.770934
51.25	-46.25	210.765	916.99	0.770155
52.5	-47.5	212.091	919.953	0.769454
53.75	-48.75	213.317	922.743	0.768823
55	-50	214.452	925.373	0.768253
56.25	-51.25	215.502	927.855	0.767741
57.5	-52.5	216.48	930.201	0.767276
58.75	-53.75	217.388	932.42	0.766856
60	-55	218.23	934.521	0.766479
61.25	-56.25	219.014	936.512	0.766139
62.5	-57.5	219.748	938.402	0.765828
63.75	-58.75	220.433	940.197	0.765546
65	-60	221.078	941.904	0.765286
66.25	-61.25	221.692	943.529	0.765039
67.5	-62.5	222.27	945.076	0.764812
68.75	-63.75	222.808	946.551	0.764611
70	-65	223.308	947.958	0.764433
71.25	-66.25	223.786	949.302	0.764263
72.5	-67.5	224.24	950.586	0.764103
73.75	-68.75	224.672	951.814	0.763953
75	-70	225.082	952.99	0.763815
76.25	-71.25	225.468	954.116	0.763689
77.5	-72.5	225.836	955.196	0.763571
78.75	-73.75	226.182	956.231	0.763466
80	-75	226.506	957.225	0.763372
81.25	-76.25	226.816	958.179	0.763285
8.75	-1.25	211.028	856.789	0.753699
10	-2.5	204.465	755.632	0.729413
11.25	-3.75	203.422	692.93	0.706432
12.5	-5	202.197	659.066	0.693207
13.75	-6.25	200.404	644.895	0.689245
15	-7.5	197.957	643.522	0.692386
16.25	-8.75	194.805	650.156	0.700373
17.5	-10	191.271	661.577	0.710887
18.75	-11.25	187.279	675.654	0.722817
20	-12.5	182.799	690.999	0.735457
21.25	-13.75	178.009	706.722	0.74812
22.5	-15	173.294	722.264	0.760069
23.75	-16.25	168.992	737.286	0.770792
25	-17.5	165.43	751.595	0.779895
26.25	-18.75	162.824	765.093	0.787185
27.5	-20	161.296	777.744	0.792611
28.75	-21.25	160.948	789.55	0.796153
30	-22.5	161.675	800.537	0.798042
31.25	-23.75	163.259	810.746	0.798631
32.5	-25	165.479	820.224	0.798251
33.75	-26.25	168.267	829.021	0.797029
35	-27.5	171.458	837.187	0.795198
36.25	-28.75	174.906	844.772	0.792955
37.5	-30	178.45	851.822	0.790508
38.75	-31.25	181.938	858.381	0.788045
40	-32.5	185.283	864.489	0.785673
41.25	-33.75	188.432	870.184	0.783458
42.5	-35	191.355	875.501	0.781434
43.75	-36.25	194.046	880.47	0.779611
45	-37.5	196.521	885.12	0.777972
46.25	-38.75	198.797	889.476	0.776501
47.5	-40	200.893	893.563	0.775178
48.75	-41.25	202.822	897.402	0.773989
50	-42.5	204.601	901.012	0.772921
51.25	-43.75	206.244	904.412	0.771958
52.5	-45	207.762	907.616	0.77109
53.75	-46.25	209.168	910.64	0.770307
55	-47.5	210.471	913.498	0.769599
56.25	-48.75	211.68	916.201	0.768959
57.5	-50	212.802	918.761	0.768381
58.75	-51.25	213.849	921.187	0.767855
60	-52.5	214.823	923.489	0.767379
61.25	-53.75	215.73	925.675	0.766949
62.5	-55	216.574	927.754	0.766561
63.75	-56.25	217.368	929.733	0.766204
65	-57.5	218.11	931.617	0.76588
66.25	-58.75	218.81	933.414	0.765581
67.5	-60	219.477	935.128	0.765297
68.75	-61.25	220.106	936.765	0.765036
70	-62.5	220.693	938.329	0.764802
71.25	-63.75	221.24	939.826	0.764595
72.5	-65	221.764	941.258	0.764397
73.75	-66.25	222.262	942.63	0.764211
75	-67.5	222.737	943.945	0.764036
76.25	-68.75	223.187	945.207	0.763875
77.5	-70	223.614	946.418	0.763727
78.75	-71.25	224.02	947.582	0.763588
80	-72.5	224.402	948.7	0.763463
81.25	-73.75	224.763	949.776	0.763352
82.5	-75	225.107	950.811	0.763247
11.25	-1.25	205.295	884.951	0.768016
12.5	-2.5	201.118	803.352	0.749652
13.75	-3.75	200.185	750.923	0.733415
15	-5	199.123	720.52	0.72364
16.25	-6.25	196.648	705.575	0.721294
17.5	-7.5	193.214	701.039	0.724389
18.75	-8.75	189.49	703.298	0.730569
20	-10	185.392	709.852	0.738829
21.25	-11.25	180.82	718.998	0.748511
22.5	-12.5	175.906	729.592	0.758898
23.75	-13.75	171.024	740.871	0.769158
25	-15	166.511	752.335	0.778674
26.25	-16.25	162.706	763.663	0.78694
27.5	-17.5	159.844	774.654	0.793658
28.75	-18.75	158.066	785.189	0.79869
30	-20	157.497	795.203	0.801941
31.25	-21.25	158.04	804.668	0.803596
32.5	-22.5	159.476	813.581	0.803983
33.75	-23.75	161.579	821.952	0.803421
35	-25	164.287	829.801	0.802016
36.25	-26.25	167.434	837.155	0.799997
37.5	-27.5	170.871	844.042	0.797557
38.75	-28.75	174.428	850.492	0.794909
40	-30	177.952	856.534	0.792241
41.25	-31.25	181.351	862.197	0.789664
42.5	-32.5	184.567	867.508	0.787245
43.75	-33.75	187.567	872.494	0.785022
45	-35	190.342	877.177	0.783006
46.25	-36.25	192.905	881.581	0.781183
47.5	-37.5	195.27	885.726	0.779536
48.75	-38.75	197.456	889.632	0.778047
50	-40	199.475	893.316	0.776703
51.25	-41.25	201.341	896.793	0.775488
52.5	-42.5	203.069	900.08	0.774387
53.75	-43.75	204.671	903.189	0.773391
55	-45	206.158	906.134	0.772486
56.25	-46.25	207.539	908.925	0.771666
57.5	-47.5	208.824	911.574	0.77092
58.75	-48.75	210.019	914.089	0.770243
60	-50	211.136	916.48	0.769624
61.25	-51.25	212.178	918.756	0.76906
62.5	-52.5	213.15	920.923	0.768548
63.75	-53.75	214.057	922.989	0.768083
65	-55	214.911	924.96	0.767654
66.25	-56.25	215.711	926.841	0.767262
67.5	-57.5	216.467	928.639	0.766898
68.75	-58.75	217.188	930.359	0.766555
70	-60	217.869	932.005	0.766236
71.25	-61.25	218.506	933.582	0.765949
72.5	-62.5	219.102	935.093	0.76569
73.75	-63.75	219.672	936.542	0.765444
75	-65	220.215	937.933	0.765212
76.25	-66.25	220.733	939.269	0.764994
77.5	-67.5	221.226	940.554	0.764792
78.75	-68.75	221.693	941.789	0.764605
80	-70	222.138	942.977	0.764429
81.25	-71.25	222.559	944.121	0.764269
82.5	-72.5	222.956	945.224	0.764124
83.75	-73.75	223.336	946.287	0.763988
13.75	-1.25	206.801	909.647	0.772658
15	-2.5	198.273	844.932	0.765338
16.25	-3.75	198.521	801.88	0.752431
17.5	-5	196.438	775.327	0.746639
18.75	-6.25	192.646	760.65	0.746735
20	-7.5	188.548	754.241	0.750016
21.25	-8.75	184.173	753.449	0.755561
22.5	-10	179.386	756.384	0.762837
23.75	-11.25	174.264	761.723	0.771223
25	-12.5	169.158	768.545	0.779898
26.25	-13.75	164.385	776.218	0.788223
27.5	-15	160.29	784.309	0.795629
28.75	-16.25	157.124	792.527	0.801743
30	-17.5	155.049	800.676	0.806353
31.25	-18.75	154.212	808.631	0.809293
32.5	-20	154.529	816.313	0.810699
33.75	-21.25	155.777	823.675	0.810876
35	-22.5	157.728	830.695	0.810125
36.25	-23.75	160.327	837.362	0.808533
37.5	-25	163.404	843.678	0.806319
38.75	-26.25	166.81	849.653	0.803673
40	-27.5	170.366	855.297	0.800811
41.25	-28.75	173.913	860.628	0.797924
42.5	-30	177.355	865.66	0.795122
43.75	-31.25	180.631	870.41	0.792476
45	-32.5	183.704	874.896	0.790028
46.25	-33.75	186.559	879.135	0.787792
47.5	-35	189.208	883.141	0.785756
48.75	-36.25	191.662	886.929	0.783904
50	-37.5	193.937	890.515	0.78222
51.25	-38.75	196.044	893.912	0.78069
52.5	-40	197.998	897.131	0.779299
53.75	-41.25	199.812	900.186	0.778032
55	-42.5	201.498	903.086	0.776878
56.25	-43.75	203.066	905.841	0.775826
57.5	-45	204.527	908.462	0.774865
58.75	-46.25	205.888	910.956	0.773987
60	-47.5	207.157	913.332	0.773185
61.25	-48.75	208.345	915.597	0.772448
62.5	-50	209.457	917.758	0.771773
63.75	-51.25	210.494	919.821	0.771157
65	-52.5	211.466	921.793	0.770593
66.25	-53.75	212.381	923.679	0.770071
67.5	-55	213.241	925.483	0.76959
68.75	-56.25	214.054	927.212	0.769143
70	-57.5	214.829	928.868	0.768719
71.25	-58.75	215.564	930.457	0.768325
72.5	-60	216.251	931.981	0.767966
73.75	-61.25	216.896	933.445	0.767639
75	-62.5	217.514	934.853	0.767328
76.25	-63.75	218.103	936.206	0.767035
77.5	-65	218.666	937.507	0.766759
78.75	-66.25	219.201	938.761	0.7665
80	-67.5	219.709	939.968	0.766259
81.25	-68.75	220.194	941.132	0.766032
82.5	-70	220.653	942.254	0.765824
83.75	-71.25	221.088	943.337	0.765632
85	-72.5	221.504	944.382	0.765451
16.25	-1.25	196.446	929.905	0.788746
17.5	-2.5	198.302	879.068	0.774418
18.75	-3.75	197.087	844.169	0.766531
20	-5	193.192	821.508	0.764832
21.25	-6.25	188.68	807.853	0.766443
22.5	-7.5	183.837	800.654	0.770391
23.75	-8.75	178.662	797.996	0.776112
25	-10	173.206	798.478	0.78308
26.25	-11.25	167.787	801.091	0.790552
27.5	-12.5	162.687	805.115	0.797933
28.75	-13.75	158.245	810.037	0.804644
30	-15	154.721	815.495	0.810274
31.25	-16.25	152.294	821.237	0.814555
32.5	-17.5	151.139	827.084	0.817263
33.75	-18.75	151.182	832.914	0.81849
35	-20	152.2	838.645	0.818517
36.25	-21.25	153.958	844.222	0.817633
37.5	-22.5	156.413	849.611	0.8159
38.75	-23.75	159.392	854.791	0.813531
40	-25	162.743	859.753	0.81071
41.25	-26.25	166.277	864.492	0.807659
42.5	-27.5	169.832	869.009	0.804568
43.75	-28.75	173.307	873.311	0.801552
45	-30	176.634	877.404	0.798685
46.25	-31.25	179.773	881.296	0.796012
47.5	-32.5	182.705	884.996	0.793552
48.75	-33.75	185.436	888.514	0.791296
50	-35	187.977	891.859	0.789231
51.25	-36.25	190.34	895.041	0.787339
52.5	-37.5	192.536	898.069	0.785611
53.75	-38.75	194.577	900.951	0.784032
55	-40	196.478	903.697	0.782584
56.25	-41.25	198.248	906.313	0.781258
57.5	-42.5	199.899	908.809	0.780043
58.75	-43.75	201.439	911.189	0.778927
60	-45	202.878	913.463	0.777902
61.25	-46.25	204.222	915.635	0.776962
62.5	-47.5	205.483	917.712	0.776092
63.75	-48.75	206.664	919.698	0.775292
65	-50	207.769	921.6	0.774556
66.25	-51.25	208.805	923.423	0.773879
67.5	-52.5	209.782	925.169	0.77325
68.75	-53.75	210.702	926.845	0.772667
70	-55	211.573	928.453	0.772123
71.25	-56.25	212.405	929.997	0.771606
72.5	-57.5	213.194	931.481	0.771124
73.75	-58.75	213.933	932.908	0.770682
75	-60	214.628	934.282	0.770275
76.25	-61.25	215.294	935.604	0.769888
77.5	-62.5	215.93	936.877	0.769522
78.75	-63.75	216.538	938.104	0.769175
80	-65	217.116	939.288	0.76885
81.25	-66.25	217.667	940.43	0.768546
82.5	-67.5	218.193	941.532	0.768258
83.75	-68.75	218.691	942.597	0.767991
85	-70	219.164	943.626	0.767743
86.25	-71.25	219.617	944.62	0.767508
18.75	-1.25	208.039	945.874	0.780057
20	-2.5	199.088	906.082	0.780276
21.25	-3.75	194.324	877.996	0.778673
22.5	-5	189.842	858.971	0.778989
23.75	-6.25	184.533	846.739	0.782067
25	-7.5	178.813	839.498	0.787
26.25	-8.75	172.869	835.873	0.793188
27.5	-10	167.019	834.835	0.799937
28.75	-11.25	161.507	835.627	0.806724
30	-12.5	156.645	837.69	0.813003
31.25	-13.75	152.698	840.622	0.818351
32.5	-15	149.858	844.125	0.822469
33.75	-16.25	148.328	847.987	0.825082
35	-17.5	148.045	852.053	0.826249
36.25	-18.75	148.782	856.212	0.826232
37.5	-20	150.303	860.384	0.825307
38.75	-21.25	152.574	864.515	0.823515
40	-22.5	155.421	868.566	0.821061
41.25	-23.75	158.689	872.51	0.818124
42.5	-25	162.179	876.33	0.814934
43.75	-26.25	165.724	880.017	0.811681
45	-27.5	169.217	883.566	0.808484
46.25	-28.75	172.585	886.973	0.805422
47.5	-30	175.783	890.241	0.802545
48.75	-31.25	178.786	893.37	0.799875
50	-32.5	181.595	896.366	0.79741
51.25	-33.75	184.219	899.233	0.795138
52.5	-35	186.669	901.975	0.793044
53.75	-36.25	188.952	904.598	0.79112
55	-37.5	191.081	907.106	0.789351
56.25	-38.75	193.068	909.507	0.787722
57.5	-40	194.923	911.804	0.786223
58.75	-41.25	196.656	914.003	0.784841
60	-42.5	198.277	916.109	0.783566
61.25	-43.75	199.794	918.127	0.782389
62.5	-45	201.214	920.061	0.781304
63.75	-46.25	202.548	921.915	0.780297
65	-47.5	203.8	923.695	0.779364
66.25	-48.75	204.973	925.403	0.778504
67.5	-50	206.075	927.044	0.777707
68.75	-51.25	207.116	928.62	0.776963
70	-52.5	208.098	930.136	0.776272
71.25	-53.75	209.028	931.594	0.775624
72.5	-55	209.916	932.998	0.775009
73.75	-56.25	210.76	934.35	0.774432
75	-57.5	211.552	935.652	0.773899
76.25	-58.75	212.298	936.907	0.773406
77.5	-60	213.013	938.118	0.772936
78.75	-61.25	213.697	939.286	0.77249
80	-62.5	214.35	940.414	0.772068
81.25	-63.75	214.974	941.503	0.77167
82.5	-65	215.567	942.556	0.771295
83.75	-66.25	216.134	943.573	0.77094
85	-67.5	216.673	944.558	0.770609
86.25	-68.75	217.185	945.51	0.770299
87.5	-70	217.675	946.432	0.770005
21.25	-1.25	202.781	958.183	0.788369
22.5	-2.5	193.911	927.012	0.790821
23.75	-3.75	190.789	904.469	0.789059
25	-5	185.753	888.656	0.790973
26.25	-6.25	179.666	877.969	0.795362
27.5	-7.5	173.203	871.127	0.801173
28.75	-8.75	166.842	867.141	0.807595
30	-10	160.84	865.256	0.814113
31.25	-11.25	155.493	864.906	0.820219
32.5	-12.5	151.065	865.665	0.825493
33.75	-13.75	147.755	867.217	0.829622
35	-15	145.794	869.325	0.83229
36.25	-16.25	145.134	871.813	0.833526
37.5	-17.5	145.542	874.551	0.83358
38.75	-18.75	146.778	877.441	0.832721
40	-20	148.823	880.413	0.830963
41.25	-21.25	151.502	883.414	0.828504
42.5	-22.5	154.657	886.405	0.825523
43.75	-23.75	158.079	889.358	0.822255
45	-25	161.594	892.255	0.818893
46.25	-26.25	165.089	895.08	0.81556
47.5	-27.5	168.487	897.827	0.812339
48.75	-28.75	171.734	900.487	0.809288
50	-30	174.801	903.059	0.806435
51.25	-31.25	177.684	905.541	0.803781
52.5	-32.5	180.389	907.934	0.801319
53.75	-33.75	182.923	910.237	0.799038
55	-35	185.293	912.454	0.796929
56.25	-36.25	187.508	914.586	0.794981
57.5	-37.5	189.581	916.636	0.793178
58.75	-38.75	191.521	918.607	0.79151
60	-40	193.337	920.502	0.789965
61.25	-41.25	195.039	922.324	0.788535
62.5	-42.5	196.636	924.077	0.787209
63.75	-43.75	198.132	925.762	0.78598
65	-45	199.54	927.384	0.784835
66.25	-46.25	200.864	928.945	0.783772
67.5	-47.5	202.107	930.448	0.782785
68.75	-48.75	203.276	931.895	0.781868
70	-50	204.382	933.29	0.781009
71.25	-51.25	205.425	934.634	0.780208
72.5	-52.5	206.415	935.93	0.779454
73.75	-53.75	207.362	937.18	0.778738
75	-55	208.261	938.386	0.778064
76.25	-56.25	209.108	939.551	0.777438
77.5	-57.5	209.906	940.676	0.776857
78.75	-58.75	210.671	941.763	0.776301
80	-60	211.403	942.813	0.775774
81.25	-61.25	212.104	943.829	0.775273
82.5	-62.5	212.772	944.812	0.774799
83.75	-63.75	213.409	945.764	0.774352
85	-65	214.019	946.685	0.773928
86.25	-66.25	214.599	947.577	0.773529
87.5	-67.5	215.15	948.442	0.773154
88.75	-68.75	215.679	949.281	0.772798
23.75	-1.25	194.539	967.564	0.798939
25	-2.5	192.57	943.055	0.795802
26.25	-3.75	187.976	924.949	0.796772
27.5	-5	181.746	911.872	0.800689
28.75	-6.25	174.733	902.679	0.806428
30	-7.5	167.688	896.452	0.812942
31.25	-8.75	161.029	892.474	0.81957
32.5	-10	155.054	890.19	0.825819
33.75	-11.25	150.028	889.175	0.831273
35	-12.5	146.15	889.107	0.835622
36.25	-13.75	143.675	889.738	0.83852
37.5	-15	142.564	890.882	0.839975
38.75	-16.25	142.574	892.395	0.840234
40	-17.5	143.461	894.17	0.83956
41.25	-18.75	145.223	896.124	0.837943
42.5	-20	147.686	898.195	0.835575
43.75	-21.25	150.689	900.336	0.83263
45	-22.5	154.009	902.51	0.829355
46.25	-23.75	157.467	904.691	0.825944
47.5	-25	160.942	906.86	0.822528
48.75	-26.25	164.352	909	0.819194
50	-27.5	167.636	911.102	0.816007
51.25	-28.75	170.758	913.157	0.813002
52.5	-30	173.709	915.16	0.810188
53.75	-31.25	176.489	917.109	0.80756
55	-32.5	179.105	919	0.805109
56.25	-33.75	181.557	920.832	0.802833
57.5	-35	183.857	922.607	0.80072
58.75	-36.25	186.016	924.323	0.798755
60	-37.5	188.04	925.981	0.796929
61.25	-38.75	189.94	927.584	0.795232
62.5	-40	191.723	929.132	0.793654
63.75	-41.25	193.399	930.627	0.792184
65	-42.5	194.972	932.071	0.790818
66.25	-43.75	196.456	933.465	0.789541
67.5	-45	197.853	934.811	0.78835
68.75	-46.25	199.166	936.111	0.787241
70	-47.5	200.403	937.367	0.786207
71.25	-48.75	201.574	938.581	0.785235
72.5	-50	202.681	939.754	0.784325
73.75	-51.25	203.732	940.887	0.783468
75	-52.5	204.738	941.983	0.782652
76.25	-53.75	205.695	943.044	0.781882
77.5	-55	206.596	944.069	0.781164
78.75	-56.25	207.447	945.062	0.780494
80	-57.5	208.264	946.023	0.779853
81.25	-58.75	209.045	946.954	0.779244
82.5	-60	209.794	947.856	0.778665
83.75	-61.25	210.509	948.73	0.778115
85	-62.5	211.19	949.577	0.777595
86.25	-63.75	211.844	950.399	0.7771
87.5	-65	212.465	951.196	0.776633
88.75	-66.25	213.057	951.969	0.776194
90	-67.5	213.625	952.72	0.775774
26.25	-1.25	205.319	974.687	0.789348
27.5	-2.5	192.201	955.309	0.798807
28.75	-3.75	184.743	940.72	0.803615
30	-5	177.541	929.922	0.80908
31.25	-6.25	169.786	922.086	0.815867
32.5	-7.5	162.313	916.547	0.822908
33.75	-8.75	155.529	912.781	0.82961
35	-10	149.749	910.376	0.835509
36.25	-11.25	145.173	909.014	0.840297
37.5	-12.5	142.076	908.448	0.843606
38.75	-13.75	140.423	908.487	0.845432
40	-15	139.954	908.982	0.846032
41.25	-16.25	140.416	909.82	0.845667
42.5	-17.5	141.829	910.912	0.8443
43.75	-18.75	144.018	912.189	0.842118
45	-20	146.822	913.597	0.839293
46.25	-21.25	149.999	915.096	0.836083
47.5	-22.5	153.367	916.653	0.832688
48.75	-23.75	156.797	918.244	0.829243
50	-25	160.199	919.849	0.825842
51.25	-26.25	163.504	921.455	0.822559
52.5	-27.5	166.669	923.049	0.819436
53.75	-28.75	169.677	924.624	0.816491
55	-30	172.526	926.172	0.813721
56.25	-31.25	175.218	927.69	0.811124
57.5	-32.5	177.751	929.174	0.8087
58.75	-33.75	180.133	930.622	0.806438
60	-35	182.375	932.032	0.804326
61.25	-36.25	184.482	933.404	0.802356
62.5	-37.5	186.464	934.737	0.800517
63.75	-38.75	188.329	936.032	0.798801
65	-40	190.085	937.288	0.797197
66.25	-41.25	191.736	938.506	0.795701
67.5	-42.5	193.295	939.687	0.794298
68.75	-43.75	194.766	940.832	0.792986
70	-45	196.15	941.942	0.79176
71.25	-46.25	197.456	943.018	0.790613
72.5	-47.5	198.693	944.06	0.789533
73.75	-48.75	199.865	945.071	0.788519
75	-50	200.978	946.05	0.787561
76.25	-51.25	202.044	947	0.786648
77.5	-52.5	203.059	947.92	0.785785
78.75	-53.75	204.017	948.813	0.784977
80	-55	204.921	949.679	0.78422
81.25	-56.25	205.79	950.518	0.783497
82.5	-57.5	206.623	951.334	0.782807
83.75	-58.75	207.42	952.125	0.78215
85	-60	208.182	952.893	0.781526
86.25	-61.25	208.91	953.639	0.780934
87.5	-62.5	209.607	954.363	0.78037
88.75	-63.75	210.271	955.067	0.779836
90	-65	210.904	955.751	0.779332
91.25	-66.25	211.512	956.416	0.778849
28.75	-1.25	201.849	980.101	0.794053
30	-2.5	187.431	964.676	0.805706
31.25	-3.75	180.956	952.867	0.810093
32.5	-5	173.045	943.941	0.816678
33.75	-6.25	164.866	937.293	0.824104
35	-7.5	157.149	932.434	0.831464
36.25	-8.75	150.449	928.977	0.838049
37.5	-10	145.019	926.614	0.843496
38.75	-11.25	141.166	925.106	0.847406
40	-12.5	138.856	924.263	0.849765
41.25	-13.75	137.805	923.936	0.85085
42.5	-15	137.745	924.008	0.850926
43.75	-16.25	138.726	924.387	0.849926
45	-17.5	140.569	925.003	0.848034
46.25	-18.75	143.112	925.797	0.845418
47.5	-20	146.096	926.725	0.842352
48.75	-21.25	149.331	927.751	0.83904
50	-22.5	152.681	928.848	0.835624
51.25	-23.75	156.047	929.994	0.832206
52.5	-25	159.352	931.17	0.828869
53.75	-26.25	162.544	932.364	0.825665
55	-27.5	165.597	933.564	0.822619
56.25	-28.75	168.505	934.762	0.819735
57.5	-30	171.266	935.952	0.817014
58.75	-31.25	173.873	937.128	0.814462
60	-32.5	176.333	938.287	0.812069
61.25	-33.75	178.655	939.425	0.809825
62.5	-35	180.844	940.541	0.807724
63.75	-36.25	182.907	941.633	0.805755
65	-37.5	184.852	942.699	0.803912
66.25	-38.75	186.687	943.74	0.802184
67.5	-40	188.416	944.755	0.800567
68.75	-41.25	190.051	945.743	0.799046
70	-42.5	191.595	946.705	0.797619
71.25	-43.75	193.051	947.642	0.796283
72.5	-45	194.426	948.553	0.795029
73.75	-46.25	195.731	949.439	0.793845
75	-47.5	196.968	950.3	0.792731
76.25	-48.75	198.144	951.138	0.791677
77.5	-50	199.272	951.952	0.79067
78.75	-51.25	200.345	952.744	0.789717
80	-52.5	201.36	953.513	0.788823
81.25	-53.75	202.32	954.261	0.787983
82.5	-55	203.242	954.989	0.787178
83.75	-56.25	204.126	955.696	0.786411
85	-57.5	204.974	956.384	0.785679
86.25	-58.75	205.784	957.053	0.784982
87.5	-60	206.558	957.704	0.78432
88.75	-61.25	207.301	958.338	0.783687
90	-62.5	208.009	958.954	0.783088
91.25	-63.75	208.684	959.554	0.78252
92.5	-65	209.333	960.139	0.781977
31.25	-1.25	191.347	984.231	0.805587
32.5	-2.5	185.684	971.863	0.80894
33.75	-3.75	177.819	962.252	0.815206
35	-5	169.235	954.854	0.822763
36.25	-6.25	160.455	949.221	0.830961
37.5	-7.5	152.58	944.993	0.838539
38.75	-8.75	146.05	941.879	0.844938
40	-10	141.231	939.648	0.849698
41.25	-11.25	138.097	938.116	0.852794
42.5	-12.5	136.316	937.138	0.85454
43.75	-13.75	135.605	936.596	0.855216
45	-15	136.04	936.4	0.854721
46.25	-16.25	137.441	936.476	0.853236
47.5	-17.5	139.644	936.764	0.850929
48.75	-18.75	142.369	937.219	0.848094
50	-20	145.415	937.802	0.84494
51.25	-21.25	148.639	938.485	0.841619
52.5	-22.5	151.933	939.242	0.838239
53.75	-23.75	155.21	940.054	0.834893
55	-25	158.406	940.906	0.831646
56.25	-26.25	161.486	941.786	0.828532
57.5	-27.5	164.44	942.683	0.825562
58.75	-28.75	167.26	943.59	0.822741
60	-30	169.933	944.499	0.820082
61.25	-31.25	172.465	945.406	0.817576
62.5	-32.5	174.861	946.307	0.815217
63.75	-33.75	177.127	947.199	0.812999
65	-35	179.269	948.079	0.810914
66.25	-36.25	181.292	948.945	0.808954
67.5	-37.5	183.204	949.796	0.807112
68.75	-38.75	185.01	950.631	0.805382
70	-40	186.72	951.448	0.803752
71.25	-41.25	188.338	952.248	0.802217
72.5	-42.5	189.866	953.03	0.800777
73.75	-43.75	191.31	953.794	0.799422
75	-45	192.684	954.54	0.79814
76.25	-46.25	193.985	955.268	0.796931
77.5	-47.5	195.226	955.978	0.795784
78.75	-48.75	196.415	956.671	0.794689
80	-50	197.549	957.346	0.793649
81.25	-51.25	198.622	958.004	0.792671
82.5	-52.5	199.637	958.646	0.791751
83.75	-53.75	200.614	959.271	0.790868
85	-55	201.55	959.88	0.790026
86.25	-56.25	202.449	960.474	0.78922
87.5	-57.5	203.308	961.053	0.788453
88.75	-58.75	204.13	961.618	0.787723
90	-60	204.919	962.168	0.787024
91.25	-61.25	205.671	962.705	0.786361
92.5	-62.5	206.389	963.228	0.785731
93.75	-63.75	207.08	963.738	0.785128
33.75	-1.25	199.494	987.401	0.797961
35	-2.5	184.509	977.408	0.811226
36.25	-3.75	175.304	969.538	0.819188
37.5	-5	165.604	963.384	0.828102
38.75	-6.25	156.416	958.61	0.83683
40	-7.5	148.558	954.946	0.844433
41.25	-8.75	142.535	952.173	0.850306
42.5	-10	138.371	950.115	0.854364
43.75	-11.25	135.68	948.631	0.856973
45	-12.5	134.154	947.606	0.858429
46.25	-13.75	133.904	946.952	0.858595
47.5	-15	134.746	946.593	0.857652
48.75	-16.25	136.511	946.471	0.855768
50	-17.5	138.892	946.539	0.853263
51.25	-18.75	141.681	946.758	0.850352
52.5	-20	144.72	947.097	0.847196
53.75	-21.25	147.896	947.53	0.843914
55	-22.5	151.107	948.038	0.840611
56.25	-23.75	154.279	948.603	0.837362
57.5	-25	157.364	949.212	0.834217
58.75	-26.25	160.345	949.854	0.83119
60	-27.5	163.208	950.519	0.828296
61.25	-28.75	165.936	951.2	0.825551
62.5	-30	168.53	951.892	0.822952
63.75	-31.25	170.995	952.589	0.820494
65	-32.5	173.333	953.288	0.818174
66.25	-33.75	175.548	953.984	0.815985
67.5	-35	177.645	954.677	0.813921
68.75	-36.25	179.633	955.362	0.811974
70	-37.5	181.513	956.04	0.810141
71.25	-38.75	183.297	956.708	0.808408
72.5	-40	184.988	957.366	0.806774
73.75	-41.25	186.587	958.012	0.805236
75	-42.5	188.101	958.647	0.803785
76.25	-43.75	189.541	959.269	0.802411
77.5	-45	190.909	959.879	0.801111
78.75	-46.25	192.213	960.477	0.799877
80	-47.5	193.465	961.061	0.798696
81.25	-48.75	194.66	961.633	0.797574
82.5	-50	195.791	962.192	0.796516
83.75	-51.25	196.863	962.739	0.795517
85	-52.5	197.895	963.273	0.79456
86.25	-53.75	198.885	963.795	0.793644
87.5	-55	199.835	964.306	0.792768
88.75	-56.25	200.745	964.804	0.791932
90	-57.5	201.615	965.291	0.791136
91.25	-58.75	202.451	965.766	0.790373
92.5	-60	203.249	966.231	0.789648
93.75	-61.25	204.011	966.684	0.788958
95	-62.5	204.745	967.128	0.788296
36.25	-1.25	196.588	989.849	0.801396
37.5	-2.5	183.874	981.716	0.812701
38.75	-3.75	172.589	975.231	0.823028
40	-5	162.181	970.088	0.832818
41.25	-6.25	152.905	966.035	0.841719
42.5	-7.5	145.438	962.865	0.848953
43.75	-8.75	140.004	960.413	0.854226
45	-10	136.175	958.542	0.857935
46.25	-11.25	133.625	957.143	0.860392
47.5	-12.5	132.511	956.128	0.861409
48.75	-13.75	132.643	955.424	0.861168
50	-15	133.846	954.974	0.859843
51.25	-16.25	135.779	954.729	0.857783
52.5	-17.5	138.22	954.651	0.855215
53.75	-18.75	141.001	954.708	0.85231
55	-20	143.999	954.875	0.849196
56.25	-21.25	147.097	955.13	0.845993
57.5	-22.5	150.205	955.456	0.842792
58.75	-23.75	153.264	955.838	0.839655
60	-25	156.247	956.265	0.836607
61.25	-26.25	159.136	956.726	0.833667
62.5	-27.5	161.901	957.215	0.830862
63.75	-28.75	164.545	957.724	0.828191
65	-30	167.067	958.247	0.825653
66.25	-31.25	169.468	958.78	0.823247
67.5	-32.5	171.749	959.32	0.820968
68.75	-33.75	173.916	959.863	0.818811
70	-35	175.974	960.406	0.816771
71.25	-36.25	177.925	960.948	0.814845
72.5	-37.5	179.78	961.487	0.813019
73.75	-38.75	181.541	962.021	0.811292
75	-40	183.21	962.55	0.809662
76.25	-41.25	184.792	963.072	0.808123
77.5	-42.5	186.299	963.587	0.806661
78.75	-43.75	187.732	964.094	0.805276
80	-45	189.1	964.592	0.803958
81.25	-46.25	190.415	965.082	0.802696
82.5	-47.5	191.67	965.564	0.801494
83.75	-48.75	192.86	966.036	0.800359
85	-50	193.99	966.499	0.799286
86.25	-51.25	195.077	966.953	0.798256
87.5	-52.5	196.121	967.398	0.79727
88.75	-53.75	197.123	967.834	0.796325
90	-55	198.084	968.26	0.795423
91.25	-56.25	199.003	968.678	0.794562
92.5	-57.5	199.887	969.087	0.793737
93.75	-58.75	200.732	969.488	0.792951
95	-60	201.539	969.88	0.792202
96.25	-61.25	202.317	970.264	0.791483
38.75	-1.25	200.112	991.756	0.798225
40	-2.5	181.757	985.086	0.815491
41.25	-3.75	169.629	979.708	0.826858
42.5	-5	159.349	975.391	0.836631
43.75	-6.25	150.364	971.94	0.845295
45	-7.5	143.431	969.198	0.852011
46.25	-8.75	138.193	967.037	0.857096
47.5	-10	134.349	965.352	0.860829
48.75	-11.25	132.137	964.057	0.862936
50	-12.5	131.363	963.082	0.863601
51.25	-13.75	131.843	962.37	0.863002
52.5	-15	133.191	961.874	0.861529
53.75	-16.25	135.17	961.556	0.859425
55	-17.5	137.599	961.385	0.856875
56.25	-18.75	140.34	961.333	0.854015
57.5	-20	143.261	961.38	0.850984
58.75	-21.25	146.256	961.508	0.847889
60	-22.5	149.247	961.702	0.84481
61.25	-23.75	152.199	961.949	0.84178
62.5	-25	155.085	962.241	0.838829
63.75	-26.25	157.867	962.567	0.835994
65	-27.5	160.541	962.921	0.833277
66.25	-28.75	163.105	963.297	0.83068
67.5	-30	165.555	963.69	0.828207
68.75	-31.25	167.893	964.096	0.825855
70	-32.5	170.12	964.511	0.823621
71.25	-33.75	172.241	964.933	0.8215
72.5	-35	174.256	965.359	0.819491
73.75	-36.25	176.178	965.786	0.817581
75	-37.5	178.005	966.215	0.81577
76.25	-38.75	179.74	966.642	0.814058
77.5	-40	181.387	967.066	0.812436
78.75	-41.25	182.959	967.488	0.810892
80	-42.5	184.456	967.905	0.809428
81.25	-43.75	185.886	968.318	0.808032
82.5	-45	187.262	968.726	0.806692
83.75	-46.25	188.577	969.128	0.805416
85	-47.5	189.826	969.524	0.804207
86.25	-48.75	191.013	969.914	0.803062
87.5	-50	192.155	970.298	0.801963
88.75	-51.25	193.253	970.675	0.800909
90	-52.5	194.308	971.046	0.799898
91.25	-53.75	195.32	971.41	0.798931
92.5	-55	196.29	971.767	0.798008
93.75	-56.25	197.222	972.118	0.797122
95	-57.5	198.113	972.462	0.796277
96.25	-58.75	198.966	972.799	0.79547
97.5	-60	199.788	973.13	0.794696
41.25	-1.25	196.747	993.252	0.801916
42.5	-2.5	177.437	987.742	0.820361
43.75	-3.75	167.119	983.255	0.830035
45	-5	157.132	979.612	0.839598
46.25	-6.25	148.758	976.665	0.847687
47.5	-7.5	141.937	974.29	0.854317
48.75	-8.75	136.538	972.39	0.859585
50	-10	132.98	970.88	0.863031
51.25	-11.25	131.083	969.694	0.86482
52.5	-12.5	130.659	968.777	0.86513
53.75	-13.75	131.271	968.082	0.864401
55	-15	132.657	967.571	0.862897
56.25	-16.25	134.621	967.214	0.860816
57.5	-17.5	137.015	966.985	0.858307
58.75	-18.75	139.686	966.862	0.855527
60	-20	142.506	966.826	0.852605
61.25	-21.25	145.378	966.865	0.849639
62.5	-22.5	148.259	966.963	0.846675
63.75	-23.75	151.109	967.112	0.843752
65	-25	153.878	967.302	0.840921
66.25	-26.25	156.56	967.527	0.838186
67.5	-27.5	159.145	967.779	0.835556
68.75	-28.75	161.629	968.053	0.833038
70	-30	164.008	968.346	0.830631
71.25	-31.25	166.283	968.653	0.828336
72.5	-32.5	168.457	968.971	0.826149
73.75	-33.75	170.528	969.297	0.82407
75	-35	172.509	969.63	0.822088
76.25	-36.25	174.396	969.967	0.820204
77.5	-37.5	176.192	970.306	0.818417
78.75	-38.75	177.9	970.647	0.81672
80	-40	179.533	970.988	0.815103
81.25	-41.25	181.09	971.329	0.813565
82.5	-42.5	182.58	971.667	0.812096
83.75	-43.75	184.015	972.004	0.810685
85	-45	185.389	972.337	0.809337
86.25	-46.25	186.695	972.667	0.808059
87.5	-47.5	187.937	972.994	0.806847
88.75	-48.75	189.135	973.316	0.80568
90	-50	190.286	973.634	0.804561
91.25	-51.25	191.393	973.948	0.803487
92.5	-52.5	192.456	974.257	0.802459
93.75	-53.75	193.475	974.561	0.801475
95	-55	194.456	974.861	0.80053
96.25	-56.25	195.394	975.155	0.799627
97.5	-57.5	196.293	975.445	0.798766
98.75	-58.75	197.159	975.729	0.797937
43.75	-1.25	186.663	994.434	0.812292
45	-2.5	176.777	989.852	0.82141
46.25	-3.75	166.108	986.086	0.831548
47.5	-5	156.599	982.997	0.840693
48.75	-6.25	148.078	980.47	0.848972
50	-7.5	140.785	978.41	0.856109
51.25	-8.75	135.534	976.738	0.861238
52.5	-10	132.21	975.39	0.864455
53.75	-11.25	130.634	974.312	0.865921
55	-12.5	130.305	973.46	0.866142
56.25	-13.75	130.926	972.796	0.865413
57.5	-15	132.282	972.29	0.863948
58.75	-16.25	134.212	971.917	0.86191
60	-17.5	136.536	971.655	0.859481
61.25	-18.75	139.104	971.486	0.856814
62.5	-20	141.793	971.396	0.854032
63.75	-21.25	144.548	971.371	0.851191
65	-22.5	147.317	971.402	0.848346
66.25	-23.75	150.036	971.478	0.84556
67.5	-25	152.692	971.594	0.842844
68.75	-26.25	155.272	971.742	0.840213
70	-27.5	157.765	971.916	0.837677
71.25	-28.75	160.165	972.113	0.83524
72.5	-30	162.471	972.328	0.832905
73.75	-31.25	164.683	972.558	0.830671
75	-32.5	166.797	972.8	0.828539
76.25	-33.75	168.825	973.051	0.826499
77.5	-35	170.764	973.31	0.824554
78.75	-36.25	172.611	973.575	0.822704
80	-37.5	174.373	973.844	0.820943
81.25	-38.75	176.061	974.116	0.819261
82.5	-40	177.673	974.39	0.817658
83.75	-41.25	179.218	974.664	0.816123
85	-42.5	180.708	974.939	0.814647
86.25	-43.75	182.137	975.213	0.813234
87.5	-45	183.497	975.486	0.811892
88.75	-46.25	184.792	975.757	0.810617
90	-47.5	186.042	976.027	0.809388
91.25	-48.75	187.245	976.293	0.808208
92.5	-50	188.403	976.557	0.807074
93.75	-51.25	189.515	976.818	0.805987
95	-52.5	190.583	977.076	0.804946
96.25	-53.75	191.611	977.331	0.803944
97.5	-55	192.596	977.582	0.802987
98.75	-56.25	193.54	977.83	0.802072
100	-57.5	194.45	978.074	0.801191
46.25	-1.25	195.236	995.377	0.803857
47.5	-2.5	177.158	991.54	0.821331
48.75	-3.75	166.292	988.36	0.83175
50	-5	156.492	985.728	0.841243
51.25	-6.25	147.236	983.553	0.850302
52.5	-7.5	140.039	981.762	0.857359
53.75	-8.75	134.99	980.291	0.862296
55	-10	132	979.089	0.865181
56.25	-11.25	130.508	978.114	0.866572
57.5	-12.5	130.174	977.328	0.866807
58.75	-13.75	130.76	976.704	0.866121
60	-15	132.093	976.214	0.864689
61.25	-16.25	133.962	975.839	0.862721
62.5	-17.5	136.189	975.561	0.8604
63.75	-18.75	138.62	975.366	0.857879
65	-20	141.188	975.239	0.855228
66.25	-21.25	143.824	975.172	0.852515
67.5	-22.5	146.446	975.154	0.849823
68.75	-23.75	149.038	975.178	0.847168
70	-25	151.578	975.239	0.844573
71.25	-26.25	154.051	975.329	0.842052
72.5	-27.5	156.448	975.445	0.839614
73.75	-28.75	158.762	975.582	0.837265
75	-30	160.992	975.737	0.835005
76.25	-31.25	163.132	975.907	0.83284
77.5	-32.5	165.193	976.09	0.83076
78.75	-33.75	167.17	976.282	0.828769
80	-35	169.058	976.483	0.826871
81.25	-36.25	170.863	976.69	0.825059
82.5	-37.5	172.596	976.903	0.823323
83.75	-38.75	174.255	977.119	0.821665
85	-40	175.848	977.339	0.820075
86.25	-41.25	177.387	977.56	0.818541
87.5	-42.5	178.866	977.783	0.81707
88.75	-43.75	180.275	978.007	0.815671
90	-45	181.619	978.23	0.814339
91.25	-46.25	182.917	978.453	0.813054
92.5	-47.5	184.169	978.675	0.811819
93.75	-48.75	185.374	978.896	0.810629
95	-50	186.534	979.115	0.809487
96.25	-51.25	187.648	979.333	0.808392
97.5	-52.5	188.721	979.549	0.807339
98.75	-53.75	189.751	979.762	0.80633
100	-55	190.738	979.973	0.805364
101.25	-56.25	191.691	980.182	0.804434
48.75	-1.25	194.2	996.133	0.805046
50	-2.5	177.539	992.901	0.821192
51.25	-3.75	166.467	990.2	0.831886
52.5	-5	155.686	987.947	0.842415
53.75	-6.25	146.604	986.068	0.851324
55	-7.5	139.624	984.506	0.858178
56.25	-8.75	134.97	983.21	0.862725
57.5	-10	132.09	982.139	0.865508
58.75	-11.25	130.594	981.258	0.866911
60	-12.5	130.235	980.539	0.86718
61.25	-13.75	130.826	979.957	0.866498
62.5	-15	132.123	979.491	0.865111
63.75	-16.25	133.91	979.124	0.863235
65	-17.5	136	978.842	0.86106
66.25	-18.75	138.311	978.631	0.858669
67.5	-20	140.755	978.483	0.85615
68.75	-21.25	143.229	978.386	0.853607
70	-22.5	145.713	978.335	0.851061
71.25	-23.75	148.173	978.322	0.848543
72.5	-25	150.592	978.342	0.846074
73.75	-26.25	152.954	978.39	0.843668
75	-27.5	155.249	978.461	0.841334
76.25	-28.75	157.474	978.553	0.839075
77.5	-30	159.619	978.662	0.836901
78.75	-31.25	161.694	978.785	0.834802
80	-32.5	163.691	978.921	0.832784
81.25	-33.75	165.605	979.067	0.830854
82.5	-35	167.44	979.221	0.829007
83.75	-36.25	169.207	979.383	0.827231
85	-37.5	170.901	979.55	0.825531
86.25	-38.75	172.533	979.722	0.823896
87.5	-40	174.113	979.898	0.822315
88.75	-41.25	175.633	980.076	0.820796
90	-42.5	177.085	980.257	0.819348
91.25	-43.75	178.471	980.439	0.817968
92.5	-45	179.813	980.622	0.816634
93.75	-46.25	181.107	980.805	0.815348
95	-47.5	182.356	980.989	0.814109
96.25	-48.75	183.559	981.172	0.812919
97.5	-50	184.715	981.354	0.811775
98.75	-51.25	185.831	981.536	0.810673
100	-52.5	186.902	981.716	0.809617
101.25	-53.75	187.93	981.895	0.808605
102.5	-55	188.922	982.073	0.807629
51.25	-1.25	197.292	996.745	0.802063
52.5	-2.5	178.695	994.005	0.820227
53.75	-3.75	165.912	991.7	0.832699
55	-5	155.487	989.761	0.842904
56.25	-6.25	146.548	988.132	0.851692
57.5	-7.5	139.991	986.766	0.858132
58.75	-8.75	135.464	985.622	0.86256
60	-10	132.552	984.667	0.865384
61.25	-11.25	131.023	983.874	0.866829
62.5	-12.5	130.691	983.217	0.867078
63.75	-13.75	131.27	982.678	0.866416
65	-15	132.499	982.239	0.865105
66.25	-16.25	134.149	981.886	0.863376
67.5	-17.5	136.118	981.607	0.861332
68.75	-18.75	138.299	981.391	0.859079
70	-20	140.563	981.229	0.856748
71.25	-21.25	142.882	981.115	0.854368
72.5	-22.5	145.214	981.041	0.851979
73.75	-23.75	147.535	981.001	0.849608
75	-25	149.823	980.991	0.847273
76.25	-26.25	152.065	981.007	0.844991
77.5	-27.5	154.253	981.045	0.842766
78.75	-28.75	156.375	981.102	0.840613
80	-30	158.44	981.175	0.838521
81.25	-31.25	160.436	981.263	0.836501
82.5	-32.5	162.355	981.362	0.834561
83.75	-33.75	164.202	981.471	0.832698
85	-35	165.986	981.589	0.830901
86.25	-36.25	167.702	981.714	0.829175
87.5	-37.5	169.358	981.845	0.82751
88.75	-38.75	170.967	981.981	0.825896
90	-40	172.519	982.121	0.824341
91.25	-41.25	174.003	982.265	0.822855
92.5	-42.5	175.423	982.411	0.821436
93.75	-43.75	176.799	982.559	0.820062
95	-45	178.13	982.709	0.818736
96.25	-46.25	179.415	982.86	0.817456
97.5	-47.5	180.655	983.011	0.816223
98.75	-48.75	181.848	983.163	0.815038
100	-50	183.001	983.315	0.813894
101.25	-51.25	184.108	983.467	0.812797
102.5	-52.5	185.173	983.618	0.811743
103.75	-53.75	186.201	983.768	0.810726
53.75	-1.25	193.039	997.243	0.806427
55	-2.5	175.372	994.908	0.823731
56.25	-3.75	165.134	992.93	0.83369
57.5	-5	155.058	991.254	0.843574
58.75	-6.25	146.775	989.837	0.851718
60	-7.5	140.543	988.638	0.857841
61.25	-8.75	136.037	987.626	0.862258
62.5	-10	133.145	986.774	0.86507
63.75	-11.25	131.728	986.059	0.86641
65	-12.5	131.458	985.461	0.866602
66.25	-13.75	132.021	984.964	0.865964
67.5	-15	133.139	984.554	0.864773
68.75	-16.25	134.689	984.218	0.863151
70	-17.5	136.542	983.947	0.86123
71.25	-18.75	138.535	983.731	0.859174
72.5	-20	140.636	983.564	0.857013
73.75	-21.25	142.793	983.438	0.854803
75	-22.5	144.972	983.349	0.852573
76.25	-23.75	147.147	983.291	0.850353
77.5	-25	149.299	983.26	0.848159
78.75	-26.25	151.418	983.252	0.846003
80	-27.5	153.487	983.265	0.843901
81.25	-28.75	155.514	983.296	0.841844
82.5	-30	157.485	983.342	0.839847
83.75	-31.25	159.388	983.401	0.837922
85	-32.5	161.225	983.471	0.836065
86.25	-33.75	163.008	983.552	0.834266
87.5	-35	164.728	983.64	0.832532
88.75	-36.25	166.394	983.736	0.830855
90	-37.5	168.018	983.838	0.829222
91.25	-38.75	169.588	983.945	0.827644
92.5	-40	171.094	984.057	0.826134
93.75	-41.25	172.536	984.172	0.824689
95	-42.5	173.938	984.29	0.823286
96.25	-43.75	175.295	984.41	0.821929
97.5	-45	176.61	984.533	0.820616
98.75	-46.25	177.879	984.657	0.81935
100	-47.5	179.102	984.782	0.81813
101.25	-48.75	180.285	984.908	0.816952
102.5	-50	181.424	985.034	0.81582
103.75	-51.25	182.519	985.161	0.814732
105	-52.5	183.578	985.288	0.81368
56.25	-1.25	185.461	997.652	0.814102
57.5	-2.5	175.677	995.65	0.823555
58.75	-3.75	164.967	993.945	0.834028
60	-5	155.392	992.491	0.843432
61.25	-6.25	147.587	991.252	0.851111
62.5	-7.5	141.329	990.197	0.857272
63.75	-8.75	136.84	989.301	0.86168
65	-10	134.142	988.539	0.864303
66.25	-11.25	132.871	987.895	0.865501
67.5	-12.5	132.648	987.351	0.865653
68.75	-13.75	133.134	986.894	0.865098
70	-15	134.184	986.512	0.863981
71.25	-16.25	135.639	986.195	0.862462
72.5	-17.5	137.299	985.935	0.860743
73.75	-18.75	139.126	985.724	0.858859
75	-20	141.053	985.556	0.856879
76.25	-21.25	143.044	985.425	0.854841
77.5	-22.5	145.062	985.326	0.852778
78.75	-23.75	147.084	985.255	0.850715
80	-25	149.097	985.209	0.848665
81.25	-26.25	151.078	985.185	0.84665
82.5	-27.5	153.037	985.179	0.844661
83.75	-28.75	154.954	985.189	0.842717
85	-30	156.814	985.214	0.840833
86.25	-31.25	158.618	985.251	0.839007
87.5	-32.5	160.377	985.299	0.83723
88.75	-33.75	162.081	985.356	0.835511
90	-35	163.737	985.422	0.83384
91.25	-36.25	165.359	985.494	0.832207
92.5	-37.5	166.934	985.573	0.830623
93.75	-38.75	168.446	985.657	0.829103
95	-40	169.898	985.745	0.827645
96.25	-41.25	171.312	985.837	0.826227
97.5	-42.5	172.685	985.932	0.824851
98.75	-43.75	174.018	986.03	0.823516
100	-45	175.307	986.13	0.822227
101.25	-46.25	176.552	986.232	0.820983
102.5	-47.5	177.758	986.335	0.819779
103.75	-48.75	178.919	986.44	0.818621
105	-50	180.038	986.545	0.817506
106.25	-51.25	181.122	986.651	0.816428
58.75	-1.25	197.16	997.989	0.802442
60	-2.5	177.199	996.265	0.822137
61.25	-3.75	165.471	994.787	0.833662
62.5	-5	156.703	993.52	0.842275
63.75	-6.25	148.711	992.434	0.850155
65	-7.5	142.373	991.503	0.856407
66.25	-8.75	138.156	990.706	0.860548
67.5	-10	135.695	990.025	0.862938
68.75	-11.25	134.542	989.444	0.864023
70	-12.5	134.283	988.949	0.864217
71.25	-13.75	134.745	988.53	0.863692
72.5	-15	135.73	988.176	0.862646
73.75	-16.25	136.993	987.879	0.861326
75	-17.5	138.488	987.632	0.859778
76.25	-18.75	140.134	987.428	0.858082
77.5	-20	141.886	987.261	0.856284
78.75	-21.25	143.701	987.128	0.854426
80	-22.5	145.549	987.024	0.852537
81.25	-23.75	147.416	986.945	0.850634
82.5	-25	149.272	986.889	0.848745
83.75	-26.25	151.127	986.852	0.846859
85	-27.5	152.958	986.833	0.845001
86.25	-28.75	154.745	986.828	0.84319
87.5	-30	156.488	986.837	0.841425
88.75	-31.25	158.197	986.857	0.839696
90	-32.5	159.861	986.887	0.838015
91.25	-33.75	161.486	986.927	0.836375
92.5	-35	163.087	986.973	0.834761
93.75	-36.25	164.646	987.027	0.83319
95	-37.5	166.147	987.087	0.831679
96.25	-38.75	167.593	987.152	0.830226
97.5	-40	169.006	987.221	0.828807
98.75	-41.25	170.382	987.294	0.827426
100	-42.5	171.72	987.37	0.826083
101.25	-43.75	173.018	987.45	0.824783
102.5	-45	174.274	987.531	0.823526
103.75	-46.25	175.492	987.615	0.822307
105	-47.5	176.667	987.7	0.821133
106.25	-48.75	177.801	987.787	0.82
107.5	-50	178.901	987.874	0.818903
61.25	-1.25	194.698	998.268	0.804964
62.5	-2.5	175.315	996.777	0.824118
63.75	-3.75	167.035	995.491	0.832208
65	-5	158.128	994.382	0.840978
66.25	-6.25	149.947	993.426	0.849061
67.5	-7.5	144.036	992.602	0.854891
68.75	-8.75	140.196	991.893	0.858658
70	-10	137.955	991.282	0.860832
71.25	-11.25	136.821	990.757	0.861902
72.5	-12.5	136.596	990.308	0.862067
73.75	-13.75	137.034	989.923	0.861571
75	-15	137.83	989.596	0.860721
76.25	-16.25	138.93	989.318	0.85957
77.5	-17.5	140.237	989.085	0.858215
78.75	-18.75	141.696	988.889	0.856712
80	-20	143.256	988.727	0.855111
81.25	-21.25	144.882	988.595	0.853447
82.5	-22.5	146.556	988.489	0.851737
83.75	-23.75	148.243	988.405	0.850018
85	-25	149.954	988.342	0.848277
86.25	-26.25	151.66	988.297	0.846544
87.5	-27.5	153.337	988.267	0.844842
88.75	-28.75	154.985	988.251	0.843172
90	-30	156.613	988.247	0.841524
91.25	-31.25	158.207	988.254	0.839913
92.5	-32.5	159.774	988.271	0.83833
93.75	-33.75	161.328	988.296	0.836762
95	-35	162.85	988.328	0.835227
96.25	-36.25	164.319	988.367	0.833747
97.5	-37.5	165.738	988.412	0.832319
98.75	-38.75	167.131	988.461	0.830918
100	-40	168.492	988.515	0.82955
101.25	-41.25	169.821	988.573	0.828216
102.5	-42.5	171.113	988.633	0.82692
103.75	-43.75	172.366	988.697	0.825664
105	-45	173.584	988.764	0.824443
106.25	-46.25	174.761	988.832	0.823265
107.5	-47.5	175.899	988.902	0.822127
108.75	-48.75	177.004	988.974	0.821023
63.75	-1.25	184.795	998.502	0.814928
65	-2.5	177.719	997.205	0.821783
66.25	-3.75	169.294	996.082	0.83004
67.5	-5	159.724	995.108	0.839491
68.75	-6.25	152.087	994.264	0.847036
70	-7.5	146.667	993.532	0.852378
71.25	-8.75	143.136	992.899	0.85584
72.5	-10	140.957	992.35	0.857956
73.75	-11.25	139.919	991.876	0.858935
75	-12.5	139.72	991.467	0.859078
76.25	-13.75	139.972	991.115	0.858773
77.5	-15	140.614	990.813	0.858082
78.75	-16.25	141.523	990.554	0.857127
80	-17.5	142.634	990.334	0.855973
81.25	-18.75	143.887	990.148	0.854681
82.5	-20	145.24	989.992	0.853291
83.75	-21.25	146.672	989.862	0.851825
85	-22.5	148.143	989.756	0.850324
86.25	-23.75	149.665	989.67	0.848773
87.5	-25	151.205	989.603	0.847207
88.75	-26.25	152.732	989.551	0.845655
90	-27.5	154.246	989.514	0.844119
91.25	-28.75	155.757	989.49	0.842588
92.5	-30	157.248	989.477	0.84108
93.75	-31.25	158.725	989.474	0.839587
95	-32.5	160.203	989.48	0.838093
96.25	-33.75	161.661	989.494	0.836623
97.5	-35	163.074	989.515	0.835198
98.75	-36.25	164.442	989.541	0.83382
100	-37.5	165.793	989.574	0.83246
101.25	-38.75	167.12	989.611	0.831126
102.5	-40	168.421	989.652	0.829818
103.75	-41.25	169.689	989.697	0.828544
105	-42.5	170.923	989.745	0.827306
106.25	-43.75	172.126	989.796	0.826099
107.5	-45	173.291	989.85	0.824932
108.75	-46.25	174.419	989.906	0.823802
110	-47.5	175.517	989.963	0.822703
66.25	-1.25	197.291	998.698	0.802451
67.5	-2.5	181.02	997.566	0.818538
68.75	-3.75	169.93	996.58	0.829487
70	-5	161.397	995.722	0.83791
71.25	-6.25	154.63	994.974	0.844589
72.5	-7.5	149.802	994.323	0.849342
73.75	-8.75	146.488	993.756	0.852591
75	-10	144.559	993.262	0.85446
76.25	-11.25	143.67	992.833	0.855293
77.5	-12.5	143.335	992.461	0.855577
78.75	-13.75	143.482	992.138	0.855381
80	-15	143.959	991.859	0.854859
81.25	-16.25	144.69	991.619	0.854087
82.5	-17.5	145.601	991.412	0.853137
83.75	-18.75	146.644	991.236	0.852059
85	-20	147.798	991.087	0.850873
86.25	-21.25	149.013	990.961	0.849627
87.5	-22.5	150.309	990.856	0.848304
88.75	-23.75	151.645	990.77	0.846942
90	-25	152.985	990.7	0.845578
91.25	-26.25	154.33	990.645	0.844213
92.5	-27.5	155.69	990.603	0.842834
93.75	-28.75	157.043	990.573	0.841462
95	-30	158.399	990.553	0.84009
96.25	-31.25	159.774	990.542	0.8387
97.5	-32.5	161.141	990.54	0.83732
98.75	-33.75	162.472	990.545	0.835977
100	-35	163.766	990.556	0.834673
101.25	-36.25	165.053	990.573	0.833377
102.5	-37.5	166.324	990.596	0.832097
103.75	-38.75	167.578	990.623	0.830836
105	-40	168.805	990.654	0.829603
106.25	-41.25	170.002	990.688	0.8284
107.5	-42.5	171.175	990.726	0.827223
108.75	-43.75	172.313	990.767	0.826082
110	-45	173.416	990.81	0.824975
111.25	-46.25	174.494	990.855	0.823896
68.75	-1.25	194.509	998.864	0.80527
70	-2.5	177.89	997.871	0.821731
71.25	-3.75	170.134	997.003	0.829355
72.5	-5	163.002	996.244	0.836384
73.75	-6.25	157.255	995.579	0.842047
75	-7.5	152.87	994.998	0.846362
76.25	-8.75	150.047	994.489	0.849122
77.5	-10	148.468	994.044	0.850642
78.75	-11.25	147.545	993.655	0.851513
80	-12.5	147.205	993.316	0.851804
81.25	-13.75	147.258	993.02	0.851707
82.5	-15	147.614	992.763	0.85131
83.75	-16.25	148.183	992.54	0.850704
85	-17.5	148.909	992.347	0.849942
86.25	-18.75	149.772	992.18	0.849048
87.5	-20	150.716	992.038	0.848074
88.75	-21.25	151.766	991.917	0.846997
90	-22.5	152.877	991.814	0.845862
91.25	-23.75	154.007	991.729	0.844709
92.5	-25	155.157	991.658	0.843538
93.75	-26.25	156.34	991.601	0.842335
95	-27.5	157.533	991.556	0.841126
96.25	-28.75	158.744	991.521	0.839899
97.5	-30	159.992	991.496	0.838636
98.75	-31.25	161.247	991.48	0.837367
100	-32.5	162.475	991.471	0.836128
101.25	-33.75	163.673	991.469	0.834919
102.5	-35	164.877	991.473	0.833705
103.75	-36.25	166.075	991.483	0.832498
105	-37.5	167.265	991.497	0.831301
106.25	-38.75	168.435	991.516	0.830124
107.5	-40	169.582	991.538	0.828971
108.75	-41.25	170.71	991.565	0.827838
110	-42.5	171.807	991.594	0.826736
111.25	-43.75	172.874	991.626	0.825666
112.5	-45	173.919	991.66	0.824618
71.25	-1.25	187.492	999.004	0.812321
72.5	-2.5	180.194	998.13	0.819468
73.75	-3.75	172.815	997.363	0.826728
75	-5	166.454	996.689	0.832993
76.25	-6.25	160.884	996.097	0.838486
77.5	-7.5	156.98	995.577	0.842323
78.75	-8.75	154.57	995.119	0.844672
80	-10	152.954	994.717	0.846234
81.25	-11.25	152.069	994.364	0.847069
82.5	-12.5	151.663	994.055	0.84743
83.75	-13.75	151.622	993.783	0.847429
85	-15	151.834	993.546	0.84718
86.25	-16.25	152.228	993.339	0.846751
87.5	-17.5	152.781	993.159	0.846166
88.75	-18.75	153.431	993.002	0.845487
90	-20	154.211	992.867	0.844681
91.25	-21.25	155.071	992.751	0.843797
92.5	-22.5	155.962	992.652	0.842884
93.75	-23.75	156.887	992.568	0.841938
95	-25	157.865	992.498	0.840942
96.25	-26.25	158.866	992.44	0.839924
97.5	-27.5	159.902	992.392	0.838872
98.75	-28.75	160.997	992.355	0.837763
100	-30	162.114	992.326	0.836633
101.25	-31.25	163.213	992.305	0.835522
102.5	-32.5	164.291	992.292	0.834432
103.75	-33.75	165.389	992.284	0.833325
105	-35	166.493	992.282	0.832212
106.25	-36.25	167.598	992.286	0.831099
107.5	-37.5	168.693	992.294	0.829997
108.75	-38.75	169.771	992.306	0.828913
110	-40	170.837	992.322	0.827841
111.25	-41.25	171.879	992.341	0.826795
112.5	-42.5	172.894	992.363	0.825776
113.75	-43.75	173.892	992.388	0.824774
73.75	-1.25	197.797	999.124	0.802029
75	-2.5	183.266	998.352	0.816432
76.25	-3.75	176.284	997.672	0.823304
77.5	-5	169.811	997.072	0.82969
78.75	-6.25	164.848	996.542	0.83458
80	-7.5	161.543	996.075	0.83782
81.25	-8.75	159.15	995.663	0.840157
82.5	-10	157.681	995.299	0.841574
83.75	-11.25	156.804	994.978	0.842404
85	-12.5	156.377	994.695	0.842789
86.25	-13.75	156.247	994.446	0.842881
87.5	-15	156.323	994.227	0.84277
88.75	-16.25	156.577	994.035	0.842483
90	-17.5	156.937	993.867	0.842095
91.25	-18.75	157.447	993.72	0.841558
92.5	-20	158.049	993.592	0.840932
93.75	-21.25	158.69	993.482	0.840269
95	-22.5	159.376	993.386	0.839563
96.25	-23.75	160.131	993.305	0.83879
97.5	-25	160.922	993.235	0.837982
98.75	-26.25	161.764	993.177	0.837124
100	-27.5	162.686	993.129	0.836188
101.25	-28.75	163.646	993.089	0.835215
102.5	-30	164.598	993.058	0.834252
103.75	-31.25	165.538	993.034	0.833301
105	-32.5	166.512	993.017	0.832318
106.25	-33.75	167.504	993.005	0.831316
107.5	-35	168.51	992.999	0.830302
108.75	-36.25	169.513	992.998	0.829291
110	-37.5	170.508	993	0.82829
111.25	-38.75	171.5	993.007	0.827293
112.5	-40	172.472	993.018	0.826316
113.75	-41.25	173.423	993.031	0.82536
115	-42.5	174.362	993.047	0.824417
76.25	-1.25	197.109	999.226	0.802738
77.5	-2.5	186.802	998.542	0.812925
78.75	-3.75	178.9	997.937	0.82073
80	-5	173.178	997.401	0.826371
81.25	-6.25	169.052	996.927	0.830427
82.5	-7.5	165.805	996.506	0.833613
83.75	-8.75	163.702	996.134	0.835663
85	-10	162.331	995.804	0.836985
86.25	-11.25	161.53	995.512	0.837741
87.5	-12.5	161.089	995.253	0.838142
88.75	-13.75	160.883	995.024	0.838313
90	-15	160.872	994.822	0.838291
91.25	-16.25	160.969	994.644	0.838164
92.5	-17.5	161.23	994.487	0.837877
93.75	-18.75	161.59	994.349	0.837492
95	-20	161.988	994.229	0.837072
96.25	-21.25	162.437	994.123	0.836603
97.5	-22.5	162.965	994.032	0.836056
98.75	-23.75	163.54	993.953	0.835465
100	-25	164.18	993.885	0.83481
101.25	-26.25	164.92	993.827	0.834056
102.5	-27.5	165.713	993.779	0.83325
103.75	-28.75	166.505	993.739	0.832446
105	-30	167.294	993.706	0.831646
106.25	-31.25	168.132	993.679	0.830798
107.5	-32.5	169.002	993.659	0.82992
108.75	-33.75	169.897	993.645	0.829017
110	-35	170.799	993.635	0.828107
111.25	-36.25	171.701	993.63	0.827198
112.5	-37.5	172.607	993.628	0.826286
113.75	-38.75	173.5	993.631	0.825387
115	-40	174.378	993.637	0.824505
116.25	-41.25	175.251	993.645	0.823629
78.75	-1.25	202.753	999.314	0.797108
80	-2.5	188.004	998.706	0.811752
81.25	-3.75	181.355	998.166	0.818312
82.5	-5	176.84	997.686	0.82275
83.75	-6.25	172.765	997.259	0.82676
85	-7.5	169.969	996.88	0.829499
86.25	-8.75	168.031	996.543	0.831386
87.5	-10	166.833	996.243	0.832538
88.75	-11.25	166.096	995.977	0.833233
90	-12.5	165.639	995.74	0.833652
91.25	-13.75	165.405	995.53	0.833852
92.5	-15	165.278	995.343	0.833949
93.75	-16.25	165.326	995.178	0.833873
95	-17.5	165.474	995.031	0.8337
96.25	-18.75	165.652	994.902	0.8335
97.5	-20	165.877	994.788	0.833254
98.75	-21.25	166.189	994.689	0.832923
100	-22.5	166.551	994.601	0.832544
101.25	-23.75	166.989	994.525	0.832091
102.5	-25	167.546	994.46	0.831521
103.75	-26.25	168.168	994.403	0.830885
105	-27.5	168.797	994.355	0.830244
106.25	-28.75	169.429	994.314	0.829602
107.5	-30	170.125	994.28	0.828897
108.75	-31.25	170.865	994.252	0.828148
110	-32.5	171.642	994.23	0.827362
111.25	-33.75	172.436	994.213	0.82656
112.5	-35	173.239	994.201	0.825751
113.75	-36.25	174.054	994.192	0.824929
115	-37.5	174.862	994.188	0.824115
116.25	-38.75	175.661	994.187	0.823312
117.5	-40	176.46	994.189	0.822508
81.25	-1.25	200.467	999.39	0.79941
82.5	-2.5	188.723	998.847	0.81106
83.75	-3.75	183.925	998.364	0.815774
85	-5	179.445	997.933	0.820183
86.25	-6.25	176.139	997.549	0.823428
87.5	-7.5	173.596	997.206	0.825917
88.75	-8.75	171.971	996.9	0.827495
90	-10	170.942	996.627	0.828479
91.25	-11.25	170.269	996.384	0.829113
92.5	-12.5	169.861	996.167	0.829486
93.75	-13.75	169.562	995.973	0.829752
95	-15	169.452	995.8	0.829833
96.25	-16.25	169.437	995.647	0.829822
97.5	-17.5	169.433	995.511	0.829803
98.75	-18.75	169.467	995.39	0.829748
100	-20	169.586	995.283	0.82961
101.25	-21.25	169.753	995.188	0.829426
102.5	-22.5	170.001	995.105	0.829163
103.75	-23.75	170.383	995.032	0.828766
105	-25	170.842	994.968	0.828294
106.25	-26.25	171.31	994.913	0.827814
107.5	-27.5	171.786	994.866	0.827328
108.75	-28.75	172.339	994.825	0.826765
110	-30	172.948	994.791	0.826146
111.25	-31.25	173.607	994.762	0.825479
112.5	-32.5	174.292	994.738	0.824786
113.75	-33.75	174.993	994.72	0.824078
115	-35	175.715	994.705	0.82335
116.25	-36.25	176.437	994.695	0.822622
117.5	-37.5	177.154	994.687	0.8219
118.75	-38.75	177.878	994.684	0.821171
83.75	-1.25	201.408	999.456	0.798482
85	-2.5	191.174	998.97	0.808629
86.25	-3.75	185.627	998.537	0.814101
87.5	-5	182.318	998.149	0.817343
88.75	-6.25	179.138	997.802	0.820468
90	-7.5	176.969	997.491	0.822586
91.25	-8.75	175.57	997.213	0.823939
92.5	-10	174.648	996.964	0.82482
93.75	-11.25	174.078	996.741	0.825352
95	-12.5	173.642	996.542	0.825755
96.25	-13.75	173.422	996.363	0.825945
97.5	-15	173.294	996.204	0.826046
98.75	-16.25	173.154	996.061	0.826162
100	-17.5	173.033	995.934	0.82626
101.25	-18.75	172.992	995.821	0.826282
102.5	-20	172.989	995.72	0.826268
103.75	-21.25	173.065	995.631	0.826176
105	-22.5	173.287	995.552	0.825938
106.25	-23.75	173.594	995.482	0.825618
107.5	-25	173.91	995.421	0.82529
108.75	-26.25	174.234	995.367	0.824955
110	-27.5	174.649	995.321	0.82453
111.25	-28.75	175.131	995.28	0.824039
112.5	-30	175.673	995.246	0.823488
113.75	-31.25	176.25	995.217	0.822903
115	-32.5	176.85	995.192	0.822295
116.25	-33.75	177.481	995.172	0.821658
117.5	-35	178.116	995.156	0.821017
118.75	-36.25	178.752	995.144	0.820376
120	-37.5	179.401	995.135	0.819722
86.25	-1.25	203.282	999.513	0.796619
87.5	-2.5	190.286	999.078	0.809539
88.75	-3.75	188.195	998.687	0.811558
90	-5	184.724	998.337	0.814969
91.25	-6.25	181.981	998.023	0.817658
92.5	-7.5	180.087	997.741	0.819505
93.75	-8.75	178.812	997.487	0.820738
95	-10	178.034	997.26	0.821477
96.25	-11.25	177.451	997.056	0.822025
97.5	-12.5	177.148	996.872	0.822296
98.75	-13.75	176.951	996.708	0.822464
100	-15	176.718	996.56	0.822672
101.25	-16.25	176.483	996.428	0.822884
102.5	-17.5	176.317	996.309	0.82303
103.75	-18.75	176.171	996.203	0.823157
105	-20	176.098	996.108	0.823214
106.25	-21.25	176.18	996.024	0.823116
107.5	-22.5	176.35	995.949	0.822933
108.75	-23.75	176.524	995.882	0.822746
110	-25	176.705	995.824	0.822554
111.25	-26.25	176.986	995.772	0.822263
112.5	-27.5	177.344	995.726	0.821895
113.75	-28.75	177.774	995.687	0.821456
115	-30	178.246	995.653	0.820976
116.25	-31.25	178.748	995.623	0.820467
117.5	-32.5	179.288	995.598	0.81992
118.75	-33.75	179.838	995.578	0.819363
120	-35	180.394	995.56	0.818802
121.25	-36.25	180.969	995.547	0.818221
88.75	-1.25	191.7	999.563	0.808217
90	-2.5	193.07	999.171	0.80677
91.25	-3.75	189.988	998.819	0.809788
92.5	-5	187.038	998.502	0.812682
93.75	-6.25	184.642	998.217	0.815029
95	-7.5	182.872	997.96	0.816754
96.25	-8.75	181.773	997.729	0.817814
97.5	-10	180.977	997.521	0.818574
98.75	-11.25	180.582	997.333	0.818935
100	-12.5	180.34	997.165	0.819147
101.25	-13.75	180.048	997.012	0.819413
102.5	-15	179.738	996.876	0.819698
103.75	-16.25	179.485	996.753	0.819931
105	-17.5	179.229	996.642	0.820167
106.25	-18.75	179.033	996.543	0.820346
107.5	-20	178.996	996.454	0.820367
108.75	-21.25	179.047	996.374	0.820301
110	-22.5	179.094	996.303	0.820242
111.25	-23.75	179.139	996.24	0.820185
112.5	-25	179.294	996.183	0.820019
113.75	-26.25	179.535	996.133	0.819768
115	-27.5	179.857	996.089	0.819437
116.25	-28.75	180.227	996.051	0.819059
117.5	-30	180.633	996.017	0.818644
118.75	-31.25	181.086	995.988	0.818185
120	-32.5	181.553	995.963	0.817711
121.25	-33.75	182.031	995.941	0.817227
122.5	-35	182.535	995.923	0.816718
91.25	-1.25	206.543	999.607	0.793375
92.5	-2.5	195.198	999.254	0.804657
93.75	-3.75	191.383	998.935	0.808413
95	-5	188.835	998.647	0.810909
96.25	-6.25	186.627	998.388	0.813072
97.5	-7.5	185.142	998.154	0.814515
98.75	-8.75	184.052	997.943	0.815568
100	-10	183.544	997.752	0.816043
101.25	-11.25	183.28	997.579	0.816275
102.5	-12.5	182.967	997.424	0.81656
103.75	-13.75	182.631	997.283	0.816872
105	-15	182.34	997.156	0.81714
106.25	-16.25	182.02	997.042	0.81744
107.5	-17.5	181.74	996.939	0.817701
108.75	-18.75	181.62	996.846	0.817806
110	-20	181.581	996.762	0.817829
111.25	-21.25	181.521	996.687	0.817875
112.5	-22.5	181.449	996.619	0.817936
113.75	-23.75	181.492	996.559	0.817882
115	-25	181.626	996.505	0.817737
116.25	-26.25	181.849	996.457	0.817505
117.5	-27.5	182.125	996.415	0.81722
118.75	-28.75	182.442	996.377	0.816895
120	-30	182.812	996.344	0.816517
121.25	-31.25	183.201	996.315	0.816121
122.5	-32.5	183.605	996.29	0.815711
123.75	-33.75	184.041	996.269	0.81527
93.75	-1.25	203.418	999.646	0.79651
95	-2.5	194.646	999.326	0.805222
96.25	-3.75	192.049	999.037	0.807766
97.5	-5	189.908	998.776	0.809859
98.75	-6.25	188.19	998.539	0.811534
100	-7.5	186.745	998.326	0.812942
101.25	-8.75	186.068	998.132	0.813584
102.5	-10	185.774	997.957	0.813846
103.75	-11.25	185.455	997.798	0.814136
105	-12.5	185.128	997.654	0.814437
106.25	-13.75	184.849	997.524	0.814692
107.5	-15	184.511	997.406	0.815009
108.75	-16.25	184.189	997.3	0.815312
110	-17.5	184.022	997.203	0.815462
111.25	-18.75	183.927	997.116	0.815541
112.5	-20	183.787	997.038	0.815667
113.75	-21.25	183.616	996.967	0.815825
115	-22.5	183.562	996.903	0.815868
116.25	-23.75	183.602	996.846	0.815817
117.5	-25	183.736	996.794	0.815673
118.75	-26.25	183.925	996.748	0.815475
120	-27.5	184.16	996.707	0.815232
121.25	-28.75	184.453	996.671	0.81493
122.5	-30	184.769	996.638	0.814608
123.75	-31.25	185.103	996.61	0.814268
125	-32.5	185.473	996.585	0.813891
96.25	-1.25	204.001	999.68	0.795933
97.5	-2.5	195.631	999.39	0.80425
98.75	-3.75	192.861	999.127	0.80697
100	-5	191.26	998.889	0.808527
101.25	-6.25	189.403	998.673	0.810345
102.5	-7.5	188.413	998.478	0.8113
103.75	-8.75	187.991	998.3	0.811689
105	-10	187.607	998.139	0.812043
106.25	-11.25	187.278	997.992	0.812345
107.5	-12.5	187.031	997.86	0.812568
108.75	-13.75	186.708	997.739	0.812869
110	-15	186.377	997.629	0.81318
111.25	-16.25	186.2	997.53	0.813339
112.5	-17.5	186.081	997.44	0.813441
113.75	-18.75	185.888	997.358	0.81362
115	-20	185.638	997.285	0.813856
116.25	-21.25	185.503	997.218	0.81398
117.5	-22.5	185.461	997.157	0.81401
118.75	-23.75	185.516	997.103	0.813945
120	-25	185.627	997.054	0.813824
121.25	-26.25	185.785	997.01	0.813658
122.5	-27.5	186.007	996.97	0.813428
123.75	-28.75	186.253	996.935	0.813175
125	-30	186.519	996.904	0.812902
126.25	-31.25	186.828	996.876	0.812587
98.75	-1.25	204.587	999.71	0.795353
100	-2.5	195	999.446	0.804892
101.25	-3.75	193.888	999.207	0.805958
102.5	-5	192	998.99	0.807806
103.75	-6.25	190.674	998.793	0.809096
105	-7.5	190.024	998.613	0.809712
106.25	-8.75	189.465	998.45	0.810241
107.5	-10	189.078	998.301	0.8106
108.75	-11.25	188.859	998.166	0.810794
110	-12.5	188.572	998.043	0.811058
111.25	-13.75	188.263	997.931	0.811346
112.5	-15	188.114	997.829	0.811476
113.75	-16.25	188.01	997.737	0.811563
115	-17.5	187.795	997.652	0.811763
116.25	-18.75	187.49	997.576	0.812054
117.5	-20	187.294	997.506	0.812238
118.75	-21.25	187.186	997.443	0.812334
120	-22.5	187.175	997.386	0.812335
121.25	-23.75	187.218	997.335	0.812282
122.5	-25	187.306	997.288	0.812185
123.75	-26.25	187.462	997.246	0.81202
125	-27.5	187.643	997.208	0.811831
126.25	-28.75	187.846	997.174	0.811621
127.5	-30	188.096	997.144	0.811365
101.25	-1.25	197.217	999.736	0.802731
102.5	-2.5	195.578	999.496	0.804323
103.75	-3.75	194.495	999.278	0.805365
105	-5	193.126	999.08	0.806696
106.25	-6.25	192.221	998.899	0.807567
107.5	-7.5	191.293	998.734	0.808464
108.75	-8.75	190.701	998.584	0.809029
110	-10	190.438	998.447	0.809265
111.25	-11.25	190.161	998.322	0.809519
112.5	-12.5	189.876	998.208	0.809783
113.75	-13.75	189.78	998.104	0.80986
115	-15	189.723	998.009	0.809898
116.25	-16.25	189.516	997.922	0.81009
117.5	-17.5	189.18	997.843	0.810411
118.75	-18.75	188.943	997.772	0.810635
120	-20	188.786	997.706	0.81078
121.25	-21.25	188.721	997.647	0.810834
122.5	-22.5	188.706	997.593	0.810838
123.75	-23.75	188.733	997.544	0.810803
125	-25	188.829	997.499	0.810698
126.25	-26.25	188.949	997.459	0.810569
127.5	-27.5	189.092	997.423	0.81042
128.75	-28.75	189.285	997.39	0.81022
103.75	-1.25	196.46	999.76	0.803492
105	-2.5	196.235	999.541	0.803675
106.25	-3.75	195.273	999.342	0.804599
107.5	-5	194.587	999.16	0.805249
108.75	-6.25	193.231	998.994	0.806574
110	-7.5	192.271	998.842	0.807506
111.25	-8.75	191.846	998.703	0.807905
112.5	-10	191.512	998.577	0.808215
113.75	-11.25	191.222	998.461	0.808483
115	-12.5	191.187	998.355	0.808498
116.25	-13.75	191.208	998.258	0.808459
117.5	-15	191.038	998.17	0.808612
118.75	-16.25	190.696	998.089	0.808939
120	-17.5	190.44	998.015	0.809181
121.25	-18.75	190.254	997.948	0.809355
122.5	-20	190.153	997.887	0.809444
123.75	-21.25	190.093	997.83	0.809494
125	-22.5	190.066	997.779	0.809511
126.25	-23.75	190.11	997.733	0.809458
127.5	-25	190.174	997.69	0.809386
128.75	-26.25	190.259	997.652	0.809293
130	-27.5	190.398	997.617	0.809148
106.25	-1.25	205.513	999.781	0.794442
107.5	-2.5	197.709	999.581	0.802208
108.75	-3.75	197.045	999.398	0.802836
110	-5	195.385	999.231	0.804464
111.25	-6.25	193.979	999.078	0.805842
112.5	-7.5	193.243	998.939	0.806551
113.75	-8.75	192.729	998.811	0.807041
115	-10	192.352	998.693	0.807397
116.25	-11.25	192.356	998.586	0.807372
117.5	-12.5	192.468	998.488	0.807241
118.75	-13.75	192.358	998.398	0.807333
120	-15	192.034	998.315	0.807642
121.25	-16.25	191.784	998.24	0.807878
122.5	-17.5	191.589	998.171	0.80806
123.75	-18.75	191.472	998.107	0.808165
125	-20	191.381	998.049	0.808245
126.25	-21.25	191.313	997.997	0.808303
127.5	-22.5	191.313	997.948	0.808294
128.75	-23.75	191.327	997.904	0.808271
130	-25	191.358	997.864	0.808232
131.25	-26.25	191.444	997.827	0.808139
108.75	-1.25	203.542	999.8	0.796417
110	-2.5	199.798	999.617	0.800126
111.25	-3.75	197.23	999.449	0.802661
112.5	-5	195.714	999.295	0.804148
113.75	-6.25	194.676	999.155	0.805159
115	-7.5	193.863	999.026	0.805948
116.25	-8.75	193.27	998.907	0.806519
117.5	-10	193.257	998.799	0.806511
118.75	-11.25	193.458	998.699	0.80629
120	-12.5	193.426	998.608	0.806305
121.25	-13.75	193.141	998.524	0.806574
122.5	-15	192.925	998.447	0.806774
123.75	-16.25	192.752	998.376	0.806935
125	-17.5	192.644	998.311	0.80703
126.25	-18.75	192.545	998.252	0.807117
127.5	-20	192.452	998.197	0.8072
128.75	-21.25	192.421	998.147	0.807222
130	-22.5	192.395	998.101	0.807239
131.25	-23.75	192.379	998.059	0.807247
132.5	-25	192.418	998.021	0.8072
111.25	-1.25	208.516	999.817	0.791446
112.5	-2.5	198.154	999.649	0.801776
113.75	-3.75	197.247	999.494	0.802653
115	-5	196.371	999.353	0.803502
116.25	-6.25	195.268	999.223	0.804581
117.5	-7.5	194.266	999.104	0.80556
118.75	-8.75	194.095	998.994	0.80571
120	-10	194.322	998.893	0.805463
121.25	-11.25	194.338	998.801	0.805429
122.5	-12.5	194.086	998.716	0.805665
123.75	-13.75	193.917	998.637	0.805819
125	-15	193.784	998.565	0.805938
126.25	-16.25	193.709	998.499	0.806
127.5	-17.5	193.622	998.438	0.806075
128.75	-18.75	193.52	998.382	0.806167
130	-20	193.471	998.331	0.806206
131.25	-21.25	193.414	998.284	0.806254
132.5	-22.5	193.357	998.24	0.806302
133.75	-23.75	193.352	998.201	0.806299
113.75	-1.25	196.253	999.832	0.803714
115	-2.5	197.134	999.677	0.802803
116.25	-3.75	197.495	999.535	0.802413
117.5	-5	196.753	999.405	0.803129
118.75	-6.25	195.333	999.285	0.804528
120	-7.5	194.874	999.174	0.804965
121.25	-8.75	195.038	999.073	0.804781
122.5	-10	195.045	998.979	0.804756
123.75	-11.25	194.799	998.893	0.804985
125	-12.5	194.68	998.814	0.805089
126.25	-13.75	194.608	998.74	0.805146
127.5	-15	194.596	998.673	0.805145
128.75	-16.25	194.55	998.611	0.805179
130	-17.5	194.463	998.554	0.805255
131.25	-18.75	194.418	998.501	0.80529
132.5	-20	194.346	998.453	0.805353
133.75	-21.25	194.26	998.408	0.80543
135	-22.5	194.221	998.367	0.805462
116.25	-1.25	205.199	999.845	0.794769
117.5	-2.5	198.636	999.703	0.801305
118.75	-3.75	198.599	999.572	0.801316
120	-5	196.851	999.452	0.803041
121.25	-6.25	195.958	999.341	0.803913
122.5	-7.5	195.886	999.238	0.803965
123.75	-8.75	195.722	999.144	0.804111
125	-10	195.375	999.057	0.80444
126.25	-11.25	195.258	998.977	0.804542
127.5	-12.5	195.238	998.902	0.804548
128.75	-13.75	195.303	998.834	0.804469
130	-15	195.32	998.771	0.804439
131.25	-16.25	195.271	998.713	0.804477
132.5	-17.5	195.252	998.659	0.804486
133.75	-18.75	195.184	998.609	0.804544
135	-20	195.084	998.564	0.804636
136.25	-21.25	195.021	998.522	0.804691
118.75	-1.25	196.827	999.858	0.803144
120	-2.5	198.976	999.726	0.800969
121.25	-3.75	197.72	999.606	0.802202
122.5	-5	197.007	999.494	0.802893
123.75	-6.25	196.846	999.391	0.803034
125	-7.5	196.414	999.296	0.803447
126.25	-8.75	195.852	999.208	0.803993
127.5	-10	195.662	999.127	0.804167
128.75	-11.25	195.664	999.052	0.80415
130	-12.5	195.813	998.983	0.803988
131.25	-13.75	195.914	998.919	0.803874
132.5	-15	195.926	998.86	0.80385
133.75	-16.25	195.96	998.805	0.803806
135	-17.5	195.92	998.755	0.803836
136.25	-18.75	195.824	998.708	0.803923
137.5	-20	195.753	998.665	0.803986
121.25	-1.25	209.176	999.869	0.790796
122.5	-2.5	198.684	999.748	0.801266
123.75	-3.75	198.183	999.636	0.801744
125	-5	198.383	999.532	0.801524
126.25	-6.25	197.594	999.437	0.802295
127.5	-7.5	196.622	999.348	0.80325
128.75	-8.75	196.19	999.267	0.803666
130	-10	196.099	999.191	0.803742
131.25	-11.25	196.28	999.121	0.803548
132.5	-12.5	196.446	999.056	0.803368
133.75	-13.75	196.518	998.997	0.803284
135	-15	196.616	998.941	0.803176
136.25	-16.25	196.618	998.89	0.803163
137.5	-17.5	196.54	998.842	0.803232
138.75	-18.75	196.472	998.798	0.803291
123.75	-1.25	195.25	999.879	0.804726
125	-2.5	195.834	999.767	0.804121
126.25	-3.75	198.667	999.663	0.801266
127.5	-5	198.389	999.567	0.801525
128.75	-6.25	197.275	999.478	0.802622
130	-7.5	196.602	999.396	0.80328
131.25	-8.75	196.357	999.32	0.803509
132.5	-10	196.54	999.249	0.803312
133.75	-11.25	196.767	999.184	0.803072
135	-12.5	196.91	999.123	0.802917
136.25	-13.75	197.1	999.067	0.802716
137.5	-15	197.175	999.015	0.802631
138.75	-16.25	197.144	998.967	0.802652
140	-17.5	197.105	998.922	0.802682
126.25	-1.25	194.963	999.888	0.805015
127.5	-2.5	198.799	999.784	0.801158
128.75	-3.75	198.971	999.688	0.800967
130	-5	198.206	999.599	0.801715
131.25	-6.25	197.344	999.516	0.80256
132.5	-7.5	196.799	999.44	0.803091
133.75	-8.75	196.856	999.368	0.803019
135	-10	197.057	999.303	0.802806
136.25	-11.25	197.221	999.241	0.802629
137.5	-12.5	197.494	999.185	0.802345
138.75	-13.75	197.651	999.132	0.802177
140	-15	197.685	999.083	0.802133
141.25	-16.25	197.696	999.037	0.802114
128.75	-1.25	209.016	999.896	0.790962
130	-2.5	199.448	999.8	0.800512
131.25	-3.75	199.378	999.71	0.800564
132.5	-5	198.77	999.628	0.801156
133.75	-6.25	197.852	999.551	0.802059
135	-7.5	197.589	999.479	0.802308
136.25	-8.75	197.578	999.413	0.802306
137.5	-10	197.627	999.351	0.802245
138.75	-11.25	197.915	999.294	0.801945
140	-12.5	198.129	999.24	0.801721
141.25	-13.75	198.225	999.191	0.801614
142.5	-15	198.296	999.145	0.801534
131.25	-1.25	195.829	999.904	0.804152
132.5	-2.5	197.879	999.814	0.802084
133.75	-3.75	199.076	999.731	0.800871
135	-5	198.632	999.654	0.8013
136.25	-6.25	198.274	999.582	0.801643
137.5	-7.5	198.024	999.515	0.80188
138.75	-8.75	197.863	999.453	0.802029
140	-10	198.121	999.395	0.80176
141.25	-11.25	198.382	999.342	0.801488
142.5	-12.5	198.558	999.292	0.801302
143.75	-13.75	198.722	999.245	0.801128
133.75	-1.25	205.229	999.91	0.794753
135	-2.5	199.145	999.827	0.80082
136.25	-3.75	199.032	999.75	0.800918
137.5	-5	198.898	999.678	0.801038
138.75	-6.25	198.45	999.611	0.801473
140	-7.5	197.939	999.548	0.801972
141.25	-8.75	198.067	999.49	0.801832
142.5	-10	198.327	999.436	0.801561
143.75	-11.25	198.579	999.386	0.801299
145	-12.5	198.866	999.339	0.801003
136.25	-1.25	196.994	999.917	0.802989
137.5	-2.5	197.727	999.839	0.802242
138.75	-3.75	198.722	999.767	0.801232
140	-5	198.74	999.7	0.8012
141.25	-6.25	197.945	999.637	0.801983
142.5	-7.5	197.871	999.579	0.802046
143.75	-8.75	198.043	999.524	0.801863
145	-10	198.328	999.473	0.801568
146.25	-11.25	198.74	999.426	0.801146
138.75	-1.25	205.342	999.922	0.794642
140	-2.5	200.053	999.85	0.799917
141.25	-3.75	199.749	999.783	0.800207
142.5	-5	198.677	999.72	0.801267
143.75	-6.25	198.29	999.661	0.801643
145	-7.5	198.15	999.607	0.801772
146.25	-8.75	198.285	999.555	0.801627
147.5	-10	198.718	999.508	0.801184
141.25	-1.25	208.066	999.928	0.791919
142.5	-2.5	200.85	999.86	0.799122
143.75	-3.75	198.884	999.797	0.801076
145	-5	198.735	999.738	0.801213
146.25	-6.25	198.368	999.683	0.801569
147.5	-7.5	198.267	999.632	0.80166
148.75	-8.75	198.641	999.584	0.801276
143.75	-1.25	204.151	999.932	0.795835
145	-2.5	197.533	999.869	0.802441
146.25	-3.75	198.606	999.81	0.801357
147.5	-5	198.566	999.755	0.801385
148.75	-6.25	198.338	999.704	0.801603
150	-7.5	198.593	999.656	0.801339
146.25	-1.25	196.367	999.937	0.803621
147.5	-2.5	198.313	999.878	0.801662
148.75	-3.75	198.669	999.823	0.801296
150	-5	198.663	999.771	0.801291
151.25	-6.25	198.792	999.723	0.801153
148.75	-1.25	208.312	999.941	0.791676
150	-2.5	198.602	999.886	0.801376
151.25	-3.75	198.914	999.834	0.801053
152.5	-5	199.27	999.785	0.800687
151.25	-1.25	195.679	999.945	0.80431
152.5	-2.5	197.127	999.893	0.802852
153.75	-3.75	198.848	999.844	0.801122
153.75	-1.25	204.189	999.948	0.795801
155	-2.5	197.988	999.9	0.801992
156.25	-1.25	194.839	999.951	0.805151
