# File: UnstructuredGrid_Inversion_L1_Medium_Iter04.dat
# (No specific header documentation)

-160.964	-0.809672	155.81	0	
-159.375	-0.301598	242.951	0	
-65.625	-0.165467	196.18	0	
30.9005	-0.895475	214.29	0	
-142.912	-91.3576	699.91	0	
126.875	-0.301598	166.241	0	
31.9883	-0.542287	212.293	0	
-160.064	-62.1857	773.35	0	
-64.5161	-0.298492	208.334	0	
-119.636	-2.41546	180.144	0	
-139.485	-35.1206	1133.79	0	
-143.874	-2.53992	196.75	0	
-155.063	-23.4769	916.436	0	
-158.977	-12.4967	557.158	0	
-114.835	-1.50691	173.735	0	
-103.25	-43.3079	1149.47	0	
-67.173	-1.2985	199.087	0	
-138.896	-1.29758	192.918	0	
-155.804	-4.6491	231.933	0	
-148.979	-0.455456	235.036	0	
-144.727	-2.46781	195.518	0	
-146.402	-2.52034	194.171	0	
-126.665	-3.7351	191.108	0	
-154.467	-3.89559	209.936	0	
-157.665	-2.01948	212.266	0	
-149.586	-9.02197	351.2	0	
-155.398	-3.10955	214.4	0	
-159.43	-2.96142	207.839	0	
125.625	-0.165467	186.995	0	
-23.3864	-2.41546	206.571	0	
-158.045	-5.33416	253.858	0	
-47.0691	-1.63768	193.126	0	
-157.269	-2.01355	216.895	0	
-158.416	-11.1943	510.748	0	
-19.1602	-2.00366	216.945	0	
-151.998	-2.42029	207.519	0	
29.5898	-2.00366	204.133	0	
-42.9102	-2.00366	200.292	0	
-168.772	-1.4041	389.625	0	
-52.909	-0.778412	187.993	0	
-163.756	-1.69208	255.25	0	
-165.59	-1.84869	322.37	0	
-62.2691	-2.01355	195.927	0	
-170.861	-5.94398	493.155	0	
-61.0175	-2.7257	197.55	0	
-164.312	-11.5088	555.927	0	
-60.398	-3.10955	200.463	0	
-68.125	-0.721791	196.871	0	
-65.4468	-1.76995	198.993	0	
-87.6411	-0.463959	173.79	0	
-157.849	-0.895475	225.357	0	
-157.016	-0.298492	264.393	0	
-80.081	-2.30018	196.077	0	
-157.641	-0.463959	208.488	0	
-70.4083	-0.938252	198.287	0	
79.375	-0.301598	269.361	0	
-154.708	-0.607141	205.076	0	
55.625	-0.301598	196.627	0	
-152.706	-0.402475	239	0	
-150.622	-0.734698	242.283	0	
38.0357	-1.83306	212.848	0	
-154.476	-1.53614	213.182	0	
50.3897	-1.70135	202.733	0	
-155.628	-0.525079	228.189	0	
72.2695	-2.78325	213.741	0	
-161.818	-1.6786	182.598	0	
-60.3657	-1.62826	194.372	0	
-149.929	-0.367273	224.374	0	
-155.366	-1.62826	224.508	0	
31.112	-5.33287	211.267	0	
-148.386	-0.571426	220.08	0	
31.6649	-3.42449	201.768	0	
-146.875	-0.165467	202.383	0	
-147.151	-0.895475	219.144	0	
36.875	-0.301598	231.697	0	
33.1977	-2.30897	206.887	0	
-144.375	-0.165467	195.721	0	
28.125	-0.721791	211.164	0	
-137.729	-0.455456	209.028	0	
-139.372	-0.734698	185.46	0	
25.8417	-0.938252	204.75	0	
-143.266	-0.298492	244.781	0	
34.4375	-1.54093	213.445	0	
-143.891	-0.463959	190.69	0	
33.5931	-1.53107	213.321	0	
8.60886	-0.463959	185.664	0	
-137.069	-0.272934	174.486	0	
183.782	-3.55475	343.702	0	
-135.625	-0.165467	201.377	0	
-135.422	-0.963615	187.658	0	
136.358	-1.70172	202.671	0	
-136.804	-0.667983	182.828	0	
149.681	-2.82434	215.382	0	
131.331	-3.34282	206.873	0	
-131.141	-0.715414	180.227	0	
129.412	-2.52837	201.146	0	
-123.426	-1.29981	174.813	0	
-128.599	-0.451863	186.535	0	
129.375	-0.301598	161.272	0	
-130.349	-0.895475	186.94	0	
133.125	-0.301598	215.634	0	
-130.141	-0.463959	174.896	0	
141.875	-0.301598	196.625	0	
-138.679	-0.367273	194.206	0	
15.2702	-1.36247	191.586	0	
128.958	-1.40127	188.647	0	
-121.391	-0.463959	162.986	0	
120.625	-0.165467	172.415	0	
-121.875	-0.165467	163.903	0	
-120.766	-0.298492	171.757	0	
111.648	-1.67889	183.122	0	
-123.122	-0.734698	172.358	0	
123.125	-0.721791	178.904	0	
-116.875	-0.721791	166.374	0	
-120.43	-0.706159	176.812	0	
-133.614	-3.02744	185.085	0	
-115.938	-0.180399	164.473	0	
-114.93	-0.373341	174.951	0	
-127.922	-0.963615	182.014	0	
-113.995	-0.454315	167.316	0	
-119.158	-0.938252	170.236	0	
-118.541	-0.578104	169.246	0	
100.625	-0.165467	181.335	0	
-93.125	-0.301598	157.983	0	
-112.151	-0.895475	171.285	0	
-103.125	-0.301598	161.432	0	
-111.672	-0.963615	170.085	0	
-103.542	-1.40127	177.498	0	
-114.397	-2.31338	178.165	0	
-111.875	-0.165467	166.7	0	
-110.501	-2.80566	185.161	0	
-111.748	-1.83939	177.691	0	
-107.849	-0.895475	171.655	0	
-141.431	-1.37109	199.892	0	
-104.375	-0.165467	176.677	0	
-94.834	-1.50151	180.168	0	
-141.981	-0.881967	197.428	0	
-105.622	-0.734698	168.564	0	
-110.622	-0.734698	167.084	0	
-108.401	-0.895475	169.887	0	
-110.31	-0.184751	165.496	0	
-113.395	-0.567113	171.031	0	
-105.535	-3.32278	189.265	0	
-128.125	-0.165467	181.59	0	
127.708	-2.01633	192.771	0	
-102.705	-1.03334	174.836	0	
43.125	-0.301598	207.45	0	
-129.574	-0.584888	188.234	0	
-102.183	-0.445797	176.077	0	
-133.125	-0.301598	198.891	0	
-99.375	-0.301598	181.349	0	
-101.602	-0.997079	173.887	0	
-91.1261	-2.20771	183.939	0	
-134.372	-0.734698	176.766	0	
-95.6225	-0.734698	170.51	0	
-150.507	-1.76254	213.454	0	
-74.6759	-1.29981	198.177	0	
-92.7055	-1.03334	176.284	0	
-148.85	-2.03288	209.564	0	
-94.9286	-0.367273	182.915	0	
-152.212	-0.604068	229.679	0	
-93.5504	-1.09742	174.936	0	
-136.161	-2.47909	186.218	0	
-149.47	-2.03556	205.716	0	
-88.6387	-0.719544	181.042	0	
-146.837	-2.28949	205.41	0	
-82.1759	-1.29981	191.941	0	
-86.6802	-0.706159	188.138	0	
-146.391	-0.463959	232.015	0	
-88.125	-0.165467	175.587	0	
-145.824	-0.584888	213.402	0	
-156.627	-2.33829	217.264	0	
-81.8725	-0.734698	195.845	0	
-150.31	-0.184751	243.634	0	
-79.4996	-0.661704	197.055	0	
-73.1692	-0.879566	196.462	0	
-154.162	-2.34984	214.369	0	
-81.1786	-0.367273	185.318	0	
-155.811	-1.63149	219.862	0	
-85.3203	-0.445807	187.858	0	
-156.607	-1.08764	239.741	0	
-92.1826	-0.445797	179.242	0	
-139.06	-0.184751	182.876	0	
-158.542	-0.898582	220.057	0	
-71.6854	-1.63811	198.727	0	
-20.625	-0.721791	242.949	0	
-72.8264	-1.21051	198.917	0	
-72.4877	-0.987677	200.324	0	
-22.9083	-0.938252	230.881	0	
-74.0121	-0.773476	200.03	0	
-158.522	-2.05757	209.393	0	
-31.6024	-0.997079	218.231	0	
-70.8804	-0.893213	198.038	0	
3.125	-0.301598	180.371	0	
-67.1875	-0.180399	204.602	0	
30.2547	-1.43797	210.075	0	
-13.5751	-1.74918	221.291	0	
-65.1411	-0.463959	191.536	0	
-8.59083	-3.99594	203.583	0	
-66.1344	-0.727833	199.734	0	
-36.7915	-3.20198	208.191	0	
-18.4953	-1.43797	229.171	0	
-62.8495	-0.895475	197.262	0	
-15.6179	-1.83311	210.478	0	
-60.628	-0.525079	190.122	0	
-59.7083	-0.607141	192.875	0	
-14.3725	-0.734698	241.806	0	
-62.0161	-0.298492	207.031	0	
-13.6493	-0.785793	252.537	0	
-46.875	-0.165467	203.577	0	
-57.7061	-0.402475	194.536	0	
-33.125	-0.301598	205.419	0	
-54.2901	-0.472486	187.347	0	
-52.7145	-1.16743	192.645	0	
-42.2453	-1.43797	201.744	0	
-55.2072	-0.767958	190.178	0	
-41.56	-2.60934	206.559	0	
-59.4757	-1.53614	192.073	0	
-44.375	-0.721791	200.182	0	
-62.6411	-0.463959	190.547	0	
-6.875	-0.301598	195.009	0	
-78.9025	-0.239106	196.089	0	
-152.886	-1.63981	219.703	0	
-39.3679	-1.83311	204.26	0	
-52.2496	-0.445897	191.336	0	
-57.2117	-0.604068	190.591	0	
-49.0839	-1.20593	190.381	0	
-48.5629	-0.865366	187.931	0	
-55.507	-1.76254	189.506	0	
-48.6944	-1.22041	188.906	0	
-38.1225	-0.734698	205.573	0	
-42.5179	-2.32426	203.664	0	
-41.4949	-0.454315	209.866	0	
-50.2374	-1.10296	185.29	0	
-42.4301	-0.373341	202.847	0	
-41.0223	-0.420281	203.402	0	
-51.7134	-2.35879	197.229	0	
-43.4375	-0.180399	193.292	0	
-54.4702	-2.03556	191.958	0	
-47.1505	-0.895475	192.156	0	
-53.8504	-2.03288	189.406	0	
-61.6073	-1.08764	199.176	0	
-38.4426	-0.916578	209.548	0	
-62.6651	-2.01948	195.646	0	
-33.5417	-1.40127	212.415	0	
-35.2233	-1.26107	205.963	0	
-54.2901	-0.904002	191.889	0	
-38.7887	-0.749484	212.892	0	
-61.6267	-2.33829	196.502	0	
-57.8859	-1.63981	192.498	0	
-27.1759	-1.29981	223.04	0	
-63.5928	-1.85924	195.544	0	
-32.1826	-0.445797	217.573	0	
-24.1854	-1.63811	216.872	0	
-68.8542	-0.421	198.34	0	
-32.7055	-1.03334	213.437	0	
-64.1802	-0.706159	200.575	0	
-34.7173	-0.445775	246.438	0	
-59.1617	-2.34984	195.688	0	
-39.4815	-0.881992	217.649	0	
-51.0424	-1.9688	194.737	0	
-72.1018	-1.67889	199.287	0	
-25.3264	-1.21051	218.899	0	
-70.4331	-2.41216	198.947	0	
-22.291	-0.578104	229.884	0	
-23.3804	-0.893213	237.655	0	
-69.1859	-1.83675	198.075	0	
-24.9877	-0.987677	233.126	0	
-67.4855	-1.48918	198.371	0	
-78.4001	-0.445978	188.036	0	
-19.6875	-0.180399	240.724	0	
-80.2294	-0.455456	178.978	0	
-17.2723	-0.420281	236.374	0	
-15.7315	-0.881992	259.596	0	
94.0062	-2.61431	209.089	0	
-18.6801	-0.373341	250.12	0	
-91.9643	-1.83306	184.875	0	
-17.7449	-0.454315	239.055	0	
-75.3125	-0.905095	196.02	0	
83.049	-3.12575	208.749	0	
-15.0387	-0.749484	244.406	0	
101.483	-2.01677	196.431	0	
-12.8544	-0.545772	270.156	0	
-11.5995	-0.895475	233.916	0	
83.125	-0.301598	224.6	0	
-7.29167	-1.40127	229.529	0	
89.375	-0.301598	266.004	0	
81.8775	-0.734698	246.015	0	
-8.125	-0.165467	238.005	0	
73.125	-0.165467	245.103	0	
-6.28423	-0.956638	216.283	0	
-5.10922	-0.715414	212.005	0	
66.9859	-2.45278	216.186	0	
1.10357	-1.29758	199.108	0	
75.625	-0.721791	243.84	0	
-9.37247	-0.734698	218.908	0	
80.3167	-1.74351	232.464	0	
-15.3512	-0.997684	227.628	0	
98.2485	-0.896022	192.021	0	
-26.5121	-0.773476	230.991	0	
-67.8125	-0.180456	194.133	0	
-52.7406	-2.01694	196.003	0	
-37.3993	-0.785793	211.78	0	
-137.402	-2.23646	188.194	0	
-5.42172	-0.963615	215.263	0	
-2.95356	-1.45463	208.811	0	
63.125	-0.301598	225.564	0	
2.68188	-1.07637	195.132	0	
0.627526	-0.734698	196.084	0	
58.858	-1.70172	204.298	0	
59.375	-0.301598	186.51	0	
1.32137	-0.367273	197.22	0	
58.1275	-0.734698	195.032	0	
3.95833	-0.898582	194.961	0	
4.375	-0.165467	204.479	0	
51.875	-0.721791	190.736	0	
21.5741	-1.29981	194.651	0	
56.951	-1.8827	201.591	0	
7.61133	-0.719544	192.387	0	
66.3716	-1.71767	214.679	0	
41.3971	-3.31994	211.845	0	
8.125	-0.165467	176.392	0	
41.7393	-2.77436	210.878	0	
10.1507	-0.451863	186.768	0	
10.625	-0.165467	182.497	0	
46.085	-1.19792	206.575	0	
14.8536	-1.29758	191.628	0	
53.7991	-0.75991	188.304	0	
45.8117	-1.63138	205.802	0	
15.9005	-0.895475	189.952	0	
40.7543	-1.71604	210.953	0	
23.0808	-0.879566	201.77	0	
17.6507	-0.451863	191.814	0	
33.6305	-2.53981	204.439	0	
16.6763	-0.584888	189.606	0	
39.2284	-1.10409	217.375	0	
14.3775	-0.734698	187.213	0	
44.5352	-2.35799	209.475	0	
24.5646	-1.63811	199.959	0	
49.5917	-0.938252	199.726	0	
37.7102	-1.64384	214.828	0	
22.2379	-0.773476	195.334	0	
34.8943	-1.83368	210.124	0	
23.7623	-0.987677	200.186	0	
30.1156	-0.727833	212.792	0	
35.7254	-2.20288	209.843	0	
23.4236	-1.21051	198.128	0	
38.7291	-0.429517	220.698	0	
28.7645	-1.48918	206.139	0	
31.1089	-0.463959	227.11	0	
28.4375	-0.180456	212.315	0	
125.255	-1.43797	184.082	0	
32.3378	-0.243795	214.443	0	
25.8169	-2.41216	199.806	0	
29.0625	-0.180399	209.259	0	
24.1482	-1.67889	198.944	0	
25.3696	-0.893213	203.751	0	
27.3958	-0.421	212.672	0	
20.9375	-0.905095	195.742	0	
36.2146	-1.34525	214.459	0	
4.79167	-2.01633	193.21	0	
42.6996	-1.09742	212.525	0	
37.2945	-1.03334	220.063	0	
16.1089	-0.463959	187.768	0	
35.3077	-0.445774	218.724	0	
18.125	-0.165467	187.99	0	
151.875	-0.165467	259.057	0	
40.6275	-0.734698	216.431	0	
149.638	-0.895475	239.854	0	
52.827	-1.2985	194.341	0	
43.7077	-1.0053	212.398	0	
150.194	-2.44133	225.802	0	
41.3214	-0.367273	217.95	0	
145.175	-1.74918	220.565	0	
37.8174	-0.445797	220.741	0	
154.375	-0.721791	244.568	0	
32.8302	-0.445849	213.181	0	
27.0641	-1.83675	202.419	0	
43.722	-0.480606	218.894	0	
40.94	-0.184751	216.992	0	
143.201	-1.8827	222.149	0	
48.3146	-1.63811	203.901	0	
138.75	-0.727521	204.193	0	
47.5123	-0.987677	202.884	0	
49.1196	-0.893213	200.308	0	
136.875	-0.301598	181.712	0	
47.1736	-1.21051	204.223	0	
144.378	-0.734698	220.675	0	
140.111	-0.719544	210.917	0	
52.8125	-0.180399	187.153	0	
135.628	-0.734698	203.429	0	
77.0898	-2.00366	224.296	0	
55.616	-1.2741	195.572	0	
130.628	-0.734698	185.668	0	
54.6883	-0.445782	194.603	0	
134.451	-1.8827	202.04	0	
55.2068	-1.03746	195.21	0	
136.399	-2.33926	204.92	0	
121.6	-0.495902	166.053	0	
57.4613	-0.749484	194.643	0	
61.2949	-0.751621	199	0	
62.7068	-1.03746	207.543	0	
62.1883	-0.445782	205.794	0	
117.755	-1.43797	181.631	0	
57.8074	-0.916578	198.951	0	
123.764	-1.48918	184.675	0	
120.208	-2.01633	188.427	0	
69.7432	-1.60465	221.498	0	
115.625	-0.721791	169.915	0	
64.375	-0.165467	198.975	0	
70.8329	-1.55047	225.638	0	
113.342	-0.938252	174.141	0	
63.9583	-0.898582	207.053	0	
121.109	-0.463959	169.034	0	
69.3775	-0.734698	221.167	0	
123.438	-0.180456	175.229	0	
90.8976	-0.997079	218.638	0	
131.068	-1.41562	190.994	0	
106.664	-0.47692	180.028	0	
70.0714	-0.367273	230.94	0	
-116.236	-1.48918	175.07	0	
77.5184	-2.76645	214.245	0	
72.8495	-0.895475	231.132	0	
-121.41	-2.56523	180.652	0	
70.7485	-0.896022	236.508	0	
-117.604	-0.421	175.883	0	
-119.183	-2.41216	180.021	0	
76.5625	-0.180399	254.095	0	
-123.75	-0.727521	169.122	0	
124.59	-2.00366	187.575	0	
79.7945	-1.03334	245.099	0	
-125.104	-0.420973	176.317	0	
77.5699	-0.373341	234.097	0	
-117.936	-1.83675	177.048	0	
79.4053	-1.63791	233.658	0	
-116.562	-0.180456	163.577	0	
-87.0161	-0.298492	197.186	0	
80.8976	-0.997079	239.125	0	
-90.7716	-1.10409	178.817	0	
83.9583	-0.898582	237.814	0	
84.375	-0.165467	253.202	0	
-92.2898	-1.64384	180.84	0	
88.9583	-1.40127	211.235	0	
-98.6052	-2.65328	185.004	0	
-98.4326	-0.445797	175.172	0	
88.125	-0.165467	209.158	0	
-109.268	-3.2452	190.914	0	
89.7945	-1.03334	223.849	0	
90.3174	-0.445797	221.981	0	
-95.31	-0.184751	166.898	0	
97.2432	-1.60465	204.343	0	
-98.9555	-1.03334	175.45	0	
86.8775	-0.734698	235.626	0	
-91.2709	-0.429517	176.031	0	
80.3174	-0.445797	243.316	0	
-94.5211	-2.25424	184.062	0	
100.431	-1.63768	197.746	0	
145.101	-0.785793	229.087	0	
-100.537	-0.416907	169.759	0	
93.125	-0.301598	182.619	0	
-105.538	-1.5717	177.24	0	
96.8775	-0.734698	206.239	0	
98.3329	-1.55047	199.955	0	
-107.15	-0.495739	173.457	0	
-104.889	-0.719544	172.902	0	
117.09	-2.00366	186.761	0	
-107.641	-0.463959	171.716	0	
105.655	-1.53628	183.042	0	
103.861	-0.719544	180.397	0	
-112.387	-1.84762	177.196	0	
100.349	-0.895475	193.266	0	
-108.522	-2.05757	179.87	0	
97.5714	-0.367273	204.777	0	
-113.725	-2.28087	177.699	0	
-140.312	-0.905095	203.609	0	
112.065	-1.63811	185.986	0	
-133.679	-2.07882	182.578	0	
109.738	-0.773476	179.069	0	
110.924	-1.21051	184.804	0	
-122.389	-0.719544	172.268	0	
106.047	-1.82649	194.887	0	
-140.005	-1.46872	197.186	0	
-126.872	-0.734698	167.824	0	
113.959	-0.578104	170.76	0	
-131.555	-1.35679	178.596	0	
119.313	-1.23527	173.508	0	
116.562	-0.180399	164.656	0	
-134.379	-2.5049	184.158	0	
112.87	-0.893213	176.47	0	
-132.276	-0.233592	167.888	0	
111.262	-0.987677	168.152	0	
-128.981	-2.51308	184.019	0	
104.375	-0.165467	188.879	0	
-110.233	-0.962924	175.049	0	
-151.997	-1.53929	219.529	0	
118.505	-0.454315	168.821	0	
-139.007	-1.60465	191.188	0	
120.349	-0.895475	173.714	0	
126.164	-1.43455	184.285	0	
-140	-0.727521	196.742	0	
125.116	-0.727833	177.723	0	
-151.48	-2.33115	210.539	0	
-144.305	-2.30723	198.837	0	
172.314	-2.47004	351.237	0	
-19.9855	-1.48918	220.408	0	
128.542	-0.898582	180.887	0	
132.7	-1.09742	195.627	0	
-24.6018	-1.67889	220.239	0	
127.708	-0.898582	180.917	0	
-21.3542	-0.421	247.493	0	
124.062	-0.180399	169.564	0	
-144.849	-0.451863	187.502	0	
-22.9331	-2.41216	205.639	0	
131.321	-0.367273	182.985	0	
-27.5	-0.727521	230.082	0	
133.099	-1.30346	192.185	0	
134.649	-0.997684	201.152	0	
-28.8542	-0.420973	229.227	0	
139.854	-1.29758	209.253	0	
-21.6859	-1.83675	214.377	0	
9.17627	-0.584888	188.019	0	
140.938	-1.58015	215.575	0	
5.35013	-0.495739	184.721	0	
140.625	-0.165467	230.506	0	
155.84	-2.00366	215.969	0	
3.95833	-2.01633	195.48	0	
139.378	-0.734698	200.874	0	
-2.35518	-2.65328	210.609	0	
134.961	-0.749484	195.367	0	
1.52023	-1.36247	198.772	0	
130.94	-0.184751	185.078	0	
-20.3125	-0.180456	248.482	0	
117.57	-0.373341	180.099	0	
-133.638	-0.856232	184.935	0	
-2.18262	-0.445797	212.798	0	
143.399	-0.997684	223.23	0	
-13.1967	-3.12823	199.9	0	
150.613	-1.26514	247.43	0	
145.896	-0.545772	254.368	0	
0.940026	-0.184751	194.773	0	
143.711	-0.749484	226.958	0	
-2.70549	-1.03334	213.528	0	
-4.37247	-0.734698	202.565	0	
149.846	-0.463959	252.162	0	
-8.64258	-1.46076	223.113	0	
151.599	-0.895475	252.084	0	
157.255	-0.454315	230.714	0	
-17.81	-2.60932	200.417	0	
156.232	-2.32426	208.449	0	
-10.8999	-0.495739	253.186	0	
148.128	-0.734698	245.603	0	
-5.43442	-2.44784	211.614	0	
-12.2917	-2.01633	223.204	0	
156.32	-0.373341	224.179	0	
-14.8145	-1.411	226.13	0	
158.958	-1.16463	162.279	0	
160	-0.496475	157.33	0	
-14.06	-0.184751	244.032	0	
157.922	-0.268621	158.368	0	
-11.3911	-0.463959	241.91	0	
-43.7355	-1.48918	200.599	0	
158.441	-2.68005	178.04	0	
-25.6692	-0.879566	234.1	0	
164.35	-1.76839	216.802	0	
166.05	-0.925681	268.606	0	
-32.1833	-1.74351	212.687	0	
155.177	-3.56525	209.486	0	
-37.3251	-1.74918	208.265	0	
160.777	-1.42612	197.317	0	
-45.8997	-0.495902	186.898	0	
155.312	-0.180399	224.191	0	
-8.63867	-0.719544	225.783	0	
-35.4984	-0.805182	206.691	0	
174.762	-1.34606	335.782	0	
-38.5645	-1.411	206.729	0	
177.527	-2.9619	371.164	0	
168.496	-7.04709	317.968	0	
-37.81	-0.184751	195.606	0	
166.796	-10.6094	296.977	0	
-35.6025	-1.60601	206.632	0	
-56.4799	-2.33115	192.418	0	
154.61	-4.74204	202.317	0	
-44.0625	-0.180456	200.498	0	
124.197	-43.2705	274.164	0	
163.91	-34.5712	323.947	0	
-47.2668	-1.9808	197.993	0	
199.784	-4.78957	229.387	0	
-50.4481	-2.85721	208.279	0	
177.385	-6.05361	339.57	0	
-56.9967	-1.53929	190.002	0	
-50.2259	-2.01663	192.954	0	
-68.875	-0.7939	200.203	0	
-67.1249	-2.12843	198.887	0	
-49.1769	-2.39531	200.254	0	
28.394	-2.43391	200.807	0	
-74.9911	-1.49188	196.559	0	
-79.0702	-2.91409	199.249	0	
-77.3111	-0.813571	196.879	0	
-70.8864	-2.41546	199.502	0	
165.21	-50.0911	225.468	0	
-46.3911	-0.463959	197.805	0	
167.97	-2.04966	279.349	0	
-30.6225	-0.734698	221.793	0	
141.867	-1.27195	223.964	0	
4.85886	-0.463959	198.425	0	
-75	-0.727521	197.874	0	
-102.183	-1.74351	179.836	0	
-78.5417	-2.01633	192.49	0	
64.5783	-0.963615	203.831	0	
-77.7527	-1.05059	196.114	0	
-82.5	-0.727521	189.93	0	
-83.8542	-0.420973	181.384	0	
99.0027	-2.22976	204.063	0	
105.081	-1.50751	194.366	0	
92.0922	-2.5425	211.53	0	
101.6	-0.495739	191.491	0	
100.233	-1.9808	198.361	0	
101.109	-0.463959	183.926	0	
94.8193	-1.37109	209.087	0	
93.2893	-1.45463	210.77	0	
87.0086	-3.36663	206.719	0	
97.19	-0.184751	214.545	0	
90.3167	-1.74351	213.769	0	
91.8775	-0.734698	216.64	0	
85.3501	-0.495739	222.84	0	
87.6074	-1.46076	218.957	0	
82.608	-1.70172	224.725	0	
87.6113	-0.719544	227.005	0	
83.9583	-2.01633	223.508	0	
84.8589	-0.463959	242.621	0	
81.4312	-1.39728	234.093	0	
82.6123	-0.856232	233.387	0	
74.1003	-0.495902	245.774	0	
76.2645	-1.48918	227.851	0	
71.5027	-2.22976	217.023	0	
75.9375	-0.180456	250.291	0	
72.7332	-1.9808	220.154	0	
73.6089	-0.463959	245.971	0	
68.75	-0.727521	223.7	0	
67.3958	-0.420973	219.292	0	
58.8992	-2.31332	207.31	0	
69.69	-0.184751	216.508	0	
64.4519	-1.82568	209.037	0	
65.6275	-0.734698	212.428	0	
60.6275	-0.734698	200.993	0	
60.9419	-1.30186	203.576	0	
58.0014	-1.70806	204.245	0	
58.8623	-0.856232	195.899	0	
51.1458	-0.421	189.106	0	
52.5145	-1.48918	200.461	0	
45.8005	-2.85799	213.179	0	
52.1875	-0.180456	190.553	0	
49.5669	-2.41216	209.807	0	
50.8141	-1.83675	203.624	0	
46.8308	-0.879566	208.939	0	
47.056	-2.15639	209.436	0	
39.3186	-1.54166	215.21	0	
39.8207	-2.28453	211.624	0	
27.375	-0.7939	205.761	0	
29.077	-1.2985	207.226	0	
25.3636	-2.41546	198.261	0	
121.042	-2.01633	190.229	0	
19.8958	-0.420973	202.513	0	
21.2589	-1.49188	196.768	0	
16.816	-2.51578	195.071	0	
21.25	-0.727521	191.696	0	
17.7083	-2.01633	194.059	0	
18.9583	-1.34019	192.903	0	
13.75	-0.727521	185.519	0	
11.6003	-0.495884	186.597	0	
152.85	-0.495902	245.416	0	
155.014	-1.48918	224.605	0	
145.149	-2.35252	221.551	0	
154.688	-0.180456	249.385	0	
151.478	-2.05757	227.904	0	
152.359	-0.463959	251.042	0	
147.149	-0.997684	235.731	0	
148.745	-1.51942	235.121	0	
148.277	-1.83888	231.527	0	
148.861	-0.719544	244.44	0	
143.936	-1.411	223.194	0	
144.69	-0.184751	208.282	0	
138.438	-0.905095	209.746	0	
138.745	-1.46872	208.238	0	
135.186	-1.411	202.345	0	
136.362	-0.856232	197.881	0	
129.891	-0.851559	181.718	0	
130.305	-1.39113	190.496	0	
122.468	-0.740078	177.842	0	
124.077	-1.2985	179.787	0	
119.555	-3.8633	207.731	0	
156.505	-1.43797	209.807	0	
114.896	-0.421	179.727	0	
116.264	-1.48918	183.664	0	
112.864	-2.41546	195.29	0	
115.938	-0.180456	165.486	0	
113.317	-2.41216	193.741	0	
114.564	-1.83675	187.753	0	
107.664	-0.951975	173.859	0	
110.193	-1.8476	191.775	0	
-117.625	-0.7939	170.008	0	
-115.573	-2.52441	179.439	0	
-138.48	-1.36247	191.216	0	
-67.8681	-2.59243	199.49	0	
-124.062	-0.905095	172.216	0	
-123.741	-1.49188	176.132	0	
-87.442	-2.84871	192.647	0	
-81.56	-0.184751	196.476	0	
-85.7098	-2.20564	187.413	0	
-84.7959	-0.971383	189.476	0	
-89.3725	-0.734698	183.65	0	
-89.0581	-1.3023	182.909	0	
-96.5625	-0.905095	177.71	0	
-96.2411	-1.49188	179.727	0	
-95.5731	-2.52441	185.619	0	
-96.25	-0.727521	171.639	0	
-101.069	-1.39728	175.562	0	
-99.7879	-1.02568	175.66	0	
-105.942	-0.916251	170.94	0	
-106.52	-2.36076	181.715	0	
-69.6103	-1.70135	198.138	0	
-100.268	-1.64172	177.209	0	
-140.625	-0.721791	207.928	0	
-140.727	-1.88479	197.754	0	
-153.581	-3.40042	207.612	0	
-124.302	-2.47027	181.75	0	
-127.944	-1.89797	182.953	0	
-126.12	-0.805484	171.281	0	
-131.562	-0.183316	172.819	0	
-132.125	-1.88578	181.067	0	
-118.36	-1.70135	174.957	0	
-126.798	-2.83354	185.651	0	
-189.283	-25.3113	354.031	0	
-119.036	-4.21308	198.951	0	
-21.375	-0.7939	238.78	0	
-19.673	-1.2985	230.549	0	
-28.0521	-2.47027	203.115	0	
4.86031	-3.07781	197.928	0	
-27.8125	-0.905095	216.168	0	
-27.4911	-1.49188	210.616	0	
7.60901	-1.3349	194.222	0	
15.1113	-0.719544	190.049	0	
10.2083	-2.01633	193.056	0	
11.1089	-0.463959	184.795	0	
6.87753	-0.734698	195.307	0	
7.19235	-1.27001	194.889	0	
-0.3125	-0.905095	207.431	0	
-0.0052011	-1.46872	204.746	0	
0.993181	-1.60465	199.184	0	
-1.85037e-17	-0.727521	201.547	0	
-4.68869	-1.61665	211.818	0	
-3.63772	-0.856232	213.243	0	
-9.69198	-0.916251	232.537	0	
-9.4731	-2.05468	217.086	0	
26.6397	-1.70135	201.454	0	
-3.67717	-2.08016	208.363	0	
-45.0318	-0.740078	195.719	0	
-43.423	-1.2985	196.267	0	
-49.6117	-2.40131	198.717	0	
-30.1119	-3.98414	212.584	0	
-31.7006	-1.9105	206.405	0	
-29.8701	-0.805484	227.654	0	
-36.6096	-0.544631	231.23	0	
-36.0504	-1.32194	208.69	0	
-22.1103	-1.70135	217.16	0	
-30.3581	-2.85169	203.238	0	
-60.8114	-1.63149	194.381	0	
-51.2852	-2.58963	202.14	0	
-68.1262	-1.46081	197.901	0	
-67.8319	-2.05376	198.514	0	
-75.9983	-0.973404	195.581	0	
-73.8289	-2.14383	197.379	0	
-77.7083	-2.01633	194.974	0	
-105.692	-3.88759	192.3	0	
-82.8125	-0.905095	186.598	0	
-82.4911	-1.49188	189.554	0	
104.252	-1.99971	196.153	0	
110.581	-0.879566	171.259	0	
106.018	-2.29295	193.124	0	
107.252	-1.56117	184.786	0	
103.128	-0.734698	176.638	0	
103.216	-1.57109	191.14	0	
95.9375	-0.905095	201.904	0	
96.2448	-1.46872	205.099	0	
98.0847	-2.18818	205.938	0	
96.25	-0.727521	200.354	0	
91.8147	-1.61503	216.645	0	
92.6123	-0.856232	207.183	0	
86.558	-0.916251	228.347	0	
86.7769	-2.05468	217.7	0	
77.338	-1.37309	233.628	0	
78.6583	-3.23148	210.177	0	
74.9682	-0.740078	239.568	0	
76.577	-1.2985	237.822	0	
68.1979	-2.47027	216.754	0	
123.382	-2.59263	193.655	0	
68.4375	-0.905095	223.5	0	
68.7448	-1.46872	219.691	0	
65.1855	-1.411	209.547	0	
66.3799	-0.805484	207.221	0	
59.8908	-0.851559	197.643	0	
59.9	-2.36394	209.135	0	
54.6523	-1.76179	199.641	0	
72.9309	-1.63768	221.915	0	
51.125	-0.7939	190.387	0	
52.8751	-2.12843	206.766	0	
40.3407	-3.04017	211.708	0	
54.8965	-3.12223	216.282	0	
38.8739	-2.20771	212.463	0	
44.7698	-2.72579	212.078	0	
28.1238	-1.46081	206.058	0	
28.6653	-3.35919	197.818	0	
20.625	-0.721791	193.04	0	
22.4211	-2.14383	197.183	0	
-9.4731	-2.8958	206.343	0	
18.5417	-2.01633	194.554	0	
13.4375	-0.905095	189.942	0	
13.7448	-1.46872	192.358	0	
153.718	-0.740078	246.6	0	
155.327	-1.2985	226.825	0	
142.605	-3.20906	211.89	0	
143.666	-4.56691	211.462	0	
147.461	-0.749484	242.633	0	
146.329	-2.10792	224.57	0	
140.27	-1.36247	214.033	0	
151.675	-2.40378	223.441	0	
138.125	-0.721791	207.599	0	
139.743	-1.60465	211.429	0	
129.991	-3.91143	207.906	0	
143.862	-3.68784	207.953	0	
132.146	-1.6077	195.199	0	
130.385	-2.55877	201.854	0	
128.542	-2.01633	192.55	0	
126.942	-2.81559	199.397	0	
123.111	-1.83928	187.048	0	
123.418	-2.05381	190.805	0	
114.875	-0.7939	173.957	0	
116.577	-1.2985	176.771	0	
86.7769	-2.8958	209.209	0	
114.14	-1.70135	184.557	0	
108.101	-1.53398	182.656	0	
109.896	-2.38634	191.737	0	
-116.876	-1.46081	175.195	0	
-116.582	-2.05376	179.245	0	
-124.375	-0.721791	167.688	0	
-123.073	-2.52441	181.17	0	
-78.5826	-3.79821	200.21	0	
-143.838	-7.24312	266.753	0	
-90.6814	-1.54166	180.301	0	
-90.1793	-2.28453	185.676	0	
-96.875	-0.721791	174.51	0	
-96.7445	-2.42983	183.789	0	
-116.618	-2.59243	180.045	0	
-106.982	-3.2455	189.459	0	
-104.502	-1.83923	180.08	0	
-111.788	-3.06394	186.829	0	
-107.665	-2.01948	178.844	0	
-116.649	-4.7353	200.037	0	
-140.701	-1.49655	199.625	0	
-141.785	-2.45031	195.676	0	
-130.43	-1.73355	183.587	0	
-142.263	-5.31355	212.789	0	
-139.987	-5.6287	232.137	0	
-130.598	-3.97696	197.767	0	
-20.6262	-1.46081	222.942	0	
-20.3319	-2.05376	210.776	0	
-28.125	-0.721791	228.471	0	
-26.3289	-2.14383	206.495	0	
-43.6334	-2.91654	212.492	0	
-47.1592	-5.05914	265.497	0	
6.55802	-0.916251	193.131	0	
6.2384	-2.30501	194.694	0	
-0.62502	-0.721791	205.775	0	
-0.494482	-2.42983	206.592	0	
-20.3681	-2.59243	208.755	0	
-12.217	-3.23265	203.223	0	
-8.41271	-1.88879	221.452	0	
-15.2539	-2.60207	196.608	0	
-11.4583	-2.01633	212.774	0	
-20.3991	-4.7353	212.381	0	
-44.375	-1.46018	199.899	0	
-44.8225	-3.49852	216.098	0	
-34.5286	-1.96664	203.002	0	
-49.9182	-7.17527	321.579	0	
-44.0594	-4.9097	257.868	0	
-33.2809	-3.79969	208.163	0	
-74.9004	-2.809	197.625	0	
25.1651	-2.90531	197.86	0	
-75.9991	-1.49174	195.48	0	
-76.0263	-2.73672	198.88	0	
-83.125	-0.721791	183.637	0	
-81.8231	-2.52441	192.207	0	
-90.6715	-2.46797	188.266	0	
-87.2803	-1.95759	189.322	0	
102.808	-0.916251	187.039	0	
102.237	-2.35575	198.017	0	
95.625	-0.721791	196.034	0	
95.5225	-1.88479	205.209	0	
76.3366	-2.91388	208.24	0	
84.0256	-3.22125	208.431	0	
87.8373	-1.88879	213.895	0	
81.0145	-1.46216	233.661	0	
84.7917	-2.01633	216.865	0	
75.1785	-5.03482	200.908	0	
74.8935	-1.57218	227.599	0	
75.1329	-3.4768	211.552	0	
68.125	-0.721791	224.514	0	
70.5847	-2.18818	217.098	0	
52.1319	-2.59243	208.806	0	
49.2463	-6.04292	225.706	0	
62.1607	-1.72524	206.355	0	
46.8025	-8.34938	205.175	0	
51.5664	-4.98845	230.921	0	
62.9584	-3.77405	218.138	0	
51.8738	-1.46081	199.606	0	
52.1681	-2.05376	206.352	0	
20.6979	-2.47027	196.868	0	
108.182	-4.73237	208.104	0	
20.536	-1.87789	196.063	0	
20.9054	-2.06317	197.036	0	
13.125	-0.721791	185.292	0	
14.7432	-1.60465	192.668	0	
5.79176	-3.11995	197.728	0	
9.15418	-2.82845	197.258	0	
154.375	-1.46018	229.983	0	
153.905	-3.49809	213.901	0	
152.335	-2.01948	229.229	0	
139.251	-3.29074	209.788	0	
137.993	-2.72636	207.592	0	
136.973	-2.67606	207.439	0	
115.882	-2.59243	192.984	0	
155.101	-2.91775	204.904	0	
115.624	-1.46081	183.63	0	
115.918	-2.05376	190.65	0	
106.839	-1.80365	195.653	0	
109.749	-3.51783	209.609	0	
-140.548	-2.47148	195.144	0	
-71.0849	-2.90531	198.647	0	
-124.464	-1.87789	177.536	0	
-124.095	-2.06317	179.228	0	
-92.4141	-2.66027	189.484	0	
-84.8872	-1.82695	188.511	0	
-98.14	-1.86639	181.448	0	
-98.521	-1.66146	177.731	0	
-153.325	-1.65493	222.009	0	
-144.713	-3.93921	198.351	0	
-23.5849	-2.90531	201.317	0	
4.10331	-4.94277	207.291	0	
-28.214	-1.87789	210.213	0	
-27.8446	-2.06317	204.906	0	
3.06604	-2.51578	198.686	0	
11.0417	-2.01633	191.47	0	
-1.89	-1.86639	210.035	0	
-2.27098	-1.66146	207.848	0	
-48.3197	-3.08799	211.363	0	
-46.5225	-3.92484	225.607	0	
-89.1846	-3.38874	196.921	0	
-92.8287	-4.81106	214.609	0	
-83.214	-1.87789	189.216	0	
-82.8446	-2.06317	189.223	0	
99.7695	-2.78325	204.57	0	
107.36	-3.05309	199.665	0	
95.5488	-1.49655	205.838	0	
94.4653	-2.45031	208.037	0	
72.5892	-3.44935	210.512	0	
120.996	-4.10681	206.54	0	
68.036	-1.87789	216.969	0	
68.4054	-2.06317	217.02	0	
47.8661	-3.10159	216.145	0	
50.1155	-5.16502	229.176	0	
17.7062	-3.11106	195.144	0	
-0.278294	-2.75732	206.806	0	
13.036	-1.87789	192.303	0	
13.4054	-2.06317	193.88	0	
149.106	-3.80467	203.859	0	
187.308	-1.93891	307.97	0	
147.805	-1.27839	236.599	0	
149.712	-3.38748	216.852	0	
133.858	-3.03788	204.814	0	
138.353	-2.48238	207.145	0	
91.0994	-2.40106	212.732	0	
101.735	-2.42422	200.613	0	
-153.122	-4.99579	222.214	0	
-132	-2.92834	185.025	0	
-122.844	-3.99853	194.983	0	
-96.5283	-2.75732	189.222	0	
-46.3879	-2.94012	204.907	0	
-35.4294	-4.04858	214.592	0	
-26.5935	-3.99853	204.012	0	
13.1979	-2.47027	194.374	0	
-101.225	-3.65737	196.955	0	
-83.0521	-2.47027	192.42	0	
48.5606	-3.57751	218.575	0	
95.7018	-2.47148	206.555	0	
61.1984	-3.58802	220.825	0	
71.0118	-3.61952	212.541	0	
-5.04059	-3.12554	209.973	0	
7.22209	-3.48409	200.946	0	
147.264	-2.80053	216.018	0	
147.82	-3.95508	202.916	0	
35.3046	-2.44939	208.17	0	
34.4686	-2.90529	207.21	0	
126.581	-1.67119	187.987	0	
125.949	-4.12583	206.385	0	
-148.416	-3.1872	198.882	0	
-142.598	-3.38704	196.183	0	
-160.043	-1.25801	178.238	0	
-198.497	-13.6936	237.048	0	
-153.959	-2.70126	207.178	0	
-152.914	-3.10735	205.301	0	
-156.018	-2.7257	215.45	0	
-157.047	-2.38642	214.931	0	
-52.1339	-2.41405	199.691	0	
-49.1732	-3.87113	225.628	0	
-58.9585	-2.70126	197.878	0	
-58.3246	-1.65493	192.779	0	
-56.9978	-2.42029	194.63	0	
-57.9144	-3.10735	203.214	0	
-64.7909	-1.97305	198.602	0	
-65.5545	-5.01639	227.493	0	
-71.9097	-3.48325	202.621	0	
-68.4228	-3.24228	203.679	0	
43.2357	-2.44905	210.17	0	
47.0694	-3.88473	220.219	0	
36.0418	-2.38074	209.367	0	
33.2057	-3.70751	205.897	0	
32.4491	-3.66095	204.202	0	
36.776	-2.8986	209.693	0	
24.3403	-3.48325	197.198	0	
27.3495	-3.99597	197.75	0	
119.102	-3.36292	198.7	0	
122.83	-3.23691	200.155	0	
-121.228	-1.89366	176.595	0	
-117.173	-3.24228	187.075	0	
-93.5405	-3.23828	193.12	0	
-93.9091	-5.80155	242.082	0	
-108.325	-2.40378	181.275	0	
-107.269	-2.01355	179.457	0	
-145.563	-2.92371	201.018	0	
-146.834	-3.73598	201.955	0	
-24.4097	-3.48325	201.221	0	
-20.9228	-3.24228	203.729	0	
2.59849	-2.23646	197.511	0	
2.19568	-4.11067	204.377	0	
-13.1524	-2.5803	205.713	0	
-10.7366	-2.66189	204.68	0	
-48.9771	-2.04351	195.63	0	
-46.0172	-2.01677	198.597	0	
-52.7982	-2.89949	204.56	0	
-48.5208	-2.75083	205.047	0	
-79.9465	-1.87318	193.146	0	
-75.5263	-2.44056	198.357	0	
98.5234	-2.67935	205.323	0	
99.1509	-4.58227	206.858	0	
83.0934	-2.57782	212.23	0	
85.5134	-2.66189	209.673	0	
71.0234	-2.67935	216.159	0	
73.9828	-2.01677	220.827	0	
47.8982	-1.67889	203.983	0	
51.5772	-3.24228	216.809	0	
43.2716	-4.12538	218.062	0	
48.3141	-3.10814	216.345	0	
16.3485	-2.23646	192.25	0	
18.7869	-3.06999	195.704	0	
151.423	-2.85181	216.923	0	
152.731	-2.01355	229.233	0	
111.943	-3.61233	205.239	0	
115.327	-3.24228	200.088	0	
-88.6029	-3.31994	197.065	0	
-84.9195	-3.09737	192.272	0	
7.7242	-2.67448	197.468	0	
11.9859	-2.45278	194.314	0	
104.888	-2.00583	190.209	0	
102.521	-3.72557	206.577	0	
-143.031	-2.98413	195.827	0	
-140.997	-2.50494	195.512	0	
-99.6444	-2.94869	185.351	0	
-96.5747	-2.05299	182.739	0	
-3.34665	-3.03337	209.142	0	
-0.324747	-2.05299	206.76	0	
93.0118	-3.09684	208.319	0	
95.2526	-2.50494	207.475	0	
40.8154	-3.38874	212.502	0	
46.637	-2.40209	209.918	0	
127.472	-2.74317	196.342	0	
133.647	-3.71333	211.034	0	
126.457	-4.68603	210.663	0	
129.01	-3.3294	204.578	0	
-152.912	-3.60908	203.588	0	
-152.231	-4.40508	205.242	0	
-158.325	-2.40378	208.338	0	
-164.696	-14.7569	656.141	0	
-154.773	-3.47446	213.618	0	
-150.723	-2.79747	202.114	0	
-159.299	-8.28162	389.466	0	
-155.808	-3.12629	211.234	0	
-157.5	-9.22976	415.264	0	
-143.445	-3.14675	196.52	0	
-58.5806	-3.40042	205.923	0	
-57.2309	-4.40508	222.641	0	
-62.0471	-2.38642	196.729	0	
-57.9125	-3.60908	205.97	0	
-62.0709	-3.09676	201.071	0	
-55.7232	-2.79747	196.602	0	
-64.5679	-2.43934	198.669	0	
-62.9577	-3.93496	212.028	0	
-62.2953	-3.50556	206.915	0	
-60.8079	-3.12629	203.424	0	
-72.0145	-4.6316	221.988	0	
-69.1141	-4.79143	224.075	0	
39.3285	-2.46797	209.997	0	
38.9016	-3.73298	213.48	0	
37.6126	-2.54905	210.469	0	
38.0174	-3.17034	210.772	0	
35.2959	-3.93454	210.721	0	
37.6047	-2.90801	210.594	0	
35.8012	-3.91852	211.38	0	
33.5687	-3.93823	206.16	0	
24.2355	-4.6316	198.84	0	
27.8646	-6.48667	213.885	0	
119.272	-4.63746	209.29	0	
114.637	-4.79726	212.049	0	
-120.834	-4.63291	206.832	0	
-125.573	-5.21245	216.961	0	
-91.8107	-3.76789	197.918	0	
-89.6593	-3.04017	192.369	0	
-90.9728	-3.77629	197.255	0	
-86.6812	-3.63269	200.908	0	
-107.746	-6.24909	257.24	0	
-107.021	-2.42138	182.353	0	
-110.544	-3.89332	194.053	0	
-98.6255	-3.0858	188.922	0	
-146.4	-3.9262	194.642	0	
-142.159	-3.20172	194.876	0	
-24.5145	-4.6316	215.084	0	
-29.3096	-5.18946	238.736	0	
4.39915	-3.82927	200.833	0	
6.24376	-3.40014	200.693	0	
5.29357	-3.91798	200.754	0	
10.5398	-3.95254	198.939	0	
-13.7644	-4.01876	188.818	0	
-10.2344	-2.43144	211.233	0	
-13.6526	-3.31017	193.509	0	
-2.37549	-3.0858	209.613	0	
-51.543	-4.183	229.781	0	
-47.6713	-2.72034	203.447	0	
-50.4382	-4.50321	245.25	0	
-47.2748	-2.73207	207.633	0	
-80.2332	-4.57154	214.082	0	
-83.9092	-5.46271	238.366	0	
100.214	-2.69643	203.05	0	
113.456	-4.22103	209.66	0	
110.842	-3.60772	209.13	0	
107.294	-4.10192	211.897	0	
81.732	-5.33911	193.274	0	
86.0156	-2.43144	213.15	0	
82.5938	-3.31173	205.354	0	
94.8713	-3.92379	206.664	0	
71.6754	-4.63158	210.628	0	
67.1453	-4.46666	219.856	0	
45.3883	-3.08855	213.307	0	
49.1136	-2.41546	209.848	0	
45.8024	-4.51755	222.842	0	
49.1755	-3.50731	220.943	0	
15.9427	-4.11785	196.688	0	
11.0454	-5.3142	202.847	0	
109.363	-2.52114	203.307	0	
101.046	-2.79393	203.33	0	
-90.9841	-3.22877	194.966	0	
-95.2256	-3.99608	201.155	0	
4.4134	-3.30271	200.734	0	
2.4132	-3.43666	201.881	0	
106.439	-3.02222	201.74	0	
106.861	-3.81533	205.36	0	
98.5118	-3.61952	207.338	0	
101.548	-4.39128	206.586	0	
-144.278	-3.6756	198.573	0	
-145.562	-4.32925	203.195	0	
-101.677	-3.08288	187.022	0	
-106.653	-5.14872	216.11	0	
-8.4064	-2.88574	212.619	0	
-11.4801	-3.71727	198.016	0	
90.8227	-3.08288	207.26	0	
84.7616	-3.71141	205.367	0	
122.245	-3.92578	204.567	0	
145.137	-3.83859	205.108	0	
126.225	-3.52846	203.037	0	
129.531	-4.81146	211.995	0	
-153.971	-3.40758	206.792	0	
-150.504	-3.33797	200.671	0	
-155.825	-3.87364	217.01	0	
-89.5154	-5.91258	245.546	0	
-157.071	-3.09676	216.458	0	
-157.305	-3.52796	216.698	0	
-156.048	-4.23309	225.514	0	
-150.506	-4.27755	203.627	0	
-87.7771	-3.9079	205.385	0	
-55.5036	-3.33797	206.452	0	
-59.7726	-3.47446	204.445	0	
8.63128	-5.67449	207.059	0	
-65.3041	-3.83931	209.822	0	
-58.9707	-3.40758	206.619	0	
-63.6247	-4.34414	215.475	0	
-60.2969	-5.61981	251.832	0	
8.32063	-4.20665	200.997	0	
93.6709	-5.36828	197.949	0	
31.1495	-3.51782	199.601	0	
32.191	-4.76604	207.399	0	
36.4617	-3.08239	209.237	0	
34.5889	-4.55942	211.878	0	
35.6741	-5.65391	223.071	0	
37.9513	-3.92319	214.713	0	
-101.486	-1.46216	177.516	0	
-99.5079	-4.59961	207.904	0	
-146.021	-4.9734	208.951	0	
-69.7402	-4.92185	220.423	0	
-156.072	-6.53866	279.779	0	
-49.1583	-4.59765	245.397	0	
-149.029	-4.68458	205.466	0	
-146.611	-5.52648	219.55	0	
-7.37506	-2.45724	217.734	0	
-3.44094	-4.93359	207.065	0	
-55.5062	-4.27755	225.895	0	
27.858	-3.77517	198.239	0	
-39.0039	-2.60207	206.817	0	
46.1745	-5.30628	225.95	0	
-54.0914	-4.9803	237.339	0	
-49.6141	-3.88369	229.779	0	
-55.8234	-5.70833	266.845	0	
-48.5403	-3.47351	215.543	0	
-51.9856	-5.55826	266.53	0	
-47.524	-5.45615	269.139	0	
91.2746	-3.65737	207.256	0	
105.183	-4.95454	211.897	0	
37.6169	-6.11634	225.97	0	
130.848	-3.9537	208.762	0	
56.3775	-3.17307	215.766	0	
111.062	-5.61893	214.106	0	
42.2229	-3.9079	214.678	0	
46.6103	-3.89803	221.078	0	
40.3948	-5.60651	222.851	0	
47.7113	-3.50071	217.485	0	
39.317	-4.06116	215.949	0	
48.1761	-5.40191	227.144	0	
-90.6069	-4.12617	208.737	0	
-89.6636	-4.81648	217.484	0	
5.74297	-4.20933	203.978	0	
7.26019	-5.42887	207.674	0	
102.397	-5.39924	207.931	0	
109.609	-6.96372	209.447	0	
104.146	-3.61907	205.288	0	
104.09	-4.8374	209.913	0	
99.9866	-4.13722	206.799	0	
101.786	-4.02018	207.685	0	
-151.575	-5.85046	231.051	0	
-143.148	-4.79818	208.628	0	
76.4012	-3.5412	210.777	0	
142.735	-9.4649	181.41	0	
129.008	-5.03609	214.2	0	
129.461	-6.46988	217.712	0	
-158.015	-6.11317	290.052	0	
-143.532	-3.58419	197.654	0	
-160.518	-3.04767	212.256	0	
-206.269	-14.2369	184.829	0	
-186.98	-29.4862	364.982	0	
-79.2113	-4.68089	218.691	0	
-151.323	-7.91142	288.677	0	
-57.5947	-5.91026	263.731	0	
-60.9308	-4.03436	215.793	0	
-58.5619	-4.70894	229.287	0	
-115.966	-3.644	186.211	0	
17.8014	-4.36498	198.584	0	
-19.7163	-3.644	201.815	0	
109.215	-4.36143	214.325	0	
39.2331	-4.89083	221.187	0	
44.5104	-5.46786	224.102	0	
-139.685	-3.70026	194.956	0	
-143.995	-6.00016	229.369	0	
-96.5717	-5.95664	243.233	0	
-97.8168	-4.64004	208.236	0	
-149.231	-6.48596	254.225	0	
-133.373	-3.45591	193.168	0	
-31.6487	-3.01089	204.862	0	
38.8394	-5.45428	222.46	0	
-2.07814	-6.52636	206.118	0	
-1.56684	-4.64004	209.972	0	
-70.3544	-6.40738	255.197	0	
-54.2313	-6.48596	297.688	0	
-52.1881	-4.81348	240.649	0	
-51.3609	-5.068	252.47	0	
-51.3985	-6.55325	298.258	0	
-48.5005	-4.9472	252.604	0	
-53.3706	-8.92834	368.739	0	
-35.8627	-2.49615	203.652	0	
-48.5159	-4.44092	241.725	0	
-48.6898	-6.14105	291.826	0	
65.2729	-3.54872	219.735	0	
111.832	-5.75839	214.997	0	
95.7653	-6.26179	200.383	0	
96.3834	-4.98155	204.185	0	
26.3977	-6.47122	210.118	0	
41.5372	-4.87317	220.936	0	
43.7979	-4.21811	219.089	0	
44.6708	-5.00267	223.795	0	
43.7713	-7.44813	219.419	0	
45.3922	-5.20624	224.591	0	
42.514	-6.74228	223.026	0	
59.401	-2.64934	213.585	0	
47.3214	-5.06005	226.345	0	
48.1698	-5.94853	226.182	0	
-92.3648	-4.48529	211.831	0	
-88.4115	-6.5807	258.742	0	
5.18966	-5.03079	207.449	0	
5.16231	-5.85742	210.291	0	
107.714	-4.96695	214.144	0	
109.358	-6.19299	217.574	0	
46.0096	-5.85861	225.601	0	
104.669	-4.59882	207.408	0	
101.457	-5.20939	206.842	0	
100.929	-5.28378	207.697	0	
-147.234	-4.75153	208.957	0	
-145.947	-4.52534	203.925	0	
-146.43	-6.68528	251.67	0	
-144.826	-5.32845	217.782	0	
-150.216	-7.7148	295.904	0	
-132.487	-2.93955	188.395	0	
-153.091	-8.51319	348.356	0	
-152.756	-5.98294	241.989	0	
-66.9836	-6.25947	254.621	0	
-50.3422	-7.01095	311.399	0	
29.1245	-6.81751	218.207	0	
60.5993	-7.85378	195.021	0	
-165.39	-3.93767	346.595	0	
-124.066	-5.31486	213.261	0	
-65.8105	-6.63734	263.651	0	
-39.3528	-9.50763	343.539	0	
-59.5276	-7.8806	311.233	0	
-25.711	-7.72035	307.159	0	
-34.9847	-4.36052	224.203	0	
-45.618	-4.95711	259.062	0	
30.5319	-6.64563	216.88	0	
104.137	-7.06032	206.938	0	
36.384	-7.74514	232.634	0	
122.05	-4.40229	209.563	0	
58.8161	-4.43783	223.641	0	
50.3416	-4.63882	227.089	0	
-99.8356	-6.18617	233.453	0	
-117.864	-4.79143	203.694	0	
-3.43495	-6.1628	202.484	0	
-21.6141	-4.79143	214.736	0	
101.915	-9.15831	190.017	0	
98.1109	-7.22085	196.475	0	
74.5208	-4.47421	208.794	0	
91.7942	-6.89422	193.473	0	
-142.401	-5.78441	224.699	0	
-141.379	-3.92379	196.078	0	
-152.187	-5.72775	234.786	0	
-121.964	-7.74982	278.854	0	
-136.793	-2.62169	192.047	0	
-128.872	-3.66489	189.814	0	
-37.3372	-3.52385	213.283	0	
-31.4033	-2.44924	205.199	0	
58.8554	-3.55735	220.368	0	
64.4443	-3.36767	216.683	0	
133.738	-4.81411	213.961	0	
130.913	-5.78615	214.622	0	
123.176	-7.6095	212.017	0	
148.731	-15.5476	183.502	0	
-154.313	-8.32035	325.391	0	
-51.9922	-8.48304	353.973	0	
-41.1711	-5.2367	248.777	0	
-43.5498	-3.57926	214.989	0	
55.0593	-5.17777	228.286	0	
52.1157	-3.99191	226.423	0	
-87.1841	-7.88932	315.788	0	
-85.3227	-4.03791	201.744	0	
8.48825	-6.99026	211.796	0	
12.4318	-3.92403	198.485	0	
121.274	-5.10281	211.638	0	
114.007	-4.93297	211.334	0	
-95.9251	-5.66452	232.833	0	
-127.747	-4.12481	194.944	0	
-134.536	-8.08658	299.826	0	
-118.49	-4.92185	211.872	0	
-45.4901	-6.55863	299.617	0	
-22.2402	-4.92185	213.89	0	
-41.8252	-6.78201	291.468	0	
-40.3052	-5.55909	256.739	0	
50.9542	-6.71046	221.86	0	
74.0413	-2.85345	212.591	0	
55.436	-8.9591	181.477	0	
55.9437	-5.51844	227.499	0	
-47.1681	-7.16984	318.289	0	
-49.26	-7.58601	325.366	0	
50.2788	-6.18161	224.397	0	
48.134	-7.30847	215.255	0	
-139.474	-8.99639	362.619	0	
-134.698	-6.02389	238.705	0	
-51.6926	-7.41887	323.137	0	
-47.0637	-7.81177	328.676	0	
42.834	-7.50305	218.338	0	
48.6209	-6.85486	218.388	0	
-163.756	-0.849374	233.297	0	
-159.704	-1.61297	181.067	0	
-172.34	-0.561988	456.861	0	
-163.005	-5.17112	311.463	0	
157.19	-2.61148	193.997	0	
162.75	-0.842706	218.631	0	
160.161	-2.41953	175.109	0	
160.849	-5.31532	209.156	0	
149.241	-4.60662	204.559	0	
157.721	-2.38808	191.705	0	
136.253	-3.94224	208.075	0	
139.787	-4.52606	209.665	0	
-73.4071	-4.23242	211.157	0	
-71.0325	-4.20346	215.194	0	
-81.5691	-8.96107	351.579	0	
-63.3785	-9.18353	343.095	0	
-76.8209	-4.0268	207.133	0	
-74.5455	-6.58966	249.683	0	
22.1565	-3.99853	197.587	0	
25.853	-5.58263	203.831	0	
15.5647	-7.51143	207.656	0	
32.2768	-7.28847	227.23	0	
18.2841	-3.37576	197.114	0	
21.5431	-7.12137	205.443	0	
118.075	-3.94472	207.149	0	
120.453	-4.25369	208.918	0	
113.288	-6.4399	213.238	0	
125.572	-6.65794	214.186	0	
110.985	-6.89506	211.804	0	
116.55	-5.69827	214.027	0	
-119.672	-4.34569	201.759	0	
-118.448	-6.53958	248.919	0	
-148.632	-10.7778	412.36	0	
-104.535	-6.79892	262.012	0	
-145.143	-9.13503	346.559	0	
-147.702	-7.39975	273.917	0	
-23.5325	-4.20346	209.715	0	
-22.8544	-6.40738	251.129	0	
2.37436	-6.4855	211.259	0	
-10.9285	-7.2848	193.303	0	
-27.798	-5.3309	229.007	0	
-22.0875	-6.95859	275.469	0	
-81.5935	-3.99853	209.945	0	
-78.8231	-5.41956	233.379	0	
-73.5501	-6.91889	290.243	0	
-77.799	-5.60659	242.868	0	
-82.144	-6.2927	250.59	0	
-81.0625	-6.71722	274.967	0	
72.9398	-4.32522	207.655	0	
74.0235	-6.27549	201.704	0	
101.646	-5.75429	206.73	0	
87.0445	-6.36377	194.314	0	
68.1825	-4.57834	218.526	0	
94.0945	-6.67784	192.184	0	
16.1632	-3.43666	195.863	0	
17.578	-5.27148	201.175	0	
19.956	-8.57882	212.782	0	
19.8154	-4.26397	197.964	0	
15.7337	-6.74172	205.54	0	
17.6499	-9.85135	213.184	0	
112.824	-4.3506	211.359	0	
112.241	-6.53047	214.075	0	
107.33	-9.28794	204.22	0	
113.768	-7.76675	211.044	0	
-85.9171	-4.35442	212.41	0	
-86.1279	-4.98984	223.593	0	
-86.7215	-6.35339	260.545	0	
-83.8545	-9.37964	366.054	0	
8.8169	-4.63876	202.964	0	
10.1555	-5.33563	203.001	0	
10.497	-7.29072	212.221	0	
11.3321	-7.29837	207.763	0	
132.638	-6.71627	213.114	0	
134.845	-4.14381	212.765	0	
124.015	-3.63268	200.606	0	
123.324	-4.78434	209.679	0	
-66.578	-3.96708	212.856	0	
-67.9248	-4.71954	218.474	0	
30.4648	-5.38828	207.316	0	
29.4022	-4.93783	202.792	0	
-95.7779	-3.58734	195.749	0	
-98.2717	-3.81762	195.603	0	
-103.98	-6.13046	242.234	0	
-107.61	-5.49565	214.702	0	
0.472054	-3.58734	205.939	0	
-2.02167	-3.81762	210.102	0	
-5.64848	-6.70219	199.04	0	
-9.24138	-3.36663	204.986	0	
96.7796	-3.21773	207.022	0	
93.44	-4.15199	203.541	0	
89.3988	-5.30327	198.946	0	
103.249	-7.56329	202.897	0	
-61.4383	-7.62766	305.955	0	
33.7801	-8.11106	232.454	0	
-65.323	-11.0581	414.367	0	
44.1328	-8.962	201.652	0	
-44.188	-9.79063	353.406	0	
107.933	-7.04909	206.242	0	
41.7685	-8.53429	213.311	0	
126.172	-6.65338	215.487	0	
31.9927	-10.2785	225.928	0	
128.241	-8.05056	211.761	0	
100.101	-9.26553	189.611	0	
102.901	-7.0392	202.29	0	
-154.711	-8.96778	376.219	0	
-59.926	-6.9852	292.113	0	
138.082	-4.65798	210.364	0	
153.01	-2.4637	219.538	0	
-138.576	-8.17842	306.559	0	
-137.415	-5.20458	221.876	0	
-129.783	-1.96209	181.812	0	
-128.719	-5.02382	207.086	0	
-32.5854	-3.71316	211.923	0	
-32.511	-5.02108	232.088	0	
62.4907	-3.13714	218.72	0	
62.9547	-5.07382	219.603	0	
134.72	-10.1271	196.132	0	
152.861	-6.63243	180.269	0	
137.093	-5.39539	212.076	0	
141.122	-5.21852	207.918	0	
-74.6816	-4.325	207.989	0	
-76.1143	-5.48097	233.492	0	
21.5168	-3.66655	195.317	0	
20.1021	-4.74542	198.933	0	
117.791	-5.13399	213.245	0	
116.898	-4.96037	212.338	0	
-123.483	-3.66655	189.765	0	
-127.496	-3.51918	192.261	0	
-114.853	-7.01835	266.029	0	
-111.694	-5.03705	219.105	0	
-27.2332	-3.66655	205.905	0	
-31.2286	-3.54222	207.367	0	
-15.4978	-8.51529	227.867	0	
-17.3413	-5.28127	197.494	0	
-82.2332	-3.66655	198.937	0	
-82.2725	-5.30176	238.135	0	
69.2792	-3.21849	215.681	0	
67.4318	-3.92403	218.072	0	
76.5945	-6.33418	204.106	0	
78.3642	-5.56825	199.42	0	
14.0168	-3.66655	194.74	0	
13.3022	-4.75867	197.816	0	
108.03	-11.3712	193.829	0	
117.351	-7.59375	214.605	0	
-92.2413	-8.87428	353.161	0	
-91.5103	-7.10938	280.215	0	
2.30841	-7.84151	212.1	0	
4.7162	-7.52865	214.017	0	
129.526	-10.1287	205.124	0	
145.128	-4.90961	209.462	0	
134.128	-5.39615	212.424	0	
135.37	-6.40354	212.638	0	
121.462	-8.07485	213.403	0	
123.952	-7.72303	214.168	0	
-69.5875	-6.95859	276.576	0	
-68.3453	-8.29865	313.742	0	
26.9853	-6.86702	211.775	0	
27.3337	-8.92857	223.845	0	
-65.771	-8.86686	337.923	0	
-93.1737	-11.8857	486.21	0	
-54.2125	-8.7264	356.889	0	
1.19385	-9.4809	206.969	0	
87.192	-4.43487	201.277	0	
70.1093	-7.40623	206.849	0	
100.688	-7.08757	200.723	0	
102.761	-8.02246	196.896	0	
-120.902	-8.16229	338.312	0	
-123.051	-6.21227	239.792	0	
-128.321	-5.54784	224.427	0	
-125.874	-6.91905	263.52	0	
-47.7974	-10.5007	376.647	0	
-26.7847	-6.21645	259.931	0	
-31.0836	-4.71131	227.668	0	
-29.2492	-7.54635	317.391	0	
47.1352	-10.1884	164.261	0	
70.0406	-6.5285	206.533	0	
64.105	-4.51132	220.155	0	
66.7538	-6.74707	213.192	0	
140.57	-6.83918	202.297	0	
143.968	-6.3083	201.475	0	
126.812	-9.05757	206.636	0	
195.519	-2.32667	266.099	0	
-98.7597	-8.09302	295.304	0	
36.0407	-7.08116	228.328	0	
-1.35327	-8.20613	205.773	0	
103.258	-10.461	183.15	0	
71.1864	-8.39948	194.97	0	
95.1849	-8.89845	185.644	0	
-136.531	-5.50328	214.003	0	
-136.204	-6.52095	251.52	0	
-31.9995	-8.34131	342.588	0	
-31.7117	-7.08478	300.529	0	
65.3899	-10.9581	155.496	0	
98.3871	-12.3391	174.348	0	
78.9401	-4.96585	198.389	0	
151.295	-9.43138	183.344	0	
-77.1522	-7.17664	282.73	0	
31.4645	-8.30815	227.814	0	
7.93631	-12.2568	206.912	0	
111.237	-8.87668	208.813	0	
-127.189	-5.911	231.306	0	
-123.341	-5.36534	220.968	0	
-29.6712	-6.15915	266.886	0	
-27.0854	-5.37965	238.399	0	
66.8356	-5.95304	209.837	0	
69.0413	-5.91897	215.269	0	
150.338	-4.86707	195.27	0	
152.192	-5.94563	195.066	0	
150.329	-7.58159	184.779	0	
141.966	-8.29709	191.053	0	
-112.422	-8.3792	324.686	0	
-116.88	-8.66829	316.966	0	
-113.934	-3.69431	195.671	0	
-111.958	-4.50115	201.012	0	
-16.244	-7.61224	226.772	0	
-22.2168	-8.18133	305.621	0	
-18.6026	-4.40316	200.349	0	
-15.9648	-3.41919	190.536	0	
79.0384	-7.70528	198.086	0	
81.2088	-8.41059	197.335	0	
78.9507	-3.76574	203.212	0	
81.2216	-3.26696	208.955	0	
-62.4228	-5.86085	254.888	0	
-62.7386	-6.49271	268.128	0	
32.6308	-4.44216	208.5	0	
33.3725	-6.67172	226.017	0	
-201.071	-23.8156	213.444	0	
-157.039	-8.28141	358.27	0	
-42.6316	-5.10987	252.161	0	
-39.7148	-3.41918	214.079	0	
53.6224	-5.14644	227.823	0	
57.5511	-5.19979	228.104	0	
-137.948	-5.886	222.901	0	
-134.654	-3.54542	189.567	0	
133.913	-7.87121	207.993	0	
140.718	-8.59797	192.468	0	
-131.087	-7.75137	271.897	0	
-88.2555	-8.79333	348.286	0	
-31.1691	-9.2744	382.355	0	
8.69364	-8.83365	213.315	0	
64.5803	-7.25896	193.368	0	
51.3112	-10.0358	153.759	0	
86.3817	-10.2562	192.818	0	
208.99	-5.28426	192.581	0	
-58.5054	-10.0312	386.99	0	
-55.656	-7.85675	340.278	0	
37.6233	-9.49956	219.413	0	
40.1027	-6.91899	224.794	0	
138.864	-5.85013	207.902	0	
135.204	-7.87263	205.808	0	
138.863	-7.31613	201.883	0	
138.786	-8.19538	199.528	0	
133.967	-8.63827	205.482	0	
159.715	-5.59054	198.092	0	
119.989	-9.64508	207.527	0	
96.3785	-15.7444	185.193	0	
-49.3011	-9.21456	371.94	0	
-46.1345	-9.38473	361.527	0	
47.3933	-8.93834	180.972	0	
50.2171	-9.23606	172.654	0	
-174.55	-3.1019	486.017	0	
-161.745	-5.95427	328.706	0	
-160.453	-10.7217	517.367	0	
-186.467	-16.062	379.281	0	
157.634	-6.47611	187.425	0	
170.01	-1.12398	311.237	0	
-86.1936	-12.1571	496.997	0	
101.545	-12.1638	176.789	0	
18.3859	-6.56155	203.504	0	
3.19292	-11.4493	197.351	0	
-153.035	-11.6889	493.525	0	
-148.44	-12.0419	506.622	0	
-121.489	-14.4624	689.847	0	
-125.445	-8.76759	344.388	0	
103.696	-14.2699	175.106	0	
115.15	-10.2096	203.434	0	
-91.7517	-12.069	510.867	0	
-71.6785	-8.30478	314.533	0	
5.5766	-12.1734	198.015	0	
26.7746	-7.6972	216.153	0	
-112.998	-5.92679	228.672	0	
-129.168	-15.7527	749.806	0	
-16.3699	-5.48905	185.645	0	
-25.6656	-11.5091	472.531	0	
-139.402	-15.8029	698.042	0	
-122.254	-10.8929	456.017	0	
-39.6512	-10.9834	378.763	0	
-4.99856	-11.232	181.244	0	
67.0886	-8.63796	189.984	0	
57.0447	-11.097	135.857	0	
115.57	-13.4993	182.054	0	
128.029	-12.0783	186.682	0	
147.073	-9.24948	173.298	0	
152.678	-7.73539	191.62	0	
-123.385	-9.49268	377.603	0	
-102.848	-6.12943	222.519	0	
-18.864	-10.2949	344.728	0	
-6.24793	-7.79017	181.913	0	
75.164	-10.2987	203.871	0	
90.4073	-6.22613	196.502	0	
71.1818	-11.1068	173.358	0	
136.354	-10.2712	191.444	0	
-60.4983	-10.8249	403.053	0	
-54.8756	-9.42957	373.289	0	
34.9615	-9.12913	229.517	0	
41.3136	-9.56114	196.028	0	
129.031	-12.1603	191.911	0	
226.137	-16.0338	159.492	0	
-178.539	-1.3838	474.437	0	
-160.754	-4.11	247.847	0	
-155.97	-9.93786	421.048	0	
-221.351	-12.57	124.511	0	
-167.378	-3.80963	401.197	0	
-165.315	-4.93277	372.534	0	
163.69	-3.38948	233.764	0	
166.707	-4.43785	286.298	0	
153.8	-8.4864	175.673	0	
133.663	-15.877	161.552	0	
-51.5458	-11.0981	396.717	0	
-8.14055	-11.2951	182.03	0	
42.9578	-10.4517	168.206	0	
32.0928	-11.2543	224.936	0	
-52.7527	-14.0172	400.404	0	
-136.876	-7.84106	301.12	0	
-135.213	-9.6797	372.228	0	
-156.588	-18.6207	799.408	0	
-127.52	-14.6602	678.169	0	
-47.9311	-14.2954	366.154	0	
-31.9227	-13.8459	547.258	0	
50.6015	-15.9341	51.7127	0	
69.1869	-17.4568	96.7224	0	
132.247	-16.7887	165.903	0	
150.577	-13.9134	185.723	0	
-157.569	-13.3328	612.23	0	
43.6025	-13.1199	118.069	0	
15.4648	-9.17332	212.843	0	
90.3507	-10.0809	180.708	0	
126.06	-10.0216	206.232	0	
120.783	-11.3222	196.188	0	
-166.367	-5.46152	409.036	0	
-188.376	-3.76145	343.383	0	
-133.934	-10.9602	438.882	0	
-128.185	-8.01029	309.739	0	
-216.827	-26.5727	123.178	0	
-128.413	-13.1119	598.265	0	
-132.411	-9.49708	359.97	0	
-129.884	-4.10352	196.715	0	
-163.663	-12.8424	611.369	0	
-109.609	-9.63838	378.668	0	
-130.943	-10.541	434.954	0	
-127.467	-7.17271	270.516	0	
-132.696	-13.3999	597.753	0	
-128.225	-10.2861	424.36	0	
-133.122	-16.2387	778.039	0	
-101.996	-12.1511	576.726	0	
-131.132	-11.9717	492.171	0	
-128.544	-17.3008	858.534	0	
-148.204	-14.7863	629.921	0	
-0.92933	-11.8685	181.709	0	
-125.443	-18.0933	884.92	0	
-125.597	-14.7313	704.487	0	
-62.3287	-14.2057	477.985	0	
-83.5572	-10.967	436.669	0	
-124.144	-16.6164	793.36	0	
-121.999	-16.5434	788.757	0	
-91.6409	-16.373	695.277	0	
-69.4396	-10.8861	405.509	0	
3.14642	-14.7512	173.516	0	
27.9616	-12.7149	218.834	0	
-109.201	-6.01413	235.615	0	
-115.719	-9.81763	439	0	
-12.3912	-6.3106	183.982	0	
-13.3789	-9.7666	233.105	0	
83.24	-6.38137	194.821	0	
86.2609	-8.99042	186.852	0	
-82.7373	-13.707	544.443	0	
-75.7277	-8.48823	313.251	0	
11.9309	-12.8995	209.112	0	
23.5016	-8.15879	211.928	0	
-95.0224	-13.6985	637.319	0	
-90.994	-9.40255	378.499	0	
-0.865873	-9.99281	195.911	0	
5.4579	-7.78853	214.505	0	
-110.328	-10.8951	476.804	0	
-108.846	-7.26224	266.482	0	
-15.0308	-12.1369	288.241	0	
-12.8373	-7.36742	194.38	0	
81.7176	-10.3085	200.698	0	
83.5381	-8.07286	190.333	0	
-55.4984	-12.2444	425.23	0	
-55.5162	-15.4497	411.639	0	
38.3533	-10.7385	202.754	0	
39.3325	-13.8241	131.626	0	
-173.367	-1.15486	489.63	0	
-166.18	-6.66255	433.459	0	
158.93	-8.48807	196.023	0	
159.287	-10.6418	242.132	0	
-36.3491	-6.66327	275.209	0	
-43.3109	-10.6311	352.162	0	
60.9562	-5.95495	219.587	0	
54.5152	-10.7747	131.9	0	
92.7782	-10.7808	181.302	0	
139.98	-10.774	180.258	0	
-113.072	-15.4598	779.198	0	
-119.297	-14.1357	643.695	0	
-105.008	-15.8504	758.577	0	
-90.9091	-14.035	610.07	0	
-61.909	-13.0545	449.003	0	
-81.6812	-12.8274	501.615	0	
-119.75	-18.497	908.175	0	
-102.652	-14.3752	606.237	0	
-97.226	-13.4811	556.826	0	
-124.617	-21.7604	1049.41	0	
17.9871	-13.223	215.818	0	
34.3436	-14.9381	160.926	0	
-177.174	-5.1231	477.376	0	
-172.507	-13.2948	568.537	0	
-167.135	-8.69875	510.122	0	
-168.751	-9.63417	534.819	0	
121.263	-13.3253	184.521	0	
127.598	-39.4107	267.526	0	
-117.516	-17.9498	868.549	0	
-113.14	-12.3247	558.757	0	
-93.3829	-9.43331	347.62	0	
-93.6138	-16.0889	736.431	0	
-0.374672	-9.45348	199.143	0	
2.08495	-14.0497	177.385	0	
-134.8	-14.1439	672.19	0	
49.0327	-13.4722	81.6426	0	
-49.6825	-14.0688	376.856	0	
-31.0449	-11.9075	472.681	0	
-116.253	-26.5531	1102.27	0	
60.7453	-14.4634	72.4825	0	
-89.0501	-17.1718	732.674	0	
-88.6959	-14.349	608.188	0	
9.60978	-18.9958	170.198	0	
6.06827	-13.2907	193.032	0	
-158.168	-25.9479	911.74	0	
-55.2729	-26.9887	289.299	0	
-86.2953	-16.1323	701.016	0	
-83.589	-17.6417	693.137	0	
-14.2525	-13.6178	327.123	0	
126.602	-15.3097	171.716	0	
8.85323	-14.4787	191.136	0	
12.9196	-18.2718	188.265	0	
216.207	-11.2194	180.231	0	
183.637	-7.09149	326.392	0	
135.807	-13.9419	174.556	0	
140.567	-15.3816	163.935	0	
-179.958	-3.72031	461.864	0	
-174.084	-6.16691	496.493	0	
163.087	-10.0309	275.941	0	
180.465	-1.61583	335.602	0	
-78.0962	-12.8812	501.308	0	
-67.5359	-14.0598	493.035	0	
21.4772	-12.3293	218.424	0	
30.7926	-13.6739	208.023	0	
-162.297	-15.9004	712.061	0	
-121.909	-23.7965	1054.44	0	
-54.7772	-17.7023	386.242	0	
4.85919	-17.0411	166.574	0	
39.3387	-17.2841	81.453	0	
105.675	-13.0286	177.876	0	
136.262	-14.9966	164	0	
144.272	-13.4334	164.512	0	
98.4289	-16.5655	193.642	0	
82.2023	-13.7258	218.558	0	
-114.533	-19.4697	917.729	0	
-99.0883	-17.8006	809.122	0	
-26.4637	-12.8912	553.482	0	
-0.899298	-20.4746	170.833	0	
70.0977	-12.4757	157.702	0	
46.5201	-23.4369	23.5245	0	
-158.164	-30.1479	926.411	0	
-68.1716	-19.642	583.863	0	
-80.4262	-19.6994	717.301	0	
-66.2472	-14.4177	489.724	0	
14.9201	-23.4282	173.266	0	
29.6453	-14.8371	199.884	0	
124.401	-16.4994	162.381	0	
146.022	-15.6251	168.669	0	
139.262	-18.2792	165.21	0	
142.163	-20.841	178.732	0	
-73.3649	-14.7121	532.456	0	
-64.0883	-15.8855	501.178	0	
21.3209	-13.3182	214.489	0	
31.687	-18.7679	137.112	0	
-95.4386	-18.779	844.227	0	
2.47788	-19.6623	155.774	0	
28.0593	-19.8382	167.428	0	
28.9211	-21.3373	139.9	0	
-83.7185	-16.0826	651.962	0	
-79.4581	-12.3529	484.253	0	
9.53436	-15.9042	185.646	0	
18.1745	-16.691	199.807	0	
218.42	-33.6263	161.875	0	
131.873	-20.1663	166.002	0	
-152.151	-14.5676	630.176	0	
-150.816	-16.89	752.965	0	
-142.787	-17.6664	803.831	0	
-141.927	-10.1719	400.031	0	
-64.3448	-23.3386	487.34	0	
-7.85292	-15.6978	213.446	0	
34.5652	-26.9506	78.8056	0	
118.508	-12.5206	184.005	0	
-129.333	-21.6053	1030.35	0	
23.7821	-27.3309	162.636	0	
-186.451	-4.46484	381.506	0	
-190.353	-4.91571	329.453	0	
172.064	-6.00496	325.002	0	
174.369	-7.9727	354.712	0	
196.115	-12.1664	244.966	0	
191.289	-4.26558	304.827	0	
81.1898	-15.2103	220.869	0	
39.2765	-25.4347	48.5393	0	
-70.1031	-17.681	574.298	0	
-67.5433	-17.8238	544.663	0	
25.8729	-14.1073	213.853	0	
28.6604	-17.9965	172.061	0	
123.698	-24.3708	184.777	0	
125.476	-37.5715	264.511	0	
-147.586	-20.9191	918.228	0	
-132.731	-18.2664	903.865	0	
-88.2084	-20.7109	818.974	0	
-79.6563	-20.9857	743.345	0	
-68.1252	-24.2747	564.053	0	
-67.5098	-21.1936	552.784	0	
-169.77	-21.2264	688.545	0	
-64.7	-29.1069	455.835	0	
-140.876	-20.4024	915.645	0	
-137.112	-24.8133	1061.35	0	
-76.025	-24.7991	724.684	0	
27.1622	-24.0205	149.326	0	
-37.3009	-20.8025	488.216	0	
73.9111	-17.8461	168.977	0	
-23.2416	-14.8364	588.131	0	
-15.4846	-15.6086	380.24	0	
74.1274	-15.7636	150.672	0	
80.545	-19.3508	214.276	0	
132.855	-22.4441	160.606	0	
115.931	-18.6726	151.773	0	
-104.331	-18.4629	894.162	0	
-91.8003	-21.9381	929.173	0	
-48.524	-21.4066	296.749	0	
8.36832	-20.9427	157.598	0	
-179.205	-9.80563	467.224	0	
-181.563	-3.13452	422.062	0	
-203.649	-6.51258	197.346	0	
-175.705	-6.54941	501.893	0	
180.177	-8.24429	345.86	0	
185.612	-12.7978	308.366	0	
167.096	-15.8325	323.337	0	
161.728	-12.1545	239.796	0	
-82.182	-28.964	864.929	0	
20.3931	-23.2006	180.111	0	
-7.91251	-17.7962	212.312	0	
91.1146	-20.2493	251.773	0	
-83.571	-23.381	830.403	0	
-20.5486	-27.3272	699.42	0	
15.5451	-26.2948	171.87	0	
115.847	-28.7262	227.568	0	
-18.1736	-18.6827	546.884	0	
-20.5357	-19.9989	642.675	0	
78.3043	-18.4447	219.213	0	
66.9362	-19.5657	65.844	0	
34.8889	-31.5108	76.1234	0	
123.79	-21.083	168.06	0	
-24.5492	-28.8699	720.888	0	
-3.67394	-28.3945	253.256	0	
-134.473	-27.9334	1112.46	0	
171.711	-13.2883	336.351	0	
176.912	-12.7666	343.827	0	
-75.1558	-29.5314	718.784	0	
-69.3506	-25.9166	591.445	0	
-148.229	-27.6179	1017.43	0	
-146.352	-25.2239	1012.07	0	
22.5963	-30.8817	172.797	0	
26.884	-26.1446	143.603	0	
1.2194	-36.8202	302.267	0	
13.2144	-28.4774	181.713	0	
183.156	-17.5117	318.096	0	
219.413	-6.08781	166.147	0	
135.901	-27.2139	203.585	0	
-106.106	-32.2196	1137.15	0	
36.1084	-29.1235	64.1774	0	
-68.1771	-31.8931	561.976	0	
-65.7576	-37.5019	511.95	0	
-22.4308	-39.1847	715.13	0	
131.1	-24.2157	181.817	0	
28.133	-32.0157	148.688	0	
26.4961	-34.5504	158.419	0	
-111.057	-23.3955	1035.58	0	
-110.937	-26.0121	1100.2	0	
108.553	-19.6589	172.943	0	
94.9619	-19.3785	211.46	0	
-214.806	-7.71479	143.946	0	
-174.762	-16.1177	579.798	0	
190.437	-8.16812	288.776	0	
196.39	-16.7722	250.419	0	
51.6025	-14.8229	68.4467	0	
66.1747	-24.0605	37.8802	0	
-34.9275	-16.8767	566.822	0	
-28.2428	-21.694	689.492	0	
-194.374	-7.79983	282.264	0	
-196.551	-4.51366	257.62	0	
72.576	-23.1119	87.4634	0	
131.144	-30.9832	233.418	0	
42.6449	-29.5182	23.6062	0	
76.7217	-29.9626	89.0213	0	
-57.1925	-38.7542	366.024	0	
2.96888	-27.8371	184.787	0	
88.0821	-31.4114	230.163	0	
208.264	-23.9488	192.47	0	
-32.2989	-33.6994	638.597	0	
121.789	-33.4122	240.023	0	
-47.7647	-31.1462	305.323	0	
-34.545	-31.2014	621.015	0	
108.156	-28.4425	225.302	0	
162.601	-64.06	167.573	0	
117.888	-31.3919	225.942	0	
118.145	-36.5284	260.674	0	
115.719	-23.7567	192.293	0	
110.13	-36.0739	275.788	0	
62.3855	-30.2642	14.502	0	
120.317	-31.2309	240.827	0	
123.701	-47.5073	262.103	0	
-185.529	-20.0714	396.904	0	
-94.8471	-29.2315	1049.66	0	
-106.337	-34.5928	1151.54	0	
63.3062	-32.3432	16.6149	0	
32.4779	-52.371	235.21	0	
17.9464	-35.7907	233.435	0	
-224.736	-3.44405	116.525	0	
-186.676	-10.8718	371.457	0	
170.239	-28.5294	338.519	0	
162.319	-14.9977	281.431	0	
-191.999	-11.2845	306.386	0	
-191.143	-16.7129	315.161	0	
73.4143	-40.7159	50.9212	0	
207.712	-10.3255	208.804	0	
204.86	-2.4629	221.309	0	
-211.863	-2.86997	154.427	0	
-232.26	-7.79974	110.694	0	
131.304	-51.4486	271.118	0	
133.328	-43.7246	283.533	0	
210.556	-17.4076	188.112	0	
215.594	-2.82136	185.111	0	
-213.028	-36.3844	130.104	0	
-227.084	-23.6263	109.414	0	
101.988	-40.0164	256.089	0	
200.424	-33.8118	194.116	0	
192.971	-18.3687	253.535	0	
164.626	-16.6996	301.84	0	
144.427	-22.3516	181.475	0	
-56.4541	-23.7901	330.012	0	
-38.2494	-22.2352	472.736	0	
-56.0376	-45.881	472.688	0	
-46.5685	-23.8401	289.814	0	
-53.0407	-43.794	431.798	0	
-30.8095	-20.1155	636.181	0	
-46.5441	-32.4936	319.558	0	
-38.6661	-45.3769	573.631	0	
40.6398	-20.7267	47.132	0	
57.9205	-20.4434	25.6475	0	
42.7696	-37.747	33.1843	0	
53.0506	-24.9558	14.1164	0	
42.6033	-46.9715	65.9311	0	
60.0165	-30.1371	13.3365	0	
44.8555	-31.7399	19.0329	0	
58.7909	-36.7688	10.4919	0	
140.604	-26.377	210.892	0	
141.083	-48.4033	293.326	0	
-162.082	-33.0527	885.301	0	
-73.3544	-51.4758	834.345	0	
-15.388	-29.4546	581.486	0	
2.04174	-41.5124	392.877	0	
-126.147	-32.5836	1183.74	0	
-120.757	-31.7185	1180.36	0	
-106.814	-38.9667	1162.77	0	
-99.7131	-24.9034	1026.71	0	
-119.567	-51.4407	1155.37	0	
-87.9393	-36.66	1016.23	0	
-221.549	-8.49414	123.243	0	
-216.543	-14.1795	135.632	0	
-86.7028	-46.1101	1008.76	0	
110.459	-48.0733	241.393	0	
-44.2977	-36.9813	436.446	0	
-36.3206	-55.0703	681.171	0	
-52.8191	-59.3018	708.052	0	
16.5488	-52.2581	455.95	0	
52.2068	-33.3828	9.6482	0	
103.32	-44.0948	246.049	0	
157.021	-27.7879	298.417	0	
162.265	-25.6367	332.034	0	
154.087	-36.3342	292.324	0	
173.905	-22.2039	334.469	0	
-7.81303	-44.8999	602.578	0	
33.2706	-42.8056	140.769	0	
-98.2845	-32.1021	1087.59	0	
-94.296	-26.7031	999.837	0	
-97.2423	-39.676	1107.69	0	
-82.3517	-34.3043	911.35	0	
-153.987	-47.5554	927.91	0	
-100.971	-50.4216	1126.81	0	
-92.9874	-31.7766	1038.19	0	
-98.994	-42.3914	1128.99	0	
153.91	-24.6923	274.924	0	
159.565	-34.3208	299.794	0	
148.92	-52.3249	249.508	0	
157.837	-46.9978	256.043	0	
-223.211	-63.5742	117.016	0	
-73.5587	-42.3521	769.715	0	
-92.4349	-48.6546	1063.85	0	
-87.6651	-39.7363	990.368	0	
163.775	-44.4343	255.862	0	
175.32	-36.2212	277.222	0	
-27.4847	-47.6664	755.187	0	
145.218	-61.8458	199.651	0	
195.783	-30.0926	216.737	0	
182.639	-13.7492	322.03	0	
87.0894	-36.1733	209.566	0	
104.266	-31.5777	265.455	0	
-236.359	-10.1933	107.586	0	
155.603	-49.7766	254.008	0	
127.19	-61.787	240.125	0	
118.494	-57.8619	169.947	0	
76.2225	-60.2658	53.8366	0	
152.794	-72.3414	145.572	0	
-52.2615	-54.4359	585.798	0	
34.2225	-47.0636	157.501	0	
11.3291	-92.3073	774.711	0	
61.8206	-73.7452	152.975	0	
113.502	-90.2118	135.5	0	
55.2942	-55.7161	53.952	0	
67.5527	-57.3966	37.2928	0	
189.261	-16.7948	283.454	0	
204.597	-25.6229	193.09	0	
168.916	-48.1366	230.266	0	
183.891	-50.419	183.313	0	
-87.5408	-65.6299	997.786	0	
199.634	-39.6847	186.883	0	
233.841	-28.2037	148.327	0	
-89.1046	-58.1978	1021.32	0	
-24.7042	-65.3713	832.124	0	
-137.481	-42.4613	1135.53	0	
-68.4601	-60.9098	806.695	0	
-144.908	-64.0841	888.732	0	
15.801	-63.6396	630.417	0	
-46.6527	-63.7887	721.339	0	
-17.4799	-79.7334	832.386	0	
-42.0469	-105.584	803.448	0	
12.8268	-79.4392	731.5	0	
-68.8759	-69.1792	869.091	0	
81.3188	-65.9898	73.0347	0	
36.5356	-61.6429	277.196	0	
56.2221	-66.1391	103.684	0	
34.8182	-88.444	618.314	0	
94.4239	-75.3826	100.446	0	
46.3759	-78.5005	411.993	0	
121.289	-84.4833	100.294	0	
168.105	-66.0969	156.287	0	
-190.517	-33.5983	316.359	0	
25.5814	-52.1196	297.528	0	
4.95735	-51.8655	511.481	0	
-16.5314	-70.9803	801.616	0	
-1.81766	-85.2547	815.299	0	
236.853	-42.5658	143.324	0	
-119.082	-63.433	1090.16	0	
-26.1523	-83.6062	834.191	0	
-36.9192	-98.2859	817.091	0	
187.157	-82.6791	77.8201	0	
-85.6616	-82.0384	937.436	0	
167.754	-125.535	37.8107	0	
2.84122	-91.8624	805.241	0	
203.589	-45.5932	155.047	0	
219.277	-64.9639	99.3459	0	
-208.786	-61.3478	154.077	0	
157.868	-95.0636	64.6145	0	
67.6826	-107.771	390.11	0	
70.2626	-83.7687	168.689	0	
-191.692	-55.4827	247.068	0	
-108.019	-85.8778	955.095	0	
4.14253	-119.813	708.99	0	
140.849	-115.609	73.0627	0	
151.779	-100.743	72.1954	0	
208.349	-79.3075	56.4184	0	
-140.148	-80.214	837.81	0	
-178.885	-78.267	347.174	0	
-224.536	-75.3382	141.796	0	
206.587	-89.203	60.2633	0	
-117.183	-107.803	767.182	0	
137.869	-149.615	131.373	0	
87.1531	-96.4743	210.752	0	
116.958	-104.999	123.951	0	
96.2252	-123.049	255.965	0	
100.297	-107.56	184.392	0	
-213.837	-95.642	143.677	0	
-202.407	-101.137	155.913	0	
-55.8317	-82.9767	847.151	0	
-14.6536	-109	770.463	0	
128.963	-124.138	108.205	0	
78.6614	-125.503	432.88	0	
152.254	-142.253	66.3622	0	
45.4447	-108.997	568.799	0	
-44.3775	-119.99	746.381	0	
124.407	-104.327	107.915	0	
116.07	-138.117	225.921	0	
155.025	-134.835	48.9981	0	
160.904	-111.895	48.5046	0	
104.954	-148.868	329.996	0	
125.882	-130.837	144.596	0	
70.1388	-145.64	481.016	0	
211.204	-106.751	27.8044	0	
201.701	-69.1326	89.5696	0	
-84.4409	-92.8386	907.043	0	
-41.7455	-127.42	721.803	0	
-136.602	-134.103	582.113	0	
-41.1161	-142.987	684.478	0	
-147.716	-116.569	582.129	0	
-117.146	-137.916	649.203	0	
-193.26	-146.493	353.67	0	
186.164	-129.101	26.4341	0	
236.782	-113.961	1.53285	0	
-214.496	-127.822	90.3697	0	
204.548	-139.516	5.00783	0	
224.684	-125.324	62.126	0	
172.239	-153.173	27.7508	0	
216.932	-147.297	28.1177	0	
-67.4326	-153.432	643.547	0	
-12.4675	-150.959	618.288	0	
45.3163	-142.784	582.962	0	
-159.923	-0.614795	175.934	0	
-159.155	-1.54021	199.19	0	
-162.089	-0.428021	153.871	0	
-160.668	-1.45289	159.273	0	
-161.267	-2.11726	186.159	0	
-160.548	-0.313197	121.71	0	
-159.073	-4.1814	225.121	0	
-161.354	-2.66492	206.533	0	
-163.586	-3.32021	265.707	0	
-159.612	-2.39206	196.893	0	
-160.286	-2.73522	202.355	0	
-69.791	-0.578104	200.96	0	
-65.3495	-0.895475	200.737	0	
-65.131	-1.26208	195.083	0	
-64.5868	-1.23823	202.157	0	
-66.6526	-1.97607	198.136	0	
-64.4457	-1.60789	196.288	0	
-64.7592	-3.40384	206.73	0	
-65.2478	-2.11126	196.939	0	
-65.3466	-2.6554	199.86	0	
-64.865	-2.84739	199.475	0	
-65.858	-2.9498	202.779	0	
-65.0708	-5.7921	249.973	0	
-63.8096	-3.50463	207.337	0	
-63.7163	-2.69251	200.153	0	
-65.9213	-3.57727	204.872	0	
-67.2399	-3.62923	204.923	0	
-64.0302	-1.85331	197.824	0	
-63.4141	-1.00465	195.991	0	
30.625	-0.165467	223.486	0	
26.459	-0.578104	204.235	0	
31.0223	-1.43103	211.556	0	
32.3666	-1.81795	206.338	0	
126.25	-0.467065	180.949	0	
127.292	-1.40127	188.972	0	
-115.923	-1.2985	172.35	0	
-114.85	-2.71056	185.036	0	
-114.607	-3.32904	184.521	0	
-113.43	-3.43282	186.441	0	
122.79	-1.99481	189.327	0	
126.042	-0.898582	180.828	0	
-69.375	-0.240555	207.358	0	
-68.125	-0.360901	195.575	0	
-68.4375	-0.180445	196.97	0	
-67.8124	-0.902258	198.143	0	
-66.8674	-0.734678	202.015	0	
-70.1999	-0.506736	198.867	0	
-68.4583	-0.914235	197.919	0	
-67.8125	-1.27911	197.932	0	
-66.8674	-0.368047	201.118	0	
-69.198	-1.06781	198.35	0	
-68.1402	-1.83986	197.89	0	
-68.4596	-1.2764	197.946	0	
-67.491	-1.88478	198.021	0	
-66.5549	-0.187647	202.346	0	
-67.5	-0.360855	200.064	0	
-69.5931	-1.03246	200.391	0	
-69.8179	-1.37074	198.455	0	
-68.8867	-1.36986	198.634	0	
-68.8746	-1.7112	197.89	0	
-66.9308	-2.62471	199.643	0	
-65.8233	-1.84202	196.556	0	
-66.5511	-0.928997	198.188	0	
-66.1382	-0.353115	194.135	0	
-70.2241	-1.3479	198.091	0	
-68.4614	-1.99678	198.023	0	
-68.8774	-2.68138	199.049	0	
-66.3406	-2.67456	198.968	0	
-65.9876	-1.41037	198.867	0	
-66.7062	-1.54173	198.71	0	
-65.8295	-0.971702	195.926	0	
-67.4999	-0.721768	199.387	0	
-67.1875	-0.907943	199.506	0	
-70.6173	-0.169187	191.637	0	
-71.0888	-0.461697	199.016	0	
-70.4669	-1.68444	197.807	0	
-70.2413	-2.07434	197.784	0	
-69.1496	-2.39357	199.186	0	
-68.5006	-2.41015	199.417	0	
-67.8972	-3.98385	212.603	0	
-67.3332	-2.91972	202.452	0	
-66.4043	-1.34549	198.432	0	
-66.1863	-2.21147	199.41	0	
-69.7908	-2.0684	198.347	0	
-69.7585	-2.90411	201.437	0	
-68.8816	-3.15748	203.485	0	
-68.2155	-2.79189	199.854	0	
-71.9529	-0.208685	208.82	0	
-70.8764	-1.63047	198.03	0	
-71.1057	-1.24889	198.406	0	
-71.104	-2.02366	197.685	0	
-70.2011	-2.80959	199.185	0	
-69.5402	-2.50075	198.009	0	
-69.616	-3.49388	204.783	0	
-68.4147	-3.70816	207.323	0	
-71.5319	-1.26247	199.535	0	
-71.4869	-2.01773	198.519	0	
-71.7931	-2.48291	198.197	0	
-71.6087	-2.97869	201.013	0	
-70.659	-3.15212	205.09	0	
-69.9877	-4.03497	212.913	0	
-68.9478	-4.02336	211.886	0	
-69.2023	-3.61269	206.558	0	
-71.8088	-0.946291	202.038	0	
-72.1796	-1.21942	199.338	0	
-71.591	-0.501195	202.793	0	
-72.4787	-0.422041	201.427	0	
-73.0163	-1.77871	197.954	0	
-72.4432	-3.28557	201.626	0	
-72.28	-2.01824	198.187	0	
-72.1699	-2.44264	198.923	0	
-71.6319	-3.98045	212.475	0	
-70.5881	-3.78773	205.163	0	
-73.0258	-0.213356	190.818	0	
-73.3775	-0.448049	198.181	0	
-74.3022	-1.50066	197.762	0	
-72.5191	-2.74074	200.019	0	
-72.7874	-2.13164	198.028	0	
-72.9192	-2.53226	199.311	0	
-73.4606	-2.81504	199.469	0	
-73.0651	-3.36276	205.668	0	
-74.0771	-0.172152	203.27	0	
-73.9364	-1.16594	198.861	0	
-70.974	-4.9794	224.486	0	
-67.7887	-6.92884	276	0	
-68.6085	-5.21192	229.293	0	
-66.5342	-4.72157	219.234	0	
-72.8763	-4.98028	222.939	0	
-71.6598	-5.24221	231.406	0	
-72.9342	-6.05299	246.486	0	
-72.0001	-6.15695	247.31	0	
-71.3866	-6.85097	273.132	0	
-70.2821	-5.45056	242.701	0	
-158.125	-0.165467	216.3	0	
-158.75	-0.467065	221.512	0	
-157.631	-1.26208	215.935	0	
-156.456	-1.95923	215.415	0	
-157.886	-1.63768	216.642	0	
-156.879	-1.72611	223.3	0	
-158.301	-1.67606	209.375	0	
-157.884	-2.40408	213.111	0	
-158.738	-1.30357	211.201	0	
-158.959	-2.05163	201.397	0	
-157.707	-2.78009	213.667	0	
-157.267	-2.76837	214.857	0	
-159.196	-2.37723	204.191	0	
-159.04	-2.73377	205.981	0	
-158.43	-3.11954	214.649	0	
-157.766	-3.56441	222.43	0	
-156.635	-3.0905	216.739	0	
-156.41	-2.71397	212.519	0	
-159.924	-2.13923	192.551	0	
-159.299	-3.30128	216.229	0	
-160.421	-2.33776	189.706	0	
-159.806	-2.76458	200.826	0	
-159.646	-3.73714	223.115	0	
-157.972	-3.14494	214.311	0	
-160.826	-2.00637	184.452	0	
-161.037	-3.05114	218.791	0	
-158.733	-3.43878	216.145	0	
-158.606	-2.75439	211.008	0	
-158.51	-3.899	231.149	0	
-158.001	-3.99924	220.282	0	
-157.546	-4.42687	236.818	0	
-156.893	-4.2349	225.395	0	
-156.46	-3.47852	215.224	0	
-156.026	-3.50259	217.513	0	
-155.782	-2.35595	211.906	0	
-156.004	-1.96516	219.195	0	
-161.673	-0.924497	150.254	0	
-162.328	-2.15977	208.145	0	
-161.277	-3.69357	223.524	0	
-160.211	-3.64156	221.227	0	
-156.886	-3.77082	224.495	0	
-156.471	-4.42399	230.772	0	
-155.381	-3.88632	218.454	0	
-155.172	-3.49852	210.427	0	
-155.188	-2.7269	208.212	0	
-155.138	-1.97987	210.8	0	
-156.05	-1.22066	225.911	0	
-157.02	-1.35644	222.321	0	
-161.993	-2.77589	215.463	0	
-160.976	-8.32182	422.801	0	
-156.438	-5.0465	243.205	0	
-155.988	-5.14967	239.261	0	
-156.809	-5.49153	258.221	0	
-156.742	-6.32017	278.294	0	
-155.689	-5.81319	258.969	0	
-153.875	-5.61671	234.213	0	
-155.396	-4.66889	226.764	0	
-155.196	-4.26556	220.052	0	
-154.587	-3.07376	207.054	0	
-154.775	-2.71517	213.489	0	
-153.962	-1.99423	214.42	0	
-156.036	-0.263265	242.658	0	
-155.628	-0.956596	233.839	0	
-156.594	-0.561757	232	0	
-155.043	-5.13775	238.438	0	
-154.056	-5.03916	227.763	0	
-154.682	-4.29889	222.242	0	
-154.554	-4.87701	223.47	0	
-154.176	-3.06622	210.353	0	
-154.568	-2.35622	208.764	0	
-153.449	-0.912181	242.089	0	
-154.283	-0.345327	261.831	0	
-155.202	-1.21598	217.61	0	
-154.693	-1.1298	237.954	0	
-155.151	-5.78147	242.25	0	
-154.481	-6.09828	262.295	0	
-154.076	-3.83624	212.275	0	
-153.538	-2.71298	209.537	0	
-154.757	-1.97394	221.279	0	
-155.362	-2.37388	216.284	0	
-153.657	-4.11291	210.275	0	
-155.217	-0.261814	238.411	0	
-153.365	-3.07079	205.431	0	
-153.365	-3.79924	208.127	0	
-152.425	-3.6906	203.871	0	
-151.936	-3.21014	202.436	0	
-152.883	-2.40496	209.736	0	
-153.302	-2.3675	210.103	0	
-154.088	-1.56281	227.399	0	
-151.462	-3.25615	202.12	0	
-151.185	-2.76513	202.739	0	
-152.668	-2.787	205.328	0	
-152.666	-2.02251	212.914	0	
-153.524	-2.00016	217.503	0	
-153.671	-1.32617	227.346	0	
-151.25	-3.73364	202.752	0	
-150.753	-3.78312	201.143	0	
-150.388	-2.36617	206.056	0	
-151.06	-1.42863	227.328	0	
-152.177	-2.80826	205.268	0	
-152.271	-2.01657	213.702	0	
-151.476	-1.73015	216.104	0	
-153.125	-0.135337	244.416	0	
-151.53	-4.4021	205.731	0	
-151.032	-4.78258	210.08	0	
-151.068	-0.886877	229.594	0	
-151.797	-0.33693	240.992	0	
-152.697	-1.23286	226.893	0	
-152.203	-1.13827	229.416	0	
-149.98	-4.29225	202.192	0	
-149.581	-3.62888	198.892	0	
-153.658	-0.480665	248.008	0	
-152.914	-0.833992	236.411	0	
-164.75	-0.421353	282.79	0	
-163.1	-2.24838	240.207	0	
-164.795	-2.22115	286.711	0	
-161.959	-3.53091	241.134	0	
-153.261	-5.60319	229.135	0	
-153.575	-4.57379	219.886	0	
-149.767	-2.5743	202.92	0	
-149.782	-1.47168	215.221	0	
-149.608	-4.92316	205.833	0	
-149.001	-3.7213	195.041	0	
-152.642	-6.4964	261.96	0	
-152.557	-5.05923	216.909	0	
-149.857	-3.16903	198.572	0	
-147.798	-3.43417	192.68	0	
-150.09	-5.48601	222.349	0	
-147.164	-5.63808	220.833	0	
-153.275	-6.95435	277.929	0	
-151.827	-7.62817	294.309	0	
-151.926	-6.81849	260.948	0	
-151.427	-6.42774	250.879	0	
-152.667	-7.82515	292.007	0	
-150.888	-6.68198	249.083	0	
-150.137	-6.23058	233.204	0	
-150.989	-5.36012	218.991	0	
-151.423	-9.69034	388.887	0	
-150.882	-7.35598	280.783	0	
-151.001	-8.70031	334.984	0	
-150.227	-8.51043	308.133	0	
-157.495	-5.06098	252.038	0	
-157.399	-6.66865	299.753	0	
-152.502	-9.62531	367.165	0	
-150.808	-10.6625	426.492	0	
-147.046	-8.02193	287.573	0	
-149.316	-7.29618	256.696	0	
-158.909	-4.82447	264.384	0	
-160.576	-5.25268	283.471	0	
-157.574	-7.48138	331.313	0	
-154.875	-7.43735	306.256	0	
78.471	-0.460119	244.903	0	
79.4053	-1.27135	230.281	0	
79.9001	-1.98015	219.924	0	
80.2112	-1.16326	231.808	0	
79.7672	-2.5504	219.487	0	
80.3015	-3.46634	207.641	0	
80.5257	-0.877314	240.75	0	
79.8314	-0.548463	236.877	0	
81.2101	-0.748879	244.167	0	
80.6943	-0.198932	238.626	0	
79.0658	-2.62153	212.51	0	
79.7769	-3.83776	200.248	0	
78.0307	-1.72267	225.161	0	
77.8906	-3.24358	207.379	0	
79.7402	-4.61867	199.836	0	
81.9707	-3.90032	202.436	0	
55.1714	-0.549836	192.083	0	
56.033	-1.03873	194.628	0	
54.3086	-0.197544	183.148	0	
54.7901	-1.16738	197.032	0	
50.209	-0.578104	196.352	0	
54.48	-0.877298	190.549	0	
53.3398	-2.00366	201.858	0	
55.616	-1.64065	200.581	0	
54.1326	-3.13554	217.09	0	
55.069	-1.99842	204.536	0	
-151.276	-0.520246	253.534	0	
-150.622	-0.368067	235.732	0	
-150.938	-0.183316	241.102	0	
-150.305	-0.920708	223.733	0	
-149.924	-0.736598	228.687	0	
-150.198	-1.4068	221.751	0	
-149.614	-0.983364	224.482	0	
-149.188	-0.886972	221.928	0	
-149.41	-0.182522	214.585	0	
-148.736	-1.37261	211.827	0	
-147.682	-1.64074	204.469	0	
-147.359	-0.463959	195.995	0	
-146.599	-0.895475	209.485	0	
-147.984	-0.298492	259.632	0	
-148.178	-1.23958	228.018	0	
-146.447	-1.42875	215.845	0	
-145.151	-1.62864	199.845	0	
36.3144	-0.49818	218.767	0	
37.0464	-1.45463	213.96	0	
37.2935	-1.88048	213.341	0	
37.7112	-1.16326	216.271	0	
37.1959	-2.30054	210.832	0	
38.0357	-2.3182	212.031	0	
38.0257	-0.877314	219.013	0	
37.3314	-0.548463	217.631	0	
36.776	-2.42504	210.321	0	
37.1881	-3.13307	210.167	0	
38.4572	-2.45622	210.622	0	
38.8672	-1.82718	212.838	0	
38.4505	-1.59054	215.564	0	
38.1943	-0.198932	218.699	0	
36.4585	-2.13223	211.166	0	
36.045	-2.85733	209.004	0	
37.2855	-3.56566	211.151	0	
37.772	-3.59122	211.575	0	
38.4468	-2.9494	211.484	0	
39.3729	-3.0159	211.653	0	
39.8176	-1.73877	211.222	0	
38.4395	-1.11538	217.728	0	
36.6313	-1.58189	215.455	0	
35.7254	-1.71774	213.22	0	
35.73	-3.17117	208.504	0	
35.9774	-3.59235	209.693	0	
36.4652	-3.56828	210.415	0	
36.0973	-4.45424	214.08	0	
38.4425	-3.93528	214.089	0	
38.9078	-3.24882	210.091	0	
39.849	-3.286	210.626	0	
40.2343	-1.43724	213.825	0	
40.2193	-0.938523	214.354	0	
39.3926	-0.408971	221.311	0	
35.311	-1.59704	212.398	0	
34.888	-2.20088	209.26	0	
35.306	-2.94108	207.823	0	
34.8793	-3.66136	208.34	0	
37.0198	-4.81352	218.454	0	
36.877	-3.81709	212.29	0	
37.6301	-4.53041	216.933	0	
36.6853	-4.37688	214.502	0	
38.5643	-4.39279	217.011	0	
39.0477	-4.46985	216.27	0	
38.766	-0.914448	220.83	0	
39.9104	-0.750278	218.289	0	
35.2101	-1.17214	215.236	0	
34.8325	-0.404592	218.921	0	
34.4686	-2.43173	206.513	0	
34.8893	-3.16614	206.408	0	
34.0598	-3.13428	205.238	0	
34.3989	-3.90375	208.934	0	
35.6233	-4.91378	216.041	0	
36.917	-5.75893	223.686	0	
38.0672	-4.81765	218.923	0	
38.1568	-5.45816	223.98	0	
39.7349	-4.94525	219.868	0	
40.0587	-4.58486	218.802	0	
35.516	-0.877291	218.118	0	
34.4435	-1.02817	215.946	0	
34.7994	-0.896025	218.303	0	
33.9274	-0.738792	221.184	0	
34.0471	-2.2913	208.688	0	
33.6432	-2.90922	206.025	0	
32.8567	-5.40237	214.853	0	
33.0202	-4.85783	210.371	0	
35.0503	-6.15975	224.466	0	
35.1404	-4.56614	213.168	0	
36.1061	-0.929696	221.278	0	
35.6894	-0.196581	219.375	0	
34.3809	-0.155399	223.053	0	
33.8317	-0.357453	221.064	0	
34.0098	-1.76771	208.996	0	
33.1977	-1.82382	207.666	0	
33.2206	-3.18175	203.227	0	
34.0002	-3.63752	206.592	0	
32.7832	-1.58131	209.926	0	
32.3593	-2.21746	204.973	0	
32.7759	-2.46597	203.306	0	
32.4585	-3.17142	201.645	0	
32.7123	-1.15102	210.553	0	
31.9001	-1.44235	209.27	0	
31.8466	-2.51986	201.217	0	
32.7861	-2.96934	204.272	0	
31.8747	-4.46033	206.196	0	
32.7619	-3.98464	204.206	0	
33.0385	-0.877365	217.756	0	
32.0388	-5.96282	218.68	0	
30.581	-1.76428	205.553	0	
30.7306	-3.0801	201.557	0	
31.9357	-2.97044	202.524	0	
32.0018	-3.81276	202.674	0	
30.0876	-4.86709	206.118	0	
32.2797	-5.38826	212.235	0	
33.5048	-1.01491	214.802	0	
33.2008	-0.202054	222.361	0	
31.5255	-0.298492	216.002	0	
32.1545	-1.01799	211.509	0	
33.5142	-4.63102	210.531	0	
32.4848	-6.67392	221.25	0	
34.2884	-5.78514	220.232	0	
33.5034	-5.97472	220.04	0	
34.1357	-4.98598	214.504	0	
39.8263	-4.12174	214.682	0	
40.6177	-3.82869	213.362	0	
41.3437	-4.36262	216.461	0	
41.6949	-3.83282	215.056	0	
40.3568	-2.58664	208.964	0	
41.4814	-2.37497	210.289	0	
37.7272	-7.62793	228.279	0	
39.2824	-6.63675	228.931	0	
39.9259	-5.50168	223.496	0	
40.532	-4.68598	217.907	0	
39.324	-5.88138	225.527	0	
40.677	-5.15121	222.236	0	
40.8482	-4.28969	217.448	0	
40.0691	-3.76186	214.257	0	
40.8373	-6.49576	226.022	0	
41.3522	-5.77164	224.405	0	
41.1867	-5.26547	221.543	0	
42.0863	-4.95786	220.569	0	
43.0832	-3.53902	213.377	0	
42.7315	-2.36227	210.787	0	
40.8254	-6.03005	223.899	0	
42.4209	-4.52238	219.274	0	
41.4659	-6.92123	224.335	0	
41.986	-6.59668	225.136	0	
41.8841	-5.9128	223.641	0	
42.8339	-5.61444	223.309	0	
41.2876	-7.69695	220.121	0	
42.5747	-8.43321	210.409	0	
42.9783	-6.18151	224.713	0	
42.2677	-5.49132	223.749	0	
42.9468	-4.58238	219.619	0	
43.1783	-5.14097	222.891	0	
43.6683	-6.15072	223.651	0	
44.0109	-5.63131	224.005	0	
44.257	-3.96612	217.566	0	
44.1147	-2.41487	210.705	0	
43.9601	-4.72278	221.512	0	
43.6653	-5.18863	222.77	0	
45.3075	-5.93792	224.079	0	
45.1734	-4.87385	223.725	0	
45.0487	-6.50735	222.854	0	
45.6338	-7.10463	218.571	0	
45.0169	-5.59194	224.766	0	
46.5124	-6.18551	222.883	0	
47.1063	-5.9721	226.353	0	
46.4488	-4.27903	221.473	0	
47.6252	-6.2325	223.145	0	
47.7363	-4.46864	224.799	0	
47.6641	-7.01053	219.441	0	
48.6957	-6.27295	223.97	0	
29.9956	-3.72476	201.135	0	
30.3465	-4.25743	200.418	0	
31.1491	-6.63959	220.675	0	
32.6806	-8.0694	229.803	0	
38.2578	-6.86782	230.045	0	
40.1821	-9.65426	209.389	0	
46.3955	-6.8621	220.714	0	
48.315	-8.00153	199.993	0	
49.7208	-6.40614	223.025	0	
48.8456	-5.06586	228.074	0	
29.373	-3.77334	198.133	0	
29.0384	-4.37675	201.978	0	
48.1391	-8.69574	194.861	0	
48.9328	-7.86091	207.473	0	
50.53	-5.60095	228.767	0	
49.3899	-5.38246	228.354	0	
31.3469	-4.69548	204.262	0	
30.9586	-4.14124	203.598	0	
29.1048	-2.5166	201.56	0	
28.3761	-4.35315	199.711	0	
27.8984	-5.0435	204.156	0	
29.5427	-6.08188	211.047	0	
48.7995	-9.36798	167.559	0	
49.6374	-6.99238	216.74	0	
49.0881	-7.21108	212.568	0	
50.1534	-7.3983	209.203	0	
30.1894	-6.00395	214.495	0	
31.4537	-5.9425	213.907	0	
28.1098	-1.83986	203.879	0	
27.4106	-2.64302	199.295	0	
47.9801	-11.0758	136.482	0	
51.6288	-10.9541	141.088	0	
50.0514	-8.04655	198.934	0	
49.3801	-8.29046	192.185	0	
52.9218	-8.1643	192.986	0	
52.6085	-6.37473	219.299	0	
29.1327	-5.53695	208.742	0	
30.1649	-7.28506	222.316	0	
51.2073	-8.07446	195.129	0	
50.9122	-7.34091	211.097	0	
28.2912	-5.66623	205.77	0	
28.2879	-7.09302	214.451	0	
30.1592	-8.42344	227.499	0	
31.5262	-7.27446	223.179	0	
49.4227	-9.10332	184.673	0	
50.5596	-8.51613	194.025	0	
27.0475	-4.46773	200.879	0	
25.9184	-5.03961	201.958	0	
-145.474	-0.286396	260.421	0	
-144.099	-0.895475	206.473	0	
-145.615	-1.25304	223.24	0	
-144.641	-0.88338	207.138	0	
-143.936	-1.44648	199.919	0	
-142.638	-1.86013	203.629	0	
26.875	-0.240555	195.158	0	
28.125	-0.360901	213.139	0	
27.8125	-0.180445	214.803	0	
28.4376	-0.902258	210.028	0	
29.3826	-0.734678	208.59	0	
26.0501	-0.506736	204.436	0	
27.7917	-0.914235	209.282	0	
28.4375	-1.27911	207.558	0	
29.3826	-0.368047	210.105	0	
27.052	-1.06781	208.04	0	
28.4181	-2.05376	202.474	0	
27.7904	-1.2764	206.796	0	
28.759	-1.88478	203.883	0	
29.6951	-0.187647	205.631	0	
28.75	-0.360855	211.322	0	
26.6569	-1.03246	202.405	0	
26.4321	-1.37074	204.531	0	
27.3633	-1.36986	204.553	0	
27.7886	-1.99678	202.215	0	
28.7146	-2.65309	199.586	0	
29.1251	-2.12843	202.112	0	
29.6989	-0.928997	211.438	0	
30.1118	-0.353115	218.127	0	
26.0259	-1.3479	202.357	0	
27.3754	-1.7112	204.055	0	
28.0639	-2.68473	199.793	0	
29.9821	-2.32426	200.781	0	
29.838	-1.37309	207.998	0	
29.5362	-1.56932	205.888	0	
30.4205	-0.971702	214.18	0	
28.7501	-0.721768	210.123	0	
29.0625	-0.907943	209.559	0	
25.6327	-0.169187	208.746	0	
25.1612	-0.461697	205.58	0	
25.7831	-1.68444	202.551	0	
26.0087	-2.07434	199.945	0	
27.1211	-2.30385	200.933	0	
27.7667	-2.4615	200.158	0	
28.1105	-3.0842	198.555	0	
29.1536	-3.287	200.176	0	
29.8355	-2.75975	201.631	0	
30.4669	-2.22431	204.419	0	
26.4592	-2.0684	201.501	0	
26.2678	-4.02219	198.589	0	
27.8671	-3.36064	198.861	0	
28.2224	-3.82192	200.194	0	
28.5443	-3.036	199.885	0	
29.4228	-2.82732	198.635	0	
27.4644	-3.14269	198.021	0	
26.4213	-4.59815	198.461	0	
27.1158	-3.49558	198.036	0	
26.5283	-2.85257	199.047	0	
24.2971	-0.208685	195.096	0	
25.3736	-1.63047	200.739	0	
25.1443	-1.24889	203.323	0	
25.146	-2.02366	200.585	0	
26.065	-2.84777	197.898	0	
26.7306	-2.41103	199.682	0	
30.1888	-3.17085	198.25	0	
30.862	-2.56906	199.786	0	
31.3928	-2.34566	204.953	0	
31.4389	-1.66767	205.323	0	
24.7181	-1.26247	200.257	0	
24.7631	-2.01773	198.309	0	
24.4569	-2.48291	198.1	0	
24.6413	-2.97869	196.164	0	
25.6071	-3.1903	197.876	0	
26.6602	-3.39138	197.046	0	
24.4412	-0.946291	199.975	0	
24.0704	-1.21942	199.12	0	
24.659	-0.501195	200.543	0	
23.7713	-0.422041	197.206	0	
23.2337	-1.77871	198.385	0	
23.8068	-3.28557	195.378	0	
23.97	-2.01824	198.008	0	
24.0801	-2.44264	196.904	0	
24.6181	-3.98045	196.556	0	
25.678	-3.82592	196.164	0	
23.2242	-0.213356	209.665	0	
22.8725	-0.448049	199.865	0	
21.9478	-1.50066	197.056	0	
23.7309	-2.74074	197.111	0	
23.4626	-2.13164	197.127	0	
23.3308	-2.53226	196.715	0	
22.7894	-2.81504	196.908	0	
22.7624	-3.4764	194.851	0	
22.1729	-0.172152	187.32	0	
22.3136	-1.16594	196.707	0	
25.2175	-4.20346	198.302	0	
27.2466	-5.05851	200.93	0	
25.0889	-6.6683	208.256	0	
26.5551	-5.73195	204.705	0	
23.5305	-4.58728	196.032	0	
25.3043	-4.84119	199.607	0	
23.3158	-6.05299	202.886	0	
25.1182	-5.99811	204.357	0	
24.6186	-5.104	198.906	0	
24.4969	-6.97499	208.921	0	
24.4978	-5.71791	203.457	0	
24.0568	-6.31821	205.635	0	
25.0735	-8.50067	218.83	0	
26.0067	-7.67797	216.252	0	
-140	-0.36376	205.253	0	
-139.372	-0.368067	188.167	0	
-139.688	-0.183316	176.536	0	
-139.055	-0.920708	192.346	0	
-138.674	-0.736598	189.985	0	
-140.938	-0.180456	210.334	0	
-140.625	-0.360901	212.612	0	
-140.315	-1.28335	199.751	0	
-139.688	-0.913707	196.866	0	
-139.69	-1.27666	193.311	0	
-138.364	-0.983364	195.624	0	
-141.283	-0.380108	207.367	0	
-140.312	-0.180445	217.612	0	
-141.286	-0.742721	202.037	0	
-140.941	-0.903958	205.078	0	
-139.593	-1.97917	192.954	0	
-139.382	-2.50014	193.887	0	
-138.646	-2.10871	194.136	0	
-137.938	-0.886972	192.748	0	
-138.16	-0.182522	200.627	0	
-141.804	-0.199652	182.275	0	
-142.189	-0.450451	211.643	0	
-141.57	-2.06779	197.127	0	
-140.347	-2.06434	196.151	0	
-140.011	-1.86147	195.617	0	
-139.379	-1.5893	194.725	0	
-138.807	-2.61432	190.618	0	
-138.263	-2.09548	189.669	0	
-141.599	-0.993781	206.002	0	
-141.014	-1.30046	202.702	0	
-141.075	-2.11605	196.306	0	
-140.786	-3.26944	195.067	0	
-138.466	-3.18191	195.5	0	
-138.208	-1.6563	194.624	0	
-141.74	-1.70934	200.081	0	
-140.445	-2.83371	194.314	0	
-140.343	-4.05489	202.428	0	
-139.824	-2.9351	193.582	0	
-137.874	-2.439	193.074	0	
-137.689	-1.1993	196.809	0	
-142.221	-1.62349	200.126	0	
-143.033	-2.50749	198.127	0	
-141.363	-2.71528	195.379	0	
-140.823	-3.72546	198.566	0	
-141.255	-3.11756	195.13	0	
-141.635	-3.46142	195.822	0	
-143.19	-3.88553	199.334	0	
-142.371	-4.28047	201.754	0	
-137.844	-1.58953	189.956	0	
-137.216	-1.16284	185.993	0	
-142.818	-0.54929	205.739	0	
-143.091	-1.45775	201.333	0	
-137.915	-3.01983	190.182	0	
-134.934	-2.40113	186.786	0	
-137.427	-1.82617	191.491	0	
-137.022	-1.55806	189.38	0	
-136.402	-1.49472	186.682	0	
-135.985	-0.992033	190.297	0	
-142.293	-1.17342	205.264	0	
-142.851	-1.04039	217.538	0	
-138.902	-3.83289	196.217	0	
-137.5	-3.57944	196.201	0	
-142.201	-2.59289	196.654	0	
-142.642	-2.30157	196.4	0	
-143.458	-2.29142	198.08	0	
-143.863	-2.91861	197.011	0	
-143.52	-1.68312	203.996	0	
-144.305	-1.82208	200.934	0	
-144.278	-3.17752	195.404	0	
-143.95	-3.85413	198.688	0	
-144.734	-1.392	205.311	0	
-145.144	-2.2193	204.691	0	
-144.711	-2.95941	198.881	0	
-145.13	-3.66618	199.711	0	
-143.921	-4.41665	202.916	0	
-142.67	-3.851	197.436	0	
-145.563	-2.45015	194.279	0	
-145.127	-3.18447	193.553	0	
-145.559	-3.87088	196.819	0	
-145.229	-4.54733	205.28	0	
-144.81	-4.36199	203.546	0	
-143.879	-5.47814	222.938	0	
-143.405	-4.39841	202.162	0	
-142.633	-4.71476	206.297	0	
-145.985	-2.27183	207.432	0	
-146.387	-2.92669	202.515	0	
-145.971	-3.15174	193.053	0	
-146.38	-4.37597	204.594	0	
-145.659	-5.2879	218.139	0	
-144.345	-4.6609	207.705	0	
-143.001	-5.73895	230.551	0	
-141.772	-4.30581	204.338	0	
-146.03	-1.66539	202.081	0	
-146.837	-1.80435	202.62	0	
-146.815	-3.20192	192.504	0	
-145.964	-3.6172	201.251	0	
-146.734	-4.72779	205.121	0	
-146.462	-5.09552	211.214	0	
-147.315	-4.20949	196.698	0	
-147.568	-6.1642	235.934	0	
-146.17	-6.04939	230.645	0	
-145.252	-5.05792	210.394	0	
-140.888	-7.2689	278.62	0	
-141.658	-4.99142	206.587	0	
-147.265	-1.4041	210.628	0	
-147.677	-2.23825	207.392	0	
-147.26	-2.48676	195.097	0	
-147.841	-4.11676	202.764	0	
-148.487	-4.83308	202.611	0	
-148.361	-6.07488	226.151	0	
-147.516	-5.23087	213.742	0	
-148.243	-5.40515	219.183	0	
-147.275	-6.68848	248.766	0	
-145.508	-7.79713	289.247	0	
-145.659	-5.93294	226.276	0	
-144.99	-6.29418	241.705	0	
-148.287	-2.49737	197.096	0	
-147.252	-2.99284	201.546	0	
-136.849	-3.38384	189.634	0	
-135.917	-4.81796	211.982	0	
-143.447	-6.51146	253.084	0	
-143.377	-5.35151	213.703	0	
-144.339	-5.11678	213.55	0	
-144.565	-5.91968	228.066	0	
-144.812	-7.10632	258.97	0	
-141.938	-7.01429	276.101	0	
-142.955	-6.37689	231.953	0	
-142.355	-6.42235	247.148	0	
-140.784	-4.93882	208.591	0	
-138.795	-5.32683	218.548	0	
-137.744	-4.36773	202.241	0	
-138.596	-4.45909	206.497	0	
-136.193	-0.560516	187.761	0	
-135.109	-0.715414	184.231	0	
-122.35	-2.71056	184.485	0	
-122.334	-1.50151	174.702	0	
-122.212	-3.45281	186.545	0	
-120.493	-2.422	179.631	0	
128.75	-0.467065	182.1	0	
130.307	-0.916592	193.995	0	
-130.625	-0.165467	192.909	0	
-131.146	-0.348783	174.54	0	
-130.131	-1.26208	179.806	0	
-128.808	-1.38607	184.852	0	
-131.138	-1.42168	181.504	0	
-129.714	-1.49872	187.291	0	
-129.55	-2.45932	185.807	0	
-130.224	-2.0639	184.333	0	
-130.337	-2.66651	185.326	0	
-129.862	-2.92584	186.479	0	
-130.841	-2.8749	187.941	0	
-131.663	-3.46742	192.571	0	
-129.559	-3.60699	193.363	0	
-128.606	-3.0375	188.788	0	
-127.647	-2.43671	184.567	0	
-128.6	-1.9153	180.812	0	
-128.444	-4.21148	202.213	0	
-127.927	-2.97846	185.802	0	
-129.472	-4.97375	211.14	0	
-127.306	-4.68113	206.444	0	
-129.133	-6.82234	272.914	0	
-127.605	-5.29183	216.468	0	
-126.621	-4.63445	204.037	0	
-126.04	-2.75527	184.271	0	
-128.452	-6.34273	237.48	0	
-127.673	-6.53289	247.863	0	
-126.257	-5.17591	216.956	0	
-124.738	-2.48451	181.186	0	
-125.966	-4.12402	192.96	0	
-125.232	-3.81821	190.738	0	
-129.927	-6.44369	234.935	0	
-129.072	-7.85008	281.518	0	
-126.607	-7.38283	289.444	0	
-125.914	-6.23596	243.271	0	
132.229	-0.461359	193.163	0	
133.533	-1.03873	194.279	0	
141.25	-0.467065	229.148	0	
142.283	-1.03873	218.557	0	
120.141	-0.463959	182.798	0	
120.901	-0.895475	174.862	0	
119.516	-0.298492	164.478	0	
119.933	-1.39816	186.06	0	
121.317	-1.39816	181.626	0	
122.81	-0.903557	181.013	0	
-122.81	-0.184751	175.617	0	
-121.599	-0.895475	169.845	0	
-121.381	-1.26208	172.446	0	
-120.837	-1.23823	172.533	0	
-121.645	-1.65702	175.337	0	
-120.696	-1.60789	176.444	0	
-122.119	-1.82562	177.755	0	
-122.025	-2.33677	179.215	0	
-120.115	-1.74991	176.268	0	
-119.656	-1.00837	172.294	0	
-123.75	-0.36376	168.942	0	
-123.122	-0.368067	172.696	0	
-123.438	-0.183316	169.296	0	
-122.805	-0.920708	174.203	0	
-122.393	-0.350218	173.505	0	
-124.688	-0.180456	165.158	0	
-124.375	-0.360901	169.027	0	
-124.065	-1.28335	173.196	0	
-123.438	-0.913707	172.916	0	
-122.751	-1.43663	176.123	0	
-122.079	-0.966309	173.51	0	
-125.625	-0.240517	176.802	0	
-124.062	-0.180445	165.551	0	
-124.754	-1.2956	174.5	0	
-124.44	-1.49081	176.948	0	
-123.747	-1.88463	176.368	0	
-126.56	-0.184751	165.978	0	
-125.171	-1.60286	178.038	0	
-124.692	-0.904829	174.79	0	
-124.799	-2.08993	180.185	0	
-123.27	-2.0266	179.994	0	
-123.056	-1.63672	176.028	0	
-125.109	-0.784456	172.253	0	
-125.606	-0.984216	175.972	0	
-125.191	-2.01013	179.187	0	
-124.202	-2.83324	183.865	0	
-125.447	-2.33186	181.895	0	
-124.706	-3.16764	186.038	0	
-124.14	-4.02117	193.076	0	
-123.575	-2.93467	185.039	0	
-125.924	-2.33501	182.078	0	
-125.204	-2.94966	185.433	0	
-125.136	-2.6295	182.609	0	
-125.631	-3.07228	185.499	0	
-126.122	-1.60551	178.533	0	
-127.266	-1.38409	177.686	0	
-125.629	-3.48477	191.446	0	
-124.737	-3.6237	193.555	0	
-125.98	-3.68323	192.921	0	
-125.45	-4.2565	201.959	0	
-126.321	-3.46717	189.682	0	
-126.424	-4.17493	200.796	0	
-126.378	-2.9517	185.828	0	
-126.964	-3.41599	188.199	0	
-127.049	-2.39498	182.426	0	
-126.824	-1.98186	180.492	0	
-125.196	-4.73649	204.582	0	
-122.806	-4.76722	206.453	0	
122.471	-0.377855	181.248	0	
123.125	-0.360901	179.166	0	
122.812	-0.180445	183.673	0	
123.438	-0.902258	179.832	0	
124.383	-0.734678	171.486	0	
121.95	-0.197411	162.529	0	
121.94	-1.32887	180.692	0	
123.438	-1.27911	181.267	0	
124.383	-0.368047	174.213	0	
122.015	-0.858125	175.604	0	
123.125	-1.46018	184.749	0	
122.81	-1.26509	183.278	0	
123.759	-1.88478	185.615	0	
124.695	-0.187647	166.276	0	
123.75	-0.360855	174.785	0	
122.393	-1.57236	182.601	0	
122.387	-1.92298	189.253	0	
124.319	-2.62471	193.082	0	
124.125	-2.12843	191.048	0	
124.699	-0.928997	181.46	0	
125.112	-0.353115	184.323	0	
122.374	-2.6759	195.095	0	
124.982	-2.32426	191.978	0	
124.838	-1.37309	181.749	0	
124.536	-1.56932	185.983	0	
125.42	-0.971702	182.452	0	
123.75	-0.721768	174.28	0	
124.063	-0.907943	178.505	0	
122.103	-2.39183	193.997	0	
122.748	-2.40506	193.8	0	
123.358	-3.98731	207.064	0	
123.917	-2.91987	199.538	0	
124.835	-2.75975	195.103	0	
125.581	-1.76469	187.087	0	
121.487	-2.59564	194.045	0	
121.37	-3.56536	202.233	0	
122.374	-3.1516	199.837	0	
123.033	-2.78834	196.255	0	
125.19	-3.16889	200.031	0	
125.937	-2.58207	196.31	0	
125.467	-2.22472	191.095	0	
125.806	-3.09074	197.537	0	
121.993	-3.51475	204.008	0	
122.84	-3.70654	203.541	0	
124.772	-3.74665	204.37	0	
125.112	-4.26588	207.301	0	
121.063	-3.16664	200.516	0	
121.424	-4.53272	208.791	0	
126.83	-3.47671	201.277	0	
126.468	-2.35867	191.985	0	
122.61	-4.98008	210.996	0	
124.852	-4.8774	209.995	0	
125.471	-5.37261	212.077	0	
126.239	-5.32129	212.679	0	
120.314	-3.2276	201.651	0	
120.077	-3.77319	203.617	0	
119.904	-2.6566	194.738	0	
119.214	-2.7018	199.368	0	
118.37	-4.62734	211.344	0	
119.614	-5.16903	214.424	0	
118.343	-6.08384	214.744	0	
120.273	-4.87537	210.105	0	
119.264	-6.10876	213.296	0	
120.544	-6.12557	213.458	0	
120.666	-5.29858	213.69	0	
124.025	-5.18411	213.391	0	
127.346	-3.93085	208.562	0	
128.008	-3.78532	204.885	0	
125.222	-6.00166	213.954	0	
126.591	-5.94577	214.399	0	
118.065	-1.75079	186.081	0	
118.104	-3.01674	198.293	0	
119.801	-6.64209	218.556	0	
122.424	-5.59897	213.342	0	
121.713	-5.59127	213.266	0	
124.452	-7.15161	212.905	0	
123.903	-6.04627	213.554	0	
125.187	-7.29803	214.55	0	
128.097	-5.80965	215.261	0	
127.249	-4.5428	209.431	0	
123.781	-10.7755	198.609	0	
121.677	-6.9111	215.551	0	
121.241	-6.30548	215.878	0	
122.741	-6.86332	215.596	0	
-118.125	-0.240555	169.285	0	
-116.875	-0.360901	168.629	0	
-117.188	-0.180445	165.5	0	
-116.562	-0.902258	170.891	0	
-115.617	-0.734678	167.53	0	
-118.95	-0.506736	164.801	0	
-117.208	-0.914235	173.281	0	
-116.562	-1.27911	170.733	0	
-115.617	-0.368047	169.632	0	
-117.948	-1.06781	173.338	0	
-116.89	-1.83986	174.745	0	
-117.21	-1.2764	171.8	0	
-116.241	-1.88478	174.405	0	
-115.305	-0.187647	167.7	0	
-116.25	-0.360855	167.107	0	
-118.343	-1.03246	169.628	0	
-118.568	-1.37074	173.959	0	
-117.637	-1.36986	174.366	0	
-117.625	-1.7112	175.048	0	
-115.767	-2.02814	180.038	0	
-115.553	-1.63826	174.508	0	
-115.301	-0.928997	173.021	0	
-114.926	-0.748059	169.677	0	
-118.974	-1.3479	172.651	0	
-117.211	-1.99678	177.692	0	
-117.627	-2.68138	181.478	0	
-115.252	-1.44202	174.112	0	
-114.621	-0.991928	173.4	0	
-116.25	-0.721768	165.865	0	
-115.937	-0.907943	170.927	0	
-119.367	-0.169187	166.315	0	
-119.865	-0.576855	169.924	0	
-119.217	-1.68444	175.119	0	
-118.991	-2.07434	177.372	0	
-117.9	-2.39357	179.696	0	
-117.251	-2.41015	180.172	0	
-116.624	-3.99863	199.095	0	
-116.083	-2.91972	187.402	0	
-114.203	-0.885832	170.015	0	
-114.417	-0.185694	166.843	0	
-118.541	-2.0684	178.046	0	
-118.509	-2.90411	183.633	0	
-117.632	-3.15748	186.532	0	
-116.966	-2.79189	182.782	0	
-119.698	-1.51327	174.589	0	
-120.053	-2.16695	178.407	0	
-118.951	-2.80959	182.511	0	
-118.29	-2.50075	179.565	0	
-114.021	-1.37019	173.626	0	
-112.567	-1.39816	174.786	0	
-118.366	-3.49388	189.229	0	
-117.165	-3.70816	189.142	0	
-121.087	-2.29073	179.104	0	
-120.345	-2.82246	182.997	0	
-119.277	-3.2378	186.83	0	
-118.909	-3.73232	189.529	0	
-117.698	-4.02336	198.507	0	
-117.952	-3.61269	187.317	0	
-121.117	-3.20107	184.855	0	
-120.273	-3.64751	190.215	0	
-119.872	-2.80999	182.826	0	
-120.271	-4.12269	197.029	0	
-120.646	-3.32702	186.279	0	
-119.744	-3.2349	184.675	0	
-119.683	-5.18617	212.824	0	
-116.646	-7.03438	280.333	0	
-117.356	-5.2129	219.054	0	
-114.412	-5.2001	216.357	0	
-121.595	-3.71485	192.715	0	
-120.417	-5.39373	218.084	0	
-122.228	-5.93107	230.534	0	
-120.736	-6.25192	248.001	0	
-120.093	-7.23987	262.74	0	
-118.97	-5.60077	221.094	0	
100.141	-0.463959	182.166	0	
100.901	-0.895475	187.448	0	
99.0625	-0.163639	198.854	0	
99.6525	-1.20518	197.88	0	
100.868	-1.6377	194.51	0	
102.466	-0.746867	182.538	0	
99.7922	-1.97487	201.427	0	
100.131	-1.26208	192.646	0	
99.5662	-2.44628	202.937	0	
100.452	-2.36539	201.643	0	
98.5514	-1.80377	203.283	0	
99.6368	-3.21529	205.852	0	
100.872	-2.40726	199.79	0	
101.09	-2.0227	198.034	0	
99.3217	-3.53944	206.843	0	
100.065	-3.39151	205.648	0	
99.4724	-4.02327	207.569	0	
100.264	-3.82962	207.266	0	
100.809	-3.93287	206.081	0	
100.396	-3.10149	205.326	0	
98.3151	-4.20121	206.548	0	
100.739	-4.87307	206.81	0	
100.808	-3.15712	203.657	0	
101.517	-2.81682	201.348	0	
101.536	-1.49875	194.111	0	
101.119	-1.26211	192.341	0	
101.048	-4.34035	208.13	0	
101.755	-3.2164	204.907	0	
101.022	-3.5504	206.628	0	
101.499	-3.58678	204.552	0	
102.26	-3.24164	202.741	0	
102.524	-2.77359	201.465	0	
100.222	-4.77319	207.581	0	
101.767	-4.8496	208.389	0	
102.304	-4.13373	206.108	0	
103.006	-2.80429	199.626	0	
103.333	-2.38033	198.794	0	
102.389	-1.57688	192.822	0	
99.585	-5.09566	206.228	0	
101.278	-6.72619	202.776	0	
102.238	-4.93903	207.367	0	
103.01	-4.69667	207.579	0	
103.758	-4.30949	206.919	0	
103.227	-3.33976	203.809	0	
100.735	-5.85298	205.085	0	
101.241	-6.14241	205.364	0	
102.89	-5.59958	207.763	0	
103.262	-4.30356	208.327	0	
100.104	-6.20997	204.35	0	
100.021	-6.86079	200.766	0	
102.168	-6.74051	203.084	0	
102.863	-6.14768	205.781	0	
104.057	-5.94792	208.593	0	
103.204	-5.24178	209.027	0	
103.007	-3.79299	205.277	0	
102.537	-4.59425	208.525	0	
102.115	-5.85472	206.459	0	
102.348	-6.31116	206.427	0	
98.4173	-5.79825	202.674	0	
99.4246	-5.81929	204.986	0	
103.955	-2.53845	196.727	0	
103.952	-1.46288	188.304	0	
103.789	-5.37659	208.083	0	
104.738	-3.69356	206.731	0	
101.714	-6.95352	202.293	0	
103.129	-6.53498	206.854	0	
101.725	-7.62229	199.85	0	
102.454	-7.08124	202.402	0	
100.721	-7.69888	197.922	0	
101.31	-8.78359	193.795	0	
102.21	-7.65738	200.32	0	
102.728	-8.69205	196.865	0	
104.119	-9.64268	192.893	0	
104.878	-6.96726	204.305	0	
103.871	-3.15992	203.072	0	
105.893	-3.46355	205.199	0	
103.689	-6.47818	205.771	0	
106.634	-4.96969	212.282	0	
97.3536	-1.29758	205.196	0	
97.9582	-2.55679	205.457	0	
99.3041	-7.42074	196.533	0	
101.321	-8.00626	195.754	0	
103.925	-7.64121	200.073	0	
104.782	-6.22793	210.264	0	
97.6978	-6.32613	198.948	0	
98.1144	-8.97544	190.174	0	
100.201	-8.10739	193.714	0	
100.581	-8.82897	191.046	0	
99.4517	-8.05604	195.729	0	
99.2101	-8.76681	188.365	0	
101.245	-10.8392	183.589	0	
100.289	-10.208	182.378	0	
-94.021	-0.461359	174.406	0	
-93.1432	-1.30346	184.51	0	
-92.7065	-1.88048	185.986	0	
-92.2888	-1.16326	183.752	0	
-92.8308	-2.41176	185.569	0	
-91.9643	-2.3182	184.909	0	
-91.9743	-0.877314	181.586	0	
-92.6686	-0.548463	186.453	0	
-93.4286	-2.57717	189.328	0	
-92.6137	-3.57217	197.246	0	
-91.5428	-2.45622	187.88	0	
-91.1328	-1.82718	183.525	0	
-91.5495	-1.59054	180.727	0	
-91.8057	-0.198932	186.343	0	
-91.4451	-2.92935	189.524	0	
-90.6271	-3.0159	190.227	0	
-90.1824	-1.73877	184.115	0	
-91.5605	-1.11538	179.919	0	
-91.7964	-3.24132	194.738	0	
-91.448	-4.00343	204.723	0	
-90.151	-3.286	196.436	0	
-89.7657	-1.43724	182.897	0	
-89.7807	-0.938523	181.871	0	
-90.6074	-0.408971	173.394	0	
-91.234	-0.914448	176.232	0	
-90.0896	-0.750278	179.184	0	
-92.344	-3.11026	191.889	0	
-93.0427	-3.72399	199.779	0	
-93.1514	-4.47683	208.594	0	
-92.2584	-3.99924	201.85	0	
-93.784	-4.57227	210.393	0	
-91.7895	-5.78474	239.294	0	
-93.048	-5.95763	238.502	0	
-91.0264	-4.86542	223.322	0	
-91.4736	-4.54038	208.471	0	
-90.6349	-4.67834	209.976	0	
-91.9428	-4.79089	218.35	0	
-92.7998	-5.4102	231.01	0	
-90.1892	-4.98816	227.822	0	
-89.5935	-3.91557	203.873	0	
-90.1421	-3.84874	198.646	0	
-89.363	-4.37657	207.703	0	
-88.6563	-4.36262	210.046	0	
-88.3051	-3.83282	201.619	0	
-89.6432	-2.58664	188.785	0	
-88.7508	-2.29005	187.544	0	
-90.7451	-6.99627	262.812	0	
-92.1692	-5.32537	227.564	0	
-90.0892	-5.67916	231.956	0	
-89.2007	-5.32107	227.947	0	
-91.1158	-5.5753	230.917	0	
-90.6243	-6.07921	255.839	0	
-89.2533	-6.71494	257.707	0	
-88.4705	-4.85352	219.653	0	
-88.7143	-5.37206	230.016	0	
-87.9208	-4.93949	227.157	0	
-87.364	-3.44933	197.837	0	
-87.7128	-2.04288	186.23	0	
-92.6912	-6.48984	264.766	0	
-92.0632	-6.40177	253.797	0	
-88.1872	-5.82933	248.296	0	
-87.5785	-4.52367	210.59	0	
-92.8829	-7.30188	290.513	0	
-89.9478	-7.39857	301.266	0	
-87.6856	-5.5102	226.476	0	
-86.7701	-5.11482	221.319	0	
-87.014	-4.58726	217.515	0	
-87.0995	-5.62193	243.781	0	
-93.6881	-1.84585	184.933	0	
-94.6904	-3.43409	193.089	0	
-86.5298	-4.15485	207.873	0	
-86.448	-2.13086	187.421	0	
-93.9714	-7.44482	285.675	0	
-94.3466	-8.47822	329.487	0	
-92.1166	-7.77626	303.603	0	
-90.5854	-10.8378	446.529	0	
-84.5348	-4.20964	218.983	0	
-85.9616	-3.01461	192.622	0	
-87.532	-6.99302	285.718	0	
-85.9371	-6.36295	256.048	0	
-82.9521	-2.83324	192.636	0	
-85.3897	-3.39702	200.779	0	
-85.4722	-7.86402	316.835	0	
-85.673	-5.50651	238.264	0	
-103.75	-0.467065	175.785	0	
-102.954	-1.45463	179.715	0	
-102.6	-1.98015	179.511	0	
-102.289	-1.16326	178.751	0	
-104.963	-3.37856	190.015	0	
-102.483	-3.09769	184.315	0	
-101.974	-0.877314	177.448	0	
-102.669	-0.548463	181.597	0	
-101.29	-0.748879	173.015	0	
-101.806	-0.198932	179.181	0	
-103.878	-4.61209	201.886	0	
-102.863	-2.48035	186.46	0	
-102.965	-4.35287	198.613	0	
-100.4	-3.58722	192.475	0	
-112.359	-0.463959	170.307	0	
-111.359	-0.715414	166.793	0	
-112.984	-0.298492	169.477	0	
-113.187	-1.23527	171.831	0	
-108.125	-0.165467	165.15	0	
-108.609	-0.463959	167.058	0	
-107.631	-1.26208	175.457	0	
-106.284	-0.746867	168.957	0	
-109.458	-0.1895	170.378	0	
-109.146	-1.28049	173.834	0	
-107.886	-1.63768	177.113	0	
-107.214	-1.49872	176.167	0	
-108.301	-1.67606	176.212	0	
-107.884	-2.40408	182.147	0	
-108.597	-1.30046	174.052	0	
-108.959	-2.05163	178.524	0	
-107.689	-2.8195	184.161	0	
-107.222	-2.84274	184.506	0	
-109.228	-2.42111	182.737	0	
-109.027	-2.84214	182.889	0	
-108.561	-2.81888	185.541	0	
-108.994	-3.73998	191.413	0	
-106.496	-3.23856	188.704	0	
-106.235	-2.77519	184.311	0	
-109.73	-2.36123	180.135	0	
-110.014	-2.77533	185.39	0	
-107.967	-4.07077	194.148	0	
-108.125	-3.09537	186.251	0	
-107.313	-3.85215	196.215	0	
-108.318	-3.61341	194.995	0	
-106.167	-3.83374	195.04	0	
-105.749	-2.80555	184.183	0	
-105.423	-2.38308	181.846	0	
-106.361	-1.57942	176.178	0	
-109.812	-1.83285	179.269	0	
-111.032	-1.39319	173.035	0	
-110.786	-3.48176	191.103	0	
-109.753	-3.23827	186.226	0	
-109.998	-3.68017	196.209	0	
-108.344	-4.86326	216.034	0	
-106.733	-4.29771	201.449	0	
-105.26	-4.34973	199.033	0	
-112.429	-3.15134	186.315	0	
-110.653	-4.51729	208.278	0	
-105.095	-4.96143	215.856	0	
-104.782	-3.95301	193.885	0	
-111.043	-5.01712	208.926	0	
-109.771	-4.22996	198.546	0	
-104.553	-2.85623	184.308	0	
-104.801	-1.46095	177.725	0	
-110.827	-2.38333	179.897	0	
-110.707	-1.77971	178.281	0	
-104.366	-5.17903	217.732	0	
-104.13	-3.99778	198.358	0	
-103.931	-2.87104	186.782	0	
-103.862	-1.84728	180.093	0	
-110.482	-6.08512	234.5	0	
-110.121	-4.7201	208.017	0	
-104.799	-2.37797	183.149	0	
-103.689	-3.43814	189.857	0	
-112.731	-2.47376	181.571	0	
-111.451	-2.37813	181.953	0	
-102.915	-3.58528	194.992	0	
-103.537	-2.40084	181.183	0	
-113.375	-2.66847	185.67	0	
-112.805	-3.8359	193.767	0	
-109.253	-4.28284	204.242	0	
-109.343	-5.45765	222.167	0	
-105.513	-6.36987	250.401	0	
-102.32	-4.91878	226.344	0	
-111.419	-6.49609	264.234	0	
-109.52	-7.22213	272.916	0	
-109.992	-5.28188	216.466	0	
-108.954	-4.94876	206.76	0	
-112.673	-4.50441	203.615	0	
-111.449	-3.74524	191.984	0	
-110.618	-5.53147	227.808	0	
-109.713	-6.392	243.464	0	
-110.114	-8.11155	308.175	0	
-108.619	-6.37052	247.002	0	
-113.201	-5.00473	215.169	0	
-112.206	-5.96238	227.322	0	
-112.154	-10.7488	463.488	0	
-104.631	-8.20367	319.521	0	
-113.836	-4.59771	202.529	0	
-111.244	-7.69239	274.425	0	
-114.256	-6.15377	238.664	0	
-113.477	-6.47343	249.754	0	
-105.31	-0.184751	166.057	0	
-103.958	-0.898582	174.492	0	
-95.9259	-1.29981	176.889	0	
-94.8768	-2.66076	190.332	0	
-106.28	-0.380562	167.585	0	
-105.622	-0.368067	168.171	0	
-105.938	-0.183316	166.541	0	
-105.305	-0.920708	175.244	0	
-104.893	-0.350218	179.102	0	
-106.8	-0.197247	171.395	0	
-106.812	-1.33295	175.571	0	
-105.218	-1.39607	175.973	0	
-104.579	-0.966309	177.015	0	
-106.738	-0.862043	172.309	0	
-106.26	-1.96583	178.998	0	
-105.649	-1.95778	179.052	0	
-105.944	-1.27789	174.651	0	
-111.354	-0.348783	163.412	0	
-110.622	-0.368067	167.941	0	
-110.938	-0.183316	164.818	0	
-110.229	-1.53132	174.766	0	
-109.899	-0.785793	169.471	0	
-111.449	-1.45807	173.796	0	
-110.943	-0.916578	169.658	0	
-109.287	-1.65015	176.91	0	
-109.976	-0.374251	176.211	0	
-109.448	-0.899534	172.627	0	
-109.108	-0.487991	168.611	0	
-129.224	-0.286396	155.399	0	
-127.609	-0.715414	173.363	0	
-129.365	-1.25304	172.863	0	
-128.391	-0.88338	175.335	0	
42.229	-0.461359	214.621	0	
43.5085	-2.01697	210.516	0	
-134.06	-0.184751	176.871	0	
-132.94	-1.45463	182.016	0	
-132.649	-1.93041	184.208	0	
-132.3	-1.0851	179.252	0	
-132.784	-2.427	183.123	0	
-131.256	-2.36375	183.527	0	
-133.318	-2.51595	187.047	0	
-132.779	-3.45697	189.959	0	
-134.057	-1.28086	182.271	0	
-134.199	-3.01622	190.108	0	
-132.496	-4.18982	197.274	0	
-131.022	-3.42139	188.828	0	
-134.846	-1.31205	183.743	0	
-134.693	-1.61375	185.263	0	
-135.348	-3.41417	191.961	0	
-134.423	-4.21697	201.08	0	
-133.727	-4.11624	193.07	0	
-132.848	-5.71828	229.001	0	
-131.867	-4.21148	196.194	0	
-131.045	-5.23228	223.138	0	
-136.005	-1.86222	189.308	0	
-135.447	-2.78119	188.538	0	
-136.118	-3.87422	196.171	0	
-134.915	-5.02945	207.877	0	
-135.372	-6.83007	252.559	0	
-133.099	-4.65092	204.777	0	
-132.693	-0.53519	183.722	0	
-132.716	-1.02007	183.364	0	
-131.557	-0.916578	176.73	0	
-131.963	-0.783538	174.597	0	
-131.963	-0.416907	171.048	0	
-132	-1.47504	180.866	0	
-130.828	-0.963615	177.292	0	
-131.774	-2.37116	185.463	0	
-130.958	-1.82501	183.1	0	
-131.204	-4.5566	199.986	0	
-130.026	-5.52286	223.712	0	
-99.8074	-0.53519	179.291	0	
-99.3924	-1.27697	176.467	0	
-100.537	-0.783538	170.799	0	
-100.205	-1.09072	176.382	0	
-100.726	-1.81524	179.566	0	
-100.224	-0.233592	168.44	0	
-99.3924	-1.64353	178.768	0	
-101.285	-0.382247	169.334	0	
-100.938	-0.183316	169.376	0	
-101.752	-1.92265	179.101	0	
-100.943	-0.916578	172.875	0	
-101.455	-2.46139	183.882	0	
-100.846	-2.41887	181.207	0	
-100.243	-2.97021	188.231	0	
-99.8514	-1.94325	179.366	0	
-98.9376	-1.8981	180.4	0	
-98.5388	-1.16326	176.904	0	
-99.0462	-2.36196	182.206	0	
-98.1157	-2.39435	183.395	0	
-98.2243	-0.877314	169.945	0	
-98.9186	-0.548463	170.375	0	
-99.5996	-2.40149	183.411	0	
-99.1112	-3.34167	189.545	0	
-97.6165	-2.58482	184.742	0	
-97.2643	-1.96687	181.234	0	
-97.1918	-0.904685	180.675	0	
-98.0557	-0.198932	161.355	0	
-98.9235	-4.22931	205.244	0	
-98.8302	-3.81172	196.463	0	
-97.6552	-3.11626	191.281	0	
-95.9391	-2.88901	188.826	0	
-100.105	-4.40605	203.253	0	
-98.5754	-5.41706	217.39	0	
-97.3992	-3.57864	191.95	0	
-98.1746	-3.35831	191.467	0	
-98.3616	-4.81336	216.792	0	
-97.8203	-4.06189	203.585	0	
-97.8328	-6.63137	245.77	0	
-96.5548	-4.63912	210.556	0	
-96.8675	-3.42266	194.454	0	
-95.1817	-4.75047	211.417	0	
-96.4352	-3.94197	198.169	0	
-97.235	-4.98368	219.753	0	
-135.104	-0.348783	192.651	0	
-134.372	-0.368067	176.498	0	
-134.688	-0.183316	169.29	0	
-134.054	-0.921265	179.795	0	
-133.643	-0.486349	175.279	0	
-135.263	-1.37694	186.318	0	
-134.693	-0.916578	184.995	0	
-134.331	-1.5793	182.829	0	
-133.328	-1.33964	182.314	0	
-135.429	-1.77285	185.828	0	
-135.073	-2.00966	185.357	0	
-134.156	-2.07899	185.495	0	
-133.64	-1.58238	183.903	0	
-96.25	-0.36376	173.404	0	
-95.6225	-0.368067	172.624	0	
-95.9375	-0.183316	168.088	0	
-95.3053	-0.920708	178.662	0	
-94.924	-0.736598	176.098	0	
-97.1875	-0.180456	177.816	0	
-96.875	-0.360901	178.877	0	
-96.5652	-1.28335	176.688	0	
-95.9375	-0.913707	175.763	0	
-95.2507	-1.43663	179.047	0	
-94.614	-0.983364	179.693	0	
-97.5349	-0.379388	185.107	0	
-96.5625	-0.180445	172.094	0	
-97.5391	-0.742727	173.508	0	
-97.1918	-1.26351	177.448	0	
-96.2465	-1.88463	179.453	0	
-94.2293	-0.892876	179.658	0	
-94.4103	-0.182522	186.637	0	
-97.8516	-0.993787	180.889	0	
-97.7852	-1.48466	177.093	0	
-96.8778	-1.45887	180.494	0	
-97.2283	-2.36312	184.1	0	
-95.7699	-2.0266	183.619	0	
-95.5562	-1.63672	179.702	0	
-97.4727	-1.59243	181.482	0	
-96.8819	-1.83577	180.803	0	
-93.967	-1.22734	181.609	0	
-93.569	-0.580436	181.132	0	
-94.1047	-1.60921	181.171	0	
-93.1432	-1.67001	178.874	0	
-94.587	-1.7929	183.131	0	
-93.8491	-2.22172	184.178	0	
-81.0995	-2.71056	198.028	0	
-81.084	-1.50151	191.188	0	
-80.9619	-3.45281	198.472	0	
-79.8103	-2.94009	194.207	0	
-89.06	-0.184751	183.768	0	
-87.8495	-0.895475	184.561	0	
-87.631	-1.26208	180.798	0	
-87.0868	-1.23823	189.283	0	
-87.9224	-1.71703	186.242	0	
-86.9457	-1.60789	185.216	0	
-88.6414	-1.36719	183.294	0	
-88.3784	-2.79047	190.242	0	
-87.8715	-2.57758	190.313	0	
-87.0851	-2.45009	189.249	0	
-85.7098	-1.72049	187.735	0	
-85.9849	-1.03883	183.983	0	
-82.5	-0.36376	191.019	0	
-81.8725	-0.368067	193.808	0	
-82.1875	-0.183316	201.091	0	
-81.5553	-0.920708	190.172	0	
-81.174	-0.736598	192.255	0	
-83.4375	-0.180456	182.508	0	
-83.125	-0.360901	179.229	0	
-82.8152	-1.28335	188.38	0	
-82.1875	-0.913707	190.711	0	
-81.5007	-1.43663	192.604	0	
-80.864	-0.983364	188.758	0	
-84.375	-0.240517	201.808	0	
-82.8125	-0.180445	177.361	0	
-83.5043	-1.2956	187.614	0	
-83.1901	-1.49081	186.919	0	
-82.4965	-1.88463	190.125	0	
-80.4377	-0.886972	193.632	0	
-80.6603	-0.182522	184.174	0	
-84.8329	-0.486681	184.879	0	
-83.921	-1.60286	186.616	0	
-83.442	-0.904829	183.302	0	
-83.9412	-2.01013	189.476	0	
-82.0199	-2.0266	194.094	0	
-81.8062	-1.63672	190.168	0	
-83.8587	-0.784456	188.911	0	
-84.3425	-1.0887	185.469	0	
-83.5486	-2.08993	189.284	0	
-83.4881	-2.48451	190.275	0	
-84.2287	-2.38938	189.424	0	
-83.2932	-3.26943	196.353	0	
-82.8904	-4.02117	212.159	0	
-82.3252	-2.93467	198.482	0	
-84.7531	-2.29272	188.718	0	
-83.3235	-3.72549	201.49	0	
-83.918	-2.68702	192.865	0	
-84.2243	-3.3734	200.01	0	
-83.8231	-3.10897	193.345	0	
-83.9066	-3.84478	196.493	0	
-80.1747	-1.22012	190.056	0	
-79.6885	-1.17737	197.943	0	
-80.3631	-1.63654	193.568	0	
-79.4944	-1.57259	193.071	0	
-80.8462	-1.82155	192.94	0	
-80.753	-2.33269	192.783	0	
-78.8888	-1.48844	196.268	0	
-78.6247	-1.05939	192.964	0	
-85.6958	-0.199643	166.977	0	
-85.2125	-1.16238	186.365	0	
-86.1932	-0.607311	185.252	0	
-85.5286	-0.877323	181.587	0	
-85.3038	-1.59031	186.025	0	
-84.3425	-1.51634	188.898	0	
-86.0747	-1.45407	184.859	0	
-85.1698	-2.54123	192.357	0	
-86.4914	-1.69071	188.66	0	
-86.7071	-2.54055	191.66	0	
-86.3813	-3.12252	195.906	0	
-86.0314	-2.37937	191.385	0	
-82.9677	-4.88769	218.305	0	
-81.5556	-4.76722	215.543	0	
-78.1918	-0.877495	191.43	0	
-76.8576	-1.51241	196.027	0	
-77.4218	-1.51187	195.005	0	
-78.0392	-0.206872	185.686	0	
-79.7774	-0.272934	209.124	0	
-79.0414	-0.627876	200.217	0	
-76.8327	-1.03876	196.458	0	
-76.4158	-1.79901	196.015	0	
-75.625	-0.721791	193.774	0	
-76.4437	-2.41962	195.98	0	
-75.4256	-2.014	196.176	0	
-76.85	-0.194499	205.282	0	
-77.3893	-0.401371	198.961	0	
-77.1721	-2.63748	196.847	0	
-77.5179	-3.52161	201.022	0	
-76.0577	-3.45978	200.445	0	
-75.2397	-3.47434	207.742	0	
-21.875	-0.240555	239.618	0	
-20.625	-0.360901	242.565	0	
-20.9375	-0.180445	245.51	0	
-20.3124	-0.902258	231.382	0	
-19.3674	-0.734678	242.426	0	
-22.6999	-0.506736	237.418	0	
-20.9583	-0.914235	236.629	0	
-20.3125	-1.27911	231.437	0	
-19.3674	-0.368047	238.594	0	
-21.698	-1.06781	233.988	0	
-20.6402	-1.83986	221.427	0	
-20.9596	-1.2764	232.351	0	
-19.991	-1.88478	221.314	0	
-19.0549	-0.187647	246.054	0	
-20	-0.360855	229.443	0	
-22.0931	-1.03246	230.919	0	
-22.3179	-1.37074	220.879	0	
-21.3867	-1.36986	225.2	0	
-21.3746	-1.7112	222.277	0	
-19.4308	-2.62471	208.63	0	
-19.6249	-2.12843	209.652	0	
-19.0511	-0.928997	235.619	0	
-18.6763	-0.748059	246.088	0	
-22.7241	-1.3479	223.439	0	
-20.9614	-1.99678	214.129	0	
-21.3774	-2.68138	204.604	0	
-18.7679	-2.32426	208.276	0	
-18.912	-1.37309	230.744	0	
-19.2138	-1.56932	220.081	0	
-18.3714	-0.991928	235.91	0	
-19.9999	-0.721768	240.668	0	
-19.6875	-0.907943	230.386	0	
-23.1173	-0.169187	241.447	0	
-23.5888	-0.461697	244.486	0	
-22.9669	-1.68444	214.541	0	
-22.7413	-2.07434	210.949	0	
-21.6496	-2.39357	209.123	0	
-21.0006	-2.41015	209.295	0	
-20.3736	-3.99863	201.34	0	
-19.8332	-2.91972	198.445	0	
-18.9145	-2.75975	202.958	0	
-18.1685	-1.76469	215.653	0	
-17.9532	-0.885832	241.043	0	
-18.1669	-0.185694	256.376	0	
-22.2908	-2.0684	209.935	0	
-22.2585	-2.90411	203.791	0	
-21.3816	-3.15748	204.36	0	
-20.7155	-2.79189	203.837	0	
-24.4529	-0.208685	247.091	0	
-23.3764	-1.63047	219.459	0	
-23.6057	-1.24889	226.544	0	
-23.604	-2.02366	210.683	0	
-22.7011	-2.80959	203.538	0	
-22.0402	-2.50075	206.677	0	
-18.5263	-3.20729	198.811	0	
-17.2203	-1.81226	211.569	0	
-18.2826	-2.22472	210.196	0	
-17.907	-3.15639	196.878	0	
-17.637	-1.57563	223.573	0	
-16.4668	-1.8833	216.049	0	
-22.116	-3.49388	202.681	0	
-20.9147	-3.70816	204.495	0	
-24.0319	-1.26247	226.196	0	
-23.9869	-2.01773	211.847	0	
-24.2931	-2.48291	203.101	0	
-24.1087	-2.97869	203.545	0	
-23.159	-3.15212	204.058	0	
-22.4877	-4.03497	206.786	0	
-18.9257	-3.79652	194.354	0	
-17.2792	-2.38592	207.055	0	
-21.4478	-4.02336	206.557	0	
-21.7023	-3.61269	203.687	0	
-24.3088	-0.946291	235.432	0	
-24.6796	-1.21942	219.746	0	
-24.091	-0.501195	244.257	0	
-24.9787	-0.422041	217.307	0	
-25.5163	-1.77871	213.483	0	
-24.9432	-3.28557	204.655	0	
-24.78	-2.01824	207.744	0	
-24.6699	-2.44264	207.707	0	
-24.1319	-3.98045	208.748	0	
-23.0881	-3.78773	200.866	0	
-25.5258	-0.213356	241.348	0	
-25.8775	-0.448049	236.117	0	
-26.8022	-1.50066	215.327	0	
-25.0191	-2.74074	202.747	0	
-25.2874	-2.13164	207.951	0	
-25.4192	-2.53226	205.947	0	
-25.9606	-2.81504	200.898	0	
-25.9876	-3.4764	204.338	0	
-26.5771	-0.172152	239.905	0	
-26.4364	-1.16594	229.545	0	
-17.4316	-3.69734	193.829	0	
-15.3686	-3.25489	199.206	0	
-23.474	-4.9794	219.324	0	
-20.2041	-6.35864	244.703	0	
-21.1064	-5.2129	219.355	0	
-18.8424	-5.18955	202.504	0	
-17.9173	-5.88366	209.263	0	
-17.7277	-4.35487	194.896	0	
-25.2195	-4.58728	212.516	0	
-24.1598	-5.24221	227.044	0	
-25.9188	-5.97619	249	0	
-24.5001	-6.15695	254.6	0	
-23.8866	-6.85097	269.808	0	
-22.7821	-5.45056	236.136	0	
-16.5698	-2.27427	207.487	0	
-16.3852	-2.97088	196.668	0	
-75	-0.36376	198.722	0	
-73.8038	-0.406845	197.732	0	
-74.6875	-0.183316	206.242	0	
-74.3896	-0.355468	201.708	0	
-74.3896	-0.722099	201.524	0	
-75.9375	-0.180456	192.809	0	
-75.625	-0.360901	191.999	0	
-75.3152	-1.28335	196.036	0	
-74.6875	-0.913707	198.684	0	
-76.3292	-0.374955	196.573	0	
-75.3125	-0.180445	189.536	0	
-76.39	-0.807013	197.177	0	
-75.6285	-1.61838	196.018	0	
-74.9965	-1.88463	196.722	0	
-74.6265	-2.12359	196.621	0	
-74.2474	-1.93169	197.232	0	
-74.4297	-2.6214	198.356	0	
-73.89	-2.64645	196.853	0	
-73.467	-1.77768	197.523	0	
-73.5197	-1.23082	198.229	0	
2.22899	-0.461359	195.233	0	
3.54167	-1.40127	196.654	0	
-63.125	-0.165467	192.03	0	
-63.6224	-0.573135	199.176	0	
-62.631	-1.26208	194.571	0	
-61.4557	-1.95923	195.383	0	
-62.8859	-1.63768	195.629	0	
-61.8785	-1.72611	196.589	0	
-63.3934	-1.51327	196.678	0	
-62.8835	-2.40408	197.335	0	
-64.133	-2.444	196.93	0	
-63.3037	-2.36824	197.138	0	
-62.7072	-2.78009	198.671	0	
-62.2667	-2.76837	199.272	0	
-62.9618	-3.14557	202.977	0	
-62.7458	-3.54264	204.701	0	
-61.635	-3.0905	201.368	0	
-61.4104	-2.71397	198.189	0	
-63.5507	-3.09382	200.71	0	
-64.3043	-3.65511	205.65	0	
-62.9771	-4.67683	223.238	0	
-61.9823	-3.90913	206.972	0	
-61.5654	-3.63924	208.179	0	
-61.1312	-3.66331	204.947	0	
-60.7816	-2.35595	196.373	0	
-61.0035	-1.96516	194.577	0	
-64.2704	-4.66435	216.742	0	
-63.4325	-3.9487	210.141	0	
-63.7587	-5.00944	225.829	0	
-60.4529	-4.95064	229.682	0	
-62.2194	-4.32745	220.657	0	
-61.591	-5.01462	239.181	0	
-60.3812	-3.88632	211.582	0	
-60.1718	-3.49852	206.941	0	
-60.1877	-2.7269	198.684	0	
-60.1379	-1.97987	194.202	0	
-61.0495	-1.22066	193.465	0	
-62.0197	-1.35644	195.058	0	
-64.9812	-4.52394	222.424	0	
-63.3827	-4.69103	223.468	0	
-60.1104	-4.44362	223.63	0	
-59.4673	-3.89559	215.383	0	
-59.5865	-3.07376	202.398	0	
-59.7754	-2.71517	197.511	0	
-58.9621	-1.99423	193.177	0	
-61.0359	-0.263265	195.345	0	
-60.628	-0.956596	194.52	0	
-61.5937	-0.561757	195.805	0	
-64.1384	-4.23098	216.331	0	
-63.5718	-5.34043	243.7	0	
-61.0646	-4.68124	224.305	0	
-59.1385	-5.84835	259.211	0	
-59.5956	-4.47695	220.013	0	
-59.1088	-5.01363	237.157	0	
-59.1762	-3.06622	200.067	0	
-59.5682	-2.35622	195.651	0	
-58.4495	-0.912181	194.343	0	
-59.2828	-0.345327	205.785	0	
-60.2017	-1.21598	192.705	0	
-59.6928	-1.1298	197.441	0	
-64.0082	-5.8756	246.802	0	
-63.6263	-6.49492	273.984	0	
-59.0757	-3.83624	208.628	0	
-58.5375	-2.71298	197.764	0	
-59.7567	-1.97394	195.035	0	
-60.3617	-2.37388	195.746	0	
-62.8741	-5.32788	238.899	0	
-60.2171	-0.261814	192.775	0	
-62.6553	-4.98269	230.708	0	
-62.1285	-4.76201	223.242	0	
-62.7443	-4.3162	216.496	0	
-58.6572	-4.11291	219.82	0	
-58.3651	-3.07079	200.652	0	
-58.3652	-3.79924	207.825	0	
-57.4249	-3.6906	213.034	0	
-56.9361	-3.21014	203.771	0	
-57.8833	-2.40496	195.829	0	
-58.3021	-2.3675	194.613	0	
-59.0876	-1.56281	194.765	0	
-56.4619	-3.25615	200.642	0	
-56.1852	-2.76513	199.203	0	
-57.668	-2.787	196.55	0	
-57.6661	-2.02251	192.415	0	
-58.5236	-2.00016	193.299	0	
-58.6709	-1.32617	190.112	0	
-56.2498	-3.73364	217.077	0	
-55.7534	-3.78312	211.905	0	
-55.3876	-2.36617	194.682	0	
-56.0595	-1.42863	187.454	0	
-57.1773	-2.80826	198.325	0	
-57.2713	-2.01657	193.563	0	
-56.4762	-1.73015	191.87	0	
-58.125	-0.135337	186.664	0	
-56.5299	-4.4021	220.513	0	
-56.0324	-4.78258	238.882	0	
-56.0681	-0.886877	193.056	0	
-56.7973	-0.33693	207.008	0	
-57.6972	-1.23286	191.85	0	
-57.2028	-1.13827	195.93	0	
-54.9804	-4.29225	219.029	0	
-54.581	-3.62888	215.451	0	
-58.6578	-0.480665	186.069	0	
-57.9144	-0.833992	190.352	0	
-61.6665	-5.76828	244.358	0	
-59.6955	-6.09011	261.317	0	
-58.3742	-6.42261	276.963	0	
-57.8121	-5.03131	237.445	0	
-54.7674	-2.5743	194.989	0	
-54.9948	-1.46899	189.943	0	
-54.608	-4.92316	254.814	0	
-54.0007	-3.7213	211.385	0	
-54.857	-3.16903	202.564	0	
-52.9847	-2.41415	198.919	0	
-54.9248	-5.83421	259.079	0	
-52.3495	-5.21931	261.847	0	
-15.0336	-0.382852	226.651	0	
-14.3725	-0.368067	231.282	0	
-14.6875	-0.183316	229.6	0	
-13.9918	-1.44766	232.788	0	
-13.9834	-0.962924	233.597	0	
-15.5544	-0.199537	284.595	0	
-15.9398	-0.450476	254.315	0	
-15.2311	-1.47589	230.398	0	
-14.6926	-0.916578	228.66	0	
-12.5635	-1.45594	219.876	0	
-13.7259	-0.374251	247.672	0	
-16.0501	-1.64666	225.784	0	
-14.1442	-3.06434	201.546	0	
-13.1945	-0.957315	240.525	0	
-13.2076	-0.1895	264.324	0	
-13.1119	-1.43597	241.859	0	
-12.1468	-0.953256	243.456	0	
-16.413	-0.402598	253.451	0	
-17.1149	-0.862957	238.928	0	
-16.861	-0.151659	238.005	0	
-16.5112	-1.18491	234.504	0	
-16.0436	-1.17375	230.023	0	
-16.6723	-0.845275	240.825	0	
-16.9127	-2.56674	201.729	0	
-15.7347	-2.35566	212.474	0	
-17.5456	-1.14281	225.018	0	
-16.7508	-1.60212	222.097	0	
-16.7949	-3.03314	195.958	0	
-16.2699	-2.56018	201.245	0	
-16.9223	-3.58339	192.071	0	
-15.8722	-4.64471	189.879	0	
-16.32	-3.89763	187.038	0	
-14.4775	-4.13323	190.303	0	
-14.5028	-1.71386	218.203	0	
-14.6222	-2.31748	212.573	0	
-13.6015	-2.26876	214.914	0	
-14.1376	-2.57086	202.852	0	
-12.678	-3.53207	192.1	0	
-12.5776	-2.56584	204.973	0	
-14.7436	-3.46378	189.139	0	
-14.8368	-4.85192	182.59	0	
-13.0787	-4.19076	187.539	0	
-10.1868	-4.30782	191.69	0	
-14.2726	-5.76845	188.62	0	
-13.0778	-5.65032	180.569	0	
-47.3589	-0.463959	193.469	0	
-46.5995	-0.895475	194.511	0	
-48.2103	-0.209822	175.309	0	
-47.8128	-1.27655	189.441	0	
-46.6322	-1.6377	196.207	0	
-44.6898	-0.903557	198.645	0	
-47.7078	-1.97487	194.645	0	
-47.369	-1.26208	193.4	0	
-47.8859	-2.34773	201.006	0	
-47.0484	-2.36539	198.703	0	
-48.3059	-2.37765	199.464	0	
-47.8902	-3.08742	213.931	0	
-46.6279	-2.40726	204.927	0	
-46.4095	-2.0227	195.921	0	
-48.543	-2.03758	196.491	0	
-48.9576	-2.76255	205.219	0	
-47.677	-3.54177	216.752	0	
-46.5952	-3.29184	218.849	0	
-47.0617	-3.12567	210.717	0	
-45.8834	-3.00732	213.748	0	
-45.9644	-1.49875	193.944	0	
-46.3811	-1.26211	194.167	0	
-48.3691	-1.67901	192.028	0	
-49.1927	-1.67047	192.797	0	
-49.1878	-3.12378	208.044	0	
-48.9715	-3.49757	220.081	0	
-48.092	-3.79146	228.811	0	
-47.3863	-4.52922	244.604	0	
-45.8408	-4.17845	238.398	0	
-45.7312	-2.46853	202.255	0	
-47.954	-1.64621	193.349	0	
-48.0964	-0.954304	186.43	0	
-47.8609	-0.508314	183.259	0	
-48.744	-0.419376	187.857	0	
-49.6076	-1.64352	191.59	0	
-49.8268	-2.02256	195.003	0	
-49.6087	-2.893	208.131	0	
-50.0307	-3.61051	218.37	0	
-48.9484	-4.23555	239.49	0	
-48.0761	-4.27001	232.288	0	
-47.245	-3.56829	222.953	0	
-46.9701	-4.07719	231.453	0	
-45.4092	-3.61266	220.344	0	
-44.799	-2.8304	209.001	0	
-49.2837	-0.209554	196.875	0	
-49.6444	-0.448604	200.456	0	
-49.4361	-0.88012	191.237	0	
-50.1524	-0.23905	180.729	0	
-50.4481	-2.38365	197.273	0	
-50.0253	-3.11805	208.467	0	
-50.4614	-3.81548	225.894	0	
-50.2434	-4.20612	231.925	0	
-49.7982	-4.25026	233.104	0	
-48.9266	-4.97949	256.039	0	
-50.9116	-0.32599	182.213	0	
-49.7425	-1.20848	191.239	0	
-51.2923	-0.508798	196.622	0	
-50.5017	-1.53206	190.438	0	
-50.8685	-2.34112	198.23	0	
-51.3311	-3.04616	207.85	0	
-50.9223	-3.73704	222.718	0	
-51.1355	-4.10302	233.942	0	
-50.9144	-3.27122	209.705	0	
-51.9572	-3.29472	209.261	0	
-51.6594	-4.67433	246.403	0	
-50.8694	-4.47856	239.098	0	
-52.4497	-4.25108	230.8	0	
-51.5256	-5.54611	272.355	0	
-50.1934	-5.05249	254.785	0	
-49.5672	-4.59981	249.35	0	
-50.9783	-4.95221	254.735	0	
-50.5912	-6.04148	283.046	0	
-49.7676	-5.10495	257.504	0	
-49.2564	-5.89667	285.365	0	
-50.8978	-1.52676	190.467	0	
-51.4912	-1.97473	196.107	0	
-53.7024	-5.44843	261.343	0	
-52.8467	-5.40165	262.697	0	
-51.1855	-6.10725	287.31	0	
-50.5488	-5.36454	267.332	0	
-49.3373	-5.36933	269.071	0	
-48.2358	-5.90782	284.709	0	
-51.3145	-1.29012	194.426	0	
-51.685	-1.63822	192.231	0	
-52.1293	-1.6311	194.925	0	
-52.3561	-2.02288	194.29	0	
-53.274	-5.1988	253.836	0	
-52.7129	-5.88041	277.206	0	
-52.2086	-5.96799	277.374	0	
-50.7538	-7.36051	331.706	0	
-47.194	-6.046	291.017	0	
-48.1695	-5.36368	277.044	0	
-52.2994	-1.2201	190.548	0	
-52.7022	-0.39956	189.808	0	
-53.4834	-2.52406	198.096	0	
-52.3319	-2.89346	204.996	0	
-53.5255	-6.04304	280.226	0	
-52.9634	-6.27219	285.233	0	
-52.6123	-6.94533	311.918	0	
-51.9617	-6.40183	298.857	0	
-52.0413	-0.877413	193.757	0	
-53.125	-0.136471	186.246	0	
-53.6123	-3.21389	211.195	0	
-52.976	-4.15835	227.394	0	
-52.9986	-7.52838	327.638	0	
-52.7947	-8.32121	348.951	0	
-52.115	-6.98739	307.423	0	
-51.534	-7.99898	344.255	0	
-51.5006	-0.940314	188.554	0	
-51.8391	-0.182808	194.387	0	
-53.561	-0.393199	183.128	0	
-52.929	-1.5725	190.199	0	
-53.1171	-3.43419	210.639	0	
-51.9766	-3.82879	224.937	0	
-54.6875	-0.215758	194.284	0	
-53.5402	-1.47852	192.491	0	
-53.3511	-0.772051	190.5	0	
-53.7678	-1.0671	186.872	0	
-55.6239	-0.735515	185.866	0	
-53.9776	-0.256728	193.316	0	
-54.8958	-1.01391	186.353	0	
-44.1807	-2.06755	204.031	0	
-45.2333	-2.40575	202.041	0	
-53.354	-4.65856	236.346	0	
-53.8835	-4.44181	236.337	0	
-50.4013	-8.12059	355.989	0	
-51.2063	-7.12454	317.104	0	
-44.2071	-3.93389	229.013	0	
-44.2672	-2.60304	204.052	0	
-50.291	-8.91302	363.234	0	
-48.8416	-7.83157	343.746	0	
-50.9008	-7.95398	331.782	0	
-49.8303	-7.69144	328.603	0	
-48.716	-8.58269	352.512	0	
-49.5162	-6.82881	310.212	0	
-46.4321	-8.07371	330.664	0	
-49.0697	-7.0422	321.531	0	
-49.6789	-6.30747	295.88	0	
-50.2279	-6.40461	300.645	0	
-48.1779	-7.54768	329.531	0	
-47.6854	-6.81435	309.28	0	
-47.5665	-7.97881	340.955	0	
-47.7049	-6.32121	294.308	0	
-48.6658	-6.76524	304.984	0	
-48.1924	-7.02516	316.874	0	
-47.746	-8.71104	355.077	0	
-47.1549	-9.56409	362.158	0	
-45.914	-8.54651	341.967	0	
-46.6241	-6.98499	312.43	0	
-45.0175	-8.20612	333.258	0	
-46.0725	-6.12976	290.499	0	
-46.1943	-7.47662	321.399	0	
-44.9596	-7.5315	317.477	0	
-46.6305	-6.35429	292.919	0	
-50.439	-0.56504	182.739	0	
-46.2711	-5.42446	264.178	0	
-44.692	-5.47607	261.818	0	
-42.385	-4.33663	233.666	0	
-44.0653	-8.67939	335.191	0	
-44.3198	-6.89836	298.618	0	
-45.6183	-7.27479	314.289	0	
-43.5016	-6.60119	289.426	0	
-43.3118	-5.50875	261.245	0	
-44.7628	-6.37229	289.741	0	
-33.6981	-0.492139	232.347	0	
-32.9536	-1.45463	214.577	0	
-32.5999	-1.98015	204.436	0	
-32.2888	-1.16326	213.955	0	
-32.7335	-2.55189	206.33	0	
-32.3247	-3.09725	203.304	0	
-31.9743	-0.877314	228.462	0	
-32.6686	-0.548463	224.047	0	
-31.2899	-0.748879	228.156	0	
-31.8057	-0.198932	247.781	0	
-33.4116	-2.62069	202.129	0	
-33.6985	-3.25258	209.54	0	
-32.172	-4.26051	218.273	0	
-31.4912	-4.17593	214.968	0	
-33.8662	-1.99559	209.537	0	
-34.7654	-3.13275	207.003	0	
-33.4934	-4.32075	222.738	0	
-32.1103	-5.60748	248.705	0	
-30.3934	-4.62323	220.999	0	
-30.5395	-3.4385	204.778	0	
-35.7984	-3.135	208.212	0	
-34.0592	-4.4287	224.814	0	
-33.8671	-6.53349	267.526	0	
-31.3637	-5.38228	238.11	0	
-30.0062	-5.15118	236.49	0	
-27.9521	-2.83324	202.377	0	
-32.3382	-6.452	271.71	0	
-30.2836	-5.76496	250.6	0	
-28.7688	-3.92364	205.312	0	
-29.8368	-2.79156	202.847	0	
-56.2764	-0.520246	181.619	0	
-55.6239	-0.368884	189.305	0	
-55.9375	-0.183316	190.36	0	
-54.9989	-0.401327	183.469	0	
-55.3114	-0.185568	186.701	0	
-45.0294	-0.377855	194.765	0	
-44.375	-0.360901	204.464	0	
-44.6875	-0.180445	204.699	0	
-44.0624	-0.902258	201.008	0	
-43.1174	-0.734678	192.091	0	
-45.5503	-0.197411	184.546	0	
-45.5602	-1.32887	191.298	0	
-44.0625	-1.27911	197.78	0	
-43.1174	-0.368047	195.458	0	
-45.4854	-0.858125	192.191	0	
-45.0086	-1.96386	199.18	0	
-44.6899	-1.26509	197.235	0	
-43.741	-1.88478	198.431	0	
-42.8049	-0.187647	185.509	0	
-43.75	-0.360855	201.107	0	
-45.1065	-1.57236	195.2	0	
-44.4878	-1.85302	197.917	0	
-43.1808	-2.62471	204.802	0	
-43.3749	-2.12843	203.607	0	
-42.8011	-0.928997	199.431	0	
-42.4263	-0.748059	198.618	0	
-42.662	-1.37309	197.269	0	
-42.9638	-1.56932	200.254	0	
-42.1214	-0.991928	200.082	0	
-43.7499	-0.721768	196.633	0	
-43.4375	-0.907943	198.838	0	
-42.6645	-2.75975	208.741	0	
-41.9185	-1.76469	201.153	0	
-41.7032	-0.885832	208.079	0	
-41.9169	-0.185694	220.881	0	
-42.277	-3.20645	213.773	0	
-40.9703	-1.81226	202.965	0	
-42.0326	-2.22472	204.246	0	
-41.6577	-3.15558	211.633	0	
-41.387	-1.57563	203.189	0	
-40.2168	-1.8833	203.694	0	
-42.7097	-3.73412	224.176	0	
-41.0292	-2.38595	204.711	0	
-41.1835	-3.69433	217.982	0	
-39.1186	-3.25488	208.529	0	
-41.7534	-5.8273	264.205	0	
-41.4781	-4.34771	236.716	0	
-40.3198	-2.27428	206.835	0	
-40.1352	-2.97089	211.873	0	
-7.5	-0.467065	249.695	0	
-6.37121	-1.84224	216.249	0	
-38.7836	-0.382852	214.148	0	
-38.1225	-0.368067	206.911	0	
-38.4375	-0.183316	206.321	0	
-37.7418	-1.44766	206.698	0	
-37.7334	-0.962924	211.521	0	
-39.3044	-0.199537	231.872	0	
-39.6898	-0.450476	211.651	0	
-36.4671	-1.62347	209.319	0	
-37.4759	-0.374251	218.289	0	
-39.1012	-0.997684	208.267	0	
-38.9811	-1.47589	209.303	0	
-36.9497	-0.956174	220.595	0	
-36.9576	-0.1895	237.723	0	
-39.8001	-1.64666	206.931	0	
-37.8732	-3.19932	210.141	0	
-36.867	-1.43483	211.116	0	
-36.0061	-0.905079	212.045	0	
-40.163	-0.402598	208.479	0	
-40.8649	-0.862957	204.172	0	
-36.3988	-2.19405	205.7	0	
-34.8067	-1.32596	215.551	0	
-40.611	-0.151659	190.035	0	
-40.2612	-1.18491	205.389	0	
-39.7936	-1.17375	205.765	0	
-40.4223	-0.845275	201.929	0	
-36.7915	-2.57534	205.525	0	
-36.3345	-3.45954	208.485	0	
-35.4831	-2.20964	203.959	0	
-34.8259	-2.50538	204.819	0	
-40.6627	-2.56678	206.189	0	
-39.4847	-2.35567	206.305	0	
-41.2956	-1.14281	203.419	0	
-40.5008	-1.60212	203.966	0	
-40.5449	-3.03318	212.235	0	
-40.0199	-2.56019	206.759	0	
-40.6735	-3.58122	217.069	0	
-39.7275	-4.75299	235.134	0	
-40.0712	-3.89542	225.319	0	
-36.8523	-4.82493	234.227	0	
-38.2528	-1.71386	206.456	0	
-38.3722	-2.31748	205.672	0	
-37.3179	-2.31912	205.9	0	
-37.854	-2.62122	206.021	0	
-36.1543	-4.63788	227.168	0	
-34.3383	-3.46255	207.261	0	
-38.5062	-3.54839	214.454	0	
-38.6539	-5.0527	242.979	0	
-37.4457	-4.2724	221.711	0	
-36.9534	-6.07881	257.541	0	
-35.3583	-3.47587	209.57	0	
-36.0775	-4.0768	219.019	0	
-35.3659	-5.33521	240.701	0	
-34.4866	-4.1176	216.946	0	
-34.8444	-5.08606	234.156	0	
-33.6913	-5.5439	251.583	0	
-34.2339	-5.12077	233.542	0	
-33.1368	-4.99479	230.274	0	
-38.2032	-4.30815	224.921	0	
-37.9975	-6.27082	261.309	0	
-34.509	-0.877292	220.666	0	
-35.1859	-0.255235	198.277	0	
-33.9064	-0.923655	222.282	0	
-34.3231	-0.19054	240.744	0	
-11.875	-0.165467	229.842	0	
-12.3552	-0.52174	229.406	0	
-11.1828	-1.39816	231.641	0	
-10.034	-0.746867	228.007	0	
82.19	-0.184751	248.689	0	
83.5417	-1.40127	230.383	0	
88.75	-0.467065	202.48	0	
89.5464	-1.45463	214.273	0	
89.9001	-1.98015	214.266	0	
90.2112	-1.16326	215.114	0	
88.4326	-2.90547	207.283	0	
89.9838	-3.10261	208.727	0	
90.5257	-0.877314	206.33	0	
89.8314	-0.548463	207.738	0	
91.2101	-0.748879	210.044	0	
90.6943	-0.198932	184.359	0	
88.4971	-4.5928	200.065	0	
89.6037	-2.48527	207.825	0	
89.2611	-4.62315	198.96	0	
92.4395	-3.54449	206.778	0	
81.2151	-0.382247	246.822	0	
81.8775	-0.368067	247.887	0	
81.5625	-0.183316	248.973	0	
82.1956	-0.921265	236.854	0	
82.6067	-0.486349	240.719	0	
80.7482	-1.92265	222.674	0	
81.5574	-0.916578	239.925	0	
82.1914	-1.4002	232.128	0	
82.9222	-1.33964	232.269	0	
81.0454	-2.46139	219.359	0	
82.1021	-3.0659	210.463	0	
81.747	-1.69433	226.35	0	
81.6276	-2.29796	220.103	0	
82.6499	-2.26274	218.467	0	
82.1139	-2.56484	213.902	0	
83.5646	-3.52067	204.427	0	
83.6709	-2.56358	213.564	0	
81.6763	-3.37062	204.251	0	
81.1263	-4.15265	200.761	0	
82.9263	-4.23402	199.24	0	
84.2457	-4.556	196.395	0	
80.9118	-2.85847	211.115	0	
81.0285	-4.79869	198.487	0	
80.2365	-2.94334	208.753	0	
80.9263	-3.64682	204.491	0	
80.9203	-6.57118	192.445	0	
81.716	-4.30249	198.053	0	
84.3878	-5.03601	197.082	0	
82.5131	-3.8808	202.3	0	
82.1748	-4.95743	197.441	0	
83.5225	-4.05988	200.089	0	
82.81	-5.13796	194.731	0	
83.6185	-5.50253	195.453	0	
86.826	-5.4936	190.967	0	
85.2846	-3.60168	201.866	0	
-9.05997	-0.184751	219.184	0	
-7.70833	-0.898582	219.436	0	
72.6411	-0.463959	236.958	0	
73.4005	-0.895475	240.109	0	
71.5625	-0.163639	232.978	0	
72.1525	-1.20518	225.828	0	
73.3678	-1.6377	225.522	0	
75.3102	-0.903557	233.443	0	
72.2922	-1.97487	218.307	0	
72.631	-1.26208	228.445	0	
72.0662	-2.44628	215.706	0	
72.9516	-2.36539	216.193	0	
71.0514	-1.80377	220.018	0	
72.7139	-2.69643	213.803	0	
73.3721	-2.40726	216.735	0	
73.5905	-2.0227	220.218	0	
71.8217	-3.53944	211.84	0	
72.1368	-3.21529	212.012	0	
72.0021	-4.07137	209.806	0	
72.5386	-3.97963	210.491	0	
73.6065	-3.65853	208.529	0	
72.9196	-3.15932	211.633	0	
70.8168	-4.21058	212.467	0	
72.0803	-5.38321	207.973	0	
73.3368	-3.22633	211.577	0	
73.5515	-2.80531	212.914	0	
74.0356	-1.49875	227.276	0	
73.6189	-1.26211	229.06	0	
73.4736	-4.13867	209.334	0	
74.2542	-2.44947	215.422	0	
73.8947	-4.60464	205.327	0	
74.5816	-3.73551	204.476	0	
74.0884	-3.38579	211.083	0	
75.157	-2.80536	210.896	0	
72.8082	-5.16859	208.478	0	
77.6036	-4.35924	200.553	0	
75.8198	-2.06424	217.092	0	
74.7525	-2.38337	218.349	0	
75.7439	-3.89583	203.26	0	
75.7034	-2.59707	217.479	0	
69.8536	-1.29758	221.26	0	
70.4582	-2.55679	217.209	0	
70.7737	-6.0048	209.993	0	
71.7579	-6.24979	210.111	0	
72.1972	-8.39811	204.624	0	
73.5013	-5.33668	207.202	0	
75.0746	-6.10406	206.761	0	
75.7355	-6.79037	200.102	0	
75.8503	-4.71515	206.975	0	
76.6054	-5.3282	197.348	0	
-5.625	-0.165467	237.713	0	
-6.25	-0.467065	238.209	0	
74.9706	-0.377855	232.136	0	
75.625	-0.360901	240.65	0	
75.3125	-0.180445	242.469	0	
75.9376	-0.902258	237.168	0	
76.8826	-0.734678	249.704	0	
74.4497	-0.197411	244.952	0	
74.4398	-1.32887	230.216	0	
75.9375	-1.27911	237.505	0	
76.8826	-0.368047	245.205	0	
74.5146	-0.858125	235.477	0	
74.9918	-1.96037	220.917	0	
75.625	-1.46	226.747	0	
76.259	-1.88478	228.99	0	
77.1951	-0.187647	253.476	0	
76.25	-0.360855	246.344	0	
75.5127	-1.84953	227.081	0	
75.3101	-1.26491	231.88	0	
76.8192	-2.62471	217.328	0	
76.6251	-2.12843	218.561	0	
77.1989	-0.928997	234.938	0	
77.5737	-0.748059	241.025	0	
77.7547	-1.43797	232.009	0	
77.0362	-1.56932	226.002	0	
77.8786	-0.991928	234.787	0	
76.2501	-0.721768	249.079	0	
76.5625	-0.907943	238.709	0	
77.6651	-2.33095	216.339	0	
78.0996	-2.1894	222.738	0	
78.2627	-0.891635	237.721	0	
78.0831	-0.185694	231.561	0	
78.682	-2.22582	221.405	0	
78.9968	-1.0609	244.456	0	
78.4721	-1.57581	230.153	0	
78.9296	-0.576024	239.01	0	
78.5802	-1.19082	232.503	0	
78.8887	-1.81245	224.119	0	
-10.0296	-0.380562	239.621	0	
-9.37247	-0.368067	228.128	0	
-9.6875	-0.183316	208.715	0	
-9.05534	-0.920708	230.887	0	
-8.64331	-0.350218	243.514	0	
-10.5504	-0.197247	265.506	0	
-10.5623	-1.33295	230.238	0	
-9.05924	-1.39588	223.943	0	
-8.3287	-0.966309	236.033	0	
-10.4877	-0.862043	241.138	0	
-9.37893	-1.59524	224.887	0	
-9.69453	-1.30162	222.74	0	
-8.70999	-2.42753	212.405	0	
-10.1112	-1.60315	226.548	0	
-9.247	-2.45625	215.118	0	
-9.99256	-2.06291	218.835	0	
-9.941	-2.86276	209.547	0	
-9.93143	-3.87262	200.183	0	
-9.42157	-3.95344	198.222	0	
-11.2214	-2.64133	214.115	0	
-10.2191	-3.25278	200.609	0	
-10.963	-3.5984	194.737	0	
-10.0701	-5.14729	191.276	0	
-11.6942	-3.30814	196.88	0	
-10.6922	-3.20982	206.714	0	
-8.92782	-5.01961	196.666	0	
-9.05802	-4.43487	195.195	0	
-12.524	-4.73818	183.452	0	
-10.7453	-4.07655	195.611	0	
-9.42372	-5.49427	180.703	0	
-11.6234	-4.42428	191.079	0	
-11.1126	-4.62398	189.128	0	
-10.749	-5.35374	187.605	0	
-8.71169	-3.38529	202.361	0	
-7.68216	-1.89702	216.225	0	
-8.19315	-6.73557	177.222	0	
-4.91819	-2.04024	210.884	0	
-11.2036	-6.11907	177.513	0	
-9.88483	-7.5682	169.437	0	
-8.13075	-5.14972	188.441	0	
-7.80202	-2.90722	207.413	0	
-5.05015	-2.73358	210.593	0	
-7.71976	-4.60846	203.167	0	
-7.56611	-3.45025	209.113	0	
-6.80223	-4.46666	197.795	0	
-8.04964	-4.03941	196.698	0	
-6.05828	-3.775	206.382	0	
-6.68317	-2.61044	210.736	0	
-6.08132	-3.28644	208.477	0	
-6.08108	-5.00689	202.894	0	
-4.6033	-3.91714	208.117	0	
-27.5	-0.36376	214.858	0	
-26.3038	-0.406845	243.119	0	
-27.1875	-0.183316	241.165	0	
-26.8896	-0.355468	234.03	0	
-26.8896	-0.722099	237.998	0	
-28.4375	-0.180456	231.854	0	
-28.125	-0.360901	220.277	0	
-27.8152	-1.28335	219.697	0	
-27.1875	-0.913707	219.474	0	
-29.375	-0.240517	252.569	0	
-27.8125	-0.180445	226.211	0	
-28.5043	-1.2956	220.072	0	
-28.1901	-1.49081	210.347	0	
-27.4965	-1.88463	213.256	0	
-30.31	-0.184751	216.805	0	
-28.921	-1.60286	210.009	0	
-28.442	-0.904829	220.664	0	
-28.9412	-2.01013	208.02	0	
-27.1265	-2.12359	205.082	0	
-26.7474	-1.93169	212.732	0	
-28.8587	-0.784456	235.528	0	
-29.3563	-0.984216	216.357	0	
-28.5486	-2.08993	204.612	0	
-28.4881	-2.48451	203.944	0	
-26.9297	-2.6214	205.387	0	
-26.39	-2.64645	205.457	0	
-29.2061	-2.34902	203.599	0	
-28.2932	-3.26943	201.474	0	
-27.8904	-4.02117	204.097	0	
-27.3252	-2.93467	198.162	0	
-25.967	-1.77768	216.914	0	
-26.0197	-1.23082	222.041	0	
-29.6846	-2.34991	202.957	0	
-28.3235	-3.72549	212.8	0	
-28.8955	-2.64667	202.282	0	
-29.4946	-3.32901	204.827	0	
-28.8005	-3.06862	203.446	0	
-29.1559	-4.24684	220.955	0	
-29.0639	-3.41191	203.732	0	
-29.5884	-3.93479	206.546	0	
-29.8717	-1.60422	208.934	0	
-31.0176	-1.38512	215.974	0	
-30.8017	-2.39375	203.588	0	
-30.5773	-1.97935	207.507	0	
-28.9402	-4.72492	218.35	0	
-26.5556	-4.76722	223.238	0	
-3.125	-0.301598	234.697	0	
-4.05997	-0.184751	204.203	0	
-2.68765	-1.8981	210.927	0	
-2.28882	-1.16326	209.484	0	
-2.79617	-2.36196	208.747	0	
-1.86568	-2.39435	208.44	0	
-1.97428	-0.877314	199.994	0	
-2.6686	-0.548463	202.84	0	
-3.30188	-2.48617	210.44	0	
-2.86125	-3.34167	210.301	0	
-1.36654	-2.58482	209.354	0	
-1.01429	-1.96687	207.305	0	
-0.941762	-0.904685	209.251	0	
-1.80569	-0.198932	182.44	0	
-4.05678	-1.27923	209.054	0	
-4.24122	-3.03246	209.769	0	
-2.67353	-4.22931	209.382	0	
-2.58021	-3.81172	210.899	0	
-1.40519	-3.11626	208.949	0	
0.310932	-2.88901	204.437	0	
-4.84535	-1.31425	209.881	0	
-4.37425	-2.50857	208.906	0	
-4.17895	-4.19862	208.165	0	
-2.32537	-5.41706	207.983	0	
-1.14917	-3.57864	209.981	0	
-1.92465	-3.35831	210.718	0	
-2.11157	-4.81336	211.912	0	
-1.57026	-4.06189	211.182	0	
-0.192175	-6.01014	212.396	0	
-0.304792	-4.63912	209.222	0	
-0.617543	-3.42266	207.207	0	
1.42159	-4.23624	207.108	0	
-0.185225	-3.94197	208.894	0	
-0.984975	-4.98368	212.049	0	
62.6714	-0.549836	197.684	0	
63.5417	-1.40127	202.023	0	
61.8086	-0.197544	184.994	0	
62.2901	-1.16738	204.918	0	
60.94	-0.184751	200.726	0	
61.98	-0.877298	197.72	0	
61.3586	-1.36674	205.292	0	
62.952	-1.45738	206.084	0	
61.6823	-3.05757	214.584	0	
62.5774	-1.96188	209.499	0	
60.4902	-3.30652	216.735	0	
61.7219	-4.61968	222.994	0	
-1.85037e-17	-0.36376	206.404	0	
0.627526	-0.368067	196.198	0	
0.3125	-0.183316	191.731	0	
0.944659	-0.920708	198.051	0	
1.326	-0.736598	198.281	0	
-0.93752	-0.180456	205.959	0	
-0.62502	-0.360901	211.807	0	
-0.315206	-1.28335	204.465	0	
0.3125	-0.913707	202.148	0	
0.310005	-1.27666	201.026	0	
1.63597	-0.983364	197.118	0	
-1.28487	-0.379388	208.873	0	
-0.3125	-0.180445	210.627	0	
-1.28911	-0.742727	200.698	0	
-0.941822	-1.26351	205.619	0	
0.407174	-1.97917	202.552	0	
0.618121	-2.50014	202.283	0	
1.35447	-2.10871	200.407	0	
2.02066	-0.892876	199.704	0	
1.83968	-0.182522	206.265	0	
-1.60159	-0.993787	210.466	0	
-1.53515	-1.48466	205.428	0	
-0.627786	-1.45887	207.835	0	
-0.978316	-2.36312	207.806	0	
-0.0106131	-1.86147	203.425	0	
0.620919	-1.5893	201.451	0	
1.19316	-2.61432	201.071	0	
1.7365	-2.09548	198.775	0	
-1.22273	-1.59243	209.352	0	
-0.631914	-1.83577	206.755	0	
1.50176	-3.14016	202.872	0	
1.79188	-1.6563	198.804	0	
2.12645	-2.439	199.516	0	
2.26522	-1.20629	197.689	0	
2.15218	-1.59061	197.864	0	
2.68098	-0.580436	200.386	0	
2.05302	-2.97808	200.065	0	
3.66049	-2.5273	196.794	0	
2.56885	-1.82725	197.496	0	
2.91757	-1.46569	196.681	0	
1.08785	-3.72431	204.517	0	
1.15861	-4.85562	208.26	0	
2.95418	-3.1769	199.346	0	
3.70473	-3.94918	203.54	0	
3.94966	-3.03583	199.589	0	
3.42114	-3.44844	200.075	0	
4.8183	-4.14511	204.039	0	
5.32133	-3.37723	200.317	0	
4.74241	-4.70576	204.01	0	
5.71495	-4.76151	204.241	0	
6.22273	-3.94878	200.515	0	
5.11108	-2.53661	197.364	0	
3.48477	-4.50204	204.014	0	
6.38561	-6.76994	213.669	0	
6.19852	-5.19459	208.287	0	
7.22792	-4.11041	200.665	0	
6.77445	-2.60712	197.545	0	
5.74741	-2.57202	197.16	0	
6.72026	-4.32926	204.466	0	
6.73545	-3.15431	197.711	0	
7.25573	-2.36489	196.083	0	
6.63926	-1.41772	193.411	0	
7.74151	-4.44524	203.848	0	
8.43815	-2.37238	194.41	0	
7.72955	-3.24649	198.135	0	
8.40927	-1.80952	193.869	0	
8.31451	-3.63422	200.501	0	
9.02519	-3.51829	197.402	0	
1.71897	-5.35769	210.955	0	
2.4733	-5.26561	208.14	0	
2.68704	-4.63797	207.311	0	
3.66343	-5.71048	209.29	0	
3.88457	-6.45447	212.946	0	
2.58836	-7.12398	213.783	0	
7.76996	-5.07006	204.885	0	
8.43063	-5.18745	205.407	0	
6.72407	-5.0229	203.879	0	
7.49894	-6.08789	209.972	0	
9.4908	-5.83191	207.51	0	
9.97825	-4.43745	201.973	0	
1.58409	-6.41111	213.473	0	
2.83116	-5.89739	211.96	0	
5.84753	-6.01303	209.45	0	
7.31862	-6.70638	211.492	0	
7.9737	-7.46159	213.027	0	
8.20935	-6.21612	209.753	0	
9.13877	-7.22688	211.891	0	
12.1624	-4.42386	198.11	0	
-0.112337	-6.62309	210.991	0	
2.81282	-8.4905	211.581	0	
7.01631	-8.46129	213.905	0	
9.48664	-8.12318	213.797	0	
1.28655	-5.91508	210.888	0	
1.69771	-7.71191	212.635	0	
1.09971	-8.44912	208.15	0	
0.346033	-10.8201	194.27	0	
3.09501	-9.29434	210.628	0	
3.26629	-7.27986	212.27	0	
4.24979	-9.4626	208.933	0	
4.60299	-6.56269	211.761	0	
3.42057	-8.03557	213.659	0	
4.69909	-8.79933	214.045	0	
58.44	-0.184751	194.757	0	
60.3074	-0.916592	206.926	0	
57.4664	-0.382852	198.33	0	
58.1275	-0.368067	197.64	0	
57.8125	-0.183316	195.67	0	
58.4456	-0.921265	198.327	0	
58.8567	-0.486349	195.113	0	
56.9456	-0.199537	188.601	0	
56.0773	-0.553858	191.459	0	
58.4414	-1.4002	199.46	0	
59.1722	-1.33964	199.419	0	
57.1488	-0.997684	197.724	0	
57.2689	-1.47589	200.107	0	
57.6855	-1.411	199.31	0	
59.401	-3.27598	215.479	0	
56.5077	-1.68983	199.475	0	
57.882	-2.31168	205.799	0	
56.7729	-0.883313	192.175	0	
56.5645	-0.451797	193.155	0	
56.0911	-1.92647	201.906	0	
56.4497	-1.16865	196.13	0	
55.9619	-2.49552	209.587	0	
57.2482	-2.42144	210.319	0	
58.3632	-2.61542	212.367	0	
58.3194	-3.23281	215.129	0	
55.2769	-2.56472	208.998	0	
56.0189	-3.82994	222.314	0	
59.9542	-3.63106	220.338	0	
60.4361	-2.66605	214.603	0	
57.0565	-3.08941	214.087	0	
57.9816	-4.48874	224.245	0	
56.4455	-4.76814	227.592	0	
57.6465	-3.59705	219.995	0	
59.332	-4.82672	224.55	0	
61.2066	-4.3098	222.071	0	
61.3071	-2.34227	212.571	0	
60.3323	-1.42936	203.997	0	
56.3224	-6.84168	217.18	0	
59.9245	-4.30131	222.38	0	
59.5805	-5.80271	220.716	0	
60.3257	-5.63279	222.337	0	
3.75	-0.467065	202.165	0	
4.65053	-0.895475	195.447	0	
5.0672	-1.39816	195.305	0	
6.21595	-0.746867	189.972	0	
50.625	-0.240555	182.705	0	
51.875	-0.360901	193.038	0	
51.5625	-0.180445	189.539	0	
52.1876	-0.902258	196.05	0	
53.1326	-0.734678	188.031	0	
49.8001	-0.506736	199.738	0	
51.5417	-0.914235	193.809	0	
52.1875	-1.27911	194.672	0	
53.1326	-0.368047	191.397	0	
50.802	-1.06781	194.776	0	
51.8598	-1.83986	199.993	0	
51.5404	-1.2764	194.667	0	
52.509	-1.88478	199.346	0	
53.4451	-0.187647	186.622	0	
52.5	-0.360855	196.395	0	
50.4069	-1.03246	195.875	0	
50.1821	-1.37074	200.504	0	
51.1133	-1.36986	198.165	0	
51.1254	-1.7112	199.659	0	
53.0692	-2.62471	208.443	0	
53.588	-1.37309	194.832	0	
53.4489	-0.928997	193.78	0	
53.7953	-0.385192	189.351	0	
49.7759	-1.3479	201.914	0	
51.5386	-1.99678	204.105	0	
51.1226	-2.68138	211.142	0	
53.7332	-2.71085	211.775	0	
54.0047	-1.43797	197.12	0	
53.2862	-1.56932	200.65	0	
54.104	-1.00378	193.688	0	
52.5001	-0.721768	190.214	0	
52.8125	-0.907943	195.643	0	
49.3827	-0.169187	206.167	0	
48.9112	-0.461697	198.682	0	
49.5331	-1.68444	204.058	0	
49.7587	-2.07434	206.496	0	
50.8504	-2.39357	208.211	0	
51.4994	-2.41015	208.66	0	
52.1845	-4.78403	227.248	0	
52.6668	-2.91972	217.306	0	
53.8798	-2.27535	206.52	0	
54.2429	-1.9059	201.182	0	
50.2092	-2.0684	206.363	0	
50.2415	-2.90411	213.802	0	
51.1184	-3.15748	216.927	0	
51.7845	-2.79189	212.641	0	
48.0471	-0.208685	187.789	0	
49.1236	-1.63047	204.064	0	
48.8943	-1.24889	201.135	0	
48.896	-2.02366	206.106	0	
49.7989	-2.80959	211.898	0	
50.4598	-2.50075	208.707	0	
50.3854	-3.49337	220.407	0	
51.5853	-3.70816	221.371	0	
48.4681	-1.26247	201.449	0	
48.5131	-2.01773	206.864	0	
48.2774	-2.3978	208.419	0	
48.5031	-2.79113	212.643	0	
48.9565	-2.80286	212.867	0	
50.0156	-4.03185	224.351	0	
51.0536	-4.02285	223.649	0	
50.7991	-3.61218	220.426	0	
48.1912	-0.946291	197.765	0	
47.8204	-1.21942	203.212	0	
48.409	-0.501195	195.39	0	
47.5213	-0.422041	204.777	0	
47.056	-1.67124	206.567	0	
47.4543	-2.38723	209.263	0	
47.871	-2.13873	208.592	0	
47.4494	-2.87654	212.953	0	
48.1433	-3.82007	221.852	0	
49.3824	-3.04967	214.917	0	
46.9742	-0.213356	217.684	0	
46.6225	-0.448049	204.394	0	
46.6411	-1.64276	207.433	0	
46.4214	-2.02258	207.717	0	
47.0386	-3.13738	214.763	0	
47.2639	-3.52477	218.333	0	
48.8401	-4.54423	225.588	0	
49.4392	-3.99547	222.855	0	
45.625	-0.183986	190.183	0	
46.0232	-2.01664	208.34	0	
46.5161	-1.20336	204.812	0	
46.1066	-0.418679	206.625	0	
45.8005	-2.38443	209.508	0	
46.2079	-3.11883	214.662	0	
46.6246	-2.89378	213.831	0	
46.1936	-3.62485	217.31	0	
47.3038	-4.26327	223.652	0	
48.1592	-4.29863	224.026	0	
44.9765	-1.15007	208.487	0	
45.8838	-0.844749	201.65	0	
45.3801	-2.34033	209.933	0	
45.1649	-2.71407	211.768	0	
45.7635	-3.82973	219.561	0	
45.9878	-4.2348	221.291	0	
46.6889	-4.59172	224.617	0	
47.7477	-5.05029	226.456	0	
45.3931	-0.902541	205.291	0	
44.9705	-1.62482	206.851	0	
45.3872	-1.86146	208.445	0	
44.5352	-1.87284	209.037	0	
44.2763	-3.43205	214.468	0	
44.7067	-4.26248	220.777	0	
45.1452	-3.47476	215.409	0	
45.0985	-4.18242	220.241	0	
44.466	-4.70026	221.777	0	
45.3604	-4.49138	222.651	0	
45.3162	-3.80352	218.606	0	
44.7286	-3.2497	214.032	0	
45.8478	-4.99989	224.901	0	
47.0847	-4.58924	224.518	0	
46.5962	-5.08331	225.885	0	
47.0252	-5.42223	225.89	0	
45.1993	-0.47647	205.4	0	
44.347	-0.179008	222.53	0	
44.1193	-1.6303	209.976	0	
43.8921	-2.0229	209.51	0	
44.5462	-0.903009	210.713	0	
44.7546	-0.471493	212.132	0	
44.1243	-1.13522	212.84	0	
43.3191	-1.49445	211.672	0	
42.6205	-1.92247	210.61	0	
43.897	-2.96503	211.879	0	
42.5603	-3.38154	213.674	0	
43.4016	-3.00515	212.346	0	
51.3567	-5.55219	226.549	0	
50.9658	-4.51102	226.831	0	
41.7787	-1.83623	211.111	0	
42.3745	-2.76089	210.379	0	
51.6512	-6.33942	228.754	0	
54.477	-5.76836	227.273	0	
41.4731	-1.46822	213.583	0	
40.8737	-2.31967	211.101	0	
52.932	-5.38308	232.432	0	
52.7729	-3.63728	219.669	0	
7.19003	-0.184751	201.343	0	
8.40053	-0.895475	187.052	0	
8.8172	-1.39816	190.294	0	
9.94241	-1.38607	189.611	0	
9.52574	-0.286396	191.412	0	
10.9005	-0.895475	186.216	0	
9.38461	-1.25304	189.404	0	
10.3591	-0.88338	187.768	0	
11.3172	-1.39816	190.816	0	
11.9398	-1.32891	189.729	0	
15.625	-0.165467	189.109	0	
14.69	-0.184751	186.966	0	
15.9685	-1.39317	190.905	0	
17.4424	-1.38607	193.409	0	
13.75	-0.36376	186.94	0	
14.3775	-0.368067	189.094	0	
14.0625	-0.183316	184.443	0	
14.6947	-0.920708	191.488	0	
15.1067	-0.350218	192.399	0	
12.8125	-0.180456	183.932	0	
13.125	-0.360901	188.293	0	
13.4348	-1.28335	189.285	0	
14.0625	-0.913707	190.005	0	
14.06	-1.27666	190.125	0	
15.4213	-0.966309	191.218	0	
12.4705	-0.377849	193.767	0	
13.4375	-0.180445	183.127	0	
12.4682	-0.740115	187.61	0	
13.0599	-1.49081	192.939	0	
14.1572	-1.97917	193.552	0	
14.3681	-2.50014	193.433	0	
15.1045	-2.10871	193.32	0	
11.9497	-0.197392	190.039	0	
12.3311	-1.60165	192.907	0	
12.8101	-0.903612	192.004	0	
12.3088	-2.01013	193.115	0	
13.7394	-1.86147	191.858	0	
14.3709	-1.5893	192.296	0	
14.9432	-2.61432	194.227	0	
15.4865	-2.09548	192.982	0	
12.0145	-0.858151	190.945	0	
12.7478	-1.29438	190.067	0	
12.7014	-2.08993	194.078	0	
12.7619	-2.48451	194.309	0	
15.2518	-3.14016	195.08	0	
15.5419	-1.6563	192.422	0	
11.3856	-2.59869	194.211	0	
13.2979	-2.83324	194.509	0	
13.3596	-4.02117	198.799	0	
13.9248	-2.93467	195.524	0	
15.8764	-2.439	194.356	0	
16.3851	-1.62981	192.343	0	
11.481	-3.5524	197.877	0	
12.9568	-3.26943	196.171	0	
12.2965	-2.75042	194.822	0	
12.9265	-3.72549	196.279	0	
12.3915	-3.17237	196.264	0	
12.0788	-3.51605	196.311	0	
11.0664	-3.1596	195.822	0	
11.5324	-4.55957	201.191	0	
15.803	-2.97808	194.221	0	
17.4105	-2.5273	194.746	0	
14.7687	-3.75785	196.468	0	
15.0995	-4.27696	197.234	0	
10.4727	-3.31164	197.532	0	
11.2041	-4.09609	198.37	0	
11.578	-6.25651	207.115	0	
13.9974	-5.17273	201.731	0	
16.7042	-3.1769	194.601	0	
18.355	-4.01138	196.113	0	
9.95863	-2.75074	193.974	0	
9.36553	-4.23788	200.465	0	
17.1777	-3.52367	196.403	0	
17.202	-4.14197	196.344	0	
12.5997	-4.96282	202.423	0	
14.8305	-4.91064	198.734	0	
15.4857	-5.42085	201.1	0	
17.7638	-5.81942	200.618	0	
19.1895	-3.967	197.306	0	
20.7979	-2.83324	196.107	0	
16.2434	-4.6171	198.564	0	
16.5784	-5.57263	201.368	0	
12.5023	-6.04084	203.13	0	
13.4883	-6.68945	206.284	0	
15.2123	-6.17565	202.581	0	
16.985	-7.11773	207.686	0	
17.4838	-6.82448	203.758	0	
19.2155	-4.73493	199.453	0	
21.25	-0.36376	192.903	0	
22.4462	-0.406845	199	0	
21.5625	-0.183316	189.393	0	
21.8604	-0.355468	193.063	0	
21.8604	-0.722099	192.419	0	
20.3125	-0.180456	195.229	0	
20.625	-0.360901	196.091	0	
20.9348	-1.28335	194.62	0	
21.5625	-0.913707	194.742	0	
19.375	-0.240517	183.091	0	
20.9375	-0.180445	191.477	0	
20.2457	-1.2956	195.008	0	
20.5599	-1.49081	197.12	0	
21.2535	-1.88463	195.727	0	
18.75	-0.405984	188.964	0	
19.829	-1.60286	195.46	0	
20.308	-0.904829	197.572	0	
19.8088	-2.01013	196.27	0	
21.6235	-2.12359	197.146	0	
22.0026	-1.93169	196.237	0	
19.8913	-0.784456	192.334	0	
19.5788	-1.27216	194.92	0	
20.2014	-2.08993	196.771	0	
20.2619	-2.48451	196.444	0	
21.8203	-2.6214	196.037	0	
22.36	-2.64645	196.35	0	
19.5237	-2.38504	196.25	0	
20.4568	-3.26943	197.102	0	
20.8596	-4.02117	197.8	0	
21.4248	-2.93467	197.149	0	
22.783	-1.77768	197.326	0	
22.7303	-1.23082	198.464	0	
18.9235	-2.53096	195.497	0	
20.4265	-3.72549	196.758	0	
19.8344	-2.68268	196.75	0	
19.2783	-3.4622	196.893	0	
19.9293	-3.10464	196.588	0	
19.6935	-3.44771	196.934	0	
18.7689	-4.21041	198.512	0	
20.0087	-3.92343	197.261	0	
18.5099	-5.14117	201.086	0	
19.4114	-4.29306	198.01	0	
18.7845	-4.75397	197.688	0	
21.4235	-5.11462	199.959	0	
18.6875	-5.67327	199.818	0	
19.4471	-5.62546	202.665	0	
19.7007	-5.07431	198.452	0	
20.8883	-6.11733	204.033	0	
17.9408	-4.9512	197.994	0	
18.3042	-6.03126	203.767	0	
17.0214	-5.13482	199.255	0	
16.4315	-6.56489	204.331	0	
17.9745	-7.02859	207.114	0	
19.7446	-6.3658	201.02	0	
16.7849	-4.59155	198.699	0	
16.0554	-5.28642	199.674	0	
17.3548	-6.1456	204.214	0	
16.726	-6.03546	202.498	0	
16.7613	-8.10917	208.722	0	
19.0597	-7.71175	208.216	0	
20.7284	-4.70056	197.841	0	
22.1944	-4.76722	195.929	0	
18.3036	-7.77209	207.688	0	
19.0666	-6.9439	206.038	0	
17.5892	-8.55942	212.836	0	
22.2671	-11.4823	219.023	0	
17.0257	-0.286396	189.202	0	
18.5417	-0.837501	189.192	0	
16.8846	-1.25304	190.083	0	
17.8591	-0.88338	190.322	0	
151.391	-0.463959	259.524	0	
152.151	-0.895475	248.67	0	
150.766	-0.298492	273.516	0	
150.986	-1.5371	234.958	0	
152.369	-1.26208	239.465	0	
154.06	-0.903557	241.665	0	
152.114	-1.63768	234.097	0	
152.786	-1.49872	235.709	0	
151.699	-1.67606	234.617	0	
152.116	-2.40408	221.635	0	
151.403	-1.30046	242.654	0	
151.041	-2.05163	230.465	0	
152.372	-2.94906	216.343	0	
152.87	-3.01462	218.159	0	
150.717	-2.4958	218.125	0	
150.902	-2.94976	218.609	0	
151.92	-3.25786	211.226	0	
152.541	-4.83405	194.337	0	
149.881	-1.85823	230.153	0	
150.901	-4.13608	204.114	0	
153.346	-3.62315	203.193	0	
153.928	-2.83359	212.431	0	
150.41	-3.45843	206.306	0	
151.889	-4.03346	205.829	0	
154.569	-2.07117	217.899	0	
153.509	-2.40773	225.048	0	
154.519	-3.91987	197.18	0	
154.467	-2.60787	219.949	0	
149.057	-1.4048	235.305	0	
149.107	-2.55735	223.097	0	
153.268	-4.56364	204.027	0	
155.731	-5.13968	184.534	0	
148.496	-2.86602	214.386	0	
148.464	-3.55021	215.442	0	
147.152	-3.53152	215.012	0	
148.628	-5.21601	191.904	0	
40.0036	-0.361702	217.536	0	
40.6275	-0.368067	214.513	0	
40.3125	-0.183316	214.585	0	
40.9447	-0.920708	214.893	0	
41.326	-0.736598	218.561	0	
39.0765	-0.230585	223.032	0	
39.5077	-0.797547	220.051	0	
41.0565	-1.40333	213.935	0	
41.636	-0.983364	214.784	0	
42.0207	-0.892876	217.777	0	
39.6911	-0.178386	222.572	0	
41.8397	-0.182522	225.265	0	
42.283	-1.22734	213.107	0	
42.681	-0.580436	216.524	0	
42.2038	-1.68583	212.41	0	
42.9353	-1.48674	211.947	0	
149.375	-0.165467	238.633	0	
148.44	-0.184751	248.535	0	
150.055	-1.39816	235.959	0	
150.404	-0.596984	237.426	0	
153.721	-0.377855	248.015	0	
154.375	-0.360901	246.061	0	
154.062	-0.180445	248.864	0	
154.688	-0.902258	235.158	0	
155.633	-0.734678	226.037	0	
153.2	-0.197411	244.113	0	
153.19	-1.32887	238.636	0	
154.688	-1.27911	234.42	0	
155.633	-0.368047	225.586	0	
153.265	-0.858125	242.406	0	
153.741	-1.96749	226.09	0	
154.06	-1.26509	236.741	0	
155.009	-1.88478	226.591	0	
155.945	-0.187647	222.192	0	
155	-0.360855	233.539	0	
153.643	-1.57236	235.484	0	
154.262	-1.85664	230.849	0	
155.569	-2.62471	214.465	0	
155.375	-2.12843	212.98	0	
155.949	-0.928997	221.086	0	
156.324	-0.748059	219.42	0	
156.088	-1.37309	219.687	0	
155.786	-1.56932	217.127	0	
156.629	-0.991928	215.928	0	
155	-0.721768	235.422	0	
155.313	-0.907943	227.592	0	
156.085	-2.75975	202.536	0	
156.831	-1.76469	202.274	0	
157.047	-0.885832	204.803	0	
156.833	-0.185694	222.675	0	
156.517	-3.2561	199.689	0	
157.628	-1.63821	181.19	0	
156.717	-2.22472	201.086	0	
157.137	-3.20737	192.773	0	
157.211	-1.40157	198.591	0	
158.13	-0.936777	162.366	0	
156.076	-3.76856	192.928	0	
159.175	-2.15804	173.486	0	
157.783	-3.76899	188.418	0	
158.557	-3.46507	187.008	0	
157.628	-4.57	189.549	0	
158.37	-6.07388	199.216	0	
159.254	-4.03113	185.034	0	
161.693	-1.77235	181.202	0	
135.94	-0.184751	203.57	0	
137.808	-0.904889	210.965	0	
143.716	-0.382852	225.362	0	
144.378	-0.368067	218.295	0	
144.062	-0.183316	220.078	0	
144.758	-1.44766	224.37	0	
144.767	-0.962924	222.795	0	
143.196	-0.199537	249.371	0	
142.327	-0.553858	231.474	0	
143.519	-1.47589	221.749	0	
144.057	-0.916578	221.737	0	
146.187	-1.45594	227.501	0	
145.024	-0.374251	226.899	0	
142.758	-1.68983	220.877	0	
144.613	-2.65462	212.488	0	
145.555	-0.957315	235.814	0	
145.542	-0.1895	257.51	0	
145.638	-1.43597	232.099	0	
146.674	-0.987326	242.294	0	
143.023	-0.883313	231.812	0	
142.815	-0.451797	225.258	0	
142.341	-1.92647	219.418	0	
142.7	-1.16865	224.961	0	
142.186	-2.57088	217.74	0	
143.498	-2.42144	214.495	0	
144.247	-1.71386	218.728	0	
144.128	-2.31748	220.879	0	
140.542	-1.6563	214.485	0	
141.329	-3.29803	213.367	0	
144.535	-3.39638	216.924	0	
146.489	-3.87676	204.102	0	
143.31	-3.05004	218.331	0	
144.33	-5.34647	199.022	0	
145.755	-2.69128	214.969	0	
145.821	-3.4356	215.817	0	
134.966	-0.382852	205.96	0	
135.628	-0.368067	205.349	0	
135.312	-0.183316	212.923	0	
135.946	-0.921265	201.498	0	
136.357	-0.486349	201.392	0	
134.446	-0.199537	163.258	0	
133.577	-0.553858	183.992	0	
134.769	-1.47589	196.7	0	
135.307	-0.916578	201.494	0	
135.941	-1.4002	202.039	0	
136.672	-1.33964	201.372	0	
134.008	-1.68983	195.136	0	
135.863	-2.64136	204.36	0	
135.501	-1.70806	201.173	0	
135.382	-2.31168	204.847	0	
134.273	-0.883313	182.767	0	
134.065	-0.451797	191.636	0	
133.591	-1.92647	198.804	0	
133.95	-1.16865	194.159	0	
133.46	-2.50157	204.43	0	
134.748	-2.42144	201.625	0	
135.792	-3.32407	209.498	0	
137.253	-3.42976	207.86	0	
132.832	-2.62084	202.595	0	
132.21	-3.29366	206.636	0	
135.103	-3.52112	206.654	0	
135.982	-4.68374	212.462	0	
138.046	-3.16676	207.912	0	
138.375	-2.07896	207.96	0	
134.07	-4.24631	209.562	0	
134.539	-2.94816	208.663	0	
132.563	-1.84434	197.115	0	
130.402	-3.06759	202.178	0	
132.136	-5.3396	213.498	0	
135.263	-4.68827	210.142	0	
132.863	-4.28461	212.185	0	
132.665	-3.22077	207.097	0	
131.911	-5.95901	214.61	0	
134.878	-5.37281	213.691	0	
133.9	-6.53582	212.679	0	
134.477	-6.81949	211.263	0	
129.896	-0.484914	203.869	0	
130.628	-0.368067	191.614	0	
130.312	-0.183316	191.692	0	
130.945	-0.920708	189.452	0	
131.326	-0.736598	181.711	0	
129.578	-1.3364	190.247	0	
129.888	-1.69266	193.555	0	
130.748	-1.70415	195.753	0	
131.636	-0.983364	190.04	0	
129.849	-2.25666	196.919	0	
130.867	-2.30778	197.417	0	
131.481	-2.54263	202.671	0	
131.484	-1.4805	190.315	0	
132.021	-0.892876	185.236	0	
131.84	-0.182522	168.084	0	
132.283	-1.22734	192.764	0	
132.681	-0.580436	189.135	0	
131.732	-1.77038	196.354	0	
133.099	-1.67001	197.877	0	
131.823	-2.23157	198.414	0	
132.426	-2.22006	201	0	
128.832	-2.51438	196.808	0	
129.91	-3.31342	206.839	0	
128.549	-3.02997	201.496	0	
129.457	-3.0763	201.7	0	
128.993	-3.83537	206.393	0	
131.617	-3.76404	207.903	0	
128.022	-3.25876	203.434	0	
128.518	-4.06251	208.785	0	
130.997	-5.23549	214.622	0	
131.343	-4.1785	211.787	0	
130.83	-3.37665	207.962	0	
130.501	-4.24266	212.302	0	
132.108	-3.79242	209.296	0	
131.663	-2.99582	204.06	0	
130.557	-4.88251	212.486	0	
131.435	-4.82044	212.361	0	
132.345	-4.22719	210.54	0	
133.081	-3.77696	207.987	0	
128.523	-4.63205	210.892	0	
129.521	-4.18028	211.291	0	
130.057	-5.18246	214.449	0	
130.181	-6.28178	215.28	0	
131.946	-4.84075	214.525	0	
132.768	-5.23022	214.711	0	
127.916	-4.96681	213.622	0	
127.505	-6.26729	216.783	0	
128.901	-5.88662	215.373	0	
130.886	-6.9545	213.691	0	
133.718	-5.89911	214.418	0	
133.097	-4.78879	211.337	0	
130.283	-5.75177	214.791	0	
130.73	-7.73174	215.263	0	
131.444	-6.80498	215.029	0	
132.999	-5.7585	213.25	0	
131.529	-8.4616	207.84	0	
132.523	-6.17327	214.768	0	
131.37	-6.16665	214.694	0	
132.1	-7.14034	214.147	0	
126.663	-7.42124	213.766	0	
129.721	-7.49782	212.746	0	
132.549	-8.33123	210.27	0	
133.333	-7.58715	211.332	0	
132.208	-10.2551	197.103	0	
135.389	-8.74354	203.364	0	
134.453	-7.50595	209.858	0	
133.296	-6.93821	212.495	0	
132.594	-7.69815	209.253	0	
133.343	-8.98728	203.362	0	
134.693	-9.14392	201.339	0	
137.387	-6.03853	208.426	0	
133.188	-9.95673	200.141	0	
136.251	-9.24299	198.154	0	
137.695	-7.43096	203.828	0	
136.597	-7.83582	204.61	0	
114.375	-0.240555	169.262	0	
115.625	-0.360901	173.013	0	
115.312	-0.180445	169.424	0	
115.938	-0.902258	176.457	0	
116.883	-0.734678	168.538	0	
113.55	-0.506736	168.105	0	
115.292	-0.914235	178.87	0	
115.938	-1.27911	176.369	0	
116.883	-0.368047	172.879	0	
114.552	-1.06781	178.634	0	
115.61	-1.83986	184.052	0	
115.29	-1.2764	178.131	0	
116.259	-1.88478	183.414	0	
117.195	-0.187647	166.848	0	
116.25	-0.360855	170.578	0	
114.157	-1.03246	174.148	0	
113.932	-1.37074	181.073	0	
114.863	-1.36986	182.158	0	
114.875	-1.7112	183.819	0	
116.819	-2.62471	194.72	0	
116.625	-2.12843	191.092	0	
117.199	-0.928997	179.316	0	
117.574	-0.748059	174.316	0	
113.526	-1.3479	180.361	0	
115.289	-1.99678	188.666	0	
114.873	-2.68138	195.448	0	
117.482	-2.32426	193.228	0	
117.338	-1.37309	179.675	0	
117.036	-1.56932	185.426	0	
117.879	-0.991928	178.421	0	
116.25	-0.721768	167.759	0	
116.563	-0.907943	176.413	0	
113.133	-0.169187	171.095	0	
112.661	-0.461697	173.311	0	
113.283	-1.68444	185.506	0	
113.509	-2.07434	189.636	0	
114.6	-2.39357	192.596	0	
115.249	-2.41015	193.081	0	
116.407	-4.22043	207.711	0	
116.417	-2.91972	198.892	0	
117.335	-2.75975	194.473	0	
117.951	-2.21083	189.68	0	
118.297	-0.885832	177.75	0	
118.083	-0.185694	176.801	0	
113.959	-2.0684	190.088	0	
113.991	-2.90411	199.078	0	
114.868	-3.15748	200.897	0	
115.534	-2.79189	196.722	0	
111.797	-0.208685	166.405	0	
112.874	-1.63047	185.805	0	
112.644	-1.24889	180.284	0	
112.646	-2.02366	189.087	0	
113.549	-2.80959	197.68	0	
114.21	-2.50075	192.888	0	
117.648	-3.1221	201.649	0	
118.259	-2.54096	195.536	0	
118.79	-2.31756	188.584	0	
118.861	-1.62431	185.934	0	
118.444	-1.38768	179.53	0	
119.105	-0.567113	177.687	0	
114.131	-3.49491	203.321	0	
115.335	-3.70816	205.666	0	
112.218	-1.26247	183.243	0	
112.263	-2.01773	190.809	0	
111.946	-2.49594	197.049	0	
112.261	-3.07904	201.21	0	
113.222	-3.23944	201.714	0	
113.587	-3.73498	204.95	0	
117.458	-3.68268	203.397	0	
118.523	-3.45446	204.393	0	
114.799	-4.02439	207.799	0	
114.545	-3.61372	203.891	0	
111.941	-0.946291	174.02	0	
111.57	-1.21942	184.05	0	
112.159	-0.501195	179.984	0	
111.271	-0.422041	181.392	0	
110.758	-1.7432	185.365	0	
111.262	-3.32899	202.566	0	
111.468	-2.02324	192.574	0	
111.567	-2.46068	194.162	0	
112.796	-2.99263	198.668	0	
112.211	-4.15103	208.31	0	
116.742	-3.61535	203.782	0	
115.742	-4.19015	209.532	0	
110.724	-0.213356	157.391	0	
110.372	-0.448049	183.107	0	
109.843	-1.46819	183.991	0	
111.201	-2.76044	200.754	0	
110.984	-2.10113	194.423	0	
110.835	-2.50341	193.939	0	
110.311	-2.68422	202.197	0	
110.257	-3.21998	200.24	0	
109.673	-0.172152	180.458	0	
110.065	-1.03284	183.868	0	
112.804	-5.0983	212.675	0	
115.607	-5.82554	216.527	0	
109.141	-1.44693	181.629	0	
108.827	-2.21903	189.075	0	
108.273	-2.49978	202.031	0	
108.779	-3.36269	209.665	0	
111.738	-4.60543	212.244	0	
112.163	-5.2464	213.649	0	
115.29	-5.05736	212.018	0	
115.188	-6.6531	213.7	0	
109.271	-3.11686	198.835	0	
110.471	-4.58404	214.484	0	
111.05	-4.34546	207.895	0	
110.535	-5.16174	210.648	0	
111.738	-7.15304	215.415	0	
113.52	-5.51972	216.28	0	
108.718	-3.98094	204.693	0	
109.755	-4.14414	206.428	0	
109.141	-4.84947	208.165	0	
110.47	-7.36582	214.091	0	
108.21	-4.18057	213.292	0	
108.616	-5.02078	215.81	0	
107.774	-3.86712	204.822	0	
107.261	-4.64995	208.859	0	
108.626	-5.74112	210.162	0	
109.745	-5.20988	216.293	0	
107.821	-3.35252	208.602	0	
106.88	-3.28111	207.005	0	
105.969	-4.59401	208.557	0	
108.146	-6.08258	216.402	0	
107.667	-5.59682	210.761	0	
106.429	-7.03412	205.594	0	
108.318	-3.04772	198.809	0	
107.739	-2.29304	192.573	0	
106.434	-2.54146	201.586	0	
106.162	-3.98768	209.054	0	
105.297	-5.84516	208.671	0	
106.341	-6.12901	212.805	0	
106.893	-5.61407	210.637	0	
105.481	-7.4896	209.116	0	
105.433	-2.50107	200.642	0	
105.304	-3.1909	201.375	0	
106.839	-2.2888	193.175	0	
106.464	-1.58985	185.348	0	
107.322	-2.54154	202.704	0	
107.669	-1.79781	196.412	0	
106.463	-1.13092	186.036	0	
106.101	-0.412909	175.366	0	
108.724	-1.74846	194.264	0	
108.061	-1.12443	188.796	0	
106.872	-0.908437	179.738	0	
105.659	-1.04192	185.176	0	
106.05	-0.873195	174.844	0	
104.872	-0.573307	192.397	0	
108.985	-0.960209	182.308	0	
108.085	-0.258608	158.404	0	
107.025	-0.237804	183.532	0	
107.287	-1.12488	190.19	0	
105.629	-0.173793	167.447	0	
105.293	-0.581632	171.647	0	
108.529	-0.852186	168.054	0	
107.61	-0.496412	192.707	0	
110.718	-6.13303	214.931	0	
109.951	-5.83306	211.23	0	
106.645	-8.64061	196.977	0	
108.664	-7.47837	213.838	0	
110.375	-8.45024	203.079	0	
112.086	-8.05024	207.725	0	
63.75	-0.467065	195.299	0	
64.8908	-0.715414	208.595	0	
68.75	-0.36376	226.514	0	
69.3775	-0.368067	223.132	0	
69.0625	-0.183316	223.005	0	
69.6947	-0.920708	225.529	0	
70.076	-0.736598	227.839	0	
67.8125	-0.180456	228.7	0	
68.125	-0.360901	228.201	0	
68.4348	-1.28335	220.183	0	
69.0625	-0.913707	223.143	0	
69.06	-1.27666	220.169	0	
70.386	-0.983364	226.529	0	
66.875	-0.240517	194.887	0	
68.4375	-0.180445	227.587	0	
67.7457	-1.2956	216.913	0	
68.0599	-1.49081	218.386	0	
69.1572	-1.97917	218.254	0	
69.5068	-2.49898	216.559	0	
70.2702	-1.36247	226.199	0	
70.9613	-1.21281	227.965	0	
70.5897	-0.182522	252.444	0	
65.94	-0.184751	212.449	0	
67.329	-1.60286	216.055	0	
67.808	-0.904829	220.553	0	
67.3088	-2.01013	214.628	0	
68.7394	-1.86147	218.139	0	
69.3709	-1.5893	219.04	0	
70.0272	-1.99893	218.191	0	
70.3717	-1.94218	220.889	0	
67.3913	-0.784456	212.48	0	
66.8937	-0.984216	215.965	0	
67.7014	-2.08993	216.435	0	
67.7619	-2.48451	216.109	0	
69.8836	-2.30904	217.436	0	
70.1016	-2.6209	215.677	0	
70.9358	-2.11208	219.618	0	
70.5044	-1.61279	220.787	0	
71.148	-2.36923	216.751	0	
72.0114	-1.57484	223.247	0	
71.4376	-1.85227	221.613	0	
71.912	-0.462131	234.733	0	
71.3161	-1.15591	228.607	0	
70.9568	-0.464506	242.896	0	
66.484	-2.35133	213.864	0	
68.2979	-2.83324	215.888	0	
68.6232	-3.67538	216.586	0	
69.5085	-2.88981	215.639	0	
69.171	-2.38375	216.503	0	
69.9219	-2.92722	215.659	0	
68.7277	-2.81829	216.498	0	
68.8342	-3.26219	215.605	0	
70.2048	-3.35081	214.18	0	
71.3504	-2.87521	214.181	0	
70.6847	-2.79081	214.8	0	
71.6732	-2.54844	215.265	0	
70.611	-3.27851	214.168	0	
71.4126	-3.32769	212.945	0	
69.503	-3.61185	215.085	0	
70.2262	-4.22551	213.488	0	
71.5739	-1.54208	223.569	0	
72.2245	-0.298492	224.634	0	
66.4734	-3.55423	218.752	0	
67.9568	-3.26943	217.019	0	
67.2965	-2.75042	216.106	0	
67.9634	-3.97858	217.196	0	
68.1757	-3.66767	216.886	0	
70.0151	-3.70675	214.355	0	
65.9394	-3.21501	217.005	0	
71.3046	-0.445624	239.568	0	
67.3915	-3.17237	217.109	0	
67.0788	-3.51605	218.576	0	
66.5381	-4.27569	220.508	0	
71.4511	-0.820239	234.317	0	
71.8501	-0.836747	229.455	0	
67.645	-4.94964	215.13	0	
69.3442	-4.54415	216.6	0	
69.0948	-3.90865	214.758	0	
69.9635	-4.76611	213.714	0	
68.2446	-6.22613	207.717	0	
68.8776	-4.9924	213.656	0	
70.4255	-5.18881	210.914	0	
71.0049	-4.68216	211.295	0	
64.2364	-2.7365	215.643	0	
66.1065	-4.71511	219.91	0	
66.2231	-5.55885	221.451	0	
67.5434	-5.67087	219.253	0	
63.6741	-5.1481	224.831	0	
65.3753	-4.32736	221.554	0	
83.75	-0.467065	250.098	0	
84.6505	-0.895475	235.457	0	
85.0672	-1.39816	228.203	0	
86.216	-0.746867	230.639	0	
87.19	-0.184751	244.293	0	
88.5417	-0.898582	223.065	0	
86.2204	-0.380562	229.479	0	
86.8775	-0.368067	234.381	0	
86.5625	-0.183316	237.345	0	
87.1947	-0.920708	222.684	0	
87.6067	-0.350218	215.364	0	
85.6996	-0.197247	218.161	0	
85.6877	-1.33295	224.534	0	
87.1908	-1.39588	222.961	0	
87.9213	-0.966309	215.211	0	
85.7623	-0.862043	225.923	0	
86.8711	-1.59524	221.626	0	
86.5555	-1.30162	225.6	0	
87.54	-2.42753	212.093	0	
86.1388	-1.60315	222.206	0	
87.003	-2.45625	213.472	0	
86.2574	-2.06291	218.894	0	
86.309	-2.86276	211.742	0	
86.3186	-3.87262	204.738	0	
86.8284	-3.95344	202.071	0	
85.0286	-2.64133	216.255	0	
86.0309	-3.25278	205.62	0	
85.5027	-4.07953	202.511	0	
86.1799	-5.14632	196.268	0	
84.5499	-3.29899	205.022	0	
85.5578	-3.20982	210.45	0	
87.3222	-5.01961	197.48	0	
87.8436	-2.88574	209.78	0	
84.5969	-4.20202	199.283	0	
86.0635	-4.30752	198.534	0	
83.844	-4.52685	198.729	0	
85.4875	-5.39509	194.037	0	
85.1139	-4.41056	198.821	0	
84.9824	-4.88732	195.21	0	
83.5438	-4.94847	195.17	0	
84.0608	-5.56092	191.255	0	
83.0251	-4.76538	197.36	0	
83.2134	-5.71002	192.751	0	
82.8041	-6.75526	189.773	0	
84.2003	-6.17785	193.778	0	
87.5383	-3.38529	205.289	0	
88.5678	-1.89702	213.46	0	
88.0096	-5.15975	198.212	0	
88.2769	-4.01373	200.741	0	
85.0325	-6.16071	188.704	0	
84.8022	-7.62669	187.193	0	
87.6592	-3.99594	203.211	0	
88.745	-3.42282	205.633	0	
88.7787	-6.24143	194.35	0	
89.8479	-4.21145	201.315	0	
89.5521	-3.59019	203.884	0	
88.8596	-2.4555	210.867	0	
82.0387	-6.21812	195.095	0	
83.7845	-6.79081	189.268	0	
82.2801	-8.40827	194.762	0	
82.87	-7.74912	195.369	0	
83.2998	-9.82135	195.259	0	
84.0167	-7.48844	194.151	0	
83.8071	-9.21233	196.018	0	
85.4022	-6.91192	192.899	0	
92.19	-0.184751	224.669	0	
93.5333	-1.03853	207.611	0	
96.25	-0.36376	200.764	0	
96.8775	-0.368067	207.866	0	
96.5625	-0.183316	204.012	0	
97.1947	-0.920708	204.633	0	
97.576	-0.736598	200.562	0	
95.3125	-0.180456	187.024	0	
95.625	-0.360901	197.201	0	
95.9348	-1.28335	202.078	0	
96.5625	-0.913707	204.544	0	
96.56	-1.27666	204.324	0	
97.886	-0.983364	202.863	0	
94.9666	-0.380108	207.72	0	
95.9375	-0.180445	194.76	0	
94.9636	-0.742721	205.167	0	
95.3095	-0.903958	204.8	0	
96.6572	-1.97917	205.722	0	
97.0068	-2.49898	206.692	0	
97.7702	-1.36247	200.991	0	
98.4613	-1.21281	199.149	0	
98.0897	-0.182522	175.763	0	
94.4458	-0.199652	236.783	0	
93.5774	-0.553653	215.795	0	
94.68	-2.06779	209.041	0	
95.9031	-2.06434	206.611	0	
96.2394	-1.86147	205.225	0	
96.8709	-1.5893	205.828	0	
97.5272	-1.99893	206.236	0	
97.8717	-1.94218	203.599	0	
94.6512	-0.993781	205.627	0	
95.236	-1.30046	203.318	0	
95.1748	-2.11605	207.35	0	
95.4639	-3.26944	206.989	0	
97.3836	-2.30904	206	0	
97.6016	-2.6209	207.163	0	
98.4358	-2.11208	203.383	0	
98.0044	-1.61279	204.463	0	
98.648	-2.36923	204.828	0	
99.5114	-1.57484	198.903	0	
98.9376	-1.85227	201.315	0	
99.412	-0.462131	194.523	0	
98.8161	-1.15591	197.591	0	
98.4568	-0.464506	188.111	0	
94.5096	-1.70934	207.74	0	
95.8049	-2.83371	207.479	0	
96.1255	-3.67622	206.879	0	
97.0085	-2.88981	207.355	0	
96.671	-2.38375	206.653	0	
97.4219	-2.92722	206.808	0	
96.2286	-2.81871	206.705	0	
96.3355	-3.26186	207.443	0	
97.7048	-3.35081	207.656	0	
98.8504	-2.87521	206.114	0	
98.1847	-2.79081	207.059	0	
99.1732	-2.54844	204.601	0	
98.111	-3.27851	206.801	0	
98.9126	-3.32769	206.555	0	
97.0034	-3.6111	207.449	0	
97.7246	-4.21615	206.961	0	
99.0739	-1.54208	199.933	0	
99.7245	-0.298492	206.704	0	
94.0182	-1.61726	210.724	0	
93.5652	-2.32299	209.81	0	
94.8865	-2.71528	208.059	0	
95.4644	-3.9793	205.856	0	
95.6776	-3.6688	207.098	0	
97.5151	-3.70676	206.991	0	
94.0479	-3.22314	207.515	0	
98.8046	-0.445624	190.428	0	
94.9947	-3.11756	207.476	0	
94.6152	-3.46142	206.843	0	
93.8948	-4.65548	205.082	0	
98.9511	-0.820239	194.644	0	
99.3501	-0.836747	198.806	0	
94.2732	-0.883223	217.153	0	
94.0648	-0.451707	209.809	0	
95.6822	-4.58178	203.554	0	
96.8514	-4.53103	204.578	0	
96.5963	-3.90907	206.708	0	
97.4679	-4.74245	206.392	0	
93.6015	-1.8539	210.494	0	
93.95	-1.16845	210.274	0	
95.145	-4.93543	204.175	0	
95.0466	-5.68706	197.609	0	
97.9352	-5.16393	204.939	0	
98.5085	-4.67158	207.086	0	
93.0566	-2.54965	210.586	0	
93.5622	-3.47901	207.732	0	
92.6282	-2.2404	212.353	0	
91.9482	-3.29939	208.197	0	
92.9222	-1.33964	215.971	0	
91.4851	-1.33695	215.856	0	
90.8022	-1.86232	213.983	0	
91.6953	-2.21866	213.125	0	
94.2638	-5.91482	200.447	0	
94.5861	-4.45039	202.667	0	
108.606	-0.441924	176.782	0	
109.946	-0.406845	174.904	0	
109.062	-0.183316	171.423	0	
109.36	-0.355468	177.87	0	
109.36	-0.722099	174.391	0	
-127.604	-0.348783	184.478	0	
-126.872	-0.368067	170.032	0	
-127.188	-0.183316	162.259	0	
-126.537	-0.931598	173.305	0	
-126.143	-0.425268	170.568	0	
-127.682	-1.44897	179.482	0	
-127.193	-0.916578	178.075	0	
-126.538	-1.30398	175.515	0	
-125.606	-1.41185	176.448	0	
-126.947	-1.57459	178.74	0	
-126.23	-1.99919	179.241	0	
103.44	-0.184751	173.913	0	
104.664	-1.00482	181.827	0	
128.125	-0.165467	184.302	0	
127.5	-0.467065	186.911	0	
139.69	-0.184751	194.001	0	
140.87	-1.08246	220.17	0	
138.75	-0.36376	208.161	0	
139.378	-0.368067	205.391	0	
139.062	-0.183316	200.508	0	
139.695	-0.920708	212.287	0	
140.107	-0.350218	220.486	0	
137.812	-0.180456	213.332	0	
138.125	-0.360901	214.393	0	
138.435	-1.28335	206.087	0	
139.062	-0.913707	207.848	0	
139.06	-1.27666	205.768	0	
140.421	-0.966309	214.608	0	
137.396	-0.482054	219.352	0	
138.438	-0.180445	207.452	0	
137.391	-0.845598	199.729	0	
137.808	-1.26372	205.089	0	
139.157	-1.97917	208.632	0	
139.16	-2.39498	209.008	0	
140.104	-2.10871	211.172	0	
137.079	-1.3333	205.096	0	
137.549	-1.9712	206.502	0	
138.122	-1.45888	208.101	0	
137.497	-2.4324	206.137	0	
138.739	-1.86147	207.153	0	
139.371	-1.5893	208.369	0	
139.943	-2.61432	211.988	0	
140.487	-2.09548	213.686	0	
137.391	-1.57099	204.012	0	
138.067	-1.86175	205.896	0	
140.3	-3.20283	211.329	0	
141.346	-2.23516	215.253	0	
140.874	-2.43769	213.779	0	
141.354	-1.81679	217.642	0	
137.829	-3.6265	209.579	0	
139.478	-2.7057	209.665	0	
140.849	-3.03944	213.077	0	
141.704	-2.70128	214.299	0	
141.867	-1.63851	217.005	0	
141.287	-0.95254	215.703	0	
138.523	-3.88778	209.165	0	
138.81	-3.18563	208.72	0	
138.721	-2.68069	208.63	0	
138.495	-3.42771	209.03	0	
138.094	-4.0482	208.733	0	
139.374	-4.17325	209.615	0	
136.918	-4.0177	211.908	0	
138.618	-4.80583	209.434	0	
138.137	-6.21276	208.047	0	
139.039	-5.25258	208.713	0	
140.264	-4.22126	209.427	0	
138.924	-4.25333	209.305	0	
139.496	-3.67078	209.584	0	
141.54	-3.98414	210.042	0	
139.759	-5.05289	208.027	0	
140.079	-3.67424	211.134	0	
140.371	-5.4975	208.245	0	
140.987	-4.46911	210.871	0	
139.489	-6.29304	205.201	0	
142.075	-6.9049	200.214	0	
-5.10417	-0.348783	222.493	0	
-4.37247	-0.368067	203.609	0	
-4.6875	-0.183316	192.19	0	
-4.05439	-0.921265	207.874	0	
-3.64331	-0.486349	204.661	0	
-5.26201	-1.37913	215.289	0	
-4.69255	-0.916578	212.782	0	
-4.32742	-1.57838	209.116	0	
-3.32775	-1.33964	209.94	0	
-5.55228	-1.69701	215.402	0	
-4.78061	-2.42951	210.941	0	
-4.15056	-2.08103	210.404	0	
-3.64011	-1.58076	210.028	0	
-5.95454	-1.6056	217.101	0	
-6.24392	-2.30322	214.266	0	
-5.36511	-2.05572	212.984	0	
-5.73686	-2.60816	211.467	0	
-5.68751	-3.11536	209.812	0	
-5.37551	-3.34699	208.721	0	
-6.56991	-3.08647	211.712	0	
-5.55814	-3.81299	208.08	0	
-5.23534	-4.86175	203.659	0	
-3.74994	-3.27755	209.556	0	
-4.63801	-3.34536	208.87	0	
-5.1885	-4.16332	206.693	0	
-5.86756	-1.08656	223.133	0	
-6.70089	-1.45933	220.737	0	
-7.0259	-3.4763	204.431	0	
-6.5919	-3.92367	207.112	0	
-3.09852	-5.49243	210.356	0	
-3.72239	-3.87193	208.882	0	
-4.09455	-4.88046	208.337	0	
-3.22975	-4.27418	210.163	0	
-4.56573	-5.29741	204.375	0	
-4.45307	-6.6972	193.881	0	
147.466	-0.382852	236.099	0	
148.128	-0.368067	250.102	0	
147.812	-0.183316	250.2	0	
148.445	-0.920708	245.239	0	
148.857	-0.350218	252.728	0	
146.946	-0.199537	241.71	0	
146.465	-0.55581	239.14	0	
147.391	-1.7017	226.657	0	
147.807	-0.916578	239.938	0	
148.442	-1.28208	237.732	0	
149.171	-0.966309	247.029	0	
146.952	-2.16482	223.67	0	
147.964	-2.5399	223.192	0	
148.123	-1.45789	234.551	0	
148.686	-1.89771	231.817	0	
147.388	-1.34328	235.849	0	
147.961	-2.01781	224.442	0	
149.088	-2.11015	224.229	0	
149.351	-1.79404	232.294	0	
-36.2145	-0.538447	220.075	0	
-35.4984	-0.438551	205.148	0	
-35.9375	-0.183316	210.523	0	
-31.2849	-0.382247	227.557	0	
-30.6225	-0.368067	216.73	0	
-30.9375	-0.183316	224.411	0	
-30.2868	-0.931598	214.948	0	
-29.8933	-0.425268	217.028	0	
-31.4342	-1.45001	215.402	0	
-30.9426	-0.916578	218.244	0	
-30.2884	-1.3027	214.57	0	
-29.3563	-1.41185	218.103	0	
-30.6991	-1.57434	210.151	0	
-29.9814	-1.99564	207.875	0	
91.2151	-0.382247	218.323	0	
91.8775	-0.368067	227.272	0	
91.5625	-0.183316	217.096	0	
92.1956	-0.921265	223.178	0	
92.6067	-0.486349	237.344	0	
91.0685	-1.40183	213.977	0	
91.5574	-0.916578	219.338	0	
92.2051	-1.38123	215.355	0	
92.6218	-1.68276	213.199	0	
64.8958	-0.348783	202.461	0	
65.6275	-0.368067	214.022	0	
65.3125	-0.183316	216.815	0	
65.9632	-0.931598	212.905	0	
66.3567	-0.425268	213.573	0	
64.7689	-1.47589	208.531	0	
65.3074	-0.916578	208.478	0	
65.9549	-1.41615	210.789	0	
66.8937	-1.41185	211.241	0	
63.8446	-1.81609	208.646	0	
65.948	-2.65343	216.132	0	
65.4973	-1.71367	211.694	0	
65.3779	-2.3173	212.693	0	
63.5225	-2.4344	210.662	0	
64.7491	-2.36442	211.883	0	
62.8449	-2.52409	212.238	0	
63.8233	-3.84043	221.874	0	
59.8958	-0.484914	211.482	0	
60.6275	-0.368067	206.861	0	
60.3125	-0.183316	203.646	0	
60.9447	-0.920708	204.97	0	
61.2903	-0.382295	202.673	0	
59.5783	-1.3364	203.652	0	
59.9157	-1.73088	206.448	0	
60.6497	-1.62861	208.305	0	
61.6049	-0.998386	204.85	0	
60.7691	-2.23224	209.173	0	
61.6044	-1.80352	207.653	0	
-89.9964	-0.361702	179.276	0	
-89.3725	-0.368067	181.694	0	
-89.6875	-0.183316	188.173	0	
-89.0553	-0.920708	179.612	0	
-88.6433	-0.350218	171.734	0	
-90.9235	-0.230585	172.495	0	
-90.4923	-0.797547	175.326	0	
-89.3602	-1.61501	184.043	0	
-88.3287	-0.966309	178.314	0	
-89.2408	-2.21864	186.646	0	
-90.3089	-0.178386	171.001	0	
-88.4535	-1.7513	184.977	0	
6.22043	-0.380562	188.64	0	
6.87753	-0.368067	195.501	0	
6.5625	-0.183316	194.103	0	
7.19466	-0.920708	194.229	0	
7.60669	-0.350218	193.387	0	
5.6996	-0.197247	180.156	0	
5.68772	-1.33295	190.316	0	
6.95646	-1.58547	194.702	0	
7.9213	-0.966309	192.865	0	
5.76232	-0.862043	189.841	0	
6.2226	-1.71924	193.803	0	
7.24073	-1.92869	195.986	0	
7.68032	-1.67542	194.522	0	
102.47	-0.380562	189.714	0	
103.128	-0.368067	179.532	0	
102.812	-0.183316	168.974	0	
103.445	-0.920708	185.621	0	
103.857	-0.350218	184.361	0	
101.95	-0.197247	199.909	0	
101.938	-1.33295	190.759	0	
103.536	-1.39799	187.177	0	
104.171	-0.966309	188.443	0	
102.012	-0.862043	192.44	0	
102.493	-1.95861	194.883	0	
103.107	-1.95249	192.912	0	
102.806	-1.27536	187.916	0	
-113.605	-1.60683	175.271	0	
-114.49	-1.80224	176.865	0	
-115.214	-3.86716	200.642	0	
-115.116	-4.83484	203.42	0	
-68.7124	-6.28115	263.176	0	
-67.2236	-5.11941	235.771	0	
-164.279	-5.61419	375.202	0	
-163.006	-0.428021	255.229	0	
-162.781	-3.98662	285.029	0	
-158.963	-6.42592	296.549	0	
-159.562	-5.62254	266.158	0	
77.2559	-3.72916	205.939	0	
77.3798	-5.11603	202.793	0	
78.7493	-6.11456	196.851	0	
78.5308	-4.40791	202.151	0	
53.5747	-3.76697	222.375	0	
55.223	-3.70989	219.946	0	
54.7652	-4.30743	226.096	0	
53.8808	-4.35119	228.227	0	
35.1567	-7.00554	229.626	0	
36.3859	-6.13948	226.202	0	
40.3722	-7.74558	224.583	0	
39.7216	-8.67604	217.51	0	
43.2176	-9.26998	197.699	0	
44.4272	-8.07031	207.587	0	
44.1414	-6.65656	221.51	0	
45.3824	-7.87602	209.004	0	
28.4812	-8.33495	223.141	0	
30.3894	-9.48839	228.987	0	
31.191	-7.86491	227.06	0	
32.202	-9.1351	229.652	0	
25.6663	-6.99209	210.657	0	
25.8893	-8.31939	219.186	0	
24.3939	-7.8363	214.588	0	
27.1596	-10.801	224.816	0	
26.4558	-10.0738	225.872	0	
26.6743	-9.11764	222.583	0	
29.5712	-8.52377	225.017	0	
27.3166	-8.14955	221.072	0	
28.1924	-9.41065	225.944	0	
28.7059	-9.04085	225.785	0	
-148.532	-7.65211	290.803	0	
-146.244	-7.56998	267.78	0	
-137.827	-6.70554	262.759	0	
-136.967	-7.04179	259.249	0	
-126.526	-5.84177	224.655	0	
-125.292	-5.82633	225.256	0	
-124.599	-5.96956	237.641	0	
-124.382	-4.69567	209.57	0	
-124.348	-6.98053	257.432	0	
-121.707	-6.49713	256.117	0	
-131.027	-6.80094	271.718	0	
-129.926	-8.42186	335.014	0	
-126.5	-8.57805	313.322	0	
-125.003	-7.52039	282.042	0	
-122.097	-5.03868	216.523	0	
-121.518	-4.53203	196.172	0	
124.481	-6.36861	215.218	0	
123.015	-6.26539	213.873	0	
125.464	-8.11787	211.365	0	
126.34	-8.24564	214.208	0	
-117.46	-6.28213	236.755	0	
-115.894	-5.34834	227.776	0	
104.411	-8.31676	201.915	0	
107.08	-7.5199	212.953	0	
102.869	-12.5967	175.787	0	
102.03	-10.193	185.216	0	
-101.373	-4.56772	199.392	0	
-99.3329	-5.40675	227.196	0	
-107.253	-7.33497	264.58	0	
-105.687	-5.48381	220.022	0	
-103.188	-9.03876	405.326	0	
-101.627	-8.12696	287.504	0	
-115.787	-6.5782	239.699	0	
-114.407	-7.93014	311.001	0	
-98.9348	-6.89222	291.214	0	
-96.3267	-7.99413	316.445	0	
-94.3572	-5.06462	223.062	0	
-94.0732	-3.69613	200.245	0	
-97.1804	-5.67557	229.498	0	
-95.8536	-5.03889	215.931	0	
-84.6742	-5.04282	219.063	0	
-82.9365	-6.95665	278.497	0	
-80.8126	-5.07818	231.639	0	
-80.3447	-3.71485	205.991	0	
-21.2103	-6.28213	235.717	0	
-19.644	-5.34834	219.665	0	
-17.9934	-7.04782	233.77	0	
-14.7446	-6.60043	195.548	0	
-60.9841	-6.10407	266.69	0	
-60.0473	-8.75094	346.996	0	
-60.8099	-6.90958	281.393	0	
-62.3384	-7.38963	292.57	0	
-54.0555	-7.29816	316.52	0	
-54.6935	-7.88905	338.764	0	
-30.9509	-5.90798	261.435	0	
-29.0224	-5.81664	240.676	0	
-31.0709	-6.76595	270.818	0	
-30.1358	-6.87962	291.776	0	
-28.3308	-5.9856	262.19	0	
-28.1201	-4.6974	227.655	0	
-28.0929	-6.99484	288.196	0	
-25.3973	-6.54225	270.249	0	
-34.8155	-6.87388	285.943	0	
-33.1821	-6.98986	300.817	0	
-43.0264	-8.31114	328.336	0	
-40.811	-7.5336	303.714	0	
91.1272	-4.56772	198.876	0	
92.413	-4.96062	198.257	0	
-25.7988	-5.09392	228.698	0	
-25.3704	-3.73845	202.502	0	
-0.930591	-5.67299	210.343	0	
0.396413	-5.03889	211.274	0	
-3.01368	-6.68074	208.237	0	
0.171181	-7.57284	209.086	0	
4.21652	-11.02	200.525	0	
7.83123	-8.40869	214.888	0	
57.306	-7.22599	203.159	0	
62.3842	-7.14594	212.279	0	
61.6145	-5.33059	220.792	0	
60.4688	-4.69856	223.337	0	
62.4001	-5.62293	223.324	0	
62.5206	-4.37066	224.067	0	
62.9257	-6.47585	205.99	0	
65.4378	-6.83423	217.532	0	
14.2808	-6.0255	202.364	0	
14.6519	-8.7814	210.597	0	
16.0387	-8.32605	210.301	0	
15.5679	-10.2205	212.893	0	
22.9512	-5.09392	200.233	0	
23.3796	-3.73845	197.007	0	
155.034	-6.59377	179.407	0	
156.213	-6.03422	197.285	0	
145.772	-5.35053	196.656	0	
147.849	-4.81894	205.272	0	
148.776	-6.2223	192.965	0	
150.029	-6.62188	184.545	0	
142.334	-4.02558	213.524	0	
142.843	-4.74563	204.713	0	
147.888	-6.91502	181.33	0	
146.449	-4.72067	206.162	0	
136.257	-5.33037	210.412	0	
137.482	-4.82422	209.046	0	
135.562	-5.77288	211.395	0	
135.85	-7.54565	208.133	0	
116.037	-7.69164	215.287	0	
117.445	-6.42794	217.23	0	
65.5578	-5.97626	210.036	0	
66.0213	-7.21085	197.066	0	
64.8943	-5.62235	223.664	0	
63.964	-6.63647	221.195	0	
64.2964	-8.3595	201.76	0	
67.4648	-7.46885	197.286	0	
86.3932	-7.03916	186.078	0	
91.3322	-8.82156	188.404	0	
88.6624	-5.57366	193.691	0	
90.4925	-4.77736	201.762	0	
89.7504	-6.71048	190.275	0	
90.172	-5.48668	194.501	0	
82.4408	-9.34102	199.66	0	
86.6061	-14.4445	209.906	0	
85.2335	-8.47369	193.393	0	
88.2125	-8.66751	182.143	0	
92.6415	-4.2439	205.958	0	
91.7239	-5.21429	201.063	0	
93.2821	-7.11582	192.908	0	
96.5649	-5.90993	199.539	0	
138.216	-6.92846	205.295	0	
139.41	-7.04334	203.731	0	
-7.66722	-5.83936	199.401	0	
-3.65696	-9.18466	193.469	0	
77.2933	-6.99965	199.768	0	
80.4714	-7.57626	195.789	0	
54.4401	-6.89091	215.337	0	
55.4011	-7.62355	202.899	0	
34.2639	-7.32792	228.58	0	
35.8644	-8.61548	228.929	0	
45.9183	-8.55615	197	0	
47.0284	-7.42672	212.702	0	
33.2443	-9.81711	228.099	0	
34.1133	-8.96631	232.015	0	
22.1431	-9.41506	214.84	0	
24.3715	-10.0849	222.034	0	
28.2368	-10.327	227.867	0	
30.848	-10.0175	227.872	0	
29.4042	-7.37901	218.457	0	
27.9506	-7.92572	220.493	0	
29.4063	-9.18095	227.382	0	
29.0982	-8.06375	224.375	0	
29.8101	-9.62164	227.045	0	
30.5736	-8.94737	227.389	0	
28.8895	-10.7869	225.074	0	
30.3271	-10.6176	226.123	0	
29.6201	-10.3343	228.544	0	
31.0117	-11.4903	222.842	0	
28.8168	-12.0329	221.416	0	
30.232	-12.453	217.263	0	
31.1348	-8.83664	229.527	0	
30.4469	-7.86947	223.985	0	
31.5353	-9.27464	229.143	0	
32.2035	-8.49863	230.239	0	
31.4326	-9.91452	230.103	0	
32.5318	-9.72243	229.954	0	
-148.792	-8.58227	305.323	0	
-147.729	-8.74608	337.854	0	
-123.526	-7.17276	267.054	0	
-122.96	-8.14424	313.342	0	
-129.733	-9.8384	378.89	0	
-127.467	-11.6461	502.811	0	
122.459	-8.48251	214.273	0	
125.015	-8.6636	210.538	0	
124.238	-8.41518	209.714	0	
125.139	-9.75538	204.144	0	
127.794	-9.05433	211.913	0	
127.583	-7.22939	216.475	0	
103.703	-8.90842	192.526	0	
105.739	-8.92343	202.856	0	
105.226	-8.2582	197.237	0	
105.34	-9.71625	188.724	0	
-100.743	-5.07131	217.784	0	
-100.649	-6.04429	232.827	0	
-118.159	-8.70543	351.595	0	
-113.437	-7.57407	292.644	0	
-97.976	-5.93564	248.691	0	
-96.2985	-7.01973	279.76	0	
-95.3164	-8.74334	348.467	0	
-94.6407	-6.47669	258.797	0	
-96.8371	-6.68935	254.892	0	
-95.5607	-6.34622	250.152	0	
-80.4479	-6.03725	249.198	0	
-79.4804	-6.26927	252.447	0	
-53.0315	-10.0723	389.837	0	
-50.8748	-9.53674	378.317	0	
-27.2594	-7.17693	291.499	0	
-26.7071	-8.11476	339.019	0	
-1.72625	-5.93306	211.974	0	
-0.710737	-6.97611	208.975	0	
-0.532641	-7.59662	209.952	0	
0.497303	-6.97771	212.333	0	
-3.13258	-7.38942	198.3	0	
0.263269	-8.25233	209.476	0	
1.18739	-6.91999	211.338	0	
0.454646	-5.72059	210.936	0	
-2.73459	-10.764	184.556	0	
-0.346106	-8.81621	206.353	0	
-0.78665	-8.25091	204.188	0	
-1.36171	-9.67111	195.888	0	
-2.74771	-8.97568	192.906	0	
-0.502583	-10.9168	192.063	0	
-2.22135	-11.8875	182.561	0	
0.32884	-9.92138	199.072	0	
2.10016	-13.1293	183.16	0	
2.32349	-10.9613	200.767	0	
1.18452	-11.5157	192.959	0	
2.35002	-9.82526	203.633	0	
4.15206	-8.17614	212.649	0	
5.61431	-8.5661	212.801	0	
64.1579	-5.85783	212.005	0	
64.8284	-4.81719	219.935	0	
142.185	-5.4536	207.337	0	
142.648	-7.76402	192.635	0	
146.107	-6.48389	189.402	0	
147.14	-5.23929	192.98	0	
136.838	-6.61501	208.948	0	
135.993	-6.76302	208.932	0	
61.2004	-6.91738	208.46	0	
65.1666	-9.17235	163.654	0	
68.1359	-12.6717	134.176	0	
66.0341	-8.44842	195.334	0	
89.8658	-7.66954	189.101	0	
92.7682	-6.56602	191.419	0	
91.3245	-6.16337	191.42	0	
92.9876	-5.5815	200.308	0	
137.068	-7.29173	206.211	0	
138.04	-8.24589	199.939	0	
138.083	-10.1464	189.242	0	
140.108	-8.31106	196.573	0	
140.009	-7.4441	199.037	0	
140.275	-6.1401	204.784	0	
139.432	-8.78955	192.579	0	
141.157	-7.09984	196.971	0	
139.14	-10.0533	188.472	0	
141.206	-7.99167	194.615	0	
140.909	-10.2331	182.956	0	
140.982	-9.37209	187.278	0	
-4.24855	-6.02092	206.372	0	
-3.75837	-7.54776	201.08	0	
79.9461	-5.9613	196.999	0	
80.3611	-5.06781	193.503	0	
34.9608	-13.6694	182.844	0	
34.9763	-10.1682	222.805	0	
26.9571	-11.9429	223.597	0	
28.2294	-14.2982	206.947	0	
119.693	-7.74774	210.98	0	
120.575	-8.55025	214.832	0	
123.734	-9.09856	207.436	0	
124.281	-10.008	205.204	0	
105.986	-10.7045	192.574	0	
109.347	-9.16628	209.379	0	
-101.806	-6.75135	289.938	0	
-99.9242	-8.85411	362.358	0	
-114.463	-9.29776	341.003	0	
-112.899	-9.66507	383.685	0	
6.46593	-9.03284	215.091	0	
6.22577	-7.57775	212.924	0	
90.9925	-7.91604	184.025	0	
94.3278	-8.32545	187.465	0	
136.813	-8.66225	200.137	0	
137.628	-8.9331	196.47	0	
142.87	-10.3082	178.472	0	
143.548	-8.00478	189.395	0	
141.857	-9.12172	187.61	0	
141.919	-10.826	175.829	0	
-4.07837	-8.53843	187.603	0	
-1.93962	-7.56916	203.855	0	
122.731	-9.27942	206.715	0	
122.584	-10.2836	201.082	0	
124.108	-12.3221	185.378	0	
127.67	-10.8744	198.552	0	
6.11355	-9.93467	208.216	0	
7.19909	-13.277	193.355	0	
142.24	-12.0473	170.831	0	
143.744	-8.88104	183.293	0	
-2.58556	-7.81077	203.285	0	
-1.55109	-6.99343	210.561	0	
-2.34578	-8.46531	200.146	0	
-1.60539	-8.7638	199.276	0	
-154.262	-6.75939	273.452	0	
-155.804	-7.32693	311.336	0	
-154.243	-9.93821	404.474	0	
-150.871	-12.1073	500.872	0	
-149.614	-12.8929	526.272	0	
-149.744	-10.184	408.908	0	
-158.741	-7.32994	345.257	0	
-158.593	-9.38142	410.809	0	
-147.411	-9.77963	381.552	0	
-143.464	-8.11723	308.007	0	
-85.0357	-6.97728	278.298	0	
-84.0066	-6.54073	251.079	0	
-132.361	-8.12401	334.65	0	
-131.754	-6.0686	221.205	0	
-64.0456	-7.47709	292.336	0	
-61.074	-8.57362	331.275	0	
-58.5328	-7.55976	311.409	0	
-56.5626	-6.40909	273.736	0	
-15.8064	-6.52823	200.526	0	
-13.9959	-7.53912	199.402	0	
-51.7311	-9.2591	374.733	0	
-48.9736	-10.2795	376.08	0	
-49.2347	-12.103	384.465	0	
-43.249	-11.957	362.282	0	
-39.8733	-6.90128	280.617	0	
-35.4596	-6.10672	264.579	0	
75.8119	-8.11806	204.285	0	
78.2905	-6.85346	200.318	0	
-7.66045	-7.82252	195.894	0	
-9.15258	-6.52059	194.82	0	
10.3196	-8.17676	211.702	0	
9.7194	-6.61017	209.651	0	
10.866	-9.21588	214.976	0	
12.9147	-8.28801	210.709	0	
156.54	-4.52083	196.422	0	
157.719	-7.83016	206.32	0	
160.123	-3.5076	193.755	0	
161.08	-4.13529	192.767	0	
131.343	-9.41599	206.741	0	
132.094	-12.1088	184.541	0	
133.841	-10.5909	193.331	0	
137.37	-10.9037	184.696	0	
108.497	-8.5965	200.504	0	
112.608	-10.5022	202.271	0	
112.918	-8.21785	211.178	0	
114.009	-6.94081	218.263	0	
68.2478	-7.23008	211.365	0	
69.1131	-7.80065	195.844	0	
-140.473	-8.60454	304.253	0	
-166.44	-2.35302	349.856	0	
39.5273	-10.8338	188.106	0	
41.4002	-11.9762	157.16	0	
41.86	-10.6418	178.282	0	
45.7853	-10.3304	156.291	0	
25.3758	-9.7661	222.248	0	
24.8206	-14.7627	208.933	0	
-139.975	-6.74356	243.272	0	
-138.662	-7.26124	268.626	0	
-136.041	-8.20542	310.452	0	
-135.3	-7.71526	295.186	0	
-127.531	-9.02979	350.005	0	
-124.665	-13.0036	584.004	0	
-59.6346	-9.91283	384.777	0	
-57.5996	-8.92748	360.245	0	
-56.4508	-7.31487	309.469	0	
-55.7254	-8.92747	362.147	0	
-33.4266	-11.0968	423.907	0	
-29.3356	-11.5389	488.945	0	
13.7091	-7.60486	207.754	0	
14.7239	-7.87329	210.537	0	
153.86	-6.21795	197.718	0	
153.918	-5.26074	188.334	0	
147.031	-6.32908	195.75	0	
144.36	-10.8004	173.204	0	
114.652	-8.35925	209.408	0	
117.353	-10.0095	205.911	0	
80.6977	-9.81654	203.449	0	
82.1067	-11.3135	206.013	0	
84.717	-9.47491	190.106	0	
85.3103	-10.528	196.633	0	
86.8207	-8.27067	191.767	0	
88.0434	-6.67384	187.501	0	
95.6193	-7.12721	191.694	0	
97.1627	-8.06477	189.058	0	
53.2619	-7.26063	220.112	0	
51.8666	-8.38299	187.755	0	
60.9864	-9.26057	170.721	0	
59.0698	-6.61306	213.587	0	
36.4941	-9.38124	224.805	0	
38.3367	-8.61659	228.894	0	
45.1591	-9.28718	186.17	0	
45.3514	-11.72	138.901	0	
32.9432	-11.6503	215.313	0	
33.5557	-10.7692	223.621	0	
18.794	-10.3844	216.841	0	
23.1769	-9.14201	218.789	0	
-124.811	-9.87044	395.553	0	
-118.913	-7.32897	279.826	0	
128.257	-9.94412	200.098	0	
129.228	-8.19338	216.057	0	
-54.5885	-10.3187	395.383	0	
-53.5185	-11.8627	409.973	0	
-26.1421	-10.3057	417.987	0	
-23.1883	-8.60716	339.5	0	
63.1385	-8.40711	175.494	0	
63.7231	-11.3235	118.486	0	
88.784	-7.74607	191.755	0	
88.943	-10.1111	191.649	0	
135.519	-10.7549	189.971	0	
138.742	-13.0654	170.719	0	
118.542	-8.37021	215.772	0	
117.56	-10.9779	193.22	0	
103.798	-11.5401	183.692	0	
104.996	-14.5317	171.548	0	
92.6023	-9.05112	183.168	0	
96.1184	-8.00859	192.361	0	
144.297	-7.21723	188.962	0	
142.645	-6.23672	198.796	0	
-3.8453	-10.426	184.209	0	
-2.15243	-9.83871	191.852	0	
-6.10437	-10.2281	176.598	0	
-3.12054	-13.2651	172.51	0	
143.832	-12.1145	170.047	0	
148.095	-8.50075	180.076	0	
-156.205	-8.20217	348.647	0	
-155.674	-8.96001	378.492	0	
-159.087	-10.3736	482.928	0	
-157.384	-11.1008	504.369	0	
-141.471	-12.3659	528.019	0	
-142.362	-8.07281	296.7	0	
-144.073	-9.31833	344.978	0	
-143.598	-11.6695	492.739	0	
-65.1672	-7.70302	296.64	0	
-67.4953	-9.18094	345.908	0	
-63.2315	-8.06971	319.637	0	
-62.1212	-9.44942	363.677	0	
-52.1944	-10.2412	387.555	0	
-51.4314	-12.2427	398.046	0	
74.035	-8.4584	203.97	0	
76.1134	-11.2333	199.396	0	
76.8452	-8.20192	203.268	0	
77.5094	-9.45254	202.101	0	
-8.19277	-8.83837	173.113	0	
-6.53507	-5.83833	188.974	0	
8.75522	-9.88514	214.639	0	
11.7801	-11.7768	210.174	0	
159.865	-7.42419	216.815	0	
159.076	-4.93404	194.45	0	
133.625	-11.7651	187.842	0	
135.414	-11.7859	183.101	0	
113.322	-9.3458	202.515	0	
115.741	-8.57185	211.592	0	
69.3251	-9.13645	192.596	0	
70.5946	-9.62389	191.409	0	
-167.195	-1.85876	369.226	0	
-167.195	-0.933083	371.359	0	
-141.616	-9.02182	343.152	0	
-137.65	-8.42199	314.963	0	
-137.064	-9.35956	361.987	0	
-136.026	-9.20797	354.213	0	
-133.569	-7.57141	274.414	0	
-133.659	-6.39392	237.557	0	
-57.6416	-7.9532	324.516	0	
-56.4783	-9.35986	375.137	0	
-56.6291	-10.6866	398.78	0	
-53.5863	-10.7594	395.033	0	
12.0218	-8.25856	213.225	0	
12.4133	-10.0726	214.142	0	
150.978	-5.87604	191.987	0	
151.546	-8.16916	174.337	0	
145.457	-7.38999	188.493	0	
145.224	-10.2705	174.361	0	
80.3452	-12.7349	214.092	0	
83.2419	-11.0199	202.449	0	
94.7313	-7.3155	192.709	0	
93.3471	-8.27676	189.483	0	
34.4395	-10.9575	216.836	0	
40.199	-12.0751	165.494	0	
47.8712	-12.6673	113.178	0	
49.8268	-10.9742	141.046	0	
34.3551	-12.7574	194.1	0	
35.8242	-11.9139	199.804	0	
126.455	-10.9486	195.556	0	
129.941	-11.1408	193.223	0	
91.3879	-11.4682	187.838	0	
94.0374	-11.6537	180.484	0	
149.283	-8.76776	178.292	0	
144.743	-9.19443	178.892	0	
-156.963	-10.1284	439.319	0	
-155.113	-10.5481	454.979	0	
-50.0316	-12.8065	392.006	0	
-50.6782	-10.5642	387.341	0	
158.223	-5.16899	190.705	0	
159.39	-6.36406	198.34	0	
161.58	-7.45431	223.366	0	
162.033	-3.39345	209.175	0	
134.4	-12.3323	181.704	0	
137.557	-12.3435	178.594	0	
111.356	-10.2006	196.612	0	
110.287	-11.2778	194.81	0	
114.291	-9.46507	206.311	0	
115.329	-11.2276	191.191	0	
68.0834	-9.73499	169.813	0	
67.2523	-11.3312	159.92	0	
73.1968	-10.3434	194.11	0	
72.3866	-7.19517	202.312	0	
-166.497	-3.3635	367.027	0	
-164.537	-3.29965	314.03	0	
-137.298	-10.3186	415.511	0	
-135.733	-11.488	488.668	0	
-134.464	-9.04846	360.612	0	
11.7331	-9.29004	212.213	0	
13.442	-9.79052	212.601	0	
13.6547	-9.03739	212.64	0	
16.6261	-10.8146	216.466	0	
81.5592	-12.5022	211.401	0	
83.5234	-13.8219	212.177	0	
34.8677	-11.8986	205.006	0	
35.9944	-10.2445	221.419	0	
146.75	-10.538	175.616	0	
145.706	-8.49093	180.788	0	
-156.403	-12.3292	525.923	0	
-153.255	-10.4029	422.6	0	
-155.125	-11.967	498.922	0	
-154.035	-12.6431	550.117	0	
162.24	-6.11896	220.56	0	
164.127	-4.93496	237.448	0	
-168.298	-3.27016	410.861	0	
-167.323	-4.91255	419.524	0	
-165.546	-0.891596	311.969	0	
-166.396	-0.470243	338.442	0	
-143.282	-10.4239	397.862	0	
-138.782	-10.199	398.25	0	
-135.1	-10.6755	436.461	0	
-133.547	-9.90636	397.042	0	
14.5423	-10.5817	213.748	0	
13.2236	-13.5422	206.515	0	
33.3144	-12.6974	206.718	0	
37.9658	-13.7917	158.738	0	
-168.1	-0.46284	394.473	0	
-169.893	-0.941258	433.414	0	
-169.175	-3.80062	431.628	0	
-168.172	-2.32978	399.422	0	
-72.908	-8.47666	309.241	0	
-69.7162	-8.20168	308.425	0	
52.8099	-12.4762	96.3238	0	
53.6001	-9.00674	173.451	0	
-120.767	-9.9569	392.619	0	
-118.362	-12.2637	557.348	0	
-95.5262	-10.3675	412.094	0	
-93.6516	-10.5809	458.166	0	
-107.322	-15.4457	724.706	0	
-106.959	-10.041	422.42	0	
-108.183	-8.0416	321.314	0	
-108.352	-9.52833	347.512	0	
-25.0183	-8.31208	329.986	0	
-24.0912	-7.82801	308.412	0	
-45.3607	-10.1556	356.239	0	
-40.7771	-8.8285	331.952	0	
-164.952	-6.7961	414.79	0	
-162.187	-7.26833	375.283	0	
99.1161	-10.8503	183.274	0	
99.8595	-13.0214	181.234	0	
-106.283	-7.45611	300.392	0	
-105.82	-8.67541	313.308	0	
-82.8164	-8.23455	328.336	0	
-78.896	-9.76894	369.502	0	
-19.4786	-7.36401	255.776	0	
-20.6142	-8.51024	312.688	0	
-36.8551	-8.86394	348.081	0	
-38.6392	-7.3133	296.498	0	
-78.8676	-7.16911	277.169	0	
-77.8857	-6.7535	259.575	0	
-79.3802	-8.32756	330.311	0	
-77.7078	-9.8587	384.953	0	
-76.2182	-6.55021	257.992	0	
-76.9616	-4.9605	224.869	0	
-75.3446	-7.24483	291.019	0	
-75.1176	-5.33052	236.442	0	
-77.0126	-8.50643	317.101	0	
-74.2864	-9.39083	371.635	0	
1.06653	-12.5338	183.531	0	
3.08756	-12.5992	191.354	0	
58.9472	-8.82119	172.972	0	
62.3419	-9.58534	175.094	0	
-17.2342	-7.97857	239.093	0	
-14.3115	-8.36997	223.165	0	
-15.6763	-9.63816	257.34	0	
-9.45772	-8.79903	196.683	0	
-36.182	-7.87485	304.953	0	
-33.046	-8.30172	326.483	0	
-38.1525	-8.62475	311.842	0	
-34.3607	-9.97522	392.217	0	
-35.1812	-7.89345	314.884	0	
-34.0966	-8.86492	347.437	0	
130.049	-9.38169	203.92	0	
131.329	-11.233	193.195	0	
107.07	-10.5591	185.753	0	
109.14	-10.6699	189.604	0	
36.4142	-11.0491	202.879	0	
36.3293	-12.7122	186.495	0	
42.1913	-13.1407	129.216	0	
43.9093	-11.7653	144.997	0	
-61.9581	-10.5389	389.567	0	
-58.2569	-12.2708	430.866	0	
84.0155	-12.3046	209.794	0	
89.1398	-13.0162	199.592	0	
51.9395	-9.31215	167.645	0	
54.5276	-9.51372	160.532	0	
50.522	-9.97694	156.695	0	
53.3692	-11.2541	129.343	0	
52.8683	-9.62762	164.279	0	
52.6498	-10.614	133.513	0	
48.8986	-10.498	151.856	0	
51.0799	-13.4336	81.505	0	
51.6201	-12.626	105.695	0	
58.9818	-11.343	107.656	0	
46.5924	-13.1695	101.359	0	
50.0151	-12.8934	101.787	0	
51.1584	-11.744	111.679	0	
50.1455	-11.823	113.78	0	
49.0965	-15.1237	69.2608	0	
53.0934	-15.1511	55.9847	0	
58.0328	-6.3344	219.13	0	
57.832	-8.64622	188.789	0	
22.8635	-7.03226	208.634	0	
21.1473	-8.52095	211.57	0	
87.672	-10.98	189.357	0	
96.7609	-12.6796	179.094	0	
117.288	-12.5782	186.281	0	
119.404	-13.1635	185.037	0	
-4.78704	-12.9477	178.11	0	
-0.190013	-13.9174	171.999	0	
-161.636	-9.76972	443.274	0	
-157.918	-14.8499	644.531	0	
78.7055	-9.10209	204.598	0	
79.6274	-10.379	203.142	0	
-7.51209	-10.2583	191.618	0	
-5.37253	-8.77586	191.904	0	
-57.8343	-11.0548	409.031	0	
-59.7917	-12.1592	428.397	0	
-55.5891	-11.1433	408.508	0	
-54.4301	-12.523	411.489	0	
-54.164	-14.038	421.043	0	
-52.4755	-12.6265	409.199	0	
149.938	-9.92254	171.554	0	
153.61	-9.90437	194.876	0	
126.12	-12.2626	185.859	0	
127.207	-13.06	186.03	0	
-51.4498	-16.2788	361.449	0	
-46.6262	-13.2351	366.276	0	
134.388	-13.6355	171.769	0	
136.436	-12.742	174.8	0	
116.595	-11.592	194.714	0	
116.209	-9.60569	201.21	0	
73.1289	-9.25115	198.956	0	
73.5661	-7.28428	205.812	0	
-135.354	-12.467	549.69	0	
-133.67	-11.7464	515.252	0	
12.693	-11.1355	212.449	0	
14.0996	-11.4196	212.564	0	
147.522	-13.1168	172.623	0	
149.632	-11.4859	178.869	0	
-153.66	-14.5972	601.84	0	
-151.915	-12.5964	542.383	0	
-168.09	-6.66295	464.835	0	
-167.135	-7.39228	474.723	0	
32.376	-13.7057	186.056	0	
32.7995	-15.0344	180.656	0	
35.9785	-13.6089	169.199	0	
37.644	-11.4248	201.723	0	
-170.169	-3.52137	468.619	0	
-168.091	-5.38426	447.126	0	
-70.3454	-13.1419	470.764	0	
-68.0679	-10.3685	381.98	0	
-70.775	-9.10428	329.727	0	
-70.7022	-10.4862	400.616	0	
-119.205	-10.4109	425.045	0	
-116.156	-11.7076	479.793	0	
-97.3115	-8.77329	359.727	0	
-98.0443	-11.6234	521.839	0	
-94.8251	-11.25	465.886	0	
-94.3472	-12.5548	521.172	0	
-25.0032	-9.45788	395.362	0	
-24.0343	-10.2354	402.102	0	
-27.1534	-9.55433	394.856	0	
-23.1465	-9.86877	384.828	0	
-24.1079	-11.5151	448.101	0	
-20.3016	-9.83564	339.39	0	
-42.8931	-7.15702	302.546	0	
-41.9246	-9.23102	331.159	0	
97.8326	-10.1165	178.301	0	
95.1729	-10.3674	178.923	0	
-85.0565	-9.07442	359.552	0	
-81.1794	-10.4415	402.819	0	
-80.6077	-8.1077	314.055	0	
-82.1294	-11.3023	451.568	0	
-77.1837	-11.6476	437.668	0	
-74.1761	-11.0261	409.456	0	
-0.198695	-12.79	181.801	0	
1.06001	-14.5816	172.528	0	
4.06592	-12.9522	188.869	0	
4.81264	-10.1312	211.769	0	
-17.5583	-9.4441	290.023	0	
-16.7466	-10.2006	297.485	0	
-11.2068	-12.1932	248.665	0	
-11.4537	-9.3595	216.187	0	
-11.8586	-8.04958	177.655	0	
-12.0484	-10.2986	198.525	0	
58.083	-18.4087	37.9419	0	
55.3896	-13.3349	83.225	0	
56.8834	-9.59745	148.811	0	
55.5849	-11.7196	109.924	0	
21.884	-10.4016	218.186	0	
23.239	-12.0345	221.544	0	
-164.539	-8.87284	474.712	0	
-161.568	-13.1175	613.031	0	
-160.434	-12.1913	553.73	0	
-160.46	-14.9401	621.701	0	
-57.245	-14.694	451.749	0	
-49.8319	-16.968	352.468	0	
-49.7668	-11.0054	389.04	0	
-47.5806	-12.305	379.093	0	
133.225	-14.4666	171.484	0	
135.281	-16.1005	167.144	0	
117.174	-13.6092	176.183	0	
118.611	-11.4747	195.304	0	
72.3995	-11.2849	186.929	0	
75.0673	-8.98328	199.798	0	
-136.585	-11.4541	471.109	0	
-134.457	-12.4407	559.073	0	
-137.389	-12.6684	559.962	0	
-137.057	-13.6552	590.748	0	
-133.822	-13.456	600.618	0	
-132.528	-12.2466	548.944	0	
-139.371	-11.2876	483.74	0	
-136.462	-16.3114	764.919	0	
-135.874	-13.4198	601.955	0	
-130.774	-14.7146	652.328	0	
-140.676	-14.6439	692.802	0	
-137.679	-15.1111	737.48	0	
-132.031	-14.7469	694.663	0	
-130.043	-13.0926	621.43	0	
-169.751	-5.89557	473.074	0	
-169.199	-7.12136	496.038	0	
-165.946	-9.38473	523.161	0	
-164.12	-7.66709	435.973	0	
36.8759	-14.5884	158.798	0	
37.5342	-12.4964	172.613	0	
35.0732	-16.0673	153.858	0	
41.7537	-14.8294	100.361	0	
-171.128	-4.58094	475.921	0	
-169.023	-4.81179	455.26	0	
-172.3	-2.84893	482.648	0	
-171.784	-8.92421	530.251	0	
-29.6243	-8.78485	364.573	0	
-28.4255	-13.0872	533.052	0	
-23.0595	-12.7406	502.89	0	
-21.8624	-10.7683	406.317	0	
1.30097	-16.0619	164.097	0	
5.62483	-15.335	177.09	0	
4.13998	-14.184	183.507	0	
5.24609	-14.3873	182.765	0	
4.68036	-12.0383	199.41	0	
6.41368	-10.9585	210.518	0	
-16.8008	-11.909	317.853	0	
-14.3635	-10.5408	258.112	0	
59.4581	-7.67963	198.471	0	
59.9356	-10.0185	168.433	0	
20.8249	-10.7052	217.687	0	
20.383	-13.6993	213.396	0	
114.418	-12.104	188.25	0	
119.368	-17.1525	170.907	0	
119.902	-10.7092	194.289	0	
118.492	-9.44232	204.384	0	
73.135	-12.7899	170.488	0	
74.1996	-10.866	192.58	0	
-138.619	-18.5648	862.951	0	
-134.766	-15.5796	741.956	0	
-25.0881	-14.993	587.081	0	
-19.3841	-15.1732	506.704	0	
-21.7018	-12.3605	458.018	0	
-19.5851	-13.2638	468.742	0	
-0.0570126	-17.1047	162.312	0	
0.355067	-19.2313	158.433	0	
2.576	-16.1981	165.512	0	
3.34083	-17.6719	157.678	0	
6.99404	-15.3295	178.929	0	
7.74613	-14.3681	192.762	0	
-18.3081	-12.1309	398.87	0	
-17.5692	-16.2591	500.655	0	
19.8926	-9.77651	215.155	0	
19.2633	-12.7728	213.44	0	
118.22	-16.2151	160.309	0	
118.446	-14.7386	179.154	0	
70.7491	-14.0982	139.705	0	
76.3562	-13.9745	193.104	0	
74.2768	-12.3998	195.358	0	
78.1733	-12.1458	205.788	0	
7.39829	-16.8575	173.594	0	
8.83151	-17.3216	172.681	0	
9.61586	-13.4252	202.289	0	
7.64256	-11.0556	207.197	0	
16.7631	-12.3411	212.156	0	
20.1972	-15.1242	210.091	0	
120.765	-15.0439	176.816	0	
119.456	-14.3505	172.107	0	
20.6274	-11.7018	216.945	0	
19.3515	-11.7643	216.675	0	
120.902	-16.3693	163.595	0	
121.963	-11.0827	193.895	0	
18.7025	-15.0367	207.746	0	
22.3774	-14.1535	213.226	0	
124.436	-19.6021	157.442	0	
123.109	-13.251	185.138	0	
120.389	-12.7306	183.966	0	
121.587	-14.4516	173.672	0	
21.6041	-18.5672	195.789	0	
26.1276	-19.5375	175.272	0	
21.6111	-15.4943	208.313	0	
19.5959	-18.6986	193.556	0	
122.879	-14.6732	178.16	0	
122.161	-12.5035	185.581	0	
121.959	-17.747	159.709	0	
125.194	-13.1348	186.55	0	
-86.2219	-10.2441	414.412	0	
-89.7768	-8.5285	347.781	0	
102.59	-15.8143	178.461	0	
105.304	-11.7101	178.292	0	
-99.6288	-10.8113	425.014	0	
-96.8916	-10.3465	417.202	0	
139.89	-12.1759	174.294	0	
143.078	-15.0636	165.31	0	
-149.344	-14.318	631.183	0	
-147.182	-12.6653	513.314	0	
25.8058	-12.4824	219.9	0	
27.292	-15.1512	206.219	0	
-125.642	-11.4666	506.881	0	
-122.703	-12.8076	570.774	0	
-10.0965	-9.82556	177.41	0	
-6.15958	-13.7249	184.248	0	
-66.8701	-11.3577	409.695	0	
-64.7964	-9.75476	360.956	0	
155.157	-7.75927	197.678	0	
157.727	-11.5565	202.678	0	
110.52	-13.2656	174.807	0	
113.014	-11.9613	185.375	0	
79.4268	-11.808	210.465	0	
79.998	-14.4506	217.67	0	
-144.855	-12.3745	506.363	0	
-138.691	-12.6215	507.998	0	
-45.5203	-11.2629	367.986	0	
-170.973	-1.50325	482.271	0	
-44.2856	-12.2239	360.979	0	
-41.2373	-11.513	359.769	0	
-36.1184	-9.99285	357.703	0	
40.0962	-15.414	116.202	0	
43.0965	-16.0244	82.7727	0	
44.3862	-14.8687	89.9937	0	
47.2766	-16.113	57.7094	0	
91.7759	-14.2323	198.328	0	
95.7799	-13.767	186.359	0	
-5.52866	-18.3561	183.739	0	
-1.81983	-14.3736	172.751	0	
-58.977	-15.0356	453.725	0	
-56.9611	-13.0037	430.183	0	
156.073	-10.1264	212.719	0	
156.422	-8.55377	181.589	0	
127.462	-14.5413	171.235	0	
130.676	-16.3345	164.533	0	
147.951	-11.7274	165.744	0	
152.237	-10.4156	172.322	0	
-155.612	-15.793	733.879	0	
-149.224	-17.3737	782.691	0	
30.3144	-16.1275	177.817	0	
36.5878	-15.7781	126.26	0	
-72.1398	-11.6009	425.938	0	
-72.0009	-12.8652	484.967	0	
-12.1704	-13.6588	249.094	0	
-9.46005	-10.9017	207.525	0	
53.7606	-13.6121	82.7944	0	
58.9293	-13.3318	86.3893	0	
131.201	-13.0889	182.118	0	
129.526	-13.2324	179.492	0	
136.331	-17.6617	157.938	0	
141.538	-14.5538	164.897	0	
-176.251	-9.41365	503.583	0	
-168.64	-13.4945	597.882	0	
-165.964	-11.113	551.128	0	
-163.266	-9.92198	515.699	0	
-172.233	-7.30786	510.576	0	
-169.86	-8.78611	514.792	0	
-139.12	-20.5363	940.888	0	
-134.659	-19.5163	930.858	0	
6.11945	-18.1043	160.526	0	
6.31121	-20.5153	157.817	0	
10.8124	-13.6754	198.414	0	
10.0947	-10.2138	213.018	0	
14.4794	-12.7036	209.076	0	
16.1695	-16.6199	201.369	0	
128.605	-17.7844	165.17	0	
130.656	-15.1134	172.423	0	
106.035	-18.3788	173.907	0	
109.262	-14.9833	171.261	0	
-150.837	-15.5037	654.662	0	
-146.181	-15.7527	695.064	0	
-145.905	-11.8057	491.704	0	
-145.941	-10.1842	392.375	0	
24.4869	-11.4556	223.303	0	
23.5056	-13.7167	216.975	0	
-69.2218	-12.2776	448.831	0	
-64.9623	-13.4499	476.974	0	
77.1777	-11.0672	208.577	0	
78.8395	-14.8794	214.492	0	
76.3095	-19.7485	155.656	0	
81.8646	-17.275	240.63	0	
-144.155	-14.2725	618.392	0	
-140.175	-13.2436	578.519	0	
-140.982	-11.2355	453.155	0	
-142.731	-12.5478	505.336	0	
-174.591	-0.592869	469.609	0	
-170.973	-2.62722	450.504	0	
-46.9366	-11.4286	371.534	0	
-44.7474	-13.3196	362.517	0	
-42.2673	-15.7061	365.786	0	
-38.9253	-16.3697	431.363	0	
37.5623	-17.3065	114.081	0	
43.1274	-18.1213	55.0683	0	
49.9704	-21.0322	24.536	0	
45.934	-14.9636	79.4462	0	
-61.4276	-15.8161	480.131	0	
-59.123	-18.5908	445.487	0	
125.421	-14.7007	171.801	0	
126.87	-17.8927	157.709	0	
-68.8563	-15.2312	507.578	0	
-67.7783	-12.5773	450.637	0	
-11.0454	-15.2582	303.714	0	
-7.77829	-12.7585	189.697	0	
-9.97555	-12.3303	195.007	0	
-6.12792	-15.2019	179.977	0	
128.698	-15.2438	171.959	0	
131.789	-14.1572	173.568	0	
129.528	-14.4946	170.857	0	
129.342	-16.6655	163.06	0	
133.146	-18.7448	152.027	0	
136.3	-21.6115	165.225	0	
137.895	-15.384	163.882	0	
137.912	-17.2923	161.828	0	
11.7742	-19.572	170.948	0	
12.1414	-16.0692	189.919	0	
10.8116	-15.3465	195.313	0	
15.6052	-13.2987	212.269	0	
9.24596	-12.2944	203.499	0	
10.2917	-11.4219	212.402	0	
75.532	-12.7849	199.636	0	
76.1682	-15.5108	202.607	0	
-144.205	-15.5206	684.118	0	
-145.026	-17.415	798.886	0	
-143.071	-13.6931	622.194	0	
-143.029	-15.9977	739.355	0	
-177.308	-0.673031	461.741	0	
-173.835	-4.50986	492.725	0	
-41.8961	-12.5824	371.727	0	
-42.0864	-10.4397	357.603	0	
124.105	-15.3102	171.323	0	
126.206	-16.7297	167.212	0	
-9.01335	-13.4702	215.13	0	
-9.11963	-14.9325	212.205	0	
13.4348	-15.0408	200.515	0	
14.9958	-15.0691	200.833	0	
77.9467	-16.2896	195.777	0	
77.9332	-13.5014	209.424	0	
-145.073	-13.8321	599.074	0	
-143.843	-18.354	834.003	0	
-146.157	-14.5827	638.988	0	
-145.146	-16.2503	722.108	0	
-140.056	-17.3475	820.968	0	
-142.312	-14.9115	639.425	0	
-147.217	-13.9846	614.54	0	
-147.762	-17.0679	778.442	0	
-147.469	-16.0059	708.202	0	
-145.844	-18.3905	828.052	0	
-173.326	-2.31782	471.471	0	
-172.251	-4.28777	482.949	0	
-41.1695	-14.3861	379.837	0	
-36.0965	-12.9559	429.659	0	
-145.441	-19.6349	874.311	0	
-141.556	-18.3283	857.252	0	
-146.926	-18.2972	822.185	0	
-144.131	-19.713	870.1	0	
-149.285	-19.1947	853.025	0	
-147.95	-19.7499	853.881	0	
-150.186	-22.5181	933.988	0	
-146.157	-20.7108	907.908	0	
-148.358	-22.7299	938.197	0	
-146.791	-23.5673	974.684	0	
-145.488	-22.1399	955.433	0	
-134.364	-21.83	1007.24	0	
-151.23	-27.6486	999.085	0	
-151.995	-24.3719	954.179	0	
-141.497	-23.1468	994.531	0	
-144.188	-22.2139	953.293	0	
27.5014	-16.8376	189.045	0	
29.8443	-17.6976	168.875	0	
-34.617	-12.8727	493.283	0	
-33.8267	-14.5152	495.911	0	
67.1126	-14.7253	113.265	0	
72.5687	-14.2343	177.118	0	
-62.9327	-11.6939	437.265	0	
-60.2279	-13.2337	459.242	0	
-64.4419	-11.993	423.724	0	
-63.8728	-14.302	480.112	0	
-50.0201	-18.5872	335.207	0	
-44.6462	-19.1252	317.051	0	
-87.709	-9.93774	394.443	0	
-85.0375	-13.3269	546.696	0	
-83.919	-12.5509	510.957	0	
-79.7338	-11.0295	426.27	0	
-80.0869	-14.7894	559.743	0	
-80.4555	-13.29	528.378	0	
-81.1013	-15.8255	622.737	0	
-75.702	-12.1204	465.278	0	
-80.9369	-17.3482	669.268	0	
-76.8941	-15.6851	594.384	0	
-78.4789	-14.497	558.093	0	
-77.4888	-17.5488	624.084	0	
54.2558	-17.1336	45.4948	0	
56.3303	-16.9607	43.2029	0	
-31.7586	-10.8008	447.314	0	
-28.5045	-9.94274	406.563	0	
115.046	-15.0668	166.231	0	
117.659	-20.1091	174.506	0	
24.5967	-16.6499	202.461	0	
22.5154	-16.9447	201.417	0	
-103.853	-11.1058	445.268	0	
-99.4671	-14.893	738.511	0	
139.022	-14.5737	164.924	0	
141.141	-12.8564	169.223	0	
144.671	-17.6408	168.846	0	
145.898	-13.7762	164.893	0	
154.302	-12.7402	207.209	0	
159.921	-15.9117	243.387	0	
107.317	-12.8352	173.203	0	
116.423	-16.6532	174.911	0	
111.996	-13.6476	175.343	0	
112.875	-15.3577	175.778	0	
49.0993	-18.9493	33.8965	0	
52.7918	-20.863	23.3291	0	
96.5073	-11.0414	179.434	0	
94.3907	-13.4151	183.992	0	
147.728	-17.5799	179.703	0	
154.619	-10.7499	179.044	0	
150.744	-12.4211	172.239	0	
149.036	-14.3677	170.289	0	
34.6129	-17.66	119.708	0	
41.0272	-18.7964	71.9474	0	
-168.01	-11.3623	574.041	0	
-166.783	-15.5228	656.252	0	
106.194	-15.9734	173.64	0	
107.677	-14.4928	173.063	0	
-151.952	-18.6655	837.331	0	
-150.749	-20.152	859.092	0	
-75.0297	-14.5422	531.298	0	
-70.2224	-14.6131	522.291	0	
-68.7023	-16.6649	559.522	0	
-66.1236	-17.6889	541.551	0	
-175.887	-1.2659	485.917	0	
-11.6828	-16.9977	282.922	0	
-4.04421	-20.1151	195.419	0	
-44.0936	-14.7878	357.607	0	
-37.8007	-19.0832	468.152	0	
-143.548	-20.863	939.017	0	
-143.997	-25.0897	1020.49	0	
-143.135	-23.5071	995.009	0	
-141.77	-21.5483	956.942	0	
-147.172	-29.716	1058.71	0	
-139.746	-24.8341	1047.15	0	
25.8584	-17.6809	186.28	0	
24.8537	-20.8115	175.49	0	
32.6361	-20.3471	128.101	0	
31.8853	-16.293	161.441	0	
-36.6638	-11.1976	419.016	0	
-37.4984	-15.7947	454.353	0	
-65.6534	-16.1187	515.13	0	
-62.6866	-16.8532	496.046	0	
-64.4126	-19.7916	513.25	0	
-59.757	-16.4667	472.52	0	
-62.5409	-19.1892	499.819	0	
-60.6478	-20.2762	456.318	0	
-51.3595	-14.8958	393.633	0	
-47.9902	-15.8116	350.363	0	
-88.8217	-11.1082	455.752	0	
-87.7748	-12.6533	530.46	0	
-85.0482	-15.3599	609.865	0	
-82.5261	-15.2057	602.034	0	
-77.2735	-20.6605	693.611	0	
-72.0499	-15.758	547.861	0	
140.79	-17.1788	165.151	0	
147.341	-16.1456	177.758	0	
93.3184	-14.485	193.306	0	
102.289	-20.2361	206.096	0	
150.415	-19.5537	199.015	0	
155.426	-17.0465	232.654	0	
32.9691	-17.7893	149.858	0	
37.0655	-19.1055	82.81	0	
35.6307	-19.1698	112.996	0	
34.936	-20.8783	91.0678	0	
103.73	-18.4816	181.375	0	
110.297	-17.7439	173.735	0	
-72.0846	-17.3922	583.242	0	
-69.8867	-19.4131	586.395	0	
-180.008	-0.71077	437.091	0	
-175.887	-2.61196	468.908	0	
-14.0399	-17.3891	425.197	0	
-8.12877	-27.9839	377.641	0	
25.4611	-22.8027	162.791	0	
28.6121	-23.4064	135.154	0	
-35.1164	-21.0316	570.535	0	
-29.1182	-15.289	614.92	0	
-52.6315	-17.884	373.511	0	
-51.5333	-19.4202	321.774	0	
-87.9901	-15.8401	643.002	0	
-84.7343	-18.9419	747.501	0	
144.37	-16.1834	168.882	0	
146.709	-18.5168	185.85	0	
90.8979	-12.9042	187.189	0	
95.3947	-16.9815	207.032	0	
93.7238	-16.074	199.306	0	
91.1686	-16.7576	218.335	0	
152.447	-19.5874	222.563	0	
155.8	-14.5434	202.666	0	
-73.6759	-18.7494	629.779	0	
-71.2323	-20.7588	625.026	0	
-70.7663	-22.5728	616.343	0	
-68.7587	-22.7787	596.843	0	
-183.27	-0.807917	405.599	0	
-177.258	-3.4128	476.099	0	
-51.6377	-21.6858	313.346	0	
-50.1677	-22.6589	278.664	0	
-90.4877	-18.0187	764.172	0	
-86.1109	-18.1553	726.252	0	
-82.7411	-22.2755	792.829	0	
-79.6315	-18.114	678.997	0	
147.112	-20.6672	192.465	0	
149.26	-21.5471	222.305	0	
87.788	-12.1468	197.58	0	
90.6539	-15.4126	202.446	0	
92.6959	-17.1663	211.807	0	
93.1288	-19.3092	225.921	0	
-178.49	-2.77751	453.252	0	
-179.075	-5.39287	454.096	0	
-90.2655	-20.2835	825.18	0	
-87.6004	-18.6926	774.12	0	
-79.9701	-24.1232	798.173	0	
-83.1446	-20.8177	778.745	0	
-82.2322	-18.2874	704.252	0	
-82.1199	-19.746	730.006	0	
149.285	-17.7369	198.05	0	
149.955	-16.4815	182.426	0	
86.3101	-12.9394	203.502	0	
88.285	-14.4733	201.63	0	
88.9211	-15.5416	217.063	0	
97.017	-20.7116	243.094	0	
-183.089	-6.50067	417.145	0	
-180.559	-7.21116	468.947	0	
-94.7951	-21.5473	886.849	0	
-85.0139	-23.3297	849.244	0	
-84.4023	-20.6592	775.517	0	
-80.9465	-22.4901	764.471	0	
151.792	-15.9974	202.107	0	
151.994	-11.842	188.2	0	
152.11	-14.6093	186.021	0	
153.05	-13.3211	182.86	0	
85.1227	-12.0445	201.649	0	
84.2803	-17.0355	235.035	0	
90.3082	-23.2631	263.777	0	
89.8391	-18.4289	228.224	0	
-87.2465	-22.321	841.324	0	
-85.4417	-22.0657	835.203	0	
-89.1589	-26.7173	960.097	0	
-86.0721	-25.071	879.816	0	
-87.7273	-24.551	909.126	0	
-80.4328	-27.335	841.379	0	
-90.4191	-32.5035	1031	0	
-84.5651	-28.357	902.803	0	
-82.9807	-24.9404	852.134	0	
-84.6221	-26.2004	875.626	0	
-81.1744	-25.468	801.617	0	
-76.3271	-21.9847	710.944	0	
84.9266	-15.0669	229.365	0	
88.2686	-17.7197	229.028	0	
86.7178	-24.6646	270.843	0	
92.8301	-25.7869	284.069	0	
-114.959	-12.8949	621.685	0	
-109.961	-12.8926	562.435	0	
-30.9062	-15.6791	579.158	0	
-25.8459	-17.3243	659.679	0	
-1.92779	-16.0806	161.806	0	
-4.21208	-16.4798	185.616	0	
-0.285347	-23.601	185.362	0	
1.67236	-25.0736	158.22	0	
-22.2301	-18.7678	643.552	0	
-9.81664	-18.7704	329.745	0	
4.18799	-21.4425	147.944	0	
10.6824	-27.8058	164.729	0	
78.8715	-24.1428	167.104	0	
84.6844	-22.2458	246.801	0	
126.093	-19.4322	164.828	0	
129.368	-23.4101	158.383	0	
139.56	-20.913	165.113	0	
142.81	-18.2805	167.354	0	
60.3657	-17.2807	52.0402	0	
64.6122	-18.4225	61.6484	0	
68.9995	-15.5816	111.997	0	
71.5946	-18.6481	105.107	0	
52.9277	-18.7127	29.512	0	
56.2285	-21.9926	19.4926	0	
62.4864	-19.2373	39.4121	0	
56.7969	-14.7011	65.5852	0	
124.769	-28.1101	217.211	0	
119.299	-19.0271	154.287	0	
18.899	-21.1241	181.252	0	
22.8342	-20.2826	181.067	0	
112.434	-17.7364	155.939	0	
114.112	-19.4648	177.292	0	
50.7644	-17.8414	37.1731	0	
47.1165	-18.0313	45.6612	0	
-46.0315	-16.2194	336.501	0	
-46.3339	-18.3892	326.999	0	
-136.953	-22.5057	1004.21	0	
-136.747	-18.2205	870.843	0	
-143.093	-26.8137	1065.3	0	
-139.049	-29.7103	1115.45	0	
-38.4725	-11.7683	386.566	0	
-39.8177	-14.8364	403.6	0	
-37.3405	-14.2296	425.859	0	
-38.779	-13.416	412.814	0	
-39.2181	-18.2253	430.459	0	
-36.634	-17.3382	480.213	0	
-42.5175	-17.8736	370.149	0	
-45.1619	-25.0327	299.09	0	
-61.8427	-24.4309	444.481	0	
-56.5096	-19.4377	377.847	0	
32.1508	-23.523	109.356	0	
38.4544	-21.0134	73.9177	0	
103.039	-23.7325	218.879	0	
107.282	-24.9476	218.919	0	
-72.134	-23.9241	645.633	0	
-71.3519	-25.772	633.756	0	
-66.0505	-24.55	547.233	0	
-65.1705	-21.4782	547.118	0	
-181.563	-1.51869	447.32	0	
-54.4683	-21.885	329.383	0	
-49.8524	-24.6458	274.068	0	
-44.9007	-21.2813	314.119	0	
-48.4808	-19.6005	303.585	0	
150.433	-25.2194	239.27	0	
153.155	-17.2865	205.789	0	
-179.615	-16.0855	492.03	0	
-174.181	-10.6475	552.058	0	
-88.6933	-30.192	961.494	0	
-81.3492	-38.0395	882.421	0	
-78.6096	-27.8939	767.773	0	
-72.3924	-27.2255	660.593	0	
-115.441	-14.9849	689.01	0	
-111.703	-13.7598	619.833	0	
81.536	-22.5267	243.544	0	
86.1091	-18.8303	255.315	0	
123.408	-17.8324	165.04	0	
128.901	-20.9951	168.461	0	
129.65	-19.523	152.583	0	
127.078	-20.796	157.59	0	
136.142	-25.2251	184.293	0	
138.507	-25.0568	188.549	0	
15.3869	-18.7942	186.582	0	
21.5546	-27.1239	175.132	0	
43.373	-26.9568	27.4706	0	
35.754	-23.0949	81.369	0	
37.8377	-23.2942	52.5269	0	
41.7024	-24.9506	30.0259	0	
-73.8785	-23.4939	685.726	0	
-76.4315	-26.6163	741.675	0	
-71.4533	-29.3819	637.982	0	
-69.213	-29.7769	589.076	0	
-68.1507	-27.7652	557.805	0	
-60.0202	-23.0281	392.042	0	
-186.51	-0.853077	362.906	0	
-184.747	-1.66099	407.858	0	
-77.5301	-31.5553	790.19	0	
-74.5643	-27.4984	711.178	0	
-117.572	-15.6695	782.335	0	
-114.004	-22.0054	1029.72	0	
120.991	-19.6257	168.933	0	
124.708	-22.435	163.28	0	
126.34	-22.3178	167.595	0	
127.595	-24.1751	175.516	0	
-74.3184	-21.7677	673.581	0	
-77.7335	-23.943	736.514	0	
-77.3547	-29.6949	781.573	0	
-70.3574	-33.6313	620.769	0	
-65.718	-32.0619	483.703	0	
-66.0969	-26.9264	514.377	0	
-190.424	-0.969457	322.263	0	
-183.211	-4.0966	421.364	0	
-80.5342	-31.3833	861.505	0	
-73.067	-32.7734	673.608	0	
121.795	-21.1921	158.078	0	
120.266	-22.8548	181.273	0	
121.251	-24.6816	167.245	0	
116.767	-26.4721	186.005	0	
125.708	-25.7063	172.945	0	
126.714	-31.3675	205.416	0	
-73.04	-20.3839	638.234	0	
-75.9007	-18.8089	668.14	0	
-184.688	-3.33384	385.597	0	
-190.242	-7.1988	332.447	0	
-75.2711	-33.5251	733.628	0	
-73.127	-30.6402	679.46	0	
-185.37	-6.82375	380.167	0	
-181.38	-12.8574	470.987	0	
-75.4961	-36.2141	739.08	0	
-72.7773	-38.3993	707.211	0	
-106.434	-11.6363	493.951	0	
-107.998	-13.4254	606.45	0	
-24.5466	-19.5698	670.7	0	
-21.6829	-16.3658	579.086	0	
-131.503	-23.38	1048.45	0	
-130.265	-18.8054	895.12	0	
-147.987	-34.9294	1053.9	0	
-140.481	-26.9184	1065.04	0	
-166.402	-18.3294	703.395	0	
-163.012	-18.4156	743.447	0	
23.9051	-24.0122	165.073	0	
24.7472	-25.9827	162.013	0	
22.3201	-22.4906	176.258	0	
19.9069	-25.6467	176.29	0	
24.7467	-29.6344	166.715	0	
27.1571	-30.0222	142.173	0	
30.4451	-24.7344	119.439	0	
31.2076	-21.4973	124.246	0	
28.3294	-27.8806	137.651	0	
34.3973	-24.5895	83.9217	0	
100.077	-14.9986	175.729	0	
99.5002	-19.1357	195.681	0	
-2.79387	-25.0688	217.024	0	
-1.43319	-30.7287	249.29	0	
-19.1417	-24.8022	657.357	0	
-14.7784	-22.2955	532.472	0	
-15.6784	-19.4112	460.462	0	
-11.2737	-22.0461	372.781	0	
59.8392	-21.9492	24.0314	0	
63.7149	-24.0866	28.1446	0	
64.9759	-15.4573	74.7667	0	
63.2298	-13.4549	100.04	0	
113.737	-22.2875	159.494	0	
117.822	-22.3705	161.359	0	
45.1017	-19.1554	44.2978	0	
44.8105	-21.6272	26.9761	0	
-43.5903	-24.99	334.857	0	
-38.4163	-28.7424	505.681	0	
-50.6567	-26.4916	265.289	0	
-46.6317	-22.3514	285.661	0	
-48.2612	-28.0042	278.058	0	
-48.1456	-24.8822	274.383	0	
-47.2712	-29.4444	292.831	0	
-44.2983	-28.5281	357.111	0	
-47.544	-26.4462	280.011	0	
-45.9762	-26.6109	298.612	0	
-49.6671	-28.286	273.477	0	
-43.3597	-30.6857	353.231	0	
-50.4719	-30.5644	278.292	0	
-49.5595	-31.9844	301.369	0	
-38.1797	-25.4025	485.396	0	
-40.0129	-25.2304	427.242	0	
-52.5949	-30.8066	278.428	0	
-51.7359	-37.5456	327.754	0	
-45.8618	-28.4405	296.899	0	
-42.8412	-26.6559	337.435	0	
-49.9446	-34.1567	299.625	0	
-44.307	-32.5781	386.993	0	
-41.0966	-26.6931	422.62	0	
-41.6419	-21.8099	374.101	0	
-51.8796	-35.3542	325.768	0	
-46.664	-36.7586	342.82	0	
-47.7608	-34.3944	359.057	0	
-48.7041	-38.7123	406.994	0	
-41.1139	-30.6316	424.271	0	
-40.308	-28.5112	416.082	0	
-37.1702	-23.9349	492.301	0	
-40.124	-23.069	403.005	0	
-40.0344	-33.2709	469.051	0	
-37.3717	-27.0964	489.637	0	
-34.6663	-24.0774	597.409	0	
-33.561	-22.6068	585.859	0	
-37.1875	-31.167	528.091	0	
-33.7721	-28.932	593.228	0	
-35.37	-27.2517	596.659	0	
-31.3869	-26.3334	647.514	0	
-43.1575	-34.7016	403.995	0	
-21.5047	-35.6781	714.518	0	
-31.4225	-28.4503	675.431	0	
-33.6741	-25.7002	599.142	0	
-31.3713	-22.219	663.308	0	
-33.9097	-18.8508	561.298	0	
-43.266	-22.7273	333.686	0	
-41.1479	-19.1123	367.026	0	
154.77	-21.0537	240.609	0	
157.771	-13.9832	235.08	0	
134.816	-23.2398	177.74	0	
135.613	-19.3943	164.641	0	
45.829	-26.3393	16.9045	0	
42.4489	-22.5234	40.9279	0	
-62.1516	-27.8228	423.272	0	
-57.7493	-29.5676	318.226	0	
-101.597	-19.8951	909.64	0	
-112.22	-17.6644	854.134	0	
-188.376	-1.82253	359.489	0	
-109.237	-17.741	878.942	0	
-108.603	-20.9365	974.425	0	
-29.8049	-23.2362	674.35	0	
-20.9596	-22.5211	680.313	0	
17.8642	-26.9416	177.768	0	
18.483	-29.4494	184.913	0	
20.6819	-29.2859	176.724	0	
23.3699	-33.8042	198.139	0	
32.5235	-30.7386	93.2785	0	
30.4406	-27.0845	111.911	0	
110.315	-22.474	187.834	0	
112.251	-29.6921	244.212	0	
-53.6174	-33.424	289.671	0	
-61.1345	-34.1172	366.338	0	
-49.0015	-45.7577	499.593	0	
-37.9996	-33.5751	541.927	0	
-28.8345	-30.0955	697.135	0	
-23.2986	-23.902	710.732	0	
-27.7631	-25.6715	710.87	0	
-28.7192	-19.6074	675.972	0	
156.693	-19.281	231.057	0	
159.217	-18.7064	283.293	0	
132.819	-27.0002	186.004	0	
138.263	-22.5678	175.86	0	
-194.312	-1.02366	275.653	0	
-192.197	-1.99311	308.48	0	
-106.012	-21.2536	974.045	0	
-100.483	-27.9136	1074.25	0	
16.5848	-32.3462	200.738	0	
21.7244	-36.24	201.319	0	
-42.2589	-39.788	489.898	0	
-41.1307	-35.4486	486.081	0	
-33.4519	-36.5643	642.025	0	
-23.0826	-26.3493	716.968	0	
-26.1385	-21.7564	714.055	0	
-26.8132	-28.3871	731.462	0	
-27.9142	-17.4243	634.339	0	
-31.7924	-18.3226	630.376	0	
162.526	-20.9678	302.69	0	
165.537	-19.8751	321.407	0	
130.877	-38.2882	271.111	0	
138.694	-29.8059	219.727	0	
-199.008	-1.16333	235.737	0	
-194.241	-5.35766	278.199	0	
-46.8444	-42.4943	433.333	0	
-36.5102	-36.4743	571.222	0	
-40.2193	-38.4491	503.893	0	
-37.6335	-39.1707	587.132	0	
-29.7487	-25.263	695.375	0	
-25.715	-23.707	712.132	0	
137.443	-33.1075	259.947	0	
141.032	-29.1373	226.186	0	
-192.126	-4.00045	301.542	0	
-192.148	-8.72571	299.479	0	
-35.5738	-42.5392	607.088	0	
-25.7957	-38.7848	729.777	0	
144.629	-34.5895	272.297	0	
143.841	-30.6075	245.067	0	
-189.584	-12.2259	342.704	0	
-187.186	-8.40345	364.676	0	
148.734	-28.3707	256.994	0	
143.609	-25.1566	209.981	0	
12.4666	-22.2318	167.225	0	
16.695	-21.2908	181.394	0	
9.93146	-23.1514	160.045	0	
9.3017	-25.3168	161.035	0	
-96.8044	-23.9713	998.728	0	
-91.4571	-25.4505	965.862	0	
55.1129	-25.8603	12.438	0	
62.1224	-21.8711	31.3971	0	
-144.392	-29.046	1061.54	0	
-135.675	-30.7461	1122.12	0	
-129.203	-37.3085	1180.59	0	
-128.226	-28.0756	1138.82	0	
145.781	-27.6557	228.717	0	
152.993	-33.2011	297.187	0	
-59.185	-41.8758	458.88	0	
-60.4909	-30.1611	381.38	0	
121.364	-29.0057	196.791	0	
119.855	-26.9127	205.209	0	
-131.453	-27.1758	1100.53	0	
-126.786	-23.7678	1048.13	0	
32.3142	-28.2342	93.5436	0	
30.7666	-32.3351	117.516	0	
-52.6214	-27.9024	278.673	0	
-56.1203	-33.0988	318.12	0	
38.2826	-28.5763	39.9258	0	
39.9803	-30.6536	39.4037	0	
47.8065	-31.4983	13.3567	0	
49.0934	-22.9815	16.5998	0	
31.4496	-43.5183	184.148	0	
38.7028	-40.0813	64.9329	0	
-53.9154	-39.3638	398.886	0	
-58.0939	-35.5482	343.786	0	
10.6206	-34.3961	215.448	0	
10.5611	-38.6077	277.759	0	
-23.4316	-33.9274	727.176	0	
-23.0371	-31.4343	723.943	0	
168.709	-20.8995	330.966	0	
168.6	-13.1537	322.41	0	
-196.551	-2.18699	259.224	0	
-196.611	-9.48352	256.42	0	
-196.381	-12.0749	261.051	0	
-189.149	-15.193	346.391	0	
-184.506	-13.0543	401.806	0	
-101.578	-23.1964	1000.62	0	
-98.1252	-29.5099	1067.42	0	
54.1805	-22.2811	16.7412	0	
59.1201	-24.0833	19.0033	0	
50.7848	-25.487	15.1773	0	
56.9986	-24.1088	16.3055	0	
60.2715	-26.03	17.0289	0	
62.5831	-26.1115	19.9398	0	
48.052	-28.6592	14.5209	0	
54.8227	-30.336	9.11561	0	
58.9928	-28.0713	12.1872	0	
63.6734	-28.2799	22.8387	0	
66.7005	-28.4391	27.2318	0	
67.6997	-21.878	62.2599	0	
-152.186	-34.7661	1011.16	0	
-140.393	-31.8031	1101.24	0	
-143.123	-31.2435	1096.77	0	
-134.194	-35.507	1167.88	0	
140.569	-36.4209	255.483	0	
149.873	-32.43	273.845	0	
116.599	-33.983	260.364	0	
120.906	-36.1186	263.577	0	
31.5831	-35.7376	120.467	0	
37.5131	-35.2495	56.4007	0	
39.4947	-34.024	39.0181	0	
44.4025	-34.103	21.0648	0	
-63.8131	-34.7339	477.633	0	
-69.8427	-36.5681	598.63	0	
-17.8542	-31.7542	678.953	0	
-16.6325	-25.2975	588.738	0	
-20.5056	-30.122	695.981	0	
-18.4588	-34.8172	674.833	0	
-203.675	-9.11706	197.897	0	
-198.874	-8.48637	238.293	0	
-201.173	-2.41531	219.049	0	
-201.064	-10.0161	214.745	0	
-193.994	-12.9501	282.175	0	
-188.284	-22.2288	340.401	0	
55.9557	-27.8761	10.9653	0	
58.741	-32.4483	9.97257	0	
65.8744	-32.6778	22.4831	0	
71.1491	-31.445	40.1072	0	
68.07	-26.2446	43.9704	0	
71.4875	-25.7823	63.0567	0	
-150.694	-42.3005	1012.03	0	
-144.121	-44.4341	1080.74	0	
-144.333	-33.3697	1080.84	0	
-143.706	-36.242	1103.11	0	
112.91	-33.5408	244.412	0	
115.974	-39.8833	276.911	0	
122.769	-38.4526	264.928	0	
124.78	-34.4444	248.366	0	
28.9148	-37.1686	163.543	0	
23.313	-39.865	234.697	0	
35.4123	-33.7375	77.7923	0	
37.2103	-37.746	74.4745	0	
50.5411	-37.5636	15.2872	0	
52.5401	-30.7757	10.628	0	
-26.3792	-35.0039	715.983	0	
-28.7673	-42.0673	711.269	0	
-7.16817	-38.2137	505.721	0	
-11.0254	-30.5632	504.062	0	
-206.398	-5.43989	181.595	0	
-203.711	-1.25197	196.165	0	
-198.083	-17.4332	245.458	0	
-193.572	-15.4113	289.594	0	
-206.689	-11.7265	178.304	0	
-200.918	-12.632	222.863	0	
49.6315	-39.775	16.3314	0	
63.4769	-37.0368	15.2801	0	
56.5843	-32.8424	10.2759	0	
62.0149	-34.2696	12.497	0	
60.0417	-38.9258	12.6921	0	
67.9807	-30.758	32.2719	0	
67.2433	-44.2404	22.4253	0	
67.9287	-35.3069	23.2349	0	
66.8225	-37.7394	21.1539	0	
71.2782	-34.7192	40.1845	0	
-147.104	-32.5804	1071.27	0	
-136.66	-37.7886	1134.84	0	
-145.868	-37.8875	1077.12	0	
-141.589	-37.4333	1115.01	0	
122.062	-41.3123	277.206	0	
127.025	-42.2499	276.551	0	
33.8634	-36.3678	92.4545	0	
34.8945	-38.5328	86.7467	0	
34.4717	-40.8249	100.823	0	
37.1148	-41.7768	89.6047	0	
27.3772	-40.0474	188.499	0	
37.0673	-43.8839	110.749	0	
39.1354	-46.709	94.8156	0	
41.6521	-40.1014	38.7989	0	
28.7374	-42.5366	207.736	0	
34.4691	-44.779	131.261	0	
26.1267	-45.3004	243.001	0	
30.5638	-47.0777	201.531	0	
27.1369	-66.7022	530.211	0	
32.1382	-48.6496	210.898	0	
28.5769	-54.9241	325.752	0	
36.1597	-52.5453	187.31	0	
-28.938	-33.0752	711.332	0	
-32.5276	-40.5695	677.511	0	
-29.7611	-53.7035	748.03	0	
-11.4563	-50.7619	646.805	0	
-198.947	-5.95867	236.745	0	
-201.111	-4.88397	216.572	0	
-203.109	-14.2434	196.513	0	
-197.547	-26.3842	243.708	0	
-195.546	-18.2758	262.108	0	
-193.728	-24.3252	273.184	0	
-209.207	-7.07838	165.361	0	
-207.998	-17.4334	174.854	0	
-146.914	-41.5508	1064.28	0	
-140.957	-41.9621	1103.5	0	
40.7387	-73.1793	377.444	0	
38.8606	-56.0948	195.963	0	
44.0028	-43.1241	47.2247	0	
36.9734	-48.9503	152.208	0	
-191.216	-19.7392	314.097	0	
-194.136	-20.9502	294.234	0	
-211.094	-19.2763	149.06	0	
-202.781	-17.1204	203.372	0	
79.5528	-27.8322	180.02	0	
93.0711	-29.965	264.2	0	
96.5386	-23.9991	250.795	0	
100.124	-30.27	264.987	0	
-77.6055	-42.8551	807.138	0	
-63.4294	-41.4889	493.054	0	
-154.458	-20.1366	852.878	0	
-154.293	-30.9537	992.322	0	
-116.654	-23.5871	1055.67	0	
-113.482	-27.5879	1111.72	0	
7.80982	-32.3343	187.384	0	
13.6354	-32.0212	189.252	0	
-57.1067	-50.6737	590.507	0	
-42.7654	-43.3473	550.425	0	
171.017	-23.8077	331.641	0	
171.764	-16.5774	338.689	0	
169.319	-17.9703	329.324	0	
174.042	-17.9028	335.623	0	
176.704	-15.9328	336.474	0	
174.196	-11.4475	342.596	0	
-104.743	-24.2281	1025.24	0	
-108.421	-27.4617	1104.44	0	
-100.583	-33.3925	1112.85	0	
-95.4992	-33.2804	1079.04	0	
143.586	-43.6341	264.182	0	
148.933	-44.5662	295.391	0	
147.708	-35.6971	281.982	0	
150.488	-38.319	295.264	0	
-206.398	-2.64794	180.762	0	
77.182	-34.2339	88.0978	0	
73.2865	-28.6638	80.3478	0	
118.028	-42.3332	272.489	0	
115.729	-47.1582	253.196	0	
129.632	-44.4564	271.478	0	
133.999	-40.3956	263.85	0	
20.7206	-43.3145	271.208	0	
27.9081	-47.9946	276.541	0	
-153.846	-38.4739	1005.22	0	
-144.507	-50.035	1025.02	0	
46.0039	-51.7551	70.5901	0	
55.6578	-45.7111	17.5247	0	
-178.463	-32.7574	512.117	0	
-179.069	-23.3992	491.177	0	
-207.697	-26.2486	167.608	0	
-200.176	-19.2487	215.92	0	
-205.416	-19.0889	186.65	0	
-204.73	-23.4379	181.487	0	
-119.418	-21.5988	1044.58	0	
-119.667	-27.3657	1139.01	0	
-112.086	-32.797	1171.96	0	
-105.707	-26.7682	1088.37	0	
-116.503	-34.7544	1187.66	0	
-112.29	-39.6904	1182.39	0	
-108.88	-30.0264	1135.98	0	
-103.311	-28.7466	1099.54	0	
-111.917	-30.1576	1138.26	0	
-109.28	-35.039	1159.86	0	
-109.253	-37.9419	1169.98	0	
-104.624	-36.8964	1153.44	0	
-116.733	-38.7448	1186.3	0	
-107.58	-48.5542	1156.87	0	
-102.144	-37.6347	1139.95	0	
-103.252	-31.6333	1125.56	0	
-101.404	-41.3337	1138.13	0	
-95.3061	-35.5544	1078.94	0	
-106.181	-41.6792	1160.93	0	
-94.1946	-45.521	1081.81	0	
-100.237	-35.9702	1121.52	0	
-97.7456	-36.9538	1104.43	0	
-97.5639	-45.4322	1103.53	0	
-92.504	-42.5641	1073.76	0	
1.95533	-30.1348	207.615	0	
16.1231	-43.5761	329.486	0	
166.056	-29.8759	322.832	0	
179.004	-27.3943	313.169	0	
180.187	-18.4112	328.246	0	
179.877	-11.4825	334.919	0	
-92.6059	-36.9906	1074.75	0	
-86.4946	-30.5275	959.596	0	
-94.1217	-39.7599	1077.62	0	
-89.2693	-42.5482	1031.07	0	
-90.2308	-35.4435	1007.72	0	
-85.929	-34.0556	933.685	0	
-213.413	-11.3189	141.994	0	
-209.31	-1.39597	166.855	0	
81.2092	-37.1728	96.6404	0	
84.2507	-28.6349	217.802	0	
127.501	-48.4149	268.328	0	
136.049	-48.0174	255.01	0	
139.224	-39.9193	289.744	0	
132.975	-34.4984	222.746	0	
14.9375	-39.6773	260.911	0	
12.7039	-47.6385	381.377	0	
22.1742	-46.2607	315.621	0	
21.4215	-51.1418	363.897	0	
-150.593	-52.4067	974.223	0	
-129.477	-46.4104	1160.83	0	
-211.479	-23.7425	148.689	0	
-199.067	-41.425	226.489	0	
-120.681	-42.5723	1183.41	0	
-108.907	-44.9382	1166.33	0	
-112.578	-43.9742	1180.13	0	
-103.609	-47.5232	1143.48	0	
-97.6948	-48.9348	1106.45	0	
-94.7688	-50.8981	1086.5	0	
178.275	-22.6792	328.392	0	
195.674	-25.2437	230.071	0	
-88.1778	-49.2596	1013.37	0	
-84.6523	-40.867	965.257	0	
-218.133	-6.4995	131.893	0	
-214.908	-1.474	140.899	0	
-117.278	-46.1775	1180.53	0	
-110.035	-53.7748	1135.5	0	
-93.8691	-55.5769	1054.28	0	
-85.7472	-54.124	994.147	0	
186.521	-19.1277	283.48	0	
188.869	-14.2273	284.04	0	
-78.2538	-50.5857	856.178	0	
-78.1701	-38.5629	847.917	0	
-83.6961	-44.6958	937.955	0	
-79.8284	-46.1605	910.998	0	
-211.76	-5.76043	152.966	0	
-209.472	-10.7605	164.287	0	
-115.994	-55.5206	1141.89	0	
-106.731	-57.8334	1126.39	0	
-5.38325	-22.7629	237.021	0	
-9.18169	-24.2671	339.977	0	
5.9051	-27.7344	161.31	0	
3.98044	-23.6956	158.493	0	
-2.77051	-35.2871	334.81	0	
4.40877	-33.0787	237.646	0	
-10.6805	-35.7559	515.179	0	
-15.6477	-37.7104	650.197	0	
6.36113	-25.5395	160.746	0	
8.29259	-29.2878	183.078	0	
41.7064	-35.2518	32.4399	0	
45.7836	-37.7998	20.6724	0	
62.5315	-39.4261	13.4358	0	
53.5071	-35.2148	11.1457	0	
50.4345	-28.2622	11.4459	0	
49.8557	-33.7084	13.2805	0	
49.1022	-35.8248	12.998	0	
52.5949	-37.2792	10.5535	0	
46.6001	-35.9779	20.696	0	
47.3761	-39.8582	22.7241	0	
55.675	-40.3529	12.2491	0	
56.7309	-36.987	10.6511	0	
46.7127	-42.8281	28.502	0	
59.2303	-46.4386	16.5143	0	
51.0512	-41.8296	20.1233	0	
53.9327	-42.0619	15.7443	0	
59.8187	-34.5019	11.5212	0	
55.602	-35.1142	9.66576	0	
54.8241	-38.4462	11.7669	0	
58.8326	-41.0506	12.4958	0	
60.6628	-43.4872	15.3204	0	
63.41	-42.7108	15.5064	0	
49.2668	-44.2624	20.5835	0	
51.3838	-51.4738	41.8504	0	
52.0896	-47.0588	31.9173	0	
59.7671	-54.6682	34.8399	0	
66.7781	-48.8162	20.2564	0	
81.4421	-52.9163	69.0509	0	
97.1321	-32.5276	272.983	0	
99.7719	-25.9196	269.716	0	
92.627	-40.6905	206.973	0	
111.648	-39.871	263.559	0	
-160.608	-20.2091	822.026	0	
-161.582	-24.1959	852.675	0	
-47.1532	-51.607	555.829	0	
-40.8968	-50.3732	678.97	0	
157.535	-36.9984	304.917	0	
156.467	-31.7766	303.825	0	
158.76	-40.4685	280.299	0	
172.862	-40.3103	271.185	0	
78.5555	-41.7127	69.6155	0	
93.613	-57.565	104.983	0	
7.00837	-42.2766	341.621	0	
7.9656	-47.4086	435.222	0	
-220.1	-22.7795	125.372	0	
-218.655	-33.2815	128.345	0	
-218.133	-3.14916	132.15	0	
-101.638	-55.5111	1101.92	0	
-78.2149	-78.8507	928.846	0	
188.435	-23.1716	270.621	0	
192.32	-22.8048	255.424	0	
184.713	-27.6747	285.381	0	
191.604	-33.5436	226.421	0	
199.746	-22.7859	220.52	0	
199.81	-18.7504	219.323	0	
192.304	-11.1955	282.91	0	
186.31	-9.37819	311.277	0	
-80.7226	-55.2604	938.873	0	
-70.8822	-46.5476	668.643	0	
-18.6452	-41.0052	699.921	0	
-17.1221	-48.0604	758.788	0	
-169.652	-24.9347	716.384	0	
-165.117	-25.9326	801.16	0	
156.234	-43.1272	287.942	0	
161.721	-47.6426	258.921	0	
162.418	-41.1308	287	0	
173.856	-31.6408	307.943	0	
-228.391	-1.76888	112.956	0	
-221.672	-1.67517	124.847	0	
-236.506	-2.01029	109.211	0	
-228.268	-9.2581	113.602	0	
-224.613	-6.91269	117.86	0	
-215.277	-17.9744	134.396	0	
-226.081	-13.2403	111.907	0	
-236.058	-16.1751	108.4	0	
70.6834	-21.3916	87.2374	0	
75.8857	-22.2707	164.425	0	
-181.802	-20.2919	477.603	0	
-174.005	-20.4499	614.104	0	
-126.4	-42.5385	1185.12	0	
-135.033	-46.1326	1121.22	0	
-129.401	-55.9918	1093.72	0	
-97.4619	-58.7032	1092.28	0	
71.0234	-61.1825	52.1633	0	
61.5123	-50.2381	23.3945	0	
105.581	-35.3605	258.709	0	
97.6808	-38.4913	232.071	0	
-0.634654	-51.8865	599.604	0	
7.39202	-56.7492	593.192	0	
-204.214	-45.4208	176.147	0	
-207.419	-32.1817	169.338	0	
-107.91	-63.9931	1077.77	0	
-102.985	-67.5552	1071.44	0	
205.167	-31.7999	189.953	0	
203.334	-16.8593	216.261	0	
-77.7803	-60.4981	910.131	0	
-63.7339	-57.9175	757.975	0	
-173.039	-30.1657	659.644	0	
-165.621	-30.5894	787.08	0	
151.411	-41.6419	280.083	0	
151.522	-48.8304	254.275	0	
143.828	-52.8299	236.407	0	
154.061	-58.8168	203.662	0	
166.185	-53.4889	211.335	0	
167.519	-44.7311	256.926	0	
157.211	-54.5055	215.912	0	
171.839	-55.6075	192.26	0	
168.842	-40.4162	268.234	0	
165.538	-37.9111	285.421	0	
173.375	-60.3752	156.164	0	
175.176	-52.7825	194.478	0	
180.527	-62.7448	141.081	0	
173.228	-48.7094	219.762	0	
179.91	-53.7111	176.407	0	
191.148	-42.9847	200.08	0	
-232.26	-3.77917	108.093	0	
-229.772	-17.7638	113.583	0	
-212.698	-43.3647	158.107	0	
53.2379	-62.4327	93.5591	0	
62.6861	-58.4863	43.836	0	
75.6768	-53.8227	46.3687	0	
69.8995	-52.1565	30.5035	0	
83.0786	-47.0253	78.7003	0	
108.432	-43.236	255.723	0	
211.093	-36.2537	161.068	0	
206.937	-19.2207	191.638	0	
203.555	-12.3776	211.766	0	
199.757	-9.66303	243.569	0	
-181.512	-28.7265	498.589	0	
-151.807	-58.5716	854.923	0	
-170.052	-33.4966	702.683	0	
-160.632	-47.9622	826.736	0	
141.004	-58.567	239.219	0	
149.851	-57.5826	218.827	0	
156.718	-66.1297	162.598	0	
162.216	-56.2197	199.345	0	
44.5195	-56.2621	127.544	0	
61.1975	-63.2406	78.0764	0	
101.047	-49.5917	179.412	0	
119.268	-50.3742	268.043	0	
213.984	-23.8625	174.586	0	
211.111	-12.9942	186.945	0	
52.9455	-77.2133	271.97	0	
55.8654	-72.0523	145.123	0	
215.029	-19.2247	177.845	0	
218.855	-15.2563	171.662	0	
219.362	-27.1218	158.511	0	
225.746	-5.31517	165.755	0	
-232.486	-31.3991	118.13	0	
69.7104	-41.6582	21.0042	0	
73.8759	-36.2093	45.5566	0	
-23.8745	-57.88	776.136	0	
-21.5981	-51.8429	723.025	0	
29.9336	-60.6464	383.84	0	
47.8431	-62.6973	151.31	0	
-65.7355	-46.2251	622.314	0	
-58.8381	-62.0522	722.183	0	
-159.873	-37.5663	875.873	0	
-170.006	-40.1934	716.535	0	
-163.365	-41.7997	833.074	0	
-165.495	-56.4276	664.043	0	
-147.098	-73.4451	804.096	0	
-138.615	-62.6799	1011.06	0	
-3.15013	-61.6726	740.33	0	
-2.59303	-46.6654	506.913	0	
185.545	-32.7353	264.669	0	
193.736	-38.923	202.661	0	
-138.895	-51.2343	1095.91	0	
-126.047	-51.7074	1147.01	0	
-81.2412	-66.7938	955.931	0	
-76.6279	-72.1059	919.662	0	
192.134	-76.955	75.0368	0	
193.636	-49.283	162.581	0	
183.724	-58.9057	151.025	0	
189.62	-58.4286	144.165	0	
175.851	-45.198	229.906	0	
181.78	-45.979	216.028	0	
64.6954	-68.6242	86.4389	0	
77.0996	-71.4978	78.9142	0	
-190.363	-43.0882	303.804	0	
-176.679	-48.2129	508.63	0	
133.514	-57.5715	196.218	0	
138.327	-73.6292	163.329	0	
145.504	-69.2919	151.8	0	
178.33	-80.6771	85.3679	0	
95.9386	-51.7317	155.996	0	
129.08	-69.7374	141.754	0	
106.314	-52.1163	214.708	0	
105.354	-58.2065	142.262	0	
57.3516	-83.752	270.145	0	
69.6548	-67.6558	75.4264	0	
32.2074	-74.6345	505.709	0	
42.2703	-66.2435	287.416	0	
-72.7511	-57.5407	843.277	0	
-62.5602	-51.4048	578.737	0	
-175.059	-42.9692	543.456	0	
-172.732	-56.083	547.01	0	
-6.72532	-55.7594	650.179	0	
5.37521	-62.6836	674.084	0	
181.301	-37.0354	256.379	0	
184.772	-41.9055	217.915	0	
189.37	-52.6437	163.697	0	
200.179	-51.1298	157.402	0	
194.847	-61.9399	123.076	0	
201.14	-58.0018	121.926	0	
86.2316	-82.0996	134.741	0	
87.3077	-58.7268	84.2757	0	
49.132	-97.214	503.046	0	
84.5291	-104.835	239.322	0	
63.3184	-81.0109	218.351	0	
78.2766	-78.1734	129.758	0	
222.503	-45.2361	138.194	0	
215.496	-48.2904	134.984	0	
-92.4736	-68.8935	1023.07	0	
-92.0794	-77.1669	992.959	0	
-108.364	-76.909	1005.67	0	
-103.103	-73.7486	1017.96	0	
-201.804	-54.316	205.641	0	
-185.397	-48.2507	349.081	0	
-114.302	-67.8469	1080.75	0	
-114.637	-74.5694	1010.53	0	
-97.3542	-79.0544	985.871	0	
-97.6301	-64.5876	1047.88	0	
-227.33	-37.261	94.0869	0	
-235.982	-51.6954	67.8655	0	
231.386	-2.04873	161.579	0	
229.823	-11.2243	163.599	0	
235.84	-11.0805	159.839	0	
-63.4236	-72.6461	840.232	0	
-39.095	-62.8776	774.245	0	
-130.162	-76.2585	938.921	0	
-126.008	-63.6375	1074.49	0	
-70.9335	-84.3697	891.139	0	
-58.1119	-68.5114	793.361	0	
-180.53	-38.8642	493.444	0	
-187.115	-38.9453	340.865	0	
91.2699	-47.0026	122.599	0	
86.6388	-65.3572	84.9487	0	
111.568	-61.9292	202.905	0	
103.152	-78.0731	121.741	0	
23.4186	-80.935	685.222	0	
28.8762	-92.9563	698.868	0	
9.72068	-67.7078	666.846	0	
14.2452	-56.9119	543.442	0	
194.924	-67.739	99.6017	0	
206.252	-62.3652	118.964	0	
-196.639	-31.4823	242.209	0	
-201.941	-35.1662	203.297	0	
-122.182	-79.4545	958.07	0	
-94.1643	-96.8662	887.292	0	
-50.589	-69.8807	792.55	0	
-35.1535	-82.7958	822.05	0	
-63.8942	-81.0918	862.847	0	
-47.8382	-75.9003	807.244	0	
93.7015	-67.4356	95.8333	0	
97.7609	-61.5151	133.519	0	
8.37857	-75.0854	764.634	0	
20.7385	-68.0282	592.184	0	
189.176	-71.0331	101.561	0	
214.121	-96.3104	19.191	0	
-117.562	-87.627	924.151	0	
-134.423	-98.0102	754.807	0	
1.46143	-77.3233	781.065	0	
19.1063	-76.4501	693.464	0	
182.535	-68.5574	119.009	0	
201.132	-75.0287	86.5435	0	
30.1211	-80.4454	618.364	0	
169.388	-72.3864	120.11	0	
176.666	-72.4772	111.908	0	
14.4628	-87.0222	764.345	0	
21.5389	-87.5017	709.833	0	
-0.698372	-100.552	790.754	0	
42.5416	-87.9543	491.26	0	
15.8063	-102.761	759.322	0	
76.8474	-108.982	349.092	0	
210.306	-44.1742	158.966	0	
224.64	-38.4926	142.017	0	
-188.373	-64.6679	307.634	0	
-162.199	-83.8459	538.398	0	
144.522	-86.4122	99.2073	0	
153.536	-86.7558	84.2782	0	
-217.81	-48.7829	103.935	0	
-226.816	-45.7822	123.632	0	
-136.693	-55.7965	1058.23	0	
-130.818	-68.0854	1009.15	0	
-75.6363	-94.3002	892.521	0	
-56.7535	-97.621	839.451	0	
-33.3652	-69.002	773.589	0	
-38.1721	-75.9326	826.466	0	
165.741	-80.1274	91.8891	0	
172.007	-85.4518	86.9923	0	
157.283	-80.736	105.038	0	
169.847	-103.564	40.2985	0	
167.881	-94.3682	58.5142	0	
190.812	-102.818	33.0803	0	
31.6163	-140.109	680.821	0	
26.2774	-102.93	696.089	0	
212.99	-57.9492	117.82	0	
217.97	-76.4622	85.1064	0	
231.733	-36.9303	139.707	0	
227.69	-23.2615	166.113	0	
-233.879	-60.3994	149.076	0	
228.485	-51.8705	115.027	0	
235.741	-50.7624	118.944	0	
81.956	-91.1393	175.359	0	
104.183	-87.6848	116.048	0	
72.452	-92.0591	256.909	0	
65.5286	-99.8483	356.417	0	
-100.66	-87.9536	952.093	0	
-96.7757	-108.54	812.863	0	
-76.4323	-121.448	744.449	0	
-69.4677	-100.668	835.104	0	
-216.308	-57.8709	149.043	0	
-188.61	-83.8819	289.032	0	
-157.837	-72.4159	696.833	0	
-154.223	-96.0187	568.616	0	
120.753	-75.083	163.083	0	
111.936	-71.1998	111.907	0	
-5.7218	-68.9347	781.979	0	
-9.94945	-85.6192	829.984	0	
-40.7194	-90.1014	839.448	0	
-28.7091	-99.0251	814.455	0	
137.558	-81.2007	106.277	0	
144.215	-95.6576	72.3794	0	
92.1149	-109.392	246.464	0	
97.2765	-94.3659	158.187	0	
57.3724	-94.299	409.112	0	
32.9896	-111.126	682.274	0	
-233.93	-76.7833	109.771	0	
-205.002	-72.9573	179.638	0	
102.835	-100.895	157.579	0	
129.711	-96.0383	87.6927	0	
-23.5081	-91.651	832.998	0	
-24.4469	-108.048	795.567	0	
-51.7314	-90.3146	829.632	0	
-50.8692	-104.705	798.913	0	
-29.6508	-115.395	757.636	0	
-14.7704	-92.6783	823.327	0	
128.848	-86.7093	124.649	0	
138.114	-99.7751	92.6769	0	
128.451	-111.769	97.6214	0	
147.664	-115.013	63.4954	0	
-227.506	-104.478	123.349	0	
-213.849	-81.2444	137.593	0	
90.7835	-118.077	283.859	0	
105.774	-113.824	178.539	0	
81.6134	-117.999	341.215	0	
96.8178	-148.501	394.696	0	
113.448	-113.432	148.168	0	
111.822	-98.7255	125.415	0	
117.462	-119.56	141.9	0	
125.016	-118.57	121.239	0	
114.214	-126.042	181.455	0	
118.687	-131.751	158.829	0	
136.568	-123.443	90.1964	0	
136.679	-109.504	80.0609	0	
107.46	-126.717	207.123	0	
97.3458	-131.791	276.17	0	
122.129	-146.161	166.941	0	
143.731	-142.788	68.2452	0	
138.638	-136.294	110.1	0	
151.248	-121.923	53.6779	0	
103.033	-120.627	219.262	0	
93.3479	-137.114	375.605	0	
108.73	-139.111	208.587	0	
104.592	-133.421	265.976	0	
120.028	-157.959	229.072	0	
130.753	-136.736	121.45	0	
129.616	-145.694	194.275	0	
149.236	-128.776	66.821	0	
141.372	-129.7	75.8888	0	
159.848	-119.742	42.0914	0	
152.849	-108.378	49.333	0	
80.0143	-143.035	465.654	0	
158.96	-152.438	58.3257	0	
178.181	-122.943	25.0947	0	
164.943	-133.775	35.1918	0	
179.219	-108.82	34.3248	0	
63.1787	-117.018	498.485	0	
69.3916	-125.732	460.826	0	
-57.0422	-113.743	791.314	0	
-27.3081	-124.109	734.772	0	
-16.3487	-128.251	688.993	0	
-10.1782	-101.004	814.219	0	
65.6858	-138.15	530.891	0	
84.8311	-135.315	391.723	0	
-68.9873	-111.94	782.715	0	
-88.3287	-120.389	736.864	0	
-39.0407	-113.669	771.619	0	
-53.5567	-120.942	737.261	0	
-8.89814	-120.488	745.5	0	
7.86682	-107.873	761.763	0	
53.6528	-132.884	539.21	0	
67.4205	-155.596	500.163	0	
-60.6806	-136.546	664.104	0	
-34.066	-129.813	706.542	0	
82.7135	-152.825	461.564	0	
-55.275	-130.216	706.925	0	
-47.2391	-133.458	690.823	0	
-45.1914	-152.056	645.239	0	
-56.7199	-148.857	658.523	0	
-32.4346	-140.764	674.113	0	
91.0003	-156.491	376.915	0	
-77.6361	-143.9	657.838	0	
224.015	-93.7473	52.3742	0	
235.489	-69.7159	107.602	0	
235.133	-80.0728	69.8944	0	
175.451	-141.927	32.0574	0	
186.245	-139.846	13.6433	0	
-20.3319	-140.711	692.683	0	
11.6475	-130.884	678.99	0	
194.394	-90.6484	41.7091	0	
214.692	-118.857	2.99093	0	
235.657	-98.6722	47.5869	0	
227.764	-61.9394	110	0	
226.102	-83.7946	43.405	0	
195.503	-144.957	25.815	0	
205.603	-129.277	23.5885	0	
200.088	-111.813	18.5292	0	
196.477	-123.973	9.48376	0	
198.002	-158.685	5.84806	0	
-157.429	-109.054	481.894	0	
-136.021	-110.187	648.566	0	
25.9784	-125.878	649.396	0	
52.9197	-118.773	569.101	0	
-96.3273	-135.297	700.846	0	
-70.6091	-134.238	686.437	0	
4.0446	-147.132	651.581	0	
-173.064	-110.025	338.192	0	
-161.527	-138.257	447.007	0	
-126.671	-115.895	703.915	0	
-121.724	-95.8014	817.553	0	
-108.122	-131.365	687.231	0	
-91.4579	-146.018	658.325	0	
-126.783	-128.021	617.334	0	
-108.272	-113.378	760.786	0	
-148.184	-128.36	500.262	0	
-119.589	-151.396	653.77	0	
-178.707	-134.98	304.134	0	
-132.906	-147.408	540.051	0	
-158.397	-158.141	403.317	0	
-210.904	-143.297	167.245	0	
-228.217	-121.587	145.495	0	
-202.355	-116.208	172.236	0	
17.3785	-155.038	608.438	0	
-184.21	-120.17	303.701	0	
-180.075	-99.3758	345.467	0	
-172.415	-86.2322	420.923	0	
-191.273	-94.4493	219.355	0	
-178.131	-65.306	349.911	0	
-194.702	-75.1107	232.904	0	
227.98	-143.525	1.99693	0	
