# File: UnstructuredGrid_Inversion_L1_Medium_Iter02.vtk
# (No specific header documentation)

# vtk DataFile Version 2.0
Finite element discrete.
ASCII
DATASET UNSTRUCTURED_GRID
POINTS 4988 double
-2208.06	0	0
-1864.63	0	0
-1578.44	0	0
-1339.95	0	0
-1141.21	0	0
-975.592	0	0
-837.577	0	0
-722.564	0	0
-626.72	0	0
-546.85	0	0
-480.292	0	0
-424.826	0	0
-378.605	0	0
-340.088	0	0
-307.99	0	0
-281.242	0	0
-258.951	0	0
-240.376	0	0
-224.897	0	0
-211.997	0	0
-201.248	0	0
-192.29	0	0
-184.825	0	0
-178.604	0	0
-173.42	0	0
-169.1	0	0
-165.5	0	0
-162.5	0	0
-160	0	0
-158.75	0	0
-157.5	0	0
-156.25	0	0
-155	0	0
-153.75	0	0
-152.5	0	0
-151.25	0	0
-150	0	0
-148.75	0	0
-147.5	0	0
-146.25	0	0
-145	0	0
-143.75	0	0
-142.5	0	0
-141.25	0	0
-140	0	0
-138.75	0	0
-137.5	0	0
-136.25	0	0
-135	0	0
-133.75	0	0
-132.5	0	0
-131.25	0	0
-130	0	0
-128.75	0	0
-127.5	0	0
-126.25	0	0
-125	0	0
-123.75	0	0
-122.5	0	0
-121.25	0	0
-120	0	0
-118.75	0	0
-117.5	0	0
-116.25	0	0
-115	0	0
-113.75	0	0
-112.5	0	0
-111.25	0	0
-110	0	0
-108.75	0	0
-107.5	0	0
-106.25	0	0
-105	0	0
-103.75	0	0
-102.5	0	0
-101.25	0	0
-100	0	0
-98.75	0	0
-97.5	0	0
-96.25	0	0
-95	0	0
-93.75	0	0
-92.5	0	0
-91.25	0	0
-90	0	0
-88.75	0	0
-87.5	0	0
-86.25	0	0
-85	0	0
-83.75	0	0
-82.5	0	0
-81.25	0	0
-80	0	0
-78.75	0	0
-77.5	0	0
-76.25	0	0
-75	0	0
-73.75	0	0
-72.5	0	0
-71.25	0	0
-70	0	0
-68.75	0	0
-67.5	0	0
-66.25	0	0
-65	0	0
-63.75	0	0
-62.5	0	0
-61.25	0	0
-60	0	0
-58.75	0	0
-57.5	0	0
-56.25	0	0
-55	0	0
-53.75	0	0
-52.5	0	0
-51.25	0	0
-50	0	0
-48.75	0	0
-47.5	0	0
-46.25	0	0
-45	0	0
-43.75	0	0
-42.5	0	0
-41.25	0	0
-40	0	0
-38.75	0	0
-37.5	0	0
-36.25	0	0
-35	0	0
-33.75	0	0
-32.5	0	0
-31.25	0	0
-30	0	0
-28.75	0	0
-27.5	0	0
-26.25	0	0
-25	0	0
-23.75	0	0
-22.5	0	0
-21.25	0	0
-20	0	0
-18.75	0	0
-17.5	0	0
-16.25	0	0
-15	0	0
-13.75	0	0
-12.5	0	0
-11.25	0	0
-10	0	0
-8.75	0	0
-7.5	0	0
-6.25	0	0
-5	0	0
-3.75	0	0
-2.5	0	0
-1.25	0	0
0	0	0
1.25	0	0
2.5	0	0
3.75	0	0
5	0	0
6.25	0	0
7.5	0	0
8.75	0	0
10	0	0
11.25	0	0
12.5	0	0
13.75	0	0
15	0	0
16.25	0	0
17.5	0	0
18.75	0	0
20	0	0
21.25	0	0
22.5	0	0
23.75	0	0
25	0	0
26.25	0	0
27.5	0	0
28.75	0	0
30	0	0
31.25	0	0
32.5	0	0
33.75	0	0
35	0	0
36.25	0	0
37.5	0	0
38.75	0	0
40	0	0
41.25	0	0
42.5	0	0
43.75	0	0
45	0	0
46.25	0	0
47.5	0	0
48.75	0	0
50	0	0
51.25	0	0
52.5	0	0
53.75	0	0
55	0	0
56.25	0	0
57.5	0	0
58.75	0	0
60	0	0
61.25	0	0
62.5	0	0
63.75	0	0
65	0	0
66.25	0	0
67.5	0	0
68.75	0	0
70	0	0
71.25	0	0
72.5	0	0
73.75	0	0
75	0	0
76.25	0	0
77.5	0	0
78.75	0	0
80	0	0
81.25	0	0
82.5	0	0
83.75	0	0
85	0	0
86.25	0	0
87.5	0	0
88.75	0	0
90	0	0
91.25	0	0
92.5	0	0
93.75	0	0
95	0	0
96.25	0	0
97.5	0	0
98.75	0	0
100	0	0
101.25	0	0
102.5	0	0
103.75	0	0
105	0	0
106.25	0	0
107.5	0	0
108.75	0	0
110	0	0
111.25	0	0
112.5	0	0
113.75	0	0
115	0	0
116.25	0	0
117.5	0	0
118.75	0	0
120	0	0
121.25	0	0
122.5	0	0
123.75	0	0
125	0	0
126.25	0	0
127.5	0	0
128.75	0	0
130	0	0
131.25	0	0
132.5	0	0
133.75	0	0
135	0	0
136.25	0	0
137.5	0	0
138.75	0	0
140	0	0
141.25	0	0
142.5	0	0
143.75	0	0
145	0	0
146.25	0	0
147.5	0	0
148.75	0	0
150	0	0
151.25	0	0
152.5	0	0
153.75	0	0
155	0	0
156.25	0	0
157.5	0	0
158.75	0	0
161.25	0	0
164.25	0	0
167.85	0	0
172.17	0	0
177.354	0	0
183.575	0	0
191.04	0	0
199.998	0	0
210.747	0	0
223.647	0	0
239.126	0	0
257.701	0	0
279.992	0	0
306.74	0	0
338.838	0	0
377.355	0	0
423.576	0	0
479.042	0	0
545.6	0	0
625.47	0	0
721.314	0	0
836.327	0	0
974.342	0	0
1139.96	0	0
1338.7	0	0
1577.19	0	0
1863.38	0	0
2206.81	0	0
-2208.06	-4856.36	0
2206.81	-4856.36	0
-0.625	-4414.87	0
-0.625	-4856.36	0
-159.375	-2.00447	0
-64.375	-2.00447	0
31.875	-2.00447	0
126.875	-2.00447	0
-113.125	-2.00447	0
-136.875	-2.00447	0
-148.125	-2.00447	0
-154.375	-2.00447	0
-156.875	-2.00447	0
-16.875	-2.00447	0
-40.625	-2.00447	0
-53.125	-2.00447	0
-59.375	-2.00447	0
-61.875	-2.00447	0
-65.625	-1.29455	0
-71.875	-2.00447	0
79.375	-2.00447	0
55.625	-2.00447	0
43.125	-2.00447	0
36.875	-2.00447	0
34.375	-2.00447	0
33.125	-1.29455	0
30.625	-1.29455	0
24.375	-2.00447	0
158.125	-2.00447	0
141.875	-2.00447	0
133.125	-2.00447	0
129.375	-2.00447	0
128.125	-1.29455	0
125.625	-1.29455	0
119.375	-2.00447	0
-114.375	-1.29455	0
-120.625	-2.00447	0
-93.125	-2.00447	0
-103.125	-2.00447	0
-109.375	-2.00447	0
-111.875	-1.29455	0
-138.125	-1.29455	0
-129.375	-2.00447	0
-133.125	-2.00447	0
-135.625	-1.29455	0
-149.375	-1.29455	0
-143.125	-2.00447	0
-145.625	-2.00447	0
-146.875	-1.29455	0
-155.625	-1.29455	0
-151.875	-2.00447	0
-153.125	-1.29455	0
-158.125	-1.29455	0
-18.125	-1.29455	0
-24.375	-2.00447	0
3.125	-2.00447	0
-6.875	-2.00447	0
-13.125	-2.00447	0
-15.625	-1.29455	0
-41.875	-1.29455	0
-33.125	-2.00447	0
-36.875	-2.00447	0
-39.375	-1.29455	0
-54.375	-1.29455	0
-48.125	-2.00447	0
-50.625	-2.00447	0
-51.875	-1.29455	0
-60.625	-1.29455	0
-56.875	-2.00447	0
-58.125	-1.29455	0
-63.125	-1.29455	0
-66.875	-1.09989	0
-69.375	-2.00447	0
-70.625	-1.29455	0
-73.125	-1.29455	0
-79.375	-2.00447	0
99.375	-2.00447	0
89.375	-2.00447	0
83.125	-2.00447	0
80.625	-1.29455	0
78.125	-1.29455	0
71.875	-2.00447	0
63.125	-2.00447	0
59.375	-2.00447	0
56.875	-1.29455	0
54.375	-1.29455	0
48.125	-2.00447	0
45.625	-2.00447	0
44.375	-1.29455	0
41.875	-1.29455	0
39.375	-2.00447	0
38.125	-1.29455	0
35.625	-1.29455	0
29.375	-1.09989	0
26.875	-2.00447	0
25.625	-1.29455	0
23.125	-1.29455	0
16.875	-2.00447	0
156.875	-1.29455	0
150.625	-2.00447	0
145.625	-2.00447	0
143.125	-1.29455	0
140.625	-1.29455	0
136.875	-2.00447	0
134.375	-1.29455	0
131.875	-1.29455	0
124.375	-1.09989	0
121.875	-2.00447	0
120.625	-1.29455	0
118.125	-1.29455	0
111.875	-2.00447	0
-115.625	-1.09989	0
-118.125	-2.00447	0
-119.375	-1.29455	0
-121.875	-1.29455	0
-86.875	-2.00447	0
-90.625	-2.00447	0
-91.875	-1.29455	0
-94.375	-1.29455	0
-99.375	-2.00447	0
-101.875	-1.29455	0
-104.375	-1.29455	0
-106.875	-2.00447	0
-108.125	-1.29455	0
-110.625	-1.09989	0
-139.375	-1.09989	0
-125.625	-2.00447	0
-128.125	-1.29455	0
-130.625	-1.29455	0
-134.375	-1.09989	0
-150.625	-1.09989	0
-141.875	-1.29455	0
-144.375	-1.29455	0
-19.375	-1.09989	0
-21.875	-2.00447	0
-23.125	-1.29455	0
-25.625	-1.29455	0
9.375	-2.00447	0
5.625	-2.00447	0
4.375	-1.29455	0
1.875	-1.29455	0
-3.125	-2.00447	0
-5.625	-1.29455	0
-8.125	-1.29455	0
-10.625	-2.00447	0
-11.875	-1.29455	0
-14.375	-1.09989	0
-43.125	-1.09989	0
-29.375	-2.00447	0
-31.875	-1.29455	0
-34.375	-1.29455	0
-38.125	-1.09989	0
-55.625	-1.09989	0
-45.625	-2.00447	0
-46.875	-1.29455	0
-49.375	-1.29455	0
-68.125	-1.08267	0
-66.5621	-3.20169	0
-74.375	-1.09989	0
-76.875	-2.00447	0
-78.125	-1.29455	0
-80.625	-1.29455	0
105.625	-2.00447	0
101.875	-2.00447	0
100.625	-1.29455	0
98.125	-1.29455	0
93.125	-2.00447	0
90.625	-1.29455	0
88.125	-1.29455	0
85.625	-2.00447	0
84.375	-1.29455	0
81.875	-1.09989	0
76.875	-1.09989	0
74.375	-2.00447	0
73.125	-1.29455	0
70.625	-1.29455	0
66.875	-2.00447	0
64.375	-1.29455	0
61.875	-1.29455	0
58.125	-1.09989	0
53.125	-1.09989	0
50.625	-2.00447	0
49.375	-1.29455	0
46.875	-1.29455	0
40.625	-1.09989	0
28.125	-1.08267	0
29.6879	-3.20169	0
21.875	-1.09989	0
19.375	-2.00447	0
18.125	-1.29455	0
15.625	-1.29455	0
155.625	-1.09989	0
153.125	-2.00447	0
151.875	-1.29455	0
149.375	-1.29455	0
146.875	-1.29455	0
144.375	-1.09989	0
139.375	-1.09989	0
135.625	-1.09989	0
130.625	-1.09989	0
123.125	-1.08267	0
124.688	-3.20169	0
116.875	-1.09989	0
114.375	-2.00447	0
113.125	-1.29455	0
110.625	-1.29455	0
-116.875	-1.08267	0
-115.312	-3.20169	0
-123.125	-1.09989	0
-84.375	-2.00447	0
-85.625	-1.29455	0
-88.125	-1.29455	0
-95.625	-1.09989	0
-98.125	-1.29455	0
-100.625	-1.09989	0
-105.625	-1.09989	0
-110.983	-2.91077	0
-140.625	-1.08267	0
-139.062	-3.20169	0
-126.875	-1.09989	0
-131.875	-1.09989	0
-134.733	-2.91077	0
-150.267	-2.91077	0
-20.625	-1.08267	0
-19.0621	-3.20169	0
-26.875	-1.09989	0
11.875	-2.00447	0
10.625	-1.29455	0
8.125	-1.29455	0
0.625	-1.09989	0
-1.875	-1.29455	0
-4.375	-1.09989	0
-9.375	-1.09989	0
-14.7332	-2.91077	0
-44.375	-1.08267	0
-42.8121	-3.20169	0
-30.625	-1.09989	0
-35.625	-1.09989	0
-38.4832	-2.91077	0
-55.2668	-2.91077	0
-67.5162	-2.26952	0
-75.625	-1.08267	0
-74.0621	-3.20169	0
-81.875	-1.09989	0
108.125	-2.00447	0
106.875	-1.29455	0
104.375	-1.29455	0
96.875	-1.09989	0
94.375	-1.29455	0
91.875	-1.09989	0
86.875	-1.09989	0
81.5168	-2.91077	0
75.625	-1.08267	0
77.1879	-3.20169	0
69.375	-1.09989	0
65.625	-1.09989	0
60.625	-1.09989	0
57.7668	-2.91077	0
51.875	-1.08267	0
53.4379	-3.20169	0
40.9832	-2.91077	0
28.7338	-2.26952	0
20.625	-1.08267	0
22.1879	-3.20169	0
14.375	-1.09989	0
154.375	-1.08267	0
155.938	-3.20169	0
148.125	-1.09989	0
144.017	-2.91077	0
138.125	-1.08267	0
139.688	-3.20169	0
135.267	-2.91077	0
130.983	-2.91077	0
123.734	-2.26952	0
115.625	-1.08267	0
117.188	-3.20169	0
109.375	-1.09989	0
-116.266	-2.26952	0
-124.375	-1.08267	0
-122.812	-3.20169	0
-89.375	-1.09989	0
-96.875	-1.08267	0
-95.3121	-3.20169	0
-100.983	-2.91077	0
-105.267	-2.91077	0
-140.016	-2.26952	0
-127.233	-2.91077	0
-131.517	-2.91077	0
-20.0162	-2.26952	0
-28.125	-1.08267	0
-26.5621	-3.20169	0
6.875	-1.09989	0
-0.625	-1.08267	0
0.937855	-3.20169	0
-4.73316	-2.91077	0
-9.01684	-2.91077	0
-43.7662	-2.26952	0
-30.9832	-2.91077	0
-35.2668	-2.91077	0
-68.534	-4.26556	0
-75.0162	-2.26952	0
-83.125	-1.08267	0
-81.5621	-3.20169	0
103.125	-1.09989	0
95.625	-1.08267	0
97.1879	-3.20169	0
91.5168	-2.91077	0
87.2332	-2.91077	0
76.2338	-2.26952	0
68.125	-1.08267	0
69.6879	-3.20169	0
65.2668	-2.91077	0
60.9832	-2.91077	0
52.4838	-2.26952	0
27.716	-4.26556	0
21.2338	-2.26952	0
13.125	-1.08267	0
14.6879	-3.20169	0
154.984	-2.26952	0
147.812	-3.20169	0
138.734	-2.26952	0
122.716	-4.26556	0
116.234	-2.26952	0
109.733	-2.91077	0
-117.284	-4.26556	0
-123.766	-2.26952	0
-89.0168	-2.91077	0
-96.2662	-2.26952	0
-141.034	-4.26556	0
-21.034	-4.26556	0
-27.5162	-2.26952	0
7.23316	-2.91077	0
-0.016236	-2.26952	0
-44.784	-4.26556	0
-76.034	-4.26556	0
-82.5162	-2.26952	0
103.483	-2.91077	0
96.2338	-2.26952	0
75.216	-4.26556	0
68.7338	-2.26952	0
51.466	-4.26556	0
20.216	-4.26556	0
13.7338	-2.26952	0
153.966	-4.26556	0
148.587	-2.24287	0
137.716	-4.26556	0
115.216	-4.26556	0
-124.784	-4.26556	0
-97.284	-4.26556	0
-28.534	-4.26556	0
-1.03398	-4.26556	0
-83.534	-4.26556	0
95.216	-4.26556	0
67.716	-4.26556	0
12.716	-4.26556	0
149.737	-3.96508	0
33.125	-2.74999	0
128.125	-2.74999	0
-146.875	-2.74999	0
-155.625	-2.74999	0
-153.125	-2.74999	0
-158.125	-2.74999	0
-51.875	-2.74999	0
-60.625	-2.74999	0
-58.125	-2.74999	0
-63.125	-2.74999	0
-70.625	-2.74999	0
44.375	-2.74999	0
38.125	-2.74999	0
35.625	-2.74999	0
25.625	-2.74999	0
120.625	-2.74999	0
-119.375	-2.74999	0
-91.875	-2.74999	0
-108.125	-2.74999	0
-144.375	-2.74999	0
-23.125	-2.74999	0
4.375	-2.74999	0
-11.875	-2.74999	0
-46.875	-2.74999	0
-49.375	-2.74999	0
-78.125	-2.74999	0
100.625	-2.74999	0
84.375	-2.74999	0
73.125	-2.74999	0
49.375	-2.74999	0
46.875	-2.74999	0
18.125	-2.74999	0
151.875	-2.74999	0
113.125	-2.74999	0
-85.625	-2.74999	0
10.625	-2.74999	0
106.875	-2.74999	0
-141.802	-2.87844	0
-98.052	-2.87844	0
-1.80205	-2.87844	0
94.448	-2.87844	0
31.5394	-3.98781	0
129.508	-3.64826	0
126.539	-3.98781	0
-148.512	-4.07398	0
-154.375	-3.42515	0
-151.742	-3.64826	0
-156.875	-3.42515	0
-159.945	-4.38169	0
-53.512	-4.07398	0
-59.375	-3.42515	0
-56.7419	-3.64826	0
-61.875	-3.42515	0
-64.7106	-3.98781	0
-72.2106	-3.98781	0
42.738	-4.07398	0
39.5081	-3.64826	0
34.375	-3.42515	0
36.875	-3.42515	0
24.0394	-3.98781	0
119.039	-3.98781	0
-120.961	-3.98781	0
-90.4919	-3.64826	0
-93.4606	-3.98781	0
-109.508	-3.64826	0
-106.742	-3.64826	0
-145.625	-3.42515	0
-24.7106	-3.98781	0
5.75807	-3.64826	0
2.78942	-3.98781	0
-13.2581	-3.64826	0
-10.4919	-3.64826	0
-50.625	-3.42515	0
-48.125	-3.42515	0
-79.7106	-3.98781	0
102.008	-3.64826	0
99.0394	-3.98781	0
82.9919	-3.64826	0
85.7581	-3.64826	0
71.5394	-3.98781	0
45.625	-3.42515	0
48.125	-3.42515	0
16.5394	-3.98781	0
111.488	-4.07398	0
-87.262	-4.07398	0
8.98803	-4.07398	0
108.258	-3.64826	0
105.238	-4.07398	0
-143.119	-3.4344	0
-99.5093	-3.64606	0
-3.25931	-3.64606	0
92.9907	-3.64606	0
131.428	-5.64493	0
128.082	-4.32968	0
-153.119	-4.25517	0
-150.249	-4.78972	0
-155.625	-4.2447	0
-158.238	-4.4548	0
-58.1193	-4.25517	0
-55.2493	-4.78972	0
-60.625	-4.2447	0
-63.1696	-4.32728	0
41.0007	-4.78972	0
33.0804	-4.32728	0
38.1307	-4.25517	0
35.625	-4.2447	0
-91.9177	-4.32968	0
-111.428	-5.64493	0
-104.822	-5.64493	0
-146.933	-4.35218	0
4.33226	-4.32968	0
-15.1782	-5.64493	0
-8.57177	-5.64493	0
-51.9331	-4.35218	0
-49.375	-4.2447	0
-46.6566	-4.64898	0
100.582	-4.32968	0
81.0718	-5.64493	0
87.6782	-5.64493	0
44.3169	-4.35218	0
46.875	-4.2447	0
49.5934	-4.64898	0
-88.9993	-4.78972	0
7.25066	-4.78972	0
109.751	-4.78972	0
106.817	-4.35266	0
103.501	-4.78972	0
-144.375	-4.24424	0
126.763	-6.63281	0
129.537	-5.5418	0
-151.831	-5.31181	0
-156.894	-4.8174	0
-155.341	-6.56622	0
-158.148	-6.79184	0
-56.8314	-5.31181	0
-64.4845	-6.62861	0
31.7655	-6.62861	0
39.4186	-5.31181	0
-93.2374	-6.63281	0
-101.425	-5.64183	0
-148.169	-6.74499	0
3.01264	-6.63281	0
-5.17531	-5.64183	0
-53.1686	-6.74499	0
-50.6329	-4.80031	0
-51.7591	-5.95743	0
-49.113	-6.5397	0
-48.0774	-4.86082	0
99.2626	-6.63281	0
91.0747	-5.64183	0
43.0814	-6.74499	0
45.6171	-4.80031	0
44.4909	-5.95743	0
47.137	-6.5397	0
48.1726	-4.86082	0
-90.576	-5.30478	0
5.67401	-5.30478	0
108.175	-5.30367	0
105.581	-6.74585	0
101.924	-5.30478	0
-145.633	-4.80027	0
-146.759	-5.95743	0
-144.112	-6.53909	0
-153.537	-6.07737	0
-59.1698	-6.84886	0
37.0802	-6.84886	0
-150.389	-7.02345	0
-55.3893	-7.02345	0
-51.2009	-8.61153	0
-47.0874	-6.63037	0
40.8607	-7.02345	0
45.0491	-8.61153	0
49.1626	-6.63037	0
-88.9617	-7.57552	0
7.28827	-7.57552	0
109.787	-7.57361	0
103.358	-7.02503	0
-142.849	-5.23197	0
-146.201	-8.61155	0
-133.125	-3.88438	0
-36.875	-3.88438	0
59.375	-3.88438	0
145.824	-4.23741	0
130.317	-8.62564	0
-153.655	-9.21523	0
-45.4133	-5.95678	0
50.8367	-5.95678	0
-87.4181	-6.16153	0
8.83192	-6.16153	0
111.332	-6.16131	0
-141.385	-7.91119	0
-130.76	-5.97638	0
-39.2403	-5.97638	0
-34.5097	-5.97638	0
57.0097	-5.97638	0
61.7403	-5.97638	0
-42.5414	-6.06272	0
53.7086	-6.06272	0
-135.49	-5.97638	0
-45.1702	-8.97808	0
51.0798	-8.97808	0
-161.25	-1.48943	0
-164	-2.52812	0
160	-1.48943	0
162.75	-2.52812	0
159.888	-4.75365	0
141.968	-4.76987	0
-70.4123	-4.65683	0
-68.8457	-7.47327	0
-72.3843	-7.20595	0
25.8377	-4.65683	0
27.4043	-7.47327	0
23.8657	-7.20595	0
120.838	-4.65683	0
122.404	-7.47327	0
118.866	-7.20595	0
-119.162	-4.65683	0
-121.134	-7.20595	0
-117.596	-7.47327	0
-22.9123	-4.65683	0
-24.8843	-7.20595	0
-21.3457	-7.47327	0
-77.9123	-4.65683	0
-79.8843	-7.20595	0
-76.3457	-7.47327	0
73.3377	-4.65683	0
71.3657	-7.20595	0
74.9043	-7.47327	0
18.3377	-4.65683	0
16.3657	-7.20595	0
19.9043	-7.47327	0
113.326	-4.67269	0
114.924	-7.49962	0
-85.4238	-4.67269	0
-83.826	-7.49962	0
10.8262	-4.67269	0
12.424	-7.49962	0
133.397	-4.34669	0
124.82	-5.46487	0
-66.4305	-5.46517	0
29.8195	-5.46517	0
-95.1804	-5.46487	0
-98.9845	-6.06748	0
1.06963	-5.46487	0
-2.73451	-6.06748	0
97.3196	-5.46487	0
93.5155	-6.06748	0
-53.9465	-9.53548	0
-48.2314	-9.51616	0
42.3035	-9.53548	0
48.0186	-9.51616	0
104.917	-10.4492	0
101.264	-7.31316	0
-148.947	-9.53547	0
147.898	-5.79326	0
-138.644	-6.33519	0
-129.096	-4.32906	0
-32.846	-4.32906	0
63.404	-4.32906	0
156.658	-6.89561	0
139.713	-5.6068	0
-73.9486	-5.50776	0
22.3014	-5.50776	0
117.301	-5.50776	0
-122.699	-5.50776	0
-115.019	-6.10471	0
-26.4486	-5.50776	0
-18.7688	-6.10471	0
-81.4486	-5.50776	0
69.8014	-5.50776	0
77.4812	-6.10471	0
14.8014	-5.50776	0
112.374	-8.85292	0
-86.3745	-8.85041	0
9.87551	-8.85041	0
134.494	-8.15219	0
135.574	-5.24676	0
124.73	-7.81387	0
-66.5165	-7.81824	0
29.7335	-7.81824	0
-96.0817	-9.16459	0
0.168256	-9.16459	0
96.4183	-9.16459	0
102.622	-9.42722	0
-127.286	-7.82059	0
-126.926	-5.24668	0
-31.0362	-7.82059	0
-30.676	-5.24668	0
65.2138	-7.82059	0
65.574	-5.24668	0
137.533	-6.6947	0
127.284	-9.8695	0
-63.5928	-10.4819	0
32.6572	-10.4819	0
99.3661	-9.61274	0
-124.123	-8.3892	0
-27.8727	-8.3892	0
68.3773	-8.3892	0
123.021	-11.3733	0
-68.2343	-11.3809	0
28.0157	-11.3809	0
-125.089	-6.42925	0
-28.8386	-6.42925	0
67.4114	-6.42925	0
151.783	-5.07678	0
153.791	-7.13718	0
-108.125	-6.89997	0
-113.291	-4.29751	0
-11.875	-6.89997	0
-17.0411	-4.29751	0
84.375	-6.89997	0
79.2089	-4.29751	0
-61.8215	-6.622	0
34.4285	-6.622	0
-156.542	-9.19192	0
-40.7947	-4.29093	0
55.4553	-4.29093	0
-137.045	-4.29093	0
144.416	-8.27481	0
-100.887	-9.76866	0
-4.63746	-9.76866	0
91.6125	-9.76866	0
102.131	-13.6189	0
-60.7287	-9.45988	0
35.5213	-9.45988	0
141.718	-7.55253	0
139.475	-7.8577	0
137.082	-9.65056	0
141.086	-11.3016	0
-40.7791	-10.2946	0
55.4709	-10.2946	0
-167.3	-2.77704	0
-162.911	-8.46956	0
166.05	-2.77704	0
-51.0921	-13.4763	0
45.1579	-13.4763	0
-146.092	-13.4763	0
-137.487	-11.5176	0
109.167	-12.0843	0
-82.9342	-12.2616	0
13.3158	-12.2616	0
-89.7125	-12.3618	0
6.53751	-12.3618	0
-120.731	-12.5898	0
-24.4811	-12.5898	0
71.7689	-12.5898	0
115.819	-12.2647	0
150.395	-8.4385	0
-114.113	-10.9213	0
-17.8627	-10.9213	0
78.3873	-10.9213	0
97.1791	-14.0791	0
-57.3412	-9.81484	0
38.9088	-9.81484	0
133.385	-13.0507	0
-171.26	-3.37193	0
-159.82	-9.64689	0
-165.408	-5.85657	0
170.01	-3.37193	0
164.06	-7.16457	0
-45.8379	-14.156	0
50.4121	-14.156	0
-155.136	-13.8337	0
-136.785	-8.64033	0
-126.616	-13.1778	0
-30.3663	-13.1778	0
65.8837	-13.1778	0
155.612	-11.6135	0
-60.5218	-14.5637	0
35.7282	-14.5637	0
129.984	-12.1329	0
-157.808	-12.1091	0
-132.522	-11.2057	0
-162.762	-14.1043	0
-133.772	-8.45789	0
-158.853	-16.6606	0
-130.939	-8.82767	0
-129.368	-11.5896	0
-131.561	-16.4553	0
-129.253	-14.5684	0
-127.381	-19.2126	0
-126.689	-16.2344	0
-122.259	-18.8329	0
-123.484	-14.7818	0
-73.9865	-12.9487	0
22.2635	-12.9487	0
-105.111	-9.85918	0
-8.86063	-9.85918	0
87.3894	-9.85918	0
-78.4316	-11.5301	0
17.8184	-11.5301	0
-92.6132	-10.1977	0
3.63676	-10.1977	0
-110.902	-9.23383	0
-14.6518	-9.23383	0
81.5982	-9.23383	0
-55.3259	-13.5387	0
40.9241	-13.5387	0
-168.862	-5.85729	0
160.292	-8.86933	0
-34.968	-11.0327	0
61.282	-11.0327	0
126.278	-13.8116	0
-120.252	-16.0156	0
-96.0041	-15.2431	0
0.245878	-15.2431	0
-109.801	-15.2265	0
-13.5512	-15.2265	0
82.6988	-15.2265	0
-174.046	-8.46004	0
-167.134	-10.0052	0
130.294	-17.7465	0
-116.906	-13.8018	0
-92.9293	-13.6474	0
3.3207	-13.6474	0
-116.738	-20.6426	0
-91.9079	-19.376	0
4.3421	-19.376	0
-90.0855	-16.0957	0
6.16449	-16.0957	0
-85.7366	-20.6582	0
-86.2897	-14.5893	0
10.5134	-20.6582	0
9.96033	-14.5893	0
147.231	-14.7188	0
137.643	-13.97	0
-176.012	-4.03819	0
174.762	-4.03819	0
-65.1541	-14.8527	0
31.0959	-14.8527	0
-152.462	-21.2081	0
-53.1089	-20.2966	0
43.1411	-20.2966	0
164.91	-14.0587	0
120.74	-17.8151	0
-102.857	-16.4408	0
-6.60701	-16.4408	0
89.6456	-16.5643	0
-164.907	-21.6498	0
-78.3842	-19.0551	0
17.8658	-19.0551	0
134.7	-17.2819	0
142.277	-16.3938	0
-70.0415	-16.0865	0
26.2085	-16.0865	0
-62.3745	-22.1364	0
33.8755	-22.1364	0
-82.3004	-16.7576	0
13.9496	-16.7576	0
133.242	-24.5799	0
-150.611	-13.7449	0
-148.07	-18.3361	0
-36.1069	-19.4844	0
60.1431	-19.4844	0
-124.211	-27.2358	0
-181.714	-4.8475	0
180.465	-4.8475	0
171.419	-10.6048	0
100.393	-21.7895	0
-66.5645	-19.5632	0
29.6855	-19.5632	0
147.44	-23.5009	0
-140.394	-18.6284	0
-72.595	-22.1173	0
23.655	-22.1173	0
-145.661	-26.8137	0
-133.893	-24.5365	0
-67.4916	-25.7706	0
28.7584	-25.7706	0
-19.8049	-17.1778	0
76.4451	-17.1778	0
112.271	-20.3663	0
-98.4037	-21.7178	0
-2.15366	-21.7178	0
-169.024	-16.402	0
-188.558	-5.81674	0
187.308	-5.81674	0
176.927	-9.27515	0
-80.0298	-29.1695	0
16.2202	-29.1695	0
-59.1054	-32.1591	0
37.1446	-32.1591	0
-26.7543	-19.5837	0
69.4957	-19.5837	0
82.701	-26.2304	0
-13.549	-26.2304	0
-175.381	-25.6273	0
183.138	-10.6102	0
-73.433	-28.679	0
-90.8783	-29.9133	0
22.817	-28.679	0
5.37168	-29.9133	0
192.91	-14.8989	0
176.305	-18.7737	0
-75.945	-39.5028	0
-67.1412	-34.0092	0
20.305	-39.5028	0
29.1088	-34.0092	0
-107.899	-24.8129	0
125.56	-23.8414	0
-196.769	-6.98	0
195.519	-6.98	0
75.1735	-24.7445	0
-21.0765	-24.7445	0
-183.582	-16.3054	0
118.217	-24.7738	0
64.7024	-30.5608	0
-31.5476	-30.5608	0
108.176	-32.1055	0
76.5545	-37.5583	0
-19.6955	-37.5583	0
128.217	-36.5288	0
122.745	-31.0527	0
115.458	-31.5359	0
112.73	-43.4967	0
120.095	-39.1721	0
-158.05	-34.917	0
-60.1566	-45.9702	0
36.0934	-45.9702	0
-206.623	-8.37583	0
206.913	-15.1238	0
-191.629	-13.6984	0
123.348	-53.1447	0
203.834	-7.38871	0
-200.623	-15.2535	0
126.498	-45.0465	0
212.389	-8.46408	0
-191.786	-27.9064	0
-214.651	-21.4359	0
137.909	-54.1475	0
220.33	-20.5748	0
137.584	-42.8512	0
-44.451	-23.1731	0
-51.1117	-28.7531	0
-51.166	-39.709	0
-41.6631	-33.2663	0
51.799	-23.1731	0
45.1383	-28.7531	0
45.084	-39.709	0
54.5869	-33.2663	0
157.872	-21.9195	0
-133.381	-41.4105	0
-4.79388	-31.6949	0
-115.533	-29.5405	0
-122.526	-38.3792	0
-104.135	-39.4181	0
-218.447	-10.051	0
-45.621	-57.2568	0
-32.7859	-46.1943	0
50.629	-57.2568	0
63.4641	-46.1943	0
167.641	-23.5851	0
155.192	-39.4382	0
3.14583	-47.1053	0
-100.712	-30.7483	0
-95.1479	-37.9557	0
-97.2966	-53.0987	0
-85.4823	-37.9325	0
161.281	-31.4054	0
147.757	-48.2112	0
-123.092	-57.3014	0
-90.2949	-46.3683	0
171.118	-45.1865	0
-83.003	-60.9613	0
178.493	-32.9191	0
94.1951	-34.56	0
-232.636	-12.0617	0
160.001	-51.0499	0
150.551	-63.984	0
174.962	-65.9447	0
102.568	-65.3465	0
-15.1262	-58.7238	0
204.88	-39.3647	0
-249.663	-14.4733	0
129.02	-76.996	0
81.3796	-59.1114	0
199.723	-26.7266	0
188.905	-47.5294	0
-179.929	-53.0739	0
248.413	-27.3574	0
25.2623	-74.9223	0
-63.6779	-65.5082	0
-102.758	-79.9509	0
-30.5549	-61.76	0
-44.9756	-82.5519	0
-17.9718	-84.9831	0
-237.283	-40.5716	0
-270.096	-17.3686	0
65.7825	-61.8614	0
50.8218	-83.8588	0
77.9908	-85.4975	0
209.985	-69.0648	0
-152.232	-64.8916	0
22.2381	-57.2889	0
3.9971	-69.4933	0
268.846	-19.0389	0
-78.5477	-85.3666	0
-257.306	-34.0847	0
-294.616	-20.8425	0
7.94029	-98.41	0
293.366	-20.611	0
-257.697	-69.4372	0
-279.685	-37.9567	0
271.969	-55.964	0
159.67	-103.393	0
229.556	-43.907	0
-210.266	-49.5738	0
-324.039	-25.0103	0
322.789	-25.0584	0
-99.3375	-121.482	0
-306.072	-45.907	0
105.66	-94.1815	0
-131.384	-85.1984	0
61.7786	-128.246	0
243.625	-75.0426	0
-230.975	-66.6837	0
-198.913	-84.4022	0
-239.92	-110.911	0
-359.347	-30.0125	0
303.808	-51.0823	0
358.096	-30.003	0
-26.5468	-133.249	0
-285.745	-65.609	0
131.609	-104.983	0
84.715	-112.496	0
-165.318	-99.1816	0
-337.797	-55.011	0
-33.5749	-107.105	0
-276.428	-102.012	0
148.189	-149.186	0
110.013	-120.294	0
89.0462	-143.38	0
132.911	-129.706	0
156.503	-126.935	0
113.454	-144.483	0
188.029	-151.392	0
99.4814	-183.07	0
187.785	-119.159	0
-314.816	-75.2651	0
-60.0419	-104.471	0
54.3776	-173.712	0
-358.785	-101.99	0
-401.716	-36.0148	0
295.717	-104.579	0
400.466	-36.0167	0
336.588	-55.0571	0
-136.18	-121.728	0
-198.756	-129.617	0
221.133	-103.972	0
-375.854	-66.0302	0
316.881	-80.4197	0
374.607	-65.937	0
-117.364	-180.684	0
-272.444	-165.004	0
215.163	-135.069	0
227.77	-186.743	0
258.238	-127.218	0
348.652	-84.7679	0
328.723	-112.144	0
301.273	-156.12	0
391.827	-116.974	0
360.303	-114.192	0
342.057	-151.022	0
373.583	-143.705	0
425.57	-159.594	0
369.553	-197.917	0
-65.8021	-145.057	0
-452.559	-43.2185	0
451.309	-43.2181	0
164.573	-214.174	0
420.01	-79.0418	0
326.431	-191.692	0
-27.2382	-202.102	0
-424.983	-111.38	0
276.545	-200.29	0
-414.639	-73.2993	0
338.01	-263.954	0
-453.398	-83.217	0
-517.119	-61.8727	0
-484.352	-142.864	0
18.3198	-143.174	0
-317.612	-120.199	0
-367.398	-177.119	0
512.321	-51.8623	0
61.9223	-250.718	0
230.433	-271.73	0
475.018	-95.5165	0
585.535	-62.2339	0
540.858	-114.013	0
459.014	-268.584	0
-586.785	-57.2691	0
-429.918	-173.794	0
-506.733	-245.619	0
-403.99	-275.711	0
673.392	-74.6811	0
492.406	-160.052	0
-556.265	-124.834	0
-674.642	-75.9754	0
619.763	-136.93	0
562.831	-185.653	0
669.427	-252.585	0
-199.849	-221.756	0
140.293	-308.416	0
778.821	-89.6173	0
-780.071	-89.3739	0
714.468	-164.296	0
-309.238	-254.791	0
-503.616	-425.421	0
-60.6181	-369.385	0
244.192	-434.619	0
905.335	-107.541	0
-906.584	-107.59	0
-705.871	-251.737	0
-323.067	-417.192	0
44.9711	-355.817	0
-92.4232	-276.067	0
828.112	-197.159	0
13.9339	-531.921	0
135.468	-418.259	0
-197.204	-363.858	0
393.188	-405.405	0
1057.15	-129.048	0
-1058.4	-129.039	0
-827.395	-209.137	0
167.567	-574.388	0
964.484	-236.589	0
-185.733	-566.105	0
575.495	-408.869	0
-965.933	-235.523	0
350.839	-583.974	0
2206.81	-2048	0
1183.27	-331.417	0
-834.945	-425.31	0
-2208.06	-2428.18	0
833.068	-435.557	0
-1182.92	-330.559	0
1239.33	-154.858	0
-1240.58	-154.86	0
-403.854	-629.48	0
22.6525	-799.517	0
2206.81	-1024	0
1457.95	-185.829	0
-1459.2	-185.828	0
248.405	-785.628	0
-669.35	-632.863	0
-231.255	-816.474	0
1720.29	-222.997	0
-2208.06	-1214.09	0
157.801	-1154.58	0
622.988	-849.062	0
-532.899	-921.744	0
-1721.54	-222.997	0
-88.4692	-1045.07	0
-1084.97	-794.629	0
1529.51	-625.094	0
2206.81	-512	0
-2208.06	-607.045	0
-140.95	-1494.74	0
-1530.76	-625.094	0
2206.81	-256	0
1953.75	-384	0
-2208.06	-303.522	0
1918.42	-768	0
-1933.02	-455.283	0
-1876.52	-882.794	0
1119.43	-757.635	0
1652.1	-1358.45	0
-1104.34	-4856.36	0
1103.09	-4856.36	0
-1511.03	-1580.09	0
-1452.68	-1090.65	0
1430.24	-1018.61	0
956.616	-1267.1	0
-552.484	-4856.36	0
551.234	-4856.36	0
-920.044	-1402.35	0
482.524	-1741.05	0
-828.413	-3971.41	0
827.163	-3971.41	0
1214.24	-1998.9	0
-224.194	-2617.68	0
-987.909	-2248.08	0
604.361	-2562.46	0
-934.816	-3112.21	0
240.209	-3342.13	0
2206.81	-3452.18	0
1471.33	-2888.9	0
-2208.06	-3642.27	0
2206.81	-4154.27	0
1551.4	-3803.22	0
1694.81	-4856.36	0
1398.95	-4360.31	0
-159.375	-0.904795	0
-160.393	-0.939591	0
-161.25	0	0
-160.363	-1.92965	0
-161.512	-3.13241	0
-159.956	-3.12202	0
-65.625	-0.496402	0
-64.7984	-0.895475	0
-64.9697	-1.59621	0
-65.7456	-2.4191	0
-65.028	-2.31846	0
-65.2662	-3.22862	0
-64.3007	-2.99508	0
-65.9356	-4.30149	0
-63.9922	-1.223	0
30.625	-0.496402	0
31.4516	-0.895475	0
126.875	-0.904795	0
-115.141	-2.10202	0
-114.095	-2.82799	0
125.625	-0.496402	0
-68.125	0	0
-68.4375	-0.541334	0
-67.8124	-0.541369	0
-69.375	-0.721665	0
-67.4999	-1.08274	0
-68.8125	-1.1187	0
-67.8125	-1.67194	0
-66.875	0	0
-69.4064	-1.36307	0
-68.4411	-1.62782	0
-67.1443	-1.71287	0
-66.5396	-0.562942	0
-69.9979	-1.01265	0
-68.1668	-2.21983	0
-66.7141	-2.40291	0
-66.2386	-1.12415	0
-67.1875	-0.541197	0
-70.6019	-0.507561	0
-70.0494	-1.73651	0
-68.7764	-2.1427	0
-67.9212	-3.28795	0
-66.0993	-1.81242	0
-69.2974	-3.03355	0
-68.5585	-2.8679	0
-71.4144	-0.87753	0
-70.7263	-2.02227	0
-69.9481	-2.46423	0
-68.7889	-3.57098	0
-71.2778	-1.57459	0
-71.3078	-2.47412	0
-70.0301	-3.21455	0
-69.5206	-4.23354	0
-71.9034	-1.33529	0
-72.1086	-0.626056	0
-72.5269	-1.69691	0
-72.1965	-2.97013	0
-71.3218	-3.49181	0
-72.8274	-0.640068	0
-73.3971	-2.34467	0
-72.4381	-2.35333	0
-72.9226	-2.89876	0
-73.5552	-0.704079	0
-69.2877	-5.87518	0
-67.2364	-4.39805	0
-71.3633	-4.46172	0
-72.4696	-5.44525	0
-71.1464	-5.81966	0
-158.125	-0.496402	0
-157.298	-0.895475	0
-157.47	-1.59621	0
-158.063	-2.02227	0
-158.715	-1.71136	0
-157.463	-2.43997	0
-158.787	-2.43908	0
-157.534	-3.15032	0
-156.804	-2.71481	0
-159.426	-2.68813	0
-160.036	-2.48359	0
-159.035	-3.70771	0
-160.865	-2.60005	0
-158.907	-3.07411	0
-158.258	-3.53451	0
-157.505	-4.00842	0
-156.226	-3.13153	0
-156.201	-2.29558	0
-161.686	-2.2623	0
-160.732	-3.42095	0
-156.279	-3.87888	0
-155.572	-3.49734	0
-155.519	-2.02227	0
-156.291	-1.57764	0
-161.585	-4.52735	0
-156.239	-4.57568	0
-156.179	-5.74642	0
-155.546	-5.12692	0
-154.946	-3.91691	0
-154.997	-3.08132	0
-154.954	-1.56796	0
-156.233	-0.789796	0
-155.018	-4.63506	0
-154.081	-4.3447	0
-154.388	-2.71481	0
-154.098	-1.03598	0
-155.026	-0.785442	0
-154.565	-5.65127	0
-153.766	-3.05871	0
-154.942	-2.34939	0
-155.625	0	0
-153.771	-3.73887	0
-153.205	-3.40368	0
-152.413	-3.16838	0
-153.722	-2.33024	0
-151.653	-2.81377	0
-153.059	-2.02227	0
-153.789	-1.64797	0
-150.991	-3.30643	0
-150.912	-2.17521	0
-152.466	-2.44264	0
-152.473	-1.60261	0
-151.016	-4.24622	0
-151.642	-1.01079	0
-152.493	-0.801414	0
-150.253	-3.79671	0
-153.125	-0.406012	0
-162.518	-1.28406	0
-162.781	-2.93295	0
-153.523	-5.1215	0
-149.984	-2.01252	0
-149.439	-4.29031	0
-152.722	-5.61071	0
-149.051	-2.79961	0
-149.136	-5.68946	0
-152.381	-7.15109	0
-152.008	-6.26073	0
-151.388	-7.04366	0
-150.886	-5.97884	0
-151.712	-8.68976	0
-150.869	-8.00084	0
-157.354	-5.91076	0
-150.42	-9.41032	0
-149.391	-8.12012	0
-158.544	-5.63692	0
-156.694	-7.30334	0
79.375	-0.904795	0
79.8893	-1.45463	0
80.4359	-2.48135	0
80.1192	-0.740596	0
80.8329	-0.596796	0
79.4908	-3.16539	0
78.3316	-2.69475	0
80.631	-4.05037	0
55.625	-0.904795	0
54.8893	-0.744713	0
54.1757	-0.592633	0
55.106	-1.46287	0
54.4759	-2.52794	0
-150.625	0	0
-150.938	-0.549947	0
-150.305	-0.554253	0
-149.986	-1.10798	0
-149.481	-0.547565	0
-148.707	-0.818802	0
-146.875	-0.496402	0
-147.702	-0.895475	0
-146.048	-0.895475	0
36.875	-0.904795	0
37.3893	-1.45463	0
37.6162	-2.18235	0
37.6192	-0.740596	0
37.0965	-2.71481	0
38.3659	-2.02227	0
38.3329	-0.596796	0
36.3565	-2.55583	0
37.5927	-3.25924	0
38.8807	-2.59641	0
38.8606	-1.4548	0
36.1439	-1.8364	0
36.1535	-3.26617	0
37.3888	-4.01261	0
38.3345	-3.5018	0
39.7298	-2.80303	0
39.7203	-1.16573	0
35.4074	-2.02227	0
35.4114	-3.49734	0
36.3671	-4.01353	0
37.3708	-5.32345	0
38.8622	-4.04887	0
39.1044	-0.691754	0
34.9005	-1.4743	0
34.8815	-2.57592	0
34.8514	-4.06157	0
36.2999	-5.1045	0
38.7001	-4.87433	0
39.5807	-4.48634	0
35.1047	-0.747578	0
34.0371	-1.14402	0
34.1492	-2.71481	0
33.9704	-4.22453	0
34.9449	-5.39215	0
35.8183	-0.589744	0
34.3928	-0.466197	0
33.6172	-2.15464	0
33.6553	-3.26288	0
32.851	-2.02227	0
32.8815	-3.53238	0
32.3737	-1.42711	0
32.3518	-2.62566	0
32.3238	-4.09425	0
32.6383	-0.731384	0
31.313	-2.92945	0
32.1421	-3.35622	0
31.761	-5.29893	0
33.3523	-0.606162	0
31.875	0	0
32.4883	-4.90494	0
32.5899	-5.96092	0
33.4918	-5.34125	0
40.3092	-3.4067	0
41.1539	-3.84874	0
40.3574	-2.0461	0
38.3996	-6.17671	0
40.2053	-5.0376	0
40.1539	-6.15563	0
40.3901	-4.23062	0
40.8251	-5.6263	0
41.8766	-4.44941	0
42.0542	-3.20032	0
41.7342	-5.38039	0
41.4974	-6.30821	0
42.6481	-5.04377	0
42.0397	-7.43203	0
42.4208	-6.04981	0
43.4541	-4.62941	0
43.4327	-5.74974	0
43.6227	-3.67275	0
44.1092	-5.18675	0
44.9312	-5.25941	0
45.8032	-6.29735	0
45.6284	-5.559	0
46.5971	-5.71947	0
47.5849	-5.65713	0
48.1536	-6.50067	0
30.596	-3.63621	0
33.099	-7.43224	0
39.2937	-7.5779	0
47.7018	-7.99121	0
48.7709	-5.6878	0
29.703	-4.33637	0
48.5465	-7.43354	0
49.8053	-5.81061	0
30.7404	-4.79971	0
28.728	-3.78194	0
28.6842	-5.01194	0
48.6968	-8.57985	0
50.1944	-6.77743	0
30.8346	-5.89996	0
27.7433	-3.02197	0
49.6829	-10.0079	0
49.5551	-7.56934	0
51.8315	-7.39716	0
29.9141	-6.64673	0
50.7107	-7.84814	0
28.8945	-6.13375	0
30.8472	-7.3902	0
49.8884	-8.72218	0
27.295	-5.85299	0
-144.375	-0.496402	0
-145.173	-0.859188	0
-143.548	-0.895475	0
28.125	0	0
27.8125	-0.541334	0
28.4376	-0.541369	0
26.875	-0.721665	0
28.7501	-1.08274	0
27.4375	-1.1187	0
28.4375	-1.67194	0
29.375	0	0
26.8436	-1.36307	0
27.8089	-1.62782	0
29.1057	-1.71287	0
29.7104	-0.562942	0
26.2521	-1.01265	0
28.0832	-2.21983	0
29.5359	-2.40291	0
30.0114	-1.12415	0
29.0625	-0.541197	0
25.6481	-0.507561	0
26.2006	-1.73651	0
27.4736	-2.1427	0
28.3651	-2.81239	0
30.1277	-1.89521	0
27.0148	-2.76439	0
28.2231	-3.41824	0
29.0448	-2.87737	0
27.635	-3.64169	0
26.6976	-4.08065	0
24.8356	-0.87753	0
25.5237	-2.02227	0
26.3019	-2.46423	0
30.2826	-2.67466	0
30.9902	-2.10307	0
24.9722	-1.57459	0
24.9422	-2.47412	0
26.2682	-3.3291	0
24.3466	-1.33529	0
24.1414	-0.626056	0
23.7231	-1.69691	0
24.0535	-2.97013	0
24.9282	-3.49181	0
23.4226	-0.640068	0
22.8529	-2.34467	0
23.8119	-2.35333	0
23.3274	-2.89876	0
22.6948	-0.704079	0
26.7288	-5.05698	0
25.6416	-6.28587	0
24.8867	-4.46172	0
23.7804	-5.44525	0
25.1887	-5.40503	0
24.5244	-6.30344	0
25.1006	-7.41558	0
-139.375	0	0
-139.688	-0.549947	0
-139.055	-0.554253	0
-140.312	-0.541334	0
-140	-1.09128	0
-138.736	-1.10798	0
-140.625	0	0
-140.938	-0.541369	0
-140.321	-1.6761	0
-139.067	-2.0292	0
-138.231	-0.547565	0
-141.663	-0.598957	0
-141.158	-1.73087	0
-139.695	-1.6388	0
-138.578	-1.68487	0
-141.259	-1.08784	0
-140.704	-2.2474	0
-138.291	-2.61207	0
-141.364	-2.36989	0
-140.395	-3.33408	0
-137.921	-1.98949	0
-142.188	-2.1026	0
-140.925	-2.89752	0
-141.039	-3.57673	0
-142.063	-3.92908	0
-137.457	-0.818802	0
-142.405	-0.752395	0
-137.408	-2.71543	0
-137.486	-1.48456	0
-136.705	-1.18515	0
-142.6	-1.47331	0
-138.046	-3.73197	0
-142.612	-2.79764	0
-143.362	-2.72036	0
-143.886	-2.14943	0
-143.853	-3.2855	0
-144.655	-2.02227	0
-144.605	-3.49707	0
-143.623	-4.03266	0
-145.151	-2.63118	0
-145.158	-4.07631	0
-143.764	-4.97305	0
-142.829	-4.18952	0
-145.914	-2.71481	0
-145.895	-4.11117	0
-144.897	-4.76541	0
-142.22	-4.7228	0
-146.418	-2.09623	0
-146.373	-3.31526	0
-146.313	-4.66457	0
-146.955	-5.16663	0
-146.117	-5.45537	0
-141.718	-5.98589	0
-147.219	-2.02227	0
-147.196	-3.54051	0
-147.815	-4.7358	0
-147.777	-5.79019	0
-145.633	-6.73538	0
-145.226	-5.60807	0
-147.685	-2.68802	0
-136.095	-3.14517	0
-143.518	-5.8495	0
-144.355	-5.61188	0
-142.711	-7.14579	0
-142.635	-6.13537	0
-139.599	-4.56502	0
-138.142	-5.08029	0
-135.625	-0.496402	0
-122.641	-2.10202	0
-121.595	-2.82799	0
129.375	-0.904795	0
-130.625	-0.496402	0
-129.798	-0.895475	0
-129.97	-1.59621	0
-130.695	-2.3099	0
-130.005	-2.28559	0
-130.311	-3.40402	0
-129.27	-3.0879	0
-128.3	-2.44688	0
-128.249	-3.57772	0
-127.986	-4.72767	0
-129.074	-6.01472	0
-127.006	-4.06905	0
-127.903	-5.90113	0
-125.932	-4.58762	0
-125.974	-3.26525	0
-128.377	-7.11234	0
-126.738	-6.5852	0
133.125	-0.904795	0
141.875	-0.904795	0
120.625	-0.496402	0
119.798	-0.895475	0
121.452	-0.895475	0
-121.875	-0.496402	0
-121.048	-0.895475	0
-121.22	-1.59621	0
-121.84	-2.0803	0
-120.242	-1.223	0
-123.125	0	0
-123.438	-0.549947	0
-122.805	-0.554253	0
-124.062	-0.541334	0
-123.75	-1.09128	0
-122.486	-1.10798	0
-124.375	0	0
-124.688	-0.541369	0
-124.071	-1.6761	0
-125.625	-0.721551	0
-124.875	-1.71368	0
-123.403	-1.70826	0
-125.013	-1.09045	0
-124.447	-2.24389	0
-125.074	-2.31224	0
-124.147	-3.33281	0
-125.64	-2.67887	0
-124.693	-2.89739	0
-126.506	-2.32169	0
-125.279	-3.27272	0
-125.633	-3.91633	0
-126.333	-3.86811	0
-126.654	-3.26815	0
-127.407	-1.95247	0
-123.49	-4.46514	0
123.125	0	0
122.812	-0.541334	0
123.438	-0.541369	0
122.099	-0.592232	0
123.75	-1.08274	0
122.493	-1.08667	0
123.437	-1.67194	0
124.375	0	0
122.812	-1.62594	0
124.106	-1.71287	0
124.71	-0.562942	0
123.083	-2.21996	0
124.536	-2.40291	0
125.011	-1.12415	0
124.062	-0.541197	0
122.474	-2.13854	0
123.329	-3.2884	0
125.128	-1.89521	0
121.96	-3.03247	0
122.688	-2.85667	0
125.283	-2.67466	0
125.992	-2.1043	0
122.474	-3.56566	0
125.599	-3.63031	0
121.546	-3.94613	0
126.537	-2.96726	0
124.029	-4.40796	0
125.708	-4.75937	0
120.605	-3.71747	0
119.712	-3.21533	0
119.915	-4.38676	0
118.861	-5.53782	0
120.066	-5.58252	0
121.888	-4.99519	0
127.415	-3.47505	0
125.884	-5.8936	0
118.554	-2.88561	0
121.095	-5.6564	0
123.227	-5.67949	0
124.963	-6.64652	0
127.125	-5.3109	0
120.472	-7.1378	0
122.156	-6.12223	0
-116.875	0	0
-117.188	-0.541334	0
-116.562	-0.541369	0
-118.125	-0.721665	0
-116.25	-1.08274	0
-117.563	-1.1187	0
-116.563	-1.67194	0
-115.625	0	0
-118.156	-1.36307	0
-117.191	-1.62782	0
-115.894	-1.71287	0
-115.29	-0.562942	0
-118.748	-1.01265	0
-116.917	-2.21983	0
-114.989	-1.12415	0
-115.938	-0.541197	0
-119.352	-0.507561	0
-118.799	-1.73651	0
-117.526	-2.1427	0
-116.671	-3.28795	0
-114.501	-0.557081	0
-118.047	-3.03355	0
-117.308	-2.8679	0
-119.476	-2.02227	0
-118.698	-2.46423	0
-113.734	-0.805864	0
-117.539	-3.57098	0
-120.058	-2.47412	0
-118.78	-3.21455	0
-118.271	-4.23354	0
-120.795	-2.78741	0
-119.676	-3.74886	0
-120.182	-3.20585	0
-118.038	-5.87518	0
-115.916	-4.44237	0
-120.176	-4.63138	0
-121.365	-5.27952	0
-119.71	-6.2703	0
100.625	-0.496402	0
99.7984	-0.895475	0
101.452	-0.895475	0
99.9697	-1.59621	0
100.032	-2.32393	0
99.2918	-3.01045	0
100.698	-2.02227	0
99.9848	-3.01536	0
99.634	-3.62007	0
100.577	-3.53911	0
99.7437	-4.46192	0
101.293	-2.44954	0
101.28	-1.5963	0
101.267	-3.92982	0
101.221	-3.18227	0
102.037	-2.81867	0
101.294	-4.76156	0
102.735	-3.25799	0
102.799	-2.24411	0
100.341	-5.52797	0
102.083	-4.48247	0
103.464	-3.8505	0
101.153	-5.56183	0
102.707	-5.02982	0
100.709	-6.46915	0
101.86	-6.39627	0
103.405	-5.9058	0
102.821	-4.27046	0
102.56	-5.86312	0
98.6697	-5.29709	0
103.718	-1.9861	0
104.31	-4.28824	0
102.624	-6.67411	0
102.018	-7.15115	0
101.893	-8.40256	0
102.719	-7.41845	0
103.67	-8.24639	0
104.664	-2.71848	0
104.46	-5.43424	0
98.3108	-2.42286	0
100.091	-7.48042	0
104.305	-6.5037	0
98.5589	-8.14901	0
100.807	-8.30306	0
99.7053	-8.5387	0
101.231	-9.64515	0
-93.125	-0.904795	0
-92.6107	-1.45463	0
-92.3838	-2.18235	0
-92.3808	-0.740596	0
-92.9836	-3.04846	0
-91.6341	-2.02227	0
-91.6671	-0.596796	0
-91.1193	-2.59641	0
-91.1394	-1.4548	0
-91.341	-3.44164	0
-90.2702	-2.80303	0
-90.2797	-1.16573	0
-90.8956	-0.691754	0
-92.1734	-3.53234	0
-92.6841	-4.13571	0
-93.3095	-5.30698	0
-92.4927	-4.9905	0
-91.0854	-4.23898	0
-91.4178	-5.0525	0
-90.2435	-4.49126	0
-89.6908	-3.4067	0
-88.8461	-3.84874	0
-89.6426	-2.0461	0
-92.5972	-5.93311	0
-89.7481	-5.16845	0
-89.9434	-6.56424	0
-88.8547	-6.00504	0
-88.1234	-4.44941	0
-87.9458	-3.20032	0
-91.3535	-6.36862	0
-88.2887	-5.32143	0
-92.2389	-6.90359	0
-87.3502	-5.04763	0
-86.4298	-4.64018	0
-94.1772	-2.67857	0
-86.8841	-3.0737	0
-93.1724	-8.36924	0
-90.9384	-8.05594	0
-85.8975	-3.75038	0
-86.5302	-5.65664	0
-84.6466	-3.69068	0
-86.2162	-7.24201	0
-103.125	-0.904795	0
-102.611	-1.45463	0
-102.064	-2.48135	0
-102.381	-0.740596	0
-101.667	-0.596796	0
-103.359	-3.94411	0
-101.985	-3.8565	0
-111.875	-0.496402	0
-112.702	-0.895475	0
-108.125	-0.496402	0
-107.298	-0.895475	0
-108.952	-0.895475	0
-107.47	-1.59621	0
-108.063	-2.02227	0
-108.715	-1.71136	0
-107.463	-2.43997	0
-108.787	-2.43908	0
-107.479	-3.26855	0
-106.726	-2.81969	0
-109.523	-2.81978	0
-108.772	-3.26756	0
-107.719	-4.63964	0
-106.02	-3.24774	0
-105.958	-2.25814	0
-110.291	-2.25944	0
-110.229	-3.24678	0
-108.702	-4.30411	0
-105.739	-4.60523	0
-111.145	-4.28773	0
-105.317	-3.80981	0
-110.257	-4.14546	0
-105.043	-1.98033	0
-111.206	-1.97978	0
-104.724	-4.63414	0
-104.306	-3.41508	0
-110.557	-5.11869	0
-104.087	-2.24282	0
-112.162	-2.24384	0
-103.4	-2.95523	0
-112.905	-3.17297	0
-108.611	-5.64603	0
-103.551	-5.25801	0
-110.149	-6.77963	0
-109.548	-4.89615	0
-112.219	-4.03721	0
-109.871	-5.83079	0
-109.12	-6.56557	0
-112.51	-5.17849	0
-109.291	-8.32118	0
-113.802	-5.53817	0
-112.681	-7.0637	0
-104.375	-0.496402	0
-95.1409	-2.10202	0
-105.625	0	0
-105.938	-0.549947	0
-105.305	-0.554253	0
-106.651	-0.591741	0
-104.986	-1.10798	0
-106.263	-1.09891	0
-105.945	-1.63488	0
-110.625	0	0
-110.938	-0.549947	0
-110.305	-0.554253	0
-111.265	-1.09989	0
-109.77	-1.23463	0
-109.623	-0.568499	0
-128.125	-0.496402	0
-128.923	-0.859188	0
43.125	-0.904795	0
-133.125	-0.904795	0
-132.571	-1.45463	0
-132.25	-2.33212	0
-132.978	-2.94442	0
-133.849	-2.59896	0
-132.233	-3.54211	0
-134.556	-2.00498	0
-134.015	-3.53892	0
-132.13	-5.14296	0
-131.238	-3.94936	0
-135.514	-2.28764	0
-135.215	-4.18657	0
-134.041	-4.92541	0
-132.453	-0.700775	0
-131.875	0	0
-131.562	-0.549947	0
-131.235	-1.09989	0
-131.555	-1.87059	0
-130.245	-4.57749	0
-99.375	-0.904795	0
-100.047	-0.700775	0
-100.625	0	0
-99.9416	-1.47148	0
-100.938	-0.549947	0
-101.265	-1.09989	0
-101.316	-1.99204	0
-100.238	-2.3538	0
-98.8607	-1.45463	0
-98.5773	-2.2352	0
-98.6308	-0.740596	0
-99.1862	-2.8462	0
-97.7177	-2.06942	0
-97.9171	-0.596796	0
-98.6382	-3.53275	0
-97.0798	-2.80661	0
-98.9182	-4.78552	0
-97.8337	-3.66374	0
-98.3431	-4.25636	0
-97.8234	-5.39819	0
-96.2388	-3.19582	0
-95.7829	-4.36452	0
-134.375	0	0
-134.688	-0.549947	0
-134.055	-0.554253	0
-135.015	-1.09989	0
-133.733	-1.10965	0
-135.148	-1.73637	0
-134.062	-1.63303	0
-95.625	0	0
-95.9375	-0.549947	0
-95.3049	-0.554253	0
-96.5625	-0.541334	0
-96.25	-1.09128	0
-94.9861	-1.10798	0
-96.875	0	0
-97.1876	-0.541369	0
-96.5706	-1.6761	0
-94.481	-0.547565	0
-97.5127	-1.09002	0
-96.8874	-2.21335	0
-95.9027	-1.70826	0
-97.1877	-1.61786	0
-93.8321	-0.836513	0
-93.694	-1.55095	0
-94.2451	-1.98213	0
-81.3909	-2.10202	0
-80.3455	-2.82799	0
-88.125	-0.496402	0
-87.2984	-0.895475	0
-87.4697	-1.59621	0
-88.1725	-2.26033	0
-87.4962	-2.27211	0
-86.4922	-1.223	0
-81.875	0	0
-82.1875	-0.549947	0
-81.5549	-0.554253	0
-82.8125	-0.541334	0
-82.5	-1.09128	0
-81.2361	-1.10798	0
-83.125	0	0
-83.4376	-0.541369	0
-82.8206	-1.6761	0
-80.731	-0.547565	0
-84.375	-0.721551	0
-83.6246	-1.71368	0
-82.1527	-1.70826	0
-83.7635	-1.09045	0
-83.1969	-2.24389	0
-83.8242	-2.31224	0
-82.8971	-3.33281	0
-84.4868	-2.85143	0
-83.4431	-2.89739	0
-83.5393	-3.5781	0
-79.9572	-0.818802	0
-79.9418	-1.547	0
-80.5226	-2.06808	0
-79.1665	-1.16631	0
-85.1236	-0.738491	0
-85.8374	-0.598929	0
-84.889	-1.45411	0
-85.3975	-2.02227	0
-86.1069	-1.84465	0
-86.3622	-2.54347	0
-82.2402	-4.46514	0
-78.5826	-0.717317	0
-77.8677	-0.620617	0
-79.375	0	0
-77.2655	-1.2366	0
-76.4324	-1.29618	0
-75.9398	-2.09638	0
-76.8001	-0.583496	0
-76.5163	-3.15799	0
-75.6229	-2.95578	0
-20.625	0	0
-20.9375	-0.541334	0
-20.3124	-0.541369	0
-21.875	-0.721665	0
-19.9999	-1.08274	0
-21.3125	-1.1187	0
-20.3125	-1.67194	0
-19.375	0	0
-21.9064	-1.36307	0
-20.9411	-1.62782	0
-19.6443	-1.71287	0
-19.0396	-0.562942	0
-22.4979	-1.01265	0
-20.6668	-2.21983	0
-19.2141	-2.40291	0
-18.7386	-1.12415	0
-19.6875	-0.541197	0
-23.1019	-0.507561	0
-22.5494	-1.73651	0
-21.2764	-2.1427	0
-20.4212	-3.28795	0
-18.6223	-1.89521	0
-18.2507	-0.557081	0
-21.7974	-3.03355	0
-21.0585	-2.8679	0
-23.9144	-0.87753	0
-23.2263	-2.02227	0
-22.4481	-2.46423	0
-18.4674	-2.67466	0
-17.7583	-2.1043	0
-17.484	-0.805864	0
-21.2889	-3.57098	0
-23.7778	-1.57459	0
-23.8078	-2.47412	0
-22.5301	-3.21455	0
-18.0494	-3.74551	0
-22.0206	-4.23354	0
-24.4034	-1.33529	0
-24.6086	-0.626056	0
-25.0269	-1.69691	0
-24.6965	-2.97013	0
-23.8218	-3.49181	0
-25.3274	-0.640068	0
-25.8971	-2.34467	0
-24.9381	-2.35333	0
-25.4226	-2.89876	0
-26.0552	-0.704079	0
-17.2042	-3.04899	0
-21.7877	-5.87518	0
-19.6657	-4.44237	0
-18.0927	-5.02159	0
-23.8633	-4.46172	0
-24.9696	-5.44525	0
-23.6464	-5.81966	0
-15.9753	-2.86221	0
-74.375	0	0
-74.6875	-0.549947	0
-74.1063	-0.516457	0
-75.3125	-0.541334	0
-75	-1.09128	0
-75.625	0	0
-75.9376	-0.541369	0
-75.3206	-1.6761	0
-74.6527	-1.70826	0
-74.2106	-2.39298	0
-73.879	-1.69383	0
3.125	-0.904795	0
-63.125	-0.496402	0
-62.2984	-0.895475	0
-62.4697	-1.59621	0
-63.0629	-2.02227	0
-63.7233	-2.33246	0
-62.4626	-2.43997	0
-62.5339	-3.15032	0
-61.8037	-2.71481	0
-63.2265	-3.5364	0
-62.477	-3.9412	0
-61.2263	-3.13153	0
-61.2013	-2.29558	0
-63.9015	-3.98242	0
-62.2042	-5.24486	0
-61.5949	-4.36104	0
-60.5724	-3.49734	0
-60.5185	-2.02227	0
-61.2908	-1.57764	0
-64.2974	-5.28252	0
-59.9462	-3.91691	0
-59.9966	-3.08132	0
-59.9537	-1.56796	0
-61.2327	-0.789796	0
-63.8031	-4.72271	0
-59.76	-5.16924	0
-59.0807	-4.3447	0
-59.388	-2.71481	0
-59.0984	-1.03598	0
-60.0263	-0.785442	0
-63.2427	-5.71568	0
-58.7656	-3.05871	0
-59.9415	-2.34939	0
-60.625	0	0
-63.1755	-5.0231	0
-62.5862	-4.68012	0
-58.7715	-3.73887	0
-58.2046	-3.40368	0
-57.4135	-3.16838	0
-58.722	-2.33024	0
-56.6529	-2.81377	0
-58.0594	-2.02227	0
-58.7894	-1.64797	0
-55.9909	-3.30643	0
-55.9118	-2.17521	0
-57.4655	-2.44264	0
-57.4734	-1.60261	0
-56.0165	-4.24622	0
-56.6418	-1.01079	0
-57.4932	-0.801414	0
-55.2529	-3.79671	0
-58.125	-0.406012	0
-60.9738	-5.43797	0
-58.4857	-5.52696	0
-54.9843	-2.01252	0
-54.439	-4.29031	0
-54.0512	-2.79961	0
-54.1358	-5.68946	0
-14.375	0	0
-14.6875	-0.549947	0
-14.0549	-0.554253	0
-15.4133	-0.598611	0
-15.0152	-1.09989	0
-13.5202	-1.23463	0
-15.0532	-2.03322	0
-13.3728	-0.568499	0
-12.6905	-1.06882	0
-16.1561	-0.752817	0
-16.833	-0.454978	0
-16.3497	-1.47387	0
-16.1756	-2.17157	0
-17.0277	-1.32803	0
-16.6588	-2.64677	0
-16.5217	-3.40368	0
-15.3974	-3.99169	0
-14.0802	-2.00846	0
-13.5993	-2.79336	0
-12.7328	-2.94306	0
-14.1003	-3.48888	0
-12.0432	-4.00489	0
-13.9348	-4.91913	0
-46.875	-0.496402	0
-47.7016	-0.895475	0
-46.0484	-0.895475	0
-47.5303	-1.59621	0
-47.4682	-2.32393	0
-48.0644	-2.71481	0
-46.8019	-2.02227	0
-48.7283	-2.41367	0
-47.4812	-3.1223	0
-46.2069	-2.44954	0
-46.2198	-1.5963	0
-48.7756	-1.69459	0
-48.7697	-3.12401	0
-47.4248	-4.07786	0
-46.0818	-3.62082	0
-48.2067	-1.33797	0
-48.381	-0.629467	0
-49.4275	-2.02227	0
-49.4186	-3.49734	0
-48.7261	-3.87136	0
-46.8289	-3.50472	0
-45.3617	-2.95159	0
-49.1011	-0.628661	0
-50.0203	-1.61375	0
-50.0325	-2.43166	0
-50.0486	-3.90902	0
-48.7442	-4.59059	0
-49.8322	-0.71715	0
-50.8597	-0.977969	0
-50.6869	-2.71481	0
-50.7105	-4.11226	0
-51.4314	-3.6737	0
-51.2647	-4.52311	0
-51.7805	-5.14769	0
-49.971	-4.59707	0
-49.9761	-5.7601	0
-49.3557	-4.95767	0
-51.2936	-2.3041	0
-52.8507	-4.94058	0
-51.0374	-5.53321	0
-48.6801	-5.39021	0
-51.2087	-1.59783	0
-51.9714	-2.02227	0
-52.4173	-5.56967	0
-50.76	-6.83112	0
-47.7511	-5.84001	0
-52.5415	-1.57647	0
-52.5553	-2.46989	0
-53.272	-5.69469	0
-52.4495	-6.37689	0
-52.4816	-0.789267	0
-53.2738	-2.7681	0
-52.2188	-7.71411	0
-51.6766	-6.87119	0
-51.7672	-0.548424	0
-53.125	-0.409414	0
-52.5653	-3.46049	0
-53.8079	-0.770183	0
-53.1205	-1.13656	0
-54.375	0	0
-54.6875	-0.647275	0
-44.7133	-2.26119	0
-53.6995	-4.96114	0
-51.1824	-7.67131	0
-44.3219	-3.27842	0
-49.684	-8.17112	0
-50.3191	-7.57911	0
-49.4879	-7.32411	0
-48.2328	-8.0608	0
-49.9476	-6.62261	0
-48.6082	-7.26279	0
-47.6927	-7.31945	0
-48.2762	-6.49324	0
-46.7739	-8.55617	0
-46.7244	-7.5597	0
-45.7979	-8.10527	0
-46.0607	-6.76489	0
-50.625	0	0
-46.7434	-5.66762	0
-43.5153	-4.25768	0
-44.0845	-7.535	0
-44.9963	-6.95422	0
-43.8788	-6.20586	0
-33.125	-0.904795	0
-32.6107	-1.45463	0
-32.0641	-2.48135	0
-32.3808	-0.740596	0
-31.6671	-0.596796	0
-33.0112	-3.16985	0
-31.8988	-3.64056	0
-34.0985	-2.68774	0
-31.7711	-4.81191	0
-30.8037	-4.07532	0
-33.9856	-3.90016	0
-32.9158	-5.92227	0
-29.7005	-4.54769	0
-31.644	-6.08825	0
-29.8316	-3.32941	0
-55.625	0	0
-55.9375	-0.549947	0
-55.3092	-0.556705	0
-44.375	0	0
-44.6875	-0.541334	0
-44.0624	-0.541369	0
-45.4008	-0.592232	0
-43.7499	-1.08274	0
-45.007	-1.08667	0
-44.0625	-1.67194	0
-43.125	0	0
-44.6876	-1.62594	0
-43.3943	-1.71287	0
-42.7896	-0.562942	0
-42.9641	-2.40291	0
-42.4886	-1.12415	0
-43.4375	-0.541197	0
-42.3723	-1.89521	0
-42.0007	-0.557081	0
-42.2174	-2.67466	0
-41.5083	-2.1043	0
-41.234	-0.805864	0
-41.8016	-3.743	0
-40.9542	-3.04908	0
-41.8381	-5.00921	0
-39.7253	-2.86221	0
-6.875	-0.904795	0
-38.125	0	0
-38.4375	-0.549947	0
-37.8049	-0.554253	0
-39.1633	-0.598611	0
-37.2702	-1.23463	0
-38.7652	-1.09989	0
-37.1228	-0.568499	0
-38.8032	-2.03322	0
-36.4559	-1.0654	0
-39.9061	-0.752817	0
-36.0703	-1.80054	0
-40.583	-0.454978	0
-40.0997	-1.47387	0
-36.251	-2.77714	0
-35.1122	-1.91761	0
-39.9256	-2.17157	0
-40.7777	-1.32803	0
-40.4088	-2.64679	0
-40.2716	-3.40367	0
-39.1474	-3.99165	0
-37.8302	-2.00846	0
-37.2485	-2.94442	0
-35.8775	-3.71709	0
-37.8881	-3.74275	0
-36.108	-5.40033	0
-34.9307	-3.79974	0
-35.4801	-4.62892	0
-34.5434	-4.6529	0
-33.6485	-4.73304	0
-37.574	-5.19006	0
-34.9328	-0.765705	0
-34.2192	-0.571621	0
-11.875	-0.496402	0
-11.0484	-0.895475	0
83.125	-0.904795	0
89.375	-0.904795	0
89.8893	-1.45463	0
90.4359	-2.48135	0
90.1192	-0.740596	0
90.8329	-0.596796	0
89.1407	-3.94411	0
90.5154	-3.8565	0
81.875	0	0
81.5625	-0.549947	0
82.1951	-0.554253	0
81.2348	-1.09989	0
82.5167	-1.10965	0
81.1836	-1.99204	0
82.1824	-1.99106	0
82.6424	-2.79268	0
83.5128	-2.9363	0
82.147	-3.49425	0
84.189	-3.97746	0
81.365	-3.70683	0
80.7828	-3.18327	0
81.3828	-4.70076	0
82.7413	-5.67164	0
82.4002	-4.49989	0
83.3867	-4.55392	0
84.6154	-5.41749	0
-8.125	-0.496402	0
73.125	-0.496402	0
72.2984	-0.895475	0
73.9516	-0.895475	0
72.4697	-1.59621	0
72.5318	-2.32393	0
71.7918	-3.01045	0
73.1981	-2.02227	0
72.4848	-3.01536	0
72.134	-3.62007	0
73.1489	-3.7126	0
72.3329	-4.60622	0
73.7931	-2.44954	0
73.7802	-1.5963	0
73.7364	-3.21641	0
73.9343	-4.04658	0
74.5945	-2.89439	0
74.4121	-5.1105	0
75.2881	-2.25125	0
75.5882	-3.27043	0
70.8108	-2.42286	0
71.154	-5.3007	0
72.7541	-6.24271	0
75.9075	-5.72841	0
76.4274	-4.15148	0
-5.625	-0.496402	0
75.625	0	0
75.3125	-0.541334	0
75.9376	-0.541369	0
74.5992	-0.592232	0
76.2501	-1.08274	0
74.993	-1.08667	0
75.9375	-1.67194	0
76.875	0	0
75.3124	-1.6254	0
76.6057	-1.71287	0
77.2104	-0.562942	0
77.0359	-2.40291	0
77.5114	-1.12415	0
76.5625	-0.541197	0
77.6277	-1.89521	0
77.9993	-0.557081	0
78.3394	-1.97825	0
78.6638	-0.823276	0
78.9517	-1.45463	0
-9.375	0	0
-9.6875	-0.549947	0
-9.05492	-0.554253	0
-10.4012	-0.591741	0
-8.7361	-1.10798	0
-10.0134	-1.09891	0
-9.06663	-1.97976	0
-9.69515	-1.70607	0
-9.65753	-2.4782	0
-9.74494	-3.29841	0
-10.4205	-2.81165	0
-9.55743	-4.6712	0
-11.1642	-3.16954	0
-8.96236	-3.89072	0
-11.2329	-3.9774	0
-11.594	-5.29054	0
-10.511	-4.60399	0
-8.04649	-2.39204	0
-8.65426	-4.74271	0
-10.142	-6.16669	0
-8.15587	-3.35439	0
-7.16623	-5.06153	0
-7.2037	-2.97522	0
-7.33878	-4.02114	0
-5.97081	-2.85165	0
-5.90169	-4.31731	0
-26.875	0	0
-27.1875	-0.549947	0
-26.6063	-0.516457	0
-27.8125	-0.541334	0
-27.5	-1.09128	0
-28.125	0	0
-28.4376	-0.541369	0
-27.8206	-1.6761	0
-29.375	-0.721551	0
-28.6246	-1.71368	0
-27.1527	-1.70826	0
-28.7635	-1.09045	0
-28.1969	-2.24389	0
-26.7106	-2.39298	0
-28.8242	-2.31224	0
-27.8971	-3.33281	0
-26.379	-1.69383	0
-29.4192	-2.73037	0
-28.4431	-2.89739	0
-28.5393	-3.5781	0
-29.2332	-3.92726	0
-30.2595	-2.3149	0
-31.1625	-1.95558	0
-27.2402	-4.46514	0
-3.125	-0.904795	0
-2.61068	-1.45463	0
-2.32727	-2.2352	0
-2.38079	-0.740596	0
-2.93623	-2.8462	0
-1.46774	-2.06942	0
-1.66706	-0.596796	0
-3.84442	-2.60784	0
-2.3882	-3.53275	0
-0.829823	-2.80661	0
-4.54519	-2.00709	0
-2.66817	-4.78552	0
-1.5837	-3.66374	0
-2.09311	-4.25636	0
-1.57342	-5.39819	0
0.0111775	-3.19582	0
0.467129	-4.36452	0
63.125	-0.904795	0
62.3893	-0.744713	0
61.6757	-0.592633	0
62.606	-1.46287	0
62.0011	-2.41832	0
62.0625	-3.84362	0
0.625	0	0
0.3125	-0.549947	0
0.945078	-0.554253	0
-0.3125	-0.541334	0
0	-1.09128	0
1.2639	-1.10798	0
-0.625	0	0
-0.937559	-0.541369	0
-0.320618	-1.6761	0
0.932743	-2.0292	0
1.76903	-0.547565	0
-1.26273	-1.09002	0
-0.637387	-2.21335	0
0.305015	-1.6388	0
1.4218	-1.68487	0
-0.937739	-1.61786	0
1.70887	-2.61207	0
2.07884	-1.98949	0
2.41795	-0.836513	0
2.59163	-2.71543	0
2.5027	-1.4878	0
1.85855	-3.60672	0
3.48148	-2.82745	0
3.99251	-3.53006	0
4.87268	-3.62806	0
5.24996	-4.4776	0
5.33324	-2.85537	0
4.64501	-5.31001	0
6.22089	-4.50214	0
6.28398	-2.85622	0
6.68923	-3.69592	0
6.80622	-2.05436	0
7.74387	-3.84557	0
7.72782	-2.12956	0
8.21162	-2.98311	0
1.93908	-4.73746	0
3.33264	-5.18864	0
5.16789	-6.95746	0
8.22998	-4.70041	0
7.82924	-5.72006	0
9.23267	-5.14188	0
2.1482	-5.87073	0
6.70067	-5.77683	0
7.9669	-6.76679	0
10.4078	-6.19231	0
0.958091	-7.39736	0
8.66592	-8.04245	0
1.96225	-6.95297	0
2.17278	-8.7854	0
2.79019	-7.78615	0
3.47548	-8.89994	0
3.99605	-7.42061	0
59.375	-0.904795	0
58.125	0	0
57.8125	-0.549947	0
58.4451	-0.554253	0
57.0867	-0.598611	0
58.7667	-1.10965	0
57.4848	-1.09989	0
58.4324	-1.99106	0
57.4468	-2.03322	0
56.3569	-0.756779	0
56.1171	-1.45463	0
56.5311	-2.32032	0
58.8902	-2.94442	0
55.7297	-3.16176	0
59.9378	-2.99912	0
58.3011	-3.84324	0
56.8716	-4.03713	0
60.5496	-4.00966	0
60.3872	-2.08824	0
58.7721	-5.58587	0
59.849	-5.0099	0
4.375	-0.496402	0
5.20159	-0.895475	0
51.875	0	0
51.5625	-0.541334	0
52.1876	-0.541369	0
50.625	-0.721665	0
52.5001	-1.08274	0
51.1875	-1.1187	0
52.1875	-1.67194	0
53.125	0	0
50.5936	-1.36307	0
51.5589	-1.62782	0
52.8557	-1.71287	0
53.4604	-0.562942	0
50.0021	-1.01265	0
51.8332	-2.21983	0
53.2859	-2.40291	0
53.7614	-1.12415	0
52.8125	-0.541197	0
49.3981	-0.507561	0
49.9506	-1.73651	0
51.2236	-2.1427	0
52.0788	-3.28795	0
53.8777	-1.89521	0
50.7026	-3.03355	0
51.4415	-2.8679	0
48.5856	-0.87753	0
49.2737	-2.02227	0
50.0519	-2.46423	0
51.2111	-3.57098	0
48.7222	-1.57459	0
48.6922	-2.47412	0
49.9699	-3.21455	0
50.4836	-4.23202	0
48.0966	-1.33529	0
47.8914	-0.626056	0
47.4731	-1.69691	0
48.0149	-2.71481	0
48.8023	-3.18447	0
47.1726	-0.640068	0
46.8198	-2.02227	0
47.4583	-3.16481	0
48.7544	-4.1229	0
46.4448	-0.704079	0
46.2284	-1.61146	0
46.2161	-2.434	0
46.7826	-3.49734	0
47.5506	-3.91216	0
45.625	-0.551957	0
45.5605	-2.71481	0
46.1732	-3.95204	0
47.4857	-4.63294	0
45.5817	-1.27821	0
44.955	-2.3017	0
44.9794	-3.1257	0
45.4922	-4.11198	0
44.972	-4.56185	0
44.8313	-3.87342	0
46.2981	-4.64036	0
46.8935	-4.89009	0
44.9728	-0.877454	0
44.2757	-2.02227	0
44.2909	-0.537024	0
43.7072	-1.57408	0
43.6933	-2.47236	0
42.8888	-2.87034	0
50.9479	-5.03547	0
42.1805	-2.212	0
52.2854	-5.66431	0
41.2805	-2.00213	0
52.8022	-4.42222	0
8.125	-0.496402	0
8.95159	-0.895475	0
10.625	-0.496402	0
9.82723	-0.859188	0
11.4516	-0.895475	0
15.625	-0.496402	0
16.4516	-0.895475	0
14.375	0	0
14.0625	-0.549947	0
14.6951	-0.554253	0
13.4375	-0.541334	0
13.75	-1.09128	0
15.0139	-1.10798	0
13.125	0	0
12.8124	-0.541369	0
13.4294	-1.6761	0
14.6827	-2.0292	0
12.0992	-0.592177	0
12.6254	-1.71368	0
14.055	-1.6388	0
15.1718	-1.68487	0
12.4928	-1.0868	0
13.0531	-2.24389	0
15.4589	-2.61207	0
12.4258	-2.31224	0
13.3529	-3.33281	0
15.8288	-1.98949	0
11.6569	-3.04163	0
12.8069	-2.89739	0
12.7107	-3.5781	0
11.8689	-3.92841	0
16.3416	-2.71543	0
15.6086	-3.60672	0
10.9173	-3.68717	0
11.9022	-5.0776	0
17.2315	-2.82745	0
9.8759	-3.49777	0
17.7621	-3.75575	0
14.0098	-4.46514	0
15.6802	-4.75902	0
18.9653	-3.62156	0
17.3046	-4.68236	0
13.1809	-5.5453	0
15.9756	-5.99577	0
17.8621	-6.3262	0
21.875	0	0
21.5625	-0.549947	0
22.1437	-0.516457	0
20.9375	-0.541334	0
21.25	-1.09128	0
20.625	0	0
20.3124	-0.541369	0
20.9294	-1.6761	0
19.375	-0.721551	0
20.1254	-1.71368	0
21.5973	-1.70826	0
19.9865	-1.09045	0
20.5531	-2.24389	0
22.0394	-2.39298	0
19.9258	-2.31224	0
20.8529	-3.33281	0
22.371	-1.69383	0
19.2704	-2.83842	0
20.3069	-2.89739	0
20.2107	-3.5781	0
19.5994	-3.92662	0
19.0039	-4.35284	0
19.6309	-4.59972	0
19.0118	-5.25224	0
20.4593	-5.37097	0
18.1803	-5.51442	0
17.249	-5.61765	0
18.8703	-6.25316	0
16.5105	-5.10447	0
16.9533	-6.49296	0
17.6361	-7.65429	0
21.5098	-4.46514	0
18.4253	-7.10529	0
18.8494	-8.5567	0
18.125	-0.496402	0
17.3272	-0.859188	0
151.875	-0.496402	0
151.048	-0.895475	0
152.702	-0.895475	0
152.53	-1.59621	0
151.937	-2.02227	0
151.285	-1.71136	0
152.537	-2.43997	0
151.213	-2.43908	0
152.703	-3.65722	0
150.312	-3.04385	0
153.368	-2.94667	0
151.182	-3.36636	0
154.035	-2.27206	0
154.382	-3.28203	0
149.644	-2.27569	0
155.21	-4.21202	0
149.088	-3.1535	0
148.492	-4.29544	0
40.625	0	0
40.3125	-0.549947	0
40.9451	-0.554253	0
39.6984	-0.535158	0
41.2639	-1.10798	0
39.375	0	0
41.769	-0.547565	0
42.4179	-0.836513	0
42.556	-1.55095	0
149.375	-0.496402	0
150.164	-0.895475	0
154.375	0	0
154.062	-0.541334	0
154.688	-0.541369	0
153.349	-0.592232	0
155	-1.08274	0
153.743	-1.08667	0
154.687	-1.67194	0
155.625	0	0
154.062	-1.62594	0
155.356	-1.71287	0
155.96	-0.562942	0
155.786	-2.40291	0
156.261	-1.12415	0
155.312	-0.541197	0
156.378	-1.89521	0
156.749	-0.557081	0
156.533	-2.67466	0
157.242	-2.1043	0
157.516	-0.805864	0
157.08	-3.89196	0
157.797	-3.05548	0
158.473	-4.35952	0
159.401	-2.98021	0
136.875	-0.904795	0
144.375	0	0
144.062	-0.549947	0
144.695	-0.554253	0
143.337	-0.598611	0
143.735	-1.09989	0
145.23	-1.23463	0
143.697	-2.03322	0
145.377	-0.568499	0
146.06	-1.06882	0
142.607	-0.756779	0
142.367	-1.45463	0
142.781	-2.32032	0
144.67	-2.00846	0
141.901	-3.38785	0
145.152	-3.04463	0
144.436	-4.23373	0
146.488	-3.02475	0
135.625	0	0
135.312	-0.549947	0
135.945	-0.554253	0
134.587	-0.598611	0
134.985	-1.09989	0
136.267	-1.10965	0
134.947	-2.03322	0
135.932	-1.99106	0
133.857	-0.756779	0
133.617	-1.45463	0
134.031	-2.32032	0
136.389	-3.02225	0
133.223	-3.17992	0
135.721	-4.03919	0
137.655	-3.00147	0
134.32	-3.61339	0
132.147	-2.67812	0
134.493	-4.77886	0
131.841	-4.17443	0
133.264	-6.28772	0
134.566	-6.09281	0
130.625	0	0
130.312	-0.549947	0
130.945	-0.554253	0
129.985	-1.09994	0
131.264	-1.10798	0
130.305	-1.97357	0
131.314	-2.03899	0
131.769	-0.547565	0
132.418	-0.836513	0
132.556	-1.55095	0
132.007	-1.9776	0
129.867	-2.79195	0
128.995	-2.78868	0
130.356	-3.50004	0
128.525	-3.55124	0
130.109	-4.58599	0
131.152	-3.71912	0
131.859	-3.39857	0
131.037	-4.64194	0
132.624	-3.80427	0
128.947	-4.3066	0
130.524	-5.41961	0
132.57	-4.70288	0
128.54	-5.25987	0
130.22	-7.00966	0
133.324	-5.31679	0
130.786	-6.2939	0
132.409	-5.67098	0
131.651	-7.55993	0
131.895	-6.56111	0
128.627	-6.85818	0
132.754	-7.29998	0
132.62	-9.19922	0
133.869	-7.22692	0
133.375	-8.23453	0
134.996	-7.13874	0
134.033	-9.52809	0
136.121	-8.32695	0
115.625	0	0
115.312	-0.541334	0
115.938	-0.541369	0
114.375	-0.721665	0
116.25	-1.08274	0
114.937	-1.1187	0
115.937	-1.67194	0
116.875	0	0
114.344	-1.36307	0
115.309	-1.62782	0
116.606	-1.71287	0
117.21	-0.562942	0
113.752	-1.01265	0
115.583	-2.21983	0
117.036	-2.40291	0
117.511	-1.12415	0
116.562	-0.541197	0
113.148	-0.507561	0
113.701	-1.73651	0
114.974	-2.1427	0
115.829	-3.28795	0
117.628	-1.89521	0
117.999	-0.557081	0
114.453	-3.03355	0
115.192	-2.8679	0
112.336	-0.87753	0
113.024	-2.02227	0
113.802	-2.46423	0
117.783	-2.67466	0
118.441	-2.06261	0
118.766	-0.805864	0
114.961	-3.57098	0
112.472	-1.57459	0
112.442	-2.47412	0
113.72	-3.21455	0
117.974	-3.48996	0
114.221	-4.23663	0
111.847	-1.33529	0
111.641	-0.626056	0
111.223	-1.69691	0
111.521	-3.00922	0
112.82	-3.75378	0
117.211	-4.3564	0
110.923	-0.640068	0
110.425	-2.23813	0
111.305	-2.36834	0
110.776	-2.90376	0
110.195	-0.704079	0
114.473	-5.88959	0
109.53	-2.01012	0
108.825	-2.64251	0
112.325	-4.62533	0
116.181	-5.01694	0
110.261	-3.84541	0
111.401	-5.11698	0
112.762	-5.99689	0
109.254	-3.79729	0
110.452	-5.57852	0
108.64	-4.49728	0
107.731	-4.39617	0
109.033	-5.2614	0
107.334	-3.55692	0
107.235	-5.20102	0
108.672	-6.65828	0
107.87	-2.85237	0
106.432	-3.53641	0
105.851	-5.3554	0
107.592	-6.28578	0
106.01	-2.78026	0
106.419	-2.09413	0
107.222	-2.02227	0
106.097	-1.38086	0
107.661	-1.36669	0
106.417	-0.717349	0
105.242	-1.22352	0
108.517	-1.23079	0
107.324	-0.713411	0
105.636	-0.521378	0
108.006	-0.775825	0
110.369	-6.65927	0
107.534	-8.20321	0
111.253	-7.86459	0
64.375	-0.496402	0
69.375	0	0
69.0625	-0.549947	0
69.6951	-0.554253	0
68.4375	-0.541334	0
68.75	-1.09128	0
70.0139	-1.10798	0
68.125	0	0
67.8124	-0.541369	0
68.4294	-1.6761	0
69.6827	-2.0292	0
70.519	-0.547565	0
66.875	-0.721551	0
67.6254	-1.71368	0
69.055	-1.6388	0
70.1718	-1.68487	0
67.4865	-1.09045	0
68.0531	-2.24389	0
70.227	-2.28272	0
70.7164	-1.85895	0
71.2803	-2.05443	0
71.1574	-1.49792	0
71.1014	-0.845953	0
67.4258	-2.31224	0
68.3529	-3.33281	0
69.7409	-2.6152	0
69.0966	-2.85253	0
70.3368	-2.96478	0
71.353	-2.63039	0
70.9065	-2.9848	0
70.5896	-3.88596	0
71.6894	-1.12385	0
66.6569	-3.04163	0
67.8069	-2.89739	0
69.0532	-3.60124	0
71.875	0	0
67.7107	-3.5781	0
66.8689	-3.92841	0
71.5625	-0.490918	0
68.4634	-4.09209	0
69.7678	-4.03261	0
68.3679	-5.37736	0
70.3213	-4.75797	0
65.8944	-3.69263	0
66.8511	-5.20601	0
64.6574	-4.04276	0
84.375	-0.496402	0
85.2016	-0.895475	0
88.125	-0.496402	0
86.875	0	0
86.5625	-0.549947	0
87.1951	-0.554253	0
85.8488	-0.591741	0
87.5139	-1.10798	0
86.2366	-1.09891	0
87.1834	-1.97976	0
86.5549	-1.70607	0
86.5925	-2.4782	0
86.5051	-3.29841	0
85.8295	-2.81165	0
86.6926	-4.6712	0
85.0858	-3.16954	0
87.2876	-3.89072	0
85.0101	-3.98723	0
84.5917	-4.64136	0
85.74	-4.6031	0
83.9564	-5.04917	0
83.2884	-5.24233	0
83.6106	-6.21608	0
88.2035	-2.39204	0
87.5957	-4.74271	0
86.1071	-6.16468	0
88.0941	-3.35439	0
88.755	-5.09159	0
89.0002	-2.96998	0
82.3029	-7.33777	0
83.368	-7.25637	0
82.9391	-8.6532	0
84.3071	-8.30899	0
93.125	-0.904795	0
96.875	0	0
96.5625	-0.549947	0
97.1951	-0.554253	0
95.9375	-0.541334	0
96.25	-1.09128	0
97.5139	-1.10798	0
95.625	0	0
95.3124	-0.541369	0
95.9294	-1.6761	0
97.1827	-2.0292	0
98.019	-0.547565	0
94.5874	-0.598957	0
95.0919	-1.73087	0
96.555	-1.6388	0
97.6718	-1.68487	0
94.991	-1.08784	0
95.5462	-2.2474	0
97.727	-2.28272	0
98.2164	-1.85895	0
98.7803	-2.05443	0
98.6574	-1.49792	0
98.6014	-0.845953	0
94.8862	-2.36989	0
95.8554	-3.33408	0
97.2409	-2.6152	0
96.5966	-2.85253	0
97.8368	-2.96478	0
98.853	-2.63039	0
98.4065	-2.9848	0
98.0896	-3.88596	0
99.1894	-1.12385	0
94.0618	-2.1026	0
95.3255	-2.89752	0
96.5545	-3.59898	0
99.375	0	0
95.2107	-3.57673	0
94.1871	-3.92908	0
99.0625	-0.490918	0
93.8571	-0.756164	0
95.9666	-4.09559	0
97.2678	-4.03263	0
93.6178	-1.45463	0
95.8639	-5.3842	0
97.8163	-4.72985	0
93.5087	-2.86189	0
92.5361	-2.78258	0
92.2236	-1.93416	0
91.3456	-1.81105	0
94.3552	-5.15653	0
109.375	0	0
109.062	-0.549947	0
109.644	-0.516457	0
-126.875	0	0
-127.188	-0.549947	0
-126.555	-0.554253	0
-127.515	-1.09989	0
-126.18	-1.14065	0
-126.56	-1.67141	0
104.375	-0.496402	0
128.125	-0.496402	0
140.625	-0.496402	0
139.375	0	0
139.062	-0.549947	0
139.695	-0.554253	0
138.438	-0.541334	0
138.75	-1.09128	0
140.014	-1.10798	0
138.125	0	0
137.812	-0.541369	0
138.429	-1.6761	0
139.683	-2.0292	0
137.486	-1.09063	0
137.961	-2.29127	0
139.055	-1.6388	0
140.172	-1.68487	0
137.812	-1.61787	0
140.459	-2.61207	0
140.829	-1.98949	0
138.364	-2.88634	0
141.335	-2.71152	0
141.36	-1.45642	0
138.118	-3.61248	0
139.064	-2.88622	0
139.002	-3.78433	0
138.449	-4.26655	0
138.081	-5.44182	0
139.322	-4.70913	0
140.752	-3.79472	0
139.797	-4.02631	0
140.242	-4.84274	0
141.157	-6.04295	0
-4.375	0	0
-4.6875	-0.549947	0
-4.05492	-0.554253	0
-5.01516	-1.09989	0
-3.73325	-1.10965	0
-5.14589	-1.74295	0
-4.06208	-1.62816	0
-5.88596	-2.05354	0
-5.06349	-2.37067	0
-5.3538	-2.9193	0
-5.73792	-3.57512	0
-5.03481	-3.54654	0
-4.14608	-3.57877	0
-6.35268	-1.46872	0
-6.53522	-3.43255	0
-4.629	-4.62611	0
-3.76177	-4.39098	0
-3.89288	-5.62428	0
148.125	0	0
147.812	-0.549947	0
148.445	-0.554253	0
147.087	-0.598611	0
147.485	-1.09989	0
148.764	-1.10798	0
147.492	-2.17515	0
148.438	-1.63838	0
147.805	-1.6354	0
149.033	-1.81188	0
-35.625	0	0
-35.9375	-0.549947	0
-30.625	0	0
-30.9375	-0.549947	0
-30.3049	-0.554253	0
-31.2652	-1.09989	0
-29.9304	-1.14065	0
-30.3098	-1.66756	0
91.875	0	0
91.5625	-0.549947	0
92.1951	-0.554253	0
91.2348	-1.09989	0
92.5167	-1.10965	0
65.625	0	0
65.3125	-0.549947	0
65.9451	-0.554253	0
64.9848	-1.09989	0
66.3196	-1.14065	0
64.9468	-2.03322	0
65.9202	-2.0079	0
64.0338	-2.14926	0
63.4085	-3.14947	0
60.625	0	0
60.3125	-0.549947	0
60.9451	-0.554253	0
59.9848	-1.09994	0
61.2639	-1.10798	0
60.9369	-1.6977	0
-89.375	0	0
-89.6875	-0.549947	0
-89.0549	-0.554253	0
-90.3016	-0.535158	0
-88.7361	-1.10798	0
-90.625	0	0
-89.0631	-1.69903	0
6.875	0	0
6.5625	-0.549947	0
7.19508	-0.554253	0
5.84879	-0.591741	0
7.5139	-1.10798	0
6.23657	-1.09891	0
7.18815	-1.60217	0
103.125	0	0
102.812	-0.549947	0
103.445	-0.554253	0
102.099	-0.591741	0
103.764	-1.10798	0
102.487	-1.09891	0
102.805	-1.62726	0
-113.955	-2.01015	0
-114.414	-3.95743	0
-68.0039	-5.49501	0
-164	0	0
-163.978	-4.49956	0
-160.198	-6.849	0
78.1525	-3.83431	0
78.2309	-5.09191	0
54.484	-3.67699	0
54.3563	-4.95437	0
35.7775	-6.46508	0
40.9624	-8.63538	0
43.3808	-8.33213	0
44.8518	-7.26727	0
30.9767	-9.39003	0
31.9658	-7.80456	0
26.2567	-7.2748	0
25.9044	-9.19906	0
26.6628	-8.34353	0
27.4557	-9.81033	0
27.8827	-8.63184	0
-146.899	-7.36302	0
-137.058	-6.24252	0
-125.914	-5.69343	0
-124.873	-5.3563	0
-123.834	-6.12313	0
-129.948	-7.33997	0
-125.796	-7.74271	0
-122.228	-4.32876	0
123.662	-6.99445	0
125.869	-7.43372	0
-116.748	-5.49796	0
104.748	-7.65222	0
102.235	-11.5065	0
-100.708	-4.20483	0
-106.5	-6.20128	0
-103.566	-7.48845	0
-113.946	-6.81842	0
-97.3937	-7.48539	0
-94.5818	-4.42202	0
-96.5975	-5.28728	0
-83.1288	-5.93237	0
-80.9782	-4.32876	0
-20.4976	-5.49796	0
-16.8903	-6.5247	0
-60.1569	-6.25223	0
-60.4514	-7.85451	0
-53.6084	-8.12606	0
-29.6422	-5.65918	0
-30.5326	-6.38902	0
-28.5862	-5.3615	0
-27.5674	-6.16605	0
-32.4548	-7.34549	0
-40.8807	-6.40997	0
91.7916	-4.20483	0
-25.9782	-4.32876	0
-0.347522	-5.28728	0
-1.15337	-7.46868	0
5.63714	-9.29018	0
60.1205	-6.81237	0
61.0077	-5.07611	0
62.0953	-4.93929	0
63.3647	-5.95312	0
14.8599	-7.02343	0
16.282	-9.46727	0
22.7718	-4.32876	0
154.653	-5.74853	0
147.156	-4.36812	0
149.494	-5.55935	0
143.132	-3.91902	0
145.125	-6.25768	0
136.649	-4.76528	0
136.547	-5.97907	0
116.168	-6.5701	0
66.2443	-6.22387	0
64.8552	-6.45824	0
66.6058	-7.5881	0
89.1039	-7.09488	0
89.8875	-4.83374	0
89.5539	-5.98447	0
84.1751	-10.6748	0
85.7245	-7.67112	0
93.1421	-4.88082	0
94.9209	-6.52046	0
138.798	-6.50177	0
-4.50645	-7.65312	0
79.3861	-6.73084	0
55.3661	-6.288	0
35.2642	-7.92953	0
46.2463	-7.74926	0
32.9769	-8.9714	0
24.2155	-8.88736	0
29.2388	-9.78977	0
28.565	-7.67205	0
28.9961	-8.70095	0
29.9841	-9.05212	0
30.2074	-10.023	0
31.3598	-10.6396	0
29.414	-11.1901	0
30.7599	-8.39997	0
31.6678	-8.71993	0
31.9612	-9.71395	0
-148.038	-8.09123	0
-122.621	-7.00593	0
-128.891	-9.09793	0
123.462	-8.36077	0
125.794	-9.10603	0
127.358	-8.19718	0
104.816	-9.05167	0
106.113	-8.07072	0
-100.096	-5.36725	0
-115.594	-8.13192	0
-97.1201	-6.34124	0
-95.5045	-7.3324	0
-95.9974	-6.2414	0
-80.0109	-5.39803	0
-52.5569	-9.12347	0
-26.3381	-6.97555	0
-0.870829	-6.33351	0
-0.108009	-7.12613	0
-0.33654	-8.19505	0
0.641827	-6.40964	0
-1.90974	-9.14172	0
-0.870035	-9.089	0
-1.30535	-10.7826	0
-0.422238	-10.1068	0
0.219835	-11.8608	0
1.2405	-10.4927	0
4.98465	-8.20788	0
64.2537	-5.16214	0
143.429	-5.548	0
146.367	-5.55649	0
136.434	-7.17125	0
63.672	-7.49805	0
66.2826	-9.93658	0
90.5934	-7.05208	0
92.3053	-5.79621	0
138.317	-7.58892	0
138.567	-9.13951	0
139.956	-6.77055	0
140.596	-7.70404	0
140.253	-9.37143	0
141.304	-8.71843	0
-3.67745	-6.79663	0
79.3806	-5.50813	0
32.2613	-12.6412	0
29.0208	-13.5277	0
121.51	-9.61348	0
124.52	-9.0709	0
106.287	-9.64791	0
-100.426	-7.12378	0
-113.682	-8.84008	0
6.22116	-8.20025	0
92.4839	-7.83439	0
137.236	-8.00925	0
141.389	-10.0264	0
142.878	-8.62032	0
-3.0912	-8.19351	0
123.221	-9.864	0
125.102	-11.0892	0
7.5395	-9.60809	0
143.282	-11.1501	0
-2.62908	-7.1781	0
-2.03641	-8.06069	0
-153.907	-7.63458	0
-152.138	-10.9709	0
-149.865	-11.6062	0
-157.879	-8.34897	0
-144.691	-8.04447	0
-85.0649	-6.1902	0
-132.373	-7.08647	0
-63.1517	-7.14045	0
-57.467	-6.89202	0
-13.7047	-6.74128	0
-49.9881	-9.9564	0
-46.4595	-10.6199	0
-37.1782	-7.64602	0
76.3948	-7.16943	0
-8.74402	-7.75015	0
9.91848	-7.47667	0
11.1647	-8.20319	0
157.329	-5.45851	0
161.08	-2.78894	0
132.912	-11.1429	0
135.551	-9.75148	0
110.085	-9.91254	0
112.629	-7.43322	0
68.9547	-6.87179	0
-164.75	-1.26406	0
40.6751	-10.5126	0
43.9686	-9.94234	0
26.0073	-11.2119	0
-137.778	-7.5389	0
-136.064	-7.34395	0
-126.416	-10.1709	0
-58.9617	-8.93842	0
-55.0827	-8.51766	0
-32.5074	-9.85786	0
15.4686	-8.30493	0
153.135	-5.76813	0
148.936	-7.3143	0
117.018	-9.0052	0
82.785	-10.136	0
85.6688	-9.44095	0
87.3481	-7.28169	0
96.5111	-6.88072	0
54.2456	-8.322	0
56.5915	-8.26065	0
36.8077	-8.45702	0
46.4596	-9.30766	0
34.0989	-9.99798	0
21.1142	-9.7065	0
-122.138	-9.03758	0
128.739	-9.09632	0
-52.5911	-11.5578	0
-25.9105	-8.97954	0
64.0034	-9.75988	0
89.9	-8.86165	0
138.6	-11.649	0
119.742	-8.89947	0
106.753	-12.0166	0
93.847	-7.44559	0
143.349	-7.11921	0
-3.2422	-9.59181	0
-3.65623	-11.9176	0
143.939	-9.74799	0
-155.377	-8.11124	0
-158.08	-10.1484	0
-144.537	-10.7491	0
-142.99	-9.16144	0
-64.5008	-8.66221	0
-62.0419	-8.40645	0
-51.4354	-10.0423	0
76.1368	-9.71149	0
78.004	-7.72483	0
-7.26366	-6.81162	0
11.558	-10.594	0
158.914	-7.0742	0
134.577	-11.1018	0
113.751	-8.36742	0
70.0074	-8.14094	0
-167.3	0	0
-139.562	-7.90961	0
-135.273	-8.63197	0
-134.563	-7.16987	0
-56.496	-8.02916	0
-55.5977	-10.2356	0
13.8433	-8.29153	0
151.656	-6.99198	0
146.829	-7.63749	0
80.7696	-11.5556	0
95.426	-7.98045	0
37.1533	-10.2268	0
46.9276	-11.7413	0
33.911	-11.8278	0
128.747	-10.8666	0
93.7103	-9.55031	0
145.859	-11.503	0
-155.102	-9.57686	0
-50.6111	-11.6941	0
158.865	-5.68895	0
160.39	-6.32904	0
136.429	-11.4115	0
113.841	-10.8171	0
115.282	-9.21072	0
69.5905	-10.8792	0
72.1859	-9.85154	0
-165.634	-2.87128	0
-138.387	-9.08674	0
-136.019	-10.3516	0
12.4768	-9.07289	0
14.644	-9.74775	0
82.7655	-12.2489	0
35.3086	-11.0467	0
145.873	-9.56048	0
-156.266	-11.0448	0
-153.972	-11.0225	0
162.27	-4.86328	0
-166.558	-4.44217	0
-166.387	-1.41073	0
-140.472	-9.99282	0
-134.347	-10.0555	0
15.7778	-11.4464	0
35.3833	-12.8213	0
-167.899	-1.38852	0
-169.318	-2.82378	0
-70.6292	-7.52732	0
52.0328	-11.733	0
-119.433	-8.24336	0
-94.3629	-9.73303	0
-108.633	-11.3601	0
-107.132	-8.90366	0
-23.1292	-7.52732	0
-42.9413	-9.52508	0
-163.452	-6.48645	0
100.269	-11.366	0
-105.217	-7.26339	0
-81.8546	-7.43796	0
-18.3213	-8.51404	0
-39.499	-8.3175	0
-78.5461	-6.20383	0
-78.1723	-8.09755	0
-76.9386	-5.95911	0
-75.3704	-6.21825	0
-74.3175	-8.04297	0
2.09321	-12.1936	0
61.7402	-7.9634	0
-15.3507	-7.41507	0
-12.9321	-8.46101	0
-35.7612	-6.94345	0
-35.6068	-9.03507	0
-34.1758	-7.70182	0
131.092	-10.4231	0
108.17	-10.0127	0
38.9979	-12.1739	0
42.6013	-11.8774	0
-59.2134	-11.3402	0
86.0871	-11.4684	0
52.6883	-8.77372	0
52.0503	-10.1846	0
53.8663	-9.9245	0
50.8033	-10.9448	0
54.2083	-12.1049	0
48.9942	-11.9698	0
50.639	-12.5542	0
52.1885	-13.5907	0
58.3168	-7.44095	0
22.4235	-8.38308	0
89.5395	-11.6125	0
119.481	-12.0917	0
-1.70248	-12.9622	0
-159.361	-11.3256	0
79.7252	-8.66016	0
-6.97367	-8.90578	0
-56.9483	-12.0095	0
-54.2212	-11.185	0
-53.7432	-12.8454	0
152.587	-9.07701	0
126.98	-11.887	0
-48.3917	-13.2491	0
135.237	-12.8444	0
116.327	-10.6011	0
73.0399	-8.13685	0
-134.884	-13.2884	0
13.2052	-10.5509	0
148.519	-10.5505	0
-152.996	-13.0732	0
-167.135	-6.08581	0
33.7709	-13.6231	0
36.7807	-11.8736	0
-168.276	-4.20967	0
-72.0221	-10.1811	0
-69.6737	-9.60445	0
-117.449	-10.3997	0
-96.1339	-12.205	0
-93.9785	-11.812	0
-24.2602	-8.75076	0
-24.8389	-10.6433	0
-22.1755	-9.5434	0
-42.0533	-7.87335	0
97.7135	-11.5722	0
-82.7685	-9.76607	0
-80.0841	-9.67918	0
-76.5197	-9.94846	0
0.886561	-13.547	0
3.84878	-11.9565	0
-16.491	-8.89696	0
-12.5527	-11.605	0
-10.7685	-8.78775	0
52.2068	-16.722	0
58.5878	-10.237	0
22.8917	-10.1556	0
-162.178	-11.1927	0
-159.764	-14.0555	0
-53.4228	-15.7299	0
-48.7013	-11.3659	0
134.541	-15.0113	0
117.638	-11.9101	0
74.1608	-9.76507	0
-134.933	-11.6194	0
-136.247	-12.4932	0
-133.556	-12.4142	0
-138.432	-13.9946	0
-133.026	-14.6655	0
-136.491	-14.4778	0
-131.507	-13.1199	0
-168.273	-8.04576	0
-165.996	-8.04528	0
36.824	-13.4415	0
38.0756	-15.7598	0
-169.93	-4.3684	0
-172.193	-6.00249	0
-27.6768	-11.2943	0
-23.0038	-11.3121	0
2.0476	-14.9546	0
5.02827	-13.2528	0
5.16402	-10.9057	0
-15.8861	-10.7837	0
59.9371	-8.78558	0
21.6463	-11.3427	0
117.297	-15.0031	0
118.715	-10.4223	0
73.2436	-11.4135	0
-138.115	-16.861	0
-21.6937	-14.3198	0
-20.408	-11.4495	0
1.60943	-17.9881	0
4.07097	-15.6517	0
6.63902	-14.2575	0
-16.6537	-14.022	0
19.7142	-11.0663	0
118.406	-13.5599	0
74.3926	-14.3664	0
75.1943	-11.4195	0
8.17861	-15.6353	0
8.42075	-13.2115	0
19.4497	-14.092	0
119.636	-15.6527	0
20.5218	-12.6964	0
120.326	-13.8388	0
21.1773	-14.3096	0
122.331	-15.6402	0
121.358	-12.2614	0
19.9646	-16.9711	0
23.6914	-15.2022	0
122.105	-13.8759	0
124.202	-14.5037	0
-89.4303	-9.95404	0
104.241	-12.6646	0
-98.4591	-9.6699	0
142.354	-13.6903	0
-148.368	-13.3276	0
26.8483	-13.2361	0
-123.894	-11.0513	0
-6.70198	-12.0098	0
-66.2957	-10.1201	0
157.585	-9.52068	0
111.608	-11.8365	0
81.1425	-13.702	0
-142.32	-11.3613	0
-171.26	0	0
-44.4526	-10.8687	0
-37.7805	-9.91074	0
43.0483	-14.0059	0
47.6916	-14.2908	0
93.0116	-13.0235	0
-4.00289	-14.9156	0
-58.6091	-13.4628	0
155.022	-9.24501	0
128.362	-13.4814	0
150.902	-10.7786	0
-152.847	-16.8847	0
33.5318	-16.6273	0
-70.4108	-11.673	0
-10.6605	-10.8297	0
57.0755	-12.7592	0
131.747	-15.3378	0
136.602	-16.0083	0
-170.846	-10.8515	0
-164.708	-10.1037	0
-170.461	-7.46103	0
-134.78	-17.5954	0
7.85177	-18.8413	0
10.4665	-12.4747	0
16.6932	-14.0469	0
125.089	-18.0714	0
104.716	-16.5261	0
-149.053	-15.8814	0
-147.086	-11.1919	0
24.5618	-12.9993	0
-66.0803	-12.5722	0
79.1235	-12.9472	0
79.7281	-16.7026	0
-143.937	-12.8981	0
-140.155	-12.3524	0
-172.34	-1.68596	0
-45.6489	-12.3001	0
-42.7554	-13.5028	0
41.2888	-16.9435	0
44.9525	-17.1239	0
-57.8	-17.0804	0
127.745	-16.3308	0
-69.0202	-13.7789	0
-10.4071	-14.145	0
-8.85904	-12.0163	0
130.233	-14.0831	0
129.988	-15.9193	0
137.693	-19.6949	0
139.441	-16.1737	0
10.4641	-17.488	0
12.0103	-13.9621	0
8.85066	-11.1969	0
77.009	-12.5688	0
-144.088	-16.6426	0
-141.937	-13.3839	0
-176.012	0	0
-42.5388	-11.4995	0
125.783	-15.7868	0
-7.77386	-14.2493	0
14.3445	-14.4028	0
77.6671	-14.9883	0
-143.339	-14.7974	0
-145.189	-15.1219	0
-141.659	-16.5531	0
-147.19	-15.15	0
-146.163	-16.9864	0
-173.299	-3.4889	0
-40.3939	-12.7448	0
-144.952	-20.7196	0
-144.827	-18.616	0
-146.543	-19.5692	0
-149.238	-21.3443	0
-146.977	-21.8437	0
-142.614	-19.8035	0
-148.86	-25.0018	0
-144.535	-23.8563	0
28.8191	-16.1309	0
-32.8045	-12.3998	0
68.9337	-13.9581	0
-61.5527	-11.6747	0
-63.6524	-12.9249	0
-48.5691	-17.7976	0
-84.9689	-10.8732	0
-80.6856	-11.8793	0
-81.4238	-14.3414	0
-79.2572	-13.6493	0
-79.5795	-16.3776	0
-76.5999	-13.4642	0
54.885	-15.1407	0
-29.9638	-10.1448	0
117.727	-17.9896	0
23.8903	-18.6609	0
-99.54	-12.9952	0
139.983	-13.5772	0
144.602	-15.1068	0
159.983	-13.5355	0
110.785	-15.876	0
113.594	-13.2303	0
49.1857	-16.9244	0
95.3902	-12.3873	0
149.474	-13.1286	0
153.222	-11.3911	0
35.9597	-17.0109	0
-166.05	-13.2301	0
106.03	-14.4045	0
-150.548	-17.9037	0
-71.6053	-13.9739	0
-67.5073	-15.8283	0
-174.341	-1.77861	0
-9.17789	-16.4033	0
-40.3591	-16.9107	0
-139.62	-22.7755	0
-143.076	-22.0659	0
-141.795	-24.599	0
27.4766	-18.2953	0
31.0281	-17.3988	0
-36.0784	-15.1857	0
-62.8117	-15.1285	0
-64.299	-17.6751	0
-60.9491	-17.756	0
-49.5637	-15.4811	0
-87.3222	-11.0088	0
-83.854	-14.518	0
-74.5028	-17.2136	0
145.503	-19.4789	0
94.7703	-14.8345	0
150.903	-17.5207	0
34.3473	-19.3417	0
38.6517	-19.1489	0
107.835	-16.9895	0
-68.5581	-18.08	0
-177.308	-2.01909	0
-7.95263	-20.5446	0
27.0159	-21.6562	0
-32.5972	-15.9601	0
-51.363	-17.6253	0
-85.001	-16.9723	0
146.232	-17.0498	0
92.1734	-15.5969	0
97.186	-18.3195	0
154.072	-15.216	0
-71.7096	-18.8764	0
-69.3923	-21.2828	0
-181.714	0	0
-50.1281	-20.3386	0
-87.5952	-16.8353	0
-83.4655	-19.1951	0
148.393	-19.0218	0
90.1426	-14.0766	0
94.2277	-17.7904	0
-178.455	-4.18112	0
-89.4696	-18.5843	0
-82.2548	-23.5685	0
-80.9308	-18.9094	0
148.561	-16.6683	0
87.7373	-13.3595	0
91.6867	-18.1115	0
-177.056	-7.15	0
-89.4192	-22.8902	0
-81.9635	-21.1336	0
150.401	-15.2556	0
151.857	-13.3562	0
85.1059	-13.9902	0
88.1851	-20.6109	0
-84.0048	-22.1243	0
-86.5837	-23.4145	0
-84.4533	-24.4501	0
-87.1792	-27.3485	0
-82.2339	-26.8026	0
-78.6211	-22.7683	0
86.9751	-15.9839	0
93.4721	-22.0256	0
-111.449	-12.0912	0
-27.2333	-14.7895	0
-2.02635	-18.083	0
1.48212	-21.6228	0
-16.249	-17.5774	0
6.73976	-23.3286	0
78.7399	-21.4536	0
127.776	-19.276	0
140.651	-18.9689	0
66.5203	-17.0401	0
71.5446	-15.7466	0
55.6755	-19.5381	0
58.4303	-16.2034	0
119.429	-21.2765	0
20.9573	-20.0697	0
114.246	-16.9669	0
50.9009	-19.8779	0
-43.6874	-16.7047	0
-137.346	-20.2051	0
-137.824	-27.1278	0
-37.243	-12.6494	0
-38.7	-14.8539	0
-37.7167	-17.3446	0
-39.5786	-20.4207	0
-58.6198	-20.9361	0
36.5851	-21.1567	0
105.553	-21.6208	0
-70.3114	-24.3185	0
-66.5725	-22.7349	0
-179.705	-2.13231	0
-51.6762	-24.4223	0
-46.7451	-20.6654	0
151.948	-22.1186	0
-177.652	-12.6309	0
-84.2822	-30.9198	0
-79.0345	-26.0329	0
-113.859	-13.9617	0
83.167	-19.8961	0
125.413	-20.9492	0
130.879	-21.5465	0
140.336	-24.0751	0
17.8739	-24.2475	0
36.8014	-25.9916	0
40.1265	-22.7344	0
-73.4955	-25.3367	0
-70.2488	-27.6608	0
-64.0873	-25.1443	0
-183.27	-2.42375	0
-76.7645	-28.4794	0
-115.556	-17.1911	0
122.806	-19.7857	0
128.046	-22.1629	0
-75.5449	-23.0278	0
-70.6782	-31.8058	0
-66.7118	-29.8642	0
-188.558	0	0
-77.2906	-34.0607	0
123.151	-22.5142	0
122.384	-26.7566	0
129.179	-26.5208	0
-74.8152	-20.1581	0
-184.647	-5.01854	0
-75.2699	-31.4357	0
-182.907	-9.63597	0
-73.2528	-35.0788	0
-105.559	-13.6895	0
-23.55	-17.5997	0
-131.852	-20.7483	0
-150.166	-31.0383	0
-165.275	-16.9363	0
25.7123	-24.6345	0
22.3481	-25.2848	0
26.1813	-28.0288	0
30.0619	-22.7923	0
32.515	-25.6404	0
100.921	-17.2979	0
-0.184493	-27.4624	0
-18.4669	-21.2928	0
-12.3194	-19.3633	0
64.7925	-22.0733	0
62.5237	-16.1541	0
115.819	-21.0612	0
47.2114	-20.0457	0
-36.3413	-25.5198	0
-48.6988	-23.2157	0
-49.1823	-26.2994	0
-46.2124	-30.6202	0
-46.5555	-25.1314	0
-46.8941	-27.9077	0
-48.7073	-29.8054	0
-42.2035	-28.1708	0
-51.5969	-33.1349	0
-44.479	-26.7935	0
-48.3744	-33.0129	0
-41.841	-25.0035	0
-49.8627	-36.3224	0
-45.0455	-33.8477	0
-39.2454	-26.905	0
-38.9523	-23.7826	0
-39.4751	-30.4578	0
-36.2172	-22.5024	0
-36.5283	-28.8645	0
-31.4406	-24.2101	0
-35.559	-34.1788	0
-33.2403	-27.3707	0
-33.0251	-21.108	0
-43.506	-20.0054	0
154.491	-19.1229	0
134.445	-21.206	0
44.0789	-24.5392	0
-59.0664	-26.0119	0
-111.303	-20.5755	0
-186.147	-2.55923	0
-106.607	-17.421	0
-23.3354	-21.5259	0
19.4985	-27.408	0
25.2417	-32.1955	0
30.0484	-29.8425	0
113.12	-25.435	0
-54.1792	-36.6053	0
-45.0837	-40.1056	0
-29.4797	-27.4194	0
-29.6483	-21.3389	0
157.717	-16.8007	0
136.761	-23.9335	0
-190.424	-2.90837	0
-103.53	-21.5267	0
19.7302	-31.7706	0
-42.764	-36.9907	0
-25.4761	-32.3061	0
-25.4838	-25.4357	0
-29.755	-17.8996	0
162.064	-17.3988	0
136.038	-29.8998	0
-196.769	0	0
-38.9289	-42.2679	0
-38.9648	-36.0887	0
-28.3257	-24.1595	0
138.423	-27.1619	0
-192.077	-6.02202	0
-35.0066	-39.1554	0
141.621	-32.3561	0
-190.093	-9.75762	0
143.052	-27.8939	0
14.3452	-20.5699	0
12.5412	-25.4674	0
-94.0738	-23.5482	0
57.986	-25.8867	0
-141.825	-29.0283	0
-131.703	-32.1359	0
151.911	-30.0387	0
-63.301	-32.3122	0
118.963	-29.2076	0
-128.765	-24.8551	0
34.3793	-29.2197	0
-55.0763	-30.5319	0
40.9017	-27.5781	0
48.2698	-25.7257	0
25.1378	-37.4465	0
-56.4012	-41.7771	0
13.8041	-36.0986	0
-22.6877	-28.8678	0
166.905	-18.6413	0
-193.876	-3.07097	0
-194.275	-10.3975	0
-187.029	-13.2217	0
-97.9359	-26.6478	0
57.9429	-22.3077	0
55.067	-24.132	0
61.4315	-24.0555	0
52.2858	-27.5622	0
61.3971	-28.1478	0
64.9208	-26.1312	0
-145.691	-31.2959	0
-137.498	-32.9746	0
146.85	-31.5724	0
119.243	-33.4323	0
33.1427	-33.1536	0
41.8945	-32.2235	0
-60.9972	-37.8802	0
-20.9474	-33.129	0
-17.8816	-28.3693	0
-199.008	-3.49	0
-198.79	-11.0731	0
-188.79	-18.6589	0
57.5954	-30.1794	0
70.4783	-28.6253	0
68.8108	-23.9772	0
-148.341	-38.3429	0
-141.855	-33.4064	0
115.098	-36.9809	0
123.378	-35.7515	0
32.4978	-40.05	0
39.4451	-37.6895	0
47.5335	-34.243	0
-23.8712	-36.347	0
-14.7335	-33.7643	0
-206.623	0	0
-196.078	-14.7543	0
-203.341	-11.5693	0
60.8285	-36.3402	0
61.0569	-32.084	0
64.1592	-34.3847	0
65.443	-40.3855	0
68.7615	-33.088	0
-145.454	-35.4069	0
-139.103	-38.9807	0
124.834	-40.4341	0
35.9496	-35.8998	0
36.2361	-39.6487	0
34.6811	-42.7759	0
40.4273	-42.9057	0
29.2182	-44.914	0
32.6329	-45.5908	0
29.8403	-50.7282	0
33.9412	-49.6297	0
-29.7901	-36.3586	0
-23.7258	-43.6488	0
-201.062	-7.40601	0
-197.55	-22.2919	0
-193.01	-17.7813	0
-210.103	-15.2342	0
-143.808	-39.9128	0
33.6523	-56.7551	0
40.8856	-51.2511	0
-191.848	-22.7774	0
-205.364	-15.9072	0
89.2673	-27.1527	0
103.172	-27.787	0
-69.1343	-40.6162	0
-154.664	-26.9057	0
-113.969	-24.7981	0
10.8819	-30.7954	0
-51.5551	-49.8958	0
171.58	-20.472	0
169.472	-14.7975	0
174.241	-14.4627	0
-102.8	-26.3448	0
-95.7272	-31.1336	0
145.416	-39.8401	0
150.857	-35.6788	0
-203.262	-3.75591	0
74.2077	-32.6216	0
121.259	-44.3307	0
129.743	-41.269	0
24.4961	-42.6457	0
-148.592	-46.3968	0
46.4971	-46.7576	0
-184.215	-25.25	0
-208.527	-21.1588	0
-202.356	-20.2005	0
-119.256	-25.3208	0
-110.943	-28.4252	0
-111.45	-36.3434	0
-106.421	-29.1468	0
-109.276	-32.5072	0
-107.114	-36.2663	0
-109.194	-41.2159	0
-102.622	-35.0048	0
-99.6751	-38.4812	0
-100.403	-46.1019	0
-98.4138	-34.4245	0
-96.9039	-42.591	0
7.17585	-36.2942	0
173.829	-27.3661	0
179.567	-14.562	0
-92.3566	-34.283	0
-90.3132	-38.7332	0
-88.0225	-33.3143	0
-209.31	-4.18792	0
80.7838	-32.5216	0
132.656	-47.0536	0
134.671	-37.0666	0
17.3607	-47.795	0
24.6658	-48.3415	0
-139.961	-46.9926	0
-203.307	-28.9543	0
-116.225	-41.5118	0
-105.213	-44.4037	0
-95.3849	-47.6037	0
184.69	-21.8977	0
-87.1999	-42.5433	0
-218.447	0	0
-112.315	-49.1949	0
-91.6249	-51.9918	0
185.213	-16.0755	0
-82.6137	-49.4188	0
-81.2747	-42.1253	0
-211.69	-8.67139	0
-105.213	-52.0641	0
-6.04346	-26.0263	0
3.71944	-26.1355	0
0.678789	-33.0287	0
-4.19645	-41.1376	0
8.62417	-27.1546	0
43.7795	-35.8426	0
51.8502	-39.4593	0
50.7478	-31.4988	0
51.2857	-35.3834	0
48.4873	-37.848	0
54.6486	-36.9947	0
48.5569	-42.0176	0
57.2015	-42.7145	0
57.5706	-35.0816	0
57.9735	-38.8847	0
61.323	-41.5526	0
52.7465	-44.0119	0
57.0253	-50.4069	0
72.8229	-46.1412	0
95.7508	-28.1822	0
101.45	-34.8407	0
-158.064	-22.3169	0
-44.2835	-47.6684	0
156.21	-33.8857	0
161.204	-37.6712	0
86.2892	-41.4385	0
10.7034	-43.4304	0
-211.257	-28.6329	0
-214.281	-4.422	0
-92.6858	-61.6403	0
189.661	-19.4099	0
190.955	-28.2072	0
196.343	-20.7972	0
188.484	-11.7076	0
-75.5968	-46.9374	0
-12.5142	-41.8085	0
-161.776	-28.6211	0
159.885	-44.2961	0
169.246	-34.637	0
-221.672	-5.0255	0
-232.637	0	0
-224.528	-10.4059	0
-221.078	-17.2532	0
73.7435	-20.614	0
-177.61	-19.3203	0
-123.293	-47.8258	0
-112.576	-60.0655	0
64.0475	-54.1131	0
107.116	-39.1353	0
10.0475	-51.6903	0
-207.693	-38.958	0
-102.403	-61.3707	0
203.17	-20.8338	0
-76.551	-55.4011	0
-168.667	-27.5269	0
153.626	-45.6475	0
153.183	-52.6325	0
165.276	-47.5816	0
168.2	-57.7752	0
166.164	-41.4251	0
170.353	-51.6416	0
176.963	-57.4057	0
178.213	-49.3001	0
-227.638	-5.30665	0
-224.572	-29.6494	0
58.2284	-59.4845	0
72.828	-56.2154	0
97.3967	-46.0732	0
210.896	-29.3083	0
199.918	-14.6204	0
-175.07	-37.3427	0
-166.42	-35.6201	0
145.818	-56.1312	0
158.447	-59.8339	0
-236.506	-6.03086	0
50.8564	-70.5569	0
105.448	-47.076	0
210.726	-21.7045	0
-249.663	0	0
59.5817	-68.3759	0
214.03	-15.3947	0
-239.934	-12.4872	0
222.203	-9.79933	0
-235.603	-23.9765	0
70.8654	-38.448	0
-25.9423	-53.1561	0
42.0439	-60.2783	0
-59.6084	-56.1553	0
-155.148	-42.1617	0
-158.22	-54.1077	0
-144.968	-56.7156	0
-6.72846	-51.7534	0
196.669	-35.3441	0
-131.756	-49.9948	0
-73.7868	-65.132	0
189.655	-64.8839	0
184.555	-54.4274	0
178.223	-41.1074	0
74.4598	-65.4706	0
-184.939	-35.3022	0
139.284	-65.4223	0
161.154	-74.571	0
100.295	-55.6259	0
113.199	-53.6471	0
-243.666	-6.3679	0
57.1582	-77.2242	0
33.9105	-67.8953	0
-67.9155	-52.089	0
-168.527	-47.6173	0
1.67867	-56.8008	0
187.188	-37.0796	0
197.352	-44.3452	0
194.652	-55.9745	0
88.1171	-73.3874	0
-254.307	-7.23666	0
64.0749	-90.173	0
68.722	-75.6354	0
208.535	-53.0697	0
-270.096	0	0
-258.42	-14.9842	0
-253.485	-24.2791	0
-86.9337	-74.2882	0
-121.579	-72.9321	0
-194.682	-47.7307	0
-108.75	-70.543	0
-97.8011	-70.752	0
-220.135	-41.5622	0
235.879	-17.7273	0
231.387	-6.14618	0
-53.2279	-64.4932	0
-137.523	-70.6452	0
-69.1632	-76.8973	0
-181.581	-43.9476	0
90.1239	-53.4962	0
118.937	-66.794	0
37.4494	-81.0858	0
10.4499	-61.7567	0
200.234	-64.9612	0
-262.898	-7.64134	0
-263.89	-25.8711	0
-245.859	-32.8984	0
-194.824	-37.5862	0
-113.582	-80.233	0
240.255	-9.36797	0
245.904	-17.6509	0
248.413	0	0
253.057	-9.66407	0
-41.1091	-69.616	0
-57.4299	-75.5329	0
90.4197	-63.5729	0
14.7151	-71.8734	0
198.529	-82.6496	0
-275.669	-8.6843	0
-275.124	-27.5543	0
-107.718	-97.4496	0
256.625	-20.0566	0
268.846	0	0
6.42353	-83.8896	0
194.883	-73.3718	0
-294.616	0	0
-268.115	-36.0032	0
264.174	-36.8155	0
275.137	-9.93953	0
17.3417	-82.5546	0
182.989	-74.8436	0
-280.605	-17.9817	0
-259.748	-51.7361	0
281.047	-20.7491	0
286.679	-9.42202	0
263.274	-8.62554	0
27.6518	-85.3282	0
-285.977	-27.4133	0
19.6233	-94.6224	0
39.3535	-98.9182	0
-298.107	-34.3973	0
217.503	-40.0882	0
-169.739	-67.5577	0
146.675	-78.4692	0
-223.029	-55.2128	0
-133.354	-60.6791	0
-65.0895	-90.8452	0
-28.4316	-75.63	0
-285.979	-9.16997	0
172.048	-76.6435	0
164.021	-89.1677	0
179.953	-90.5442	0
-272.011	-48.1669	0
-249.045	-45.0885	0
273.561	-29.7806	0
293.366	0	0
19.8554	-115.251	0
220.451	-51.7132	0
226.861	-31.4825	0
-301.303	-10.4213	0
-286.382	-50.9792	0
-269.333	-61.8161	0
-247.633	-59.3018	0
276.199	-43.081	0
287.351	-33.5928	0
300.053	-10.3055	0
235.447	-59.9914	0
238.782	-35.4014	0
-324.039	0	0
308.077	-22.8347	0
242.221	-48.3889	0
-307.226	-21.5779	0
322.789	0	0
250.996	-61.2905	0
250.229	-39.3193	0
253.42	-50.2069	0
312.584	-11.1142	0
261.254	-57.7273	0
261.837	-75.9522	0
265.091	-47.6033	0
268.221	-66.6264	0
279.984	-81.5274	0
284.071	-66.2079	0
92.5869	-87.4138	0
75.2902	-100.507	0
-91.5033	-86.4604	0
-83.2716	-106.689	0
-200.464	-65.6435	0
-151.539	-84.7984	0
114.302	-81.459	0
-6.03634	-78.5871	0
-32.0534	-90.2056	0
149.913	-92.6304	0
-298.909	-58.8537	0
-273.554	-80.9548	0
-243.81	-73.1615	0
289.803	-47.7729	0
-313.675	-11.0038	0
313.298	-38.0703	0
-311.05	-33.9511	0
-323.206	-46.0265	0
298.35	-78.2227	0
93.5822	-101.503	0
57.2206	-108.865	0
-215.629	-68.8263	0
120.544	-94.995	0
-5.84016	-93.2875	0
-45.1292	-97.5468	0
-20.4991	-99.7643	0
136.979	-88.137	0
145.754	-106.205	0
-298.81	-74.8643	0
-255.527	-89.099	0
-227.005	-90.5048	0
-314.548	-59.0514	0
98.0475	-114.177	0
89.5881	-127.558	0
109.263	-107	0
121.068	-113.002	0
121.304	-125.385	0
132.676	-117.323	0
111.326	-132.446	0
123.431	-137.422	0
144.117	-123.299	0
101.04	-127.411	0
101.409	-140.405	0
129.502	-156.579	0
135.916	-143.081	0
147.087	-136.096	0
153.122	-115.536	0
99.998	-161.717	0
161.486	-141.475	0
169.918	-116.755	0
70.5371	-113.942	0
-47.4365	-112.098	0
-19.2666	-117.275	0
75.859	-135.008	0
167.203	-166.653	0
-63.6483	-124.661	0
-36.1107	-121.803	0
-4.19524	-109.96	0
59.4198	-151.197	0
-49.5853	-126.067	0
75.1376	-150.717	0
-39.5405	-134.388	0
-52.5914	-139.919	0
-31.2164	-154.655	0
67.7041	-164.874	0
-51.7664	-161.594	0
74.5808	-189.711	0
83.9568	-164.377	0
216.531	-86.2079	0
330.813	-12.5292	0
340.443	-27.5307	0
358.096	0	0
345.962	-13.3969	0
251.458	-100.983	0
-332.063	-12.5051	0
-359.346	0	0
-339.171	-25.8931	0
320.198	-53.0697	0
-306.23	-98.3531	0
-327.895	-66.9402	0
-351.975	-76.8544	0
-332.836	-89.1392	0
176.84	-132.915	0
-3.23256	-134.229	0
204.699	-98.7514	0
234.379	-91.0621	0
227.395	-74.1138	0
347.342	-42.53	0
-346.909	-13.2044	0
330.084	-40.1132	0
310.345	-65.751	0
326.735	-67.7384	0
193.866	-135.23	0
207.78	-117.53	0
355.598	-60.497	0
332.767	-82.5938	0
342.62	-69.9125	0
204.614	-148.247	0
363.852	-45.8241	0
322.802	-96.2816	0
201.363	-176.415	0
231.02	-158.575	0
379.544	-31.1578	0
339.534	-99.0722	0
307.025	-93.1347	0
311.992	-109.352	0
344.449	-114.144	0
334.187	-131.995	0
352.327	-130.548	0
355.387	-99.1195	0
377.416	-100.274	0
367.181	-84.8286	0
296.947	-130.516	0
317.843	-125.816	0
388.036	-82.1219	0
319.417	-146.359	0
-145.813	-104.076	0
39.76	-119.208	0
117.13	-172.814	0
145.913	-170.747	0
-82.3769	-132.995	0
-83.6155	-174.402	0
-34.5031	-178.821	0
367.726	-15.0015	0
400.466	0	0
384.467	-15.1562	0
-368.976	-15.0063	0
-401.716	0	0
-377.505	-31.0717	0
-367.401	-48.1128	0
386.229	-49.8465	0
320.145	-169.455	0
-161.155	-123.904	0
-126.071	-104.756	0
124.751	-206.243	0
160.678	-190.125	0
-107.268	-151.413	0
-84.7293	-153.647	0
-386.791	-15.8452	0
-386.656	-48.0135	0
408.357	-58.3836	0
-117.761	-121.202	0
-126.409	-141.134	0
-405.107	-55.7214	0
-147.218	-139.449	0
-125.091	-161.642	0
-426.822	-41.8393	0
-394.667	-72.7566	0
-176.209	-151.42	0
-404.012	-96.6312	0
-378.19	-89.1696	0
-151.763	-183.555	0
-215.592	-112.019	0
36.7691	-157.946	0
38.8238	-214.108	0
-293.616	-118.813	0
-2.95342	-163.993	0
276.029	-147.218	0
-60.004	-187.112	0
412.021	-18.0083	0
425.887	-39.6174	0
451.309	0	0
433.811	-19.279	0
296.723	-182.579	0
343.42	-174.882	0
94.3904	-213.987	0
186.102	-198.348	0
-413.271	-18.0074	0
-452.559	0	0
-438.566	-63.52	0
-390.846	-137.635	0
-229.139	-141.831	0
-192.717	-106.988	0
27.1402	-186.417	0
-303.771	-151.416	0
-264.304	-131.609	0
-12.4717	-184.72	0
-92.1913	-218.619	0
435.79	-61.2438	0
271.159	-173.804	0
304.14	-211.38	0
361.193	-161.898	0
393.74	-170.747	0
200.113	-239.965	0
-436.802	-20.3959	0
-380.888	-114.35	0
-182.189	-91.9572	0
-184.727	-75.2863	0
4.67586	-214.25	0
447.454	-87.4793	0
-351.699	-140.604	0
459.845	-66.2599	0
482.192	-44.8798	0
237.755	-136.93	0
253.747	-153.776	0
246.276	-174.607	0
250.16	-200.707	0
223.594	-218.37	0
264.021	-242.808	0
465.175	-21.609	0
512.321	0	0
489.292	-21.831	0
121.989	-258.801	0
-204.815	-158.443	0
337.724	-226.941	0
-466.425	-21.6092	0
-513.571	0	0
-479.879	-45.4957	0
424.869	-112.088	0
491.766	-72.0628	0
-236.92	-179.339	0
-183.74	-182.515	0
454.036	-116.188	0
508.744	-101.894	0
-168.681	-211.623	0
485.627	-127.268	0
-307.556	-203.048	0
-56.5398	-222.845	0
423.496	-221.587	0
21.9004	-250.378	0
528.961	-25.9311	0
548.928	-57.0481	0
585.535	0	0
560.338	-27.7613	0
308.648	-245.672	0
-492.141	-22.8574	0
-523.184	-30.4868	0
-551.467	-52.2314	0
-168.017	-266.669	0
-131.845	-214.693	0
460.038	-149.652	0
517.361	-137.8	0
-23.0481	-239.087	0
381.911	-245.108	0
418.491	-190.389	0
396.448	-209.926	0
465.167	-198.901	0
563.197	-88.1235	0
294.014	-301.896	0
-586.785	0	0
-564.407	-87.836	0
527.213	-173.967	0
-55.0983	-262.525	0
580.31	-125.472	0
-622.188	-106.663	0
-527.452	-99.0981	0
551.421	-147.947	0
526.283	-236.926	0
597.394	-95.0484	0
629.993	-64.7167	0
183.7	-285.986	0
-267.752	-204.56	0
41.4794	-301.338	0
605.503	-31.1169	0
673.392	0	0
640.298	-31.48	0
-115.048	-247.251	0
-131.747	-283.653	0
-56.8125	-316.009	0
-11.5526	-288.439	0
-520.748	-135.601	0
-555.772	-187.171	0
-510.706	-180.099	0
-490.842	-89.2133	0
643.927	-103.522	0
-170.38	-318.936	0
-103.924	-322.166	0
668.281	-146.581	0
-353.667	-227.448	0
390.181	-324.93	0
197.528	-365.958	0
91.3586	-298.285	0
697.353	-37.3406	0
726.106	-82.1492	0
778.821	0	0
-9.93421	-346.175	0
-241.052	-289.554	0
-139.452	-367.873	0
632.441	-199.977	0
-400.667	-213.233	0
-353.892	-277.58	0
219.894	-320.909	0
104.803	-356.592	0
746.644	-126.957	0
742.537	-39.9763	0
677.536	-191.519	0
-455.549	-223.37	0
-381.937	-356.981	0
-301.814	-324.482	0
264.073	-370.92	0
771.29	-180.727	0
795.935	-136.898	0
728.55	-222.064	0
842.842	-93.1811	0
-690.796	-163.76	0
1.9431	-439.056	0
-174.766	-458.474	0
587.531	-241.922	0
74.1868	-410.275	0
807.574	-44.8087	0
905.334	0	0
857.671	-45.3259	0
-461.16	-280.462	0
785.471	-238.153	0
550.08	-323.129	0
94.1882	-495.927	0
-539.82	-336.12	0
-428.592	-326.014	0
735.163	-307.399	0
872.529	-286.034	0
-484.181	-331.34	0
-440.703	-394.889	0
319.297	-423.107	0
862.899	-149.055	0
897.98	-211.055	0
939.838	-53.7704	0
981.243	-118.295	0
1057.15	0	0
-423.199	-511.042	0
294.413	-511.512	0
1004.9	-57.5658	0
373.443	-486.052	0
-101.307	-434.924	0
642.053	-342.503	0
470.454	-352.775	0
83.4699	-579.495	0
178.286	-490.82	0
-590.656	-266.236	0
1010.82	-182.819	0
1073.88	-284.003	0
1089.67	-203.918	0
1098.56	-64.5242	0
483.144	-470.17	0
-114.874	-518.951	0
-27.5854	-667.214	0
133.508	-708.509	0
-662.474	-371.912	0
1150.34	-257.485	0
1140.83	-137.199	0
-103.873	-612.301	0
1252.59	-256.247	0
1239.33	0	0
1175.54	-68.3762	0
258.224	-597.892	0
699.658	-466.833	0
974.004	-364.524	0
439.103	-552.779	0
-202.979	-692.292	0
1338.47	-404.99	0
1345.49	-192.539	0
1289.01	-77.4289	0
320.21	-695.259	0
593.149	-581.861	0
-111.841	-703.818	0
1457.95	0	0
429.269	-665.418	0
-267.177	-503.432	0
-289.152	-616.243	0
-555.021	-554.278	0
1087.32	-402.878	0
1350.22	-299.037	0
1514.25	-370.867	0
1398.32	-92.9144	0
420.877	-848.958	0
-333.275	-737.487	0
976.281	-544.376	0
1212.33	-470.582	0
1590.82	-192.388	0
1517.57	-92.9144	0
1720.29	0	0
1620.82	-93.5857	0
-675.026	-502.147	0
-535.662	-704.9	0
-373.227	-894.468	0
805.921	-619.934	0
1352.4	-585.859	0
1630.19	-314.945	0
1791.83	-111.498	0
-807.675	-573.389	0
-681.347	-815.196	0
1643.49	-490.678	0
1785.99	-377.484	0
1877.32	-245.058	0
-1053.64	-542.135	0
-787.329	-716.661	0
2035.1	0	0
-944.398	-665.886	0
-889.688	-933.02	0
2042.5	-237.354	0
1926.68	-119.325	0
-409.324	-1164.15	0
-235.068	-977.746	0
1730.16	-679.7	0
2109.73	-378.225	0
-229.084	-1157.99	0
1863.37	-548.045	0
2037.35	-532.861	0
-312.416	-1359.71	0
-34.7627	-1255.95	0
2206.81	-768	0
272.29	-987.095	0
950.593	-716.291	0
792.526	-796.83	0
782.094	-1064.23	0
983.57	-947.032	0
1397.62	-801.103	0
-708.684	-1009.97	0
1711.16	-965.052	0
521.809	-1090.29	0
-883.186	-1169.09	0
346.572	-1160.75	0
242.303	-1460.37	0
543.427	-1397.21	0
-1298.65	-546.555	0
-615.725	-1388.22	0
1209.64	-965.769	0
-1124.66	-1057.61	0
-1342.19	-800.121	0
-434.28	-1690.84	0
1255.5	-1261.18	0
-1585.99	-873.682	0
-1724.05	-1107.94	0
1113.18	-1623.23	0
-1976.25	-1114.53	0
-2208.06	-910.567	0
-2208.06	-1821.13	0
-1841.42	-1445.02	0
-1574.03	-1324.38	0
-1249.01	-1379.93	0
-754.794	-1677.31	0
6.75228	-2033.1	0
785.766	-1617.45	0
-1810.77	-1841.66	0
-1105.65	-1701.03	0
-610.789	-2069.11	0
785.094	-2049.57	0
1496.04	-1721.66	0
-1413.8	-1994.04	0
-637.929	-2498.75	0
1701.19	-2212.03	0
2206.81	-1536	0
-1760.36	-2303.62	0
-1035.89	-2684.72	0
-536.852	-2926.24	0
1860.37	-1663.07	0
394.037	-2130.46	0
116.764	-2414.47	0
163.367	-2880.32	0
1047.63	-2430.37	0
-2208.06	-3035.22	0
-1363.21	-2427.8	0
-1658.69	-2675.62	0
-512.954	-3496.16	0
-169.059	-3172.93	0
615.264	-3042.43	0
-1351.75	-2985.1	0
-101.58	-3589.28	0
-392.341	-3918.54	0
338.869	-3838.49	0
-1774.78	-3097.7	0
-1309.8	-3594.84	0
-558.512	-4372.75	0
689.392	-3514.18	0
473.804	-4306.14	0
-1025.57	-4395.43	0
1129.73	-3630.87	0
923.409	-4426.89	0
-1260.82	-4028.2	0
1491.48	-3347.8	0
1002.1	-3223.34	0
953.715	-2822.77	0
-2208.06	-4249.31	0
-1656.2	-4856.36	0
2206.81	-2750.09	0
-1483.98	-4430.11	0
1802.13	-2623.78	0
1432.83	-2496.07	0
1885.81	-3067.11	0
-1745.99	-3863.59	0
CELLS 9515	38060
3 314	1441	315	
3 1435	1441	4973	
3 1462	869	1461	
3 4845	1375	4815	
3 1380	1391	1400	
3 29	28	1460	
3 104	103	1466	
3 1347	4771	1359	
3 1476	1475	338	
3 4587	4537	1306	
3 4514	4625	1280	
3 258	257	1477	
3 1347	1359	1341	
3 1669	1674	1476	
3 4381	4468	1260	
3 104	1467	105	
3 1971	1975	684	
3 4176	4191	4208	
3 1815	1816	687	
3 1098	4313	4232	
3 1039	3721	3763	
3 1962	1478	347	
3 4280	4262	1213	
3 1491	383	1485	
3 1787	437	1796	
3 1555	764	1553	
3 1621	1622	37	
3 1818	1821	687	
3 670	1825	1829	
3 1902	1864	1901	
3 1561	713	1556	
3 1533	1530	1531	
3 921	1601	1600	
3 1557	671	1549	
3 1465	1541	1537	
3 257	256	1480	
3 2282	2289	688	
3 1599	765	1602	
3 2409	466	2406	
3 1530	1533	324	
3 3721	1039	3617	
3 2277	2266	2270	
3 1578	1573	362	
3 1744	1751	1740	
3 2518	2513	2515	
3 3675	3674	25	
3 2453	2458	2461	
3 1585	3578	870	
3 3669	3657	3578	
3 2325	2328	329	
3 3781	3850	3780	
3 2334	2333	675	
3 3849	3933	3762	
3 2338	2343	675	
3 1482	468	1483	
3 1468	330	1469	
3 2211	86	2210	
3 1529	1528	364	
3 1529	31	30	
3 2238	2209	387	
3 30	1528	1529	
3 1498	385	1493	
3 219	1604	220	
3 32	1564	1563	
3 200	1612	201	
3 1584	1582	34	
3 442	1619	1618	
3 1631	403	1628	
3 323	1563	1558	
3 2799	493	2789	
3 1564	1568	1559	
3 2594	2596	2593	
3 869	1585	1546	
3 379	2339	2344	
3 1621	36	1619	
3 361	1550	1558	
3 1711	1716	1672	
3 1624	37	1622	
3 709	1671	1670	
3 39	38	1623	
3 360	1623	1624	
3 185	1626	186	
3 1662	1664	668	
3 40	1727	41	
3 1731	497	1732	
3 1792	1807	46	
3 437	1784	1783	
3 1747	407	1742	
3 42	41	1729	
3 1656	336	1649	
3 1729	41	1727	
3 337	1662	1656	
3 2851	163	2850	
3 1807	47	46	
3 1144	289	1124	
3 48	47	1849	
3 1849	356	2187	
3 415	3006	3008	
3 1811	47	1807	
3 2940	2945	2947	
3 3038	3039	584	
3 2159	1853	2158	
3 3033	343	3034	
3 1884	1891	520	
3 53	2141	2140	
3 259	1852	260	
3 1854	1853	440	
3 262	1870	263	
3 52	1853	1854	
3 269	1871	270	
3 1784	1792	45	
3 2862	2870	502	
3 1852	344	343	
3 1876	59	1875	
3 253	252	1872	
3 59	58	1875	
3 60	59	1876	
3 422	3097	3099	
3 1881	520	1882	
3 1906	512	1907	
3 1949	518	1950	
3 1879	60	1876	
3 2146	2147	2150	
3 63	1963	1955	
3 64	1959	1968	
3 2140	439	3277	
3 1973	65	1968	
3 1964	425	1960	
3 61	1960	1951	
3 237	236	1986	
3 81	2032	82	
3 2082	352	2081	
3 73	2074	74	
3 2081	352	2137	
3 433	350	2074	
3 1478	1479	3390	
3 66	2081	67	
3 528	2099	2098	
3 352	2111	2106	
3 2084	2083	435	
3 1794	1797	443	
3 72	2125	73	
3 2196	2126	430	
3 1808	443	1793	
3 527	2129	2128	
3 2136	2135	436	
3 2083	2085	435	
3 2134	2136	68	
3 65	1973	2082	
3 2103	596	2096	
3 54	53	2140	
3 669	344	319	
3 2077	2074	2075	
3 190	2142	191	
3 2141	52	1854	
3 74	2077	2078	
3 49	2143	50	
3 77	76	2162	
3 2078	432	2167	
3 2039	428	2037	
3 2186	2185	441	
3 2192	524	2193	
3 1577	1588	442	
3 2315	2319	470	
3 2032	2033	2035	
3 357	1591	322	
3 80	2193	2200	
3 1582	1581	34	
3 2032	2205	2206	
3 321	1842	2153	
3 357	1588	1591	
3 2210	3371	3373	
3 1829	1835	670	
3 2220	2228	555	
3 2211	2215	87	
3 39	1623	1625	
3 86	85	2210	
3 1728	39	1625	
3 1545	324	1536	
3 2217	555	2218	
3 36	1617	1619	
3 2239	2249	2236	
3 386	1518	1522	
3 323	1562	1572	
3 91	2218	2225	
3 1551	1550	361	
3 2240	88	2241	
3 1559	1529	1551	
3 2035	2038	82	
3 1784	45	1782	
3 364	1528	1460	
3 1509	1513	331	
3 2257	535	2258	
3 386	1515	1518	
3 1518	1515	1514	
3 2273	447	2268	
3 2313	470	1522	
3 1534	1531	1532	
3 2490	461	3346	
3 1505	385	1498	
3 158	2322	159	
3 102	1497	1488	
3 1751	338	1745	
3 369	2385	2397	
3 1467	104	1466	
3 2646	2651	2653	
3 1492	1496	1466	
3 848	2541	2549	
3 365	2271	2277	
3 2324	2323	382	
3 370	2392	2386	
3 2345	2351	2355	
3 108	2351	2350	
3 2382	2381	458	
3 107	106	2324	
3 2387	2382	2385	
3 119	118	2403	
3 2373	2371	110	
3 129	2486	130	
3 2463	2460	2462	
3 2461	2449	2453	
3 371	2516	2518	
3 2503	464	2463	
3 2521	2520	2524	
3 328	2350	2344	
3 2505	546	2506	
3 106	2323	2324	
3 150	2527	151	
3 93	2249	2247	
3 1579	363	1574	
3 374	2543	2535	
3 2453	2457	114	
3 2371	2370	110	
3 2414	2425	467	
3 2418	2419	2425	
3 2366	2376	464	
3 2418	2425	2414	
3 2530	2529	463	
3 2515	2520	2518	
3 2519	2522	123	
3 2426	2430	2431	
3 122	2514	2519	
3 2539	123	2522	
3 2440	2445	674	
3 2517	2511	121	
3 2378	375	2376	
3 466	2403	2404	
3 375	2378	327	
3 2345	2324	2340	
3 463	2529	2533	
3 2326	2328	2325	
3 372	2486	462	
3 2558	549	2542	
3 2460	2463	375	
3 2531	2533	2529	
3 2334	329	2330	
3 2368	381	2363	
3 2669	537	2663	
3 1474	2327	2326	
3 130	2489	2490	
3 2288	2293	366	
3 101	1484	1482	
3 2487	2489	2486	
3 1474	105	1467	
3 128	2558	2559	
3 328	2349	2361	
3 374	2531	2537	
3 2440	377	2444	
3 1513	1515	331	
3 448	2295	2298	
3 1506	678	1507	
3 138	2268	2259	
3 2281	447	2273	
3 1500	1489	384	
3 2295	2294	2298	
3 1487	1491	1485	
3 2247	2248	93	
3 140	2272	2263	
3 2225	2236	92	
3 2390	142	2286	
3 2389	370	2383	
3 3253	3266	708	
3 2267	2278	141	
3 2034	2037	429	
3 2286	142	2278	
3 2314	553	2315	
3 2577	745	2578	
3 2384	2381	2383	
3 475	1998	1997	
3 2387	2388	146	
3 2561	2560	457	
3 222	2562	223	
3 368	2527	455	
3 227	2563	228	
3 2572	2571	483	
3 149	2588	150	
3 215	214	2589	
3 2527	3326	2613	
3 2613	3316	3314	
3 3165	488	3174	
3 541	2720	2711	
3 2615	564	2616	
3 544	2635	2634	
3 1605	1606	391	
3 2384	2383	370	
3 477	3243	3232	
3 2661	537	2302	
3 1483	102	1481	
3 2450	2449	327	
3 2534	2530	2532	
3 4663	4728	1352	
3 1802	1809	321	
3 3316	2613	454	
3 2684	2683	453	
3 206	2700	207	
3 2322	2724	2726	
3 2707	541	2708	
3 2765	395	2763	
3 203	2758	204	
3 157	2708	2716	
3 2761	2760	491	
3 2322	451	2779	
3 160	159	2779	
3 2782	570	2783	
3 499	2899	2905	
3 2769	2766	396	
3 2850	3378	3380	
3 3358	3360	488	
3 572	1679	1687	
3 163	162	2850	
3 1687	2846	572	
3 2852	164	2853	
3 164	2852	165	
3 2823	2822	2831	
3 576	2870	2862	
3 2792	2796	1614	
3 2831	399	2823	
3 2856	2855	502	
3 1680	2848	496	
3 1770	1774	408	
3 2930	2929	170	
3 1662	668	1657	
3 169	2856	2930	
3 1636	1642	1648	
3 2859	2858	576	
3 2832	2840	679	
3 1762	1765	339	
3 2798	494	2793	
3 1627	1628	403	
3 2897	499	1774	
3 336	1643	1649	
3 1767	1766	1770	
3 1741	1745	1475	
3 1637	1643	681	
3 1770	408	1767	
3 1632	1648	187	
3 1736	1740	1734	
3 1476	181	1475	
3 179	1730	1732	
3 1918	1922	345	
3 1674	1669	182	
3 1758	682	1759	
3 1737	179	1746	
3 339	1765	1767	
3 1747	1757	407	
3 178	1733	1731	
3 2898	574	2899	
3 404	1637	1626	
3 451	689	450	
3 2957	2142	2956	
3 1629	1626	1627	
3 2855	2856	169	
3 1660	184	1655	
3 171	170	2929	
3 278	277	2931	
3 2951	2950	496	
3 2959	2958	506	
3 2791	492	2785	
3 2841	2142	2842	
3 2945	2940	411	
3 2955	189	2951	
3 2996	412	2989	
3 186	1629	1632	
3 2961	577	2962	
3 1669	1673	182	
3 1749	1738	406	
3 2142	2841	191	
3 189	2949	2951	
3 2995	2990	413	
3 2813	398	2809	
3 3284	3286	3287	
3 2815	2814	2818	
3 2798	2805	494	
3 266	265	2983	
3 2815	2818	495	
3 2986	2985	508	
3 3288	3282	3285	
3 2788	198	2797	
3 3003	3002	510	
3 2628	2623	2625	
3 2768	1612	1615	
3 3023	511	3024	
3 200	1614	1613	
3 3011	3007	416	
3 1612	1613	1615	
3 415	3008	3012	
3 253	1874	1908	
3 2764	2760	2762	
3 3367	2702	3365	
3 2703	2700	2701	
3 2701	206	2702	
3 3075	3081	421	
3 2764	491	2760	
3 1911	1914	1909	
3 683	420	346	
3 3152	3157	566	
3 3061	586	3062	
3 207	3142	208	
3 3163	487	3161	
3 3077	516	3072	
3 3142	2700	489	
3 253	1872	1874	
3 3144	566	3145	
3 255	1905	1907	
3 3352	2567	479	
3 3028	3026	511	
3 3133	3136	241	
3 212	3145	3153	
3 1954	1958	1952	
3 565	1610	2625	
3 2589	2590	486	
3 1878	1851	1978	
3 3164	3153	487	
3 62	1951	1949	
3 1971	684	1972	
3 2621	217	2627	
3 1881	1883	1884	
3 1914	1917	1922	
3 1604	1605	1607	
3 1889	1887	56	
3 218	2624	2629	
3 1966	1956	424	
3 332	1605	2632	
3 63	1948	1950	
3 2211	87	86	
3 2573	1608	391	
3 2044	2040	2043	
3 482	3188	2562	
3 223	3188	224	
3 2033	2034	429	
3 480	389	2563	
3 2171	2173	706	
3 77	2172	2175	
3 227	226	3190	
3 2093	732	2094	
3 2566	2563	2564	
3 2567	228	2566	
3 2193	80	2191	
3 559	3231	3236	
3 2172	2162	2170	
3 3192	562	3193	
3 2038	2044	83	
3 1607	1608	220	
3 2126	2066	2207	
3 4829	306	4824	
3 1992	476	1989	
3 4953	4948	1398	
3 2991	2986	2989	
3 2164	2166	2163	
3 230	3221	231	
3 2105	527	2133	
3 559	3224	3223	
3 477	3240	3242	
3 70	2084	2130	
3 2129	2131	2125	
3 3070	3074	3081	
3 70	2083	2084	
3 474	3131	3134	
3 3385	3387	3280	
3 320	2111	352	
3 1987	476	1986	
3 2090	2087	2088	
3 3224	3232	234	
3 320	3390	1479	
3 1785	529	1786	
3 3097	422	3092	
3 2190	2147	355	
3 588	3107	3273	
3 3103	517	3099	
3 1885	1875	1882	
3 3129	3131	474	
3 1790	1795	1786	
3 3276	3275	531	
3 247	3072	3063	
3 2159	532	2160	
3 3090	346	1873	
3 3067	249	3076	
3 2147	2149	533	
3 3085	516	3077	
3 2157	50	2156	
3 3103	3099	3098	
3 1860	354	1859	
3 239	3280	240	
3 436	2138	2136	
3 362	1581	1579	
3 3090	251	3082	
3 1791	1796	437	
3 420	1872	1873	
3 1477	345	1926	
3 1785	1786	1783	
3 1918	1480	1915	
3 1577	362	1573	
3 1816	1818	687	
3 1026	1095	287	
3 2262	2266	2260	
3 1852	3281	344	
3 1870	3030	3031	
3 2293	2295	366	
3 1477	344	3281	
3 139	2259	2257	
3 1912	255	1919	
3 1727	40	1728	
3 2282	688	2283	
3 3024	3029	261	
3 2660	2662	2663	
3 3031	3010	1870	
3 3005	3004	416	
3 2667	2665	133	
3 3296	3288	509	
3 2275	2264	446	
3 2853	163	2851	
3 3302	414	3299	
3 3379	160	2780	
3 269	268	3282	
3 2971	2974	2969	
3 689	451	367	
3 3284	509	3285	
3 2687	707	2685	
3 3004	3005	3002	
3 2711	2720	452	
3 3022	3024	261	
3 140	2256	2258	
3 250	3071	3082	
3 2186	2188	2143	
3 154	2686	2689	
3 2988	2987	413	
3 738	2399	2398	
3 411	2932	2959	
3 2992	273	2991	
3 2708	157	2706	
3 2987	2988	2985	
3 2686	2683	2684	
3 3315	3314	543	
3 276	2958	2959	
3 2639	455	2637	
3 505	2931	2932	
3 2978	282	2975	
3 2285	2284	2303	
3 2971	2976	2974	
3 147	2561	2636	
3 3333	3332	579	
3 3320	3322	3321	
3 690	457	369	
3 2970	2975	281	
3 2384	2386	458	
3 871	283	340	
3 284	283	871	
3 2380	2382	145	
3 282	2978	283	
3 147	2560	2561	
3 2510	2513	2508	
3 340	2980	2982	
3 2298	2302	448	
3 872	1001	285	
3 1001	286	285	
3 2487	2488	461	
3 2944	2946	578	
3 373	2532	2548	
3 871	3572	284	
3 119	2405	2507	
3 2967	280	2973	
3 2635	2637	2588	
3 2558	3342	549	
3 287	1095	288	
3 2533	2535	463	
3 1124	288	1095	
3 1027	1125	1026	
3 2528	2530	126	
3 1125	1027	1101	
3 2538	2542	549	
3 2366	380	2362	
3 655	3456	2946	
3 121	2504	2506	
3 4209	4245	1193	
3 1226	4316	4330	
3 2407	2409	2406	
3 1191	291	1169	
3 2432	740	2427	
3 1095	1145	1124	
3 380	2370	2368	
3 2427	2426	377	
3 4459	4460	4454	
3 1486	1482	1484	
3 4615	1329	4618	
3 4668	4671	300	
3 1495	1491	552	
3 4578	4581	298	
3 2420	692	2410	
3 1743	1750	573	
3 4763	4781	304	
3 2318	2319	2315	
3 4851	307	4840	
3 4894	4898	4897	
3 693	387	742	
3 4822	4823	1378	
3 2248	2250	2253	
3 1351	4718	4722	
3 678	1506	1510	
3 1235	4352	4349	
3 119	2403	2405	
3 1026	286	1001	
3 3345	3344	548	
3 2994	1871	3302	
3 160	2779	2780	
3 2315	2312	2314	
3 2075	2076	432	
3 693	472	387	
3 3142	489	3357	
3 472	2250	2248	
3 2217	2219	2220	
3 2226	2223	89	
3 3249	388	3241	
3 3134	558	474	
3 3268	618	3267	
3 3386	237	1988	
3 1990	1992	1989	
3 237	1986	1988	
3 3234	3237	560	
3 3221	478	3263	
3 3204	619	3200	
3 3224	234	3222	
3 2564	2565	479	
3 3351	3350	561	
3 224	3189	3194	
3 3197	480	3195	
3 2576	390	2574	
3 3193	3195	3190	
3 695	482	390	
3 224	3188	3189	
3 2573	2575	483	
3 2572	2574	2562	
3 215	2591	2617	
3 2620	2623	2618	
3 3162	3170	393	
3 217	2614	2616	
3 2593	2595	2592	
3 215	2589	2591	
3 3144	3146	3147	
3 3154	3150	210	
3 2770	395	2765	
3 3143	3145	212	
3 489	3361	3359	
3 3356	3355	567	
3 3364	568	3365	
3 3367	568	3368	
3 2765	491	2766	
3 2761	2763	2758	
3 197	2784	2782	
3 2787	2791	2785	
3 748	2824	2828	
3 198	2781	2783	
3 2806	697	2807	
3 2800	2789	493	
3 2822	495	2818	
3 2815	2819	698	
3 402	1642	1636	
3 402	1641	1680	
3 1735	1731	1733	
3 1740	405	1734	
3 682	1758	1763	
3 420	683	419	
3 172	2903	2901	
3 2902	2905	2899	
3 2881	2885	409	
3 2899	2896	2898	
3 699	501	409	
3 2903	501	500	
3 2858	2860	2861	
3 2854	2867	165	
3 278	2933	2963	
3 2966	2969	2964	
3 412	2996	2998	
3 280	2960	2962	
3 2938	2935	2936	
3 278	2931	2933	
3 3335	3334	507	
3 3340	3336	3338	
3 3339	656	3338	
3 2958	3333	3336	
3 2988	2990	508	
3 2984	2986	272	
3 3286	581	3287	
3 3291	3295	3287	
3 3005	3007	510	
3 3003	3006	2983	
3 3025	3023	1852	
3 511	3025	3027	
3 1906	1908	1910	
3 1914	418	1909	
3 1934	728	1935	
3 2974	410	2972	
3 248	3063	3061	
3 3066	3070	3064	
3 3086	3093	701	
3 249	3060	3062	
3 3086	701	3087	
3 3079	3068	515	
3 3132	3138	3136	
3 3104	517	3109	
3 1953	1949	1951	
3 589	519	1478	
3 1796	353	1787	
3 1501	552	1494	
3 1883	590	1884	
3 1888	1891	1884	
3 2067	2214	2060	
3 2216	2218	91	
3 2244	702	2243	
3 2242	2226	2240	
3 3370	592	3371	
3 3373	592	3375	
3 2194	593	2195	
3 2199	2203	2195	
3 2126	639	594	
3 2194	2195	2192	
3 2167	2168	526	
3 2165	2162	2163	
3 2132	527	2128	
3 2097	434	2092	
3 384	1489	1499	
3 2165	526	2169	
3 1789	529	1785	
3 1790	1794	1798	
3 1570	1566	1569	
3 1893	1897	637	
3 439	1860	1903	
3 3276	3278	1889	
3 51	2157	2158	
3 2145	2160	2144	
3 424	1956	1965	
3 1898	598	1902	
3 4250	4227	1195	
3 1979	884	1977	
3 2261	2257	2259	
3 2266	445	2260	
3 2677	642	2671	
3 689	2730	2732	
3 2662	601	2663	
3 2666	2669	2663	
3 3382	540	3380	
3 2862	2855	2859	
3 703	539	449	
3 165	2852	2854	
3 3377	603	3378	
3 3380	603	3382	
3 2709	604	2710	
3 2714	2719	2710	
3 2715	2720	541	
3 2709	2710	2707	
3 2693	543	3318	
3 3315	3317	2683	
3 2638	544	2634	
3 2641	2639	2640	
3 406	1738	1748	
3 453	3319	2690	
3 2505	2507	2509	
3 2513	459	2508	
3 692	2420	2427	
3 2495	2498	2500	
3 461	2488	2681	
3 3345	3347	2667	
3 127	2534	2536	
3 549	2536	2538	
3 446	2264	2274	
3 2500	2680	609	
3 2339	379	2340	
3 2440	674	2432	
3 468	1490	1487	
3 1487	1494	552	
3 2251	553	2317	
3 2321	2320	1519	
3 471	472	693	
3 2101	2103	2096	
3 2219	613	2220	
3 2224	2228	2220	
3 558	2016	2023	
3 517	3103	3107	
3 3129	474	3128	
3 3132	557	3130	
3 3384	615	3385	
3 2016	615	3389	
3 3225	616	3226	
3 3230	3235	3226	
3 2025	3240	3239	
3 3225	3226	3223	
3 561	3269	3268	
3 3353	3221	3351	
3 3196	562	3192	
3 3199	3197	3198	
3 484	2628	2626	
3 1609	1610	3396	
3 2615	2617	2619	
3 2623	484	2618	
3 651	3159	3175	
3 1921	585	1916	
3 3146	621	3147	
3 3151	3156	3147	
3 3357	3359	567	
3 3356	3358	3154	
3 3366	3364	2758	
3 2776	395	2772	
3 1616	1615	397	
3 2595	486	2592	
3 2786	2782	2784	
3 2795	2791	625	
3 1641	1678	572	
3 1616	3398	2771	
3 402	1631	1635	
3 679	2833	2832	
3 497	1739	1736	
3 1753	1712	1754	
3 2901	574	2898	
3 2911	2908	1771	
3 607	2641	2642	
3 500	501	699	
3 2860	628	2861	
3 2865	2869	2861	
3 2961	2963	2965	
3 2969	503	2964	
3 3459	2995	2997	
3 3459	3520	2999	
3 3334	3335	3332	
3 507	412	3000	
3 3296	414	3288	
3 700	2935	2938	
3 581	3286	3290	
3 3296	509	3292	
3 710	3037	3035	
3 580	3459	2999	
3 3031	417	3032	
3 3027	3033	584	
3 343	344	669	
3 1939	319	1930	
3 1911	1913	1916	
3 1911	1916	585	
3 3065	3061	3063	
3 3070	514	3064	
3 619	3199	3200	
3 3078	515	3068	
3 556	3135	3132	
3 3104	3109	635	
3 518	1957	1954	
3 1954	1961	589	
3 1887	590	1883	
3 637	591	1850	
3 693	742	890	
3 1845	830	3558	
3 428	2043	2040	
3 428	2042	2054	
3 593	2194	2198	
3 2202	2177	639	
3 1967	589	1961	
3 2091	733	2092	
3 2105	2110	433	
3 2118	528	2111	
3 2087	2089	2086	
3 636	3421	1982	
3 1790	529	1794	
3 1800	1803	705	
3 1855	440	1856	
3 1828	845	1834	
3 923	1847	1834	
3 1858	2152	2161	
3 535	2265	2262	
3 2262	2269	600	
3 2665	601	2662	
3 2675	2672	2299	
3 547	608	2467	
3 815	2481	783	
3 3381	603	3377	
3 450	2735	2737	
3 604	2709	2713	
3 2718	2692	644	
3 600	2269	2276	
3 2399	2401	690	
3 455	2639	2650	
3 545	2386	2310	
3 690	456	457	
3 641	3433	2305	
3 546	2512	2510	
3 2424	645	2467	
3 462	2542	2493	
3 2470	2472	2469	
3 2482	645	2485	
3 925	2491	2496	
3 2255	554	612	
3 1763	1769	682	
3 2252	553	2251	
3 2254	2255	2252	
3 2223	613	2219	
3 647	614	2208	
3 428	2039	2042	
3 2212	2214	427	
3 3388	615	3384	
3 2004	475	2001	
3 3229	616	3225	
3 3230	3234	3238	
3 565	620	2607	
3 2578	2580	695	
3 480	3197	3211	
3 2573	391	2575	
3 695	481	482	
3 650	2605	2611	
3 2622	2619	485	
3 2604	650	2607	
3 3150	621	3146	
3 3161	3160	2608	
3 2801	625	2794	
3 1707	840	1710	
3 2703	490	2704	
3 3479	3599	1706	
3 2847	652	2845	
3 3362	2705	926	
3 570	2790	2787	
3 2787	2794	625	
3 2913	627	2907	
3 3118	3119	825	
3 2902	2904	2907	
3 2902	2907	627	
3 628	2860	2864	
3 2870	576	2866	
3 2732	736	2735	
3 449	2740	2886	
3 577	2968	2966	
3 2941	655	2944	
3 2934	2935	2937	
3 3305	582	3304	
3 3294	3015	3300	
3 3015	415	3012	
3 3080	634	3073	
3 578	630	2944	
3 586	3069	3066	
3 3066	3073	634	
3 557	3129	3130	
3 635	3116	3113	
3 597	1798	1804	
3 1510	1517	678	
3 1888	1890	1893	
3 1893	637	1888	
3 685	2034	2036	
3 2243	521	2242	
3 2171	2174	525	
3 2170	2171	525	
3 363	1575	1574	
3 1819	1822	795	
3 2289	2297	688	
3 778	2742	2733	
3 2666	2668	2671	
3 2666	2671	642	
3 2728	367	2725	
3 538	539	703	
3 2685	2688	542	
3 2684	2685	542	
3 2415	741	2408	
3 2417	2423	783	
3 2053	638	2052	
3 2047	2048	2046	
3 2224	2227	2230	
3 2224	2230	647	
3 1991	1993	1990	
3 3124	704	3121	
3 3230	616	3234	
3 3244	3253	708	
3 2598	2596	2597	
3 1929	1933	881	
3 3151	3155	3159	
3 3151	3159	651	
3 749	2816	2820	
3 2845	789	1710	
3 699	2885	2887	
3 2692	2698	644	
3 2865	2868	2872	
3 2865	2872	654	
3 667	2947	2948	
3 289	1144	290	
3 579	3335	3339	
3 667	2940	2947	
3 3011	3013	3016	
3 3294	3300	632	
3 2565	618	3269	
3 475	1997	2001	
3 762	1587	1590	
3 2145	2148	599	
3 3418	591	1904	
3 2177	2182	639	
3 2412	691	2417	
3 2550	2554	2553	
3 3445	602	2682	
3 654	2872	2878	
3 595	2080	3424	
3 2230	2234	647	
3 749	2821	2817	
3 3238	3254	649	
3 624	2775	2705	
3 747	3171	3172	
3 3322	3324	606	
3 643	2736	2738	
3 631	3337	3000	
3 2948	631	3457	
3 1650	681	1643	
3 725	1650	1657	
3 1926	319	1477	
3 711	1928	1932	
3 1841	1591	712	
3 756	1806	1814	
3 1460	1461	1463	
3 4185	1192	4200	
3 1572	1562	1566	
3 672	1570	1571	
3 1545	1544	671	
3 324	1533	1536	
3 2445	2450	674	
3 2422	2421	782	
3 2353	2361	2349	
3 381	2364	2363	
3 2367	2362	380	
3 676	2359	2360	
3 317	1468	1470	
3 907	2341	1473	
3 722	1517	1516	
3 1501	1504	1508	
3 2843	334	2844	
3 2826	2825	788	
3 1637	681	1633	
3 1663	1665	771	
3 1671	1668	1665	
3 726	1630	1633	
3 727	1769	1768	
3 1756	626	1755	
3 1934	1941	728	
3 1921	1924	1927	
3 348	1877	1878	
3 1967	1970	1974	
3 2036	2066	731	
3 2047	909	806	
3 2090	686	2087	
3 2089	434	2086	
3 734	1821	1825	
3 1836	777	1830	
3 735	2297	2296	
3 2276	2280	2287	
3 367	2723	2725	
3 737	2727	2741	
3 2398	2399	369	
3 2645	2643	456	
3 2410	2414	2420	
3 2413	2412	465	
3 2450	2454	2459	
3 2408	2410	2415	
3 387	2237	2238	
3 2255	612	2252	
3 3249	2025	3250	
3 744	2015	1996	
3 2577	2578	390	
3 3203	3201	481	
3 2608	3171	3170	
3 2600	485	2601	
3 2813	2815	398	
3 2801	2804	2808	
3 1693	1695	723	
3 749	2817	2816	
3 2876	2881	409	
3 699	2890	2912	
3 2938	2942	700	
3 2934	2937	504	
3 3101	3100	751	
3 3080	3084	3091	
3 2060	638	2053	
3 702	2072	2233	
3 2740	2739	643	
3 538	2877	2874	
3 474	558	2023	
3 2013	2003	743	
3 1814	1815	756	
3 1800	1804	1798	
3 2169	757	2173	
3 639	2199	2202	
3 2690	758	2687	
3 644	2714	2718	
3 3266	3267	759	
3 3244	3254	3238	
3 572	1678	1679	
3 2819	2824	698	
3 1939	669	319	
3 3016	3013	905	
3 1932	1945	711	
3 710	3034	3036	
3 762	1571	1570	
3 762	798	714	
3 1534	673	1531	
3 3933	4071	1041	
3 713	1557	1556	
3 1576	534	1577	
3 3395	1024	3557	
3 1549	671	1544	
3 3617	982	3557	
3 756	1815	1817	
3 2359	2353	2358	
3 766	802	719	
3 329	2328	2330	
3 766	2360	2359	
3 2329	720	2330	
3 2365	551	2366	
3 1470	1472	317	
3 2331	769	2332	
3 2329	2332	720	
3 2333	2338	675	
3 722	1526	1525	
3 611	1512	1523	
3 402	1635	1641	
3 1640	1647	724	
3 1630	680	1628	
3 1640	680	1634	
3 1644	1651	773	
3 1634	680	1630	
3 1645	1644	773	
3 1658	1663	771	
3 727	1778	1777	
3 1723	1726	879	
3 728	1936	1935	
3 3096	3108	658	
3 729	1984	1983	
3 1866	3413	3414	
3 774	2041	2045	
3 638	2042	2052	
3 2041	2049	730	
3 2070	2067	752	
3 974	3425	2114	
3 2089	2092	434	
3 2099	2102	2104	
3 2176	706	2173	
3 777	1826	1830	
3 1806	705	1814	
3 735	2308	2307	
3 2498	3438	3440	
3 778	2730	2729	
3 2735	736	2736	
3 2731	736	2730	
3 2886	903	2883	
3 2402	738	2400	
3 456	2643	2641	
3 738	2398	2400	
3 2691	707	2687	
3 781	2435	2434	
3 2408	2411	2407	
3 812	2437	2433	
3 2411	691	2407	
3 742	3432	3505	
3 3431	663	3559	
3 1993	694	1990	
3 899	3096	3101	
3 3113	751	3106	
3 3121	793	3119	
3 2584	2583	785	
3 481	3201	3199	
3 745	2577	2579	
3 664	3257	3258	
3 747	2609	2599	
3 3186	665	3179	
3 2828	2833	748	
3 697	2806	2810	
3 819	2837	2834	
3 2811	2817	2821	
3 750	2882	2889	
3 2750	2884	903	
3 3109	3110	635	
3 694	2000	1997	
3 730	2039	2041	
3 594	2183	3429	
3 689	2729	2730	
3 2727	737	2725	
3 3125	704	3128	
3 793	3121	3125	
3 744	3250	3251	
3 2006	1999	2002	
3 795	1817	1819	
3 1826	828	1822	
3 2076	2080	595	
3 2095	3425	2101	
3 607	2653	2650	
3 2645	2401	2647	
3 2565	2569	618	
3 3203	2580	3205	
3 1929	633	1927	
3 2998	2999	850	
3 1930	1928	711	
3 797	3037	3042	
3 1569	1566	713	
3 534	1576	1583	
3 764	1549	1548	
3 2058	2056	2057	
3 1536	1535	715	
3 1543	715	1535	
3 764	1548	1553	
3 1580	763	1583	
3 2059	752	2060	
3 551	2365	2372	
3 2342	718	2343	
3 856	2746	2745	
3 1471	1473	721	
3 2358	2353	718	
3 769	2335	2346	
3 3435	2347	2374	
3 2738	2744	753	
3 3472	914	3270	
3 1670	1703	709	
3 1675	1668	1672	
3 726	1633	1638	
3 1658	1659	1651	
3 1659	3400	1652	
3 1639	772	1640	
3 2168	2167	432	
3 757	3500	2178	
3 1833	828	1831	
3 875	1523	1512	
3 1603	800	1554	
3 2439	2429	782	
3 712	1589	1592	
3 1832	829	1833	
3 2650	2655	368	
3 3329	3330	2694	
3 2372	2369	767	
3 1753	1755	626	
3 2526	550	2535	
3 2837	1699	1700	
3 2377	2379	2465	
3 2421	2428	782	
3 802	835	767	
3 2422	741	2415	
3 813	2436	2446	
3 2481	815	2448	
3 3444	618	2569	
3 755	2024	3126	
3 1681	1646	833	
3 3038	3035	3040	
3 2774	2769	2771	
3 3117	857	3114	
3 723	1687	1686	
3 2825	2829	788	
3 1682	1683	1685	
3 2826	749	2820	
3 724	1647	1654	
3 1707	822	1701	
3 2051	730	2049	
3 790	2051	2056	
3 2731	2734	736	
3 791	2748	2745	
3 827	2014	2009	
3 3123	843	3139	
3 2017	2023	2007	
3 2017	794	2024	
3 1994	1996	784	
3 1999	2006	743	
3 798	1594	1596	
3 845	1824	1823	
3 2607	2612	565	
3 3546	3545	3615	
3 797	3042	3045	
3 3052	3046	797	
3 801	1599	1602	
3 1817	1820	756	
3 1547	1465	1540	
3 4228	4201	4223	
3 4391	4250	1195	
3 890	742	3505	
3 1598	1595	1597	
3 802	2375	3562	
3 2337	768	2338	
3 2375	766	2348	
3 1982	519	1967	
3 896	2887	2891	
3 2305	536	2276	
3 3118	792	3116	
3 1653	805	1654	
3 1696	820	1697	
3 1801	1847	530	
3 1844	830	1843	
3 3502	3504	3430	
3 660	2180	2181	
3 1592	834	808	
3 847	2146	2150	
3 609	2488	2492	
3 1653	1681	805	
3 3552	3508	912	
3 662	2696	2697	
3 1527	3676	1523	
3 811	2379	835	
3 2441	2436	781	
3 2442	2435	2436	
3 813	2456	2447	
3 2443	815	2429	
3 3437	915	3506	
3 2538	2541	610	
3 2429	815	2422	
3 814	2475	2443	
3 623	3187	3185	
3 857	3115	3114	
3 3595	3264	3473	
3 913	3261	3264	
3 1776	3406	1726	
3 1688	1686	770	
3 1695	1693	787	
3 1697	2835	1696	
3 3402	3403	818	
3 1699	819	1697	
3 818	1692	1691	
3 2770	2772	395	
3 2838	1701	2830	
3 1702	1707	1701	
3 2048	774	2046	
3 855	2058	841	
3 2733	824	2731	
3 2733	2743	824	
3 3122	825	3119	
3 3120	3123	3139	
3 1700	1699	1698	
3 2017	2024	755	
3 2008	827	2002	
3 2002	2005	2008	
3 1837	1832	777	
3 1826	1831	828	
3 3411	1839	829	
3 1844	1827	1840	
3 1598	1601	834	
3 2146	2148	2145	
3 852	1597	3554	
3 1590	831	1594	
3 907	3392	946	
3 2447	2469	2472	
3 3483	1721	1723	
3 3788	3696	3449	
3 3394	3657	3668	
3 1904	3414	3415	
3 803	907	946	
3 997	3832	3689	
3 832	3436	3585	
3 3507	3605	888	
3 2554	2555	2553	
3 783	853	645	
3 1716	1721	1724	
3 3422	2027	844	
3 833	3478	3598	
3 1938	633	1929	
3 2773	2777	849	
3 2812	789	2845	
3 3540	910	3500	
3 1977	1981	636	
3 3533	912	3330	
3 2304	641	2292	
3 951	2020	2031	
3 816	3595	2028	
3 650	2603	2605	
3 3526	3525	3543	
3 1846	1834	845	
3 1806	640	1805	
3 798	1590	1594	
3 3493	3602	885	
3 1809	1842	321	
3 1861	1859	924	
3 2549	2551	848	
3 609	2681	2488	
3 849	2770	2773	
3 623	3362	3187	
3 3018	905	3047	
3 760	3043	3048	
3 3495	3419	882	
3 3990	1092	3984	
3 3616	852	3554	
3 836	2455	3506	
3 2525	3443	983	
3 2467	2482	547	
3 3399	3477	984	
3 2849	2801	652	
3 841	941	2073	
3 901	2072	2070	
3 2752	856	2749	
3 666	2879	2880	
3 881	1942	1938	
3 3096	899	3108	
3 3504	909	3430	
3 1862	1864	1861	
3 3634	3633	1042	
3 884	1981	1977	
3 853	2479	2484	
3 2304	2292	887	
3 3443	864	3749	
3 983	3443	860	
3 1715	1720	854	
3 2600	2602	2604	
3 998	3597	3596	
3 984	3477	862	
3 2477	837	2474	
3 2468	2473	2470	
3 1715	854	1710	
3 1702	1706	1709	
3 3658	3632	3670	
3 866	3634	2155	
3 2466	2456	2455	
3 2477	2474	2476	
3 818	1691	3402	
3 840	1702	1709	
3 3578	1585	3393	
3 1460	1463	316	
3 3830	24	3865	
3 3684	1552	3394	
3 2976	2980	2977	
3 284	872	285	
3 3572	871	2982	
3 3667	873	3651	
3 3458	667	2948	
3 340	2977	2980	
3 3012	3014	3461	
3 3310	3308	3311	
3 554	929	722	
3 1525	875	1517	
3 3751	3752	3687	
3 960	3621	3620	
3 646	2254	890	
3 929	3693	3694	
3 2926	3455	575	
3 1776	1775	1779	
3 3588	897	3453	
3 804	3405	1704	
3 2890	699	2887	
3 3717	930	898	
3 3102	728	3095	
3 1933	1935	881	
3 3108	3115	3576	
3 1940	1944	3420	
3 3139	3141	857	
3 3463	931	3112	
3 1983	884	1979	
3 886	1981	1985	
3 3858	921	3556	
3 3426	776	3686	
3 3558	846	3618	
3 808	3492	3411	
3 2307	887	2297	
3 2304	2309	3682	
3 809	2747	2753	
3 976	3758	2652	
3 3440	3441	2682	
3 2304	3682	889	
3 614	2246	3432	
3 3505	3690	890	
3 3694	877	929	
3 3692	890	3690	
3 3687	936	3431	
3 3687	891	936	
3 893	2598	2599	
3 895	2605	2610	
3 2008	2011	827	
3 786	3213	3594	
3 3181	665	3183	
3 914	3611	3473	
3 2882	750	2881	
3 2920	2891	2921	
3 3601	898	2928	
3 2915	2917	653	
3 3453	897	2893	
3 1058	2928	3454	
3 3111	899	3101	
3 3576	3115	857	
3 3539	3703	3140	
3 3629	900	3576	
3 901	2070	2065	
3 2065	2071	901	
3 2071	855	2073	
3 3751	902	3912	
3 2744	2746	753	
3 2746	2750	903	
3 3569	3570	2750	
3 3570	904	2750	
3 3053	3020	3051	
3 3014	3016	3018	
3 1931	513	1921	
3 1943	1931	633	
3 1473	469	1524	
3 611	3392	1524	
3 908	1716	1711	
3 908	1708	1713	
3 2183	594	2182	
3 2179	2176	2180	
3 3426	2115	776	
3 3425	2095	2114	
3 2699	605	2698	
3 2695	2691	2696	
3 3625	3475	810	
3 2642	2646	607	
3 3255	617	3247	
3 3472	3258	759	
3 3469	3468	3215	
3 2021	2022	844	
3 3621	3436	980	
3 1704	3480	3478	
3 3825	3860	960	
3 839	3402	3580	
3 3683	867	3831	
3 3123	3127	3140	
3 3401	917	1691	
3 796	1940	3420	
3 3487	961	3491	
3 3497	3603	3052	
3 962	2031	2030	
3 844	2018	2021	
3 3616	3648	852	
3 3436	832	3435	
3 3307	3306	657	
3 2937	2941	504	
3 3658	3582	3632	
3 3412	985	1848	
3 354	1855	1857	
3 1863	1862	924	
3 2492	2491	925	
3 2497	2494	925	
3 2704	2705	3362	
3 3451	3452	926	
3 3628	3574	3058	
3 3638	973	3589	
3 3461	3462	3307	
3 3312	874	3311	
3 554	646	929	
3 646	3692	3693	
3 2926	575	2910	
3 653	2917	2919	
3 3102	931	1936	
3 3102	3112	931	
3 1904	591	1895	
3 1864	598	1861	
3 3501	3427	933	
3 775	2102	2121	
3 2682	602	2674	
3 2492	2495	609	
3 1062	3697	3756	
3 3434	977	2306	
3 2246	614	2232	
3 2246	3431	936	
3 3176	622	3168	
3 665	3178	3179	
3 2611	3567	938	
3 3397	938	3534	
3 2888	629	2875	
3 2892	2888	666	
3 3610	1006	3703	
3 3591	883	3463	
3 2069	2068	1059	
3 2061	2063	2069	
3 2754	2755	2753	
3 2757	3518	2743	
3 3603	3645	3702	
3 3460	850	2999	
3 3047	3021	3018	
3 3462	3021	3057	
3 3537	882	1946	
3 3495	945	3419	
3 876	1523	3676	
3 946	876	3742	
3 879	1726	3406	
3 3408	3409	3410	
3 946	3825	3620	
3 1059	3745	1081	
3 915	3437	3586	
3 3517	2754	949	
3 3202	3212	3204	
3 3630	894	3577	
3 920	2010	2026	
3 2021	2020	2022	
3 3602	3678	885	
3 3493	932	3415	
3 1862	1863	1865	
3 3417	969	1869	
3 3565	916	3765	
3 3507	934	3441	
3 955	2495	2494	
3 954	964	970	
3 3643	918	3599	
3 3577	894	937	
3 3187	926	3519	
3 3466	971	3464	
3 3529	3530	3312	
3 3520	3612	3460	
3 3497	3496	959	
3 290	1169	291	
3 3540	3819	3428	
3 3478	833	3400	
3 3553	3513	3447	
3 951	3423	919	
3 3656	894	3630	
3 950	3641	3646	
3 985	3412	866	
3 3412	3583	866	
3 954	3442	3587	
3 2499	3442	954	
3 3606	1034	3524	
3 3750	1019	3685	
3 3534	979	3397	
3 1015	3840	3727	
3 892	3692	3691	
3 3489	3490	3405	
3 1010	3805	3881	
3 3575	940	3141	
3 1869	953	1865	
3 3415	932	1904	
3 3438	3439	970	
3 3441	934	2682	
3 971	3186	3464	
3 3183	3577	937	
3 667	3458	972	
3 3638	3589	972	
3 3590	1015	3638	
3 3546	993	3532	
3 3541	1061	2124	
3 886	3743	3501	
3 1479	3391	975	
3 2102	2118	2121	
3 3434	3756	3697	
3 889	3682	3748	
3 2291	2305	2306	
3 2396	2310	2395	
3 3722	3476	3624	
3 1063	3217	3722	
3 3396	979	1609	
3 563	2582	2581	
3 980	2336	2352	
3 980	2352	3561	
3 1675	771	1668	
3 981	1676	1704	
3 4252	4278	4221	
3 1603	3557	982	
3 864	2525	2482	
3 2547	2526	2546	
3 865	3399	2849	
3 2777	2774	862	
3 923	3412	1848	
3 2150	533	2154	
3 3055	3056	943	
3 3531	3532	3530	
3 3416	3560	1044	
3 3817	941	841	
3 3919	954	3587	
3 942	2752	3550	
3 956	3465	3523	
3 3709	868	3711	
3 3593	3707	1056	
3 1194	292	1191	
3 1020	3585	3706	
3 3635	3586	835	
3 1021	3598	3642	
3 1683	1705	838	
3 3474	928	3307	
3 943	3059	3057	
3 3474	3527	994	
3 3527	3528	994	
3 943	3056	3058	
3 3650	3651	873	
3 3609	3791	3537	
3 1019	3955	3969	
3 2468	3564	916	
3 867	2476	3565	
3 918	1706	3599	
3 868	1725	1718	
3 3938	1094	3896	
3 1552	3684	3395	
3 1024	3762	3721	
3 4186	1172	4167	
3 3627	3571	927	
3 286	1026	287	
3 1089	3912	3951	
3 3423	3685	990	
3 2922	2894	2927	
3 1060	3695	3755	
3 3736	3555	3666	
3 3556	3821	3858	
3 1011	1051	1071	
3 3417	3584	963	
3 3818	990	3856	
3 3653	3731	3654	
3 1059	1081	1009	
3 3676	877	3741	
3 3785	1010	3786	
3 3408	879	3406	
3 2123	2124	2121	
3 1046	1049	1047	
3 3434	779	977	
3 1012	3747	3782	
3 3772	3893	3793	
3 3602	3823	1011	
3 3832	997	3897	
3 3824	3614	988	
3 3524	965	3466	
3 998	3845	3760	
3 3790	1014	3927	
3 3645	3728	3839	
3 3735	3639	3664	
3 3638	3727	973	
3 3602	963	3823	
3 807	2115	3426	
3 1017	3688	3795	
3 3723	3475	3625	
3 3803	3623	3768	
3 817	3469	3525	
3 3656	3655	1013	
3 3574	3652	995	
3 991	3909	3706	
3 3586	3636	915	
3 3600	992	3478	
3 3401	3579	917	
3 1038	3645	3839	
3 1198	4419	4374	
3 23	4031	3961	
3 716	1547	1552	
3 3665	3648	982	
3 4334	1214	4333	
3 999	3740	3668	
3 3668	1025	3394	
3 872	3667	1001	
3 1026	1001	1027	
3 3727	3838	973	
3 1109	3766	3846	
3 3649	3622	3604	
3 3874	3824	1055	
3 3580	917	3705	
3 3487	3535	961	
3 4519	1278	4540	
3 1002	3726	3764	
3 3583	3582	1031	
3 3633	3659	3671	
3 1043	4313	3841	
3 1049	1032	1047	
3 3950	1028	3729	
3 3964	1033	3907	
3 3928	3759	1029	
3 4011	1151	4012	
3 3846	1079	1109	
3 3991	3930	3990	
3 1039	3763	1030	
3 1003	3705	3833	
3 3588	3661	3454	
3 3718	989	3607	
3 959	3496	3549	
3 3719	3812	3537	
3 1025	3668	3737	
3 4114	4127	1143	
3 3769	1040	3671	
3 1868	3494	952	
3 4356	4319	1196	
3 1032	1045	1047	
3 1044	1042	1040	
3 2161	924	1858	
3 1041	3762	3933	
3 1061	3680	2122	
3 1045	1044	1040	
3 952	1869	1868	
3 3773	3775	3771	
3 3584	3494	1045	
3 1046	3773	3851	
3 4067	3922	987	
3 3775	1045	1040	
3 1046	1048	1049	
3 3894	3821	3857	
3 3720	3516	3514	
3 1050	1049	1048	
3 1032	1049	1051	
3 1036	3910	3947	
3 3912	1007	3751	
3 1049	1050	1051	
3 1071	1051	1050	
3 1084	1086	1081	
3 967	3742	3843	
3 3797	1082	3784	
3 968	3822	3536	
3 2119	2120	2114	
3 3501	3743	1016	
3 976	2648	3563	
3 3698	1062	3757	
3 3218	3210	2584	
3 3471	3593	1056	
3 3952	3914	1007	
3 892	3753	3694	
3 3853	3880	1008	
3 880	3717	3481	
3 3744	1072	1081	
3 1059	3817	2069	
3 3515	3513	3514	
3 2743	3518	3542	
3 1061	4002	3680	
3 974	2120	2122	
3 3799	3757	3787	
3 976	3563	3698	
3 1063	3640	3592	
3 3219	3220	3218	
3 3725	3724	1064	
3 3764	1064	3870	
3 3704	1021	3642	
3 3704	3779	1065	
3 3938	3865	24	
3 3777	1025	3737	
3 3826	1067	3627	
3 3826	3925	1067	
3 2552	3566	3699	
3 3831	3886	3683	
3 3450	3449	863	
3 3710	3712	998	
3 3835	3646	989	
3 996	3531	3608	
3 1074	4038	4051	
3 1011	1071	1080	
3 4067	4115	1103	
3 1009	1081	1086	
3 3910	1036	3909	
3 3913	1007	3914	
3 1083	1071	1050	
3 1103	3922	4067	
3 3744	3922	1072	
3 1050	1048	1122	
3 3854	3806	1058	
3 3842	1037	3738	
3 1094	3980	3987	
3 3848	4035	1142	
3 1078	3777	3776	
3 3776	3848	1078	
3 3812	3809	3815	
3 4246	1179	4209	
3 4051	1071	1083	
3 1016	4038	4002	
3 3679	1059	2068	
3 1081	1072	1084	
3 3515	949	3513	
3 3754	3784	1082	
3 3733	3774	3773	
3 3834	1029	3713	
3 3950	3729	1002	
3 3919	3907	1033	
3 4253	1211	4233	
3 4082	1069	4014	
3 1086	3981	3975	
3 1009	1086	1089	
3 1090	3879	3852	
3 3785	3798	1010	
3 4328	4232	4313	
3 4032	4112	4157	
3 3966	1089	3975	
3 3966	3976	1115	
3 3757	3799	1075	
3 3887	3871	1070	
3 1091	3805	3804	
3 4146	1116	3879	
3 1194	4372	4374	
3 1155	1144	1124	
3 3766	1093	3730	
3 3923	3878	1110	
3 4031	1123	3980	
3 3781	1094	1077	
3 1067	1101	1027	
3 288	1124	289	
3 1057	3915	3917	
3 3860	3872	3937	
3 3808	1053	3789	
3 1097	3535	3536	
3 1041	4071	1043	
3 1050	1122	4253	
3 3764	3870	1099	
3 1087	3797	1085	
3 3868	3779	3958	
3 3610	3818	3934	
3 1093	3766	3847	
3 3647	3820	3924	
3 4077	1019	3969	
3 1076	3662	3828	
3 4051	1083	4113	
3 1072	1103	1140	
3 3782	4003	1012	
3 4005	4004	1141	
3 1013	3655	3908	
3 4159	4084	4111	
3 1184	4232	4328	
3 3960	3972	1127	
3 3989	1107	3983	
3 3860	3937	1096	
3 4146	4147	4043	
3 1097	3536	3906	
3 3887	3811	3855	
3 3967	1092	3924	
3 3877	4010	3878	
3 4010	4042	3954	
3 3953	3936	1052	
3 3947	1096	3948	
3 3810	1053	3808	
3 1128	3957	3945	
3 1084	1072	1140	
3 1085	3796	4005	
3 3963	1128	3944	
3 3963	4075	1128	
3 1115	3952	3966	
3 3915	1057	3913	
3 1091	3804	3879	
3 3813	3854	1108	
3 4467	4484	4360	
3 4041	4110	1079	
3 3841	1118	3736	
3 3935	3857	3841	
3 3903	3893	3883	
3 3619	3829	3670	
3 4030	4048	1113	
3 3939	1104	3888	
3 4156	4044	4076	
3 3767	3801	3719	
3 4155	1048	4069	
3 4074	4073	1158	
3 4114	1143	4063	
3 1143	4127	4141	
3 1125	1095	1026	
3 1125	1145	1095	
3 1169	1160	4361	
3 1169	290	1144	
3 1076	3828	3862	
3 4045	4044	4158	
3 1111	3971	3960	
3 3937	3960	1127	
3 3822	3859	1112	
3 3944	1128	3906	
3 4059	4060	1167	
3 4193	4209	1179	
3 3902	3900	3901	
3 4069	1046	3851	
3 1088	3981	3988	
3 1107	3989	3999	
3 4029	1135	4030	
3 3972	4030	1127	
3 1142	1154	1106	
3 4056	4153	4048	
3 3941	1130	3903	
3 3941	4021	1134	
3 4037	4046	4054	
3 3963	4072	1136	
3 1120	4025	4102	
3 4012	4335	1138	
3 1012	4068	3794	
3 4006	1075	3799	
3 1138	3802	4012	
3 4008	4039	3862	
3 4110	4041	1117	
3 4017	4083	3920	
3 4115	4128	1103	
3 3988	1084	4148	
3 4033	3974	4086	
3 1090	3852	4007	
3 4035	3987	4065	
3 4049	1123	4031	
3 4243	1187	4220	
3 3987	1077	1094	
3 1145	1155	1124	
3 1155	4287	4325	
3 1101	4164	4237	
3 3925	1101	1067	
3 3998	4036	1146	
3 4073	4016	4043	
3 3962	1104	3939	
3 3993	4001	3986	
3 3996	3982	3994	
3 4163	4183	1171	
3 4147	1147	4043	
3 1181	4154	4120	
3 4006	1137	4079	
3 4116	4079	1137	
3 4008	3862	1138	
3 4011	4081	1151	
3 1149	4156	4179	
3 4052	4059	4040	
3 4131	4163	4132	
3 4078	4292	1210	
3 1296	4520	4537	
3 4021	4151	1134	
3 1125	4237	4238	
3 1145	4238	4267	
3 1156	4050	4064	
3 4029	4047	1135	
3 1133	3904	4070	
3 1133	3905	3904	
3 1158	4129	4118	
3 4072	4074	1136	
3 4265	4294	4295	
3 4234	1147	4147	
3 4282	4287	4267	
3 1194	4374	293	
3 1117	4135	4140	
3 4435	294	4420	
3 4260	4256	4257	
3 4044	4156	1149	
3 1163	4056	4055	
3 1163	4231	4181	
3 4219	1178	4197	
3 1117	4041	4061	
3 1165	4119	4118	
3 1165	4118	4160	
3 4233	1166	4113	
3 4254	1166	4233	
3 1139	3959	4028	
3 3969	3979	4001	
3 4320	1214	4290	
3 4035	4336	1142	
3 4325	1169	1144	
3 4361	1160	4324	
3 1029	3759	3715	
3 4189	4081	4174	
3 1120	3964	3946	
3 1150	4124	4139	
3 1168	4166	4141	
3 1168	4165	4184	
3 4335	4189	1170	
3 4061	1179	4135	
3 4180	1205	4158	
3 1170	4244	4272	
3 4161	4121	4181	
3 4078	1159	4293	
3 1233	4229	4272	
3 4369	4344	4360	
3 4105	4218	1175	
3 1180	4178	4193	
3 4088	4091	4095	
3 4105	1175	4103	
3 1176	4120	4230	
3 4393	4350	4365	
3 4178	4154	1181	
3 4192	1183	4178	
3 1173	4083	4120	
3 4340	4192	1176	
3 4203	1174	4173	
3 4448	295	4461	
3 4178	1180	4154	
3 4245	1190	1193	
3 4250	1172	4186	
3 1157	4168	4240	
3 4257	4258	4260	
3 1174	4203	4204	
3 4217	4216	4225	
3 1164	4129	4162	
3 4331	18	4355	
3 4065	4144	4167	
3 4266	1219	4330	
3 4134	1101	3925	
3 4144	4166	1189	
3 1189	4222	4186	
3 4376	4310	1177	
3 4491	4502	297	
3 1194	1191	1188	
3 292	291	1191	
3 19	4320	4271	
3 1234	4355	4366	
3 1190	1197	4273	
3 4273	1199	4246	
3 4369	4372	1188	
3 293	292	1194	
3 1241	4396	4406	
3 4319	4418	4342	
3 1255	4431	4411	
3 4375	4356	4334	
3 4312	4359	4340	
3 1276	4495	4524	
3 1240	1244	4384	
3 4324	1160	4322	
3 4164	1101	4134	
3 3954	4042	1129	
3 4026	4112	4032	
3 4102	4025	4100	
3 1185	4235	4161	
3 1200	4086	4089	
3 4235	1202	4161	
3 4124	4133	4107	
3 4088	4095	4098	
3 4137	4314	1216	
3 1100	3958	4045	
3 1121	4013	4169	
3 1206	4297	4195	
3 4170	1204	4172	
3 4249	4213	4226	
3 4187	4203	4173	
3 4180	4196	1205	
3 4202	4305	4306	
3 4145	4042	4140	
3 1197	1227	1199	
3 4328	4363	1184	
3 4326	4345	4399	
3 4198	1153	4183	
3 4265	4295	1221	
3 1212	1122	4151	
3 1122	1212	1211	
3 1213	4258	4259	
3 4239	4168	1140	
3 1228	4285	4337	
3 4270	4269	1225	
3 4333	1214	4331	
3 1214	4334	4223	
3 4283	1229	4288	
3 4395	1182	4368	
3 4098	4122	4130	
3 1251	1216	1215	
3 1215	4379	4421	
3 4275	4341	1261	
3 1207	4299	4300	
3 4368	4340	4359	
3 1208	4152	1226	
3 1208	1226	1219	
3 4315	4242	1220	
3 4266	1161	4236	
3 4383	4295	4327	
3 4194	4215	4212	
3 4240	1222	4263	
3 4168	1157	4148	
3 1223	4261	4264	
3 4058	4036	1225	
3 4248	4380	4381	
3 1224	4262	4291	
3 4240	4268	1157	
3 4262	4264	4261	
3 1208	4034	4152	
3 1226	4315	4316	
3 4348	1227	4364	
3 4329	4347	1235	
3 4470	1283	4530	
3 1162	4326	4231	
3 4281	4286	1229	
3 1225	4269	4283	
3 4351	4329	4349	
3 4389	1232	4330	
3 1216	4377	4219	
3 1236	4364	4392	
3 4384	1244	4323	
3 4287	1155	4267	
3 4272	4317	1233	
3 1176	4230	4312	
3 4366	4373	1234	
3 1241	4406	4411	
3 4348	1235	4347	
3 4459	4480	4490	
3 4426	4392	1190	
3 1336	4708	4671	
3 1190	4395	4426	
3 4496	4501	4500	
3 1243	4358	4390	
3 4393	1236	4469	
3 1215	4235	4379	
3 4217	1186	4215	
3 1267	4464	4449	
3 4438	295	4437	
3 4444	4457	1255	
3 4432	4375	4412	
3 4371	4397	4408	
3 1279	4531	4515	
3 4309	1217	4357	
3 1256	4358	4339	
3 1160	4287	4322	
3 1244	4360	4344	
3 4352	1230	4349	
3 4388	1245	4354	
3 1269	4538	4521	
3 4321	4413	1231	
3 1240	4384	4403	
3 4484	4493	4419	
3 4321	1231	4286	
3 4473	1239	1251	
3 4277	1209	4208	
3 4399	4386	1249	
3 1260	4422	4382	
3 4442	1261	4428	
3 4421	4439	1215	
3 4516	4473	1253	
3 4533	4560	1295	
3 4449	4455	4442	
3 1249	4386	4423	
3 4405	1243	4390	
3 1341	1343	1345	
3 4412	4431	1265	
3 4474	1266	4457	
3 4523	1275	4497	
3 4398	4378	4225	
3 4357	4367	4371	
3 4465	4427	4462	
3 4509	1238	4405	
3 4427	1257	4367	
3 4531	1242	4515	
3 4393	1237	4350	
3 4579	4598	4596	
3 4391	1195	4433	
3 1254	4432	4479	
3 4216	4276	1261	
3 4401	4341	1221	
3 4516	1239	4473	
3 4532	4449	4516	
3 4496	4493	1273	
3 4460	4481	296	
3 4414	4338	1228	
3 4517	1253	4473	
3 4452	4445	1270	
3 4497	4525	4466	
3 4597	1286	4585	
3 4486	1290	4487	
3 4533	1295	4517	
3 4456	4477	4443	
3 1263	4447	4453	
3 4491	297	4481	
3 1391	1380	4803	
3 1264	4413	4511	
3 14	4523	4485	
3 4431	4452	1265	
3 1301	4591	4558	
3 4607	4611	1288	
3 4449	4532	1267	
3 4604	4612	1325	
3 4409	1240	4403	
3 4595	4483	1259	
3 4479	4488	1254	
3 1274	4530	4513	
3 4647	1310	4637	
3 1270	4463	4466	
3 4495	4490	4524	
3 4581	1288	4632	
3 4478	4487	4458	
3 1272	4476	4518	
3 13	4597	4583	
3 4526	4585	1294	
3 4510	4529	4559	
3 1258	4408	4407	
3 1246	4415	4513	
3 4434	4446	1250	
3 4482	4566	4592	
3 4546	4549	4536	
3 4536	1272	4518	
3 4577	1259	4443	
3 4422	4514	1280	
3 4695	4468	4696	
3 4521	1283	4488	
3 1283	4539	4530	
3 4590	1349	4587	
3 4573	4576	4569	
3 4638	1286	4637	
3 4486	4519	1290	
3 4503	4499	4506	
3 4443	4593	4577	
3 4503	4506	1271	
3 299	4632	4634	
3 4642	4650	4446	
3 4553	4552	1297	
3 4526	4588	4540	
3 4487	4520	1269	
3 4528	4509	4510	
3 4531	4543	4544	
3 4542	4550	4541	
3 4543	4528	4541	
3 1284	4539	4661	
3 4661	4681	1284	
3 4647	4635	12	
3 4648	4652	4656	
3 4472	1252	4440	
3 4566	4534	4561	
3 4716	4772	1345	
3 1309	4694	4699	
3 1300	4546	4545	
3 301	4708	4710	
3 4559	4562	4542	
3 4557	4554	1297	
3 4465	4626	4529	
3 4568	4565	4560	
3 4544	1291	4531	
3 1302	4548	4547	
3 1301	4554	4557	
3 1272	4555	4558	
3 4551	4556	1302	
3 1300	4545	4548	
3 4552	4627	4628	
3 1328	1329	1331	
3 4569	4562	4567	
3 1323	4610	4609	
3 4593	4602	1316	
3 4429	4450	1259	
3 4648	4637	1310	
3 4588	1306	4540	
3 4511	4512	1264	
3 4570	4565	4568	
3 4651	1314	4653	
3 4682	4663	1308	
3 1347	1341	1345	
3 4571	4572	4570	
3 4693	1335	4655	
3 1343	4658	4656	
3 4582	1311	4507	
3 4620	4623	1319	
3 4603	4607	4596	
3 1319	4639	4607	
3 4506	4507	4508	
3 4598	1313	4596	
3 4625	4641	1314	
3 4651	4645	4650	
3 1296	4664	4684	
3 1315	4712	4657	
3 1305	4591	4601	
3 4702	4582	1316	
3 4676	11	4693	
3 4587	1306	4590	
3 4608	1326	4612	
3 4600	1313	4586	
3 1325	4620	4603	
3 4649	4623	1338	
3 4680	1315	4661	
3 1304	4576	4575	
3 1317	4648	4656	
3 4725	4777	1374	
3 1322	4601	4606	
3 1322	4702	1316	
3 4557	4563	1303	
3 4743	4744	4727	
3 4606	4610	1322	
3 1327	4688	4672	
3 4621	4624	4622	
3 1325	4605	4604	
3 4614	1326	4608	
3 1325	4612	4618	
3 4730	4746	1355	
3 1336	4700	4701	
3 4615	4617	1329	
3 1331	4691	1328	
3 1331	4617	1330	
3 1329	4619	4618	
3 1330	4640	4673	
3 4690	4691	1331	
3 4640	1330	4624	
3 4730	4732	4729	
3 4673	4690	1330	
3 4793	4781	4782	
3 1339	4640	4672	
3 4776	4794	1373	
3 4630	4574	4646	
3 4574	1334	4646	
3 4714	4716	1335	
3 1335	4716	1345	
3 4700	1354	4718	
3 1336	4669	4687	
3 1352	4674	4663	
3 4713	1339	4689	
3 1338	4717	4698	
3 4687	4649	1338	
3 4621	4666	1327	
3 4706	4675	4692	
3 4788	4777	1350	
3 4643	4711	1337	
3 4803	4753	1365	
3 1365	7	1372	
3 4688	4705	1342	
3 4672	4689	1339	
3 1343	4652	4655	
3 4655	1335	4678	
3 1337	4644	4643	
3 4808	4810	305	
3 4693	4714	1335	
3 4736	9	4748	
3 4754	4736	4749	
3 7	6	1372	
3 1379	1372	6	
3 4684	4683	1321	
3 4572	4665	4592	
3 4626	4662	4567	
3 4694	1309	4659	
3 1296	4587	4664	
3 1350	4679	1359	
3 4795	1361	4788	
3 302	4729	4732	
3 4762	4732	1355	
3 4654	4653	4660	
3 4713	4733	1344	
3 4768	4741	4751	
3 4733	4747	1344	
3 1336	4687	4700	
3 4757	4758	1355	
3 4698	4721	1354	
3 4691	4743	1332	
3 4724	4740	4722	
3 4764	303	4762	
3 4790	4759	1370	
3 4812	1384	4799	
3 7	1365	8	
3 1358	4753	4749	
3 4754	1346	4736	
3 4725	1321	4683	
3 1391	1396	1400	
3 4631	4667	1340	
3 1361	4795	4811	
3 1337	4759	4692	
3 4740	1356	4722	
3 4757	1366	4773	
3 4745	4739	1332	
3 1367	4752	4755	
3 1358	8	1365	
3 4772	4769	1347	
3 6	5	1379	
3 4749	4753	1364	
3 1355	4746	4757	
3 1362	4773	4776	
3 1367	4750	4756	
3 304	4781	4793	
3 4778	4742	1344	
3 4863	4871	4877	
3 1369	4719	4760	
3 4751	1383	4767	
3 1374	4777	4789	
3 4711	4780	1370	
3 4792	1371	4782	
3 1371	4800	4802	
3 5	4	1390	
3 4836	4803	1380	
3 4776	4787	4794	
3 4792	4800	1371	
3 4796	1381	4797	
3 4785	4797	1387	
3 4771	1347	4769	
3 4865	1394	4805	
3 4779	4790	1370	
3 4821	4747	4798	
3 1381	4865	4805	
3 4813	4833	1395	
3 1384	4822	4800	
3 4829	1389	4840	
3 4	3	1405	
3 4816	4811	4819	
3 1379	1391	1372	
3 5	1390	1379	
3 4804	4831	4842	
3 1376	4775	4786	
3 4784	4804	1382	
3 4780	4791	1370	
3 4660	4720	4723	
3 4774	4737	4785	
3 4806	4813	4832	
3 4851	1404	4859	
3 4827	1381	4820	
3 4821	4830	1388	
3 1386	4791	4807	
3 1386	4807	4814	
3 4767	1383	4775	
3 4738	4765	4686	
3 1386	4814	4835	
3 4823	4837	4825	
3 1388	4778	4821	
3 4839	4837	4838	
3 1410	1405	3	
3 1405	1410	1403	
3 1390	1396	1379	
3 1379	1396	1391	
3 1407	4844	4843	
3 4817	4853	1402	
3 4832	4853	4817	
3 1393	4854	4838	
3 1375	4880	4867	
3 4873	4856	4866	
3 1388	4830	4841	
3 4852	1397	4828	
3 4	1405	1390	
3 4922	4926	1421	
3 4834	4844	1392	
3 1446	4967	4972	
3 4818	1384	4812	
3 308	4859	4871	
3 4874	4883	4910	
3 1403	1396	1390	
3 1392	4814	4834	
3 4855	4861	4841	
3 1396	1403	4892	
3 4852	4860	1397	
3 1426	1410	1419	
3 4881	4888	1418	
3 4839	1389	4837	
3 4846	4849	1404	
3 1410	3	2	
3 1403	1390	1405	
3 4827	4867	1406	
3 1416	4909	1420	
3 4881	1406	4867	
3 4901	4914	4916	
3 4869	4870	1409	
3 4879	309	4877	
3 1409	4876	4877	
3 1	1419	2	
3 1438	4926	4929	
3 1407	1413	1420	
3 1417	4864	4872	
3 1400	4892	4887	
3 4848	4862	4843	
3 4856	4873	1413	
3 4907	1420	4903	
3 4869	4858	4849	
3 4886	4891	4898	
3 4931	4940	4944	
3 1419	1410	2	
3 1420	4909	1407	
3 1439	4924	4928	
3 4905	1428	4904	
3 4887	1412	4880	
3 4900	1420	1413	
3 1429	1	0	
3 1421	4892	4922	
3 4873	4882	1413	
3 1443	4918	4925	
3 1410	1426	4922	
3 4935	4941	1437	
3 4838	4868	1399	
3 4857	4875	4884	
3 4942	4937	1437	
3 1427	4897	4902	
3 1429	1424	1431	
3 4928	4931	4945	
3 1431	1419	1	
3 1426	1431	1432	
3 4885	1414	4876	
3 1414	4891	4886	
3 4905	4908	1423	
3 4889	4904	4890	
3 1429	1431	1	
3 4916	4914	1439	
3 1432	1431	1424	
3 1426	1419	1431	
3 1415	4932	4933	
3 4936	1437	4937	
3 4910	4913	1433	
3 1408	1430	4916	
3 1439	4914	4924	
3 4949	1408	1434	
3 4939	1444	4920	
3 4970	4973	1441	
3 4975	4972	1442	
3 4896	4915	4888	
3 1438	4929	4930	
3 1438	4937	4925	
3 4912	4913	4911	
3 4901	4916	1430	
3 1444	4921	4920	
3 4912	4917	4921	
3 1448	4943	4947	
3 314	4966	4970	
3 314	315	1442	
3 4903	1420	4900	
3 1425	4927	4939	
3 1447	4931	4944	
3 1446	4974	4971	
3 4951	4964	1451	
3 1456	1458	313	
3 1434	4928	4945	
3 4954	4944	1444	
3 4944	4957	1447	
3 4923	4927	4906	
3 1452	4962	4965	
3 4942	1437	4946	
3 4961	4952	1451	
3 4955	4956	1450	
3 4974	4978	4971	
3 4952	4951	1451	
3 4983	4973	4976	
3 1448	4947	4952	
3 1452	4965	4967	
3 1450	4956	4963	
3 1457	1456	1453	
3 4984	1398	4948	
3 4984	4986	4982	
3 4961	4966	4965	
3 1459	1458	1456	
3 1446	4975	1459	
3 1459	1457	4974	
3 1459	1456	1457	
3 1436	1458	1459	
3 1461	1460	28	
3 1460	316	1532	
3 1462	27	1585	
3 1461	869	1463	
3 869	1546	1540	
3 1461	28	1462	
3 716	765	1539	
3 1546	1464	1540	
3 870	3394	1586	
3 1538	1537	316	
3 1538	1540	1465	
3 100	1493	1484	
3 1467	1466	330	
3 330	1468	1467	
3 1468	1474	1467	
3 1502	1491	1495	
3 1474	1468	317	
3 721	1472	1471	
3 1468	1469	1470	
3 1471	1470	1469	
3 1470	1471	1472	
3 1469	469	1471	
3 907	803	2341	
3 1472	2335	2331	
3 2327	1472	677	
3 1471	469	1473	
3 469	1501	1524	
3 1474	317	2327	
3 1474	382	2323	
3 181	180	1475	
3 177	1742	1733	
3 1761	1476	338	
3 318	1664	1666	
3 1477	257	1480	
3 344	1477	319	
3 423	1952	1958	
3 1478	519	1479	
3 3391	1479	519	
3 2113	1479	975	
3 1920	1916	1913	
3 1477	1480	345	
3 1484	101	100	
3 1481	1482	1483	
3 1481	101	1482	
3 468	1485	1483	
3 383	1492	1497	
3 100	1498	1493	
3 1482	1486	468	
3 1487	1485	468	
3 1497	1492	1488	
3 1489	1486	1484	
3 1494	1487	1490	
3 1490	468	1486	
3 1487	552	1491	
3 1492	103	1488	
3 102	1483	1497	
3 1484	1493	1489	
3 1489	1493	1499	
3 1489	1490	1486	
3 1500	1490	1489	
3 1495	552	469	
3 1502	1469	330	
3 1496	1492	383	
3 1466	103	1492	
3 1493	385	1499	
3 1500	1494	1490	
3 1503	1504	1500	
3 469	1469	1495	
3 1502	330	1496	
3 383	1491	1502	
3 1466	1496	330	
3 1483	1485	1497	
3 383	1497	1485	
3 100	99	1498	
3 1505	1498	99	
3 1506	1499	385	
3 1499	1506	1507	
3 1503	1500	384	
3 1504	1494	1500	
3 1501	611	1524	
3 469	552	1501	
3 1502	1496	383	
3 1495	1469	1502	
3 1499	1507	384	
3 1503	1507	1511	
3 1508	1504	1503	
3 1501	1494	1504	
3 1514	99	98	
3 385	1509	1506	
3 1509	385	1505	
3 1506	1509	1510	
3 1511	1507	678	
3 1503	384	1507	
3 1503	1511	1512	
3 1501	1508	611	
3 1513	1509	1505	
3 1510	1509	331	
3 1516	1510	331	
3 1510	1516	1517	
3 1517	1511	678	
3 1511	875	1512	
3 611	1508	1512	
3 1512	1508	1503	
3 1514	1513	1505	
3 1513	1514	1515	
3 99	1514	1505	
3 1514	98	1518	
3 386	1519	1515	
3 1521	722	1516	
3 1515	1520	331	
3 331	1520	1516	
3 1525	1517	722	
3 1511	1517	875	
3 98	97	1518	
3 1522	1518	97	
3 2321	470	2319	
3 1520	1521	1516	
3 1515	1519	1520	
3 1521	1520	1519	
3 1519	554	1521	
3 722	1521	554	
3 2313	97	2311	
3 2321	1522	470	
3 875	1525	1527	
3 946	3392	876	
3 3392	611	1523	
3 907	1473	1524	
3 1526	722	929	
3 1525	1526	1527	
3 929	877	1526	
3 1526	877	1527	
3 1527	877	3676	
3 1523	875	1527	
3 30	29	1528	
3 1460	1528	29	
3 364	1530	1529	
3 324	1545	1551	
3 1531	1530	364	
3 1551	1530	324	
3 1532	1531	364	
3 1531	673	1533	
3 1460	1532	364	
3 1532	316	1534	
3 1535	1533	673	
3 1533	1535	1536	
3 316	1537	1534	
3 1534	1537	1541	
3 673	1541	1542	
3 1535	1542	1543	
3 1544	1536	715	
3 1536	1544	1545	
3 1538	316	1463	
3 1541	1465	1539	
3 1540	1538	1463	
3 1465	1537	1538	
3 716	1539	1465	
3 1542	1535	673	
3 869	1540	1463	
3 1540	1464	1547	
3 1542	1541	1539	
3 673	1534	1541	
3 1539	765	1542	
3 1543	1542	765	
3 765	799	1543	
3 1548	1543	799	
3 1548	1544	715	
3 1544	1548	1549	
3 1550	1545	671	
3 1545	1550	1551	
3 869	1462	1585	
3 1546	1585	1586	
3 1552	1547	1464	
3 716	1465	1547	
3 1543	1548	715	
3 1553	1548	799	
3 1556	1549	764	
3 1549	1556	1557	
3 1567	671	1557	
3 1550	1567	1558	
3 1559	1551	361	
3 1530	1551	1529	
3 1464	1546	1586	
3 1000	1024	3395	
3 1554	1553	799	
3 1553	1554	1555	
3 799	1599	1554	
3 1554	1599	1603	
3 1554	800	1555	
3 831	1587	1565	
3 1555	1560	764	
3 764	1560	1556	
3 713	1562	1557	
3 1562	1567	1557	
3 1575	323	1572	
3 1568	31	1559	
3 1559	361	1564	
3 1529	1559	31	
3 1565	1560	1555	
3 1565	1587	1561	
3 1556	1560	1561	
3 1561	1560	1565	
3 1566	1562	713	
3 1567	1562	323	
3 1584	1563	363	
3 32	1563	33	
3 361	1558	1564	
3 1563	1564	1558	
3 1555	800	1565	
3 800	831	1565	
3 713	1561	1569	
3 1566	672	1572	
3 1558	1567	323	
3 1567	1550	671	
3 1561	762	1569	
3 1564	32	1568	
3 1566	1570	672	
3 1569	762	1570	
3 1571	762	714	
3 1573	1571	714	
3 672	1578	1574	
3 1574	1572	672	
3 323	1575	1563	
3 1576	1573	714	
3 1573	1576	1577	
3 1578	672	1571	
3 1574	1578	1579	
3 1574	1575	1572	
3 363	1563	1575	
3 1580	1576	714	
3 1576	1580	1583	
3 1588	1577	534	
3 1581	1577	442	
3 1573	1578	1571	
3 1579	1578	362	
3 1577	1581	362	
3 1584	34	33	
3 714	798	1580	
3 798	763	1580	
3 442	1618	1581	
3 34	1581	35	
3 363	1579	1582	
3 1581	1582	1579	
3 763	1589	1583	
3 1583	1589	1591	
3 1563	1584	33	
3 363	1582	1584	
3 3393	26	3578	
3 1586	1585	870	
3 3657	870	3578	
3 1552	1464	1586	
3 1590	1587	831	
3 762	1561	1587	
3 1588	534	1591	
3 1588	357	1620	
3 1592	1589	763	
3 1589	712	1591	
3 831	1593	1594	
3 762	1590	798	
3 1591	534	1583	
3 1841	712	1836	
3 1592	763	1596	
3 829	1832	1838	
3 3554	1593	831	
3 1593	1597	1595	
3 1593	1595	1594	
3 1594	1595	1596	
3 3554	1597	1593	
3 1596	1595	834	
3 1592	1596	834	
3 763	798	1596	
3 1597	3555	1600	
3 1595	1598	834	
3 1600	1598	1597	
3 1598	1600	1601	
3 765	1599	799	
3 1599	801	1603	
3 3555	1597	852	
3 3556	1600	3555	
3 3492	846	3411	
3 808	834	1601	
3 765	716	1602	
3 3395	716	1552	
3 3557	1603	801	
3 800	3616	3554	
3 219	2629	2631	
3 1604	2632	1605	
3 1605	332	1606	
3 1607	1605	391	
3 332	1609	1606	
3 1609	1611	2582	
3 1608	1607	391	
3 1604	1607	220	
3 1608	2573	2571	
3 220	1608	221	
3 1610	1609	332	
3 1609	979	1611	
3 2628	2630	392	
3 1610	565	3396	
3 3534	1611	979	
3 2579	2581	2585	
3 1613	1612	200	
3 1612	2768	2767	
3 1614	200	199	
3 1615	1613	397	
3 196	2793	2784	
3 397	1613	1614	
3 2802	2791	2795	
3 1615	333	2768	
3 3398	1616	571	
3 333	1615	1616	
3 35	1581	1618	
3 1617	1618	1619	
3 1617	35	1618	
3 442	1620	1619	
3 1619	1620	1621	
3 1588	1620	442	
3 1620	357	1621	
3 1622	1621	357	
3 37	36	1621	
3 357	322	1622	
3 1835	1624	322	
3 1624	1623	38	
3 1625	1623	360	
3 37	1624	38	
3 322	1624	1622	
3 1829	1625	360	
3 1818	1728	359	
3 1626	185	1660	
3 1627	1626	335	
3 1628	1627	335	
3 1629	1627	403	
3 1630	1628	335	
3 1628	680	1631	
3 1632	1629	403	
3 1626	1629	186	
3 1633	1630	335	
3 1630	726	1634	
3 1635	1631	680	
3 1636	1631	402	
3 1636	403	1631	
3 186	1632	187	
3 1637	1633	335	
3 1633	681	1638	
3 1639	1634	726	
3 1634	1639	1640	
3 1640	1635	680	
3 1641	1635	724	
3 1680	1642	402	
3 1632	403	1636	
3 1626	1637	335	
3 1637	404	1643	
3 1644	1638	681	
3 1638	1644	1645	
3 1638	1645	726	
3 1652	1645	773	
3 1647	1640	772	
3 1635	1640	724	
3 1678	1641	724	
3 1680	496	1642	
3 496	2950	1642	
3 2954	1648	2952	
3 1649	1643	404	
3 1650	1643	336	
3 1650	1644	681	
3 1651	1644	725	
3 1652	1646	1639	
3 1639	726	1645	
3 772	1639	1646	
3 1652	1639	1645	
3 1653	1647	772	
3 1647	1653	1654	
3 1636	1648	1632	
3 1642	2950	2952	
3 404	1655	1649	
3 1661	1655	184	
3 1657	1650	336	
3 1644	1650	725	
3 725	1657	1663	
3 1651	725	1658	
3 1652	773	1659	
3 833	1646	1652	
3 772	1646	1653	
3 1681	1653	1646	
3 805	1682	1654	
3 1682	1684	1654	
3 1660	1655	404	
3 1661	1656	1649	
3 1661	1649	1655	
3 1656	1661	1673	
3 1662	1657	336	
3 1663	1657	668	
3 1675	1676	1677	
3 1677	771	1675	
3 1659	981	3400	
3 773	1651	1659	
3 1626	1660	404	
3 184	1660	185	
3 184	183	1661	
3 1673	1661	183	
3 1656	1662	336	
3 1664	1662	337	
3 1663	668	1665	
3 1658	725	1663	
3 1666	1664	337	
3 1667	1664	318	
3 1667	668	1664	
3 1665	1667	1671	
3 1669	1666	337	
3 1476	318	1666	
3 1667	318	1670	
3 1665	668	1667	
3 1672	1668	709	
3 771	1665	1668	
3 1673	1669	337	
3 1676	1672	804	
3 1751	1761	338	
3 1670	1760	1703	
3 1670	1671	1667	
3 709	1668	1671	
3 1711	1708	908	
3 1676	1675	1672	
3 1656	1673	337	
3 182	1673	183	
3 181	1476	1674	
3 1669	1476	1666	
3 1658	771	1677	
3 1704	1676	804	
3 1677	981	1659	
3 981	1677	1676	
3 1659	1658	1677	
3 1684	724	1654	
3 1678	1684	1679	
3 1686	1679	770	
3 1679	1686	1687	
3 1641	572	1680	
3 572	2846	2848	
3 833	3598	1705	
3 1681	1705	1683	
3 1683	1682	805	
3 1684	1682	770	
3 1681	1683	805	
3 1682	1685	770	
3 1679	1684	770	
3 1684	1678	724	
3 838	1689	1683	
3 1685	1689	1688	
3 1688	770	1685	
3 1686	1688	1690	
3 2844	723	1695	
3 2844	334	2846	
3 1685	1683	1689	
3 1686	1690	723	
3 1691	1689	838	
3 1689	1691	1692	
3 1689	1692	1688	
3 1690	1692	1694	
3 3401	1691	838	
3 3402	1691	917	
3 1694	1692	818	
3 1690	1688	1692	
3 723	1690	1693	
3 1693	1690	1694	
3 818	820	1694	
3 1694	820	1696	
3 1695	787	2836	
3 2843	679	2840	
3 787	1693	1696	
3 1694	1696	1693	
3 820	1698	1699	
3 1697	819	2835	
3 820	3403	1698	
3 1698	3403	3479	
3 820	1699	1697	
3 1698	821	1700	
3 1701	1700	821	
3 2837	788	2829	
3 1702	1701	821	
3 2830	822	2826	
3 1706	1702	821	
3 1702	840	1707	
3 1708	1703	498	
3 1703	1708	1711	
3 804	1716	1724	
3 1704	3405	3480	
3 833	1705	1681	
3 1021	3579	3401	
3 1698	3479	821	
3 1714	1709	1706	
3 840	1715	1710	
3 789	822	1707	
3 498	1712	1708	
3 1708	1712	1713	
3 1714	1706	918	
3 1714	1719	1709	
3 1710	854	2845	
3 789	1707	1710	
3 1672	709	1711	
3 1703	1711	709	
3 1744	573	1754	
3 1713	1712	626	
3 1726	1713	626	
3 908	1723	1721	
3 1718	1714	918	
3 1715	840	1719	
3 840	1709	1719	
3 1715	1719	1722	
3 1721	1716	908	
3 804	1672	1716	
3 1743	1736	1739	
3 1717	1749	1752	
3 3713	918	3643	
3 3709	3711	3677	
3 1722	1719	1725	
3 1714	1725	1719	
3 3708	3596	1720	
3 2847	1720	865	
3 908	1713	1723	
3 1721	947	1724	
3 868	1720	1722	
3 1720	1715	1722	
3 1726	1723	1713	
3 1723	879	3483	
3 3485	3489	947	
3 804	1724	3405	
3 1718	1725	1714	
3 868	1722	1725	
3 1775	626	1756	
3 878	1779	1775	
3 40	39	1728	
3 1729	1727	444	
3 359	1728	1625	
3 444	1727	1728	
3 1816	1729	444	
3 1803	1812	358	
3 1733	178	177	
3 1730	1731	1732	
3 1730	178	1731	
3 497	1734	1732	
3 405	1741	1746	
3 177	1747	1742	
3 1731	1735	497	
3 1736	1734	497	
3 1746	1741	1737	
3 1738	1735	1733	
3 1736	1743	573	
3 1739	497	1735	
3 1736	573	1740	
3 1741	180	1737	
3 179	1732	1746	
3 1733	1742	1738	
3 1738	1742	1748	
3 1738	1739	1735	
3 1739	1749	1743	
3 573	1750	1754	
3 1740	573	1744	
3 1745	1741	405	
3 1475	180	1741	
3 1742	407	1748	
3 1739	1738	1749	
3 1750	1743	1717	
3 1744	1760	1751	
3 405	1751	1745	
3 405	1740	1751	
3 1475	1745	338	
3 1732	1734	1746	
3 405	1746	1734	
3 177	176	1747	
3 1757	1747	176	
3 1758	1748	407	
3 1748	1758	1759	
3 1752	1749	406	
3 1717	1743	1749	
3 1753	1750	1717	
3 1754	1712	498	
3 1760	1744	498	
3 1751	1760	1761	
3 1748	1759	406	
3 1764	878	1756	
3 1755	1753	1717	
3 626	1712	1753	
3 1754	1750	1753	
3 498	1744	1754	
3 1717	1752	1755	
3 1756	878	1775	
3 1755	1752	1756	
3 1752	1759	1764	
3 1766	176	175	
3 407	1762	1758	
3 1762	407	1757	
3 1758	1762	1763	
3 1764	1759	682	
3 1752	406	1759	
3 1703	1760	498	
3 1761	1760	1670	
3 1670	318	1761	
3 1476	1761	318	
3 1765	1762	1757	
3 1763	1762	339	
3 1768	1763	339	
3 1763	1768	1769	
3 1764	682	1769	
3 1752	1764	1756	
3 1766	1765	1757	
3 1765	1766	1767	
3 176	1766	1757	
3 1766	175	1770	
3 408	1771	1767	
3 1773	727	1768	
3 1767	1772	339	
3 339	1772	1768	
3 1777	1769	727	
3 1764	1769	878	
3 175	174	1770	
3 1774	1770	174	
3 2911	499	2905	
3 1772	1773	1768	
3 1767	1771	1772	
3 1773	1772	1771	
3 1771	575	1773	
3 1773	575	3455	
3 2897	174	2895	
3 2911	1774	499	
3 1769	1777	878	
3 626	1775	1726	
3 1780	1781	1776	
3 1726	1775	1776	
3 3455	1778	727	
3 878	1777	1779	
3 930	880	1778	
3 1780	1776	1779	
3 1777	1778	1779	
3 1780	880	1781	
3 1779	1778	1780	
3 1778	880	1780	
3 1781	3481	3407	
3 3408	3406	1781	
3 1785	1783	44	
3 1782	1783	1784	
3 1782	44	1783	
3 437	1787	1784	
3 1784	1787	1792	
3 43	1789	1788	
3 1785	1788	1789	
3 1790	1786	529	
3 437	1783	1786	
3 1795	437	1786	
3 1787	353	1792	
3 1793	1789	43	
3 1785	44	1788	
3 1789	1793	1797	
3 1797	529	1789	
3 597	1791	1795	
3 597	530	1791	
3 1799	1796	1791	
3 1807	1792	353	
3 46	45	1792	
3 43	42	1793	
3 1808	1793	42	
3 1794	1803	1800	
3 1790	1798	597	
3 597	1795	1790	
3 1791	437	1795	
3 1799	1791	530	
3 1796	1799	1802	
3 443	1797	1793	
3 1794	529	1797	
3 1794	1800	1798	
3 1805	1801	1804	
3 1813	1799	530	
3 1796	1802	353	
3 1803	1794	443	
3 1804	1801	597	
3 1847	1801	640	
3 530	597	1801	
3 1809	1802	1799	
3 353	1810	1807	
3 1812	1803	443	
3 358	1815	1814	
3 1800	705	1804	
3 1801	1805	640	
3 1804	705	1805	
3 1806	1805	705	
3 1824	756	1820	
3 1828	1806	1824	
3 1810	353	1802	
3 1810	1811	1807	
3 42	1729	1808	
3 1812	1729	358	
3 1813	1809	1799	
3 533	2149	2153	
3 1802	321	1810	
3 1811	1810	321	
3 321	356	1811	
3 1811	356	1849	
3 443	1808	1812	
3 1729	1812	1808	
3 1813	530	1847	
3 1809	1813	985	
3 705	1803	1814	
3 358	1814	1803	
3 1816	1815	358	
3 1817	1815	687	
3 1729	1816	358	
3 1818	1816	444	
3 1819	1817	687	
3 1820	1817	795	
3 1728	1818	444	
3 1821	1818	359	
3 1821	1819	687	
3 1822	1819	734	
3 1823	1820	795	
3 756	1824	1806	
3 1825	1821	359	
3 1819	1821	734	
3 1826	1822	734	
3 1827	1822	828	
3 1827	795	1822	
3 1843	1823	1844	
3 1823	1824	1820	
3 1828	1824	845	
3 1829	1825	359	
3 1830	1825	670	
3 1830	734	1825	
3 1831	1826	777	
3 828	1833	1840	
3 1823	795	1827	
3 1846	845	1843	
3 640	1806	1828	
3 1625	1829	359	
3 1835	1829	360	
3 1830	670	1836	
3 1826	734	1830	
3 1832	1831	777	
3 1831	1832	1833	
3 777	1836	1837	
3 1838	808	829	
3 1839	1833	829	
3 1840	1827	828	
3 1834	858	3632	
3 640	1828	1834	
3 1624	1835	360	
3 1841	1835	322	
3 1841	670	1835	
3 1837	1836	712	
3 712	1592	1837	
3 1838	1592	808	
3 1832	1837	1838	
3 1592	1838	1837	
3 3411	829	808	
3 3558	1839	846	
3 1833	1839	1840	
3 830	1840	1839	
3 1591	1841	322	
3 1836	670	1841	
3 1809	985	1842	
3 2154	985	866	
3 1843	830	1845	
3 845	1823	1843	
3 1827	1844	1823	
3 830	1844	1840	
3 830	1839	3558	
3 858	1834	1845	
3 1843	1845	1846	
3 1845	1834	1846	
3 1834	1847	640	
3 1847	923	1848	
3 985	1813	1848	
3 1847	1848	1813	
3 1811	1849	47	
3 1849	2187	2185	
3 1850	591	1851	
3 1885	1850	426	
3 3418	1851	591	
3 348	1978	1975	
3 1852	259	3281	
3 3023	3025	511	
3 52	51	1853	
3 2158	1853	51	
3 440	1855	1854	
3 354	439	2141	
3 2160	440	2159	
3 354	1854	1855	
3 1859	354	1857	
3 1855	1856	1857	
3 1858	1857	1856	
3 1857	1858	1859	
3 1856	599	1858	
3 599	2148	2152	
3 1858	924	1859	
3 1859	1861	1860	
3 1903	1860	598	
3 439	354	1860	
3 1862	1861	924	
3 598	1860	1861	
3 2161	1863	924	
3 1862	953	1864	
3 1863	3416	1868	
3 1862	1865	953	
3 953	1866	1864	
3 1898	1867	1896	
3 1868	1865	1863	
3 1865	1868	1869	
3 3413	1866	953	
3 1897	1893	1894	
3 1900	1901	1866	
3 1900	659	1899	
3 3416	1863	859	
3 1868	3416	3494	
3 3417	1869	952	
3 3413	1869	969	
3 262	3029	3030	
3 1870	3010	3009	
3 1871	269	3282	
3 1871	2994	2993	
3 1873	1872	252	
3 1874	1872	420	
3 251	1873	252	
3 346	420	1873	
3 420	419	1874	
3 512	1906	1910	
3 58	1880	1882	
3 1876	1875	426	
3 426	1877	1876	
3 1877	1879	1876	
3 1877	426	1878	
3 1879	1877	348	
3 426	1850	1878	
3 1850	1851	1878	
3 1971	1879	348	
3 1879	425	1964	
3 1883	1881	57	
3 1880	1881	1882	
3 1880	57	1881	
3 1885	1882	520	
3 1875	58	1882	
3 56	1887	1886	
3 1883	1886	1887	
3 1888	1884	590	
3 520	1881	1884	
3 1850	1885	520	
3 1875	1885	426	
3 1889	56	55	
3 1883	57	1886	
3 1892	1890	590	
3 1890	1888	590	
3 1888	637	1891	
3 55	3274	3276	
3 438	1890	1892	
3 590	1887	1892	
3 1894	1893	1890	
3 637	1850	1891	
3 1850	520	1891	
3 1887	1889	1892	
3 1892	1889	3278	
3 1894	1890	438	
3 1897	1895	637	
3 438	1896	1894	
3 1895	1897	1899	
3 1904	1895	659	
3 591	637	1895	
3 1896	438	1898	
3 1899	1897	1896	
3 1894	1896	1897	
3 1896	1867	1899	
3 3279	438	3278	
3 531	3277	1903	
3 1900	1899	1867	
3 1895	1899	659	
3 1901	1900	1867	
3 659	1900	1866	
3 1902	1901	1867	
3 1866	1901	1864	
3 1898	1902	1867	
3 1864	1902	598	
3 598	1898	1903	
3 1903	1898	3279	
3 659	1866	3414	
3 1904	932	3418	
3 254	1908	1906	
3 1905	1906	1907	
3 1905	254	1906	
3 512	1909	1907	
3 418	1915	1919	
3 253	1908	254	
3 1874	419	1910	
3 1911	1909	512	
3 1919	1915	1912	
3 1874	1910	1908	
3 512	1913	1911	
3 512	1910	1913	
3 1911	585	1914	
3 1915	256	1912	
3 255	1907	1919	
3 1910	419	1913	
3 419	1920	1913	
3 513	1917	585	
3 1914	585	1917	
3 1918	1915	418	
3 1480	256	1915	
3 1923	1924	1920	
3 1925	1922	1917	
3 418	1922	1918	
3 418	1914	1922	
3 1480	1918	345	
3 1907	1909	1919	
3 418	1919	1909	
3 1923	1920	419	
3 1924	1916	1920	
3 1931	1921	633	
3 513	585	1921	
3 1925	1917	513	
3 345	1922	1926	
3 419	683	1923	
3 1933	1929	1923	
3 1927	1924	1923	
3 1921	1916	1924	
3 1928	1925	513	
3 1930	1926	1925	
3 1922	1925	1926	
3 1925	1928	1930	
3 1929	1927	1923	
3 1921	1927	633	
3 1931	1928	513	
3 1928	1931	1932	
3 1933	1923	683	
3 1929	881	1938	
3 1930	711	1939	
3 319	1926	1930	
3 1943	633	1938	
3 906	1932	1931	
3 906	1940	1932	
3 1932	1940	1945	
3 1934	1933	683	
3 1933	1934	1935	
3 683	346	1934	
3 1941	1934	346	
3 728	3102	1936	
3 1935	1936	1937	
3 931	883	1936	
3 1935	1937	881	
3 1936	883	1937	
3 1937	1946	1942	
3 1942	881	1937	
3 1931	1943	906	
3 711	761	1939	
3 3036	1939	761	
3 1944	1940	906	
3 1940	796	1945	
3 3081	3089	421	
3 3095	1941	3088	
3 1946	1937	883	
3 1938	1947	1943	
3 1947	1938	1942	
3 3419	945	1944	
3 3419	906	1943	
3 1944	945	3420	
3 3045	1945	3052	
3 711	1945	761	
3 3549	3548	966	
3 1947	1946	882	
3 1946	1947	1942	
3 3419	1947	882	
3 1951	62	61	
3 1948	1949	1950	
3 1948	62	1949	
3 518	1952	1950	
3 423	1959	1963	
3 61	1964	1960	
3 1949	1953	518	
3 1954	1952	518	
3 1963	1959	1955	
3 1956	1953	1951	
3 1961	1954	1957	
3 1957	518	1953	
3 1954	589	1958	
3 1959	64	1955	
3 63	1950	1963	
3 1951	1960	1956	
3 1956	1960	1965	
3 1956	1957	1953	
3 1966	1957	1956	
3 589	1478	1958	
3 1478	423	1958	
3 423	1962	1959	
3 1959	1962	1968	
3 1960	425	1965	
3 1966	1961	1957	
3 1969	1970	1966	
3 1478	1962	423	
3 1962	347	1968	
3 1950	1952	1963	
3 423	1963	1952	
3 61	60	1964	
3 1879	1964	60	
3 1971	1965	425	
3 1965	1971	1972	
3 1969	1966	424	
3 1970	1961	1966	
3 1982	1967	636	
3 519	589	1967	
3 1973	1968	347	
3 65	64	1968	
3 1965	1972	424	
3 1969	1972	1976	
3 1974	1970	1969	
3 1967	1961	1970	
3 1879	1971	425	
3 1975	1971	348	
3 1976	1972	684	
3 1969	424	1972	
3 3390	1973	347	
3 320	352	2082	
3 1969	1976	1977	
3 1967	1974	636	
3 348	1878	1978	
3 1975	1978	1980	
3 1979	1976	684	
3 1979	1977	1976	
3 636	1974	1977	
3 1977	1974	1969	
3 1851	729	1978	
3 729	1979	1980	
3 684	1975	1980	
3 1983	1979	729	
3 729	1980	1978	
3 684	1980	1979	
3 1985	884	1983	
3 3501	3421	886	
3 3421	636	1981	
3 933	2123	3391	
3 3418	729	1851	
3 1983	1984	1985	
3 3493	1984	932	
3 1985	1984	885	
3 1985	885	3678	
3 1981	884	1985	
3 1987	1986	236	
3 1988	1986	476	
3 3259	3256	235	
3 1989	1987	3252	
3 1992	1998	476	
3 3384	3386	3388	
3 1990	1989	388	
3 476	1987	1989	
3 1991	1990	388	
3 1990	694	1992	
3 3241	3242	3240	
3 1994	1993	1991	
3 1997	1992	694	
3 1992	1997	1998	
3 1994	1991	744	
3 1995	1993	1994	
3 1996	1994	744	
3 1995	1994	784	
3 1999	1995	784	
3 694	1993	1995	
3 3251	3265	744	
3 784	2005	2002	
3 2000	694	1995	
3 1997	2000	2001	
3 475	1988	1998	
3 1988	476	1998	
3 2002	1999	784	
3 743	2001	2000	
3 1995	1999	2000	
3 743	2000	1999	
3 743	2003	2001	
3 2001	2003	2004	
3 784	1996	2005	
3 2002	827	2006	
3 743	2006	2013	
3 2004	2003	648	
3 2016	2004	648	
3 475	3389	3388	
3 2015	2005	1996	
3 2010	920	2011	
3 827	2009	2006	
3 794	2013	2009	
3 2017	2007	794	
3 648	2003	2007	
3 2010	2008	2005	
3 2008	2010	2011	
3 2014	2012	2009	
3 2013	794	2007	
3 2005	816	2010	
3 2026	2010	816	
3 2018	2011	2019	
3 2012	2014	2018	
3 2012	2027	2024	
3 794	2009	2012	
3 2003	2013	2007	
3 2006	2009	2013	
3 827	2011	2014	
3 2018	2014	2011	
3 913	816	2015	
3 2005	2015	816	
3 2016	648	2023	
3 2016	558	3387	
3 2024	794	2012	
3 2017	755	2023	
3 2019	2011	920	
3 2012	2018	844	
3 2019	920	2020	
3 2018	2019	2021	
3 2029	920	2026	
3 2020	2029	2031	
3 2019	2020	2021	
3 2022	2020	951	
3 919	3498	951	
3 2027	3422	826	
3 2023	648	2007	
3 3128	755	3125	
3 2027	2012	844	
3 3122	793	3126	
3 559	3236	3227	
3 2025	3239	3248	
3 2028	2026	816	
3 920	2029	2020	
3 3422	844	2022	
3 826	2024	2027	
3 3595	816	913	
3 950	962	2028	
3 2030	2029	2026	
3 2030	2031	2029	
3 2026	2028	2030	
3 2028	962	2030	
3 2031	3685	3423	
3 2031	962	3685	
3 81	2200	2205	
3 2032	2206	2033	
3 2034	2033	349	
3 2035	2033	429	
3 2036	2034	349	
3 2034	685	2037	
3 2038	2035	429	
3 2032	2035	82	
3 2066	2036	349	
3 2046	2045	2036	
3 2039	2037	685	
3 2040	2037	428	
3 2040	429	2037	
3 82	2038	83	
3 2041	2039	685	
3 2042	2039	730	
3 2054	2043	428	
3 2038	429	2040	
3 2045	2041	685	
3 2049	2041	774	
3 2052	2042	730	
3 2054	592	2043	
3 592	3370	2043	
3 3374	2044	3372	
3 2040	2044	2038	
3 2043	3370	3372	
3 685	2036	2045	
3 2046	2036	731	
3 2047	2046	731	
3 774	2045	2046	
3 2047	731	3429	
3 2055	2061	2050	
3 2055	2047	806	
3 2049	2050	823	
3 2050	2049	774	
3 2051	2049	823	
3 774	2048	2050	
3 2055	2048	2047	
3 2056	2051	823	
3 2053	2052	2051	
3 730	2051	2052	
3 2053	2051	790	
3 2059	2053	790	
3 2053	2059	2060	
3 2042	638	2054	
3 638	2213	3375	
3 2061	2069	2057	
3 2050	2048	2055	
3 2057	2056	823	
3 2058	790	2056	
3 2061	823	2050	
3 2057	823	2061	
3 841	2058	2057	
3 790	2062	2059	
3 2062	790	2058	
3 2059	2062	2064	
3 2067	2060	752	
3 2212	2213	2214	
3 806	2063	2055	
3 2061	2055	2063	
3 2058	855	2062	
3 2059	2064	752	
3 2068	2063	806	
3 2057	2069	841	
3 2062	855	2064	
3 2071	2065	2064	
3 752	2064	2065	
3 2071	2064	855	
3 349	2206	2207	
3 2066	594	3429	
3 2070	752	2065	
3 427	2245	2244	
3 3503	2068	806	
3 2068	3503	3679	
3 2068	2069	2063	
3 3817	1059	1009	
3 2072	901	663	
3 2070	702	2245	
3 855	841	2073	
3 2071	2073	3559	
3 647	2234	2232	
3 702	2070	2072	
3 941	902	2073	
3 2071	3559	901	
3 2074	73	2125	
3 2075	2074	350	
3 2075	350	2076	
3 2077	2075	432	
3 2108	596	2103	
3 2112	2080	2076	
3 2078	2077	432	
3 2074	2077	74	
3 2078	2167	2166	
3 74	2078	75	
3 2079	2107	2115	
3 350	2112	2076	
3 2115	2080	2079	
3 595	3424	757	
3 2082	2081	66	
3 2081	2137	2135	
3 65	2082	66	
3 320	2082	1973	
3 70	69	2083	
3 2085	2083	69	
3 435	2086	2084	
3 2128	2130	2132	
3 2139	69	68	
3 2085	2138	2088	
3 2087	2086	435	
3 434	2084	2086	
3 2088	2087	435	
3 2087	686	2089	
3 2085	2088	435	
3 2088	351	2090	
3 2091	2089	686	
3 2089	2091	2092	
3 2093	2090	351	
3 2090	2093	2094	
3 2090	2094	686	
3 2100	2094	732	
3 733	2096	2092	
3 2092	2096	2097	
3 2098	2093	351	
3 2099	2093	2098	
3 2100	2095	2091	
3 2091	686	2094	
3 733	2091	2095	
3 2100	2091	2094	
3 2101	2096	733	
3 2097	2096	596	
3 2105	2097	596	
3 434	2133	2132	
3 2138	2098	351	
3 436	2137	2106	
3 2102	2099	528	
3 732	2093	2099	
3 732	2099	2104	
3 2095	2100	2114	
3 2095	2101	733	
3 2107	2103	2101	
3 2111	2113	2118	
3 2109	2104	2102	
3 2107	2101	776	
3 2103	2107	2108	
3 2109	2102	775	
3 732	2104	2117	
3 596	2108	2110	
3 2105	433	2131	
3 528	2098	2106	
3 436	2106	2098	
3 2115	2107	776	
3 2108	2107	2079	
3 2110	2108	2112	
3 2110	350	433	
3 775	2116	2119	
3 2104	2109	2117	
3 596	2110	2105	
3 2112	2108	2079	
3 2113	2111	320	
3 528	2106	2111	
3 2112	2079	2080	
3 350	2110	2112	
3 1479	2113	320	
3 2118	2113	975	
3 2117	2100	732	
3 2117	2119	2114	
3 3425	3686	776	
3 2080	2115	807	
3 2124	2116	775	
3 2116	2122	2120	
3 2119	2117	2109	
3 2114	2100	2117	
3 2118	975	2121	
3 528	2118	2102	
3 775	2119	2109	
3 2119	2116	2120	
3 2122	2116	1061	
3 2114	2120	974	
3 975	2123	2121	
3 775	2121	2124	
3 1016	4002	1061	
3 1054	3426	3686	
3 2123	975	3391	
3 2124	1061	2116	
3 933	3427	2123	
3 2124	2123	3427	
3 72	2127	2129	
3 2074	2125	433	
3 524	2195	2203	
3 2066	2126	594	
3 71	2130	2128	
3 2127	2128	2129	
3 2127	71	2128	
3 2131	2129	527	
3 2125	72	2129	
3 70	2130	71	
3 2132	2084	434	
3 2105	2131	527	
3 2125	2131	433	
3 2084	2132	2130	
3 2133	434	2097	
3 2105	2133	2097	
3 527	2132	2133	
3 67	2081	2135	
3 2134	2135	2136	
3 2134	67	2135	
3 436	2098	2138	
3 2136	2138	2139	
3 2106	2137	352	
3 436	2135	2137	
3 2088	2138	351	
3 2136	2139	68	
3 2138	2085	2139	
3 69	2139	2085	
3 53	52	2141	
3 2140	3277	3275	
3 354	2141	1854	
3 439	2140	2141	
3 190	2955	2956	
3 334	2843	2842	
3 49	2184	2186	
3 2144	2143	355	
3 2145	2144	355	
3 2156	2144	532	
3 2146	2145	355	
3 599	1856	2160	
3 2147	2146	355	
3 2146	847	2148	
3 2188	441	2190	
3 2147	533	2150	
3 2151	2148	847	
3 2152	1858	599	
3 2189	441	2187	
3 441	2189	2149	
3 2154	533	1842	
3 2150	2154	2155	
3 847	2150	2155	
3 3560	2151	2155	
3 2148	2151	2152	
3 2161	2151	859	
3 321	2153	356	
3 1842	533	2153	
3 985	2154	1842	
3 2154	866	2155	
3 866	3583	3634	
3 2151	847	2155	
3 50	2143	2156	
3 2144	2156	2143	
3 2159	2158	532	
3 2158	2156	532	
3 2156	2158	2157	
3 2144	2160	532	
3 1853	2159	440	
3 599	2160	2145	
3 440	2160	1856	
3 2151	2161	2152	
3 1863	2161	859	
3 2163	2162	76	
3 2162	2165	2170	
3 2163	2166	526	
3 2165	2163	526	
3 526	2168	2169	
3 2163	76	2164	
3 2165	431	2170	
3 75	2078	2166	
3 2164	75	2166	
3 432	2076	2168	
3 526	2166	2167	
3 2076	595	2168	
3 595	2169	2168	
3 757	2169	595	
3 431	2165	2169	
3 2171	2170	431	
3 2172	2170	525	
3 2173	2171	431	
3 2171	706	2174	
3 2175	2172	525	
3 2162	2172	77	
3 2169	2173	431	
3 2173	757	2176	
3 2174	706	2177	
3 2204	2174	2202	
3 2198	2201	593	
3 77	2175	78	
3 2180	757	2178	
3 757	2180	2176	
3 2179	2177	706	
3 639	2182	594	
3 757	3424	3500	
3 2178	910	2181	
3 2177	2179	660	
3 706	2176	2179	
3 2181	2180	2178	
3 660	2179	2180	
3 3502	910	3428	
3 660	3430	2183	
3 2177	660	2182	
3 2183	909	3429	
3 2182	660	2183	
3 3430	660	2181	
3 48	1849	2185	
3 2184	2185	2186	
3 2184	48	2185	
3 2188	2186	441	
3 2143	49	2186	
3 2187	356	2189	
3 441	2185	2187	
3 2190	441	2149	
3 355	2143	2188	
3 356	2153	2189	
3 2153	2149	2189	
3 2147	2190	2149	
3 355	2188	2190	
3 2194	2192	79	
3 2191	2192	2193	
3 2191	79	2192	
3 524	2196	2193	
3 2193	2196	2200	
3 78	2198	2197	
3 2194	2197	2198	
3 2199	2195	593	
3 524	2192	2195	
3 2126	2196	524	
3 2196	430	2200	
3 78	2175	2198	
3 2194	79	2197	
3 2201	2198	2175	
3 593	2201	2204	
3 2199	639	2203	
3 2205	2200	430	
3 81	80	2200	
3 2175	525	2201	
3 2174	2201	525	
3 2204	2199	593	
3 2174	2177	2202	
3 639	2126	2203	
3 2126	524	2203	
3 2174	2204	2201	
3 2202	2199	2204	
3 2206	2205	430	
3 81	2205	2032	
3 2207	2206	430	
3 2206	349	2033	
3 2126	2207	430	
3 349	2207	2066	
3 2208	614	2209	
3 2221	2208	473	
3 3432	2209	614	
3 742	387	2209	
3 85	3369	3371	
3 2211	2210	523	
3 523	2212	2211	
3 2212	2215	2211	
3 2212	523	2213	
3 2215	2212	427	
3 3373	3375	523	
3 638	2060	2213	
3 2060	2214	2213	
3 2067	427	2214	
3 522	2244	2243	
3 2215	522	2241	
3 2219	2217	90	
3 2216	2217	2218	
3 2216	90	2217	
3 555	2221	2218	
3 2218	2221	2225	
3 89	2223	2222	
3 2219	2222	2223	
3 2224	2220	613	
3 555	2217	2220	
3 2208	2221	555	
3 2221	473	2225	
3 2226	89	88	
3 2219	90	2222	
3 2229	2227	613	
3 2227	2224	613	
3 2224	647	2228	
3 2236	2225	473	
3 92	91	2225	
3 2240	2226	88	
3 521	2227	2229	
3 613	2223	2229	
3 521	2231	2227	
3 647	2208	2228	
3 2208	555	2228	
3 2223	2226	2229	
3 2229	2226	2242	
3 2230	2227	2231	
3 2231	2234	2230	
3 521	2233	2231	
3 2232	2234	2235	
3 2246	2232	663	
3 614	647	2232	
3 2233	521	2243	
3 663	2232	2235	
3 2231	2233	2234	
3 2233	2072	2235	
3 2233	2235	2234	
3 2072	663	2235	
3 473	2237	2236	
3 2237	2239	2236	
3 2237	473	2238	
3 2239	2237	387	
3 473	2208	2238	
3 2208	2209	2238	
3 387	472	2239	
3 2247	2239	472	
3 2241	88	87	
3 2242	2240	522	
3 2215	2241	87	
3 522	2240	2241	
3 2243	2242	522	
3 2242	521	2229	
3 522	2215	2244	
3 2243	702	2233	
3 2215	427	2244	
3 427	2067	2245	
3 2070	2245	2067	
3 702	2244	2245	
3 3431	2246	663	
3 2246	936	3432	
3 2248	2247	472	
3 2251	2250	471	
3 2250	472	471	
3 93	2248	94	
3 92	2236	2249	
3 2249	2239	2247	
3 2250	2251	2253	
3 2252	2251	471	
3 553	2314	2317	
3 2252	471	2254	
3 2252	612	2318	
3 95	94	2253	
3 2248	2253	94	
3 471	693	2254	
3 890	2254	693	
3 2254	646	2255	
3 554	2255	646	
3 2259	139	138	
3 2256	2257	2258	
3 2256	139	2257	
3 535	2260	2258	
3 445	2267	2272	
3 138	2273	2268	
3 2257	2261	535	
3 2262	2260	535	
3 2272	2267	2263	
3 2264	2261	2259	
3 2269	2262	2265	
3 2265	535	2261	
3 2262	600	2266	
3 2267	141	2263	
3 140	2258	2272	
3 2259	2268	2264	
3 2264	2268	2274	
3 2264	2265	2261	
3 2275	2265	2264	
3 536	2270	600	
3 2266	600	2270	
3 445	2271	2267	
3 2267	2271	2278	
3 2268	447	2274	
3 2275	2269	2265	
3 2279	2280	2275	
3 2270	2284	2277	
3 445	2277	2271	
3 445	2266	2277	
3 2271	365	2278	
3 2258	2260	2272	
3 445	2272	2260	
3 138	137	2273	
3 2281	2273	137	
3 2282	2274	447	
3 2274	2282	2283	
3 2279	2275	446	
3 2280	2269	2275	
3 2305	2276	641	
3 536	600	2276	
3 2284	2270	536	
3 365	2277	2285	
3 2286	2278	365	
3 142	141	2278	
3 2274	2283	446	
3 2279	2283	2290	
3 2287	2280	2279	
3 2276	2269	2280	
3 2294	137	136	
3 447	2288	2282	
3 2288	447	2281	
3 2282	2288	2289	
3 2290	2283	688	
3 2279	446	2283	
3 2291	2284	536	
3 325	2393	2285	
3 2277	2284	2285	
3 2284	2291	2303	
3 2393	365	2285	
3 2392	2391	325	
3 2279	2290	2292	
3 2276	2287	641	
3 2293	2288	2281	
3 2289	2288	366	
3 2296	2289	366	
3 2289	2296	2297	
3 2297	2290	688	
3 2290	887	2292	
3 2291	536	2305	
3 2303	325	2285	
3 641	2287	2292	
3 2292	2287	2279	
3 2294	2293	2281	
3 2293	2294	2295	
3 137	2294	2281	
3 2294	136	2298	
3 448	2299	2295	
3 2301	735	2296	
3 2295	2300	366	
3 366	2300	2296	
3 2307	2297	735	
3 2290	2297	887	
3 136	135	2298	
3 2302	2298	135	
3 2675	537	2669	
3 2300	2301	2296	
3 2295	2299	2300	
3 2301	2300	2299	
3 2299	602	2301	
3 2301	602	3445	
3 2661	135	2659	
3 2675	2302	537	
3 2291	977	2303	
3 2310	2396	545	
3 887	2307	2309	
3 889	935	3433	
3 3433	641	2304	
3 2305	935	2306	
3 2306	935	3434	
3 977	2291	2306	
3 735	3445	2308	
3 2307	2308	2309	
3 3507	2308	934	
3 2308	888	2309	
3 2309	888	3682	
3 2304	887	2309	
3 2394	2392	325	
3 2310	2394	2395	
3 2314	2312	96	
3 2313	1522	97	
3 2311	96	2312	
3 2311	2312	2313	
3 470	2313	2312	
3 95	2317	2316	
3 2314	2316	2317	
3 2318	2315	553	
3 470	2312	2315	
3 95	2253	2317	
3 2314	96	2316	
3 2251	2317	2253	
3 2252	2318	553	
3 2318	612	2319	
3 2320	2319	612	
3 2319	2320	2321	
3 612	554	2320	
3 554	1519	2320	
3 1519	386	2321	
3 1522	2321	386	
3 158	2716	2724	
3 451	2322	367	
3 106	105	2323	
3 1474	2323	105	
3 382	2325	2324	
3 329	2334	2340	
3 2326	2325	382	
3 2340	2325	329	
3 2326	382	1474	
3 2326	677	2328	
3 1472	2327	317	
3 677	2326	2327	
3 2329	2328	677	
3 2328	2329	2330	
3 2331	2329	677	
3 2329	2331	2332	
3 2333	2330	720	
3 2330	2333	2334	
3 677	1472	2331	
3 2335	1472	721	
3 2357	769	2356	
3 720	2332	2337	
3 2337	2333	720	
3 2333	2337	2338	
3 2339	2334	675	
3 2334	2339	2340	
3 2346	721	2341	
3 769	2331	2335	
3 2356	2346	2341	
3 2347	768	2374	
3 2357	2337	2332	
3 2337	2336	2374	
3 2342	2338	768	
3 2338	2342	2343	
3 2354	675	2343	
3 2339	2354	2344	
3 2345	2340	379	
3 2325	2340	2324	
3 1473	2341	721	
3 769	2346	2356	
3 2347	2342	768	
3 718	2342	2348	
3 718	2349	2343	
3 2349	2354	2343	
3 2364	328	2361	
3 2355	107	2345	
3 2345	379	2351	
3 2324	2345	107	
3 721	2346	2335	
3 2341	2352	2356	
3 2337	2374	768	
3 2347	832	2375	
3 2342	2347	2348	
3 2375	2348	2347	
3 2353	2349	718	
3 2354	2349	328	
3 2373	2350	381	
3 108	2350	109	
3 379	2344	2351	
3 2350	2351	2344	
3 2341	803	2352	
3 2352	803	3561	
3 718	2348	2358	
3 2353	676	2361	
3 2344	2354	328	
3 2354	2339	675	
3 2352	2336	2356	
3 2351	108	2355	
3 2357	2356	2336	
3 2337	2357	2336	
3 2332	769	2357	
3 2348	766	2358	
3 2353	2359	676	
3 2358	766	2359	
3 2360	766	719	
3 2362	2360	719	
3 676	2367	2363	
3 2363	2361	676	
3 328	2364	2350	
3 2365	2362	719	
3 2362	2365	2366	
3 2367	676	2360	
3 2363	2367	2368	
3 2363	2364	2361	
3 381	2350	2364	
3 2369	2365	719	
3 2365	2369	2372	
3 2376	2366	551	
3 2370	2366	464	
3 2362	2367	2360	
3 2368	2367	380	
3 2366	2370	380	
3 2373	110	109	
3 719	802	2369	
3 802	767	2369	
3 464	2502	2370	
3 110	2370	111	
3 381	2368	2371	
3 2370	2371	2368	
3 767	2377	2372	
3 2372	2377	2378	
3 2350	2373	109	
3 381	2371	2373	
3 2336	980	2374	
3 2347	3435	832	
3 3562	2375	832	
3 802	766	2375	
3 2376	551	2378	
3 464	2376	375	
3 2379	2377	767	
3 2377	717	2378	
3 2378	551	2372	
3 327	2454	2450	
3 835	2379	767	
3 2436	2441	2446	
3 2383	2381	144	
3 2380	2381	2382	
3 2380	144	2381	
3 2385	458	2397	
3 2382	458	2385	
3 144	143	2383	
3 2389	2383	143	
3 2386	2384	370	
3 458	2381	2384	
3 2388	369	457	
3 2382	2387	145	
3 370	2391	2392	
3 545	2400	2398	
3 2388	2387	2385	
3 146	145	2387	
3 369	2388	2385	
3 2388	457	2560	
3 143	2390	2389	
3 2393	2390	2286	
3 142	2390	143	
3 2393	2391	2389	
3 370	2389	2391	
3 2393	2389	2390	
3 2394	325	2303	
3 2386	2392	2310	
3 2393	2286	365	
3 325	2391	2393	
3 2395	2394	2303	
3 2310	2392	2394	
3 2303	977	2395	
3 2396	977	779	
3 977	2396	2395	
3 2402	2400	2396	
3 458	2386	2397	
3 545	2397	2386	
3 369	2397	2398	
3 545	2398	2397	
3 2401	2399	738	
3 369	2399	690	
3 545	2396	2400	
3 2402	2396	779	
3 2402	2401	738	
3 2644	739	2649	
3 3563	2402	779	
3 3563	2648	2402	
3 2404	2403	118	
3 2405	2403	466	
3 2419	118	117	
3 2406	2404	2418	
3 2409	2413	466	
3 546	2505	2509	
3 2407	2406	376	
3 466	2404	2406	
3 2408	2407	376	
3 2407	691	2409	
3 2410	2408	376	
3 2408	741	2411	
3 2412	2409	691	
3 2409	2412	2413	
3 2414	2410	376	
3 2410	692	2415	
3 2416	2411	741	
3 2423	2417	691	
3 2423	691	2411	
3 2412	2417	2424	
3 465	2405	2413	
3 2405	466	2413	
3 2418	2414	376	
3 2414	467	2420	
3 2421	2415	692	
3 2415	2421	2422	
3 2422	2416	741	
3 815	783	2416	
3 783	645	2417	
3 2412	2424	465	
3 2406	2418	376	
3 2419	2418	2404	
3 118	2419	2404	
3 2419	117	2425	
3 2426	2420	467	
3 2420	2426	2427	
3 2427	2421	692	
3 2428	2421	740	
3 2429	2422	782	
3 2416	2422	815	
3 2411	2416	2423	
3 783	2423	2416	
3 2417	645	2424	
3 2424	2467	2464	
3 117	116	2425	
3 2430	2425	116	
3 2425	2430	467	
3 2480	2430	116	
3 2432	2427	377	
3 2421	2427	740	
3 2433	2428	740	
3 2428	2433	2437	
3 2437	782	2428	
3 2429	2439	2443	
3 2431	2480	115	
3 2426	467	2430	
3 2431	115	2457	
3 377	2426	2431	
3 2440	2432	377	
3 2434	2432	674	
3 2434	2433	740	
3 2435	2433	2434	
3 2432	2434	740	
3 2459	2434	674	
3 2436	2435	781	
3 812	2433	2435	
3 2459	2441	781	
3 2436	813	2442	
3 2437	812	2438	
3 782	2437	2439	
3 2442	812	2435	
3 2438	2442	2447	
3 2437	2438	2439	
3 2443	2438	814	
3 2444	377	2431	
3 2440	2444	2445	
3 2379	2451	2465	
3 2441	2451	2446	
3 2447	2442	813	
3 2438	812	2442	
3 2438	2443	2439	
3 2475	2448	2443	
3 2431	378	2444	
3 2445	2444	378	
3 2449	2445	378	
3 2445	2449	2450	
3 2441	2465	2451	
3 2446	2451	2452	
3 2452	813	2446	
3 2466	2469	2447	
3 2448	837	2481	
3 815	2443	2448	
3 378	2453	2449	
3 114	2458	2453	
3 2454	327	2378	
3 2459	674	2450	
3 2379	811	2451	
3 2452	2451	811	
3 2452	811	2455	
3 813	2452	2456	
3 2457	2453	378	
3 2458	114	113	
3 2378	717	2454	
3 717	2441	2459	
3 3437	2455	811	
3 2455	3437	3506	
3 2452	2455	2456	
3 2466	2455	836	
3 2431	2457	378	
3 114	2457	115	
3 113	2460	2458	
3 327	2449	2461	
3 717	2459	2454	
3 2434	2459	781	
3 2462	112	2463	
3 2461	375	327	
3 2458	2460	2461	
3 2461	2460	375	
3 464	2503	2502	
3 2460	113	2462	
3 464	375	2463	
3 2464	608	2510	
3 465	2424	2464	
3 2441	717	2465	
3 2377	2465	717	
3 836	2468	2469	
3 2447	2456	2466	
3 2467	645	2482	
3 608	2464	2467	
3 3564	2468	836	
3 2471	2473	2468	
3 836	2469	2466	
3 2470	2469	2468	
3 2468	916	2471	
3 2470	814	2472	
3 2477	2476	2478	
3 2470	2473	814	
3 814	2438	2472	
3 2438	2447	2472	
3 2471	2474	2473	
3 837	2475	2474	
3 2474	2471	2476	
3 2475	837	2448	
3 814	2473	2475	
3 2474	2475	2473	
3 2471	916	2476	
3 3565	2476	916	
3 2478	2476	867	
3 837	2477	2479	
3 2483	2478	867	
3 2479	853	2481	
3 2477	2478	2479	
3 2484	2478	2483	
3 2479	2481	837	
3 2430	2480	2431	
3 853	783	2481	
3 2485	645	853	
3 2482	2525	2523	
3 3683	2483	867	
3 2483	2485	2484	
3 2478	2484	2479	
3 2485	2483	864	
3 2482	2485	864	
3 853	2484	2485	
3 2486	129	2559	
3 2487	2486	372	
3 2487	372	2488	
3 2489	2487	461	
3 2491	2488	372	
3 2488	2491	2492	
3 2490	2489	461	
3 2486	2489	130	
3 2490	3346	3344	
3 130	2490	131	
3 372	2493	2491	
3 2491	2493	2496	
3 2494	2492	925	
3 2492	2494	2495	
3 462	2493	372	
3 610	2553	2493	
3 2496	2556	925	
3 2494	2497	2499	
3 955	2498	2495	
3 2500	609	2495	
3 2550	610	2541	
3 2496	2555	2556	
3 2497	861	3701	
3 2494	2499	955	
3 3438	2498	955	
3 2677	2674	642	
3 3442	2499	2497	
3 955	3439	3438	
3 2679	661	2678	
3 2500	2676	2680	
3 111	2370	2502	
3 2501	2502	2503	
3 2501	111	2502	
3 2463	112	2503	
3 2501	2503	112	
3 120	2507	2505	
3 2504	2505	2506	
3 2504	120	2505	
3 546	2508	2506	
3 459	2514	2517	
3 119	2507	120	
3 2405	465	2509	
3 2510	2508	546	
3 2517	2514	2511	
3 2405	2509	2507	
3 2512	465	2464	
3 546	2509	2512	
3 2510	608	2513	
3 2514	122	2511	
3 121	2506	2517	
3 465	2512	2509	
3 2464	2510	2512	
3 547	2515	608	
3 2513	608	2515	
3 459	2516	2514	
3 2514	2516	2519	
3 459	2518	2516	
3 459	2513	2518	
3 2516	371	2519	
3 2506	2508	2517	
3 459	2517	2508	
3 2520	2515	547	
3 371	2518	2521	
3 2522	2519	371	
3 123	122	2519	
3 2523	2520	547	
3 326	2544	2521	
3 2518	2520	2521	
3 2520	2523	2524	
3 2544	371	2521	
3 2543	2540	326	
3 2482	2523	547	
3 2524	326	2521	
3 2523	983	2524	
3 2526	2547	550	
3 2525	864	3443	
3 983	2523	2525	
3 2545	2543	326	
3 2526	2545	2546	
3 2527	150	2588	
3 3326	368	3320	
3 2531	2529	125	
3 2528	2529	2530	
3 2528	125	2529	
3 2532	463	2548	
3 2530	463	2532	
3 125	124	2531	
3 2537	2531	124	
3 373	2538	2536	
3 2530	2534	126	
3 2531	374	2533	
3 2535	2533	374	
3 2536	2534	2532	
3 127	126	2534	
3 374	2540	2543	
3 550	2551	2549	
3 373	2536	2532	
3 3342	2536	549	
3 124	2539	2537	
3 2544	2539	2522	
3 2541	2538	373	
3 2542	462	2558	
3 123	2539	124	
3 2544	2540	2537	
3 374	2537	2540	
3 2544	2537	2539	
3 2549	2541	373	
3 2550	2541	848	
3 2538	610	2542	
3 2493	2542	610	
3 2545	326	2524	
3 2535	2543	2526	
3 2544	2522	371	
3 326	2540	2544	
3 2546	2545	2524	
3 2526	2543	2545	
3 2524	983	2546	
3 2547	983	860	
3 983	2547	2546	
3 2552	848	2557	
3 463	2535	2548	
3 550	2548	2535	
3 373	2548	2549	
3 550	2549	2548	
3 848	2552	2554	
3 2493	2553	2496	
3 550	2547	2551	
3 2557	2547	860	
3 2557	848	2551	
3 2552	2557	3566	
3 610	2550	2553	
3 2550	848	2554	
3 2552	861	2554	
3 2553	2555	2496	
3 2554	861	2555	
3 861	2497	2556	
3 861	2556	2555	
3 2497	925	2556	
3 2547	2557	2551	
3 3566	2557	860	
3 2559	2558	462	
3 3341	2558	128	
3 2486	2559	462	
3 128	2559	129	
3 147	146	2560	
3 2388	2560	146	
3 457	456	2561	
3 2634	2636	2638	
3 222	2570	2572	
3 482	2562	390	
3 2563	227	3190	
3 2564	2563	389	
3 2564	389	2565	
3 2566	2564	479	
3 3211	3214	3216	
3 3216	2569	2565	
3 2567	2566	479	
3 2563	2566	228	
3 2567	3352	3350	
3 228	2567	229	
3 2568	3212	3215	
3 389	3216	2565	
3 3468	2568	3215	
3 3444	759	3267	
3 221	1608	2571	
3 2570	2571	2572	
3 2570	221	2571	
3 2574	2572	483	
3 2562	222	2572	
3 391	1606	2575	
3 483	2571	2573	
3 2576	2574	483	
3 390	2562	2574	
3 1606	563	2575	
3 563	2579	2577	
3 483	2575	2576	
3 563	2576	2575	
3 390	2576	2577	
3 563	2577	2576	
3 2580	2578	745	
3 390	2578	695	
3 563	2581	2579	
3 2581	1611	2583	
3 745	2585	2586	
3 3208	3206	2580	
3 2582	563	1606	
3 2583	1611	785	
3 1609	2582	1606	
3 1611	2581	2582	
3 785	3476	3217	
3 2581	2583	2585	
3 3206	3208	2587	
3 2579	2585	745	
3 2583	2584	2585	
3 745	2586	2580	
3 2584	3209	2585	
3 3210	3208	3209	
3 3213	786	3202	
3 3203	3205	746	
3 149	2633	2635	
3 2527	2588	455	
3 2590	2589	214	
3 2591	2589	486	
3 3180	3177	213	
3 2592	2590	3173	
3 2595	2601	486	
3 564	2615	2619	
3 2593	2592	393	
3 486	2590	2592	
3 2594	2593	393	
3 2593	696	2595	
3 3162	3163	3161	
3 2593	2596	696	
3 2600	2595	696	
3 2595	2600	2601	
3 747	2597	2594	
3 2596	2594	2597	
3 2599	2597	747	
3 2597	2599	2598	
3 2598	2603	2602	
3 696	2596	2598	
3 3172	3184	747	
3 2599	2609	2610	
3 2598	2602	696	
3 2600	696	2602	
3 485	2591	2601	
3 2591	486	2601	
3 2603	2598	893	
3 2600	2604	485	
3 2605	2603	893	
3 2604	2603	650	
3 2603	2604	2602	
3 2604	2607	2606	
3 2610	893	2599	
3 2612	3397	3396	
3 2606	620	2620	
3 485	2604	2606	
3 2607	650	2612	
3 620	2606	2607	
3 566	3157	3148	
3 2608	3160	3169	
3 937	894	2609	
3 2610	2609	894	
3 894	3656	3732	
3 2605	893	2610	
3 2605	895	2611	
3 3567	2611	895	
3 650	2611	2612	
3 938	2612	2611	
3 152	151	2613	
3 2527	2613	151	
3 216	2617	2615	
3 2614	2615	2616	
3 2614	216	2615	
3 564	2618	2616	
3 484	2624	2627	
3 215	2617	216	
3 2591	485	2619	
3 2620	2618	564	
3 2627	2624	2621	
3 2591	2619	2617	
3 2622	485	2606	
3 2620	564	2622	
3 2620	620	2623	
3 2624	218	2621	
3 217	2616	2627	
3 2620	2622	2606	
3 564	2619	2622	
3 565	2625	620	
3 620	2625	2623	
3 484	2626	2624	
3 2624	2626	2629	
3 2626	2628	392	
3 484	2623	2628	
3 2626	392	2629	
3 2616	2618	2627	
3 484	2627	2618	
3 2625	1610	2628	
3 2630	2628	1610	
3 2631	2629	392	
3 219	218	2629	
3 1610	332	2630	
3 2632	1604	2631	
3 2632	392	2630	
3 219	2631	1604	
3 392	2632	2631	
3 2630	332	2632	
3 148	2636	2634	
3 2633	2634	2635	
3 2633	148	2634	
3 2637	2635	544	
3 2588	149	2635	
3 147	2636	148	
3 2638	2561	456	
3 2639	2637	544	
3 2588	2637	455	
3 2561	2638	2636	
3 544	2640	2639	
3 544	2638	2640	
3 2639	607	2650	
3 2638	456	2640	
3 2639	2641	607	
3 2640	456	2641	
3 2641	2643	2642	
3 2644	2642	739	
3 2642	2644	2646	
3 2645	456	690	
3 739	2642	2643	
3 2647	739	2645	
3 2649	2652	2644	
3 2401	2645	690	
3 739	2643	2645	
3 780	2651	2644	
3 2644	2651	2646	
3 2648	2401	2402	
3 739	2647	2649	
3 780	2644	2652	
3 2647	2401	2648	
3 2647	2648	2649	
3 2649	2648	2652	
3 2653	607	2646	
3 368	455	2650	
3 3568	3625	780	
3 3321	2693	3318	
3 2648	976	2652	
3 3758	3568	2652	
3 2654	2651	780	
3 2650	2653	2655	
3 3321	3322	606	
3 2651	2654	2656	
3 2653	2656	2655	
3 2656	2654	2658	
3 2651	2656	2653	
3 3327	2658	3323	
3 368	2655	2657	
3 2657	3327	3323	
3 2654	810	2658	
3 3324	3328	3325	
3 2662	2660	134	
3 2661	2302	135	
3 2659	134	2660	
3 2659	2660	2661	
3 537	2661	2660	
3 133	2665	2664	
3 2662	2664	2665	
3 2666	2663	601	
3 537	2660	2663	
3 2667	133	132	
3 2662	134	2664	
3 2670	2668	601	
3 2668	2666	601	
3 2666	642	2669	
3 132	3343	3345	
3 460	2668	2670	
3 601	2665	2670	
3 460	2673	2668	
3 2672	2669	642	
3 2669	2672	2675	
3 2665	2667	2670	
3 2670	2667	3347	
3 2671	2668	2673	
3 2673	2677	2671	
3 642	602	2672	
3 602	2299	2672	
3 460	2676	2673	
3 2674	2677	2678	
3 2682	2674	661	
3 602	642	2674	
3 2299	448	2675	
3 2302	2675	448	
3 2676	460	2680	
3 661	2674	2678	
3 2673	2676	2677	
3 2500	2679	2676	
3 2676	2678	2677	
3 661	2679	2498	
3 2676	2679	2678	
3 2500	2498	2679	
3 3348	460	3347	
3 548	3346	2681	
3 609	2680	2681	
3 2681	2680	3348	
3 661	2498	3440	
3 2682	934	3445	
3 154	153	2683	
3 153	3313	3315	
3 2685	2684	453	
3 2686	2684	542	
3 2687	2685	453	
3 2685	707	2688	
3 2689	2686	542	
3 2683	2686	154	
3 2690	2687	453	
3 2687	758	2691	
3 2688	707	2692	
3 2721	2688	2718	
3 2713	2717	604	
3 154	2689	155	
3 3317	543	3319	
3 2690	606	3325	
3 2696	758	2694	
3 758	2696	2691	
3 2695	2692	707	
3 644	2698	605	
3 543	3316	3318	
3 606	2690	2693	
3 3325	3328	3329	
3 2694	912	2697	
3 2692	2695	662	
3 707	2691	2695	
3 2697	2696	2694	
3 662	2695	2696	
3 3446	3508	3511	
3 662	3446	2699	
3 2692	662	2698	
3 2727	2699	2741	
3 2698	662	2699	
3 3446	662	2697	
3 2701	2700	206	
3 489	2700	394	
3 2702	206	205	
3 2703	2701	490	
3 205	3363	3365	
3 490	2701	2702	
3 3368	490	3367	
3 2700	2703	394	
3 2704	624	2705	
3 394	2703	2704	
3 624	2772	2775	
3 3451	2705	3450	
3 2709	2707	156	
3 2706	2707	2708	
3 2706	156	2707	
3 541	2711	2708	
3 2708	2711	2716	
3 155	2713	2712	
3 2709	2712	2713	
3 2714	2710	604	
3 541	2707	2710	
3 2719	541	2710	
3 2711	452	2716	
3 155	2689	2713	
3 2709	156	2712	
3 2717	2713	2689	
3 604	2717	2721	
3 644	2715	2719	
3 644	605	2715	
3 2722	2720	2715	
3 2724	2716	452	
3 158	157	2716	
3 2689	542	2717	
3 2688	2717	542	
3 2721	2714	604	
3 2688	2692	2718	
3 644	2719	2714	
3 2715	541	2719	
3 2722	2715	605	
3 2720	2722	2723	
3 2688	2721	2717	
3 2718	2714	2721	
3 2722	605	2727	
3 2720	2723	452	
3 2725	2723	2722	
3 452	2726	2724	
3 452	2723	2726	
3 158	2724	2322	
3 2727	2725	2722	
3 367	2728	689	
3 2723	367	2726	
3 2322	2726	367	
3 605	2699	2727	
3 2741	2699	911	
3 2725	737	2728	
3 2729	737	778	
3 689	2728	2729	
3 737	2729	2728	
3 2731	2730	778	
3 2730	736	2732	
3 2733	2731	778	
3 2731	824	2734	
3 2734	2736	736	
3 689	2732	450	
3 2742	778	737	
3 2743	842	2748	
3 2748	2734	824	
3 791	2738	2736	
3 2737	2735	643	
3 450	2732	2735	
3 791	2736	2734	
3 643	2735	2736	
3 2737	643	2739	
3 2737	603	3381	
3 2744	2738	791	
3 2740	449	2739	
3 2740	643	2738	
3 449	540	2739	
3 2738	753	2740	
3 2740	753	2886	
3 911	2747	2741	
3 2741	2747	2742	
3 2741	2742	737	
3 809	2733	2742	
3 809	2757	2733	
3 809	2753	2755	
3 2745	2744	791	
3 2744	2745	2746	
3 791	2734	2748	
3 2749	2745	2748	
3 2750	2746	856	
3 2886	2746	903	
3 3511	2753	2747	
3 2742	2747	809	
3 2743	2748	824	
3 2749	2748	842	
3 2752	2749	842	
3 856	2745	2749	
3 856	2752	3569	
3 2884	666	2880	
3 3508	3509	3511	
3 2754	2756	2755	
3 3542	3550	842	
3 2752	942	3569	
3 3511	2747	911	
3 2753	2751	2754	
3 2751	949	2754	
3 3517	3515	3516	
3 2756	2754	1060	
3 809	2755	2757	
3 2756	1060	3448	
3 2757	2743	2733	
3 2755	2756	2757	
3 3518	2756	3448	
3 203	2759	2761	
3 3364	3366	568	
3 2762	2760	202	
3 2759	2760	2761	
3 2759	202	2760	
3 2763	2761	491	
3 2758	203	2761	
3 202	201	2762	
3 2767	201	1612	
3 2765	2763	491	
3 395	2758	2763	
3 2762	396	2764	
3 2766	2764	396	
3 2766	491	2764	
3 2770	849	2772	
3 396	2768	2769	
3 2765	2766	569	
3 396	2762	2767	
3 201	2767	2762	
3 2768	333	2769	
3 396	2767	2768	
3 2771	2769	333	
3 569	2766	2769	
3 2765	569	2770	
3 2773	2770	569	
3 1616	2771	333	
3 2771	984	2774	
3 2775	2772	849	
3 2772	624	2776	
3 569	2769	2774	
3 2773	2774	2777	
3 862	2774	984	
3 2773	569	2774	
3 2778	849	2777	
3 2705	2775	3450	
3 624	2704	3368	
3 3366	2776	568	
3 3477	3597	862	
3 849	2778	2775	
3 3449	2778	2777	
3 3450	2778	3449	
3 2322	2779	159	
3 2780	2779	451	
3 451	450	2780	
3 3377	3379	3381	
3 2784	197	196	
3 2781	2782	2783	
3 2781	197	2782	
3 570	2785	2783	
3 492	2792	2797	
3 196	2798	2793	
3 2782	2786	570	
3 2787	2785	570	
3 2797	2792	2788	
3 2789	2786	2784	
3 2794	2787	2790	
3 2790	570	2786	
3 2787	625	2791	
3 2792	199	2788	
3 198	2783	2797	
3 2784	2793	2789	
3 2789	2793	2799	
3 2789	2790	2786	
3 2800	2790	2789	
3 2795	625	571	
3 2802	2796	492	
3 2796	2792	492	
3 1614	199	2792	
3 2793	494	2799	
3 2800	2794	2790	
3 2803	2804	2800	
3 571	1616	2795	
3 2796	2802	397	
3 492	2791	2802	
3 1614	2796	397	
3 2783	2785	2797	
3 492	2797	2785	
3 196	195	2798	
3 2805	2798	195	
3 2806	2799	494	
3 2799	2806	2807	
3 2803	2800	493	
3 2804	2794	2800	
3 2849	652	2847	
3 571	625	2801	
3 2795	1616	2802	
3 1616	397	2802	
3 2799	2807	493	
3 2803	2807	2811	
3 2808	2804	2803	
3 2801	2794	2804	
3 2814	195	194	
3 494	2809	2806	
3 2809	494	2805	
3 2806	2809	2810	
3 2811	2807	697	
3 2803	493	2807	
3 2803	2811	2812	
3 2801	2808	652	
3 2813	2809	2805	
3 2810	2809	398	
3 2816	2810	398	
3 2810	2816	2817	
3 2817	697	2810	
3 2811	789	2812	
3 652	2808	2812	
3 2812	2808	2803	
3 2814	2813	2805	
3 2813	2814	2815	
3 195	2814	2805	
3 2814	194	2818	
3 2819	2815	495	
3 2816	2815	698	
3 2815	2816	398	
3 2820	2816	698	
3 2826	2821	749	
3 2811	697	2817	
3 194	193	2818	
3 2822	2818	193	
3 2823	2819	495	
3 2819	2823	2824	
3 2825	2820	698	
3 2820	2825	2826	
3 822	789	2821	
3 2811	2821	789	
3 2827	193	192	
3 2823	399	2824	
3 495	2822	2823	
3 2827	2822	193	
3 2828	2824	399	
3 2825	2824	748	
3 2824	2825	698	
3 2829	2825	748	
3 2830	2826	788	
3 2821	2826	822	
3 2839	400	2831	
3 2822	2827	2831	
3 2832	2828	399	
3 2828	2832	2833	
3 2834	2829	748	
3 2829	2834	2837	
3 788	2837	2838	
3 1701	822	2830	
3 2839	2831	2827	
3 2832	2831	400	
3 2831	2832	399	
3 2840	2832	400	
3 2836	679	1695	
3 2836	787	2835	
3 2836	748	2833	
3 2835	2834	2836	
3 2835	787	1696	
3 819	2834	2835	
3 748	2836	2834	
3 2836	2833	679	
3 1699	2837	819	
3 788	2838	2830	
3 2837	1700	2838	
3 1701	2838	1700	
3 2827	192	2839	
3 2841	192	191	
3 2842	2840	400	
3 2840	2842	2843	
3 400	2839	2841	
3 192	2841	2839	
3 2841	2842	400	
3 2142	334	2842	
3 2846	334	2957	
3 1695	679	2843	
3 723	2844	1687	
3 1695	2843	2844	
3 2847	2845	854	
3 652	2812	2845	
3 2846	401	2848	
3 1687	2844	2846	
3 1720	2847	854	
3 3477	3399	865	
3 2848	401	2953	
3 572	2848	1680	
3 865	2849	2847	
3 571	2801	2849	
3 162	3376	3378	
3 2851	2850	540	
3 540	449	2851	
3 449	539	2853	
3 164	163	2853	
3 2854	2852	539	
3 449	2853	2851	
3 539	2852	2853	
3 539	538	2854	
3 538	2871	2854	
3 169	168	2855	
3 168	2857	2859	
3 2876	2856	502	
3 409	501	2930	
3 2860	2858	167	
3 2857	2858	2859	
3 2857	167	2858	
3 2862	2859	576	
3 2855	168	2859	
3 166	2864	2863	
3 2860	2863	2864	
3 2865	2861	628	
3 576	2858	2861	
3 2869	576	2861	
3 2855	2862	502	
3 166	2867	2864	
3 2860	167	2863	
3 2864	2867	2871	
3 2868	2865	628	
3 654	2866	2869	
3 654	629	2866	
3 2873	2870	2866	
3 165	2867	166	
3 538	2868	2871	
3 2871	628	2864	
3 538	2874	2868	
3 654	2869	2865	
3 2866	576	2869	
3 2873	2866	629	
3 2870	2873	2876	
3 2854	2871	2867	
3 2868	628	2871	
3 2874	2872	2868	
3 2874	2878	2872	
3 2873	629	2882	
3 2870	2876	502	
3 2877	538	703	
3 2875	654	2878	
3 2888	2875	666	
3 629	654	2875	
3 2881	2876	2873	
3 2856	2876	409	
3 2877	2883	2880	
3 2879	2875	2878	
3 2874	2877	2878	
3 2875	2879	666	
3 2878	2877	2879	
3 2880	2879	2877	
3 2883	2877	703	
3 2884	2880	903	
3 2882	2881	2873	
3 409	2885	699	
3 2888	2882	629	
3 2882	2888	2889	
3 2886	2883	703	
3 903	2880	2883	
3 2750	904	2884	
3 2888	2892	939	
3 2881	750	2885	
3 2887	896	2890	
3 449	2886	703	
3 2886	753	2746	
3 2885	750	2887	
3 2891	2887	750	
3 2892	666	2884	
3 939	2889	2888	
3 939	2893	2889	
3 2920	2921	2894	
3 2915	2890	2916	
3 627	2913	2910	
3 2889	2923	750	
3 2893	2921	2923	
3 2884	904	2892	
3 3453	2892	904	
3 3453	2893	939	
3 2925	2924	897	
3 2894	2924	2925	
3 2917	2916	2918	
3 2898	2896	173	
3 2897	1774	174	
3 2895	173	2896	
3 2895	2896	2897	
3 499	2897	2896	
3 172	2901	2900	
3 2898	2900	2901	
3 2902	2899	574	
3 499	2896	2899	
3 2903	172	171	
3 2898	173	2900	
3 2906	2904	574	
3 2904	2902	574	
3 2902	627	2905	
3 2903	171	2929	
3 500	2904	2906	
3 574	2901	2906	
3 500	2909	2904	
3 2908	2905	627	
3 2905	2908	2911	
3 2901	2903	2906	
3 500	2906	2903	
3 2907	2904	2909	
3 2909	2913	2907	
3 627	575	2908	
3 575	1771	2908	
3 500	2912	2909	
3 2910	2913	2914	
3 2926	2910	653	
3 575	627	2910	
3 1771	408	2911	
3 1774	2911	408	
3 699	2912	500	
3 653	2910	2914	
3 2909	2912	2913	
3 2890	2915	2912	
3 2912	2914	2913	
3 2915	2914	2912	
3 2916	2890	896	
3 653	2914	2915	
3 2920	2918	896	
3 2915	2916	2917	
3 2916	896	2918	
3 2919	930	2926	
3 2922	2918	2920	
3 2918	2922	2919	
3 2918	2919	2917	
3 898	930	2919	
3 2891	2920	896	
3 2922	2920	2894	
3 2923	2921	2891	
3 2924	2893	897	
3 2927	2894	2925	
3 2919	2922	898	
3 750	2923	2891	
3 2893	2923	2889	
3 2894	2921	2924	
3 2893	2924	2921	
3 3454	2925	897	
3 898	2927	2928	
3 2919	2926	653	
3 2926	930	3455	
3 2928	2927	2925	
3 898	2922	2927	
3 3454	2928	2925	
3 3789	1053	3761	
3 170	169	2930	
3 2903	2929	501	
3 409	2930	2856	
3 501	2929	2930	
3 2932	2931	277	
3 2933	2931	505	
3 276	2932	277	
3 2936	2932	411	
3 505	2934	2933	
3 577	2961	2965	
3 2935	2934	505	
3 504	2933	2934	
3 2936	2935	505	
3 2935	700	2937	
3 2932	2936	505	
3 2936	411	2938	
3 2939	2937	700	
3 2937	2939	2941	
3 411	2940	2938	
3 2938	2940	2942	
3 2942	2939	700	
3 3589	2939	972	
3 411	506	2945	
3 667	972	2942	
3 2939	655	2941	
3 2941	2944	2943	
3 667	2942	2940	
3 2939	2942	972	
3 2943	630	2966	
3 504	2941	2943	
3 2944	655	2946	
3 630	2943	2944	
3 3340	506	3336	
3 2945	656	2947	
3 3589	655	2939	
3 3456	3571	2946	
3 656	631	2947	
3 2948	2947	631	
3 631	3000	3457	
3 3458	2948	922	
3 2952	2950	188	
3 2949	2950	2951	
3 2949	188	2950	
3 496	2953	2951	
3 2951	2953	2955	
3 1648	2954	187	
3 1642	2952	1648	
3 2848	2953	496	
3 2953	401	2955	
3 2956	2955	401	
3 2952	188	2954	
3 190	189	2955	
3 2957	2956	401	
3 190	2956	2142	
3 2846	2957	401	
3 2142	2957	334	
3 276	275	2958	
3 275	3331	3333	
3 411	2959	506	
3 276	2959	2932	
3 279	2963	2961	
3 2960	2961	2962	
3 2960	279	2961	
3 577	2964	2962	
3 503	2970	2973	
3 278	2963	279	
3 2933	504	2965	
3 2966	2964	577	
3 2973	2970	2967	
3 2933	2965	2963	
3 2968	504	2943	
3 577	2965	2968	
3 2966	630	2969	
3 2970	281	2967	
3 280	2962	2973	
3 504	2968	2965	
3 2943	2966	2968	
3 578	2971	630	
3 2969	630	2971	
3 503	2972	2970	
3 2970	2972	2975	
3 503	2974	2972	
3 503	2969	2974	
3 2972	410	2975	
3 2962	2964	2973	
3 503	2973	2964	
3 2976	2971	578	
3 410	2974	2977	
3 2978	2975	410	
3 282	281	2975	
3 2976	578	2979	
3 2977	340	2978	
3 2974	2976	2977	
3 2980	2976	2979	
3 2977	2978	410	
3 283	2978	340	
3 2946	2979	578	
3 2982	871	340	
3 2981	2980	2979	
3 2981	2982	2980	
3 2979	3571	2981	
3 3571	3627	3650	
3 2981	873	2982	
3 3572	872	284	
3 265	3001	3003	
3 3290	3293	581	
3 2987	2985	271	
3 2984	2985	2986	
3 2984	271	2985	
3 2989	508	2996	
3 2986	508	2989	
3 271	270	2987	
3 2993	270	1871	
3 2990	2988	413	
3 508	2985	2988	
3 2992	412	507	
3 2986	2991	272	
3 413	2994	2995	
3 2998	2996	580	
3 2992	2991	2989	
3 273	272	2991	
3 412	2992	2989	
3 2992	507	3334	
3 413	2987	2993	
3 270	2993	2987	
3 2994	341	2995	
3 413	2993	2994	
3 2995	341	2997	
3 580	2990	2995	
3 508	2990	2996	
3 580	2996	2990	
3 414	3296	3299	
3 2997	3301	3309	
3 2999	2998	580	
3 850	3457	3000	
3 580	2995	3459	
3 3520	3460	2999	
3 412	2998	3000	
3 850	3000	2998	
3 3004	3002	264	
3 3001	3002	3003	
3 3001	264	3002	
3 3006	3003	510	
3 2983	265	3003	
3 264	263	3004	
3 3009	263	1870	
3 3007	3005	416	
3 510	3002	3005	
3 3008	3006	510	
3 415	2983	3006	
3 416	3010	3011	
3 3012	3008	583	
3 510	3007	3008	
3 583	3008	3007	
3 416	3004	3009	
3 263	3009	3004	
3 3010	342	3011	
3 416	3009	3010	
3 3011	342	3013	
3 583	3007	3011	
3 3014	3012	583	
3 3015	3012	657	
3 342	3017	3013	
3 3039	3041	3017	
3 3014	583	3016	
3 3014	944	3461	
3 3015	3303	3300	
3 3294	632	3291	
3 3016	905	3018	
3 3011	3016	583	
3 342	3031	3032	
3 3035	584	3033	
3 3049	3044	760	
3 3014	3018	944	
3 905	3041	3044	
3 3041	3013	3017	
3 3049	760	3051	
3 3018	3021	944	
3 3055	3021	3020	
3 3021	3055	3057	
3 260	1852	3023	
3 3022	3023	3024	
3 3022	260	3023	
3 511	3026	3024	
3 3024	3026	3029	
3 1852	343	3025	
3 3027	3025	343	
3 511	3027	3028	
3 3026	417	3029	
3 3033	3027	343	
3 3027	584	3028	
3 3017	3028	584	
3 417	3026	3028	
3 3030	3029	417	
3 262	261	3029	
3 3031	3030	417	
3 262	3030	1870	
3 417	3028	3032	
3 3031	342	3010	
3 3028	3017	3032	
3 342	3032	3017	
3 3034	343	669	
3 3033	710	3035	
3 3036	3034	669	
3 710	3033	3034	
3 3036	3042	710	
3 3039	3038	3019	
3 1939	3036	669	
3 3036	761	3042	
3 760	3040	3043	
3 3038	3040	3019	
3 584	3035	3038	
3 3040	3035	3037	
3 3039	3019	3041	
3 584	3039	3017	
3 3043	3040	3037	
3 760	3019	3040	
3 3044	3041	3019	
3 905	3013	3041	
3 3042	761	3045	
3 3037	710	3042	
3 3037	797	3043	
3 3048	797	3046	
3 3019	760	3044	
3 3044	3049	3047	
3 761	1945	3045	
3 3052	1945	796	
3 797	3045	3052	
3 3050	3048	3046	
3 3047	3020	3021	
3 905	3044	3047	
3 797	3048	3043	
3 3046	851	3050	
3 3051	3048	3050	
3 3020	3047	3049	
3 3050	851	3054	
3 3051	3020	3049	
3 3048	3051	760	
3 3051	3050	3053	
3 3497	796	3420	
3 851	3046	3052	
3 3056	3050	3054	
3 3055	3053	3056	
3 3054	3702	3573	
3 3059	943	3574	
3 3055	943	3057	
3 3020	3053	3055	
3 3050	3056	3053	
3 3058	3056	3054	
3 3058	3574	943	
3 958	3307	3462	
3 3573	3058	3054	
3 995	3059	3574	
3 3544	3527	958	
3 3544	3522	3059	
3 3063	248	247	
3 3060	3061	3062	
3 3060	248	3061	
3 586	3064	3062	
3 514	3071	3076	
3 247	3077	3072	
3 3061	3065	586	
3 3066	3064	586	
3 3076	3071	3067	
3 3068	3065	3063	
3 3073	3066	3069	
3 3069	586	3065	
3 3066	634	3070	
3 3071	250	3067	
3 249	3062	3076	
3 3063	3072	3068	
3 3068	3072	3078	
3 3068	3069	3065	
3 3079	3069	3068	
3 587	3074	634	
3 3070	634	3074	
3 514	3075	3071	
3 3071	3075	3082	
3 3072	516	3078	
3 3079	3073	3069	
3 3083	3084	3079	
3 3074	3088	3081	
3 514	3081	3075	
3 514	3070	3081	
3 3075	421	3082	
3 3062	3064	3076	
3 514	3076	3064	
3 247	246	3077	
3 3085	3077	246	
3 3086	3078	516	
3 3078	3086	3087	
3 3083	3079	515	
3 3084	3073	3079	
3 3112	3102	3080	
3 587	634	3080	
3 3088	3074	587	
3 3081	3088	3089	
3 3090	3082	421	
3 251	250	3082	
3 3078	3087	515	
3 3083	3087	3094	
3 3091	3084	3083	
3 3080	3073	3084	
3 3098	246	245	
3 516	3092	3086	
3 3092	516	3085	
3 3086	3092	3093	
3 3094	3087	701	
3 3083	515	3087	
3 3095	3088	587	
3 3089	3088	1941	
3 1941	346	3089	
3 3090	3089	346	
3 3090	421	3089	
3 1873	251	3090	
3 3083	3094	3096	
3 3080	3091	658	
3 3097	3092	3085	
3 3093	3092	422	
3 3100	3093	422	
3 3093	3100	3101	
3 3101	3094	701	
3 3101	3096	3094	
3 3095	587	3102	
3 728	1941	3095	
3 658	3091	3096	
3 3096	3091	3083	
3 3098	3097	3085	
3 3097	3098	3099	
3 246	3098	3085	
3 3098	245	3103	
3 517	3104	3099	
3 3106	751	3100	
3 3099	3105	422	
3 422	3105	3100	
3 3101	701	3093	
3 3111	3101	751	
3 587	3080	3102	
3 3112	3080	658	
3 245	244	3103	
3 3107	3103	244	
3 3109	517	588	
3 3105	3106	3100	
3 3099	3104	3105	
3 3106	3105	3104	
3 3104	635	3106	
3 3106	635	3113	
3 3273	244	3271	
3 588	517	3107	
3 3115	899	3111	
3 3112	3108	3463	
3 3135	3109	588	
3 3110	3109	556	
3 3124	3110	556	
3 3116	3110	754	
3 3114	3111	751	
3 3111	3114	3115	
3 658	3108	3112	
3 3463	3108	900	
3 635	3110	3116	
3 3113	792	3114	
3 3113	3114	751	
3 3117	3114	792	
3 857	3141	3576	
3 3108	899	3115	
3 3118	3116	754	
3 792	3113	3116	
3 3120	792	3118	
3 3141	3139	843	
3 3119	3118	754	
3 3118	825	3120	
3 3121	3119	754	
3 3119	793	3122	
3 3120	825	3123	
3 3117	792	3120	
3 3124	3121	754	
3 3121	704	3125	
3 793	755	3126	
3 825	3127	3123	
3 3127	825	3122	
3 3499	3127	826	
3 3110	3124	754	
3 3124	556	3130	
3 704	3129	3128	
3 755	793	3125	
3 2024	826	3126	
3 3127	3126	826	
3 3126	3127	3122	
3 3422	3499	826	
3 474	2023	3128	
3 755	3128	2023	
3 3130	3129	704	
3 3131	3129	557	
3 3124	3130	704	
3 3132	3130	556	
3 557	3133	3131	
3 3137	3133	241	
3 3109	3135	556	
3 3132	3135	3138	
3 3133	557	3136	
3 3137	3134	3131	
3 3137	3131	3133	
3 3280	3134	240	
3 588	3272	3135	
3 3138	243	242	
3 3136	242	241	
3 557	3132	3136	
3 241	240	3137	
3 240	3134	3137	
3 3138	3135	3272	
3 242	3136	3138	
3 857	3117	3139	
3 3139	3117	3120	
3 3140	3499	3539	
3 843	3123	3140	
3 3575	3141	843	
3 940	3576	3141	
3 2700	3142	207	
3 3142	3357	3355	
3 3146	3144	211	
3 3143	3144	3145	
3 3143	211	3144	
3 566	3148	3145	
3 3145	3148	3153	
3 210	3150	3149	
3 3146	3149	3150	
3 3151	3147	621	
3 566	3144	3147	
3 3156	566	3147	
3 3148	487	3153	
3 3154	210	209	
3 3146	211	3149	
3 3158	3155	621	
3 3155	3151	621	
3 651	3152	3156	
3 3168	3167	3152	
3 3148	3157	487	
3 3164	487	3163	
3 213	212	3153	
3 209	3354	3356	
3 488	3155	3158	
3 621	3150	3158	
3 488	3165	3155	
3 651	3156	3151	
3 3152	566	3156	
3 3160	3157	3152	
3 3161	3157	3160	
3 3150	3154	3158	
3 3158	3154	3358	
3 3165	3159	3155	
3 3165	3175	3159	
3 3152	3167	3160	
3 3160	3167	3169	
3 3162	3161	2608	
3 487	3157	3161	
3 3170	3162	2608	
3 3173	393	2592	
3 393	3163	3162	
3 3177	3180	2590	
3 3173	3164	3163	
3 213	3153	3164	
3 488	3360	3174	
3 3166	651	3175	
3 3166	3181	3176	
3 3167	3168	622	
3 3168	3152	651	
3 3169	3167	622	
3 651	3166	3168	
3 3176	3168	3166	
3 3172	3169	622	
3 3171	2594	3170	
3 3171	2608	3169	
3 393	3170	2594	
3 3172	3171	3169	
3 2594	3171	747	
3 3182	622	3176	
3 3172	3182	3184	
3 393	3173	3163	
3 2590	214	3177	
3 3174	3185	3179	
3 3178	3166	3175	
3 3165	3174	3175	
3 3178	665	3181	
3 3166	3178	3181	
3 622	3182	3172	
3 3185	3174	623	
3 3180	213	3164	
3 3175	3174	3178	
3 3179	3178	3174	
3 3179	3185	3186	
3 3164	3173	3180	
3 2590	3180	3173	
3 665	3186	3183	
3 3182	3181	937	
3 3181	3182	3176	
3 3184	3182	937	
3 3577	3183	971	
3 937	3181	3183	
3 937	2609	3184	
3 747	3184	2609	
3 3362	623	3361	
3 3186	3185	957	
3 3464	3186	957	
3 3183	3186	971	
3 3519	926	3452	
3 957	3185	3187	
3 2562	3188	223	
3 3189	3188	482	
3 482	481	3189	
3 3192	3194	3196	
3 226	3191	3193	
3 2563	3190	480	
3 225	3194	3192	
3 3191	3192	3193	
3 3191	225	3192	
3 3195	3193	562	
3 3190	226	3193	
3 224	3194	225	
3 3196	3189	481	
3 3197	3195	562	
3 3190	3195	480	
3 3189	3196	3194	
3 562	3198	3197	
3 562	3196	3198	
3 3197	619	3211	
3 3196	481	3198	
3 3197	3199	619	
3 3198	481	3199	
3 3199	3201	3200	
3 3202	3200	746	
3 3200	3202	3204	
3 3203	481	695	
3 746	3200	3201	
3 3207	746	3205	
3 3202	3207	3213	
3 2580	3203	695	
3 746	3201	3203	
3 3212	3202	786	
3 619	3214	3211	
3 2580	3206	3205	
3 3207	3202	746	
3 3208	2580	2586	
3 3213	3207	2587	
3 3205	3206	3207	
3 2587	3207	3206	
3 2586	3209	3208	
3 2587	3208	3210	
3 2585	3209	2586	
3 3210	3209	2584	
3 3218	2584	3217	
3 2587	3210	978	
3 619	3204	3214	
3 389	480	3211	
3 3215	3212	786	
3 3214	3212	2568	
3 2587	978	3213	
3 978	3220	3471	
3 3212	3214	3204	
3 3216	3214	2568	
3 3469	786	3467	
3 2568	3468	2569	
3 3216	2568	2569	
3 389	3211	3216	
3 785	3217	2584	
3 3210	3218	978	
3 1063	3219	3217	
3 3218	3217	3219	
3 3219	3592	3470	
3 3218	3220	978	
3 3470	3220	3219	
3 978	3471	3213	
3 230	3349	3351	
3 3221	3263	3260	
3 3225	3223	233	
3 3222	3223	3224	
3 3222	233	3223	
3 559	3227	3224	
3 3224	3227	3232	
3 232	3229	3228	
3 3225	3228	3229	
3 3230	3226	616	
3 559	3223	3226	
3 3235	559	3226	
3 3227	477	3232	
3 3233	3229	232	
3 3225	233	3228	
3 3229	3233	3237	
3 3237	616	3229	
3 649	3231	3235	
3 3247	3246	3231	
3 3227	3236	477	
3 3243	477	3242	
3 235	234	3232	
3 232	231	3233	
3 3260	231	3221	
3 3234	3253	3244	
3 3230	3238	649	
3 649	3235	3230	
3 3231	559	3235	
3 3239	3236	3231	
3 3240	3236	3239	
3 560	3237	3233	
3 3234	616	3237	
3 3234	3244	3238	
3 3257	3245	3254	
3 3231	3246	3239	
3 3239	3246	3248	
3 3241	3240	2025	
3 477	3236	3240	
3 3249	3241	2025	
3 3252	388	1989	
3 388	3242	3241	
3 3256	3259	1987	
3 3252	3243	3242	
3 235	3232	3243	
3 3253	3234	560	
3 3254	3245	649	
3 3245	3261	3255	
3 3246	3247	617	
3 3247	3231	649	
3 3248	3246	617	
3 649	3245	3247	
3 3255	3247	3245	
3 3251	3248	617	
3 3250	1991	3249	
3 3250	2025	3248	
3 388	3249	1991	
3 3251	3250	3248	
3 1991	3250	744	
3 3262	617	3255	
3 3251	3262	3265	
3 388	3252	3242	
3 1987	236	3256	
3 3263	3253	560	
3 3266	3253	478	
3 3244	708	3254	
3 3257	664	3261	
3 3245	3257	3261	
3 617	3262	3251	
3 3266	3258	708	
3 3259	235	3243	
3 3254	708	3257	
3 3258	3257	708	
3 3472	3270	3258	
3 3243	3252	3259	
3 1987	3259	3252	
3 560	3233	3260	
3 231	3260	3233	
3 3264	3261	664	
3 3262	3261	913	
3 3261	3262	3255	
3 3265	3262	913	
3 3253	3263	478	
3 560	3260	3263	
3 3270	3264	664	
3 3264	3270	3473	
3 913	2015	3265	
3 744	3265	2015	
3 3267	3266	478	
3 3258	3266	759	
3 3268	3267	478	
3 3444	3267	618	
3 3353	478	3221	
3 3352	3269	561	
3 2565	3269	479	
3 618	3268	3269	
3 3270	914	3473	
3 664	3258	3270	
3 3138	3272	243	
3 3273	3107	244	
3 3271	243	3272	
3 3271	3272	3273	
3 588	3273	3272	
3 54	2140	3275	
3 3274	3275	3276	
3 3274	54	3275	
3 3278	3276	531	
3 1889	55	3276	
3 1903	3277	439	
3 531	3275	3277	
3 3279	3278	531	
3 1892	3278	438	
3 1903	3279	531	
3 438	3279	1898	
3 239	3383	3385	
3 3134	3280	558	
3 259	258	3281	
3 1477	3281	258	
3 268	3283	3285	
3 3282	414	3302	
3 3286	3284	267	
3 3283	3284	3285	
3 3283	267	3284	
3 3288	3285	509	
3 3282	268	3285	
3 266	3290	3289	
3 3286	3289	3290	
3 3291	3287	581	
3 509	3284	3287	
3 3295	509	3287	
3 3282	3288	414	
3 266	2983	3290	
3 3286	267	3289	
3 3293	3290	2983	
3 581	3293	3297	
3 632	3292	3295	
3 3304	3292	632	
3 3296	3292	3298	
3 2983	415	3293	
3 415	3294	3297	
3 3297	3291	581	
3 415	3015	3294	
3 632	3295	3291	
3 3292	509	3295	
3 3298	3292	582	
3 3296	3298	3299	
3 415	3297	3293	
3 3294	3291	3297	
3 3309	3298	582	
3 3301	341	3299	
3 3301	3299	3298	
3 3302	3299	341	
3 3303	3015	657	
3 3292	3304	582	
3 3309	3301	3298	
3 341	3301	2997	
3 2994	3302	341	
3 3282	3302	1871	
3 3303	3306	3305	
3 3305	3304	3300	
3 632	3300	3304	
3 3305	3300	3303	
3 3306	3303	657	
3 3305	3308	3310	
3 3461	657	3012	
3 3308	3306	3307	
3 3474	3307	958	
3 3308	3307	928	
3 3311	3309	3310	
3 3305	3306	3308	
3 3310	582	3305	
3 874	2997	3309	
3 3311	3308	928	
3 3309	582	3310	
3 3312	3311	928	
3 874	3309	3311	
3 3529	928	3474	
3 3312	993	3612	
3 152	2613	3314	
3 3313	3314	3315	
3 3313	152	3314	
3 3317	3315	543	
3 2683	153	3315	
3 3316	454	3318	
3 543	3314	3316	
3 3319	543	2693	
3 453	2683	3317	
3 3320	3318	454	
3 3321	606	2693	
3 2690	3319	2693	
3 453	3317	3319	
3 3326	3320	454	
3 368	2657	3320	
3 3318	3320	3321	
3 3322	3320	2657	
3 2657	3323	3322	
3 3322	3323	3324	
3 2657	2655	3327	
3 3323	2658	3324	
3 3328	2658	810	
3 2690	3325	758	
3 606	3324	3325	
3 3324	2658	3328	
3 2613	3326	454	
3 2527	368	3326	
3 2655	2656	3327	
3 2658	3327	2656	
3 3330	912	2694	
3 3325	3329	758	
3 3329	3328	3330	
3 2694	758	3329	
3 3328	810	3330	
3 3533	810	3475	
3 3334	3332	274	
3 3331	3332	3333	
3 3331	274	3332	
3 3336	3333	579	
3 2958	275	3333	
3 274	273	3334	
3 2992	3334	273	
3 507	3337	3339	
3 579	3332	3335	
3 3338	3336	579	
3 2958	3336	506	
3 3000	3337	507	
3 656	3337	631	
3 3338	579	3339	
3 3338	656	3340	
3 507	3339	3335	
3 3339	3337	656	
3 656	2945	3340	
3 2945	506	3340	
3 127	2536	3342	
3 3341	3342	2558	
3 3341	127	3342	
3 131	2490	3344	
3 3343	3344	3345	
3 3343	131	3344	
3 3347	3345	548	
3 2667	132	3345	
3 2681	3346	461	
3 548	3344	3346	
3 3348	3347	548	
3 2670	3347	460	
3 2681	3348	548	
3 460	3348	2680	
3 229	2567	3350	
3 3349	3350	3351	
3 3349	229	3350	
3 3353	3351	561	
3 3221	230	3351	
3 3269	3352	479	
3 561	3350	3352	
3 561	3268	3353	
3 478	3353	3268	
3 208	3142	3355	
3 3354	3355	3356	
3 3354	208	3355	
3 3358	3356	567	
3 3154	209	3356	
3 3359	3357	489	
3 567	3355	3357	
3 3360	3358	567	
3 3158	3358	488	
3 3361	489	394	
3 3174	3360	623	
3 567	3359	3360	
3 623	3360	3359	
3 3361	394	3362	
3 623	3359	3361	
3 3362	394	2704	
3 3187	3362	926	
3 204	2758	3364	
3 3363	3364	3365	
3 3363	204	3364	
3 3367	3365	568	
3 2702	205	3365	
3 2758	395	3366	
3 2776	3366	395	
3 3368	568	2776	
3 2702	3367	490	
3 624	3368	2776	
3 490	3368	2704	
3 3372	3370	84	
3 3369	3370	3371	
3 3369	84	3370	
3 3373	3371	592	
3 2210	85	3371	
3 2044	3374	83	
3 2043	3372	2044	
3 592	2054	3375	
3 2210	3373	523	
3 638	3375	2054	
3 3372	84	3374	
3 523	3375	2213	
3 161	3379	3377	
3 3376	3377	3378	
3 3376	161	3377	
3 3380	3378	603	
3 2850	162	3378	
3 160	3379	161	
3 3381	2780	450	
3 603	2737	3382	
3 2850	3380	540	
3 2780	3381	3379	
3 2737	3381	450	
3 2737	2739	3382	
3 540	3382	2739	
3 238	3386	3384	
3 3383	3384	3385	
3 3383	238	3384	
3 3387	3385	615	
3 3280	239	3385	
3 237	3386	238	
3 3388	1988	475	
3 2016	3387	615	
3 3280	3387	558	
3 1988	3388	3386	
3 3389	475	2004	
3 2016	3389	2004	
3 615	3388	3389	
3 1973	3390	320	
3 1478	3390	347	
3 519	1982	3391	
3 3391	1982	933	
3 876	3392	1523	
3 907	1524	3392	
3 3684	3394	1025	
3 1585	27	3393	
3 1552	1586	3394	
3 801	1602	3395	
3 3395	1602	716	
3 565	2612	3396	
3 3397	2612	938	
3 938	3476	3534	
3 979	3396	3397	
3 2849	3398	571	
3 2771	3398	984	
3 984	3398	3399	
3 2849	3399	3398	
3 3478	3400	981	
3 1652	3400	833	
3 838	1705	3401	
3 1021	3401	1705	
3 3580	3402	917	
3 3402	839	3403	
3 3403	820	818	
3 3403	839	3479	
3 3410	3484	3483	
3 3485	3486	3404	
3 3489	3405	1724	
3 3491	3480	3490	
3 1776	1781	3406	
3 1781	3407	3408	
3 3481	1781	880	
3 968	3409	3581	
3 3409	3407	3581	
3 3408	3407	3409	
3 947	3484	3485	
3 3408	3410	879	
3 3410	3409	3482	
3 3410	3482	3484	
3 3492	808	1601	
3 846	1839	3411	
3 3582	3412	923	
3 3412	3582	3583	
3 1869	3413	953	
3 3413	969	3414	
3 3414	969	3415	
3 1904	659	3414	
3 969	963	3415	
3 3493	885	1984	
3 3560	3416	859	
3 3416	1044	3494	
3 3584	3417	952	
3 963	969	3417	
3 932	1984	3418	
3 729	3418	1984	
3 906	3419	1944	
3 1947	3419	1943	
3 3496	3420	945	
3 3420	3496	3497	
3 886	3421	1981	
3 933	1982	3421	
3 2022	3498	3422	
3 3140	3127	3499	
3 3423	990	3818	
3 951	2031	3423	
3 2080	807	3424	
3 3500	910	2178	
3 3425	974	3681	
3 776	2101	3425	
3 1054	987	3426	
3 3426	987	3540	
3 933	3421	3501	
3 3427	3501	3541	
3 3428	910	3540	
3 3428	948	3503	
3 2047	3429	909	
3 3429	731	2066	
3 3502	3430	2181	
3 909	2183	3430	
3 3559	663	901	
3 3431	902	3687	
3 3505	3432	936	
3 2209	3432	742	
3 889	3433	2304	
3 935	2305	3433	
3 3434	935	3688	
3 779	3697	3563	
3 2374	980	3435	
3 3436	991	3585	
3 3435	980	3436	
3 3621	980	3561	
3 811	835	3437	
3 3586	3437	835	
3 955	2499	3439	
3 3438	970	3440	
3 2499	954	3439	
3 970	3439	954	
3 3440	970	3441	
3 2682	661	3440	
3 970	964	3441	
3 3507	888	2308	
3 3701	861	3699	
3 3442	2497	3701	
3 3749	2483	3683	
3 3749	3689	3443	
3 2569	817	3444	
3 3444	3526	3472	
3 2308	3445	934	
3 2301	3445	735	
3 3446	2697	3508	
3 911	2699	3446	
3 3533	3552	912	
3 3509	3510	2751	
3 3786	1060	3755	
3 3550	2752	842	
3 3716	862	3597	
3 863	3696	3523	
3 3450	863	3451	
3 2775	2778	3450	
3 3452	3451	863	
3 926	2705	3451	
3 3523	3452	863	
3 3465	956	3464	
3 2892	3453	939	
3 3661	3588	3637	
3 3454	897	3588	
3 3454	3661	3672	
3 1778	3455	930	
3 1773	3455	727	
3 973	927	3456	
3 3571	3456	927	
3 3521	850	3460	
3 922	2948	3457	
3 3590	3458	922	
3 3458	3590	3638	
3 2997	874	3459	
3 3520	3459	874	
3 3639	3590	922	
3 850	3521	3457	
3 3461	944	3462	
3 3307	657	3461	
3 3021	3462	944	
3 3522	3057	3059	
3 3591	3463	900	
3 883	931	3463	
3 3465	3464	957	
3 3466	3464	956	
3 3519	3465	957	
3 3523	3465	3452	
3 3523	3606	956	
3 965	971	3466	
3 3594	3213	3471	
3 3607	989	3543	
3 3215	786	3469	
3 817	2569	3468	
3 3525	3469	3467	
3 817	3468	3469	
3 3592	3219	1063	
3 3985	3992	4000	
3 3593	3471	3220	
3 1056	3607	3594	
3 759	3444	3472	
3 3526	3444	817	
3 914	3543	3611	
3 3264	3595	913	
3 3527	3474	958	
3 3529	3474	994	
3 780	3625	2654	
3 3547	988	3613	
3 938	3567	3624	
3 3476	3722	3217	
3 3596	3477	865	
3 3477	3596	3597	
3 1704	3478	981	
3 3478	992	3598	
3 3479	839	3599	
3 821	3479	1706	
3 3600	3480	961	
3 3480	3600	3478	
3 3717	3601	3761	
3 3481	3761	3581	
3 3409	968	3482	
3 3486	3487	3404	
3 3483	947	1721	
3 879	3410	3483	
3 3485	3484	3482	
3 947	3483	3484	
3 3486	3485	3482	
3 3485	3404	3489	
3 968	3488	3482	
3 3486	3488	3487	
3 3486	3482	3488	
3 3487	3488	3535	
3 3536	3488	968	
3 3488	3536	3535	
3 3489	3404	3490	
3 947	3489	1724	
3 3491	3490	3404	
3 3480	3405	3490	
3 3487	3491	3404	
3 3480	3491	961	
3 1601	921	3492	
3 846	3492	921	
3 3415	963	3493	
3 3602	3493	963	
3 1044	1045	3494	
3 3584	1045	1032	
3 3537	3495	882	
3 945	3538	3496	
3 3538	945	3495	
3 3496	3538	3549	
3 3603	3497	959	
3 3052	796	3497	
3 951	3498	2022	
3 3539	3499	3498	
3 3422	3498	3499	
3 3539	3498	919	
3 3424	807	3500	
3 3540	3500	807	
3 886	3678	3743	
3 3427	3541	2124	
3 910	3502	2181	
3 3428	3503	3504	
3 3503	948	3679	
3 806	909	3503	
3 3428	3504	3502	
3 3503	909	3504	
3 936	891	3505	
3 3505	891	3690	
3 3604	3506	915	
3 3622	3564	836	
3 3441	964	3507	
3 3605	3507	964	
3 912	3508	2697	
3 3509	3508	3447	
3 3510	3509	3447	
3 3511	3509	2751	
3 3552	3533	3547	
3 2751	3510	949	
3 2753	3511	2751	
3 3446	3511	911	
3 3614	3514	3613	
3 949	3510	3513	
3 3447	3513	3510	
3 3514	3513	3512	
3 3613	3512	3547	
3 3516	3515	3514	
3 3720	3514	3614	
3 949	3515	3517	
3 3695	3754	1082	
3 3695	1060	3517	
3 3695	3517	3516	
3 1060	2754	3517	
3 2756	3518	2757	
3 3542	3518	3448	
3 3465	3519	3452	
3 957	3187	3519	
3 3312	3520	874	
3 993	3546	3612	
3 3521	3460	3639	
3 922	3457	3521	
3 958	3462	3522	
3 3057	3522	3462	
3 3696	863	3449	
3 956	3606	3524	
3 3908	3655	1034	
3 3466	956	3524	
3 3607	3525	3467	
3 3526	3543	914	
3 3525	3526	817	
3 914	3472	3526	
3 958	3522	3544	
3 3527	3544	3528	
3 3608	3528	995	
3 994	3531	3530	
3 3530	3529	994	
3 3312	928	3529	
3 994	3528	3531	
3 3312	3530	993	
3 3608	3531	3528	
3 3530	3532	993	
3 996	3545	3531	
3 3532	3531	3545	
3 810	3533	3330	
3 3547	3533	3475	
3 3476	785	3534	
3 1611	3534	785	
3 1037	3673	3738	
3 3600	3663	992	
3 3822	968	3581	
3 3536	3822	3906	
3 883	3609	1946	
3 1946	3609	3537	
3 3548	3538	3495	
3 3538	3548	3549	
3 3610	3539	919	
3 3703	3575	843	
3 3426	3540	807	
3 3540	987	3819	
3 3501	1016	3541	
3 1061	3541	1016	
3 3542	3448	3550	
3 2743	3542	842	
3 3607	3543	3525	
3 3611	3646	3641	
3 3059	995	3544	
3 3528	3544	995	
3 3551	3615	3545	
3 3546	986	3612	
3 3532	3545	3546	
3 3551	3545	996	
3 988	3547	3475	
3 3552	3553	3447	
3 3495	3537	3548	
3 3537	966	3548	
3 3816	3549	966	
3 3728	3645	959	
3 3786	3550	3448	
3 3798	3805	1010	
3 3820	3551	996	
3 986	3546	3615	
3 3553	3552	3547	
3 3508	3552	3447	
3 3547	3512	3553	
3 3513	3553	3512	
3 831	800	3554	
3 800	1603	3616	
3 852	3648	3666	
3 3556	3555	1118	
3 3821	3556	1118	
3 921	1600	3556	
3 3395	3557	801	
3 3617	3557	1024	
3 921	3858	846	
3 1845	3558	3619	
3 2073	902	3559	
3 3431	3559	902	
3 1044	3560	1042	
3 859	2151	3560	
3 3620	3561	803	
3 3436	3621	991	
3 3562	832	3585	
3 835	802	3562	
3 3697	779	3434	
3 3563	3697	3698	
3 3622	836	3506	
3 916	3564	3765	
3 3649	3729	3765	
3 3886	3831	3867	
3 3689	860	3443	
3 2552	3699	861	
3 3623	3567	895	
3 3624	3476	938	
3 3723	3625	3568	
3 780	2652	3568	
3 3569	942	3570	
3 856	3569	2750	
3 3626	3570	942	
3 3660	3637	904	
3 2946	3571	2979	
3 3826	3627	927	
3 2982	873	3572	
3 3667	3572	873	
3 3702	3054	851	
3 1038	1022	3573	
3 3628	3058	3573	
3 3652	3608	995	
3 3703	843	3140	
3 3653	940	3827	
3 3629	3576	940	
3 3108	3576	900	
3 971	965	3577	
3 3577	965	3630	
3 3632	858	3670	
3 3657	3669	999	
3 3704	3579	1021	
3 3705	3579	1065	
3 917	3579	3705	
3 3643	3599	3580	
3 3481	3581	3407	
3 1112	3859	3814	
3 3632	923	1834	
3 3582	923	3632	
3 3633	3583	1031	
3 3583	3633	3634	
3 3494	3584	952	
3 1032	1051	3823	
3 3706	3585	991	
3 1020	3635	3585	
3 3635	835	3562	
3 3586	3635	3636	
3 3907	3587	1068	
3 1033	3782	3919	
3 904	3637	3453	
3 3453	3637	3588	
3 973	3456	3589	
3 655	3589	3456	
3 922	3521	3639	
3 3647	3615	3551	
3 3654	900	3629	
3 3731	3791	3591	
3 1063	3722	3640	
3 3592	3640	3662	
3 3220	3470	3593	
3 3707	3593	3470	
3 1056	3594	3471	
3 3467	786	3594	
3 3641	3595	3473	
3 2028	3595	950	
3 865	1720	3596	
3 3708	1720	868	
3 1069	3696	3788	
3 2777	3716	3449	
3 3642	3598	992	
3 1705	3598	1021	
3 839	3580	3599	
3 3643	3580	1003	
3 3535	3644	961	
3 3600	961	3644	
3 3800	2928	1058	
3 3481	3717	3761	
3 3823	963	3584	
3 3678	886	1985	
3 3645	3603	959	
3 3052	3603	851	
3 3725	915	3636	
3 3726	3604	3725	
3 3605	3782	3747	
3 3748	3682	3746	
3 3696	3606	3523	
3 1034	3606	1069	
3 3594	3607	3467	
3 3718	3607	1056	
3 3652	3574	3628	
3 3923	3608	1093	
3 883	3591	3609	
3 3767	3791	3731	
3 3423	3818	919	
3 3856	3934	3818	
3 3646	3543	989	
3 3595	3641	950	
3 3460	3612	986	
3 3612	3520	3312	
3 3614	3613	988	
3 3514	3512	3613	
3 988	3723	3824	
3 3614	3836	3720	
3 3551	3820	3647	
3 3590	3639	3735	
3 1603	982	3616	
3 3616	982	3648	
3 3721	3617	1024	
3 3665	3617	1039	
3 3829	3884	3864	
3 1845	3619	858	
3 3558	3618	3619	
3 3863	3829	3618	
3 803	946	3620	
3 946	3742	3825	
3 3620	3621	3561	
3 960	991	3621	
3 3506	3604	3622	
3 3649	3604	1002	
3 895	3732	3768	
3 3803	3882	3623	
3 3567	3623	3624	
3 1018	3624	3623	
3 1055	3723	3568	
3 810	2654	3625	
3 942	3550	3881	
3 1008	3626	3853	
3 3651	3627	1067	
3 2981	3650	873	
3 3573	1022	3628	
3 3628	3730	3652	
3 3653	3629	940	
3 3654	3591	900	
3 3655	3630	965	
3 3630	3655	3656	
3 3674	999	3669	
3 3631	3674	3669	
3 858	3619	3670	
3 3582	3658	1031	
3 3659	1031	3658	
3 3633	1031	3659	
3 1042	3560	3634	
3 2155	3634	3560	
3 3585	3635	3562	
3 3636	3635	1020	
3 3724	3636	1020	
3 915	3725	3604	
3 3660	904	3570	
3 3734	3660	3626	
3 3458	3638	972	
3 3638	1015	3727	
3 3460	986	3639	
3 3664	3615	3647	
3 3640	3861	3828	
3 3592	3662	3470	
3 3473	3611	3641	
3 3611	3543	3646	
3 3663	3600	3644	
3 1065	3579	3704	
3 3643	3834	3713	
3 3713	3711	1718	
3 3644	3738	3673	
3 3739	3663	3673	
3 959	3549	3728	
3 3645	1038	3702	
3 3835	989	3718	
3 3835	3929	3646	
3 3735	1015	3590	
3 3615	3664	986	
3 982	3617	3665	
3 3665	3666	3648	
3 3649	1002	3729	
3 3564	3622	3649	
3 3571	3650	2981	
3 3651	3650	3627	
3 1067	1027	3651	
3 3667	872	3572	
3 3730	3628	1022	
3 1093	3608	3652	
3 3575	3827	940	
3 3827	3575	1006	
3 3629	3653	3654	
3 3731	3653	1014	
3 965	3524	3655	
3 1034	3655	3524	
3 3656	3792	3768	
3 894	3732	2610	
3 3657	999	3668	
3 3394	870	3657	
3 3659	3658	1005	
3 3770	3769	3659	
3 3633	3671	1042	
3 3570	3626	3660	
3 3660	3734	3661	
3 3660	3661	3637	
3 3454	3672	1058	
3 3828	3662	3640	
3 3662	1076	3992	
3 3673	3663	3644	
3 3642	992	3663	
3 3664	3647	3735	
3 3639	986	3664	
3 1039	1030	3665	
3 3666	3555	852	
3 3665	1030	3666	
3 3736	3666	1030	
3 3651	1027	3667	
3 1001	3667	1027	
3 3740	999	3675	
3 3668	3740	3737	
3 3578	26	3669	
3 3631	3669	26	
3 3829	3619	3618	
3 1005	3658	3670	
3 3769	3671	3659	
3 1040	1042	3671	
3 3734	3672	3661	
3 3880	3889	1008	
3 3738	3644	3535	
3 3704	3778	3779	
3 3631	25	3674	
3 25	3830	3675	
3 3675	3780	3740	
3 999	3674	3675	
3 877	3694	3741	
3 876	3676	3742	
3 3677	3715	3712	
3 3710	3596	3708	
3 3602	1011	3678	
3 3743	1011	1080	
3 3679	948	3744	
3 1059	3679	3745	
3 1074	4115	4067	
3 3681	3680	1054	
3 974	2122	3681	
3 3680	3681	2122	
3 3605	3746	888	
3 3682	888	3746	
3 3831	867	3565	
3 997	3689	3749	
3 3777	3684	1025	
3 3684	1000	3395	
3 3750	3685	962	
3 1019	990	3685	
3 3425	3681	3686	
3 1054	3686	3681	
3 902	3751	3687	
3 1057	3691	3752	
3 935	889	3688	
3 3748	3688	889	
3 3832	3700	3566	
3 3566	860	3689	
3 3691	3690	891	
3 3690	3691	3692	
3 3752	3691	891	
3 3753	3691	1057	
3 3693	3692	892	
3 646	890	3692	
3 3693	892	3694	
3 646	3693	929	
3 892	3691	3753	
3 3694	3753	3741	
3 3754	3695	3516	
3 3695	1082	3755	
3 3788	3716	3760	
3 3606	3696	1069	
3 3756	3434	3688	
3 3698	3697	1062	
3 3756	3787	1062	
3 3568	3758	1055	
3 3566	3700	3699	
3 3442	3701	3587	
3 3832	3566	3689	
3 3587	3700	1068	
3 3699	3700	3701	
3 3587	3701	3700	
3 3702	851	3603	
3 1038	3573	3702	
3 3610	3703	3539	
3 1006	3575	3703	
3 3663	3739	3642	
3 3739	3673	3778	
3 3833	3705	1065	
3 1003	3580	3705	
3 3909	991	960	
3 3706	3837	3724	
3 3470	3662	3992	
3 3985	3978	3718	
3 868	3709	3708	
3 3710	998	3596	
3 3711	868	1718	
3 3677	3712	3710	
3 3708	3709	3710	
3 3677	3710	3709	
3 1718	918	3713	
3 3715	3714	1029	
3 3677	3714	3715	
3 3845	1069	3760	
3 3834	3643	1003	
3 3714	3713	1029	
3 3677	3711	3714	
3 3713	3714	3711	
3 3928	1029	3834	
3 3715	3759	3918	
3 862	3716	2777	
3 3716	3597	3760	
3 930	3717	880	
3 898	3601	3717	
3 3707	3718	1056	
3 3929	1019	3750	
3 1014	3801	3767	
3 3719	3801	3809	
3 3614	3824	3836	
3 3754	3720	1073	
3 3762	1024	1000	
3 3763	1043	1030	
3 3624	1018	3722	
3 3640	3722	1018	
3 3824	3723	1055	
3 3475	3723	988	
3 1020	3706	3724	
3 3706	3909	3837	
3 3724	3725	3636	
3 3726	3725	1064	
3 3764	3726	1064	
3 1002	3604	3726	
3 1015	3735	3840	
3 3727	3931	3838	
3 3549	1070	3728	
3 3728	1070	3839	
3 3965	3950	3764	
3 3729	1028	3866	
3 3766	3730	1022	
3 1093	3652	3730	
3 3767	3731	1014	
3 3591	3654	3731	
3 3768	3732	3656	
3 895	2610	3732	
3 3733	3769	3770	
3 1040	3769	3771	
3 3626	1008	3734	
3 3672	3734	1008	
3 1092	3930	3647	
3 3930	3840	3735	
3 3841	3736	1030	
3 1118	3555	3736	
3 3776	3737	1066	
3 3737	3776	3777	
3 3535	1097	3738	
3 3842	3738	1097	
3 3778	3673	1037	
3 3704	3642	3739	
3 3780	3675	1023	
3 3737	3740	1066	
3 3936	3872	3843	
3 967	3825	3742	
3 3676	3741	3742	
3 3843	3742	3741	
3 1011	3743	3678	
3 1016	3743	1080	
3 3428	3819	948	
3 3744	3819	3922	
3 3679	3744	3745	
3 3744	1081	3745	
3 3605	3747	3746	
3 3783	3746	3747	
3 3605	964	3782	
3 3748	3746	3783	
3 3783	3747	1012	
3 3748	3795	3688	
3 2483	3749	864	
3 3749	3683	997	
3 962	950	3750	
3 3929	950	3646	
3 3912	902	941	
3 3751	3913	3752	
3 3687	3752	891	
3 3913	3751	1007	
3 3917	3753	1057	
3 3741	3753	1052	
3 3720	3754	3516	
3 3754	1073	3784	
3 3785	3755	1082	
3 1060	3786	3448	
3 3688	1017	3756	
3 3787	3756	1017	
3 3757	3873	3844	
3 3844	3758	3698	
3 976	3698	3758	
3 3844	3698	3757	
3 4014	4013	1121	
3 3918	3845	3712	
3 3597	998	3760	
3 3845	998	3712	
3 3789	3761	3601	
3 3761	1053	3859	
3 3849	1000	3777	
3 3763	3762	1041	
3 3762	3763	3721	
3 1041	1043	3763	
3 1064	3837	3870	
3 3965	3911	3950	
3 3649	3765	3564	
3 3765	3729	3866	
3 3766	1022	3846	
3 3766	1109	3847	
3 1014	3790	3801	
3 3767	3719	3791	
3 3792	3656	1013	
3 895	3768	3623	
3 3770	3659	1005	
3 3769	3733	3771	
3 1005	3772	3770	
3 3770	3772	3774	
3 3733	3773	3771	
3 3775	1040	3771	
3 3864	1005	3670	
3 3774	3793	3851	
3 3733	3770	3774	
3 3775	1046	1047	
3 3772	3884	3893	
3 3774	3772	3793	
3 1046	3775	3773	
3 1045	3775	1047	
3 1066	3780	3850	
3 1066	3850	3776	
3 3849	3777	1078	
3 3684	3777	1000	
3 3778	1037	3779	
3 3704	3739	3778	
3 1037	3842	3932	
3 1065	3868	3833	
3 3781	3780	1023	
3 1066	3740	3780	
3 1023	3865	3896	
3 3848	3850	1077	
3 964	954	3919	
3 3782	1033	4003	
3 3794	3783	1012	
3 3748	3783	3795	
3 3796	3784	1073	
3 3798	3797	1087	
3 3797	3785	1082	
3 3785	3797	3798	
3 3785	3786	3755	
3 3550	3786	1010	
3 3787	1017	3799	
3 3757	1062	3787	
3 3716	3788	3449	
3 1069	3788	3760	
3 3601	3800	3789	
3 3806	3810	3808	
3 1014	3653	3927	
3 1102	3807	3920	
3 3537	3791	3719	
3 3591	3791	3609	
3 3802	3792	1013	
3 3768	3792	3803	
3 4020	3793	1130	
3 3851	3773	3774	
3 1012	4003	4068	
3 3794	1137	3799	
3 3783	3794	3795	
3 3799	3795	3794	
3 4004	3796	1073	
3 3796	4004	4005	
3 3784	3796	3797	
3 1085	3797	3796	
3 3804	3798	1087	
3 3798	3804	3805	
3 3799	1017	3795	
3 4006	3799	1137	
3 2928	3800	3601	
3 1058	3806	3808	
3 3807	3790	3920	
3 3807	3801	3790	
3 1013	3908	4012	
3 3890	3882	3802	
3 3792	3802	3803	
3 3882	3861	1018	
3 3852	3804	1087	
3 3804	3852	3879	
3 1091	3853	3805	
3 3881	3550	1010	
3 1058	3672	3854	
3 3813	3810	3806	
3 3811	3809	3807	
3 3801	3807	3809	
3 3789	3800	3808	
3 1058	3808	3800	
3 3807	1102	3811	
3 3537	3812	966	
3 3854	3813	3806	
3 1053	3810	3814	
3 3855	4052	4040	
3 3816	966	3815	
3 3719	3809	3812	
3 3815	3809	3811	
3 3921	3813	4016	
3 3921	3963	3944	
3 3810	3813	3814	
3 1108	4016	3813	
3 3816	3815	3811	
3 966	3812	3815	
3 4052	3811	1102	
3 3816	1070	3549	
3 3951	3912	941	
3 841	2069	3817	
3 4077	3856	990	
3 3610	919	3818	
3 3922	3819	987	
3 3744	948	3819	
3 996	3608	3923	
3 3820	1110	3924	
3 3857	3821	1118	
3 3821	1004	3858	
3 3822	3581	3859	
3 3906	3822	1112	
3 1032	3823	3584	
3 1011	3823	1051	
3 3844	1055	3758	
3 3824	3888	3836	
3 3860	3825	967	
3 960	3620	3825	
3 3838	927	973	
3 3826	1035	3925	
3 3926	3827	1006	
3 3653	3827	3927	
3 3861	3640	1018	
3 3828	3861	3862	
3 3863	3618	1004	
3 1005	3864	3772	
3 3565	3866	3831	
3 3830	3865	3675	
3 3866	3867	3831	
3 3886	3897	997	
3 1068	3700	3832	
3 3868	1065	3779	
3 3833	3868	3869	
3 3833	3869	1003	
3 3869	3928	3834	
3 3968	3835	3978	
3 1019	3929	3955	
3 1104	3962	4004	
3 1073	3720	3836	
3 3837	1036	3870	
3 1064	3724	3837	
3 1035	3826	3838	
3 927	3838	3826	
3 3871	3839	1070	
3 3846	3876	1079	
3 3735	3647	3930	
3 3727	3840	3931	
3 1043	3841	1030	
3 3857	3935	1119	
3 3945	1097	3906	
3 1037	3932	3779	
3 1052	3843	3741	
3 1052	3936	3843	
3 3757	1075	3873	
3 1055	3844	3874	
3 3712	3715	3918	
3 3845	4014	1069	
3 1038	3875	1022	
3 3839	3875	1038	
3 3877	3847	1109	
3 3923	1110	3820	
3 4035	1077	3987	
3 3933	3848	1142	
3 3849	1078	3933	
3 3762	1000	3849	
3 1077	3850	3781	
3 3848	3776	3850	
3 4020	1130	3941	
3 3851	4020	4069	
3 1087	1085	3852	
3 4007	3852	1085	
3 3853	1091	3880	
3 3626	942	3881	
3 3889	3672	1008	
3 3854	1116	1108	
3 1079	3871	4009	
3 3875	3876	3846	
3 3856	4028	3959	
3 1006	3959	3926	
3 3841	3857	1118	
3 3892	3894	3895	
3 1004	3618	3858	
3 846	3858	3618	
3 3761	3859	3581	
3 3814	3859	1053	
3 3872	967	3843	
3 3860	1096	3910	
3 3623	3882	1018	
3 3861	3890	3862	
3 1138	4335	4008	
3 4039	1076	3862	
3 3892	3891	3863	
3 3772	3864	3884	
3 3670	3829	3864	
3 3884	3829	3863	
3 24	3885	3938	
3 3675	3865	1023	
3 3866	3565	3765	
3 3867	3866	1028	
3 4019	3940	3867	
3 4024	4023	3940	
3 3779	3932	3958	
3 3869	3868	1100	
3 4018	4084	1204	
3 3834	1003	3869	
3 3949	1036	3947	
3 4026	3870	3949	
3 3887	1070	3816	
3 4009	3871	3855	
3 3872	1111	3937	
3 3860	967	3872	
3 3939	3873	1075	
3 3888	3824	3874	
3 3844	3873	3874	
3 3888	1104	3836	
3 3876	3839	3871	
3 1022	3875	3846	
3 3839	3876	3875	
3 3871	1079	3876	
3 1109	1079	4110	
3 4126	3877	4110	
3 1093	3847	3878	
3 3877	3878	3847	
3 4146	3879	1090	
3 3880	3879	1116	
3 3879	3880	1091	
3 3889	3854	3672	
3 3805	3853	3881	
3 3881	3853	3626	
3 3803	3802	3882	
3 3890	3802	1138	
3 3883	3891	3892	
3 3883	3895	3899	
3 3863	3891	3884	
3 3883	3893	3891	
3 23	3961	3885	
3 1094	3781	3896	
3 3897	3886	3867	
3 997	3683	3886	
3 3811	3887	3816	
3 3855	3871	3887	
3 3874	3873	3888	
3 3939	3888	3873	
3 3880	1116	3889	
3 1116	3854	3889	
3 3862	3890	1138	
3 3861	3882	3890	
3 3892	3863	1004	
3 3899	3903	3883	
3 1004	3894	3892	
3 3895	3883	3892	
3 3793	3893	1130	
3 3884	3891	3893	
3 3821	3894	1004	
3 3895	3857	1119	
3 3857	3895	3894	
3 3899	3895	3900	
3 3938	3896	3865	
3 3781	1023	3896	
3 3897	3867	3940	
3 4022	3946	1068	
3 3898	3899	3900	
3 3893	3903	1130	
3 3900	3895	1119	
3 3899	3898	3903	
3 3901	1119	3935	
3 3900	1119	3901	
3 3904	3901	1098	
3 3900	3902	3898	
3 3904	3902	3901	
3 3902	3904	3905	
3 3902	3905	3898	
3 4020	1134	4069	
3 4070	3904	4232	
3 1098	4232	3904	
3 3943	3941	3942	
3 3898	3905	3942	
3 3944	3906	1112	
3 3945	3906	1128	
3 3946	3907	1068	
3 3907	3946	3964	
3 4011	3908	1034	
3 1013	4012	3802	
3 3910	3909	960	
3 3837	3909	1036	
3 3860	3910	960	
3 3910	1096	3947	
3 3974	3911	3965	
3 4108	4019	4033	
3 941	3817	3951	
3 3952	3912	1089	
3 3952	1007	3912	
3 1057	3752	3913	
3 3914	3916	3915	
3 3913	3914	3915	
3 3916	3914	1115	
3 1052	3753	3917	
3 3983	3916	1115	
3 3953	3917	3916	
3 3915	3916	3917	
3 3953	3916	1107	
3 4013	3918	3759	
3 4014	3918	4013	
3 3919	3587	3907	
3 964	3919	3782	
3 3790	3927	4017	
3 3920	4083	4015	
3 1112	3814	3921	
3 3813	3921	3814	
3 4067	987	1054	
3 1072	3922	1103	
3 3878	3923	1093	
3 996	3923	3820	
3 3967	1110	3954	
3 3647	3924	1092	
3 3970	1035	3931	
3 3925	4125	4134	
3 1006	3610	3934	
3 4017	3920	3790	
3 3827	3926	3927	
3 3927	3926	4017	
3 3928	4084	4018	
3 4013	4018	1204	
3 3929	3750	950	
3 3955	3929	3835	
3 3967	3977	3984	
3 3931	1035	3838	
3 3930	3991	3840	
3 3990	3930	1092	
3 3842	3957	3932	
3 1100	3868	3958	
3 3848	3933	1078	
3 4071	3933	1142	
3 3959	3934	3856	
3 3934	3959	1006	
3 3841	1098	3935	
3 3901	3935	1098	
3 1052	3917	3953	
3 1111	3872	3936	
3 3960	3937	1111	
3 3948	3937	1127	
3 3938	3885	3961	
3 4080	3939	1075	
3 3962	1141	4004	
3 4019	3867	1028	
3 1120	4024	4025	
3 3898	3942	3903	
3 3943	3905	1133	
3 3943	3942	3905	
3 3941	3903	3942	
3 4175	1133	4070	
3 3941	3943	4021	
3 1112	3921	3944	
3 3963	3921	1132	
3 3957	1128	1114	
3 3842	1097	3945	
3 1068	3832	4022	
3 3946	4023	4024	
3 1096	3937	3948	
3 3948	3949	3947	
3 1127	1113	3948	
3 3949	3870	1036	
3 3948	1113	3949	
3 4026	3949	1113	
3 3764	3950	1002	
3 1028	3950	3911	
3 3817	1009	3951	
3 1089	3951	1009	
3 3966	3952	1089	
3 1115	3914	3952	
3 3999	4062	1107	
3 1111	3936	3953	
3 4010	1110	3878	
3 1092	3967	3984	
3 3835	3968	3955	
3 1126	4028	4077	
3 4034	3956	3977	
3 4109	4125	3970	
3 3945	3957	3842	
3 4027	3958	3932	
3 3957	4027	3932	
3 4027	3957	1114	
3 3856	4077	4028	
3 1139	3926	3959	
3 3971	1111	3953	
3 3960	3971	3972	
3 23	3973	4031	
3 3938	3961	1094	
3 4080	1075	4006	
3 4292	1153	1210	
3 4072	3963	1132	
3 4075	3963	1136	
3 4107	1120	4102	
3 4133	4003	1033	
3 3764	1099	3965	
3 3974	3965	1099	
3 3975	1089	1086	
3 3976	3966	1088	
3 1110	3967	3924	
3 3967	3954	3977	
3 3978	3835	3718	
3 3969	3955	3979	
3 3968	3979	3955	
3 3968	1105	3986	
3 3956	4034	4109	
3 1035	3970	4125	
3 4062	3971	3953	
3 3972	3971	1131	
3 4029	3972	1131	
3 3972	4029	4030	
3 4049	3973	22	
3 3961	3980	1094	
3 4032	3974	1099	
3 3974	4032	4086	
3 3981	1086	1084	
3 1088	3966	3975	
3 3994	3982	3989	
3 3916	3983	1107	
3 3954	1129	3977	
3 4034	3977	1129	
3 3985	3718	3707	
3 1105	3968	3978	
3 3986	3979	3968	
3 3986	4001	3979	
3 3961	4031	3980	
3 3980	1123	3987	
3 3988	3981	1084	
3 1088	3975	3981	
3 3982	4037	3999	
3 3989	3976	3994	
3 1115	3976	3983	
3 3989	3983	3976	
3 3977	3956	3984	
3 3984	3956	3990	
3 3992	3985	3707	
3 3978	3985	4000	
3 3978	4000	1105	
3 1126	3969	4001	
3 1123	4063	4065	
3 1123	4065	3987	
3 4148	1084	1140	
3 3995	3996	3994	
3 3994	3976	1088	
3 3989	3982	3999	
3 3956	3970	3990	
3 3991	3931	3840	
3 3990	3970	3991	
3 3970	3931	3991	
3 3992	3707	3470	
3 4039	4000	1076	
3 3993	4229	4001	
3 3986	1105	3993	
3 3988	3995	1088	
3 3994	1088	3995	
3 1157	3997	3988	
3 3995	3997	3996	
3 3995	3988	3997	
3 3998	1146	4037	
3 4268	4270	1157	
3 3997	4036	3998	
3 3982	3996	3998	
3 3997	3998	3996	
3 3982	3998	4037	
3 3999	4054	4062	
3 1076	4000	3992	
3 3993	1105	4000	
3 4229	3993	1152	
3 4001	4229	4311	
3 4038	1016	1080	
3 1074	3680	4002	
3 4133	1033	3964	
3 4003	1150	4068	
3 1073	3836	4004	
3 1104	4004	3836	
3 4078	4005	1141	
3 4078	4293	4005	
3 4068	4116	1137	
3 3939	4080	3962	
3 4005	4007	1085	
3 4234	4147	4296	
3 1170	1152	4008	
3 4039	1152	3993	
3 3855	4040	4009	
3 4061	4041	4053	
3 4010	3877	4042	
3 3954	1110	4010	
3 1121	4082	4014	
3 4011	4082	4081	
3 4011	4012	3908	
3 4012	1151	4335	
3 4018	4013	3759	
3 4013	4170	4169	
3 4082	1121	4081	
3 3845	3918	4014	
3 4061	4060	1180	
3 1102	3920	4015	
3 4043	4016	1108	
3 1132	3921	4016	
3 3926	1139	4017	
3 4083	4017	1139	
3 3759	3928	4018	
3 3928	3869	4084	
3 1028	3911	4019	
3 4019	3911	4033	
3 1134	4020	3941	
3 3851	3793	4020	
3 4150	3943	1133	
3 4150	4176	4021	
3 3832	3897	4022	
3 4023	3897	3940	
3 3946	4022	4023	
3 3897	4023	4022	
3 4025	4024	3940	
3 3946	4024	1120	
3 4108	3940	4019	
3 4089	4094	1200	
3 4048	4112	1113	
3 1099	3870	4026	
3 4075	4076	1114	
3 3958	4027	4045	
3 4230	4028	1126	
3 4028	4230	4120	
3 4046	4029	1131	
3 4029	4046	4047	
3 4048	4030	1135	
3 1113	1127	4030	
3 4031	3973	4049	
3 4026	4032	1099	
3 4032	4087	4086	
3 4033	1200	4108	
3 3911	3974	4033	
3 4034	1129	4152	
3 3956	4109	3970	
3 4035	1172	4336	
3 3848	1077	4035	
3 4270	3997	1157	
3 1225	4289	4058	
3 1146	4050	4037	
3 1156	4047	4046	
3 4051	4038	1080	
3 1074	4002	4038	
3 1152	4039	4008	
3 4000	4039	3993	
3 3811	4052	3855	
3 4009	4053	4041	
3 1079	4009	4041	
3 4009	4040	4053	
3 1117	4140	4126	
3 4042	4126	4140	
3 4146	1108	1116	
3 4073	4117	1158	
3 4111	4158	1205	
3 4027	1114	4044	
3 4027	4044	4045	
3 4158	4111	4045	
3 4054	4046	1131	
3 4050	4046	4037	
3 4055	4047	1156	
3 4047	4055	4056	
3 4056	1135	4047	
3 1113	4112	4026	
3 22	4057	4114	
3 4114	4049	22	
3 4064	1146	4058	
3 4046	4050	1156	
3 1071	4051	1080	
3 4233	4113	1083	
3 1102	4015	4052	
3 4040	4059	1167	
3 4040	1167	4053	
3 4053	1167	4061	
3 4054	1131	4062	
3 4037	4054	3999	
3 4050	1146	4064	
3 1163	4055	4066	
3 4153	4056	1163	
3 4048	1135	4056	
3 4127	4057	21	
3 4049	4063	1123	
3 4036	4058	1146	
3 4064	4066	4055	
3 4052	4015	4059	
3 1173	4059	4015	
3 4059	1173	4060	
3 1173	4120	4154	
3 4060	4061	1167	
3 1179	4061	1180	
3 3971	4062	1131	
3 1107	4062	3953	
3 4049	4114	4063	
3 4141	4144	1143	
3 4066	4064	4058	
3 4055	1156	4064	
3 1143	4065	4063	
3 1172	4035	4065	
3 4058	1162	4066	
3 4066	1162	4231	
3 1054	3680	4067	
3 1074	4067	3680	
3 4116	4068	1150	
3 1137	3794	4068	
3 4155	4069	1134	
3 1048	1046	4069	
3 4190	4207	4070	
3 4150	4021	3943	
3 1142	1106	4071	
3 1043	4071	1106	
3 4073	4072	1132	
3 4072	4073	4074	
3 4016	4073	1132	
3 4117	4073	4043	
3 4118	4074	1158	
3 4074	4118	4119	
3 4076	4075	1136	
3 1114	1128	4075	
3 1136	4074	4119	
3 4044	1114	4076	
3 1019	4077	990	
3 1126	4077	3969	
3 4292	4078	1141	
3 4294	4078	1210	
3 4183	4079	1171	
3 4080	4079	1153	
3 4079	4080	4006	
3 1153	3962	4080	
3 1121	4169	4171	
3 4171	4174	4081	
3 4011	1034	4082	
3 1069	4082	1034	
3 4120	4083	1139	
3 1173	4015	4083	
3 3869	1100	4084	
3 1100	4111	4084	
3 4096	1200	4094	
3 4099	4101	4103	
3 4087	4032	1201	
3 1200	4033	4086	
3 4091	4090	4087	
3 4086	4087	4089	
3 4088	4090	4091	
3 4094	4088	4092	
3 4087	4090	4089	
3 4089	4090	4094	
3 4091	4087	1201	
3 4088	1203	4092	
3 4093	4091	1201	
3 4091	4093	4095	
3 4100	4099	4085	
3 4100	4096	4099	
3 1201	4157	4093	
3 1202	4097	4121	
3 4088	4094	4090	
3 4094	4092	4096	
3 4093	4097	4095	
3 4098	1203	4088	
3 4096	4092	4099	
3 4108	4096	4025	
3 4121	4097	4093	
3 4122	4098	4097	
3 4095	4097	4098	
3 4122	4097	1202	
3 1203	4101	4092	
3 4099	4092	4101	
3 4100	4085	4102	
3 4025	4096	4100	
3 4101	1203	4138	
3 4099	4103	4085	
3 4104	4102	4085	
3 4102	4104	4107	
3 4105	4103	4101	
3 4106	4103	1175	
3 4103	4106	4085	
3 4104	4106	4123	
3 4130	1203	4098	
3 1178	4182	4197	
3 4123	4106	1175	
3 4104	4085	4106	
3 4124	4107	4104	
3 3964	1120	4107	
3 4096	4108	1200	
3 3940	4108	4025	
3 4034	1208	4109	
3 4125	3925	1035	
3 4126	4110	1117	
3 1109	4110	3877	
3 4111	1205	4159	
3 1100	4045	4111	
3 4153	4112	4048	
3 1148	4157	4112	
3 1140	1103	4128	
3 1074	4051	4113	
3 4114	4057	4127	
3 1074	4113	4115	
3 1166	4115	4113	
3 4139	4124	4104	
3 4079	4116	1171	
3 4043	1147	4117	
3 4129	4117	1147	
3 1158	4117	4129	
3 4118	4129	4160	
3 4179	4156	4119	
3 4076	1136	4119	
3 4028	4120	1139	
3 1176	1181	4120	
3 4157	4121	4093	
3 4153	4181	1148	
3 1202	4235	4314	
3 4138	4105	4101	
3 4131	4123	1175	
3 4116	4132	1171	
3 4139	4123	4132	
3 4133	4124	1150	
3 4109	1208	4125	
3 4125	1208	4134	
3 4061	4135	1117	
3 3877	4126	4042	
3 21	4136	4165	
3 4165	4127	21	
3 4115	1166	4128	
3 4168	4239	1222	
3 4162	4129	1147	
3 4160	4129	1164	
3 4137	4130	4122	
3 1203	4130	4138	
3 4218	4105	4142	
3 4132	4163	1171	
3 4116	1150	4139	
3 4131	4132	4123	
3 4003	4133	1150	
3 4107	4133	3964	
3 1208	1219	4134	
3 4164	4134	1219	
3 4246	4274	1179	
3 4140	4135	4143	
3 20	4184	4136	
3 4165	1168	4141	
3 1202	4314	4122	
3 4138	4142	4105	
3 4130	4137	4138	
3 4142	4138	4137	
3 4123	4139	4104	
3 4139	4132	4116	
3 4274	4143	4135	
3 4140	4143	4145	
3 4127	4165	4141	
3 4166	4144	4141	
3 4137	1216	4142	
3 4197	4218	4219	
3 4143	4241	4177	
3 4145	4143	4177	
3 4167	4144	1189	
3 4065	1143	4144	
3 4177	4152	1129	
3 1129	4042	4145	
3 4146	1090	4147	
3 4043	1108	4146	
3 1090	4007	4147	
3 4296	4147	4007	
3 4168	4148	1140	
3 1157	3988	4148	
3 4170	4172	4149	
3 4171	4081	1121	
3 4175	4150	1133	
3 4021	4176	4151	
3 1212	4151	1209	
3 4155	4151	1122	
3 4177	1129	4145	
3 4242	4315	4152	
3 4181	1185	4161	
3 4153	1148	4112	
3 1180	4060	4154	
3 1173	4154	4060	
3 4151	4155	1134	
3 1048	4155	1122	
3 4076	4119	4156	
3 4179	4119	1165	
3 4157	1201	4032	
3 4121	4157	1148	
3 4044	1149	4158	
3 4180	4158	1149	
3 4196	4299	1205	
3 4084	4159	1204	
3 4215	4194	4214	
3 4195	4211	4213	
3 1202	4121	4161	
3 4181	4121	1148	
3 4265	4162	4234	
3 4265	4318	4162	
3 4182	4131	4197	
3 4163	4131	4182	
3 1219	4236	4164	
3 4237	1125	1101	
3 4165	4136	4184	
3 4185	4166	1168	
3 4166	4185	4200	
3 4186	4167	1189	
3 4065	4167	1172	
3 4239	1140	4128	
3 4168	1222	4240	
3 4170	4013	1204	
3 4169	4149	4171	
3 1204	4159	4172	
3 4149	4169	4170	
3 4149	4173	4171	
3 4171	4173	4174	
3 4299	4159	1205	
3 4172	1207	4187	
3 4187	4173	4149	
3 4173	1174	4174	
3 4188	4174	1174	
3 4189	1151	4081	
3 4190	4070	1184	
3 4191	4176	4150	
3 4191	4150	4175	
3 1209	4151	4176	
3 4274	4241	4143	
3 4152	4177	4242	
3 4192	4178	1181	
3 4193	4178	1183	
3 4194	4179	1165	
3 4210	4195	1149	
3 4195	4180	1149	
3 4196	4180	4297	
3 4153	1163	4181	
3 4066	4231	1163	
3 4182	4198	4183	
3 4183	1153	4079	
3 4163	4182	4183	
3 4198	4182	1178	
3 4220	1187	4201	
3 4220	4185	1168	
3 20	4243	4184	
3 4185	4220	4201	
3 1189	4166	4200	
3 4186	4227	4250	
3 4172	4187	4149	
3 4203	4187	4305	
3 4206	1174	4204	
3 4244	4188	4206	
3 4174	4188	4189	
3 1170	4189	4188	
3 4380	4248	4190	
3 4248	4277	4224	
3 4175	4207	4191	
3 4224	4191	4207	
3 1176	4192	1181	
3 1182	1183	4192	
3 4209	4193	1183	
3 1179	1180	4193	
3 1165	4160	4194	
3 4160	1164	4247	
3 4210	1149	4179	
3 4195	4210	4211	
3 4300	4301	4298	
3 4172	4299	1207	
3 4131	4218	4197	
3 4218	1216	4219	
3 1210	4327	4295	
3 1153	4198	1210	
3 4271	1187	4243	
3 20	4199	4243	
3 4200	1192	4221	
3 1189	4200	4222	
3 4223	4201	1187	
3 1192	4185	4201	
3 4301	4303	4298	
3 4202	4205	4204	
3 4305	4187	1207	
3 4204	4203	4202	
3 4307	4202	4306	
3 1174	4206	4188	
3 4310	4205	1218	
3 4204	4376	4206	
3 4376	4204	4205	
3 4206	4376	4244	
3 4070	4207	4175	
3 4208	1209	4176	
3 4190	4224	4207	
3 4191	4224	4208	
3 4245	4209	1183	
3 4209	1193	4246	
3 4179	4194	4210	
3 4211	4210	4194	
3 4194	4212	4211	
3 4211	4212	4213	
3 4247	4194	4160	
3 4213	4212	1186	
3 4213	1186	4226	
3 1206	4195	4213	
3 4214	4194	4247	
3 4212	4215	1186	
3 4214	4247	4276	
3 4216	4215	4214	
3 1248	4398	1261	
3 4215	4216	4217	
3 4216	1261	4225	
3 4226	4217	4225	
3 1175	4218	4131	
3 1216	4218	4142	
3 4377	1216	1251	
3 1239	4383	4327	
3 4184	4220	1168	
3 4220	4184	4243	
3 4228	1192	4201	
3 4278	1195	4221	
3 4200	4221	4222	
3 4227	4221	1195	
3 1187	4271	4290	
3 4251	4228	4223	
3 4190	4248	4224	
3 4208	4224	4277	
3 4427	4367	4398	
3 4225	4378	4226	
3 4249	1206	4213	
3 1186	4217	4226	
3 4186	4222	4227	
3 4221	4227	4222	
3 4251	4223	1196	
3 1192	4228	4252	
3 1152	1170	4272	
3 4311	4229	1233	
3 4311	1126	4001	
3 4230	4311	4312	
3 4289	4326	1162	
3 1185	4181	4231	
3 3841	4313	1098	
3 1184	4070	4232	
3 4253	4233	1083	
3 4233	1211	4254	
3 4265	4234	1159	
3 4162	1147	4234	
3 4379	4235	1185	
3 4137	4122	4314	
3 4266	4236	1219	
3 4238	4237	4236	
3 4164	4236	4237	
3 4238	4236	1161	
3 4267	4238	1161	
3 1145	1125	4238	
3 4128	1166	4239	
3 4256	1166	4254	
3 4263	1222	4260	
3 4240	4263	4268	
3 1199	1227	4241	
3 4241	1227	4347	
3 4177	4241	4242	
3 4241	1220	4242	
3 4243	4199	4271	
3 4244	1177	4272	
3 1170	4188	4244	
3 1183	1182	4245	
3 4245	1182	4395	
3 4273	4246	1193	
3 4274	4246	1199	
3 4275	4247	1164	
3 4276	4216	4214	
3 4380	4190	1184	
3 4382	4277	4248	
3 4226	1217	4249	
3 4309	4304	4308	
3 4391	4362	1154	
3 4250	1154	4336	
3 4251	4319	4278	
3 1192	4252	4221	
3 4228	4251	4252	
3 4278	4252	4251	
3 1050	4253	1083	
3 1211	4253	1122	
3 1211	4255	4257	
3 1166	4256	4239	
3 1211	1212	4255	
3 4255	4279	4259	
3 4257	4256	4254	
3 1222	4239	4256	
3 1211	4257	4254	
3 4258	4257	4255	
3 4259	4258	4255	
3 4260	4258	1213	
3 4279	4255	1212	
3 4291	4280	4285	
3 4261	4260	1213	
3 4256	4260	1222	
3 4262	4261	1213	
3 1223	4268	4263	
3 4280	1213	4259	
3 4264	4281	1229	
3 4260	4261	4263	
3 1223	4263	4261	
3 4281	4264	4262	
3 4269	4264	1229	
3 4294	1159	4078	
3 4318	4275	1164	
3 4330	1219	1226	
3 4266	1232	4282	
3 4267	1161	4282	
3 1145	4267	1155	
3 4269	4268	1223	
3 4270	4036	3997	
3 4264	4269	1223	
3 4283	4269	1229	
3 4269	4270	4268	
3 1225	4036	4270	
3 4290	1214	4223	
3 4199	19	4271	
3 4272	1177	4317	
3 4229	1152	4272	
3 1190	4273	1193	
3 1197	1199	4273	
3 4274	1199	4241	
3 4135	1179	4274	
3 4318	1164	4162	
3 4275	4318	4341	
3 4247	4275	4276	
3 1261	4276	4275	
3 4248	4381	4382	
3 1209	4385	4337	
3 4319	4251	1196	
3 4342	4415	4433	
3 4337	4279	1212	
3 4259	4285	4280	
3 4285	4259	4279	
3 4262	4280	4291	
3 4262	1224	4281	
3 4286	4281	1224	
3 4266	4282	1161	
3 4323	1244	4324	
3 1229	4286	4288	
3 1225	4283	4289	
3 4331	1214	4320	
3 19	4284	4320	
3 4337	4285	4279	
3 4338	4291	4285	
3 4321	4286	1224	
3 4288	4286	1231	
3 4322	4287	4282	
3 4325	4287	1160	
3 4345	4326	4288	
3 4289	1162	4058	
3 4283	4288	4289	
3 4326	4289	4288	
3 4320	4290	4271	
3 4223	1187	4290	
3 4338	4285	1228	
3 4338	4343	4291	
3 1141	3962	4292	
3 1153	4292	3962	
3 4296	4293	1159	
3 4005	4293	4007	
3 4294	1210	4295	
3 4265	1159	4294	
3 4198	4327	1210	
3 4327	4198	1178	
3 4293	4296	4007	
3 4234	4296	1159	
3 4195	4297	4180	
3 4301	4297	1206	
3 4307	4205	4202	
3 1207	4300	4302	
3 4299	4172	4159	
3 4300	4299	4196	
3 4301	4300	4196	
3 4302	4300	4298	
3 4297	4301	4196	
3 4303	4301	1206	
3 4298	4304	4306	
3 4305	4302	4306	
3 1206	4249	4303	
3 4304	4309	1218	
3 4303	4308	4298	
3 4304	4298	4308	
3 4203	4305	4202	
3 1207	4302	4305	
3 4298	4306	4302	
3 4306	4304	4307	
3 4304	1218	4307	
3 1218	4205	4307	
3 4303	4249	4308	
3 4309	4249	1217	
3 4249	4309	4308	
3 4309	4357	4339	
3 4310	1218	4339	
3 4310	1243	4425	
3 4312	4311	1233	
3 1126	4311	4230	
3 4317	4359	1233	
3 4192	4340	1182	
3 1043	1106	4313	
3 4313	1106	4328	
3 4235	1215	4314	
3 1216	4314	1215	
3 4316	4315	1220	
3 4152	4315	1226	
3 4329	4316	1220	
3 1230	4389	4330	
3 4310	4317	1177	
3 4394	4425	4441	
3 4265	1221	4318	
3 4341	4318	1221	
3 1196	4334	4356	
3 4356	4418	4319	
3 4320	4284	4331	
3 4343	1224	4291	
3 1264	4423	4413	
3 4323	4322	4282	
3 4322	4323	4324	
3 4282	1232	4323	
3 4402	4384	4323	
3 1244	4344	4324	
3 4324	4344	4361	
3 1169	4325	1160	
3 1144	1155	4325	
3 4288	1231	4345	
3 4231	4326	4399	
3 1178	4219	4327	
3 1239	4327	4219	
3 1154	4346	1106	
3 4346	4328	1106	
3 4347	4329	1220	
3 4349	4329	1235	
3 4316	4329	4351	
3 1232	4266	4330	
3 18	4332	4355	
3 4284	18	4331	
3 17	4366	4332	
3 4355	1234	4333	
3 4331	4355	4333	
3 4334	1196	4223	
3 4333	1234	4334	
3 4373	4375	1234	
3 4189	4335	1151	
3 4008	4335	1170	
3 4250	4336	1172	
3 1142	4336	1154	
3 1212	1209	4337	
3 4385	1209	4277	
3 4471	1228	4385	
3 4343	4321	1224	
3 4390	4358	1256	
3 1218	4309	4339	
3 1176	4312	4340	
3 4312	1233	4359	
3 4401	1221	4383	
3 4428	4341	4401	
3 4342	1274	4415	
3 4278	4319	4342	
3 4416	4343	4338	
3 4417	4343	4416	
3 1244	1240	4360	
3 4344	1188	4361	
3 4386	4345	1231	
3 1249	4379	4399	
3 4362	4346	1154	
3 4328	4346	4363	
3 4241	4347	1220	
3 4347	1227	4348	
3 4364	1227	1197	
3 4365	4348	1236	
3 4352	1235	4350	
3 4349	1230	4351	
3 4365	1235	4348	
3 4353	4352	4350	
3 1230	4330	4351	
3 4330	4316	4351	
3 4353	4350	1237	
3 4352	4353	4354	
3 4387	4353	1237	
3 4352	4354	1230	
3 4388	4354	4353	
3 4402	1245	4403	
3 4355	4332	4366	
3 4375	4334	1234	
3 4418	1274	4342	
3 4367	4357	1217	
3 1256	4339	4357	
3 1243	4310	4358	
3 4310	4339	4358	
3 4317	4310	4425	
3 4340	4368	1182	
3 4467	4360	1240	
3 4344	4369	1188	
3 1188	1191	4361	
3 1169	4361	1191	
3 4391	1154	4250	
3 1260	4382	4381	
3 4346	4362	4363	
3 4400	4381	4380	
3 4392	4364	1197	
3 1236	4348	4364	
3 4365	1236	4393	
3 4350	1235	4365	
3 17	4370	4396	
3 4396	4366	17	
3 4378	1217	4226	
3 4357	4371	1256	
3 4359	4394	4368	
3 1190	4245	4395	
3 4360	1198	4369	
3 1188	4372	1194	
3 16	4406	4370	
3 4396	1241	4373	
3 1257	4397	4367	
3 4371	4367	4397	
3 4369	1198	4372	
3 4372	1198	4374	
3 4366	4396	4373	
3 4411	4412	1241	
3 4484	1198	4360	
3 293	4374	4420	
3 1241	4375	4373	
3 1254	4356	4375	
3 4310	4376	4205	
3 4244	4376	1177	
3 1251	1239	4377	
3 1239	4219	4377	
3 4225	1261	4398	
3 4367	1217	4378	
3 4231	4399	1185	
3 4379	1249	4421	
3 1184	4363	4380	
3 4362	4400	4363	
3 4400	4380	4363	
3 4381	4400	4468	
3 1260	4514	4422	
3 4422	4471	4382	
3 4401	1239	1262	
3 1221	4295	4383	
3 4402	4323	1232	
3 4384	4402	4403	
3 4382	4385	4277	
3 1228	4337	4385	
3 4413	4386	1231	
3 4386	4413	4423	
3 4443	4450	4456	
3 4404	4403	1245	
3 4353	4387	4388	
3 4404	4388	4387	
3 1230	4354	4389	
3 1245	4389	4354	
3 4408	1256	4371	
3 4390	4408	4405	
3 4415	4424	4433	
3 4400	4424	1246	
3 1190	4392	1197	
3 4392	1242	4469	
3 1236	4392	4469	
3 4456	4475	4477	
3 4425	4394	4359	
3 4392	4426	1242	
3 4368	4394	4395	
3 1238	4395	4394	
3 4396	4370	4406	
3 4407	4397	1257	
3 4408	4390	1256	
3 4398	1248	4427	
3 4367	4378	4398	
3 4399	4345	4386	
3 1185	4399	4379	
3 4424	4400	4362	
3 4468	4400	1246	
3 1239	4401	4383	
3 4428	4401	1262	
3 1232	4389	4402	
3 1245	4402	4389	
3 1245	4388	4404	
3 4403	4404	4409	
3 4387	4429	4404	
3 4429	4409	4404	
3 4509	4405	1258	
3 1243	4441	4425	
3 16	4410	4430	
3 4430	4406	16	
3 1257	4465	4529	
3 4510	1292	4528	
3 4407	4408	4397	
3 4405	4408	1258	
3 1273	4467	4483	
3 4409	4483	4467	
3 4410	15	4444	
3 4430	1255	4411	
3 4406	4430	4411	
3 4431	4412	4411	
3 4432	4412	1265	
3 4375	1241	4412	
3 4417	4413	4321	
3 4413	4417	4511	
3 1250	4416	4434	
3 4416	1250	4417	
3 4513	4415	1274	
3 4415	1246	4424	
3 4338	4414	4416	
3 4434	4416	4414	
3 4417	1250	4511	
3 4321	4343	4417	
3 4356	1254	4418	
3 1254	4488	4470	
3 4419	4436	4435	
3 293	4420	294	
3 4374	4419	4420	
3 4435	4420	4419	
3 4440	1249	4423	
3 1215	4439	1251	
3 1280	4414	4422	
3 4471	4414	1228	
3 4472	4423	1264	
3 1249	4440	4421	
3 4362	4391	4424	
3 4424	4391	4433	
3 4317	4425	4359	
3 1243	4405	4441	
3 4395	1238	4426	
3 1238	4509	4515	
3 4462	1248	4455	
3 4465	4462	4464	
3 4442	4428	1262	
3 1261	4341	4428	
3 4450	4429	4387	
3 4409	4429	1259	
3 4430	4410	4444	
3 4445	4431	1255	
3 4431	4445	4452	
3 4479	1265	4458	
3 4375	4432	1254	
3 1195	4278	4433	
3 4342	4433	4278	
3 4414	1280	4434	
3 4511	4446	4512	
3 4436	4419	1247	
3 4437	294	4435	
3 4436	4447	4438	
3 4438	4437	4435	
3 4447	4436	1247	
3 4438	4435	4436	
3 1263	4461	4447	
3 4440	4439	4421	
3 1252	4517	4473	
3 4440	4423	4472	
3 4439	4440	1252	
3 4405	1238	4441	
3 4394	4441	1238	
3 4449	4442	1262	
3 1261	4442	1248	
3 4456	4450	4387	
3 4577	4593	1316	
3 15	4451	4474	
3 4430	4444	1255	
3 15	4474	4444	
3 4463	4445	4457	
3 4434	1280	4446	
3 1280	4625	4642	
3 4453	4447	1247	
3 4448	4461	4454	
3 4454	296	4448	
3 4438	4461	295	
3 4516	4449	1262	
3 4442	4455	1248	
3 4456	4387	1237	
3 1259	4450	4443	
3 1266	4474	4485	
3 1266	4463	4457	
3 4452	4478	4458	
3 1270	4478	4452	
3 4493	4496	4500	
3 4489	4490	4480	
3 4459	4454	1263	
3 1268	4460	4459	
3 1248	4462	4427	
3 4393	4475	1237	
3 4456	1237	4475	
3 4474	4457	4444	
3 4445	1255	4457	
3 4488	4479	4458	
3 1265	4452	4458	
3 4453	4480	1263	
3 4459	1263	4480	
3 4491	4460	1268	
3 4454	4460	296	
3 4447	4461	4438	
3 4454	4461	1263	
3 4464	4455	4449	
3 4462	4455	4464	
3 4466	4463	1266	
3 1270	4445	4463	
3 4566	1267	4532	
3 4465	1257	4427	
3 4482	4464	1267	
3 1292	4510	4559	
3 1266	4485	4497	
3 4466	1278	4486	
3 4409	4467	1240	
3 4467	1273	4484	
3 1246	4513	4696	
3 4514	4468	1293	
3 4469	4535	4518	
3 4469	4518	4476	
3 1274	4418	4470	
3 1254	4470	4418	
3 4382	4471	4385	
3 4414	4471	4422	
3 4512	4472	1264	
3 1307	4533	4472	
3 1251	4439	4473	
3 1252	4473	4439	
3 4474	4451	4485	
3 4393	4476	4475	
3 4475	4476	4477	
3 4469	4476	4393	
3 4477	1272	4558	
3 1272	4477	4476	
3 4593	4477	1305	
3 4486	4478	1270	
3 4458	4487	1269	
3 1265	4479	4432	
3 4458	1269	4488	
3 4489	4453	4505	
3 4480	4453	4489	
3 4578	4502	1276	
3 4662	4626	1348	
3 4465	4464	4482	
3 4409	1259	4483	
3 4577	4595	1259	
3 4493	4484	1273	
3 4419	1198	4484	
3 14	4494	4523	
3 4451	14	4485	
3 4466	4486	1270	
3 4519	4486	1278	
3 4486	4487	4478	
3 4520	4487	1290	
3 4521	4488	1269	
3 4488	1283	4470	
3 4522	1271	4508	
3 4490	1268	4459	
3 4522	4490	4489	
3 4490	1287	4524	
3 1268	4495	4491	
3 4460	4491	4481	
3 4499	4496	4492	
3 1273	4483	4492	
3 1273	4492	4496	
3 4419	4493	1247	
3 13	4583	4494	
3 4466	4525	1278	
3 4495	1268	4490	
3 4502	4491	4495	
3 4492	1282	4499	
3 4493	4500	1247	
3 4523	4497	4485	
3 4466	1266	4497	
3 4578	4498	4502	
3 4499	4503	4501	
3 4504	4506	4499	
3 4505	4500	4501	
3 4501	4496	4499	
3 4453	1247	4500	
3 4503	4505	4501	
3 1276	4502	4495	
3 4498	297	4502	
3 4504	4499	1282	
3 4505	4503	1271	
3 4582	4504	1282	
3 4504	4507	4506	
3 4489	4505	1271	
3 4505	4453	4500	
3 4582	4507	4504	
3 4508	1271	4506	
3 4527	1311	4613	
3 4599	4508	4527	
3 4527	4508	4507	
3 4522	1287	4490	
3 4509	1258	4510	
3 4509	1279	4515	
3 1258	4407	4510	
3 4510	4407	4529	
3 1250	4446	4511	
3 4512	4446	1277	
3 4512	4629	4564	
3 4472	4512	1307	
3 4530	1274	4470	
3 1284	4695	4696	
3 4468	4514	1260	
3 4514	1293	4625	
3 1242	4426	4515	
3 1238	4515	4426	
3 1239	4516	1262	
3 4516	1253	4532	
3 4533	4517	1252	
3 4534	4517	1295	
3 4535	4469	1242	
3 4518	4535	4536	
3 4540	1278	4526	
3 4519	4540	4537	
3 4537	1290	4519	
3 4538	1296	1285	
3 4538	1269	4520	
3 4521	4538	4539	
3 1271	4522	4489	
3 4508	1287	4522	
3 4523	4494	4583	
3 4586	4524	1287	
3 4524	4586	4598	
3 4497	1275	4525	
3 1275	4585	4526	
3 1278	4525	4526	
3 1275	4526	4525	
3 1311	4527	4507	
3 1318	4600	4599	
3 4541	4528	1292	
3 1279	4509	4528	
3 1257	4529	4407	
3 4626	4465	4482	
3 1283	4521	4539	
3 1284	4513	4530	
3 1279	4528	4543	
3 4531	1291	4535	
3 4517	4534	1253	
3 1295	4561	4534	
3 4472	4533	1252	
3 4560	4533	1307	
3 1295	4565	4561	
3 4532	1253	4534	
3 4531	4535	1242	
3 4536	4535	1291	
3 4546	1291	4544	
3 4555	4536	4549	
3 4588	4590	1306	
3 4520	1290	4537	
3 1296	4538	4520	
3 4539	4538	1285	
3 4661	4539	1285	
3 1284	4530	4539	
3 4588	4526	1294	
3 4537	4540	1306	
3 4542	4541	1292	
3 4541	1298	4543	
3 4542	1292	4559	
3 4556	4551	1299	
3 4543	1298	4544	
3 4531	1279	4543	
3 4545	4544	1298	
3 4544	4545	4546	
3 4547	4545	1298	
3 4545	4547	4548	
3 4549	4546	1300	
3 4536	1291	4546	
3 1298	4550	4547	
3 4542	4551	4550	
3 4552	4548	1302	
3 4553	1297	4554	
3 1300	4553	4554	
3 4549	1301	4555	
3 4541	4550	1298	
3 4551	4542	1299	
3 1302	4547	4551	
3 4550	4551	4547	
3 4627	1302	4556	
3 1302	4627	4552	
3 1300	4548	4553	
3 4552	4553	4548	
3 1301	4549	4554	
3 4554	4549	1300	
3 4558	4555	1301	
3 1272	4536	4555	
3 1299	4562	4569	
3 1304	4627	4556	
3 4563	4557	1297	
3 4558	4591	1305	
3 4591	1301	4557	
3 4477	4558	1305	
3 4529	1281	4559	
3 4559	1281	4562	
3 4560	1307	4564	
3 4561	4565	1289	
3 4561	1289	4592	
3 4566	4532	4534	
3 4567	4562	1281	
3 1299	4542	4562	
3 4628	1297	4552	
3 4675	4609	4563	
3 1307	4512	4564	
3 4629	4512	1277	
3 1295	4560	4565	
3 4568	4560	4564	
3 4566	4561	4592	
3 4482	1267	4566	
3 4567	1281	4626	
3 4569	4567	4573	
3 1334	4571	4564	
3 4565	4570	1289	
3 4573	4567	1308	
3 1299	4569	4576	
3 4571	4568	4564	
3 4570	4568	4571	
3 4572	4571	4574	
3 1334	4574	4571	
3 4631	4665	4572	
3 1289	4570	4572	
3 4575	4573	1308	
3 4576	4556	1299	
3 4629	4646	1334	
3 4574	4630	4667	
3 4663	4575	1308	
3 1304	4674	4643	
3 4575	4576	4573	
3 1304	4556	4576	
3 4594	4577	1316	
3 4492	4595	1282	
3 4579	4578	1276	
3 298	4498	4578	
3 4598	4586	1313	
3 4581	4578	4579	
3 4632	4580	4581	
3 1288	4581	4579	
3 4580	298	4581	
3 1282	4595	4594	
3 4582	1324	1311	
3 13	4584	4597	
3 4523	4583	1275	
3 12	4635	4584	
3 4583	4585	1275	
3 4583	4597	4585	
3 1294	4585	1286	
3 4599	4586	1287	
3 4586	4599	4600	
3 4664	4587	1349	
3 1296	4537	4587	
3 4589	4588	1294	
3 4588	4589	4590	
3 4638	4589	1294	
3 4659	4589	1317	
3 4589	1309	4590	
3 1349	4590	1309	
3 4557	1303	4591	
3 4601	4591	1303	
3 4572	4592	1289	
3 4592	1348	4482	
3 4477	4593	4443	
3 1316	4602	1322	
3 1316	4582	4594	
3 4582	1282	4594	
3 4595	4492	4483	
3 4594	4595	4577	
3 4603	4596	1313	
3 1288	4579	4596	
3 4597	4584	4635	
3 4579	1276	4598	
3 4524	4598	1276	
3 4508	4599	1287	
3 4527	1318	4599	
3 4604	4600	1318	
3 4600	4604	4605	
3 4606	4601	1303	
3 4602	4601	1322	
3 4593	1305	4602	
3 4601	4602	1305	
3 4605	1313	4600	
3 4596	4607	1288	
3 4608	4604	1318	
3 4604	4608	4612	
3 1325	4603	4605	
3 4603	1313	4605	
3 4609	4606	1303	
3 4606	4609	4610	
3 4603	1319	4607	
3 4607	4639	4611	
3 1318	4613	4608	
3 4608	4613	4614	
3 1303	4563	4609	
3 4563	4644	4675	
3 4705	4688	4704	
3 4610	4703	4702	
3 4611	4634	4632	
3 4668	4634	1312	
3 4615	4612	1326	
3 4612	4615	4618	
3 4527	4613	1318	
3 4614	4613	1311	
3 4621	4614	1311	
3 4622	4616	1326	
3 4616	4615	1326	
3 4615	4616	4617	
3 4622	1326	4614	
3 4624	4616	4622	
3 1330	4617	4616	
3 1331	1329	4617	
3 4619	1329	1328	
3 4618	4619	4620	
3 4623	1328	1338	
3 4618	4620	1325	
3 4623	4620	4619	
3 4603	4620	1319	
3 1311	1324	4621	
3 4666	4621	1324	
3 4614	4621	4622	
3 4624	4621	1327	
3 1328	4623	4619	
3 4623	4649	4639	
3 4640	4624	1327	
3 1330	4616	4624	
3 4641	4625	1293	
3 4625	1314	4642	
3 1348	4626	4482	
3 1281	4529	4626	
3 4643	4627	1304	
3 4628	4563	1297	
3 4643	4628	4627	
3 4644	4628	4643	
3 4645	4629	1277	
3 1334	4564	4629	
3 4630	4686	4667	
3 4667	4631	4574	
3 4665	1348	4592	
3 4572	4574	4631	
3 4611	4632	1288	
3 299	4580	4632	
3 4668	300	4633	
3 1312	4634	4611	
3 4633	299	4634	
3 12	4636	4647	
3 4597	4635	1286	
3 1310	4647	4676	
3 4635	4637	1286	
3 4635	4647	4637	
3 4637	4648	4638	
3 4589	4638	1317	
3 1294	1286	4638	
3 4623	4639	1319	
3 1312	4611	4639	
3 4672	4640	1327	
3 4640	1339	4673	
3 4681	4641	1293	
3 4657	4653	4641	
3 4650	4642	1314	
3 1280	4642	4446	
3 4674	1304	4575	
3 4759	4711	1370	
3 4644	1337	4675	
3 4563	4628	4644	
3 4645	1277	4650	
3 4630	4645	1320	
3 4629	4645	4646	
3 4645	4630	4646	
3 4647	4636	4676	
3 4652	4648	1310	
3 1317	4638	4648	
3 4687	4669	4649	
3 1312	4639	4649	
3 4650	1314	4651	
3 4446	4650	1277	
3 4653	1314	4641	
3 4645	4651	4654	
3 4655	4652	1310	
3 4652	1343	4656	
3 4641	1315	4657	
3 4645	4654	1320	
3 4651	4653	4654	
3 4653	4657	4660	
3 4676	4655	1310	
3 1335	1345	4678	
3 4658	1343	1341	
3 1317	4656	4659	
3 4712	1315	4680	
3 4660	1320	4654	
3 4679	4658	1341	
3 4659	1309	4589	
3 4656	4658	4659	
3 4694	4658	4679	
3 4720	4657	4712	
3 4765	1383	4686	
3 4680	4661	1285	
3 4661	1315	4681	
3 4662	1348	4665	
3 1308	4567	4662	
3 4682	1308	4662	
3 4663	4682	4697	
3 4683	4664	1349	
3 1296	4684	1285	
3 1340	4685	4631	
3 4682	4685	4697	
3 4703	1324	4702	
3 4672	4688	1342	
3 4686	4630	1320	
3 4667	4686	4726	
3 1312	4669	4668	
3 4634	4668	4633	
3 4649	4669	1312	
3 4671	4668	4669	
3 4708	4670	4671	
3 1336	4671	4669	
3 4670	300	4671	
3 4688	1327	4666	
3 4672	1342	4689	
3 1339	1333	4673	
3 1330	4690	1331	
3 4663	4674	4575	
3 4761	4780	1352	
3 4692	4675	1337	
3 1323	4609	4675	
3 11	4677	4693	
3 4636	11	4676	
3 4714	4677	10	
3 4693	4655	4676	
3 1345	1343	4678	
3 1343	4655	4678	
3 1359	4679	1341	
3 4699	1349	1309	
3 4684	4680	1285	
3 4680	4719	4712	
3 4641	4681	1315	
3 1293	4695	4681	
3 4662	4665	4682	
3 4685	4665	4631	
3 4699	4683	1349	
3 4760	4719	1321	
3 4683	4684	4664	
3 4680	4684	1321	
3 4685	1340	4697	
3 4682	4665	4685	
3 4738	4660	4723	
3 4667	4726	1340	
3 4698	4687	1338	
3 4687	4698	4700	
3 4703	4666	1324	
3 4703	4610	4704	
3 4707	1342	4705	
3 4689	4733	4713	
3 4673	1333	4690	
3 4691	1332	1328	
3 4690	1333	4691	
3 4744	4743	4691	
3 1337	4711	4759	
3 4705	4706	4707	
3 4693	4677	4714	
3 4658	4694	4659	
3 4699	4694	4679	
3 4468	4695	1293	
3 1284	4681	4695	
3 1246	4696	4468	
3 4513	1284	4696	
3 1340	4726	4741	
3 4663	4697	4728	
3 4717	1338	1328	
3 4698	4717	4721	
3 4679	1350	4699	
3 4683	4699	1350	
3 4698	1354	4700	
3 4700	4718	4701	
3 4701	4710	4708	
3 4729	4710	1351	
3 4702	1324	4582	
3 1322	4610	4702	
3 4704	4610	1323	
3 4688	4666	4703	
3 4704	1323	4705	
3 4688	4703	4704	
3 1323	4706	4705	
3 4706	1353	4707	
3 4675	4706	1323	
3 1353	4706	4692	
3 4747	4733	4707	
3 4689	1342	4707	
3 4701	4708	1336	
3 301	4670	4708	
3 4729	302	4709	
3 1351	4710	4701	
3 4709	301	4710	
3 4643	4674	4711	
3 1352	4711	4674	
3 4719	4680	1321	
3 4657	4720	4660	
3 4713	1344	4742	
3 1333	1339	4713	
3 10	4715	4734	
3 4734	4714	10	
3 4735	1346	4734	
3 4734	1346	4716	
3 4714	4734	4716	
3 4716	1346	4772	
3 1328	1332	4717	
3 1363	4724	4739	
3 4722	4718	1354	
3 1351	4701	4718	
3 1321	4725	4760	
3 4720	4719	1369	
3 4719	4720	4712	
3 4723	4720	1369	
3 1332	4721	4717	
3 4721	4739	4724	
3 4724	1354	4721	
3 1356	4746	4722	
3 4723	1369	4737	
3 4660	4738	1320	
3 4724	1363	4740	
3 4722	1354	4724	
3 4683	1350	4725	
3 4777	4725	1350	
3 1383	4751	4686	
3 4741	4728	4697	
3 1333	4713	4742	
3 1363	4739	4745	
3 1340	4741	4697	
3 1382	4791	4780	
3 4730	4729	1351	
3 4710	4729	4709	
3 4722	4730	1351	
3 4730	4722	4746	
3 4762	303	4731	
3 1355	4732	4730	
3 4731	302	4732	
3 4689	4707	4733	
3 4747	4707	1353	
3 4734	4715	4735	
3 4715	9	4735	
3 4736	4735	9	
3 4749	4736	1358	
3 1346	4735	4736	
3 1369	4760	4785	
3 1383	4765	4766	
3 4737	4738	4723	
3 4686	1320	4738	
3 4721	1332	4739	
3 1332	4743	4745	
3 4750	4740	1363	
3 4740	4750	4755	
3 4751	4726	4686	
3 4741	4726	4751	
3 1344	4747	4778	
3 1357	4727	4742	
3 4744	4691	1333	
3 4727	4745	4743	
3 1333	4742	4744	
3 4742	4727	4744	
3 4727	1357	4745	
3 4756	4750	4745	
3 4752	4746	1356	
3 4746	4752	4757	
3 4790	1353	4759	
3 4778	4747	4821	
3 4748	8	1358	
3 4736	4748	1358	
3 4753	1358	1365	
3 4749	1364	4754	
3 1363	4745	4750	
3 4756	4745	1357	
3 1383	4766	4775	
3 4768	4784	4761	
3 4755	1356	4740	
3 1367	1366	4752	
3 4753	4803	4770	
3 4769	4754	1364	
3 4772	1347	1345	
3 1367	4755	4750	
3 4752	1356	4755	
3 1395	4832	4813	
3 1367	4806	4787	
3 4752	1366	4757	
3 4757	4773	4758	
3 4758	4764	4762	
3 1362	4781	4764	
3 4791	4779	1370	
3 1353	4692	4759	
3 4725	1374	4760	
3 4760	1374	4785	
3 1352	4728	4761	
3 4768	4751	4767	
3 1355	4758	4762	
3 4732	4762	4731	
3 4763	4764	4781	
3 1362	4764	4758	
3 4763	303	4764	
3 4738	4737	4765	
3 4766	4765	4737	
3 4737	4774	4766	
3 4775	1376	4767	
3 4784	4767	1376	
3 4768	4728	4741	
3 4768	4767	4784	
3 4761	4728	4768	
3 4770	4769	1364	
3 4769	4770	4771	
3 4753	4770	1364	
3 1360	4836	4815	
3 4770	1360	4771	
3 4771	1360	4795	
3 1346	4754	4772	
3 4772	4754	4769	
3 4776	4773	1366	
3 1362	4758	4773	
3 4737	1369	4785	
3 4786	4775	4774	
3 4766	4774	4775	
3 4786	4774	1387	
3 4776	1366	4787	
3 1373	4792	4776	
3 4788	1350	1359	
3 4789	4777	1361	
3 1357	4833	4813	
3 1357	4742	4778	
3 1386	1377	4779	
3 4798	4790	4779	
3 1352	4780	4711	
3 1382	4780	4761	
3 4782	4781	1362	
3 1371	4808	4793	
3 4776	4782	1362	
3 4782	4776	4792	
3 4808	305	4783	
3 1371	4793	4782	
3 4804	4784	1376	
3 4784	1382	4761	
3 1374	4789	4797	
3 1387	4774	4785	
3 1387	4805	4786	
3 4831	1376	4786	
3 1366	1367	4787	
3 4806	1367	4756	
3 4795	4788	1359	
3 1361	4777	4788	
3 4796	4789	1361	
3 1374	4797	4785	
3 4798	4779	1377	
3 4747	1353	4790	
3 4807	4791	1382	
3 4779	4791	1386	
3 4799	4792	1373	
3 4792	4799	4800	
3 4783	304	4793	
3 4787	1368	4794	
3 4794	1368	4801	
3 4771	4795	1359	
3 4795	1360	4811	
3 4816	1361	4811	
3 4820	4796	4816	
3 4796	4797	4789	
3 1387	4797	1381	
3 4798	1377	4821	
3 4747	4790	4798	
3 4801	1373	4794	
3 4799	1373	4801	
3 4799	1384	4800	
3 4800	4822	4802	
3 4801	4817	4812	
3 4799	4801	4812	
3 4802	4810	4808	
3 1378	4824	4810	
3 1365	1372	4803	
3 1391	4803	1372	
3 4786	4805	4831	
3 4807	4804	4814	
3 1381	4805	1387	
3 4842	4831	4805	
3 4806	4756	4813	
3 1368	4787	4806	
3 1382	4804	4807	
3 4814	4804	1385	
3 1371	4802	4808	
3 4793	4808	4783	
3 4824	4809	4810	
3 1378	4810	4802	
3 4809	305	4810	
3 4819	1360	4815	
3 1361	4816	4796	
3 4817	4801	1368	
3 4818	1393	4823	
3 4756	1357	4813	
3 1357	4778	4833	
3 4834	4814	1385	
3 4835	4814	1392	
3 4836	1360	4770	
3 4815	4836	4845	
3 4811	1360	4819	
3 4816	4819	4820	
3 1368	4806	4832	
3 4818	4817	1402	
3 4817	4818	4812	
3 4818	1402	4854	
3 4815	1375	4819	
3 4820	4819	1375	
3 4827	1375	4867	
3 1381	4796	4820	
3 4828	4821	1377	
3 4821	4828	4830	
3 4823	4822	1384	
3 1378	4802	4822	
3 4818	4823	1384	
3 1393	4837	4823	
3 4825	4824	1378	
3 306	4809	4824	
3 4825	1378	4823	
3 4829	4824	4825	
3 4840	4826	4829	
3 1389	4829	4825	
3 1394	4866	4856	
3 4820	1375	4827	
3 4835	4828	1377	
3 4828	4835	4852	
3 4826	306	4829	
3 4828	1397	4830	
3 4841	1395	4833	
3 4805	1394	4842	
3 4804	1376	4831	
3 4832	1395	4853	
3 4817	1368	4832	
3 4778	1388	4833	
3 4833	1388	4841	
3 4843	4834	1385	
3 1411	4860	4844	
3 4835	1392	4852	
3 1377	1386	4835	
3 4803	4836	4770	
3 4845	4836	1380	
3 4838	4837	1393	
3 1389	4825	4837	
3 1393	4818	4854	
3 4846	4839	4838	
3 4846	4838	1399	
3 1389	4847	4840	
3 1389	4839	4847	
3 307	4826	4840	
3 1397	4855	4830	
3 4841	4830	4855	
3 4848	4856	4862	
3 4804	4842	1385	
3 4842	4848	1385	
3 1394	4848	4842	
3 4843	4844	4834	
3 1407	1411	4844	
3 1380	1400	4845	
3 4880	1412	4867	
3 4849	4846	1399	
3 4847	4846	1404	
3 4846	4847	4839	
3 4851	4840	4847	
3 4856	4848	1394	
3 1385	4848	4843	
3 4868	4875	1399	
3 1399	4869	4849	
3 4859	4850	4851	
3 1404	4851	4847	
3 4850	307	4851	
3 4844	4852	1392	
3 4852	4844	4860	
3 4861	1395	4841	
3 4861	4883	4853	
3 4854	4874	4868	
3 4838	4854	4868	
3 4864	1397	4860	
3 4861	4853	1395	
3 1394	4865	4866	
3 1413	1407	4862	
3 4876	4870	4885	
3 1399	4857	4869	
3 4871	4858	1409	
3 1404	4849	4858	
3 4858	4859	1404	
3 308	4850	4859	
3 4860	4872	4864	
3 4864	4861	4855	
3 4855	1397	4864	
3 4874	1402	4883	
3 1413	4862	4856	
3 1407	4843	4862	
3 4871	1409	4877	
3 4858	4871	4859	
3 4872	4860	1411	
3 1417	4861	4864	
3 1381	4827	4865	
3 4866	4827	1406	
3 4827	4866	4865	
3 4866	1406	4873	
3 4880	1375	4845	
3 4867	1412	4881	
3 4874	4854	1402	
3 1399	4875	4857	
3 4870	4869	4857	
3 1409	4858	4869	
3 4884	4870	4857	
3 4870	4889	4885	
3 4863	4877	309	
3 4871	4863	308	
3 1411	4909	4872	
3 4909	4917	4872	
3 4881	4873	1406	
3 4873	4881	4882	
3 4853	4883	1402	
3 4875	4874	1433	
3 4874	4875	4868	
3 4884	1422	4870	
3 4870	4876	1409	
3 4879	4877	4876	
3 4879	1414	4886	
3 4886	4878	4879	
3 1414	4879	4876	
3 4878	309	4879	
3 4845	1400	4880	
3 4887	4880	1400	
3 4888	4881	1412	
3 4881	1418	4882	
3 4882	1418	4899	
3 1413	4882	4900	
3 1417	4911	4861	
3 4874	4910	1433	
3 4875	1433	4884	
3 1433	4924	4914	
3 4889	4870	1422	
3 1414	4885	4890	
3 1414	4890	4891	
3 310	4878	4886	
3 1400	1396	4892	
3 1412	4893	4888	
3 4893	1412	4887	
3 4888	4893	4896	
3 4901	4889	1422	
3 4890	1428	4891	
3 4885	4889	4890	
3 4889	4901	4904	
3 4897	1428	4902	
3 4897	4898	4891	
3 4922	4892	1403	
3 4887	4895	4893	
3 4895	4887	4892	
3 4893	4895	4896	
3 4897	311	4894	
3 4886	4898	310	
3 4892	1421	4895	
3 4896	4895	1421	
3 4896	4925	4918	
3 4915	4918	4923	
3 1428	4897	4891	
3 311	4897	1427	
3 4894	310	4898	
3 4915	1418	4888	
3 4907	4906	1425	
3 4882	4899	4900	
3 4903	4900	4899	
3 4901	1422	4914	
3 4904	1428	4890	
3 4905	4902	1428	
3 1423	1427	4902	
3 4906	4903	4899	
3 1420	4907	1416	
3 4901	1430	4904	
3 4905	1423	4902	
3 4904	1430	4905	
3 4908	4905	1430	
3 4899	4915	4923	
3 4906	4899	4923	
3 4906	4907	4903	
3 1425	4939	4920	
3 1407	4909	1411	
3 1430	1408	4908	
3 4921	4917	4919	
3 4911	4883	4861	
3 4910	4883	4911	
3 4912	4911	1417	
3 4910	4911	4913	
3 4917	1417	4872	
3 1417	4917	4912	
3 4912	1440	4913	
3 1440	4928	4924	
3 1422	4884	4914	
3 1433	4914	4884	
3 4918	4915	4896	
3 4899	1418	4915	
3 1439	1434	4916	
3 1408	4916	1434	
3 1416	4919	4909	
3 4917	4909	4919	
3 4896	1421	4925	
3 4918	1443	4923	
3 4920	4919	1416	
3 4919	4920	4921	
3 1416	4907	4920	
3 1425	4920	4907	
3 4940	4921	1444	
3 4912	4921	1440	
3 1410	4922	1403	
3 4922	1426	4926	
3 4927	4923	4938	
3 4906	4927	1425	
3 1433	4913	4924	
3 1440	4924	4913	
3 4926	4925	1421	
3 4936	4937	1438	
3 4929	4926	1426	
3 4925	4926	1438	
3 4938	4923	1443	
3 4927	4938	4943	
3 4931	4928	1440	
3 1434	1439	4928	
3 1426	1432	4929	
3 4930	4929	1432	
3 1432	4932	4930	
3 4932	4935	4930	
3 1440	4921	4940	
3 4931	1447	4945	
3 4933	1432	1424	
3 1415	4934	4935	
3 1415	4935	4932	
3 1432	4933	4932	
3 1437	4936	4935	
3 4941	4935	4934	
3 1438	4930	4936	
3 4935	4936	4930	
3 4942	4938	1443	
3 4925	4937	1443	
3 4942	1443	4937	
3 4943	4938	1449	
3 4943	4939	4927	
3 4939	4955	4954	
3 4940	1444	4944	
3 1440	4940	4931	
3 1401	4950	4934	
3 4941	4950	4946	
3 4946	1437	4941	
3 1449	4938	4942	
3 4947	4943	1449	
3 4939	4943	1448	
3 4954	1444	4939	
3 4957	4944	1450	
3 4948	4945	1447	
3 1434	4953	4949	
3 4941	4934	4950	
3 1449	4942	4946	
3 4951	4947	1449	
3 4947	4951	4952	
3 4985	1447	4957	
3 4948	4985	4984	
3 4964	4960	4968	
3 4953	1434	4945	
3 4946	4950	4959	
3 1449	4959	4951	
3 4960	4964	4959	
3 1451	4969	4961	
3 4962	4956	1448	
3 4948	4953	4945	
3 1398	4949	4953	
3 4955	4939	1448	
3 1450	4944	4954	
3 4956	4955	1448	
3 1450	4954	4955	
3 4962	1448	4952	
3 4956	1452	4963	
3 4979	1450	4963	
3 1454	4984	4985	
3 4969	1451	4964	
3 4951	4959	4964	
3 4946	4959	1449	
3 4960	4959	4950	
3 1401	4960	4950	
3 4960	1401	4958	
3 4952	4961	4962	
3 4956	4962	1452	
3 4965	4962	4961	
3 1452	4967	4971	
3 4979	4957	1450	
3 4968	4960	4958	
3 4968	4969	4964	
3 4966	4961	1445	
3 4967	1446	4971	
3 4970	4966	1445	
3 4967	4966	314	
3 4966	4967	4965	
3 4972	4967	314	
3 4958	1455	4968	
3 1445	4961	4969	
3 1455	4980	4987	
3 4983	1435	4973	
3 4970	1445	4973	
3 314	4970	1441	
3 1446	1459	4974	
3 1452	4971	4963	
3 314	1442	4972	
3 4975	1442	1436	
3 4969	4976	1445	
3 1445	4976	4973	
3 1457	4977	4974	
3 4978	4963	4971	
3 1459	4975	1436	
3 1446	4972	4975	
3 4968	1455	4987	
3 4987	4969	4968	
3 1453	4977	1457	
3 4979	1454	4985	
3 4974	4977	4978	
3 1454	4978	4977	
3 4963	4978	4979	
3 1454	4979	4978	
3 312	4981	4980	
3 4980	4981	4983	
3 4976	4969	4987	
3 1435	4983	4981	
3 4986	1454	4977	
3 4987	4983	4976	
3 4986	4984	1454	
3 1398	4984	4982	
3 1447	4985	4948	
3 4985	4957	4979	
3 4977	1453	4986	
3 1453	4982	4986	
3 4983	4987	4980	
CELL_TYPES 9515
5
5
5
5
5
5
5
5
5
5
5
5
5
5
5
5
5
5
5
5
5
5
5
5
5
5
5
5
5
5
5
5
5
5
5
5
5
5
5
5
5
5
5
5
5
5
5
5
5
5
5
5
5
5
5
5
5
5
5
5
5
5
5
5
5
5
5
5
5
5
5
5
5
5
5
5
5
5
5
5
5
5
5
5
5
5
5
5
5
5
5
5
5
5
5
5
5
5
5
5
5
5
5
5
5
5
5
5
5
5
5
5
5
5
5
5
5
5
5
5
5
5
5
5
5
5
5
5
5
5
5
5
5
5
5
5
5
5
5
5
5
5
5
5
5
5
5
5
5
5
5
5
5
5
5
5
5
5
5
5
5
5
5
5
5
5
5
5
5
5
5
5
5
5
5
5
5
5
5
5
5
5
5
5
5
5
5
5
5
5
5
5
5
5
5
5
5
5
5
5
5
5
5
5
5
5
5
5
5
5
5
5
5
5
5
5
5
5
5
5
5
5
5
5
5
5
5
5
5
5
5
5
5
5
5
5
5
5
5
5
5
5
5
5
5
5
5
5
5
5
5
5
5
5
5
5
5
5
5
5
5
5
5
5
5
5
5
5
5
5
5
5
5
5
5
5
5
5
5
5
5
5
5
5
5
5
5
5
5
5
5
5
5
5
5
5
5
5
5
5
5
5
5
5
5
5
5
5
5
5
5
5
5
5
5
5
5
5
5
5
5
5
5
5
5
5
5
5
5
5
5
5
5
5
5
5
5
5
5
5
5
5
5
5
5
5
5
5
5
5
5
5
5
5
5
5
5
5
5
5
5
5
5
5
5
5
5
5
5
5
5
5
5
5
5
5
5
5
5
5
5
5
5
5
5
5
5
5
5
5
5
5
5
5
5
5
5
5
5
5
5
5
5
5
5
5
5
5
5
5
5
5
5
5
5
5
5
5
5
5
5
5
5
5
5
5
5
5
5
5
5
5
5
5
5
5
5
5
5
5
5
5
5
5
5
5
5
5
5
5
5
5
5
5
5
5
5
5
5
5
5
5
5
5
5
5
5
5
5
5
5
5
5
5
5
5
5
5
5
5
5
5
5
5
5
5
5
5
5
5
5
5
5
5
5
5
5
5
5
5
5
5
5
5
5
5
5
5
5
5
5
5
5
5
5
5
5
5
5
5
5
5
5
5
5
5
5
5
5
5
5
5
5
5
5
5
5
5
5
5
5
5
5
5
5
5
5
5
5
5
5
5
5
5
5
5
5
5
5
5
5
5
5
5
5
5
5
5
5
5
5
5
5
5
5
5
5
5
5
5
5
5
5
5
5
5
5
5
5
5
5
5
5
5
5
5
5
5
5
5
5
5
5
5
5
5
5
5
5
5
5
5
5
5
5
5
5
5
5
5
5
5
5
5
5
5
5
5
5
5
5
5
5
5
5
5
5
5
5
5
5
5
5
5
5
5
5
5
5
5
5
5
5
5
5
5
5
5
5
5
5
5
5
5
5
5
5
5
5
5
5
5
5
5
5
5
5
5
5
5
5
5
5
5
5
5
5
5
5
5
5
5
5
5
5
5
5
5
5
5
5
5
5
5
5
5
5
5
5
5
5
5
5
5
5
5
5
5
5
5
5
5
5
5
5
5
5
5
5
5
5
5
5
5
5
5
5
5
5
5
5
5
5
5
5
5
5
5
5
5
5
5
5
5
5
5
5
5
5
5
5
5
5
5
5
5
5
5
5
5
5
5
5
5
5
5
5
5
5
5
5
5
5
5
5
5
5
5
5
5
5
5
5
5
5
5
5
5
5
5
5
5
5
5
5
5
5
5
5
5
5
5
5
5
5
5
5
5
5
5
5
5
5
5
5
5
5
5
5
5
5
5
5
5
5
5
5
5
5
5
5
5
5
5
5
5
5
5
5
5
5
5
5
5
5
5
5
5
5
5
5
5
5
5
5
5
5
5
5
5
5
5
5
5
5
5
5
5
5
5
5
5
5
5
5
5
5
5
5
5
5
5
5
5
5
5
5
5
5
5
5
5
5
5
5
5
5
5
5
5
5
5
5
5
5
5
5
5
5
5
5
5
5
5
5
5
5
5
5
5
5
5
5
5
5
5
5
5
5
5
5
5
5
5
5
5
5
5
5
5
5
5
5
5
5
5
5
5
5
5
5
5
5
5
5
5
5
5
5
5
5
5
5
5
5
5
5
5
5
5
5
5
5
5
5
5
5
5
5
5
5
5
5
5
5
5
5
5
5
5
5
5
5
5
5
5
5
5
5
5
5
5
5
5
5
5
5
5
5
5
5
5
5
5
5
5
5
5
5
5
5
5
5
5
5
5
5
5
5
5
5
5
5
5
5
5
5
5
5
5
5
5
5
5
5
5
5
5
5
5
5
5
5
5
5
5
5
5
5
5
5
5
5
5
5
5
5
5
5
5
5
5
5
5
5
5
5
5
5
5
5
5
5
5
5
5
5
5
5
5
5
5
5
5
5
5
5
5
5
5
5
5
5
5
5
5
5
5
5
5
5
5
5
5
5
5
5
5
5
5
5
5
5
5
5
5
5
5
5
5
5
5
5
5
5
5
5
5
5
5
5
5
5
5
5
5
5
5
5
5
5
5
5
5
5
5
5
5
5
5
5
5
5
5
5
5
5
5
5
5
5
5
5
5
5
5
5
5
5
5
5
5
5
5
5
5
5
5
5
5
5
5
5
5
5
5
5
5
5
5
5
5
5
5
5
5
5
5
5
5
5
5
5
5
5
5
5
5
5
5
5
5
5
5
5
5
5
5
5
5
5
5
5
5
5
5
5
5
5
5
5
5
5
5
5
5
5
5
5
5
5
5
5
5
5
5
5
5
5
5
5
5
5
5
5
5
5
5
5
5
5
5
5
5
5
5
5
5
5
5
5
5
5
5
5
5
5
5
5
5
5
5
5
5
5
5
5
5
5
5
5
5
5
5
5
5
5
5
5
5
5
5
5
5
5
5
5
5
5
5
5
5
5
5
5
5
5
5
5
5
5
5
5
5
5
5
5
5
5
5
5
5
5
5
5
5
5
5
5
5
5
5
5
5
5
5
5
5
5
5
5
5
5
5
5
5
5
5
5
5
5
5
5
5
5
5
5
5
5
5
5
5
5
5
5
5
5
5
5
5
5
5
5
5
5
5
5
5
5
5
5
5
5
5
5
5
5
5
5
5
5
5
5
5
5
5
5
5
5
5
5
5
5
5
5
5
5
5
5
5
5
5
5
5
5
5
5
5
5
5
5
5
5
5
5
5
5
5
5
5
5
5
5
5
5
5
5
5
5
5
5
5
5
5
5
5
5
5
5
5
5
5
5
5
5
5
5
5
5
5
5
5
5
5
5
5
5
5
5
5
5
5
5
5
5
5
5
5
5
5
5
5
5
5
5
5
5
5
5
5
5
5
5
5
5
5
5
5
5
5
5
5
5
5
5
5
5
5
5
5
5
5
5
5
5
5
5
5
5
5
5
5
5
5
5
5
5
5
5
5
5
5
5
5
5
5
5
5
5
5
5
5
5
5
5
5
5
5
5
5
5
5
5
5
5
5
5
5
5
5
5
5
5
5
5
5
5
5
5
5
5
5
5
5
5
5
5
5
5
5
5
5
5
5
5
5
5
5
5
5
5
5
5
5
5
5
5
5
5
5
5
5
5
5
5
5
5
5
5
5
5
5
5
5
5
5
5
5
5
5
5
5
5
5
5
5
5
5
5
5
5
5
5
5
5
5
5
5
5
5
5
5
5
5
5
5
5
5
5
5
5
5
5
5
5
5
5
5
5
5
5
5
5
5
5
5
5
5
5
5
5
5
5
5
5
5
5
5
5
5
5
5
5
5
5
5
5
5
5
5
5
5
5
5
5
5
5
5
5
5
5
5
5
5
5
5
5
5
5
5
5
5
5
5
5
5
5
5
5
5
5
5
5
5
5
5
5
5
5
5
5
5
5
5
5
5
5
5
5
5
5
5
5
5
5
5
5
5
5
5
5
5
5
5
5
5
5
5
5
5
5
5
5
5
5
5
5
5
5
5
5
5
5
5
5
5
5
5
5
5
5
5
5
5
5
5
5
5
5
5
5
5
5
5
5
5
5
5
5
5
5
5
5
5
5
5
5
5
5
5
5
5
5
5
5
5
5
5
5
5
5
5
5
5
5
5
5
5
5
5
5
5
5
5
5
5
5
5
5
5
5
5
5
5
5
5
5
5
5
5
5
5
5
5
5
5
5
5
5
5
5
5
5
5
5
5
5
5
5
5
5
5
5
5
5
5
5
5
5
5
5
5
5
5
5
5
5
5
5
5
5
5
5
5
5
5
5
5
5
5
5
5
5
5
5
5
5
5
5
5
5
5
5
5
5
5
5
5
5
5
5
5
5
5
5
5
5
5
5
5
5
5
5
5
5
5
5
5
5
5
5
5
5
5
5
5
5
5
5
5
5
5
5
5
5
5
5
5
5
5
5
5
5
5
5
5
5
5
5
5
5
5
5
5
5
5
5
5
5
5
5
5
5
5
5
5
5
5
5
5
5
5
5
5
5
5
5
5
5
5
5
5
5
5
5
5
5
5
5
5
5
5
5
5
5
5
5
5
5
5
5
5
5
5
5
5
5
5
5
5
5
5
5
5
5
5
5
5
5
5
5
5
5
5
5
5
5
5
5
5
5
5
5
5
5
5
5
5
5
5
5
5
5
5
5
5
5
5
5
5
5
5
5
5
5
5
5
5
5
5
5
5
5
5
5
5
5
5
5
5
5
5
5
5
5
5
5
5
5
5
5
5
5
5
5
5
5
5
5
5
5
5
5
5
5
5
5
5
5
5
5
5
5
5
5
5
5
5
5
5
5
5
5
5
5
5
5
5
5
5
5
5
5
5
5
5
5
5
5
5
5
5
5
5
5
5
5
5
5
5
5
5
5
5
5
5
5
5
5
5
5
5
5
5
5
5
5
5
5
5
5
5
5
5
5
5
5
5
5
5
5
5
5
5
5
5
5
5
5
5
5
5
5
5
5
5
5
5
5
5
5
5
5
5
5
5
5
5
5
5
5
5
5
5
5
5
5
5
5
5
5
5
5
5
5
5
5
5
5
5
5
5
5
5
5
5
5
5
5
5
5
5
5
5
5
5
5
5
5
5
5
5
5
5
5
5
5
5
5
5
5
5
5
5
5
5
5
5
5
5
5
5
5
5
5
5
5
5
5
5
5
5
5
5
5
5
5
5
5
5
5
5
5
5
5
5
5
5
5
5
5
5
5
5
5
5
5
5
5
5
5
5
5
5
5
5
5
5
5
5
5
5
5
5
5
5
5
5
5
5
5
5
5
5
5
5
5
5
5
5
5
5
5
5
5
5
5
5
5
5
5
5
5
5
5
5
5
5
5
5
5
5
5
5
5
5
5
5
5
5
5
5
5
5
5
5
5
5
5
5
5
5
5
5
5
5
5
5
5
5
5
5
5
5
5
5
5
5
5
5
5
5
5
5
5
5
5
5
5
5
5
5
5
5
5
5
5
5
5
5
5
5
5
5
5
5
5
5
5
5
5
5
5
5
5
5
5
5
5
5
5
5
5
5
5
5
5
5
5
5
5
5
5
5
5
5
5
5
5
5
5
5
5
5
5
5
5
5
5
5
5
5
5
5
5
5
5
5
5
5
5
5
5
5
5
5
5
5
5
5
5
5
5
5
5
5
5
5
5
5
5
5
5
5
5
5
5
5
5
5
5
5
5
5
5
5
5
5
5
5
5
5
5
5
5
5
5
5
5
5
5
5
5
5
5
5
5
5
5
5
5
5
5
5
5
5
5
5
5
5
5
5
5
5
5
5
5
5
5
5
5
5
5
5
5
5
5
5
5
5
5
5
5
5
5
5
5
5
5
5
5
5
5
5
5
5
5
5
5
5
5
5
5
5
5
5
5
5
5
5
5
5
5
5
5
5
5
5
5
5
5
5
5
5
5
5
5
5
5
5
5
5
5
5
5
5
5
5
5
5
5
5
5
5
5
5
5
5
5
5
5
5
5
5
5
5
5
5
5
5
5
5
5
5
5
5
5
5
5
5
5
5
5
5
5
5
5
5
5
5
5
5
5
5
5
5
5
5
5
5
5
5
5
5
5
5
5
5
5
5
5
5
5
5
5
5
5
5
5
5
5
5
5
5
5
5
5
5
5
5
5
5
5
5
5
5
5
5
5
5
5
5
5
5
5
5
5
5
5
5
5
5
5
5
5
5
5
5
5
5
5
5
5
5
5
5
5
5
5
5
5
5
5
5
5
5
5
5
5
5
5
5
5
5
5
5
5
5
5
5
5
5
5
5
5
5
5
5
5
5
5
5
5
5
5
5
5
5
5
5
5
5
5
5
5
5
5
5
5
5
5
5
5
5
5
5
5
5
5
5
5
5
5
5
5
5
5
5
5
5
5
5
5
5
5
5
5
5
5
5
5
5
5
5
5
5
5
5
5
5
5
5
5
5
5
5
5
5
5
5
5
5
5
5
5
5
5
5
5
5
5
5
5
5
5
5
5
5
5
5
5
5
5
5
5
5
5
5
5
5
5
5
5
5
5
5
5
5
5
5
5
5
5
5
5
5
5
5
5
5
5
5
5
5
5
5
5
5
5
5
5
5
5
5
5
5
5
5
5
5
5
5
5
5
5
5
5
5
5
5
5
5
5
5
5
5
5
5
5
5
5
5
5
5
5
5
5
5
5
5
5
5
5
5
5
5
5
5
5
5
5
5
5
5
5
5
5
5
5
5
5
5
5
5
5
5
5
5
5
5
5
5
5
5
5
5
5
5
5
5
5
5
5
5
5
5
5
5
5
5
5
5
5
5
5
5
5
5
5
5
5
5
5
5
5
5
5
5
5
5
5
5
5
5
5
5
5
5
5
5
5
5
5
5
5
5
5
5
5
5
5
5
5
5
5
5
5
5
5
5
5
5
5
5
5
5
5
5
5
5
5
5
5
5
5
5
5
5
5
5
5
5
5
5
5
5
5
5
5
5
5
5
5
5
5
5
5
5
5
5
5
5
5
5
5
5
5
5
5
5
5
5
5
5
5
5
5
5
5
5
5
5
5
5
5
5
5
5
5
5
5
5
5
5
5
5
5
5
5
5
5
5
5
5
5
5
5
5
5
5
5
5
5
5
5
5
5
5
5
5
5
5
5
5
5
5
5
5
5
5
5
5
5
5
5
5
5
5
5
5
5
5
5
5
5
5
5
5
5
5
5
5
5
5
5
5
5
5
5
5
5
5
5
5
5
5
5
5
5
5
5
5
5
5
5
5
5
5
5
5
5
5
5
5
5
5
5
5
5
5
5
5
5
5
5
5
5
5
5
5
5
5
5
5
5
5
5
5
5
5
5
5
5
5
5
5
5
5
5
5
5
5
5
5
5
5
5
5
5
5
5
5
5
5
5
5
5
5
5
5
5
5
5
5
5
5
5
5
5
5
5
5
5
5
5
5
5
5
5
5
5
5
5
5
5
5
5
5
5
5
5
5
5
5
5
5
5
5
5
5
5
5
5
5
5
5
5
5
5
5
5
5
5
5
5
5
5
5
5
5
5
5
5
5
5
5
5
5
5
5
5
5
5
5
5
5
5
5
5
5
5
5
5
5
5
5
5
5
5
5
5
5
5
5
5
5
5
5
5
5
5
5
5
5
5
5
5
5
5
5
5
5
5
5
5
5
5
5
5
5
5
5
5
5
5
5
5
5
5
5
5
5
5
5
5
5
5
5
5
5
5
5
5
5
5
5
5
5
5
5
5
5
5
5
5
5
5
5
5
5
5
5
5
5
5
5
5
5
5
5
5
5
5
5
5
5
5
5
5
5
5
5
5
5
5
5
5
5
5
5
5
5
5
5
5
5
5
5
5
5
5
5
5
5
5
5
5
5
5
5
5
5
5
5
5
5
5
5
5
5
5
5
5
5
5
5
5
5
5
5
5
5
5
5
5
5
5
5
5
5
5
5
5
5
5
5
5
5
5
5
5
5
5
5
5
5
5
5
5
5
5
5
5
5
5
5
5
5
5
5
5
5
5
5
5
5
5
5
5
5
5
5
5
5
5
5
5
5
5
5
5
5
5
5
5
5
5
5
5
5
5
5
5
5
5
5
5
5
5
5
5
5
5
5
5
5
5
5
5
5
5
5
5
5
5
5
5
5
5
5
5
5
5
5
5
5
5
5
5
5
5
5
5
5
5
5
5
5
5
5
5
5
5
5
5
5
5
5
5
5
5
5
5
5
5
5
5
5
5
5
5
5
5
5
5
5
5
5
5
5
5
5
5
5
5
5
5
5
5
5
5
5
5
5
5
5
5
5
5
5
5
5
5
5
5
5
5
5
5
5
5
5
5
5
5
5
5
5
5
5
5
5
5
5
5
5
5
5
5
5
5
5
5
5
5
5
5
5
5
5
5
5
5
5
5
5
5
5
5
5
5
5
5
5
5
5
5
5
5
5
5
5
5
5
5
5
5
5
5
5
5
5
5
5
5
5
5
5
5
5
5
5
5
5
5
5
5
5
5
5
5
5
5
5
5
5
5
5
5
5
5
5
5
5
5
5
5
5
5
5
5
5
5
5
5
5
5
5
5
5
5
5
5
5
5
5
5
5
5
5
5
5
5
5
5
5
5
5
5
5
5
5
5
5
5
5
5
5
5
5
5
5
5
5
5
5
5
5
5
5
5
5
5
5
5
5
5
5
5
5
5
5
5
5
5
5
5
5
5
5
5
5
5
5
5
5
5
5
5
5
5
5
5
5
5
5
5
5
5
5
5
5
5
5
5
5
5
5
5
5
5
5
5
5
5
5
5
5
5
5
5
5
5
5
5
5
5
5
5
5
5
5
5
5
5
5
5
5
5
5
5
5
5
5
5
5
5
5
5
5
5
5
5
5
5
5
5
5
5
5
5
5
5
5
5
5
5
5
5
5
5
5
5
5
5
5
5
5
5
5
5
5
5
5
5
5
5
5
5
5
5
5
5
5
5
5
5
5
5
5
5
5
5
5
5
5
5
5
5
5
5
5
5
5
5
5
5
5
5
5
5
5
5
5
5
5
5
5
5
5
5
5
5
5
5
5
5
5
5
5
5
5
5
5
5
5
5
5
5
5
5
5
5
5
5
5
5
5
5
5
5
5
5
5
5
5
5
5
5
5
5
5
5
5
5
5
5
5
5
5
5
5
5
5
5
5
5
5
5
5
5
5
5
5
5
5
5
5
5
5
5
5
5
5
5
5
5
5
5
5
5
5
5
5
5
5
5
5
5
5
5
5
5
5
5
5
5
5
5
5
5
5
5
5
5
5
5
5
5
5
5
5
5
5
5
5
5
5
5
5
5
5
5
5
5
5
5
5
5
5
5
5
5
5
5
5
5
5
5
5
5
5
5
5
5
5
5
5
5
5
5
5
5
5
5
5
5
5
5
5
5
5
5
5
5
5
5
5
5
5
5
5
5
5
5
5
5
5
5
5
5
5
5
5
5
5
5
5
5
5
5
5
5
5
5
5
5
5
5
5
5
5
5
5
5
5
5
5
5
5
5
5
5
5
5
5
5
5
5
5
5
5
5
5
5
5
5
5
5
5
5
5
5
5
5
5
5
5
5
5
5
5
5
5
5
5
5
5
5
5
5
5
5
5
5
5
5
5
5
5
5
5
5
5
5
5
5
5
5
5
5
5
5
5
5
5
5
5
5
5
5
5
5
5
5
5
5
5
5
5
5
5
5
5
5
5
5
5
5
5
5
5
5
5
5
5
5
5
5
5
5
5
5
5
5
5
5
5
5
5
5
5
5
5
5
5
5
5
5
5
5
5
5
5
5
5
5
5
5
5
5
5
5
5
5
5
5
5
5
5
5
5
5
5
5
5
5
5
5
5
5
5
5
5
5
5
5
5
5
5
5
5
5
5
5
5
5
5
5
5
5
5
5
5
5
5
5
5
5
5
5
5
5
5
5
5
5
5
5
5
5
5
5
5
5
5
5
5
5
5
5
5
5
5
5
5
5
5
5
5
5
5
5
5
5
5
5
5
5
5
5
5
5
5
5
5
5
5
5
5
5
5
5
5
5
5
5
5
5
5
5
5
5
5
5
5
5
5
5
5
5
5
5
5
5
5
5
5
5
5
5
5
5
5
5
5
5
5
5
5
5
5
5
5
5
5
5
5
5
5
5
5
5
5
5
5
5
5
5
5
5
5
5
5
5
5
5
5
5
5
5
5
5
5
5
5
5
5
5
5
5
5
5
5
5
5
5
5
5
5
5
5
5
5
5
5
5
5
5
5
5
5
5
5
5
5
5
5
5
5
5
5
5
5
5
5
5
5
5
5
5
5
5
5
5
5
5
5
5
5
5
5
5
5
5
5
5
5
5
5
5
5
5
5
5
5
5
5
5
5
5
5
5
5
5
5
5
5
5
5
5
5
5
5
5
5
5
5
5
5
5
5
5
5
5
5
5
5
5
5
5
5
5
5
5
5
5
5
5
5
5
5
5
5
5
5
5
5
5
5
5
5
5
5
5
5
5
5
5
5
5
5
5
5
5
5
5
5
5
5
5
5
5
5
5
5
5
5
5
5
5
5
5
5
5
5
5
5
5
5
5
5
5
5
5
5
5
5
5
5
5
5
5
5
5
5
5
5
5
5
5
5
5
5
5
5
5
5
5
5
5
5
5
5
5
5
5
5
5
5
5
5
5
5
5
5
5
5
5
5
5
5
5
5
5
5
5
5
5
5
5
5
5
5
5
5
5
5
5
5
5
5
5
5
5
5
5
5
5
5
5
5
5
5
5
5
5
5
5
5
5
5
5
5
5
5
5
5
5
5
5
5
5
5
5
5
5
5
5
5
5
5
5
5
5
5
5
5
5
5
5
5
5
5
5
5
5
5
5
5
5
5
5
5
5
5
5
5
5
5
5
5
5
5
5
5
5
5
5
5
5
5
5
5
5
5
5
5
5
5
5
5
5
5
5
5
5
5
5
5
5
5
5
5
5
5
5
5
5
5
5
5
5
5
5
5
5
5
5
5
5
5
5
5
5
5
5
5
5
5
5
5
5
5
5
5
5
5
5
5
5
5
5
5
5
5
5
5
5
5
5
5
5
5
5
5
5
5
5
5
5
5
5
5
5
5
5
5
5
5
5
5
5
5
5
5
5
5
5
5
5
5
5
5
5
5
5
5
5
5
5
5
5
5
5
5
5
5
5
5
5
5
5
5
5
5
5
5
5
5
5
5
5
5
5
5
5
5
5
5
5
5
5
5
5
5
5
5
5
5
5
5
5
5
5
5
5
5
5
5
5
5
5
5
5
5
5
5
5
5
5
5
5
5
5
5
5
5
5
5
5
5
5
5
5
5
5
5
5
5
5
5
5
5
5
5
5
5
5
5
5
5
5
5
5
5
5
5
5
5
5
5
5
5
5
5
5
5
5
5
5
5
5
5
5
5
5
5
5
5
5
5
5
5
5
5
5
5
5
5
5
5
5
5
5
5
5
5
5
5
5
5
5
5
5
5
5
5
5
5
5
5
5
5
5
5
5
5
5
5
5
5
5
5
5
5
5
5
5
5
5
5
5
5
5
5
5
5
5
5
5
5
5
5
5
5
5
5
5
5
5
5
5
5
5
5
5
5
5
5
5
5
5
5
5
5
5
5
5
5
5
5
5
5
5
5
5
5
5
5
5
5
5
5
5
5
5
5
5
5
5
5
5
5
5
5
5
5
5
5
5
5
5
5
5
5
5
5
5
5
5
5
5
5
5
5
5
5
5
5
5
5
5
5
5
5
5
5
5
5
5
5
5
5
5
5
5
5
5
5
5
5
5
5
5
5
5
5
5
5
5
5
5
5
5
5
5
5
5
5
5
5
5
5
5
5
5
5
5
5
5
5
5
5
5
5
5
5
5
5
5
5
5
5
5
5
5
5
5
5
5
5
5
5
5
5
5
5
5
5
5
5
5
5
5
5
5
5
5
5
5
5
5
5
5
5
5
5
5
5
5
5
5
5
5
5
5
5
5
5
5
5
5
5
5
5
5
5
5
5
5
5
5
5
5
5
5
5
5
5
5
5
5
5
5
5
5
5
5
5
5
5
5
5
5
5
5
5
5
5
5
5
5
5
5
5
5
5
5
5
5
5
5
5
5
5
5
5
5
5
5
5
5
5
5
5
5
5
5
5
5
5
5
5
5
5
5
5
5
5
5
5
5
5
5
5
5
5
5
5
5
5
5
5
5
5
5
5
5
5
5
5
5
5
5
5
5
5
5
5
5
5
5
5
5
5
5
5
5
5
5
5
5
5
5
5
5
5
5
5
5
5
5
5
5
5
5
5
5
5
5
5
5
5
5
5
5
5
5
5
5
5
5
5
5
5
5
5
5
5
5
5
5
5
5
5
5
5
5
5
5
5
5
5
5
5
5
5
5
5
5
5
5
5
5
5
5
5
5
5
5
5
5
5
5
5
5
5
5
5
5
5
5
5
5
5
5
5
5
5
5
5
5
5
5
5
5
5
5
5
5
5
5
5
5
5
5
5
5
5
5
5
5
5
5
5
5
5
5
5
5
5
5
5
5
5
5
5
5
5
5
5
5
5
5
5
5
5
5
5
5
5
5
5
5
5
5
5
5
5
5
5
5
5
5
5
5
5
5
5
5
5
5
5
5
5
5
5
5
5
5
5
5
5
5
5
5
5
5
5
5
5
5
5
5
5
5
5
5
5
5
5
5
5
5
5
5
5
5
5
5
5
5
5
5
5
5
5
5
5
5
5
5
5
5
5
5
5
5
5
5
5
5
5
5
5
5
5
5
5
5
5
5
5
5
5
5
5
5
5
5
5
5
5
5
5
5
5
5
5
5
5
5
5
5
5
5
5
5
5
5
5
5
5
5
5
5
5
5
5
5
5
5
5
5
5
5
5
5
5
5
5
5
5
5
5
5
5
5
5
5
5
5
5
5
5
5
5
5
5
5
5
5
5
5
5
5
5
5
5
5
5
5
5
5
5
5
5
5
5
5
5
5
5
5
5
5
5
5
5
5
5
5
5
5
5
5
5
5
5
5
5
5
5
5
5
5
5
5
5
5
5
5
5
5
5
5
5
5
5
5
5
5
5
5
5
5
5
5
5
5
5
5
5
5
5
5
5
5
5
5
5
5
5
5
5
5
5
5
5
5
5
5
5
5
5
5
5
5
5
5
5
5
5
5
5
5
5
5
5
5
5
5
5
5
5
5
5
5
5
5
5
5
5
5
5
5
5
5
5
5
5
5
5
5
5
5
5
5
5
5
5
5
5
5
5
5
5
5
5
5
5
5
5
5
5
5
5
5
5
5
5
5
5
5
5
5
5
5
5
5
5
5
5
5
5
5
5
5
5
5
5
5
5
5
5
5
5
5
5
5
5
5
5
5
5
5
5
5
5
5
5
5
5
5
5
5
5
5
5
5
5
5
5
5
5
5
5
5
5
5
5
5
5
5
5
5
5
5
5
5
5
5
5
5
5
5
5
5
5
5
5
5
5
5
5
5
5
5
5
5
5
5
5
5
5
5
5
5
5
5
5
5
5
5
5
5
5
5
5
5
5
5
5
5
5
5
5
5
5
5
5
5
5
5
5
5
5
5
5
5
5
5
5
5
5
5
5
5
5
5
5
5
5
5
5
5
5
5
5
5
5
5
5
5
5
5
5
5
5
5
5
5
5
5
5
5
5
5
5
5
5
5
5
5
5
5
5
5
5
5
5
5
5
5
5
5
5
5
5
5
5
5
5
5
5
5
5
5
5
5
5
5
5
5
5
5
5
5
5
5
5
5
5
5
5
5
5
5
5
5
5
5
5
5
5
5
5
5
5
5
5
5
5
5
5
5
5
5
5
5
5
5
5
5
5
5
5
5
5
5
5
5
5
5
5
5
5
5
5
5
5
5
5
5
5
5
5
5
5
5
5
5
5
5
5
5
5
5
5
5
5
5
5
5
5
5
5
5
5
5
5
5
5
5
5
5
5
5
5
5
5
5
5
5
5
5
5
5
5
5
5
5
5
5
5
5
5
5
5
5
5
5
5
5
5
5
5
5
5
5
5
5
5
5
5
5
5
5
5
5
5
5
5
5
5
5
5
5
5
5
5
5
5
5
5
5
5
5
5
5
5
5
5
5
5
5
5
5
5
5
5
5
5
5
5
5
5
5
5
5
5
5
5
5
5
5
5
5
5
5
5
5
5
5
5
5
5
5
5
5
5
5
5
5
5
5
5
5
5
5
5
5
5
5
5
5
5
5
5
5
5
5
5
5
5
5
5
5
5
5
5
5
5
5
5
5
5
5
5
5
5
5
5
5
5
5
5
5
5
5
5
5
5
5
5
5
5
5
5
5
5
5
5
5
5
5
5
5
5
5
5
5
5
5
5
5
5
5
5
5
5
5
5
5
5
5
5
5
5
5
5
5
5
5
5
5
5
5
5
5
5
5
5
5
5
5
5
5
5
5
5
5
5
5
5
5
5
5
5
5
5
5
5
5
5
5
5
5
5
5
5
5
5
5
5
5
5
5
5
5
5
5
5
5
5
5
5
5
5
5
5
5
5
5
5
5
5
5
5
5
5
5
5
5
5
5
5
5
5
5
5
5
5
5
5
5
5
5
5
5
5
5
5
5
5
5
5
5
5
5
5
5
5
5
5
5
5
5
5
5
5
5
5
5
5
5
5
5
5
5
5
5
5
5
5
5
5
5
5
5
5
5
5
5
5
5
5
5
5
5
5
5
5
5
5
5
5
5
5
5
5
5
5
5
5
5
5
5
5
5
5
5
5
5
5
5
5
5
5
5
5
5
5
5
5
5
5
5
5
5
5
5
5
5
5
5
5
5
5
5
5
5
5
5
5
5
5
5
5
5
5
5
5
5
5
5
5
5
5
5
5
5
5
5
5
5
5
5
5
5
5
5
5
5
5
5
5
5
5
5
5
5
5
5
5
5
5
5
5
5
5
5
5
5
5
5
5
5
5
5
5
5
5
5
5
5
5
5
5
5
5
5
5
5
5
5
5
5
5
5
5
5
5
5
5
5
5
5
5
5
5
5
5
5
5
5
5
5
5
5
5
5
5
5
5
5
5
5
5
5
5
5
5
5
5
5
5
5
5
5
5
5
5
5
5
5
5
5
5
5
5
5
5
5
5
5
5
5
5
5
5
5
5
5
5
5
5
5
5
5
5
5
5
5
5
5
5
5
5
5
5
5
5
5
5
5
5
5
5
5
5
5
5
5
5
5
5
5
5
5
5
5
5
5
5
5
5
5
5
5
5
5
5
5
5
5
5
5
5
5
5
5
5
5
5
5
5
5
5
5
5
5
5
5
5
5
5
5
5
5
5
5
5
5
5
5
5
5
5
5
5
5
5
5
5
5
5
5
5
5
5
5
5
5
5
5
5
5
5
5
5
5
5
5
5
5
5
5
5
5
5
5
5
5
5
5
5
5
5
5
5
5
5
5
5
5
5
5
5
5
5
5
5
5
5
5
5
5
5
5
5
5
5
5
5
5
5
5
5
5
5
5
5
5
5
5
5
5
5
5
5
5
5
5
5
5
5
5
5
5
5
5
5
5
5
5
5
5
5
5
5
5
5
5
5
5
5
5
5
5
5
5
5
5
5
5
5
5
5
5
5
5
5
5
5
5
5
5
5
5
5
5
5
5
5
5
5
5
5
5
5
5
5
5
5
5
5
5
5
5
5
5
5
5
5
5
5
5
5
5
5
5
5
5
5
5
5
5
5
5
5
5
5
5
5
5
5
5
5
5
5
5
5
5
5
5
5
5
5
5
5
5
5
5
5
5
5
5
5
5
5
5
5
5
5
5
5
5
5
5
5
5
5
5
5
5
5
5
5
5
5
5
5
5
5
5
5
5
5
5
5
5
5
5
5
5
5
5
5
5
5
5
5
5
5
5
5
5
5
5
5
5
5
5
5
5
5
5
5
5
5
5
5
5
5
5
5
5
5
5
5
5
5
5
5
5
5
5
5
5
5
5
5
5
5
5
5
5
5
5
5
5
5
5
5
5
5
5
5
5
5
5
5
5
5
5
5
5
5
5
5
5
5
5
5
5
5
5
5
5
5
5
5
5
5
5
5
5
5
5
5
5
5
5
5
5
5
5
5
5
5
5
5
5
5
5
5
5
5
5
5
5
5
5
5
5
5
5
5
5
5
5
5
5
5
5
5
5
5
5
5
5
5
5
5
5
5
5
5
5
5
5
5
5
5
5
5
5
5
5
5
5
5
5
5
5
5
5
5
5
5
5
5
5
5
5
5
5
5
5
5
5
5
5
5
5
5
5
5
5
5
5
5
5
5
5
5
5
5
5
5
5
5
5
5
5
5
5
5
5
5
5
5
5
5
5
5
5
5
5
5
5
5
5
5
5
5
5
5
5
5
5
5
5
5
5
5
5
5
5
5
5
5
5
5
5
5
5
5
5
5
5
5
5
5
5
5
5
5
5
5
5
5
5
5
5
5
5
5
5
5
5
5
5
5
5
5
5
5
5
5
5
5
5
5
5
5
5
5
5
5
5
5
5
5
5
5
5
5
5
5
5
5
5
5
5
5
5
5
5
5
5
5
5
5
5
5
5
5
5
5
5
5
5
5
5
5
5
5
5
5
5
5
5
5
5
5
5
5
5
5
5
5
5
5
5
5
5
5
5
5
5
5
5
5
5
5
5
5
5
5
5
5
5
5
5
5
5
5
5
5
5
5
5
5
5
5
5
5
5
5
5
5
5
5
5
5
5
5
5
5
5
5
5
5
5
5
5
5
5
5
5
5
5
5
5
5
5
5
5
5
5
5
5
5
5
5
5
5
5
5
5
5
5
5
5
5
5
5
5
5
5
5
5
5
5
5
5
5
5
5
5
5
5
5
5
5
5
5
5
5
5
5
5
5
5
5
5
5
5
5
5
5
5
5
5
5
5
5
5
5
5
5
5
5
5
5
5
5
5
5
5
5
5
5
5
5
5
5
5
5
5
5
5
5
5
5
5
5
5
5
5
5
5
5
5
5
5
5
5
5
5
5
5
5
5
5
5
5
5
5
5
5
5
5
5
5
5
5
5
5
5
5
5
5
5
5
5
5
5
5
5
5
5
5
5
5
5
5
5
5
5
5
5
5
5
5
5
5
5
5
5
5
5
5
5
5
5
5
5
5
5
5
5
5
5
5
5
5
5
5
5
5
5
5
5
5
5
5
5
5
5
5
5
5
5
5
5
5
5
5
5
5
5
5
5
5
5
5
5
5
5
5
5
5
5
5
5
5
5
5
5
5
5
5
5
5
5
5
5
5
5
5
5
5
5
5
5
5
5
5
5
5
5
5
5
5
5
5
5
5
5
5
5
5
5
5
5
5
5
5
5
5
5
5
5
5
5
5
5
5
5
5
5
5
5
5
5
5
5
5
5
5
5
5
5
5
5
5
5
5
5
5
5
5
5
5
5
5
5
5
5
5
5
5
5
5
5
5
5
5
5
5
5
5
5
5
5
5
5
5
5
5
5
5
5
5
5
5
5
5
5
5
5
5
5
5
5
5
5
5
5
5
5
5
5
5
5
5
5
5
5
5
5
5
5
5
5
5
5
5
5
5
5
5
5
5
5
5
5
5
5
5
5
5
5
5
5
5
5
5
5
5
5
5
5
5
5
5
5
5
5
5
5
5
5
5
5
5
5
5
5
5
5
5
5
5
5
5
5
5
5
5
5
5
5
5
5
5
5
5
5
5
5
5
5
5
5
5
5
5
5
5
5
5
5
5
5
5
5
5
5
5
5
5
5
5
5
5
5
5
5
5
5
5
5
5
5
5
5
5
5
5
5
5
5
5
5
5
5
5
5
5
5
5
5
5
5
5
5
5
5
5
5
5
5
5
5
5
5
5
5
5
5
5
5
5
5
5
5
5
5
5
5
5
5
5
5
5
5
5
5
5
5
5
5
5
5
5
5
5
5
5
5
5
5
5
5
5
5
5
5
5
5
5
5
5
5
5
5
5
5
5
5
5
5
5
5
5
5
5
5
5
5
5
5
5
5
5
5
5
5
5
5
5
5
5
5
5
5
5
5
5
5
5
5
5
5
5
5
5
5
5
5
5
5
5
5
5
5
5
5
5
5
5
5
5
5
5
5
5
5
5
5
5
5
5
5
5
5
5
5
5
5
5
5
5
5
5
5
5
5
5
5
5
5
5
5
5
5
5
5
5
5
5
5
5
5
5
5
5
5
5
5
5
5
5
5
5
5
5
5
5
5
5
5
5
5
5
5
5
5
5
5
5
5
5
5
5
5
5
5
5
5
5
5
5
5
5
5
5
5
5
5
5
5
5
5
5
5
5
5
5
5
5
5
5
5
5
5
5
5
5
5
5
5
5
5
5
5
5
5
5
5
5
5
5
5
5
5
5
5
5
5
5
5
5
5
5
5
5
5
5
5
5
5
5
5
5
5
5
5
5
5
5
5
5
5
5
5
5
5
5
5
5
5
5
5
5
5
5
5
5
5
5
5
5
5
5
5
5
5
5
5
5
5
5
5
5
5
5
5
5
5
5
5
5
5
5
5
5
5
5
5
5
5
5
5
5
5
5
5
5
5
5
5
5
5
5
5
5
5
5
5
5
5
5
5
5
5
5
5
5
5
5
5
5
5
5
5
5
5
5
5
5
5
5
5
5
5
5
5
5
5
5
5
5
5
5
5
5
5
5
5
5
5
5
5
5
5
5
5
5
5
5
5
5
5
5
5
5
5
5
5
5
5
5
5
5
5
5
5
5
5
5
5
5
5
5
5
5
5
5
5
5
5
5
5
5
5
5
5
5
5
5
5
5
5
5
5
5
5
5
5
5
5
5
5
5
5
5
5
5
5
5
5
5
5
5
5
5
5
5
5
5
5
5
5
5
5
5
5
5
5
5
5
5
5
5
5
5
5
5
5
5
5
5
5
5
5
5
5
5
5
5
5
5
5
5
5
5
5
5
5
5
5
5
5
5
5
5
5
5
5
5
5
5
5
5
5
5
5
5
5
5
5
5
5
5
5
5
5
5
5
5
5
5
5
5
5
5
5
5
5
5
5
5
5
5
5
5
5
5
5
5
5
5
5
5
5
5
5
5
5
5
5
5
5
5
5
5
5
5
5
5
5
5
5
5
5
5
5
5
5
5
5
5
5
5
5
5
5
5
5
5
5
5
5
5
5
5
5
5
5
5
5
5
5
5
5
5
5
5
5
5
5
5
5
5
5
5
5
5
5
5
5
5
5
5
5
5
5
5
5
5
5
5
5
5
5
5
5
5
5
5
5
5
5
5
5
5
5
5
5
5
5
5
5
5
5
5
5
5
5
5
5
5
5
5
5
5
5
5
5
5
5
5
5
5
5
5
5
5
5
5
5
5
5
5
5
5
5
5
5
5
5
5
5
5
5
5
5
5
5
5
5
5
5
5
5
5
5
5
5
5
5
5
5
5
5
5
5
5
5
5
5
5
5
5
5
5
5
5
5
5
5
5
5
5
5
5
5
5
5
5
5
5
5
5
5
5
5
5
5
5
5
5
5
5
5
5
5
5
5
5
5
5
5
5
5
5
5
5
5
5
5
5
5
5
5
5
5
5
5
5
5
5
5
5
5
5
5
5
5
5
5
5
5
5
5
5
5
5
5
5
5
5
5
5
5
5
5
5
5
5
5
5
5
5
5
5
5
5
5
5
5
5
5
5
5
5
5
5
5
5
5
5
5
5
5
5
5
5
5
5
5
5
5
5
5
5
5
5
5
5
5
5
5
5
5
5
5
5
5
5
5
5
5
5
5
5
5
5
5
5
5
5
5
5
5
5
5
5
5
5
5
5
5
5
5
5
5
5
5
5
5
5
5
5
5
5
5
5
5
5
5
5
5
5
5
5
5
5
5
5
5
5
5
5
5
5
5
5
5
5
5
5
5
5
5
5
5
5
5
5
5
5
5
5
5
5
5
5
5
5
5
5
5
5
5
5
5
5
5
5
5
5
5
5
5
5
5
5
5
5
5
5
5
5
5
5
5
5
5
5
5
5
5
5
5
5
5
5
5
5
5
5
5
5
5
5
5
5
5
5
5
5
5
5
5
5
5
5
5
5
5
5
5
5
5
5
5
5
5
5
5
5
5
5
5
5
5
5
5
5
5
5
5
5
5
5
5
5
5
5
5
5
5
5
5
5
5
5
5
5
5
5
5
5
5
5
5
5
5
5
5
5
5
5
5
5
5
5
5
5
5
5
5
5
5
5
5
5
5
5
5
5
5
5
5
5
5
5
5
5
5
5
5
5
5
5
5
5
5
5
5
5
5
5
5
5
5
5
5
5
5
5
5
5
5
5
5
5
5
5
5
5
5
5
5
5
5
5
5
5
5
5
5
5
5
5
5
5
5
5
5
5
5
5
5
5
5
5
5
5
5
5
5
5
5
5
5
5
5
5
5
5
5
5
5
5
5
5
5
5
5
5
5
5
5
5
5
5
5
5
5
5
5
5
5
5
5
5
5
5
5
5
5
5
5
5
5
5
5
5
5
5
5
5
5
5
5
5
5
5
5
5
5
5
5
5
5
5
5
5
5
5
5
5
5
5
5
5
5
5
5
5
5
5
5
5
5
5
5
5
5
5
5
5
5
5
5
5
5
5
5
5
5
5
5
5
5
5
5
5
5
5
5
5
5
5
5
5
5
5
5
5
5
5
5
5
5
5
5
5
5
5
5
5
5
5
5
5
5
5
5
5
5
5
5
5
5
5
5
5
5
5
5
5
5
5
5
5
5
5
5
5
5
5
5
5
5
5
5
5
5
5
5
5
5
5
5
5
5
5
5
5
5
5
5
5
5
5
5
5
5
5
5
5
5
5
5
5
5
5
5
5
5
5
5
5
5
5
5
5
5
5
5
5
5
5
5
5
5
5
5
5
5
5
5
5
5
5
5
5
5
5
5
5
5
5
5
5
5
5
5
5
5
5
5
5
5
5
5
5
5
5
5
5
5
5
5
5
5
5
5
5
5
5
5
5
5
5
5
5
5
5
5
5
5
5
5
5
5
5
5
5
5
5
5
5
5
5
5
5
5
5
5
5
5
5
5
5
5
5
5
5
5
5
5
5
5
5
5
5
5
5
5
5
5
5
5
5
5
5
5
5
5
5
5
5
5
5
5
5
5
5
5
5
5
5
5
5
5
5
5
5
5
5
5
5
5
5
5
5
5
5
5
5
5
5
5
5
5
5
5
5
5
5
5
5
5
5
5
5
5
5
5
5
5
5
5
5
5
5
5
5
5
5
5
5
5
5
5
5
5
5
5
5
5
5
5
5
5
5
5
5
5
5
5
5
5
5
5
5
5
5
5
5
5
5
5
5
5
5
5
5
5
5
5
5
5
5
5
CELL_DATA 9515
SCALARS sample_scalars double 2
LOOKUP_TABLE default
250.732	0	
250.732	0	
151.722	0	
250.732	0	
250.732	0	
243.474	0	
186.177	0	
250.732	0	
216.287	0	
250.732	0	
614.555	0	
162.437	0	
250.732	0	
217.475	0	
750.341	0	
204.07	0	
179.306	0	
1162.3	0	
197.196	0	
923.088	0	
554.472	0	
172.062	0	
1155.62	0	
193.322	0	
194.769	0	
235.97	0	
235.635	0	
196.149	0	
194.872	0	
192.194	0	
213.726	0	
208.385	0	
349.886	0	
216.054	0	
205.4	0	
179.947	0	
206.529	0	
254.849	0	
190.628	0	
214.851	0	
507.751	0	
217.794	0	
206.311	0	
206.534	0	
198.926	0	
366.029	0	
182.534	0	
246.568	0	
306.43	0	
192.155	0	
477.054	0	
195.061	0	
548.338	0	
198.41	0	
188.358	0	
193.583	0	
169.302	0	
222.359	0	
259.889	0	
191.807	0	
200.615	0	
190.898	0	
272.96	0	
199.23	0	
197.129	0	
236.679	0	
242.684	0	
214.414	0	
210.576	0	
202.069	0	
222.915	0	
213.388	0	
178.488	0	
189.472	0	
223.215	0	
221.952	0	
210.904	0	
219.001	0	
203.152	0	
204.897	0	
220.194	0	
239.136	0	
208.504	0	
198.255	0	
213.598	0	
211.37	0	
188.09	0	
207.555	0	
246.575	0	
215.262	0	
196.226	0	
215.141	0	
189.835	0	
175.637	0	
346.199	0	
204.283	0	
190.702	0	
199.003	0	
184.26	0	
216.726	0	
205.532	0	
181.865	0	
199.402	0	
174.861	0	
189.347	0	
157.146	0	
187.843	0	
208.569	0	
174.566	0	
189.105	0	
196.558	0	
193.82	0	
184.315	0	
162.061	0	
167.18	0	
163.048	0	
172.587	0	
181.335	0	
172.944	0	
173.376	0	
165.309	0	
177.134	0	
185.571	0	
163.324	0	
172.678	0	
183.881	0	
166.885	0	
169.569	0	
168.22	0	
180.304	0	
152.326	0	
170.589	0	
158.672	0	
168.385	0	
174.65	0	
176.492	0	
164.668	0	
184.75	0	
176.647	0	
169.39	0	
200.623	0	
173.602	0	
176.235	0	
198.251	0	
167.785	0	
166.167	0	
168.024	0	
164.896	0	
167.594	0	
188.742	0	
184.281	0	
189.78	0	
171.976	0	
204.246	0	
187.554	0	
173.479	0	
202.013	0	
177.028	0	
171.399	0	
179.945	0	
178.657	0	
167.113	0	
213.007	0	
191.547	0	
171.557	0	
208.022	0	
177.256	0	
225.166	0	
170.469	0	
187.431	0	
205.119	0	
174.015	0	
204.546	0	
185.797	0	
181.971	0	
234.229	0	
168.227	0	
212.228	0	
216.251	0	
188.216	0	
242.741	0	
189.629	0	
187.776	0	
214.472	0	
177.431	0	
218.819	0	
180.073	0	
236.199	0	
174.573	0	
185.491	0	
218.208	0	
193.048	0	
238.745	0	
192.499	0	
192.656	0	
227.165	0	
192.666	0	
206.493	0	
217.237	0	
189.612	0	
183.294	0	
200.508	0	
211.981	0	
223.746	0	
182.889	0	
201.903	0	
191.969	0	
207.381	0	
230.392	0	
190.634	0	
210.913	0	
181.633	0	
188.829	0	
246.509	0	
204.31	0	
257.752	0	
203.6	0	
187.775	0	
196.572	0	
183.288	0	
188.429	0	
199.717	0	
185.791	0	
207.262	0	
187.647	0	
198.038	0	
181.747	0	
202.939	0	
187.984	0	
217.235	0	
202.977	0	
188.623	0	
185.192	0	
187.545	0	
184.182	0	
186.564	0	
185.712	0	
200.086	0	
203.151	0	
207.68	0	
180.689	0	
200.624	0	
198.148	0	
194.739	0	
187.547	0	
189.427	0	
189.47	0	
186.62	0	
194.043	0	
206.286	0	
191.492	0	
212.52	0	
202.877	0	
189.074	0	
210.316	0	
193.307	0	
187.767	0	
222.604	0	
191.249	0	
216.588	0	
217.767	0	
189.649	0	
211.695	0	
195.485	0	
247.562	0	
192.542	0	
217.407	0	
192.009	0	
193.299	0	
219.307	0	
195.288	0	
223.765	0	
235.58	0	
193.647	0	
232.666	0	
193.745	0	
179.358	0	
242.954	0	
173.133	0	
237.824	0	
260.565	0	
211.113	0	
252.932	0	
180.993	0	
238.044	0	
189.734	0	
210.668	0	
246.386	0	
196.574	0	
273.013	0	
240.71	0	
219.023	0	
234.845	0	
266.411	0	
245.438	0	
244.601	0	
241.105	0	
222.027	0	
216.146	0	
215.664	0	
202.466	0	
241.58	0	
225.88	0	
233.369	0	
228.597	0	
190.764	0	
232.524	0	
183.417	0	
192.873	0	
207.923	0	
250.732	0	
188.64	0	
218.531	0	
212.583	0	
224.754	0	
198.564	0	
199.515	0	
204.658	0	
192.432	0	
202.655	0	
196.73	0	
200.154	0	
211.657	0	
191.327	0	
198.225	0	
201.051	0	
196.012	0	
214.697	0	
212.55	0	
178.293	0	
212.038	0	
189.303	0	
185.762	0	
205.849	0	
194.316	0	
189.438	0	
205.409	0	
192.418	0	
212.013	0	
204.303	0	
193.114	0	
206.266	0	
193.253	0	
218.655	0	
191.853	0	
209.656	0	
202.146	0	
199.418	0	
215.931	0	
198.652	0	
211.963	0	
204.688	0	
216.046	0	
210.721	0	
200.561	0	
221.77	0	
208.235	0	
225.911	0	
215.557	0	
180.368	0	
221.081	0	
201.456	0	
215.086	0	
201.848	0	
206.261	0	
213.6	0	
198.14	0	
214.665	0	
197.275	0	
212.086	0	
222.366	0	
192.054	0	
219.014	0	
190.34	0	
258.515	0	
214.904	0	
240.403	0	
194.316	0	
211.273	0	
226.882	0	
217.829	0	
218.805	0	
222.332	0	
247.709	0	
211.713	0	
204.33	0	
219.067	0	
215.046	0	
219.519	0	
203.313	0	
199.355	0	
202.225	0	
199.89	0	
175.776	0	
203.138	0	
215.897	0	
206.635	0	
187.459	0	
198.218	0	
225.419	0	
196.213	0	
179.842	0	
195.413	0	
199.195	0	
196.002	0	
201.975	0	
161.58	0	
196.322	0	
202.51	0	
209.333	0	
207.626	0	
178.938	0	
199.542	0	
181.672	0	
186.519	0	
221.799	0	
166.096	0	
205.226	0	
225.228	0	
171.293	0	
209.686	0	
164.366	0	
224.17	0	
169.037	0	
218.147	0	
186.622	0	
177.676	0	
230.456	0	
173.607	0	
215.694	0	
231.616	0	
179.942	0	
235.321	0	
175.034	0	
179.362	0	
253.134	0	
169.564	0	
185.062	0	
245.537	0	
176.5	0	
232.563	0	
176.289	0	
234.484	0	
162.226	0	
190.069	0	
239.261	0	
172.962	0	
236.56	0	
253.68	0	
176.853	0	
210.36	0	
181.624	0	
171.45	0	
207.012	0	
188.102	0	
223.569	0	
220.211	0	
163.156	0	
204.591	0	
172.386	0	
235.82	0	
169.801	0	
243.121	0	
181.463	0	
250.732	0	
198.278	0	
250.732	0	
224.631	0	
167.396	0	
179.344	0	
176.078	0	
205.966	0	
199.662	0	
170.38	0	
171.647	0	
184.9	0	
169.575	0	
181.305	0	
178.59	0	
176.893	0	
193.548	0	
177.067	0	
202.928	0	
176.222	0	
205.821	0	
184.247	0	
183.847	0	
178.627	0	
183.645	0	
172.573	0	
193.339	0	
198.713	0	
168.935	0	
167.658	0	
179.828	0	
170.619	0	
160.866	0	
185.345	0	
173.84	0	
168.658	0	
165.822	0	
184.017	0	
187.762	0	
173.426	0	
217.623	0	
164.55	0	
192.574	0	
169.834	0	
180.506	0	
199.695	0	
173.079	0	
209.69	0	
199.256	0	
377.447	0	
219.647	0	
176.126	0	
190.957	0	
220.051	0	
175.965	0	
252.318	0	
164.381	0	
185.948	0	
204.584	0	
176.45	0	
228.532	0	
187.95	0	
197.227	0	
226.366	0	
205.746	0	
212.163	0	
192.61	0	
212.792	0	
188.284	0	
226.729	0	
217.048	0	
199.619	0	
195.506	0	
212.446	0	
190.111	0	
202.225	0	
178.899	0	
240.725	0	
176.855	0	
186.977	0	
216.281	0	
219.771	0	
200.145	0	
249.54	0	
250.569	0	
198.694	0	
223.559	0	
218.431	0	
206.798	0	
253.324	0	
226.728	0	
253.512	0	
234.786	0	
201.693	0	
208.624	0	
259.022	0	
246.962	0	
212.16	0	
225.625	0	
227.929	0	
227.373	0	
165.731	0	
162.027	0	
249.531	0	
157.885	0	
250.799	0	
197.707	0	
179.519	0	
231.538	0	
233.849	0	
290.578	0	
213.433	0	
210.599	0	
206.01	0	
207.761	0	
180.784	0	
229.997	0	
232.827	0	
202.219	0	
356.246	0	
203.853	0	
385.575	0	
343.859	0	
186.765	0	
314.325	0	
204.474	0	
189.638	0	
203.744	0	
197.492	0	
277.09	0	
313.851	0	
195.862	0	
220.795	0	
206.48	0	
355.468	0	
186.302	0	
190.346	0	
250.732	0	
192.786	0	
250.732	0	
250.732	0	
195.086	0	
250.732	0	
198.616	0	
202.886	0	
250.732	0	
191.165	0	
250.732	0	
250.732	0	
195.549	0	
250.732	0	
189.245	0	
250.732	0	
195.753	0	
219.624	0	
194.551	0	
306.523	0	
217.593	0	
222.267	0	
204.008	0	
190.165	0	
177.32	0	
188.393	0	
206.238	0	
189.049	0	
182.713	0	
175.145	0	
204.755	0	
193.942	0	
214.307	0	
190.718	0	
198.635	0	
182.836	0	
209.28	0	
211.07	0	
208.759	0	
214.471	0	
214.46	0	
215.931	0	
221.213	0	
219.18	0	
226.683	0	
227.101	0	
225.161	0	
241.833	0	
234.707	0	
232.644	0	
246.588	0	
229.605	0	
216.517	0	
247.393	0	
219.559	0	
245.028	0	
225.633	0	
218.086	0	
207.073	0	
221.78	0	
209.468	0	
213.219	0	
203.414	0	
205.49	0	
204.002	0	
198.389	0	
189.239	0	
199.543	0	
213.364	0	
191.539	0	
209.336	0	
202.849	0	
208.419	0	
209.121	0	
216.321	0	
212.652	0	
209.364	0	
210.599	0	
200.243	0	
188.069	0	
203.773	0	
198.809	0	
197.441	0	
196.244	0	
196.928	0	
196.273	0	
189.767	0	
192.324	0	
252.013	0	
225.672	0	
218.888	0	
250.275	0	
229.481	0	
252.252	0	
235.146	0	
235.987	0	
232.544	0	
245.249	0	
219.639	0	
202.371	0	
205.119	0	
204.623	0	
198.483	0	
192.94	0	
176.974	0	
186.343	0	
172.743	0	
176.211	0	
206.865	0	
210.821	0	
177.777	0	
181.446	0	
194.062	0	
161	0	
192.444	0	
186.114	0	
171.631	0	
191.684	0	
169.375	0	
178.084	0	
193.095	0	
195.841	0	
172.144	0	
176.009	0	
189.848	0	
188.336	0	
183.118	0	
182.654	0	
177.186	0	
177.35	0	
173.933	0	
176.731	0	
183.347	0	
168.133	0	
173.239	0	
172.701	0	
169.024	0	
180.235	0	
193.046	0	
174.951	0	
211.022	0	
198.715	0	
209.547	0	
181.73	0	
183.894	0	
172.553	0	
174.044	0	
181.912	0	
174.358	0	
186.722	0	
378.824	0	
198.486	0	
239.407	0	
229.909	0	
201.628	0	
199.926	0	
216.015	0	
211.066	0	
197.234	0	
193.018	0	
197.048	0	
188.914	0	
200.258	0	
198.341	0	
209.933	0	
206.964	0	
202.204	0	
205.185	0	
214.338	0	
218.225	0	
234.386	0	
218.728	0	
203.842	0	
211.273	0	
192.916	0	
193	0	
196.978	0	
211.52	0	
208.083	0	
225.372	0	
230.895	0	
206.332	0	
212.645	0	
202.309	0	
189.548	0	
199.733	0	
192.873	0	
194.808	0	
188.638	0	
192.579	0	
190.079	0	
191.848	0	
181.911	0	
184.954	0	
196.52	0	
169	0	
192.103	0	
183.148	0	
174.433	0	
190.518	0	
201.219	0	
205.234	0	
206.547	0	
199.682	0	
218.046	0	
206.324	0	
226.952	0	
218.707	0	
233.749	0	
211.335	0	
238.504	0	
238.106	0	
216.531	0	
191.727	0	
223.666	0	
220.159	0	
210.554	0	
210.586	0	
200.322	0	
209.105	0	
199.43	0	
222.431	0	
190.54	0	
205.569	0	
212.589	0	
214.669	0	
213.624	0	
212.345	0	
207.856	0	
200.028	0	
196.473	0	
199.191	0	
206.049	0	
197.081	0	
192.247	0	
194.568	0	
251.605	0	
229.28	0	
210.038	0	
211.309	0	
242.124	0	
221.51	0	
211.197	0	
224.889	0	
203.213	0	
208.577	0	
206.598	0	
206.859	0	
191.59	0	
199.713	0	
189.305	0	
197.393	0	
184.088	0	
188.608	0	
171.397	0	
174.229	0	
210.683	0	
182.756	0	
181.219	0	
191.354	0	
173.888	0	
177.916	0	
168.335	0	
180.858	0	
198.257	0	
268.468	0	
175.029	0	
181.074	0	
170.74	0	
181.047	0	
179.016	0	
187.602	0	
178.604	0	
186.411	0	
176.369	0	
199.84	0	
200.595	0	
195.537	0	
183.701	0	
212.762	0	
230.954	0	
196.793	0	
222.381	0	
210.55	0	
223.638	0	
207.937	0	
213.473	0	
264.865	0	
196.959	0	
198.445	0	
210.564	0	
208.647	0	
209.019	0	
203.1	0	
224.417	0	
196.733	0	
215.303	0	
215.332	0	
197.233	0	
215.801	0	
203.052	0	
322.624	0	
261.303	0	
210.259	0	
194.392	0	
199.619	0	
188.659	0	
195.663	0	
176.266	0	
187.905	0	
184.182	0	
184.783	0	
185.152	0	
198.134	0	
195.225	0	
205.742	0	
210.54	0	
210.279	0	
215.058	0	
234.253	0	
219.31	0	
198.054	0	
228.793	0	
211.772	0	
225.152	0	
216.92	0	
207.933	0	
226.572	0	
207.826	0	
201.516	0	
231.006	0	
216.529	0	
198.791	0	
205.252	0	
199.004	0	
207.579	0	
198.429	0	
198.9	0	
188.776	0	
194.901	0	
200.136	0	
201.491	0	
231.641	0	
215.558	0	
230.788	0	
208.829	0	
205.908	0	
205.366	0	
191.793	0	
205.639	0	
181.356	0	
189.089	0	
193.848	0	
209.068	0	
195.269	0	
195.289	0	
177.736	0	
179.199	0	
187.179	0	
184.073	0	
178.322	0	
174.892	0	
220.819	0	
199.694	0	
202.629	0	
206.749	0	
208.001	0	
203.97	0	
200.54	0	
195.448	0	
213.024	0	
211.668	0	
210.214	0	
225.435	0	
194.093	0	
216.336	0	
184.466	0	
185.295	0	
205.431	0	
199.09	0	
206.17	0	
209.5	0	
209.296	0	
205.13	0	
217.405	0	
217.055	0	
216.143	0	
230.209	0	
197.988	0	
208.596	0	
195.102	0	
196.187	0	
204.95	0	
309.605	0	
237.026	0	
218.075	0	
202.974	0	
205.325	0	
215.427	0	
200.885	0	
224.975	0	
184.788	0	
193.338	0	
187.036	0	
204.115	0	
215.381	0	
206.464	0	
197.109	0	
195.805	0	
188.325	0	
218.445	0	
207.596	0	
219.336	0	
211.252	0	
209.174	0	
203.003	0	
215.633	0	
203.456	0	
209.646	0	
208.279	0	
184.332	0	
204.988	0	
196.792	0	
195.986	0	
175.954	0	
264.142	0	
208.059	0	
206.296	0	
216.025	0	
213.308	0	
196.921	0	
224.556	0	
195.141	0	
188.153	0	
191.861	0	
201.118	0	
194.17	0	
227.715	0	
199.678	0	
201.581	0	
210.748	0	
220.566	0	
210.903	0	
206.814	0	
205.304	0	
210.574	0	
199.055	0	
199.977	0	
196.731	0	
198.853	0	
176.229	0	
186.567	0	
192.465	0	
242.264	0	
178.698	0	
177.026	0	
200.92	0	
201.847	0	
204.946	0	
204.276	0	
200.078	0	
204.579	0	
206.318	0	
204.85	0	
193.672	0	
196.344	0	
201.929	0	
203.796	0	
188.012	0	
194.191	0	
205.994	0	
206.764	0	
214.652	0	
211.768	0	
215.432	0	
221.734	0	
203.345	0	
216.15	0	
218.039	0	
216.358	0	
194.793	0	
198.511	0	
218.439	0	
231.554	0	
204.258	0	
199.202	0	
194.296	0	
188.694	0	
200.35	0	
197.521	0	
190.329	0	
206.799	0	
195.739	0	
195.612	0	
183.329	0	
179.942	0	
210.268	0	
208.744	0	
210.817	0	
208.67	0	
213.563	0	
209.636	0	
194.004	0	
209.968	0	
209.083	0	
203.143	0	
204.602	0	
206.384	0	
205.008	0	
656.402	0	
216.229	0	
201.208	0	
389.1	0	
213.307	0	
413.859	0	
196.669	0	
204.056	0	
221.244	0	
193.497	0	
203.96	0	
198.916	0	
194.678	0	
194.879	0	
210.788	0	
205.332	0	
201.532	0	
220.918	0	
223.782	0	
211.552	0	
213.748	0	
211.917	0	
211.696	0	
210.389	0	
211.503	0	
211.038	0	
206.756	0	
201.192	0	
214.035	0	
207.809	0	
211.234	0	
204.344	0	
216.867	0	
196.777	0	
188.869	0	
195.208	0	
198.254	0	
251.686	0	
180.319	0	
193.7	0	
185.79	0	
195.871	0	
194.616	0	
219.832	0	
238.611	0	
201.65	0	
202.278	0	
201.972	0	
202.522	0	
189.3	0	
211.079	0	
193.653	0	
210.735	0	
227.733	0	
202.017	0	
244.095	0	
206.169	0	
212.604	0	
235.093	0	
203.614	0	
208.566	0	
208.623	0	
211.224	0	
190.462	0	
214.519	0	
207.07	0	
207.961	0	
207.567	0	
216.954	0	
213.514	0	
209.278	0	
222.685	0	
220.994	0	
200.032	0	
206.231	0	
202.755	0	
203.734	0	
192.311	0	
200.67	0	
201.821	0	
203.247	0	
201.222	0	
204.804	0	
208.506	0	
206.146	0	
198.912	0	
204.374	0	
185.853	0	
212.623	0	
213.134	0	
196.882	0	
210.522	0	
206.762	0	
203.612	0	
204.779	0	
201.417	0	
210.597	0	
209.366	0	
199.557	0	
220.416	0	
247.434	0	
216.744	0	
217.677	0	
229.232	0	
203.246	0	
203.427	0	
204.735	0	
202.658	0	
208.262	0	
208.512	0	
204.889	0	
214.533	0	
251.591	0	
203.451	0	
197.758	0	
201.466	0	
207.681	0	
210.156	0	
211.23	0	
219.067	0	
214.265	0	
175.206	0	
205.139	0	
210.64	0	
220.483	0	
283.069	0	
244.452	0	
204.082	0	
221.12	0	
219.317	0	
205.576	0	
224.515	0	
200.336	0	
206.482	0	
224.883	0	
235.668	0	
228.599	0	
265.521	0	
214.509	0	
264.715	0	
269.018	0	
210.483	0	
211.825	0	
220.638	0	
207.469	0	
213.621	0	
212.993	0	
214.843	0	
221.404	0	
220.014	0	
217.607	0	
215.65	0	
227.525	0	
207.765	0	
216.695	0	
204.47	0	
207.676	0	
207.12	0	
207.986	0	
205.775	0	
209.648	0	
206.773	0	
207.659	0	
231.729	0	
209.108	0	
211.933	0	
182.848	0	
212.957	0	
215.97	0	
291.125	0	
197.816	0	
209.211	0	
209.026	0	
383.622	0	
216.46	0	
288.831	0	
261.962	0	
214.719	0	
227.452	0	
185.035	0	
201.67	0	
203.081	0	
213.764	0	
219.009	0	
222.499	0	
194.303	0	
230.752	0	
240.557	0	
203.458	0	
253.558	0	
192.649	0	
208.378	0	
219.586	0	
204.694	0	
209.546	0	
256.098	0	
295.66	0	
238.463	0	
250.714	0	
297.99	0	
251.721	0	
373.616	0	
202.987	0	
240.858	0	
292.157	0	
216.993	0	
213.311	0	
198.26	0	
204.346	0	
211.133	0	
219.921	0	
218.742	0	
222.75	0	
212.799	0	
223.466	0	
217.256	0	
212.533	0	
226.523	0	
226.178	0	
212.92	0	
260.189	0	
206.748	0	
209.548	0	
213.619	0	
217.097	0	
224.299	0	
207.048	0	
205.794	0	
206.717	0	
209.073	0	
205.715	0	
252.187	0	
219.505	0	
294.808	0	
188.071	0	
349.066	0	
244.208	0	
253.905	0	
311.558	0	
217.26	0	
198.989	0	
334.737	0	
212.135	0	
264.5	0	
339.262	0	
313.764	0	
310.996	0	
225.225	0	
260.637	0	
215.859	0	
206.299	0	
224.359	0	
208.537	0	
222.298	0	
227.348	0	
228.336	0	
204.554	0	
200.971	0	
217.479	0	
186.891	0	
191.798	0	
207.237	0	
190.908	0	
225.173	0	
195.872	0	
237.099	0	
273.6	0	
192.122	0	
189.531	0	
213.223	0	
206.372	0	
219.007	0	
215.08	0	
213.376	0	
213.28	0	
211.677	0	
181.169	0	
327.546	0	
356.457	0	
253.998	0	
216.592	0	
229.012	0	
225.537	0	
318.805	0	
198.201	0	
210.88	0	
201.797	0	
210.806	0	
209.789	0	
229.906	0	
194.921	0	
296.222	0	
210.333	0	
302.501	0	
216.528	0	
294.808	0	
259.63	0	
223.792	0	
213.018	0	
191.239	0	
227.901	0	
321.291	0	
327.22	0	
225.995	0	
214.46	0	
356.242	0	
234.737	0	
323.834	0	
332.487	0	
212.161	0	
218.284	0	
230.8	0	
177.627	0	
439.643	0	
306.823	0	
193.781	0	
235.224	0	
179.755	0	
217.307	0	
204.916	0	
191.938	0	
206.578	0	
209.951	0	
209.304	0	
213.819	0	
359.86	0	
344.919	0	
205.524	0	
251.447	0	
200.053	0	
205.875	0	
209.923	0	
222.606	0	
199.778	0	
209.02	0	
205.996	0	
208.18	0	
210.782	0	
212.401	0	
210.021	0	
211.619	0	
200.087	0	
244.172	0	
409.458	0	
263.299	0	
346.908	0	
273.918	0	
212.9	0	
258.41	0	
208.691	0	
192.289	0	
228.973	0	
278.012	0	
206.52	0	
233.164	0	
290.362	0	
243.394	0	
248.803	0	
273.528	0	
205.183	0	
197.229	0	
205.505	0	
191.493	0	
215.718	0	
189.115	0	
198.67	0	
204.423	0	
213.401	0	
201.282	0	
208.64	0	
212.878	0	
210.016	0	
212.158	0	
204.396	0	
208.069	0	
209.734	0	
221.131	0	
260.834	0	
373.952	0	
205.211	0	
206.403	0	
212.183	0	
209.486	0	
211.855	0	
211.888	0	
198.81	0	
208.166	0	
212.042	0	
217.32	0	
208.065	0	
204.411	0	
193.851	0	
191.911	0	
241.906	0	
212.082	0	
207.618	0	
210.277	0	
194.512	0	
204.17	0	
208.025	0	
205.721	0	
199.245	0	
201.748	0	
307.328	0	
223.864	0	
416.298	0	
193.806	0	
357.77	0	
204.501	0	
206.716	0	
213.592	0	
218.177	0	
209.195	0	
184.99	0	
201.084	0	
376.918	0	
292.818	0	
210.44	0	
221.162	0	
302.559	0	
218.906	0	
181.397	0	
205.873	0	
216.31	0	
238.512	0	
217.294	0	
218.188	0	
196.116	0	
180.219	0	
211.931	0	
207.223	0	
207.181	0	
234.451	0	
198.522	0	
201.975	0	
211.664	0	
210.999	0	
188.852	0	
192.749	0	
263.537	0	
219.641	0	
206.972	0	
209.553	0	
228.049	0	
202.273	0	
195.334	0	
233.43	0	
214.654	0	
215.912	0	
198.541	0	
195.931	0	
198.748	0	
202.146	0	
194.164	0	
210.105	0	
365.055	0	
287.325	0	
209.191	0	
211.312	0	
204.408	0	
209.036	0	
211.246	0	
211.907	0	
212.389	0	
213.185	0	
278.72	0	
316.865	0	
211.947	0	
221.267	0	
340.754	0	
490.059	0	
359.156	0	
206.223	0	
202.585	0	
203.5	0	
197.818	0	
195.236	0	
331.776	0	
235.836	0	
224.133	0	
260.689	0	
384.43	0	
262.529	0	
229.392	0	
321.461	0	
160.307	0	
202.555	0	
217.806	0	
209.436	0	
203.481	0	
202.921	0	
205.143	0	
258.839	0	
286.525	0	
220.956	0	
204.528	0	
179.799	0	
193.162	0	
179.333	0	
211.06	0	
247.889	0	
342.656	0	
301.733	0	
156.167	0	
168.724	0	
196.358	0	
183.713	0	
285.046	0	
222.991	0	
200.773	0	
206.461	0	
231.495	0	
217.355	0	
268.081	0	
242.137	0	
205.668	0	
211.594	0	
195.709	0	
195.94	0	
184.533	0	
193.19	0	
327.398	0	
314.608	0	
193.954	0	
201.651	0	
231.431	0	
311.259	0	
203.194	0	
191.665	0	
190.278	0	
188.658	0	
203.187	0	
209.988	0	
256.105	0	
269.211	0	
208.622	0	
221.011	0	
236.593	0	
359.218	0	
255.906	0	
215.218	0	
228.503	0	
227.153	0	
220.071	0	
189.658	0	
208.09	0	
194.141	0	
268.81	0	
350.887	0	
385.34	0	
208.839	0	
192.317	0	
158.129	0	
182.911	0	
181.118	0	
391.954	0	
341.772	0	
209.243	0	
217.926	0	
207.951	0	
206.34	0	
202.953	0	
200.632	0	
204.905	0	
202.066	0	
207.481	0	
177.933	0	
378.458	0	
366.955	0	
177.182	0	
174.688	0	
471.173	0	
326.844	0	
513.511	0	
400.707	0	
188.781	0	
335.078	0	
504.181	0	
172.004	0	
206.823	0	
196.669	0	
494.436	0	
506.043	0	
681.879	0	
337.238	0	
174.974	0	
200.421	0	
512.142	0	
316.298	0	
193.537	0	
215.792	0	
227.14	0	
743.881	0	
189.957	0	
473.565	0	
692.817	0	
446.724	0	
370.504	0	
183.804	0	
186.608	0	
145.126	0	
179.771	0	
187.029	0	
173.978	0	
191.927	0	
368.356	0	
221.953	0	
347.467	0	
181.396	0	
199.218	0	
195.632	0	
175.968	0	
191.867	0	
407.593	0	
378.382	0	
219.728	0	
186.944	0	
192.958	0	
138.873	0	
470.04	0	
244.907	0	
419.996	0	
138.854	0	
381.84	0	
359.274	0	
249.491	0	
307.261	0	
175.956	0	
162.432	0	
408.864	0	
190.518	0	
160.907	0	
216.418	0	
250.732	0	
418.363	0	
297.906	0	
367.038	0	
804.586	0	
670.815	0	
373.381	0	
561.66	0	
51.1601	0	
102.003	0	
168.931	0	
183.986	0	
611.628	0	
115.587	0	
212.632	0	
173.427	0	
204.722	0	
198.621	0	
392.886	0	
365.491	0	
433.49	0	
306.11	0	
135.492	0	
587.955	0	
354.57	0	
195.809	0	
608.531	0	
376.881	0	
423.25	0	
268.874	0	
590.133	0	
412.814	0	
777.135	0	
580.632	0	
482.796	0	
857.856	0	
619.097	0	
185.401	0	
883.266	0	
694.787	0	
482.313	0	
444.932	0	
790.342	0	
781.971	0	
695.126	0	
406.956	0	
177.355	0	
209.993	0	
233.09	0	
439.79	0	
183.353	0	
230.253	0	
189.409	0	
179.73	0	
556.212	0	
319.028	0	
202.901	0	
212.566	0	
635.176	0	
392.248	0	
197.21	0	
211.227	0	
474.112	0	
260.532	0	
289.863	0	
194.386	0	
190.414	0	
182.815	0	
435.482	0	
435.862	0	
197.435	0	
135.191	0	
468.012	0	
417.786	0	
197.825	0	
250.982	0	
272.351	0	
352.63	0	
220.196	0	
140.16	0	
172.576	0	
182.502	0	
781.953	0	
634.615	0	
751.309	0	
617.21	0	
452.037	0	
511.43	0	
909.348	0	
600.333	0	
545.324	0	
1063.13	0	
209.315	0	
160.254	0	
474.001	0	
574.993	0	
495.278	0	
522.54	0	
189.076	0	
266.438	0	
875.014	0	
555.925	0	
349.552	0	
738.02	0	
199.739	0	
181.321	0	
668.361	0	
80.9779	0	
385.696	0	
473.766	0	
1115.4	0	
75.1757	0	
731.527	0	
611.851	0	
164.417	0	
190.012	0	
923.906	0	
268.87	0	
703.944	0	
694.112	0	
329.58	0	
176.224	0	
183.1	0	
181.192	0	
165.823	0	
334.073	0	
175.622	0	
164.414	0	
462.506	0	
488.257	0	
292.206	0	
347.929	0	
512.062	0	
494.282	0	
213.376	0	
201.415	0	
714.921	0	
1062.61	0	
392.379	0	
167.939	0	
94.3018	0	
178.703	0	
163.868	0	
164.452	0	
189.965	0	
217.127	0	
923.906	0	
810.713	0	
560.996	0	
174.382	0	
159.337	0	
22.4756	0	
943.338	0	
588.683	0	
717.864	0	
491.947	0	
166.129	0	
191.825	0	
167.835	0	
167.524	0	
163.501	0	
176.922	0	
537.474	0	
504.132	0	
209.077	0	
141.546	0	
843.2	0	
161.357	0	
168.266	0	
148.032	0	
658.249	0	
492.387	0	
177.692	0	
191.988	0	
139.514	0	
168.491	0	
629.336	0	
746.604	0	
793.706	0	
396.018	0	
479.091	0	
221.558	0	
90.3209	0	
183.824	0	
1040.78	0	
167.527	0	
396.792	0	
351.019	0	
346.025	0	
371.206	0	
238.235	0	
300.775	0	
221.126	0	
56.3434	0	
578.74	0	
547.322	0	
208.43	0	
173.478	0	
184.279	0	
257.284	0	
908.224	0	
910.536	0	
816.437	0	
741.697	0	
556.942	0	
554.054	0	
702.326	0	
446.326	0	
909.439	0	
1076.1	0	
717.098	0	
158.577	0	
474.756	0	
186.007	0	
594.549	0	
374.133	0	
156.749	0	
226.603	0	
158.999	0	
152.229	0	
892.276	0	
926.752	0	
287.805	0	
151.327	0	
475.179	0	
431.004	0	
222.421	0	
495.329	0	
352.883	0	
311.279	0	
333.02	0	
245.623	0	
848.218	0	
180.316	0	
223.341	0	
261.471	0	
820.381	0	
643.345	0	
173.63	0	
219.762	0	
532.811	0	
603.406	0	
249.258	0	
62.0077	0	
89.1005	0	
171.808	0	
673.008	0	
254.594	0	
250.732	0	
1130.22	0	
346.234	0	
351.502	0	
695.685	0	
584.082	0	
1019.49	0	
1014.09	0	
172.176	0	
152.685	0	
269.415	0	
178.633	0	
318.876	0	
148.851	0	
197.986	0	
197.901	0	
1143.54	0	
75.7016	0	
539.332	0	
491.38	0	
676.666	0	
181.185	0	
162.141	0	
161.601	0	
1045.85	0	
1111.48	0	
173.449	0	
208.762	0	
162.613	0	
593.095	0	
287.112	0	
243.534	0	
71.5481	0	
34.8778	0	
577.606	0	
660.785	0	
309.382	0	
285.515	0	
87.7137	0	
232.183	0	
28.1546	0	
93.204	0	
359.53	0	
187.428	0	
244.703	0	
179.161	0	
619.744	0	
235.393	0	
315.643	0	
621.488	0	
222.04	0	
154.034	0	
221.366	0	
259.771	0	
191.689	0	
278.025	0	
13.6885	0	
244.128	0	
230.288	0	
264.711	0	
417.92	0	
1043.68	0	
1158.35	0	
16.0566	0	
232.138	0	
250.06	0	
133.3	0	
391.643	0	
326.864	0	
291.698	0	
332.204	0	
340.341	0	
47.4815	0	
250.732	0	
197.173	0	
209.362	0	
177.104	0	
123.09	0	
283.809	0	
284.813	0	
175.773	0	
169.747	0	
250.732	0	
145.34	0	
250.123	0	
114.458	0	
258.806	0	
250.732	0	
176.629	0	
247.076	0	
302.969	0	
178.848	0	
335.359	0	
467.921	0	
483.347	0	
286.094	0	
446.458	0	
617.499	0	
334.164	0	
587.245	0	
59.1401	0	
24.8975	0	
39.1444	0	
14.2155	0	
65.9873	0	
13.0645	0	
21.4746	0	
11.2838	0	
203.185	0	
299.331	0	
909.592	0	
819.941	0	
548.844	0	
410.325	0	
1205.55	0	
1196.23	0	
1170.47	0	
1028.1	0	
1169.67	0	
1005.14	0	
138.304	0	
149.448	0	
1001.73	0	
258.632	0	
460.267	0	
692.802	0	
695.393	0	
488.296	0	
10.2118	0	
259.684	0	
288.123	0	
325.432	0	
284.202	0	
330.299	0	
616.061	0	
152.242	0	
1082.64	0	
995.572	0	
1104.54	0	
891.183	0	
943.256	0	
1133.8	0	
1027.64	0	
1131.26	0	
274.159	0	
289.132	0	
252.107	0	
251.441	0	
117.031	0	
734.69	0	
1059.92	0	
971.987	0	
249.04	0	
259.61	0	
764.143	0	
200.159	0	
199.116	0	
323.878	0	
223.855	0	
271.57	0	
122.258	0	
250.732	0	
253.074	0	
250.732	0	
262.948	0	
250.732	0	
188.858	0	
227.109	0	
52.0372	0	
133.991	0	
580.61	0	
162.852	0	
742.652	0	
224.317	0	
250.732	0	
247.483	0	
110.309	0	
137.437	0	
41.3388	0	
32.7312	0	
280.4	0	
178.344	0	
222.775	0	
167.742	0	
250.732	0	
988.902	0	
167.852	0	
123.644	0	
1018.73	0	
839.252	0	
1167.39	0	
795.171	0	
858.928	0	
666.065	0	
700.689	0	
833.371	0	
775.079	0	
714.591	0	
851.395	0	
66.0044	0	
250.732	0	
250.326	0	
250.732	0	
250.732	0	
262.698	0	
78.5849	0	
593.813	0	
117.626	0	
397.975	0	
107.337	0	
139.981	0	
250.732	0	
341.947	0	
249.108	0	
288.182	0	
487.667	0	
788.378	0	
808.999	0	
120.991	0	
250.732	0	
1099.72	0	
818.859	0	
250.732	0	
250.732	0	
250.732	0	
250.732	0	
780.288	0	
60.2903	0	
241.927	0	
250.732	0	
250.732	0	
923.618	0	
250.732	0	
250.732	0	
29.6198	0	
250.732	0	
787.952	0	
250.732	0	
133.513	0	
76.8694	0	
250.123	0	
155.528	0	
250.732	0	
250.732	0	
250.732	0	
250.732	0	
250.732	0	
62.8614	0	
250.732	0	
250.732	0	
311.653	0	
127.179	0	
255.236	0	
936.438	0	
683.571	0	
72.9919	0	
69.3401	0	
47.0268	0	
802.228	0	
287.775	0	
250.529	0	
121.934	0	
250.732	0	
274.301	0	
250.732	0	
250.732	0	
240.312	0	
47.8292	0	
245.522	0	
250.732	0	
708.227	0	
115.024	0	
250.732	0	
250.732	0	
171.635	0	
124.91	0	
224.978	0	
159.959	0	
119.334	0	
103.296	0	
250.732	0	
250.732	0	
835.566	0	
731.292	0	
250.732	0	
250.732	0	
108.505	0	
250.732	0	
340.708	0	
61.0395	0	
490.753	0	
699.238	0	
103.148	0	
186.343	0	
47.7118	0	
42.3211	0	
262.073	0	
128.151	0	
250.732	0	
250.732	0	
394.02	0	
99.0575	0	
27.922	0	
76.9445	0	
250.732	0	
250.732	0	
891.147	0	
665.509	0	
538.665	0	
329.715	0	
250.732	0	
640.677	0	
250.732	0	
250.732	0	
250.732	0	
250.732	0	
250.732	0	
250.732	0	
250.732	0	
250.732	0	
535.715	0	
606.067	0	
250.732	0	
284.159	0	
17.5296	0	
10.1646	0	
250.732	0	
250.732	0	
250.732	0	
250.732	0	
250.732	0	
250.732	0	
59.8946	0	
268.409	0	
250.732	0	
250.732	0	
9.47381	0	
47.6259	0	
33.4713	0	
250.732	0	
29.8874	0	
211.906	0	
250.732	0	
250.732	0	
250.732	0	
250.732	0	
250.732	0	
250.732	0	
250.732	0	
250.732	0	
250.732	0	
250.732	0	
250.732	0	
250.732	0	
250.732	0	
250.732	0	
250.732	0	
250.732	0	
250.732	0	
250.732	0	
482.246	0	
607.959	0	
250.732	0	
250.732	0	
250.732	0	
250.732	0	
250.732	0	
250.732	0	
250.732	0	
250.732	0	
219.671	0	
250.732	0	
250.732	0	
250.732	0	
250.732	0	
250.732	0	
186.669	0	
250.732	0	
250.732	0	
250.732	0	
250.732	0	
250.732	0	
250.732	0	
250.732	0	
250.732	0	
250.732	0	
250.732	0	
250.732	0	
582.152	0	
538.889	0	
250.732	0	
250.732	0	
250.732	0	
250.732	0	
250.732	0	
250.732	0	
481.516	0	
250.732	0	
255.899	0	
250.732	0	
250.732	0	
250.732	0	
250.732	0	
250.732	0	
250.732	0	
250.732	0	
250.732	0	
250.732	0	
250.732	0	
250.732	0	
250.732	0	
250.732	0	
250.732	0	
376.706	0	
250.732	0	
250.732	0	
250.732	0	
250.732	0	
250.732	0	
250.732	0	
250.732	0	
250.732	0	
250.732	0	
250.732	0	
250.732	0	
250.732	0	
250.732	0	
250.732	0	
250.732	0	
250.732	0	
231.715	0	
256.145	0	
250.732	0	
250.732	0	
250.732	0	
250.732	0	
250.732	0	
250.732	0	
250.732	0	
250.732	0	
250.732	0	
250.732	0	
250.732	0	
250.732	0	
250.732	0	
250.732	0	
250.732	0	
250.732	0	
250.732	0	
250.732	0	
250.732	0	
250.732	0	
250.732	0	
250.732	0	
251.124	0	
250.732	0	
252.208	0	
250.732	0	
370.626	0	
250.732	0	
250.732	0	
250.732	0	
250.732	0	
250.732	0	
251.101	0	
251.101	0	
252.762	0	
335.987	0	
250.732	0	
250.732	0	
250.732	0	
250.732	0	
250.732	0	
250.732	0	
250.732	0	
250.732	0	
250.784	0	
250.732	0	
250.732	0	
250.732	0	
250.732	0	
250.776	0	
250.732	0	
250.732	0	
250.732	0	
250.732	0	
250.732	0	
250.732	0	
250.732	0	
250.732	0	
250.732	0	
250.732	0	
250.732	0	
250.732	0	
250.732	0	
250.732	0	
250.732	0	
250.732	0	
250.732	0	
250.732	0	
250.732	0	
250.732	0	
250.732	0	
250.732	0	
250.732	0	
250.732	0	
250.732	0	
250.732	0	
250.732	0	
250.732	0	
250.732	0	
250.732	0	
250.732	0	
250.732	0	
250.875	0	
250.776	0	
250.732	0	
250.732	0	
250.732	0	
250.732	0	
250.732	0	
250.732	0	
250.732	0	
250.732	0	
250.732	0	
250.732	0	
250.732	0	
250.732	0	
250.732	0	
250.732	0	
250.732	0	
250.732	0	
250.732	0	
250.732	0	
250.732	0	
250.732	0	
250.732	0	
250.732	0	
250.732	0	
250.732	0	
250.732	0	
250.732	0	
250.732	0	
250.732	0	
250.732	0	
250.732	0	
250.732	0	
250.732	0	
250.732	0	
250.732	0	
250.732	0	
250.732	0	
250.732	0	
250.732	0	
250.732	0	
250.732	0	
250.732	0	
250.732	0	
250.732	0	
250.732	0	
250.732	0	
250.732	0	
250.732	0	
250.732	0	
250.732	0	
250.732	0	
250.732	0	
250.732	0	
250.732	0	
250.732	0	
250.732	0	
250.732	0	
250.732	0	
250.732	0	
250.732	0	
250.732	0	
250.732	0	
250.732	0	
250.732	0	
250.732	0	
250.732	0	
250.732	0	
250.732	0	
250.732	0	
250.732	0	
250.732	0	
250.732	0	
250.732	0	
250.732	0	
250.732	0	
250.732	0	
250.732	0	
250.732	0	
250.732	0	
250.732	0	
250.732	0	
168.719	0	
196.753	0	
151.003	0	
158.512	0	
183.778	0	
123.145	0	
224.253	0	
202.295	0	
259.18	0	
193.756	0	
198.645	0	
194.77	0	
193.542	0	
188.858	0	
196.361	0	
193.288	0	
191.689	0	
204.24	0	
192.547	0	
196.176	0	
196.527	0	
200.358	0	
249.884	0	
205.461	0	
197.093	0	
202.178	0	
202.334	0	
193.339	0	
189.485	0	
222.311	0	
208.976	0	
213.119	0	
208.911	0	
174.842	0	
185.734	0	
171.02	0	
182.301	0	
183.009	0	
185.411	0	
186.636	0	
176.048	0	
201.126	0	
187.6	0	
187.801	0	
192.325	0	
196.006	0	
189.972	0	
190.875	0	
191.694	0	
195.51	0	
191.481	0	
192.826	0	
191.384	0	
192.982	0	
195.871	0	
195.267	0	
193.604	0	
192.87	0	
192.98	0	
192.553	0	
195.856	0	
191.42	0	
191.569	0	
184.804	0	
191.737	0	
193.863	0	
196.073	0	
195.255	0	
192.707	0	
193.799	0	
188.547	0	
192.435	0	
194.169	0	
181.391	0	
189.448	0	
192.651	0	
193.266	0	
195.533	0	
195.872	0	
212.172	0	
200.267	0	
192.311	0	
195.411	0	
194.264	0	
198.723	0	
201.189	0	
196.997	0	
202.075	0	
192.22	0	
191.494	0	
192.816	0	
196.01	0	
194.426	0	
202.918	0	
205.332	0	
192.96	0	
193.65	0	
194.153	0	
197.605	0	
202.718	0	
211.67	0	
211.093	0	
204.719	0	
194.777	0	
193.081	0	
194.806	0	
195.374	0	
192.143	0	
198.415	0	
193.419	0	
194.502	0	
210.817	0	
203.342	0	
179.614	0	
189.407	0	
191.92	0	
196.348	0	
193.075	0	
195.193	0	
195.997	0	
203.305	0	
195.647	0	
191.388	0	
223.752	0	
280.091	0	
230.656	0	
217.569	0	
222.126	0	
230.884	0	
247.285	0	
246.594	0	
275.822	0	
243.269	0	
214.948	0	
220.513	0	
209.921	0	
214.854	0	
213.154	0	
220.037	0	
205.803	0	
210.863	0	
209.169	0	
198.217	0	
211.723	0	
214.27	0	
201.436	0	
202.966	0	
212.25	0	
221.942	0	
217.678	0	
213.162	0	
189.457	0	
213.776	0	
187.08	0	
197.798	0	
221.326	0	
213.664	0	
180.774	0	
214.856	0	
214.875	0	
208.888	0	
229.718	0	
221.085	0	
238.265	0	
227.848	0	
217.142	0	
219.873	0	
212.33	0	
218.073	0	
152.12	0	
204.052	0	
219.526	0	
217.668	0	
226.288	0	
233.877	0	
221.795	0	
213.545	0	
209.444	0	
209.457	0	
223.295	0	
220.321	0	
211.193	0	
422.075	0	
246.836	0	
243.274	0	
260.985	0	
281.255	0	
262.623	0	
238.204	0	
231.034	0	
224.221	0	
209.165	0	
214.114	0	
213.451	0	
239.387	0	
231.902	0	
229.343	0	
242.489	0	
231.413	0	
226.096	0	
228.061	0	
211.859	0	
208.704	0	
240.529	0	
260.299	0	
213.12	0	
236.442	0	
246.862	0	
265.803	0	
215.149	0	
210.125	0	
220.229	0	
215.84	0	
213.212	0	
236.021	0	
206.502	0	
210.52	0	
204.985	0	
202.183	0	
209.147	0	
209.746	0	
226.462	0	
201.547	0	
201.749	0	
204.846	0	
210.964	0	
216.545	0	
225.1	0	
202.46	0	
200.493	0	
205.198	0	
227.901	0	
204.884	0	
212.34	0	
215.364	0	
240.709	0	
206.558	0	
209.894	0	
229.095	0	
241.056	0	
223.676	0	
227.674	0	
201.11	0	
197.302	0	
244.077	0	
232.898	0	
270.057	0	
234.86	0	
277.511	0	
236.071	0	
232.3	0	
223.607	0	
201.59	0	
214.904	0	
205.445	0	
194.21	0	
264.32	0	
219.14	0	
197.572	0	
192.212	0	
221.653	0	
221.434	0	
280.107	0	
295.478	0	
262.207	0	
252.469	0	
293.501	0	
249.33	0	
233.811	0	
219.558	0	
388.024	0	
281.422	0	
334.044	0	
308.004	0	
254.124	0	
301.514	0	
366.424	0	
425.083	0	
288.009	0	
256.844	0	
263.618	0	
280.465	0	
332.025	0	
308.989	0	
243.138	0	
229.339	0	
221.132	0	
231.955	0	
220.857	0	
208.345	0	
238.743	0	
235.355	0	
242.465	0	
232.459	0	
213.974	0	
200.363	0	
225.713	0	
208.547	0	
198.26	0	
202.803	0	
193.195	0	
195.774	0	
185.847	0	
197.226	0	
195.711	0	
191.957	0	
201.19	0	
200.361	0	
215.418	0	
203.729	0	
255.016	0	
234.956	0	
240.806	0	
223.026	0	
229.37	0	
221.39	0	
224.177	0	
222.973	0	
218.948	0	
211.434	0	
204.179	0	
196.832	0	
210.401	0	
257.014	0	
226.319	0	
216.487	0	
200.213	0	
217.494	0	
214.73	0	
215.035	0	
217.436	0	
211.875	0	
213.157	0	
218.936	0	
217.682	0	
211.823	0	
211.051	0	
212.102	0	
214.395	0	
216.517	0	
215.75	0	
212.017	0	
209.818	0	
211.629	0	
212.038	0	
212.406	0	
212.574	0	
212.701	0	
219.086	0	
217.38	0	
214.848	0	
209.307	0	
210.049	0	
210.726	0	
212.949	0	
213.975	0	
211.361	0	
211.775	0	
214.076	0	
215.033	0	
222.423	0	
213.217	0	
210.44	0	
208.72	0	
208.781	0	
216.23	0	
212.017	0	
215.599	0	
213.568	0	
216.027	0	
215.66	0	
221.512	0	
218.225	0	
216.716	0	
221.419	0	
208.14	0	
207.45	0	
206.458	0	
208.935	0	
214.005	0	
219.866	0	
217.005	0	
220.477	0	
218.122	0	
218.01	0	
218.121	0	
218.464	0	
220.3	0	
223.815	0	
210.241	0	
207.403	0	
213.327	0	
210.062	0	
219.617	0	
212.08	0	
223.167	0	
215.943	0	
229.939	0	
225.096	0	
211.274	0	
209.92	0	
204.675	0	
207.43	0	
211.844	0	
206.799	0	
205.341	0	
203.295	0	
212.524	0	
211.811	0	
203.293	0	
205.75	0	
206.789	0	
205.214	0	
218.734	0	
216.598	0	
207.765	0	
203.092	0	
204.201	0	
203.989	0	
206.787	0	
211.791	0	
217.506	0	
219.739	0	
221.574	0	
215.704	0	
210.184	0	
218.451	0	
217.184	0	
217.209	0	
212.921	0	
214.669	0	
213.799	0	
216.108	0	
215.707	0	
210.601	0	
211.247	0	
218.765	0	
223.101	0	
220.731	0	
217.043	0	
220.871	0	
220.258	0	
217.412	0	
214.729	0	
220.415	0	
221.302	0	
219.273	0	
218.83	0	
213.776	0	
211.505	0	
220.183	0	
218.948	0	
218.72	0	
220.181	0	
219.759	0	
220.222	0	
211.811	0	
201.436	0	
220.986	0	
221.564	0	
218.571	0	
221.406	0	
219.322	0	
221.42	0	
217.555	0	
210.99	0	
220.723	0	
220.858	0	
221.306	0	
223.099	0	
218.914	0	
214.541	0	
223.154	0	
220.674	0	
225.547	0	
221.779	0	
222.471	0	
225.208	0	
217.772	0	
224.344	0	
202.574	0	
202.202	0	
218.597	0	
223.771	0	
223.703	0	
203.153	0	
217.696	0	
199.048	0	
224.049	0	
228.535	0	
200.35	0	
203.378	0	
193.134	0	
207.51	0	
229.671	0	
229.092	0	
205.295	0	
204.554	0	
203.616	0	
201.842	0	
205.44	0	
211.299	0	
167.075	0	
217.923	0	
212.821	0	
210.888	0	
213.923	0	
213.271	0	
206.074	0	
201.144	0	
134.159	0	
146.366	0	
200.541	0	
192.857	0	
198.447	0	
222.623	0	
209.273	0	
220.236	0	
198.32	0	
213.4	0	
207.02	0	
214.007	0	
223.726	0	
220.134	0	
185.516	0	
196.348	0	
202.566	0	
203.802	0	
261.44	0	
207.456	0	
223.48	0	
209.327	0	
201.698	0	
203.529	0	
204.954	0	
214.569	0	
215.087	0	
212.212	0	
214.19	0	
207.766	0	
211.051	0	
210.299	0	
214.307	0	
210.063	0	
204.305	0	
209.14	0	
206.314	0	
213.702	0	
214.599	0	
206.537	0	
206.886	0	
206.854	0	
204.015	0	
201.571	0	
204.138	0	
213.691	0	
218.804	0	
204.906	0	
206.13	0	
201.607	0	
202.944	0	
210.932	0	
208.036	0	
215.684	0	
214.314	0	
212.512	0	
208.382	0	
207.697	0	
204.387	0	
201.989	0	
202.854	0	
202.237	0	
200.693	0	
201.891	0	
203.401	0	
206.111	0	
203.305	0	
200.494	0	
200.679	0	
201.854	0	
201.707	0	
200.789	0	
200.204	0	
200.823	0	
199.955	0	
200.765	0	
204.467	0	
202.898	0	
205.406	0	
202.241	0	
199.891	0	
201.626	0	
200.412	0	
201.979	0	
206.753	0	
207.934	0	
202.974	0	
200.537	0	
199.773	0	
198.533	0	
199.807	0	
199.361	0	
204.437	0	
201.619	0	
205.007	0	
200.561	0	
200.552	0	
198.075	0	
199.853	0	
199.174	0	
199.284	0	
198.745	0	
209.789	0	
201.069	0	
199.278	0	
198.926	0	
199.24	0	
198.874	0	
198.902	0	
197.834	0	
194.204	0	
200.272	0	
200.381	0	
203.026	0	
209.781	0	
206.134	0	
199.279	0	
202.008	0	
205.853	0	
206.252	0	
201.531	0	
210.141	0	
205.751	0	
207.595	0	
217.226	0	
215.4	0	
208.553	0	
190.418	0	
178.289	0	
194.525	0	
192.646	0	
212.978	0	
214.876	0	
201.981	0	
199.383	0	
195.433	0	
197.642	0	
208.465	0	
221.518	0	
204.072	0	
206.444	0	
193.743	0	
194.357	0	
194.813	0	
195.212	0	
204.151	0	
184.334	0	
210.624	0	
197.233	0	
196.66	0	
197.147	0	
196.381	0	
190.512	0	
190.304	0	
206.717	0	
204.275	0	
196.403	0	
194.748	0	
194.864	0	
195.625	0	
200.168	0	
194.257	0	
201.176	0	
193.111	0	
193.124	0	
198.512	0	
200.247	0	
198.072	0	
195.222	0	
197.78	0	
194.852	0	
195.411	0	
199.502	0	
201.835	0	
191.42	0	
187.604	0	
205.139	0	
201.898	0	
189.43	0	
187.809	0	
192.404	0	
190.734	0	
188.699	0	
192.407	0	
204.942	0	
217.798	0	
194.693	0	
195.563	0	
196.343	0	
196.266	0	
198.475	0	
197.202	0	
204.624	0	
201.69	0	
196.052	0	
199.394	0	
205.561	0	
204.573	0	
199.01	0	
200.221	0	
203.533	0	
197.284	0	
194.872	0	
194.557	0	
198.399	0	
207.156	0	
204.58	0	
224.37	0	
202.578	0	
206.551	0	
207.066	0	
202.016	0	
194.184	0	
205.454	0	
219.965	0	
209.089	0	
231.26	0	
203.88	0	
202.395	0	
203.006	0	
193.163	0	
201.664	0	
206.491	0	
212.504	0	
197.189	0	
236.257	0	
232.167	0	
212.061	0	
275.333	0	
206.318	0	
210.28	0	
205.787	0	
195.245	0	
201.54	0	
202.66	0	
226.951	0	
214.472	0	
218.733	0	
249.189	0	
289.92	0	
228.108	0	
243.653	0	
196.128	0	
200.199	0	
189	0	
208.83	0	
254.431	0	
214.562	0	
214.908	0	
230.032	0	
261.29	0	
274.321	0	
232.699	0	
247.346	0	
207.046	0	
216.803	0	
200.457	0	
205.635	0	
190.719	0	
186.564	0	
183.335	0	
174.68	0	
185.748	0	
178.871	0	
175.586	0	
189.682	0	
195.746	0	
176.828	0	
179.863	0	
185.628	0	
182.477	0	
187.417	0	
185.258	0	
183.957	0	
184.562	0	
185.658	0	
186.9	0	
191.336	0	
192.806	0	
189.02	0	
185.577	0	
181.165	0	
201.732	0	
186.377	0	
210.374	0	
207.164	0	
269.148	0	
216.561	0	
205.058	0	
185.17	0	
236.365	0	
246.881	0	
217.337	0	
181.568	0	
193.926	0	
191.476	0	
233.01	0	
277.548	0	
285.001	0	
241.432	0	
188.457	0	
189.063	0	
227.46	0	
214.497	0	
179.458	0	
170.786	0	
161.672	0	
183.538	0	
178.665	0	
176.526	0	
176.932	0	
169.953	0	
172.096	0	
172.525	0	
175.393	0	
176.343	0	
177.412	0	
179.038	0	
175.738	0	
171.896	0	
168.568	0	
172.826	0	
169.799	0	
174.189	0	
173.172	0	
165.399	0	
169.174	0	
173.454	0	
172.843	0	
176.073	0	
173.213	0	
178.491	0	
166.071	0	
175.144	0	
176.943	0	
176.379	0	
166.979	0	
178.552	0	
175.018	0	
180.469	0	
179.548	0	
175.985	0	
173.276	0	
176.472	0	
179.894	0	
183.954	0	
182.588	0	
186.394	0	
192.448	0	
184.332	0	
182.93	0	
186.05	0	
183.219	0	
186.336	0	
179.431	0	
179.1	0	
192.195	0	
193.668	0	
193.881	0	
202.318	0	
190.618	0	
201.817	0	
186.757	0	
188.904	0	
183.651	0	
181.812	0	
204.892	0	
204.26	0	
176.302	0	
174.082	0	
177.133	0	
175.451	0	
167.109	0	
159.107	0	
177.086	0	
177.322	0	
170.063	0	
171.654	0	
181.363	0	
179.224	0	
182.78	0	
162.854	0	
169.614	0	
179.027	0	
186.465	0	
191.07	0	
189.047	0	
177.511	0	
179.506	0	
193.227	0	
189.786	0	
178.187	0	
183.314	0	
178.172	0	
169.071	0	
174.489	0	
191.832	0	
191.732	0	
206.046	0	
198.203	0	
193.38	0	
183.648	0	
192.182	0	
200.888	0	
198.493	0	
194.661	0	
198.334	0	
194.184	0	
188.68	0	
195.858	0	
202.778	0	
202.269	0	
203.008	0	
205.604	0	
198.799	0	
208.088	0	
199.667	0	
189.557	0	
210.335	0	
208.359	0	
210.54	0	
210.954	0	
200.286	0	
201.686	0	
192.543	0	
198.287	0	
210.434	0	
213.876	0	
212.856	0	
208.788	0	
212.165	0	
212.779	0	
213.387	0	
211.991	0	
207.109	0	
203.513	0	
212.289	0	
212.5	0	
183.946	0	
196.684	0	
217.921	0	
212.348	0	
213.086	0	
211.496	0	
211.72	0	
213.143	0	
213.047	0	
207.738	0	
200.616	0	
215.247	0	
215.322	0	
214.652	0	
169.429	0	
166.788	0	
164.113	0	
169.253	0	
166.516	0	
164.169	0	
172.165	0	
169.589	0	
168.523	0	
172.453	0	
173.79	0	
170.952	0	
173.223	0	
167.229	0	
164.985	0	
169.136	0	
173.117	0	
173.546	0	
174.283	0	
178.009	0	
173.127	0	
171.284	0	
167.664	0	
172.123	0	
176.722	0	
180.984	0	
172.162	0	
171.935	0	
164.656	0	
169.488	0	
164.849	0	
169.795	0	
174.491	0	
176.661	0	
179.153	0	
179.513	0	
196.801	0	
185.089	0	
167.124	0	
162.298	0	
177.371	0	
183.175	0	
186.309	0	
182.106	0	
174.177	0	
177.883	0	
181.705	0	
178.853	0	
172.342	0	
172.677	0	
188.818	0	
189.298	0	
178.974	0	
182.082	0	
186.202	0	
188.738	0	
198.059	0	
187.332	0	
184.157	0	
188.795	0	
182.028	0	
195.407	0	
184.815	0	
183.524	0	
210.143	0	
274.473	0	
217.648	0	
213.638	0	
190.887	0	
215.918	0	
226.158	0	
243.177	0	
258.299	0	
220.178	0	
179.645	0	
186.309	0	
198.88	0	
198.09	0	
194.236	0	
181.108	0	
202.186	0	
192.012	0	
204.068	0	
202.292	0	
203.599	0	
206.513	0	
200.001	0	
198.274	0	
207.495	0	
206.089	0	
207.516	0	
207.617	0	
205.992	0	
205.926	0	
206.718	0	
206.254	0	
203.851	0	
201.497	0	
193.744	0	
192.276	0	
207.822	0	
205.289	0	
206.86	0	
204.504	0	
202.791	0	
201.905	0	
207.244	0	
207.818	0	
205.782	0	
199.776	0	
199.107	0	
192.394	0	
205.441	0	
200.656	0	
206.607	0	
206.906	0	
206.595	0	
204.027	0	
203.322	0	
203.877	0	
206.831	0	
208.197	0	
202.246	0	
197.588	0	
201.559	0	
204.823	0	
207.995	0	
208.577	0	
205.067	0	
208.188	0	
205.357	0	
205.245	0	
200.236	0	
203.758	0	
197.035	0	
187.613	0	
207.471	0	
206.851	0	
200.37	0	
205.89	0	
197.548	0	
200.796	0	
194.615	0	
190.458	0	
198.573	0	
195.062	0	
191.38	0	
203.562	0	
203.342	0	
204.927	0	
205.008	0	
211.86	0	
205.237	0	
206.087	0	
191.896	0	
192.482	0	
199.169	0	
209.792	0	
196.094	0	
184.278	0	
189.413	0	
186.271	0	
191.084	0	
182.275	0	
178.558	0	
176.144	0	
169.887	0	
180.349	0	
182.839	0	
179.178	0	
183.42	0	
181.976	0	
176.018	0	
180.66	0	
187.964	0	
196.65	0	
184.442	0	
178.802	0	
176.071	0	
179.603	0	
186.837	0	
186.875	0	
178.827	0	
174.627	0	
193.082	0	
204.196	0	
193.421	0	
177.094	0	
175.956	0	
167.031	0	
170.092	0	
172.848	0	
190.601	0	
200.215	0	
209.573	0	
201.943	0	
210.848	0	
242.884	0	
241.243	0	
224.66	0	
208.303	0	
209.026	0	
220.101	0	
233.632	0	
228.732	0	
201.604	0	
196.191	0	
205.976	0	
208.607	0	
199.689	0	
184.153	0	
183.126	0	
267.183	0	
229.917	0	
233.134	0	
228.262	0	
232.886	0	
259.927	0	
260.46	0	
219.244	0	
230.358	0	
226.782	0	
195.478	0	
182.902	0	
270.181	0	
258.552	0	
249.256	0	
209.287	0	
295.919	0	
306.694	0	
226.145	0	
219.595	0	
215.487	0	
242.88	0	
182.236	0	
192.053	0	
205.424	0	
183.399	0	
284.231	0	
326.529	0	
312.858	0	
464.729	0	
215.648	0	
188.892	0	
287.034	0	
254.475	0	
188.978	0	
197.39	0	
318.565	0	
236.159	0	
171.899	0	
177.023	0	
177.413	0	
176.084	0	
189.638	0	
182.682	0	
173.689	0	
177.325	0	
169.535	0	
173.896	0	
200.625	0	
184.392	0	
197.589	0	
190.958	0	
167.756	0	
165.589	0	
170.028	0	
170.875	0	
164.268	0	
164.912	0	
173.314	0	
166.945	0	
167.262	0	
171.878	0	
174.584	0	
173.66	0	
174.051	0	
179.331	0	
171.833	0	
176.469	0	
181.334	0	
182.463	0	
180.316	0	
180.966	0	
182.364	0	
189.366	0	
187.562	0	
183.286	0	
178.619	0	
183.642	0	
191.798	0	
183.641	0	
193.416	0	
191.092	0	
193.601	0	
183.512	0	
181.245	0	
174.249	0	
177.587	0	
171.961	0	
190.326	0	
184.964	0	
194.428	0	
211.699	0	
199.815	0	
199.384	0	
186.146	0	
207.418	0	
215.067	0	
193.385	0	
209.668	0	
197.188	0	
183.629	0	
176.194	0	
179.083	0	
177.581	0	
217.986	0	
197.915	0	
185.752	0	
177.912	0	
235.931	0	
206.556	0	
182.082	0	
188.995	0	
180.438	0	
181.903	0	
193.104	0	
179.506	0	
184.75	0	
193.068	0	
201.013	0	
218.216	0	
249.4	0	
222.326	0	
265.527	0	
271.537	0	
215.827	0	
204.712	0	
203.269	0	
192.428	0	
226.707	0	
239.436	0	
305.308	0	
242.318	0	
214.066	0	
228.983	0	
462.519	0	
318.57	0	
201.302	0	
278.468	0	
238.403	0	
250.477	0	
165.928	0	
171.837	0	
173.956	0	
188.969	0	
164.415	0	
167.237	0	
165.392	0	
173.729	0	
176.676	0	
167.184	0	
173.33	0	
174.741	0	
174.762	0	
169.513	0	
177.787	0	
178.039	0	
173.35	0	
161.15	0	
166.517	0	
163.853	0	
173.372	0	
168.136	0	
173.183	0	
168.347	0	
174.822	0	
174.14	0	
170.319	0	
166.262	0	
153.731	0	
174.836	0	
172.428	0	
176.326	0	
214.064	0	
210.691	0	
178.897	0	
183.629	0	
185.269	0	
180.887	0	
183.644	0	
183.417	0	
187.594	0	
189.334	0	
184.108	0	
190.169	0	
195.827	0	
187.777	0	
185.828	0	
187.291	0	
191.67	0	
199.51	0	
192.542	0	
225.464	0	
194.594	0	
221.492	0	
190.803	0	
189.252	0	
195.086	0	
205.316	0	
249.348	0	
203.082	0	
186.143	0	
185.303	0	
178.311	0	
175.82	0	
172.666	0	
182.096	0	
178.525	0	
185.5	0	
183.403	0	
198.822	0	
221.196	0	
177.804	0	
174.433	0	
167.924	0	
174.627	0	
178.238	0	
165.637	0	
176.288	0	
166.196	0	
166.254	0	
177.334	0	
170.5	0	
182.702	0	
179.623	0	
187.177	0	
177.55	0	
177.866	0	
173.98	0	
179.614	0	
180.402	0	
167.268	0	
167.993	0	
181.403	0	
186.707	0	
181.395	0	
178.07	0	
176.227	0	
158.774	0	
201.944	0	
193.333	0	
188.271	0	
186.85	0	
201.617	0	
212.604	0	
188.915	0	
187.997	0	
212.967	0	
199.838	0	
239.775	0	
207.565	0	
192.015	0	
210.547	0	
195.637	0	
216.142	0	
196.806	0	
178.474	0	
170.742	0	
181.79	0	
176.984	0	
188.541	0	
187.727	0	
184.601	0	
184.08	0	
187.725	0	
186.967	0	
186.79	0	
185.51	0	
169.493	0	
169.032	0	
164.573	0	
174.542	0	
171.62	0	
173.564	0	
174.2	0	
173.607	0	
172.291	0	
175.441	0	
175.507	0	
179.428	0	
167.868	0	
169.95	0	
174.028	0	
176.746	0	
174.819	0	
180.743	0	
176.814	0	
173.927	0	
176.996	0	
181.124	0	
181.235	0	
176.554	0	
177.916	0	
177.729	0	
177.789	0	
175.837	0	
177.932	0	
175.404	0	
180.338	0	
181.924	0	
193.845	0	
184.846	0	
195.389	0	
191.351	0	
176.681	0	
177.801	0	
176.559	0	
182.987	0	
180.945	0	
181.077	0	
177.527	0	
187.222	0	
186.796	0	
185.908	0	
182.951	0	
177.653	0	
186.459	0	
187.176	0	
194.178	0	
183.607	0	
184.116	0	
174.82	0	
174.48	0	
182.472	0	
185.334	0	
186.052	0	
182.194	0	
193.859	0	
169.091	0	
181.77	0	
182.648	0	
184.949	0	
186.388	0	
175.481	0	
178.63	0	
182.195	0	
178.137	0	
185.099	0	
189.169	0	
184.797	0	
181.579	0	
180.144	0	
185.45	0	
186.538	0	
185.765	0	
192.953	0	
208.552	0	
194.146	0	
184.46	0	
198.387	0	
189.356	0	
196.93	0	
190.085	0	
193.383	0	
184.282	0	
191.421	0	
188.08	0	
187.555	0	
187.609	0	
188.116	0	
189.989	0	
185.841	0	
160.168	0	
180.61	0	
177.471	0	
174.79	0	
180.534	0	
183.246	0	
179.432	0	
188.695	0	
183.538	0	
187.894	0	
192.782	0	
187.492	0	
215.077	0	
212.931	0	
182.62	0	
189.314	0	
189.715	0	
175.533	0	
202.08	0	
192.049	0	
189.63	0	
191.473	0	
184.955	0	
191.513	0	
191.382	0	
197.638	0	
190.859	0	
193.759	0	
197.906	0	
197.617	0	
204.397	0	
245.603	0	
238.842	0	
242.162	0	
229.237	0	
243.482	0	
232.014	0	
237.136	0	
228.635	0	
241.712	0	
233.936	0	
220.373	0	
231.597	0	
219.868	0	
248.473	0	
226.821	0	
226.796	0	
216.135	0	
224.419	0	
221.555	0	
209.228	0	
210.176	0	
237.262	0	
246.656	0	
219.573	0	
213.375	0	
203.709	0	
209.332	0	
231.798	0	
221.267	0	
237.547	0	
237.861	0	
230.335	0	
231.815	0	
245.425	0	
212.177	0	
208.205	0	
207.965	0	
209.212	0	
202.682	0	
199.414	0	
204.554	0	
216.62	0	
239.883	0	
251.86	0	
206.743	0	
202.493	0	
204.795	0	
204.106	0	
255.12	0	
218.614	0	
227.053	0	
211.252	0	
202.173	0	
203.118	0	
200.545	0	
211.761	0	
211.284	0	
198.949	0	
223.251	0	
216.116	0	
202.192	0	
206.111	0	
225.759	0	
212.27	0	
205.334	0	
205.72	0	
204.78	0	
208.494	0	
197.427	0	
207.507	0	
207.501	0	
204.584	0	
237.079	0	
219.654	0	
243.804	0	
217.315	0	
214.649	0	
206.985	0	
208.877	0	
208.499	0	
212.108	0	
201.883	0	
233.259	0	
236.365	0	
216.445	0	
204.787	0	
209.075	0	
207.325	0	
203.779	0	
206.813	0	
243.167	0	
229.55	0	
196.068	0	
199.139	0	
224.107	0	
249.055	0	
220.792	0	
207.797	0	
214.668	0	
199.086	0	
216.42	0	
230.582	0	
254.314	0	
260.551	0	
274.163	0	
241.483	0	
207.567	0	
197.227	0	
193.185	0	
188.62	0	
200.055	0	
194.508	0	
193.957	0	
183.276	0	
184.074	0	
189.47	0	
192.588	0	
188.187	0	
179.34	0	
188.451	0	
190.649	0	
191.176	0	
192.019	0	
191.585	0	
193.627	0	
192.303	0	
191.196	0	
191.357	0	
199.865	0	
201.812	0	
183.085	0	
189.852	0	
188.529	0	
191.806	0	
190.621	0	
192.194	0	
190.981	0	
193.981	0	
193.143	0	
193.289	0	
195.886	0	
196.757	0	
200.742	0	
202.857	0	
199.445	0	
195.614	0	
198.21	0	
204.052	0	
222.838	0	
205.696	0	
206.802	0	
203.536	0	
193.23	0	
190.623	0	
216.152	0	
208.708	0	
225.359	0	
229.4	0	
220.179	0	
239.419	0	
210.339	0	
205.253	0	
196.158	0	
190.491	0	
187.462	0	
190.047	0	
221.101	0	
222.956	0	
222.898	0	
214.232	0	
200.284	0	
194.975	0	
189.102	0	
187.321	0	
187.569	0	
189.995	0	
215.094	0	
244.086	0	
223.718	0	
257.916	0	
218.754	0	
236.309	0	
197.829	0	
192.5	0	
188.516	0	
204.226	0	
187.339	0	
192.703	0	
247.368	0	
275.908	0	
206.99	0	
195.021	0	
191.196	0	
192.656	0	
239.133	0	
183.697	0	
230.72	0	
222.776	0	
215.737	0	
218.434	0	
198.389	0	
205.956	0	
211.433	0	
201.642	0	
192.747	0	
191.31	0	
190.205	0	
198.883	0	
197.038	0	
193.933	0	
188.87	0	
189.053	0	
183.786	0	
215.764	0	
210.796	0	
192.405	0	
183.262	0	
195.996	0	
190.154	0	
188.503	0	
178.121	0	
219.62	0	
237.785	0	
188.371	0	
204.89	0	
186.781	0	
191.215	0	
217.602	0	
213.434	0	
176.024	0	
183.333	0	
244.841	0	
261.86	0	
278.081	0	
236.639	0	
192.979	0	
186.957	0	
253.013	0	
209.527	0	
201.175	0	
196.273	0	
258.174	0	
259.71	0	
225.732	0	
236.203	0	
235.879	0	
236.271	0	
238.361	0	
283.028	0	
256.734	0	
231.008	0	
229.982	0	
223.356	0	
254.722	0	
226.096	0	
201.49	0	
244.452	0	
267.444	0	
244.393	0	
249.028	0	
255.091	0	
239.726	0	
244.005	0	
235.081	0	
231.331	0	
243.176	0	
201.966	0	
212.434	0	
225.185	0	
222.665	0	
196.594	0	
201.309	0	
193.599	0	
192.417	0	
188.895	0	
189.739	0	
219.605	0	
212.773	0	
215.719	0	
203.465	0	
192.148	0	
205.903	0	
189.326	0	
183.501	0	
187.77	0	
189.836	0	
186.991	0	
181.654	0	
190.953	0	
191.16	0	
167.686	0	
186.41	0	
193.445	0	
195.256	0	
192.486	0	
190.815	0	
199.29	0	
196.851	0	
197.798	0	
212.873	0	
203.211	0	
193.647	0	
194.576	0	
203.84	0	
216.072	0	
217.989	0	
209.843	0	
213.017	0	
190.869	0	
191.338	0	
189.459	0	
190.456	0	
206.839	0	
218.937	0	
228.048	0	
243.911	0	
238.232	0	
201.09	0	
190.838	0	
182.164	0	
178.373	0	
183.764	0	
189.007	0	
192.941	0	
206.579	0	
216.947	0	
238.599	0	
231.742	0	
222.371	0	
230.646	0	
219.867	0	
208.111	0	
196.559	0	
200.421	0	
188.598	0	
173.602	0	
195.128	0	
207.364	0	
224.365	0	
230.489	0	
231.859	0	
255.14	0	
175.612	0	
188.671	0	
194.314	0	
187.445	0	
195.839	0	
205.872	0	
220.844	0	
232.236	0	
207.627	0	
206.942	0	
244.477	0	
237.424	0	
228.554	0	
271.033	0	
253.992	0	
248.415	0	
253.38	0	
282.892	0	
256.908	0	
285.222	0	
187.156	0	
193.357	0	
258.823	0	
260.213	0	
287.09	0	
266.773	0	
268.518	0	
284.673	0	
191.591	0	
189.348	0	
191.818	0	
191.544	0	
251.541	0	
275.29	0	
275.469	0	
333.227	0	
291.476	0	
276.625	0	
187.309	0	
183.545	0	
195.433	0	
202.669	0	
278.46	0	
283.266	0	
312.073	0	
298.571	0	
190.563	0	
178.67	0	
208.779	0	
225.258	0	
328.383	0	
351.129	0	
307.403	0	
346.654	0	
184.805	0	
193.053	0	
174.935	0	
186.564	0	
208.472	0	
222.85	0	
194.211	0	
189.277	0	
185.456	0	
181.866	0	
179.371	0	
190.836	0	
182.27	0	
202.674	0	
200.761	0	
234.092	0	
234.036	0	
360.168	0	
317.541	0	
230.972	0	
203.395	0	
368.213	0	
347.627	0	
332.958	0	
329.819	0	
357.728	0	
310.523	0	
334.85	0	
323.068	0	
295.74	0	
300.588	0	
332.319	0	
310.682	0	
345.436	0	
295.076	0	
305.792	0	
318.877	0	
360.821	0	
368.301	0	
347.492	0	
315.001	0	
337.977	0	
291.666	0	
325.286	0	
322.165	0	
294.701	0	
177.916	0	
264.591	0	
264.425	0	
236.4	0	
341.374	0	
301.553	0	
317.863	0	
293.156	0	
264.118	0	
292.645	0	
232.291	0	
214.896	0	
205.425	0	
214.224	0	
209.209	0	
205.705	0	
229.846	0	
224.707	0	
227.092	0	
254.867	0	
203.21	0	
211.887	0	
222.466	0	
219.333	0	
210.504	0	
208.048	0	
225.931	0	
252.119	0	
221.502	0	
205.603	0	
208.094	0	
226.811	0	
270.361	0	
241.738	0	
236.014	0	
201.452	0	
276.11	0	
251.209	0	
203.652	0	
201.649	0	
174.652	0	
183.186	0	
183.911	0	
177.835	0	
178.966	0	
191.129	0	
201.331	0	
204.916	0	
197.227	0	
186.523	0	
176.46	0	
188.368	0	
195.172	0	
189.071	0	
187.777	0	
197.475	0	
195.001	0	
196.382	0	
177.598	0	
195.722	0	
192.579	0	
195.902	0	
204.611	0	
202.554	0	
195.948	0	
194.797	0	
194.471	0	
198.111	0	
197.354	0	
192.602	0	
194.198	0	
209.178	0	
199.918	0	
205.854	0	
222.295	0	
215.265	0	
201.739	0	
204.034	0	
213.43	0	
201.658	0	
201.975	0	
226.512	0	
204.653	0	
220.542	0	
208.357	0	
268.253	0	
239.681	0	
206.113	0	
212.189	0	
256.636	0	
218.942	0	
211.47	0	
201.495	0	
200.997	0	
203.483	0	
208.116	0	
236.642	0	
210.553	0	
207.34	0	
214.335	0	
205.578	0	
207.408	0	
218.654	0	
241.114	0	
205.347	0	
209.45	0	
208.682	0	
208.606	0	
204.827	0	
199.887	0	
204.206	0	
214.401	0	
180.978	0	
202.664	0	
203.706	0	
197.93	0	
204.374	0	
208.725	0	
203.113	0	
205.346	0	
205.796	0	
205.272	0	
201.011	0	
202.001	0	
212.852	0	
206.134	0	
218.971	0	
239.999	0	
227.469	0	
234.557	0	
204.427	0	
204.065	0	
203.897	0	
204.788	0	
228.349	0	
208.807	0	
214.624	0	
245.69	0	
222.624	0	
257.263	0	
210.256	0	
219.404	0	
241.142	0	
218.48	0	
234.929	0	
254.966	0	
236.455	0	
233.421	0	
226.138	0	
262.299	0	
218.359	0	
190.97	0	
220.547	0	
242.077	0	
239.455	0	
236.222	0	
235.859	0	
233.494	0	
249.413	0	
231.529	0	
199.123	0	
214.527	0	
215.87	0	
214.955	0	
209.323	0	
212.053	0	
204.646	0	
205.351	0	
208.981	0	
182.023	0	
201.406	0	
210.205	0	
200.358	0	
209.737	0	
245.605	0	
248.876	0	
248.032	0	
238.368	0	
243.714	0	
224.336	0	
240.37	0	
233.002	0	
233.111	0	
221.494	0	
212.224	0	
228.463	0	
221.895	0	
220.47	0	
216.53	0	
206.695	0	
215.889	0	
205.314	0	
200.227	0	
199.983	0	
195.965	0	
212.33	0	
196.465	0	
209.905	0	
205.083	0	
187.297	0	
197.34	0	
196.163	0	
203.044	0	
195.318	0	
200.683	0	
193.183	0	
193.031	0	
189.603	0	
202.938	0	
227.029	0	
225.278	0	
231.299	0	
238.859	0	
235.087	0	
226.589	0	
225.853	0	
233.793	0	
218.51	0	
226.773	0	
214.943	0	
216.528	0	
220.039	0	
213.136	0	
216.977	0	
221.406	0	
210.449	0	
210.864	0	
207.883	0	
208.74	0	
208.063	0	
211.239	0	
209.927	0	
204.597	0	
211.161	0	
213.338	0	
228.466	0	
230.092	0	
207.318	0	
216.824	0	
202.989	0	
204.627	0	
210.934	0	
212.606	0	
205.224	0	
199.669	0	
219.185	0	
219.594	0	
203.345	0	
219.021	0	
222.123	0	
216.569	0	
206.468	0	
205.461	0	
200.013	0	
202.927	0	
201.449	0	
193.564	0	
204.776	0	
194.792	0	
242.726	0	
247.213	0	
232.616	0	
239.496	0	
238.011	0	
237.521	0	
249.241	0	
248.75	0	
231.38	0	
237.319	0	
245.792	0	
236.64	0	
222.31	0	
228.099	0	
229.998	0	
254.511	0	
246.118	0	
227.941	0	
231.815	0	
218.856	0	
220.753	0	
234.935	0	
239.446	0	
231.512	0	
227.537	0	
234.442	0	
247.571	0	
239.405	0	
218.069	0	
223.254	0	
234.923	0	
224.639	0	
222.376	0	
244.085	0	
230.114	0	
235.398	0	
231.653	0	
224.367	0	
239.314	0	
231.992	0	
217.105	0	
235.193	0	
250.969	0	
269.494	0	
234.324	0	
228.668	0	
241.552	0	
244.329	0	
226.986	0	
226.47	0	
213.919	0	
228.298	0	
216.033	0	
220.456	0	
209.398	0	
199.357	0	
196.701	0	
214.754	0	
199.68	0	
193.681	0	
189.486	0	
196.733	0	
206.18	0	
193.746	0	
193.35	0	
183.091	0	
194.477	0	
178.556	0	
190.466	0	
187.677	0	
185.703	0	
201.847	0	
219.461	0	
176.325	0	
212.042	0	
178.422	0	
172.007	0	
186.469	0	
207.861	0	
210.318	0	
200.402	0	
208.046	0	
195.93	0	
195.285	0	
204.986	0	
211.711	0	
207.171	0	
199.231	0	
206.6	0	
216.542	0	
241.035	0	
245.629	0	
236.968	0	
239.07	0	
227.284	0	
216.841	0	
217.63	0	
221.012	0	
260.089	0	
219.06	0	
216.979	0	
209.025	0	
212.183	0	
208.925	0	
207.015	0	
218.345	0	
205.034	0	
205.873	0	
212.763	0	
234.195	0	
212.7	0	
202.492	0	
201.811	0	
205.912	0	
206.525	0	
201.294	0	
199.811	0	
204.391	0	
198.904	0	
217.282	0	
222.845	0	
200.293	0	
212.557	0	
199.661	0	
202.83	0	
201.438	0	
220.193	0	
202.064	0	
205.721	0	
205.663	0	
214.69	0	
203.932	0	
205.83	0	
217.012	0	
225.996	0	
244.087	0	
209.106	0	
213.958	0	
213.006	0	
211.057	0	
210.967	0	
205.185	0	
207.339	0	
212.173	0	
210.84	0	
211.42	0	
209.928	0	
212.612	0	
189.937	0	
212.712	0	
209.898	0	
208.803	0	
210.498	0	
210.273	0	
206.168	0	
212.496	0	
209.408	0	
206.335	0	
206.48	0	
210.85	0	
211.342	0	
210.435	0	
210.713	0	
210.337	0	
209.336	0	
208.721	0	
207.787	0	
209.523	0	
210.676	0	
200.629	0	
205.334	0	
192.29	0	
206.543	0	
203.458	0	
201.615	0	
207.143	0	
207.471	0	
213.804	0	
210.013	0	
215.827	0	
221.588	0	
208.264	0	
198.974	0	
194.511	0	
201.662	0	
203.17	0	
211.492	0	
215.11	0	
207.779	0	
204.63	0	
203.898	0	
201.173	0	
213.122	0	
215.891	0	
206.435	0	
209.505	0	
204.813	0	
205.26	0	
203.151	0	
204.323	0	
214.59	0	
213.984	0	
209.563	0	
210.341	0	
210.047	0	
206.059	0	
204.244	0	
203.146	0	
201.326	0	
212.175	0	
209.379	0	
204.555	0	
201.681	0	
201.668	0	
201.048	0	
200.88	0	
204.198	0	
201.755	0	
199.653	0	
200.215	0	
200.366	0	
205.302	0	
207.691	0	
200.965	0	
204.046	0	
201.072	0	
201.159	0	
204.216	0	
201.719	0	
204.071	0	
204.661	0	
202.264	0	
200.153	0	
203.795	0	
212.281	0	
207.907	0	
202.923	0	
200.208	0	
199.595	0	
205.372	0	
200.494	0	
199.366	0	
197.775	0	
205.362	0	
198.159	0	
201.03	0	
197.585	0	
203.376	0	
200.724	0	
209.921	0	
206.886	0	
207.355	0	
207.445	0	
211.387	0	
211.417	0	
206.238	0	
206.624	0	
204.969	0	
209.696	0	
208.821	0	
205.414	0	
211.551	0	
210.738	0	
208.096	0	
209.829	0	
210.683	0	
209.128	0	
210.807	0	
202.131	0	
209.237	0	
208.495	0	
210.701	0	
211.911	0	
208.889	0	
210.694	0	
206.317	0	
196.552	0	
208.415	0	
209.15	0	
205.258	0	
209.098	0	
210.853	0	
210.746	0	
196.881	0	
207.872	0	
198.71	0	
198.51	0	
196.43	0	
199.693	0	
197.643	0	
193.099	0	
193.674	0	
200.493	0	
200.899	0	
198.228	0	
200.404	0	
199.843	0	
214.537	0	
199.709	0	
205.2	0	
194.568	0	
194.836	0	
201.219	0	
196.813	0	
208.303	0	
208.963	0	
211.111	0	
213.93	0	
207.434	0	
220.766	0	
218.942	0	
213.731	0	
212.277	0	
223.649	0	
227.351	0	
218.031	0	
223.97	0	
220.934	0	
212.538	0	
205.337	0	
222.745	0	
221.498	0	
222.267	0	
222.553	0	
210.062	0	
200.755	0	
199.753	0	
194.791	0	
182.96	0	
192.884	0	
190.202	0	
195.468	0	
188.666	0	
199.522	0	
193.546	0	
194.628	0	
191.278	0	
194.493	0	
199.53	0	
194.568	0	
198.842	0	
187.511	0	
195.539	0	
195.603	0	
199.952	0	
197.653	0	
199.167	0	
207.389	0	
194.931	0	
193.852	0	
190.149	0	
201.364	0	
203.185	0	
210.231	0	
210.465	0	
197.136	0	
199.943	0	
194.078	0	
190.692	0	
195.136	0	
205.957	0	
198.687	0	
203.583	0	
205.796	0	
207.625	0	
207.983	0	
227.741	0	
215.887	0	
205.491	0	
200.589	0	
205.764	0	
213.364	0	
216.415	0	
211.649	0	
187.242	0	
203.433	0	
200.829	0	
205.659	0	
211.255	0	
207.832	0	
220.046	0	
221.063	0	
200.678	0	
206.259	0	
208.046	0	
212.311	0	
212.601	0	
224.557	0	
223.367	0	
220.256	0	
197.236	0	
202.137	0	
194.51	0	
202.79	0	
206.125	0	
208.945	0	
208.188	0	
212.859	0	
222.164	0	
214.511	0	
217.564	0	
203.49	0	
206.851	0	
207.449	0	
214.837	0	
218.556	0	
226.053	0	
222.662	0	
188.684	0	
208.022	0	
204.139	0	
205.655	0	
209.493	0	
214.906	0	
213.994	0	
217.603	0	
223.978	0	
224.268	0	
208.05	0	
200.702	0	
209.886	0	
212.001	0	
219.838	0	
221.537	0	
224.694	0	
226.695	0	
204.417	0	
206.551	0	
208.275	0	
209.011	0	
214.962	0	
220.516	0	
215.778	0	
220.286	0	
221.144	0	
222.458	0	
218.833	0	
214.31	0	
224.55	0	
224.789	0	
225.808	0	
225.377	0	
204.159	0	
222.536	0	
209.69	0	
209.775	0	
210.084	0	
211.474	0	
212.776	0	
211.762	0	
211.064	0	
212.368	0	
214.4	0	
213.016	0	
228.119	0	
227.462	0	
211.888	0	
211.17	0	
230.726	0	
229.059	0	
213.979	0	
211.936	0	
233.392	0	
218.533	0	
207.663	0	
190.605	0	
194.188	0	
193.12	0	
199.076	0	
190.318	0	
194.313	0	
191.634	0	
194.346	0	
193.928	0	
189.695	0	
193.037	0	
193.74	0	
195.363	0	
190.016	0	
192.561	0	
189.632	0	
193.81	0	
194.21	0	
186.421	0	
190.318	0	
192.423	0	
192.712	0	
193.319	0	
193.834	0	
195.618	0	
187.268	0	
191.051	0	
195.062	0	
196.014	0	
196.613	0	
195.913	0	
196.004	0	
195.359	0	
193.928	0	
196.108	0	
194.556	0	
194.812	0	
196.755	0	
195.122	0	
194.408	0	
193.133	0	
196.517	0	
197.23	0	
198.052	0	
194.713	0	
197.577	0	
197.812	0	
202.338	0	
198.696	0	
196.696	0	
194.784	0	
201.292	0	
199.152	0	
197.841	0	
200.046	0	
199.628	0	
199.852	0	
199.467	0	
204.686	0	
196.849	0	
196.865	0	
199.933	0	
201.13	0	
201.119	0	
202.104	0	
210.574	0	
205.567	0	
197.339	0	
199.482	0	
197.784	0	
203.708	0	
199.002	0	
199.727	0	
205.997	0	
202.657	0	
204.849	0	
204.365	0	
200.404	0	
198.604	0	
202.101	0	
204.737	0	
206.868	0	
209.718	0	
206.219	0	
209.722	0	
207.155	0	
202.665	0	
196.272	0	
202.811	0	
195.078	0	
197.114	0	
197.479	0	
197.147	0	
198.196	0	
197.729	0	
197.697	0	
191.468	0	
195.679	0	
197.735	0	
199.053	0	
198.436	0	
193.31	0	
197.884	0	
199.619	0	
198.451	0	
199.101	0	
198.899	0	
195.985	0	
197.686	0	
198.751	0	
198.645	0	
198.549	0	
198.644	0	
198.494	0	
199.417	0	
200.566	0	
199.425	0	
199.848	0	
200.472	0	
197.995	0	
199.844	0	
198.915	0	
199.522	0	
199.142	0	
199.635	0	
201.507	0	
199.945	0	
204.327	0	
201.165	0	
201.314	0	
203.108	0	
203.656	0	
205.954	0	
202.218	0	
207.464	0	
201.742	0	
206.778	0	
202.891	0	
207.403	0	
209.291	0	
205.149	0	
201.987	0	
203.307	0	
207.116	0	
205.932	0	
210.523	0	
210.216	0	
201.306	0	
199.462	0	
209.867	0	
208.679	0	
212.703	0	
215.546	0	
197.995	0	
193.178	0	
194.608	0	
194.134	0	
259.387	0	
250.397	0	
279.228	0	
236.063	0	
241.351	0	
243.582	0	
235.881	0	
237.753	0	
236.205	0	
223.274	0	
244.097	0	
232.101	0	
217.6	0	
219.818	0	
219.566	0	
219.861	0	
212.027	0	
194.408	0	
231.406	0	
203.852	0	
204.032	0	
213.906	0	
207.564	0	
206.418	0	
219.27	0	
227.292	0	
198.157	0	
221.683	0	
236.548	0	
224.176	0	
205.254	0	
185.311	0	
215.038	0	
216.209	0	
215.265	0	
192.661	0	
218.544	0	
213.815	0	
211.225	0	
214.927	0	
217.872	0	
224.464	0	
221.42	0	
213.92	0	
214.723	0	
217.827	0	
225.04	0	
226.381	0	
213.233	0	
216.502	0	
212.753	0	
212.017	0	
237.198	0	
250.327	0	
236.416	0	
237.855	0	
251.524	0	
246.615	0	
252.508	0	
236.354	0	
230.418	0	
251.073	0	
243.499	0	
236.952	0	
228.355	0	
246.261	0	
228.787	0	
240.181	0	
228.417	0	
226.852	0	
234.452	0	
238.191	0	
233.291	0	
215.467	0	
213.568	0	
223.313	0	
223.375	0	
221.816	0	
218.135	0	
217.872	0	
238.639	0	
229.18	0	
202.406	0	
202.414	0	
207.232	0	
228.532	0	
199.745	0	
181.457	0	
200.71	0	
192.713	0	
199.564	0	
163.801	0	
193.145	0	
177.39	0	
189.415	0	
189.049	0	
190.441	0	
201.917	0	
188.052	0	
188.56	0	
198.121	0	
206.967	0	
221.747	0	
214.586	0	
215.524	0	
220.493	0	
220.238	0	
248.762	0	
229.826	0	
219.198	0	
218.622	0	
226.555	0	
223.916	0	
218.15	0	
211.029	0	
233.816	0	
257.077	0	
228.12	0	
238.496	0	
229.448	0	
220.796	0	
217.604	0	
222.5	0	
215.825	0	
212.605	0	
216.296	0	
218.343	0	
212.589	0	
212.636	0	
215.605	0	
204.219	0	
216.502	0	
199.028	0	
213.977	0	
214.736	0	
201.54	0	
200.93	0	
206.762	0	
196.911	0	
195.393	0	
158.358	0	
177.957	0	
192.821	0	
197.475	0	
197.894	0	
196.941	0	
191.201	0	
201.811	0	
197.67	0	
202.022	0	
177.342	0	
186.778	0	
195.908	0	
189.992	0	
202.314	0	
199.116	0	
207.853	0	
206.01	0	
200.532	0	
205.377	0	
205.05	0	
212.056	0	
206.999	0	
205.429	0	
208.512	0	
206.893	0	
193.952	0	
200.187	0	
212.201	0	
209.405	0	
211.38	0	
205.581	0	
213.301	0	
213.218	0	
211.561	0	
211.38	0	
199.468	0	
186.043	0	
185.292	0	
184.332	0	
176.043	0	
186.07	0	
190.146	0	
192.465	0	
185.056	0	
194.163	0	
194.552	0	
200.477	0	
185.896	0	
180.212	0	
162.958	0	
188.53	0	
183.926	0	
193.002	0	
194.191	0	
195.631	0	
198.398	0	
194.149	0	
205.662	0	
199.898	0	
199.977	0	
205.234	0	
206.711	0	
201.805	0	
207.691	0	
213.511	0	
210.748	0	
206.872	0	
211.335	0	
208.274	0	
202.352	0	
211.212	0	
210.922	0	
209.412	0	
206.79	0	
209.654	0	
210.342	0	
213.349	0	
213.533	0	
213.264	0	
213.841	0	
211.926	0	
214.046	0	
213.35	0	
212.24	0	
213.929	0	
210.343	0	
213.573	0	
213.742	0	
213.658	0	
212.129	0	
206.603	0	
213.647	0	
213.459	0	
213.01	0	
211.63	0	
210.582	0	
209.144	0	
210.336	0	
197.345	0	
203.011	0	
209.254	0	
211.916	0	
208.634	0	
203.528	0	
201.996	0	
208.215	0	
199.818	0	
199.331	0	
204.79	0	
205.481	0	
167.672	0	
168.776	0	
165.359	0	
173.008	0	
165.7	0	
165.187	0	
176.213	0	
173.429	0	
170.239	0	
176.093	0	
181.963	0	
175.488	0	
181.283	0	
164.997	0	
166.061	0	
171.648	0	
178.847	0	
180.027	0	
182.041	0	
193.407	0	
189.581	0	
176.491	0	
171.266	0	
178.105	0	
186.989	0	
194.538	0	
191.815	0	
177.126	0	
183.615	0	
175.431	0	
163.923	0	
173.46	0	
166.627	0	
171.192	0	
183.644	0	
188.183	0	
191.5	0	
191.836	0	
206.138	0	
197.893	0	
192.867	0	
187.606	0	
174.071	0	
171.405	0	
188.678	0	
198.064	0	
199.912	0	
195.731	0	
165.195	0	
183.894	0	
178.107	0	
187.432	0	
196.546	0	
191.768	0	
200.549	0	
194.192	0	
186.221	0	
184.048	0	
176.722	0	
174.635	0	
202.433	0	
204.533	0	
181.343	0	
189.475	0	
195.976	0	
200.658	0	
200.803	0	
204.015	0	
202.14	0	
203.47	0	
206.628	0	
203.009	0	
172.09	0	
182.274	0	
178.023	0	
178.71	0	
184.41	0	
201.958	0	
191.313	0	
193.022	0	
197.576	0	
207.328	0	
202.877	0	
208.623	0	
153.312	0	
182.744	0	
183.81	0	
199.865	0	
193.633	0	
193.051	0	
201.701	0	
199.824	0	
181.35	0	
183.422	0	
211.043	0	
215.124	0	
181.18	0	
188.699	0	
200.955	0	
209.14	0	
210.925	0	
212.326	0	
210.192	0	
210.636	0	
198.54	0	
213.911	0	
207.388	0	
209.939	0	
213.389	0	
214.664	0	
204.269	0	
205.901	0	
207.581	0	
212.795	0	
212.612	0	
215.318	0	
204.362	0	
208.331	0	
209.299	0	
215.689	0	
207.654	0	
206.079	0	
208.267	0	
216.001	0	
210.115	0	
204.432	0	
198.269	0	
191.608	0	
200.287	0	
208.794	0	
208.125	0	
212.422	0	
210	0	
208.761	0	
200.324	0	
201.721	0	
192.07	0	
183.827	0	
201.279	0	
194.413	0	
184.025	0	
173.485	0	
193.491	0	
186.397	0	
178.762	0	
183.727	0	
172.563	0	
192.07	0	
180.908	0	
154.662	0	
183.565	0	
187.363	0	
164.641	0	
168.958	0	
165.893	0	
188.536	0	
213.983	0	
210.283	0	
196	0	
213.047	0	
200.465	0	
205.465	0	
201.595	0	
210.265	0	
227.395	0	
225.02	0	
226.022	0	
226.05	0	
228.676	0	
227.346	0	
227.03	0	
221.214	0	
224.198	0	
221.594	0	
227.057	0	
202.91	0	
228.472	0	
217.811	0	
218.439	0	
218.598	0	
216.355	0	
226.184	0	
228.241	0	
247.007	0	
213.625	0	
216.064	0	
220.027	0	
214.948	0	
218.79	0	
219.798	0	
218.433	0	
220.535	0	
214.982	0	
216.186	0	
216.274	0	
215.804	0	
217.007	0	
215.327	0	
219.139	0	
221.022	0	
216.351	0	
222.909	0	
221.301	0	
235.721	0	
228.396	0	
241.907	0	
213.905	0	
215.349	0	
215.35	0	
215.171	0	
216.538	0	
214.85	0	
216.033	0	
214.702	0	
213.201	0	
213.283	0	
214.157	0	
214.985	0	
212.855	0	
211.737	0	
213.879	0	
211.347	0	
224.128	0	
230.358	0	
216.469	0	
215.986	0	
215.563	0	
215.064	0	
215.447	0	
212.837	0	
215.737	0	
238.459	0	
215.853	0	
216.864	0	
217.99	0	
234.841	0	
230.858	0	
211.772	0	
214.042	0	
212.883	0	
211.229	0	
203.878	0	
210.608	0	
207.417	0	
208.914	0	
214.076	0	
216.234	0	
218.145	0	
215.585	0	
222.008	0	
218.841	0	
250.671	0	
235.693	0	
228.745	0	
229.931	0	
245.65	0	
222.497	0	
227.061	0	
232.518	0	
237.068	0	
221.628	0	
212.893	0	
214.951	0	
224.898	0	
223.232	0	
213.921	0	
224.872	0	
221.876	0	
225.973	0	
213.54	0	
222.496	0	
215.311	0	
220.241	0	
213.602	0	
206.701	0	
203.49	0	
218.143	0	
207.087	0	
203.552	0	
195.661	0	
206.969	0	
212.255	0	
196.766	0	
212.108	0	
199.526	0	
199.01	0	
198.926	0	
192.738	0	
199.092	0	
194.306	0	
193.957	0	
188.889	0	
196.361	0	
190.268	0	
184.829	0	
190.044	0	
207.169	0	
214.442	0	
198.78	0	
203.138	0	
186.033	0	
181.444	0	
204.779	0	
207.834	0	
191.99	0	
203.068	0	
206.83	0	
212.474	0	
189.663	0	
184.529	0	
185.784	0	
187.664	0	
186.224	0	
187.074	0	
186.668	0	
188.044	0	
223.711	0	
206.683	0	
199.561	0	
207.405	0	
203.256	0	
203.921	0	
199.913	0	
185.701	0	
195.947	0	
201.926	0	
204.009	0	
204.331	0	
202.334	0	
205.77	0	
193.601	0	
204.761	0	
204.121	0	
206.364	0	
207.554	0	
200.6	0	
198.729	0	
173.771	0	
237.412	0	
215.95	0	
210.082	0	
207.408	0	
205.756	0	
206.221	0	
206.681	0	
203.799	0	
204.711	0	
203.031	0	
208.318	0	
208.304	0	
206.637	0	
208.019	0	
203.757	0	
204.603	0	
205.489	0	
199.337	0	
201.632	0	
193.775	0	
197.177	0	
187.024	0	
208.227	0	
209.053	0	
208.133	0	
208.344	0	
207.886	0	
207.617	0	
207.984	0	
208.716	0	
208.801	0	
206.88	0	
207.937	0	
205.5	0	
207.649	0	
207.714	0	
208.566	0	
207.391	0	
200.162	0	
207.817	0	
211.164	0	
211.686	0	
209.48	0	
206.794	0	
208.468	0	
207.958	0	
209.754	0	
188.715	0	
209.157	0	
208.986	0	
206.415	0	
194.047	0	
199.077	0	
217.125	0	
207.514	0	
204.019	0	
205.704	0	
207.421	0	
206.597	0	
211.384	0	
210.053	0	
204.664	0	
196.607	0	
203.699	0	
207.193	0	
212.86	0	
210.35	0	
214.405	0	
211.285	0	
216.192	0	
216.168	0	
215.862	0	
215.452	0	
199.281	0	
203.623	0	
173.919	0	
173.136	0	
170.326	0	
177.56	0	
173.676	0	
187.111	0	
170.08	0	
162.382	0	
173.873	0	
170.684	0	
180.821	0	
179.485	0	
176.907	0	
177.504	0	
180.114	0	
180.507	0	
171.427	0	
180.421	0	
178.105	0	
182.407	0	
188.257	0	
218.26	0	
201.867	0	
198.58	0	
194.822	0	
208.123	0	
217.62	0	
208.438	0	
210.004	0	
202.479	0	
202.577	0	
202.105	0	
211.204	0	
215.234	0	
202.451	0	
195.078	0	
201.43	0	
205.908	0	
207.167	0	
209.059	0	
201	0	
203.717	0	
204.692	0	
203.609	0	
204.434	0	
205.093	0	
210.422	0	
211.778	0	
200.243	0	
203.021	0	
209.91	0	
213.368	0	
212.555	0	
216.299	0	
208.942	0	
207.912	0	
211.647	0	
212.869	0	
214.019	0	
210.644	0	
208.941	0	
207.722	0	
207.111	0	
208.356	0	
208.605	0	
209.436	0	
210.74	0	
209.25	0	
208.582	0	
208.989	0	
208.984	0	
209.464	0	
209.154	0	
208.789	0	
208.305	0	
210.619	0	
208.974	0	
210.847	0	
206.102	0	
201.886	0	
226.008	0	
207.061	0	
196.969	0	
212.281	0	
211.623	0	
218.27	0	
215.971	0	
211.421	0	
214.793	0	
217.89	0	
211.728	0	
212.412	0	
213.282	0	
220.546	0	
215.501	0	
214.274	0	
211.567	0	
208.932	0	
207.177	0	
211.317	0	
206.335	0	
201.506	0	
209.221	0	
207.604	0	
204.28	0	
228.31	0	
225.14	0	
203.493	0	
204.85	0	
208.025	0	
208.017	0	
206.208	0	
208.587	0	
202.374	0	
193.218	0	
234.405	0	
249.438	0	
252.179	0	
245.138	0	
251.892	0	
236.609	0	
237.067	0	
226.41	0	
239.307	0	
238.987	0	
247.344	0	
223.147	0	
223.747	0	
234.906	0	
232.985	0	
235.26	0	
224.725	0	
225.573	0	
233.279	0	
217.597	0	
200.145	0	
204.973	0	
226.308	0	
212.656	0	
220.165	0	
210.791	0	
211.347	0	
215.569	0	
216.42	0	
211.737	0	
215.053	0	
208.373	0	
205.562	0	
216.187	0	
226.638	0	
215.958	0	
223.198	0	
237.036	0	
214.178	0	
218.81	0	
215.81	0	
214.23	0	
204.833	0	
213.829	0	
215.158	0	
213.632	0	
215.055	0	
209.445	0	
209.562	0	
212.071	0	
212.948	0	
209.389	0	
214.995	0	
211.887	0	
212.616	0	
210.85	0	
211.561	0	
211.766	0	
219.181	0	
211.204	0	
208.223	0	
204.876	0	
206.949	0	
205.67	0	
204.824	0	
206.963	0	
208.972	0	
206.91	0	
209.386	0	
208.506	0	
173.27	0	
175.319	0	
181.848	0	
173.61	0	
165.344	0	
165.904	0	
169.181	0	
178.794	0	
173.023	0	
182.433	0	
164.492	0	
180.799	0	
193.351	0	
199.813	0	
199.477	0	
197.321	0	
195.656	0	
184.414	0	
194.823	0	
197.751	0	
195.963	0	
194.108	0	
197.645	0	
198.818	0	
197.888	0	
187.982	0	
176.451	0	
166.848	0	
184.041	0	
182.881	0	
199.055	0	
190.984	0	
186.226	0	
187.719	0	
191.654	0	
194.758	0	
192.528	0	
186.908	0	
172.883	0	
174.743	0	
197.482	0	
201.756	0	
264.32	0	
236.477	0	
365.53	0	
244.619	0	
279.599	0	
296.37	0	
266.551	0	
206.873	0	
200.519	0	
191.675	0	
200.969	0	
221.271	0	
218.238	0	
225.623	0	
227.509	0	
223.117	0	
220.937	0	
217.707	0	
207.274	0	
191.386	0	
201.27	0	
216.725	0	
203.245	0	
220.151	0	
223.337	0	
223.303	0	
222.921	0	
211.329	0	
217.792	0	
214.88	0	
218.072	0	
221.59	0	
219.136	0	
221.641	0	
218.537	0	
220.667	0	
222.575	0	
289.626	0	
269.115	0	
258.546	0	
255.825	0	
224.562	0	
224.749	0	
234.858	0	
208.096	0	
254.188	0	
251.232	0	
267.847	0	
327.474	0	
307.934	0	
277.058	0	
212.8	0	
194.587	0	
213.776	0	
213.196	0	
209.764	0	
212.267	0	
237.367	0	
223.652	0	
201.363	0	
212.491	0	
174.659	0	
181.406	0	
199.236	0	
224.018	0	
259.649	0	
219.827	0	
403.652	0	
283.786	0	
239.939	0	
314.16	0	
283.198	0	
314.152	0	
223.751	0	
200.46	0	
225.097	0	
213.344	0	
216.072	0	
277.596	0	
230.285	0	
202.916	0	
238.616	0	
222.006	0	
240.941	0	
196.312	0	
267.352	0	
350.38	0	
282.765	0	
294.545	0	
316.079	0	
338.98	0	
262.414	0	
240.033	0	
273.901	0	
292.148	0	
264.62	0	
228.749	0	
288.549	0	
272.165	0	
283.253	0	
299.928	0	
333.482	0	
305.451	0	
200.835	0	
199.662	0	
232.962	0	
206.542	0	
209.125	0	
210.165	0	
205.79	0	
207.295	0	
198.319	0	
211.505	0	
207.063	0	
212.615	0	
220.421	0	
222.697	0	
221.784	0	
221.975	0	
206.432	0	
214.512	0	
206.401	0	
211.413	0	
211.753	0	
211.312	0	
202.674	0	
199.212	0	
180.156	0	
199.102	0	
197.449	0	
205.694	0	
192.898	0	
185.131	0	
213.049	0	
204.052	0	
181.955	0	
206.551	0	
210.099	0	
208.304	0	
211.296	0	
207.869	0	
212.566	0	
215.009	0	
206.559	0	
194.108	0	
220.61	0	
218.991	0	
200.982	0	
193.512	0	
181.353	0	
181.531	0	
192.791	0	
203.575	0	
187.163	0	
194.438	0	
189.901	0	
200.272	0	
185.148	0	
176.119	0	
208.313	0	
202.409	0	
189.291	0	
197.744	0	
205.817	0	
204.632	0	
195.484	0	
192.956	0	
192.823	0	
188.226	0	
221.062	0	
208.499	0	
222.694	0	
219.285	0	
191.543	0	
209.742	0	
218.666	0	
223.778	0	
214.4	0	
217.908	0	
222.877	0	
221.488	0	
217.05	0	
219.239	0	
223.206	0	
221.848	0	
221.32	0	
222.747	0	
217.398	0	
218.209	0	
222.776	0	
215.143	0	
214.814	0	
207.263	0	
224.412	0	
220.979	0	
223.036	0	
224.456	0	
223.393	0	
222.757	0	
305.656	0	
336.754	0	
261.023	0	
305.342	0	
370.658	0	
493.667	0	
213.867	0	
209.766	0	
209.119	0	
203.793	0	
210.368	0	
213.845	0	
190.86	0	
203.253	0	
196.602	0	
187.997	0	
215.491	0	
232.264	0	
346.756	0	
293.003	0	
243.564	0	
277.957	0	
345.966	0	
256.626	0	
251.666	0	
247.896	0	
250.646	0	
252.769	0	
397.761	0	
385.283	0	
296.775	0	
339.385	0	
209.653	0	
207.169	0	
208.14	0	
210.204	0	
197.74	0	
208.145	0	
208.856	0	
209.696	0	
186.172	0	
205.026	0	
203.358	0	
196.564	0	
194.061	0	
194.676	0	
187.519	0	
199.783	0	
186.615	0	
200.754	0	
195.147	0	
202.162	0	
208.987	0	
209.166	0	
209.979	0	
216.602	0	
208.218	0	
194.028	0	
189.564	0	
193.516	0	
209.278	0	
209.1	0	
210.761	0	
164.343	0	
137.846	0	
193.416	0	
184.72	0	
189.488	0	
189.81	0	
199.837	0	
206.475	0	
200.664	0	
190.311	0	
197.96	0	
200.508	0	
205.265	0	
194.065	0	
198.411	0	
189.255	0	
196.329	0	
183.732	0	
189.283	0	
203.653	0	
199.648	0	
192.259	0	
191.58	0	
179.542	0	
214.352	0	
217.627	0	
202.072	0	
209.682	0	
214.509	0	
207.762	0	
204.931	0	
193.662	0	
207.985	0	
286.628	0	
354.864	0	
339.984	0	
386.604	0	
210.928	0	
210.125	0	
179.961	0	
181.635	0	
200.443	0	
197.633	0	
179.309	0	
191.597	0	
189.115	0	
177.136	0	
189.275	0	
202.809	0	
207.698	0	
202.495	0	
185.959	0	
198.45	0	
203.379	0	
186.539	0	
170.857	0	
184.027	0	
202.048	0	
208.277	0	
199.957	0	
199.377	0	
276.667	0	
313.808	0	
404.01	0	
501.952	0	
522.553	0	
408.707	0	
345.762	0	
409.545	0	
380.928	0	
308.624	0	
277.861	0	
248.436	0	
328.38	0	
219.87	0	
294.626	0	
333.526	0	
312.677	0	
273.249	0	
201.016	0	
197.23	0	
380.554	0	
382.332	0	
392.449	0	
361.681	0	
282.509	0	
263.041	0	
196.873	0	
193.717	0	
192.254	0	
191.653	0	
210.176	0	
210.19	0	
211.895	0	
211.084	0	
197.5	0	
210.681	0	
200.274	0	
199.492	0	
205.759	0	
185.482	0	
194.229	0	
186.19	0	
198.319	0	
198.667	0	
208.618	0	
215.581	0	
207.741	0	
192.497	0	
300.802	0	
333.879	0	
181.193	0	
152.668	0	
174.522	0	
151.159	0	
219.445	0	
202.387	0	
241.99	0	
264.963	0	
307.626	0	
292.029	0	
344.063	0	
575.046	0	
390.964	0	
363.265	0	
308.91	0	
363.784	0	
417.89	0	
502.659	0	
210.053	0	
211.922	0	
198.776	0	
189.052	0	
196.149	0	
174.221	0	
206.762	0	
204.029	0	
193.717	0	
198.208	0	
181.373	0	
188.502	0	
184.718	0	
184.602	0	
187.214	0	
183.419	0	
225.14	0	
193.326	0	
175.852	0	
215.933	0	
216.024	0	
220.561	0	
180.061	0	
132.17	0	
206.234	0	
215.221	0	
214.368	0	
217.249	0	
387.737	0	
277.445	0	
199.081	0	
214.017	0	
402.418	0	
422.359	0	
420.472	0	
336.25	0	
178.555	0	
123.502	0	
186.3	0	
182.008	0	
191.336	0	
172.121	0	
213.636	0	
192.106	0	
181.504	0	
172.705	0	
176.588	0	
185.597	0	
189.521	0	
198.867	0	
188.709	0	
194.185	0	
180.98	0	
177.809	0	
170.959	0	
179.569	0	
349.948	0	
378.879	0	
478.644	0	
502.201	0	
521.047	0	
296.519	0	
344.895	0	
486.214	0	
298.093	0	
348.426	0	
321.415	0	
365.424	0	
395.749	0	
409.891	0	
198.355	0	
197.354	0	
194.666	0	
194.233	0	
175.99	0	
186.789	0	
209.863	0	
201.946	0	
223.523	0	
197.024	0	
188.251	0	
183.604	0	
199.581	0	
207.734	0	
190.987	0	
190.33	0	
348.84	0	
351.657	0	
337.879	0	
312.062	0	
359.239	0	
351.467	0	
270.474	0	
234.56	0	
328.077	0	
381.873	0	
405.156	0	
405.03	0	
212.581	0	
210.626	0	
191.414	0	
174.194	0	
189.66	0	
174.743	0	
211.572	0	
191.356	0	
187.694	0	
183.697	0	
207.634	0	
165.811	0	
111.542	0	
142.791	0	
187.922	0	
193.03	0	
195.534	0	
193.135	0	
180.345	0	
173.895	0	
179.012	0	
180.153	0	
437.463	0	
454.06	0	
407.522	0	
395.269	0	
192.475	0	
201.225	0	
231.764	0	
221.344	0	
183.204	0	
179.212	0	
193.764	0	
193.201	0	
203.195	0	
188.863	0	
168.827	0	
159.597	0	
192.418	0	
198.023	0	
349.588	0	
302.349	0	
411.547	0	
481.91	0	
356.498	0	
210.441	0	
210.431	0	
212.409	0	
213.138	0	
202.998	0	
201.26	0	
198.412	0	
211.584	0	
175.97	0	
180.718	0	
525.095	0	
421.677	0	
499.781	0	
550.512	0	
230.977	0	
257.194	0	
388.841	0	
399.561	0	
298.425	0	
320.721	0	
392.302	0	
394.617	0	
430.286	0	
390.633	0	
211.609	0	
198.071	0	
199.734	0	
161.939	0	
374.058	0	
414.858	0	
410.072	0	
379.425	0	
313.72	0	
311.21	0	
101.883	0	
181.166	0	
385.803	0	
552.457	0	
405.37	0	
453.217	0	
721.042	0	
417.694	0	
313.959	0	
335.226	0	
329	0	
313.935	0	
360.887	0	
333.919	0	
402.691	0	
371.865	0	
176.561	0	
175.771	0	
299.565	0	
311.085	0	
334.188	0	
372.595	0	
262.097	0	
316.952	0	
343.307	0	
294.436	0	
280.914	0	
261.179	0	
336.143	0	
393.923	0	
259.192	0	
224.386	0	
294.576	0	
234.692	0	
321.419	0	
378.425	0	
187.921	0	
192.094	0	
178.553	0	
177.798	0	
235.623	0	
222.734	0	
260.055	0	
197.373	0	
297.977	0	
325.642	0	
307.535	0	
395.309	0	
314.287	0	
340.334	0	
202.476	0	
193.653	0	
184.811	0	
188.122	0	
196.742	0	
182.754	0	
131.364	0	
140.581	0	
393.568	0	
439.226	0	
204.33	0	
192.783	0	
173.551	0	
167.434	0	
160.59	0	
136.681	0	
170.642	0	
139.846	0	
151.963	0	
83.5493	0	
110.36	0	
112.828	0	
99.3172	0	
103.753	0	
114.719	0	
116.598	0	
69.2692	0	
58.4245	0	
222.706	0	
197.481	0	
210.662	0	
212.647	0	
181.996	0	
171.627	0	
185.517	0	
187.401	0	
188.588	0	
178.111	0	
437.596	0	
646.551	0	
194.973	0	
194.052	0	
192.928	0	
189.935	0	
418.231	0	
434.64	0	
421.543	0	
428.275	0	
437.367	0	
426.201	0	
171.399	0	
195.915	0	
186.368	0	
188.43	0	
372.423	0	
366.193	0	
172.337	0	
175.909	0	
193.237	0	
198.929	0	
194.76	0	
199.993	0	
543.897	0	
509.175	0	
208.728	0	
207.079	0	
172.232	0	
178.406	0	
601.698	0	
541.905	0	
445.183	0	
458.187	0	
180.264	0	
178.359	0	
168.25	0	
194.316	0	
447.69	0	
427.101	0	
475.01	0	
383.817	0	
333.616	0	
401.466	0	
414.789	0	
473.616	0	
352.153	0	
517.611	0	
465.801	0	
512.797	0	
400.798	0	
396.943	0	
397.43	0	
393.184	0	
456.556	0	
352.976	0	
306.417	0	
334.267	0	
169.921	0	
169.642	0	
368.565	0	
408.156	0	
316.565	0	
463.158	0	
444.305	0	
417.213	0	
186.283	0	
177.157	0	
188.311	0	
208.206	0	
293.438	0	
297.302	0	
249.123	0	
216.902	0	
180.306	0	
201.944	0	
38.7104	0	
89.6806	0	
155.733	0	
117.99	0	
215.352	0	
215.208	0	
463.435	0	
611.157	0	
550.396	0	
620.679	0	
464.056	0	
361.805	0	
400.203	0	
388.158	0	
173.511	0	
167.766	0	
174.666	0	
195.748	0	
187.355	0	
193.547	0	
464.922	0	
553.318	0	
552.973	0	
585.689	0	
595.431	0	
541.533	0	
478.91	0	
762.302	0	
596.271	0	
645.369	0	
688.204	0	
734.653	0	
692.883	0	
615.498	0	
452.608	0	
478.682	0	
512.208	0	
428.733	0	
159.275	0	
170.716	0	
156.041	0	
106.02	0	
455.95	0	
434.109	0	
463.193	0	
524.226	0	
364.991	0	
532.589	0	
492.53	0	
405.774	0	
170.875	0	
176.007	0	
183.705	0	
180.814	0	
197.657	0	
205.81	0	
314.566	0	
259.249	0	
204.172	0	
175.541	0	
214.935	0	
207.75	0	
185.205	0	
175.293	0	
195.421	0	
202.638	0	
175.232	0	
191.751	0	
858.955	0	
741.377	0	
565.865	0	
512.779	0	
472.76	0	
456.494	0	
165.552	0	
165.324	0	
169.731	0	
162.922	0	
174.063	0	
186.804	0	
408.842	0	
479.861	0	
213.925	0	
208.54	0	
162.208	0	
180.788	0	
145.867	0	
198.727	0	
196.43	0	
202.76	0	
170.119	0	
164.469	0	
195.617	0	
200.303	0	
208.156	0	
203.599	0	
181.36	0	
174.793	0	
213.216	0	
213.08	0	
168.677	0	
197.388	0	
202.481	0	
206.658	0	
162.529	0	
189.462	0	
186.979	0	
178.503	0	
191.866	0	
177.959	0	
202.488	0	
190.094	0	
182.878	0	
188.944	0	
165.387	0	
189.98	0	
423.095	0	
357.255	0	
179.167	0	
176.761	0	
419.78	0	
411.873	0	
174.521	0	
166.065	0	
626.415	0	
507.783	0	
212.448	0	
198.71	0	
491.118	0	
555.211	0	
183.547	0	
192.506	0	
411.496	0	
361.1	0	
199.843	0	
203.262	0	
173.59	0	
183.092	0	
202.916	0	
219.561	0	
495.668	0	
504.598	0	
372.374	0	
462.697	0	
357.706	0	
354.806	0	
346.885	0	
127.049	0	
89.6804	0	
92.9092	0	
56.2164	0	
193.959	0	
182.081	0	
193.034	0	
178.871	0	
462.321	0	
445.109	0	
216.292	0	
182.575	0	
172.93	0	
166.037	0	
165.152	0	
172.018	0	
736.675	0	
772.068	0	
177.224	0	
133.699	0	
432.935	0	
487.98	0	
250.734	0	
212.424	0	
89.0295	0	
90.465	0	
183.263	0	
180.836	0	
156.744	0	
163.668	0	
503.119	0	
598.193	0	
541.369	0	
508.101	0	
496.83	0	
499.01	0	
944.358	0	
937.233	0	
158.377	0	
157.96	0	
189.243	0	
206.678	0	
204.169	0	
194.155	0	
168.186	0	
174.695	0	
176.734	0	
171.356	0	
648.394	0	
681.568	0	
490.561	0	
389.795	0	
218.661	0	
212.067	0	
448.443	0	
479.879	0	
201.361	0	
220.665	0	
167.438	0	
260.471	0	
604.25	0	
571.144	0	
446.828	0	
494.264	0	
458.985	0	
431.867	0	
375.597	0	
361.412	0	
357.853	0	
417.099	0	
121.856	0	
62.632	0	
22.8885	0	
75.6801	0	
482.112	0	
441.728	0	
175.297	0	
162.097	0	
510.834	0	
452.354	0	
300.15	0	
202.419	0	
205.693	0	
192.724	0	
174.583	0	
174.821	0	
172.628	0	
165.696	0	
152.23	0	
160.966	0	
163.777	0	
160.978	0	
160.476	0	
177.346	0	
188.077	0	
204.703	0	
195.489	0	
206.523	0	
202.174	0	
214.643	0	
670.913	0	
784.463	0	
611.229	0	
728.674	0	
458.088	0	
479.803	0	
367.484	0	
357.266	0	
176.964	0	
171.804	0	
224.119	0	
226.228	0	
193.383	0	
193.145	0	
204.509	0	
211.966	0	
587.678	0	
823.13	0	
624.869	0	
706.823	0	
820.513	0	
629.031	0	
605.798	0	
766.256	0	
695.182	0	
812.618	0	
457.17	0	
466.755	0	
366.163	0	
407.541	0	
861.544	0	
851.651	0	
808.317	0	
856.553	0	
845.006	0	
839.121	0	
930.995	0	
894.274	0	
929.599	0	
968.534	0	
947.854	0	
1022.12	0	
1006.61	0	
953.881	0	
992.445	0	
944.423	0	
187.724	0	
168.466	0	
501.441	0	
485.156	0	
114.898	0	
182.312	0	
440.861	0	
466.866	0	
425.342	0	
483.136	0	
342.38	0	
313.019	0	
402.819	0	
559.186	0	
518.365	0	
435.991	0	
569.706	0	
540.698	0	
633.246	0	
473.413	0	
673.934	0	
604.241	0	
566.389	0	
632.115	0	
46.5412	0	
43.8776	0	
462.792	0	
405.486	0	
164.063	0	
176.843	0	
198.328	0	
196.918	0	
445.724	0	
738.549	0	
164.18	0	
170.746	0	
167.281	0	
165.185	0	
208.108	0	
242.198	0	
172.651	0	
175.679	0	
172.561	0	
174.086	0	
32.5522	0	
22.2785	0	
173.502	0	
177.853	0	
176.062	0	
178.685	0	
171.189	0	
168.545	0	
127.019	0	
82.1752	0	
567.069	0	
655.427	0	
175.161	0	
172.797	0	
835.267	0	
851.169	0	
534.732	0	
525.032	0	
563.04	0	
547.792	0	
473.763	0	
282.29	0	
207.698	0	
342.842	0	
458.548	0	
930.78	0	
1020.26	0	
994.114	0	
954.13	0	
1069.42	0	
1058.39	0	
183.806	0	
175.764	0	
134.07	0	
160.963	0	
407.101	0	
442.053	0	
518.401	0	
501.19	0	
519.988	0	
477.815	0	
499.987	0	
466.199	0	
414.176	0	
344.891	0	
463.182	0	
543.574	0	
616.216	0	
609.915	0	
697.781	0	
550.017	0	
163.212	0	
175.23	0	
189.693	0	
208.744	0	
193.123	0	
232.627	0	
152.798	0	
95.2726	0	
118.11	0	
100.774	0	
181.241	0	
175.794	0	
587.414	0	
588.54	0	
442.219	0	
461.938	0	
407.742	0	
370.787	0	
169.232	0	
143.5	0	
572.003	0	
626.216	0	
396.238	0	
317.074	0	
649.881	0	
747.867	0	
166.694	0	
182.78	0	
178.431	0	
205.328	0	
195.758	0	
219.079	0	
221.297	0	
201.486	0	
635.264	0	
630.525	0	
614.47	0	
601.286	0	
417.826	0	
470.225	0	
311.236	0	
263.282	0	
765.31	0	
726.549	0	
785.544	0	
683.63	0	
187.249	0	
220.687	0	
186.479	0	
198.38	0	
212.121	0	
229.462	0	
453.885	0	
457.442	0	
821.848	0	
773.022	0	
788.877	0	
774.884	0	
706.365	0	
728.651	0	
195.425	0	
178.618	0	
197.067	0	
193.482	0	
216.069	0	
252.128	0	
427.395	0	
473.949	0	
884.268	0	
838.842	0	
770.944	0	
760.164	0	
200.626	0	
187.512	0	
183.59	0	
181.522	0	
189.396	0	
231.564	0	
269.957	0	
232.496	0	
833.811	0	
827.435	0	
956.321	0	
869.787	0	
898.853	0	
823.791	0	
1023.14	0	
886.828	0	
839.197	0	
862.64	0	
791.878	0	
708.31	0	
234.698	0	
226.315	0	
303.209	0	
306.936	0	
620.259	0	
562.71	0	
570.559	0	
656.422	0	
170.025	0	
195.52	0	
189.999	0	
162.511	0	
630.809	0	
317.196	0	
152.43	0	
164.503	0	
180.624	0	
256.461	0	
168.869	0	
158.093	0	
160.83	0	
165.089	0	
50.7746	0	
57.3436	0	
114.438	0	
110.794	0	
28.1978	0	
19.2408	0	
41.2371	0	
69.6471	0	
211.884	0	
157.249	0	
178.423	0	
183.124	0	
154.623	0	
177.786	0	
35.7455	0	
44.226	0	
328.014	0	
303.433	0	
1015.63	0	
873.957	0	
1075.33	0	
1135.39	0	
370.875	0	
392.703	0	
409.956	0	
397.762	0	
416.299	0	
463.221	0	
359.052	0	
303.208	0	
444.224	0	
393.414	0	
119.004	0	
83.1233	0	
217.855	0	
217.781	0	
642.649	0	
621.901	0	
544.122	0	
551.437	0	
451.44	0	
309.454	0	
269.649	0	
304.448	0	
293.381	0	
230.021	0	
201.905	0	
507.464	0	
551.025	0	
946.5	0	
851.897	0	
752.641	0	
645.645	0	
685.892	0	
617.372	0	
280.1	0	
271.998	0	
170.914	0	
170.231	0	
154.361	0	
160.4	0	
178.41	0	
181.864	0	
177.341	0	
177.958	0	
31.6692	0	
88.3506	0	
65.4702	0	
38.3169	0	
679.054	0	
726.058	0	
614.894	0	
569.981	0	
541.466	0	
372.122	0	
382.352	0	
419.866	0	
767.665	0	
693.591	0	
784.087	0	
1041.74	0	
173.553	0	
166.118	0	
169.282	0	
176.234	0	
673.805	0	
729.472	0	
757.975	0	
592.595	0	
472.734	0	
500.419	0	
346.752	0	
430.951	0	
834.732	0	
641.996	0	
161.607	0	
181.392	0	
168.077	0	
184.243	0	
175.277	0	
202.623	0	
639.348	0	
673.283	0	
401.438	0	
355.853	0	
707.437	0	
653.646	0	
397.358	0	
484.367	0	
705.902	0	
672.734	0	
487.93	0	
596.371	0	
637.972	0	
554.76	0	
1058.92	0	
893.406	0	
1072.27	0	
1073.32	0	
711.353	0	
751.745	0	
169.475	0	
170.936	0	
178.16	0	
178.575	0	
176.629	0	
150.969	0	
129.126	0	
131.169	0	
151.388	0	
97.8287	0	
169.907	0	
191.79	0	
220.429	0	
237.749	0	
614.311	0	
502.014	0	
431.372	0	
360.845	0	
23.9897	0	
27.1477	0	
75.096	0	
97.8324	0	
158.716	0	
161.762	0	
46.0588	0	
29.4704	0	
342.961	0	
511.52	0	
251.599	0	
281.694	0	
277.915	0	
268.623	0	
299.143	0	
369.395	0	
280.418	0	
303.751	0	
270.584	0	
364.483	0	
280.271	0	
308.785	0	
485.441	0	
425.393	0	
260.572	0	
345.295	0	
304.248	0	
343.035	0	
314.535	0	
401.723	0	
430.209	0	
369.759	0	
339.772	0	
372.246	0	
378.69	0	
440.468	0	
438.42	0	
419.818	0	
481.419	0	
403.947	0	
478.872	0	
483.36	0	
590.782	0	
569.231	0	
525.677	0	
576.561	0	
589.594	0	
621.554	0	
423.281	0	
663.338	0	
651.327	0	
579.337	0	
652.243	0	
553.088	0	
339.025	0	
364.191	0	
234.643	0	
240.142	0	
174.571	0	
165.371	0	
17.8183	0	
47.237	0	
416.103	0	
329.301	0	
908.288	0	
857.864	0	
377.321	0	
880.196	0	
984.646	0	
646.199	0	
647.628	0	
174.199	0	
187.063	0	
178.769	0	
208.496	0	
105.238	0	
121.974	0	
189.91	0	
242.39	0	
293.091	0	
359.344	0	
536.547	0	
550.931	0	
659.412	0	
664.768	0	
671.005	0	
669.201	0	
227.52	0	
285.408	0	
182.248	0	
172.59	0	
303.365	0	
332.53	0	
975.886	0	
1073.36	0	
190.561	0	
186.276	0	
514.638	0	
505.593	0	
645.607	0	
670.447	0	
685.213	0	
691.757	0	
614.177	0	
641.566	0	
293.982	0	
324.632	0	
267.575	0	
211.608	0	
263.775	0	
303.484	0	
462.963	0	
570.501	0	
521.296	0	
596.741	0	
665.461	0	
673.275	0	
255.759	0	
217.629	0	
328.016	0	
323.97	0	
614.484	0	
713.293	0	
263.258	0	
238.819	0	
364.752	0	
382.819	0	
255.567	0	
205.9	0	
163.372	0	
178.464	0	
151.799	0	
156.016	0	
993.614	0	
959.181	0	
12.6162	0	
29.2084	0	
1069.38	0	
1143.16	0	
1201.97	0	
1156.72	0	
219.775	0	
290.82	0	
455.152	0	
376.05	0	
193.459	0	
199.758	0	
1115.25	0	
1057.55	0	
106.159	0	
127.996	0	
280.173	0	
311.533	0	
48.3594	0	
46.7335	0	
12.8928	0	
16.4422	0	
184.476	0	
76.8873	0	
405.465	0	
337.906	0	
201.585	0	
294.091	0	
692.318	0	
664.54	0	
333.32	0	
336.387	0	
284.965	0	
282.957	0	
288.951	0	
369.038	0	
419.613	0	
998.599	0	
1065.48	0	
16.6452	0	
18.1097	0	
14.6839	0	
16.5415	0	
16.75	0	
18.8485	0	
14.2349	0	
9.98804	0	
11.8966	0	
22.3634	0	
25.344	0	
57.6637	0	
1025.32	0	
1118.15	0	
1113.92	0	
1198.66	0	
251.471	0	
263.803	0	
253.594	0	
255.721	0	
129.049	0	
66.9725	0	
47.878	0	
22.8178	0	
456.247	0	
559.465	0	
606.878	0	
540.347	0	
650.405	0	
633.351	0	
224.118	0	
266.531	0	
245.632	0	
241.357	0	
308.445	0	
363.213	0	
11.4473	0	
10.4361	0	
21.3367	0	
37.7085	0	
41.5315	0	
56.202	0	
1031.72	0	
1105.91	0	
1096.59	0	
1127.49	0	
240.872	0	
274.032	0	
263.374	0	
243.667	0	
173.865	0	
236.326	0	
89.7402	0	
85.6925	0	
14.0867	0	
10.6386	0	
674.42	0	
715.36	0	
462.331	0	
446.477	0	
206.514	0	
222.565	0	
271.801	0	
316.255	0	
201.356	0	
250.33	0	
15.2282	0	
15.3047	0	
10.7395	0	
12.6444	0	
13.0382	0	
31.058	0	
21.3004	0	
22.3934	0	
20.1486	0	
36.7972	0	
1085.24	0	
1161.71	0	
1097.24	0	
1140.57	0	
271.165	0	
272.618	0	
103.246	0	
97.3756	0	
110.893	0	
99.1769	0	
185.312	0	
119.124	0	
102.941	0	
44.426	0	
213.344	0	
139.291	0	
232.861	0	
202.066	0	
513.059	0	
206.374	0	
292.91	0	
184.214	0	
698.542	0	
676.011	0	
760.459	0	
634.287	0	
263.346	0	
244.279	0	
221.926	0	
266.253	0	
288.277	0	
296.626	0	
187.881	0	
195.899	0	
1087.92	0	
1129.62	0	
343.941	0	
198.928	0	
54.5058	0	
156.583	0	
339.242	0	
319.766	0	
165.564	0	
228.15	0	
203.079	0	
278.172	0	
251.174	0	
273.025	0	
769.707	0	
470.677	0	
856.498	0	
1005.52	0	
1066.85	0	
1125.25	0	
183.703	0	
197.797	0	
580.509	0	
580.263	0	
324.113	0	
347.71	0	
334.434	0	
338.01	0	
342.385	0	
356.697	0	
1029.61	0	
1113.73	0	
1113.31	0	
1074.06	0	
263.357	0	
295.115	0	
275.989	0	
290.257	0	
204.818	0	
94.7726	0	
81.2283	0	
280.922	0	
258.846	0	
274.173	0	
261.743	0	
249.702	0	
266.088	0	
1027.02	0	
1040	0	
71.0824	0	
15.5605	0	
529.725	0	
509.15	0	
186.053	0	
240.484	0	
209.376	0	
199.635	0	
1056.05	0	
1157.96	0	
1186.67	0	
1091.28	0	
1204.2	0	
1196.19	0	
1145.35	0	
1103.05	0	
1148.75	0	
1169.5	0	
1180.34	0	
1159.39	0	
1202.64	0	
1169.14	0	
1142.89	0	
1127.8	0	
1140.87	0	
1071.26	0	
1169.54	0	
1079.2	0	
1120.06	0	
1101.28	0	
1103.89	0	
1068.43	0	
205.72	0	
357.967	0	
305.424	0	
296.543	0	
325.553	0	
344.6	0	
1068.93	0	
947.945	0	
1072	0	
1023	0	
990.973	0	
909.436	0	
159.619	0	
190.664	0	
104.137	0	
226.285	0	
272.124	0	
257.488	0	
287.906	0	
220.403	0	
248.712	0	
372.96	0	
314.504	0	
344.017	0	
985.708	0	
1186.99	0	
161.275	0	
235.242	0	
1202.02	0	
1176.86	0	
1194.95	0	
1149.99	0	
1107.94	0	
1088.97	0	
318.887	0	
219.041	0	
1010.09	0	
950.164	0	
150.009	0	
161.255	0	
1199.89	0	
1145.43	0	
1050.95	0	
983.26	0	
279.538	0	
282.414	0	
833.045	0	
818.086	0	
917.052	0	
899.167	0	
174.701	0	
186.105	0	
1159.82	0	
1139.47	0	
243.95	0	
308.198	0	
162.404	0	
163.406	0	
328.916	0	
233.17	0	
499.65	0	
589.804	0	
160.995	0	
176.475	0	
38.2663	0	
20.9791	0	
13.6455	0	
11.3981	0	
11.7255	0	
12.9284	0	
12.6731	0	
11.0616	0	
21.662	0	
21.4179	0	
12.342	0	
11.2934	0	
26.0135	0	
15.4676	0	
17.8395	0	
14.6579	0	
11.7027	0	
10.649	0	
12.0235	0	
12.7989	0	
14.7813	0	
15.4328	0	
17.4665	0	
26.8648	0	
26.3095	0	
26.0526	0	
18.1135	0	
83.0759	0	
283.021	0	
282.802	0	
214.61	0	
266.43	0	
826.861	0	
865.113	0	
572.361	0	
704.322	0	
299.732	0	
298.052	0	
272.45	0	
256.313	0	
71.35	0	
127.23	0	
305.242	0	
448.368	0	
131.631	0	
131.246	0	
149.678	0	
1105.09	0	
914.713	0	
259.982	0	
245.531	0	
268.154	0	
209.857	0	
210.023	0	
210.924	0	
278.422	0	
311.476	0	
938.031	0	
628.328	0	
666.236	0	
771.632	0	
731.669	0	
819.078	0	
285.43	0	
254.954	0	
280.645	0	
293.755	0	
127.483	0	
142.133	0	
122.666	0	
125.843	0	
132.684	0	
148.522	0	
121.331	0	
114.449	0	
85.6393	0	
187.162	0	
497.825	0	
633.366	0	
1209.46	0	
1145.13	0	
1111.09	0	
1097.94	0	
45.3123	0	
21.0237	0	
263.603	0	
236.485	0	
617.44	0	
619.507	0	
191.313	0	
178.187	0	
1079.72	0	
1077.03	0	
169.02	0	
207.255	0	
899.965	0	
743.655	0	
677.996	0	
804.566	0	
274.546	0	
252.545	0	
239.463	0	
198.328	0	
203.069	0	
249.549	0	
212.36	0	
183.467	0	
257.425	0	
273.24	0	
143.55	0	
183.174	0	
127.202	0	
210.074	0	
164.433	0	
182.352	0	
120.775	0	
115.744	0	
159.656	0	
62.3913	0	
37.1435	0	
40.969	0	
28.8644	0	
86.551	0	
260.884	0	
139.436	0	
180.243	0	
202.463	0	
234.433	0	
522.166	0	
836.438	0	
719.164	0	
833.544	0	
245.414	0	
220.106	0	
155.085	0	
191.121	0	
250.732	0	
250.732	0	
112.273	0	
57.5219	0	
203.035	0	
285.304	0	
157.893	0	
175.112	0	
250.732	0	
250.732	0	
201.38	0	
105.506	0	
163.635	0	
155.105	0	
250.732	0	
249.108	0	
136.183	0	
149.799	0	
244.234	0	
112.189	0	
20.4621	0	
41.9628	0	
785.303	0	
715.982	0	
379.31	0	
143.586	0	
591.585	0	
710.603	0	
892.053	0	
732.324	0	
851.312	0	
656.491	0	
747.152	0	
1010.14	0	
773.052	0	
482.226	0	
243.69	0	
182.54	0	
1120.1	0	
1170.63	0	
945.988	0	
903.798	0	
64.0215	0	
142.792	0	
136.965	0	
128.393	0	
216.337	0	
200.405	0	
66.9884	0	
70.4934	0	
326.284	0	
518.865	0	
200.848	0	
172.255	0	
148.008	0	
73.352	0	
181.784	0	
146.867	0	
243.685	0	
175.268	0	
250.732	0	
203.073	0	
61.8989	0	
482.055	0	
277.64	0	
830.746	0	
555.678	0	
549.792	0	
526.583	0	
645.109	0	
688.783	0	
239.245	0	
197.591	0	
148.838	0	
136.177	0	
107.824	0	
103.196	0	
112.425	0	
93.0859	0	
250.732	0	
250.732	0	
463.52	0	
188.679	0	
155.897	0	
106.583	0	
116.186	0	
112.886	0	
250.732	0	
250.732	0	
250.732	0	
250.123	0	
247.483	0	
247.483	0	
1019.32	0	
982.341	0	
998.778	0	
1007.42	0	
201.457	0	
352.503	0	
1092.2	0	
998.219	0	
975.464	0	
1041.93	0	
112.196	0	
95.3756	0	
215.511	0	
144.344	0	
144.644	0	
143.646	0	
828.115	0	
777.96	0	
902.326	0	
1084.07	0	
872.261	0	
770.298	0	
514.791	0	
353.217	0	
141.951	0	
95.9428	0	
239.053	0	
132.667	0	
668.644	0	
661.416	0	
676.337	0	
556.593	0	
85.4253	0	
98.8717	0	
250.732	0	
250.732	0	
250.732	0	
249.108	0	
247.483	0	
259.978	0	
223.437	0	
939.779	0	
853.759	0	
215.511	0	
215.511	0	
233.122	0	
219.914	0	
233.122	0	
219.914	0	
239.725	0	
785.998	0	
790.439	0	
837.163	0	
777.585	0	
106.534	0	
159.817	0	
773.813	0	
622.266	0	
86.2697	0	
22.2628	0	
250.732	0	
250.732	0	
250.732	0	
250.732	0	
889.528	0	
703.227	0	
241.927	0	
241.927	0	
250.732	0	
244.128	0	
781.138	0	
698.489	0	
103.05	0	
69.4464	0	
250.732	0	
250.732	0	
250.732	0	
250.732	0	
222.301	0	
250.732	0	
250.732	0	
250.732	0	
578.305	0	
106.655	0	
97.0313	0	
250.732	0	
250.732	0	
250.326	0	
250.732	0	
250.732	0	
250.732	0	
250.732	0	
250.732	0	
239.725	0	
241.927	0	
752.936	0	
680.516	0	
250.732	0	
250.732	0	
765.315	0	
422.269	0	
732.65	0	
280.377	0	
250.732	0	
250.732	0	
133.984	0	
119.578	0	
289.057	0	
429.074	0	
101.296	0	
79.2953	0	
117.939	0	
118.567	0	
1069.21	0	
1004.57	0	
887.558	0	
824.853	0	
750.895	0	
821.932	0	
250.732	0	
81.2966	0	
75.8341	0	
97.4763	0	
37.5045	0	
52.5228	0	
29.3755	0	
250.732	0	
250.732	0	
249.108	0	
250.326	0	
239.401	0	
250.732	0	
250.732	0	
672.121	0	
657.915	0	
93.3091	0	
63.709	0	
118.959	0	
143.816	0	
250.732	0	
250.732	0	
250.732	0	
250.732	0	
250.732	0	
250.732	0	
250.529	0	
126.262	0	
250.732	0	
250.732	0	
250.732	0	
250.732	0	
250.732	0	
250.732	0	
231.714	0	
92.6727	0	
97.6506	0	
195.686	0	
250.732	0	
250.732	0	
250.732	0	
250.732	0	
231.714	0	
222.301	0	
250.732	0	
250.732	0	
250.732	0	
228.07	0	
240.312	0	
228.07	0	
227.109	0	
222.301	0	
228.07	0	
250.732	0	
250.732	0	
235.102	0	
228.07	0	
250.732	0	
250.732	0	
239.401	0	
228.07	0	
250.732	0	
250.732	0	
250.732	0	
250.732	0	
250.732	0	
250.732	0	
131.806	0	
125.315	0	
189.095	0	
271.957	0	
939.008	0	
773.171	0	
714.511	0	
812.669	0	
143.285	0	
230.96	0	
629.36	0	
492.978	0	
174.801	0	
137.36	0	
795.858	0	
817.094	0	
827.977	0	
788.746	0	
106.567	0	
71.6469	0	
250.732	0	
250.732	0	
250.732	0	
250.732	0	
250.732	0	
230.165	0	
250.732	0	
250.732	0	
250.732	0	
250.732	0	
250.732	0	
250.732	0	
250.732	0	
250.732	0	
250.732	0	
250.732	0	
250.732	0	
210.475	0	
138.225	0	
317.774	0	
652.791	0	
102.161	0	
160.693	0	
150.581	0	
89.5706	0	
811.427	0	
758.024	0	
794.746	0	
756.272	0	
711.23	0	
801.892	0	
129.946	0	
93.1352	0	
99.6526	0	
59.5204	0	
250.732	0	
250.732	0	
250.732	0	
230.165	0	
109.697	0	
119.133	0	
250.732	0	
250.732	0	
234.257	0	
168.696	0	
287.348	0	
325.495	0	
134.345	0	
120.098	0	
139.554	0	
111.246	0	
159.689	0	
153.078	0	
83.0728	0	
77.2445	0	
192.502	0	
241.022	0	
151.083	0	
67.4102	0	
97.1664	0	
51.2865	0	
192.099	0	
298.711	0	
189.8	0	
223.252	0	
261.273	0	
179.567	0	
115.176	0	
161.114	0	
61.3575	0	
75.2649	0	
39.3554	0	
47.7135	0	
372.107	0	
257.759	0	
52.0267	0	
24.5907	0	
35.4876	0	
28.709	0	
398.784	0	
376.384	0	
760.819	0	
687.516	0	
630.231	0	
788.597	0	
442.632	0	
323.698	0	
250.732	0	
250.732	0	
736.777	0	
678.788	0	
720.244	0	
680.429	0	
707.341	0	
727.19	0	
462.334	0	
417.25	0	
630.758	0	
654.79	0	
279.058	0	
377.744	0	
655.241	0	
644.658	0	
612.292	0	
613.326	0	
439.693	0	
636.05	0	
262.516	0	
288.037	0	
660.837	0	
408.199	0	
250.732	0	
250.732	0	
268.409	0	
274.301	0	
38.6259	0	
80.7937	0	
250.732	0	
250.732	0	
250.732	0	
250.732	0	
250.732	0	
250.732	0	
250.732	0	
52.0492	0	
250.732	0	
250.732	0	
250.732	0	
250.732	0	
250.732	0	
250.732	0	
250.732	0	
250.732	0	
250.732	0	
250.732	0	
250.732	0	
250.732	0	
250.732	0	
250.732	0	
250.732	0	
250.732	0	
250.732	0	
22.3581	0	
20.4086	0	
672.323	0	
642.918	0	
35.1932	0	
5.05895	0	
27.7002	0	
250.732	0	
84.4883	0	
37.7362	0	
250.732	0	
250.732	0	
250.732	0	
250.732	0	
250.732	0	
250.732	0	
250.732	0	
250.732	0	
250.732	0	
14.2944	0	
13.0026	0	
16.7162	0	
12.9039	0	
250.732	0	
250.732	0	
250.732	0	
250.732	0	
250.732	0	
250.732	0	
14.4872	0	
99.0575	0	
250.732	0	
250.732	0	
250.732	0	
250.732	0	
250.732	0	
250.732	0	
186.669	0	
142.02	0	
250.732	0	
250.732	0	
250.732	0	
250.732	0	
250.732	0	
250.732	0	
250.732	0	
250.732	0	
250.732	0	
250.732	0	
250.732	0	
250.732	0	
250.732	0	
250.732	0	
250.732	0	
250.732	0	
250.732	0	
250.732	0	
250.732	0	
250.732	0	
250.732	0	
219.671	0	
250.732	0	
250.732	0	
250.732	0	
250.732	0	
250.732	0	
250.732	0	
379.808	0	
561.566	0	
607.809	0	
505.593	0	
250.732	0	
250.732	0	
250.732	0	
250.732	0	
680.92	0	
631.738	0	
313.719	0	
408.199	0	
651.14	0	
502.679	0	
250.732	0	
250.732	0	
250.732	0	
250.732	0	
250.732	0	
250.732	0	
250.732	0	
250.732	0	
250.732	0	
250.732	0	
250.732	0	
250.732	0	
250.732	0	
250.732	0	
250.732	0	
250.732	0	
250.732	0	
304.398	0	
399.498	0	
654.6	0	
780.14	0	
250.732	0	
250.732	0	
250.732	0	
250.732	0	
632.468	0	
630.003	0	
614.365	0	
630.003	0	
250.732	0	
250.732	0	
250.732	0	
250.732	0	
250.732	0	
544.834	0	
718.992	0	
415.076	0	
610.923	0	
250.732	0	
250.732	0	
242.282	0	
621.237	0	
472.492	0	
334.06	0	
250.732	0	
250.732	0	
250.732	0	
250.732	0	
125.276	0	
494.599	0	
250.732	0	
250.732	0	
250.732	0	
250.732	0	
383.324	0	
335.987	0	
78.5735	0	
120.115	0	
568.046	0	
472.186	0	
329.715	0	
327.685	0	
250.732	0	
250.732	0	
396.514	0	
327.685	0	
118.724	0	
204.141	0	
313.719	0	
313.719	0	
250.732	0	
250.732	0	
250.732	0	
250.732	0	
250.732	0	
250.732	0	
250.732	0	
211.906	0	
250.732	0	
250.732	0	
250.732	0	
250.732	0	
250.732	0	
250.732	0	
250.732	0	
250.732	0	
250.732	0	
250.732	0	
250.732	0	
250.732	0	
250.732	0	
250.732	0	
250.732	0	
127.993	0	
200.021	0	
224.545	0	
241.434	0	
353.336	0	
396.514	0	
250.732	0	
238.054	0	
250.732	0	
127.993	0	
302.034	0	
353.336	0	
350.56	0	
313.719	0	
250.732	0	
250.732	0	
118.724	0	
173.08	0	
250.732	0	
250.732	0	
250.732	0	
250.732	0	
250.732	0	
250.732	0	
250.732	0	
250.732	0	
250.732	0	
250.732	0	
250.732	0	
328.554	0	
171.42	0	
346.834	0	
222.887	0	
274.352	0	
250.732	0	
250.732	0	
250.732	0	
250.732	0	
250.732	0	
250.732	0	
250.732	0	
250.732	0	
250.732	0	
172.745	0	
1.16794	0	
173.08	0	
188.611	0	
208.024	0	
173.08	0	
250.732	0	
250.732	0	
250.732	0	
250.732	0	
250.732	0	
250.732	0	
250.732	0	
250.732	0	
250.732	0	
250.732	0	
250.732	0	
250.732	0	
250.732	0	
200.021	0	
383.324	0	
250.732	0	
250.732	0	
250.732	0	
250.732	0	
250.732	0	
250.732	0	
250.732	0	
250.732	0	
250.732	0	
250.732	0	
250.732	0	
250.732	0	
238.054	0	
291.672	0	
291.672	0	
370.626	0	
250.732	0	
250.732	0	
250.732	0	
250.732	0	
304.33	0	
350.56	0	
250.732	0	
250.732	0	
250.732	0	
250.732	0	
288.13	0	
266.479	0	
250.732	0	
250.732	0	
274.352	0	
250.732	0	
250.732	0	
250.732	0	
250.732	0	
250.732	0	
250.732	0	
250.732	0	
250.732	0	
250.732	0	
250.732	0	
250.732	0	
250.732	0	
250.732	0	
250.732	0	
250.732	0	
241.224	0	
293.36	0	
340.845	0	
350.56	0	
250.732	0	
250.732	0	
250.732	0	
250.732	0	
288.13	0	
262.542	0	
250.732	0	
250.732	0	
250.732	0	
250.732	0	
250.732	0	
250.732	0	
250.732	0	
250.732	0	
250.732	0	
250.732	0	
250.732	0	
250.732	0	
250.732	0	
250.732	0	
250.732	0	
250.732	0	
250.732	0	
250.732	0	
252.762	0	
253.5	0	
250.732	0	
250.732	0	
250.732	0	
250.732	0	
250.732	0	
250.732	0	
250.732	0	
250.732	0	
250.732	0	
250.732	0	
250.732	0	
250.732	0	
250.732	0	
250.732	0	
250.732	0	
238.054	0	
241.224	0	
250.732	0	
253.192	0	
250.732	0	
250.732	0	
250.732	0	
250.732	0	
250.732	0	
335.987	0	
293.36	0	
250.732	0	
252.085	0	
253.684	0	
255.899	0	
253.561	0	
253.192	0	
250.732	0	
250.732	0	
250.732	0	
250.732	0	
250.732	0	
250.732	0	
250.732	0	
250.732	0	
250.732	0	
250.732	0	
250.732	0	
250.732	0	
250.732	0	
250.732	0	
250.732	0	
250.732	0	
250.732	0	
250.732	0	
250.732	0	
250.732	0	
250.732	0	
250.732	0	
250.732	0	
250.732	0	
250.732	0	
250.732	0	
250.732	0	
250.732	0	
250.732	0	
250.732	0	
252.208	0	
253.5	0	
250.732	0	
250.732	0	
250.732	0	
251.009	0	
250.732	0	
250.732	0	
250.732	0	
250.732	0	
250.732	0	
250.732	0	
250.732	0	
250.732	0	
251.101	0	
250.732	0	
250.732	0	
250.732	0	
250.732	0	
250.732	0	
250.732	0	
250.732	0	
250.732	0	
250.732	0	
250.732	0	
250.732	0	
250.732	0	
250.732	0	
250.732	0	
250.732	0	
250.732	0	
250.732	0	
250.732	0	
250.732	0	
250.732	0	
250.732	0	
250.732	0	
250.732	0	
250.732	0	
251.009	0	
251.285	0	
250.732	0	
251.147	0	
250.732	0	
250.732	0	
251.47	0	
251.285	0	
250.732	0	
250.732	0	
250.732	0	
250.732	0	
250.732	0	
250.732	0	
250.732	0	
250.732	0	
250.732	0	
250.732	0	
250.732	0	
250.732	0	
250.732	0	
250.732	0	
250.732	0	
250.732	0	
250.732	0	
250.732	0	
250.732	0	
250.732	0	
250.732	0	
250.732	0	
250.732	0	
250.732	0	
250.732	0	
250.732	0	
250.732	0	
250.732	0	
250.732	0	
250.732	0	
250.732	0	
250.732	0	
250.732	0	
250.732	0	
250.732	0	
250.732	0	
250.732	0	
250.771	0	
250.732	0	
250.732	0	
250.732	0	
250.732	0	
250.732	0	
250.732	0	
251.147	0	
251.009	0	
250.732	0	
250.732	0	
250.732	0	
250.732	0	
250.836	0	
250.732	0	
250.732	0	
250.732	0	
250.732	0	
250.732	0	
250.732	0	
250.732	0	
250.732	0	
250.732	0	
250.732	0	
250.732	0	
250.732	0	
250.732	0	
250.732	0	
250.732	0	
250.875	0	
251.124	0	
250.939	0	
250.939	0	
250.784	0	
250.732	0	
250.732	0	
250.732	0	
250.732	0	
250.732	0	
250.732	0	
250.732	0	
250.888	0	
250.939	0	
250.732	0	
250.732	0	
250.732	0	
250.732	0	
250.732	0	
250.732	0	
250.732	0	
250.732	0	
250.732	0	
250.732	0	
250.732	0	
250.732	0	
250.732	0	
250.771	0	
250.862	0	
250.732	0	
250.732	0	
250.732	0	
250.732	0	
250.732	0	
250.732	0	
250.732	0	
250.732	0	
250.732	0	
250.732	0	
250.862	0	
250.862	0	
250.732	0	
250.732	0	
250.732	0	
250.732	0	
250.732	0	
250.751	0	
250.751	0	
250.761	0	
250.732	0	
250.732	0	
250.732	0	
250.732	0	
250.732	0	
250.732	0	
250.732	0	
250.732	0	
250.732	0	
250.732	0	
250.732	0	
250.732	0	
250.732	0	
250.732	0	
250.732	0	
250.732	0	
250.732	0	
250.732	0	
250.732	0	
250.732	0	
250.732	0	
250.732	0	
250.732	0	
250.732	0	
250.732	0	
250.732	0	
250.732	0	
250.732	0	
250.732	0	
250.732	0	
250.732	0	
250.732	0	
250.732	0	
250.732	0	
250.732	0	
250.732	0	
250.732	0	
250.732	0	
250.732	0	
250.732	0	
250.732	0	
250.732	0	
250.732	0	
250.732	0	
250.732	0	
250.732	0	
250.732	0	
250.732	0	
250.732	0	
250.732	0	
250.732	0	
250.732	0	
250.732	0	
250.732	0	
250.732	0	
250.732	0	
250.732	0	
250.732	0	
250.732	0	
250.732	0	
250.732	0	
250.732	0	
250.732	0	
250.732	0	
250.732	0	
250.732	0	
250.732	0	
250.732	0	
250.732	0	
250.732	0	
250.732	0	
250.732	0	
250.732	0	
250.732	0	
250.732	0	
250.732	0	
250.732	0	
250.732	0	
250.732	0	
250.732	0	
250.732	0	
250.732	0	
250.732	0	
250.732	0	
250.732	0	
250.732	0	
250.732	0	
250.732	0	
250.732	0	
250.732	0	
250.732	0	
250.732	0	
250.732	0	
250.732	0	
250.732	0	
250.732	0	
250.732	0	
250.732	0	
250.732	0	
250.732	0	
250.732	0	
250.732	0	
250.732	0	
250.732	0	
250.732	0	
250.732	0	
250.732	0	
250.732	0	
250.732	0	
250.732	0	
250.732	0	
250.732	0	
250.732	0	
250.732	0	
250.732	0	
250.732	0	
250.732	0	
250.732	0	
250.732	0	
250.732	0	
250.732	0	
250.732	0	
250.732	0	
250.732	0	
250.732	0	
250.732	0	
250.732	0	
250.732	0	
250.732	0	
250.732	0	
250.732	0	
250.732	0	
250.732	0	
250.732	0	
250.732	0	
250.732	0	
250.732	0	
250.732	0	
250.732	0	
250.732	0	
250.732	0	
250.732	0	
250.732	0	
250.732	0	
250.732	0	
250.732	0	
250.732	0	
250.732	0	
250.732	0	
250.732	0	
250.732	0	
250.732	0	
250.732	0	
250.732	0	
250.732	0	
250.732	0	
250.732	0	
250.732	0	
250.732	0	
250.732	0	
250.732	0	
250.732	0	
250.732	0	
250.732	0	
250.732	0	
250.732	0	
250.732	0	
250.732	0	
250.732	0	
250.732	0	
250.732	0	
250.732	0	
250.732	0	
250.732	0	
250.732	0	
250.732	0	
250.732	0	
250.732	0	
250.732	0	
250.732	0	
250.732	0	
250.732	0	
250.732	0	
250.732	0	
250.732	0	
250.732	0	
250.732	0	
250.732	0	
250.732	0	
250.732	0	
250.732	0	
250.732	0	
250.732	0	
250.732	0	
250.732	0	
250.732	0	
250.732	0	
250.732	0	
250.732	0	
250.732	0	
250.732	0	
250.732	0	
250.732	0	
250.732	0	
250.732	0	
250.732	0	
250.732	0	
250.732	0	
250.732	0	
250.732	0	
250.732	0	
250.732	0	
250.732	0	
250.732	0	
250.732	0	
250.732	0	
250.732	0	
250.732	0	
250.732	0	
250.732	0	
250.732	0	
250.732	0	
250.732	0	
250.732	0	
250.732	0	
250.732	0	
250.732	0	
250.732	0	
250.732	0	
250.732	0	
250.732	0	
