# File: UnstructuredGrid_Model.vtk
# (No specific header documentation)

# vtk DataFile Version 2.0
Finite element discrete.
ASCII
DATASET UNSTRUCTURED_GRID
POINTS 1897 double
-3112.2	0	0
-2617.67	0	0
-2205.56	0	0
-1862.13	0	0
-1575.94	0	0
-1337.45	0	0
-1138.71	0	0
-973.092	0	0
-835.077	0	0
-720.064	0	0
-624.22	0	0
-544.35	0	0
-477.792	0	0
-422.326	0	0
-376.105	0	0
-337.588	0	0
-305.49	0	0
-278.742	0	0
-256.451	0	0
-237.876	0	0
-222.397	0	0
-209.497	0	0
-198.748	0	0
-189.79	0	0
-182.325	0	0
-176.104	0	0
-170.92	0	0
-166.6	0	0
-163	0	0
-160	0	0
-157.5	0	0
-156.25	0	0
-155	0	0
-153.75	0	0
-152.5	0	0
-151.25	0	0
-150	0	0
-148.75	0	0
-147.5	0	0
-146.25	0	0
-145	0	0
-143.75	0	0
-142.5	0	0
-141.25	0	0
-140	0	0
-138.75	0	0
-137.5	0	0
-136.25	0	0
-135	0	0
-133.75	0	0
-132.5	0	0
-131.25	0	0
-130	0	0
-128.75	0	0
-127.5	0	0
-126.25	0	0
-125	0	0
-123.75	0	0
-122.5	0	0
-121.25	0	0
-120	0	0
-118.75	0	0
-117.5	0	0
-116.25	0	0
-115	0	0
-113.75	0	0
-112.5	0	0
-111.25	0	0
-110	0	0
-108.75	0	0
-107.5	0	0
-106.25	0	0
-105	0	0
-103.75	0	0
-102.5	0	0
-101.25	0	0
-100	0	0
-98.75	0	0
-97.5	0	0
-96.25	0	0
-95	0	0
-93.75	0	0
-92.5	0	0
-91.25	0	0
-90	0	0
-88.75	0	0
-87.5	0	0
-86.25	0	0
-85	0	0
-83.75	0	0
-82.5	0	0
-81.25	0	0
-80	0	0
-78.75	0	0
-77.5	0	0
-76.25	0	0
-75	0	0
-73.75	0	0
-72.5	0	0
-71.25	0	0
-70	0	0
-68.75	0	0
-67.5	0	0
-66.25	0	0
-65	0	0
-63.75	0	0
-62.5	0	0
-61.25	0	0
-60	0	0
-58.75	0	0
-57.5	0	0
-56.25	0	0
-55	0	0
-53.75	0	0
-52.5	0	0
-51.25	0	0
-50	0	0
-48.75	0	0
-47.5	0	0
-46.25	0	0
-45	0	0
-43.75	0	0
-42.5	0	0
-41.25	0	0
-40	0	0
-38.75	0	0
-37.5	0	0
-36.25	0	0
-35	0	0
-33.75	0	0
-32.5	0	0
-31.25	0	0
-30	0	0
-28.75	0	0
-27.5	0	0
-26.25	0	0
-25	0	0
-23.75	0	0
-22.5	0	0
-21.25	0	0
-20	0	0
-18.75	0	0
-17.5	0	0
-16.25	0	0
-15	0	0
-13.75	0	0
-12.5	0	0
-11.25	0	0
-10	0	0
-8.75	0	0
-7.5	0	0
-6.25	0	0
-5	0	0
-3.75	0	0
-2.5	0	0
-1.25	0	0
0	0	0
1.25	0	0
2.5	0	0
3.75	0	0
5	0	0
6.25	0	0
7.5	0	0
8.75	0	0
10	0	0
11.25	0	0
12.5	0	0
13.75	0	0
15	0	0
16.25	0	0
17.5	0	0
18.75	0	0
20	0	0
21.25	0	0
22.5	0	0
23.75	0	0
25	0	0
26.25	0	0
27.5	0	0
28.75	0	0
30	0	0
31.25	0	0
32.5	0	0
33.75	0	0
35	0	0
36.25	0	0
37.5	0	0
38.75	0	0
40	0	0
41.25	0	0
42.5	0	0
43.75	0	0
45	0	0
46.25	0	0
47.5	0	0
48.75	0	0
50	0	0
51.25	0	0
52.5	0	0
53.75	0	0
55	0	0
56.25	0	0
57.5	0	0
58.75	0	0
60	0	0
61.25	0	0
62.5	0	0
63.75	0	0
65	0	0
66.25	0	0
67.5	0	0
68.75	0	0
70	0	0
71.25	0	0
72.5	0	0
73.75	0	0
75	0	0
76.25	0	0
77.5	0	0
78.75	0	0
80	0	0
81.25	0	0
82.5	0	0
83.75	0	0
85	0	0
86.25	0	0
87.5	0	0
88.75	0	0
90	0	0
91.25	0	0
92.5	0	0
93.75	0	0
95	0	0
96.25	0	0
97.5	0	0
98.75	0	0
100	0	0
101.25	0	0
102.5	0	0
103.75	0	0
105	0	0
106.25	0	0
107.5	0	0
108.75	0	0
110	0	0
111.25	0	0
112.5	0	0
113.75	0	0
115	0	0
116.25	0	0
117.5	0	0
118.75	0	0
120	0	0
121.25	0	0
122.5	0	0
123.75	0	0
125	0	0
126.25	0	0
127.5	0	0
128.75	0	0
130	0	0
131.25	0	0
132.5	0	0
133.75	0	0
135	0	0
136.25	0	0
137.5	0	0
138.75	0	0
140	0	0
141.25	0	0
142.5	0	0
143.75	0	0
145	0	0
146.25	0	0
147.5	0	0
148.75	0	0
150	0	0
151.25	0	0
152.5	0	0
153.75	0	0
155	0	0
156.25	0	0
158.75	0	0
161.75	0	0
165.35	0	0
169.67	0	0
174.854	0	0
181.075	0	0
188.54	0	0
197.498	0	0
208.247	0	0
221.147	0	0
236.626	0	0
255.201	0	0
277.492	0	0
304.24	0	0
336.338	0	0
374.855	0	0
421.076	0	0
476.542	0	0
543.1	0	0
622.97	0	0
718.814	0	0
833.827	0	0
971.842	0	0
1137.46	0	0
1336.2	0	0
1574.69	0	0
1860.88	0	0
2204.31	0	0
2616.42	0	0
3110.95	0	0
-3112.2	-6845.47	0
3110.95	-6845.47	0
-200	-10	0
-20	-10	0
60	-160	0
-200	-160	0
-35	-20	0
-70	-20	0
-70	-40	0
-35	-40	0
40	-15	0
70	-15	0
70	-45	0
40	-45	0
-0.625	-6223.16	0
-0.625	-6845.47	0
-110	-10	0
20	-85	0
-68	-160	0
-168	-10	0
0	-47.5	0
-65	-10	0
-184	-10	0
-139	-10	0
-87.5	-10	0
-51	-20	0
-42.5	-10	0
-98.75	-10	0
-153.5	-10	0
-124.5	-10	0
-76.25	-10	0
-53.75	-10	0
-31.25	-10	0
-110.625	-2.00447	0
-156.875	-2.00447	0
-31.875	-2.00447	0
-139.375	-2.00447	0
-88.125	-2.00447	0
-99.375	-2.00447	0
-43.125	-2.00447	0
-125.625	-2.00447	0
-76.875	-2.00447	0
-151.875	-2.00447	0
-144.375	-2.00447	0
-131.875	-2.00447	0
-1.875	-2.00447	0
-105.625	-2.00447	0
-120.625	-2.00447	0
-115.625	-2.00447	0
-65.625	-2.00447	0
-93.125	-2.00447	0
-83.125	-2.00447	0
-71.875	-2.00447	0
-60.625	-2.00447	0
-54.375	-2.00447	0
-48.125	-2.00447	0
-38.125	-2.00447	0
-26.875	-2.00447	0
-20.625	-2.00447	0
-14.375	-2.00447	0
8.125	-2.00447	0
45.625	-2.00447	0
18.125	-2.00447	0
26.875	-2.00447	0
33.125	-2.00447	0
39.375	-2.00447	0
54	-15	0
91.875	-2.00447	0
65.625	-2.00447	0
73.125	-2.00447	0
79.375	-2.00447	0
105.625	-2.00447	0
120.625	-2.00447	0
138.125	-2.00447	0
-111.875	-1.29455	0
-108.125	-2.00447	0
-109.375	-1.29455	0
-154.375	-2.00447	0
-155.625	-1.29455	0
-29.375	-2.00447	0
-30.625	-1.29455	0
-33.125	-1.29455	0
-140.625	-1.29455	0
-135.625	-2.00447	0
-138.125	-1.29455	0
-89.375	-1.29455	0
-85.625	-2.00447	0
-86.875	-1.29455	0
-100.625	-1.29455	0
-96.875	-2.00447	0
-98.125	-1.29455	0
-44.375	-1.29455	0
-40.625	-2.00447	0
-41.875	-1.29455	0
-126.875	-1.29455	0
-123.125	-2.00447	0
-124.375	-1.29455	0
-78.125	-1.29455	0
-74.375	-2.00447	0
-75.625	-1.29455	0
-153.125	-1.29455	0
-148.125	-2.00447	0
-150.625	-1.29455	0
-143.125	-1.29455	0
-145.625	-1.29455	0
-133.125	-1.29455	0
-129.375	-2.00447	0
-130.625	-1.29455	0
-0.625	-1.29455	0
-3.125	-1.29455	0
-106.875	-1.29455	0
-103.125	-2.00447	0
-104.375	-1.29455	0
-121.875	-1.29455	0
-118.125	-2.00447	0
-119.375	-1.29455	0
-114.375	-1.29455	0
-116.875	-1.29455	0
-63.125	-2.00447	0
-64.375	-1.29455	0
-66.875	-1.29455	0
-91.875	-1.29455	0
-94.375	-1.29455	0
-84.375	-1.29455	0
-80.625	-2.00447	0
-81.875	-1.29455	0
-73.125	-1.29455	0
-69.375	-2.00447	0
-70.625	-1.29455	0
-61.875	-1.29455	0
-58.125	-2.00447	0
-59.375	-1.29455	0
-55.625	-1.29455	0
-51.875	-2.00447	0
-53.125	-1.29455	0
-46.875	-1.29455	0
-49.375	-1.29455	0
-39.375	-1.29455	0
-35.625	-2.00447	0
-36.875	-1.29455	0
-28.125	-1.29455	0
-24.375	-2.00447	0
-25.625	-1.29455	0
-18.125	-2.00447	0
-19.375	-1.29455	0
-21.875	-1.29455	0
-15.625	-1.29455	0
-9.375	-2.00447	0
-11.875	-2.00447	0
-13.125	-1.29455	0
11.875	-2.00447	0
9.375	-1.29455	0
6.875	-1.29455	0
44.375	-1.29455	0
50.625	-2.00447	0
48.125	-2.00447	0
46.875	-1.29455	0
21.875	-2.00447	0
19.375	-1.29455	0
16.875	-1.29455	0
29.375	-2.00447	0
28.125	-1.29455	0
25.625	-1.29455	0
35.625	-2.00447	0
34.375	-1.29455	0
31.875	-1.29455	0
41.875	-2.00447	0
40.625	-1.29455	0
38.125	-1.29455	0
59.375	-2.00447	0
94.375	-2.00447	0
93.125	-1.29455	0
90.625	-1.29455	0
69.375	-2.00447	0
66.875	-1.29455	0
64.375	-1.29455	0
71.875	-1.29455	0
75.625	-2.00447	0
74.375	-1.29455	0
78.125	-1.29455	0
84.375	-2.00447	0
81.875	-2.00447	0
80.625	-1.29455	0
104.375	-1.29455	0
111.875	-2.00447	0
108.125	-2.00447	0
106.875	-1.29455	0
121.875	-1.29455	0
119.375	-1.29455	0
129.375	-2.00447	0
140.625	-2.00447	0
139.375	-1.29455	0
136.875	-1.29455	0
-113.125	-1.09989	0
-34.375	-1.09989	0
-141.875	-1.09989	0
-136.875	-1.09989	0
-90.625	-1.09989	0
-101.875	-1.09989	0
-45.625	-1.09989	0
-128.125	-1.09989	0
-79.375	-1.09989	0
-149.375	-1.09989	0
-146.875	-1.09989	0
-134.375	-1.09989	0
0.625	-1.09989	0
-4.375	-1.09989	0
-68.125	-1.09989	0
-95.625	-1.09989	0
-56.875	-1.09989	0
-50.625	-1.09989	0
-23.125	-1.09989	0
-16.875	-1.09989	0
-6.875	-2.00447	0
-8.125	-1.29455	0
-10.625	-1.29455	0
14.375	-2.00447	0
13.125	-1.29455	0
10.625	-1.09989	0
5.625	-1.09989	0
43.125	-1.09989	0
49.375	-1.29455	0
54.375	-2.00447	0
51.875	-1.29455	0
23.125	-1.29455	0
20.625	-1.09989	0
15.625	-1.09989	0
24.375	-1.09989	0
30.625	-1.09989	0
36.875	-1.09989	0
58.125	-1.29455	0
61.875	-2.00447	0
60.625	-1.29455	0
99.375	-2.00447	0
96.875	-2.00447	0
95.625	-1.29455	0
89.375	-1.09989	0
68.125	-1.09989	0
63.125	-1.09989	0
70.625	-1.09989	0
76.875	-1.09989	0
86.875	-2.00447	0
85.625	-1.29455	0
83.125	-1.29455	0
103.125	-1.09989	0
115.625	-2.00447	0
113.125	-1.29455	0
110.625	-1.29455	0
123.125	-1.09989	0
118.125	-1.09989	0
133.125	-2.00447	0
130.625	-1.29455	0
128.125	-1.29455	0
155.625	-2.00447	0
146.875	-2.00447	0
143.125	-2.00447	0
141.875	-1.29455	0
135.625	-1.09989	0
-113.438	-3.20169	0
-34.0168	-2.91077	0
-142.188	-3.20169	0
-137.233	-2.91077	0
-90.9379	-3.20169	0
-101.517	-2.91077	0
-45.9379	-3.20169	0
-127.767	-2.91077	0
-79.0168	-2.91077	0
-149.733	-2.91077	0
-146.25	-10	0
-134.017	-2.91077	0
1.875	-1.08267	0
0.312145	-3.20169	0
-5.625	-1.08267	0
-4.06214	-3.20169	0
-67.7668	-2.91077	0
-95.2668	-2.91077	0
-56.5168	-2.91077	0
-50.2668	-2.91077	0
-22.7668	-2.91077	0
-16.5168	-2.91077	0
10.2668	-2.91077	0
4.375	-1.08267	0
5.93786	-3.20169	0
43.4832	-2.91077	0
55.625	-1.29455	0
53.125	-1.09989	0
20.2668	-2.91077	0
15.9832	-2.91077	0
24.0621	-3.20169	0
30.9832	-2.91077	0
37.2332	-2.91077	0
56.875	-1.09989	0
100.625	-1.29455	0
98.125	-1.29455	0
88.125	-1.08267	0
89.6879	-3.20169	0
67.7668	-2.91077	0
63.4832	-2.91077	0
70.9832	-2.91077	0
77.2332	-2.91077	0
101.875	-1.08267	0
103.438	-3.20169	0
114.375	-1.09989	0
109.375	-1.09989	0
124.375	-1.08267	0
122.812	-3.20169	0
116.875	-1.08267	0
118.438	-3.20169	0
131.875	-1.09989	0
126.875	-1.09989	0
154.375	-1.29455	0
150.625	-2.00447	0
148.125	-1.29455	0
145.625	-1.29455	0
134.375	-1.08267	0
135.938	-3.20169	0
-112.663	-2.24287	0
-141.413	-2.24287	0
-90.1628	-2.24287	0
-45.1628	-2.24287	0
-146.517	-2.91077	0
3.125	-1.08253	0
1.26624	-2.26952	0
-5.01624	-2.26952	0
4.98376	-2.26952	0
52.7668	-2.91077	0
24.8372	-2.24287	0
56.5621	-3.20169	0
88.7338	-2.26952	0
102.484	-2.26952	0
114.017	-2.91077	0
109.733	-2.91077	0
125.625	-1.08253	0
123.766	-2.26952	0
117.484	-2.26952	0
131.517	-2.91077	0
127.188	-3.20169	0
153.125	-1.09989	0
149.375	-1.09989	0
144.375	-1.09989	0
134.984	-2.26952	0
-111.513	-3.96508	0
-140.263	-3.96508	0
-89.0128	-3.96508	0
-44.0128	-3.96508	0
2.50012	-2.15286	0
-6.03398	-4.26556	0
3.74988	-2.15286	0
25.9872	-3.96508	0
57.3372	-2.24287	0
87.716	-4.26556	0
101.466	-4.26556	0
125	-2.15286	0
116.466	-4.26556	0
151.875	-1.08267	0
153.438	-3.20169	0
149.017	-2.91077	0
144.733	-2.91077	0
133.966	-4.26556	0
2.05529	-4.03149	0
4.19471	-4.03149	0
58.4872	-3.96508	0
124.555	-4.03149	0
126.235	-2.15636	0
152.484	-2.26952	0
3.125	-3.2928	0
125.614	-3.2903	0
151.466	-4.26556	0
126.273	-5.35932	0
-109.375	-2.74999	0
-155.625	-2.74999	0
-30.625	-2.74999	0
-86.875	-2.74999	0
-98.125	-2.74999	0
-41.875	-2.74999	0
-124.375	-2.74999	0
-75.625	-2.74999	0
-153.125	-2.74999	0
-130.625	-2.74999	0
-106.875	-2.74999	0
-104.375	-2.74999	0
-121.875	-2.74999	0
-119.375	-2.74999	0
-116.875	-2.74999	0
-64.375	-2.74999	0
-84.375	-2.74999	0
-81.875	-2.74999	0
-73.125	-2.74999	0
-70.625	-2.74999	0
-61.875	-2.74999	0
-59.375	-2.74999	0
-53.125	-2.74999	0
-39.375	-2.74999	0
-36.875	-2.74999	0
-28.125	-2.74999	0
-25.625	-2.74999	0
-19.375	-2.74999	0
-13.125	-2.74999	0
46.875	-2.74999	0
28.125	-2.74999	0
34.375	-2.74999	0
40.625	-2.74999	0
93.125	-2.74999	0
74.375	-2.74999	0
80.625	-2.74999	0
106.875	-2.74999	0
139.375	-2.74999	0
-8.125	-2.74999	0
-10.625	-2.74999	0
13.125	-2.74999	0
49.375	-2.74999	0
60.625	-2.74999	0
95.625	-2.74999	0
85.625	-2.74999	0
83.125	-2.74999	0
141.875	-2.74999	0
98.125	-2.74999	0
100.698	-2.87844	0
-160.75	-10	0
-32.262	-4.07398	0
-99.762	-4.07398	0
-96.7419	-3.64826	0
-126.012	-4.07398	0
-77.262	-4.07398	0
-154.375	-3.42515	0
-151.488	-4.07398	0
-131.75	-10	0
-132.262	-4.07398	0
-108.125	-3.42515	0
-105.625	-3.42515	0
-102.992	-3.64826	0
-123.125	-3.42515	0
-120.625	-3.42515	0
-117.25	-10	0
-115.289	-3.98781	0
-66.012	-4.07398	0
-85.625	-3.42515	0
-83.125	-3.42515	0
-80.4919	-3.64826	0
-74.375	-3.42515	0
-71.875	-3.42515	0
-69.2419	-3.64826	0
-63.125	-3.42515	0
-60.625	-3.42515	0
-57.9919	-3.64826	0
-54.762	-4.07398	0
-51.7419	-3.64826	0
-40.625	-3.42515	0
-38.125	-3.42515	0
-35.4919	-3.64826	0
-29.375	-3.42515	0
-26.875	-3.42515	0
-24.2419	-3.64826	0
-21.012	-4.07398	0
-17.9919	-3.64826	0
-14.762	-4.07398	0
45.238	-4.07398	0
29.5081	-3.64826	0
35.7581	-3.64826	0
32.738	-4.07398	0
42.0081	-3.64826	0
38.988	-4.07398	0
91.5394	-3.98781	0
75.7581	-3.64826	0
72.738	-4.07398	0
78.988	-4.07398	0
108.258	-3.64826	0
105.289	-3.98781	0
137.789	-3.98781	0
-11.875	-3.42515	0
-9.375	-3.42515	0
11.7419	-3.64826	0
14.5081	-3.64826	0
48.125	-3.42515	0
51.012	-4.07398	0
62.0081	-3.64826	0
94.375	-3.42515	0
81.875	-3.42515	0
84.375	-3.42515	0
140.625	-3.42515	0
143.258	-3.64826	0
96.875	-3.42515	0
99.3805	-3.4344	0
-157.445	-4.38169	0
-98.1827	-4.35266	0
-93.125	-10	0
-153.067	-4.35218	0
-129.242	-3.64826	0
-109.65	-4.75408	0
-106.875	-4.2447	0
-104.369	-4.25517	0
-101.499	-4.78972	0
-124.433	-4.35218	0
-121.875	-4.2447	0
-118.917	-5.09204	0
-118.125	-3.42515	0
-87.1501	-4.75408	0
-84.375	-4.2447	0
-81.8693	-4.25517	0
-78.9993	-4.78972	0
-75.6831	-4.35218	0
-73.125	-4.2447	0
-70.6193	-4.25517	0
-67.7493	-4.78972	0
-64.4331	-4.35218	0
-61.875	-4.2447	0
-59.3693	-4.25517	0
-56.4993	-4.78972	0
-53.1827	-4.35266	0
-48.125	-10	0
-42.1501	-4.75408	0
-39.375	-4.2447	0
-36.8693	-4.25517	0
-33.9993	-4.78972	0
-30.6831	-4.35218	0
-28.125	-4.2447	0
-25.6193	-4.25517	0
-22.7493	-4.78972	0
-19.4327	-4.35266	0
-16.4993	-4.78972	0
27.8297	-4.71857	0
34.3173	-4.35266	0
31.0007	-4.78972	0
43.5007	-4.78972	0
40.5673	-4.35266	0
37.2507	-4.78972	0
74.3173	-4.35266	0
77.2507	-4.78972	0
110.178	-5.64493	0
106.832	-4.32968	0
-13.1831	-4.35218	0
-10.625	-4.2447	0
-7.90664	-4.64898	0
9.82177	-5.64493	0
16.4282	-5.64493	0
46.8169	-4.35218	0
49.4331	-4.35218	0
60.3297	-4.71857	0
63.9282	-5.64493	0
93.0804	-4.32728	0
80.5669	-4.35218	0
83.125	-4.2447	0
85.8434	-4.64898	0
139.33	-4.32728	0
145.178	-5.64493	0
141.881	-4.25517	0
95.625	-4.2447	0
98.1248	-4.24424	0
-155.738	-4.4548	0
-99.4192	-6.74585	0
-94.8218	-5.64493	0
-151.831	-6.74499	0
-130.683	-4.35266	0
-127.749	-4.78972	0
-108.191	-4.88895	0
-104.375	-10	0
-125.669	-6.74499	0
-123.133	-4.80031	0
-124.259	-5.95743	0
-120.875	-10	0
-121.613	-6.5397	0
-120.49	-4.99465	0
-116.83	-4.32728	0
-85.6911	-4.88895	0
-81.875	-10	0
-76.9186	-6.74499	0
-74.3829	-4.80031	0
-75.5091	-5.95743	0
-70.625	-10	0
-72.863	-6.5397	0
-69.3314	-5.31181	0
-65.6686	-6.74499	0
-63.1329	-4.80031	0
-64.2591	-5.95743	0
-59.375	-10	0
-61.613	-6.5397	0
-58.0814	-5.31181	0
-54.4192	-6.74585	0
-49.8218	-5.64493	0
-40.6911	-4.88895	0
-36.875	-10	0
-31.9186	-6.74499	0
-29.3829	-4.80031	0
-30.5091	-5.95743	0
-25.625	-10	0
-27.863	-6.5397	0
-24.3314	-5.31181	0
-20.6692	-6.74585	0
-18.0751	-5.30367	0
33.0808	-6.74585	0
41.9249	-5.30367	0
35.6749	-5.30367	0
39.3308	-6.74585	0
73.0808	-6.74585	0
75.6749	-5.30367	0
105.513	-6.63281	0
108.287	-5.5418	0
-14.4186	-6.74499	0
-11.8829	-4.80031	0
-13.0091	-5.95743	0
-10.363	-6.5397	0
-9.32739	-4.86082	0
45.5814	-6.74499	0
50.6686	-6.74499	0
91.7655	-6.62861	0
79.3314	-6.74499	0
81.8671	-4.80031	0
80.7409	-5.95743	0
83.387	-6.5397	0
84.4226	-4.86082	0
138.016	-6.62861	0
143.275	-5.55349	0
99.7878	-5.44446	0
-96.71	-5.53918	0
-131.919	-6.74585	0
-129.325	-5.30367	0
-109.137	-7.16124	0
-101.562	-10	0
-103.081	-5.31181	0
-124.043	-7.99875	0
-119.804	-6.67374	0
-115.516	-6.62861	0
-86.6369	-7.16124	0
-80.5814	-5.31181	0
-73.4375	-10	0
-71.0422	-6.08391	0
-67.8893	-7.02345	0
-62.1875	-10	0
-59.7922	-6.08391	0
-56.6395	-7.02287	0
-51.71	-5.53918	0
-41.6369	-7.16124	0
-35.5814	-5.31181	0
-28.4375	-10	0
-26.0422	-6.08391	0
-22.8895	-7.02287	0
37.1081	-7.02538	0
-16.6417	-7.02596	0
-10	-28.75	0
-8.33737	-6.63037	0
43.3583	-7.02596	0
77.1083	-7.02596	0
81.2991	-8.61153	0
85.4126	-6.63037	0
-128.125	-10	0
-106.5	-6.67723	0
-101.64	-7.02287	0
-83.9999	-6.67723	0
-79.1393	-7.02345	0
-75.2389	-8.09613	0
-63.9889	-8.09613	0
-38.9999	-6.67723	0
-34.1393	-7.02345	0
-30.2389	-8.09613	0
-12.4509	-8.61153	0
-127.892	-7.02596	0
-104.767	-6.05336	0
-82.2671	-6.05336	0
-37.2671	-6.05336	0
-135.625	-3.88438	0
22.074	-4.23741	0
69.375	-3.88438	0
-148.125	-3.88438	0
54.574	-4.23741	0
-0.146932	-6.41185	0
122.353	-6.41185	0
6.39693	-6.41185	0
58.2002	-7.2964	0
62.0359	-5.54309	0
-157.125	-10	0
109.067	-8.62564	0
140.794	-6.81996	0
-95.9375	-10	0
-120.825	-8.18057	0
-117.658	-6.83798	0
-71.5017	-8.11313	0
-60.2517	-8.11313	0
-50.9375	-10	0
-26.5017	-8.11313	0
-6.66329	-5.95678	0
87.0867	-5.95678	0
-105.019	-8.07122	0
-103.346	-6.99763	0
-82.5193	-8.07122	0
-80.8457	-6.99778	0
-37.5193	-8.07122	0
-35.8457	-6.99778	0
-137.91	-5.84451	0
-133.988	-4.77297	0
25.7002	-7.2964	0
67.0316	-5.94018	0
71.0118	-4.77297	0
-149.762	-4.77297	0
-145.76	-5.97638	0
60.3329	-6.8897	0
-156.709	-7.15557	0
144.08	-8.65099	0
-95.8836	-7.69336	0
-122.688	-10	0
-119.062	-10	0
-50.8836	-7.69336	0
-6.42018	-8.97808	0
-3.79144	-6.06272	0
87.3298	-8.97808	0
89.4845	-5.88631	0
-102.515	-8.53509	0
-79.0625	-10	0
-34.0625	-10	0
-135.745	-6.05704	0
69.2369	-6.0905	0
-147.98	-6.10347	0
62	-15	0
-123.594	-12.9065	0
-118.156	-8.50961	0
-100.846	-8.4919	0
-80.0155	-8.53533	0
-35.0155	-8.53533	0
62.8362	-8.3054	0
-118.156	-12.9065	0
-121.781	-11.8771	0
-113.625	-10	0
-116.453	-8.10733	0
-78.3472	-8.49227	0
-33.3472	-8.49227	0
-119.969	-11.5948	0
-114.528	-8.29059	0
-120.488	-14.2206	0
-115.438	-10	0
-111.812	-7.94937	0
-116.344	-11.8771	0
-113.376	-6.48173	0
-114.531	-11.5948	0
-111.812	-12.0848	0
-114.985	-14.6424	0
-158.75	-1.48943	0
-161.5	-2.52812	0
157.5	-1.48943	0
160.25	-2.52812	0
157.388	-4.75365	0
129.468	-4.76987	0
-91.1995	-6.67034	0
-46.1995	-6.67034	0
112.147	-4.34669	0
18.3966	-4.34669	0
147.147	-4.34669	0
103.57	-5.46487	0
136.07	-5.46517	0
97.0316	-7.51116	0
-126.312	-10	0
-127.219	-8.57492	0
-127.219	-12.9065	0
-129.014	-8.43411	0
-125.586	-8.53707	0
-125.406	-11.8771	0
-129.938	-10	0
-130.844	-8.40999	0
-130.844	-12.9065	0
-129.909	-6.94247	0
-135.375	-10	0
-129.031	-11.8771	0
-132.68	-8.41687	0
-133.912	-6.84735	0
-133.562	-10	0
-135.506	-8.02348	0
-134.469	-12.9065	0
-137.188	-10	0
-132.656	-11.8771	0
-138.094	-8.01704	0
-138.094	-12.9065	0
-136.281	-11.8771	0
-67.8125	-10	0
-56.5625	-10	0
-22.8125	-10	0
38.6677	-10.4499	0
48	-15	0
78.5546	-9.53426	0
84.2686	-9.51616	0
-16.2353	-17.0588	0
-9.48139	-9.51616	0
3.125	-7.23003	0
124.36	-6.05969	0
118.969	-6.54609	0
56.7667	-5.49487	0
-69.4699	-8.31621	0
-58.2198	-8.31616	0
-24.4698	-8.31616	0
-107.188	-10	0
-84.6875	-10	0
-39.6875	-10	0
24.2667	-5.49487	0
-142.625	-10	0
-93.4906	-7.63436	0
-48.4906	-7.63436	0
67.8932	-9.55174	0
-146.764	-7.89573	0
59.9187	-10.513	0
-111.271	-5.98671	0
154.158	-6.89561	0
-88.9002	-6.29248	0
-43.9002	-6.29248	0
113.244	-8.15219	0
114.324	-5.24676	0
19.4942	-8.15219	0
148.244	-8.15219	0
149.324	-5.24676	0
101.674	-6.34547	0
135.177	-9.1675	0
-125.406	-13.9875	0
-129.031	-13.9875	0
-132.656	-13.9875	0
-140.535	-6.71716	0
-136.281	-13.9875	0
44.9204	-10.4503	0
-15.1954	-9.53426	0
54.5945	-8.69438	0
-144.438	-10	0
-143.531	-7.47316	0
-145.344	-12.9065	0
-143.531	-11.8771	0
-149.875	-10	0
-90.3125	-10	0
-45.3125	-10	0
116.37	-6.88502	0
22.668	-8.23802	0
151.424	-7.00165	0
99.6575	-8.14188	0
103.496	-7.78738	0
126.44	-8.77784	0
-123.033	-15.9073	0
-127.219	-14.9665	0
-130.844	-14.9665	0
-141.865	-5.19628	0
-134.469	-14.9665	0
-138.921	-16.3535	0
-140.812	-12.0324	0
-148.924	-8.05327	0
106.031	-9.87574	0
123.781	-8.65717	0
-125.322	-16.3107	0
-129.031	-16.1548	0
-144.025	-4.52261	0
-132.656	-16.1548	0
-136.446	-16.4595	0
-142.787	-15.2983	0
-123.53	-19.7802	0
-127.207	-16.9604	0
-129.411	-19.4826	0
-125.574	-18.6383	0
-134.497	-16.9852	0
-126.384	-22.4867	0
-136.314	-19.8482	0
-132.408	-19.159	0
7.95895	-4.29751	0
13.125	-6.89997	0
-92.9589	-4.29751	0
-47.9589	-4.29751	0
48.125	-6.54303	0
94.4286	-6.62383	0
-74.8438	-14.51	0
-62	-20	0
-29.8438	-14.51	0
120.663	-4.53219	0
-97.3438	-14.51	0
-52.3438	-14.51	0
-154.308	-6.50818	0
-1.82508	-4.50967	0
89.9034	-8.47493	0
-35.4688	-14.51	0
-117.868	-16.1442	0
-69.2188	-14.51	0
-18.1176	-13.5294	0
-108.594	-13.0528	0
139.129	-10.7301	0
133.862	-6.89174	0
-43	-20	0
152.961	-11.3334	0
120.761	-9.00144	0
47.0336	-8.91566	0
-72.0312	-12.9127	0
-77.6562	-12.9127	0
-60.7812	-14.51	0
-27.0312	-12.9127	0
-32.6562	-12.9127	0
-88.9062	-14.51	0
-94.5312	-12.9127	0
-100.156	-12.9127	0
-55.1562	-12.9127	0
-46.7188	-14.51	0
-49.5312	-12.9127	0
93.1028	-9.83957	0
-38.2812	-12.9127	0
-66.4062	-12.9127	0
-21.4062	-13.0167	0
-105.781	-12.4981	0
131.826	-5.49607	0
130.87	-10.1379	0
117.987	-9.14491	0
47.6174	-11.9418	0
-80.4688	-12.4748	0
-24.2188	-12.4748	0
-86.0938	-12.9127	0
-91.7188	-12.4748	0
-57.9688	-12.4748	0
-43.9062	-12.9127	0
97.3332	-12.0373	0
89.4234	-12.8534	0
-41.0938	-12.4748	0
-63.5938	-12.4748	0
-102.969	-12.4365	0
131.684	-7.88615	0
124.917	-12.9804	0
-83.2812	-12.436	0
-104.276	-16.9773	0
129.04	-8.20336	0
133.021	-9.64246	0
132.74	-13.3395	0
134.587	-11.6208	0
119.604	-13.5227	0
-81.9371	-16.9654	0
128.247	-10.7864	0
136.42	-15.4422	0
136.795	-10.8539	0
137.86	-8.87267	0
136.347	-13.1268	0
139.983	-8.78428	0
139.679	-14.1813	0
142.102	-10.875	0
142.024	-8.47704	0
130.118	-12.7241	0
127.542	-13.3395	0
125.654	-17.3684	0
130.442	-17.2367	0
129.312	-15.05	0
127.086	-15.5826	0
124.84	-15.2491	0
128.062	-17.8331	0
122.34	-14.0287	0
122.205	-17.476	0
131.563	-15.2717	0
133.902	-17.9082	0
133.989	-15.4248	0
122.711	-11.2491	0
126.113	-21.4636	0
130.201	-21.3202	0
29.4986	-8.47103	0
-160.136	-6.5804	0
-164.8	-2.77704	0
163.55	-2.77704	0
74.8792	-9.98242	0
81.4065	-13.4738	0
-7.08793	-14.156	0
-12.3435	-13.4738	0
-148.062	-12.1597	0
-151.688	-13.3615	0
-147.901	-16.8928	0
20.9435	-13.2845	0
-131.429	-24.1267	0
-111.245	-16.0345	0
-72.0312	-16.1875	0
-32.6562	-16.1875	0
-93.3761	-18.2214	0
-56.5	-20	0
-49.5312	-16.1875	0
-39	-20	0
-66	-20	0
-25.8761	-18.2214	0
-20.3401	-16.9814	0
44	-15	0
51	-15	0
50.0848	-9.89635	0
-43.7332	-16.4922	0
101.99	-12.1971	0
86.2906	-12.0427	0
-100.461	-16.7241	0
-106.69	-15.296	0
109.554	-14.1204	0
-78.0157	-16.8204	0
-84.2609	-15.1909	0
146.657	-12.935	0
-168.76	-3.37193	0
-162.952	-5.27294	0
167.51	-3.37193	0
161.56	-7.16457	0
25.5067	-12.026	0
-114.507	-19.0776	0
-92.7194	-15.2985	0
-57.1106	-16.2132	0
-38.4452	-16.4762	0
-64.4299	-16.3547	0
-25.2194	-15.2985	0
-29.5597	-18.1829	0
40	-31	0
52.5	-12.0971	0
-47	-20	0
86.557	-17.4718	0
-108.179	-20.0079	0
-74.8884	-17.7814	0
-85.9447	-19.8045	0
-166.361	-5.86438	0
-90.3015	-17.377	0
-23.1773	-17.2926	0
52.5	-19.8107	0
58	-15	0
-77.9931	-22.3158	0
-90.4847	-22.7295	0
-87.2786	-17.0752	0
-23.0372	-22.0847	0
49.5	-18.1069	0
56	-12.1276	0
-21.4841	-19.6412	0
-13.1176	-22.9044	0
-18.333	-19.4206	0
-19.7014	-22.4895	0
-14.6765	-19.9816	0
-22.0184	-27.6362	0
-16.4151	-22.786	0
-9.37547	-19.0315	0
-12.6638	-17.0311	0
-18.3779	-26.1803	0
-14.8775	-25.9397	0
-2.33173	-10.0217	0
34.8705	-10.1118	0
63.1436	-11.7433	0
15.9493	-9.35887	0
9.33916	-11.5204	0
140.071	-20.0386	0
71.3837	-9.80674	0
77.1772	-13.5334	0
-155.312	-13.1467	0
-35	-28	0
-70	-28	0
42	-12.2275	0
-97.0712	-18.1952	0
157.792	-8.86933	0
-120.617	-25.7087	0
40	-23	0
-52.5	-40	0
-101.963	-22.9686	0
-176	-10	0
-164.375	-10	0
56	-18.2628	0
-27.7638	-22.5833	0
46	-17.8811	0
-17.8635	-32.7462	0
-11.5588	-25.8272	0
-13.1281	-28.5412	0
-6.0925	-24.7889	0
-9.36895	-22.7822	0
-16.4342	-28.8755	0
-5	-38.125	0
-14.4685	-31.8006	0
0.827227	-9.46753	0
0.136472	-14.8103	0
4.88108	-11.332	0
36.477	-13.5614	0
66	-15	0
12.6119	-10.3408	0
137.098	-18.6525	0
134.556	-22.3313	0
137.509	-21.6537	0
137.119	-26.7269	0
141.08	-24.4795	0
72.9748	-13.0117	0
-153.845	-19.0671	0
-158.938	-13.1394	0
-35	-24	0
-41	-26	0
-64	-26	0
-70	-24	0
-95.2549	-22.6078	0
48.2678	-23.7695	0
-99.9351	-20.1534	0
-172	-10	0
60	-18.4703	0
40	-19	0
-5.96397	-20.9009	0
-14.6495	-37.7175	0
30.8087	-14.1023	0
12.8671	-16.1786	0
70	-30	0
-157.132	-16.7401	0
-162.562	-13.1393	0
-30.8517	-26	0
-31.6348	-22	0
-45	-24	0
-73.7526	-22	0
-103.142	-19.9817	0
-105.647	-22.6968	0
-98.5831	-23.2648	0
-169.888	-6.85892	0
70	-23	0
56.7322	-24.6493	0
43.4773	-21	0
37.1281	-17	0
0.206458	-23.051	0
15.2515	-13.1499	0
74.437	-18.4189	0
-160.75	-16.3009	0
-166.188	-13.1393	0
-49	-23.5	0
-73.4752	-26	0
-111.225	-25.4139	0
-95.8654	-28.2734	0
-173.224	-3.85353	0
64	-18.4641	0
33.8347	-15.8427	0
36.4748	-21	0
17.99	-17.7586	0
-200	-74	0
-164.375	-16.2788	0
-170	-13.2476	0
-100.669	-27.6383	0
70	-19	0
29.5309	-19.825	0
-159.645	-22.3218	0
-168.006	-16.2822	0
-174	-13.4713	0
-104.043	-26.0588	0
66.7974	-21	0
-162.584	-19.7491	0
-171.818	-16.6145	0
-107.631	-25.7072	0
62.0078	-23.4727	0
-166.188	-19.4119	0
-177.949	-18.542	0
-109.899	-31.3234	0
66.1443	-25.61	0
-164.926	-25.3596	0
-169.66	-19.3365	0
-104.503	-31.4354	0
-173.957	-20.5263	0
-168.001	-22.9039	0
-170.401	-29.0613	0
-142.461	-21.7134	0
114.74	-12.8322	0
172.262	-4.03819	0
-118.917	-20.738	0
99.4054	-19.5851	0
131.111	-27.2847	0
162.41	-14.0587	0
147.697	-20.6421	0
142.703	-31.9546	0
6.87235	-17.0537	0
-35	-34	0
-26.4461	-26.8779	0
-46.2071	-31.4143	0
43.9112	-25.7773	0
79.3547	-17.9659	0
-53.75	-23.8929	0
-70	-34	0
35.4007	-27	0
24.5496	-17.4576	0
-178.712	-13.8745	0
60.8637	-30.7587	0
-200	-42	0
116.424	-18.4479	0
-115.348	-23.5312	0
128.272	-24.6664	0
122.056	-26.5269	0
126.359	-29.5893	0
-30.9973	-31	0
-47.4569	-27.4054	0
-74.0396	-31	0
-185.323	-17.3512	0
-179.135	-25.9363	0
-115.58	-29.495	0
-25.1885	-32.84	0
-53.2606	-31.414	0
-84.0673	-27.7044	0
-126.755	-29.9233	0
-7.5	-33.4375	0
-59.25	-24.25	0
-178.814	-5.02872	0
-98.9603	-33.1982	0
177.964	-4.84744	0
93.0212	-18.2852	0
168.919	-10.6048	0
157.329	-13.9302	0
12.8949	-25.1836	0
77.6085	-25.9299	0
55	-45	0
132.431	-36.0573	0
119.297	-34.9581	0
-75.3617	-37	0
-29.6794	-36.9286	0
-78.5939	-27.954	0
1.17451	-31.8215	0
-59.5981	-30.6267	0
-107.381	-40.0309	0
152.44	-17.1817	0
23.244	-26.6292	0
49.3092	-31.7596	0
-81.6182	-34.1351	0
159.663	-22.1411	0
-137.696	-26.3549	0
-148.867	-23.4627	0
-43.75	-40	0
31.286	-36.3754	0
-21.4518	-38.5906	0
-121.096	-31.589	0
184.807	-5.8166	0
174.427	-9.27515	0
94.1287	-29.1727	0
-61.25	-40	0
-77.4916	-47.0979	0
-103.119	-36.6782	0
-99.8733	-45.1885	0
-97.3469	-39.351	0
-115.029	-37.5249	0
153.416	-23.5004	0
-157.415	-32.3093	0
-144.133	-28.1961	0
-27.427	-46.9745	0
180.638	-10.61	0
88.9943	-24.1949	0
-56.875	-40	0
-54.6875	-35.8671	0
-59.0625	-47.0156	0
-49.3677	-35.6968	0
-59.0625	-36.1968	0
-54.6875	-44.5309	0
-64.6183	-35.5319	0
-52.8906	-52.7889	0
-48.125	-44.9057	0
-89.2492	-46.3211	0
-91.4122	-34.5068	0
-126.596	-39.8319	0
147.858	-27.4714	0
-164.288	-32.204	0
-150.809	-30.1392	0
173.805	-18.7737	0
190.409	-14.8986	0
-39.375	-48.3054	0
-137.962	-37.597	0
158.719	-32.8388	0
-200	-26	0
-192	-10	0
193.019	-6.97999	0
-81.0147	-41.0812	0
-16.7535	-48.2604	0
84.6369	-33.8263	0
-65.625	-45.213	0
-172.384	-40.4363	0
-145.529	-35.8383	0
150.526	-35.7443	0
-200	-18	0
-65.2344	-56.6378	0
-161.02	-43.2785	0
-152.281	-36.7979	0
-212.829	-14	0
-144.566	-48.8521	0
-148.017	-42.5651	0
-154.13	-50.0116	0
70	-37.5	0
62	-45	0
78.7207	-41.25	0
58.5	-38.1133	0
58.5	-56.225	0
76.7792	-33.75	0
47.5	-45	0
66	-52.4054	0
40	-37	0
51.2577	-38.7653	0
43.75	-57.0268	0
51.25	-52.3274	0
108.236	-23.829	0
3.06193	-39.8461	0
-111.898	-54.6482	0
204.412	-15.1236	0
141.621	-44.1573	0
-192.47	-22	0
-208.285	-22	0
93.5831	-47.0253	0
79.4087	-54.8651	0
51.3534	-60.8269	0
10	-66.25	0
10.1208	-33.9516	0
-113.608	-46.113	0
201.334	-7.38858	0
159.282	-47.4293	0
-190.923	-34	0
-223.385	-25.2858	0
-208.97	-34	0
68.3751	-66.342	0
41.4579	-71.1194	0
13.8045	-48.5831	0
-124.858	-52.8069	0
209.888	-8.46419	0
59.3018	-65.3204	0
217.829	-20.5752	0
51.1239	-70.5094	0
62.3392	-79.146	0
168.607	-28.3208	0
-168.372	-57.6945	0
-96.3034	-62.098	0
-24.1523	-64.7333	0
44.9412	-131.765	0
-4	-160	0
167.872	-39.7917	0
185.489	-31.3246	0
-147.488	-64.7683	0
47.2691	-86.3145	0
124.267	-54.5839	0
-185.75	-49.0185	0
-217.314	-52.3848	0
28.0686	-55.3183	0
-84.1216	-58.0793	0
-32.3513	-57.0638	0
-43.4148	-58.7406	0
-36.1494	-69.3414	0
-55.2242	-67.0234	0
175.825	-57.3855	0
-121.331	-74.5111	0
-22.7615	-86.2755	0
-83.7682	-79.6232	0
105.42	-37.6887	0
-230.136	-12.3596	0
197.236	-25.8936	0
200.071	-47.4466	0
92.2959	-78.2968	0
-200	-58	0
-70.2892	-71.5268	0
108.268	-53.4715	0
-247.164	-14.4191	0
77.3078	-78.3776	0
-185.002	-66	0
-64.0456	-97.1896	0
-237.325	-24.3402	0
71.0557	-102.765	0
-58.8526	-82.3353	0
-258.154	-35.1559	0
-231.476	-41.3281	0
84.8826	-93.3147	0
-42.1398	-96.5129	0
245.914	-27.359	0
-7.72621	-62.2131	0
145.819	-70.7991	0
92.9768	-62.6626	0
108.498	-71.1705	0
-200	-117	0
-165.635	-83.9777	0
-267.163	-17.1004	0
-242.125	-69.5661	0
93.1235	-120.212	0
-2.89993	-81.9573	0
109.892	-96.3217	0
-200	-95.5	0
-184.633	-84.75	0
-181.036	-106.25	0
-52.085	-129.472	0
266.346	-19.0394	0
-292.116	-21.5254	0
-5.90622	-115.966	0
-222.427	-84.75	0
-134	-160	0
290.866	-20.6106	0
-277.149	-33.3584	0
-24.3179	-106.789	0
-218.943	-106.25	0
-167	-160	0
269.471	-55.9645	0
-303.607	-51.4427	0
-270.251	-61.7293	0
-36	-160	0
-224.723	-138.5	0
-250.089	-100.266	0
-177.774	-134.106	0
-25.9521	-133.125	0
-141.479	-88.6208	0
-321.539	-24.8891	0
-102.076	-120.033	0
320.289	-25.0587	0
203.886	-91.2974	0
-157.373	-106.152	0
-118.417	-100.112	0
-132.585	-128.397	0
32.4706	-108.382	0
28	-160	0
17.1183	-131.587	0
226.624	-45.6906	0
214.782	-68.2583	0
246.279	-97.251	0
243.331	-68.8482	0
-52	-211.314	0
-356.847	-30.0373	0
301.307	-51.0798	0
355.597	-30.0031	0
139.818	-135.157	0
44	-211.314	0
-20	-193.14	0
12	-188.157	0
-246.838	-188.895	0
-301.054	-102.388	0
172.006	-89.111	0
142.813	-102.978	0
185.045	-132.499	0
-150.5	-212.918	0
-335.386	-53.5713	0
-383.855	-76.2182	0
-317.81	-77.6912	0
-350.976	-83.3955	0
-330.322	-104.213	0
-374.031	-126.924	0
-312.762	-150.234	0
-399.216	-36.0102	0
291.86	-95.6988	0
397.966	-36.0171	0
334.088	-55.0584	0
-6.85685	-253.542	0
-183.5	-194.176	0
372.108	-65.9367	0
0.615113	-220.285	0
-197.054	-256.465	0
28.125	-243.934	0
88.37	-253.081	0
26.0412	-304.834	0
-450.059	-43.2192	0
448.809	-43.2178	0
340.621	-104.105	0
417.772	-79.2685	0
-101	-160	0
-117.5	-194.176	0
-103.946	-256.465	0
-84.5	-189.037	0
-96.2407	-222.169	0
-66.7428	-246.81	0
-69.8624	-311.296	0
104.935	-163.728	0
166.517	-203.335	0
-269.256	-140.513	0
-444.111	-114.197	0
-511.071	-51.8616	0
509.821	-51.8619	0
384.53	-108.257	0
447.636	-147.068	0
355.917	-176.593	0
472.581	-95.0697	0
307.795	-148.89	0
-584.285	-62.2342	0
583.035	-62.2342	0
287.432	-239.909	0
538.346	-114.099	0
-380.775	-236.828	0
-150.5	-323.413	0
243.427	-163.11	0
-535.226	-144.94	0
-672.142	-74.681	0
670.892	-74.681	0
-419.735	-179.279	0
617.265	-136.915	0
-492.54	-270.528	0
140.195	-378.906	0
-291.858	-274.19	0
-618.316	-138.324	0
-777.57	-89.6173	0
776.32	-89.6173	0
541.219	-252.06	0
-90.7512	-446.663	0
-232.252	-330.601	0
-583.93	-231.543	0
-713.255	-164.036	0
711.968	-164.298	0
-183.589	-415.561	0
-352.514	-397.978	0
168.983	-293.463	0
278.508	-377.937	0
-904.084	-107.541	0
902.834	-107.541	0
431.872	-255.321	0
-16.4684	-388.83	0
640.273	-234.795	0
-600.751	-397.587	0
-187.044	-579.985	0
-826.854	-197.211	0
825.612	-197.158	0
39.1285	-536.864	0
618.432	-402.268	0
743.527	-268.099	0
-1055.9	-129.049	0
1054.65	-129.049	0
-730.463	-316.198	0
490.112	-373.281	0
-963.235	-236.579	0
961.984	-236.59	0
863.002	-323.381	0
210.45	-535.169	0
-863.673	-325.575	0
-1182	-331.411	0
1180.77	-331.418	0
753.659	-402.947	0
507.788	-593.545	0
-782.031	-534.499	0
-1021.49	-401.94	0
1019.98	-402.574	0
685.212	-568.537	0
886.917	-471.16	0
1063.43	-650.248	0
-1238.08	-154.859	0
1236.83	-154.859	0
127.507	-810.743	0
369.647	-510.732	0
-3112.2	-4096	0
1161.62	-505.375	0
636.603	-865.554	0
320.055	-718.427	0
-1214.85	-624.065	0
3110.95	-3422.74	0
1450.14	-449.108	0
1344.84	-735.254	0
-1456.7	-185.83	0
1455.45	-185.83	0
359.499	-1047.66	0
-477.074	-677.443	0
-1719.04	-222.996	0
1717.79	-222.996	0
1067.82	-1144.01	0
-1543.24	-519.444	0
-2033.85	-267.596	0
2032.6	-267.596	0
-136.405	-1301.21	0
-858.773	-1094.99	0
692.377	-1252.31	0
-3112.2	-2048	0
-1938.03	-1683.71	0
-3112.2	-1024	0
3110.95	-1711.37	0
1822.36	-618.231	0
-225.746	-945.095	0
-1840.97	-495.657	0
-2303.12	-690.912	0
-1730.25	-984.991	0
-2411.61	-321.115	0
2410.36	-321.115	0
292.875	-1529.07	0
-498.959	-1202.9	0
-3112.2	-512	0
2179.06	-593.762	0
2039.95	-1178	0
3110.95	-855.684	0
2638.22	-748.858	0
1053.77	-1800.21	0
-851.909	-1725.94	0
-2709.4	-609.292	0
3110.95	-427.842	0
-421.697	-1635.65	0
-2600.31	-1118.23	0
2768.33	-324.146	0
1553.4	-1174.84	0
3110.95	-1283.53	0
2549.17	-1497.45	0
-492.015	-2370.67	0
1792.12	-1877.83	0
-3112.2	-1536	0
-2548.03	-1792	0
3110.95	-2567.05	0
2626.42	-2139.21	0
-1556.41	-6845.47	0
1555.16	-6845.47	0
-1341.94	-1415.76	0
-1408.92	-2063.75	0
-3112.2	-3072	0
2302.01	-2994.89	0
-778.52	-6845.47	0
777.27	-6845.47	0
-2110.82	-2482.63	0
404.249	-2419.74	0
-1167.47	-5598.06	0
1166.22	-5598.06	0
-1253.33	-3122	0
1328.4	-2738.39	0
3110.95	-5134.11	0
-2195.86	-3584	0
-105.666	-3523.53	0
1468.99	-4180.8	0
2337.93	-3905.65	0
2165.72	-4871.46	0
3110.95	-4278.42	0
3110.95	-5989.79	0
2086.95	-6845.47	0
1821.06	-6078.22	0
-3112.2	-5470.74	0
-1230.64	-4360.73	0
-2224.85	-4608.12	0
25.4766	-4870.28	0
-2168.38	-5970.32	0
CELLS 3456	13824
3 326	1874	327	
3 1878	1896	1868	
3 386	67	66	
3 1825	3	1829	
3 1792	1798	1803	
3 1357	950	1356	
3 1762	1783	1775	
3 1180	1045	1030	
3 1666	1671	1708	
3 1703	1715	1764	
3 1375	1266	1265	
3 1750	1765	1757	
3 1710	1742	1714	
3 31	30	346	
3 1703	317	1676	
3 1551	332	1361	
3 1792	1785	1798	
3 1135	1001	1101	
3 1551	1388	1510	
3 1676	1741	1703	
3 1728	1710	1716	
3 1704	1715	1741	
3 1011	1030	745	
3 1654	1616	1643	
3 1757	1742	1743	
3 391	683	762	
3 1589	1518	1500	
3 1676	317	1651	
3 1120	1062	1071	
3 1674	1654	1642	
3 1668	1663	1673	
3 394	44	43	
3 1709	1681	1696	
3 23	334	24	
3 1594	1466	1547	
3 318	1179	1299	
3 1689	316	1608	
3 329	1596	1617	
3 397	85	84	
3 1616	1594	1643	
3 1175	1198	1298	
3 1561	1593	1583	
3 1561	21	20	
3 1083	1214	1198	
3 1420	1632	1616	
3 1379	1483	1171	
3 1220	867	1205	
3 22	314	1548	
3 1077	1081	1070	
3 1310	1401	331	
3 1484	334	1350	
3 32	31	390	
3 1548	23	22	
3 400	76	75	
3 21	314	22	
3 403	121	120	
3 406	55	54	
3 1258	27	1291	
3 409	94	93	
3 1257	1292	730	
3 860	798	736	
3 631	351	403	
3 28	1258	1047	
3 1270	1181	1190	
3 134	369	135	
3 628	345	386	
3 740	387	681	
3 632	355	416	
3 412	354	34	
3 68	67	345	
3 31	346	390	
3 1278	1312	1321	
3 736	389	682	
3 821	1199	1133	
3 1401	1415	1384	
3 1060	1062	1065	
3 34	33	412	
3 1213	797	1196	
3 1047	795	1046	
3 354	414	35	
3 393	130	129	
3 36	414	514	
3 355	40	416	
3 971	395	573	
3 36	35	414	
3 131	130	347	
3 748	398	684	
3 355	41	40	
3 434	587	362	
3 41	355	415	
3 42	507	43	
3 77	76	350	
3 44	394	348	
3 86	85	349	
3 394	629	348	
3 45	44	348	
3 50	49	417	
3 1455	1378	1457	
3 1323	1089	1278	
3 421	154	153	
3 1203	1082	1181	
3 1377	318	1275	
3 1140	1038	1024	
3 71	70	422	
3 122	121	351	
3 396	46	45	
3 56	55	352	
3 50	417	356	
3 49	516	417	
3 751	410	688	
3 396	508	46	
3 743	407	687	
3 344	1194	1172	
3 45	348	396	
3 1210	1230	1288	
3 759	404	686	
3 632	1005	1152	
3 50	356	51	
3 39	416	40	
3 352	55	406	
3 51	419	52	
3 416	39	515	
3 51	356	419	
3 35	34	354	
3 577	352	406	
3 352	408	56	
3 593	636	531	
3 359	59	425	
3 59	58	425	
3 575	423	742	
3 57	56	408	
3 1014	658	991	
3 512	54	53	
3 865	577	799	
3 429	695	360	
3 427	61	60	
3 429	63	62	
3 64	63	360	
3 67	386	345	
3 360	746	570	
3 360	63	429	
3 60	359	427	
3 432	103	102	
3 505	66	65	
3 754	430	696	
3 434	81	80	
3 578	436	750	
3 388	69	68	
3 358	71	422	
3 90	363	437	
3 388	68	345	
3 934	1110	336	
3 428	64	360	
3 104	103	361	
3 59	359	60	
3 72	358	424	
3 347	392	131	
3 95	94	353	
3 1619	1607	1524	
3 29	1046	30	
3 586	361	432	
3 72	71	358	
3 108	365	443	
3 350	76	400	
3 72	424	73	
3 448	589	367	
3 400	575	350	
3 755	818	702	
3 448	117	116	
3 349	397	630	
3 571	450	761	
3 77	402	78	
3 362	81	434	
3 126	368	451	
3 350	402	77	
3 943	1111	338	
3 510	75	74	
3 113	112	366	
3 457	590	370	
3 362	82	81	
3 457	139	138	
3 82	362	433	
3 83	509	84	
3 585	1014	1177	
3 85	397	349	
3 140	139	370	
3 163	162	372	
3 86	349	399	
3 468	710	467	
3 435	363	89	
3 435	89	88	
3 193	373	468	
3 399	87	86	
3 162	161	464	
3 99	98	364	
3 145	371	461	
3 520	434	80	
3 707	763	828	
3 1055	599	846	
3 578	353	409	
3 469	598	972	
3 91	90	437	
3 93	92	513	
3 477	182	181	
3 353	94	409	
3 176	175	539	
3 188	187	377	
3 95	411	96	
3 535	597	198	
3 438	98	97	
3 440	99	364	
3 1319	1280	1086	
3 364	98	438	
3 187	186	480	
3 353	411	95	
3 601	376	477	
3 231	482	232	
3 99	440	100	
3 207	206	550	
3 361	431	104	
3 431	105	104	
3 488	214	213	
3 519	102	101	
3 207	487	208	
3 607	379	484	
3 107	106	441	
3 108	107	365	
3 220	382	494	
3 241	383	498	
3 109	108	443	
3 444	366	112	
3 620	647	562	
3 366	444	588	
3 614	642	557	
3 107	441	365	
3 611	382	491	
3 103	432	361	
3 482	714	788	
3 90	89	363	
3 471	170	169	
3 622	667	565	
3 444	112	111	
3 64	428	65	
3 113	446	114	
3 367	117	448	
3 386	505	628	
3 366	446	113	
3 268	502	269	
3 69	387	70	
3 367	118	117	
3 387	69	388	
3 118	367	447	
3 119	511	120	
3 682	389	390	
3 121	403	351	
3 681	388	345	
3 522	448	116	
3 681	345	653	
3 682	390	346	
3 405	123	122	
3 683	391	392	
3 125	124	449	
3 126	125	368	
3 132	391	133	
3 125	449	368	
3 389	32	390	
3 391	132	392	
3 347	130	393	
3 393	506	571	
3 128	506	129	
3 132	131	392	
3 41	415	42	
3 451	127	126	
3 450	128	127	
3 393	571	347	
3 683	392	347	
3 405	122	351	
3 32	389	33	
3 395	508	573	
3 133	452	134	
3 573	396	348	
3 454	136	135	
3 139	457	370	
3 46	508	47	
3 454	135	369	
3 47	395	48	
3 397	509	630	
3 591	371	458	
3 87	398	88	
3 456	141	140	
3 144	458	371	
3 684	399	349	
3 456	140	370	
3 684	349	655	
3 457	138	523	
3 82	433	83	
3 423	74	73	
3 458	144	143	
3 685	401	402	
3 461	146	145	
3 459	148	527	
3 78	401	79	
3 144	371	145	
3 400	510	575	
3 401	78	402	
3 518	585	421	
3 148	459	149	
3 118	447	119	
3 686	351	656	
3 154	421	357	
3 153	152	518	
3 123	404	124	
3 459	526	149	
3 403	511	631	
3 147	527	148	
3 685	402	350	
3 458	143	524	
3 398	87	399	
3 452	369	134	
3 394	507	629	
3 111	521	444	
3 253	499	254	
3 1803	1783	1792	
3 753	586	439	
3 357	155	154	
3 1609	1701	1702	
3 418	53	52	
3 357	420	155	
3 156	155	420	
3 406	512	577	
3 420	517	156	
3 404	123	405	
3 57	407	58	
3 594	464	531	
3 407	57	408	
3 160	531	161	
3 599	528	784	
3 436	92	91	
3 372	162	464	
3 687	408	352	
3 517	582	157	
3 687	407	408	
3 688	410	411	
3 164	163	463	
3 170	471	374	
3 164	463	530	
3 192	191	465	
3 377	480	602	
3 463	163	372	
3 96	410	97	
3 410	96	411	
3 462	529	166	
3 689	412	389	
3 168	538	169	
3 170	374	171	
3 413	514	579	
3 167	166	529	
3 33	389	412	
3 171	374	470	
3 688	411	353	
3 378	1280	1313	
3 409	513	578	
3 579	414	354	
3 470	172	171	
3 629	415	572	
3 474	375	177	
3 174	469	536	
3 43	507	394	
3 470	537	172	
3 36	514	37	
3 416	515	632	
3 177	375	178	
3 417	516	581	
3 473	179	178	
3 182	477	376	
3 690	799	418	
3 473	178	375	
3 516	49	48	
3 177	176	474	
3 515	39	38	
3 690	419	356	
3 182	376	183	
3 517	583	634	
3 476	184	183	
3 187	480	377	
3 156	517	157	
3 476	183	376	
3 418	52	419	
3 150	149	526	
3 595	373	465	
3 373	192	465	
3 70	387	422	
3 423	424	692	
3 189	188	479	
3 191	190	532	
3 510	400	75	
3 188	377	479	
3 691	422	387	
3 480	186	541	
3 584	152	151	
3 477	181	540	
3 512	406	54	
3 1569	1572	1566	
3 37	413	38	
3 423	73	424	
3 192	373	193	
3 693	425	407	
3 196	533	466	
3 195	533	196	
3 359	693	744	
3 193	468	194	
3 58	407	425	
3 694	427	359	
3 466	535	197	
3 628	428	570	
3 481	203	542	
3 534	596	200	
3 66	505	386	
3 535	198	197	
3 426	61	427	
3 196	466	197	
3 61	426	62	
3 609	850	380	
3 1023	1385	1416	
3 229	228	484	
3 613	383	495	
3 380	209	208	
3 202	201	603	
3 1699	1739	1740	
3 202	542	203	
3 696	430	431	
3 481	204	203	
3 696	431	361	
3 204	544	205	
3 973	485	608	
3 430	105	431	
3 481	544	204	
3 105	430	106	
3 280	565	281	
3 695	429	426	
3 1566	1492	1569	
3 62	426	429	
3 432	519	586	
3 380	486	209	
3 84	509	397	
3 210	486	549	
3 214	488	381	
3 520	80	79	
3 210	209	486	
3 630	433	574	
3 88	398	435	
3 215	214	381	
3 436	437	698	
3 490	216	215	
3 219	491	382	
3 513	409	93	
3 490	215	381	
3 697	435	398	
3 488	213	551	
3 434	520	587	
3 436	91	437	
3 219	218	491	
3 699	438	410	
3 494	221	220	
3 492	223	555	
3 439	440	700	
3 219	382	220	
3 97	410	438	
3 700	440	364	
3 548	607	484	
3 223	492	224	
3 439	100	440	
3 701	441	430	
3 229	484	379	
3 228	227	548	
3 442	443	702	
3 492	554	224	
3 106	430	441	
3 222	555	223	
3 519	432	102	
3 491	218	552	
3 698	437	363	
3 1800	1805	1814	
3 439	101	100	
3 1885	1886	1873	
3 692	424	358	
3 702	443	365	
3 229	379	230	
3 521	111	110	
3 230	483	231	
3 547	232	482	
3 444	521	588	
3 483	230	379	
3 442	109	443	
3 114	445	115	
3 613	495	556	
3 445	114	446	
3 545	236	235	
3 495	383	240	
3 631	447	576	
3 235	234	605	
3 703	446	366	
3 232	547	233	
3 703	445	446	
3 522	116	115	
3 495	240	239	
3 124	404	449	
3 498	242	241	
3 245	559	496	
3 704	449	404	
3 240	383	241	
3 448	522	589	
3 506	393	129	
3 245	244	559	
3 450	127	451	
3 246	496	558	
3 246	558	247	
3 133	391	452	
3 619	500	561	
3 705	451	368	
3 559	244	615	
3 450	451	705	
3 556	239	238	
3 120	511	403	
3 453	454	707	
3 500	384	252	
3 707	454	369	
3 252	251	500	
3 252	384	253	
3 453	136	454	
3 561	251	250	
3 136	453	137	
3 141	455	142	
3 499	560	254	
3 455	141	456	
3 616	256	255	
3 621	258	257	
3 523	138	137	
3 560	616	255	
3 708	456	370	
3 384	499	253	
3 708	455	456	
3 524	143	142	
3 569	627	504	
3 781	843	720	
3 260	563	261	
3 620	261	563	
3 518	421	153	
3 501	563	260	
3 458	524	591	
3 146	460	147	
3 264	569	265	
3 266	265	504	
3 709	461	371	
3 462	530	592	
3 385	503	267	
3 267	503	268	
3 165	462	166	
3 385	267	266	
3 460	146	461	
3 385	266	504	
3 371	591	767	
3 258	564	259	
3 457	523	590	
3 247	558	614	
3 706	452	391	
3 164	530	165	
3 270	269	568	
3 157	582	158	
3 625	272	651	
3 272	625	273	
3 478	190	189	
3 566	273	625	
3 593	160	159	
3 722	466	533	
3 566	624	274	
3 595	768	373	
3 275	624	650	
3 565	280	622	
3 194	467	195	
3 275	274	624	
3 534	637	975	
3 622	649	667	
3 465	532	595	
3 467	194	468	
3 279	622	280	
3 173	469	174	
3 1048	1049	282	
3 565	1050	1048	
3 598	470	374	
3 281	565	1048	
3 469	537	598	
3 528	168	167	
3 283	1049	1259	
3 638	660	375	
3 1447	286	285	
3 1501	1290	1452	
3 179	472	180	
3 1293	285	284	
3 471	538	599	
3 1109	667	679	
3 172	537	173	
3 279	278	649	
3 710	468	373	
3 472	179	473	
3 1549	289	288	
3 474	539	638	
3 291	1601	292	
3 1601	1630	1691	
3 712	770	475	
3 1549	1590	289	
3 174	536	175	
3 712	476	376	
3 1683	295	1667	
3 540	181	180	
3 1683	1667	1697	
3 297	1698	1718	
3 477	540	601	
3 1667	1672	1697	
3 475	184	476	
3 1601	1629	1630	
3 184	475	185	
3 532	465	191	
3 1718	1722	1731	
3 478	189	479	
3 1655	1739	1699	
3 299	1744	300	
3 541	186	185	
3 1693	1684	1707	
3 713	479	377	
3 543	787	609	
3 1782	1761	1768	
3 1767	1786	1779	
3 208	487	380	
3 545	235	605	
3 1826	307	1822	
3 309	308	1830	
3 714	483	379	
3 1810	1822	306	
3 607	774	379	
3 1753	1761	1751	
3 480	541	602	
3 1692	1694	1691	
3 713	772	478	
3 1373	1371	1372	
3 711	473	375	
3 269	502	568	
3 592	463	372	
3 482	231	483	
3 109	442	110	
3 606	227	226	
3 686	405	351	
3 225	224	554	
3 485	549	608	
3 211	485	212	
3 608	486	380	
3 210	549	211	
3 543	206	205	
3 487	550	609	
3 551	213	212	
3 488	551	610	
3 715	775	489	
3 216	489	217	
3 715	490	381	
3 489	216	490	
3 552	218	217	
3 491	552	611	
3 494	716	493	
3 548	484	228	
3 382	611	777	
3 221	493	222	
3 716	494	382	
3 493	221	494	
3 604	237	236	
3 604	236	545	
3 840	1054	643	
3 245	496	246	
3 717	778	497	
3 242	497	243	
3 717	498	383	
3 497	242	498	
3 645	560	617	
3 254	560	255	
3 561	250	618	
3 249	248	557	
3 621	648	564	
3 259	501	260	
3 627	780	385	
3 1048	282	281	
3 718	503	385	
3 502	268	503	
3 569	264	626	
3 263	262	562	
3 65	428	505	
3 570	428	360	
3 128	450	506	
3 571	506	450	
3 42	415	507	
3 572	415	355	
3 573	508	396	
3 395	47	508	
3 83	433	509	
3 574	433	362	
3 74	423	510	
3 575	510	423	
3 119	447	511	
3 576	447	367	
3 53	418	512	
3 577	512	418	
3 92	436	513	
3 578	513	436	
3 579	514	414	
3 413	37	514	
3 38	413	515	
3 632	515	413	
3 48	395	516	
3 581	516	395	
3 420	357	583	
3 464	161	531	
3 525	151	150	
3 635	518	584	
3 101	439	519	
3 586	519	439	
3 79	401	520	
3 587	520	401	
3 110	442	521	
3 588	521	442	
3 115	445	522	
3 589	522	445	
3 137	453	523	
3 590	523	453	
3 142	455	524	
3 591	524	455	
3 781	460	709	
3 584	518	152	
3 719	526	459	
3 525	150	526	
3 147	460	527	
3 720	527	460	
3 462	592	783	
3 538	471	169	
3 721	529	462	
3 528	167	529	
3 592	530	463	
3 462	165	530	
3 582	633	158	
3 594	531	636	
3 190	478	532	
3 595	532	478	
3 195	467	533	
3 722	533	467	
3 534	597	637	
3 199	534	200	
3 637	535	466	
3 198	597	199	
3 638	536	600	
3 176	539	474	
3 598	537	470	
3 469	173	537	
3 168	528	538	
3 599	538	528	
3 175	536	539	
3 600	536	469	
3 180	472	540	
3 601	540	472	
3 185	475	541	
3 602	541	475	
3 200	596	201	
3 542	603	661	
3 673	481	661	
3 550	487	207	
3 723	544	481	
3 543	205	544	
3 483	714	482	
3 239	556	495	
3 714	774	851	
3 233	546	234	
3 724	547	482	
3 546	233	547	
3 553	226	225	
3 640	548	606	
3 608	549	486	
3 485	211	549	
3 206	543	550	
3 609	550	543	
3 212	485	551	
3 610	551	485	
3 217	489	552	
3 611	552	489	
3 640	662	607	
3 606	548	227	
3 725	554	492	
3 553	225	554	
3 222	493	555	
3 726	555	493	
3 612	238	237	
3 641	556	612	
3 617	1173	977	
3 500	251	561	
3 642	558	496	
3 247	614	248	
3 615	244	243	
3 559	615	643	
3 617	499	384	
3 501	259	564	
3 618	250	249	
3 646	561	618	
3 647	670	562	
3 504	265	569	
3 647	563	501	
3 261	620	262	
3 644	256	616	
3 675	644	664	
3 650	668	623	
3 1259	284	283	
3 679	623	668	
3 273	566	274	
3 503	718	502	
3 270	567	271	
3 727	568	502	
3 567	270	568	
3 626	264	263	
3 652	569	626	
3 426	694	807	
3 345	628	653	
3 368	704	760	
3 347	731	683	
3 974	632	413	
3 348	654	573	
3 348	629	654	
3 581	356	417	
3 587	862	1166	
3 349	630	655	
3 358	691	741	
3 350	732	685	
3 589	890	1167	
3 351	631	656	
3 418	419	690	
3 352	734	687	
3 363	697	749	
3 353	735	688	
3 737	354	689	
3 1005	1106	1128	
3 579	1004	974	
3 1074	1078	738	
3 1020	1000	971	
3 870	868	931	
3 420	583	517	
3 160	593	531	
3 585	357	421	
3 594	1164	372	
3 151	525	584	
3 518	635	585	
3 525	526	719	
3 658	585	635	
3 364	699	752	
3 361	747	696	
3 733	401	685	
3 733	862	587	
3 365	701	755	
3 366	757	703	
3 758	445	703	
3 758	890	589	
3 369	706	763	
3 370	765	708	
3 766	455	708	
3 709	460	461	
3 594	372	464	
3 599	784	846	
3 158	633	159	
3 671	677	657	
3 659	657	677	
3 978	594	672	
3 478	479	713	
3 785	722	467	
3 661	596	639	
3 202	603	542	
3 637	597	535	
3 534	199	597	
3 599	374	471	
3 474	638	375	
3 721	528	529	
3 783	784	721	
3 374	599	1055	
3 473	711	472	
3 375	660	711	
3 602	475	770	
3 476	712	475	
3 595	772	835	
3 201	596	603	
3 639	596	534	
3 613	556	641	
3 238	612	556	
3 234	546	605	
3 728	605	546	
3 226	553	606	
3 548	640	607	
3 553	554	725	
3 663	613	641	
3 380	487	609	
3 610	381	488	
3 481	673	723	
3 609	787	850	
3 1002	973	608	
3 611	489	775	
3 490	715	489	
3 789	726	493	
3 237	604	612	
3 612	729	641	
3 728	545	605	
3 1093	619	665	
3 642	614	558	
3 557	248	614	
3 243	497	615	
3 643	615	497	
3 499	617	560	
3 621	564	258	
3 500	619	384	
3 504	627	385	
3 249	557	618	
3 561	646	619	
3 646	665	619	
3 665	557	642	
3 647	620	563	
3 562	262	620	
3 256	644	257	
3 664	644	616	
3 649	278	666	
3 277	276	623	
3 566	625	669	
3 622	279	649	
3 668	624	566	
3 275	650	276	
3 651	272	271	
3 625	651	669	
3 263	562	626	
3 569	652	627	
3 680	1051	648	
3 791	727	502	
3 428	628	505	
3 628	570	653	
3 415	629	507	
3 629	572	654	
3 433	630	509	
3 630	574	655	
3 447	631	511	
3 631	576	656	
3 974	413	579	
3 632	974	1005	
3 634	582	517	
3 593	159	633	
3 636	659	672	
3 582	634	657	
3 584	525	635	
3 658	635	525	
3 633	659	593	
3 657	633	582	
3 467	710	785	
3 542	661	481	
3 536	638	539	
3 638	600	660	
3 975	786	915	
3 543	544	723	
3 606	553	640	
3 662	640	553	
3 604	729	612	
3 729	604	545	
3 496	559	643	
3 643	497	778	
3 497	498	717	
3 383	779	717	
3 645	616	560	
3 621	257	644	
3 645	674	664	
3 616	645	664	
3 618	557	646	
3 665	646	557	
3 564	648	501	
3 501	648	1051	
3 617	384	1173	
3 627	652	670	
3 666	278	277	
3 676	649	666	
3 668	650	624	
3 623	276	650	
3 271	567	651	
3 669	651	567	
3 626	562	652	
3 670	652	562	
3 746	933	1042	
3 681	387	388	
3 1143	1152	1128	
3 573	999	971	
3 1052	655	574	
3 684	398	399	
3 1053	656	576	
3 686	404	405	
3 671	634	583	
3 593	659	636	
3 913	951	844	
3 844	951	991	
3 633	657	659	
3 634	671	657	
3 598	374	1055	
3 472	769	601	
3 596	661	603	
3 661	639	673	
3 493	716	789	
3 851	774	916	
3 724	858	793	
3 841	778	717	
3 674	645	617	
3 644	675	621	
3 643	778	840	
3 647	501	1051	
3 277	623	666	
3 649	676	667	
3 679	667	676	
3 1294	1049	1050	
3 1056	669	856	
3 856	669	792	
3 502	718	791	
3 780	855	718	
3 664	678	675	
3 792	727	857	
3 1177	583	357	
3 636	672	594	
3 671	1091	672	
3 783	592	845	
3 1094	979	673	
3 980	850	787	
3 1112	1054	840	
3 678	680	648	
3 678	664	674	
3 648	621	675	
3 666	623	676	
3 679	676	623	
3 671	672	677	
3 672	659	677	
3 680	678	674	
3 648	675	678	
3 923	1008	856	
3 284	1259	1293	
3 674	617	977	
3 923	856	792	
3 740	681	800	
3 691	358	422	
3 1176	340	863	
3 689	354	412	
3 731	347	571	
3 706	369	452	
3 748	684	808	
3 697	363	435	
3 732	350	575	
3 796	685	732	
3 759	686	822	
3 704	368	449	
3 734	352	577	
3 693	359	425	
3 735	353	578	
3 699	364	438	
3 736	689	389	
3 354	737	579	
3 581	739	356	
3 1072	1075	1074	
3 740	691	387	
3 803	732	575	
3 801	691	740	
3 423	692	742	
3 687	734	804	
3 694	426	427	
3 693	743	805	
3 746	1042	570	
3 744	806	694	
3 360	695	746	
3 747	361	586	
3 701	365	441	
3 748	697	398	
3 811	735	578	
3 809	697	748	
3 436	698	750	
3 688	735	812	
3 815	747	586	
3 813	699	751	
3 439	700	753	
3 696	747	816	
3 756	588	442	
3 817	701	754	
3 442	702	756	
3 757	366	588	
3 820	703	757	
3 759	704	404	
3 825	731	571	
3 823	704	759	
3 450	705	761	
3 683	731	826	
3 764	590	453	
3 827	706	762	
3 453	707	764	
3 765	370	590	
3 830	708	765	
3 767	709	371	
3 720	460	781	
3 710	373	768	
3 722	785	848	
3 711	660	832	
3 472	711	769	
3 601	771	376	
3 834	601	769	
3 602	773	377	
3 837	602	770	
3 662	1016	607	
3 724	546	547	
3 610	776	381	
3 776	838	715	
3 775	839	611	
3 789	853	726	
3 613	779	383	
3 907	779	1057	
3 1058	922	780	
3 727	567	568	
3 459	527	720	
3 658	525	719	
3 842	709	767	
3 459	720	782	
3 721	462	783	
3 528	721	784	
3 768	847	710	
3 466	722	786	
3 723	673	849	
3 543	723	787	
3 379	774	714	
3 729	545	794	
3 492	555	726	
3 662	553	725	
3 777	852	716	
3 492	726	790	
3 385	780	718	
3 567	727	792	
3 724	793	546	
3 724	788	858	
3 794	545	728	
3 641	729	663	
3 1046	29	1047	
3 1158	1163	1268	
3 705	760	824	
3 762	706	391	
3 692	741	802	
3 733	587	401	
3 796	733	685	
3 862	733	925	
3 739	864	690	
3 743	693	407	
3 698	749	810	
3 751	699	410	
3 682	795	860	
3 689	798	737	
3 798	689	736	
3 737	798	863	
3 739	690	356	
3 1065	1119	1024	
3 395	971	581	
3 799	577	418	
3 800	681	653	
3 741	692	358	
3 740	800	866	
3 742	692	802	
3 801	802	741	
3 575	742	803	
3 804	743	687	
3 744	694	359	
3 743	804	869	
3 869	872	805	
3 695	807	874	
3 1031	1036	871	
3 695	426	807	
3 874	933	746	
3 700	752	814	
3 754	701	430	
3 808	684	655	
3 749	698	363	
3 748	808	875	
3 750	698	810	
3 809	810	749	
3 578	750	811	
3 812	751	688	
3 752	700	364	
3 751	812	878	
3 753	700	814	
3 813	814	752	
3 586	753	815	
3 816	754	696	
3 755	702	365	
3 754	816	884	
3 756	702	818	
3 755	817	818	
3 588	819	757	
3 819	588	756	
3 758	589	445	
3 820	758	703	
3 890	758	942	
3 822	686	656	
3 760	705	368	
3 759	822	891	
3 761	705	824	
3 823	824	760	
3 571	761	825	
3 826	762	683	
3 763	707	369	
3 762	826	894	
3 764	707	828	
3 763	827	828	
3 590	829	765	
3 829	590	764	
3 766	591	455	
3 830	766	708	
3 591	831	767	
3 831	591	766	
3 843	782	720	
3 595	478	772	
3 902	952	835	
3 832	769	711	
3 712	771	833	
3 376	771	712	
3 713	773	836	
3 834	769	832	
3 770	712	833	
3 377	773	713	
3 768	595	835	
3 770	833	903	
3 836	902	772	
3 854	955	992	
3 482	788	724	
3 715	381	776	
3 777	716	382	
3 610	485	973	
3 775	715	838	
3 775	838	906	
3 726	853	790	
3 779	841	717	
3 643	1054	496	
3 778	908	840	
3 1054	642	496	
3 670	1185	1058	
3 669	567	792	
3 781	709	842	
3 782	719	459	
3 842	910	781	
3 719	782	844	
3 1164	592	372	
3 1101	660	600	
3 783	845	1165	
3 783	1165	784	
3 785	847	848	
3 786	637	466	
3 785	710	847	
3 639	534	975	
3 787	723	849	
3 1002	380	850	
3 851	858	788	
3 793	728	546	
3 789	716	852	
3 790	725	492	
3 789	852	918	
3 725	790	854	
3 1056	566	669	
3 791	857	727	
3 855	791	718	
3 791	855	857	
3 788	714	851	
3 729	794	663	
3 793	859	728	
3 859	793	858	
3 682	346	795	
3 1046	346	30	
3 861	796	732	
3 984	1103	1009	
3 574	362	1166	
3 1196	984	1174	
3 736	682	860	
3 1007	1176	860	
3 864	799	690	
3 927	799	864	
3 1037	1040	1042	
3 801	741	691	
3 866	801	740	
3 1026	339	861	
3 928	957	866	
3 930	803	742	
3 930	742	802	
3 862	925	1009	
3 870	734	868	
3 805	744	693	
3 805	743	869	
3 874	986	933	
3 873	744	805	
3 874	806	986	
3 694	806	807	
3 695	874	746	
3 1110	808	655	
3 809	749	697	
3 875	809	748	
3 1034	960	1027	
3 934	959	875	
3 935	811	750	
3 935	750	810	
3 879	877	961	
3 879	735	877	
3 813	752	699	
3 813	751	878	
3 883	815	938	
3 814	937	882	
3 882	815	753	
3 882	753	814	
3 885	883	962	
3 885	747	883	
3 817	755	701	
3 817	754	884	
3 889	819	941	
3 818	940	888	
3 888	819	756	
3 888	756	818	
3 890	942	1012	
3 889	820	757	
3 989	1104	1012	
3 576	367	1167	
3 1200	989	1175	
3 1111	822	656	
3 823	760	704	
3 891	823	759	
3 1035	964	1028	
3 943	963	891	
3 944	825	761	
3 944	761	824	
3 895	893	965	
3 895	731	893	
3 827	763	706	
3 827	762	894	
3 899	829	947	
3 828	946	898	
3 898	829	764	
3 898	764	828	
3 831	949	909	
3 899	830	765	
3 900	831	766	
3 900	766	830	
3 949	831	900	
3 972	600	469	
3 834	771	601	
3 901	771	834	
3 837	773	602	
3 1256	834	832	
3 771	901	833	
3 772	713	836	
3 914	847	768	
3 904	773	837	
3 835	772	902	
3 837	770	903	
3 904	902	836	
3 973	1003	610	
3 839	777	611	
3 839	775	906	
3 725	854	662	
3 779	907	841	
3 1092	674	977	
3 613	1057	779	
3 778	841	908	
3 909	767	831	
3 719	844	658	
3 909	911	767	
3 843	913	782	
3 910	843	781	
3 782	913	844	
3 1091	671	976	
3 1295	1256	1001	
3 1335	846	1165	
3 660	1001	832	
3 914	768	835	
3 722	848	786	
3 848	1168	915	
3 1094	975	1126	
3 673	639	1094	
3 1029	980	1006	
3 980	787	849	
3 1105	1338	1021	
3 607	1016	774	
3 1169	858	851	
3 839	917	777	
3 906	953	839	
3 777	917	919	
3 853	921	790	
3 853	918	920	
3 854	790	921	
3 627	1058	780	
3 566	1056	668	
3 780	922	855	
3 1239	923	983	
3 983	855	922	
3 792	857	923	
3 924	1059	1137	
3 859	794	728	
3 916	1169	851	
3 794	859	924	
3 1007	860	795	
3 1176	863	798	
3 732	803	861	
3 958	861	803	
3 733	796	925	
3 1009	1103	862	
3 1106	1147	580	
3 1004	1022	974	
3 739	926	864	
3 865	734	577	
3 865	799	927	
3 341	931	1064	
3 1108	800	653	
3 801	866	957	
3 802	801	968	
3 1032	1044	328	
3 734	865	868	
3 927	967	865	
3 870	804	734	
3 869	804	870	
3 1061	1064	868	
3 931	1010	985	
3 873	806	744	
3 1031	1010	1024	
3 870	872	869	
3 873	932	806	
3 805	872	873	
3 932	873	872	
3 807	806	874	
3 932	986	806	
3 1110	655	1052	
3 809	875	959	
3 810	809	969	
3 1195	336	1132	
3 735	811	877	
3 811	935	960	
3 879	812	735	
3 878	812	879	
3 961	877	1034	
3 987	936	880	
3 813	881	937	
3 1190	936	1170	
3 813	878	881	
3 879	881	878	
3 814	813	937	
3 1082	883	938	
3 747	815	883	
3 938	815	882	
3 885	816	747	
3 884	816	885	
3 333	962	883	
3 988	939	886	
3 817	887	940	
3 1203	333	1082	
3 817	884	887	
3 885	887	884	
3 818	817	940	
3 1083	889	941	
3 757	819	889	
3 941	819	888	
3 758	820	942	
3 1012	1104	890	
3 1111	656	1053	
3 823	891	963	
3 824	823	970	
3 1215	338	1133	
3 731	825	893	
3 825	944	964	
3 895	826	731	
3 894	826	895	
3 965	893	1035	
3 990	945	896	
3 827	897	946	
3 1172	945	344	
3 827	894	897	
3 895	897	894	
3 828	827	946	
3 1084	899	947	
3 765	829	899	
3 947	829	898	
3 830	899	900	
3 949	899	315	
3 1256	832	1001	
3 903	901	948	
3 836	773	904	
3 904	952	902	
3 833	901	903	
3 948	904	837	
3 948	837	903	
3 952	914	835	
3 906	905	953	
3 838	776	905	
3 838	905	906	
3 953	917	839	
3 663	794	924	
3 1173	1093	977	
3 841	907	908	
3 982	908	907	
3 1335	1267	1114	
3 910	912	843	
3 911	842	767	
3 910	842	911	
3 911	909	966	
3 910	911	912	
3 949	1125	909	
3 991	658	844	
3 843	912	913	
3 951	913	912	
3 1280	378	1304	
3 914	1189	1168	
3 786	848	915	
3 848	847	1168	
3 1178	1016	1015	
3 1138	1117	1137	
3 920	919	954	
3 789	918	853	
3 919	852	777	
3 918	852	919	
3 955	854	921	
3 918	919	920	
3 917	954	919	
3 953	1087	917	
3 853	920	921	
3 955	921	920	
3 1092	680	674	
3 1226	1228	1118	
3 983	857	855	
3 923	857	983	
3 1059	859	858	
3 1059	924	859	
3 796	861	925	
3 1009	339	984	
3 581	971	1000	
3 1067	738	1066	
3 926	1069	864	
3 956	1061	1063	
3 1098	867	993	
3 866	800	928	
3 958	803	930	
3 1174	339	1197	
3 968	801	957	
3 1017	958	994	
3 985	1010	871	
3 872	870	931	
3 872	985	932	
3 985	1025	932	
3 1037	1032	1040	
3 1037	933	1033	
3 1099	876	995	
3 875	808	934	
3 969	809	959	
3 811	960	877	
3 961	881	879	
3 1170	936	342	
3 881	987	937	
3 987	1095	937	
3 1095	882	937	
3 883	1082	333	
3 962	887	885	
3 1219	1203	1300	
3 887	988	940	
3 988	1096	940	
3 1096	888	940	
3 889	1083	343	
3 820	889	942	
3 1012	343	989	
3 1100	892	997	
3 891	822	943	
3 970	823	963	
3 825	964	893	
3 965	897	895	
3 344	1019	1194	
3 897	990	946	
3 990	1097	946	
3 1097	898	946	
3 899	1084	315	
3 901	1256	1333	
3 322	1279	1343	
3 899	949	900	
3 949	315	1125	
3 966	912	911	
3 1193	896	945	
3 1090	912	966	
3 976	671	583	
3 1085	952	904	
3 1189	1124	1209	
3 1087	953	1260	
3 917	1087	954	
3 1217	1487	1201	
3 992	662	854	
3 954	1088	920	
3 920	1088	955	
3 967	868	865	
3 1043	1039	1041	
3 928	328	1098	
3 802	968	930	
3 930	968	994	
3 1026	958	1017	
3 934	336	1099	
3 810	969	935	
3 996	935	969	
3 342	961	1034	
3 342	936	961	
3 881	961	936	
3 333	939	962	
3 887	962	939	
3 943	338	1100	
3 824	970	944	
3 998	944	970	
3 344	965	1035	
3 344	945	965	
3 897	965	945	
3 1090	966	1263	
3 1013	951	1090	
3 926	1067	1069	
3 967	1063	1061	
3 957	993	968	
3 994	958	930	
3 959	995	969	
3 996	960	935	
3 963	997	970	
3 998	964	944	
3 573	654	999	
3 581	1000	739	
3 972	1114	1135	
3 1101	1001	660	
3 608	380	1002	
3 610	1003	776	
3 1004	579	737	
3 1022	1005	974	
3 786	975	637	
3 1126	979	1094	
3 1014	1013	1332	
3 845	1164	978	
3 840	908	982	
3 977	1093	1188	
3 1091	978	672	
3 1336	1454	1390	
3 1338	1260	905	
3 849	673	979	
3 979	1006	849	
3 980	849	1006	
3 981	1007	1257	
3 1145	1080	1146	
3 1117	1057	663	
3 1134	1208	1093	
3 1118	922	1058	
3 856	1115	1056	
3 1009	861	339	
3 1174	984	339	
3 931	985	872	
3 1025	1011	745	
3 1025	985	1011	
3 986	1025	1033	
3 936	987	881	
3 1095	987	880	
3 939	988	887	
3 1096	988	886	
3 1012	889	343	
3 343	1175	989	
3 945	990	897	
3 1097	990	896	
3 1013	991	951	
3 658	1014	585	
3 1015	992	955	
3 1016	916	774	
3 957	928	1098	
3 1026	1017	929	
3 968	993	994	
3 1017	993	867	
3 959	934	1099	
3 1034	1027	1018	
3 969	995	996	
3 1027	995	876	
3 963	943	1100	
3 1035	1028	1019	
3 970	997	998	
3 1028	997	892	
3 999	1122	1079	
3 1067	1072	738	
3 1020	971	999	
3 926	739	1000	
3 1135	1101	972	
3 834	1256	901	
3 850	1029	1002	
3 973	1021	1003	
3 1021	973	1002	
3 905	776	1003	
3 737	863	1004	
3 1106	1022	1147	
3 1079	1122	335	
3 1128	1152	1005	
3 1107	1314	1023	
3 980	1029	850	
3 1007	795	1257	
3 340	1007	981	
3 1233	1234	1118	
3 1488	1294	1451	
3 861	1009	925	
3 1103	984	797	
3 931	341	1010	
3 1024	1010	341	
3 985	871	1011	
3 871	1010	1031	
3 889	1012	942	
3 1104	989	821	
3 951	912	1090	
3 1013	1090	1262	
3 1013	1014	991	
3 976	583	1177	
3 1087	1261	954	
3 1057	1138	907	
3 662	992	1016	
3 1015	1016	992	
3 993	1017	994	
3 867	929	1017	
3 1027	960	996	
3 1191	1170	342	
3 1028	964	998	
3 892	1179	1019	
3 1077	1070	1075	
3 1000	1020	1073	
3 1021	1002	1105	
3 905	1003	1021	
3 1147	1004	863	
3 1127	1102	1128	
3 1029	1006	1107	
3 1314	378	1352	
3 1071	1066	1068	
3 1076	1078	1074	
3 986	1033	933	
3 932	1025	986	
3 339	1026	929	
3 861	958	1026	
3 995	1027	996	
3 876	1018	1027	
3 997	1028	998	
3 892	1019	1028	
3 1107	1006	979	
3 1105	1334	1367	
3 1030	1036	1038	
3 1045	1043	1041	
3 1038	1031	1024	
3 871	1036	1011	
3 1033	745	1039	
3 1041	1039	745	
3 1025	745	1033	
3 1037	1039	1032	
3 342	1034	1018	
3 877	960	1034	
3 344	1035	1019	
3 893	964	1035	
3 1038	1036	1031	
3 1030	1011	1036	
3 1040	1032	328	
3 1042	933	1037	
3 1065	341	1060	
3 1098	328	1183	
3 1033	1039	1037	
3 1030	1041	745	
3 328	928	1040	
3 928	800	1108	
3 1032	1043	1044	
3 1039	1043	1032	
3 1108	1042	1040	
3 570	1042	653	
3 1030	1045	1041	
3 1180	1030	1038	
3 1044	1043	1045	
3 1205	1098	1183	
3 1140	1156	1448	
3 1288	1308	1170	
3 1047	29	28	
3 795	346	1046	
3 28	27	1258	
3 1257	730	981	
3 565	667	1050	
3 282	1049	283	
3 1116	679	668	
3 1048	1050	1049	
3 1109	1050	667	
3 1294	1050	1345	
3 1139	1225	680	
3 647	1051	1206	
3 1052	574	1166	
3 1132	336	1110	
3 1053	576	1167	
3 1133	338	1111	
3 1112	840	982	
3 642	1054	1113	
3 1114	1055	846	
3 972	598	1055	
3 1115	856	1008	
3 668	1056	1116	
3 613	663	1057	
3 1117	663	924	
3 627	670	1058	
3 1058	1185	1118	
3 1201	916	1178	
3 1059	1216	1137	
3 1061	868	967	
3 1062	1060	956	
3 956	1060	1061	
3 1061	1060	1064	
3 1130	1146	1102	
3 956	1066	1071	
3 967	927	1069	
3 1066	956	1063	
3 341	1064	1060	
3 868	1064	931	
3 1119	1065	1062	
3 1024	341	1065	
3 1067	1066	1063	
3 1068	1066	738	
3 1069	1067	1063	
3 1072	1067	926	
3 1264	580	1131	
3 1078	1121	1068	
3 967	1069	1063	
3 1069	927	864	
3 1079	1077	1075	
3 1077	1080	1081	
3 1120	1071	1068	
3 1062	956	1071	
3 1073	1072	926	
3 1074	738	1072	
3 1000	1073	926	
3 1075	1073	1020	
3 1075	1072	1073	
3 1076	1074	1070	
3 1079	1020	999	
3 1074	1075	1070	
3 1264	1131	1265	
3 1024	1119	1140	
3 1075	1020	1079	
3 1080	1077	335	
3 1121	1078	1076	
3 1068	738	1078	
3 1122	999	654	
3 335	1077	1079	
3 730	1376	981	
3 1062	1120	1141	
3 1123	1081	1080	
3 1076	1070	1081	
3 1095	1082	938	
3 880	1181	1082	
3 1096	1083	941	
3 1175	343	1198	
3 1097	1084	947	
3 1193	945	1172	
3 904	948	1085	
3 1333	948	901	
3 1124	914	952	
3 1319	1354	1382	
3 1260	953	905	
3 1088	1015	955	
3 1015	1284	1217	
3 1306	1217	1284	
3 1125	966	909	
3 1084	1204	315	
3 1263	966	1125	
3 1263	1089	1329	
3 1332	1013	1262	
3 1368	1407	1335	
3 1149	1092	977	
3 1092	1139	680	
3 665	642	1113	
3 1134	665	1113	
3 639	975	1094	
3 1126	975	915	
3 1082	1095	880	
3 1095	938	882	
3 1083	1096	886	
3 1096	941	888	
3 1084	1097	896	
3 1097	947	898	
3 1098	993	957	
3 1044	1183	328	
3 1099	995	959	
3 1191	1018	1210	
3 1100	997	963	
3 1202	1179	892	
3 600	972	1101	
3 972	1055	1114	
3 1128	1106	1127	
3 1130	1127	1129	
3 797	1052	1103	
3 1166	1103	1052	
3 821	1053	1104	
3 1167	1104	1053	
3 1002	1029	1105	
3 1334	1029	1107	
3 1005	1022	1106	
3 1147	863	1131	
3 979	1126	1320	
3 1334	1107	1023	
3 1042	1108	653	
3 928	1108	1040	
3 1116	1136	679	
3 1187	1109	1136	
3 1110	1052	1132	
3 934	808	1110	
3 1111	1053	1133	
3 943	822	1111	
3 982	1148	1287	
3 922	1234	1236	
3 1054	1112	1113	
3 665	1134	1093	
3 784	1165	846	
3 1386	1418	1347	
3 1235	1237	1184	
3 1290	1008	1238	
3 1056	1115	1116	
3 679	1136	1109	
3 924	1137	1117	
3 1057	1117	1138	
3 1206	1221	1185	
3 922	1236	983	
3 1123	1076	1081	
3 1151	1120	1142	
3 1068	1121	1142	
3 1150	1140	1119	
3 1144	1076	1123	
3 1045	1296	1269	
3 654	572	1143	
3 335	1122	1102	
3 1127	1130	1102	
3 1141	1120	1151	
3 1343	952	1085	
3 1086	1209	1279	
3 315	1182	1125	
3 1182	1263	1125	
3 1189	1209	1281	
3 378	1320	1304	
3 1106	580	1127	
3 1129	1127	580	
3 1102	1122	1128	
3 1143	1122	654	
3 1145	1146	1155	
3 1145	1154	1123	
3 1130	1129	1155	
3 1102	1146	335	
3 863	340	1131	
3 1131	340	1265	
3 1052	797	1132	
3 797	984	1196	
3 1053	821	1133	
3 821	989	1200	
3 1113	1112	1134	
3 1112	1208	1134	
3 1135	1114	1267	
3 1001	1135	1295	
3 1116	1115	1136	
3 1187	1136	1115	
3 1169	1201	1059	
3 907	1148	982	
3 1137	1216	1283	
3 907	1138	1148	
3 1149	1139	1092	
3 1139	1149	1222	
3 1141	1119	1062	
3 1119	1141	1150	
3 1142	1120	1068	
3 1076	1144	1121	
3 1153	1121	1144	
3 1153	1151	1142	
3 1143	572	1152	
3 1128	1122	1143	
3 1123	1080	1145	
3 1151	1157	1141	
3 580	1264	1129	
3 1159	1161	1156	
3 1146	1130	1155	
3 1080	335	1146	
3 1147	1022	1004	
3 580	1147	1131	
3 1059	1201	1216	
3 1222	1253	1248	
3 1093	1208	1188	
3 1149	977	1188	
3 1158	1157	1151	
3 1150	1159	1140	
3 1142	1121	1153	
3 1153	1144	1160	
3 572	355	1152	
3 632	1152	355	
3 1154	1144	1123	
3 1144	1154	1160	
3 1159	1156	1140	
3 1162	1160	1154	
3 1376	1340	981	
3 1445	1155	1266	
3 1150	1141	1157	
3 1285	1197	1220	
3 1151	1153	1163	
3 1150	1157	1159	
3 1155	1445	1145	
3 1423	1429	1441	
3 1157	1158	1159	
3 1161	1159	1158	
3 1162	1154	1145	
3 1153	1160	1163	
3 1158	1151	1163	
3 1414	1381	1400	
3 1129	1264	1266	
3 1158	1268	1161	
3 1160	1162	1163	
3 1163	1162	1268	
3 978	1164	594	
3 592	1164	845	
3 978	1336	845	
3 1091	976	1363	
3 587	1166	362	
3 1166	862	1103	
3 589	1167	367	
3 1167	890	1104	
3 847	914	1168	
3 1189	914	1124	
3 916	1016	1178	
3 1059	858	1169	
3 1018	1191	342	
3 1018	876	1210	
3 939	1192	886	
3 1276	1380	1379	
3 1182	1278	1089	
3 1204	1278	1182	
3 384	619	1173	
3 1093	1173	619	
3 1197	339	929	
3 1269	1183	1044	
3 1198	343	1083	
3 1282	1199	1305	
3 860	1176	798	
3 340	1176	1007	
3 585	1177	357	
3 976	1177	1014	
3 1015	1088	1284	
3 916	1201	1169	
3 1202	892	1100	
3 1194	1271	1172	
3 1140	1180	1038	
3 1156	1161	1346	
3 1190	880	936	
3 1192	1300	1171	
3 1211	896	1193	
3 1263	1182	1089	
3 1045	1269	1044	
3 1286	1224	1205	
3 1221	1226	1185	
3 1235	1184	1233	
3 670	1206	1185	
3 1139	1231	1225	
3 1215	1133	1199	
3 1341	1377	1378	
3 1345	1187	1489	
3 1293	1294	1488	
3 1225	1231	1207	
3 1227	1228	1226	
3 1124	1279	1209	
3 1168	1189	1281	
3 1270	1190	1170	
3 1181	880	1190	
3 1212	1099	336	
3 1212	336	1195	
3 1219	333	1203	
3 337	1175	1273	
3 1204	1301	1312	
3 315	1204	1182	
3 1019	1179	1194	
3 1271	1194	1179	
3 1197	1285	1174	
3 1210	1288	1191	
3 1174	1344	1297	
3 797	1213	1132	
3 1098	1205	867	
3 1224	1285	1220	
3 1214	1083	886	
3 1298	1171	1273	
3 1199	1200	1274	
3 1282	1186	1299	
3 1274	1200	1175	
3 1199	821	1200	
3 1217	1178	1015	
3 1283	1138	1137	
3 1218	1100	338	
3 1282	1299	1218	
3 1181	1276	1300	
3 333	1219	939	
3 896	1211	1084	
3 1302	1301	1172	
3 1183	1286	1205	
3 867	1220	929	
3 647	1206	670	
3 1225	1207	1221	
3 1188	1208	1229	
3 1240	1207	1231	
3 1112	982	1287	
3 1148	1138	1283	
3 1304	1281	1209	
3 1281	915	1168	
3 1223	876	1099	
3 1289	1210	1223	
3 1301	1211	1193	
3 1204	1084	1211	
3 1289	1223	1212	
3 876	1223	1210	
3 1297	1213	1196	
3 1195	1132	1213	
3 886	1192	1214	
3 1192	1171	1298	
3 1282	1215	1199	
3 1100	1218	1202	
3 1178	1217	1201	
3 1229	1248	1253	
3 954	1261	1088	
3 1217	1306	1487	
3 338	1215	1218	
3 1218	1215	1282	
3 1203	1181	1300	
3 1192	939	1219	
3 1220	1205	1224	
3 1197	929	1220	
3 1051	1221	1206	
3 1226	1221	1207	
3 1112	1446	1208	
3 1227	1250	1252	
3 1099	1212	1223	
3 1289	1230	1210	
3 1383	1344	1285	
3 1213	1297	1195	
3 1221	1051	1225	
3 680	1225	1051	
3 1226	1207	1227	
3 1185	1226	1118	
3 1245	1241	1246	
3 1008	1239	1238	
3 1227	1252	1235	
3 1234	1233	1184	
3 1249	1242	1246	
3 1250	1240	1244	
3 1311	1317	1195	
3 1397	1308	1315	
3 1139	1222	1231	
3 1207	1240	1227	
3 1247	1244	1245	
3 1187	1115	1290	
3 1118	1228	1233	
3 1235	1233	1228	
3 1234	1184	1236	
3 1118	1234	922	
3 1227	1235	1228	
3 1235	1232	1237	
3 1238	1236	1184	
3 923	1239	1008	
3 1369	1232	1251	
3 1115	1008	1290	
3 1184	1237	1238	
3 1238	1237	1290	
3 983	1236	1239	
3 1238	1239	1236	
3 1222	1241	1231	
3 1240	1231	1241	
3 1245	1246	1242	
3 1240	1241	1244	
3 1283	1287	1148	
3 1254	1247	1242	
3 1244	1247	1243	
3 1252	1232	1235	
3 1245	1244	1241	
3 1250	1244	1243	
3 1246	1241	1222	
3 1245	1242	1247	
3 1222	1248	1246	
3 1246	1248	1249	
3 1254	1242	1249	
3 1243	1247	1255	
3 1222	1149	1253	
3 1248	1229	1249	
3 1467	1249	1229	
3 1577	1287	1449	
3 1250	1243	1251	
3 1240	1250	1227	
3 1255	1247	1254	
3 1237	1337	1290	
3 1250	1251	1252	
3 1251	1232	1252	
3 1149	1188	1253	
3 1229	1253	1188	
3 1471	1450	1469	
3 1251	1243	1255	
3 1372	1370	1450	
3 1373	1452	1337	
3 1295	1135	1267	
3 1333	1085	948	
3 795	1047	1257	
3 1047	1258	1292	
3 1291	27	26	
3 1047	1292	1257	
3 1050	1109	1345	
3 1293	1447	285	
3 905	1021	1338	
3 1087	1339	1261	
3 1339	1087	1260	
3 1552	1514	1526	
3 1165	1368	1335	
3 1332	976	1014	
3 1329	1089	1325	
3 1262	1090	1263	
3 340	981	1340	
3 1264	1265	1266	
3 1340	1375	1265	
3 1129	1266	1155	
3 1340	1265	340	
3 1445	1162	1145	
3 846	1335	1114	
3 1303	1347	1462	
3 1266	1375	1507	
3 320	1495	1516	
3 1180	1296	1045	
3 1140	1448	1180	
3 1170	1191	1288	
3 319	1181	1270	
3 1179	318	1271	
3 1302	1277	1301	
3 1286	1307	1224	
3 1289	1309	1230	
3 1298	1198	1214	
3 1171	1276	1379	
3 1175	337	1274	
3 1282	1305	1186	
3 1202	1299	1179	
3 1305	1396	1186	
3 1181	319	1276	
3 1531	1527	1528	
3 1302	1172	1271	
3 1377	1394	1395	
3 1301	1204	1211	
3 1321	1312	1277	
3 1343	1279	1124	
3 324	1565	1566	
3 1209	1086	1280	
3 1319	1313	1280	
3 1304	1209	1280	
3 1126	915	1281	
3 1305	1199	1274	
3 1186	1275	1299	
3 1201	1487	1216	
3 1208	1446	1229	
3 1088	1261	1284	
3 1306	1284	1261	
3 1383	1398	1349	
3 1174	1285	1344	
3 1183	1269	1286	
3 1307	1286	1269	
3 1449	1283	1216	
3 1446	1467	1229	
3 1288	1230	1315	
3 1270	1170	1308	
3 1195	1317	1212	
3 1195	1297	1311	
3 1237	1232	1369	
3 1370	1369	1251	
3 26	25	1415	
3 1258	1310	1292	
3 1310	1258	1291	
3 1310	1351	1292	
3 1259	1049	1294	
3 1259	1294	1293	
3 1290	1337	1452	
3 1486	286	1447	
3 1389	1295	1463	
3 1366	322	1085	
3 1468	1296	1448	
3 1269	1296	1307	
3 1174	1297	1196	
3 1297	1272	1311	
3 1192	1298	1214	
3 1175	1298	1273	
3 1299	1202	1218	
3 318	1299	1275	
3 1171	1300	1276	
3 1192	1219	1300	
3 1172	1301	1193	
3 1312	1301	1277	
3 1271	318	1302	
3 1318	1353	1456	
3 1404	1458	1382	
3 1267	1407	1419	
3 1320	378	1314	
3 1126	1281	1304	
3 1274	337	1305	
3 1396	1378	1186	
3 1339	1408	1459	
3 1287	1283	1449	
3 1180	1448	1296	
3 1474	1412	1497	
3 1230	1309	1315	
3 319	1270	1308	
3 1309	1311	1316	
3 1288	1315	1308	
3 1401	1310	1291	
3 1292	1351	730	
3 1316	1311	1272	
3 1317	1311	1309	
3 1277	1318	1321	
3 1204	1312	1278	
3 1313	1319	1382	
3 1352	1385	1314	
3 1107	979	1320	
3 1313	1352	378	
3 1480	1309	1316	
3 1412	1342	1380	
3 1272	1297	1344	
3 1272	1381	1316	
3 1309	1289	1317	
3 1212	1317	1289	
3 1353	1277	1302	
3 1324	1318	1326	
3 1279	1354	1086	
3 1086	1354	1319	
3 1107	1320	1314	
3 1126	1304	1320	
3 1325	1323	1327	
3 1278	1321	1323	
3 1321	1324	1323	
3 1329	1262	1263	
3 1324	1321	1318	
3 1325	1089	1323	
3 1318	1277	1353	
3 1325	1327	1322	
3 1327	1323	1324	
3 1325	1322	1328	
3 1357	1362	950	
3 1331	1327	1330	
3 1326	1330	1324	
3 1327	1324	1330	
3 1356	1359	1322	
3 1368	1390	1407	
3 1325	1328	1329	
3 1262	1329	1328	
3 1360	1326	1355	
3 1327	1331	1322	
3 1331	1360	1357	
3 1356	1322	1331	
3 1359	1387	1328	
3 976	1332	1363	
3 1389	1256	1295	
3 1085	1333	1366	
3 1105	1367	323	
3 1105	1029	1334	
3 1368	845	1336	
3 978	1091	1365	
3 1387	1262	1328	
3 1328	1322	1359	
3 1371	1369	1370	
3 1513	1525	1486	
3 1105	323	1338	
3 1374	1338	323	
3 1338	1374	1260	
3 323	1424	1408	
3 1340	1376	1392	
3 1393	1351	1410	
3 1378	1275	1186	
3 1326	1318	1456	
3 1380	1342	1379	
3 1412	1380	1397	
3 952	1343	1124	
3 1085	322	1343	
3 1383	1285	1398	
3 1272	1344	1381	
3 1109	1187	1345	
3 1337	1371	1373	
3 1268	1481	1161	
3 1477	1437	1413	
3 1347	1404	1386	
3 1386	322	1405	
3 337	1460	1411	
3 1527	1515	1529	
3 1399	1349	1398	
3 1423	1349	1429	
3 1350	1415	1484	
3 1421	1431	1409	
3 1310	331	1351	
3 1392	1375	1340	
3 1434	1438	1430	
3 1402	1424	1430	
3 1395	1302	318	
3 1395	1394	1353	
3 1386	1279	322	
3 1354	1386	1404	
3 1456	1472	1478	
3 1361	1388	1551	
3 1357	1356	1331	
3 1358	1356	950	
3 1360	1331	1330	
3 1357	1360	1362	
3 1482	1361	1498	
3 1332	1364	1363	
3 1356	1358	1359	
3 1387	1359	1358	
3 1326	1360	1330	
3 1362	1360	1355	
3 1482	1388	1361	
3 1462	1425	1502	
3 1388	1362	1355	
3 1482	1362	1388	
3 1332	1262	1364	
3 1091	1363	1365	
3 1387	1406	1364	
3 1365	1336	978	
3 1363	1364	1365	
3 1365	1364	1454	
3 1389	1333	1256	
3 1366	1333	1389	
3 1334	1023	1367	
3 1385	1023	1314	
3 845	1368	1165	
3 1368	1336	1390	
3 1370	1251	1255	
3 1237	1369	1337	
3 1254	1469	1255	
3 1337	1369	1371	
3 1450	1370	1255	
3 1371	1370	1372	
3 1590	1549	1543	
3 1505	1542	1451	
3 1372	1450	1493	
3 287	1486	1512	
3 1408	1374	323	
3 1339	1260	1374	
3 1409	1392	1376	
3 1162	1445	1506	
3 1351	1393	730	
3 1393	1409	1376	
3 1394	1377	1341	
3 1378	1377	1275	
3 1305	337	1411	
3 1508	1455	1457	
3 1533	1342	1461	
3 1473	1479	1457	
3 319	1397	1380	
3 1276	319	1380	
3 1400	1344	1383	
3 1344	1400	1381	
3 1568	1574	1492	
3 1438	1465	1391	
3 1398	1285	1224	
3 1383	1349	1400	
3 1415	1401	1291	
3 1431	1426	1409	
3 1352	1313	1403	
3 1385	1352	1403	
3 1279	1386	1354	
3 1366	1405	322	
3 1406	1387	1358	
3 1262	1387	1364	
3 1510	1355	1478	
3 1355	1510	1388	
3 1463	1425	1389	
3 1418	1386	1405	
3 1365	1454	1336	
3 1419	1390	1490	
3 1339	1374	1408	
3 1367	1416	1430	
3 1376	730	1393	
3 1427	1410	1422	
3 331	1410	1351	
3 1410	1421	1393	
3 1355	1326	1478	
3 1353	1394	1456	
3 1302	1395	1353	
3 318	1377	1395	
3 1411	1396	1305	
3 1473	1396	1411	
3 1308	1397	319	
3 1397	1315	1412	
3 1224	1307	1398	
3 1399	1398	1307	
3 1413	1307	1296	
3 1413	1433	1307	
3 1429	1349	1399	
3 1414	1316	1381	
3 1291	26	1415	
3 1384	331	1401	
3 1416	1367	1023	
3 1408	1491	1459	
3 1313	1382	1403	
3 1382	1458	1503	
3 1458	1404	1347	
3 1382	1354	1404	
3 1389	1417	1366	
3 1405	1366	1417	
3 1498	1358	1482	
3 1361	1578	1498	
3 1419	1407	1390	
3 1267	1335	1407	
3 1402	1391	1491	
3 1339	1459	1261	
3 1421	1409	1393	
3 1392	1409	1426	
3 1384	1422	331	
3 1350	1428	1384	
3 1460	337	1273	
3 1473	1460	1479	
3 1309	1480	1315	
3 1342	1412	1474	
3 1441	1485	1423	
3 1495	1461	1474	
3 1423	1400	1349	
3 1423	1414	1400	
3 1484	1415	25	
3 1384	1415	1350	
3 1385	1403	1434	
3 1367	1424	323	
3 1267	1463	1295	
3 1405	1417	1418	
3 1417	1389	1425	
3 1347	1418	1462	
3 1454	1490	1390	
3 1417	1425	1418	
3 1432	1428	1436	
3 1557	1583	1547	
3 1422	1410	331	
3 1426	1375	1392	
3 1422	1428	1432	
3 1435	1431	1421	
3 1413	1468	1477	
3 1429	1433	1441	
3 1424	1367	1430	
3 1402	1408	1424	
3 1463	1502	1425	
3 1418	1425	1462	
3 1421	1410	1427	
3 1506	1445	1523	
3 1422	1384	1428	
3 1422	1432	1427	
3 1436	1428	1464	
3 1547	1582	1557	
3 1399	1433	1429	
3 1433	1437	1441	
3 1434	1416	1385	
3 1416	1434	1430	
3 1427	1435	1421	
3 1432	1440	1427	
3 1350	1464	1428	
3 1439	1431	1435	
3 1307	1433	1399	
3 1433	1413	1437	
3 1434	1465	1438	
3 1430	1438	1402	
3 1432	1442	1440	
3 1440	1435	1427	
3 1444	1554	1540	
3 1426	1431	1439	
3 1481	1346	1161	
3 1495	320	1461	
3 1465	1434	1403	
3 1391	1402	1438	
3 1439	1443	1444	
3 1506	1481	1268	
3 1442	1432	1436	
3 1435	1440	1443	
3 1441	1437	1517	
3 1423	1485	1414	
3 1476	1436	1475	
3 1435	1443	1439	
3 1440	1442	1443	
3 1444	1443	1442	
3 1476	1442	1436	
3 1545	1481	1506	
3 1426	1507	1375	
3 1540	1439	1444	
3 1112	1287	1446	
3 1446	1287	1467	
3 1294	1345	1451	
3 286	1486	287	
3 1156	1346	1448	
3 1296	1468	1413	
3 1526	1487	1306	
3 1471	1469	1470	
3 1255	1469	1450	
3 1453	1372	1493	
3 1453	1373	1372	
3 288	287	1512	
3 1539	1373	1453	
3 1345	1489	1451	
3 292	1601	1646	
3 1452	1521	1501	
3 1364	1406	1454	
3 1454	1406	1490	
3 1341	1455	1472	
3 1341	1378	1455	
3 1472	1394	1341	
3 1456	1394	1472	
3 1508	321	1455	
3 1396	1473	1378	
3 1347	1303	1458	
3 1458	1303	1503	
3 1408	1402	1491	
3 1306	1261	1459	
3 1171	1483	1273	
3 1530	1479	1528	
3 1461	1342	1474	
3 1527	1348	1528	
3 1419	1502	1463	
3 1303	1462	1509	
3 1267	1419	1463	
3 1502	1419	1490	
3 1350	334	1464	
3 1475	1464	334	
3 1382	1503	1403	
3 1565	1391	1465	
3 1475	1436	1464	
3 1583	1557	1561	
3 1469	1254	1470	
3 1249	1467	1470	
3 1448	1346	1468	
3 1468	1346	1477	
3 1470	1254	1249	
3 1287	1577	1467	
3 1449	1487	1514	
3 1471	1493	1450	
3 1467	1577	1470	
3 1627	1494	1577	
3 1455	321	1496	
3 1478	1326	1456	
3 1460	1473	1411	
3 1378	1473	1457	
3 1315	1480	1497	
3 1474	1497	1504	
3 1582	1547	1592	
3 1476	1444	1442	
3 1475	1548	1582	
3 1476	1592	1554	
3 1511	1346	1481	
3 1346	1511	1477	
3 1496	1472	1455	
3 1472	1496	1478	
3 1499	1460	1483	
3 1460	1499	1479	
3 1316	1414	1480	
3 1519	1537	1485	
3 1162	1506	1268	
3 1538	1545	1598	
3 1358	950	1482	
3 950	1362	1482	
3 1483	1379	1499	
3 1460	1273	1483	
3 25	24	1484	
3 334	1484	24	
3 1517	1437	1500	
3 1495	1504	1550	
3 1488	1447	1293	
3 1488	1513	1447	
3 1459	1491	1526	
3 1216	1487	1449	
3 1489	1505	1451	
3 288	1512	1549	
3 1187	1501	1489	
3 1489	1501	1505	
3 1406	1358	1498	
3 1573	1509	325	
3 1565	1567	1570	
3 1526	1514	1487	
3 1403	1503	1465	
3 1492	1576	1569	
3 1494	1471	1470	
3 1556	1546	1539	
3 1572	1585	324	
3 1493	1471	1494	
3 1495	1474	1504	
3 1519	1485	1517	
3 1496	321	1524	
3 1478	1496	1510	
3 1315	1497	1412	
3 1497	1480	1504	
3 1578	1361	332	
3 1490	1406	1498	
3 1533	1379	1342	
3 320	1515	1533	
3 1520	1437	1477	
3 1520	1500	1437	
3 1290	1501	1187	
3 1521	1505	1501	
3 1509	1502	1588	
3 1462	1502	1509	
3 1571	1573	325	
3 1503	1574	1568	
3 1537	1480	1414	
3 1485	1441	1517	
3 1542	1505	1604	
3 1543	1512	1525	
3 1445	1266	1507	
3 1541	1426	1522	
3 1522	1426	1439	
3 1445	1507	1523	
3 1530	1508	1457	
3 1527	1529	1532	
3 1588	1490	1498	
3 1597	1588	1578	
3 1510	1496	1524	
3 1510	1524	1551	
3 1511	1481	1538	
3 1477	1511	1520	
3 1486	1447	1513	
3 1525	1512	1486	
3 1488	1451	1542	
3 1488	1542	1513	
3 1552	1567	1584	
3 1514	1627	1577	
3 1533	1461	320	
3 1515	1553	1529	
3 1537	1536	1550	
3 1544	321	1508	
3 1518	1517	1500	
3 1517	1518	1519	
3 1579	1518	1589	
3 1550	1516	1495	
3 1519	1518	1536	
3 1485	1537	1414	
3 1523	1545	1506	
3 1520	1589	1500	
3 1452	1539	1521	
3 1521	1539	1546	
3 1540	1522	1439	
3 1520	1511	1538	
3 1507	1541	1523	
3 1541	1555	1523	
3 1535	1544	1508	
3 1348	1527	1532	
3 1542	1525	1513	
3 1542	1543	1525	
3 1459	1526	1306	
3 1552	1526	1491	
3 1531	1515	1527	
3 1515	320	1553	
3 1530	1528	1348	
3 1499	1528	1479	
3 1558	1534	1529	
3 1508	1348	1535	
3 1508	1530	1348	
3 1479	1530	1457	
3 1528	1499	1531	
3 1499	1379	1533	
3 1532	1529	1534	
3 1348	1532	1535	
3 1515	1531	1533	
3 1499	1533	1531	
3 1529	1553	1558	
3 1656	1587	1647	
3 1532	1534	1535	
3 321	1544	1524	
3 1606	1536	1518	
3 1579	1606	1518	
3 1536	1537	1519	
3 1480	1537	1504	
3 1545	1538	1481	
3 1545	1562	1598	
3 1373	1539	1452	
3 1453	1556	1539	
3 1444	1476	1554	
3 1540	1554	1559	
3 1426	1541	1507	
3 1560	1541	1522	
3 1546	1505	1521	
3 1590	1599	290	
3 1546	1604	1505	
3 1601	291	1599	
3 1535	1534	1544	
3 1551	1647	332	
3 1523	1555	1545	
3 1563	1545	1555	
3 1453	1493	1581	
3 292	1646	293	
3 1582	1548	1557	
3 1557	314	1561	
3 334	23	1548	
3 1475	334	1548	
3 1512	1543	1549	
3 1543	1580	1590	
3 1537	1550	1504	
3 1536	1516	1550	
3 1544	1619	1524	
3 1551	1524	1607	
3 1570	1491	1391	
3 1565	1570	1391	
3 320	1516	1553	
3 1553	1516	1558	
3 1615	1632	1637	
3 1555	1560	1563	
3 1559	1522	1540	
3 1541	1560	1555	
3 1581	1556	1453	
3 1556	1581	1591	
3 1548	314	1557	
3 1561	314	21	
3 1618	1536	1606	
3 1621	1607	1619	
3 1592	1615	1554	
3 1564	1562	1563	
3 1522	1559	1560	
3 1559	1564	1563	
3 19	1628	20	
3 19	1635	1628	
3 1562	1564	1612	
3 1624	1579	1598	
3 1559	1563	1560	
3 1545	1563	1562	
3 1605	1559	1554	
3 1559	1605	1564	
3 1565	1568	1566	
3 1567	1565	324	
3 1492	1571	1576	
3 1568	1565	1465	
3 1566	1572	324	
3 1584	1514	1552	
3 1503	1568	1465	
3 1492	1566	1568	
3 1595	1585	1572	
3 1595	1603	1636	
3 1567	1552	1570	
3 1491	1570	1552	
3 1573	1503	1303	
3 1575	1571	325	
3 1600	1569	1586	
3 1585	1567	324	
3 1573	1571	1574	
3 1303	1509	1573	
3 1573	1574	1503	
3 1571	1492	1574	
3 1597	1617	1509	
3 1569	1576	1586	
3 1571	1575	1576	
3 1586	1576	1575	
3 1514	1577	1449	
3 1470	1577	1494	
3 1587	1597	332	
3 1498	1578	1588	
3 1589	1598	1579	
3 1618	1516	1536	
3 1542	1604	1611	
3 1591	1546	1556	
3 1614	1493	1494	
3 1610	1611	1604	
3 1592	1547	1466	
3 1476	1475	1582	
3 1628	1561	20	
3 1547	1583	1594	
3 1584	1567	1585	
3 1634	1494	1627	
3 1595	1572	1569	
3 1585	1595	1636	
3 1575	1617	1596	
3 1603	1600	1602	
3 325	1509	1617	
3 1607	1647	1551	
3 332	1597	1578	
3 1502	1490	1588	
3 1520	1538	1589	
3 1598	1589	1538	
3 1599	1590	1580	
3 290	289	1590	
3 1648	1581	1614	
3 1662	293	1646	
3 1592	1466	1615	
3 1476	1582	1592	
3 1628	1635	1639	
3 1594	1616	1466	
3 1583	1593	1594	
3 1593	1643	1594	
3 1596	1586	1575	
3 1649	1585	1636	
3 1636	1640	1644	
3 1569	1600	1595	
3 1617	1575	325	
3 1509	1588	1597	
3 1612	1564	1605	
3 1624	1606	1579	
3 1599	1580	1601	
3 291	290	1599	
3 1596	1602	1586	
3 1600	1586	1602	
3 1611	1543	1542	
3 1629	1611	1630	
3 1596	329	1613	
3 1595	1600	1603	
3 1602	1596	1613	
3 1581	1493	1614	
3 1591	1610	1546	
3 1610	1604	1546	
3 1420	1658	1659	
3 1562	1612	1598	
3 1624	1598	1612	
3 1626	1618	1606	
3 1620	1621	1619	
3 1656	1647	1607	
3 1613	1603	1602	
3 1607	1621	1625	
3 1701	1675	1695	
3 1690	1688	1664	
3 1610	1623	1611	
3 1611	1629	1543	
3 1623	1610	1591	
3 1580	1543	1629	
3 1605	1637	1652	
3 1685	1680	1652	
3 1608	1640	1688	
3 1613	1688	1640	
3 1614	1494	1634	
3 1655	1657	1644	
3 1637	1632	1420	
3 1605	1554	1615	
3 1639	1593	1628	
3 1639	1635	1642	
3 1597	1587	1617	
3 1617	1587	329	
3 1633	1622	1558	
3 1558	1516	1618	
3 1534	1620	1544	
3 1619	1544	1620	
3 1558	1622	1534	
3 1620	1622	1621	
3 1620	1534	1622	
3 1625	1621	1645	
3 1633	1618	1626	
3 1633	1626	1641	
3 1591	1581	1648	
3 295	1683	296	
3 1605	1652	1612	
3 1686	1624	1680	
3 1622	1633	1641	
3 1656	1664	329	
3 1624	1626	1606	
3 1641	1645	1621	
3 1514	1584	1627	
3 1627	1584	1634	
3 1635	19	18	
3 1561	1628	1593	
3 1630	1611	1623	
3 1601	1580	1629	
3 1648	1705	1623	
3 293	1662	294	
3 1603	1640	1636	
3 1634	1650	1614	
3 1615	1466	1632	
3 1466	1616	1632	
3 1618	1633	1558	
3 1626	1638	1641	
3 1585	1649	1584	
3 1634	1649	1650	
3 1642	1635	1653	
3 17	1663	1653	
3 1603	1613	1640	
3 1636	1631	1649	
3 1680	1624	1612	
3 1605	1615	1637	
3 1682	1638	1626	
3 1638	1661	1645	
3 1653	1635	18	
3 1593	1639	1643	
3 316	1655	1608	
3 1631	1636	1644	
3 1641	1638	1645	
3 1621	1622	1641	
3 16	15	1681	
3 1665	1658	1420	
3 1639	1642	1643	
3 1654	1643	1642	
3 1655	1640	1608	
3 1648	1623	1591	
3 1638	1682	1661	
3 1664	1656	1669	
3 1692	1623	1684	
3 294	1662	1667	
3 1656	1607	1625	
3 1587	332	1647	
3 1640	1655	1644	
3 1699	1707	1706	
3 1650	1649	1631	
3 1634	1584	1649	
3 1657	1631	1644	
3 1648	1614	1650	
3 1659	1658	1660	
3 1665	1616	1654	
3 1652	1659	1660	
3 1612	1652	1680	
3 18	17	1653	
3 1663	17	16	
3 1663	1668	1653	
3 1670	1651	1658	
3 316	1739	1655	
3 1657	1650	1631	
3 1645	1669	1625	
3 329	1587	1656	
3 1657	1655	1699	
3 1648	1650	1657	
3 1420	1659	1637	
3 1665	1420	1616	
3 1660	1658	1651	
3 1652	1637	1659	
3 1671	1678	317	
3 1682	330	1661	
3 1664	1679	1609	
3 1664	1669	1679	
3 1646	1672	1662	
3 294	1667	295	
3 1663	1681	1673	
3 1642	1653	1668	
3 1689	1690	1609	
3 1625	1669	1656	
3 1670	1676	1651	
3 1658	1665	1670	
3 1686	1687	1682	
3 1721	1708	1671	
3 1646	1601	1691	
3 1662	1672	1667	
3 1681	1663	16	
3 1642	1668	1674	
3 1645	1661	1669	
3 1679	1669	1661	
3 1654	1677	1665	
3 1668	1673	1674	
3 1651	1678	1660	
3 1671	317	1721	
3 1693	1694	1692	
3 1683	1697	1719	
3 14	13	1716	
3 1665	1677	1670	
3 1677	1676	1670	
3 1654	1674	1677	
3 1661	330	1675	
3 1735	1732	1733	
3 1677	1674	1704	
3 1711	1709	1712	
3 1711	1674	1673	
3 1676	1677	1741	
3 317	1678	1651	
3 1687	1671	1666	
3 1661	1675	1679	
3 1609	1679	1675	
3 1652	1660	1685	
3 1666	1732	1687	
3 14	1696	15	
3 1681	15	1696	
3 1626	1624	1686	
3 330	1682	1732	
3 1693	1717	1672	
3 296	1683	1698	
3 299	298	1729	
3 1729	298	1718	
3 1660	1678	1685	
3 1678	1671	1687	
3 1687	1680	1685	
3 1626	1686	1682	
3 1680	1687	1686	
3 1678	1687	1685	
3 1613	329	1688	
3 329	1664	1688	
3 1690	1608	1688	
3 1609	1675	1701	
3 1609	1690	1664	
3 1689	1608	1690	
3 1692	1691	1630	
3 1646	1691	1694	
3 1623	1692	1630	
3 1692	1684	1693	
3 1705	1684	1623	
3 1684	1705	1707	
3 1693	1672	1694	
3 1646	1694	1672	
3 1730	1749	1747	
3 1675	330	1695	
3 1728	1716	13	
3 1742	1710	1728	
3 1697	1717	1719	
3 297	296	1698	
3 1697	1672	1717	
3 297	1718	298	
3 1700	316	1689	
3 1726	1739	1700	
3 1702	1723	1700	
3 1746	1731	1745	
3 1723	1695	1720	
3 1609	1702	1689	
3 1723	1702	1701	
3 1700	1689	1702	
3 1772	1792	1771	
3 1732	1666	1733	
3 1681	1709	1673	
3 1710	1709	1696	
3 1706	1705	1648	
3 1705	1706	1707	
3 1648	1657	1706	
3 1657	1699	1706	
3 1700	1725	1726	
3 1729	1718	1731	
3 1724	1708	1721	
3 1724	1734	1708	
3 14	1716	1696	
3 1674	1711	1704	
3 12	1743	1728	
3 1711	1713	1704	
3 1673	1709	1711	
3 1712	1709	1710	
3 1714	1713	1712	
3 1711	1712	1713	
3 1714	1712	1710	
3 1704	1713	1715	
3 1750	1743	11	
3 1750	1757	1743	
3 1713	1714	1715	
3 1715	1714	1754	
3 1728	13	12	
3 1710	1696	1716	
3 1756	1740	1752	
3 1723	1725	1700	
3 1719	1698	1683	
3 1722	1718	1698	
3 1719	1717	1730	
3 1698	1719	1722	
3 1736	1695	1735	
3 302	1767	303	
3 317	1703	1721	
3 1724	1721	1703	
3 1699	1740	1707	
3 1729	1744	299	
3 1695	1723	1701	
3 1723	1720	1725	
3 1715	1754	1764	
3 1720	1738	1727	
3 1726	1725	1727	
3 1751	301	300	
3 1727	1725	1720	
3 1761	1759	1751	
3 1695	1736	1737	
3 1767	1759	1773	
3 11	1743	12	
3 1728	1743	1742	
3 1719	1730	1722	
3 1731	1748	1729	
3 1748	1744	1729	
3 1730	1745	1722	
3 1730	1717	1749	
3 300	1744	1751	
3 1687	1732	1682	
3 1733	1666	1708	
3 1736	1708	1734	
3 1732	1735	330	
3 1734	1724	1755	
3 1737	1738	1720	
3 1736	1735	1733	
3 1695	330	1735	
3 1708	1736	1733	
3 1736	1734	1737	
3 1737	1734	1738	
3 1720	1695	1737	
3 1703	1764	1724	
3 1755	1769	1738	
3 1700	1739	316	
3 1739	1726	1740	
3 1745	1747	1746	
3 1717	1693	1749	
3 1704	1741	1677	
3 1703	1741	1715	
3 1760	1754	1714	
3 1742	1760	1714	
3 10	1750	11	
3 10	9	1758	
3 1745	1731	1722	
3 1753	1744	1748	
3 1776	1726	1763	
3 1759	302	301	
3 1745	1730	1747	
3 1752	1780	1747	
3 1763	1726	1727	
3 1752	1747	1749	
3 1731	1746	1748	
3 1746	1753	1748	
3 1756	1693	1707	
3 1693	1756	1749	
3 1750	1758	1765	
3 1771	1757	1765	
3 1753	1751	1744	
3 301	1751	1759	
3 1740	1726	1776	
3 1779	1791	304	
3 1746	1747	1780	
3 302	1759	1767	
3 1762	1754	1760	
3 1755	1738	1734	
3 1724	1764	1770	
3 1727	1738	1781	
3 1740	1756	1707	
3 1752	1749	1756	
3 1750	10	1758	
3 1757	1771	1762	
3 8	1766	9	
3 7	1778	8	
3 1768	1753	1746	
3 1761	1773	1759	
3 1742	1757	1760	
3 1762	1760	1757	
3 1776	1777	1752	
3 1767	1779	303	
3 1785	1772	1766	
3 1769	1755	1774	
3 1738	1769	1781	
3 1786	1789	1796	
3 1762	1775	1754	
3 1770	1774	1755	
3 1758	9	1766	
3 1758	1766	1772	
3 6	1790	7	
3 1772	1765	1758	
3 1761	1753	1768	
3 1773	1786	1767	
3 1780	1768	1746	
3 1791	305	304	
3 1724	1770	1755	
3 1781	1787	1763	
3 1775	1764	1754	
3 1764	1775	1770	
3 1772	1771	1765	
3 1792	1772	1785	
3 1766	8	1778	
3 1778	1785	1766	
3 1782	1789	1773	
3 304	303	1779	
3 1775	1774	1770	
3 1774	1775	1784	
3 1762	1771	1783	
3 1824	1775	1783	
3 1777	1776	1763	
3 1752	1740	1776	
3 1787	1769	1784	
3 1795	1796	1805	
3 6	5	1809	
3 1792	1783	1771	
3 1761	1782	1773	
3 1786	1795	1779	
3 1752	1777	1780	
3 1768	1793	1788	
3 1787	1781	1769	
3 1763	1727	1781	
3 1768	1780	1793	
3 1768	1788	1782	
3 1799	1804	1794	
3 1784	1769	1774	
3 1798	1794	1804	
3 1787	1797	1763	
3 1778	7	1790	
3 1790	1794	1778	
3 1777	1797	1812	
3 305	1791	1810	
3 1812	1797	1816	
3 1789	1786	1773	
3 1777	1812	1793	
3 1808	1805	1807	
3 1782	1788	1789	
3 1779	1795	1791	
3 1821	1809	5	
3 1785	1794	1798	
3 1788	1801	1789	
3 1791	1795	1800	
3 1794	1785	1778	
3 1790	6	1809	
3 1780	1777	1793	
3 1777	1763	1797	
3 1821	4	1825	
3 1825	1828	1821	
3 1796	1795	1786	
3 306	305	1810	
3 1801	1807	1796	
3 1819	1800	1814	
3 1811	1787	1784	
3 1788	1806	1801	
3 1794	1790	1799	
3 1824	1783	1803	
3 1817	1799	1828	
3 1827	1833	1852	
3 1789	1801	1796	
3 307	1826	308	
3 1802	1788	1793	
3 1788	1802	1806	
3 1797	1787	1811	
3 1800	1795	1805	
3 1817	1803	1804	
3 1811	1784	1839	
3 1811	1831	1823	
3 1803	1798	1804	
3 1807	1801	1806	
3 1807	1805	1796	
3 1812	1816	1802	
3 1820	1808	1827	
3 1802	1815	1806	
3 1808	1814	1805	
3 1806	1808	1807	
3 1848	1830	1838	
3 1821	5	4	
3 1799	1790	1809	
3 1791	1800	1810	
3 1800	1819	1822	
3 1775	1824	1784	
3 1815	1808	1806	
3 1816	1797	1811	
3 1793	1812	1802	
3 1808	1820	1814	
3 1843	1	1854	
3 306	1822	307	
3 1823	1815	1816	
3 1818	1873	1886	
3 1823	1816	1811	
3 1815	1802	1816	
3 1804	1799	1817	
3 1809	1821	1799	
3 1819	1814	1820	
3 1823	1833	1815	
3 309	1830	1844	
3 1827	1808	1815	
3 1855	1858	1851	
3 1825	4	3	
3 1799	1821	1828	
3 1800	1822	1810	
3 1822	1819	1826	
3 1839	1784	1824	
3 1827	1815	1833	
3 1817	1832	1803	
3 1839	1824	1846	
3 2	1829	3	
3 1829	1840	1825	
3 1819	1820	1838	
3 308	1826	1830	
3 1831	1845	1823	
3 1837	1860	1861	
3 1870	1817	1842	
3 1828	1825	1840	
3 1	1843	2	
3 1865	1857	1864	
3 1838	1826	1819	
3 1851	1860	1850	
3 1824	1803	1832	
3 1831	1846	1856	
3 1817	1828	1842	
3 1839	1846	1831	
3 1833	1823	1845	
3 1833	1845	1852	
3 1876	1865	1834	
3 1841	1840	1829	
3 1856	1877	1845	
3 1820	1827	1859	
3 1841	1843	1854	
3 1830	1826	1838	
3 1844	310	309	
3 1846	1824	1832	
3 1811	1839	1831	
3 2	1843	1829	
3 1842	1840	1841	
3 1857	1841	1854	
3 1841	1857	1842	
3 1853	1832	1870	
3 1828	1840	1842	
3 1	0	1847	
3 1841	1829	1843	
3 1848	1844	1830	
3 310	1844	1858	
3 1846	1853	1856	
3 1873	1818	1866	
3 1817	1870	1832	
3 1846	1832	1853	
3 1849	1848	1838	
3 1847	1854	1	
3 310	1858	311	
3 1859	1838	1820	
3 1859	1849	1838	
3 1848	1849	1851	
3 1851	1844	1848	
3 1861	1860	1851	
3 1862	1877	1856	
3 1867	1866	1837	
3 1862	1853	1871	
3 1862	1871	1880	
3 1847	1836	1854	
3 1857	1854	1836	
3 1853	1870	1871	
3 1851	1850	1855	
3 1845	1831	1856	
3 1865	1864	1834	
3 1842	1857	1835	
3 1851	1858	1844	
3 311	1858	1855	
3 1827	1852	1859	
3 1863	1859	1852	
3 1863	1849	1859	
3 1861	1851	1849	
3 1861	1849	1863	
3 1879	326	1875	
3 1856	1853	1862	
3 1852	1877	1881	
3 1867	1837	1861	
3 1876	1871	1835	
3 1857	1836	1864	
3 1857	1865	1835	
3 1861	1863	1867	
3 1866	1867	1873	
3 1867	1863	1873	
3 1842	1835	1870	
3 1868	1874	1878	
3 1875	1869	1879	
3 1871	1870	1835	
3 1876	1835	1865	
3 1871	1876	1880	
3 1845	1877	1852	
3 1834	1872	1876	
3 1877	1862	1884	
3 1813	1883	1872	
3 1878	1874	326	
3 326	327	1875	
3 1813	1894	1883	
3 1880	1884	1862	
3 1881	1863	1852	
3 1879	1895	326	
3 1896	312	1868	
3 1889	1882	1887	
3 1881	1873	1863	
3 1876	1872	1883	
3 1878	1895	1893	
3 1884	1881	1877	
3 1887	1882	1888	
3 1894	1893	1883	
3 1890	313	1889	
3 1876	1883	1880	
3 1884	1880	1893	
3 1895	1885	1884	
3 1873	1881	1885	
3 1884	1885	1881	
3 1887	1886	1885	
3 1888	1818	1886	
3 1885	1879	1887	
3 1869	1890	1891	
3 1889	1887	1891	
3 1887	1888	1886	
3 1879	1869	1891	
3 1889	1891	1890	
3 1887	1879	1891	
3 1878	326	1895	
3 1878	1893	1894	
3 1880	1883	1893	
3 1813	1892	1894	
3 1894	1892	1896	
3 1885	1895	1879	
3 1893	1895	1884	
3 1894	1896	1878	
3 312	1896	1892	
CELL_TYPES 3456
5
5
5
5
5
5
5
5
5
5
5
5
5
5
5
5
5
5
5
5
5
5
5
5
5
5
5
5
5
5
5
5
5
5
5
5
5
5
5
5
5
5
5
5
5
5
5
5
5
5
5
5
5
5
5
5
5
5
5
5
5
5
5
5
5
5
5
5
5
5
5
5
5
5
5
5
5
5
5
5
5
5
5
5
5
5
5
5
5
5
5
5
5
5
5
5
5
5
5
5
5
5
5
5
5
5
5
5
5
5
5
5
5
5
5
5
5
5
5
5
5
5
5
5
5
5
5
5
5
5
5
5
5
5
5
5
5
5
5
5
5
5
5
5
5
5
5
5
5
5
5
5
5
5
5
5
5
5
5
5
5
5
5
5
5
5
5
5
5
5
5
5
5
5
5
5
5
5
5
5
5
5
5
5
5
5
5
5
5
5
5
5
5
5
5
5
5
5
5
5
5
5
5
5
5
5
5
5
5
5
5
5
5
5
5
5
5
5
5
5
5
5
5
5
5
5
5
5
5
5
5
5
5
5
5
5
5
5
5
5
5
5
5
5
5
5
5
5
5
5
5
5
5
5
5
5
5
5
5
5
5
5
5
5
5
5
5
5
5
5
5
5
5
5
5
5
5
5
5
5
5
5
5
5
5
5
5
5
5
5
5
5
5
5
5
5
5
5
5
5
5
5
5
5
5
5
5
5
5
5
5
5
5
5
5
5
5
5
5
5
5
5
5
5
5
5
5
5
5
5
5
5
5
5
5
5
5
5
5
5
5
5
5
5
5
5
5
5
5
5
5
5
5
5
5
5
5
5
5
5
5
5
5
5
5
5
5
5
5
5
5
5
5
5
5
5
5
5
5
5
5
5
5
5
5
5
5
5
5
5
5
5
5
5
5
5
5
5
5
5
5
5
5
5
5
5
5
5
5
5
5
5
5
5
5
5
5
5
5
5
5
5
5
5
5
5
5
5
5
5
5
5
5
5
5
5
5
5
5
5
5
5
5
5
5
5
5
5
5
5
5
5
5
5
5
5
5
5
5
5
5
5
5
5
5
5
5
5
5
5
5
5
5
5
5
5
5
5
5
5
5
5
5
5
5
5
5
5
5
5
5
5
5
5
5
5
5
5
5
5
5
5
5
5
5
5
5
5
5
5
5
5
5
5
5
5
5
5
5
5
5
5
5
5
5
5
5
5
5
5
5
5
5
5
5
5
5
5
5
5
5
5
5
5
5
5
5
5
5
5
5
5
5
5
5
5
5
5
5
5
5
5
5
5
5
5
5
5
5
5
5
5
5
5
5
5
5
5
5
5
5
5
5
5
5
5
5
5
5
5
5
5
5
5
5
5
5
5
5
5
5
5
5
5
5
5
5
5
5
5
5
5
5
5
5
5
5
5
5
5
5
5
5
5
5
5
5
5
5
5
5
5
5
5
5
5
5
5
5
5
5
5
5
5
5
5
5
5
5
5
5
5
5
5
5
5
5
5
5
5
5
5
5
5
5
5
5
5
5
5
5
5
5
5
5
5
5
5
5
5
5
5
5
5
5
5
5
5
5
5
5
5
5
5
5
5
5
5
5
5
5
5
5
5
5
5
5
5
5
5
5
5
5
5
5
5
5
5
5
5
5
5
5
5
5
5
5
5
5
5
5
5
5
5
5
5
5
5
5
5
5
5
5
5
5
5
5
5
5
5
5
5
5
5
5
5
5
5
5
5
5
5
5
5
5
5
5
5
5
5
5
5
5
5
5
5
5
5
5
5
5
5
5
5
5
5
5
5
5
5
5
5
5
5
5
5
5
5
5
5
5
5
5
5
5
5
5
5
5
5
5
5
5
5
5
5
5
5
5
5
5
5
5
5
5
5
5
5
5
5
5
5
5
5
5
5
5
5
5
5
5
5
5
5
5
5
5
5
5
5
5
5
5
5
5
5
5
5
5
5
5
5
5
5
5
5
5
5
5
5
5
5
5
5
5
5
5
5
5
5
5
5
5
5
5
5
5
5
5
5
5
5
5
5
5
5
5
5
5
5
5
5
5
5
5
5
5
5
5
5
5
5
5
5
5
5
5
5
5
5
5
5
5
5
5
5
5
5
5
5
5
5
5
5
5
5
5
5
5
5
5
5
5
5
5
5
5
5
5
5
5
5
5
5
5
5
5
5
5
5
5
5
5
5
5
5
5
5
5
5
5
5
5
5
5
5
5
5
5
5
5
5
5
5
5
5
5
5
5
5
5
5
5
5
5
5
5
5
5
5
5
5
5
5
5
5
5
5
5
5
5
5
5
5
5
5
5
5
5
5
5
5
5
5
5
5
5
5
5
5
5
5
5
5
5
5
5
5
5
5
5
5
5
5
5
5
5
5
5
5
5
5
5
5
5
5
5
5
5
5
5
5
5
5
5
5
5
5
5
5
5
5
5
5
5
5
5
5
5
5
5
5
5
5
5
5
5
5
5
5
5
5
5
5
5
5
5
5
5
5
5
5
5
5
5
5
5
5
5
5
5
5
5
5
5
5
5
5
5
5
5
5
5
5
5
5
5
5
5
5
5
5
5
5
5
5
5
5
5
5
5
5
5
5
5
5
5
5
5
5
5
5
5
5
5
5
5
5
5
5
5
5
5
5
5
5
5
5
5
5
5
5
5
5
5
5
5
5
5
5
5
5
5
5
5
5
5
5
5
5
5
5
5
5
5
5
5
5
5
5
5
5
5
5
5
5
5
5
5
5
5
5
5
5
5
5
5
5
5
5
5
5
5
5
5
5
5
5
5
5
5
5
5
5
5
5
5
5
5
5
5
5
5
5
5
5
5
5
5
5
5
5
5
5
5
5
5
5
5
5
5
5
5
5
5
5
5
5
5
5
5
5
5
5
5
5
5
5
5
5
5
5
5
5
5
5
5
5
5
5
5
5
5
5
5
5
5
5
5
5
5
5
5
5
5
5
5
5
5
5
5
5
5
5
5
5
5
5
5
5
5
5
5
5
5
5
5
5
5
5
5
5
5
5
5
5
5
5
5
5
5
5
5
5
5
5
5
5
5
5
5
5
5
5
5
5
5
5
5
5
5
5
5
5
5
5
5
5
5
5
5
5
5
5
5
5
5
5
5
5
5
5
5
5
5
5
5
5
5
5
5
5
5
5
5
5
5
5
5
5
5
5
5
5
5
5
5
5
5
5
5
5
5
5
5
5
5
5
5
5
5
5
5
5
5
5
5
5
5
5
5
5
5
5
5
5
5
5
5
5
5
5
5
5
5
5
5
5
5
5
5
5
5
5
5
5
5
5
5
5
5
5
5
5
5
5
5
5
5
5
5
5
5
5
5
5
5
5
5
5
5
5
5
5
5
5
5
5
5
5
5
5
5
5
5
5
5
5
5
5
5
5
5
5
5
5
5
5
5
5
5
5
5
5
5
5
5
5
5
5
5
5
5
5
5
5
5
5
5
5
5
5
5
5
5
5
5
5
5
5
5
5
5
5
5
5
5
5
5
5
5
5
5
5
5
5
5
5
5
5
5
5
5
5
5
5
5
5
5
5
5
5
5
5
5
5
5
5
5
5
5
5
5
5
5
5
5
5
5
5
5
5
5
5
5
5
5
5
5
5
5
5
5
5
5
5
5
5
5
5
5
5
5
5
5
5
5
5
5
5
5
5
5
5
5
5
5
5
5
5
5
5
5
5
5
5
5
5
5
5
5
5
5
5
5
5
5
5
5
5
5
5
5
5
5
5
5
5
5
5
5
5
5
5
5
5
5
5
5
5
5
5
5
5
5
5
5
5
5
5
5
5
5
5
5
5
5
5
5
5
5
5
5
5
5
5
5
5
5
5
5
5
5
5
5
5
5
5
5
5
5
5
5
5
5
5
5
5
5
5
5
5
5
5
5
5
5
5
5
5
5
5
5
5
5
5
5
5
5
5
5
5
5
5
5
5
5
5
5
5
5
5
5
5
5
5
5
5
5
5
5
5
5
5
5
5
5
5
5
5
5
5
5
5
5
5
5
5
5
5
5
5
5
5
5
5
5
5
5
5
5
5
5
5
5
5
5
5
5
5
5
5
5
5
5
5
5
5
5
5
5
5
5
5
5
5
5
5
5
5
5
5
5
5
5
5
5
5
5
5
5
5
5
5
5
5
5
5
5
5
5
5
5
5
5
5
5
5
5
5
5
5
5
5
5
5
5
5
5
5
5
5
5
5
5
5
5
5
5
5
5
5
5
5
5
5
5
5
5
5
5
5
5
5
5
5
5
5
5
5
5
5
5
5
5
5
5
5
5
5
5
5
5
5
5
5
5
5
5
5
5
5
5
5
5
5
5
5
5
5
5
5
5
5
5
5
5
5
5
5
5
5
5
5
5
5
5
5
5
5
5
5
5
5
5
5
5
5
5
5
5
5
5
5
5
5
5
5
5
5
5
5
5
5
5
5
5
5
5
5
5
5
5
5
5
5
5
5
5
5
5
5
5
5
5
5
5
5
5
5
5
5
5
5
5
5
5
5
5
5
5
5
5
5
5
5
5
5
5
5
5
5
5
5
5
5
5
5
5
5
5
5
5
5
5
5
5
5
5
5
5
5
5
5
5
5
5
5
5
5
5
5
5
5
5
5
5
5
5
5
5
5
5
5
5
5
5
5
5
5
5
5
5
5
5
5
5
5
5
5
5
5
5
5
5
5
5
5
5
5
5
5
5
5
5
5
5
5
5
5
5
5
5
5
5
5
5
5
5
5
5
5
5
5
5
5
5
5
5
5
5
5
5
5
5
5
5
5
5
5
5
5
5
5
5
5
5
5
5
5
5
5
5
5
5
5
5
5
5
5
5
5
5
5
5
5
5
5
5
5
5
5
5
5
5
5
5
5
5
5
5
5
5
5
5
5
5
5
5
5
5
5
5
5
5
5
5
5
5
5
5
5
5
5
5
5
5
5
5
5
5
5
5
5
5
5
5
5
5
5
5
5
5
5
5
5
5
5
5
5
5
5
5
5
5
5
5
5
5
5
5
5
5
5
5
5
5
5
5
5
5
5
5
5
5
5
5
5
5
5
5
5
5
5
5
5
5
5
5
5
5
5
5
5
5
5
5
5
5
5
5
5
5
5
5
5
5
5
5
5
5
5
5
5
5
5
5
5
5
5
5
5
5
5
5
5
5
5
5
5
5
5
5
5
5
5
5
5
5
5
5
5
5
5
5
5
5
5
5
5
5
5
5
5
5
5
5
5
5
5
5
5
5
5
5
5
5
5
5
5
5
5
5
5
5
5
5
5
5
5
5
5
5
5
5
5
5
5
5
5
5
5
5
5
5
5
5
5
5
5
5
5
5
5
5
5
5
5
5
5
5
5
5
5
5
5
5
5
5
5
5
5
5
5
5
5
5
5
5
5
5
5
5
5
5
5
5
5
5
5
5
5
5
5
5
5
5
5
5
5
5
5
5
5
5
5
5
5
5
5
5
5
5
5
5
5
5
5
5
5
5
5
5
5
5
5
5
5
5
5
5
5
5
5
5
5
5
5
5
5
5
5
5
5
5
5
5
5
5
5
5
5
5
5
5
5
5
5
5
5
5
5
5
5
5
5
5
5
5
5
5
5
5
5
5
5
5
5
5
5
5
5
5
5
5
5
5
5
5
5
5
5
5
5
5
5
5
5
5
5
5
5
5
5
5
5
5
5
5
5
5
5
5
5
5
5
5
5
5
5
5
5
5
5
5
5
5
5
5
5
5
5
5
5
5
5
5
5
5
5
5
5
5
5
5
5
5
5
5
5
5
5
5
5
5
5
5
5
5
5
5
5
5
5
5
5
5
5
5
5
5
5
5
5
5
5
5
5
5
5
5
5
5
5
5
5
5
5
5
5
5
5
5
5
5
5
5
5
5
5
5
5
5
5
5
5
5
5
5
5
5
5
5
5
5
5
5
5
5
5
5
5
5
5
5
5
5
5
5
5
5
5
5
5
5
5
5
5
5
5
5
5
5
5
5
5
5
5
5
5
5
5
5
5
5
5
5
5
5
5
5
5
5
5
5
5
5
5
5
5
5
5
5
5
5
5
5
5
5
5
5
5
5
5
5
5
5
5
5
5
5
5
5
5
5
5
5
5
5
5
5
5
5
5
5
5
5
5
5
5
5
5
5
5
5
5
5
5
5
5
5
5
5
5
5
5
5
5
5
5
5
5
5
5
5
5
5
5
5
5
5
5
5
5
5
5
5
5
5
5
5
5
5
5
5
5
5
5
5
5
5
5
5
5
5
5
5
5
5
5
5
5
5
5
5
5
5
5
5
5
5
5
5
5
5
5
5
5
5
5
5
5
5
5
5
5
5
5
5
5
5
5
5
5
5
5
5
5
5
5
5
5
5
5
5
5
5
5
5
5
5
5
5
5
5
5
5
5
5
5
5
5
5
5
5
5
5
5
5
5
5
5
5
5
5
5
5
5
5
5
5
5
5
5
5
5
5
5
5
5
5
5
5
5
5
5
5
5
5
5
5
5
5
5
5
5
5
5
5
5
5
5
5
5
5
5
5
5
5
5
5
5
5
5
5
5
5
5
5
5
5
5
5
5
5
5
5
5
5
5
5
5
5
5
5
5
5
5
5
5
5
5
5
5
5
5
5
5
5
5
5
5
5
5
5
5
5
5
5
5
5
5
5
5
5
5
5
5
5
5
5
5
5
5
5
5
5
5
5
5
5
5
5
5
5
5
5
5
5
5
5
5
5
5
5
5
5
5
5
5
5
5
5
5
5
5
5
5
5
5
5
5
5
5
5
5
5
5
5
5
5
5
5
5
5
5
5
5
5
5
5
5
5
5
5
5
5
5
5
5
5
5
5
5
5
5
5
5
5
5
5
5
5
5
5
5
5
5
5
5
5
5
5
5
5
5
5
5
5
5
5
5
5
5
5
5
5
5
5
5
5
5
5
5
5
5
5
5
5
5
5
5
5
5
5
5
5
5
5
5
5
5
5
5
5
5
5
5
5
5
5
5
5
5
5
5
5
5
5
5
5
5
5
5
5
5
5
5
5
5
5
5
5
5
5
5
5
5
5
5
5
5
5
5
5
5
5
5
5
5
5
5
5
5
5
5
5
5
5
5
5
5
5
5
5
5
5
5
5
5
5
5
5
5
5
5
5
5
5
5
5
5
5
5
5
5
5
5
5
5
5
5
5
5
5
5
5
5
5
5
5
5
5
5
5
5
5
5
5
5
5
5
5
5
5
5
5
5
5
5
5
5
5
5
5
5
5
5
5
5
5
5
5
5
5
5
5
5
5
5
5
5
5
5
5
5
5
5
5
5
5
5
5
5
5
5
5
5
5
5
5
5
5
5
5
5
5
5
5
5
5
5
5
5
5
5
5
5
5
5
5
5
5
5
5
5
5
5
5
5
5
5
5
5
5
5
5
5
5
5
5
5
5
5
5
5
5
5
5
5
5
5
5
5
5
5
5
5
5
5
5
5
5
5
5
5
5
5
5
5
5
5
5
5
5
5
5
5
5
5
5
5
5
5
5
5
5
5
5
5
5
5
5
5
5
5
5
5
5
5
5
5
5
5
5
5
5
5
5
5
5
5
5
5
5
5
5
5
5
5
5
5
5
5
5
5
5
5
5
5
5
5
5
5
5
5
5
5
5
5
5
5
5
5
5
5
5
5
5
5
5
5
5
5
5
5
5
5
5
5
5
5
5
5
5
5
5
5
5
5
5
5
5
5
5
5
5
5
5
5
5
5
5
5
5
5
5
5
5
5
5
5
5
5
5
5
5
5
5
5
5
5
5
5
5
5
CELL_DATA 3456
SCALARS sample_scalars double 3
LOOKUP_TABLE default
200	0	0	
200	0	0	
200	0	0	
200	0	0	
200	0	0	
1000	1000	1000	
200	0	0	
1000	1000	1000	
200	0	0	
200	0	0	
1000	1000	1000	
200	0	0	
200	0	0	
200	0	0	
200	0	0	
1000	1000	1000	
200	0	0	
200	0	0	
1000	1000	1000	
200	0	0	
200	0	0	
200	0	0	
1000	1000	1000	
200	0	0	
200	0	0	
200	0	0	
1000	1000	1000	
200	0	0	
1000	1000	1000	
200	0	0	
200	0	0	
200	0	0	
200	0	0	
200	0	0	
200	0	0	
1000	1000	1000	
1000	1000	1000	
200	0	0	
200	0	0	
200	0	0	
1000	1000	1000	
200	0	0	
200	0	0	
1000	1000	1000	
200	0	0	
100	1000	1000	
1000	1000	1000	
200	0	0	
1000	1000	1000	
200	0	0	
200	0	0	
200	0	0	
200	0	0	
200	0	0	
200	0	0	
200	0	0	
200	0	0	
200	0	0	
200	0	0	
200	0	0	
200	0	0	
200	0	0	
200	0	0	
1000	1000	1000	
200	0	0	
200	0	0	
200	0	0	
200	0	0	
200	0	0	
200	0	0	
200	0	0	
1000	1000	1000	
200	0	0	
1000	1000	1000	
200	0	0	
1000	1000	1000	
200	0	0	
1000	1000	1000	
200	0	0	
200	0	0	
200	0	0	
200	0	0	
200	0	0	
200	0	0	
200	0	0	
200	0	0	
200	0	0	
200	0	0	
200	0	0	
200	0	0	
200	0	0	
200	0	0	
200	0	0	
200	0	0	
200	0	0	
200	0	0	
200	0	0	
100	1000	1000	
1000	1000	1000	
200	0	0	
1000	1000	1000	
100	1000	1000	
1000	1000	1000	
200	0	0	
200	0	0	
200	0	0	
200	0	0	
200	0	0	
200	0	0	
200	0	0	
200	0	0	
200	0	0	
1000	1000	1000	
200	0	0	
1000	1000	1000	
200	0	0	
200	0	0	
200	0	0	
200	0	0	
200	0	0	
200	0	0	
200	0	0	
200	0	0	
200	0	0	
200	0	0	
200	0	0	
200	0	0	
200	0	0	
200	0	0	
200	0	0	
200	0	0	
200	0	0	
200	0	0	
200	0	0	
200	0	0	
200	0	0	
200	0	0	
200	0	0	
200	0	0	
200	0	0	
200	0	0	
200	0	0	
200	0	0	
200	0	0	
200	0	0	
200	0	0	
200	0	0	
200	0	0	
200	0	0	
200	0	0	
200	0	0	
200	0	0	
200	0	0	
200	0	0	
200	0	0	
200	0	0	
200	0	0	
200	0	0	
1000	1000	1000	
200	0	0	
200	0	0	
200	0	0	
200	0	0	
200	0	0	
200	0	0	
200	0	0	
200	0	0	
200	0	0	
200	0	0	
200	0	0	
200	0	0	
200	0	0	
200	0	0	
200	0	0	
200	0	0	
200	0	0	
200	0	0	
200	0	0	
200	0	0	
200	0	0	
200	0	0	
200	0	0	
200	0	0	
200	0	0	
200	0	0	
200	0	0	
200	0	0	
200	0	0	
200	0	0	
200	0	0	
200	0	0	
200	0	0	
200	0	0	
200	0	0	
200	0	0	
200	0	0	
200	0	0	
200	0	0	
200	0	0	
200	0	0	
200	0	0	
200	0	0	
200	0	0	
200	0	0	
200	0	0	
200	0	0	
200	0	0	
200	0	0	
200	0	0	
200	0	0	
200	0	0	
10	1000	1000	
200	0	0	
200	0	0	
200	0	0	
200	0	0	
200	0	0	
200	0	0	
200	0	0	
200	0	0	
200	0	0	
200	0	0	
200	0	0	
200	0	0	
200	0	0	
200	0	0	
200	0	0	
200	0	0	
200	0	0	
200	0	0	
200	0	0	
200	0	0	
200	0	0	
200	0	0	
200	0	0	
200	0	0	
200	0	0	
200	0	0	
200	0	0	
200	0	0	
200	0	0	
200	0	0	
200	0	0	
200	0	0	
200	0	0	
200	0	0	
200	0	0	
200	0	0	
200	0	0	
200	0	0	
200	0	0	
200	0	0	
200	0	0	
200	0	0	
200	0	0	
200	0	0	
200	0	0	
200	0	0	
200	0	0	
200	0	0	
200	0	0	
200	0	0	
200	0	0	
200	0	0	
200	0	0	
200	0	0	
200	0	0	
200	0	0	
200	0	0	
200	0	0	
200	0	0	
200	0	0	
200	0	0	
200	0	0	
200	0	0	
200	0	0	
200	0	0	
200	0	0	
200	0	0	
200	0	0	
200	0	0	
200	0	0	
200	0	0	
200	0	0	
200	0	0	
200	0	0	
200	0	0	
200	0	0	
200	0	0	
200	0	0	
200	0	0	
200	0	0	
200	0	0	
200	0	0	
200	0	0	
200	0	0	
200	0	0	
200	0	0	
200	0	0	
200	0	0	
200	0	0	
200	0	0	
200	0	0	
200	0	0	
200	0	0	
200	0	0	
200	0	0	
200	0	0	
200	0	0	
200	0	0	
200	0	0	
200	0	0	
200	0	0	
200	0	0	
200	0	0	
200	0	0	
200	0	0	
200	0	0	
200	0	0	
200	0	0	
200	0	0	
200	0	0	
200	0	0	
200	0	0	
200	0	0	
200	0	0	
200	0	0	
200	0	0	
200	0	0	
200	0	0	
200	0	0	
200	0	0	
200	0	0	
200	0	0	
200	0	0	
200	0	0	
200	0	0	
200	0	0	
200	0	0	
200	0	0	
200	0	0	
200	0	0	
200	0	0	
200	0	0	
200	0	0	
200	0	0	
200	0	0	
200	0	0	
200	0	0	
200	0	0	
200	0	0	
200	0	0	
200	0	0	
200	0	0	
200	0	0	
200	0	0	
200	0	0	
200	0	0	
200	0	0	
200	0	0	
10	1000	1000	
200	0	0	
200	0	0	
200	0	0	
200	0	0	
200	0	0	
200	0	0	
200	0	0	
200	0	0	
200	0	0	
200	0	0	
200	0	0	
200	0	0	
200	0	0	
200	0	0	
200	0	0	
200	0	0	
200	0	0	
200	0	0	
200	0	0	
200	0	0	
200	0	0	
200	0	0	
200	0	0	
200	0	0	
200	0	0	
200	0	0	
200	0	0	
200	0	0	
200	0	0	
200	0	0	
200	0	0	
200	0	0	
200	0	0	
200	0	0	
200	0	0	
200	0	0	
200	0	0	
200	0	0	
200	0	0	
200	0	0	
200	0	0	
200	0	0	
200	0	0	
200	0	0	
200	0	0	
200	0	0	
200	0	0	
200	0	0	
200	0	0	
200	0	0	
200	0	0	
200	0	0	
200	0	0	
200	0	0	
200	0	0	
200	0	0	
200	0	0	
200	0	0	
200	0	0	
200	0	0	
200	0	0	
200	0	0	
10	1000	1000	
200	0	0	
200	0	0	
200	0	0	
200	0	0	
200	0	0	
200	0	0	
200	0	0	
200	0	0	
200	0	0	
200	0	0	
200	0	0	
200	0	0	
200	0	0	
200	0	0	
200	0	0	
200	0	0	
200	0	0	
200	0	0	
200	0	0	
200	0	0	
200	0	0	
200	0	0	
200	0	0	
200	0	0	
200	0	0	
200	0	0	
200	0	0	
200	0	0	
200	0	0	
200	0	0	
200	0	0	
200	0	0	
200	0	0	
200	0	0	
200	0	0	
200	0	0	
200	0	0	
200	0	0	
200	0	0	
200	0	0	
200	0	0	
200	0	0	
200	0	0	
200	0	0	
200	0	0	
200	0	0	
200	0	0	
200	0	0	
200	0	0	
200	0	0	
200	0	0	
200	0	0	
200	0	0	
200	0	0	
200	0	0	
200	0	0	
200	0	0	
200	0	0	
200	0	0	
200	0	0	
200	0	0	
200	0	0	
200	0	0	
200	0	0	
200	0	0	
200	0	0	
200	0	0	
200	0	0	
200	0	0	
200	0	0	
200	0	0	
200	0	0	
200	0	0	
200	0	0	
200	0	0	
200	0	0	
200	0	0	
200	0	0	
200	0	0	
200	0	0	
200	0	0	
200	0	0	
200	0	0	
200	0	0	
200	0	0	
200	0	0	
200	0	0	
200	0	0	
200	0	0	
200	0	0	
200	0	0	
200	0	0	
200	0	0	
200	0	0	
200	0	0	
200	0	0	
200	0	0	
200	0	0	
200	0	0	
200	0	0	
200	0	0	
200	0	0	
200	0	0	
200	0	0	
200	0	0	
200	0	0	
200	0	0	
200	0	0	
200	0	0	
200	0	0	
200	0	0	
200	0	0	
200	0	0	
200	0	0	
200	0	0	
200	0	0	
200	0	0	
200	0	0	
200	0	0	
200	0	0	
200	0	0	
200	0	0	
200	0	0	
200	0	0	
200	0	0	
200	0	0	
200	0	0	
200	0	0	
200	0	0	
200	0	0	
200	0	0	
200	0	0	
200	0	0	
200	0	0	
200	0	0	
200	0	0	
200	0	0	
200	0	0	
200	0	0	
200	0	0	
200	0	0	
200	0	0	
200	0	0	
200	0	0	
200	0	0	
200	0	0	
200	0	0	
200	0	0	
200	0	0	
200	0	0	
200	0	0	
200	0	0	
200	0	0	
200	0	0	
200	0	0	
200	0	0	
200	0	0	
200	0	0	
200	0	0	
200	0	0	
200	0	0	
200	0	0	
200	0	0	
200	0	0	
200	0	0	
200	0	0	
200	0	0	
200	0	0	
200	0	0	
200	0	0	
200	0	0	
200	0	0	
200	0	0	
200	0	0	
200	0	0	
200	0	0	
200	0	0	
200	0	0	
200	0	0	
200	0	0	
200	0	0	
200	0	0	
200	0	0	
200	0	0	
200	0	0	
200	0	0	
200	0	0	
200	0	0	
200	0	0	
200	0	0	
200	0	0	
200	0	0	
200	0	0	
200	0	0	
200	0	0	
200	0	0	
200	0	0	
200	0	0	
200	0	0	
200	0	0	
200	0	0	
200	0	0	
200	0	0	
200	0	0	
200	0	0	
200	0	0	
200	0	0	
200	0	0	
200	0	0	
200	0	0	
200	0	0	
200	0	0	
200	0	0	
200	0	0	
200	0	0	
200	0	0	
200	0	0	
200	0	0	
200	0	0	
200	0	0	
200	0	0	
200	0	0	
200	0	0	
200	0	0	
200	0	0	
200	0	0	
200	0	0	
200	0	0	
200	0	0	
200	0	0	
200	0	0	
200	0	0	
200	0	0	
200	0	0	
200	0	0	
200	0	0	
200	0	0	
200	0	0	
200	0	0	
200	0	0	
200	0	0	
200	0	0	
200	0	0	
200	0	0	
200	0	0	
200	0	0	
200	0	0	
200	0	0	
200	0	0	
200	0	0	
200	0	0	
200	0	0	
200	0	0	
200	0	0	
200	0	0	
200	0	0	
200	0	0	
200	0	0	
200	0	0	
200	0	0	
200	0	0	
200	0	0	
200	0	0	
200	0	0	
200	0	0	
200	0	0	
200	0	0	
200	0	0	
200	0	0	
200	0	0	
200	0	0	
200	0	0	
200	0	0	
200	0	0	
200	0	0	
200	0	0	
200	0	0	
200	0	0	
200	0	0	
200	0	0	
200	0	0	
200	0	0	
200	0	0	
200	0	0	
200	0	0	
200	0	0	
200	0	0	
200	0	0	
200	0	0	
200	0	0	
200	0	0	
200	0	0	
200	0	0	
200	0	0	
200	0	0	
200	0	0	
200	0	0	
200	0	0	
200	0	0	
200	0	0	
200	0	0	
200	0	0	
200	0	0	
200	0	0	
200	0	0	
200	0	0	
200	0	0	
200	0	0	
200	0	0	
200	0	0	
200	0	0	
200	0	0	
200	0	0	
200	0	0	
200	0	0	
200	0	0	
200	0	0	
200	0	0	
200	0	0	
200	0	0	
200	0	0	
200	0	0	
200	0	0	
200	0	0	
200	0	0	
200	0	0	
200	0	0	
200	0	0	
200	0	0	
200	0	0	
200	0	0	
200	0	0	
200	0	0	
200	0	0	
200	0	0	
200	0	0	
200	0	0	
200	0	0	
200	0	0	
200	0	0	
200	0	0	
200	0	0	
200	0	0	
200	0	0	
200	0	0	
200	0	0	
200	0	0	
200	0	0	
200	0	0	
200	0	0	
200	0	0	
200	0	0	
200	0	0	
200	0	0	
200	0	0	
200	0	0	
200	0	0	
200	0	0	
200	0	0	
200	0	0	
200	0	0	
200	0	0	
200	0	0	
200	0	0	
200	0	0	
200	0	0	
200	0	0	
200	0	0	
200	0	0	
200	0	0	
200	0	0	
200	0	0	
200	0	0	
200	0	0	
200	0	0	
200	0	0	
200	0	0	
200	0	0	
200	0	0	
200	0	0	
200	0	0	
200	0	0	
200	0	0	
200	0	0	
200	0	0	
200	0	0	
200	0	0	
200	0	0	
200	0	0	
200	0	0	
200	0	0	
200	0	0	
200	0	0	
200	0	0	
200	0	0	
200	0	0	
200	0	0	
200	0	0	
200	0	0	
200	0	0	
200	0	0	
200	0	0	
200	0	0	
200	0	0	
200	0	0	
200	0	0	
200	0	0	
200	0	0	
200	0	0	
200	0	0	
200	0	0	
200	0	0	
200	0	0	
200	0	0	
200	0	0	
200	0	0	
200	0	0	
200	0	0	
200	0	0	
200	0	0	
1000	1000	1000	
200	0	0	
200	0	0	
200	0	0	
200	0	0	
200	0	0	
200	0	0	
200	0	0	
200	0	0	
200	0	0	
200	0	0	
200	0	0	
200	0	0	
200	0	0	
200	0	0	
200	0	0	
200	0	0	
200	0	0	
200	0	0	
200	0	0	
200	0	0	
200	0	0	
200	0	0	
200	0	0	
200	0	0	
200	0	0	
200	0	0	
200	0	0	
200	0	0	
200	0	0	
200	0	0	
200	0	0	
200	0	0	
200	0	0	
200	0	0	
200	0	0	
200	0	0	
200	0	0	
200	0	0	
200	0	0	
200	0	0	
200	0	0	
200	0	0	
200	0	0	
200	0	0	
200	0	0	
200	0	0	
200	0	0	
200	0	0	
200	0	0	
200	0	0	
200	0	0	
200	0	0	
200	0	0	
200	0	0	
200	0	0	
200	0	0	
200	0	0	
200	0	0	
200	0	0	
200	0	0	
200	0	0	
200	0	0	
200	0	0	
200	0	0	
200	0	0	
200	0	0	
200	0	0	
200	0	0	
200	0	0	
200	0	0	
200	0	0	
200	0	0	
200	0	0	
200	0	0	
200	0	0	
200	0	0	
200	0	0	
200	0	0	
200	0	0	
200	0	0	
200	0	0	
200	0	0	
200	0	0	
200	0	0	
200	0	0	
200	0	0	
200	0	0	
200	0	0	
200	0	0	
200	0	0	
200	0	0	
200	0	0	
200	0	0	
200	0	0	
200	0	0	
200	0	0	
200	0	0	
200	0	0	
200	0	0	
200	0	0	
200	0	0	
200	0	0	
200	0	0	
200	0	0	
200	0	0	
200	0	0	
200	0	0	
200	0	0	
200	0	0	
200	0	0	
200	0	0	
200	0	0	
200	0	0	
200	0	0	
200	0	0	
200	0	0	
200	0	0	
200	0	0	
200	0	0	
200	0	0	
200	0	0	
200	0	0	
200	0	0	
200	0	0	
200	0	0	
200	0	0	
200	0	0	
200	0	0	
200	0	0	
200	0	0	
200	0	0	
200	0	0	
200	0	0	
200	0	0	
200	0	0	
200	0	0	
200	0	0	
200	0	0	
200	0	0	
200	0	0	
200	0	0	
200	0	0	
200	0	0	
200	0	0	
200	0	0	
200	0	0	
200	0	0	
200	0	0	
200	0	0	
200	0	0	
200	0	0	
200	0	0	
200	0	0	
200	0	0	
200	0	0	
200	0	0	
200	0	0	
200	0	0	
200	0	0	
200	0	0	
200	0	0	
200	0	0	
200	0	0	
200	0	0	
200	0	0	
200	0	0	
200	0	0	
200	0	0	
200	0	0	
200	0	0	
200	0	0	
200	0	0	
200	0	0	
200	0	0	
200	0	0	
200	0	0	
200	0	0	
200	0	0	
200	0	0	
200	0	0	
200	0	0	
200	0	0	
200	0	0	
200	0	0	
200	0	0	
200	0	0	
200	0	0	
200	0	0	
200	0	0	
200	0	0	
200	0	0	
200	0	0	
200	0	0	
200	0	0	
200	0	0	
200	0	0	
200	0	0	
200	0	0	
200	0	0	
200	0	0	
200	0	0	
200	0	0	
200	0	0	
200	0	0	
200	0	0	
200	0	0	
200	0	0	
200	0	0	
200	0	0	
200	0	0	
200	0	0	
200	0	0	
200	0	0	
200	0	0	
200	0	0	
200	0	0	
200	0	0	
200	0	0	
200	0	0	
200	0	0	
200	0	0	
200	0	0	
200	0	0	
200	0	0	
200	0	0	
200	0	0	
200	0	0	
200	0	0	
200	0	0	
200	0	0	
200	0	0	
200	0	0	
200	0	0	
200	0	0	
200	0	0	
200	0	0	
200	0	0	
200	0	0	
200	0	0	
200	0	0	
200	0	0	
200	0	0	
200	0	0	
200	0	0	
200	0	0	
200	0	0	
200	0	0	
200	0	0	
200	0	0	
200	0	0	
200	0	0	
200	0	0	
200	0	0	
200	0	0	
200	0	0	
200	0	0	
200	0	0	
200	0	0	
200	0	0	
200	0	0	
200	0	0	
200	0	0	
200	0	0	
200	0	0	
200	0	0	
200	0	0	
200	0	0	
200	0	0	
200	0	0	
200	0	0	
200	0	0	
200	0	0	
200	0	0	
200	0	0	
200	0	0	
200	0	0	
200	0	0	
200	0	0	
200	0	0	
200	0	0	
200	0	0	
200	0	0	
200	0	0	
200	0	0	
200	0	0	
200	0	0	
200	0	0	
200	0	0	
200	0	0	
200	0	0	
200	0	0	
200	0	0	
200	0	0	
200	0	0	
200	0	0	
200	0	0	
200	0	0	
200	0	0	
200	0	0	
1000	1000	1000	
200	0	0	
200	0	0	
200	0	0	
200	0	0	
200	0	0	
200	0	0	
200	0	0	
200	0	0	
200	0	0	
200	0	0	
200	0	0	
200	0	0	
200	0	0	
200	0	0	
200	0	0	
1000	1000	1000	
200	0	0	
200	0	0	
200	0	0	
200	0	0	
200	0	0	
200	0	0	
200	0	0	
200	0	0	
200	0	0	
200	0	0	
200	0	0	
200	0	0	
200	0	0	
1000	1000	1000	
200	0	0	
200	0	0	
200	0	0	
200	0	0	
200	0	0	
200	0	0	
200	0	0	
200	0	0	
200	0	0	
200	0	0	
200	0	0	
200	0	0	
200	0	0	
200	0	0	
200	0	0	
200	0	0	
200	0	0	
200	0	0	
200	0	0	
200	0	0	
200	0	0	
200	0	0	
200	0	0	
200	0	0	
200	0	0	
200	0	0	
200	0	0	
200	0	0	
200	0	0	
200	0	0	
200	0	0	
200	0	0	
200	0	0	
200	0	0	
200	0	0	
200	0	0	
200	0	0	
200	0	0	
200	0	0	
200	0	0	
200	0	0	
200	0	0	
200	0	0	
200	0	0	
200	0	0	
200	0	0	
200	0	0	
200	0	0	
200	0	0	
200	0	0	
200	0	0	
200	0	0	
200	0	0	
200	0	0	
200	0	0	
200	0	0	
200	0	0	
200	0	0	
200	0	0	
200	0	0	
200	0	0	
200	0	0	
200	0	0	
200	0	0	
200	0	0	
200	0	0	
200	0	0	
200	0	0	
200	0	0	
200	0	0	
200	0	0	
200	0	0	
200	0	0	
200	0	0	
200	0	0	
200	0	0	
200	0	0	
200	0	0	
200	0	0	
200	0	0	
200	0	0	
200	0	0	
200	0	0	
200	0	0	
200	0	0	
200	0	0	
200	0	0	
200	0	0	
200	0	0	
200	0	0	
200	0	0	
200	0	0	
200	0	0	
200	0	0	
200	0	0	
200	0	0	
200	0	0	
200	0	0	
200	0	0	
200	0	0	
200	0	0	
200	0	0	
200	0	0	
1000	1000	1000	
200	0	0	
200	0	0	
200	0	0	
200	0	0	
200	0	0	
200	0	0	
200	0	0	
200	0	0	
200	0	0	
200	0	0	
200	0	0	
200	0	0	
200	0	0	
200	0	0	
200	0	0	
200	0	0	
200	0	0	
200	0	0	
200	0	0	
200	0	0	
200	0	0	
200	0	0	
200	0	0	
200	0	0	
200	0	0	
200	0	0	
200	0	0	
200	0	0	
200	0	0	
200	0	0	
200	0	0	
200	0	0	
200	0	0	
200	0	0	
200	0	0	
200	0	0	
200	0	0	
200	0	0	
200	0	0	
200	0	0	
200	0	0	
200	0	0	
200	0	0	
200	0	0	
200	0	0	
200	0	0	
200	0	0	
1000	1000	1000	
200	0	0	
200	0	0	
200	0	0	
200	0	0	
200	0	0	
200	0	0	
200	0	0	
200	0	0	
200	0	0	
200	0	0	
200	0	0	
200	0	0	
200	0	0	
200	0	0	
200	0	0	
200	0	0	
200	0	0	
200	0	0	
200	0	0	
200	0	0	
200	0	0	
200	0	0	
200	0	0	
200	0	0	
200	0	0	
200	0	0	
200	0	0	
200	0	0	
200	0	0	
200	0	0	
200	0	0	
200	0	0	
200	0	0	
200	0	0	
200	0	0	
200	0	0	
200	0	0	
200	0	0	
200	0	0	
200	0	0	
200	0	0	
200	0	0	
200	0	0	
200	0	0	
200	0	0	
200	0	0	
200	0	0	
200	0	0	
200	0	0	
200	0	0	
200	0	0	
200	0	0	
200	0	0	
200	0	0	
200	0	0	
200	0	0	
200	0	0	
200	0	0	
200	0	0	
200	0	0	
200	0	0	
200	0	0	
200	0	0	
200	0	0	
200	0	0	
200	0	0	
200	0	0	
200	0	0	
200	0	0	
200	0	0	
200	0	0	
200	0	0	
200	0	0	
200	0	0	
200	0	0	
200	0	0	
200	0	0	
200	0	0	
200	0	0	
200	0	0	
200	0	0	
200	0	0	
200	0	0	
200	0	0	
200	0	0	
200	0	0	
200	0	0	
200	0	0	
200	0	0	
200	0	0	
200	0	0	
1000	1000	1000	
200	0	0	
200	0	0	
200	0	0	
200	0	0	
200	0	0	
200	0	0	
200	0	0	
1000	1000	1000	
200	0	0	
200	0	0	
200	0	0	
200	0	0	
200	0	0	
200	0	0	
200	0	0	
200	0	0	
200	0	0	
1000	1000	1000	
200	0	0	
200	0	0	
200	0	0	
200	0	0	
200	0	0	
200	0	0	
200	0	0	
1000	1000	1000	
200	0	0	
200	0	0	
200	0	0	
200	0	0	
200	0	0	
200	0	0	
200	0	0	
200	0	0	
200	0	0	
200	0	0	
200	0	0	
1000	1000	1000	
200	0	0	
200	0	0	
200	0	0	
200	0	0	
200	0	0	
200	0	0	
200	0	0	
200	0	0	
200	0	0	
200	0	0	
200	0	0	
1000	1000	1000	
200	0	0	
200	0	0	
200	0	0	
200	0	0	
200	0	0	
200	0	0	
200	0	0	
1000	1000	1000	
200	0	0	
200	0	0	
200	0	0	
200	0	0	
200	0	0	
200	0	0	
200	0	0	
200	0	0	
200	0	0	
200	0	0	
200	0	0	
200	0	0	
200	0	0	
200	0	0	
200	0	0	
200	0	0	
200	0	0	
200	0	0	
200	0	0	
200	0	0	
200	0	0	
200	0	0	
200	0	0	
200	0	0	
200	0	0	
200	0	0	
200	0	0	
200	0	0	
200	0	0	
200	0	0	
200	0	0	
200	0	0	
200	0	0	
200	0	0	
200	0	0	
200	0	0	
200	0	0	
200	0	0	
200	0	0	
200	0	0	
200	0	0	
200	0	0	
200	0	0	
200	0	0	
200	0	0	
200	0	0	
200	0	0	
200	0	0	
200	0	0	
200	0	0	
200	0	0	
200	0	0	
200	0	0	
200	0	0	
200	0	0	
200	0	0	
200	0	0	
200	0	0	
200	0	0	
200	0	0	
200	0	0	
200	0	0	
200	0	0	
200	0	0	
200	0	0	
1000	1000	1000	
200	0	0	
200	0	0	
200	0	0	
200	0	0	
200	0	0	
200	0	0	
200	0	0	
200	0	0	
200	0	0	
200	0	0	
200	0	0	
200	0	0	
200	0	0	
1000	1000	1000	
200	0	0	
200	0	0	
200	0	0	
200	0	0	
200	0	0	
1000	1000	1000	
200	0	0	
200	0	0	
200	0	0	
200	0	0	
200	0	0	
200	0	0	
200	0	0	
200	0	0	
200	0	0	
200	0	0	
200	0	0	
1000	1000	1000	
200	0	0	
200	0	0	
200	0	0	
200	0	0	
200	0	0	
200	0	0	
200	0	0	
200	0	0	
200	0	0	
1000	1000	1000	
200	0	0	
200	0	0	
200	0	0	
200	0	0	
200	0	0	
200	0	0	
200	0	0	
200	0	0	
200	0	0	
200	0	0	
200	0	0	
1000	1000	1000	
200	0	0	
200	0	0	
200	0	0	
200	0	0	
200	0	0	
200	0	0	
200	0	0	
200	0	0	
200	0	0	
200	0	0	
200	0	0	
200	0	0	
200	0	0	
200	0	0	
200	0	0	
200	0	0	
200	0	0	
200	0	0	
200	0	0	
200	0	0	
200	0	0	
200	0	0	
200	0	0	
200	0	0	
200	0	0	
200	0	0	
200	0	0	
200	0	0	
200	0	0	
200	0	0	
200	0	0	
200	0	0	
200	0	0	
200	0	0	
200	0	0	
200	0	0	
200	0	0	
200	0	0	
200	0	0	
200	0	0	
200	0	0	
200	0	0	
200	0	0	
200	0	0	
200	0	0	
200	0	0	
200	0	0	
200	0	0	
200	0	0	
1000	1000	1000	
200	0	0	
200	0	0	
200	0	0	
200	0	0	
200	0	0	
1000	1000	1000	
200	0	0	
200	0	0	
200	0	0	
200	0	0	
200	0	0	
200	0	0	
200	0	0	
200	0	0	
200	0	0	
1000	1000	1000	
200	0	0	
200	0	0	
200	0	0	
200	0	0	
200	0	0	
200	0	0	
200	0	0	
200	0	0	
200	0	0	
200	0	0	
200	0	0	
200	0	0	
200	0	0	
200	0	0	
200	0	0	
200	0	0	
200	0	0	
200	0	0	
200	0	0	
200	0	0	
200	0	0	
200	0	0	
200	0	0	
200	0	0	
200	0	0	
200	0	0	
200	0	0	
200	0	0	
200	0	0	
200	0	0	
200	0	0	
200	0	0	
200	0	0	
200	0	0	
200	0	0	
200	0	0	
200	0	0	
200	0	0	
200	0	0	
200	0	0	
200	0	0	
1000	1000	1000	
200	0	0	
1000	1000	1000	
200	0	0	
200	0	0	
200	0	0	
200	0	0	
200	0	0	
200	0	0	
200	0	0	
200	0	0	
200	0	0	
200	0	0	
200	0	0	
200	0	0	
200	0	0	
1000	1000	1000	
200	0	0	
1000	1000	1000	
200	0	0	
200	0	0	
200	0	0	
200	0	0	
200	0	0	
200	0	0	
200	0	0	
10	1000	1000	
1000	1000	1000	
1000	1000	1000	
200	0	0	
200	0	0	
200	0	0	
200	0	0	
200	0	0	
200	0	0	
200	0	0	
200	0	0	
200	0	0	
200	0	0	
1000	1000	1000	
1000	1000	1000	
1000	1000	1000	
1000	1000	1000	
200	0	0	
1000	1000	1000	
200	0	0	
200	0	0	
200	0	0	
200	0	0	
200	0	0	
200	0	0	
1000	1000	1000	
1000	1000	1000	
200	0	0	
200	0	0	
1000	1000	1000	
1000	1000	1000	
200	0	0	
1000	1000	1000	
200	0	0	
200	0	0	
1000	1000	1000	
1000	1000	1000	
200	0	0	
200	0	0	
1000	1000	1000	
1000	1000	1000	
1000	1000	1000	
1000	1000	1000	
1000	1000	1000	
1000	1000	1000	
200	0	0	
200	0	0	
200	0	0	
200	0	0	
200	0	0	
200	0	0	
200	0	0	
200	0	0	
200	0	0	
200	0	0	
200	0	0	
200	0	0	
200	0	0	
200	0	0	
200	0	0	
200	0	0	
200	0	0	
200	0	0	
200	0	0	
200	0	0	
200	0	0	
200	0	0	
200	0	0	
200	0	0	
200	0	0	
200	0	0	
200	0	0	
200	0	0	
200	0	0	
1000	1000	1000	
200	0	0	
200	0	0	
1000	1000	1000	
1000	1000	1000	
200	0	0	
200	0	0	
200	0	0	
200	0	0	
1000	1000	1000	
1000	1000	1000	
200	0	0	
1000	1000	1000	
200	0	0	
200	0	0	
1000	1000	1000	
1000	1000	1000	
200	0	0	
200	0	0	
200	0	0	
1000	1000	1000	
1000	1000	1000	
1000	1000	1000	
200	0	0	
200	0	0	
200	0	0	
200	0	0	
200	0	0	
1000	1000	1000	
200	0	0	
200	0	0	
1000	1000	1000	
1000	1000	1000	
200	0	0	
1000	1000	1000	
1000	1000	1000	
1000	1000	1000	
200	0	0	
200	0	0	
1000	1000	1000	
1000	1000	1000	
1000	1000	1000	
1000	1000	1000	
200	0	0	
1000	1000	1000	
200	0	0	
1000	1000	1000	
200	0	0	
1000	1000	1000	
200	0	0	
200	0	0	
200	0	0	
10	1000	1000	
200	0	0	
200	0	0	
200	0	0	
200	0	0	
200	0	0	
1000	1000	1000	
200	0	0	
200	0	0	
200	0	0	
200	0	0	
200	0	0	
200	0	0	
200	0	0	
200	0	0	
200	0	0	
200	0	0	
200	0	0	
200	0	0	
200	0	0	
200	0	0	
200	0	0	
200	0	0	
200	0	0	
1000	1000	1000	
200	0	0	
1000	1000	1000	
200	0	0	
1000	1000	1000	
200	0	0	
200	0	0	
200	0	0	
1000	1000	1000	
200	0	0	
200	0	0	
200	0	0	
200	0	0	
200	0	0	
200	0	0	
200	0	0	
200	0	0	
200	0	0	
200	0	0	
200	0	0	
200	0	0	
200	0	0	
200	0	0	
200	0	0	
200	0	0	
200	0	0	
200	0	0	
200	0	0	
200	0	0	
200	0	0	
200	0	0	
200	0	0	
200	0	0	
200	0	0	
200	0	0	
200	0	0	
200	0	0	
200	0	0	
200	0	0	
200	0	0	
200	0	0	
1000	1000	1000	
1000	1000	1000	
1000	1000	1000	
1000	1000	1000	
1000	1000	1000	
1000	1000	1000	
200	0	0	
200	0	0	
1000	1000	1000	
1000	1000	1000	
200	0	0	
200	0	0	
200	0	0	
200	0	0	
200	0	0	
200	0	0	
200	0	0	
1000	1000	1000	
200	0	0	
200	0	0	
1000	1000	1000	
1000	1000	1000	
1000	1000	1000	
1000	1000	1000	
200	0	0	
1000	1000	1000	
200	0	0	
1000	1000	1000	
200	0	0	
1000	1000	1000	
200	0	0	
200	0	0	
200	0	0	
200	0	0	
200	0	0	
200	0	0	
200	0	0	
200	0	0	
200	0	0	
200	0	0	
200	0	0	
200	0	0	
1000	1000	1000	
1000	1000	1000	
1000	1000	1000	
1000	1000	1000	
1000	1000	1000	
1000	1000	1000	
200	0	0	
200	0	0	
1000	1000	1000	
1000	1000	1000	
1000	1000	1000	
1000	1000	1000	
1000	1000	1000	
1000	1000	1000	
200	0	0	
200	0	0	
200	0	0	
200	0	0	
200	0	0	
200	0	0	
1000	1000	1000	
1000	1000	1000	
1000	1000	1000	
1000	1000	1000	
200	0	0	
200	0	0	
1000	1000	1000	
1000	1000	1000	
1000	1000	1000	
1000	1000	1000	
1000	1000	1000	
1000	1000	1000	
1000	1000	1000	
1000	1000	1000	
1000	1000	1000	
1000	1000	1000	
1000	1000	1000	
1000	1000	1000	
1000	1000	1000	
1000	1000	1000	
1000	1000	1000	
1000	1000	1000	
1000	1000	1000	
1000	1000	1000	
1000	1000	1000	
1000	1000	1000	
1000	1000	1000	
1000	1000	1000	
200	0	0	
200	0	0	
200	0	0	
200	0	0	
200	0	0	
200	0	0	
200	0	0	
200	0	0	
200	0	0	
200	0	0	
200	0	0	
200	0	0	
1000	1000	1000	
1000	1000	1000	
1000	1000	1000	
100	1000	1000	
1000	1000	1000	
1000	1000	1000	
200	0	0	
200	0	0	
1000	1000	1000	
1000	1000	1000	
1000	1000	1000	
1000	1000	1000	
200	0	0	
200	0	0	
200	0	0	
200	0	0	
200	0	0	
200	0	0	
1000	1000	1000	
1000	1000	1000	
1000	1000	1000	
1000	1000	1000	
1000	1000	1000	
1000	1000	1000	
1000	1000	1000	
200	0	0	
1000	1000	1000	
1000	1000	1000	
200	0	0	
200	0	0	
200	0	0	
200	0	0	
1000	1000	1000	
100	1000	1000	
200	0	0	
200	0	0	
200	0	0	
200	0	0	
200	0	0	
200	0	0	
1000	1000	1000	
1000	1000	1000	
1000	1000	1000	
1000	1000	1000	
1000	1000	1000	
1000	1000	1000	
1000	1000	1000	
1000	1000	1000	
1000	1000	1000	
1000	1000	1000	
1000	1000	1000	
1000	1000	1000	
1000	1000	1000	
1000	1000	1000	
1000	1000	1000	
1000	1000	1000	
1000	1000	1000	
1000	1000	1000	
1000	1000	1000	
1000	1000	1000	
1000	1000	1000	
1000	1000	1000	
200	0	0	
200	0	0	
1000	1000	1000	
1000	1000	1000	
1000	1000	1000	
1000	1000	1000	
1000	1000	1000	
1000	1000	1000	
1000	1000	1000	
1000	1000	1000	
200	0	0	
200	0	0	
200	0	0	
200	0	0	
200	0	0	
200	0	0	
200	0	0	
200	0	0	
1000	1000	1000	
1000	1000	1000	
1000	1000	1000	
1000	1000	1000	
1000	1000	1000	
1000	1000	1000	
1000	1000	1000	
1000	1000	1000	
1000	1000	1000	
1000	1000	1000	
1000	1000	1000	
1000	1000	1000	
200	0	0	
200	0	0	
200	0	0	
200	0	0	
1000	1000	1000	
1000	1000	1000	
1000	1000	1000	
1000	1000	1000	
1000	1000	1000	
1000	1000	1000	
200	0	0	
200	0	0	
200	0	0	
200	0	0	
1000	1000	1000	
1000	1000	1000	
1000	1000	1000	
1000	1000	1000	
200	0	0	
200	0	0	
200	0	0	
200	0	0	
200	0	0	
200	0	0	
200	0	0	
200	0	0	
200	0	0	
200	0	0	
1000	1000	1000	
1000	1000	1000	
200	0	0	
200	0	0	
200	0	0	
200	0	0	
200	0	0	
200	0	0	
200	0	0	
200	0	0	
200	0	0	
200	0	0	
200	0	0	
200	0	0	
200	0	0	
200	0	0	
200	0	0	
200	0	0	
200	0	0	
200	0	0	
200	0	0	
200	0	0	
200	0	0	
200	0	0	
200	0	0	
200	0	0	
200	0	0	
200	0	0	
200	0	0	
200	0	0	
200	0	0	
200	0	0	
200	0	0	
200	0	0	
200	0	0	
200	0	0	
200	0	0	
200	0	0	
200	0	0	
200	0	0	
200	0	0	
200	0	0	
200	0	0	
200	0	0	
200	0	0	
200	0	0	
200	0	0	
200	0	0	
200	0	0	
200	0	0	
200	0	0	
200	0	0	
200	0	0	
200	0	0	
200	0	0	
200	0	0	
200	0	0	
200	0	0	
200	0	0	
200	0	0	
200	0	0	
200	0	0	
200	0	0	
200	0	0	
200	0	0	
200	0	0	
200	0	0	
200	0	0	
1000	1000	1000	
1000	1000	1000	
1000	1000	1000	
1000	1000	1000	
1000	1000	1000	
1000	1000	1000	
200	0	0	
200	0	0	
1000	1000	1000	
1000	1000	1000	
1000	1000	1000	
1000	1000	1000	
1000	1000	1000	
1000	1000	1000	
1000	1000	1000	
1000	1000	1000	
1000	1000	1000	
1000	1000	1000	
1000	1000	1000	
100	1000	1000	
1000	1000	1000	
1000	1000	1000	
1000	1000	1000	
100	1000	1000	
1000	1000	1000	
100	1000	1000	
1000	1000	1000	
1000	1000	1000	
1000	1000	1000	
1000	1000	1000	
200	0	0	
10	1000	1000	
200	0	0	
10	1000	1000	
200	0	0	
200	0	0	
1000	1000	1000	
1000	1000	1000	
200	0	0	
200	0	0	
200	0	0	
200	0	0	
1000	1000	1000	
1000	1000	1000	
1000	1000	1000	
1000	1000	1000	
200	0	0	
200	0	0	
1000	1000	1000	
1000	1000	1000	
1000	1000	1000	
1000	1000	1000	
200	0	0	
200	0	0	
200	0	0	
200	0	0	
200	0	0	
200	0	0	
200	0	0	
200	0	0	
200	0	0	
200	0	0	
200	0	0	
200	0	0	
1000	1000	1000	
1000	1000	1000	
1000	1000	1000	
1000	1000	1000	
1000	1000	1000	
1000	1000	1000	
1000	1000	1000	
1000	1000	1000	
1000	1000	1000	
1000	1000	1000	
1000	1000	1000	
1000	1000	1000	
1000	1000	1000	
1000	1000	1000	
10	1000	1000	
200	0	0	
200	0	0	
200	0	0	
1000	1000	1000	
100	1000	1000	
200	0	0	
200	0	0	
1000	1000	1000	
1000	1000	1000	
1000	1000	1000	
1000	1000	1000	
1000	1000	1000	
1000	1000	1000	
200	0	0	
200	0	0	
1000	1000	1000	
1000	1000	1000	
1000	1000	1000	
1000	1000	1000	
10	1000	1000	
10	1000	1000	
200	0	0	
10	1000	1000	
1000	1000	1000	
1000	1000	1000	
1000	1000	1000	
1000	1000	1000	
1000	1000	1000	
1000	1000	1000	
1000	1000	1000	
1000	1000	1000	
10	1000	1000	
10	1000	1000	
200	0	0	
200	0	0	
1000	1000	1000	
1000	1000	1000	
1000	1000	1000	
200	0	0	
1000	1000	1000	
1000	1000	1000	
1000	1000	1000	
1000	1000	1000	
1000	1000	1000	
200	0	0	
1000	1000	1000	
1000	1000	1000	
1000	1000	1000	
1000	1000	1000	
200	0	0	
200	0	0	
200	0	0	
200	0	0	
1000	1000	1000	
1000	1000	1000	
1000	1000	1000	
1000	1000	1000	
200	0	0	
200	0	0	
200	0	0	
200	0	0	
200	0	0	
200	0	0	
200	0	0	
200	0	0	
200	0	0	
200	0	0	
200	0	0	
200	0	0	
200	0	0	
200	0	0	
200	0	0	
200	0	0	
1000	1000	1000	
1000	1000	1000	
100	1000	1000	
1000	1000	1000	
100	1000	1000	
1000	1000	1000	
200	0	0	
200	0	0	
1000	1000	1000	
1000	1000	1000	
200	0	0	
200	0	0	
1000	1000	1000	
1000	1000	1000	
10	1000	1000	
200	0	0	
100	1000	1000	
1000	1000	1000	
1000	1000	1000	
1000	1000	1000	
200	0	0	
1000	1000	1000	
200	0	0	
1000	1000	1000	
10	1000	1000	
10	1000	1000	
1000	1000	1000	
1000	1000	1000	
10	1000	1000	
10	1000	1000	
1000	1000	1000	
1000	1000	1000	
1000	1000	1000	
200	0	0	
1000	1000	1000	
1000	1000	1000	
200	0	0	
200	0	0	
200	0	0	
200	0	0	
1000	1000	1000	
1000	1000	1000	
1000	1000	1000	
200	0	0	
1000	1000	1000	
1000	1000	1000	
200	0	0	
200	0	0	
200	0	0	
200	0	0	
200	0	0	
200	0	0	
200	0	0	
200	0	0	
200	0	0	
10	1000	1000	
200	0	0	
200	0	0	
200	0	0	
200	0	0	
200	0	0	
200	0	0	
200	0	0	
200	0	0	
200	0	0	
200	0	0	
200	0	0	
200	0	0	
200	0	0	
200	0	0	
1000	1000	1000	
1000	1000	1000	
1000	1000	1000	
1000	1000	1000	
1000	1000	1000	
100	1000	1000	
100	1000	1000	
100	1000	1000	
100	1000	1000	
100	1000	1000	
1000	1000	1000	
100	1000	1000	
1000	1000	1000	
1000	1000	1000	
10	1000	1000	
10	1000	1000	
1000	1000	1000	
1000	1000	1000	
200	0	0	
1000	1000	1000	
10	1000	1000	
10	1000	1000	
10	1000	1000	
200	0	0	
200	0	0	
200	0	0	
1000	1000	1000	
1000	1000	1000	
200	0	0	
200	0	0	
200	0	0	
200	0	0	
200	0	0	
10	1000	1000	
1000	1000	1000	
1000	1000	1000	
1000	1000	1000	
1000	1000	1000	
1000	1000	1000	
1000	1000	1000	
1000	1000	1000	
1000	1000	1000	
100	1000	1000	
100	1000	1000	
1000	1000	1000	
1000	1000	1000	
1000	1000	1000	
1000	1000	1000	
1000	1000	1000	
1000	1000	1000	
1000	1000	1000	
1000	1000	1000	
200	0	0	
200	0	0	
10	1000	1000	
200	0	0	
10	1000	1000	
10	1000	1000	
10	1000	1000	
10	1000	1000	
200	0	0	
200	0	0	
200	0	0	
200	0	0	
200	0	0	
200	0	0	
200	0	0	
200	0	0	
1000	1000	1000	
1000	1000	1000	
1000	1000	1000	
1000	1000	1000	
100	1000	1000	
100	1000	1000	
1000	1000	1000	
1000	1000	1000	
1000	1000	1000	
1000	1000	1000	
1000	1000	1000	
1000	1000	1000	
200	0	0	
200	0	0	
10	1000	1000	
10	1000	1000	
200	0	0	
200	0	0	
200	0	0	
200	0	0	
200	0	0	
200	0	0	
1000	1000	1000	
200	0	0	
1000	1000	1000	
1000	1000	1000	
1000	1000	1000	
1000	1000	1000	
1000	1000	1000	
1000	1000	1000	
10	1000	1000	
200	0	0	
200	0	0	
200	0	0	
1000	1000	1000	
1000	1000	1000	
1000	1000	1000	
1000	1000	1000	
1000	1000	1000	
1000	1000	1000	
1000	1000	1000	
1000	1000	1000	
10	1000	1000	
10	1000	1000	
1000	1000	1000	
1000	1000	1000	
1000	1000	1000	
1000	1000	1000	
1000	1000	1000	
1000	1000	1000	
10	1000	1000	
10	1000	1000	
1000	1000	1000	
1000	1000	1000	
1000	1000	1000	
1000	1000	1000	
1000	1000	1000	
1000	1000	1000	
10	1000	1000	
10	1000	1000	
1000	1000	1000	
1000	1000	1000	
1000	1000	1000	
1000	1000	1000	
1000	1000	1000	
1000	1000	1000	
1000	1000	1000	
1000	1000	1000	
1000	1000	1000	
1000	1000	1000	
1000	1000	1000	
1000	1000	1000	
1000	1000	1000	
1000	1000	1000	
200	0	0	
200	0	0	
200	0	0	
200	0	0	
1000	1000	1000	
1000	1000	1000	
200	0	0	
200	0	0	
200	0	0	
200	0	0	
200	0	0	
200	0	0	
200	0	0	
200	0	0	
200	0	0	
200	0	0	
200	0	0	
200	0	0	
1000	1000	1000	
100	1000	1000	
1000	1000	1000	
1000	1000	1000	
100	1000	1000	
100	1000	1000	
10	1000	1000	
10	1000	1000	
200	0	0	
200	0	0	
100	1000	1000	
100	1000	1000	
1000	1000	1000	
100	1000	1000	
200	0	0	
200	0	0	
200	0	0	
200	0	0	
1000	1000	1000	
1000	1000	1000	
10	1000	1000	
10	1000	1000	
1000	1000	1000	
200	0	0	
200	0	0	
200	0	0	
1000	1000	1000	
1000	1000	1000	
200	0	0	
200	0	0	
200	0	0	
200	0	0	
200	0	0	
200	0	0	
1000	1000	1000	
1000	1000	1000	
100	1000	1000	
100	1000	1000	
1000	1000	1000	
1000	1000	1000	
1000	1000	1000	
1000	1000	1000	
1000	1000	1000	
1000	1000	1000	
1000	1000	1000	
1000	1000	1000	
1000	1000	1000	
1000	1000	1000	
100	1000	1000	
100	1000	1000	
1000	1000	1000	
1000	1000	1000	
1000	1000	1000	
1000	1000	1000	
200	0	0	
1000	1000	1000	
100	1000	1000	
100	1000	1000	
200	0	0	
200	0	0	
1000	1000	1000	
1000	1000	1000	
200	0	0	
200	0	0	
200	0	0	
200	0	0	
200	0	0	
200	0	0	
200	0	0	
200	0	0	
200	0	0	
200	0	0	
200	0	0	
200	0	0	
10	1000	1000	
200	0	0	
200	0	0	
200	0	0	
200	0	0	
200	0	0	
1000	1000	1000	
1000	1000	1000	
1000	1000	1000	
1000	1000	1000	
1000	1000	1000	
1000	1000	1000	
200	0	0	
200	0	0	
100	1000	1000	
100	1000	1000	
1000	1000	1000	
1000	1000	1000	
200	0	0	
200	0	0	
200	0	0	
200	0	0	
10	1000	1000	
10	1000	1000	
1000	1000	1000	
1000	1000	1000	
200	0	0	
200	0	0	
1000	1000	1000	
1000	1000	1000	
1000	1000	1000	
1000	1000	1000	
100	1000	1000	
1000	1000	1000	
200	0	0	
200	0	0	
1000	1000	1000	
1000	1000	1000	
1000	1000	1000	
1000	1000	1000	
200	0	0	
200	0	0	
200	0	0	
200	0	0	
200	0	0	
200	0	0	
100	1000	1000	
1000	1000	1000	
1000	1000	1000	
1000	1000	1000	
1000	1000	1000	
1000	1000	1000	
1000	1000	1000	
1000	1000	1000	
1000	1000	1000	
1000	1000	1000	
1000	1000	1000	
1000	1000	1000	
200	0	0	
200	0	0	
1000	1000	1000	
1000	1000	1000	
1000	1000	1000	
1000	1000	1000	
1000	1000	1000	
1000	1000	1000	
200	0	0	
200	0	0	
200	0	0	
200	0	0	
100	1000	1000	
1000	1000	1000	
100	1000	1000	
100	1000	1000	
1000	1000	1000	
1000	1000	1000	
100	1000	1000	
100	1000	1000	
100	1000	1000	
100	1000	1000	
1000	1000	1000	
1000	1000	1000	
100	1000	1000	
100	1000	1000	
1000	1000	1000	
1000	1000	1000	
1000	1000	1000	
1000	1000	1000	
1000	1000	1000	
1000	1000	1000	
1000	1000	1000	
1000	1000	1000	
1000	1000	1000	
1000	1000	1000	
200	0	0	
200	0	0	
1000	1000	1000	
1000	1000	1000	
1000	1000	1000	
1000	1000	1000	
200	0	0	
200	0	0	
200	0	0	
200	0	0	
1000	1000	1000	
1000	1000	1000	
1000	1000	1000	
1000	1000	1000	
200	0	0	
200	0	0	
1000	1000	1000	
200	0	0	
200	0	0	
1000	1000	1000	
200	0	0	
200	0	0	
1000	1000	1000	
1000	1000	1000	
1000	1000	1000	
1000	1000	1000	
200	0	0	
200	0	0	
1000	1000	1000	
1000	1000	1000	
1000	1000	1000	
1000	1000	1000	
1000	1000	1000	
1000	1000	1000	
200	0	0	
200	0	0	
1000	1000	1000	
200	0	0	
1000	1000	1000	
1000	1000	1000	
1000	1000	1000	
1000	1000	1000	
1000	1000	1000	
1000	1000	1000	
200	0	0	
200	0	0	
1000	1000	1000	
1000	1000	1000	
1000	1000	1000	
1000	1000	1000	
1000	1000	1000	
1000	1000	1000	
10	1000	1000	
200	0	0	
200	0	0	
10	1000	1000	
200	0	0	
200	0	0	
10	1000	1000	
10	1000	1000	
200	0	0	
200	0	0	
200	0	0	
200	0	0	
10	1000	1000	
200	0	0	
200	0	0	
200	0	0	
10	1000	1000	
200	0	0	
10	1000	1000	
10	1000	1000	
200	0	0	
200	0	0	
200	0	0	
200	0	0	
200	0	0	
200	0	0	
200	0	0	
200	0	0	
1000	1000	1000	
1000	1000	1000	
200	0	0	
200	0	0	
200	0	0	
200	0	0	
1000	1000	1000	
1000	1000	1000	
200	0	0	
200	0	0	
200	0	0	
200	0	0	
200	0	0	
200	0	0	
200	0	0	
200	0	0	
200	0	0	
1000	1000	1000	
200	0	0	
200	0	0	
1000	1000	1000	
1000	1000	1000	
200	0	0	
200	0	0	
200	0	0	
200	0	0	
1000	1000	1000	
1000	1000	1000	
200	0	0	
200	0	0	
200	0	0	
200	0	0	
200	0	0	
200	0	0	
200	0	0	
200	0	0	
200	0	0	
200	0	0	
1000	1000	1000	
1000	1000	1000	
200	0	0	
200	0	0	
200	0	0	
200	0	0	
200	0	0	
200	0	0	
200	0	0	
200	0	0	
200	0	0	
200	0	0	
200	0	0	
200	0	0	
1000	1000	1000	
1000	1000	1000	
1000	1000	1000	
1000	1000	1000	
1000	1000	1000	
1000	1000	1000	
200	0	0	
1000	1000	1000	
200	0	0	
1000	1000	1000	
200	0	0	
200	0	0	
200	0	0	
200	0	0	
1000	1000	1000	
1000	1000	1000	
200	0	0	
200	0	0	
200	0	0	
200	0	0	
1000	1000	1000	
1000	1000	1000	
200	0	0	
200	0	0	
200	0	0	
200	0	0	
1000	1000	1000	
1000	1000	1000	
1000	1000	1000	
1000	1000	1000	
1000	1000	1000	
1000	1000	1000	
1000	1000	1000	
1000	1000	1000	
1000	1000	1000	
1000	1000	1000	
200	0	0	
200	0	0	
1000	1000	1000	
1000	1000	1000	
1000	1000	1000	
1000	1000	1000	
1000	1000	1000	
1000	1000	1000	
200	0	0	
200	0	0	
200	0	0	
200	0	0	
200	0	0	
200	0	0	
200	0	0	
200	0	0	
200	0	0	
200	0	0	
1000	1000	1000	
200	0	0	
1000	1000	1000	
1000	1000	1000	
200	0	0	
200	0	0	
200	0	0	
200	0	0	
200	0	0	
200	0	0	
1000	1000	1000	
1000	1000	1000	
1000	1000	1000	
1000	1000	1000	
200	0	0	
200	0	0	
200	0	0	
200	0	0	
1000	1000	1000	
1000	1000	1000	
200	0	0	
200	0	0	
200	0	0	
200	0	0	
200	0	0	
200	0	0	
1000	1000	1000	
1000	1000	1000	
200	0	0	
200	0	0	
1000	1000	1000	
1000	1000	1000	
200	0	0	
200	0	0	
200	0	0	
200	0	0	
200	0	0	
200	0	0	
1000	1000	1000	
200	0	0	
1000	1000	1000	
1000	1000	1000	
200	0	0	
200	0	0	
200	0	0	
200	0	0	
200	0	0	
200	0	0	
1000	1000	1000	
1000	1000	1000	
200	0	0	
200	0	0	
1000	1000	1000	
200	0	0	
1000	1000	1000	
1000	1000	1000	
1000	1000	1000	
1000	1000	1000	
1000	1000	1000	
1000	1000	1000	
200	0	0	
200	0	0	
200	0	0	
200	0	0	
1000	1000	1000	
1000	1000	1000	
200	0	0	
200	0	0	
1000	1000	1000	
200	0	0	
200	0	0	
200	0	0	
200	0	0	
200	0	0	
1000	1000	1000	
1000	1000	1000	
200	0	0	
200	0	0	
1000	1000	1000	
200	0	0	
200	0	0	
200	0	0	
200	0	0	
200	0	0	
200	0	0	
200	0	0	
1000	1000	1000	
200	0	0	
200	0	0	
200	0	0	
200	0	0	
200	0	0	
1000	1000	1000	
1000	1000	1000	
1000	1000	1000	
1000	1000	1000	
1000	1000	1000	
1000	1000	1000	
200	0	0	
200	0	0	
1000	1000	1000	
1000	1000	1000	
200	0	0	
200	0	0	
200	0	0	
200	0	0	
1000	1000	1000	
1000	1000	1000	
1000	1000	1000	
1000	1000	1000	
1000	1000	1000	
1000	1000	1000	
200	0	0	
1000	1000	1000	
1000	1000	1000	
200	0	0	
1000	1000	1000	
1000	1000	1000	
200	0	0	
200	0	0	
200	0	0	
200	0	0	
200	0	0	
200	0	0	
200	0	0	
200	0	0	
200	0	0	
200	0	0	
200	0	0	
200	0	0	
200	0	0	
200	0	0	
200	0	0	
200	0	0	
200	0	0	
200	0	0	
200	0	0	
200	0	0	
200	0	0	
200	0	0	
200	0	0	
200	0	0	
200	0	0	
200	0	0	
200	0	0	
200	0	0	
200	0	0	
200	0	0	
200	0	0	
200	0	0	
200	0	0	
200	0	0	
200	0	0	
200	0	0	
200	0	0	
200	0	0	
200	0	0	
200	0	0	
200	0	0	
200	0	0	
200	0	0	
200	0	0	
200	0	0	
200	0	0	
200	0	0	
200	0	0	
200	0	0	
200	0	0	
200	0	0	
200	0	0	
200	0	0	
200	0	0	
200	0	0	
200	0	0	
200	0	0	
200	0	0	
200	0	0	
200	0	0	
200	0	0	
200	0	0	
200	0	0	
200	0	0	
200	0	0	
200	0	0	
200	0	0	
200	0	0	
200	0	0	
200	0	0	
200	0	0	
200	0	0	
200	0	0	
200	0	0	
200	0	0	
200	0	0	
200	0	0	
200	0	0	
200	0	0	
200	0	0	
200	0	0	
200	0	0	
1000	1000	1000	
200	0	0	
200	0	0	
200	0	0	
200	0	0	
200	0	0	
200	0	0	
200	0	0	
200	0	0	
200	0	0	
200	0	0	
200	0	0	
200	0	0	
200	0	0	
200	0	0	
200	0	0	
200	0	0	
200	0	0	
200	0	0	
200	0	0	
200	0	0	
200	0	0	
200	0	0	
200	0	0	
200	0	0	
200	0	0	
200	0	0	
200	0	0	
200	0	0	
200	0	0	
200	0	0	
200	0	0	
200	0	0	
200	0	0	
200	0	0	
200	0	0	
200	0	0	
200	0	0	
200	0	0	
200	0	0	
200	0	0	
200	0	0	
200	0	0	
200	0	0	
200	0	0	
200	0	0	
200	0	0	
200	0	0	
200	0	0	
200	0	0	
200	0	0	
200	0	0	
200	0	0	
200	0	0	
200	0	0	
200	0	0	
200	0	0	
200	0	0	
200	0	0	
200	0	0	
200	0	0	
200	0	0	
200	0	0	
200	0	0	
200	0	0	
200	0	0	
200	0	0	
200	0	0	
200	0	0	
200	0	0	
200	0	0	
200	0	0	
200	0	0	
200	0	0	
200	0	0	
200	0	0	
200	0	0	
200	0	0	
200	0	0	
200	0	0	
200	0	0	
200	0	0	
200	0	0	
200	0	0	
200	0	0	
200	0	0	
200	0	0	
200	0	0	
200	0	0	
200	0	0	
200	0	0	
200	0	0	
200	0	0	
200	0	0	
200	0	0	
200	0	0	
200	0	0	
200	0	0	
200	0	0	
200	0	0	
200	0	0	
200	0	0	
200	0	0	
200	0	0	
200	0	0	
200	0	0	
200	0	0	
200	0	0	
200	0	0	
200	0	0	
200	0	0	
200	0	0	
200	0	0	
200	0	0	
200	0	0	
200	0	0	
200	0	0	
200	0	0	
200	0	0	
200	0	0	
200	0	0	
200	0	0	
200	0	0	
200	0	0	
200	0	0	
200	0	0	
200	0	0	
200	0	0	
200	0	0	
200	0	0	
200	0	0	
200	0	0	
200	0	0	
200	0	0	
200	0	0	
200	0	0	
200	0	0	
200	0	0	
200	0	0	
200	0	0	
200	0	0	
200	0	0	
200	0	0	
200	0	0	
200	0	0	
200	0	0	
200	0	0	
200	0	0	
200	0	0	
200	0	0	
200	0	0	
200	0	0	
200	0	0	
200	0	0	
200	0	0	
200	0	0	
200	0	0	
200	0	0	
200	0	0	
200	0	0	
200	0	0	
200	0	0	
200	0	0	
200	0	0	
200	0	0	
200	0	0	
200	0	0	
200	0	0	
200	0	0	
200	0	0	
200	0	0	
200	0	0	
200	0	0	
200	0	0	
200	0	0	
200	0	0	
200	0	0	
200	0	0	
200	0	0	
200	0	0	
200	0	0	
200	0	0	
200	0	0	
200	0	0	
200	0	0	
200	0	0	
200	0	0	
200	0	0	
200	0	0	
200	0	0	
200	0	0	
200	0	0	
200	0	0	
200	0	0	
200	0	0	
200	0	0	
200	0	0	
200	0	0	
200	0	0	
200	0	0	
200	0	0	
200	0	0	
200	0	0	
200	0	0	
200	0	0	
200	0	0	
200	0	0	
200	0	0	
200	0	0	
200	0	0	
200	0	0	
200	0	0	
200	0	0	
200	0	0	
200	0	0	
200	0	0	
200	0	0	
200	0	0	
200	0	0	
200	0	0	
200	0	0	
200	0	0	
200	0	0	
200	0	0	
200	0	0	
200	0	0	
200	0	0	
200	0	0	
200	0	0	
200	0	0	
200	0	0	
200	0	0	
200	0	0	
200	0	0	
200	0	0	
200	0	0	
200	0	0	
200	0	0	
200	0	0	
200	0	0	
200	0	0	
200	0	0	
200	0	0	
200	0	0	
200	0	0	
200	0	0	
200	0	0	
200	0	0	
200	0	0	
200	0	0	
200	0	0	
200	0	0	
200	0	0	
200	0	0	
200	0	0	
200	0	0	
200	0	0	
200	0	0	
200	0	0	
200	0	0	
200	0	0	
200	0	0	
200	0	0	
200	0	0	
200	0	0	
200	0	0	
200	0	0	
200	0	0	
200	0	0	
200	0	0	
200	0	0	
200	0	0	
200	0	0	
200	0	0	
200	0	0	
200	0	0	
200	0	0	
200	0	0	
200	0	0	
200	0	0	
200	0	0	
200	0	0	
200	0	0	
200	0	0	
200	0	0	
200	0	0	
200	0	0	
200	0	0	
200	0	0	
200	0	0	
200	0	0	
200	0	0	
200	0	0	
200	0	0	
200	0	0	
200	0	0	
200	0	0	
200	0	0	
200	0	0	
200	0	0	
200	0	0	
200	0	0	
200	0	0	
200	0	0	
200	0	0	
200	0	0	
200	0	0	
200	0	0	
200	0	0	
