# File: UnstructuredGrid_Inversion_L1_Medium_Iter01.dat
# (No specific header documentation)

-159.167	-0.496475	102.08	0	
-157.165	-0.669672	138.291	0	
-60.3125	-0.183316	189.205	0	
36.875	-0.165467	232.332	0	
-209.735	-113.776	227.441	0	
135.171	-0.248238	211.743	0	
37.7755	-0.298492	240.286	0	
-168.683	-38.5922	235.565	0	
-59.8958	-0.422952	189.288	0	
-114.636	-2.41546	189.018	0	
-197.349	-35.2686	149.485	0	
-86.1261	-2.20771	181.061	0	
-160.041	-25.8446	249.502	0	
-158.223	-23.0259	260.217	0	
-110.41	-2.00366	183.628	0	
-126.733	-34.9822	695.73	0	
-60.7671	-2.6029	195.731	0	
-135.146	-1.29758	212.171	0	
-148.91	-7.49764	260.7	0	
-147.493	-0.731718	188.396	0	
-142.708	-2.72654	200.455	0	
-143.958	-2.01633	195.871	0	
-128.914	-3.64279	200.365	0	
-151.12	-4.39359	210.636	0	
-155.062	-2.57386	168.106	0	
-144.9	-12.0178	356.78	0	
-151.679	-3.09646	198.94	0	
-157.698	-15.8758	220.294	0	
134.442	-0.463996	208.376	0	
-17.1364	-2.41546	199.831	0	
-155.723	-3.30595	161.578	0	
-40.8603	-1.70135	190.073	0	
-154.225	-2.87256	180.158	0	
-152.924	-3.87335	196.98	0	
-12.9102	-2.00366	202.693	0	
-149.521	-2.42138	197.437	0	
35.327	-1.2985	226.44	0	
-37.9102	-2.00366	191.89	0	
-170.813	-2.26882	74.5822	0	
-48.0562	-1.54083	188.299	0	
-166.927	-1.72974	74.9884	0	
-163.743	-2.99807	82.1083	0	
-57.2502	-2.63512	196.259	0	
-164.848	-5.74974	87.5102	0	
-55.9972	-2.7247	197.246	0	
-156.681	-8.63815	171.938	0	
-55.3684	-3.09307	200.649	0	
-63.125	-0.721791	190.151	0	
-162.675	-0.60932	86.0942	0	
-84.3739	-0.735515	177.459	0	
-60.7641	-1.92569	192.176	0	
-154.57	-1.12419	175.012	0	
-75.7871	-2.07485	189.612	0	
-160.875	-0.935418	93.3409	0	
-65.3125	-0.168989	189.81	0	
85.1714	-0.248238	190.247	0	
-155.154	-0.463959	170.846	0	
61.4296	-0.274425	226.517	0	
-152.083	-0.301598	195.295	0	
-151.042	-0.898582	188.607	0	
44.2428	-1.8571	224.914	0	
-153.125	-0.165467	186.27	0	
55.507	-1.84911	214.067	0	
-155.625	-0.165467	156.69	0	
79.1751	-2.40378	215.072	0	
-161.767	-1.54474	81.8576	0	
-55.3336	-1.60992	190.904	0	
-150.349	-0.895475	190.59	0	
-152.938	-1.63179	189.937	0	
37.357	-5.79828	219.248	0	
-148.122	-0.734698	183.866	0	
37.7091	-1.97305	221.57	0	
-145.886	-0.571426	191.707	0	
-147.188	-0.177641	196.114	0	
42.7004	-0.886197	232.171	0	
39.2721	-2.20332	221.735	0	
-144.375	-0.165467	201.866	0	
34.375	-0.721791	224.959	0	
-141.875	-0.165467	210.445	0	
-140.824	-0.584888	205.787	0	
32.0917	-0.938252	217.048	0	
-141.391	-0.463959	207.818	0	
39.7582	-0.249876	233.565	0	
-144.651	-0.895475	193.788	0	
40.1748	-0.404989	232.602	0	
15.625	-0.239636	176.785	0	
-133.891	-0.463959	233.178	0	
140.283	-3.23265	201.897	0	
-134.099	-0.895475	219.695	0	
-133.324	-0.584888	217.371	0	
144.226	-3.14865	201.767	0	
-135.622	-0.734698	214.932	0	
148.925	-1.74918	208.492	0	
138.925	-1.74918	203.949	0	
-131.875	-0.165467	222.004	0	
136.951	-1.8827	203.961	0	
-125.141	-0.463959	215.58	0	
-128.231	-0.881992	219.586	0	
138.128	-0.734698	205.782	0	
-131.672	-0.963615	216.682	0	
138.851	-0.785793	205.851	0	
-132.349	-0.451863	213.264	0	
145.171	-0.248238	205.313	0	
-139.849	-0.451863	216.954	0	
21.5202	-1.36247	185.672	0	
129.375	-0.165467	202.899	0	
-125.625	-0.165467	216.854	0	
111.464	-0.901516	180.001	0	
-124.062	-0.231865	209.941	0	
-122.742	-0.249876	216.766	0	
-111.875	-0.721791	180.607	0	
-117.028	-1.85649	190.746	0	
120.398	-1.67889	197.527	0	
-120.514	-2.45278	193.755	0	
-118.122	-0.734698	199.182	0	
-99.7032	-3.72545	198.98	0	
-115.104	-0.449365	188.666	0	
-113.646	-0.409544	184.472	0	
-88.3333	-0.301598	171.642	0	
-117.188	-0.177641	187.129	0	
-123.718	-0.432276	214.367	0	
-116.049	-1.02926	190.654	0	
-114.062	-0.168989	184.318	0	
-98.4932	-0.145516	171.245	0	
-109.989	-0.734618	180.878	0	
-104.807	-0.233592	169.258	0	
-109.688	-0.172252	174.363	0	
-108.522	-0.420281	181.079	0	
-106.868	-1.83311	181.728	0	
-110.938	-0.180399	182.811	0	
-109.745	-1.43797	180.738	0	
-136.562	-0.905095	214.426	0	
-106.601	-0.997684	178.577	0	
-130.884	-3.57366	199.113	0	
-98.5504	-1.09742	172.87	0	
-103.125	-0.399074	179.271	0	
-124.724	-0.298492	206.986	0	
-106.289	-0.749484	176.84	0	
-139.375	-0.165467	215.121	0	
-106.981	-0.881992	175.427	0	
-105.537	-0.416907	176.873	0	
-114.062	-0.938054	184.967	0	
-105.268	-1.64172	179.28	0	
-126.872	-0.734698	211.837	0	
131.875	-0.721791	210.235	0	
-103.438	-0.215758	173.987	0	
49.1667	-0.301598	222.782	0	
-128.927	-0.404344	218.26	0	
-100.622	-0.734698	174.329	0	
-130.622	-0.734698	222.505	0	
-90.4959	-1.93261	178.849	0	
-99.6875	-0.177641	168.988	0	
-132.5	-2.46332	206.658	0	
-148.042	-1.77945	192.894	0	
-96.9743	-0.445797	173.268	0	
-134.889	-0.719544	217.63	0	
-94.8074	-0.233592	167.86	0	
-88.5417	-1.40127	176.109	0	
-146.362	-1.84728	192.176	0	
-96.6024	-0.997079	173.194	0	
-147.496	-3.34204	206.054	0	
-97.7055	-1.03334	172.751	0	
-149.724	-0.298492	194.898	0	
-144.792	-2.01633	192.574	0	
-89.6875	-0.215758	172.442	0	
-153.401	-0.895475	186.94	0	
-87.7055	-1.03334	174.915	0	
-86.9743	-0.445797	175.109	0	
-152.968	-2.35625	190.342	0	
-68.2781	-1.85649	192.804	0	
-143.891	-0.463959	197.023	0	
-147.81	-0.184751	181.023	0	
-82.8125	-0.18026	177.914	0	
-150.141	-0.463959	182.48	0	
-81.5625	-0.231865	180.917	0	
-81.2182	-0.432276	180.703	0	
-155.901	-0.895475	156.381	0	
-76.297	-1.49882	185.551	0	
-151.022	-2.05757	195.21	0	
-82.537	-0.478752	177.602	0	
-152.732	-2.72571	191.983	0	
-90.2072	-0.767958	174.163	0	
-143.324	-0.584888	198.233	0	
-14.375	-0.721791	209.597	0	
-75.9375	-0.215758	185.998	0	
-23.6184	-2.39653	198.926	0	
-69.06	-0.184751	190.259	0	
-73.125	-0.399074	187.874	0	
-25.3512	-0.997684	202.622	0	
-74.8958	-0.422952	186.889	0	
-16.6583	-0.938252	210.418	0	
9.00681	-0.145516	167.333	0	
-69.3725	-0.734698	190.542	0	
-0.833333	-0.301598	179.709	0	
-66.3542	-0.449365	190.127	0	
-60.625	-0.399074	189.086	0	
-12.2453	-1.43797	205.624	0	
-68.4375	-0.177641	190.132	0	
-7.32513	-1.74918	199.354	0	
-67.2987	-1.02926	190.195	0	
-3.03465	-3.32278	195.625	0	
-9.36794	-1.83311	200.472	0	
-59.5833	-0.239636	189.902	0	
-39.375	-0.721791	192.094	0	
37.0532	-1.76995	222.946	0	
-57.9491	-1.61328	190.406	0	
-41.5625	-0.168989	191.083	0	
-62.495	-0.726698	190.606	0	
-8.12247	-0.734698	204.271	0	
-26.427	-0.404344	204.104	0	
-57.0129	-0.76506	189.749	0	
-32.3074	-0.233592	199.447	0	
-54.5124	-0.769509	188.336	0	
-54.4526	-1.54022	190.4	0	
-34.3679	-1.83314	192.627	0	
-55.5456	-0.469849	188.885	0	
-37.2453	-1.43797	192.815	0	
-58.1174	-0.526812	189.871	0	
-37.233	-3.2561	200.692	0	
-65.3118	-0.938054	191.243	0	
-7.39932	-0.785793	200.924	0	
-76.4572	-0.767958	185.925	0	
-155.491	-2.34302	162.617	0	
-52.2119	-0.606269	188.944	0	
-50.6225	-0.734698	185.309	0	
-48.8613	-2.00705	189.742	0	
-48.6511	-1.47543	189.92	0	
-47.5961	-1.83916	191.509	0	
-41.1458	-0.409544	191.385	0	
-49.6875	-0.177641	186.953	0	
-50.5346	-1.7761	189.44	0	
-46.3821	-1.53103	190.073	0	
-44.1959	-1.61996	191.005	0	
-45.5393	-1.53918	190.399	0	
-42.6042	-0.449365	190.072	0	
-41.5618	-0.938054	191.029	0	
-56.9566	-1.53976	191.348	0	
-44.924	-0.426248	190.248	0	
-46.7643	-2.3302	193.901	0	
-47.2007	-0.445765	189.102	0	
-49.4963	-2.00134	191.762	0	
-57.7681	-1.92847	192.863	0	
-38.4375	-0.180399	191.497	0	
-54.1416	-2.34704	194.629	0	
-36.0223	-0.420281	192.512	0	
-34.4815	-0.881992	197.989	0	
-52.881	-1.63702	189.945	0	
-37.1875	-0.172252	196.807	0	
-50.31	-0.184751	184.546	0	
-58.6541	-2.02268	191.365	0	
-33.7887	-0.749484	197.02	0	
-62.8125	-0.180456	189.437	0	
-31.8998	-1.27697	194.323	0	
-29.0727	-0.927987	198.673	0	
-67.2993	-2.39955	193.551	0	
-27.2863	-0.901516	202.907	0	
-63.8542	-0.421	189.671	0	
-33.4426	-0.916578	194.016	0	
-58.9542	-1.01599	189.904	0	
-37.4886	-0.734618	193.032	0	
-56.5955	-2.31994	194.131	0	
-65.4331	-2.41216	195.244	0	
-19.7717	-1.82829	202.218	0	
-70.3125	-0.905095	189.965	0	
-25.0387	-0.749484	205.797	0	
-17.9354	-1.63811	204.769	0	
-73.4375	-0.215758	187.847	0	
-25.7315	-0.881992	205.507	0	
-64.1859	-1.83675	192.69	0	
-74.375	-0.239636	187.788	0	
-19.0764	-1.21051	206.118	0	
105.171	-0.248238	170.513	0	
-16.041	-0.578104	213.005	0	
-17.1304	-0.893213	210.818	0	
89.3033	-3.12823	196.036	0	
-18.7377	-0.987677	210.961	0	
100.256	-2.61431	187.257	0	
-20.313	-0.910558	207.68	0	
-86.9643	-1.83306	178.838	0	
107.712	-2.25783	183.955	0	
-13.4375	-0.180399	214.682	0	
86.951	-1.8827	201.603	0	
-11.0223	-0.420281	211.422	0	
-9.48147	-0.881992	200.492	0	
88.1275	-0.734698	199.297	0	
-12.1875	-0.172252	204.516	0	
88.8507	-0.785793	201.029	0	
79.375	-0.165467	235.742	0	
-8.78865	-0.749484	201.944	0	
70.8283	-0.963615	241.825	0	
-6.60444	-0.545772	191.07	0	
-5.3125	-0.18026	195.512	0	
64.7319	-1.64172	223.776	0	
-1.05036	-1.09742	183.05	0	
73.805	-3.37371	215.687	0	
-9.10115	-0.997684	202.51	0	
81.875	-0.721791	227.921	0	
-12.4886	-0.734618	210.465	0	
95.4167	-0.301598	168.063	0	
-28.0468	-0.46925	200.853	0	
-62.4855	-1.48918	191.472	0	
-53.0213	-0.481575	186.479	0	
-33.0365	-0.416907	193.915	0	
-134.73	-1.36247	216.25	0	
-3.12247	-0.734698	189.665	0	
-2.1875	-0.177641	178.129	0	
65.1926	-0.233592	236.729	0	
7.77023	-1.36247	176.826	0	
-0.20549	-1.03334	182.719	0	
72.8605	-2.97986	218.613	0	
64.4635	-0.416907	228.764	0	
0.317383	-0.445797	181.364	0	
55.9572	-0.445765	215.326	0	
2.69264	-0.233592	172.932	0	
9.4098	-1.63791	176.664	0	
48.9025	-1.7422	218.397	0	
0.897596	-0.997079	181.47	0	
58.125	-0.721791	218.1	0	
6.87753	-0.734698	170.283	0	
62.8167	-1.74351	222.207	0	
48.2202	-2.32588	219.515	0	
7.8125	-0.177641	167.927	0	
50.2102	-1.64384	217.424	0	
9.79451	-1.03334	169.698	0	
10.5257	-0.445797	171.874	0	
51.2292	-0.42959	214.79	0	
28.9783	-1.82829	205.278	0	
51.7296	-1.10317	214.148	0	
47.025	-1.72498	220.998	0	
14.0625	-0.215758	166.827	0	
47.3553	-1.31257	221.634	0	
16.875	-0.399074	170.521	0	
16.5625	-0.215758	170.329	0	
43.3967	-2.32458	223.332	0	
21.1036	-1.29758	185.697	0	
40.1039	-1.83211	224.1	0	
14.375	-0.399074	169.805	0	
45.485	-0.767062	229.319	0	
20.6275	-0.734698	184.432	0	
57.3339	-1.9944	215.114	0	
40.625	-0.155113	236.727	0	
21.5625	-0.177641	179.312	0	
33.6458	-0.421	227.094	0	
28.7495	-0.72209	209.861	0	
23.5959	-0.863962	193.51	0	
35.0145	-1.48918	220.563	0	
23.6458	-0.410824	188.574	0	
40.9487	-2.2938	223.328	0	
34.6875	-0.180456	222.883	0	
28.437	-0.910558	209.905	0	
33.3141	-1.83675	215.33	0	
30.0123	-0.987677	210.472	0	
36.3656	-0.727833	233.623	0	
27.5017	-0.754052	203.652	0	
29.6736	-1.21051	208.614	0	
32.0669	-2.41216	209.316	0	
30.8146	-1.63811	210.983	0	
30.3982	-1.67889	210.244	0	
10.5357	-1.83306	181.863	0	
37.3589	-0.463959	223.628	0	
151.042	-0.957873	214.698	0	
129.175	-2.40378	204.177	0	
38.4375	-0.231865	239.318	0	
150.349	-0.895475	212.943	0	
35.3125	-0.180399	237.629	0	
22.1811	-1.57104	189.089	0	
153.75	-0.798148	225.37	0	
42.2124	-1.5838	227.328	0	
148.128	-0.734698	204.525	0	
48.8661	-0.922193	220.249	0	
43.077	-1.53998	227.679	0	
142.06	-1.45463	202.653	0	
41.9348	-0.460367	233.46	0	
146.951	-1.8827	203.952	0	
38.7818	-0.432276	235.326	0	
149.357	-2.57573	210.512	0	
31.6196	-0.893213	216.515	0	
24.6874	-1.03651	193.101	0	
44.4583	-0.47172	231.584	0	
44.6583	-1.61456	225.257	0	
139.303	-3.12823	201.739	0	
47.0016	-0.805182	223.957	0	
140.208	-2.01633	203.791	0	
59.5898	-2.00366	217.623	0	
49.7945	-1.03334	219.074	0	
141.458	-1.40127	203.691	0	
48.0432	-0.90251	220.384	0	
144.442	-0.895512	201.079	0	
138.44	-0.184751	205.37	0	
53.4795	-1.57413	214.671	0	
132.514	-1.48918	207.94	0	
53.95	-0.87916	210.578	0	
54.337	-1.53831	212.996	0	
127.712	-2.4156	203.695	0	
53.4103	-0.445903	211.524	0	
130.276	-0.298492	215.077	0	
50.3174	-0.445797	208.175	0	
137.686	-1.411	204.887	0	
128.978	-2.05757	204.663	0	
59.0625	-0.180399	218.399	0	
82.827	-1.2985	215.185	0	
60.3125	-0.172252	230.36	0	
62.2945	-1.03334	223.741	0	
124.375	-0.721791	201.932	0	
61.9053	-1.63791	221.564	0	
129.859	-0.463959	199.444	0	
111.605	-3.73253	192.41	0	
62.8174	-0.445797	230.319	0	
-112.604	-0.421	181.454	0	
68.7468	-0.587845	241.705	0	
67.2727	-1.26909	229.895	0	
-111.236	-1.48918	183.065	0	
63.3976	-0.997079	227.13	0	
113.711	-0.749484	185.236	0	
68.0432	-0.90251	236.813	0	
122.092	-0.938252	198.734	0	
93.1275	-0.734698	183.274	0	
132.188	-0.180456	209.988	0	
-111.562	-0.180456	179.648	0	
76.7155	-1.8638	222.501	0	
-112.936	-1.83675	185.146	0	
70.625	-0.165467	247.353	0	
78.1125	-1.26514	228.348	0	
-118.75	-0.727521	197.818	0	
70.158	-0.442738	241.929	0	
-114.183	-2.41216	187.327	0	
-90.552	-1.50076	176.083	0	
77.138	-0.895475	235.408	0	
-93.4938	-2.61431	184.256	0	
84.4423	-0.895512	220.54	0	
79.0995	-0.895475	231.229	0	
-85.7716	-1.10409	176.733	0	
77.3464	-0.463959	234.855	0	
-82.2245	-0.298492	181.595	0	
75.6275	-0.734698	237.573	0	
-120.104	-0.420973	198.362	0	
-86.2709	-0.429517	175.289	0	
82.505	-0.726698	221.027	0	
-94.3996	-1.27697	173.648	0	
132.827	-1.2985	209.029	0	
85.616	-1.2741	205.144	0	
-104.57	-2.91246	182.196	0	
84.4423	-0.463996	212.679	0	
-92.6807	-1.37109	174.481	0	
-97.1833	-1.74351	173.945	0	
87.4613	-0.749484	207.389	0	
-102.396	-0.422952	179.367	0	
89.6456	-0.545772	206.195	0	
90.8333	-0.930751	190.382	0	
-100.561	-1.61689	178.03	0	
95.1996	-1.09742	182.726	0	
-95.5365	-0.416907	172.282	0	
87.1488	-0.997684	204.445	0	
-89.375	-0.399074	173.101	0	
85.2068	-1.03746	205.715	0	
-87.2898	-1.64384	177.302	0	
-116.049	-2.39955	190.455	0	
143.174	-1.79396	201.388	0	
-100.31	-0.184751	176.224	0	
93.8214	-0.367273	183.399	0	
-101.875	-0.239636	169.244	0	
96.875	-0.399074	184.843	0	
102.824	-1.29981	176.032	0	
-103.486	-1.50556	176.475	0	
-104.788	-1.02568	175.134	0	
96.1458	-0.517356	183.524	0	
-136.255	-1.46872	209.966	0	
105.207	-1.03746	174.272	0	
103.543	-0.767958	175.363	0	
-129.738	-1.69542	209.202	0	
99.8233	-0.404427	181.162	0	
-137.604	-0.420973	212.855	0	
96.5625	-0.215758	180.243	0	
-106.064	-1.411	179.446	0	
-123.69	-2.36715	198.927	0	
126.715	-1.8638	203.756	0	
-127.851	-0.997684	212.557	0	
106.562	-0.215758	171.274	0	
110.703	-0.900766	180.266	0	
-126.141	-1.34697	208.837	0	
106.875	-0.399074	176.649	0	
-122.404	-0.415784	192.012	0	
-126.139	-0.719544	213.312	0	
118.978	-1.82829	196.202	0	
-129.043	-1.15301	214.61	0	
113.399	-0.997684	186.274	0	
120.815	-1.63811	198.231	0	
-149.062	-0.231865	191.305	0	
113.019	-0.881992	185.897	0	
-130.662	-1.60682	210.295	0	
110.703	-0.46925	177.034	0	
-126.723	-1.83888	205.198	0	
104.442	-0.463996	175.821	0	
-117.81	-0.184751	203.026	0	
-143.542	-2.72654	196.183	0	
119.674	-1.21051	196.668	0	
-139.792	-2.01633	200.853	0	
122.709	-0.578104	201.999	0	
121.62	-0.893213	196.94	0	
-138.542	-1.34019	208.349	0	
120.012	-0.987677	195.591	0	
-136.25	-0.727521	215.741	0	
-142.292	-2.01633	195.048	0	
125.312	-0.180399	207.989	0	
-13.7355	-1.48918	204.965	0	
127.255	-0.454315	206.517	0	
134.442	-0.895512	207.084	0	
-18.3518	-1.67889	206.365	0	
126.32	-0.373341	205.624	0	
-15.1042	-0.421	208.366	0	
128.063	-1.23527	206.165	0	
-142.349	-0.451863	213.748	0	
-16.6831	-2.41216	199.169	0	
135.207	-1.03746	208.47	0	
-20.6325	-0.73471	211.166	0	
158.73	-5.36963	244.679	0	
135.616	-1.2741	206.572	0	
-22.5897	-0.44666	203.439	0	
132.505	-0.726698	210.204	0	
-15.4359	-1.83675	202.508	0	
15.1042	-0.422952	172.179	0	
137.461	-0.749484	207.927	0	
11.7284	-1.10409	172.825	0	
139.646	-0.545772	207.362	0	
140.625	-0.165467	204.948	0	
10.2102	-1.64384	176.393	0	
145.207	-1.03746	203.295	0	
4.00616	-2.61431	190.971	0	
137.149	-0.997684	205.43	0	
7.35357	-1.29758	176.722	0	
129.099	-0.895475	203.991	0	
-14.0625	-0.180456	210.811	0	
118.437	-0.910558	194.41	0	
-149.02	-2.36076	196.014	0	
4.81932	-1.37109	178.945	0	
144.442	-0.463996	201.92	0	
-6.94674	-3.12823	194.138	0	
145.616	-1.2741	202.841	0	
147.149	-0.997684	204.431	0	
7.19003	-0.184751	169.616	0	
153.646	-1.86538	221.928	0	
3.10039	-1.27697	179.916	0	
1.96348	-0.416907	177.474	0	
148.44	-0.184751	204.043	0	
-3.04204	-1.77945	192.616	0	
153.125	-0.366631	220.817	0	
154.375	-0.431516	227.205	0	
-11.56	-2.60932	196.873	0	
155	-1.09967	223.555	0	
-4.72447	-0.298492	183.464	0	
147.461	-0.749484	206.155	0	
0.316734	-1.74351	185.972	0	
-5.76725	-2.37135	196.466	0	
156.458	-1.16463	237.311	0	
-8.56446	-1.411	201.866	0	
159.625	-0.633448	245.131	0	
161.425	-0.98887	246.635	0	
-7.80997	-0.184751	208.647	0	
160.517	-1.62232	247.537	0	
-6.00099	-0.990146	194.144	0	
-38.7355	-1.48918	191.57	0	
152.342	-4.47964	223.193	0	
-20.0005	-0.72209	209.854	0	
163.752	-4.86774	252.585	0	
164.832	-2.66958	256.711	0	
-25.5523	-1.89071	199.44	0	
163.115	-0.98887	255.75	0	
-32.7681	-1.64172	193.33	0	
155.484	-3.31993	232.164	0	
-40.1042	-0.421	191.792	0	
155.625	-0.668155	236.864	0	
-2.80997	-0.184751	191.773	0	
-30.3512	-0.997684	195.448	0	
160.191	-2.997	246.029	0	
-29.2273	-1.84047	195.654	0	
169.563	-2.94058	260.4	0	
154.995	-4.95032	234.776	0	
-28.0468	-0.900766	201.287	0	
148.735	-4.0152	209.645	0	
-29.3814	-1.45948	196.322	0	
-32.2879	-1.02568	195.833	0	
204.26	-5.49392	249.751	0	
-51.5127	-2.35303	193.421	0	
155.816	-17.1581	224.808	0	
-45.4962	-2.88495	200.156	0	
204.031	-10.9896	249.908	0	
-51.9926	-1.54002	189.786	0	
151.4	-5.05939	219.091	0	
-33.5645	-1.411	193.799	0	
-41.6831	-2.41216	193.893	0	
168.034	-45.612	224.694	0	
-45.2578	-2.01741	191.172	0	
-44.2392	-2.34425	194.342	0	
-40.4359	-1.83675	190.737	0	
-61.499	-2.45786	194.786	0	
34.6319	-2.59243	215.067	0	
-71.3542	-0.420973	189.038	0	
-65.8864	-2.41546	195.9	0	
-63.875	-0.7939	190.695	0	
-39.0625	-0.180456	192.792	0	
161.093	-4.56171	250.833	0	
-24.3397	-0.386682	204.376	0	
142.724	-0.233592	202.741	0	
11.2291	-0.429517	168.592	0	
-69.9911	-1.49188	190.66	0	
-109.06	-2.60932	186.656	0	
-74.3648	-3.56486	200.372	0	
69.2173	-0.649358	237.954	0	
-70	-0.727521	190.271	0	
-73.5084	-1.52283	188.485	0	
-72.2977	-1.79976	190.216	0	
-77.5	-0.727521	185.034	0	
-79.8252	-0.404989	185.431	0	
104.652	-1.76179	180.435	0	
112.323	-0.404344	177.854	0	
99.0115	-1.69578	184.699	0	
107.604	-0.422952	180.709	0	
106.514	-1.50556	178.38	0	
108.125	-0.239636	173.143	0	
101.069	-1.37109	178.12	0	
100.519	-0.881967	173.511	0	
93.9409	-3.99414	193.046	0	
104.442	-0.895512	175.096	0	
97.0407	-1.83502	185.698	0	
97.5025	-0.365196	184.289	0	
92.3958	-0.422952	189.136	0	
93.8574	-1.46076	188.336	0	
88.9249	-1.74918	199.55	0	
93.44	-0.184751	181.974	0	
90.8188	-2.40875	194.572	0	
92.1704	-1.69082	191.296	0	
87.6855	-1.411	201.626	0	
88.44	-0.184751	197.659	0	
80.2755	-0.298492	221.085	0	
82.5145	-1.48918	212.317	0	
77.7119	-2.4156	217.871	0	
82.1875	-0.180456	232.187	0	
78.9784	-2.05757	218.494	0	
79.8589	-0.463959	237.213	0	
75	-0.727521	239.859	0	
73.6458	-0.420973	244.744	0	
65.1381	-2.86399	219.818	0	
76.3613	-0.719544	240.295	0	
70.8499	-2.94097	219.188	0	
71.8775	-0.734698	246.04	0	
67.0016	-0.805182	226.995	0	
66.9353	-1.57651	225.02	0	
63.9312	-1.39728	225.01	0	
65.2121	-1.02568	229.451	0	
56.7365	-0.776487	212.423	0	
58.7645	-1.48918	216.693	0	
51.3739	-2.20771	219.217	0	
58.4375	-0.180456	219.761	0	
54.6602	-2.31659	217.555	0	
55.9223	-1.60658	214.683	0	
51.8197	-1.54066	216.182	0	
52.2149	-2.28411	219.225	0	
45.5387	-1.54315	224.832	0	
46.0846	-2.26818	222.066	0	
33.625	-0.7939	226.135	0	
35.3751	-2.12843	217.285	0	
31.6136	-2.41546	207.527	0	
134.897	-3.1242	203.549	0	
26.1603	-0.44666	196.683	0	
27.8074	-0.922307	208.124	0	
23.9778	-2.49398	195.164	0	
28.1175	-0.73471	211.469	0	
24.4006	-2.24607	195.252	0	
25.4682	-1.53423	196.885	0	
20	-0.727521	180.39	0	
17.6042	-0.422952	177.879	0	
151.875	-0.36089	218.693	0	
152.495	-1.48403	218.994	0	
153.016	-2.19037	222.255	0	
152.5	-0.727521	215.823	0	
147.686	-1.411	205.024	0	
148.517	-0.962924	206.123	0	
143.438	-0.183316	201.849	0	
142.768	-1.62888	201.961	0	
134.652	-1.76179	206.457	0	
154.479	-2.1669	231.317	0	
130.938	-0.231865	213.994	0	
132.875	-2.12843	206.431	0	
129.835	-2.01948	204.741	0	
171.752	-1.25987	259.961	0	
123.646	-0.421	202.055	0	
125.014	-1.48918	202.257	0	
121.614	-2.41546	199.083	0	
124.688	-0.180456	200.298	0	
122.067	-2.41216	199.818	0	
123.314	-1.83675	201.038	0	
118.117	-0.73471	194.243	0	
116.16	-0.44666	187.045	0	
-112.625	-0.7939	186.624	0	
-110.923	-1.2985	182.755	0	
-138.958	-2.01633	205.331	0	
-62.8681	-2.59243	195.958	0	
-119.062	-0.905095	196.263	0	
-118.741	-1.49188	194.791	0	
-82.442	-2.84871	188.037	0	
-75.625	-0.399074	186.716	0	
-80.7279	-2.20332	184.134	0	
-80.2418	-0.249876	180.174	0	
-83.9572	-0.767958	177.395	0	
-84.0634	-1.80211	179.792	0	
-91.5625	-0.905095	174.017	0	
-91.2411	-1.49188	176.007	0	
-90.9259	-1.29981	174.905	0	
-91.25	-0.727521	172.636	0	
-96.0688	-1.39728	174.264	0	
-94.7879	-1.02568	171.521	0	
-101.377	-0.799412	172.772	0	
-101.387	-2.24603	179.348	0	
-64.6103	-1.70135	192.243	0	
-95.2681	-1.64172	175.092	0	
-136.875	-0.721791	215.456	0	
-135.257	-1.60465	211.895	0	
-151.043	-2.7795	198.318	0	
-119.302	-2.47027	193.057	0	
-121.95	-1.62413	199.005	0	
-121.124	-0.800095	204.139	0	
-127.539	-0.749484	214.726	0	
-128.034	-1.949	203.409	0	
-113.36	-1.70135	185.328	0	
-121.125	-1.7074	196.301	0	
-209.067	-24.1325	132.33	0	
-114.835	-2.90531	188.068	0	
-15.125	-0.7939	211.34	0	
-13.423	-1.2985	208.879	0	
-21.617	-2.63379	201.242	0	
11.3739	-2.20771	183.107	0	
-21.2483	-0.754052	210.317	0	
-20.9426	-0.922307	207.847	0	
14.1374	-2.46855	188.522	0	
20.94	-0.184751	183.406	0	
16.4916	-1.52283	178.804	0	
18.125	-0.239636	180.928	0	
13.5428	-0.767958	171.748	0	
13.4525	-1.48018	178.675	0	
5.9375	-0.905095	173.611	0	
6.2448	-1.46872	178.798	0	
7.24318	-1.60465	179.165	0	
6.25	-0.727521	169.597	0	
1.43115	-1.39728	182.602	0	
2.71211	-1.02568	177.595	0	
-4.0625	-0.231865	184.816	0	
-4.01982	-2.36076	193.866	0	
32.8897	-1.70135	215.094	0	
2.23194	-1.64172	183.266	0	
-40.125	-0.7939	188.946	0	
-38.423	-1.2985	191.39	0	
-44.66	-2.42905	193.87	0	
-32.1961	-2.96495	198.975	0	
-24.5344	-1.72777	199.072	0	
-23.2818	-1.53422	202.816	0	
-30.0387	-0.749484	197.609	0	
-31.43	-1.90759	193.658	0	
-15.8603	-1.70135	205.129	0	
-24.0767	-1.45963	203.012	0	
-55.7489	-1.85245	191.103	0	
-46.3337	-2.56104	196.545	0	
-63.1262	-1.46081	191.422	0	
-62.8319	-2.05376	193.334	0	
-70.625	-0.721791	189.74	0	
-69.3204	-2.50735	192.733	0	
-73.1228	-1.78287	189.071	0	
-101.314	-4.33633	200.416	0	
-77.8125	-0.905095	184.523	0	
-77.4911	-1.49188	185.176	0	
115.132	-2.39653	191.732	0	
118.749	-0.72209	194.085	0	
113.198	-1.89071	188.824	0	
114.41	-0.386682	185.96	0	
109.793	-0.767958	179.916	0	
110.281	-1.24861	181.996	0	
102.188	-0.905095	177.974	0	
102.509	-1.49188	180.524	0	
102.875	-2.12441	183.469	0	
102.5	-0.727521	172.969	0	
98.0881	-1.60686	184.831	0	
99.7066	-1.15279	180.901	0	
92.3735	-0.799412	189.471	0	
93.0268	-2.05475	190.629	0	
84.6523	-1.76179	208.774	0	
84.8969	-3.1242	197.724	0	
80.9375	-0.231865	224.768	0	
82.8751	-2.12843	206.145	0	
75.1164	-3.46383	213.34	0	
132.596	-2.91729	205.194	0	
74.6875	-0.905095	237.05	0	
75.0089	-1.49188	229.509	0	
70.8416	-1.89397	228.032	0	
72.6299	-0.805484	243.4	0	
66.1408	-0.851559	230.058	0	
65.9602	-2.43432	220.633	0	
59.838	-1.37309	218.257	0	
79.8349	-2.01948	217.926	0	
56.7991	-1.54309	213.188	0	
59.077	-1.2985	217.552	0	
46.0679	-4.05346	222.789	0	
61.1582	-3.2295	220.582	0	
44.6778	-3.09177	221.571	0	
50.5357	-1.83306	216.305	0	
34.3738	-1.46081	219.892	0	
34.6681	-2.05376	215.801	0	
26.4894	-1.28197	198.722	0	
28.6659	-2.464	204.111	0	
-3.19198	-3.88759	193.876	0	
25.1683	-1.72236	195.695	0	
19.6875	-0.905095	181.436	0	
19.9948	-1.46872	186.5	0	
151.25	-0.526357	214.776	0	
151.821	-1.80608	216.762	0	
143.544	-4.47002	202.396	0	
148.847	-3.30796	210.364	0	
144.661	-1.72524	201.796	0	
136.472	-3.23317	202.168	0	
141.042	-2.01633	202.493	0	
132.867	-5.33818	205.003	0	
131.758	-1.85813	207.64	0	
131.398	-3.49444	205.699	0	
123.625	-0.7939	203.29	0	
126.403	-2.49952	203.1	0	
93.027	-2.89578	192.343	0	
122.89	-1.70135	200.511	0	
117.502	-0.754052	191.343	0	
117.807	-0.922307	193.768	0	
-111.876	-1.46081	183.098	0	
-111.582	-2.05376	184.808	0	
-119.375	-0.721791	196.035	0	
-118.07	-2.50735	192.41	0	
-137.82	-4.37968	211.273	0	
-124.922	-2.37212	198.777	0	
-85.6814	-1.54166	178.054	0	
-85.1793	-2.28453	182.114	0	
-91.875	-0.721791	172.291	0	
-91.9775	-1.88479	177.809	0	
-111.618	-2.59243	186.051	0	
-103.549	-3.02689	184.609	0	
-99.5421	-1.82139	175.87	0	
-106.504	-2.60207	185.666	0	
-103.127	-1.77427	179.466	0	
-111.649	-4.7353	209.748	0	
-136.964	-1.87789	206.073	0	
-136.595	-2.06317	205.059	0	
-125.4	-1.66788	206.158	0	
-136.313	-5.22453	221.946	0	
-73.5039	-3.87787	203.659	0	
-125.417	-2.74303	198.701	0	
-14.3762	-1.46081	204.883	0	
-14.0819	-2.05376	200.257	0	
-22.2606	-1.28197	205.463	0	
-20.0841	-2.464	200.77	0	
-40.5361	-4.84886	228.129	0	
-26.5603	-2.52795	198.036	0	
11.8186	-1.54166	176.036	0	
12.3207	-2.28453	184.495	0	
5.62498	-0.721791	169.77	0	
5.52251	-1.88479	182.022	0	
-14.1181	-2.59243	198.176	0	
-5.96702	-3.23265	194.828	0	
-2.00153	-1.83923	193.566	0	
-9.00389	-2.60207	195.417	0	
-5.16508	-2.01948	196.166	0	
-14.1491	-4.7353	190.781	0	
-39.3762	-1.46081	191.152	0	
-39.0819	-2.05376	192.359	0	
-27.8379	-1.66421	198.73	0	
-40.1715	-4.55294	219.755	0	
-39.1181	-2.59243	193.684	0	
-27.4212	-1.90085	197.644	0	
-70.5521	-2.47027	193.963	0	
31.4151	-2.90531	206.396	0	
-70.714	-1.87789	191.269	0	
-70.3446	-2.06317	191.457	0	
-79.375	-0.155113	184.19	0	
-76.8231	-2.52441	191.211	0	
-85.6715	-2.46797	183.916	0	
-82.2803	-1.95759	183.004	0	
114.216	-1.72777	190.324	0	
115.468	-1.53422	189.872	0	
108.623	-0.799412	175.309	0	
108.613	-2.24603	185.148	0	
101.875	-0.721791	173.176	0	
101.773	-1.88479	180.862	0	
82.5965	-2.91729	201.34	0	
90.283	-3.23265	195.611	0	
94.6055	-1.71476	188.505	0	
86.472	-3.23317	199.225	0	
91.6378	-1.69748	193.061	0	
82.8668	-5.33818	199.928	0	
81.7578	-1.85813	214.337	0	
81.3983	-3.49444	203.706	0	
74.375	-0.721791	244.501	0	
76.4031	-2.49952	218.931	0	
58.3866	-2.50815	217.06	0	
55.4982	-4.87258	230.958	0	
67.9524	-1.93915	224.799	0	
52.1786	-8.33544	194.845	0	
57.521	-5.34934	231.684	0	
67.1745	-3.56865	218.582	0	
58.4158	-2.05491	216.884	0	
57.0732	-2.321	217.299	0	
27.133	-2.63379	199.942	0	
112.501	-5.1346	196.636	0	
27.9203	-1.93247	203.942	0	
27.1398	-2.07762	200.561	0	
19.375	-0.721791	175.26	0	
20.9932	-1.60465	187.794	0	
11.8285	-2.46797	187.794	0	
15.265	-2.7595	189.888	0	
150.645	-1.84911	213.531	0	
149.791	-2.374	211.164	0	
125.116	-3.46383	201.839	0	
152.538	-2.77988	218.645	0	
124.374	-1.46081	201.56	0	
124.459	-3.81846	201.943	0	
116.489	-1.28197	190.16	0	
118.666	-2.464	195.99	0	
117.133	-2.63379	194.966	0	
114.673	-1.45963	188.569	0	
-136.802	-2.47027	203.954	0	
-66.0849	-2.90531	195.637	0	
-119.464	-1.87789	194.279	0	
-119.095	-2.06317	193.743	0	
-87.4141	-2.66027	184.093	0	
-79.8961	-1.83211	184.314	0	
-91.9512	-1.49655	175.979	0	
-93.0347	-2.45031	180.998	0	
-150.165	-2.01948	194.02	0	
-139.387	-4.14145	207.886	0	
-127.195	-1.27839	209.921	0	
-125.303	-3.36044	198.228	0	
-17.3349	-2.90531	197.297	0	
9.67125	-4.81106	202.855	0	
-20.8297	-1.93247	201.938	0	
-21.6102	-2.07762	199.73	0	
10.0859	-2.66027	189.917	0	
16.8772	-1.78287	183.305	0	
5.54877	-1.49655	179.809	0	
4.46531	-2.45031	187.831	0	
-43.3839	-3.10159	199.633	0	
-42.6894	-3.57751	202.669	0	
-29.6951	-1.27839	196.337	0	
-27.6731	-3.44207	202.852	0	
-84.1846	-3.38874	194.051	0	
-87.8287	-4.81106	217.227	0	
-78.5882	-1.3924	183.747	0	
-78.3118	-2.35825	187.794	0	
110.896	-1.72622	183.889	0	
108.175	-2.51323	188.136	0	
106.873	-1.77427	183.297	0	
106.455	-2.49764	186.537	0	
101.799	-1.49655	180.299	0	
100.715	-2.45031	184.922	0	
78.9261	-2.84565	211.312	0	
128.926	-2.84565	204.301	0	
74.6554	-2.06317	223.731	0	
74.4591	-3.81846	212.171	0	
53.0294	-3.17657	225.27	0	
54.3217	-3.87944	228.642	0	
24.3815	-3.32498	197.45	0	
5.70182	-2.47148	187.73	0	
19.3019	-3.00241	194.943	0	
18.2424	-2.6219	192.278	0	
145.947	-2.53882	203.123	0	
175.818	-8.94432	257.49	0	
112.579	-3.04426	191.82	0	
121.86	-3.87766	200.069	0	
117.92	-1.93247	195.02	0	
117.14	-2.07762	194.198	0	
-137.568	-3.92403	205.356	0	
-123.189	-3.67423	195.141	0	
-113.49	-4.92185	206.996	0	
-91.7982	-2.47148	182.664	0	
-127.721	-2.58471	202.282	0	
-139.243	-5.20576	223.821	0	
-41.1002	-4.67811	223.803	0	
-26.3799	-3.7221	203.082	0	
-15.9902	-4.92185	196.006	0	
19.6738	-2.72849	192.812	0	
-31.9897	-2.48063	194.2	0	
-42.4787	-5.10744	235.837	0	
-96.2254	-3.65737	197.933	0	
-77.5375	-3.24559	193.23	0	
76.9785	-3.91811	209.623	0	
101.952	-2.47148	184.648	0	
66.7451	-2.93459	219.685	0	
56.0696	-3.99758	228.359	0	
1.2746	-3.65737	197.328	0	
13.3154	-3.38874	196.158	0	
96.0079	-2.55335	188.755	0	
109.771	-3.72064	193.616	0	
40.5273	-2.42935	220.726	0	
40.1079	-2.1985	222.322	0	
-145.295	-2.59162	195.824	0	
-142.292	-3.47328	200.397	0	
-156.957	-1.33783	135.19	0	
-167.078	-7.61339	90.1951	0	
-150.825	-2.40378	196.875	0	
-149.769	-2.01355	194.759	0	
-155.244	-4.73968	172.696	0	
-153.388	-2.41665	188.053	0	
-47.1854	-2.44365	195.114	0	
-44.1806	-3.88473	210.133	0	
-54.5593	-2.58372	195.621	0	
-53.2972	-1.87956	190.708	0	
-52.015	-2.42322	194.046	0	
-52.2664	-2.01678	191.342	0	
-60.7241	-1.5947	191.04	0	
-60.3745	-4.31313	215.346	0	
-66.9097	-3.48325	201.792	0	
-63.4228	-3.24228	201.665	0	
49.6705	-2.40656	219.809	0	
52.6181	-2.91573	223.021	0	
41.7978	-1.82632	225.278	0	
39.5191	-3.97789	218.16	0	
37.9321	-2.43934	218.062	0	
42.1727	-3.07058	221.785	0	
30.5903	-3.48325	204.381	0	
34.0772	-3.24228	210.891	0	
139.348	-2.5803	202.391	0	
141.503	-2.80091	202.013	0	
128.113	-3.43841	203.929	0	
130.231	-2.01355	205.838	0	
-115.66	-3.48325	192.134	0	
-112.173	-3.24228	190.498	0	
-88.5405	-3.23828	191.916	0	
-88.9091	-5.80155	246.246	0	
-103.545	-2.49764	182.1	0	
-102.288	-2.25783	179.264	0	
-141.458	-2.01633	201.597	0	
-138.014	-2.45278	202.905	0	
-145.673	-3.58065	202.549	0	
-141.042	-2.72654	197.658	0	
-18.1597	-3.48325	196.795	0	
-14.6728	-3.24228	194.453	0	
8.73048	-3.05288	192.933	0	
8.59093	-5.80155	202.398	0	
-6.90238	-2.5803	196.356	0	
-4.7691	-2.01355	194.608	0	
-43.9954	-2.72509	196.361	0	
-39.6728	-3.24228	198.44	0	
-47.3178	-2.94642	199.26	0	
-42.9359	-3.10814	201.133	0	
-75.1152	-2.04233	185.893	0	
-71.7641	-2.45278	192.298	0	
105.636	-2.47937	185.734	0	
104.151	-5.11736	191.427	0	
89.3476	-2.5803	197.566	0	
91.4591	-2.06158	193.179	0	
78.1129	-3.43841	208.779	0	
80.2309	-2.01355	215.354	0	
53.0652	-1.81663	215.659	0	
55.9361	-3.1233	222.488	0	
50.6712	-3.73328	226.866	0	
53.4375	-3.06257	223.761	0	
22.9236	-3.20146	195.567	0	
25.2113	-2.22136	196.73	0	
120.609	-3.50702	199.486	0	
124.203	-2.69999	200.789	0	
-83.6029	-3.31994	192.129	0	
-79.8921	-2.1985	185.35	0	
13.8971	-3.31994	192.207	0	
17.7177	-2.26874	189.143	0	
149.312	-3.12293	210.878	0	
151.76	-2.40133	217.576	0	
-94.5794	-2.95392	184.231	0	
-92.2474	-2.50494	181.843	0	
2.92061	-2.95392	191.452	0	
5.25263	-2.50494	188.09	0	
99.3108	-2.54776	187.781	0	
101.503	-2.50494	184.55	0	
47.1829	-3.59492	222.192	0	
51.7933	-2.43856	220.102	0	
-149.482	-3.2455	204.114	0	
-149.731	-4.40508	217.067	0	
-155.912	-2.43032	153.687	0	
-162.884	-9.08534	119.345	0	
-151.041	-3.76896	204.435	0	
-148.288	-3.7064	207.707	0	
-191.185	-10.7108	96.7905	0	
-152.115	-3.09021	197.107	0	
-141.458	-3.47328	205.134	0	
-53.5273	-2.72608	196.987	0	
-52.1686	-4.37222	217.475	0	
-57.0666	-2.31979	194.252	0	
-53.3214	-3.11963	202.2	0	
-57.4251	-3.30637	203.023	0	
-50.975	-3.86468	212.268	0	
-59.3831	-3.42074	201.216	0	
-58.6198	-2.92291	195.815	0	
-57.402	-3.6941	205.617	0	
-55.7778	-3.14363	201.209	0	
-67.0145	-4.6316	219.172	0	
-64.1141	-4.79143	223.563	0	
45.6195	-2.60824	221.204	0	
45.3376	-3.54437	221.846	0	
42.9778	-2.56122	221.853	0	
44.2158	-3.14089	221.931	0	
40.2125	-3.59296	219.132	0	
43.9977	-2.72498	221.808	0	
41.3529	-2.90695	221.645	0	
40.2119	-3.09102	218.363	0	
30.4855	-4.6316	205.746	0	
33.3859	-4.79143	211.12	0	
138.736	-4.01876	201.218	0	
142.747	-2.96372	201.409	0	
138.847	-3.31017	201.549	0	
150.266	-3.23553	214.274	0	
127.067	-4.46785	204.078	0	
126.979	-3.91811	203.387	0	
-115.765	-4.6316	205.44	0	
-117.308	-3.54881	196.054	0	
-86.8107	-3.76789	197.028	0	
-84.6593	-3.04017	188.048	0	
-85.9728	-3.77629	195.783	0	
-81.6812	-3.63269	196.928	0	
-102.488	-3.90147	195.685	0	
-101.825	-2.51323	182.988	0	
-105.713	-3.51691	193.516	0	
-92.6287	-3.92379	199.754	0	
-143.978	-3.50911	202.706	0	
-140.208	-2.72654	202.607	0	
-143.564	-4.19254	210.64	0	
-139.46	-3.50846	205.844	0	
-18.2645	-4.6316	201.43	0	
-20.3652	-4.01136	200.623	0	
10.6893	-3.76789	197.179	0	
12.8407	-3.04017	191.58	0	
11.5272	-3.77629	196.506	0	
15.8188	-3.63269	197.26	0	
-7.51437	-4.01876	190.473	0	
-4.52118	-2.42138	195.853	0	
-7.40255	-3.31017	192.636	0	
4.87127	-3.92379	196.839	0	
-46.5607	-4.17728	215.659	0	
-42.1364	-2.41546	192.803	0	
-45.4476	-4.51755	221.188	0	
-42.0745	-3.50731	206.129	0	
-74.5132	-4.63174	218.973	0	
-79.6742	-5.04282	230.405	0	
107.31	-4.10678	192.379	0	
112.368	-3.70099	193.238	0	
106.177	-5.7581	191.705	0	
106.875	-3.81332	188.523	0	
88.7356	-4.01876	196.188	0	
92.2534	-2.43362	192.494	0	
88.8474	-3.31017	196.702	0	
101.121	-3.92379	188.914	0	
77.0675	-4.46785	209.94	0	
73.413	-5.86039	216.051	0	
51.4624	-3.10944	224.173	0	
54.2409	-2.55322	219.656	0	
51.4638	-3.61394	226.955	0	
54.7563	-3.68095	227.143	0	
22.0399	-4.45452	200.759	0	
16.809	-5.48621	203.109	0	
120.45	-4.6299	201.407	0	
121.476	-4.25418	201.125	0	
-85.9841	-3.22877	191.568	0	
-90.3674	-3.98966	202.332	0	
11.5159	-3.22877	194.766	0	
8.14649	-3.02339	193.851	0	
144.96	-3.27562	201.998	0	
141.03	-3.46771	200.901	0	
-96.6773	-3.08288	186.41	0	
-103.093	-3.88383	195.025	0	
0.822696	-3.08288	193.842	0	
-4.48215	-3.2455	195.116	0	
94.1027	-2.85291	192.951	0	
91.7706	-3.25018	195.12	0	
-151.974	-5.70917	214.837	0	
-147.49	-3.96835	205.857	0	
-153.368	-3.88601	189.768	0	
-84.5154	-5.91258	247.197	0	
-155.351	-4.21465	170.763	0	
-154.197	-4.51693	184.69	0	
-153.312	-4.61073	193.362	0	
-148.517	-4.76279	224.667	0	
-82.7771	-3.9079	201.922	0	
-49.2351	-3.69082	208.222	0	
-54.7517	-3.47634	205.322	0	
12.9846	-5.91258	203.35	0	
-60.5928	-3.61131	205.386	0	
-53.4203	-4.01463	213.519	0	
-59.9114	-4.73389	221.313	0	
-55.4769	-5.77591	243.93	0	
14.7229	-3.9079	198.465	0	
115.854	-5.34885	200.395	0	
37.1959	-3.83931	214.941	0	
38.4338	-4.7812	218.377	0	
41.7642	-3.1678	219.901	0	
41.4014	-3.91163	219.177	0	
41.9708	-5.71147	221.915	0	
42.6143	-3.65765	221.665	0	
129.867	-2.93818	204.465	0	
182.973	-1.7361	258.907	0	
127.806	-4.69695	204.603	0	
141.352	-4.34817	201.964	0	
-96.4855	-1.46216	173.912	0	
-93.8291	-5.36828	230.593	0	
-150.329	-5.21478	222.786	0	
-64.7402	-4.92185	216.146	0	
-153.814	-7.10161	205.722	0	
-44.5611	-4.59172	222.593	0	
-146.477	-5.20289	228.899	0	
-142.711	-4.15672	210.872	0	
-148.323	-5.70833	236.158	0	
-141.026	-4.17689	205.835	0	
-145.313	-5.59213	234.02	0	
-141.065	-8.26183	289.545	0	
1.01449	-1.46216	183.374	0	
3.67092	-5.36828	196.755	0	
-51.9384	-4.01115	211.149	0	
32.7598	-4.92185	208.9	0	
-41.4439	-6.61811	269.957	0	
82.6688	-3.55906	201.924	0	
-49.6743	-4.81045	225.595	0	
-44.6397	-3.89803	212.059	0	
-50.5233	-4.57357	223.102	0	
-43.5387	-3.50071	203.283	0	
-47.0282	-5.57533	241.268	0	
-44.4866	-6.97895	279.004	0	
99.9209	-5.36828	187.36	0	
108.791	-6.71597	197.599	0	
105.268	-4.90375	191.866	0	
107.785	-3.87964	189.171	0	
44.1206	-3.99164	222.513	0	
52.6933	-4.33099	230.816	0	
63.5145	-1.46216	224.205	0	
97.9761	-5.28566	190.529	0	
47.5583	-5.29889	224.184	0	
52.7008	-3.85227	229.1	0	
46.6373	-5.56896	222.331	0	
53.8811	-3.66734	227.661	0	
45.5423	-4.03147	223.075	0	
55.2124	-5.22538	231.036	0	
-85.6069	-4.12617	207.632	0	
-84.6636	-4.81648	216.748	0	
11.8931	-4.12617	200.39	0	
12.8364	-4.81648	201.241	0	
-155.963	-5.097	163.52	0	
-142.437	-5.31766	230.666	0	
-157.441	-1.73296	130.332	0	
-169.816	-11.9625	104.724	0	
-154.796	-4.86054	178.657	0	
-72.8301	-5.74009	248.728	0	
-171.027	-19.0045	128.431	0	
-50.5437	-5.19385	230.839	0	
-55.876	-3.98249	211.82	0	
-52.8648	-5.28102	235.334	0	
-110.966	-3.644	192.149	0	
22.8507	-4.98136	200.965	0	
-13.4663	-3.644	192.482	0	
108.278	-4.21458	192.928	0	
45.4936	-4.86303	223.821	0	
49.7028	-4.68616	228.14	0	
129.638	-5.5098	206.656	0	
136.211	-7.63558	206.677	0	
-138.254	-5.48671	225.728	0	
-142.085	-7.33446	266.228	0	
-93.0777	-6.06084	252.767	0	
-91.7039	-4.76514	215.604	0	
-147.102	-6.18605	245.922	0	
-125.86	-3.75121	200.645	0	
-144.901	-4.79453	225.886	0	
-143.942	-5.03664	220.428	0	
-144.543	-7.10465	264.715	0	
-141.93	-5.89745	235.811	0	
-146.668	-7.76797	270.189	0	
-129.565	-3.64339	203.32	0	
-140.955	-5.35763	224.698	0	
-140.024	-5.99148	238.414	0	
-28.3989	-3.81213	211.018	0	
44.2815	-5.86328	220.619	0	
4.42225	-6.06084	198.472	0	
5.79608	-4.76514	199.587	0	
-65.3544	-6.40738	248.346	0	
-49.0952	-4.57187	222.872	0	
-47.2003	-4.79435	224.337	0	
-46.4211	-4.98031	228.815	0	
-46.4686	-6.4302	260.974	0	
-45.6673	-5.29337	239.517	0	
-48.9598	-6.97129	266.061	0	
-34.5029	-4.41145	224.097	0	
-43.5137	-4.46864	220.491	0	
-43.6405	-6.29576	261.889	0	
71.0371	-4.07729	217.218	0	
132.669	-3.55906	205.364	0	
107.745	-5.1051	194.035	0	
107.65	-6.03288	192.553	0	
98.3823	-6.8619	188.436	0	
102.046	-4.76514	187.941	0	
32.1456	-6.40738	215.934	0	
47.5116	-6.04347	222.239	0	
49.359	-4.42498	227.191	0	
50.458	-4.78334	229.239	0	
50.2499	-6.07626	224.477	0	
53.0716	-5.8785	229.741	0	
47.2184	-7.95414	204.088	0	
65.3852	-2.43423	219.442	0	
53.0598	-4.71739	232.173	0	
54.2865	-5.81128	231.097	0	
-87.3648	-4.48529	213.485	0	
-83.4115	-6.5807	257.659	0	
10.1352	-4.48529	201.397	0	
14.0885	-6.5807	202.102	0	
-151.469	-5.83279	221.163	0	
-150.562	-6.84405	242.888	0	
-61.8966	-6.94611	264.059	0	
-44.4986	-6.34178	262.61	0	
35.5164	-6.25947	219.98	0	
52.1753	-6.51815	224.199	0	
-160.172	-3.64571	102.273	0	
-114.782	-4.20346	201.474	0	
-151.306	-6.70878	226.884	0	
-112.864	-4.79143	209.533	0	
-135.937	-3.69783	201.348	0	
-127.222	-4.07655	201.161	0	
-60.7924	-6.65241	259.89	0	
-17.2825	-4.20346	197.79	0	
-54.1905	-8.57523	302.808	0	
-41.8125	-7.16401	282.446	0	
-39.4688	-4.79489	225.665	0	
-30.1882	-4.44808	219.529	0	
36.6895	-6.63734	223.594	0	
63.9021	-6.74556	226.354	0	
44.5552	-8.74779	189.927	0	
81.2224	-5.36476	202.51	0	
68.4733	-4.8539	222.331	0	
56.5481	-4.48717	229.037	0	
-95.3607	-6.81566	270.791	0	
-145.272	-8.29733	286.728	0	
2.1323	-6.8619	194.18	0	
-15.3641	-4.79143	193.82	0	
150.162	-4.49128	214.762	0	
158.883	-2.50461	244.203	0	
-133.652	-2.23646	211.878	0	
-140.308	-6.5356	247.366	0	
-36.5597	-2.61148	195.882	0	
-42.6324	-6.40011	263.287	0	
64.3341	-3.36529	220.099	0	
70.1344	-3.03206	219.744	0	
-163.828	-1.26356	83.5591	0	
-159.573	-6.42512	127.789	0	
100.672	-6.06084	189.516	0	
156.615	-8.65111	238.49	0	
-151.687	-7.21154	234.848	0	
-116.877	-7.34077	265.93	0	
-138.465	-5.99581	235.204	0	
-138.027	-6.61281	249.179	0	
-40.8859	-6.39358	262.546	0	
-38.3952	-5.75294	255.919	0	
61.7135	-4.80612	222.586	0	
57.7308	-4.7856	226.626	0	
-82.1841	-7.88932	304.663	0	
-80.3227	-4.03791	203.083	0	
15.3159	-7.88932	196.082	0	
17.1773	-4.03791	198	0	
157.5	-0.496475	241.422	0	
158.137	-3.45571	241.425	0	
57.064	-6.65618	221.32	0	
79.8668	-2.93818	209.92	0	
58.2821	-8.39797	183.799	0	
62.5262	-5.78498	222.288	0	
-165.21	-0.654241	78.907	0	
-168.752	-1.0755	75.5166	0	
-143.57	-9.71916	319.523	0	
-138.013	-8.13211	281.418	0	
-129.902	-4.22419	201.667	0	
-133.043	-2.62169	201.086	0	
-46.7142	-7.36987	279.329	0	
-19.3809	-7.35611	254.383	0	
-33.7951	-5.55045	244.8	0	
-36.0289	-2.38808	193.071	0	
56.6273	-5.9608	228.42	0	
54.8772	-6.91188	217.209	0	
50.9115	-7.91793	204.174	0	
57.0091	-8.18103	206.714	0	
-159.875	-1.43189	93.534	0	
-158.629	-2.21734	108.54	0	
156.838	-2.74918	238.965	0	
158.625	-1.12992	245.107	0	
142.703	-6.04368	204.078	0	
176.853	-1.43582	260.511	0	
-68.558	-3.54881	200.286	0	
-66.0325	-4.20346	213.826	0	
-73.6234	-10.19	391.791	0	
-60.1341	-6.64788	255.906	0	
-71.3182	-3.92403	206.306	0	
-69.7485	-6.01838	246.34	0	
28.3848	-4.01136	201.31	0	
31.4675	-4.20346	205.994	0	
21.1639	-8.81927	207.041	0	
38.3916	-7.52751	223.58	0	
25.4685	-3.59519	198.311	0	
27.8522	-6.55454	206.365	0	
123.686	-3.80995	201.346	0	
128.132	-6.41766	207.907	0	
122.85	-7.20922	209.149	0	
161.145	-8.54365	247.416	0	
130.799	-8.90666	213.283	0	
190.319	-2.08076	255.896	0	
-119.076	-6.86766	253.908	0	
-114.104	-6.40738	239.075	0	
-90.1492	-8.87474	341.645	0	
-100.831	-3.62684	192.718	0	
-118.518	-5.7566	226.548	0	
-138.613	-12.612	407.836	0	
-21.5716	-6.85744	260	0	
-16.6044	-6.40738	212.612	0	
7.35126	-8.87323	192.278	0	
-2.02849	-6.79452	186.822	0	
-21.0358	-5.74704	232.678	0	
-42.6317	-10.4872	375.752	0	
-75.9071	-4.23242	201.451	0	
-72.0791	-6.37358	252.975	0	
-68.9645	-8.01479	288.193	0	
-71.587	-4.42217	210.557	0	
-77.3583	-7.03189	270.611	0	
-76.8071	-9.14608	360.469	0	
77.8381	-4.99452	208.101	0	
79.3093	-6.50837	212.928	0	
93.2586	-3.36659	193.888	0	
93.0946	-6.00801	192.859	0	
75.6836	-5.03531	211.958	0	
79.3806	-5.5649	206.26	0	
21.8972	-3.88845	198.514	0	
24.4934	-6.48258	204.759	0	
28.9457	-6.85699	213.843	0	
25.3902	-4.73184	201.228	0	
21.1883	-6.32542	204.429	0	
24.1682	-10.1762	207.123	0	
118.385	-4.01136	198.799	0	
122.104	-6.77188	206.665	0	
125.364	-5.66039	206.163	0	
124.244	-4.87104	203.579	0	
117.731	-5.15458	200.651	0	
117.681	-10.0423	218.227	0	
-80.9171	-4.35442	208.025	0	
-81.1279	-4.98984	225.585	0	
-81.7215	-6.35339	256.849	0	
-77.185	-10.5372	376.382	0	
16.5829	-4.35442	200.942	0	
16.3721	-4.98984	202.489	0	
15.7785	-6.35339	201.152	0	
18.7397	-9.32607	203.928	0	
113.071	-7.53567	202.328	0	
113.577	-4.1144	195.474	0	
-61.6256	-3.78982	207.748	0	
-63.1079	-5.70185	242.132	0	
35.922	-3.96708	212.646	0	
34.5752	-4.71954	212.5	0	
104.765	-10.9751	194.804	0	
182.587	-9.32682	256.873	0	
-90.9861	-3.66548	192.329	0	
-94.06	-4.15199	203.818	0	
-97.3399	-5.96359	246.836	0	
-102.554	-5.10891	217.056	0	
7.18335	-3.88927	200.126	0	
3.43996	-4.15199	196.276	0	
-1.47981	-6.13046	191.189	0	
-3.87688	-4.26982	192.223	0	
102.764	-3.66548	187.272	0	
99.69	-4.15199	188.106	0	
93.7709	-7.63444	194.468	0	
104.789	-6.25701	191.386	0	
-151.979	-8.83589	245.441	0	
-57.5075	-7.11321	265.605	0	
-121.019	-9.1197	320.683	0	
-45.8676	-9.43903	342.541	0	
-55.7883	-7.11252	272.451	0	
40.2944	-8.09242	216.76	0	
-59.7726	-10.3625	337.695	0	
50.4735	-8.65453	187.012	0	
-22.5433	-10.7547	374.359	0	
76.5666	-7.6734	220.956	0	
38.3379	-11.8655	183.873	0	
105.967	-7.55507	192.234	0	
-128.45	-5.59442	219.255	0	
-118.504	-5.1214	209.474	0	
-29.7906	-5.09237	235.204	0	
-21.0161	-5.13914	212.864	0	
68.6188	-1.96008	225.036	0	
70.0677	-5.02879	220.858	0	
-173.002	-1.19333	76.331	0	
-162.298	-3.27925	89.8852	0	
-135.671	-6.23173	236.017	0	
-135.266	-6.68178	250.283	0	
-38.177	-6.8632	287.97	0	
-37.075	-7.42523	293.905	0	
156.942	-6.29348	235.239	0	
167.502	-1.68071	257.847	0	
146.288	-5.54209	207.462	0	
194.592	-4.57815	254.711	0	
-69.1041	-3.99326	212.401	0	
-70.4561	-4.75279	215.694	0	
27.7728	-3.68538	200.28	0	
27.0624	-4.59746	201.866	0	
125.366	-4.53429	203.46	0	
125.684	-5.03531	204.153	0	
132.846	-6.32582	206.903	0	
135.134	-5.21573	203.579	0	
-117.854	-3.99326	197.075	0	
-120.068	-3.92403	197.667	0	
-106.741	-8.54046	308.777	0	
-108.591	-5.28127	216.487	0	
-20.9772	-3.68538	204.567	0	
-23.7301	-4.39182	212.378	0	
-14.95	-8.63264	235.821	0	
-11.0913	-5.28127	185.294	0	
-77.1816	-4.325	210.448	0	
-77.9362	-5.75765	238.009	0	
75.3658	-4.53429	211.009	0	
73.0576	-4.14563	214.802	0	
82.8461	-6.32582	204.943	0	
85.1338	-5.21573	199.586	0	
20.3671	-4.24893	201.245	0	
19.6336	-5.54453	203.205	0	
117.773	-3.68538	197.173	0	
115	-3.96068	196.185	0	
-87.2413	-8.87428	355.151	0	
-86.5103	-7.10938	287.961	0	
10.2587	-8.87428	190.025	0	
10.9897	-7.10938	200.238	0	
112.434	-8.18966	203.862	0	
118.785	-6.48613	204.16	0	
112.887	-5.68146	198.588	0	
115.556	-6.43668	203.035	0	
-64.5875	-6.95859	276.602	0	
-63.5291	-8.94185	319.81	0	
32.9125	-6.95859	217.56	0	
34.1918	-9.04838	225.896	0	
-57.2898	-9.36314	329.241	0	
-91.6267	-10.9382	422.277	0	
-28.6063	-8.81083	340.911	0	
5.88807	-10.9941	181.283	0	
46.633	-7.62954	202.974	0	
128.623	-7.90833	211.727	0	
56.3115	-12.5262	124.606	0	
76.7281	-6.83306	214.889	0	
70.4619	-5.51399	218.627	0	
72.813	-6.87133	219.819	0	
-163.918	-8.25321	103.622	0	
-157.409	-6.34834	150.507	0	
150.985	-7.03873	221.343	0	
198.713	-12.5666	250.718	0	
-124.706	-6.39537	232.103	0	
-116.253	-8.1107	278.364	0	
-50.0421	-7.82838	292.436	0	
-18.7317	-8.12906	255.583	0	
98.7099	-10.8375	191.532	0	
160.378	-5.98324	246.483	0	
-93.1825	-6.8049	262.29	0	
42.7227	-7.95741	208.95	0	
4.31748	-6.80491	195.36	0	
59.6303	-10.2009	135.286	0	
69.2668	-8.65178	216.863	0	
71.3211	-7.12152	220.466	0	
91.0259	-12.6906	213.738	0	
215.861	-6.59265	244.302	0	
114.637	-5.80287	200.491	0	
117.714	-5.90232	203.931	0	
-141.681	-9.21111	310.887	0	
36.6296	-8.83141	222.468	0	
16.3671	-12.1599	187.905	0	
100.566	-6.80386	187.121	0	
71.5219	-5.86717	218.877	0	
74.6257	-7.29667	219.986	0	
-125.782	-4.52574	204.852	0	
-127.295	-8.69925	293.622	0	
-27.4438	-4.66677	222.12	0	
-29.7766	-8.74171	345.937	0	
136.124	-5.4414	202.409	0	
148.116	-6.48608	212.102	0	
133.594	-5.08916	204.9	0	
137.681	-4.92625	201.637	0	
-107.487	-7.63741	287.877	0	
-107.62	-5.48905	218.713	0	
-109.853	-4.40316	204.92	0	
-107.215	-3.41919	190.991	0	
-8.80119	-8.45075	191.661	0	
-10.1199	-5.48905	183.263	0	
-12.3526	-4.40316	188.994	0	
-9.71479	-3.41919	191.212	0	
86.2112	-7.63558	205.262	0	
83.8178	-9.50772	222.179	0	
83.5944	-5.08916	199.568	0	
87.6811	-4.92625	194.684	0	
-58.3064	-5.76597	236.052	0	
-59.7292	-7.32659	277.224	0	
39.8528	-5.99365	218.087	0	
39.5982	-6.63837	223.202	0	
-153.506	-9.96297	233.734	0	
-156.156	-9.53635	190.865	0	
61.4494	-3.76152	220.425	0	
63.3612	-3.14822	219.721	0	
-178.103	-1.44749	79.5988	0	
-170.379	-7.23186	82.8163	0	
-131.472	-7.50553	269.613	0	
-127.778	-5.68735	223.543	0	
-32.7724	-6.58634	279.335	0	
-30.3522	-5.80383	258.11	0	
-123.718	-6.77178	244.405	0	
-83.2555	-8.79333	351.996	0	
-28.191	-7.32861	303.854	0	
14.2445	-8.79333	199.414	0	
86.124	-5.4414	194.822	0	
149.118	-10.8197	223.236	0	
-120.385	-4.54261	206.423	0	
-120.56	-6.28172	233.341	0	
-22.4343	-4.9826	214.358	0	
-23.1798	-7.33391	291.498	0	
73.3328	-8.66016	218.092	0	
159.171	-10.2877	239.861	0	
-54.9305	-10.1621	333.627	0	
-51.5928	-6.58179	257.927	0	
44.7809	-9.37756	179.964	0	
46.0184	-6.47525	218.129	0	
-138.564	-8.85459	310.136	0	
-82.6571	-10.0814	380.908	0	
-44.8051	-8.25726	303.055	0	
-41.1938	-9.31049	359.693	0	
-134.586	-9.90245	336.051	0	
-121.033	-8.05863	275.457	0	
-38.8882	-9.69781	369.758	0	
-24.2856	-8.55513	331.823	0	
53.6091	-8.90814	182.241	0	
56.3416	-8.90323	182.304	0	
-151.616	-10.2349	257.353	0	
-117.437	-11.9263	427.224	0	
-72.6832	-7.27759	278.111	0	
-1.78878	-11.0625	183.155	0	
25.3462	-6.99803	208.348	0	
139.121	-9.7666	208.556	0	
-85.9091	-14.035	525.962	0	
-63.3253	-10.2444	334.661	0	
11.5909	-14.035	178.077	0	
30.8215	-8.30478	222.543	0	
-95.8882	-6.34255	250.481	0	
-110.352	-7.90657	284.919	0	
-0.347662	-6.12943	189.691	0	
-13.6326	-8.2497	213.459	0	
-161.918	-11.7387	144.818	0	
-187.785	-3.81496	86.1834	0	
75.3956	-9.44255	220.932	0	
63.6202	-9.07308	192.748	0	
146.054	-7.55655	210.861	0	
128.563	-21.5525	208.357	0	
116.114	-8.44035	209.408	0	
70.9724	-15.473	128.014	0	
-133.275	-9.97944	336.3	0	
-97.5201	-9.95614	375.565	0	
-35.6913	-13.6889	480.375	0	
0.894496	-8.76295	185.265	0	
91.0286	-9.84741	204.532	0	
94.888	-9.55105	197.266	0	
-57.3626	-11.6973	376.431	0	
-50.0268	-9.62213	334.929	0	
43.7834	-12.4715	124.775	0	
47.2265	-9.71928	167.762	0	
-149.341	-12.3689	311.629	0	
-46.8643	-16.0459	440.817	0	
-155.576	-14.078	238.671	0	
-145.794	-16.9115	426.31	0	
-46.4895	-11.0958	372.489	0	
-44.5189	-15.6814	452.785	0	
48.0661	-11.0256	135.088	0	
133.818	-9.50772	210.222	0	
-157.952	-10.5181	169.638	0	
-154.522	-10.196	215.725	0	
55.208	-18.7182	33.6012	0	
127.296	-6.66434	208.181	0	
-100.737	-10.8917	430.69	0	
50.8133	-14.907	66.0992	0	
10.7483	-12.069	183.881	0	
129.03	-15.5733	219.6	0	
-148.789	-23.1299	422.847	0	
-156.107	-11.388	205.121	0	
-156.057	-15.7871	243.112	0	
-164.569	-17.3313	164.209	0	
-139.524	-13.4029	429.052	0	
163.886	-7.81396	253.323	0	
174.226	-2.69569	260.243	0	
119.708	-12.6699	224.638	0	
145.854	-14.634	215.369	0	
-87.1282	-15.4906	595.912	0	
-64.6628	-11.067	383.093	0	
10.8591	-16.373	182.432	0	
33.0604	-10.8861	218.637	0	
-184.223	-1.73373	84.6576	0	
-160.677	-11.1651	146.421	0	
-104.001	-6.23938	241.908	0	
-110.124	-14.1372	515.395	0	
-6.21122	-6.35143	184.556	0	
-12.7069	-14.2165	311.219	0	
90.027	-6.35832	199.033	0	
81.2616	-10.0532	223.789	0	
139.328	-6.18679	202.511	0	
132.817	-14.4626	215.593	0	
-128.095	-9.9004	348.613	0	
-123.321	-11.8175	423.101	0	
-30.7254	-9.69777	389.004	0	
-23.5935	-13.4986	447.125	0	
-78.8414	-14.5362	541.129	0	
-71.0754	-10.3214	377.258	0	
17.5094	-15.3798	188.082	0	
26.6585	-9.69295	212.217	0	
-91.8563	-8.18364	327.074	0	
-85.994	-9.40255	381.674	0	
5.64367	-8.18364	192.483	0	
11.506	-9.40255	194.191	0	
138.533	-12.5949	212.698	0	
139.663	-7.36742	204.975	0	
116.253	-9.56963	210.996	0	
126.674	-12.8115	222.156	0	
-106.269	-12.1264	461.269	0	
-100.597	-8.65659	328.789	0	
-145.879	-15.4853	393.703	0	
-101.318	-9.74031	356.54	0	
-8.32416	-10.361	201.479	0	
-4.87443	-8.12924	184.116	0	
-17.8874	-11.9207	332.576	0	
-3.40889	-9.6816	183.897	0	
86.835	-9.73837	214.916	0	
90.8889	-7.84898	198.952	0	
-51.0963	-12.1463	374.342	0	
-51.8149	-13.6259	409.994	0	
44.9874	-10.4776	156.7	0	
45.1304	-14.3181	85.5147	0	
65.8616	-6.11165	223.433	0	
63.5275	-13.2724	125.611	0	
41.1472	-13.1208	133.947	0	
146.303	-9.68305	214.829	0	
-59.3015	-11.5861	375.614	0	
-86.7517	-12.069	500.106	0	
-75.8619	-14.7107	533.305	0	
4.61501	-12.1623	178.467	0	
-92.2963	-13.8903	531.81	0	
-79.5075	-11.1966	426.734	0	
-57.3508	-14.1794	410.705	0	
19.037	-10.9134	192.711	0	
97.2796	-10.9872	195.145	0	
139.216	-29.635	197.117	0	
126.816	-7.48483	212.142	0	
124.793	-12.2043	219.817	0	
-116.883	-15.4767	550.296	0	
-107.936	-20.3269	686.207	0	
-120.179	-12.5067	453.941	0	
-121.233	-13.9432	498.43	0	
-18.7101	-13.0816	381.91	0	
-9.38021	-15.285	268.247	0	
-22.5489	-12.3961	410.844	0	
-18.982	-18.7254	450.381	0	
20.9912	-12.6229	198.664	0	
52.5572	-14.3456	76.7758	0	
-91.491	-9.92548	403.324	0	
-90.0964	-16.7778	640.493	0	
6.00981	-9.95224	184.714	0	
8.88623	-16.0889	181.245	0	
101.123	-10.2206	192.019	0	
120.094	-14.7148	220.222	0	
-99.1945	-15.8049	598.521	0	
36.4417	-15.9975	142.31	0	
-28.766	-12.0952	449.084	0	
67.5398	-12.1077	157.658	0	
-84.2433	-18.71	665.687	0	
-83.6959	-14.349	571.239	0	
13.4508	-17.1831	185.126	0	
13.8041	-14.349	183.677	0	
-129.001	-12.5079	442.553	0	
3.58406	-19.784	205.403	0	
-82.3706	-17.1144	595.928	0	
-77.1404	-18.8236	618.859	0	
-37.2889	-19.0998	508.883	0	
104.984	-13.1219	200.006	0	
16.2263	-16.1167	187.701	0	
22.8751	-18.179	191.95	0	
-70.8471	-13.2042	458.305	0	
-62.81	-14.1067	431.193	0	
24.4497	-21.654	174.687	0	
34.9819	-14.0439	180.491	0	
-169.826	-5.30612	80.7489	0	
-175.476	-2.64081	71.3376	0	
166.993	-9.3581	252.238	0	
179.821	-3.17192	259.312	0	
-191.569	-2.08123	93.0481	0	
-183.317	-9.04014	85.7127	0	
-51.7407	-16.8561	438.805	0	
-2.25574	-15.6875	205.87	0	
49.2824	-17.8181	44.9796	0	
136.762	-16.518	213.584	0	
-108.061	-11.9329	423.248	0	
-94.3183	-15.603	611.01	0	
-10.6485	-12.0575	240.537	0	
3.05438	-17.8465	198.964	0	
137.09	-13.4765	210.54	0	
168.03	-35.0892	234.194	0	
73.4951	-15.8332	142.08	0	
129.334	-17.8672	212.65	0	
111.811	-13.515	214.185	0	
165.085	-25.1341	242.558	0	
84.0492	-12.1204	228.947	0	
50.9403	-24.8377	19.6074	0	
-76.3835	-22.9609	655.812	0	
-62.2534	-16.8341	459.998	0	
27.9008	-27.0291	124.507	0	
36.2706	-14.4019	161.985	0	
-70.1632	-15.3731	495.371	0	
-59.0701	-15.8725	435.466	0	
29.331	-14.3277	209.495	0	
37.2515	-18.8062	98.4946	0	
-181.071	-3.18122	76.6673	0	
-173.624	-7.2072	82.2329	0	
170.302	-6.68287	258.79	0	
173.419	-6.43797	260.267	0	
159.128	-14.7127	241.451	0	
164.209	-14.5128	249.236	0	
-98.2006	-19.4499	690.892	0	
14.2888	-20.6996	188.763	0	
6.31505	-18.1483	192.174	0	
117.677	-21.7369	203.959	0	
-79.7755	-17.335	587.447	0	
-74.3452	-16.9752	547.729	0	
18.9028	-17.5908	188.349	0	
23.3676	-15.4522	198.461	0	
152.449	-7.31478	224.835	0	
152.24	-14.8605	228.131	0	
-154.158	-13.8814	255.029	0	
-148.602	-15.299	348.164	0	
-162.453	-13.6525	142.957	0	
-63.8837	-22.4837	512.008	0	
-146.658	-20.1469	444.402	0	
-141.877	-20.012	496.941	0	
38.1552	-23.3386	65.0169	0	
96.01	-20.344	198.861	0	
-129.87	-19.6412	612.824	0	
-84.5076	-23.3158	716.702	0	
-60.0977	-28.8876	537.249	0	
34.3284	-19.642	121.267	0	
-187.588	-7.89551	90.2974	0	
-195.842	-4.57853	98.6174	0	
102.36	-17.5706	205.872	0	
106.053	-9.64543	194.745	0	
-191.002	-26.3125	130.925	0	
-181.838	-12.1686	94.3776	0	
179.592	-6.93814	259.62	0	
186.535	-3.81686	258.003	0	
-71.6291	-17.4086	533.713	0	
-64.7337	-19.2556	517.047	0	
30.646	-15.3736	191.226	0	
35.6213	-18.3182	120.548	0	
112.986	-17.0898	217.126	0	
121.735	-28.093	193.827	0	
-158.476	-17.4124	219.852	0	
34.9902	-21.1936	101.74	0	
28.5496	-23.4738	138.986	0	
121.934	-22.4357	204.935	0	
101.166	-16.1752	201.564	0	
109.823	-9.66809	202.46	0	
-92.6772	-17.81	667.731	0	
-72.003	-23.4473	633.7	0	
-50.0226	-25.3482	478.22	0	
-60.4769	-22.4901	509.135	0	
105.715	-19.8509	202.38	0	
105.681	-14.5103	203.076	0	
-70.3526	-26.6553	606.374	0	
53.4753	-25.7526	16.5991	0	
-23.7479	-19.7425	518.055	0	
98.944	-21.5939	206.404	0	
34.3748	-24.2747	87.1403	0	
124.783	-20.3205	212.204	0	
107.841	-17.5605	206.185	0	
119.744	-18.1162	216.526	0	
109.214	-19.2068	207.522	0	
114.531	-23.4196	207.187	0	
73.7471	-19.5419	104.301	0	
143.756	-15.9043	213.047	0	
-115.902	-13.9962	522.222	0	
-110.847	-19.7238	665.682	0	
-123.456	-17.4145	588.493	0	
-115.685	-31.4616	801.641	0	
-17.801	-14.7177	390.876	0	
-6.67703	-21.6657	296.7	0	
-34.0525	-18.9115	525.373	0	
-66.1732	-25.5223	580.45	0	
78.9686	-16.5547	192.091	0	
91.1736	-25.4826	171.014	0	
-99.0784	-23.5725	759.162	0	
-90.4444	-22.7257	739.614	0	
1.83163	-21.5279	238.705	0	
9.22691	-23.3873	218.899	0	
-205.168	-10.9183	113.435	0	
-197.987	-21.0972	120.796	0	
-200.382	-2.4973	103.562	0	
-207.282	-2.67923	113.525	0	
-165.066	-26.0938	207.805	0	
-149.804	-17.7073	344.89	0	
168.663	-18.2333	245.241	0	
175.263	-15.1641	255.554	0	
178.781	-17.6852	251.185	0	
199.132	-2.49739	252.22	0	
-120.51	-22.4237	716.316	0	
30.1076	-27.2255	111.481	0	
-36.5868	-31.9163	487.722	0	
104.227	-24.1031	194.159	0	
-80.5482	-26.5803	739.106	0	
43.9519	-29.4386	28.6344	0	
21.2324	-25.7654	175.42	0	
118.439	-30.7608	183.782	0	
116.235	-32.9402	177.786	0	
85.4042	-21.448	183.263	0	
81.09	-16.6312	177.711	0	
78.7522	-25.3503	94.8816	0	
110.54	-33.7674	171.454	0	
-168.015	-23.7211	171.634	0	
-184.25	-30.1273	144.972	0	
-71.4692	-32.4504	641.263	0	
-64.3552	-29.4863	575.128	0	
-129.193	-28.0085	679.614	0	
-81.4475	-32.8315	710.481	0	
26.872	-28.8949	129.462	0	
33.1494	-25.9166	88.6214	0	
-38.7218	-21.4299	499.016	0	
24.6125	-35.3392	122.038	0	
-31.9155	-28.9214	495.506	0	
196.488	-31.6944	242.758	0	
-86.7919	-34.1908	766.896	0	
-57.3023	-31.0172	516.961	0	
-170.051	-24.992	170.026	0	
49.4191	-31.3269	18.4457	0	
-67.173	-34.0637	612.13	0	
-62.7476	-39.8274	610.631	0	
-12.3048	-38.0229	423.363	0	
102.268	-30.7894	169.644	0	
34.3229	-31.8931	66.7885	0	
32.7519	-34.2534	82.1478	0	
-138.235	-17.4408	519.961	0	
-135.721	-21.6818	606.005	0	
-44.0695	-14.3178	438.259	0	
-38.2856	-16.536	501.41	0	
229.784	-7.91137	243.376	0	
-195.655	-9.12754	99.5685	0	
-181.217	-17.2879	108.955	0	
-220.01	-8.33349	131.088	0	
-198.727	-18.6382	116.997	0	
131.097	-28.7053	192.494	0	
133.668	-29.1658	196.379	0	
186.376	-7.64136	256.839	0	
187.265	-14.6613	253.316	0	
182.331	-13.8541	255.923	0	
189.97	-10.4787	255.195	0	
62.0274	-19.1871	44.5341	0	
80.7631	-22.8369	134.28	0	
117.88	-36.2601	171.379	0	
142.599	-22.4987	208.41	0	
-140.614	-15.2838	458.047	0	
-136.163	-27.2144	628.288	0	
-128.006	-25.6871	705.004	0	
-87.936	-25.4576	755.346	0	
-43.6605	-27.6186	477.628	0	
-42.4943	-20.571	476.667	0	
-56.4185	-39.2412	559.922	0	
-21.2516	-28.3025	474.675	0	
123.52	-27.0738	194.65	0	
127.68	-26.1769	196.642	0	
-153.767	-32.9129	380.004	0	
-208.081	-9.88273	118.897	0	
-187.375	-15.6086	107.511	0	
190.469	-19.3683	250.778	0	
194.401	-9.15162	253.704	0	
180.928	-24.6306	248.458	0	
209.708	-2.99653	248.531	0	
40.9949	-31.5124	37.4908	0	
86.2306	-26.8051	144.714	0	
-146.669	-25.206	451.967	0	
-138.344	-29.8117	575.788	0	
-49.0849	-36.6627	517.859	0	
-36.9858	-27.4155	493.719	0	
129.239	-41.652	181.496	0	
149.527	-22.5667	215.259	0	
10.6187	-26.4152	214.867	0	
133.359	-33.5901	190.833	0	
103.32	-33.4668	163.847	0	
172.865	-44.1167	232.551	0	
71.591	-33.8232	40.7217	0	
97.5644	-27.2092	178.885	0	
103.812	-28.8323	180.05	0	
-89.321	-30.0813	761.794	0	
65.906	-32.7531	23.9817	0	
67.0728	-47.8123	39.8338	0	
110.692	-37.1929	162.467	0	
-234.19	-9.93681	136.488	0	
-198.886	-13.9775	111.051	0	
187.682	-25.5065	248.023	0	
209.204	-15.0839	246.428	0	
115.955	-43.0996	160.382	0	
-192.472	-19.5442	114.308	0	
-129.275	-42.4105	627.877	0	
-46.609	-35.5259	500.409	0	
-39.5749	-28.286	486.192	0	
142.985	-44.5103	200.131	0	
126.212	-52.4032	170.053	0	
92.7275	-34.6182	133.289	0	
97.3454	-37.5702	136.772	0	
97.9699	-40.119	136.892	0	
100.027	-45.3506	131.285	0	
7.39109	-33.0463	253.896	0	
-28.9214	-31.2838	492.432	0	
-220.181	-11.8101	129.265	0	
-216.706	-13.0394	129.426	0	
215.587	-13.1843	246.409	0	
222.399	-3.59612	246.241	0	
-180.048	-48.548	210.54	0	
-146.51	-46.9778	432.778	0	
99.1158	-35.3358	153.038	0	
102.683	-38.5418	152.322	0	
-45.8325	-49.7954	556.926	0	
-37.6189	-40.3487	502.679	0	
93.3162	-29.7184	157.873	0	
91.179	-52.1939	107.915	0	
16.6813	-38.9775	219.097	0	
101.018	-48.3174	135.358	0	
93.8689	-41.9883	118.695	0	
97.6563	-52.1436	128.592	0	
86.4817	-47.7134	93.7193	0	
194.6	-41.678	238.444	0	
48.1792	-21.9427	28.9007	0	
64.2237	-19.3878	37.2513	0	
41.785	-34.1387	33.6536	0	
57.1223	-31.493	16.7381	0	
60.899	-39.6795	22.9808	0	
62.4029	-28.8308	20.8419	0	
50.4684	-30.0951	19.7578	0	
59.0765	-34.1508	18.049	0	
-108.026	-24.5381	765.771	0	
-101.403	-34.4032	787.065	0	
-14.9176	-23.4493	421.712	0	
-27.5804	-43.9538	481.797	0	
-176.314	-20.0896	118.866	0	
-174.079	-33.1422	185.47	0	
-32.0106	-45.0424	499.999	0	
-6.99278	-27.8688	338.442	0	
-218.98	-18.4013	135.483	0	
197.484	-18.6006	249.888	0	
221.795	-18.0997	243.235	0	
-118.956	-38.5894	765.363	0	
-98.8937	-29.5062	800.391	0	
-207.002	-18.3236	123.565	0	
-205.657	-24.9954	132.881	0	
214.41	-27.8426	242.482	0	
201.692	-23.0481	246.578	0	
-160.203	-31.2366	267.562	0	
-179.627	-43.6633	189.167	0	
-57.0751	-73.5742	550.342	0	
109.479	-56.9777	152.178	0	
94.3363	-53.3773	120.229	0	
-48.1575	-72.4345	538.251	0	
141.084	-76.8555	203.553	0	
45.0627	-44.6338	40.6028	0	
77.6229	-46.0855	61.6282	0	
-226.979	-9.11718	135.983	0	
188.167	-36.2647	240.526	0	
-184.348	-57.4302	211.146	0	
-94.3717	-36.0079	774.595	0	
40.983	-44.0971	52.423	0	
14.8843	-64.2224	286.59	0	
-229.976	-15.4229	139.931	0	
-199.96	-31.0997	137.886	0	
-190.545	-61.2232	201.527	0	
-233.143	-22.4714	145.339	0	
-134.641	-55.3508	514.819	0	
-65.0282	-47.5636	633.579	0	
4.46576	-42.8166	304.613	0	
40.3919	-55.131	92.5346	0	
208.094	-21.1083	245.957	0	
170.226	-29.2222	237.199	0	
229.454	-15.8234	244.522	0	
206.104	-33.8203	241.877	0	
227.518	-45.5803	238.147	0	
136.205	-52.2291	187.327	0	
183.042	-38.3638	237.332	0	
-219.399	-31.9602	150.758	0	
221.729	-26.7336	243.075	0	
229.586	-35.3496	241.177	0	
139.556	-35.0618	193.701	0	
150.878	-41.7964	212.901	0	
136.126	-47.4016	189.668	0	
146.182	-40.1464	197.092	0	
-204.318	-42.818	161.163	0	
23.4371	-58.0774	208.14	0	
-74.973	-61.3789	619.538	0	
-94.9597	-53.4378	677.099	0	
-59.1122	-56.3406	616.004	0	
88.3871	-63.8016	119.405	0	
-100.048	-71.3857	570.823	0	
-228.322	-36.465	155.539	0	
198.432	-48.232	237.816	0	
39.5317	-47.1537	59.0056	0	
66.9978	-79.8907	134.443	0	
-185.222	-81.0253	234.826	0	
59.038	-58.4308	65.3482	0	
89.2906	-75.1615	144.401	0	
144.248	-67.9213	204.927	0	
162.363	-43.5958	221.777	0	
127.125	-74.8087	189.934	0	
115.432	-68.2784	174.978	0	
79.671	-67.7751	110.049	0	
25.6296	-70.9068	220.093	0	
141.452	-55.4999	196.205	0	
152.174	-67.2175	211.478	0	
-128.831	-60.7897	506.478	0	
-128.378	-47.2158	615.903	0	
218.392	-43.9537	238.704	0	
-175.671	-56.0163	237.926	0	
-162.592	-44.8672	288.55	0	
-77.2088	-42.083	685.165	0	
-81.8392	-51.4974	672.562	0	
-73.1118	-75.4915	552.014	0	
34.2672	-120.221	261.346	0	
31.6651	-52.4382	119.706	0	
25.6821	-53.2628	151.7	0	
109.135	-64.7063	156.095	0	
-138.981	-67.2643	422.761	0	
-141.107	-58.7432	434.046	0	
44.3172	-59.3892	75.8535	0	
46.4519	-78.2339	155.838	0	
-21.2018	-56.7399	493.131	0	
17.255	-83.9674	261.728	0	
178.466	-74.468	226.819	0	
-216.672	-61.4934	179.909	0	
55.6308	-84.7317	162.087	0	
34.1099	-88.999	232.6	0	
216.662	-98.0807	230.275	0	
-143.188	-72.9365	364.256	0	
30.9238	-105.384	252.166	0	
7.54566	-64.8832	302.758	0	
-1.84557	-106.849	317.215	0	
-221.384	-49.9896	168.436	0	
165.111	-75.0416	222.013	0	
178.077	-52.4697	231.428	0	
-109.438	-111.896	335.037	0	
-91.0166	-87.0739	458.941	0	
231.3	-65.5333	233.503	0	
-22.4485	-65.9297	467.305	0	
-20.0827	-87.5306	438.018	0	
-224.05	-60.7284	176.081	0	
-230.316	-107.2	222.808	0	
94.6165	-106.002	207.351	0	
-151.936	-97.4878	295.017	0	
136.738	-103.593	218.729	0	
-209.152	-87.056	210.003	0	
-168.687	-71.7646	263.46	0	
-87.0881	-95.1334	457.966	0	
109.352	-104.351	209.188	0	
-44.071	-118.903	362.359	0	
-178.722	-86.6445	240.382	0	
-180.329	-98.2316	245.491	0	
70.8076	-107.258	213.928	0	
118.419	-116.066	219.616	0	
-8.63906	-136.035	316.352	0	
159.42	-120.684	227.437	0	
-2.94026	-149.61	296.88	0	
-120.001	-110.697	336.368	0	
9.27221	-108.947	314.602	0	
-68.0354	-85.3612	516.308	0	
-50.3927	-87.8918	491.413	0	
-93.7484	-105.291	384.473	0	
-126.376	-121.162	299.729	0	
-164.823	-123.624	254.505	0	
-61.9229	-151.177	319.697	0	
205.112	-110.579	230.215	0	
74.0785	-121.832	226.993	0	
110.697	-126.866	223.101	0	
-73.067	-138.83	326.508	0	
-166.242	-140.053	257.994	0	
158.699	-105.052	223.265	0	
203.305	-129.658	228.943	0	
-61.2651	-0.766958	190.258	0	
-61.5593	-0.18999	190.318	0	
-60.9375	-0.215758	189.606	0	
-60.625	-0.83059	189.852	0	
-60.3351	-1.50404	190.769	0	
-60.2665	-1.08364	189.488	0	
-59.0143	-2.01675	192.782	0	
32.709	-0.578104	221.892	0	
-59.1667	-0.239636	189.288	0	
37.1505	-0.895475	232.334	0	
37.369	-1.26208	224.347	0	
38.4731	-1.51259	225.047	0	
35.8474	-1.97607	221.299	0	
37.7856	-1.49872	224.569	0	
37.7408	-3.40384	215.575	0	
37.2522	-2.11126	220.068	0	
37.1534	-2.6554	217.237	0	
37.635	-2.84739	217.227	0	
36.642	-2.9498	214.682	0	
36.8733	-5.02257	217.344	0	
38.627	-3.54524	216.343	0	
38.8104	-2.52759	217.641	0	
38.088	-1.19851	230.838	0	
38.088	-0.530357	227.837	0	
38.9901	-0.863792	232.148	0	
39.4775	-0.881803	232.218	0	
39.0943	-0.20041	235.708	0	
39.7922	-1.17126	228.314	0	
41.0216	-0.782506	234.866	0	
39.6872	-1.59547	225.969	0	
39.4775	-0.450286	232.551	0	
40.4673	-0.816624	233.354	0	
40.293	-1.15138	228.888	0	
40.5348	-1.56965	226.674	0	
39.2721	-1.71817	224.792	0	
39.6912	-2.44701	220.269	0	
40.9602	-1.8005	224.583	0	
41.9348	-0.891883	232.713	0	
38.8898	-1.27595	229.905	0	
38.3937	-2.27908	222.437	0	
39.7953	-2.86596	219.557	0	
40.5273	-2.90291	220.543	0	
39.4608	-3.18697	217.692	0	
39.7078	-3.62851	218.087	0	
40.9362	-3.13201	219.083	0	
41.3653	-2.54231	220.791	0	
38.8951	-3.09229	218.973	0	
38.1865	-3.69724	216.498	0	
39.8529	-4.60436	218.876	0	
40.5764	-3.91129	218.591	0	
40.9848	-3.63845	220.364	0	
41.7642	-3.66603	221.091	0	
41.7978	-2.31146	223.66	0	
41.3769	-1.56386	228.513	0	
38.1153	-4.4659	216.373	0	
39.004	-3.9893	217.596	0	
38.8819	-4.4566	218.09	0	
41.3404	-6.12667	218.497	0	
40.4056	-4.57331	220.554	0	
41.9545	-4.97492	220.57	0	
42.1976	-3.93083	220.578	0	
42.5893	-3.29563	220.58	0	
42.1939	-2.57888	221.498	0	
42.629	-1.82044	224.263	0	
37.4466	-4.53012	216.294	0	
38.4994	-5.39417	218.298	0	
42.362	-4.55718	221.972	0	
43.0899	-3.89772	221.331	0	
42.9778	-3.03479	221.94	0	
42.6105	-2.33038	223.197	0	
43.4774	-1.81328	225.005	0	
41.5625	-0.215758	235.351	0	
38.2563	-5.95915	222.012	0	
39.3959	-4.89072	218.447	0	
41.4274	-4.59416	221.516	0	
44.4287	-4.84363	222.732	0	
42.9048	-4.54813	222.202	0	
43.3205	-5.02562	222.464	0	
43.3872	-3.10348	221.425	0	
43.6199	-2.71325	221.934	0	
44.4583	-0.903236	230.78	0	
42.6597	-0.407998	230.707	0	
42.2879	-1.15432	229.099	0	
43.0727	-1.03522	229.342	0	
43.4744	-3.60439	222.015	0	
43.9253	-3.63008	221.511	0	
44.2428	-2.34224	222.686	0	
43.894	-1.57664	227.063	0	
41.1458	-0.370872	236.522	0	
42.2473	-0.244609	233.768	0	
41.4383	-1.05891	231.219	0	
43.5529	-0.772775	233.403	0	
43.1208	-0.16339	235.828	0	
44.644	-3.90636	222.075	0	
44.9108	-3.49569	222.386	0	
44.6953	-2.59846	221.89	0	
45.0749	-1.8512	223.22	0	
44.8238	-4.33658	223.229	0	
45.2953	-4.413	222.767	0	
45.6639	-3.15617	222.093	0	
45.112	-2.34996	221.827	0	
46.0409	-1.70184	222.344	0	
44.0625	-0.215758	234.179	0	
43.9242	-4.65187	223.088	0	
44.5718	-5.33246	223.077	0	
46.453	-0.915985	226.203	0	
45.1779	-0.401024	225.999	0	
44.794	-1.19644	227.078	0	
45.3095	-1.13096	225.271	0	
45.9696	-4.93445	223.119	0	
46.297	-4.50641	224.488	0	
43.2628	-5.90272	222.765	0	
45.1651	-5.27544	222.44	0	
43.6416	-0.379148	235.202	0	
44.7708	-0.255961	233.124	0	
43.9738	-1.0409	229.898	0	
46.0268	-0.694416	228.408	0	
45.6155	-0.145062	229.807	0	
46.1836	-5.48226	223.839	0	
46.7822	-4.60818	224.202	0	
47.1888	-4.22124	224.805	0	
46.6455	-3.24519	221.942	0	
43.7883	-6.23901	219.753	0	
46.5359	-6.75462	214.208	0	
45.3456	-5.7396	221.897	0	
46.9085	-5.12291	224.935	0	
46.8591	-6.24106	221.977	0	
48.2788	-6.4345	220.173	0	
50.4669	-5.61279	227.865	0	
48.3492	-4.48512	226.335	0	
36.5787	-3.57727	214.419	0	
35.2601	-3.62923	212.927	0	
38.7106	-6.64058	217.383	0	
39.2082	-5.43088	221.018	0	
40.8399	-4.98299	219.348	0	
40.7366	-5.77895	223.248	0	
46.1538	-3.49102	221.871	0	
46.4575	-1.40031	223.734	0	
47.77	-4.7237	226.659	0	
50.0871	-2.65506	220.411	0	
42.248	-7.08072	213.101	0	
45.8879	-5.875	220.879	0	
44.6646	-6.39114	218.639	0	
44.5552	-7.12577	213.367	0	
46.6207	-2.57028	220.621	0	
47.7824	-2.62694	220.232	0	
45.5355	-7.38667	206.548	0	
43.986	-7.05323	213.242	0	
45.552	-6.78813	217.037	0	
45.4366	-8.65163	189.475	0	
37.2698	-7.68514	219.149	0	
41.1019	-8.79726	198.282	0	
41.364	-7.0051	221.337	0	
42.6079	-6.22654	220.763	0	
47.7962	-3.21833	222.091	0	
48.3811	-3.60607	224.607	0	
45.1353	-6.32449	218.479	0	
45.0094	-7.65767	208.06	0	
46.3993	-9.19106	178.35	0	
47.3271	-8.71448	184.897	0	
44.9795	-8.24362	194.09	0	
46.0991	-7.94872	203.48	0	
44.0219	-8.83449	191.824	0	
45.3199	-9.26292	182.034	0	
43.72	-7.95294	205.874	0	
43.5733	-9.76342	175.01	0	
46.1161	-10.0269	161.524	0	
46.0299	-8.62773	188.726	0	
44.5771	-9.9995	164.186	0	
46.9273	-9.24268	174.556	0	
45.8762	-9.54513	169.802	0	
46.9384	-10.1495	153.126	0	
46.1345	-11.1428	135.732	0	
47.2965	-10.8924	141.664	0	
47.872	-9.67412	168.274	0	
47.9355	-8.97543	181.607	0	
48.8158	-8.5169	195.194	0	
48.0861	-7.28493	212.543	0	
42.7518	-9.75221	185.012	0	
43.9028	-10.2987	164.684	0	
40.7881	-9.66984	194.799	0	
44.5195	-11.1126	144.879	0	
44.5808	-11.7563	132.637	0	
45.7327	-10.4459	153.666	0	
51.2066	-12.2393	113.546	0	
48.3536	-10.2375	149.81	0	
48.6692	-11.9507	119.014	0	
51.8454	-9.35485	173.867	0	
135.38	-0.549836	208.565	0	
136.033	-1.03873	209.366	0	
134.062	-0.215758	207.748	0	
135.869	-0.553858	209.052	0	
134.79	-1.16738	206.738	0	
133.441	-0.18999	209.924	0	
134.755	-0.248238	204.406	0	
133.735	-0.766958	208.554	0	
133.415	-1.2602	208.681	0	
135.616	-1.64065	206.41	0	
134.133	-3.13659	204.036	0	
135.069	-1.99842	204.76	0	
-61.3033	-1.44518	191.042	0	
-62.173	-1.2985	191.196	0	
-60.8067	-2.94325	198.114	0	
-59.6938	-2.35478	193.511	0	
-64.375	-0.240555	190.909	0	
-63.125	-0.360901	189.785	0	
-63.4375	-0.180445	189.888	0	
-62.8124	-0.902258	190.752	0	
-62.1825	-0.912873	190.9	0	
-66.875	-0.233607	189.02	0	
-63.4583	-0.914235	190.457	0	
-62.8125	-1.27911	191.119	0	
-61.8669	-0.741951	190.776	0	
-64.198	-1.06781	190.595	0	
-63.1402	-1.83986	192.506	0	
-63.4596	-1.2764	190.998	0	
-62.491	-1.88478	192.585	0	
-61.5776	-0.917831	190.484	0	
-62.4951	-0.365785	191.194	0	
-64.5931	-1.03246	191.491	0	
-64.8179	-1.37074	191.569	0	
-63.8867	-1.36986	191.592	0	
-63.8746	-1.7112	191.884	0	
-62.1852	-2.18692	193.664	0	
-61.7038	-1.79614	192.352	0	
-61.2468	-0.405748	189.846	0	
-64.8958	-0.409544	191.7	0	
-65.2241	-1.3479	191.413	0	
-63.4614	-1.99678	192.728	0	
-63.8774	-2.68138	195.758	0	
-61.5853	-1.25235	191.136	0	
-60.9558	-1.00848	189.948	0	
-61.8651	-1.4621	191.212	0	
-61.332	-1.78465	191.859	0	
-61.0549	-2.02264	192.666	0	
-60.9863	-1.35219	190.715	0	
-61.1156	-2.36091	194.311	0	
-60.4746	-2.12402	192.488	0	
-60.417	-2.46296	195.181	0	
-60.1803	-1.83032	191.552	0	
-60.0173	-2.62929	194.842	0	
-59.7991	-1.89476	191.665	0	
-59.3545	-1.64194	190.818	0	
-59.8498	-0.891758	189.733	0	
-60.031	-3.03911	199.907	0	
-59.0935	-2.93508	199.846	0	
-61.8669	-0.375319	190.745	0	
-62.1826	-0.185329	191.187	0	
-65.9375	-0.215758	189.433	0	
-64.8951	-0.747092	190.711	0	
-65.4669	-1.68444	192.263	0	
-65.2413	-2.07434	193.134	0	
-64.1496	-2.39357	195.183	0	
-63.5006	-2.41015	195.732	0	
-61.8789	-4.34009	213.116	0	
-62.2193	-2.67154	197.012	0	
-61.8101	-2.13108	193.46	0	
-61.2123	-3.06781	200.277	0	
-64.7908	-2.0684	193.751	0	
-64.7585	-2.90411	198.769	0	
-62.5614	-2.90807	197.362	0	
-61.5561	-2.82441	197.139	0	
-61.2675	-3.61224	203.33	0	
-59.8194	-3.42572	201.882	0	
-63.8816	-3.15748	200.976	0	
-63.2155	-2.79189	196.371	0	
-61.7097	-4.88138	227.841	0	
-61.9013	-2.98226	198.946	0	
-61.9156	-3.40324	201.458	0	
-60.9299	-4.42602	216.283	0	
-60.4702	-3.21313	200.18	0	
-60.9846	-3.88586	208.311	0	
-62.3686	-3.43199	204.045	0	
-62.7977	-3.79827	208.146	0	
-61.1689	-4.9069	222.957	0	
-60.2085	-3.83773	207.437	0	
-58.4203	-2.43436	196.03	0	
-59.2542	-2.4406	193.166	0	
-66.3688	-0.973484	189.951	0	
-65.625	-0.384747	190.439	0	
-65.625	-0.816264	190.167	0	
-65.8817	-1.62973	192.023	0	
-66.1093	-2.02292	192.527	0	
-65.2011	-2.80959	196.005	0	
-64.5402	-2.50075	194.06	0	
-64.616	-3.49388	202.399	0	
-63.4147	-3.70816	205.411	0	
-62.5979	-4.31978	215.148	0	
-63.3812	-4.99775	222.268	0	
-60.8601	-5.47644	236.572	0	
-60.158	-5.41632	230.966	0	
-58.9243	-3.93433	213.097	0	
-58.3456	-3.78624	203.595	0	
-58.0003	-2.33745	192.9	0	
-58.4152	-1.61059	191.483	0	
-68.7428	-0.731718	190.315	0	
-66.4922	-2.01698	193.473	0	
-65.9521	-1.17139	190.944	0	
-66.871	-1.27478	191.219	0	
-66.7931	-2.48291	194.174	0	
-66.6087	-2.97869	198.269	0	
-65.659	-3.15212	202.919	0	
-64.9877	-4.03497	211.698	0	
-63.9478	-4.02336	210.177	0	
-64.2023	-3.61269	204.969	0	
-57.7109	-2.64684	197.3	0	
-57.295	-1.92253	191.794	0	
-58.5376	-1.20787	189.74	0	
-59.3545	-1.21343	189.597	0	
-67.3818	-1.92657	192.994	0	
-67.7162	-2.76993	196.901	0	
-66.6319	-3.98045	209.636	0	
-65.5881	-3.78773	202.785	0	
-57.8417	-3.08132	198.556	0	
-57.0146	-3.03013	199	0	
-56.5367	-1.77893	191.067	0	
-58.5121	-0.271372	189.298	0	
-58.1174	-0.958328	189.779	0	
-58.9288	-0.511008	189.327	0	
-58.3307	-3.26047	203.421	0	
-57.8336	-3.99481	212.475	0	
-56.6054	-3.10784	200.855	0	
-56.3699	-2.71297	196.87	0	
-55.5456	-0.901365	189.178	0	
-57.324	-0.401136	188.97	0	
-57.7064	-1.19464	190.572	0	
-57.187	-1.12704	189.653	0	
-57.6561	-4.628	218.467	0	
-56.9083	-3.91474	210.616	0	
-56.522	-3.60471	204.751	0	
-56.0671	-3.62878	205.73	0	
-55.7489	-2.3376	195.126	0	
-56.1201	-1.54229	190.647	0	
-56.4701	-0.725378	188.928	0	
-57.7303	-0.25544	189.426	0	
-56.8854	-0.145695	189.194	0	
-58.3119	-5.01839	229.991	0	
-55.5232	-4.98224	227.621	0	
-57.0972	-4.58738	218.679	0	
-56.683	-5.03196	229.477	0	
-55.3485	-3.90468	211.464	0	
-55.1301	-3.5004	205.104	0	
-55.3494	-2.60138	195.663	0	
-54.9169	-1.84656	191.956	0	
-55.1218	-4.49046	219.363	0	
-54.4424	-3.89446	210.655	0	
-54.5593	-3.05728	200.823	0	
-54.9328	-2.35287	193.916	0	
-54.0507	-1.80986	190.629	0	
-55.9375	-0.215758	188.643	0	
-56.0774	-4.6325	221.367	0	
-53.0206	-4.8459	222.767	0	
-54.5941	-4.50431	218.502	0	
-54.1273	-5.03066	232.115	0	
-54.1492	-3.08212	200.827	0	
-53.9299	-2.71436	197.131	0	
-53.0213	-0.913092	186.758	0	
-54.8256	-0.401756	187.17	0	
-55.2073	-1.18992	189.71	0	
-54.6857	-1.12616	189.083	0	
-54.0523	-3.60593	206.274	0	
-53.6271	-3.63171	205.271	0	
-53.2972	-2.36471	194.324	0	
-53.6341	-1.57322	189.274	0	
-56.3645	-0.361454	188.547	0	
-55.2331	-0.254091	188.642	0	
-56.0431	-1.0112	189.472	0	
-53.9668	-0.731176	186.77	0	
-54.3842	-0.147665	187.201	0	
-52.8913	-3.88458	209.805	0	
-52.6703	-3.52415	205.978	0	
-52.8767	-2.40797	193.778	0	
-52.6579	-2.02272	191.885	0	
-52.6691	-4.29424	218.149	0	
-51.9709	-3.2119	202.007	0	
-52.8936	-3.14212	200.221	0	
-52.2088	-2.81303	197.693	0	
-51.486	-1.75563	189.511	0	
-53.4375	-0.215758	185.831	0	
-53.557	-4.69749	222.703	0	
-51.9607	-4.84413	225.281	0	
-52.2178	-3.57274	205.753	0	
-52.679	-2.79184	197.954	0	
-51.0655	-0.890399	187.434	0	
-51.7947	-0.340452	187.524	0	
-52.6983	-1.22874	188.559	0	
-52.2014	-1.13768	187.838	0	
-54.1699	-5.88487	242.605	0	
-52.3054	-5.20128	233.124	0	
-51.4933	-4.96045	231.156	0	
-50.9796	-4.47336	216.469	0	
-51.4911	-3.23874	202.628	0	
-51.2267	-2.76968	196.699	0	
-53.8634	-0.363424	186.435	0	
-52.7088	-0.265817	185.614	0	
-53.5409	-1.01503	187.938	0	
-53.5906	-6.32668	260.864	0	
-51.0493	-6.86661	269.739	0	
-51.459	-3.79726	207.935	0	
-50.7442	-2.80208	198.011	0	
-50.4152	-2.37973	193.605	0	
-51.0693	-1.45411	187.868	0	
-49.9936	-4.30816	220.379	0	
-50.5246	-3.33857	202.471	0	
-61.1134	-6.0475	246.987	0	
-59.753	-5.98284	247.139	0	
-65.974	-4.9794	221.49	0	
-63.6158	-6.57544	253.021	0	
-56.7925	-5.83748	238.428	0	
-56.1407	-6.23168	254.796	0	
-51.3348	-5.52897	236.95	0	
-50.8414	-5.66216	245.313	0	
-52.1677	-5.68044	242.001	0	
-53.0847	-5.89724	244.309	0	
-50.6276	-6.30984	254.722	0	
-49.7423	-5.82011	246.779	0	
-53.4978	-7.24865	272.869	0	
-51.6645	-5.89181	248.886	0	
-49.7936	-2.54008	194.335	0	
-49.797	-1.46329	188.792	0	
-49.9775	-5.28618	234.663	0	
-48.8875	-3.90621	212.389	0	
-52.588	-6.10321	251.448	0	
-52.2427	-6.71027	261.695	0	
-50.0372	-3.39637	204.677	0	
-48.0235	-2.42786	196.513	0	
-50.0947	-6.37546	257.075	0	
-47.3884	-5.21552	236.9	0	
-52.6466	-7.42627	287.054	0	
-49.5612	-8.66572	316.145	0	
-62.6921	-7.22313	281.99	0	
-62.1555	-5.56518	233.184	0	
-68.5813	-1.48446	190.161	0	
-68.2783	-2.4635	192.642	0	
-69.6759	-1.29981	190.99	0	
-68.6902	-2.78938	197.913	0	
-69.7411	-3.66115	200.213	0	
-67.5109	-3.35784	200.316	0	
-68.3015	-5.09406	233.385	0	
-67.9408	-3.81086	209.892	0	
-67.7222	-4.58741	213.335	0	
-66.6598	-5.24221	228.703	0	
-67.9342	-6.05299	237.784	0	
-67.0001	-6.15695	246.916	0	
-66.3866	-6.85097	268.106	0	
-65.2821	-5.45056	242.121	0	
-61.8679	-6.16176	251.713	0	
-61.1477	-7.24679	270.218	0	
-58.9872	-6.16115	254.402	0	
-59.0681	-4.5333	215.568	0	
-54.1528	-7.7519	291.333	0	
-52.3962	-8.50451	297.09	0	
-49.7001	-7.06411	277.391	0	
-48.7144	-6.24577	263.112	0	
-60.7042	-8.10983	295.664	0	
-59.944	-8.19416	290.342	0	
-50.8585	-7.6965	288.84	0	
-47.9914	-8.25741	303.099	0	
-61.2377	-8.93247	312.748	0	
-60.931	-10.1178	338.744	0	
-59.3191	-9.26151	322.841	0	
-58.3123	-7.59629	291.846	0	
85.3798	-0.549836	209.465	0	
86.033	-1.03873	209.197	0	
84.0625	-0.215758	224.001	0	
85.869	-0.553858	202.567	0	
84.7901	-1.16738	208.541	0	
83.4407	-0.18999	217.104	0	
84.7548	-0.248238	235.579	0	
83.7349	-0.766958	217.558	0	
83.4149	-1.2602	213.678	0	
85.616	-1.64065	205.254	0	
84.1333	-3.13659	200.789	0	
85.069	-1.99842	202.124	0	
60.0114	-0.734618	221.531	0	
61.9053	-1.27135	221.675	0	
62.4001	-1.98015	219.486	0	
62.1231	-0.548463	223.928	0	
62.7112	-1.16326	223.915	0	
62.2676	-2.5495	219.584	0	
62.6862	-3.23219	218.619	0	
63.0257	-0.877314	229.698	0	
62.3314	-0.246865	222.906	0	
63.7101	-0.748879	229.976	0	
63.1943	-0.198932	236.95	0	
61.5662	-2.62067	218.059	0	
62.276	-3.83538	220.9	0	
60.5307	-1.72269	218.674	0	
60.3901	-3.24251	219.341	0	
63.248	-5.333	225.796	0	
63.6718	-4.30632	222.213	0	
-152.729	-0.464991	193.216	0	
-151.655	-1.54021	192.874	0	
-153.609	-0.463959	186.935	0	
-151.667	-0.301598	188.141	0	
-152.716	-1.25722	191.139	0	
-154.234	-0.298492	180.646	0	
-153.375	-1.62986	186.444	0	
-156.109	-0.463959	157.12	0	
-155.362	-0.895475	161.703	0	
-156.734	-0.298492	138.755	0	
-156.368	-1.64074	146.078	0	
-155.442	-1.63281	161.241	0	
-154.596	-0.596984	167.967	0	
-157.931	-0.37118	113.719	0	
-158.066	-1.56128	118.214	0	
-159.62	-2.45913	105.937	0	
-158.348	-0.867656	109.938	0	
-158.148	-2.7735	124.964	0	
-158.744	-5.18168	125.049	0	
-157.995	-3.54044	120.382	0	
-156.484	-4.118	152.422	0	
-157.362	-2.41441	124.19	0	
-150.625	-0.165467	186.252	0	
-151.25	-0.467065	187.889	0	
-150.131	-1.26208	189.36	0	
-148.854	-1.26665	189.885	0	
-150.386	-1.63768	193.27	0	
-149.714	-1.49872	191.815	0	
-150.801	-1.67606	192.49	0	
-150.384	-2.40408	197.807	0	
-151.238	-1.30357	191.683	0	
-151.459	-2.05163	194.153	0	
-150.189	-2.8195	199.057	0	
-149.722	-2.84274	200.244	0	
-151.702	-2.38612	195.981	0	
-151.483	-2.76777	197.469	0	
-150.607	-3.05599	202.452	0	
-149.947	-3.724	208.396	0	
-148.996	-3.23856	202.13	0	
-148.735	-2.77519	199.012	0	
-152.123	-2.33859	194.187	0	
-152.339	-2.71399	195.119	0	
-151.46	-3.49229	201.822	0	
-150.605	-3.55771	204.546	0	
-148.744	-3.69428	210.882	0	
-148.249	-2.80555	199.653	0	
-147.923	-2.38308	193.641	0	
-148.653	-1.7875	190.983	0	
-152.294	-1.95984	193.008	0	
-152.746	-1.96577	191.178	0	
-152.942	-3.126	193.169	0	
-152.724	-3.502	194.274	0	
-152.29	-3.47794	199.131	0	
-151.036	-5.11861	219.087	0	
-149.015	-4.3823	212.648	0	
-148.053	-3.28105	202.465	0	
-152.07	-1.49594	192.625	0	
-152.299	-1.1273	192.685	0	
-153.615	-1.25426	184.504	0	
-153.603	-2.02425	185.154	0	
-153.37	-2.90835	187.189	0	
-153.785	-3.61283	185.91	0	
-151.705	-4.58102	207.531	0	
-151.878	-3.73515	201.28	0	
-152.045	-4.19926	205.598	0	
-152.657	-4.31339	199.02	0	
-148.031	-4.2204	212.477	0	
-146.87	-4.09814	218.606	0	
-152.313	-0.601122	191.229	0	
-152.938	-0.896508	189.48	0	
-154.214	-1.34995	176.755	0	
-153.985	-2.01831	179.802	0	
-154.225	-2.39899	177.833	0	
-153.787	-3.1334	184.664	0	
-154.218	-3.82039	181.365	0	
-154	-4.21646	185.172	0	
-153.55	-4.25802	190.527	0	
-152.671	-5.16604	204.683	0	
-146.032	-2.42256	194.981	0	
-147.002	-1.83923	191.686	0	
-154.645	-2.32535	173.197	0	
-155.13	-3.03838	166.836	0	
-154.708	-3.73185	176.436	0	
-154.93	-4.10307	173.459	0	
-154.713	-3.26344	172.871	0	
-156.076	-2.92874	151.8	0	
-155.405	-5.09899	171.231	0	
-154.636	-4.49208	178.959	0	
-156.603	-4.68531	152.243	0	
-155.037	-5.71562	177.965	0	
-155.268	-6.23776	177.71	0	
-154.612	-5.71121	183.312	0	
-156.18	-7.72453	177.149	0	
-154.532	-5.21545	183.216	0	
-154.202	-6.08497	193.593	0	
-153.121	-5.67579	202.184	0	
-154.122	-5.01143	187.361	0	
-152.862	-4.67877	200.719	0	
-153.686	-5.06367	194.416	0	
-153.687	-5.64146	195.975	0	
-154.79	-1.94762	170.913	0	
-155.257	-1.95356	165.153	0	
-154.2	-6.79347	192.391	0	
-153.039	-6.20649	206.969	0	
-152.437	-6.22348	214.183	0	
-152.126	-5.18243	211.068	0	
-154.355	-1.71962	177.785	0	
-155.128	-1.25721	165.342	0	
-155.951	-1.4041	151.707	0	
-156.329	-2.18182	145.686	0	
-156.839	-2.56036	143.434	0	
-155.761	-3.87422	157.024	0	
-156.636	-3.06471	143.16	0	
-157.007	-3.6857	141.992	0	
-149.412	-1.19851	190.31	0	
-149.412	-0.530357	189.803	0	
-148.542	-0.781812	188.601	0	
-147.067	-2.86144	195.635	0	
-147.301	-1.46095	192.177	0	
-154.841	-6.94184	190.94	0	
-153.347	-6.71401	209.771	0	
-152.983	-7.71965	219.615	0	
-152.313	-6.84985	219.251	0	
-147.299	-2.37797	197.001	0	
-146.44	-2.89798	199.168	0	
-153.861	-8.42171	213.078	0	
-153.671	-7.76744	214.246	0	
-150.425	-8.51082	265.922	0	
-150.018	-6.06423	233.012	0	
-146.248	-3.50836	202.165	0	
-145.189	-4.02457	207.637	0	
-153.314	-9.08097	226.388	0	
-151.432	-8.15072	238.284	0	
-152.831	-7.12698	215.745	0	
-152.692	-8.54554	228.557	0	
-157.484	-5.23845	141.577	0	
-155.933	-5.87601	167.761	0	
-144.644	-3.58324	203.302	0	
-145.127	-3.13932	200.912	0	
-155.121	-9.42276	205.349	0	
-152.522	-10.8265	255.514	0	
-159.029	-4.17085	119.965	0	
-158.101	-8.45202	158.232	0	
-148.75	-0.415181	182.924	0	
-148.122	-0.368067	186.682	0	
-148.438	-0.183316	185.605	0	
-147.805	-0.920708	190.037	0	
-146.757	-0.882092	192.772	0	
-147.718	-1.39607	189.545	0	
-146.757	-0.450576	195.052	0	
-146.444	-0.272934	194.083	0	
-147.497	-0.362392	190.211	0	
-146.236	-1.37261	192.334	0	
-145.067	-1.39816	196.081	0	
-147.183	-0.978483	191.59	0	
-144.859	-0.463959	203.364	0	
-144.099	-0.895475	198.984	0	
-145.484	-0.298492	185.652	0	
-145.678	-1.23958	189.561	0	
-143.683	-1.39816	196.629	0	
-142.558	-1.38607	203.225	0	
33.125	-0.240555	233.678	0	
34.375	-0.360901	223.113	0	
34.0625	-0.180445	224.98	0	
34.6876	-0.902258	223.309	0	
35.6326	-0.734678	234.462	0	
32.3001	-0.506736	218.394	0	
34.0417	-0.914235	223.627	0	
34.6875	-1.27911	223.892	0	
35.6326	-0.368047	232.562	0	
33.302	-1.06781	222.685	0	
34.3598	-1.83986	219.543	0	
34.0404	-1.2764	222.754	0	
35.009	-1.88478	221.095	0	
35.9451	-0.187647	236.957	0	
35	-0.360855	224.971	0	
32.9069	-1.03246	221.474	0	
32.6821	-1.37074	217.023	0	
33.6133	-1.36986	220.105	0	
33.6254	-1.7112	218.771	0	
35.5692	-2.62471	216.49	0	
36.6767	-1.84202	221.864	0	
35.9489	-0.928997	228.64	0	
36.3618	-0.353115	231.597	0	
32.2759	-1.3479	215.03	0	
34.0386	-1.99678	216.031	0	
33.6226	-2.68138	211.381	0	
36.1594	-2.67456	216.888	0	
36.5124	-1.41037	226.45	0	
35.7938	-1.54173	222.037	0	
36.6705	-0.971702	227.818	0	
35.0001	-0.721768	229.005	0	
35.3125	-0.907943	226.149	0	
31.8827	-0.169187	211.521	0	
31.4112	-0.461697	216.998	0	
32.0331	-1.68444	212.795	0	
32.2587	-2.07434	210.816	0	
33.3504	-2.39357	212.909	0	
33.9994	-2.41015	213.877	0	
34.6028	-3.98385	211.028	0	
35.1668	-2.91972	211.913	0	
36.0957	-1.34549	227.077	0	
36.3137	-2.21147	218.221	0	
32.7092	-2.0684	212.626	0	
32.7415	-2.90411	209.508	0	
33.6184	-3.15748	210.289	0	
34.2845	-2.79189	211.801	0	
30.5471	-0.208685	228.736	0	
31.6236	-1.63047	211.765	0	
31.3943	-1.24889	214.283	0	
31.396	-2.02366	210.005	0	
32.2989	-2.80959	207.814	0	
32.9598	-2.50075	210.96	0	
32.884	-3.49388	207.425	0	
34.0853	-3.70816	210.602	0	
30.9681	-1.26247	213.766	0	
31.0131	-2.01773	208.2	0	
30.7069	-2.48291	206.305	0	
30.8913	-2.97869	204.091	0	
31.841	-3.15212	206.454	0	
32.5123	-4.03497	207.546	0	
33.5522	-4.02336	209.304	0	
33.2977	-3.61269	209.323	0	
30.6912	-0.946291	217.435	0	
30.3204	-1.21942	211.032	0	
30.909	-0.501195	222.593	0	
30.0213	-0.422041	210.476	0	
29.4837	-1.77871	206.668	0	
30.0568	-3.28557	202.46	0	
30.22	-2.01824	206.559	0	
30.3301	-2.44264	205.493	0	
30.8681	-3.98045	203.658	0	
31.9119	-3.78773	204.933	0	
29.0625	-0.178164	207.643	0	
29.37	-0.39152	208.087	0	
28.8626	-1.40876	207.614	0	
29.9809	-2.74074	204.266	0	
29.7126	-2.13164	205.192	0	
29.5808	-2.53226	204.463	0	
29.0394	-2.81504	202.483	0	
28.9979	-3.47712	201.336	0	
28.7475	-0.36006	211.385	0	
29.6825	-0.213356	202.106	0	
29.37	-0.823036	207.408	0	
27.8075	-0.186182	216.235	0	
28.1175	-0.368079	214.289	0	
28.4459	-1.34388	208.37	0	
29.0645	-0.97171	208.752	0	
26.8005	-1.48817	200.358	0	
28.435	-0.181896	213.047	0	
27.1944	-0.198376	191.224	0	
27.815	-1.29687	205.592	0	
28.1262	-2.43895	201.204	0	
26.8963	-0.73971	196.714	0	
27.1943	-0.928759	202.531	0	
27.1793	-1.29187	200.882	0	
28.1341	-1.5426	205.598	0	
26.7664	-1.88691	199.518	0	
27.4944	-1.49173	203.722	0	
27.489	-1.87875	202.411	0	
27.5018	-0.384558	208.051	0	
26.8963	-0.378821	196.559	0	
26.577	-0.180445	195.344	0	
25.625	-0.266215	209.292	0	
26.5702	-0.896622	198.407	0	
26.0134	-2.15303	197.824	0	
25.104	-0.871212	195.726	0	
26.1044	-1.38826	198.34	0	
26.1536	-0.801948	199.93	0	
25.8582	-1.08869	197.476	0	
26.3959	-2.2445	199.125	0	
25.6218	-2.48513	197.239	0	
25.4682	-1.13229	196.081	0	
25.9028	-1.70113	197.683	0	
25.0842	-0.472327	193.928	0	
24.7516	-1.48572	194.716	0	
24.0625	-0.162796	188.875	0	
24.355	-0.368908	187.741	0	
24.4006	-1.76092	193.949	0	
24.7947	-2.46987	196.301	0	
27.1155	-4.04	200.036	0	
27.688	-2.94139	201.269	0	
23.125	-0.248028	203.955	0	
24.6675	-0.206112	185.276	0	
24.355	-0.800425	190.275	0	
21.2572	-0.731718	182.755	0	
23.5773	-1.79538	192.731	0	
23.9939	-1.55874	193.257	0	
23.5611	-2.24547	194.195	0	
24.8036	-3.03543	197.02	0	
26.5534	-3.45859	199.614	0	
24.0126	-1.04745	190.502	0	
23.1121	-1.18585	189.928	0	
23.0355	-2.54035	194.859	0	
24.4524	-3.96059	198.602	0	
23.9498	-3.00733	196.615	0	
24.9805	-4.22838	199.104	0	
25.3625	-3.03785	197.684	0	
26.6556	-2.79636	198.949	0	
21.7847	-1.64799	188.631	0	
21.9386	-2.92107	195.55	0	
23.4212	-3.41994	197.465	0	
23.7666	-4.06899	199.082	0	
31.526	-4.9794	208.029	0	
34.7113	-6.92884	222.051	0	
33.8915	-5.21192	212.245	0	
35.9658	-4.72157	214.812	0	
29.7661	-4.58799	202.21	0	
30.8402	-5.24221	206.071	0	
29.5658	-6.05299	206.615	0	
30.4999	-6.15695	212.146	0	
31.1134	-6.85097	213.78	0	
32.2179	-5.45056	210.893	0	
26.0163	-4.60142	200.17	0	
28.4227	-4.78005	201.607	0	
25.3926	-5.27174	202.354	0	
26.0082	-3.79616	198.921	0	
24.5659	-5.52305	202.865	0	
26.1419	-5.81901	204.118	0	
26.168	-6.58576	207.494	0	
26.5084	-4.8213	202.164	0	
27.0532	-7.20971	208.155	0	
27.7575	-5.01153	202.489	0	
26.6315	-5.49899	203.193	0	
27.4566	-5.61057	205.648	0	
-142.974	-0.286396	187.798	0	
-141.599	-0.895475	207.947	0	
-143.115	-1.25304	194.94	0	
-142.141	-0.88338	200.586	0	
-141.183	-1.39816	201.723	0	
-140.058	-1.38607	207.343	0	
-134.375	-0.165467	224.514	0	
-135.31	-0.184751	213.943	0	
-134.032	-1.39317	219.41	0	
-132.558	-1.38607	211.301	0	
-136.25	-0.36376	218.368	0	
-135.622	-0.368067	218.819	0	
-135.938	-0.183316	216.784	0	
-135.305	-0.920708	218.44	0	
-134.893	-0.350218	223.496	0	
-137.188	-0.180456	216.706	0	
-136.875	-0.360901	216.692	0	
-136.565	-1.28335	211.128	0	
-135.938	-0.913707	215.906	0	
-135.94	-1.27666	211.487	0	
-134.579	-0.966309	220.656	0	
-138.125	-0.240517	209.389	0	
-136.562	-0.180445	217.766	0	
-137.254	-1.2956	209.326	0	
-136.94	-1.49081	208.405	0	
-135.843	-1.97917	207.203	0	
-135.632	-2.50014	201.905	0	
-134.896	-2.10871	205.07	0	
-138.75	-0.405984	215.602	0	
-137.671	-1.60286	207.483	0	
-137.192	-0.904829	211.997	0	
-137.691	-2.01013	203.871	0	
-136.261	-1.86147	207.792	0	
-135.629	-1.5893	209.216	0	
-135.057	-2.61432	205.444	0	
-134.513	-2.09548	210.58	0	
-137.609	-0.784456	210.903	0	
-137.921	-1.27216	209.46	0	
-137.299	-2.08993	204.507	0	
-137.238	-2.48451	202.699	0	
-134.145	-3.0466	205.788	0	
-134.458	-1.6563	210.397	0	
-138.614	-2.59869	201.616	0	
-136.702	-2.83324	200.98	0	
-136.595	-4.05245	206.896	0	
-136.075	-2.93467	203.21	0	
-134.124	-2.439	202.283	0	
-133.615	-1.62981	209.182	0	
-138.786	-4.08708	208.942	0	
-137.043	-3.26943	202.868	0	
-137.703	-2.75042	201.893	0	
-137.073	-3.72549	205.084	0	
-137.609	-3.17237	202.56	0	
-137.921	-3.51605	203.634	0	
-138.514	-3.5513	204.278	0	
-137.66	-5.40932	222.383	0	
-134.696	-3.20869	199.765	0	
-131.386	-2.34074	206.456	0	
-138.929	-3.15849	203.647	0	
-139.979	-3.42222	201.43	0	
-138.444	-4.50748	211.252	0	
-138.668	-5.05078	219.077	0	
-135.133	-3.85766	207.586	0	
-133.8	-5.64026	218.183	0	
-133.605	-3.68327	200.557	0	
-132.241	-3.9694	201.573	0	
-140.38	-4.12583	211.362	0	
-140.094	-4.78745	215.348	0	
-137.45	-4.84558	215.083	0	
-135.043	-4.81134	206.738	0	
-137.434	-6.60493	240.466	0	
-136.719	-4.71689	211.663	0	
-139.621	-4.71684	217.097	0	
-139.023	-6.22035	244.367	0	
-140.354	-5.40163	228.744	0	
-139.387	-5.86623	231.722	0	
-139.048	-7.03724	253.71	0	
-138.35	-7.29687	263.488	0	
-141.341	-4.7945	219.306	0	
-140.983	-6.50538	246.62	0	
-139.696	-7.22724	270.513	0	
-139.585	-9.03395	302.35	0	
-136.938	-8.08972	286.038	0	
-137.277	-5.91054	235.666	0	
-142.193	-4.77433	215.618	0	
-141.3	-5.91725	238.503	0	
-141.359	-7.26968	270.687	0	
-140.077	-8.18917	291.086	0	
-136.35	-7.37836	268.961	0	
-136.289	-6.3604	241.299	0	
-142.34	-6.55036	252.132	0	
-142.671	-8.90957	310.892	0	
-138.094	-10.047	340.714	0	
-133.249	-7.69197	274.839	0	
-135.653	-5.47007	222.55	0	
-136.661	-5.85444	229.406	0	
-136.764	-6.90066	252.46	0	
-135.47	-7.28814	260.276	0	
-134.856	-7.93814	279.057	0	
-132.075	-4.91583	213.742	0	
-136.378	-8.9529	311.421	0	
-132.512	-6.75546	249.399	0	
-134.444	-6.51245	250.292	0	
-134.117	-7.42286	260.2	0	
-132.974	-0.286396	234.744	0	
-131.359	-0.715414	222.79	0	
-133.115	-1.25304	222.465	0	
-132.141	-0.88338	221.301	0	
137.466	-0.382852	204.77	0	
138.128	-0.368067	204.321	0	
137.812	-0.183316	205.251	0	
138.508	-1.44766	204.77	0	
138.517	-0.962924	204.757	0	
136.494	-0.25226	213.108	0	
136.077	-0.25226	211.325	0	
137.269	-1.47589	205.864	0	
137.807	-0.916578	205.061	0	
139.937	-1.45594	203.827	0	
138.774	-0.374251	204.987	0	
136.508	-1.68983	206.622	0	
138.356	-3.06434	201.988	0	
139.305	-0.957315	205.213	0	
139.292	-0.1895	206.216	0	
139.388	-1.43597	205.275	0	
140.353	-0.953256	205.676	0	
136.773	-0.883313	210.492	0	
137.154	-0.199537	211.648	0	
136.773	-0.451797	206.205	0	
136.091	-1.92647	204.543	0	
136.45	-1.16865	206.132	0	
135.962	-2.49644	203.649	0	
137.248	-2.42144	203.089	0	
137.997	-1.71386	204.087	0	
137.878	-2.31748	203.184	0	
135.277	-2.56564	203.961	0	
136.115	-3.89224	201.829	0	
138.899	-2.26876	202.998	0	
138.362	-2.57086	202.506	0	
139.822	-3.53207	201.23	0	
139.922	-2.56584	202.134	0	
137.774	-3.53811	201.508	0	
138.04	-4.20756	201.452	0	
139.421	-4.19076	201.357	0	
140.891	-5.43207	201.981	0	
137.151	-3.14859	201.995	0	
136.646	-4.71904	202.469	0	
138.227	-5.76845	202.702	0	
139.882	-5.27466	201.588	0	
145.38	-0.549836	203.632	0	
146.033	-1.03873	205.22	0	
144.062	-0.215758	200.752	0	
145.869	-0.553858	204.102	0	
144.79	-1.16738	201.853	0	
143.75	-0.399074	201.871	0	
144.755	-0.248238	198.993	0	
143.854	-1.01391	201.514	0	
143.293	-2.39758	201.293	0	
145.616	-1.64065	203.373	0	
143.395	-3.55863	201.429	0	
145.077	-1.96188	202.057	0	
145.156	-5.54312	207.455	0	
147.683	-4.92318	209.29	0	
128.891	-0.463959	203.06	0	
129.651	-0.895475	206.933	0	
128.266	-0.298492	207.959	0	
128.486	-1.5371	204.582	0	
129.869	-1.26208	204.372	0	
131.038	-1.44409	207.829	0	
129.614	-1.63768	205.547	0	
130.286	-1.49872	206.122	0	
129.199	-1.67606	204.254	0	
129.616	-2.40408	204.942	0	
128.903	-1.30046	204.93	0	
128.541	-2.05163	204.31	0	
129.418	-3.24082	204.568	0	
130.362	-3.00056	205.39	0	
128.232	-2.47436	204.07	0	
128.421	-2.92216	203.671	0	
130.414	-4.18233	205.44	0	
130.508	-2.46052	205.143	0	
127.384	-1.85394	204.615	0	
127.316	-2.88824	203.385	0	
130.838	-3.60909	204.766	0	
131.421	-2.82933	205.507	0	
128.301	-4.12237	204.393	0	
129.489	-3.87643	204.651	0	
130.588	-1.19851	209.406	0	
130.588	-0.530357	207.667	0	
131.458	-0.7732	210.573	0	
132.069	-2.07056	206.553	0	
131.007	-2.40393	206.308	0	
132.012	-3.91369	204.949	0	
131.962	-2.6068	206.344	0	
126.419	-1.48425	204.471	0	
126.675	-2.96229	202.614	0	
126.361	-3.65607	202.992	0	
127.528	-3.46324	203.279	0	
132.112	-4.72513	205.7	0	
134.558	-5.81813	204.348	0	
125.327	-1.2985	203.765	0	
125.68	-2.50175	201.94	0	
125.748	-3.85018	202.171	0	
126.488	-4.9745	205.011	0	
125.078	-2.88544	201.403	0	
124.618	-4.50809	202.413	0	
126.56	-5.77071	206.158	0	
128.901	-4.34538	204.779	0	
124.36	-1.83986	201.753	0	
122.951	-2.84387	200.331	0	
123.537	-4.30453	201.86	0	
124.741	-5.88947	206.767	0	
122.641	-3.61829	200.641	0	
123.982	-3.57547	201.207	0	
-126.56	-0.184751	212.4	0	
-125.349	-0.895475	211.524	0	
-125.131	-1.26208	207.169	0	
-123.854	-1.33154	206.826	0	
-125.931	-1.68193	205.909	0	
-124.714	-1.49872	206.543	0	
-125.958	-2.49098	199.794	0	
-124.983	-1.90451	202.624	0	
-126.486	-2.85392	199.571	0	
-126.501	-3.49675	199.1	0	
-124.412	-1.19851	206.525	0	
-124.412	-0.530357	208.648	0	
-123.51	-0.863792	208.597	0	
-123.023	-0.881803	210.293	0	
-123.406	-0.20041	213.194	0	
-122.711	-1.27591	203.525	0	
-121.849	-0.715855	199.259	0	
-124.509	-3.73613	198.974	0	
-123.023	-0.450286	209.956	0	
-122.609	-2.28185	197.964	0	
-127.823	-3.87524	201.756	0	
-126.395	-5.13513	213.413	0	
-124.947	-5.04182	212.129	0	
-119.927	-5.80258	227.81	0	
-124.224	-2.64974	197.014	0	
-123.925	-3.39635	198.081	0	
-113.333	-0.240555	187.651	0	
-111.875	-0.360901	178.481	0	
-112.188	-0.180445	178.63	0	
-111.562	-0.902258	181.315	0	
-110.617	-0.734678	183.412	0	
-115.625	-0.233607	196.827	0	
-112.208	-0.914235	182.413	0	
-111.562	-1.27911	182.17	0	
-110.617	-0.368047	183.807	0	
-112.948	-1.06781	183.981	0	
-111.89	-1.83986	183.627	0	
-112.21	-1.2764	183.34	0	
-111.241	-1.88478	183.286	0	
-110.305	-0.187647	186.317	0	
-111.25	-0.360855	180.958	0	
-113.343	-1.03246	185.774	0	
-113.568	-1.37074	185.15	0	
-112.637	-1.36986	184.817	0	
-112.625	-1.7112	184.062	0	
-110.681	-2.62471	186.147	0	
-110.875	-2.12843	184.624	0	
-110.301	-0.928997	182.254	0	
-109.266	-0.87239	177.084	0	
-113.974	-1.3479	185.374	0	
-112.211	-1.99678	184.702	0	
-112.627	-2.68138	186.668	0	
-110.018	-2.32426	185.307	0	
-110.162	-1.37309	182.538	0	
-110.464	-1.56932	183.07	0	
-109.266	-0.440874	177.55	0	
-111.25	-0.721768	181.582	0	
-110.937	-0.907943	182.566	0	
-114.688	-0.215758	181.786	0	
-113.645	-0.747092	185.809	0	
-114.217	-1.68444	185.775	0	
-113.991	-2.07434	186.343	0	
-112.9	-2.39357	186.434	0	
-112.251	-2.41015	186.352	0	
-111.624	-3.99863	197.278	0	
-111.083	-2.91972	188.604	0	
-110.165	-2.75975	185.91	0	
-109.419	-1.76469	183.097	0	
-108.953	-0.268621	175.367	0	
-109.992	-0.3599	181.586	0	
-113.541	-2.0684	185.924	0	
-113.509	-2.90411	189.148	0	
-112.632	-3.15748	191.219	0	
-111.966	-2.79189	187.336	0	
-115.119	-0.973484	188.688	0	
-114.375	-0.384747	183.637	0	
-114.375	-0.816264	184.571	0	
-114.632	-1.62973	186.902	0	
-114.859	-2.02292	186.571	0	
-113.951	-2.80959	188.069	0	
-113.29	-2.50075	186.12	0	
-109.776	-3.20729	191.237	0	
-108.47	-1.81226	182.793	0	
-109.533	-2.22472	182.733	0	
-109.157	-3.15639	186.968	0	
-108.887	-1.57563	179.884	0	
-107.717	-1.8833	181.926	0	
-109.684	-0.978487	180.773	0	
-113.366	-3.49388	192.902	0	
-112.165	-3.70816	195.802	0	
-117.493	-0.731718	194.708	0	
-115.242	-2.01698	189.148	0	
-114.702	-1.17139	186.641	0	
-115.621	-1.27478	189.596	0	
-115.543	-2.48291	188.425	0	
-115.359	-2.97869	192.041	0	
-114.409	-3.15212	193.233	0	
-113.738	-4.03497	199.437	0	
-110.176	-3.79652	194.195	0	
-108.529	-2.38592	182.786	0	
-112.698	-4.02336	199.068	0	
-112.952	-3.61269	193.937	0	
-116.132	-1.92657	189.369	0	
-116.466	-2.76993	190.21	0	
-115.382	-3.98045	200.457	0	
-114.338	-3.78773	193.47	0	
-108.682	-3.69734	193.212	0	
-112.917	-0.240555	194.041	0	
-106.619	-3.25489	186.297	0	
-114.724	-4.9794	210.324	0	
-111.454	-6.35864	244.483	0	
-112.356	-5.2129	216.137	0	
-110.092	-5.18955	212.191	0	
-109.167	-5.88366	228.86	0	
-108.978	-4.35487	203.992	0	
-117.331	-1.48446	192.279	0	
-117.028	-2.4635	191.509	0	
-118.426	-1.29981	195.59	0	
-117.44	-2.78938	191.164	0	
-118.491	-3.66115	196.488	0	
-116.261	-3.35784	194.832	0	
-117.051	-5.09406	210.378	0	
-116.691	-3.81086	196.651	0	
-116.472	-4.58741	204.58	0	
-115.41	-5.24221	215.689	0	
-117.083	-5.89698	229.429	0	
-115.75	-6.15695	236.757	0	
-115.137	-6.85097	248.115	0	
-114.032	-5.45056	224.373	0	
-107.82	-2.27427	183.326	0	
-107.635	-2.97088	187.383	0	
-118.75	-0.36376	197.858	0	
-118.122	-0.368067	199.346	0	
-118.438	-0.183316	200.17	0	
-117.805	-0.920708	194.904	0	
-116.796	-0.887752	190.188	0	
-119.688	-0.180456	193.455	0	
-119.375	-0.360901	195.085	0	
-119.065	-1.28335	195.6	0	
-118.438	-0.913707	197.033	0	
-117.748	-1.41957	194.087	0	
-116.796	-0.456235	189.035	0	
-120.625	-0.240517	212.925	0	
-119.062	-0.180445	196.544	0	
-119.754	-1.2956	196.533	0	
-119.44	-1.49081	195.211	0	
-118.747	-1.88463	194.056	0	
-116.484	-0.278594	188.676	0	
-117.497	-0.362392	194.078	0	
-121.146	-0.423833	203.06	0	
-120.16	-1.38669	197.741	0	
-119.692	-0.904829	197.247	0	
-120.191	-2.01013	194.934	0	
-118.267	-2.00954	193.059	0	
-118.054	-1.61967	193.931	0	
-120.109	-0.784456	200.472	0	
-120.8	-1.06876	199.953	0	
-119.799	-2.08993	193.761	0	
-119.738	-2.48451	193.687	0	
-121.011	-2.34501	195.776	0	
-119.202	-2.83324	193.606	0	
-119.148	-4.01577	197.182	0	
-118.575	-2.93467	192.418	0	
-121.027	-3.55423	196.233	0	
-119.543	-3.26943	193.835	0	
-120.203	-2.75042	193.643	0	
-119.573	-3.72549	199.294	0	
-120.109	-3.17237	194.844	0	
-120.421	-3.51605	196.2	0	
-121.561	-3.21501	197.002	0	
-122.13	-4.55771	198.492	0	
-116.465	-1.22717	190.748	0	
-116.067	-0.5122	193.012	0	
-117.183	-0.978483	192.044	0	
-116.548	-1.68993	190.8	0	
-115.621	-1.70933	189.138	0	
-122.14	-3.47868	194.398	0	
-122.85	-4.42729	206.533	0	
-121.185	-4.08554	200.134	0	
-121.477	-5.8279	225.208	0	
-119.199	-4.70734	208.79	0	
-117.816	-4.76195	209.346	0	
-122.775	-3.22972	198.045	0	
-123.308	-5.05627	206.722	0	
-122.117	-6.20662	232.218	0	
-120.896	-4.66595	202.524	0	
-121.835	-4.05361	202.882	0	
-121.517	-5.09145	214.458	0	
-90.6239	-0.735515	173.208	0	
-87.9536	-1.45463	175.719	0	
-87.7065	-1.88048	178.83	0	
-87.8769	-0.548463	175.294	0	
-87.2888	-1.16326	176.279	0	
-87.8308	-2.41176	182.809	0	
-86.9643	-2.3182	181.988	0	
-86.9743	-0.877314	175.598	0	
-87.6686	-0.246865	172.284	0	
-88.4286	-2.57717	182.961	0	
-87.6137	-3.57217	195.653	0	
-86.5428	-2.45622	183.235	0	
-86.1328	-1.82718	179.29	0	
-86.5495	-1.59054	177.709	0	
-87.2519	-0.246865	176.683	0	
-86.4451	-2.92935	187.153	0	
-85.6271	-3.0159	187.353	0	
-85.1824	-1.73877	179.29	0	
-86.5605	-1.11538	176.387	0	
-86.7964	-3.24132	191.772	0	
-86.5974	-0.198932	174.889	0	
-86.448	-4.00343	203.724	0	
-85.151	-3.286	192.945	0	
-84.7657	-1.43724	178.681	0	
-84.7807	-0.938523	177.751	0	
-85.6074	-0.408971	175.572	0	
-86.234	-0.914448	175.411	0	
-85.0896	-0.750278	176.631	0	
-87.344	-3.11026	190.09	0	
-88.0427	-3.72399	198.645	0	
-88.1514	-4.47683	209.303	0	
-87.2584	-3.99924	201.273	0	
-88.8529	-4.53381	210.462	0	
-86.7895	-5.78474	243.625	0	
-88.048	-5.95763	248.28	0	
-86.0264	-4.86542	224.932	0	
-86.4736	-4.54038	209.289	0	
-85.6349	-4.67834	210.196	0	
-86.9428	-4.79089	220.382	0	
-87.7998	-5.4102	234.612	0	
-85.1892	-4.98816	229.17	0	
-84.5935	-3.91557	200.918	0	
-85.1421	-3.84874	196.517	0	
-84.363	-4.37657	206.485	0	
-83.6563	-4.36262	207.604	0	
-83.3051	-3.83282	199.466	0	
-84.6432	-2.58664	183.986	0	
-83.944	-2.40573	182.93	0	
-85.7451	-6.99627	267.505	0	
-87.1692	-5.32537	231.816	0	
-85.0892	-5.67916	234.45	0	
-84.2007	-5.32107	229.419	0	
-86.1158	-5.5753	234.489	0	
-85.6243	-6.07921	260.527	0	
-84.2533	-6.71494	260.934	0	
-83.4705	-4.85352	219.47	0	
-83.7143	-5.37206	229.657	0	
-82.9208	-4.93949	226.48	0	
-82.364	-3.44933	194.844	0	
-82.7128	-2.04288	182.855	0	
-87.6912	-6.48984	270.18	0	
-87.0632	-6.40177	260.672	0	
-83.1872	-5.82933	249.744	0	
-82.5785	-4.52367	209.121	0	
-87.8829	-7.30188	299.615	0	
-84.9478	-7.39857	307.008	0	
-82.6856	-5.5102	225.527	0	
-81.7701	-5.11482	219.339	0	
-82.014	-4.58726	215.903	0	
-82.0995	-5.62193	244.251	0	
-88.8924	-1.99253	176.789	0	
-89.7593	-3.39563	191.17	0	
-81.5298	-4.15485	206.707	0	
-81.4618	-2.12853	183.904	0	
-88.7883	-7.52286	290.81	0	
-89.1794	-8.60962	349.153	0	
-87.1166	-7.77626	311.001	0	
-85.5854	-10.8378	431.849	0	
-79.5348	-4.20964	207.826	0	
-80.9633	-3.0146	189.051	0	
-82.532	-6.99302	287.298	0	
-80.9371	-6.36295	255.868	0	
-78.9314	-2.2699	185.749	0	
-80.3897	-3.39702	195.044	0	
-80.4722	-7.86402	312.032	0	
-80.673	-5.50651	234.977	0	
-99.9928	-0.731718	173.203	0	
-98.1432	-1.30346	174.548	0	
-97.5999	-1.98015	178.771	0	
-97.8769	-0.548463	172.73	0	
-97.2888	-1.16326	174.673	0	
-98.547	-2.7714	182.543	0	
-97.4693	-3.42732	191.22	0	
-96.9743	-0.877314	169.587	0	
-97.6686	-0.246865	175.332	0	
-96.2899	-0.748879	170.473	0	
-97.2519	-0.246865	166.029	0	
-97.0033	-4.84263	220.792	0	
-96.5974	-0.198932	168.406	0	
-97.8495	-2.80998	180.706	0	
-97.648	-4.27672	204.632	0	
-95.4003	-3.58722	192.043	0	
-104.599	-0.53519	176.614	0	
-103.449	-1.05211	177.477	0	
-105.537	-0.783538	179.673	0	
-104.167	-0.301598	171.548	0	
-105.205	-1.09072	177.664	0	
-105.722	-1.82897	178.989	0	
-105.224	-0.233592	184.526	0	
-104.564	-1.46025	177.766	0	
-106.284	-0.382852	176.954	0	
-105.938	-0.183316	178.331	0	
-107.26	-0.250939	171.939	0	
-106.981	-0.450476	178.255	0	
-106.481	-1.47589	178.069	0	
-105.943	-0.916578	177.802	0	
-107.3	-1.64666	179.934	0	
-105.841	-2.4326	183.333	0	
-105.243	-2.97095	183.963	0	
-104.851	-1.94325	177.248	0	
-107.663	-0.402598	183.577	0	
-106.596	-0.199537	174.445	0	
-108.365	-0.862957	179.5	0	
-108.111	-0.151659	180.966	0	
-107.761	-1.18491	180.557	0	
-107.294	-1.17375	180.292	0	
-107.922	-0.845275	180.106	0	
-108.163	-2.56674	184.841	0	
-106.985	-2.35566	181.668	0	
-108.796	-1.14281	181.064	0	
-108.001	-1.60212	180.991	0	
-108.045	-3.03314	188.213	0	
-107.52	-2.56018	184.808	0	
-108.172	-3.58339	190.965	0	
-107.122	-4.64471	206.462	0	
-107.57	-3.89763	195.489	0	
-105.861	-4.4283	198.939	0	
-140.474	-0.286396	203.856	0	
-138.958	-0.837501	212.791	0	
-140.615	-1.25304	205.681	0	
-139.641	-0.88338	209.788	0	
-127.534	-0.382852	211.992	0	
-126.872	-0.368067	211.65	0	
-127.188	-0.183316	210.832	0	
-126.555	-0.920708	211.824	0	
-126.143	-0.350218	216.347	0	
-128.51	-0.250939	223.281	0	
-128.231	-0.450476	216.766	0	
-127.609	-1.7017	206.151	0	
-127.193	-0.916578	211.044	0	
-126.558	-1.28208	209.576	0	
-125.829	-0.966309	212.021	0	
-128.481	-1.71524	209.344	0	
-127.036	-2.5399	199.823	0	
-126.877	-1.45789	207.454	0	
-126.193	-1.99804	204.36	0	
-127.612	-1.34328	209.583	0	
-127.039	-2.01781	203.223	0	
-129.375	-0.153405	218.462	0	
-127.846	-0.199537	222.438	0	
-128.897	-1.95188	206.273	0	
-130.31	-0.184751	225.331	0	
-129.283	-1.57023	210.198	0	
-128.544	-1.17375	211.671	0	
-129.218	-0.815124	217.422	0	
-129.049	-2.50177	201.86	0	
-128.678	-3.02275	200.611	0	
-129.893	-0.338156	217.5	0	
-130.155	-1.3939	214.526	0	
-131.012	-1.35697	215.455	0	
-129.533	-2.57614	203.209	0	
-129.836	-2.15145	205.824	0	
-129.813	-3.09773	200.354	0	
-131.683	-1.802	207.976	0	
-130.781	-2.21045	207.32	0	
-130.373	-2.45355	202.74	0	
-130.372	-3.02681	203.497	0	
-131.594	-3.43231	203.402	0	
-130.661	-4.22538	208.143	0	
-132.343	-1.84645	210.116	0	
-131.786	-2.76543	201.6	0	
-128.486	-4.22048	202.49	0	
-127.972	-3.0488	197.993	0	
-132.975	-3.46089	204.257	0	
-130.535	-5.86712	234.765	0	
-128.771	-4.86949	212.134	0	
-127.193	-4.9404	210.536	0	
131.25	-0.41231	210.202	0	
131.875	-0.360901	210.32	0	
131.562	-0.180445	211.427	0	
132.188	-0.902258	209.24	0	
132.817	-0.912873	209.211	0	
132.188	-1.27911	209.007	0	
133.133	-0.741951	210.09	0	
131.871	-1.46228	208.207	0	
132.509	-1.88478	207.784	0	
133.422	-0.917831	209.157	0	
132.505	-0.365785	209.42	0	
131.454	-1.13683	208.997	0	
131.237	-1.96897	207.278	0	
133.069	-2.62471	206.101	0	
133.832	-1.32508	207.392	0	
133.753	-0.405748	210.204	0	
133.733	-2.71085	205.327	0	
134.092	-1.80652	206.549	0	
133.135	-1.46994	207.891	0	
134.044	-1.00848	208.33	0	
133.189	-1.90428	207.027	0	
133.729	-2.17597	206.201	0	
133.133	-0.375319	210.532	0	
132.817	-0.185329	211.251	0	
-102.812	-0.183316	176.749	0	
-103.854	-0.517356	175.983	0	
-103.866	-0.922193	174.589	0	
-103.125	-0.83059	175.366	0	
-102.297	-1.7956	179.784	0	
-102.748	-1.06873	178.948	0	
-101.385	-1.69354	178.93	0	
-104.179	-1.37459	175.815	0	
-103.902	-1.7422	178.32	0	
-103.962	-2.24914	178.744	0	
-101.833	-1.49851	175.804	0	
-104.525	-2.36453	182.085	0	
-104.01	-3.32632	187.383	0	
-103.127	-2.25942	179.366	0	
-102.705	-2.50633	182.461	0	
-104.005	-4.12901	199.076	0	
-102.701	-3.00021	185.232	0	
-102.331	-0.876848	174.428	0	
-102.714	-1.55896	176.635	0	
-103.128	-3.28254	187.997	0	
-101.78	-3.06116	182.95	0	
-104.962	-4.8122	208.029	0	
-105.102	-5.82103	226.587	0	
-103.51	-4.43088	198.68	0	
-102.24	-3.29963	188.923	0	
-101.11	-3.1153	187.562	0	
-100.96	-0.926407	176.444	0	
-103.332	-5.92566	234.505	0	
-103.297	-5.14363	217.316	0	
-100.851	-2.54814	181.613	0	
-99.8185	-1.40218	175.769	0	
-100.442	-2.22052	176.69	0	
-98.6586	-1.97368	177.812	0	
-99.8393	-2.36013	181.378	0	
-99.2609	-3.0735	181.522	0	
-102.465	-6.41384	248.314	0	
-102.16	-4.4138	203.567	0	
-102.13	-7.39789	281.16	0	
-99.1932	-6.76305	265.489	0	
-101.995	-5.7936	230.277	0	
-100.962	-5.76404	231.173	0	
48.4494	-1.05211	220.476	0	
49.5464	-1.45463	216.622	0	
49.7935	-1.88048	217.909	0	
49.6231	-0.548463	213.984	0	
50.2112	-1.16326	213.9	0	
49.1285	-2.64508	220.494	0	
50.5357	-2.3182	219.737	0	
50.5257	-0.877314	216.631	0	
49.8314	-0.246865	222.035	0	
48.9995	-3.33491	223.16	0	
49.8747	-3.57427	225.195	0	
50.9572	-2.45622	219.485	0	
51.3672	-1.82718	216.591	0	
50.9505	-1.59054	216.917	0	
50.6943	-0.198932	214.899	0	
51.0458	-2.88438	222.706	0	
51.7933	-2.91212	223.011	0	
52.2481	-1.76676	215.976	0	
50.9395	-1.11538	214.091	0	
50.6906	-3.19921	224.065	0	
51.8747	-4.31332	230.441	0	
52.2014	-3.14078	224.548	0	
52.6316	-2.53262	220.764	0	
52.744	-1.02346	212.895	0	
51.7849	-0.230658	213.294	0	
50.1534	-3.10791	223.606	0	
49.4323	-3.75196	225.547	0	
51.0278	-3.92295	228.013	0	
50.9131	-4.53414	229.786	0	
52.2842	-3.57909	227.505	0	
53.0294	-3.67481	227.932	0	
53.0652	-2.30178	219.084	0	
52.6647	-1.53012	215.171	0	
51.2661	-0.914522	215.208	0	
52.1094	-0.618235	212.384	0	
51.8774	-3.85494	228.766	0	
52.274	-4.5162	231.193	0	
53.4644	-3.94052	229.797	0	
53.8542	-3.28762	225.884	0	
53.4598	-2.57088	220.329	0	
53.8961	-1.81077	215.72	0	
52.2685	-5.14191	231.793	0	
53.9349	-4.70975	232.706	0	
53.5024	-4.50438	231.466	0	
54.3376	-4.358	230.875	0	
54.2409	-3.02678	223.256	0	
53.8765	-2.32237	218.244	0	
54.7367	-1.81329	214.138	0	
54.3332	-1.03925	211.395	0	
51.3925	-5.17757	230.307	0	
50.7451	-6.56718	220.397	0	
52.8034	-5.27145	231.919	0	
53.7536	-6.08871	227.265	0	
54.7424	-4.56485	231.15	0	
55.1191	-2.98294	222.336	0	
54.7024	-3.208	223.951	0	
55.0769	-2.5651	219.802	0	
55.2755	-1.02614	210.32	0	
53.9038	-0.410638	211.661	0	
53.0444	-0.204362	214.242	0	
53.5371	-1.14158	212.715	0	
54.8444	-5.08943	232.147	0	
55.4708	-4.48709	230.037	0	
55.0829	-4.31532	229.774	0	
55.7162	-4.12154	227.841	0	
55.507	-2.33425	216.938	0	
55.1533	-1.57665	213.39	0	
54.8551	-0.763717	210.4	0	
54.3712	-0.169097	203.821	0	
52.5356	-0.591939	212.973	0	
53.202	-0.87742	212.917	0	
54.2934	-5.25238	230.988	0	
55.3849	-5.64668	230.103	0	
56.5224	-5.01995	230.178	0	
55.1127	-3.90998	228.186	0	
56.9679	-3.17345	222.136	0	
55.5064	-3.73323	227.137	0	
56.2292	-3.45343	223.603	0	
55.5667	-3.27915	223.237	0	
57.24	-3.70365	223.807	0	
56.7074	-2.34635	216.036	0	
56.0983	-2.70871	219.251	0	
56.1631	-1.96161	214.824	0	
55.347	-6.10058	226.29	0	
55.8654	-5.52378	229.619	0	
55.8076	-6.39376	224.645	0	
56.1459	-5.9632	228.64	0	
56.9369	-5.45588	228.671	0	
55.9324	-5.08545	230.639	0	
55.9134	-7.11917	217.269	0	
56.6884	-7.38399	211.95	0	
58.2752	-3.81327	222.753	0	
58.0652	-1.86345	215.968	0	
58.0815	-1.48325	215.418	0	
55.568	-0.192988	220.824	0	
57.7088	-0.915301	213.894	0	
56.4235	-0.40252	214.007	0	
56.0419	-1.18526	212.731	0	
56.5633	-1.12771	213.364	0	
54.9392	-0.362085	207.901	0	
55.7488	-0.877281	215.578	0	
57.2848	-0.704154	213.663	0	
56.8677	-0.149743	210.255	0	
48.8942	-4.88698	228.226	0	
50.2236	-4.01405	226.859	0	
49.1994	-6.00689	225.44	0	
50.1251	-4.45291	228.586	0	
49.7306	-5.21668	228.417	0	
50.2264	-5.24615	228.723	0	
49.189	-5.44253	225.428	0	
49.78	-6.33878	221.138	0	
51.0172	-5.56328	229.105	0	
51.3464	-4.68352	230.863	0	
51.2607	-6.53276	223.197	0	
51.9154	-5.43309	230.821	0	
57.9319	-5.60255	225.064	0	
57.1724	-4.35937	228.622	0	
54.3425	-7.37963	214.26	0	
55.4557	-8.76999	194.298	0	
56.8187	-10.0289	168.56	0	
58.4422	-6.78171	217.87	0	
49.8484	-7.0682	215.875	0	
50.524	-7.22433	213.709	0	
49.0751	-7.58674	204.025	0	
49.5583	-8.96251	181.127	0	
52.7432	-6.55557	224.909	0	
51.8541	-5.97547	227.02	0	
57.7845	-6.40448	231.615	0	
58.7033	-5.27548	230.059	0	
51.3158	-5.99232	226.457	0	
51.8426	-6.95366	218.769	0	
59.2962	-5.62337	224.207	0	
58.7801	-4.71239	224.933	0	
51.7146	-7.68169	203.627	0	
53.0151	-8.1428	199.206	0	
60.2618	-4.62881	223.088	0	
58.2185	-4.47573	226.992	0	
59.2828	-4.10661	222.9	0	
59.1912	-2.87876	218.105	0	
53.8659	-7.03694	219.525	0	
54.9335	-6.29176	227.458	0	
54.4325	-8.05991	201.825	0	
53.2274	-7.26448	213.497	0	
54.2498	-8.70937	188.258	0	
55.3964	-7.44611	215.849	0	
54.892	-9.22864	170.42	0	
55.1496	-8.09544	195.892	0	
54.9617	-10.3377	157.823	0	
56.0025	-11.0047	127.628	0	
-101.354	-0.422952	175.414	0	
-100.622	-0.368067	176.405	0	
-100.938	-0.183316	174.26	0	
-100.305	-0.920708	175.644	0	
-99.0647	-0.674876	171.024	0	
-101.833	-1.06999	177.965	0	
-100.969	-1.39202	175.098	0	
-100.235	-1.33729	174.557	0	
-99.3498	-0.57368	170.835	0	
-98.833	-0.554896	171.235	0	
-99.9975	-0.362392	174.374	0	
-98.967	-1.22734	173.936	0	
-98.8057	-0.276058	170.107	0	
-99.5535	-1.06634	173.017	0	
-99.0625	-0.130542	169.943	0	
-99.375	-0.308184	169.659	0	
-98.5205	-0.725951	172.271	0	
-98.2849	-0.447114	172.83	0	
-99.6577	-0.812463	173.036	0	
-99.1688	-0.97585	172.356	0	
-99.0752	-1.73704	175.274	0	
-98.1432	-1.67001	174.755	0	
-131.354	-0.348783	221.09	0	
-130.622	-0.368067	221.924	0	
-130.938	-0.183316	224.834	0	
-130.185	-0.962162	215.925	0	
-129.768	-0.748936	219.96	0	
-131.428	-1.42185	215.398	0	
-130.943	-0.916578	218.273	0	
-94.599	-0.53519	170.835	0	
-93.9667	-1.03853	171.085	0	
-95.5365	-0.783538	172.205	0	
-94.131	-0.553653	170.608	0	
-95.2046	-1.09072	173.603	0	
-95.7263	-1.81524	176.89	0	
-95.224	-0.233592	174.246	0	
-94.3996	-1.64353	175.398	0	
-96.2849	-0.382247	171.446	0	
-95.9375	-0.183316	170.794	0	
-96.7518	-1.92265	176.929	0	
-95.9426	-0.916578	172.912	0	
-96.4546	-2.46139	182.713	0	
-95.8457	-2.41887	179.596	0	
-95.2434	-2.97021	189.426	0	
-94.8514	-1.94325	176.017	0	
-89.0625	-0.183316	172.11	0	
-88.6458	-0.484914	173.364	0	
-90.1469	-1.1471	174.52	0	
-89.375	-0.83059	173.405	0	
-88.8542	-0.91643	173.379	0	
-83.4375	-0.215758	176.948	0	
-82.7453	-0.910268	179.199	0	
-82.631	-1.26208	180.239	0	
-81.5269	-1.51259	181.379	0	
-83.6458	-1.01391	178.569	0	
-83.125	-0.396018	177.896	0	
-83.125	-0.827535	177.93	0	
-82.9224	-1.71703	180.094	0	
-82.2144	-1.49872	180.605	0	
-83.5575	-1.55159	179.339	0	
-83.3784	-2.79047	186.825	0	
-82.8715	-2.57758	185.968	0	
-82.0851	-2.45009	185.447	0	
-81.912	-1.19851	181.414	0	
-81.912	-0.530357	180.571	0	
-81.0099	-0.863792	181.377	0	
-80.5225	-0.881803	181.303	0	
-80.9057	-0.20041	180.511	0	
-80.2078	-1.17126	183.032	0	
-78.9784	-0.747204	183.712	0	
-80.3128	-1.59547	183.121	0	
-80.5225	-0.450286	181.785	0	
-79.5327	-0.816624	183.313	0	
-79.707	-1.15138	183.943	0	
-79.4652	-1.56965	183.735	0	
-80.7279	-1.71817	183.239	0	
-80.3088	-2.44701	187.185	0	
-79.0049	-1.69967	185.037	0	
-78.125	-0.721791	183.686	0	
-81.1102	-1.27595	181.77	0	
-81.7088	-2.54053	186.776	0	
-80.0525	-3.00315	189.234	0	
-79.4782	-3.06835	191.507	0	
-79.3877	-2.50627	186.639	0	
-77.9513	-1.93509	184.915	0	
-81.383	-3.1225	192.079	0	
-81.0451	-2.37704	186.739	0	
-79.0276	-3.63394	192.383	0	
-78.3175	-3.16022	190.748	0	
-77.1759	-1.29981	185.526	0	
-76.0995	-2.71056	186.859	0	
-75.5394	-3.33916	203.432	0	
-74.1182	-3.1353	193.678	0	
-91.25	-0.36376	172.917	0	
-90.6239	-0.368884	173.444	0	
-90.9375	-0.183316	172.311	0	
-89.9989	-0.401327	174.345	0	
-90.3114	-0.185568	173.269	0	
-92.1875	-0.180456	171.753	0	
-91.875	-0.360901	173.261	0	
-91.5652	-1.28335	174.595	0	
-90.9375	-0.913707	174.08	0	
-92.5334	-0.380108	174.989	0	
-91.5625	-0.180445	171.81	0	
-92.5364	-0.742721	172.055	0	
-92.1905	-0.903958	174.301	0	
-91.2465	-1.88463	177.076	0	
-93.506	-0.252055	168.778	0	
-93.9226	-0.252055	168.725	0	
-92.82	-2.06779	178.218	0	
-91.5969	-2.06434	178.746	0	
-90.6784	-2.62222	182.345	0	
-90.8752	-2.12441	180.206	0	
-92.8488	-0.993781	174.327	0	
-92.264	-1.30046	174.447	0	
-92.3252	-2.11605	179.749	0	
-92.0361	-3.26944	189.221	0	
-89.9821	-2.75857	186.895	0	
-89.5602	-1.88908	178.175	0	
-92.9904	-1.70934	176.543	0	
-91.6951	-2.83371	184.836	0	
-91.6434	-4.0201	205.114	0	
-91.0743	-2.9351	189.627	0	
-89.9208	-2.25605	178.775	0	
-89.7303	-1.21198	175.166	0	
-93.4818	-1.61726	174.215	0	
-93.9348	-2.32299	178.542	0	
-92.6135	-2.71528	183.053	0	
-92.0726	-3.72546	197.32	0	
-92.5053	-3.11756	190.061	0	
-92.8848	-3.46142	191.239	0	
-93.4521	-3.22314	187.997	0	
-93.6052	-4.65548	213.341	0	
-93.2268	-0.883223	170.603	0	
-92.8459	-0.199652	170.338	0	
-93.2268	-0.451707	173.869	0	
-93.8985	-1.8539	178.138	0	
-93.55	-1.16845	174.162	0	
-94.5346	-2.40672	183.01	0	
-93.9378	-3.47901	193.708	0	
-92.4183	-4.99709	223.976	0	
-90.3235	-4.74405	208.496	0	
-94.674	-6.30828	259.715	0	
-92.9139	-4.45039	210.114	0	
-15.625	-0.240555	221.457	0	
-14.375	-0.360901	207.51	0	
-14.6875	-0.180445	207.02	0	
-14.0624	-0.902258	207.896	0	
-13.1174	-0.734678	214.208	0	
-16.4499	-0.506736	213.88	0	
-14.7083	-0.914235	207.733	0	
-14.0625	-1.27911	208.098	0	
-13.1174	-0.368047	212.266	0	
-15.448	-1.06781	208.019	0	
-14.3902	-1.83986	203.997	0	
-14.7096	-1.2764	207.612	0	
-13.741	-1.88478	204.674	0	
-12.8049	-0.187647	218.133	0	
-13.75	-0.360855	210.262	0	
-15.8431	-1.03246	212.284	0	
-16.0679	-1.37074	206.477	0	
-15.1367	-1.36986	206.214	0	
-15.1246	-1.7112	204.512	0	
-13.1808	-2.62471	198.446	0	
-13.3749	-2.12843	200.052	0	
-12.8011	-0.928997	208.403	0	
-11.7655	-0.87239	206.964	0	
-16.4741	-1.3479	208.149	0	
-14.7114	-1.99678	201.774	0	
-15.1274	-2.68138	197.228	0	
-12.5179	-2.32426	199.598	0	
-12.662	-1.37309	207.571	0	
-12.9638	-1.56932	204.514	0	
-11.7655	-0.440874	205.32	0	
-13.7499	-0.721768	212.095	0	
-13.4375	-0.907943	209.213	0	
-16.8673	-0.169187	209.784	0	
-17.3388	-0.461697	210.771	0	
-16.7169	-1.68444	203.881	0	
-16.4913	-2.07434	202.361	0	
-15.3996	-2.39357	199.12	0	
-14.7506	-2.41015	198.484	0	
-14.1236	-3.99863	190.311	0	
-13.5832	-2.91972	193.071	0	
-12.6645	-2.75975	195.959	0	
-11.9185	-1.76469	203.193	0	
-11.453	-0.268621	206.279	0	
-12.4924	-0.3599	208.708	0	
-16.0408	-2.0684	200.959	0	
-16.0085	-2.90411	196.31	0	
-15.1316	-3.15748	194.664	0	
-14.4655	-2.79189	196.199	0	
-18.2029	-0.208685	214.604	0	
-17.1264	-1.63047	205.5	0	
-17.3557	-1.24889	207.47	0	
-17.354	-2.02366	202.034	0	
-16.4511	-2.80959	197.857	0	
-15.7902	-2.50075	199.437	0	
-12.2763	-3.20729	193.488	0	
-10.9703	-1.81226	202.206	0	
-12.0326	-2.22472	199.738	0	
-11.657	-3.15639	193.303	0	
-11.387	-1.57563	204.907	0	
-10.2168	-1.8833	202.684	0	
-12.1837	-0.978487	207.038	0	
-15.866	-3.49388	194.251	0	
-14.6647	-3.70816	192.376	0	
-17.7819	-1.26247	208.009	0	
-17.7369	-2.01773	202.827	0	
-18.0431	-2.48291	198.855	0	
-17.8587	-2.97869	198.818	0	
-16.909	-3.15212	196.789	0	
-16.2377	-4.03497	194.737	0	
-12.6757	-3.79652	188.748	0	
-11.0292	-2.38592	198.965	0	
-15.1978	-4.02336	193.114	0	
-15.4523	-3.61269	193.565	0	
-18.0588	-0.946291	210.613	0	
-18.4296	-1.21942	206.984	0	
-17.841	-0.501195	212.731	0	
-18.7287	-0.422041	208.68	0	
-19.2663	-1.77871	204.122	0	
-18.6932	-3.28557	200.041	0	
-18.53	-2.01824	201.508	0	
-18.4199	-2.44264	201.193	0	
-17.8819	-3.98045	199.624	0	
-16.8381	-3.78773	194.452	0	
-19.6875	-0.178164	208.732	0	
-19.38	-0.39152	207.345	0	
-19.8874	-1.40876	206.033	0	
-18.7691	-2.74074	198.734	0	
-19.0374	-2.13164	200.973	0	
-19.1692	-2.53226	200.946	0	
-19.7106	-2.81504	198.552	0	
-19.7521	-3.47712	201.085	0	
-20.0025	-0.36006	208.066	0	
-19.0675	-0.213356	210.679	0	
-19.38	-0.823036	209.735	0	
-20.9425	-0.186182	212.238	0	
-20.6325	-0.368079	210.458	0	
-20.3041	-1.34388	206.515	0	
-19.6855	-0.97171	206.918	0	
-21.9495	-1.48817	202.036	0	
-20.315	-0.181896	213.459	0	
-21.5556	-0.198376	210.47	0	
-20.935	-1.29687	206.611	0	
-20.6238	-2.43895	200.249	0	
-21.8537	-0.73971	209.011	0	
-21.5557	-0.928759	206.093	0	
-21.5707	-1.29187	206.458	0	
-20.6159	-1.5426	205.062	0	
-21.9836	-1.88691	203.54	0	
-21.2556	-1.49173	203.733	0	
-21.261	-1.87875	204.104	0	
-21.2482	-0.384558	209.411	0	
-21.8537	-0.378821	206.378	0	
-22.173	-0.180445	207.81	0	
-23.3333	-0.266215	210.508	0	
-22.1798	-0.896622	204.296	0	
-22.4963	-1.99357	198.922	0	
-23.5907	-0.868463	208.214	0	
-22.6456	-1.38826	202.696	0	
-22.5964	-0.801948	207.365	0	
-22.8918	-1.08869	204.418	0	
-22.3834	-2.91154	196.84	0	
-22.8893	-2.46204	199.746	0	
-23.2818	-1.13228	203.407	0	
-22.8472	-1.70113	202.179	0	
-23.6105	-0.469582	204.654	0	
-24.8179	-1.40029	202.489	0	
-24.3397	-0.753314	207.844	0	
-24.0073	-0.968879	202.952	0	
-24.1544	-2.69863	198.763	0	
-23.66	-1.76115	199.515	0	
-25.0336	-0.382852	202.41	0	
-24.0272	-0.203367	209.293	0	
-24.6875	-0.183316	207.676	0	
-26.0104	-0.250939	206.545	0	
-25.7315	-0.450476	204.183	0	
-25.2346	-1.46517	201.136	0	
-24.6926	-0.916578	202.368	0	
-25.9811	-1.71498	200.787	0	
-24.6538	-2.3314	199.873	0	
-21.6345	-4.04	202.646	0	
-21.062	-2.94139	198.473	0	
-26.875	-0.153405	205.85	0	
-25.3461	-0.199537	206.408	0	
-26.3978	-1.95162	198.87	0	
-27.3177	-0.406896	201.354	0	
-26.8769	-1.13932	200.685	0	
-26.0436	-1.17375	201.768	0	
-26.4603	-0.895635	204.539	0	
-28.4375	-0.215758	201.99	0	
-27.703	-1.17963	199.144	0	
-27.2317	-2.47385	197.558	0	
-25.2551	-2.42945	198.78	0	
-29.3739	-0.735515	199.571	0	
-27.7343	-0.253491	202.272	0	
-28.7602	-0.777114	200.623	0	
-28.4617	-1.40863	198.423	0	
-26.8769	-1.65407	200.377	0	
-28.4382	-2.53844	196.597	0	
-27.7464	-2.85844	198.801	0	
-11.1816	-3.69734	191.259	0	
-9.11862	-3.25489	194.512	0	
-17.224	-4.9794	201.05	0	
-13.9541	-6.35864	195.554	0	
-25.5821	-4.25403	218.176	0	
-26.1763	-3.02792	201.697	0	
-29.0066	-2.8676	200.152	0	
-29.0405	-3.55767	200.341	0	
-14.8564	-5.2129	193.087	0	
-12.5924	-5.18955	186.361	0	
-11.6673	-5.88366	188.725	0	
-11.4777	-4.35487	187.131	0	
-18.9839	-4.58799	204.696	0	
-17.9098	-5.24221	206.81	0	
-19.589	-5.90273	226.071	0	
-18.2501	-6.15695	221.346	0	
-17.6366	-6.85097	224.983	0	
-16.5321	-5.45056	204.51	0	
-24.2475	-3.60406	204.355	0	
-22.9167	-0.266215	210.027	0	
-22.4857	-3.57377	204.46	0	
-21.7113	-4.72508	217.852	0	
-20.3273	-4.78005	213.924	0	
-10.3198	-2.27427	198.166	0	
-10.1352	-2.97088	194.058	0	
-30.3302	-3.33574	202.776	0	
-28.8686	-5.2275	242.239	0	
-25.4749	-2.93056	202.018	0	
-23.5269	-6.13682	253.451	0	
-75.3125	-0.183316	186.3	0	
-76.8739	-0.735515	186.314	0	
-76.1458	-1.01391	187.154	0	
-75.625	-0.83059	186.3	0	
-74.7917	-1.33931	187.628	0	
-75.1042	-0.854468	186.823	0	
-73.4751	-1.0645	187.788	0	
7.50716	-0.731718	171.353	0	
9.4098	-1.27135	176.157	0	
9.79352	-1.88048	182.907	0	
9.62307	-0.548463	170.84	0	
10.2112	-1.16326	176.021	0	
9.66921	-2.41176	186.071	0	
10.5357	-2.3182	184.567	0	
10.5257	-0.877314	168.959	0	
9.8314	-0.246865	164.427	0	
9.07139	-2.57717	189.325	0	
9.88633	-3.57217	197.131	0	
10.9572	-2.45622	187.532	0	
11.3672	-1.82718	180.797	0	
10.9505	-1.59054	175.765	0	
10.2481	-0.246865	169.662	0	
11.0549	-2.92935	190.911	0	
11.8729	-3.0159	191.204	0	
12.3176	-1.73877	180.852	0	
10.9395	-1.11538	173.88	0	
10.7036	-3.24132	195.064	0	
10.9026	-0.198932	165.53	0	
11.052	-4.00343	199.893	0	
12.349	-3.286	195.07	0	
12.7343	-1.43724	176.591	0	
12.7193	-0.938523	175.002	0	
11.8926	-0.408971	166.805	0	
11.266	-0.914448	167.307	0	
12.4104	-0.750278	169.386	0	
10.156	-3.11026	193.426	0	
9.45726	-3.72399	199.309	0	
9.34863	-4.47683	200.902	0	
10.2416	-3.99924	199.362	0	
8.69789	-4.43342	201.754	0	
10.7105	-5.78474	204.054	0	
9.452	-5.95763	202.466	0	
11.4736	-4.86542	203.215	0	
11.0264	-4.54038	200.484	0	
11.8651	-4.67834	200.615	0	
10.5572	-4.79089	202.983	0	
9.70021	-5.4102	202.981	0	
12.3108	-4.98816	203.191	0	
12.9065	-3.91557	198.254	0	
12.3579	-3.84874	197.185	0	
13.137	-4.37657	200.547	0	
13.8437	-4.36262	199.677	0	
14.1949	-3.83282	198.977	0	
12.8568	-2.58664	187.744	0	
13.5719	-2.08381	183.718	0	
11.7549	-6.99627	201.039	0	
10.3308	-5.32537	202.773	0	
12.4108	-5.67916	202.704	0	
13.2993	-5.32107	202.85	0	
11.3842	-5.5753	202.698	0	
11.8757	-6.07921	203.441	0	
13.2467	-6.71494	201.93	0	
14.0295	-4.85352	202.195	0	
13.7857	-5.37206	202.736	0	
14.5792	-4.93949	202.629	0	
15.136	-3.44933	196.379	0	
14.8514	-2.16645	184.692	0	
9.80884	-6.48984	201.846	0	
10.4368	-6.40177	201.684	0	
14.3128	-5.82933	203.568	0	
14.9215	-4.52367	200.798	0	
9.61711	-7.30188	197.559	0	
12.5522	-7.39857	201.176	0	
14.8144	-5.5102	202.456	0	
15.7299	-5.11482	201.84	0	
15.486	-4.58726	201.601	0	
15.4005	-5.62193	203.876	0	
8.05774	-1.64806	179.008	0	
7.95028	-2.65778	189.625	0	
15.9702	-4.15485	199.483	0	
16.3178	-2.61532	190.722	0	
8.71168	-7.52286	199.121	0	
8.32105	-8.60811	190.752	0	
10.3834	-7.77626	198.886	0	
11.9146	-10.8378	181.881	0	
17.9652	-4.20964	201.513	0	
16.3645	-3.19136	194.369	0	
14.968	-6.99302	203.952	0	
17.7686	-5.56239	203.701	0	
18.1519	-3.18397	195.932	0	
17.1103	-3.39702	197.326	0	
17.0278	-7.86402	203.404	0	
18.3012	-6.50471	204.361	0	
-70	-0.36376	190.435	0	
-69.3725	-0.368067	190.184	0	
-69.6875	-0.183316	190.586	0	
-69.0553	-0.920708	190.258	0	
-68.0465	-0.887752	190.112	0	
-70.9375	-0.180456	189.332	0	
-70.625	-0.360901	189.253	0	
-70.3152	-1.28335	190.37	0	
-69.6875	-0.913707	190.219	0	
-68.998	-1.41957	191.374	0	
-68.0465	-0.456235	190.929	0	
-71.875	-0.240517	189.681	0	
-70.3125	-0.180445	189.434	0	
-71.0043	-1.2956	190.207	0	
-70.6901	-1.49081	190.193	0	
-69.9965	-1.88463	190.731	0	
-67.734	-0.278594	190.264	0	
-68.7475	-0.362392	190.242	0	
-73.8542	-0.455394	186.769	0	
-71.421	-1.60286	190.018	0	
-70.942	-0.904829	189.491	0	
-71.4412	-2.01013	191.191	0	
-69.5173	-2.00954	193.833	0	
-69.3035	-1.61967	190.083	0	
-71.3587	-0.784456	189.568	0	
-71.8168	-1.05834	189.644	0	
-71.0486	-2.08993	191.612	0	
-70.9881	-2.48451	193.101	0	
-72.2247	-2.3593	190.725	0	
-70.4521	-2.83324	194.938	0	
-70.3983	-4.01577	212.457	0	
-69.8252	-2.93467	198.909	0	
-72.5397	-4.09024	208.138	0	
-70.7932	-3.26943	198.444	0	
-71.4535	-2.75042	193.636	0	
-70.8235	-3.72549	203.218	0	
-71.3585	-3.17237	198.708	0	
-71.6712	-3.51605	199.68	0	
-72.2666	-3.55184	202.088	0	
-72.2131	-4.5526	214.607	0	
-67.7154	-1.22717	191.477	0	
-67.3173	-0.5122	191.233	0	
-68.4329	-0.978483	190.915	0	
-67.7985	-1.68993	190.836	0	
-66.871	-1.70933	191.208	0	
-72.6812	-3.15903	195.779	0	
-73.2581	-3.30825	197.746	0	
-72.7857	-5.10072	221.817	0	
-69.7609	-5.16686	234.622	0	
-73.5444	-2.49046	190.948	0	
-74.1322	-3.97865	205.253	0	
-71.15	-4.96066	227.989	0	
-69.0663	-4.76195	214.406	0	
-73.2001	-4.26705	209.868	0	
-73.6007	-6.95389	270.333	0	
-75.3753	-4.98138	219.818	0	
-73.4578	-4.89616	224.069	0	
-75.4332	-6.05409	246.899	0	
-74.2135	-7.16423	272.964	0	
-74.1426	-5.16007	221.176	0	
-74.6498	-6.38556	251.755	0	
-71.2539	-6.0299	246.786	0	
-70.5475	-6.67355	265.256	0	
-73.5809	-6.21663	247.91	0	
-74.2213	-5.84117	245.833	0	
-74.5805	-8.15068	322.621	0	
-73.6989	-8.94149	328.873	0	
-2.49284	-0.731718	186.424	0	
-0.643234	-1.30346	188.962	0	
-0.0999331	-1.98015	191.106	0	
-0.376931	-0.548463	188.855	0	
0.211176	-1.16326	186.195	0	
-2.46335	-3.37856	194.436	0	
0.0171052	-3.09769	195.612	0	
0.525717	-0.877314	177.892	0	
-0.168598	-0.246865	181.504	0	
1.2101	-0.748879	177.16	0	
0.694315	-0.198932	173.013	0	
-1.37816	-4.61209	195.932	0	
-0.363018	-2.48035	192.809	0	
-0.465137	-4.35287	194.428	0	
2.09971	-3.58722	194.503	0	
-40.8333	-0.240555	189.434	0	
-39.375	-0.360901	193.6	0	
-39.6875	-0.180445	192.966	0	
-39.0624	-0.902258	192.237	0	
-38.1174	-0.734678	191.403	0	
-43.3333	-0.233607	184.662	0	
-39.7083	-0.914235	191.241	0	
-39.0625	-1.27911	191.29	0	
-38.1174	-0.368047	191.785	0	
-40.448	-1.06781	190.217	0	
-39.3902	-1.83986	191.147	0	
-39.7096	-1.2764	190.331	0	
-38.741	-1.88478	191.235	0	
-37.8049	-0.187647	189.999	0	
-38.75	-0.360855	192.818	0	
-40.8431	-1.03246	189.898	0	
-41.0679	-1.37074	190.484	0	
-40.1367	-1.36986	190.099	0	
-40.1246	-1.7112	190.208	0	
-38.1808	-2.62471	193.783	0	
-38.3749	-2.12843	192.68	0	
-37.8011	-0.928997	192.473	0	
-36.7655	-0.87239	195.033	0	
-41.4741	-1.3479	189.955	0	
-39.7114	-1.99678	191.109	0	
-40.1274	-2.68138	193.171	0	
-37.5179	-2.32426	193.323	0	
-37.662	-1.37309	192.045	0	
-37.9638	-1.56932	191.778	0	
-36.7655	-0.440874	195.368	0	
-38.7499	-0.721768	191.95	0	
-38.4375	-0.907943	192.018	0	
-42.1875	-0.215758	191.784	0	
-41.1451	-0.747092	190.062	0	
-41.7169	-1.68444	191.206	0	
-41.4913	-2.07434	190.727	0	
-40.3996	-2.39357	193.266	0	
-39.7506	-2.41015	193.654	0	
-39.2045	-4.17046	209.846	0	
-38.5832	-2.91972	197.916	0	
-37.6645	-2.75975	194.557	0	
-36.9185	-1.76469	192.827	0	
-36.453	-0.268621	196.276	0	
-37.4924	-0.3599	193.679	0	
-41.0408	-2.0684	191.942	0	
-41.0085	-2.90411	196.732	0	
-40.1316	-3.15748	200.786	0	
-39.4655	-2.79189	195.121	0	
-42.6188	-0.973484	187.289	0	
-41.875	-0.384747	192.407	0	
-41.875	-0.816264	190.529	0	
-42.1317	-1.62973	189.687	0	
-42.3593	-2.02292	192.178	0	
-41.4511	-2.80959	194.567	0	
-40.7902	-2.50075	191.849	0	
-37.9532	-4.34098	214.445	0	
-35.9703	-1.81226	193.128	0	
-37.0326	-2.22472	192.761	0	
-36.6135	-3.20737	197.447	0	
-36.387	-1.57563	192.794	0	
-35.2167	-1.88333	192.592	0	
-37.1837	-0.978487	193.535	0	
-40.8646	-3.49337	204.116	0	
-39.6647	-3.70816	208.964	0	
-43.9627	-1.22686	189.021	0	
-42.7422	-2.01698	191.042	0	
-42.2021	-1.17139	190.354	0	
-43.1195	-1.27208	188.916	0	
-42.9726	-2.3978	193.734	0	
-42.7469	-2.79113	194.915	0	
-42.2935	-2.80286	196.868	0	
-41.2344	-4.03185	209.7	0	
-35.2152	-5.14189	249.733	0	
-35.7112	-3.42522	202.863	0	
-40.1964	-4.02285	210.776	0	
-40.4509	-3.61218	203.734	0	
-43.3933	-2.32659	192.607	0	
-43.6155	-2.71337	196.104	0	
-43.1067	-3.82007	210.719	0	
-41.8676	-3.04967	197.877	0	
-43.5447	-1.93601	191.822	0	
-44.0107	-1.94194	191.073	0	
-44.2114	-3.13738	198.981	0	
-43.9861	-3.52477	205.574	0	
-42.4099	-4.54423	220.342	0	
-41.8108	-3.99547	208.753	0	
-43.1195	-1.70663	189.705	0	
-43.546	-1.02895	187.679	0	
-44.6547	-1.61656	189.892	0	
-44.8904	-2.02334	192.138	0	
-44.6415	-2.92074	199.477	0	
-45.0564	-3.62485	206.615	0	
-43.9462	-4.26327	217.335	0	
-43.0908	-4.29863	215.147	0	
-43.5662	-0.514592	188.536	0	
-44.4211	-0.187716	190.978	0	
-44.7157	-0.857765	188.458	0	
-45.8118	-0.598602	187.071	0	
-45.4962	-2.41139	193.722	0	
-45.0582	-3.14579	199.951	0	
-45.4865	-3.82973	210.58	0	
-45.2622	-4.2348	216.22	0	
-44.8012	-4.27903	215.647	0	
-43.9405	-5.03773	230.46	0	
-44.2372	-0.900218	189.329	0	
-44.0289	-0.468702	187.488	0	
-44.9	-1.18101	190.136	0	
-46.2903	-0.55461	187.776	0	
-45.9171	-2.31254	193.497	0	
-46.3758	-3.02754	200.388	0	
-45.9513	-3.71832	209.18	0	
-46.1689	-4.09722	216.35	0	
-45.9591	-3.25259	201.099	0	
-46.9387	-3.29946	201.569	0	
-46.6798	-4.68897	225.258	0	
-45.8896	-4.49138	219.638	0	
-47.4143	-4.25358	217.961	0	
-46.0227	-4.86279	229.033	0	
-46.5815	-5.4455	243.299	0	
-43.5141	-5.02797	230.201	0	
-46.2851	-5.92666	249.053	0	
-45.3504	-6.3423	258.534	0	
-45.2399	-5.3151	236.376	0	
-44.1653	-4.58924	222.73	0	
-44.7278	-4.94061	230.255	0	
-44.8565	-5.68456	243.253	0	
-45.1532	-4.91068	230.674	0	
-44.8649	-6.11309	255.245	0	
-44.5714	-5.36339	238.753	0	
-43.1702	-6.05336	254.405	0	
-44.0988	-6.01285	255.396	0	
-44.1799	-5.46298	239.758	0	
-45.5029	-0.238532	184.509	0	
-45.4172	-1.10956	187.672	0	
-45.9655	-1.76767	190.463	0	
-46.7643	-1.84505	191.079	0	
-48.7582	-5.01073	231.046	0	
-47.9225	-5.36482	236.353	0	
-45.7694	-5.89205	249.835	0	
-42.6571	-8.20204	305.773	0	
-47.1794	-1.60252	190.568	0	
-47.6021	-2.19515	193.026	0	
-48.2608	-4.85092	224.971	0	
-47.7837	-5.88013	250.456	0	
-47.2265	-5.999	249.145	0	
-45.4706	-7.43669	289.26	0	
-45.6644	-6.92211	276.032	0	
-45.3898	-8.52104	324.602	0	
-47.291	-1.17966	188.975	0	
-47.6705	-0.403308	187.138	0	
-48.5154	-2.48234	194.244	0	
-46.9581	-3.83352	212.975	0	
-49.1022	-5.78325	242.737	0	
-48.0075	-6.25657	257.389	0	
-47.6243	-6.98288	272.069	0	
-46.9633	-6.37272	262.025	0	
-46.9924	-0.877281	189.484	0	
-47.9883	-0.779069	185.965	0	
-47.8172	-1.1239	188.815	0	
-49.9928	-0.731718	186.391	0	
-48.7101	-2.93433	200.151	0	
-48.1722	-3.20381	201.988	0	
-47.8052	-2.93656	198.099	0	
-47.9406	-4.16085	217.216	0	
-48.2056	-7.43403	287.814	0	
-48.5465	-8.84265	322.255	0	
-47.1373	-6.98016	273.266	0	
-46.5453	-7.99478	304.527	0	
-46.4987	-0.986127	189.04	0	
-46.8148	-0.19454	192.352	0	
-48.1179	-0.152084	182.921	0	
-48.6387	-0.332527	183.482	0	
-49.1159	-3.17013	203.598	0	
-48.2304	-3.655	207.91	0	
-45.9043	-8.11488	294.446	0	
-46.2669	-6.9754	276.652	0	
-49.6352	-3.02023	200.385	0	
-49.7621	-3.85418	209.104	0	
-35.7356	-4.41946	211.373	0	
-40.4167	-0.240555	185.492	0	
-42.9167	-0.233607	182.447	0	
-34.0039	-2.60216	195.711	0	
-41.912	-5.47984	239.083	0	
-40.4183	-5.42378	242.633	0	
-42.0556	-6.1403	257.954	0	
-43.16	-5.42116	239.554	0	
-40.8894	-5.69604	248.455	0	
-41.3039	-5.2601	240.094	0	
-39.7877	-5.78542	245.303	0	
-39.2027	-5.45245	236.396	0	
-42.5594	-7.00118	283.615	0	
-39.0533	-7.83499	319.662	0	
-40.0887	-6.48032	276.665	0	
-40.0077	-7.48742	301.028	0	
-37.0379	-5.28933	244.656	0	
-38.5472	-3.81584	205.366	0	
-45.2783	-9.05017	325.446	0	
-44.9016	-7.51241	290.87	0	
-47.0027	-8.53547	310.669	0	
-45.5898	-10.4539	361.52	0	
-44.2885	-9.35171	350.159	0	
-43.8036	-8.93405	324.21	0	
-34.1727	-3.19961	198.154	0	
-34.7682	-3.36369	204.19	0	
-35.3199	-2.27496	194.09	0	
-35.1348	-2.97141	197.185	0	
-43.8892	-7.03911	283.025	0	
-44.2087	-8.36872	319.28	0	
-42.9066	-8.83551	341.537	0	
-43.7078	-7.68404	293.876	0	
-42.2142	-9.48985	349.126	0	
-40.9857	-8.24664	315.775	0	
-43.0532	-7.61588	301.246	0	
-41.7566	-7.79252	309.159	0	
-8.7836	-0.382852	203.059	0	
-8.12247	-0.368067	205.315	0	
-8.4375	-0.183316	203.79	0	
-7.7418	-1.44766	201.464	0	
-7.73337	-0.962924	201.967	0	
-9.76037	-0.250939	196.122	0	
-9.48147	-0.450476	202.832	0	
-8.98113	-1.47589	201.78	0	
-8.44255	-0.916578	203.07	0	
-5.78881	-1.67502	196.581	0	
-7.47592	-0.374251	201.042	0	
-9.80011	-1.64666	201.972	0	
-7.89425	-3.06434	194.686	0	
-6.9445	-0.957315	196.985	0	
-6.95761	-0.1895	191.236	0	
-6.86189	-1.43597	198.703	0	
-5.03697	-0.478752	202.175	0	
-10.163	-0.402598	215.928	0	
-9.0961	-0.199537	199.559	0	
-10.8649	-0.862957	209.973	0	
-10.611	-0.151659	212.14	0	
-10.2612	-1.18491	207.249	0	
-9.79362	-1.17375	203.956	0	
-10.4223	-0.845275	207.319	0	
-10.6627	-2.56674	197.812	0	
-9.4847	-2.35566	198.702	0	
-11.2956	-1.14281	205.863	0	
-10.5008	-1.60212	202.956	0	
-10.5449	-3.03314	193.883	0	
-10.0199	-2.56018	197.235	0	
-10.6723	-3.58339	190.775	0	
-9.62224	-4.64471	185.753	0	
-10.07	-3.89763	188.891	0	
-8.22749	-4.13323	189.228	0	
-8.25281	-1.71386	200.681	0	
-8.37219	-2.31748	198.447	0	
-7.3515	-2.26876	197.714	0	
-7.88755	-2.57086	196.733	0	
-6.42804	-3.53207	192.411	0	
-5.95175	-2.02411	196.536	0	
-8.49362	-3.46378	191.407	0	
-8.58681	-4.85192	185.126	0	
-6.82868	-4.19076	189.531	0	
-4.72365	-3.67842	193.042	0	
-8.02258	-5.76845	184.678	0	
-6.89781	-5.69115	183.896	0	
-32.099	-0.53519	196.364	0	
-31.467	-1.03873	196.757	0	
-33.0365	-0.783538	194.599	0	
-31.631	-0.553858	197.2	0	
-32.7046	-1.09072	193.169	0	
-33.2219	-1.82897	191.662	0	
-32.724	-0.233592	192.379	0	
-31.8998	-1.64353	194.15	0	
-33.7836	-0.382852	195.742	0	
-33.4375	-0.183316	196.295	0	
-34.7604	-0.250939	201.796	0	
-34.4815	-0.450476	195.799	0	
-34.1012	-0.997684	194.599	0	
-33.9811	-1.47589	193.879	0	
-34.8001	-1.64669	193.445	0	
-33.3413	-2.4326	194.217	0	
-32.9049	-2.90733	198.342	0	
-32.3514	-1.94325	193.211	0	
-35.163	-0.402598	189.074	0	
-34.0961	-0.199537	199.436	0	
-35.8649	-0.862957	193.135	0	
-35.611	-0.151659	192.657	0	
-35.2612	-1.18491	192.495	0	
-34.7936	-1.17375	193.664	0	
-35.4223	-0.845275	194.681	0	
-35.6626	-2.56956	194.826	0	
-34.4847	-2.35579	193.797	0	
-36.2956	-1.14281	193.747	0	
-35.5008	-1.60212	193.268	0	
-35.5441	-3.03574	198.029	0	
-35.02	-2.56096	194.98	0	
-36.1778	-3.5882	203.54	0	
-34.8976	-3.90929	204.749	0	
-36.2543	-4.21702	215.07	0	
-35.4312	-3.9065	212.431	0	
-34.5161	-5.13107	227.061	0	
-32.6397	-4.72513	222.498	0	
-36.7473	-4.56575	214.852	0	
-36.468	-6.30965	273.065	0	
-33.695	-3.63897	205.16	0	
-31.8422	-3.59282	200.431	0	
-33.5752	-6.33083	276.699	0	
-33.0898	-3.51626	201.899	0	
-37.2904	-3.98567	210.627	0	
-37.863	-5.29465	228.546	0	
-30.8864	-3.29638	199.526	0	
-30.5161	-2.46132	195.493	0	
-31.8823	-5.89307	251.896	0	
-32.4875	-3.95847	214.556	0	
-33.8958	-4.3052	215.617	0	
-33.4429	-4.94916	226.804	0	
-77.5	-0.36376	185.326	0	
-76.8739	-0.368884	186.047	0	
-77.1875	-0.183316	186.462	0	
-76.2489	-0.401327	186.773	0	
-76.5614	-0.185568	186.22	0	
-78.4375	-0.180456	183.238	0	
-78.125	-0.360901	183.248	0	
-77.8152	-1.28335	184.65	0	
-77.1875	-0.913707	185.444	0	
-78.8542	-0.33557	183.331	0	
-77.8125	-0.180445	183.322	0	
-78.5618	-0.95298	183.839	0	
-78.1542	-1.53947	184.78	0	
-77.4965	-1.88463	185.893	0	
-77.0199	-2.0266	186.033	0	
-76.8062	-1.63672	186.846	0	
-51.2739	-0.523768	183.995	0	
-50.6225	-0.368067	186.09	0	
-50.9375	-0.183316	185.808	0	
-50.3053	-0.920708	187.309	0	
-48.9636	-0.987721	185.602	0	
-50.2137	-1.3984	188.235	0	
-49.375	-0.358085	185.922	0	
-49.0625	-0.180444	186.158	0	
-49.9975	-0.362392	187.129	0	
-49.6829	-0.978483	186.961	0	
-49.375	-0.789602	186.675	0	
-48.5399	-0.708288	185.899	0	
-30.0336	-0.382852	195.557	0	
-29.3739	-0.368884	199.197	0	
-29.6875	-0.183316	200.079	0	
-28.7489	-0.401327	201.021	0	
-29.0614	-0.185568	201.301	0	
-31.006	-0.25226	199.005	0	
-31.4227	-0.25226	198.813	0	
-30.1093	-1.7017	194.509	0	
-29.6926	-0.916578	196.697	0	
-31.0133	-1.67095	194.702	0	
-29.5362	-2.5399	194.735	0	
-30.1117	-1.34328	195.755	0	
-29.5386	-2.01781	195.931	0	
-28.8211	-1.89667	196.657	0	
-28.4487	-1.02306	199.331	0	
-28.4573	-2.08702	197.919	0	
-28.1947	-1.77091	196.941	0	
-29.0776	-1.29014	197.641	0	
-28.7781	-1.52483	197.093	0	
-30.7271	-0.883313	197.769	0	
-30.3461	-0.199537	197.794	0	
-30.7271	-0.451797	195.657	0	
-31.4213	-2.45059	194.557	0	
-31.0503	-1.16865	194.978	0	
-30.9657	-2.76415	197.035	0	
-30.555	-1.91113	193.724	0	
-31.2757	-3.72714	210.084	0	
-30.068	-2.77399	197.347	0	
-31.0753	-4.42287	218.668	0	
-29.8323	-3.79171	210.565	0	
-31.794	-5.05521	237.681	0	
-31.1318	-6.12307	270.653	0	
-72.8125	-0.183316	188.317	0	
-72.3958	-0.423833	189.723	0	
-73.8918	-0.872622	187.992	0	
-73.125	-0.83059	188.412	0	
-72.7499	-1.06917	189.024	0	
-74.2043	-1.32502	187.208	0	
-73.1228	-2.26802	190.506	0	
-73.9251	-1.75947	188.153	0	
-73.9611	-2.24195	190.45	0	
-72.6414	-2.60781	192.701	0	
-71.8168	-1.48597	189.688	0	
-74.7602	-2.68332	191.777	0	
-73.6399	-2.97947	194.265	0	
-72.3332	-0.878169	189.223	0	
-72.7144	-1.56312	189.057	0	
-74.302	-2.64036	190.56	0	
-74.8721	-3.34443	191.771	0	
105.38	-0.549836	178.288	0	
106.551	-1.05211	177.258	0	
104.062	-0.215758	173.408	0	
105.833	-0.301598	170.651	0	
104.79	-1.16738	179.233	0	
103.126	-0.735515	171.093	0	
104.755	-0.248238	176.615	0	
103.603	-1.1471	173.912	0	
103.254	-1.93261	180.76	0	
105.452	-1.45738	180.175	0	
105.2	-3.56046	187.566	0	
104.943	-2.22971	184.31	0	
87.4664	-0.382852	203.681	0	
88.1275	-0.368067	197.694	0	
87.8125	-0.183316	195.545	0	
88.5082	-1.44766	199.836	0	
88.5166	-0.962924	200.189	0	
86.494	-0.25226	220.738	0	
86.0773	-0.25226	208.997	0	
87.2689	-1.47589	205.276	0	
87.8074	-0.916578	202.382	0	
89.9067	-1.69852	197.329	0	
88.7741	-0.374251	201.147	0	
86.5077	-1.68983	206.572	0	
88.3558	-3.06434	197.259	0	
89.3055	-0.957315	200.531	0	
89.2924	-0.1895	208.077	0	
89.3881	-1.43597	199.049	0	
90.3542	-0.95376	193.822	0	
86.7729	-0.883313	214.061	0	
87.1539	-0.199537	219.651	0	
86.7729	-0.451797	207.424	0	
86.0911	-1.92647	202.913	0	
86.4497	-1.16865	204.717	0	
85.9616	-2.49644	199.597	0	
87.2482	-2.42144	200.569	0	
87.9972	-1.71386	201.06	0	
87.8778	-2.31748	199.179	0	
85.2765	-2.56564	202.249	0	
86.1146	-3.89224	194.84	0	
88.8985	-2.26876	197.908	0	
88.3624	-2.57086	198.576	0	
89.822	-3.53207	196.475	0	
90.3093	-2.57177	196.47	0	
87.7743	-3.53811	196.919	0	
88.0404	-4.20756	197.3	0	
89.4213	-4.19076	194.35	0	
92.3468	-4.27712	194.136	0	
87.1514	-3.14859	196.665	0	
86.6457	-4.71904	199.282	0	
88.2274	-5.76845	199.77	0	
89.3404	-5.69803	194.013	0	
78.8911	-0.463959	241.491	0	
79.6505	-0.895475	229.09	0	
78.2661	-0.298492	226.521	0	
78.4862	-1.5371	225.248	0	
79.869	-1.26208	225.135	0	
81.0377	-1.44409	219.852	0	
79.6141	-1.63768	220.627	0	
80.2856	-1.49872	220.809	0	
79.1991	-1.67606	222.796	0	
79.6165	-2.40408	212.449	0	
78.9028	-1.30046	227.901	0	
78.5411	-2.05163	220.076	0	
79.4178	-3.24082	207.399	0	
80.3622	-3.00056	206.585	0	
78.2324	-2.47436	214.018	0	
78.4208	-2.92216	212.892	0	
80.4139	-4.18233	203.07	0	
80.5078	-2.46052	211.244	0	
77.3839	-1.85394	223.542	0	
77.3159	-2.88824	213.231	0	
80.8384	-3.60909	204.351	0	
81.4214	-2.82933	206.415	0	
78.6891	-3.99751	206.793	0	
79.4886	-3.87643	205.653	0	
80.588	-1.19851	221.661	0	
80.588	-0.530357	223.668	0	
81.4583	-0.7732	224.903	0	
82.0689	-2.07056	208.616	0	
81.0072	-2.40393	209.865	0	
82.0115	-3.91369	200.231	0	
81.9623	-2.6068	206.805	0	
76.4195	-1.47886	230.945	0	
76.6755	-2.96229	213.186	0	
76.3613	-3.65607	211.942	0	
77.5284	-3.46324	211.824	0	
82.1117	-4.72513	201.924	0	
84.5579	-5.81813	200.265	0	
75.3241	-1.29981	231.766	0	
75.6804	-2.50175	218.14	0	
75.7485	-3.85018	210.99	0	
76.4881	-4.9745	210.166	0	
75.0783	-2.88544	215.739	0	
74.618	-4.50809	212.084	0	
76.7451	-5.60034	212.177	0	
77.5684	-5.73914	210.155	0	
74.286	-1.87789	228.938	0	
73.4694	-2.71128	219.822	0	
73.1408	-5.26606	215.003	0	
74.6799	-6.25161	215.938	0	
72.6186	-2.63703	220.597	0	
71.2785	-3.49383	217.018	0	
-6.20932	-0.558629	196.491	0	
-5.9375	-0.202357	194.903	0	
-5.13105	-1.26208	195.969	0	
-3.85417	-1.26665	191.845	0	
-5.2453	-0.910268	192.831	0	
-5.625	-0.382617	194.885	0	
-5.625	-0.814133	197.456	0	
-5.38589	-1.63768	195.417	0	
-4.71438	-1.49872	194.747	0	
-6.08132	-1.35721	197.566	0	
-5.38351	-2.40408	195.356	0	
-6.49799	-1.59385	197.299	0	
-6.49055	-2.42978	196.406	0	
-6.3891	-2.01817	197.17	0	
-6.07388	-2.67828	195.33	0	
-5.18871	-2.8195	195.538	0	
-4.72236	-2.84274	194.491	0	
-5.46559	-3.34114	194.04	0	
-5.24075	-3.79729	192.781	0	
-3.99605	-3.23856	193.978	0	
-3.73491	-2.77519	195.652	0	
-5.43254	-4.51213	190.471	0	
-3.71991	-5.05338	190.36	0	
-3.66701	-3.83374	194.727	0	
-3.24854	-2.80555	194.254	0	
-2.92265	-2.38308	194.853	0	
-3.65283	-1.7875	192.968	0	
-4.44742	-4.10756	192.467	0	
-2.75979	-4.34973	193.805	0	
-2.59477	-4.96143	192.127	0	
-2.2823	-3.95301	195.499	0	
-4.41197	-1.19851	190.018	0	
-4.41197	-0.530357	191.493	0	
-3.54167	-0.781812	189.296	0	
-6.34397	-4.77902	187.668	0	
-3.11054	-5.41637	189.423	0	
-2.05339	-2.85623	196.216	0	
-2.30124	-1.46095	188.898	0	
-4.88476	-4.69582	189.846	0	
-4.98332	-6.10399	184.522	0	
-1.86566	-5.17903	191.238	0	
-1.62979	-3.99778	194.433	0	
-1.43109	-2.87104	194.416	0	
-1.13533	-1.93275	191.833	0	
-2.29881	-2.37797	192.984	0	
-1.18853	-3.43814	195.935	0	
-4.49161	-5.32266	188.868	0	
-3.55859	-6.90282	184.656	0	
-0.414616	-3.58528	195.711	0	
-1.0373	-2.40084	192.869	0	
-2.9301	-6.29802	187.919	0	
0.17952	-4.91878	197.202	0	
81.25	-0.41231	232.751	0	
81.875	-0.360901	227.039	0	
81.5625	-0.180445	229.303	0	
82.1876	-0.902258	218.806	0	
82.8175	-0.912873	214.108	0	
82.1875	-1.27911	218.909	0	
83.1331	-0.741951	216.149	0	
81.871	-1.46228	216.496	0	
82.509	-1.88478	212.334	0	
83.4224	-0.917831	212.872	0	
82.5049	-0.365785	217.238	0	
81.4544	-1.13683	221.986	0	
81.237	-1.96897	215.038	0	
83.0692	-2.62471	205.444	0	
83.8316	-1.32508	211.72	0	
83.7532	-0.405748	214.213	0	
83.7332	-2.71085	201.871	0	
84.0918	-1.80652	207.319	0	
83.1351	-1.46994	210.476	0	
84.0442	-1.00848	213.061	0	
83.1887	-1.90428	208.385	0	
83.7287	-2.17597	206.666	0	
83.1331	-0.375319	212.064	0	
82.8174	-0.185329	212.676	0	
94.729	-0.461359	181.745	0	
96.5506	-1.05211	184.383	0	
-3.75	-0.415181	189.864	0	
95.8333	-0.301598	177.696	0	
-3.12247	-0.368067	189.739	0	
-3.4375	-0.183316	188.751	0	
-2.80534	-0.920708	189.682	0	
-1.79818	-0.887995	181.439	0	
-2.71791	-1.39607	191.468	0	
-1.79818	-0.456479	184.742	0	
-1.48568	-0.278838	178.414	0	
-2.49747	-0.362392	190.006	0	
-1.46703	-1.22734	188.808	0	
-1.06902	-0.580436	186.42	0	
-2.18287	-0.978483	188.862	0	
-1.552	-1.69611	187.837	0	
-0.643234	-1.67001	187.764	0	
65.401	-0.53519	225.308	0	
66.5574	-0.916592	232.212	0	
64.4635	-0.783538	226.68	0	
65.8333	-0.301598	235.931	0	
64.7954	-1.09072	224.28	0	
64.2737	-1.81524	220.374	0	
64.776	-0.233592	222.4	0	
65.4361	-1.46025	224.001	0	
63.7151	-0.382247	232.86	0	
64.0625	-0.183316	228.446	0	
63.2482	-1.92265	221.129	0	
64.0574	-0.916578	227.325	0	
63.5454	-2.46139	218.982	0	
64.1543	-2.41887	221.086	0	
64.5543	-2.85278	218.29	0	
65.1486	-1.94325	222.33	0	
63.7498	-3.61822	218.834	0	
65.4256	-3.37419	218.956	0	
63.2051	-4.69172	221.204	0	
64.6175	-3.96349	219.895	0	
65.9692	-3.45591	219.927	0	
66.2567	-2.94581	219.001	0	
65.3725	-5.29898	224.329	0	
64.2505	-4.52393	220.964	0	
66.2545	-4.18719	219.816	0	
66.9714	-4.31115	221.245	0	
67.0322	-2.40217	220.41	0	
66.1382	-1.59745	225.182	0	
65.1253	-3.96117	220.504	0	
64.4255	-5.24459	224.033	0	
67.6552	-2.47789	220.059	0	
67.6894	-1.33398	226.57	0	
67.4632	-5.12364	220.923	0	
68.5008	-3.34052	218.916	0	
67.7884	-3.24942	218.919	0	
68.9333	-3.92313	217.767	0	
62.5126	-4.46366	223.563	0	
61.6842	-5.48616	228.629	0	
63.8897	-5.66826	220.922	0	
65.7053	-4.57601	221.279	0	
69.8423	-3.67475	218.943	0	
69.0339	-2.58992	221.15	0	
59.8494	-6.87387	221.009	0	
61.4203	-8.01878	212.947	0	
62.427	-6.69856	226.047	0	
67.6976	-6.99958	222.526	0	
70.3164	-4.16711	217.119	0	
71.7101	-2.40598	223.331	0	
69.1336	-5.4672	220.195	0	
71.4775	-4.6558	216.299	0	
70.1768	-1.9	228.878	0	
69.7585	-2.52984	222.485	0	
69.7063	-6.98299	221.618	0	
71.1511	-5.23083	218.623	0	
72.1616	-4.65084	215.735	0	
72.1114	-3.1303	217.668	0	
70.3958	-6.28487	221.307	0	
71.112	-6.44287	219.687	0	
72.4907	-5.21221	216.034	0	
73.429	-4.23666	213.601	0	
68.8382	-6.65051	225.01	0	
69.8296	-7.72565	219.373	0	
72.0804	-7.33511	219.548	0	
72.7899	-6.24771	217.24	0	
72.1774	-5.85352	217.583	0	
74.0752	-5.69716	215.289	0	
74.1767	-4.97593	213.017	0	
73.5283	-4.77334	214.047	0	
2.90098	-0.53519	175.838	0	
3.53329	-1.03853	176.368	0	
1.96348	-0.783538	178.372	0	
3.36904	-0.553653	175.333	0	
2.29544	-1.09072	180.496	0	
1.77368	-1.81524	186.468	0	
2.27598	-0.233592	180.158	0	
3.10039	-1.64353	182.777	0	
1.21515	-0.382247	176.273	0	
1.5625	-0.183316	177.422	0	
0.748166	-1.92265	188.268	0	
1.55745	-0.916578	179.707	0	
1.04545	-2.46139	191.631	0	
1.65429	-2.41887	188.717	0	
2.25665	-2.97021	194.616	0	
2.6486	-1.94325	184.492	0	
57.3885	-0.330187	210.933	0	
58.125	-0.360901	218.833	0	
57.8125	-0.180445	219.081	0	
58.4376	-0.902258	217.699	0	
59.3826	-0.734678	218.152	0	
58.4375	-1.27911	217.2	0	
59.3826	-0.368047	217.44	0	
57.6653	-1.29991	214.925	0	
58.759	-1.88478	217.177	0	
59.6951	-0.187647	216.052	0	
58.75	-0.360855	219.452	0	
57.2486	-1.60717	214.428	0	
57.7343	-2.06733	216.427	0	
58.8731	-2.56804	218.687	0	
59.1251	-2.12843	216.846	0	
59.6989	-0.928997	218.278	0	
60.7004	-0.878194	227.066	0	
57.9752	-2.78665	218.973	0	
60.0185	-2.76649	219.303	0	
60.2547	-1.43797	220.677	0	
59.5362	-1.56932	217.094	0	
60.7004	-0.446678	223.846	0	
58.7501	-0.721768	218.646	0	
59.0625	-0.907943	217.747	0	
56.5186	-1.95567	215.225	0	
57.6735	-2.53729	217.558	0	
57.8551	-3.46742	223.297	0	
58.9325	-3.45865	222.514	0	
60.1651	-2.33099	217.132	0	
60.5996	-2.18946	219.277	0	
61.0129	-0.274425	232.845	0	
60.0076	-0.3599	218.316	0	
56.5755	-3.14394	220.741	0	
57.2813	-2.68786	218.154	0	
55.927	-2.3773	217.044	0	
56.5232	-2.6837	219.645	0	
61.1821	-2.22587	219.756	0	
61.4968	-1.0609	224.765	0	
60.9721	-1.57583	221.611	0	
61.6379	-0.576024	224.088	0	
60.3163	-0.978487	220.225	0	
61.0802	-1.19082	221.801	0	
61.3887	-1.81246	219.574	0	
6.25	-0.36376	169.659	0	
6.87753	-0.368067	170.495	0	
6.5625	-0.183316	167.805	0	
7.19466	-0.920708	173.337	0	
8.43533	-0.674876	169.794	0	
5.31248	-0.180456	168.082	0	
5.62498	-0.360901	171.144	0	
5.93479	-1.28335	175.453	0	
6.5625	-0.913707	172.902	0	
6.56	-1.27666	176.123	0	
8.15019	-0.57368	169.23	0	
4.96662	-0.380108	175.859	0	
5.9375	-0.180445	167.303	0	
4.96364	-0.742721	173.375	0	
5.3095	-0.903958	175.739	0	
6.65717	-1.97917	183.858	0	
6.86812	-2.50014	188.804	0	
7.57198	-2.83215	191.306	0	
8.66696	-0.554896	166.915	0	
7.50253	-0.362392	172.69	0	
3.99404	-0.252055	172.571	0	
3.57737	-0.252055	173.114	0	
4.67997	-2.06779	184.84	0	
5.90312	-2.06434	184.319	0	
6.23939	-1.86147	180.365	0	
6.87092	-1.5893	179.468	0	
7.53939	-2.01628	183.579	0	
7.93728	-1.99481	183.07	0	
4.65116	-0.993781	177.201	0	
5.23599	-1.30046	176.45	0	
5.17477	-2.11605	185.9	0	
5.46385	-3.26944	192.966	0	
7.37808	-2.52189	187.339	0	
8.15427	-2.32604	185.51	0	
4.50957	-1.70934	182.24	0	
5.80488	-2.83371	191.756	0	
5.85662	-4.0201	199.543	0	
6.42567	-2.9351	193.225	0	
7.60535	-3.38905	195.772	0	
7.99349	-3.46569	195.039	0	
8.69139	-2.21594	185.988	0	
9.00267	-1.06531	171.482	0	
4.01819	-1.61726	180.548	0	
3.56518	-2.32299	186.732	0	
4.88654	-2.71528	189.523	0	
5.42736	-3.72546	196.653	0	
6.5139	-3.66548	196.324	0	
8.12463	-4.92577	203.715	0	
4.99471	-3.11756	193.645	0	
4.61525	-3.46142	194.962	0	
8.41847	-3.8083	198.596	0	
8.96936	-3.4893	196.758	0	
4.04792	-3.22314	192.692	0	
3.89479	-4.65548	199.566	0	
8.48883	-1.57132	178.07	0	
8.69431	-0.276058	167.235	0	
7.94648	-1.06634	173.484	0	
8.4375	-0.130542	166.95	0	
8.125	-0.308184	167.528	0	
8.97946	-0.725951	170.026	0	
9.21515	-0.447114	164.913	0	
7.84232	-0.812463	172.028	0	
8.33117	-0.97585	172.148	0	
4.27318	-0.883223	174.606	0	
4.65414	-0.199652	174.157	0	
4.27318	-0.451707	176.931	0	
8.58601	-1.19523	175.013	0	
8.9055	-1.80795	181.283	0	
3.60152	-1.8539	185.054	0	
3.94996	-1.16845	179.018	0	
2.96538	-2.40672	190.055	0	
3.56217	-3.47901	195.903	0	
5.08165	-4.99709	200.248	0	
7.22728	-4.64366	200.86	0	
2.82332	-6.32027	192.622	0	
4.5861	-4.45039	198.399	0	
14.6875	-0.183316	167.595	0	
13.1261	-0.735515	170.655	0	
13.8542	-1.01391	173.158	0	
14.375	-0.83059	169.43	0	
15.2083	-1.33931	179.843	0	
14.8958	-0.854468	173.558	0	
16.5249	-1.0645	175.142	0	
48.0432	-0.470993	221.189	0	
47.3141	-0.255235	225.658	0	
48.8542	-0.517356	222.832	0	
47.7307	-0.255235	219.609	0	
48.4375	-0.215758	222.156	0	
48.4858	-1.50556	219.531	0	
49.1786	-1.37459	219.79	0	
48.0985	-1.79143	219.174	0	
48.804	-2.30333	219.595	0	
47.772	-1.37746	220.032	0	
47.1444	-2.32861	220.779	0	
17.1875	-0.183316	168.611	0	
16.1458	-0.455394	168.636	0	
16.1082	-0.872622	175.394	0	
16.875	-0.83059	173.072	0	
17.7023	-1.79932	184.654	0	
17.2501	-1.06873	178.18	0	
19.0413	-0.91448	177.767	0	
15.7957	-1.32502	176.564	0	
16.8772	-2.26802	186.862	0	
16.0749	-1.75947	182.67	0	
15.9012	-2.36681	187.597	0	
17.3011	-2.51725	190.805	0	
18.1664	-1.49519	181.941	0	
17.4875	-3.0702	193.525	0	
18.5624	-3.68251	197.891	0	
17.6668	-0.876848	176.734	0	
17.2856	-1.56268	180.713	0	
19.2376	-3.65164	198.558	0	
19.6073	-2.08783	190.6	0	
19.6346	-4.22199	200.35	0	
20.2668	-3.0231	195.743	0	
19.2913	-4.98436	203.206	0	
20.758	-4.88549	201.004	0	
20	-0.36376	183.696	0	
20.6275	-0.368067	185.202	0	
20.3125	-0.183316	187.878	0	
20.9447	-0.920708	184.06	0	
22.1875	-0.180444	177.421	0	
19.0625	-0.180456	172.775	0	
19.375	-0.360901	174.191	0	
19.6848	-1.28335	182.144	0	
20.3125	-0.913707	184.442	0	
20.31	-1.27666	185.459	0	
21.875	-0.358085	179.197	0	
18.6458	-0.420092	174.465	0	
19.6875	-0.180445	169.759	0	
18.6246	-0.793227	177.086	0	
19.0399	-1.27398	181.266	0	
20.4072	-1.97917	190.128	0	
20.6181	-2.50014	192.601	0	
22.5374	-2.29197	193.082	0	
22.6412	-0.913152	190.192	0	
21.2525	-0.362392	180.626	0	
18.1664	-1.06667	179.69	0	
18.7807	-1.98073	187.141	0	
19.3709	-1.45954	184.563	0	
18.7173	-2.4712	191.188	0	
19.9894	-1.86147	186.99	0	
20.6209	-1.5893	187.099	0	
21.3341	-2.07976	190.46	0	
21.709	-2.05821	190.951	0	
18.6232	-1.58124	183.646	0	
19.2989	-1.87127	185.751	0	
21.1728	-2.58536	193.458	0	
21.4413	-3.01934	195.202	0	
22.0449	-2.46554	193.021	0	
22.5978	-1.80768	191.877	0	
23.1121	-1.60597	192.568	0	
22.6042	-0.428472	187.589	0	
21.5671	-0.978483	183.408	0	
21.875	-0.789602	182.098	0	
22.2245	-1.09664	186.921	0	
21.28	-3.62641	198.169	0	
22.3192	-3.40861	197.317	0	
20.6601	-3.71539	197.265	0	
21.4605	-4.96117	202.252	0	
21.7418	-5.57799	202.606	0	
22.5899	-5.71771	203.334	0	
150.625	-0.165467	214.97	0	
150.141	-0.463959	210.298	0	
149.292	-0.1895	205.508	0	
149.793	-1.69557	210.985	0	
147.466	-0.382852	204.068	0	
148.128	-0.368067	203.953	0	
147.812	-0.183316	203.09	0	
148.508	-1.44766	206.173	0	
148.851	-0.785793	205.767	0	
146.494	-0.25226	209.85	0	
146.077	-0.25226	205.751	0	
147.269	-1.47589	205.899	0	
147.807	-0.916578	205.061	0	
149.384	-1.37819	208.826	0	
148.774	-0.374251	205.832	0	
146.508	-1.68983	205.266	0	
148.356	-3.06287	207.834	0	
149.302	-0.899534	207.437	0	
149.642	-0.487991	209.146	0	
146.773	-0.883313	207.511	0	
147.154	-0.199537	209.239	0	
146.773	-0.451797	204.028	0	
146.091	-1.92647	203.013	0	
146.45	-1.16865	203.861	0	
145.27	-2.57149	202.54	0	
147.248	-2.42144	206.394	0	
147.997	-1.71386	206.73	0	
147.878	-2.31748	205.83	0	
146.253	-4.02551	204.633	0	
146.459	-3.27535	205.268	0	
148.898	-2.26829	208.305	0	
148.362	-2.57039	208.504	0	
149.78	-3.4914	212.685	0	
150.232	-2.66533	212.726	0	
147.776	-3.53691	208.068	0	
148.042	-4.20453	209.759	0	
149.124	-4.39842	212.957	0	
150.823	-3.68045	214.795	0	
150.669	-2.37708	214.098	0	
150.209	-1.45893	211.756	0	
147.153	-3.14839	204.899	0	
145.43	-3.99311	204.473	0	
148.551	-5.54099	212.683	0	
149.704	-4.05966	213.022	0	
151.165	-2.6043	215.511	0	
151.202	-1.48108	215.273	0	
151.285	-3.33747	217.657	0	
152.198	-3.44522	218.574	0	
149.299	-5.20556	212.302	0	
150.794	-4.36795	217.698	0	
149.982	-5.21465	216.421	0	
153.239	-5.35633	225.768	0	
150.833	-5.66003	219.044	0	
148.112	-8.59383	216.177	0	
141.667	-0.301598	203.5	0	
141.25	-0.467065	204.162	0	
142.351	-1.93041	201.895	0	
142.7	-1.0851	202.245	0	
142.211	-2.66162	201.238	0	
143.877	-2.42632	201.298	0	
144.174	-1.88758	201.267	0	
143.715	-1.4481	201.319	0	
142.307	-0.233592	202.945	0	
142.284	-1.02007	202.756	0	
143.542	-0.765705	201.506	0	
143.037	-0.783538	202.384	0	
143.037	-0.416907	202.018	0	
46.1363	-0.328378	229.941	0	
142.099	-0.53519	202.969	0	
47.0016	-0.438551	225.967	0	
46.5625	-0.183316	227.717	0	
123.125	-0.240555	208.087	0	
124.375	-0.360901	200.585	0	
124.062	-0.180445	201.794	0	
124.688	-0.902258	201.972	0	
125.633	-0.734678	206.449	0	
122.3	-0.506736	199.073	0	
124.042	-0.914235	201.731	0	
124.688	-1.27911	202.533	0	
125.633	-0.368047	205.719	0	
123.302	-1.06781	201.637	0	
124.668	-2.05376	201.287	0	
124.04	-1.2764	202.024	0	
125.009	-1.88478	202.498	0	
125.945	-0.187647	207.327	0	
125	-0.360855	202.65	0	
122.907	-1.03246	201.928	0	
122.682	-1.37074	200.824	0	
123.613	-1.36986	201.774	0	
124.039	-1.99678	201.117	0	
125.486	-2.00548	202.587	0	
125.7	-1.6156	203.086	0	
125.949	-0.928997	204.855	0	
126.324	-0.748059	206.204	0	
122.276	-1.3479	199.353	0	
123.625	-1.7112	201.336	0	
124.543	-2.55815	201.482	0	
126.002	-1.41936	204.809	0	
126.629	-0.991928	205.394	0	
125	-0.721768	203.919	0	
125.313	-0.907943	203.575	0	
121.883	-0.169187	192.808	0	
121.411	-0.461697	195.756	0	
122.033	-1.68444	199.677	0	
122.259	-2.07434	199.467	0	
123.376	-2.28268	200.741	0	
124.007	-2.35252	201.078	0	
127.047	-0.885832	205.715	0	
126.833	-0.185694	205.137	0	
122.709	-2.0684	200.482	0	
123.637	-2.89055	200.731	0	
123.656	-2.51287	200.695	0	
123.323	-3.11437	200.597	0	
123.372	-3.51026	200.95	0	
123.982	-3.05195	200.974	0	
123.03	-3.7768	201.168	0	
123.096	-4.24112	201.496	0	
122.611	-3.08126	200.296	0	
122.65	-4.49721	202.343	0	
124.316	-5.51418	205.033	0	
123.721	-4.70618	203.142	0	
120.547	-0.208685	198.892	0	
121.624	-1.63047	198.374	0	
121.394	-1.24889	198.063	0	
121.396	-2.02366	199.034	0	
122.228	-2.87575	199.72	0	
122.985	-2.38986	200.389	0	
127.505	-1.36829	205.158	0	
127.855	-0.567113	206.093	0	
121.789	-3.24205	199.913	0	
122.33	-4.0484	200.865	0	
120.968	-1.26247	197.94	0	
121.013	-2.01773	198.217	0	
120.707	-2.48291	198.821	0	
120.91	-3.00245	198.631	0	
121.434	-2.92907	199.383	0	
120.877	-4.03117	199.896	0	
120.691	-0.946291	197.488	0	
120.32	-1.21942	197.722	0	
120.909	-0.501195	198.289	0	
120.021	-0.422041	198.28	0	
119.484	-1.77871	195.914	0	
120.057	-3.28557	198.295	0	
120.22	-2.01824	197.658	0	
120.33	-2.44264	197.802	0	
119.062	-0.178164	193.167	0	
119.37	-0.39152	194.112	0	
118.863	-1.40876	194.726	0	
119.981	-2.74074	198.198	0	
119.713	-2.13164	197.39	0	
119.581	-2.53226	196.941	0	
119.039	-2.81504	197.634	0	
118.998	-3.47712	197.747	0	
118.748	-0.36006	194.019	0	
119.683	-0.213356	192.286	0	
119.37	-0.823036	193.956	0	
117.807	-0.186182	195.698	0	
118.117	-0.368079	194.912	0	
118.446	-1.34388	194.799	0	
119.064	-0.97171	194.826	0	
116.8	-1.48817	192.23	0	
118.435	-0.181896	194.449	0	
117.194	-0.198376	185.894	0	
117.815	-1.29687	193.56	0	
118.126	-2.43895	195.419	0	
116.896	-0.73971	188.308	0	
117.194	-0.928759	191.784	0	
117.179	-1.29187	191.361	0	
118.134	-1.5426	193.961	0	
116.766	-1.88691	191.918	0	
117.494	-1.49173	193.632	0	
117.489	-1.87875	193.269	0	
117.502	-0.384558	193.672	0	
116.896	-0.378821	188.367	0	
116.577	-0.180445	187.262	0	
115.625	-0.266215	190.688	0	
116.57	-0.896622	189.484	0	
116.254	-1.99357	192.984	0	
115.159	-0.868463	187.654	0	
116.104	-1.38826	190.923	0	
116.154	-0.801948	189.386	0	
115.858	-1.08869	189.273	0	
116.367	-2.91154	194.941	0	
115.861	-2.46204	194.14	0	
115.468	-1.13228	191.028	0	
115.903	-1.70113	191.691	0	
115.139	-0.469582	191.359	0	
113.932	-1.40029	187.438	0	
114.41	-0.753314	184.597	0	
114.743	-0.968879	189.681	0	
114.596	-2.69863	193.307	0	
115.09	-1.76115	192.24	0	
113.716	-0.382852	184.853	0	
114.723	-0.203367	183.685	0	
114.062	-0.183316	183.763	0	
112.74	-0.250939	187.211	0	
113.019	-0.450476	185.635	0	
113.515	-1.46517	187.935	0	
114.057	-0.916578	186.877	0	
112.769	-1.71498	187.361	0	
114.096	-2.3314	190.589	0	
117.116	-4.04	197.656	0	
117.688	-2.94139	196.333	0	
111.875	-0.153405	176.403	0	
113.404	-0.199537	185.152	0	
112.352	-1.95162	187.555	0	
111.432	-0.406896	173.313	0	
111.873	-1.13932	181.985	0	
112.706	-1.17375	185.151	0	
112.29	-0.895635	182.991	0	
110.312	-0.215758	179.753	0	
111.047	-1.17963	181.182	0	
112.192	-2.52238	189.461	0	
113.495	-2.42945	191.041	0	
109.376	-0.735515	176.948	0	
111.016	-0.253491	178.794	0	
109.864	-1.18372	180.936	0	
109.439	-1.61689	183.648	0	
111.873	-1.65407	184.782	0	
111.129	-3.08371	191.159	0	
111.312	-1.96286	186.699	0	
123.42	-5.33149	204.097	0	
123.741	-5.81	205.716	0	
122.79	-5.18592	203.072	0	
121.537	-5.12022	202.508	0	
123.633	-6.60325	208.137	0	
124.71	-6.52313	207.478	0	
111.504	-2.53029	188.607	0	
110.4	-2.99191	189.062	0	
119.741	-4.55934	199.554	0	
122.189	-5.65318	204.731	0	
119.541	-6.02434	203.3	0	
120.495	-6.24217	204.889	0	
120.826	-5.35438	202.397	0	
121.122	-7.1267	207.784	0	
114.544	-3.35273	194.29	0	
116.264	-3.57377	196.306	0	
117.036	-4.74052	199.28	0	
118.423	-4.78005	199.6	0	
124.177	-6.94109	209.521	0	
125.91	-6.15332	206.509	0	
112.816	-4.21509	195.504	0	
113.278	-2.95246	192.469	0	
108.941	-3.71515	189.962	0	
111.025	-4.55212	195.498	0	
113.828	-3.5085	194.196	0	
114.713	-4.67535	197.818	0	
124.345	-7.87062	211.211	0	
125.842	-7.46785	210.13	0	
125.458	-6.7024	209.802	0	
125.262	-8.21813	213.716	0	
111.473	-5.44008	196.008	0	
114.006	-4.67329	196.96	0	
123.391	-8.1566	213.079	0	
123.325	-12.9856	221.036	0	
111.723	-7.0402	200.62	0	
113.631	-5.32083	198.467	0	
112.687	-6.92782	201.223	0	
114.928	-6.36959	202.001	0	
68.0432	-0.470993	234.528	0	
67.3141	-0.255235	225.149	0	
68.8509	-1.47176	230.067	0	
67.7307	-0.255235	241.327	0	
69.9497	-1.37694	232.086	0	
68.5384	-1.01936	235.681	0	
68.4375	-0.215758	240.932	0	
91.875	-0.239636	200.037	0	
93.1275	-0.368067	181.972	0	
92.8125	-0.183316	179.645	0	
93.4447	-0.920708	185.884	0	
93.826	-0.736598	185.73	0	
91.0261	-1.34021	192.59	0	
92.7902	-0.926407	188.26	0	
93.4408	-1.39588	186.988	0	
94.136	-0.983364	185.393	0	
92.0467	-1.06999	189.805	0	
93.1209	-1.59532	190.168	0	
92.7874	-1.31186	188.296	0	
93.7674	-2.39644	190.77	0	
94.5207	-0.892876	188.226	0	
94.3397	-0.182522	193.619	0	
91.6513	-1.0268	191.781	0	
91.4284	-1.36259	191.763	0	
92.3564	-1.39912	191.326	0	
93.2531	-2.45624	192.986	0	
91.4573	-0.5729	191.571	0	
91.0416	-0.499235	186.768	0	
90.789	-1.68103	193.487	0	
91.0126	-2.06752	194.512	0	
92.5073	-2.06298	192.977	0	
91.7378	-2.42555	194.563	0	
90.626	-0.165971	182.308	0	
90.1459	-0.522244	190.128	0	
94.783	-1.22734	187.972	0	
95.181	-0.580436	192.009	0	
90.3234	-1.46188	193.96	0	
89.8926	-2.32327	196.176	0	
91.0607	-2.82935	195.418	0	
91.5332	-2.85209	194.04	0	
92.5686	-3.87259	194.568	0	
93.0784	-3.95338	193.339	0	
94.0647	-1.8577	190.237	0	
95.4353	-1.48674	187.121	0	
90.7811	-3.34632	195.519	0	
91.0077	-3.81039	195.068	0	
92.2685	-3.25494	193.601	0	
92.5468	-2.86492	194.214	0	
91.5248	-3.69151	194.716	0	
91.9414	-4.99622	195.286	0	
93.82	-3.38352	192.425	0	
95.0222	-1.9514	188.641	0	
90.8344	-4.80916	193.966	0	
91.801	-4.10081	195.083	0	
93.5722	-5.01956	192.887	0	
93.442	-4.4348	193.668	0	
89.8942	-4.7859	197.475	0	
91.7862	-5.5558	193.807	0	
91.0491	-4.37866	195.891	0	
91.5935	-4.54768	194.176	0	
94.0595	-6.70581	192.877	0	
96.3463	-3.35566	192.051	0	
94.3694	-5.14975	192.034	0	
94.8604	-2.98784	191.232	0	
90.9699	-6.17479	195.267	0	
91.2235	-5.53777	196.434	0	
97.4852	-3.9137	191.788	0	
94.5397	-4.38449	192.722	0	
92.1497	-6.86814	194.736	0	
92.4605	-4.8903	193.578	0	
92.3266	-6.18994	195.479	0	
93.0733	-5.26796	194.388	0	
91.3558	-6.87104	197.888	0	
94.8353	-6.09596	191.881	0	
69.533	-0.277271	246.216	0	
71.1408	-0.715414	246.797	0	
69.4256	-1.31751	237.969	0	
70.3663	-0.874254	241.605	0	
76.875	-0.165467	246.993	0	
75.94	-0.184751	239.074	0	
77.5547	-1.39816	228.016	0	
77.9042	-0.596984	231.702	0	
75	-0.36376	236.508	0	
75.6275	-0.368067	236.565	0	
75.3125	-0.183316	236.433	0	
75.9447	-0.920708	235.476	0	
76.3567	-0.350218	241.73	0	
74.0625	-0.180456	247.212	0	
74.375	-0.360901	244.515	0	
74.6848	-1.28335	235.019	0	
75.3125	-0.913707	234.862	0	
76.0029	-1.41397	231.517	0	
76.6713	-0.966309	234.858	0	
73.125	-0.240517	244.815	0	
74.6875	-0.180445	248.2	0	
73.9957	-1.2956	236.471	0	
74.3099	-1.49081	231.135	0	
75.0035	-1.88463	228.282	0	
72.19	-0.184751	248.261	0	
73.579	-1.60286	231.323	0	
74.058	-0.904829	240.229	0	
73.9514	-2.08993	223.916	0	
75.4836	-2.00394	222.676	0	
75.6973	-1.61407	229.363	0	
73.6413	-0.784456	244.675	0	
73.1437	-0.984216	237.075	0	
73.5588	-2.01013	228.259	0	
74.5334	-2.56617	219.516	0	
73.3025	-2.33349	221.221	0	
74.0974	-2.58041	221.934	0	
72.8252	-2.33635	223.608	0	
73.2339	-3.05697	216.929	0	
72.6282	-1.60534	231.458	0	
71.1389	-2.43271	224.139	0	
73.357	-3.42844	215.954	0	
73.8715	-2.87839	217.352	0	
72.0886	-2.71269	221.176	0	
71.8817	-3.51465	217.04	0	
73.0992	-3.71332	215.032	0	
73.9185	-3.74962	213.488	0	
72.5042	-4.23277	215.196	0	
72.5956	-3.27647	217.277	0	
72.7112	-3.63846	215.827	0	
72.3267	-3.87522	215.758	0	
71.9344	-1.99269	227.933	0	
71.4931	-1.39539	237.596	0	
102.5	-0.36376	178.508	0	
103.126	-0.368884	173.732	0	
102.812	-0.183316	169.859	0	
103.751	-0.401327	167.812	0	
103.439	-0.185568	171.304	0	
101.562	-0.180456	171.422	0	
101.875	-0.360901	175.842	0	
102.185	-1.28335	176.747	0	
102.812	-0.913707	177.732	0	
101.217	-0.380108	173.056	0	
102.188	-0.180445	173.682	0	
101.214	-0.742721	172.76	0	
101.559	-0.903958	176.377	0	
102.503	-1.88463	179.716	0	
100.24	-0.250798	169.594	0	
100.519	-0.450451	175.744	0	
100.93	-2.06779	182.745	0	
102.153	-2.06434	183.049	0	
103.072	-2.62222	184.338	0	
103.198	-1.50076	179.634	0	
100.901	-0.993781	176.502	0	
101.486	-1.30046	176.656	0	
101.425	-2.11605	183.84	0	
101.714	-3.26944	187.308	0	
103.736	-2.70836	183.94	0	
104.158	-1.83887	180.224	0	
100.76	-1.70934	181.599	0	
102.055	-2.83371	185.996	0	
102.107	-4.0201	190.124	0	
102.676	-2.9351	188.014	0	
103.797	-2.20583	184.008	0	
104.02	-1.21198	178.316	0	
100.279	-1.62349	180.531	0	
99.8152	-2.32299	185.055	0	
101.137	-2.71528	185.701	0	
101.677	-3.72546	187.696	0	
101.245	-3.11756	187.303	0	
100.865	-3.46142	188.129	0	
100.298	-3.22314	187.293	0	
100.145	-4.65548	190.331	0	
99.375	-0.153628	176.696	0	
100.904	-0.199652	170.081	0	
99.8622	-1.86013	184.334	0	
98.4426	-0.186199	172.215	0	
99.4667	-1.57015	181.472	0	
100.207	-1.17342	179.859	0	
99.5317	-0.815319	177.215	0	
98.8592	-0.339827	175.865	0	
98.5949	-1.39426	179.85	0	
97.7457	-1.34968	181.694	0	
99.2661	-3.09496	187.602	0	
98.9027	-2.21053	185.461	0	
99.8122	-3.47901	189.681	0	
96.5771	-1.61636	184.83	0	
97.9687	-2.21048	185.193	0	
98.3666	-2.51263	188.183	0	
98.6021	-3.11125	189.014	0	
95.2557	-2.53961	191.211	0	
97.3379	-2.37376	189.057	0	
101.332	-4.99709	190.078	0	
103.501	-4.78879	188.192	0	
99.0733	-6.32027	187	0	
100.836	-4.45039	188.03	0	
95.1765	-3.90881	192.59	0	
96.433	-5.03831	191.604	0	
97.1875	-0.183316	183.589	0	
97.505	-0.72475	179.395	0	
96.1339	-0.922193	181.712	0	
96.875	-0.83059	182.008	0	
97.8175	-0.908065	182.101	0	
98.1326	-0.73471	174.77	0	
97.815	-0.18188	171.567	0	
97.19	-0.974386	183.604	0	
97.3291	-1.41456	184.568	0	
98.5677	-0.963722	179.264	0	
98.9843	-0.750719	175.57	0	
95.8214	-1.37459	183.66	0	
98.1326	-0.368079	176.574	0	
96.1605	-1.853	187.538	0	
107.188	-0.183316	173.362	0	
106.146	-0.517356	171.889	0	
106.134	-0.922193	174.855	0	
106.875	-0.83059	174.306	0	
107.703	-1.7956	184.418	0	
107.252	-1.06873	180.596	0	
108.615	-1.69354	183.968	0	
105.821	-1.37459	177.123	0	
106.098	-1.7422	181.268	0	
106.038	-2.24914	182.563	0	
108.167	-1.49851	180.156	0	
105.326	-2.05522	181.526	0	
106.188	-3.94873	191.382	0	
106.873	-2.25942	182.979	0	
107.295	-2.50633	187.558	0	
104.806	-2.86267	184.884	0	
105.186	-3.13063	188.273	0	
106.451	-3.00467	186.022	0	
106.03	-3.19861	188.873	0	
107.669	-0.876848	175.849	0	
107.286	-1.55896	179.363	0	
106.889	-3.28676	190.122	0	
108.22	-3.06116	187.545	0	
104.203	-3.03046	188.8	0	
103.457	-4.0344	191.084	0	
105.781	-3.6161	188.259	0	
105.632	-2.92182	186.093	0	
107.777	-3.32607	190.765	0	
107.316	-3.02665	186.74	0	
108.89	-3.1153	190.479	0	
109.04	-0.926407	178.783	0	
104.723	-3.93014	190.556	0	
104.106	-3.66809	187.274	0	
107.26	-4.70106	190.393	0	
108.288	-4.84576	190.954	0	
109.149	-2.54814	187.245	0	
110.119	-2.37167	187.845	0	
106.617	-4.99039	192.283	0	
109.051	-7.74392	195.895	0	
109.099	-5.25772	196.028	0	
109.919	-4.63203	192.341	0	
109.558	-2.22052	185.103	0	
110.416	-1.83293	184.352	0	
105.979	-4.53152	190.059	0	
104.724	-4.62501	189.013	0	
106.725	-6.39655	193.025	0	
104.865	-7.38821	190.953	0	
-121.54	-0.926209	201.442	0	
-121.562	-0.183316	201.201	0	
-121.849	-0.349223	201.322	0	
-122.162	-0.165908	200.239	0	
-122.195	-0.782415	203.504	0	
-121.542	-1.40587	199.453	0	
-120.41	-1.05598	198.565	0	
-122.295	-1.21102	200.606	0	
-121.547	-2.64712	193.484	0	
-120.8	-1.4964	198.484	0	
-120.363	-1.69137	196.197	0	
-122.906	-1.74311	200.209	0	
-122.069	-2.22775	196.492	0	
-123.562	-1.81675	201.556	0	
-122.976	-2.66925	195.775	0	
140.145	-0.52174	204.942	0	
141.042	-0.898582	204.252	0	
71.1458	-0.348783	249.723	0	
71.8775	-0.368067	247.227	0	
71.5625	-0.183316	249.191	0	
72.2132	-0.931598	240.196	0	
72.6067	-0.425268	240.624	0	
71.0765	-1.46027	236.2	0	
71.5574	-0.916578	242.328	0	
72.2115	-1.30381	235.658	0	
73.1437	-1.41185	235.654	0	
71.8115	-1.58572	233.038	0	
72.5196	-1.99872	227.472	0	
66.1458	-0.484914	238.168	0	
67.0016	-0.438551	235.059	0	
66.5625	-0.183316	232.253	0	
65.8283	-1.3364	228.891	0	
66.2225	-2.0155	222.859	0	
66.8061	-1.99457	223.156	0	
66.5549	-1.29593	227.174	0	
-84.9964	-0.361702	177.026	0	
-84.3739	-0.368884	177.336	0	
-84.6875	-0.183316	177.848	0	
-83.7489	-0.401327	177.425	0	
-84.0614	-0.185568	177.207	0	
-85.9235	-0.230585	174.332	0	
-85.4923	-0.797547	175.762	0	
12.5036	-0.361702	171.533	0	
-85.3089	-0.178386	174.796	0	
13.1261	-0.368884	171.708	0	
12.8125	-0.183316	171.941	0	
13.7511	-0.401327	169.945	0	
13.4386	-0.185568	169.527	0	
11.5765	-0.230585	163.72	0	
12.0077	-0.797547	168.134	0	
108.646	-0.422952	175.532	0	
12.1911	-0.178386	164.678	0	
109.376	-0.368884	177.48	0	
109.062	-0.183316	175.119	0	
110.001	-0.401327	178.868	0	
109.689	-0.185568	176.911	0	
108.167	-1.06999	180.497	0	
109.031	-1.39202	180.199	0	
40.5057	-7.3021	212.508	0	
42.2031	-8.82775	196.463	0	
43.7426	-11.0408	148.463	0	
46.8759	-11.4667	127.192	0	
44.0392	-13.6203	103.874	0	
46.0196	-12.6885	106.548	0	
45.4505	-11.8182	128.426	0	
47.0764	-12.448	112.369	0	
133.542	-3.69223	204.486	0	
135.225	-3.71405	202.932	0	
134.765	-4.31519	203.57	0	
133.846	-4.28097	203.852	0	
-58.9578	-7.08996	262.932	0	
-57.4721	-6.2117	256.115	0	
-56.4755	-7.61982	289.156	0	
-54.8288	-6.24308	256.976	0	
-51.5091	-8.62697	314.034	0	
-51.1584	-9.71525	326.998	0	
83.5416	-3.69223	198.631	0	
85.2246	-3.71405	199.424	0	
84.7654	-4.31519	197.024	0	
83.846	-4.28097	198.781	0	
59.9132	-4.00274	224.353	0	
60.031	-5.37273	228.931	0	
60.7698	-5.82455	223.572	0	
61.03	-4.4006	225.138	0	
33.7876	-6.28115	218.261	0	
35.2764	-5.11941	215.765	0	
29.1867	-5.09464	205.932	0	
29.6151	-3.73916	202.521	0	
25.286	-8.18622	208.749	0	
28.3733	-9.90331	228.701	0	
-143.333	-5.54413	230.833	0	
-143.586	-7.26856	263.041	0	
130.482	-4.93407	205.766	0	
131.987	-6.78201	208.265	0	
127.825	-5.38578	206.189	0	
128.402	-5.69282	206.856	0	
-127.394	-6.57714	236.967	0	
-123.035	-5.83151	232.063	0	
-112.46	-6.28213	239.239	0	
-110.894	-5.34834	221.056	0	
-109.243	-7.04782	274.829	0	
-105.978	-6.59473	258.818	0	
-119.941	-5.03564	207.291	0	
-119.199	-6.10947	225.143	0	
-124.231	-4.64299	205.294	0	
-125.676	-6.9975	251.703	0	
-98.5937	-4.87287	228.275	0	
-98.4721	-5.96462	235.383	0	
-96.3728	-4.56772	207.654	0	
-95.087	-4.96062	217.622	0	
-134.066	-4.79903	215.314	0	
-132.736	-5.61417	224.503	0	
-131.206	-5.03045	209.568	0	
-129.624	-5.71045	221.019	0	
-129.536	-4.87259	213.981	0	
-128.924	-6.22587	235.309	0	
-100.674	-5.00188	215.51	0	
-99.5548	-4.63684	199	0	
49.1596	-9.9844	163.551	0	
50.4082	-12.5964	103.973	0	
-89.4261	-5.02616	224.734	0	
-89.1421	-3.65767	198.895	0	
-94.8585	-4.2439	206.394	0	
-95.7761	-5.21429	228.051	0	
-91.047	-7.89654	311.928	0	
-91.0027	-5.1649	228.825	0	
-92.3583	-5.89474	236.471	0	
-91.3702	-5.99752	246.739	0	
-27.0598	-3.87567	211.548	0	
-24.9667	-3.73794	203.271	0	
-28.2556	-4.61811	217.391	0	
-25.3938	-5.27591	225.706	0	
-14.9603	-6.28213	199.942	0	
-13.394	-5.34834	192.053	0	
-10.8419	-7.61136	196.577	0	
-7.85316	-8.64508	189.514	0	
-23.0101	-4.21412	206.62	0	
-21.7169	-6.09991	228.912	0	
-19.5633	-5.09464	210.035	0	
-19.1349	-3.73916	198.309	0	
-29.8541	-6.61776	277.91	0	
-26.5756	-5.53509	248.362	0	
-75.6279	-8.25191	286.062	0	
-75.5216	-11.0844	424.019	0	
1.12721	-4.56772	195.166	0	
2.41299	-4.96062	195.412	0	
-48.0651	-10.1346	341.104	0	
-46.7018	-9.26825	334.396	0	
-31.1578	-7.2627	293.566	0	
-30.2646	-7.5499	315.265	0	
80.3622	-5.01205	204.379	0	
81.9871	-6.78201	207.888	0	
76.2067	-6.26699	213.985	0	
77.7058	-6.45059	215.028	0	
75.4766	-5.94444	214.649	0	
75.5704	-8.06782	217.789	0	
78.5036	-6.87244	212.892	0	
78.6328	-4.85626	206.236	0	
-0.909853	-9.27103	182.574	0	
-1.1026	-8.32313	184.59	0	
63.6631	-10.1378	192.605	0	
67.4354	-7.89411	221.774	0	
66.9828	-6.086	225.863	0	
70.7282	-7.70618	218.963	0	
70.9433	-8.46636	218.609	0	
73.7204	-7.47768	218.365	0	
2.64146	-4.2439	198.502	0	
1.72385	-5.21429	198.355	0	
6.45305	-7.89654	193.083	0	
6.49729	-5.1649	201.956	0	
5.14168	-5.89474	198.9	0	
6.12983	-5.99752	199.185	0	
18.297	-4.94115	202.468	0	
19.7243	-6.90578	205.563	0	
20.3678	-5.41871	203.786	0	
22.7396	-6.44324	203.734	0	
19.6876	-8.16967	198.515	0	
21.7097	-6.89148	204.825	0	
23.5273	-6.88943	205.03	0	
23.6577	-4.85719	201.703	0	
144.845	-4.77753	203.449	0	
146.799	-4.8089	208.108	0	
116.252	-4.81824	198.52	0	
116.929	-6.23496	202.456	0	
119.162	-5.06599	201.84	0	
119.615	-3.73916	199.342	0	
114.994	-5.2796	199.239	0	
115.679	-4.03432	197.514	0	
113.981	-5.84615	199.429	0	
116.124	-5.9392	201.996	0	
113.712	-6.45608	201.075	0	
114.085	-7.08671	202.131	0	
112.972	-6.46415	199.949	0	
114.645	-7.0435	203.484	0	
113.729	-7.70263	204.781	0	
116.877	-7.70623	205.586	0	
110.966	-6.46242	197.138	0	
111.561	-7.9435	200.068	0	
113.041	-9.03283	206.682	0	
115.316	-8.1751	206.761	0	
115.84	-7.05057	203.872	0	
115.249	-7.50839	205.417	0	
109.697	-6.20014	194.401	0	
110.433	-8.35929	201.607	0	
108.331	-9.71556	198.488	0	
112.666	-10.3107	209.844	0	
125.65	-9.38979	214.556	0	
127.886	-11.0783	217.119	0	
89.8812	-7.5886	200.817	0	
91.2459	-8.54759	201.246	0	
98.8937	-4.31527	190.514	0	
98.6652	-5.03199	187.989	0	
103.216	-7.02962	188.555	0	
102.747	-5.1649	190.772	0	
101.392	-5.89474	187.252	0	
102.147	-6.3595	189.388	0	
104.141	-5.86769	189.006	0	
105.343	-5.78542	190.364	0	
103.532	-6.23584	190.336	0	
103.499	-7.66854	189.921	0	
42.9071	-11.547	149.216	0	
42.8865	-12.334	130.081	0	
41.8185	-10.243	174.649	0	
40.6706	-11.7851	156.294	0	
42.2942	-13.282	120.669	0	
43.1917	-14.2678	98.1166	0	
133.594	-7.0562	207.149	0	
137.735	-6.62774	203.892	0	
-58.4588	-8.90026	299.219	0	
-56.1113	-8.56578	303.852	0	
-55.023	-8.95619	321.845	0	
-54.9044	-7.18814	267.875	0	
83.5945	-7.0562	208.992	0	
87.7351	-6.62774	199.726	0	
-143.222	-6.35627	251.384	0	
-142.781	-8.02507	279.302	0	
127.159	-5.95289	207.125	0	
128.654	-6.72225	209.409	0	
127.621	-8.42423	212.194	0	
131.238	-6.35603	207.04	0	
129.579	-6.28021	207.639	0	
128.982	-5.227	205.886	0	
130.32	-6.77372	209.482	0	
131.342	-5.28679	206.169	0	
-119.437	-7.70458	258.037	0	
-116.561	-6.46304	237.894	0	
-100.31	-6.55924	259.675	0	
-98.8211	-7.82064	298.358	0	
-128.646	-7.23737	252.959	0	
-127.788	-7.49569	265.182	0	
-96.8215	-6.81694	270.999	0	
-94.5124	-5.5815	233.905	0	
-24.2609	-5.54757	227.106	0	
-22.4202	-5.74954	243.628	0	
-21.9278	-7.70416	272.609	0	
-19.0676	-6.4688	227.987	0	
-32.548	-7.40279	306.782	0	
-31.7395	-9.0924	360.501	0	
66.332	-8.12616	213.479	0	
71.5261	-10.2133	201.091	0	
1.60746	-6.3768	190.617	0	
2.98762	-5.5815	198.522	0	
19.1719	-6.44363	202.35	0	
20.5168	-6.24183	202.989	0	
116.67	-6.98316	206.121	0	
118.206	-7.54185	211.407	0	
115.003	-11.7125	216.002	0	
113.98	-8.64637	205.483	0	
114.698	-8.91133	208.79	0	
115.405	-9.98059	212.7	0	
87.8283	-10.4616	217.778	0	
92.1923	-8.31634	197.854	0	
96.9329	-8.34742	190.764	0	
92.6291	-7.61484	195.756	0	
98.3519	-3.65859	189.229	0	
97.0165	-3.22072	188.995	0	
97.8575	-6.3768	187.786	0	
99.2376	-5.5815	189.997	0	
102.788	-5.86162	188.095	0	
102.38	-7.11851	188.604	0	
104.194	-9.07881	191.16	0	
104.987	-9.89475	195.218	0	
-118.653	-8.65266	318.377	0	
-117.828	-8.39037	279.005	0	
-117.861	-6.20008	234.431	0	
-118.272	-6.92484	243.703	0	
-130.536	-7.10721	248.291	0	
-129.289	-9.42152	314.9	0	
-97.5815	-7.87556	307.132	0	
-95.2568	-7.75058	312.063	0	
-21.1376	-8.66733	303.143	0	
-20.311	-8.41462	278.612	0	
-20.3728	-6.19604	233.173	0	
-20.7739	-6.92038	246.814	0	
-27.3724	-9.68332	377.99	0	
-28.9507	-6.32734	274.352	0	
0.483645	-6.94088	192.424	0	
2.2502	-7.8091	188.593	0	
95.9674	-6.09492	188.36	0	
102.124	-8.52375	189.67	0	
101.783	-7.78838	188.092	0	
103.004	-8.49279	189.257	0	
-119.94	-10.0453	355.215	0	
-113.338	-6.95859	254.455	0	
-124.778	-9.42621	343.035	0	
-126.53	-6.25334	232.72	0	
-95.605	-8.65309	330.748	0	
-94.0955	-6.83911	279.098	0	
-21.1937	-9.88356	342.426	0	
-15.8375	-6.95859	216.12	0	
1.90465	-8.69961	185.018	0	
3.40185	-6.85111	194.229	0	
98.1546	-8.69961	187.446	0	
99.6506	-6.85007	188.638	0	
98.5002	-7.8091	188.679	0	
100.02	-9.32057	186.965	0	
103.44	-9.18702	190.692	0	
104.268	-7.99979	190.254	0	
-117.809	-7.49947	276.183	0	
-116.671	-8.84559	315.836	0	
-94.3289	-9.91661	400.528	0	
-92.6488	-7.59168	316.18	0	
-94.3949	-7.68362	301.753	0	
-93.1513	-9.95869	390.586	0	
-20.3035	-7.51439	266.081	0	
-19.144	-8.87905	287.033	0	
3.16845	-9.9454	181.811	0	
4.8512	-7.59169	191.143	0	
3.11634	-7.70789	190.236	0	
4.33851	-10.0009	183.213	0	
98.9478	-9.72332	191.068	0	
100.092	-8.19462	189.015	0	
99.3651	-7.70684	186.878	0	
101.005	-7.63485	187.746	0	
101.988	-9.6876	188.547	0	
103.47	-11.1159	195.302	0	
-116.301	-9.88173	345.662	0	
-113.469	-8.11546	286.43	0	
-20.24	-10.8559	350.693	0	
-15.9696	-8.08779	235.214	0	
35.2442	-8.45298	223.169	0	
38.9208	-9.36115	213.423	0	
48.1001	-12.7988	101.089	0	
49.2005	-14.2941	76.5726	0	
-154.652	-8.53045	201.212	0	
-155.188	-7.73042	185.962	0	
-150.356	-10.859	290.213	0	
-147.83	-8.40829	276.052	0	
-149.935	-7.70691	246.938	0	
-148.969	-6.37959	241.078	0	
-153.935	-12.3097	253.548	0	
-152.534	-12.2021	267.708	0	
-151.354	-13.8045	295.168	0	
-147.833	-12.4152	338.845	0	
-161.542	-4.35298	96.524	0	
-162.013	-5.89085	104.271	0	
-140.394	-10.0494	340.305	0	
-138.882	-11.0856	370.107	0	
-132.728	-8.9899	303.041	0	
-129.347	-7.96204	283.827	0	
141.602	-6.46203	203.639	0	
142.509	-4.89485	201.688	0	
136.667	-6.50789	203.936	0	
138.484	-7.56643	204.37	0	
-122.039	-7.29353	263.861	0	
-120.194	-7.42554	268.522	0	
-80.0357	-6.97728	272.096	0	
-79.1417	-5.98513	240.581	0	
60.5452	-8.35303	202.015	0	
59.1824	-6.32768	228.407	0	
58.8587	-7.7681	221.51	0	
59.7895	-7.78331	214.899	0	
60.9422	-9.29444	193.647	0	
60.702	-6.6214	226.05	0	
50.9433	-9.4377	170.799	0	
53.3917	-9.86841	161.313	0	
52.4645	-10.1225	156.985	0	
53.7952	-11.9869	114.054	0	
-70.285	-8.1039	308.462	0	
-68.6865	-6.57241	274.327	0	
-40.0508	-10.4141	383.266	0	
-34.4849	-7.05313	287.753	0	
-43.9873	-12.2163	403.876	0	
-40.4794	-11.5374	412.601	0	
-9.82406	-6.78835	185.981	0	
-7.5568	-9.51851	198.547	0	
-35.4039	-6.28356	262.801	0	
-31.6838	-7.84914	332.316	0	
86.6672	-6.50789	203.783	0	
88.9556	-8.36655	206.268	0	
64.6348	-7.61182	216.079	0	
64.5247	-8.85654	208.809	0	
120.544	-8.52797	215.039	0	
121.609	-9.8567	216.688	0	
39.068	-8.31563	209.701	0	
39.8334	-10.0105	189.533	0	
132.065	-8.10894	209.715	0	
134.579	-6.79752	206.577	0	
-49.0777	-10.6117	360.363	0	
-48.0469	-12.8894	401.448	0	
-47.2091	-10.2821	354.544	0	
-46.3941	-12.2618	389.996	0	
-44.9606	-12.8724	410.942	0	
-44.5211	-10.9639	381.11	0	
82.0651	-8.10894	216.06	0	
84.5788	-6.79752	204.335	0	
74.0632	-9.85389	215.724	0	
80.269	-8.11095	219.068	0	
77.4553	-8.26557	217.995	0	
78.4147	-7.84708	219.638	0	
-4.53442	-6.78608	184.964	0	
-2.61697	-8.15965	183.808	0	
76.782	-11.4831	215.656	0	
71.8588	-8.22984	217.639	0	
16.5448	-6.34265	204.453	0	
17.4462	-6.95698	201.072	0	
23.3629	-8.06326	206.536	0	
24.2688	-8.8446	210.234	0	
44.2062	-16.8707	63.2065	0	
48.2259	-16.1439	58.0461	0	
-56.3671	-10.5498	343.924	0	
-53.2852	-9.15022	321.264	0	
67.8444	-13.3647	138.15	0	
72.2037	-8.94854	218.083	0	
116.241	-13.2869	221.842	0	
121.483	-11.5237	220.622	0	
89.0017	-9.85206	209.868	0	
92.7993	-9.09526	199.244	0	
93.9818	-8.62374	193.649	0	
96.7536	-6.97181	189.39	0	
95.9103	-4.26288	190.747	0	
97.3378	-4.82405	188.985	0	
-126.047	-8.52485	285.221	0	
-123.286	-8.90714	306.763	0	
-94.467	-12.3784	480.48	0	
-92.452	-10.9645	451.9	0	
-93.9762	-8.39169	334.535	0	
-92.7748	-9.16936	363.941	0	
0.84449	-11.1023	181.093	0	
5.04163	-11.0356	181.455	0	
3.54783	-8.40427	187.909	0	
4.72767	-9.1831	186.98	0	
97.2652	-12.4593	196.143	0	
102.939	-10.1438	191.395	0	
107.046	-11.8504	200.509	0	
107.886	-8.333	197.664	0	
-141.503	-10.1539	339.72	0	
-141.01	-11.9907	378.512	0	
-123.153	-7.68714	271.304	0	
-122.159	-9.57461	330.61	0	
61.9308	-9.43903	196.948	0	
62.1585	-8.60357	199.873	0	
49.769	-10.5909	143.763	0	
52.7782	-11.9807	118.346	0	
-36.7459	-8.7183	361.603	0	
-34.597	-8.98205	365.404	0	
-33.1469	-8.08314	338.086	0	
-32.7074	-9.15986	361.772	0	
129.803	-7.99743	210.263	0	
131.122	-10.7005	213.795	0	
133.152	-8.25322	210.001	0	
136.963	-8.58627	206.447	0	
79.3024	-8.56922	218.71	0	
79.45	-12.4332	215.522	0	
83.1515	-8.25322	213.217	0	
86.9635	-8.58627	210.895	0	
80.187	-7.02475	211.137	0	
81.1185	-6.434	208.163	0	
-5.40971	-8.79385	185.47	0	
-2.58801	-9.02932	182.631	0	
70.0908	-9.11023	209.543	0	
71.824	-11.5212	197.658	0	
-53.5469	-13.9676	399.314	0	
-53.8013	-10.2804	349.165	0	
91.4632	-14.0849	215.177	0	
92.1673	-10.0923	203.207	0	
-93.1324	-12.4078	510.086	0	
-91.9399	-9.16244	354.317	0	
3.06695	-12.4676	181.049	0	
5.55254	-9.17588	187.422	0	
101.055	-12.1415	192.037	0	
103.044	-12.2486	195.287	0	
-132.767	-15.9421	511.776	0	
-135.175	-8.89153	312.475	0	
62.8046	-10.3068	165.081	0	
62.9895	-8.40669	214.815	0	
52.1579	-11.0265	131.649	0	
54.1021	-10.7787	138.659	0	
-34.2809	-7.989	331.914	0	
-33.4063	-9.83421	392.468	0	
-33.3653	-11.4794	455.698	0	
-28.2641	-14.0947	510.444	0	
-6.6939	-9.59162	186.812	0	
-4.08458	-9.31394	183.365	0	
-3.396	-7.76172	183.755	0	
-4.04273	-8.26372	183.491	0	
70.3287	-10.1385	203.265	0	
68.3279	-11.1894	183.95	0	
-93.143	-8.33397	321.558	0	
-94.7856	-9.185	355.979	0	
-89.428	-13.6441	540.587	0	
-90.6254	-11.6538	474.306	0	
4.36705	-8.33427	190.189	0	
2.73839	-9.19757	185.616	0	
8.07627	-13.6504	181.667	0	
6.90124	-11.7026	181.456	0	
60.0575	-12.0771	152.121	0	
66.595	-11.4923	173.799	0	
63.1612	-7.32388	217.628	0	
61.5172	-7.19658	217.24	0	
-1.65624	-9.61482	183.524	0	
-1.87795	-7.79726	184.405	0	
-5.20352	-7.5105	183.365	0	
-4.92786	-9.60644	185.705	0	
-6.28603	-7.27115	184.584	0	
-7.53749	-7.81423	186.697	0	
-5.78498	-10.2021	195.648	0	
-3.78617	-14.7878	210.65	0	
-6.21699	-8.80125	188.95	0	
-6.76421	-7.89729	183.716	0	
-90.6145	-13.1625	524.876	0	
-89.9327	-10.8839	418.975	0	
6.90372	-13.198	176.642	0	
7.58048	-10.9021	182.849	0	
64.652	-10.7086	182.522	0	
65.4729	-7.25728	224.479	0	
-3.07039	-11.1551	186.408	0	
2.32352	-11.2854	177.951	0	
-9.22235	-9.57841	203.722	0	
-6.5835	-12.3877	210.498	0	
-8.16038	-6.76974	184.79	0	
-8.97668	-7.25445	185.099	0	
-11.7136	-6.91446	191.881	0	
-10.2926	-10.1409	216.519	0	
-88.2977	-11.9623	474.824	0	
-88.7915	-10.7108	444.881	0	
-88.3987	-9.48667	354.266	0	
-90.5097	-9.92487	401.403	0	
9.20657	-11.9686	179.003	0	
8.71325	-10.7156	183.4	0	
9.10171	-9.48516	192.298	0	
6.99915	-9.93669	184.926	0	
62.2432	-12.0385	126.271	0	
67.8807	-9.81497	198.439	0	
65.1552	-9.76657	194.227	0	
66.8158	-10.2099	191.599	0	
0.25104	-9.64287	182.185	0	
0.00159165	-8.00288	184.444	0	
66.1244	-9.39074	205.337	0	
68.2927	-8.76372	212.883	0	
-65.7247	-8.82959	325.905	0	
-64.7162	-8.20168	294.447	0	
-62.4767	-8.34644	297.852	0	
-61.9662	-10.8343	361.224	0	
29.5879	-8.41475	214.072	0	
32.7838	-8.20168	223.169	0	
-144.896	-9.60092	311.498	0	
-140.162	-10.9086	362.873	0	
-136.982	-10.1877	330.251	0	
-135.15	-11.9845	411.621	0	
-115.325	-7.92699	283.61	0	
-114.424	-8.64027	297.731	0	
-89.4576	-6.55474	269.222	0	
-90.7465	-6.6633	277.78	0	
-107.048	-6.54471	245.562	0	
-105.245	-7.51478	266.468	0	
-104.095	-7.32661	268.568	0	
-104.622	-9.71353	350.866	0	
-17.8049	-7.93577	248.075	0	
-16.9048	-8.62138	247.609	0	
8.04235	-6.55474	200.259	0	
6.75351	-6.6633	200.309	0	
-51.7681	-10.905	365.083	0	
-49.5375	-11.9461	383.216	0	
-111.36	-7.55964	274.508	0	
-112.497	-8.64001	300.714	0	
17.4873	-9.03029	193.646	0	
21.5713	-10.1789	200.498	0	
143.931	-7.08226	207.5	0	
146.799	-8.67489	212.2	0	
127.035	-9.57891	217.712	0	
129.973	-11.8066	218.621	0	
-101.009	-7.57285	285.985	0	
-99.5264	-8.70057	330.993	0	
-117.489	-10.6133	377.992	0	
-114.76	-11.1822	410.359	0	
35.6113	-11.3243	207.996	0	
37.6042	-9.71931	205.967	0	
-156.725	-10.5305	189.482	0	
-154.939	-11.1671	221.672	0	
-156.499	-6.57422	160.033	0	
-158.511	-7.31253	141.525	0	
140.547	-7.98569	206.558	0	
143.835	-8.48701	208.553	0	
135.32	-7.77194	206.587	0	
138.168	-8.39728	207.141	0	
136.835	-9.73837	209.501	0	
141.554	-7.53028	206.206	0	
58.3712	-13.3643	73.8109	0	
58.1666	-9.76208	194.542	0	
-72.4144	-8.27874	324.498	0	
-67.3127	-11.5071	396.525	0	
-37.3167	-13.0553	464.436	0	
-35.536	-9.36535	379.144	0	
85.3196	-7.77194	212.15	0	
87.9106	-7.82404	205.076	0	
118.871	-8.74863	209.621	0	
118.071	-12.0276	217.882	0	
39.6963	-11.2095	180.347	0	
41.8381	-11.1593	163.246	0	
37.1584	-11.0247	198.603	0	
38.9169	-14.6352	136.826	0	
-48.7162	-14.7003	429.643	0	
-42.6835	-12.4469	416.644	0	
77.3378	-9.41823	222.026	0	
81.2785	-8.84713	218.571	0	
73.2321	-11.4501	191.589	0	
72.9737	-14.3779	150.625	0	
22.0749	-7.97533	202.079	0	
20.3924	-11.1167	203.503	0	
-122.025	-10.9154	383.618	0	
-118.683	-9.83945	334.343	0	
51.2329	-11.1734	131.315	0	
52.1953	-12.8346	96.1444	0	
50.6375	-10.3522	153.572	0	
49.5661	-11.7691	124.285	0	
50.2792	-13.7584	84.9532	0	
54.9638	-13.0675	82.5033	0	
-5.49671	-11.6317	198.114	0	
-0.405295	-14.2144	194.671	0	
-13.2578	-10.7855	241.793	0	
-9.30862	-12.7098	232.471	0	
-13.1988	-7.23065	200.75	0	
-11.166	-9.07689	206.589	0	
69.8755	-12.6907	167.901	0	
65.3546	-12.6349	132.331	0	
-66.6282	-8.03009	290.936	0	
-65.8751	-10.3924	356.986	0	
-61.3283	-12.5359	403.396	0	
-59.822	-13.0431	388.69	0	
32.1546	-13.1419	208.501	0	
34.3957	-10.3509	217.863	0	
31.725	-9.10428	222.199	0	
31.7978	-10.4862	218.05	0	
-145.852	-10.7042	338.555	0	
-142.264	-10.847	351.384	0	
-143.342	-10.7138	346.297	0	
-142.004	-11.8246	375.243	0	
-143.717	-11.9092	366.186	0	
-142.766	-12.6316	384.646	0	
-142.446	-13.716	409.876	0	
-140.641	-12.9586	411.603	0	
-114.982	-9.86012	354.818	0	
-112.336	-10.1232	374.735	0	
-108.486	-7.98727	296.55	0	
-105.569	-8.3678	321.895	0	
-106.922	-9.65878	359.408	0	
-103.091	-7.99693	288.099	0	
-16.9751	-9.76753	287.432	0	
-14.6983	-10.2327	258.798	0	
-53.1733	-11.2586	359.771	0	
-54.2336	-12.8416	398.824	0	
149.382	-9.03653	216.456	0	
146.737	-6.60147	210.476	0	
-98.9278	-9.98631	390.767	0	
-96.8791	-8.72533	353.809	0	
-158.804	-9.33775	154.538	0	
-159.058	-14.5601	186.687	0	
135.002	-9.28512	210.218	0	
135.765	-10.3009	209.338	0	
141.44	-15.4584	212.574	0	
141.678	-10.0201	209.619	0	
140.321	-9.55402	208.266	0	
142.559	-8.51668	208.149	0	
85.0016	-9.28512	215.424	0	
85.7647	-10.3009	222.396	0	
-43.809	-10.2505	366.235	0	
-41.9054	-13.3296	436.851	0	
76.2743	-10.2008	216.403	0	
78.1601	-11.4232	214.797	0	
78.2387	-10.1759	220.685	0	
79.2439	-9.7454	223.186	0	
25.2914	-10.9172	216.538	0	
26.5526	-8.2935	217.195	0	
-124.946	-10.9958	370.414	0	
-123.029	-13.5915	468.786	0	
-120.68	-11.2528	388.403	0	
-118.638	-12.7939	470.186	0	
52.0497	-18.557	32.2248	0	
54.3086	-14.5722	64.7824	0	
65.4005	-11.6151	160.704	0	
66.8538	-13.7691	123.014	0	
-68.0128	-8.79928	335.821	0	
-68.5468	-10.7135	359.891	0	
-141.315	-13.8769	423.846	0	
-139.374	-15.0529	450.005	0	
-108.81	-9.4528	327.568	0	
-107.992	-10.2213	391.273	0	
-102.39	-12.0568	462.771	0	
-103.297	-10.1943	378.393	0	
-19.017	-10.1041	315.053	0	
-16.2414	-12.0843	330.936	0	
-15.7882	-10.834	277.513	0	
-12.4716	-9.39904	227.864	0	
-101.203	-12.2696	466.892	0	
-96.7329	-12.591	494.68	0	
135.653	-12.0415	213.676	0	
138.166	-10.5974	208.954	0	
85.3196	-11.9537	223.791	0	
90.1078	-10.5814	213.319	0	
-40.2615	-12.7769	440.714	0	
-42.04	-11.4311	404.728	0	
66.796	-15.161	97.8454	0	
71.4086	-14.1256	147.91	0	
-143.368	-14.7702	425.052	0	
-141.356	-16.7587	467.689	0	
-109.726	-12.3007	472.878	0	
-105.585	-10.5183	388.429	0	
69.0775	-13.8222	133.677	0	
69.4306	-11.3148	180.721	0	
-142.979	-16.4059	454.996	0	
-135.437	-17.0036	523.105	0	
-108.514	-15.8567	585.484	0	
-105.497	-13.5954	500.761	0	
-83.7698	-11.2519	442.121	0	
-84.7768	-8.5285	343.63	0	
16.3389	-10.2469	196.228	0	
12.7232	-8.5285	191.258	0	
-72.2916	-10.8865	399.406	0	
-71.1227	-8.96218	323.431	0	
147.352	-11.3851	213.877	0	
153.878	-9.26639	229.616	0	
124.619	-10.2819	218.216	0	
123.277	-9.39622	216.929	0	
-76.0444	-6.934	280.379	0	
-78.0161	-8.49211	309.943	0	
-132.683	-11.1551	378.392	0	
-130.566	-12.2556	423.951	0	
-23.873	-10.3882	376.195	0	
-20.3311	-13.3401	415.449	0	
49.113	-15.5167	64.8638	0	
50.1798	-17.1427	48.8494	0	
-131.48	-8.92065	305.369	0	
-130.485	-9.98181	344.566	0	
106.506	-8.40445	194.635	0	
107.343	-10.4788	199.414	0	
-37.6828	-10.0191	384.366	0	
-34.5844	-12.1069	448.015	0	
101.915	-12.996	198.116	0	
105.534	-12.0974	199.516	0	
-35.5643	-10.845	423.645	0	
-31.7471	-14.4027	520.798	0	
-0.44894	-12.1782	184.55	0	
2.58633	-14.1423	182.988	0	
-137.296	-13.4486	446.558	0	
-132.803	-13.5049	450.136	0	
-135.722	-10.8332	364.029	0	
-133.423	-12.2295	409.824	0	
-118.21	-14.8648	526.041	0	
-116.027	-12.5168	440.42	0	
33.2782	-12.2776	208.057	0	
37.8175	-13.3224	154.958	0	
20.0053	-13.7281	196.51	0	
22.9666	-10.7764	208.045	0	
-11.2162	-15.6864	306.717	0	
-8.62183	-14.0167	245.848	0	
-6.61423	-13.9488	226.302	0	
-8.05462	-11.5758	220.377	0	
-58.8949	-14.2758	415.115	0	
-56.339	-13.0579	383.141	0	
30.3602	-11.6009	224.964	0	
30.4991	-12.8652	207.144	0	
-148.141	-9.92691	299.81	0	
-146.834	-13.2607	361.341	0	
-113.446	-11.4275	411.535	0	
-110.049	-9.5121	357.341	0	
-113.254	-13.3537	490.276	0	
-110.896	-10.6483	380.329	0	
144.944	-6.85522	207.509	0	
144.896	-9.71322	211.506	0	
-160.381	-9.44058	144.589	0	
-159.176	-11.769	170.11	0	
-156.521	-12.7272	206.245	0	
-158.362	-13.1206	191.464	0	
76.4287	-14.7249	192.643	0	
80.1935	-10.4932	222.703	0	
82.881	-13.0447	220.507	0	
82.1326	-10.747	224.697	0	
80.4781	-11.9337	222.248	0	
83.3105	-10.6902	221.443	0	
81.7093	-12.0797	226.973	0	
82.8154	-14.9527	223.207	0	
87.6981	-14.6078	220.242	0	
88.7972	-13.8841	219.679	0	
23.7608	-13.7422	210.274	0	
28.4879	-11.6005	211.813	0	
-66.7028	-13.7503	431.474	0	
-64.7854	-13.2277	416.288	0	
-102.691	-9.25561	348.282	0	
-103.348	-13.5736	530.186	0	
-102.316	-15.2884	556.676	0	
-99.0763	-12.5833	492.559	0	
-100.256	-13.4869	514.252	0	
-99.4179	-11.0937	432.457	0	
-16.0618	-13.9927	351.363	0	
-12.3081	-12.38	266.14	0	
133.054	-11.1573	214.506	0	
134.015	-16.8703	211.756	0	
87.74	-11.7894	220.905	0	
88.7921	-12.5412	220.385	0	
-145.328	-13.1711	377.028	0	
-144.149	-17.5877	445.407	0	
69.8373	-15.3012	116.77	0	
71.0715	-12.8222	163.355	0	
-74.5723	-12.9682	471.261	0	
-69.991	-11.4448	408.305	0	
150.016	-7.8028	217.867	0	
148.746	-7.3601	215.35	0	
-79.5408	-8.74616	348.76	0	
-80.6543	-10.0595	384.844	0	
-18.0899	-10.6074	311.438	0	
-21.0017	-12.3005	389.3	0	
48.2604	-13.8599	85.3231	0	
50.0682	-15.9568	58.5031	0	
46.0143	-13.7756	94.0989	0	
47.2314	-14.5962	80.8042	0	
48.2837	-17.2594	50.4576	0	
51.7871	-15.4332	64.3046	0	
45.435	-16.1424	70.0365	0	
47.2845	-15.6576	63.0053	0	
50.8748	-19.8493	34.7164	0	
51.4276	-17.074	46.4543	0	
43.0541	-15.6939	82.76	0	
48.1181	-19.7833	33.9304	0	
46.372	-16.6612	57.8356	0	
46.7992	-19.0491	41.8217	0	
47.0377	-17.7488	46.5679	0	
49.3554	-19.0417	35.6957	0	
108.052	-13.0174	205.776	0	
113.528	-12.0121	213.13	0	
102.189	-14.5828	201.222	0	
103.789	-13.1323	199.896	0	
-36.9365	-11.3773	431.186	0	
-39.0078	-13.6529	468.157	0	
-133.438	-14.7017	491.079	0	
-131.142	-11.2267	380.192	0	
21.5892	-15.8914	197.145	0	
22.4921	-12.379	203.295	0	
-5.464	-15.5312	232.12	0	
-3.8496	-12.4493	200.121	0	
33.6437	-15.2312	176.436	0	
34.7396	-12.5615	197.651	0	
144.218	-11.4523	212.468	0	
145.813	-12.7037	214.332	0	
-161.367	-8.45768	120.786	0	
-163.139	-10.6418	123.46	0	
-100.411	-14.9889	573.5	0	
-97.8938	-15.0484	573.774	0	
86.3016	-12.719	225.403	0	
86.2547	-14.1944	224.335	0	
90.4287	-14.68	218.605	0	
89.9864	-11.9428	214.189	0	
68.5464	-16.2356	91.04	0	
69.672	-19.401	68.0207	0	
-70.0438	-19.7434	575.61	0	
-72.3288	-12.7313	439.703	0	
-21.2095	-15.5079	440.178	0	
-14.5669	-15.1317	342.471	0	
50.2746	-22.0189	24.62	0	
56.919	-20.9693	22.8966	0	
43.7867	-18.6989	54.7562	0	
46.7047	-23.1532	28.5247	0	
99.426	-15.5375	200.652	0	
104.615	-15.4444	204.626	0	
103.381	-14.4713	200.232	0	
104.617	-16.9513	202.207	0	
106.053	-17.9202	207.816	0	
108.432	-16.031	210.572	0	
-130.953	-15.9811	537.504	0	
-131.488	-13.4594	459.32	0	
142.277	-11.7295	211.397	0	
140.713	-13.5186	210.967	0	
148.737	-16.4397	216.734	0	
151.966	-11.5056	221.311	0	
89.8094	-16.6539	213.533	0	
93.0979	-14.3591	206.848	0	
72.1247	-16.6943	115.848	0	
74.0446	-13.0034	193.954	0	
94.379	-15.4001	210.94	0	
92.2859	-11.5741	206.402	0	
72.1069	-18.7541	88.3286	0	
74.9883	-16.3762	142.795	0	
96.1594	-14.9268	203.776	0	
94.1988	-12.895	206.381	0	
75.2581	-18.0251	119.619	0	
76.0064	-12.8074	186.116	0	
110.841	-10.7881	208.289	0	
110.013	-12.5807	208.205	0	
-26.0132	-8.53238	334.301	0	
-26.8232	-6.98109	296.036	0	
130.596	-14.0507	215.371	0	
134.127	-12.6753	212.188	0	
-94.9642	-10.8929	440.698	0	
-95.5215	-15.0074	582.426	0	
56.4608	-16.486	40.2258	0	
65.1447	-15.5839	89.0842	0	
14.8079	-9.98466	189.007	0	
17.8129	-12.5306	194.864	0	
-43.8687	-19.1773	476.947	0	
-42.3181	-14.5444	451.321	0	
-56.452	-15.7945	423.7	0	
-53.8368	-17.0766	433.034	0	
-127.863	-11.4102	389.564	0	
-124.153	-14.7693	537.576	0	
-126.988	-17.2702	581.803	0	
-120.959	-17.8924	631.68	0	
-82.7229	-12.797	486.214	0	
-80.4635	-12.7636	481.034	0	
-25.4479	-11.7809	417.474	0	
-25.1628	-13.2498	471.718	0	
1.18639	-15.1841	195.382	0	
5.46391	-13.6162	180.536	0	
-119.86	-15.5989	572.743	0	
-116.141	-17.1793	602.662	0	
-60.3198	-17.3695	458.807	0	
-57.6917	-16.8374	446.447	0	
-59.3933	-19.7974	476.521	0	
-57.5448	-19.1921	454.853	0	
-49.1406	-22.7575	459.741	0	
-54.7536	-15.7989	431.476	0	
-147.278	-11.012	317.071	0	
-149.71	-9.82016	279.384	0	
-154.974	-17.4267	273.27	0	
-152.997	-17.8031	313.813	0	
-161.257	-14.9466	182.267	0	
-160.329	-17.9665	213.338	0	
26.8401	-13.3535	220.745	0	
25.3584	-12.8806	205.464	0	
-147.098	-14.7385	381.161	0	
-144.623	-14.5258	400.244	0	
-149.845	-13.7749	334.577	0	
-148.214	-20.9839	404.71	0	
-144.916	-21.0622	457.539	0	
-139.098	-18.6886	525.798	0	
38.0346	-16.2091	119.517	0	
45.1054	-19.7895	41.0607	0	
-41.5437	-17.3198	480.582	0	
-35.2965	-15.2925	520.099	0	
-8.12567	-16.7639	278.301	0	
-1.10043	-21.6068	249.514	0	
27.5444	-14.8164	198.238	0	
32.2776	-14.6131	194.589	0	
33.7977	-16.6649	157.729	0	
35.307	-17.0732	137.689	0	
-160.876	-6.86034	116.354	0	
-163.538	-6.65606	102.814	0	
-164.888	-11.806	125.016	0	
-161.749	-16.8163	171.879	0	
-103.146	-22.0076	728.155	0	
-94.6717	-19.7992	690.283	0	
84.6252	-15.5146	210.164	0	
81.6316	-19.0927	182.788	0	
-22.9247	-15.5708	486.874	0	
-23.899	-16.9126	491.062	0	
-19.341	-16.475	444.664	0	
-15.5919	-19.7211	422.629	0	
44.9497	-21.7342	34.9117	0	
47.5549	-27.562	21.6842	0	
96.2187	-18.1164	208.186	0	
102.007	-20.0146	198.037	0	
-134.79	-14.656	467.239	0	
-137.331	-14.9865	459.999	0	
-125.055	-18.8174	627.173	0	
-125.955	-13.9447	478.201	0	
-130.309	-14.6952	496.722	0	
-126.457	-11.9452	426.73	0	
-128.83	-14.1409	484.11	0	
-127.19	-15.0426	537.212	0	
97.766	-16.2845	205.267	0	
99.7144	-12.3557	195.503	0	
-96.4492	-11.055	443.49	0	
-97.9307	-13.3288	524.375	0	
-96.6752	-15.7459	610.272	0	
-95.5423	-13.572	528.329	0	
-95.3472	-18.0334	674.488	0	
-92.8429	-15.2105	598.821	0	
13.6953	-11.1551	190.055	0	
14.7422	-12.7002	183.974	0	
-43.1677	-17.5243	466.066	0	
-41.1435	-15.7034	473.402	0	
-27.2197	-11.0987	453.106	0	
-30.5137	-11.2411	460.221	0	
1.26769	-17.2028	198.575	0	
4.282	-14.8212	182.968	0	
-116.242	-19.0374	652.851	0	
-114.514	-16.4023	584.795	0	
-157.484	-18.8206	241.29	0	
-154.708	-20.9576	300.178	0	
-152.505	-15.1121	294.447	0	
-149.771	-19.4101	391.987	0	
-147.066	-17.904	396.17	0	
-148.655	-17.0383	392.563	0	
41.586	-19.1822	63.1306	0	
41.7266	-22.6211	44.4915	0	
25.6982	-18.0872	185.668	0	
31.2506	-20.7715	140.254	0	
32.3798	-17.6936	158.628	0	
32.5962	-19.4258	138.817	0	
36.8985	-20.6141	93.7734	0	
40.461	-14.5388	115.412	0	
-164.924	-3.95572	83.9287	0	
-166.686	-6.12292	88.1782	0	
-166.334	-10.8337	105.667	0	
-172.03	-10.565	91.2174	0	
-164.556	-13.6685	136.592	0	
-166.18	-15.4776	137.109	0	
-100.245	-19.8587	693.463	0	
-101.093	-21.6905	748.41	0	
87.8373	-16.5788	216.739	0	
85.7528	-17.2293	216.449	0	
-135.881	-13.2142	431.467	0	
-138.498	-15.7999	485.708	0	
-140.724	-18.4569	506.467	0	
-135.949	-15.5717	501.352	0	
-133.606	-17.3282	547.086	0	
-136.555	-18.0593	532.136	0	
96.2957	-9.52087	188.122	0	
98.9635	-13.4961	198.434	0	
93.8242	-11.5044	200.573	0	
96.1212	-13.1429	203.85	0	
-94.1822	-17.1629	643.737	0	
-91.6828	-16.5894	622.823	0	
-96.637	-17.2121	636.619	0	
-90.4089	-19.8185	719.284	0	
-92.7688	-19.6615	680.587	0	
-88.731	-18.1555	641.48	0	
-45.8921	-19.6077	458.815	0	
-36.5129	-16.6067	505.812	0	
-26.4327	-14.5672	486.287	0	
-25.8376	-16.1578	520.793	0	
-113.072	-20.4128	721.277	0	
-113.334	-17.4098	626.807	0	
-111.76	-14.4927	540.948	0	
-114.443	-14.5879	533.676	0	
-151.408	-23.2137	366.427	0	
-140.471	-21.1779	542.685	0	
-151.895	-16.6214	317.742	0	
-151.56	-19.5365	331.424	0	
30.5942	-17.0205	180.941	0	
27.1879	-17.089	191.828	0	
31.7337	-22.5728	119.485	0	
33.7413	-22.7787	103.372	0	
40.7407	-20.7771	58.234	0	
40.4218	-17.7863	76.4457	0	
38.5301	-17.7729	105.956	0	
41.4704	-16.1262	94.9967	0	
-166.727	-3.2967	80.3077	0	
-167.943	-4.75015	80.9259	0	
-168.31	-10.5032	99.3295	0	
-165.62	-8.83736	103.522	0	
-136.767	-19.9531	565.213	0	
-131.718	-24.019	658.328	0	
-97.8464	-17.9279	665.715	0	
-96.3158	-20.4999	735.975	0	
-40.6207	-20.0975	494.27	0	
-39.4771	-15.3646	476.183	0	
-99.1852	-17.2182	645.518	0	
-100.819	-18.405	682.329	0	
-103.398	-16.5835	635.017	0	
-106.678	-15.4552	568.228	0	
63.3754	-14.8295	92.4566	0	
67.8621	-17.7958	73.6796	0	
61.4522	-16.4581	49.6835	0	
65.4177	-17.4133	67.442	0	
-108.965	-17.5483	617.345	0	
-106.235	-18.2222	653.774	0	
-11.4735	-18.1289	326.361	0	
-6.21706	-17.078	250.756	0	
107.238	-14.6529	204.977	0	
111.045	-15.3298	212.501	0	
21.5697	-17.4132	191.854	0	
24.1798	-17.0518	193.928	0	
20.2607	-18.2368	191.408	0	
22.3866	-21.0649	179.997	0	
18.8392	-16.1026	192.099	0	
20.5924	-23.109	185.728	0	
22.0955	-19.6923	188.082	0	
20.3775	-19.7177	187.963	0	
14.5154	-15.854	182.294	0	
17.7575	-18.891	190.054	0	
18.7585	-20.3298	189.759	0	
18.6822	-22.3485	187.138	0	
20.2165	-15.2268	191.498	0	
18.1823	-13.8391	190.032	0	
12.0077	-18.0161	186.936	0	
16.4106	-18.1396	185.102	0	
16.1943	-22.9031	197.387	0	
16.3093	-26.1692	194.935	0	
12.2316	-20.2722	191.726	0	
14.9004	-18.7039	188.811	0	
8.17806	-18.483	189.469	0	
13.9389	-27.7445	221.31	0	
103.926	-21.3259	204.226	0	
107.72	-20.7428	205.007	0	
65.5914	-22.203	40.7081	0	
73.6712	-23.569	70.4001	0	
77.173	-18.5179	134.447	0	
78.4942	-14.4107	181.607	0	
77.7655	-20.4311	134.711	0	
80.1027	-20.9293	141.548	0	
127.196	-15.0624	216.974	0	
132.097	-18.7523	212.444	0	
-47.5366	-18.3194	452.989	0	
-50.9254	-15.2368	418.943	0	
-124.187	-23.2487	705.468	0	
-118.892	-19.775	686.137	0	
-160.823	-20.3698	211.552	0	
-155.622	-18.9236	280.068	0	
-31.9734	-12.4759	465.072	0	
-33.2079	-15.7209	512.591	0	
-0.9489	-17.7762	225.408	0	
-5.34992	-19.3206	271.421	0	
40.1094	-24.1189	46.0708	0	
43.3406	-23.2183	34.9612	0	
-143.68	-19.4956	476.647	0	
-138.639	-20.3011	538.781	0	
-144.352	-23.9754	498.599	0	
-141.858	-25.2185	540.78	0	
-86.7878	-17.4001	619.734	0	
-89.1011	-15.2064	589.867	0	
-46.7173	-21.9615	470.563	0	
-45.13	-23.3864	469.334	0	
-27.3633	-18.335	528.342	0	
-26.2037	-20.7034	530.308	0	
-116.399	-24.4712	772.115	0	
-107.753	-18.6404	665.169	0	
29.3627	-20.266	157.027	0	
28.9227	-18.2471	178.973	0	
30.366	-23.9241	124.335	0	
31.1481	-25.772	106.175	0	
36.4495	-24.55	66.7206	0	
38.2951	-21.4718	64.2127	0	
-171.208	-4.39176	77.1371	0	
-168.887	-8.16637	92.5924	0	
-125.65	-21.3686	668.372	0	
-132.391	-19.3541	610.121	0	
-38.7794	-18.0542	501.814	0	
-36.9817	-20.8772	514.519	0	
-40.3711	-18.4992	488.2	0	
-38.8284	-23.5334	499.645	0	
-34.5284	-24.0633	511.557	0	
-35.757	-18.3142	522.22	0	
-31.5722	-20.9999	530.302	0	
-21.5486	-20.8707	471.08	0	
59.1756	-15.8193	73.1961	0	
60.2131	-21.554	23.9775	0	
-13.7012	-18.1315	367.439	0	
-10.5465	-28.3185	387.913	0	
-9.60633	-18.7793	305.85	0	
-9.02483	-21.4386	337.131	0	
102.703	-26.0943	188.1	0	
108.974	-22.7225	202.181	0	
112.176	-21.9419	202.522	0	
111.747	-19.4373	212.329	0	
-163.059	-21.4885	199.136	0	
-162.942	-24.7409	214.379	0	
-158.888	-20.8035	246.623	0	
-155.905	-23.0771	295.074	0	
-29.7856	-15.1674	513.632	0	
-33.6209	-20.6433	528.971	0	
-110.585	-18.0704	657.763	0	
-109.411	-20.8882	718.23	0	
28.0295	-21.617	158.632	0	
24.673	-29.0584	151.231	0	
31.0467	-29.3819	94.1948	0	
33.287	-29.7769	79.846	0	
34.3493	-27.7652	72.9367	0	
44.4762	-26.695	27.4559	0	
-175.446	-4.67804	80.3296	0	
-173.367	-5.35349	78.4894	0	
-2.94048	-24.0281	270.178	0	
-2.39651	-19.614	241.044	0	
-154.349	-26.2471	338.503	0	
-152.623	-21.1941	349.468	0	
-27.6129	-23.9595	518.683	0	
-26.1777	-28.2052	489.174	0	
-35.0181	-21.8235	514.443	0	
-29.4798	-17.8169	548.992	0	
-111.769	-16.7343	583.858	0	
-114.376	-19.4349	623.834	0	
-109.85	-23.4482	733.683	0	
-106.528	-21.2687	715.296	0	
26.0997	-20.5963	173.74	0	
23.5317	-26.3935	169.446	0	
27.1249	-25.1252	148.969	0	
24.9547	-24.3262	161.787	0	
28.9356	-30.473	107.94	0	
29.605	-33.2284	92.9735	0	
38.4595	-30.7474	46.155	0	
36.4031	-26.9264	63.6272	0	
-176.818	-12.6048	97.2038	0	
-172.017	-8.17121	87.9611	0	
-36.5986	-25.2205	498.94	0	
-30.6245	-23.7071	521.194	0	
-32.7198	-17.6324	538.212	0	
-30.9533	-18.9639	530.13	0	
-112.567	-23.1345	723.692	0	
-107.285	-35.167	813.317	0	
-106.178	-22.92	745.275	0	
-105.611	-16.7286	608.535	0	
-104.102	-23.5609	762.569	0	
-104.837	-20.5555	717.499	0	
-104.727	-19.1954	669.923	0	
-102.717	-18.175	642.749	0	
-103.328	-26.2774	774.906	0	
-96.3458	-22.7906	749.193	0	
-175.92	-8.31013	86.2419	0	
-168.988	-14.8001	115.582	0	
-34.6477	-29.5893	493.429	0	
-32.1834	-25.5903	511.196	0	
-177.364	-6.71058	77.7314	0	
-180.362	-6.40708	84.6869	0	
-174.813	-10.7896	90.509	0	
-173.565	-20.7896	136.649	0	
115.662	-17.2641	220.104	0	
118.891	-16.3612	222.37	0	
131.574	-21.3807	208.963	0	
136.237	-24.6716	203.674	0	
138.931	-17.5762	209.26	0	
139.374	-21.5125	205.727	0	
144.471	-19.0084	212.142	0	
147.509	-25.8122	209.955	0	
93.8504	-17.2832	205.908	0	
93.2798	-24.4882	177.24	0	
75.2174	-21.2567	91.3549	0	
75.3134	-25.9423	68.6222	0	
83.2117	-23.3194	144.467	0	
84.4845	-19.1288	183.738	0	
125.481	-16.7807	220.484	0	
127.993	-19.3038	212.918	0	
-55.3884	-19.4269	459.379	0	
-50.2037	-18.5932	446.748	0	
-129.271	-17.6543	592.561	0	
-128.181	-21.8082	660.362	0	
5.51521	-20.3065	207.333	0	
4.66875	-16.5067	189.725	0	
45.7692	-30.9788	23.0847	0	
46.3897	-25.7215	26.2948	0	
-50.9825	-20.6776	461.896	0	
-47.9702	-27.1868	473.019	0	
106.833	-29.7042	180.574	0	
107.27	-24.6077	195.142	0	
40.1288	-26.4612	46.9235	0	
43.182	-25.6107	33.9307	0	
-5.56367	-24.3805	320.934	0	
-1.22669	-26.0962	279.828	0	
23.2508	-31.8948	163.831	0	
27.8494	-35.7941	124.32	0	
142.358	-29.3454	205.055	0	
147.726	-19.5808	215.705	0	
91.2189	-18.1385	217.493	0	
88.271	-22.1368	183.542	0	
74.3877	-31.8657	46.9599	0	
80.2543	-30.5884	83.1767	0	
83.7215	-26.3098	123.182	0	
88.5876	-24.5035	169.2	0	
122.5	-14.7547	224.595	0	
122.737	-20.088	212.233	0	
6.23027	-23.0053	220.122	0	
10.3749	-21.0233	201.221	0	
38.1281	-28.0573	46.6258	0	
36.8513	-32.3627	54.4594	0	
19.4373	-28.271	191.111	0	
14.1254	-32.6073	220.21	0	
121.732	-18.1881	219.803	0	
123.285	-16.4731	217.927	0	
119.829	-23.5755	208.235	0	
126.559	-22.3204	207.17	0	
1.42789	-24.4933	247.422	0	
4.07094	-28.4086	255.047	0	
116.676	-15.5756	218.405	0	
117.78	-19.1817	216.635	0	
125.974	-18.7283	213.009	0	
126.066	-24.1215	202.437	0	
125.952	-28.125	195.836	0	
132.523	-23.716	201.444	0	
-67.2629	-18.7538	502.168	0	
-67.7267	-15.6976	505.401	0	
-42.9304	-22.4264	483.441	0	
-41.5226	-26.6139	485.237	0	
61.8533	-24.4288	23.0108	0	
68.5953	-21.8336	46.9691	0	
-165.385	-19.6002	167.999	0	
-168.217	-20.48	158.163	0	
-165.288	-30.4416	209.779	0	
-155.379	-28.8576	325.059	0	
-158.754	-28.5063	301.936	0	
-143.826	-30.4339	506.302	0	
-151.937	-26.1472	370.044	0	
-149.489	-29.0726	423.692	0	
35.4253	-43.6249	70.0341	0	
47.8813	-39.071	25.8231	0	
-106.335	-27.1938	792.407	0	
-109.412	-30.6585	792.996	0	
-100.358	-26.6062	784.436	0	
-93.0975	-31.0315	789.2	0	
-39.6678	-30.9387	487.308	0	
-18.983	-32.3694	459.425	0	
-129.252	-23.8223	662.471	0	
-125.471	-25.5532	702.039	0	
-133.167	-21.7178	612.969	0	
-132.065	-29.0025	675.95	0	
-123.66	-28.5006	759.327	0	
-118.265	-28.2436	757.6	0	
-137.091	-24.3197	592.843	0	
-133.344	-26.8778	647.153	0	
-132.756	-34.7172	641.597	0	
-124.863	-30.76	707.565	0	
44.0967	-35.0389	29.4569	0	
51.98	-34.0633	17.1779	0	
-45.5009	-26.021	478.984	0	
-41.1634	-24.0563	484.497	0	
-54.0711	-21.2909	458.897	0	
-52.8273	-26.0971	475.929	0	
-11.4651	-24.603	369.032	0	
-1.04457	-29.1495	309.616	0	
93.2682	-22.0242	199.667	0	
90.8454	-20.6518	195.456	0	
90.748	-28.3391	155.45	0	
95.0458	-26.8961	173.598	0	
80.8116	-27.8042	103.389	0	
88.4094	-37.1903	109.95	0	
41.5874	-27.3557	34.1729	0	
42.1222	-29.7168	32.9919	0	
36.6445	-35.0919	59.3168	0	
40.2057	-36.7867	44.4194	0	
119.598	-26.6283	193.041	0	
123.487	-24.4693	203.181	0	
117.28	-28.2905	191.799	0	
121.607	-30.6987	188.902	0	
129.6	-30.5909	193.962	0	
130.183	-26.4786	201.093	0	
-44.0549	-30.8728	485.899	0	
-42.0099	-32.5208	485.462	0	
-127.861	-30.134	710.053	0	
-120.235	-35.0444	728.965	0	
-139.97	-23.4677	561.26	0	
-141.16	-28.6679	550.665	0	
-55.0339	-24.1196	484.465	0	
-46.4783	-31.9114	488.975	0	
-16.7957	-40.961	448.092	0	
-4.18747	-30.5698	341.506	0	
1.78557	-30.5071	279.243	0	
3.89538	-25.4482	248.133	0	
87.7729	-29.3315	140.287	0	
83.56	-32.677	94.185	0	
36.3967	-40.083	61.7206	0	
28.9306	-41.1332	115.482	0	
114.365	-26.9205	191.854	0	
107.895	-32.4512	172.49	0	
124.397	-31.867	187.93	0	
126.958	-30.3123	188.538	0	
130.645	-32.973	186.506	0	
134.884	-31.6686	192.308	0	
-48.5532	-29.8231	489.848	0	
-41.9956	-35.4609	494.238	0	
3.61457	-33.9964	292.221	0	
7.79766	-28.9935	253.165	0	
39.7541	-42.1414	46.5086	0	
49.3234	-37.1623	23.1767	0	
128.845	-35.4824	185.99	0	
131.066	-45.4895	178.642	0	
137.911	-32.0933	197.156	0	
136.467	-27.8946	198.406	0	
-44.1713	-37.4274	503.911	0	
-35.8937	-34.8196	487.395	0	
125.239	-34.655	179.306	0	
122.292	-37.1884	178.232	0	
134.688	-37.383	187.92	0	
131.392	-38.7053	182.981	0	
137.858	-38.4299	193.904	0	
143.835	-26.3166	205.723	0	
10.3987	-35.3307	259.246	0	
20.3144	-31.7355	178.732	0	
99.3389	-24.8964	188.227	0	
99.3845	-30.3643	171.791	0	
98.0328	-32.6875	153.359	0	
101.519	-35.69	151.795	0	
94.4831	-32.3548	147.576	0	
94.5068	-37.1853	134.005	0	
100.904	-40.7363	138.689	0	
112.507	-32.1396	178.281	0	
92.7726	-39.4143	119.341	0	
96.2277	-42.3081	126.077	0	
105.818	-42.8378	145.612	0	
107.686	-39.0848	157.657	0	
105.925	-34.2567	163.523	0	
105.563	-37.4647	154.572	0	
90.0322	-39.4517	112.341	0	
83.9564	-40.8733	82.4435	0	
97.2716	-44.8638	127.121	0	
101.917	-43.4122	142.482	0	
111.796	-28.5902	187.141	0	
108.767	-27.4709	187.652	0	
105.024	-49.6741	141.544	0	
123.745	-40.9625	174.117	0	
89.3704	-34.5857	121.158	0	
86.3018	-43.848	93.1516	0	
92.0095	-44.344	114.074	0	
89.5162	-42.5597	100.322	0	
95.8093	-47.3972	123.702	0	
98.1034	-49.6131	126.294	0	
92.9061	-47.1972	112.183	0	
90.5926	-49.2783	107.084	0	
101.066	-55.4269	134.06	0	
105.52	-54.2531	143.744	0	
59.045	-26.8733	17.6407	0	
60.8106	-29.6104	17.8142	0	
60.2776	-23.6529	22.2499	0	
68.6609	-26.2879	34.9131	0	
-171.399	-16.3432	122.165	0	
-172.792	-23.536	147.476	0	
-170.044	-28.3715	177.157	0	
-169.901	-34.9028	197.128	0	
-163.373	-32.6589	260.556	0	
-158.594	-33.7461	310.509	0	
-93.7131	-24.8161	770.348	0	
-94.9812	-28.4981	783.207	0	
-138.258	-33.1309	582.118	0	
-137.524	-46.2681	556.258	0	
49.4601	-27.7034	19.7726	0	
47.4587	-30.0756	22.6444	0	
55.7742	-36.0038	17.3828	0	
56.7078	-29.659	15.3588	0	
-128.834	-32.6749	687.334	0	
-127.644	-37.4057	675.38	0	
-131.908	-32.1369	664.306	0	
-130.593	-37.6786	645.724	0	
-122.782	-41.2024	676.081	0	
-124.018	-34.0859	733.44	0	
-131.536	-40.9059	637.717	0	
-126.514	-39.9682	674.819	0	
-134.742	-41.7989	564.787	0	
-133.422	-50.1804	542.725	0	
-146.84	-28.2152	463.024	0	
-140.236	-38.6135	535.816	0	
-58.5088	-24.9301	503.369	0	
-53.5068	-29.037	507.328	0	
-19.0868	-24.0673	468.311	0	
-13.6536	-31.874	425.995	0	
30.8697	-42.8027	99.3141	0	
36.208	-46.6674	79.8954	0	
-51.285	-30.9244	496.798	0	
-51.686	-34.1496	516.355	0	
-7.42096	-40.0375	405.875	0	
17.373	-34.4965	212.932	0	
-47.709	-44.0172	533.929	0	
-39.7003	-43.0438	504.427	0	
139.255	-43.6559	188.929	0	
144.15	-35.9239	203.823	0	
145.648	-32.6657	201.352	0	
154.113	-21.7233	225.9	0	
87.0031	-32.216	116.794	0	
85.5479	-37.3235	95.4837	0	
77.7588	-38.8969	61.4015	0	
68.0794	-55.0125	59.5646	0	
87.4741	-55.2413	107.011	0	
89.9935	-59.5156	114.391	0	
94.7015	-57.9502	121.517	0	
109.472	-83.5388	189.716	0	
120.984	-44.2487	168.531	0	
107.934	-46.1328	149.651	0	
55.6955	-23.8926	19.9313	0	
52.5788	-30.5618	15.9298	0	
63.872	-31.4452	22.3558	0	
66.2826	-26.8264	26.9189	0	
-175.352	-15.3666	102.812	0	
-177.729	-17.3279	112.453	0	
-175.572	-26.4085	155.033	0	
-168.23	-31.4484	214.759	0	
-162.77	-36.6142	267.735	0	
-155.533	-35.0711	321.147	0	
-157.859	-46.2029	326.237	0	
-147.6	-35.6397	460.413	0	
50.0295	-33.4646	20.0668	0	
53.4799	-32.3923	17.6267	0	
48.2922	-34.7421	21.1598	0	
51.9478	-37.7689	19.6218	0	
55.421	-32.7495	15.8028	0	
54.1054	-29.085	17.3688	0	
45.9923	-33.5076	24.3663	0	
44.9545	-38.1821	27.6976	0	
56.9046	-37.5782	19.082	0	
59.1365	-32.2985	16.4524	0	
41.0926	-39.7324	40.3755	0	
41.3903	-49.7965	60.9547	0	
60.9129	-43.7444	26.7356	0	
62.4184	-34.7784	21.2	0	
60.7551	-31.4362	18.7721	0	
58.7776	-28.6387	17.1477	0	
62.2971	-32.3111	19.3657	0	
63.9223	-29.7907	21.0321	0	
60.8163	-35.7559	18.6002	0	
64.9176	-35.1867	23.0232	0	
65.6049	-28.8767	26.4728	0	
64.3857	-24.2084	27.2132	0	
59.5649	-41.3713	23.6968	0	
68.2828	-31.9068	29.962	0	
65.7963	-42.5	30.1752	0	
79.3475	-35.6911	68.3229	0	
67.9315	-29.6849	28.241	0	
69.78	-28.3022	35.5489	0	
62.584	-27.1419	22.0351	0	
64.7812	-26.0516	25.9921	0	
72.9281	-28.5667	52.8054	0	
70.1667	-24.179	52.6974	0	
58.0602	-25.3348	19.0156	0	
61.2591	-26.1561	20.5168	0	
56.8281	-34.4769	17.2528	0	
59.6983	-37.6564	20.4765	0	
66.6893	-37.5967	27.6131	0	
73.2029	-39.8206	45.9129	0	
-56.0681	-34.6375	539.61	0	
-51.1388	-41.1377	528.823	0	
10.4083	-43.6593	293.56	0	
19.3361	-41.2892	180.786	0	
-33.7889	-41.5087	493.054	0	
-43.2175	-41.4437	520.418	0	
-32.6993	-37.4631	489.026	0	
-38.9604	-36.782	490.894	0	
79.8872	-49.0467	72.3924	0	
79.4401	-59.2748	88.9431	0	
100.444	-71.845	154.558	0	
98.9778	-59.5663	138.183	0	
-183.86	-14.8904	98.802	0	
-178.509	-25.9336	135.062	0	
-178.478	-22.3611	128.401	0	
-189.159	-30.392	140.773	0	
-173.981	-29.3421	167.974	0	
-176.634	-35.3308	179.804	0	
-159.609	-36.8633	295.298	0	
-156.548	-38.1883	340.672	0	
55.4552	-39.3956	20.4673	0	
61.8756	-49.6588	37.3352	0	
-190.772	-14.2099	100.992	0	
-184.272	-22.5185	121.248	0	
-181.572	-20.6849	118.051	0	
-182.375	-26.6213	135.952	0	
-175.108	-40.5873	204.717	0	
-164.615	-39.5639	260.711	0	
-112.279	-39.5151	758.263	0	
-100.062	-44.0855	738.524	0	
-29.2164	-35.9992	477.723	0	
-25.8757	-38.9562	481.557	0	
114.304	-38.8851	167.755	0	
113.018	-46.7643	155.372	0	
-98.7649	-38.3715	793.556	0	
-89.7805	-38.2239	771.082	0	
-123.441	-46.6372	654.702	0	
-109.073	-49.9747	688.384	0	
-141.035	-35.2563	548.051	0	
-141.723	-45.4381	484.51	0	
-131.777	-68.6181	453.362	0	
-117.455	-51.2947	641.047	0	
-150.288	-33.2278	401.609	0	
-147.101	-39.0687	443.11	0	
149.094	-30.4655	211.88	0	
155.499	-37.5093	214.763	0	
43.4595	-43.2036	39.7344	0	
43.5296	-40.2276	37.4037	0	
37.5201	-42.1556	61.3246	0	
32.8289	-48.4986	94.1404	0	
37.7439	-37.1232	47.2406	0	
34.105	-40.2881	69.9529	0	
33.8673	-36.3354	63.3966	0	
32.6749	-38.5718	86.0055	0	
29.8039	-39.0554	92.9847	0	
33.1731	-42.4412	80.279	0	
23.1766	-39.8236	164.764	0	
29.7427	-45.8176	110.564	0	
33.8065	-63.6882	158.062	0	
47.1736	-49.1976	43.1222	0	
18.8029	-47.3274	203.277	0	
25.5401	-42.3563	126.481	0	
26.1554	-45.7763	143.876	0	
23.2586	-49.2819	165.493	0	
44.4447	-48.1701	47.9229	0	
54.6458	-48.5636	37.8814	0	
52.867	-35.9474	19.1336	0	
53.4055	-39.6427	22.4341	0	
52.328	-41.8595	25.1768	0	
52.23	-46.4534	31.1954	0	
49.4283	-41.8943	27.1676	0	
56.1464	-43.4838	25.3106	0	
56.9149	-41.1655	23.8904	0	
53.6092	-43.9307	28.2555	0	
49.4632	-46.5934	37.9755	0	
47.9425	-44.1054	32.9389	0	
63.2596	-44.4193	31.8493	0	
64.7836	-40.1335	25.8305	0	
54.9027	-51.8962	42.8385	0	
58.4329	-45.0181	29.4326	0	
35.3142	-56.5083	106.823	0	
50.1973	-52.3902	51.7046	0	
64.3438	-47.7766	37.8951	0	
68.1618	-43.8643	37.3164	0	
61.8123	-52.6899	45.8749	0	
72.4691	-50.2452	54.5566	0	
71.2789	-43.0795	43.2036	0	
70.9858	-37.0794	35.1766	0	
-39.7281	-51.5732	534.75	0	
-38.0875	-47.3951	520.364	0	
-193.474	-16.4075	110.533	0	
-187.431	-19.8396	111.06	0	
-196.505	-16.2235	113.042	0	
-194.763	-21.8192	122.119	0	
-199.206	-11.0785	105.43	0	
-201.868	-17.8602	118.355	0	
-194.357	-25.8562	125.212	0	
-189.826	-21.5777	118.927	0	
-202.767	-9.20869	110.157	0	
-202.048	-14.9286	114.486	0	
-204.499	-19.5985	123.594	0	
-203.67	-22.9433	126.062	0	
-200.3	-23.6639	125.862	0	
-191.507	-35.0941	153.061	0	
-203.757	-5.17653	107.292	0	
-222.439	-17.6156	134.454	0	
-207.093	-15.3959	120.367	0	
-209.584	-20.8055	129.596	0	
-204.555	-29.8004	137.722	0	
-197.692	-27.0154	132.942	0	
-210.589	-12.0289	121.746	0	
-204.769	-13.7392	117.024	0	
-210.166	-7.17405	117.862	0	
-210.166	-4.1775	121.035	0	
-216.305	-23.8145	137.68	0	
-215.668	-27.7242	139.741	0	
-211.294	-27.4985	138.973	0	
-210.465	-37.0508	153.504	0	
-213.844	-11.009	123.307	0	
-212.448	-20.2618	130.495	0	
-210.001	-14.7212	123.171	0	
-212.774	-17.1052	128.887	0	
-226.972	-27.8619	147.913	0	
-216.943	-37.3291	151.186	0	
-208.548	-31.4562	143.137	0	
-183.603	-40.1214	178.65	0	
-166.242	-49.294	264.128	0	
-171.334	-42.0881	219.074	0	
-170.916	-47.4867	251.285	0	
-107.694	-44.4653	756.692	0	
-88.5054	-43.2922	736.035	0	
-82.6397	-45.0661	724.093	0	
-76.4697	-36.028	721.989	0	
-150.153	-42.3374	414.45	0	
-146.464	-57.413	402.654	0	
-142.487	-40.4894	497.928	0	
-143.786	-33.7032	493.588	0	
-136.69	-39.093	592.675	0	
-135.647	-35.2386	603.475	0	
13.5528	-53.7212	277.398	0	
17.3538	-58.9727	224.22	0	
58.5051	-53.9388	48.635	0	
58.3114	-47.5751	33.9092	0	
43.8796	-65.6885	116.275	0	
55.0888	-61.3694	75.4006	0	
73.572	-46.3058	54.3535	0	
79.8858	-41.9355	65.6619	0	
-32.2822	-53.4268	516.039	0	
-34.2279	-48.2336	512.563	0	
-214.05	-7.68191	124.205	0	
-216.533	-3.04856	127.121	0	
-219.802	-1.55028	126.898	0	
-213.843	-1.49827	119.697	0	
-227.111	-1.79806	131.208	0	
-216.741	-6.23565	124.067	0	
-223.263	-3.34834	133.214	0	
49.8506	-57.3714	68.24	0	
84.2003	-54.0308	88.1996	0	
63.4948	-71.0916	117.428	0	
65.8659	-61.751	81.9235	0	
64.6326	-55.2284	59.3654	0	
62.6189	-59.2345	58.6697	0	
69.0871	-50.9669	53.443	0	
80.878	-55.6673	86.2805	0	
-35.8099	-56.1384	529.919	0	
-21.6269	-36.8221	455.436	0	
-223.159	-14.4282	135.77	0	
-216.224	-16.4432	128.77	0	
69.8154	-58.5313	71.1503	0	
75.4378	-60.3946	86.03	0	
-230.399	-3.69661	137.79	0	
-223.947	-23.9371	140.413	0	
75.1546	-53.5249	68.7982	0	
73.5086	-57.7653	73.2284	0	
-225.786	-20.5008	140.781	0	
-219.387	-22.616	137.15	0	
83.7944	-49.4185	86.6182	0	
78.5217	-52.5467	75.2596	0	
68.558	-66.5796	93.6313	0	
82.4435	-63.2928	107.469	0	
92.6725	-83.3857	162.129	0	
74.4367	-65.9892	98.1999	0	
83.066	-35.1799	88.9042	0	
77.3208	-32.7112	65.0057	0	
-24.2297	-47.1015	482.621	0	
-17.6938	-46.2427	469.083	0	
114.068	-53.0302	156.485	0	
120.039	-55.6741	172.963	0	
-165.817	-56.0151	281.897	0	
-155.241	-51.4998	350.228	0	
-234.322	-1.89855	132.906	0	
-223.263	-6.94446	129.292	0	
-234.175	-13.933	135.789	0	
-230.267	-7.41961	132.279	0	
-226.703	-13.1243	133.521	0	
-36.4962	-62.807	526.613	0	
-33.9713	-78.5813	497.496	0	
-229.778	-19.612	136.275	0	
2.25825	-47.6336	357.909	0	
1.14229	-37.5871	338.777	0	
-232.176	-27.2849	146.264	0	
-224.924	-32.1678	147.368	0	
-235.49	-30.9659	147.373	0	
125.176	-47.4923	178.216	0	
132.181	-55.2278	185.766	0	
145.103	-51.5269	197.249	0	
153.104	-46.7798	205.083	0	
103.087	-66.1212	149.8	0	
92.8588	-69.7613	143.694	0	
157.122	-25.9858	223.069	0	
154.121	-31.4825	218.77	0	
-188.851	-40.3891	165.968	0	
-181.349	-34.5618	163.902	0	
-189.921	-50.3804	190.414	0	
-175.111	-50.8707	219.884	0	
18.6849	-69.8012	236.487	0	
27.9123	-64.4327	164.24	0	
38.4465	-68.6102	137.707	0	
55.0689	-68.1513	97.39	0	
-155.147	-41.7108	349.101	0	
-159.551	-56.8851	306.38	0	
-3.82961	-35.5181	346.763	0	
-4.65657	-46.9235	377.858	0	
-232.514	-45.2893	158.578	0	
133.562	-61.9694	189.779	0	
150.526	-52.1464	209.556	0	
129.302	-66.6643	184.536	0	
132.085	-80.0456	200.761	0	
139.967	-62.1753	194.989	0	
157.364	-76.4045	212.614	0	
158.438	-47.3888	219.552	0	
161.649	-38.6998	224.464	0	
82.0463	-73.684	137.247	0	
100.988	-81.4495	164.334	0	
-184.638	-51.7434	201.142	0	
-180.318	-59.3805	226.465	0	
-151.194	-61.9777	349.875	0	
-148.886	-51.648	395.219	0	
-8.24267	-52.7893	442.086	0	
-4.86541	-59.4117	402.195	0	
-233.684	-35.84	154.642	0	
-233.089	-50.7154	174.528	0	
162.496	-52.2697	218.655	0	
167.703	-51.5045	225.039	0	
-191.875	-44.8919	170.35	0	
-194.054	-56.1942	197.098	0	
-179.273	-67.3228	236.023	0	
-157.926	-61.598	322.062	0	
-227.814	-54.344	174.549	0	
-227.877	-42.1001	158.937	0	
154.801	-59.8839	210.681	0	
172.727	-62.2556	225.797	0	
-197.913	-41.2214	159.975	0	
-201.464	-57.4217	180.231	0	
-208.928	-63.8815	195.13	0	
-197.138	-74.3155	213.001	0	
-191.548	-67.8492	218.49	0	
-161.718	-68.0186	301.385	0	
-171.051	-59.3533	247.393	0	
-172.879	-66.9937	254.679	0	
-226.025	-66.6603	187.371	0	
-215.157	-53.376	174.509	0	
172.814	-55.5199	225.771	0	
177.797	-46.959	230.87	0	
11.5361	-39.9927	243.332	0	
15.0203	-48.6823	236.813	0	
-222.023	-43.1718	163.54	0	
-206.5	-50.6082	176.155	0	
-102.006	-56.2425	695.798	0	
-94.3936	-46.7902	743.015	0	
-88.271	-56.371	696.199	0	
-72.3917	-48.0185	658.503	0	
6.73321	-53.5151	304.396	0	
3.19565	-59.4275	367.668	0	
-26.7143	-53.3832	486.586	0	
-14.7246	-52.1544	443.987	0	
-44.2574	-64.7255	555.781	0	
-29.586	-86.4294	438.149	0	
14.9584	-76.0288	292.279	0	
34.6532	-81.2175	202.755	0	
38.8858	-77.0658	160.744	0	
49.3929	-70.4526	126.599	0	
-156.048	-72.856	309.618	0	
-150.045	-68.9802	355.351	0	
-170.684	-81.5441	263.724	0	
-156.729	-80.6662	306.732	0	
-211.739	-77.738	206.427	0	
184.11	-62.1227	230.624	0	
188.385	-51.6637	235.307	0	
182.375	-44.0171	236.797	0	
178.384	-29.2908	241.101	0	
187.204	-45.7742	235.557	0	
190.382	-41.354	239.247	0	
173.574	-38.4899	233.662	0	
179.173	-35.679	239.619	0	
183.836	-55.4173	230.799	0	
195.395	-53.7976	234.267	0	
197.617	-37.0954	241.628	0	
191.256	-31.1878	245.184	0	
178.264	-65.9108	226.814	0	
198.987	-61.3981	234.606	0	
217.084	-67.9613	232.995	0	
213.141	-34.832	241.302	0	
203.59	-38.7317	240.36	0	
200.972	-28.7707	244.387	0	
204.701	-46.0121	237.871	0	
212.467	-50.2223	237.253	0	
-104.178	-63.4069	572.905	0	
-87.9039	-63.4033	619.785	0	
-80.6908	-65.4892	615.633	0	
-75.7543	-54.4194	678.33	0	
-12.594	-67.9666	474.688	0	
-0.161816	-79.3584	404.266	0	
28.442	-77.3548	210.35	0	
50.3828	-94.8425	205.365	0	
-127.658	-85.7374	391.878	0	
-113.918	-75.0801	514.505	0	
-220.291	-74.9425	203.814	0	
-206.008	-71.9149	200.397	0	
-164.396	-85.6083	272.486	0	
-140.567	-82.9636	370.181	0	
121.748	-63.1936	172.599	0	
118.27	-76.2168	180.499	0	
128.82	-91.8578	204.205	0	
149.059	-97.4971	216.668	0	
76.5653	-81.1845	146.846	0	
83.9517	-87.8322	169.671	0	
166.556	-65.3688	219.473	0	
161.436	-59.3983	218.623	0	
-193.631	-83.2154	220.341	0	
-184.306	-71.9985	222.989	0	
7.4974	-72.8412	306.702	0	
1.07504	-89.893	332.148	0	
171.483	-80.4855	222.184	0	
192.251	-65.9697	230.619	0	
209.79	-60.0427	234.6	0	
-119.553	-59.612	592.93	0	
-104.568	-79.313	490.633	0	
-79.9389	-73.7651	572.402	0	
-69.8471	-66.7198	598.274	0	
-92.8884	-70.7691	559.186	0	
-74.2172	-95.4457	429.265	0	
23.7938	-84.1878	258.528	0	
26.9697	-90.9724	242.057	0	
23.9576	-100.938	272.607	0	
37.4571	-96.6814	226.294	0	
-123.075	-77.064	426.384	0	
-113.342	-65.4564	553.596	0	
-222.743	-83.3933	206.56	0	
-216.988	-90.4713	217.908	0	
150.139	-82.5718	216.184	0	
169.796	-93.5889	224.166	0	
-199.914	-90.1329	227.273	0	
-193.112	-99.5299	229.448	0	
11.0308	-91.3144	319.763	0	
23.6547	-129.169	271.134	0	
192.372	-98.9478	228.791	0	
188.676	-74.5833	229.912	0	
-49.6754	-56.2791	579.173	0	
-62.6118	-65.9267	598.349	0	
-11.6172	-77.9757	391.768	0	
-30.8987	-70.0432	516.768	0	
-163.286	-96.8605	271.821	0	
-148.106	-86.8174	301.342	0	
-16.2183	-97.0009	365.819	0	
14.5576	-101.501	282.555	0	
-101.459	-87.8085	477.6	0	
-86.9665	-77.9617	555.456	0	
-88.1657	-114.839	355.934	0	
-35.6316	-94.9376	437.836	0	
-219.13	-102.919	222.104	0	
-196.227	-111.242	232.867	0	
-185.271	-123.074	237.768	0	
-173.007	-117.514	251.642	0	
-59.2339	-84.237	502.654	0	
-43.469	-79.0541	505.93	0	
-171.181	-104.383	250.219	0	
-149.201	-116.549	279.425	0	
-107.644	-94.9676	387.858	0	
-103.862	-104.391	387.775	0	
-202.348	-141.528	232.986	0	
115.06	-93.9429	201.251	0	
132.045	-117.393	219.914	0	
-46.9407	-95.927	424.771	0	
-6.51595	-97.9806	369.586	0	
-120.81	-94.0471	381.291	0	
-127.591	-102.271	340.977	0	
-104.003	-125.394	322.995	0	
-75.6393	-119.956	349.418	0	
-54.2897	-110.482	376.59	0	
-32.2603	-107.401	369.929	0	
-22.3504	-108.363	382.376	0	
-6.82986	-115.795	332.428	0	
-142.852	-104.654	288.202	0	
-140.315	-124.632	273.45	0	
-115.639	-131.949	306.158	0	
-68.3511	-110.721	391.902	0	
-17.6323	-118.29	334.747	0	
10.921	-120.83	287.617	0	
-151.694	-140.733	261.544	0	
-119.054	-147.964	288.446	0	
-92.844	-127.436	324.537	0	
-85.4194	-143.301	324.581	0	
-21.0806	-132.582	322.079	0	
0.0346	-124.558	310.287	0	
-37.6093	-134.158	329.96	0	
18.4671	-146.472	276.091	0	
-189.731	-137.893	239.586	0	
-178.887	-148.762	243.816	0	
83.1197	-97.9507	201.985	0	
96.0381	-129.002	227.472	0	
138.783	-132.404	227.678	0	
152.552	-134.489	225.36	0	
-211.397	-129.243	228.029	0	
-141.169	-153.278	260.718	0	
211.861	-81.7392	231.861	0	
56.8241	-105.956	221.502	0	
89.0245	-119.852	220.925	0	
89.6973	-148.418	231.992	0	
131.097	-143.416	225.098	0	
116.636	-139.205	227.73	0	
-226.63	-132.412	230.251	0	
-232.024	-146.051	228.306	0	
196.091	-83.4336	230.247	0	
179.259	-103.417	228.204	0	
47.2418	-122.632	241.508	0	
60.5772	-131.87	236.361	0	
69.1824	-149.306	234.944	0	
160.417	-152.539	229.139	0	
186.043	-134.636	230.365	0	
103.862	-154.234	227.642	0	
174.738	-120.025	227.149	0	
178.591	-153.344	228.795	0	
-43.9721	-147.319	317.995	0	
219.836	-141.244	230.548	0	
