# File: UnstructuredGrid_Inversion_L1_Medium_Iter07.vtk
# (No specific header documentation)

# vtk DataFile Version 2.0
Finite element discrete.
ASCII
DATASET UNSTRUCTURED_GRID
POINTS 3684 double
-2208.06	0	0
-1864.63	0	0
-1578.44	0	0
-1339.95	0	0
-1141.21	0	0
-975.592	0	0
-837.577	0	0
-722.564	0	0
-626.72	0	0
-546.85	0	0
-480.292	0	0
-424.826	0	0
-378.605	0	0
-340.088	0	0
-307.99	0	0
-281.242	0	0
-258.951	0	0
-240.376	0	0
-224.897	0	0
-211.997	0	0
-201.248	0	0
-192.29	0	0
-184.825	0	0
-178.604	0	0
-173.42	0	0
-169.1	0	0
-165.5	0	0
-162.5	0	0
-160	0	0
-158.75	0	0
-157.5	0	0
-156.25	0	0
-155	0	0
-153.75	0	0
-152.5	0	0
-151.25	0	0
-150	0	0
-148.75	0	0
-147.5	0	0
-146.25	0	0
-145	0	0
-143.75	0	0
-142.5	0	0
-141.25	0	0
-140	0	0
-138.75	0	0
-137.5	0	0
-136.25	0	0
-135	0	0
-133.75	0	0
-132.5	0	0
-131.25	0	0
-130	0	0
-128.75	0	0
-127.5	0	0
-126.25	0	0
-125	0	0
-123.75	0	0
-122.5	0	0
-121.25	0	0
-120	0	0
-118.75	0	0
-117.5	0	0
-116.25	0	0
-115	0	0
-113.75	0	0
-112.5	0	0
-111.25	0	0
-110	0	0
-108.75	0	0
-107.5	0	0
-106.25	0	0
-105	0	0
-103.75	0	0
-102.5	0	0
-101.25	0	0
-100	0	0
-98.75	0	0
-97.5	0	0
-96.25	0	0
-95	0	0
-93.75	0	0
-92.5	0	0
-91.25	0	0
-90	0	0
-88.75	0	0
-87.5	0	0
-86.25	0	0
-85	0	0
-83.75	0	0
-82.5	0	0
-81.25	0	0
-80	0	0
-78.75	0	0
-77.5	0	0
-76.25	0	0
-75	0	0
-73.75	0	0
-72.5	0	0
-71.25	0	0
-70	0	0
-68.75	0	0
-67.5	0	0
-66.25	0	0
-65	0	0
-63.75	0	0
-62.5	0	0
-61.25	0	0
-60	0	0
-58.75	0	0
-57.5	0	0
-56.25	0	0
-55	0	0
-53.75	0	0
-52.5	0	0
-51.25	0	0
-50	0	0
-48.75	0	0
-47.5	0	0
-46.25	0	0
-45	0	0
-43.75	0	0
-42.5	0	0
-41.25	0	0
-40	0	0
-38.75	0	0
-37.5	0	0
-36.25	0	0
-35	0	0
-33.75	0	0
-32.5	0	0
-31.25	0	0
-30	0	0
-28.75	0	0
-27.5	0	0
-26.25	0	0
-25	0	0
-23.75	0	0
-22.5	0	0
-21.25	0	0
-20	0	0
-18.75	0	0
-17.5	0	0
-16.25	0	0
-15	0	0
-13.75	0	0
-12.5	0	0
-11.25	0	0
-10	0	0
-8.75	0	0
-7.5	0	0
-6.25	0	0
-5	0	0
-3.75	0	0
-2.5	0	0
-1.25	0	0
0	0	0
1.25	0	0
2.5	0	0
3.75	0	0
5	0	0
6.25	0	0
7.5	0	0
8.75	0	0
10	0	0
11.25	0	0
12.5	0	0
13.75	0	0
15	0	0
16.25	0	0
17.5	0	0
18.75	0	0
20	0	0
21.25	0	0
22.5	0	0
23.75	0	0
25	0	0
26.25	0	0
27.5	0	0
28.75	0	0
30	0	0
31.25	0	0
32.5	0	0
33.75	0	0
35	0	0
36.25	0	0
37.5	0	0
38.75	0	0
40	0	0
41.25	0	0
42.5	0	0
43.75	0	0
45	0	0
46.25	0	0
47.5	0	0
48.75	0	0
50	0	0
51.25	0	0
52.5	0	0
53.75	0	0
55	0	0
56.25	0	0
57.5	0	0
58.75	0	0
60	0	0
61.25	0	0
62.5	0	0
63.75	0	0
65	0	0
66.25	0	0
67.5	0	0
68.75	0	0
70	0	0
71.25	0	0
72.5	0	0
73.75	0	0
75	0	0
76.25	0	0
77.5	0	0
78.75	0	0
80	0	0
81.25	0	0
82.5	0	0
83.75	0	0
85	0	0
86.25	0	0
87.5	0	0
88.75	0	0
90	0	0
91.25	0	0
92.5	0	0
93.75	0	0
95	0	0
96.25	0	0
97.5	0	0
98.75	0	0
100	0	0
101.25	0	0
102.5	0	0
103.75	0	0
105	0	0
106.25	0	0
107.5	0	0
108.75	0	0
110	0	0
111.25	0	0
112.5	0	0
113.75	0	0
115	0	0
116.25	0	0
117.5	0	0
118.75	0	0
120	0	0
121.25	0	0
122.5	0	0
123.75	0	0
125	0	0
126.25	0	0
127.5	0	0
128.75	0	0
130	0	0
131.25	0	0
132.5	0	0
133.75	0	0
135	0	0
136.25	0	0
137.5	0	0
138.75	0	0
140	0	0
141.25	0	0
142.5	0	0
143.75	0	0
145	0	0
146.25	0	0
147.5	0	0
148.75	0	0
150	0	0
151.25	0	0
152.5	0	0
153.75	0	0
155	0	0
156.25	0	0
157.5	0	0
158.75	0	0
161.25	0	0
164.25	0	0
167.85	0	0
172.17	0	0
177.354	0	0
183.575	0	0
191.04	0	0
199.998	0	0
210.747	0	0
223.647	0	0
239.126	0	0
257.701	0	0
279.992	0	0
306.74	0	0
338.838	0	0
377.355	0	0
423.576	0	0
479.042	0	0
545.6	0	0
625.47	0	0
721.314	0	0
836.327	0	0
974.342	0	0
1139.96	0	0
1338.7	0	0
1577.19	0	0
1863.38	0	0
2206.81	0	0
-2208.06	-4856.36	0
2206.81	-4856.36	0
-0.625	-4414.87	0
-0.625	-4856.36	0
-159.375	-2.00447	0
-64.375	-2.00447	0
31.875	-2.00447	0
126.875	-2.00447	0
-113.125	-2.00447	0
-136.875	-2.00447	0
-148.125	-2.00447	0
-154.375	-2.00447	0
-156.875	-2.00447	0
-16.875	-2.00447	0
-40.625	-2.00447	0
-53.125	-2.00447	0
-59.375	-2.00447	0
-61.875	-2.00447	0
-65.625	-1.29455	0
-71.875	-2.00447	0
79.375	-2.00447	0
55.625	-2.00447	0
43.125	-2.00447	0
36.875	-2.00447	0
34.375	-2.00447	0
33.125	-1.29455	0
30.625	-1.29455	0
24.375	-2.00447	0
158.125	-2.00447	0
141.875	-2.00447	0
133.125	-2.00447	0
129.375	-2.00447	0
128.125	-1.29455	0
125.625	-1.29455	0
119.375	-2.00447	0
-114.375	-1.29455	0
-120.625	-2.00447	0
-93.125	-2.00447	0
-103.125	-2.00447	0
-109.375	-2.00447	0
-111.875	-1.29455	0
-138.125	-1.29455	0
-129.375	-2.00447	0
-133.125	-2.00447	0
-135.625	-1.29455	0
-149.375	-1.29455	0
-143.125	-2.00447	0
-145.625	-2.00447	0
-146.875	-1.29455	0
-155.625	-1.29455	0
-151.875	-2.00447	0
-153.125	-1.29455	0
-158.125	-1.29455	0
-18.125	-1.29455	0
-24.375	-2.00447	0
3.125	-2.00447	0
-6.875	-2.00447	0
-13.125	-2.00447	0
-15.625	-1.29455	0
-41.875	-1.29455	0
-33.125	-2.00447	0
-36.875	-2.00447	0
-39.375	-1.29455	0
-54.375	-1.29455	0
-48.125	-2.00447	0
-50.625	-2.00447	0
-51.875	-1.29455	0
-60.625	-1.29455	0
-56.875	-2.00447	0
-58.125	-1.29455	0
-63.125	-1.29455	0
-66.875	-1.09989	0
-69.375	-2.00447	0
-70.625	-1.29455	0
-73.125	-1.29455	0
-79.375	-2.00447	0
99.375	-2.00447	0
89.375	-2.00447	0
83.125	-2.00447	0
80.625	-1.29455	0
78.125	-1.29455	0
71.875	-2.00447	0
63.125	-2.00447	0
59.375	-2.00447	0
56.875	-1.29455	0
54.375	-1.29455	0
48.125	-2.00447	0
45.625	-2.00447	0
44.375	-1.29455	0
41.875	-1.29455	0
39.375	-2.00447	0
38.125	-1.29455	0
35.625	-1.29455	0
29.375	-1.09989	0
26.875	-2.00447	0
25.625	-1.29455	0
23.125	-1.29455	0
16.875	-2.00447	0
156.875	-1.29455	0
150.625	-2.00447	0
145.625	-2.00447	0
143.125	-1.29455	0
140.625	-1.29455	0
136.875	-2.00447	0
134.375	-1.29455	0
131.875	-1.29455	0
124.375	-1.09989	0
121.875	-2.00447	0
120.625	-1.29455	0
118.125	-1.29455	0
111.875	-2.00447	0
-115.625	-1.09989	0
-118.125	-2.00447	0
-119.375	-1.29455	0
-121.875	-1.29455	0
-86.875	-2.00447	0
-90.625	-2.00447	0
-91.875	-1.29455	0
-94.375	-1.29455	0
-99.375	-2.00447	0
-101.875	-1.29455	0
-104.375	-1.29455	0
-106.875	-2.00447	0
-108.125	-1.29455	0
-110.625	-1.09989	0
-139.375	-1.09989	0
-125.625	-2.00447	0
-128.125	-1.29455	0
-130.625	-1.29455	0
-134.375	-1.09989	0
-150.625	-1.09989	0
-141.875	-1.29455	0
-144.375	-1.29455	0
-19.375	-1.09989	0
-21.875	-2.00447	0
-23.125	-1.29455	0
-25.625	-1.29455	0
9.375	-2.00447	0
5.625	-2.00447	0
4.375	-1.29455	0
1.875	-1.29455	0
-3.125	-2.00447	0
-5.625	-1.29455	0
-8.125	-1.29455	0
-10.625	-2.00447	0
-11.875	-1.29455	0
-14.375	-1.09989	0
-43.125	-1.09989	0
-29.375	-2.00447	0
-31.875	-1.29455	0
-34.375	-1.29455	0
-38.125	-1.09989	0
-55.625	-1.09989	0
-45.625	-2.00447	0
-46.875	-1.29455	0
-49.375	-1.29455	0
-68.125	-1.08267	0
-66.5621	-3.20169	0
-74.375	-1.09989	0
-76.875	-2.00447	0
-78.125	-1.29455	0
-80.625	-1.29455	0
105.625	-2.00447	0
101.875	-2.00447	0
100.625	-1.29455	0
98.125	-1.29455	0
93.125	-2.00447	0
90.625	-1.29455	0
88.125	-1.29455	0
85.625	-2.00447	0
84.375	-1.29455	0
81.875	-1.09989	0
76.875	-1.09989	0
74.375	-2.00447	0
73.125	-1.29455	0
70.625	-1.29455	0
66.875	-2.00447	0
64.375	-1.29455	0
61.875	-1.29455	0
58.125	-1.09989	0
53.125	-1.09989	0
50.625	-2.00447	0
49.375	-1.29455	0
46.875	-1.29455	0
40.625	-1.09989	0
28.125	-1.08267	0
29.6879	-3.20169	0
21.875	-1.09989	0
19.375	-2.00447	0
18.125	-1.29455	0
15.625	-1.29455	0
155.625	-1.09989	0
153.125	-2.00447	0
151.875	-1.29455	0
149.375	-1.29455	0
146.875	-1.29455	0
144.375	-1.09989	0
139.375	-1.09989	0
135.625	-1.09989	0
130.625	-1.09989	0
123.125	-1.08267	0
124.688	-3.20169	0
116.875	-1.09989	0
114.375	-2.00447	0
113.125	-1.29455	0
110.625	-1.29455	0
-116.875	-1.08267	0
-115.312	-3.20169	0
-123.125	-1.09989	0
-84.375	-2.00447	0
-85.625	-1.29455	0
-88.125	-1.29455	0
-95.625	-1.09989	0
-98.125	-1.29455	0
-100.625	-1.09989	0
-105.625	-1.09989	0
-110.983	-2.91077	0
-140.625	-1.08267	0
-139.062	-3.20169	0
-126.875	-1.09989	0
-131.875	-1.09989	0
-134.733	-2.91077	0
-150.267	-2.91077	0
-20.625	-1.08267	0
-19.0621	-3.20169	0
-26.875	-1.09989	0
11.875	-2.00447	0
10.625	-1.29455	0
8.125	-1.29455	0
0.625	-1.09989	0
-1.875	-1.29455	0
-4.375	-1.09989	0
-9.375	-1.09989	0
-14.7332	-2.91077	0
-44.375	-1.08267	0
-42.8121	-3.20169	0
-30.625	-1.09989	0
-35.625	-1.09989	0
-38.4832	-2.91077	0
-55.2668	-2.91077	0
-67.5162	-2.26952	0
-75.625	-1.08267	0
-74.0621	-3.20169	0
-81.875	-1.09989	0
108.125	-2.00447	0
106.875	-1.29455	0
104.375	-1.29455	0
96.875	-1.09989	0
94.375	-1.29455	0
91.875	-1.09989	0
86.875	-1.09989	0
81.5168	-2.91077	0
75.625	-1.08267	0
77.1879	-3.20169	0
69.375	-1.09989	0
65.625	-1.09989	0
60.625	-1.09989	0
57.7668	-2.91077	0
51.875	-1.08267	0
53.4379	-3.20169	0
40.9832	-2.91077	0
28.7338	-2.26952	0
20.625	-1.08267	0
22.1879	-3.20169	0
14.375	-1.09989	0
154.375	-1.08267	0
155.938	-3.20169	0
148.125	-1.09989	0
144.017	-2.91077	0
138.125	-1.08267	0
139.688	-3.20169	0
135.267	-2.91077	0
130.983	-2.91077	0
123.734	-2.26952	0
115.625	-1.08267	0
117.188	-3.20169	0
109.375	-1.09989	0
-116.266	-2.26952	0
-124.375	-1.08267	0
-122.812	-3.20169	0
-89.375	-1.09989	0
-96.875	-1.08267	0
-95.3121	-3.20169	0
-100.983	-2.91077	0
-105.267	-2.91077	0
-140.016	-2.26952	0
-127.233	-2.91077	0
-131.517	-2.91077	0
-20.0162	-2.26952	0
-28.125	-1.08267	0
-26.5621	-3.20169	0
6.875	-1.09989	0
-0.625	-1.08267	0
0.937855	-3.20169	0
-4.73316	-2.91077	0
-9.01684	-2.91077	0
-43.7662	-2.26952	0
-30.9832	-2.91077	0
-35.2668	-2.91077	0
-68.534	-4.26556	0
-75.0162	-2.26952	0
-83.125	-1.08267	0
-81.5621	-3.20169	0
103.125	-1.09989	0
95.625	-1.08267	0
97.1879	-3.20169	0
91.5168	-2.91077	0
87.2332	-2.91077	0
76.2338	-2.26952	0
68.125	-1.08267	0
69.6879	-3.20169	0
65.2668	-2.91077	0
60.9832	-2.91077	0
52.4838	-2.26952	0
27.716	-4.26556	0
21.2338	-2.26952	0
13.125	-1.08267	0
14.6879	-3.20169	0
154.984	-2.26952	0
147.812	-3.20169	0
138.734	-2.26952	0
122.716	-4.26556	0
116.234	-2.26952	0
109.733	-2.91077	0
-117.284	-4.26556	0
-123.766	-2.26952	0
-89.0168	-2.91077	0
-96.2662	-2.26952	0
-141.034	-4.26556	0
-21.034	-4.26556	0
-27.5162	-2.26952	0
7.23316	-2.91077	0
-0.016236	-2.26952	0
-44.784	-4.26556	0
-76.034	-4.26556	0
-82.5162	-2.26952	0
103.483	-2.91077	0
96.2338	-2.26952	0
75.216	-4.26556	0
68.7338	-2.26952	0
51.466	-4.26556	0
20.216	-4.26556	0
13.7338	-2.26952	0
153.966	-4.26556	0
148.587	-2.24287	0
137.716	-4.26556	0
115.216	-4.26556	0
-124.784	-4.26556	0
-97.284	-4.26556	0
-28.534	-4.26556	0
-1.03398	-4.26556	0
-83.534	-4.26556	0
95.216	-4.26556	0
67.716	-4.26556	0
12.716	-4.26556	0
149.737	-3.96508	0
33.125	-2.74999	0
128.125	-2.74999	0
-146.875	-2.74999	0
-155.625	-2.74999	0
-153.125	-2.74999	0
-158.125	-2.74999	0
-51.875	-2.74999	0
-60.625	-2.74999	0
-58.125	-2.74999	0
-63.125	-2.74999	0
-70.625	-2.74999	0
44.375	-2.74999	0
38.125	-2.74999	0
35.625	-2.74999	0
25.625	-2.74999	0
120.625	-2.74999	0
-119.375	-2.74999	0
-91.875	-2.74999	0
-108.125	-2.74999	0
-144.375	-2.74999	0
-23.125	-2.74999	0
4.375	-2.74999	0
-11.875	-2.74999	0
-46.875	-2.74999	0
-49.375	-2.74999	0
-78.125	-2.74999	0
100.625	-2.74999	0
84.375	-2.74999	0
73.125	-2.74999	0
49.375	-2.74999	0
46.875	-2.74999	0
18.125	-2.74999	0
151.875	-2.74999	0
113.125	-2.74999	0
-85.625	-2.74999	0
10.625	-2.74999	0
106.875	-2.74999	0
-141.802	-2.87844	0
-98.052	-2.87844	0
-1.80205	-2.87844	0
94.448	-2.87844	0
31.5394	-3.98781	0
129.508	-3.64826	0
126.539	-3.98781	0
-148.512	-4.07398	0
-154.375	-3.42515	0
-151.742	-3.64826	0
-156.875	-3.42515	0
-159.945	-4.38169	0
-53.512	-4.07398	0
-59.375	-3.42515	0
-56.7419	-3.64826	0
-61.875	-3.42515	0
-64.7106	-3.98781	0
-72.2106	-3.98781	0
42.738	-4.07398	0
39.5081	-3.64826	0
34.375	-3.42515	0
36.875	-3.42515	0
24.0394	-3.98781	0
119.039	-3.98781	0
-120.961	-3.98781	0
-90.4919	-3.64826	0
-93.4606	-3.98781	0
-109.508	-3.64826	0
-106.742	-3.64826	0
-145.625	-3.42515	0
-24.7106	-3.98781	0
5.75807	-3.64826	0
2.78942	-3.98781	0
-13.2581	-3.64826	0
-10.4919	-3.64826	0
-50.625	-3.42515	0
-48.125	-3.42515	0
-79.7106	-3.98781	0
102.008	-3.64826	0
99.0394	-3.98781	0
82.9919	-3.64826	0
85.7581	-3.64826	0
71.5394	-3.98781	0
45.625	-3.42515	0
48.125	-3.42515	0
16.5394	-3.98781	0
111.488	-4.07398	0
-87.262	-4.07398	0
8.98803	-4.07398	0
108.258	-3.64826	0
105.238	-4.07398	0
-143.119	-3.4344	0
-99.5093	-3.64606	0
-3.25931	-3.64606	0
92.9907	-3.64606	0
131.428	-5.64493	0
128.082	-4.32968	0
-153.119	-4.25517	0
-150.249	-4.78972	0
-155.625	-4.2447	0
-158.238	-4.4548	0
-58.1193	-4.25517	0
-55.2493	-4.78972	0
-60.625	-4.2447	0
-63.1696	-4.32728	0
41.0007	-4.78972	0
33.0804	-4.32728	0
38.1307	-4.25517	0
35.625	-4.2447	0
-91.9177	-4.32968	0
-111.428	-5.64493	0
-104.822	-5.64493	0
-146.933	-4.35218	0
4.33226	-4.32968	0
-15.1782	-5.64493	0
-8.57177	-5.64493	0
-51.9331	-4.35218	0
-49.375	-4.2447	0
-46.6566	-4.64898	0
100.582	-4.32968	0
81.0718	-5.64493	0
87.6782	-5.64493	0
44.3169	-4.35218	0
46.875	-4.2447	0
49.5934	-4.64898	0
-88.9993	-4.78972	0
7.25066	-4.78972	0
109.751	-4.78972	0
106.817	-4.35266	0
103.501	-4.78972	0
-144.375	-4.24424	0
126.763	-6.63281	0
129.537	-5.5418	0
-151.831	-5.31181	0
-156.894	-4.8174	0
-155.341	-6.56622	0
-158.148	-6.79184	0
-56.8314	-5.31181	0
-64.4845	-6.62861	0
31.7655	-6.62861	0
39.4186	-5.31181	0
-93.2374	-6.63281	0
-101.425	-5.64183	0
-148.169	-6.74499	0
3.01264	-6.63281	0
-5.17531	-5.64183	0
-53.1686	-6.74499	0
-50.6329	-4.80031	0
-51.7591	-5.95743	0
-49.113	-6.5397	0
-48.0774	-4.86082	0
99.2626	-6.63281	0
91.0747	-5.64183	0
43.0814	-6.74499	0
45.6171	-4.80031	0
44.4909	-5.95743	0
47.137	-6.5397	0
48.1726	-4.86082	0
-90.576	-5.30478	0
5.67401	-5.30478	0
108.175	-5.30367	0
105.581	-6.74585	0
101.924	-5.30478	0
-145.633	-4.80027	0
-146.759	-5.95743	0
-144.112	-6.53909	0
-153.537	-6.07737	0
-59.1698	-6.84886	0
37.0802	-6.84886	0
-150.389	-7.02345	0
-55.3893	-7.02345	0
-51.2009	-8.61153	0
-47.0874	-6.63037	0
40.8607	-7.02345	0
45.0491	-8.61153	0
49.1626	-6.63037	0
-88.9617	-7.57552	0
7.28827	-7.57552	0
109.787	-7.57361	0
103.358	-7.02503	0
-142.849	-5.23197	0
-146.201	-8.61155	0
-133.125	-3.88438	0
-36.875	-3.88438	0
59.375	-3.88438	0
145.824	-4.23741	0
130.317	-8.62564	0
-153.655	-9.21523	0
-45.4133	-5.95678	0
50.8367	-5.95678	0
-87.4181	-6.16153	0
8.83192	-6.16153	0
111.332	-6.16131	0
-141.385	-7.91119	0
-130.76	-5.97638	0
-39.2403	-5.97638	0
-34.5097	-5.97638	0
57.0097	-5.97638	0
61.7403	-5.97638	0
-42.5414	-6.06272	0
53.7086	-6.06272	0
-135.49	-5.97638	0
-45.1702	-8.97808	0
51.0798	-8.97808	0
-161.25	-1.48943	0
-164	-2.52812	0
160	-1.48943	0
162.75	-2.52812	0
159.888	-4.75365	0
141.968	-4.76987	0
-70.4123	-4.65683	0
-68.8457	-7.47327	0
-72.3843	-7.20595	0
25.8377	-4.65683	0
27.4043	-7.47327	0
23.8657	-7.20595	0
120.838	-4.65683	0
122.404	-7.47327	0
118.866	-7.20595	0
-119.162	-4.65683	0
-121.134	-7.20595	0
-117.596	-7.47327	0
-22.9123	-4.65683	0
-24.8843	-7.20595	0
-21.3457	-7.47327	0
-77.9123	-4.65683	0
-79.8843	-7.20595	0
-76.3457	-7.47327	0
73.3377	-4.65683	0
71.3657	-7.20595	0
74.9043	-7.47327	0
18.3377	-4.65683	0
16.3657	-7.20595	0
19.9043	-7.47327	0
113.326	-4.67269	0
114.924	-7.49962	0
-85.4238	-4.67269	0
-83.826	-7.49962	0
10.8262	-4.67269	0
12.424	-7.49962	0
133.397	-4.34669	0
124.82	-5.46487	0
-66.4305	-5.46517	0
29.8195	-5.46517	0
-95.1804	-5.46487	0
-98.9845	-6.06748	0
1.06963	-5.46487	0
-2.73451	-6.06748	0
97.3196	-5.46487	0
93.5155	-6.06748	0
-53.9465	-9.53548	0
-48.2314	-9.51616	0
42.3035	-9.53548	0
48.0186	-9.51616	0
104.917	-10.4492	0
101.264	-7.31316	0
-148.947	-9.53547	0
147.898	-5.79326	0
-138.644	-6.33519	0
-129.096	-4.32906	0
-32.846	-4.32906	0
63.404	-4.32906	0
156.658	-6.89561	0
139.713	-5.6068	0
-73.9486	-5.50776	0
22.3014	-5.50776	0
117.301	-5.50776	0
-122.699	-5.50776	0
-115.019	-6.10471	0
-26.4486	-5.50776	0
-18.7688	-6.10471	0
-81.4486	-5.50776	0
69.8014	-5.50776	0
77.4812	-6.10471	0
14.8014	-5.50776	0
112.374	-8.85292	0
-86.3745	-8.85041	0
9.87551	-8.85041	0
134.494	-8.15219	0
135.574	-5.24676	0
124.73	-7.81387	0
-66.5165	-7.81824	0
29.7335	-7.81824	0
-96.0817	-9.16459	0
0.168256	-9.16459	0
96.4183	-9.16459	0
102.622	-9.42722	0
-127.286	-7.82059	0
-126.926	-5.24668	0
-31.0362	-7.82059	0
-30.676	-5.24668	0
65.2138	-7.82059	0
65.574	-5.24668	0
137.533	-6.6947	0
127.284	-9.8695	0
-63.5928	-10.4819	0
32.6572	-10.4819	0
99.3661	-9.61274	0
-124.123	-8.3892	0
-27.8727	-8.3892	0
68.3773	-8.3892	0
123.021	-11.3733	0
-68.2343	-11.3809	0
28.0157	-11.3809	0
-125.089	-6.42925	0
-28.8386	-6.42925	0
67.4114	-6.42925	0
151.783	-5.07678	0
153.791	-7.13718	0
-108.125	-6.89997	0
-113.291	-4.29751	0
-11.875	-6.89997	0
-17.0411	-4.29751	0
84.375	-6.89997	0
79.2089	-4.29751	0
-61.8215	-6.622	0
34.4285	-6.622	0
-156.542	-9.19192	0
-40.7947	-4.29093	0
55.4553	-4.29093	0
-137.045	-4.29093	0
144.416	-8.27481	0
-100.887	-9.76866	0
-4.63746	-9.76866	0
91.6125	-9.76866	0
102.131	-13.6189	0
-60.7287	-9.45988	0
35.5213	-9.45988	0
141.718	-7.55253	0
139.475	-7.8577	0
137.082	-9.65056	0
141.086	-11.3016	0
-40.7791	-10.2946	0
55.4709	-10.2946	0
-167.3	-2.77704	0
-162.911	-8.46956	0
166.05	-2.77704	0
-51.0921	-13.4763	0
45.1579	-13.4763	0
-146.092	-13.4763	0
-137.487	-11.5176	0
109.167	-12.0843	0
-82.9342	-12.2616	0
13.3158	-12.2616	0
-89.7125	-12.3618	0
6.53751	-12.3618	0
-120.731	-12.5898	0
-24.4811	-12.5898	0
71.7689	-12.5898	0
115.819	-12.2647	0
150.395	-8.4385	0
-114.113	-10.9213	0
-17.8627	-10.9213	0
78.3873	-10.9213	0
97.1791	-14.0791	0
-57.3412	-9.81484	0
38.9088	-9.81484	0
133.385	-13.0507	0
-171.26	-3.37193	0
-159.82	-9.64689	0
-165.408	-5.85657	0
170.01	-3.37193	0
164.06	-7.16457	0
-45.8379	-14.156	0
50.4121	-14.156	0
-155.136	-13.8337	0
-136.785	-8.64033	0
-126.616	-13.1778	0
-30.3663	-13.1778	0
65.8837	-13.1778	0
155.612	-11.6135	0
-60.5218	-14.5637	0
35.7282	-14.5637	0
129.984	-12.1329	0
-157.808	-12.1091	0
-132.522	-11.2057	0
-162.762	-14.1043	0
-133.772	-8.45789	0
-158.853	-16.6606	0
-130.939	-8.82767	0
-129.368	-11.5896	0
-131.561	-16.4553	0
-129.253	-14.5684	0
-127.381	-19.2126	0
-126.689	-16.2344	0
-122.259	-18.8329	0
-123.484	-14.7818	0
-73.9865	-12.9487	0
22.2635	-12.9487	0
-105.111	-9.85918	0
-8.86063	-9.85918	0
87.3894	-9.85918	0
-78.4316	-11.5301	0
17.8184	-11.5301	0
-92.6132	-10.1977	0
3.63676	-10.1977	0
-110.902	-9.23383	0
-14.6518	-9.23383	0
81.5982	-9.23383	0
-55.3259	-13.5387	0
40.9241	-13.5387	0
-168.862	-5.85729	0
160.292	-8.86933	0
-34.968	-11.0327	0
61.282	-11.0327	0
126.278	-13.8116	0
-120.252	-16.0156	0
-96.0041	-15.2431	0
0.245878	-15.2431	0
-109.801	-15.2265	0
-13.5512	-15.2265	0
82.6988	-15.2265	0
-174.046	-8.46004	0
-167.134	-10.0052	0
130.294	-17.7465	0
-116.906	-13.8018	0
-92.9293	-13.6474	0
3.3207	-13.6474	0
-116.738	-20.6426	0
-91.9079	-19.376	0
4.3421	-19.376	0
-90.0855	-16.0957	0
6.16449	-16.0957	0
-85.7366	-20.6582	0
-86.2897	-14.5893	0
10.5134	-20.6582	0
9.96033	-14.5893	0
147.231	-14.7188	0
137.643	-13.97	0
-176.012	-4.03819	0
174.762	-4.03819	0
-65.1541	-14.8527	0
31.0959	-14.8527	0
-152.462	-21.2081	0
-53.1089	-20.2966	0
43.1411	-20.2966	0
164.91	-14.0587	0
120.74	-17.8151	0
-102.857	-16.4408	0
-6.60701	-16.4408	0
89.6456	-16.5643	0
-164.907	-21.6498	0
-78.3842	-19.0551	0
17.8658	-19.0551	0
134.7	-17.2819	0
142.277	-16.3938	0
-70.0415	-16.0865	0
26.2085	-16.0865	0
-62.3745	-22.1364	0
33.8755	-22.1364	0
-82.3004	-16.7576	0
13.9496	-16.7576	0
133.242	-24.5799	0
-150.611	-13.7449	0
-148.07	-18.3361	0
-36.1069	-19.4844	0
60.1431	-19.4844	0
-124.211	-27.2358	0
-181.714	-4.8475	0
180.465	-4.8475	0
171.419	-10.6048	0
100.393	-21.7895	0
-66.5645	-19.5632	0
29.6855	-19.5632	0
147.44	-23.5009	0
-140.394	-18.6284	0
-72.595	-22.1173	0
23.655	-22.1173	0
-145.661	-26.8137	0
-133.893	-24.5365	0
-67.4916	-25.7706	0
28.7584	-25.7706	0
-19.8049	-17.1778	0
76.4451	-17.1778	0
112.271	-20.3663	0
-98.4037	-21.7178	0
-2.15366	-21.7178	0
-169.024	-16.402	0
-188.558	-5.81674	0
187.308	-5.81674	0
176.927	-9.27515	0
-80.0298	-29.1695	0
16.2202	-29.1695	0
-59.1054	-32.1591	0
37.1446	-32.1591	0
-26.7543	-19.5837	0
69.4957	-19.5837	0
82.701	-26.2304	0
-13.549	-26.2304	0
-175.381	-25.6273	0
183.138	-10.6102	0
-73.433	-28.679	0
-90.8783	-29.9133	0
22.817	-28.679	0
5.37168	-29.9133	0
192.91	-14.8989	0
176.305	-18.7737	0
-75.945	-39.5028	0
-67.1412	-34.0092	0
20.305	-39.5028	0
29.1088	-34.0092	0
-107.899	-24.8129	0
125.56	-23.8414	0
-196.769	-6.98	0
195.519	-6.98	0
75.1735	-24.7445	0
-21.0765	-24.7445	0
-183.582	-16.3054	0
118.217	-24.7738	0
64.7024	-30.5608	0
-31.5476	-30.5608	0
108.176	-32.1055	0
76.5545	-37.5583	0
-19.6955	-37.5583	0
128.217	-36.5288	0
122.745	-31.0527	0
115.458	-31.5359	0
112.73	-43.4967	0
120.095	-39.1721	0
-158.05	-34.917	0
-60.1566	-45.9702	0
36.0934	-45.9702	0
-206.623	-8.37583	0
206.913	-15.1238	0
-191.629	-13.6984	0
123.348	-53.1447	0
203.834	-7.38871	0
-200.623	-15.2535	0
126.498	-45.0465	0
212.389	-8.46408	0
-191.786	-27.9064	0
-214.651	-21.4359	0
137.909	-54.1475	0
220.33	-20.5748	0
137.584	-42.8512	0
-44.451	-23.1731	0
-51.1117	-28.7531	0
-51.166	-39.709	0
-41.6631	-33.2663	0
51.799	-23.1731	0
45.1383	-28.7531	0
45.084	-39.709	0
54.5869	-33.2663	0
157.872	-21.9195	0
-133.381	-41.4105	0
-4.79388	-31.6949	0
-115.533	-29.5405	0
-122.526	-38.3792	0
-104.135	-39.4181	0
-218.447	-10.051	0
-45.621	-57.2568	0
-32.7859	-46.1943	0
50.629	-57.2568	0
63.4641	-46.1943	0
167.641	-23.5851	0
155.192	-39.4382	0
3.14583	-47.1053	0
-100.712	-30.7483	0
-95.1479	-37.9557	0
-97.2966	-53.0987	0
-85.4823	-37.9325	0
161.281	-31.4054	0
147.757	-48.2112	0
-123.092	-57.3014	0
-90.2949	-46.3683	0
171.118	-45.1865	0
-83.003	-60.9613	0
178.493	-32.9191	0
94.1951	-34.56	0
-232.636	-12.0617	0
160.001	-51.0499	0
150.551	-63.984	0
174.962	-65.9447	0
102.568	-65.3465	0
-15.1262	-58.7238	0
204.88	-39.3647	0
-249.663	-14.4733	0
129.02	-76.996	0
81.3796	-59.1114	0
199.723	-26.7266	0
188.905	-47.5294	0
-179.929	-53.0739	0
248.413	-27.3574	0
25.2623	-74.9223	0
-63.6779	-65.5082	0
-102.758	-79.9509	0
-30.5549	-61.76	0
-44.9756	-82.5519	0
-17.9718	-84.9831	0
-237.283	-40.5716	0
-270.096	-17.3686	0
65.7825	-61.8614	0
50.8218	-83.8588	0
77.9908	-85.4975	0
209.985	-69.0648	0
-152.232	-64.8916	0
22.2381	-57.2889	0
3.9971	-69.4933	0
268.846	-19.0389	0
-78.5477	-85.3666	0
-257.306	-34.0847	0
-294.616	-20.8425	0
7.94029	-98.41	0
293.366	-20.611	0
-257.697	-69.4372	0
-279.685	-37.9567	0
271.969	-55.964	0
159.67	-103.393	0
229.556	-43.907	0
-210.266	-49.5738	0
-324.039	-25.0103	0
322.789	-25.0584	0
-99.3375	-121.482	0
-306.072	-45.907	0
105.66	-94.1815	0
-131.384	-85.1984	0
61.7786	-128.246	0
243.625	-75.0426	0
-230.975	-66.6837	0
-198.913	-84.4022	0
-239.92	-110.911	0
-359.347	-30.0125	0
303.808	-51.0823	0
358.096	-30.003	0
-26.5468	-133.249	0
-285.745	-65.609	0
131.609	-104.983	0
84.715	-112.496	0
-165.318	-99.1816	0
-337.797	-55.011	0
-33.5749	-107.105	0
-276.428	-102.012	0
148.189	-149.186	0
110.013	-120.294	0
89.0462	-143.38	0
132.911	-129.706	0
156.503	-126.935	0
113.454	-144.483	0
188.029	-151.392	0
99.4814	-183.07	0
187.785	-119.159	0
-314.816	-75.2651	0
-60.0419	-104.471	0
54.3776	-173.712	0
-358.785	-101.99	0
-401.716	-36.0148	0
295.717	-104.579	0
400.466	-36.0167	0
336.588	-55.0571	0
-136.18	-121.728	0
-198.756	-129.617	0
221.133	-103.972	0
-375.854	-66.0302	0
316.881	-80.4197	0
374.607	-65.937	0
-117.364	-180.684	0
-272.444	-165.004	0
215.163	-135.069	0
227.77	-186.743	0
258.238	-127.218	0
348.652	-84.7679	0
328.723	-112.144	0
301.273	-156.12	0
391.827	-116.974	0
360.303	-114.192	0
342.057	-151.022	0
373.583	-143.705	0
425.57	-159.594	0
369.553	-197.917	0
-65.8021	-145.057	0
-452.559	-43.2185	0
451.309	-43.2181	0
164.573	-214.174	0
420.01	-79.0418	0
326.431	-191.692	0
-27.2382	-202.102	0
-424.983	-111.38	0
276.545	-200.29	0
-414.639	-73.2993	0
338.01	-263.954	0
-453.398	-83.217	0
-517.119	-61.8727	0
-484.352	-142.864	0
18.3198	-143.174	0
-317.612	-120.199	0
-367.398	-177.119	0
512.321	-51.8623	0
61.9223	-250.718	0
230.433	-271.73	0
475.018	-95.5165	0
585.535	-62.2339	0
540.858	-114.013	0
459.014	-268.584	0
-586.785	-57.2691	0
-429.918	-173.794	0
-506.733	-245.619	0
-403.99	-275.711	0
673.392	-74.6811	0
492.406	-160.052	0
-556.265	-124.834	0
-674.642	-75.9754	0
619.763	-136.93	0
562.831	-185.653	0
669.427	-252.585	0
-199.849	-221.756	0
140.293	-308.416	0
778.821	-89.6173	0
-780.071	-89.3739	0
714.468	-164.296	0
-309.238	-254.791	0
-503.616	-425.421	0
-60.6181	-369.385	0
244.192	-434.619	0
905.335	-107.541	0
-906.584	-107.59	0
-705.871	-251.737	0
-323.067	-417.192	0
44.9711	-355.817	0
-92.4232	-276.067	0
828.112	-197.159	0
13.9339	-531.921	0
135.468	-418.259	0
-197.204	-363.858	0
393.188	-405.405	0
1057.15	-129.048	0
-1058.4	-129.039	0
-827.395	-209.137	0
167.567	-574.388	0
964.484	-236.589	0
-185.733	-566.105	0
575.495	-408.869	0
-965.933	-235.523	0
350.839	-583.974	0
2206.81	-2048	0
1183.27	-331.417	0
-834.945	-425.31	0
-2208.06	-2428.18	0
833.068	-435.557	0
-1182.92	-330.559	0
1239.33	-154.858	0
-1240.58	-154.86	0
-403.854	-629.48	0
22.6525	-799.517	0
2206.81	-1024	0
1457.95	-185.829	0
-1459.2	-185.828	0
248.405	-785.628	0
-669.35	-632.863	0
-231.255	-816.474	0
1720.29	-222.997	0
-2208.06	-1214.09	0
157.801	-1154.58	0
622.988	-849.062	0
-532.899	-921.744	0
-1721.54	-222.997	0
-88.4692	-1045.07	0
-1084.97	-794.629	0
1529.51	-625.094	0
2206.81	-512	0
-2208.06	-607.045	0
-140.95	-1494.74	0
-1530.76	-625.094	0
2206.81	-256	0
1953.75	-384	0
-2208.06	-303.522	0
1918.42	-768	0
-1933.02	-455.283	0
-1876.52	-882.794	0
1119.43	-757.635	0
1652.1	-1358.45	0
-1104.34	-4856.36	0
1103.09	-4856.36	0
-1511.03	-1580.09	0
-1452.68	-1090.65	0
1430.24	-1018.61	0
956.616	-1267.1	0
-552.484	-4856.36	0
551.234	-4856.36	0
-920.044	-1402.35	0
482.524	-1741.05	0
-828.413	-3971.41	0
827.163	-3971.41	0
1214.24	-1998.9	0
-224.194	-2617.68	0
-987.909	-2248.08	0
604.361	-2562.46	0
-934.816	-3112.21	0
240.209	-3342.13	0
2206.81	-3452.18	0
1471.33	-2888.9	0
-2208.06	-3642.27	0
2206.81	-4154.27	0
1551.4	-3803.22	0
1694.81	-4856.36	0
1398.95	-4360.31	0
-159.375	-0.904795	0
-159.375	0	0
-160.393	-0.939591	0
-158.861	-1.45463	0
-158.634	-2.18235	0
-158.631	-0.740596	0
-159.29	-3.28202	0
-157.884	-2.02227	0
-158.419	-1.71601	0
-157.917	-0.596796	0
-159.085	-0.452397	0
-159.582	-0.452397	0
-159.886	-0.865104	0
-161.25	0	0
-160.034	-1.61595	0
-159.663	-1.29942	0
-160.203	-0.466909	0
-160.625	0	0
-160.739	-0.526591	0
-160.933	-1.04063	0
-160.645	-1.58037	0
-161.336	-0.594738	0
-161.093	-2.50487	0
-161.875	0	0
-160.38	-2.28008	0
-162.188	-0.825222	0
-159.133	-2.62994	0
-159.774	-2.51828	0
-158.676	-3.08445	0
-160.442	-3.32744	0
-158.763	-3.86713	0
-158.014	-3.55381	0
-158.213	-2.31711	0
-158.538	-2.60871	0
-157.791	-2.4567	0
-157.54	-3.07888	0
-157.377	-2.14116	0
-157.325	-1.34162	0
-157.33	-2.63234	0
-157.087	-3.01951	0
-156.354	-2.89538	0
-156.787	-2.56089	0
-156.143	-2.17432	0
-158.125	0	0
-159.104	-4.69921	0
-157.709	-1.03877	0
-157.072	-0.626373	0
-157.74	-1.57082	0
-156.477	-1.24989	0
-156.124	-3.64273	0
-155.396	-2.02227	0
-156.875	0	0
-156.877	-1.52132	0
-156.433	-1.76138	0
-156.9	-1.0576	0
-156.449	-0.627839	0
-155.923	-1.7116	0
-155.625	0	0
-156.671	-4.12422	0
-155.336	-3.49734	0
-155.725	-2.31855	0
-156.053	-2.59194	0
-155.309	-2.4497	0
-155.956	-2.98862	0
-156.231	-3.26669	0
-155.58	-3.16206	0
-156.594	-3.18051	0
-154.98	-2.98245	0
-155.881	-3.37	0
-156.508	-3.56312	0
-155.69	-3.78479	0
-156.8	-3.78263	0
-156.379	-3.90471	0
-157.411	-3.7243	0
-156.181	-4.47159	0
-156.005	-4.01285	0
-157.139	-4.1064	0
-154.883	-2.1406	0
-155.256	-3.95769	0
-157.707	-4.22268	0
-154.98	-4.69234	0
-154.841	-3.64883	0
-154.825	-1.34131	0
-154.484	-2.61321	0
-157.672	-5.02757	0
-154.761	-4.19062	0
-154.066	-4.79408	0
-155.652	-4.97196	0
-153.779	-2.42553	0
-156.018	-0.937497	0
-155.981	-0.430795	0
-155.464	-0.723345	0
-155.212	-1.10235	0
-155.244	-1.57433	0
-154.658	-0.637478	0
-155.312	-0.310132	0
-155.066	-0.635276	0
-154.864	-0.955011	0
-154.302	-1.09347	0
-154.375	0	0
-154.054	-0.532662	0
-153.686	-1.031	0
-153.941	-1.5807	0
-153.125	0	0
-158.479	-5.259	0
-156.946	-6.16967	0
-156.302	-5.12931	0
-156.873	-5.49532	0
-155.79	-5.82625	0
-157.566	-5.76191	0
-154.013	-2.96323	0
-153.618	-3.64509	0
-153.171	-2.02227	0
-152.222	-0.932206	0
-153.49	-0.501315	0
-152.812	-0.600541	0
-153.195	-0.845874	0
-152.69	-1.07315	0
-152.65	-1.6901	0
-152.595	-2.35097	0
-152.405	-3.15496	0
-159.689	-5.98191	0
-155.035	-5.50945	0
-153.463	-1.63839	0
-153.747	-1.98133	0
-152.118	-1.49072	0
-151.335	-1.43498	0
-152.933	-3.59393	0
-152.36	-4.11213	0
-151.635	-2.81231	0
-150.616	-2.03891	0
-151.238	-0.720706	0
-152.598	-4.93349	0
-151.593	-4.49045	0
-150.625	0	0
-150.312	-0.549947	0
-150.806	-0.466808	0
-149.985	-1.09989	0
-149.887	-1.84687	0
-149.375	0	0
-151.875	0	0
-149.025	-2.13319	0
-148.693	-0.825465	0
-149.688	-0.541334	0
-149.062	-0.436092	0
-148.125	0	0
-147.812	-0.823629	0
-164	0	0
-156.196	-6.57812	0
-150.984	-3.32058	0
-150.206	-3.84976	0
-152.595	-5.89321	0
-151.024	-5.10098	0
-151.165	-6.21339	0
-150.311	-5.75644	0
-151.787	-0.563738	0
-148.439	-3.01664	0
-148.652	-1.53186	0
-163.25	-0.755795	0
-157.099	-7.34514	0
-155.749	-7.94216	0
-149.411	-4.35756	0
-152.771	-7.49569	0
-149.374	-3.32419	0
-149.442	-5.32614	0
-149.427	-6.44729	0
-162.454	-2.1949	0
-161.884	-4.6508	0
-159.851	-3.69291	0
-159.363	-4.1111	0
-154.459	-6.24946	0
-154.483	-7.56919	0
-153.856	-6.92073	0
-153.616	-7.77996	0
-154.246	-8.48106	0
-152.898	-8.51759	0
-155.103	-9.77571	0
-147.574	-1.51839	0
-147.422	-2.24611	0
-147.633	-3.02407	0
-146.71	-2.02227	0
-147.015	-3.54704	0
-146.159	-2.52979	0
-146.176	-1.51851	0
-147.765	-3.8063	0
-146.286	-3.87915	0
-145.452	-2.71481	0
-145.314	-1.09697	0
-146.32	-0.764494	0
-147.827	-4.80831	0
-146.347	-3.19277	0
-144.929	-3.21866	0
-144.896	-2.20285	0
-146.875	0	0
-147.188	-0.589667	0
-145.654	-0.439725	0
-145.086	-3.96576	0
-144.218	-3.49714	0
-144.159	-2.02227	0
-144.946	-4.65416	0
-145.055	-5.82914	0
-144.026	-5.33227	0
-143.638	-4.009	0
-143.696	-2.9976	0
-143.651	-1.47528	0
-142.741	-4.29667	0
-143.031	-2.71908	0
-142.788	-1.14304	0
-143.854	-0.747935	0
-142.462	-3.15264	0
-142.347	-2.26555	0
-144.375	0	0
-144.688	-0.647275	0
-143.143	-0.465603	0
-141.811	-3.78949	0
-141.512	-2.07146	0
-141.877	-4.87015	0
-142.241	-0.672962	0
-141.52	-0.667577	0
-141.002	-3.3417	0
-141.205	-1.45474	0
-140.75	-2.06602	0
-140.55	-2.76829	0
-140.004	-3.66409	0
-139.865	-2.96552	0
-139.285	-2.47546	0
-138.077	-2.502	0
-139.489	-1.79807	0
-140.004	-1.35575	0
-139.913	-0.678115	0
-139.375	0	0
-140.625	0	0
-138.696	-0.85103	0
-140.938	-0.515169	0
-138.669	-1.92066	0
-138.007	-0.553317	0
-137.169	-1.06661	0
-164.518	-1.26406	0
-158.409	-8.55605	0
-151.559	-7.36664	0
-149.159	-7.98698	0
-161.567	-3.54905	0
-152.158	-10.081	0
-147.075	-5.17957	0
-147.85	-5.80276	0
-146.27	-5.30637	0
-145.892	-6.09959	0
-146.533	-7.29562	0
-145.156	-6.94444	0
-141.851	-6.42635	0
-138.876	-4.77142	0
-163.067	-3.71361	0
-143.984	-8.41583	0
-140.695	-5.62894	0
-70.625	-0.496402	0
-71.4516	-0.895475	0
-69.7984	-0.895475	0
36.875	-0.904795	0
34.375	-0.904795	0
-135.625	-0.496402	0
-136.386	-0.812362	0
133.125	-0.904795	0
141.875	-0.904795	0
141.875	0	0
141.139	-0.744713	0
140.625	0	0
140.312	-0.647275	0
141.356	-1.46287	0
140.726	-2.52794	0
142.389	-1.45463	0
142.936	-2.48135	0
142.619	-0.740596	0
143.333	-0.596796	0
143.734	-1.09626	0
143.689	-1.99293	0
144.058	-0.552658	0
144.69	-0.55152	0
144.375	0	0
145.234	-1.2289	0
145.625	0	0
146.063	-1.04871	0
145.312	-0.53823	0
145.938	-0.485305	0
146.634	-0.625792	0
147.374	-0.737248	0
146.875	0	0
147.043	-0.423796	0
144.656	-2.16516	0
146.298	-1.73486	0
146.394	-2.94963	0
147.169	-2.27749	0
145.162	-3.24545	0
141.891	-3.38819	0
147.566	-1.62309	0
147.878	-2.25995	0
143.077	-3.70033	0
-114.375	-0.496402	0
-113.548	-0.895475	0
100.625	-0.496402	0
99.7984	-0.895475	0
101.452	-0.895475	0
-93.125	-0.904795	0
-93.8607	-0.744713	0
-94.5743	-0.592633	0
-93.644	-1.46287	0
-94.2741	-2.52794	0
-92.6107	-1.45463	0
-92.3838	-2.18235	0
-92.3808	-0.740596	0
-92.9836	-3.04846	0
-91.6341	-2.02227	0
-91.6671	-0.596796	0
-91.1193	-2.59641	0
-91.1394	-1.4548	0
-91.341	-3.44164	0
-90.2702	-2.80303	0
-90.2797	-1.16573	0
-90.8956	-0.691754	0
-92.1734	-3.53234	0
-92.6841	-4.13571	0
-93.3095	-5.30698	0
-92.4927	-4.9905	0
-91.0854	-4.23898	0
-91.4178	-5.0525	0
-90.2435	-4.49126	0
-89.6908	-3.4067	0
-88.8461	-3.84874	0
-89.6426	-2.0461	0
-92.5972	-5.93311	0
-89.7481	-5.16845	0
-89.9434	-6.56424	0
-88.8547	-6.00504	0
-88.1234	-4.44941	0
-87.9458	-3.20032	0
-91.3535	-6.36862	0
-88.2887	-5.32143	0
-92.2389	-6.90359	0
-87.3502	-5.04763	0
-86.4298	-4.64018	0
-86.8841	-3.0737	0
-93.1724	-8.36924	0
-90.9384	-8.05594	0
-85.8975	-3.75038	0
-86.5302	-5.65664	0
-84.6466	-3.69068	0
-86.2162	-7.24201	0
-103.125	-0.904795	0
-103.125	0	0
-103.861	-0.744713	0
-104.375	0	0
-104.688	-0.647275	0
-103.644	-1.46287	0
-104.249	-2.41832	0
-102.611	-1.45463	0
-102.064	-2.48135	0
-102.381	-0.740596	0
-101.667	-0.596796	0
-101.266	-1.09626	0
-101.311	-1.99293	0
-100.942	-0.552658	0
-100.31	-0.55152	0
-100.625	0	0
-99.7661	-1.2289	0
-99.375	0	0
-98.937	-1.04871	0
-99.6875	-0.53823	0
-99.0625	-0.485305	0
-98.3657	-0.625792	0
-97.6261	-0.737248	0
-100.344	-2.16516	0
-105.106	-1.94552	0
-105.993	-1.90789	0
-106.519	-1.18097	0
-106.343	-2.78866	0
-106.116	-0.651477	0
-105.625	0	0
-106.875	-0.467869	0
-105.312	-0.549947	0
-107.581	-0.759187	0
-108.125	0	0
-108.438	-0.647275	0
-107.405	-1.48221	0
-109.375	-0.70082	0
-107.93	-2.02227	0
-108.873	-1.25659	0
-108.655	-2.21815	0
-107.393	-2.55588	0
-109.232	-2.8433	0
-107.562	-3.39679	0
-110.12	-2.56269	0
-108.619	-3.50304	0
-107.555	-4.83732	0
-110.85	-1.99623	0
-108.865	-4.79057	0
-111.825	-2.32129	0
-104.055	-4.11686	0
-102.094	-4.13222	0
-112.118	-3.63583	0
-103.065	-3.28885	0
-129.375	-0.904795	0
-134.375	0	0
-134.688	-0.549947	0
-134.055	-0.554253	0
-135.015	-1.09989	0
-133.52	-1.23463	0
-135.053	-2.03322	0
-133.373	-0.568499	0
-132.706	-1.0654	0
-132.32	-1.80054	0
-132.501	-2.77714	0
-131.362	-1.91761	0
-134.08	-2.00846	0
-135.966	-2.14926	0
-133.499	-2.94442	0
-132.127	-3.71709	0
-130.385	-2.32665	0
-136.595	-3.17473	0
-134.138	-3.74275	0
-132.358	-5.40033	0
-130.648	-4.2031	0
-129.548	-3.20431	0
-135.515	-4.09862	0
-133.824	-5.19006	0
-95.625	0	0
-95.9375	-0.549947	0
-95.3049	-0.554253	0
-96.5625	-0.541334	0
-96.25	-1.09128	0
-94.9861	-1.10798	0
-96.875	0	0
-96.5706	-1.6761	0
-95.3173	-2.0292	0
-97.4081	-1.73087	0
-95.945	-1.6388	0
-94.8282	-1.68487	0
-96.9538	-2.2474	0
-94.7877	-2.26187	0
-95.2588	-2.6152	0
-94.2938	-1.93728	0
-95.9032	-2.85229	0
-94.7322	-2.95874	0
-93.7234	-2.21391	0
-97.6138	-2.36989	0
-96.6307	-2.90102	0
-96.168	-3.97478	0
-94.6326	-4.01025	0
-93.967	-3.3134	0
-98.4382	-2.1026	0
-97.3438	-3.04562	0
-97.8681	-3.68278	0
-96.8535	-3.633	0
-98.6838	-3.44614	0
-98.4595	-4.85961	0
-99.2677	-2.83954	0
-98.9356	-4.21065	0
-100.128	-4.84831	0
-99.2945	-4.97311	0
-100.119	-3.02387	0
-99.8318	-5.71636	0
-100.678	-3.93348	0
-99.9712	-7.2506	0
-96.4379	-5.22598	0
-59.375	-0.904795	0
-46.875	-0.496402	0
-47.7016	-0.895475	0
-46.0484	-0.895475	0
-47.5303	-1.59621	0
-47.4682	-2.32393	0
-48.0644	-2.71481	0
-46.8019	-2.02227	0
-48.7283	-2.41367	0
-47.4812	-3.1223	0
-46.2069	-2.44954	0
-46.2198	-1.5963	0
-48.7756	-1.69459	0
-48.7697	-3.12401	0
-47.4248	-4.07786	0
-46.0818	-3.62082	0
-48.2067	-1.33797	0
-48.381	-0.629467	0
-49.4275	-2.02227	0
-49.4186	-3.49734	0
-48.7261	-3.87136	0
-46.8289	-3.50472	0
-45.3617	-2.95159	0
-49.1011	-0.628661	0
-50.0203	-1.61375	0
-50.0325	-2.43166	0
-50.0486	-3.90902	0
-48.7442	-4.59059	0
-49.8322	-0.71715	0
-50.8597	-0.977969	0
-50.6869	-2.71481	0
-50.7105	-4.11226	0
-51.4314	-3.6737	0
-51.2647	-4.52311	0
-51.7805	-5.14769	0
-49.971	-4.59707	0
-49.9761	-5.7601	0
-49.3557	-4.95767	0
-51.2936	-2.3041	0
-52.8507	-4.94058	0
-51.0374	-5.53321	0
-48.6801	-5.39021	0
-51.2087	-1.59783	0
-51.9714	-2.02227	0
-52.4173	-5.56967	0
-50.76	-6.83112	0
-47.7511	-5.84001	0
-52.5415	-1.57647	0
-52.5553	-2.46989	0
-53.3897	-5.77581	0
-52.4495	-6.37689	0
-52.4816	-0.789267	0
-53.4719	-3.01053	0
-52.2188	-7.71411	0
-51.6766	-6.87119	0
-51.7672	-0.548424	0
-53.125	-0.409414	0
-52.575	-3.48386	0
-53.8079	-0.770183	0
-53.1205	-1.13656	0
-54.375	0	0
-54.6875	-0.647275	0
-44.7133	-2.26119	0
-54.3272	-6.49951	0
-51.1824	-7.67131	0
-44.3219	-3.27842	0
-49.684	-8.17112	0
-50.3191	-7.57911	0
-49.4879	-7.32411	0
-48.2328	-8.0608	0
-49.9476	-6.62261	0
-48.6082	-7.26279	0
-47.6927	-7.31945	0
-48.2762	-6.49324	0
-46.7739	-8.55617	0
-46.7244	-7.5597	0
-45.7979	-8.10527	0
-46.0607	-6.76489	0
-50.625	0	0
-46.7434	-5.66762	0
-54.0835	-2.2368	0
-54.9997	-2.00399	0
-54.377	-3.09737	0
-55.9373	-2.22054	0
-54.9988	-3.84783	0
-55.9117	-4.10929	0
-54.3415	-4.52692	0
-54.5475	-5.51476	0
-54.2328	-8.02952	0
-43.5153	-4.25768	0
-44.0845	-7.535	0
-55.6559	-5.88549	0
-44.9963	-6.95422	0
-56.8083	-6.75562	0
-43.8788	-6.20586	0
-38.125	0	0
-38.4375	-0.549947	0
-37.8049	-0.554253	0
-39.1633	-0.598611	0
-37.2702	-1.23463	0
-38.7652	-1.09989	0
-37.1228	-0.568499	0
-38.8032	-2.03322	0
-36.4559	-1.0654	0
-39.9061	-0.752817	0
-36.0703	-1.80054	0
-40.625	-0.460214	0
-40.0997	-1.47387	0
-36.251	-2.77714	0
-35.1122	-1.91761	0
-41.328	-0.760474	0
-39.7197	-2.37533	0
-41.875	0	0
-42.1875	-0.647275	0
-41.1559	-1.48386	0
-41.8105	-2.51004	0
-37.8302	-2.00846	0
-37.2485	-2.94442	0
-35.8775	-3.71709	0
-34.1346	-2.32665	0
-40.569	-3.15814	0
-37.8881	-3.74275	0
-36.108	-5.40033	0
-34.3981	-4.2031	0
-33.2983	-3.20431	0
-41.563	-3.54903	0
-39.4143	-3.97699	0
-37.574	-5.19006	0
-42.0391	-4.81097	0
151.875	0	0
151.562	-0.647275	0
152.188	-0.549947	0
151.918	-0.874717	0
151.556	-1.04971	0
150.914	-0.837317	0
151.323	-1.68442	0
152.574	-1.1445	0
151.975	-2.02227	0
152.833	-0.553192	0
153.461	-1.18192	0
153.125	0	0
153.438	-0.518212	0
153.886	-0.834317	0
154.375	0	0
154.342	-0.541334	0
155.004	-0.772908	0
154.982	-1.52105	0
155.625	0	0
154.768	-0.387786	0
155.203	-0.385314	0
155.418	-0.740213	0
155.237	-1.08371	0
156.052	-0.614931	0
155.595	-0.39057	0
154.835	-1.14218	0
155.415	-1.48075	0
155.938	-0.220679	0
154.559	-1.46672	0
155.235	-1.89458	0
156.131	-1.62737	0
154.719	-1.89602	0
153.96	-1.51786	0
155.708	-2.48284	0
155.711	-1.85558	0
154.252	-2.50777	0
154.287	-1.81217	0
156.155	-2.17148	0
153.737	-2.09453	0
156.205	-2.71997	0
156.688	-1.87538	0
156.844	-3.38905	0
156.633	-2.40421	0
156.676	-2.91006	0
157.382	-2.21539	0
157.086	-2.62053	0
157.883	-2.89298	0
156.875	0	0
153.286	-3.03056	0
150.781	-1.42373	0
150.114	-0.964457	0
150.185	-1.57513	0
149.717	-2.49537	0
151.232	-2.40733	0
152.557	-2.4729	0
156.342	-1.10163	0
155.144	-3.05938	0
157.582	-1.50541	0
156.666	-0.578571	0
150.625	0	0
150.312	-0.45199	0
149.73	-0.521006	0
149.375	0	0
149.062	-0.593807	0
148.432	-0.546647	0
149.428	-0.850838	0
149.03	-1.02829	0
148.83	-1.6435	0
148.125	0	0
147.897	-0.612091	0
149.202	-2.14344	0
148.221	-1.74507	0
149.019	-2.96272	0
149.731	-1.92317	0
150.498	-2.85502	0
152.498	-3.30584	0
155.313	-4.40277	0
158.521	-1.02829	0
157.42	-0.759302	0
157.188	-0.3508	0
151.217	-3.20936	0
153.151	-3.90947	0
158.141	-1.44236	0
158.885	-1.7443	0
157.968	-0.902182	0
158.125	0	0
160	0	0
158.35	-0.503786	0
159.105	-1.182	0
158.946	-0.599406	0
159.448	-1.64058	0
159.333	-2.59529	0
159.892	-2.17845	0
159.704	-0.705674	0
159.375	0	0
160.281	-3.28359	0
161.051	-2.00739	0
156.994	-0.871233	0
157.293	-1.18381	0
157.174	-1.5808	0
150.532	-3.6939	0
160.675	-0.78672	0
150.521	-4.96155	0
151.387	-4.1773	0
153.004	-1.47503	0
152.474	-1.71986	0
149.852	-3.22846	0
156.222	-4.11255	0
153.072	-5.20154	0
161.514	-1.19677	0
152.31	-4.30832	0
151.832	-3.60032	0
156.178	-5.54504	0
157.693	-4.7482	0
154.103	-3.38568	0
159.195	-3.78137	0
154.8	-3.78485	0
136.875	-0.904795	0
-86.875	-0.904795	0
139.375	0	0
139.062	-0.549947	0
139.691	-0.556705	0
138.438	-0.541334	0
138.75	-1.09128	0
138.125	0	0
137.812	-0.541369	0
138.429	-1.6761	0
137.486	-1.09063	0
137.768	-2.38995	0
139.097	-1.70826	0
137.812	-1.61787	0
139.543	-2.39544	0
139.872	-1.69412	0
136.845	-3.30273	0
138.378	-3.34548	0
139.009	-4.49748	0
-153.37	-5.25769	0
-138.002	-3.65103	0
-163.632	-1.63907	0
-164.75	0	0
-165.125	-0.722141	0
-164.375	-0.584495	0
-163.9	-1.0392	0
-167.3	0	0
-165.691	-1.96646	0
-166.367	-0.908493	0
-150.581	-8.53544	0
-147.677	-8.284	0
146.945	-3.96374	0
146.67	-5.27011	0
148.174	-4.48689	0
140.754	-3.70815	0
144.345	-4.50755	0
-83.5833	-2.99696	0
-110.275	-4.83214	0
-128.35	-3.37588	0
-97.6123	-5.94591	0
-52.5569	-9.12352	0
-32.1004	-3.37588	0
-40.8914	-5.99816	0
150.997	-6.71958	0
154.503	-5.6738	0
161.981	-2.00464	0
161.519	-3.16063	0
162.75	0	0
164.431	-2.24138	0
163.048	-1.26406	0
158.685	-3.12138	0
158.045	-3.84697	0
158.666	-4.60892	0
158.403	-6.23827	0
136.516	-4.4755	0
138.158	-5.52035	0
-167.743	-1.38852	0
146.462	-7.46168	0
149.213	-5.38803	0
148.832	-3.85538	0
145.297	-5.53245	0
-109.898	-6.59164	0
-127.891	-4.50359	0
-98.1419	-7.77315	0
-96.1317	-7.04342	0
-31.6408	-4.50359	0
152.311	-6.33921	0
161.003	-4.26381	0
135.406	-4.0806	0
134.322	-3.61672	0
134.48	-4.80874	0
134.195	-2.46093	0
133.227	-3.17949	0
133.231	-6.23696	0
132.149	-2.68123	0
134.576	-6.15326	0
131.838	-4.175	0
136.743	-5.71406	0
138.875	-6.65546	0
149.053	-7.20414	0
143.395	-6.34364	0
-128.769	-6.32262	0
-126.763	-4.03709	0
-32.5194	-6.32262	0
-30.5129	-4.03709	0
152.1	-8.071	0
161.231	-6.29673	0
162.998	-4.5245	0
135.767	-6.461	0
138.235	-7.72585	0
140.115	-6.78732	0
-125.846	-4.77656	0
-125.719	-3.68102	0
-126.019	-5.8555	0
-124.916	-5.35031	0
-124.681	-3.06056	0
-127.129	-6.53038	0
-123.853	-6.07402	0
-126.083	-7.00072	0
-123.851	-4.92917	0
-125.059	-7.63249	0
-123.757	-3.80953	0
-122.887	-4.44631	0
-121.786	-4.79805	0
-121.561	-6.02928	0
-120.569	-5.21201	0
-29.5956	-4.77656	0
-29.4691	-3.68102	0
-29.7686	-5.8555	0
-28.6657	-5.35031	0
-28.431	-3.06056	0
-30.8794	-6.53038	0
-27.6029	-6.07402	0
-29.8332	-7.00072	0
-27.6011	-4.92917	0
-28.8087	-7.63249	0
-27.5071	-3.80953	0
-26.6372	-4.44631	0
-25.5356	-4.79805	0
-25.3108	-6.02928	0
-24.3187	-5.21201	0
136.623	-8.06816	0
138.693	-9.30825	0
141.068	-5.80356	0
-123.963	-7.2345	0
-122.541	-8.01959	0
-122.801	-6.75936	0
-126.13	-8.22391	0
-27.7131	-7.2345	0
-26.2906	-8.01959	0
-26.5507	-6.75936	0
-29.8805	-8.22391	0
-127.355	-9.87558	0
-31.1051	-9.87558	0
-156.428	-10.9746	0
-153.753	-11.1129	0
-137.732	-5.40126	0
-137.066	-6.9646	0
-136.531	-5.37665	0
-164.828	-4.13998	0
-163.549	-5.53701	0
-142.805	-7.54179	0
-139.986	-4.7742	0
-139.609	-5.80748	0
-140.359	-6.97597	0
-139.372	-9.08874	0
-85.0649	-6.1902	0
-106.104	-4.95685	0
-103.085	-5.47433	0
-133.309	-6.81616	0
-95.4131	-4.54678	0
-49.9881	-9.9564	0
-46.4595	-10.6199	0
-55.8817	-8.75727	0
-58.0186	-6.05288	0
-57.9671	-7.35778	0
-59.4083	-5.27348	0
-59.202	-8.60052	0
-56.8924	-8.00984	0
-57.9759	-8.58396	0
-58.5744	-9.67167	0
-58.1873	-11.7208	0
-37.1782	-7.64602	0
-147.275	-9.96177	0
-52.5911	-11.5579	0
-41.6328	-8.16727	0
155.217	-6.92592	0
-169.342	-2.66325	0
-119.232	-6.53947	0
-22.9819	-6.53947	0
135.602	-9.22181	0
138.355	-11.6813	0
140.63	-9.41584	0
-122.739	-10.7415	0
-26.489	-10.7415	0
-142.481	-9.21143	0
-106.931	-6.11993	0
-102.489	-7.87899	0
-51.4354	-10.0423	0
-40.0459	-7.49841	0
154.843	-9.31787	0
133.333	-10.4641	0
135.655	-11.8084	0
-120.734	-9.51938	0
-24.4844	-9.51938	0
-106.431	-8.18932	0
-50.6111	-11.6941	0
155.966	-8.2683	0
156.553	-10.0217	0
158.138	-8.50253	0
-117.317	-2.99104	0
-118.391	-3.65688	0
-76.0674	-2.99104	0
-77.1407	-3.65688	0
-160.119	-7.8014	0
-158.156	-10.3407	0
-94.3629	-9.73303	0
166.05	0	0
164.177	-1.13392	0
165.61	-1.38766	0
167.302	-1.61644	0
-111.512	-7.49025	0
-109.288	-8.33522	0
-94.5832	-7.55261	0
131.821	-7.48878	0
147.993	-9.7026	0
151.837	-10.9896	0
164.739	-4.02567	0
-156.239	-12.6106	0
-157.716	-14.5261	0
-154.708	-12.3393	0
-152.876	-13.6723	0
-135.584	-7.57724	0
-135.24	-9.17501	0
-136.474	-10.2406	0
-133.853	-10.153	0
-137.935	-9.69393	0
-135.091	-12.3789	0
-138.181	-8.27027	0
-139.332	-11.0034	0
-165.091	-2.98639	0
-166.202	-2.95359	0
-167.034	-4.62569	0
-164.217	-7.21797	0
-161.859	-6.70503	0
-132.271	-7.99479	0
-132.347	-9.59823	0
-130.901	-10.5691	0
-55.556	-10.7425	0
-60.5781	-7.69908	0
-62.3064	-8.43806	0
-35.7612	-6.94345	0
-35.6068	-9.03507	0
-34.047	-7.86844	0
-148.702	-12.0659	0
-144.895	-10.7524	0
-43.2336	-9.30511	0
-117.748	-5.83948	0
-116.439	-6.54153	0
-115.523	-8.86282	0
-116.099	-5.12033	0
-115.378	-7.46425	0
-113.451	-8.37147	0
-114.026	-7.09384	0
-113.63	-5.70331	0
-114.705	-4.6755	0
-112.68	-6.72605	0
142.836	-9.88131	0
-140.916	-9.41883	0
-142.031	-11.8249	0
-103.819	-6.93219	0
-105.351	-7.09152	0
-104.004	-8.59895	0
-102.982	-10.6123	0
-119.218	-8.41526	0
-22.9679	-8.41526	0
-48.3917	-13.2491	0
158.635	-12.3259	0
-159.637	-11.551	0
-96.1339	-12.205	0
-93.9785	-11.812	0
167.955	-3.57591	0
170.01	0	0
-108.654	-11.3725	0
131.99	-9.27491	0
164.237	-5.55997	0
162.766	-6.06021	0
166.721	-6.64622	0
162.272	-7.94894	0
165.856	-5.24056	0
167.521	-5.18471	0
169.465	-7.19836	0
169.109	-4.7496	0
171.769	-5.50567	0
-152.07	-11.9659	0
-139.234	-14.2186	0
-165.85	-4.75079	0
-166.546	-5.66988	0
-167.719	-5.58207	0
-166.276	-7.58734	0
-168.653	-4.19071	0
-167.216	-6.74165	0
-167.85	-8.39028	0
-170.286	-4.83188	0
-131.079	-12.498	0
-129.227	-9.7163	0
-44.4888	-10.8403	0
-118.458	-11.0521	0
-22.2082	-11.0521	0
-48.7013	-11.3659	0
-162.036	-10.82	0
-159.193	-13.3719	0
130.583	-10.4204	0
164.423	-10.4239	0
-150.359	-10.9421	0
-164.915	-9.25293	0
-170.082	-10.3451	0
-173.114	-5.66352	0
-133.111	-13.3149	0
-45.6497	-12.3003	0
-42.5489	-11.1456	0
-117.578	-9.3708	0
-21.3284	-9.3708	0
-161.152	-12.8856	0
129.002	-9.73731	0
131.888	-11.8379	0
-171.063	-7.41317	0
-43.772	-12.6018	0
-116.281	-11.1203	0
-20.0314	-11.1203	0
-19.2003	-8.40255	0
128.463	-7.76581	0
128.269	-11.4371	0
131.269	-14.133	0
-40.8253	-13.8352	0
126.145	-11.6781	0
128.402	-13.5706	0
-113.948	-3.09741	0
-80.3259	-2.86363	0
-79.839	-5.59464	0
-78.233	-6.44609	0
-78.2147	-8.65993	0
-76.6946	-5.7984	0
-89.4303	-9.95404	0
-125.277	-10.1364	0
-29.0272	-10.1364	0
-171.26	0	0
-153.747	-17.3778	0
-38.0569	-10.2235	0
144.063	-13.182	0
-105.228	-13.576	0
-100.611	-13.4771	0
171.334	-1.84217	0
168.93	-1.26761	0
-107.11	-10.083	0
162.134	-10.2417	0
-165.135	-12.254	0
-135.602	-16.0216	0
-160.681	-15.1797	0
-115.031	-12.8249	0
-21.2172	-14.1976	0
-16.743	-7.67458	0
133.257	-15.4104	0
125.213	-9.82801	0
124.453	-12.8547	0
127.65	-16.4274	0
-80.7714	-9.91006	0
-75.875	-10.28	0
-172.34	-1.68596	0
-151.813	-15.8776	0
145.387	-10.8111	0
171.862	-3.63703	0
174.762	0	0
-106.716	-12.1241	0
163.11	-12.4494	0
-163.446	-17.9781	0
-114.402	-16.3193	0
-111.998	-13.1153	0
-18.7297	-13.389	0
135.586	-15.1062	0
132.494	-17.4904	0
123.337	-9.2129	0
120.462	-9.63542	0
121.361	-14.4104	0
-176.012	0	0
-170.647	-1.58126	0
173.543	-2.16711	0
-108.384	-13.5507	0
-161.085	-17.5462	0
138.223	-17.4494	0
131.805	-21.1473	0
124.034	-15.8721	0
-173.299	-3.4889	0
-106.828	-16.3044	0
133.809	-19.6319	0
-83.1149	-5.93362	0
-81.8477	-7.45356	0
-82.7937	-9.33207	0
-98.3749	-10.339	0
159.797	-7.23081	0
139.992	-13.4461	0
-27.3437	-13.6847	0
-148.302	-14.4453	0
-112.568	-9.96138	0
-110.99	-11.3046	0
-49.3777	-17.6916	0
167.529	-9.72521	0
-43.2378	-15.4622	0
-87.1666	-11.4397	0
-155.891	-16.1737	0
-151.207	-18.6561	0
160.88	-12.116	0
160.094	-15.8214	0
161.704	-14.227	0
163.456	-17.6069	0
-15.7003	-13.0672	0
-174.341	-1.77861	0
177.638	-4.27067	0
175.816	-2.01909	0
-161.711	-20.7949	0
134.159	-22.1785	0
136.371	-19.2591	0
-146.184	-16.2716	0
-47.8261	-15.7053	0
-156.749	-20.2108	0
-177.308	-2.01909	0
137.551	-24.8505	0
-144.286	-19.9003	0
-143.117	-14.9727	0
-45.4764	-19.1399	0
-159.128	-19.2224	0
-181.714	0	0
140.199	-21.3238	0
-45.5025	-16.6367	0
-159.017	-22.3126	0
-178.455	-4.18112	0
-43.4276	-17.8668	0
-177.056	-7.15	0
-43.098	-20.6822	0
-40.5224	-16.8864	0
174.468	-7.22578	0
-37.308	-13.6644	0
-168.278	-13.0356	0
-165.788	-15.5384	0
-23.6903	-17.1944	0
127.347	-20.3435	0
117.509	-9.83578	0
-109.935	-20.2349	0
-29.4321	-16.8723	0
-149.368	-21.1445	0
156.329	-15.3408	0
-16.9261	-15.9478	0
-12.3829	-11.9145	0
178.562	-6.95453	0
180.464	0	0
-179.705	-2.13231	0
-162.301	-24.9917	0
-155.366	-23.9779	0
-177.652	-12.6309	0
-39.7802	-24.0973	0
-172.445	-13.8787	0
-166.67	-18.7285	0
118.879	-12.5914	0
-16.3932	-21.1792	0
180.073	-9.75515	0
182.411	-2.67493	0
-183.27	-2.42375	0
-150.819	-25.8372	0
-171.577	-21.3399	0
116.944	-16.2237	0
177.8	-14.102	0
182.363	-7.46829	0
185.441	-2.40261	0
-188.558	0	0
180.841	-12.9242	0
185.416	-8.38147	0
-184.647	-5.01854	0
180.935	-17.6805	0
187.851	-13.1483	0
-182.907	-9.63597	0
189.41	-9.34679	0
184.313	-14.0738	0
-9.68649	-7.68555	0
-6.91338	-7.87563	0
-11.5604	-9.46484	0
0.617365	-12.1986	0
-2.03668	-11.0412	0
-4.77976	-13.3534	0
-13.9142	-7.29257	0
-99.2568	-16.8363	0
129.405	-24.1692	0
-104.996	-20.8567	0
168.739	-13.415	0
160.363	-19.3732	0
-33.7644	-14.4591	0
-23.0344	-21.1948	0
123.91	-19.4267	0
-31.4519	-21.5451	0
-9.87417	-14.6616	0
-14.6463	-18.3584	0
-11.9296	-21.9922	0
-11.2772	-17.779	0
-168.25	-21.6749	0
-170.389	-26.2248	0
-166.552	-25.2507	0
187.308	0	0
184.155	-5.08937	0
188.572	-2.90837	0
191.306	-5.82634	0
-186.147	-2.55923	0
187.566	-19.2849	0
-3.07485	-16.4469	0
-101.396	-19.7255	0
-96.2644	-18.8286	0
127.091	-28.5942	0
167.398	-17.15	0
173.178	-14.9653	0
157.065	-18.6385	0
162.544	-23.9986	0
120.735	-21.7497	0
-166.908	-31.8908	0
-190.424	-2.90837	0
-4.84614	-19.4724	0
-0.382369	-18.6923	0
-102.048	-23.9473	0
-94.4972	-22.3738	0
130.957	-27.7979	0
165.781	-20.4333	0
151.568	-18.1342	0
117.685	-19.7785	0
122.025	-25.3839	0
-196.769	0	0
-8.27529	-19.437	0
1.56997	-21.8665	0
-97.2525	-26.8225	0
-89.6398	-23.9521	0
129.859	-32.2488	0
135.167	-28.3671	0
169.628	-20.2879	0
154.066	-21.1159	0
119.561	-28.577	0
-192.077	-6.02202	0
-6.61102	-24.3257	0
-0.519369	-27.4882	0
6.43244	-24.4907	0
173.922	-25.1218	0
150.489	-21.5752	0
154.68	-27.6208	0
-190.093	-9.75762	0
147.557	-18.7663	0
152.686	-24.5277	0
149.079	-29.043	0
43.0191	-12.0213	0
45.2505	-11.0406	0
47.7789	-12.3564	0
47.5683	-15.4906	0
44.3143	-16.9352	0
50.814	-18.7094	0
40.3981	-17.4539	0
47.2183	-19.0895	0
38.5554	-15.2134	0
38.4084	-12.4929	0
36.2641	-18.7078	0
39.2961	-21.2621	0
42.2699	-24.9665	0
89.5662	-12.8588	0
85.8618	-13.2574	0
93.1858	-14.6348	0
84.3853	-10.5513	0
81.8619	-12.2828	0
79.0911	-14.6613	0
85.9684	-16.9537	0
80.3215	-18.6043	0
75.4932	-13.4021	0
88.4316	-22.6558	0
72.9656	-16.0471	0
69.0832	-15.4551	0
73.5689	-20.1096	0
64.8909	-17.9588	0
149.209	-12.4532	0
150.245	-15.3535	0
153.287	-15.6109	0
-133.999	-20.1288	0
-48.9572	-22.2684	0
-140.727	-24.2012	0
142.743	-25.9916	0
-158.583	-26.1965	0
-161.941	-30.2202	0
-154.584	-28.5538	0
112.406	-15.3735	0
-27.0616	-25.7308	0
195.519	0	0
-193.876	-3.07097	0
134.948	-36.6563	0
115.846	-27.7503	0
114.187	-23.9961	0
111.614	-29.2285	0
119.172	-32.3625	0
116.367	-36.2102	0
122.314	-35.404	0
-194.275	-10.3975	0
-187.029	-13.2217	0
55.4004	-20.0379	0
47.0784	-24.3037	0
37.2691	-25.9352	0
40.6083	-29.2049	0
95.8505	-19.158	0
71.0507	-23.5766	0
77.2842	-20.8777	0
80.9396	-22.5957	0
-130.334	-22.2455	0
-52.6314	-24.6479	0
-47.4375	-26.3735	0
139.429	-28.6899	0
-149.297	-31.9122	0
106.736	-17.718	0
197.758	-3.49	0
-199.008	-3.49	0
108.725	-24.559	0
124.629	-39.3043	0
-198.79	-11.0731	0
-188.79	-18.6589	0
42.2961	-34.6913	0
65.5537	-23.4181	0
71.385	-30.2577	0
78.8668	-25.8444	0
75.8391	-29.2602	0
80.3628	-30.2201	0
84.6824	-23.026	0
86.9313	-26.6313	0
-129.492	-27.4632	0
-126.15	-23.3641	0
-57.3938	-22.9687	0
-56.0497	-28.2472	0
-46.6655	-31.5919	0
-42.9025	-27.6118	0
136.992	-32.5629	0
144.171	-31.1302	0
199.677	-7.18436	0
-206.623	0	0
122.245	-43.2555	0
128.882	-41.0954	0
-196.078	-14.7543	0
-203.341	-11.5693	0
74.463	-33.5587	0
84.4822	-29.9543	0
94.0565	-27.0493	0
-121.474	-23.4435	0
-37.3884	-29.3663	0
141.667	-37.4554	0
205.373	0	0
197.357	-11.9751	0
-201.062	-7.40601	0
117.482	-43.1555	0
122.66	-48.2153	0
132.434	-45.9333	0
-197.55	-22.2919	0
-193.01	-17.7813	0
-210.103	-15.2342	0
68.307	-36.2134	0
82.8138	-36.1494	0
89.7911	-31.303	0
-119.671	-27.6292	0
200.793	-17.622	0
201.57	-11.0578	0
-191.848	-22.7774	0
-205.364	-15.9072	0
72.3804	-37.1944	0
-122.394	-32.6601	0
-115.978	-25.0702	0
205.752	-11.1055	0
68.907	-42.6699	0
-111.876	-26.9188	0
201.901	-3.68449	0
209.977	-12.062	0
208.164	-7.50752	0
74.0559	-42.0967	0
-109.501	-34.0942	0
205.885	-3.9613	0
213.355	-18.5062	0
211.106	-4.32161	0
-107.916	-29.5888	0
215.598	-13.2229	0
217.197	0	0
216.18	-5.02027	0
30.5433	-22.8643	0
27.1542	-21.9829	0
33.0036	-26.3765	0
25.2974	-19.2567	0
22.4764	-16.7299	0
25.5144	-24.911	0
21.9926	-25.2394	0
26.3388	-28.3506	0
19.1535	-15.0203	0
19.9376	-22.1416	0
19.4256	-27.6733	0
24.9529	-32.5363	0
30.3634	-29.7003	0
14.9323	-23.2628	0
19.7954	-32.6472	0
25.4018	-37.8695	0
33.067	-32.8246	0
32.9875	-39.764	0
35.7313	-36.3252	0
38.1435	-41.0639	0
-176.209	-18.0973	0
165.459	-28.3066	0
-173.625	-32.1149	0
-95.6794	-31.6965	0
-84.5459	-26.0287	0
10.6999	-28.1405	0
179.925	-23.7545	0
-139.004	-33.419	0
-163.062	-35.1086	0
112.036	-34.6268	0
106.063	-39.5561	0
112.884	-39.0226	0
58.1625	-26.847	0
57.237	-15.1793	0
53.5994	-16.1691	0
50.5732	-28.4752	0
-57.4003	-18.1865	0
-54.0384	-32.9677	0
-60.5579	-26.5847	0
-45.8175	-37.3682	0
149.141	-36.0017	0
-203.262	-3.75591	0
127.414	-50.0647	0
115.604	-50.2567	0
88.774	-37.2845	0
-184.215	-25.25	0
-208.527	-21.1588	0
-202.356	-20.2005	0
72.4006	-50.64	0
81.0676	-43	0
-104.804	-33.2144	0
12.431	-36.6414	0
25.4725	-46.8591	0
42.6785	-45.8403	0
168.339	-36.5551	0
-98.9311	-35.1248	0
-99.4637	-39.7799	0
-102.38	-47.0901	0
-95.2877	-43.6425	0
-91.8962	-34.5274	0
-90.3119	-39.2864	0
-87.0666	-33.1735	0
-79.7962	-24.0164	0
-134.441	-30.1331	0
-170.016	-39.5143	0
55.6118	-23.9169	0
54.3523	-27.5886	0
59.3669	-23.2233	0
56.8629	-30.3286	0
62.3686	-26.2329	0
60.4357	-35.4472	0
60.7404	-29.7926	0
49.8651	-25.5188	0
47.5017	-27.1359	0
45.029	-26.0577	0
44.499	-23.3641	0
42.865	-27.4954	0
46.5729	-21.6811	0
40.4999	-26.7175	0
42.9734	-29.9828	0
49.1526	-22.5438	0
39.6145	-24.0523	0
38.4666	-28.0521	0
40.9674	-32.0972	0
46.0189	-32.8239	0
41.656	-22.4357	0
36.8085	-22.9592	0
35.3693	-28.407	0
38.6041	-30.3627	0
39.0976	-34.6922	0
47.9537	-30.291	0
40.6979	-38.1892	0
50.2509	-34.0512	0
41.8945	-41.8247	0
39.4212	-44.3919	0
45.1519	-43.2732	0
39.4417	-48.7327	0
48.0318	-48.523	0
50.8334	-41.3823	0
47.2477	-36.4967	0
50.7266	-37.7021	0
56.2336	-39.384	0
33.3376	-52.7207	0
43.7783	-50.3284	0
39.4475	-55.4073	0
47.5945	-53.4061	0
-57.5078	-38.4286	0
-209.31	-4.18792	0
130.32	-58.1253	0
-203.307	-28.9543	0
-86.7171	-42.8187	0
-81.8863	-34.0921	0
-133.85	-35.766	0
-160.249	-43.0492	0
53.9553	-51.5146	0
44.618	-58.8725	0
-218.447	0	0
-82.814	-50.3308	0
-81.1908	-41.6161	0
-76.4025	-33.3489	0
-211.69	-8.67139	0
-75.9312	-47.1043	0
0.668547	-32.9703	0
-4.10785	-41.092	0
6.1141	-36.2018	0
-24.6709	-32.4495	0
-35.6202	-35.5972	0
137.472	-48.5072	0
-116.896	-35.6476	0
206.522	-22.9104	0
-44.7382	-47.1152	0
95.8536	-44.6154	0
-180.008	-30.3605	0
61.6136	-40.9155	0
57.4461	-45.3402	0
32.0844	-63.8618	0
-211.257	-28.6329	0
-138.428	-38.9882	0
-144.76	-36.8287	0
-139.789	-48.2939	0
-128.438	-38.158	0
58.6573	-58.0729	0
50.2145	-67.7036	0
-214.281	-4.422	0
8.82898	-42.7967	0
-40.3196	-38.7817	0
-29.4578	-36.4155	0
132.781	-51.4706	0
142.689	-50.9398	0
-115.33	-46.0409	0
-186.347	-31.2917	0
-179.043	-39.3374	0
59.7524	-50.718	0
38.6674	-62.1614	0
-151.826	-38.7973	0
-143.339	-43.0227	0
-125.827	-47.5069	0
-221.672	-5.0255	0
-35.2657	-41.18	0
-39.8699	-44.3583	0
-29.9886	-41.6906	0
-38.3133	-52.7837	0
-24.1652	-48.4282	0
-24.8756	-39.5407	0
-20.3338	-43.6498	0
144.469	-58.7583	0
142.856	-45.1788	0
-194.495	-38.3213	0
66.0854	-52.1297	0
-150.016	-51.3508	0
-232.637	0	0
-16.4016	-50.7279	0
-12.3731	-41.4048	0
147.573	-53.9397	0
148.166	-42.0743	0
70.6008	-57.1408	0
-224.528	-10.4059	0
149.758	-58.7555	0
158.539	-60.0972	0
154.108	-53.8778	0
153.462	-45.5086	0
-221.078	-17.2532	0
160.227	-44.1548	0
194.263	-21.9957	0
100.721	-30.6829	0
-109.473	-58.2455	0
-76.0677	-55.7676	0
-68.2774	-43.2897	0
-18.143	-31.0692	0
-11.5323	-32.7452	0
206.727	-31.2399	0
104.744	-50.8823	0
-207.693	-38.958	0
12.1918	-53.1347	0
38.1025	-73.5679	0
44.2746	-65.2791	0
44.9151	-72.1983	0
-227.638	-5.30665	0
74.5519	-65.9931	0
76.511	-55.2776	0
83.8189	-51.0055	0
78.1461	-49.688	0
-224.572	-29.6494	0
161.42	-37.8352	0
165.755	-41.9265	0
164.892	-47.7587	0
167.492	-56.9024	0
187.772	-28.403	0
214.563	-27.2268	0
43.0354	-80.4768	0
52.4482	-75.7087	0
-236.506	-6.03086	0
-249.663	0	0
-239.934	-12.4872	0
-235.603	-23.9765	0
226.985	-11.0929	0
115.223	-63.1036	0
58.6858	-66.6139	0
-174.669	-46.5161	0
-38.4594	-60.751	0
-47.3846	-69.9575	0
-35.8994	-72.1623	0
-30.4139	-53.797	0
-23.3003	-57.9058	0
137.232	-62.0836	0
129.512	-67.5498	0
143.455	-66.0905	0
136.777	-69.6262	0
150.381	-76.4162	0
143.225	-73.7305	0
136.529	-77.1325	0
132.556	-89.1058	0
143.783	-83.1193	0
-5.84455	-53.1435	0
-73.9495	-65.8235	0
-68.9395	-51.5471	0
93.1495	-58.2333	0
165.691	-65.997	0
214.8	-37.3469	0
226.401	-31.6642	0
32.5772	-82.7283	0
64.5461	-82.3601	0
-243.666	-6.3679	0
122.931	-61.0982	0
121.033	-69.6169	0
66.8051	-71.0632	0
-166.783	-58.2296	0
-20.7471	-71.4663	0
156.771	-89.3036	0
-69.0236	-59.5349	0
-60.1825	-55.6337	0
157.662	-68.4453	0
41.5053	-94.654	0
-254.307	-7.23666	0
110.482	-73.1794	0
75.492	-75.8827	0
170.41	-80.8378	0
-270.096	0	0
163.962	-74.7175	0
-258.42	-14.9842	0
162.275	-82.9517	0
-253.485	-24.2791	0
168.803	-94.1702	0
-132.429	-54.6295	0
-200.726	-46.2661	0
13.5596	-64.0517	0
-220.135	-41.5622	0
186.734	-38.0612	0
-5.5674	-64.1137	0
-84.0446	-73.7608	0
-68.4527	-77.4293	0
212.876	-53.2792	0
18.8125	-88.2969	0
-54.3119	-63.2677	0
95.1846	-80.7217	0
118.711	-80.1433	0
85.4213	-69.9494	0
-262.898	-7.64134	0
-263.89	-25.8711	0
-245.859	-32.8984	0
-142.272	-58.622	0
-131.751	-69.9086	0
-200.192	-63.2175	0
-189.894	-48.3459	0
13.7754	-75.5539	0
180.252	-44.5305	0
176.284	-53.2044	0
195.643	-41.0014	0
200.361	-52.6122	0
3.57569	-59.0504	0
-6.80208	-77.501	0
-56.951	-72.9319	0
108.561	-83.7928	0
-275.669	-8.6843	0
-275.124	-27.5543	0
-189.228	-59.8081	0
117.169	-91.7953	0
-294.616	0	0
-268.115	-36.0032	0
-280.605	-17.9817	0
-259.748	-51.7361	0
-285.977	-27.4133	0
-298.107	-34.3973	0
-98.6823	-66.7984	0
144.39	-97.7788	0
238.496	-35.0757	0
231.763	-21.5224	0
174.843	-109.286	0
190.986	-90.0804	0
-223.029	-55.2128	0
-90.9873	-84.1537	0
-65.6473	-91.3856	0
187.279	-60.7844	0
-5.17639	-92.0065	0
3.87316	-80.6119	0
-191.045	-73.2966	0
-177.499	-66.2166	0
114.151	-106.185	0
-285.979	-9.16997	0
-272.011	-48.1669	0
-249.045	-45.0885	0
248.188	-53.828	0
238.901	-11.9437	0
-103.612	-100.928	0
186.325	-75.7877	0
-164.503	-72.4713	0
-301.303	-10.4213	0
-286.382	-50.9792	0
-269.333	-61.8161	0
-247.633	-59.3018	0
250.768	-40.6137	0
248.413	-6.14931	0
248.351	-16.7533	0
258.141	-21.9981	0
257.62	-32.5593	0
260.846	-10.9405	0
263.878	-44.8236	0
-86.3311	-100.796	0
-324.039	0	0
268.846	0	0
-307.226	-21.5779	0
281.315	-16.5618	0
274.419	-8.7791	0
278.347	-34.2408	0
293.366	0	0
300.053	-10.3055	0
308.077	-22.8347	0
322.789	0	0
312.584	-11.1142	0
-31.5923	-85.0842	0
66.913	-102.593	0
25.8701	-106.785	0
-118.051	-77.2296	0
-144.555	-77.8647	0
145.374	-114.464	0
-215.106	-69.1884	0
-52.5184	-93.5048	0
-46.7803	-105.505	0
-40.195	-93.9177	0
-55.0409	-125.883	0
-28.7703	-96.4381	0
-41.7643	-119.402	0
-14.112	-109.456	0
-180.832	-88.8728	0
99.1073	-107.821	0
123.64	-116.63	0
200.082	-79.2076	0
-298.909	-58.8537	0
-273.554	-80.9548	0
-243.81	-73.1615	0
-73.1456	-102.341	0
-81.6813	-118.152	0
-68.4889	-115.064	0
-313.675	-11.0038	0
-311.05	-33.9511	0
-323.206	-46.0265	0
298.587	-35.8466	0
54.8056	-96.7147	0
-117.565	-93.1813	0
-146.46	-96.7797	0
-42.2581	-135.23	0
-28.0756	-119.643	0
90.4066	-95.2471	0
95.6951	-121.809	0
119.722	-129.232	0
107.263	-133.024	0
125.913	-140.69	0
101.262	-143.668	0
125.765	-162.566	0
138.547	-141.018	0
95.6114	-133.469	0
94.6919	-163.112	0
131.95	-151.67	0
150.058	-137.206	0
81.3976	-127.536	0
106.542	-156.284	0
142.256	-164.723	0
168.336	-146.192	0
144.5	-126.56	0
161.42	-137.178	0
177.317	-132.141	0
167.279	-128.064	0
176.112	-120.71	0
163.113	-115.84	0
207.25	-94.4444	0
-298.81	-74.8643	0
-255.527	-89.099	0
-227.005	-90.5048	0
-71.8386	-130.481	0
-314.548	-59.0514	0
313.497	-36.7548	0
45.1012	-115.397	0
-119.156	-112.486	0
-131.269	-100.951	0
-31.2251	-159.434	0
-13.5435	-124.899	0
71.209	-117.403	0
106.968	-170.72	0
213.36	-82.2658	0
-87.9724	-133.267	0
329.672	-40.0652	0
56.1805	-109.291	0
-6.6923	-149.869	0
3.23376	-116.549	0
123.029	-188.9	0
226.853	-71.7848	0
330.813	-12.5292	0
339.089	-26.6639	0
358.096	0	0
345.76	-13.2679	0
-194.906	-106.996	0
-332.063	-12.5051	0
-359.346	0	0
-339.171	-25.8931	0
287.424	-48.1841	0
-153.798	-114.396	0
72.0907	-141.797	0
160.508	-162.793	0
194.427	-135.226	0
195.618	-105.306	0
205.566	-120.072	0
-306.23	-98.3531	0
-327.895	-66.9402	0
-351.975	-76.8544	0
-332.836	-89.1392	0
-112.554	-145.599	0
319.022	-50.9312	0
311.556	-65.2112	0
1.54365	-134.184	0
132.321	-176.556	0
146.584	-196.962	0
148.749	-180.262	0
229.264	-88.8149	0
346.081	-41.5867	0
-346.909	-13.2044	0
48.0991	-149.354	0
79.2366	-156.86	0
204.898	-148.719	0
292.652	-66.3888	0
327.351	-68.217	0
16.3482	-126.705	0
169.139	-191.396	0
245.045	-107.04	0
356.103	-58.7302	0
63.1473	-155.267	0
80.0045	-177.191	0
200.749	-177.106	0
231.919	-158.356	0
332.661	-83.3655	0
343.342	-69.6195	0
35.3386	-132.784	0
322.031	-96.5692	0
339.352	-98.9398	0
306.459	-92.6393	0
311.801	-110.189	0
344.463	-113.935	0
334.446	-131.906	0
352.124	-129.983	0
355.192	-99.1969	0
377.441	-99.9822	0
366.824	-85.2283	0
301.961	-78.2486	0
278.981	-86.7037	0
292.867	-88.9889	0
284.148	-98.6377	0
264.042	-100.258	0
280.406	-120.159	0
318.572	-125.793	0
386.78	-82.0644	0
298.456	-122.584	0
319.699	-146.533	0
286.869	-140.444	0
367.726	-15.0015	0
379.281	-33.0098	0
400.466	0	0
385.881	-16.0637	0
-175.873	-119.142	0
-368.976	-15.0063	0
-401.716	0	0
-377.505	-31.0717	0
-367.401	-48.1128	0
80.3149	-211.363	0
260.975	-81.868	0
396.434	-98.4882	0
398.568	-60.5102	0
319.98	-169.572	0
271.882	-168.672	0
-156.747	-146.315	0
-386.791	-15.8452	0
-386.656	-48.0135	0
423.773	-115.119	0
-405.107	-55.7214	0
-426.822	-41.8393	0
-394.667	-72.7566	0
-404.012	-96.6312	0
-378.19	-89.1696	0
-9.49528	-178.923	0
-217.237	-110.977	0
-293.616	-118.813	0
-88.9856	-161.912	0
28.8422	-167.306	0
236.009	-127.35	0
247.227	-144.602	0
251.562	-164.823	0
267.324	-145.152	0
257.908	-186.886	0
195.959	-208.619	0
412.021	-18.0083	0
425.887	-39.6174	0
451.309	0	0
433.811	-19.279	0
127.978	-234.414	0
105.807	-207.994	0
296.518	-182.465	0
343.204	-174.799	0
-413.271	-18.0074	0
-452.559	0	0
-438.566	-63.52	0
-390.846	-137.635	0
-228.667	-140.791	0
-303.771	-151.416	0
-264.304	-131.609	0
31.3378	-211.457	0
245.732	-223.474	0
435.79	-61.2438	0
96.8118	-238.055	0
128.554	-211.198	0
304.082	-211.042	0
361.22	-162.014	0
393.766	-170.661	0
-436.802	-20.3959	0
-380.888	-114.35	0
447.454	-87.4793	0
-351.699	-140.604	0
459.845	-66.2599	0
482.192	-44.8798	0
-59.3487	-178.306	0
187.813	-254.04	0
465.175	-21.609	0
512.321	0	0
489.292	-21.831	0
-198.585	-175.695	0
2.14056	-206.211	0
116.841	-274.294	0
278.748	-235.286	0
337.439	-226.987	0
-466.425	-21.6092	0
-513.571	0	0
-479.879	-45.4957	0
453.828	-116.905	0
491.766	-72.0628	0
-19.1383	-251.267	0
485.667	-127.258	0
523.88	-84.182	0
11.4687	-238.169	0
-307.556	-203.048	0
423.557	-221.51	0
-87.7354	-194.638	0
528.961	-25.9311	0
548.877	-57.0154	0
585.535	0	0
560.329	-27.7553	0
-492.141	-22.8574	0
-523.184	-30.4868	0
-551.467	-52.2314	0
460.848	-149.448	0
517.388	-137.829	0
17.169	-293.799	0
381.804	-244.79	0
418.446	-190.353	0
396.447	-209.96	0
465.054	-198.704	0
-124.089	-233.395	0
-59.1129	-211.55	0
563.154	-88.0869	0
-586.785	0	0
-564.407	-87.836	0
527.198	-174.009	0
-89.1616	-229.728	0
580.329	-125.407	0
-622.188	-106.663	0
-527.452	-99.0981	0
551.522	-147.994	0
526.343	-236.971	0
-56.8378	-249.236	0
597.264	-95.0015	0
583.375	-158.956	0
-41.0305	-306.718	0
629.981	-64.8078	0
615.914	-205.248	0
154.918	-273.244	0
86.6788	-320.145	0
605.503	-31.1169	0
673.392	0	0
640.367	-31.5241	0
-520.748	-135.601	0
-555.772	-187.171	0
-510.706	-180.099	0
-490.842	-89.2133	0
643.991	-103.578	0
193.425	-309.882	0
668.252	-146.679	0
-239.462	-197.621	0
-159.303	-199.82	0
-353.667	-227.448	0
390.638	-324.6	0
-164.499	-296.467	0
697.353	-37.3406	0
726.106	-82.1492	0
778.821	0	0
165.331	-364.543	0
273.109	-350.151	0
674.557	-199.569	0
-248.753	-257.448	0
-400.667	-213.233	0
-353.892	-277.58	0
746.644	-126.957	0
742.537	-39.9763	0
739.282	-232.588	0
-455.549	-223.37	0
-381.937	-356.981	0
-295.022	-337.791	0
771.29	-180.727	0
795.935	-136.898	0
842.842	-93.1811	0
-690.796	-163.76	0
98.0621	-375.672	0
284.485	-293.139	0
807.574	-44.8087	0
905.334	0	0
857.671	-45.3259	0
-461.16	-280.462	0
41.5057	-445.994	0
330.705	-332.002	0
-539.82	-336.12	0
-428.592	-326.014	0
321.469	-403.16	0
-484.181	-331.34	0
-440.703	-394.889	0
528.607	-329.3	0
-128.464	-355.585	0
736.421	-354.604	0
862.899	-149.055	0
897.98	-211.055	0
939.838	-53.7704	0
981.243	-118.295	0
1057.15	0	0
354.627	-490.566	0
-423.199	-511.042	0
594.743	-283.097	0
-150.447	-462.655	0
841.866	-310.59	0
1004.9	-57.5658	0
-105.447	-416.102	0
908.644	-282.652	0
-68.1935	-497.139	0
909.358	-378.135	0
-39.2534	-434.754	0
994.419	-329.755	0
101.915	-512.765	0
-590.656	-266.236	0
458.398	-362.904	0
1010.82	-182.819	0
1047.53	-261.299	0
1082.03	-197.334	0
1131.45	-265.28	0
1149.35	-134.133	0
658.587	-332.71	0
1098.56	-64.5242	0
-73.1858	-623.276	0
76.1413	-606.008	0
183.125	-492.029	0
-662.474	-371.912	0
483.107	-472.093	0
1085.58	-345.65	0
1223.06	-246.873	0
672.769	-431.591	0
1239.33	0	0
260.764	-549.344	0
1170.66	-65.2461	0
963.293	-529.184	0
159.352	-698.619	0
427.346	-540.296	0
459.133	-684.82	0
555.202	-587.932	0
1338.74	-352.958	0
1341.55	-220.376	0
1289.01	-77.4289	0
1157.25	-495.179	0
1022.8	-436.329	0
268.499	-663.684	0
604.827	-502.875	0
1457.95	0	0
716.41	-624.982	0
701.272	-526.778	0
820.781	-558.625	0
-555.021	-554.278	0
-307.81	-552.994	0
-181.063	-696.277	0
136.658	-810.923	0
356.438	-740.802	0
1398.32	-92.9144	0
875.004	-759.17	0
-294.187	-668.644	0
63.5739	-965.954	0
374.302	-936.454	0
1590.82	-192.388	0
-403.868	-802.646	0
471.11	-828.974	0
223.364	-934.486	0
1517.57	-92.9144	0
1720.29	0	0
1620.82	-93.5857	0
589.803	-718.313	0
-675.026	-502.147	0
-535.662	-704.9	0
-104.926	-798.649	0
-151.448	-925.514	0
1516.27	-353.505	0
528.648	-978.137	0
296.998	-1076.23	0
1791.83	-111.498	0
715.32	-756.042	0
-807.675	-573.389	0
-681.347	-815.196	0
-330.651	-972.948	0
1631.59	-309.059	0
1632.76	-483.941	0
1785.2	-378.636	0
1877.32	-245.058	0
791.895	-924.386	0
-1053.64	-542.135	0
-787.329	-716.661	0
-217.854	-1036.86	0
2035.1	0	0
-944.398	-665.886	0
-889.688	-933.02	0
-376.742	-1185.78	0
2042.5	-237.354	0
-166.321	-1248.44	0
1926.68	-119.325	0
1427.07	-493.973	0
353.037	-1338.62	0
1734.84	-666.949	0
2109.73	-378.225	0
1321.46	-682.062	0
1864.39	-541.021	0
2037.35	-532.861	0
2206.81	-768	0
998.261	-924.683	0
-708.684	-1009.97	0
1590.64	-849.797	0
894.846	-1085.85	0
1217.59	-956.301	0
-883.186	-1169.09	0
-548.782	-1109.33	0
691.093	-1102.21	0
1085.71	-1094.56	0
-707.539	-1186.47	0
-541.85	-1325.54	0
498.233	-1186.34	0
1277.59	-1145.55	0
641.152	-1467.96	0
1141.56	-1270.91	0
1477.17	-1230.31	0
1042.98	-1565.58	0
1318.54	-1326.47	0
1182.99	-1448.6	0
1478.68	-1411.72	0
1289.68	-1718.58	0
1650.81	-1663.17	0
-1298.65	-546.555	0
-322.72	-1389.01	0
-401.38	-1733.35	0
39.2384	-1351.72	0
-1124.66	-1057.61	0
1712.03	-1093.17	0
-1342.19	-800.121	0
-483.321	-1533.48	0
148.475	-1674.37	0
-706.543	-1484.1	0
-944.392	-1785.59	0
-640.465	-1714.64	0
-550.94	-2107.39	0
1506.51	-1927.24	0
2206.81	-1536	0
-1585.99	-873.682	0
-1724.05	-1107.94	0
1469.3	-2407.35	0
1863.04	-1950.62	0
1978.86	-1292.86	0
-1976.25	-1114.53	0
-2208.06	-910.567	0
-2208.06	-1821.13	0
-1841.42	-1445.02	0
-1574.03	-1324.38	0
-1249.01	-1379.93	0
788.732	-1736.3	0
217.205	-2200.14	0
2206.81	-2750.09	0
-1810.77	-1841.66	0
641.808	-2137.16	0
1921.69	-2399.04	0
-154.229	-2049.1	0
-1388.53	-2022.99	0
1004.19	-2383.37	0
-654.824	-2533.66	0
-1759.39	-2304.28	0
982.882	-2871.66	0
-1075.39	-2687.15	0
-514.246	-2958.72	0
-1798.98	-3035.22	0
551.981	-3012.87	0
1209.73	-3372.47	0
-554.518	-3501.3	0
-78.5625	-3035.4	0
-1361.91	-3017.68	0
719.355	-3483.59	0
226.8	-2746.8	0
-1486.9	-2619.89	0
-1555.81	-3640.46	0
359.925	-3818.85	0
-1223.07	-3402.48	0
-1189.73	-3800.7	0
-1629.74	-4307.61	0
-1181.92	-4251.9	0
-104.983	-3682.21	0
464.818	-4289.36	0
-750.504	-4432.61	0
909.873	-4431.11	0
-382.436	-4133.25	0
CELLS 6937	27748
3 314	1441	315	
3 3678	3676	3677	
3 1479	869	1480	
3 3525	1375	3487	
3 1380	1391	1400	
3 1471	1460	1470	
3 104	103	330	
3 1347	3450	1359	
3 338	181	180	
3 3274	3238	1306	
3 1280	3186	3212	
3 258	257	319	
3 1347	1359	1341	
3 182	181	318	
3 3158	3079	3149	
3 105	104	317	
3 684	348	729	
3 2945	2970	1209	
3 1658	444	1652	
3 2578	2572	1043	
3 2459	2506	2377	
3 347	423	519	
3 2891	1224	1229	
3 469	330	383	
3 437	1694	1692	
3 1569	1567	1544	
3 1595	1597	1603	
3 359	1642	1646	
3 1640	360	1637	
3 2250	2260	598	
3 1545	1546	1571	
3 1467	1507	1468	
3 1700	2197	921	
3 1537	1522	1543	
3 1492	1493	673	
3 257	256	345	
3 688	366	735	
3 1544	799	1539	
3 1929	466	1926	
3 1498	1496	1494	
3 2426	1039	2363	
3 365	445	536	
3 1579	1589	362	
3 498	338	405	
3 608	2037	459	
3 2451	2448	2335	
3 1973	1978	1981	
3 1697	2191	2195	
3 2224	999	2196	
3 720	329	677	
3 1066	2448	2451	
3 768	675	720	
3 2463	2504	2458	
3 675	718	328	
3 468	102	101	
3 469	317	330	
3 427	2169	523	
3 1465	1469	1503	
3 1469	1505	1506	
3 614	2486	473	
3 364	1505	1469	
3 100	99	1714	
3 219	332	220	
3 1556	32	1555	
3 200	333	201	
3 1573	34	1575	
3 1591	1596	35	
3 680	402	403	
3 32	1554	1559	
3 493	494	697	
3 1549	1550	1515	
3 747	696	393	
3 869	1481	1485	
3 379	328	1922	
3 1603	1599	36	
3 1552	361	1553	
3 804	709	908	
3 1602	1605	37	
3 318	498	709	
3 1648	1653	1654	
3 1606	38	1605	
3 185	1717	186	
3 668	337	318	
3 1671	1672	1668	
3 497	179	178	
3 353	1696	1695	
3 437	1690	1689	
3 177	176	407	
3 1673	1668	1664	
3 1718	337	336	
3 1658	1664	444	
3 183	1718	184	
3 540	449	163	
3 1720	46	1696	
3 22	2621	2657	
3 48	47	1719	
3 1719	356	1863	
3 510	583	415	
3 1719	47	1720	
3 2124	411	2102	
3 2242	584	2244	
3 440	51	532	
3 669	710	343	
3 591	426	520	
3 439	53	1859	
3 259	343	260	
3 440	52	51	
3 262	1721	263	
3 1859	440	354	
3 1724	1723	269	
3 1692	1695	45	
3 409	502	629	
3 343	259	344	
3 426	348	59	
3 253	252	420	
3 59	58	426	
3 348	60	59	
3 635	422	517	
3 520	58	57	
3 512	255	254	
3 518	63	62	
3 60	348	425	
3 847	1869	1873	
3 64	63	423	
3 1757	1756	347	
3 439	531	54	
3 1757	65	1756	
3 61	60	425	
3 347	1756	423	
3 237	236	1758	
3 81	1761	82	
3 66	1757	352	
3 1808	1807	73	
3 352	436	67	
3 1806	1808	1811	
3 2485	347	519	
3 66	352	67	
3 1849	351	1852	
3 1852	1854	528	
3 1840	1838	1839	
3 42	1677	1678	
3 1809	1810	1808	
3 524	1891	1894	
3 1664	358	1667	
3 1837	1834	527	
3 67	436	68	
3 1840	435	1838	
3 1840	69	1842	
3 66	65	1757	
3 1919	807	1915	
3 54	53	439	
3 669	344	319	
3 1815	1806	1813	
3 190	334	191	
3 52	1859	53	
3 74	1815	1816	
3 1866	1862	1864	
3 1826	1825	1824	
3 1816	1817	1819	
3 1772	428	1770	
3 1862	1861	441	
3 1884	524	1885	
3 1597	442	1598	
3 470	554	386	
3 1761	1766	1768	
3 534	1623	1601	
3 81	1763	1762	
3 34	1573	1615	
3 1761	1762	1764	
3 356	1872	1865	
3 357	1598	1601	
3 85	592	523	
3 1638	1640	1637	
3 614	473	555	
3 87	2169	522	
3 1643	360	1640	
3 86	85	523	
3 1648	1647	1655	
3 324	1501	1502	
3 555	91	90	
3 357	1602	1604	
3 93	92	387	
3 470	386	97	
3 1583	1561	1562	
3 473	92	91	
3 1510	1553	1516	
3 87	522	88	
3 1506	1514	1515	
3 1768	1771	82	
3 45	1690	1692	
3 1465	1460	1463	
3 331	1715	386	
3 535	140	139	
3 98	97	386	
3 98	386	1715	
3 138	137	447	
3 470	97	96	
3 1463	1468	364	
3 461	548	131	
3 1715	385	1714	
3 158	367	159	
3 103	102	383	
3 318	338	498	
3 458	545	369	
3 330	317	104	
3 607	780	368	
3 383	330	103	
3 848	2030	2039	
3 536	325	365	
3 382	106	105	
3 545	370	325	
3 379	108	107	
3 108	1922	109	
3 144	458	145	
3 329	107	106	
3 145	369	146	
3 119	118	1923	
3 110	109	381	
3 129	372	130	
3 1983	1980	1982	
3 1981	1969	1973	
3 2036	371	2037	
3 111	464	112	
3 2047	2042	2037	
3 1922	381	109	
3 546	121	120	
3 329	106	382	
3 150	368	151	
3 472	93	387	
3 1576	1561	363	
3 2033	2024	374	
3 1973	1977	114	
3 380	111	110	
3 1934	1945	467	
3 1938	1939	1945	
3 551	2004	2003	
3 1938	1945	1934	
3 2019	2018	463	
3 2032	2035	371	
3 2032	2036	2028	
3 1946	1950	1951	
3 2035	2032	2034	
3 124	2028	2026	
3 1960	1965	674	
3 121	459	122	
3 1974	327	2002	
3 466	1923	1924	
3 1961	1979	717	
3 107	329	379	
3 463	2018	2022	
3 677	329	382	
3 462	372	129	
3 462	128	549	
3 1980	1983	375	
3 2020	2022	2018	
3 675	379	329	
3 380	110	381	
3 602	448	537	
3 677	382	317	
3 461	131	130	
3 448	366	136	
3 101	100	1716	
3 461	130	372	
3 105	317	382	
3 462	129	128	
3 676	381	328	
3 2026	374	2020	
3 1960	377	1964	
3 331	386	554	
3 136	135	448	
3 678	385	331	
3 141	445	365	
3 137	366	447	
3 100	1714	1716	
3 137	136	366	
3 552	383	468	
3 94	93	472	
3 141	140	445	
3 92	473	387	
3 142	325	143	
3 370	143	325	
3 708	478	759	
3 142	141	365	
3 1767	1770	429	
3 365	325	142	
3 553	96	95	
3 745	390	563	
3 370	458	144	
3 694	743	475	
3 369	457	146	
3 457	147	146	
3 222	390	223	
3 455	368	150	
3 227	389	228	
3 221	483	222	
3 149	455	150	
3 215	214	486	
3 368	454	151	
3 454	152	151	
3 623	665	488	
3 541	605	452	
3 564	217	216	
3 149	148	544	
3 563	391	332	
3 143	370	144	
3 1759	235	477	
3 537	135	134	
3 102	468	383	
3 1970	1969	327	
3 2023	2019	2021	
3 3420	1352	3407	
3 2188	1876	1686	
3 152	454	543	
3 453	154	153	
3 206	394	207	
3 158	452	367	
3 541	157	156	
3 491	569	395	
3 203	395	204	
3 452	158	157	
3 202	491	203	
3 451	159	367	
3 160	159	451	
3 570	198	197	
3 408	499	575	
3 569	396	333	
3 162	603	540	
3 623	488	567	
3 334	572	723	
3 163	162	540	
3 401	572	334	
3 164	449	539	
3 164	539	165	
3 192	399	193	
3 576	629	502	
3 492	397	199	
3 399	192	400	
3 502	169	168	
3 401	496	572	
3 408	174	499	
3 501	170	409	
3 336	337	668	
3 409	170	169	
3 402	188	187	
3 167	576	168	
3 679	400	334	
3 408	339	175	
3 196	195	494	
3 680	403	335	
3 499	174	173	
3 1718	404	184	
3 176	175	339	
3 405	338	180	
3 681	404	336	
3 408	175	174	
3 402	187	403	
3 573	405	497	
3 338	318	181	
3 497	405	179	
3 319	345	513	
3 318	337	182	
3 682	407	339	
3 405	180	179	
3 575	339	408	
3 407	176	339	
3 406	178	177	
3 574	173	172	
3 1717	404	335	
3 451	689	450	
3 334	190	401	
3 1717	403	186	
3 169	502	409	
3 184	404	185	
3 171	170	501	
3 277	2052	2051	
3 188	496	189	
3 2112	2116	2101	
3 571	397	492	
3 191	334	400	
3 506	2121	2124	
3 189	401	190	
3 1734	1747	508	
3 403	187	186	
3 279	2064	2066	
3 183	182	337	
3 406	177	407	
3 192	191	400	
3 496	401	189	
3 1729	1730	413	
3 398	194	495	
3 2171	2173	2174	
3 195	194	398	
3 494	195	398	
3 266	265	2168	
3 193	495	194	
3 1737	1735	1736	
3 1726	414	1724	
3 492	199	198	
3 264	510	265	
3 392	484	565	
3 333	396	201	
3 511	261	260	
3 397	200	199	
3 416	342	2239	
3 200	397	333	
3 2184	657	2185	
3 419	254	253	
3 202	396	491	
3 490	205	568	
3 394	206	490	
3 205	490	206	
3 587	346	421	
3 396	202	201	
3 585	418	512	
3 683	420	346	
3 566	622	487	
3 586	249	248	
3 207	489	208	
3 213	487	393	
3 247	246	516	
3 394	489	207	
3 419	253	420	
3 566	212	211	
3 512	418	255	
3 229	479	561	
3 417	511	584	
3 242	241	557	
3 487	213	212	
3 589	423	518	
3 392	218	484	
3 486	214	393	
3 348	426	591	
3 393	214	213	
3 424	62	61	
3 684	425	348	
3 484	218	217	
3 520	57	590	
3 418	513	345	
3 332	391	220	
3 56	55	438	
3 392	219	218	
3 424	61	425	
3 219	392	332	
3 518	423	63	
3 86	2169	87	
3 221	391	483	
3 1777	1773	1776	
3 223	390	482	
3 223	482	224	
3 1766	1767	429	
3 227	480	389	
3 1913	1911	706	
3 1827	77	1826	
3 227	226	480	
3 1849	732	1847	
3 228	389	479	
3 228	479	229	
3 1763	1885	1888	
3 477	559	617	
3 1820	1822	1825	
3 562	226	225	
3 1771	1777	83	
3 221	220	391	
3 430	1894	1898	
3 3505	306	3497	
3 476	694	475	
3 1398	3655	3652	
3 1741	1740	1742	
3 1821	1819	1820	
3 230	478	231	
3 1830	596	1812	
3 234	233	559	
3 388	1759	477	
3 1832	1836	1838	
3 1808	1810	433	
3 514	587	421	
3 1841	1832	1838	
3 240	558	474	
3 615	558	239	
3 1849	1852	528	
3 1759	476	1758	
3 1845	1843	435	
3 235	234	477	
3 2413	2485	519	
3 1691	1689	44	
3 422	245	517	
3 355	1864	1871	
3 244	243	588	
3 517	245	244	
3 426	58	520	
3 474	557	241	
3 1688	597	1687	
3 54	531	55	
3 421	250	514	
3 1868	1870	532	
3 346	251	421	
3 514	250	249	
3 1863	1865	441	
3 246	422	516	
3 532	51	50	
3 422	246	245	
3 439	354	2206	
3 239	558	240	
3 1842	436	351	
3 1615	1586	1591	
3 252	251	346	
3 1685	597	1684	
3 346	420	252	
3 345	319	257	
3 1688	1689	529	
3 345	256	418	
3 362	1590	1586	
3 1652	359	1646	
3 2429	2501	2368	
3 600	445	535	
3 344	259	258	
3 417	342	1721	
3 366	448	602	
3 344	258	319	
3 446	139	138	
3 418	256	255	
3 359	1647	1643	
3 688	447	366	
3 262	261	417	
3 537	134	601	
3 1721	416	263	
3 263	416	264	
3 133	132	460	
3 2180	509	2174	
3 446	138	447	
3 163	449	164	
3 1724	1727	1722	
3 160	450	161	
3 1724	1725	1726	
3 503	2077	2081	
3 689	451	367	
3 509	1726	2172	
3 707	453	758	
3 264	416	510	
3 367	452	605	
3 417	261	511	
3 535	445	140	
3 421	251	250	
3 1860	1862	49	
3 542	155	154	
3 1732	270	1731	
3 369	545	738	
3 2101	2102	2100	
3 1736	1738	1741	
3 157	541	452	
3 1735	1732	1733	
3 154	453	542	
3 152	543	153	
3 2055	2052	2056	
3 455	544	607	
3 2051	2053	278	
3 2149	2150	2108	
3 977	325	536	
3 2078	2069	2075	
3 456	148	147	
3 2117	2115	579	
3 606	454	368	
3 690	457	369	
3 2109	2074	2106	
3 545	458	370	
3 2138	2135	2128	
3 2140	283	2138	
3 369	145	458	
3 282	2129	2135	
3 456	147	457	
3 608	459	546	
3 2146	2166	873	
3 448	135	537	
3 2160	2213	2217	
3 2366	2367	285	
3 461	372	2209	
3 2167	578	2107	
3 373	2021	2038	
3 284	2137	2152	
3 120	119	1925	
3 280	2070	2071	
3 544	455	149	
3 549	128	127	
3 287	2534	2520	
3 2022	2024	463	
3 2565	2566	1095	
3 2429	2437	2438	
3 2017	2019	126	
3 2439	2435	2554	
3 2027	2031	549	
3 380	719	2005	
3 2163	2212	2334	
3 546	459	121	
3 2767	2788	1193	
3 2854	2887	2693	
3 1927	1929	1926	
3 291	2739	2764	
3 1952	740	1947	
3 2601	2565	2588	
3 111	380	464	
3 1947	1946	377	
3 3259	3181	1276	
3 1716	468	101	
3 3308	1329	3311	
3 3360	3363	300	
3 383	552	469	
3 3259	3262	298	
3 1940	692	1930	
3 626	498	573	
3 3446	3460	304	
3 612	470	553	
3 3532	307	3521	
3 3587	3593	3591	
3 693	387	742	
3 3495	3496	1378	
3 471	95	94	
3 3403	1354	3406	
3 722	678	331	
3 1230	3038	3039	
3 119	1923	1925	
3 2365	2368	286	
3 131	548	132	
3 1722	1729	1731	
3 450	160	451	
3 553	470	96	
3 1813	1814	432	
3 693	472	387	
3 489	567	208	
3 471	94	472	
3 555	90	613	
3 89	88	521	
3 617	388	477	
3 240	474	241	
3 618	478	561	
3 1760	238	237	
3 694	476	388	
3 237	1758	1760	
3 560	232	231	
3 231	478	560	
3 389	619	786	
3 234	559	477	
3 618	479	389	
3 229	561	230	
3 481	225	224	
3 480	562	619	
3 390	483	563	
3 562	480	226	
3 695	482	390	
3 481	224	482	
3 563	483	391	
3 390	222	483	
3 485	216	215	
3 620	484	564	
3 487	622	393	
3 564	484	217	
3 696	486	393	
3 485	215	486	
3 566	211	621	
3 210	209	488	
3 395	569	849	
3 487	212	566	
3 623	489	394	
3 208	567	209	
3 568	205	204	
3 490	568	624	
3 569	491	396	
3 395	203	491	
3 493	197	196	
3 625	492	570	
3 679	748	399	
3 570	492	198	
3 697	494	398	
3 493	196	494	
3 193	399	495	
3 698	495	399	
3 188	402	496	
3 572	496	402	
3 178	406	497	
3 405	573	498	
3 727	682	339	
3 420	683	419	
3 500	172	171	
3 627	499	574	
3 699	409	750	
3 574	499	173	
3 699	501	409	
3 500	171	501	
3 576	167	628	
3 166	165	538	
3 2053	2058	2060	
3 2073	503	2072	
3 1749	412	1751	
3 2067	2066	577	
3 505	2055	2057	
3 2058	2053	2054	
3 1742	1743	273	
3 656	2121	2118	
3 1753	1754	2122	
3 506	2116	2117	
3 1733	1734	508	
3 1735	1737	271	
3 2173	581	2174	
3 2177	2180	2174	
3 583	510	416	
3 2168	510	415	
3 260	343	511	
3 584	511	343	
3 254	419	512	
3 418	585	513	
3 728	683	346	
3 2091	410	2081	
3 515	248	247	
3 634	514	586	
3 701	422	751	
3 586	514	249	
3 701	516	422	
3 515	247	516	
3 556	243	242	
3 517	588	635	
3 62	424	518	
3 423	589	519	
3 353	1692	1694	
3 611	469	552	
3 590	57	56	
3 637	520	590	
3 1793	523	638	
3 473	91	555	
3 702	522	427	
3 521	88	522	
3 592	85	84	
3 592	1787	523	
3 1886	593	1887	
3 1890	1893	1887	
3 1896	1897	1900	
3 1886	1887	1884	
3 1817	1818	526	
3 1819	1821	75	
3 434	1831	1832	
3 1831	596	1830	
3 385	678	384	
3 1829	526	1818	
3 1678	43	42	
3 529	1680	1681	
3 1571	672	1570	
3 2263	2269	637	
3 598	531	439	
3 438	55	531	
3 50	1866	1867	
3 532	1867	1868	
3 425	684	424	
3 531	598	438	
3 2878	2813	1195	
3 884	684	729	
3 139	446	535	
3 445	600	536	
3 2284	642	2278	
3 736	450	689	
3 601	134	133	
3 642	537	601	
3 643	449	540	
3 502	168	576	
3 703	539	449	
3 538	165	539	
3 603	162	161	
3 540	603	643	
3 604	156	155	
3 644	541	604	
3 605	541	644	
3 156	604	541	
3 606	543	454	
3 453	153	543	
3 148	456	544	
3 607	544	456	
3 407	682	406	
3 543	606	453	
3 1925	546	120	
3 608	547	2037	
3 692	1940	1947	
3 609	2252	2275	
3 609	548	461	
3 460	132	548	
3 127	2023	2025	
3 549	2025	2027	
3 447	688	446	
3 548	609	460	
3 379	675	328	
3 1960	674	1952	
3 468	384	552	
3 611	552	384	
3 95	471	553	
3 470	612	554	
3 471	472	693	
3 2315	1855	596	
3 613	90	89	
3 647	555	613	
3 648	474	558	
3 588	517	244	
3 704	557	474	
3 556	242	557	
3 615	239	238	
3 558	615	648	
3 616	233	232	
3 649	559	616	
3 617	559	649	
3 233	616	559	
3 618	561	479	
3 478	230	561	
3 225	481	562	
3 619	562	481	
3 392	565	332	
3 332	565	979	
3 216	485	564	
3 484	620	565	
3 665	622	651	
3 633	513	585	
3 621	211	210	
3 651	566	621	
3 623	567	489	
3 488	209	567	
3 204	395	568	
3 624	568	395	
3 397	571	333	
3 486	696	485	
3 197	493	570	
3 492	625	571	
3 572	724	770	
3 571	984	333	
3 724	402	680	
3 399	400	679	
3 497	406	573	
3 626	573	406	
3 172	500	574	
3 499	627	575	
3 780	607	739	
3 500	501	699	
3 628	167	166	
3 654	576	628	
3 2062	2063	279	
3 2080	2085	2077	
3 1733	413	1734	
3 2203	850	1751	
3 274	1745	1746	
3 507	1740	1748	
3 1728	1727	414	
3 700	2059	2104	
3 581	2173	2176	
3 2182	2180	632	
3 797	2244	710	
3 1730	1755	580	
3 417	584	2242	
3 710	584	343	
3 343	344	669	
3 319	711	669	
3 512	419	585	
3 633	585	419	
3 248	515	586	
3 514	634	587	
3 786	619	746	
3 515	516	701	
3 243	556	588	
3 635	588	556	
3 518	424	589	
3 519	2358	636	
3 56	438	590	
3 520	637	591	
3 693	742	890	
3 830	1708	1712	
3 428	1776	1773	
3 428	1775	1787	
3 1827	1828	78	
3 1890	1892	1895	
3 519	589	2358	
3 1846	1848	733	
3 433	1812	1811	
3 1857	1854	320	
3 1841	1843	434	
3 2405	2406	2408	
3 1670	1675	443	
3 1670	358	1666	
3 440	1870	1875	
3 1674	1676	640	
3 1713	1676	1709	
3 1879	599	1874	
3 535	446	600	
3 641	600	446	
3 133	460	601	
3 537	642	602	
3 547	608	1987	
3 815	2001	783	
3 161	450	603	
3 643	603	450	
3 155	542	604	
3 604	707	644	
3 536	600	641	
3 739	690	738	
3 368	455	607	
3 545	325	977	
3 690	456	457	
3 889	935	641	
3 465	1984	546	
3 1944	645	1987	
3 462	2031	2041	
3 1990	1992	1989	
3 2011	645	2016	
3 2045	610	2040	
3 2360	554	612	
3 682	727	878	
3 553	471	612	
3 554	2360	646	
3 89	521	613	
3 555	647	614	
3 428	1772	1775	
3 1799	427	1793	
3 1760	615	238	
3 648	615	475	
3 232	560	616	
3 616	708	649	
3 650	565	620	
3 746	695	745	
3 389	480	619	
3 563	332	979	
3 695	481	482	
3 895	938	650	
3 564	485	620	
3 650	620	485	
3 210	488	621	
3 566	651	622	
3 652	571	625	
3 854	789	840	
3 624	394	490	
3 839	918	821	
3 652	854	865	
3 624	863	926	
3 570	493	625	
3 652	625	493	
3 627	653	575	
3 793	825	754	
3 574	500	627	
3 653	627	500	
3 166	538	628	
3 576	654	629	
3 643	450	736	
3 753	703	449	
3 2082	2068	2079	
3 630	2082	2086	
3 2057	2059	505	
3 2186	582	2185	
3 581	2181	2177	
3 632	2177	2179	
3 658	587	634	
3 630	2086	2107	
3 586	515	634	
3 658	634	515	
3 556	557	704	
3 792	635	754	
3 1683	1684	1682	
3 678	722	875	
3 590	438	637	
3 438	2260	2263	
3 685	1767	1769	
3 521	522	702	
3 1890	593	1892	
3 1902	1907	706	
3 363	1578	1577	
3 1656	795	1657	
3 688	735	887	
3 809	778	737	
3 601	460	642	
3 460	2275	2278	
3 367	737	689	
3 538	539	703	
3 542	707	604	
3 707	542	453	
3 1935	741	1928	
3 1937	1943	783	
3 1786	638	1785	
3 1780	1781	1779	
3 613	521	647	
3 2204	521	1804	
3 744	694	388	
3 704	754	556	
3 560	708	616	
3 708	560	478	
3 747	893	696	
3 881	683	728	
3 621	488	651	
3 665	651	488	
3 788	749	698	
3 789	652	697	
3 750	896	699	
3 605	644	662	
3 628	538	654	
3 666	654	538	
3 2201	631	2199	
3 2620	2653	289	
3 579	1744	1753	
3 2157	2123	2227	
3 2238	2237	905	
3 632	2179	2185	
3 817	618	389	
3 648	475	743	
3 1593	1592	798	
3 599	1869	1874	
3 2271	591	2270	
3 1897	1899	594	
3 1932	691	1937	
3 610	2030	2040	
3 602	2285	2286	
3 666	629	654	
3 1915	757	1919	
3 647	2204	614	
3 789	749	822	
3 617	649	664	
3 863	624	849	
3 622	937	747	
3 810	758	606	
3 753	643	791	
3 412	1749	1748	
3 2199	631	1749	
3 336	725	681	
3 668	725	336	
3 513	711	319	
3 796	711	906	
3 1638	322	1639	
3 358	1663	1666	
3 1474	1475	1472	
3 2768	1192	2790	
3 1570	1543	713	
3 1589	1579	1580	
3 1523	671	1521	
3 1501	1498	1499	
3 1965	1970	674	
3 1942	1941	782	
3 676	328	718	
3 676	380	381	
3 2005	719	551	
3 380	676	719	
3 469	721	317	
3 803	721	907	
3 722	331	554	
3 611	384	678	
3 679	334	723	
3 748	788	698	
3 681	335	404	
3 771	668	709	
3 318	709	668	
3 335	681	726	
3 727	339	575	
3 626	406	682	
3 728	346	587	
3 633	419	683	
3 729	348	591	
3 884	636	2359	
3 1906	1769	1901	
3 1780	909	806	
3 1847	686	1845	
3 733	1833	1846	
3 359	1643	1642	
3 1639	670	1638	
3 735	366	602	
3 641	446	688	
3 605	737	367	
3 809	737	911	
3 690	369	738	
3 456	690	739	
3 1930	1934	1940	
3 1933	1932	465	
3 1970	1974	1979	
3 1928	1930	1935	
3 742	387	2486	
3 890	646	2361	
3 617	744	388	
3 816	744	913	
3 695	390	745	
3 481	695	746	
3 747	393	622	
3 650	485	696	
3 398	495	698	
3 652	493	697	
3 723	787	679	
3 398	698	749	
3 750	409	629	
3 653	500	699	
3 2104	2131	700	
3 2099	2132	2165	
3 751	422	635	
3 658	515	701	
3 1793	638	1786	
3 521	702	1804	
3 753	449	643	
3 666	538	703	
3 648	755	474	
3 794	648	743	
3 1663	687	1657	
3 705	1674	1679	
3 1917	1829	595	
3 1899	639	1903	
3 758	453	606	
3 644	707	662	
3 759	478	618	
3 649	708	664	
3 723	572	770	
3 698	399	748	
3 669	711	761	
3 905	2237	2240	
3 796	761	711	
3 669	761	710	
3 1588	1580	1587	
3 714	1580	1588	
3 1493	1486	1488	
3 2609	2523	2591	
3 1541	1538	1545	
3 1609	534	1590	
3 1698	801	2362	
3 1519	1527	1525	
3 2363	2302	982	
3 1657	687	1651	
3 676	718	766	
3 766	802	719	
3 675	329	720	
3 719	676	766	
3 720	677	769	
3 2007	2006	551	
3 677	317	721	
3 721	769	677	
3 720	769	768	
3 675	768	718	
3 877	722	929	
3 875	876	611	
3 572	402	724	
3 724	772	805	
3 680	335	726	
3 772	724	680	
3 773	725	771	
3 726	772	680	
3 725	773	681	
3 668	771	725	
3 880	727	930	
3 878	879	626	
3 883	728	931	
3 900	658	899	
3 591	2271	729	
3 659	2260	2259	
3 774	1774	1778	
3 638	1775	1785	
3 1774	1782	730	
3 1802	1799	752	
3 2205	2229	1853	
3 1833	1831	434	
3 2205	528	1857	
3 1910	1909	660	
3 1645	1650	1641	
3 1674	640	1679	
3 602	2286	735	
3 661	2275	2274	
3 689	737	778	
3 736	791	643	
3 736	778	824	
3 903	703	753	
3 2636	738	779	
3 456	739	607	
3 545	779	738	
3 758	662	707	
3 781	1955	1954	
3 1928	1931	1927	
3 812	1957	1953	
3 1931	691	1927	
3 891	2487	936	
3 901	2314	663	
3 694	744	784	
3 701	751	899	
3 751	635	792	
3 793	754	704	
3 785	978	745	
3 481	746	619	
3 563	785	745	
3 759	664	708	
3 894	747	937	
3 957	971	665	
3 748	679	787	
3 749	697	398	
3 748	787	819	
3 697	749	789	
3 897	750	939	
3 666	903	904	
3 635	556	754	
3 694	784	743	
3 730	1772	1774	
3 1906	1905	731	
3 778	736	689	
3 911	737	605	
3 704	474	755	
3 755	793	704	
3 617	913	744	
3 743	784	827	
3 687	1652	1651	
3 828	1656	1645	
3 1812	596	1855	
3 1851	2344	2315	
3 368	780	810	
3 738	976	739	
3 389	786	817	
3 745	978	746	
3 881	633	683	
3 1751	580	2203	
3 513	906	711	
3 710	761	797	
3 1546	1582	1630	
3 1610	534	1609	
3 1509	1529	1532	
3 1791	1789	1790	
3 673	1488	1491	
3 1531	1533	1536	
3 1547	1540	764	
3 1593	714	1588	
3 1792	752	1793	
3 2006	2008	2004	
3 768	2324	718	
3 791	842	856	
3 907	721	469	
3 2324	768	980	
3 721	803	769	
3 2324	980	832	
3 753	791	856	
3 914	759	817	
3 709	498	908	
3 771	709	804	
3 773	726	681	
3 773	771	981	
3 981	833	773	
3 772	726	773	
3 1818	1817	432	
3 1914	1916	1912	
3 1661	830	845	
3 875	611	678	
3 1608	800	1568	
3 1959	1949	782	
3 763	1624	1621	
3 1703	1704	829	
3 810	606	368	
3 758	810	912	
3 802	767	2007	
3 682	878	626	
3 2042	2048	2033	
3 788	819	821	
3 1971	811	1972	
3 1941	1948	782	
3 1985	2013	835	
3 1942	741	1935	
3 1966	1956	1961	
3 2001	815	1968	
3 618	817	759	
3 826	793	755	
3 772	773	833	
3 760	2244	797	
3 569	333	984	
3 792	843	857	
3 770	818	723	
3 788	748	819	
3 805	838	770	
3 788	822	749	
3 770	724	805	
3 822	840	789	
3 1784	730	1782	
3 790	1784	1789	
3 736	824	791	
3 842	791	824	
3 827	844	794	
3 826	843	825	
3 755	648	794	
3 755	794	826	
3 784	744	816	
3 794	743	827	
3 1593	1612	763	
3 1661	1659	1660	
3 938	565	650	
3 986	993	2415	
3 761	796	797	
3 797	796	2479	
3 1504	765	1490	
3 1662	756	1663	
3 1489	1628	1487	
3 2814	2791	2806	
3 2897	2855	2984	
3 890	742	2487	
3 1699	834	1613	
3 2013	2015	835	
3 768	769	980	
3 2323	2322	832	
3 2408	636	2405	
3 750	897	896	
3 641	935	536	
3 792	754	825	
3 833	805	772	
3 723	818	820	
3 2310	640	1713	
3 1706	1708	1660	
3 2232	1921	2207	
3 2318	1921	909	
3 712	1621	1624	
3 1877	847	1873	
3 2233	2252	2209	
3 838	805	833	
3 911	912	949	
3 912	911	662	
3 877	876	875	
3 1985	835	2010	
3 1961	1956	781	
3 1962	1955	1956	
3 813	1976	1967	
3 1963	815	1949	
3 811	1985	2010	
3 2027	2030	610	
3 1949	815	1942	
3 814	1995	1963	
3 957	623	926	
3 751	792	857	
3 913	914	950	
3 914	913	664	
3 880	879	878	
3 818	770	838	
3 820	787	723	
3 819	787	820	
3 820	818	839	
3 819	820	821	
3 838	917	818	
3 624	395	849	
3 788	821	822	
3 840	822	821	
3 1781	774	1779	
3 855	1791	841	
3 778	809	824	
3 842	824	809	
3 793	826	825	
3 792	825	843	
3 839	821	820	
3 794	844	826	
3 784	816	827	
3 816	920	827	
3 777	1644	1649	
3 1703	1705	777	
3 1660	1708	830	
3 795	1656	1659	
3 1700	1625	834	
3 599	1868	1869	
3 1630	800	1631	
3 1592	1611	798	
3 946	907	876	
3 1967	1989	1992	
3 947	908	879	
3 1069	862	998	
3 2308	2307	1025	
3 2259	2262	659	
3 803	907	946	
3 2400	2330	2496	
3 2323	832	2325	
3 888	2287	2298	
3 861	2045	2044	
3 783	853	645	
3 908	947	804	
3 919	826	844	
3 1021	833	992	
3 881	882	633	
3 849	862	863	
3 789	854	652	
3 987	2546	2231	
3 884	2336	2405	
3 912	810	988	
3 887	2337	641	
3 962	990	951	
3 913	950	816	
3 895	650	893	
3 817	989	914	
3 1712	2309	830	
3 756	1662	1665	
3 1699	1613	1611	
3 885	2272	2294	
3 1876	533	1872	
3 1880	2206	354	
3 848	2039	2043	
3 2046	2209	372	
3 862	849	569	
3 623	394	926	
3 2241	2238	905	
3 851	2372	797	
3 882	945	906	
3 2665	1208	2641	
3 800	1608	1620	
3 2208	836	1975	
3 2050	2210	983	
3 1987	2011	547	
3 862	984	865	
3 571	652	865	
3 841	941	1805	
3 901	1804	1802	
3 856	842	942	
3 703	903	666	
3 883	882	881	
3 701	899	658	
3 2232	2371	909	
3 2230	2250	2206	
3 1042	2380	2381	
3 2358	2359	636	
3 853	1999	2014	
3 641	688	887	
3 2404	2012	867	
3 2333	2347	2210	
3 854	868	865	
3 650	696	893	
3 998	865	868	
3 998	862	865	
3 1997	837	1994	
3 1988	1993	1990	
3 840	868	854	
3 821	918	840	
3 858	2416	2313	
3 2317	1882	866	
3 1986	1976	1975	
3 1997	1994	1996	
3 839	818	917	
3 918	868	840	
3 2189	1697	870	
3 1486	316	1487	
3 2494	24	2516	
3 716	1489	1701	
3 2091	2093	2095	
3 2152	2147	2160	
3 2143	871	2141	
3 2214	2235	2255	
3 972	2154	2153	
3 2158	2163	2164	
3 2184	583	2236	
3 2202	928	2291	
3 554	929	722	
3 722	877	875	
3 2489	2514	1057	
3 803	946	960	
3 2360	2361	646	
3 892	877	929	
3 575	930	727	
3 727	880	878	
3 1058	897	1008	
3 804	947	961	
3 896	653	699	
3 898	880	930	
3 728	587	931	
3 881	728	883	
3 857	940	900	
3 906	945	796	
3 940	857	843	
3 900	883	931	
3 2273	2271	2272	
3 2336	884	2273	
3 2198	2331	846	
3 2353	2419	2344	
3 1709	2309	858	
3 1707	808	2198	
3 2288	2286	2287	
3 2337	887	2288	
3 911	949	809	
3 2631	2630	1055	
3 2277	661	2274	
3 2352	888	2297	
3 742	614	936	
3 2487	2488	890	
3 892	2515	877	
3 890	2488	2490	
3 2544	936	2543	
3 2514	2544	2545	
3 747	894	893	
3 893	894	895	
3 827	920	844	
3 1056	786	978	
3 971	937	665	
3 989	950	914	
3 750	629	939	
3 896	897	898	
3 880	898	1053	
3 898	653	896	
3 939	904	897	
3 904	1008	897	
3 751	857	899	
3 899	857	900	
3 919	1006	843	
3 940	1014	900	
3 901	1802	1798	
3 1798	1803	901	
3 1803	855	1805	
3 941	1007	2545	
3 753	856	903	
3 903	856	904	
3 942	904	856	
3 904	942	1008	
3 760	2372	2241	
3 2236	944	2222	
3 513	633	906	
3 882	906	633	
3 469	611	907	
3 876	907	611	
3 498	626	908	
3 879	908	626	
3 1899	1904	594	
3 1912	660	1909	
3 1920	2345	987	
3 1855	2315	776	
3 605	662	911	
3 662	758	912	
3 2630	2631	780	
3 976	780	739	
3 617	664	913	
3 664	759	914	
3 817	786	1056	
3 844	951	919	
3 991	2397	2398	
3 961	992	981	
3 1096	960	967	
3 917	2700	2701	
3 2404	867	2454	
3 919	843	826	
3 917	838	1021	
3 945	959	796	
3 1097	961	968	
3 2479	959	2472	
3 962	816	950	
3 844	920	951	
3 1634	1636	852	
3 2397	2325	832	
3 928	2186	2223	
3 2126	2132	2099	
3 2386	2313	2384	
3 2304	985	2188	
3 2206	1880	924	
3 2249	2230	924	
3 2209	2046	925	
3 2251	2233	925	
3 624	926	394	
3 926	863	956	
3 2473	2349	2432	
3 2234	2159	972	
3 2245	2223	657	
3 2291	928	2258	
3 554	646	929	
3 929	646	2490	
3 575	653	930	
3 898	930	653	
3 587	658	931	
3 900	931	658	
3 932	2270	2267	
3 2250	598	2206	
3 2409	933	2406	
3 2411	2412	933	
3 934	2285	2282	
3 2252	609	2209	
3 2470	2478	889	
3 935	2509	977	
3 614	663	936	
3 2543	902	2544	
3 622	665	937	
3 623	957	665	
3 938	895	1018	
3 979	938	785	
3 629	666	939	
3 904	939	666	
3 919	990	2763	
3 1014	2594	900	
3 1801	1800	1059	
3 1794	1796	1801	
3 949	1060	809	
3 809	1060	842	
3 2472	2480	2460	
3 2201	2200	922	
3 2238	944	2236	
3 944	2256	2245	
3 2529	882	2530	
3 2511	945	2529	
3 877	967	876	
3 967	946	876	
3 880	968	879	
3 968	947	879	
3 960	946	967	
3 1059	2428	1081	
3 2010	2321	915	
3 2633	1082	1060	
3 786	746	978	
3 965	1013	894	
3 962	920	816	
3 951	920	962	
3 2293	2351	885	
3 2294	932	2265	
3 953	2230	2249	
3 2268	963	2292	
3 2320	916	2457	
3 2298	934	2280	
3 955	2233	2251	
3 2283	964	2296	
3 2702	918	2701	
3 937	965	894	
3 926	956	957	
3 956	965	971	
3 2258	928	2246	
3 2248	986	2228	
3 959	2511	2483	
3 2656	2739	290	
3 910	2231	2207	
3 833	981	992	
3 988	2634	912	
3 919	951	990	
3 1013	895	894	
3 950	989	2715	
3 2304	923	2305	
3 2305	2380	866	
3 2493	1033	2549	
3 954	2401	2301	
3 1034	956	1069	
3 962	950	1019	
3 785	938	1063	
3 2348	2374	1035	
3 2489	892	2488	
3 961	947	968	
3 942	1010	1091	
3 940	843	1006	
3 2262	2261	969	
3 2267	659	2262	
3 2277	2276	970	
3 2282	661	2277	
3 956	971	957	
3 937	971	965	
3 2153	667	2226	
3 2132	2159	655	
3 922	2200	2225	
3 2415	993	2340	
3 2551	2369	2410	
3 886	2422	2469	
3 2413	2408	933	
3 1854	1857	528	
3 779	977	2509	
3 2423	2456	2470	
3 935	977	536	
3 545	977	779	
3 1063	938	1018	
3 1013	2721	895	
3 938	979	565	
3 563	979	785	
3 769	803	980	
3 2398	803	960	
3 771	804	981	
3 961	981	804	
3 2880	2942	2804	
3 801	1698	1619	
3 864	2050	2011	
3 2049	2048	860	
3 865	984	571	
3 569	984	862	
3 1710	2304	2188	
3 1877	533	1881	
3 2350	2349	1022	
3 2340	994	2290	
3 1878	2317	2393	
3 2491	941	841	
3 2299	964	2283	
3 842	1010	942	
3 863	1069	956	
3 998	868	1029	
3 2714	1105	2713	
3 2822	2818	1188	
3 991	2329	2328	
3 2321	835	2326	
3 2709	992	1037	
3 1021	838	833	
3 2246	928	2223	
3 995	2257	2289	
3 2246	2257	994	
3 2257	2290	994	
3 2338	995	2289	
3 873	2254	2235	
3 2530	966	2529	
3 1019	2715	2754	
3 1988	2319	916	
3 867	1996	2320	
3 917	2701	839	
3 2702	868	918	
3 2564	1094	2540	
3 1581	801	1564	
3 1024	2458	2426	
3 2769	1172	2749	
3 873	2220	2221	
3 2501	2430	286	
3 2491	2556	941	
3 990	962	1019	
3 897	1058	898	
3 1010	1060	1082	
3 2303	2379	2442	
3 2331	921	2402	
3 1011	1051	1071	
3 963	2268	2295	
3 2737	2763	1139	
3 1006	2737	940	
3 1059	1081	1009	
3 1052	967	877	
3 1010	1082	1087	
3 1053	968	880	
3 2369	1061	2370	
3 1046	1049	1047	
3 2478	2509	935	
3 1012	2352	2342	
3 2550	2570	1004	
3 1032	1051	2341	
3 2496	2482	2589	
3 2646	2635	1055	
3 965	956	1034	
3 2866	1069	998	
3 2617	1014	2737	
3 1038	2460	2480	
3 2247	2373	1015	
3 2234	2253	973	
3 1011	2351	2341	
3 807	2316	2345	
3 2477	1017	2478	
3 2631	810	780	
3 2721	1138	2718	
3 1056	989	817	
3 965	1034	1013	
3 2350	1093	2339	
3 1036	991	960	
3 2321	2396	915	
3 1037	992	961	
3 917	1021	1065	
3 2484	2513	2481	
3 3155	3048	3139	
3 23	2603	2573	
3 2308	2392	1627	
3 2302	1636	982	
3 3014	1214	3009	
3 2448	2446	2390	
3 2444	1025	2307	
3 2216	872	2375	
3 2500	2430	2501	
3 2355	2334	2348	
3 1109	2527	2510	
3 2354	2346	2332	
3 2646	1055	2600	
3 1065	1003	2700	
3 961	1097	1037	
3 3200	1278	3242	
3 1099	1002	1064	
3 2312	2313	2386	
3 2393	2394	1044	
3 2572	2495	2557	
3 1049	1032	1047	
3 2424	2571	1028	
3 1150	2592	2596	
3 2704	2707	2703	
3 2724	2726	1151	
3 1022	2473	2481	
3 2560	2665	2641	
3 2377	1030	2376	
3 1065	2706	2704	
3 1091	1008	942	
3 1056	2713	989	
3 2484	2483	1070	
3 1070	2539	2513	
3 2447	2391	1025	
3 2657	2669	1143	
3 1040	2383	2385	
3 2395	1045	2453	
3 3035	2969	1196	
3 1032	1045	1047	
3 2393	1042	2394	
3 859	1879	1878	
3 1041	2458	2504	
3 1061	2431	2370	
3 1044	2394	2395	
3 1044	2453	2249	
3 2452	1046	1047	
3 2300	2295	952	
3 2730	1134	2758	
3 2345	2421	987	
3 2452	1045	2395	
3 1046	1048	1049	
3 2402	2550	1004	
3 2634	2635	1073	
3 1050	1049	1048	
3 1032	1049	1051	
3 1113	1036	1096	
3 2556	1007	941	
3 1049	1050	1051	
3 1071	1051	1050	
3 1084	1086	1081	
3 1052	1111	967	
3 1082	1085	1087	
3 1053	1112	968	
3 974	1853	2229	
3 2476	2407	2469	
3 2636	976	738	
3 2600	1062	2563	
3 785	1063	978	
3 2716	2717	2714	
3 1007	1089	1115	
3 892	2489	2515	
3 1008	1091	1116	
3 1053	898	1058	
3 2427	1072	1081	
3 1059	2491	1801	
3 949	2634	2633	
3 842	1060	1010	
3 2552	1061	2551	
3 2502	2370	2431	
3 2563	1017	2526	
3 1062	2600	2632	
3 2717	1076	2714	
3 978	1063	2716	
3 2328	2329	1020	
3 1064	1036	2869	
3 2708	1065	2709	
3 2704	2706	1100	
3 2540	1023	2516	
3 2392	2391	1000	
3 2355	927	2334	
3 2357	2425	1067	
3 2044	2330	2399	
3 2475	2482	2468	
3 862	1069	863	
3 2705	2867	1029	
3 989	2713	2715	
3 2339	2290	995	
3 2524	2507	1080	
3 1011	1071	1080	
3 1103	2498	2541	
3 1009	1081	1086	
3 1036	960	1096	
3 1115	1057	1007	
3 1083	1071	1050	
3 2499	2498	1103	
3 2427	2499	1072	
3 1048	2779	1050	
3 1116	1058	1008	
3 2710	1097	1128	
3 1094	2583	2585	
3 2606	1077	2585	
3 1078	2447	2450	
3 2450	2464	1078	
3 2483	2512	1070	
3 2741	2789	1199	
3 2524	1071	1083	
3 1016	2476	2507	
3 2364	1059	1800	
3 1081	1072	1084	
3 2633	1060	949	
3 1082	1073	1085	
3 2385	2505	2466	
3 2703	1029	2702	
3 2553	2571	1002	
3 1068	2589	2642	
3 2810	2817	2795	
3 2726	1069	2866	
3 1088	1086	1084	
3 1009	1086	1089	
3 1090	1087	1085	
3 1010	1087	1091	
3 2605	2572	2582	
3 2781	1201	2759	
3 1086	1088	1089	
3 1115	1088	1107	
3 1137	2599	2526	
3 1079	2481	2513	
3 1087	1090	1091	
3 1090	2846	1116	
3 1194	2822	2830	
3 1124	2601	2619	
3 2510	2527	1022	
3 2339	2548	996	
3 2603	1123	2583	
3 1077	2464	2474	
3 2436	1067	2503	
3 288	2566	2565	
3 1107	1052	1057	
3 967	1111	1096	
3 1053	2841	2837	
3 968	1112	1097	
3 2506	1041	2536	
3 1050	2779	2795	
3 1113	2780	2869	
3 2659	2671	1073	
3 2710	2711	2706	
3 2763	1006	919	
3 2527	2537	1093	
3 2727	2518	1092	
3 1019	1126	990	
3 1076	2717	2718	
3 1166	2639	2595	
3 2499	2637	1072	
3 2342	2549	1012	
3 2635	2659	1073	
3 1013	2724	2723	
3 2908	2910	1100	
3 1106	2650	2652	
3 1127	1131	1135	
3 2895	1088	2857	
3 1127	1096	1111	
3 2842	1108	2846	
3 1128	1097	1112	
3 2644	2513	2539	
3 2580	2697	1110	
3 2548	2537	1110	
3 2537	2569	2580	
3 1052	1107	1111	
3 1127	1113	1096	
3 2836	1112	2837	
3 1114	2710	1128	
3 1072	2637	2661	
3 1085	2671	2681	
3 2833	2834	1136	
3 1128	2833	1114	
3 1088	1115	1089	
3 1057	1115	1107	
3 1090	1116	1091	
3 1116	1108	2841	
3 2827	3041	1198	
3 2542	2528	2538	
3 2379	2495	2517	
3 2379	2517	1118	
3 2575	1130	2576	
3 1046	2466	2505	
3 1163	2871	1135	
3 1075	2649	2646	
3 2752	2919	2835	
3 2531	2617	1102	
3 2758	1048	1046	
3 2846	2843	2842	
3 2657	1143	2624	
3 1143	2669	2689	
3 1026	2440	2441	
3 2588	1145	2601	
3 2798	2821	2826	
3 2623	2654	2619	
3 1076	2718	2720	
3 2770	2912	2916	
3 1107	1131	1111	
3 1127	1111	1131	
3 2836	2837	1132	
3 2836	2834	1128	
3 1167	2667	2678	
3 1179	2747	2767	
3 1119	2558	2597	
3 1046	2730	2758	
3 1084	2673	2683	
3 1131	1107	2895	
3 1135	1131	1156	
3 1127	1135	1113	
3 1142	2650	2609	
3 1148	2871	1163	
3 2575	2732	1130	
3 2860	2896	2732	
3 1156	1131	2895	
3 2834	2838	1136	
3 2645	1150	2596	
3 2723	2725	1138	
3 2592	1150	2643	
3 2599	2611	2647	
3 2723	1138	2721	
3 1105	2714	2719	
3 2638	2538	2593	
3 2677	2667	1102	
3 1103	2541	2639	
3 2673	1084	2661	
3 2731	1200	2577	
3 2692	1085	2681	
3 2606	2585	2627	
3 2614	1123	2603	
3 2874	1187	2800	
3 1077	2465	2585	
3 2601	2612	2619	
3 2623	1144	2654	
3 1125	2554	2640	
3 2561	2425	2560	
3 2894	1157	2892	
3 2839	1158	2838	
3 2671	2670	1141	
3 1105	2719	2722	
3 2857	1146	2895	
3 2958	3021	1171	
3 2858	2846	1090	
3 1181	2742	2744	
3 1153	2611	1171	
3 1137	2592	2643	
3 2756	1170	2773	
3 2755	1151	2771	
3 2850	2851	2849	
3 2667	1167	2644	
3 1171	2738	2958	
3 2670	2690	1141	
3 1296	3201	3238	
3 1122	2779	2778	
3 2664	1125	2640	
3 2618	2622	2612	
3 1146	2944	2952	
3 1135	1156	1163	
3 2615	2762	1133	
3 2597	1098	2615	
3 1158	2847	2844	
3 2838	2840	1136	
3 2691	2955	1159	
3 2884	1147	2858	
3 2626	1155	2629	
3 2832	3048	293	
3 2684	2685	2674	
3 3164	294	3155	
3 1166	2820	2829	
3 2845	2849	2920	
3 2952	1163	1156	
3 1163	1162	3020	
3 2995	2997	2996	
3 2638	1167	2662	
3 1165	2845	2844	
3 1165	2844	2848	
3 2795	2817	1083	
3 2820	2825	2829	
3 2766	1176	2744	
3 2794	2722	2777	
3 2976	1214	2953	
3 2608	2606	2853	
3 2628	1144	2623	
3 2786	2799	2812	
3 2866	2867	2750	
3 2755	1170	2725	
3 2587	2555	2584	
3 1150	2738	2643	
3 1168	2748	2689	
3 1168	2740	2765	
3 2755	2772	1170	
3 2662	2674	2638	
3 2909	2912	1205	
3 2757	2773	1152	
3 2939	1163	3020	
3 1141	2691	2681	
3 2777	1152	2793	
3 2830	2827	1198	
3 2979	2996	2958	
3 1180	2745	2747	
3 2781	2870	1201	
3 2796	2959	1175	
3 3017	1126	2794	
3 3012	3011	1235	
3 2688	1180	2678	
3 1183	2747	2746	
3 1181	2688	2742	
3 2862	2746	1181	
3 2903	2807	1174	
3 3175	3168	1263	
3 2745	1180	2688	
3 2802	1193	2788	
3 2878	1172	2769	
3 1157	2682	2856	
3 2982	2825	2961	
3 2807	2815	2792	
3 2937	2936	2929	
3 2847	2884	1164	
3 2990	18	3030	
3 2627	2696	2749	
3 1226	2887	2854	
3 2562	1101	2561	
3 2696	2748	1189	
3 1189	2805	2769	
3 2815	2819	2824	
3 3178	3181	297	
3 1191	2812	2818	
3 2821	2764	2786	
3 19	2976	2940	
3 1234	3030	3044	
3 2875	2803	1193	
3 2803	1199	2789	
3 2822	1194	2823	
3 2832	2828	1194	
3 1241	3075	3086	
3 2969	3099	3025	
3 1255	3111	3092	
3 3047	3035	3014	
3 2863	3024	1182	
3 1287	3279	3243	
3 3120	1244	3040	
3 2812	2811	1188	
3 2686	2664	2663	
3 2580	1110	2537	
3 1201	2760	2759	
3 1120	2586	2607	
3 2870	2939	1202	
3 2731	2760	1200	
3 3083	2963	1185	
3 2796	2607	2783	
3 1203	2783	2782	
3 2963	2872	1202	
3 2711	1100	2706	
3 2900	2750	2898	
3 2924	2922	2851	
3 2905	1204	2913	
3 2926	1206	2924	
3 2898	2750	1204	
3 2906	2923	2868	
3 2928	1206	2926	
3 2695	2699	2873	
3 2960	2981	2999	
3 2735	2734	2604	
3 2954	1162	2951	
3 3022	1210	2690	
3 1221	2957	2956	
3 2945	2778	2896	
3 1211	2810	2816	
3 1213	2982	2890	
3 1140	2660	2672	
3 2973	2989	1212	
3 2894	2893	1225	
3 3009	1214	2990	
3 1214	3014	2806	
3 2943	1229	2950	
3 2876	1190	2802	
3 2872	1203	2782	
3 1216	2992	2994	
3 1252	3054	3053	
3 3026	1261	2885	
3 2928	2930	2931	
3 2863	1233	2964	
3 1220	1226	2695	
3 2675	2666	1219	
3 1220	2695	2873	
3 2686	2693	1161	
3 3005	3066	2956	
3 1164	2885	2848	
3 2856	2888	1223	
3 1140	2682	2673	
3 1223	2888	2889	
3 2894	2944	1146	
3 2946	2861	2897	
3 3018	1224	2890	
3 2856	2892	1157	
3 2889	2891	1223	
3 2687	2698	1208	
3 3013	3015	1220	
3 2981	2998	3006	
3 3013	1220	3007	
3 3115	1274	3188	
3 2954	3068	3020	
3 1224	1231	2950	
3 1225	2893	2943	
3 3037	2887	3036	
3 3118	3100	1232	
3 3056	2995	3055	
3 3057	2998	1197	
3 3120	3040	3100	
3 3040	3016	2658	
3 2877	1233	2809	
3 2863	1182	2864	
3 3044	3046	1234	
3 1241	3086	3092	
3 3006	1227	2981	
3 3176	3267	3209	
3 2941	1197	2980	
3 1336	3391	3363	
3 3049	1190	2876	
3 3138	1273	3154	
3 3032	3031	1243	
3 3070	3084	3091	
3 3083	1185	3068	
3 2930	2886	2936	
3 3168	3175	3172	
3 3168	3165	3166	
3 3126	3132	1255	
3 3112	3047	3094	
3 3078	3031	1256	
3 3077	1242	3058	
3 2967	2985	1218	
3 3032	3033	3034	
3 1160	2626	2658	
3 3041	2962	3023	
3 1230	3119	3118	
3 1245	3145	3121	
3 1269	3239	3202	
3 3102	1264	3103	
3 3121	3104	1240	
3 3072	1198	3041	
3 3136	1224	3018	
3 1239	3056	3080	
3 1209	3096	2989	
3 3019	3082	3068	
3 3114	1280	3185	
3 3026	3098	1261	
3 3052	1251	3055	
3 3054	1251	3052	
3 3194	3190	3192	
3 3147	3105	3117	
3 1249	3067	3103	
3 3031	3109	1243	
3 1341	1343	1345	
3 3094	3111	1265	
3 3151	1266	3132	
3 3206	1275	3173	
3 1217	2938	2948	
3 1217	3050	2974	
3 3085	1257	3042	
3 1279	3125	3107	
3 3085	3042	3073	
3 1291	3064	3129	
3 1237	3039	3070	
3 1276	3260	3259	
3 1195	3000	2983	
3 1254	3112	3153	
3 1164	3026	2885	
3 2956	3066	1221	
3 3122	3101	1262	
3 1262	3101	3123	
3 3138	3154	3163	
3 3174	3177	296	
3 1228	3185	3018	
3 1253	3080	3182	
3 3131	3127	1270	
3 3173	3207	3135	
3 3287	1286	3266	
3 3160	1290	3161	
3 1252	3191	3182	
3 1237	3070	3091	
3 3167	3166	1247	
3 3174	1263	3176	
3 1391	1380	3478	
3 3143	1264	3102	
3 14	3206	3159	
3 3111	3131	1265	
3 3234	1301	3232	
3 1312	3360	3328	
3 1267	3105	3147	
3 1325	3301	3305	
3 3104	3071	1240	
3 3258	1273	3104	
3 3153	3162	1254	
3 3188	3142	1283	
3 3341	1310	3332	
3 1270	3134	3135	
3 3179	3209	3243	
3 3262	1288	3325	
3 3152	3161	3133	
3 3062	3065	3061	
3 13	3287	3264	
3 3208	3266	1294	
3 1292	3215	3183	
3 1258	3074	3183	
3 3128	3116	3097	
3 1277	3170	3156	
3 3248	3256	3195	
3 1300	3222	3231	
3 1272	3137	3187	
3 1259	3199	3251	
3 3114	3186	1280	
3 3079	1246	3149	
3 3202	1283	3162	
3 1283	3240	3188	
3 3277	1349	3274	
3 3289	3298	3224	
3 3333	1286	3332	
3 3160	3200	1290	
3 1311	3306	3316	
3 3157	3199	3145	
3 3314	3280	3291	
3 299	3325	3328	
3 3156	3211	3245	
3 3225	1297	3222	
3 3208	3275	3242	
3 3161	3201	1269	
3 3197	3215	1292	
3 3150	3129	1279	
3 1298	3197	3216	
3 1298	3150	3197	
3 1285	3350	3240	
3 1293	3196	3263	
3 3341	3330	12	
3 3342	3344	3346	
3 3189	3124	3144	
3 3146	1253	3195	
3 3401	3451	1345	
3 1309	3384	3386	
3 3217	1300	3198	
3 301	3391	3393	
3 3227	1299	3223	
3 3231	3222	3226	
3 1281	3249	3254	
3 3192	3190	1307	
3 3150	3198	1291	
3 3218	1302	3217	
3 3226	3232	1301	
3 3233	3234	3232	
3 1302	3220	3228	
3 1300	3217	3219	
3 3229	1297	3225	
3 1328	1329	1331	
3 3227	3269	1299	
3 1323	3300	3299	
3 3272	1305	3273	
3 3157	3089	3141	
3 3342	3332	1310	
3 3275	1306	3242	
3 3170	1264	3143	
3 3205	3241	3192	
3 1314	3268	3340	
3 3353	3255	3349	
3 1347	1341	1345	
3 1334	3247	3213	
3 3383	1335	3345	
3 1343	3347	3346	
3 3318	1324	3319	
3 3313	3321	1319	
3 3286	3296	1288	
3 3337	3326	1319	
3 3291	3267	1271	
3 3292	3279	3280	
3 3268	1314	3246	
3 3352	3278	1320	
3 1296	3351	3374	
3 1321	3455	3372	
3 1305	3233	3271	
3 1316	3295	3285	
3 3368	11	3383	
3 3274	1306	3277	
3 3305	3304	1326	
3 1313	3279	3292	
3 1325	3313	3296	
3 3321	3337	1319	
3 3372	1315	3350	
3 3334	3298	1308	
3 1317	3342	3346	
3 3408	3457	1374	
3 1322	3271	3290	
3 3354	3295	1316	
3 3230	1297	3270	
3 3422	3423	3409	
3 3290	3300	1322	
3 3339	1327	3324	
3 3317	3319	1311	
3 1325	3302	3301	
3 3307	1326	3304	
3 1325	3305	3311	
3 3438	3427	3432	
3 1336	3387	3388	
3 3308	3310	1329	
3 1331	3382	1328	
3 1331	3310	1330	
3 1329	3312	3311	
3 1330	3338	3367	
3 3381	3382	1331	
3 3338	1330	3323	
3 3411	1351	3412	
3 3367	3381	1330	
3 3470	3460	3461	
3 1339	3338	3366	
3 1366	3439	3442	
3 3252	1334	3241	
3 3352	1334	3252	
3 3399	3401	1335	
3 1335	3401	1345	
3 3387	1354	3403	
3 1336	3361	3377	
3 1308	3353	3375	
3 3398	1339	3380	
3 3343	1328	1332	
3 3377	3337	1338	
3 3366	3339	1342	
3 3299	3359	1323	
3 3467	3457	1350	
3 3379	1337	3283	
3 3478	3433	1365	
3 1365	7	1372	
3 3376	1342	3358	
3 3366	3380	1339	
3 1343	3344	3345	
3 3345	1335	3370	
3 3379	3257	3365	
3 3481	3483	305	
3 3383	3399	1335	
3 3417	9	3428	
3 3434	3417	3429	
3 7	6	1372	
3 1379	1372	6	
3 3374	3373	1321	
3 3281	3256	3248	
3 3297	3289	3269	
3 3384	1309	3348	
3 1296	3274	3351	
3 1350	3371	1359	
3 3472	1361	3467	
3 302	3411	3414	
3 3445	3414	1355	
3 3340	3394	3456	
3 3380	1342	3397	
3 1340	3404	3395	
3 1353	3453	3464	
3 3343	1338	3336	
3 3438	3441	1355	
3 3385	3402	1354	
3 3382	3422	1332	
3 3405	1354	3402	
3 3447	303	3445	
3 3390	3453	1353	
3 1371	3469	3476	
3 7	1365	8	
3 1358	3433	3429	
3 3434	1346	3417	
3 3408	1321	3373	
3 1391	1396	1400	
3 3410	3426	3389	
3 1361	3472	3484	
3 3376	3390	1353	
3 3419	1356	3406	
3 3438	1366	3452	
3 3424	3418	1332	
3 3439	3435	1367	
3 1358	8	1365	
3 3451	3448	1347	
3 6	5	1379	
3 3429	3433	1364	
3 3439	3432	3435	
3 1362	3452	3454	
3 1367	3430	3436	
3 304	3460	3470	
3 3458	3421	1344	
3 3545	3554	3563	
3 1369	3394	3455	
3 1382	3420	3440	
3 1374	3457	3468	
3 3444	1382	3479	
3 3469	1371	3461	
3 1371	3476	3477	
3 5	4	1390	
3 3513	3478	1380	
3 3442	1368	3465	
3 1373	3465	3471	
3 3473	1381	3474	
3 3466	3474	1387	
3 3450	1347	3448	
3 3501	3550	1381	
3 1370	3463	3453	
3 1388	3458	3486	
3 1381	3550	3503	
3 3492	3514	1395	
3 1384	3495	3476	
3 3505	1389	3521	
3 4	3	1405	
3 3488	3484	3490	
3 1379	1391	1372	
3 5	1390	1379	
3 3493	3506	1376	
3 1387	3503	3506	
3 3508	3510	3506	
3 1370	3479	3463	
3 3426	3410	3431	
3 1387	3459	3466	
3 1368	3442	3502	
3 1389	3517	3519	
3 3501	1381	3491	
3 3531	3500	1377	
3 1386	3479	3485	
3 3485	3512	1386	
3 3459	3493	1383	
3 1383	3425	3459	
3 3512	3524	1386	
3 3496	3515	3498	
3 3500	3489	1377	
3 3515	1393	3516	
3 1410	1405	3	
3 1405	1410	1403	
3 1390	1396	1379	
3 1379	1396	1391	
3 1385	3508	3522	
3 1402	3494	3529	
3 3504	3496	1384	
3 3507	3509	3511	
3 1375	3567	3549	
3 3556	3550	1406	
3 1388	3500	3526	
3 1392	3543	3531	
3 4	1405	1390	
3 3624	3630	1421	
3 3523	3534	1392	
3 1446	3674	3680	
3 3496	3504	3507	
3 308	3540	3554	
3 3548	3555	3533	
3 1403	1396	1390	
3 1385	3522	3523	
3 3537	3526	3535	
3 1396	1403	3584	
3 3536	1397	3553	
3 1426	1410	1419	
3 3568	3577	1418	
3 3517	1389	3515	
3 3528	1404	3519	
3 1410	3	2	
3 1403	1390	1405	
3 3501	3549	1406	
3 3552	1407	3557	
3 3560	3568	1418	
3 3604	3596	1422	
3 3571	3559	1409	
3 3565	309	3563	
3 3568	1406	3549	
3 1	1419	2	
3 1438	3630	3639	
3 1407	3570	3557	
3 3553	3561	3536	
3 1400	3584	3576	
3 3551	3569	3522	
3 1413	3556	3560	
3 3627	1420	3592	
3 3539	1409	3554	
3 3574	3582	3593	
3 3621	3619	3620	
3 1419	1410	2	
3 3534	3552	1411	
3 3606	3614	1439	
3 3600	1428	3599	
3 3576	1412	3567	
3 3570	3586	1420	
3 1429	1	0	
3 1421	3584	3624	
3 3570	1413	3578	
3 1443	3607	3628	
3 1410	1426	3624	
3 3647	3653	1437	
3 3527	1399	3518	
3 3594	1422	3580	
3 1437	3657	3634	
3 1427	3591	3597	
3 1429	1424	1431	
3 3619	3617	3614	
3 1431	1419	1	
3 1426	1431	1432	
3 3579	1414	3559	
3 1414	3582	3574	
3 3600	3601	1423	
3 3580	3599	3581	
3 1429	1431	1	
3 1439	3604	3598	
3 1432	1431	1424	
3 1426	1419	1431	
3 1415	3644	3645	
3 3648	1437	3649	
3 3572	1417	3561	
3 1408	1430	3629	
3 1439	3598	3606	
3 3623	3638	3643	
3 1425	3625	3631	
3 3681	3678	1435	
3 3682	3680	1442	
3 3589	3603	3577	
3 1438	3639	3640	
3 1438	3649	3628	
3 3583	3602	3555	
3 3629	3604	1439	
3 3627	3632	3595	
3 3609	1440	3605	
3 1448	3636	3659	
3 3683	3681	1441	
3 314	315	1442	
3 1420	3586	3592	
3 3632	1444	3595	
3 1447	3650	3654	
3 1454	3666	1457	
3 3669	3673	3675	
3 1456	1458	313	
3 1434	3621	3623	
3 3632	3651	1444	
3 3641	3658	3661	
3 3625	3612	3631	
3 1452	3679	3674	
3 1449	3634	3657	
3 3667	3663	1451	
3 3665	1450	3671	
3 3661	3666	1454	
3 3657	3660	3672	
3 3676	3673	3677	
3 1448	3659	3663	
3 1446	3670	3674	
3 3661	1454	3641	
3 1457	1456	1453	
3 1398	3642	3655	
3 1454	1457	1453	
3 1451	3662	3669	
3 1459	1458	1456	
3 1446	3682	1459	
3 1446	1459	1457	
3 1459	1456	1457	
3 1436	1458	1459	
3 1474	316	1475	
3 1460	1475	1463	
3 1476	1472	1471	
3 1461	1471	1470	
3 1475	1460	1472	
3 1464	1463	316	
3 1465	1463	364	
3 1486	1464	316	
3 1493	1492	1464	
3 1469	1465	364	
3 29	1461	1470	
3 1474	1480	1484	
3 1628	716	1629	
3 1494	1467	1492	
3 1496	1497	1507	
3 1463	1464	1468	
3 1468	1464	1492	
3 1507	364	1468	
3 1465	1503	29	
3 1460	1465	1470	
3 29	1470	1465	
3 1461	28	1471	
3 1471	28	1476	
3 1472	1462	1474	
3 1460	1471	1472	
3 869	1479	1481	
3 1472	1476	1462	
3 1480	1462	1479	
3 1462	1480	1474	
3 1463	1475	316	
3 1462	1476	1478	
3 1476	1477	1478	
3 1477	1473	1478	
3 1476	28	1477	
3 1481	1479	1478	
3 1462	1478	1479	
3 1481	1478	1473	
3 1480	869	1482	
3 1480	1482	1484	
3 27	1485	1483	
3 1481	1483	1485	
3 1626	869	1485	
3 1489	1482	1701	
3 1489	1487	1484	
3 1481	1473	1483	
3 1474	1484	1487	
3 1618	27	1607	
3 869	1626	1482	
3 316	1474	1487	
3 1486	1466	1488	
3 1484	1482	1489	
3 1466	1486	1487	
3 1466	1490	1488	
3 1488	1490	1491	
3 1627	716	1701	
3 1628	1489	716	
3 1466	1628	1629	
3 1490	765	1491	
3 1536	1518	1531	
3 673	1495	1494	
3 1494	1492	673	
3 1468	1492	1467	
3 1486	1493	1464	
3 1488	673	1493	
3 673	1491	1495	
3 324	1512	1496	
3 1533	1495	1491	
3 1495	1499	1498	
3 1467	1494	1496	
3 1498	1494	1495	
3 1513	1512	324	
3 1506	30	1469	
3 1495	1533	1499	
3 1496	1498	1501	
3 1499	715	1526	
3 1526	1501	1499	
3 1529	1524	1526	
3 1520	1521	671	
3 1501	1500	1521	
3 1496	1501	324	
3 1516	1520	1510	
3 1516	1508	1513	
3 1581	1504	716	
3 1469	30	1503	
3 765	1564	1544	
3 1507	1505	364	
3 1505	1497	1506	
3 1497	1496	1512	
3 1511	30	1506	
3 1496	1507	1467	
3 1505	1507	1497	
3 1549	1551	1550	
3 1512	1514	1497	
3 1524	1529	1509	
3 1530	1519	1528	
3 1522	1510	1520	
3 1537	1542	1553	
3 1513	324	1502	
3 1515	1511	1506	
3 1514	1512	1508	
3 1516	1513	1502	
3 1508	1512	1513	
3 1515	1514	1508	
3 1497	1514	1506	
3 1508	1516	1549	
3 1511	1515	31	
3 1516	1502	1520	
3 1516	361	1549	
3 1552	1557	1556	
3 31	1515	1550	
3 1532	1531	1518	
3 1534	764	1535	
3 1538	1519	1530	
3 1527	1522	671	
3 1521	1520	1502	
3 1522	1520	671	
3 1501	1521	1502	
3 1521	1500	1523	
3 1525	1527	671	
3 1537	323	1542	
3 1500	1524	1523	
3 1528	1519	1525	
3 1526	1524	1500	
3 1528	1524	1509	
3 671	1523	1525	
3 1523	1524	1528	
3 1526	1500	1501	
3 1526	715	1529	
3 1541	1527	1519	
3 1537	1543	323	
3 1528	1509	1530	
3 1523	1528	1525	
3 1531	1529	715	
3 1529	1531	1532	
3 1535	1509	1532	
3 1538	1530	764	
3 715	1499	1533	
3 1531	715	1533	
3 1534	1532	1518	
3 1509	1535	1530	
3 765	1539	1491	
3 799	1536	1539	
3 1518	799	1534	
3 1566	1547	1534	
3 1534	1535	1532	
3 764	1530	1535	
3 1539	1536	1533	
3 799	1518	1536	
3 1510	1522	1537	
3 1543	1522	1527	
3 1538	764	1540	
3 1527	1541	713	
3 1491	1539	1533	
3 1539	765	1544	
3 764	1534	1547	
3 762	1571	1546	
3 1519	1538	1541	
3 1545	1538	1540	
3 1558	1562	1561	
3 1551	1549	361	
3 1527	713	1543	
3 1543	1570	1548	
3 1564	765	1504	
3 1567	1569	1565	
3 1545	1540	1546	
3 713	1541	1545	
3 1540	1547	1582	
3 2187	1546	831	
3 1566	1534	799	
3 1547	1568	1582	
3 1572	1548	672	
3 323	1543	1548	
3 1508	1549	1515	
3 1555	1550	1551	
3 1517	31	1550	
3 1552	1551	361	
3 1517	1555	32	
3 361	1516	1553	
3 1557	1554	1556	
3 1537	1553	1510	
3 1542	1552	1553	
3 1554	1557	1558	
3 1560	1559	1554	
3 1550	1555	1517	
3 1556	1555	1551	
3 1552	1556	1551	
3 32	1556	1554	
3 1552	1542	1557	
3 1558	1557	1542	
3 323	1558	1542	
3 1554	1558	1560	
3 33	1559	1560	
3 1577	1575	1576	
3 1561	1560	1558	
3 1562	1558	323	
3 1575	34	1563	
3 1548	1584	323	
3 1572	1583	1584	
3 33	1560	1574	
3 1574	1560	1561	
3 1581	1564	1504	
3 1569	1564	801	
3 1565	1619	1608	
3 1582	1568	800	
3 799	1567	1566	
3 1565	1608	1568	
3 1544	1567	799	
3 1568	1567	1565	
3 1547	1566	1568	
3 1568	1566	1567	
3 1564	1569	1544	
3 801	1565	1569	
3 1571	1570	713	
3 672	1548	1570	
3 1571	713	1545	
3 1571	762	1587	
3 1572	1579	1578	
3 1583	1572	363	
3 1577	1578	1585	
3 1586	1573	1585	
3 1563	33	1574	
3 1563	1574	1575	
3 1576	1575	1574	
3 1561	1576	1574	
3 1577	1576	363	
3 363	1572	1578	
3 1573	1575	1577	
3 1579	1572	672	
3 1585	1578	362	
3 1580	1579	672	
3 362	1578	1579	
3 672	1571	1587	
3 1580	714	1589	
3 1627	1581	716	
3 1698	2362	1024	
3 1630	1582	800	
3 1546	1540	1582	
3 1561	1583	363	
3 1584	1583	1562	
3 323	1584	1562	
3 1572	1584	1548	
3 1586	1585	362	
3 1577	1585	1573	
3 362	1589	1590	
3 1586	442	1591	
3 1587	762	1588	
3 672	1587	1580	
3 1592	1588	762	
3 1588	1592	1593	
3 1609	1589	714	
3 1609	1590	1589	
3 1597	1598	357	
3 442	1586	1590	
3 1594	1595	36	
3 35	1600	1615	
3 2187	762	1546	
3 1592	2187	1611	
3 1612	1593	798	
3 1593	763	1610	
3 442	1597	1595	
3 1596	442	1595	
3 1596	1595	1594	
3 35	1596	1594	
3 442	1596	1591	
3 1598	442	1590	
3 1602	37	1604	
3 1590	534	1598	
3 1601	322	1617	
3 37	1599	1604	
3 36	1595	1603	
3 1598	534	1601	
3 1600	34	1615	
3 534	1610	1623	
3 1617	357	1601	
3 1637	1606	1617	
3 357	1603	1597	
3 1599	1603	1604	
3 357	1604	1603	
3 1606	1602	1617	
3 1606	1605	1602	
3 38	1654	1653	
3 1619	1565	801	
3 27	1618	1485	
3 1608	1619	1620	
3 1593	1609	714	
3 1609	1593	1610	
3 763	1621	1610	
3 712	1623	1621	
3 1632	1630	1631	
3 1614	763	1612	
3 1613	1612	798	
3 1612	1613	1614	
3 798	1611	1613	
3 1622	1611	831	
3 1613	834	1614	
3 1614	1625	1624	
3 1586	1615	1573	
3 35	1615	1591	
3 1641	1644	777	
3 322	1601	1616	
3 1617	322	1637	
3 357	1617	1602	
3 1607	2192	2193	
3 1618	2189	1626	
3 1581	2362	801	
3 1620	1619	982	
3 1620	1636	1634	
3 1633	1622	1632	
3 1624	763	1614	
3 1623	712	1616	
3 1633	1635	1622	
3 1611	1622	1699	
3 1621	1623	1610	
3 1601	1623	1616	
3 1625	1614	834	
3 1704	1624	1625	
3 1699	2197	834	
3 1704	1625	808	
3 1618	1626	1485	
3 1701	1626	1711	
3 1711	1627	1701	
3 1627	1711	2308	
3 716	1504	1629	
3 1487	1628	1466	
3 1504	1490	1629	
3 1466	1629	1490	
3 800	1620	1631	
3 1546	1630	831	
3 1634	852	1635	
3 1630	1632	831	
3 1633	1632	1631	
3 1622	831	1632	
3 1634	1633	1631	
3 1633	1634	1635	
3 1631	1620	1634	
3 1636	1620	982	
3 1702	1635	852	
3 834	2197	1700	
3 1698	2363	982	
3 852	2303	1702	
3 1638	1637	322	
3 1654	1637	360	
3 1639	322	1616	
3 1638	670	1640	
3 1644	1616	712	
3 1641	1639	1644	
3 1642	1640	670	
3 1640	1642	1643	
3 1645	1641	777	
3 670	1639	1641	
3 1650	1642	670	
3 1642	1650	1646	
3 1652	1647	359	
3 38	1606	1654	
3 1616	1644	1639	
3 1644	712	1649	
3 828	1645	777	
3 1646	1650	734	
3 1651	1646	734	
3 1646	1651	1652	
3 1672	444	1668	
3 1648	1655	39	
3 360	1643	1648	
3 1647	1648	1643	
3 1649	712	1624	
3 1703	1649	1704	
3 1641	1650	670	
3 734	1650	1645	
3 1656	1651	734	
3 1651	1656	1657	
3 1658	1652	687	
3 1647	1652	444	
3 1637	1654	1606	
3 1648	39	1653	
3 1648	1654	360	
3 1672	1655	1647	
3 40	39	1655	
3 1645	1656	734	
3 1659	1656	828	
3 1662	1657	795	
3 1657	1662	1663	
3 1663	1658	687	
3 1664	1658	358	
3 1660	1659	828	
3 1661	795	1659	
3 1705	1660	828	
3 1660	1705	1706	
3 830	1661	1660	
3 1662	1661	845	
3 1661	1662	795	
3 1665	1662	845	
3 1666	1663	756	
3 1658	1663	358	
3 1670	1667	358	
3 1671	40	1672	
3 1676	1665	845	
3 1674	705	1669	
3 756	1669	1666	
3 1666	1669	1670	
3 443	1677	1667	
3 1668	1673	41	
3 444	1664	1668	
3 1673	1664	1667	
3 1665	1669	756	
3 1670	1669	705	
3 1675	1670	705	
3 1667	1670	443	
3 1655	1672	40	
3 1668	41	1671	
3 1647	444	1672	
3 1677	1673	1667	
3 42	41	1673	
3 1669	1665	1674	
3 1676	1674	1665	
3 705	1679	1682	
3 1680	529	1693	
3 845	1709	1676	
3 1713	640	1676	
3 1677	443	1678	
3 1673	1677	42	
3 1680	1678	443	
3 1691	1693	1689	
3 1684	597	1682	
3 1682	1681	1675	
3 443	1675	1680	
3 1681	1680	1675	
3 1675	705	1682	
3 1681	597	1688	
3 1682	1679	1683	
3 597	1681	1682	
3 1679	640	1683	
3 2310	1710	1683	
3 1683	530	1684	
3 1685	1684	530	
3 1685	530	1686	
3 1688	1687	437	
3 2188	1686	530	
3 321	353	1686	
3 597	1685	1687	
3 1687	1685	1694	
3 1689	1688	437	
3 1688	529	1681	
3 1692	1690	437	
3 1680	1693	1678	
3 1687	1694	437	
3 44	1689	1690	
3 1678	1693	43	
3 43	1693	1691	
3 1695	1692	353	
3 1689	1693	529	
3 1685	1686	1694	
3 1686	353	1694	
3 1696	353	321	
3 45	1695	46	
3 1872	1720	321	
3 46	1695	1696	
3 26	2191	2190	
3 2192	2191	1697	
3 2363	1698	1024	
3 982	1619	1698	
3 1622	1635	1699	
3 1635	1702	2197	
3 921	2331	2198	
3 808	1625	1700	
3 1482	1626	1701	
3 1711	1626	870	
3 852	1636	2303	
3 921	2197	2462	
3 1705	1703	829	
3 777	1649	1703	
3 1624	1704	1649	
3 829	1704	808	
3 1705	829	1706	
3 777	1705	828	
3 1707	1706	829	
3 1707	1708	1706	
3 829	808	1707	
3 2198	808	1700	
3 1707	846	1708	
3 1712	1708	846	
3 830	1709	845	
3 2312	2311	1713	
3 1710	923	2304	
3 530	1683	1710	
3 2307	1711	870	
3 1711	2307	2308	
3 2403	846	2331	
3 2343	2416	858	
3 2312	1709	858	
3 2311	1710	2310	
3 1715	1714	99	
3 1716	1714	385	
3 98	1715	99	
3 331	385	1715	
3 385	384	1716	
3 1716	384	468	
3 404	1717	185	
3 403	1717	335	
3 337	1718	183	
3 404	1718	336	
3 47	46	1720	
3 1719	1863	1861	
3 321	1720	1696	
3 356	1719	1720	
3 417	1721	262	
3 416	1721	342	
3 1722	1723	1724	
3 1722	1727	1729	
3 1725	268	1726	
3 1731	1723	1722	
3 1727	1724	414	
3 509	2172	2171	
3 1724	269	1725	
3 2183	1726	509	
3 2182	2183	2180	
3 1727	341	1729	
3 1728	2202	1752	
3 341	1727	1728	
3 1729	341	1730	
3 1731	1729	413	
3 1752	1730	341	
3 1730	1752	1755	
3 1732	1731	413	
3 1731	270	1723	
3 1733	1732	413	
3 270	1732	271	
3 413	1730	1734	
3 1735	1733	508	
3 1730	580	1734	
3 1734	580	1747	
3 1735	508	1736	
3 1732	1735	271	
3 1738	508	1747	
3 1736	508	1738	
3 412	1748	1740	
3 1736	272	1737	
3 272	1741	1739	
3 1743	1740	507	
3 1741	272	1736	
3 412	1740	1738	
3 1743	1742	1740	
3 1740	1741	1738	
3 273	1739	1742	
3 1741	1742	1739	
3 1744	1743	507	
3 1745	273	1743	
3 1753	1744	507	
3 2120	579	2115	
3 1743	1744	1746	
3 1746	1745	1743	
3 274	1746	1744	
3 1751	1747	580	
3 1747	412	1738	
3 1747	1751	412	
3 1748	1749	1750	
3 2199	1749	850	
3 1748	1750	507	
3 1749	631	1750	
3 1754	631	656	
3 2203	580	1755	
3 1749	1751	850	
3 341	1728	1752	
3 2202	1728	582	
3 507	1750	1753	
3 1754	1753	1750	
3 631	1754	1750	
3 656	2118	2122	
3 1752	874	1755	
3 1755	874	2203	
3 65	64	1756	
3 423	1756	64	
3 347	320	1757	
3 1757	320	352	
3 1759	1758	236	
3 1760	1758	476	
3 235	1759	236	
3 388	476	1759	
3 476	475	1760	
3 1760	475	615	
3 1762	1761	81	
3 1761	1764	1766	
3 1763	81	80	
3 1764	1762	430	
3 80	1883	1885	
3 430	1762	1763	
3 1888	524	1894	
3 1764	349	1766	
3 1896	1900	1765	
3 1898	1901	1764	
3 1767	1766	349	
3 1768	1766	429	
3 1769	1767	349	
3 1767	685	1770	
3 1771	1768	429	
3 1761	1768	82	
3 1769	349	1901	
3 1779	1778	1769	
3 1772	1770	685	
3 1773	1770	428	
3 1773	429	1770	
3 82	1771	83	
3 1774	1772	685	
3 1775	1772	730	
3 1787	1776	428	
3 1771	429	1773	
3 1778	1774	685	
3 1782	1774	774	
3 1785	1775	730	
3 1787	592	1776	
3 592	84	1776	
3 1777	84	83	
3 1773	1777	1771	
3 84	1777	1776	
3 685	1769	1778	
3 1779	1769	731	
3 1780	1779	731	
3 774	1778	1779	
3 1780	731	1905	
3 1788	1794	1783	
3 1788	1780	806	
3 1782	1783	823	
3 1783	1782	774	
3 1784	1782	823	
3 774	1781	1783	
3 1788	1781	1780	
3 1789	1784	823	
3 1786	1785	1784	
3 730	1784	1785	
3 1786	1784	790	
3 1792	1786	790	
3 1786	1792	1793	
3 1775	638	1787	
3 523	1787	638	
3 1794	1801	1790	
3 1783	1781	1788	
3 1790	1789	823	
3 1791	790	1789	
3 1794	823	1783	
3 1790	823	1794	
3 841	1791	1790	
3 790	1795	1792	
3 1795	790	1791	
3 1792	1795	1797	
3 1799	1793	752	
3 523	1793	427	
3 806	1796	1788	
3 1794	1788	1796	
3 1791	855	1795	
3 1792	1797	752	
3 1800	1796	806	
3 1790	1801	841	
3 1795	855	1797	
3 1803	1798	1797	
3 752	1797	1798	
3 1803	1797	855	
3 1802	752	1798	
3 702	427	1799	
3 2371	1800	806	
3 1800	2371	2364	
3 1800	1801	1796	
3 2491	1059	1009	
3 1804	901	663	
3 1799	1802	702	
3 855	841	1805	
3 1803	1805	2314	
3 1804	663	2204	
3 702	1802	1804	
3 941	902	1805	
3 1803	2314	901	
3 1806	1807	1808	
3 1806	1811	1813	
3 1809	72	1810	
3 1815	1807	1806	
3 1811	1808	433	
3 527	1810	1837	
3 1808	73	1809	
3 527	433	1810	
3 433	1830	1812	
3 1811	350	1813	
3 733	2315	596	
3 350	1811	1812	
3 1813	350	1814	
3 1815	1813	432	
3 1858	1812	1855	
3 595	1814	1856	
3 1816	1815	432	
3 1815	74	1807	
3 1817	1816	432	
3 74	1816	75	
3 432	1814	1818	
3 1819	1817	526	
3 1814	595	1818	
3 1818	595	1829	
3 1819	526	1820	
3 1816	1819	75	
3 1822	526	1829	
3 1820	526	1822	
3 431	1907	1824	
3 1820	76	1821	
3 76	1825	1823	
3 1827	1824	525	
3 1825	76	1820	
3 431	1824	1822	
3 1827	1826	1824	
3 1824	1825	1822	
3 77	1823	1826	
3 1825	1826	1823	
3 1828	1827	525	
3 78	77	1827	
3 1892	1828	525	
3 1886	1828	593	
3 1919	1917	595	
3 1829	431	1822	
3 433	527	1830	
3 1831	1830	527	
3 1832	1831	527	
3 1846	434	1843	
3 527	1834	1832	
3 1834	71	1836	
3 733	596	1833	
3 596	1831	1833	
3 1837	72	1835	
3 1836	71	70	
3 72	1837	1810	
3 71	1834	1835	
3 1838	1836	70	
3 1832	1834	1836	
3 1834	1837	1835	
3 1839	69	1840	
3 1838	435	1841	
3 1842	69	68	
3 1838	70	1839	
3 1840	1842	1844	
3 1843	1841	435	
3 1832	1841	434	
3 436	1842	68	
3 1840	1844	435	
3 435	1844	1845	
3 1843	686	1846	
3 1842	351	1844	
3 1844	351	1845	
3 1847	1845	351	
3 686	1843	1845	
3 1846	686	1848	
3 1833	434	1846	
3 1849	1847	351	
3 1847	732	1850	
3 1847	1850	686	
3 1853	1850	732	
3 1852	351	436	
3 732	1849	528	
3 1850	1853	1851	
3 1848	686	1850	
3 733	1848	1851	
3 1850	1851	1848	
3 436	352	1852	
3 1854	1852	352	
3 2205	1853	732	
3 974	1851	1853	
3 352	320	1854	
3 320	2485	1857	
3 1856	2316	807	
3 1856	1814	1858	
3 1858	1814	350	
3 2316	1856	1855	
3 975	775	1857	
3 2205	1857	775	
3 1812	1858	350	
3 1855	1856	1858	
3 440	1859	52	
3 439	1859	354	
3 48	1719	1861	
3 1860	1861	1862	
3 1860	48	1861	
3 1864	441	1871	
3 1862	441	1864	
3 1865	1863	356	
3 441	1861	1863	
3 355	1868	1867	
3 1862	1866	49	
3 356	1720	1872	
3 533	1877	1873	
3 1867	1866	1864	
3 50	49	1866	
3 355	1867	1864	
3 50	1867	532	
3 1869	1868	355	
3 532	1870	440	
3 1873	1869	355	
3 1874	1869	847	
3 1868	599	1870	
3 440	1875	354	
3 441	1865	1871	
3 533	1871	1865	
3 1876	1872	321	
3 533	1865	1872	
3 355	1871	1873	
3 533	1873	1871	
3 1878	1874	847	
3 924	1880	1879	
3 1870	599	1875	
3 1875	599	1879	
3 1686	1876	321	
3 985	1881	1876	
3 533	1876	1881	
3 847	1882	1878	
3 847	1877	1882	
3 859	1878	2393	
3 1878	1879	1874	
3 859	924	1879	
3 354	1875	1880	
3 1879	1880	1875	
3 2306	1881	985	
3 1882	1881	866	
3 1881	1882	1877	
3 866	2380	2317	
3 1886	1884	79	
3 1883	1884	1885	
3 1883	79	1884	
3 1888	1885	524	
3 1763	80	1885	
3 78	1828	1889	
3 1886	1889	1828	
3 1890	1887	593	
3 524	1884	1887	
3 1893	524	1887	
3 1763	1888	430	
3 1828	1892	593	
3 1886	79	1889	
3 639	1891	1893	
3 1899	1897	1891	
3 1888	1894	430	
3 1892	1907	1902	
3 1890	1895	639	
3 639	1893	1890	
3 1891	524	1893	
3 1891	1896	1894	
3 1894	1896	1898	
3 1892	1902	1895	
3 1908	1903	1895	
3 1897	1896	1891	
3 1898	1896	1765	
3 1899	1891	639	
3 1897	594	1900	
3 1901	1898	1765	
3 1764	430	1898	
3 1903	639	1895	
3 1899	1903	1904	
3 1905	1900	594	
3 1906	1900	1905	
3 1901	1765	1906	
3 1764	1901	349	
3 1907	1892	525	
3 1902	706	1908	
3 1895	1902	1908	
3 1903	1908	1910	
3 1921	1904	660	
3 594	2318	1905	
3 2318	594	1904	
3 1780	1905	909	
3 1769	1906	731	
3 1765	1900	1906	
3 1824	1907	525	
3 1907	431	1913	
3 1909	1908	706	
3 1908	1909	1910	
3 706	1911	1909	
3 2207	1912	910	
3 660	1904	1910	
3 1904	1903	1910	
3 706	1907	1913	
3 1916	1914	1915	
3 1911	1914	1909	
3 757	1914	1911	
3 1917	431	1829	
3 757	1911	1913	
3 757	1917	1919	
3 1909	1914	1912	
3 1916	1918	910	
3 1914	757	1915	
3 1918	1916	1915	
3 910	1912	1916	
3 757	1913	1917	
3 1917	1913	431	
3 1915	807	1918	
3 807	2345	1920	
3 595	1856	1919	
3 807	1919	1856	
3 910	1918	1920	
3 807	1920	1918	
3 2207	660	1912	
3 660	2207	1921	
3 379	1922	108	
3 381	1922	328	
3 1924	1923	118	
3 1925	1923	466	
3 1939	118	117	
3 1926	1924	1938	
3 1929	1933	466	
3 1925	465	546	
3 1927	1926	376	
3 466	1924	1926	
3 1928	1927	376	
3 1927	691	1929	
3 1930	1928	376	
3 1928	741	1931	
3 1932	1929	691	
3 1929	1932	1933	
3 1934	1930	376	
3 1930	692	1935	
3 1936	1931	741	
3 1943	1937	691	
3 1943	691	1931	
3 1932	1937	1944	
3 465	1925	1933	
3 1925	466	1933	
3 1938	1934	376	
3 1934	467	1940	
3 1941	1935	692	
3 1935	1941	1942	
3 1942	1936	741	
3 815	783	1936	
3 783	645	1937	
3 1932	1944	465	
3 1926	1938	376	
3 1939	1938	1924	
3 118	1939	1924	
3 1939	117	1945	
3 1946	1940	467	
3 1940	1946	1947	
3 1947	1941	692	
3 1948	1941	740	
3 1949	1942	782	
3 1936	1942	815	
3 1931	1936	1943	
3 783	1943	1936	
3 1937	645	1944	
3 1944	1987	1984	
3 117	116	1945	
3 1950	1945	116	
3 1945	1950	467	
3 2000	1950	116	
3 1952	1947	377	
3 1941	1947	740	
3 1953	1948	740	
3 1948	1953	1957	
3 1957	782	1948	
3 1949	1959	1963	
3 1951	2000	115	
3 1946	467	1950	
3 1951	115	1977	
3 377	1946	1951	
3 1960	1952	377	
3 1954	1952	674	
3 1954	1953	740	
3 1955	1953	1954	
3 1952	1954	740	
3 1979	1954	674	
3 1956	1955	781	
3 812	1953	1955	
3 781	1979	1961	
3 1956	813	1962	
3 1957	812	1958	
3 782	1957	1959	
3 1962	812	1955	
3 1958	1962	1967	
3 1957	1958	1959	
3 1963	1958	814	
3 1964	377	1951	
3 1960	1964	1965	
3 2004	2008	717	
3 1956	1966	813	
3 1967	1962	813	
3 1958	812	1962	
3 1958	1963	1959	
3 1995	1968	1963	
3 1951	378	1964	
3 1965	1964	378	
3 1969	1965	378	
3 1965	1969	1970	
3 1971	1966	1961	
3 1966	1971	1972	
3 1972	813	1966	
3 1986	1989	1967	
3 1968	837	2001	
3 815	1963	1968	
3 378	1973	1969	
3 114	1978	1973	
3 1974	1970	327	
3 1979	674	1970	
3 2008	1961	717	
3 2013	1985	2009	
3 1972	811	1975	
3 813	1972	1976	
3 1977	1973	378	
3 1978	114	113	
3 2002	327	375	
3 2004	1974	2002	
3 2010	1975	811	
3 1975	2010	2208	
3 1972	1975	1976	
3 1986	1975	836	
3 1951	1977	378	
3 114	1977	115	
3 113	1980	1978	
3 327	1969	1981	
3 717	1979	1974	
3 1954	1979	781	
3 1982	112	1983	
3 1981	375	327	
3 1978	1980	1981	
3 1981	1980	375	
3 112	464	1983	
3 1980	113	1982	
3 464	375	1983	
3 546	1984	608	
3 465	1944	1984	
3 811	1971	1985	
3 1971	2008	2009	
3 836	1988	1989	
3 1967	1976	1986	
3 1987	645	2011	
3 608	1984	1987	
3 2319	1988	836	
3 1991	1993	1988	
3 836	1989	1986	
3 1990	1989	1988	
3 1988	916	1991	
3 1990	814	1992	
3 1997	1996	1998	
3 1990	1993	814	
3 814	1958	1992	
3 1958	1967	1992	
3 1991	1994	1993	
3 837	1995	1994	
3 1994	1991	1996	
3 1995	837	1968	
3 814	1993	1995	
3 1994	1995	1993	
3 1991	916	1996	
3 2320	1996	916	
3 1998	1996	867	
3 837	1997	1999	
3 2012	1998	867	
3 1999	853	2001	
3 1997	1998	1999	
3 2014	1998	2012	
3 1999	2001	837	
3 1950	2000	1951	
3 853	783	2001	
3 2003	2002	375	
3 2002	2003	2004	
3 375	464	2003	
3 2005	464	380	
3 2006	2004	551	
3 717	1974	2004	
3 551	2003	2005	
3 464	2005	2003	
3 2007	551	719	
3 2006	767	2008	
3 802	2007	719	
3 767	2006	2007	
3 2009	2008	767	
3 1961	2008	1971	
3 2009	767	2013	
3 1971	2009	1985	
3 2321	2010	835	
3 915	2208	2010	
3 2016	645	853	
3 864	2210	2050	
3 2012	2404	2333	
3 2012	2016	2014	
3 767	802	2013	
3 2015	2013	802	
3 1998	2014	1999	
3 2016	2012	864	
3 2322	2015	802	
3 2015	2322	2323	
3 2011	2016	864	
3 853	2014	2016	
3 2020	2018	125	
3 2017	2018	2019	
3 2017	125	2018	
3 2021	463	2038	
3 2019	463	2021	
3 125	124	2020	
3 2026	2020	124	
3 373	2027	2025	
3 2019	2023	126	
3 2020	374	2022	
3 2024	2022	374	
3 2025	2023	2021	
3 127	126	2023	
3 374	2029	2033	
3 550	2043	2039	
3 373	2025	2021	
3 127	2025	549	
3 2028	124	123	
3 2029	326	2033	
3 2030	2027	373	
3 549	2031	462	
3 123	2032	2028	
3 2029	2028	2036	
3 374	2026	2029	
3 2028	2029	2026	
3 2039	2030	373	
3 2040	2030	848	
3 2027	610	2031	
3 462	2041	372	
3 2034	122	2035	
3 2036	2032	371	
3 2042	2033	326	
3 550	2024	2033	
3 122	459	2035	
3 2032	123	2034	
3 459	371	2035	
3 371	459	2037	
3 2029	2036	326	
3 2042	2047	983	
3 326	2036	2037	
3 463	2024	2038	
3 550	2038	2024	
3 373	2038	2039	
3 550	2039	2038	
3 2044	2040	848	
3 925	2046	2045	
3 2031	610	2041	
3 2041	610	2045	
3 2037	2042	326	
3 2042	983	2048	
3 550	2033	2048	
3 848	2049	2044	
3 2049	848	2043	
3 2044	2049	2330	
3 2044	2045	2040	
3 861	925	2045	
3 372	2041	2046	
3 2045	2046	2041	
3 2037	547	2047	
3 2050	547	2011	
3 860	2048	983	
3 2043	550	2048	
3 2048	2049	2043	
3 2330	2049	860	
3 983	2047	2050	
3 2050	2047	547	
3 2051	2052	2053	
3 276	2111	2110	
3 505	2054	2055	
3 2052	2054	2053	
3 2059	2156	505	
3 2055	2054	2052	
3 2058	2054	505	
3 2052	277	2056	
3 2056	2100	2055	
3 2102	411	2100	
3 2055	2100	2057	
3 2104	2057	411	
3 2057	2104	2059	
3 2058	2061	2060	
3 2053	2060	278	
3 2105	2059	700	
3 504	2155	2156	
3 2058	2155	2061	
3 2062	278	2060	
3 577	2083	2079	
3 2064	279	2063	
3 2060	2061	2063	
3 2063	2062	2060	
3 2064	2063	2061	
3 2083	2064	2061	
3 2065	2066	2070	
3 2073	2076	2068	
3 577	2066	2064	
3 279	2066	2065	
3 2067	2072	2071	
3 2070	2067	2071	
3 2068	2076	2079	
3 2073	2077	503	
3 2065	2070	280	
3 2071	2075	2069	
3 2066	2067	2070	
3 2067	2073	2072	
3 2069	280	2071	
3 2072	503	2074	
3 2071	2072	2075	
3 2076	2073	2067	
3 2077	2073	2068	
3 2106	503	2081	
3 2109	2098	281	
3 2072	2074	2075	
3 2069	2078	281	
3 2067	577	2076	
3 2079	2076	577	
3 2080	2068	2082	
3 2077	2068	2080	
3 2075	2074	2078	
3 2074	281	2078	
3 577	2064	2083	
3 2080	2082	630	
3 2084	630	2107	
3 410	2106	2081	
3 630	2084	2080	
3 2081	2085	2088	
3 2087	2079	2083	
3 2079	2087	2082	
3 504	2089	2061	
3 2089	2087	2083	
3 2084	578	2090	
3 2077	2085	2081	
3 2080	2084	2085	
3 2088	2085	2084	
3 2086	2089	2099	
3 2107	578	2084	
3 2083	2061	2089	
3 2086	2082	2087	
3 2088	2084	2090	
3 2081	2088	2091	
3 2099	2089	504	
3 2086	2087	2089	
3 2094	578	2092	
3 2093	2091	2088	
3 2093	2088	2090	
3 2095	2108	2150	
3 578	2127	2158	
3 2095	2097	340	
3 2090	2094	2093	
3 2108	2095	340	
3 578	2094	2090	
3 2097	2095	2096	
3 2094	2096	2093	
3 2095	2093	2096	
3 2094	2092	2096	
3 2096	2092	2097	
3 2219	2092	2164	
3 871	2144	2141	
3 2130	282	2098	
3 2109	281	2074	
3 2105	504	2156	
3 2099	2105	2126	
3 2100	2056	2101	
3 411	2057	2100	
3 2056	277	2110	
3 2101	2111	2112	
3 2101	506	2102	
3 2118	2121	506	
3 2103	2121	2123	
3 411	2125	2104	
3 2125	411	2103	
3 2104	2125	2131	
3 2126	2105	700	
3 2099	504	2105	
3 2148	2130	2109	
3 503	2106	2074	
3 2165	2107	2086	
3 2167	2127	578	
3 2108	340	2133	
3 410	2148	2106	
3 2106	2148	2109	
3 2112	2111	276	
3 2110	2111	2056	
3 2056	2111	2101	
3 275	2114	2113	
3 2114	2112	2113	
3 2114	275	2115	
3 2112	276	2113	
3 2116	2114	2117	
3 1744	2120	274	
3 2120	1744	579	
3 2101	2116	506	
3 2112	2114	2116	
3 2115	2117	2114	
3 1754	656	2122	
3 506	2117	2118	
3 579	2118	2117	
3 2115	2119	2120	
3 2115	275	2119	
3 274	2120	2119	
3 2123	2121	656	
3 2121	2103	2124	
3 2118	579	2122	
3 1753	2122	579	
3 656	631	2123	
3 2227	631	2201	
3 411	2124	2103	
3 506	2124	2102	
3 2103	2157	2125	
3 2151	2131	2125	
3 2162	700	2131	
3 2132	655	2165	
3 655	2159	2212	
3 578	2158	2092	
3 2134	2128	2133	
3 2140	2128	2139	
3 2149	2148	410	
3 2108	2133	2135	
3 2109	2130	2098	
3 2129	282	2130	
3 2125	2157	2151	
3 2162	2126	700	
3 2126	2162	2161	
3 2132	2161	2159	
3 2134	2133	340	
3 2135	2133	2128	
3 340	2097	2218	
3 2137	2145	2144	
3 2135	2138	2136	
3 2135	2129	2149	
3 2138	283	2136	
3 282	2135	2136	
3 2139	2128	2134	
3 2144	2140	2139	
3 2140	2138	2128	
3 2141	2139	2134	
3 2137	2144	2152	
3 2145	283	2140	
3 2134	2142	2141	
3 2141	2142	2143	
3 2142	2134	340	
3 2146	2143	2142	
3 2142	2166	2146	
3 2147	2143	2146	
3 2141	2144	2139	
3 2144	871	2152	
3 872	2213	2214	
3 2144	2145	2140	
3 2213	2147	2214	
3 2217	2213	872	
3 871	2143	2147	
3 410	2150	2149	
3 2130	2148	2129	
3 2135	2149	2108	
3 2129	2148	2149	
3 410	2091	2150	
3 2095	2150	2091	
3 2153	2151	667	
3 2154	2151	2153	
3 871	2147	2152	
3 2147	2213	2160	
3 667	2227	2226	
3 2247	2211	2226	
3 2154	972	2161	
3 2131	2151	2154	
3 2156	2155	2058	
3 504	2061	2155	
3 505	2156	2058	
3 2156	2059	2105	
3 2123	2157	2103	
3 2151	2157	667	
3 2127	2163	2158	
3 2164	2092	2158	
3 2234	972	2211	
3 655	2212	2127	
3 284	2152	2160	
3 284	2160	2215	
3 2159	2161	972	
3 2126	2161	2132	
3 2131	2154	2162	
3 2161	2162	2154	
3 2163	2127	2212	
3 2220	2164	2221	
3 2221	2163	927	
3 2220	2166	2219	
3 655	2127	2167	
3 2086	2099	2165	
3 2142	2218	2166	
3 2218	2219	2166	
3 2107	2165	2167	
3 655	2167	2165	
3 510	2168	265	
3 2176	2178	581	
3 523	2169	86	
3 522	2169	427	
3 2173	2171	267	
3 2170	2171	2172	
3 2170	267	2171	
3 1726	268	2172	
3 2170	2172	268	
3 266	2176	2175	
3 2173	2175	2176	
3 2177	2174	581	
3 509	2171	2174	
3 266	2168	2176	
3 2173	267	2175	
3 2178	2176	2168	
3 581	2178	2181	
3 2177	632	2180	
3 2168	415	2178	
3 415	2179	2181	
3 2184	2179	415	
3 2179	2184	2185	
3 2182	632	582	
3 2183	509	2180	
3 415	2181	2178	
3 2179	2177	2181	
3 582	1728	2182	
3 2183	1728	414	
3 1728	2183	2182	
3 1726	2183	414	
3 415	583	2184	
3 2236	2222	2184	
3 2186	2185	657	
3 582	632	2185	
3 2223	2186	657	
3 2186	928	2202	
3 1611	2187	831	
3 762	2187	1592	
3 1710	2188	530	
3 1876	2188	985	
3 1626	2189	870	
3 1697	2193	2192	
3 2191	2196	2195	
3 2192	2190	2191	
3 2196	2191	26	
3 1697	2189	2193	
3 1607	2190	2192	
3 2189	1618	2193	
3 1607	2193	1618	
3 2444	2389	2390	
3 999	2195	2196	
3 870	1697	2195	
3 26	2194	2196	
3 2196	2194	2224	
3 1635	2197	1699	
3 2197	1702	2462	
3 921	2198	1700	
3 846	1707	2198	
3 2200	2199	850	
3 2199	2200	2201	
3 2228	850	2203	
3 850	2228	2200	
3 2201	922	2226	
3 2227	667	2157	
3 2202	582	2186	
3 874	1752	2202	
3 874	2291	2248	
3 986	2225	2228	
3 614	2204	663	
3 647	521	2204	
3 528	2205	732	
3 2205	775	2229	
3 2230	2206	924	
3 2206	598	439	
3 2231	910	1920	
3 1921	2232	909	
3 2332	2208	915	
3 2346	2319	836	
3 2233	2209	925	
3 2209	609	461	
3 2333	2210	864	
3 983	2210	860	
3 2253	2234	2211	
3 972	2153	2211	
3 2159	973	2212	
3 2212	973	2334	
3 2214	2147	2146	
3 2160	2217	2215	
3 873	2235	2146	
3 2214	2146	2235	
3 2217	285	2215	
3 872	2216	2217	
3 872	2255	2375	
3 2365	285	2367	
3 340	2218	2142	
3 2366	2217	2216	
3 2219	2218	2097	
3 2092	2219	2097	
3 2219	2164	2220	
3 2164	2163	2221	
3 873	2166	2220	
3 2357	2221	927	
3 2547	2254	873	
3 2245	2222	944	
3 657	2184	2222	
3 2245	657	2222	
3 2223	958	2246	
3 2194	25	2224	
3 2494	2533	25	
3 2497	2518	2415	
3 2247	1015	2211	
3 2226	922	2247	
3 2211	2153	2226	
3 631	2227	2123	
3 2226	2227	2201	
3 2228	2203	2248	
3 2225	2200	2228	
3 2369	2229	775	
3 2229	2369	2370	
3 924	859	2249	
3 2230	953	2250	
3 987	2231	1920	
3 2232	2231	948	
3 2231	2232	2207	
3 2364	2371	948	
3 925	861	2251	
3 2233	955	2252	
3 2253	2211	1015	
3 973	2159	2234	
3 2221	2547	873	
3 2214	2255	872	
3 2237	2236	583	
3 2236	2237	2238	
3 583	2239	2237	
3 2237	2239	2240	
3 2241	905	760	
3 2238	2241	2243	
3 416	2239	583	
3 2240	2239	342	
3 342	2242	2240	
3 2240	2242	2244	
3 760	797	2372	
3 2238	2243	944	
3 417	2242	342	
3 710	2244	584	
3 2241	943	2243	
3 2245	2256	958	
3 760	905	2244	
3 2240	2244	905	
3 2256	944	2243	
3 2223	2245	958	
3 2257	2246	958	
3 2258	2246	994	
3 922	2225	2247	
3 2373	2247	2225	
3 874	2248	2203	
3 986	2248	993	
3 1044	2249	859	
3 969	2261	2266	
3 2259	2250	953	
3 2250	2259	2260	
3 2399	2400	2401	
3 970	2276	2281	
3 2274	2252	955	
3 2252	2274	2275	
3 2374	2253	1015	
3 2253	2374	2348	
3 1027	2434	2436	
3 2434	2433	2255	
3 2434	2235	2254	
3 2375	1001	2216	
3 2243	943	2256	
3 943	2338	2289	
3 2289	2257	958	
3 2290	2257	995	
3 994	993	2258	
3 2291	874	2202	
3 2261	2259	953	
3 2259	2261	2262	
3 2263	2260	659	
3 598	2260	438	
3 2264	2261	953	
3 2261	2264	2266	
3 2265	2262	969	
3 2262	2265	2267	
3 2263	659	2269	
3 438	2263	637	
3 953	2249	2264	
3 2249	952	2264	
3 2292	969	2268	
3 969	2292	2265	
3 2264	952	2266	
3 2295	2268	2266	
3 2265	932	2267	
3 2267	2270	2269	
3 969	2266	2268	
3 2295	2266	952	
3 2269	591	637	
3 659	2267	2269	
3 2270	932	2271	
3 591	2269	2270	
3 932	2272	2271	
3 2273	729	2271	
3 2294	2265	2292	
3 2405	2336	886	
3 885	2273	2272	
3 884	729	2273	
3 2276	2274	955	
3 2274	2276	2277	
3 2278	2275	661	
3 609	2275	460	
3 2279	2276	955	
3 2276	2279	2281	
3 2280	2277	970	
3 2277	2280	2282	
3 2278	661	2284	
3 460	2278	642	
3 955	2251	2279	
3 2251	954	2279	
3 2296	970	2283	
3 970	2296	2280	
3 2279	954	2281	
3 2299	2283	2281	
3 2280	934	2282	
3 2282	2285	2284	
3 970	2281	2283	
3 2299	2281	954	
3 2284	602	642	
3 661	2282	2284	
3 2285	934	2286	
3 602	2284	2285	
3 934	2287	2286	
3 2288	735	2286	
3 2298	2280	2296	
3 641	2337	889	
3 888	2288	2287	
3 887	735	2288	
3 958	2256	2289	
3 943	2289	2256	
3 2338	2350	995	
3 2290	2339	2340	
3 2258	993	2291	
3 2248	2291	993	
3 2293	2292	963	
3 2272	932	2294	
3 2341	2293	963	
3 2293	2341	2351	
3 2292	2293	2294	
3 2294	2293	885	
3 2453	952	2249	
3 2295	2300	2492	
3 2297	2296	964	
3 2287	934	2298	
3 2342	2297	964	
3 2297	2342	2352	
3 2296	2297	2298	
3 2298	2297	888	
3 2301	2299	954	
3 2299	2301	2493	
3 1045	1032	2300	
3 1032	2341	2492	
3 2401	2251	861	
3 1068	1033	2301	
3 1039	2376	2302	
3 2376	2378	2302	
3 2378	1636	2302	
3 2378	2379	2303	
3 2386	923	2312	
3 1881	2306	866	
3 2380	2305	1031	
3 2306	2305	866	
3 985	2304	2306	
3 2305	2306	2304	
3 870	2195	2388	
3 2388	2195	2389	
3 2391	2308	1025	
3 2308	2391	2392	
3 830	2309	1709	
3 2343	2309	1712	
3 640	2310	1683	
3 2311	2310	1713	
3 1713	1709	2312	
3 1710	2311	923	
3 2312	858	2313	
3 923	2311	2312	
3 2309	2343	858	
3 1031	2384	2382	
3 1805	902	2314	
3 2314	902	2543	
3 733	1851	2315	
3 2344	1851	974	
3 1855	776	2316	
3 2418	2345	2316	
3 2393	2317	1042	
3 1878	1882	2317	
3 1921	2318	1904	
3 909	1905	2318	
3 2346	836	2208	
3 916	2319	2457	
3 2354	2424	2457	
3 2468	2404	2454	
3 2326	835	2015	
3 2321	1020	2396	
3 802	766	2322	
3 766	718	2324	
3 980	2397	832	
3 2326	1020	2321	
3 832	2322	2324	
3 766	2324	2322	
3 1020	2327	2328	
3 2323	2327	2326	
3 2015	2323	2326	
3 2323	2325	2327	
3 2328	2327	2325	
3 1020	2326	2327	
3 2325	991	2328	
3 2329	991	1036	
3 1036	1064	2329	
3 2396	2329	1064	
3 860	2210	2347	
3 2044	2399	861	
3 2442	2462	1702	
3 2331	1004	2403	
3 2396	2332	915	
3 1064	1002	2332	
3 2012	2333	864	
3 2496	2347	997	
3 2348	2334	973	
3 2163	2334	927	
3 999	2224	2335	
3 25	2335	2224	
3 2273	885	2336	
3 2422	885	2351	
3 2288	888	2337	
3 2423	888	2352	
3 2349	2338	943	
3 2338	2349	2350	
3 2548	2339	1093	
3 2340	2339	996	
3 2340	996	2415	
3 993	994	2340	
3 963	2295	2492	
3 1051	1011	2341	
3 2493	964	2299	
3 2342	2493	2549	
3 2403	1712	846	
3 2387	1005	2384	
3 2353	2344	974	
3 776	2315	2344	
3 2418	2316	776	
3 2345	2420	2421	
3 2208	2332	2346	
3 2354	2332	1002	
3 997	2347	2333	
3 2330	860	2347	
3 2253	2348	973	
3 2356	2355	2348	
3 2432	943	2372	
3 2460	2473	2432	
3 2350	1022	2527	
3 2339	995	2350	
3 2351	2455	2422	
3 2336	2422	886	
3 2352	2456	2423	
3 2337	2423	889	
3 2370	974	2229	
3 2420	2418	2419	
3 2354	1002	2424	
3 2319	2346	2354	
3 2356	2348	1035	
3 2357	1067	2547	
3 2425	2356	1035	
3 2356	2425	2357	
3 927	2355	2357	
3 2356	2357	2355	
3 589	424	2358	
3 2359	424	684	
3 424	2359	2358	
3 684	884	2359	
3 612	471	2360	
3 2361	471	693	
3 471	2361	2360	
3 693	890	2361	
3 2392	1581	1627	
3 1000	1024	2362	
3 2426	2363	1024	
3 2302	2363	1039	
3 2364	948	2427	
3 1059	2364	2428	
3 2366	2216	2367	
3 2365	2367	2368	
3 285	2217	2366	
3 2216	1001	2367	
3 2367	1001	2368	
3 2429	2368	1001	
3 1026	2501	2429	
3 2409	2411	933	
3 2410	2411	2409	
3 2551	2525	2552	
3 2353	974	2370	
3 909	2371	806	
3 948	2371	2232	
3 2432	2372	851	
3 943	2241	2372	
3 2518	2225	986	
3 2374	2373	2727	
3 2373	2374	1015	
3 2728	2374	2727	
3 2255	2433	2375	
3 2375	2433	2437	
3 2377	2376	1039	
3 2378	2376	1030	
3 1039	2426	2459	
3 2557	2495	1030	
3 2379	2378	1030	
3 2378	2303	1636	
3 2495	2379	1030	
3 2442	1702	2303	
3 2381	2380	1031	
3 2317	2380	1042	
3 1031	2382	2381	
3 2385	2382	1005	
3 1031	2386	2384	
3 2385	2383	2382	
3 1042	2381	2383	
3 2382	2383	2381	
3 2387	2384	2313	
3 1005	2382	2384	
3 2385	1005	2443	
3 1040	2466	2452	
3 1031	2305	2386	
3 923	2386	2305	
3 2417	2343	2403	
3 2576	1004	2570	
3 2389	2195	999	
3 2307	870	2388	
3 2389	999	2390	
3 2307	2388	2389	
3 2448	999	2335	
3 1025	2444	2445	
3 2447	1025	2445	
3 2391	2447	2463	
3 1000	2362	2392	
3 1581	2392	2362	
3 2394	1042	2383	
3 859	2393	1044	
3 2383	1040	2394	
3 2395	2394	1040	
3 2452	2395	1040	
3 2453	1045	2300	
3 2329	2396	1020	
3 2332	2396	1064	
3 2398	2397	980	
3 991	2325	2397	
3 803	2398	980	
3 960	991	2398	
3 2330	2400	2399	
3 861	2399	2401	
3 2330	2347	2496	
3 1068	2301	2401	
3 2401	2400	1068	
3 954	2251	2401	
3 2550	2402	1118	
3 1004	2331	2402	
3 2417	2387	2416	
3 2343	1712	2403	
3 2454	867	2320	
3 997	2333	2404	
3 2406	2405	886	
3 884	2405	636	
3 2409	886	2407	
3 2406	933	2408	
3 2455	2469	2422	
3 775	2412	2414	
3 933	2412	2413	
3 519	636	2408	
3 886	2409	2406	
3 2409	2407	2410	
3 2407	1016	2410	
3 2551	2410	1016	
3 2414	2410	2369	
3 2412	975	2413	
3 2414	2412	2411	
3 775	975	2412	
3 2485	2413	975	
3 519	2408	2413	
3 2410	2414	2411	
3 775	2414	2369	
3 2497	2415	996	
3 2518	986	2415	
3 2417	2416	2343	
3 2387	2313	2416	
3 2403	1004	2417	
3 2576	2417	1004	
3 776	2419	2418	
3 2353	2420	2419	
3 2344	2419	776	
3 2420	2353	1054	
3 2420	1054	2421	
3 2345	2418	2420	
3 2498	2421	1054	
3 2421	2498	2499	
3 885	2422	2336	
3 1011	2455	2351	
3 888	2423	2337	
3 2352	1012	2456	
3 2553	1002	1099	
3 2424	1028	2467	
3 2598	2560	2425	
3 2522	2461	2503	
3 2458	1024	1000	
3 1039	2459	2377	
3 2231	2546	948	
3 2499	987	2421	
3 2364	2427	2428	
3 2427	1081	2428	
3 2375	2437	1001	
3 1027	2437	2433	
3 2500	287	2430	
3 2368	2501	286	
3 2541	2498	2535	
3 2353	2502	1054	
3 2460	2432	851	
3 943	2432	2349	
3 2255	2235	2434	
3 1027	2435	2437	
3 2436	2434	2254	
3 1027	2433	2434	
3 1027	2461	2554	
3 2435	2439	2438	
3 2547	2436	2254	
3 2503	2461	2436	
3 2438	2437	2435	
3 1001	2437	2429	
3 2554	2435	1027	
3 2429	2438	2440	
3 1145	2588	1125	
3 2429	2440	1026	
3 2438	2439	2440	
3 2441	2440	2439	
3 1125	2441	2439	
3 1026	2519	2500	
3 2379	1118	2442	
3 2462	1118	2402	
3 1005	2387	2443	
3 2417	2443	2387	
3 2389	2444	2307	
3 2445	2444	2390	
3 2390	2446	2445	
3 2447	2445	2449	
3 2390	999	2448	
3 2450	2447	2449	
3 2449	2445	2446	
3 2447	1078	2463	
3 2451	2335	1023	
3 1066	2446	2448	
3 2446	1066	2449	
3 2449	1066	2450	
3 2451	2465	2474	
3 1066	2474	2450	
3 2465	2451	1023	
3 2474	1066	2451	
3 1040	2385	2466	
3 1047	1045	2452	
3 952	2453	2300	
3 1044	2395	2453	
3 2320	2467	2454	
3 2404	2468	997	
3 1011	1080	2455	
3 1016	2407	2476	
3 2526	1017	2477	
3 2423	2470	889	
3 2354	2457	2319	
3 2457	2424	2467	
3 1000	2391	2463	
3 2471	2458	1041	
3 2426	2471	2459	
3 2459	2471	2506	
3 2472	2460	851	
3 2460	1038	2473	
3 2640	2554	1101	
3 1027	2436	2461	
3 1118	2462	2442	
3 2402	921	2462	
3 2463	1078	2504	
3 2458	1000	2463	
3 2608	1077	2606	
3 1078	2590	2504	
3 24	2564	2516	
3 2585	2465	1094	
3 2505	2385	2443	
3 1046	2452	2466	
3 2467	2320	2457	
3 2467	1028	2475	
3 2475	2454	2467	
3 2454	2475	2468	
3 2469	2455	2476	
3 2407	886	2469	
3 2477	2470	2456	
3 889	2478	935	
3 2458	2471	2426	
3 2506	2471	1041	
3 2479	2472	851	
3 2472	959	2480	
3 2481	2473	1038	
3 2349	2473	1022	
3 1077	2474	2465	
3 2450	2474	2464	
3 2475	2555	2482	
3 2468	2482	997	
3 2455	1080	2476	
3 2507	2476	1080	
3 2508	2477	2456	
3 2477	2508	2526	
3 2477	2478	2470	
3 2509	1017	1062	
3 797	2479	851	
3 959	2479	796	
3 2483	2480	959	
3 2480	2483	2484	
3 2484	1038	2480	
3 2481	2528	2510	
3 2555	2475	1028	
3 2587	2589	2482	
3 2511	959	945	
3 2483	2511	2512	
3 2484	1070	2513	
3 2481	1038	2484	
3 1857	2485	975	
3 347	2485	320	
3 473	2486	387	
3 614	742	2486	
3 2487	891	2488	
3 742	936	2487	
3 2489	2488	891	
3 890	2490	646	
3 2514	2489	891	
3 2515	2489	1057	
3 2488	892	2490	
3 929	2490	892	
3 2491	1009	2556	
3 841	1801	2491	
3 1032	2492	2300	
3 2341	963	2492	
3 1033	2493	2301	
3 2342	964	2493	
3 1030	2377	2557	
3 2516	1023	2533	
3 2558	2517	2495	
3 2482	2496	997	
3 1068	2400	2496	
3 2548	2497	996	
3 1110	1092	2497	
3 2521	1054	2502	
3 2521	2535	2498	
3 2499	1103	2637	
3 2546	2499	2427	
3 2519	1026	2441	
3 2519	1095	2534	
3 2500	2501	1026	
3 2370	2502	2353	
3 2521	2502	2431	
3 2425	2559	1067	
3 2461	2522	1101	
3 2590	1078	2464	
3 2504	2590	2591	
3 2443	1130	2505	
3 1130	2732	2730	
3 2536	1041	2523	
3 2377	2506	1043	
3 1080	1071	2524	
3 2525	2507	2524	
3 2456	1012	2508	
3 1012	2549	2592	
3 1017	2509	2478	
3 2636	2509	1062	
3 1022	2481	2510	
3 2528	2481	1079	
3 2529	945	882	
3 2512	2511	966	
3 2531	2512	966	
3 2512	2531	2539	
3 1070	2512	2539	
3 2644	2539	1102	
3 891	936	2544	
3 1007	1057	2514	
3 1057	1052	2515	
3 877	2515	1052	
3 24	2532	2564	
3 2533	1023	2335	
3 2558	2495	1098	
3 2550	2517	1119	
3 1092	2518	2497	
3 2225	2518	2373	
3 2441	1095	2519	
3 2566	2520	2534	
3 2566	2534	1095	
3 2534	2500	2519	
3 2535	2521	2431	
3 1054	2521	2498	
3 2503	2559	2522	
3 2425	2561	2559	
3 2591	1041	2504	
3 2506	2536	1043	
3 1083	2817	2595	
3 2525	2524	1074	
3 2525	1074	2535	
3 1016	2507	2525	
3 2508	1137	2526	
3 2526	2599	2563	
3 2537	2527	1109	
3 2527	1093	2350	
3 2538	2528	1079	
3 1109	2510	2528	
3 2530	882	883	
3 966	2511	2529	
3 883	2594	2530	
3 2594	2610	2530	
3 2610	966	2530	
3 2531	2610	2617	
3 23	2573	2532	
3 2540	1094	2465	
3 25	2533	2335	
3 2494	2516	2533	
3 1124	2602	2565	
3 2534	287	2500	
3 2535	2431	2552	
3 2535	1074	2541	
3 1106	2567	2523	
3 2536	2523	2567	
3 2569	1109	2542	
3 2580	2569	2574	
3 2538	1079	2593	
3 2528	2542	1109	
3 2531	1102	2539	
3 2644	2593	2513	
3 2564	2540	2516	
3 2465	1023	2540	
3 2595	2541	1074	
3 2541	2595	2639	
3 1117	2568	2538	
3 2542	2538	2568	
3 936	663	2543	
3 2314	2543	663	
3 2545	2544	902	
3 2514	891	2544	
3 941	2545	902	
3 1007	2514	2545	
3 2499	2546	987	
3 2427	948	2546	
3 2357	2547	2221	
3 2436	2547	1067	
3 2537	2548	1093	
3 2497	2548	1110	
3 2596	2549	1033	
3 2549	2596	2592	
3 2517	2550	1118	
3 2570	2550	1119	
3 2525	2551	1016	
3 2369	2551	1061	
3 2535	2552	2525	
3 2431	1061	2552	
3 2731	2553	1099	
3 2577	2581	2553	
3 1101	2554	2461	
3 1125	2439	2554	
3 2553	2581	2571	
3 2581	2584	2555	
3 1009	1089	2556	
3 1007	2556	1089	
3 2377	1043	2557	
3 2572	2557	1043	
3 2597	2558	1098	
3 1119	2517	2558	
3 1067	2559	2503	
3 2598	2425	1035	
3 2675	2641	2666	
3 2559	2561	2522	
3 2562	2561	2560	
3 1101	2522	2561	
3 2641	2562	2560	
3 1101	2663	2640	
3 2600	2563	1075	
3 1062	1017	2563	
3 2564	2532	2573	
3 2565	1095	2588	
3 2613	2602	1124	
3 288	2520	2566	
3 2567	2604	2582	
3 2572	1098	2495	
3 2568	1117	2574	
3 1109	2569	2537	
3 2542	2568	2569	
3 2569	2568	2574	
3 2575	2570	1119	
3 2576	1130	2443	
3 1002	2571	2424	
3 2731	2577	2553	
3 2578	1043	2536	
3 2572	2578	2582	
3 23	2579	2603	
3 2564	2573	1094	
3 1117	2674	2685	
3 2574	2761	2733	
3 2597	2575	1119	
3 2732	2575	1133	
3 2576	2570	2575	
3 2443	2417	2576	
3 2577	2586	2584	
3 2571	2581	1028	
3 2536	2567	2578	
3 2582	2578	2567	
3 2614	2579	22	
3 2573	2583	1094	
3 2733	2580	2574	
3 2697	2580	1129	
3 2584	2581	2577	
3 2555	1028	2581	
3 2604	2567	1106	
3 2572	2605	1098	
3 2573	2603	2583	
3 2583	1123	2585	
3 2586	2577	1200	
3 2555	2587	2482	
3 1123	2624	2627	
3 1123	2627	2585	
3 2607	2586	1200	
3 2587	2586	1120	
3 2586	2587	2584	
3 2589	1068	2496	
3 1095	2441	2588	
3 1125	2588	2441	
3 2587	1120	2589	
3 1068	2642	1033	
3 2608	2590	2464	
3 2591	2590	1142	
3 2609	2591	1142	
3 2523	1041	2591	
3 1137	2508	2592	
3 1012	2592	2508	
3 2593	1167	2638	
3 1079	2513	2593	
3 900	2594	883	
3 2610	2594	1014	
3 1074	2524	2595	
3 1083	2595	2524	
3 2642	2596	1033	
3 2645	2596	1120	
3 2615	1098	2605	
3 2575	2597	1133	
3 2729	2374	2728	
3 2729	2665	2598	
3 2611	2599	1137	
3 1075	2563	2599	
3 2646	2600	1075	
3 1055	2630	2632	
3 2612	2601	1145	
3 1124	2565	2601	
3 2613	289	2602	
3 288	2565	2602	
3 2603	2579	2614	
3 1106	2609	2650	
3 2582	2734	2605	
3 2734	2582	2604	
3 2597	2615	1133	
3 2853	1154	2616	
3 2608	1142	2590	
3 1200	2760	2783	
3 2607	2796	2645	
3 1077	2608	2464	
3 2616	1142	2853	
3 2650	1142	2616	
3 1106	2523	2609	
3 2610	1014	2617	
3 2610	2531	966	
3 2611	1137	2643	
3 2648	2647	2611	
3 2618	2612	1145	
3 2612	1155	2619	
3 2654	1124	2619	
3 2620	2613	2654	
3 2657	2614	22	
3 2736	2605	2734	
3 2615	2736	2762	
3 2853	1142	2608	
3 2650	2616	2651	
3 1014	940	2737	
3 2677	1173	2667	
3 2664	1145	1125	
3 2612	2622	1155	
3 2623	2619	1155	
3 2655	2653	2620	
3 2655	2620	1144	
3 2613	2620	289	
3 2669	2621	21	
3 2614	2624	1123	
3 1161	2625	2618	
3 2622	2618	2625	
3 2626	2623	1155	
3 2623	2626	2628	
3 2614	2657	2624	
3 2689	2696	1143	
3 1161	2693	2859	
3 1160	2799	2628	
3 2629	1155	2622	
3 2626	2629	2658	
3 1143	2627	2624	
3 1172	2606	2627	
3 1160	2628	2626	
3 2655	2656	290	
3 2622	2625	2629	
3 2658	2629	2625	
3 780	976	2630	
3 2632	2630	976	
3 1055	988	2631	
3 988	810	2631	
3 2632	976	2636	
3 1055	2632	2600	
3 949	912	2634	
3 1073	1082	2633	
3 2635	2634	988	
3 1073	2633	2634	
3 1055	2635	988	
3 2635	1104	2659	
3 2509	2636	779	
3 2632	2636	1062	
3 2660	2637	1103	
3 2661	2637	1140	
3 1167	2678	2662	
3 1117	2538	2638	
3 1166	2829	2672	
3 2637	2660	1140	
3 1101	2562	2663	
3 2664	2618	1145	
3 2665	2560	2598	
3 2641	1208	2666	
3 2589	1120	2642	
3 2596	2642	1120	
3 2738	1150	2645	
3 2643	1171	2611	
3 2667	2644	1102	
3 1167	2593	2644	
3 2607	2645	1120	
3 2643	2738	1171	
3 2647	1075	2599	
3 2646	1104	2635	
3 2611	1153	2648	
3 1075	2647	2649	
3 3022	2690	1153	
3 2649	1104	2646	
3 2647	2648	2649	
3 2680	2670	1104	
3 2651	2616	1154	
3 2650	2651	2652	
3 2651	2855	2668	
3 2668	2735	2652	
3 2652	2651	2668	
3 2604	1106	2652	
3 1144	2656	2655	
3 2613	1124	2654	
3 1144	2620	2654	
3 1144	2628	2656	
3 290	2653	2655	
3 2628	1169	2656	
3 1169	2764	2656	
3 2657	2621	2669	
3 2658	2625	2859	
3 2811	3016	1244	
3 2670	2659	1104	
3 2659	2670	2671	
3 1103	2639	2660	
3 2672	2660	2639	
3 2673	2661	1140	
3 1084	1072	2661	
3 1179	2684	1180	
3 2638	2674	1117	
3 2562	2675	2663	
3 2663	2675	2686	
3 2663	2664	2640	
3 1161	2618	2664	
3 1035	2374	2729	
3 2665	2676	2687	
3 2695	2666	1208	
3 2854	2666	1226	
3 2677	1102	2617	
3 2667	1173	2678	
3 2855	2651	1154	
3 1184	2735	2861	
3 21	2679	2740	
3 2740	2669	21	
3 2680	1104	2649	
3 2670	2680	2690	
3 2681	2671	1141	
3 1085	1073	2671	
3 1166	2672	2639	
3 2682	2672	1222	
3 1140	2672	2682	
3 1084	2683	1088	
3 2684	2662	1180	
3 2662	2684	2674	
3 2675	2562	2641	
3 2686	2675	1219	
3 2694	2676	2697	
3 2665	2687	1208	
3 2617	1139	2677	
3 2677	1139	2743	
3 2688	2678	1173	
3 2662	2678	1180	
3 20	2765	2679	
3 2740	1168	2689	
3 2649	2648	2680	
3 2680	2648	2690	
3 1141	2690	2691	
3 2681	2691	2692	
3 2856	2682	1222	
3 2683	2682	1157	
3 2682	2683	2673	
3 1157	2894	2857	
3 1179	2767	2789	
3 2685	2574	1117	
3 1179	2741	2684	
3 2761	2785	2733	
3 2693	2686	1219	
3 2664	2686	1161	
3 2676	2694	2687	
3 2694	2698	2687	
3 2742	2688	1173	
3 2745	2688	1181	
3 2669	2740	2689	
3 2748	2696	2689	
3 1153	2690	2648	
3 2691	2690	1210	
3 2955	2691	1210	
3 2692	2691	1159	
3 2858	2692	1159	
3 1090	1085	2692	
3 2854	1219	2666	
3 1161	2859	2625	
3 2676	2728	2697	
3 1226	2666	2695	
3 2699	2698	1129	
3 2698	2699	2695	
3 2749	2696	1189	
3 2627	1143	2696	
3 1110	2697	1092	
3 1129	2694	2697	
3 1129	2698	2694	
3 1208	2698	2695	
3 1129	2580	2733	
3 2699	2785	2873	
3 2700	1003	2701	
3 917	1065	2700	
3 2702	2701	1003	
3 918	839	2701	
3 2703	2702	1003	
3 868	2702	1029	
3 1003	2704	2703	
3 2913	2707	2910	
3 1065	2704	1003	
3 2703	2707	2705	
3 2750	2705	1204	
3 1029	2703	2705	
3 1065	2708	2706	
3 2708	1037	2710	
3 2704	1100	2707	
3 2907	2908	2712	
3 2709	1065	1021	
3 1037	1097	2710	
3 992	2709	1021	
3 1037	2708	2709	
3 1114	2919	2710	
3 2706	2708	2710	
3 2911	2712	2914	
3 1205	2906	2907	
3 2914	2918	2711	
3 2919	2752	2914	
3 2714	2713	1056	
3 2715	2713	1105	
3 2716	2714	1056	
3 2714	1076	2719	
3 1105	2722	2754	
3 2715	1019	950	
3 978	2716	1056	
3 2716	1063	2717	
3 1063	1018	2717	
3 2718	1138	2720	
3 2717	1018	2718	
3 2721	2718	1018	
3 2720	2719	1076	
3 2757	2776	2720	
3 1138	2725	2756	
3 2720	2776	2719	
3 895	2721	1018	
3 2721	1013	2723	
3 2722	2776	2777	
3 2754	1126	1019	
3 2724	1013	1034	
3 2725	2723	1151	
3 2726	2724	1034	
3 1151	2723	2724	
3 2755	2725	1151	
3 1138	2756	2720	
3 1069	2726	1034	
3 2900	1121	2750	
3 2518	2727	2373	
3 2728	2727	1092	
3 2697	2728	1092	
3 2728	2676	2729	
3 2665	2729	2676	
3 1035	2729	2598	
3 1046	2505	2730	
3 1130	2730	2505	
3 2759	2731	1099	
3 2731	2759	2760	
3 2860	2732	1133	
3 2730	2732	1134	
3 2761	2574	2685	
3 2699	1129	2733	
3 2604	2652	2735	
3 2605	2736	2615	
3 2861	2735	2668	
3 2736	2735	1184	
3 2735	2736	2734	
3 2736	1184	2762	
3 2763	2737	1006	
3 1139	2617	2737	
3 2645	1175	2738	
3 2958	2738	1175	
3 2740	2679	2765	
3 2739	2656	2764	
3 2761	2784	2785	
3 2684	2741	2784	
3 1173	2743	2742	
3 1176	2862	2744	
3 2677	2743	1173	
3 2766	1139	2763	
3 2742	2743	2744	
3 2766	2743	1139	
3 2746	2745	1181	
3 2745	2746	2747	
3 1181	2744	2862	
3 2746	2864	2801	
3 2767	2747	1183	
3 1179	1180	2747	
3 2768	2748	1168	
3 2748	2768	2790	
3 2769	2749	1189	
3 2627	2749	1172	
3 2898	1204	2899	
3 2750	1121	2866	
3 2751	2906	2905	
3 2707	2913	2705	
3 1114	2833	2835	
3 2911	2915	2753	
3 2907	2909	1205	
3 2753	2909	2911	
3 1105	2754	2715	
3 2794	2754	2722	
3 2771	1151	2726	
3 2755	2771	2772	
3 2725	1170	2756	
3 2773	2757	2756	
3 2776	2757	1152	
3 2720	2756	2757	
3 2778	2758	1134	
3 2779	2758	2778	
3 1099	2780	2759	
3 1148	2870	2781	
3 2782	2760	1201	
3 1200	2783	2607	
3 2685	2784	2761	
3 2733	2785	2699	
3 2762	2987	2971	
3 2860	1133	2971	
3 990	1126	2763	
3 2766	2744	2743	
3 2786	2764	1169	
3 291	2764	2821	
3 2800	1187	2791	
3 2800	2768	1168	
3 2763	1126	2766	
3 2766	1126	3017	
3 2788	2767	1183	
3 2789	2767	1193	
3 20	2874	2765	
3 2768	2800	2791	
3 1189	2748	2790	
3 2769	2813	2878	
3 1149	2849	2851	
3 2868	2925	1207	
3 1121	2771	2726	
3 2772	2771	1174	
3 2772	2807	2792	
3 2775	2773	2774	
3 2772	2774	1170	
3 2773	1170	2774	
3 2772	2792	2774	
3 2773	2775	1152	
3 2792	2775	2774	
3 2775	2808	2793	
3 2777	2776	1152	
3 2719	2776	2722	
3 2793	1152	2775	
3 2777	2809	2794	
3 2896	2778	1134	
3 2816	2778	2973	
3 2779	1122	2795	
3 1048	2758	2779	
3 2869	2780	1099	
3 2780	2871	2781	
3 2759	2780	2781	
3 2871	2780	1113	
3 2870	2782	1201	
3 2782	2870	2872	
3 2782	2783	2760	
3 2796	2783	1203	
3 2684	2784	2685	
3 2797	2741	1199	
3 2797	2784	2741	
3 2784	2797	2785	
3 2799	1169	2628	
3 2786	1169	2799	
3 2940	1187	2874	
3 20	2787	2874	
3 1183	2801	2788	
3 1190	2875	2802	
3 2789	1193	2803	
3 2741	1179	2789	
3 2790	1192	2804	
3 1189	2790	2805	
3 2806	2791	1187	
3 1192	2768	2791	
3 2807	2772	1174	
3 2775	2792	1177	
3 2808	2775	1177	
3 2809	2793	2808	
3 3017	2794	1233	
3 2754	2794	1126	
3 2810	2795	1122	
3 1083	1050	2795	
3 2959	2796	1203	
3 2645	2796	1175	
3 2999	1199	2960	
3 3007	1220	2873	
3 1160	2811	2799	
3 2962	2811	1244	
3 1160	3016	2811	
3 2786	2812	1191	
3 2765	2800	1168	
3 2800	2765	2874	
3 2746	2801	1183	
3 2876	2802	2801	
3 2788	2801	2802	
3 2876	2801	1182	
3 1193	2802	2875	
3 2803	2875	2980	
3 2814	1192	2791	
3 2942	1195	2804	
3 2790	2804	2805	
3 2813	2804	1195	
3 1187	2940	2953	
3 2879	2814	2806	
3 2904	2903	1174	
3 2792	2815	1177	
3 1177	2824	2882	
3 2808	2877	2809	
3 2794	2809	1233	
3 2777	2793	2809	
3 2816	2810	1122	
3 2810	1211	2817	
3 1191	2818	2823	
3 2821	2798	291	
3 2811	2812	2799	
3 2818	2812	1188	
3 2769	2805	2813	
3 2804	2813	2805	
3 2879	2806	1196	
3 1192	2814	2880	
3 2807	2903	2966	
3 2815	2807	2819	
3 2778	2816	1122	
3 2816	1212	2961	
3 1211	2820	2817	
3 2817	2820	2595	
3 3001	1218	2985	
3 2818	2822	2823	
3 1177	2815	2824	
3 2820	1211	2825	
3 2595	2820	1166	
3 2786	1191	2821	
3 2821	1191	2826	
3 2827	2822	1188	
3 2822	2827	2830	
3 1194	2828	2823	
3 2826	292	2798	
3 2881	2824	2819	
3 2882	2877	2808	
3 2961	1211	2816	
3 2829	2883	1222	
3 1191	2823	2826	
3 2826	2823	2828	
3 2962	1188	2811	
3 2827	1188	2962	
3 2828	2832	2831	
3 2826	2828	292	
3 2883	2829	2825	
3 2672	2829	1222	
3 1194	2830	2832	
3 2828	2831	292	
3 2831	2832	293	
3 2830	1198	3048	
3 2834	2833	1128	
3 2832	2830	3048	
3 2833	1136	2835	
3 2836	1128	1112	
3 2834	1132	2838	
3 1136	2840	2845	
3 2752	2920	2915	
3 1112	1053	2837	
3 1132	2834	2836	
3 2841	1053	1058	
3 2837	1108	2842	
3 2839	2838	1132	
3 2840	2838	1158	
3 2842	2839	1132	
3 2847	2843	1147	
3 2844	2840	1158	
3 1136	2845	2835	
3 1116	2841	1058	
3 1108	2837	2841	
3 2837	2842	1132	
3 1116	2846	1108	
3 1158	2839	2843	
3 2842	2843	2839	
3 1158	2843	2847	
3 2844	2847	2848	
3 2844	2845	2840	
3 2849	2845	1165	
3 2858	1090	2692	
3 2843	2846	1147	
3 2884	2847	1147	
3 2848	2847	1164	
3 2977	3026	1164	
3 2848	2885	2850	
3 2850	2849	1165	
3 2849	1149	2920	
3 2848	2850	1165	
3 2851	2850	2852	
3 2850	1186	2852	
3 2916	2922	2770	
3 2926	2927	2886	
3 2922	2924	2770	
3 2606	1172	2853	
3 2853	1172	2878	
3 3036	1220	3015	
3 2693	1219	2854	
3 1154	2878	2965	
3 2668	2897	2861	
3 2888	2856	1222	
3 2892	2856	1223	
3 1088	2683	2857	
3 1157	2857	2683	
3 1159	2957	2858	
3 2846	2858	1147	
3 2693	1232	2859	
3 1232	3040	2859	
3 2971	1133	2762	
3 2896	2860	2945	
3 2897	2668	2855	
3 2946	1184	2861	
3 2863	2862	1176	
3 2801	2864	1182	
3 3017	2863	1176	
3 2877	2964	1233	
3 2746	2862	2864	
3 2863	2864	2862	
3 2901	2865	2899	
3 2902	2771	2900	
3 2866	1121	2726	
3 2867	998	1029	
3 2750	2867	2705	
3 998	2867	2866	
3 1205	2912	2917	
3 1207	2901	2899	
3 1064	2869	1099	
3 1113	2869	1036	
3 2939	2870	1148	
3 2870	1202	2872	
3 1135	2871	1113	
3 1148	2781	2871	
3 1202	1185	2963	
3 2978	2959	1203	
3 2785	2797	2873	
3 2797	2999	3007	
3 2874	2787	2940	
3 2941	2875	1190	
3 2803	2980	2960	
3 3024	2863	2964	
3 2876	3024	3049	
3 2808	1177	2882	
3 3069	3024	2964	
3 1154	2965	2855	
3 2878	1154	2853	
3 2879	2969	2942	
3 1192	2880	2804	
3 2814	2879	2880	
3 2942	2880	2879	
3 3001	2819	1218	
3 3008	2881	3001	
3 3034	2824	2881	
3 3032	3034	2881	
3 2825	1213	2883	
3 2888	2883	1213	
3 2957	1159	2955	
3 2977	2884	2957	
3 2935	2885	1261	
3 2850	2885	1186	
3 2886	2927	2929	
3 2886	2930	2928	
3 1230	1232	2887	
3 2693	2887	1232	
3 2883	2888	1222	
3 2889	2888	1213	
3 2890	2889	1213	
3 1229	2893	2891	
3 2825	2982	1213	
3 2890	2982	3018	
3 2889	2890	2891	
3 1224	2891	2890	
3 2893	2892	1223	
3 2892	2893	2894	
3 2891	2893	1223	
3 2943	2893	1229	
3 2944	2894	1225	
3 2857	2894	1146	
3 2895	1146	1156	
3 1088	2895	1107	
3 2732	2896	1134	
3 2860	2970	2945	
3 2984	2855	2965	
3 3079	2946	3051	
3 1204	2905	2899	
3 2898	2865	2900	
3 1207	2899	2868	
3 2865	2898	2899	
3 2902	2900	2865	
3 2771	1121	2900	
3 2903	2901	1207	
3 2865	2904	2902	
3 2904	2865	2901	
3 1174	2771	2902	
3 2932	1206	2933	
3 2966	2819	2807	
3 2903	2904	2901	
3 1174	2902	2904	
3 2751	2907	2906	
3 2899	2905	2868	
3 2923	1205	2917	
3 2868	2905	2906	
3 2908	2907	2751	
3 2909	2907	2712	
3 2910	2908	2751	
3 2918	2908	1100	
3 2911	2909	2712	
3 2912	2909	2753	
3 2913	2910	2751	
3 1100	2910	2707	
3 2712	2918	2914	
3 2915	2911	2752	
3 2916	2912	2753	
3 2917	2912	2770	
3 2905	2913	2751	
3 2705	2913	1204	
3 2919	2914	2711	
3 2752	2911	2914	
3 2920	2752	2835	
3 2921	2915	2920	
3 2921	2916	2753	
3 2922	2916	1149	
3 2932	2770	1206	
3 2923	2925	2868	
3 2908	2918	2712	
3 2711	2918	1100	
3 2710	2919	2711	
3 2835	2919	1114	
3 2920	2835	2845	
3 2921	2920	1149	
3 2916	2921	1149	
3 2753	2915	2921	
3 1149	2851	2922	
3 2924	2851	2852	
3 1205	2923	2906	
3 2923	2917	2925	
3 2926	2924	2852	
3 1206	2770	2924	
3 2917	2932	2925	
3 2931	1206	2928	
3 2927	2926	2852	
3 2928	2926	2886	
3 2852	1186	2927	
3 2929	2927	1186	
3 2929	2936	2886	
3 2934	1207	2933	
3 2935	1186	2885	
3 2929	1186	2935	
3 2947	2930	2938	
3 2903	1207	2934	
3 2947	2967	2930	
3 2925	2932	2933	
3 2770	2932	2917	
3 2933	1206	2931	
3 2933	2931	2934	
3 1207	2925	2933	
3 2931	2930	2967	
3 2966	2934	2967	
3 2935	2968	2986	
3 2948	2938	2937	
3 2937	2929	2935	
3 2947	2938	1217	
3 2968	2935	1261	
3 3027	2986	2968	
3 2930	2936	2938	
3 2937	2938	2936	
3 1163	2939	1148	
3 1185	1202	2939	
3 2953	1214	2806	
3 2787	19	2940	
3 3076	1190	3049	
3 3059	2998	3057	
3 2969	2879	1196	
3 3025	3000	2942	
3 1229	1224	2950	
3 1225	2943	2951	
3 2951	2944	1225	
3 1146	2952	1156	
3 2973	2945	1209	
3 2945	2973	2778	
3 3051	2897	2984	
3 2988	2970	2971	
3 2974	2947	1217	
3 1218	2966	2967	
3 2935	2986	2937	
3 2948	2937	2986	
3 2990	1214	2976	
3 19	2949	2976	
3 3019	2954	2950	
3 2951	1162	2944	
3 2943	2950	2951	
3 2954	2951	2950	
3 2944	1162	2952	
3 1163	2952	1162	
3 2976	2953	2940	
3 2806	1187	2953	
3 2950	1231	3019	
3 2954	3019	3068	
3 2956	2955	1210	
3 2957	2884	2858	
3 1153	3021	3022	
3 1178	2996	2997	
3 2956	2957	2955	
3 2977	2957	1221	
3 1175	2959	2979	
3 2958	1178	3021	
3 2978	1203	2872	
3 1175	2979	2958	
3 2981	2960	1197	
3 1199	2803	2960	
3 1212	2982	2961	
3 2825	1211	2961	
3 1240	3023	1244	
3 2962	1244	3023	
3 2963	2994	2992	
3 2978	2872	2992	
3 2964	2877	2882	
3 1182	3024	2876	
3 1195	2983	2878	
3 2965	2878	2983	
3 2819	2966	1218	
3 2903	2934	2966	
3 2931	2967	2934	
3 2985	2967	2947	
3 1261	1248	2968	
3 1217	3028	2975	
3 1196	3014	3035	
3 3035	3099	2969	
3 2971	2970	2860	
3 2970	2988	2972	
3 2987	2762	1184	
3 3002	2972	2988	
3 2989	3096	1228	
3 1209	2970	2972	
3 2989	2973	1209	
3 2816	2973	1212	
3 1217	2975	3050	
3 2819	3001	2881	
3 3029	3043	2975	
3 2948	3028	1217	
3 2976	2949	2990	
3 2977	1221	3026	
3 1164	2884	2977	
3 2963	2992	2872	
3 2978	2992	2991	
3 2991	2979	2959	
3 2979	2991	2993	
3 2941	2980	2875	
3 1197	2960	2980	
3 2998	2981	1197	
3 2981	1227	2999	
3 2989	2982	1212	
3 3018	2982	1228	
3 1195	2942	3000	
3 2983	3000	2984	
3 2983	2984	2965	
3 3051	2984	1246	
3 2947	2974	2985	
3 2974	1256	3001	
3 3027	2968	1248	
3 2948	2986	3028	
3 1184	2946	2987	
3 2972	3113	3096	
3 2971	2987	2988	
3 3002	2987	2946	
3 3096	1209	2972	
3 2982	2989	1228	
3 18	3003	3030	
3 2949	18	2990	
3 2991	1216	2993	
3 2959	2978	2991	
3 2994	2963	1215	
3 1216	2991	2992	
3 1216	2994	3055	
3 2958	2996	1178	
3 3052	2994	1215	
3 2994	3052	3055	
3 3004	2997	2995	
3 2993	1216	2995	
3 2979	2993	2996	
3 2995	2996	2993	
3 2995	3056	3004	
3 3022	2956	1210	
3 3057	1197	2941	
3 3010	3006	2998	
3 3007	2999	1227	
3 2797	1199	2999	
3 3097	3000	3025	
3 3000	3116	2984	
3 2974	3001	2985	
3 3008	3001	1256	
3 2987	3002	2988	
3 3079	3002	2946	
3 17	3044	3003	
3 3030	1234	3009	
3 3004	1239	3066	
3 3004	3066	3005	
3 1178	2997	3005	
3 3004	3005	2997	
3 3010	2998	1236	
3 1227	3006	3012	
3 3007	1227	3013	
3 2797	3007	2873	
3 3031	3008	1256	
3 3032	3008	3031	
3 2990	3030	3009	
3 3014	1196	2806	
3 3011	3010	1236	
3 3012	1235	3013	
3 3011	3084	3070	
3 1235	3039	3038	
3 3006	3010	3012	
3 3011	3012	3010	
3 3012	3013	1227	
3 3015	3013	1235	
3 3009	1234	3014	
3 3046	3047	1234	
3 3015	3038	3037	
3 1220	3036	1226	
3 1160	2658	3016	
3 2658	2859	3040	
3 2863	3017	1233	
3 3017	1176	2766	
3 3185	1228	3114	
3 3018	3185	3136	
3 3067	3019	1231	
3 3020	3068	1185	
3 3020	1185	2939	
3 1162	2954	3020	
3 3022	1178	3005	
3 1171	3021	1153	
3 1178	3022	3021	
3 2956	3022	3005	
3 3023	3071	3041	
3 3041	2827	2962	
3 3069	2964	3033	
3 3049	3024	1238	
3 3025	1274	3097	
3 2942	2969	3025	
3 3122	1221	3066	
3 3026	3122	3098	
3 3043	3042	1257	
3 2975	3028	3029	
3 2986	3027	3028	
3 3029	3028	3027	
3 3042	3029	3027	
3 3029	3042	3043	
3 3030	3003	3044	
3 3050	3078	1256	
3 1243	3109	3069	
3 3032	1243	3033	
3 2881	3008	3032	
3 3069	3033	1243	
3 2964	2882	3033	
3 3033	2882	3034	
3 2824	3034	2882	
3 3047	3014	1234	
3 3099	1274	3025	
3 3037	3036	3015	
3 2887	1226	3036	
3 3038	3015	1235	
3 1230	2887	3037	
3 1235	3011	3039	
3 1230	3037	3038	
3 3070	3039	3011	
3 1245	3118	3119	
3 3100	3040	1232	
3 1244	3016	3040	
3 3071	3023	1240	
3 3041	3071	3072	
3 1248	3073	3027	
3 3042	3027	3073	
3 3043	1257	3074	
3 2974	3050	1256	
3 17	3045	3075	
3 3075	3044	17	
3 16	3086	3045	
3 3075	1241	3046	
3 3044	3075	3046	
3 3092	3094	1241	
3 1241	3047	3046	
3 1254	3035	3047	
3 1198	3072	3139	
3 294	293	3048	
3 3049	3087	3077	
3 3059	3057	3060	
3 2975	3043	3050	
3 3074	3078	3043	
3 3079	3051	1246	
3 2946	2897	3051	
3 3053	3052	1215	
3 3052	3053	3054	
3 3106	1215	3083	
3 3053	3106	3124	
3 3182	3054	1252	
3 3054	3182	3080	
3 3056	3055	1251	
3 2995	1216	3055	
3 3080	3056	1251	
3 3056	1239	3004	
3 3058	3057	2941	
3 2998	3059	1236	
3 1190	3076	2941	
3 3058	3076	3077	
3 3060	3057	3058	
3 1236	3062	3061	
3 3058	1242	3060	
3 3062	3063	3065	
3 3059	3062	1236	
3 3062	3059	3060	
3 1242	3063	3060	
3 3062	3060	3063	
3 1242	3064	3063	
3 3064	3065	3063	
3 3064	1242	3108	
3 3081	3065	3137	
3 3137	3064	1291	
3 3137	3065	3064	
3 3101	3066	1239	
3 3101	3122	3066	
3 3102	3067	1231	
3 3067	3102	3103	
3 3082	3019	3067	
3 3068	3082	3083	
3 3109	3031	3088	
3 3024	3069	1238	
3 3084	3011	1236	
3 3081	3061	3065	
3 3121	1240	3120	
3 3072	3071	1273	
3 1273	3138	3072	
3 3139	3048	1198	
3 1248	3105	3073	
3 3085	3105	3184	
3 3085	3210	1257	
3 3088	3078	3074	
3 3075	3045	3086	
3 3077	3076	3049	
3 3058	2941	3076	
3 3087	3049	1238	
3 3077	3087	3108	
3 3043	3078	3050	
3 3088	3074	1258	
3 3128	3149	1246	
3 3079	1260	3002	
3 3054	3080	1251	
3 3101	3080	3123	
3 3093	3081	3095	
3 3091	3089	1237	
3 3067	1249	3082	
3 3082	1249	3083	
3 3106	3083	1249	
3 2963	3083	1215	
3 1236	3061	3084	
3 1272	3095	3081	
3 3085	3073	3105	
3 3085	3254	3210	
3 16	3090	3110	
3 3110	3086	16	
3 3107	3087	1238	
3 3077	3108	1242	
3 3107	3109	1258	
3 3031	3078	3088	
3 3095	3089	3093	
3 3095	3141	3089	
3 3090	15	3126	
3 3110	1255	3092	
3 3084	3061	3091	
3 3093	3061	3081	
3 3086	3110	3092	
3 3111	3094	3092	
3 3089	3091	3093	
3 3061	3093	3091	
3 3112	3094	1265	
3 3047	1241	3094	
3 1272	3140	3095	
3 3251	3199	3237	
3 3113	2972	3002	
3 3186	3113	1260	
3 3142	3188	1274	
3 2984	3116	1246	
3 3117	3098	1262	
3 1248	1261	3098	
3 3035	1254	3099	
3 1254	3162	3142	
3 3118	1232	1230	
3 3120	3100	1245	
3 1239	3080	3101	
3 3123	3080	1253	
3 3136	1231	1224	
3 3102	3136	3143	
3 3144	3103	1264	
3 3124	1252	3053	
3 3258	1259	3251	
3 1273	3071	3104	
3 3117	1248	3098	
3 3105	1267	3184	
3 3124	3106	1249	
3 1215	3106	3053	
3 1238	3069	3109	
3 1279	3215	3197	
3 3087	3125	3108	
3 3108	3125	3129	
3 1258	3109	3088	
3 3109	3107	1238	
3 3110	3090	3126	
3 3127	3111	1255	
3 3111	3127	3131	
3 3153	1265	3133	
3 3047	3112	1254	
3 3002	1260	3113	
3 3186	3114	3113	
3 1228	3096	3114	
3 3113	3114	3096	
3 3116	3128	1246	
3 3097	1274	3115	
3 3000	3097	3116	
3 3128	3097	3115	
3 1262	3123	3147	
3 3105	1248	3117	
3 3119	1230	3039	
3 1245	3100	3118	
3 3039	1237	3119	
3 3119	1237	3145	
3 3120	1245	3121	
3 1244	3120	1240	
3 1245	3119	3145	
3 1259	3104	3121	
3 3098	3122	1262	
3 3122	3026	1221	
3 3146	3123	1253	
3 3147	3117	1262	
3 1249	3103	3124	
3 3124	3103	3144	
3 3107	3125	3087	
3 3129	3125	1279	
3 15	3130	3151	
3 3110	3126	1255	
3 15	3151	3126	
3 3134	3127	3132	
3 1284	3148	3115	
3 3128	3115	3148	
3 3197	3150	1279	
3 3064	3108	3129	
3 1266	3151	3159	
3 1266	3134	3132	
3 3131	3152	3133	
3 1270	3152	3131	
3 3151	3132	3126	
3 3127	1255	3132	
3 3162	3153	3133	
3 1265	3131	3133	
3 3135	3134	1266	
3 1270	3127	3134	
3 1266	3159	3173	
3 3135	1278	3160	
3 3143	3136	1250	
3 1231	3136	3102	
3 3187	3137	1291	
3 1272	3081	3137	
3 3258	3154	1273	
3 294	3048	3155	
3 3072	3138	3139	
3 1247	3139	3138	
3 1272	3187	3236	
3 3237	3272	3273	
3 3095	3140	3141	
3 3140	1305	3272	
3 1274	3099	3142	
3 1254	3142	3099	
3 3156	3143	1250	
3 3143	3156	3170	
3 3203	1264	3170	
3 3189	3144	1307	
3 3157	3145	1237	
3 1259	3121	3145	
3 3195	1253	3193	
3 1295	3194	3214	
3 3123	3146	3147	
3 1267	3147	3146	
3 3196	3148	1284	
3 3128	3148	3149	
3 3149	3196	3158	
3 3079	3158	1260	
3 3198	3150	1298	
3 1291	3129	3150	
3 3151	3130	3159	
3 3160	3152	1270	
3 3133	3161	1269	
3 1265	3153	3112	
3 3133	1269	3162	
3 3335	3154	1282	
3 3138	3163	1247	
3 1247	3165	3139	
3 294	3164	295	
3 3211	1250	3185	
3 1250	3211	3156	
3 3089	3157	1237	
3 3199	3157	3141	
3 3196	3149	3148	
3 1293	3212	3186	
3 14	3171	3206	
3 3130	14	3159	
3 3135	3160	1270	
3 3200	3160	1278	
3 3160	3161	3152	
3 3201	3161	1290	
3 3202	3162	1269	
3 3162	1283	3142	
3 1271	3169	3154	
3 3166	3167	1263	
3 3155	3165	3164	
3 3165	3168	3164	
3 3139	3165	3155	
3 3166	3165	1247	
3 3167	1247	3163	
3 3168	3166	1263	
3 3163	3169	3167	
3 3167	3169	3176	
3 296	3175	3174	
3 3164	3168	295	
3 3154	3169	3163	
3 3176	1268	3174	
3 3170	3204	3203	
3 3144	3203	1307	
3 13	3264	3171	
3 3135	3207	1278	
3 3175	296	3172	
3 295	3168	3172	
3 3206	3173	3159	
3 3135	1266	3173	
3 1263	3167	3176	
3 1268	3178	3174	
3 1263	3174	3175	
3 3169	1271	3176	
3 3209	3267	1287	
3 1268	3179	3178	
3 3178	297	3177	
3 3174	3178	3177	
3 3209	3179	1268	
3 3181	3178	3179	
3 3259	3180	3181	
3 1276	3181	3179	
3 3180	297	3181	
3 3191	1252	3189	
3 3193	3182	3191	
3 3074	1257	3210	
3 3227	3249	1281	
3 3256	1267	3195	
3 3244	3184	3303	
3 3185	1280	3211	
3 3185	1250	3136	
3 1260	3158	3186	
3 1293	3186	3158	
3 3187	1291	3198	
3 3187	1301	3236	
3 1283	3202	3240	
3 1284	3115	3188	
3 3190	3189	1307	
3 3124	3189	1252	
3 3204	3205	3203	
3 1295	3193	3191	
3 3189	3190	3191	
3 1295	3191	3190	
3 1289	3194	3213	
3 3190	3194	1295	
3 3193	1295	3195	
3 1253	3182	3193	
3 3213	3194	3192	
3 3214	3194	1289	
3 3195	3214	3248	
3 1267	3146	3195	
3 3263	3196	1284	
3 3158	3196	1293	
3 1279	3107	3215	
3 3197	1292	3216	
3 3217	3198	1298	
3 3187	3198	1300	
3 3237	3199	3141	
3 3145	3199	1259	
3 3242	1278	3208	
3 3200	3242	3238	
3 3238	1290	3200	
3 3239	1296	1285	
3 3239	1269	3201	
3 3202	3239	3240	
3 1264	3203	3144	
3 3170	1277	3204	
3 3252	3241	3204	
3 3203	3205	1307	
3 3241	3205	3204	
3 3192	1307	3205	
3 3206	3171	3264	
3 3173	1275	3207	
3 1275	3266	3208	
3 1278	3207	3208	
3 1275	3208	3207	
3 3176	3209	1268	
3 3179	3243	1276	
3 3085	3244	3254	
3 3074	3210	3183	
3 3246	1280	3212	
3 1280	3246	3211	
3 3268	3212	1293	
3 1314	3245	3246	
3 3192	1334	3213	
3 3352	3389	1334	
3 3248	3214	1289	
3 3195	1295	3214	
3 3107	1258	3215	
3 3215	1258	3183	
3 3216	3227	3223	
3 3223	3218	3216	
3 3218	3217	1298	
3 3219	3217	1302	
3 1298	3216	3218	
3 3218	3223	3220	
3 3225	1302	3221	
3 3222	3219	3225	
3 3224	3220	1299	
3 1302	3218	3220	
3 3228	3220	3224	
3 3221	3282	3229	
3 3226	3222	1297	
3 1300	3219	3222	
3 3227	3216	1292	
3 1299	3220	3223	
3 1299	3269	3289	
3 3224	3250	3228	
3 1302	3225	3219	
3 3225	3221	3229	
3 3232	1297	3230	
3 3226	1301	3231	
3 3249	3227	1292	
3 3227	1281	3269	
3 3250	3224	1304	
3 3221	1302	3228	
3 3250	3257	3282	
3 3230	3270	1303	
3 3270	1297	3229	
3 3271	3233	1303	
3 1301	3187	3231	
3 3187	1300	3231	
3 1297	3232	3226	
3 3233	3232	3230	
3 1303	3233	3230	
3 3235	3140	3236	
3 3235	3234	3233	
3 3236	3140	1272	
3 3233	1305	3235	
3 1305	3140	3235	
3 1301	3234	3236	
3 3236	3234	3235	
3 3272	3237	3141	
3 3258	3251	3285	
3 3275	3277	1306	
3 3201	1290	3238	
3 1296	3239	3201	
3 3240	3239	1285	
3 3350	3263	1284	
3 1284	3188	3240	
3 3252	3204	1277	
3 3192	3241	1334	
3 3275	3208	1294	
3 3238	3242	1306	
3 3209	1287	3243	
3 3243	3279	3253	
3 3085	3184	3244	
3 3184	3293	3303	
3 3278	3245	1314	
3 1277	3156	3245	
3 3246	3212	3268	
3 3245	3211	3246	
3 3349	3255	3247	
3 1289	3213	3247	
3 3255	3248	1289	
3 3293	3256	3281	
3 1292	3183	3249	
3 3254	3183	3210	
3 3257	3250	1304	
3 3221	3228	3250	
3 3285	3237	1316	
3 3285	3251	3237	
3 3278	3252	1277	
3 3252	3278	3352	
3 3253	3286	3260	
3 1276	3243	3253	
3 1281	3254	3244	
3 3249	3183	3254	
3 1289	3247	3255	
3 3349	3247	1340	
3 3248	3255	3281	
3 3184	1267	3256	
3 1304	3334	3365	
3 3229	3282	3284	
3 3258	1282	3154	
3 3104	1259	3258	
3 1276	3253	3260	
3 298	3180	3259	
3 3286	3253	1313	
3 3262	3259	3260	
3 3325	3261	3262	
3 1288	3262	3260	
3 3261	298	3262	
3 3350	1284	3240	
3 3329	3268	1293	
3 13	3265	3287	
3 3206	3264	1275	
3 12	3330	3265	
3 3264	3266	1275	
3 3264	3287	3266	
3 1294	3266	1286	
3 3176	1271	3267	
3 3280	1287	3291	
3 3329	1293	3263	
3 3268	3329	3340	
3 3288	3269	1281	
3 1299	3289	3224	
3 3284	3282	3283	
3 3294	3270	3284	
3 3290	3271	1303	
3 3273	3271	1322	
3 3140	3272	3141	
3 3271	3273	1305	
3 3354	3273	1322	
3 3237	3273	1316	
3 3351	3274	1349	
3 1296	3238	3274	
3 3276	3275	1294	
3 3275	3276	3277	
3 3333	3276	1294	
3 3348	3276	1317	
3 3276	1309	3277	
3 1349	3277	1309	
3 3245	3278	1277	
3 3340	3278	1314	
3 3280	3279	1287	
3 1313	3253	3279	
3 3291	1287	3267	
3 3280	1318	3292	
3 3255	1348	3281	
3 3293	3281	1348	
3 3250	3282	3221	
3 3283	3282	3257	
3 1304	3365	3257	
3 3294	3284	3283	
3 3294	3283	1337	
3 3270	3229	3284	
3 3354	1316	3273	
3 1282	3258	3285	
3 3296	3286	1313	
3 1288	3260	3286	
3 3287	3265	3330	
3 3303	1281	3244	
3 3353	3288	1348	
3 3297	3269	3288	
3 3224	3298	1304	
3 3299	3290	1303	
3 3290	3299	3300	
3 3154	3335	1271	
3 3306	3314	3316	
3 3301	3292	1318	
3 3292	3301	3302	
3 3293	1348	3303	
3 3184	3256	3293	
3 3359	3299	3294	
3 3270	3294	3299	
3 3317	1311	3316	
3 1282	3285	3295	
3 3302	1313	3292	
3 3296	1319	3326	
3 3288	1308	3297	
3 3298	3297	1308	
3 3297	3298	3289	
3 1308	3375	3334	
3 3270	3299	1303	
3 3359	3294	1337	
3 3358	3339	3356	
3 3300	3355	3354	
3 3304	3301	1318	
3 3301	3304	3305	
3 1325	3296	3302	
3 3296	1313	3302	
3 1348	3288	3303	
3 1281	3303	3288	
3 1318	3306	3304	
3 3304	3306	3307	
3 3308	3305	1326	
3 3305	3308	3311	
3 3314	3306	1318	
3 3307	3306	1311	
3 3322	1311	3319	
3 1326	3320	3309	
3 3309	3308	1326	
3 3308	3309	3310	
3 3320	1326	3307	
3 3323	3309	3320	
3 1330	3310	3309	
3 1331	1329	3310	
3 3312	1329	1328	
3 3311	3312	3313	
3 3312	3336	3321	
3 3311	3313	1325	
3 3321	3313	3312	
3 3296	3313	1319	
3 3280	3314	1318	
3 3291	3315	3316	
3 1271	3315	3291	
3 3335	3295	3318	
3 3291	3316	3314	
3 3316	3315	3317	
3 3318	3317	3315	
3 3317	3318	3319	
3 3335	3318	3315	
3 1324	3318	3295	
3 3323	3324	1327	
3 3322	3324	3323	
3 3322	3307	1311	
3 3320	3322	3323	
3 3336	3312	1328	
3 3337	1312	3326	
3 3322	3319	3324	
3 3320	3307	3322	
3 3338	3323	1327	
3 1330	3309	3323	
3 1324	3357	3319	
3 1324	3354	3355	
3 3328	3325	3326	
3 299	3261	3325	
3 3296	3326	1288	
3 3325	1288	3326	
3 3360	300	3327	
3 1312	3328	3326	
3 3327	299	3328	
3 3263	1315	3329	
3 1320	3278	3340	
3 12	3331	3341	
3 3287	3330	1286	
3 1310	3341	3368	
3 3330	3332	1286	
3 3330	3341	3332	
3 3332	3342	3333	
3 3276	3333	1317	
3 1294	1286	3333	
3 3396	3364	3378	
3 1304	3298	3334	
3 1271	3335	3315	
3 3295	3335	1282	
3 3343	3336	1328	
3 1338	3321	3336	
3 3321	1338	3337	
3 3377	3361	3337	
3 3366	3338	1327	
3 3338	1339	3367	
3 3357	1324	3355	
3 3357	3356	3339	
3 3329	1315	3340	
3 3394	1315	3372	
3 3341	3331	3368	
3 3344	3342	1310	
3 1317	3333	3342	
3 3418	1363	3405	
3 3387	1336	3377	
3 3345	3344	1310	
3 3344	1343	3346	
3 3368	3345	1310	
3 1335	1345	3370	
3 3347	1343	1341	
3 1317	3346	3348	
3 3371	3347	1341	
3 3348	1309	3276	
3 3346	3347	3348	
3 3384	3347	3371	
3 3407	3395	3404	
3 3353	1308	3288	
3 3372	3350	1285	
3 1315	3263	3350	
3 3373	3351	1349	
3 1296	3374	1285	
3 3352	3410	3389	
3 1334	3389	3247	
3 3255	3353	1348	
3 3375	1352	3334	
3 3300	3354	1322	
3 1324	3295	3354	
3 3356	3355	3300	
3 3357	3324	3319	
3 3300	1323	3356	
3 3339	3358	1342	
3 3356	3357	3355	
3 3339	3324	3357	
3 3356	1323	3358	
3 3376	3358	1323	
3 3390	3359	1337	
3 3359	3390	3376	
3 1312	3361	3360	
3 3328	3360	3327	
3 3337	3361	1312	
3 3363	3360	3361	
3 3391	3362	3363	
3 1336	3363	3361	
3 3362	300	3363	
3 3364	3365	3378	
3 3396	3443	3364	
3 3378	3365	3334	
3 3257	3379	3283	
3 3339	3366	1327	
3 3366	1342	3380	
3 1339	1333	3367	
3 1330	3381	1331	
3 11	3369	3383	
3 3331	11	3368	
3 3399	3369	10	
3 3383	3345	3368	
3 1345	1343	3370	
3 1343	3345	3370	
3 1359	3371	1341	
3 3386	1349	1309	
3 3374	3372	1285	
3 3455	3394	3372	
3 3386	3373	1349	
3 3455	3408	3466	
3 3373	3374	3351	
3 3372	3374	1321	
3 3349	3395	3353	
3 1340	3395	3349	
3 3359	3376	1323	
3 3464	3480	1353	
3 3385	3377	1338	
3 3377	3385	3387	
3 3334	1352	3378	
3 3396	1370	3443	
3 3365	3364	3379	
3 1337	3379	3364	
3 3397	1342	3376	
3 3380	3397	3398	
3 3367	1333	3381	
3 3382	1332	1328	
3 3381	1333	3382	
3 3423	3422	3382	
3 3383	3369	3399	
3 3347	3384	3348	
3 3386	3384	3371	
3 1338	3343	3385	
3 3402	3385	3343	
3 3371	1350	3386	
3 3373	3386	1350	
3 3385	1354	3387	
3 3387	3403	3388	
3 3388	3393	3391	
3 3411	3393	1351	
3 3410	3352	1320	
3 1340	3247	3389	
3 3443	1337	3364	
3 3390	3443	3453	
3 3388	3391	1336	
3 301	3362	3391	
3 3411	302	3392	
3 1351	3393	3388	
3 3392	301	3393	
3 3456	3394	1369	
3 3340	1315	3394	
3 3426	1340	3389	
3 3353	3395	3375	
3 3378	1352	3396	
3 1352	3420	3444	
3 1353	3397	3376	
3 3398	3397	1344	
3 3398	1344	3421	
3 1333	1339	3398	
3 10	3400	3415	
3 3415	3399	10	
3 3416	1346	3415	
3 3415	1346	3401	
3 3399	3415	3401	
3 3401	1346	3451	
3 1332	3402	3343	
3 3402	3418	3405	
3 1354	3405	3406	
3 1351	3388	3403	
3 3420	3404	3440	
3 3395	3407	3375	
3 3419	3405	1363	
3 3419	3406	3405	
3 3406	3427	3412	
3 1351	3403	3406	
3 3420	3407	3404	
3 1352	3375	3407	
3 3373	1350	3408	
3 3457	3408	1350	
3 1333	3398	3421	
3 1363	3418	3424	
3 3425	3410	1320	
3 3426	3431	3437	
3 3412	1351	3406	
3 3393	3411	3392	
3 3427	3406	1356	
3 3414	3411	3412	
3 3445	303	3413	
3 1355	3414	3412	
3 3413	302	3414	
3 3415	3400	3416	
3 3400	9	3416	
3 3417	3416	9	
3 3429	3417	1358	
3 1346	3416	3417	
3 3402	1332	3418	
3 1332	3422	3424	
3 3430	3419	1363	
3 3419	3430	3435	
3 3437	3440	3404	
3 1382	3444	3420	
3 1344	3480	3486	
3 1357	3409	3421	
3 3423	3382	1333	
3 3409	3424	3422	
3 1333	3421	3423	
3 3421	3409	3423	
3 3409	1357	3424	
3 3436	3430	3424	
3 3456	3425	1320	
3 3459	1387	3493	
3 3410	3425	3431	
3 3404	1340	3426	
3 3432	3427	1356	
3 1355	3412	3427	
3 3428	8	1358	
3 3417	3428	1358	
3 3433	1358	1365	
3 3429	1364	3434	
3 1363	3424	3430	
3 3436	3424	1357	
3 3425	1383	3431	
3 3426	3437	3404	
3 1356	3419	3435	
3 3427	3438	1355	
3 3433	3478	3449	
3 3448	3434	1364	
3 3451	1347	1345	
3 1367	3435	3430	
3 3432	1356	3435	
3 3492	3436	1357	
3 3492	3502	3436	
3 3431	1383	3437	
3 3437	1383	3440	
3 3432	1366	3438	
3 3438	3452	3441	
3 3442	3439	1367	
3 1366	3432	3439	
3 3493	3440	1383	
3 1382	3440	1376	
3 3441	3447	3445	
3 1362	3460	3447	
3 3436	3442	1367	
3 3471	3465	1368	
3 3443	1370	3453	
3 3443	3390	1337	
3 1370	3396	3444	
3 3444	3396	1352	
3 1355	3441	3445	
3 3414	3445	3413	
3 3446	3447	3460	
3 1362	3447	3441	
3 3446	303	3447	
3 3449	3448	1364	
3 3448	3449	3450	
3 3433	3449	1364	
3 1360	3513	3487	
3 3449	1360	3450	
3 3450	1360	3472	
3 1346	3434	3451	
3 3451	3434	3448	
3 3454	3452	1366	
3 1362	3441	3452	
3 3444	3479	1370	
3 3453	3463	3464	
3 3442	3454	1366	
3 1373	3469	3454	
3 1321	3408	3455	
3 3466	3408	1374	
3 3425	3456	1369	
3 3340	3456	1320	
3 3467	1350	1359	
3 3468	3457	1361	
3 3514	3458	1388	
3 1357	3421	3458	
3 3425	1369	3459	
3 3466	1369	3455	
3 3461	3460	1362	
3 1371	3481	3470	
3 3454	3461	1362	
3 3461	3454	3469	
3 3481	305	3462	
3 1371	3470	3461	
3 1386	1377	3463	
3 3464	3463	1377	
3 3489	1388	3486	
3 1353	3480	3397	
3 1373	3454	3465	
3 3442	3465	3454	
3 1374	3468	3474	
3 3459	1369	3466	
3 3472	3467	1359	
3 1361	3457	3467	
3 3473	3468	1361	
3 3468	3473	3474	
3 3475	3469	1373	
3 3469	3475	3476	
3 3462	304	3470	
3 3494	3471	1368	
3 3471	3494	3504	
3 3450	3472	1359	
3 3472	1360	3484	
3 3488	1361	3484	
3 3491	3473	3488	
3 1387	3474	1381	
3 3466	1374	3474	
3 1373	3471	3475	
3 3471	1384	3475	
3 3475	1384	3476	
3 3476	3495	3477	
3 3477	3483	3481	
3 1378	3497	3483	
3 1365	1372	3478	
3 1391	3478	1372	
3 3485	3479	1382	
3 3463	3479	1386	
3 3486	3480	3464	
3 1344	3397	3480	
3 1371	3477	3481	
3 3470	3481	3462	
3 3497	3482	3483	
3 1378	3483	3477	
3 3482	305	3483	
3 3490	1360	3487	
3 1361	3488	3473	
3 3510	1382	1376	
3 3485	1385	3512	
3 3486	3464	3489	
3 1344	3486	3458	
3 3513	1360	3449	
3 3487	3513	3525	
3 3484	1360	3490	
3 3488	3490	3491	
3 3464	1377	3489	
3 3524	3531	1377	
3 3487	1375	3490	
3 3491	3490	1375	
3 3501	1375	3549	
3 1381	3473	3491	
3 1357	3458	3514	
3 3494	1368	3520	
3 1387	1381	3503	
3 3493	1376	3440	
3 3520	1368	3502	
3 3494	3520	3529	
3 3496	3495	1384	
3 1378	3477	3495	
3 3471	3504	1384	
3 1393	3515	3496	
3 3498	3497	1378	
3 306	3482	3497	
3 3498	1378	3496	
3 3505	3497	3498	
3 3521	3499	3505	
3 1389	3505	3498	
3 3526	1395	3514	
3 1388	3489	3500	
3 3501	1406	3550	
3 3491	1375	3501	
3 3436	3502	3442	
3 1395	3502	3492	
3 1394	3522	3508	
3 1387	3506	3493	
3 3494	1402	3504	
3 3496	3507	1393	
3 3499	306	3505	
3 3503	3508	3506	
3 3510	1376	3506	
3 1402	3509	3504	
3 3507	3504	3509	
3 1394	3508	3503	
3 3510	1385	3485	
3 3529	3544	3547	
3 3507	3511	1393	
3 1385	3510	3508	
3 1382	3510	3485	
3 3542	3527	3511	
3 3517	3515	3516	
3 3523	3512	1385	
3 3512	1392	3524	
3 3478	3513	3449	
3 3525	3513	1380	
3 3514	1388	3526	
3 1357	3514	3492	
3 3516	1393	3511	
3 1389	3498	3515	
3 3516	3527	3518	
3 3518	3528	3519	
3 3518	3517	3516	
3 3517	3518	3519	
3 3527	3516	3511	
3 3518	1399	3528	
3 3519	3532	3521	
3 3540	3532	1404	
3 3502	1395	3520	
3 3529	3520	1395	
3 3519	3521	1389	
3 307	3499	3521	
3 3551	3522	1394	
3 3523	1392	3512	
3 3522	1407	3523	
3 1397	3531	3543	
3 3531	3524	1392	
3 1386	3524	1377	
3 1380	1400	3525	
3 3567	1412	3549	
3 1397	3535	3500	
3 3526	3500	3535	
3 3542	3509	3533	
3 3542	3541	3527	
3 3538	3528	1399	
3 1404	3528	3539	
3 3544	3526	3537	
3 3547	3544	3537	
3 3540	3530	3532	
3 1392	3534	3543	
3 3500	3531	1397	
3 1404	3532	3519	
3 3530	307	3532	
3 3541	1399	3527	
3 3509	1402	3533	
3 3523	1407	3534	
3 3552	3534	1407	
3 1397	3536	3535	
3 3535	3536	3537	
3 1397	3543	3553	
3 3529	1395	3544	
3 3566	3536	3561	
3 1402	3547	3548	
3 3538	1399	3541	
3 3579	3559	3571	
3 3528	3538	3539	
3 3538	1409	3539	
3 3539	3540	1404	
3 308	3530	3540	
3 3533	1433	3541	
3 3598	3594	3541	
3 3509	3542	3511	
3 3541	3542	3533	
3 3534	1411	3543	
3 3543	1411	3553	
3 3526	3544	1395	
3 3546	3547	3537	
3 3554	1409	3563	
3 3539	3554	3540	
3 3536	3566	3537	
3 3555	1433	3533	
3 3548	3547	3546	
3 1402	3529	3547	
3 3548	3546	3555	
3 3533	1402	3548	
3 3567	1375	3525	
3 3549	1412	3568	
3 3556	3551	1394	
3 3550	1394	3503	
3 3556	1394	3550	
3 3569	3551	1413	
3 3569	3570	1407	
3 3562	3558	1411	
3 3558	3553	1411	
3 3553	3558	3561	
3 3545	3563	309	
3 3554	3545	308	
3 3566	3575	3546	
3 3555	3575	3583	
3 3560	3556	1406	
3 1413	3551	3556	
3 1420	1416	3557	
3 3573	3562	1416	
3 1411	3552	3562	
3 3573	3595	3613	
3 3571	1409	3538	
3 3565	3563	3559	
3 3560	1418	3578	
3 3572	3561	3558	
3 3566	3561	1417	
3 3552	3557	3562	
3 1416	3562	3557	
3 1409	3559	3563	
3 3565	1414	3574	
3 3574	3564	3565	
3 1414	3565	3559	
3 3564	309	3565	
3 3575	3566	1417	
3 3546	3537	3566	
3 3525	1400	3567	
3 3576	3567	1400	
3 3568	1412	3577	
3 3560	1406	3568	
3 3570	3569	1413	
3 3522	3569	1407	
3 1413	3560	3578	
3 3557	3570	1420	
3 3594	3571	3538	
3 3580	3579	3571	
3 3573	3558	3562	
3 3605	3583	3609	
3 1420	3627	1416	
3 3572	3558	3573	
3 1414	3581	3582	
3 310	3564	3574	
3 3583	3575	1417	
3 3555	3546	3575	
3 1400	1396	3584	
3 1412	3585	3577	
3 3585	1412	3576	
3 3577	3585	3589	
3 3608	1418	3603	
3 3570	3578	3586	
3 3571	3594	3580	
3 1414	3579	3581	
3 3596	3580	1422	
3 3581	1428	3582	
3 3579	3580	3581	
3 3580	3596	3599	
3 3591	1428	3597	
3 3625	3592	3590	
3 3609	1417	3572	
3 3555	3602	1433	
3 3624	3584	1403	
3 3576	3588	3585	
3 3588	3576	3584	
3 3585	3588	3589	
3 3590	3586	3578	
3 3586	3590	3592	
3 3591	311	3587	
3 3574	3593	310	
3 3584	1421	3588	
3 3589	3588	1421	
3 3589	3628	3607	
3 3577	3603	1418	
3 3608	3578	1418	
3 3608	3612	3590	
3 1428	3591	3582	
3 311	3591	1427	
3 3592	1425	3627	
3 3591	3593	3582	
3 3587	310	3593	
3 3538	3541	3594	
3 3598	3541	1433	
3 3615	3613	3595	
3 3573	1416	3595	
3 1422	3598	3604	
3 3599	1428	3581	
3 3600	3597	1428	
3 1423	1427	3597	
3 3598	1433	3606	
3 1422	3594	3598	
3 3596	1430	3599	
3 3600	1423	3597	
3 3599	1430	3600	
3 3601	3600	1430	
3 3583	3605	3602	
3 1430	1408	3601	
3 3614	3606	3610	
3 3589	3607	3603	
3 3590	3578	3608	
3 1439	3617	3629	
3 1430	3596	3604	
3 3583	1417	3609	
3 3602	3610	3606	
3 1433	3602	3606	
3 3602	3605	3610	
3 3589	1421	3628	
3 3612	3608	3611	
3 3607	3611	3603	
3 3608	3603	3611	
3 3572	3613	3609	
3 3613	3615	3609	
3 3605	1440	3610	
3 3614	3610	3616	
3 3607	1443	3611	
3 1425	3592	3625	
3 1443	3633	3611	
3 3626	3631	3635	
3 3573	3613	3572	
3 3595	1444	3615	
3 3616	3610	1440	
3 3617	1434	3629	
3 3615	3650	3618	
3 3609	3615	1440	
3 3620	1440	3618	
3 3617	3619	3621	
3 1439	3614	3617	
3 3619	3614	3616	
3 1440	3615	3618	
3 3650	3615	1444	
3 3620	3616	1440	
3 3616	3620	3619	
3 1447	3622	3618	
3 3621	1434	3617	
3 3618	3622	3620	
3 3621	3622	3623	
3 3637	3623	3622	
3 3621	3620	3622	
3 3637	3622	1447	
3 3643	3629	1434	
3 1410	3624	1403	
3 3624	1426	3630	
3 3590	3612	3625	
3 3626	1425	3631	
3 3636	3626	3635	
3 3654	3651	1450	
3 3627	1425	3632	
3 3595	1416	3627	
3 3630	3628	1421	
3 3648	3649	1438	
3 3623	3643	1434	
3 1430	3604	3629	
3 3639	3630	1426	
3 3628	3630	1438	
3 3633	3612	3611	
3 3633	3631	3612	
3 3626	3656	1425	
3 3626	3636	3656	
3 3634	3633	1443	
3 3631	3633	3635	
3 3634	1443	3649	
3 3636	3635	3634	
3 3633	3634	3635	
3 3636	3634	1449	
3 3659	3636	1449	
3 1448	3651	3656	
3 3641	3637	1447	
3 3638	3642	1398	
3 1426	1432	3639	
3 3642	3638	3623	
3 3640	3639	1432	
3 1432	3644	3640	
3 3644	3647	3640	
3 3658	1447	3654	
3 1454	3652	3655	
3 3623	3637	3642	
3 3641	3642	3637	
3 3638	1408	3643	
3 1408	3629	3643	
3 3645	1432	1424	
3 1415	3646	3647	
3 1415	3647	3644	
3 1432	3645	3644	
3 1437	3648	3647	
3 3653	3647	3646	
3 1438	3640	3648	
3 3647	3648	3640	
3 3634	3649	1437	
3 3628	3649	1443	
3 3654	3650	1444	
3 1447	3618	3650	
3 1425	3656	3632	
3 3671	3651	1448	
3 1401	3660	3646	
3 1454	1453	3652	
3 3660	3657	3653	
3 3651	3654	1444	
3 3654	1450	3658	
3 3642	3641	3655	
3 1454	3655	3641	
3 1448	3656	3636	
3 3632	3656	3651	
3 1437	3653	3657	
3 3653	3646	3660	
3 3658	1450	3661	
3 3641	1447	3658	
3 3662	3659	1449	
3 3659	3662	3663	
3 3664	1401	1455	
3 1451	3663	3662	
3 1450	3665	3661	
3 1452	3670	3665	
3 3672	1449	3657	
3 3664	3660	1401	
3 1451	3675	3667	
3 3668	3663	3667	
3 3673	3669	3664	
3 3664	3669	3672	
3 3671	3668	1452	
3 1452	3674	3670	
3 3670	3661	3665	
3 1446	1457	3666	
3 1445	3681	3683	
3 3667	3679	3668	
3 3671	1452	3665	
3 1448	3663	3668	
3 3672	3669	3662	
3 3664	1455	3673	
3 1446	3666	3670	
3 3661	3670	3666	
3 3651	3671	1450	
3 1448	3668	3671	
3 3672	3662	1449	
3 3664	3672	3660	
3 1455	312	3677	
3 3669	3675	1451	
3 1452	3668	3679	
3 3680	3674	314	
3 3673	3676	3675	
3 3675	3676	3667	
3 1455	3677	3673	
3 3667	3676	1445	
3 312	1435	3677	
3 3676	3678	1445	
3 3677	1435	3678	
3 3681	1435	1441	
3 3683	3667	1445	
3 314	3674	3679	
3 314	1442	3680	
3 3682	1442	1436	
3 3683	1441	314	
3 1445	3678	3681	
3 1459	3682	1436	
3 1446	3680	3682	
3 314	3679	3683	
3 3667	3683	3679	
CELL_TYPES 6937
5
5
5
5
5
5
5
5
5
5
5
5
5
5
5
5
5
5
5
5
5
5
5
5
5
5
5
5
5
5
5
5
5
5
5
5
5
5
5
5
5
5
5
5
5
5
5
5
5
5
5
5
5
5
5
5
5
5
5
5
5
5
5
5
5
5
5
5
5
5
5
5
5
5
5
5
5
5
5
5
5
5
5
5
5
5
5
5
5
5
5
5
5
5
5
5
5
5
5
5
5
5
5
5
5
5
5
5
5
5
5
5
5
5
5
5
5
5
5
5
5
5
5
5
5
5
5
5
5
5
5
5
5
5
5
5
5
5
5
5
5
5
5
5
5
5
5
5
5
5
5
5
5
5
5
5
5
5
5
5
5
5
5
5
5
5
5
5
5
5
5
5
5
5
5
5
5
5
5
5
5
5
5
5
5
5
5
5
5
5
5
5
5
5
5
5
5
5
5
5
5
5
5
5
5
5
5
5
5
5
5
5
5
5
5
5
5
5
5
5
5
5
5
5
5
5
5
5
5
5
5
5
5
5
5
5
5
5
5
5
5
5
5
5
5
5
5
5
5
5
5
5
5
5
5
5
5
5
5
5
5
5
5
5
5
5
5
5
5
5
5
5
5
5
5
5
5
5
5
5
5
5
5
5
5
5
5
5
5
5
5
5
5
5
5
5
5
5
5
5
5
5
5
5
5
5
5
5
5
5
5
5
5
5
5
5
5
5
5
5
5
5
5
5
5
5
5
5
5
5
5
5
5
5
5
5
5
5
5
5
5
5
5
5
5
5
5
5
5
5
5
5
5
5
5
5
5
5
5
5
5
5
5
5
5
5
5
5
5
5
5
5
5
5
5
5
5
5
5
5
5
5
5
5
5
5
5
5
5
5
5
5
5
5
5
5
5
5
5
5
5
5
5
5
5
5
5
5
5
5
5
5
5
5
5
5
5
5
5
5
5
5
5
5
5
5
5
5
5
5
5
5
5
5
5
5
5
5
5
5
5
5
5
5
5
5
5
5
5
5
5
5
5
5
5
5
5
5
5
5
5
5
5
5
5
5
5
5
5
5
5
5
5
5
5
5
5
5
5
5
5
5
5
5
5
5
5
5
5
5
5
5
5
5
5
5
5
5
5
5
5
5
5
5
5
5
5
5
5
5
5
5
5
5
5
5
5
5
5
5
5
5
5
5
5
5
5
5
5
5
5
5
5
5
5
5
5
5
5
5
5
5
5
5
5
5
5
5
5
5
5
5
5
5
5
5
5
5
5
5
5
5
5
5
5
5
5
5
5
5
5
5
5
5
5
5
5
5
5
5
5
5
5
5
5
5
5
5
5
5
5
5
5
5
5
5
5
5
5
5
5
5
5
5
5
5
5
5
5
5
5
5
5
5
5
5
5
5
5
5
5
5
5
5
5
5
5
5
5
5
5
5
5
5
5
5
5
5
5
5
5
5
5
5
5
5
5
5
5
5
5
5
5
5
5
5
5
5
5
5
5
5
5
5
5
5
5
5
5
5
5
5
5
5
5
5
5
5
5
5
5
5
5
5
5
5
5
5
5
5
5
5
5
5
5
5
5
5
5
5
5
5
5
5
5
5
5
5
5
5
5
5
5
5
5
5
5
5
5
5
5
5
5
5
5
5
5
5
5
5
5
5
5
5
5
5
5
5
5
5
5
5
5
5
5
5
5
5
5
5
5
5
5
5
5
5
5
5
5
5
5
5
5
5
5
5
5
5
5
5
5
5
5
5
5
5
5
5
5
5
5
5
5
5
5
5
5
5
5
5
5
5
5
5
5
5
5
5
5
5
5
5
5
5
5
5
5
5
5
5
5
5
5
5
5
5
5
5
5
5
5
5
5
5
5
5
5
5
5
5
5
5
5
5
5
5
5
5
5
5
5
5
5
5
5
5
5
5
5
5
5
5
5
5
5
5
5
5
5
5
5
5
5
5
5
5
5
5
5
5
5
5
5
5
5
5
5
5
5
5
5
5
5
5
5
5
5
5
5
5
5
5
5
5
5
5
5
5
5
5
5
5
5
5
5
5
5
5
5
5
5
5
5
5
5
5
5
5
5
5
5
5
5
5
5
5
5
5
5
5
5
5
5
5
5
5
5
5
5
5
5
5
5
5
5
5
5
5
5
5
5
5
5
5
5
5
5
5
5
5
5
5
5
5
5
5
5
5
5
5
5
5
5
5
5
5
5
5
5
5
5
5
5
5
5
5
5
5
5
5
5
5
5
5
5
5
5
5
5
5
5
5
5
5
5
5
5
5
5
5
5
5
5
5
5
5
5
5
5
5
5
5
5
5
5
5
5
5
5
5
5
5
5
5
5
5
5
5
5
5
5
5
5
5
5
5
5
5
5
5
5
5
5
5
5
5
5
5
5
5
5
5
5
5
5
5
5
5
5
5
5
5
5
5
5
5
5
5
5
5
5
5
5
5
5
5
5
5
5
5
5
5
5
5
5
5
5
5
5
5
5
5
5
5
5
5
5
5
5
5
5
5
5
5
5
5
5
5
5
5
5
5
5
5
5
5
5
5
5
5
5
5
5
5
5
5
5
5
5
5
5
5
5
5
5
5
5
5
5
5
5
5
5
5
5
5
5
5
5
5
5
5
5
5
5
5
5
5
5
5
5
5
5
5
5
5
5
5
5
5
5
5
5
5
5
5
5
5
5
5
5
5
5
5
5
5
5
5
5
5
5
5
5
5
5
5
5
5
5
5
5
5
5
5
5
5
5
5
5
5
5
5
5
5
5
5
5
5
5
5
5
5
5
5
5
5
5
5
5
5
5
5
5
5
5
5
5
5
5
5
5
5
5
5
5
5
5
5
5
5
5
5
5
5
5
5
5
5
5
5
5
5
5
5
5
5
5
5
5
5
5
5
5
5
5
5
5
5
5
5
5
5
5
5
5
5
5
5
5
5
5
5
5
5
5
5
5
5
5
5
5
5
5
5
5
5
5
5
5
5
5
5
5
5
5
5
5
5
5
5
5
5
5
5
5
5
5
5
5
5
5
5
5
5
5
5
5
5
5
5
5
5
5
5
5
5
5
5
5
5
5
5
5
5
5
5
5
5
5
5
5
5
5
5
5
5
5
5
5
5
5
5
5
5
5
5
5
5
5
5
5
5
5
5
5
5
5
5
5
5
5
5
5
5
5
5
5
5
5
5
5
5
5
5
5
5
5
5
5
5
5
5
5
5
5
5
5
5
5
5
5
5
5
5
5
5
5
5
5
5
5
5
5
5
5
5
5
5
5
5
5
5
5
5
5
5
5
5
5
5
5
5
5
5
5
5
5
5
5
5
5
5
5
5
5
5
5
5
5
5
5
5
5
5
5
5
5
5
5
5
5
5
5
5
5
5
5
5
5
5
5
5
5
5
5
5
5
5
5
5
5
5
5
5
5
5
5
5
5
5
5
5
5
5
5
5
5
5
5
5
5
5
5
5
5
5
5
5
5
5
5
5
5
5
5
5
5
5
5
5
5
5
5
5
5
5
5
5
5
5
5
5
5
5
5
5
5
5
5
5
5
5
5
5
5
5
5
5
5
5
5
5
5
5
5
5
5
5
5
5
5
5
5
5
5
5
5
5
5
5
5
5
5
5
5
5
5
5
5
5
5
5
5
5
5
5
5
5
5
5
5
5
5
5
5
5
5
5
5
5
5
5
5
5
5
5
5
5
5
5
5
5
5
5
5
5
5
5
5
5
5
5
5
5
5
5
5
5
5
5
5
5
5
5
5
5
5
5
5
5
5
5
5
5
5
5
5
5
5
5
5
5
5
5
5
5
5
5
5
5
5
5
5
5
5
5
5
5
5
5
5
5
5
5
5
5
5
5
5
5
5
5
5
5
5
5
5
5
5
5
5
5
5
5
5
5
5
5
5
5
5
5
5
5
5
5
5
5
5
5
5
5
5
5
5
5
5
5
5
5
5
5
5
5
5
5
5
5
5
5
5
5
5
5
5
5
5
5
5
5
5
5
5
5
5
5
5
5
5
5
5
5
5
5
5
5
5
5
5
5
5
5
5
5
5
5
5
5
5
5
5
5
5
5
5
5
5
5
5
5
5
5
5
5
5
5
5
5
5
5
5
5
5
5
5
5
5
5
5
5
5
5
5
5
5
5
5
5
5
5
5
5
5
5
5
5
5
5
5
5
5
5
5
5
5
5
5
5
5
5
5
5
5
5
5
5
5
5
5
5
5
5
5
5
5
5
5
5
5
5
5
5
5
5
5
5
5
5
5
5
5
5
5
5
5
5
5
5
5
5
5
5
5
5
5
5
5
5
5
5
5
5
5
5
5
5
5
5
5
5
5
5
5
5
5
5
5
5
5
5
5
5
5
5
5
5
5
5
5
5
5
5
5
5
5
5
5
5
5
5
5
5
5
5
5
5
5
5
5
5
5
5
5
5
5
5
5
5
5
5
5
5
5
5
5
5
5
5
5
5
5
5
5
5
5
5
5
5
5
5
5
5
5
5
5
5
5
5
5
5
5
5
5
5
5
5
5
5
5
5
5
5
5
5
5
5
5
5
5
5
5
5
5
5
5
5
5
5
5
5
5
5
5
5
5
5
5
5
5
5
5
5
5
5
5
5
5
5
5
5
5
5
5
5
5
5
5
5
5
5
5
5
5
5
5
5
5
5
5
5
5
5
5
5
5
5
5
5
5
5
5
5
5
5
5
5
5
5
5
5
5
5
5
5
5
5
5
5
5
5
5
5
5
5
5
5
5
5
5
5
5
5
5
5
5
5
5
5
5
5
5
5
5
5
5
5
5
5
5
5
5
5
5
5
5
5
5
5
5
5
5
5
5
5
5
5
5
5
5
5
5
5
5
5
5
5
5
5
5
5
5
5
5
5
5
5
5
5
5
5
5
5
5
5
5
5
5
5
5
5
5
5
5
5
5
5
5
5
5
5
5
5
5
5
5
5
5
5
5
5
5
5
5
5
5
5
5
5
5
5
5
5
5
5
5
5
5
5
5
5
5
5
5
5
5
5
5
5
5
5
5
5
5
5
5
5
5
5
5
5
5
5
5
5
5
5
5
5
5
5
5
5
5
5
5
5
5
5
5
5
5
5
5
5
5
5
5
5
5
5
5
5
5
5
5
5
5
5
5
5
5
5
5
5
5
5
5
5
5
5
5
5
5
5
5
5
5
5
5
5
5
5
5
5
5
5
5
5
5
5
5
5
5
5
5
5
5
5
5
5
5
5
5
5
5
5
5
5
5
5
5
5
5
5
5
5
5
5
5
5
5
5
5
5
5
5
5
5
5
5
5
5
5
5
5
5
5
5
5
5
5
5
5
5
5
5
5
5
5
5
5
5
5
5
5
5
5
5
5
5
5
5
5
5
5
5
5
5
5
5
5
5
5
5
5
5
5
5
5
5
5
5
5
5
5
5
5
5
5
5
5
5
5
5
5
5
5
5
5
5
5
5
5
5
5
5
5
5
5
5
5
5
5
5
5
5
5
5
5
5
5
5
5
5
5
5
5
5
5
5
5
5
5
5
5
5
5
5
5
5
5
5
5
5
5
5
5
5
5
5
5
5
5
5
5
5
5
5
5
5
5
5
5
5
5
5
5
5
5
5
5
5
5
5
5
5
5
5
5
5
5
5
5
5
5
5
5
5
5
5
5
5
5
5
5
5
5
5
5
5
5
5
5
5
5
5
5
5
5
5
5
5
5
5
5
5
5
5
5
5
5
5
5
5
5
5
5
5
5
5
5
5
5
5
5
5
5
5
5
5
5
5
5
5
5
5
5
5
5
5
5
5
5
5
5
5
5
5
5
5
5
5
5
5
5
5
5
5
5
5
5
5
5
5
5
5
5
5
5
5
5
5
5
5
5
5
5
5
5
5
5
5
5
5
5
5
5
5
5
5
5
5
5
5
5
5
5
5
5
5
5
5
5
5
5
5
5
5
5
5
5
5
5
5
5
5
5
5
5
5
5
5
5
5
5
5
5
5
5
5
5
5
5
5
5
5
5
5
5
5
5
5
5
5
5
5
5
5
5
5
5
5
5
5
5
5
5
5
5
5
5
5
5
5
5
5
5
5
5
5
5
5
5
5
5
5
5
5
5
5
5
5
5
5
5
5
5
5
5
5
5
5
5
5
5
5
5
5
5
5
5
5
5
5
5
5
5
5
5
5
5
5
5
5
5
5
5
5
5
5
5
5
5
5
5
5
5
5
5
5
5
5
5
5
5
5
5
5
5
5
5
5
5
5
5
5
5
5
5
5
5
5
5
5
5
5
5
5
5
5
5
5
5
5
5
5
5
5
5
5
5
5
5
5
5
5
5
5
5
5
5
5
5
5
5
5
5
5
5
5
5
5
5
5
5
5
5
5
5
5
5
5
5
5
5
5
5
5
5
5
5
5
5
5
5
5
5
5
5
5
5
5
5
5
5
5
5
5
5
5
5
5
5
5
5
5
5
5
5
5
5
5
5
5
5
5
5
5
5
5
5
5
5
5
5
5
5
5
5
5
5
5
5
5
5
5
5
5
5
5
5
5
5
5
5
5
5
5
5
5
5
5
5
5
5
5
5
5
5
5
5
5
5
5
5
5
5
5
5
5
5
5
5
5
5
5
5
5
5
5
5
5
5
5
5
5
5
5
5
5
5
5
5
5
5
5
5
5
5
5
5
5
5
5
5
5
5
5
5
5
5
5
5
5
5
5
5
5
5
5
5
5
5
5
5
5
5
5
5
5
5
5
5
5
5
5
5
5
5
5
5
5
5
5
5
5
5
5
5
5
5
5
5
5
5
5
5
5
5
5
5
5
5
5
5
5
5
5
5
5
5
5
5
5
5
5
5
5
5
5
5
5
5
5
5
5
5
5
5
5
5
5
5
5
5
5
5
5
5
5
5
5
5
5
5
5
5
5
5
5
5
5
5
5
5
5
5
5
5
5
5
5
5
5
5
5
5
5
5
5
5
5
5
5
5
5
5
5
5
5
5
5
5
5
5
5
5
5
5
5
5
5
5
5
5
5
5
5
5
5
5
5
5
5
5
5
5
5
5
5
5
5
5
5
5
5
5
5
5
5
5
5
5
5
5
5
5
5
5
5
5
5
5
5
5
5
5
5
5
5
5
5
5
5
5
5
5
5
5
5
5
5
5
5
5
5
5
5
5
5
5
5
5
5
5
5
5
5
5
5
5
5
5
5
5
5
5
5
5
5
5
5
5
5
5
5
5
5
5
5
5
5
5
5
5
5
5
5
5
5
5
5
5
5
5
5
5
5
5
5
5
5
5
5
5
5
5
5
5
5
5
5
5
5
5
5
5
5
5
5
5
5
5
5
5
5
5
5
5
5
5
5
5
5
5
5
5
5
5
5
5
5
5
5
5
5
5
5
5
5
5
5
5
5
5
5
5
5
5
5
5
5
5
5
5
5
5
5
5
5
5
5
5
5
5
5
5
5
5
5
5
5
5
5
5
5
5
5
5
5
5
5
5
5
5
5
5
5
5
5
5
5
5
5
5
5
5
5
5
5
5
5
5
5
5
5
5
5
5
5
5
5
5
5
5
5
5
5
5
5
5
5
5
5
5
5
5
5
5
5
5
5
5
5
5
5
5
5
5
5
5
5
5
5
5
5
5
5
5
5
5
5
5
5
5
5
5
5
5
5
5
5
5
5
5
5
5
5
5
5
5
5
5
5
5
5
5
5
5
5
5
5
5
5
5
5
5
5
5
5
5
5
5
5
5
5
5
5
5
5
5
5
5
5
5
5
5
5
5
5
5
5
5
5
5
5
5
5
5
5
5
5
5
5
5
5
5
5
5
5
5
5
5
5
5
5
5
5
5
5
5
5
5
5
5
5
5
5
5
5
5
5
5
5
5
5
5
5
5
5
5
5
5
5
5
5
5
5
5
5
5
5
5
5
5
5
5
5
5
5
5
5
5
5
5
5
5
5
5
5
5
5
5
5
5
5
5
5
5
5
5
5
5
5
5
5
5
5
5
5
5
5
5
5
5
5
5
5
5
5
5
5
5
5
5
5
5
5
5
5
5
5
5
5
5
5
5
5
5
5
5
5
5
5
5
5
5
5
5
5
5
5
5
5
5
5
5
5
5
5
5
5
5
5
5
5
5
5
5
5
5
5
5
5
5
5
5
5
5
5
5
5
5
5
5
5
5
5
5
5
5
5
5
5
5
5
5
5
5
5
5
5
5
5
5
5
5
5
5
5
5
5
5
5
5
5
5
5
5
5
5
5
5
5
5
5
5
5
5
5
5
5
5
5
5
5
5
5
5
5
5
5
5
5
5
5
5
5
5
5
5
5
5
5
5
5
5
5
5
5
5
5
5
5
5
5
5
5
5
5
5
5
5
5
5
5
5
5
5
5
5
5
5
5
5
5
5
5
5
5
5
5
5
5
5
5
5
5
5
5
5
5
5
5
5
5
5
5
5
5
5
5
5
5
5
5
5
5
5
5
5
5
5
5
5
5
5
5
5
5
5
5
5
5
5
5
5
5
5
5
5
5
5
5
5
5
5
5
5
5
5
5
5
5
5
5
5
5
5
5
5
5
5
5
5
5
5
5
5
5
5
5
5
5
5
5
5
5
5
5
5
5
5
5
5
5
5
5
5
5
5
5
5
5
5
5
5
5
5
5
5
5
5
5
5
5
5
5
5
5
5
5
5
5
5
5
5
5
5
5
5
5
5
5
5
5
5
5
5
5
5
5
5
5
5
5
5
5
5
5
5
5
5
5
5
5
5
5
5
5
5
5
5
5
5
5
5
5
5
5
5
5
5
5
5
5
5
5
5
5
5
5
5
5
5
5
5
5
5
5
5
5
5
5
5
5
5
5
5
5
5
5
5
5
5
5
5
5
5
5
5
5
5
5
5
5
5
5
5
5
5
5
5
5
5
5
5
5
5
5
5
5
5
5
5
5
5
5
5
5
5
5
5
5
5
5
5
5
5
5
5
5
5
5
5
5
5
5
5
5
5
5
5
5
5
5
5
5
5
5
5
5
5
5
5
5
5
5
5
5
5
5
5
5
5
5
5
5
5
5
5
5
5
5
5
5
5
5
5
5
5
5
5
5
5
5
5
5
5
5
5
5
5
5
5
5
5
5
5
5
5
5
5
5
5
5
5
5
5
5
5
5
5
5
5
5
5
5
5
5
5
5
5
5
5
5
5
5
5
5
5
5
5
5
5
5
5
5
5
5
5
5
5
5
5
5
5
5
5
5
5
5
5
5
5
5
5
5
5
5
5
5
5
5
5
5
5
5
5
5
5
5
5
5
5
5
5
5
5
5
5
5
5
5
5
5
5
5
5
5
5
5
5
5
5
5
5
5
5
5
5
5
5
5
5
5
5
5
5
5
5
5
5
5
5
5
5
5
5
5
5
5
5
5
5
5
5
5
5
5
5
5
5
5
5
5
5
5
5
5
5
5
5
5
5
5
5
5
5
5
5
5
5
5
5
5
5
5
5
5
5
5
5
5
5
5
5
5
5
5
5
5
5
5
5
5
5
5
5
5
5
5
5
5
5
5
5
5
5
5
5
5
5
5
5
5
5
5
5
5
5
5
5
5
5
5
5
5
5
5
5
5
5
5
5
5
5
5
5
5
5
5
5
5
5
5
5
5
5
5
5
5
5
5
5
5
5
5
5
5
5
5
5
5
5
5
5
5
5
5
5
5
5
5
5
5
5
5
5
5
5
5
5
5
5
5
5
5
5
5
5
5
5
5
5
5
5
5
5
5
5
5
5
5
5
5
5
5
5
5
5
5
5
5
5
5
5
5
5
5
5
5
5
5
5
5
5
5
5
5
5
5
5
5
5
5
5
5
5
5
5
5
5
5
5
5
5
5
5
5
5
5
5
5
5
5
5
5
5
5
5
5
5
5
5
5
5
5
5
5
5
5
5
5
5
5
5
5
5
5
5
5
5
5
5
5
5
5
5
5
5
5
5
5
5
5
5
5
5
5
5
5
5
5
5
5
5
5
5
5
5
5
5
5
5
5
5
5
5
5
5
5
5
5
5
5
5
5
5
5
5
5
5
5
5
5
5
5
5
5
5
5
5
5
5
5
5
5
5
5
5
5
5
5
5
5
5
5
5
5
5
5
5
5
5
5
5
5
5
5
5
5
5
5
5
5
5
5
5
5
5
5
5
5
5
5
5
5
5
5
5
5
5
5
5
5
5
5
5
5
5
5
5
5
5
5
5
5
5
5
5
5
5
5
5
5
5
5
5
5
5
5
5
5
5
5
5
5
5
5
5
5
5
5
5
5
5
5
5
5
5
5
5
5
5
5
5
5
5
5
5
5
5
5
5
5
5
5
5
5
5
5
5
5
5
5
5
5
5
5
5
5
5
5
5
5
5
5
5
5
5
5
5
5
5
5
5
5
5
5
5
5
5
5
5
5
5
5
5
5
5
5
5
5
5
5
5
5
5
5
5
5
5
5
5
5
5
5
5
5
5
5
5
5
5
5
5
5
5
5
5
5
5
5
5
5
5
5
5
5
5
5
5
5
5
5
5
5
5
5
5
5
5
5
5
5
5
5
5
5
5
5
5
5
5
5
5
5
5
5
5
5
5
5
5
5
5
5
5
5
5
5
5
5
5
5
5
5
5
5
5
5
5
5
5
5
5
5
5
5
5
5
5
5
5
5
5
5
5
5
5
5
5
5
5
5
5
5
5
5
5
5
5
5
5
5
5
5
5
5
5
5
5
5
5
5
5
5
5
5
5
5
5
5
5
5
5
5
5
5
5
5
5
5
5
5
5
5
5
5
5
5
5
5
5
5
5
5
5
5
5
5
5
5
5
5
5
5
5
5
5
5
5
5
5
5
5
5
5
5
5
5
5
5
5
5
5
5
5
5
5
5
5
5
5
5
5
5
5
5
5
5
5
5
5
5
5
5
5
5
5
5
5
5
5
5
5
5
5
5
5
5
5
5
5
5
5
5
5
5
5
5
5
5
5
5
5
5
5
5
5
5
5
5
5
5
5
5
5
5
5
5
5
5
5
5
5
5
5
5
5
5
5
5
5
5
5
5
5
5
5
5
5
5
5
5
5
5
5
5
5
5
5
5
5
5
5
5
5
5
5
5
5
5
5
5
5
5
5
5
5
5
5
5
5
5
5
5
5
5
5
5
5
5
5
5
5
5
5
5
5
5
5
5
5
5
5
5
5
5
5
5
5
5
5
5
5
5
5
5
5
5
5
5
5
5
5
5
5
5
5
5
5
5
5
5
5
5
5
5
5
5
5
5
5
5
5
5
5
5
5
5
5
5
5
5
5
5
5
5
5
5
5
5
5
5
5
5
5
5
5
5
5
5
5
5
5
5
5
5
5
5
5
5
5
5
5
5
5
5
5
5
5
5
5
5
5
5
5
5
5
5
5
5
5
5
5
5
5
5
5
5
5
5
5
5
5
5
5
5
5
5
5
5
5
5
5
5
5
5
5
5
5
5
5
5
5
5
5
5
5
5
5
5
5
5
5
5
5
5
5
5
5
5
5
5
5
5
5
5
5
5
5
5
5
5
5
5
5
5
5
5
5
5
5
5
5
5
5
5
5
5
5
5
5
5
5
5
5
5
5
5
5
5
5
5
5
5
5
5
5
5
5
5
5
5
5
5
5
5
5
5
5
5
5
5
5
5
5
5
5
5
5
5
5
5
5
5
5
5
5
5
5
5
5
5
5
5
5
5
5
5
5
5
5
5
5
5
5
5
5
5
5
5
5
5
5
5
5
5
5
5
5
5
5
5
5
5
5
5
5
5
5
5
5
5
5
5
5
5
5
5
5
5
5
5
5
5
5
5
5
5
5
5
5
5
5
5
5
5
5
5
5
5
5
5
5
5
5
5
5
5
5
5
5
5
5
5
5
5
5
5
5
5
5
5
5
5
5
5
5
5
5
5
5
5
5
5
5
5
5
5
5
5
5
5
5
5
5
5
5
5
5
5
5
5
5
5
5
5
5
5
5
5
5
5
5
5
5
5
5
5
5
5
5
5
5
5
5
5
5
5
5
5
5
5
5
5
5
5
5
5
5
5
5
5
5
5
5
5
5
5
5
5
5
5
5
5
5
5
5
5
5
5
5
5
5
5
5
5
5
5
5
5
5
5
5
5
5
5
5
5
5
5
5
5
5
5
5
5
5
5
5
5
5
5
5
5
5
5
5
5
5
5
5
5
5
5
5
5
5
5
5
5
5
5
5
5
5
5
5
5
5
5
5
5
5
5
5
5
5
5
5
5
5
5
5
5
5
5
5
5
5
5
5
5
5
5
5
5
5
5
5
5
5
5
5
5
5
5
5
5
5
5
5
5
5
5
5
5
5
5
5
5
5
5
5
5
5
5
5
5
5
5
5
5
5
5
5
5
5
5
5
5
5
5
5
5
5
5
5
5
5
5
5
5
5
5
5
5
5
5
5
5
5
5
5
5
5
5
5
5
5
5
5
5
5
5
5
5
5
5
5
5
5
5
5
5
5
5
5
5
5
5
5
5
5
5
5
5
5
5
5
5
5
5
5
5
5
5
5
5
5
5
5
5
5
5
5
5
5
5
5
5
5
5
5
5
5
5
5
5
5
5
5
5
5
5
5
5
5
5
5
5
5
5
5
5
5
5
5
5
5
5
5
5
5
5
5
5
5
5
5
5
5
5
5
5
5
5
5
5
5
5
5
5
5
5
5
5
5
5
5
5
5
5
5
5
5
5
5
5
5
5
5
5
5
5
5
5
5
5
5
5
5
5
5
5
5
5
5
5
5
5
5
5
5
5
5
5
5
5
5
5
5
5
5
5
5
5
5
5
5
5
5
5
5
5
5
5
5
5
5
5
5
5
5
5
5
5
5
5
5
5
5
5
5
5
5
5
5
5
5
5
5
5
5
5
5
5
5
5
5
5
5
5
5
5
5
5
5
5
5
5
5
5
5
5
5
5
5
5
5
5
5
5
5
5
5
5
5
5
5
5
5
5
5
5
5
5
5
5
5
5
5
5
5
5
5
5
5
5
5
5
5
5
5
5
5
5
5
5
5
5
5
5
5
5
5
5
5
5
5
5
5
5
5
5
5
5
5
5
5
5
5
5
5
5
5
5
5
5
5
5
5
5
5
5
5
5
5
5
5
5
5
5
5
5
5
5
5
5
5
5
5
5
5
5
5
5
5
5
5
5
5
5
5
5
5
5
5
5
5
5
5
5
5
5
5
5
5
5
5
5
5
5
5
5
5
5
5
5
5
5
5
5
5
5
5
5
5
5
5
5
5
5
5
5
5
5
5
5
5
5
5
5
5
5
5
5
5
5
5
5
5
5
5
5
5
5
5
5
5
5
5
5
5
5
5
5
5
5
5
5
5
5
5
5
5
5
5
5
5
5
5
5
5
5
5
5
5
5
5
5
5
5
5
5
5
5
5
5
5
5
5
5
5
5
5
5
5
5
5
5
5
5
5
5
5
5
5
5
5
5
5
5
5
5
5
5
5
5
5
5
5
5
5
5
5
5
5
5
5
5
5
5
5
5
5
5
5
5
5
5
5
5
5
5
5
5
5
5
5
5
5
5
5
5
5
5
5
5
5
5
5
5
5
5
5
5
5
5
5
5
5
5
5
5
5
5
5
5
5
5
5
5
5
5
5
5
5
5
5
5
5
5
5
5
5
5
5
5
5
5
5
5
5
5
5
5
5
5
5
5
5
5
5
5
5
5
5
5
5
5
5
5
5
5
5
5
5
5
5
5
5
5
5
5
5
5
5
5
5
5
5
5
5
5
5
5
5
5
5
5
5
5
5
5
5
5
5
5
5
5
5
5
5
5
5
5
5
5
5
5
5
5
5
5
5
5
5
5
5
5
5
5
5
5
5
5
5
5
5
5
5
5
5
5
5
5
5
5
5
5
5
5
5
5
5
5
5
5
5
5
5
5
5
5
5
5
5
5
5
5
5
5
5
5
5
5
5
5
5
5
5
5
5
5
5
5
5
5
5
5
5
5
5
5
5
5
5
5
5
5
5
5
5
5
5
5
5
5
5
5
5
5
5
5
5
5
5
5
5
5
5
5
5
5
5
5
5
5
5
5
5
5
5
5
5
5
5
5
5
5
5
5
5
5
5
5
5
5
5
5
5
5
5
5
5
5
5
5
5
5
5
5
5
5
5
5
5
5
5
5
5
5
5
5
5
5
5
5
5
5
5
5
5
5
5
5
5
5
5
5
5
5
5
5
5
5
5
5
5
5
5
5
5
5
5
5
5
5
5
5
5
5
5
5
5
5
5
5
5
5
5
5
5
5
5
5
5
5
5
5
5
5
5
5
5
5
5
5
5
5
5
5
5
5
5
5
5
5
5
5
5
5
5
5
5
5
5
5
5
5
5
5
5
5
5
5
5
5
5
5
5
5
5
5
5
5
5
5
5
5
5
5
5
5
5
5
5
5
5
5
5
5
5
5
5
5
5
5
5
5
5
5
5
5
5
5
5
5
5
5
5
5
5
5
5
5
5
5
5
5
5
5
5
5
5
5
5
5
5
5
5
5
5
5
5
5
5
5
5
5
5
5
5
5
5
5
5
5
5
5
5
5
5
5
5
5
5
5
5
5
5
5
5
5
5
5
5
5
5
5
5
5
5
5
5
5
5
5
5
5
5
5
5
5
5
5
5
5
5
5
5
5
5
5
5
5
5
5
5
5
5
5
5
5
5
5
5
5
5
5
5
5
5
5
5
5
5
5
5
5
5
5
5
5
5
5
5
5
5
5
5
5
5
5
5
5
5
5
5
5
5
5
5
5
5
5
5
5
5
5
5
5
5
5
5
5
5
5
5
5
5
5
5
5
5
5
5
5
5
5
5
5
5
5
5
5
5
5
5
5
5
5
5
5
5
5
5
5
5
5
5
5
5
5
5
5
5
5
5
5
5
5
5
5
5
5
5
5
5
5
5
5
5
5
5
5
5
5
5
5
5
5
5
5
5
5
5
5
5
5
5
5
5
5
5
5
5
5
5
5
5
5
5
5
5
5
5
5
5
5
5
5
5
5
5
5
5
5
5
5
5
5
5
5
5
5
5
5
5
5
5
5
5
5
5
5
5
5
5
5
5
5
5
5
5
5
5
5
5
5
5
5
5
5
5
5
5
5
5
5
5
5
5
5
5
5
5
5
5
5
5
5
5
5
5
5
5
5
5
5
5
5
5
5
5
5
5
5
5
5
5
5
5
5
5
5
5
5
5
5
5
5
5
5
5
5
5
5
5
5
5
5
5
5
5
5
5
5
5
5
5
5
5
5
5
5
5
5
5
5
5
5
5
5
5
5
5
5
5
5
5
5
5
5
5
5
5
5
5
5
5
5
5
5
5
5
5
5
5
5
5
5
5
5
5
5
5
5
5
5
5
5
5
5
5
5
5
5
5
5
5
5
5
5
5
5
5
5
5
5
5
5
5
5
5
5
5
5
5
5
5
5
5
5
5
5
5
5
5
5
5
5
5
5
5
5
5
5
5
5
5
5
5
5
5
5
5
5
5
5
5
5
5
5
5
5
5
5
5
5
5
5
5
5
5
5
5
5
5
5
5
5
5
5
5
5
5
5
5
5
5
5
5
5
5
5
5
5
5
5
5
5
5
CELL_DATA 6937
SCALARS sample_scalars double 2
LOOKUP_TABLE default
359.116	0	
359.116	0	
151.12	0	
359.116	0	
359.116	0	
189.159	0	
174.542	0	
359.116	0	
230.252	0	
359.116	0	
835.397	0	
211.341	0	
359.116	0	
220.751	0	
736.721	0	
175.818	0	
186.657	0	
1206.24	0	
207.143	0	
837.057	0	
662.336	0	
199.568	0	
1054.91	0	
182.771	0	
212.832	0	
216.27	0	
226.497	0	
195.985	0	
206.435	0	
187.908	0	
176.539	0	
200.211	0	
309.946	0	
194.134	0	
189.715	0	
201.286	0	
197.273	0	
200.369	0	
184.748	0	
193.786	0	
503.544	0	
221.563	0	
193.989	0	
197.741	0	
189.197	0	
282.228	0	
172.354	0	
214.132	0	
247.524	0	
190.175	0	
312.616	0	
192.851	0	
507.347	0	
189.488	0	
178.655	0	
184.804	0	
186.632	0	
220.767	0	
220.169	0	
183.241	0	
219.356	0	
188.841	0	
231.609	0	
234.761	0	
188.419	0	
234.332	0	
239.821	0	
206.391	0	
260.794	0	
185.626	0	
221.623	0	
200.915	0	
150.228	0	
180.298	0	
234.463	0	
213.27	0	
191.599	0	
232.495	0	
186.515	0	
213.671	0	
230.627	0	
214.433	0	
207.19	0	
216.407	0	
208.391	0	
216.965	0	
214.88	0	
205.167	0	
213.84	0	
217.104	0	
205.481	0	
219.016	0	
192.176	0	
219.213	0	
205.147	0	
210.467	0	
210.676	0	
200.126	0	
214.103	0	
202.659	0	
200.976	0	
213.474	0	
205.685	0	
192.797	0	
217.943	0	
201.254	0	
219.71	0	
195.227	0	
210.543	0	
202.03	0	
217.59	0	
195.766	0	
211.363	0	
176.618	0	
193.906	0	
211.855	0	
235.286	0	
198.872	0	
217.635	0	
198.236	0	
207.27	0	
176.937	0	
188.398	0	
227.662	0	
206.311	0	
199.716	0	
199.013	0	
214.777	0	
204.699	0	
198.892	0	
195.034	0	
217.089	0	
210.672	0	
212.122	0	
205.377	0	
186.532	0	
184.732	0	
198.326	0	
195.347	0	
214.678	0	
211.997	0	
206.638	0	
193.452	0	
207.242	0	
210.674	0	
231.056	0	
216.562	0	
198.392	0	
225.445	0	
192.55	0	
219.233	0	
205.037	0	
208.961	0	
204.988	0	
210.27	0	
195.387	0	
216.323	0	
190.092	0	
202.991	0	
185.135	0	
215.629	0	
196.074	0	
215.415	0	
183.429	0	
192.453	0	
186.682	0	
189.12	0	
234.655	0	
189.69	0	
200.669	0	
201.568	0	
192.441	0	
197.535	0	
186.826	0	
184.76	0	
204.832	0	
192.957	0	
223.305	0	
198.291	0	
183.448	0	
227.501	0	
186.943	0	
187.616	0	
217.623	0	
188.895	0	
202.961	0	
188.644	0	
226.171	0	
195.452	0	
215.093	0	
193.864	0	
186.887	0	
226.132	0	
198.029	0	
188.919	0	
232.694	0	
175.097	0	
197.94	0	
221.128	0	
191.868	0	
178.995	0	
168.36	0	
200.237	0	
209.354	0	
197.537	0	
198.579	0	
193.013	0	
186.345	0	
197.147	0	
174.036	0	
203.522	0	
177.546	0	
165.101	0	
219.784	0	
170.982	0	
258.739	0	
194.079	0	
162.382	0	
188.807	0	
163.321	0	
179.437	0	
187.894	0	
174.693	0	
195.245	0	
180.494	0	
194.839	0	
197.309	0	
201.425	0	
173.525	0	
225.159	0	
194.428	0	
174.673	0	
170.398	0	
178.098	0	
169.714	0	
186.329	0	
174.852	0	
181.842	0	
195.505	0	
185.152	0	
169.527	0	
184.314	0	
195.34	0	
187.458	0	
159.555	0	
186.641	0	
183.191	0	
210.462	0	
179.074	0	
196.428	0	
174.483	0	
168.363	0	
199.078	0	
168.735	0	
192.896	0	
180.909	0	
192.301	0	
200.791	0	
186.388	0	
237.984	0	
172.552	0	
174.287	0	
213.62	0	
176.897	0	
249.503	0	
187.718	0	
206.05	0	
184.859	0	
182.577	0	
229.509	0	
194.541	0	
222.59	0	
204.699	0	
205.77	0	
255.689	0	
178.61	0	
193.394	0	
246.683	0	
190.971	0	
246.319	0	
182.451	0	
205.168	0	
238.714	0	
190.047	0	
190.86	0	
194.879	0	
197.858	0	
193.251	0	
200.609	0	
180.524	0	
225.066	0	
224.326	0	
237.189	0	
251.256	0	
228.352	0	
226.678	0	
226.702	0	
212.844	0	
226.448	0	
202.831	0	
187.173	0	
222.253	0	
215.281	0	
212.739	0	
253.821	0	
214.906	0	
249.751	0	
218.68	0	
186.505	0	
195.001	0	
369.291	0	
189.555	0	
186.987	0	
217.3	0	
211.358	0	
184.621	0	
179.545	0	
192.22	0	
179.882	0	
181.934	0	
186.662	0	
177.208	0	
185.201	0	
180.296	0	
192.66	0	
189.672	0	
198.964	0	
196.642	0	
205.579	0	
171.494	0	
201.363	0	
195.804	0	
172.227	0	
184.012	0	
184.646	0	
202.046	0	
204.551	0	
191.243	0	
206.299	0	
200.715	0	
202.6	0	
206.363	0	
178.149	0	
216.227	0	
162.331	0	
206.063	0	
181.507	0	
188.706	0	
198.185	0	
166.274	0	
217.105	0	
188.41	0	
195.668	0	
207.957	0	
214.558	0	
188.076	0	
208.388	0	
175.942	0	
223.937	0	
192.083	0	
186.702	0	
193.859	0	
193.627	0	
201.301	0	
206.982	0	
194.62	0	
187.794	0	
209.279	0	
182.876	0	
201.41	0	
199.476	0	
175.339	0	
222.162	0	
181.056	0	
205.667	0	
209.055	0	
207.056	0	
182.795	0	
165.004	0	
203.878	0	
210.933	0	
209.727	0	
218.594	0	
202.453	0	
217.903	0	
203.489	0	
211.389	0	
215.129	0	
209.108	0	
208.394	0	
202.711	0	
176.531	0	
184.506	0	
209.357	0	
196.508	0	
206.583	0	
204.691	0	
172.555	0	
200.203	0	
211.529	0	
169.797	0	
195.579	0	
171.036	0	
203.824	0	
178.734	0	
196.974	0	
196.268	0	
193.454	0	
206.801	0	
178.062	0	
180.824	0	
199.054	0	
181.788	0	
199.246	0	
201.528	0	
197.458	0	
189.985	0	
185.207	0	
179.033	0	
197.778	0	
158.561	0	
208.519	0	
185.316	0	
205.805	0	
237.842	0	
194.513	0	
196.958	0	
229.438	0	
202.816	0	
204.84	0	
178.722	0	
198.138	0	
208.174	0	
239.441	0	
196.051	0	
223.468	0	
233.438	0	
190.431	0	
207.876	0	
222.797	0	
233.055	0	
187.676	0	
200.373	0	
223.378	0	
184.149	0	
230.441	0	
191.699	0	
206.397	0	
227.884	0	
189.069	0	
151.559	0	
188.317	0	
189.965	0	
213.685	0	
189.509	0	
187.265	0	
208.733	0	
194.017	0	
199.116	0	
198.919	0	
225.916	0	
188.803	0	
230.731	0	
193.561	0	
359.116	0	
205.593	0	
359.116	0	
211.153	0	
206.782	0	
200.927	0	
189.302	0	
204.616	0	
202.202	0	
208.013	0	
199.481	0	
191.693	0	
204.569	0	
203.415	0	
194.843	0	
191.252	0	
201.059	0	
201.112	0	
189.537	0	
195.079	0	
230.274	0	
199.156	0	
198.744	0	
197.733	0	
192.799	0	
204.002	0	
197.835	0	
200.822	0	
210.117	0	
199.855	0	
201.653	0	
175.084	0	
188.239	0	
207.215	0	
189.77	0	
210.716	0	
196.029	0	
199.16	0	
199.051	0	
210.159	0	
234.092	0	
203.156	0	
192.566	0	
193.081	0	
173.225	0	
208.496	0	
185.485	0	
205.642	0	
198.221	0	
194.612	0	
222.082	0	
193.426	0	
204.139	0	
205.942	0	
178.648	0	
239.126	0	
194.986	0	
207.842	0	
190.183	0	
206.226	0	
218.616	0	
205.499	0	
195.433	0	
265.316	0	
205.791	0	
154.743	0	
177.819	0	
205.348	0	
169.953	0	
208.815	0	
196.142	0	
192.109	0	
206.745	0	
200.679	0	
202.784	0	
194.439	0	
191.299	0	
208.049	0	
200.075	0	
216.853	0	
180.671	0	
216.913	0	
204.002	0	
204.811	0	
209.68	0	
195.429	0	
205.419	0	
190.833	0	
191.341	0	
205.511	0	
215.019	0	
203.6	0	
193.751	0	
186.496	0	
200.308	0	
250.59	0	
206.479	0	
199.198	0	
216.838	0	
197.821	0	
208.903	0	
192.814	0	
193.23	0	
215.518	0	
193.932	0	
209.602	0	
184.647	0	
202.481	0	
218.809	0	
201.248	0	
200.856	0	
185.562	0	
195.819	0	
205.214	0	
199.392	0	
152.158	0	
199.741	0	
226.231	0	
160.975	0	
187.567	0	
191.717	0	
185.417	0	
197.322	0	
162.555	0	
196.186	0	
199.262	0	
181.157	0	
200.675	0	
189.331	0	
176.357	0	
174.474	0	
188.213	0	
190.005	0	
195.142	0	
183.811	0	
160.138	0	
181.516	0	
359.116	0	
195.23	0	
359.116	0	
359.116	0	
191.218	0	
359.116	0	
189.952	0	
200.63	0	
359.116	0	
185.601	0	
359.116	0	
359.116	0	
183.217	0	
359.116	0	
177.976	0	
359.116	0	
181.563	0	
167.205	0	
181.499	0	
196.124	0	
216.823	0	
207.839	0	
192.42	0	
206.402	0	
197.263	0	
184.455	0	
191.112	0	
190.814	0	
205.644	0	
188.175	0	
210.016	0	
192.958	0	
216.407	0	
198.586	0	
203.158	0	
192.87	0	
220.024	0	
194.699	0	
200.78	0	
219.221	0	
223.959	0	
215.12	0	
215.791	0	
199.487	0	
215.121	0	
207.742	0	
205.819	0	
197.902	0	
217.613	0	
208.677	0	
219.057	0	
216.86	0	
202.624	0	
242.018	0	
203.929	0	
210.026	0	
219.09	0	
178.424	0	
201.766	0	
193.369	0	
192.728	0	
199.8	0	
190.328	0	
192.819	0	
187.731	0	
197.237	0	
172.197	0	
182.692	0	
211.356	0	
212.661	0	
197.615	0	
207.255	0	
194.557	0	
203.535	0	
194.625	0	
205.431	0	
223.389	0	
204.046	0	
202.186	0	
198.409	0	
176.585	0	
195.105	0	
200.655	0	
206.985	0	
191.243	0	
201.122	0	
201.653	0	
178.011	0	
202.37	0	
198.22	0	
201.461	0	
200.581	0	
201.383	0	
202.096	0	
209.309	0	
202.775	0	
203.012	0	
205.625	0	
209.362	0	
202.42	0	
205.609	0	
206.865	0	
199.759	0	
202.019	0	
190.138	0	
201.154	0	
206.423	0	
197.758	0	
197.588	0	
194.97	0	
205.149	0	
197.021	0	
199.049	0	
222.515	0	
192.288	0	
174.43	0	
192.27	0	
198.211	0	
185.019	0	
195.479	0	
209.053	0	
191.061	0	
210.706	0	
203.909	0	
183.504	0	
192.867	0	
182.482	0	
190.212	0	
180.725	0	
187.276	0	
193.398	0	
193.599	0	
190.362	0	
191.527	0	
197.974	0	
209.354	0	
198.736	0	
194.869	0	
184.04	0	
194.811	0	
213.816	0	
203.155	0	
180.97	0	
194.436	0	
199.044	0	
192.912	0	
217.35	0	
209.41	0	
198.48	0	
196.039	0	
360.057	0	
178.898	0	
222.735	0	
199.347	0	
191.819	0	
201.235	0	
198.168	0	
194.565	0	
192.564	0	
200.936	0	
188.315	0	
183.887	0	
185.361	0	
188.268	0	
184.177	0	
190.522	0	
209.5	0	
225.593	0	
206.169	0	
191.266	0	
198.388	0	
227.527	0	
203.241	0	
195.8	0	
187.028	0	
188.319	0	
187.683	0	
196.851	0	
193.831	0	
165.402	0	
207.74	0	
193.635	0	
206.761	0	
206.844	0	
181.338	0	
191.917	0	
194.666	0	
182.32	0	
191.933	0	
187.387	0	
178.126	0	
181.385	0	
191.434	0	
185.058	0	
196.916	0	
200.392	0	
198.523	0	
201.684	0	
193.354	0	
199.063	0	
187.926	0	
202.241	0	
215.22	0	
228.548	0	
213.762	0	
217.722	0	
219.501	0	
219.432	0	
206.857	0	
194.208	0	
204.83	0	
210.695	0	
211.792	0	
197.809	0	
199.767	0	
199.134	0	
186.337	0	
196.833	0	
205.574	0	
193.69	0	
200.139	0	
201.836	0	
183.236	0	
202.695	0	
207.608	0	
205.882	0	
200.422	0	
185.944	0	
202.92	0	
204.158	0	
214.959	0	
203.919	0	
200.527	0	
196.81	0	
174.336	0	
185.798	0	
202.712	0	
195.998	0	
209.121	0	
197.231	0	
207.16	0	
204.773	0	
206.633	0	
197.498	0	
201.63	0	
205.886	0	
200.944	0	
202.722	0	
201.804	0	
198.333	0	
193.773	0	
192.286	0	
200.229	0	
200.782	0	
193.943	0	
207.487	0	
203.426	0	
197.091	0	
200.434	0	
198.429	0	
210.983	0	
182.084	0	
196.248	0	
204.614	0	
189.261	0	
253.529	0	
186.835	0	
185.21	0	
215.58	0	
190.776	0	
196.824	0	
189.172	0	
196.268	0	
192.271	0	
201.114	0	
227.463	0	
198.086	0	
195.466	0	
201.683	0	
187.239	0	
201.969	0	
184.698	0	
200.685	0	
200.633	0	
150.525	0	
199.017	0	
193.357	0	
233.217	0	
185.958	0	
192.313	0	
224.973	0	
219.705	0	
185.227	0	
184.96	0	
210.299	0	
172.813	0	
203.28	0	
211.669	0	
184.536	0	
193.079	0	
180.675	0	
295.873	0	
221.188	0	
188.484	0	
184.752	0	
192.772	0	
187.294	0	
192.667	0	
185.08	0	
186.547	0	
187.824	0	
183.886	0	
191.424	0	
195.511	0	
206.228	0	
207.814	0	
200.475	0	
191.547	0	
211.109	0	
196.146	0	
205.791	0	
202.463	0	
212.435	0	
204.687	0	
200.808	0	
203.073	0	
212.068	0	
223.342	0	
204.287	0	
211.439	0	
229.968	0	
225.466	0	
197.987	0	
196.333	0	
205.742	0	
201.989	0	
197.922	0	
204.492	0	
198.876	0	
201.181	0	
196.319	0	
199.225	0	
198.01	0	
196.235	0	
199.912	0	
197.449	0	
206.039	0	
204.907	0	
202.334	0	
195.561	0	
205.679	0	
201.937	0	
196.336	0	
201.377	0	
189.116	0	
203.151	0	
211.739	0	
191.649	0	
188.398	0	
187.444	0	
193.146	0	
188.982	0	
216.566	0	
189.667	0	
180.708	0	
208.596	0	
209.645	0	
193.891	0	
194.745	0	
191.033	0	
194.075	0	
216.372	0	
196.871	0	
202.464	0	
189.5	0	
208.968	0	
188.169	0	
189.698	0	
207.374	0	
200.127	0	
204.155	0	
203.402	0	
199.278	0	
198.466	0	
199.027	0	
202.652	0	
204.001	0	
208.991	0	
203.992	0	
211.85	0	
194.812	0	
198.783	0	
193.578	0	
184.174	0	
204.827	0	
197.299	0	
199.133	0	
201.598	0	
205.604	0	
201.549	0	
183.794	0	
189.085	0	
187.469	0	
189.666	0	
189.571	0	
186.484	0	
195.333	0	
203.313	0	
193.308	0	
181.197	0	
214.08	0	
200.063	0	
204.354	0	
219.619	0	
192.866	0	
206.224	0	
202.251	0	
196.337	0	
204.761	0	
204.628	0	
193.52	0	
196.274	0	
195.035	0	
194.766	0	
168.263	0	
217.576	0	
183.633	0	
184.396	0	
190.09	0	
192.599	0	
189.749	0	
207.838	0	
182.834	0	
174.645	0	
186.507	0	
187.918	0	
189.522	0	
223.106	0	
186.268	0	
194.675	0	
194.754	0	
215.899	0	
208.174	0	
194.818	0	
198.202	0	
202.814	0	
189.843	0	
195.507	0	
194.126	0	
201.76	0	
175.748	0	
185.876	0	
189.014	0	
230.26	0	
194.148	0	
190.068	0	
200.931	0	
189.339	0	
172.829	0	
176.074	0	
202.682	0	
215.448	0	
199.029	0	
213.612	0	
185.024	0	
185.259	0	
193.759	0	
193.269	0	
182.842	0	
201.003	0	
203.426	0	
201.761	0	
205.796	0	
208.511	0	
193.782	0	
199.691	0	
189.022	0	
208.751	0	
212.643	0	
209.365	0	
194.516	0	
201.937	0	
196.934	0	
195.06	0	
199.659	0	
198.932	0	
187.893	0	
176.434	0	
204.216	0	
200.011	0	
200.669	0	
201.283	0	
191.002	0	
184.804	0	
187.486	0	
189.219	0	
210.614	0	
209.596	0	
206.377	0	
207.971	0	
201.214	0	
197.644	0	
200.828	0	
200.562	0	
197.715	0	
197.365	0	
177.143	0	
177.24	0	
187.474	0	
716.229	0	
182.519	0	
184.727	0	
320.174	0	
185.356	0	
426.274	0	
190.747	0	
200.254	0	
214.018	0	
184.668	0	
192.84	0	
187.933	0	
199.042	0	
182.087	0	
198.043	0	
206.37	0	
191.652	0	
222.743	0	
233.115	0	
200.14	0	
208.502	0	
204.15	0	
202.281	0	
201.484	0	
202.153	0	
203.564	0	
202.457	0	
196.524	0	
196.257	0	
196.63	0	
198.552	0	
191.197	0	
192.626	0	
191.229	0	
186.619	0	
190.011	0	
190.79	0	
210.676	0	
194.221	0	
191.37	0	
189.691	0	
188.088	0	
187.664	0	
202.879	0	
205.272	0	
207.68	0	
210.903	0	
212.669	0	
209.98	0	
195.589	0	
194.731	0	
172.859	0	
214.725	0	
213.918	0	
191.094	0	
224.773	0	
194.023	0	
238.882	0	
203.973	0	
203.273	0	
199.738	0	
200.378	0	
199.363	0	
182.448	0	
200.198	0	
196.566	0	
197.545	0	
211.769	0	
226.297	0	
204.565	0	
195.782	0	
218.351	0	
215.335	0	
208.807	0	
208.181	0	
199.188	0	
204.418	0	
190.086	0	
194.779	0	
200.602	0	
206.987	0	
197.87	0	
201.277	0	
200.042	0	
202.119	0	
193.344	0	
187.138	0	
189.194	0	
212.692	0	
184.268	0	
191.82	0	
188.069	0	
198.468	0	
197.926	0	
199.888	0	
194.997	0	
202.257	0	
200.169	0	
179.96	0	
188.359	0	
240.692	0	
189.037	0	
192.805	0	
191.069	0	
177.089	0	
194.47	0	
205.288	0	
216.145	0	
210.308	0	
200.975	0	
229.748	0	
221.336	0	
258.438	0	
217.389	0	
192.174	0	
200.774	0	
207.789	0	
202.857	0	
211.259	0	
206.552	0	
204.801	0	
197.567	0	
202.832	0	
213.14	0	
194.204	0	
232.664	0	
222.642	0	
181.693	0	
206.042	0	
203.133	0	
207.328	0	
221.162	0	
201.442	0	
188.974	0	
223.294	0	
269.727	0	
211.58	0	
276.135	0	
199.844	0	
243.87	0	
239.747	0	
203.512	0	
200.8	0	
212.284	0	
202.195	0	
204.597	0	
200.69	0	
219.313	0	
213.426	0	
217.651	0	
221.532	0	
204.185	0	
225.619	0	
201.244	0	
208.465	0	
210.066	0	
215.518	0	
201.946	0	
203.743	0	
200.332	0	
202.756	0	
200.585	0	
202.083	0	
183.555	0	
204.333	0	
194.419	0	
185.234	0	
198.994	0	
199.187	0	
201.869	0	
188.797	0	
187.799	0	
199.848	0	
770.351	0	
215.483	0	
230.557	0	
270.953	0	
226.268	0	
281.628	0	
192.411	0	
205.944	0	
198.077	0	
201.305	0	
210.714	0	
212.494	0	
191.42	0	
217.05	0	
228.314	0	
211.495	0	
184.435	0	
183.888	0	
200.536	0	
210.596	0	
207.453	0	
202.194	0	
259.823	0	
300.134	0	
221.907	0	
231.81	0	
274.551	0	
227.15	0	
289.49	0	
194.099	0	
219.118	0	
262.572	0	
215.411	0	
202.369	0	
195.023	0	
190.257	0	
200.332	0	
208.374	0	
217.281	0	
216.526	0	
219.526	0	
222.868	0	
221.063	0	
205	0	
222.071	0	
224.18	0	
203.531	0	
258.864	0	
210.635	0	
218.494	0	
202.188	0	
202.991	0	
210.924	0	
200.544	0	
201.784	0	
199.611	0	
183.086	0	
194.475	0	
240.587	0	
192.366	0	
241.679	0	
189.907	0	
246.762	0	
187.291	0	
291.655	0	
283.824	0	
200.165	0	
213.563	0	
298.708	0	
198.022	0	
269.983	0	
361.246	0	
310.792	0	
259.513	0	
204.226	0	
223.609	0	
212.77	0	
201.662	0	
214.565	0	
196.092	0	
231.732	0	
226.373	0	
394.349	0	
201.779	0	
167.092	0	
207.223	0	
189.898	0	
188.572	0	
209.278	0	
189.326	0	
267.943	0	
187.533	0	
213.573	0	
227.378	0	
188.296	0	
188.456	0	
195.777	0	
192.066	0	
210.049	0	
202.702	0	
197.841	0	
198.696	0	
195.575	0	
208.391	0	
260.561	0	
339.882	0	
210.108	0	
192.101	0	
225.964	0	
228.722	0	
330.235	0	
187.663	0	
217.208	0	
209.794	0	
194.946	0	
200.405	0	
257.106	0	
187.175	0	
306.894	0	
190.52	0	
270.904	0	
194.817	0	
334.706	0	
283.191	0	
218.63	0	
201.23	0	
205.994	0	
218.935	0	
291.717	0	
298.525	0	
223.318	0	
205.953	0	
315.692	0	
209.124	0	
300.495	0	
304.254	0	
193.381	0	
204.594	0	
202.42	0	
180.152	0	
259.434	0	
207.51	0	
194.508	0	
200.06	0	
198.55	0	
204.166	0	
192.705	0	
200.659	0	
197.806	0	
194.053	0	
195.463	0	
207.441	0	
387.101	0	
341.528	0	
189.475	0	
257.151	0	
204.51	0	
201.139	0	
204.156	0	
212.067	0	
208.982	0	
206.141	0	
198.404	0	
196.041	0	
198.092	0	
195.315	0	
204.062	0	
196.37	0	
205.774	0	
216.078	0	
312.824	0	
239.319	0	
264.213	0	
246.559	0	
228.192	0	
222.548	0	
188.453	0	
177.743	0	
209.674	0	
351.764	0	
195.978	0	
227.133	0	
379.956	0	
240.347	0	
247.536	0	
395.178	0	
221.727	0	
205.075	0	
199.851	0	
190.948	0	
234.281	0	
177.434	0	
206.601	0	
213.897	0	
190.331	0	
202.69	0	
211.645	0	
182.852	0	
199.911	0	
202.835	0	
202.613	0	
202.621	0	
204.236	0	
208.426	0	
265.321	0	
421.133	0	
209.068	0	
222.712	0	
199.195	0	
202.878	0	
198.282	0	
195.1	0	
196.111	0	
194.388	0	
213.197	0	
222.997	0	
191.565	0	
204.17	0	
189.32	0	
201.018	0	
303.926	0	
201.381	0	
217.062	0	
202.482	0	
170.106	0	
160.508	0	
204.885	0	
199.741	0	
189.468	0	
196.145	0	
330.857	0	
213.892	0	
468.842	0	
149.348	0	
372.354	0	
199.325	0	
200.384	0	
197.402	0	
218.617	0	
199.64	0	
193.493	0	
197.172	0	
341.317	0	
311.648	0	
193.506	0	
194.848	0	
353.952	0	
189.76	0	
188.334	0	
198.029	0	
190.227	0	
219.287	0	
192.474	0	
218.951	0	
199.082	0	
194.789	0	
193.482	0	
188.152	0	
197.984	0	
217.677	0	
200.792	0	
207.929	0	
198.579	0	
198.762	0	
197.833	0	
190.435	0	
238.9	0	
232.381	0	
213.091	0	
189.21	0	
300.918	0	
195.529	0	
193.143	0	
296.633	0	
212.198	0	
225.295	0	
192.014	0	
193.997	0	
207.848	0	
212.139	0	
193.327	0	
194.863	0	
361.253	0	
279.96	0	
203.585	0	
187.295	0	
200.967	0	
190.009	0	
196.489	0	
192.297	0	
196.02	0	
197.483	0	
361.812	0	
340.569	0	
198.12	0	
213.966	0	
398.416	0	
514.236	0	
355.328	0	
176.297	0	
182.405	0	
195.502	0	
192.408	0	
194.199	0	
307.067	0	
215.415	0	
198.652	0	
263.356	0	
401.41	0	
243.312	0	
222.249	0	
305.849	0	
150.53	0	
238.647	0	
242.274	0	
213.086	0	
189.772	0	
184.965	0	
200.378	0	
186.682	0	
228.957	0	
224.887	0	
187.675	0	
190.279	0	
252.566	0	
182.632	0	
229.967	0	
241.482	0	
541.692	0	
364.473	0	
140.447	0	
183.063	0	
192.451	0	
212.012	0	
327.81	0	
219.87	0	
188.123	0	
196.791	0	
217.506	0	
200.768	0	
244.172	0	
218.687	0	
235.901	0	
226.517	0	
192.404	0	
194.984	0	
189.975	0	
187.561	0	
321.65	0	
326.634	0	
210.289	0	
186.587	0	
192.289	0	
364.811	0	
182.576	0	
184.776	0	
217.24	0	
177.443	0	
193.899	0	
189.171	0	
231.919	0	
320.639	0	
202.659	0	
225.588	0	
243.684	0	
318.847	0	
213.858	0	
224.022	0	
223.069	0	
216.684	0	
193.723	0	
184.943	0	
200.313	0	
189.018	0	
223.199	0	
366.426	0	
354.191	0	
176.795	0	
251.818	0	
135.831	0	
217.061	0	
197.677	0	
426.548	0	
318.416	0	
201.52	0	
224.374	0	
188.179	0	
188.188	0	
189.261	0	
187.179	0	
192.506	0	
206.697	0	
197.227	0	
191.884	0	
369.726	0	
368.52	0	
190.272	0	
148.877	0	
268.762	0	
258.331	0	
473.442	0	
306.77	0	
205.029	0	
193.304	0	
448.992	0	
183.929	0	
185.992	0	
161.92	0	
536.539	0	
428.807	0	
677.892	0	
305.82	0	
200.194	0	
202.777	0	
552.337	0	
478.38	0	
171.727	0	
217.135	0	
329.917	0	
739.169	0	
236.809	0	
472.531	0	
733.199	0	
578.515	0	
479.317	0	
179.158	0	
187.938	0	
104.015	0	
203.526	0	
202.886	0	
195.511	0	
199.212	0	
461.094	0	
229.907	0	
323.321	0	
177.379	0	
213.031	0	
177.265	0	
192.583	0	
199.002	0	
455.923	0	
380.808	0	
212.965	0	
193.698	0	
209.038	0	
207.092	0	
250.291	0	
275.273	0	
433.979	0	
180.933	0	
306.484	0	
279.269	0	
201.756	0	
192.408	0	
206.925	0	
210.714	0	
413.241	0	
255.637	0	
125.444	0	
203.875	0	
359.116	0	
460.576	0	
276.991	0	
322.957	0	
848.039	0	
701.975	0	
467.687	0	
651.051	0	
47.1659	0	
54.6304	0	
204.2	0	
212.614	0	
632.271	0	
100.394	0	
169.359	0	
196.839	0	
205.246	0	
209.787	0	
353.199	0	
202.303	0	
467.05	0	
413.846	0	
217.806	0	
587.799	0	
309.359	0	
191.189	0	
561.779	0	
390.514	0	
365.775	0	
269.273	0	
664.672	0	
328.166	0	
1080.33	0	
370.026	0	
486.585	0	
916.763	0	
587.02	0	
174.571	0	
906.472	0	
706.157	0	
469.352	0	
511.831	0	
812.764	0	
826.35	0	
753.075	0	
512.385	0	
157.41	0	
199.323	0	
217.292	0	
363.5	0	
162.68	0	
264.994	0	
201.5	0	
212.304	0	
664.078	0	
359.209	0	
177.688	0	
204.634	0	
682.626	0	
397.726	0	
179.207	0	
199.447	0	
400.055	0	
377.782	0	
348.389	0	
260.703	0	
231.668	0	
199.281	0	
382.48	0	
462.203	0	
161.402	0	
65.0294	0	
275.104	0	
352.254	0	
206.534	0	
214.6	0	
257.854	0	
455.557	0	
216.827	0	
55.8831	0	
193.247	0	
191.449	0	
652.353	0	
638.847	0	
737.814	0	
642.856	0	
494.075	0	
621.556	0	
904.412	0	
681.439	0	
615.829	0	
1022.71	0	
165.558	0	
173.016	0	
264.181	0	
336.823	0	
399.941	0	
429.531	0	
204.756	0	
178.231	0	
889.377	0	
468.273	0	
363.644	0	
741.346	0	
165.259	0	
174.335	0	
651.192	0	
92.1925	0	
463.537	0	
532.866	0	
1127.17	0	
51.5897	0	
792.274	0	
677.297	0	
171.649	0	
159.308	0	
956.53	0	
354.014	0	
748.896	0	
710.9	0	
458.26	0	
212.024	0	
163.962	0	
183.841	0	
199.828	0	
182.712	0	
207.735	0	
194.94	0	
251.167	0	
385.149	0	
209.009	0	
185.413	0	
613.803	0	
527.753	0	
190.21	0	
214.918	0	
723.72	0	
1041.63	0	
426.71	0	
194.866	0	
83.7645	0	
192.68	0	
208.704	0	
205.865	0	
187.418	0	
212.626	0	
1016.35	0	
726.507	0	
539.632	0	
177.078	0	
112.845	0	
34.6723	0	
798.509	0	
499.699	0	
773.673	0	
505.261	0	
190.819	0	
194.906	0	
206.879	0	
221.752	0	
213.029	0	
219.627	0	
604.095	0	
511.316	0	
192.795	0	
154.349	0	
794.862	0	
201.367	0	
155.147	0	
140.839	0	
703.955	0	
652.086	0	
158.133	0	
175.358	0	
201.457	0	
216.272	0	
731.361	0	
692.123	0	
892.258	0	
750.032	0	
375.613	0	
349.193	0	
80.9003	0	
205.929	0	
967.481	0	
204.978	0	
218.815	0	
204.393	0	
193.123	0	
183.707	0	
197.764	0	
183.079	0	
238.755	0	
25.1029	0	
589.359	0	
555.405	0	
192.883	0	
183.689	0	
198.773	0	
177.553	0	
917.203	0	
988.608	0	
894.975	0	
651.935	0	
520.695	0	
464.943	0	
717.063	0	
384.64	0	
1031.48	0	
1183.58	0	
588.263	0	
169.922	0	
670.927	0	
149.13	0	
629.456	0	
436.39	0	
137.041	0	
219.953	0	
210.897	0	
206.974	0	
856.869	0	
880.556	0	
434.502	0	
208.848	0	
290.705	0	
221.361	0	
182.214	0	
309.155	0	
181.724	0	
182.802	0	
192.656	0	
213.259	0	
968.111	0	
188.245	0	
238.625	0	
247.861	0	
739.27	0	
563.083	0	
197.184	0	
188.78	0	
535.178	0	
621.247	0	
127.211	0	
40.9932	0	
74.7965	0	
210.025	0	
613.737	0	
256.991	0	
359.116	0	
1137.52	0	
188.414	0	
180.328	0	
743.033	0	
454.53	0	
1133.3	0	
1045.72	0	
189.455	0	
163.379	0	
314.904	0	
266.8	0	
179.058	0	
205.808	0	
200.958	0	
284.991	0	
1110.32	0	
87.5058	0	
576.017	0	
554.277	0	
584.484	0	
203.031	0	
143.027	0	
145.172	0	
1066.09	0	
1150.47	0	
188.617	0	
238.694	0	
178.544	0	
435.993	0	
183.191	0	
190.344	0	
43.1253	0	
71.6963	0	
511.601	0	
663.473	0	
202.79	0	
188.461	0	
60.0027	0	
204.872	0	
22.3254	0	
181.769	0	
496.229	0	
248.613	0	
231.452	0	
201.233	0	
530.324	0	
183.168	0	
331.284	0	
497.088	0	
236.729	0	
166.282	0	
196.163	0	
179.095	0	
187.304	0	
186.359	0	
14.7172	0	
336.821	0	
187.137	0	
170.135	0	
345.985	0	
1006.55	0	
1205.4	0	
62.1786	0	
56.0381	0	
271.061	0	
177.419	0	
253.371	0	
178.821	0	
203.763	0	
227.042	0	
266.342	0	
67.0556	0	
359.116	0	
195.445	0	
192.118	0	
176.282	0	
175.548	0	
166.345	0	
168.843	0	
200.399	0	
201.3	0	
359.116	0	
263.413	0	
356.321	0	
185.551	0	
196.372	0	
359.116	0	
177.974	0	
192.017	0	
185.69	0	
216.169	0	
353.793	0	
506.861	0	
380.45	0	
395.696	0	
582.572	0	
465.014	0	
390.846	0	
419.713	0	
78.0266	0	
13.5406	0	
35.9747	0	
15.3503	0	
28.1759	0	
13.8642	0	
12.6798	0	
22.3127	0	
191.324	0	
168.165	0	
974.325	0	
770.04	0	
415.556	0	
483.791	0	
1209.44	0	
1181.58	0	
1175.29	0	
942.222	0	
1223.59	0	
938.53	0	
178.226	0	
183.8	0	
993.343	0	
182.527	0	
377.432	0	
563.231	0	
690.782	0	
243.893	0	
18.9007	0	
223.564	0	
185.127	0	
191.969	0	
187.91	0	
178.681	0	
564.68	0	
196.304	0	
1080.37	0	
953.203	0	
1085.78	0	
797.306	0	
945.77	0	
1135.51	0	
1013.06	0	
1102.81	0	
212.105	0	
169.203	0	
162.237	0	
172.349	0	
381.371	0	
694.976	0	
1020.49	0	
940.68	0	
171.89	0	
171.313	0	
605.97	0	
162.879	0	
175.794	0	
176.854	0	
244.943	0	
198	0	
177.337	0	
359.116	0	
165.771	0	
353.678	0	
164.063	0	
359.116	0	
181.706	0	
320.447	0	
172.654	0	
177.84	0	
614.484	0	
33.8708	0	
336.821	0	
309.892	0	
359.116	0	
344.21	0	
138.344	0	
190.958	0	
32.8659	0	
157.263	0	
179.322	0	
194.935	0	
169.151	0	
185.776	0	
359.116	0	
859.657	0	
197.446	0	
202.113	0	
1106.17	0	
615.913	0	
1202.48	0	
795.073	0	
990.982	0	
296.443	0	
630.498	0	
659.029	0	
607.276	0	
306.199	0	
835.039	0	
192.382	0	
359.116	0	
357.253	0	
359.116	0	
359.116	0	
48.9327	0	
63.7359	0	
173.797	0	
232.99	0	
186.879	0	
223.487	0	
173.241	0	
359.116	0	
426.526	0	
351.663	0	
274.034	0	
532.174	0	
453.939	0	
512.369	0	
301.113	0	
349.561	0	
1124.17	0	
600.591	0	
359.116	0	
359.116	0	
359.116	0	
359.116	0	
647.741	0	
179.972	0	
320.142	0	
345.276	0	
359.116	0	
926.654	0	
359.116	0	
359.116	0	
257.69	0	
359.116	0	
360.537	0	
359.116	0	
196.987	0	
209.919	0	
356.321	0	
321.338	0	
359.116	0	
359.116	0	
359.116	0	
359.116	0	
359.116	0	
180.955	0	
359.116	0	
359.116	0	
255.609	0	
224.705	0	
447.295	0	
753.249	0	
434.133	0	
262.914	0	
220.311	0	
220.517	0	
994.351	0	
748.148	0	
358.185	0	
325.733	0	
359.116	0	
324.288	0	
359.116	0	
359.116	0	
358.436	0	
203.139	0	
358.097	0	
359.116	0	
797.827	0	
270.539	0	
359.116	0	
359.116	0	
250.032	0	
239.614	0	
257.625	0	
258.252	0	
374.61	0	
533.835	0	
359.116	0	
359.116	0	
774.684	0	
463.498	0	
359.116	0	
359.116	0	
254.468	0	
359.116	0	
286.18	0	
262.939	0	
273.977	0	
614.017	0	
243.966	0	
276.176	0	
263.083	0	
260.485	0	
282.457	0	
268.337	0	
273.209	0	
359.116	0	
286.173	0	
300.077	0	
253.694	0	
202.491	0	
359.116	0	
359.116	0	
841.841	0	
624.474	0	
571.618	0	
391.677	0	
359.116	0	
531.726	0	
359.116	0	
359.116	0	
338.179	0	
359.116	0	
359.116	0	
359.116	0	
357.077	0	
359.116	0	
661.345	0	
449.038	0	
359.116	0	
381.918	0	
265.642	0	
249.674	0	
359.116	0	
359.116	0	
359.116	0	
359.116	0	
359.116	0	
359.116	0	
402.582	0	
341.702	0	
359.116	0	
359.116	0	
269.897	0	
267.556	0	
271.125	0	
359.116	0	
276.84	0	
346.007	0	
345.158	0	
359.116	0	
359.116	0	
359.116	0	
359.116	0	
359.116	0	
359.116	0	
359.116	0	
359.116	0	
359.116	0	
359.116	0	
359.116	0	
359.116	0	
359.116	0	
359.116	0	
359.116	0	
359.116	0	
359.116	0	
616.52	0	
565.915	0	
359.116	0	
359.116	0	
359.116	0	
359.116	0	
383.537	0	
359.116	0	
359.116	0	
359.116	0	
352.562	0	
359.116	0	
359.116	0	
356.803	0	
359.116	0	
359.116	0	
347.1	0	
359.116	0	
359.116	0	
359.116	0	
356.123	0	
359.116	0	
359.116	0	
359.116	0	
359.116	0	
359.116	0	
359.116	0	
359.116	0	
391.594	0	
288.51	0	
359.116	0	
359.116	0	
359.116	0	
359.116	0	
359.116	0	
359.116	0	
428.328	0	
359.116	0	
369.291	0	
359.116	0	
359.116	0	
359.116	0	
359.116	0	
359.116	0	
359.116	0	
359.116	0	
358.81	0	
359.116	0	
359.116	0	
359.116	0	
359.116	0	
359.116	0	
359.116	0	
373.87	0	
359.116	0	
359.116	0	
359.116	0	
359.116	0	
359.116	0	
359.116	0	
359.116	0	
359.116	0	
359.116	0	
359.116	0	
359.116	0	
359.116	0	
359.116	0	
359.116	0	
359.116	0	
359.116	0	
374.318	0	
364.522	0	
359.116	0	
358.844	0	
359.116	0	
359.116	0	
359.116	0	
359.116	0	
359.116	0	
359.116	0	
359.116	0	
359.116	0	
359.116	0	
359.116	0	
359.116	0	
359.116	0	
359.116	0	
359.116	0	
359.116	0	
359.116	0	
359.116	0	
359.116	0	
359.116	0	
359.116	0	
359.116	0	
359.116	0	
359.091	0	
358.946	0	
369.8	0	
359.116	0	
359.116	0	
359.116	0	
359.116	0	
359.106	0	
358.98	0	
359.048	0	
359.116	0	
359.116	0	
359.082	0	
359.116	0	
359.116	0	
359.116	0	
359.116	0	
359.116	0	
359.116	0	
359.116	0	
359.116	0	
359.116	0	
359.116	0	
359.116	0	
359.116	0	
359.116	0	
359.116	0	
359.111	0	
359.116	0	
359.116	0	
359.116	0	
359.116	0	
359.116	0	
359.116	0	
359.116	0	
359.116	0	
359.116	0	
359.116	0	
359.116	0	
359.114	0	
359.116	0	
359.116	0	
359.116	0	
359.116	0	
359.116	0	
359.116	0	
359.116	0	
359.116	0	
359.116	0	
359.116	0	
359.116	0	
359.116	0	
359.116	0	
359.116	0	
359.116	0	
359.116	0	
359.116	0	
359.116	0	
359.116	0	
359.116	0	
359.116	0	
359.116	0	
359.116	0	
359.116	0	
359.116	0	
359.116	0	
359.116	0	
359.116	0	
359.116	0	
359.116	0	
359.116	0	
359.116	0	
359.116	0	
359.116	0	
359.116	0	
359.116	0	
359.116	0	
359.116	0	
359.116	0	
359.116	0	
359.116	0	
359.116	0	
359.116	0	
359.116	0	
359.116	0	
359.116	0	
359.116	0	
359.116	0	
359.116	0	
359.116	0	
359.116	0	
359.116	0	
359.116	0	
359.116	0	
359.116	0	
359.116	0	
359.116	0	
359.116	0	
359.116	0	
359.116	0	
359.116	0	
359.116	0	
359.116	0	
359.116	0	
359.116	0	
359.116	0	
359.116	0	
359.116	0	
359.116	0	
359.116	0	
359.116	0	
359.116	0	
359.116	0	
359.116	0	
359.116	0	
359.116	0	
359.116	0	
359.116	0	
359.116	0	
359.116	0	
359.116	0	
359.116	0	
359.116	0	
359.116	0	
359.116	0	
359.116	0	
359.116	0	
359.116	0	
359.116	0	
359.116	0	
359.116	0	
359.116	0	
359.116	0	
359.116	0	
359.116	0	
359.116	0	
359.116	0	
359.116	0	
359.116	0	
359.116	0	
176.486	0	
184.099	0	
163.592	0	
190.308	0	
173.919	0	
184.829	0	
205.444	0	
184.324	0	
190.647	0	
205.104	0	
195.714	0	
161.156	0	
197.506	0	
194.976	0	
207.209	0	
191.98	0	
192.599	0	
204.256	0	
200.335	0	
193.872	0	
200.238	0	
186.078	0	
170.387	0	
154.672	0	
176.273	0	
136.842	0	
157.756	0	
145.057	0	
157.55	0	
180.301	0	
139.311	0	
132.851	0	
136.204	0	
133.393	0	
140.115	0	
139.3	0	
121.782	0	
159.78	0	
165.816	0	
153.265	0	
129.124	0	
154.579	0	
187.063	0	
174.455	0	
143.635	0	
172.889	0	
167.678	0	
165.694	0	
171.86	0	
186.184	0	
180.374	0	
185.251	0	
190.492	0	
191.005	0	
222.196	0	
195.128	0	
194.394	0	
196.757	0	
193.26	0	
190.115	0	
192.676	0	
196.853	0	
186.064	0	
188.64	0	
189.983	0	
204.25	0	
189.294	0	
190.569	0	
197.343	0	
192.508	0	
205.887	0	
243.653	0	
190.498	0	
194.416	0	
190.136	0	
189.45	0	
188.676	0	
193.022	0	
192.167	0	
198.947	0	
200.878	0	
208.21	0	
228.96	0	
206.064	0	
207.101	0	
209.898	0	
224.867	0	
209.499	0	
239.929	0	
201.818	0	
214.936	0	
213.435	0	
215.835	0	
188.209	0	
185.545	0	
197.793	0	
207.561	0	
201.302	0	
235.307	0	
216.771	0	
203.35	0	
209.869	0	
221.892	0	
220.833	0	
213.626	0	
231.286	0	
198.608	0	
211.484	0	
220.773	0	
214.543	0	
190.401	0	
190.644	0	
184.291	0	
190.098	0	
195.421	0	
191.944	0	
195.398	0	
190.791	0	
187.066	0	
208.082	0	
189.168	0	
185.796	0	
189.429	0	
187.521	0	
188.25	0	
188.002	0	
190.775	0	
189.043	0	
182.475	0	
197.153	0	
186.467	0	
187.255	0	
189.729	0	
189.859	0	
188.727	0	
185.98	0	
189.334	0	
190.581	0	
192.158	0	
187.318	0	
195.295	0	
200.387	0	
194.946	0	
199.494	0	
188.284	0	
186.658	0	
193.118	0	
193.674	0	
196.855	0	
188.982	0	
185.451	0	
182.557	0	
194.654	0	
206.822	0	
189.702	0	
177.484	0	
183.122	0	
185.023	0	
222.323	0	
215.457	0	
184.785	0	
189.105	0	
216.984	0	
229.225	0	
183.231	0	
180.196	0	
192.613	0	
195.002	0	
199.008	0	
205.401	0	
193.184	0	
194.499	0	
216.494	0	
217.136	0	
219.927	0	
214.612	0	
206.426	0	
209.966	0	
233.425	0	
203.947	0	
212.951	0	
230.167	0	
242.794	0	
210.439	0	
218.192	0	
222.403	0	
224.209	0	
222.668	0	
224.604	0	
214.162	0	
243.123	0	
248.471	0	
227.188	0	
233.661	0	
215.889	0	
222.55	0	
199.617	0	
205.223	0	
238.619	0	
238.422	0	
229.022	0	
234.948	0	
252.887	0	
216.761	0	
206.403	0	
234.752	0	
212.186	0	
220.097	0	
201.446	0	
213.78	0	
229.519	0	
245.451	0	
180.952	0	
186.526	0	
178.569	0	
176.95	0	
202.849	0	
212.264	0	
213.929	0	
220.523	0	
235.086	0	
232.374	0	
227.921	0	
229.876	0	
221.623	0	
207.054	0	
226.071	0	
191.489	0	
210.43	0	
186.488	0	
197.28	0	
178.924	0	
180.672	0	
242.039	0	
383.544	0	
213.967	0	
192.797	0	
215.907	0	
209.014	0	
206.435	0	
197.291	0	
210.253	0	
220.246	0	
193.644	0	
223.446	0	
177.06	0	
179.286	0	
178.433	0	
178.952	0	
180.341	0	
188.483	0	
213.286	0	
213.528	0	
228.139	0	
248.003	0	
179.804	0	
189.438	0	
186.653	0	
176.446	0	
220.093	0	
231.136	0	
230.592	0	
233.825	0	
231.077	0	
206.429	0	
232.104	0	
195.882	0	
199.237	0	
233.146	0	
219.236	0	
193.309	0	
244.191	0	
181.708	0	
213.41	0	
210.58	0	
219.917	0	
229.037	0	
229.282	0	
224.543	0	
222.667	0	
222.143	0	
266.942	0	
167.161	0	
269.823	0	
176.854	0	
177.435	0	
180.718	0	
178.91	0	
232.282	0	
187.252	0	
191	0	
196.408	0	
200.196	0	
223.012	0	
210.037	0	
202.323	0	
230.311	0	
234.786	0	
187.702	0	
195.385	0	
211.904	0	
215.495	0	
184.491	0	
182.671	0	
297.601	0	
328.239	0	
335.804	0	
253.411	0	
191.795	0	
184.073	0	
271.946	0	
227.906	0	
180.102	0	
184.868	0	
215.3	0	
199.666	0	
252.831	0	
215.584	0	
161.93	0	
203.884	0	
217.58	0	
264.54	0	
215.779	0	
185.192	0	
201.604	0	
195.097	0	
251.258	0	
198.726	0	
332.557	0	
223.518	0	
254.953	0	
224.863	0	
281.657	0	
281.801	0	
297.465	0	
342.297	0	
356.194	0	
261.059	0	
406.121	0	
402.043	0	
198.816	0	
206.224	0	
187.094	0	
195.838	0	
180.261	0	
182.946	0	
193.448	0	
199.628	0	
184.684	0	
189.061	0	
191.266	0	
190.933	0	
205.787	0	
204.196	0	
188.136	0	
187.085	0	
190.09	0	
189.66	0	
190.121	0	
192.624	0	
211.677	0	
231.935	0	
211.266	0	
216.698	0	
184.487	0	
193.872	0	
186.257	0	
186.858	0	
188.088	0	
189.616	0	
196.358	0	
207.569	0	
221.168	0	
222.93	0	
217.316	0	
218.723	0	
230.227	0	
189.443	0	
193.198	0	
189.838	0	
188.812	0	
195.545	0	
203.806	0	
197.432	0	
193.223	0	
201.16	0	
211.341	0	
204.979	0	
193.231	0	
195.158	0	
193.87	0	
190.133	0	
196.772	0	
203.149	0	
207.659	0	
193.411	0	
187.962	0	
189.158	0	
191.582	0	
208.577	0	
217.87	0	
215.161	0	
216.117	0	
188.661	0	
188.423	0	
192.637	0	
203.996	0	
229.702	0	
211.796	0	
217.61	0	
215.126	0	
217.899	0	
185.43	0	
190.736	0	
188.054	0	
206.711	0	
209.862	0	
199.681	0	
211.583	0	
213.494	0	
205.661	0	
210.614	0	
191.029	0	
192.571	0	
202.183	0	
196.816	0	
188.464	0	
199.463	0	
186.514	0	
194.871	0	
185.372	0	
189.443	0	
188.305	0	
191.851	0	
193.075	0	
206.787	0	
190.454	0	
203.26	0	
198.4	0	
201.152	0	
207.576	0	
203.863	0	
206.868	0	
212.95	0	
204.401	0	
195.858	0	
207.311	0	
218.965	0	
217.085	0	
217.839	0	
198.027	0	
207.251	0	
210.966	0	
218.006	0	
203.377	0	
217.173	0	
216.577	0	
207.14	0	
403.638	0	
332.567	0	
262.508	0	
332.247	0	
346.268	0	
233.556	0	
184.292	0	
210.107	0	
405.828	0	
378.046	0	
198.114	0	
193.373	0	
194.952	0	
215.279	0	
216.024	0	
192.004	0	
222.086	0	
245.161	0	
234.317	0	
263.658	0	
256.991	0	
306.939	0	
215.456	0	
215.91	0	
200.926	0	
188.401	0	
237.476	0	
253.336	0	
401.253	0	
346.342	0	
254.033	0	
199.566	0	
179.293	0	
184.019	0	
174.286	0	
184.267	0	
198.808	0	
179.082	0	
215.41	0	
212.335	0	
226.357	0	
216.453	0	
215.511	0	
213.493	0	
212.405	0	
210.671	0	
203.76	0	
201.043	0	
207.435	0	
209.342	0	
203.021	0	
207.965	0	
207.722	0	
206.047	0	
200.267	0	
208.717	0	
205.697	0	
207.295	0	
202.774	0	
207.486	0	
208.939	0	
212.121	0	
205.833	0	
202.46	0	
207.34	0	
205.612	0	
210.665	0	
205.857	0	
210.496	0	
208.635	0	
206.616	0	
207.173	0	
205.017	0	
206.458	0	
209.542	0	
210.34	0	
204.327	0	
199.27	0	
217.23	0	
205.481	0	
213.56	0	
208.305	0	
208.554	0	
209.33	0	
211.55	0	
210.775	0	
204.558	0	
208.891	0	
204.085	0	
205.28	0	
206.583	0	
204.322	0	
204.875	0	
203.279	0	
206.923	0	
204.008	0	
201.452	0	
196.024	0	
202.026	0	
198.393	0	
200.181	0	
199.831	0	
197.637	0	
205.261	0	
201.216	0	
203.276	0	
201.288	0	
200.304	0	
203.766	0	
198.341	0	
195.903	0	
201.304	0	
206.708	0	
198.417	0	
202.532	0	
208.66	0	
202.77	0	
207.352	0	
210.698	0	
196.774	0	
197.833	0	
186.905	0	
191.274	0	
171.988	0	
192.038	0	
203.264	0	
185.384	0	
195.519	0	
190.541	0	
188.958	0	
191.612	0	
190.037	0	
193.363	0	
188.006	0	
186.891	0	
189.305	0	
196.035	0	
189.205	0	
190.89	0	
188.522	0	
189.4	0	
187.155	0	
182.552	0	
186.093	0	
185.435	0	
189.227	0	
191.508	0	
190.44	0	
198.103	0	
189.949	0	
188.121	0	
196.667	0	
196.227	0	
187.473	0	
191.138	0	
188.933	0	
195.44	0	
198.526	0	
196.389	0	
203.217	0	
232.408	0	
235.539	0	
216.198	0	
200.316	0	
201.122	0	
211.217	0	
222.709	0	
220.69	0	
194.485	0	
190.477	0	
198.233	0	
199.664	0	
193.065	0	
185.67	0	
185.966	0	
260.362	0	
220.916	0	
224.069	0	
219.293	0	
223.686	0	
252.348	0	
251.969	0	
210.617	0	
222.474	0	
216.426	0	
188.938	0	
186.928	0	
260.108	0	
250.652	0	
239.122	0	
201.27	0	
290.674	0	
307.227	0	
220.065	0	
214.191	0	
205.314	0	
231.232	0	
194.783	0	
187.108	0	
282.299	0	
339.849	0	
308.625	0	
478.481	0	
214.412	0	
183.654	0	
275.908	0	
238.606	0	
178.998	0	
193.029	0	
282.724	0	
238.843	0	
211.169	0	
203.769	0	
192.428	0	
211.542	0	
202.087	0	
203.618	0	
193.5	0	
207.123	0	
198.024	0	
198.131	0	
189.759	0	
194.356	0	
193.832	0	
198.714	0	
182.737	0	
183.427	0	
201.871	0	
218.864	0	
198.938	0	
193.34	0	
192.728	0	
200.67	0	
188.933	0	
190.355	0	
207.652	0	
198.528	0	
196.896	0	
201.013	0	
193.235	0	
218.701	0	
182.661	0	
196.675	0	
202.942	0	
193.149	0	
192.912	0	
195.268	0	
188.146	0	
189.604	0	
196.727	0	
203.251	0	
198.321	0	
189.896	0	
186.392	0	
193.429	0	
199.112	0	
198.679	0	
202.81	0	
196.305	0	
201.295	0	
196.718	0	
186.884	0	
191.257	0	
212.507	0	
199.113	0	
216.921	0	
210.196	0	
199.227	0	
204.027	0	
205.297	0	
216.055	0	
207.982	0	
194.532	0	
227.92	0	
207.079	0	
204.114	0	
203.116	0	
202.369	0	
205.126	0	
203.18	0	
195.554	0	
201.738	0	
201.612	0	
194.09	0	
195.762	0	
191.023	0	
192.548	0	
193.46	0	
191.792	0	
190.037	0	
189.931	0	
198.741	0	
192.036	0	
194.902	0	
191.574	0	
192.803	0	
188.793	0	
204.216	0	
197.016	0	
194.457	0	
212.315	0	
197.243	0	
182.738	0	
201.977	0	
185.148	0	
187.148	0	
194.72	0	
197.373	0	
189.334	0	
189.092	0	
187.892	0	
209.375	0	
205.237	0	
212.531	0	
211.521	0	
216.866	0	
208.041	0	
208.342	0	
205.172	0	
209.019	0	
200.526	0	
212.648	0	
209.326	0	
188.432	0	
211.601	0	
218.912	0	
207.868	0	
213.24	0	
197.333	0	
207.18	0	
188.457	0	
184.253	0	
198.149	0	
198.708	0	
199.489	0	
196.793	0	
196.476	0	
193.836	0	
195.519	0	
188.034	0	
187.513	0	
185.783	0	
192.164	0	
187.69	0	
197.015	0	
186.825	0	
186.116	0	
186.221	0	
187.977	0	
236.047	0	
189.936	0	
198.594	0	
193.504	0	
186.319	0	
192.631	0	
197.5	0	
187.335	0	
240.963	0	
193.107	0	
199.948	0	
193.262	0	
199.514	0	
208.037	0	
183.419	0	
193.136	0	
191.973	0	
196.526	0	
193.166	0	
198.243	0	
193.824	0	
186.267	0	
191.547	0	
189.963	0	
192.188	0	
191.165	0	
191.01	0	
191.413	0	
194.086	0	
192.892	0	
190.14	0	
190.366	0	
188.786	0	
189.487	0	
191.026	0	
189.673	0	
189.089	0	
189.338	0	
189.393	0	
189.082	0	
189.328	0	
191.482	0	
189.182	0	
189.195	0	
189.627	0	
194.105	0	
188.811	0	
188.8	0	
189.064	0	
198.527	0	
192.76	0	
194.688	0	
207.685	0	
190.806	0	
190.271	0	
194.578	0	
189.191	0	
188.102	0	
190.743	0	
187.534	0	
228.65	0	
195.02	0	
188.967	0	
187.703	0	
199.09	0	
192.904	0	
190.016	0	
189.534	0	
187.508	0	
186.294	0	
190.526	0	
220.518	0	
190.726	0	
205.941	0	
204.296	0	
187.867	0	
188.028	0	
214.007	0	
253.144	0	
185.882	0	
193.308	0	
230.507	0	
231.176	0	
199.584	0	
214.17	0	
189.189	0	
174.87	0	
183.914	0	
179.912	0	
146.501	0	
181.76	0	
185.441	0	
173.964	0	
185.849	0	
184.752	0	
190.306	0	
187.704	0	
188.647	0	
198.684	0	
191.153	0	
185.444	0	
186.599	0	
192.821	0	
199.232	0	
199.52	0	
194.427	0	
194.292	0	
184.818	0	
182.769	0	
181.314	0	
182.367	0	
195.54	0	
203.568	0	
209.025	0	
219.593	0	
211.842	0	
187.909	0	
183.396	0	
169.799	0	
174.832	0	
168.685	0	
179.262	0	
187.111	0	
195.3	0	
202.888	0	
217.585	0	
209.779	0	
203.024	0	
208.285	0	
197.468	0	
190.621	0	
171.065	0	
202.7	0	
171.813	0	
157.92	0	
189.003	0	
197.273	0	
210.029	0	
213.568	0	
214.109	0	
230.553	0	
155.305	0	
183.951	0	
163.533	0	
182.938	0	
187.21	0	
195.751	0	
206.957	0	
216.647	0	
198.3	0	
198.11	0	
227.899	0	
220.18	0	
216.883	0	
250.122	0	
231.9	0	
226.449	0	
233.138	0	
257.25	0	
232.781	0	
254.935	0	
177.604	0	
184.957	0	
204.43	0	
245.209	0	
262.205	0	
243.425	0	
243.014	0	
253.429	0	
177.957	0	
181.009	0	
183.477	0	
185.781	0	
242.296	0	
259.296	0	
256.943	0	
309.533	0	
257.346	0	
246.083	0	
180.334	0	
168.253	0	
191.201	0	
195.21	0	
220.89	0	
256.426	0	
291.107	0	
275.594	0	
173.308	0	
166.345	0	
182.022	0	
190.09	0	
313.362	0	
330.023	0	
284.418	0	
324.923	0	
169.215	0	
166.044	0	
156.623	0	
181.446	0	
203.818	0	
209.48	0	
165.534	0	
180.111	0	
169.901	0	
171.63	0	
174.061	0	
163.922	0	
171.716	0	
185.105	0	
184.391	0	
281.165	0	
239.374	0	
341.743	0	
292.633	0	
204.106	0	
185.943	0	
348.939	0	
325.079	0	
308.187	0	
303.264	0	
335.724	0	
281.502	0	
308.904	0	
295.493	0	
268.137	0	
273.703	0	
304.11	0	
277.504	0	
321.837	0	
264.123	0	
274.262	0	
289.532	0	
346.191	0	
369.382	0	
338.14	0	
281.916	0	
319.98	0	
255.516	0	
297.533	0	
297.815	0	
262.603	0	
177.031	0	
233.868	0	
181.282	0	
185.459	0	
178.128	0	
179.249	0	
196.566	0	
200.852	0	
183.4	0	
173.387	0	
199.573	0	
211.38	0	
210.714	0	
212.052	0	
235.692	0	
232.766	0	
239.88	0	
252.273	0	
327.508	0	
361.743	0	
230.092	0	
239.837	0	
323.019	0	
269.02	0	
238.871	0	
260.279	0	
286.584	0	
264.333	0	
254.717	0	
282.941	0	
231.046	0	
258.199	0	
193.128	0	
192.125	0	
179.052	0	
192.416	0	
210.221	0	
223.738	0	
206.691	0	
208.097	0	
227.332	0	
195.473	0	
198.343	0	
222.79	0	
254.551	0	
198.236	0	
189.648	0	
196.251	0	
220.592	0	
161.924	0	
192.589	0	
188.282	0	
199.75	0	
162.448	0	
192.219	0	
199.781	0	
192.937	0	
197.104	0	
195.898	0	
186.53	0	
196.934	0	
199.539	0	
186.485	0	
194.368	0	
193.571	0	
233.487	0	
191.655	0	
184.84	0	
192.801	0	
190.508	0	
191.921	0	
192.971	0	
199.769	0	
190.16	0	
188.927	0	
195.673	0	
193.311	0	
189.636	0	
190.52	0	
177.52	0	
188.255	0	
205.005	0	
191.831	0	
212.076	0	
197.797	0	
241.329	0	
205.584	0	
216.031	0	
180.179	0	
187.895	0	
194.811	0	
205.882	0	
200.543	0	
195.941	0	
196.615	0	
233.267	0	
208.627	0	
194.512	0	
202.854	0	
211.949	0	
202.418	0	
203.497	0	
199.865	0	
202.942	0	
201.723	0	
203.94	0	
203.546	0	
203.448	0	
203.178	0	
199.701	0	
199.193	0	
202.408	0	
202.081	0	
197.312	0	
199.417	0	
200.502	0	
202.93	0	
199.017	0	
201.203	0	
201.854	0	
203.22	0	
202.422	0	
199.792	0	
200.489	0	
198.504	0	
200.165	0	
200.625	0	
199.273	0	
200.591	0	
198.254	0	
197.795	0	
199.101	0	
200.15	0	
199.623	0	
199.358	0	
202.357	0	
198.841	0	
200.484	0	
198.739	0	
197.452	0	
196.75	0	
198.562	0	
198.975	0	
199.781	0	
199.165	0	
199.297	0	
196.902	0	
197.329	0	
200.037	0	
199.215	0	
200.75	0	
196.603	0	
195.505	0	
195.011	0	
195.562	0	
195.359	0	
198.876	0	
197.658	0	
198.179	0	
198.023	0	
195.318	0	
196.336	0	
195.817	0	
195.278	0	
196.215	0	
195.086	0	
199.776	0	
197.447	0	
195.256	0	
194.756	0	
197.363	0	
197.295	0	
196.079	0	
194.978	0	
195.072	0	
194.35	0	
197.006	0	
195.849	0	
195.487	0	
194.68	0	
195.717	0	
196.052	0	
195.472	0	
195.369	0	
196.048	0	
196.503	0	
199.129	0	
198.201	0	
197.75	0	
198.472	0	
198.001	0	
195.857	0	
206.195	0	
201.405	0	
208.746	0	
207.868	0	
205.262	0	
204.127	0	
200.549	0	
198.89	0	
199.098	0	
196.629	0	
195.942	0	
196.658	0	
195.876	0	
196.77	0	
195.323	0	
195.708	0	
194.481	0	
195.515	0	
195.845	0	
210.371	0	
210.058	0	
207.946	0	
203.232	0	
205.46	0	
206.362	0	
201.176	0	
205.867	0	
206.869	0	
205.299	0	
205.925	0	
204.458	0	
204.641	0	
202.051	0	
205.468	0	
205.654	0	
206.488	0	
203.805	0	
204.294	0	
200.3	0	
201.491	0	
204.815	0	
204.248	0	
199.343	0	
194.869	0	
201.328	0	
204.134	0	
198.674	0	
196.145	0	
195.152	0	
194.805	0	
195.921	0	
197.223	0	
194.991	0	
194.965	0	
194.42	0	
193.492	0	
196.567	0	
192.349	0	
195.68	0	
195.295	0	
194.511	0	
194.171	0	
195.366	0	
194.389	0	
197.838	0	
197.026	0	
193.48	0	
192.602	0	
192.75	0	
189.297	0	
195.314	0	
195.947	0	
193.807	0	
196.946	0	
198.945	0	
195.033	0	
197.329	0	
199.357	0	
197.444	0	
200.068	0	
201.807	0	
201.095	0	
196.475	0	
198.597	0	
202.386	0	
195.295	0	
201.807	0	
201.71	0	
199.84	0	
194.416	0	
194.696	0	
193.919	0	
194.154	0	
194.292	0	
194.422	0	
192.918	0	
193.789	0	
199.769	0	
201.392	0	
193.175	0	
192.145	0	
193.76	0	
193.862	0	
200.231	0	
199.933	0	
200.252	0	
198.318	0	
197.31	0	
195.359	0	
197.961	0	
198.697	0	
194.508	0	
196.576	0	
200.564	0	
201.065	0	
193.958	0	
194.412	0	
194.878	0	
193.846	0	
198.557	0	
203.986	0	
205.649	0	
201.731	0	
196.036	0	
195.497	0	
199.856	0	
200.479	0	
195.378	0	
195.259	0	
198.576	0	
206.182	0	
206.437	0	
191.046	0	
203.814	0	
206.081	0	
202.505	0	
213.47	0	
205.791	0	
198.955	0	
203.81	0	
204.375	0	
206.262	0	
206.944	0	
199.957	0	
204.677	0	
204.086	0	
204.774	0	
202.729	0	
203.576	0	
200.402	0	
201.472	0	
202.976	0	
207.388	0	
204.486	0	
204.084	0	
204.081	0	
207.739	0	
205.299	0	
207.654	0	
200.07	0	
196.638	0	
198.03	0	
202.334	0	
192.119	0	
191.908	0	
198.557	0	
183.315	0	
186.985	0	
190.625	0	
194.875	0	
194.327	0	
227.547	0	
197.074	0	
217.554	0	
197.965	0	
202.354	0	
182.247	0	
193.74	0	
270.346	0	
236.811	0	
215.791	0	
234.494	0	
239.843	0	
295.319	0	
372.033	0	
296.363	0	
285.285	0	
192.313	0	
193.257	0	
191.702	0	
192.461	0	
191.543	0	
194.206	0	
199.086	0	
198.108	0	
191.348	0	
188.88	0	
193.603	0	
179.868	0	
185.27	0	
210.087	0	
189.719	0	
188.573	0	
276.781	0	
232.927	0	
382.043	0	
377.14	0	
201.492	0	
196.973	0	
262.618	0	
229.411	0	
195.366	0	
192.643	0	
197.37	0	
200.949	0	
202.028	0	
202.158	0	
204.127	0	
203.163	0	
201.231	0	
201.257	0	
202.686	0	
198.226	0	
197.854	0	
201.067	0	
198.589	0	
198.319	0	
201.877	0	
202.619	0	
203.163	0	
208.133	0	
207.575	0	
194.449	0	
196.537	0	
193.214	0	
190.797	0	
249.816	0	
261.744	0	
196.425	0	
193.002	0	
189.826	0	
191.2	0	
196.168	0	
191.936	0	
191.585	0	
186.653	0	
245.945	0	
254.256	0	
195.644	0	
196.295	0	
303.249	0	
307.437	0	
267.12	0	
357.003	0	
224.469	0	
210.9	0	
197.631	0	
196.558	0	
207.861	0	
203.361	0	
198.977	0	
197.878	0	
200.517	0	
202.079	0	
199.868	0	
196.216	0	
202.252	0	
202.133	0	
203.276	0	
202.023	0	
199.796	0	
195.163	0	
200.54	0	
203.565	0	
195.188	0	
191.803	0	
199.756	0	
201.93	0	
194.419	0	
189.918	0	
187.585	0	
186.793	0	
190.436	0	
189.659	0	
189.847	0	
187.229	0	
260.123	0	
231.843	0	
194.272	0	
192.234	0	
321.059	0	
265.611	0	
211.771	0	
196.448	0	
200.247	0	
206.489	0	
206.865	0	
204.132	0	
206.344	0	
200.345	0	
192.679	0	
191.72	0	
190.327	0	
190.161	0	
187.449	0	
191.583	0	
207.143	0	
206.804	0	
188.853	0	
185.939	0	
217.135	0	
234.687	0	
224.084	0	
205.905	0	
188.862	0	
188.55	0	
217.177	0	
247.483	0	
260.735	0	
229.938	0	
245.676	0	
266.054	0	
213.71	0	
193.471	0	
255.405	0	
281.311	0	
186.91	0	
193.337	0	
200.321	0	
192.968	0	
208.313	0	
191.927	0	
249.639	0	
249.302	0	
227.82	0	
193.488	0	
227.6	0	
230.359	0	
184.767	0	
172.119	0	
247.778	0	
271.411	0	
254.821	0	
226.554	0	
192.097	0	
171.454	0	
253.251	0	
291.59	0	
302.473	0	
264.002	0	
278.626	0	
305.753	0	
238.985	0	
205.402	0	
296.775	0	
332.342	0	
187.582	0	
200.632	0	
217.724	0	
199.782	0	
228.855	0	
199.933	0	
288.505	0	
237.704	0	
249.329	0	
208.292	0	
189.464	0	
191.926	0	
193.503	0	
189.654	0	
188.16	0	
185.26	0	
302.497	0	
227.111	0	
333.273	0	
351.071	0	
245.439	0	
271.287	0	
298.175	0	
373.429	0	
354.061	0	
256.216	0	
390.915	0	
405.291	0	
285.489	0	
313.002	0	
362.223	0	
414.354	0	
494.276	0	
494.813	0	
263.402	0	
481.977	0	
541.314	0	
531.025	0	
469.722	0	
532.408	0	
267.564	0	
195.902	0	
270.203	0	
216.781	0	
198.693	0	
209.244	0	
228.004	0	
242.386	0	
312.882	0	
328.325	0	
243.467	0	
304.059	0	
191.132	0	
205.654	0	
227.412	0	
211.932	0	
299.276	0	
224.538	0	
284.059	0	
381.95	0	
311.46	0	
240.018	0	
187.794	0	
216.053	0	
195.632	0	
235.191	0	
279.184	0	
215.279	0	
199.861	0	
201.883	0	
365.642	0	
382.806	0	
426.891	0	
389.397	0	
306.737	0	
377.386	0	
229.896	0	
204.923	0	
287.545	0	
362.953	0	
251.575	0	
233.417	0	
377.906	0	
333.475	0	
295.859	0	
326.426	0	
356.554	0	
342.431	0	
354.622	0	
440.359	0	
472.992	0	
433.891	0	
243.7	0	
252.534	0	
457.663	0	
464.798	0	
411.854	0	
459.9	0	
285.43	0	
366.668	0	
203.574	0	
203.403	0	
254.753	0	
259.706	0	
219.148	0	
296.838	0	
244.963	0	
332.295	0	
194.781	0	
196.058	0	
203.235	0	
193.642	0	
191.312	0	
185.821	0	
348.378	0	
564.54	0	
386.544	0	
511.868	0	
317.957	0	
474.942	0	
265.327	0	
204.27	0	
224.979	0	
336.04	0	
390.173	0	
423.686	0	
344.466	0	
289.803	0	
203.372	0	
210.501	0	
196.297	0	
200.721	0	
203.491	0	
195.832	0	
399.564	0	
255.065	0	
407.51	0	
267.152	0	
262.058	0	
266.756	0	
444.04	0	
393.2	0	
213.25	0	
211.065	0	
215.763	0	
213.549	0	
208.235	0	
212.149	0	
186.927	0	
185.666	0	
191.588	0	
189.029	0	
185.144	0	
186.241	0	
185.001	0	
189.713	0	
276.591	0	
396.257	0	
489.353	0	
500.023	0	
415.222	0	
474.489	0	
199.421	0	
198.851	0	
199.737	0	
199.728	0	
197.26	0	
197.109	0	
193.932	0	
248.577	0	
262.323	0	
486.479	0	
272.674	0	
251.771	0	
300.195	0	
198.725	0	
196.868	0	
186.859	0	
204.462	0	
198.025	0	
211.269	0	
202.595	0	
201.842	0	
600.988	0	
588.499	0	
582.3	0	
742.385	0	
628.248	0	
481.374	0	
726.16	0	
462.616	0	
318.657	0	
257.112	0	
335.958	0	
488.948	0	
317.247	0	
422.67	0	
329.393	0	
403.49	0	
375.917	0	
419.865	0	
598.866	0	
552.973	0	
292.985	0	
247.329	0	
427.403	0	
732.269	0	
247.883	0	
238.297	0	
280.256	0	
241.666	0	
283.024	0	
311.646	0	
329.778	0	
380.308	0	
360.248	0	
303.873	0	
357.407	0	
243.514	0	
406.163	0	
416.559	0	
472.091	0	
431.587	0	
422.835	0	
426.366	0	
306.965	0	
327.11	0	
308.58	0	
376.665	0	
315.878	0	
266.901	0	
318.01	0	
449.183	0	
368.183	0	
319.061	0	
612.657	0	
499.195	0	
452.183	0	
378.305	0	
380.883	0	
341.958	0	
223.385	0	
209.308	0	
284.64	0	
219.085	0	
347.228	0	
227.761	0	
206.394	0	
197.285	0	
266.049	0	
319.339	0	
344.207	0	
393.776	0	
271.346	0	
203.174	0	
234.482	0	
195.798	0	
184.824	0	
185.059	0	
259.949	0	
230.863	0	
194.037	0	
190.15	0	
385.582	0	
397.139	0	
538.02	0	
618.49	0	
235.89	0	
283.675	0	
237.972	0	
338.179	0	
380.226	0	
286.579	0	
496.136	0	
554.69	0	
273.611	0	
439.102	0	
302.604	0	
454.752	0	
481.481	0	
446.165	0	
216.974	0	
207.207	0	
442.212	0	
611.949	0	
363.83	0	
484.137	0	
487.05	0	
540.106	0	
199.216	0	
201.83	0	
190.201	0	
195.577	0	
679.67	0	
350.95	0	
199.09	0	
196.92	0	
205.667	0	
200.483	0	
207.076	0	
204.199	0	
203.342	0	
196.572	0	
208.61	0	
208.75	0	
197.827	0	
198.179	0	
199.832	0	
195.586	0	
185.116	0	
192.989	0	
194.448	0	
191.579	0	
191.075	0	
191.084	0	
579.396	0	
543.728	0	
518.08	0	
547.792	0	
279.481	0	
296.237	0	
308.645	0	
337.975	0	
276.12	0	
371.064	0	
324.732	0	
427.232	0	
285.6	0	
302.997	0	
335.28	0	
342.378	0	
319.84	0	
366.771	0	
296.309	0	
318.817	0	
551.348	0	
599.159	0	
311.339	0	
369.02	0	
416.929	0	
407.273	0	
585.249	0	
415.428	0	
422.567	0	
341.45	0	
414.238	0	
441.226	0	
401.095	0	
581.903	0	
582.933	0	
640.591	0	
200.492	0	
202.358	0	
197.079	0	
204.536	0	
523.459	0	
431.522	0	
475.653	0	
447.702	0	
399.567	0	
507.625	0	
268.603	0	
284.039	0	
721.257	0	
652.477	0	
416.611	0	
463.351	0	
424.929	0	
429.055	0	
438.735	0	
327.831	0	
388.686	0	
256.854	0	
556.363	0	
633.649	0	
199.041	0	
201.004	0	
204.183	0	
201.494	0	
323.104	0	
368.975	0	
491.597	0	
429.891	0	
478.483	0	
575.071	0	
474.287	0	
438.999	0	
358.108	0	
259.332	0	
199.365	0	
197.596	0	
201.844	0	
203.563	0	
204.169	0	
210.622	0	
471.564	0	
548.513	0	
197.329	0	
200.276	0	
206.577	0	
206.028	0	
190.528	0	
192.728	0	
185.508	0	
192.889	0	
268.205	0	
219.13	0	
290.884	0	
222.842	0	
382.706	0	
424.563	0	
253.139	0	
262.689	0	
496.26	0	
363.572	0	
440.616	0	
373.797	0	
509.467	0	
433.567	0	
718.768	0	
264.032	0	
855.164	0	
462.781	0	
401.565	0	
201.186	0	
211.98	0	
455.584	0	
593.903	0	
738.899	0	
541.744	0	
189.858	0	
188.196	0	
191.87	0	
359.875	0	
457.798	0	
212.409	0	
204.694	0	
470.31	0	
583.039	0	
829.014	0	
1028.49	0	
726.03	0	
729.892	0	
777.025	0	
604.895	0	
509.081	0	
597.609	0	
304.574	0	
248.692	0	
208.008	0	
212.89	0	
195.323	0	
201.472	0	
201.163	0	
206.459	0	
204.413	0	
210.424	0	
305.589	0	
515.671	0	
496.056	0	
407.586	0	
251.962	0	
270.144	0	
902.259	0	
805.084	0	
204.174	0	
193.3	0	
187.726	0	
186.87	0	
186.326	0	
188.706	0	
503.35	0	
467.624	0	
209.466	0	
212.428	0	
611.796	0	
732.219	0	
1042.23	0	
741.606	0	
651.085	0	
572.134	0	
538.689	0	
461.348	0	
213.17	0	
205.101	0	
213.492	0	
212.815	0	
194.304	0	
197.521	0	
196.121	0	
196.5	0	
198.385	0	
200.499	0	
241.703	0	
275.588	0	
256.326	0	
269.289	0	
182.753	0	
189.54	0	
524.339	0	
712.235	0	
826.942	0	
796.396	0	
216.355	0	
217.079	0	
216	0	
214.62	0	
202.687	0	
213.886	0	
262.101	0	
279.732	0	
834.902	0	
905.022	0	
213.733	0	
216.601	0	
223.851	0	
240.905	0	
324.615	0	
310.785	0	
398.793	0	
434.872	0	
435.179	0	
446.464	0	
209.271	0	
210.443	0	
206.611	0	
204.105	0	
614.798	0	
635.32	0	
718.442	0	
813.839	0	
433.47	0	
333.029	0	
534.559	0	
422.948	0	
425.83	0	
456.802	0	
200.191	0	
192.364	0	
475.231	0	
486.903	0	
582.186	0	
560.22	0	
755.978	0	
818.834	0	
947.869	0	
850.66	0	
211.861	0	
218.686	0	
197.725	0	
209.306	0	
208.286	0	
206.944	0	
206.652	0	
194.32	0	
345.446	0	
335.461	0	
259.455	0	
185.094	0	
183.415	0	
185.492	0	
914.573	0	
923.401	0	
214.569	0	
214.309	0	
216.138	0	
219.182	0	
859.122	0	
802.185	0	
460.002	0	
449.203	0	
818.682	0	
903.632	0	
227.494	0	
249.447	0	
207.748	0	
209.266	0	
997.596	0	
1092.09	0	
853.044	0	
669.858	0	
483.744	0	
467.695	0	
837.435	0	
876.818	0	
216.142	0	
258.119	0	
220.694	0	
223.445	0	
485.272	0	
487.377	0	
859.787	0	
978.984	0	
239.024	0	
249.079	0	
447.464	0	
499.602	0	
231.486	0	
279.921	0	
486.091	0	
552.538	0	
503.498	0	
501.179	0	
186.717	0	
186.743	0	
549.989	0	
576.46	0	
474.375	0	
583.755	0	
674.846	0	
694.718	0	
560.703	0	
579.413	0	
211.491	0	
211.258	0	
197.549	0	
199.926	0	
822.188	0	
929.073	0	
590.204	0	
614.13	0	
1013.12	0	
1066	0	
218.278	0	
218.574	0	
559.768	0	
352.562	0	
262.34	0	
198.978	0	
182.171	0	
183.396	0	
183.69	0	
183.639	0	
239.447	0	
758.17	0	
989.33	0	
956.935	0	
1068.74	0	
604.484	0	
541.726	0	
412.42	0	
521.176	0	
398.421	0	
612.454	0	
652.755	0	
764.129	0	
197.812	0	
201.012	0	
563.502	0	
442.842	0	
180.677	0	
181.702	0	
182.44	0	
183.632	0	
224.11	0	
1015.26	0	
1096.42	0	
525.182	0	
717.201	0	
194.714	0	
193.724	0	
183.142	0	
180.008	0	
181.112	0	
185.278	0	
184.114	0	
184.537	0	
197.097	0	
236.083	0	
178.278	0	
178.243	0	
181.154	0	
180.866	0	
213.53	0	
216.486	0	
176.682	0	
184.325	0	
179.468	0	
178.841	0	
229.569	0	
337.895	0	
180.997	0	
183.908	0	
178.246	0	
176.06	0	
188.632	0	
173.776	0	
162.774	0	
186.379	0	
215.953	0	
198.865	0	
165.957	0	
160.539	0	
159.399	0	
166.007	0	
205.682	0	
198.077	0	
181.61	0	
195.604	0	
838.128	0	
862.603	0	
202.709	0	
214.005	0	
1088.52	0	
896.521	0	
200.171	0	
182.089	0	
216.015	0	
203.601	0	
604.512	0	
642.222	0	
622.993	0	
610.695	0	
201.119	0	
205.689	0	
580.212	0	
597.834	0	
449.711	0	
243.124	0	
476.47	0	
361.397	0	
459.943	0	
251.28	0	
414.36	0	
259.262	0	
670.945	0	
783.474	0	
810.289	0	
913.492	0	
838.12	0	
878.152	0	
185.242	0	
183.592	0	
184.417	0	
183.485	0	
185.361	0	
186.162	0	
187.26	0	
207.197	0	
175.258	0	
182.761	0	
225.308	0	
198.904	0	
888.063	0	
956.842	0	
913.658	0	
819.428	0	
183.938	0	
206.932	0	
195.666	0	
191.85	0	
190.658	0	
179.515	0	
217.84	0	
217.791	0	
201.523	0	
187.57	0	
197.168	0	
203.139	0	
748.898	0	
1013.18	0	
189.204	0	
195.115	0	
311.869	0	
297.071	0	
214.669	0	
170.937	0	
1034.47	0	
1063.37	0	
1009.41	0	
852.833	0	
194.155	0	
197.814	0	
200.748	0	
186.221	0	
219.953	0	
215.942	0	
204.046	0	
190.209	0	
191.173	0	
193.6	0	
183.676	0	
194.547	0	
335.642	0	
355.108	0	
285.763	0	
231.105	0	
1065.18	0	
962.612	0	
947.816	0	
881.532	0	
179.759	0	
209.611	0	
186.975	0	
208.792	0	
182.656	0	
182.483	0	
219.787	0	
215.796	0	
194.092	0	
187.82	0	
196.614	0	
209.672	0	
412.095	0	
360.357	0	
378.386	0	
274.012	0	
253.952	0	
185.15	0	
184.047	0	
175.16	0	
220.774	0	
191.847	0	
209.051	0	
210.941	0	
247.747	0	
225.778	0	
217.98	0	
220.719	0	
217.508	0	
207.106	0	
217.573	0	
198.097	0	
141.165	0	
165.048	0	
125.289	0	
168.809	0	
86.337	0	
114.297	0	
89.0013	0	
29.7065	0	
92.4621	0	
50.257	0	
20.2143	0	
44.9474	0	
112.712	0	
144.038	0	
56.2801	0	
29.911	0	
179.073	0	
182.128	0	
205.96	0	
161.408	0	
104.234	0	
120.952	0	
43.9693	0	
18.2311	0	
56.2866	0	
67.5359	0	
199.786	0	
201.706	0	
211.879	0	
234.021	0	
222.689	0	
186.351	0	
197.395	0	
218.428	0	
204.376	0	
174.928	0	
235.25	0	
185.553	0	
225.266	0	
213.708	0	
120.435	0	
255.694	0	
232.479	0	
190.641	0	
252.704	0	
200.22	0	
121.152	0	
81.2513	0	
107.691	0	
114.061	0	
80.2055	0	
188.942	0	
81.3485	0	
19.3497	0	
199.66	0	
212.499	0	
216.779	0	
218.322	0	
221.509	0	
218.817	0	
893.566	0	
952.745	0	
391.95	0	
381.11	0	
1175.51	0	
1089.42	0	
209.791	0	
216.705	0	
904.056	0	
1071.54	0	
932.372	0	
1052.46	0	
1030.9	0	
1106.62	0	
191.173	0	
191.371	0	
605.054	0	
547.934	0	
186.551	0	
187.949	0	
200.057	0	
189.17	0	
189.449	0	
192.765	0	
200.873	0	
181.117	0	
190.595	0	
196.321	0	
183.798	0	
183.502	0	
187.217	0	
184.202	0	
179.839	0	
186.008	0	
202.845	0	
213.137	0	
265.388	0	
276.537	0	
11.0294	0	
23.0086	0	
16.2313	0	
25.5196	0	
128.419	0	
42.7624	0	
24.1837	0	
33.7017	0	
222.026	0	
248.935	0	
56.7381	0	
39.3438	0	
127.472	0	
177.303	0	
218.942	0	
176.519	0	
1122.33	0	
1112.81	0	
386.743	0	
351.998	0	
352.762	0	
425.007	0	
201.856	0	
203.833	0	
1162.61	0	
1190.52	0	
178.689	0	
188.047	0	
189.827	0	
193.334	0	
188.477	0	
194.745	0	
202.226	0	
185.086	0	
175.651	0	
170.773	0	
181.121	0	
194.329	0	
225.397	0	
329.429	0	
61.4115	0	
8.30393	0	
19.9579	0	
21.2722	0	
41.5111	0	
131.006	0	
85.0564	0	
117.067	0	
84.1662	0	
181.797	0	
108.714	0	
202.941	0	
222.32	0	
231.496	0	
200.999	0	
256.647	0	
1160.5	0	
1222.77	0	
1122.32	0	
1031.64	0	
429.657	0	
366.002	0	
353.439	0	
389.826	0	
355.614	0	
344.598	0	
372.846	0	
415.207	0	
198.597	0	
174.549	0	
190.307	0	
192.49	0	
184.477	0	
188.404	0	
178.534	0	
178.672	0	
175.749	0	
169.17	0	
172.997	0	
175.597	0	
231.178	0	
246.853	0	
187.804	0	
203.279	0	
27.9006	0	
132.821	0	
152.782	0	
234.178	0	
223.135	0	
205.255	0	
1147.35	0	
1038.17	0	
438.256	0	
522.656	0	
166.077	0	
177.604	0	
183.977	0	
188.729	0	
182.278	0	
192.587	0	
187.817	0	
183.712	0	
180.055	0	
172.569	0	
179.934	0	
189.17	0	
173.699	0	
168.605	0	
204.422	0	
321.334	0	
248.904	0	
290.5	0	
179.827	0	
205.764	0	
13.4503	0	
80.1461	0	
132.601	0	
234.098	0	
258.386	0	
236.133	0	
1170.08	0	
1150.04	0	
196.571	0	
194.479	0	
189.298	0	
193.454	0	
292.446	0	
287.145	0	
205.806	0	
215.029	0	
19.8131	0	
49.0688	0	
1189.28	0	
1214.03	0	
1129.59	0	
1081.84	0	
40.8977	0	
197.44	0	
81.6805	0	
1164.91	0	
1075.44	0	
194.495	0	
195.45	0	
196.793	0	
200.694	0	
200.934	0	
198.401	0	
77.9691	0	
228.841	0	
1197.56	0	
1118.46	0	
198.07	0	
199.018	0	
191.46	0	
195.943	0	
203.866	0	
200.928	0	
1143.68	0	
1103.66	0	
203.426	0	
201.524	0	
204.503	0	
205.731	0	
165.505	0	
204.245	0	
134.807	0	
196.259	0	
179.541	0	
150.662	0	
60.687	0	
206.226	0	
189.081	0	
181.88	0	
185.107	0	
189.987	0	
175.66	0	
192.498	0	
234.181	0	
177.836	0	
127.064	0	
189.871	0	
188.692	0	
193.141	0	
175.865	0	
199.794	0	
200.603	0	
204.638	0	
196.264	0	
149.928	0	
107.287	0	
213.452	0	
215.143	0	
262.788	0	
207.626	0	
339.731	0	
129.87	0	
99.2344	0	
70.9362	0	
125.482	0	
47.9015	0	
73.3492	0	
32.6859	0	
33.5477	0	
34.8206	0	
370.345	0	
437.728	0	
171.599	0	
181.287	0	
567.295	0	
921.077	0	
1072.12	0	
1029.12	0	
845.222	0	
905.826	0	
297.048	0	
234.045	0	
171.537	0	
172.284	0	
1164	0	
1199.16	0	
822.359	0	
1003.99	0	
202.288	0	
183.711	0	
199.507	0	
259.847	0	
188.011	0	
186.271	0	
8.31947	0	
11.3581	0	
39.9705	0	
75.2586	0	
26.3202	0	
75.7945	0	
19.3493	0	
8.0049	0	
482.448	0	
489.506	0	
373.025	0	
387.933	0	
412.785	0	
344.884	0	
471.78	0	
441.264	0	
189.481	0	
171.806	0	
177.008	0	
171.454	0	
164.413	0	
243.211	0	
204.143	0	
146.525	0	
226.594	0	
623.005	0	
495.258	0	
239.122	0	
235.442	0	
218.598	0	
229.556	0	
47.6179	0	
85.6812	0	
118.348	0	
128.082	0	
1164.26	0	
1130.06	0	
352.294	0	
353.273	0	
165.463	0	
94.5921	0	
41.6659	0	
25.6595	0	
168.574	0	
173.34	0	
1125.66	0	
1124.45	0	
1150.23	0	
1046.86	0	
1191.49	0	
1180.53	0	
1101.97	0	
1124.62	0	
1033.97	0	
977.093	0	
1038.3	0	
983.543	0	
883.316	0	
837.363	0	
670.384	0	
719.799	0	
1162.04	0	
1209.94	0	
688.908	0	
916.279	0	
11.3505	0	
10.874	0	
8.2012	0	
10.2606	0	
12.8704	0	
24.0474	0	
8.41864	0	
10.7448	0	
9.31342	0	
20.2029	0	
15.4986	0	
23.8732	0	
8.10295	0	
10.8088	0	
19.9334	0	
10.2625	0	
14.132	0	
12.9403	0	
24.075	0	
28.0875	0	
27.5484	0	
40.6152	0	
35.3386	0	
30.9149	0	
22.3212	0	
34.8536	0	
45.4832	0	
50.5015	0	
30.3415	0	
18.9932	0	
18.0443	0	
20.5384	0	
69.3453	0	
53.2545	0	
82.7101	0	
53.1136	0	
36.2073	0	
37.0438	0	
18.3169	0	
10.2999	0	
38.6073	0	
54.8314	0	
90.0963	0	
103.042	0	
96.6013	0	
53.5821	0	
43.9206	0	
44.5816	0	
51.9074	0	
51.6019	0	
15.3031	0	
11.9171	0	
29.9763	0	
21.8496	0	
13.4439	0	
19.4466	0	
41.011	0	
28.8313	0	
43.5765	0	
47.0451	0	
37.2702	0	
8.65455	0	
99.2728	0	
74.3778	0	
31.7669	0	
8.85707	0	
22.1217	0	
11.0197	0	
16.4678	0	
12.3647	0	
12.1568	0	
10.0289	0	
18.708	0	
15.5651	0	
114.406	0	
60.7754	0	
55.1456	0	
39.353	0	
138.791	0	
124.408	0	
39.5129	0	
42.9045	0	
370.622	0	
466.932	0	
181.876	0	
176.127	0	
181.405	0	
168.829	0	
211.548	0	
329.255	0	
1019.77	0	
921.464	0	
832.484	0	
617.953	0	
1220.95	0	
1216.16	0	
798.248	0	
1190.47	0	
52.7746	0	
25.438	0	
84.7421	0	
68.5227	0	
174.713	0	
174.486	0	
852.197	0	
805.269	0	
883.85	0	
871.37	0	
693.333	0	
608.772	0	
176.951	0	
183.789	0	
934.578	0	
813.163	0	
429.557	0	
316.191	0	
507.537	0	
559.533	0	
414.03	0	
421.932	0	
494.637	0	
558.447	0	
424.144	0	
556.939	0	
162.492	0	
170.798	0	
1220.46	0	
1193.87	0	
188.478	0	
190.3	0	
525.93	0	
439.973	0	
234.705	0	
194.115	0	
407.773	0	
520.621	0	
31.2611	0	
12.8791	0	
14.1222	0	
33.7744	0	
175.226	0	
76.4211	0	
197.945	0	
219.68	0	
1190.07	0	
1186.48	0	
1106.21	0	
1144.6	0	
1182.98	0	
1201.81	0	
1216.36	0	
1218.07	0	
85.3093	0	
74.2997	0	
116.992	0	
72.0734	0	
175.583	0	
402.47	0	
325.494	0	
477.848	0	
482.988	0	
507.652	0	
509.536	0	
166.34	0	
167.017	0	
165.828	0	
164.144	0	
1216.57	0	
1169.84	0	
300.098	0	
489.947	0	
538.189	0	
720.575	0	
40.374	0	
68.391	0	
150.996	0	
83.0132	0	
1102.15	0	
1144.46	0	
1151.94	0	
1076.69	0	
1195.38	0	
1201.35	0	
175.215	0	
174.595	0	
537.069	0	
464.791	0	
616.558	0	
517.875	0	
579.822	0	
569.682	0	
616.241	0	
626.629	0	
590.738	0	
566.109	0	
554.331	0	
553.768	0	
625.117	0	
465.772	0	
168.613	0	
164.77	0	
171.351	0	
176.024	0	
317.634	0	
525.013	0	
56.9577	0	
97.2755	0	
1158.94	0	
1009.15	0	
175.501	0	
179.666	0	
607.865	0	
589.395	0	
578.912	0	
590.681	0	
166.365	0	
163.564	0	
167.06	0	
181.577	0	
122.337	0	
132.017	0	
176.212	0	
195.293	0	
166.152	0	
164.355	0	
171.805	0	
167.551	0	
164.714	0	
165.419	0	
166.217	0	
167.263	0	
179.46	0	
181.765	0	
168.564	0	
179.872	0	
178.624	0	
172.175	0	
248.578	0	
210.097	0	
1104.88	0	
1096.07	0	
906.865	0	
653.738	0	
460.216	0	
699.052	0	
537.607	0	
565.033	0	
566.14	0	
533.519	0	
195.482	0	
196.188	0	
245.923	0	
201.482	0	
341.889	0	
253.98	0	
496.246	0	
372.628	0	
160.657	0	
97.9296	0	
103.307	0	
113.016	0	
137.198	0	
124.01	0	
178.35	0	
109.63	0	
223.657	0	
182.472	0	
120.382	0	
219.065	0	
241.652	0	
173.854	0	
123.908	0	
188.007	0	
259.216	0	
171.427	0	
175.855	0	
166.509	0	
170.167	0	
165.768	0	
168.362	0	
172.054	0	
175.309	0	
171.462	0	
178.435	0	
196.312	0	
205.742	0	
178.535	0	
166.431	0	
159.277	0	
91.0345	0	
359.116	0	
359.116	0	
359.116	0	
359.116	0	
359.116	0	
351.663	0	
329.305	0	
205.018	0	
206.384	0	
206.16	0	
195.511	0	
168.893	0	
93.9086	0	
140.54	0	
772.575	0	
880.316	0	
680.516	0	
680.43	0	
672.178	0	
733.801	0	
666.649	0	
632.663	0	
636.102	0	
597.136	0	
637.807	0	
608.859	0	
167.322	0	
167.048	0	
172.209	0	
178.212	0	
177.011	0	
176.425	0	
176.116	0	
187.66	0	
171.12	0	
175.326	0	
187.597	0	
178.157	0	
190.695	0	
192.261	0	
204.929	0	
198.492	0	
213.193	0	
206.402	0	
570.494	0	
544.605	0	
923.688	0	
905.335	0	
853.817	0	
769.033	0	
195.594	0	
239.368	0	
171.895	0	
197.34	0	
188.25	0	
202.904	0	
210.634	0	
204.867	0	
209.053	0	
263.611	0	
196.088	0	
175.281	0	
359.116	0	
189.535	0	
178.385	0	
218.763	0	
205.706	0	
134.815	0	
200.871	0	
620.071	0	
982.463	0	
654.987	0	
534.65	0	
202.093	0	
186.784	0	
834.865	0	
768.115	0	
752.605	0	
575.477	0	
172.908	0	
212.4	0	
214.047	0	
228.785	0	
359.116	0	
359.116	0	
219.012	0	
191.886	0	
231.28	0	
171.599	0	
202.605	0	
212.169	0	
359.116	0	
359.116	0	
177.695	0	
189.48	0	
359.116	0	
356.321	0	
190.186	0	
189.352	0	
344.21	0	
344.21	0	
223.699	0	
228.021	0	
1144.43	0	
1035.22	0	
296.375	0	
559.254	0	
325.197	0	
231.818	0	
255.498	0	
246.801	0	
170.517	0	
178.109	0	
599.532	0	
556.549	0	
1042.53	0	
957.12	0	
844.59	0	
719.216	0	
224.58	0	
211.271	0	
271.238	0	
277.018	0	
754.825	0	
685.711	0	
225.752	0	
249.957	0	
213.595	0	
220.204	0	
207.082	0	
240.097	0	
359.116	0	
359.116	0	
359.116	0	
351.663	0	
344.21	0	
1032.45	0	
1026.08	0	
1126.19	0	
1118.8	0	
580.156	0	
358.67	0	
457.132	0	
461.847	0	
418.727	0	
284.923	0	
170.081	0	
173.397	0	
173.969	0	
178.801	0	
184.282	0	
182.694	0	
177.428	0	
201.623	0	
424.509	0	
471.731	0	
480.28	0	
377.767	0	
825.499	0	
779.599	0	
227.898	0	
224.853	0	
359.116	0	
359.116	0	
359.116	0	
359.116	0	
484	0	
483.995	0	
240.124	0	
206.772	0	
359.116	0	
359.116	0	
359.116	0	
359.116	0	
359.116	0	
359.116	0	
357.253	0	
359.116	0	
359.116	0	
359.116	0	
359.116	0	
359.116	0	
990.562	0	
1005.53	0	
229.239	0	
215.522	0	
220.128	0	
211.179	0	
205.982	0	
207.011	0	
236.251	0	
246.64	0	
220.607	0	
241.503	0	
292.956	0	
228.109	0	
896.058	0	
858.155	0	
820.409	0	
705.678	0	
189.942	0	
200.718	0	
526.165	0	
544.996	0	
448.467	0	
378.04	0	
517.962	0	
579.391	0	
684.599	0	
930.529	0	
245.225	0	
223.802	0	
359.116	0	
359.116	0	
359.116	0	
351.663	0	
357.253	0	
333.768	0	
301.113	0	
247.928	0	
284.991	0	
942.421	0	
918.359	0	
194.334	0	
210.136	0	
576.283	0	
749.906	0	
359.116	0	
359.116	0	
359.116	0	
359.116	0	
359.116	0	
359.116	0	
358.185	0	
299.166	0	
315.614	0	
323.466	0	
284.991	0	
309.892	0	
247.928	0	
303.522	0	
320.142	0	
308.155	0	
330.115	0	
337.695	0	
346.376	0	
309.313	0	
315.614	0	
345.056	0	
719.297	0	
762.641	0	
359.116	0	
359.116	0	
340.006	0	
333.635	0	
359.116	0	
359.116	0	
337.695	0	
347.968	0	
340.006	0	
344.615	0	
353.678	0	
359.116	0	
346.376	0	
347.968	0	
359.116	0	
359.116	0	
359.116	0	
359.116	0	
359.116	0	
697.301	0	
616.051	0	
195.284	0	
275.638	0	
367.091	0	
292.144	0	
953.911	0	
1033.82	0	
877.061	0	
796.152	0	
237.282	0	
242.582	0	
322.37	0	
365.967	0	
685.179	0	
727.677	0	
707.829	0	
570.509	0	
633.177	0	
622.731	0	
526.004	0	
570.253	0	
535.606	0	
560.534	0	
537.322	0	
499.526	0	
463.096	0	
438.562	0	
478.935	0	
646.236	0	
237.122	0	
265.921	0	
262.522	0	
252.095	0	
224.777	0	
202.803	0	
359.116	0	
359.116	0	
359.116	0	
359.116	0	
359.116	0	
369.182	0	
776.227	0	
728.219	0	
628.008	0	
671.328	0	
641.418	0	
655.672	0	
359.116	0	
359.116	0	
359.116	0	
359.116	0	
359.116	0	
355.491	0	
359.116	0	
262.442	0	
210.725	0	
817.467	0	
840.068	0	
685.721	0	
677.855	0	
577.602	0	
424.238	0	
478.571	0	
509.106	0	
236.857	0	
236.196	0	
277.714	0	
273.288	0	
264.383	0	
270.47	0	
271.095	0	
281.946	0	
276.05	0	
272.714	0	
294.117	0	
276.323	0	
282.761	0	
359.116	0	
268.718	0	
267.234	0	
268.738	0	
281.543	0	
296.932	0	
313.028	0	
273.172	0	
322.195	0	
268.094	0	
258.21	0	
274.891	0	
296.519	0	
313.028	0	
281.843	0	
347.594	0	
270.206	0	
321.303	0	
267.558	0	
253.948	0	
251.966	0	
266.966	0	
268.323	0	
270.257	0	
245.181	0	
255.902	0	
232.75	0	
254.418	0	
250.532	0	
252.429	0	
250.754	0	
236.392	0	
234.69	0	
359.116	0	
359.116	0	
359.116	0	
369.182	0	
409.984	0	
373.417	0	
649.904	0	
581.446	0	
359.116	0	
359.116	0	
359.116	0	
359.116	0	
252.96	0	
326.077	0	
617.83	0	
730.231	0	
703.018	0	
801.694	0	
407.957	0	
486.827	0	
415.754	0	
378.558	0	
260.892	0	
235.927	0	
336.072	0	
313.028	0	
248.417	0	
235.217	0	
622.208	0	
618.084	0	
359.116	0	
359.116	0	
272.956	0	
264.003	0	
466.316	0	
407.957	0	
417.824	0	
368.621	0	
353.266	0	
359.116	0	
259.542	0	
218.451	0	
359.116	0	
359.116	0	
359.116	0	
359.116	0	
359.116	0	
359.116	0	
359.116	0	
362.693	0	
537.496	0	
359.116	0	
359.116	0	
359.116	0	
359.116	0	
359.116	0	
359.116	0	
351.866	0	
357.19	0	
499.419	0	
516.657	0	
298.74	0	
286.891	0	
359.116	0	
359.116	0	
272.665	0	
272.523	0	
235.608	0	
259.939	0	
268.836	0	
255.17	0	
359.116	0	
359.116	0	
359.116	0	
359.116	0	
359.116	0	
359.116	0	
359.116	0	
359.116	0	
641.962	0	
555.498	0	
359.116	0	
359.116	0	
357.19	0	
359.116	0	
386.324	0	
365.673	0	
347.594	0	
359.116	0	
353.266	0	
359.116	0	
359.116	0	
359.116	0	
266.599	0	
230.59	0	
359.116	0	
359.116	0	
359.116	0	
296.015	0	
338.134	0	
307.763	0	
324.288	0	
317.555	0	
300.077	0	
333.768	0	
358.436	0	
359.116	0	
359.116	0	
339.777	0	
326.289	0	
359.116	0	
359.116	0	
344.818	0	
285.127	0	
359.116	0	
359.116	0	
314.49	0	
319.389	0	
319.389	0	
362.62	0	
359.116	0	
359.116	0	
335.083	0	
315.046	0	
359.116	0	
359.116	0	
359.116	0	
359.116	0	
321.125	0	
310.026	0	
359.116	0	
359.116	0	
359.116	0	
359.116	0	
358.436	0	
359.116	0	
359.116	0	
359.116	0	
359.116	0	
359.116	0	
359.116	0	
359.116	0	
359.116	0	
359.116	0	
359.116	0	
359.116	0	
359.116	0	
359.116	0	
359.116	0	
359.116	0	
358.097	0	
358.436	0	
358.436	0	
335.74	0	
358.436	0	
344.818	0	
331.2	0	
338.179	0	
335.74	0	
331.2	0	
359.116	0	
359.116	0	
359.116	0	
359.116	0	
359.116	0	
359.116	0	
359.116	0	
359.116	0	
359.116	0	
359.116	0	
353.654	0	
315.046	0	
359.116	0	
359.116	0	
359.116	0	
359.116	0	
359.116	0	
359.116	0	
359.116	0	
453.728	0	
539.124	0	
359.116	0	
359.116	0	
359.116	0	
359.116	0	
359.116	0	
359.116	0	
359.116	0	
359.116	0	
358.028	0	
341.702	0	
347.088	0	
335.74	0	
359.116	0	
359.116	0	
359.116	0	
359.116	0	
359.116	0	
359.116	0	
348.192	0	
344.915	0	
457.704	0	
379.624	0	
359.116	0	
359.116	0	
359.116	0	
359.116	0	
359.116	0	
359.116	0	
359.116	0	
359.116	0	
359.116	0	
359.116	0	
359.116	0	
359.116	0	
359.116	0	
359.116	0	
359.116	0	
374.379	0	
341.658	0	
378.723	0	
388.063	0	
359.116	0	
359.116	0	
383.537	0	
424.238	0	
356.672	0	
362.62	0	
276.197	0	
274.598	0	
341.638	0	
353.654	0	
335.083	0	
335.083	0	
344.915	0	
348.192	0	
335.083	0	
347.1	0	
359.116	0	
359.116	0	
359.116	0	
359.116	0	
359.116	0	
359.116	0	
359.116	0	
359.116	0	
359.116	0	
357.075	0	
358.3	0	
357.075	0	
356.123	0	
352.562	0	
359.116	0	
359.116	0	
359.116	0	
359.116	0	
359.116	0	
359.116	0	
359.116	0	
359.116	0	
359.116	0	
359.116	0	
359.116	0	
376.582	0	
381.918	0	
359.116	0	
359.116	0	
359.116	0	
376.582	0	
381.502	0	
379.467	0	
359.116	0	
359.116	0	
359.116	0	
359.116	0	
358.028	0	
358.3	0	
356.123	0	
356.803	0	
359.116	0	
359.116	0	
359.116	0	
359.116	0	
359.116	0	
359.116	0	
359.116	0	
359.116	0	
359.116	0	
359.116	0	
359.116	0	
359.116	0	
359.116	0	
359.116	0	
359.116	0	
359.116	0	
359.116	0	
383.537	0	
424.238	0	
358.436	0	
358.81	0	
359.116	0	
359.116	0	
359.116	0	
359.116	0	
359.116	0	
428.328	0	
438.228	0	
373.87	0	
381.502	0	
358.028	0	
362.592	0	
359.116	0	
359.116	0	
359.116	0	
359.116	0	
359.116	0	
359.116	0	
359.116	0	
359.116	0	
359.116	0	
359.116	0	
359.116	0	
359.116	0	
359.116	0	
359.116	0	
366.382	0	
374.379	0	
359.116	0	
359.116	0	
359.116	0	
359.116	0	
369.291	0	
374.379	0	
359.116	0	
359.116	0	
359.116	0	
359.116	0	
367.256	0	
371.072	0	
359.116	0	
359.116	0	
359.116	0	
359.116	0	
359.116	0	
359.116	0	
359.116	0	
359.116	0	
359.116	0	
359.116	0	
359.116	0	
359.116	0	
359.116	0	
359.116	0	
359.116	0	
359.116	0	
366.382	0	
361.252	0	
359.116	0	
359.116	0	
359.116	0	
359.116	0	
359.116	0	
359.116	0	
359.116	0	
359.116	0	
393.722	0	
359.116	0	
369.8	0	
372.344	0	
359.116	0	
359.116	0	
359.116	0	
359.116	0	
359.116	0	
359.116	0	
359.116	0	
359.116	0	
369.8	0	
371.072	0	
359.116	0	
359.116	0	
359.116	0	
359.116	0	
359.116	0	
359.116	0	
359.116	0	
359.116	0	
359.116	0	
371.072	0	
365.444	0	
359.116	0	
359.116	0	
359.116	0	
359.116	0	
361.342	0	
364.522	0	
359.116	0	
359.116	0	
359.116	0	
359.116	0	
358.912	0	
358.436	0	
358.572	0	
362.592	0	
359.116	0	
359.116	0	
359.116	0	
359.116	0	
359.116	0	
359.116	0	
359.116	0	
359.116	0	
359.116	0	
359.116	0	
359.116	0	
359.116	0	
359.116	0	
359.116	0	
359.116	0	
358.946	0	
359.116	0	
359.116	0	
359.116	0	
359.116	0	
359.116	0	
393.722	0	
428.328	0	
359.116	0	
359.116	0	
359.116	0	
359.116	0	
359.116	0	
359.116	0	
359.116	0	
359.116	0	
359.116	0	
359.116	0	
359.116	0	
359.116	0	
359.116	0	
359.116	0	
359.116	0	
359.116	0	
359.116	0	
359.116	0	
359.116	0	
359.116	0	
359.116	0	
359.116	0	
359.116	0	
359.116	0	
359.116	0	
359.116	0	
359.116	0	
359.116	0	
359.116	0	
359.116	0	
359.116	0	
359.116	0	
359.116	0	
359.116	0	
359.116	0	
359.116	0	
359.116	0	
359.116	0	
359.116	0	
359.116	0	
359.116	0	
359.116	0	
359.116	0	
358.98	0	
358.912	0	
359.116	0	
359.116	0	
359.116	0	
359.116	0	
359.116	0	
359.116	0	
359.116	0	
359.116	0	
359.116	0	
359.069	0	
359.048	0	
359.116	0	
359.116	0	
359.116	0	
359.116	0	
359.116	0	
359.116	0	
359.116	0	
359.106	0	
359.116	0	
359.116	0	
359.116	0	
359.116	0	
359.116	0	
359.116	0	
359.116	0	
361.342	0	
359.116	0	
359.116	0	
359.116	0	
359.116	0	
359.116	0	
359.116	0	
359.116	0	
359.116	0	
359.116	0	
359.116	0	
359.116	0	
359.116	0	
359.116	0	
359.116	0	
359.116	0	
359.116	0	
359.116	0	
359.116	0	
359.116	0	
359.116	0	
359.116	0	
359.116	0	
359.116	0	
359.116	0	
359.091	0	
359.116	0	
359.116	0	
359.116	0	
359.095	0	
359.116	0	
359.116	0	
359.095	0	
359.069	0	
359.116	0	
359.116	0	
359.082	0	
359.082	0	
359.116	0	
359.116	0	
359.116	0	
359.116	0	
359.116	0	
359.116	0	
359.116	0	
359.116	0	
359.116	0	
359.116	0	
359.116	0	
359.116	0	
359.116	0	
359.116	0	
359.116	0	
359.116	0	
359.116	0	
359.116	0	
359.116	0	
359.082	0	
359.116	0	
359.11	0	
359.099	0	
359.082	0	
359.116	0	
359.116	0	
359.116	0	
359.116	0	
359.116	0	
359.116	0	
359.116	0	
359.116	0	
359.116	0	
359.116	0	
359.116	0	
359.111	0	
359.103	0	
359.116	0	
359.116	0	
359.116	0	
359.116	0	
359.116	0	
359.116	0	
359.116	0	
359.116	0	
359.114	0	
359.116	0	
359.116	0	
359.116	0	
359.116	0	
359.116	0	
359.116	0	
359.116	0	
359.116	0	
359.116	0	
359.116	0	
359.116	0	
359.116	0	
359.116	0	
359.11	0	
359.115	0	
359.116	0	
359.116	0	
359.116	0	
359.116	0	
359.116	0	
359.116	0	
359.116	0	
359.116	0	
359.116	0	
359.116	0	
359.116	0	
359.116	0	
359.116	0	
359.116	0	
359.116	0	
359.116	0	
359.116	0	
359.116	0	
359.116	0	
359.116	0	
359.116	0	
359.116	0	
359.116	0	
359.116	0	
359.116	0	
359.116	0	
359.116	0	
359.116	0	
359.116	0	
359.116	0	
359.116	0	
359.116	0	
359.116	0	
359.116	0	
359.116	0	
359.116	0	
359.116	0	
359.116	0	
359.116	0	
359.116	0	
359.116	0	
359.116	0	
359.116	0	
359.116	0	
359.116	0	
359.116	0	
359.116	0	
359.116	0	
359.116	0	
359.116	0	
359.116	0	
359.116	0	
359.116	0	
359.116	0	
359.116	0	
359.116	0	
359.116	0	
359.116	0	
359.116	0	
359.116	0	
359.116	0	
359.116	0	
359.116	0	
359.116	0	
359.116	0	
359.116	0	
359.116	0	
359.116	0	
359.116	0	
359.116	0	
359.116	0	
359.116	0	
359.116	0	
359.116	0	
359.116	0	
359.116	0	
359.116	0	
359.116	0	
359.116	0	
359.116	0	
359.116	0	
359.116	0	
359.116	0	
359.116	0	
359.116	0	
359.116	0	
359.116	0	
359.116	0	
359.116	0	
359.116	0	
359.116	0	
359.116	0	
359.116	0	
359.116	0	
359.116	0	
359.116	0	
359.116	0	
359.116	0	
359.116	0	
359.116	0	
359.116	0	
359.116	0	
359.116	0	
359.116	0	
359.116	0	
359.116	0	
359.116	0	
359.116	0	
359.116	0	
359.116	0	
359.116	0	
359.116	0	
359.116	0	
359.116	0	
359.116	0	
359.116	0	
359.116	0	
359.116	0	
359.116	0	
359.116	0	
359.116	0	
359.116	0	
359.116	0	
359.116	0	
359.116	0	
359.116	0	
359.116	0	
359.116	0	
359.116	0	
359.116	0	
359.116	0	
359.116	0	
359.116	0	
359.116	0	
359.116	0	
359.116	0	
359.116	0	
359.116	0	
359.116	0	
359.116	0	
359.116	0	
359.116	0	
359.116	0	
359.116	0	
359.116	0	
359.116	0	
359.116	0	
359.116	0	
359.116	0	
359.116	0	
359.116	0	
359.116	0	
359.116	0	
359.116	0	
359.116	0	
359.116	0	
359.116	0	
359.116	0	
359.116	0	
359.116	0	
359.116	0	
359.116	0	
359.116	0	
359.116	0	
359.116	0	
359.116	0	
359.116	0	
359.116	0	
359.116	0	
359.116	0	
359.116	0	
359.116	0	
359.116	0	
359.116	0	
359.116	0	
359.116	0	
359.116	0	
359.116	0	
359.116	0	
359.116	0	
359.116	0	
359.116	0	
359.116	0	
359.116	0	
359.116	0	
359.116	0	
359.116	0	
359.116	0	
359.116	0	
359.116	0	
359.116	0	
359.116	0	
359.116	0	
359.116	0	
359.116	0	
359.116	0	
359.116	0	
359.116	0	
359.116	0	
359.116	0	
359.116	0	
359.116	0	
359.116	0	
359.116	0	
359.116	0	
359.116	0	
359.116	0	
359.116	0	
359.116	0	
359.116	0	
359.116	0	
359.116	0	
359.116	0	
359.116	0	
359.116	0	
359.116	0	
359.116	0	
359.116	0	
359.116	0	
359.116	0	
359.116	0	
359.116	0	
359.116	0	
359.116	0	
359.116	0	
359.116	0	
359.116	0	
359.116	0	
359.116	0	
359.116	0	
359.116	0	
359.116	0	
359.116	0	
359.116	0	
359.116	0	
359.116	0	
359.116	0	
359.116	0	
359.116	0	
359.116	0	
359.116	0	
359.116	0	
359.116	0	
359.116	0	
359.116	0	
359.116	0	
359.116	0	
359.116	0	
359.116	0	
359.116	0	
359.116	0	
359.116	0	
359.116	0	
359.116	0	
359.116	0	
359.116	0	
359.116	0	
359.116	0	
359.116	0	
359.116	0	
359.116	0	
359.116	0	
359.116	0	
359.116	0	
359.116	0	
359.116	0	
359.116	0	
359.116	0	
359.116	0	
359.116	0	
359.116	0	
359.116	0	
