# File: UnstructuredGrid_Inversion_L1_Medium_Iter11.dat
# (No specific header documentation)

-159.167	-0.496475	176.686	0	
-156.621	-1.19698	211.614	0	
-60.3125	-0.183316	204.716	0	
36.875	-0.165467	226.556	0	
-214.18	-113.326	323.427	0	
-223.159	-85.885	340.894	0	
135.171	-0.248238	240.756	0	
37.8876	-0.539571	223.776	0	
-168.679	-38.5924	620.25	0	
-59.8958	-0.422952	208.36	0	
-114.636	-2.41546	182.145	0	
-196.664	-34.7949	428.441	0	
-86.1261	-2.20771	184.364	0	
-160.041	-25.8446	664.797	0	
-158.223	-23.0259	673.154	0	
-109.835	-1.50691	186.705	0	
-133.798	-34.6457	1004.23	0	
-60.7671	-2.6029	200.334	0	
-135.496	-1.93261	190.393	0	
-148.91	-7.49764	307.882	0	
-147.493	-0.731718	224.03	0	
-142.708	-2.72654	193.159	0	
-143.958	-2.01633	197.727	0	
-128.914	-3.64279	181.076	0	
-151.12	-4.39359	238.331	0	
-155.062	-2.57386	225.319	0	
-144.9	-12.0178	503.777	0	
-151.679	-3.09646	224.89	0	
-157.698	-15.8758	535.522	0	
134.442	-0.463996	218.262	0	
-17.1364	-2.41546	196.155	0	
-155.723	-3.30595	226.762	0	
-40.8603	-1.70135	190.58	0	
-154.225	-2.87256	228.513	0	
-152.924	-3.87335	236.039	0	
-12.9102	-2.00366	204.609	0	
-149.521	-2.42138	216.404	0	
35.327	-1.2985	222.332	0	
-37.3348	-1.50691	192.7	0	
-170.813	-2.26882	379.69	0	
-48.0562	-1.54083	196.27	0	
-166.927	-1.72974	317.307	0	
-163.743	-2.99807	267.06	0	
-57.2502	-2.63512	199.393	0	
-166.754	-3.36478	310.247	0	
-55.9972	-2.7247	198.758	0	
-156.681	-8.63815	346.854	0	
-55.3684	-3.09307	199.294	0	
-63.125	-0.721791	204.373	0	
-162.675	-0.60932	241.56	0	
-83.7351	-0.737194	189.557	0	
-60.7641	-1.92569	200.805	0	
-155.447	-1.61875	223.536	0	
-75.9953	-1.43803	196.519	0	
-161.806	-1.04393	201.987	0	
-65.3125	-0.168989	201.981	0	
85.1796	-0.274425	183.994	0	
-154.375	-0.301598	260.317	0	
61.4296	-0.274425	218.932	0	
-152.083	-0.301598	253.357	0	
-151.042	-0.898582	233.591	0	
44.3021	-1.82391	214.256	0	
-153.125	-0.165467	224.548	0	
55.507	-1.84911	204.423	0	
-156.167	-1.19206	219.181	0	
78.3054	-3.8633	212.299	0	
-161.515	-1.97935	220.101	0	
-55.3336	-1.60992	200.417	0	
-150.349	-0.895475	232.146	0	
-152.938	-1.63179	229.895	0	
36.9179	-5.18859	217.305	0	
-148.122	-0.734698	228.354	0	
38.2504	-3.79368	215.919	0	
-145.886	-0.571426	212.95	0	
-147.188	-0.177641	228.135	0	
42.6714	-0.248238	223.313	0	
39.5494	-2.43721	217.561	0	
-144.375	-0.165467	209.657	0	
34.375	-0.721791	223.468	0	
-141.875	-0.165467	203.702	0	
-140.824	-0.584888	206.779	0	
32.0917	-0.938252	219.633	0	
-141.391	-0.463959	217.315	0	
40.0765	-1.33326	223.523	0	
-144.651	-0.895475	218.113	0	
41.1458	-0.449365	228.245	0	
14.8589	-0.463959	193.545	0	
-135.624	-0.735515	205.757	0	
140.283	-3.23265	211.415	0	
-134.062	-0.18026	191.202	0	
-133.324	-0.584888	196.326	0	
144.783	-3.56216	209.642	0	
-135.207	-0.767958	196.688	0	
148.925	-1.74918	221.456	0	
138.925	-1.74918	215.677	0	
-131.875	-0.165467	194.383	0	
136.951	-1.8827	211.285	0	
-124.375	-0.239636	185.386	0	
-128.231	-0.881992	198.43	0	
138.128	-0.734698	227.231	0	
-131.672	-0.963615	192.89	0	
138.851	-0.785793	228.158	0	
-132.349	-0.451863	186.923	0	
145.417	-0.301598	233.55	0	
-139.849	-0.451863	187.61	0	
21.5202	-1.36247	200.645	0	
129.375	-0.165467	198.276	0	
-125.938	-0.215758	194.967	0	
111.737	-0.870404	179.101	0	
-123.125	-0.399074	197.237	0	
-123.854	-0.455394	191.786	0	
-111.875	-0.721791	184.909	0	
-117.028	-1.85649	185.624	0	
120.201	-2.39955	197.005	0	
-120.514	-2.45278	182.085	0	
-118.122	-0.734698	192.56	0	
-99.7032	-3.72545	189.006	0	
-115.104	-0.449365	196.506	0	
-113.646	-0.409544	187	0	
-88.3333	-0.301598	182.295	0	
-117.188	-0.177641	185.264	0	
-123.438	-0.215758	195.379	0	
-116.049	-1.02926	188.142	0	
-114.062	-0.168989	185.128	0	
-98.4932	-0.145516	182.531	0	
-109.989	-0.734618	187.356	0	
-104.807	-0.233592	183.417	0	
-109.688	-0.172252	183.888	0	
-108.522	-0.420281	184.542	0	
-106.799	-1.90103	183.125	0	
-110.938	-0.180399	185.093	0	
-109.359	-2.24693	182.546	0	
-136.562	-0.905095	198.208	0	
-106.601	-0.997684	186.122	0	
-133.837	-3.30145	184.169	0	
-98.5504	-1.09742	184.852	0	
-103.125	-0.399074	191.106	0	
-124.896	-0.422952	202.202	0	
-106.289	-0.749484	184.988	0	
-139.375	-0.165467	199.291	0	
-106.981	-0.881992	185.694	0	
-105.537	-0.416907	187.876	0	
-114.062	-0.938054	187.938	0	
-105.268	-1.64172	184.776	0	
-126.573	-0.927987	192.102	0	
131.875	-0.721791	212.118	0	
-103.438	-0.215758	182.525	0	
49.1667	-0.301598	215.352	0	
-128.927	-0.404344	187.46	0	
-100.622	-0.734698	185.518	0	
-130.622	-0.734698	205.278	0	
-90.047	-1.49882	184.81	0	
-99.6875	-0.177641	185.056	0	
-131.709	-1.83516	188.641	0	
-148.042	-1.77945	213.784	0	
-96.9743	-0.445797	183.576	0	
-133.787	-0.478752	204.499	0	
-94.8074	-0.233592	188.42	0	
-88.5417	-1.40127	185.407	0	
-146.362	-1.84728	214.95	0	
-96.6024	-0.997079	182.997	0	
-147.496	-3.34204	214.81	0	
-97.7055	-1.03334	185.286	0	
-149.724	-0.298492	240.754	0	
-144.792	-2.01633	205.278	0	
-89.6875	-0.215758	189.135	0	
-153.533	-1.25297	232.449	0	
-87.7055	-1.03334	185.366	0	
-86.9743	-0.445797	187.258	0	
-152.968	-2.35625	227.297	0	
-68.492	-2.07619	199.492	0	
-143.891	-0.463959	216.415	0	
-147.81	-0.184751	227.553	0	
-83.4375	-0.168113	187.443	0	
-150.141	-0.463959	224.047	0	
-81.5625	-0.298189	194.649	0	
-81.2355	-0.506938	189.123	0	
-156.509	-2.01745	212.715	0	
-76.6602	-2.00373	194.235	0	
-151.022	-2.05757	223.06	0	
-84.0749	-1.40842	189.6	0	
-152.732	-2.72571	225.401	0	
-90.2072	-0.767958	185.798	0	
-143.324	-0.584888	208.861	0	
-14.375	-0.721791	218.35	0	
-75.9375	-0.172232	195.037	0	
-23.0152	-2.656	195.761	0	
-69.06	-0.184751	205.051	0	
-74.0625	-0.289782	205.544	0	
-25.9375	-0.215758	196.252	0	
-74.7864	-0.268605	211.28	0	
-16.5625	-0.168989	217.046	0	
9.16667	-0.301598	187.693	0	
-69.3725	-0.734698	204.809	0	
-0.833333	-0.301598	202.043	0	
-66.3542	-0.449365	203.636	0	
-60.625	-0.399074	205.047	0	
-12.2453	-1.43797	212.224	0	
-68.4375	-0.177641	203.756	0	
-7.32513	-1.74918	209.279	0	
-67.1747	-1.67604	201.577	0	
-2.30916	-3.99418	193.69	0	
-9.36794	-1.83311	205.648	0	
-59.5833	-0.239636	208.395	0	
-39.375	-0.721791	195.838	0	
36.5137	-3.10931	215.463	0	
-57.9491	-1.61328	202.273	0	
-41.5625	-0.168989	195.976	0	
-62.495	-0.726698	205.405	0	
-8.12247	-0.734698	223.638	0	
-26.3542	-0.449365	197.54	0	
-57.0129	-0.76506	204.718	0	
-32.3074	-0.233592	199.815	0	
-54.5124	-0.769509	202.858	0	
-54.4526	-1.54022	200.576	0	
-34.2993	-1.90103	189.237	0	
-55.5456	-0.469849	202.873	0	
-36.8593	-2.24693	187.637	0	
-58.1174	-0.526812	208.793	0	
-36.2042	-3.51141	192.15	0	
-65.3118	-0.938054	204.231	0	
-7.39932	-0.785793	221	0	
-77.1875	-0.180422	201.374	0	
-155.491	-2.34302	223.131	0	
-52.2119	-0.606269	202.987	0	
-50.6225	-0.734698	197.75	0	
-48.8613	-2.00705	195.227	0	
-48.6511	-1.47543	196.274	0	
-47.5961	-1.83916	195.42	0	
-41.1458	-0.409544	196.638	0	
-49.6875	-0.177641	198.88	0	
-50.5346	-1.7761	196.616	0	
-46.3821	-1.53103	194.212	0	
-44.1959	-1.61996	193.808	0	
-45.5393	-1.53918	193.485	0	
-42.6042	-0.449365	201.373	0	
-41.5618	-0.938054	196.333	0	
-56.9566	-1.53976	201.666	0	
-44.924	-0.426248	197.989	0	
-46.7643	-2.3302	193.185	0	
-47.2007	-0.445765	201.75	0	
-49.4963	-2.00134	195.557	0	
-57.7681	-1.92847	200.662	0	
-38.4375	-0.180399	193.898	0	
-54.1416	-2.34704	198.432	0	
-36.0223	-0.420281	189.828	0	
-34.4815	-0.881992	197.91	0	
-52.881	-1.63702	198.618	0	
-37.1875	-0.172252	199.719	0	
-50.31	-0.184751	197.742	0	
-58.6541	-2.02268	200.35	0	
-33.7887	-0.749484	196.143	0	
-62.8125	-0.180456	203.741	0	
-31.4555	-1.03334	192.642	0	
-29.3725	-0.734698	195.229	0	
-67.2993	-2.39955	199.092	0	
-27.222	-1.77304	192.881	0	
-63.8542	-0.421	204.78	0	
-33.4426	-0.916578	191.97	0	
-58.9542	-1.01599	203.756	0	
-37.4886	-0.734618	195.807	0	
-56.5955	-2.31994	199.542	0	
-65.4331	-2.41216	200.555	0	
-19.5281	-1.85649	197.086	0	
-70.3125	-0.905095	203.035	0	
-26.875	-0.233607	199.519	0	
-18.5417	-1.33328	205.654	0	
-73.75	-0.49084	197.883	0	
-25.3125	-0.183316	195.565	0	
-64.1859	-1.83675	201.146	0	
-76.2386	-0.73463	197.373	0	
-19.6875	-0.215758	214.522	0	
105.417	-0.301598	172.553	0	
-16.1458	-0.409544	216.649	0	
-16.5618	-0.938054	210.804	0	
89.3033	-3.12823	197.578	0	
-17.6042	-0.449365	206.413	0	
100.256	-2.61431	192.95	0	
-20.2072	-0.767958	207.545	0	
-86.9643	-1.83306	185.792	0	
107.36	-3.07781	187.544	0	
-13.4375	-0.180399	223.558	0	
86.951	-1.8827	202.589	0	
-11.0223	-0.420281	222.199	0	
-9.48147	-0.881992	217.943	0	
88.1275	-0.734698	197.788	0	
-12.1875	-0.172252	218.512	0	
88.8507	-0.785793	200.295	0	
79.375	-0.165467	233.736	0	
-8.78865	-0.749484	220.527	0	
70.8283	-0.963615	229.144	0	
-6.60444	-0.545772	214.7	0	
-5.3125	-0.18026	219.264	0	
64.7319	-1.64172	211.282	0	
-1.05036	-1.09742	203.97	0	
72.025	-3.3918	214.779	0	
-9.10115	-0.997684	215.849	0	
81.875	-0.721791	222.111	0	
-12.4886	-0.734618	220.077	0	
95.4167	-0.301598	171.943	0	
-28.4375	-0.177641	194.446	0	
-62.4855	-1.48918	202.806	0	
-53.0213	-0.481575	200.164	0	
-33.0365	-0.416907	191.862	0	
-134.576	-1.85974	190.207	0	
-3.12247	-0.734698	211.563	0	
-2.1875	-0.177641	202.537	0	
65.1926	-0.233592	217.423	0	
7.35357	-1.29758	198.668	0	
0.208333	-0.898582	206.042	0	
72.1684	-2.81356	214.422	0	
64.4635	-0.416907	212.548	0	
0.625	-0.165467	203.152	0	
55.9572	-0.445765	204.95	0	
2.69264	-0.233592	196.072	0	
8.93188	-1.07637	193.479	0	
47.7325	-3.26382	211.551	0	
0.828281	-0.963615	202.139	0	
58.125	-0.721791	206.275	0	
6.87753	-0.734698	196.507	0	
63.201	-1.8827	208.714	0	
47.9138	-1.76532	210.246	0	
7.8125	-0.177641	190.386	0	
50.2102	-1.64384	208.657	0	
10.625	-0.399074	194.551	0	
10.3125	-0.215758	191.381	0	
51.2292	-0.42959	202.321	0	
28.9783	-1.82829	209.484	0	
51.7296	-1.10317	203.354	0	
46.9276	-1.61148	212.885	0	
14.375	-0.165467	190.616	0	
47.19	-0.184751	219.28	0	
16.875	-0.399074	192.843	0	
16.5625	-0.215758	192.769	0	
43.4527	-2.29139	216.164	0	
21.1036	-1.29758	200.193	0	
39.7255	-2.1272	219.437	0	
13.8613	-0.719544	192.98	0	
45.2003	-0.884451	224.02	0	
20.6275	-0.734698	201.796	0	
57.3339	-1.9944	204.831	0	
41.9423	-0.895512	223.677	0	
21.5625	-0.177641	197.973	0	
33.6458	-0.421	226.699	0	
28.7495	-0.72209	216.252	0	
23.5959	-0.863962	207.408	0	
35.0145	-1.48918	219.126	0	
23.6458	-0.410824	202.355	0	
40.9364	-2.30603	217.699	0	
34.6875	-0.180456	222.611	0	
28.437	-0.910558	215.103	0	
33.3141	-1.83675	216.456	0	
30.0123	-0.987677	215.689	0	
36.3656	-0.727833	227.236	0	
27.5017	-0.754052	211.783	0	
29.6736	-1.21051	212.778	0	
32.0669	-2.41216	211.923	0	
30.8146	-1.63811	213.773	0	
30.3982	-1.67889	213.597	0	
10.6225	-1.77427	198.197	0	
37.3589	-0.463959	227.777	0	
151.042	-0.957873	217.784	0	
129.175	-2.40378	202.047	0	
38.8319	-1.16939	224.701	0	
150.349	-0.895475	218.656	0	
35.3125	-0.180399	229.923	0	
22.1811	-1.57104	202.091	0	
153.75	-0.798148	188.223	0	
42.7068	-1.03746	221.89	0	
148.128	-0.734698	224.12	0	
48.9496	-1.09742	212.962	0	
43.5396	-1.03386	224.689	0	
142.807	-0.916592	223.569	0	
41.9423	-0.463996	224.173	0	
146.951	-1.8827	222.599	0	
39.7145	-0.465415	228.694	0	
149.357	-2.57573	215.844	0	
31.6196	-0.893213	220.257	0	
24.6874	-1.03651	204.204	0	
44.1593	-0.491213	223.054	0	
44.7166	-1.5814	221.051	0	
139.303	-3.12823	211.401	0	
46.8775	-0.734698	219.045	0	
140.208	-2.01633	216.782	0	
59.5898	-2.00366	207.459	0	
49.7945	-1.03334	211.119	0	
141.458	-1.40127	224.471	0	
47.8125	-0.177641	214.663	0	
143.861	-0.719544	231.986	0	
138.44	-0.184751	229.476	0	
53.4795	-1.57413	204.73	0	
132.514	-1.48918	209.815	0	
53.95	-0.87916	201.17	0	
54.337	-1.53831	203.564	0	
127.712	-2.4156	201.292	0	
53.4103	-0.445903	201.526	0	
130.276	-0.298492	231.644	0	
50.3174	-0.445797	193.435	0	
137.686	-1.411	216.74	0	
128.978	-2.05757	203.189	0	
59.0625	-0.180399	206.73	0	
83.3398	-2.00366	204.747	0	
60.3125	-0.172252	218.986	0	
61.8518	-1.29912	208.998	0	
124.375	-0.721791	198.749	0	
61.4507	-1.08866	213.716	0	
129.859	-0.463959	189.25	0	
109.909	-3.84253	187.835	0	
64.0574	-0.916578	212.594	0	
-112.604	-0.421	193.595	0	
68.6089	-0.463959	230.939	0	
67.6113	-0.719544	219.231	0	
-111.236	-1.48918	185.767	0	
63.7113	-0.749484	217.867	0	
113.328	-0.963615	187.055	0	
68.4005	-0.895475	224.294	0	
122.188	-0.168989	187.168	0	
93.1275	-0.734698	185.226	0	
132.188	-0.180456	209.753	0	
-111.562	-0.180456	183.041	0	
76.1036	-1.29758	222.375	0	
-112.936	-1.83675	184.212	0	
70.625	-0.165467	233.388	0	
77.7433	-1.25068	220.71	0	
-118.75	-0.727521	189.614	0	
70.1507	-0.451863	226.184	0	
-114.183	-2.41216	181.995	0	
-89.5644	-2.02505	183.131	0	
77.138	-0.895475	229.188	0	
-93.6052	-2.65328	183.592	0	
81.5399	-1.99481	209.812	0	
79.0995	-0.895475	224.635	0	
-85.7716	-1.10409	187.314	0	
77.3464	-0.463959	226.089	0	
-82.2933	-0.265258	199.236	0	
75.6275	-0.734698	225.199	0	
-120.104	-0.420973	194.14	0	
-86.2709	-0.429517	186.548	0	
82.8125	-0.180399	204.842	0	
-93.9555	-1.03334	181.311	0	
132.827	-1.2985	214.306	0	
85.6018	-1.29912	205.173	0	
-104.57	-2.91246	177.017	0	
84.0625	-0.172252	221.249	0	
-93.2243	-0.445797	189.06	0	
-97.1833	-1.74351	183.414	0	
87.4613	-0.749484	207.999	0	
-102.396	-0.422952	194.081	0	
89.6456	-0.545772	207.086	0	
91.3531	-0.739201	191.612	0	
-100.561	-1.61689	184.518	0	
95.1996	-1.09742	184.727	0	
-95.5365	-0.416907	183.171	0	
87.1488	-0.997684	206.939	0	
-89.375	-0.399074	187.305	0	
85.2007	-1.08866	202.225	0	
-87.2898	-1.64384	185.636	0	
-116.049	-2.39955	182.273	0	
143.568	-1.41562	225.47	0	
-100.31	-0.184751	186.383	0	
94.0625	-0.177641	186.902	0	
-101.875	-0.239636	184.851	0	
96.875	-0.399074	192.792	0	
103.604	-1.29758	183.911	0	
-103.486	-1.50556	184.016	0	
-104.788	-1.02568	185.778	0	
96.1458	-0.517356	189.533	0	
-136.241	-1.49188	193.951	0	
105.182	-1.07637	181.209	0	
103.128	-0.734698	175.853	0	
-129.738	-1.69542	190.489	0	
99.8233	-0.404427	190.538	0	
-137.604	-0.420973	198.581	0	
96.5625	-0.215758	182.578	0	
-106.064	-1.411	184.781	0	
-123.063	-1.77863	188.258	0	
126.715	-1.8638	202.057	0	
-127.851	-0.997684	194.352	0	
106.562	-0.215758	170.59	0	
110.625	-0.399074	180.776	0	
-126.881	-1.45948	189.424	0	
106.875	-0.399074	185.939	0	
-122.497	-0.365196	200.415	0	
-125.625	-0.399074	200.114	0	
119.222	-1.85649	197.955	0	
-129.043	-1.15301	192.629	0	
113.125	-0.165467	190.589	0	
120.208	-1.33328	196.725	0	
-149.062	-0.231865	238.462	0	
112.849	-0.895475	189.183	0	
-130.662	-1.60682	190.425	0	
110.312	-0.215758	180.609	0	
-126.727	-1.84047	187.523	0	
104.062	-0.177641	174.73	0	
-117.81	-0.184751	196.222	0	
-143.542	-2.72654	201.224	0	
119.792	-0.83059	198.299	0	
-139.792	-2.01633	198.407	0	
122.604	-0.409544	202.736	0	
122.188	-0.938054	200.394	0	
-138.542	-1.34019	199.959	0	
121.146	-0.449365	196.406	0	
-136.25	-0.727521	203.474	0	
-142.292	-2.01633	198.502	0	
125.312	-0.180399	217.357	0	
-13.7355	-1.48918	208.235	0	
127.255	-0.454315	210.058	0	
134.442	-0.895512	212.088	0	
-18.5493	-2.39955	197.233	0	
126.32	-0.373341	206.552	0	
-15.1042	-0.421	214.347	0	
128.063	-1.23527	210.857	0	
-142.349	-0.451863	199.603	0	
-16.6831	-2.41216	195.292	0	
135.207	-1.03746	222.584	0	
-21.25	-0.727521	204.788	0	
158.73	-5.36963	156.012	0	
135.616	-1.2741	216.501	0	
-23.2238	-0.955178	199.031	0	
132.505	-0.726698	215.576	0	
-15.4359	-1.83675	201.809	0	
15.3503	-0.495982	199.275	0	
137.461	-0.749484	223.906	0	
11.3542	-0.422952	193.48	0	
139.646	-0.545772	228.985	0	
140.625	-0.165467	231.003	0	
10.2642	-1.50556	194.45	0	
145.208	-1.40127	224.853	0	
4.00616	-2.61431	198.719	0	
137.149	-0.997684	214.478	0	
7.77023	-1.36247	196.701	0	
129.099	-0.895475	202.558	0	
-14.0625	-0.180456	220.829	0	
118.128	-0.734698	197.186	0	
-149.02	-2.36076	215.493	0	
4.81932	-1.37109	199.814	0	
144.375	-0.165467	233.874	0	
-6.94674	-3.12823	194.683	0	
145.789	-1.45463	227.586	0	
147.149	-0.997684	228.709	0	
7.19003	-0.184751	197.987	0	
153.646	-1.86538	185.211	0	
3.10039	-1.27697	199.919	0	
1.96348	-0.416907	200.941	0	
148.44	-0.184751	223.26	0	
-2.39258	-1.46076	206.761	0	
153.125	-0.366631	190.445	0	
154.375	-0.431516	186.213	0	
-11.56	-2.60932	195.32	0	
155.208	-1.40127	165.586	0	
-4.64987	-0.495739	212.65	0	
147.461	-0.749484	230.194	0	
0.701863	-1.82568	202.378	0	
-6.04167	-2.01633	208.186	0	
156.119	-0.786475	147.859	0	
-8.56446	-1.411	214.462	0	
159.625	-0.633448	136.118	0	
161.425	-0.98887	137.725	0	
-7.80997	-0.184751	228.405	0	
160.517	-1.62232	130.596	0	
-6.00099	-0.990146	215.074	0	
-38.7355	-1.48918	192.526	0	
152.453	-5.09699	188.449	0	
-19.375	-0.399074	208.134	0	
163.752	-4.86774	193.04	0	
164.832	-2.66958	141.298	0	
-25.5624	-1.77893	193.703	0	
163.115	-0.98887	196.322	0	
-32.7681	-1.64172	190.592	0	
155.922	-2.9811	155.642	0	
-40.1042	-0.421	201.587	0	
155.625	-0.301598	144.843	0	
-2.80997	-0.184751	214.037	0	
-30.7243	-0.445797	195.621	0	
160.191	-2.997	148.099	0	
-30.2368	-1.45802	190.206	0	
169.563	-2.94058	259.244	0	
154.83	-4.84613	173.725	0	
-29.06	-0.184751	196.417	0	
148.735	-4.0152	211.448	0	
-28.7551	-1.51942	192.635	0	
-32.2879	-1.02568	194.613	0	
204.26	-5.49392	374.31	0	
-51.5127	-2.35303	196.362	0	
151.074	-22.6435	204.116	0	
-45.4962	-2.88495	193.767	0	
204.031	-10.9896	365.395	0	
-51.9926	-1.54002	197.726	0	
151.4	-5.05939	201.977	0	
-33.5645	-1.411	191.462	0	
-41.6831	-2.41216	190.476	0	
168.134	-45.6612	326.171	0	
-45.2578	-2.01741	192.62	0	
-44.2392	-2.34425	192.223	0	
-40.4359	-1.83675	190.363	0	
-61.499	-2.45786	200.393	0	
34.6455	-2.41489	215.933	0	
-71.3542	-0.420973	202.203	0	
-65.8864	-2.41546	200.468	0	
-63.875	-0.7939	205.575	0	
-39.0625	-0.180456	196.103	0	
161.093	-4.56171	148.706	0	
-24.9975	-0.365196	198.901	0	
143.128	-0.734698	230.979	0	
11.875	-0.239636	188.805	0	
-69.9911	-1.49188	200.742	0	
-108.415	-1.71442	185.243	0	
-74.3078	-2.81558	194.727	0	
69.1763	-0.584888	223.713	0	
-70	-0.727521	203.539	0	
-73.5417	-2.01633	194.824	0	
-72.2917	-1.34019	198.269	0	
-76.8674	-0.734712	199.189	0	
-79.8457	-0.412919	201.245	0	
104.02	-1.36247	183.008	0	
109.376	-0.735515	179.102	0	
99.0115	-1.69578	191.8	0	
107.604	-0.422952	192.576	0	
106.514	-1.50556	182.882	0	
108.125	-0.239636	174.191	0	
101.069	-1.37109	185.109	0	
100.519	-0.881967	178.673	0	
93.9409	-3.99414	194.188	0	
103.44	-0.184751	171.647	0	
97.0407	-1.83502	191.405	0	
97.5025	-0.365196	195.606	0	
92.3958	-0.422952	195.552	0	
93.8574	-1.46076	190.941	0	
88.9249	-1.74918	200.433	0	
93.44	-0.184751	181.826	0	
90.8188	-2.40875	195.849	0	
92.1704	-1.69082	194.305	0	
87.6855	-1.411	202.622	0	
88.44	-0.184751	195.344	0	
80.3503	-0.495902	218.399	0	
82.5145	-1.48918	209.573	0	
76.5202	-1.36247	224.38	0	
82.1875	-0.180456	228.951	0	
78.8924	-1.28214	225.997	0	
79.8589	-0.463959	227.616	0	
75	-0.727521	228.343	0	
73.6458	-0.420973	234.914	0	
65.1381	-2.86399	211.743	0	
76.3613	-0.719544	230.73	0	
70.8499	-2.94097	214.869	0	
71.8775	-0.734698	235.764	0	
66.8775	-0.734698	217.618	0	
66.9353	-1.57651	214.556	0	
63.9355	-1.411	212.028	0	
65.2121	-1.02568	215.041	0	
56.7365	-0.776487	202.769	0	
58.7645	-1.48918	206.531	0	
51.3739	-2.20771	208.848	0	
58.4375	-0.180456	207.545	0	
54.6602	-2.31659	207.106	0	
55.9223	-1.60658	204.62	0	
51.8197	-1.54066	206.402	0	
52.2149	-2.28411	208.665	0	
45.5792	-1.53992	219.342	0	
46.4559	-1.39802	217.247	0	
33.625	-0.7939	224.705	0	
35.3751	-2.12843	216.738	0	
31.6136	-2.41546	211.109	0	
134.897	-3.1242	209.073	0	
26.1603	-0.44666	208.65	0	
27.8074	-0.922307	213.392	0	
23.9778	-2.49398	201.334	0	
28.1175	-0.73471	217.18	0	
24.4006	-2.24607	202.879	0	
25.4682	-1.53423	206.035	0	
20	-0.727521	198.676	0	
17.6042	-0.422952	198.309	0	
151.875	-0.36089	218.304	0	
152.495	-1.48403	202.368	0	
153.016	-2.19037	197.063	0	
152.5	-0.727521	216.138	0	
147.686	-1.411	224.129	0	
148.517	-0.962924	225.452	0	
142.391	-0.851559	228.306	0	
142.805	-1.39113	224.433	0	
134.652	-1.76179	212.51	0	
154.479	-2.1669	170.38	0	
130.938	-0.231865	226.047	0	
132.875	-2.12843	208.46	0	
129.835	-2.01948	202.406	0	
171.752	-1.25987	246.075	0	
123.646	-0.421	200.375	0	
125.014	-1.48918	202.399	0	
121.614	-2.41546	197.927	0	
124.688	-0.180456	192.263	0	
122.067	-2.41216	200.192	0	
123.314	-1.83675	200.742	0	
117.5	-0.727521	192.843	0	
116.146	-0.420973	186.279	0	
-112.625	-0.7939	189.875	0	
-110.573	-2.52441	180.404	0	
-138.958	-2.01633	191.068	0	
-62.8681	-2.59243	199.781	0	
-119.062	-0.905095	189.092	0	
-118.741	-1.49188	187.556	0	
-83.3092	-2.06224	187.456	0	
-76.268	-2.32432	193.956	0	
-80.7029	-2.21773	187.925	0	
-80.2623	-0.239982	188.307	0	
-84.6875	-0.173181	194.045	0	
-83.8038	-1.61508	189.25	0	
-91.5625	-0.905095	185.469	0	
-91.2411	-1.49188	183.909	0	
-90.5731	-2.52441	182.182	0	
-91.25	-0.727521	182.486	0	
-96.0688	-1.39728	182.353	0	
-94.7879	-1.02568	184.792	0	
-101.377	-0.799412	184.766	0	
-101.387	-2.24603	181.488	0	
-64.6103	-1.70135	201.322	0	
-95.2681	-1.64172	182.53	0	
-136.875	-0.721791	201.313	0	
-135.926	-1.29981	198.715	0	
-151.043	-2.7795	220.954	0	
-119.302	-2.47027	182.138	0	
-122.298	-1.39875	191.011	0	
-121.116	-0.81098	192.141	0	
-127.539	-0.749484	195.515	0	
-128.034	-1.949	185.171	0	
-113.36	-1.70135	184.436	0	
-121.548	-1.41422	189.895	0	
-217.345	-30.9863	377.031	0	
-114.835	-2.90531	179.545	0	
-15.125	-0.7939	216.404	0	
-13.423	-1.2985	214.682	0	
-21.588	-3.19758	195.279	0	
11.1103	-3.07781	196.874	0	
-21.5625	-0.905095	204.3	0	
-21.2411	-1.49188	200.142	0	
13.859	-1.3349	195.851	0	
20.94	-0.184751	201.333	0	
16.3337	-1.46822	196.102	0	
18.125	-0.239636	197.585	0	
13.1275	-0.734698	193.666	0	
13.4423	-1.27001	195.347	0	
5.9375	-0.905095	196.905	0	
6.2448	-1.46872	198.424	0	
7.24318	-1.60465	198.387	0	
6.25	-0.727521	195.096	0	
1.43554	-1.411	202.08	0	
2.71211	-1.02568	200.216	0	
-3.44198	-0.916251	209.986	0	
-3.2231	-2.05468	205.045	0	
32.8897	-1.70135	216.415	0	
2.23194	-1.64172	201.389	0	
-40.125	-0.7939	193.049	0	
-38.0731	-2.52441	186.512	0	
-44.66	-2.42905	191.803	0	
-32.2293	-3.02255	189.225	0	
-24.7976	-1.39875	196.88	0	
-24.0574	-0.186199	204.073	0	
-30.3524	-0.997079	194.481	0	
-30.9114	-1.76399	189.164	0	
-15.8603	-1.70135	203.838	0	
-23.9918	-1.51483	197.649	0	
-55.7489	-1.85245	200.058	0	
-46.3337	-2.56104	192.608	0	
-63.1262	-1.46081	202.686	0	
-62.8319	-2.05376	200.513	0	
-70.625	-0.721791	201.664	0	
-69.3146	-2.04454	199.082	0	
-72.7083	-2.01633	195.029	0	
-101.314	-4.33633	190.844	0	
-78.5249	-0.230877	193.8	0	
-77.4855	-1.48916	195.178	0	
115.736	-2.45278	196.335	0	
118.861	-0.719544	193.316	0	
113.202	-1.82568	191.962	0	
114.378	-0.734698	182.911	0	
109.793	-0.767958	181.026	0	
109.636	-1.76127	192.755	0	
102.188	-0.905095	187.494	0	
102.495	-1.46872	188.76	0	
103.493	-1.60465	186.015	0	
102.5	-0.727521	179.83	0	
98.0881	-1.60686	191.38	0	
99.7066	-1.15279	188.966	0	
92.3735	-0.799412	196.231	0	
93.0268	-2.05475	192.911	0	
83.588	-1.37309	207.999	0	
84.9041	-3.22367	198.956	0	
81.2182	-0.740078	220.404	0	
82.827	-1.2985	209.585	0	
74.6368	-2.43277	215.488	0	
132.596	-2.91729	206.416	0	
74.6875	-0.905095	227.259	0	
74.9948	-1.46872	220.871	0	
70.8422	-1.8928	218.112	0	
72.6299	-0.805484	232.114	0	
66.1408	-0.851559	216.31	0	
65.9602	-2.43432	212.048	0	
59.838	-1.37309	207.507	0	
79.1706	-1.65773	217.715	0	
56.7991	-1.54309	203.19	0	
59.077	-1.2985	206.7	0	
46.0751	-4.11734	211.004	0	
61.1539	-3.22149	210.87	0	
44.7403	-3.05244	213.303	0	
50.5357	-1.83306	203.917	0	
34.3738	-1.46081	219.359	0	
34.4289	-3.71849	215.055	0	
26.4894	-1.28197	207.642	0	
28.6659	-2.464	208.712	0	
-3.2231	-2.8958	199.314	0	
25.1683	-1.72236	203.441	0	
19.6875	-0.905095	199.254	0	
19.9948	-1.46872	200.327	0	
151.25	-0.526357	217.538	0	
151.821	-1.80608	209.954	0	
142.902	-3.06759	214.047	0	
148.847	-3.30796	212.921	0	
144.284	-2.06442	220.22	0	
136.472	-3.23317	207.122	0	
141.042	-2.01633	217.688	0	
132.867	-5.33818	210.162	0	
131.758	-1.85813	208.647	0	
131.398	-3.49444	207.244	0	
123.625	-0.7939	204.535	0	
126.403	-2.49952	202.074	0	
93.027	-2.89578	193.477	0	
122.89	-1.70135	199.712	0	
117.188	-0.905095	194.238	0	
117.509	-1.49188	196.785	0	
-111.876	-1.46081	186.496	0	
-111.582	-2.05376	182.948	0	
-119.375	-0.721791	188.639	0	
-118.07	-2.50735	180.577	0	
-137.82	-4.37968	205.621	0	
-123.13	-3.49504	178.819	0	
-85.6814	-1.54166	185.937	0	
-85.0014	-2.26521	185.743	0	
-91.875	-0.721791	183.14	0	
-91.7445	-2.42983	183.26	0	
-111.618	-2.59243	180.385	0	
-103.549	-3.02689	178.886	0	
-99.5421	-1.82139	181.74	0	
-107.41	-2.98523	180.703	0	
-103.127	-1.77427	186.501	0	
-111.649	-4.7353	194.494	0	
-136.964	-1.87789	193.074	0	
-136.595	-2.06317	190.619	0	
-125.962	-1.40863	191.419	0	
-136.313	-5.22453	224.867	0	
-73.7783	-2.74315	193.303	0	
-125.96	-2.25668	183.653	0	
-14.3762	-1.46081	207.835	0	
-14.0819	-2.05376	199.971	0	
-22.5552	-0.718532	202.981	0	
-20.5704	-2.50735	194.475	0	
-40.5361	-4.84886	214.995	0	
-26.9064	-2.42223	193.373	0	
12.3735	-0.799412	192.943	0	
12.4884	-2.30501	195.946	0	
5.62498	-0.721791	194.853	0	
5.52251	-1.88479	198.387	0	
-14.1181	-2.59243	196.959	0	
-5.96702	-3.23265	196.182	0	
-1.64446	-1.71476	205.179	0	
-9.00389	-2.60207	194.935	0	
-5.20833	-2.01633	205.62	0	
-14.1491	-4.7353	188.952	0	
-39.3762	-1.46081	193.188	0	
-39.0819	-2.05376	190.349	0	
-28.4427	-1.4048	191.958	0	
-40.1715	-4.55294	207.656	0	
-39.1181	-2.59243	187.997	0	
-28.6683	-2.28573	190.695	0	
-70.3637	-2.42898	197.217	0	
31.4151	-2.90531	210.447	0	
-70.9388	-2.22896	197.057	0	
-71.6787	-2.58459	194.939	0	
-79.375	-0.172936	198.863	0	
-77.173	-1.29849	196.562	0	
-85.6715	-2.46797	186.403	0	
-81.0439	-2.41319	189.718	0	
113.936	-1.411	188.82	0	
115.13	-0.805484	188.127	0	
108.623	-0.799412	176.186	0	
108.738	-2.30501	186.961	0	
101.875	-0.721791	179.958	0	
101.773	-1.88479	187.949	0	
82.1319	-2.59263	205.107	0	
90.283	-3.23265	196.891	0	
94.6055	-1.71476	191.26	0	
86.472	-3.23317	200.627	0	
91.6378	-1.69748	195.738	0	
82.093	-4.7967	208.62	0	
81.8609	-1.83928	210.062	0	
82.1681	-2.05381	207.114	0	
74.375	-0.721791	234.403	0	
75.9932	-1.60465	220.206	0	
58.3866	-2.50815	207.127	0	
55.4982	-4.87258	212.49	0	
67.9524	-1.93915	213.446	0	
52.7522	-8.01768	177.699	0	
57.521	-5.34934	213.529	0	
67.1745	-3.56865	214.807	0	
58.4158	-2.05491	206.88	0	
57.0732	-2.321	206.826	0	
27.133	-2.63379	205.462	0	
111.834	-4.71218	189.724	0	
27.9203	-1.93247	208.878	0	
27.1398	-2.07762	206.252	0	
19.375	-0.721791	194.204	0	
20.9932	-1.60465	200.879	0	
12.0418	-3.11995	196.57	0	
16.6958	-2.43448	197.345	0	
150.645	-1.84911	215.452	0	
149.791	-2.374	215.215	0	
125.116	-3.46383	199.025	0	
152.538	-2.77988	201.85	0	
124.374	-1.46081	201.049	0	
124.459	-3.81846	199.231	0	
116.875	-0.721791	185.9	0	
118.18	-2.50735	196.008	0	
116.948	-2.47027	196.397	0	
115.122	-1.71767	195.716	0	
-136.802	-2.47027	190.741	0	
-66.0849	-2.90531	199.134	0	
-119.464	-1.87789	184.98	0	
-119.095	-2.06317	184.392	0	
-87.4141	-2.66027	185.198	0	
-79.8712	-1.81772	192.391	0	
-93.14	-1.86639	184.296	0	
-93.521	-1.66146	181.496	0	
-150.165	-2.01948	220.026	0	
-139.387	-4.14145	205.519	0	
-127.195	-1.27839	191.268	0	
-125.981	-3.29665	181.19	0	
-17.3349	-2.90531	192.089	0	
10.3533	-4.94277	199.52	0	
-22.2867	-1.34151	200.217	0	
-22.0108	-2.38959	195.599	0	
9.31604	-2.51578	199.296	0	
16.7556	-1.70676	196.704	0	
5.54877	-1.49655	198.807	0	
4.46531	-2.45031	198.752	0	
-43.3839	-3.10159	193.006	0	
-42.6894	-3.57751	193.999	0	
-29.9064	-1.56321	191.609	0	
-29.2257	-2.40036	190.364	0	
-83.3329	-3.8748	194.163	0	
-87.8287	-4.81106	207.184	0	
-78.5656	-1.42062	193.321	0	
-78.2737	-2.37393	191.142	0	
110.076	-1.508	186.441	0	
108.292	-3.11995	187.242	0	
106.873	-1.77427	192.135	0	
105.566	-2.51578	191.286	0	
101.799	-1.49655	188.649	0	
100.715	-2.45031	190.717	0	
79.7462	-4.10681	211.248	0	
128.926	-2.84565	202.929	0	
74.6554	-2.06317	217.45	0	
73.4029	-2.74893	215.557	0	
53.0294	-3.17657	212.271	0	
54.3217	-3.87944	214.203	0	
24.3815	-3.32498	202.397	0	
5.70182	-2.47148	198.534	0	
19.1426	-2.84765	199.531	0	
18.137	-2.54295	198.348	0	
146.421	-3.38327	213.336	0	
175.818	-8.94432	295.643	0	
111.834	-2.60779	192.543	0	
121.86	-3.87766	197.136	0	
116.786	-1.87789	194.802	0	
117.155	-2.06317	196.492	0	
-137.568	-3.92403	197.903	0	
-122.546	-3.8727	183.744	0	
-113.49	-4.92185	192.312	0	
-91.5283	-2.75732	183.87	0	
-127.721	-2.58471	185.022	0	
-139.243	-5.20576	230.73	0	
-41.1002	-4.67811	211.365	0	
-24.7258	-3.56424	206.431	0	
-15.9902	-4.92185	194.524	0	
19.5746	-2.57679	199.235	0	
-30.0468	-3.02602	196.076	0	
-42.4787	-5.10744	221.597	0	
-96.2254	-3.65737	189.144	0	
-77.9549	-2.998	191.27	0	
75.8271	-3.53898	213.555	0	
101.952	-2.47148	190.22	0	
66.7451	-2.93459	213.291	0	
56.0696	-3.99758	213.739	0	
1.72609	-5.28566	192.069	0	
13.4721	-3.48409	199.629	0	
96.0079	-2.55335	189.841	0	
108.74	-3.39754	194.635	0	
41.1728	-2.71904	215.732	0	
40.5165	-2.89311	216.13	0	
-145.295	-2.59162	200.707	0	
-142.292	-3.47328	202.608	0	
-157.288	-1.05218	194.153	0	
-167.563	-6.70533	361.403	0	
-150.825	-2.40378	221.043	0	
-149.769	-2.01355	219.581	0	
-155.244	-4.73968	248.493	0	
-153.388	-2.41665	225.81	0	
-47.1854	-2.44365	193.71	0	
-44.1806	-3.88473	199.429	0	
-54.5593	-2.58372	198.503	0	
-53.2972	-1.87956	198.434	0	
-52.015	-2.42322	196.331	0	
-52.2664	-2.01678	197.332	0	
-60.7241	-1.5947	202.328	0	
-60.3745	-4.31313	209.613	0	
-66.9097	-3.48325	201.991	0	
-63.4228	-3.24228	201.742	0	
49.1034	-2.71345	208.635	0	
52.6181	-2.91573	211.384	0	
42.6078	-1.82987	216.215	0	
39.5244	-3.9681	215.222	0	
38.7033	-3.64202	215.983	0	
42.6119	-2.2008	216.285	0	
30.5903	-3.48325	209.266	0	
33.9387	-3.38916	214.273	0	
139.348	-2.5803	211.534	0	
141.912	-2.52837	212.88	0	
128.113	-3.43841	202.832	0	
130.231	-2.01355	205.428	0	
-115.66	-3.48325	180.37	0	
-112.173	-3.24228	180.668	0	
-88.5405	-3.23828	187.456	0	
-88.9091	-5.80155	239.648	0	
-103.545	-2.49764	183.355	0	
-102.288	-2.25783	180.883	0	
-141.458	-2.01633	194.522	0	
-138.014	-2.45278	190.63	0	
-145.673	-3.58065	207.041	0	
-141.042	-2.72654	196.804	0	
-18.1597	-3.48325	192.848	0	
-14.6728	-3.24228	191.295	0	
8.84849	-2.23646	197.49	0	
8.44568	-4.11067	197.848	0	
-6.90238	-2.5803	199.232	0	
-4.48659	-2.66189	199.491	0	
-43.9954	-2.72509	192.071	0	
-39.6728	-3.24228	190.595	0	
-47.3178	-2.94642	194.58	0	
-42.9359	-3.10814	193.637	0	
-74.8725	-1.63817	194.205	0	
-72.7148	-3.14654	196.045	0	
105.098	-2.23646	188.28	0	
104.696	-4.11067	187.557	0	
89.3476	-2.5803	198.96	0	
91.4591	-2.06158	194.913	0	
77.8519	-3.36292	211.756	0	
81.5802	-3.23691	205.767	0	
53.0652	-1.81663	205.622	0	
55.9361	-3.1233	210.45	0	
50.6712	-3.73328	213.613	0	
53.4375	-3.06257	211.756	0	
22.9236	-3.20146	201.085	0	
25.2113	-2.22136	203.826	0	
120.609	-3.50702	199.6	0	
124.203	-2.69999	199.071	0	
-82.7039	-2.73506	187.88	0	
-79.8665	-2.21327	189.881	0	
13.9742	-2.67448	198.824	0	
17.7682	-2.01775	198.466	0	
149.312	-3.12293	212.8	0	
151.76	-2.40133	204.804	0	
-94.6444	-2.94869	181.705	0	
-91.5747	-2.05299	183.276	0	
2.92061	-2.95392	197.958	0	
5.25263	-2.50494	198.869	0	
99.3108	-2.54776	193.665	0	
101.503	-2.50494	190.445	0	
47.1385	-3.65845	211.045	0	
51.7933	-2.43856	208.099	0	
-149.482	-3.2455	218.999	0	
-149.731	-4.40508	232.973	0	
-155.912	-2.43032	219.761	0	
-163.027	-9.91041	400.357	0	
-151.041	-3.76896	224.777	0	
-148.288	-3.7064	217.408	0	
-191.185	-10.7108	432.917	0	
-152.115	-3.09021	225.355	0	
-141.458	-3.47328	196.147	0	
-53.5273	-2.72608	197.647	0	
-52.1686	-4.37222	207.315	0	
-57.0666	-2.31979	199.345	0	
-53.3214	-3.11963	199.296	0	
-57.4251	-3.30637	201.477	0	
-50.975	-3.86468	203.121	0	
-59.3831	-3.42074	200.291	0	
-58.6198	-2.92291	198.657	0	
-57.402	-3.6941	201.954	0	
-55.7778	-3.14363	199.856	0	
-67.0145	-4.6316	214.046	0	
-64.1141	-4.79143	217.227	0	
45.708	-2.56395	211.974	0	
45.3763	-3.53531	211.579	0	
43.0313	-2.43165	213.231	0	
44.2694	-3.17147	211.499	0	
41.4523	-3.82635	213.081	0	
43.8567	-2.90914	214.408	0	
41.5219	-2.73076	214.948	0	
40.2114	-3.07142	215.339	0	
30.4855	-4.6316	212.491	0	
33.9394	-4.71903	215.981	0	
138.736	-4.01876	209.528	0	
142.885	-2.55877	213.666	0	
138.847	-3.31017	209.503	0	
150.266	-3.23553	209.424	0	
127.067	-4.46785	202.165	0	
126.979	-3.91811	201.406	0	
-115.765	-4.6316	190.923	0	
-117.308	-3.54881	181.611	0	
-86.8107	-3.76789	190.807	0	
-84.6593	-3.04017	187.445	0	
-85.9728	-3.77629	190.124	0	
-80.5629	-4.01706	193.138	0	
-102.488	-3.90147	187.615	0	
-101.825	-2.51323	182.255	0	
-106.252	-3.58224	183.128	0	
-93.6255	-3.0858	184.693	0	
-143.978	-3.50911	198.385	0	
-140.208	-2.72654	189.359	0	
-143.564	-4.19254	215.002	0	
-139.46	-3.50846	196.27	0	
-18.2645	-4.6316	201.815	0	
-19.808	-3.54881	198.795	0	
10.6492	-3.82927	198.076	0	
12.4938	-3.40014	199.964	0	
11.5436	-3.91798	197.535	0	
16.4176	-2.96493	197.977	0	
-7.51437	-4.01876	187.039	0	
-3.98435	-2.43144	201.406	0	
-7.40255	-3.31017	190.615	0	
4.87127	-3.92379	197.354	0	
-46.5607	-4.17728	203.383	0	
-42.1364	-2.41546	190.006	0	
-45.4476	-4.51755	207.594	0	
-42.0745	-3.50731	195.734	0	
-75.2857	-4.1541	198.262	0	
-78.4701	-6.64434	249.62	0	
106.899	-3.82927	187.755	0	
110.676	-2.23387	189.674	0	
106.594	-4.99392	189.076	0	
106.913	-3.30271	193.044	0	
88.7356	-4.01876	199.051	0	
92.2534	-2.43362	194.339	0	
88.8474	-3.31017	199	0	
101.121	-3.92379	191.628	0	
78.0218	-4.63746	215.38	0	
73.6734	-5.09452	220.303	0	
51.4624	-3.10944	210.798	0	
54.2409	-2.55322	208.764	0	
51.4638	-3.61394	213.92	0	
54.7563	-3.68095	213.405	0	
22.0399	-4.45452	204.407	0	
17.5159	-5.58234	204.794	0	
120.45	-4.6299	198.709	0	
121.476	-4.25418	198.195	0	
-85.9841	-3.22877	189.212	0	
-90.2256	-3.99608	192.267	0	
10.6634	-3.30271	199.795	0	
8.6632	-3.43666	200.241	0	
145.909	-2.64674	214.671	0	
141.05	-2.9939	212.122	0	
-96.6773	-3.08288	180.547	0	
-103.093	-3.88383	183.112	0	
-2.14735	-2.85289	202.569	0	
-5.23012	-3.71727	192.495	0	
94.1027	-2.85291	194.799	0	
91.7706	-3.25018	196.757	0	
-151.974	-5.70917	259.09	0	
-147.49	-3.96835	212.8	0	
-153.368	-3.88601	233.401	0	
-84.5154	-5.91258	239.318	0	
-155.351	-4.21465	238.46	0	
-154.197	-4.51693	247.367	0	
-153.312	-4.61073	241.628	0	
-148.517	-4.76279	240.622	0	
-82.8049	-3.94988	197.429	0	
-49.2351	-3.69082	200.101	0	
-54.7517	-3.47634	200.796	0	
14.8813	-5.67449	200.434	0	
-60.5928	-3.61131	203.294	0	
-53.4203	-4.01463	205.106	0	
-59.9114	-4.73389	213.848	0	
-55.4769	-5.77591	228.872	0	
14.5706	-4.20665	198.32	0	
115.895	-4.46667	193.404	0	
36.7399	-4.22556	216.508	0	
38.1494	-4.22689	216.239	0	
42.7121	-3.09561	212.064	0	
41.4581	-5.75194	207.897	0	
41.7326	-6.53391	209.017	0	
42.716	-3.58151	212.962	0	
129.867	-2.93818	202.727	0	
182.973	-1.7361	319.494	0	
127.806	-4.69695	203.77	0	
142.511	-4.02581	211.132	0	
-96.4855	-1.46216	183.333	0	
-94.5079	-4.59961	198.966	0	
-150.329	-5.21478	245.645	0	
-64.7402	-4.92185	211.576	0	
-153.814	-7.10161	299.754	0	
-44.5611	-4.59172	208.975	0	
-146.477	-5.20289	237.34	0	
-142.711	-4.15672	205.766	0	
-148.323	-5.70833	252.196	0	
-141.026	-4.17689	207.753	0	
-145.313	-5.59213	240.738	0	
-141.065	-8.26183	341.677	0	
-0.241531	-2.52216	201.005	0	
3.67092	-5.36828	191.737	0	
-51.9384	-4.01115	203.031	0	
33.3748	-3.78833	214.238	0	
-41.4439	-6.61811	256.993	0	
82.7838	-3.64445	203.273	0	
-49.6743	-4.81045	212.429	0	
-44.6397	-3.89803	200.46	0	
-50.5233	-4.57357	210.855	0	
-43.5387	-3.50071	194.678	0	
-47.0282	-5.57533	225.52	0	
-44.4866	-6.97895	264.199	0	
99.9209	-5.36828	187.081	0	
108.623	-6.72497	189.904	0	
104.913	-3.43666	191.445	0	
107.809	-3.92965	186.582	0	
43.9065	-3.91632	210.421	0	
52.6933	-4.33099	215.166	0	
62.6	-2.9502	209.07	0	
97.9761	-5.28566	194.644	0	
47.3916	-5.47269	206.617	0	
52.7008	-3.85227	214.198	0	
46.6457	-5.61069	205.783	0	
53.8811	-3.66734	214.061	0	
45.5688	-4.06231	211.11	0	
55.2124	-5.22538	212.492	0	
-85.6069	-4.12617	201.122	0	
-84.6636	-4.81648	208.942	0	
11.993	-4.20933	200.252	0	
13.5102	-5.42887	200.612	0	
-155.963	-5.097	254.123	0	
-142.437	-5.31766	234.839	0	
-156.484	-4.118	234.635	0	
-172.309	-12.7934	455.706	0	
-154.796	-4.86054	250.015	0	
-73.2199	-4.26289	207.552	0	
-173.403	-20.1461	501.703	0	
-50.5437	-5.19385	216.959	0	
-55.876	-3.98249	205.243	0	
-52.8648	-5.28102	221.28	0	
-110.966	-3.644	180.681	0	
22.8507	-4.98136	205.488	0	
-13.4663	-3.644	189.167	0	
108.341	-4.2484	192.93	0	
45.4836	-4.89191	208.84	0	
49.7226	-4.83614	210.431	0	
129.638	-5.5098	209.023	0	
136.211	-7.63558	220.261	0	
-138.254	-5.48671	232.707	0	
-142.085	-7.33446	298.52	0	
-91.5717	-5.95664	242.7	0	
-92.8168	-4.64004	201.213	0	
-147.102	-6.18605	265.71	0	
-127.384	-3.75061	187.496	0	
-144.901	-4.79453	234.772	0	
-143.942	-5.03664	221.26	0	
-144.543	-7.10465	295.757	0	
-141.93	-5.89745	249.802	0	
-146.668	-7.76797	310.003	0	
-129.565	-3.64339	190.306	0	
-140.955	-5.35763	234.223	0	
-140.024	-5.99148	254.709	0	
-28.2948	-2.95121	194.507	0	
46.3108	-6.95627	194.725	0	
4.93456	-5.77834	192.354	0	
5.83061	-4.87147	195.117	0	
-65.3544	-6.40738	241.317	0	
-49.0952	-4.57187	209.836	0	
-47.2003	-4.79435	210.323	0	
-46.4211	-4.98031	214.14	0	
-46.4686	-6.4302	244.48	0	
-45.6673	-5.29337	223.725	0	
-48.9598	-6.97129	249.289	0	
-32.8557	-4.46585	213.686	0	
-43.5137	-4.46864	207.549	0	
-43.6405	-6.29576	246.724	0	
71.0371	-4.07729	217.301	0	
132.669	-3.55906	208.216	0	
107.732	-5.17485	191.012	0	
107.663	-6.12376	182.968	0	
99.0733	-6.32027	188.46	0	
102.081	-4.87147	187.031	0	
32.6497	-6.4272	219.46	0	
48.3307	-5.92797	205.743	0	
49.3617	-4.39594	212.557	0	
50.5001	-4.95965	210.561	0	
50.2182	-7.33008	193.998	0	
53.0716	-5.8785	207.643	0	
48.7574	-6.87976	194.152	0	
65.3852	-2.43423	210.87	0	
53.0598	-4.71739	214.789	0	
54.2865	-5.81128	208.872	0	
-87.3648	-4.48529	204.076	0	
-83.4115	-6.5807	253.9	0	
11.4397	-5.03079	199.975	0	
11.4123	-5.85742	198.932	0	
-151.469	-5.83279	266.152	0	
-150.562	-6.84405	291.165	0	
-61.8966	-6.94611	253.427	0	
-44.4986	-6.34178	247.389	0	
34.4958	-5.1001	217.485	0	
52.4412	-6.46994	202.309	0	
-160.665	-3.70131	236.77	0	
-114.782	-4.20346	188.033	0	
-151.306	-6.70878	283.192	0	
-112.864	-4.79143	194.027	0	
-135.937	-3.69783	187.527	0	
-127.661	-4.30226	185.771	0	
-60.7924	-6.65241	247.619	0	
-17.2825	-4.20346	196.68	0	
-54.1905	-8.57523	283.751	0	
-41.8125	-7.16401	270.085	0	
-39.4688	-4.79489	212.546	0	
-29.3966	-5.07069	234.566	0	
36.7395	-6.08716	217.189	0	
68.077	-8.40584	209.335	0	
42.8965	-7.71963	197.712	0	
80.7999	-4.40229	210.351	0	
65.9308	-4.66551	215.152	0	
56.5481	-4.48717	213.979	0	
-94.8356	-6.18617	225.551	0	
-145.272	-8.29733	334.047	0	
2.82332	-6.32027	188.335	0	
-15.3641	-4.79143	193.378	0	
150.162	-4.49128	206.382	0	
158.02	-2.16464	140.14	0	
-130.544	-5.88206	245.044	0	
-140.308	-6.5356	262.222	0	
-35.9148	-1.71442	190.3	0	
-42.6324	-6.40011	249.166	0	
64.5483	-3.47787	212.728	0	
70.1344	-3.03206	214.165	0	
-163.828	-1.26356	275.626	0	
-159.396	-4.21635	243.384	0	
101.185	-5.77834	187.375	0	
157.77	-6.74113	163.345	0	
-151.687	-7.21154	303.354	0	
-116.877	-7.34077	282.198	0	
-138.465	-5.99581	244.438	0	
-138.027	-6.61281	270.323	0	
-40.8859	-6.39358	249.449	0	
-38.3952	-5.75294	242.385	0	
61.3303	-5.24106	213.06	0	
57.7308	-4.7856	210.878	0	
-82.1843	-7.88937	319.473	0	
-80.1836	-3.00883	188.237	0	
14.7382	-6.99026	200.711	0	
17.3332	-2.982	197.938	0	
156.744	-0.484877	133.171	0	
158.695	-3.04285	132.859	0	
57.064	-6.65618	196.259	0	
80.9951	-3.92578	207.753	0	
58.2821	-8.39797	156.051	0	
62.1949	-5.56212	211.338	0	
-165.21	-0.654241	283.566	0	
-168.752	-1.0755	332.724	0	
-143.57	-9.71916	397.39	0	
-138.013	-8.13211	327.588	0	
-129.911	-4.23913	184.164	0	
-132.248	-3.40525	180.737	0	
-46.7142	-7.36987	263.242	0	
-19.3611	-7.28773	266.408	0	
-31.7578	-5.88479	248.052	0	
-35.295	-2.48923	189.534	0	
56.6273	-5.9608	206.902	0	
54.8791	-6.89041	192.672	0	
49.1278	-7.53916	180.881	0	
57.0091	-8.18103	176.646	0	
-160.915	-0.434608	210.803	0	
-158.244	-3.30807	217.558	0	
156.973	-2.01607	131.581	0	
158.625	-1.12992	123.064	0	
142.708	-6.5636	211.826	0	
176.853	-1.43582	285.484	0	
-68.558	-3.54881	199.735	0	
-66.0325	-4.20346	210.693	0	
-76.4724	-8.05683	310.154	0	
-60.1341	-6.64788	243.119	0	
-73.2837	-3.30473	197.159	0	
-69.7464	-5.68567	228.798	0	
28.3848	-4.01136	207.884	0	
31.4675	-4.20346	212.146	0	
24.1682	-10.1762	214.82	0	
38.0098	-7.00302	211.681	0	
25.4685	-3.59519	203.981	0	
27.8522	-6.55454	215.269	0	
123.686	-3.80995	198.533	0	
128.132	-6.41766	210.037	0	
122.85	-7.20922	203.998	0	
160.169	-8.00456	167.947	0	
130.799	-8.90666	221.258	0	
190.319	-2.08076	347.069	0	
-119.076	-6.86766	246.97	0	
-114.104	-6.40738	232.412	0	
-90.9251	-5.66452	229.552	0	
-100.831	-3.62684	181.364	0	
-118.518	-5.7566	217.805	0	
-138.613	-12.612	568.504	0	
-21.5887	-6.90754	268.914	0	
-16.6044	-6.40738	217.807	0	
8.62436	-6.4855	196.537	0	
-4.6785	-7.2848	181.802	0	
-20.948	-5.79411	236.32	0	
-42.6317	-10.4872	378.465	0	
-75.0252	-3.52843	199.445	0	
-73.4988	-5.05429	216.222	0	
-68.9123	-7.58266	272.417	0	
-71.5963	-4.76615	208.058	0	
-77.1987	-5.70508	228.087	0	
-75.6221	-7.76458	279.317	0	
79.2025	-4.25369	212.207	0	
80.0237	-5.10281	215.113	0	
93.2586	-3.36659	195.24	0	
93.0946	-6.00801	198.162	0	
73.5427	-4.82092	218.778	0	
79.6346	-8.11939	228.89	0	
21.8972	-3.88845	202.169	0	
24.4934	-6.48258	212.808	0	
28.9457	-6.85699	219.506	0	
25.3902	-4.73184	207.59	0	
21.1883	-6.32542	209.35	0	
18.6684	-10.1586	204.863	0	
118.942	-3.54881	195.076	0	
122.104	-6.77188	201.451	0	
125.364	-5.66039	204.086	0	
124.244	-4.87104	200.614	0	
117.696	-5.13298	196.293	0	
121.483	-11.5237	208.106	0	
-81.6468	-4.14155	198.219	0	
-81.1444	-4.98834	213.607	0	
-81.7213	-6.35346	254.9	0	
-76.8	-8.97789	334.911	0	
15.0669	-4.63876	200.01	0	
16.4055	-5.33563	200.216	0	
16.747	-7.29072	203.276	0	
17.5821	-7.29837	206.629	0	
111.774	-6.82907	188.91	0	
112.536	-3.82988	192.422	0	
-61.6256	-3.78982	205.406	0	
-63.1079	-5.70185	231.914	0	
34.8449	-4.14389	216.028	0	
35.7073	-4.46655	216.792	0	
103.743	-11.2524	195.771	0	
182.587	-9.32682	335.803	0	
-90.7779	-3.58734	188.911	0	
-93.2717	-3.81762	189.865	0	
-97.3399	-5.96359	235.281	0	
-102.554	-5.10891	208.157	0	
6.5139	-3.66548	198.955	0	
3.43996	-4.15199	194.431	0	
-1.41722	-5.83936	187.171	0	
-2.99138	-3.36663	197.198	0	
102.764	-3.66548	190.4	0	
99.69	-4.15199	188.455	0	
93.7709	-7.63444	204.633	0	
104.874	-6.4855	186.963	0	
-151.979	-8.83589	359.512	0	
-57.5075	-7.11321	249.6	0	
-121.448	-13.0931	662.148	0	
-45.8676	-9.43903	335.002	0	
-55.7883	-7.11252	254.955	0	
39.8056	-8.48508	196.985	0	
-59.7726	-10.3625	323.041	0	
50.4171	-8.93651	167.338	0	
-22.9675	-10.6553	422.907	0	
76.8124	-7.42232	231.087	0	
37.8562	-10.2232	185.615	0	
105.088	-7.12398	186.528	0	
-128.45	-5.59442	216.56	0	
-118.504	-5.1214	198.07	0	
-30.1918	-5.23623	239.558	0	
-20.9525	-5.06037	222.447	0	
68.6188	-1.96008	217.26	0	
70.0677	-5.02879	221.915	0	
-173.002	-1.19333	377.64	0	
-162.458	-3.93749	261.478	0	
-135.671	-6.23173	247.953	0	
-135.266	-6.68178	269.898	0	
-36.0229	-8.73594	370.642	0	
-35.1986	-6.39926	259.486	0	
156.515	-6.21406	166.579	0	
167.502	-1.68071	211.34	0	
144.038	-7.09532	204.479	0	
194.592	-4.57815	365.644	0	
-69.011	-3.88635	205.926	0	
-69.5415	-4.87869	218.707	0	
27.7728	-3.68538	206.775	0	
27.0624	-4.59746	209.278	0	
125.366	-4.53429	201.078	0	
125.684	-5.03531	201.261	0	
132.846	-6.32582	216.506	0	
135.134	-5.21573	212.004	0	
-117.854	-3.99326	182.582	0	
-120.068	-3.92403	182.952	0	
-108.9	-9.37659	411.65	0	
-108.378	-5.93729	210.652	0	
-20.3148	-4.70184	215.112	0	
-22.4524	-5.75807	242.953	0	
-9.24783	-8.51529	194.737	0	
-11.0913	-5.28127	180.944	0	
-76.1645	-4.90297	209.54	0	
-76.8576	-4.96379	220.723	0	
75.5364	-4.44904	216.622	0	
71.2785	-3.49383	214.258	0	
86.1023	-9.55524	219.291	0	
84.6036	-5.56164	205.002	0	
20.7157	-4.12422	202.54	0	
19.6142	-5.56829	204.785	0	
118.396	-3.99326	197.899	0	
116.182	-3.92403	194.214	0	
-87.2413	-8.87428	365.543	0	
-86.5103	-7.10938	281.729	0	
8.55841	-7.84151	194.101	0	
10.9662	-7.52865	196.702	0	
112.458	-7.49537	188.913	0	
118.767	-6.4445	196.291	0	
114.065	-4.275	190.284	0	
115.367	-7.08711	191.778	0	
-64.5875	-6.95859	262.602	0	
-63.5297	-8.92336	301.685	0	
34.0637	-9.96747	210.458	0	
35.1111	-7.99501	213.788	0	
-57.2898	-9.36314	309.65	0	
-88.1737	-11.8857	517.339	0	
-25.7303	-7.29662	317.221	0	
8.10812	-12.5273	183.539	0	
46.5218	-7.81616	183.363	0	
128.623	-7.90833	217.036	0	
56.4093	-12.718	93.1035	0	
75.8157	-5.80147	222.915	0	
70.4619	-5.51399	219.035	0	
74.2658	-7.5169	227.613	0	
-163.861	-8.66731	359.364	0	
-157.409	-6.34834	287.258	0	
150.985	-7.03873	200.648	0	
198.713	-12.5666	368.462	0	
-123.918	-7.22289	268.707	0	
-116.253	-8.1107	307.654	0	
-50.0421	-7.82838	275.516	0	
-18.8242	-8.04669	274.602	0	
99.7403	-12.3328	208.047	0	
160.378	-5.98324	165.169	0	
-93.7597	-8.09302	313.957	0	
40.9961	-7.43786	200.235	0	
3.97424	-6.79663	189.185	0	
59.8339	-10.2608	117.183	0	
71.2315	-9.49837	208.955	0	
71.3211	-7.12152	222.79	0	
90.8074	-14.3803	233.245	0	
215.861	-6.59265	368.403	0	
114.253	-5.93256	191.377	0	
117.662	-5.8566	194.553	0	
-141.681	-9.21111	376.586	0	
38.9076	-8.19309	202.071	0	
16.4972	-10.1753	203.26	0	
100.224	-6.79663	188.106	0	
71.5219	-5.86717	222.256	0	
74.2543	-4.86009	219.394	0	
-123.289	-5.722	210.149	0	
-126.69	-7.74984	305.549	0	
-24.7573	-5.74802	250.84	0	
-30.3661	-8.59321	387.996	0	
136.124	-5.4414	212.031	0	
148.318	-7.15932	205.786	0	
133.594	-5.08916	212.989	0	
137.681	-4.92625	211.04	0	
-106.657	-8.41675	344.519	0	
-108.435	-5.03602	203.217	0	
-108.582	-3.78095	183.833	0	
-106.4	-4.49362	188.95	0	
-9.99401	-7.61224	191.387	0	
-10.1199	-5.48905	178.035	0	
-12.3526	-4.40316	185.22	0	
-9.71479	-3.41919	187.488	0	
86.2203	-7.51769	213.83	0	
80.4493	-9.22012	239.077	0	
85.1987	-3.76183	201.607	0	
87.6811	-4.92625	200.815	0	
-58.3064	-5.76597	224.152	0	
-59.7292	-7.32659	262.197	0	
39.231	-5.32125	214.735	0	
40.1409	-6.10216	210.735	0	
-153.506	-9.96297	400.401	0	
-156.156	-9.53635	366.371	0	
60.2412	-4.60287	211.519	0	
62.9337	-4.91992	215.411	0	
-178.103	-1.44749	407.567	0	
-170.503	-7.24554	387.103	0	
-131.472	-7.50553	306.504	0	
-127.778	-5.68735	214.877	0	
-34.5599	-7.19894	320.508	0	
-30.3806	-6.01372	250.253	0	
-125.957	-6.42642	237.301	0	
-83.2555	-8.79333	358.127	0	
-25.8354	-6.14714	275.005	0	
14.9436	-8.83365	202.32	0	
85.1795	-4.95925	205.049	0	
151.668	-12.0912	190.165	0	
-120.385	-4.54261	193.145	0	
-120.56	-6.34097	224.752	0	
-22.9443	-4.44878	211.391	0	
-22.175	-8.09906	318.929	0	
73.768	-8.06224	225.592	0	
158.273	-8.55259	177.992	0	
-54.9305	-10.1621	314.51	0	
-51.5928	-6.58179	241.106	0	
41.8666	-10.7143	160.977	0	
45.5292	-6.61338	202.428	0	
-138.564	-8.85459	377.355	0	
-80.1956	-12.8571	521.255	0	
-44.8051	-8.25726	289.892	0	
-41.1938	-9.31049	361.156	0	
-134.586	-9.90245	429.941	0	
-121.075	-8.05171	318.375	0	
-38.8882	-9.69781	379.237	0	
-23.5661	-7.4098	309.906	0	
53.6481	-8.86865	165.761	0	
56.3978	-8.98674	155.229	0	
-151.616	-10.2349	405.724	0	
-117.444	-11.9553	581.472	0	
-72.0738	-7.03954	262.742	0	
-1.89118	-11.2196	183.099	0	
25.3462	-6.99803	214.364	0	
139.121	-9.7666	216.403	0	
-85.9091	-14.035	630.321	0	
-66.6414	-8.1019	288.096	0	
11.5909	-14.035	182.009	0	
32.1534	-9.67529	216.261	0	
-96.8268	-7.64513	310.088	0	
-111.698	-9.69367	443.429	0	
-0.0982995	-7.80326	181.685	0	
-15.9656	-8.2224	248.113	0	
-162.733	-12.8839	448.835	0	
-187.785	-3.81496	432.906	0	
77.393	-11.0181	231.442	0	
65.762	-10.9727	149.908	0	
146.325	-6.10652	205.894	0	
136.547	-24.2205	183.426	0	
114.853	-9.8332	198.075	0	
74.5108	-16.9516	149.549	0	
-133.275	-9.97944	425.273	0	
-96.9716	-9.88098	418.847	0	
-37.3867	-13.1253	520.109	0	
1.10826	-11.5518	182.264	0	
91.0286	-9.84741	212.702	0	
95.5818	-9.06969	211.532	0	
-57.3626	-11.6973	360.055	0	
-50.0268	-9.62213	320.967	0	
40.7323	-9.79524	181.604	0	
47.5105	-9.67617	159.833	0	
-149.341	-12.3689	510.708	0	
-46.8643	-16.0459	465.985	0	
-155.576	-14.078	497.056	0	
-145.794	-16.9115	688.851	0	
-46.4895	-11.0958	370.672	0	
-44.5189	-15.6814	481.199	0	
49.7982	-12.0362	115.31	0	
133.818	-9.50772	212.121	0	
-157.952	-10.5181	393.626	0	
-154.522	-10.196	381.103	0	
53.3467	-18.0888	33.7913	0	
127.296	-6.66434	207.148	0	
-101.023	-11.0615	481.84	0	
55.0264	-13.892	69.2011	0	
10.7483	-12.069	188.336	0	
125.655	-16.8219	203.865	0	
-148.789	-23.1299	787.088	0	
-156.107	-11.388	418.442	0	
-156.057	-15.7871	563.919	0	
-166.156	-12.2822	437.907	0	
-139.524	-13.4029	616.417	0	
163.67	-10.6251	205.175	0	
174.226	-2.69569	262.034	0	
120.02	-12.0575	211.772	0	
142.596	-10.8368	210.854	0	
-86.6409	-16.373	717.011	0	
-65.4112	-13.27	412.717	0	
10.8591	-16.373	180.734	0	
33.9995	-12.7954	187.134	0	
-184.223	-1.73373	418.003	0	
-161.31	-10.0349	393.207	0	
-104.001	-6.23938	233.4	0	
-109.691	-15.0074	776.167	0	
-6.14124	-6.3106	179.791	0	
-13.9334	-11.7426	301.941	0	
90.027	-6.35832	205.67	0	
83.6437	-15.4462	202.097	0	
139.946	-6.36697	209.49	0	
132.817	-14.4626	214.421	0	
-131.488	-13.4594	651.299	0	
-124.028	-9.76105	429.099	0	
-30.7502	-10.4504	448.774	0	
-29.0659	-11.8834	519.01	0	
-78.8414	-14.5362	596.136	0	
-70.748	-10.2589	371.445	0	
18.4122	-13.1108	196.979	0	
26.6585	-9.69295	217.622	0	
-90.0224	-13.6985	684.739	0	
-85.994	-9.40255	388.084	0	
4.588	-9.08031	185.49	0	
11.7079	-7.78853	197.879	0	
138.533	-12.5949	218.487	0	
140.319	-10.019	209.645	0	
118.734	-11.2591	201.962	0	
126.674	-12.8115	221.056	0	
-106.917	-9.49724	423.352	0	
-100.597	-8.65659	339.721	0	
-145.879	-15.4853	633.587	0	
-101.318	-9.74031	434.064	0	
-8.78084	-12.1369	221.523	0	
-6.58729	-7.36742	181.506	0	
-17.0598	-12.0425	350.212	0	
-7.12886	-9.7666	193.787	0	
87.1448	-11.7939	243.204	0	
90.8889	-7.84898	206.174	0	
-51.0963	-12.1463	364.958	0	
-51.8149	-13.6259	403.341	0	
45.7802	-10.8012	142.946	0	
45.5914	-13.1579	116.919	0	
66.8358	-5.80769	212.139	0	
62.3515	-12.4113	106.273	0	
40.433	-12.722	148.159	0	
144.048	-11.552	198.282	0	
-59.3015	-11.5861	354.24	0	
-86.7517	-12.069	537.49	0	
-76.1848	-12.5652	475.45	0	
2.46381	-10.974	179.589	0	
-92.3074	-13.6399	612.952	0	
-79.4523	-11.33	463.668	0	
-57.3508	-14.1794	397.908	0	
22.1728	-8.63511	211.347	0	
96.835	-11.9389	214.569	0	
138.718	-28.2307	196.249	0	
126.816	-7.48483	214.804	0	
124.793	-12.2043	208.217	0	
-116.883	-15.4767	777.229	0	
-107.768	-16.2093	821.406	0	
-123.775	-11.4312	547.243	0	
-122.113	-19.7473	957.475	0	
-18.5708	-12.5456	389.564	0	
-6.67912	-19.9459	251.967	0	
-23.9831	-12.9252	487.891	0	
-18.2896	-19.0275	468.323	0	
21.0109	-12.5794	202.476	0	
51.7174	-14.979	58.1203	0	
-88.3829	-9.43331	363.628	0	
-88.6138	-16.0889	758.534	0	
8.69869	-9.96432	188.277	0	
8.88623	-16.0889	177.118	0	
100.838	-9.08031	193.439	0	
121.35	-14.6209	209.585	0	
-98.9521	-13.4574	664.602	0	
40.1237	-14.1489	136.456	0	
-28.5639	-13.8829	568.68	0	
70.0539	-12.8906	150.206	0	
-84.2433	-18.71	747.162	0	
-83.6959	-14.349	638.451	0	
13.4506	-17.1811	181.555	0	
13.8041	-14.349	187.859	0	
-125.128	-14.2264	725.746	0	
-2.23103	-16.8854	210.299	0	
-82.3706	-17.1144	707.665	0	
-78.1219	-20.2094	725.23	0	
-38.4196	-22.9781	587.639	0	
104.069	-15.2067	207.897	0	
16.2228	-16.1191	185.992	0	
18.9105	-17.6045	184.382	0	
-72.4212	-12.4313	474.869	0	
-64.3588	-12.3436	377.718	0	
25.562	-17.4817	183.903	0	
36.4644	-13.7556	163.036	0	
-169.95	-5.3198	375.471	0	
-175.476	-2.64081	400.772	0	
165.562	-8.37072	207.763	0	
179.821	-3.17192	323.944	0	
-191.569	-2.08123	415.536	0	
-172.246	-8.38726	406.138	0	
-51.7407	-16.8561	440.803	0	
-1.44717	-15.5351	194.724	0	
43.3075	-15.0374	99.993	0	
131.431	-22.3666	191.604	0	
-106.013	-12.3263	602.341	0	
-94.0883	-17.8006	881.093	0	
-8.00255	-13.6178	233.518	0	
4.65028	-15.0081	181.293	0	
137.09	-13.4765	199.197	0	
168.065	-35.1829	323.991	0	
76.2839	-12.4782	204.555	0	
124.106	-15.8237	200.896	0	
109.699	-13.9951	208.383	0	
168.826	-14.5572	258.343	0	
84.2911	-13.3606	231.061	0	
48.1161	-21.1884	43.0374	0	
-73.6836	-21.4858	660.674	0	
-62.25	-14.7932	413.176	0	
21.8716	-20.8395	178.854	0	
35.8386	-15.1184	154.051	0	
-67.8999	-14.6858	470.551	0	
-59.0701	-15.8725	420.296	0	
30.8199	-15.0378	185.735	0	
38.4521	-15.8577	132.261	0	
-181.071	-3.18122	420.142	0	
-173.862	-7.35669	402.238	0	
170.302	-6.68287	241.022	0	
173.419	-6.43797	266.511	0	
159.948	-11.745	190.392	0	
161.242	-13.9689	216.418	0	
-99.9667	-17.9562	911.705	0	
14.2892	-20.7014	179.617	0	
4.95187	-16.6876	179.762	0	
118.928	-19.5103	195.827	0	
-79.7755	-17.335	672.633	0	
-74.684	-12.3214	465.9	0	
18.7805	-16.037	191.574	0	
25.2103	-12.6204	208.344	0	
152.449	-7.31478	190.127	0	
157.254	-13.5129	189.302	0	
-154.158	-13.8814	522.2	0	
-148.602	-15.299	601.048	0	
-161.432	-16.8997	533.383	0	
-63.1319	-19.5573	495.673	0	
-146.658	-20.1469	763.865	0	
-141.877	-20.012	811.973	0	
38.7375	-23.7446	92.8154	0	
91.568	-21.0141	174.228	0	
-125.533	-19.0257	907.656	0	
-84.6501	-25.2552	904.032	0	
-59.3731	-23.318	516.357	0	
34.277	-20.1716	130.898	0	
-187.588	-7.89551	422.004	0	
-195.842	-4.57853	424.439	0	
102.318	-17.548	205.565	0	
106.86	-8.01291	185.151	0	
-189.099	-30.2211	455.972	0	
-181.941	-12.0909	441.746	0	
179.592	-6.93814	299.446	0	
186.535	-3.81686	351.218	0	
-66.5849	-15.7318	463.689	0	
-62.5341	-17.7897	472.491	0	
32.2074	-17.6199	160.941	0	
34.8318	-18.2897	139.674	0	
112.789	-15.4964	196.329	0	
123.845	-31.5379	174.7	0	
-158.476	-17.4124	573.907	0	
35.4378	-21.5455	115.171	0	
28.8327	-21.1886	159.127	0	
119.422	-21.2994	180.791	0	
101.124	-16.1526	200.954	0	
109.913	-9.92814	191.378	0	
-90.4386	-18.779	880.974	0	
-69.1813	-21.3106	594.46	0	
-48.8902	-26.6379	531.16	0	
-62.4996	-21.1208	507.489	0	
105.897	-19.7583	177.791	0	
105.159	-14.2529	196.741	0	
-67.9465	-26.6755	630.652	0	
50.1709	-22.262	32.9268	0	
-24.2809	-19.3214	556.145	0	
98.9832	-21.4999	193.708	0	
33.3737	-24.4108	121.414	0	
125.497	-18.563	199.399	0	
108.465	-16.9674	203.222	0	
120.115	-13.7513	203.334	0	
112.528	-19.4945	195.605	0	
117.597	-23.9921	172.17	0	
73.1236	-19.7137	87.6041	0	
137.91	-19.3875	180.097	0	
-113.437	-14.3322	756.156	0	
-109.827	-18.4175	934.408	0	
-117.975	-19.8511	970.787	0	
-120.518	-32.6939	1079.36	0	
-12.041	-14.5621	282.683	0	
-11.4288	-19.6189	323.762	0	
-28.2776	-19.2975	609.692	0	
-67.6672	-24.4883	613.533	0	
77.1932	-14.4281	200.098	0	
93.7854	-21.802	184.251	0	
-99.9372	-23.8587	1031.32	0	
-90.5413	-22.8147	950.074	0	
-0.0134234	-20.8211	204.625	0	
9.04418	-23.8009	186.892	0	
-205.28	-10.9939	400.104	0	
-203.116	-22.3712	408.092	0	
-200.382	-2.4973	405.037	0	
-210.958	-2.99655	390.969	0	
-164.428	-19.1178	550.961	0	
-149.804	-17.7073	656.406	0	
165.868	-16.4349	250.603	0	
175.263	-15.1641	293.467	0	
178.781	-17.6852	318.206	0	
199.132	-2.49739	362.672	0	
-119.107	-22.8943	1032.09	0	
28.287	-22.9459	154.913	0	
-39.5957	-31.2346	574.17	0	
107.392	-24.7615	174.493	0	
-77.5075	-26.2861	808.836	0	
40.7301	-29.9356	71.9927	0	
18.9301	-23.4232	179.099	0	
116.199	-27.4736	159.583	0	
115.666	-25.0162	175.226	0	
87.4094	-22.6911	149.881	0	
78.0314	-18.9234	148.714	0	
78.8027	-26.5951	84.6528	0	
111.96	-27.2029	162.725	0	
-168.006	-23.3756	578.496	0	
-188.86	-40.2249	463.288	0	
-70.1446	-32.5932	722.346	0	
-62.2407	-28.5799	589.478	0	
-126.51	-30.882	1060.36	0	
-70.9819	-36.2011	741.579	0	
26.0045	-31.6369	152.156	0	
33.1079	-26.5318	118.195	0	
-40.7388	-24.2821	572.117	0	
20.3934	-28.7715	175.032	0	
-32.0007	-28.4085	595.298	0	
200.219	-31.4848	363.109	0	
-77.5273	-36.2024	833.037	0	
-60.5149	-26.8828	551.763	0	
-170.053	-24.9757	553.354	0	
48.43	-30.0758	38.4318	0	
-64.8781	-32.8762	655.436	0	
-61.1364	-37.5018	634.827	0	
-12.3213	-36.6524	393.219	0	
102.198	-30.6203	146.18	0	
27.4395	-29.784	149.442	0	
32.408	-36.9225	134.89	0	
-138.235	-17.4408	785.21	0	
-134.433	-20.9232	952.753	0	
-44.0695	-14.3178	465.381	0	
-41.1435	-15.7034	511.595	0	
229.784	-7.91137	363.338	0	
-195.655	-9.12754	413.078	0	
-184.632	-17.2543	456.232	0	
-223.649	-3.59612	382.904	0	
-198.906	-17.9043	417.417	0	
133.382	-30.2393	187.442	0	
137.001	-29.3426	189.298	0	
186.376	-7.64136	334.423	0	
187.265	-14.6613	347.822	0	
182.331	-13.8541	326.786	0	
189.97	-10.4787	353.245	0	
59.9076	-17.6666	40.0484	0	
74.5665	-21.9993	95.0339	0	
125.744	-40.7125	182.78	0	
136.762	-16.518	211.766	0	
-140.614	-15.2838	687.571	0	
-139.168	-26.5268	977.129	0	
-130.926	-26.7127	1028.47	0	
-88.0328	-25.5465	949.699	0	
-45.3538	-26.3581	543.175	0	
-42.4943	-20.571	544.239	0	
-49.2873	-38.7917	591.438	0	
-22.2111	-23.7989	516.291	0	
126.427	-29.8864	166.015	0	
130.612	-26.2517	183.544	0	
-153.767	-32.9129	816.528	0	
-205.51	-5.49385	402.476	0	
-189.708	-16.9412	437.195	0	
190.469	-19.3683	361.069	0	
194.401	-9.15162	355.809	0	
180.928	-24.6306	344.212	0	
209.708	-2.99653	368.035	0	
35.9241	-37.9038	91.5463	0	
83.2401	-29.2676	95.1826	0	
-146.669	-25.206	809.281	0	
-141.832	-36.3835	918.59	0	
-52.6808	-38.5334	599.604	0	
-42.7832	-22.7635	553.394	0	
126.693	-36.7815	180.377	0	
148.636	-26.7439	216.667	0	
10.3697	-26.6449	190.036	0	
129.831	-34.9941	177.819	0	
103.255	-33.2988	134.456	0	
178.869	-34.68	344.391	0	
75.6757	-31.1989	59.4782	0	
96.3647	-25.8385	164.468	0	
103.625	-28.8076	144.728	0	
-89.3841	-30.3041	981.034	0	
68.4324	-31.0717	35.4421	0	
60.16	-59.5025	104.815	0	
110.731	-37.1702	141.817	0	
-199.966	-12.5463	412.341	0	
187.682	-25.5065	354.12	0	
209.204	-15.0839	369.819	0	
120.256	-37.5536	172.255	0	
-193.119	-20.7159	432.78	0	
-133.577	-44.1806	943.661	0	
-46.922	-32.9814	564.924	0	
-39.3042	-28.2525	577.853	0	
139.14	-37.0112	218.602	0	
124.147	-47.7998	196.618	0	
88.552	-29.2838	116.838	0	
97.4542	-37.4295	118.757	0	
97.9052	-39.9547	121.72	0	
99.9648	-45.194	129.365	0	
8.34987	-29.7853	203.283	0	
-29.1687	-31.1625	549.003	0	
-217.111	-6.59266	376.211	0	
-216.837	-13.1836	383.948	0	
215.587	-13.1843	366.812	0	
222.399	-3.59612	368.009	0	
-180.059	-48.5511	517.498	0	
-150.153	-42.3379	823.326	0	
99.226	-35.1935	128.075	0	
102.683	-38.4468	134.002	0	
-48.319	-42.8368	587.666	0	
-36.0786	-39.6502	563.094	0	
93.4571	-29.5267	133.232	0	
92.0475	-44.2442	107.788	0	
22.8615	-37.8227	182.798	0	
100.94	-48.158	133.778	0	
93.9751	-41.8471	109.475	0	
97.6729	-52.0495	138.063	0	
80.0042	-38.1414	67.7771	0	
191.726	-50.2283	356.73	0	
46.925	-22.6238	45.681	0	
64.0828	-21.3393	43.5909	0	
49.1446	-37.9222	44.3519	0	
59.4136	-30.3688	22.8364	0	
57.8681	-43.5164	46.3805	0	
65.9858	-30.789	32.8437	0	
51.4498	-31.9323	26.4407	0	
58.7962	-33.4185	28.4727	0	
-107.659	-23.7172	1050.12	0	
-102.935	-32.6559	1069.31	0	
-9.86704	-22.3622	346.068	0	
-21.6517	-37.3306	486.027	0	
-180.822	-20.7977	482.303	0	
-174.071	-33.1495	564.31	0	
-33.9904	-45.1191	546.542	0	
-5.02522	-27.9684	266.021	0	
-223.045	-18.0992	372.928	0	
197.484	-18.6006	361.532	0	
221.795	-18.0997	364.455	0	
-117.106	-38.3582	1068.81	0	
-99.2868	-29.4386	1063.08	0	
-210.454	-15.0875	391.39	0	
-209.349	-21.1068	397.998	0	
214.41	-27.8426	362.479	0	
201.692	-23.0481	367.511	0	
-160.203	-31.2366	688.1	0	
-179.631	-43.6587	505.799	0	
-47.3527	-54.9077	603.56	0	
111.703	-54.3825	174.675	0	
94.496	-53.2198	133.732	0	
-37.1766	-74.1569	485.491	0	
141.231	-74.3098	307.805	0	
51.7545	-42.7542	49.5281	0	
76.5963	-50.9629	77.9148	0	
-231.034	-7.91137	366.925	0	
193.225	-33.1755	363.296	0	
-184.373	-57.4355	466.073	0	
-88.8631	-36.3608	979.396	0	
32.5838	-46.7846	137.951	0	
10.4521	-55.9129	284.188	0	
-230.704	-15.8235	377.115	0	
-197.671	-29.6365	428.928	0	
-190.568	-61.2428	420.476	0	
-232.183	-28.9135	371.884	0	
-147.71	-51.0618	761.218	0	
-62.635	-44.5605	689.334	0	
8.73364	-43.9119	259.629	0	
54.5397	-69.9439	154.526	0	
208.094	-21.1083	365.251	0	
171.451	-26.4569	314.228	0	
229.454	-15.8234	365.449	0	
209.137	-35.1834	360.781	0	
136.105	-50.1984	250.649	0	
189.207	-41.0089	358.876	0	
-222.975	-26.721	377.17	0	
221.729	-26.7336	364.392	0	
231.761	-29.6353	358.469	0	
146.555	-35.0907	217.77	0	
151.538	-43.1493	283.187	0	
131.97	-50.6558	228.001	0	
147.051	-43.2776	253.133	0	
-203.237	-59.7551	393.648	0	
22.7957	-60.6295	234.385	0	
-75.2218	-61.1132	711.959	0	
-88.4563	-60.6777	800.512	0	
-65.8982	-52.9676	698.252	0	
88.4353	-63.673	143.159	0	
-94.3662	-63.6444	811.248	0	
-234.45	-44.5321	356.158	0	
200.099	-52.171	350.758	0	
51.8749	-53.9011	91.5353	0	
66.4874	-68.0413	145.905	0	
-185.221	-81.0752	410.375	0	
65.2032	-61.7724	108.698	0	
92.6892	-84.5424	233.973	0	
149.667	-65.8144	318.278	0	
164.968	-40.0898	319.357	0	
114.535	-67.0219	236.594	0	
123.578	-61.9545	240.723	0	
75.5011	-68.7024	139.679	0	
25.6646	-73.2911	253.05	0	
144.286	-52.7234	273.722	0	
165.459	-64.165	328.823	0	
-108.614	-74.6888	706.045	0	
-121.797	-47.8078	970.937	0	
218.461	-53.754	347.367	0	
-175.673	-56.0299	521.2	0	
-162.592	-44.8618	663.924	0	
-81.2102	-43.2245	880.921	0	
-83.2475	-51.4052	862.166	0	
-72.8772	-74.5636	642.134	0	
49.6979	-121.184	290.194	0	
20.3806	-42.0581	202.565	0	
14.5585	-51.289	252.95	0	
100.426	-71.0226	193.55	0	
-138.989	-67.2598	715.515	0	
-139.928	-58.1529	750.565	0	
54.5596	-63.1621	120.131	0	
49.2346	-74.2904	195.488	0	
-19.9649	-58.3602	454.414	0	
14.7574	-85.6446	308.614	0	
193.689	-66.8212	339.838	0	
-200.629	-76.9723	376.818	0	
51.0803	-82.8353	220.073	0	
36.4571	-79.3687	233.115	0	
194.133	-75.3132	339.356	0	
-143.193	-72.9181	594.2	0	
14.0839	-103.467	309.071	0	
5.80684	-75.0853	329.89	0	
8.85539	-93.1445	333.348	0	
-210.953	-51.7107	379.742	0	
163.381	-70.0281	337.263	0	
178.232	-52.6637	350.578	0	
-109.756	-112.324	424.328	0	
-85.8251	-89.5197	543.069	0	
230.777	-56.4198	335.211	0	
-30.4647	-78.7156	463.798	0	
-22.2189	-92.6537	410.469	0	
-213.986	-66.2697	365.306	0	
-230.594	-87.6679	339.5	0	
87.8274	-91.0037	235.086	0	
-151.928	-97.4919	439.051	0	
126.435	-104.905	302.045	0	
-208.21	-89.9596	353.897	0	
-168.696	-71.7696	485.928	0	
-92.8274	-95.1164	547.999	0	
138.137	-100.933	302.555	0	
-36.4782	-114.142	382.918	0	
-178.737	-86.68	396.156	0	
-172.95	-117.161	352.848	0	
63.2412	-99.4143	254.302	0	
112.738	-116.127	296.745	0	
-5.59997	-125.177	336.25	0	
119.115	-144.227	298.259	0	
-2.57554	-140.601	335.944	0	
-121.09	-111.096	445.51	0	
-1.02857	-115.788	329.786	0	
-68.3894	-84.7754	543.159	0	
-45.8691	-80.2298	527.941	0	
-93.8279	-106.227	459.805	0	
-126.653	-122.669	379.862	0	
-164.808	-123.435	350.239	0	
-42.1458	-127.823	374.355	0	
179.777	-117.978	304.972	0	
63.0333	-130.422	285.364	0	
108.083	-127.231	288.309	0	
-83.7775	-146.106	375.265	0	
-166.503	-139.314	342.888	0	
149.916	-118.09	302.811	0	
-61.2651	-0.766958	204.589	0	
-61.5593	-0.18999	205.647	0	
-60.9375	-0.215758	204.491	0	
-60.625	-0.83059	204.102	0	
-60.3351	-1.50404	202.341	0	
-60.2665	-1.08364	205.644	0	
-59.0143	-2.01675	200.905	0	
32.709	-0.578104	222.421	0	
-59.1667	-0.239636	203.644	0	
37.1505	-0.895475	223.476	0	
37.5672	-1.39816	221.509	0	
38.6537	-1.83904	221.602	0	
135.38	-0.549836	221.504	0	
136.033	-1.03873	223.889	0	
134.062	-0.215758	213.238	0	
135.869	-0.553858	226.246	0	
134.79	-1.16738	214.341	0	
133.441	-0.18999	220.878	0	
134.755	-0.248238	199.641	0	
133.735	-0.766958	216.15	0	
133.415	-1.2602	216	0	
135.616	-1.64065	215.5	0	
134.133	-3.13659	207.549	0	
135.069	-1.99842	211.04	0	
-110.923	-1.2985	185.565	0	
-109.85	-2.71056	178.785	0	
-109.607	-3.32904	181.894	0	
-107.795	-2.48923	180.854	0	
-61.3033	-1.44518	202.962	0	
-62.173	-1.2985	203.611	0	
-60.8067	-2.94325	199.848	0	
-59.6938	-2.35478	200.103	0	
-38.423	-1.2985	192.582	0	
-37.3495	-2.71056	190.352	0	
-37.6491	-4.25931	204.21	0	
-34.9098	-2.98523	190.992	0	
-64.375	-0.240555	210.051	0	
-63.125	-0.360901	204.474	0	
-63.4375	-0.180445	204.47	0	
-62.8124	-0.902258	204.933	0	
-62.1825	-0.912873	205.533	0	
-66.875	-0.233607	206.624	0	
-63.4583	-0.914235	204.301	0	
-62.8125	-1.27911	203.259	0	
-61.8669	-0.741951	205.68	0	
-64.198	-1.06781	204.271	0	
-63.1402	-1.83986	201.354	0	
-63.4596	-1.2764	203.394	0	
-62.491	-1.88478	201.153	0	
-61.5776	-0.917831	205.447	0	
-62.4951	-0.365785	207.494	0	
-64.5931	-1.03246	204.201	0	
-64.8179	-1.37074	203.356	0	
-63.8867	-1.36986	202.99	0	
-63.8746	-1.7112	201.727	0	
-62.1852	-2.18692	200.321	0	
-61.7038	-1.79614	201.495	0	
-61.2468	-0.405748	205.989	0	
-64.8958	-0.409544	206.1	0	
-65.2241	-1.3479	202.563	0	
-63.4614	-1.99678	200.895	0	
-63.8774	-2.68138	199.511	0	
-61.5853	-1.25235	203.306	0	
-60.9558	-1.00848	204.735	0	
-61.8651	-1.4621	203.092	0	
-61.332	-1.78465	201.462	0	
-61.0549	-2.02264	200.869	0	
-60.9863	-1.35219	202.746	0	
-61.1156	-2.36091	199.778	0	
-60.4746	-2.12402	200.802	0	
-60.417	-2.46296	199.718	0	
-60.1803	-1.83032	201.081	0	
-60.0173	-2.62929	199.847	0	
-59.7991	-1.89476	200.889	0	
-59.3545	-1.64194	201.557	0	
-59.8498	-0.891758	205.52	0	
-60.031	-3.03911	200.495	0	
-59.0935	-2.93508	200.915	0	
-61.8669	-0.375319	207.113	0	
-62.1826	-0.185329	207.502	0	
-65.9375	-0.215758	202.899	0	
-64.8951	-0.747092	205.082	0	
-65.4669	-1.68444	201.821	0	
-65.2413	-2.07434	200.253	0	
-64.1496	-2.39357	200.352	0	
-63.5006	-2.41015	200.11	0	
-61.8789	-4.34009	208.055	0	
-62.2193	-2.67154	200.097	0	
-61.8101	-2.13108	200.123	0	
-61.2123	-3.06781	201.564	0	
-64.7908	-2.0684	200.8	0	
-64.7585	-2.90411	201.276	0	
-62.5614	-2.90807	199.709	0	
-61.5561	-2.82441	199.627	0	
-61.2675	-3.61224	201.693	0	
-59.8194	-3.42572	201.549	0	
-63.8816	-3.15748	201.541	0	
-63.2155	-2.79189	199.604	0	
-61.7097	-4.88138	219.937	0	
-61.9013	-2.98226	200.879	0	
-61.9156	-3.40324	200.984	0	
-60.9299	-4.42602	210.798	0	
-60.4702	-3.21313	201.187	0	
-60.9846	-3.88586	205.465	0	
-62.3686	-3.43199	203.439	0	
-62.7977	-3.79827	204.506	0	
-61.1689	-4.9069	215.739	0	
-60.2085	-3.83773	204.791	0	
-58.4203	-2.43436	200.223	0	
-59.2542	-2.4406	199.427	0	
-66.3688	-0.973484	203.96	0	
-65.625	-0.384747	203.183	0	
-65.625	-0.816264	203	0	
-65.8817	-1.62973	201.524	0	
-66.1093	-2.02292	200.521	0	
-65.2011	-2.80959	199.506	0	
-64.5402	-2.50075	199.415	0	
-64.616	-3.49388	201.632	0	
-63.4147	-3.70816	203.875	0	
-62.5979	-4.31978	210.453	0	
-63.3812	-4.99775	215.606	0	
-60.8601	-5.47644	226.748	0	
-60.158	-5.41632	221.744	0	
-58.9243	-3.93433	207.924	0	
-58.3456	-3.78624	201.152	0	
-58.0003	-2.33745	199.665	0	
-58.4152	-1.61059	201.76	0	
-68.7428	-0.731718	204.007	0	
-66.4922	-2.01698	200.317	0	
-65.9521	-1.17139	203.446	0	
-66.7332	-1.21747	203.273	0	
-66.7931	-2.48291	199.33	0	
-66.6087	-2.97869	200.239	0	
-65.659	-3.15212	203.607	0	
-64.9877	-4.03497	208.779	0	
-63.9478	-4.02336	206.943	0	
-64.2023	-3.61269	203.995	0	
-57.7109	-2.64684	199.784	0	
-57.295	-1.92253	200.756	0	
-58.5376	-1.20787	205.311	0	
-59.3545	-1.21343	205.729	0	
-67.9825	-1.5906	201.004	0	
-67.7162	-2.76993	199.403	0	
-66.6319	-3.98045	206.956	0	
-65.5881	-3.78773	201.402	0	
-57.8417	-3.08132	199.342	0	
-57.0146	-3.03013	199.343	0	
-56.5367	-1.77893	200.358	0	
-58.5121	-0.271372	203.47	0	
-58.1174	-0.958328	203.35	0	
-58.9288	-0.511008	208.552	0	
-58.3307	-3.26047	201.978	0	
-57.8336	-3.99481	206.668	0	
-56.6054	-3.10784	200.032	0	
-56.3699	-2.71297	198.501	0	
-55.5456	-0.901365	203.231	0	
-57.324	-0.401136	209.002	0	
-57.7064	-1.19464	204.135	0	
-57.187	-1.12704	204.741	0	
-57.6561	-4.628	210.226	0	
-56.9083	-3.91474	205.049	0	
-56.522	-3.60471	201.168	0	
-56.0671	-3.62878	201.361	0	
-55.7489	-2.3376	198.594	0	
-56.1201	-1.54229	201.167	0	
-56.4701	-0.725378	205.423	0	
-57.7303	-0.25544	202.8	0	
-56.8854	-0.145695	206.741	0	
-58.3119	-5.01839	219.828	0	
-55.5232	-4.98224	215.826	0	
-57.0972	-4.58738	209.826	0	
-56.683	-5.03196	217.844	0	
-55.3485	-3.90468	204.442	0	
-55.1301	-3.5004	201.06	0	
-55.3494	-2.60138	198.609	0	
-54.9169	-1.84656	199.694	0	
-55.1218	-4.49046	209.589	0	
-54.4424	-3.89446	203.926	0	
-54.5593	-3.05728	199.217	0	
-54.9328	-2.35287	197.701	0	
-54.0507	-1.80986	199.151	0	
-55.9375	-0.215758	204.129	0	
-56.0774	-4.6325	211.136	0	
-53.0206	-4.8459	211.105	0	
-54.5941	-4.50431	208.266	0	
-54.1273	-5.03066	218.762	0	
-54.1492	-3.08212	199.193	0	
-53.9299	-2.71436	198.133	0	
-53.0213	-0.913092	200.006	0	
-54.8256	-0.401756	202.295	0	
-55.2073	-1.18992	201.822	0	
-54.6857	-1.12616	201.811	0	
-54.0523	-3.60593	201.061	0	
-53.6271	-3.63171	200.122	0	
-53.2972	-2.36471	197.732	0	
-53.6341	-1.57322	199.686	0	
-56.3645	-0.361454	203.452	0	
-55.2331	-0.254091	203.561	0	
-56.0431	-1.0112	202.081	0	
-53.9668	-0.731176	201.705	0	
-54.3842	-0.147665	202.789	0	
-52.8913	-3.88458	202.566	0	
-52.6703	-3.52415	200.494	0	
-52.8767	-2.40797	197.361	0	
-52.6579	-2.02272	197.485	0	
-52.6691	-4.29424	207.951	0	
-51.9709	-3.2119	198.051	0	
-52.8936	-3.14212	198.108	0	
-52.2088	-2.81303	197.214	0	
-51.486	-1.75563	196.923	0	
-53.4375	-0.215758	199.988	0	
-53.557	-4.69749	211.102	0	
-51.9607	-4.84413	213	0	
-52.2178	-3.57274	200.11	0	
-52.679	-2.79184	197.469	0	
-51.0655	-0.890399	198.79	0	
-51.7947	-0.340452	202.779	0	
-52.6983	-1.22874	200.06	0	
-52.2014	-1.13768	200.259	0	
-54.1699	-5.88487	226.831	0	
-52.3054	-5.20128	219.307	0	
-51.4933	-4.96045	217.521	0	
-50.9796	-4.47336	205.824	0	
-51.4911	-3.23874	198.504	0	
-51.2267	-2.76968	195.546	0	
-53.8634	-0.363424	199.921	0	
-52.7088	-0.265817	199.129	0	
-53.5409	-1.01503	199.836	0	
-53.5906	-6.32668	243.459	0	
-51.0493	-6.86661	252.434	0	
-51.459	-3.79726	200.665	0	
-50.7442	-2.80208	196.568	0	
-50.4152	-2.37973	195.294	0	
-51.0693	-1.45411	196.719	0	
-49.9936	-4.30816	208.368	0	
-50.5246	-3.33857	197.411	0	
-61.1134	-6.0475	236.356	0	
-59.753	-5.98284	235.08	0	
-65.974	-4.9794	216.242	0	
-63.6158	-6.57544	244.208	0	
-56.7925	-5.83748	224.993	0	
-56.1407	-6.23168	238.727	0	
-51.3348	-5.52897	222.195	0	
-50.8414	-5.66216	229.39	0	
-52.1677	-5.68044	226.639	0	
-53.0847	-5.89724	228.422	0	
-50.6276	-6.30984	238.225	0	
-49.7423	-5.82011	230.917	0	
-53.4978	-7.24865	254.41	0	
-51.6645	-5.89181	232.704	0	
-49.7936	-2.54008	195.673	0	
-49.797	-1.46329	197.295	0	
-49.9775	-5.28618	219.934	0	
-48.8875	-3.90621	202.749	0	
-52.588	-6.10321	235.125	0	
-52.2427	-6.71027	244.095	0	
-50.0372	-3.39637	198.876	0	
-48.0235	-2.42786	194.783	0	
-50.0947	-6.37546	240.353	0	
-47.3884	-5.21552	221.463	0	
-52.6466	-7.42627	268.12	0	
-49.5612	-8.66572	301.022	0	
-62.6921	-7.22313	267.266	0	
-62.1555	-5.56518	224.588	0	
-68.6078	-1.66389	200.398	0	
-68.1398	-2.13393	199.131	0	
-69.6759	-1.29981	201.554	0	
-69.0577	-2.35524	198.192	0	
-69.5595	-3.55736	199.055	0	
-67.5109	-3.35784	200.557	0	
-68.3015	-5.09406	225.629	0	
-67.9408	-3.81086	206.354	0	
-67.7222	-4.58741	209.482	0	
-66.6598	-5.24221	222.928	0	
-67.9342	-6.05299	232.258	0	
-67.0001	-6.15695	237.833	0	
-66.3866	-6.85097	258.412	0	
-65.2821	-5.45056	233.7	0	
-61.8679	-6.16176	240.092	0	
-61.1477	-7.24679	256.719	0	
-58.9872	-6.16115	240.82	0	
-59.0681	-4.5333	208.408	0	
-54.1528	-7.7519	271.863	0	
-52.3962	-8.50451	278.442	0	
-49.7001	-7.06411	260.375	0	
-48.7144	-6.24577	246.409	0	
-60.7042	-8.10983	280.445	0	
-59.944	-8.19416	274.808	0	
-50.8585	-7.6965	271.469	0	
-47.9914	-8.25741	288.422	0	
-61.2377	-8.93247	296.917	0	
-60.931	-10.1178	317.554	0	
-59.3191	-9.26151	302.971	0	
-58.3123	-7.59629	274.068	0	
83.7614	-0.734618	213.625	0	
86.033	-1.03873	207.829	0	
-155.214	-1.22728	224.082	0	
85.869	-0.553858	199.502	0	
-153.994	-2.01702	227.218	0	
60.0114	-0.734618	210.178	0	
62.283	-1.03873	209.515	0	
-152.729	-0.464991	239.041	0	
62.119	-0.553858	213.921	0	
-151.655	-1.54021	229.968	0	
-153.935	-0.60009	235.559	0	
-151.667	-0.301598	243.618	0	
-152.716	-1.25722	229.357	0	
-150.625	-0.165467	232.664	0	
-151.25	-0.467065	233.704	0	
-150.131	-1.26208	223.669	0	
-148.854	-1.26665	222.689	0	
-150.386	-1.63768	222.777	0	
-149.714	-1.49872	221.945	0	
-150.801	-1.67606	225.417	0	
-150.384	-2.40408	219.699	0	
-151.238	-1.30357	228.489	0	
-151.459	-2.05163	224.624	0	
-150.189	-2.8195	218.224	0	
-149.722	-2.84274	217.002	0	
-151.702	-2.38612	224.416	0	
-151.483	-2.76777	223.089	0	
-150.607	-3.05599	221.145	0	
-149.947	-3.724	222.659	0	
-148.996	-3.23856	214.883	0	
-148.735	-2.77519	214.072	0	
-152.123	-2.33859	224.056	0	
-152.339	-2.71399	226.026	0	
-151.46	-3.49229	226.98	0	
-150.605	-3.55771	221.286	0	
-148.744	-3.69428	223.007	0	
-148.249	-2.80555	212.279	0	
-147.923	-2.38308	209.834	0	
-148.653	-1.7875	217.027	0	
-152.294	-1.95984	228.385	0	
-152.746	-1.96577	225.705	0	
-152.942	-3.126	227.704	0	
-152.724	-3.502	227.988	0	
-152.29	-3.47794	229.431	0	
-151.036	-5.11861	247.189	0	
-149.015	-4.3823	223.436	0	
-148.053	-3.28105	212.999	0	
-152.07	-1.49594	226.768	0	
-152.299	-1.1273	236.266	0	
-153.384	-1.62857	228.591	0	
-153.612	-2.02295	228.159	0	
-153.37	-2.90835	228.172	0	
-153.785	-3.61283	232.393	0	
-151.705	-4.58102	236.799	0	
-151.878	-3.73515	228.904	0	
-152.045	-4.19926	238.566	0	
-152.657	-4.31339	234.875	0	
-148.031	-4.2204	221.759	0	
-146.87	-4.09814	225.246	0	
-152.313	-0.601122	228.317	0	
-152.938	-0.896508	233.318	0	
-153.31	-0.895475	234.429	0	
-154.182	-1.49271	229.954	0	
-154.225	-2.39899	226.563	0	
-153.787	-3.1334	227.038	0	
-154.218	-3.82039	235.665	0	
-154	-4.21646	236.779	0	
-153.55	-4.25802	240.72	0	
-152.671	-5.16604	251.851	0	
-146.032	-2.42256	204.619	0	
-147.002	-1.83923	206.334	0	
-153.518	-0.463959	240.397	0	
-153.95	-1.12305	235.971	0	
-154.645	-2.32535	225.377	0	
-155.13	-3.03838	226.612	0	
-154.708	-3.73185	233.552	0	
-154.93	-4.10307	240.814	0	
-154.713	-3.26344	228.456	0	
-156.076	-2.92874	221.578	0	
-155.405	-5.09899	260.028	0	
-154.636	-4.49208	243.4	0	
-156.603	-4.68531	245.706	0	
-155.037	-5.71562	270.142	0	
-155.268	-6.23776	277.996	0	
-154.612	-5.71121	264.266	0	
-156.18	-7.72453	313.55	0	
-154.532	-5.21545	258.434	0	
-154.202	-6.08497	277.932	0	
-153.121	-5.67579	266.224	0	
-154.122	-5.01143	249.265	0	
-152.862	-4.67877	246.497	0	
-153.686	-5.06367	258.081	0	
-153.687	-5.64146	259.05	0	
-154.795	-1.93356	226.416	0	
-155.262	-1.9395	222.81	0	
-154.2	-6.79347	291.003	0	
-153.039	-6.20649	269.866	0	
-152.437	-6.22348	276.874	0	
-152.126	-5.18243	254.622	0	
-154.562	-1.4829	227.384	0	
-154.797	-1.09736	232.606	0	
-155.907	-1.61533	218.401	0	
-156.143	-2.02339	218.062	0	
-154.818	-0.584215	223.058	0	
-155.672	-0.188154	208.826	0	
-155.49	-0.902287	222.939	0	
-155.281	-0.470771	230.946	0	
-155.982	-0.870481	219.887	0	
-156.191	-0.438964	221.654	0	
-156.88	-2.55056	212.908	0	
-155.761	-3.87422	234.011	0	
-157.001	-0.219456	228.203	0	
-156.727	-1.61432	210.824	0	
-157.23	-1.70516	203.532	0	
-157.976	-2.56952	201.892	0	
-156.677	-3.05491	221.284	0	
-157.047	-3.6759	228.231	0	
-156.686	-0.470267	218.853	0	
-156.932	-0.906703	214.427	0	
-157.616	-0.799827	184.05	0	
-157.479	-1.43329	195.921	0	
-158.417	-2.02316	199.373	0	
-157.377	-2.31155	206.456	0	
-157.575	-0.403537	181.586	0	
-158.115	-1.07685	184.901	0	
-158.067	-1.49333	181.532	0	
-158.074	-0.18408	167.763	0	
-158.49	-0.680556	150.23	0	
-149.412	-1.19851	227.344	0	
-149.412	-0.530357	226.251	0	
-148.542	-0.781812	227.412	0	
-147.067	-2.86144	204.541	0	
-147.301	-1.46095	215.942	0	
-154.841	-6.94184	298.588	0	
-153.347	-6.71401	294.588	0	
-152.983	-7.71965	323.061	0	
-152.313	-6.84985	289.047	0	
-159.068	-2.15542	191.318	0	
-159.406	-2.83117	213.485	0	
-147.299	-2.37797	211.031	0	
-146.44	-2.89798	208.421	0	
-153.861	-8.42171	344.031	0	
-153.671	-7.76744	317.509	0	
-150.425	-8.51082	347.246	0	
-150.018	-6.06423	266.328	0	
-146.248	-3.50836	208.038	0	
-145.189	-4.02457	210.003	0	
-153.314	-9.08097	355.023	0	
-151.432	-8.15072	326.474	0	
-152.831	-7.12698	296.194	0	
-152.692	-8.54554	339.993	0	
-157.484	-5.23845	261.489	0	
-155.933	-5.87601	274.956	0	
-144.644	-3.58324	207.982	0	
-145.127	-3.13932	205.1	0	
-155.121	-9.42276	378.716	0	
-152.522	-10.8265	421.963	0	
-159.022	-3.43746	219.714	0	
-158.101	-8.45202	341.661	0	
-148.75	-0.415181	230.401	0	
-148.122	-0.368067	224.966	0	
-148.438	-0.183316	231.739	0	
-147.805	-0.920708	216.215	0	
-146.757	-0.882092	225.273	0	
-147.718	-1.39607	214.109	0	
-146.757	-0.450576	215.764	0	
-146.444	-0.272934	231.841	0	
-147.497	-0.362392	210.504	0	
-146.236	-1.37261	208.666	0	
-145.067	-1.39816	201.978	0	
-147.183	-0.978483	213.235	0	
42.8798	-0.549836	224.12	0	
43.5452	-1.87133	215.081	0	
41.5625	-0.215758	226.173	0	
43.372	-0.548988	222.397	0	
42.2901	-1.16738	220.548	0	
40.625	-0.233607	229.161	0	
42.2548	-0.248238	223.363	0	
41.1048	-0.86823	226.556	0	
42.1911	-1.59323	219.204	0	
43.1196	-1.64065	219.128	0	
39.7324	-1.31389	224.141	0	
41.5215	-1.06614	223.38	0	
41.4528	-1.58332	221.065	0	
42.1952	-2.44931	214.573	0	
40.7197	-1.10335	224.765	0	
41.0361	-1.81996	219.681	0	
41.7746	-2.32369	216.138	0	
41.7746	-1.83854	218.231	0	
42.2954	-2.87055	214.417	0	
43.0313	-2.90521	214.219	0	
40.5165	-2.41955	217.179	0	
40.929	-3.12782	214.976	0	
41.8673	-3.09316	213.576	0	
42.2993	-3.85469	212.341	0	
43.44	-3.1342	211.493	0	
43.8694	-2.5399	212.284	0	
40.2083	-2.12127	219.055	0	
39.7947	-2.84637	216.595	0	
41.0357	-3.55316	214.268	0	
41.8673	-3.5914	213.29	0	
42.3655	-4.54265	211.213	0	
43.0832	-3.89656	210.958	0	
43.488	-3.63965	212.887	0	
44.2713	-3.6732	212.487	0	
44.3021	-2.30905	216.427	0	
43.1196	-1.2741	218.751	0	
40.3118	-1.72568	221.395	0	
39.4849	-1.71225	221.372	0	
39.4785	-3.17752	215.832	0	
39.7184	-3.60891	215.347	0	
40.2107	-3.57301	215.116	0	
39.8264	-4.49318	214.688	0	
41.8569	-4.95951	212.798	0	
44.4128	-4.79529	209.142	0	
42.9053	-4.53814	212.222	0	
43.332	-4.9448	208.37	0	
44.6943	-3.93635	211.023	0	
44.9865	-3.48648	211.8	0	
44.7603	-2.55927	212.029	0	
45.1333	-1.81804	213.6	0	
43.9618	-1.63469	221.066	0	
43.9563	-1.16378	219.392	0	
40.7197	-1.5379	222.244	0	
40.3171	-0.960215	226.163	0	
40.1813	-0.509334	227.624	0	
39.3248	-0.189688	229.949	0	
39.0704	-1.6024	223.187	0	
38.6477	-2.19527	218.457	0	
39.0644	-2.44378	217.75	0	
38.7249	-3.13433	215.911	0	
40.7688	-4.79429	212.52	0	
40.6225	-3.82005	214.008	0	
41.3757	-4.50649	212.186	0	
40.4322	-4.38104	214.017	0	
44.814	-4.39488	210.789	0	
45.2986	-4.47201	210.176	0	
45.7524	-3.11188	212.748	0	
45.177	-2.31076	215.704	0	
46.0392	-1.69954	213.572	0	
45.5752	-1.0366	215.65	0	
44.3676	-0.922729	229.297	0	
43.5803	-0.24739	229.703	0	
38.8119	-0.430767	229.132	0	
39.5062	-0.896932	227.08	0	
39.0202	-0.862283	228.514	0	
38.1621	-1.46344	221.627	0	
38.1451	-2.50362	216.676	0	
39.0549	-2.94731	216.642	0	
37.6865	-4.28067	216.386	0	
39.0183	-3.98076	215.53	0	
38.88	-4.4305	215.557	0	
40.6124	-5.67135	212.957	0	
43.9284	-4.57989	211.457	0	
44.5412	-5.37516	208.109	0	
45.9865	-4.94643	208.319	0	
46.3079	-4.58156	210.406	0	
46.4746	-0.94592	215.507	0	
45.1583	-0.408659	213.867	0	
44.5373	-0.243823	235.713	0	
44.7877	-1.15113	216.95	0	
38.237	-0.241079	230.752	0	
38.2741	-1.03637	225.976	0	
37.2425	-1.95288	217.397	0	
37.0906	-3.02452	215.88	0	
38.2318	-2.93916	216.568	0	
37.9478	-3.4154	215.897	0	
36.8374	-3.91683	216.171	0	
38.3492	-5.3516	216.113	0	
46.054	-0.744125	220.779	0	
45.621	-0.164836	219.138	0	
38.6404	-5.57707	215.155	0	
39.3726	-4.77248	215.282	0	
38.3526	-6.82353	212.898	0	
39.5499	-5.88602	214.046	0	
46.2109	-3.5491	211.447	0	
47.6802	-1.41027	212.54	0	
43.2773	-5.81737	209.019	0	
44.002	-6.03233	204.047	0	
46.1751	-5.50379	208.054	0	
46.7799	-4.68261	209.467	0	
45.1273	-5.39464	208.219	0	
46.9291	-5.15438	208.808	0	
47.1443	-4.28477	211.476	0	
46.7026	-3.30327	212.212	0	
46.8638	-6.27153	202.054	0	
49.0963	-6.3012	201.79	0	
46.1243	-2.23084	214.8	0	
46.6604	-2.53294	211.572	0	
44.0611	-7.73859	190.916	0	
45.6116	-5.82174	203.221	0	
47.658	-4.40035	210.603	0	
48.3175	-3.65155	211.021	0	
49.0506	-5.4346	208.182	0	
48.2371	-4.16177	211.545	0	
47.047	-2.2151	212.769	0	
47.9543	-2.70573	209.97	0	
47.9805	-4.94597	209.711	0	
48.6664	-5.00432	210.513	0	
48.9745	-3.40329	211.572	0	
48.7986	-1.90951	207.794	0	
47.6166	-2.30406	211.105	0	
48.6682	-2.40363	210.52	0	
36.0978	-3.6386	215.819	0	
37.4446	-3.50058	215.91	0	
36.996	-6.36295	216.75	0	
39.1067	-7.79178	205.71	0	
44.5058	-6.84345	199.496	0	
47.9654	-8.62141	166.179	0	
49.8747	-3.59752	212.056	0	
50.0872	-2.67831	207.932	0	
37.5071	-2.50381	217.353	0	
35.8413	-1.99802	219.05	0	
35.6094	-3.80104	215.9	0	
36.4496	-4.88232	217.371	0	
35.3546	-2.51805	216.545	0	
34.7239	-3.77482	215.317	0	
36.7291	-4.87539	217.185	0	
37.6034	-4.6296	216.768	0	
34.3598	-1.83986	218.157	0	
33.6886	-2.70342	213.774	0	
34.7655	-4.75725	217.355	0	
35.7999	-7.5189	215.038	0	
36.9108	-5.75713	217.315	0	
37.7429	-5.37635	216.731	0	
36.2232	-6.37372	217.475	0	
36.9601	-6.99371	215.353	0	
36.1714	-7.54862	213.88	0	
35.7839	-6.39714	217.952	0	
36.7098	-7.30636	214.245	0	
37.6578	-6.81925	215.059	0	
37.5382	-8.39596	209.027	0	
36.9115	-10.0201	198.592	0	
36.9029	-7.6549	213.022	0	
38.3293	-9.4908	199.453	0	
-144.859	-0.463959	201.969	0	
-144.099	-0.895475	208.213	0	
-145.484	-0.298492	238.201	0	
-145.678	-1.23958	225.03	0	
-143.683	-1.39816	206.14	0	
-142.558	-1.38607	197	0	
33.125	-0.240555	229.614	0	
34.375	-0.360901	223.219	0	
34.0625	-0.180445	224.368	0	
34.6876	-0.902258	221.73	0	
35.6326	-0.734678	227.809	0	
32.3001	-0.506736	221.643	0	
34.0417	-0.914235	223.119	0	
34.6875	-1.27911	221.211	0	
35.6326	-0.368047	227.393	0	
33.302	-1.06781	222.501	0	
34.6681	-2.05376	216.657	0	
34.0404	-1.2764	221.46	0	
35.009	-1.88478	218.355	0	
35.9451	-0.187647	229.477	0	
35	-0.360855	221.928	0	
32.9069	-1.03246	221.978	0	
32.6821	-1.37074	218.145	0	
33.6133	-1.36986	220.066	0	
34.0386	-1.99678	216.553	0	
34.9658	-2.63552	215.21	0	
36.6617	-1.91083	219.531	0	
35.9489	-0.928997	225.048	0	
36.3618	-0.353115	229.769	0	
32.2759	-1.3479	217.287	0	
33.6254	-1.7112	218.518	0	
34.3529	-2.68487	214.829	0	
36.1504	-2.72141	216.309	0	
36.5063	-1.43233	221.777	0	
35.7877	-1.56368	219.423	0	
36.6705	-0.971702	226.265	0	
35.0001	-0.721768	224.893	0	
35.3125	-0.907943	222.838	0	
31.8827	-0.169187	218.348	0	
31.4112	-0.461697	221.618	0	
32.0331	-1.68444	214.728	0	
32.2587	-2.07434	213.453	0	
33.3616	-2.34509	214.783	0	
34.0543	-2.48067	215.08	0	
34.4572	-3.06697	214.763	0	
35.0308	-3.55995	215.507	0	
36.0896	-1.36745	223.128	0	
36.2986	-2.28028	216.792	0	
32.7092	-2.0684	214.522	0	
32.7087	-4.50942	214.491	0	
34.2945	-3.37646	214.667	0	
35.3126	-3.82737	215.643	0	
34.8532	-3.00106	215.236	0	
35.6726	-2.82878	215.373	0	
33.6403	-3.12393	214.022	0	
34.2022	-4.0183	215.101	0	
33.1315	-3.32918	213.203	0	
33.892	-3.78452	214.6	0	
34.2897	-4.36215	216.432	0	
34.6374	-4.43141	216.211	0	
33.3348	-4.37899	215.51	0	
34.0175	-5.13114	218.053	0	
35.1651	-4.81875	217.319	0	
35.3643	-4.51385	216.832	0	
32.7893	-3.01584	212.324	0	
31.8776	-3.31233	210.618	0	
34.3251	-6.9951	219.179	0	
34.8796	-6.66826	218.995	0	
35.2833	-5.20624	217.913	0	
36.2632	-4.5723	217.05	0	
35.8121	-4.0912	216.23	0	
35.1723	-4.16484	216.157	0	
36.1312	-4.01518	216.234	0	
35.7583	-3.4788	215.565	0	
36.3567	-4.25487	216.602	0	
36.4208	-3.56956	215.994	0	
35.5541	-3.18146	215.693	0	
35.1235	-3.23627	214.933	0	
35.9329	-4.70796	217.132	0	
36.926	-4.53606	216.998	0	
35.9434	-5.08587	217.71	0	
36.2783	-5.20644	217.588	0	
37.2322	-5.11296	217.136	0	
37.2842	-3.93264	216.196	0	
36.3939	-5.52024	217.757	0	
36.7539	-5.50932	217.524	0	
36.1803	-5.78478	217.929	0	
36.3691	-6.10389	217.681	0	
37.2914	-5.74488	217.023	0	
37.4489	-5.42143	216.93	0	
35.6753	-5.3336	217.979	0	
35.7967	-5.71871	218.133	0	
36.4191	-6.69113	216.829	0	
36.8215	-6.69708	215.873	0	
37.3364	-6.15455	216.549	0	
38.3334	-6.37782	214.212	0	
37.8847	-4.98082	216.527	0	
37.2449	-4.71666	216.844	0	
38.2824	-4.92997	216.246	0	
38.464	-4.52497	216.089	0	
33.6831	-5.67233	218.753	0	
35.2104	-7.04773	217.346	0	
34.8193	-5.40693	218.221	0	
35.0364	-6.16679	218.661	0	
35.5462	-6.06123	218.609	0	
34.6638	-5.8365	219.145	0	
36.2061	-6.95971	216.521	0	
36.3583	-7.27832	215.47	0	
35.7974	-6.78817	217.17	0	
35.5781	-7.07706	217.528	0	
36.3756	-8.00289	213.354	0	
36.7556	-8.08113	210.673	0	
34.3704	-7.59385	217.53	0	
34.9588	-7.60617	218.097	0	
35.5845	-7.8784	215.406	0	
36.0111	-8.92349	210.268	0	
37.0206	-8.64069	207.059	0	
37.6531	-7.69253	208.414	0	
37.3365	-7.04717	213.231	0	
37.6524	-6.36244	215.372	0	
37.9904	-5.65667	215.941	0	
37.9851	-6.10049	215.705	0	
34.1629	-8.89653	211.369	0	
35.3861	-9.22648	205.965	0	
37.2829	-7.51102	213.017	0	
38.0587	-7.41244	212.145	0	
34.8828	-8.65827	214.621	0	
35.9812	-8.23868	209.925	0	
38.4185	-7.581	207.914	0	
38.6301	-6.15947	214.388	0	
38.081	-8.61578	199.752	0	
38.9348	-7.27039	208.896	0	
38.5985	-7.1718	210.25	0	
39.8071	-7.3822	206.373	0	
39.2622	-8.70198	199.419	0	
38.5557	-8.0809	206.979	0	
39.0992	-6.39308	212.501	0	
39.2471	-6.90472	209.563	0	
39.1587	-9.46481	189.089	0	
39.6496	-7.92122	203.208	0	
39.7776	-10.1359	184.404	0	
40.2502	-7.08671	208.03	0	
40.6567	-8.90723	189.915	0	
42.6165	-6.60953	201.82	0	
30.5471	-0.208685	228.746	0	
31.6236	-1.63047	214.684	0	
31.3943	-1.24889	217.073	0	
31.396	-2.02366	212.555	0	
32.3355	-2.96981	211.565	0	
32.971	-2.45226	213.496	0	
32.674	-5.17831	216.868	0	
33.1082	-5.739	218.804	0	
34.0059	-6.07086	219.177	0	
33.8239	-6.72799	219.804	0	
33.8028	-8.22095	218.611	0	
36.6705	-9.24726	202.075	0	
30.9681	-1.26247	216.639	0	
31.0131	-2.01773	211.538	0	
30.7069	-2.48291	209.793	0	
30.8913	-2.97869	209.122	0	
30.6912	-0.946291	220.169	0	
30.3204	-1.21942	214.272	0	
30.909	-0.501195	224.832	0	
30.0213	-0.422041	214.337	0	
29.4837	-1.77871	211.127	0	
30.0568	-3.28557	208.725	0	
30.22	-2.01824	210.176	0	
30.3301	-2.44264	209.662	0	
30.8681	-3.98045	211.37	0	
31.9485	-3.94795	212.753	0	
29.0625	-0.178164	215.473	0	
29.37	-0.39152	214.73	0	
28.8626	-1.40876	212.837	0	
29.9809	-2.74074	208.483	0	
29.7126	-2.13164	209.022	0	
29.5808	-2.53226	208.964	0	
29.0394	-2.81504	207.308	0	
28.9979	-3.47712	207.863	0	
28.7475	-0.36006	217.426	0	
29.6825	-0.213356	211.477	0	
29.37	-0.823036	214.372	0	
27.8075	-0.186182	220.964	0	
28.1175	-0.368079	218.514	0	
28.4459	-1.34388	213.408	0	
29.0645	-0.97171	214.23	0	
26.8005	-1.48817	207.532	0	
28.435	-0.181896	218.996	0	
27.1944	-0.198376	204.056	0	
27.815	-1.29687	211.348	0	
28.1262	-2.43895	205.969	0	
26.8963	-0.73971	207.512	0	
27.1943	-0.928759	209.931	0	
27.1793	-1.29187	208.485	0	
28.1341	-1.5426	210.712	0	
26.7664	-1.88691	206.239	0	
27.4944	-1.49173	209.33	0	
27.489	-1.87875	208.17	0	
27.5018	-0.384558	213.462	0	
26.8963	-0.378821	207.289	0	
26.577	-0.180445	207.106	0	
25.625	-0.266215	218.023	0	
26.5702	-0.896622	208.241	0	
26.0134	-2.15303	204.748	0	
25.104	-0.871212	207.829	0	
26.1044	-1.38826	207.374	0	
26.1536	-0.801948	210.067	0	
25.8582	-1.08869	207.47	0	
26.3959	-2.2445	205.007	0	
25.6218	-2.48513	203.233	0	
25.4682	-1.13229	205.886	0	
25.9028	-1.70113	205.312	0	
25.0842	-0.472327	206.069	0	
24.7516	-1.48572	204.876	0	
24.0625	-0.162796	204.353	0	
24.355	-0.368908	201.417	0	
24.4006	-1.76092	202.257	0	
24.7947	-2.46987	202.263	0	
27.1155	-4.04	206.267	0	
27.688	-2.94139	206.311	0	
23.125	-0.248028	216.949	0	
24.6675	-0.206112	201.161	0	
24.355	-0.800425	204.57	0	
21.2572	-0.731718	200.103	0	
23.5773	-1.79538	201.446	0	
23.9939	-1.55874	204.158	0	
23.5611	-2.24547	202.323	0	
24.8036	-3.03543	202.702	0	
26.5534	-3.45859	205.442	0	
24.0126	-1.04745	202.613	0	
23.1121	-1.18585	202.352	0	
23.0355	-2.54035	200.734	0	
24.4524	-3.96059	203.566	0	
23.9498	-3.00733	202.167	0	
24.9805	-4.22838	204.744	0	
25.3625	-3.03785	203.238	0	
26.6556	-2.79636	204.602	0	
21.7847	-1.64799	200.169	0	
21.9386	-2.92107	201.17	0	
23.4212	-3.41994	201.859	0	
23.7666	-4.06899	203.919	0	
34.948	-10.7719	196.884	0	
36.4165	-10.739	191.455	0	
31.5479	-4.87268	214.126	0	
33.0426	-7.01766	219.872	0	
32.9761	-7.91188	220.065	0	
32.1134	-8.45693	218.132	0	
29.7661	-4.58799	210.753	0	
31.9942	-5.28607	216.761	0	
29.5658	-6.05299	215.745	0	
31.2061	-6.64876	218.641	0	
30.8621	-5.13549	214.37	0	
30.5218	-6.05023	218.438	0	
26.0163	-4.60142	206.751	0	
28.4227	-4.78005	209.876	0	
25.3926	-5.27174	209.55	0	
26.0082	-3.79616	204.69	0	
24.5659	-5.52305	209.096	0	
26.1419	-5.81901	211.501	0	
26.168	-6.58576	215.143	0	
26.5084	-4.8213	209.294	0	
27.0532	-7.20971	216.455	0	
27.7575	-5.01153	210.328	0	
26.6315	-5.49899	211.187	0	
27.4566	-5.61057	213.79	0	
31.9927	-6.1474	219.43	0	
31.0883	-7.85174	221.641	0	
-142.974	-0.286396	220.412	0	
-141.599	-0.895475	206.313	0	
-143.115	-1.25304	210.128	0	
-142.141	-0.88338	209.308	0	
-141.183	-1.39816	201.397	0	
-140.058	-1.38607	191.415	0	
-134.688	-0.215758	188.451	0	
-133.995	-0.910268	195.187	0	
-133.683	-1.39816	191.643	0	
-132.558	-1.38607	189.622	0	
-135.147	-1.1471	199.973	0	
-134.375	-0.396018	194.871	0	
-134.375	-0.827535	196.452	0	
-136.25	-0.36376	201.01	0	
-135.624	-0.368884	201.976	0	
-135.938	-0.183316	205.996	0	
-134.999	-0.401327	213.177	0	
-135.311	-0.185568	206.065	0	
-137.188	-0.180456	199.844	0	
-136.875	-0.360901	198.038	0	
-136.565	-1.28335	197.972	0	
-135.938	-0.913707	198.549	0	
-138.333	-0.240517	205.841	0	
-136.562	-0.180445	202.546	0	
-137.254	-1.2956	197.71	0	
-136.94	-1.49081	194.792	0	
-136.247	-1.88463	193.337	0	
-138.75	-0.405984	202.811	0	
-137.671	-1.60286	197.312	0	
-137.192	-0.904829	198.481	0	
-137.691	-2.01013	192.031	0	
-135.678	-2.62222	186.135	0	
-135.875	-2.12441	188.819	0	
-137.609	-0.784456	203.896	0	
-137.921	-1.27216	197.581	0	
-137.299	-2.08993	192.027	0	
-137.238	-2.48451	190.039	0	
-134.998	-2.72922	186.917	0	
-135.552	-1.50076	192.731	0	
-138.614	-2.59869	193.614	0	
-136.702	-2.83324	186.9	0	
-136.595	-4.05245	198.461	0	
-136.075	-2.93467	188.215	0	
-134.937	-2.2267	185.231	0	
-134.73	-1.21198	192.094	0	
-138.786	-4.08708	201.933	0	
-137.043	-3.26943	191.43	0	
-137.703	-2.75042	190.592	0	
-137.073	-3.72549	194.954	0	
-137.609	-3.17237	192.193	0	
-137.921	-3.51605	193.632	0	
-138.514	-3.5513	197.139	0	
-137.66	-5.40932	223.922	0	
-134.183	-4.93409	209.366	0	
-133.908	-1.96319	186.122	0	
-138.929	-3.15849	194.642	0	
-137.917	-0.240517	213.364	0	
-139.979	-3.42222	198.829	0	
-138.444	-4.50748	209.688	0	
-138.668	-5.05078	217.59	0	
-140.38	-4.12583	204.274	0	
-140.094	-4.78745	219.242	0	
-137.45	-4.84558	214.46	0	
-133.916	-5.76727	218.477	0	
-137.434	-6.60493	254.988	0	
-136.719	-4.71689	205.6	0	
-139.621	-4.71684	213.075	0	
-139.023	-6.22035	263.747	0	
-140.354	-5.40163	231.286	0	
-139.387	-5.86623	237.015	0	
-139.048	-7.03724	275.551	0	
-138.35	-7.29687	294.693	0	
-141.341	-4.7945	216.63	0	
-140.983	-6.50538	267.85	0	
-139.696	-7.22724	308.647	0	
-139.585	-9.03395	366.504	0	
-136.938	-8.08972	334.549	0	
-137.277	-5.91054	248.361	0	
-142.193	-4.77433	221.485	0	
-141.3	-5.91725	246.734	0	
-141.359	-7.26968	301.393	0	
-140.077	-8.18917	338.095	0	
-136.35	-7.37836	305.666	0	
-136.289	-6.3604	256.705	0	
-142.34	-6.55036	270.561	0	
-142.671	-8.90957	382.721	0	
-138.094	-10.047	439.498	0	
-133.249	-7.69197	313.312	0	
-135.653	-5.47007	222.658	0	
-136.661	-5.85444	235.757	0	
-136.764	-6.90066	275.755	0	
-135.47	-7.28814	288.741	0	
-134.856	-7.93814	323.276	0	
-132.236	-5.09537	205.807	0	
-136.378	-8.9529	384.022	0	
-132.512	-6.75546	269.299	0	
-134.444	-6.51245	272.635	0	
-134.117	-7.42286	287.139	0	
-132.974	-0.286396	219.113	0	
-131.359	-0.715414	200.378	0	
-133.115	-1.25304	200.645	0	
-132.141	-0.88338	200.496	0	
137.466	-0.382852	211.153	0	
138.128	-0.368067	221.338	0	
137.812	-0.183316	227.687	0	
138.508	-1.44766	220.137	0	
138.517	-0.962924	220.307	0	
136.494	-0.25226	231.189	0	
136.077	-0.25226	230.535	0	
137.269	-1.47589	215.318	0	
137.807	-0.916578	215.747	0	
139.937	-1.45594	218.897	0	
138.774	-0.374251	225.646	0	
136.508	-1.68983	216.255	0	
138.356	-3.06434	210.718	0	
139.305	-0.957315	223.45	0	
139.292	-0.1895	227.523	0	
139.388	-1.43597	222.181	0	
140.353	-0.953256	227.536	0	
136.773	-0.883313	225.696	0	
137.154	-0.199537	226.448	0	
136.773	-0.451797	214.465	0	
136.091	-1.92647	211.134	0	
136.45	-1.16865	215.682	0	
135.962	-2.49644	210.299	0	
137.248	-2.42144	209.766	0	
137.997	-1.71386	213.152	0	
137.878	-2.31748	212.51	0	
135.277	-2.56564	208.692	0	
136.115	-3.89224	208.908	0	
138.899	-2.26876	214.359	0	
138.362	-2.57086	210.304	0	
139.822	-3.53207	209.989	0	
139.922	-2.56584	213.519	0	
137.774	-3.53811	208.761	0	
138.04	-4.20756	208.868	0	
139.421	-4.19076	210.208	0	
141.463	-3.81193	211.164	0	
137.151	-3.14859	209.235	0	
136.646	-4.71904	210.023	0	
138.227	-5.76845	210.103	0	
140.925	-6.12127	211.136	0	
145	-0.467065	229.765	0	
146.033	-1.03873	233.16	0	
128.891	-0.463959	197.315	0	
145.869	-0.553858	238.755	0	
129.651	-0.895475	208.668	0	
128.266	-0.298492	224.002	0	
128.486	-1.5371	202.436	0	
129.869	-1.26208	201.497	0	
131.038	-1.44409	207.595	0	
129.614	-1.63768	204.647	0	
130.286	-1.49872	204.708	0	
129.199	-1.67606	201.974	0	
129.616	-2.40408	203.924	0	
128.903	-1.30046	203.891	0	
128.541	-2.05163	202.866	0	
129.418	-3.24082	203.624	0	
130.362	-3.00056	205.437	0	
128.232	-2.47436	202.85	0	
128.421	-2.92216	201.272	0	
130.414	-4.18233	206.82	0	
130.508	-2.46052	203.462	0	
127.384	-1.85394	204.949	0	
127.316	-2.88824	202.001	0	
130.838	-3.60909	204.331	0	
131.421	-2.82933	204.881	0	
128.301	-4.12237	203.307	0	
129.489	-3.87643	204.33	0	
130.588	-1.19851	213.428	0	
130.588	-0.530357	207.633	0	
131.458	-0.7732	213.918	0	
132.069	-2.07056	206.752	0	
131.007	-2.40393	206.406	0	
132.012	-3.91369	206.526	0	
131.962	-2.6068	207.603	0	
126.419	-1.48425	204.527	0	
126.675	-2.96229	199.712	0	
126.361	-3.65607	200.91	0	
127.528	-3.46324	200.806	0	
132.112	-4.72513	211.548	0	
134.558	-5.81813	210.974	0	
125.327	-1.2985	204.579	0	
125.68	-2.50175	199.489	0	
125.748	-3.85018	199.017	0	
126.488	-4.9745	203.593	0	
125.078	-2.88544	199.329	0	
124.618	-4.50809	198.917	0	
126.56	-5.77071	204.544	0	
128.901	-4.34538	204.681	0	
124.36	-1.83986	200.48	0	
122.951	-2.84387	198.638	0	
123.537	-4.30453	198.841	0	
124.741	-5.88947	204.339	0	
122.641	-3.61829	197.99	0	
123.982	-3.57547	198.181	0	
-125.312	-0.183316	200.496	0	
-126.874	-0.735515	190.674	0	
-126.26	-0.777114	192.759	0	
-125.625	-0.83059	195.717	0	
-125.189	-1.54337	191.042	0	
-125.231	-1.06873	197.236	0	
-123.475	-1.0645	192.939	0	
-113.333	-0.240555	186.418	0	
-111.875	-0.360901	185.573	0	
-112.188	-0.180445	184.361	0	
-111.562	-0.902258	186.863	0	
-110.617	-0.734678	187.109	0	
-115.833	-0.233607	186.986	0	
-112.208	-0.914235	189.504	0	
-111.562	-1.27911	185.265	0	
-110.617	-0.368047	189.161	0	
-112.948	-1.06781	189.454	0	
-111.89	-1.83986	183.918	0	
-112.21	-1.2764	186.785	0	
-111.241	-1.88478	184.181	0	
-110.305	-0.187647	188.873	0	
-111.25	-0.360855	185.489	0	
-113.343	-1.03246	187.444	0	
-113.568	-1.37074	186.887	0	
-112.637	-1.36986	187.096	0	
-112.625	-1.7112	185.177	0	
-110.767	-2.02814	182.406	0	
-110.553	-1.63826	186.022	0	
-110.301	-0.928997	188.991	0	
-109.057	-0.836567	185.475	0	
-113.974	-1.3479	185.925	0	
-112.211	-1.99678	183.985	0	
-112.627	-2.68138	180.411	0	
-110.252	-1.44202	186.514	0	
-108.849	-0.405051	186.153	0	
-111.25	-0.721768	184.869	0	
-110.937	-0.907943	187.633	0	
-114.688	-0.215758	185.983	0	
-113.645	-0.747092	187.213	0	
-114.217	-1.68444	185.692	0	
-113.991	-2.07434	182.857	0	
-112.9	-2.39357	181.643	0	
-112.251	-2.41015	181.052	0	
-111.624	-3.99863	183.723	0	
-111.083	-2.91972	179.122	0	
-109.062	-0.13643	183.953	0	
-109.992	-0.3599	193.14	0	
-113.541	-2.0684	183.028	0	
-113.509	-2.90411	180.901	0	
-112.632	-3.15748	180.909	0	
-111.966	-2.79189	180.369	0	
-115.119	-0.973484	190.336	0	
-114.375	-0.384747	187.555	0	
-114.375	-0.816264	186.607	0	
-114.632	-1.62973	185.529	0	
-114.859	-2.02292	183.671	0	
-113.951	-2.80959	180.091	0	
-113.29	-2.50075	181.143	0	
-108.618	-1.31489	185.817	0	
-107.648	-1.95122	184.384	0	
-109.684	-0.978487	187.719	0	
-109.375	-0.308682	185.057	0	
-109.375	-0.740198	185.568	0	
-113.366	-3.49388	180.112	0	
-112.165	-3.70816	182.859	0	
-117.493	-0.731718	191.826	0	
-115.242	-2.01698	184.226	0	
-114.702	-1.17139	190.92	0	
-115.621	-1.27478	191.232	0	
-115.543	-2.48291	181.662	0	
-115.359	-2.97869	180.99	0	
-114.409	-3.15212	182.601	0	
-113.738	-4.03497	185.79	0	
-112.698	-4.02336	185.782	0	
-112.952	-3.61269	181.861	0	
-116.132	-1.92657	184.821	0	
-116.466	-2.76993	181.057	0	
-115.382	-3.98045	185.492	0	
-114.338	-3.78773	178.761	0	
-114.724	-4.9794	195.809	0	
-112.917	-0.240555	194.626	0	
-115.417	-0.233607	194.379	0	
-111.454	-6.35864	240.157	0	
-112.356	-5.2129	204.01	0	
-109.834	-4.528	195.408	0	
-117.331	-1.48446	187.989	0	
-117.028	-2.4635	181.972	0	
-118.426	-1.29981	188.624	0	
-117.44	-2.78938	180.516	0	
-118.491	-3.66115	181.241	0	
-116.261	-3.35784	181.252	0	
-117.051	-5.09406	197.702	0	
-116.691	-3.81086	182.538	0	
-116.472	-4.58741	189.019	0	
-115.41	-5.24221	202.977	0	
-117.083	-5.89698	222.608	0	
-115.75	-6.15695	231.411	0	
-115.137	-6.85097	251.383	0	
-114.032	-5.45056	214.598	0	
-118.75	-0.36376	188.713	0	
-118.122	-0.368067	192.939	0	
-118.438	-0.183316	191.098	0	
-117.805	-0.920708	191.3	0	
-116.563	-0.676982	187.852	0	
-119.688	-0.180456	188.09	0	
-119.375	-0.360901	187.316	0	
-119.065	-1.28335	187.913	0	
-118.438	-0.913707	190.422	0	
-117.748	-1.41957	189.614	0	
-116.85	-0.576029	187.417	0	
-120.833	-0.240517	191.56	0	
-119.062	-0.180445	187.724	0	
-119.754	-1.2956	188.685	0	
-119.44	-1.49081	187.801	0	
-118.747	-1.88463	185.972	0	
-116.38	-0.409486	186.862	0	
-117.497	-0.362392	194.429	0	
-121.557	-0.186199	189.122	0	
-120.171	-1.60286	188.226	0	
-119.692	-0.904829	191.084	0	
-120.191	-2.01013	184.365	0	
-118.267	-2.00954	184.474	0	
-118.054	-1.61967	187.63	0	
-120.109	-0.784456	194.897	0	
-120.605	-0.988265	190.914	0	
-119.799	-2.08993	184.167	0	
-119.738	-2.48451	181.967	0	
-121.02	-2.34536	183.677	0	
-119.202	-2.83324	180.242	0	
-119.148	-4.01577	182.673	0	
-118.575	-2.93467	179.917	0	
-121.027	-3.55423	180.807	0	
-119.543	-3.26943	180.566	0	
-120.203	-2.75042	181.251	0	
-119.573	-3.72549	184.649	0	
-120.109	-3.17237	180.678	0	
-120.421	-3.51605	181.791	0	
-121.561	-3.21501	182.152	0	
-119.927	-5.80258	224.922	0	
-116.465	-1.22717	188.52	0	
-116.067	-0.5122	189.898	0	
-117.053	-1.06834	189.16	0	
-116.562	-0.130892	186.628	0	
-116.875	-0.308533	186.675	0	
-117.157	-0.814463	190.066	0	
-116.667	-0.977607	188.272	0	
-116.548	-1.68993	185.865	0	
-115.621	-1.70933	185.836	0	
-123.252	-2.73357	181.777	0	
-120.417	-0.240517	201.311	0	
-120.896	-4.66595	188.05	0	
-121.185	-4.08554	185.906	0	
-121.279	-6.04045	224.679	0	
-119.199	-4.70734	195.579	0	
-117.816	-4.76195	195.369	0	
-123.46	-4.96801	205.035	0	
-121.919	-6.41917	236.409	0	
-121.719	-4.24248	186.93	0	
-122.731	-4.64331	191.688	0	
-122.024	-3.66755	181.425	0	
-122.306	-5.09556	201.275	0	
-121.319	-5.24474	203.97	0	
-121.816	-4.89987	194.05	0	
-124.286	-4.54883	184.435	0	
-122.448	-5.81915	217.453	0	
-125.914	-4.64302	192.948	0	
-126.658	-6.13014	232.855	0	
-123.047	-7.75124	300.624	0	
-119.923	-7.85668	295.527	0	
-90.6239	-0.735515	183.158	0	
-87.9536	-1.45463	186.157	0	
-87.7065	-1.88048	185.11	0	
-87.8769	-0.548463	191.551	0	
-87.2888	-1.16326	187.655	0	
-87.8308	-2.41176	184.705	0	
-86.9643	-2.3182	184.66	0	
-86.9743	-0.877314	188.845	0	
-87.6686	-0.246865	181.512	0	
-88.4286	-2.57717	184.265	0	
-87.6137	-3.57217	190.225	0	
-86.5428	-2.45622	185.907	0	
-86.1328	-1.82718	186.182	0	
-86.5495	-1.59054	185.632	0	
-87.2519	-0.246865	195.109	0	
-86.4451	-2.92935	185.35	0	
-85.6271	-3.0159	185.595	0	
-85.0046	-1.71945	187.014	0	
-86.5605	-1.11538	187.29	0	
-86.7964	-3.24132	188.765	0	
-86.5974	-0.198932	188.297	0	
-86.448	-4.00343	197.299	0	
-85.151	-3.286	190.412	0	
-84.4654	-2.56732	185.663	0	
-84.7807	-0.928388	190.613	0	
-85.6046	-0.412608	187.403	0	
-86.234	-0.914448	186.679	0	
-85.4895	-0.801184	187.134	0	
-84.3632	-0.363191	193.172	0	
-85.9235	-0.230585	185.322	0	
-84.0507	-0.19001	190.627	0	
-84.9936	-0.355204	191.744	0	
-84.0476	-0.935713	191.21	0	
-85.3061	-0.182023	185.112	0	
-83.0225	-0.864887	188.656	0	
-83.0225	-0.433371	192.626	0	
-85.0868	-0.74378	189.732	0	
-84.3632	-0.729822	191.152	0	
-84.5879	-1.41792	189.068	0	
-83.4758	-1.38389	188.679	0	
-82.71	-0.265258	184.655	0	
-83.7382	-0.358122	191.512	0	
-83.8979	-2.43297	186.82	0	
-83.7461	-2.03601	187.62	0	
-83.538	-2.87901	187.361	0	
-83.1616	-1.69376	189.253	0	
-84.1846	-3.38874	189.725	0	
-82.3191	-2.29446	187.284	0	
-83.1317	-2.5977	186.726	0	
-82.2531	-1.80578	189.493	0	
-82.6698	-1.56915	188.896	0	
-81.5891	-1.37385	192.053	0	
-83.4344	-0.978701	191.561	0	
-82.0512	-1.01213	193.032	0	
-81.9808	-0.563447	195.729	0	
-81.0271	-0.938454	193.063	0	
-87.344	-3.11026	186.897	0	
-88.0427	-3.72399	192.057	0	
-88.1514	-4.47683	200.251	0	
-87.2584	-3.99924	194.659	0	
-88.784	-4.57227	203.391	0	
-86.7895	-5.78474	234.131	0	
-88.048	-5.95763	233.278	0	
-86.0264	-4.86542	216.182	0	
-86.4736	-4.54038	200.373	0	
-85.6349	-4.67834	201.387	0	
-86.9428	-4.79089	211.279	0	
-87.7998	-5.4102	225.668	0	
-85.1892	-4.98816	220.377	0	
-84.5935	-3.91557	195.688	0	
-85.1421	-3.84874	190.924	0	
-84.363	-4.37657	198.627	0	
-83.6563	-4.36262	201.458	0	
-83.6307	-3.36192	190.491	0	
-82.5251	-3.40411	190.27	0	
-81.6235	-3.04527	189.573	0	
-82.572	-1.14546	191.841	0	
-81.6933	-1.74382	189.376	0	
-80.5603	-0.880248	190.331	0	
-80.923	-0.208749	190.623	0	
-80.2201	-1.14697	195.252	0	
-79.0574	-0.82436	195.219	0	
-80.2879	-1.58108	190.046	0	
-80.5603	-0.448731	194.277	0	
-79.4487	-1.06896	196.672	0	
-79.8034	-0.888392	193.906	0	
-79.4487	-1.56418	192.288	0	
-80.7029	-1.73259	191.871	0	
-80.2832	-2.46177	191.303	0	
-78.9823	-1.72788	192.539	0	
-78.6408	-1.01231	195.077	0	
-81.102	-1.35668	189.683	0	
-81.4605	-2.16469	188.199	0	
-81.0705	-3.02457	187.866	0	
-78.8933	-2.28557	191.036	0	
-79.355	-2.51741	189.548	0	
-77.9343	-1.95299	192.63	0	
-81.8491	-2.47507	188.204	0	
-81.9148	-3.53371	191.827	0	
-79.6748	-4.20056	207.355	0	
-79.1437	-3.62124	191.589	0	
-79.5855	-3.0704	194.508	0	
-78.2941	-3.66335	194.737	0	
-82.0307	-4.58575	208.676	0	
-80.63	-3.37616	194.801	0	
-85.7451	-6.99627	258.376	0	
-87.1692	-5.32537	220.677	0	
-85.0892	-5.67916	223.913	0	
-84.2007	-5.32107	219.246	0	
-86.1158	-5.5753	223.551	0	
-85.6243	-6.07921	252.105	0	
-84.2533	-6.71494	251.06	0	
-83.4705	-4.85352	210.394	0	
-83.7143	-5.37206	221.636	0	
-82.9208	-4.93949	217.582	0	
-77.8125	-0.180445	193.523	0	
-78.9415	-0.403814	196.94	0	
-77.8125	-0.902224	196.721	0	
-78.2124	-0.772212	194.466	0	
-78.2124	-0.411322	194.552	0	
-77.8124	-1.27908	194.857	0	
-76.8674	-0.368081	201.223	0	
-78.1372	-1.55737	194.095	0	
-77.491	-1.88478	194.184	0	
-76.5549	-0.187659	198.67	0	
-77.5	-0.360867	200.47	0	
-76.9309	-2.62473	193.966	0	
-77.1249	-2.12847	193.365	0	
-76.5511	-0.92903	198.661	0	
-75.5155	-0.872353	194.934	0	
-76.4119	-1.37314	196.832	0	
-76.7138	-1.56937	195.722	0	
-75.5155	-0.440836	201.239	0	
-77.5	-0.721756	197.528	0	
-77.1875	-0.907943	198.772	0	
-76.4146	-2.75977	192.31	0	
-75.6685	-1.7647	194.746	0	
-75.203	-0.268605	191.26	0	
-76.2424	-0.35989	199.635	0	
-76.0604	-3.16886	196.668	0	
-75.3131	-2.58205	194.412	0	
-75.7827	-2.22473	193.295	0	
-75.4442	-3.09072	192.597	0	
-75.2891	-1.40153	198.353	0	
-73.8542	-1.38945	195.691	0	
-75.9337	-0.978488	198.457	0	
-76.2544	-3.72961	195.809	0	
-75.8987	-4.27713	207.964	0	
-74.4739	-1.22654	201.168	0	
-74.4739	-0.558387	196.065	0	
-73.125	-0.382539	200.71	0	
-87.6912	-6.48984	264.71	0	
-87.0632	-6.40177	250.282	0	
-83.1872	-5.82933	239.647	0	
-82.5785	-4.52367	201.688	0	
-74.4197	-3.47669	196.777	0	
-74.7823	-2.35865	194.044	0	
-87.8829	-7.30188	294.437	0	
-84.9478	-7.39857	303.534	0	
-82.6856	-5.5102	217.587	0	
-81.7865	-5.11332	211.389	0	
-82.0991	-5.62195	234.414	0	
-81.0341	-4.34112	206.226	0	
-82.5321	-6.99307	277.333	0	
-80.5858	-6.2505	239.652	0	
-88.8924	-1.99253	184.314	0	
-89.6904	-3.43409	186.34	0	
-76.8765	-3.78279	199.957	0	
-77.214	-4.39113	202.568	0	
-74.1339	-3.9685	201.638	0	
-73.5274	-3.86895	199.209	0	
-88.9714	-7.44482	291.967	0	
-89.3466	-8.47822	343.925	0	
-87.1166	-7.77626	308.032	0	
-85.5854	-10.8378	467.625	0	
-80.4724	-7.86406	291.391	0	
-79.6848	-6.86481	276.721	0	
-75.7652	-5.47301	236.155	0	
-74.3597	-5.11676	218.721	0	
-77.1987	-3.087	191.677	0	
-77.8755	-4.36068	206.174	0	
-78.3734	-5.0483	214.953	0	
-78.053	-5.82004	238.337	0	
-74.6873	-4.42491	210.862	0	
-74.8582	-5.65821	229.345	0	
-73.9207	-7.02465	260.495	0	
-72.8678	-6.56957	249.802	0	
-72.6109	-4.1794	204.93	0	
-72.3761	-2.58497	195.16	0	
-72.2224	-4.89657	212.864	0	
-70.7026	-2.58875	197.366	0	
-72.3495	-3.62727	198.896	0	
-71.0929	-3.63185	198.602	0	
-72.7886	-5.52029	228.124	0	
-70.6721	-5.79665	227.526	0	
-76.767	-6.4006	255.302	0	
-74.6546	-6.44544	256.019	0	
-71.0926	-3.12628	198.455	0	
-70.0845	-2.6319	197.728	0	
-70.4373	-3.15218	198.695	0	
-70.0477	-4.3484	206.175	0	
-70.4543	-3.52679	199.761	0	
-68.9731	-4.65504	208.064	0	
-122.812	-0.183316	200.252	0	
-122.495	-0.72475	194.3	0	
-123.892	-0.872622	192.254	0	
-123.125	-0.83059	195.897	0	
-122.183	-0.908065	193.721	0	
-121.867	-0.73471	190.601	0	
-122.185	-0.18188	187.688	0	
-122.81	-0.974386	194.532	0	
-122.714	-1.46363	191.186	0	
-121.533	-0.937094	190.867	0	
-121.141	-0.426715	191.554	0	
-123.508	-1.5233	191.116	0	
-121.867	-0.368079	191.56	0	
-121.556	-2.64746	180.52	0	
-121.997	-1.70252	187.685	0	
-120.605	-1.4159	189.914	0	
-122.117	-2.30615	184.945	0	
-121.131	-1.71575	186.684	0	
-124.331	-1.11076	194.67	0	
-123.925	-1.75993	188.707	0	
-123.966	-2.43147	182.537	0	
-122.765	-2.31737	183.83	0	
-124.617	-2.66464	183.453	0	
-124.14	-3.84648	188.673	0	
-99.9928	-0.731718	186.459	0	
-98.1432	-1.30346	183.831	0	
-97.5999	-1.98015	182.209	0	
-97.8769	-0.548463	185.394	0	
-97.2888	-1.16326	183.943	0	
-98.547	-2.7714	181.584	0	
-97.4693	-3.42732	184.438	0	
-96.9743	-0.877314	185.015	0	
-97.6686	-0.246865	185.367	0	
-96.2899	-0.748879	182.951	0	
-97.2519	-0.246865	186.503	0	
-97.0033	-4.84263	206.022	0	
-96.5974	-0.198932	182.709	0	
-97.8495	-2.80998	178.163	0	
-97.648	-4.27672	191.368	0	
-95.4003	-3.58722	185.28	0	
-104.599	-0.53519	192.951	0	
-103.449	-1.05211	188.503	0	
-105.537	-0.783538	187.984	0	
-104.167	-0.301598	182.27	0	
-105.205	-1.09072	188.092	0	
-105.722	-1.82897	184.746	0	
-105.224	-0.233592	191.107	0	
-104.564	-1.46025	186.184	0	
-106.284	-0.382852	185.169	0	
-105.938	-0.183316	185.313	0	
-107.26	-0.250939	183.084	0	
-106.981	-0.450476	187.607	0	
-106.481	-1.47589	185.371	0	
-105.943	-0.916578	186.658	0	
-107.231	-1.71458	185.629	0	
-105.841	-2.4326	180.2	0	
-105.243	-2.97095	182.385	0	
-104.851	-1.94325	183.741	0	
-107.663	-0.402598	193.39	0	
-106.596	-0.199537	182.774	0	
-108.365	-0.862957	188.05	0	
-108.111	-0.151659	188.839	0	
-107.761	-1.18491	188.678	0	
-107.294	-1.17375	186.98	0	
-107.922	-0.845275	188.216	0	
-108.42	-2.64012	181.525	0	
-106.502	-2.43977	182.632	0	
-108.984	-1.30373	186.368	0	
-108.001	-1.60212	185.586	0	
-109.452	-1.73578	183.546	0	
-108.687	-2.21441	181.499	0	
-108.85	-3.2911	178.729	0	
-106.724	-2.92619	178.54	0	
-107.767	-3.62596	183.097	0	
-107.701	-4.47211	185.657	0	
-104.894	-5.38721	202.007	0	
-105.431	-3.63417	178.329	0	
-140.474	-0.286396	234.229	0	
-138.958	-0.837501	199.102	0	
-140.615	-1.25304	213.707	0	
-139.641	-0.88338	208.192	0	
-127.534	-0.382852	197.745	0	
-126.874	-0.368884	190.411	0	
-127.188	-0.183316	187.244	0	
-126.249	-0.401327	192.674	0	
-126.561	-0.185568	190.074	0	
-128.51	-0.250939	201.708	0	
-128.231	-0.450476	195.754	0	
-127.609	-1.7017	187.832	0	
-127.193	-0.916578	193.332	0	
-128.481	-1.71524	189.452	0	
-127.036	-2.5399	181.502	0	
-127.612	-1.34328	191.28	0	
-127.039	-2.01781	184.925	0	
-126.321	-1.89667	187.157	0	
-125.949	-1.02306	194.634	0	
-126.364	-2.72258	181.073	0	
-125.551	-2.16701	188.323	0	
-126.578	-1.29014	190.168	0	
-126.278	-1.52483	189.936	0	
-124.913	-3.31818	177.619	0	
-125.596	-1.6908	189.168	0	
-125.017	-2.23384	183.756	0	
-124.772	-1.78001	190.07	0	
-129.375	-0.153405	191.482	0	
-127.846	-0.199537	204.341	0	
-128.897	-1.95188	187.746	0	
-124.331	-1.53928	190.446	0	
-124.815	-0.876848	194.425	0	
-130.31	-0.184751	212.232	0	
-129.283	-1.57023	189.966	0	
-128.544	-1.17375	191.848	0	
-129.218	-0.815124	194.754	0	
-129.049	-2.50177	181.524	0	
-128.678	-3.02275	184.632	0	
-129.893	-0.338156	195.416	0	
-130.155	-1.3939	196.419	0	
-131.012	-1.35697	195.996	0	
-129.533	-2.57614	185.685	0	
-129.836	-2.15145	186.564	0	
-129.813	-3.09773	180.663	0	
-132.369	-1.87961	190.918	0	
-130.781	-2.21045	188.442	0	
-130.373	-2.45355	183.137	0	
-130.372	-3.02681	186.091	0	
-130.929	-3.62619	180.217	0	
-130.716	-4.29285	198.472	0	
-133.466	-2.69079	183.286	0	
-131.412	-2.3739	184.24	0	
-128.486	-4.22048	193.222	0	
-127.972	-3.0488	178.541	0	
-131.56	-3.21638	183.78	0	
-132.76	-2.60721	182.835	0	
-134.593	-3.20956	183.145	0	
-132.635	-4.25968	192.111	0	
-128.771	-4.86949	198.589	0	
-127.274	-5.0442	206.446	0	
131.25	-0.41231	210.487	0	
131.875	-0.360901	211.806	0	
131.562	-0.180445	215.487	0	
132.188	-0.902258	210.998	0	
132.817	-0.912873	214.071	0	
132.188	-1.27911	211.512	0	
133.133	-0.741951	219.684	0	
131.871	-1.46228	208.963	0	
132.509	-1.88478	210.476	0	
133.422	-0.917831	217.341	0	
132.505	-0.365785	211.314	0	
131.454	-1.13683	210.26	0	
131.237	-1.96897	207.328	0	
133.069	-2.62471	208.888	0	
133.832	-1.32508	213.114	0	
133.753	-0.405748	222.532	0	
133.733	-2.71085	209.368	0	
134.092	-1.80652	211.683	0	
133.135	-1.46994	211.789	0	
134.044	-1.00848	216.575	0	
133.189	-1.90428	211.03	0	
133.729	-2.17597	209.769	0	
133.133	-0.375319	221.319	0	
132.817	-0.185329	224.341	0	
-102.812	-0.183316	184.746	0	
-103.854	-0.517356	188.758	0	
-103.866	-0.922193	184.366	0	
-103.125	-0.83059	184.792	0	
-102.297	-1.7956	186.119	0	
-102.748	-1.06873	191.11	0	
-101.385	-1.69354	185.24	0	
-104.179	-1.37459	185.21	0	
-103.902	-1.7422	185.451	0	
-103.962	-2.24914	180.751	0	
-101.833	-1.49851	184.118	0	
-104.525	-2.36453	182.971	0	
-104.01	-3.32632	183.588	0	
-103.127	-2.25942	180.848	0	
-102.705	-2.50633	183.083	0	
-104.005	-4.12901	183.783	0	
-102.701	-3.00021	180.363	0	
-102.331	-0.876848	186.474	0	
-102.714	-1.55896	184.171	0	
-103.128	-3.28254	183.175	0	
-101.78	-3.06116	179.521	0	
-104.753	-4.37838	192.011	0	
-105.72	-5.55439	208.748	0	
-103.51	-4.43088	189.596	0	
-102.24	-3.29963	181.891	0	
-101.11	-3.1153	183.67	0	
-100.96	-0.926407	185.633	0	
-103.332	-5.92566	222.874	0	
-103.297	-5.14363	203.836	0	
-100.851	-2.54814	180.952	0	
-99.8185	-1.40218	185.625	0	
-100.442	-2.22052	181.331	0	
-98.6586	-1.97368	180.235	0	
-99.8393	-2.36013	182.646	0	
-99.2609	-3.0735	176.651	0	
-102.465	-6.41384	248.853	0	
-102.16	-4.4138	188.913	0	
-102.13	-7.39789	285.587	0	
-99.1932	-6.76305	265.385	0	
-101.995	-5.7936	217.65	0	
-100.962	-5.76404	224.626	0	
47.5072	-0.731718	215.876	0	
49.3568	-1.30346	205.674	0	
49.7935	-1.88048	205.42	0	
49.6231	-0.548463	203.63	0	
50.2112	-1.16326	201.214	0	
49.6706	-2.4298	210.126	0	
50.5357	-2.3182	209.472	0	
50.5257	-0.877314	206.801	0	
49.8314	-0.246865	214.633	0	
50.9572	-2.45622	207.096	0	
51.3672	-1.82718	204.944	0	
50.9505	-1.59054	207.028	0	
50.6943	-0.198932	202.739	0	
51.0458	-2.88438	211.299	0	
51.7933	-2.91212	211.492	0	
52.2481	-1.76676	205.417	0	
50.9395	-1.11538	201.825	0	
50.6906	-3.19921	210.663	0	
51.8747	-4.31332	215.547	0	
52.2014	-3.14078	211.413	0	
52.6316	-2.53262	209.119	0	
52.744	-1.02346	203.491	0	
51.7849	-0.230658	204.6	0	
50.1535	-3.13116	211.676	0	
49.4324	-3.77521	211.327	0	
51.0278	-3.92295	212.635	0	
50.9381	-4.53143	214.905	0	
52.2842	-3.57909	214.208	0	
53.0294	-3.67481	214.349	0	
53.0652	-2.30178	208.4	0	
52.6647	-1.53012	205.325	0	
51.2661	-0.914522	205.2	0	
52.1094	-0.618235	204.308	0	
51.8774	-3.85494	213.427	0	
52.274	-4.5162	213.807	0	
53.4644	-3.94052	214.747	0	
53.8542	-3.28762	212.796	0	
53.4598	-2.57088	209.17	0	
53.8961	-1.81077	205.918	0	
52.2685	-5.14191	214.362	0	
53.9349	-4.70975	215.315	0	
53.5024	-4.50438	215.511	0	
54.3376	-4.358	214.657	0	
54.2409	-3.02678	211.221	0	
53.8765	-2.32237	207.737	0	
54.7367	-1.81329	204.734	0	
54.3332	-1.03925	202.936	0	
51.4231	-5.19536	214.129	0	
51.8255	-6.17456	207.73	0	
52.8034	-5.27145	212.045	0	
53.7536	-6.08871	205.635	0	
54.7424	-4.56485	214.293	0	
55.1191	-2.98294	210.505	0	
54.7024	-3.208	211.616	0	
55.0769	-2.5651	208.753	0	
55.2755	-1.02614	201.992	0	
53.9038	-0.410638	202.275	0	
53.0444	-0.204362	202.359	0	
53.5371	-1.14158	203.337	0	
54.8444	-5.08943	213.276	0	
55.4708	-4.48709	214.201	0	
55.0829	-4.31532	214.045	0	
55.7162	-4.12154	213.45	0	
55.507	-2.33425	206.482	0	
55.1533	-1.57665	203.902	0	
54.8551	-0.763717	201.763	0	
54.3712	-0.169097	196.159	0	
52.5356	-0.591939	203.202	0	
53.202	-0.87742	202.653	0	
54.2934	-5.25238	212.019	0	
55.3849	-5.64668	209.686	0	
56.5224	-5.01995	213.072	0	
55.1127	-3.90998	213.86	0	
56.9679	-3.17345	210.609	0	
55.5064	-3.73323	213.188	0	
56.2292	-3.45343	211.296	0	
55.5667	-3.27915	211.126	0	
57.24	-3.70365	211.686	0	
56.7074	-2.34635	205.673	0	
56.0983	-2.70871	208.181	0	
56.1631	-1.96161	204.704	0	
55.347	-6.10058	203.395	0	
55.8654	-5.52378	209.318	0	
55.8076	-6.39376	201.692	0	
56.1459	-5.9632	206.832	0	
56.9369	-5.45588	209.036	0	
55.9324	-5.08545	212.328	0	
55.9134	-7.11917	190.887	0	
56.6884	-7.38399	186.498	0	
58.2752	-3.81327	211.483	0	
58.0652	-1.86345	205.561	0	
58.0815	-1.48325	205.229	0	
55.568	-0.192988	209.855	0	
57.7088	-0.915301	203.773	0	
56.4235	-0.40252	204.388	0	
56.0419	-1.18526	203.017	0	
56.5633	-1.12771	203.34	0	
54.9392	-0.362085	201.076	0	
55.7488	-0.877281	205.497	0	
57.2848	-0.704154	203.129	0	
56.8677	-0.149743	201.372	0	
48.8234	-4.53424	210.85	0	
50.2236	-4.01405	211.98	0	
48.8249	-5.88095	204.854	0	
49.5685	-5.40472	209.905	0	
57.9319	-5.60255	204.732	0	
57.1724	-4.35937	213.965	0	
54.3741	-7.34936	189.465	0	
55.5582	-8.85497	164.009	0	
57.0786	-10.1723	132.415	0	
58.4422	-6.78171	193.867	0	
49.7996	-6.18574	204.982	0	
50.046	-5.7356	202.628	0	
57.7845	-6.40448	209.317	0	
58.7033	-5.27548	212.515	0	
47.8705	-5.42327	208.141	0	
48.1498	-6.37426	197.857	0	
47.3449	-6.21727	202.694	0	
48.305	-6.90579	197.313	0	
47.4845	-7.78407	184.413	0	
50.8741	-7.95226	171.633	0	
50.5581	-5.49473	213.124	0	
50.1422	-4.63194	214.019	0	
59.2962	-5.62337	206.573	0	
58.7801	-4.71239	210.797	0	
47.6429	-6.61413	199.363	0	
47.7981	-7.14566	188.855	0	
51.0477	-5.58107	207.188	0	
51.3715	-4.68081	212.693	0	
51.2871	-6.19141	208.709	0	
51.9209	-5.45359	210.572	0	
60.0084	-5.35048	211.836	0	
58.2185	-4.47573	213.236	0	
50.551	-6.55521	192.482	0	
51.886	-8.21911	173.362	0	
59.2828	-4.10661	211.897	0	
59.1912	-2.87876	208.709	0	
53.8955	-7.02816	195.426	0	
54.9335	-6.29176	205.326	0	
52.9551	-7.17006	190.253	0	
54.5105	-8.03111	178.278	0	
54.3257	-8.70206	159.907	0	
55.3984	-7.42463	190.762	0	
54.9944	-9.31363	148.741	0	
55.1978	-8.07543	171.049	0	
54.912	-10.5531	125.178	0	
56.1565	-11.28	111.169	0	
-101.354	-0.422952	184.414	0	
-100.622	-0.368067	186.105	0	
-100.938	-0.183316	184.654	0	
-100.305	-0.920708	187.186	0	
-99.0647	-0.674876	184.121	0	
-101.833	-1.06999	188.224	0	
-100.969	-1.39202	184.075	0	
-100.235	-1.33729	184.636	0	
-99.3498	-0.57368	184.985	0	
-98.833	-0.554896	183.893	0	
-99.9975	-0.362392	190.365	0	
-98.967	-1.22734	183.412	0	
-98.8057	-0.276058	182.662	0	
-99.5535	-1.06634	185.16	0	
-99.0625	-0.130542	183.394	0	
-99.375	-0.308184	184.277	0	
-98.5205	-0.725951	183.718	0	
-98.2849	-0.447114	184.356	0	
-99.6577	-0.812463	186.965	0	
-99.1688	-0.97585	185.659	0	
-99.0752	-1.73704	184.488	0	
-98.1432	-1.67001	183.518	0	
-131.354	-0.348783	191.513	0	
-130.622	-0.368067	201.26	0	
-130.938	-0.183316	205.776	0	
-130.185	-0.962162	196.161	0	
-129.768	-0.748936	200.677	0	
-131.428	-1.42185	193.55	0	
-130.943	-0.916578	195.487	0	
-90.9259	-1.29981	182.964	0	
-89.8768	-2.66076	184.512	0	
-94.599	-0.53519	183.081	0	
-94.3924	-1.27697	184.875	0	
-95.5365	-0.783538	183.475	0	
-94.1269	-0.548463	186.529	0	
-95.2046	-1.09072	183.978	0	
-95.7263	-1.81524	182.979	0	
-95.224	-0.233592	183.331	0	
-94.3924	-1.64353	182.504	0	
-96.2849	-0.382247	181.479	0	
-95.9375	-0.183316	181.716	0	
-96.7518	-1.92265	181.522	0	
-95.9426	-0.916578	182.987	0	
-96.4546	-2.46139	183.669	0	
-95.8457	-2.41887	181.027	0	
-95.2434	-2.97021	184.336	0	
-94.8514	-1.94325	182.896	0	
-93.9376	-1.8981	183.839	0	
-93.5388	-1.16326	185.911	0	
-94.0462	-2.36196	181.967	0	
-93.1157	-2.39435	182.52	0	
-93.2243	-0.877314	178.971	0	
-93.9186	-0.246865	179.006	0	
-94.5996	-2.40149	182.843	0	
-94.1112	-3.34167	185.754	0	
-92.6165	-2.58482	182.779	0	
-92.2643	-1.96687	182.698	0	
-92.1918	-0.904685	188.323	0	
-93.5019	-0.246865	174.473	0	
-93.9235	-4.22931	199.832	0	
-92.8474	-0.198932	176.959	0	
-93.8302	-3.81172	190.45	0	
-92.6552	-3.11626	186.651	0	
-90.9391	-2.88901	184.302	0	
-95.1046	-4.40605	198.018	0	
-93.5754	-5.41706	210.255	0	
-92.3992	-3.57864	185.638	0	
-93.1746	-3.35831	186.757	0	
-93.3616	-4.81336	213.123	0	
-92.8203	-4.06189	198.472	0	
-92.8328	-6.63137	246.312	0	
-91.5548	-4.63912	203.916	0	
-91.8675	-3.42266	188.125	0	
-90.1817	-4.75047	204.868	0	
-91.4352	-3.94197	190.421	0	
-92.235	-4.98368	215.295	0	
-89.0625	-0.183316	185.468	0	
-88.6458	-0.484914	188.052	0	
-89.8958	-1.01391	185.857	0	
-89.375	-0.83059	187.505	0	
-88.8542	-0.91643	185.736	0	
-91.25	-0.36376	183.623	0	
-90.6239	-0.368884	183.968	0	
-90.9375	-0.183316	181.771	0	
-89.9989	-0.401327	186.906	0	
-90.3114	-0.185568	183.09	0	
-92.1875	-0.180456	185.06	0	
-91.875	-0.360901	187.51	0	
-91.5652	-1.28335	182.852	0	
-90.9375	-0.913707	184.209	0	
-92.5349	-0.379388	193.931	0	
-91.5625	-0.180445	182.705	0	
-92.5391	-0.742727	181.346	0	
-92.1918	-1.26351	182.701	0	
-91.2465	-1.88463	182.626	0	
-92.8516	-0.993787	187.971	0	
-92.7852	-1.48466	181.698	0	
-91.8778	-1.45887	184.847	0	
-92.2283	-2.36312	183.276	0	
-90.7699	-2.0266	183.477	0	
-90.5562	-1.63672	183.525	0	
-92.4727	-1.59243	185.494	0	
-91.8819	-1.83577	183.204	0	
-15.8333	-0.240555	218.583	0	
-14.375	-0.360901	216.012	0	
-14.6875	-0.180445	217.725	0	
-14.0624	-0.902258	214.429	0	
-13.1174	-0.734678	222.691	0	
-18.3333	-0.233607	212.129	0	
-14.7083	-0.914235	213.06	0	
-14.0625	-1.27911	213.962	0	
-13.1174	-0.368047	219.636	0	
-15.448	-1.06781	212.812	0	
-14.3902	-1.83986	206.321	0	
-14.7096	-1.2764	212.346	0	
-13.741	-1.88478	207.564	0	
-12.8049	-0.187647	225.758	0	
-13.75	-0.360855	218.488	0	
-15.8431	-1.03246	211.962	0	
-16.0679	-1.37074	208.096	0	
-15.1367	-1.36986	208.09	0	
-15.1246	-1.7112	206.125	0	
-13.1808	-2.62471	197.494	0	
-13.3749	-2.12843	200.066	0	
-12.8011	-0.928997	215.216	0	
-11.7655	-0.87239	219.177	0	
-16.4741	-1.3479	208.172	0	
-14.7114	-1.99678	201.583	0	
-15.1274	-2.68138	194.174	0	
-12.5179	-2.32426	199.366	0	
-12.662	-1.37309	213.295	0	
-12.9638	-1.56932	207.772	0	
-11.7655	-0.440874	215.803	0	
-13.7499	-0.721768	220.953	0	
-13.4375	-0.907943	215.668	0	
-17.1875	-0.215758	215.647	0	
-16.1451	-0.747092	215.075	0	
-16.7169	-1.68444	201.68	0	
-16.4913	-2.07434	199.56	0	
-15.3996	-2.39357	197.089	0	
-14.7506	-2.41015	196.935	0	
-14.1236	-3.99863	186.497	0	
-13.5832	-2.91972	189.489	0	
-12.6645	-2.75975	194.412	0	
-11.9185	-1.76469	206.432	0	
-11.453	-0.268621	220.715	0	
-12.4924	-0.3599	217.234	0	
-16.0408	-2.0684	198.927	0	
-16.0085	-2.90411	192.955	0	
-15.1316	-3.15748	191.418	0	
-14.4655	-2.79189	193.337	0	
-17.6188	-0.973484	210.193	0	
-16.875	-0.384747	213.193	0	
-16.875	-0.816264	213.386	0	
-17.1317	-1.62973	203.852	0	
-17.3593	-2.02292	197.145	0	
-16.4511	-2.80959	193.584	0	
-15.7902	-2.50075	196.297	0	
-12.2763	-3.20729	190.169	0	
-10.9703	-1.81226	205.718	0	
-12.0326	-2.22472	201.36	0	
-11.657	-3.15639	190.898	0	
-11.387	-1.57563	212.177	0	
-10.2168	-1.8833	208.002	0	
-12.1837	-0.978487	214.909	0	
-15.866	-3.49388	190.159	0	
-14.6647	-3.70816	189.231	0	
-20.6239	-0.735515	203.77	0	
-17.7422	-2.01698	200.028	0	
-17.2021	-1.17139	205.65	0	
-17.9313	-1.42588	202.624	0	
-18.0431	-2.48291	193.267	0	
-17.8587	-2.97869	194.793	0	
-16.909	-3.15212	193.463	0	
-16.2377	-4.03497	192.654	0	
-12.6757	-3.79652	184.407	0	
-11.0292	-2.38592	200.606	0	
-15.1978	-4.02336	190.126	0	
-15.4523	-3.61269	190.501	0	
-18.8588	-1.84103	199.425	0	
-18.9662	-2.76993	193.982	0	
-17.8819	-3.98045	197.997	0	
-16.8381	-3.78773	190.005	0	
-11.1816	-3.69734	187.084	0	
-15.4167	-0.240555	221.309	0	
-17.9167	-0.233607	213.058	0	
-9.11862	-3.25489	194.308	0	
-17.224	-4.9794	201.362	0	
-13.9541	-6.35864	197	0	
-14.8564	-5.2129	192.413	0	
-12.5924	-5.18955	182.993	0	
-11.6673	-5.88366	187.488	0	
-11.4777	-4.35487	183.211	0	
-20.0443	-1.48176	202.367	0	
-19.5283	-2.4635	196.432	0	
-20.9259	-1.29981	201.037	0	
-19.9402	-2.78938	194.614	0	
-20.3526	-3.93315	200.036	0	
-18.7609	-3.35784	196.798	0	
-19.5515	-5.09406	214.625	0	
-19.1908	-3.81086	197.328	0	
-18.9722	-4.58741	205.837	0	
-17.9098	-5.24221	210.704	0	
-19.5612	-5.8771	235.905	0	
-18.2501	-6.15695	229.812	0	
-17.6366	-6.85097	238.037	0	
-16.5321	-5.45056	209.996	0	
-10.3198	-2.27427	200.411	0	
-10.1352	-2.97088	192.774	0	
-25.625	-0.399074	196.076	0	
-24.995	-0.72475	199.189	0	
-26.3952	-0.86823	196.791	0	
-25.625	-0.83059	196.469	0	
-24.6825	-0.908065	197.716	0	
-24.3674	-0.73471	202.714	0	
-24.685	-0.18188	204.394	0	
-25.31	-0.974386	196.667	0	
-25.2142	-1.46363	194.886	0	
-24.4913	-1.77285	194.373	0	
-23.983	-0.96737	198.288	0	
-26.0117	-1.52523	194.059	0	
-24.3674	-0.368079	200.77	0	
-24.6107	-2.37648	194.557	0	
-22.7034	-1.64878	196.592	0	
-23.4375	-0.174904	202.666	0	
-22.9718	-0.712979	201.8	0	
-23.7449	-0.361103	200.034	0	
-23.1197	-1.44843	198.389	0	
-21.875	-0.721791	205.021	0	
-28.7428	-0.731718	194.681	0	
-25.9785	-1.06614	195.871	0	
-22.6304	-2.30124	195.799	0	
-21.7049	-1.93009	197.695	0	
-26.7872	-1.10335	195.742	0	
-26.4283	-1.76187	193.079	0	
-27.2771	-2.1935	191.151	0	
-25.5767	-2.31738	192.801	0	
-26.0348	-3.89725	210.043	0	
-26.0901	-2.52755	193.276	0	
-23.0013	-3.24706	199.245	0	
-23.5751	-1.81635	195.317	0	
-23.5437	-2.37145	195.566	0	
-21.9272	-3.86292	203.18	0	
-24.0798	-2.67356	196.603	0	
-22.6185	-3.69927	206.105	0	
-24.0824	-3.16474	198.52	0	
-23.5324	-3.45371	203.324	0	
-25.2546	-3.30936	197.485	0	
-24.3034	-4.36168	212.815	0	
-23.5436	-4.25177	210.619	0	
-22.8884	-6.97905	281.868	0	
-27.0321	-3.48793	199.755	0	
-24.8255	-4.92715	236.333	0	
7.50716	-0.731718	196.032	0	
10.3006	-1.05211	197.32	0	
-70	-0.36376	206.031	0	
9.58333	-0.301598	191.255	0	
-69.3725	-0.368067	205.399	0	
-69.6875	-0.183316	206.707	0	
-69.0553	-0.920708	203.23	0	
-67.8187	-0.908689	203.872	0	
-70.9375	-0.180456	201.216	0	
-70.625	-0.360901	202.274	0	
-70.3152	-1.28335	200.733	0	
-69.6875	-0.913707	203.909	0	
-68.998	-1.41957	201.413	0	
-68.125	-0.7669	203.323	0	
-71.875	-0.240517	206.41	0	
-70.3125	-0.180445	200.966	0	
-71.0043	-1.2956	200.277	0	
-70.6901	-1.49081	200.152	0	
-69.9965	-1.88463	198.781	0	
-67.7539	-1.29909	202.596	0	
-68.7475	-0.362392	203.743	0	
-73.5417	-0.922356	201.011	0	
-71.421	-1.60286	198.919	0	
-70.942	-0.904829	201.833	0	
-71.3441	-2.15566	196.798	0	
-70.3319	-2.05666	198.107	0	
-70.7013	-1.87138	198.15	0	
-69.6924	-2.11743	198.378	0	
-69.3035	-1.61967	200.396	0	
-71.3587	-0.784456	201.95	0	
-71.6712	-1.27216	200.654	0	
-70.7376	-2.9544	197.068	0	
-70.123	-2.98945	197.444	0	
-71.5473	-3.01933	197.093	0	
-70.755	-3.83459	202.627	0	
-69.6717	-3.12566	200.08	0	
-69.1175	-2.73885	198.432	0	
-71.8795	-3.50045	198.214	0	
-71.5147	-3.92215	203.599	0	
-70.5642	-4.39419	208.035	0	
-70.0278	-3.79576	203.524	0	
-69.7485	-2.49239	198.11	0	
-69.4305	-2.80311	197.302	0	
-70.9837	-5.03545	219.637	0	
-71.0568	-6.62104	260.868	0	
-68.69	-2.98588	200.74	0	
-68.1135	-2.56151	198.957	0	
-68.7179	-2.34536	198.891	0	
-68.4654	-2.70027	198.196	0	
-67.883	-1.90044	200.297	0	
-68.3552	-1.41179	201.393	0	
-67.4398	-1.95765	199.936	0	
-67.3892	-1.32732	202.58	0	
-67.3958	-0.391349	206.251	0	
-67.4021	-0.71078	204.362	0	
-66.7332	-1.65202	201.707	0	
-67.1415	-1.01278	203.873	0	
-68.4329	-0.978483	203.238	0	
-67.8125	-0.157742	203.186	0	
-68.125	-0.335384	203.543	0	
-2.49284	-0.731718	208.537	0	
-0.208333	-1.40127	203.924	0	
-40.8333	-0.240555	193.154	0	
-0.416667	-0.301598	209.535	0	
-39.375	-0.360901	199.014	0	
-39.6875	-0.180445	198.154	0	
-39.0624	-0.902258	196.079	0	
-38.1174	-0.734678	194.088	0	
-43.3333	-0.233607	190.578	0	
-39.7083	-0.914235	196.829	0	
-39.0625	-1.27911	193.061	0	
-38.1174	-0.368047	194.938	0	
-40.448	-1.06781	195.577	0	
-39.3902	-1.83986	190.493	0	
-39.7096	-1.2764	193.096	0	
-38.741	-1.88478	190.318	0	
-37.8049	-0.187647	192.271	0	
-38.75	-0.360855	196.272	0	
-40.8431	-1.03246	193.537	0	
-41.0679	-1.37074	193.721	0	
-40.1367	-1.36986	192.338	0	
-40.1246	-1.7112	191.05	0	
-38.2671	-2.02814	190.94	0	
-38.0534	-1.63826	191.148	0	
-37.8011	-0.928997	194.768	0	
-36.7655	-0.87239	196.534	0	
-41.4741	-1.3479	192.913	0	
-39.7114	-1.99678	190.338	0	
-40.1274	-2.68138	188.323	0	
-37.7515	-1.44202	193.339	0	
-36.7655	-0.440874	196.776	0	
-38.7499	-0.721768	194.762	0	
-38.4375	-0.907943	194.859	0	
-42.1875	-0.215758	198.801	0	
-41.1451	-0.747092	194.604	0	
-41.7169	-1.68444	192.951	0	
-41.4913	-2.07434	189.799	0	
-40.3996	-2.39357	189.507	0	
-39.7506	-2.41015	188.995	0	
-39.2045	-4.17046	198.371	0	
-38.5832	-2.91972	190.73	0	
-36.453	-0.268621	197.736	0	
-37.4924	-0.3599	198.497	0	
-41.0408	-2.0684	190.306	0	
-41.0085	-2.90411	190.36	0	
-40.1316	-3.15748	192.544	0	
-39.4655	-2.79189	189.608	0	
-42.6188	-0.973484	193.797	0	
-41.875	-0.384747	199.094	0	
-41.875	-0.816264	196.051	0	
-42.1317	-1.62973	191.78	0	
-42.3593	-2.02292	191.62	0	
-41.4511	-2.80959	189.747	0	
-40.7902	-2.50075	188.597	0	
-36.1178	-1.31489	193.188	0	
-35.1482	-1.95122	189.402	0	
-37.1837	-0.978487	195.066	0	
-40.8646	-3.49337	194.59	0	
-39.6647	-3.70816	197.906	0	
-43.9627	-1.22686	195.407	0	
-42.7422	-2.01698	191.219	0	
-42.2021	-1.17139	197.473	0	
-43.1195	-1.27208	196.349	0	
-42.9726	-2.3978	191.513	0	
-42.7469	-2.79113	190.563	0	
-42.2935	-2.80286	191.393	0	
-41.2344	-4.03185	198.027	0	
-40.1964	-4.02285	199.744	0	
-40.4509	-3.61218	193.969	0	
-43.3933	-2.32659	191.299	0	
-43.6155	-2.71337	191.795	0	
-43.1067	-3.82007	199.837	0	
-41.8676	-3.04967	191.481	0	
-43.5447	-1.93601	192.602	0	
-44.0107	-1.94194	192.573	0	
-44.2114	-3.13738	192.778	0	
-43.9861	-3.52477	196.259	0	
-42.4099	-4.54423	207.479	0	
-41.8108	-3.99547	197.957	0	
-43.1195	-1.70663	191.995	0	
-43.546	-1.02895	193.235	0	
-44.6547	-1.61656	194.133	0	
-44.8904	-2.02334	192.556	0	
-44.6415	-2.92074	193.336	0	
-45.0564	-3.62485	197.15	0	
-43.9462	-4.26327	204.683	0	
-43.0908	-4.29863	203.019	0	
-43.5662	-0.514592	196.158	0	
-44.4211	-0.187716	198.473	0	
-44.7157	-0.857765	196.954	0	
-45.8118	-0.598602	195.356	0	
-45.4962	-2.41139	191.885	0	
-45.0582	-3.14579	192.503	0	
-45.4865	-3.82973	199.526	0	
-45.2622	-4.2348	203.806	0	
-44.8012	-4.27903	203.409	0	
-43.9405	-5.03773	216.173	0	
-44.2372	-0.900218	196.071	0	
-44.0289	-0.468702	193.829	0	
-44.9	-1.18101	195.865	0	
-46.2903	-0.55461	196.945	0	
-45.9171	-2.31254	192.634	0	
-46.3758	-3.02754	193.846	0	
-45.9513	-3.71832	198.593	0	
-46.1689	-4.09722	203.707	0	
-45.9591	-3.25259	193.881	0	
-46.9387	-3.29946	194.492	0	
-46.6798	-4.68897	211.107	0	
-45.8896	-4.49138	206.409	0	
-47.4143	-4.25358	205.341	0	
-46.0227	-4.86279	214.223	0	
-46.5815	-5.4455	227.195	0	
-43.5141	-5.02797	216.063	0	
-46.2851	-5.92666	232.619	0	
-45.3504	-6.3423	242.37	0	
-45.2399	-5.3151	220.925	0	
-44.1653	-4.58924	209.387	0	
-44.7278	-4.94061	215.662	0	
-44.8565	-5.68456	227.739	0	
-45.1532	-4.91068	215.96	0	
-44.8649	-6.11309	239.349	0	
-44.5714	-5.36339	223.66	0	
-43.1702	-6.05336	239.691	0	
-44.0988	-6.01285	240.213	0	
-44.1799	-5.46298	224.508	0	
-45.5029	-0.238532	194.128	0	
-45.4172	-1.10956	195.44	0	
-45.9655	-1.76767	193.235	0	
-46.7643	-1.84505	194.134	0	
-48.7582	-5.01073	216.542	0	
-47.9225	-5.36482	221.045	0	
-45.7694	-5.89205	233.394	0	
-42.6571	-8.20204	295.21	0	
-47.1794	-1.60252	195.207	0	
-47.6021	-2.19515	194.021	0	
-48.2608	-4.85092	211.227	0	
-47.7837	-5.88013	234.173	0	
-47.2265	-5.999	232.841	0	
-45.4706	-7.43669	274.527	0	
-45.6644	-6.92211	260.125	0	
-45.3898	-8.52104	314.485	0	
-47.291	-1.17966	197.86	0	
-47.6705	-0.403308	196.37	0	
-48.5154	-2.48234	195.255	0	
-46.9581	-3.83352	201.679	0	
-49.1022	-5.78325	227.049	0	
-48.0075	-6.25657	240.973	0	
-47.6243	-6.98288	255.649	0	
-46.9633	-6.37272	245.603	0	
-46.9924	-0.877281	198.436	0	
-47.9883	-0.779069	197.01	0	
-47.8172	-1.1239	196.644	0	
-49.9928	-0.731718	198.507	0	
-48.7101	-2.93433	195.84	0	
-48.1722	-3.20381	196.477	0	
-47.8052	-2.93656	194.425	0	
-47.9406	-4.16085	204.927	0	
-48.2056	-7.43403	272.049	0	
-48.5465	-8.84265	309.019	0	
-47.1373	-6.98016	256.993	0	
-46.5453	-7.99478	290.71	0	
-46.4987	-0.986127	196.945	0	
-46.8148	-0.19454	202.516	0	
-48.1179	-0.152084	192.864	0	
-48.6387	-0.332527	193.175	0	
-49.1159	-3.17013	198.151	0	
-48.2304	-3.655	199.25	0	
-45.9043	-8.11488	279.799	0	
-46.2669	-6.9754	260.757	0	
-49.6352	-3.02023	196.513	0	
-49.7621	-3.85418	200.92	0	
-41.912	-5.47984	224.783	0	
-40.4167	-0.240555	189.147	0	
-42.9167	-0.233607	189.16	0	
-40.4183	-5.42378	230.02	0	
-42.0556	-6.1403	244.063	0	
-43.16	-5.42116	225.038	0	
-40.8894	-5.69604	235.277	0	
-41.3039	-5.2601	226.233	0	
-39.7877	-5.78542	231.489	0	
-39.2027	-5.45245	225.43	0	
-42.5594	-7.00118	271.19	0	
-39.0533	-7.83499	315.827	0	
-40.0887	-6.48032	266.184	0	
-40.0077	-7.48742	291.256	0	
-37.5588	-5.21298	213.751	0	
-38.5472	-3.81584	193.86	0	
-45.2783	-9.05017	315.01	0	
-44.9016	-7.51241	276.422	0	
-47.0027	-8.53547	297.424	0	
-45.5898	-10.4539	357.735	0	
-44.2885	-9.35171	345.526	0	
-43.8036	-8.93405	315.159	0	
-43.8892	-7.03911	269.23	0	
-44.2087	-8.36872	309.513	0	
-42.9066	-8.83551	336.875	0	
-43.7078	-7.68404	280.627	0	
-42.2142	-9.48985	346.28	0	
-40.9857	-8.24664	308.536	0	
-43.0532	-7.61588	289.989	0	
-41.7566	-7.79252	300.325	0	
-8.7836	-0.382852	219.844	0	
-8.12247	-0.368067	222.039	0	
-8.4375	-0.183316	223.777	0	
-7.7418	-1.44766	215.109	0	
-7.73337	-0.962924	216.818	0	
-9.76037	-0.250939	216.29	0	
-9.48147	-0.450476	217.531	0	
-8.98113	-1.47589	213.828	0	
-8.44255	-0.916578	217.613	0	
-6.31349	-1.45594	208.746	0	
-7.47592	-0.374251	218.833	0	
-9.80011	-1.64666	210.473	0	
-7.89425	-3.06434	195.24	0	
-6.9445	-0.957315	214.119	0	
-6.95761	-0.1895	211.766	0	
-6.86189	-1.43597	214.295	0	
-5.03697	-0.478752	214.538	0	
-10.163	-0.402598	225.422	0	
-9.0961	-0.199537	219.564	0	
-10.8649	-0.862957	221.944	0	
-10.611	-0.151659	224.518	0	
-10.2612	-1.18491	217.246	0	
-9.79362	-1.17375	213.914	0	
-10.4223	-0.845275	219.644	0	
-10.6627	-2.56674	198.102	0	
-9.4847	-2.35566	203.214	0	
-11.2956	-1.14281	213.381	0	
-10.5008	-1.60212	209.97	0	
-10.5449	-3.03314	191.906	0	
-10.0199	-2.56018	197.753	0	
-10.6723	-3.58339	187.27	0	
-9.62224	-4.64471	180.124	0	
-10.07	-3.89763	184.646	0	
-8.22749	-4.13323	184.796	0	
-8.25281	-1.71386	209.435	0	
-8.37219	-2.31748	203.884	0	
-7.3515	-2.26876	203.503	0	
-7.88755	-2.57086	198.823	0	
-6.42804	-3.53207	190.205	0	
-6.32761	-2.56584	199.516	0	
-8.49362	-3.46378	188.12	0	
-8.58681	-4.85192	179.727	0	
-6.82868	-4.19076	185.775	0	
-3.93678	-4.30782	189.344	0	
-8.02258	-5.76845	179.87	0	
-6.82783	-5.65032	178.433	0	
-32.099	-0.53519	193.947	0	
-31.8924	-1.27697	192.092	0	
-33.0365	-0.783538	194.432	0	
-31.6269	-0.548463	196.551	0	
-32.7046	-1.09072	190.72	0	
-33.2219	-1.82897	187.151	0	
-32.724	-0.233592	193.205	0	
-31.8924	-1.64353	190.172	0	
-33.7836	-0.382852	193.952	0	
-33.4375	-0.183316	195.284	0	
-34.7604	-0.250939	202.325	0	
-34.4815	-0.450476	195.633	0	
-34.1012	-0.997684	193.203	0	
-33.9811	-1.47589	191.15	0	
-34.7315	-1.71458	191.083	0	
-33.3413	-2.4326	189.45	0	
-32.9049	-2.90733	190.832	0	
-32.3514	-1.94325	188.104	0	
-35.163	-0.402598	190.023	0	
-34.0961	-0.199537	198.571	0	
-35.8649	-0.862957	193.517	0	
-35.611	-0.151659	192.879	0	
-35.2612	-1.18491	192.188	0	
-34.7936	-1.17375	192.512	0	
-35.4223	-0.845275	194.824	0	
-35.9202	-2.64012	188.749	0	
-34.002	-2.43977	188.26	0	
-36.4835	-1.30373	193.104	0	
-35.5008	-1.60212	191.763	0	
-36.9525	-1.73578	191.75	0	
-36.1873	-2.21441	190.062	0	
-33.2316	-3.6239	199.456	0	
-31.1946	-3.58042	198.614	0	
-36.9615	-3.54935	191.532	0	
-35.1252	-3.60891	194.929	0	
-31.328	-2.00063	189.737	0	
-31.0388	-1.16326	192.545	0	
-32.023	-2.53823	189.86	0	
-29.1621	-2.02628	190.891	0	
-30.7243	-0.877314	191.25	0	
-31.4186	-0.246865	193.487	0	
-30.0399	-0.748879	192.748	0	
-31.0019	-0.246865	189.3	0	
-34.2241	-2.92619	192.413	0	
-30.3474	-0.198932	189.627	0	
-32.8817	-6.05735	266.419	0	
-35.0903	-5.25159	234.308	0	
-34.4776	-4.91144	213.627	0	
-35.7944	-3.98421	199.671	0	
-33.89	-3.63558	194.354	0	
-35.7996	-4.79624	218.75	0	
-34.5176	-4.08078	207.872	0	
-36.5247	-5.40168	241.465	0	
-33.3099	-6.88615	297.327	0	
-51.2739	-0.523768	196.577	0	
-50.6225	-0.368067	199.029	0	
-50.9375	-0.183316	198.079	0	
-50.3053	-0.920708	199.24	0	
-48.9636	-0.987721	196.207	0	
-50.2137	-1.3984	197.23	0	
-49.375	-0.358085	197.938	0	
-49.0625	-0.180444	197.217	0	
-49.9975	-0.362392	202.075	0	
-49.6829	-0.978483	198.703	0	
-49.375	-0.789602	197.935	0	
-48.5399	-0.708288	195.658	0	
-30.0349	-0.382247	199.07	0	
-29.3725	-0.368067	198.497	0	
-29.6875	-0.183316	197.86	0	
-29.0553	-0.920708	195.796	0	
-28.0465	-0.887752	193.366	0	
-30.4813	-1.93899	189.305	0	
-29.6926	-0.916578	196.032	0	
-29.0578	-1.28208	192.547	0	
-28.0465	-0.456235	195.695	0	
-29.6474	-2.86375	192.355	0	
-29.4024	-1.81537	190.615	0	
-29.357	-1.44947	192.55	0	
-28.814	-1.89771	190.794	0	
-27.734	-0.278594	193.103	0	
-28.7475	-0.362392	197.165	0	
-29.6746	-1.26997	191.835	0	
-29.7384	-1.92911	190.742	0	
-29.861	-2.26872	189.742	0	
-29.5885	-2.52906	191.805	0	
-28.9303	-2.60197	192.325	0	
-28.0898	-1.68949	192.319	0	
-30.2734	-2.38379	190.942	0	
-30.4004	-2.80639	189.951	0	
-29.2346	-3.21364	197.174	0	
-28.3636	-2.45223	191.517	0	
-27.9382	-3.11405	199.071	0	
-26.7872	-1.5379	193.346	0	
-28.0477	-2.1721	190.35	0	
-27.6517	-2.43948	192.647	0	
-30.8854	-3.01555	194.89	0	
-30.8832	-4.71762	216.576	0	
-29.4824	-3.77633	203.803	0	
-29.117	-4.36582	216.109	0	
-28.8804	-3.08055	193.261	0	
-28.5496	-3.26328	196.478	0	
-28.2621	-3.65084	207.807	0	
-27.8596	-3.52161	198.215	0	
-27.457	-3.69019	208.202	0	
-26.7775	-2.87351	194.263	0	
-27.3273	-4.26935	212.482	0	
-26.5982	-3.79962	210.36	0	
-27.611	-2.88245	193.596	0	
-27.1075	-3.08776	198.186	0	
-27.6387	-1.5364	191.53	0	
-27.3173	-0.5122	198.662	0	
-28.4329	-0.978483	194.934	0	
-31.36	-2.60123	187.566	0	
-31.8755	-3.65042	201.308	0	
-30.0451	-3.6326	198.965	0	
-30.7078	-3.97784	207.806	0	
-28.3726	-4.20462	212.153	0	
-27.9945	-5.48319	239.941	0	
-26.8242	-4.35633	216.787	0	
-26.5049	-5.63327	247.628	0	
-26.2405	-2.97213	196.905	0	
-26.4925	-2.22574	192.976	0	
-27.1885	-0.963082	195.097	0	
-27.6052	-1.16099	194.672	0	
-25.8396	-3.45854	201.057	0	
-25.1421	-2.61279	195.612	0	
-25.7547	-4.56811	222.323	0	
-26.3559	-4.87512	234.798	0	
-28.8062	-5.73813	258.174	0	
-27.8403	-4.65455	229.625	0	
-73.4375	-0.201058	200.869	0	
-72.3958	-0.421998	200.283	0	
-72.8125	-0.181481	199.512	0	
-73.125	-0.814055	199.286	0	
-72.6042	-0.853514	201.092	0	
-19.0625	-0.183316	212.331	0	
-18.6458	-0.416922	212.305	0	
-19.8958	-1.01391	200.771	0	
-19.375	-0.83059	211.336	0	
-18.8542	-0.848439	207.387	0	
103.757	-0.731718	176.866	0	
106.551	-1.05211	186.007	0	
-21.25	-0.36376	206.685	0	
105.833	-0.301598	169.309	0	
-20.6239	-0.368884	206.602	0	
-20.9375	-0.183316	205.189	0	
-19.9989	-0.401327	201.683	0	
-20.3114	-0.185568	204.791	0	
-22.1875	-0.180456	207.317	0	
-21.875	-0.360901	206.149	0	
-21.5652	-1.28335	201.078	0	
-20.9375	-0.913707	204.658	0	
-22.4861	-0.352798	202.611	0	
-21.5625	-0.180445	206.465	0	
-22.2566	-0.907079	202.062	0	
-21.9079	-1.53447	199.346	0	
-21.2465	-1.88463	198.531	0	
-20.7673	-2.00954	198.284	0	
-22.7985	-0.172342	201.33	0	
-23.6705	-0.775643	202.416	0	
-20.5535	-1.61967	198.502	0	
-23.111	-0.347246	200.974	0	
87.4664	-0.382852	209.552	0	
88.1275	-0.368067	197.322	0	
87.8125	-0.183316	192.634	0	
88.5082	-1.44766	199.806	0	
88.5166	-0.962924	200.539	0	
86.494	-0.25226	221.659	0	
86.0773	-0.25226	206.096	0	
87.2689	-1.47589	206.716	0	
87.8074	-0.916578	204.536	0	
89.9067	-1.69852	198.485	0	
88.7741	-0.374251	200.599	0	
86.5077	-1.68983	206.929	0	
88.3558	-3.06434	198.969	0	
89.3055	-0.957315	201.485	0	
89.2924	-0.1895	211.239	0	
89.3881	-1.43597	199.424	0	
90.625	-0.800174	189.355	0	
86.7729	-0.883313	214.727	0	
87.1539	-0.199537	222.114	0	
86.7729	-0.451797	210.652	0	
86.0911	-1.92647	203.028	0	
86.4497	-1.16865	205.317	0	
85.9616	-2.49644	200.638	0	
87.2482	-2.42144	202.024	0	
87.9972	-1.71386	202.356	0	
87.8778	-2.31748	200.253	0	
85.3096	-2.61733	201.939	0	
86.1146	-3.89224	200.149	0	
88.8985	-2.26876	198.592	0	
88.3624	-2.57086	199.992	0	
89.822	-3.53207	199.027	0	
90.3093	-2.57177	197.966	0	
87.7743	-3.53811	199.298	0	
88.0404	-4.20756	200.903	0	
89.4213	-4.19076	197.462	0	
92.3468	-4.27712	196.083	0	
87.1514	-3.14859	198.833	0	
86.0743	-4.66964	201.213	0	
88.2274	-5.76845	206.43	0	
89.3404	-5.69803	200.156	0	
85.0879	-2.07513	202.117	0	
84.1405	-3.23606	202.097	0	
78.8911	-0.463959	240.053	0	
79.6505	-0.895475	226.572	0	
78.2661	-0.298492	212.021	0	
78.4662	-1.30599	220.542	0	
79.8585	-1.28054	219.038	0	
81.5602	-0.903557	218.678	0	
-6.20932	-0.558629	215.287	0	
-5.9375	-0.202357	217.17	0	
-4.9328	-1.39816	210.405	0	
-3.78405	-0.746867	211.142	0	
-5.2453	-0.910268	214.053	0	
-5.625	-0.382617	216.89	0	
-5.625	-0.814133	216.414	0	
81.2206	-0.377855	220.001	0	
81.875	-0.360901	223.218	0	
81.5625	-0.180445	224.697	0	
82.1876	-0.902258	215.768	0	
83.1326	-0.734678	210.026	0	
80.6997	-0.197411	214.076	0	
80.6898	-1.32887	214.142	0	
82.1875	-1.27911	213.647	0	
83.1326	-0.368047	206.499	0	
80.7646	-0.858125	217.504	0	
81.875	-1.46018	212.68	0	
81.5601	-1.26509	215.323	0	
82.509	-1.88478	208.254	0	
83.4451	-0.187647	210.965	0	
82.5	-0.360855	215.035	0	
81.1435	-1.57236	214.661	0	
81.1372	-1.92298	210.027	0	
83.0692	-2.62471	203.986	0	
82.8751	-2.12843	204.552	0	
83.4489	-0.928997	208.781	0	
84.4504	-0.878194	217.885	0	
81.124	-2.6759	207.222	0	
83.7663	-2.76254	200.778	0	
84.0047	-1.43797	210.421	0	
83.2862	-1.56932	206.808	0	
84.4504	-0.446678	209.637	0	
82.5001	-0.721768	215.546	0	
82.8125	-0.907943	210.62	0	
80.853	-2.39183	208.708	0	
81.4984	-2.40506	207.193	0	
82.1266	-3.99908	204.827	0	
82.6668	-2.91987	201.726	0	
83.9129	-2.32704	203.722	0	
84.5054	-2.03872	204.858	0	
84.7629	-0.274425	239.204	0	
83.7576	-0.3599	209.54	0	
80.2111	-2.01637	212.473	0	
80.3337	-3.36324	208.539	0	
81.1238	-3.1516	206.741	0	
81.7833	-2.78834	205.656	0	
84.7841	-1.21858	210.264	0	
85.3879	-0.576024	209.079	0	
84.0663	-0.978487	209.869	0	
80.743	-3.51475	207.054	0	
81.5895	-3.70654	206.129	0	
84.4387	-1.5759	205.833	0	
85.6018	-1.66567	203.569	0	
80.2383	-2.84555	208.937	0	
80.1738	-4.53272	211.468	0	
81.3607	-4.98067	210.463	0	
83.9051	-4.45008	204.59	0	
79.0642	-3.2276	210.528	0	
78.8274	-3.77319	211.138	0	
79.168	-2.38545	212.759	0	
77.9638	-2.7018	211.369	0	
76.1872	-4.86337	218.379	0	
78.3639	-5.16903	217.432	0	
77.0948	-5.3495	218.9	0	
79.0227	-4.87537	215.788	0	
77.7985	-6.14636	224.427	0	
79.2943	-6.12557	222.042	0	
79.4163	-5.29858	217.092	0	
82.8481	-5.40975	212.563	0	
76.7809	-1.64359	218.877	0	
76.5389	-3.76163	213.021	0	
77.7999	-6.7024	225.697	0	
81.1742	-5.59973	215.413	0	
80.4633	-5.59144	217.921	0	
82.2879	-6.41975	215.282	0	
78.4551	-8.03028	234.783	0	
80.4275	-6.91127	227.234	0	
79.9912	-6.30564	220.559	0	
81.3463	-6.42575	219.148	0	
93.7572	-0.731718	185.863	0	
96.5506	-1.05211	190.205	0	
-3.77957	-0.380562	209.646	0	
95.8333	-0.301598	177.106	0	
-3.12247	-0.368067	211.719	0	
-3.4375	-0.183316	212.18	0	
-2.80534	-0.920708	209.831	0	
-1.79818	-0.887995	204.276	0	
-4.3004	-0.197247	207.349	0	
-4.31228	-1.33295	210.56	0	
-2.80924	-1.39588	209.215	0	
-1.79818	-0.456479	207.213	0	
-4.23768	-0.862043	209.713	0	
-3.12893	-1.59524	208.004	0	
-3.44453	-1.30162	209.216	0	
-2.48261	-2.39644	202.776	0	
-1.48568	-0.278838	202.045	0	
-2.49747	-0.362392	211.865	0	
-3.86119	-1.60315	207.509	0	
-2.997	-2.45625	203.938	0	
-3.74256	-2.06291	206.162	0	
-3.691	-2.86276	200.79	0	
-1.46703	-1.22734	206.846	0	
-1.06902	-0.580436	207.898	0	
-2.18287	-0.978483	208.87	0	
-3.68143	-3.87262	194.27	0	
-3.17157	-3.95344	193.064	0	
-2.18533	-1.8577	207.325	0	
-0.814675	-1.48674	206.294	0	
-4.97142	-2.64133	202.479	0	
-3.96913	-3.25278	195.79	0	
-4.71302	-3.5984	192.037	0	
-3.82012	-5.14729	186.526	0	
-2.43002	-3.38353	197.182	0	
-1.22779	-1.9514	204.967	0	
-5.44415	-3.30814	194.277	0	
-4.44224	-3.20982	198.446	0	
-2.67782	-5.01961	188.541	0	
-2.80802	-4.43487	192.597	0	
-6.27398	-4.73818	181.956	0	
-4.49527	-4.07655	190.823	0	
-3.17372	-5.49427	184.066	0	
-5.37336	-4.42428	187.769	0	
-4.86262	-4.62398	186.807	0	
-4.49897	-5.35374	184.967	0	
-1.94315	-6.73557	181.99	0	
0.472416	-2.82426	200.843	0	
-1.88075	-5.14972	189.306	0	
-1.43341	-2.55079	201.733	0	
-4.95365	-6.11907	178.918	0	
-3.63483	-7.5682	177.823	0	
1.25836	-3.92741	196.625	0	
-1.71045	-4.38445	193.208	0	
65.401	-0.53519	209.929	0	
66.5574	-0.916592	218.832	0	
64.4635	-0.783538	216.117	0	
65.8333	-0.301598	219.339	0	
64.7954	-1.09072	210.328	0	
64.2781	-1.82897	208.415	0	
64.776	-0.233592	215.746	0	
65.4361	-1.46025	211.117	0	
63.7164	-0.382852	216.235	0	
64.0625	-0.183316	219.08	0	
62.744	-0.25226	222.478	0	
62.3273	-0.25226	202.406	0	
63.3988	-0.997684	212.386	0	
63.5189	-1.47589	211.181	0	
62.7577	-1.68983	209.945	0	
64.1587	-2.4326	210.225	0	
64.5543	-2.85278	210.559	0	
65.1486	-1.94325	210.833	0	
63.0229	-0.883313	216.279	0	
63.4039	-0.199537	220.941	0	
63.0229	-0.451797	211.852	0	
62.3411	-1.92647	207.9	0	
62.6997	-1.16865	209.738	0	
62.2119	-2.49552	209.468	0	
63.4982	-2.42144	209.067	0	
64.1991	-3.87744	213.094	0	
65.4256	-3.37419	212.706	0	
61.5599	-2.61635	207.943	0	
62.8602	-4.05063	211.655	0	
63.2791	-2.86653	210.203	0	
65.0844	-3.80241	213.305	0	
65.9692	-3.45591	213.668	0	
66.2567	-2.94581	212.389	0	
63.922	-5.37973	213.58	0	
64.4169	-4.7973	215.104	0	
66.2545	-4.18719	216.16	0	
66.9714	-4.31115	216.168	0	
67.0322	-2.40217	212.641	0	
66.1382	-1.59745	213.365	0	
64.9801	-6.56736	214.31	0	
68.4733	-4.8539	221.229	0	
65.3044	-4.36245	215.573	0	
66.0202	-5.47352	218.864	0	
67.6552	-2.47789	214.286	0	
67.6716	-1.44807	216.698	0	
67.4632	-5.12364	218.866	0	
68.5008	-3.34052	215.99	0	
64.9861	-4.95778	216.171	0	
65.369	-5.65089	212.947	0	
67.7884	-3.24942	213.488	0	
68.9333	-3.92313	214.974	0	
61.3378	-2.07508	209.059	0	
60.3899	-3.2348	209.768	0	
62.2414	-3.60706	212.141	0	
63.6307	-3.59058	212.227	0	
64.1023	-6.45668	212.82	0	
65.5789	-8.54723	204.337	0	
69.8423	-3.67475	216.708	0	
69.0339	-2.58992	213.866	0	
70.3164	-4.16711	215.939	0	
71.7114	-2.40617	216.204	0	
69.1336	-5.4672	218.091	0	
71.4775	-4.6558	217.77	0	
70.1768	-1.9	218.363	0	
69.7585	-2.52984	215.689	0	
69.8874	-7.93477	220.02	0	
71.1511	-5.23083	221.337	0	
72.1616	-4.65084	218.874	0	
72.7021	-2.73117	215.513	0	
70.3958	-6.28487	223.456	0	
71.112	-6.44287	221.375	0	
72.4907	-5.21221	220.22	0	
74.3483	-3.68497	215.039	0	
72.5578	-4.20529	217.084	0	
73.6653	-3.94519	215.759	0	
68.89	-6.60109	223.011	0	
69.758	-6.93356	215.937	0	
73.4289	-7.03988	226.197	0	
72.5134	-6.47401	224.5	0	
72.1774	-5.85352	222.728	0	
73.4289	-5.84051	224.191	0	
74.6632	-5.80571	223.731	0	
74.559	-4.90063	218.88	0	
74.5076	-6.16582	224.898	0	
76.49	-6.2406	225.836	0	
75.4826	-5.00048	220.022	0	
74.8133	-4.06855	215.609	0	
75.7286	-2.7052	213.622	0	
74.6281	-4.31724	216.373	0	
76.6812	-5.19057	220.208	0	
75.1361	-4.10724	215.355	0	
74.286	-1.87789	220.285	0	
73.7152	-2.87887	213.706	0	
77.4154	-4.77051	216.55	0	
76.1896	-3.49743	213.066	0	
3.70074e-17	-0.467065	202.587	0	
1.14078	-0.715414	203.507	0	
2.90098	-0.53519	200.082	0	
3.53329	-1.03853	200.156	0	
1.96348	-0.783538	204.301	0	
3.36904	-0.553653	198.92	0	
2.29544	-1.09072	201.073	0	
1.77806	-1.82897	201.531	0	
2.27598	-0.233592	207.325	0	
3.10039	-1.64353	200.136	0	
1.14583	-0.348783	200.019	0	
1.5625	-0.183316	204.353	0	
1.01887	-1.47589	202.713	0	
1.55745	-0.916578	201.663	0	
0.0946079	-1.81609	204.511	0	
1.65867	-2.4326	200.497	0	
2.25665	-2.97021	198.643	0	
2.6486	-1.94325	200.134	0	
-0.93976	-2.92211	201.35	0	
0.999143	-2.36442	201.161	0	
-1.03684	-3.94113	195.833	0	
0.20613	-5.05196	191.45	0	
57.3885	-0.330187	201.583	0	
58.125	-0.360901	207.47	0	
57.8125	-0.180445	206.496	0	
58.4376	-0.902258	206.884	0	
59.3826	-0.734678	206.776	0	
58.4375	-1.27911	206.157	0	
59.3826	-0.368047	206.977	0	
57.6653	-1.29991	204.229	0	
58.759	-1.88478	206.84	0	
59.6951	-0.187647	204.786	0	
58.75	-0.360855	208.311	0	
57.2486	-1.60717	204.252	0	
57.7343	-2.06733	206.271	0	
58.8731	-2.56804	208.54	0	
59.1251	-2.12843	207.217	0	
59.6989	-0.928997	207.736	0	
60.7004	-0.878194	215.083	0	
57.9752	-2.78665	208.627	0	
60.0163	-2.76248	209.313	0	
60.2547	-1.43797	209.595	0	
59.5362	-1.56932	207.151	0	
60.7004	-0.446678	212.139	0	
58.7501	-0.721768	206.896	0	
59.0625	-0.907943	207.173	0	
56.5186	-1.95567	204.968	0	
57.6735	-2.53729	207.225	0	
57.8551	-3.46742	211.537	0	
58.9325	-3.45865	211.576	0	
60.1629	-2.32699	208.265	0	
60.7554	-2.03866	207.905	0	
61.0129	-0.274425	221.765	0	
60.0076	-0.3599	207.593	0	
56.5755	-3.14394	209.388	0	
57.2813	-2.68786	207.599	0	
55.927	-2.3773	206.509	0	
56.5232	-2.6837	208.557	0	
61.0341	-1.21858	210.226	0	
61.6379	-0.576024	208.18	0	
60.3163	-0.978487	209.441	0	
60.6887	-1.5759	209.639	0	
61.8518	-1.66567	209.545	0	
6.25	-0.36376	195.426	0	
6.87753	-0.368067	198.362	0	
6.5625	-0.183316	195.243	0	
7.19466	-0.920708	199.056	0	
8.20182	-0.887995	192.74	0	
5.31248	-0.180456	193.359	0	
5.62498	-0.360901	195.204	0	
5.93479	-1.28335	196.965	0	
6.5625	-0.913707	197.689	0	
6.56	-1.27666	197.39	0	
8.20182	-0.456479	196.902	0	
4.96662	-0.380108	199.839	0	
5.9375	-0.180445	193.472	0	
4.96364	-0.742721	198.941	0	
5.3095	-0.903958	198.488	0	
6.65717	-1.97917	198.67	0	
6.86812	-2.50014	199.945	0	
7.60447	-2.10871	200.024	0	
8.51432	-0.278838	188.972	0	
7.50253	-0.362392	202.148	0	
3.99404	-0.252055	202.385	0	
3.57737	-0.252055	199.008	0	
4.67997	-2.06779	199.533	0	
5.90312	-2.06434	199.005	0	
6.23939	-1.86147	198.438	0	
6.87092	-1.5893	199.026	0	
7.44316	-2.61432	198.709	0	
7.9865	-2.09548	197.852	0	
4.65116	-0.993781	199.489	0	
5.23599	-1.30046	198.071	0	
5.17477	-2.11605	198.93	0	
5.46385	-3.26944	198.235	0	
7.75176	-3.14016	200.197	0	
8.04188	-1.6563	199.429	0	
4.50957	-1.70934	199.265	0	
5.80488	-2.83371	199.203	0	
5.85662	-4.0201	197.465	0	
6.42567	-2.9351	198.676	0	
8.37645	-2.439	199.638	0	
8.51522	-1.20629	197.33	0	
4.01819	-1.61726	200.203	0	
3.56518	-2.32299	199.269	0	
4.88654	-2.71528	198.798	0	
5.42736	-3.72546	197.374	0	
4.99471	-3.11756	198.021	0	
4.61525	-3.46142	197.624	0	
4.04792	-3.22314	197.558	0	
3.89479	-4.65548	195.5	0	
8.40218	-1.59061	196.108	0	
8.93098	-0.580436	197.775	0	
7.81713	-0.978483	198.63	0	
4.27318	-0.883223	201.195	0	
4.65414	-0.199652	202.97	0	
4.27318	-0.451707	200.252	0	
8.30302	-2.97808	198.264	0	
10.1866	-2.52835	199.177	0	
8.81885	-1.82725	197.707	0	
9.16757	-1.46569	196.468	0	
3.60152	-1.8539	199.518	0	
3.94996	-1.16845	199.65	0	
7.26496	-3.75636	197.918	0	
7.5987	-4.26828	199.718	0	
2.96538	-2.40672	199.317	0	
3.56217	-3.47901	197.633	0	
9.20418	-3.1769	198.122	0	
9.95473	-3.94918	199.29	0	
10.1997	-3.03583	197.747	0	
9.67114	-3.44844	199.435	0	
11.0683	-4.14511	200.136	0	
11.5713	-3.37723	200.003	0	
10.9924	-4.70576	198.123	0	
11.965	-4.76151	198.23	0	
12.4727	-3.94878	197.379	0	
11.4992	-2.29349	195.598	0	
9.73477	-4.50204	198.336	0	
12.6356	-6.76994	200.294	0	
12.4485	-5.19459	200.106	0	
13.4779	-4.11041	197.615	0	
13.0245	-2.60712	199.067	0	
11.9974	-2.57202	199.572	0	
12.9703	-4.32926	200.164	0	
12.9855	-3.15431	196.698	0	
13.5057	-2.36489	196.548	0	
12.8714	-1.42788	195.536	0	
13.9915	-4.44524	200.082	0	
14.8676	-2.66741	198.778	0	
13.9796	-3.24649	196.965	0	
14.3877	-1.86924	197.981	0	
14.5645	-3.63422	199.399	0	
15.7046	-2.45706	198.131	0	
5.11618	-5.10343	195.603	0	
7.33573	-4.88766	196.455	0	
5.3825	-6.52458	191.175	0	
4.5861	-4.45039	194.33	0	
7.96897	-5.35769	198.144	0	
8.7233	-5.26561	197.199	0	
8.93704	-4.63797	199.528	0	
9.91343	-5.71048	197.804	0	
10.1346	-6.45447	197.888	0	
8.83836	-7.12398	194.998	0	
14.02	-5.07006	199.297	0	
14.6806	-5.18745	200.388	0	
12.9741	-5.0229	198.436	0	
13.7489	-6.08789	200.256	0	
15.7408	-5.83191	202.774	0	
16.2595	-4.47606	201.623	0	
7.57999	-6.60506	194.928	0	
9.08116	-5.89739	197.808	0	
12.0975	-6.01303	199.385	0	
13.5686	-6.70638	200.098	0	
14.2237	-7.46159	201.276	0	
14.4594	-6.21612	201.14	0	
15.3888	-7.22688	203.227	0	
19.7211	-6.92319	207.165	0	
6.53181	-5.27124	196.309	0	
9.06282	-8.4905	193.935	0	
13.2663	-8.46129	199.408	0	
15.7366	-8.12318	201.108	0	
7.97669	-6.09619	195.499	0	
7.94771	-7.71191	192.706	0	
7.34971	-8.44912	190.45	0	
7.54252	-9.61995	188.136	0	
9.34501	-9.29434	191.306	0	
9.51629	-7.27986	196.264	0	
10.4998	-9.4626	193.396	0	
10.853	-6.56269	198.403	0	
9.67057	-8.03557	194.498	0	
10.9491	-8.79933	194.515	0	
10.9375	-0.183316	189.882	0	
9.89583	-0.517356	201.183	0	
9.8839	-0.922193	192.994	0	
10.625	-0.83059	190.986	0	
11.4529	-1.7956	198.64	0	
11.0023	-1.06873	195.922	0	
12.7902	-0.926407	197.282	0	
9.5714	-1.37459	195.33	0	
9.84752	-1.7422	197.366	0	
9.76995	-2.27984	196.528	0	
11.9175	-1.49851	194.451	0	
10.6225	-2.25942	195.793	0	
11.0825	-2.542	199.484	0	
11.419	-0.876848	190.474	0	
11.0362	-1.55896	193.385	0	
13.44	-0.184751	192.783	0	
14.6505	-0.895475	196.634	0	
14.7956	-1.45788	196.216	0	
16.0669	-0.848799	195.215	0	
17.1875	-0.183316	192.572	0	
16.2206	-0.413249	194.095	0	
15.6132	-0.931533	196.193	0	
16.875	-0.83059	194.603	0	
17.1702	-1.60778	197.051	0	
17.2146	-1.117	196.947	0	
19.0413	-0.91448	196.028	0	
15.6998	-0.197491	197.327	0	
15.5384	-1.4022	196.659	0	
15.917	-1.70486	197.143	0	
16.4087	-1.08282	195.41	0	
16.0402	-2.11305	196.594	0	
16.5166	-2.11898	197.251	0	
15.2553	-2.3412	196.506	0	
15.9028	-2.99344	196.959	0	
17.1759	-2.43817	198.325	0	
17.4113	-2.02368	197.265	0	
15.0101	-3.29753	197.122	0	
15.5961	-3.5077	199.268	0	
15.6468	-4.27649	198.166	0	
16.9406	-3.98001	198.614	0	
16.8735	-3.33911	199.447	0	
17.9374	-3.09271	199.96	0	
18.1309	-1.54346	197.676	0	
17.6312	-0.925124	196.85	0	
17.8561	-4.19733	202.332	0	
18.3933	-3.66714	199.395	0	
19.5429	-4.07155	201.572	0	
19.5953	-2.09398	199.849	0	
15.2123	-1.69452	198.347	0	
14.4166	-2.43209	196.458	0	
20	-0.36376	203.09	0	
20.6275	-0.368067	203.409	0	
20.3125	-0.183316	205.219	0	
20.9447	-0.920708	201.235	0	
22.1875	-0.180444	196.272	0	
19.0625	-0.180456	192.307	0	
19.375	-0.360901	194.301	0	
19.6848	-1.28335	198.057	0	
20.3125	-0.913707	201.815	0	
20.31	-1.27666	200.188	0	
21.875	-0.358085	197.537	0	
18.6458	-0.420092	193.623	0	
19.6875	-0.180445	190.565	0	
18.6246	-0.793227	195.505	0	
19.0399	-1.27398	196.962	0	
20.4072	-1.97917	200.613	0	
20.6181	-2.50014	199.235	0	
22.5374	-2.29197	201.396	0	
22.6412	-0.913152	205.52	0	
21.2525	-0.362392	199.377	0	
18.1309	-1.11494	197.657	0	
18.7687	-1.98688	198.429	0	
19.3709	-1.45954	198.925	0	
18.6452	-2.4743	199.015	0	
19.9894	-1.86147	199.274	0	
20.6209	-1.5893	200.086	0	
21.3341	-2.07976	199.769	0	
21.709	-2.05821	200.993	0	
18.6232	-1.58124	198.562	0	
19.2869	-1.87742	198.583	0	
21.1728	-2.58536	200.723	0	
21.4413	-3.01934	200.333	0	
22.0449	-2.46554	200.136	0	
22.5978	-1.80768	200.804	0	
23.1121	-1.60597	203.957	0	
22.6042	-0.428472	203.155	0	
21.5671	-0.978483	199.849	0	
21.875	-0.789602	199.607	0	
22.2245	-1.09664	201.423	0	
19.0903	-3.49074	200.539	0	
20.1796	-2.86525	200.86	0	
21.28	-3.62641	201.751	0	
22.3192	-3.40861	201.369	0	
20.2002	-3.71692	200.751	0	
21.4605	-4.96117	205.071	0	
19.2751	-4.99071	204.067	0	
20.7536	-4.89291	203.754	0	
21.7418	-5.57799	206.842	0	
22.5899	-5.71771	207.685	0	
150.625	-0.165467	217.325	0	
150.141	-0.463959	223.098	0	
149.292	-0.1895	227.524	0	
149.793	-1.69557	218.996	0	
147.466	-0.382852	231.181	0	
148.128	-0.368067	226.052	0	
147.812	-0.183316	221.575	0	
148.508	-1.44766	222.091	0	
148.851	-0.785793	223.712	0	
146.946	-0.199537	246.853	0	
146.077	-0.25226	236.318	0	
147.269	-1.47589	227.164	0	
147.807	-0.916578	227.624	0	
149.384	-1.37819	220.456	0	
148.774	-0.374251	226.313	0	
146.508	-1.68983	227.928	0	
148.356	-3.06287	214.362	0	
149.302	-0.899534	225.139	0	
149.642	-0.487991	223.372	0	
146.773	-0.883313	238.335	0	
146.565	-0.451797	241.178	0	
146.091	-1.92647	223.203	0	
146.45	-1.16865	230.675	0	
144.888	-2.05291	219.224	0	
147.248	-2.42144	218.655	0	
147.997	-1.71386	222.819	0	
147.878	-2.31748	218.83	0	
146.805	-4.97809	210.808	0	
147.683	-4.92318	208.97	0	
148.898	-2.26829	217.067	0	
148.362	-2.57039	217.559	0	
149.78	-3.4914	210.811	0	
150.232	-2.66533	212.917	0	
147.776	-3.53691	213.096	0	
148.042	-4.20453	210.41	0	
149.124	-4.39842	208.302	0	
150.823	-3.68045	207.243	0	
150.669	-2.37708	211.721	0	
150.209	-1.45893	217.658	0	
147.153	-3.14839	213.323	0	
146.22	-4.30262	209.337	0	
148.551	-5.54099	206.634	0	
149.704	-4.05966	208.811	0	
151.165	-2.6043	208.159	0	
151.202	-1.48108	212.454	0	
151.285	-3.33747	205.651	0	
152.198	-3.44522	195.326	0	
149.299	-5.20556	208.279	0	
150.794	-4.36795	203.196	0	
149.982	-5.21465	204.854	0	
154.481	-5.86644	173.805	0	
150.833	-5.66003	198.083	0	
149.565	-8.30439	198.881	0	
141.667	-0.301598	234.187	0	
141.25	-0.467065	233.335	0	
46.1418	-0.348152	215.977	0	
142.083	-0.301598	231.815	0	
46.8775	-0.368067	216.049	0	
46.5625	-0.183316	220.862	0	
47.1947	-0.920708	213.444	0	
48.2018	-0.887995	213.844	0	
47.2635	-1.34539	214.227	0	
48.2018	-0.456479	210.336	0	
48.5143	-0.278838	214.771	0	
47.5025	-0.362392	211.706	0	
48.533	-1.22734	208.865	0	
48.931	-0.580436	208.264	0	
47.8171	-0.978483	211.373	0	
48.3819	-1.67287	211.418	0	
49.3568	-1.67001	210.821	0	
123.125	-0.240555	219.994	0	
124.375	-0.360901	196.778	0	
124.062	-0.180445	198.255	0	
124.688	-0.902258	202.048	0	
125.633	-0.734678	210.786	0	
120.625	-0.233607	206.755	0	
124.042	-0.914235	200.583	0	
124.688	-1.27911	201.694	0	
125.633	-0.368047	211.397	0	
123.302	-1.06781	201.388	0	
124.668	-2.05376	200.262	0	
124.04	-1.2764	200.974	0	
125.009	-1.88478	201.836	0	
125.945	-0.187647	212.135	0	
125	-0.360855	206.052	0	
122.907	-1.03246	201.625	0	
122.682	-1.37074	201.781	0	
123.613	-1.36986	201.648	0	
124.039	-1.99678	200.331	0	
125.486	-2.00548	201.879	0	
125.7	-1.6156	203.094	0	
125.949	-0.928997	206.572	0	
126.324	-0.748059	206.623	0	
122.276	-1.3479	198.562	0	
123.625	-1.7112	200.365	0	
124.543	-2.55815	199.354	0	
126.002	-1.41936	205.77	0	
126.629	-0.991928	206.736	0	
125	-0.721768	204.548	0	
125.313	-0.907943	206.033	0	
121.562	-0.215758	190.729	0	
122.605	-0.747092	201.595	0	
122.033	-1.68444	200.871	0	
122.259	-2.07434	198.48	0	
123.376	-2.28268	199.631	0	
124.007	-2.35252	199.357	0	
127.047	-0.885832	204.036	0	
126.833	-0.185694	196.29	0	
122.709	-2.0684	200.587	0	
123.637	-2.89055	198.667	0	
123.656	-2.51287	199.159	0	
123.323	-3.11437	198.707	0	
123.372	-3.51026	198.151	0	
123.982	-3.05195	198.777	0	
123.03	-3.7768	198.493	0	
123.096	-4.24112	198.283	0	
122.611	-3.08126	198.772	0	
122.65	-4.49721	198.795	0	
124.316	-5.51418	201.466	0	
123.721	-4.70618	199.406	0	
121.131	-0.973484	196.314	0	
121.875	-0.384747	193.527	0	
121.875	-0.816264	193.029	0	
121.618	-1.62973	197.292	0	
121.391	-2.02292	200.928	0	
122.228	-2.87575	198.328	0	
122.985	-2.38986	199.214	0	
127.505	-1.36829	203.808	0	
127.855	-0.567113	205.727	0	
121.789	-3.24205	198.198	0	
122.33	-4.0484	198.281	0	
120	-0.399074	190.328	0	
121.008	-2.01698	197.33	0	
121.548	-1.17139	199.259	0	
120.819	-1.42588	200.187	0	
120.707	-2.48291	200.307	0	
120.91	-3.00245	196.814	0	
121.434	-2.92907	199.524	0	
120.877	-4.03117	196.058	0	
119.891	-1.84103	199.253	0	
119.784	-2.76993	199.59	0	
123.42	-5.33149	200.313	0	
123.741	-5.81	202.24	0	
122.79	-5.18592	198.906	0	
121.537	-5.12022	198.495	0	
123.633	-6.60325	203.609	0	
124.71	-6.52313	203.974	0	
119.753	-4.55876	194.678	0	
122.189	-5.65318	199.845	0	
119.541	-6.02434	195.353	0	
120.495	-6.24217	199.617	0	
120.826	-5.35438	196.473	0	
121.122	-7.1267	200.011	0	
118.919	-1.48446	195.38	0	
119.222	-2.4635	196.734	0	
117.824	-1.29981	196.187	0	
118.81	-2.78938	199.05	0	
117.759	-3.66115	194.636	0	
119.989	-3.35784	195.682	0	
119.173	-5.06541	197.869	0	
119.559	-3.81086	198.999	0	
124.177	-6.94109	206.42	0	
125.91	-6.15332	204.124	0	
124.345	-7.87062	205.948	0	
125.842	-7.46785	206.422	0	
125.458	-6.7024	209.461	0	
125.262	-8.21813	214.132	0	
123.391	-8.1566	208.51	0	
123.325	-12.9856	212.765	0	
68.125	-0.165467	226.559	0	
67.19	-0.184751	217.173	0	
68.8172	-1.39816	218.484	0	
69.9424	-1.38607	219.757	0	
91.6667	-0.239636	191.421	0	
93.1275	-0.368067	184.886	0	
92.8125	-0.183316	182.372	0	
93.4447	-0.920708	189.585	0	
94.4518	-0.887995	189.358	0	
91.0261	-1.34021	193.721	0	
92.7902	-0.926407	193.575	0	
93.4408	-1.39588	190.339	0	
94.4518	-0.456479	192.696	0	
92.0467	-1.06999	194.531	0	
93.1209	-1.59532	194.188	0	
92.7874	-1.31186	192.354	0	
93.7674	-2.39644	192.126	0	
94.7643	-0.278838	191.193	0	
93.7525	-0.362392	186.257	0	
91.6513	-1.0268	194.141	0	
91.4284	-1.36259	193.811	0	
92.3564	-1.39912	195.933	0	
93.2531	-2.45624	195.533	0	
91.3542	-0.405937	189.306	0	
90.249	-0.990146	194.736	0	
90.789	-1.68103	195.041	0	
91.0126	-2.06752	196.239	0	
92.5073	-2.06298	196.265	0	
91.7378	-2.42555	196.652	0	
90.0407	-0.558629	194.536	0	
90.3125	-0.202357	181.933	0	
94.783	-1.22734	194.176	0	
95.181	-0.580436	206.3	0	
94.0671	-0.978483	191.304	0	
90.3234	-1.46188	195.436	0	
89.8926	-2.32327	197.01	0	
91.0607	-2.82935	196.943	0	
91.5332	-2.85209	195.408	0	
92.5686	-3.87259	195.971	0	
93.0784	-3.95338	194.432	0	
90.9364	-0.931081	192.012	0	
90.9375	-0.166301	186.329	0	
90.625	-0.368657	188.904	0	
94.0647	-1.8577	193.909	0	
95.4353	-1.48674	191.905	0	
90.7811	-3.34632	197.114	0	
91.0077	-3.81039	196.885	0	
92.2685	-3.25494	194.894	0	
92.5468	-2.86492	196.237	0	
91.5248	-3.69151	196.47	0	
91.9414	-4.99622	198.595	0	
93.82	-3.38352	193.023	0	
95.0222	-1.9514	191.342	0	
90.8344	-4.80916	197.693	0	
91.801	-4.10081	197.158	0	
93.5722	-5.01956	195.31	0	
93.442	-4.4348	195.064	0	
89.8942	-4.7859	202.237	0	
92.0833	-0.239636	206.453	0	
91.7862	-5.5558	198.636	0	
91.0491	-4.37866	198.699	0	
91.5935	-4.54768	196.765	0	
94.0595	-6.70581	196.755	0	
96.3463	-3.35566	194.656	0	
94.3694	-5.14975	193.66	0	
94.8604	-2.98784	191.843	0	
90.9699	-6.17479	202.304	0	
91.2235	-5.53777	201.116	0	
97.4852	-3.9137	194.97	0	
94.5397	-4.38449	193.047	0	
92.1497	-6.86814	201.967	0	
92.4605	-4.8903	196.391	0	
92.3266	-6.18994	200.92	0	
93.0733	-5.26796	197.816	0	
91.3558	-6.87104	206.095	0	
94.8353	-6.09596	197.594	0	
69.5257	-0.286396	234.772	0	
71.1408	-0.715414	235.026	0	
69.3846	-1.25304	226.445	0	
70.3591	-0.88338	228.5	0	
76.875	-0.165467	242.286	0	
75.94	-0.184751	227.431	0	
77.1302	-1.57878	220.187	0	
77.9042	-0.596984	224.634	0	
75	-0.36376	225.869	0	
75.6275	-0.368067	225.556	0	
75.3125	-0.183316	222.447	0	
75.9447	-0.920708	227.115	0	
76.3567	-0.350218	233.875	0	
74.0625	-0.180456	237.301	0	
74.375	-0.360901	235.629	0	
74.6848	-1.28335	224.904	0	
75.3125	-0.913707	224.78	0	
75.31	-1.27666	221.879	0	
76.6713	-0.966309	226.227	0	
73.125	-0.240517	231.32	0	
74.6875	-0.180445	239.385	0	
73.9957	-1.2956	226.583	0	
74.3099	-1.49081	222.527	0	
75.4072	-1.97917	217.316	0	
75.4105	-2.39448	214.089	0	
77.4917	-2.28048	213.607	0	
72.19	-0.184751	238.761	0	
73.579	-1.60286	222.363	0	
74.058	-0.904829	230.79	0	
73.9514	-2.08993	217.446	0	
74.9894	-1.86147	218.308	0	
75.6209	-1.5893	219.544	0	
76.3214	-2.06177	216.623	0	
76.6925	-2.03582	216.486	0	
73.6413	-0.784456	233.435	0	
73.1437	-0.984216	227.151	0	
73.5588	-2.01013	219.908	0	
74.3272	-2.69407	214.254	0	
76.1601	-2.56738	212.796	0	
76.3781	-3.03528	212.93	0	
73.3063	-2.32677	215.732	0	
74.0113	-2.53652	215.842	0	
74.4137	-3.07685	214.36	0	
75.1256	-3.27816	213.299	0	
76.9866	-2.43607	214.24	0	
77.3362	-1.22682	221.578	0	
72.8297	-2.33098	216.115	0	
73.0917	-3.04653	214.183	0	
74.2116	-3.36855	213.796	0	
75.02	-3.58982	214.146	0	
74.9741	-2.64638	214.29	0	
74.8338	-3.02061	213.746	0	
77.5468	-1.81541	216.602	0	
77.8969	-1.62034	218.225	0	
72.6281	-1.60611	221.862	0	
71.1395	-2.43154	216.674	0	
73.0566	-3.46201	215.295	0	
73.4816	-3.61366	214.459	0	
73.829	-3.32812	214.907	0	
74.1494	-3.97609	215.347	0	
78.3251	-1.67566	219.05	0	
78.1029	-1.05236	218.579	0	
72.5236	-3.72488	214.552	0	
73.0957	-4.36135	216.915	0	
74.2913	-4.27801	216.758	0	
74.6753	-3.73821	214.526	0	
74.1207	-4.54875	217.609	0	
74.7622	-4.62851	218.175	0	
73.783	-4.53609	217.86	0	
74.0474	-5.12103	219.742	0	
75.0677	-4.68873	217.872	0	
75.2564	-4.41615	216.942	0	
73.4695	-4.23446	216.6	0	
73.1732	-4.7647	218.928	0	
74.1477	-5.46887	222.571	0	
74.4883	-5.51899	221.746	0	
74.992	-5.22342	220.471	0	
75.164	-4.97258	219.693	0	
75.7647	-4.1528	215.872	0	
75.6589	-3.84467	214.267	0	
73.9125	-5.87875	223.172	0	
74.0975	-6.28898	225.061	0	
75.0604	-5.7629	222.865	0	
74.6926	-5.21169	221.093	0	
76.0817	-5.19635	220.551	0	
75.6663	-4.74953	217.711	0	
76.0024	-4.67033	217.554	0	
76.733	-4.42967	215.069	0	
75.584	-3.21465	213.276	0	
75.3102	-3.832	214.69	0	
75.5129	-6.33674	225.995	0	
75.7735	-5.41933	222.335	0	
75.185	-5.48791	222.377	0	
75.5114	-5.32835	220.75	0	
76.4165	-5.43119	220.728	0	
76.528	-4.78525	218.136	0	
75.4291	-5.98547	225.098	0	
76.9707	-6.30323	225.359	0	
77.2069	-4.256	214.999	0	
76.0762	-4.28282	215.438	0	
77.3596	-3.62257	211.6	0	
76.466	-4.12027	215.192	0	
78.5416	-2.01498	214.448	0	
78.9609	-2.02092	216.091	0	
72.9644	-5.17001	220.523	0	
73.2901	-5.40412	221.192	0	
73.9439	-6.86358	227.08	0	
74.9006	-7.25075	230.459	0	
74.9887	-6.47427	226.674	0	
76.173	-7.2816	230.672	0	
76.9587	-3.4376	213.005	0	
76.8334	-2.92992	212.06	0	
76.1134	-6.59361	227.248	0	
76.2762	-5.79973	224.113	0	
75.4845	-7.80121	229.331	0	
77.2769	-5.87237	224.324	0	
78.4444	-2.53463	212.919	0	
78.8611	-2.78314	211.383	0	
79.5891	-2.38844	212.492	0	
79.7971	-2.02231	214.069	0	
73.0989	-6.42704	224.712	0	
73.1696	-7.63523	224.963	0	
77.2335	-6.79695	228.271	0	
78.4098	-6.96349	229.249	0	
79.7934	-2.75139	210.12	0	
80.448	-2.47667	209.384	0	
80.2751	-1.51718	216.644	0	
79.5856	-1.65614	217.876	0	
79.5754	-3.19285	209.771	0	
79.8822	-3.59157	209.255	0	
71.9358	-1.99365	219.582	0	
71.4937	-1.39421	226.946	0	
75.4627	-9.1124	230.166	0	
76.7629	-9.56503	229.355	0	
78.8099	-6.42235	222.846	0	
78.2731	-5.88902	222.725	0	
72.0669	-7.1663	222.672	0	
72.1014	-8.27765	218.828	0	
72.5856	-8.7785	219.157	0	
74.8083	-12.0645	208.81	0	
72.3931	-7.71468	224.305	0	
73.4757	-8.64254	222.713	0	
71.1885	-8.57248	215.366	0	
72.1554	-9.57282	210.734	0	
70.7343	-7.96472	215.483	0	
70.444	-10.2706	191.401	0	
69.3726	-9.88632	202.358	0	
74.0469	-10.4631	210.77	0	
102.5	-0.36376	191.214	0	
103.128	-0.368067	179.477	0	
102.812	-0.183316	172.34	0	
103.445	-0.920708	181.367	0	
104.452	-0.887995	180.337	0	
101.562	-0.180456	176.421	0	
101.875	-0.360901	184.658	0	
102.185	-1.28335	184.609	0	
102.812	-0.913707	185.951	0	
102.81	-1.27666	184.132	0	
104.452	-0.456479	182.571	0	
101.217	-0.380108	179.289	0	
102.188	-0.180445	181.686	0	
101.214	-0.742721	178.138	0	
101.559	-0.903958	184.195	0	
102.907	-1.97917	188.906	0	
103.118	-2.50014	190.732	0	
103.854	-2.10871	189.677	0	
104.764	-0.278838	179.42	0	
103.753	-0.362392	176.231	0	
100.24	-0.250798	172.51	0	
100.519	-0.450451	182.842	0	
100.93	-2.06779	189.416	0	
102.153	-2.06434	190.323	0	
102.489	-1.86147	187.604	0	
103.121	-1.5893	187.408	0	
103.693	-2.61432	189.607	0	
104.237	-2.09548	187.631	0	
100.901	-0.993781	183.72	0	
101.486	-1.30046	183.922	0	
101.425	-2.11605	190.541	0	
101.714	-3.26944	191.294	0	
104.002	-3.14016	191.246	0	
104.292	-1.6563	188.952	0	
100.76	-1.70934	189.207	0	
102.055	-2.83371	191.141	0	
102.107	-4.0201	191.016	0	
102.676	-2.9351	190.907	0	
104.626	-2.439	190.712	0	
104.765	-1.20629	188.383	0	
100.279	-1.62349	187.622	0	
99.8152	-2.32299	190.694	0	
101.137	-2.71528	191.263	0	
101.677	-3.72546	189.897	0	
101.245	-3.11756	191.093	0	
100.865	-3.46142	191.591	0	
100.298	-3.22314	190.74	0	
100.145	-4.65548	192.591	0	
104.652	-1.59061	185.503	0	
105.181	-0.580436	200.448	0	
104.067	-0.978483	183.139	0	
99.375	-0.153628	183.161	0	
100.904	-0.199652	173.219	0	
99.8622	-1.86013	191.804	0	
104.553	-2.97808	188.865	0	
106.437	-2.52835	192.603	0	
105.069	-1.82725	188.227	0	
105.418	-1.46569	187.194	0	
98.4426	-0.186199	175.029	0	
99.4667	-1.57015	188.417	0	
100.207	-1.17342	187.613	0	
99.5317	-0.815319	183.76	0	
98.8592	-0.339827	180.19	0	
98.5949	-1.39426	185.986	0	
97.7457	-1.34968	188.143	0	
99.2661	-3.09496	190.935	0	
103.515	-3.75636	188.861	0	
103.849	-4.26828	190.488	0	
98.9027	-2.21053	190.933	0	
99.8122	-3.47901	193.792	0	
105.454	-3.1769	188.731	0	
106.205	-3.94918	189.822	0	
96.5771	-1.61636	188.936	0	
97.9687	-2.21048	190.676	0	
98.3666	-2.51263	193.241	0	
98.6021	-3.11125	193.72	0	
106.45	-3.03583	188.382	0	
105.921	-3.44844	190.731	0	
95.2557	-2.53961	193.7	0	
97.3379	-2.37376	193.74	0	
107.333	-4.15679	192.355	0	
107.821	-3.37723	194.182	0	
107.247	-4.7708	185.285	0	
108.35	-4.87957	185.024	0	
108.801	-3.97357	186.548	0	
107.749	-2.29349	186.756	0	
105.985	-4.49982	186.853	0	
108.883	-7.75292	184.735	0	
109.145	-5.25701	190.64	0	
109.448	-4.22401	192.497	0	
109.274	-2.60712	194.827	0	
108.247	-2.57202	195.146	0	
109.782	-4.87627	185.865	0	
109.232	-3.15171	187.903	0	
109.756	-2.36489	188.079	0	
109.121	-1.42788	183.772	0	
110.701	-4.48461	187.944	0	
110.798	-3.57106	189.45	0	
111.071	-2.83793	191.008	0	
111.42	-1.6679	187.924	0	
110.724	-3.1307	193.926	0	
111.589	-3.02477	193.112	0	
101.366	-5.10343	190.782	0	
103.586	-4.88766	186.523	0	
101.633	-6.52458	188.306	0	
100.836	-4.45039	187.951	0	
104.219	-5.35769	188.357	0	
104.974	-5.26338	185.945	0	
95.1765	-3.90881	193.818	0	
96.433	-5.03831	196.437	0	
105.188	-4.63574	189.234	0	
106.154	-5.76163	185.997	0	
106.345	-6.50215	184.908	0	
104.808	-7.84151	188.372	0	
103.83	-6.60506	188.324	0	
105.332	-5.89517	186.24	0	
102.782	-5.27124	189.678	0	
104.198	-7.71191	187.493	0	
104.227	-6.09619	185.448	0	
103.6	-8.44912	190.778	0	
105.967	-11.2477	193.752	0	
107.746	-8.42028	191.657	0	
105.516	-8.6158	189.138	0	
107.037	-6.74434	188.425	0	
105.445	-9.74419	193.832	0	
107.418	-11.5366	202.11	0	
105.737	-7.27416	187.214	0	
106.094	-8.15517	188.79	0	
97.1875	-0.183316	189.914	0	
97.505	-0.72475	184.59	0	
96.1339	-0.922193	184.57	0	
96.875	-0.83059	186.605	0	
97.8175	-0.908065	189.556	0	
98.1326	-0.73471	178.809	0	
97.815	-0.18188	173.497	0	
97.19	-0.974386	191.252	0	
97.3291	-1.41456	190.377	0	
98.5677	-0.963722	185.131	0	
98.9843	-0.750719	180.909	0	
95.8214	-1.37459	187.268	0	
98.1326	-0.368079	181.671	0	
96.1605	-1.853	192.035	0	
107.188	-0.183316	173.871	0	
106.146	-0.517356	182.156	0	
106.134	-0.922193	177.738	0	
106.875	-0.83059	175.935	0	
107.703	-1.7956	193.463	0	
107.252	-1.06873	191.181	0	
109.04	-0.926407	183.135	0	
105.821	-1.37459	183.37	0	
106.098	-1.7422	188.485	0	
106.02	-2.27984	186.905	0	
108.167	-1.49851	183.851	0	
106.873	-2.25942	186.555	0	
107.332	-2.542	194.413	0	
107.669	-0.876848	178.909	0	
107.286	-1.55896	183.201	0	
112.641	-0.463959	184.165	0	
113.641	-0.715414	185.073	0	
111.8	-0.197247	170.201	0	
112.319	-1.68307	191.477	0	
110.938	-0.183316	177.65	0	
112.15	-0.495739	182.878	0	
110.104	-1.01391	188.587	0	
110.625	-0.83059	181.353	0	
111.284	-0.755228	178.821	0	
111.28	-0.380562	173.333	0	
110.941	-0.989497	181.604	0	
111.003	-1.43126	186.587	0	
111.812	-1.34131	188.416	0	
110.658	-1.76645	190.857	0	
111.064	-2.37788	192.605	0	
111.665	-3.44566	191.207	0	
111.463	-2.14709	191.127	0	
110.213	-2.57905	194.336	0	
110.254	-3.01582	189.251	0	
112.834	-4.42908	189.894	0	
113.499	-2.36442	193.886	0	
109.754	-3.34627	194.129	0	
110.484	-3.95245	192.771	0	
110.46	-5.02696	190.45	0	
111.105	-4.51224	191.034	0	
111.379	-5.49902	188.943	0	
111.311	-4.1082	189.862	0	
112	-3.80942	191.709	0	
111.221	-3.69918	192.592	0	
111.452	-4.94207	189.422	0	
111.726	-4.2178	191.127	0	
110.79	-5.61153	187.457	0	
113.121	-5.94344	190.826	0	
110.454	-6.35732	188.62	0	
110.902	-8.00909	186.836	0	
112.407	-4.90301	191.005	0	
111.931	-6.05393	189.427	0	
109.487	-6.15349	183.96	0	
110.1	-8.34004	192.834	0	
113.677	-5.45865	189.353	0	
112.577	-5.68782	188.265	0	
113.559	-4.7291	192.762	0	
113.342	-2.98188	193.253	0	
119.375	-0.165467	187.888	0	
118.44	-0.184751	196.597	0	
140.145	-0.52174	227.274	0	
141.042	-0.898582	227.934	0	
117.5	-0.36376	199.277	0	
118.128	-0.368067	196.613	0	
117.812	-0.183316	202.009	0	
118.445	-0.920708	193.74	0	
118.857	-0.350218	185.92	0	
116.562	-0.180456	182.923	0	
116.875	-0.360901	186.471	0	
117.185	-1.28335	193.309	0	
117.812	-0.913707	196.705	0	
118.502	-1.41957	196.006	0	
119.171	-0.966309	192.569	0	
115.625	-0.240517	191.529	0	
117.188	-0.180445	180.306	0	
116.496	-1.2956	191.615	0	
116.81	-1.49081	195.161	0	
117.503	-1.88463	195.908	0	
114.69	-0.184751	180.999	0	
116.079	-1.60286	195.152	0	
116.558	-0.904829	189.942	0	
116.059	-2.01013	194.459	0	
117.983	-2.00954	197.825	0	
118.196	-1.61967	196.171	0	
116.141	-0.784456	187.476	0	
115.644	-0.984216	192.757	0	
116.451	-2.08993	196.102	0	
116.512	-2.48451	195.577	0	
115.234	-2.35133	193.352	0	
117.048	-2.83324	195.557	0	
117.102	-4.01577	196.438	0	
117.675	-2.93467	197.936	0	
115.223	-3.55423	194.591	0	
116.707	-3.26943	195.811	0	
116.047	-2.75042	195.24	0	
116.677	-3.72549	194.104	0	
116.141	-3.17237	195.066	0	
115.829	-3.51605	194.008	0	
114.689	-3.21501	192.601	0	
115.288	-4.2757	191.9	0	
113.962	-3.49634	194.534	0	
114.856	-4.71514	193.248	0	
114.927	-5.64315	190.363	0	
116.2	-5.71799	191.919	0	
116.29	-4.97128	194.563	0	
118.434	-4.76195	193.937	0	
143.44	-0.184751	232.473	0	
144.792	-0.898582	229.892	0	
155	-0.733115	143.831	0	
155.911	-1.45463	139.85	0	
156.348	-2.18775	152.338	0	
157.161	-0.981352	136.238	0	
154.756	-3.01361	170.502	0	
157.949	-3.99395	149.339	0	
142.396	-0.484914	220.714	0	
157.917	-0.496475	134.685	0	
143.128	-0.368067	228.171	0	
142.812	-0.183316	230.022	0	
143.445	-0.920708	227.24	0	
143.857	-0.350218	233.526	0	
142.078	-1.3364	223.955	0	
142.388	-1.69266	219.964	0	
143.248	-1.70415	219.236	0	
144.171	-0.966309	229.003	0	
142.349	-2.25666	218.013	0	
143.367	-2.30778	218.751	0	
143.987	-2.60316	213.898	0	
143.984	-1.4805	223.329	0	
141.332	-2.51438	216.827	0	
142.41	-3.31342	210.251	0	
143.484	-3.54071	210.76	0	
145.287	-2.82654	216.856	0	
140.704	-3.3993	210.929	0	
141.957	-3.0763	213.756	0	
142.009	-4.30729	208.159	0	
143.213	-4.2135	208.491	0	
140.946	-3.9308	209.601	0	
141.511	-3.29333	211.092	0	
140.742	-4.60301	210.554	0	
141.918	-5.0926	210.67	0	
144.657	-4.97821	206.408	0	
144.087	-3.32727	214.111	0	
139.813	-4.79456	208.854	0	
139.259	-5.70669	212.126	0	
141.167	-5.26945	207.923	0	
143.571	-4.92846	210.742	0	
71.1458	-0.348783	237.281	0	
71.8775	-0.368067	236.859	0	
71.5625	-0.183316	238.606	0	
72.2132	-0.931598	229.471	0	
72.6067	-0.425268	229.791	0	
71.0771	-1.4591	225.267	0	
71.5574	-0.916578	231.024	0	
72.2115	-1.30458	225.871	0	
73.1437	-1.41185	225.189	0	
71.8121	-1.58532	223.044	0	
72.5203	-2.00085	219.791	0	
66.1458	-0.484914	223.402	0	
66.8775	-0.368067	219.836	0	
66.5625	-0.183316	219.476	0	
67.1947	-0.920708	217.675	0	
67.6067	-0.350218	219.279	0	
65.8283	-1.3364	215.585	0	
66.2225	-2.0155	212.944	0	
67.255	-1.38318	215.422	0	
67.9213	-0.966309	219.319	0	
66.8061	-1.99457	213.482	0	
66.5549	-1.29593	215.06	0	
12.3958	-0.422952	199.353	0	
13.1275	-0.368067	194.025	0	
12.8125	-0.183316	194.048	0	
13.4447	-0.920708	193.708	0	
13.8567	-0.350218	188.371	0	
11.9175	-1.06999	197.574	0	
12.4547	-1.7294	198.808	0	
13.2065	-1.58547	197.014	0	
14.1713	-0.966309	193.636	0	
13.4907	-1.92869	197.424	0	
13.9303	-1.67542	196.271	0	
113.646	-0.348783	181.752	0	
114.378	-0.368067	183.835	0	
114.062	-0.183316	181.234	0	
114.713	-0.931598	191.671	0	
115.107	-0.425268	193.517	0	
113.519	-1.47589	190.63	0	
114.057	-0.916578	187.147	0	
114.705	-1.41615	190.077	0	
115.644	-1.41185	192.695	0	
112.736	-1.44643	190.755	0	
114.698	-2.65343	196.261	0	
114.247	-1.71367	193.826	0	
114.128	-2.3173	192.113	0	
112.298	-2.47035	192.555	0	
112.748	-3.0974	193.872	0	
108.646	-0.422952	178.084	0	
109.376	-0.368884	178.8	0	
109.062	-0.183316	175.484	0	
110.001	-0.401327	186.839	0	
109.689	-0.185568	178.077	0	
108.167	-1.06999	188.615	0	
108.705	-1.7294	192.886	0	
133.542	-3.69223	208.988	0	
135.225	-3.71405	207.863	0	
134.765	-4.31519	210.3	0	
133.846	-4.28097	208.715	0	
-110.214	-3.86716	178.733	0	
-110.036	-5.24376	194.472	0	
-109.104	-6.09675	238.294	0	
-108.959	-4.47971	183.765	0	
-58.9578	-7.08996	248.314	0	
-57.4721	-6.2117	241.232	0	
-56.4755	-7.61982	269.854	0	
-54.8288	-6.24308	240.033	0	
-51.5091	-8.62697	296.381	0	
-51.1584	-9.71525	311.166	0	
-159.51	-1.22929	195.529	0	
-160.14	-2.84047	220.72	0	
35.5504	-10.2692	203.81	0	
36.751	-11.6336	183.755	0	
29.1867	-5.09464	213.39	0	
29.6151	-3.73916	208.687	0	
25.286	-8.18622	216.808	0	
28.1817	-10.2109	218.012	0	
-143.333	-5.54413	240.312	0	
-143.586	-7.26856	288.505	0	
130.482	-4.93407	209.063	0	
131.987	-6.78201	215.762	0	
127.825	-5.38578	206.06	0	
128.402	-5.69282	207.733	0	
-112.46	-6.28213	225.244	0	
-110.894	-5.34834	210.777	0	
-119.941	-5.03564	194.229	0	
-119.199	-6.10947	226.833	0	
-79.3232	-4.9303	205.235	0	
-80.3216	-5.39401	233.592	0	
-75.5052	-6.79542	266.888	0	
-76.0267	-6.22935	240.092	0	
-98.5937	-4.87287	215.569	0	
-98.4721	-5.96462	217.276	0	
-96.3728	-4.56772	194.547	0	
-94.3329	-5.40675	226.951	0	
-131.261	-5.09792	201.065	0	
-129.633	-5.72539	216.609	0	
-135.135	-3.86571	194.367	0	
-135.045	-4.81938	199.244	0	
-129.545	-4.88753	208.086	0	
-128.924	-6.22587	237.287	0	
-126.527	-5.25242	205.492	0	
-126.384	-3.88317	181.811	0	
-100.674	-5.00188	201.743	0	
-99.5548	-4.63684	184.905	0	
45.8712	-8.74662	173.596	0	
46.379	-9.76929	157.185	0	
48.8685	-8.46932	176.07	0	
49.5019	-9.24449	150.182	0	
60.748	-5.83165	207.728	0	
61.4473	-3.75752	210.224	0	
-93.9348	-6.89222	310.79	0	
-91.3267	-7.99413	333.7	0	
-89.3572	-5.06462	215.283	0	
-89.0732	-3.69613	190.905	0	
-92.1804	-5.67557	226.085	0	
-90.8536	-5.03889	209.28	0	
-14.9603	-6.28213	202.825	0	
-13.394	-5.34834	191.671	0	
-11.7434	-7.04782	195.411	0	
-8.49456	-6.60043	181.215	0	
-20.8626	-3.24661	196.625	0	
-21.6476	-4.6463	217.873	0	
-70.2327	-7.67177	280.999	0	
-68.8106	-6.42095	256.047	0	
-48.0651	-10.1346	330.305	0	
-46.7018	-9.26825	324.503	0	
-36.2627	-6.42535	269.829	0	
-38.177	-6.8632	273.563	0	
-31.6696	-5.04693	231.712	0	
-31.1603	-6.33296	275.864	0	
-27.364	-5.9933	277.609	0	
-27.4856	-7.17585	302.833	0	
83.5603	-3.82281	200.054	0	
83.6794	-5.21049	204.41	0	
84.9905	-6.1021	214.606	0	
84.7798	-4.40149	201.141	0	
59.9152	-3.99904	212.724	0	
61.0094	-4.37466	212.227	0	
62.5573	-6.63378	208.607	0	
63.4765	-7.06852	200.823	0	
2.6437	-4.31527	195.779	0	
2.41523	-5.03199	191.909	0	
4.18061	-5.8381	192.476	0	
6.76835	-6.25014	194.103	0	
11.5205	-10.6166	190.922	0	
14.0812	-8.40869	199.149	0	
18.2853	-4.94009	201.421	0	
18.0485	-6.52465	203.501	0	
20.3601	-5.44354	206.497	0	
22.7396	-6.44324	210.405	0	
18.2961	-8.30199	204.803	0	
21.7097	-6.89148	209.049	0	
23.5273	-6.88943	211.85	0	
23.6577	-4.85719	206.722	0	
125.65	-9.38979	209.142	0	
127.886	-11.0783	209.732	0	
89.8812	-7.5886	212.471	0	
91.2459	-8.54759	212.519	0	
66.9374	-6.77537	219.706	0	
68.5018	-10.5306	171.55	0	
98.8937	-4.31527	193.773	0	
98.6652	-5.03199	187.282	0	
100.431	-5.8381	190.979	0	
103.018	-6.25014	185.639	0	
113.179	-7.33422	190.865	0	
113.29	-6.64158	189.735	0	
113.976	-7.86018	192.361	0	
115.551	-6.06279	193.104	0	
114.024	-6.56676	190.72	0	
114.514	-7.30167	191.382	0	
114.078	-9.17987	193.981	0	
116.021	-7.81986	195.292	0	
116.877	-6.18925	195.881	0	
117.001	-4.71892	193.601	0	
133.594	-7.0562	213.562	0	
137.735	-6.62774	214.673	0	
-108.569	-8.06994	317.956	0	
-105.944	-6.54622	239.764	0	
-58.4588	-8.90026	282.52	0	
-56.1113	-8.56578	284.966	0	
-55.023	-8.95619	302.05	0	
-54.9044	-7.18814	249.772	0	
-160.55	-2.10284	210.591	0	
-160.258	-1.16743	186.994	0	
-161.635	-3.1384	243.651	0	
-157.835	-3.84251	230.933	0	
-143.222	-6.35627	270.471	0	
-142.781	-8.02507	317.256	0	
127.159	-5.95289	207.668	0	
128.654	-6.72225	211.571	0	
127.621	-8.42423	210.301	0	
131.238	-6.35603	213.266	0	
129.579	-6.28021	211.264	0	
128.982	-5.227	207.212	0	
130.32	-6.77372	214.949	0	
131.342	-5.28679	210.164	0	
-119.957	-7.09037	271.45	0	
-116.561	-6.46304	235.069	0	
-77.9446	-7.38769	294.761	0	
-77.0958	-7.25892	269.521	0	
-100.31	-6.55924	251.856	0	
-98.8211	-7.82064	305.395	0	
-95.7433	-5.07131	206.066	0	
-95.6492	-6.04429	236.439	0	
-132.852	-5.74118	229.136	0	
-133.518	-4.0723	190.663	0	
-128.646	-7.23737	272.489	0	
-126.011	-7.18633	276.539	0	
-127.47	-6.44045	241.094	0	
-125.154	-4.93989	201.574	0	
59.848	-6.8727	198.601	0	
61.5496	-7.9221	190.241	0	
-92.976	-5.93564	252.027	0	
-91.2985	-7.01973	286.792	0	
-90.3164	-8.74334	369.711	0	
-89.6407	-6.47669	257.125	0	
-91.8371	-6.68935	257.649	0	
-90.5607	-6.34622	250.695	0	
-22.4664	-4.99113	228.925	0	
-21.6291	-6.14699	256.144	0	
-32.1751	-4.37715	209.045	0	
-33.474	-5.30819	230.94	0	
-31.2678	-7.50259	327.729	0	
-28.773	-7.26941	347.36	0	
-29.4632	-6.34179	271.796	0	
-29.1097	-8.46003	350.402	0	
84.4567	-7.1187	214.818	0	
87.7747	-6.57461	207.604	0	
2.10194	-3.65859	195.925	0	
0.531121	-3.59202	196.861	0	
1.60746	-6.3768	186.953	0	
2.98762	-5.5815	192.782	0	
2.1323	-6.8619	188.771	0	
6.22814	-6.8936	192.472	0	
3.28757	-8.80877	184.303	0	
5.28443	-8.19732	187.942	0	
4.70207	-7.23922	189.998	0	
6.44178	-7.98573	190.512	0	
10.4021	-8.17614	196.04	0	
11.8643	-8.5661	197.282	0	
19.157	-6.45998	206.834	0	
20.5136	-6.25923	206.543	0	
89.3211	-11.9607	214.421	0	
92.1923	-8.31634	205.765	0	
96.9329	-8.34742	192.874	0	
92.6291	-7.61484	203.9	0	
98.3519	-3.65859	189.31	0	
97.0165	-3.22072	189.047	0	
97.8575	-6.3768	188.822	0	
99.2376	-5.5815	192.831	0	
98.3823	-6.8619	194.384	0	
102.478	-6.8936	189.398	0	
99.5376	-8.80877	194.572	0	
101.534	-8.19732	192.079	0	
100.952	-7.23922	190.018	0	
102.692	-7.98573	187.626	0	
116.882	-7.2668	193.468	0	
118.189	-7.50022	200.677	0	
-107.479	-6.64888	252.211	0	
-107.08	-4.92125	198.736	0	
-159.744	-6.93016	307.912	0	
-159.697	-5.93117	278.48	0	
-160.304	-4.4709	252.049	0	
-158.152	-4.83774	246.121	0	
-118.653	-8.65266	357.024	0	
-117.828	-8.39037	318.304	0	
-117.861	-6.20008	229.967	0	
-118.272	-6.92484	247.613	0	
-78.4403	-8.53008	313.911	0	
-76.1606	-9.98235	387.469	0	
-96.6153	-6.66166	253.384	0	
-94.9242	-8.85411	415.891	0	
-130.536	-7.10721	262.198	0	
-129.289	-9.42152	369.355	0	
-126.311	-8.38673	329.524	0	
-125.066	-5.84557	220.899	0	
-22.2091	-7.33275	301.392	0	
-19.0398	-6.44317	240.021	0	
-32.2935	-7.88322	327.217	0	
-32.4631	-10.5194	428.88	0	
86.1874	-5.94884	205.266	0	
86.6952	-5.11878	205.397	0	
-0.285069	-5.83833	186.493	0	
2.96741	-7.82639	185.987	0	
12.7159	-9.03284	196.179	0	
12.4758	-7.57775	198.548	0	
95.9674	-6.09492	188.061	0	
99.2174	-7.82639	193.227	0	
-160.689	-5.48676	272.736	0	
-158.934	-5.08218	255.205	0	
-118.691	-9.8685	443.273	0	
-113.338	-6.95859	259.663	0	
-77.9191	-9.32237	368.189	0	
-72.8124	-9.70352	358.541	0	
-127.864	-7.35901	272.94	0	
-127.472	-8.01249	312.887	0	
-125.33	-8.40136	341.821	0	
-124.026	-6.20849	243.904	0	
-21.2038	-8.60257	341.842	0	
-20.3851	-8.30712	296.426	0	
-20.32	-6.21863	248.14	0	
-20.736	-7.3784	293.876	0	
2.20287	-7.71314	186.116	0	
3.30024	-7.06557	189.216	0	
12.8214	-10.42	193.703	0	
16.2789	-12.762	195.842	0	
98.4529	-7.71314	192.292	0	
99.5502	-7.06557	191.906	0	
-117.809	-7.49947	292.375	0	
-116.671	-8.84559	362.561	0	
-127.353	-8.98147	363.117	0	
-126.576	-9.14069	368.844	0	
-23.0914	-6.16493	270.255	0	
-24.5254	-8.64189	350.848	0	
-22.4989	-9.70667	382.326	0	
-15.8375	-6.95859	229.118	0	
1.85732	-8.60366	182.68	0	
2.57974	-9.38762	183.784	0	
98.1073	-8.60366	197.137	0	
98.8297	-9.38762	197.873	0	
-116.301	-9.88173	434.639	0	
-113.469	-8.11546	310.662	0	
-125.872	-9.89533	421.622	0	
-125.012	-7.61987	284.201	0	
-24.0635	-6.16614	275.072	0	
-23.7003	-8.28393	326.016	0	
-24.358	-10.3963	437.096	0	
-22.9886	-8.61948	350.32	0	
-20.1483	-7.04237	264.057	0	
-19.2607	-8.73004	311.316	0	
0.14397	-10.1507	179.835	0	
6.57977	-10.447	184.593	0	
98.7358	-10.8146	202.253	0	
101.406	-12.5962	202.061	0	
-126.159	-11.2968	543.836	0	
-125.027	-12.4315	591.65	0	
-124.993	-9.35989	378.608	0	
-122.081	-7.28662	296.033	0	
-24.3331	-7.01799	296.8	0	
-26.5212	-7.96531	348.555	0	
-18.9323	-9.8008	328.696	0	
-17.5917	-9.93766	309.47	0	
-154.652	-8.53045	336.247	0	
-155.188	-7.73042	321.343	0	
-150.356	-10.859	412.273	0	
-147.83	-8.40829	345.563	0	
-149.935	-7.70691	308.661	0	
-148.969	-6.37959	274.315	0	
-153.935	-12.3097	469.441	0	
-152.534	-12.2021	487.104	0	
-151.354	-13.8045	537.267	0	
-147.833	-12.4152	494.407	0	
38.3174	-11.4227	182.874	0	
41.9356	-12.4156	144.163	0	
41.3603	-8.38382	195.418	0	
42.3769	-8.58997	181.267	0	
-140.394	-10.0494	433.706	0	
-138.882	-11.0856	494.334	0	
-132.728	-8.9899	367.231	0	
-129.347	-7.96204	328.277	0	
136.667	-6.50789	211.759	0	
138.484	-7.56643	211.431	0	
-74.579	-7.99503	311.778	0	
-74.0947	-9.43641	342.507	0	
60.545	-8.35047	179.406	0	
59.1824	-6.32768	205.936	0	
58.8587	-7.7681	194.052	0	
60.7014	-6.64957	203.867	0	
59.7881	-7.78213	188.262	0	
60.9433	-9.29305	166.371	0	
51.0576	-9.51694	146.002	0	
53.9481	-10.9583	129.519	0	
53.3529	-9.8854	134.209	0	
53.275	-13.6655	90.2459	0	
58.5583	-13.5946	70.3514	0	
58.3702	-9.82196	162.45	0	
-40.0508	-10.4141	387.822	0	
-37.0787	-7.34691	297.362	0	
-43.9873	-12.2163	414.632	0	
-40.4794	-11.5374	430.656	0	
-9.5564	-6.52823	182.765	0	
-7.74586	-7.53912	182.846	0	
86.7205	-6.56247	212.666	0	
88.9556	-8.36655	212.021	0	
77.4241	-8.39455	234.237	0	
83.4363	-9.96928	236.199	0	
-1.41045	-7.82252	184.238	0	
-2.90258	-6.52059	184.01	0	
16.5696	-8.17676	205.085	0	
15.9694	-6.61017	201.947	0	
17.116	-9.21588	201.467	0	
18.0074	-9.33346	206.576	0	
145.205	-4.30171	211.827	0	
145.193	-6.10755	211.567	0	
120.544	-8.52797	205.717	0	
121.609	-9.8567	209.409	0	
74.3919	-9.47657	224.281	0	
72.7005	-10.4234	205.405	0	
108.361	-9.97984	190.545	0	
111.538	-10.7557	203.747	0	
141.607	-6.98195	209.634	0	
142.777	-5.52608	207.212	0	
35.0268	-12.2244	190.871	0	
37.7072	-12.1142	168.903	0	
38.5796	-14.2453	137.894	0	
39.4093	-11.3614	162.57	0	
132.065	-8.10894	214.9	0	
134.579	-6.79752	219.665	0	
48.1722	-10.5329	130.716	0	
51.8284	-10.9256	114.684	0	
-72.1171	-8.35124	309.643	0	
-64.5594	-10.9405	354.122	0	
-49.0777	-10.6117	351.942	0	
-48.0469	-12.8894	405.716	0	
-47.2091	-10.2821	347.691	0	
-46.3941	-12.2618	391.331	0	
-44.9606	-12.8724	422.487	0	
-44.5211	-10.9639	383.45	0	
23.3629	-8.06326	214.861	0	
24.2688	-8.8446	214.251	0	
-56.3671	-10.5498	323.953	0	
-53.2852	-9.15022	302.154	0	
-27.4419	-9.60967	438.111	0	
-24.9536	-9.43235	394.75	0	
-0.279904	-4.30894	194.955	0	
1.11098	-4.83776	193.235	0	
89.746	-9.92676	229.97	0	
92.7993	-9.09526	210.853	0	
93.9818	-8.62374	200.386	0	
96.7536	-6.97181	198.597	0	
95.9103	-4.26288	189.979	0	
97.3378	-4.82405	187.824	0	
-79.7534	-8.78599	359.831	0	
-80.5991	-10.1929	391.922	0	
-161.873	-5.51626	285.739	0	
-163.482	-7.07016	333.08	0	
-123.181	-8.97124	364.376	0	
-121.695	-9.12084	380.076	0	
-24.9217	-7.74935	323.456	0	
-26.1409	-9.2085	381.999	0	
42.8076	-10.0324	169.519	0	
44.6706	-8.72725	176.482	0	
-141.503	-10.1539	439.453	0	
-141.01	-11.9907	513.332	0	
62.069	-9.40255	174.964	0	
62.4263	-8.47296	179.174	0	
51.9137	-9.23914	153.201	0	
52.9945	-12.2783	87.8603	0	
-1.94277	-8.83837	179.357	0	
0.501151	-6.71527	187.186	0	
15.1577	-9.84661	197.332	0	
16.8114	-11.4302	197.157	0	
145.742	-9.07573	201.207	0	
146.97	-7.66995	207.374	0	
110.886	-7.01995	189.391	0	
111.985	-8.30191	193.362	0	
139.663	-7.36742	213.394	0	
143.942	-8.50007	211.272	0	
33.077	-11.8082	200.478	0	
34.2094	-15.5297	162.724	0	
35.9637	-12.6163	175.697	0	
37.7116	-13.4286	164.028	0	
129.803	-7.99743	214.415	0	
131.122	-10.7005	213.248	0	
133.152	-8.25322	223.021	0	
136.963	-8.58627	211.345	0	
50.8944	-10.5451	137.968	0	
52.4847	-10.0545	145.502	0	
-53.5469	-13.9676	389.526	0	
-53.8013	-10.2804	331.02	0	
92.5436	-13.7772	204.488	0	
92.1673	-10.0923	208.649	0	
-132.767	-15.9421	740.564	0	
-135.175	-8.89153	383.086	0	
63.0666	-10.4742	137.894	0	
67.114	-10.1184	184.765	0	
18.9238	-11.1781	202.533	0	
19.3265	-7.99147	208.856	0	
49.2604	-10.2533	147.463	0	
51.7431	-12.0766	115.777	0	
-67.8495	-8.59042	307.192	0	
-65.7384	-8.88292	305.847	0	
-62.4767	-8.34644	287.763	0	
-61.9662	-10.8343	343.891	0	
29.7839	-8.05721	218.001	0	
33.22	-10.4328	205.718	0	
-144.896	-9.60092	393.484	0	
-140.162	-10.9086	482.737	0	
-136.982	-10.1877	416.9	0	
-135.15	-11.9845	571.078	0	
-115.325	-7.92699	306.154	0	
-114.424	-8.64027	334.768	0	
-90.5262	-10.3675	446.83	0	
-88.6516	-10.5809	489.346	0	
-106.915	-6.19674	216.888	0	
-105.211	-7.46627	279.45	0	
-104.095	-7.32661	268.266	0	
-105.206	-9.54858	412.937	0	
-17.8895	-7.89614	264.645	0	
-16.9853	-8.71636	280.498	0	
104.14	-9.70711	194.223	0	
102.004	-10.8767	200.624	0	
154.138	-4.03003	175.062	0	
156.51	-3.89749	155.922	0	
-51.7681	-10.905	350.947	0	
-49.5375	-11.9461	376.851	0	
44.5385	-11.202	144.583	0	
50.0124	-10.9734	119.811	0	
-13.2286	-7.36401	209.762	0	
-14.9067	-9.07067	256.462	0	
69.1489	-8.75866	199.715	0	
67.9474	-7.24947	208.569	0	
112.809	-9.46045	191.776	0	
115.136	-11.2319	201.63	0	
127.035	-9.57891	222.167	0	
129.973	-11.8066	223.874	0	
-101.009	-7.57285	303.542	0	
-99.5264	-8.70057	370.186	0	
61.6461	-7.13063	195.807	0	
63.4419	-8.11623	199.358	0	
82.9638	-7.37484	228.604	0	
82.2753	-8.81994	226.199	0	
-117.496	-10.6423	471.579	0	
-114.76	-11.1822	547.626	0	
-25.1174	-11.7386	467.814	0	
-21.0882	-12.7427	441.511	0	
-128.095	-9.9004	466.086	0	
-128.743	-12.5589	630.702	0	
-123.453	-15.3302	785.207	0	
-120.016	-12.394	579.517	0	
-21.157	-9.70945	355.125	0	
-19.9355	-11.8766	412.514	0	
-156.725	-10.5305	408.213	0	
-154.939	-11.1671	436.559	0	
-156.499	-6.57422	289.452	0	
-158.511	-7.31253	309.986	0	
44.2733	-12.6307	122.535	0	
43.9367	-10.1508	163.03	0	
135.32	-7.77194	211.936	0	
138.168	-8.39728	215.163	0	
136.835	-9.73837	220.44	0	
140.886	-7.80089	209.002	0	
-72.1408	-11.1046	367.139	0	
-70.8182	-8.74732	312.568	0	
-39.5546	-15.2865	520.839	0	
-36.9562	-10.115	411.864	0	
-10.9842	-7.97857	201.146	0	
-8.06153	-8.36997	192.058	0	
-9.42631	-9.63816	204.478	0	
-3.20772	-8.79903	183.785	0	
85.1533	-7.92066	221.069	0	
87.9501	-7.77091	214.319	0	
118.871	-8.74863	197.001	0	
115.811	-9.02202	196.297	0	
72.4397	-11.7082	194.545	0	
73.6422	-12.8846	184.624	0	
-48.7162	-14.7003	438.982	0	
-42.6835	-12.4469	431.935	0	
21.3073	-7.90953	212.457	0	
19.6658	-9.71088	207.677	0	
-78.0855	-10.7153	398.698	0	
-74.8836	-10.5336	388.703	0	
-161.083	-7.75729	325.164	0	
-162.22	-6.78781	316.294	0	
-1.26375	-10.1809	183.795	0	
0.777099	-8.78894	183.872	0	
60.2446	-12.3075	119.213	0	
65.8554	-14.0957	98.3482	0	
64.3214	-8.90662	170.926	0	
64.3033	-10.335	179.169	0	
20.2016	-11.3936	205.79	0	
20.0352	-8.57526	208.464	0	
19.998	-13.6509	199.472	0	
22.9375	-10.7398	209.672	0	
20.613	-10.3901	207.078	0	
21.848	-9.98006	211.967	0	
47.7124	-11.8673	129.913	0	
50.5949	-12.7588	89.8968	0	
-68.3835	-10.5047	366.4	0	
-64.7168	-8.1832	288.971	0	
-62.6348	-12.1711	377.434	0	
-59.822	-13.0431	384.982	0	
-145.852	-10.7042	454.713	0	
-142.264	-10.847	461.877	0	
-143.342	-10.7138	459.142	0	
-142.004	-11.8246	516.192	0	
-143.717	-11.9092	507.068	0	
-142.766	-12.6316	536.403	0	
-142.446	-13.716	599.894	0	
-140.641	-12.9586	586.906	0	
-114.982	-9.86012	425.836	0	
-112.972	-12.5729	624.454	0	
-92.3115	-8.77329	389.831	0	
-96.213	-11.5074	594.397	0	
-89.8251	-11.25	499.946	0	
-89.3472	-12.5548	555.209	0	
-107.396	-7.67259	295.32	0	
-105.535	-8.31929	336.716	0	
-109.377	-7.20569	258.193	0	
-107.987	-10.0597	424.184	0	
-106.215	-10.267	440.858	0	
-103.091	-7.99693	310.962	0	
-14.9373	-10.5537	282.548	0	
-12.4622	-9.83583	245.25	0	
152.892	-4.17366	194.843	0	
153.351	-5.97367	190.685	0	
-53.1733	-11.2586	343.769	0	
-54.2336	-12.8416	385.115	0	
68.52	-12.1756	159.427	0	
71.1071	-11.6299	179.517	0	
65.733	-7.35767	199.596	0	
66.9129	-9.1213	183.683	0	
114.678	-12.5755	201.704	0	
116.661	-9.80201	200.716	0	
-98.9278	-9.98631	417.235	0	
-97.9109	-9.56399	403.262	0	
-158.804	-9.33775	367.024	0	
-159.058	-14.5601	513.019	0	
135.002	-9.28512	224.079	0	
135.765	-10.3009	208.34	0	
142.517	-14.817	188.55	0	
142.515	-9.29725	205.534	0	
-11.3083	-9.4441	213.549	0	
-10.4966	-10.2006	226.122	0	
-4.95676	-12.1932	200.487	0	
-5.20371	-9.3595	188.478	0	
-5.60855	-8.04958	178.981	0	
-5.79843	-10.2986	189.001	0	
84.8215	-9.32614	224.757	0	
86.9588	-8.36068	218.98	0	
-43.809	-10.2505	365.71	0	
-41.9054	-13.3296	461.907	0	
25.2914	-10.9172	212.942	0	
26.5526	-8.2935	217.944	0	
-76.9044	-11.0781	420.87	0	
-76.7794	-14.4524	555.841	0	
48.5865	-12.6505	99.0375	0	
44.7177	-15.5227	92.5596	0	
-65.7849	-10.3377	352.815	0	
-63.3258	-10.2259	334.357	0	
-141.315	-13.8769	614.371	0	
-139.374	-15.0529	661.737	0	
-110.869	-7.36299	271.839	0	
-112.007	-8.44335	325.1	0	
-107.817	-12.2873	620.171	0	
-105.051	-12.7482	659.249	0	
-104.358	-11.9975	560.58	0	
-103.297	-10.1943	464.94	0	
155.438	-6.92805	174.37	0	
156.036	-4.7461	163.72	0	
117.312	-13.5653	202.707	0	
118.033	-9.88631	204.639	0	
116.355	-11.0687	201.482	0	
117.474	-11.9625	206.805	0	
-102.872	-12.545	647.187	0	
-93.1257	-11.7821	599.712	0	
-96.1245	-8.49489	353.987	0	
-97.9198	-8.20977	353.547	0	
135.653	-12.0415	222.525	0	
138.166	-10.5974	208.462	0	
-10.5508	-11.909	231.281	0	
-8.11352	-10.5408	207.795	0	
-40.2615	-12.7769	466.251	0	
-42.04	-11.4311	417.016	0	
50.2887	-14.2741	81.9521	0	
48.8774	-14.2949	85.3946	0	
-143.368	-14.7702	649.182	0	
-141.356	-16.7587	723.225	0	
-108.789	-14.1046	720.747	0	
-105.786	-14.819	784.606	0	
-106.492	-11.2619	541.254	0	
-104.485	-10.3045	471.652	0	
154.983	-8.33706	182.038	0	
157.315	-10.0844	178.744	0	
-12.7418	-11.4089	257.477	0	
-10.4386	-16.5777	317.687	0	
-142.979	-16.4059	705.322	0	
-135.437	-17.0036	771.245	0	
-107.7	-11.2334	537.148	0	
-106.718	-13.2315	659.383	0	
-106.72	-14.3176	727.448	0	
-104.822	-14.1548	712.88	0	
-107.678	-14.8481	778.882	0	
-106.662	-17.2481	894.014	0	
-103.394	-14.8644	760.694	0	
-99.7033	-11.2635	570.998	0	
-108.931	-12.6299	631.389	0	
-108.958	-16.5273	855.269	0	
-105.655	-20.5199	997.691	0	
-105.637	-16.3884	813.912	0	
-103.901	-16.5236	869.484	0	
-102.471	-18.6299	914.3	0	
-102.137	-14.0053	701.307	0	
-100.14	-14.9909	767.619	0	
-110.286	-11.7972	575.759	0	
-111.399	-12.6504	652.081	0	
-113.122	-18.6584	943.075	0	
-106.915	-19.2489	951.102	0	
-83.5019	-11.3454	470.335	0	
-84.7768	-8.5285	350.841	0	
5.18749	-10.1584	184.081	0	
9.08133	-11.585	186.237	0	
148.054	-12.0398	197.461	0	
155.733	-9.98069	188.751	0	
124.619	-10.2819	215.217	0	
123.277	-9.39622	209.221	0	
-94.7102	-10.97	461.957	0	
-91.8916	-10.3465	456.182	0	
-34.5683	-8.61406	332.729	0	
-33.1047	-9.04282	402.846	0	
-132.683	-11.1551	507.807	0	
-127.605	-11.4611	495.995	0	
-36.2022	-11.6214	457.231	0	
-31.3417	-15.1827	608.766	0	
-121.348	-10.3861	480.986	0	
-118.645	-12.8229	632.111	0	
3.20806	-14.2967	180.042	0	
5.69253	-12.6004	181.705	0	
95.2197	-11.015	202.842	0	
96.9968	-13.8025	209.443	0	
-131.48	-8.92065	363.013	0	
-130.485	-9.98181	446.998	0	
106.782	-14.8068	207.273	0	
111.562	-12.6703	194.233	0	
31.0575	-10.3694	211.838	0	
29.684	-12.3846	202.532	0	
-137.296	-13.4486	643.782	0	
-132.803	-13.5049	639.03	0	
-135.722	-10.8332	482.762	0	
-133.423	-12.2295	566.769	0	
-118.21	-14.8648	781.237	0	
-116.027	-12.5168	567.078	0	
-22.3633	-12.1693	457.596	0	
-20.0099	-10.4848	368.076	0	
-20.747	-14.9128	495.432	0	
-18.36	-14.0771	422.182	0	
43.1871	-13.5407	123.696	0	
46.452	-12.0425	120.66	0	
-71.7784	-13.8457	455.027	0	
-69.7917	-11.3165	379.345	0	
73.3068	-14.8163	147.907	0	
76.4355	-16.7593	147.151	0	
-3.84654	-9.82556	181.403	0	
0.144706	-13.0049	183.447	0	
21.5626	-17.4532	187.48	0	
22.5117	-12.3355	207.259	0	
-58.8949	-14.2758	405.091	0	
-56.339	-13.0579	366.32	0	
-148.141	-9.92691	392.725	0	
-146.834	-13.2607	557.912	0	
66.7628	-12.4738	146.27	0	
70.006	-19.6806	97.8442	0	
-160.553	-9.0254	364.356	0	
-159.176	-11.769	448.116	0	
-156.521	-12.7272	483.777	0	
-158.362	-13.1206	461.553	0	
141.158	-8.8312	212.758	0	
141.365	-11.4188	206.073	0	
-5.92035	-13.6588	214.812	0	
-3.20901	-10.9036	189.039	0	
23.6614	-13.4751	204.634	0	
28.2963	-11.9081	211.021	0	
-75.2628	-16.7169	604.761	0	
-73.3303	-16.3887	574.848	0	
-67.2219	-11.471	369.76	0	
-65.1688	-14.6683	444.966	0	
-102.691	-9.25561	402.647	0	
-102.231	-11.609	524.392	0	
115.736	-14.0151	204.172	0	
118.668	-14.5557	209.442	0	
133.054	-11.1573	223.345	0	
134.015	-16.8703	189.359	0	
-145.328	-13.1711	554.86	0	
-144.149	-17.5877	726.45	0	
3.45162	-12.2212	181.135	0	
4.57339	-11.607	180.599	0	
29.713	-9.35652	220.491	0	
31.8669	-12.3816	195.93	0	
30.9139	-11.7003	208.535	0	
33.3971	-14.3639	178.671	0	
-133.438	-14.7017	721.043	0	
-131.142	-11.2267	503.019	0	
41.0061	-15.7017	118.037	0	
45.9153	-14.5531	92.1244	0	
-67.4531	-20.0901	551.801	0	
-70.5416	-13.5766	471.073	0	
140.534	-13.1639	205.878	0	
145.768	-10.5881	207.857	0	
-5.53259	-15.2573	218.928	0	
0.178022	-14.5592	185.383	0	
-3.72452	-12.3322	191.214	0	
-2.71388	-14.7698	199.534	0	
7.6779	-13.9717	180.612	0	
6.76272	-11.7336	182.574	0	
29.5049	-13.9919	196.298	0	
31.9519	-14.1118	188.155	0	
-130.98	-15.9805	785.475	0	
-130.566	-12.2556	590.291	0	
-73.7441	-13.208	452.942	0	
-73.1013	-14.6223	533.28	0	
-1.44701	-12.6425	187.265	0	
-2.68041	-13.4316	192.12	0	
1.56374	-15.2736	185.365	0	
6.01299	-13.926	180	0	
26.6919	-13.0933	205.431	0	
29.2162	-17.5896	177.85	0	
51.0452	-17.2525	49.9194	0	
53.0501	-20.8759	34.8276	0	
36.9582	-16.4038	138.235	0	
39.79	-16.7517	111.881	0	
38.1303	-19.8044	107.437	0	
39.9382	-19.1283	97.6192	0	
43.6012	-18.7946	77.7816	0	
42.3062	-16.182	99.3617	0	
-82.3892	-10.1749	418.364	0	
-82.455	-12.8905	546.394	0	
14.0451	-11.0171	196.999	0	
14.852	-12.6775	188.813	0	
17.2937	-13.8867	194.582	0	
18.1473	-11.8236	200.11	0	
17.4508	-15.3142	188.207	0	
20.2092	-15.1496	192.456	0	
33.6728	-17.1308	152.658	0	
36.4881	-17.9739	124.849	0	
130.596	-14.0507	204.582	0	
134.127	-12.6753	203.679	0	
102.443	-14.6338	203.675	0	
104.933	-12.6294	204.85	0	
79.4042	-10.9256	225.205	0	
79.6786	-14.2977	203.59	0	
-27.014	-11.1758	482.17	0	
-26.1625	-15.0937	552.054	0	
-43.8687	-19.1773	531.238	0	
-42.3181	-14.5444	481.632	0	
-163.955	-11.787	432.275	0	
-160.783	-11.5983	417.447	0	
-164.783	-5.83999	327.033	0	
-166.119	-7.08519	355.254	0	
58.1561	-15.9459	63.1944	0	
62.579	-16.7158	72.1828	0	
-13.6232	-8.68649	225.686	0	
-16.6025	-10.9267	320.591	0	
-15.8483	-13.225	362.955	0	
-13.5944	-14.801	346.829	0	
-19.3835	-15.5782	442.602	0	
-16.8078	-14.5128	391.944	0	
-56.452	-15.7945	413.824	0	
-53.8368	-17.0766	435.216	0	
-96.8696	-13.7314	655.115	0	
-94.5484	-15.0518	796.163	0	
153.126	-8.61656	188.216	0	
149.81	-11.02	204.143	0	
158.142	-11.7521	198.167	0	
161.018	-9.52926	197.322	0	
-110.259	-10.2188	449.162	0	
-113.298	-11.1947	496.809	0	
-116.68	-25.8445	1096.86	0	
-105.74	-22.5863	1020.41	0	
-108.89	-20.1003	986.193	0	
-109.55	-22.5022	1020.4	0	
-120.01	-10.7526	483.908	0	
-122.582	-11.9066	526.616	0	
-121.595	-14.5863	762.887	0	
-116.141	-17.1793	875.077	0	
-24.3048	-14.3498	535.671	0	
-26.1008	-17.7238	609.651	0	
-60.6391	-16.1046	442.426	0	
-57.6917	-16.8374	437.685	0	
-59.3933	-19.7974	473.701	0	
-57.5448	-19.1921	454.219	0	
-53.9834	-23.8992	485.306	0	
-54.7536	-15.7989	423.107	0	
-147.278	-11.012	452.462	0	
-149.71	-9.82016	399.833	0	
-154.974	-17.4267	614.975	0	
-152.997	-17.8031	631.62	0	
-160.94	-15.0299	508.376	0	
-160.329	-17.9665	578.036	0	
23.2844	-15.1855	196.263	0	
27.6565	-14.5113	195.301	0	
-63.8792	-15.2044	444.399	0	
-61.608	-13.3284	395.978	0	
114.723	-15.6841	206.135	0	
120.135	-18.441	190.68	0	
-147.098	-14.7385	602.171	0	
-144.623	-14.5258	611.569	0	
-149.845	-13.7749	544.306	0	
-148.214	-20.9839	759.742	0	
-144.916	-21.0622	808.708	0	
-139.098	-18.6886	815.097	0	
-134.79	-14.656	673.106	0	
-137.331	-14.9865	668.264	0	
-129.884	-19.4724	907.999	0	
-126.958	-15.093	761.87	0	
-130.336	-14.6946	713.812	0	
-128.598	-14.1913	695.66	0	
-4.00096	-15.5273	212.539	0	
-3.82516	-16.8719	212.783	0	
1.31527	-17.3891	188.203	0	
3.26118	-18.0918	186.759	0	
41.8995	-20.075	76.2068	0	
48.0769	-19.5761	54.5926	0	
14.5145	-15.8517	183.204	0	
17.7651	-18.9047	183.803	0	
30.8757	-16.7082	172.997	0	
31.9375	-19.0594	151.091	0	
99.5832	-15.8868	208.187	0	
104.394	-16.9028	193.514	0	
-43.1677	-17.5243	515.836	0	
-41.5437	-17.3198	528.483	0	
-166.881	-10.5201	415.563	0	
-164.273	-15.713	509.437	0	
-164.951	-4.02379	301.195	0	
-168.03	-4.80112	348.724	0	
-168.857	-10.1897	404.662	0	
-165.513	-8.78181	375.516	0	
-11.6422	-12.7255	285.96	0	
-14.3871	-13.2981	315.015	0	
-15.9597	-20.9036	429.499	0	
-14.6321	-16.5117	371.312	0	
-115.902	-13.9962	759.778	0	
-110.945	-14.3859	742.317	0	
-116.242	-19.0374	937.077	0	
-114.512	-15.047	776.875	0	
-18.1512	-17.2228	445.355	0	
-16.3844	-16.2967	410.095	0	
-157.484	-18.8206	605.252	0	
-154.708	-20.9576	684.455	0	
-67.0488	-13.0002	420.915	0	
-69.6038	-15.2235	480.511	0	
-69.1581	-18.212	557.939	0	
-64.9034	-17.5507	486.592	0	
-63.6932	-16.6308	461.463	0	
-61.1092	-17.6747	454.15	0	
118.536	-16.2566	195.857	0	
123.097	-14.389	206.937	0	
-152.505	-15.1121	552.718	0	
-149.771	-19.4101	718.306	0	
-147.066	-17.904	701.055	0	
-148.655	-17.0383	671.377	0	
-135.881	-13.2142	611.439	0	
-138.498	-15.7999	730.891	0	
-140.724	-18.4569	787.233	0	
-135.949	-15.5717	753.384	0	
-133.606	-17.3282	841.927	0	
-136.555	-18.0593	822.09	0	
-7.1025	-17.6952	253.54	0	
-4.65374	-19.0196	229.913	0	
-3.16268	-21.2307	223.878	0	
3.66696	-19.9074	189.262	0	
44.1293	-23.3153	54.3025	0	
45.0068	-16.9208	81.4215	0	
43.3904	-17.4259	82.0788	0	
47.7579	-15.2667	80.584	0	
12.0085	-18.0165	179.557	0	
16.4071	-18.142	181.615	0	
19.728	-22.2386	178.44	0	
22.868	-18.2191	185.281	0	
27.312	-16.4386	187.393	0	
30.6349	-19.4767	157.296	0	
31.6725	-23.193	136.372	0	
37.6348	-21.4942	102.5	0	
96.4865	-18.0858	202.843	0	
101.988	-19.9723	174.559	0	
105.812	-17.6468	205.527	0	
107.111	-16.5046	192.081	0	
-45.8921	-19.6077	504.635	0	
-38.8312	-20.1298	590.302	0	
-114.094	-20.2243	953.837	0	
-111.556	-17.9829	893.675	0	
-66.5055	-17.1878	496.792	0	
-64.6615	-19.2122	505.647	0	
-151.408	-23.2137	757.023	0	
-140.471	-21.1779	848.625	0	
-151.895	-16.6214	639.227	0	
-151.56	-19.5365	683.669	0	
-136.767	-19.9531	861.107	0	
-134.726	-24.8119	999.124	0	
-8.60262	-16.1762	251.52	0	
-14.0689	-19.314	385.162	0	
-4.89082	-17.7194	229.783	0	
-2.05553	-18.2085	204.42	0	
-6.11466	-16.7353	232.323	0	
-7.41927	-21.9732	283.566	0	
-9.09403	-28.4287	346.23	0	
-3.41257	-19.4953	230.089	0	
-5.4542	-20.2862	248.488	0	
-4.44643	-21.8882	253.69	0	
-5.67832	-23.3415	248.179	0	
2.07864	-21.3917	199.745	0	
45.4145	-19.7363	60.7175	0	
46.69	-18.909	60.6181	0	
12.2321	-20.274	179.001	0	
14.9003	-18.702	180.685	0	
31.1274	-27.5013	131.968	0	
19.2976	-20.7971	181.301	0	
20.2476	-18.2855	186.257	0	
20.329	-19.7261	180.914	0	
26.2453	-19.7737	176.701	0	
30.3356	-20.8117	153.093	0	
31.6961	-21.6043	142.455	0	
32.8481	-20.4522	141.328	0	
104.149	-21.4386	195.275	0	
107.67	-20.6902	195.559	0	
109.829	-15.7924	193.811	0	
108.008	-13.4722	194.003	0	
-40.8614	-19.2413	558.738	0	
-39.0853	-13.5748	508.863	0	
-67.6953	-18.3672	531.775	0	
-66.0213	-20.5722	547.824	0	
45.6102	-21.8387	52.3589	0	
49.1074	-18.2034	55.5329	0	
7.90595	-19.7687	179.836	0	
17.4635	-23.3824	179.758	0	
24.0478	-16.7919	188.179	0	
21.6542	-15.8849	192.603	0	
18.0708	-20.6566	179.875	0	
21.4492	-22.3534	177.417	0	
29.2453	-18.9186	165.676	0	
28.0244	-20.0597	165.887	0	
23.0956	-20.1647	179.902	0	
25.8411	-26.6466	161.091	0	
104.349	-24.2569	160.407	0	
108.965	-22.8752	167.966	0	
112.043	-23.1144	183.739	0	
108.94	-19.0414	186.716	0	
111.331	-16.5922	202.105	0	
113.149	-13.3719	207.695	0	
-70.1221	-16.9281	534.989	0	
-70.1634	-19.959	577.597	0	
-65.9701	-23.1052	569.128	0	
-62.8087	-23.1899	540.426	0	
42.2319	-22.4932	69.0486	0	
48.5849	-27.9205	32.0477	0	
48.0466	-16.7778	67.3076	0	
46.4932	-17.4623	66.7803	0	
15.2442	-22.2955	179.526	0	
17.0346	-22.0573	180.476	0	
13.2208	-26.7334	189.588	0	
16.2964	-25.1374	181.738	0	
14.6415	-24.549	182.813	0	
22.3095	-27.2731	173.191	0	
21.5806	-25.3774	173.133	0	
24.9586	-21.0296	171.324	0	
26.192	-23.0729	166.504	0	
22.6181	-23.9901	172.434	0	
-71.8095	-17.6302	567.565	0	
-71.7544	-19.7691	617.133	0	
-75.6711	-19.6751	670.747	0	
-70.3639	-26.4796	673.427	0	
47.6108	-24.6164	37.0436	0	
55.936	-21.8347	24.0199	0	
14.9264	-29.2723	190.72	0	
17.8885	-28.1879	183.184	0	
19.6138	-24.9253	177.748	0	
17.8377	-26.2374	180.389	0	
96.1336	-15.1136	204.267	0	
92.9876	-11.566	222.421	0	
-123.787	-18.1217	915.056	0	
-119.728	-15.9291	812.014	0	
160.437	-15.5685	204.826	0	
154.665	-11.5619	185.39	0	
97.9231	-16.6338	202.539	0	
99.2363	-14.1045	206.062	0	
71.0511	-14.9007	144.159	0	
69.1376	-17.0029	84.6285	0	
77.5498	-21.4014	110.121	0	
81.2373	-15.827	203.758	0	
144.801	-13.787	204.956	0	
147.398	-14.305	199.993	0	
64.3731	-18.2336	51.9285	0	
55.7704	-16.0419	55.9625	0	
127.146	-15.3872	199.696	0	
132.097	-18.7523	201.468	0	
82.9865	-11.6991	223.471	0	
80.7804	-12.2553	231.171	0	
-31.1171	-17.9672	622.371	0	
-22.3438	-15.764	508.724	0	
-47.5366	-18.3194	480.451	0	
-50.9254	-15.2368	424.454	0	
154.538	-15.5875	193.568	0	
158.256	-15.1053	213.902	0	
-162.844	-14.4479	488.503	0	
-166.071	-16.2742	502.754	0	
-160.823	-20.3698	590.1	0	
-155.622	-18.9236	632.404	0	
-0.371018	-18.6341	204.621	0	
-1.44804	-22.1309	227.217	0	
-171.272	-4.42254	367.069	0	
-168.934	-8.07153	391.044	0	
-171.16	-10.4423	426.68	0	
-167.304	-14.7893	475.09	0	
116.862	-17.6733	204.277	0	
117.061	-19.4438	187.508	0	
121.309	-16.1266	199.817	0	
123.516	-18.2744	192.215	0	
119.942	-16.9579	205.456	0	
122.203	-19.1336	197.888	0	
121.788	-22.0523	189.213	0	
128.154	-19.8674	196.458	0	
122.814	-16.7505	203.832	0	
126.442	-19.8934	183.439	0	
129.283	-18.192	187.816	0	
128.98	-15.8981	212.744	0	
-143.68	-19.4956	777.983	0	
-138.639	-20.3011	821.648	0	
-144.352	-23.9754	839.031	0	
-141.709	-23.5747	917.531	0	
-46.7173	-21.9615	521.404	0	
-44.9828	-23.7235	538.225	0	
-111.942	-15.4712	809.556	0	
-114.583	-16.8615	867.679	0	
-127.232	-23.7913	1035.78	0	
-132.391	-19.3541	871.488	0	
-37.4688	-16.2925	571.941	0	
-34.0125	-14.1114	565.722	0	
110.819	-18.7391	192.897	0	
114.974	-17.5352	191.21	0	
-61.0788	-24.5294	536.424	0	
-60.1859	-21.4759	498.511	0	
46.7281	-26.537	40.7957	0	
57.9264	-25.6915	21.9824	0	
49.9927	-24.2756	32.521	0	
51.0695	-26.2237	30.7787	0	
24.0592	-27.9748	163.656	0	
25.1288	-24.5576	164.457	0	
10.2091	-32.8137	212.635	0	
20.0773	-34.8168	193.45	0	
152.885	-10.6454	195.757	0	
152.627	-15.1688	203.786	0	
-23.999	-22.795	591.82	0	
-20.3718	-19.8438	498.616	0	
162.894	-20.6025	252.248	0	
168.669	-9.91486	226.036	0	
-166.306	-18.6583	537.471	0	
-163.311	-17.2695	534.224	0	
-163.044	-21.1513	592.603	0	
-163.405	-26.3577	647.483	0	
-158.888	-20.8035	635.454	0	
-155.905	-23.0771	694.495	0	
-175.456	-4.61148	398.254	0	
-173.442	-5.31771	395.593	0	
115.968	-21.1764	187.123	0	
117.655	-22.3656	184.321	0	
125.62	-21.427	191.642	0	
128.849	-25.3436	175.451	0	
-36.0833	-14.9077	541.335	0	
-33.9437	-11.7967	509.94	0	
-64.2649	-27.3595	586.187	0	
-57.5226	-27.1	539.696	0	
150.113	-16.3628	192.625	0	
143.549	-20.8731	183.274	0	
-168.208	-20.1345	534.32	0	
-164.719	-23.9329	595.265	0	
-154.349	-26.2471	748.893	0	
-152.623	-21.1941	715.793	0	
-177.477	-6.56631	414.028	0	
-176.197	-8.35113	419.44	0	
113.322	-21.3651	178.505	0	
113.522	-24.7913	166.624	0	
124.173	-24.6076	174.463	0	
125.814	-24.3905	179.085	0	
123.362	-20.9558	181.187	0	
122.439	-23.6966	175.029	0	
129.181	-21.6612	177.318	0	
126.519	-22.8282	176.432	0	
155.359	-13.4264	201.951	0	
156.443	-18.0955	214.123	0	
-180.464	-6.32937	420.602	0	
-183.42	-8.96243	432.329	0	
-177.705	-11.2426	440.906	0	
-175.969	-13.4468	454.346	0	
127.132	-26.0829	175.735	0	
128.367	-23.0885	185.726	0	
120.016	-24.5703	178.581	0	
118.892	-28.3702	172.395	0	
125.422	-27.699	175.894	0	
129.764	-31.3597	182.887	0	
123.334	-26.6169	174.644	0	
120.778	-26.491	163.555	0	
-102.285	-22.5385	1021.95	0	
-97.2575	-19.9013	949.129	0	
132.38	-24.702	177.579	0	
136.284	-22.1206	194.066	0	
-103.989	-23.577	1035.93	0	
-103.326	-20.5419	973.502	0	
-112.377	-22.409	1059.05	0	
-105.556	-27.6768	1078.75	0	
5.74069	-20.5493	187.064	0	
7.5229	-17.7227	180.234	0	
-20.4831	-22.0635	522.966	0	
-14.3528	-25.6867	424.315	0	
29.7663	-24.1578	143.536	0	
29.487	-26.3451	140.153	0	
35.1287	-23.6147	110.427	0	
37.0318	-24.956	92.8776	0	
34.8121	-27.9521	105.488	0	
43.3238	-27.2252	54.0208	0	
94.12	-15.4913	218.414	0	
93.4857	-24.0996	153.665	0	
-79.4098	-23.449	786.148	0	
-71.3322	-24.3165	669.23	0	
-69.4466	-23.1758	620.645	0	
-73.6394	-23.6472	692.361	0	
89.5578	-16.5518	201.815	0	
96.3361	-20.2617	177.344	0	
-127.028	-17.1008	861.667	0	
-121.894	-23.0948	1028.67	0	
68.2326	-21.7156	55.5011	0	
79.4424	-23.1216	115.345	0	
86.8982	-19.9264	178.021	0	
80.3479	-18.1215	165.03	0	
82.3895	-19.6373	167.768	0	
86.3885	-13.8574	212.167	0	
-55.3884	-19.4269	456.951	0	
-50.2037	-18.5932	473.026	0	
-0.917212	-24.7407	224.957	0	
5.84224	-24.5736	192.742	0	
-50.6072	-24.7326	517.271	0	
-56.6718	-24.5493	525.565	0	
44.5614	-26.0209	50.9705	0	
45.7654	-31.2112	38.6878	0	
24.3296	-30.7241	167.172	0	
27.5466	-27.543	147.262	0	
21.8114	-31.2974	175.648	0	
26.9293	-34.0124	146.386	0	
26.6161	-36.544	166.81	0	
30.9088	-29.6374	126.029	0	
-58.7245	-31.9855	583.503	0	
-55.849	-29.4565	554.59	0	
-51.1767	-29.1454	542.386	0	
-48.8053	-22.6909	502.414	0	
108.908	-27.4124	154.148	0	
120.051	-30.8405	155.765	0	
158.265	-17.5268	205.863	0	
160.447	-17.99	230.42	0	
134.431	-25.5683	188.13	0	
133.218	-21.133	181.064	0	
-103.823	-26.3617	1057.7	0	
-96.9897	-22.9475	990.207	0	
5.07364	-22.7618	194.289	0	
10.4408	-21.2085	183.007	0	
29.1614	-30.7222	138.752	0	
36.981	-27.1724	94.7602	0	
-66.2453	-28.329	630.018	0	
-64.269	-24.323	573.536	0	
-74.87	-25.9738	736.628	0	
-72.2381	-27.796	721.909	0	
87.3152	-16.1957	210.821	0	
84.8658	-18.7428	178.526	0	
94.0802	-17.5908	192.04	0	
91.7124	-18.9789	201.383	0	
-129.312	-17.485	864.517	0	
-127.305	-21.0149	954.011	0	
-3.86374	-25.2937	269.897	0	
5.4933	-29.4729	217.133	0	
29.4734	-38.7537	131.549	0	
31.6042	-33.8268	119.891	0	
108.105	-32.4159	139.827	0	
113.548	-32.1291	146.708	0	
113.872	-29.0437	164.293	0	
117.034	-33.0292	165.591	0	
134.783	-27.8834	184.333	0	
138.615	-25.4237	190.808	0	
-107.642	-26.023	1067.87	0	
-106.348	-31.2003	1085.22	0	
-100.966	-26.6678	1057.72	0	
-93.1607	-31.2543	1012.8	0	
2.76389	-23.3019	201.451	0	
4.31122	-27.1053	212.401	0	
28.9828	-33.1264	141.916	0	
33.0061	-31.4142	124.774	0	
34.9289	-30.6983	96.6855	0	
38.4814	-31.8668	78.716	0	
-66.9754	-31.0995	667.24	0	
-62.1239	-31.326	610.089	0	
85.2306	-16.8461	197.355	0	
89.5056	-18.3858	190.723	0	
81.9657	-22.1595	137.277	0	
84.9532	-24.0298	142.677	0	
89.8724	-23.1857	162.057	0	
91.3212	-25.1456	154.269	0	
131.261	-29.474	174.532	0	
136.954	-32.0201	199.296	0	
141.677	-24.3634	202.875	0	
141.302	-18.2163	207.149	0	
1.20265	-25.3411	217.138	0	
1.98138	-27.3326	221.366	0	
90.8889	-28.1474	125.063	0	
96.7684	-28.2638	135.977	0	
0.918909	-29.8584	235.101	0	
3.45664	-31.3431	233.367	0	
7.75047	-36.462	234.838	0	
15.8166	-35.4838	196.371	0	
66.5454	-16.5877	101.581	0	
63.3812	-14.2791	90.4363	0	
58.9203	-20.414	38.5738	0	
61.3014	-22.5688	27.4905	0	
102.516	-26.0697	171.057	0	
106.974	-29.6456	157.08	0	
-22.3816	-18.1055	566.54	0	
-26.3447	-25.0515	568.902	0	
-22.6631	-30.2445	510.404	0	
-21.0789	-26.7589	513.507	0	
-26.1409	-29.541	563.004	0	
-18.6898	-23.3582	477.699	0	
-11.4307	-25.6742	340.12	0	
-16.2486	-23.0146	438.785	0	
-18.8205	-26.1897	472.269	0	
-16.1858	-27.8696	429.827	0	
-16.3708	-31.4126	438.043	0	
-2.2199	-30.6693	273.803	0	
-165.288	-30.4416	627.949	0	
-155.379	-28.8576	751.492	0	
-170.197	-15.3999	477.551	0	
-172.793	-23.5197	543.44	0	
-158.754	-28.5063	722.657	0	
-149.362	-31.5687	837.309	0	
-151.937	-26.1472	775.155	0	
-148.563	-27.4136	818.738	0	
40.5752	-24.4134	69.5757	0	
41.235	-26.4397	69.7051	0	
39.3465	-27.9873	72.5346	0	
43.6698	-29.6817	57.0757	0	
-119.911	-18.2986	932.622	0	
-124.094	-25.3232	1038.38	0	
69.9589	-24.0519	56.7701	0	
74.3722	-26.5113	67.3395	0	
-43.5202	-28.0337	561.698	0	
-41.1048	-26.9176	570.126	0	
45.6445	-34.4095	52.5346	0	
57.7258	-28.1849	25.6224	0	
-50.6472	-20.6109	483.148	0	
-53.7357	-21.2242	485.763	0	
29.4323	-42.7301	172.694	0	
42.1901	-41.0238	76.0734	0	
-110.076	-27.7191	1086.68	0	
-109.457	-31.1257	1096.94	0	
-72.4246	-30.8368	738.433	0	
-67.9734	-37.8381	723.191	0	
124.044	-34.7986	165.444	0	
134.598	-32.7421	189.767	0	
139.541	-34.4513	203.356	0	
142.962	-33.185	223.062	0	
142.092	-29.6419	202.987	0	
148.51	-19.357	208.148	0	
80.5541	-29.6085	83.2753	0	
92.9879	-34.5425	110.331	0	
62.5028	-27.3714	26.2953	0	
68.8208	-25.7986	44.1206	0	
99.3116	-24.7791	156.238	0	
99.3141	-30.1951	139.311	0	
-115.285	-31.895	1093.48	0	
-111.927	-33.3451	1087.83	0	
69.5462	-34.0281	40.346	0	
79.5724	-33.2677	72.6074	0	
-44.1552	-30.9474	566.23	0	
-42.0313	-32.8134	568.079	0	
-34.733	-29.0764	580.422	0	
-36.7046	-27.1551	589.661	0	
-112.921	-25.32	1068.97	0	
-117.378	-29.0716	1074.27	0	
-113.022	-38.1383	1071.48	0	
-99.2686	-47.8125	985.382	0	
131.766	-40.7915	198.111	0	
131.554	-36.7674	196.044	0	
134.021	-35.2448	194.711	0	
141.043	-40.1885	223.225	0	
155.561	-21.7466	228.407	0	
144.199	-26.9478	202.691	0	
98.1431	-32.5452	128.786	0	
101.454	-35.522	130.83	0	
-50.0203	-32.2598	557.549	0	
-41.4487	-38.9732	565.11	0	
-28.8034	-23.1516	622.971	0	
-36.8089	-18.6022	595.315	0	
-36.1861	-24.5162	598.727	0	
-31.4316	-24.887	599.478	0	
129.093	-42.9492	197.847	0	
135.976	-37.0826	204.793	0	
94.7435	-32.279	124.038	0	
94.6156	-37.0446	116.105	0	
100.906	-40.6435	126.365	0	
110.75	-33.732	155.602	0	
-43.5502	-36.1585	572.386	0	
-34.1596	-35.8178	551.82	0	
-33.8566	-19.8504	617.752	0	
-33.6453	-22.9161	618.623	0	
128.822	-47.1099	212.542	0	
137.727	-42.8063	228.218	0	
134.834	-40.7852	211.641	0	
138.523	-46.516	239.081	0	
92.8787	-39.2731	105.361	0	
96.163	-42.1438	115.287	0	
106.463	-44.5713	148.365	0	
108.983	-42.6721	145.225	0	
105.813	-34.2564	144.548	0	
105.532	-37.4341	133.07	0	
89.5816	-34.4861	106.369	0	
90.128	-39.487	102.749	0	
97.2097	-44.7072	121.661	0	
101.919	-43.3194	133.077	0	
84.3191	-41.2349	80.6588	0	
91.3387	-52.0365	116.376	0	
89.5576	-42.5346	94.6962	0	
81.4931	-41.6989	74.8842	0	
95.9374	-47.2743	122.254	0	
98.1366	-49.4249	131.458	0	
92.9632	-47.1079	111.228	0	
90.6497	-49.189	111.046	0	
101.028	-55.1768	154.118	0	
107.487	-47.7288	147.766	0	
-176.395	-17.8385	479.206	0	
-170.865	-18.361	510.027	0	
158.641	-26.6494	250.416	0	
167.45	-29.8075	291.971	0	
163.819	-14.0469	217.239	0	
165.834	-20.0902	259.871	0	
-82.9362	-22.1702	847.595	0	
-82.4152	-29.8628	892.718	0	
13.9346	-32.2123	205.158	0	
15.4264	-43.0324	220.849	0	
-93.9232	-24.8825	997.864	0	
-95.1913	-28.5644	1035.21	0	
-12.2012	-31.9842	367.025	0	
-0.050443	-37.9438	284.954	0	
-170.048	-28.3642	572.93	0	
-169.909	-34.9072	579.905	0	
-175.552	-26.4033	526.522	0	
-168.238	-31.4492	620.884	0	
-163.373	-32.6589	672.037	0	
-158.594	-33.7461	729.875	0	
39.2777	-35.0013	80.7046	0	
45.5357	-43.4488	68.6263	0	
51.3047	-34.2786	36.0089	0	
57.1859	-38.2505	33.7586	0	
65.866	-22.6495	40.8083	0	
66.2765	-25.3725	41.1604	0	
65.0587	-27.527	31.0517	0	
70.0496	-28.2358	44.4491	0	
60.6482	-25.1916	30.4647	0	
63.7233	-32.6599	26.9213	0	
72.3846	-28.698	54.9219	0	
73.1753	-24.3025	67.0531	0	
55.5954	-24.4894	27.7992	0	
61.4687	-30.0551	28.1144	0	
60.5552	-35.7664	28.512	0	
81.1507	-35.4404	74.0838	0	
73.3033	-31.0392	53.8946	0	
76.5381	-28.0269	72.7953	0	
65.6928	-37.7875	34.34	0	
76.9587	-33.4263	60.912	0	
53.3751	-26.3494	23.2328	0	
54.4684	-31.2156	27.7627	0	
75.3893	-36.5274	54.8544	0	
76.8566	-39.0697	59.7497	0	
54.8697	-28.7071	23.6094	0	
56.7071	-33.7431	25.3843	0	
83.9175	-35.0984	82.954	0	
87.8279	-32.1057	99.3956	0	
72.8852	-36.7942	48.8687	0	
75.8031	-42.3709	63.6204	0	
85.5972	-37.3354	88.6268	0	
88.4586	-37.2022	93.6891	0	
72.7979	-44.0544	54.6404	0	
86.6101	-44.1493	91.8015	0	
-123.722	-28.4926	1067.53	0	
-120.811	-29.5918	1082.66	0	
150.121	-31.3437	241.724	0	
156.288	-37.8572	283.148	0	
-53.5446	-35.616	580.25	0	
-47.0527	-36.5959	569.014	0	
-36.5968	-31.7704	576.573	0	
-20.5897	-33.2183	478.439	0	
143.854	-47.6416	265.505	0	
145.036	-39.5343	253.709	0	
103.918	-49.441	152.272	0	
111.218	-49.8803	176.555	0	
87.7526	-55.1257	123.06	0	
90.0899	-59.2584	136.508	0	
94.5676	-57.68	139.237	0	
93.0937	-69.8695	195.221	0	
169.97	-22.1259	278.392	0	
171.603	-17.721	287.117	0	
3.85461	-35.3037	247.749	0	
13.0913	-45.9405	247.179	0	
-180.589	-25.9889	493.509	0	
-192.665	-26.4688	439.555	0	
-173.97	-29.3376	555.708	0	
-176.618	-35.3373	536.685	0	
-162.77	-36.6142	677.178	0	
-155.533	-35.0711	724.391	0	
-157.861	-46.2015	699.5	0	
-147.14	-35.7994	901.967	0	
85.5008	-26.9974	113.586	0	
85.0253	-32.5848	95.8507	0	
64.854	-50.1292	65.3732	0	
86.7866	-47.94	96.2105	0	
78.9975	-44.3879	70.3938	0	
72.7971	-48.6791	72.2848	0	
-130.576	-30.6339	1041.33	0	
-117.727	-33.9423	1079.5	0	
-57.5764	-35.0307	609.376	0	
-65.0388	-36.0069	668.503	0	
-29.4637	-35.8779	553.861	0	
-25.9006	-39.4647	500.543	0	
107.805	-39.0318	148.021	0	
121.709	-41.3277	173.122	0	
104.47	-53.8353	157.664	0	
108.524	-56.6251	187.533	0	
83.9313	-50.188	95.0535	0	
80.5448	-63.4089	138.064	0	
89.3072	-76.3182	188.97	0	
98.8529	-59.24	161.3	0	
-175.111	-40.5931	555.401	0	
-164.612	-39.5604	642.043	0	
-159.609	-36.8633	701.472	0	
-156.548	-38.1883	754.711	0	
76.0711	-58.7856	102.684	0	
84.2083	-54.5263	97.9364	0	
-138.59	-32.4394	987.483	0	
-125.361	-37.5125	1049.1	0	
-124.325	-33.6511	1063.03	0	
-120.933	-40.9712	1037.39	0	
-54.3845	-41.935	610.584	0	
-51.2706	-44.9273	616.234	0	
-129.035	-49.7746	946.15	0	
-103.587	-52.5542	950.788	0	
-52.1807	-51.22	610.943	0	
-39.6401	-47.1761	564.031	0	
-78.7991	-29.6149	827.199	0	
-76.3481	-32.3433	811.794	0	
-83.8552	-32.9628	912.592	0	
-74.4412	-38.3037	805.925	0	
-87.4414	-33.1129	961.069	0	
-72.5906	-49.0301	774.187	0	
-67.8977	-42.4047	712.347	0	
-58.8083	-41.4888	654.87	0	
117.039	-36.4817	148.314	0	
113.534	-39.0198	158.332	0	
-94.2577	-38.354	1017.38	0	
-86.7079	-39.0444	928.549	0	
48.1639	-35.6204	38.9025	0	
52.3349	-37.8401	38.8357	0	
56.0887	-40.2862	38.5416	0	
70.6538	-39.1768	43.2412	0	
139.582	-54.755	259.242	0	
153.763	-48.1327	285.513	0	
-3.58723	-34.7941	291.443	0	
-0.479451	-44.0861	302.684	0	
13.6467	-39.4641	227.72	0	
9.30603	-39.8408	234.938	0	
116.145	-56.4869	207.165	0	
115.92	-44.869	172.042	0	
-183.611	-39.9573	501.185	0	
-166.241	-49.2886	595.338	0	
-171.335	-42.0904	566.708	0	
-170.917	-47.4853	595.377	0	
-74.5438	-41.9725	791.769	0	
-61.3254	-56.8511	678.586	0	
113.115	-42.5544	154.69	0	
115.012	-48.8597	177.082	0	
-100.21	-36.8788	1056	0	
-109.767	-42.0695	1043.27	0	
-92.771	-35.3566	998.984	0	
-81.4183	-36.5739	885.739	0	
55.7973	-36.1984	32.1538	0	
59.8547	-38.1431	33.4592	0	
53.4134	-36.0172	32.4445	0	
53.6216	-40.0571	41.831	0	
48.5326	-41.3618	53.9231	0	
52.6935	-46.1473	62.0223	0	
64.4937	-40.3149	40.2175	0	
63.4271	-35.3214	32.4418	0	
45.6619	-49.3253	88.4383	0	
56.3398	-46.6804	53.5427	0	
60.2653	-53.3711	72.9547	0	
66.8236	-43.1472	43.1279	0	
61.5275	-40.2255	37.9962	0	
70.2365	-42.4007	50.4743	0	
60.6381	-43.5631	42.2257	0	
64.2976	-45.4958	51.3647	0	
4.75582	-53.4861	305.006	0	
24.8694	-50.3648	204.146	0	
-90.9343	-43.5835	951.229	0	
-82.8492	-39.4075	901.044	0	
-87.2923	-43.2696	934.275	0	
-84.1002	-45.7929	881.693	0	
-93.318	-48.347	939.37	0	
-76.792	-48.7263	811.556	0	
24.0941	-44.7558	181.726	0	
31.0995	-51.939	170.538	0	
122.642	-52.0034	210.229	0	
130.485	-55.178	247.495	0	
38.2523	-41.8908	99.1319	0	
42.5405	-36.4201	66.5838	0	
72.0821	-33.5333	43.9277	0	
68.44	-37.3959	41.7621	0	
79.7914	-48.3552	83.3799	0	
79.4156	-55.5575	104.347	0	
-139.849	-44.0153	931.892	0	
-130.768	-38.7552	1021.98	0	
-17.5529	-40.1931	416.766	0	
4.50452	-46.8336	292.675	0	
118.563	-62.1604	215.364	0	
125.832	-55.8357	223.68	0	
-165.816	-56.0085	603.006	0	
-155.248	-51.4979	707.489	0	
117.971	-52.4486	191.531	0	
120.383	-44.2543	183.579	0	
37.2289	-46.1676	119.992	0	
39.6262	-56.3489	140.577	0	
17.2874	-65.001	269.103	0	
20.7646	-53.9149	228.698	0	
-80.9396	-65.2236	747.427	0	
-70.8785	-52.8801	765.402	0	
-71.009	-44.4365	781.003	0	
-77.7512	-44.5473	823.571	0	
-79.3983	-53.0157	809.368	0	
-75.5369	-56.346	779.892	0	
133.84	-60.4242	256.822	0	
138.802	-60.4587	283.139	0	
108.939	-63.591	190.785	0	
132.046	-72.9329	278.186	0	
129.363	-65.3666	271.651	0	
126.624	-78.3724	287.225	0	
143.511	-66.778	294.975	0	
149.709	-53.3429	302.638	0	
-43.9829	-43.4557	577.852	0	
-40.3623	-51.9313	565.865	0	
173.27	-37.4909	332.527	0	
177.664	-29.0214	328.908	0	
-181.342	-34.4071	501.122	0	
-184.243	-29.9726	491.312	0	
-28.5082	-44.8735	513.52	0	
-8.06931	-38.2799	335.268	0	
113.239	-79.8722	261.874	0	
117.373	-74.9604	250.734	0	
69.7431	-57.8102	95.9939	0	
69.2885	-52.2984	70.0835	0	
-62.9609	-63.9118	625.088	0	
-54.7103	-76.575	524.706	0	
158.493	-47.3955	311.775	0	
160.613	-41.0862	295.717	0	
-189.781	-50.3984	447.302	0	
-175.122	-50.8804	519.547	0	
49.5977	-50.6313	76.292	0	
56.7183	-51.1728	72.2244	0	
34.078	-56.4939	165.932	0	
41.2928	-51.1771	113.739	0	
-145.33	-46.3921	816.197	0	
-132.327	-55.6097	839.067	0	
-6.27946	-44.8737	342.192	0	
11.1499	-62.9104	294.523	0	
-155.147	-41.7113	743.793	0	
-159.554	-56.8781	615.647	0	
102.709	-64.8643	197.323	0	
105.172	-78.0326	238.902	0	
-33.8562	-57.682	514.324	0	
-15.1421	-51.0495	400.223	0	
163.029	-25.9887	268.93	0	
155.64	-32.1461	253.676	0	
173.36	-43.4143	342.377	0	
182.529	-40.3907	352.468	0	
-202.334	-28.3505	408.483	0	
-191.447	-34.9232	454.152	0	
-17.9778	-45.4036	463.7	0	
-9.23371	-51.1267	370.398	0	
49.8216	-59.759	118.656	0	
61.4242	-72.5533	154.343	0	
-56.7167	-53.1018	657.897	0	
-61.2894	-49.2184	676.978	0	
162.484	-52.3194	319.501	0	
167.77	-51.5814	339.197	0	
-184.664	-51.742	466.868	0	
-180.32	-59.3941	474.018	0	
29.879	-61.6343	210.687	0	
41.6686	-73.1222	203.281	0	
-151.2	-61.9731	648.778	0	
-145.289	-56.8222	751.669	0	
-212.08	-27.7841	390.642	0	
-207.498	-32.6725	399.902	0	
-24.6843	-47.95	471.809	0	
-26.5387	-55.6573	483.474	0	
160.339	-58.1944	329.555	0	
172.77	-62.4501	345.53	0	
-197.875	-45.1372	425.393	0	
-194.769	-53.3743	419.636	0	
-179.276	-67.3385	465.419	0	
-157.927	-61.5929	620.771	0	
-218.022	-40.5477	374.962	0	
-211.667	-44.1582	384.161	0	
-200.237	-40.3216	414.682	0	
-206.408	-39.4852	398.822	0	
172.936	-55.7416	336.743	0	
178.292	-46.2566	342.87	0	
-205.889	-65.242	376.911	0	
-199.466	-70.6549	384.316	0	
-191.535	-67.8854	416.208	0	
-161.719	-68.0139	551.685	0	
-171.043	-59.3546	513.702	0	
-172.879	-67.0048	493.77	0	
-191.715	-44.9122	442.423	0	
-200.1	-50.7029	413.276	0	
-205.261	-54.1378	390.563	0	
-195.846	-58.5252	417.712	0	
-129.129	-69.5474	710.752	0	
-115.812	-52.4653	936.429	0	
-101.78	-59.4168	847.922	0	
-88.8233	-53.6454	869.19	0	
-37.6902	-64.6038	553.574	0	
-22.492	-74.9139	437.95	0	
43.6201	-61.6142	147.432	0	
39.5083	-67.2363	190.625	0	
64.9569	-80.7149	206.43	0	
74.124	-82.9158	188.234	0	
-156.05	-72.842	550.515	0	
-150.043	-68.962	622.794	0	
-224.686	-47.3352	362.068	0	
-224.403	-57.5906	357.036	0	
185.623	-63.141	350.093	0	
178.702	-66.4961	338.366	0	
-170.696	-81.5539	451.111	0	
-156.721	-80.6553	503.881	0	
-127.665	-85.737	560.89	0	
-120.427	-77.9934	669.548	0	
201.426	-61.64	348.649	0	
184.987	-56.0171	347.535	0	
-164.391	-85.6114	447.646	0	
-140.572	-82.9493	579.063	0	
18.7198	-72.1855	283.477	0	
31.3154	-67.1114	215.831	0	
12.4609	-77.706	307.527	0	
23.9978	-86.4953	285.675	0	
-79.7042	-72.8373	674.007	0	
-69.7942	-66.5105	697.615	0	
123.333	-95.0303	295.05	0	
154.151	-80.9255	325.153	0	
-3.1824	-56.9916	345.73	0	
-1.85238	-81.6025	360.591	0	
101.221	-85.1037	241.167	0	
92.3505	-101.931	268.406	0	
152.293	-58.4808	306.328	0	
155.635	-71.3911	318.954	0	
-217.025	-58.3556	365.122	0	
-216.045	-93.3749	333.623	0	
-193.623	-83.2554	372.943	0	
-184.297	-72.0227	414.926	0	
-102.837	-41.5737	1034.26	0	
-109.893	-49.2812	983.127	0	
-108.038	-65.0652	809.515	0	
-101.605	-78.4578	690.179	0	
28.6459	-79.6624	259.93	0	
59.918	-86.6505	216.262	0	
170.418	-78.7794	329.381	0	
178.428	-76.9623	341.785	0	
5.92825	-67.4741	325.987	0	
-1.10036	-91.7231	343.508	0	
-93.6156	-73.0618	702.418	0	
-74.5713	-94.8598	517.477	0	
116.022	-90.9651	270.312	0	
107.68	-94.046	275.754	0	
145.903	-82.8806	308.213	0	
163.768	-86.4638	331.764	0	
-235.325	-71.7392	343.976	0	
-222.256	-77.1799	345.633	0	
-208.671	-79.8768	356.551	0	
-215.604	-74.587	356.111	0	
-199.005	-92.262	357.871	0	
-171.141	-104.221	372.955	0	
30.5822	-95.3532	275.65	0	
42.0096	-95.2987	267.473	0	
43.2363	-86.1471	240.698	0	
80.9892	-121.506	283.288	0	
208.239	-105.482	306.358	0	
185.793	-82.0991	330.623	0	
-2.7078	-63.9821	358.331	0	
-9.44556	-68.4728	393.201	0	
129.8	-87.3494	291.073	0	
165.718	-97.5473	317.255	0	
79.605	-75.4152	187.588	0	
78.9645	-90.28	239.968	0	
-46.5642	-62.8158	553.003	0	
-54.8918	-68.7141	630.57	0	
-115.764	-61.3868	851.719	0	
-125.042	-62.5645	793.033	0	
-8.46874	-78.4819	385.01	0	
-18.7961	-66.1363	413.734	0	
211.999	-64.9254	337.312	0	
209.85	-44.47	352.924	0	
-163.278	-96.8647	422.412	0	
-148.092	-86.8066	476.279	0	
-101.462	-88.7016	569.978	0	
-86.4703	-77.7089	651.856	0	
-85.5899	-117.516	418.801	0	
-47.2327	-105.854	418.991	0	
124.171	-115.29	291.013	0	
139.894	-90.4807	313.739	0	
-223.574	-102.468	325.256	0	
-195.268	-113.183	332.679	0	
-228.016	-68.0976	353.895	0	
73.1206	-100.843	251.959	0	
103.671	-104.412	273.303	0	
-60.2122	-85.4401	556.162	0	
-51.3709	-89.095	483.275	0	
-31.7222	-91.5525	435.203	0	
-16.825	-82.8616	410.487	0	
-180.295	-98.0943	378.196	0	
-149.737	-117.031	377.791	0	
-108.517	-95.3139	510.718	0	
-104.497	-105.246	492.999	0	
135.584	-124.336	313.861	0	
150.205	-105.073	321.423	0	
-233.67	-98.1489	327.172	0	
-205.927	-142.024	322.316	0	
53.1768	-104.751	267.777	0	
34.5189	-121.204	298.441	0	
81.9943	-109.197	270.053	0	
93.4241	-129.367	290.959	0	
-43.9359	-95.8589	444.617	0	
-24.8301	-112.716	378.6	0	
-18.6981	-101.353	372.575	0	
26.5703	-104.825	302.506	0	
188.471	-95.4884	320.594	0	
213.882	-75.4786	338.331	0	
203.754	-80.6852	326.876	0	
-192.161	-101.496	348.936	0	
-185.212	-122.721	333.256	0	
-121.366	-93.9661	544.491	0	
-128.68	-102.67	460.744	0	
-104.461	-126.538	393.733	0	
-90.9643	-130.749	390.859	0	
135.183	-142.168	294.888	0	
196.475	-121.332	306.588	0	
10.4376	-116.861	324.044	0	
23.9064	-130.151	302.776	0	
179.418	-103.455	320.006	0	
165.788	-125.088	312.647	0	
200.594	-94.1618	323.112	0	
233.032	-96.3937	304.051	0	
-143.387	-105.135	414.798	0	
-140.593	-126.139	366.5	0	
-116.079	-133.612	385.826	0	
-151.716	-141.211	346.863	0	
-119.494	-149.627	358.243	0	
-69.3112	-151.988	357.925	0	
-73.3355	-111.746	425.597	0	
-61.6091	-115.311	410.363	0	
-57.3148	-130.807	374.211	0	
-18.0415	-121.725	345.124	0	
-7.33803	-100.973	365.341	0	
-34.9078	-137.302	351.09	0	
-22.4515	-132.629	345.733	0	
227.006	-81.512	325.051	0	
224.708	-106.702	312.135	0	
-189.445	-137.632	321.087	0	
-178.878	-147.951	329.219	0	
8.09998	-149.099	310.626	0	
35.8912	-155.454	302.617	0	
-23.2224	-154.602	335.312	0	
24.1318	-144.007	304.001	0	
-220.606	-127.256	316.776	0	
-37.687	-150.282	351.343	0	
-14.447	-144.158	329.394	0	
-141.191	-153.756	341.927	0	
-59.9493	-146.356	370.49	0	
89.6114	-148.526	287.172	0	
166.514	-146.322	299.444	0	
195.351	-154.873	300.96	0	
232.613	-130.379	302.616	0	
50.6183	-154.947	287.562	0	
211.323	-136.991	294.707	0	
62.8069	-143.791	292.949	0	
76.9501	-154.034	289.497	0	
