# File: UnstructuredGrid_Inversion_L1_Medium_Iter11.dat
# (No specific header documentation)

-159.167	-0.496475	199.422	0	
-157.165	-0.669672	235.68	0	
-60.3125	-0.183316	191.287	0	
36.5625	-0.215758	229.282	0	
135.417	-0.301598	224.376	0	
37.6042	-0.422952	219.471	0	
-169.883	-44.1849	613.068	0	
-59.8958	-0.422952	188.549	0	
-114.636	-2.41546	175.628	0	
-208.422	-34.2476	376.078	0	
-86.1261	-2.20771	183.045	0	
-161.562	-31.1528	696.573	0	
-162.282	-23.9451	668.847	0	
-109.835	-1.50691	171.4	0	
-137.496	-36.1601	987.96	0	
-60.5658	-2.92429	195.436	0	
-135.496	-1.93261	184.443	0	
-148.497	-8.59138	365.02	0	
-147.493	-0.731718	228.947	0	
-143.294	-2.38805	204.16	0	
-144.57	-1.63919	206.146	0	
-129.856	-2.49704	176.974	0	
-151.594	-4.85908	248.838	0	
-155.208	-2.01633	234.031	0	
-146.05	-12.2522	505.811	0	
-152.292	-2.72654	231.347	0	
-159.95	-16.471	582.346	0	
134.062	-0.215758	203.213	0	
-17.1364	-2.41546	211.317	0	
-156.223	-3.45423	230.282	0	
-41.9389	-1.81887	193.439	0	
-154.792	-2.72654	227.48	0	
-153.542	-3.47328	230.794	0	
-12.9102	-2.00366	212.267	0	
-148.984	-2.43144	230.78	0	
35.9149	-1.2602	230.198	0	
-37.3274	-1.09646	200.363	0	
-170.813	-2.26882	386.416	0	
-49.0191	-0.953828	177.299	0	
-166.927	-1.72974	309.56	0	
-163.743	-2.99807	284.578	0	
-57.2993	-2.25256	198.965	0	
-165.769	-3.46425	337.302	0	
-56.0751	-2.94813	207.935	0	
-157.576	-8.14551	359.143	0	
-54.8185	-2.29662	197.064	0	
-63.125	-0.721791	196.869	0	
-162.675	-0.60932	250.639	0	
-83.7351	-0.737194	194.346	0	
-59.8157	-1.67984	188.962	0	
-154.792	-1.40127	228.874	0	
-75.9953	-1.43803	190.777	0	
-160.875	-0.935418	214.704	0	
-65.3125	-0.168989	185.213	0	
85.1796	-0.274425	190.711	0	
-154.375	-0.301598	265.087	0	
61.4296	-0.274425	224.553	0	
-152.083	-0.301598	237.46	0	
-151.042	-0.898582	253.659	0	
44.3765	-1.78274	223.125	0	
-153.125	-0.165467	242.904	0	
55.6275	-1.78303	217.511	0	
-155.625	-0.165467	236.763	0	
78.9555	-2.50699	223.932	0	
-161.767	-1.54474	276.129	0	
-55.2148	-1.54861	190.164	0	
-150.349	-0.895475	253.484	0	
-152.292	-1.40127	239.814	0	
37.2536	-4.54143	219.198	0	
-148.122	-0.734698	236.441	0	
37.7793	-3.10604	224.436	0	
-145.972	-0.479985	228.138	0	
-147.188	-0.177641	229.374	0	
42.9167	-0.301598	219.281	0	
39.3793	-2.25839	222.281	0	
-144.688	-0.215758	204.069	0	
34.375	-0.721791	231.122	0	
-142.235	-0.476056	206.037	0	
-141.347	-0.423952	202.061	0	
32.1875	-0.168989	217.042	0	
-141.613	-1.62659	203.583	0	
40.1085	-0.913153	228.083	0	
-144.062	-0.183316	207.394	0	
40.4167	-0.301598	232.573	0	
15.625	-0.239636	188.325	0	
-135.624	-0.735515	186.293	0	
140.283	-3.23265	212.758	0	
-134.062	-0.18026	181.73	0	
-133.4	-0.495982	184.947	0	
144.783	-3.56216	219.814	0	
-135.207	-0.767958	183.245	0	
148.925	-1.74918	229.702	0	
138.925	-1.74918	216.182	0	
-132.188	-0.215758	170.618	0	
136.951	-1.8827	209.191	0	
-124.375	-0.239636	157.216	0	
-129.099	-0.556858	159.014	0	
138.128	-0.734698	214.931	0	
-132.529	-0.413249	182.005	0	
138.851	-0.785793	213.611	0	
-131.875	-0.399074	177.125	0	
145.417	-0.301598	245.855	0	
-140.724	-1.53667	200.259	0	
22.419	-2.30018	192.589	0	
129.062	-0.215758	182.09	0	
-125.938	-0.215758	168.933	0	
111.458	-1.33328	167.225	0	
-124.017	-0.94652	161.584	0	
-122.539	-0.749484	167.433	0	
-111.875	-0.721791	170.808	0	
-117.066	-1.84152	174.278	0	
120.201	-2.39955	183.278	0	
-119.825	-3.55458	187.58	0	
-117.707	-0.767958	168.496	0	
-95.0314	-3.67244	202.144	0	
-115.104	-0.449365	174.275	0	
-113.646	-0.409544	171.468	0	
-88.5786	-0.248238	176.916	0	
-116.812	-0.462016	176.621	0	
-122.851	-0.997684	169.812	0	
-116.046	-0.964703	171.153	0	
-114.062	-0.168989	171.995	0	
-98.7997	-0.226413	169.929	0	
-109.989	-0.734618	172.196	0	
-104.807	-0.233592	174.642	0	
-109.688	-0.172252	173.348	0	
-108.536	-0.268621	177.372	0	
-107.146	-1.60681	174.338	0	
-110.938	-0.180399	169.506	0	
-108.826	-2.2992	173.572	0	
-136.562	-0.905095	190.997	0	
-107.483	-0.497066	167.937	0	
-135.428	-3.92836	200.158	0	
-98.8784	-0.963537	171.036	0	
-103.955	-1.03334	173.514	0	
-124.896	-0.422952	174.864	0	
-106.509	-0.241641	167.511	0	
-139.923	-0.520942	196.904	0	
-107.812	-0.289741	178.444	0	
-105.417	-0.783538	173.682	0	
-114.062	-0.938054	171.041	0	
-106.127	-1.1915	173.581	0	
-127.348	-0.238692	165.116	0	
131.875	-0.721791	204.131	0	
-103.224	-0.445797	171.574	0	
49.0068	-0.145516	210.937	0	
-129.892	-0.790856	170.983	0	
-101.172	-0.766067	166.882	0	
-131.247	-0.365196	178.946	0	
-90.9259	-1.29981	180.41	0	
-99.4272	-0.273349	169.347	0	
-132.045	-2.2892	173.934	0	
-147.393	-1.46076	221.261	0	
-97.1569	-0.747696	166.916	0	
-133.787	-0.478752	182.515	0	
-94.6988	-0.631602	175.802	0	
-88.5432	-1.03746	179.001	0	
-147.163	-1.88879	213.724	0	
-96.4828	-0.786334	166.091	0	
-146.553	-2.90591	209.933	0	
-97.8923	-1.07371	170.463	0	
-149.65	-0.495739	255.981	0	
-144.769	-1.98384	203.714	0	
-89.3077	-0.463996	185.091	0	
-153.542	-0.898582	243.593	0	
-87.7055	-1.03334	179.56	0	
-86.9743	-0.445797	178.287	0	
-153.542	-2.01633	228.904	0	
-68.3158	-1.84152	200.974	0	
-143.125	-0.239636	214.246	0	
-147.81	-0.184751	233.09	0	
-83.4375	-0.168113	195.064	0	
-150.141	-0.463959	251.949	0	
-81.5625	-0.298189	179.823	0	
-81.2355	-0.506938	174.771	0	
-155.901	-0.895475	233.694	0	
-76.6602	-2.00373	196.511	0	
-151.042	-2.01633	239.669	0	
-84.0749	-1.40842	191.016	0	
-152.708	-2.01633	230.371	0	
-90.2072	-0.767958	180.473	0	
-143.646	-0.422952	210.322	0	
-14.375	-0.721791	228.088	0	
-75.9375	-0.172232	184.481	0	
-23.0152	-2.656	199.881	0	
-68.0618	-0.893533	200.889	0	
-74.0625	-0.289782	195.829	0	
-25.9375	-0.215758	207.995	0	
-74.7864	-0.268605	198.593	0	
-16.5625	-0.168989	235.102	0	
9.00681	-0.145516	184.412	0	
-69.4782	-0.843472	203.15	0	
-0.993187	-0.145516	196.064	0	
-66.3542	-0.449365	183.904	0	
-60.625	-0.399074	187.847	0	
-12.2453	-1.43797	215.884	0	
-68.0618	-0.462016	203.502	0	
-7.32513	-1.74918	215.687	0	
-67.2957	-0.964703	190.029	0	
-2.30916	-3.99418	196.82	0	
-9.36794	-1.83311	210.417	0	
-59.5833	-0.239636	183.251	0	
-39.543	-0.578207	193.653	0	
36.6065	-1.82452	224.776	0	
-57.7581	-1.02632	195.749	0	
-41.8202	-0.457987	191.505	0	
-62.495	-0.726698	197.224	0	
-8.12247	-0.734698	224.35	0	
-26.3542	-0.449365	203.024	0	
-57.2935	-0.795706	192.314	0	
-32.3074	-0.233592	181.729	0	
-54.8159	-0.89185	182.585	0	
-54.3859	-1.52914	187.261	0	
-34.2993	-1.90103	187.758	0	
-55.7541	-0.227788	194.582	0	
-37.1861	-1.60565	199.069	0	
-58.2214	-0.445807	197.981	0	
-35.1764	-5.16526	245.42	0	
-65.3118	-0.938054	189.986	0	
-7.39932	-0.785793	222.872	0	
-77.1875	-0.180422	190.894	0	
-156.042	-2.01633	223.057	0	
-52.2998	-0.881983	181.995	0	
-50.79	-0.584531	180.853	0	
-49.1626	-3.10066	212.601	0	
-48.7066	-0.677978	175.353	0	
-47.8427	-0.236598	173.723	0	
-38.3484	-1.51882	192.917	0	
-49.7466	-0.480511	170.036	0	
-50.5625	-1.57764	189.302	0	
-46.1766	-0.872269	189.57	0	
-43.9611	-1.53597	191.203	0	
-46.5188	-1.09172	197.214	0	
-43.1383	-1.0485	192.343	0	
-43.1294	-1.52584	189.644	0	
-56.0244	-1.09769	189.536	0	
-43.5882	-0.806869	180.778	0	
-47.2888	-1.57505	191.367	0	
-46.9306	-0.44608	194.838	0	
-49.5472	-1.808	187.839	0	
-58.1303	-1.78642	195.898	0	
-38.0114	-0.763747	191.008	0	
-54.0416	-2.28801	196.556	0	
-35.5508	-0.537708	191.159	0	
-34.4815	-0.881992	197.329	0	
-52.7774	-1.57802	187.273	0	
-37.3212	-0.367768	204.067	0	
-50.4431	-2.18127	192.331	0	
-58.9809	-1.80287	192.965	0	
-33.7887	-0.749484	192.131	0	
-62.8125	-0.180456	194.568	0	
-31.8998	-1.27697	187.465	0	
-29.3725	-0.734698	206.727	0	
-67.3431	-2.42381	197.511	0	
-27.222	-1.77304	191.509	0	
-63.8542	-0.421	198.442	0	
-33.4426	-0.916578	183.24	0	
-59.0063	-0.939704	190.691	0	
-36.4154	-0.428792	213.053	0	
-56.4738	-2.24715	199.347	0	
-65.4331	-2.41216	195.541	0	
-19.5281	-1.85649	215.535	0	
-70.7877	-0.57512	202.296	0	
-26.875	-0.233607	211.26	0	
-18.5417	-1.33328	223.767	0	
-73.0498	-0.453145	189.837	0	
-25.3125	-0.183316	208.089	0	
-64.1859	-1.83675	196.461	0	
-76.2386	-0.73463	186.793	0	
-19.6875	-0.215758	228.331	0	
105.171	-0.248238	153.777	0	
-16.1458	-0.409544	228.945	0	
-16.5618	-0.938054	222.655	0	
89.3033	-3.12823	192.478	0	
-17.6042	-0.449365	214.81	0	
100.256	-2.61431	186.828	0	
-20.2072	-0.767958	225.964	0	
-86.9643	-1.83306	178.773	0	
107.712	-2.25783	178.345	0	
-13.4375	-0.180399	233.42	0	
86.951	-1.8827	210.568	0	
-11.0223	-0.420281	227.718	0	
-9.48147	-0.881992	215.507	0	
88.1275	-0.734698	212.34	0	
-12.1875	-0.172252	220.507	0	
88.8507	-0.785793	210.613	0	
79.0625	-0.215758	239.415	0	
-8.78865	-0.749484	219.038	0	
69.9706	-0.413249	216.535	0	
-6.60444	-0.545772	215.553	0	
-5.3125	-0.18026	217.188	0	
64.7319	-1.64172	217.55	0	
-1.05036	-1.09742	197.583	0	
72.025	-3.3918	215.734	0	
-9.10115	-0.997684	215.971	0	
81.875	-0.721791	231.562	0	
-12.4886	-0.734618	224.44	0	
95.4167	-0.301598	163.893	0	
-28.4375	-0.177641	200.209	0	
-62.4855	-1.48918	194.954	0	
-53.0691	-0.458503	185.825	0	
-33.0365	-0.416907	179.408	0	
-134.576	-1.85974	179.735	0	
-3.12247	-0.734698	211.471	0	
-2.1875	-0.177641	192.507	0	
65.1926	-0.233592	219.865	0	
7.77023	-1.36247	188.512	0	
0.625	-0.399074	203.331	0	
71.7377	-1.67684	218.128	0	
64.4635	-0.416907	211.221	0	
0.9375	-0.183316	203.769	0	
55.3125	-0.215758	215.706	0	
2.60809	-0.790856	197.98	0	
9.4098	-1.63791	187.257	0	
49.1162	-3.24736	224.626	0	
-0.104167	-0.517356	204.048	0	
58.125	-0.721791	211.545	0	
6.87753	-0.734698	183.917	0	
63.201	-1.8827	213.77	0	
47.8013	-1.51752	218.753	0	
7.8125	-0.177641	181.851	0	
50.6237	-1.7765	218.133	0	
9.79451	-1.03334	183.708	0	
10.5257	-0.445797	182.987	0	
51.8857	-1.52903	211.423	0	
29.2219	-1.85649	197.583	0	
51.0445	-1.52621	213.38	0	
47.3738	-1.7684	222.293	0	
14.0625	-0.215758	174.084	0	
47.19	-0.184751	224.719	0	
16.875	-0.399074	191.124	0	
16.5625	-0.215758	187.363	0	
43.5258	-2.2474	224.565	0	
21.416	-1.50151	191.925	0	
39.7973	-2.48924	217.117	0	
14.375	-0.399074	176.878	0	
46.5574	-0.916592	228.715	0	
20.6275	-0.734698	192.543	0	
60.0163	-2.76248	229.281	0	
41.875	-0.399074	225.518	0	
21.5625	-0.177641	187.666	0	
33.6458	-0.421	234.095	0	
28.44	-0.184751	209.437	0	
23.4375	-0.279535	198.357	0	
35.0145	-1.48918	231.504	0	
22.7226	-0.272934	201.665	0	
41.5142	-1.50556	222.313	0	
34.6875	-0.180456	227.918	0	
28.1275	-0.734698	210.616	0	
33.3141	-1.83675	218.871	0	
31.1458	-0.449365	201.361	0	
36.875	-0.399074	224.585	0	
27.1875	-0.905095	212.955	0	
29.0625	-0.177641	200.327	0	
32.0669	-2.41216	199.839	0	
30.2013	-1.02926	200.973	0	
30.2007	-2.39955	192.596	0	
10.5357	-1.83306	187.966	0	
38.125	-0.239636	237.444	0	
151.14	-0.709961	214.414	0	
128.956	-2.50699	205.948	0	
38.5592	-0.918057	232.227	0	
150.349	-0.895475	215.509	0	
35.005	-0.726698	233.967	0	
21.2572	-0.731718	190.935	0	
153.44	-0.184751	208.926	0	
42.4297	-1.40666	223.933	0	
148.128	-0.734698	231.912	0	
48.9496	-1.09742	211.967	0	
44.375	-0.399074	224.168	0	
142.807	-0.916592	222.121	0	
41.5625	-0.215758	229.309	0	
146.951	-1.8827	232.737	0	
39.1249	-0.446235	232.913	0	
149.357	-2.57573	221.645	0	
32.1882	-0.938054	213.194	0	
23.75	-0.477527	191.148	0	
44.0625	-0.215758	230.628	0	
44.9311	-1.41002	229.791	0	
139.303	-3.12823	212.948	0	
46.8775	-0.734698	224.819	0	
140.208	-2.01633	213.733	0	
59.5898	-2.00366	220.36	0	
50.625	-0.399074	211.549	0	
141.458	-1.40127	218.687	0	
47.8125	-0.177641	213.41	0	
143.861	-0.719544	228.235	0	
138.44	-0.184751	214.305	0	
53.5494	-1.5479	208.546	0	
132.514	-1.48918	201.079	0	
54.8958	-0.449365	211.307	0	
55.9375	-0.183316	213.648	0	
126.505	-1.43797	189.423	0	
53.1994	-0.452024	205.984	0	
130.104	-0.422952	199.078	0	
50.3125	-0.215758	207.314	0	
137.686	-1.411	212.978	0	
128.988	-1.52447	194.537	0	
59.0625	-0.180399	208.423	0	
83.3398	-2.00366	201.299	0	
60.3125	-0.172252	226.424	0	
61.8518	-1.29912	214.677	0	
124.375	-0.721791	186.164	0	
61.4507	-1.08866	219.983	0	
130.625	-0.239636	221.331	0	
111.512	-3.93645	198.01	0	
64.0574	-0.916578	212.877	0	
-112.604	-0.421	176.056	0	
66.8761	-0.735515	227.118	0	
68.713	-0.478752	234.949	0	
-111.236	-1.48918	169.681	0	
63.7113	-0.749484	221.355	0	
111.667	-0.233607	151.804	0	
68.4375	-0.18026	245.393	0	
122.188	-0.168989	170.902	0	
93.1275	-0.734698	172.207	0	
132.188	-0.180456	202.918	0	
-111.562	-0.180456	169.549	0	
75.7541	-1.93261	227.967	0	
-112.936	-1.83675	170.701	0	
70.3125	-0.215758	247.806	0	
77.7083	-1.33328	241.687	0	
-118.75	-0.727521	163.041	0	
70.625	-0.399074	224.125	0	
-114.183	-2.41216	173.853	0	
-89.0977	-1.76179	180.209	0	
77.6042	-0.416922	249.449	0	
-93.985	-2.86255	192.477	0	
83.7663	-2.76254	192.445	0	
79.6875	-0.183316	241.63	0	
-85.7716	-1.10409	181.946	0	
78.6458	-0.449365	241.471	0	
-82.2933	-0.265258	181.507	0	
76.0428	-0.767958	239.912	0	
-120.104	-0.420973	167.98	0	
-86.2709	-0.429517	181.454	0	
82.8125	-0.180399	216.519	0	
-94.6832	-1.12743	178.125	0	
133.415	-1.2602	204.552	0	
85.6018	-1.29912	211.222	0	
-105.539	-2.58463	182.912	0	
84.0625	-0.172252	230.808	0	
-92.8213	-1.17246	185.136	0	
-97.2582	-1.81354	172.77	0	
87.4613	-0.749484	220.113	0	
-101.597	-0.991709	167.053	0	
89.6456	-0.545772	207.506	0	
91.3531	-0.739201	187.261	0	
-99.5632	-1.42605	171.154	0	
95.1996	-1.09742	178.098	0	
-95.7863	-0.81168	167.932	0	
87.1488	-0.997684	217.246	0	
-89.3077	-0.895512	180.811	0	
85.2007	-1.08866	208.205	0	
-87.2898	-1.64384	181.78	0	
-116.093	-2.42381	176.638	0	
143.568	-1.41562	220.506	0	
-99.6425	-0.830417	170.342	0	
94.0625	-0.177641	177.849	0	
-102.709	-0.724553	169.91	0	
96.875	-0.399074	182.839	0	
102.824	-1.29981	162.179	0	
-103.54	-1.64384	173.228	0	
-104.788	-1.02568	174.741	0	
96.1458	-0.517356	184.248	0	
-136.241	-1.49188	188.365	0	
105.207	-1.03746	160.72	0	
103.543	-0.767958	160.73	0	
-130.242	-1.51483	173.532	0	
99.8233	-0.404427	167.333	0	
-138.946	-1.25822	194.728	0	
96.5625	-0.215758	176.229	0	
-106.615	-2.05146	176.671	0	
-123.069	-1.78818	172.051	0	
125.84	-2.00366	190.744	0	
-128.699	-0.576605	165.887	0	
106.562	-0.215758	158.469	0	
110.625	-0.399074	163.027	0	
-126.304	-1.54577	171.63	0	
106.875	-0.399074	171.655	0	
-121.793	-0.413138	171.457	0	
-125.625	-0.399074	177.452	0	
119.222	-1.85649	179.712	0	
-130.307	-0.186199	183.848	0	
112.812	-0.215758	162.453	0	
120.208	-1.33328	180.526	0	
-148.442	-0.916251	238.333	0	
113.438	-0.183316	160.338	0	
-131.048	-1.39875	176.255	0	
110.312	-0.215758	163.806	0	
-127.242	-2.24637	175.381	0	
104.442	-0.463996	159.816	0	
-116.812	-0.893533	170.897	0	
-143.519	-2.01673	203.511	0	
120.104	-0.416922	178.179	0	
-140.417	-2.36199	202.162	0	
122.604	-0.409544	183.151	0	
122.188	-0.938054	181.799	0	
-139.157	-1.65195	196.051	0	
121.146	-0.449365	176.902	0	
-136.25	-0.727521	189.816	0	
-142.874	-2.33661	203.767	0	
125.312	-0.180399	188.07	0	
-13.7355	-1.48918	218.254	0	
128.646	-0.449365	196.327	0	
134.375	-0.399074	205.457	0	
-18.5493	-2.39955	215.244	0	
126.562	-0.172252	188.578	0	
-15.1042	-0.421	218.634	0	
127.686	-1.00197	190.237	0	
-142.703	-1.05643	206.688	0	
-16.6831	-2.41216	209.115	0	
134.922	-1.38212	199.513	0	
-21.25	-0.727521	225.16	0	
158.842	-4.69792	171.182	0	
135.789	-1.45463	205	0	
-23.2238	-0.955178	206.029	0	
132.505	-0.726698	205.501	0	
-15.4359	-1.83675	213.716	0	
15.1042	-0.422952	176.963	0	
137.461	-0.749484	217.13	0	
11.7284	-1.10409	180.32	0	
139.646	-0.545772	211.604	0	
140.041	-0.558629	220.995	0	
10.2102	-1.64384	184.321	0	
145.208	-1.40127	217.114	0	
4.00616	-2.61431	197.104	0	
137.149	-0.997684	210.871	0	
7.35357	-1.29758	187.729	0	
129.688	-0.183316	178.792	0	
-14.0625	-0.180456	230.355	0	
118.543	-0.767958	176.514	0	
-148.223	-2.05468	229.302	0	
4.81932	-1.37109	190.298	0	
144.375	-0.165467	226.75	0	
-6.94674	-3.12823	204.883	0	
145.789	-1.45463	234.298	0	
147.149	-0.997684	238.575	0	
7.19003	-0.184751	186.968	0	
153.604	-1.29758	207.379	0	
3.40087	-0.556858	187.828	0	
1.25253	-0.365196	204.201	0	
148.44	-0.184751	228.014	0	
-2.39258	-1.46076	200.231	0	
153.128	-0.734698	209.364	0	
153.821	-0.367273	214.114	0	
-11.56	-2.60932	200.815	0	
154.771	-0.455456	210.577	0	
-4.64987	-0.495739	211.39	0	
147.461	-0.749484	245.323	0	
0.981712	-2.31202	202.941	0	
-6.04167	-2.01633	213.773	0	
156.238	-0.675107	167.569	0	
-8.56446	-1.411	216.756	0	
159.131	-0.658361	158.689	0	
161.283	-0.544318	168.655	0	
-7.80997	-0.184751	230.948	0	
160.155	-1.46036	163.795	0	
-6.00099	-0.990146	216.58	0	
-38.5749	-1.17545	191.252	0	
152.276	-5.0143	199.845	0	
-19.375	-0.399074	224.971	0	
162.426	-3.08129	179.275	0	
163.776	-3.08427	185.271	0	
-25.5624	-1.77893	199.025	0	
162.063	-1.13771	169.552	0	
-32.7681	-1.64172	185.094	0	
155.098	-2.23646	182.954	0	
-41.05	-0.880769	188.684	0	
155.431	-0.272934	168.152	0	
-2.80997	-0.184751	214.929	0	
-30.3512	-0.997684	200.089	0	
159.548	-2.71854	165.781	0	
-29.2234	-1.83888	203.073	0	
169.774	-2.0578	213.502	0	
157.076	-4.20786	175.052	0	
-29.06	-0.184751	208.233	0	
148.735	-4.0152	221.022	0	
-28.7551	-1.51942	201.538	0	
-32.2879	-1.02568	184.184	0	
204.26	-5.49392	338.185	0	
-51.0385	-1.40578	184.978	0	
156.293	-17.9393	201.727	0	
-46.0629	-2.2444	203.192	0	
204.031	-10.9896	334.049	0	
-51.917	-1.53912	186.494	0	
151.4	-5.05939	205.863	0	
-33.5645	-1.411	185.535	0	
-42.7888	-2.28635	194.749	0	
178.228	-45.2456	304.689	0	
-45.6455	-1.53322	195.403	0	
-45.2221	-2.24594	202.926	0	
-41.5245	-1.57636	190.05	0	
-61.4847	-2.06266	190.62	0	
34.6319	-2.59243	223.509	0	
-72.0132	-0.778566	195.571	0	
-65.8864	-2.41546	195.793	0	
-63.875	-0.7939	197.353	0	
-39.3125	-1.52813	191.345	0	
160.795	-3.38152	170.86	0	
-24.9975	-0.365196	209.86	0	
143.128	-0.734698	227.562	0	
11.2291	-0.429517	176.951	0	
-69.8309	-1.18465	200.894	0	
-108.689	-1.86819	173.715	0	
-73.9779	-2.41118	190.932	0	
69.1003	-0.495982	240.714	0	
-70.563	-1.59267	195.828	0	
-73.5661	-1.68017	188.41	0	
-72.8246	-1.60479	188.628	0	
-76.8674	-0.734712	189.477	0	
-79.8457	-0.412919	187.155	0	
104.652	-1.76179	165.979	0	
112.396	-0.449365	164.505	0	
99.0115	-1.69578	183.656	0	
107.604	-0.422952	174.499	0	
106.514	-1.50556	168.206	0	
108.125	-0.239636	148.513	0	
101.069	-1.37109	172.679	0	
100.519	-0.881967	169.421	0	
93.9409	-3.99414	195.43	0	
104.442	-0.895512	162.149	0	
97.0407	-1.83502	186.023	0	
97.5025	-0.365196	179.178	0	
92.3958	-0.422952	179.057	0	
93.8574	-1.46076	178.936	0	
88.9249	-1.74918	204.278	0	
93.44	-0.184751	170.453	0	
90.8188	-2.40875	186.087	0	
92.1704	-1.69082	181.065	0	
87.6855	-1.411	213.481	0	
88.44	-0.184751	210.308	0	
80.1042	-0.422952	237.37	0	
82.5145	-1.48918	207.873	0	
76.6208	-2.14893	228.726	0	
82.1875	-0.180456	233.824	0	
78.9884	-1.52447	234.669	0	
80.625	-0.239636	241.762	0	
75	-0.727521	243.777	0	
73.0262	-0.955178	243.757	0	
65.1381	-2.86399	229.704	0	
76.875	-0.399074	246.018	0	
70.8499	-2.94097	218.295	0	
71.2525	-0.365196	228.386	0	
67.2928	-0.767958	235.685	0	
66.9353	-1.57651	231.586	0	
63.9355	-1.411	215.289	0	
65.2121	-1.02568	220.84	0	
56.3542	-0.422952	213.548	0	
58.7645	-1.48918	216.175	0	
51.8956	-2.95619	221.007	0	
58.4375	-0.180456	211.307	0	
55.2384	-1.52447	213.773	0	
56.875	-0.239636	206.058	0	
52.3028	-1.78208	215.159	0	
53.133	-2.25626	213.849	0	
46.1408	-0.851559	225.822	0	
46.237	-2.27778	228.164	0	
33.625	-0.7939	229.273	0	
35.327	-1.2985	232.462	0	
31.6136	-2.41546	195.428	0	
134.904	-3.22367	200.432	0	
26.1458	-0.420973	206.01	0	
27.5089	-1.49188	213.048	0	
22.9852	-2.77391	194.157	0	
27.5	-0.727521	208.884	0	
23.9583	-2.01633	197.364	0	
25.2083	-1.34019	205.511	0	
20	-0.727521	188.834	0	
17.6042	-0.422952	194.262	0	
152.188	-0.905095	209.248	0	
152.495	-1.46872	207.051	0	
153.493	-1.60465	204.425	0	
152.5	-0.727521	210.045	0	
147.686	-1.411	235.515	0	
148.517	-0.962924	235.213	0	
142.391	-0.851559	222.982	0	
142.805	-1.39113	221.144	0	
133.832	-1.32508	202.973	0	
154.02	-1.36247	202.472	0	
131.125	-0.793184	207.033	0	
132.827	-1.2985	203.911	0	
129.377	-1.78303	202.527	0	
171.752	-1.25987	242.206	0	
123.646	-0.421	186.924	0	
125.014	-1.48918	185.49	0	
121.614	-2.41546	185.135	0	
124.688	-0.180456	183.758	0	
122.067	-2.41216	186.135	0	
123.314	-1.83675	185.567	0	
117.5	-0.727521	171.68	0	
115.526	-0.955178	173.71	0	
-112.625	-0.7939	173.561	0	
-110.573	-2.52441	171.083	0	
-139.579	-1.65967	197.067	0	
-62.8555	-2.42734	197.613	0	
-119.062	-0.905095	163.797	0	
-118.741	-1.49188	168.223	0	
-83.3092	-2.06224	190.638	0	
-76.268	-2.32432	198.257	0	
-80.7029	-2.21773	188.039	0	
-80.2623	-0.239982	181.924	0	
-84.6875	-0.173181	190.134	0	
-83.8038	-1.61508	191.716	0	
-91.5625	-0.905095	178.504	0	
-91.2411	-1.49188	178.991	0	
-90.8752	-2.12441	181.969	0	
-91.25	-0.727521	179.934	0	
-96.0006	-1.11874	170.069	0	
-95.425	-1.43159	175.71	0	
-101.77	-1.18271	167.267	0	
-100.71	-1.87975	169.662	0	
-64.6103	-1.70135	194.55	0	
-95.8611	-1.42613	172.369	0	
-136.875	-0.721791	193.298	0	
-135.926	-1.29981	187.054	0	
-151.04	-3.47677	232.248	0	
-118.317	-3.3569	188.44	0	
-121.979	-1.81651	171.521	0	
-121.041	-0.956299	172.193	0	
-127.765	-0.238692	173.659	0	
-128.684	-2.1185	172.972	0	
-113.36	-1.70135	170.38	0	
-121.542	-2.87177	184.826	0	
-215.662	-27.8248	372.559	0	
-114.835	-2.90531	176.023	0	
-15.125	-0.7939	228.971	0	
-13.423	-1.2985	223.755	0	
-21.588	-3.19758	203.529	0	
11.3739	-2.20771	185.088	0	
-21.5625	-0.905095	223.218	0	
-21.2411	-1.49188	217.115	0	
14.1374	-2.46855	188.136	0	
20.94	-0.184751	192.038	0	
16.4916	-1.52283	190.685	0	
18.125	-0.239636	185.9	0	
13.5428	-0.767958	177.394	0	
13.4525	-1.48018	182.276	0	
5.9375	-0.905095	181.652	0	
6.2448	-1.46872	185.094	0	
7.24318	-1.60465	187.9	0	
6.25	-0.727521	180.977	0	
1.45244	-1.39875	203.473	0	
2.19257	-0.186199	208.744	0	
-3.44198	-0.916251	208.614	0	
-3.2231	-2.05468	204.62	0	
32.8897	-1.70135	215.226	0	
2.25819	-1.51483	201.512	0	
-40.6649	-1.53845	188.67	0	
-37.9037	-1.43654	195.119	0	
-45.6432	-2.47524	212.824	0	
-32.1961	-2.96495	204.939	0	
-24.7976	-1.39875	206.546	0	
-24.0574	-0.186199	218.938	0	
-30.0387	-0.749484	197.191	0	
-31.43	-1.90759	195.479	0	
-15.8603	-1.70135	216.367	0	
-23.9918	-1.51483	207.01	0	
-55.6233	-1.78258	194.092	0	
-46.9025	-1.79866	201.317	0	
-63.1262	-1.46081	197.181	0	
-63.1895	-3.67084	207.101	0	
-71.9486	-1.54301	191.402	0	
-68.9456	-2.36435	201.112	0	
-73.2398	-1.84732	187.377	0	
-99.5798	-3.76923	196.427	0	
-78.5249	-0.230877	189.507	0	
-77.4855	-1.48916	197.539	0	
115.735	-2.656	181.867	0	
119.375	-0.399074	175.543	0	
113.188	-1.77893	169.864	0	
113.753	-0.365196	159.804	0	
109.793	-0.767958	166.525	0	
109.439	-1.61689	176.606	0	
102.188	-0.905095	168.994	0	
102.509	-1.49188	168.886	0	
102.875	-2.12441	169.858	0	
102.5	-0.727521	161.751	0	
98.0881	-1.60686	184.738	0	
99.7066	-1.15279	173.594	0	
92.3735	-0.799412	184.721	0	
93.0268	-2.05475	180.285	0	
83.588	-1.37309	210.046	0	
84.9041	-3.22367	188.716	0	
81.1246	-0.793184	237.761	0	
82.827	-1.2985	211.934	0	
74.679	-3.04755	219.806	0	
132.456	-2.79188	198.328	0	
74.6875	-0.905095	236.109	0	
75.0089	-1.49188	230.666	0	
71.0223	-1.42431	224.605	0	
72.1926	-0.186199	257.151	0	
66.1408	-0.851559	225.071	0	
65.9602	-2.43432	230.459	0	
59.838	-1.37309	214.882	0	
79.3775	-1.78303	230.021	0	
57.3746	-0.793184	208.994	0	
59.077	-1.2985	213.287	0	
46.1668	-3.99681	224.967	0	
61.5034	-3.37851	229.733	0	
44.7846	-3.01604	226.563	0	
51.4732	-2.24674	217.924	0	
34.3738	-1.46081	231.226	0	
34.6681	-2.05376	226.219	0	
26.875	-0.721791	204.283	0	
28.1796	-2.50735	205.693	0	
-3.2231	-2.8958	201.084	0	
24.7917	-2.01633	202.132	0	
19.6875	-0.905095	189.679	0	
20.0089	-1.49188	192.221	0	
151.875	-0.721791	211.824	0	
152.002	-2.45583	204.317	0	
142.902	-3.06759	215.395	0	
148.847	-3.30796	221.238	0	
144.284	-2.06442	216.621	0	
136.472	-3.23317	206.125	0	
141.042	-2.01633	216.84	0	
131.107	-4.7589	205.321	0	
131.13	-1.69926	198.349	0	
130.768	-2.55994	200.269	0	
123.625	-0.7939	189.43	0	
125.327	-1.2985	187.39	0	
93.027	-2.89578	184.053	0	
122.89	-1.70135	183.634	0	
117.188	-0.905095	173.247	0	
117.509	-1.49188	175.325	0	
-111.876	-1.46081	170.717	0	
-111.582	-2.05376	169.902	0	
-119.375	-0.721791	163.175	0	
-117.77	-2.26744	175.806	0	
-138.564	-5.03796	234.686	0	
-123.97	-2.46508	172.684	0	
-85.6814	-1.54166	185.401	0	
-85.0014	-2.26521	186.013	0	
-91.875	-0.721791	180.041	0	
-92.1629	-1.08264	182.275	0	
-111.618	-2.59243	171.453	0	
-102.234	-3.22877	185.53	0	
-98.7881	-1.32807	171.646	0	
-106.876	-2.35387	176.766	0	
-103.214	-1.83306	174.601	0	
-111.649	-4.7353	204.828	0	
-137.008	-1.87495	193.433	0	
-137.865	-3.24564	204.54	0	
-125.777	-1.90141	178.752	0	
-137.198	-4.95619	231.857	0	
-72.7203	-3.93442	197.498	0	
-124.83	-1.84432	176.365	0	
-14.3762	-1.46081	218.212	0	
-14.0819	-2.05376	210.641	0	
-22.5552	-0.718532	215.399	0	
-20.5704	-2.50735	208.756	0	
-40.618	-4.95711	217.292	0	
-26.4667	-2.46245	197.437	0	
11.8186	-1.54166	181.122	0	
12.3207	-2.28453	185.784	0	
5.62498	-0.721791	180.83	0	
5.52251	-1.88479	187.791	0	
-14.1181	-2.59243	207.6	0	
-5.96702	-3.23265	205.587	0	
-1.64446	-1.71476	198.574	0	
-9.00389	-2.60207	203.52	0	
-5.20833	-2.01633	210.513	0	
-14.1491	-4.7353	193.346	0	
-39.7797	-1.40618	189.705	0	
-40.5406	-2.55641	191.456	0	
-28.4427	-1.4048	198.127	0	
-39.2462	-5.42835	243.477	0	
-38.8276	-2.83152	191.86	0	
-28.4595	-2.26571	203.294	0	
-69.4534	-2.93644	200.801	0	
31.4151	-2.90531	192.966	0	
-71.4892	-2.28914	191.592	0	
-70.5692	-3.79269	203.484	0	
-79.375	-0.172936	185.436	0	
-77.173	-1.29849	193.522	0	
-85.6715	-2.46797	182.871	0	
-81.0439	-2.41319	192.5	0	
113.952	-1.39875	165.74	0	
114.693	-0.186199	158.725	0	
108.623	-0.799412	155.131	0	
108.613	-2.24603	180.503	0	
101.875	-0.721791	165.956	0	
101.773	-1.88479	172.078	0	
82.4555	-2.79188	195.538	0	
90.283	-3.23265	188.612	0	
94.6055	-1.71476	182.322	0	
86.472	-3.23317	195.966	0	
91.6378	-1.69748	184.948	0	
81.1067	-4.7589	198.325	0	
81.1295	-1.69926	216.819	0	
80.7683	-2.55994	211.218	0	
73.6948	-0.718532	256.654	0	
75.3241	-1.29981	235.508	0	
58.402	-3.01575	229.449	0	
56.9891	-5.48015	222.809	0	
67.9524	-1.93915	232.446	0	
54.2489	-8.51552	170.018	0	
57.3247	-4.64234	230.763	0	
67.1745	-3.56865	238.177	0	
57.3795	-1.69926	218.315	0	
57.0183	-2.55994	225.919	0	
26.9479	-2.47027	212.59	0	
114.447	-5.93673	212.487	0	
26.786	-1.87789	212.571	0	
27.1554	-2.06317	213.722	0	
19.375	-0.721791	184.316	0	
20.6769	-2.52441	191.986	0	
11.8285	-2.46797	188.574	0	
15.265	-2.7595	190.4	0	
150.645	-1.84911	211.84	0	
149.791	-2.374	216.596	0	
124.632	-2.59243	190.263	0	
152.538	-2.77988	202.368	0	
124.374	-1.46081	185.185	0	
124.668	-2.05376	187.288	0	
116.195	-0.718532	167.65	0	
118.18	-2.50735	181.792	0	
117.162	-3.19758	182.948	0	
114.758	-1.51483	168.283	0	
-136.505	-3.1823	193.772	0	
-66.0849	-2.90531	197.234	0	
-119.095	-2.06317	173.199	0	
-119.319	-3.79269	201.715	0	
-87.4141	-2.66027	180.491	0	
-79.8712	-1.81772	192.553	0	
-93.3027	-1.95189	188.582	0	
-93.7456	-1.92519	185.507	0	
-150.208	-2.01633	240.701	0	
-140.773	-3.82892	215.916	0	
-127.138	-1.54577	176.81	0	
-126.393	-3.39108	192.272	0	
-17.3349	-2.90531	208.41	0	
9.67125	-4.81106	189.397	0	
-22.2867	-1.34151	213.437	0	
-22.0108	-2.38959	204.713	0	
10.0859	-2.66027	190.982	0	
16.8772	-1.78287	194.773	0	
5.54877	-1.49655	186.815	0	
4.46531	-2.45031	193.79	0	
-44.411	-3.21091	219.679	0	
-43.1419	-3.91209	219.273	0	
-29.6951	-1.27839	202.455	0	
-28.4831	-3.30305	212.281	0	
-83.3329	-3.8748	199.532	0	
-87.8287	-4.81106	207.743	0	
-78.5656	-1.42062	193.763	0	
-78.2737	-2.37393	204.038	0	
110.458	-1.82139	175.076	0	
108.175	-2.51323	187.87	0	
106.873	-1.77427	177.928	0	
106.455	-2.49764	180.936	0	
101.799	-1.49655	171.917	0	
100.715	-2.45031	181.27	0	
78.9512	-3.08712	222.107	0	
128.951	-3.08712	203.582	0	
73.9633	-1.34151	247.325	0	
73.3074	-2.75431	215.772	0	
53.9654	-3.18797	222.524	0	
55.2685	-4.06287	227.649	0	
23.9961	-3.87787	200.035	0	
5.70182	-2.47148	189.949	0	
19.3019	-3.00241	194.747	0	
18.2424	-2.6219	196.384	0	
146.421	-3.38327	224.354	0	
175.818	-8.94432	266.587	0	
113.195	-2.27632	174.335	0	
121.415	-2.90531	186.294	0	
116.463	-1.34151	170.716	0	
116.739	-2.38959	182.187	0	
-138.876	-2.90939	203.635	0	
-121.953	-5.01022	221.721	0	
-113.49	-4.92185	204.777	0	
-91.6765	-2.59363	184.624	0	
-129.265	-2.78221	179.393	0	
-140.025	-4.91376	235.38	0	
-41.8018	-3.27724	207.044	0	
-24.7258	-3.56424	201.401	0	
-15.9902	-4.92185	202.95	0	
19.6738	-2.72849	193.173	0	
-31.9897	-2.48063	197.394	0	
-42.8652	-5.43797	240.978	0	
-96.3068	-3.10255	188.104	0	
-77.9549	-2.998	206.064	0	
77.2889	-4.24352	214.221	0	
101.952	-2.47148	176.18	0	
66.7451	-2.93459	235.429	0	
57.0621	-3.08926	228.625	0	
1.72609	-5.28566	197.11	0	
13.3154	-3.38874	191.472	0	
96.0079	-2.55335	193.11	0	
108.941	-3.71515	195.228	0	
41.455	-2.4908	215.645	0	
40.6264	-2.95159	216.802	0	
-145.345	-2.9586	204.002	0	
-142.266	-2.72562	205.055	0	
-156.957	-1.33783	224.895	0	
-167.502	-5.81125	369.429	0	
-151.458	-2.72654	234.346	0	
-149.487	-2.66189	232.912	0	
-155.26	-5.35468	258.625	0	
-153.958	-2.72654	230.248	0	
-47.6921	-2.28396	201.008	0	
-44.8217	-2.95006	210.409	0	
-54.4625	-2.52455	202.635	0	
-53.1918	-1.82052	193.675	0	
-51.7422	-3.11006	210.926	0	
-52.7534	-3.04837	207.476	0	
-59.0753	-3.94615	214.998	0	
-60.5072	-5.22958	233.304	0	
-66.9097	-3.48325	204.285	0	
-63.3755	-3.9593	209.94	0	
49.6633	-3.45104	224.509	0	
53.1387	-3.722	222.175	0	
41.8725	-1.77427	219.217	0	
39.3661	-3.75549	218.283	0	
38.4204	-3.42108	219.79	0	
42.7021	-2.2523	222.449	0	
30.5903	-3.48325	189.375	0	
34.0772	-3.24228	212.308	0	
139.348	-2.5803	213.57	0	
141.912	-2.52837	213.678	0	
127.895	-3.21098	203.49	0	
130.218	-2.26923	199.287	0	
-115.66	-3.48325	186.38	0	
-112.173	-3.24228	176.534	0	
-88.5728	-3.18807	188.425	0	
-88.9091	-5.80155	239.338	0	
-103.645	-2.58113	180.93	0	
-102.376	-2.20771	171.506	0	
-142.06	-1.62984	202.108	0	
-138.534	-2.01645	197.137	0	
-145.692	-3.54043	208.897	0	
-141.645	-3.10802	207.994	0	
-18.1597	-3.48325	208.169	0	
-14.6728	-3.24228	202.618	0	
8.73048	-3.05288	189.933	0	
8.59093	-5.80155	186.779	0	
-6.90238	-2.5803	208.794	0	
-4.48659	-2.66189	204.565	0	
-44.3744	-1.77609	203.109	0	
-41.1002	-2.22272	191.491	0	
-47.3966	-3.06656	213.158	0	
-43.568	-2.28968	197.894	0	
-74.7305	-1.81738	189.653	0	
-71.9734	-2.43239	189.776	0	
105.636	-2.47937	176.281	0	
104.151	-5.11736	189.255	0	
89.3476	-2.5803	195.023	0	
91.4591	-2.06158	183.632	0	
77.8952	-3.21098	223.61	0	
80.218	-2.26923	223.128	0	
53.5436	-2.48711	217.966	0	
56.468	-2.26923	221.114	0	
50.6258	-3.75705	225.13	0	
54.369	-2.95159	220.328	0	
22.5535	-1.87318	192.767	0	
25.7359	-2.45278	209.845	0	
120.59	-3.48325	189.304	0	
124.077	-3.24228	191.143	0	
-82.7039	-2.73506	191.253	0	
-79.8665	-2.21327	193.765	0	
13.8971	-3.31994	189.779	0	
17.7177	-2.26874	195.462	0	
149.312	-3.12293	217.75	0	
152.165	-2.05839	205.153	0	
-95.0417	-2.79844	190.232	0	
-92.0352	-2.93629	193.332	0	
2.8919	-2.90297	199.818	0	
5.25263	-2.50494	191.054	0	
99.3108	-2.54776	190.487	0	
101.503	-2.50494	177.39	0	
47.3077	-4.17309	223.991	0	
52.3013	-3.21704	223.355	0	
-149.925	-3.69099	231.743	0	
-149.731	-4.40508	248.868	0	
-156.602	-2.63745	230.21	0	
-162.586	-7.77018	395.849	0	
-151.873	-3.97501	240.117	0	
-148.223	-2.8958	224.007	0	
-191.185	-10.7108	415.904	0	
-152.708	-3.47328	230.783	0	
-142.055	-3.12788	206.854	0	
-53.638	-2.91221	206.186	0	
-52.1198	-3.53416	216.084	0	
-56.8968	-2.48341	202.145	0	
-53.2253	-3.17452	213.21	0	
-57.294	-3.20434	210.828	0	
-51.4213	-4.12641	226.581	0	
-58.5578	-2.52856	198.217	0	
-58.1171	-3.22675	207.923	0	
-57.2767	-3.71361	218.391	0	
-55.6644	-3.20897	214.012	0	
-66.5736	-5.35109	234.494	0	
-63.0886	-6.7126	260.832	0	
45.7062	-2.52768	226.349	0	
45.2156	-3.76906	225.008	0	
43.1028	-2.48369	220.062	0	
44.337	-3.21004	223.231	0	
41.4457	-3.94098	212.779	0	
43.9245	-2.94789	224.584	0	
41.4462	-2.96008	217.339	0	
40.2224	-3.18403	214.128	0	
30.4855	-4.6316	187.859	0	
33.3859	-4.79143	198.863	0	
138.736	-4.01876	211.532	0	
142.885	-2.55877	214.86	0	
138.847	-3.31017	212.376	0	
150.266	-3.23553	210.596	0	
127.882	-4.64168	209.989	0	
126.676	-4.36185	206.749	0	
-115.765	-4.6316	210.785	0	
-116.592	-4.59332	206.832	0	
-86.8107	-3.76789	190.108	0	
-84.6593	-3.04017	189.006	0	
-85.9728	-3.77629	189.991	0	
-80.5629	-4.01706	207.221	0	
-105.134	-5.9626	248.292	0	
-101.922	-2.46797	175.696	0	
-106.215	-3.33702	186.705	0	
-93.5189	-2.8805	194.841	0	
-143.32	-3.09839	207.31	0	
-140.439	-3.06787	207.202	0	
-143.163	-4.19715	212.497	0	
-140.277	-3.73287	215.753	0	
-18.2645	-4.6316	210.018	0	
-19.808	-3.54881	210.684	0	
10.6893	-3.76789	189.928	0	
12.8407	-3.04017	189.128	0	
11.5272	-3.77629	190.167	0	
15.8188	-3.63269	194.566	0	
-7.51437	-4.01876	197.537	0	
-3.98435	-2.43144	204.181	0	
-7.40255	-3.31017	201.413	0	
4.87127	-3.92379	193.817	0	
-46.0355	-3.1828	222.248	0	
-43.2098	-2.52289	205.482	0	
-46.0288	-3.65078	223.996	0	
-42.728	-3.66706	210.411	0	
-74.5163	-4.63141	216.604	0	
-78.4701	-6.64434	277.566	0	
107.31	-4.10678	195.913	0	
112.19	-3.13867	187.216	0	
106.177	-5.7581	195.85	0	
106.875	-3.81332	186.563	0	
88.7356	-4.01876	191.935	0	
92.2534	-2.43362	181.994	0	
88.8474	-3.31017	193.652	0	
101.121	-3.92379	188.091	0	
77.8819	-4.64168	211.877	0	
73.1567	-5.24618	202.738	0	
51.4906	-3.17383	224.52	0	
55.2058	-2.49569	221.356	0	
51.47	-3.63898	224.04	0	
55.1927	-2.95812	222.743	0	
22.9868	-4.63174	195.721	0	
16.809	-5.48621	194.324	0	
120.485	-4.6316	198.76	0	
121.468	-4.20346	196.373	0	
-85.9841	-3.22877	186.287	0	
-90.4403	-3.88071	198.895	0	
11.5159	-3.22877	191.07	0	
8.14649	-3.02339	190.517	0	
145.909	-2.64674	226.576	0	
141.05	-2.9939	213.439	0	
-99.7483	-2.88037	181.617	0	
-102.899	-3.95618	194.507	0	
-2.14735	-2.85289	201.352	0	
-5.23012	-3.71727	200.14	0	
94.1027	-2.85291	191.173	0	
91.7706	-3.25018	187.141	0	
-152.334	-5.62943	265	0	
-147.157	-2.88421	213.47	0	
-153.965	-4.16242	244.323	0	
-84.5154	-5.91258	237.831	0	
-155.246	-3.54331	234.583	0	
-154.836	-4.23245	247.477	0	
-153.453	-5.20944	259.114	0	
-148.011	-3.32979	223.593	0	
-82.8049	-3.94988	203.524	0	
-50.367	-3.66739	218.98	0	
-54.8059	-3.70427	220.332	0	
12.9846	-5.91258	192.779	0	
-60.0871	-3.51292	198.234	0	
-54.1665	-4.5196	241.264	0	
-59.186	-5.80182	250.248	0	
-56.0638	-4.39807	233.59	0	
14.7229	-3.9079	193.282	0	
115.874	-4.33603	195.108	0	
35.9125	-3.97087	219.214	0	
38.7089	-5.24722	214.565	0	
41.8564	-3.22092	214.686	0	
41.0004	-4.82956	211.34	0	
42.0246	-6.35368	205.355	0	
43.9491	-3.92227	220.743	0	
130.812	-3.0892	201.64	0	
182.973	-1.7361	295.029	0	
129.025	-4.3839	210.123	0	
142.511	-4.02581	215.566	0	
-96.808	-1.96152	174.813	0	
-94.7896	-4.69843	220.76	0	
-150.329	-5.21478	247.472	0	
-63.8643	-3.95991	208.812	0	
-154.177	-7.51666	326.757	0	
-44.84	-4.37417	231.732	0	
-146.534	-4.66441	219.586	0	
-142.075	-3.87523	215.095	0	
-148.323	-5.70833	245.88	0	
-141.021	-3.47461	211.933	0	
-145.097	-5.3202	233.43	0	
-142.236	-7.40657	311.815	0	
-0.980983	-3.91501	199.15	0	
3.67092	-5.36828	191.977	0	
-51.9265	-4.06541	228.454	0	
32.7598	-4.92185	193.047	0	
-41.4394	-5.38599	233.071	0	
83.7895	-5.29459	182.354	0	
-49.8694	-5.30259	264.026	0	
-45.2371	-3.64182	222.324	0	
-50.8517	-5.622	262.645	0	
-43.5643	-3.70074	214.647	0	
-46.7661	-5.45879	252.873	0	
-44.7302	-6.38403	266.982	0	
99.9209	-5.36828	197.437	0	
109.178	-6.60412	206.546	0	
105.268	-4.90375	190.994	0	
107.785	-3.87964	191.09	0	
43.1587	-4.39113	218.262	0	
52.6416	-4.36421	221.845	0	
62.6	-2.9502	224.878	0	
97.9761	-5.28566	206.239	0	
47.6701	-5.31223	218.066	0	
52.6861	-3.95224	223.798	0	
46.8405	-4.5944	221.982	0	
54.378	-3.89706	225.374	0	
45.6267	-4.09977	223.331	0	
54.6917	-5.45443	219.967	0	
-85.6069	-4.12617	199.661	0	
-84.6636	-4.81648	210.479	0	
11.8931	-4.12617	192.062	0	
12.8364	-4.81648	192.545	0	
-156.277	-5.20944	276.908	0	
-142.296	-4.2333	221.188	0	
-157.441	-1.73296	208.425	0	
-172.708	-13.7022	462.27	0	
-154.294	-6.05848	283.563	0	
-73.3368	-4.28326	209.262	0	
-174.419	-18.3249	503.102	0	
-52.4081	-5.4621	257.235	0	
-56.6074	-4.40275	233.053	0	
-52.0151	-4.89482	249.27	0	
-110.966	-3.644	179.589	0	
24.6699	-5.74009	199.297	0	
-13.4663	-3.644	197.511	0	
108.278	-4.21458	199.567	0	
45.4991	-4.92709	217.721	0	
49.926	-5.19767	223.738	0	
130.921	-4.12915	205.337	0	
136.22	-7.51769	214.222	0	
-138.149	-5.47389	251.347	0	
-142.932	-8.09718	335.481	0	
-91.0078	-5.89729	242.644	0	
-92.8212	-4.85133	226.685	0	
-146.719	-6.47315	280.933	0	
-125.752	-3.64555	202.101	0	
-145.682	-4.69239	228.389	0	
-143.942	-5.03664	232.177	0	
-144.14	-7.51201	323.142	0	
-140.988	-4.93803	237.634	0	
-146.668	-7.76797	324.744	0	
-129.99	-4.0363	197.577	0	
-142.05	-4.64755	230.134	0	
-141.219	-5.72332	256.749	0	
-29.0327	-3.88811	226.418	0	
45.1146	-5.5096	215.324	0	
4.42225	-6.06084	191.061	0	
5.79608	-4.76514	189.653	0	
-64.3182	-5.93872	243.305	0	
-49.2701	-4.15765	232.603	0	
-47.4666	-4.19327	237.705	0	
-46.8241	-4.92371	251.157	0	
-47.312	-7.3014	291.954	0	
-44.4412	-5.88023	254.114	0	
-48.4543	-9.01652	316.036	0	
-33.1997	-3.44961	211.884	0	
-44.426	-4.71604	239.481	0	
-43.4509	-5.30074	241.375	0	
71.0371	-4.07729	215.293	0	
133.789	-5.29459	204.676	0	
107.745	-5.1051	201.945	0	
107.65	-6.03288	200.636	0	
98.3823	-6.8619	204.033	0	
102.046	-4.76514	187.713	0	
32.1456	-6.40738	191.249	0	
47.0102	-5.266	217.499	0	
49.3417	-4.56985	219.99	0	
51.0583	-5.03664	218.195	0	
49.9288	-7.04834	196.345	0	
53.0675	-5.87879	208.23	0	
48.5584	-7.14396	194.477	0	
65.3852	-2.43423	227.964	0	
53.0646	-4.71666	219.967	0	
54.0496	-5.31462	216.021	0	
-87.3648	-4.48529	203.98	0	
-83.4115	-6.5807	252.253	0	
10.1352	-4.48529	189.672	0	
14.0885	-6.5807	192.977	0	
-151.678	-7.28627	303.247	0	
-149.419	-6.13754	289.139	0	
-61.7774	-5.63948	239.309	0	
-45.609	-6.18108	266.689	0	
35.5167	-6.25963	206.43	0	
52.9545	-7.3389	189.339	0	
-159.053	-4.31197	262.557	0	
-114.782	-4.20346	199.501	0	
-150.027	-7.43868	307.512	0	
-112.864	-4.79143	206.7	0	
-135.913	-3.15234	194.604	0	
-126.851	-5.16196	249.495	0	
-60.7346	-6.18769	255.174	0	
-17.2825	-4.20346	206.852	0	
-52.7482	-7.39376	300.233	0	
-42.3221	-7.41383	277.684	0	
-38.3792	-4.50999	213.907	0	
-30.3302	-3.33574	219.073	0	
36.6895	-6.63734	209.125	0	
67.774	-9.91484	191.116	0	
42.7706	-7.49719	193.853	0	
80.9213	-4.12915	200.275	0	
65.9308	-4.66551	238.397	0	
57.1722	-4.12829	234.019	0	
-94.9258	-6.09792	247.944	0	
-145.272	-8.29733	321.449	0	
2.1323	-6.8619	189.659	0	
-15.3641	-4.79143	199.474	0	
150.162	-4.49128	211.348	0	
158.964	-1.74381	160.715	0	
-133.571	-4.4018	199.251	0	
-140.676	-7.00268	302.387	0	
-35.8115	-2.51149	200.054	0	
-43.8691	-7.10706	280.137	0	
64.5483	-3.47787	232.486	0	
70.1344	-3.03206	215.273	0	
-163.828	-1.26356	283.707	0	
-159.285	-5.98873	289.121	0	
100.672	-6.06084	198.605	0	
156.276	-6.82818	185.003	0	
-152.68	-8.32445	350.606	0	
-116.878	-7.3461	321.694	0	
-138.442	-5.91793	258.248	0	
-137.595	-7.51641	326.497	0	
-41.4157	-6.96528	280.666	0	
-39.4476	-7.81468	309.114	0	
61.0959	-5.64388	235.356	0	
59.4998	-5.23392	235.928	0	
-82.1843	-7.88937	305.672	0	
-80.1836	-3.00883	197.25	0	
15.3159	-7.88932	191.603	0	
17.1773	-4.03791	195.918	0	
156.806	-0.280058	156.797	0	
157.129	-1.94061	162.414	0	
57.9217	-4.79614	234.507	0	
80.8121	-3.0892	210.507	0	
59.051	-6.48757	217.17	0	
62.1962	-5.6151	234.578	0	
-165.21	-0.654241	309.196	0	
-168.752	-1.0755	355.939	0	
-144.255	-11.2502	490.581	0	
-140	-7.03291	291.628	0	
-129.208	-5.10233	232.425	0	
-133.266	-2.54714	179.273	0	
-46.6561	-7.92358	297.868	0	
-19.3611	-7.28773	246.405	0	
-31.4705	-4.95534	254.665	0	
-34.9676	-3.58542	205.579	0	
56.5315	-6.95497	204.731	0	
54.6802	-6.51289	205.208	0	
49.0681	-7.75976	183.455	0	
55.8862	-8.19336	171.502	0	
-159.875	-1.43189	155.366	0	
-158.629	-2.21734	186.603	0	
157.934	-0.872241	156.319	0	
158.256	-1.60684	157.524	0	
142.708	-6.5636	222.658	0	
176.853	-1.43582	269.045	0	
-67.8421	-4.59332	217.515	0	
-67.0145	-4.6316	220.978	0	
-73.3318	-10.1878	363.385	0	
-60.1922	-6.38421	258.536	0	
-71.9872	-4.11382	209.133	0	
-69.6814	-5.82606	242.636	0	
28.942	-3.54881	195.847	0	
31.4675	-4.20346	189.23	0	
23.8766	-10.19	200.468	0	
38.5589	-8.82582	190.289	0	
26.1818	-3.92403	207.354	0	
27.7515	-6.01838	195.632	0	
122.76	-4.92185	199.65	0	
132.066	-6.35315	212.067	0	
122.912	-6.95859	219.382	0	
159.569	-8.77925	190.051	0	
128.339	-8.08388	222.298	0	
190.319	-2.08076	316.758	0	
-119.075	-6.86406	299.213	0	
-114.104	-6.40738	259.112	0	
-90.3682	-6.6946	273.293	0	
-99.7216	-8.5226	362.24	0	
-118.396	-5.68402	250.96	0	
-139.991	-10.6625	475.531	0	
-21.5887	-6.90754	245.483	0	
-16.6044	-6.40738	213.641	0	
7.35126	-8.87323	183.092	0	
-4.6785	-7.2848	179.339	0	
-20.948	-5.79411	225.617	0	
-44.5467	-11.8303	354.878	0	
-75.0252	-3.52843	203.12	0	
-73.4738	-4.98554	220.391	0	
-70.256	-7.88509	289.64	0	
-70.9729	-5.06886	225.831	0	
-77.1987	-5.70508	247.864	0	
-76.3954	-7.61082	296.406	0	
79.0246	-4.3839	209.965	0	
82.0662	-6.35315	187.214	0	
93.2586	-3.36659	191.052	0	
93.0946	-6.00801	196.761	0	
73.5442	-4.75346	206.822	0	
80.2195	-6.99296	198.695	0	
20.6485	-3.71596	192.178	0	
25.4209	-6.37358	198.872	0	
28.5355	-8.01479	195.052	0	
25.913	-4.42217	205.018	0	
20.7058	-6.1704	193.588	0	
20.1802	-9.74092	195.969	0	
118.942	-3.54881	188.835	0	
122.146	-6.40738	213.71	0	
125.301	-5.70292	212.115	0	
123.386	-4.79143	200.931	0	
117.614	-5.06275	201.998	0	
119.046	-7.44402	223.311	0	
-81.6468	-4.14155	208.497	0	
-81.1444	-4.98834	228.101	0	
-81.7213	-6.35346	257.421	0	
-81.0695	-10.5859	394.657	0	
16.5829	-4.35442	195.641	0	
16.3721	-4.98984	195.217	0	
15.7785	-6.35339	193.256	0	
18.1218	-9.53722	192.849	0	
113.262	-9.81227	226.599	0	
113.547	-3.09961	183.511	0	
-61.1134	-5.30432	233.179	0	
-61.9378	-4.55251	217.476	0	
35.2652	-3.63241	219.382	0	
34.5806	-4.72287	207.872	0	
104.765	-10.9751	190.841	0	
182.587	-9.32682	300.491	0	
-90.9911	-3.45046	193.464	0	
-92.9615	-4.2164	213.189	0	
-97.1026	-5.74952	247.022	0	
-100.907	-4.84951	226.607	0	
7.18335	-3.88927	189.684	0	
3.43996	-4.15199	196.385	0	
-1.41722	-5.83936	190.657	0	
-2.99138	-3.36663	199.977	0	
102.764	-3.66548	178.229	0	
99.69	-4.15199	196.331	0	
93.7709	-7.63444	198.72	0	
104.789	-6.25701	194.46	0	
-152.611	-10.7469	446.373	0	
-55.8255	-8.44575	310.974	0	
-120.708	-8.60076	411.026	0	
-46.6779	-11.0498	335.537	0	
-55.2485	-7.02207	287.159	0	
41.4842	-8.30194	189.47	0	
-60.8457	-12.1871	360.732	0	
51.3925	-9.55875	134.063	0	
-22.9675	-10.6553	369.837	0	
76.4058	-8.51729	196.972	0	
37.9344	-9.94332	184.15	0	
105.967	-7.55507	197.57	0	
-127.74	-5.30014	243.39	0	
-118.074	-5.01825	228.246	0	
-30.0015	-5.15387	255.312	0	
-20.9525	-5.06037	217.393	0	
68.6188	-1.96008	235.288	0	
70.0677	-5.02879	219.771	0	
-173.002	-1.19333	387.836	0	
-162.298	-3.27925	252.999	0	
-136.461	-6.34342	271.235	0	
-133.216	-7.25045	297.407	0	
-37.075	-7.14944	306.154	0	
-34.7291	-8.40537	331.487	0	
156.637	-4.97856	176.828	0	
166.394	-1.78978	192.328	0	
144.038	-7.09532	216.307	0	
194.592	-4.57815	327.717	0	
-69.6504	-4.50162	213.51	0	
-69.3242	-5.01825	225.946	0	
28.3959	-3.99326	198.504	0	
27.0439	-4.75279	202.455	0	
126.442	-5.02316	210.227	0	
125.644	-4.96266	206.419	0	
136.102	-9.55524	215.966	0	
134.604	-5.56164	206.243	0	
-118.4	-4.50162	212.559	0	
-120.131	-3.8113	200.383	0	
-112.384	-8.681	359.743	0	
-107.957	-5.00564	212.91	0	
-20.3148	-4.70184	215.868	0	
-22.4524	-5.75807	226.741	0	
-9.24783	-8.51529	180.412	0	
-11.0913	-5.28127	182.507	0	
-75.6344	-5.18243	239.515	0	
-76.8576	-4.96379	235.514	0	
75.5783	-4.97541	209.048	0	
71.2785	-3.49383	208.593	0	
86.1023	-9.55524	198.047	0	
84.6036	-5.56164	182.376	0	
20.3555	-4.2495	193.657	0	
19.6336	-5.54453	193.441	0	
118.435	-4.70184	200.299	0	
116.132	-3.69927	190.575	0	
-87.2413	-8.87428	345.938	0	
-86.5103	-7.10938	273.994	0	
10.2587	-8.87428	184.611	0	
10.9897	-7.10938	188.164	0	
110.666	-9.05281	213.232	0	
118.279	-6.23414	210.957	0	
113.419	-5.33557	206.87	0	
115.457	-6.77881	216.726	0	
-64.5486	-7.39746	279.073	0	
-61.9185	-7.61706	286.126	0	
32.9125	-6.95859	192.635	0	
34.1201	-8.90937	195.904	0	
-57.3712	-7.99383	300.656	0	
-91.5249	-10.1855	423.296	0	
-24.9536	-9.43235	353.426	0	
5.88807	-10.9941	179.729	0	
45.8377	-8.97693	165.086	0	
130.22	-6.99296	215.475	0	
55.7426	-12.5353	93.7903	0	
75.1817	-6.99281	197.664	0	
70.4619	-5.51399	211.135	0	
72.813	-6.87133	198.75	0	
-166.079	-8.06741	395.683	0	
-157.675	-6.42851	295.063	0	
153.621	-6.50251	195.058	0	
198.713	-12.5666	331.695	0	
-123.228	-7.98027	371.402	0	
-116.246	-8.11708	343.029	0	
-50.9841	-7.81689	304.131	0	
-18.8242	-8.04669	248.649	0	
99.5343	-12.7556	195.434	0	
160.174	-4.60435	171.686	0	
-93.9312	-7.51148	327.383	0	
42.6837	-6.65827	200.319	0	
4.31748	-6.80491	187.435	0	
58.1402	-9.39565	151.237	0	
69.2668	-8.65178	202.133	0	
71.3211	-7.12152	198.537	0	
96.5469	-12.1038	202.331	0	
215.861	-6.59265	338.926	0	
115.961	-5.99207	212.046	0	
117.537	-5.74838	208.879	0	
-141.834	-9.58515	402.399	0	
37.312	-9.31585	190.303	0	
14.8429	-10.0814	191.317	0	
100.566	-6.80386	197.432	0	
71.5219	-5.86717	204.643	0	
74.2184	-4.85022	203.277	0	
-125.832	-4.34848	214.536	0	
-128.776	-7.28075	314.761	0	
-27.4573	-4.76041	232.411	0	
-29.7766	-8.74171	365.769	0	
135.18	-4.95925	204.228	0	
147.411	-7.1166	215.6	0	
135.199	-3.76183	202.783	0	
137.681	-4.92625	211.017	0	
-107.305	-6.38693	276.535	0	
-107.336	-5.45478	225.269	0	
-108.934	-3.69431	185.346	0	
-106.722	-3.57543	189.203	0	
-9.99401	-7.61224	177.82	0	
-10.1199	-5.48905	178.835	0	
-12.3526	-4.40316	187.971	0	
-9.71479	-3.41919	195.1	0	
86.2203	-7.51769	189.104	0	
80.1667	-8.03612	202.464	0	
85.1987	-3.76183	188.439	0	
87.6811	-4.92625	186.739	0	
-58.7157	-5.76209	254.077	0	
-59.945	-7.3998	283.611	0	
40.3199	-7.43829	200.189	0	
39.5549	-9.86827	173.999	0	
-153.991	-11.7103	457.453	0	
-155.613	-8.50548	351.647	0	
59.4737	-3.90859	234.611	0	
62.9337	-4.91992	241.096	0	
-178.103	-1.44749	399.678	0	
-173.839	-5.64205	410.044	0	
-130.006	-6.2334	277.079	0	
-128.046	-7.84252	351.017	0	
-32.6346	-6.73856	294.525	0	
-30.3522	-5.80383	272.644	0	
-126.165	-6.13898	267.576	0	
-83.2555	-8.79333	345.417	0	
-26.14	-5.86823	247.246	0	
14.2445	-8.79333	193.234	0	
85.1795	-4.95925	184.86	0	
153.089	-11.6374	199.277	0	
-120.837	-4.44679	212.765	0	
-120.876	-6.49962	281.315	0	
-22.9443	-4.44878	208.62	0	
-22.175	-8.09906	282.172	0	
73.3328	-8.66016	190.085	0	
158.344	-8.17109	185.824	0	
-53.2911	-9.40616	326.011	0	
-51.1506	-6.93235	288.652	0	
43.8617	-9.47512	164.973	0	
46.3111	-7.05309	194.789	0	
-138.34	-9.39793	396.99	0	
-83.537	-13.2126	506.982	0	
-45.6617	-11.8322	345.49	0	
-41.1584	-9.11447	320.338	0	
-136.512	-9.33725	402.153	0	
-121.701	-8.45446	391.134	0	
-39.0214	-9.74363	340.512	0	
-23.5661	-7.4098	274.485	0	
53.3487	-9.17887	146.44	0	
55.6414	-9.91853	133.768	0	
-150.634	-12.2646	510.463	0	
-117.599	-11.8831	580.769	0	
-72.0609	-6.91973	271.318	0	
-1.89118	-11.2196	171.853	0	
24.8168	-7.27759	199.603	0	
139.121	-9.7666	215.656	0	
-86.8485	-14.436	586.566	0	
-64.397	-10.604	355.742	0	
11.5909	-14.035	193.823	0	
31.9982	-10.2649	193.985	0	
-97.7197	-7.62425	318.066	0	
-110.039	-7.91997	318.012	0	
-0.0982995	-7.80326	179.008	0	
-15.9656	-8.2224	227.699	0	
-164.41	-13.599	475.261	0	
-187.785	-3.81496	423.141	0	
74.9474	-9.26284	188.603	0	
62.9732	-10.9529	150.618	0	
146.325	-6.10652	219.678	0	
128.454	-22.3162	160.42	0	
115.52	-9.02569	227.887	0	
71.1314	-14.8813	127.768	0	
-132.003	-11.7818	563.798	0	
-96.7123	-12.5988	562.446	0	
-35.0087	-12.9347	467.598	0	
0.14397	-10.1507	171.302	0	
91.0286	-9.84741	198.647	0	
95.5818	-9.06969	202.621	0	
-51.2557	-12.3374	342.142	0	
-50.0318	-9.76791	324.678	0	
40.9611	-9.27407	176.066	0	
47.3415	-10.0611	143.874	0	
-148.571	-10.8319	461.955	0	
-49.2709	-14.4775	350.169	0	
-154.889	-14.3905	557.335	0	
-147.97	-17.6816	698.83	0	
-45.91	-11.0879	339.626	0	
-43.8445	-10.8988	337.291	0	
50.156	-11.7841	110.765	0	
132.319	-8.91309	218.531	0	
-159.3	-10.3101	419.867	0	
-155.495	-10.2766	427.105	0	
57.947	-16.2402	41.5514	0	
124.664	-7.55656	220.388	0	
-98.9766	-13.3999	607.3	0	
48.2679	-15.9638	61.1056	0	
10.7483	-12.069	188.346	0	
127.971	-12.9889	213.581	0	
-152.855	-26.0453	811.95	0	
-157.754	-11.6412	467.099	0	
-157.617	-14.2078	521.567	0	
-167.607	-12.1717	458.513	0	
-143.224	-16.6424	708.824	0	
166.015	-4.78136	203.757	0	
174.226	-2.69569	251.865	0	
119.211	-12.7736	226.608	0	
142.596	-10.8368	221.382	0	
-85.9006	-15.2521	590.351	0	
-67.3326	-12.6778	410.684	0	
10.8591	-16.373	194.801	0	
31.8496	-12.3004	188.467	0	
-184.223	-1.73373	401.317	0	
-161.745	-10.4642	420.008	0	
-106.215	-6.85951	278.398	0	
-110.543	-13.073	644.822	0	
-6.14124	-6.3106	181.819	0	
-13.9334	-11.7426	265.989	0	
90.027	-6.35832	192.171	0	
81.7	-12.2244	214.738	0	
139.946	-6.36697	213.666	0	
130.487	-10.3365	217.94	0	
-128.146	-8.71373	396.04	0	
-126.604	-10.9177	531.381	0	
-30.4537	-9.77388	393.547	0	
-26.6592	-9.94504	386.87	0	
-78.9599	-13.1962	485.129	0	
-70.8993	-10.2326	363.464	0	
18.6586	-14.5362	202.953	0	
26.4246	-10.3214	200.952	0	
-91.8974	-9.01771	370.501	0	
-85.994	-9.40255	356.971	0	
5.64367	-8.18364	183.138	0	
11.506	-9.40255	189.646	0	
136.678	-12.3153	216.756	0	
140.319	-10.019	217.369	0	
120.849	-8.15649	226.009	0	
126.96	-12.9084	213.862	0	
-106.148	-12.6483	606.103	0	
-100.894	-8.76879	358.273	0	
-145.757	-15.2052	673.435	0	
-103.101	-9.47568	407.408	0	
-8.78084	-12.1369	194.227	0	
-6.58729	-7.36742	177.464	0	
-17.0598	-12.0425	316.568	0	
-7.12886	-9.7666	176.623	0	
85.1996	-12.694	210.538	0	
90.8889	-7.84898	192.718	0	
-53.106	-10.7862	332.877	0	
-51.9493	-13.885	344.142	0	
43.3139	-11.133	144.174	0	
44.9105	-17.2695	73.1832	0	
66.8358	-5.80769	228.266	0	
60.7519	-10.8241	137.389	0	
42.3531	-10.3589	159.212	0	
144.048	-11.552	201.256	0	
-57.8308	-12.9396	355.734	0	
-86.7517	-12.069	475.608	0	
-76.4792	-12.5577	447.734	0	
5.26145	-13.9186	181.221	0	
-95.1837	-10.8096	469.166	0	
-80.6692	-11.8411	444.731	0	
-58.8781	-15.2885	368.579	0	
17.0083	-10.8506	196.365	0	
92.9762	-11.548	206.055	0	
138.669	-29.5869	173.869	0	
123.964	-8.56007	226.557	0	
124.96	-13.1027	216.372	0	
-116.883	-15.4659	765.561	0	
-109.373	-19.1353	896.602	0	
-120.235	-12.3606	631.423	0	
-123.286	-16.8888	858.592	0	
-18.5708	-12.5456	353.885	0	
-6.67912	-19.9459	302.205	0	
-24.97	-12.6571	467.809	0	
-18.2896	-19.0275	501.566	0	
21.6381	-14.7107	208.383	0	
54.7896	-13.8795	64.5001	0	
-88.3829	-9.43331	348.692	0	
-88.9905	-14.111	587.488	0	
6.00981	-9.95224	180.443	0	
8.88623	-16.0889	202.389	0	
101.123	-10.2206	196.379	0	
120.916	-15.0963	203.847	0	
-102.122	-16.6746	753.779	0	
38.0162	-16.2241	129.023	0	
-25.2453	-11.3976	410.685	0	
70.6059	-12.9377	135.245	0	
-83.7516	-18.0383	682.391	0	
-84.5797	-13.7284	542.945	0	
13.2567	-18.71	211.692	0	
13.8041	-14.349	198.548	0	
-127.722	-10.4869	497.237	0	
-2.23103	-16.8854	222.837	0	
-82.3402	-15.6325	583.597	0	
-78.7418	-17.4367	601.487	0	
-33.8351	-20.1023	573.205	0	
104.984	-13.1219	186.369	0	
15.1294	-17.1144	201.132	0	
20.3596	-18.8236	207.433	0	
-68.5941	-17.7199	479.444	0	
-62.7418	-14.0469	390.129	0	
26.6529	-13.2042	204.21	0	
36.5721	-13.1479	162.666	0	
-170.722	-5.27006	374.17	0	
-175.476	-2.64081	393.642	0	
166.891	-6.83109	213.372	0	
179.821	-3.17192	290.204	0	
-191.569	-2.08123	395.145	0	
-180.704	-8.04338	408.994	0	
-53.9719	-17.8915	360.61	0	
-1.44717	-15.5351	200.478	0	
41.5863	-16.7433	100.155	0	
136.178	-16.1039	203.358	0	
-108.074	-14.1929	694.065	0	
-92.4812	-14.9248	645.538	0	
-8.00255	-13.6178	221.974	0	
4.0827	-15.514	193.004	0	
134.084	-12.7692	202.83	0	
162.045	-24.9596	232.537	0	
76.4224	-12.6759	182.924	0	
129.017	-18.0628	176.019	0	
109.918	-12.137	195.646	0	
171.221	-21.0634	268.3	0	
83.1669	-13.182	212.516	0	
40.7953	-24.5449	60.433	0	
-75.5938	-18.3351	572.746	0	
-63.5482	-16.2923	415.578	0	
23.2417	-26.9131	184.498	0	
35.9726	-14.6413	160.035	0	
-68.2232	-14.3112	429.27	0	
-60.5498	-18.5567	395.934	0	
28.9897	-14.3975	196.308	0	
36.4168	-15.9711	140.746	0	
-181.071	-3.18122	435.429	0	
-176.1	-9.31089	440.612	0	
169.119	-5.98215	227.259	0	
173.419	-6.43797	254.666	0	
160.654	-11.2113	200.48	0	
160.881	-13.6339	206.558	0	
-93.0541	-19.7483	824.368	0	
15.4127	-24.3242	221.235	0	
7.06144	-18.779	204.567	0	
117.677	-21.7369	163.912	0	
-80.063	-15.3168	566.061	0	
-73.6328	-16.2509	521.386	0	
17.7245	-17.335	205.272	0	
23.1548	-16.9752	201.026	0	
152.545	-7.74488	199.248	0	
154.895	-11.855	195.9	0	
-153.202	-17.3239	644.643	0	
-150.327	-16.1614	630.864	0	
-163.68	-16.5656	553.166	0	
-61.5906	-24.3036	465.196	0	
-145.631	-23.3576	888.028	0	
-140.502	-20.6571	849.869	0	
38.1075	-23.3041	82.1297	0	
88.3476	-17.5463	221.74	0	
-125.05	-19.008	928.779	0	
-82.3019	-19.5592	694.703	0	
-58.8818	-22.6981	425.27	0	
34.3322	-19.6022	135.24	0	
-187.588	-7.89551	405.545	0	
-195.842	-4.57853	403.227	0	
102.36	-17.5706	181.833	0	
106.053	-9.64543	196.875	0	
-192.842	-29.1807	435.392	0	
-183.66	-10.6764	435.589	0	
179.592	-6.93814	279.562	0	
186.535	-3.81686	313.602	0	
-70.575	-16.4621	484.226	0	
-63.5752	-18.7687	429.475	0	
29.5277	-15.7264	186.748	0	
35.6161	-18.2978	129.577	0	
112.986	-17.0898	192.016	0	
123.063	-25.3202	165.049	0	
-158.754	-20.6094	651.74	0	
34.9536	-21.1645	118.175	0	
28.3179	-23.4339	154.739	0	
124.744	-23.7182	158.52	0	
101.166	-16.1752	186.627	0	
111.716	-13.0713	213.818	0	
-88.1482	-15.9322	645.214	0	
-74.7007	-19.9096	602.523	0	
-57.1178	-24.489	430.4	0	
-58.7924	-20.8029	400.755	0	
105.715	-19.8509	171.871	0	
105.681	-14.5103	189.599	0	
-70.3186	-24.7408	572.168	0	
54.3186	-22.4278	22.6619	0	
-22.2445	-18.459	558.998	0	
96.4985	-18.0279	193.248	0	
34.3642	-24.2494	106.714	0	
126.901	-24.3498	169.028	0	
107.841	-17.5605	174.817	0	
117.823	-18.0483	187.617	0	
109.214	-19.2068	174.575	0	
114.531	-23.4196	167.787	0	
73.0658	-19.8537	98.8745	0	
138.062	-18.2852	173.98	0	
-115.906	-13.9877	720.684	0	
-112.116	-18.7743	893.368	0	
-118.595	-19.4673	942.716	0	
-126.952	-34.2311	1051.51	0	
-12.041	-14.5621	270.054	0	
-11.4288	-19.6189	364.193	0	
-29.3127	-17.3578	579.19	0	
-63.5585	-24.2482	483.819	0	
80.4289	-15.8401	191.9	0	
87.2907	-15.0367	210.402	0	
-95.7737	-21.5881	852.266	0	
-88.8194	-19.9421	801.529	0	
-0.539716	-20.4604	249.954	0	
7.44134	-25.487	254.393	0	
-205.28	-10.9939	376.384	0	
-203.116	-22.3712	392.952	0	
-200.382	-2.4973	382.071	0	
-210.958	-2.99655	367.168	0	
-165.848	-21.217	606.521	0	
-154.734	-21.2796	725.503	0	
168.656	-11.5465	233.832	0	
174.092	-13.3826	267.121	0	
177.61	-15.9037	282.496	0	
199.132	-2.49739	330.665	0	
-118.843	-28.885	1072.2	0	
30.1228	-27.2042	131.576	0	
-38.9629	-32.584	595.83	0	
104.227	-24.1031	170.008	0	
-78.2084	-25.3989	759.68	0	
37.7372	-29.0493	63.4088	0	
14.8952	-30.4283	239.181	0	
121.118	-30.9713	159.31	0	
116.601	-27.9351	159.821	0	
84.4882	-18.4961	213.988	0	
77.9764	-21.2159	135.452	0	
81.7554	-30.7223	123.255	0	
110.866	-30.4847	161.269	0	
-170.264	-22.5426	544.965	0	
-186.586	-34.0715	475.05	0	
-70.4085	-28.9812	608.427	0	
-64.3557	-25.9915	503.843	0	
-132.703	-30.5646	1022.57	0	
-72.9741	-35.4331	728.292	0	
26.8661	-28.8154	148.09	0	
33.1525	-25.8704	110.8	0	
-32.0413	-25.1378	620.762	0	
24.6918	-35.2531	160.088	0	
-33.7767	-33.7329	652.588	0	
200.219	-31.4848	331.554	0	
-82	-39.9539	874.269	0	
-61.4046	-26.4275	481.751	0	
-173.766	-29.45	582.532	0	
46.0084	-30.9801	33.2648	0	
-61.1899	-30.8966	516.809	0	
-64.7496	-34.3516	609.254	0	
-16.4581	-38.7749	566.926	0	
102.268	-30.7894	168.732	0	
34.3108	-31.8682	87.9108	0	
32.7526	-34.1926	106.987	0	
-132.824	-15.9545	733.814	0	
-131.018	-23.5698	1010.88	0	
-42.3649	-15.4189	418.665	0	
-40.4256	-19.4731	476.096	0	
229.784	-7.91137	337.753	0	
-195.655	-9.12754	392.504	0	
-184.632	-17.2543	434.771	0	
-223.649	-3.59612	360.238	0	
-198.906	-17.9043	398.697	0	
130.678	-28.6733	160.158	0	
133.25	-29.1391	167.887	0	
186.376	-7.64136	306.206	0	
187.265	-14.6613	316.074	0	
182.331	-13.8541	296.076	0	
189.97	-10.4787	316.894	0	
60.1096	-19.3316	32.7078	0	
74.8241	-24.414	104.249	0	
116.577	-35.3719	166.131	0	
137.255	-21.5581	181.2	0	
-138.268	-19.139	865.759	0	
-137.679	-25.2864	946.038	0	
-133.553	-25.0817	980.316	0	
-90.8945	-27.2433	912.773	0	
-53.4633	-22.0493	393.6	0	
-48.3085	-22.9372	426.656	0	
-58.6892	-37.8996	599.974	0	
-20.7831	-23.6437	592.749	0	
123.533	-27.6456	155.424	0	
129.943	-26.8674	166.719	0	
-146.527	-36.2642	882.35	0	
-205.51	-5.49385	380.786	0	
-189.708	-16.9412	429.87	0	
190.469	-19.3683	321.393	0	
194.401	-9.15162	324.616	0	
180.928	-24.6306	301.853	0	
209.708	-2.99653	337.094	0	
41.3047	-33.2979	51.4923	0	
78.09	-28.629	118.751	0	
-146.1	-31.1762	923.002	0	
-138.065	-30.4834	976.639	0	
-49.3609	-37.6841	563.044	0	
-42.8809	-24.1628	486.207	0	
119.169	-34.5177	160.517	0	
152.631	-27.8197	200.147	0	
3.40231	-26.4652	293.569	0	
134.69	-33.0806	174.519	0	
112.15	-32.5759	164.23	0	
177.895	-33.7057	299.226	0	
69.0566	-35.0018	43.2386	0	
99.057	-21.3232	187.037	0	
103.812	-28.8323	170.788	0	
-89.7026	-33.2375	937.333	0	
62.9998	-35.1121	31.1378	0	
66.1761	-46.16	52.0997	0	
121.4	-35.3478	167.177	0	
-199.966	-12.5463	391.565	0	
187.682	-25.5065	320.473	0	
209.204	-15.0839	337.207	0	
122.982	-42.9944	185.712	0	
-193.119	-20.7159	410.317	0	
-133.594	-42.4406	971.17	0	
-48.2408	-30.57	504.979	0	
-40.3988	-28.9634	576.312	0	
131.335	-38.289	174.792	0	
123.074	-46.8465	187.594	0	
90.3287	-34.4435	156.709	0	
97.3454	-37.5702	160.854	0	
97.9699	-40.119	161.203	0	
100.027	-45.3506	160.336	0	
9.74457	-32.4884	280.636	0	
-23.1756	-28.8636	643.119	0	
-217.111	-6.59266	360.077	0	
-216.837	-13.1836	359.841	0	
215.587	-13.1843	337.608	0	
222.399	-3.59612	338.159	0	
-178.18	-51.9759	514.45	0	
-159.563	-49.6964	681.786	0	
99.1158	-35.3358	169.53	0	
107.89	-36.386	169.641	0	
-45.3648	-47.1279	652.176	0	
-35.7408	-42.0125	640.647	0	
93.5948	-34.955	161.135	0	
91.179	-52.1939	136.549	0	
20.0737	-32.7375	201.582	0	
101.018	-48.3174	165.307	0	
93.8689	-41.9883	147.643	0	
97.6563	-52.1436	161.295	0	
86.4817	-47.7134	120.634	0	
191.33	-50.1564	321.367	0	
42.2992	-21.3439	60.3142	0	
63.3029	-19.5909	40.8187	0	
44.0253	-36.6507	40.4086	0	
55.0519	-24.7151	22.8939	0	
62.4749	-46.9493	44.4045	0	
58.0297	-25.94	20.1078	0	
59.0204	-31.098	20.1734	0	
57.9702	-33.8004	23.8662	0	
-110.181	-24.7013	1025.67	0	
-101.88	-36.0463	1050.82	0	
-9.86704	-22.3622	410.157	0	
-22.2354	-38.1345	609.022	0	
-180.822	-20.7977	504.438	0	
-180.372	-28.6817	491.536	0	
-27.6468	-47.4658	613.046	0	
-7.99691	-31.2196	468.805	0	
-223.045	-18.0992	360.793	0	
197.484	-18.6006	328.756	0	
221.795	-18.0997	336.686	0	
-117.005	-31.8606	1081.1	0	
-108.899	-28.4001	1058.13	0	
-210.454	-15.0875	373.983	0	
-209.349	-21.1068	373.012	0	
214.41	-27.8426	334.389	0	
201.692	-23.0481	332.412	0	
-168.63	-35.332	636.108	0	
-185.88	-47.0569	461.304	0	
-63.4274	-58.6408	706.743	0	
110.427	-57.6648	198.221	0	
94.3363	-53.3773	151.046	0	
-46.2646	-58.9347	638.253	0	
157.304	-99.2296	296.632	0	
48.3311	-41.03	41.0691	0	
73.9213	-46.3938	67.748	0	
-231.034	-7.91137	350.393	0	
193.225	-33.1755	324.309	0	
-196.586	-54.0406	404.915	0	
-96.4473	-38.3422	1020.37	0	
37.6165	-40.3989	73.6209	0	
6.46877	-48.6195	334.331	0	
-230.704	-15.8235	354.492	0	
-199.677	-29.8849	394.6	0	
-199.122	-68.7901	377.094	0	
-232.183	-28.9135	360.175	0	
-139.842	-55.0425	842.076	0	
-63.0015	-37.217	636.599	0	
9.40024	-45.4001	302.697	0	
45.5753	-46.7418	54.1354	0	
208.094	-21.1083	335.129	0	
177.068	-28.7981	292.207	0	
229.454	-15.8234	337.342	0	
206.558	-38.2817	330.77	0	
229.116	-42.1681	329.28	0	
140.092	-60.8827	253.517	0	
189.207	-41.0089	322.456	0	
-222.975	-26.721	355.876	0	
221.729	-26.7336	336.215	0	
230.058	-34.3103	330.742	0	
146.776	-35.2081	210.805	0	
151.833	-41.8956	240.594	0	
135.681	-47.3383	216.225	0	
147.065	-40.5572	219.207	0	
-209.391	-44.9615	376.815	0	
29.7689	-67.109	177.134	0	
-74.7311	-59.3324	780.46	0	
-83.8373	-64.7615	790.241	0	
-60.0469	-48.5343	677.84	0	
88.3871	-63.8016	146.213	0	
-91.6739	-65.5716	797.644	0	
-234.45	-44.5321	356.841	0	
199.072	-52.1877	323.538	0	
42.7948	-51.2865	78.8994	0	
65.0346	-65.4053	104.304	0	
-180.455	-72.4285	441.266	0	
68.0093	-59.933	84.4799	0	
76.0884	-83.1656	172.507	0	
128.456	-65.4552	240.984	0	
163.169	-43.6755	270.832	0	
100.585	-71.4719	187.669	0	
122.856	-60.6804	219.277	0	
74.1725	-66.424	121.495	0	
25.8335	-72.129	201.842	0	
151.159	-50.8378	259.109	0	
153.732	-56.9485	271.795	0	
-112.804	-53.3774	959.729	0	
-128.075	-50.5181	948.94	0	
212.793	-60.3298	324.104	0	
-175.631	-63.5678	518.328	0	
-158.071	-58.0177	674.964	0	
-75.3408	-39.9791	792.719	0	
-75.6303	-52.3835	794.06	0	
-72.9512	-72.5749	676.309	0	
28.147	-116.698	281.33	0	
21.8341	-37.9682	187.088	0	
24.379	-52.6772	178.432	0	
114.713	-66.1298	217.331	0	
-114.189	-77.7222	719.16	0	
-133.795	-88.0804	554.514	0	
52.6999	-56.6541	73.7926	0	
50.5465	-76.4992	146.789	0	
-33.6838	-60.3257	561.558	0	
4.66262	-71.8541	325.665	0	
184.503	-56.1505	315.987	0	
-212.548	-78.6717	370.012	0	
59.0445	-82.041	160.133	0	
39.0004	-95.7871	218.849	0	
183.341	-90.5515	307.787	0	
-145.151	-84.7039	528.638	0	
12.7017	-101.185	294.184	0	
7.36321	-64.12	295.577	0	
8.26435	-90.1145	301.109	0	
-222.226	-50.9126	365.4	0	
163.154	-69.7573	296.242	0	
178.455	-52.6089	308.301	0	
-117.561	-85.7897	612.316	0	
-85.3154	-77.5981	685.779	0	
225.114	-60.2927	324.734	0	
-7.15906	-81.2042	383.54	0	
-10.1014	-120.225	329.103	0	
-222.846	-69.8732	349.584	0	
87.9308	-93.6632	210.195	0	
-146.874	-123.994	371.432	0	
145.407	-93.9261	286.976	0	
-204.284	-106.514	347.027	0	
-166.566	-82.7167	467.211	0	
-113.97	-93.9594	569.558	0	
115.685	-88.0674	244.637	0	
-59.0057	-129.17	402.09	0	
-182.607	-90.84	399.368	0	
-159.044	-118.055	380.334	0	
61.2153	-95.2347	205.411	0	
92.2514	-119.639	258.737	0	
-33.6879	-138.893	352.967	0	
-117.678	-110.609	461.253	0	
4.67711	-117.12	321.102	0	
-70.0112	-82.2513	612.287	0	
-49.2226	-102.423	461.378	0	
-96.8207	-108.291	487.204	0	
-126.156	-120.037	410.567	0	
-168.351	-125.612	354.723	0	
-43.8106	-127.154	394.338	0	
219.911	-71.5469	319.751	0	
193.804	-99.1421	306.978	0	
76.6721	-125.229	258.535	0	
113.812	-133.192	279.183	0	
-84.3704	-145.655	396.776	0	
-165.504	-141.03	352.639	0	
98.2664	-156.153	276.759	0	
143.707	-121.949	290.102	0	
229.376	-133.911	301.536	0	
212.815	-132.597	301.005	0	
-61.2651	-0.766958	192.647	0	
-61.5593	-0.18999	195.815	0	
-60.9375	-0.215758	193.173	0	
-60.625	-0.83059	190.205	0	
-59.8745	-0.804908	186.83	0	
-60.2911	-0.996788	187.147	0	
-58.5896	-1.13158	194.58	0	
-60.2323	-1.4432	187.835	0	
-59.4427	-1.50401	189.248	0	
-60.636	-1.80188	188.279	0	
-61.1182	-3.01324	192.898	0	
-61.8325	-1.48417	192.074	0	
-62.173	-1.2985	194.782	0	
-59.8054	-2.27616	191.144	0	
-60.3961	-2.34864	189.054	0	
-58.2214	-0.877323	193.559	0	
-59.1667	-0.239636	190.365	0	
-58.9172	-0.485808	193.054	0	
-59.4427	-1.07549	189.847	0	
-58.9745	-2.28006	194.469	0	
-57.6924	-1.50078	194.519	0	
-58.5005	-0.246172	192.369	0	
-58.1303	-2.27157	197.759	0	
-58.5642	-1.56623	193.327	0	
-56.4497	-1.7806	195.064	0	
-57.3813	-0.400537	195.144	0	
-59.4261	-2.57751	194.922	0	
-57.8459	-0.199635	194.223	0	
-59.538	-3.23863	203.136	0	
-57.716	-2.50107	201.225	0	
-57.2757	-1.73741	196.17	0	
-57.7106	-2.97929	206.026	0	
-56.8968	-2.95697	207.745	0	
-58.55	-3.00553	203.967	0	
-57.7083	-4.01432	221.236	0	
-56.4918	-3.17318	211.736	0	
-56.0331	-1.54396	192.527	0	
-59.0785	-3.41814	204.466	0	
-58.132	-3.75252	216.631	0	
-57.1865	-4.93808	240.816	0	
-56.4696	-3.64388	220.961	0	
-56.8574	-3.93694	223.137	0	
-55.6644	-3.70721	221.521	0	
-56.0571	-2.49566	202.437	0	
-55.6233	-2.26773	198.331	0	
-56.6796	-4.81726	245.074	0	
-56.0529	-3.91706	225.194	0	
-55.2226	-3.97746	227.005	0	
-54.8416	-3.25896	215.439	0	
-56.3931	-0.867076	190.466	0	
-56.8491	-1.50171	193.689	0	
-55.2583	-3.0339	208.595	0	
-54.7982	-1.78525	194.313	0	
-57.6904	-4.59037	236.308	0	
-54.5804	-6.36437	276.414	0	
-55.6285	-5.28343	254.299	0	
-53.2964	-3.92739	229.981	0	
-54.4625	-2.99811	207.417	0	
-55.2352	-2.54513	203.103	0	
-56.8271	-0.200902	189.506	0	
-56.8012	-1.03446	192.683	0	
-53.9853	-1.80397	193.875	0	
-54.4059	-1.07885	188.803	0	
-56.0987	-5.38133	255.54	0	
-55.6658	-4.71467	242.212	0	
-54.0547	-3.13727	211.676	0	
-53.6249	-2.53652	202.671	0	
-55.6124	-0.893196	189.69	0	
-56.3312	-0.42869	188.253	0	
-53.0691	-0.89002	180.102	0	
-54.8782	-0.45176	188.559	0	
-55.404	-0.46168	184.644	0	
-55.2126	-1.1055	189.015	0	
-56.3308	-5.98113	267.016	0	
-53.6173	-4.54121	233.314	0	
-53.965	-3.57409	218.637	0	
-53.4734	-3.59962	215.28	0	
-53.1918	-2.30567	196.741	0	
-53.5687	-1.56733	186.574	0	
-53.9474	-0.854522	178.395	0	
-54.395	-0.217868	172.594	0	
-54.5889	-5.38458	260.129	0	
-55.2131	-4.50392	240.07	0	
-54.3372	-3.88025	225.97	0	
-54.6258	-4.87009	240.095	0	
-52.8007	-3.93925	223.142	0	
-52.5059	-3.48532	219.15	0	
-52.733	-2.55521	201.598	0	
-52.3607	-1.81466	194.108	0	
-55.1389	-5.58718	258.994	0	
-53.6223	-6.12701	279.562	0	
-52.687	-4.40051	236.169	0	
-52.1988	-4.47782	234.839	0	
-51.2863	-3.56022	216.365	0	
-52.3163	-2.3067	196.184	0	
-51.4552	-1.7073	191.175	0	
-51.9209	-1.03779	188.576	0	
-53.1805	-4.82796	247.015	0	
-53.0854	-5.47256	256.339	0	
-51.509	-4.94958	248.419	0	
-51.1876	-4.59359	240.65	0	
-51.0844	-0.983087	185.66	0	
-52.3438	-0.409571	190.427	0	
-53.4375	-0.215758	177.363	0	
-52.7126	-1.14667	189.218	0	
-51.5049	-0.783282	182.511	0	
-51.8789	-0.166826	183.77	0	
-53.8741	-0.433626	184.237	0	
-52.7566	-0.242745	177.466	0	
-53.5107	-1.06817	187.844	0	
-58.2594	-4.97093	236.266	0	
-57.2385	-5.52039	255.574	0	
-55.0281	-6.06508	272.34	0	
-54.2297	-5.97529	268.508	0	
-49.803	-1.30261	182.851	0	
-51.7866	-2.56213	199.978	0	
-54.203	-7.62726	302.553	0	
-51.9655	-6.65419	282.911	0	
-51.3271	-5.50945	258.609	0	
-50.7191	-4.69446	244.99	0	
-51.9249	-5.88918	269.993	0	
-50.5651	-5.16299	252.279	0	
-50.3611	-4.2937	230.792	0	
-50.7946	-3.31439	211.129	0	
-50.6346	-6.27988	274.388	0	
-49.1705	-6.41234	284.156	0	
-49.8492	-4.39624	240.49	0	
-48.9377	-3.65259	216.07	0	
-51.3691	-2.23826	194.651	0	
-50.8331	-2.54036	201.216	0	
-50.4013	-0.667307	182.188	0	
-51.4189	-0.384726	186.045	0	
-50.193	-0.300675	180.772	0	
-50.9984	-0.2179	182.761	0	
-50.2197	-1.23773	181.925	0	
-49.5383	-0.912027	177.365	0	
-48.8955	-1.90573	189.303	0	
-48.6322	-1.44215	184.674	0	
-49.3452	-0.179835	172.017	0	
-49.8445	-2.34674	197.037	0	
-49.8068	-3.05883	205.131	0	
-48.0637	-1.46111	184.91	0	
-47.6295	-0.923531	181.712	0	
-56.061	-6.49376	279.125	0	
-55.4256	-6.45658	280.97	0	
-56.4786	-7.25342	291.728	0	
-54.6889	-7.00225	290.045	0	
-55.8654	-7.59523	299.951	0	
-54.4203	-9.28784	322.4	0	
-49.916	-6.04716	267.618	0	
-47.3353	-5.51589	263.044	0	
-49.5114	-4.93659	240.768	0	
-48.9323	-4.69801	242.447	0	
-61.2066	-4.17875	211.734	0	
-61.1733	-4.54756	220.166	0	
-58.5616	-4.05931	218.697	0	
-60.6135	-4.06681	211.981	0	
-53.487	-7.1411	288.524	0	
-49.5133	-8.79245	312.41	0	
-47.883	-3.16198	214.088	0	
-48.5486	-2.48631	199.831	0	
-47.7055	-1.81169	196.57	0	
-47.2868	-1.11845	193.414	0	
-48.0295	-2.603	206.448	0	
-46.9025	-2.28381	201.25	0	
-46.9306	-0.877596	188.211	0	
-48.8244	-0.335502	171.88	0	
-48.1773	-3.59722	222.654	0	
-47.2755	-2.53247	209.776	0	
-46.4796	-2.4929	211.769	0	
-46.072	-1.79283	204.376	0	
-46.4887	-1.55619	194.446	0	
-47.2304	-0.236453	189.364	0	
-48.4375	-0.155667	173.802	0	
-48.1552	-0.392264	175.867	0	
-48.2458	-0.73474	175.14	0	
-47.9897	-1.02955	185.811	0	
-47.5731	-0.473051	186.68	0	
-47.9929	-4.10054	232.585	0	
-47.0155	-3.8168	226.327	0	
-46.4522	-2.95774	213.076	0	
-45.6432	-2.9488	212.82	0	
-45.2153	-1.75549	205.107	0	
-46.2329	-0.421687	195.94	0	
-46.9961	-3.28273	224.008	0	
-46.5752	-0.209627	190.007	0	
-45.6379	-4.34188	233.852	0	
-45.2383	-3.17512	221.399	0	
-44.7987	-1.51885	194.356	0	
-44.375	-0.399074	193.892	0	
-45.6994	-0.21206	187.459	0	
-45.7199	-1.07712	198.931	0	
-45.2554	-0.8423	189.316	0	
-46.4648	-3.95979	235.081	0	
-46.4395	-4.56324	239.276	0	
-45.6352	-3.88349	232.065	0	
-44.411	-3.70914	219.503	0	
-44.8054	-2.49445	212.067	0	
-43.5444	-1.77261	200.303	0	
-45.2593	-4.55937	242.427	0	
-44.8204	-3.91501	229.877	0	
-43.981	-3.97392	226.583	0	
-43.5884	-3.2573	215.636	0	
-44.3744	-2.26124	200.929	0	
-44.0051	-3.03224	208.078	0	
-45.2454	-5.17455	246.369	0	
-43.5439	-4.72703	234.029	0	
-43.9765	-4.52165	228.135	0	
-43.1261	-4.39065	223.534	0	
-43.2098	-2.99645	203.647	0	
-43.9847	-2.53818	209.195	0	
-42.7321	-1.80636	196.569	0	
-43.6547	-0.374135	186.564	0	
-45.989	-5.31315	250.799	0	
-45.9731	-6.58779	275.238	0	
-44.7028	-5.28796	251.197	0	
-43.7961	-5.86037	258.032	0	
-42.4952	-4.54706	220.394	0	
-42.3551	-2.96981	197.444	0	
-42.7718	-3.19487	209.188	0	
-42.3722	-2.53486	201.64	0	
-41.8202	-0.889503	191.795	0	
-45.1786	-0.427819	198.802	0	
-42.2385	-4.075	218.499	0	
-41.729	-3.91024	202.316	0	
-41.9389	-2.30401	191.758	0	
-42.3154	-1.56972	190.194	0	
-42.6839	-0.831524	186.287	0	
-43.1339	-0.19082	169.995	0	
-40.888	-4.18388	217.755	0	
-40.74	-3.10063	202.136	0	
-41.5169	-2.47123	196.655	0	
-41.1078	-1.813	190.453	0	
-41.3969	-3.0095	192.76	0	
-40.3039	-3.64201	195.779	0	
-40.1964	-1.71345	190.205	0	
-40.6688	-1.03807	187.226	0	
-39.1668	-3.49687	214.406	0	
-39.4601	-2.41005	196.613	0	
-39.8362	-0.977742	190.724	0	
-41.0949	-0.41001	181.942	0	
-42.1875	-0.215758	198.806	0	
-41.4628	-1.1445	188.899	0	
-40.2567	-0.784634	190.076	0	
-40.6289	-0.167782	182.719	0	
-42.613	-0.406578	187.927	0	
-41.5077	-0.242228	193.78	0	
-42.2584	-1.07222	191.225	0	
-48.5084	-4.98035	251.748	0	
-47.676	-5.04549	249.128	0	
-43.5051	-6.58101	262.581	0	
-42.3274	-5.02067	237.246	0	
-40.0797	-2.3217	189.863	0	
-39.1096	-1.92375	190.89	0	
-39.1656	-0.648229	192.369	0	
-40.1719	-0.385099	185.093	0	
-38.9573	-0.287339	193.956	0	
-39.7514	-0.217318	198.266	0	
-38.9916	-1.16971	191.814	0	
-37.9072	-0.498305	193.191	0	
-38.5622	-1.9087	192.776	0	
-37.6337	-0.326934	194.983	0	
-38.6059	-0.45871	186.474	0	
-37.7441	-1.03158	196.899	0	
-36.875	-0.142022	211.315	0	
-37.5836	-1.80484	197.856	0	
-37.1128	-0.799284	206.828	0	
-36.6237	-0.860308	204.163	0	
-37.8125	-0.101189	191.471	0	
-38.0861	-0.272559	190.265	0	
-38.3986	-0.171371	192.146	0	
-38.3975	-0.825341	192.609	0	
-38.2152	-2.45445	197.124	0	
-37.6814	-2.43287	197.075	0	
-36.7841	-3.10975	207.788	0	
-36.7903	-2.03086	200.379	0	
-36.2071	-1.38644	202.053	0	
-35.1482	-1.95122	192.96	0	
-47.3005	-4.69672	244.739	0	
-48.1176	-4.67289	244.532	0	
-46.3644	-5.69886	264.305	0	
-46.0061	-4.71262	246.347	0	
-46.3463	-6.35001	272.901	0	
-45.6068	-5.55758	258.531	0	
-47.0751	-6.62767	279.25	0	
-45.7352	-7.22703	287.436	0	
-45.9224	-7.87395	298.472	0	
-45.2391	-6.42772	275.44	0	
-43.5768	-8.54417	301.346	0	
-44.4491	-6.89022	278.03	0	
-45.2601	-7.05081	279.81	0	
-44.8343	-7.32022	287.16	0	
-44.6657	-8.04087	293.035	0	
-42.8299	-6.61123	269.255	0	
-48.394	-5.87069	265.406	0	
-47.6625	-6.03363	270.628	0	
-45.2786	-8.41838	303.808	0	
-47.0344	-8.69426	310.599	0	
-43.9537	-7.86512	298.186	0	
-40.7767	-7.74785	290.363	0	
-58.9649	-6.64797	273.018	0	
-57.2511	-8.73676	313.615	0	
-61.5128	-3.98505	208.857	0	
-62.6515	-4.06186	211.065	0	
-54.7226	-8.4976	313.797	0	
-52.5839	-8.60238	310.59	0	
-42.5352	-6.02783	252.438	0	
-41.5829	-6.04646	251.682	0	
-37.2161	-4.78961	231.287	0	
-35.5242	-3.62599	213.313	0	
-61.1194	-5.66785	241.631	0	
-60.1378	-4.98707	231.987	0	
-62.1882	-2.48798	195.643	0	
-62.8145	-4.32031	213.828	0	
-61.435	-5.81984	244.541	0	
-60.0856	-5.73387	244.856	0	
-63.1402	-1.83986	197.378	0	
-63.831	-2.66071	197.538	0	
-63.0772	-4.89788	224.493	0	
-61.6819	-6.36966	255.585	0	
-61.8241	-5.28802	231.562	0	
-61.4275	-7.03479	271.592	0	
-62.4121	-5.74763	241.355	0	
-62.3405	-6.53004	257.337	0	
-60.7972	-7.50784	282.287	0	
-60.399	-7.81838	288.742	0	
-64.8522	-4.61596	221.821	0	
-63.9151	-7.01206	269.257	0	
-61.7504	-8.19698	295.838	0	
-60.9921	-9.69323	324.772	0	
-59.1313	-9.72076	323.185	0	
-57.4396	-6.83321	283.646	0	
37.1875	-0.183316	225.874	0	
35.9407	-0.18999	234.588	0	
36.2349	-0.766958	229.772	0	
36.875	-0.83059	224.175	0	
37.7083	-1.33931	222.455	0	
37.3958	-0.854468	226.48	0	
38.5623	-1.78747	224.843	0	
133.441	-0.18999	206.713	0	
136.033	-1.03873	217.748	0	
-110.923	-1.2985	169.678	0	
135.869	-0.553858	206.846	0	
-109.85	-2.71056	171.177	0	
-109.607	-3.32904	181.403	0	
-108.296	-3.58383	182.697	0	
134.688	-0.183316	202.974	0	
135.104	-0.484914	189.38	0	
133.735	-0.766958	204.412	0	
134.375	-0.83059	199.769	0	
134.896	-0.91643	209.304	0	
-64.375	-0.240555	197.66	0	
-63.125	-0.360901	198.724	0	
-63.4375	-0.180445	195.953	0	
-62.8124	-0.902258	197.785	0	
-62.1825	-0.912873	195.035	0	
-67.0833	-0.233607	186.785	0	
-63.4583	-0.914235	198.337	0	
-62.8125	-1.27911	196.866	0	
-61.8669	-0.741951	196.04	0	
-64.198	-1.06781	197.025	0	
-62.8319	-2.05376	195.509	0	
-63.4596	-1.2764	197.793	0	
-62.491	-1.88478	195.457	0	
-61.5776	-0.917831	191.959	0	
-62.4951	-0.365785	198.45	0	
-64.5931	-1.03246	193.859	0	
-64.8179	-1.37074	193.254	0	
-63.8867	-1.36986	197.403	0	
-63.4614	-1.99678	196.895	0	
-62.1631	-2.1029	193.119	0	
-61.8171	-1.89298	192.658	0	
-61.2468	-0.405748	191.281	0	
-64.8958	-0.409544	193.273	0	
-65.2241	-1.3479	190.367	0	
-63.8746	-1.7112	197.565	0	
-63.1744	-2.68388	197.417	0	
-62.5397	-2.64343	196.319	0	
-61.5126	-2.5833	195.193	0	
-61.0834	-1.71874	188.595	0	
-60.9558	-1.00848	189.135	0	
-61.5527	-1.27442	191.666	0	
-61.1361	-1.33931	189.892	0	
-61.8669	-0.375319	194.564	0	
-62.1826	-0.185329	199.75	0	
-65.9375	-0.215758	180.372	0	
-64.8951	-0.747092	191.278	0	
-65.4669	-1.68444	191.382	0	
-65.2413	-2.07434	193.316	0	
-64.1316	-2.31582	197.464	0	
-63.4721	-2.46723	198.678	0	
-63.1107	-3.07733	200.953	0	
-62.1844	-3.48284	202.796	0	
-64.7908	-2.0684	195.259	0	
-64.9776	-3.96975	208.705	0	
-63.3287	-3.36334	201.837	0	
-62.5688	-3.35685	202.611	0	
-62.6929	-3.02032	199.643	0	
-61.8702	-2.7987	194.337	0	
-63.7513	-3.16337	203.016	0	
-64.2675	-4.76057	218.984	0	
-63.1964	-4.26828	215.575	0	
-62.8473	-3.72137	205.541	0	
-63.3974	-4.64462	216.301	0	
-62.6539	-4.67488	220.827	0	
-64.1008	-3.47149	202.962	0	
-64.7301	-2.85114	198.6	0	
-63.9046	-4.43991	218.912	0	
-62.7089	-6.46186	254.024	0	
-62.2882	-4.78264	221.842	0	
-61.9111	-4.17825	212.518	0	
-62.2051	-5.14141	229.554	0	
-61.4757	-5.10485	228.747	0	
-62.4917	-5.38626	232.027	0	
-62.0788	-5.85424	242.649	0	
-62.9981	-5.25049	231.929	0	
-63.4423	-5.53785	236.579	0	
-62.0059	-6.19089	253.031	0	
-61.4123	-6.21337	252.75	0	
-62.7076	-6.0161	248.299	0	
-61.6916	-6.7798	262.92	0	
-61.0545	-6.41791	257.011	0	
-60.7768	-5.83117	245.211	0	
-63.0197	-7.43107	292.97	0	
-61.4788	-7.42562	278.571	0	
-62.1596	-6.88879	269.524	0	
-62.3351	-7.33523	269.14	0	
-61.06	-6.82918	268.066	0	
-60.1969	-6.8546	272.241	0	
-60.4779	-5.60801	241.045	0	
-60.8	-5.0892	230.992	0	
-63.2314	-5.94209	244.124	0	
-63.3619	-7.10256	263.292	0	
-61.1637	-7.65849	287.215	0	
-60.7448	-7.06936	273.295	0	
-63.305	-8.25347	289.272	0	
-60.4877	-8.82853	313.819	0	
-59.8421	-6.15354	255.679	0	
-59.9032	-4.32822	218.246	0	
-60.8293	-4.70918	221.975	0	
-61.5063	-4.72811	221.332	0	
-61.2169	-8.20935	292.904	0	
-59.4616	-7.69142	291.925	0	
-59.3599	-6.21121	257.163	0	
-59.4366	-5.3497	239.546	0	
-59.854	-5.33942	238.53	0	
-58.7069	-4.70167	231.553	0	
-60.5618	-4.46805	219.243	0	
-60.9142	-3.93915	210.7	0	
-62.4523	-8.73754	316.203	0	
-62.1189	-9.72133	325.272	0	
-60.6892	-8.3381	297.904	0	
-59.7141	-8.60042	301.317	0	
-60.1631	-4.60556	221.204	0	
-60.2157	-3.943	212.249	0	
-61.1336	-3.55329	202.135	0	
-61.5261	-3.6073	203.585	0	
-61.8681	-3.28265	200.861	0	
-62.2406	-4.00069	207.783	0	
-66.3688	-0.973484	182.758	0	
-65.625	-0.384747	185.877	0	
-65.625	-0.816264	184.012	0	
-65.8817	-1.62973	189.117	0	
-66.1093	-2.02292	191.871	0	
-65.1906	-2.83438	197.649	0	
-64.5222	-2.423	196.317	0	
-64.9788	-6.02501	253.643	0	
-64.0622	-5.40187	234.682	0	
-63.4684	-6.35083	253.708	0	
-63.9352	-6.48344	254.418	0	
-58.9684	-7.3523	285.498	0	
-58.2789	-5.44774	247.717	0	
-59.469	-4.37896	222.787	0	
-59.2197	-4.84984	229.917	0	
-67.3327	-0.479865	188.384	0	
-66.4922	-2.01698	193.195	0	
-65.9521	-1.17139	186.73	0	
-66.8527	-1.24256	187.732	0	
-66.7931	-2.48291	196.091	0	
-66.6087	-2.97869	200.194	0	
-65.6485	-3.1769	202.94	0	
-64.588	-3.3509	203.381	0	
-65.3076	-5.34355	231.071	0	
-65.2293	-6.95513	261.649	0	
-57.934	-7.64624	294.546	0	
-57.885	-6.09579	262.199	0	
-58.4751	-6.61309	270.647	0	
-57.416	-6.38388	267.56	0	
-67.4073	-1.91861	195.583	0	
-67.7454	-2.91127	202.408	0	
-66.6319	-3.98045	212.197	0	
-65.5776	-3.81252	206.405	0	
-56.9637	-5.99936	264.847	0	
-57.7619	-5.64948	255.255	0	
-68.4375	-0.215758	203.654	0	
-66.6667	-0.233607	177.535	0	
-67.7124	-1.16261	196.279	0	
-70.2376	-2.8307	196.79	0	
-67.7493	-0.246258	200.469	0	
-68.6458	-1.01391	203.698	0	
-67.824	-1.68197	198.222	0	
-66.8527	-1.67711	191.034	0	
-68.7882	-1.44253	202.879	0	
-68.2214	-2.79463	201.035	0	
-66.0325	-4.20346	214.657	0	
-66.2153	-7.12337	285.966	0	
-67.7411	-9.20296	337.013	0	
-62.7678	-10.5398	349.12	0	
-58.3998	-6.13661	262.293	0	
-57.9838	-7.0216	281.464	0	
-58.4288	-7.94207	297.526	0	
-57.0232	-7.40186	290.79	0	
-62.1215	-11.7622	363.685	0	
-60.0939	-10.2121	339.929	0	
-68.6634	-3.6718	203.845	0	
-67.4964	-3.47493	204.813	0	
-68.0462	-3.93385	215.184	0	
-65.8878	-5.08828	225.775	0	
-67.9342	-6.05299	244.602	0	
-66.9139	-6.26583	243.559	0	
-69.6709	-1.50408	200.808	0	
-69.2432	-2.10391	200.369	0	
-58.4638	-8.65459	312.047	0	
-57.8489	-9.10169	317.782	0	
-69.2784	-3.83548	208.413	0	
-68.4214	-5.09996	231.522	0	
-59.2559	-8.97383	321.261	0	
-56.5388	-9.09075	320.976	0	
-58.0913	-9.79637	328.479	0	
-58.0762	-11.6309	348.13	0	
-69.7714	-2.62572	198.304	0	
-70.3797	-4.47451	211.486	0	
-71.1131	-2.67252	191.148	0	
-72.2282	-2.01787	189.398	0	
-71.8843	-4.88777	208.848	0	
-70.6008	-5.90378	235.029	0	
-72.7912	-3.2988	195.926	0	
-71.2652	-3.61308	196.521	0	
83.7614	-0.734618	221.628	0	
86.033	-1.03873	215.01	0	
-155	-0.467065	229.509	0	
85.869	-0.553858	206.613	0	
-153.958	-1.40127	235.925	0	
60.0114	-0.734618	213.971	0	
62.283	-1.03873	212.139	0	
-152.5	-0.467065	246.216	0	
62.119	-0.553858	219.433	0	
-151.458	-1.40127	244.76	0	
-153.75	-0.467065	243.016	0	
-151.667	-0.301598	260.023	0	
-152.708	-0.898582	238.693	0	
-156.109	-0.463959	247.489	0	
-155.208	-0.898582	245.671	0	
-156.734	-0.298492	246.852	0	
-156.317	-1.39816	233.579	0	
-157.931	-0.37118	179.112	0	
-158.066	-1.56128	202.565	0	
-159.62	-2.45913	227.396	0	
-158.348	-0.867656	144.86	0	
-158.148	-2.7735	221.369	0	
-160.196	-3.78682	246.003	0	
-157.995	-3.54044	223.326	0	
-156.83	-3.99813	240.884	0	
-157.362	-2.41441	210.944	0	
-150.625	-0.165467	257.005	0	
-151.25	-0.467065	254.482	0	
-149.933	-1.39816	244.411	0	
-148.784	-0.746867	245.737	0	
-148.78	-0.380562	247.213	0	
-148.122	-0.368067	235.669	0	
-148.438	-0.183316	241.551	0	
-147.805	-0.920708	227.31	0	
-146.757	-0.882092	223.71	0	
-149.3	-0.197247	250.723	0	
-149.312	-1.33295	246.933	0	
-147.809	-1.39588	226.425	0	
-146.757	-0.450576	220.417	0	
-149.238	-0.862043	246.08	0	
-148.129	-1.59524	229.818	0	
-148.445	-1.30162	236.119	0	
-147.46	-2.42753	217.237	0	
-146.444	-0.272934	226.236	0	
-147.497	-0.362392	221.542	0	
-148.861	-1.60315	237.217	0	
-147.997	-2.45625	221.25	0	
-148.743	-2.06291	232.874	0	
-148.691	-2.86276	229.491	0	
-146.056	-1.27168	214.964	0	
-145.39	-1.17273	211.764	0	
-147.183	-0.978483	220.441	0	
-148.749	-3.72826	234.567	0	
-148.259	-3.77224	226.526	0	
-149.971	-2.64133	235.65	0	
-148.969	-3.25278	228.026	0	
-149.028	-4.3994	230.482	0	
-148.53	-4.77988	248.978	0	
-150.386	-3.39156	236.066	0	
-149.442	-3.20982	234.198	0	
-148.01	-4.26934	229.309	0	
-147.223	-3.79941	218.973	0	
-147.482	-3.34692	217.997	0	
-145.862	-1.66691	210.127	0	
-147.503	-4.27939	223.224	0	
-146.125	-2.45746	205.072	0	
-147.113	-4.90299	238.427	0	
-146.636	-3.89734	219.358	0	
-146.291	-3.46655	208.362	0	
-145.185	-3.9992	214.966	0	
-147.413	-5.82139	250.275	0	
-145.509	-6.11781	255.182	0	
-144.194	-3.11755	203.728	0	
-144.818	-2.88331	202.213	0	
41.1458	-0.517356	226.115	0	
43.6002	-1.7473	222.933	0	
-144.375	-0.399074	209.431	0	
43.3333	-0.301598	229.966	0	
-145.049	-0.422809	214.058	0	
-145.058	-0.956397	211.608	0	
-144.375	-0.83059	208.014	0	
-144.135	-1.63922	205.626	0	
-144.053	-1.14845	208.508	0	
-142.706	-1.95591	203.348	0	
-145.57	-0.207051	229.989	0	
-145.783	-0.912074	218.304	0	
-146.454	-1.27111	213.987	0	
-145.445	-1.63383	208.526	0	
-146.65	-1.79553	214.309	0	
-146.233	-2.03216	207.82	0	
-145.208	-1.97791	204.984	0	
-144.697	-1.18086	209.026	0	
-145.516	-2.43628	203.739	0	
-144.551	-2.36691	203.937	0	
-144.131	-2.40571	202.57	0	
-143.913	-2.02266	204.415	0	
-143.957	-2.78336	204.762	0	
-143.515	-2.77163	203.385	0	
-143.13	-1.726	205.243	0	
-143.637	-0.956569	209.509	0	
-144.635	-3.2563	205.882	0	
-144.011	-3.50338	208.928	0	
-142.882	-3.09209	207.094	0	
-142.657	-2.71389	204.312	0	
-144.655	-3.79036	207.612	0	
-144.227	-3.90237	209.225	0	
-143.797	-4.35332	225.928	0	
-143.579	-3.49595	205.749	0	
-142.71	-3.48171	207.726	0	
-142.274	-3.50577	211.173	0	
-142.029	-2.35427	202.946	0	
-142.252	-1.96184	203.139	0	
-143.161	-3.73877	216.363	0	
-142.716	-4.41851	225.032	0	
-141.628	-3.88799	216.243	0	
-141.418	-3.49867	211.251	0	
-141.436	-2.72672	204.377	0	
-141.384	-1.97955	201.474	0	
-142.286	-1.24831	204.195	0	
-143.13	-1.29748	206.836	0	
-142.685	-5.03371	236.396	0	
-142.238	-5.14241	234.609	0	
-143.278	-5.49567	250.968	0	
-144.326	-6.62731	274.653	0	
-141.893	-6.03069	265.419	0	
-141.447	-4.26652	222.807	0	
-141.647	-4.66801	228.773	0	
-140.989	-4.23151	222.983	0	
-140.834	-3.07223	207.146	0	
-141.022	-2.71499	204.939	0	
-140.209	-2.01112	199.384	0	
-140.858	-1.10898	205.871	0	
-142.026	-0.907572	203.952	0	
-142.689	-0.532199	205.298	0	
-141.368	-1.19296	201.041	0	
-141.838	-0.183493	203.213	0	
-141.393	-5.02656	237.059	0	
-140.784	-4.54447	227.488	0	
-140.324	-4.52292	227.626	0	
-139.809	-2.72678	203.737	0	
-140.13	-3.3742	209.612	0	
-140.815	-2.35757	202.167	0	
-139.715	-0.952458	194.014	0	
-140.759	-0.240459	216.615	0	
-141.51	-5.42329	247.177	0	
-140.505	-6.1474	268.35	0	
-141.952	-5.55959	246.9	0	
-140.751	-5.72285	256.01	0	
-139.551	-4.84315	232.74	0	
-140.636	-5.33429	245.194	0	
-140.133	-5.33157	249.047	0	
-139.128	-3.9517	218.196	0	
-140.034	-4.11391	221.533	0	
-139.585	-4.28368	222.407	0	
-139.574	-2.37965	200.11	0	
-140.326	-1.56976	200.132	0	
-141.005	-1.97361	202.277	0	
-141.609	-2.37523	203.696	0	
-141.555	-0.855468	206.565	0	
-140.457	-0.587994	203.096	0	
-141.386	-6.12977	256.728	0	
-140.06	-6.3487	279.238	0	
-139.803	-5.92142	259.374	0	
-139.006	-5.70306	255.287	0	
-139.713	-3.14915	206.893	0	
-140.229	-2.71505	203.88	0	
-139.153	-2.3927	200.072	0	
-138.943	-2.02238	197.721	0	
-139.785	-2.01705	198.777	0	
-139.91	-1.33312	196.049	0	
-140.969	-6.38674	278.404	0	
-141.232	-7.63818	322.02	0	
-139.149	-5.13599	243.593	0	
-139.306	-6.09758	270.867	0	
-139.2	-3.31871	207.847	0	
-138.414	-2.95039	200.237	0	
-138.266	-1.53644	195.521	0	
-138.464	-1.14864	196.144	0	
-138.089	-8.56484	371.486	0	
-139.034	-6.86847	293.869	0	
-138.509	-4.41313	223.884	0	
-138.282	-2.42777	199.282	0	
-137.527	-1.98441	195.24	0	
-138.06	-0.321941	201.538	0	
-137.631	-3.70983	209.224	0	
-137.432	-2.82379	197.369	0	
-138.466	-0.602294	193.26	0	
-139.391	-0.173407	179.95	0	
-139.172	-0.885277	192.01	0	
-138.964	-0.453761	193.716	0	
-137.408	-5.51993	243.627	0	
-137.885	-4.28533	219.873	0	
-139.471	-7.37652	310.847	0	
-138.471	-7.00106	295.803	0	
-136.686	-2.08414	191.536	0	
-137.778	-2.39475	197.933	0	
-137.311	-7.00486	293.586	0	
-135.812	-4.72277	222.98	0	
-139.18	-8.06706	344.442	0	
-138.18	-6.44503	284.636	0	
-136.844	-3.84765	210.925	0	
-136.858	-2.62263	196.439	0	
-138.189	-7.55582	321.162	0	
-137.519	-8.1664	329.07	0	
-136.636	-4.6121	216.395	0	
-135.438	-5.41508	236.935	0	
-142.368	-6.48283	279.433	0	
-143.25	-6.28874	270.957	0	
-138.461	-8.11377	332.774	0	
-136.969	-8.21406	376.027	0	
-139.828	-8.69749	376.399	0	
-139.36	-9.57729	407.702	0	
-137.313	-10.1227	456.091	0	
-135.027	-7.0449	275.236	0	
-136.376	-7.5432	315.021	0	
-137.613	-6.48824	278.109	0	
-134.436	-5.40723	236.642	0	
-131.568	-2.6583	179.101	0	
-141.355	-10.7375	476.701	0	
-133.886	-9.7375	442.64	0	
-135.424	-7.74316	356.222	0	
-135.798	-6.20438	275.364	0	
-136.642	-6.98398	303.383	0	
-137.135	-6.00718	271.933	0	
33.125	-0.240555	227.624	0	
34.375	-0.360901	235.416	0	
34.0625	-0.180445	228.679	0	
34.6876	-0.902258	234.63	0	
35.3175	-0.912873	233.229	0	
30.625	-0.233607	214.942	0	
34.0417	-0.914235	232.984	0	
34.6875	-1.27911	232.496	0	
35.6331	-0.741951	234.388	0	
33.302	-1.06781	229.385	0	
34.3598	-1.83986	228.701	0	
34.0404	-1.2764	230.69	0	
35.009	-1.88478	230.147	0	
35.9224	-0.917831	230.805	0	
35.0049	-0.365785	235.664	0	
32.9069	-1.03246	220.481	0	
32.6821	-1.37074	216.757	0	
33.6133	-1.36986	226.454	0	
33.6254	-1.7112	226.122	0	
35.5692	-2.62471	225.526	0	
35.3751	-2.12843	227.547	0	
36.2532	-0.405748	230.561	0	
32.6042	-0.409544	222.771	0	
32.2759	-1.3479	212.142	0	
34.0386	-1.99678	224.36	0	
33.6226	-2.68138	214.693	0	
36.2479	-2.72885	224.812	0	
36.3316	-1.32508	227.826	0	
35.6351	-1.46994	230.417	0	
36.5442	-1.00848	227.77	0	
35.6887	-1.90428	227.95	0	
36.2434	-2.19398	227.543	0	
35.6331	-0.375319	234.246	0	
35.3174	-0.185329	239.747	0	
31.5625	-0.215758	211.244	0	
32.6049	-0.747092	219.984	0	
32.0331	-1.68444	205.072	0	
32.2587	-2.07434	204.671	0	
33.3504	-2.39357	214.187	0	
33.9994	-2.41015	219.135	0	
34.6079	-3.98703	212.74	0	
35.1668	-2.91972	221.778	0	
32.7092	-2.0684	210.451	0	
32.7415	-2.90411	204.166	0	
33.6184	-3.15748	209.162	0	
34.2845	-2.79189	218.099	0	
36.4929	-3.36233	223.797	0	
37.34	-1.96032	226.635	0	
31.1312	-0.973484	205.851	0	
31.875	-0.384747	211.244	0	
31.875	-0.816264	211.317	0	
31.6183	-1.62973	202.377	0	
31.3907	-2.02292	197.594	0	
32.2989	-2.80959	198.618	0	
32.9598	-2.50075	209.786	0	
32.884	-3.49388	198.036	0	
34.0853	-3.70816	209.37	0	
28.7572	-0.731718	205.066	0	
31.0078	-2.01698	193.545	0	
31.5479	-1.17139	203.184	0	
30.629	-1.27478	195.809	0	
30.7069	-2.48291	192.43	0	
30.8913	-2.97869	189.205	0	
31.841	-3.15212	192.995	0	
32.5123	-4.03497	194.182	0	
33.5522	-4.02336	202.123	0	
33.2977	-3.61269	204.146	0	
30.1182	-1.92657	193.627	0	
29.7838	-2.76993	193.082	0	
30.8681	-3.98045	186.844	0	
31.9119	-3.78773	189.638	0	
31.526	-4.9794	188.493	0	
34.7116	-6.929	201.866	0	
33.8918	-5.21207	200.795	0	
35.9564	-4.72537	215.628	0	
28.9187	-1.48446	203.297	0	
29.2217	-2.4635	197.787	0	
27.8241	-1.29981	209.838	0	
28.8098	-2.78938	199.452	0	
27.7589	-3.66115	204.134	0	
29.9891	-3.35784	190.245	0	
29.1985	-5.09406	191.034	0	
29.5592	-3.81086	190.874	0	
29.7778	-4.58741	188.516	0	
30.8402	-5.24221	186.25	0	
29.5658	-6.05299	188.906	0	
30.4999	-6.15695	189.004	0	
31.1134	-6.85097	188.62	0	
32.2179	-5.45056	189.165	0	
40.0985	-0.514639	221.848	0	
41.5506	-1.05211	223.236	0	
-134.688	-0.215758	180.734	0	
40.8333	-0.301598	229.688	0	
-133.995	-0.910268	180.042	0	
-133.683	-1.39816	178.449	0	
-132.683	-0.848799	177.658	0	
-135.147	-1.1471	182.283	0	
-134.375	-0.396018	179.652	0	
-134.375	-0.827535	181.146	0	
-136.25	-0.36376	190.14	0	
-135.624	-0.368884	185.911	0	
-135.938	-0.183316	188.548	0	
-134.999	-0.401327	183.657	0	
-135.311	-0.185568	185.458	0	
-137.188	-0.180456	193.647	0	
-136.875	-0.360901	193.094	0	
-136.565	-1.28335	190.7	0	
-135.938	-0.913707	187.651	0	
-137.539	-0.502397	196.642	0	
-136.562	-0.180445	191.197	0	
-137.331	-0.863286	194.878	0	
-136.893	-1.46691	192.683	0	
-136.247	-1.88463	188.943	0	
-137.346	-1.23015	194.58	0	
-137.763	-1.53742	195.533	0	
-135.678	-2.62222	187.343	0	
-135.875	-2.12441	185.537	0	
-134.998	-2.72922	187.56	0	
-135.552	-1.50076	183.748	0	
-134.937	-2.2267	180.52	0	
-134.73	-1.21198	180.244	0	
-134.783	-3.46327	188.842	0	
-133.908	-1.96319	176.004	0	
-131.562	-0.183316	175.347	0	
-131.245	-0.72475	177.276	0	
-133.137	-0.931533	182.016	0	
-131.875	-0.83059	175.204	0	
-130.933	-0.908065	177.261	0	
-130.617	-0.73471	178.276	0	
-130.935	-0.18188	179.719	0	
-131.56	-0.974386	176.897	0	
-131.464	-1.46363	175.184	0	
-130.741	-1.77285	174.573	0	
-130.233	-0.96737	173.55	0	
-132.416	-1.46822	175.204	0	
-130.617	-0.368079	179.647	0	
-130.861	-2.37648	177.526	0	
-128.815	-1.46641	171.656	0	
-129.966	-0.376315	170.496	0	
-129.441	-0.971399	166.735	0	
-129.451	-0.190117	156.998	0	
-129.366	-1.44944	168.398	0	
-128.491	-1.00812	164.875	0	
-133.05	-0.197491	188.337	0	
-133.212	-1.4022	177.695	0	
-132.833	-1.70486	176.454	0	
-132.341	-1.08282	178.304	0	
-132.661	-2.28479	175.259	0	
-131.854	-1.70524	175.988	0	
-133.828	-3.41152	188.55	0	
-132.276	-4.39787	198.997	0	
-130.392	-2.79914	182.321	0	
-129.825	-1.81635	173.271	0	
-128.065	-0.880072	169.74	0	
-128.425	-0.209864	166.862	0	
-127.557	-1.03684	168.8	0	
-127.036	-0.788639	169.385	0	
-130.592	-3.59409	187.745	0	
-128.065	-0.448555	166.14	0	
-129.199	-3.52652	191.981	0	
-131.452	-3.51434	191.374	0	
-130.501	-5.51167	235.059	0	
-128.433	-3.93517	204.666	0	
-127.955	-2.51757	180.682	0	
137.466	-0.382852	210.27	0	
138.128	-0.368067	215.518	0	
137.812	-0.183316	214.533	0	
138.508	-1.44766	214.213	0	
138.517	-0.962924	216.437	0	
136.494	-0.25226	224.835	0	
136.077	-0.25226	224.972	0	
137.269	-1.47589	213.735	0	
137.807	-0.916578	213.895	0	
139.937	-1.45594	217.716	0	
138.774	-0.374251	216.199	0	
136.508	-1.68983	211.006	0	
138.356	-3.06434	211.074	0	
139.305	-0.957315	216.489	0	
139.292	-0.1895	210.113	0	
139.388	-1.43597	214.26	0	
140.625	-0.383967	223.674	0	
136.773	-0.883313	219.923	0	
137.154	-0.199537	221.474	0	
136.773	-0.451797	208.607	0	
136.091	-1.92647	206.716	0	
136.45	-1.16865	208.5	0	
135.962	-2.49644	203.929	0	
137.248	-2.42144	210.652	0	
137.997	-1.71386	214.858	0	
137.878	-2.31748	211.658	0	
135.31	-2.61733	201.982	0	
136.115	-3.89224	203.651	0	
138.899	-2.26876	213.216	0	
138.362	-2.57086	213.797	0	
139.822	-3.53207	212.505	0	
139.922	-2.56584	214.662	0	
137.774	-3.53811	210.685	0	
138.04	-4.20756	209.588	0	
139.421	-4.19076	213.482	0	
141.463	-3.81193	214.13	0	
137.151	-3.14859	207.279	0	
136.074	-4.66964	206.646	0	
138.227	-5.76845	210.942	0	
140.925	-6.12127	217.466	0	
134.388	-1.78551	202.63	0	
134.14	-3.23606	200.03	0	
145	-0.467065	207.284	0	
146.033	-1.03873	243.002	0	
129.375	-0.399074	191.627	0	
145.869	-0.553858	241.357	0	
128.125	-0.233607	186.117	0	
128.605	-0.86823	187.67	0	
129.375	-0.83059	186.888	0	
130.202	-1.79948	200.316	0	
129.75	-1.06873	198.767	0	
131.541	-0.914438	201.154	0	
126.261	-0.734618	187.845	0	
129.022	-1.06614	198.35	0	
128.089	-1.14659	201.028	0	
129.377	-2.26818	199.268	0	
128.572	-1.76111	204.179	0	
128.539	-2.25848	199.145	0	
129.801	-2.51774	203.367	0	
130.666	-1.49515	199.229	0	
128.007	-2.54986	206.076	0	
129.799	-3.01299	202.222	0	
129.371	-3.34355	206.975	0	
132.083	-1.97182	199.396	0	
130.167	-0.876848	197.295	0	
129.786	-1.56284	195.956	0	
126.818	-1.75355	195.792	0	
126.885	-3.03163	199.258	0	
128.423	-3.49972	208.345	0	
128.425	-4.1609	207.687	0	
130.259	-3.29374	203.632	0	
132.116	-3.45722	201.217	0	
129.441	-3.97917	205.647	0	
130.361	-3.87997	203.615	0	
129.972	-4.23484	208.173	0	
131.223	-3.5874	200.872	0	
130.132	-5.10288	208.064	0	
130.707	-5.37776	210.951	0	
129.087	-5.04851	209.966	0	
129.547	-6.42069	214.818	0	
130.912	-6.35896	211.182	0	
132.736	-5.42725	205.846	0	
127.288	-4.23888	206.451	0	
129.665	-5.51181	212.35	0	
126.996	-5.9729	214.176	0	
128.025	-6.0558	215.729	0	
128.331	-5.23123	212.525	0	
128.663	-6.78196	216.369	0	
127.065	-8.49569	221.613	0	
129.172	-8.74369	219.441	0	
-125.312	-0.183316	169.962	0	
-126.25	-0.399074	173.349	0	
-126.146	-1.01391	176.124	0	
-125.625	-0.83059	168.74	0	
-124.412	-1.57595	166.859	0	
-125.253	-1.06873	175.392	0	
-123.6	-1.1384	169.23	0	
-113.333	-0.240555	172.569	0	
-111.875	-0.360901	171.38	0	
-112.188	-0.180445	171.253	0	
-111.562	-0.902258	170.713	0	
-110.617	-0.734678	170.402	0	
-115.833	-0.233607	168.696	0	
-112.208	-0.914235	173.168	0	
-111.562	-1.27911	170.086	0	
-110.617	-0.368047	169.563	0	
-112.948	-1.06781	173.13	0	
-111.89	-1.83986	170.233	0	
-112.21	-1.2764	171.528	0	
-111.241	-1.88478	169.429	0	
-110.305	-0.187647	170.809	0	
-111.25	-0.360855	169.231	0	
-113.343	-1.03246	171.463	0	
-113.568	-1.37074	171.263	0	
-112.637	-1.36986	171.679	0	
-112.625	-1.7112	170.871	0	
-110.767	-2.02814	169.767	0	
-110.553	-1.63826	169.528	0	
-110.301	-0.928997	170.868	0	
-109.057	-0.836567	174.472	0	
-113.974	-1.3479	170.617	0	
-112.211	-1.99678	170.227	0	
-112.627	-2.68138	171.12	0	
-110.252	-1.44202	170.356	0	
-108.849	-0.405051	174.244	0	
-111.25	-0.721768	169.824	0	
-110.937	-0.907943	169.856	0	
-114.688	-0.215758	171.984	0	
-113.645	-0.747092	172.033	0	
-114.217	-1.68444	171.314	0	
-113.991	-2.07434	171.185	0	
-112.9	-2.39357	172.12	0	
-112.251	-2.41015	171.813	0	
-111.624	-3.99863	184.59	0	
-111.083	-2.91972	172.068	0	
-109.062	-0.13643	175.135	0	
-109.992	-0.3599	172.915	0	
-113.541	-2.0684	171.505	0	
-113.509	-2.90411	176.125	0	
-112.632	-3.15748	177.852	0	
-111.966	-2.79189	171.629	0	
-115.119	-0.973484	170.703	0	
-114.375	-0.384747	170.455	0	
-114.375	-0.816264	171.067	0	
-114.632	-1.62973	171.517	0	
-114.859	-2.02292	172.384	0	
-113.951	-2.80959	174.316	0	
-113.29	-2.50075	170.786	0	
-108.931	-1.21179	173.752	0	
-108.018	-1.31819	173.154	0	
-109.684	-0.978487	172.238	0	
-109.375	-0.308682	174.077	0	
-109.375	-0.740198	173.987	0	
-113.366	-3.49388	181.08	0	
-112.165	-3.70816	184.344	0	
-116.083	-0.479865	177.335	0	
-115.242	-2.01698	174.996	0	
-114.702	-1.17139	172.092	0	
-115.603	-1.24256	174.672	0	
-115.543	-2.48291	176.656	0	
-115.359	-2.97869	180.693	0	
-114.409	-3.15212	183.631	0	
-113.738	-4.03497	193.392	0	
-109.105	-1.63155	172.873	0	
-108.122	-1.6966	174.652	0	
-108.41	-1.07001	175.54	0	
-108.224	-0.558363	174.798	0	
-107.501	-1.01386	173.977	0	
-112.698	-4.02336	189.722	0	
-112.952	-3.61269	182.699	0	
-116.157	-1.91861	176.457	0	
-116.495	-2.91127	183.71	0	
-115.382	-3.98045	196.765	0	
-114.338	-3.78773	183.735	0	
-109.591	-1.82057	171.046	0	
-109.498	-2.33172	173.796	0	
-117.188	-0.215758	169.632	0	
-112.917	-0.240555	176.312	0	
-115.417	-0.233607	168.353	0	
-116.462	-1.16261	176.084	0	
-118.124	-0.735515	165.702	0	
-116.499	-0.246258	169.626	0	
-117.396	-1.01391	172.945	0	
-116.574	-1.68197	174.436	0	
-115.603	-1.67711	172.942	0	
-117.538	-1.44253	171.747	0	
-117.032	-2.78513	178.639	0	
-106.804	-0.880482	170.799	0	
-107.17	-0.207325	167.512	0	
-106.544	-1.25639	171.831	0	
-105.868	-0.791588	171.294	0	
-114.724	-4.9794	213.975	0	
-106.804	-0.448966	166.171	0	
-111.454	-6.35864	260.583	0	
-112.356	-5.2129	215.891	0	
-108.601	-5.11263	209.069	0	
-107.424	-2.21229	177.756	0	
-107.189	-1.15564	170.474	0	
-108.241	-2.81948	178.609	0	
-106.364	-2.80563	181.729	0	
-107.563	-1.84344	173.51	0	
-106.749	-2.72101	180.828	0	
-106.031	-2.46015	178.507	0	
-106.746	-1.67324	173.356	0	
-107.089	-3.11994	183.674	0	
-106.917	-4.13856	201.79	0	
-105.676	-3.2456	181.574	0	
-104.981	-1.83881	178.678	0	
-106.155	-2.07312	177.361	0	
-105.869	-1.63002	174.63	0	
-107.589	-2.76246	176.982	0	
-107.668	-4.22994	199.97	0	
-105.447	-4.84679	228.7	0	
-105.184	-3.49143	195.228	0	
-104.062	-2.33262	176.824	0	
-105.003	-2.28253	176.921	0	
-117.413	-3.6718	187.773	0	
-116.246	-3.47493	186.318	0	
-116.796	-3.93385	203.382	0	
-115.41	-5.24221	225.434	0	
-117.085	-5.89898	253.878	0	
-115.75	-6.15695	262.497	0	
-115.137	-6.85097	282.596	0	
-114.032	-5.45056	236.138	0	
-118.426	-1.29981	166.996	0	
-118.052	-1.97296	172.239	0	
-108.95	-4.44742	195.631	0	
-106.559	-4.81155	212.122	0	
-118.028	-3.83548	195.85	0	
-117.171	-5.09996	230.251	0	
-109.121	-6.81992	287.712	0	
-108.154	-7.30595	281.777	0	
-117.943	-2.90151	181.892	0	
-119.13	-4.47451	205.212	0	
-119.464	-1.87789	169.704	0	
-120.31	-2.75663	179.194	0	
-119.767	-4.82244	233.182	0	
-119.077	-6.03689	267.112	0	
-121.018	-2.80621	179.69	0	
-120.673	-5.75729	258.935	0	
-118.75	-0.36376	160.851	0	
-118.124	-0.368884	165.252	0	
-118.438	-0.183316	163.116	0	
-117.499	-0.401327	171.016	0	
-117.811	-0.185568	166.955	0	
-119.688	-0.180456	162.989	0	
-119.375	-0.360901	160.895	0	
-119.065	-1.28335	165.871	0	
-118.438	-0.913707	164.816	0	
-120.833	-0.240517	172.881	0	
-119.062	-0.180445	161.422	0	
-119.754	-1.2956	168.082	0	
-119.44	-1.49081	168.517	0	
-118.747	-1.88463	169.137	0	
-121.064	-0.470339	171.772	0	
-120.171	-1.60286	170.851	0	
-119.692	-0.904829	166.28	0	
-119.799	-2.08993	173.449	0	
-118.436	-2.08508	173.693	0	
-118.047	-1.58044	171.35	0	
-120.109	-0.784456	170.043	0	
-120.607	-1.08996	170.871	0	
-120.191	-2.01013	172.588	0	
-119.237	-2.55601	174.854	0	
-118.455	-2.48604	175.493	0	
-118.052	-2.59343	177.447	0	
-120.453	-2.3436	176.711	0	
-119.673	-2.57025	175.935	0	
-118.908	-2.77842	181.589	0	
-118.878	-3.34121	184.32	0	
-117.401	-3.08675	186.465	0	
-117.293	-2.2739	177.981	0	
-120.931	-2.345	177.573	0	
-120.58	-3.11525	183.29	0	
-121.105	-1.92626	172.267	0	
-122.314	-1.411	171.029	0	
-120.498	-3.51882	192.951	0	
-119.922	-2.90348	182.569	0	
-120.936	-3.90894	199.635	0	
-120.262	-4.39733	206.362	0	
-121.542	-3.57094	190.594	0	
-122.967	-3.72589	190.498	0	
-121.262	-5.03981	233.346	0	
-119.753	-5.58938	242.252	0	
-121.793	-0.779769	170.582	0	
-120.417	-0.240517	174	0	
-121.458	-1.08241	171.506	0	
-121.522	-1.62473	172.451	0	
-121.481	-0.229822	170.782	0	
-120.607	-1.5176	172.137	0	
-122.534	-0.382852	171.64	0	
-122.188	-0.183316	168.403	0	
-123.504	-0.252988	162.672	0	
-123.92	-0.492624	165.711	0	
-122.731	-1.47589	168.077	0	
-122.193	-0.916578	170.5	0	
-123.565	-1.56434	164.545	0	
-122.098	-2.42014	174.012	0	
-123.225	-0.884041	163.404	0	
-122.846	-0.199537	165.948	0	
-123.225	-0.452525	167.761	0	
-124.412	-1.14743	171.933	0	
-123.981	-1.80098	173.942	0	
-124.837	-0.876848	164.913	0	
-125.247	-1.60768	170.771	0	
-124.791	-2.33078	175.742	0	
-122.772	-2.32692	173.205	0	
-125.203	-3.28611	186.42	0	
-124.361	-2.72651	181.007	0	
-124.385	-4.17141	203.204	0	
-123.256	-2.76718	182.879	0	
-125.213	-2.68669	185.495	0	
-124.657	-3.38004	198.775	0	
-125.783	-2.49396	178.997	0	
-126.414	-2.83892	186.274	0	
-127.036	-3.87089	207.152	0	
-126.601	-4.53066	212.794	0	
-123.518	-4.48735	213.651	0	
-121.848	-6.50083	279.129	0	
-127.77	-3.58993	189.258	0	
-128.662	-6.43038	286.356	0	
-127.882	-6.11114	271.405	0	
-125.093	-5.93961	261.305	0	
-88.3702	-0.549836	177.861	0	
-88.1266	-1.2741	179.067	0	
-89.6875	-0.215758	181.605	0	
-87.8769	-0.548463	179.555	0	
-88.9599	-1.16738	181.058	0	
-90.6239	-0.735515	181.09	0	
-88.9952	-0.248238	179.888	0	
-90.1469	-1.1471	181.946	0	
-90.4959	-1.93261	182.042	0	
-88.1266	-1.64065	179.754	0	
-89.8363	-3.34802	190.238	0	
-88.681	-1.99842	180.921	0	
-87.7065	-1.88048	178.993	0	
-87.2888	-1.16326	179.152	0	
-87.8308	-2.41176	181.804	0	
-86.9643	-2.3182	182.039	0	
-86.9743	-0.877314	187.989	0	
-87.6686	-0.246865	171.734	0	
-88.4609	-2.52696	180.912	0	
-87.6137	-3.57217	189.101	0	
-86.5428	-2.45622	180.603	0	
-86.1328	-1.82718	180.089	0	
-86.5495	-1.59054	183.819	0	
-87.2519	-0.246865	197.703	0	
-86.4451	-2.92935	184.061	0	
-85.6271	-3.0159	185.265	0	
-85.0046	-1.71945	184.024	0	
-86.5605	-1.11538	180.216	0	
-86.7964	-3.24132	185.638	0	
-86.5974	-0.198932	190.745	0	
-86.448	-4.00343	195.152	0	
-85.151	-3.286	189.616	0	
-84.4654	-2.56732	185.538	0	
-84.7807	-0.928388	189.343	0	
-85.6046	-0.412608	184.788	0	
-86.234	-0.914448	187.959	0	
-85.4895	-0.801184	187.91	0	
-84.3632	-0.363191	192.61	0	
-85.9235	-0.230585	188.716	0	
-84.0507	-0.19001	193.083	0	
-84.9936	-0.355204	188.335	0	
-84.0476	-0.935713	192.79	0	
-85.3061	-0.182023	188.163	0	
-82.7653	-0.677876	190.769	0	
-82.8695	-0.977401	192.523	0	
-85.0868	-0.74378	187.671	0	
-84.3632	-0.729822	191.409	0	
-84.5879	-1.41792	189.398	0	
-83.4758	-1.38389	192.088	0	
-82.6058	-0.397249	202.333	0	
-83.7382	-0.358122	195.767	0	
-83.8979	-2.43297	189.743	0	
-83.7461	-2.03601	190.242	0	
-83.538	-2.87901	190.672	0	
-83.1616	-1.69376	190.567	0	
-84.1846	-3.38874	191.988	0	
-82.3191	-2.29446	188.715	0	
-83.1317	-2.5977	190.618	0	
-82.2531	-1.80578	187.265	0	
-82.6698	-1.56915	189.549	0	
-81.5891	-1.37385	182.503	0	
-83.2814	-1.09122	193.95	0	
-82.8125	-0.131991	193.353	0	
-83.125	-0.300103	195.256	0	
-83.0762	-0.58073	195.062	0	
-83.3855	-0.827812	194.531	0	
-82.0512	-1.01213	184.023	0	
-81.9808	-0.563447	180.014	0	
-81.0271	-0.938454	181.387	0	
-87.344	-3.11026	185.256	0	
-88.0427	-3.72399	191.795	0	
-88.1514	-4.47683	200.94	0	
-87.2584	-3.99924	193.213	0	
-88.8975	-4.53641	204.885	0	
-86.7895	-5.78474	230.735	0	
-88.048	-5.95763	238.641	0	
-86.0264	-4.86542	214.011	0	
-86.4736	-4.54038	200.392	0	
-85.6349	-4.67834	202.029	0	
-86.9428	-4.79089	209.607	0	
-87.7998	-5.4102	223.716	0	
-85.1892	-4.98816	219.264	0	
-84.5935	-3.91557	197.147	0	
-85.1421	-3.84874	192.142	0	
-84.363	-4.37657	201.101	0	
-83.6563	-4.36262	205.289	0	
-83.6307	-3.36192	194.371	0	
-82.5251	-3.40411	196.982	0	
-81.6235	-3.04527	195.601	0	
-82.572	-1.14546	187.871	0	
-81.6933	-1.74382	184.592	0	
-80.5603	-0.880248	180.074	0	
-80.923	-0.208749	179.72	0	
-80.2201	-1.14697	186.457	0	
-79.0574	-0.82436	188.318	0	
-80.2879	-1.58108	185.631	0	
-80.5603	-0.448731	180.114	0	
-79.4487	-1.06896	191.832	0	
-79.8034	-0.888392	184.889	0	
-79.4487	-1.56418	190.48	0	
-80.7029	-1.73259	187.228	0	
-80.2832	-2.46177	196.387	0	
-78.9823	-1.72788	197.77	0	
-78.6408	-1.01231	196.037	0	
-81.102	-1.35668	180.283	0	
-81.4605	-2.16469	187.851	0	
-81.0705	-3.02457	193.578	0	
-78.8933	-2.28557	197.547	0	
-79.355	-2.51741	198.948	0	
-77.9343	-1.95299	198.48	0	
-81.8491	-2.47507	189.693	0	
-81.9148	-3.53371	198.556	0	
-79.6748	-4.20056	223.355	0	
-79.1437	-3.62124	209.272	0	
-79.5855	-3.0704	206.5	0	
-78.2941	-3.66335	212.722	0	
-82.0307	-4.58575	218.318	0	
-80.63	-3.37616	205.139	0	
-85.7451	-6.99627	255.3	0	
-87.1692	-5.32537	220.707	0	
-85.0892	-5.67916	224.449	0	
-84.2007	-5.32107	221.022	0	
-86.1158	-5.5753	223.289	0	
-85.6243	-6.07921	247.418	0	
-84.2533	-6.71494	251.048	0	
-83.4705	-4.85352	214.915	0	
-83.7143	-5.37206	224.587	0	
-82.9208	-4.93949	223.631	0	
-77.8125	-0.180445	190.538	0	
-78.9415	-0.403814	193.128	0	
-77.8125	-0.902224	197.097	0	
-78.2124	-0.772212	191.251	0	
-78.2124	-0.411322	196.255	0	
-77.8124	-1.27908	194.917	0	
-76.8674	-0.368081	193.456	0	
-78.1372	-1.55737	198.397	0	
-77.491	-1.88478	197.369	0	
-76.5549	-0.187659	187.401	0	
-77.5	-0.360867	197.869	0	
-76.9309	-2.62473	202.671	0	
-77.1249	-2.12847	198.475	0	
-76.5511	-0.92903	192.18	0	
-75.3072	-0.836528	190.329	0	
-76.4119	-1.37314	191.913	0	
-76.7138	-1.56937	195.369	0	
-75.0989	-0.405012	178.948	0	
-77.5	-0.721756	191.56	0	
-77.1875	-0.907943	195.588	0	
-76.4146	-2.75977	200.622	0	
-75.6685	-1.7647	192.025	0	
-75.3125	-0.136407	184.797	0	
-76.2424	-0.35989	189.131	0	
-76.0604	-3.16886	204.961	0	
-75.3131	-2.58205	196.577	0	
-75.7827	-2.22473	194.909	0	
-75.4442	-3.09072	200.192	0	
-75.1471	-1.58074	191.093	0	
-74.1782	-1.24454	188.112	0	
-75.9337	-0.978488	190.402	0	
-75.625	-0.308639	187.38	0	
-75.625	-0.740155	182.791	0	
-76.2544	-3.72961	210.217	0	
-75.0551	-4.67578	220.749	0	
-74.5349	-1.00621	193.187	0	
-74.4739	-0.558387	187.083	0	
-73.4375	-0.201058	191.304	0	
-87.6912	-6.48984	257.845	0	
-87.0632	-6.40177	248.133	0	
-83.1872	-5.82933	243.645	0	
-82.5785	-4.52367	208.932	0	
-73.5612	-2.65969	190.387	0	
-74.7823	-2.35865	192.823	0	
-75.0558	-1.14794	187.257	0	
-74.2824	-1.62291	190.237	0	
-73.9828	-1.91681	188.273	0	
-73.7005	-1.22824	188.067	0	
-74.3293	-2.65855	192.477	0	
-73.2398	-2.33247	188.779	0	
-74.4412	-3.31967	199.432	0	
-73.6658	-3.73229	199.818	0	
-72.8187	-2.44129	188.976	0	
-72.5816	-2.02381	187.95	0	
-73.4192	-3.16042	194.84	0	
-74.1582	-3.81911	205.191	0	
-72.5121	-2.90689	190.301	0	
-72.0201	-2.90392	190.249	0	
-71.4585	-1.75111	191.29	0	
-73.75	-0.49084	187.092	0	
-71.4703	-3.10493	196.026	0	
-70.5688	-2.51533	194.139	0	
-71.0984	-0.950793	197.003	0	
-72.3275	-0.402894	198.047	0	
-72.7085	-1.18279	190.606	0	
-72.1859	-1.12695	193.573	0	
-70.3601	-1.98829	196.294	0	
-71.0419	-1.44385	195.816	0	
-73.5417	-0.922356	190.246	0	
-72.7373	-0.252088	189.629	0	
-73.0498	-0.884662	189.312	0	
-71.522	-0.740709	199.356	0	
-71.8819	-0.150806	199.364	0	
-87.8829	-7.30188	287.273	0	
-84.9478	-7.39857	292.182	0	
-82.6856	-5.5102	222.93	0	
-81.7865	-5.11332	219.933	0	
-75.281	-4.07225	212.96	0	
-74.1608	-5.24687	230.851	0	
-70.4157	-0.654414	199.367	0	
-71.4196	-0.365036	197.294	0	
-70.2074	-0.293525	204.512	0	
-70.996	-0.21423	199.745	0	
-70.2476	-1.17891	200.437	0	
-69.0625	-0.183316	204.068	0	
-69.8846	-1.89396	198.32	0	
-68.75	-0.399074	206.137	0	
-69.7907	-0.293525	202.471	0	
-69.627	-2.21603	199.491	0	
-69.2522	-1.62397	201.042	0	
-69.0115	-2.7872	200.769	0	
-68.9583	-0.765705	203.962	0	
-69.4782	-0.47684	204.346	0	
-70.2079	-3.39348	200.105	0	
-69.6464	-3.40917	201.735	0	
-68.5895	-3.09624	205.141	0	
-68.4822	-2.2834	201.623	0	
-82.0991	-5.62195	243.651	0	
-81.0341	-4.34112	217.259	0	
-75.4354	-6.05152	248.153	0	
-74.5006	-6.16033	248.513	0	
-82.5321	-6.99307	280.91	0	
-80.5858	-6.2505	257.158	0	
-73.8863	-6.86172	269.952	0	
-72.8271	-6.37337	252.436	0	
-76.8765	-3.78279	213.628	0	
-77.214	-4.39113	221.488	0	
-88.6878	-7.5191	284.331	0	
-89.063	-8.5525	339.235	0	
-87.1166	-7.77626	296.077	0	
-85.5854	-10.8378	441.367	0	
-75.894	-4.19528	219.832	0	
-76.1598	-4.82112	222.37	0	
-80.4724	-7.86406	302.422	0	
-79.6848	-6.86481	278.531	0	
-77.1987	-3.087	207.175	0	
-77.8755	-4.36068	222.868	0	
-78.3734	-5.0483	236.578	0	
-78.053	-5.82004	247.658	0	
-98.6803	-0.869049	171.001	0	
-98.315	-0.968979	171.048	0	
-99.8628	-0.221166	169.864	0	
-97.83	-0.514027	170.951	0	
-99.0762	-0.78001	170.7	0	
-100.195	-0.388998	170.264	0	
-99.2244	-0.273165	169.632	0	
-100.249	-0.758332	169.631	0	
-100.14	-1.29974	169.526	0	
-98.0406	-1.52654	172.003	0	
-100.525	-3.31156	180.943	0	
-98.8468	-1.62768	172.46	0	
-97.6742	-1.89732	173.419	0	
-97.4175	-1.02228	169.182	0	
-98.6497	-3.01522	184.271	0	
-96.2682	-2.67533	184.654	0	
-97.2307	-0.981892	167.709	0	
-97.9452	-0.28	170.753	0	
-96.7925	-0.838385	166.374	0	
-97.2689	-0.393657	165.929	0	
-98.0517	-4.91299	227.351	0	
-96.5974	-0.198932	163.435	0	
-97.5866	-3.08657	186.78	0	
-97.7222	-2.40386	176.375	0	
-96.6328	-5.13179	228.114	0	
-98.3311	-2.072	173.986	0	
-98.3993	-3.97776	199.854	0	
-104.599	-0.53519	174.88	0	
-104.392	-1.27697	176.349	0	
-106.077	-0.424957	172.748	0	
-104.127	-0.548463	175.274	0	
-105.205	-1.09072	176.077	0	
-105.398	-1.53729	175.279	0	
-105.401	-0.183316	173.85	0	
-104.392	-1.64353	174.866	0	
-105.208	-0.416907	176.105	0	
-105.818	-0.183316	169.083	0	
-103.956	-1.88048	176.96	0	
-103.539	-1.16326	173.84	0	
-104.52	-2.53938	181.808	0	
-103.214	-2.3182	174.601	0	
-103.224	-0.877314	171.753	0	
-103.919	-0.246865	172.824	0	
-104.564	-3.08732	184.628	0	
-104.098	-3.32659	189.082	0	
-102.793	-2.45622	177.228	0	
-102.383	-1.82718	171.816	0	
-102.8	-1.59054	171.073	0	
-103.502	-0.246865	170.37	0	
-102.695	-2.92935	178.204	0	
-101.877	-3.0159	175.511	0	
-100.951	-1.67194	168.909	0	
-102.443	-1.217	169.218	0	
-103.636	-3.02716	180.382	0	
-102.85	-0.353132	171.533	0	
-103.997	-4.01359	195.977	0	
-100.627	-2.78155	178.637	0	
-100.397	-2.27551	172.978	0	
-100.708	-0.889377	167.941	0	
-101.557	-0.365663	166.98	0	
-102.738	-1.28787	171.332	0	
-101.601	-0.785156	166.51	0	
-100.515	-0.538158	169.394	0	
-102.037	-0.521845	167.597	0	
-100.427	-0.720535	168.969	0	
-100.882	-0.394241	167.918	0	
-100.095	-0.195524	170.678	0	
-101.393	-0.458561	166.453	0	
-100.251	-1.06754	169.448	0	
-99.8585	-0.788289	170.191	0	
-100.856	-1.11516	167.778	0	
-99.7041	-2.21931	172.759	0	
-100.414	-0.379153	169.734	0	
-100.888	-0.210514	167.351	0	
-100.312	-0.0687576	170.846	0	
-100.523	-0.185679	170.545	0	
-100.117	-0.5858	170.107	0	
-99.7586	-0.436924	169.847	0	
-101.094	-0.0935926	167.533	0	
-100.722	-0.528411	168.063	0	
-100.806	-0.706473	167.999	0	
-100.732	-0.116921	168.388	0	
-100.536	-0.893692	168.737	0	
-101.249	-0.183362	166.35	0	
-101.243	-0.370131	167.14	0	
-101.082	-0.464088	167.075	0	
-101.115	-1.03285	167.051	0	
-100.444	-1.06692	168.775	0	
-100.165	-0.93211	169.503	0	
-101.72	-0.09387	167.089	0	
-101.563	-0.18364	166.123	0	
-101.392	-0.653106	166.91	0	
-101.012	-0.665479	167.316	0	
-101.641	-1.42172	167.83	0	
-100.531	-1.29442	168.75	0	
-100.773	-1.34697	168.094	0	
-100.335	-1.45928	169.437	0	
-99.978	-0.939783	170.039	0	
-99.9136	-0.608084	170.154	0	
-101.902	-0.196372	166.737	0	
-101.405	-0.0897696	167.018	0	
-101.896	-0.38513	167.274	0	
-101.753	-0.6896	167.038	0	
-101.331	-1.12644	166.952	0	
-101.355	-1.39995	167.734	0	
-100.336	-1.71965	169.864	0	
-99.8413	-1.77258	171.26	0	
-99.5127	-1.16234	170.812	0	
-99.8617	-1.09736	170.167	0	
-99.657	-1.0378	170.535	0	
-102.161	-0.102502	168.232	0	
-102.711	-0.1542	168.264	0	
-101.954	-0.738161	167.322	0	
-101.708	-0.464651	166.67	0	
-99.9379	-1.32189	170.33	0	
-99.7837	-1.52603	170.888	0	
-99.2945	-1.09203	170.952	0	
-99.5314	-0.489107	169.78	0	
-102.082	-0.910051	167.912	0	
-102.007	-1.15478	167.764	0	
-99.4704	-0.702394	170.407	0	
-99.6633	-0.0944003	168.589	0	
-102.254	-0.487287	167.954	0	
-102.372	-0.256702	169.236	0	
-100.093	-1.86255	171.206	0	
-99.2096	-1.52849	171.924	0	
-99.1578	-1.26231	171.294	0	
-98.9322	-1.19327	171.422	0	
-102.298	-0.745433	168.471	0	
-102.183	-1.3209	168.802	0	
-99.2667	-0.839459	170.655	0	
-98.8366	-0.47465	170.227	0	
-99.3967	-1.62191	171.542	0	
-99.3311	-2.12918	173.052	0	
-98.56	-1.25914	171.612	0	
-98.506	-1.02986	171.287	0	
-102.483	-0.886269	169.646	0	
-102.914	-1.00187	171.136	0	
-102.062	-1.6284	169.241	0	
-101.502	-1.91758	170.83	0	
-98.6154	-2.27577	174.918	0	
-98.4719	-1.6746	172.853	0	
-98.4185	-1.43911	171.889	0	
-97.7208	-1.25699	170.833	0	
-98.2565	-0.710733	171.04	0	
-98.31	-0.282996	171.015	0	
-98.6721	-1.79424	172.525	0	
-98.0999	-1.77675	172.992	0	
-98.1367	-1.12859	171.219	0	
-98.1862	-1.36943	171.66	0	
-97.8364	-0.889797	170.432	0	
-98.5058	-0.132196	170.392	0	
-98.6617	-0.638769	170.7	0	
-98.429	-0.541331	170.674	0	
-98.9083	-2.32257	175.756	0	
-98.2989	-1.85513	173.297	0	
-97.8639	-1.96057	173.857	0	
-97.8196	-1.46897	171.446	0	
-97.4941	-1.26029	169.973	0	
-97.5884	-0.835064	168.982	0	
-99.0439	-0.0942161	169.702	0	
-99.053	-0.521402	170.074	0	
-99.0444	-2.72504	178.83	0	
-98.3531	-2.52838	178.134	0	
-98.1506	-2.46353	176.854	0	
-97.4142	-2.00071	174.406	0	
-97.6892	-1.65593	172.215	0	
-97.0621	-1.16654	168.743	0	
-97.5694	-0.610093	168.625	0	
-98.0224	-0.686424	170.389	0	
-98.5809	-2.06593	174.587	0	
-98.2513	-2.86535	179.79	0	
-97.2503	-2.22292	175.896	0	
-97.4214	-1.62887	172.036	0	
-96.8618	-1.07097	167.549	0	
-96.919	-0.699762	164.973	0	
-97.3248	-0.563113	165.712	0	
-97.7243	-0.129201	172.057	0	
-97.4122	-2.44146	179.438	0	
-98.1631	-2.21699	175.684	0	
-96.5229	-1.93624	174.594	0	
-97.0798	-1.39185	170.075	0	
-96.6007	-1.24756	168.494	0	
-96.3476	-1.07777	167.716	0	
-96.8626	-0.385978	164.605	0	
-97.4203	-0.20661	163.409	0	
-97.8961	-2.5923	178.886	0	
-97.8949	-2.18395	175.477	0	
-97.3251	-1.44521	170.806	0	
-96.597	-1.48338	170.469	0	
-96.8758	-1.5321	170.886	0	
-96.0746	-1.70377	175.144	0	
-95.8311	-0.183316	163.993	0	
-96.3442	-0.460665	163.998	0	
-97.0446	-0.264455	163.352	0	
-97.196	-0.077409	165.053	0	
-97.9197	-2.89906	180.293	0	
-97.4157	-3.5759	192.485	0	
-96.9578	-1.77012	172.762	0	
-96.9444	-2.22715	176.248	0	
-101.518	-2.2941	171.043	0	
-101.045	-2.74564	175.811	0	
-100.129	-2.14284	172.319	0	
-99.9152	-2.32702	174.211	0	
-96.4898	-2.43556	179.38	0	
-96.3939	-1.69612	173.171	0	
-101.756	-1.7013	167.906	0	
-101.231	-1.70297	167.744	0	
-100.734	-2.15533	171.324	0	
-99.4858	-2.35572	175.828	0	
-99.1182	-2.0872	174.196	0	
-99.6667	-1.94516	172.549	0	
-100.036	-2.62759	175.588	0	
-99.9836	-3.3672	183.266	0	
-99.0427	-1.75906	172.204	0	
-99.4426	-1.89446	172.679	0	
-96.3709	-2.1892	178.693	0	
-95.8873	-2.58296	184.005	0	
-101.128	-2.42832	173.841	0	
-100.373	-2.58442	173.919	0	
-98.8008	-3.53314	189.57	0	
-99.409	-2.71622	175.514	0	
-96.7782	-2.44823	179.49	0	
-95.8141	-2.01165	177.223	0	
-95.9815	-2.25696	179.99	0	
-95.3767	-1.86321	177.848	0	
-95.4221	-0.827313	172.693	0	
-95.9946	-0.445048	165.596	0	
-96.8324	-3.72129	196.555	0	
-97.2531	-2.8174	181.614	0	
-96.9249	-2.81995	184.244	0	
-96.6752	-3.2345	188.426	0	
-95.5527	-2.82716	189.072	0	
-94.936	-1.96224	183.212	0	
-101.39	-3.15935	182.774	0	
-101.547	-4.18395	197.79	0	
-93.8579	-1.45391	186.455	0	
-95.2003	-1.13983	174.628	0	
-95.4145	-0.183316	173.609	0	
-94.4673	-1.51822	181.189	0	
-95.2137	-0.460682	173.376	0	
-101.017	-3.55739	189.74	0	
-99.7595	-4.58631	209.38	0	
-93.3704	-0.985405	180.119	0	
-94.2746	-0.354236	174.619	0	
-96.8558	-4.62858	214.934	0	
-95.6333	-3.69876	198.131	0	
-95.8311	-3.27058	193.024	0	
-94.7182	-3.21554	195.509	0	
-96.5724	-4.18141	205.534	0	
-95.6988	-4.72182	216.763	0	
-94.2425	-3.25239	199.725	0	
-94.7684	-2.40794	186.246	0	
-93.9526	-3.84979	203.104	0	
-92.5276	-2.88788	192.491	0	
-93.2784	-2.47985	189.724	0	
-94.1873	-2.43521	190.071	0	
-94.4933	-4.15272	210.794	0	
-93.3881	-5.45197	238.521	0	
-93.2799	-3.31059	199.133	0	
-93.4561	-3.89004	202.891	0	
-92.7623	-2.48356	190.026	0	
-92.8659	-1.66766	184.798	0	
-92.8047	-3.31426	198.188	0	
-92.0618	-1.92922	182.986	0	
-92.5537	-2.06538	186.495	0	
-91.6751	-2.14444	183.747	0	
-103.327	-4.43298	203.521	0	
-103.108	-3.23736	185.896	0	
-102.011	-6.44076	269.426	0	
-102.277	-3.99879	189.316	0	
-96.0439	-5.20399	232.895	0	
-96.0043	-4.20243	208.515	0	
-92.5487	-3.77663	201.222	0	
-91.6484	-3.80508	202.009	0	
-92.067	-3.52891	198.16	0	
-90.7813	-2.8736	188.091	0	
-104.807	-4.18123	198.807	0	
-103.166	-5.55949	250.296	0	
-97.4457	-4.57545	207.14	0	
-98.6818	-4.59643	209.292	0	
-95.7394	-5.95604	251.854	0	
-94.3211	-5.32248	238.918	0	
-97.7456	-3.98289	202.14	0	
-99.2631	-4.96888	216.489	0	
-98.4976	-5.99891	252.49	0	
-98.4078	-7.01487	292.644	0	
-96.5126	-6.37504	261.737	0	
-92.1018	-7.46106	313.137	0	
-99.199	-5.7005	249.266	0	
-97.9316	-5.58386	230.844	0	
-99.6988	-6.49083	267.862	0	
-99.3057	-7.3401	305.929	0	
-100.91	-6.02242	249.661	0	
-101.899	-7.78238	331.612	0	
-96.7876	-9.20294	369.032	0	
-96.637	-7.20771	307.32	0	
-126.458	-0.765705	168.313	0	
-126.562	-0.183316	167.854	0	
-127.036	-0.422007	168.062	0	
131.146	-0.420081	202.784	0	
131.875	-0.360901	201.064	0	
131.562	-0.180445	204.941	0	
132.188	-0.902258	202.236	0	
132.817	-0.912873	204.825	0	
130.666	-1.06664	199.17	0	
131.216	-2.29429	199.21	0	
132.188	-1.27911	201.974	0	
133.133	-0.741951	206.965	0	
131.835	-2.38264	199.527	0	
131.546	-1.39199	200.991	0	
131.88	-1.5762	199.874	0	
132.509	-1.88478	201.094	0	
133.422	-0.917831	206.232	0	
132.505	-0.365785	204.797	0	
133.069	-2.62471	200.123	0	
132.875	-2.12843	199.682	0	
133.753	-0.405748	208.52	0	
134.012	-2.66656	199.667	0	
133.578	-2.03831	200.741	0	
133.135	-1.46994	202.408	0	
134.044	-1.00848	206.279	0	
133.189	-1.90428	201.299	0	
133.582	-2.57319	199.899	0	
133.133	-0.375319	209.052	0	
132.817	-0.185329	209.447	0	
134.454	-2.24833	200.53	0	
133.941	-1.66886	201.936	0	
134.988	-2.2115	201.303	0	
135.338	-1.61876	205.533	0	
47.5072	-0.731718	218.859	0	
49.8487	-1.74433	216.367	0	
-91.25	-0.36376	176.736	0	
49.5833	-0.301598	211.701	0	
-90.6239	-0.368884	178.967	0	
-90.9375	-0.183316	180.075	0	
-89.9989	-0.401327	186.162	0	
-90.3114	-0.185568	180.875	0	
-92.1875	-0.180456	181.824	0	
-91.875	-0.360901	178.347	0	
-91.5652	-1.28335	180.513	0	
-90.9375	-0.913707	177.927	0	
-92.5334	-0.380108	186.295	0	
-91.5625	-0.180445	180.41	0	
-92.5088	-0.921403	178.857	0	
-91.9573	-1.46088	180.66	0	
-91.2465	-1.88463	182.1	0	
-93.2625	-0.199652	177.37	0	
-93.5788	-0.553888	187.126	0	
-91.0993	-2.56288	185.547	0	
-90.552	-1.50076	179.893	0	
-90.0144	-2.70836	187.013	0	
-89.5925	-1.83887	181.649	0	
-89.9531	-2.20583	181.285	0	
-89.7303	-1.21198	181.291	0	
-15.8333	-0.240555	238.344	0	
-92.8459	-0.199652	170.401	0	
-14.375	-0.360901	225.008	0	
-14.6875	-0.180445	225.631	0	
-14.0624	-0.902258	224.552	0	
-13.1174	-0.734678	231.223	0	
-18.3333	-0.233607	227.815	0	
-14.7083	-0.914235	221.839	0	
-14.0625	-1.27911	224.236	0	
-13.1174	-0.368047	229.522	0	
-15.448	-1.06781	222.573	0	
-14.3902	-1.83986	217.213	0	
-14.7096	-1.2764	222.996	0	
-13.741	-1.88478	217.656	0	
-12.8049	-0.187647	234.203	0	
-13.75	-0.360855	229.947	0	
-15.8431	-1.03246	224.563	0	
-16.0679	-1.37074	219.965	0	
-15.1367	-1.36986	219.325	0	
-15.1246	-1.7112	217.111	0	
-13.1808	-2.62471	206.409	0	
-13.3749	-2.12843	208.581	0	
-12.8011	-0.928997	221.816	0	
-11.5572	-0.836567	223.024	0	
-16.4741	-1.3479	221.586	0	
-14.7114	-1.99678	213.001	0	
-15.1274	-2.68138	206.726	0	
-12.5179	-2.32426	206.364	0	
-12.662	-1.37309	220.018	0	
-12.9638	-1.56932	215.133	0	
-11.3488	-0.405051	224.434	0	
-13.7499	-0.721768	230.813	0	
-13.4375	-0.907943	225.471	0	
-17.1875	-0.215758	232.759	0	
-16.1451	-0.747092	230.548	0	
-16.7169	-1.68444	214.077	0	
-16.4913	-2.07434	213.528	0	
-15.3996	-2.39357	209.371	0	
-14.7506	-2.41015	208.644	0	
-14.1236	-3.99863	194.136	0	
-13.5832	-2.91972	198.452	0	
-12.6645	-2.75975	200.989	0	
-11.9185	-1.76469	211.478	0	
-11.5625	-0.13643	223.486	0	
-12.4924	-0.3599	221.235	0	
-16.0408	-2.0684	211.425	0	
-16.0085	-2.90411	205.779	0	
-15.1316	-3.15748	203.366	0	
-14.4655	-2.79189	204.993	0	
-17.6188	-0.973484	224.443	0	
-16.875	-0.384747	225.022	0	
-16.875	-0.816264	228.781	0	
-17.1317	-1.62973	218.289	0	
-17.3593	-2.02292	211.618	0	
-16.4511	-2.80959	208.652	0	
-15.7902	-2.50075	209.792	0	
-12.2763	-3.20729	196.061	0	
-10.9703	-1.81226	210.595	0	
-12.0326	-2.22472	205.807	0	
-11.657	-3.15639	195.902	0	
-11.387	-1.57563	215.037	0	
-10.2168	-1.8833	212.777	0	
-12.1837	-0.978487	220.91	0	
-11.875	-0.308682	222.235	0	
-11.875	-0.740198	221.232	0	
-15.866	-3.49388	204.045	0	
-14.6647	-3.70816	199.053	0	
-20.6239	-0.735515	224.901	0	
-17.7422	-2.01698	216.423	0	
-17.2021	-1.17139	217.154	0	
-17.9313	-1.42588	217.129	0	
-18.0431	-2.48291	210.057	0	
-17.8587	-2.97869	211.115	0	
-16.909	-3.15212	206.954	0	
-16.2377	-4.03497	203.295	0	
-12.6757	-3.79652	189.945	0	
-11.0292	-2.38592	205.069	0	
-15.1978	-4.02336	200.024	0	
-15.4523	-3.61269	201.832	0	
-18.8588	-1.84103	216.591	0	
-18.9662	-2.76993	210.695	0	
-17.8819	-3.98045	209.949	0	
-16.8381	-3.78773	205.571	0	
-11.1816	-3.69734	192.35	0	
-15.4167	-0.240555	238.904	0	
-17.9167	-0.233607	225.984	0	
-9.11862	-3.25489	203.383	0	
-17.224	-4.9794	208.72	0	
-13.9541	-6.35864	189.592	0	
-14.8564	-5.2129	194.758	0	
-12.5924	-5.18955	184.308	0	
-11.6673	-5.88366	182.952	0	
-11.4777	-4.35487	185.586	0	
-20.0443	-1.48176	220.578	0	
-19.5283	-2.4635	213.565	0	
-20.9259	-1.29981	219.522	0	
-19.9402	-2.78938	209.265	0	
-20.3526	-3.93315	208.04	0	
-18.7609	-3.35784	211.554	0	
-19.5515	-5.09406	215.22	0	
-19.1908	-3.81086	208.737	0	
-18.9722	-4.58741	213.395	0	
-17.9098	-5.24221	213.524	0	
-19.5612	-5.8771	227.703	0	
-18.2501	-6.15695	223.729	0	
-17.6366	-6.85097	225.313	0	
-16.5321	-5.45056	209.42	0	
-10.3198	-2.27427	205.669	0	
-10.1352	-2.97088	199.39	0	
-25.625	-0.399074	207.007	0	
-24.995	-0.72475	212.369	0	
-26.3952	-0.86823	207.079	0	
-25.625	-0.83059	209.08	0	
-24.6825	-0.908065	206.825	0	
-24.3674	-0.73471	216.357	0	
-24.685	-0.18188	220.02	0	
-25.31	-0.974386	206.033	0	
-25.2142	-1.46363	203.632	0	
-24.4913	-1.77285	200.201	0	
-23.983	-0.96737	204.998	0	
-26.0117	-1.52523	202.92	0	
-24.3674	-0.368079	210.378	0	
-24.6107	-2.37648	201.211	0	
-22.7034	-1.64878	205.162	0	
-23.4375	-0.174904	216.326	0	
-22.9718	-0.712979	214.098	0	
-23.7449	-0.361103	207.291	0	
-23.1197	-1.44843	208.443	0	
-21.875	-0.721791	222.189	0	
-28.7428	-0.731718	203.264	0	
-25.9785	-1.06614	201.7	0	
-22.6304	-2.30124	206.038	0	
-21.7049	-1.93009	211.165	0	
-26.7872	-1.10335	194.817	0	
-26.4283	-1.76187	194.002	0	
-27.1207	-2.70172	194.293	0	
-25.2651	-2.31767	198.51	0	
-26.152	-4.0734	214.391	0	
-25.7528	-2.76455	195.477	0	
-23.0013	-3.24706	203.183	0	
-23.5751	-1.81635	200.49	0	
-23.5437	-2.37145	202.897	0	
-21.9272	-3.86292	206.496	0	
-24.0798	-2.67356	198.197	0	
-22.6185	-3.69927	205.231	0	
-24.0824	-3.16474	202.261	0	
-23.5324	-3.45371	202.889	0	
-25.528	-3.45883	199.804	0	
-24.3034	-4.36168	213.443	0	
-23.5436	-4.25177	205.563	0	
-22.8884	-6.97905	253.079	0	
-26.9521	-4.02596	213.23	0	
-24.6622	-5.32685	223.082	0	
7.50716	-0.731718	186.377	0	
9.4098	-1.27135	189.663	0	
9.79352	-1.88048	190.246	0	
9.62307	-0.548463	187.523	0	
10.2112	-1.16326	186.637	0	
9.66921	-2.41176	188.771	0	
10.5357	-2.3182	186.794	0	
10.5257	-0.877314	177.531	0	
9.8314	-0.246865	184.006	0	
9.07139	-2.57717	191.995	0	
9.88633	-3.57217	190.532	0	
10.9572	-2.45622	189.098	0	
11.3672	-1.82718	185.645	0	
10.9505	-1.59054	181.574	0	
10.2481	-0.246865	175.414	0	
11.0549	-2.92935	188.477	0	
11.8729	-3.0159	188.662	0	
12.3176	-1.73877	185.157	0	
10.9395	-1.11538	182.088	0	
10.7036	-3.24132	190.891	0	
10.9026	-0.198932	173.592	0	
11.052	-4.00343	191.435	0	
12.349	-3.286	191.095	0	
12.7343	-1.43724	181.467	0	
12.7193	-0.938523	181.189	0	
11.8926	-0.408971	175.974	0	
11.266	-0.914448	175.147	0	
12.4104	-0.750278	177.267	0	
10.156	-3.11026	189.338	0	
9.45726	-3.72399	189.789	0	
9.34863	-4.47683	189.41	0	
10.2416	-3.99924	190.5	0	
8.69789	-4.43342	188.485	0	
10.7105	-5.78474	189.953	0	
9.452	-5.95763	187.178	0	
11.4736	-4.86542	191.646	0	
11.0264	-4.54038	190.297	0	
11.8651	-4.67834	191.065	0	
10.5572	-4.79089	190.4	0	
9.70021	-5.4102	188.979	0	
12.3108	-4.98816	192.406	0	
12.9065	-3.91557	192.101	0	
12.3579	-3.84874	191.172	0	
13.137	-4.37657	192.719	0	
13.8437	-4.36262	192.947	0	
14.1949	-3.83282	192.954	0	
12.8568	-2.58664	188.018	0	
13.5719	-2.08381	185.258	0	
11.7549	-6.99627	189.88	0	
10.3308	-5.32537	189.246	0	
12.4108	-5.67916	191.553	0	
13.2993	-5.32107	192.583	0	
11.3842	-5.5753	190.322	0	
11.8757	-6.07921	191.111	0	
13.2467	-6.71494	191.805	0	
14.0295	-4.85352	193.498	0	
13.7857	-5.37206	193.622	0	
14.5792	-4.93949	194.218	0	
15.136	-3.44933	193.239	0	
14.8514	-2.16645	187.545	0	
9.80884	-6.48984	188.041	0	
10.4368	-6.40177	188.382	0	
14.3128	-5.82933	193.806	0	
14.9215	-4.52367	193.899	0	
9.61711	-7.30188	185.704	0	
12.5522	-7.39857	191.49	0	
14.8144	-5.5102	193.913	0	
15.7299	-5.11482	194.486	0	
15.486	-4.58726	194.958	0	
15.4005	-5.62193	194.778	0	
8.05774	-1.64806	190.502	0	
7.95028	-2.65778	189.792	0	
15.9702	-4.15485	194.84	0	
16.3178	-2.61532	194.617	0	
8.71168	-7.52286	185.447	0	
8.32105	-8.60811	182.183	0	
10.3834	-7.77626	187.673	0	
11.9146	-10.8378	187.096	0	
17.9652	-4.20964	196.119	0	
16.3645	-3.19136	194.91	0	
14.968	-6.99302	194.383	0	
17.7686	-5.56239	194.999	0	
18.1519	-3.18397	196.436	0	
17.1103	-3.39702	196.666	0	
17.0278	-7.86402	194.836	0	
18.3012	-6.50471	193.927	0	
-2.49284	-0.731718	204.305	0	
0.300565	-1.05211	202.91	0	
-8.7836	-0.382852	218.042	0	
-0.416667	-0.301598	199.72	0	
-8.12247	-0.368067	222.429	0	
-8.4375	-0.183316	223.431	0	
-7.7418	-1.44766	219.032	0	
-7.73337	-0.962924	219.562	0	
-9.76037	-0.250939	211.073	0	
-9.48147	-0.450476	215.715	0	
-8.98113	-1.47589	215.226	0	
-8.44255	-0.916578	218.043	0	
-6.31349	-1.45594	213.957	0	
-7.47592	-0.374251	221.119	0	
-9.80011	-1.64666	213.886	0	
-7.89425	-3.06434	205.266	0	
-6.9445	-0.957315	217.108	0	
-6.95761	-0.1895	212.487	0	
-6.86189	-1.43597	218.451	0	
-5.03697	-0.478752	213.239	0	
-10.163	-0.402598	234.137	0	
-9.0961	-0.199537	216.638	0	
-10.8649	-0.862957	226.612	0	
-10.611	-0.151659	231.496	0	
-10.2612	-1.18491	221.617	0	
-9.79362	-1.17375	216.153	0	
-10.4223	-0.845275	222.445	0	
-10.6627	-2.56674	203.997	0	
-9.4847	-2.35566	209.21	0	
-11.2956	-1.14281	217.87	0	
-10.5008	-1.60212	213.603	0	
-10.5449	-3.03314	198.032	0	
-10.0199	-2.56018	204.107	0	
-10.6723	-3.58339	193.369	0	
-9.62224	-4.64471	185.725	0	
-10.07	-3.89763	190.777	0	
-8.22749	-4.13323	194.973	0	
-8.25281	-1.71386	214.437	0	
-8.37219	-2.31748	211.178	0	
-7.3515	-2.26876	211.972	0	
-7.88755	-2.57086	208.289	0	
-6.42804	-3.53207	200.566	0	
-6.32761	-2.56584	208.168	0	
-8.49362	-3.46378	198.212	0	
-8.58681	-4.85192	185.8	0	
-6.82868	-4.19076	195.851	0	
-3.93678	-4.30782	194.75	0	
-8.02258	-5.76845	183.506	0	
-6.82783	-5.65032	183.818	0	
-32.099	-0.53519	184.955	0	
-31.467	-1.03873	186.11	0	
-33.0365	-0.783538	185.532	0	
-31.631	-0.553858	184.919	0	
-32.7046	-1.09072	182.624	0	
-33.2219	-1.82897	184.378	0	
-32.724	-0.233592	185.355	0	
-31.8998	-1.64353	188.991	0	
-33.7836	-0.382852	183.969	0	
-33.4375	-0.183316	190.008	0	
-34.7604	-0.250939	208.742	0	
-34.4815	-0.450476	185.393	0	
-34.1012	-0.997684	185.789	0	
-33.9811	-1.47589	188.065	0	
-34.7315	-1.71458	191.439	0	
-33.3413	-2.4326	191.802	0	
-32.9049	-2.90733	199.269	0	
-32.3514	-1.94325	190.02	0	
-34.7936	-1.17375	189.673	0	
-34.0961	-0.199537	198.166	0	
-35.6153	-1.44622	194.832	0	
-35.9987	-0.286769	194.817	0	
-35.177	-0.250939	186.175	0	
-35.3757	-1.029	193.377	0	
-35.2744	-2.43885	196.563	0	
-34.002	-2.43977	193.15	0	
-33.8814	-3.43467	207.061	0	
-31.8422	-3.59282	214.964	0	
-36.2771	-1.96409	198.8	0	
-35.7963	-4.34855	221.162	0	
-37.1027	-2.66658	200.153	0	
-36.0061	-3.02143	204.338	0	
-34.1199	-5.1099	242.119	0	
-34.9124	-2.90823	201.118	0	
-33.8776	-4.44197	231.998	0	
-34.2473	-2.89957	198.254	0	
-32.2994	-6.11471	284.801	0	
-32.4318	-4.21106	232.389	0	
-30.8864	-3.29638	214.689	0	
-30.5161	-2.46132	205.113	0	
-34.3488	-3.93338	212.2	0	
-33.0804	-4.12547	218.064	0	
-44.6875	-0.215758	188.006	0	
-44.0625	-0.183316	183.256	0	
-44.7644	-1.06176	198.914	0	
-44.375	-0.83059	186.355	0	
-43.996	-1.04757	193.82	0	
-30.0336	-0.382852	207.555	0	
-29.3725	-0.368067	212.787	0	
-29.6875	-0.183316	211.258	0	
-29.0553	-0.920708	205.546	0	
-27.8127	-0.676982	191.559	0	
-31.006	-0.25226	180.763	0	
-31.4227	-0.25226	185.669	0	
-30.1093	-1.7017	201.604	0	
-29.6926	-0.916578	205.24	0	
-29.0578	-1.28208	203.273	0	
-28.0996	-0.576029	196.025	0	
-31.0133	-1.67095	194.315	0	
-29.5362	-2.5399	205.547	0	
-29.3775	-1.45789	204.274	0	
-28.814	-1.89771	202.069	0	
-27.6298	-0.409486	198.536	0	
-28.7475	-0.362392	203.432	0	
-30.1117	-1.34328	200.64	0	
-29.5386	-2.01781	206.096	0	
-28.8665	-2.72898	210.351	0	
-28.0898	-1.68949	196.091	0	
-27.4166	-3.35526	206.883	0	
-26.7872	-1.5379	199.017	0	
-28.0477	-2.1721	194.415	0	
-27.5171	-2.23629	198.101	0	
-30.7271	-0.883313	186.266	0	
-30.3461	-0.199537	182.634	0	
-30.7271	-0.451797	195.83	0	
-27.6387	-1.5364	194.719	0	
-27.3173	-0.5122	189.907	0	
-28.3033	-1.06834	197.127	0	
-27.8125	-0.130892	187.911	0	
-28.125	-0.308533	190.423	0	
-28.4075	-0.814463	197.751	0	
-27.9169	-0.977607	196.024	0	
-31.4213	-2.45059	198.286	0	
-31.0503	-1.16865	193.62	0	
-27.1885	-0.963082	198.563	0	
-27.6052	-1.16099	191.151	0	
-30.9657	-2.76415	208.686	0	
-30.555	-1.91113	201.274	0	
-31.2757	-3.72714	226.431	0	
-30.068	-2.77399	209.979	0	
-31.0753	-4.42287	237.491	0	
-30.3991	-4.50959	240.453	0	
-32.2605	-4.87786	240.748	0	
-31.1449	-5.69201	267.932	0	
-19.0625	-0.183316	227.965	0	
-18.6458	-0.416922	229.914	0	
-19.8958	-1.01391	219.486	0	
-19.375	-0.83059	228.024	0	
-18.8542	-0.848439	223.515	0	
105.38	-0.549836	167.691	0	
106.551	-1.05211	170.158	0	
104.062	-0.215758	161.337	0	
105.833	-0.301598	155.761	0	
104.79	-1.16738	165.386	0	
103.126	-0.735515	155.804	0	
104.755	-0.248238	168.957	0	
103.603	-1.1471	157.517	0	
103.254	-1.93261	165.622	0	
105.452	-1.45738	168.664	0	
105.2	-3.56046	178.966	0	
104.943	-2.22971	171.392	0	
-21.25	-0.36376	229.011	0	
-20.6239	-0.368884	227.375	0	
-20.9375	-0.183316	227.36	0	
-19.9989	-0.401327	221.502	0	
-20.3114	-0.185568	226.292	0	
-22.1875	-0.180456	223.526	0	
-21.875	-0.360901	225.184	0	
-21.5652	-1.28335	217.787	0	
-20.9375	-0.913707	224.621	0	
-22.4861	-0.352798	214.407	0	
-21.5625	-0.180445	226.633	0	
-22.2566	-0.907079	216.352	0	
-21.9079	-1.53447	213.668	0	
-21.2465	-1.88463	214.991	0	
-20.7673	-2.00954	214.774	0	
-22.7985	-0.172342	214.27	0	
-23.6705	-0.775643	215.098	0	
-20.5535	-1.61967	216.352	0	
-23.111	-0.347246	209.705	0	
87.4664	-0.382852	221.307	0	
88.1275	-0.368067	214.162	0	
87.8125	-0.183316	209.508	0	
88.5082	-1.44766	209.222	0	
88.5166	-0.962924	211.817	0	
86.494	-0.25226	230.74	0	
86.0773	-0.25226	215.217	0	
87.2689	-1.47589	214.728	0	
87.8074	-0.916578	216.464	0	
89.9067	-1.69852	193.635	0	
88.7741	-0.374251	212.953	0	
86.5077	-1.68983	212.628	0	
88.3558	-3.06434	197.699	0	
89.3055	-0.957315	206.895	0	
89.2924	-0.1895	218.124	0	
89.3881	-1.43597	201.41	0	
90.625	-0.800174	187.716	0	
86.7729	-0.883313	223.534	0	
87.1539	-0.199537	231.019	0	
86.7729	-0.451797	219.344	0	
86.0911	-1.92647	206.718	0	
86.4497	-1.16865	213.088	0	
85.9616	-2.49644	198.395	0	
87.2482	-2.42144	203.087	0	
87.9972	-1.71386	209.68	0	
87.8778	-2.31748	205.848	0	
85.3096	-2.61733	198.256	0	
86.1146	-3.89224	188.323	0	
88.8985	-2.26876	200.188	0	
88.3624	-2.57086	200.658	0	
89.822	-3.53207	190.718	0	
90.3093	-2.57177	189.714	0	
87.7743	-3.53811	194.454	0	
88.0404	-4.20756	192.625	0	
89.4213	-4.19076	188.858	0	
92.3468	-4.27712	189.233	0	
87.1514	-3.14859	197.513	0	
86.0743	-4.66964	185.086	0	
88.2274	-5.76845	190.246	0	
89.3404	-5.69803	187.207	0	
85.0879	-2.07513	200.321	0	
84.1405	-3.23606	189.213	0	
79.375	-0.399074	241.85	0	
78.125	-0.233607	225.348	0	
78.6048	-0.86823	235.205	0	
79.375	-0.83059	239.223	0	
80.2023	-1.79948	224.878	0	
79.7501	-1.06873	235.662	0	
81.5413	-0.914438	223.32	0	
75.6261	-0.735515	243.423	0	
79.0215	-1.06614	237.253	0	
78.2923	-1.32063	236.191	0	
79.3775	-2.26818	228.133	0	
78.5717	-1.76111	232.749	0	
78.5389	-2.25848	230.386	0	
79.8014	-2.51774	219.99	0	
80.6664	-1.49515	230.877	0	
78.0071	-2.54986	224.645	0	
79.7988	-3.01299	218.819	0	
79.3705	-3.34355	215.076	0	
82.0828	-1.97182	208.362	0	
80.1667	-0.876848	239.977	0	
79.7856	-1.56284	234.029	0	
76.7218	-1.68987	233.954	0	
76.8991	-3.03529	223.132	0	
78.4227	-3.49972	218.042	0	
78.4252	-4.1609	214.761	0	
80.2593	-3.29374	208.507	0	
82.1163	-3.45722	189.085	0	
79.4414	-3.97917	212.371	0	
80.3614	-3.87997	207.553	0	
79.9717	-4.23484	204.923	0	
81.2225	-3.5874	200.225	0	
80.1324	-5.10288	203.374	0	
80.7075	-5.37776	196.52	0	
79.0872	-5.04851	208.087	0	
79.5474	-6.42069	201.692	0	
80.9119	-6.35896	197.284	0	
82.7365	-5.42725	188.816	0	
76.6312	-4.40822	213.227	0	
79.6647	-5.51181	201.666	0	
76.9958	-5.9729	205.935	0	
78.0247	-6.0558	204.599	0	
78.3314	-5.23123	207.952	0	
78.6632	-6.78196	203.919	0	
78.0354	-7.75091	200.994	0	
79.163	-8.83618	201.452	0	
-6.20932	-0.558629	216.773	0	
-5.9375	-0.202357	217.215	0	
-4.9328	-1.39816	210.987	0	
-3.78405	-0.746867	212.332	0	
-5.2453	-0.910268	213.788	0	
-5.625	-0.382617	216.576	0	
-5.625	-0.814133	215.995	0	
81.1458	-0.420081	232.288	0	
81.875	-0.360901	224.178	0	
81.5625	-0.180445	237.08	0	
82.1876	-0.902258	215.257	0	
83.1326	-0.734678	218.71	0	
80.6664	-1.06664	229.661	0	
81.2157	-2.29429	217.858	0	
82.1875	-1.27911	217.108	0	
83.1326	-0.368047	209.168	0	
81.8353	-2.38264	201.089	0	
81.5462	-1.39199	225.254	0	
81.8799	-1.5762	211.927	0	
82.509	-1.88478	207.667	0	
83.4451	-0.187647	221.644	0	
82.5	-0.360855	211.152	0	
83.0692	-2.62471	197.041	0	
82.8751	-2.12843	199.269	0	
83.4489	-0.928997	211.069	0	
84.4504	-0.878194	224.541	0	
84.0047	-1.43797	213.678	0	
83.2862	-1.56932	204.304	0	
84.4504	-0.446678	216.527	0	
82.5001	-0.721768	222.365	0	
82.8125	-0.907943	209.983	0	
83.9129	-2.32704	197.412	0	
84.5054	-2.03872	203.86	0	
84.7629	-0.274425	248.523	0	
83.7576	-0.3599	215.173	0	
84.7841	-1.21858	215.756	0	
85.3879	-0.576024	217.175	0	
84.0663	-0.978487	214.153	0	
84.4387	-1.5759	205.303	0	
85.6018	-1.66567	206.429	0	
93.7572	-0.731718	174.389	0	
96.5506	-1.05211	183.503	0	
-3.77957	-0.380562	210.733	0	
95.8333	-0.301598	171.894	0	
-3.12247	-0.368067	210.324	0	
-3.4375	-0.183316	213.783	0	
-2.80534	-0.920708	204.06	0	
-1.56467	-0.674876	194.671	0	
-4.3004	-0.197247	209.151	0	
-4.31228	-1.33295	210.846	0	
-2.80924	-1.39588	205.562	0	
-1.84981	-0.57368	195.424	0	
-4.23768	-0.862043	209.807	0	
-3.12893	-1.59524	205.131	0	
-3.44453	-1.30162	208.652	0	
-2.48261	-2.39644	200.23	0	
-1.33304	-0.554896	194.233	0	
-2.49747	-0.362392	200.955	0	
-3.86119	-1.60315	207.202	0	
-2.997	-2.45625	203.262	0	
-3.74256	-2.06291	206.578	0	
-3.691	-2.86276	203.814	0	
-1.46703	-1.22734	198.24	0	
-1.30569	-0.276058	193.155	0	
-2.05352	-1.06634	200.121	0	
-1.5625	-0.130542	193.224	0	
-1.875	-0.308184	191.718	0	
-1.02054	-0.725951	196.927	0	
-0.784854	-0.447114	192.495	0	
-2.15768	-0.812463	197.647	0	
-1.66883	-0.97585	196.423	0	
-3.68143	-3.87262	199.408	0	
-3.17157	-3.95344	197.171	0	
-2.18533	-1.8577	201.794	0	
-0.814675	-1.48674	198.88	0	
-4.97142	-2.64133	207.923	0	
-3.96913	-3.25278	200.522	0	
-4.71302	-3.5984	199.268	0	
-3.82012	-5.14729	191.181	0	
-2.43002	-3.38353	198.865	0	
-1.22779	-1.9514	200.03	0	
-5.44415	-3.30814	202.817	0	
-4.44224	-3.20982	203.671	0	
-2.67782	-5.01961	192.586	0	
-2.80802	-4.43487	196.277	0	
-6.27398	-4.73818	190.079	0	
-4.49527	-4.07655	197.73	0	
-3.17372	-5.49427	186.52	0	
-5.37336	-4.42428	196.624	0	
-4.86262	-4.62398	192.791	0	
-4.49897	-5.35374	190.391	0	
-1.94315	-6.73557	181.013	0	
-0.212491	-2.44883	201.799	0	
-1.88075	-5.14972	191.959	0	
-1.43341	-2.55079	199.64	0	
-4.95365	-6.11907	178.977	0	
-3.63483	-7.5682	172.753	0	
1.26373	-3.93059	203.143	0	
-1.71045	-4.38445	197.909	0	
65.401	-0.53519	212.425	0	
66.5574	-0.916592	229.743	0	
64.4635	-0.783538	219.777	0	
65.8333	-0.301598	223.895	0	
64.7954	-1.09072	214.306	0	
64.2781	-1.82897	214.545	0	
64.776	-0.233592	220.558	0	
65.4361	-1.46025	219.674	0	
63.7164	-0.382852	213.944	0	
64.0625	-0.183316	222.981	0	
62.744	-0.25226	232.01	0	
62.3273	-0.25226	197.71	0	
63.3988	-0.997684	212.605	0	
63.5189	-1.47589	214.368	0	
62.7577	-1.68983	214.383	0	
64.1587	-2.4326	219.29	0	
64.5543	-2.85278	227.528	0	
65.1486	-1.94325	221.81	0	
63.0229	-0.883313	220.188	0	
63.4039	-0.199537	226.138	0	
63.0229	-0.451797	209.583	0	
62.3411	-1.92647	216.13	0	
62.6997	-1.16865	212.334	0	
62.2119	-2.49552	222.216	0	
63.4982	-2.42144	218.582	0	
64.1991	-3.87744	234.844	0	
65.4256	-3.37419	233.81	0	
61.5599	-2.61635	222.962	0	
62.8602	-4.05063	233.346	0	
63.2791	-2.86653	224.326	0	
65.0844	-3.80241	235.003	0	
65.9692	-3.45591	236.282	0	
66.2567	-2.94581	234.184	0	
63.922	-5.37973	235.815	0	
64.4169	-4.7973	238.889	0	
66.2545	-4.18719	239.91	0	
66.9714	-4.31115	238.148	0	
67.0322	-2.40217	234.144	0	
66.1382	-1.59745	226.524	0	
64.9801	-6.56736	225.976	0	
68.4733	-4.8539	230.808	0	
65.3044	-4.36245	239.276	0	
66.0202	-5.47352	238.286	0	
67.6552	-2.47789	236.071	0	
67.4587	-1.44537	235.845	0	
67.4632	-5.12364	236.329	0	
68.5008	-3.34052	233.151	0	
64.9861	-4.95778	238.722	0	
65.369	-5.65089	235.266	0	
67.7884	-3.24942	234.32	0	
68.9333	-3.92313	226.753	0	
61.3378	-2.07508	219.975	0	
60.1563	-3.51176	233.46	0	
62.2414	-3.60706	230.337	0	
63.6307	-3.59058	231.406	0	
64.1023	-6.45668	232.324	0	
65.718	-7.66376	208.135	0	
69.8423	-3.67475	224.192	0	
69.0339	-2.58992	226.747	0	
70.3164	-4.16711	212.339	0	
71.439	-1.35943	230.742	0	
69.1336	-5.4672	222.302	0	
71.4775	-4.6558	206.539	0	
70.0837	-1.46822	226.185	0	
69.7585	-2.52984	223.284	0	
69.7063	-6.98299	212.505	0	
71.1511	-5.23083	210.177	0	
72.1616	-4.65084	208.378	0	
72.6736	-2.41346	228.561	0	
70.3958	-6.28487	206.325	0	
71.112	-6.44287	205.626	0	
72.4907	-5.21221	203.294	0	
74.3398	-3.71289	209.933	0	
72.4676	-3.97029	207.171	0	
73.1843	-4.03895	207.888	0	
68.8382	-6.65051	214.139	0	
69.8296	-7.72565	194.711	0	
72.0804	-7.33511	197.451	0	
72.7899	-6.24771	199.458	0	
72.1774	-5.85352	204.134	0	
73.4289	-5.84051	202.25	0	
74.125	-5.94586	199.505	0	
74.5269	-5.44829	204.646	0	
74.3724	-6.56378	198.958	0	
75.6774	-6.42795	202.744	0	
75.2701	-5.50135	201.5	0	
75.2273	-4.41272	206.592	0	
75.3067	-3.09697	214.624	0	
74.6105	-4.3406	210.659	0	
76.396	-5.06489	207.453	0	
75.5842	-3.83444	215.764	0	
74.3369	-2.3892	220.951	0	
73.5877	-3.50801	215.296	0	
-0.116102	-0.922193	200.603	0	
1.25499	-0.72475	204.273	0	
0.3125	-0.215758	201.209	0	
0.625	-0.83059	202.453	0	
1.56749	-0.908065	202.753	0	
1.8826	-0.73471	204.292	0	
1.56503	-0.18188	206.141	0	
0.939968	-0.974386	203.421	0	
1.03577	-1.46363	202.787	0	
1.75873	-1.77285	201.576	0	
2.267	-0.96737	198.101	0	
0.264191	-1.50556	201.89	0	
1.8826	-0.368079	202.98	0	
1.63934	-2.37648	203.272	0	
3.58038	-1.73576	196.577	0	
2.53366	-0.376315	194.13	0	
3.05863	-0.971399	191.728	0	
3.04942	-0.190117	183.635	0	
3.13421	-1.44944	197.172	0	
4.17226	-0.99791	191.099	0	
-0.428602	-1.37459	200.815	0	
-0.152476	-1.7422	201.902	0	
-0.883906	-2.89599	201.795	0	
0.684431	-1.77328	203.932	0	
0.211493	-5.05514	196.855	0	
0.501456	-2.75093	204.758	0	
2.22794	-2.91927	203.251	0	
2.67486	-1.81635	197.888	0	
55.625	-0.399074	215.963	0	
54.375	-0.233607	199.205	0	
54.8548	-0.86823	208.693	0	
55.625	-0.83059	213.066	0	
56.4523	-1.79948	218.067	0	
56.0001	-1.06873	214.48	0	
57.7913	-0.914438	213.28	0	
54.002	-0.920754	204.809	0	
55.2715	-1.06614	213.636	0	
54.4074	-1.10335	211.096	0	
55.6275	-2.26818	219.451	0	
54.8217	-1.76111	215.515	0	
54.7891	-2.24718	216.662	0	
56.0514	-2.51774	223.541	0	
56.9164	-1.49515	213.28	0	
54.369	-2.47803	219.121	0	
54.776	-3.18317	224.074	0	
55.6118	-3.225	227.064	0	
58.3328	-1.97182	218.703	0	
56.4167	-0.876848	210.718	0	
56.0356	-1.56284	214.864	0	
53.9603	-2.2386	214.377	0	
53.5487	-2.96292	218.842	0	
54.7791	-3.65493	225.35	0	
56.0488	-3.01213	225.682	0	
53.966	-1.78454	213.368	0	
53.133	-1.77111	212.993	0	
53.1387	-3.22376	222.36	0	
54.3939	-4.37561	224.242	0	
53.9713	-3.66169	222.869	0	
55.0181	-4.54662	226.339	0	
55.6846	-3.858	228.901	0	
56.6124	-3.87825	230.641	0	
54.4074	-1.5379	210.323	0	
53.9285	-0.469873	205.79	0	
52.7195	-1.54544	209.431	0	
51.8956	-2.48263	220.953	0	
52.718	-2.99198	219.47	0	
51.8431	-3.88337	224.588	0	
53.5546	-3.93487	223.74	0	
53.5251	-4.51756	222.616	0	
52.8125	-0.215758	207.334	0	
53.5853	-1.11866	208.441	0	
53.1994	-0.883541	205.527	0	
51.4163	-0.386909	210.278	0	
52.7174	-2.50029	218.98	0	
52.3007	-2.25178	215.54	0	
52.458	-0.419351	207.546	0	
53.5119	-0.236266	205.431	0	
52.75	-1.08711	209.148	0	
52.3955	-0.859186	206.05	0	
49.8958	-0.517356	207	0	
51.4612	-1.76285	217.787	0	
51.0739	-2.94878	222.602	0	
51.9372	-0.203593	201.908	0	
51.9478	-1.06447	211.443	0	
50.3006	-1.05211	212.598	0	
51.0565	-2.49525	222.533	0	
50.6451	-3.22298	225.211	0	
51.8405	-4.34175	223.108	0	
49.7882	-2.2534	218.378	0	
50.6237	-2.26165	219.387	0	
50.2049	-2.50191	222.043	0	
49.9247	-3.98786	226.196	0	
51.034	-3.94799	225.404	0	
51.2926	-4.42091	223.563	0	
49.2924	-2.3298	219.52	0	
50.2089	-3.00971	223.916	0	
52.2223	-4.54942	222.214	0	
52.2695	-3.67906	222.647	0	
52.2639	-5.15274	215.047	0	
53.9577	-4.72293	223.109	0	
51.6479	-5.56079	218.775	0	
51.4315	-7.27954	192.711	0	
52.8015	-5.27664	218.826	0	
53.7044	-5.87425	214.01	0	
56.5093	-3.29294	230.291	0	
58.0628	-3.68109	235.373	0	
48.3542	-2.43988	220.232	0	
47.3019	-3.54678	224.957	0	
54.0049	-6.48267	199.248	0	
55.6814	-6.1517	212.813	0	
56.2246	-4.23044	232.31	0	
57.4725	-3.58746	232.232	0	
56.3512	-4.84166	226.831	0	
56.8915	-5.00352	231.239	0	
55.8886	-5.19651	225.951	0	
56.016	-5.72462	217.797	0	
57.6899	-5.73596	227.998	0	
58.1893	-5.41312	227.323	0	
55.224	-5.03374	222.045	0	
55.0217	-6.04428	211.282	0	
56.0313	-6.86629	200.089	0	
56.5762	-5.8464	221.88	0	
56.7418	-6.36216	209.465	0	
58.3128	-6.65461	213.511	0	
55.0167	-7.15023	194.525	0	
57.0015	-7.48869	190.796	0	
59.0207	-5.72251	228.794	0	
59.1061	-4.50412	236.951	0	
57.1403	-8.18258	178.153	0	
57.248	-6.47234	211.307	0	
58.3667	-7.95772	186.514	0	
57.7831	-6.21238	216.036	0	
57.4308	-7.09824	203.389	0	
58.0183	-7.22726	199.316	0	
57.918	-8.52259	171.355	0	
59.312	-7.97479	191.047	0	
53.6635	-7.24811	193.938	0	
55.7081	-7.3962	191.855	0	
59.0663	-3.11484	232.834	0	
58.3594	-4.37572	234.414	0	
57.4467	-10.2164	133.454	0	
59.7019	-7.07728	207.021	0	
52.659	-6.578	202.079	0	
52.3589	-8.87733	162.494	0	
54.2865	-7.67589	178.185	0	
56.5775	-8.57837	160.433	0	
60.5399	-5.00147	237.492	0	
60.8288	-3.87484	238.598	0	
57.3958	-0.420081	209.925	0	
58.125	-0.360901	214.938	0	
57.8125	-0.180445	212.188	0	
58.4376	-0.902258	214.257	0	
59.3826	-0.734678	208.632	0	
56.9164	-1.06664	213.281	0	
57.4657	-2.29429	220.617	0	
58.4375	-1.27911	214.028	0	
59.3826	-0.368047	210.798	0	
58.0853	-2.38264	226.211	0	
57.7962	-1.39199	213.493	0	
58.1299	-1.5762	216.922	0	
58.759	-1.88478	217.646	0	
59.6951	-0.187647	204.631	0	
58.75	-0.360855	213.626	0	
59.3192	-2.62471	226.025	0	
59.1251	-2.12843	220.68	0	
59.6989	-0.928997	214.912	0	
60.9326	-0.66409	223.789	0	
60.2547	-1.43797	218.161	0	
59.5362	-1.56932	216.812	0	
60.6489	-0.561917	224.091	0	
58.7501	-0.721768	210.357	0	
59.0625	-0.907943	213.317	0	
60.1629	-2.32699	221.574	0	
60.7554	-2.03866	220.472	0	
61.1171	-0.402237	230.658	0	
60.0076	-0.3599	216.732	0	
61.0341	-1.21858	218.107	0	
61.6379	-0.576024	210.656	0	
60.4443	-1.06809	218.414	0	
60.9375	-0.127812	225.594	0	
60.625	-0.300064	228.113	0	
60.3401	-0.808823	220.347	0	
60.8285	-0.967794	221.172	0	
60.6887	-1.5759	219.894	0	
61.8518	-1.66567	217.789	0	
6.25	-0.36376	178.034	0	
6.87753	-0.368067	182.591	0	
6.5625	-0.183316	181.695	0	
7.19466	-0.920708	186.193	0	
8.43533	-0.674876	186.584	0	
5.31248	-0.180456	179.982	0	
5.62498	-0.360901	179.477	0	
5.93479	-1.28335	183.773	0	
6.5625	-0.913707	182.291	0	
6.56	-1.27666	184.511	0	
8.15019	-0.57368	184.663	0	
4.96662	-0.380108	188.703	0	
5.9375	-0.180445	179.181	0	
4.96364	-0.742721	186.617	0	
5.3095	-0.903958	185.963	0	
6.65717	-1.97917	187.624	0	
6.86812	-2.50014	189.282	0	
7.57198	-2.83215	190.337	0	
8.66696	-0.554896	183.613	0	
7.50253	-0.362392	189.078	0	
4.23747	-0.199652	190.08	0	
3.96392	-0.566393	190.666	0	
4.67997	-2.06779	192.592	0	
5.90312	-2.06434	188.376	0	
6.23939	-1.86147	186.2	0	
6.87092	-1.5893	186.834	0	
7.53939	-2.01628	189.729	0	
7.93728	-1.99481	189.593	0	
4.65116	-0.993781	190.014	0	
5.23599	-1.30046	186.504	0	
5.17477	-2.11605	191.004	0	
5.46385	-3.26944	192.06	0	
7.37808	-2.52189	189.09	0	
8.15427	-2.32604	191.272	0	
4.50957	-1.70934	192.491	0	
5.80488	-2.83371	190.315	0	
5.85662	-4.0201	190.902	0	
6.42567	-2.9351	189.869	0	
7.60535	-3.38905	189.776	0	
7.99349	-3.46569	190.107	0	
8.69139	-2.21594	189.854	0	
9.00267	-1.06531	186.55	0	
3.99705	-1.49912	193.785	0	
3.56518	-2.32299	197.086	0	
4.88654	-2.71528	193.105	0	
5.42736	-3.72546	191.646	0	
6.5139	-3.66548	189.781	0	
8.12463	-4.92577	188.281	0	
4.99471	-3.11756	193.202	0	
4.61525	-3.46142	194.623	0	
8.41847	-3.8083	189.657	0	
8.96936	-3.4893	190.462	0	
4.04792	-3.22314	195.844	0	
3.89479	-4.65548	197.068	0	
8.48883	-1.57132	189.063	0	
8.69431	-0.276058	184.751	0	
7.94648	-1.06634	188.136	0	
8.4375	-0.130542	182.802	0	
8.125	-0.308184	185.075	0	
8.97946	-0.725951	186.87	0	
9.21515	-0.447114	183.175	0	
7.84232	-0.812463	187.428	0	
8.33117	-0.97585	186.946	0	
8.58601	-1.19523	189.819	0	
4.65414	-0.199652	190.694	0	
8.9055	-1.80795	191.465	0	
2.93667	-2.35578	200.633	0	
3.56217	-3.47901	199.53	0	
5.08165	-4.99709	191.573	0	
7.22728	-4.64366	188.469	0	
2.82332	-6.32027	189.066	0	
4.5861	-4.45039	192.791	0	
14.6875	-0.183316	176.516	0	
13.1261	-0.735515	176.921	0	
13.8542	-1.01391	178.38	0	
14.375	-0.83059	175.509	0	
15.2083	-1.33931	184.062	0	
14.8958	-0.854468	182.191	0	
16.5249	-1.0645	190.443	0	
17.1875	-0.183316	188.199	0	
16.1458	-0.455394	186.458	0	
16.1082	-0.872622	188.681	0	
16.875	-0.83059	189.322	0	
17.7023	-1.79932	195.564	0	
17.2501	-1.06873	194.064	0	
19.0413	-0.91448	187.052	0	
15.7957	-1.32502	187.166	0	
16.8772	-2.26802	194.038	0	
16.0749	-1.75947	191.642	0	
15.9012	-2.36681	191.861	0	
17.3011	-2.51725	196.73	0	
18.1664	-1.49519	192.078	0	
17.4875	-3.0702	196.26	0	
18.5624	-3.68251	195.553	0	
17.6668	-0.876848	189.798	0	
17.2856	-1.56268	192.799	0	
19.2376	-3.65164	195.071	0	
19.6073	-2.08783	193.403	0	
19.6346	-4.22199	193.465	0	
20.2668	-3.0231	193.253	0	
19.2913	-4.98436	194.663	0	
20.7464	-4.88606	192.574	0	
20.3241	-1.29981	191.784	0	
21.4005	-2.71056	192.313	0	
21.4071	-3.45926	191.983	0	
22.8734	-3.43503	194.148	0	
45.4167	-0.301598	212.056	0	
43.6458	-0.517356	224.304	0	
20	-0.36376	192.625	0	
45.8333	-0.301598	225.269	0	
20.6275	-0.368067	194.958	0	
20.3125	-0.183316	195.517	0	
20.9447	-0.920708	193.181	0	
21.9934	-0.882092	188.814	0	
19.0625	-0.180456	182.36	0	
19.375	-0.360901	183.642	0	
19.6848	-1.28335	189.538	0	
20.3125	-0.913707	192.779	0	
20.9993	-1.43663	192.725	0	
21.9934	-0.450576	193.727	0	
18.6458	-0.420092	184.774	0	
19.6875	-0.180445	180.136	0	
18.6246	-0.793227	185.671	0	
19.0399	-1.27398	189.198	0	
20.0035	-1.88463	191.868	0	
22.3059	-0.272934	182.67	0	
21.2525	-0.362392	193.313	0	
18.1664	-1.06667	191.807	0	
18.7807	-1.98073	193.489	0	
19.3709	-1.45954	191.341	0	
18.7173	-2.4712	194.856	0	
20.4801	-2.0266	192.721	0	
20.6938	-1.63672	192.182	0	
18.6232	-1.58124	192.895	0	
19.2989	-1.87127	192.198	0	
22.3253	-1.22012	192.364	0	
23.6458	-1.37921	193.684	0	
21.5671	-0.978483	192.807	0	
22.1369	-1.63654	191.795	0	
23.0402	-1.46336	192.514	0	
22.8462	-1.06814	194.603	0	
23.0351	-0.552469	188.831	0	
24.375	-0.379194	194.757	0	
21.6538	-1.82155	192.34	0	
21.747	-2.33269	191.748	0	
27.5	-0.36376	215.82	0	
28.1275	-0.368067	213.825	0	
27.8125	-0.183316	217.202	0	
28.4447	-0.920708	207.935	0	
29.4535	-0.887752	198.724	0	
26.5625	-0.180456	201.629	0	
26.875	-0.360901	208.759	0	
27.1848	-1.28335	210.426	0	
27.8125	-0.913707	213.112	0	
28.502	-1.41957	205.462	0	
29.4535	-0.456235	198.968	0	
25.625	-0.240517	201.269	0	
27.1875	-0.180445	198.685	0	
26.4957	-1.2956	209.549	0	
26.8099	-1.49081	213.909	0	
27.5035	-1.88463	211.091	0	
29.766	-0.278594	193.796	0	
28.7525	-0.362392	206.01	0	
23.9583	-0.909044	194.768	0	
26.079	-1.60286	211.283	0	
26.558	-0.904829	209.505	0	
26.0588	-2.01013	211.885	0	
27.9827	-2.00954	208.538	0	
28.1965	-1.61967	209.553	0	
26.1413	-0.784456	205.772	0	
25.8288	-1.27216	206.466	0	
26.4514	-2.08993	213.325	0	
26.5119	-2.48451	211.929	0	
25.1356	-2.59869	206.131	0	
27.0479	-2.83324	209.62	0	
27.1017	-4.01577	204.452	0	
27.6748	-2.93467	207.596	0	
24.9603	-4.09024	203.698	0	
26.7068	-3.26943	210.689	0	
26.0465	-2.75042	212.069	0	
26.6765	-3.72549	206.54	0	
26.1415	-3.17237	209.58	0	
25.8288	-3.51605	209.127	0	
25.2334	-3.55184	205.364	0	
25.2869	-4.5526	203.217	0	
29.7846	-1.22717	197.126	0	
30.1827	-0.5122	199.889	0	
29.0671	-0.978483	201.886	0	
29.7015	-1.68993	198.515	0	
30.629	-1.70933	197.639	0	
24.8188	-3.15903	204.715	0	
24.2419	-3.30825	200.05	0	
24.7143	-5.10072	200.814	0	
27.7391	-5.16686	198.114	0	
23.7254	-2.74791	196.561	0	
23.3678	-3.97865	196.178	0	
26.35	-4.96066	202.325	0	
28.4337	-4.76195	195.856	0	
24.2999	-4.26705	200.365	0	
23.8993	-6.95389	197.451	0	
22.1505	-4.59483	192.714	0	
24.0422	-4.89616	198.993	0	
21.5526	-6.00456	193.353	0	
23.2865	-7.16423	196.628	0	
23.3574	-5.16007	196.537	0	
22.8502	-6.38556	195.568	0	
26.2461	-6.0299	199.48	0	
26.9525	-6.67355	197.67	0	
23.9191	-6.21663	197.798	0	
23.2787	-5.84117	196.852	0	
22.9195	-8.15068	197.371	0	
23.8011	-8.94149	200.335	0	
150.625	-0.165467	219.778	0	
150.141	-0.463959	224.148	0	
149.292	-0.1895	222.464	0	
149.793	-1.69557	220.189	0	
147.466	-0.382852	240.518	0	
148.128	-0.368067	236.641	0	
147.812	-0.183316	230.339	0	
148.508	-1.44766	230.69	0	
148.851	-0.785793	226.076	0	
146.494	-0.25226	268.081	0	
146.077	-0.25226	248.359	0	
147.269	-1.47589	241.02	0	
147.807	-0.916578	239.903	0	
149.384	-1.37819	222.659	0	
148.774	-0.374251	231.247	0	
146.508	-1.68983	239.604	0	
148.356	-3.06287	224.491	0	
149.302	-0.899534	227.601	0	
149.642	-0.487991	218.245	0	
146.773	-0.883313	254.475	0	
147.154	-0.199537	262.159	0	
146.773	-0.451797	239.106	0	
146.091	-1.92647	229.053	0	
146.45	-1.16865	237.01	0	
144.888	-2.05291	224.157	0	
147.248	-2.42144	231.762	0	
147.997	-1.71386	236.327	0	
147.878	-2.31748	230.617	0	
146.805	-4.97809	221.256	0	
147.683	-4.92318	221.057	0	
148.898	-2.26829	224.437	0	
148.362	-2.57039	228.768	0	
149.78	-3.4914	214.65	0	
150.232	-2.66533	213.818	0	
147.776	-3.53691	224.642	0	
148.042	-4.20453	220.264	0	
149.124	-4.39842	214.856	0	
150.823	-3.68045	208.974	0	
150.669	-2.37708	209.562	0	
150.209	-1.45893	215.494	0	
147.153	-3.14839	226.901	0	
146.22	-4.30262	223.258	0	
148.551	-5.54099	214.779	0	
149.704	-4.05966	214.303	0	
151.165	-2.6043	206.867	0	
151.872	-1.4589	207.389	0	
151.285	-3.33747	205.074	0	
152.198	-3.44522	201.745	0	
149.299	-5.20556	216.485	0	
150.794	-4.36795	207.003	0	
149.982	-5.21465	209.701	0	
154.322	-5.56457	190.9	0	
150.833	-5.66003	205.518	0	
152.129	-6.83286	200.394	0	
141.667	-0.301598	228.974	0	
140.249	-0.990146	217.578	0	
42.1875	-0.183316	226.49	0	
142.083	-0.301598	223.401	0	
42.6042	-0.484914	226.267	0	
41.1339	-0.922193	225.555	0	
41.875	-0.83059	226.459	0	
42.3958	-0.91643	222.049	0	
40.8214	-1.37459	222.781	0	
41.0975	-1.7422	219.131	0	
41.0383	-2.2423	218.62	0	
42.8464	-1.6433	221.064	0	
40.6264	-2.47803	215.164	0	
41.0295	-3.18513	213.533	0	
41.8725	-2.25942	219.869	0	
42.2855	-2.50081	217.261	0	
40.214	-2.24073	219.368	0	
39.8058	-2.95897	218.46	0	
41.029	-3.66779	215.456	0	
41.8564	-3.71916	216.633	0	
42.2781	-2.99304	219.395	0	
43.1028	-2.95725	221.962	0	
40.4266	-1.36827	222.514	0	
39.3793	-1.77325	222.32	0	
39.381	-3.22972	216.635	0	
40.6244	-3.90827	212.773	0	
40.221	-3.65805	215.808	0	
43.287	-6.09204	208.57	0	
43.1459	-3.89949	217.498	0	
42.6947	-3.21809	217.275	0	
43.5078	-3.17294	220.408	0	
43.9425	-2.49591	222.544	0	
38.979	-1.55083	227.955	0	
38.5391	-2.25837	225.048	0	
38.9557	-2.50687	219.823	0	
38.6877	-3.94738	218.314	0	
39.7894	-3.95876	213.846	0	
38.1901	-4.54941	216.67	0	
43.5306	-3.6456	221.115	0	
44.3389	-3.71177	223.687	0	
44.3765	-2.26788	226.735	0	
44.0506	-1.05211	223.479	0	
38.9759	-1.10994	229.779	0	
38.2828	-1.35302	229.076	0	
37.8912	-2.44493	221.894	0	
38.9489	-3.00847	220.666	0	
40.6114	-4.55094	213.216	0	
40.0432	-4.60577	212.967	0	
42.7151	-3.68768	219.174	0	
43.7727	-4.88872	217.178	0	
44.7564	-3.97136	222.902	0	
45.2229	-2.27736	228.576	0	
44.8062	-2.52586	224.506	0	
45.3478	-1.64666	224.083	0	
39.3333	-0.877752	232.14	0	
38.6097	-0.472831	236.006	0	
42.2984	-3.96086	214.227	0	
43.2315	-5.44244	210.011	0	
43.9708	-6.20023	203.993	0	
43.7012	-4.42934	217.132	0	
44.8025	-4.46295	220.819	0	
45.3296	-4.54237	222.18	0	
45.2456	-3.31547	225.56	0	
45.7506	-3.07561	227.452	0	
39.6918	-1.04307	224.855	0	
39.4735	-0.213041	231.101	0	
42.3016	-4.47839	215.895	0	
41.43	-4.46007	213.66	0	
44.3404	-4.91404	216.327	0	
44.4829	-5.57596	212.63	0	
46.0404	-4.98332	219.007	0	
46.7523	-3.1804	226.367	0	
39.7347	-1.49767	224.638	0	
40.1514	-1.73431	220.506	0	
40.8726	-5.97009	205.404	0	
41.8438	-4.75578	211.242	0	
46.2606	-3.42623	226.215	0	
46.773	-2.57988	225.971	0	
42.7311	-4.69685	212.723	0	
41.1064	-5.42033	210.082	0	
43.9608	-7.72151	186.123	0	
46.896	-6.38009	205.44	0	
46.1491	-5.56994	215.183	0	
46.6893	-5.75385	212.883	0	
45.5883	-5.93534	208.031	0	
45.5436	-6.79226	204.214	0	
47.5283	-6.49407	204.409	0	
48.4502	-4.41273	225.578	0	
46.411	-4.49563	222.507	0	
47.8711	-4.65131	221.688	0	
41.3318	-6.5889	203.799	0	
42.1289	-5.63379	206.998	0	
41.6699	-5.31925	210.775	0	
42.7324	-5.28878	212.981	0	
47.2802	-2.36933	223.568	0	
46.6507	-1.41567	227.411	0	
41.1199	-7.35598	193.246	0	
42.2509	-8.36753	182.048	0	
47.8587	-2.6624	222.745	0	
49.0267	-2.63711	221.182	0	
44.5577	-6.99078	198.908	0	
46.2099	-10.1542	148.528	0	
47.8181	-7.23679	190.822	0	
49.5142	-5.99527	208.432	0	
47.9814	-5.91406	208.365	0	
48.6621	-6.20787	204.869	0	
48.4861	-3.62706	223.875	0	
47.9012	-3.23932	224.451	0	
46.4883	-8.04646	182.299	0	
48.8088	-8.68993	168.189	0	
24.0625	-0.197993	195.56	0	
25.1042	-0.421719	198.539	0	
24.6875	-0.181202	197.646	0	
24.375	-0.810711	195.386	0	
24.8958	-0.853235	199.719	0	
44.6875	-0.183316	228.387	0	
45.1042	-0.484914	236.64	0	
43.6339	-0.922193	227.511	0	
44.375	-0.83059	230.356	0	
44.8958	-0.91643	221.138	0	
43.3214	-1.37459	224.425	0	
44.0168	-1.51066	226.496	0	
46.1458	-0.484914	233.805	0	
46.8775	-0.368067	230.033	0	
46.5625	-0.183316	226.083	0	
47.1947	-0.920708	224.67	0	
48.4353	-0.674876	211.179	0	
45.8283	-1.3364	229.319	0	
46.2341	-1.7172	227.039	0	
47.0771	-1.41835	223.411	0	
48.1502	-0.57368	212.986	0	
48.667	-0.554896	210.75	0	
47.5025	-0.362392	218.942	0	
48.533	-1.22734	212.651	0	
48.6943	-0.276058	209.838	0	
47.9465	-1.06634	215.235	0	
48.4375	-0.130542	211.422	0	
48.125	-0.308184	210.306	0	
48.9795	-0.725951	210.981	0	
49.2151	-0.447114	208.568	0	
47.8423	-0.812463	215.599	0	
48.3312	-0.97585	213.367	0	
48.2031	-1.89593	217.404	0	
49.1853	-1.48674	213.946	0	
48.9668	-1.93288	215.856	0	
48.5501	-1.69624	216.403	0	
51.0106	-1.03587	212.99	0	
50.9375	-0.183316	206.289	0	
49.8839	-0.922193	212.145	0	
50.625	-0.83059	208.987	0	
51.4895	-0.807951	206.21	0	
49.5714	-1.37459	213.004	0	
50.2654	-1.50769	214.327	0	
123.125	-0.240555	200.379	0	
124.375	-0.360901	183.435	0	
124.062	-0.180445	186.724	0	
124.688	-0.902258	183.793	0	
125.633	-0.734678	187.181	0	
120.625	-0.233607	174.264	0	
124.042	-0.914235	185.67	0	
124.688	-1.27911	186.472	0	
125.633	-0.368047	184.223	0	
123.302	-1.06781	185.849	0	
124.36	-1.83986	187.201	0	
124.04	-1.2764	186.76	0	
125.009	-1.88478	188.058	0	
125.945	-0.187647	187.837	0	
125	-0.360855	181.837	0	
122.907	-1.03246	183.799	0	
122.682	-1.37074	184.306	0	
123.613	-1.36986	186.116	0	
123.625	-1.7112	186.005	0	
125.569	-2.62471	193.3	0	
125.375	-2.12843	189.882	0	
125.949	-0.928997	186.502	0	
126.951	-0.878018	188.712	0	
122.276	-1.3479	181.005	0	
124.039	-1.99678	185.972	0	
123.623	-2.68138	187.221	0	
126.232	-2.32426	194.727	0	
126.088	-1.37309	189.207	0	
125.786	-1.56932	187.873	0	
126.951	-0.446502	190.028	0	
125	-0.721768	185.987	0	
125.313	-0.907943	184.111	0	
121.562	-0.215758	171.113	0	
122.605	-0.747092	183.612	0	
122.033	-1.68444	183.557	0	
122.259	-2.07434	183.257	0	
123.35	-2.39357	187.217	0	
123.999	-2.41015	188.465	0	
125.153	-4.22272	200.622	0	
125.167	-2.91972	193.183	0	
126.085	-2.75975	194.619	0	
126.704	-2.21358	194.667	0	
127.264	-0.27425	189.862	0	
126.258	-0.3599	186.103	0	
122.709	-2.0684	185.669	0	
122.741	-2.90411	188.84	0	
123.618	-3.15748	191.302	0	
124.284	-2.79189	188.872	0	
121.131	-0.973484	175.648	0	
121.875	-0.384747	176.032	0	
121.875	-0.816264	174.632	0	
121.618	-1.62973	180.345	0	
121.391	-2.02292	183.805	0	
122.299	-2.80959	186.174	0	
122.96	-2.50075	185.347	0	
126.408	-3.13339	200.346	0	
127.034	-2.54732	200.723	0	
127.565	-2.32392	198.394	0	
127.269	-1.19988	195.798	0	
127.197	-1.61592	192.811	0	
127.681	-0.507856	198.678	0	
126.566	-0.978487	189.759	0	
122.884	-3.49388	191.253	0	
124.085	-3.70816	195.656	0	
118.126	-0.735515	176.452	0	
121.008	-2.01698	182.141	0	
121.548	-1.17139	179.965	0	
120.819	-1.42588	180.443	0	
120.707	-2.48291	184.997	0	
120.891	-2.97869	187.212	0	
121.841	-3.15212	190.317	0	
122.512	-4.03497	195.564	0	
126.215	-3.69408	201.412	0	
127.304	-3.46935	206.317	0	
127.614	-1.85256	201.844	0	
128.089	-1.58113	194.674	0	
123.552	-4.02336	196.718	0	
123.298	-3.61269	192.931	0	
119.891	-1.84103	180.669	0	
119.784	-2.76993	184.671	0	
120.868	-3.98045	194.589	0	
121.912	-3.78773	191.271	0	
125.49	-3.61546	198.644	0	
124.491	-4.19233	199.881	0	
121.526	-4.9794	201.214	0	
124.355	-5.82539	209.451	0	
118.706	-1.48176	176.819	0	
119.222	-2.4635	182.12	0	
117.824	-1.29981	175.277	0	
118.81	-2.78938	184.063	0	
118.397	-3.93315	190.382	0	
119.989	-3.35784	188.816	0	
119.199	-5.09406	201.491	0	
119.559	-3.81086	192.326	0	
119.778	-4.58741	197.217	0	
120.84	-5.24221	203.882	0	
119.12	-5.94073	212.305	0	
120.5	-6.15695	212.901	0	
121.113	-6.85097	217.721	0	
122.218	-5.45056	208.678	0	
124.035	-5.05474	204.48	0	
123.93	-6.64199	217.757	0	
67.8125	-0.215758	247.649	0	
68.5047	-0.910268	240.48	0	
68.8172	-1.39816	231.852	0	
69.8169	-0.848799	233.956	0	
67.6042	-1.01391	232.734	0	
68.125	-0.396018	242.155	0	
68.125	-0.827535	240.167	0	
91.6667	-0.239636	190.522	0	
93.1275	-0.368067	168.182	0	
92.8125	-0.183316	169.176	0	
93.4447	-0.920708	175.023	0	
94.4518	-0.887995	179.87	0	
91.0261	-1.34021	186.877	0	
92.7902	-0.926407	178.12	0	
93.4408	-1.39588	176.991	0	
94.4518	-0.456479	181.056	0	
92.0467	-1.06999	182.021	0	
93.1209	-1.59532	180.022	0	
92.7874	-1.31186	178.586	0	
93.7674	-2.39644	182.997	0	
94.7643	-0.278838	183.711	0	
93.7525	-0.362392	172.124	0	
91.6513	-1.0268	185.908	0	
91.4284	-1.36259	184.447	0	
92.3564	-1.39912	183.047	0	
93.2531	-2.45624	186.39	0	
91.3542	-0.405937	183.321	0	
90.249	-0.990146	189.402	0	
90.789	-1.68103	186.036	0	
91.0126	-2.06752	186.431	0	
92.5073	-2.06298	183.678	0	
91.7378	-2.42555	185.402	0	
90.0407	-0.558629	196.908	0	
90.3125	-0.202357	181.206	0	
94.783	-1.22734	185.715	0	
95.181	-0.580436	196.045	0	
94.0671	-0.978483	178.855	0	
90.3234	-1.46188	191.94	0	
89.8926	-2.32327	192.858	0	
91.0607	-2.82935	187.049	0	
91.5332	-2.85209	184.334	0	
92.5686	-3.87259	190.297	0	
93.0784	-3.95338	189.646	0	
90.9364	-0.931081	184.926	0	
90.9375	-0.166301	185.037	0	
90.625	-0.368657	183.482	0	
94.0647	-1.8577	184.179	0	
95.4353	-1.48674	185.412	0	
90.7811	-3.34632	187.296	0	
91.0077	-3.81039	187.907	0	
92.2685	-3.25494	185.485	0	
92.5468	-2.86492	186.422	0	
91.5248	-3.69151	186.977	0	
91.9414	-4.99622	191.444	0	
93.82	-3.38352	188.911	0	
95.0222	-1.9514	188.238	0	
90.8344	-4.80916	188.527	0	
91.801	-4.10081	189.457	0	
93.5722	-5.01956	195.999	0	
93.442	-4.4348	194.117	0	
89.8942	-4.7859	190.651	0	
92.0833	-0.239636	197.403	0	
91.7862	-5.5558	191.546	0	
91.0491	-4.37866	189.499	0	
91.5935	-4.54768	189.033	0	
94.0595	-6.70581	198.306	0	
96.3463	-3.35566	201.904	0	
94.3694	-5.14975	198.158	0	
94.8604	-2.98784	192.959	0	
90.9699	-6.17479	190.934	0	
91.2235	-5.53777	192.091	0	
97.4852	-3.9137	204.566	0	
94.5397	-4.38449	197.641	0	
92.1497	-6.86814	193.681	0	
92.4605	-4.8903	192.153	0	
92.3266	-6.18994	195.226	0	
93.0733	-5.26796	194.944	0	
91.3558	-6.87104	194.945	0	
94.8353	-6.09596	203.816	0	
70.9375	-0.183316	247.479	0	
71.255	-0.72475	242.482	0	
69.3632	-0.931533	227.363	0	
70.625	-0.83059	237.521	0	
71.5675	-0.908065	225.622	0	
71.8826	-0.73471	250.068	0	
71.565	-0.18188	250.938	0	
70.94	-0.974386	224.212	0	
70.6324	-1.66592	217.01	0	
72.2506	-1.45813	238.612	0	
72.267	-0.96737	229.4	0	
71.0773	-2.40383	211.282	0	
71.8826	-0.368079	228.903	0	
72.6673	-1.75966	225.157	0	
73.5466	-1.64878	232.045	0	
72.8125	-0.174904	255.429	0	
73.2782	-0.712979	258.759	0	
72.5051	-0.361103	235.93	0	
73.1303	-1.44843	248.143	0	
74.375	-0.721791	251.82	0	
69.4498	-0.197491	225.27	0	
69.2884	-1.4022	235.525	0	
73.7173	-2.30085	230.432	0	
74.5451	-1.93009	231.631	0	
69.667	-1.70486	221.806	0	
70.1587	-1.08282	218.548	0	
69.9976	-2.06964	220.231	0	
70.6008	-2.03473	221.362	0	
71.6184	-2.28046	223.55	0	
72.1375	-2.71556	211.574	0	
76.5625	-0.215758	252.536	0	
77.1875	-0.183316	251.803	0	
76.1031	-1.1471	239.587	0	
76.875	-0.83059	248.051	0	
77.3958	-0.848439	238.765	0	
75	-0.36376	227.781	0	
75.6261	-0.368884	237.796	0	
75.3125	-0.183316	244.981	0	
76.2511	-0.401327	246.994	0	
75.9386	-0.185568	246.695	0	
74.0625	-0.180456	257.12	0	
74.375	-0.360901	246.792	0	
74.6848	-1.28335	238.805	0	
75.3125	-0.913707	231.611	0	
73.7639	-0.352798	259.373	0	
74.6875	-0.180445	249.747	0	
73.9934	-0.907079	246.764	0	
74.3421	-1.53447	234.688	0	
75.0035	-1.88463	230.64	0	
75.5716	-2.62222	222.699	0	
73.4515	-0.172342	259.171	0	
72.5795	-0.775643	254.904	0	
75.3748	-2.12441	225.246	0	
73.139	-0.347246	257.636	0	
76.1011	-2.75628	222.371	0	
75.698	-1.50076	230.894	0	
76.1624	-2.25376	226.129	0	
76.5197	-1.21198	236.811	0	
76.4224	-3.13705	220.281	0	
77.0362	-2.54969	226.995	0	
76.1704	-3.74045	213.287	0	
77.3048	-3.47399	218.551	0	
77.5538	-2.32728	230.902	0	
77.3895	-1.79332	232.609	0	
102.5	-0.36376	168.959	0	
103.126	-0.368884	158.778	0	
102.812	-0.183316	155.464	0	
103.751	-0.401327	149.003	0	
103.439	-0.185568	156.252	0	
101.562	-0.180456	166.002	0	
101.875	-0.360901	169.502	0	
102.185	-1.28335	166.627	0	
102.812	-0.913707	165.389	0	
101.217	-0.380108	168.329	0	
102.188	-0.180445	166.246	0	
101.214	-0.742721	167.835	0	
101.559	-0.903958	170.145	0	
102.503	-1.88463	167.093	0	
100.24	-0.250798	167.836	0	
100.519	-0.450451	170.939	0	
100.93	-2.06779	177.486	0	
102.153	-2.06434	173.1	0	
103.072	-2.62222	170.863	0	
103.198	-1.50076	165.136	0	
100.901	-0.993781	171.336	0	
101.486	-1.30046	169.748	0	
101.425	-2.11605	176.959	0	
101.714	-3.26944	181.518	0	
103.736	-2.70836	168.752	0	
104.158	-1.83887	164.517	0	
100.76	-1.70934	176.72	0	
102.055	-2.83371	176.138	0	
102.107	-4.0201	185.084	0	
102.676	-2.9351	177.357	0	
103.797	-2.20583	169.15	0	
104.02	-1.21198	163.075	0	
100.279	-1.62349	175.935	0	
99.8152	-2.32299	184.52	0	
101.137	-2.71528	180.744	0	
101.677	-3.72546	184.009	0	
101.245	-3.11756	183.789	0	
100.865	-3.46142	186.652	0	
100.298	-3.22314	187.895	0	
100.145	-4.65548	197.782	0	
99.375	-0.153628	164.036	0	
100.904	-0.199652	166.492	0	
99.8622	-1.86013	181.817	0	
98.4426	-0.186199	158.155	0	
99.4667	-1.57015	177.671	0	
100.207	-1.17342	174.986	0	
99.5317	-0.815319	170.137	0	
98.8592	-0.339827	166.4	0	
98.5949	-1.39426	173.278	0	
97.7457	-1.34968	176.745	0	
99.2661	-3.09496	192.181	0	
98.9027	-2.21053	186.631	0	
99.8122	-3.47901	194.497	0	
96.5771	-1.61636	184.942	0	
97.9687	-2.21048	185.972	0	
98.3666	-2.51263	193.145	0	
98.6021	-3.11125	195.602	0	
95.2557	-2.53961	193.536	0	
97.3379	-2.37376	195.088	0	
101.332	-4.99709	192.686	0	
103.501	-4.78879	183.482	0	
99.0733	-6.32027	200.735	0	
100.836	-4.45039	192.012	0	
95.1765	-3.90881	199.628	0	
96.433	-5.03831	206.724	0	
97.1875	-0.183316	180.357	0	
97.505	-0.72475	171.768	0	
96.1339	-0.922193	178.329	0	
96.875	-0.83059	178.089	0	
97.8175	-0.908065	177.594	0	
98.1326	-0.73471	162.78	0	
97.815	-0.18188	157.215	0	
97.19	-0.974386	180.106	0	
97.3291	-1.41456	183.53	0	
98.5677	-0.963722	173.316	0	
98.9843	-0.750719	162.996	0	
95.8214	-1.37459	182.824	0	
98.1326	-0.368079	168.197	0	
96.1605	-1.853	188.63	0	
107.188	-0.183316	162.508	0	
106.146	-0.517356	165.332	0	
106.134	-0.922193	162.601	0	
106.875	-0.83059	162.134	0	
107.703	-1.7956	180.232	0	
107.252	-1.06873	174.705	0	
108.615	-1.69354	178.846	0	
105.821	-1.37459	166.26	0	
106.098	-1.7422	172.351	0	
106.038	-2.24914	173.132	0	
108.167	-1.49851	168.608	0	
105.326	-2.05522	169.143	0	
106.188	-3.94873	190.401	0	
106.873	-2.25942	175.742	0	
107.295	-2.50633	185.324	0	
104.806	-2.86267	172.585	0	
105.186	-3.13063	179.199	0	
106.451	-3.00467	180.132	0	
106.03	-3.19861	183.385	0	
107.669	-0.876848	160.649	0	
107.286	-1.55896	169.304	0	
106.889	-3.28676	189.006	0	
108.22	-3.06116	187.456	0	
104.203	-3.03046	177.109	0	
103.457	-4.0344	183.095	0	
105.781	-3.6161	182.183	0	
105.632	-2.92182	177.347	0	
107.777	-3.32607	192.643	0	
107.316	-3.02665	183.953	0	
108.89	-3.1153	192.948	0	
109.04	-0.926407	166.54	0	
104.723	-3.93014	182.792	0	
104.106	-3.66809	176.687	0	
107.26	-4.70106	193.453	0	
108.288	-4.84576	197.33	0	
109.149	-2.54814	186.422	0	
110.281	-1.24861	171.544	0	
106.617	-4.99039	195.008	0	
108.272	-7.11995	212.216	0	
109.099	-5.25772	210.384	0	
109.894	-4.82815	200.318	0	
109.558	-2.22052	179.089	0	
111.114	-1.88821	173.677	0	
110.161	-2.36013	186.199	0	
110.999	-4.74824	205.786	0	
105.979	-4.53152	188.737	0	
104.724	-4.62501	184.514	0	
106.725	-6.39655	201.503	0	
104.865	-7.38821	197.36	0	
111.479	-2.52655	184.017	0	
110.416	-3.1765	191.992	0	
113.125	-0.399074	161.547	0	
113.755	-0.72475	160.524	0	
112.355	-0.86823	158.851	0	
113.125	-0.83059	161.117	0	
114.067	-0.908065	163.83	0	
114.383	-0.73471	161.033	0	
114.065	-0.18188	158.732	0	
113.44	-0.974386	163.324	0	
113.536	-1.46363	165.778	0	
114.259	-1.77285	172.139	0	
114.767	-0.96737	170.684	0	
112.738	-1.52523	166.814	0	
114.383	-0.368079	162.683	0	
114.139	-2.37648	174.251	0	
116.047	-1.64878	177.388	0	
115.312	-0.174904	168.348	0	
115.778	-0.712979	168.013	0	
115.005	-0.361103	173.957	0	
115.63	-1.44843	170.738	0	
116.875	-0.721791	166.58	0	
109.376	-0.735515	157.815	0	
112.772	-1.06614	164.006	0	
116.12	-2.30124	175.651	0	
117.045	-1.93009	175.145	0	
112.042	-1.32063	166.062	0	
112.322	-1.76187	167.954	0	
111.957	-2.62797	181.229	0	
112.289	-2.23297	177.571	0	
112.146	-3.69761	191.983	0	
113.63	-2.57173	178.835	0	
112.696	-4.11867	199.236	0	
113.139	-3.87022	190.951	0	
112.713	-2.49372	178.785	0	
112.666	-2.99773	183.125	0	
115.749	-3.24706	184.471	0	
115.175	-1.81635	176.005	0	
115.206	-2.37145	175.27	0	
112.083	-0.233607	149.485	0	
116.823	-3.86292	190.46	0	
112.693	-5.03555	205.875	0	
113.753	-4.07724	192.896	0	
114.67	-2.67356	182.434	0	
113.969	-3.55659	188.671	0	
113.065	-3.30822	188.152	0	
114.036	-4.62571	201.736	0	
114.583	-3.32579	183.286	0	
115.191	-4.30006	193.728	0	
114.743	-4.78976	200.748	0	
115.133	-3.61475	189.769	0	
114.984	-5.42342	205.67	0	
115.726	-5.47846	206.27	0	
110.938	-0.183316	158.916	0	
111.354	-0.416922	163.285	0	
109.864	-1.18372	166.441	0	
110.625	-0.83059	163.839	0	
111.146	-0.848439	162.614	0	
119.062	-0.215758	176.215	0	
119.688	-0.183316	175.933	0	
118.854	-1.01391	175.979	0	
119.375	-0.83059	176.684	0	
119.896	-0.848439	177.196	0	
140.312	-0.202357	228.323	0	
141.354	-0.483209	224.531	0	
140.938	-0.181611	228.002	0	
140.625	-0.815484	225.542	0	
141.146	-0.914725	223.682	0	
117.5	-0.36376	174.417	0	
118.126	-0.368884	176.36	0	
117.812	-0.183316	179.816	0	
118.751	-0.401327	175.762	0	
118.439	-0.185568	177.352	0	
116.562	-0.180456	163.842	0	
116.875	-0.360901	169.261	0	
117.185	-1.28335	172.738	0	
117.812	-0.913707	174.723	0	
116.264	-0.352798	168.551	0	
117.188	-0.180445	161.989	0	
116.493	-0.907079	172.051	0	
116.842	-1.53447	175.553	0	
117.503	-1.88463	176.136	0	
117.983	-2.00954	178.079	0	
115.951	-0.172342	166.972	0	
115.08	-0.775643	165.821	0	
118.196	-1.61967	176.262	0	
115.639	-0.347246	171.285	0	
143.44	-0.184751	229.182	0	
144.792	-0.898582	231.901	0	
152.5	-0.36376	209.255	0	
153.128	-0.368067	212.816	0	
152.812	-0.183316	208.298	0	
153.445	-0.920708	210.285	0	
153.826	-0.736598	207.64	0	
151.562	-0.180456	214.326	0	
151.875	-0.360901	211.941	0	
152.185	-1.28335	208.171	0	
152.812	-0.913707	210.107	0	
152.81	-1.27666	207.532	0	
154.136	-0.983364	206.692	0	
151.146	-0.345923	216.626	0	
152.188	-0.180445	214.355	0	
150.828	-0.961021	214.243	0	
151.557	-1.26423	208.89	0	
152.907	-1.97917	203.818	0	
153.118	-2.50014	203.902	0	
153.854	-2.10871	201.686	0	
154.562	-0.886972	197.148	0	
154.34	-0.182522	207.761	0	
150.988	-1.48423	210.71	0	
151.557	-0.905384	211.803	0	
151.858	-1.84119	206.582	0	
151.543	-2.388	206.28	0	
152.489	-1.86147	206.733	0	
153.121	-1.5893	207.294	0	
153.693	-2.61432	197.467	0	
154.237	-2.09548	194.953	0	
151.3	-1.59202	208.754	0	
151.5	-1.97117	206.057	0	
154.605	-3.0466	189.904	0	
154.292	-1.6563	199.612	0	
154.626	-2.439	190.042	0	
154.811	-1.1993	194.99	0	
154.656	-1.58953	190.31	0	
155.284	-1.16284	178.253	0	
154.054	-3.20869	193.517	0	
156.2	-2.30757	170.636	0	
155.073	-1.82617	185.51	0	
155.478	-1.55806	177.138	0	
155.997	-1.65431	171.3	0	
155.696	-0.667983	160.694	0	
155.707	-2.62162	176.862	0	
156.764	-2.49245	167.403	0	
153.732	-3.93988	195.606	0	
155.838	-4.28642	180.324	0	
156.748	-3.67163	172.52	0	
156.344	-1.26621	161.591	0	
155.052	-3.41859	183.468	0	
157.033	-3.11988	168.506	0	
156.912	-1.36764	161.078	0	
158.995	-2.44071	161.038	0	
157.223	-0.776533	154.62	0	
157.716	-4.20111	171.641	0	
158.219	-3.68922	167.474	0	
157.761	-2.08411	161.151	0	
157.864	-3.14423	166.066	0	
156.139	-3.69577	177.718	0	
156.009	-5.03297	181.538	0	
158.13	-4.90779	174.032	0	
158.934	-3.84537	171.086	0	
155.682	-3.19614	179.484	0	
154.816	-6.6356	189.679	0	
155.451	-6.3263	187.355	0	
157.34	-6.3928	179.505	0	
157.356	-5.49899	179.009	0	
159.353	-6.18507	178.134	0	
159.515	-3.45978	165.874	0	
158.226	-2.66029	162.851	0	
155.189	-4.15241	183.169	0	
154.918	-5.25569	187.413	0	
160.162	-3.76733	172.294	0	
160.85	-2.54562	169.568	0	
142.396	-0.484914	222.617	0	
143.128	-0.368067	225.946	0	
142.812	-0.183316	227.366	0	
143.445	-0.920708	222.339	0	
143.857	-0.350218	222.559	0	
142.078	-1.3364	221.598	0	
142.388	-1.69266	217.612	0	
143.248	-1.70415	218.287	0	
144.171	-0.966309	218.085	0	
142.349	-2.25666	216.697	0	
143.367	-2.30778	216.931	0	
143.987	-2.60316	217.807	0	
143.984	-1.4805	222.304	0	
141.332	-2.51438	214.594	0	
142.41	-3.31342	213.455	0	
143.484	-3.54071	216.044	0	
145.287	-2.82654	220.291	0	
140.704	-3.3993	213.169	0	
141.957	-3.0763	214.277	0	
142.009	-4.30729	212.93	0	
143.213	-4.2135	214.747	0	
140.946	-3.9308	212.223	0	
141.511	-3.29333	212.746	0	
140.742	-4.60301	214.977	0	
141.918	-5.0926	217.02	0	
144.657	-4.97821	218.898	0	
144.087	-3.32727	216.809	0	
139.813	-4.79456	211.895	0	
139.259	-5.70669	214.997	0	
141.167	-5.26945	212.747	0	
143.571	-4.92846	218.671	0	
66.1458	-0.484914	229.397	0	
66.8761	-0.368884	231.72	0	
66.5625	-0.183316	226.41	0	
67.5011	-0.401327	226.947	0	
67.1886	-0.185568	228.957	0	
65.8283	-1.3364	225.85	0	
66.2225	-2.0155	230.219	0	
66.8061	-1.99457	232.007	0	
66.5549	-1.29593	228.451	0	
12.5036	-0.361702	179.823	0	
13.1261	-0.368884	177.779	0	
12.8125	-0.183316	177.337	0	
13.7511	-0.401327	175.718	0	
13.4386	-0.185568	175.605	0	
11.5765	-0.230585	172.763	0	
12.0077	-0.797547	176.374	0	
108.646	-0.422952	160.965	0	
12.1911	-0.178386	174.446	0	
109.376	-0.368884	161.932	0	
109.062	-0.183316	154.959	0	
110.001	-0.401327	161.092	0	
109.689	-0.185568	158.436	0	
108.167	-1.06999	172.047	0	
109.031	-1.39202	166.765	0	
-44.1744	-9.77182	334.804	0	
-45.5502	-9.16778	321.704	0	
-42.7034	-8.37576	307.693	0	
-42.1788	-9.29383	315.881	0	
-110.214	-3.86716	180.751	0	
-110.026	-5.21146	203.81	0	
-109.824	-4.4957	200.091	0	
-109.177	-5.71503	227.138	0	
-56.3598	-10.2659	329.255	0	
-57.3145	-10.6065	338.498	0	
-72.7544	-5.41065	234.552	0	
-70.99	-6.6615	271.409	0	
-72.2104	-8.19976	304.944	0	
-68.7502	-6.49468	260.076	0	
-135.338	-9.04673	398.094	0	
-131.523	-6.84769	266.917	0	
33.7879	-6.28131	199.619	0	
35.2818	-5.12274	209.804	0	
36.6803	-5.03388	216.544	0	
37.1101	-3.62437	221.544	0	
133.67	-3.90691	201.076	0	
134.015	-4.53418	202.445	0	
132.69	-4.05427	200.16	0	
131.981	-4.8142	205.585	0	
134.991	-6.1021	208.682	0	
134.78	-4.40149	203.137	0	
-112.46	-6.28213	248.405	0	
-110.894	-5.34834	218.64	0	
-119.954	-7.15888	321.283	0	
-116.564	-6.46504	273.124	0	
-125.011	-4.78041	236.45	0	
-122.336	-5.72892	261.68	0	
-122.158	-7.40837	360.565	0	
-119.92	-7.92519	369.018	0	
-128.431	-4.78153	221.303	0	
-130	-4.76575	226.147	0	
-123.362	-9.20027	426.854	0	
-124.019	-6.40263	300.794	0	
-79.3232	-4.9303	224.436	0	
-80.3216	-5.39401	244.548	0	
-77.7093	-7.70871	305.407	0	
-76.3019	-6.43149	275.073	0	
-93.174	-6.2818	267.582	0	
-91.6476	-4.5183	213.447	0	
-92.1518	-5.0335	228.674	0	
-90.3964	-4.6351	207.701	0	
-14.9603	-6.28213	199.33	0	
-13.394	-5.34834	189.999	0	
-11.7434	-7.04782	182.708	0	
-8.49456	-6.60043	176.621	0	
-20.8626	-3.24661	207.075	0	
-21.6476	-4.6463	213.316	0	
-28.4713	-4.67477	235.423	0	
-25.7086	-5.14397	225.043	0	
-29.0843	-5.28416	251.222	0	
-30.0432	-3.85321	227.806	0	
-32.6943	-5.5105	270.329	0	
-31.54	-6.21874	287.004	0	
-31.551	-7.01722	314.76	0	
-30.2646	-7.5499	326.915	0	
83.6705	-3.90691	183.479	0	
84.0152	-4.53418	184.073	0	
82.6897	-4.05427	188.859	0	
81.9814	-4.8142	186.407	0	
84.9905	-6.1021	186.894	0	
84.7798	-4.40149	183.071	0	
62.4254	-6.99061	226.675	0	
65.1167	-8.92211	193.712	0	
66.9224	-7.08146	223.169	0	
70.7282	-7.70618	197.901	0	
70.9433	-8.46636	194.925	0	
74.0213	-7.73537	193.556	0	
73.6994	-7.08205	196.521	0	
75.0936	-7.76929	196.009	0	
77.0904	-9.23633	197.79	0	
76.5855	-6.81001	200.581	0	
51.777	-6.38391	196.333	0	
52.2585	-8.02952	172.442	0	
55.1572	-8.78702	156.756	0	
53.5605	-10.5205	123.962	0	
2.6437	-4.31527	200.971	0	
2.41523	-5.03199	196.102	0	
6.45305	-7.89654	182.361	0	
6.49729	-5.1649	189.132	0	
5.14168	-5.89474	189.036	0	
6.12983	-5.99752	186.909	0	
18.297	-4.94115	194.344	0	
20.3678	-5.41871	193.745	0	
21.5712	-5.10148	193.867	0	
22.0242	-3.72131	193.408	0	
21.9966	-7.90827	194.671	0	
21.9784	-11.0844	202.947	0	
40.2034	-6.0188	209.104	0	
39.7541	-5.2539	211.196	0	
39.8627	-6.71993	201.082	0	
40.1583	-9.11974	187.938	0	
42.7325	-9.3568	170.8	0	
44.5703	-8.71018	179.063	0	
117.887	-3.24661	185.997	0	
116.169	-4.88077	198.984	0	
122.784	-8.19622	223.973	0	
126.197	-6.43041	216.201	0	
89.8812	-7.5886	194.578	0	
91.2459	-8.54759	197.251	0	
98.8937	-4.31527	201.607	0	
98.6652	-5.03199	201.353	0	
103.216	-7.02962	192.908	0	
102.747	-5.1649	189.452	0	
101.392	-5.89474	193.828	0	
102.147	-6.3595	193.765	0	
104.141	-5.86769	189.545	0	
105.343	-5.78542	191.682	0	
103.532	-6.23584	192.964	0	
103.499	-7.66854	195.552	0	
111.078	-3.27609	192.367	0	
109.745	-3.91677	202.444	0	
111.63	-5.42629	211.517	0	
110.115	-7.38293	219.177	0	
113.59	-6.01293	212.868	0	
114.685	-6.77851	215.851	0	
113.23	-6.9814	216.076	0	
114.054	-7.47636	222.111	0	
114.33	-8.85145	221.003	0	
116.283	-7.96589	223.424	0	
116.752	-6.08102	212.731	0	
116.919	-4.64869	198.415	0	
116.9	-6.76061	216.09	0	
119.641	-6.50679	213.486	0	
152.715	-4.09097	199.705	0	
152.942	-6.19453	197.341	0	
159.423	-1.29181	158.575	0	
158.351	-0.375766	154.988	0	
160.25	-2.1902	163.202	0	
159.697	-0.282595	159.939	0	
161.755	-2.12658	172.051	0	
160.446	-0.826913	157.002	0	
155.476	-5.60466	185.332	0	
154.802	-4.54999	187.956	0	
159.435	-5.14936	176.744	0	
160.862	-5.01816	179.637	0	
37.1785	-5.80897	210.892	0	
38.2706	-6.01433	211.518	0	
134.457	-7.1187	213.495	0	
137.775	-6.57461	213.707	0	
-118.647	-8.65774	420.748	0	
-117.822	-8.39878	354.691	0	
-117.865	-6.19862	268.816	0	
-118.273	-6.92324	287.488	0	
-122.135	-4.07921	203.277	0	
-123.07	-5.55936	241.278	0	
-91.814	-5.96621	252.879	0	
-90.9464	-4.91807	226.65	0	
-94.1059	-6.70563	271.963	0	
-90.0327	-8.81762	353.034	0	
-89.4708	-5.02876	216.062	0	
-89.2191	-3.61006	192.111	0	
-22.4664	-4.99113	218.421	0	
-21.6291	-6.14699	236.988	0	
-29.8541	-6.61776	301.143	0	
-27.0886	-5.53211	247.828	0	
-33.4841	-5.68604	261.413	0	
-33.7411	-7.14124	306.034	0	
-32.4803	-8.01776	329.998	0	
-31.5229	-9.38983	381.561	0	
84.4567	-7.1187	186.232	0	
87.7747	-6.57461	186.657	0	
68.186	-8.86359	180.029	0	
71.5261	-10.2133	175.686	0	
57.8054	-11.4617	108.693	0	
56.6618	-9.73917	145.424	0	
2.10194	-3.65859	201.305	0	
0.592339	-3.56908	202.464	0	
1.60746	-6.3768	189.362	0	
2.98762	-5.5815	195.957	0	
19.1719	-6.44363	193.654	0	
22.074	-6.57063	194.885	0	
19.9133	-6.83435	193.914	0	
20.6827	-8.00616	195.045	0	
88.6327	-11.213	203.604	0	
92.1923	-8.31634	194.654	0	
96.9329	-8.34742	199.401	0	
92.6291	-7.61484	197.383	0	
98.3519	-3.65859	200.983	0	
97.0165	-3.22072	198.597	0	
97.8575	-6.3768	202.354	0	
99.2376	-5.5815	203.183	0	
102.788	-5.86162	190.162	0	
102.38	-7.11851	194.52	0	
104.194	-9.07881	194.418	0	
104.987	-9.89475	199.435	0	
116.076	-7.24281	219.6	0	
118.005	-7.52559	219.648	0	
117.76	-6.88177	218.849	0	
117.352	-8.1275	225.42	0	
161.758	-3.86811	176.078	0	
163.587	-0.593391	179.659	0	
154.048	-7.92572	193.217	0	
158.413	-6.81396	183.365	0	
154.048	-4.51291	191.59	0	
153.781	-5.18999	193.025	0	
153.026	-5.5403	197.745	0	
154.246	-6.22286	191.688	0	
151.055	-6.59923	207.482	0	
153.505	-7.45724	196.979	0	
150.076	-7.31154	207.476	0	
156.993	-10.048	190.722	0	
150.484	-9.01363	205.203	0	
154.734	-7.38374	192.009	0	
160.591	-6.45801	184.557	0	
161.36	-5.8361	179.66	0	
163.471	-5.80599	192.873	0	
164.519	-4.59968	193.167	0	
136.187	-5.94884	209.802	0	
136.695	-5.11878	206.836	0	
-120.149	-9.89869	459.604	0	
-113.338	-6.95859	283.025	0	
-22.2091	-7.33275	268.185	0	
-19.0398	-6.44317	228.242	0	
-35.5227	-5.98843	262.8	0	
-32.3129	-7.3112	320.117	0	
-26.9061	-8.58726	337.648	0	
-28.9273	-6.81015	290.659	0	
86.1874	-5.94884	184.19	0	
86.6952	-5.11878	186.837	0	
-0.285069	-5.83833	189.473	0	
2.2502	-7.8091	183.921	0	
95.9674	-6.09492	202.17	0	
102.124	-8.52375	195.525	0	
101.783	-7.78838	195.605	0	
103.004	-8.49279	194.285	0	
117.754	-9.22861	225.908	0	
119.001	-9.58237	232.153	0	
155.402	-7.90865	190.51	0	
157.305	-8.58414	189.777	0	
154.265	-9.07558	195.562	0	
156.31	-7.6624	186.723	0	
-117.807	-7.50465	342.84	0	
-116.662	-8.8572	409.587	0	
-21.2038	-8.60257	300.242	0	
-20.3851	-8.30712	264.86	0	
-20.32	-6.21863	233.723	0	
-20.736	-7.3784	263.911	0	
-33.4374	-6.48304	295.796	0	
-33.1057	-8.10332	342.944	0	
1.90465	-8.69961	178.302	0	
3.40185	-6.85111	188.49	0	
98.1546	-8.69961	199.1	0	
99.6506	-6.85007	201.287	0	
98.5002	-7.8091	201.157	0	
100.02	-9.32057	193.741	0	
103.44	-9.18702	195.054	0	
104.268	-7.99979	195.474	0	
151.878	-9.21334	201.088	0	
153.055	-10.0756	196.733	0	
155.196	-8.99646	191.569	0	
155.792	-10.214	194.224	0	
-116.288	-9.88984	454.167	0	
-113.469	-8.1057	332.447	0	
-23.0914	-6.16493	245.099	0	
-24.5254	-8.64189	318.781	0	
-22.4989	-9.70667	333.74	0	
-15.8375	-6.95859	215.864	0	
-33.5686	-9.07013	359.629	0	
-32.7032	-9.93653	410.923	0	
3.16845	-9.9454	177.207	0	
4.8512	-7.59169	183.8	0	
3.11634	-7.70789	184.334	0	
4.33851	-10.0009	178.963	0	
98.9478	-9.72332	200.252	0	
100.092	-8.19462	199.834	0	
99.3651	-7.70684	199.475	0	
101.005	-7.63485	197.607	0	
101.988	-9.6876	192.153	0	
103.47	-11.1159	195.248	0	
-24.0635	-6.16614	242.928	0	
-23.7003	-8.28393	289.791	0	
-24.358	-10.3963	382.42	0	
-22.9886	-8.61948	307.24	0	
-20.1483	-7.04237	243.134	0	
-19.2607	-8.73004	278.127	0	
-31.763	-8.43787	356.005	0	
-31.1818	-7.63011	329.757	0	
-24.3331	-7.01799	266.032	0	
-25.9848	-6.8252	271.323	0	
-18.9323	-9.8008	288.281	0	
-17.5917	-9.93766	275.835	0	
-51.6347	-8.74736	316.617	0	
-51.1633	-9.86103	325.218	0	
-48.2073	-7.5817	299.31	0	
-47.962	-8.49757	307.126	0	
-64.2806	-8.31036	311.105	0	
-65.1102	-9.48302	324.619	0	
-161.566	-4.4941	280.66	0	
-161.252	-6.26268	301.259	0	
-142.824	-9.2836	387.651	0	
-140.938	-8.63033	357.421	0	
-134.216	-6.57687	286.97	0	
-132.077	-5.37721	226.041	0	
-137.6	-12.714	576.121	0	
-134.962	-12.2715	573.299	0	
136.72	-6.56247	210.308	0	
138.523	-7.5133	213.308	0	
128.715	-11.8915	214.397	0	
130.168	-8.01403	219.482	0	
-111.246	-7.6104	301.634	0	
-107.997	-9.51903	390.387	0	
-94.9142	-8.39895	341.75	0	
-94.5133	-9.4306	392.556	0	
-9.5564	-6.52823	180.287	0	
-7.74586	-7.53912	176.885	0	
-36.7719	-3.94681	214.578	0	
-36.5868	-6.01453	254.973	0	
86.7205	-6.56247	189.051	0	
88.9556	-8.36655	193.578	0	
76.9865	-7.86187	201.654	0	
79.3102	-10.1433	203.182	0	
-1.41045	-7.82252	182.447	0	
-2.90258	-6.52059	184.726	0	
59.7517	-8.88706	166.739	0	
61.4959	-7.62704	201.024	0	
50.4452	-9.10192	163.588	0	
52.6069	-11.8406	98.5539	0	
27.215	-8.1039	195.789	0	
28.8135	-6.57241	193.142	0	
145.205	-4.30171	220.977	0	
145.193	-6.10755	223.63	0	
47.8441	-8.95352	160.971	0	
47.3631	-8.11618	180.017	0	
49.53	-9.4099	147.277	0	
50.5846	-7.67052	177.583	0	
141.607	-6.98195	215.919	0	
142.777	-5.52608	215.112	0	
-68.2752	-11.1172	371.424	0	
-68.9355	-7.79599	297.336	0	
-124.192	-7.65236	333.937	0	
-122.321	-9.45493	459.74	0	
-129.575	-7.66602	352.913	0	
-126.869	-6.72685	302.969	0	
-131.151	-5.68181	265.662	0	
-129.296	-5.94019	253.881	0	
-132.449	-6.54309	297.247	0	
-131.037	-7.55302	349.941	0	
-132.688	-8.80658	394.109	0	
-130.17	-7.10887	290.471	0	
-131.436	-8.80456	364.953	0	
-129.663	-8.80226	381.441	0	
-78.3161	-8.94606	351.162	0	
-75.6822	-9.89501	371.07	0	
77.4642	-11.2645	195.379	0	
71.8588	-8.22984	192.19	0	
16.5448	-6.34265	194.747	0	
17.4462	-6.95698	193.549	0	
38.975	-6.72213	207.123	0	
39.0561	-8.17362	198.033	0	
39.8814	-8.22993	188.991	0	
38.607	-7.38419	200.005	0	
41.3485	-10.3418	169.629	0	
45.4878	-11.0038	136.669	0	
126.48	-9.65037	226.397	0	
125.984	-7.46745	222.871	0	
-28.5081	-6.12651	277.205	0	
-25.8435	-9.4607	345.713	0	
69.072	-12.2227	154.827	0	
72.2037	-8.94854	187.771	0	
57.2588	-12.6959	83.0975	0	
60.729	-9.4002	156.496	0	
-0.218686	-4.28599	200.451	0	
1.11634	-4.84094	199.249	0	
89.746	-9.92676	203.368	0	
92.7993	-9.09526	199.518	0	
93.9818	-8.62374	195.233	0	
96.7536	-6.97181	206.672	0	
95.9103	-4.26288	201.018	0	
97.3378	-4.82405	202.786	0	
162.31	-5.48568	185.605	0	
161.812	-4.66774	178.418	0	
116.575	-10.0196	229.177	0	
116.961	-11.979	216.551	0	
157.979	-11.4142	196.352	0	
159.516	-10.5585	193.426	0	
-33.0027	-11.5582	459.413	0	
-31.1425	-14.2253	526.758	0	
1.02275	-11.2315	176.736	0	
5.04163	-11.0356	178.463	0	
3.54783	-8.40427	181.988	0	
4.72767	-9.1831	180.877	0	
98.5298	-11.2374	185.577	0	
102.939	-10.1438	192.681	0	
109.899	-10.2068	213.342	0	
107.886	-8.333	204.084	0	
-25.1907	-7.35136	288.379	0	
-27.5265	-6.28881	267.349	0	
-49.1805	-7.26331	289.265	0	
-49.9942	-7.95511	304.576	0	
-48.0987	-10.7827	331.81	0	
-45.1249	-9.95908	323.183	0	
-144.291	-9.6286	396.831	0	
-140.846	-13.1966	601.621	0	
-92.8317	-7.93485	317.912	0	
-92.2694	-6.61386	262.83	0	
-38.5713	-6.84289	261.562	0	
-34.7208	-6.99026	305.683	0	
75.53	-8.42592	195.374	0	
78.2113	-8.64008	202.821	0	
-1.94277	-8.83837	170.867	0	
0.501151	-6.71527	189.701	0	
145.742	-9.07573	210.066	0	
147.59	-8.49221	216.062	0	
47.9807	-10.8581	126.46	0	
51.4287	-11.1803	117.766	0	
139.663	-7.36742	216.767	0	
143.942	-8.50007	224.172	0	
-130.657	-9.49665	456.783	0	
-128.964	-9.2882	440.792	0	
70.0908	-9.11023	176.017	0	
72.0598	-12.0885	160.538	0	
39.8411	-11.099	169.445	0	
40.8319	-11.4182	151.661	0	
37.0131	-7.68213	202.966	0	
38.7807	-9.63066	188.907	0	
-28.8121	-8.81304	350.508	0	
-25.2488	-8.10114	306.963	0	
92.5345	-13.7468	197.138	0	
92.1673	-10.0923	193.758	0	
4.41254	-12.4646	179.36	0	
5.55254	-9.17588	180.744	0	
101.055	-12.1415	184.509	0	
103.044	-12.2486	186.535	0	
-26.9051	-6.97672	287.574	0	
-28.3733	-7.81362	327.172	0	
-49.2022	-10.8083	335.112	0	
-46.8312	-13.0478	361.269	0	
-46.5722	-9.39403	315.751	0	
-46.9148	-10.1472	329.137	0	
-92.6902	-8.7912	361.854	0	
-91.4829	-8.14716	326.885	0	
-93.3888	-9.39949	396.568	0	
-93.2261	-10.4438	453.697	0	
73.8225	-9.53101	186.447	0	
76.7491	-10.1253	193.448	0	
-129.517	-11.563	575.367	0	
-127.556	-13.5782	656.51	0	
-126.131	-9.1345	435.341	0	
-126.919	-7.60787	344.854	0	
70.3287	-10.1385	185.593	0	
69.0927	-10.7313	144.503	0	
38.6349	-11.4859	166.351	0	
39.1143	-14.6892	139.22	0	
41.3598	-12.8974	135.167	0	
46.1596	-12.2451	115.575	0	
37.7846	-8.69336	195.097	0	
37.5023	-10.5679	179.874	0	
37.7658	-7.76518	200.427	0	
36.1376	-8.71496	198.563	0	
35.5453	-11.9906	179.414	0	
38.1144	-12.9429	155.024	0	
35.009	-8.33954	199.638	0	
35.4769	-10.7982	184.817	0	
36.4178	-9.42051	191.183	0	
36.3296	-10.3163	189.632	0	
-27.4526	-9.46959	359.371	0	
-27.3327	-7.81789	315.143	0	
4.36705	-8.33427	182.836	0	
2.73839	-9.19757	180.352	0	
8.07627	-13.6504	186.754	0	
6.90124	-11.7026	181.443	0	
-47.8693	-9.9664	325.775	0	
-47.3572	-11.6711	340.794	0	
-47.5075	-12.5362	346.054	0	
-46.0507	-12.6625	358.354	0	
-96.8028	-10.278	460.356	0	
-92.1551	-11.0033	461.699	0	
-89.9661	-12.3069	509.74	0	
-88.6431	-10.5492	438.793	0	
73.3486	-10.6275	181.123	0	
73.4525	-12.988	155.133	0	
-128.712	-10.5325	492.052	0	
-127.427	-9.33913	454.896	0	
-26.037	-8.59249	336.479	0	
-28.318	-9.69964	391.139	0	
-28.6407	-10.926	416.029	0	
-27.7725	-11.6689	444.996	0	
6.90372	-13.198	182.777	0	
7.58048	-10.9021	181.668	0	
-48.7088	-12.9823	351.237	0	
-50.9178	-15.1855	355.281	0	
-45.0921	-13.2965	361.645	0	
-44.187	-12.8694	366.749	0	
-45.6132	-14.532	386.542	0	
-36.9759	-22.726	554.292	0	
-42.687	-13.4845	383.555	0	
-40.5104	-11.9854	381.087	0	
-130.763	-11.013	513.381	0	
-124.135	-10.0083	503.138	0	
-29.8118	-11.0716	439.403	0	
-31.1805	-12.3092	477.015	0	
9.20657	-11.9686	184.876	0	
8.71325	-10.7156	182.508	0	
9.10171	-9.48516	184.693	0	
6.99915	-9.93669	180.74	0	
-45.5592	-20.884	414.071	0	
-46.8911	-14.32	357.235	0	
-55.3441	-10.4111	333.46	0	
-54.8842	-12.9482	345.792	0	
-63.0136	-12.7425	376.03	0	
-60.4148	-13.5384	370.023	0	
29.4493	-9.00657	194.167	0	
34.3239	-10.2119	194.087	0	
-115.318	-7.93005	341.572	0	
-114.417	-8.63356	362.694	0	
-74.1412	-8.06776	309.05	0	
-73.2314	-8.85945	332.152	0	
-90.4745	-10.2048	412.111	0	
-89.765	-11.0555	449.514	0	
-97.7061	-8.67763	368.494	0	
-96.027	-8.28387	352.079	0	
-17.8895	-7.89614	243.384	0	
-16.9853	-8.71636	250.02	0	
8.04235	-6.55474	184.879	0	
6.75351	-6.6633	185.741	0	
119.64	-8.3997	225.916	0	
121.752	-8.95053	227.564	0	
-42.7223	-10.5892	353.992	0	
-41.9244	-12.1358	370.509	0	
-13.2286	-7.36401	193.569	0	
-14.9067	-9.07067	226.653	0	
112.302	-7.43922	220.06	0	
111.28	-6.60347	213.301	0	
112.059	-8.895	218.799	0	
115.625	-13.1086	220.63	0	
132.964	-7.37484	211.535	0	
131.021	-9.12604	216.038	0	
-89.3571	-6.55097	258.569	0	
-90.6686	-7.92784	315.748	0	
82.9638	-7.37484	192.045	0	
81.1276	-8.65354	200.589	0	
-117.648	-10.5784	519.31	0	
-114.756	-11.1723	540.981	0	
-26.6565	-10.918	414.129	0	
-21.0882	-12.7427	405.179	0	
-21.157	-9.70945	309.666	0	
-19.9355	-11.8766	364.581	0	
-51.9274	-11.0961	334.376	0	
-49.662	-12.1427	338.048	0	
-66.3643	-8.73836	314.519	0	
-65.7115	-12.9414	400.635	0	
135.153	-7.92066	212.504	0	
138.208	-8.34415	215.195	0	
137.478	-10.5867	208.053	0	
140.886	-7.80089	216.557	0	
128.452	-10.7742	220.444	0	
129.277	-9.98412	218.613	0	
-107.332	-8.39953	359.174	0	
-106.039	-8.05581	310.575	0	
-10.9842	-7.97857	184.772	0	
-8.06153	-8.36997	177.208	0	
-9.42631	-9.63816	183.083	0	
-3.20772	-8.79903	177.296	0	
85.1533	-7.92066	192.374	0	
87.9501	-7.77091	192.143	0	
78.6132	-11.256	199.199	0	
82.4264	-8.41851	195.268	0	
60.6845	-6.84212	224.827	0	
61.5283	-8.86593	184.062	0	
53.0382	-13.653	80.4159	0	
54.9448	-10.9887	107.154	0	
25.0856	-8.27874	198.115	0	
31.9009	-9.01129	193.245	0	
44.407	-10.5914	155.472	0	
49.2046	-10.4705	125.79	0	
-125.722	-8.27445	390.662	0	
-125.36	-9.93924	480.524	0	
-121.957	-10.7027	516.842	0	
-120.778	-11.0001	555.869	0	
67.8807	-7.60499	215.224	0	
63.6197	-8.74141	197.161	0	
59.7704	-13.5765	83.0162	0	
59.6122	-10.8771	125.38	0	
59.0286	-9.74305	148.369	0	
59.0825	-11.775	100.257	0	
-40.2878	-10.2594	355.105	0	
-36.0192	-8.53847	332.645	0	
-1.26375	-10.1809	176.273	0	
0.777099	-8.78894	180.197	0	
32.9473	-8.1761	195.216	0	
30.8338	-8.23737	193.785	0	
-93.9704	-14.0511	594.766	0	
-92.0054	-12.2689	509.174	0	
-94.212	-11.426	471.251	0	
-91.0118	-14.0675	601.239	0	
72.1814	-11.0214	170.101	0	
74.8181	-12.3722	181.479	0	
75.4818	-10.2432	191.224	0	
74.5926	-11.0787	176.465	0	
-54.4019	-11.433	340.263	0	
-53.6813	-14.2267	349.728	0	
-114.971	-9.85324	459.831	0	
-112.254	-10.1456	460.546	0	
-75.3407	-8.56801	324.938	0	
-76.8573	-10.8314	413.042	0	
-91.0034	-12.8921	546.6	0	
-88.1653	-11.854	484.666	0	
-98.81	-9.25075	383.707	0	
-96.0679	-11.252	488.717	0	
-14.9373	-10.5537	251.466	0	
-12.4622	-9.83583	216.185	0	
120.072	-11.168	223.086	0	
125.178	-11.7425	219.846	0	
-39.0945	-13.5795	436.585	0	
-37.0894	-10.1609	394.709	0	
134.822	-9.32614	216.064	0	
136.959	-8.36068	212.918	0	
142.517	-14.817	186.158	0	
142.515	-9.29725	212.472	0	
-11.3083	-9.4441	190.633	0	
-10.4966	-10.2006	200.17	0	
-4.95676	-12.1932	189.418	0	
-5.20371	-9.3595	176.667	0	
-5.60855	-8.04958	172.636	0	
-5.79843	-10.2986	172.261	0	
84.8215	-9.32614	196.789	0	
86.9588	-8.36068	193.022	0	
62.7343	-9.59853	160.945	0	
63.3432	-7.37238	210.966	0	
28.8346	-11.5863	200.326	0	
33.2485	-10.7322	190.222	0	
42.8371	-12.5951	127.217	0	
43.818	-13.8813	104.629	0	
47.5209	-12.1925	118.113	0	
49.1065	-12.8798	84.6855	0	
-124.549	-14.7682	753.58	0	
-122.686	-11.5111	589.91	0	
-123.823	-11.0713	554.363	0	
-122.516	-13.0649	644.725	0	
58.4778	-14.2427	68.1201	0	
61.3383	-13.4987	92.6361	0	
-93.503	-12.5708	566.355	0	
-95.889	-14.1634	642.314	0	
73.1893	-14.8417	141.623	0	
78.8702	-14.3107	191.562	0	
-72.2083	-10.9387	395.534	0	
-71.0017	-8.822	326.676	0	
-98.8606	-10.2864	447.157	0	
-97.7719	-10.7884	469.629	0	
121.614	-10.7794	231.384	0	
124.7	-9.62565	224.161	0	
-10.5508	-11.909	208.1	0	
-8.11352	-10.5408	187.668	0	
61.7901	-11.6442	111.044	0	
66.1683	-10.0253	148.987	0	
-118.805	-12.7509	665.405	0	
-118.848	-9.80469	453.457	0	
-124.76	-12.1252	613.48	0	
-123.964	-13.4722	683.296	0	
-100.223	-11.2829	528.381	0	
-96.684	-15.4363	686.734	0	
-97.8199	-12.158	544.747	0	
-100.29	-13.0268	579.744	0	
-12.7418	-11.4089	229.311	0	
-10.4386	-16.5777	326.746	0	
-126.315	-12.0406	622.975	0	
-129.17	-13.3308	670.759	0	
-120.784	-17.3645	864.07	0	
-121.244	-13.6169	700.932	0	
-101.791	-9.78518	448.211	0	
-98.6641	-15.1136	696.7	0	
-83.8612	-11.6434	435.175	0	
-84.7768	-8.5285	337.404	0	
-104.089	-7.73383	317.806	0	
-103.891	-10.431	435.889	0	
13.7302	-11.2519	193.262	0	
12.7232	-8.5285	188.33	0	
25.2084	-10.8865	202.569	0	
26.3773	-8.96218	200.13	0	
148.758	-6.60598	216.96	0	
149.345	-9.68367	210.744	0	
148.838	-12.7973	208.803	0	
154.399	-15.5683	198.34	0	
162.567	-8.48518	194.957	0	
170.502	-8.04372	235.552	0	
106.506	-8.40445	203.73	0	
107.343	-10.4788	204	0	
-142.309	-12.0575	489.659	0	
-139.193	-12.2091	548.931	0	
101.915	-12.996	191.8	0	
105.534	-12.0974	197.273	0	
64.9102	-11.1989	157.252	0	
74.3933	-16.977	136.188	0	
-133.645	-11.1907	513.315	0	
-126.587	-14.9587	782.828	0	
-27.756	-13.5852	511.255	0	
-23.4785	-13.1698	447.697	0	
-64.5641	-12.0371	379.86	0	
-61.4187	-14.418	380.482	0	
-59.1392	-13.9721	364.258	0	
-59.8155	-11.312	348.263	0	
108.331	-9.71556	203.783	0	
113.578	-11.8092	206.465	0	
-118.206	-14.8596	740.751	0	
-116.023	-12.5136	598.39	0	
-22.3633	-12.1693	407.676	0	
-20.0099	-10.4848	326.111	0	
-20.747	-14.9128	450.397	0	
-18.36	-14.0771	390.966	0	
130.224	-12.3618	210.859	0	
131.171	-11.597	213.201	0	
127.221	-10.6293	220.071	0	
126.473	-11.6661	220.426	0	
128.877	-14.5803	200.744	0	
138.115	-13.7504	196.86	0	
124.146	-10.681	226.705	0	
126.149	-13.9734	212.501	0	
132.866	-11.5358	215.155	0	
133.48	-10.0624	213.227	0	
-105.014	-8.51178	366.321	0	
-104.033	-6.38095	265.327	0	
79.4939	-12.7806	200.369	0	
82.1445	-10.4872	205.561	0	
80.6353	-9.93068	205.299	0	
83.5874	-9.56785	202.178	0	
-3.84654	-9.82556	168.76	0	
0.808683	-12.8327	178.317	0	
-113.478	-11.3991	537.74	0	
-109.737	-9.5255	380.777	0	
-77.4337	-13.7324	500.345	0	
-74.583	-10.7231	398.115	0	
-90.0154	-14.6429	620.397	0	
-88.9495	-12.9505	523.924	0	
141.158	-8.8312	217.682	0	
141.365	-11.4188	203.97	0	
-5.92035	-13.6588	199.123	0	
-3.20901	-10.9036	179.17	0	
30.9837	-11.0807	195.275	0	
31.2994	-13.3659	191.831	0	
55.775	-16.0377	53.5417	0	
66.1155	-15.3972	96.0141	0	
-96.0073	-17.2381	769.322	0	
-93.3777	-17.8621	760.677	0	
-73.6486	-13.7426	476.761	0	
-69.8432	-11.3551	398.924	0	
63.2893	-15.941	49.0868	0	
66.4952	-12.5799	95.6055	0	
22.9277	-12.9682	202.748	0	
27.509	-11.4448	200.181	0	
148.217	-11.0263	202.605	0	
157.419	-13.4552	199.741	0	
107.046	-11.8504	191.453	0	
108.052	-13.0174	200.606	0	
102.189	-14.5828	184.071	0	
103.789	-13.1323	190.166	0	
-63.8611	-15.0399	402.042	0	
-62.158	-16.665	400.811	0	
-59.8829	-16.2206	380.892	0	
-56.5358	-13.5758	353.87	0	
122.678	-11.4623	225.066	0	
123.472	-13.1832	214.431	0	
126.452	-15.7035	194.136	0	
128.169	-16.2299	201.858	0	
-104.825	-9.98724	443.254	0	
-103.109	-8.25399	341.807	0	
-106.515	-10.6508	479.116	0	
-103.698	-13.2379	564.269	0	
-103.131	-11.6841	551.636	0	
-101.658	-11.0381	464.157	0	
76.9477	-14.1975	180.889	0	
82.5195	-15.2675	213.663	0	
-113.288	-13.3376	671.15	0	
-110.814	-10.6805	508.537	0	
-75.4265	-16.6791	548.49	0	
-74.9783	-12.3139	435.334	0	
-90.016	-16.2513	654.375	0	
-86.818	-16.2313	653.396	0	
-91.7822	-16.5383	708.23	0	
-90.9847	-20.7227	820.211	0	
-88.0176	-14.7815	608.418	0	
-89.1217	-16.8701	681.433	0	
140.534	-13.1639	214.582	0	
145.768	-10.5881	218.601	0	
-5.53259	-15.2573	218.697	0	
-0.221603	-15.047	193.4	0	
-3.72452	-12.3322	178.581	0	
-2.71388	-14.7698	201.204	0	
29.5017	-10.5963	196.192	0	
29.7663	-13.1361	191.755	0	
34.5615	-14.2363	168.059	0	
33.1805	-12.1023	189.873	0	
31.0328	-15.8354	180.765	0	
25.1712	-12.7313	202.659	0	
99.3713	-15.2026	181.493	0	
104.615	-15.4444	183.796	0	
103.381	-14.4713	186.959	0	
104.617	-16.9513	179.772	0	
106.053	-17.9202	180.071	0	
108.432	-16.031	191.181	0	
-58.2587	-17.9124	378.608	0	
-61.1479	-15.7837	388.853	0	
-50.091	-18.8592	376.293	0	
-57.334	-15.1922	362.318	0	
125.118	-16.8119	199.955	0	
122.175	-20.2423	168.439	0	
133.314	-16.4717	184.62	0	
130.492	-14.1036	206.045	0	
-84.7041	-14.973	569.677	0	
-86.0702	-13.3904	521.905	0	
-83.6055	-16.1347	623.975	0	
-82.3961	-13.9551	552.882	0	
-88.399	-18.2627	716.718	0	
-86.7715	-17.5237	697.889	0	
-1.44701	-12.6425	181.219	0	
-2.68041	-13.4316	184.873	0	
27.2019	-14.607	196.233	0	
32.0278	-14.7363	176.46	0	
-59.5695	-17.5705	385.738	0	
-57.0279	-16.4661	361.481	0	
-85.2965	-18.6148	703.397	0	
-80.3994	-17.7331	622.04	0	
-81.3013	-13.2733	500.953	0	
-82.7485	-10.473	401.869	0	
-60.189	-19.9451	406.819	0	
-57.8423	-19.7564	383.7	0	
-80.0784	-13.9721	513.997	0	
-79.167	-11.7235	445.376	0	
-81.2301	-16.2954	594.136	0	
-77.2224	-15.231	537.655	0	
-78.0189	-10.5334	392.062	0	
-79.8646	-8.88095	352.903	0	
167.038	-3.47049	209.21	0	
164.628	-1.58523	195.017	0	
155.535	-13.7299	198.864	0	
159.182	-15.0222	204.227	0	
162.399	-10.2221	203.023	0	
160.876	-7.69506	188.354	0	
95.2083	-10.9969	189.742	0	
97.7112	-15.9496	197.665	0	
34.3243	-12.7743	176.124	0	
33.5161	-15.1638	168.198	0	
33.8071	-16.6299	158.097	0	
35.2967	-17.0324	144.654	0	
2.49145	-10.9327	175.719	0	
2.24085	-15.2904	191.449	0	
51.9942	-15.2365	54.1811	0	
51.1013	-19.0597	35.1081	0	
-55.0268	-16.1282	355.662	0	
-48.1294	-15.3037	368.403	0	
-13.6232	-8.68649	203.37	0	
-16.6025	-10.9267	280.96	0	
-15.8483	-13.225	328.778	0	
-13.5944	-14.801	323.308	0	
-19.3835	-15.5782	432.385	0	
-16.8078	-14.5128	374.36	0	
-102.293	-14.3358	701.742	0	
-104.266	-18.1551	873.577	0	
14.7771	-12.797	195.025	0	
17.0365	-12.7636	196.602	0	
163.917	-7.50747	200.43	0	
164.131	-11.8982	210.182	0	
-136.699	-11.6207	547.307	0	
-130.985	-15.7673	791.038	0	
-130.528	-14.2592	680.22	0	
-129.529	-17.962	877.839	0	
-26.3647	-14.0938	499.633	0	
-20.6662	-19.9943	543.036	0	
-69.9708	-14.7711	457.939	0	
-65.2805	-14.6398	415.852	0	
-119.977	-15.3765	807.328	0	
-116.129	-17.1688	838.445	0	
-23.3687	-14.7973	486.836	0	
-21.9123	-15.9669	487.71	0	
-0.25492	-13.4926	182.258	0	
3.03242	-12.4173	177.215	0	
-70.6482	-13.3756	430.725	0	
-72.1298	-12.9027	438.669	0	
94.0756	-17.4783	197.018	0	
102.007	-20.0146	175.187	0	
-64.7343	-17.6098	426.848	0	
-61.8733	-18.088	411.604	0	
-66.9082	-15.3571	439.465	0	
-65.4567	-21.3052	469.985	0	
-4.00096	-15.5273	215.611	0	
-3.82516	-16.8719	226.614	0	
25.5976	-17.7719	198.054	0	
28.5329	-17.2807	188.657	0	
-61.3838	-21.1615	425.521	0	
-60.6897	-22.8366	427.974	0	
-80.6024	-19.0691	668.657	0	
-78.7333	-16.0396	568.938	0	
151.395	-13.2162	196.238	0	
159.193	-17.6679	213.374	0	
162.55	-19.8783	226.448	0	
166.223	-11.0047	220.503	0	
163.246	-14.2069	216.049	0	
165.841	-8.35089	210.089	0	
32.1905	-17.0193	161.871	0	
32.3962	-18.7262	151.869	0	
36.8832	-20.5927	108.217	0	
37.2425	-18.7829	116.266	0	
1.04337	-16.0299	196.988	0	
2.03948	-13.6476	182.215	0	
-0.662246	-18.5334	232.698	0	
4.36966	-18.0125	208.065	0	
-11.6422	-12.7255	254.317	0	
-14.3871	-13.2981	291.239	0	
-15.9597	-20.9036	502.311	0	
-14.6321	-16.5117	382.673	0	
-100.319	-27.0855	1017.46	0	
-99.8073	-17.0794	775.891	0	
-136.749	-15.0359	710.733	0	
-134.116	-16.8927	792.947	0	
-132.115	-13.2602	655.892	0	
-134.478	-13.9876	681.046	0	
-116.226	-19.0325	912.065	0	
-114.508	-16.3965	789.433	0	
-18.1512	-17.2228	448.611	0	
-16.3844	-16.2967	399.227	0	
-25.2264	-15.5412	534.5	0	
-30.6464	-19.4409	590.849	0	
-72.0342	-17.5167	527.586	0	
-66.675	-17.0748	456.061	0	
-7.1025	-17.6952	267.763	0	
-4.65374	-19.0196	268.153	0	
-3.16268	-21.2307	276.766	0	
0.903296	-17.5569	220.102	0	
26.8734	-16.6733	191.451	0	
31.036	-20.0865	159.345	0	
-63.4465	-20.4538	443.411	0	
-65.2596	-23.0305	489.69	0	
-63.3071	-27.492	512.589	0	
-57.7225	-27.0291	462.938	0	
31.7383	-22.5263	135.974	0	
33.7199	-22.7283	123.47	0	
40.5484	-18.386	91.8285	0	
40.6584	-14.5929	117.874	0	
38.5224	-17.7704	110.812	0	
40.6651	-20.2562	83.9327	0	
-138.312	-16.564	734.504	0	
-136.023	-20.2216	860.995	0	
-114.006	-20.3639	946.274	0	
-112.715	-16.6706	839.785	0	
-111.793	-14.4765	690.01	0	
-114.449	-14.5848	732.757	0	
-8.60262	-16.1762	247.694	0	
-14.0689	-19.314	407.858	0	
-4.89082	-17.7194	243.992	0	
-2.05553	-18.2085	234.262	0	
-6.11466	-16.7353	244.04	0	
-7.41927	-21.9732	349.426	0	
-2.32027	-26.3063	342.028	0	
-3.41257	-19.4953	265.426	0	
-5.4542	-20.2862	295.457	0	
-4.44643	-21.8882	314.757	0	
-5.67832	-23.3415	341.71	0	
-0.813064	-24.3486	306.431	0	
25.8686	-20.3466	180.386	0	
29.1869	-19.4	164.519	0	
-133.272	-14.3852	686.639	0	
-135.364	-15.6588	704.48	0	
-36.9399	-12.2707	424.138	0	
-33.0335	-15.789	535.519	0	
-44.386	-16.0393	385.748	0	
-45.807	-18.104	411.201	0	
-40.4892	-16.9395	467.957	0	
-35.0775	-15.2494	498.3	0	
69.2178	-16.9835	82.9988	0	
69.9483	-19.8206	89.452	0	
132.657	-14.5721	205.719	0	
131.453	-18.2971	191.693	0	
148.603	-17.8703	201.416	0	
152.064	-15.2722	200.505	0	
107.238	-14.6529	183.027	0	
111.045	-15.3298	183.765	0	
76.19	-16.5288	156.132	0	
78.0724	-18.7352	163.381	0	
84.271	-16.0852	207.483	0	
85.6671	-14.6871	221.389	0	
-85.6916	-26.8227	845.9	0	
-84.2843	-22.3793	780.534	0	
144.801	-13.787	212.869	0	
147.141	-14.5941	192.745	0	
103.926	-21.3259	178.127	0	
107.72	-20.7428	171.485	0	
169.13	-3.73852	217.413	0	
167.713	-0.797936	213.288	0	
90.8098	-14.368	214.983	0	
95.8912	-14.369	189.394	0	
49.7691	-14.6659	74.1199	0	
54.6168	-17.9522	33.9356	0	
52.5874	-17.3776	48.4357	0	
59.3375	-21.77	26.6916	0	
-51.5948	-17.2906	358.045	0	
-48.2725	-17.5803	373.597	0	
-127.245	-17.5778	851.647	0	
-123.43	-22.3769	997.801	0	
-78.8286	-20.8168	676.819	0	
-77.3983	-18.2842	609.402	0	
-82.4255	-21.7228	715.714	0	
-75.1435	-23.2492	642.142	0	
-77.2821	-20.3283	632.164	0	
-75.8899	-21.1878	619.919	0	
-75.2798	-25.812	674.539	0	
-68.1236	-19.7952	500.337	0	
-69.4285	-27.0517	591.154	0	
-67.4172	-27.2601	558.169	0	
-73.0361	-20.7608	588.797	0	
-73.194	-22.8681	612.225	0	
164.906	-17.8055	231.304	0	
176.355	-19.7931	281.685	0	
-26.6585	-17.4032	581.143	0	
-16.9076	-31.3269	574.878	0	
-71.7621	-19.6077	544.956	0	
-69.8324	-20.6284	517.775	0	
-1.6831	-21.871	284.875	0	
2.38774	-19.3159	216.544	0	
-67.2032	-23.9531	519.783	0	
-66.4015	-25.8412	529.145	0	
-58.4784	-31.9751	531.625	0	
-55.9302	-29.5527	484.6	0	
-47.4945	-27.2911	486.97	0	
-50.3748	-21.4361	387.917	0	
30.4087	-23.9063	143.094	0	
31.1786	-25.7293	125.615	0	
36.4018	-24.5155	94.2743	0	
38.2799	-21.4505	90.2122	0	
42.6018	-23.7789	55.3637	0	
49.0069	-18.2164	52.4989	0	
-113.634	-23.5476	1016.83	0	
-107.285	-17.0632	800.732	0	
82.6967	-19.7715	186.674	0	
86.9413	-19.6074	201.22	0	
88.9995	-13.2105	211.788	0	
86.4564	-11.0461	209.998	0	
102.703	-26.0943	174.344	0	
108.974	-22.7225	168.043	0	
112.176	-21.9419	164.546	0	
111.747	-19.4373	173.793	0	
-55.5567	-20.0734	369.748	0	
-54.1765	-24.3455	403.535	0	
-5.17162	-25.3804	381.097	0	
1.55235	-21.031	262.172	0	
-69.1091	-23.0611	549.091	0	
-72.0616	-24.7598	617.405	0	
-66.4698	-29.4648	577.744	0	
-60.3036	-27.7563	485.101	0	
27.7984	-21.3673	174.698	0	
27.9263	-27.0063	145.412	0	
31.0568	-29.3307	117.164	0	
33.2627	-29.7272	103.869	0	
34.3026	-27.7418	94.3826	0	
40.4799	-27.9084	58.994	0	
85.0348	-24.1282	177.552	0	
87.9117	-22.7174	204.201	0	
2.13424	-30.1472	325.971	0	
1.51239	-23.7928	282.331	0	
20.8364	-21.4301	201.252	0	
24.6671	-28.9789	171.448	0	
26.8913	-25.059	166.825	0	
24.4057	-24.8023	175.724	0	
28.954	-30.3935	129.462	0	
29.6017	-33.1144	121.796	0	
36.741	-32.0349	78.5214	0	
36.3469	-26.8973	86.2205	0	
92.4448	-25.6727	190.05	0	
94.111	-15.461	204.943	0	
115.705	-16.1307	186.349	0	
120.613	-17.3902	189.626	0	
-98.2994	-18.454	808.141	0	
-98.3893	-20.9177	897.88	0	
123.327	-15.1622	204.155	0	
124.114	-20.9601	178.574	0	
127.686	-19.9692	183.27	0	
125.503	-19.2447	170.562	0	
-87.6011	-21.3804	798.405	0	
-85.7057	-20.7921	763.66	0	
-88.1494	-23.7275	833.119	0	
-85.8365	-24.3942	833.852	0	
-91.6033	-22.932	869.012	0	
-89.9863	-24.4984	889.399	0	
-81.184	-27.7401	796.533	0	
-80.1107	-22.5618	719.248	0	
-133.981	-18.6525	899.781	0	
-125.006	-24.9869	1045.46	0	
-17.5235	-24.2702	554.144	0	
-15.5507	-27.2663	555.88	0	
-32.4966	-18.6341	583.448	0	
-29.2719	-14.9872	534.734	0	
-36.7034	-16.8924	514.875	0	
-38.7892	-15.8864	463.02	0	
132.331	-20.4232	167.765	0	
134.552	-22.1396	169.115	0	
90.4391	-17.398	205.071	0	
93.2267	-20.7874	199.881	0	
46.3002	-15.4022	79.5877	0	
44.306	-20.8099	53.6934	0	
51.4327	-21.469	31.4524	0	
56.0166	-20.5931	28.7552	0	
106.687	-29.2677	165.434	0	
107.27	-24.6077	167.909	0	
-73.3704	-27.2342	628.52	0	
-72.6075	-29.1447	675.875	0	
-74.3357	-31.9887	730.827	0	
-67.8922	-33.3846	647.576	0	
-68.5962	-30.5737	606.22	0	
-69.6117	-35.9076	693.082	0	
-64.4054	-29.5464	539.084	0	
-63.3893	-31.6222	573.306	0	
48.7792	-27.2234	28.0064	0	
50.2244	-25.8057	26.0489	0	
23.3302	-31.8087	179.578	0	
27.8239	-35.7063	136.105	0	
23.9026	-22.1565	195.766	0	
13.301	-21.5127	217.5	0	
91.538	-23.0592	196.169	0	
97.6774	-26.9385	177.344	0	
-101.667	-22.7331	965.162	0	
-94.0859	-26.3816	956.602	0	
-94.4514	-23.4968	903.266	0	
-95.8805	-28.9893	984.41	0	
-35.9978	-18.9001	542.872	0	
-29.486	-21.8351	626.957	0	
45.5499	-13.5396	101.583	0	
43.2685	-16.3341	90.0247	0	
47.7008	-21.7613	40.7571	0	
52.8317	-26.5751	21.8483	0	
-79.1055	-31.5904	829.548	0	
-84.4031	-35.0096	888.685	0	
18.5114	-30.1804	210.36	0	
20.8191	-40.8974	196.462	0	
92.1285	-18.7942	207.331	0	
96.4029	-19.9849	189.977	0	
-93.4792	-34.1877	991.154	0	
-88.9127	-28.9009	920.051	0	
-38.0201	-20.4278	547.123	0	
-39.1903	-24.5634	559.421	0	
-29.5783	-24.4981	638.898	0	
-25.1331	-19.1514	597.992	0	
-33.9656	-27.5767	635.872	0	
-34.0037	-22.8973	602.789	0	
-27.3059	-26.1	642.048	0	
-26.6269	-21.5002	626.42	0	
156.506	-24.7475	218.61	0	
165.869	-28.555	261.473	0	
-140.814	-15.2296	712.849	0	
-142.955	-19.4948	806.644	0	
-135.811	-22.99	969.613	0	
-131.234	-19.909	907.976	0	
65.5645	-22.2186	40.3785	0	
72.2936	-25.5143	63.8218	0	
145.728	-19.8309	177.061	0	
142.612	-29.4632	184.961	0	
150.971	-18.1294	192.178	0	
154.112	-19.9376	204.142	0	
-25.2547	-23.9941	637.4	0	
-26.5007	-31.0025	653.179	0	
-51.8568	-26.5203	446.149	0	
-49.0774	-25.7253	442.212	0	
30.2052	-40.5537	113.557	0	
38.9468	-37.8459	60.2677	0	
37.3574	-36.1008	76.2557	0	
42.1623	-30.2772	46.2396	0	
127.44	-26.5656	156.146	0	
131.613	-24.8712	161.096	0	
120.249	-22.8745	172.381	0	
120.508	-25.1943	157.182	0	
119.042	-27.4243	159.035	0	
121.22	-28.9132	159.007	0	
114.215	-26.3167	159.257	0	
116.399	-30.6354	159.662	0	
122.905	-33.1083	159.14	0	
126.758	-30.4469	156.889	0	
130.663	-22.5359	172.49	0	
134.078	-24.885	169.841	0	
-67.355	-40.7789	715.955	0	
-63.8874	-41.1213	646.755	0	
45.0818	-24.5512	43.9602	0	
47.4804	-19.4003	46.5823	0	
46.2874	-26.4543	32.0864	0	
49.5587	-22.9868	28.8084	0	
45.3517	-19.0149	56.3089	0	
45.8261	-22.5807	43.3273	0	
20.3425	-27.1858	204.515	0	
18.4402	-24.3487	212.86	0	
54.1158	-29.2189	19.7889	0	
57.2039	-28.9297	21.4122	0	
-146.195	-20.4445	783.248	0	
-142.014	-25.7869	905.108	0	
-140.125	-24.036	946.518	0	
-134.102	-28.1688	1004.76	0	
-31.0357	-30.5153	640.977	0	
-22.9272	-25.6026	624.097	0	
-53.0058	-29.1874	474.307	0	
-31.3394	-37.7803	635.59	0	
-44.6351	-26.5289	505.915	0	
-43.072	-21.3707	472.939	0	
33.9141	-36.5454	82.224	0	
45.3342	-43.1171	48.4118	0	
125.752	-28.2595	164.779	0	
129.181	-30.5589	167.058	0	
130.525	-32.5726	164.719	0	
133.015	-31.751	168.764	0	
129.172	-35.2893	176.762	0	
134.362	-36.9018	182.992	0	
137.365	-32.0452	180.064	0	
137.501	-27.3914	173.772	0	
111.499	-27.5499	164.366	0	
114.725	-32.5664	161.294	0	
115.487	-37.4763	165.308	0	
118.739	-32.1827	161.262	0	
134.98	-27.3469	164.353	0	
139.302	-24.3479	172.723	0	
44.897	-29.0229	38.0758	0	
43.2401	-34.3689	41.7085	0	
50.6116	-32.2846	22.7864	0	
55.4245	-34.6396	22.7389	0	
64.5124	-31.9274	28.0782	0	
67.7308	-26.133	43.3736	0	
-20.0166	-32.9393	604.065	0	
-22.1677	-31.5132	626.651	0	
-50.9726	-31.6714	514.503	0	
-51.9621	-35.1709	558.631	0	
-43.2009	-28.7192	516.172	0	
-38.1424	-27.1737	558.214	0	
38.6261	-33.9146	61.3175	0	
42.4059	-37.919	53.0878	0	
42.7402	-41.4064	53.2273	0	
46.5476	-36.9692	35.3362	0	
48.6638	-38.3922	32.4523	0	
45.209	-33.3053	37.1409	0	
51.1469	-37.3186	29.8933	0	
48.6729	-29.8447	28.6254	0	
47.0465	-34.74	32.0053	0	
49.7845	-34.8546	28.0738	0	
125.308	-32.9513	167.839	0	
130.621	-45.4262	194.45	0	
139.685	-34.9822	185.932	0	
143.405	-33.4198	189.554	0	
108.62	-27.0344	164.292	0	
107.97	-31.5701	166.606	0	
112.126	-38.0423	170.361	0	
117.38	-43.8959	181.517	0	
142.968	-25.9072	173.385	0	
141.981	-17.5848	201.611	0	
-26.0396	-28.5697	642.26	0	
-24.0284	-33.4831	631.126	0	
54.365	-38.7436	28.0903	0	
53.3866	-32.2263	23.77	0	
129.123	-41.4938	192.913	0	
143.868	-44.9211	227.591	0	
137.911	-38.291	194.935	0	
139.308	-43.517	207.026	0	
152.618	-32.8302	223.61	0	
146.271	-24.2171	196.393	0	
103.675	-33.7546	170.203	0	
106.502	-34.0998	164.655	0	
120.16	-39.2095	174.813	0	
122.005	-37.7538	167.212	0	
-27.1137	-38.6511	629.682	0	
-24.3464	-36.4162	624.845	0	
51.0122	-43.0632	36.7481	0	
59.972	-35.6111	25.0118	0	
56.421	-37.5049	26.6657	0	
59.2135	-38.1017	27.6418	0	
100.552	-40.8697	161.958	0	
110.642	-35.9475	163.282	0	
120.554	-41.7362	175.634	0	
125.164	-41.0569	176.255	0	
-14.1467	-52.1792	521.16	0	
-19.7662	-36.6275	600.94	0	
61.4734	-40.4946	33.8502	0	
67.8843	-31.0256	36.7195	0	
105.875	-39.0259	165.908	0	
106.95	-41.4732	171.727	0	
124.581	-38.343	177.684	0	
126.378	-35.7802	162.648	0	
117.103	-39.138	172.353	0	
132.215	-55.5148	232.798	0	
-22.238	-42.3026	605.28	0	
-3.7119	-32.0782	419.637	0	
60.4845	-44.1574	38.5379	0	
65.9315	-37.3396	33.3117	0	
65.1637	-40.2315	37.9622	0	
67.876	-43.1049	44.1977	0	
106.247	-46.9827	174.299	0	
111.436	-50.0992	187.52	0	
119.052	-47.6381	188.589	0	
118.451	-53.818	199.411	0	
-119.476	-22.3605	1011.75	0	
-111.976	-31.8648	1075.08	0	
-107.812	-21.8786	961.849	0	
-104.54	-21.2999	900.125	0	
-11.3537	-25.9981	473.779	0	
-1.26288	-29.4326	368.233	0	
4.25735	-34.2144	343.606	0	
9.94979	-28.2188	259.352	0	
-12.1091	-37.3901	530.848	0	
-8.39924	-27.648	442.246	0	
99.452	-24.6257	178.137	0	
99.3845	-30.3643	176.964	0	
98.0328	-32.6875	167.541	0	
101.874	-35.9778	165.325	0	
95.3504	-32.6915	170.901	0	
94.5068	-37.1853	160.715	0	
94.0377	-30.4818	172.144	0	
85.6389	-36.8445	121.567	0	
92.7726	-39.4143	147.962	0	
96.2277	-42.3081	154.464	0	
95.013	-27.052	185.131	0	
89.5468	-29.3433	169.459	0	
90.7907	-31.508	169.754	0	
85.763	-28.1406	160.182	0	
90.0322	-39.4517	142.798	0	
83.9564	-40.8733	110.383	0	
97.2716	-44.8638	156.113	0	
101.565	-43.5457	166.101	0	
88.5003	-36.7113	142.302	0	
86.3018	-43.848	120.759	0	
92.0095	-44.344	143.671	0	
89.5162	-42.5597	128.983	0	
95.8093	-47.3972	154.056	0	
98.1034	-49.6131	157.109	0	
104.773	-44.0862	166.862	0	
102.686	-38.963	168.628	0	
92.9061	-47.1972	141.655	0	
90.5926	-49.2783	135.794	0	
101.066	-55.4269	165.046	0	
109.703	-47.1111	173.411	0	
104.03	-49.409	169.67	0	
111.728	-43.6696	177.222	0	
-106.674	-40.443	1057.37	0	
-85.6097	-44.2084	897.781	0	
30.2352	-47.856	123.951	0	
39.0559	-45.9766	73.4769	0	
-71.4709	-43.3237	752.113	0	
-64.6557	-52.2836	728.203	0	
-142.196	-31.5635	928.076	0	
-136.751	-28.1811	992.962	0	
-148.403	-26.523	861.329	0	
-140.196	-35.8835	950.66	0	
-140.882	-29.3396	969.144	0	
-142.117	-39.1189	944.219	0	
-142.823	-49.042	858.921	0	
-136.68	-32.984	999.026	0	
-135.002	-38.8253	1009.99	0	
-129.83	-29.5707	1042.69	0	
-133.967	-33.0775	1014.85	0	
-128.694	-25.663	1020.08	0	
-132.794	-36.4514	1012.39	0	
-130.153	-36.9512	1043.53	0	
33.1445	-40.3145	104.022	0	
35.2574	-42.423	81.1548	0	
60.6172	-24.8296	25.6843	0	
63.3059	-26.4452	24.3363	0	
-45.3874	-31.3257	540.335	0	
-45.5181	-34.9403	566.941	0	
-41.8957	-35.9544	601.797	0	
-41.1109	-41.3355	613.061	0	
42.0974	-48.214	66.5786	0	
50.178	-49.788	53.2488	0	
110.449	-40.9282	168.513	0	
115.021	-42.4455	171.625	0	
-25.6473	-43.0358	604.323	0	
-33.5146	-47.3132	614.473	0	
-17.9422	-42.8422	569.881	0	
2.5784	-46.4187	375.427	0	
78.4557	-38.1757	86.9691	0	
68.3936	-49.9086	58.8454	0	
87.4741	-55.2413	135.202	0	
89.9935	-59.5156	142.817	0	
94.7015	-57.9502	151.564	0	
93.0295	-70.1123	180.984	0	
104.525	-53.988	180.128	0	
108.476	-54.5498	181.093	0	
-60.166	-44.0741	665.009	0	
-56.361	-41.8866	611.999	0	
-134.905	-45.53	956.003	0	
-128.514	-40.2585	1025.86	0	
35.9582	-45.7588	84.8236	0	
39.9399	-42.7939	63.556	0	
62.5349	-29.7239	27.0837	0	
68.9982	-28.4062	48.267	0	
80.049	-49.4023	95.6384	0	
79.2992	-59.6615	111.685	0	
81.5694	-75.665	168.161	0	
98.9778	-59.5663	173.765	0	
34.1737	-48.4409	110.705	0	
39.7529	-53.299	85.4259	0	
72.2659	-28.122	71.1265	0	
69.371	-24.3723	56.4844	0	
74.5997	-30.5678	64.9989	0	
78.2868	-25.083	105.669	0	
68.193	-21.9878	55.0603	0	
65.4718	-25.0638	39.4361	0	
28.4216	-43.9525	137.897	0	
32.7416	-54.4866	120.611	0	
35.6064	-51.9742	110.915	0	
57.8523	-61.4427	85.5462	0	
-123.398	-36.236	1068.49	0	
-116.735	-25.1094	1031.33	0	
169.847	-14.379	248.424	0	
168.231	-18.1704	244.133	0	
-81.7152	-49.4615	862.556	0	
-70.8169	-49.2288	771.04	0	
20.9418	-48.6571	196.376	0	
28.8455	-51.5271	148.66	0	
8.1372	-35.7308	304.916	0	
18.3613	-35.9876	207.798	0	
9.0786	-21.8659	235.766	0	
13.6988	-27.4093	238.741	0	
-56.5435	-35.1093	554.497	0	
-51.6142	-41.6094	633.422	0	
54.563	-41.8505	33.6348	0	
61.4227	-50.4364	56.1597	0	
71.6602	-43.0455	63.774	0	
74.0649	-38.9725	59.7127	0	
-2.67775	-36.663	420.287	0	
13.5494	-39.7193	254.235	0	
-12.3083	-33.6303	531.495	0	
3.9819	-42.1044	353.847	0	
-139.622	-44.149	912.169	0	
-129.748	-43.374	1007.98	0	
-124.74	-39.6917	1040.33	0	
-123.161	-28.7462	1056.86	0	
72.5043	-34.8283	57.6671	0	
82.2158	-34.9936	119.307	0	
79.8691	-22.9361	150.928	0	
74.7665	-21.8862	103.321	0	
82.2728	-22.2937	179.626	0	
80.3889	-17.9333	183.954	0	
23.5946	-43.6035	170.929	0	
15.8094	-49.1285	242.158	0	
47.0586	-53.1492	63.7658	0	
54.2236	-49.3492	49.62	0	
37.4529	-60.3426	114.511	0	
44.8788	-60.4431	101.532	0	
15.1338	-36.5978	243.421	0	
10.0382	-39.9595	286.988	0	
13.23	-33.5956	258.921	0	
8.24591	-42.4629	315.75	0	
13.4051	-45.2157	253.04	0	
15.7619	-42.0382	239.633	0	
1.89438	-38.0846	367.341	0	
-6.78815	-44.4523	481.502	0	
-6.76357	-39.5642	472.561	0	
-1.93668	-48.1577	406.685	0	
-1.59184	-56.0608	399.017	0	
12.9889	-53.4908	266.034	0	
49.3921	-46.4532	48.1733	0	
56.9885	-44.8016	38.424	0	
58.5612	-52.7052	60.2036	0	
65.5305	-52.3882	63.5988	0	
72.3545	-50.2019	73.1039	0	
80.102	-42.0284	90.3107	0	
-133.465	-55.2679	866.911	0	
-131.728	-50.6484	931.575	0	
-123.933	-43.815	1030.28	0	
-119.019	-44.8349	1023.94	0	
48.322	-59.6613	88.2957	0	
54.9417	-52.9544	56.6223	0	
59.6964	-57.4015	71.8512	0	
64.6917	-56.9007	74.6809	0	
75.2968	-60.7813	104.102	0	
77.9723	-46.1735	86.3991	0	
-124.148	-60.4002	858.952	0	
-127.405	-46.3331	990.855	0	
-126.787	-31.0275	1067.08	0	
-119.249	-35.5228	1070.93	0	
41.113	-57.7037	105.597	0	
54.0502	-71.0587	124.262	0	
54.4753	-60.446	83.1339	0	
59.8729	-66.4143	102.64	0	
-123.888	-54.1086	926.467	0	
-118.305	-50.9435	993.082	0	
48.8624	-56.41	80.768	0	
52.0411	-63.1842	93.3933	0	
51.6359	-67.015	113.599	0	
57.8303	-70.9524	121.569	0	
155.762	-37.2294	238.476	0	
166.467	-34.5439	270.593	0	
145.736	-50.2183	233.47	0	
154.059	-46.879	249.404	0	
126.753	-48.8415	207.073	0	
127.789	-53.7524	208.162	0	
-115.677	-39.9985	1068.91	0	
-103.35	-29.988	1047.65	0	
-156.155	-32.5828	799.353	0	
-152.129	-38.1485	836.783	0	
115.228	-56.4508	198.914	0	
116.61	-50.5814	189.074	0	
117.841	-60.8864	210.439	0	
123.474	-55.7748	215.16	0	
109.104	-63.9822	197.113	0	
144.278	-66.5015	267.957	0	
7.6531	-52.7973	314.702	0	
17.1218	-59.1605	233.003	0	
-91.1505	-53.2237	899.405	0	
-111.222	-37.8493	1070.34	0	
74.8366	-53.6452	84.7453	0	
83.8231	-49.7791	111.762	0	
33.2281	-58.4503	143.054	0	
47.4936	-68.2682	125.665	0	
-130.071	-61.4292	820.795	0	
-118.997	-64.8575	838.391	0	
44.4556	-65.2193	111.123	0	
46.3057	-74.2494	140.385	0	
61.146	-76.0266	142.138	0	
79.4068	-68.2099	133.18	0	
73.0574	-57.8906	91.6223	0	
84.2291	-54.3914	112.871	0	
68.9585	-69.0056	114.057	0	
82.5059	-63.516	130.836	0	
78.4801	-53.066	97.6805	0	
80.7033	-56.1915	108.012	0	
67.1124	-75.0888	136.593	0	
79.0678	-92.9395	203.726	0	
28.3325	-61.6318	160.968	0	
36.6038	-68.4607	147.638	0	
39.3922	-64.8758	133.368	0	
40.4792	-74.7853	162.06	0	
29.0715	-78.9915	208.969	0	
63.861	-86.8155	174.63	0	
172.296	-36.5167	289.904	0	
170.871	-25.6201	273.273	0	
-50.5834	-46.7608	627.801	0	
-37.0081	-52.4144	627.262	0	
104.934	-78.6893	221.332	0	
117.55	-74.0682	236.051	0	
-85.2936	-54.2603	864.431	0	
-81.5383	-59.9739	808.996	0	
136.239	-52.516	222.292	0	
151.105	-64.2821	273.506	0	
159.244	-47.4684	273.949	0	
161.912	-38.4198	265.676	0	
133.5	-62.3119	236.673	0	
141.734	-53.9918	241.251	0	
103.057	-65.3971	192.947	0	
100.761	-85.5539	211.297	0	
4.10756	-58.4997	345.981	0	
15.0417	-64.0874	267.075	0	
-107.06	-48.552	1007.68	0	
-96.3146	-44.7799	988.686	0	
-134.156	-68.6442	726.944	0	
-113.236	-60.9998	877.1	0	
52.2251	-82.4074	163.645	0	
69.8883	-81.6735	163.984	0	
23.3796	-58.8183	194.179	0	
18.8888	-71.0234	246.942	0	
173.296	-42.4033	299.391	0	
182.152	-39.6398	312.936	0	
155.408	-71.1203	290.029	0	
162.208	-52.6865	281.924	0	
159.596	-58.2078	285.379	0	
168.723	-45.6863	288.66	0	
126.279	-73.5997	243.488	0	
146.913	-84.858	287.579	0	
-8.92922	-66.1952	434.996	0	
-3.74321	-73.3919	369.544	0	
164.716	-64.1784	296.003	0	
172.608	-55.7689	301.513	0	
167.807	-51.6885	293.058	0	
172.129	-62.7375	304.339	0	
-68.6895	-62.535	720.509	0	
-43.4883	-52.9062	617.107	0	
-59.0922	-71.7232	634.7	0	
-53.1504	-68.5328	622.743	0	
-55.2111	-51.4981	678.45	0	
-57.197	-57.7727	679.987	0	
-150.92	-45.8962	805.539	0	
-146.448	-60.2179	708.817	0	
-13.6178	-46.3455	517.12	0	
-6.97225	-58.1892	431.544	0	
-42.8799	-64.9658	585.316	0	
-22.1002	-53.2121	539.202	0	
-91.6566	-46.6519	947.436	0	
-106.916	-64.5701	844.392	0	
-79.7782	-70.8485	717.988	0	
-67.5803	-68.3717	686.409	0	
-119.375	-71.9562	732.407	0	
-100.723	-79.8673	690.12	0	
48.4229	-88.5569	193.948	0	
52.5967	-96.6098	202.107	0	
12.0036	-76.0558	277.497	0	
36.8823	-80.2961	182.331	0	
179.337	-67.3084	310.19	0	
185.863	-63.8814	315.602	0	
-61.9875	-86.4871	566.572	0	
-36.2657	-76.4016	544.817	0	
-15.5971	-82.1051	408.049	0	
-24.6437	-60.9708	555.929	0	
-102.133	-50.593	968.269	0	
-101.556	-58.9887	910.584	0	
-92.7335	-74.4713	732.323	0	
-78.9871	-85.9557	614.01	0	
-95.2317	-59.7475	883.37	0	
-107.492	-74.1937	729.616	0	
-53.0785	-61.5215	644.085	0	
-46.1581	-71.1705	597.65	0	
-43.2587	-78.0157	538.744	0	
-36.7793	-66.8486	585.965	0	
-144.155	-67.6583	689.406	0	
-151.109	-75.1565	587.107	0	
154.446	-84.9718	290.903	0	
157.211	-78.6677	295.085	0	
-1.6914	-88.6931	336.077	0	
14.3001	-83.9944	275.346	0	
-128.61	-74.714	687.578	0	
-127.725	-82.9086	627.96	0	
40.6462	-87.6138	200.957	0	
47.4096	-102.516	226.224	0	
24.4233	-85.8244	241.419	0	
30.5884	-95.3023	247.423	0	
164.373	-80.933	298.545	0	
191.705	-79.315	313.568	0	
-103.828	-91.5656	585.78	0	
-81.3116	-95.1484	535.202	0	
-31.7899	-109.603	413.708	0	
-47.5983	-83.8171	552.831	0	
141.168	-77.037	270.134	0	
125.438	-98.4146	265.946	0	
190.873	-91.2623	309.874	0	
182.102	-79.2155	309.59	0	
-130.005	-98.8181	509.583	0	
-120.343	-101.816	494.417	0	
49.0666	-115.749	263.546	0	
77.5305	-114.717	242.728	0	
194.018	-67.3563	317.922	0	
200.399	-61.6567	322.31	0	
92.693	-85.5061	208.448	0	
89.311	-77.2818	171.255	0	
109.268	-98.4448	250.27	0	
113.247	-80.4276	230.35	0	
-18.6472	-67.9439	466.1	0	
-21.8993	-76.0415	473.606	0	
-14.9917	-98.8393	378.5	0	
-5.55779	-96.5562	348.318	0	
-56.4395	-80.1622	575.81	0	
-57.7424	-99.8473	481.641	0	
132.17	-80.2271	267.538	0	
124.373	-91.8029	267.136	0	
171.239	-96.4134	302.627	0	
227.863	-74.2009	317.567	0	
-138.855	-104.733	453.026	0	
-137.671	-117.159	414.071	0	
-107.092	-113.098	447.2	0	
-95.1939	-97.9804	550.101	0	
208.992	-72.4468	319.721	0	
206.639	-47.657	328.868	0	
70.2221	-99.8667	209.039	0	
118.93	-122.011	277.742	0	
92.4253	-101.995	239.336	0	
139.253	-94.7866	282.014	0	
-30.656	-79.9197	459.215	0	
-44.6265	-92.718	468.285	0	
-68.0906	-104.804	486.863	0	
-85.4224	-116.962	436.004	0	
202.638	-84.0773	314.204	0	
204.238	-76.6827	314.967	0	
128.181	-108.991	275.696	0	
131.564	-114.908	282.819	0	
107.343	-91.1483	241.838	0	
118.675	-101.976	264.021	0	
120.903	-108.807	271.914	0	
131.836	-102.733	277.616	0	
115.595	-115.205	270.65	0	
127.622	-121.529	280.978	0	
138.262	-101.999	282.869	0	
131.762	-88.9087	266.141	0	
106.989	-113.496	261.327	0	
100.685	-120.907	265.961	0	
133.347	-130.475	285.381	0	
143.073	-108.142	287.937	0	
140.03	-114.793	286.721	0	
149.453	-107.31	291.998	0	
140.966	-131.01	289.494	0	
150.796	-100.306	290.955	0	
155.299	-114.993	294.259	0	
162.055	-104.211	297.894	0	
124.277	-139.816	283.737	0	
150.701	-139.365	294.548	0	
168.473	-102.718	301.519	0	
169.125	-85.9145	303.474	0	
175.068	-108.976	301.9	0	
178.656	-96.0333	305.667	0	
152.595	-122.981	294.007	0	
204.728	-118.266	305.393	0	
181.428	-104.848	304.274	0	
189.044	-107.246	305.658	0	
159.447	-92.9638	297.298	0	
166.964	-91.6411	301.514	0	
195.218	-86.0152	312.099	0	
176.697	-74.2962	309.397	0	
193.566	-117.422	302.471	0	
210.412	-105.387	305.065	0	
178.084	-85.205	308.589	0	
167.927	-75.3042	301.348	0	
208.499	-86.6221	311.41	0	
196.51	-74.511	316.569	0	
204.011	-96.4399	310.196	0	
216.462	-82.0408	315.918	0	
215.355	-75.26	316.082	0	
224.725	-86.3763	312.172	0	
231.57	-82.2496	316.008	0	
223.163	-99.9045	310.332	0	
218.696	-64.4879	320.402	0	
207.645	-64.5755	320.235	0	
231.479	-66.5688	319.421	0	
225.507	-53.5083	323.111	0	
219.411	-50.254	327.544	0	
214.347	-36.5793	332.982	0	
213.115	-52.8803	324.538	0	
232.633	-48.5208	327.745	0	
220.724	-43.3282	328.366	0	
-19.5634	-91.8771	410.686	0	
-29.0667	-90.7759	440.175	0	
-41.1765	-113.414	403.071	0	
-35.1612	-97.1389	434.087	0	
102.89	-103.567	250.459	0	
88.0904	-110.657	248.453	0	
98.4013	-141.577	273.412	0	
158.14	-153.82	292.494	0	
161.393	-112.97	298.295	0	
188.527	-126.879	301.682	0	
176.088	-146.553	296.589	0	
170.94	-116.689	300.586	0	
157.816	-133.293	293.703	0	
169.513	-135.666	298.571	0	
-161.174	-73.7965	548.808	0	
-159.488	-95.3012	440.98	0	
37.9936	-137.406	286.109	0	
79.8432	-146.384	269.004	0	
17.5345	-125.646	290.775	0	
24.9026	-104.543	265.375	0	
-148.139	-95.9284	477.819	0	
-164.044	-105.532	403.629	0	
-151.088	-140.352	358.717	0	
-120.505	-148.36	378.47	0	
-104.834	-127.469	411.386	0	
-70.5746	-116.307	424.563	0	
-21.1237	-110.202	362.705	0	
3.08871	-104.814	311.513	0	
68.7574	-110.547	243.648	0	
86.4271	-127.593	260.047	0	
-165.843	-64.098	550.35	0	
-190.789	-75.8539	399.773	0	
-117.09	-132.346	408.534	0	
-91.3636	-130.712	411.177	0	
-66.8604	-144.768	388.151	0	
57.6664	-121.093	250.103	0	
65.1823	-130.452	265.304	0	
89.0893	-136.639	272.215	0	
104.173	-133.798	275.333	0	
65.6912	-142.56	270.703	0	
-192.594	-87.8558	381.16	0	
-176.059	-81.879	434.632	0	
50.8241	-147.149	271.5	0	
-205.843	-92.2408	354.117	0	
-181.779	-124.377	346.278	0	
187.545	-146.854	301.265	0	
206.202	-154.776	300.422	0	
175.924	-125.842	298.712	0	
22.7842	-148.553	296.219	0	
39.5253	-123.579	266.432	0	
-177.671	-101.909	381.882	0	
-186.099	-113.197	350.465	0	
193.573	-137.004	300.167	0	
-5.22185	-149.507	324.862	0	
-190.635	-138.719	334.376	0	
-178.997	-149.964	340.767	0	
206.7	-141.878	302.024	0	
24.2783	-137.082	287.465	0	
-207.863	-141.292	333.88	0	
-140.564	-152.897	350.006	0	
124.573	-155.234	286.444	0	
-217.192	-120.266	333.013	0	
-14.421	-135.516	331.191	0	
10.461	-154.212	300.742	0	
